MES;DIA_SEMANA;HORA;COD_PROVINCIA;COD_MUNICIPIO;ISLA;ZONA;ZONA_AGRUPADA;CARRETERA;KM;TIPO_VIA;TIPO_ACCIDENTE;NUDO;NUDO_INFO;CARRETERA_CRUCE;CONDICION_FIRME;CONDICION_ILUMINACION;CONDICION_METEO;CONDICION_NIEBLA;CONDICION_VIENTO;VISIB_RESTRINGIDA_POR;TRAZADO_PLANTA
9;1;7;1;1059;;3;2;No inventariada;0;14;2;2;;;1;4;1;;;1;998
12;7;22;1;1059;;3;2;No inventariada;0;14;2;2;3;;9;1;7;;;18;998
9;1;14;1;1059;;3;2;No inventariada;0;12;2;2;;;1;1;2;;;1;998
9;2;17;1;1059;;3;2;No inventariada;0;9;20;2;;;1;1;2;;;1;998
9;3;11;1;1059;;3;2;No inventariada;0;14;4;2;;;1;1;2;;;1;998
9;3;16;1;1059;;3;2;No inventariada;0;9;2;2;;;9;1;2;;;2;998
9;4;8;1;1059;;3;2;No inventariada;0;14;4;2;;;1;1;1;;;1;998
9;4;17;1;1059;;3;2;No inventariada;0;9;7;2;;;1;1;1;;;1;998
9;4;14;1;1059;;3;2;No inventariada;0;12;2;2;;;1;1;2;;;1;998
9;4;5;1;1059;;3;2;No inventariada;0;14;2;2;;;1;4;2;;;12;998
9;4;10;1;1059;;3;2;No inventariada;0;14;7;2;;;1;1;1;;;9;998
9;5;14;1;1059;;3;2;No inventariada;0;14;2;2;;;1;1;2;;;1;998
9;5;7;1;1059;;3;2;No inventariada;0;14;12;2;;;1;4;1;;;1;998
9;5;12;1;1059;;3;2;No inventariada;0;14;2;1;4;;1;1;2;;;1;998
9;5;15;1;1059;;3;2;No inventariada;0;9;10;2;;;1;1;2;;;1;998
9;6;22;1;1059;;3;2;No inventariada;0;14;4;2;;;1;4;2;;;1;998
9;6;17;1;1059;;3;2;No inventariada;0;9;10;2;;;1;1;2;;;1;998
9;6;19;1;1059;;3;2;No inventariada;0;12;2;2;;;1;4;2;;;1;998
9;6;19;1;1059;;3;2;No inventariada;0;9;10;2;;;3;4;3;;;5;998
9;2;12;1;1059;;3;2;No inventariada;0;14;10;2;;;1;1;1;;;1;998
9;5;11;1;1059;;3;2;No inventariada;0;14;7;2;;;3;1;3;;;5;998
10;2;20;1;1059;;3;2;No inventariada;0;14;2;1;4;;1;4;1;;;1;998
10;4;9;1;1059;;3;2;No inventariada;0;12;10;2;;;3;1;2;;;1;998
11;6;12;1;1059;;3;2;No inventariada;0;9;10;2;;;3;1;2;;;1;998
11;2;8;1;1059;;3;2;No inventariada;0;9;7;2;;;3;4;3;;;2;998
11;3;4;1;1059;;3;2;No inventariada;0;14;10;2;;;1;1;2;;;1;998
12;1;20;1;1059;;3;2;No inventariada;0;14;2;2;;;1;4;2;;;1;998
12;7;18;1;1059;;3;2;No inventariada;0;14;7;2;;;1;4;2;;;1;998
12;2;8;1;1059;;3;2;No inventariada;0;14;2;2;;;1;1;2;;;1;998
12;1;11;1;1059;;3;2;No inventariada;0;14;7;2;;;3;1;2;;;1;998
9;6;10;1;1059;;3;2;No inventariada;0;12;10;2;;;2;1;2;;;1;998
9;1;18;1;1059;;3;2;No inventariada;0;9;7;2;;;3;1;2;;;12;998
12;7;21;1;1059;;3;2;No inventariada;0;9;11;2;;;9;1;7;;;18;998
9;1;19;1;1059;;3;2;No inventariada;0;14;2;2;;;1;4;1;;;1;998
12;1;14;1;1059;;3;2;No inventariada;0;14;7;2;;;1;1;1;;;6;998
9;2;14;1;1059;;3;2;No inventariada;0;9;10;2;;;1;1;1;;;1;998
9;2;15;1;1059;;3;2;No inventariada;0;12;2;2;;;1;1;1;;;1;998
9;2;14;1;1059;;3;2;No inventariada;0;14;4;2;;;1;1;1;;;1;998
9;3;11;1;1059;;3;2;No inventariada;0;14;2;1;4;;1;1;1;;;1;998
9;4;14;1;1059;;3;2;No inventariada;0;14;10;2;;;1;1;1;;;1;998
9;6;9;1;1059;;3;2;No inventariada;0;14;2;1;4;;1;1;1;;;1;998
9;6;12;1;1059;;3;2;No inventariada;0;14;4;2;;;1;1;1;;;1;998
9;7;8;1;1059;;3;2;No inventariada;0;9;10;2;;;3;4;2;;;1;998
10;2;11;1;1059;;3;2;No inventariada;0;14;10;2;;;1;1;1;;;1;998
10;2;9;1;1059;;3;2;No inventariada;0;14;4;2;;;1;1;2;;;1;998
9;7;10;1;1059;;3;2;No inventariada;0;14;16;2;4;;1;1;1;;;1;998
10;2;22;1;1059;;3;2;No inventariada;0;14;4;2;4;;1;4;2;;;1;998
10;2;14;1;1059;;3;2;No inventariada;0;12;7;2;;;1;1;1;;;1;998
10;4;13;1;1059;;3;2;No inventariada;0;14;10;2;4;;3;1;3;;;5;998
10;4;7;1;1059;;3;2;No inventariada;0;14;4;2;;;1;4;2;;;1;998
10;6;18;1;1059;;3;2;No inventariada;0;12;7;2;;;1;1;1;;;1;998
10;6;10;1;1059;;3;2;No inventariada;0;12;7;2;;;1;1;1;;;1;998
10;1;10;1;1059;;3;2;No inventariada;0;14;16;2;;;3;1;2;;;2;998
10;1;12;1;1059;;3;2;No inventariada;0;14;2;2;4;;3;1;4;;;5;998
10;3;15;1;1059;;3;2;No inventariada;0;14;4;2;;;3;1;2;;;1;998
10;7;20;1;1059;;3;2;No inventariada;0;14;15;2;;;1;4;2;;;1;998
10;1;7;1;1059;;3;2;No inventariada;0;14;16;1;1;;1;4;2;;;2;998
10;4;17;1;1059;;3;2;No inventariada;0;14;10;2;;;3;1;4;;;5;998
10;1;12;1;1059;;3;2;No inventariada;0;14;1;2;;;3;1;3;;;1;998
12;1;12;1;1059;;3;2;No inventariada;0;14;3;2;3;;9;1;7;;;18;998
12;2;13;1;1059;;3;2;No inventariada;0;14;7;2;2;;1;1;1;;;1;998
10;2;18;1;1059;;3;2;No inventariada;0;14;7;2;;;1;1;1;;;1;998
10;2;14;1;1059;;3;2;No inventariada;0;9;10;2;;;1;1;1;;;1;998
10;3;14;1;1059;;3;2;No inventariada;0;14;2;2;;;1;1;1;;;1;998
12;4;2;1;1059;;3;2;No inventariada;0;14;11;2;;;1;5;1;;;1;998
10;4;15;1;1059;;3;2;No inventariada;0;14;16;2;;;3;1;3;;;5;998
10;4;10;1;1059;;3;2;No inventariada;0;12;2;2;;;1;1;2;;;1;998
12;4;7;1;1059;;3;2;No inventariada;0;9;7;2;;;9;1;1;;;1;998
10;4;13;1;1059;;3;2;No inventariada;0;14;2;1;2;;1;1;1;;;1;998
10;5;19;1;1059;;3;2;No inventariada;0;9;10;2;;;1;4;1;;;1;998
10;5;20;1;1059;;3;2;No inventariada;0;14;2;2;;;1;4;2;;;1;998
10;6;20;1;1059;;3;2;No inventariada;0;14;2;1;1;;1;4;2;;;1;998
10;7;8;1;1059;;3;2;No inventariada;0;9;10;2;;;1;4;2;;;1;998
10;7;19;1;1059;;3;2;No inventariada;0;9;7;2;1;;3;4;4;;;5;998
10;1;23;1;1059;;3;2;No inventariada;0;9;10;2;;;9;4;2;;;1;998
10;1;4;1;1059;;3;2;No inventariada;0;14;10;2;;;1;4;2;;;1;998
12;4;21;1;1059;;3;2;No inventariada;0;14;2;1;999;;1;4;1;;;1;998
11;1;17;1;1059;;3;2;No inventariada;0;14;3;1;4;;1;1;2;;;1;998
11;3;15;1;1059;;3;2;No inventariada;0;14;10;2;;;1;1;2;;;1;998
12;5;15;1;1059;;3;2;No inventariada;0;14;10;2;;;9;1;7;;;18;998
12;5;7;1;1059;;3;2;No inventariada;0;9;2;2;;;9;3;1;;;1;998
11;1;14;1;1059;;3;2;No inventariada;0;14;4;2;;;1;1;2;;;1;998
11;7;23;1;1059;;3;2;No inventariada;0;14;4;2;;;1;4;2;;;1;998
11;1;15;1;1059;;3;2;No inventariada;0;14;4;2;;;1;1;1;;;1;998
11;2;17;1;1059;;3;2;No inventariada;0;14;2;1;2;;1;1;2;;;2;998
12;5;16;1;1059;;3;2;No inventariada;0;14;7;1;2;;1;1;1;;;1;998
12;5;18;1;1059;;3;2;No inventariada;0;9;2;2;;;9;1;1;;;1;998
12;2;7;1;1059;;3;2;No inventariada;0;14;2;1;4;;1;4;2;;;1;998
12;7;16;1;1059;;3;2;No inventariada;0;14;2;1;4;;3;1;4;;;5;998
12;4;20;1;0;;1;1;A-2602;57;6;2;2;;;1;6;2;;;1;2
12;5;15;1;0;;1;1;A-124;73;6;5;2;;;3;1;3;;;1;4
11;3;8;1;1059;;3;2;No inventariada;0;14;2;1;4;;1;4;2;;;1;998
10;2;5;1;1059;;3;2;No inventariada;0;12;2;2;;;1;4;2;;;12;998
10;2;15;1;1059;;3;2;No inventariada;0;14;2;2;;;1;1;2;;;1;998
10;3;7;1;1059;;3;2;No inventariada;0;14;2;1;4;;1;4;2;;;1;998
10;3;12;1;1059;;3;2;No inventariada;0;14;11;2;;;1;1;7;;1;1;998
10;3;14;1;1059;;3;2;No inventariada;0;14;4;2;;;1;1;7;;1;1;998
10;4;16;1;1059;;3;2;No inventariada;0;14;2;2;;;1;1;2;;;2;998
10;5;10;1;1059;;3;2;No inventariada;0;14;7;2;;;1;1;1;;;1;998
10;5;17;1;1059;;3;2;No inventariada;0;14;7;2;;;1;1;2;;;1;998
10;5;16;1;1059;;3;2;No inventariada;0;12;2;1;2;;1;1;2;;;1;998
10;6;19;1;1059;;3;2;No inventariada;0;9;10;2;;;1;4;2;;;1;998
10;6;20;1;1059;;3;2;No inventariada;0;14;10;2;;;1;1;2;;;1;998
12;7;18;1;1059;;3;2;No inventariada;0;14;7;2;;;3;4;4;;;5;998
10;2;15;1;1059;;3;2;No inventariada;0;14;2;1;1;;1;1;2;;;1;998
10;4;21;1;1059;;3;2;No inventariada;0;14;12;2;;;3;4;4;;;5;998
10;4;8;1;1059;;3;2;No inventariada;0;14;7;2;;;3;4;3;;;5;998
10;5;15;1;1059;;3;2;No inventariada;0;14;4;2;;;1;1;2;;;1;998
10;1;16;1;1059;;3;2;No inventariada;0;9;2;1;2;;3;1;2;;;2;998
10;1;12;1;1059;;3;2;No inventariada;0;12;10;2;;;1;1;2;;;1;998
12;2;10;1;1059;;3;2;No inventariada;0;9;10;1;4;;3;1;1;;;1;998
10;4;5;1;1059;;3;2;No inventariada;0;14;2;1;4;;1;4;2;;;1;998
12;2;12;1;1059;;3;2;No inventariada;0;14;7;2;;;3;1;3;;;1;998
10;4;13;1;1059;;3;2;No inventariada;0;9;10;2;;;1;1;1;;;1;998
10;5;8;1;1059;;3;2;No inventariada;0;9;10;2;;;3;4;2;;;1;998
10;5;8;1;1059;;3;2;No inventariada;0;14;7;2;;;3;4;4;;;5;998
10;6;16;1;1059;;3;2;No inventariada;0;14;10;2;;;1;1;2;;;1;998
10;6;21;1;1059;;3;2;No inventariada;0;14;4;2;;;3;4;3;;;5;998
10;1;16;1;1059;;3;2;No inventariada;0;14;2;2;;;1;1;1;;;1;998
12;3;16;1;1059;;3;2;No inventariada;0;9;2;1;4;;9;2;1;;;18;998
10;2;7;1;1059;;3;2;No inventariada;0;14;2;1;4;;3;1;7;1;;5;998
10;3;7;1;1059;;3;2;N-622;0;14;4;2;;;3;1;3;;;5;998
11;5;22;1;1059;;3;2;No inventariada;0;14;3;2;;;1;4;2;;;1;998
11;6;21;1;1059;;3;2;No inventariada;0;14;16;2;;;1;4;2;;;1;998
11;1;5;1;1059;;3;2;No inventariada;0;14;2;1;4;;1;4;2;;;1;998
12;3;20;1;1059;;3;2;No inventariada;0;14;2;1;1;;1;4;1;;;1;998
11;1;19;1;1059;;3;2;No inventariada;0;11;2;2;;;1;4;1;;;9;998
11;1;21;1;1059;;3;2;No inventariada;0;14;2;2;2;;1;4;2;;;1;998
11;2;10;1;1059;;3;2;No inventariada;0;14;12;2;;;1;1;1;;;1;998
11;2;17;1;1059;;3;2;No inventariada;0;14;4;2;;;1;1;1;;;6;998
11;3;10;1;1059;;3;2;No inventariada;0;14;10;2;;;3;1;1;;;1;998
11;5;15;1;1059;;3;2;No inventariada;0;14;10;2;;;1;1;2;;;1;998
11;5;19;1;1059;;3;2;No inventariada;0;14;2;1;2;;1;4;2;;;1;998
11;1;14;1;1059;;3;2;No inventariada;0;9;4;2;;;1;1;2;;;1;998
11;1;10;1;1059;;3;2;No inventariada;0;14;4;2;;;1;1;1;;;1;998
11;5;19;1;1059;;3;2;No inventariada;0;14;10;2;;;1;4;2;;;1;998
11;6;12;1;1059;;3;2;No inventariada;0;9;10;2;;;1;1;1;;;1;998
11;6;19;1;1059;;3;2;No inventariada;0;14;7;2;;;1;4;2;;;9;998
11;1;21;1;1059;;3;2;No inventariada;0;9;10;2;;;1;4;2;;;1;998
11;7;5;1;1059;;3;2;No inventariada;0;14;2;1;4;;1;4;2;;;1;998
11;7;20;1;1059;;3;2;No inventariada;0;14;2;2;4;;3;4;3;;;1;998
12;6;8;1;1059;;3;2;No inventariada;0;12;1;2;;;1;1;1;;;1;998
11;7;0;1;1059;;3;2;No inventariada;0;14;4;2;;;1;4;2;;;1;998
11;2;11;1;1059;;3;2;No inventariada;0;14;19;2;;;1;1;2;;;1;998
11;3;7;1;1059;;3;2;No inventariada;0;14;2;2;;;1;4;2;;;9;998
11;3;20;1;1059;;3;2;No inventariada;0;9;10;2;;;1;1;2;;;1;998
11;2;5;1;1059;;3;2;No inventariada;0;12;10;2;;;1;4;2;;;1;998
11;2;10;1;1059;;3;2;No inventariada;0;9;2;2;;;1;1;1;;;1;998
11;4;14;1;1059;;3;2;No inventariada;0;9;7;2;;;1;1;1;;;2;998
11;4;13;1;1059;;3;2;No inventariada;0;14;8;2;;;1;1;1;;;1;998
11;4;18;1;1059;;3;2;No inventariada;0;14;7;2;;;1;4;1;;;1;998
11;7;19;1;1059;;3;2;No inventariada;0;14;10;2;;;1;4;7;;1;1;998
11;6;14;1;1059;;3;2;No inventariada;0;14;10;2;;;1;1;1;;;1;998
11;3;19;1;1059;;3;2;No inventariada;0;12;7;2;;;1;4;1;;;1;998
11;4;14;1;1059;;3;2;No inventariada;0;14;19;1;4;;1;1;1;;;1;998
11;6;10;1;1059;;3;2;No inventariada;0;14;7;2;;;1;1;1;;;6;998
12;2;10;1;1059;;3;2;No inventariada;0;9;10;2;;;3;1;3;;;1;998
11;3;13;1;1059;;3;2;No inventariada;0;14;4;2;;;1;1;1;;;1;998
11;5;5;1;1059;;3;2;No inventariada;0;14;3;1;4;;1;4;2;;;1;998
11;5;18;1;1059;;3;2;No inventariada;0;14;4;2;;;1;4;2;;;1;998
11;6;11;1;1059;;3;2;No inventariada;0;14;3;2;;;1;1;2;;;1;998
11;4;13;1;1059;;3;2;No inventariada;0;14;3;2;;;1;1;2;;;1;998
11;5;4;1;1059;;3;2;No inventariada;0;14;2;2;;;1;4;2;;;1;998
11;5;9;1;1059;;3;2;No inventariada;0;14;12;2;;;1;1;2;;;1;998
11;6;7;1;1059;;3;2;No inventariada;0;12;10;2;;;9;4;2;;;1;998
11;2;7;1;1059;;3;2;No inventariada;0;12;2;2;;;1;4;2;;;16;998
11;2;14;1;1059;;3;2;No inventariada;0;14;3;2;;;1;1;2;;;1;998
11;4;8;1;1059;;3;2;No inventariada;0;14;4;2;;;1;1;2;;;1;998
11;5;14;1;1059;;3;2;No inventariada;0;14;4;2;;;1;1;1;;;1;998
11;6;6;1;1059;;3;2;No inventariada;0;14;1;2;;;1;4;7;1;;5;998
12;1;9;1;1059;;3;2;No inventariada;0;14;3;2;;;1;1;2;;;4;998
12;2;18;1;1059;;3;2;No inventariada;0;14;10;2;;;1;4;2;;;1;998
12;4;22;1;1059;;3;2;No inventariada;0;12;10;2;;;1;4;2;;;1;998
12;2;14;1;1059;;3;2;No inventariada;0;14;10;2;;;1;1;1;;;1;998
12;3;16;1;1059;;3;2;No inventariada;0;14;4;2;;;1;1;1;;;1;998
12;4;7;1;1059;;3;2;No inventariada;0;14;2;2;;;1;4;1;;;1;998
12;4;19;1;1059;;3;2;No inventariada;0;14;16;2;;;3;4;4;;;5;998
12;5;14;1;1059;;3;2;No inventariada;0;14;2;2;;;1;1;1;;;1;998
12;6;11;1;1059;;3;2;No inventariada;0;14;2;1;4;;3;1;2;;;1;998
12;1;17;1;1059;;3;2;No inventariada;0;14;4;2;;;3;1;3;;;5;998
12;2;7;1;1059;;3;2;No inventariada;0;14;2;1;4;;3;4;3;;;5;998
12;2;11;1;1059;;3;2;No inventariada;0;14;4;2;;;3;1;3;;;5;998
12;4;11;1;1059;;3;2;No inventariada;0;14;4;2;;;1;1;1;;;1;998
12;5;18;1;1059;;3;2;No inventariada;0;14;10;2;4;;1;1;1;;;1;998
12;4;13;1;1059;;3;2;No inventariada;0;14;16;2;;;1;1;1;;;1;998
12;6;21;1;1059;;3;2;No inventariada;0;9;2;2;;;1;4;2;;;3;998
12;2;13;1;0;;3;2;No inventariada;0;9;10;1;2;;1;1;1;;;1;998
12;6;18;1;0;;1;1;N-622;11;14;18;2;;;1;6;1;;;1;1
1;3;16;1;1059;;1;1;A-132;7;14;4;1;2;;1;1;1;;;1;1
7;5;13;2;0;;2;2;CM-3218;38,43;6;1;1;2;;1;1;1;;;1;1
7;3;0;2;0;;1;1;CM-3218;39,137;6;16;2;;;1;6;1;;;1;2
1;1;0;2;2003;;1;1;N-322;358,541;8;12;2;;;1;6;1;;;1;2
1;2;9;2;2003;;3;2;No inventariada;;9;7;1;1;;1;1;1;;;6;998
1;4;22;2;2003;;3;2;No inventariada;;9;7;1;4;;3;4;3;;;17;998
1;4;14;2;2003;;3;2;No inventariada;;9;3;2;;;1;1;1;;;1;998
1;1;21;2;2003;;3;2;No inventariada;;9;2;1;2;;1;4;1;;;1;998
1;2;21;2;2003;;3;2;No inventariada;;9;3;1;1;;1;3;1;;;1;998
1;5;22;2;2003;;3;2;No inventariada;;9;2;1;2;;1;4;1;;;1;998
1;4;7;2;2003;;3;2;No inventariada;;9;4;1;5;;3;3;2;1;;1;998
1;7;21;2;2003;;3;2;No inventariada;;9;3;1;2;;1;4;1;;;1;998
1;1;16;2;2003;;3;2;No inventariada;;9;2;1;1;;1;1;1;;;1;998
1;1;16;2;2003;;3;2;No inventariada;;9;7;2;;;1;2;1;;;1;998
1;7;18;2;2003;;3;2;No inventariada;;9;2;1;1;;1;3;1;;;1;998
1;6;14;2;2003;;3;2;No inventariada;;9;5;2;;;1;1;1;;;1;998
1;3;9;2;2003;;3;2;No inventariada;;9;10;1;2;;3;1;3;;;1;998
1;3;12;2;2003;;1;1;N-322;345,5;6;4;2;;;3;1;2;;;1;1
1;1;23;2;2003;;3;2;No inventariada;;9;2;1;4;;1;4;1;;;1;998
1;7;23;2;2003;;3;2;No inventariada;;9;2;1;4;;1;4;1;;;1;998
1;5;14;2;2003;;3;2;No inventariada;;9;2;2;;;1;1;1;;;1;998
1;6;15;2;2003;;3;2;No inventariada;;9;4;2;;;1;1;1;;;1;998
1;1;6;2;2003;;3;2;No inventariada;;9;1;1;2;;3;3;3;;;1;998
1;1;8;2;2003;;3;2;No inventariada;;9;7;2;;;3;1;1;;;1;998
1;1;18;2;2003;;3;2;No inventariada;;9;7;2;;;3;3;2;;;9;998
1;1;23;2;2003;;3;2;No inventariada;;9;10;1;4;;3;4;2;;;1;998
1;1;6;2;2003;;3;2;No inventariada;;9;3;2;;;1;2;3;;;1;998
1;6;13;2;2003;;1;1;AB-400;4,497;6;16;2;;;3;1;2;;;1;1
1;5;15;2;2003;;3;2;No inventariada;;9;20;2;;;9;1;7;;;18;998
1;4;18;2;2003;;3;2;No inventariada;;9;7;1;1;;3;3;2;;;1;998
1;7;16;2;2003;;3;2;No inventariada;;9;2;1;1;;1;1;1;;;1;998
1;4;21;2;2003;;3;2;No inventariada;;9;10;1;1;;3;4;2;;;1;998
1;2;20;2;2003;;3;2;No inventariada;;9;3;1;4;;1;4;2;;;1;998
1;6;13;2;2003;;3;2;No inventariada;;9;1;1;2;;1;1;1;;;1;998
1;4;7;2;2003;;3;2;No inventariada;;9;3;1;1;;1;4;1;;;1;998
1;7;2;2;2003;;3;2;No inventariada;;9;10;1;2;;1;4;1;;;1;998
1;1;10;2;2003;;3;2;No inventariada;;9;3;2;;;1;1;2;;;1;998
1;2;11;2;2003;;3;2;No inventariada;;9;7;2;;;1;1;1;;;1;998
1;4;9;2;2003;;3;2;No inventariada;;9;10;2;;;3;1;2;;;1;998
1;2;10;2;2003;;3;2;No inventariada;;9;4;1;4;;1;1;1;;;1;998
1;1;20;2;2003;;3;2;No inventariada;;9;7;1;2;;1;4;1;;;1;998
1;4;14;2;2003;;3;2;No inventariada;;9;5;1;2;;1;1;1;;;1;998
2;6;10;2;2003;;3;2;No inventariada;;9;2;1;1;;1;1;1;;;1;998
1;4;2;2;2003;;3;2;No inventariada;;9;4;1;1;;1;3;1;;;1;998
1;2;13;2;2003;;3;2;No inventariada;;9;7;1;2;;1;1;1;;;1;998
2;2;17;2;2003;;1;1;A-30;2,5;3;4;2;;;1;1;1;;;1;1
1;1;16;2;2003;;3;2;No inventariada;;9;2;1;1;;1;1;1;;;1;998
2;3;19;2;2003;;1;1;AB-518;6,622;6;18;2;;;1;6;1;;;1;1
2;1;19;2;2003;;3;2;No inventariada;;9;7;1;1;;1;4;1;;;1;998
2;3;8;2;2003;;3;2;No inventariada;;9;2;1;1;;1;1;1;;;1;998
2;5;7;2;2003;;3;2;No inventariada;;9;7;2;;;1;1;1;;;1;998
2;4;13;2;2003;;3;2;No inventariada;;9;3;1;1;;1;1;1;;;1;998
2;1;16;2;2003;;3;2;No inventariada;;9;4;2;;;1;1;1;;;1;998
2;1;15;2;2003;;3;2;No inventariada;;9;2;1;1;;1;1;1;;;1;998
2;2;21;2;2003;;3;2;No inventariada;;9;2;1;1;;1;5;1;;;1;998
2;7;16;2;2003;;1;1;CV-70;1,3;10;18;2;;;2;1;1;;;1;3
2;6;0;2;2003;;3;2;No inventariada;;9;3;2;;;1;4;1;;;1;998
2;6;9;2;2003;;1;1;AB-500;1,4;6;4;2;;;1;6;1;;;1;1
2;5;20;2;2003;;3;2;No inventariada;;9;2;2;;;3;4;3;;;1;998
2;4;14;2;2003;;3;2;No inventariada;;9;10;1;4;;3;1;3;;;1;998
2;5;8;2;2003;;3;2;No inventariada;;9;7;2;;;1;1;2;;;1;998
2;6;9;2;2003;;3;2;No inventariada;;9;2;1;4;;1;1;1;;;1;998
2;2;11;2;2003;;3;2;No inventariada;;9;10;1;1;;1;1;1;;;1;998
2;7;22;2;2003;;3;2;No inventariada;;9;2;1;2;;3;4;2;;;1;998
2;3;9;2;2003;;3;2;No inventariada;;9;4;2;;;1;1;1;;;1;998
2;2;18;2;2003;;3;2;No inventariada;;9;2;1;4;;1;1;1;;;1;998
2;2;8;2;2003;;3;2;No inventariada;;9;4;2;;;1;1;1;;;1;998
2;3;12;2;2003;;3;2;No inventariada;;9;4;2;;;1;1;1;;;1;998
2;5;21;2;2003;;3;2;No inventariada;;9;2;1;1;;1;1;1;;;1;998
2;4;15;2;2003;;3;2;No inventariada;;9;3;1;4;;1;1;1;;;1;998
2;6;21;2;2003;;3;2;No inventariada;;9;2;2;;;1;4;1;;;1;998
2;2;15;2;2003;;3;2;No inventariada;;9;2;1;2;;1;1;1;;;9;998
2;2;15;2;2003;;3;2;No inventariada;;9;4;1;1;;3;1;3;;;4;998
2;2;15;2;2003;;3;2;No inventariada;;9;10;1;2;;3;1;2;;;1;998
2;2;15;2;2003;;3;2;No inventariada;;9;10;2;;;1;1;1;;;1;998
2;3;9;2;2003;;3;2;No inventariada;;9;2;1;1;;1;1;1;;;1;998
2;4;11;2;2003;;3;2;No inventariada;;9;2;1;1;;1;1;1;;;1;998
2;4;14;2;2003;;3;2;No inventariada;;9;3;1;2;;1;1;1;;;1;998
3;6;19;2;2003;;1;1;AB-104;0,359;6;16;2;;;1;6;1;;;1;1
3;6;22;2;2003;;3;2;No inventariada;;9;7;2;;;3;4;6;;;5;998
2;7;23;2;2003;;3;2;No inventariada;;9;10;2;;;3;4;1;;;1;998
2;4;12;2;2003;;3;2;No inventariada;;9;2;1;1;;1;1;1;;;1;998
3;6;18;2;2003;;3;2;No inventariada;;9;10;1;1;;1;1;1;;;1;998
2;5;21;2;2003;;3;2;No inventariada;;9;2;1;2;;1;4;1;;;1;998
2;6;13;2;2003;;3;2;No inventariada;;9;5;2;;;1;1;1;;;1;998
2;5;17;2;2003;;3;2;No inventariada;;9;20;2;;;1;1;7;;;18;998
3;3;20;2;2003;;3;2;No inventariada;;9;3;2;;;1;4;7;;;1;998
3;4;12;2;2003;;3;2;No inventariada;;9;2;1;1;;1;1;1;;;1;998
3;4;20;2;2003;;3;2;No inventariada;;9;4;1;4;;3;4;3;;;1;998
3;4;21;2;2003;;3;2;No inventariada;;9;10;1;1;;3;4;3;;;1;998
3;4;8;2;2003;;3;2;No inventariada;;9;7;1;1;;1;1;2;;;1;998
3;1;7;2;2003;;3;2;No inventariada;;9;2;1;4;;1;1;1;;;1;998
3;4;22;2;2003;;3;2;No inventariada;;9;4;2;;;3;4;2;;;1;998
3;1;21;2;2003;;3;2;No inventariada;;9;10;2;;;1;4;1;;;1;998
3;3;6;2;2003;;3;2;No inventariada;;9;10;1;4;;3;3;1;;;1;998
2;3;13;2;2003;;3;2;No inventariada;;9;7;2;;;1;1;1;;;1;998
3;4;19;2;2003;;3;2;No inventariada;;9;4;2;;;1;4;1;;;1;998
3;6;22;2;2003;;3;2;No inventariada;;9;10;1;2;;1;4;1;;;1;998
3;2;11;2;2003;;3;2;No inventariada;;9;4;1;1;;1;1;1;;;1;998
3;5;8;2;2003;;3;2;No inventariada;;9;4;2;;;1;2;1;;;6;998
3;2;22;2;2003;;3;2;No inventariada;;9;7;2;;;1;4;1;;;1;998
3;1;10;2;2003;;3;2;No inventariada;;9;3;2;;;1;1;2;;;1;998
3;1;20;2;2003;;3;2;No inventariada;;9;3;1;1;;1;4;1;;;1;998
2;1;17;2;2003;;3;2;No inventariada;;9;2;1;2;;1;1;1;;;1;998
2;7;18;2;2003;;3;2;No inventariada;;9;7;1;4;;1;1;1;;;1;998
3;4;17;2;2003;;3;2;No inventariada;;9;10;2;;;8;1;1;;;1;998
2;2;15;2;2003;;3;2;No inventariada;;9;12;1;2;;2;1;1;;;1;998
3;3;22;2;2003;;3;2;No inventariada;;9;20;2;;;1;1;1;;;1;998
3;1;11;2;2003;;3;2;No inventariada;;9;2;2;;;3;1;3;;;1;998
3;5;19;2;2003;;3;2;No inventariada;;9;10;1;1;;1;1;1;;;1;998
3;1;6;2;2003;;3;2;No inventariada;;9;2;1;4;;3;3;3;;;1;998
3;5;12;2;2003;;3;2;No inventariada;;9;7;2;;;1;1;1;;;1;998
3;4;13;2;2003;;1;1;A-31;73,3;3;5;2;;;3;1;3;;;1;1
3;3;11;2;2003;;3;2;No inventariada;;9;4;2;;;1;1;1;;;1;998