MES;DIA_SEMANA;HORA;COD_PROVINCIA;COD_MUNICIPIO;ISLA;ZONA;ZONA_AGRUPADA;CARRETERA;KM;TIPO_VIA;TIPO_ACCIDENTE;NUDO;NUDO_INFO;CARRETERA_CRUCE;CONDICION_FIRME;CONDICION_ILUMINACION;CONDICION_METEO;CONDICION_NIEBLA;CONDICION_VIENTO;VISIB_RESTRINGIDA_POR;TRAZADO_PLANTA
3;1;1;2;2003;;3;2;No inventariada;;9;10;2;;;1;4;1;;;1;998
3;3;13;2;2003;;3;2;No inventariada;;9;2;1;1;;1;1;1;;;1;998
3;5;16;2;2003;;3;2;No inventariada;;9;2;2;;;1;1;1;;;1;998
3;6;23;2;2003;;3;2;No inventariada;;9;7;2;;;1;4;1;;;1;998
4;2;9;2;2003;;3;2;No inventariada;;9;4;1;2;;1;1;1;;;1;998
4;3;21;2;2003;;1;1;A-31;73,32;3;5;2;;;1;6;1;;;1;1
4;3;14;2;2003;;3;2;No inventariada;;9;7;1;2;;1;1;1;;;1;998
4;6;8;2;2003;;3;2;No inventariada;;9;2;1;3;;1;1;1;;;1;998
3;4;22;2;2003;;3;2;No inventariada;;9;16;2;;;1;4;1;;;1;998
3;1;15;2;2003;;3;2;No inventariada;;9;3;1;1;;3;1;2;;;1;998
3;2;13;2;2003;;3;2;No inventariada;;9;2;2;;;1;1;1;;;1;998
3;3;7;2;2003;;3;2;No inventariada;;9;2;1;4;;1;1;1;;;1;998
4;5;5;2;2003;;3;2;No inventariada;;9;2;1;1;;1;4;1;;;1;998
4;1;18;2;2003;;1;1;CM-332;0,5;6;2;1;10;;1;1;1;;;1;1
4;5;14;2;2003;;3;2;No inventariada;;9;3;2;;;1;1;1;;;1;998
4;4;18;2;2003;;3;2;No inventariada;;9;7;1;1;;1;1;1;;;1;998
4;3;10;2;2003;;3;2;No inventariada;;9;7;2;;;1;1;1;;;1;998
3;3;19;2;2003;;3;2;No inventariada;;9;10;2;;;1;6;1;;;18;998
4;1;19;2;2003;;3;2;No inventariada;;9;2;1;4;;1;1;1;;;1;998
4;6;8;2;2003;;1;1;A-31;76,05;3;16;2;;;1;1;1;;;1;1
4;6;12;2;2003;;1;1;A-31;65,088;3;7;2;;;1;1;1;;;1;1
4;4;19;2;2003;;3;2;No inventariada;;9;10;2;;;1;2;1;;;1;998
4;2;14;2;2003;;1;1;A-31;72,35;3;4;2;;;1;1;1;;;1;1
4;2;17;2;2003;;3;2;No inventariada;;9;7;2;;;1;1;1;;;1;998
4;1;11;2;2003;;3;2;No inventariada;;9;2;2;;;1;1;1;;;1;998
4;1;14;2;2003;;3;2;No inventariada;;9;3;1;1;;1;1;1;;;1;998
4;2;10;2;2003;;3;2;No inventariada;;9;10;2;;;1;1;1;;;1;998
4;4;5;2;2003;;3;2;No inventariada;;9;12;2;;;1;4;1;;;1;998
4;7;13;2;2003;;3;2;No inventariada;;9;10;2;;;1;1;1;;;1;998
4;4;20;2;2003;;3;2;No inventariada;;9;3;2;;;1;3;1;;;1;998
4;7;1;2;2003;;3;2;No inventariada;;9;10;2;;;1;4;7;;;18;998
4;2;11;2;2003;;3;2;No inventariada;;9;2;2;;;1;1;1;;;1;998
4;4;7;2;2003;;3;2;No inventariada;;9;3;1;2;;1;1;1;;;1;998
4;4;16;2;2003;;3;2;No inventariada;;9;4;2;;;1;1;1;;;1;998
4;6;22;2;2003;;3;2;No inventariada;;9;20;2;;;1;4;1;;;1;998
4;3;11;2;2003;;3;2;No inventariada;;9;2;2;;;1;1;1;;;1;998
4;4;11;2;2003;;3;2;No inventariada;;9;7;1;1;;1;1;1;;;1;998
4;4;14;2;2003;;3;2;No inventariada;;9;3;2;;;1;1;1;;;1;998
4;2;11;2;2003;;3;2;No inventariada;;9;2;1;1;;1;1;1;;;1;998
4;2;12;2;2003;;3;2;No inventariada;;9;7;2;;;1;1;1;;;1;998
4;5;21;2;2003;;3;2;No inventariada;;9;3;1;4;;1;4;1;;;9;998
4;2;18;2;2003;;3;2;No inventariada;;9;4;2;;;3;1;2;;;1;998
5;7;17;2;2003;;3;2;No inventariada;;9;20;2;;;1;1;1;;;1;998
5;5;12;2;2003;;3;2;No inventariada;;9;7;2;;;1;1;1;;;1;998
5;7;21;2;2003;;3;2;No inventariada;;9;10;2;;;1;4;1;;;1;998
5;3;23;2;2003;;3;2;No inventariada;;9;2;1;1;;3;4;1;;;1;998
5;2;18;2;2003;;3;2;No inventariada;;7;19;2;;;1;1;1;;;1;998
4;2;14;2;2003;;3;2;No inventariada;;9;3;1;4;;1;1;1;;;1;998
5;3;9;2;2003;;1;1;CM-3203;9,1;6;16;1;2;AB-501;1;1;1;;;12;1
5;5;22;2;2003;;1;1;A-31;73,77;8;8;1;10;N-322;1;6;1;;;4;2
5;3;18;2;2003;;3;2;No inventariada;;14;12;2;;;1;1;1;;;1;998
4;4;6;2;2003;;3;2;No inventariada;;9;4;2;;;1;4;1;;;1;998
5;4;18;2;2003;;3;2;No inventariada;;9;4;2;;;1;1;1;;;1;998
5;1;12;2;2003;;3;2;No inventariada;;9;7;1;2;;1;1;1;;;1;998
5;1;13;2;2003;;1;1;AB-400;6;6;18;2;;;1;1;1;;;1;2
5;6;13;2;2003;;3;2;No inventariada;;9;20;2;;;1;1;1;;;1;998
5;1;8;2;2003;;3;2;No inventariada;;9;7;2;;;1;1;1;;;1;998
5;1;19;2;2003;;3;2;No inventariada;;9;10;2;;;1;1;1;;;1;998
5;7;17;2;2003;;3;2;No inventariada;;9;2;1;2;;1;1;1;;;1;998
3;5;19;2;2003;;3;2;No inventariada;;9;7;2;;;1;4;1;;;9;998
5;5;16;2;2003;;3;2;No inventariada;;9;2;1;2;;1;1;1;;;1;998
4;5;12;2;2003;;3;2;No inventariada;;9;7;2;;;9;1;1;;;18;998
4;4;22;2;2003;;3;2;No inventariada;;9;6;1;1;;1;4;1;;;3;998
5;2;20;2;2003;;3;2;No inventariada;;9;3;2;;;1;1;1;;;1;998
5;1;20;2;2003;;3;2;No inventariada;;9;2;1;1;;1;1;1;;;1;998
5;2;19;2;2003;;3;2;No inventariada;;9;3;2;;;1;1;1;;;1;998
5;5;10;2;2003;;3;2;No inventariada;;9;2;1;1;;1;1;1;;;1;998
5;5;14;2;2003;;3;2;No inventariada;;9;4;2;;;1;1;1;;;1;998
5;2;15;2;2003;;3;2;No inventariada;;9;2;1;1;;1;1;1;;;1;998
5;1;21;2;2003;;3;2;No inventariada;;9;10;2;;;2;2;1;;;1;998
5;6;19;2;2003;;3;2;No inventariada;;9;7;2;;;1;1;1;;;1;998
5;2;19;2;2003;;3;2;No inventariada;;9;7;1;1;;1;1;1;;;6;998
5;4;18;2;2003;;1;1;A-31;70,117;3;12;2;;;1;1;1;;;1;2
5;3;16;2;2003;;3;2;No inventariada;;9;2;2;;;1;1;1;;;1;998
5;6;1;2;2003;;1;1;A-31;73,37;3;4;2;;;1;6;1;;;1;1
5;5;18;2;2003;;3;2;No inventariada;;9;7;1;1;;1;1;1;;;1;998
5;1;13;2;2003;;1;1;AB-500;1,5;6;18;2;;;1;1;1;;;1;1
5;2;10;2;2003;;3;2;No inventariada;;9;7;2;;;1;1;1;;;1;998
5;3;15;2;2003;;3;2;No inventariada;;9;4;2;;;1;1;1;;;1;998
5;4;11;2;2003;;1;1;CM-332;1,5;6;9;2;;;1;1;1;;;1;1
5;4;14;2;2003;;3;2;No inventariada;;9;4;1;1;;1;1;1;;;1;998
5;3;9;2;2003;;3;2;No inventariada;;9;7;1;2;;1;1;1;;;6;998
5;1;13;2;2003;;3;2;No inventariada;;9;3;1;4;;1;1;1;;;1;998
6;2;10;2;2003;;3;2;No inventariada;;9;2;2;;;1;1;1;;;1;998
6;4;12;2;2003;;1;1;A-31;76,256;8;4;1;4;CM-332;1;1;1;;;1;1
6;2;15;2;2003;;1;1;N-322;359,5;3;4;2;;;1;1;1;;;1;1
6;5;21;2;2003;;1;1;A-31;67,5;3;4;2;;;1;6;1;;;1;1
6;5;23;2;2003;;3;2;No inventariada;;9;2;1;1;;2;4;1;;;1;998
5;4;11;2;2003;;3;2;No inventariada;;9;3;2;;;1;1;1;;;1;998
6;2;11;2;2003;;3;2;No inventariada;;9;4;2;;;1;1;1;;;1;998
6;4;0;2;2003;;3;2;No inventariada;;9;14;2;;;1;6;1;;;1;998
6;4;8;2;2003;;3;2;No inventariada;;9;7;2;;;1;1;1;;;18;998
5;4;14;2;2003;;3;2;No inventariada;;9;7;2;;;1;1;1;;;1;998
5;1;22;2;2003;;3;2;No inventariada;;9;2;1;1;;1;3;1;;;12;998
6;4;17;2;2003;;3;2;No inventariada;;9;4;2;;;1;1;1;;;1;998
6;5;18;2;2003;;3;2;No inventariada;;9;10;2;;;7;1;1;;;1;998
6;3;12;2;2003;;3;2;No inventariada;;9;20;2;;;1;1;1;;;1;998
6;2;22;2;2003;;3;2;No inventariada;;9;2;1;1;;1;4;1;;;1;998
6;6;22;2;2003;;3;2;No inventariada;;9;2;1;1;;1;4;1;;;1;998
6;1;15;2;2003;;3;2;No inventariada;;9;7;2;;;1;1;1;;;1;998
6;7;21;2;2003;;3;2;No inventariada;;9;3;1;1;;1;1;1;;;1;998
6;5;8;2;2003;;3;2;No inventariada;;9;3;1;4;;1;1;1;;;1;998
6;2;9;2;2003;;3;2;No inventariada;;9;7;1;2;;3;1;3;;;9;998
6;2;20;2;2003;;1;1;A-30;11,3;3;16;2;;;1;3;1;;;1;1
6;2;14;2;2003;;3;2;No inventariada;;9;2;2;;;1;1;1;;;1;998
6;1;10;2;2003;;3;2;No inventariada;;9;5;2;;;1;1;1;;;1;998
6;1;7;2;2003;;3;2;No inventariada;;9;7;1;2;;1;1;1;;;1;998
6;2;17;2;2003;;3;2;No inventariada;;9;10;1;2;;1;1;1;;;1;998
6;5;11;2;2003;;3;2;No inventariada;;9;2;2;;;1;1;1;;;1;998
5;7;13;2;2003;;3;2;No inventariada;;9;6;1;1;;1;1;1;;;1;998
6;7;9;2;2003;;1;1;AB-518;12,7;6;18;2;;;1;1;1;;;1;1
6;7;16;2;2003;;1;1;A-32;218,24;3;12;2;;;1;1;1;;;1;2
6;1;9;2;2003;;1;1;CM-3218;8,8;6;14;2;;;1;1;1;;;1;3
6;1;7;2;2003;;2;2;AB-518;9,35;6;9;1;2;;1;2;1;;;1;1
6;6;20;2;2003;;3;2;No inventariada;;9;7;2;;;1;1;1;;;1;998
6;2;18;2;2003;;3;2;No inventariada;;9;3;1;1;;1;1;1;;;1;998
6;1;14;2;2003;;3;2;No inventariada;;9;1;1;2;;1;1;1;;;1;998
6;1;13;2;2003;;3;2;No inventariada;;9;10;2;;;8;1;1;;;1;998
6;1;13;2;2003;;3;2;No inventariada;;9;10;2;;;8;1;1;;;1;998
6;5;13;2;2003;;3;2;No inventariada;;9;10;2;;;1;1;1;;;1;998
6;3;20;2;2003;;3;2;No inventariada;;9;4;2;;;1;1;1;;;6;998
6;4;11;2;2003;;3;2;No inventariada;;9;2;1;1;;1;1;1;;;9;998
6;3;17;2;2003;;3;2;No inventariada;;9;3;2;;;1;1;1;;;1;998
6;4;16;2;2003;;1;1;N-430;498,6;6;18;2;;;1;1;1;;;1;1
6;4;19;2;2003;;1;1;A-31;76,35;3;3;1;10;CM-332;1;1;1;;;1;1
6;5;18;2;2003;;1;1;A-31;73,55;3;5;2;;;3;1;4;;;5;1
5;5;18;2;2003;;3;2;No inventariada;;9;10;2;;;1;1;1;;;1;998
6;2;12;2;2003;;3;2;No inventariada;;9;7;1;2;;9;1;1;;;18;998
6;4;9;2;2003;;3;2;No inventariada;;9;7;2;;;1;1;1;;;1;998
6;5;13;2;2003;;3;2;No inventariada;;9;2;1;1;;1;1;1;;;1;998
7;1;19;2;2003;;3;2;No inventariada;;9;7;2;;;1;1;1;;;6;998
6;7;20;2;2003;;3;2;No inventariada;;9;7;2;;;1;1;1;;;1;998
6;4;21;2;2003;;3;2;No inventariada;;9;7;2;;;1;1;1;;;1;998
7;2;20;2;2003;;1;1;A-31;75,36;3;3;2;;;1;1;1;;;1;1
7;3;13;2;2003;;3;2;No inventariada;;9;2;1;4;;1;1;1;;;1;998
6;2;12;2;2003;;3;2;No inventariada;;9;3;1;1;;1;1;1;;;1;998
7;1;7;2;2003;;1;1;A-32;217,75;3;12;2;;;1;1;1;;;6;1
6;6;23;2;2003;;3;2;No inventariada;;9;2;1;3;;1;4;1;;;1;998
6;5;22;2;2003;;3;2;No inventariada;;9;10;2;;;1;4;1;;;1;998
5;2;20;2;2003;;3;2;No inventariada;;9;7;1;2;;1;2;1;;;1;998
7;1;19;2;2003;;3;2;No inventariada;;9;2;2;;;1;1;1;;;1;998
7;1;7;2;2003;;3;2;No inventariada;;9;7;2;;;1;1;1;;;1;998
7;1;9;2;2003;;3;2;No inventariada;;9;2;2;;;1;1;1;;;1;998
7;2;15;2;2003;;3;2;No inventariada;;9;4;2;;;1;1;1;;;1;998
7;4;13;2;2003;;3;2;No inventariada;;9;2;2;;;1;1;1;;;1;998
6;7;22;2;2003;;3;2;No inventariada;;9;16;1;4;;1;4;1;;;1;998
7;1;10;2;2003;;3;2;No inventariada;;9;7;1;2;;1;1;1;;;1;998
7;3;11;2;2003;;1;1;AB-518;2,8;6;2;1;2;;1;1;1;;;1;1
7;4;14;2;2003;;3;2;No inventariada;;9;15;2;;;1;1;1;;;1;998
7;1;14;2;2003;;3;2;No inventariada;;9;2;1;1;;1;1;1;;;1;998
6;2;13;2;2003;;3;2;No inventariada;;9;10;2;;;1;1;1;;;1;998
7;6;14;2;2003;;3;2;No inventariada;;9;7;2;;;1;1;1;;;1;998
6;7;15;2;2003;;3;2;No inventariada;;9;10;2;;;1;1;1;;;1;998
7;5;22;2;2003;;3;2;No inventariada;;9;6;2;;;1;4;1;;;1;998
7;7;20;2;2003;;3;2;No inventariada;;9;7;1;1;;1;2;1;;;6;998
7;3;19;2;2003;;3;2;No inventariada;;9;2;1;1;;1;1;1;;;1;998
7;5;20;2;2003;;3;2;No inventariada;;9;7;2;;;1;1;1;;;1;998
7;2;14;2;2003;;3;2;No inventariada;;9;2;1;4;;1;1;1;;;1;998
7;6;11;2;2003;;3;2;No inventariada;;9;4;2;;;1;1;1;;;1;998
7;7;13;2;2003;;3;2;No inventariada;;9;19;2;;;1;1;1;;;1;998
7;1;12;2;2003;;3;2;No inventariada;;9;7;1;3;;9;1;1;;;18;998
7;1;9;2;2003;;1;1;N-322;360,8;8;18;2;;;1;1;1;;;1;2
7;2;8;2;2003;;1;1;CV-85;14,8;10;10;2;;;2;1;1;;;1;3
7;2;14;2;2003;;3;2;No inventariada;;9;3;1;4;;1;1;1;;;1;998
7;3;17;2;2003;;3;2;No inventariada;;9;2;2;;;1;1;1;;;1;998
7;7;14;2;2003;;1;1;N-322;363,485;6;9;2;;;1;1;1;;;1;1
7;6;16;2;2003;;3;2;No inventariada;;9;2;1;1;;1;1;1;;;1;998
7;1;10;2;2003;;1;1;CM-3203;1,615;5;12;2;;;1;1;1;;;1;3
7;2;16;2;2003;;3;2;No inventariada;;9;2;2;;;1;1;1;;;1;998
7;2;8;2;2003;;3;2;No inventariada;;9;2;1;1;;1;1;1;;;1;998
7;2;17;2;2003;;3;2;No inventariada;;9;2;1;3;;1;1;1;;;1;998
7;3;20;2;2003;;3;2;No inventariada;;9;2;1;1;;1;2;1;;;1;998
8;6;19;2;2003;;3;2;No inventariada;;9;3;2;;;1;1;1;;;1;998
8;5;13;2;2003;;3;2;No inventariada;;9;2;1;4;;1;1;1;;;1;998
8;1;14;2;2003;;3;2;No inventariada;;9;4;1;4;;1;1;1;;;1;998
8;1;16;2;2003;;3;2;No inventariada;;9;2;1;2;;1;1;1;;;1;998
6;6;16;2;2003;;3;2;No inventariada;;9;2;1;1;;1;1;1;;;1;998
8;1;13;2;2003;;3;2;No inventariada;;9;2;2;;;1;1;1;;;1;998
8;3;9;2;2003;;3;2;No inventariada;;9;6;2;;;1;1;1;;;1;998
8;2;15;2;2003;;3;2;No inventariada;;9;3;1;2;;1;1;1;;;1;998
8;5;8;2;2003;;3;2;No inventariada;;9;1;2;;;3;1;1;;;1;998
8;5;7;2;2003;;1;1;AB-400;12,955;6;19;2;;;1;2;1;;;1;1
8;4;10;2;2003;;3;2;No inventariada;;9;7;1;1;;1;1;1;;;1;998
8;5;11;2;2003;;3;2;No inventariada;;9;6;2;;;1;1;1;;;1;998
8;6;9;2;2003;;3;2;No inventariada;;9;2;1;1;;1;1;1;;;1;998
7;7;1;2;2003;;3;2;No inventariada;;9;10;1;1;;1;4;1;;;1;998
8;5;8;2;2003;;3;2;No inventariada;;9;2;1;4;;1;1;1;;;1;998
8;6;0;2;2003;;3;2;No inventariada;;9;2;1;4;;1;4;1;;;1;998
8;7;4;2;2003;;3;2;No inventariada;;9;3;2;;;1;4;1;;;1;998
8;4;21;2;2003;;3;2;No inventariada;;9;2;2;;;1;3;1;;;1;998
8;2;10;2;2003;;3;2;No inventariada;;9;2;1;1;;1;1;1;;;1;998
8;7;9;2;2003;;1;1;N-322;354,5;5;16;2;;;1;1;1;;;1;1
8;7;16;2;2003;;3;2;No inventariada;;9;2;1;1;;1;1;1;;;1;998
8;2;7;2;2003;;1;1;A-31;76,75;3;5;2;;;1;1;1;;;1;3
8;3;9;2;2003;;1;1;N-322;336,353;6;2;1;2;N-322;1;1;1;;;1;1
8;2;12;2;2003;;3;2;No inventariada;;9;7;1;2;;1;1;1;;;9;998
8;4;19;2;2003;;3;2;No inventariada;;9;4;2;;;1;1;1;;;1;998
8;5;20;2;2003;;3;2;No inventariada;;9;3;1;4;;1;1;1;;;1;998
8;7;10;2;2003;;1;1;A-31;69,524;3;16;2;;;1;1;1;;;1;3
8;7;12;2;2003;;1;1;A-31;75,4;3;5;2;;;1;1;1;;;1;1
8;1;19;2;2003;;3;2;No inventariada;;9;3;2;;;1;1;1;;;1;998
8;7;12;2;2003;;3;2;No inventariada;;9;10;1;12;;1;1;1;;;1;998
8;2;11;2;2003;;1;1;A-31;70;3;4;2;;;1;1;1;;;1;1
8;3;12;2;2003;;3;2;No inventariada;;9;4;2;;;1;1;1;;;1;998
8;4;21;2;2003;;3;2;No inventariada;;14;10;2;;;1;4;1;;;1;998
8;2;19;2;2003;;3;2;No inventariada;;9;2;1;1;;1;1;1;;;1;998
8;3;14;2;2003;;3;2;No inventariada;;9;2;2;;;1;1;1;;;1;998
9;2;21;2;2003;;3;2;No inventariada;;9;20;2;;;1;4;1;;;1;998
8;4;11;2;2003;;3;2;No inventariada;;9;20;1;4;;1;1;1;;;1;998
7;1;6;2;2003;;3;2;No inventariada;;9;7;1;2;;1;2;1;;;12;998
7;2;13;2;2003;;3;2;No inventariada;;9;2;1;2;;1;1;1;;;1;998
9;1;18;2;2003;;1;1;N-322;356,9;5;9;2;;;1;1;2;;;1;2
9;5;18;2;2003;;3;2;No inventariada;;9;7;2;;;1;1;1;;;1;998
9;2;12;2;2003;;3;2;No inventariada;;9;10;2;;;1;1;1;;;1;998
9;7;12;2;2003;;1;1;A-31;72,922;3;12;2;;;1;1;1;;;1;1
8;3;15;2;2003;;3;2;No inventariada;;9;2;2;;;1;1;1;;;1;998
9;3;14;2;2003;;3;2;No inventariada;;9;4;1;2;;1;1;1;;;1;998
8;5;9;2;2003;;3;2;No inventariada;;9;7;1;2;;1;1;1;;;1;998
9;3;10;2;2003;;3;2;No inventariada;;9;4;2;;;1;1;1;;;1;998
9;5;0;2;2003;;3;2;No inventariada;;9;6;2;;;1;4;1;;;1;998
9;3;9;2;2003;;3;2;No inventariada;;9;2;2;;;1;1;1;;;1;998
8;7;0;2;2003;;3;2;No inventariada;;9;7;2;;;1;4;1;;;1;998
9;4;18;2;2003;;3;2;No inventariada;;9;7;2;;;1;1;1;;;1;998
9;3;13;2;2003;;3;2;No inventariada;;9;4;2;;;1;1;1;;;9;998
8;1;23;2;2003;;3;2;No inventariada;;9;10;1;2;;1;4;1;;;1;998
9;5;18;2;2003;;3;2;No inventariada;;9;20;1;4;;1;1;1;;;1;998
9;2;14;2;2003;;3;2;No inventariada;;9;10;2;;;1;1;1;;;1;998
9;2;11;2;2003;;3;2;No inventariada;;9;1;1;2;;1;1;1;;;6;998
9;2;6;2;2003;;1;1;A-31;80,58;3;18;1;10;A-30;1;6;1;;;1;1
9;1;7;2;2003;;3;2;No inventariada;;9;3;1;4;;1;2;1;;;1;998
9;1;9;2;2003;;3;2;No inventariada;;9;10;1;1;;1;1;1;;;1;998
9;6;13;2;2003;;3;2;No inventariada;;9;2;1;1;;1;1;1;;;1;998
9;3;12;2;2003;;3;2;No inventariada;;9;4;2;;;1;1;1;;;1;998
10;2;8;2;2003;;1;1;CM-3210;6,8;6;18;2;;;1;2;1;;;1;1
9;6;19;2;2003;;3;2;No inventariada;;9;7;2;;;1;1;1;;;9;998
9;3;9;2;2003;;3;2;No inventariada;;9;4;2;;;1;1;1;;;1;998
9;1;19;2;2003;;3;2;No inventariada;;9;5;1;4;;1;1;1;;;1;998
10;3;18;2;2003;;3;2;No inventariada;;9;7;2;;;1;1;1;;;1;998
10;4;20;2;2003;;1;1;CM-3218;6,7;6;2;1;1;;1;6;1;;;1;1
10;3;14;2;2003;;3;2;No inventariada;;9;10;1;1;;1;2;1;;;1;998
9;1;11;2;2003;;3;2;No inventariada;;9;7;2;;;1;1;1;;;1;998
9;4;8;2;2003;;3;2;No inventariada;;9;7;2;;;1;1;1;;;6;998
10;2;19;2;2003;;3;2;No inventariada;;9;3;2;;;1;1;1;;;1;998
10;7;19;2;2003;;3;2;No inventariada;;9;3;1;1;;1;1;1;;;1;998
10;5;13;2;2003;;3;2;No inventariada;;9;7;1;1;;1;1;1;;;1;998
10;5;10;2;2003;;3;2;No inventariada;;9;2;2;;;1;1;1;;;1;998
9;3;16;2;2003;;3;2;No inventariada;;9;10;2;;;3;1;1;;;1;998
10;5;8;2;2003;;3;2;No inventariada;;9;20;2;;;1;1;1;;;1;998
10;7;20;2;2003;;1;1;A-30;1,85;3;4;2;;;1;6;1;;;1;1
9;4;18;2;2003;;3;2;No inventariada;;9;10;2;;;1;1;1;;;1;998
9;5;8;2;2003;;3;2;No inventariada;;9;2;1;1;;1;1;1;;;1;998
9;5;7;2;2003;;3;2;No inventariada;;9;7;1;1;;1;1;1;;;1;998
9;7;12;2;2003;;3;2;No inventariada;;9;4;2;;;1;1;1;;;1;998
10;6;13;2;2003;;3;2;No inventariada;;9;7;2;;;3;1;4;;;17;998
9;1;10;2;2003;;3;2;No inventariada;;9;7;2;;;1;1;1;;;1;998
9;7;23;2;2003;;3;2;No inventariada;;9;6;2;;;1;4;1;;;1;998
10;7;16;2;2003;;1;1;CM-3203;12,36;6;18;2;;;1;1;1;;;1;1
9;6;12;2;2003;;3;2;No inventariada;;9;10;2;;;1;1;1;;;1;998
10;2;7;2;2003;;3;2;No inventariada;;9;16;2;;;1;3;1;;;1;998
10;2;12;2;2003;;3;2;No inventariada;;9;10;2;;;1;1;1;;;1;998
9;5;1;2;2003;;3;2;No inventariada;;9;10;1;1;;3;4;3;;;1;998
10;6;22;2;2003;;3;2;No inventariada;;9;10;2;;;1;4;1;;;1;998
9;7;21;2;2003;;3;2;No inventariada;;9;2;1;1;;1;4;7;;;1;998
10;2;18;2;2003;;3;2;No inventariada;;9;10;1;3;;1;1;1;;;1;998
10;5;21;2;2003;;3;2;No inventariada;;9;7;1;1;;1;4;1;;;1;998
9;6;20;2;2003;;3;2;No inventariada;;9;2;1;1;;1;4;1;;;1;998
10;7;14;2;2003;;3;2;No inventariada;;9;2;2;;;1;1;1;;;1;998
9;6;5;2;2003;;3;2;No inventariada;;9;2;2;;;1;4;1;;;1;998
10;2;20;2;2003;;3;2;No inventariada;;9;7;2;;;1;4;1;;;1;998
8;4;13;2;2003;;3;2;No inventariada;;9;2;2;;;1;1;1;;;1;998
10;7;21;2;2003;;3;2;No inventariada;;9;20;2;;;1;4;1;;;1;998
10;4;9;2;2003;;3;2;No inventariada;;9;20;2;;;1;1;1;;;1;998
10;5;17;2;2003;;3;2;No inventariada;;9;7;2;;;1;1;1;;;6;998
10;7;14;2;2003;;3;2;No inventariada;;9;2;1;2;;1;1;1;;;12;998
10;2;10;2;2003;;3;2;No inventariada;;9;7;1;1;;1;1;1;;;1;998
10;1;12;2;2003;;3;2;No inventariada;;9;7;2;;;1;1;1;;;1;998
10;3;8;2;2003;;3;2;No inventariada;;9;7;1;1;;3;1;4;;;5;998
10;3;10;2;2003;;3;2;No inventariada;;9;7;2;;;1;1;1;;;6;998
10;5;14;2;2003;;3;2;No inventariada;;9;2;1;1;;1;1;1;;;1;998
10;7;18;2;2003;;1;1;A-31;68,8;3;16;2;;;3;6;4;;;5;1
10;3;20;2;2003;;3;2;No inventariada;;9;2;2;;;1;4;1;;;1;998
10;1;18;2;2003;;3;2;No inventariada;;9;2;1;4;;1;4;7;;;1;998
10;7;13;2;2003;;3;2;No inventariada;;9;2;1;1;;1;1;1;;;1;998
10;5;20;2;2003;;3;2;No inventariada;;9;4;2;;;3;4;3;;;1;998
10;2;14;2;2003;;3;2;No inventariada;;9;6;1;4;;1;1;1;;;1;998
10;1;20;2;2003;;3;2;No inventariada;;9;4;2;;;1;4;1;;;1;998
10;3;11;2;2003;;3;2;No inventariada;;9;2;2;;;1;1;1;;;1;998
10;7;11;2;2003;;3;2;No inventariada;;9;7;2;;;1;1;1;;;1;998
10;4;10;2;2003;;3;2;No inventariada;;9;2;2;;;1;1;1;;;1;998
10;3;17;2;2003;;3;2;No inventariada;;9;3;2;;;1;1;1;;;1;998
10;2;16;2;2003;;3;2;No inventariada;;9;7;2;;;1;1;1;;;1;998
10;3;9;2;2003;;3;2;No inventariada;;9;2;2;;;1;1;1;;;6;998
10;5;9;2;2003;;3;2;No inventariada;;9;2;1;4;;1;1;1;;;1;998
11;1;18;2;2003;;3;2;No inventariada;;9;2;1;1;;1;3;1;;;1;998
10;7;20;2;2003;;3;2;No inventariada;;9;3;1;2;;1;4;1;;;10;998
10;3;17;2;2003;;3;2;No inventariada;;9;10;2;;;1;1;1;;;9;998
10;3;7;2;2003;;3;2;No inventariada;;9;10;2;;;1;4;1;;;18;998
10;1;9;2;2003;;3;2;No inventariada;;9;10;2;;;1;1;1;;;1;998
10;3;11;2;2003;;3;2;No inventariada;;9;7;1;1;;1;1;1;;;6;998
10;2;10;2;2003;;3;2;No inventariada;;9;2;1;4;;3;1;3;;;1;998
10;1;19;2;2003;;3;2;No inventariada;;9;4;1;1;;1;4;1;;;1;998
10;1;14;2;2003;;3;2;No inventariada;;9;1;2;;;1;1;1;;;1;998
10;1;20;2;2003;;3;2;No inventariada;;9;6;2;;;1;4;1;;;1;998
11;4;6;2;2003;;1;1;N-322;359,2;3;5;2;;;1;6;1;;;1;1
11;4;16;2;2003;;3;2;No inventariada;;9;10;2;;;1;1;1;;;1;998
11;6;19;2;2003;;3;2;No inventariada;;9;2;1;1;;1;4;1;;;1;998
11;3;18;2;2003;;3;2;No inventariada;;9;2;1;1;;9;1;1;;;18;998
11;1;14;2;2003;;1;1;A-31;64,65;3;4;2;;;1;1;1;;;1;1
11;3;13;2;2003;;3;2;No inventariada;;9;6;2;;;1;1;1;;;1;998
11;4;13;2;2003;;3;2;No inventariada;;9;2;2;;;1;1;1;;;1;998
11;1;14;2;2003;;3;2;No inventariada;;9;10;1;1;;1;1;1;;;1;998
11;5;11;2;2003;;3;2;No inventariada;;9;7;2;;;1;1;1;;;1;998
11;3;22;2;2003;;3;2;No inventariada;;9;2;1;4;;1;4;2;;;1;998