MES;DIA_SEMANA;HORA;COD_PROVINCIA;COD_MUNICIPIO;ISLA;ZONA;ZONA_AGRUPADA;CARRETERA;KM;TIPO_VIA;TIPO_ACCIDENTE;NUDO;NUDO_INFO;CARRETERA_CRUCE;CONDICION_FIRME;CONDICION_ILUMINACION;CONDICION_METEO;CONDICION_NIEBLA;CONDICION_VIENTO;VISIB_RESTRINGIDA_POR;TRAZADO_PLANTA
11;2;20;2;2003;;1;1;N-322;339,63;6;7;2;;;1;6;1;;;1;1
11;5;6;2;2003;;3;2;No inventariada;;9;3;2;;;1;4;2;;;1;998
11;4;15;2;2003;;1;1;N-430;499,003;6;18;2;;;1;1;1;;;1;1
11;6;15;2;2003;;1;1;A-31;69,6;3;4;2;;;1;1;1;;;1;1
11;1;18;2;2003;;3;2;No inventariada;;9;3;1;2;;1;1;1;;;1;998
11;2;8;2;2003;;3;2;No inventariada;;9;4;1;4;;1;4;1;;;1;998
11;1;8;2;2003;;3;2;No inventariada;;9;2;2;;;1;1;1;;;1;998
11;3;20;2;2003;;3;2;No inventariada;;9;3;1;4;;1;3;1;;;1;998
11;1;15;2;2003;;3;2;No inventariada;;9;3;1;1;;1;1;1;;;1;998
11;2;11;2;2003;0;3;2;No inventariada;;9;4;1;2;;1;1;1;;;1;998
11;7;13;2;2003;;3;2;No inventariada;;9;10;2;;;1;1;1;;;1;998
10;6;13;2;2003;;3;2;No inventariada;;9;7;2;;;1;1;1;;;1;998
12;1;12;2;2003;;3;2;No inventariada;;9;6;1;2;;1;1;1;;;3;998
10;7;2;2;2003;;3;2;No inventariada;;9;4;2;;;1;3;1;;;1;998
12;4;22;2;2003;;3;2;No inventariada;;9;2;1;1;;2;4;1;;;1;998
12;2;12;2;2003;;3;2;No inventariada;;9;2;1;1;;1;1;1;;;1;998
12;4;0;2;2003;;3;2;No inventariada;;9;10;1;2;;3;4;1;;;1;998
11;2;14;2;2003;;3;2;No inventariada;;9;7;2;;;1;1;1;;;1;998
11;1;21;2;2003;;3;2;No inventariada;;9;7;1;1;;1;4;1;;;1;998
11;3;5;2;2003;;3;2;No inventariada;;9;2;1;4;;1;4;1;;;1;998
11;6;17;2;2003;;3;2;No inventariada;;9;4;2;;;1;1;1;;;1;998
12;1;8;2;2003;;1;1;A-31;67,5;3;4;2;;;1;2;1;;;1;1
11;5;21;2;2003;;3;2;No inventariada;;9;2;2;;;1;4;1;;;1;998
12;1;21;2;2003;;3;2;No inventariada;;9;10;2;;;2;6;1;;;1;998
10;5;12;2;2003;;3;2;No inventariada;;9;6;2;;;2;1;1;;;1;998
12;6;21;2;2003;;3;2;No inventariada;;9;10;1;2;;1;4;1;;;1;998
12;2;16;2;2003;;3;2;No inventariada;;9;4;2;;;1;1;1;;;1;998
12;2;21;2;2003;;3;2;No inventariada;;9;10;2;;;1;1;1;;;1;998
12;2;13;2;2003;;3;2;No inventariada;;9;4;2;;;1;1;1;;;1;998
12;1;14;2;2003;;3;2;No inventariada;;9;4;1;4;;1;1;1;;;1;998
12;4;13;2;2003;;3;2;No inventariada;;9;7;2;;;1;1;1;;;1;998
12;1;16;2;2003;;3;2;No inventariada;;9;10;2;;;1;1;2;;;18;998
12;3;8;2;2003;;3;2;No inventariada;;9;10;2;;;1;1;1;;;1;998
12;3;12;2;2003;;3;2;No inventariada;;9;7;2;;;1;1;1;;;1;998
12;1;11;2;2003;;3;2;No inventariada;;9;7;1;2;;1;1;1;;;6;998
12;1;20;2;2003;;3;2;No inventariada;;9;10;2;;;1;4;1;;;1;998
11;1;7;2;2003;;3;2;No inventariada;;9;7;1;1;;1;1;2;;;1;998
12;5;15;2;2003;;3;2;No inventariada;;9;2;2;;;1;1;1;;;1;998
12;7;21;2;2003;;3;2;No inventariada;;9;2;1;1;;1;4;1;;;1;998
12;1;20;2;2003;;3;2;No inventariada;;9;2;1;1;;1;4;1;;;1;998
12;2;10;2;2003;;1;1;A-32;217,89;3;16;2;;;1;1;1;;;1;1
12;3;7;2;2003;;3;2;No inventariada;;9;2;1;1;;1;3;1;;;1;998
12;2;7;2;2003;;3;2;No inventariada;;9;4;2;;;1;4;1;;;1;998
12;2;19;2;2003;;3;2;No inventariada;;9;7;2;;;1;4;1;;;1;998
12;4;14;2;2003;;3;2;No inventariada;;9;2;1;1;;2;1;1;;;1;998
11;7;1;2;2003;0;3;2;No inventariada;;9;4;2;;;1;4;1;;;1;998
12;2;12;2;2003;;3;2;No inventariada;;9;2;1;1;;1;1;1;;;1;998
12;2;21;2;2003;;3;2;No inventariada;;9;7;2;;;1;4;1;;;9;998
12;1;14;2;2003;;3;2;No inventariada;;9;3;2;;;1;1;1;;;1;998
12;5;16;2;2003;;3;2;No inventariada;;9;2;2;;;1;1;1;;;1;998
12;5;13;2;2003;;3;2;No inventariada;;9;16;1;4;;1;1;1;;;1;998
12;4;14;2;2003;;3;2;No inventariada;;9;2;1;1;;1;1;1;;;1;998
11;2;13;2;2003;;3;2;No inventariada;;9;20;2;;;9;1;7;;;18;998
12;5;19;2;2003;;1;1;N-322;356,279;5;6;2;;;1;4;1;;;1;1
12;6;15;2;2003;;3;2;No inventariada;;9;2;1;2;;1;1;1;;;1;998
12;5;14;2;2003;;3;2;No inventariada;;9;7;2;;;1;1;1;;;1;998
12;7;21;2;2003;;3;2;No inventariada;;9;7;2;;;1;4;1;;;1;998
12;3;16;2;2003;;3;2;No inventariada;;9;1;2;;;1;1;1;;;11;998
6;2;18;2;0;;1;1;N-322;412;6;2;2;;;1;1;1;;;1;1
7;1;23;2;0;;1;1;N-322;416,35;6;18;2;;;1;6;1;;;1;1
10;4;16;2;0;;1;1;N-322;414,6;6;4;2;;;1;1;1;;;1;1
2;2;8;2;0;;3;2;No inventariada;;9;2;2;;;1;1;1;;;3;998
7;6;14;2;0;;1;1;AB-211;9,98;6;14;2;;;1;1;1;;;1;3
8;6;0;2;0;;1;1;AB-209;13,2;6;16;2;;;1;6;1;;;1;3
2;1;6;2;0;;1;1;N-322;313,508;6;18;2;;;3;6;4;1;;5;2
3;2;8;2;0;;1;1;N-322;307,2;6;19;2;;;3;1;3;;;5;2
4;3;6;2;0;;1;1;N-322;312,8;6;16;2;;;1;6;1;;;1;2
5;7;9;2;0;;1;1;N-322;301,694;6;9;2;;;1;1;1;;;1;2
5;2;17;2;0;;1;1;AB-5032;15,956;6;2;2;;;2;1;1;;;1;3
6;3;10;2;0;;1;1;CAMINO CRT;4;14;19;2;;;2;1;2;;;1;3
7;7;9;2;0;;1;1;CM-3216;2,068;6;16;2;;;1;1;1;;;1;2
11;7;12;2;0;;1;1;N-322;278,5;6;19;2;;;1;1;2;;;1;1
11;6;20;2;0;;1;1;N-322;314,62;6;8;2;;;1;6;1;;;12;1
2;4;10;2;2009;;1;1;DESCONOCID;7,3;14;10;2;;;2;1;1;;;1;1
3;6;5;2;2009;;1;1;N-330;93,6;6;15;1;4;A-31;3;6;3;;;1;2
4;2;11;2;2009;;1;1;A-31;135,29;3;12;2;;;1;1;2;;;1;1
4;3;10;2;2009;;1;1;N-330;98,068;6;2;1;1;;1;1;1;;;1;1
5;4;16;2;2009;;1;1;A-31;147,3;3;12;2;;;1;1;1;;1;1;1
5;5;19;2;2009;;1;1;CV-78;2;10;3;2;;;2;1;1;;;1;1
7;3;18;2;2009;;1;1;CM-412;336,2;6;18;2;;;1;1;1;;;1;1
4;4;21;2;2009;;3;2;No inventariada;;9;7;1;4;;3;4;4;;;5;998
7;3;12;2;2009;;1;1;A-31;162;3;14;2;;;1;1;1;;;1;1
8;3;0;2;2009;;1;1;A-31;143;7;10;2;;;1;6;1;;;1;1
8;4;17;2;2009;;1;1;A-31;135;3;4;2;;;1;1;1;;;1;1
5;2;13;2;2009;;3;2;No inventariada;;9;3;1;2;;1;1;1;;;9;998
7;4;17;2;2009;;3;2;No inventariada;;9;1;2;;;1;1;1;;;1;998
7;5;8;2;2009;;3;2;No inventariada;;9;7;1;4;;1;1;1;;;1;998
9;5;17;2;2009;;1;1;CAMINO LA;3;6;18;2;;;2;1;1;;;1;1
9;7;14;2;2009;;1;1;CM-3220;1,333;6;4;2;;;1;1;1;;;1;1
10;6;17;2;2009;;1;1;A-31;142,265;7;2;1;2;;1;1;1;;;1;1
10;1;9;2;2009;;3;2;No inventariada;;9;7;2;;;1;1;1;;;1;998
11;6;4;2;2009;;1;1;CV-89;2,9;10;18;2;;;2;6;1;;;1;3
12;7;19;2;2009;;1;1;A-31;147;3;7;1;10;N-430a;1;6;1;;;1;1
12;2;11;2;2009;;1;1;A-31;147,1;3;14;1;2;A-31;1;1;1;;;1;2
1;7;16;2;0;;3;2;No inventariada;;9;2;1;1;;1;1;2;;;1;998
8;4;15;2;0;;1;1;No inventariada;0,5;10;19;2;;;1;1;1;;;1;3
12;7;9;2;0;;1;1;CNO FINCA;2,6;10;10;2;;;2;1;1;;;1;1
4;6;12;2;0;;1;1;CV S/N;1,1;10;14;2;;;1;1;1;;;1;3
4;7;13;2;0;;1;1;CM-3203;66,9;6;16;2;;;1;1;2;;;1;2
5;2;9;2;0;;1;1;CM-3216;60,21;6;2;1;1;CM-3126a;1;1;1;;;1;1
5;2;9;2;0;;1;1;CM-3203;61,1;6;9;2;;;8;1;1;;;1;1
12;6;11;2;0;;1;1;CM-3203;51,8;6;18;2;;;1;1;1;;;1;2
12;1;13;2;0;;3;2;No inventariada;;9;14;1;2;;1;1;1;;;1;998
8;1;16;2;0;;1;1;CM-3135;34,639;6;2;2;;;1;1;1;;;1;1
3;3;18;2;0;;1;1;CM-3135;14,024;6;2;1;1;;1;1;1;;;1;1
4;7;12;2;0;;3;2;No inventariada;;9;7;1;1;;1;1;1;;;1;998
9;7;22;2;0;;1;1;N-430;485,8;6;16;2;;;1;4;1;;;1;1
9;5;17;2;0;;1;1;N-430;479,333;6;14;2;;;1;1;1;;;1;2
4;6;10;2;0;;3;2;No inventariada;;9;7;2;;;1;1;1;;;1;998
8;6;18;2;0;;1;1;CM-3216;55,582;6;19;2;;;1;1;1;;;1;2
10;2;22;2;0;;1;1;CM-3216;36,3;6;14;2;;;1;6;1;;;18;2
4;1;8;2;0;;1;1;CM-3209;38,921;6;2;2;;;3;1;2;;;4;2
7;4;14;2;0;;1;1;A-31;123,6;3;12;2;;;1;1;1;;;1;1
8;7;0;2;0;;1;1;CM-3209;41,1;6;16;2;;;1;6;1;;;1;2
5;4;19;2;0;;1;1;AB-607;11;6;16;2;;;1;1;1;;;1;2
7;7;16;2;0;;1;1;N-430;448,139;6;2;1;1;AB-609;1;1;1;;;1;2
8;5;10;2;0;;1;1;AB-606;1,698;6;19;2;;;2;1;1;;;1;2
9;4;16;2;0;;1;1;CM-3133;6,4;6;18;2;;;3;1;3;;;1;2
10;1;4;2;0;;1;1;AB-606;2,4;6;16;2;;;1;6;1;;;1;1
10;6;12;2;0;;1;1;CM-332;27,515;6;10;1;2;;1;1;2;;;18;2
3;4;11;2;0;;1;1;CM-3207;10,636;6;2;1;2;AB-212;3;1;3;;;1;1
5;6;12;2;0;;3;2;No inventariada;;9;2;2;;;1;1;1;;;1;998
6;3;13;2;0;;2;2;N-322a;406,7;6;2;1;1;;3;1;4;;;17;1
9;3;7;2;0;;1;1;CM-3201;32,1;6;16;2;;;9;2;1;;;1;1
3;5;13;2;2025;;1;1;CV-71;7;10;19;2;;;2;1;1;;;1;3
4;7;13;2;2025;;1;1;CV-73;0,1;10;14;2;;;2;1;1;;;1;1
4;5;21;2;2025;;3;2;No inventariada;;9;6;2;;;1;3;1;;;1;998
3;5;18;2;2025;;3;2;No inventariada;;9;10;1;1;;1;1;1;;;2;998
4;1;17;2;2025;;3;2;No inventariada;;9;16;2;;;1;1;2;;;1;998
7;1;16;2;2025;;1;1;A-33;69,2;3;18;2;;;1;1;1;;;1;1
7;2;3;2;2025;;1;1;A-33;72,8;3;12;2;;;1;4;1;;;1;1
9;3;20;2;2025;;1;1;N-344;115,2;6;9;1;4;;8;4;2;;;1;2
8;4;11;2;2025;;3;2;No inventariada;;9;3;1;1;;1;1;1;;;1;998
8;3;8;2;2025;;3;2;No inventariada;;9;7;1;1;;1;2;1;;;6;998
5;7;13;2;2025;;3;2;No inventariada;;9;10;2;;;1;1;1;;;1;998
2;7;21;2;0;;1;1;CM-3226;12,364;6;10;1;4;CM-3226a;1;6;1;;;1;1
6;7;14;2;0;;1;1;AB-301;16;6;15;2;;;1;1;1;;;1;2
2;6;11;2;0;;1;1;CM-332;12,208;6;16;1;4;;3;1;3;;;1;2
2;4;0;2;0;;1;1;A-31;91,25;3;18;2;;;1;6;1;;;1;2
2;4;12;2;0;;1;1;LOS TOBOGA;1;13;9;2;;;2;1;1;;;1;3
5;4;10;2;0;;3;2;No inventariada;;9;12;2;;;1;1;1;;;1;998
6;7;20;2;0;;1;1;A-31;88,009;3;12;1;12;;1;1;1;;;1;3
6;3;20;2;0;;3;2;No inventariada;;9;7;1;2;;1;1;1;;;6;998
6;5;12;2;0;;1;1;A-31;83,85;3;4;2;;;1;1;1;;;1;1
6;7;13;2;0;;1;1;A-31;101,1;3;18;2;;;1;1;1;;;1;1
9;3;15;2;0;;1;1;A-31;102,407;3;18;2;;;1;1;1;;;1;1
9;4;14;2;0;;3;2;No inventariada;;9;10;2;;;1;1;1;;;1;998
10;4;8;2;0;;3;2;No inventariada;;9;2;1;1;;1;1;1;;;1;998
10;6;14;2;0;;1;1;CV S/D;0,8;10;18;2;;;2;1;1;;;1;3
10;4;10;2;0;;3;2;No inventariada;;9;4;1;1;;3;1;1;;;1;998
11;1;8;2;0;;1;1;A-30;14,594;3;3;2;;;1;3;1;;;1;1
1;4;10;2;0;;1;1;CM-412;237,8;6;12;2;;;3;6;3;;;1;2
1;7;13;2;0;;1;1;CM-3206;0,643;6;9;2;;;1;1;1;;;1;2
8;5;18;2;0;;1;1;CM-3217;2,45;6;1;2;;;1;1;1;;;1;2
12;1;14;2;0;;1;1;CM-412;218,5;6;2;1;1;AB-508;1;1;1;;;1;1
1;7;11;2;0;;1;1;CM-3225;1,35;6;12;2;;;1;1;1;;;1;1
6;7;12;2;0;;1;1;CHSE-1;9,5;6;1;2;;;1;1;1;;;3;2
7;1;10;2;0;;1;1;AB-408;5,8;6;13;2;;;1;1;1;;;4;2
9;2;10;2;0;;1;1;AB-408;6;6;14;2;;;1;1;1;;;1;2
6;7;3;2;0;;1;1;CV S/N CAM;1,2;10;17;2;;;2;6;1;;;1;1
3;5;3;2;0;;1;1;CM-412;304,908;6;18;2;;;1;6;1;;;1;2
6;7;15;2;0;;1;1;CM-3211;35,8;6;15;2;;;1;1;1;;;1;1
8;2;1;2;0;;1;1;CM-3211;36,2;6;14;2;;;1;6;1;;;4;2
9;4;6;2;0;;1;1;N-322;399,6;6;18;2;;;1;6;1;;;1;1
5;2;12;2;0;;1;1;A-31;52,674;7;18;2;;;1;1;1;;;1;1
5;4;22;2;0;;1;1;A-31;61,98;3;4;2;;;1;6;1;;;1;1
7;5;20;2;0;;1;1;No inventariada;57,55;10;3;2;;;1;2;1;;;3;3
8;7;9;2;0;;1;1;CV-82;3;10;19;2;;;8;1;1;;;1;3
9;7;11;2;0;;3;2;No inventariada;;9;16;2;;;1;1;1;;;1;998
10;4;8;2;2003;;1;1;AB-701;11,666;6;2;1;2;;3;1;1;;;1;1
1;1;14;2;2037;;1;1;CM-412a;267,5;6;3;1;4;AB-402;1;1;1;;;1;1
1;3;13;2;2037;;3;2;No inventariada;;9;7;1;1;;1;1;1;;;1;998
1;1;6;2;2037;;1;1;CM-412;269,665;6;18;1;4;CM-3213;1;6;1;;;1;1
1;3;10;2;2037;;1;1;CM-412a;267,58;6;2;1;4;AB-402;1;1;2;;;1;1
2;5;21;2;2037;;1;1;A-30;56;3;16;2;;;1;6;1;;;1;1
2;6;12;2;2037;;1;1;AB-404;3,258;6;19;2;;;1;1;2;;;1;2
3;7;12;2;2037;;1;1;A-30;62,85;3;14;2;;;1;1;1;;;1;2
4;1;23;2;2037;;1;1;CM-3212;6,162;6;16;2;;;1;6;1;;;1;1
2;4;11;2;2037;;3;2;No inventariada;;9;7;1;1;;1;1;1;;;1;998
4;1;20;2;2074;;1;1;CM-412;275,147;6;12;2;;;1;2;1;;;1;2
4;1;18;2;2037;;1;1;N-301;314,5;6;14;2;;;1;1;1;;;1;1
2;2;22;2;2037;;3;2;No inventariada;;9;10;2;;;8;1;1;;;1;998
2;3;19;2;2037;;3;2;No inventariada;;9;3;1;5;;1;4;1;;;1;998
5;2;9;2;2037;;1;1;CM-412;242,95;6;19;2;;;1;1;1;;;1;2
5;3;19;2;2037;;1;1;AB-402;2,4;6;4;2;;;1;1;1;;;1;1
4;3;15;2;2037;;3;2;No inventariada;;9;2;1;4;;1;1;1;;;1;998
4;5;14;2;2037;;3;2;No inventariada;;9;5;2;;;1;1;1;;;1;998
4;1;17;2;2037;;3;2;No inventariada;;9;9;2;;;1;1;1;;;1;998
4;5;10;2;2037;;3;2;No inventariada;;9;7;2;;;1;1;1;;;9;998
4;6;22;2;2037;;3;2;No inventariada;;9;3;1;1;;1;4;1;;;1;998
6;6;20;2;2037;;3;2;No inventariada;;9;2;1;1;;1;1;1;;;1;998
7;1;15;2;2037;;1;1;AB-402;6;6;3;2;;;1;1;1;;;1;2
7;6;14;2;2037;;1;1;CM-412;263;6;18;2;;;2;1;1;;;1;3
6;3;8;2;2037;;3;2;No inventariada;;9;7;1;2;;1;1;1;;;6;998
6;1;16;2;2037;;3;2;No inventariada;;9;2;2;;;1;1;1;;;1;998
8;1;12;2;2037;;1;1;CM-412;245;6;9;2;;;1;1;1;;;1;1
8;4;9;2;2037;;1;1;A-30;62;3;5;2;;;1;1;1;;;1;1
8;3;12;2;2037;;1;1;A-30;57,675;3;14;2;;;1;1;1;;;1;1
9;3;21;2;2037;;1;1;AB-404;0,5;6;3;2;;;1;6;7;;;1;1
8;1;12;2;2037;;3;2;No inventariada;;9;7;2;;;1;1;1;;;1;998
9;2;12;2;2037;;3;2;No inventariada;;9;7;2;;;1;1;1;;;2;998
10;4;14;2;2037;;1;1;AB-402;6,088;6;18;2;;;1;1;1;;;4;2
10;5;21;2;2037;;1;1;N-301;319,4;6;3;2;;;1;6;1;;;1;1
10;2;6;2;2037;;1;1;CM-412;267,765;6;12;1;4;AB-4003;1;6;1;;;1;1
11;7;19;2;2037;;1;1;A-30;77,819;3;6;2;;;1;6;1;;;1;1
12;1;3;2;2037;;1;1;A-30;55,642;3;15;2;;;1;6;1;;;1;1
12;2;9;2;0;;1;1;CM-412;225,621;6;18;2;;;1;1;1;;;1;1
1;5;15;2;0;;3;2;No inventariada;;9;13;1;1;;1;1;1;;;1;998
4;3;21;2;0;;1;1;N-322;333,844;6;4;2;;;1;6;1;;;1;1
4;1;8;2;0;;1;1;A-31;102,706;3;3;2;;;1;1;1;;;1;1
7;3;13;2;0;;1;1;A-31;105,614;3;10;2;;;1;1;1;;;1;1
10;4;5;2;0;;1;1;A-31;103,619;3;4;2;;;3;6;2;;;1;1
11;5;10;2;0;;1;1;AB-204;11,219;6;18;2;;;3;1;3;;;1;1
11;6;9;2;0;;1;1;AB-201;17,2;6;18;2;;;1;1;1;;;1;2
6;5;10;2;0;;1;1;CM-3225;20,2;6;15;2;;;3;1;3;;;5;2
7;6;8;2;0;;1;1;CM-3225;22,442;6;15;2;;;1;1;1;;;12;2
12;7;13;2;0;;1;1;CM-3225;16,8;6;15;2;;;1;1;1;;;1;2
12;2;14;2;0;;1;1;AB-608;9;6;14;2;;;1;1;1;;;1;2
1;4;7;2;0;;1;1;CM-3213;18,1;6;19;2;;;3;6;3;;;1;2
1;3;22;2;0;;1;1;CM-3213;16,45;6;18;2;;;1;6;1;;;1;1
7;7;20;2;0;;1;1;CM-9334;2;6;19;2;;;1;1;1;;;1;1
8;6;20;2;0;;1;1;AB-411;9,3;6;18;2;;;1;1;1;;;1;1
5;6;17;2;0;;3;2;No inventariada;;9;12;1;2;AB-105;1;1;1;;;1;998
9;7;18;2;0;;1;1;CM-3222;9,224;6;4;2;;;1;1;1;;;1;1
2;7;13;2;0;;1;1;CV-68;2,3;10;18;2;;;1;1;1;;;1;3
6;5;23;2;0;;3;2;No inventariada;;9;19;2;;;1;1;1;;;1;998
12;1;8;2;0;;1;1;AB-105;3,7;6;18;2;;;1;1;1;;;1;1
3;4;14;2;0;;1;1;AB-519;27,5;6;3;2;;;1;1;1;;;1;1
3;3;20;2;0;;1;1;N-301;195,637;6;2;1;1;CM-3117;1;6;1;;;1;1
3;7;12;2;0;;1;1;CM-412;205,9;6;16;2;;;1;1;1;;;4;2
10;2;16;2;0;;1;1;CM-412;206,412;6;16;2;;;1;1;1;;;1;2
1;2;16;2;0;;1;1;CM-412;314,35;6;1;2;;;1;3;1;1;;6;1
1;7;11;2;0;;1;1;AB-302;3,3;6;19;2;;;1;1;1;;;1;1
2;5;18;2;0;;1;1;CM-3209;55,3;6;18;2;;;3;1;1;;;1;2
2;1;8;2;0;;1;1;CM-3209;55,07;6;2;2;;;3;1;2;;;1;1
4;1;12;2;0;;1;1;CM-3209;55,3;6;18;2;;;3;1;3;;;18;1
6;6;18;2;0;;1;1;CM-412;327,35;6;3;2;;;1;1;2;;;1;2
10;3;12;2;0;;1;1;CM-412;328,785;6;19;2;;;2;1;1;;;1;1
12;7;17;2;0;;1;1;CM-412;326,623;6;12;2;;;1;2;1;;;6;2
1;6;18;2;0;;1;1;CM-3133;3,65;6;8;2;;;9;2;2;;;1;2
8;6;16;2;0;;1;1;CM-316;9,417;6;18;2;;;1;1;1;;;1;2
9;2;11;2;0;;1;1;CM-3121;18,5;6;19;2;;;1;1;1;;1;1;2
3;4;11;2;0;;1;1;CM-3226;5,295;6;1;2;;;1;1;2;;1;1;1
12;7;11;2;0;;1;1;CM-412;299,5;6;8;2;;;1;1;1;;;1;1
2;1;5;2;2081;;1;1;CM-313;24,614;6;13;2;;;1;6;1;;;1;1
7;3;14;2;0;;1;1;N-430;435;6;17;2;;;1;1;1;;;1;1
8;5;12;2;0;;3;2;No inventariada;;9;7;1;2;;1;1;1;;;3;998
9;2;19;2;0;;1;1;CV-84;4,9;10;3;2;;;1;1;1;;;6;3
9;6;14;2;0;;1;1;CM-3123;28,5;6;18;2;;;1;1;1;;;1;2
10;2;16;2;0;;1;1;N-430a;428,35;6;3;2;;;1;1;2;;;1;1
2;6;18;2;0;;1;1;AB-516;13,5;6;10;2;;;6;1;6;;;1;1
10;6;18;2;0;;1;1;AB-515;17,295;6;9;1;2;CM-3216;1;1;1;;;1;1
11;5;14;2;0;;1;1;CV-88;2,35;10;19;2;;;1;1;1;;;4;3
5;6;22;2;0;;1;1;CV-76;74,628;10;19;2;;;1;6;1;;;1;3
6;2;18;2;0;;1;1;CAMINO DE;1;10;1;2;;;2;1;1;;;1;3
6;7;12;2;0;;1;1;CM-313;106,165;6;4;2;;;1;1;1;;;1;1
7;5;13;2;0;;1;1;AB-5002;0,452;6;15;2;;;1;1;1;;;1;3
8;6;1;2;0;;3;2;No inventariada;;9;10;2;;;1;4;1;;;1;998
11;7;16;2;0;;1;1;CM-3203;27,417;6;19;2;;;1;1;1;;;1;1
2;7;19;2;0;;1;1;CM-3211;11,8;6;8;2;;;3;6;3;;;1;1
7;2;18;2;0;;1;1;CM-3211;17,35;6;2;1;5;CM-3211;1;1;1;;;1;3
10;2;12;2;2003;;1;1;AB-400;17,976;6;14;2;;;1;1;1;;;18;1
10;1;20;2;0;;1;1;CV-86;2,5;10;18;2;;;1;6;1;;;1;1
1;2;14;2;0;;1;1;CV-67;0,75;10;1;2;;;2;1;2;;;1;3
2;7;11;2;0;;1;1;AB-518;16,287;6;10;2;;;1;1;1;;;1;1
6;6;18;2;0;;1;1;AB-518;23,075;6;18;2;;;4;1;4;;;5;1
8;6;11;2;0;;1;1;AB-518;22,5;6;9;2;;;1;1;1;;;1;1
3;6;8;2;0;;1;1;CM-320;22,666;6;14;2;;;3;1;6;;1;1;1
9;1;12;2;0;;1;1;N-322;301,085;6;2;1;2;AB-5028;1;1;1;;;18;1
10;4;18;2;0;;1;1;N-322;299,3;6;9;2;;;1;1;1;;;4;2
12;3;18;2;0;;1;1;N-322;300,402;6;8;2;;;1;6;1;;;1;1
1;4;17;2;2069;;1;1;CM-316;29,7;6;16;2;;;3;1;3;;;1;1
1;2;15;2;2069;;1;1;A-31;38,9;3;2;2;;;1;1;1;;;1;3
1;7;20;2;2069;;1;1;A-31;32,237;3;14;2;;;1;4;1;;;1;1
1;3;16;2;2069;;1;1;CM-316;31;6;4;2;;;1;1;1;;;1;1
2;4;7;2;2069;;1;1;CM-316;36,05;6;2;1;2;A-31;1;1;2;;;1;1
3;6;17;2;2069;;1;1;AB-101;6,46;6;10;2;;;1;1;1;;;4;1
4;1;11;2;2069;;1;1;CM-3114;4,2;6;18;2;;;1;1;1;;;1;1
4;1;12;2;2069;;1;1;N-301;209,75;6;1;2;;;1;1;1;;;1;1
4;3;17;2;2069;;1;1;AP-36;144,79;2;18;2;;;1;1;1;;;1;1
4;4;15;2;2069;;1;1;DESCONOCID;2;10;2;2;;;2;1;1;;;1;1
4;5;14;2;2069;;1;1;A-31;32,288;3;4;2;;;1;1;1;;;1;1
3;7;0;2;0;;1;1;CM-316;46;6;8;2;;;1;6;1;;;1;1
6;7;16;2;2069;;1;1;CM-3121;30,804;6;2;1;1;CM-316;1;1;1;;;1;1
6;5;21;2;2069;;3;2;No inventariada;;9;2;1;1;;1;1;1;;;1;998
6;4;9;2;2069;;1;1;A-31;36,55;3;4;1;10;N-301;1;1;1;;;1;3
6;4;7;2;2069;;1;1;A-31;44,7;3;4;2;;;1;1;1;;;1;1
7;3;15;2;2069;;1;1;N-301;210,826;8;18;2;;;1;6;1;;;18;2
7;7;9;2;2069;;1;1;A-31;34,9;3;4;2;;;1;1;1;;;1;1
8;6;2;2;2069;;1;1;A-31;50;3;6;2;;;1;6;1;;;1;1
8;4;11;2;2069;;1;1;CM-316;25;6;10;2;;;1;1;1;;;1;1
7;6;15;2;2069;;3;2;No inventariada;;9;2;1;1;;1;1;7;;;18;998
8;1;15;2;2069;;1;1;CM-3114;7,618;6;18;2;;;1;1;1;;;1;1
8;2;13;2;2069;;1;1;A-31;42,303;3;4;2;;;1;1;1;;;1;1
8;2;21;2;2069;;3;2;No inventariada;;9;16;2;;;1;5;1;;;18;998
9;1;5;2;2069;;1;1;A-31;32,41;3;3;2;;;1;6;1;;;1;1
9;2;12;2;2069;;1;1;AB-101;5,3;6;19;2;;;1;1;1;;;1;1
10;1;13;2;2069;;1;1;CM-316;32,4;6;19;1;4;CM-3135;1;1;1;;;1;2
11;1;9;2;2069;;3;2;No inventariada;;9;2;1;1;;1;1;2;;;1;998
12;1;12;2;2069;;3;2;No inventariada;;9;2;1;1;;1;1;1;;;1;998
12;2;2;2;2069;;1;1;A-31;37,9;3;16;1;10;AB-101;1;6;1;;;1;2
9;6;11;2;0;;1;1;CM-412;171;6;16;2;;;1;1;1;;;1;1
10;5;9;2;0;;1;1;CM-313;89,1;6;10;1;2;;3;2;2;;;1;1
8;7;10;2;0;;1;1;CM-3217;28,5;6;10;2;;;1;1;1;;;1;2
1;5;15;2;2073;;3;2;No inventariada;;9;2;1;1;;1;1;1;;;1;998
4;6;12;2;2073;;1;1;CM-220;32,4;6;4;2;;;1;1;1;;;1;1
5;4;18;2;2073;;3;2;No inventariada;;9;2;1;1;;1;1;1;;;1;998
6;6;16;2;2073;;2;2;CV-81;3;10;2;1;1;;1;1;1;;;1;1
9;3;11;2;2073;;1;1;AB-103;2,2;6;18;2;;;1;1;1;;;1;2
9;4;21;2;2073;;1;1;CM-220;25,5;6;4;2;;;1;6;1;;;1;1
10;3;8;2;2073;;1;1;CM-316;50,7;6;16;2;;;1;2;1;;;1;2
1;1;10;2;2074;;3;2;No inventariada;;9;15;2;;;1;1;1;;;1;998
4;6;10;2;2074;;3;2;No inventariada;;14;20;2;;;1;1;1;;;18;998
5;1;11;2;2074;;3;2;No inventariada;;9;7;1;2;;1;1;1;;;18;998
5;6;20;2;2074;;3;2;No inventariada;;9;10;1;2;;1;1;1;;;18;998
6;1;19;2;2074;;3;2;No inventariada;;9;3;2;;;1;1;1;;;18;998
7;2;18;2;2074;;3;2;No inventariada;;9;3;1;4;;1;1;1;;;18;998
7;6;13;2;2074;;1;1;CM-412;283;6;9;2;;;1;1;1;;;1;1
8;3;10;2;2074;;1;1;AB-304;5,2;6;4;1;2;;1;1;1;;;1;1
8;5;6;2;2074;;1;1;A-30;42,948;3;3;2;;;1;6;1;;;1;1
8;4;7;2;2074;;1;1;A-30;40,1;3;16;2;;;1;2;1;;;1;3
8;1;9;2;2074;;3;2;No inventariada;;9;3;1;2;;1;1;1;;;1;998
10;5;13;2;2074;;3;2;No inventariada;;9;7;2;;;1;1;1;;;1;998
11;6;12;2;2074;;1;1;A-30;53,5;3;16;2;;;1;1;2;;;1;1
12;7;16;2;2074;;1;1;A-30;40;3;18;2;;;1;1;1;;;1;1
6;3;20;2;0;;3;2;No inventariada;;9;7;2;;;1;1;1;;;1;998
12;4;17;2;0;;1;1;CM-3218;15,3;12;8;2;;;1;1;1;;;1;1
6;2;10;2;0;;1;1;CM-3216;14,136;6;19;2;;;1;1;1;;;1;1
3;7;14;2;0;;1;1;CV-72;0,5;10;9;2;;;3;1;1;;;1;3
2;3;13;2;0;;1;1;CM-3114;17,618;6;2;1;5;;1;1;1;;;1;1
5;4;19;2;0;;1;1;CM-3114;17,635;6;2;1;5;;1;1;1;;;1;1
7;3;13;2;0;;1;1;CMNO. DE C;2,75;10;1;2;;;2;1;1;;;1;3
5;6;6;2;0;;1;1;CM-3124;55,609;6;16;2;;;1;6;1;;;1;1
9;2;6;2;0;;1;1;CM-3201;24,74;6;2;1;1;;1;6;1;;;1;1
9;6;11;2;0;;1;1;CM-3226;22,2;6;2;2;;;1;1;2;;;1;1
1;7;5;2;0;;1;1;N-322;260,45;6;19;2;;;1;6;1;;;1;1
5;7;17;2;0;;1;1;N-322;262,348;6;8;2;;;1;1;1;;;1;1