MES;DIA_SEMANA;HORA;COD_PROVINCIA;COD_MUNICIPIO;ISLA;ZONA;ZONA_AGRUPADA;CARRETERA;KM;TIPO_VIA;TIPO_ACCIDENTE;NUDO;NUDO_INFO;CARRETERA_CRUCE;CONDICION_FIRME;CONDICION_ILUMINACION;CONDICION_METEO;CONDICION_NIEBLA;CONDICION_VIENTO;VISIB_RESTRINGIDA_POR;TRAZADO_PLANTA
10;5;14;2;0;;3;2;No inventariada;;9;7;2;;;1;1;1;;;17;998
11;1;5;2;0;;1;1;AB-6002;0,8;6;12;2;;;1;6;1;;;1;2
1;5;14;2;2081;;1;1;N-310;133,42;6;2;1;5;CM-3121;3;1;3;;;1;1
1;6;2;2;2081;;1;1;DESCONOCID;0,5;10;16;2;;;3;6;3;;;1;3
1;1;7;2;2081;;3;2;No inventariada;;9;6;2;;;3;4;2;1;;1;998
1;4;19;2;2081;;3;2;No inventariada;;9;2;2;;;1;4;1;;;2;998
2;5;15;2;2081;;1;1;A-43;139,26;3;15;2;;;1;1;1;;;1;1
2;1;23;2;2081;;1;1;A-43;111,5;3;4;2;;;1;6;1;;;1;1
2;6;22;2;2081;;3;2;No inventariada;;9;2;1;1;;1;4;1;;;2;998
2;1;21;2;2081;;3;2;No inventariada;;9;2;1;1;;1;3;1;;;2;998
2;4;10;2;2081;;3;2;No inventariada;;9;2;1;1;;1;1;1;;;2;998
1;2;21;2;2081;;3;2;No inventariada;;9;2;1;2;;3;4;4;1;;10;998
3;3;7;2;2081;;1;1;N-310;130,5;6;2;1;5;CM-3123;1;2;1;;;1;1
3;6;13;2;2081;;3;2;No inventariada;;7;4;2;;;1;1;1;;;1;998
4;4;18;2;2081;;3;2;No inventariada;;9;2;1;1;;1;1;1;1;;1;998
4;1;18;2;2081;;3;2;No inventariada;;9;2;1;1;;1;1;1;;;1;998
4;2;14;2;2081;;3;2;No inventariada;;9;7;2;;;1;1;1;;;1;998
4;7;12;2;2081;;3;2;No inventariada;;9;7;1;2;;1;1;1;;;1;998
5;5;13;2;2081;;3;2;No inventariada;;9;7;2;;;2;1;1;;;1;998
5;2;8;2;2081;;1;1;N-310;136,611;6;9;1;4;A-43;1;1;2;;;1;1
6;3;17;2;2081;;3;2;No inventariada;;9;7;2;;;1;1;1;;;1;998
6;5;22;2;2081;;1;1;CM-3111;31,24;6;8;2;;;1;6;1;;;1;1
6;6;18;2;2081;;1;1;CAMINO DE;1,2;10;9;2;;;1;1;1;;;1;1
6;1;11;2;2081;;1;1;N-310;133;6;2;1;5;;1;1;1;;;1;1
6;7;12;2;2081;;1;1;CM-3123;8,95;6;18;2;;;1;1;1;;;1;1
6;4;19;2;2081;;3;2;No inventariada;;9;2;1;4;;1;1;1;;;1;998
6;7;0;2;2081;;3;2;No inventariada;;9;2;1;4;;1;4;1;;;1;998
7;4;15;2;2081;;3;2;No inventariada;;9;10;2;;;1;1;1;;;1;998
7;4;20;2;2081;;3;2;No inventariada;;9;7;1;1;;1;1;1;;;6;998
7;3;10;2;2081;;1;1;CAMINO LA;2,5;14;1;2;;;1;1;1;;;1;3
7;6;2;2;2081;;3;2;No inventariada;;9;2;1;1;;1;4;1;;;2;998
8;3;9;2;2081;;3;2;No inventariada;;9;2;1;1;;1;1;1;;;2;998
6;1;11;2;2081;;3;2;No inventariada;;9;2;1;1;;1;1;1;;;1;998
9;5;9;2;2081;;1;1;N-310;140,256;6;4;2;;;1;1;1;;;1;1
4;1;21;2;2081;;3;2;No inventariada;;9;3;1;1;;3;4;3;;;1;998
9;2;15;2;2081;;1;1;A-43;109,1;3;12;2;;;1;1;1;;;1;1
9;2;21;2;2081;;3;2;No inventariada;;9;2;1;1;;1;4;1;;;2;998
7;6;23;2;2081;;3;2;No inventariada;;9;2;1;1;;1;4;1;;;1;998
5;7;23;2;2081;;3;2;No inventariada;;9;2;1;1;;1;4;1;;;2;998
4;6;18;2;2081;;3;2;No inventariada;;9;2;1;4;;1;1;1;;;1;998
6;7;15;2;2081;;3;2;No inventariada;;9;2;1;1;;1;1;1;;;1;998
10;3;13;2;2081;;1;1;N-310;122,82;6;18;2;;;1;1;1;;;1;1
10;3;19;2;2081;;3;2;No inventariada;;9;7;1;1;;1;1;1;;;18;998
11;4;6;2;2081;;1;1;A-43;109,476;3;4;2;;;1;6;7;2;;5;1
11;5;8;2;2081;;1;1;N-310;135,288;6;2;1;2;;1;6;1;;;1;1
10;2;17;2;2081;;3;2;No inventariada;;9;2;1;1;;1;1;1;;;1;998
11;2;17;2;2081;;1;1;A-43;124,8;3;3;2;;;1;1;1;;;1;1
11;6;8;2;2081;;1;1;CM-3123;23,55;6;14;2;;;1;1;2;;;1;2
9;1;9;2;2081;;3;2;No inventariada;;9;7;2;;;1;1;1;;;1;998
10;3;18;2;2081;;3;2;No inventariada;;9;2;2;;;1;3;1;;;1;998
11;5;21;2;2081;;3;2;No inventariada;;9;2;1;1;;1;4;1;;;2;998
10;2;11;2;2081;;3;2;No inventariada;;9;7;1;1;;1;1;1;;;1;998
11;4;7;2;2081;;1;1;N-310;133,4;6;2;1;1;CM-3121;8;1;2;1;;5;1
12;3;7;2;2081;;1;1;N-310;133,421;6;2;2;;;1;2;1;;;1;4
10;6;13;2;2081;;3;2;No inventariada;;9;2;1;4;;3;1;3;;;1;998
12;2;17;2;2081;;1;1;A-43;137,077;3;4;2;;;1;2;1;;;6;1
9;1;13;2;2081;;3;2;No inventariada;;9;7;1;1;;1;1;1;;;1;998
12;6;13;2;2081;;1;1;N-310;133,4;6;2;1;5;CM-3121;1;1;1;;;1;1
12;5;21;2;2081;;3;2;No inventariada;;9;6;1;1;;1;4;1;;;2;998
9;7;10;2;0;;1;1;N-322;419,37;6;9;2;;;1;1;1;;;1;2
7;3;14;2;0;;1;1;CM-3204;8;6;10;2;;;1;1;1;;;1;2
8;7;15;2;0;;1;1;CM-320;13,82;6;3;2;;;1;1;2;;;1;2
1;7;12;2;0;;1;1;CM-3206;21,2;6;19;2;;;1;1;1;;;1;2
2;7;14;2;0;;1;1;CM-3206;19,5;6;16;2;;;1;1;1;;;1;2
3;1;10;2;0;;1;1;AB-513;4,8;6;1;2;;;3;1;4;;;4;2
3;1;13;2;0;;1;1;A-30;26,1;3;14;2;;;1;1;1;;;1;1
4;6;22;2;0;;3;2;No inventariada;;9;2;1;1;;1;4;1;;;1;998
6;4;20;2;0;;3;2;No inventariada;;9;7;2;;;1;1;1;;;1;998
6;1;19;2;0;;3;2;No inventariada;;9;2;1;3;;1;1;1;;;1;998
9;7;15;2;0;;1;1;A-30;18,4;3;4;2;;;1;1;1;;;1;1
10;2;7;2;0;;1;1;A-30;26,5;3;16;2;;;1;2;1;;;1;1
10;3;14;2;0;;1;1;A-30;29,459;3;14;2;;;1;1;1;;;1;1
12;7;0;2;0;;3;2;No inventariada;;9;9;1;2;;1;4;1;;;1;998
1;7;12;3;3002;;1;1;CV-827;5,95;6;19;2;;;1;1;1;;;1;2
3;7;9;3;3002;;1;1;CV-827;8,1;6;15;2;;;1;1;1;;;4;2
4;2;13;3;3002;;1;1;CV-827;3,6;6;16;2;;;1;1;1;1;;1;2
5;4;20;3;3002;;1;1;CV-820;10;6;1;2;;;1;1;1;;;1;1
5;6;11;3;3002;;1;1;CV-820;11,371;6;4;1;2;;1;1;1;;;1;1
7;2;23;3;3002;;1;1;CV-820;5,5;6;16;2;;;1;6;1;;;1;1
7;6;11;3;3002;;1;1;CV-820;11,124;6;2;1;2;;1;1;2;;;1;1
7;1;16;3;3002;;1;1;CV-820;5,4;6;16;2;;;1;1;1;1;;1;1
2;7;13;3;3002;;1;1;No inventariada;1;10;1;2;;;1;1;1;;;1;1
11;4;10;3;3002;;1;1;CV-820;11;5;19;2;;;1;1;1;;;1;1
12;2;13;3;3002;;1;1;CV-820;12,576;5;18;2;;;1;1;1;;;1;2
4;5;23;3;0;;1;1;CV-700;10,507;6;19;2;;;1;6;1;;;4;2
7;7;18;3;0;;1;1;No inventariada;0;10;2;1;1;;1;1;1;;;1;1
5;6;12;3;0;;1;1;CV-775;10,977;6;16;2;;;1;1;1;;;1;2
7;7;12;3;0;;1;1;CV-775;9,8;6;18;2;;;1;1;1;;;1;2
8;7;10;3;0;;1;1;CV-775;12,5;6;16;2;;;1;1;1;1;;1;2
1;2;17;3;3005;;1;1;N-340;698,358;5;2;1;1;;1;2;1;;;6;1
1;7;21;3;3099;;1;1;CV-871;1,1;6;14;2;;;1;6;1;;;1;1
2;3;20;3;3005;;2;2;CAMINO FOR;1,5;10;4;2;;;1;6;1;;;1;1
3;6;7;3;3005;;3;2;No inventariada;;9;3;1;1;;1;3;1;;;1;998
3;4;13;3;3005;;3;2;No inventariada;;9;2;1;1;;1;1;1;;;1;998
4;6;10;3;3005;;1;1;CV-873;9,7;6;19;2;;;8;1;1;;;1;2
4;7;0;3;3005;;1;1;N-340;700,3;6;7;2;;;1;6;1;;;1;1
4;2;10;3;3005;;1;1;N-340;702,85;6;4;2;;;1;1;1;;;1;1
4;6;9;3;3005;;1;1;CV-873;10,5;6;19;2;;;1;1;1;;;1;1
4;6;8;3;3005;;1;1;N-340;697,472;6;3;1;4;N-340;1;1;1;;;1;2
5;5;22;3;3005;;1;1;N-340;698,3;6;18;1;2;;1;6;1;;;1;1
5;5;12;3;3005;;1;1;C.S. ISIDR;0,4;10;2;1;1;;1;1;1;;;1;1
4;1;19;3;3005;;3;2;No inventariada;;9;7;1;2;;1;1;1;;;1;998
5;4;11;3;3005;;3;2;No inventariada;;9;2;1;1;;1;1;1;;;1;998
6;4;13;3;3005;;3;2;No inventariada;;9;3;1;1;;1;1;1;;;1;998
6;1;14;3;3005;;3;2;No inventariada;;9;4;2;;;1;1;1;;;1;998
6;3;6;3;3005;;1;1;CANAL;17;10;6;1;3;;1;2;1;;;1;2
7;1;15;3;3005;;1;1;CAMINO CAÑ;3,5;10;18;2;;;1;1;1;;;1;3
7;5;10;3;3005;;1;1;N-340;696,922;6;16;1;5;;1;1;1;;;1;1
7;4;12;3;3005;;3;2;No inventariada;;9;2;1;1;;1;1;1;;;1;998
8;5;19;3;3005;;1;1;N-340;700,8;6;18;2;;;1;1;1;;;18;1
8;3;20;3;3005;;1;1;CV-873;9,445;6;16;2;;;1;1;1;;;1;2
9;7;12;3;3005;;1;1;CV-873;10,67;6;16;2;;;1;1;1;;;1;2
9;7;9;3;3005;;3;2;No inventariada;;9;3;2;;;3;1;2;;;1;998
9;3;19;3;3005;;3;2;No inventariada;;9;7;2;;;1;1;1;;;9;998
12;2;18;3;3005;;1;1;N-340;697,455;6;4;1;4;CV-900;1;4;1;;;1;4
3;5;12;3;0;;1;1;CV-720;45,6;6;8;2;;;1;1;1;;;1;1
7;4;19;3;0;;1;1;CV-720;43,05;6;19;2;;;1;2;1;;;1;2
8;5;7;3;0;;1;1;CV-720;41,688;6;8;2;;;1;6;1;;;1;1
8;5;11;3;0;;1;1;CV-720;41,673;6;9;2;;;3;1;3;;;1;2
9;3;17;3;0;;1;1;CV-720;44,5;6;3;2;;;1;1;1;;;1;3
10;7;22;3;0;;1;1;CV-720;43;6;15;2;;;3;6;4;;;1;2
11;6;11;3;0;;1;1;CV-720;41;6;2;1;4;CV-750;1;1;1;;;1;1
8;1;17;3;3014;;1;1;CV-824;4,455;6;18;2;;;1;1;1;;;1;2
1;1;9;3;3009;;1;1;CV-7891;0,5;6;19;2;;;3;1;3;;;4;2
1;5;6;3;3009;;3;2;No inventariada;;9;3;2;;;1;3;1;;;1;998
2;2;16;3;3009;;3;2;No inventariada;;9;3;1;1;;1;1;1;;;1;998
2;2;13;3;3009;;3;2;No inventariada;;9;6;1;4;;1;1;1;;;1;998
2;3;9;3;3009;;3;2;No inventariada;;9;7;1;1;;1;1;1;;;1;998
3;5;14;3;3009;;1;1;N-340;792,3;6;4;2;;;1;1;1;;;1;1
1;4;9;3;3009;;3;2;No inventariada;;9;3;1;1;;1;1;1;;;1;998
4;5;13;3;3009;;1;1;A-7;449;8;3;1;4;N-340;1;1;1;;;1;2
2;5;19;3;3009;;3;2;No inventariada;;9;1;1;1;;1;1;1;;;1;998
4;1;18;3;3009;;1;1;CV-7891;0,6;10;1;2;;;1;1;1;;;12;3
4;2;16;3;3009;;1;1;CV-795;3,66;6;18;2;;;1;1;1;;;4;2
4;5;19;3;3009;;1;1;CV-70;2,332;6;1;2;;;1;2;1;;;1;2
2;6;2;3;3009;;3;2;No inventariada;;9;12;2;;;1;3;1;1;;1;998
5;4;16;3;3009;;1;1;N-340;786,9;6;8;2;;;1;1;1;;;1;1
5;4;13;3;3009;;3;2;No inventariada;;9;2;2;;;1;1;1;;;1;998
6;7;13;3;3009;;3;2;No inventariada;;9;2;1;1;;1;1;1;;;1;998
5;3;13;3;3009;;3;2;No inventariada;;9;1;1;1;;1;1;1;;;1;998
5;7;10;3;3009;;3;2;No inventariada;;9;1;1;1;;1;1;1;;;1;998
5;6;8;3;3009;;3;2;No inventariada;;9;4;2;;;1;1;1;;;18;998
3;4;5;3;3009;;3;2;No inventariada;;9;16;1;1;;1;4;1;;;1;998
4;4;17;3;3009;;3;2;No inventariada;;9;3;1;1;;1;1;1;;;18;998
3;7;12;3;3009;;3;2;No inventariada;;9;12;1;1;;1;1;1;;;1;998
5;1;7;3;3009;;3;2;No inventariada;;9;12;1;1;;1;1;1;;;1;998
5;4;6;3;3009;;3;2;No inventariada;;9;2;1;1;;1;1;1;;;1;998
5;1;11;3;3009;;3;2;No inventariada;;9;3;1;1;;1;1;1;;;1;998
5;2;17;3;3009;;3;2;No inventariada;;9;10;1;1;;1;1;1;;;1;998
5;1;13;3;3009;;3;2;No inventariada;;9;1;2;;;1;1;1;;;1;998
5;3;8;3;3009;;3;2;No inventariada;;9;3;2;;;1;1;1;;;1;998
5;3;11;3;3009;;3;2;No inventariada;;9;2;2;;;1;1;1;;;1;998
6;3;6;3;3009;;3;2;No inventariada;;9;3;1;1;;1;2;2;1;;1;998
6;4;10;3;3009;;3;2;No inventariada;;9;7;2;;;1;1;1;;;1;998
1;2;20;3;3009;;3;2;No inventariada;;9;2;1;2;;1;1;1;;;1;998
1;1;12;3;3009;;3;2;No inventariada;;9;2;1;1;;1;1;1;;;1;998
1;2;8;3;3009;;3;2;No inventariada;;9;16;2;;;1;1;1;;;1;998
1;3;8;3;3009;;3;2;No inventariada;;9;4;2;;;1;1;1;;;1;998
2;5;11;3;3009;;3;2;No inventariada;;9;7;1;1;;1;1;1;;;1;998
6;5;17;3;3009;;1;1;CV-795;2,65;6;1;2;;;1;1;1;;;1;2
3;2;20;3;3009;;3;2;No inventariada;;9;3;2;;;1;1;1;;;1;998
3;6;13;3;3009;;3;2;No inventariada;;9;2;1;1;;1;1;1;;;1;998
4;4;12;3;3009;;3;2;No inventariada;;9;7;2;;;1;1;1;;;1;998
6;3;9;3;3009;;3;2;No inventariada;;9;3;2;;;1;1;1;;;1;998
7;3;11;3;3009;;3;2;No inventariada;;9;3;2;;;1;1;1;;;1;998
7;2;17;3;3009;;1;1;N-340;791,928;6;10;1;4;CV-795;1;1;1;;;1;2
7;2;19;3;3009;;3;2;No inventariada;;9;16;2;;;1;2;1;;;1;998
7;6;5;3;3009;;3;2;No inventariada;;9;2;1;1;;1;3;1;;;1;998
6;5;21;3;3009;;3;2;No inventariada;;9;7;2;;;1;1;1;;;1;998
9;2;15;3;3009;;1;1;A-7;448,972;3;4;1;4;;1;1;1;;;1;1
7;6;12;3;3009;;3;2;No inventariada;;9;4;2;;;1;1;1;;;1;998
7;7;21;3;3009;;3;2;No inventariada;;9;3;2;;;1;3;1;;;1;998
8;4;13;3;3009;;3;2;No inventariada;;9;3;1;2;;1;1;1;;;1;998
10;2;20;3;3009;;1;1;N-340;790,3;6;8;2;;;1;1;1;;;1;1
10;3;15;3;3009;;1;1;A-7;450,5;2;4;2;;;1;5;1;;;1;1
10;2;10;3;3009;;1;1;A-7;449,094;3;4;1;4;N-340;3;1;3;;;1;1
10;2;9;3;3009;;1;1;CV-795;11,915;14;17;2;;;3;1;3;;;1;2
10;2;19;3;3009;;3;2;No inventariada;;9;10;2;;;1;4;1;;;1;998
10;3;16;3;3009;;3;2;No inventariada;;9;7;2;;;1;1;1;;;1;998
10;3;17;3;3009;;3;2;No inventariada;;9;7;1;1;;1;1;1;;;6;998
10;1;9;3;3009;;3;2;No inventariada;;9;7;2;;;1;1;1;;;1;998
12;5;7;3;3009;;1;1;CV-795;13;6;3;2;;;3;2;1;;;4;1
12;7;12;3;3009;;1;1;A-7;449;3;4;1;4;N-340;1;1;1;;;1;1
10;6;14;3;3009;;3;2;No inventariada;;9;16;1;1;;1;1;1;;;1;998
11;4;16;3;3009;;3;2;No inventariada;;9;7;1;1;;1;1;1;;;1;998
11;4;21;3;3009;;3;2;No inventariada;;9;2;2;;;1;5;1;;;8;998
12;1;14;3;3009;;3;2;No inventariada;;9;7;1;1;;1;1;1;;;1;998
12;3;19;3;3009;;3;2;No inventariada;;9;7;1;1;;3;4;3;;;9;998
11;7;12;3;3009;;3;2;No inventariada;;9;16;1;1;;1;1;1;;;1;998
11;7;0;3;3009;;3;2;No inventariada;;9;4;2;;;1;4;1;;;1;998
12;3;20;3;3009;;3;2;No inventariada;;9;4;2;;;2;4;1;;;1;998
12;5;20;3;3009;;3;2;No inventariada;;9;16;2;;;1;4;1;;;1;998
11;3;10;3;3009;;3;2;No inventariada;;9;7;2;;;1;1;1;;;1;998
10;7;2;3;3009;;3;2;No inventariada;;9;5;2;;;1;4;1;;;1;998
3;7;0;3;0;;1;1;CV-700;5,3;6;19;2;;;1;6;1;;;1;1
1;5;18;3;3011;;3;2;No inventariada;;9;2;1;1;;1;3;1;;;1;998
1;1;18;3;3011;;3;2;No inventariada;;9;2;1;2;;1;3;1;;;1;998
1;1;19;3;3011;;3;2;No inventariada;;9;16;2;;;1;4;1;;;1;998
1;1;9;3;3011;;3;2;No inventariada;;9;2;1;2;;1;1;1;;;1;998
1;4;6;3;3011;;3;2;No inventariada;;9;2;1;2;;1;4;1;;;2;998
1;6;6;3;3011;;3;2;No inventariada;;9;13;2;;;1;4;1;;;1;998
2;4;18;3;3011;;3;2;No inventariada;;9;4;2;;;1;3;1;;;1;998
2;1;11;3;3011;;3;2;No inventariada;;9;10;2;;;1;1;1;;;1;998
2;1;16;3;3011;;3;2;No inventariada;;9;4;2;;;1;1;1;;;1;998
2;5;22;3;3011;;3;2;No inventariada;;9;2;1;1;;1;4;3;;;1;998
2;6;17;3;3011;;3;2;No inventariada;;9;2;1;1;;1;1;1;;;1;998
2;3;12;3;3011;;3;2;No inventariada;;9;10;2;;;1;1;7;;;1;998
2;4;14;3;3011;;3;2;No inventariada;;9;2;2;;;1;1;1;;;1;998
2;6;13;3;3011;;3;2;No inventariada;;9;4;2;;;1;1;1;;;1;998
2;1;14;3;3011;;3;2;No inventariada;;9;10;2;;;1;1;1;;;2;998
2;1;16;3;3011;;3;2;No inventariada;;9;2;2;;;1;1;1;;;1;998
2;3;14;3;3011;;3;2;No inventariada;;9;4;2;;;1;1;6;;;1;998
3;1;8;3;3011;;3;2;No inventariada;;9;1;1;2;;1;1;1;;;1;998
3;2;13;3;3011;;3;2;No inventariada;;9;10;2;;;1;1;1;;;1;998
3;4;16;3;3011;;3;2;No inventariada;;9;10;2;;;1;1;1;;;1;998
3;5;11;3;3011;;3;2;No inventariada;;9;4;2;;;1;1;1;;;1;998
3;6;14;3;3031;;1;1;N-332;152,2;6;2;2;;;1;1;1;;;1;1
3;1;21;3;3011;;3;2;No inventariada;;9;10;2;;;3;4;3;;;1;998
4;6;22;3;3011;;1;1;AP-7;646;2;12;2;;;1;6;1;;;1;1
4;5;9;3;3011;;3;2;No inventariada;;9;10;2;;;1;1;1;;;1;998
4;3;13;3;3011;;3;2;No inventariada;;9;2;1;3;;1;1;1;;;1;998
4;5;21;3;3011;;3;2;No inventariada;;9;4;2;;;1;4;7;;;1;998
4;7;22;3;3011;;3;2;No inventariada;;9;10;2;;;3;4;3;;;1;998
4;2;15;3;3011;;3;2;No inventariada;;9;10;2;;;3;1;3;;;1;998
5;7;0;3;3011;;1;1;CV-763;1;6;10;1;4;;1;6;1;;;1;1
5;7;21;3;3011;;1;1;CV-763;1,558;6;19;2;;;1;5;1;;;1;1
5;6;15;3;3011;;3;2;No inventariada;;9;10;2;;;1;1;7;;;1;998
5;3;14;3;3011;;3;2;No inventariada;;9;2;2;;;1;4;1;;;1;998
5;4;17;3;3011;;3;2;No inventariada;;9;10;2;;;1;1;1;;;1;998
6;3;14;3;3011;;1;1;CV-751;1,7;6;19;2;;;1;1;1;;;1;1
5;6;23;3;3011;;3;2;No inventariada;;9;7;2;;;1;4;7;;;1;998
5;3;15;3;3011;;3;2;No inventariada;;9;4;2;;;1;1;1;;;1;998
7;7;0;3;3011;;1;1;CV-763;1;6;12;2;;;1;4;1;;;1;1
8;3;7;3;3011;;1;1;CV-763;1,3;6;7;1;4;;1;1;1;;;1;2
8;7;19;3;3011;;3;2;No inventariada;;9;10;2;;;1;1;1;;;1;998
8;6;11;3;3094;;1;1;CV-763;0,551;6;1;2;;;1;1;2;;;1;2
9;5;13;3;3011;;3;2;No inventariada;;9;6;2;;;1;1;7;;;1;998
9;4;12;3;3011;;1;1;CV-751;1,6;6;19;2;;;7;1;1;;;1;1
9;5;17;3;3011;;3;2;No inventariada;;9;10;2;;;8;1;1;;;1;998
9;4;17;3;3011;;3;2;No inventariada;;9;2;1;4;;1;1;1;;;1;998
10;4;17;3;3011;;3;2;No inventariada;;9;2;1;2;;1;1;1;;;1;998
10;7;18;3;3011;;3;2;No inventariada;;9;7;2;;;1;1;1;;;17;998
9;1;21;3;3011;;3;2;No inventariada;;9;6;2;;;1;4;1;;;1;998
5;6;9;3;3011;;3;2;No inventariada;;9;3;2;;;1;1;1;;;1;998
6;3;15;3;3011;;3;2;No inventariada;;9;2;1;2;;2;1;1;;;1;998
6;4;23;3;3011;;3;2;No inventariada;;9;17;2;;;1;4;1;;;1;998
6;1;19;3;3011;;3;2;No inventariada;;9;3;1;4;;1;3;1;;;1;998
9;1;21;3;3011;;3;2;No inventariada;;9;7;2;;;1;4;1;;;1;998
10;5;11;3;3011;;3;2;No inventariada;;9;1;2;;;1;1;1;;;1;998
10;4;17;3;3011;;3;2;No inventariada;;9;2;1;4;;1;1;1;;;1;998
10;2;20;3;3011;;3;2;No inventariada;;9;10;1;4;;7;4;1;;;1;998
10;3;15;3;3011;;3;2;No inventariada;;9;2;2;;;1;1;1;;;9;998
9;1;17;3;3011;;3;2;No inventariada;;9;1;2;;;3;1;1;;;17;998
9;6;21;3;3011;;3;2;No inventariada;;9;10;1;2;;1;4;1;;;1;998
10;4;14;3;3011;;3;2;No inventariada;;9;6;2;;;1;1;1;;;1;998
9;5;16;3;3011;;3;2;No inventariada;;9;20;2;;;1;1;1;;;1;998
9;2;18;3;3011;;3;2;No inventariada;;9;4;1;4;;1;1;2;;;1;998
8;6;11;3;3011;;3;2;No inventariada;;9;4;1;4;;1;1;1;;;1;998
8;1;8;3;3011;;3;2;No inventariada;;9;4;2;;;1;1;1;;;1;998
11;4;15;3;3011;;3;2;No inventariada;;9;4;2;;;1;1;1;;;1;998
8;6;12;3;3011;;3;2;No inventariada;;9;16;2;;;1;1;1;;;1;998
11;4;8;3;3011;;3;2;No inventariada;;9;2;1;1;;1;1;1;;;2;998
11;3;16;3;3011;;3;2;No inventariada;;9;3;1;4;;1;1;1;;;1;998
11;1;11;3;3011;;3;2;No inventariada;;9;4;1;4;;1;1;1;;;6;998
8;6;9;3;3011;;3;2;No inventariada;;9;7;2;;;1;1;1;;;1;998
11;7;18;3;3011;;3;2;No inventariada;;9;3;1;2;;1;4;1;;;1;998
8;3;21;3;3011;;3;2;No inventariada;;9;6;1;2;;1;5;1;;;1;998
8;5;19;3;3011;;3;2;No inventariada;;9;12;2;;;1;2;1;;;5;998
8;2;19;3;3011;;3;2;No inventariada;;9;3;1;2;;1;4;1;;;1;998
8;2;8;3;3011;;3;2;No inventariada;;9;7;1;4;;1;1;1;;;1;998
8;7;12;3;3011;;3;2;No inventariada;;9;10;1;4;;1;1;1;;;1;998
8;6;19;3;3011;;3;2;No inventariada;;9;6;2;;;1;1;1;;;1;998
8;5;0;3;3011;;3;2;No inventariada;;9;1;1;1;;1;4;1;;;1;998
12;5;10;3;3011;;1;1;CV-751;1,86;6;2;2;;;1;1;1;;;1;2
12;3;21;3;3011;;3;2;No inventariada;;9;4;2;;;1;4;7;;;1;998
12;4;10;3;3011;;3;2;No inventariada;;9;1;1;1;;1;1;1;;;1;998
12;5;12;3;3011;;3;2;No inventariada;;9;20;2;;;1;1;1;;;1;998
7;6;15;3;3011;;3;2;No inventariada;;9;2;1;1;;1;1;1;;;12;998
4;1;14;3;3011;;3;2;No inventariada;;9;6;2;;;1;1;1;;;1;998
4;3;16;3;3011;;3;2;No inventariada;;9;10;1;4;;8;1;1;;;1;998
3;5;13;3;3011;;3;2;No inventariada;;9;16;1;2;;1;1;1;;;1;998
5;7;10;3;0;;1;1;CV-920;8,3;6;4;2;;;1;1;1;;;1;1
5;3;23;3;0;;1;1;CV-935;1,6;6;14;2;;;1;4;1;;;1;2
6;1;7;3;0;;1;1;CV-935;3,5;6;1;2;;;1;1;1;;;1;2
6;4;0;3;0;;1;1;AP-7;744,8;2;4;2;;;1;6;1;;;1;1
7;5;20;3;0;;1;1;CV-935;3,5;6;1;2;;;1;1;1;;;1;2
8;5;10;3;0;;1;1;AP-7;745,6;1;4;1;4;CV-940;1;1;1;;;1;1
10;3;11;3;0;;1;1;AP-7;745,6;1;4;1;4;CV-940;1;1;1;;;1;1
10;3;16;3;0;;1;1;CV-920;8,9;3;16;2;;;2;1;1;;;1;2
10;3;11;3;0;;1;1;AP-7;745,6;2;3;1;4;CV-940;1;1;1;;;3;2
11;3;8;3;3015;;1;1;AP-7;742,6;1;6;2;;;1;1;1;;;1;1
11;6;9;3;0;;1;1;CV-935;0,6;6;2;1;4;;1;1;2;;;1;1
11;7;21;3;0;;1;1;AP-7;745;1;4;2;;;1;6;1;;;1;1
5;1;9;3;0;;3;2;No inventariada;;9;;;;;999;999;999;;;999;998
7;2;15;3;0;;3;2;No inventariada;;9;4;2;;;1;1;1;;;18;998
9;5;15;3;0;;3;2;No inventariada;;9;2;2;;;1;1;1;;;18;998
12;5;7;3;3015;;1;1;CV-935;7,5;6;20;2;;;1;2;1;;;1;1
12;1;16;3;0;;1;1;CV-935;0,4;6;19;2;;;1;1;1;;;1;1
1;1;7;3;3014;;1;1;A-70;17,15;3;5;2;;;1;3;1;;;1;1
1;5;7;3;3014;;1;1;A-70;20,4;3;5;2;;;1;2;1;1;;1;1
1;2;15;3;3014;;1;1;A-70;20,35;3;5;2;;;1;1;1;;;1;1
1;1;14;3;3014;;1;1;A-77;2,3;3;15;2;;;1;1;1;;;1;1
1;4;9;3;3014;;1;1;A-70;12,3;3;5;2;;;1;1;1;;;1;1
2;5;14;3;3014;;1;1;A-31;235,1;3;4;2;;;1;1;1;;;1;1
2;5;19;3;3014;;1;1;A-70;10,7;3;2;1;12;;1;4;7;;;1;1
2;5;19;3;3014;;1;1;A-70;21,621;3;5;2;;;3;6;2;;;1;1
2;6;1;3;3014;;1;1;A-31;229,664;3;19;2;;;3;6;2;;;1;2
2;5;20;3;3014;;1;1;A-31;233;3;2;2;;;3;6;2;;;1;1
2;1;11;3;3014;;1;1;AP-7;693,653;1;4;2;;;1;1;1;;;1;3
2;1;19;3;3014;;3;2;No inventariada;;9;4;1;2;A-70;1;4;1;;;1;998
2;6;16;3;3014;;1;1;A-70;11,7;3;4;2;;;1;1;1;;;1;1
2;5;17;3;3014;;3;2;No inventariada;;9;7;1;2;;1;1;1;;;1;998
2;3;7;3;3014;;1;1;A-70;18,2;3;5;2;;;1;4;1;;;1;1
2;7;7;3;3014;;1;1;A-70;20,37;3;12;2;;;1;6;1;;;1;1
2;4;18;3;3014;;1;1;A-79;0,6;5;3;1;4;A-79;1;1;1;1;;1;1
2;5;18;3;3014;;1;1;A-77;0;3;12;1;4;A-70;1;6;1;;;1;2
1;1;16;3;3014;;3;2;No inventariada;;9;2;1;2;;1;1;1;;;1;998
2;2;8;3;3014;;1;1;A-70;9,9;3;4;2;;;1;1;1;1;1;1;1
1;4;7;3;3014;;3;2;No inventariada;;9;2;2;;;1;3;7;;;18;998
2;4;8;3;3014;;1;1;A-70;10,8;8;4;2;;;1;2;1;;;18;2
1;6;11;3;3014;;3;2;No inventariada;;9;10;2;;;7;1;1;;;1;998
2;5;7;3;3014;;3;2;No inventariada;;9;2;1;2;;1;3;1;;;1;998
1;6;22;3;3014;;3;2;No inventariada;;9;4;2;;;1;4;1;;;1;998