MES;DIA_SEMANA;HORA;COD_PROVINCIA;COD_MUNICIPIO;ISLA;ZONA;ZONA_AGRUPADA;CARRETERA;KM;TIPO_VIA;TIPO_ACCIDENTE;NUDO;NUDO_INFO;CARRETERA_CRUCE;CONDICION_FIRME;CONDICION_ILUMINACION;CONDICION_METEO;CONDICION_NIEBLA;CONDICION_VIENTO;VISIB_RESTRINGIDA_POR;TRAZADO_PLANTA
2;1;14;3;3014;;1;1;A-77a;0,001;3;4;1;4;;1;1;1;;;1;2
1;1;21;3;3014;;3;2;No inventariada;;9;7;2;;;1;4;1;;;9;998
1;1;17;3;3014;;3;2;No inventariada;;9;3;2;;;1;2;1;;;1;998
1;3;10;3;3014;;3;2;No inventariada;;9;4;2;;;1;1;1;;;1;998
2;6;14;3;3014;;3;2;No inventariada;;9;2;2;;;1;1;1;;;1;998
2;5;14;3;3014;;3;2;No inventariada;;9;7;2;;;1;1;1;;;1;998
2;5;11;3;3014;;3;2;No inventariada;;9;4;2;;;1;1;1;;;1;998
3;4;9;3;3014;;1;1;A-31;236,893;3;3;2;;;1;1;1;;;1;1
1;5;9;3;3014;;3;2;No inventariada;;9;2;2;;;1;1;1;;;1;998
2;4;12;3;3014;;3;2;No inventariada;;9;2;1;1;;1;1;1;;;1;998
2;4;17;3;3014;;3;2;No inventariada;;9;2;1;1;;1;1;1;;;1;998
2;5;7;3;3014;;3;2;No inventariada;;9;7;2;;;3;1;4;;;1;998
2;3;21;3;3014;;3;2;No inventariada;;9;4;2;;;1;4;1;;;1;998
2;5;9;3;3014;;3;2;No inventariada;;9;7;2;;;3;1;2;;;1;998
3;3;14;3;3014;;1;1;A-70;19,955;3;4;2;;;1;1;1;;;1;1
2;6;19;3;3014;;3;2;No inventariada;;9;2;2;;;1;3;1;;;1;998
2;2;22;3;3014;;3;2;No inventariada;;9;2;1;1;;1;4;1;;;1;998
3;4;16;3;3014;;1;1;CV-821;1,9;5;16;1;4;;7;1;1;;;1;2
3;2;8;3;3014;;3;2;No inventariada;;9;2;1;1;;1;1;1;;;1;998
2;4;19;3;3014;;3;2;No inventariada;;9;4;2;;;1;3;1;;;1;998
3;5;21;3;3014;;3;2;No inventariada;;9;3;2;;;1;4;1;;;1;998
3;1;0;3;3014;;3;2;No inventariada;;9;7;2;;;1;4;1;;;1;998
2;2;17;3;3014;;3;2;No inventariada;;9;4;2;;;1;1;1;;;1;998
3;6;8;3;3090;;1;1;A-70;5,311;3;4;2;;;1;1;2;1;;1;1
3;1;17;3;3014;;1;1;A-70;10,7;3;3;2;;;1;1;1;;;1;2
2;5;15;3;3014;;3;2;No inventariada;;9;2;1;5;;1;1;1;;;1;998
2;6;18;3;3014;;3;2;No inventariada;;9;3;2;;;1;1;1;;;1;998
3;1;9;3;3014;;3;2;No inventariada;;9;12;2;;;3;1;2;;;1;998
2;1;12;3;3014;;3;2;No inventariada;;9;7;2;;;1;1;1;;;1;998
2;2;19;3;3014;;3;2;No inventariada;;9;7;2;;;1;3;1;;;1;998
2;3;19;3;3014;;3;2;No inventariada;;9;7;2;;;1;3;1;;;1;998
2;3;20;3;3014;;3;2;No inventariada;;9;4;2;;;1;3;1;;;1;998
2;3;15;3;3014;;3;2;No inventariada;;9;6;2;;;1;1;1;;;1;998
2;4;15;3;3014;;3;2;No inventariada;;9;2;1;1;;1;1;1;;;1;998
3;5;20;3;3014;;3;2;No inventariada;;9;4;2;;;1;3;1;;;1;998
3;1;19;3;3014;;3;2;No inventariada;;9;6;2;;;1;4;1;;;1;998
3;1;9;3;3014;;3;2;No inventariada;;9;7;2;;;1;1;1;;;9;998
3;3;18;3;3014;;3;2;No inventariada;;9;2;1;1;;1;3;1;;;1;998
3;3;14;3;3014;;3;2;No inventariada;;9;4;2;;;1;1;1;;;1;998
3;4;9;3;3014;;3;2;No inventariada;;9;4;2;;;1;1;1;;;1;998
3;4;11;3;3014;;3;2;No inventariada;;9;4;2;;;1;1;1;;;1;998
4;7;14;3;3014;;1;1;CV-824;7,533;6;16;2;;;1;1;1;;;1;1
3;4;7;3;3014;;1;1;A-31;236,6;3;4;2;;;1;2;1;;;1;1
3;1;9;3;3014;;3;2;No inventariada;;9;4;2;;;1;1;1;;;1;998
3;5;16;3;3014;;3;2;No inventariada;;9;4;2;;;1;1;1;;;1;998
3;5;23;3;3014;;3;2;No inventariada;;9;4;2;;;1;4;1;;;1;998
3;5;9;3;3014;;3;2;No inventariada;;9;7;2;;;1;1;1;;;1;998
3;3;9;3;3014;;3;2;No inventariada;;9;4;2;;;1;1;1;;;1;998
4;2;8;3;3014;;1;1;A-70;11,8;3;5;2;;;1;1;1;;;1;1
3;6;18;3;3014;;3;2;No inventariada;;9;7;2;;;1;3;1;;;1;998
3;2;17;3;3014;;3;2;No inventariada;;9;3;1;4;;1;1;1;;;1;998
3;4;18;3;3014;;3;2;No inventariada;;9;4;2;;;1;3;1;;;1;998
4;6;6;3;3014;;3;2;No inventariada;;9;2;1;1;;1;4;1;;;1;998
4;6;8;3;3014;;1;1;A-70;21,3;3;14;1;2;A-70;1;1;1;;;1;2
3;4;12;3;3014;;3;2;No inventariada;;9;4;2;;;1;1;1;;;1;998
3;6;12;3;3014;;3;2;No inventariada;;9;4;2;;;1;1;1;;;1;998
4;1;23;3;3014;;1;1;CV-821;1,132;5;15;1;4;CV-821;3;5;3;;;18;4
4;1;21;3;3014;;1;1;A-31;231,15;3;5;2;;;1;6;2;;;1;1
4;2;6;3;3014;;1;1;CV-821;2,624;5;2;1;4;;3;4;2;;;18;2
4;4;1;3;3014;;3;2;No inventariada;;9;2;1;1;;1;4;1;;;1;998
4;5;10;3;3014;;3;2;No inventariada;;9;2;1;1;;1;1;1;;;1;998
4;6;0;3;3014;;3;2;No inventariada;;9;16;2;;;1;4;1;;;1;998
2;4;10;3;3014;;3;2;No inventariada;;9;10;2;;;1;1;1;;;1;998
2;2;3;3;3014;;3;2;No inventariada;;9;16;1;1;;1;4;1;;;1;998
3;3;20;3;3014;;3;2;No inventariada;;9;7;2;;;1;4;1;;;1;998
4;1;7;3;3014;;3;2;No inventariada;;9;2;1;1;;1;1;1;;;1;998
4;3;9;3;3014;;1;1;A-77a;0,01;3;4;1;4;A-70;1;1;1;;;1;2
4;1;14;3;3014;;3;2;No inventariada;;9;4;2;;;1;1;1;;;1;998
4;3;20;3;3014;;3;2;No inventariada;;9;4;2;;;1;3;1;;;1;998
4;5;21;3;3014;;1;1;A-70;20,3;3;5;2;;;1;4;1;;;1;1
3;7;15;3;3014;;3;2;No inventariada;;9;4;2;;;1;1;1;;;1;998
4;2;11;3;3014;;3;2;No inventariada;;9;2;1;1;;1;1;1;;;1;998
4;6;22;3;3014;;1;1;A-70;10,7;3;4;2;;;1;6;1;;;1;1
4;5;22;3;3014;;3;2;No inventariada;;9;4;1;2;;1;3;1;;;1;998
4;1;18;3;3014;;1;1;A-79;4,7;3;16;2;;;3;1;3;;;1;2
2;3;14;3;3014;;3;2;No inventariada;;9;4;2;;;1;1;1;;;1;998
3;2;20;3;3014;;3;2;No inventariada;;9;4;2;;;1;3;1;;;1;998
4;2;12;3;3014;;1;1;A-70;19,5;3;4;2;;;1;1;1;;;1;1
5;3;3;3;3014;;1;1;A-70;12,87;3;7;2;;;1;6;1;;;1;2
3;5;17;3;3014;;3;2;No inventariada;;9;3;2;;;1;3;1;;;1;998
5;5;8;3;3014;;1;1;A-70;12,1;3;5;2;;;1;1;1;;;1;1
5;5;15;3;3014;;1;1;CV-821;1;5;15;1;4;;7;1;1;;;1;2
5;7;9;3;3014;;1;1;CV-824;10,275;6;10;2;;;1;1;1;;;1;1
4;3;14;3;3014;;3;2;No inventariada;;9;2;1;1;;1;1;1;;;1;998
5;1;13;3;3014;;1;1;A-70;11,4;3;5;1;2;;1;1;2;;;1;1
4;5;12;3;3014;;3;2;No inventariada;;9;2;1;5;;1;1;1;;;1;998
5;3;8;3;3014;;1;1;A-70;13,073;3;5;2;;;1;1;1;;;1;1
5;2;8;3;3014;;1;1;A-70;25,1;3;4;2;;;1;1;1;;;1;1
4;6;13;3;3014;;3;2;No inventariada;;9;3;2;;;1;1;1;;;1;998
5;5;13;3;3119;;1;1;A-70;7,75;3;18;2;;;1;4;1;1;;1;1
5;7;5;3;3014;;1;1;A-31;233;3;16;2;;;1;6;1;;;1;3
4;1;15;3;3014;;3;2;No inventariada;;9;10;2;;;3;1;3;;;1;998
2;5;11;3;3014;;3;2;No inventariada;;9;2;1;1;;1;1;1;;;1;998
2;5;8;3;3014;;3;2;No inventariada;;9;3;2;;;1;1;1;;;1;998
1;5;8;3;3014;;3;2;No inventariada;;9;2;1;1;;1;1;1;;;1;998
2;2;12;3;3014;;3;2;No inventariada;;9;4;2;;;1;1;1;;;1;998
2;5;8;3;3014;;3;2;No inventariada;;9;10;2;;;3;1;3;;;1;998
2;2;15;3;3014;;3;2;No inventariada;;9;10;2;;;1;1;1;;;1;998
2;6;6;3;3014;;3;2;No inventariada;;9;3;2;;;3;4;2;;;1;998
2;4;14;3;3014;;3;2;No inventariada;;9;2;1;1;;1;1;1;;;1;998
2;4;17;3;3014;;3;2;No inventariada;;9;10;2;;;1;1;1;;;1;998
2;6;4;3;3014;;3;2;No inventariada;;9;10;2;;;1;4;1;;;1;998
2;1;10;3;3014;;3;2;No inventariada;;9;3;2;;;1;1;1;;;1;998
2;7;16;3;3014;;3;2;No inventariada;;9;4;2;;;1;1;1;;;1;998
2;7;20;3;3014;;3;2;No inventariada;;9;2;2;;;1;3;1;;;1;998
3;5;20;3;3014;;3;2;No inventariada;;9;2;1;2;;1;2;1;;;1;998
2;3;16;3;3014;;3;2;No inventariada;;9;7;2;;;1;1;1;;;1;998
2;3;7;3;3014;;3;2;No inventariada;;9;2;2;;;1;1;1;;;1;998
2;5;9;3;3014;;3;2;No inventariada;;9;2;1;2;;1;1;1;;;1;998
2;5;13;3;3014;;3;2;No inventariada;;9;20;2;;;1;1;1;;;1;998
3;4;11;3;3014;;3;2;No inventariada;;9;4;2;;;1;1;1;;;1;998
2;1;19;3;3014;;3;2;No inventariada;;9;2;2;;;1;3;1;;;1;998
2;6;17;3;3014;;3;2;No inventariada;;9;4;2;;;1;1;1;;;1;998
2;2;17;3;3014;;3;2;No inventariada;;9;4;2;;;1;1;1;;;1;998
2;4;9;3;3014;;3;2;No inventariada;;9;7;2;;;1;1;1;;;1;998
2;3;18;3;3014;;3;2;No inventariada;;9;2;2;;;1;1;1;;;1;998
2;3;16;3;3014;;3;2;No inventariada;;9;3;2;;;1;1;1;;;1;998
2;3;19;3;3014;;3;2;No inventariada;;9;4;2;;;1;3;1;;;1;998
3;5;5;3;3014;;3;2;No inventariada;;9;10;2;;;1;3;1;;;1;998
3;5;8;3;3014;;3;2;No inventariada;;9;4;2;;;1;1;1;;;1;998
3;5;13;3;3014;;3;2;No inventariada;;9;4;2;;;1;1;1;;;1;998
3;5;16;3;3014;;3;2;No inventariada;;9;2;1;1;;1;1;1;;;1;998
3;6;7;3;3014;;3;2;No inventariada;;9;2;2;;;1;2;1;;;1;998
3;6;12;3;3014;;3;2;No inventariada;;9;6;2;;;1;1;1;;;1;998
3;6;12;3;3014;;3;2;No inventariada;;9;10;2;;;7;1;1;;;1;998
3;7;15;3;3014;;3;2;No inventariada;;9;2;1;1;;1;1;1;;;1;998
3;6;9;3;3014;;3;2;No inventariada;;9;2;1;1;;1;1;1;;;1;998
2;1;12;3;3014;;3;2;No inventariada;;9;7;2;;;1;1;1;;;1;998
3;1;7;3;3014;;3;2;No inventariada;;9;3;1;5;;1;1;1;;;1;998
3;1;9;3;3014;;3;2;No inventariada;;9;2;1;1;;1;1;1;;;1;998
3;4;15;3;3014;;3;2;No inventariada;;9;2;2;;;1;1;1;;;1;998
3;1;18;3;3014;;3;2;No inventariada;;9;7;2;;;1;1;1;;;1;998
3;4;13;3;3014;;3;2;No inventariada;;9;2;2;;;1;1;1;;;1;998
3;5;8;3;3014;;3;2;No inventariada;;9;2;2;;;1;1;1;;;1;998
3;2;15;3;3014;;3;2;No inventariada;;9;4;2;;;8;1;1;;;1;998
3;5;8;3;3014;;3;2;No inventariada;;9;2;2;;;1;1;1;;;1;998
3;5;11;3;3014;;3;2;No inventariada;;9;2;2;;;1;1;1;;;1;998
3;5;14;3;3014;;3;2;No inventariada;;9;3;1;4;;1;1;1;;;1;998
3;3;15;3;3014;;3;2;No inventariada;;9;4;2;;;1;1;1;;;1;998
3;6;21;3;3014;;3;2;No inventariada;;9;7;2;;;1;4;1;;;1;998
3;4;20;3;3014;;3;2;No inventariada;;9;2;2;;;1;1;1;;;1;998
3;4;14;3;3014;;3;2;No inventariada;;9;4;2;;;1;1;1;;;1;998
3;4;15;3;3014;;3;2;No inventariada;;9;3;2;;;1;1;1;;;1;998
3;7;21;3;3014;;3;2;No inventariada;;9;10;2;;;3;3;2;;;1;998
3;2;13;3;3014;;3;2;No inventariada;;9;10;2;;;3;1;3;;;1;998
3;2;20;3;3014;;3;2;No inventariada;;9;20;2;;;1;3;1;;;1;998
3;2;20;3;3014;;3;2;No inventariada;;9;2;2;;;1;3;1;;;1;998
3;4;10;3;3014;;3;2;No inventariada;;9;20;2;;;1;1;1;;;1;998
3;4;7;3;3014;;3;2;No inventariada;;9;10;1;1;;1;3;1;;;1;998
1;3;15;3;3014;;3;2;No inventariada;;9;2;2;;;1;1;1;;;1;998
3;4;14;3;3014;;3;2;No inventariada;;9;7;2;;;1;1;1;;;1;998
4;3;18;3;3014;;3;2;No inventariada;;9;6;2;;;1;1;1;;;1;998
4;4;8;3;3014;;3;2;No inventariada;;9;6;2;;;1;1;1;;;1;998
4;4;13;3;3014;;3;2;No inventariada;;9;2;1;1;;1;1;1;;;1;998
4;1;17;3;3014;;3;2;No inventariada;;9;4;2;;;1;1;1;;;1;998
3;1;13;3;3014;;3;2;No inventariada;;9;10;2;;;1;1;1;;;1;998
4;1;17;3;3014;;3;2;No inventariada;;9;2;2;;;1;1;1;;;1;998
4;3;9;3;3014;;3;2;No inventariada;;9;10;2;;;7;1;1;;;1;998
4;3;17;3;3014;;3;2;No inventariada;;9;4;2;;;1;1;1;;;1;998
4;4;14;3;3014;;3;2;No inventariada;;9;4;2;;;1;1;1;;;1;998
4;5;10;3;3014;;3;2;No inventariada;;9;20;2;;;1;1;1;;;1;998
4;5;23;3;3014;;3;2;No inventariada;;9;2;2;;;1;4;1;;;1;998
4;6;21;3;3014;;3;2;No inventariada;;9;2;1;2;;1;4;1;;;1;998
4;6;15;3;3014;;3;2;No inventariada;;9;4;2;;;1;1;1;;;1;998
4;6;21;3;3014;;3;2;No inventariada;;9;3;2;;;1;4;1;;;1;998
4;2;14;3;3014;;3;2;No inventariada;;9;2;1;4;;1;1;1;;;1;998
4;2;18;3;3014;;3;2;No inventariada;;9;4;2;;;1;3;1;;;1;998
4;3;18;3;3014;;3;2;No inventariada;;9;2;2;;;1;3;1;;;1;998
4;5;15;3;3014;;3;2;No inventariada;;9;4;2;;;1;1;1;;;1;998
4;5;19;3;3014;;3;2;No inventariada;;9;2;1;2;;1;1;1;;;1;998
2;2;20;3;3014;;3;2;No inventariada;;9;2;2;;;1;3;1;;;1;998
4;6;16;3;3014;;3;2;No inventariada;;9;2;1;2;;1;1;1;;;1;998
3;3;14;3;3014;;3;2;No inventariada;;9;3;2;;;1;1;1;;;1;998
4;7;18;3;3014;;3;2;No inventariada;;9;4;2;;;1;1;1;;;1;998
4;1;8;3;3014;;3;2;No inventariada;;9;2;1;1;;1;1;1;;;1;998
4;1;8;3;3014;;3;2;No inventariada;;9;3;2;;;1;1;1;;;1;998
4;2;12;3;3014;;3;2;No inventariada;;9;4;2;;;1;1;1;;;1;998
4;2;12;3;3014;;3;2;No inventariada;;9;2;2;;;1;1;1;;;1;998
2;3;15;3;3014;;3;2;No inventariada;;9;4;2;;;1;1;1;;;1;998
3;4;13;3;3014;;3;2;No inventariada;;9;10;2;;;1;1;1;;;1;998
2;7;14;3;3014;;3;2;No inventariada;;9;7;2;;;1;1;1;;;1;998
3;5;20;3;3014;;3;2;No inventariada;;9;4;2;;;1;3;1;;;1;998
5;4;18;3;3014;;1;1;A-70;15,424;3;12;2;;;1;1;1;;;1;1
4;2;14;3;3014;;3;2;No inventariada;;9;4;2;;;3;1;2;;;1;998
5;5;14;3;3014;;3;2;No inventariada;;9;4;2;;;1;1;1;;;1;998
5;5;15;3;3014;;3;2;No inventariada;;9;4;2;;;1;1;1;;;1;998
5;6;13;3;3014;;3;2;No inventariada;;9;4;2;;;1;1;1;;;1;998
5;6;12;3;3014;;3;2;No inventariada;;9;4;2;;;1;1;1;;;1;998
5;6;16;3;3014;;1;1;CV-800;8,45;6;18;2;;;1;1;1;;;1;2
5;2;8;3;3014;;3;2;No inventariada;;9;4;1;2;;1;1;1;;;1;998
5;2;9;3;3014;;1;1;A-70;19,6;3;5;2;;;1;1;1;;;1;1
5;2;15;3;3014;;1;1;CV-821;1,1;5;4;1;4;CV-821;1;1;1;;;1;2
5;2;18;3;3014;;1;1;A-31;235,5;3;4;2;;;1;1;1;;;1;1
5;4;20;3;3014;;1;1;CV-821;3;5;16;1;4;;1;1;1;;;1;1
6;1;18;3;3065;;1;1;N-332;98,3;6;19;2;;;1;1;1;;;1;1
5;4;19;3;3014;;3;2;No inventariada;;9;2;2;;;1;1;1;;;1;998
5;4;18;3;3014;;3;2;No inventariada;;9;2;1;1;;1;1;1;;;1;998
5;7;9;3;3014;;3;2;No inventariada;;9;10;2;;;1;1;1;;;1;998
5;1;8;3;3014;;3;2;No inventariada;;9;4;2;;;1;1;1;;;1;998
2;5;9;3;3014;;3;2;No inventariada;;9;2;1;2;;1;1;1;;;1;998
4;3;17;3;3014;;3;2;No inventariada;;9;2;1;1;;1;1;1;;;1;998
4;3;8;3;3014;;3;2;No inventariada;;9;4;2;;;1;1;1;;;1;998
4;7;20;3;3014;;3;2;No inventariada;;9;2;1;2;;1;3;1;;;1;998
5;4;14;3;3014;;3;2;No inventariada;;9;4;2;;;1;1;1;;;1;998
5;3;13;3;3014;;3;2;No inventariada;;9;4;2;;;1;1;1;;;1;998
5;4;16;3;3014;;3;2;No inventariada;;9;4;2;;;1;1;1;;;1;998
5;5;15;3;3014;;3;2;No inventariada;;9;4;2;;;1;1;1;;;1;998
5;6;22;3;3014;;3;2;No inventariada;;9;2;1;1;;1;4;1;;;4;998
6;1;20;3;3014;;3;2;No inventariada;;9;7;2;;;1;1;1;;;1;998
6;4;9;3;3014;;1;1;A-31;234,8;3;12;2;;;1;1;1;;;1;2
5;7;11;3;3014;;3;2;No inventariada;;9;3;2;;;1;1;1;;;1;998
6;1;17;3;3014;;1;1;A-70;16,162;3;4;1;4;A-77a;1;1;1;;;1;1
5;4;15;3;3014;;3;2;No inventariada;;9;3;2;;;1;1;1;;;1;998
5;4;16;3;3014;;3;2;No inventariada;;9;2;1;1;;1;1;1;;;1;998
5;5;12;3;3014;;3;2;No inventariada;;9;2;1;1;;1;1;1;;;1;998
6;6;23;3;3014;;3;2;No inventariada;;9;4;2;;;1;4;1;;;1;998
5;4;19;3;3014;;3;2;No inventariada;;9;4;2;;;1;3;1;;;1;998
5;5;10;3;3014;;3;2;No inventariada;;9;2;1;5;;1;1;1;;;1;998
5;5;18;3;3014;;3;2;No inventariada;;9;4;2;;;1;1;1;;;1;998
5;6;23;3;3014;;3;2;No inventariada;;9;1;1;4;;1;4;1;;;1;998
5;7;19;3;3014;;3;2;No inventariada;;9;3;2;;;1;3;1;;;1;998
5;1;8;3;3014;;3;2;No inventariada;;9;2;1;1;;1;1;1;;;1;998
5;1;11;3;3014;;3;2;No inventariada;;9;3;2;;;1;1;1;;;1;998
5;1;17;3;3014;;3;2;No inventariada;;9;3;2;;;1;1;1;;;1;998
5;1;19;3;3014;;3;2;No inventariada;;9;7;2;;;1;1;1;;;1;998
5;2;11;3;3014;;3;2;No inventariada;;9;7;2;;;1;1;1;;;1;998
5;2;15;3;3014;;3;2;No inventariada;;9;4;2;;;1;1;1;;;1;998
5;3;15;3;3014;;3;2;No inventariada;;9;2;2;;;1;1;1;;;1;998
6;6;20;3;3014;;1;1;A-31;235,5;3;12;1;10;;1;1;1;;;1;1
5;3;12;3;3014;;3;2;No inventariada;;9;7;2;;;1;1;1;;;1;998
5;4;9;3;3014;;3;2;No inventariada;;9;2;1;1;;1;1;1;;;1;998
5;4;16;3;3014;;3;2;No inventariada;;9;1;1;2;;1;1;1;;;1;998
5;5;10;3;3014;;3;2;No inventariada;;9;7;2;;;1;1;1;;;1;998
5;5;11;3;3014;;3;2;No inventariada;;9;2;2;;;1;1;1;;;1;998
5;5;14;3;3014;;3;2;No inventariada;;9;2;1;1;;8;1;1;;;1;998
5;5;20;3;3014;;3;2;No inventariada;;9;10;2;;;7;3;1;;;1;998
2;6;10;3;3014;;3;2;No inventariada;;9;4;2;;;1;1;1;;;1;998
3;2;19;3;3014;;3;2;No inventariada;;9;2;1;2;;1;3;1;;;1;998
3;6;13;3;3014;;3;2;No inventariada;;9;6;2;;;1;1;1;;;1;998
5;2;18;3;3014;;3;2;No inventariada;;9;4;2;;;1;1;1;;;1;998
5;7;9;3;3014;;3;2;No inventariada;;9;7;2;;;1;1;1;;;1;998
5;7;16;3;3014;;3;2;No inventariada;;9;2;2;;;1;1;1;;;1;998
5;5;19;3;3014;;3;2;No inventariada;;9;2;1;1;;1;1;1;;;1;998
5;1;11;3;3014;;3;2;No inventariada;;9;10;2;;;8;1;1;;;1;998
5;1;12;3;3014;;3;2;No inventariada;;9;4;2;;;1;1;1;;;1;998
5;1;17;3;3014;;3;2;No inventariada;;9;2;2;;;1;1;1;;;1;998
5;2;15;3;3014;;3;2;No inventariada;;9;2;1;4;;1;1;1;;;1;998
5;5;8;3;3014;;3;2;No inventariada;;9;2;1;1;;1;1;1;;;1;998
6;6;13;3;3014;;3;2;No inventariada;;9;2;2;;;1;1;1;;;1;998
6;6;15;3;3014;;3;2;No inventariada;;9;3;2;;;1;1;1;;;1;998
6;2;9;3;3014;;3;2;No inventariada;;9;4;2;;;1;1;1;;;1;998
6;2;12;3;3014;;3;2;No inventariada;;9;2;1;1;;1;1;1;;;1;998
6;4;15;3;3014;;1;1;A-70;13,215;3;4;1;2;;1;1;1;;;1;3
6;4;10;3;3014;;3;2;No inventariada;;9;4;2;;;1;1;1;;;1;998
6;5;10;3;3014;;3;2;No inventariada;;9;2;1;1;;1;1;1;;;1;998
6;6;22;3;3014;;3;2;No inventariada;;9;2;1;1;;1;4;1;;;1;998
6;2;10;3;3014;;3;2;No inventariada;;9;1;2;;;3;1;1;;;1;998
5;7;1;3;3014;;3;2;No inventariada;;9;16;2;;;1;4;1;;;1;998
6;4;1;3;3014;;3;2;No inventariada;;9;19;1;2;;1;4;1;;;1;998
6;2;8;3;3014;;3;2;No inventariada;;9;7;1;2;;1;1;1;;;1;998
6;6;5;3;3014;;3;2;No inventariada;;9;10;1;2;;1;3;1;;;1;998
6;6;22;3;3014;;1;1;A-31;231;3;4;2;;;1;6;1;;;1;1
7;3;21;3;3014;;1;1;A-77a;0;3;10;1;4;;1;1;1;;;1;2
7;4;8;3;3014;;1;1;A-77;0,3;3;5;2;;;1;1;1;;;1;1
7;5;7;3;3014;;1;1;A-7;489,8;3;12;2;;;1;1;1;;;1;1
5;4;17;3;3014;;3;2;No inventariada;;9;10;2;;;1;1;1;;;1;998
5;4;18;3;3014;;3;2;No inventariada;;9;2;1;1;;1;1;1;;;1;998
7;6;13;3;3014;;1;1;A-70;18;3;4;2;;;1;1;1;;;1;1
6;6;13;3;3014;;3;2;No inventariada;;9;10;2;;;1;1;1;;;1;998
6;6;10;3;3014;;3;2;No inventariada;;9;2;2;;;1;1;1;;;1;998
5;5;14;3;3014;;3;2;No inventariada;;9;2;2;;;1;1;1;;;1;998
6;6;10;3;3014;;3;2;No inventariada;;9;2;1;1;;1;1;1;;;1;998
6;6;16;3;3014;;3;2;No inventariada;;9;2;1;1;;1;1;1;;;1;998
7;1;12;3;3014;;1;1;A-70;20,5;3;5;2;;;1;1;1;;;1;1
6;7;23;3;3014;;3;2;No inventariada;;9;4;2;;;1;4;1;;;1;998
6;2;13;3;3014;;3;2;No inventariada;;9;4;2;;;1;1;1;;;1;998
6;3;12;3;3014;;3;2;No inventariada;;9;19;2;;;1;1;1;;;1;998
6;3;13;3;3014;;3;2;No inventariada;;9;10;2;;;1;1;1;;;1;998
6;3;18;3;3014;;3;2;No inventariada;;9;7;2;;;1;1;1;;;1;998
6;3;20;3;3014;;3;2;No inventariada;;9;2;2;;;1;3;1;;;1;998
6;5;21;3;3014;;3;2;No inventariada;;9;2;1;1;;1;4;1;;;1;998
6;5;13;3;3014;;3;2;No inventariada;;9;10;2;;;8;1;1;;;1;998
6;5;17;3;3014;;3;2;No inventariada;;9;2;1;1;;1;1;1;;;1;998
7;3;15;3;3014;;1;1;A-70;20,028;3;4;2;;;1;1;1;;;1;1
6;6;11;3;3014;;3;2;No inventariada;;9;10;2;;;7;1;1;;;1;998
6;6;16;3;3014;;3;2;No inventariada;;9;4;2;;;1;1;1;;;1;998
6;7;12;3;3014;;3;2;No inventariada;;9;10;2;;;3;1;1;;;1;998
6;7;14;3;3014;;3;2;No inventariada;;9;10;1;1;;1;1;1;;;1;998
7;4;15;3;3014;;1;1;A-70;21,6;3;4;2;;;1;1;1;;;1;1
6;1;9;3;3014;;3;2;No inventariada;;9;7;2;;;1;1;1;;;1;998
6;1;13;3;3014;;3;2;No inventariada;;9;3;1;1;;1;1;1;;;1;998
6;1;17;3;3014;;3;2;No inventariada;;9;3;2;;;1;1;1;;;1;998
6;1;18;3;3014;;3;2;No inventariada;;9;4;2;;;1;1;1;;;1;998
6;1;21;3;3014;;3;2;No inventariada;;9;2;1;1;;3;4;3;;;1;998
7;5;11;3;3014;;1;1;A-70;14,349;3;5;2;;;1;1;1;;;1;1
7;5;19;3;3014;;1;1;A-70;10,7;8;4;1;12;N-334;1;1;1;;;1;1
6;2;20;3;3014;;3;2;No inventariada;;9;2;1;1;;1;3;1;;;1;998
6;2;11;3;3014;;3;2;No inventariada;;9;2;1;1;;1;1;1;;;1;998
7;3;1;3;3014;;1;1;CV-821;2,3;5;10;2;;;1;4;1;;;1;1
6;2;20;3;3014;;3;2;No inventariada;;9;4;2;;;1;3;1;;;1;998
6;3;18;3;3014;;3;2;No inventariada;;9;2;2;;;3;1;1;;;1;998
6;3;6;3;3014;;3;2;No inventariada;;9;10;2;;;3;3;3;;;1;998
7;5;14;3;3014;;1;1;A-31;238;3;4;2;;;1;1;1;;;1;1
7;5;9;3;3014;;3;2;No inventariada;;9;10;2;;;2;1;1;;;1;998
7;6;18;3;3014;;1;1;CV-821;1,136;5;4;2;;;1;1;1;;;1;1
6;3;14;3;3014;;3;2;No inventariada;;9;7;2;;;1;1;1;;;1;998
6;3;18;3;3014;;3;2;No inventariada;;9;2;1;1;;3;1;1;;;1;998
7;1;15;3;3014;;1;1;A-70;20,15;3;4;2;;;1;1;1;;;1;1
6;2;21;3;3014;;3;2;No inventariada;;9;7;2;;;1;4;1;;;1;998
6;5;18;3;3014;;3;2;No inventariada;;9;4;2;;;1;1;1;;;1;998
7;2;8;3;3014;;1;1;A-70;10,7;3;4;2;;;1;1;1;;;1;1
6;5;21;3;3014;;3;2;No inventariada;;9;7;2;;;1;3;1;;;1;998
6;5;21;3;3014;;3;2;No inventariada;;9;6;2;;;1;3;1;;;1;998
6;5;23;3;3014;;3;2;No inventariada;;9;4;2;;;1;4;1;;;1;998
6;4;16;3;3014;;3;2;No inventariada;;9;3;1;2;;1;1;1;;;1;998
6;4;15;3;3014;;3;2;No inventariada;;9;4;2;;;1;1;1;;;1;998
6;2;1;3;3014;;3;2;No inventariada;;9;2;1;2;;1;4;1;;;1;998