MES;DIA_SEMANA;HORA;COD_PROVINCIA;COD_MUNICIPIO;ISLA;ZONA;ZONA_AGRUPADA;CARRETERA;KM;TIPO_VIA;TIPO_ACCIDENTE;NUDO;NUDO_INFO;CARRETERA_CRUCE;CONDICION_FIRME;CONDICION_ILUMINACION;CONDICION_METEO;CONDICION_NIEBLA;CONDICION_VIENTO;VISIB_RESTRINGIDA_POR;TRAZADO_PLANTA
6;2;11;3;3014;;3;2;No inventariada;;9;4;2;;;1;1;1;;;1;998
6;2;20;3;3014;;3;2;No inventariada;;9;2;1;2;;1;3;1;;;1;998
6;4;8;3;3014;;3;2;No inventariada;;9;7;1;4;;1;1;1;;;1;998
6;7;20;3;3014;;3;2;No inventariada;;9;2;2;;;1;1;1;;;1;998
7;1;17;3;3014;;1;1;A-70;21;3;4;2;;;1;1;1;;;1;1
8;7;22;3;3014;;1;1;A-70;20,364;3;4;2;;;1;5;1;;;1;1
8;1;22;3;3014;;1;1;A-70;9,9;3;4;2;;;1;6;1;;;1;1
8;2;1;3;3014;;1;1;A-31;235,9;3;4;1;10;A-70;1;6;1;1;;1;1
6;3;17;3;3014;;3;2;No inventariada;;9;2;2;;;1;1;1;;;17;998
7;5;14;3;3014;;3;2;No inventariada;;9;3;1;2;;1;1;1;;;1;998
8;3;19;3;3014;;3;2;No inventariada;;9;19;1;2;;1;1;1;;;1;998
7;2;16;3;3014;;3;2;No inventariada;;9;19;1;2;;1;1;1;;;1;998
7;5;16;3;3014;;3;2;No inventariada;;9;5;1;2;;1;1;1;;;1;998
8;4;14;3;3014;;1;1;A-70;10;3;4;2;;;1;1;1;;;1;1
8;6;22;3;3014;;1;1;A-70;21,5;3;4;2;;;1;6;1;;;1;1
8;7;8;3;3014;;1;1;A-31;231,5;3;18;2;;;1;1;1;;;1;2
8;1;3;3;3014;;1;1;A-70;20,923;5;20;2;;;1;5;1;;;1;1
8;5;9;3;3014;;3;2;No inventariada;;9;2;1;2;;1;1;1;;;1;998
6;5;21;3;3014;;3;2;No inventariada;;7;3;2;;;1;5;1;;;1;998
8;1;21;3;3014;;1;1;A-79;0,8;5;15;1;4;;1;6;1;;;1;2
8;4;8;3;3014;;1;1;CV-800;6,629;6;1;2;;;1;1;2;;;1;1
7;7;2;3;3014;;3;2;No inventariada;;9;3;1;2;;1;4;1;;;1;998
8;1;13;3;3014;;1;1;A-77a;0,05;5;4;2;;;1;1;1;;;1;1
8;7;18;3;3014;;1;1;V.C. A-77;3,5;10;4;1;4;CV-824;1;1;1;;;1;2
6;4;14;3;3014;;3;2;No inventariada;;9;20;2;;;1;1;1;;;1;998
8;5;14;3;3014;;1;1;A-70;21,711;3;4;1;12;;1;1;1;;;1;1
9;7;9;3;3014;;1;1;CV-824;1;6;1;1;2;;1;1;1;;;1;1
6;4;23;3;3014;;3;2;No inventariada;;9;7;2;;;1;4;1;;;1;998
6;7;15;3;3014;;3;2;No inventariada;;9;7;2;;;1;1;1;;;17;998
6;2;17;3;3014;;3;2;No inventariada;;9;12;2;;;1;1;1;;;1;998
9;5;15;3;3014;;1;1;A-70;22,137;3;4;2;;;1;1;1;;;1;1
6;2;0;3;3014;;3;2;No inventariada;;9;2;1;2;;1;4;1;;;9;998
9;1;13;3;3014;;1;1;A-70;21,5;3;4;1;12;A-31;1;1;1;;;1;1
6;6;20;3;3014;;3;2;No inventariada;;9;6;2;;;1;1;1;;;1;998
6;5;18;3;3014;;3;2;No inventariada;;9;7;2;;;1;1;1;;;1;998
9;2;17;3;3014;;1;1;A-31;235,1;3;4;2;;;1;1;1;;;1;1
9;4;21;3;3014;;1;1;A-31;231,556;3;4;2;;;3;6;3;;;1;1
9;5;8;3;3014;;1;1;A-70;16,154;3;4;2;;;9;1;1;;;1;1
9;1;7;3;3014;;1;1;A-70;12,5;3;4;2;;;1;2;1;;;1;1
9;2;14;3;3014;;1;1;A-70;16,156;7;4;2;;;1;1;1;;;4;1
9;2;15;3;3014;;1;1;A-77a;0,01;3;4;1;4;A-70;1;1;1;;;1;1
5;6;19;3;3014;;3;2;No inventariada;;9;16;1;4;;1;1;1;;;1;998
9;2;15;3;3014;;3;2;No inventariada;;9;2;1;2;;1;1;1;;;18;998
6;4;9;3;3014;;3;2;No inventariada;;9;7;2;;;1;1;1;;;1;998
6;5;23;3;3014;;3;2;No inventariada;;9;7;1;2;;1;4;1;;;1;998
6;4;10;3;3014;;3;2;No inventariada;;9;16;2;;;1;1;1;;;1;998
7;6;9;3;3014;;3;2;No inventariada;;9;7;2;;;1;1;1;;;1;998
6;4;22;3;3014;;3;2;No inventariada;;9;7;2;;;1;4;1;;;1;998
9;2;10;3;3014;;3;2;No inventariada;;9;1;2;;;1;1;1;;;1;998
9;5;7;3;3014;;1;1;A-70;16,111;3;4;1;4;;1;1;1;;;1;1
9;5;16;3;3014;;1;1;A-70;22;3;4;2;;;1;1;1;;;1;1
9;6;9;3;3014;;1;1;CV-820;0,799;6;2;2;;;1;1;1;;;1;1
9;6;21;3;3014;;1;1;A-70;14;3;3;2;;;1;6;1;;;1;2
9;7;10;3;3014;;1;1;A-70;13,639;3;12;1;4;CV-821;1;1;1;;;1;2
6;7;9;3;3014;;3;2;No inventariada;;9;10;1;2;;1;1;1;;;1;998
10;2;12;3;3014;;1;1;A-31;235,195;3;3;1;10;CV-8482;1;1;1;;;1;1
9;6;19;3;3014;;3;2;No inventariada;;9;7;2;;;1;1;1;;;9;998
7;5;6;3;3014;;3;2;No inventariada;;9;4;2;;;1;3;1;;;1;998
10;5;7;3;3014;;1;1;A-31;238,1;3;3;2;;;1;1;1;;;1;1
10;6;18;3;3014;;1;1;A-31;238,795;3;4;2;;;1;2;1;;;1;1
10;1;6;3;3014;;1;1;A-79;2;5;4;2;;;1;6;1;;;1;1
8;5;17;3;3014;;3;2;No inventariada;;9;20;2;;;7;1;1;;;1;998
8;5;17;3;3014;;3;2;No inventariada;;9;10;2;;;7;1;1;;;1;998
10;2;8;3;3014;;1;1;A-79;0,256;5;10;1;4;;7;2;1;;;1;2
10;2;8;3;3014;;1;1;A-79;0,279;5;10;1;4;;7;1;1;;;1;2
10;3;1;3;3014;;1;1;A-70;19,75;3;12;2;;;1;6;1;;;1;1
10;3;17;3;3014;;1;1;CV-821;1,1;6;2;1;4;CV-821;1;1;1;;;1;2
10;5;14;3;3014;;1;1;A-70;20,8;3;5;2;;;1;1;1;;;1;1
9;7;14;3;3014;;3;2;No inventariada;;9;4;2;;;1;1;1;;;18;998
9;6;11;3;3014;;3;2;No inventariada;;9;3;1;1;;3;1;3;;;1;998
10;3;15;3;3014;;1;1;A-70;19,92;3;5;2;;;1;1;1;;;1;1
10;4;7;3;3014;;1;1;A-70;18,8;3;4;2;;;1;1;1;;;1;1
10;4;7;3;3014;;1;1;A-70;18,8;3;4;2;;;1;2;1;;;1;1
10;5;14;3;3014;;1;1;A-31;235;3;16;2;;;1;1;1;;;1;1
10;6;21;3;3140;;1;1;A-31;187,9;3;4;2;;;1;6;1;;;1;1
10;1;14;3;3014;;1;1;A-31;238,62;3;4;2;;;1;1;1;;;1;1
10;2;7;3;3014;;1;1;A-70;25,2;3;4;2;;;1;2;1;;;1;1
10;5;3;3;3014;;1;1;A-70;23,083;3;4;2;;;1;6;1;;;1;1
10;5;15;3;3014;;1;1;CV-820;4;6;4;1;2;;1;1;1;;;1;1
10;7;7;3;3014;;1;1;A-31;229,692;3;6;2;;;3;2;2;;;1;1
10;1;2;3;3014;;3;2;No inventariada;;9;19;1;1;;1;4;1;;;1;998
10;1;9;3;3014;;1;1;A-31;228,031;3;12;2;;;1;1;1;;;1;2
10;7;13;3;3014;;3;2;No inventariada;;9;12;1;2;;3;1;3;;;1;998
10;4;19;3;3014;;1;1;A-70;23,401;3;4;2;;;1;6;1;;;1;1
11;7;17;3;3014;;1;1;A-79;4,572;3;18;1;4;;3;6;3;;;1;1
10;4;18;3;3014;;1;1;A-31;235,4;3;4;2;;;1;6;1;;;1;2
11;4;15;3;3014;;1;1;A-77a;0,1;14;4;2;;;1;1;1;;;1;1
2;1;7;3;3014;;3;2;No inventariada;;9;3;1;1;;3;3;1;;;1;998
11;1;14;3;3014;;1;1;A-70;20,48;3;4;2;;;1;1;1;;;1;1
11;2;8;3;3014;;1;1;A-70;25,1;5;4;2;;;1;1;1;;;1;1
11;1;18;3;3014;;1;1;A-31;226,6;3;4;2;;;1;1;1;;;1;1
11;1;7;3;3014;;1;1;A-77;0,1;3;4;2;;;1;1;1;;;1;1
11;1;12;3;3014;;3;2;No inventariada;;9;7;2;;;1;1;1;;;1;998
9;1;9;3;3014;;3;2;No inventariada;;9;7;1;2;;1;1;1;;;17;998
11;5;13;3;3014;;1;1;A-70;11,7;3;4;2;;;1;1;1;;;1;1
11;5;12;3;3014;;1;1;A-70;21,5;3;3;1;10;;1;1;1;;;1;1
11;3;11;3;3014;;1;1;A-70;19,1;3;3;2;;;1;1;1;;;1;1
11;6;4;3;3014;;1;1;A-70;23,5;3;4;2;;;1;6;1;;;1;1
12;2;14;3;3014;;1;1;CV-821;1,264;5;4;2;;;1;1;1;;;1;1
11;2;15;3;3014;;3;2;No inventariada;;9;2;2;;;1;1;1;;;1;998
12;4;17;3;3014;;1;1;A-70;22,261;3;4;2;;;1;6;1;;;1;1
12;4;18;3;3014;;1;1;A-70;22,3;3;4;2;;;1;2;1;;;1;1
9;7;2;3;3014;;3;2;No inventariada;;9;4;2;;;1;4;1;;;1;998
12;2;17;3;3014;;1;1;A-70;19,4;3;18;2;;;1;1;1;;;1;1
8;5;0;3;3014;;3;2;No inventariada;;9;2;1;2;;1;4;1;;;1;998
8;3;21;3;3014;;3;2;No inventariada;;9;3;2;;;1;3;1;;;1;998
7;4;10;3;3014;;3;2;No inventariada;;9;10;2;;;1;1;1;;;1;998
12;5;7;3;3014;;1;1;A-31;236;3;5;1;10;A-70;1;6;1;;;1;1
12;5;14;3;3014;;1;1;A-70;21,764;3;4;2;;;1;1;1;;;1;1
12;3;15;3;3014;;3;2;No inventariada;;9;20;2;;;1;1;1;;;1;998
12;1;23;3;3014;;1;1;A-70;10,4;3;4;2;;;1;6;1;;;1;1
11;2;19;3;3014;;3;2;No inventariada;;9;2;2;;;1;6;7;;;18;998
7;3;20;3;3014;;3;2;No inventariada;;9;2;1;1;;1;1;1;;;18;998
11;1;21;3;3014;;3;2;No inventariada;;9;3;1;2;;1;4;1;;;18;998
12;1;8;3;3014;;1;1;A-70;19,35;3;4;2;;;1;2;1;;;1;1
8;1;18;3;3014;;3;2;No inventariada;;9;4;2;;;1;1;7;;;1;998
8;5;11;3;3014;;3;2;No inventariada;;9;2;1;1;;1;1;7;;;2;998
10;1;20;3;3014;;3;2;No inventariada;;9;7;1;4;;1;4;1;;;18;998
12;1;10;3;3014;;3;2;No inventariada;;9;10;1;1;;1;1;1;;;18;998
12;4;18;3;3014;;1;1;A-70;13;3;5;2;;;1;4;1;;;1;2
12;5;14;3;3014;;1;1;A-70;21,6;3;4;2;;;1;1;1;;;1;1
9;7;16;3;3014;;3;2;No inventariada;;9;3;1;2;;1;1;1;;;18;998
12;5;13;3;3014;;1;1;A-70;26,2;3;3;2;;;1;1;2;;;1;1
12;6;15;3;3133;;1;1;N-332;53;5;4;2;;;1;1;1;;;1;1
9;2;11;3;3014;;3;2;No inventariada;;9;7;2;;;3;1;1;;;18;998
9;4;23;3;3014;;3;2;No inventariada;;9;7;1;2;;1;4;7;;;18;998
10;7;7;3;3014;;3;2;No inventariada;;9;16;2;;;1;1;1;;;1;998
9;4;8;3;3014;;3;2;No inventariada;;9;2;2;;;1;1;1;;;1;998
10;2;7;3;3014;;3;2;No inventariada;;9;2;1;1;;1;1;1;;;1;998
12;4;13;3;3014;;3;2;No inventariada;;9;7;2;;;1;1;1;;;18;998
1;6;16;3;3015;;1;1;CV-91;9,9;6;12;2;;;1;1;1;;;1;1
2;7;8;3;3015;;1;1;CV-945;7,3;6;12;2;;;1;1;1;;;1;1
3;1;8;3;3015;;1;1;AP-7;737;1;16;2;;;1;1;1;;;1;3
3;2;8;3;3015;;1;1;CV-91;12,7;6;1;2;;;1;1;2;;;1;1
4;2;21;3;3015;;1;1;CV-912;5,6;6;4;2;;;1;6;1;;;8;1
4;3;12;3;3015;;1;1;AP-7;742,3;2;3;2;;;1;1;1;;;1;1
5;6;0;3;3015;;1;1;CV-912;5,9;6;7;2;;;1;6;1;;;1;1
7;6;22;3;3015;;1;1;No inventariada;0;10;18;2;;;1;5;1;;;1;1
8;5;6;3;3015;;1;1;CV-914;3,3;6;12;2;;;1;2;1;;;1;1
8;3;21;3;0;;1;1;CV-91;15;5;2;1;4;CV-901;1;4;1;;;1;2
10;6;8;3;3015;;1;1;AP-7;737,8;1;14;2;;;1;1;1;;;1;3
10;3;18;3;3015;;1;1;AP-7;736,7;3;4;2;;;1;1;1;;;1;1
10;3;18;3;3015;;1;1;AP-7;737;2;4;2;;;1;1;1;;;1;1
12;1;18;3;3015;;1;1;CV-91;13,7;6;4;2;;;1;6;1;;;1;1
11;7;15;3;3015;;3;2;No inventariada;;9;16;2;;;1;1;1;;;1;998
4;7;18;3;3056;;1;1;CV-703;2,23;10;10;2;;;1;1;1;;;1;3
1;1;19;3;3018;;1;1;CV-760;2,2;6;4;2;;;1;6;1;;;1;1
2;7;11;3;3018;;1;1;N-332;160,6;6;4;1;5;;1;1;1;;;1;1
2;4;19;3;3018;;1;1;AP-7;639;2;4;2;;;1;6;1;;;1;1
3;2;14;3;3018;;1;1;CV-755;21,885;6;2;1;2;N-332;1;1;1;;;1;2
3;6;22;3;3018;;1;1;N-332;160;6;2;2;;;1;6;1;;;1;2
1;3;15;3;3018;;3;2;No inventariada;;9;4;2;;;1;1;1;;;1;998
1;3;16;3;3018;;3;2;No inventariada;;9;10;2;;;1;1;1;;;1;998
2;7;16;3;3018;;3;2;No inventariada;;9;2;2;;;1;1;1;;;1;998
4;3;9;3;3018;;1;1;N-332;155,2;6;4;2;;;1;1;1;;;1;1
4;2;11;3;3047;;1;1;N-332;165,55;5;4;2;;;1;1;1;;;1;1
4;7;13;3;3018;;1;1;N-332;162,2;6;5;1;2;;1;1;1;;;1;2
5;5;14;3;3018;;1;1;AP-7;637,74;2;3;1;2;;1;1;2;;;1;2
2;2;13;3;3018;;3;2;No inventariada;;14;2;1;2;;1;1;1;;;1;998
3;5;10;3;3018;;3;2;No inventariada;;9;7;2;;;1;1;1;;;1;998
6;5;20;3;3018;;1;1;N-332;162,859;6;12;2;;;1;2;1;;;4;2
3;5;12;3;3018;;3;2;No inventariada;;9;20;2;;;1;1;1;;;1;998
6;5;22;3;3018;;1;1;AP-7;641,9;2;4;2;;;1;6;1;;;1;1
6;6;13;3;3018;;1;1;N-332;161,2;6;3;2;;;1;1;1;;;1;2
7;4;20;3;3018;;1;1;CV-755;21,885;6;2;1;2;CV-755;1;1;1;;;1;1
4;5;14;3;3018;;3;2;No inventariada;;9;4;2;;;1;1;1;;;1;998
4;6;14;3;3018;;3;2;No inventariada;;9;2;1;2;;1;1;1;;;1;998
4;1;11;3;3018;;3;2;No inventariada;;9;10;2;;;1;1;1;;;1;998
5;3;19;3;3018;;3;2;No inventariada;;9;4;2;;;1;1;1;;;1;998
8;3;20;3;3018;;1;1;N-332;162;6;10;2;;;1;1;1;;;1;1
5;4;20;3;3018;;3;2;No inventariada;;9;15;2;;;1;4;1;;;1;998
10;6;20;3;3018;;1;1;N-332;160,65;6;2;1;2;N-332;1;4;1;;;1;1
5;2;14;3;3018;;3;2;No inventariada;;14;2;1;2;;1;1;1;;;1;998
6;2;11;3;3018;;3;2;No inventariada;;9;7;2;;;1;1;1;;;1;998
6;4;13;3;3018;;3;2;No inventariada;;9;4;2;;;1;1;1;;;1;998
6;4;13;3;3018;;3;2;No inventariada;;9;2;1;2;;1;1;1;;;1;998
6;4;19;3;3018;;3;2;No inventariada;;9;2;2;;;1;1;1;;;1;998
6;7;10;3;3018;;3;2;No inventariada;;9;7;1;2;;1;1;1;;;1;998
6;5;17;3;3018;;3;2;No inventariada;;9;20;2;;;1;1;1;;;1;998
7;6;11;3;3018;;3;2;No inventariada;;9;2;1;2;;1;1;1;;;1;998
5;2;13;3;3018;;3;2;No inventariada;;9;20;2;;;1;1;1;;;1;998
7;5;23;3;3018;;3;2;No inventariada;;9;2;1;2;;1;1;1;;;1;998
7;6;20;3;3018;;3;2;No inventariada;;9;10;1;1;;1;1;1;;;1;998
7;1;10;3;3018;;3;2;No inventariada;;9;2;2;;;1;1;1;;;1;998
7;3;13;3;3018;;3;2;No inventariada;;9;4;2;;;1;1;1;;;1;998
8;7;18;3;3018;;3;2;No inventariada;;9;7;1;4;;1;1;1;;;1;998
8;3;9;3;3018;;3;2;No inventariada;;9;3;1;1;;1;1;1;;;1;998
8;4;19;3;3018;;3;2;No inventariada;;9;4;2;;;1;1;1;;;1;998
8;5;17;3;3018;;3;2;No inventariada;;9;4;2;;;1;1;1;;;1;998
8;6;21;3;3018;;3;2;No inventariada;;14;2;2;;;1;2;1;;;9;998
8;2;6;3;3018;;3;2;No inventariada;;9;4;2;;;1;1;1;;;1;998
8;2;11;3;3018;;3;2;No inventariada;;9;7;2;;;1;1;1;;;1;998
8;2;17;3;3018;;3;2;No inventariada;;9;2;2;;;1;1;1;;;1;998
8;4;13;3;3018;;3;2;No inventariada;;9;2;1;1;;1;1;1;;;1;998
8;6;20;3;3018;;3;2;No inventariada;;9;7;2;;;1;4;1;;;1;998
8;5;16;3;3018;;3;2;No inventariada;;9;4;2;;;1;1;1;;;1;998
9;1;8;3;3018;;3;2;No inventariada;;9;10;2;;;3;4;7;;;1;998
9;4;6;3;3018;;3;2;No inventariada;;9;2;1;2;;1;4;1;;;9;998
9;3;13;3;3018;;3;2;No inventariada;;9;7;2;;;1;1;2;;;1;998
9;7;13;3;3018;;3;2;No inventariada;;9;2;1;1;;1;1;1;;;1;998
9;3;15;3;3018;;3;2;No inventariada;;9;2;2;;;1;1;1;;;1;998
10;2;9;3;3018;;3;2;No inventariada;;9;7;2;;;1;1;1;;;15;998
10;3;10;3;3018;;3;2;No inventariada;;9;2;2;;;1;1;1;;;1;998
11;3;7;3;3018;;1;1;N-332;156,1;6;2;1;4;;1;1;1;;;1;2
10;5;7;3;3018;;3;2;No inventariada;;9;7;2;;;1;4;1;;;1;998
10;4;9;3;3018;;3;2;No inventariada;;9;7;2;;;1;1;1;;;1;998
11;3;11;3;3018;;1;1;CV-755;17,907;6;17;2;;;1;1;1;;;1;2
11;5;13;3;3018;;1;1;CV-755;21,8;6;4;1;2;AP-7;1;1;1;;;1;1
12;5;10;3;3018;;1;1;N-332;162,3;6;2;1;2;N-332;1;1;1;;;1;2
1;2;5;3;3019;;1;1;CV-847;0,5;6;16;2;;;1;5;1;;;1;2
1;3;20;3;3019;;1;1;CV-847;0,325;5;12;2;;;1;6;1;;;1;2
2;5;19;3;3019;;1;1;N-325;5,7;6;18;1;4;N-325;3;4;3;;;1;2
2;2;19;3;3019;;1;1;N-325;10,3;6;1;2;;;1;6;1;;;1;2
3;7;3;3;3019;;1;1;N-325;9,178;6;16;2;;;1;4;1;;;1;2
3;7;19;3;3065;;1;1;CV-84;3,873;5;15;2;;;1;2;1;;1;1;3
4;4;17;3;3019;;1;1;CV-846;1,11;6;2;1;2;CV-846;1;1;1;;;1;1
5;6;12;3;3019;;1;1;CV-84;5,8;5;18;2;;;1;1;1;;;1;1
7;2;10;3;3019;;1;1;CV-845;1,7;6;4;2;;;1;1;1;;;1;1
7;1;15;3;3019;;1;1;CV-84;5,5;5;19;2;;;1;1;1;;;1;3
8;5;14;3;3019;;1;1;N-325;13;6;1;2;;;1;1;1;;;1;2
8;7;15;3;3019;;1;1;N-325;10,911;6;20;2;;;1;1;1;;;1;1
9;7;7;3;3019;;1;1;CV-845;2,7;6;19;2;;;1;2;1;;;1;1
11;5;17;3;3088;;1;1;CV-847;8,777;6;15;1;4;CV-847;1;2;2;;;1;4
11;6;23;3;3019;;1;1;CV-84;4,7;5;15;2;;;1;4;1;;;1;3
12;5;8;3;3019;;1;1;CV-846;6,346;6;18;2;;;1;1;1;;;1;1
12;6;12;3;3019;;1;1;CV-845;1,684;5;4;2;;;1;1;1;;;1;1
6;6;11;3;0;;1;1;CV-720;1,9;6;14;2;;;1;1;1;;;1;2
1;5;7;3;3021;;3;2;No inventariada;;9;2;1;4;;3;4;2;1;;1;998
3;6;12;3;3021;;1;1;CV-803;7,495;6;16;2;;;1;1;1;;;1;2
4;4;11;3;3021;;3;2;No inventariada;;9;16;2;;;1;1;1;;;1;998
3;6;20;3;3021;;3;2;No inventariada;;9;12;2;;;1;3;1;;;1;998
4;1;3;3;3021;;3;2;No inventariada;;9;12;2;;;3;4;3;;;1;998
5;6;10;3;3021;;1;1;CV-803;9,145;6;19;2;;;1;1;1;;;1;3
5;4;15;3;3021;;3;2;No inventariada;;9;3;1;4;;1;1;1;;;1;998
7;7;11;3;3021;;1;1;CAMI PENYE;0,8;10;19;2;;;1;1;1;;;1;1
7;1;9;3;3021;;3;2;No inventariada;;9;4;1;2;;1;1;1;;;1;998
7;6;2;3;3021;;1;1;CV-803;7,5;6;12;2;;;1;6;1;;;1;2
8;5;6;3;3021;;1;1;CV-804;11,653;5;8;2;;;1;2;1;;;1;1
11;4;6;3;3021;;3;2;No inventariada;;9;2;1;2;;1;6;1;;;4;998
2;2;17;3;0;;1;1;CV-81;26,387;6;4;2;;;1;1;1;;;6;1
6;5;14;3;3024;;1;1;CV-91;7,971;6;3;2;;;1;1;1;;;1;1
7;1;14;3;3099;;2;2;CV-920;4,304;6;12;1;4;;1;1;1;;;1;4
8;2;7;3;3099;;1;1;CV-920;3,7;6;16;2;;;1;2;1;;;1;1
11;6;15;3;3024;;3;2;No inventariada;;9;16;2;;;1;1;1;1;;1;998
3;7;14;3;0;;3;2;No inventariada;;9;4;2;;;1;1;2;;;1;998
7;7;21;3;0;;1;1;MIGUEL DIA;0,1;10;1;2;;;1;6;1;;;1;3
5;2;11;3;3095;;1;1;CV-731;8;6;2;1;2;;1;1;1;;;1;1
6;6;11;3;0;;1;1;CV-732;1,4;6;20;2;;;1;1;1;;;1;1
7;7;13;3;0;;1;1;CV-705;11,478;6;19;2;;;1;1;2;;;1;2
7;3;11;3;0;;1;1;CV-720;32,205;6;10;2;;;1;1;1;;;1;1
7;5;6;3;0;;3;2;No inventariada;;9;19;2;;;1;1;1;;;1;998
7;7;8;3;0;;1;1;CV-731;3,665;6;10;2;;;1;1;1;;;1;1
8;4;15;3;3101;;1;1;CV-733;2,6;6;2;2;;;1;1;1;;;1;2
1;1;6;3;3031;;1;1;N-332;148;6;7;2;;;1;4;1;;;1;1
1;7;17;3;3031;;3;2;No inventariada;;9;9;2;;;1;1;1;;;1;998
1;2;19;3;3031;;3;2;No inventariada;;9;4;2;;;1;4;1;;;1;998
1;5;10;3;3031;;3;2;No inventariada;;9;2;1;2;;1;1;1;;;1;998
1;5;18;3;3031;;3;2;No inventariada;;9;10;2;;;1;4;1;;;1;998
1;5;14;3;3031;;3;2;No inventariada;;9;10;2;;;3;1;3;;;1;998
1;7;15;3;3031;;3;2;No inventariada;;9;10;2;;;1;1;1;;;1;998
1;7;16;3;3031;;3;2;No inventariada;;9;2;1;2;;1;1;1;;;1;998
1;2;22;3;3031;;1;1;CV-70;50,2;5;12;2;;;1;4;1;;;1;1
1;3;13;3;3031;;3;2;No inventariada;;9;2;2;;;1;1;1;;;1;998
1;3;19;3;3031;;3;2;No inventariada;;9;7;1;2;;1;4;1;;;1;998
1;2;22;3;3031;;3;2;No inventariada;;9;16;1;2;;1;4;1;;;1;998
1;3;21;3;3031;;3;2;No inventariada;;9;10;2;;;3;4;1;;;1;998
1;1;12;3;3031;;3;2;No inventariada;;9;4;1;4;;1;1;1;;;1;998
1;1;11;3;3031;;3;2;No inventariada;;9;4;1;5;;1;1;1;;;1;998
1;1;17;3;3031;;3;2;No inventariada;;9;10;2;;;8;1;1;;;1;998
1;3;22;3;3031;;1;1;N-332;145,2;5;16;2;;;1;6;1;;;1;1
2;4;12;3;3031;;3;2;No inventariada;;9;7;2;;;1;1;1;;;18;998
2;4;11;3;3031;;3;2;No inventariada;;9;5;2;;;1;1;1;;;1;998
1;5;5;3;3031;;3;2;No inventariada;;9;10;2;;;1;4;1;;;1;998
1;3;14;3;3031;;3;2;No inventariada;;9;4;2;;;1;1;1;;;1;998
1;3;16;3;3031;;3;2;No inventariada;;14;7;2;;;1;1;1;;;1;998
2;4;13;3;3031;;3;2;No inventariada;;9;4;2;;;1;1;1;;;18;998
2;4;14;3;3031;;3;2;No inventariada;;9;10;2;;;1;1;1;;;18;998
2;6;16;3;3031;;3;2;No inventariada;;9;6;1;4;;1;1;1;;;1;998
2;2;8;3;3031;;3;2;No inventariada;;9;6;2;;;1;1;1;;;1;998
2;1;13;3;3031;;3;2;No inventariada;;9;10;2;;;1;1;1;;;1;998
1;6;17;3;3031;;3;2;No inventariada;;9;10;2;;;1;1;1;;;1;998
2;1;22;3;3031;;3;2;No inventariada;;9;4;2;;;1;4;1;;;1;998
2;2;10;3;3031;;3;2;No inventariada;;9;3;1;4;;1;1;1;;;9;998
2;2;8;3;3031;;3;2;No inventariada;;9;4;2;;;1;1;1;;;1;998
2;5;19;3;3031;;3;2;No inventariada;;9;7;1;1;;1;4;1;;;1;998
2;5;8;3;3031;;1;1;N-332;147,5;6;4;2;;;1;1;1;;;1;1
2;3;15;3;3031;;3;2;No inventariada;;9;2;1;1;;1;1;1;;;1;998
2;7;17;3;3031;;3;2;No inventariada;;9;10;2;;;1;1;1;;;1;998
2;3;7;3;3031;;3;2;No inventariada;;9;6;2;;;1;4;1;;;1;998
2;1;23;3;3031;;3;2;No inventariada;;9;10;2;;;1;4;1;;;1;998
2;1;14;3;3031;;3;2;No inventariada;;14;1;2;;;1;1;1;;;1;998
2;2;20;3;3031;;3;2;No inventariada;;9;4;2;;;1;4;1;;;1;998
2;4;19;3;3031;;3;2;No inventariada;;9;10;2;;;1;1;1;;;1;998
2;1;10;3;3031;;3;2;No inventariada;;9;7;2;;;1;1;1;;;1;998
2;5;10;3;3031;;3;2;No inventariada;;9;10;1;2;;1;1;1;;;1;998
3;2;16;3;3031;;3;2;No inventariada;;11;2;2;;;1;1;1;;;1;998
2;6;20;3;3031;;3;2;No inventariada;;9;7;2;;;1;4;1;;;1;998
2;3;15;3;3031;;3;2;No inventariada;;9;2;2;;;1;1;1;;;1;998
3;3;15;3;3031;;3;2;No inventariada;;9;3;2;;;1;1;1;;;1;998
2;2;15;3;3031;;3;2;No inventariada;;9;2;1;1;;1;1;1;;;1;998
3;4;14;3;3031;;3;2;No inventariada;;14;10;2;;;1;1;1;;;1;998
2;5;22;3;3031;;3;2;No inventariada;;9;10;2;;;1;4;1;;;1;998
3;5;19;3;3031;;3;2;No inventariada;;9;10;2;;;1;4;1;;;1;998
2;2;12;3;3031;;3;2;No inventariada;;9;7;1;1;;1;1;1;;;1;998
3;7;15;3;3031;;3;2;No inventariada;;9;20;1;2;;1;1;1;;;1;998
3;7;14;3;3031;;3;2;No inventariada;;9;4;2;;;1;1;1;;;1;998
3;3;7;3;3031;;1;1;N-332;147;6;4;1;10;N-332;1;1;1;;;1;1
3;3;17;3;3031;;3;2;No inventariada;;9;19;2;;;1;1;1;;;1;998
3;1;21;3;3031;;3;2;No inventariada;;9;2;2;;;3;4;3;;;1;998
3;4;15;3;3031;;3;2;No inventariada;;9;2;1;2;;1;1;1;;;1;998
3;4;9;3;3031;;3;2;No inventariada;;9;2;1;4;;1;1;1;;;1;998
3;6;11;3;3031;;3;2;No inventariada;;9;7;1;5;;1;1;1;;;1;998
3;6;18;3;3031;;3;2;No inventariada;;9;3;1;5;;3;1;3;;;1;998
3;4;14;3;3011;;1;1;AP-7;643,6;2;3;2;;;1;1;1;;;1;1
3;3;13;3;3031;;3;2;No inventariada;;9;3;2;;;1;1;1;;;1;998
3;3;22;3;3031;;3;2;No inventariada;;9;10;2;;;1;4;1;;;1;998
3;2;12;3;3031;;3;2;No inventariada;;9;10;2;;;1;1;1;;;1;998
4;1;9;3;3031;;3;2;No inventariada;;9;4;2;;;1;1;1;;;1;998
4;3;12;3;3031;;3;2;No inventariada;;14;2;1;1;;1;1;1;;;1;998
4;6;16;3;3031;;3;2;No inventariada;;9;7;2;;;1;1;1;;;1;998
4;5;13;3;3031;;3;2;No inventariada;;9;4;1;2;;1;1;1;;;1;998
4;5;14;3;3031;;3;2;No inventariada;;9;4;2;;;1;1;1;;;1;998
4;3;20;3;3031;;3;2;No inventariada;;9;20;2;;;1;4;7;;;1;998
4;5;12;3;3031;;3;2;No inventariada;;9;10;2;;;1;1;1;;;1;998
4;2;17;3;3031;;3;2;No inventariada;;9;2;1;1;;1;1;1;;;1;998