MES;DIA_SEMANA;HORA;COD_PROVINCIA;COD_MUNICIPIO;ISLA;ZONA;ZONA_AGRUPADA;CARRETERA;KM;TIPO_VIA;TIPO_ACCIDENTE;NUDO;NUDO_INFO;CARRETERA_CRUCE;CONDICION_FIRME;CONDICION_ILUMINACION;CONDICION_METEO;CONDICION_NIEBLA;CONDICION_VIENTO;VISIB_RESTRINGIDA_POR;TRAZADO_PLANTA
4;6;8;3;3031;;3;2;No inventariada;;9;4;1;4;;1;1;1;;;1;998
4;4;13;3;3031;;3;2;No inventariada;;9;2;1;1;;1;1;1;;;1;998
4;5;16;3;3031;;3;2;No inventariada;;9;4;2;;;1;1;1;;;1;998
4;5;15;3;3031;;3;2;No inventariada;;9;10;2;;;1;1;1;;;1;998
4;7;19;3;3031;;3;2;No inventariada;;9;10;2;;;1;1;1;;;1;998
4;3;8;3;3031;;3;2;No inventariada;;9;2;1;4;;1;1;1;;;1;998
3;5;18;3;3031;;3;2;No inventariada;;9;10;2;;;2;2;1;;;1;998
4;5;23;3;3031;;3;2;No inventariada;;9;2;1;4;;1;4;1;;;1;998
4;4;13;3;3031;;3;2;No inventariada;;9;2;1;1;;1;1;1;;;1;998
4;6;14;3;3031;;3;2;No inventariada;;9;2;1;2;;1;1;1;;;1;998
4;1;17;3;3031;;3;2;No inventariada;;9;2;2;;;3;1;3;;;1;998
3;3;13;3;3031;;3;2;No inventariada;;9;7;2;;;1;1;1;;;1;998
4;2;11;3;3031;;3;2;No inventariada;;9;2;1;1;;1;1;1;;;1;998
4;2;9;3;3031;;3;2;No inventariada;;9;4;1;2;;1;1;1;;;1;998
5;4;10;3;3031;;3;2;No inventariada;;9;19;2;;;1;1;1;;;1;998
5;6;16;3;3031;;3;2;No inventariada;;9;2;1;1;;1;1;1;;;1;998
4;5;19;3;3031;;3;2;No inventariada;;9;20;2;;;1;1;1;;;1;998
4;6;20;3;3031;;3;2;No inventariada;;9;7;1;1;;1;3;1;;;1;998
4;4;14;3;3031;;3;2;No inventariada;;9;2;1;2;;1;1;1;;;1;998
5;2;11;3;3031;;3;2;No inventariada;;9;18;2;;;1;1;1;;;1;998
5;3;11;3;3031;;3;2;No inventariada;;9;7;2;;;1;1;1;;;1;998
5;3;9;3;3031;;3;2;No inventariada;;9;4;2;;;1;1;1;;;17;998
5;3;9;3;3031;;1;1;N-332;146,919;5;4;2;;;1;1;1;;;1;1
5;1;15;3;3031;;3;2;No inventariada;;9;10;1;2;;1;1;1;;;1;998
5;4;2;3;3031;;1;1;N-332;150,15;6;1;2;;;1;6;1;;;1;1
5;2;16;3;3031;;3;2;No inventariada;;9;3;2;;;1;1;1;;;1;998
5;6;9;3;3031;;1;1;N-332;145;4;4;1;2;N-332a;1;1;1;;;1;1
5;2;21;3;3031;;3;2;No inventariada;;9;2;2;;;1;4;1;;;1;998
5;5;19;3;3031;;3;2;No inventariada;;9;2;1;2;;1;1;1;;;1;998
5;6;0;3;3031;;3;2;No inventariada;;9;8;2;;;1;5;1;;;1;998
5;6;12;3;3031;;3;2;No inventariada;;9;2;2;;;1;1;1;;;1;998
5;6;4;3;3031;;3;2;No inventariada;;9;10;1;2;;1;4;1;;;1;998
6;1;22;3;3031;;3;2;No inventariada;;9;2;2;;;1;4;1;;;1;998
6;4;9;3;3031;;3;2;No inventariada;;9;20;2;;;1;1;1;;;1;998
6;1;9;3;3031;;3;2;No inventariada;;9;7;1;1;;1;1;1;;;1;998
6;5;10;3;3031;;3;2;No inventariada;;9;20;2;;;1;1;1;;;1;998
6;5;21;3;3031;;1;1;N-332;147;6;3;1;10;;1;6;1;;;1;1
6;7;15;3;3031;;3;2;No inventariada;;9;4;1;1;;1;1;1;;;1;998
6;1;15;3;3031;;1;1;CV-70;50,2;5;4;1;2;CV-70;1;1;1;;;1;1
4;5;17;3;3031;;3;2;No inventariada;;9;7;1;2;;1;1;1;;;1;998
5;4;2;3;3031;;3;2;No inventariada;;9;2;1;1;;1;4;1;;;1;998
6;3;8;3;3031;;3;2;No inventariada;;9;4;2;;;1;1;1;;;1;998
6;6;2;3;3031;;1;1;N-332;147,5;6;4;2;;;1;6;1;;;1;1
5;7;22;3;3031;;3;2;No inventariada;;9;3;2;;;1;4;1;;;1;998
6;1;8;3;3031;;3;2;No inventariada;;9;10;2;;;1;1;1;;;1;998
6;4;15;3;3031;;3;2;No inventariada;;9;4;1;1;;1;1;1;;;1;998
6;7;19;3;3031;;3;2;No inventariada;;9;2;2;;;1;1;1;;;1;998
6;3;13;3;3031;;3;2;No inventariada;;9;10;2;;;1;1;1;;;1;998
6;6;12;3;3031;;3;2;No inventariada;;9;6;2;;;1;1;1;;;1;998
6;6;20;3;3031;;3;2;No inventariada;;9;7;2;;;1;1;1;;;1;998
6;6;1;3;3031;;3;2;No inventariada;;9;7;2;;;1;4;1;;;1;998
6;7;9;3;3031;;1;1;N-332;148,2;8;4;1;12;;1;1;1;;;1;1
6;6;17;3;3031;;3;2;No inventariada;;9;6;1;4;;1;1;1;;;1;998
6;5;12;3;3031;;3;2;No inventariada;;9;2;1;2;;1;1;1;;;1;998
7;1;11;3;3031;;3;2;No inventariada;;9;2;1;2;;1;1;1;;;1;998
7;6;16;3;3094;;1;1;CV-70;48,8;5;2;1;4;;1;1;1;;;1;1
7;7;5;3;3031;;3;2;No inventariada;;9;7;2;;;1;4;1;;;1;998
7;5;21;3;3031;;3;2;No inventariada;;9;2;1;2;;1;4;1;;;1;998
7;1;12;3;3031;;3;2;No inventariada;;9;4;2;;;1;1;1;;;1;998
7;4;11;3;3069;;1;1;N-332;143,546;6;2;1;4;;1;1;1;;;1;1
5;2;14;3;3031;;3;2;No inventariada;;9;10;1;4;;1;1;1;;;1;998
7;6;13;3;3031;;3;2;No inventariada;;9;3;2;;;1;1;1;;;1;998
7;2;8;3;3031;;3;2;No inventariada;;9;3;2;;;1;1;1;;;1;998
6;7;17;3;3031;;3;2;No inventariada;;11;10;2;;;1;1;1;;;1;998
7;5;23;3;3031;;3;2;No inventariada;;9;7;2;;;1;4;1;;;17;998
7;5;13;3;3031;;3;2;No inventariada;;9;2;1;5;;1;1;1;;;1;998
7;6;17;3;3031;;3;2;No inventariada;;9;5;2;;;1;1;1;;;1;998
7;3;19;3;3031;;3;2;No inventariada;;9;7;1;1;;1;1;1;;;1;998
7;7;17;3;3031;;3;2;No inventariada;;9;7;2;;;1;1;1;;;1;998
7;5;11;3;3031;;1;1;N-332;151,4;5;5;2;;;1;1;1;;;1;1
7;2;11;3;3031;;3;2;No inventariada;;9;10;2;;;1;1;1;;;1;998
7;1;22;3;3031;;3;2;No inventariada;;9;10;2;;;1;4;1;;;1;998
7;4;9;3;3031;;3;2;No inventariada;;9;4;2;;;1;1;1;;;1;998
7;3;3;3;3031;;3;2;No inventariada;;9;7;2;;;1;4;1;;;1;998
7;4;2;3;3031;;3;2;No inventariada;;9;10;2;;;1;4;1;;;1;998
7;6;14;3;3031;;1;1;CV-70;50,5;6;10;1;4;N-332;1;1;1;;;1;2
7;6;10;3;3031;;3;2;No inventariada;;9;20;2;;;1;1;1;;;1;998
7;7;22;3;3031;;3;2;No inventariada;;9;8;2;;;1;4;1;;;1;998
7;3;9;3;3031;;3;2;No inventariada;;9;3;2;;;1;1;1;;;1;998
7;1;22;3;3031;;1;1;N-332;148,1;6;2;1;2;CV-70;1;4;1;;;1;1
7;1;13;3;3031;;3;2;No inventariada;;9;3;2;;;1;1;1;;;1;998
6;5;9;3;3031;;3;2;No inventariada;;9;4;1;5;;1;1;1;;;1;998
7;5;18;3;3031;;3;2;No inventariada;;9;2;1;1;;1;1;1;;;1;998
6;7;12;3;3031;;3;2;No inventariada;;9;3;2;;;1;1;1;;;1;998
5;4;14;3;3031;;3;2;No inventariada;;14;6;2;;;1;1;1;;1;1;998
7;6;16;3;3031;;3;2;No inventariada;;9;10;2;;;1;1;1;;;1;998
7;3;13;3;3031;;3;2;No inventariada;;9;3;2;;;1;1;1;;;1;998
7;1;11;3;3031;;3;2;No inventariada;;9;20;2;;;1;1;1;;;1;998
6;3;10;3;3031;;3;2;No inventariada;;9;3;1;1;;1;1;1;;;1;998
7;6;8;3;3031;;3;2;No inventariada;;9;1;2;;;1;1;1;;;1;998
7;6;22;3;3031;;3;2;No inventariada;;9;2;1;4;;1;4;1;;;1;998
7;1;12;3;3031;;1;1;N-332;148;6;3;1;4;AP-7;1;1;1;;;1;2
7;3;18;3;3031;;3;2;No inventariada;;9;2;1;4;;1;1;1;;;1;998
8;4;15;3;3031;;3;2;No inventariada;;9;20;2;;;1;1;1;;;16;998
6;7;23;3;3031;;3;2;No inventariada;;9;4;2;;;1;4;1;;;1;998
7;5;21;3;3031;;3;2;No inventariada;;9;1;1;5;;1;2;1;;;1;998
7;3;21;3;3031;;3;2;No inventariada;;9;7;2;;;1;1;1;;;1;998
8;3;19;3;3031;;3;2;No inventariada;;9;3;2;;;1;1;1;;;1;998
8;5;13;3;3031;;3;2;No inventariada;;9;10;1;1;;1;1;1;;;1;998
8;1;14;3;3031;;3;2;No inventariada;;9;4;2;;;1;1;1;;;1;998
7;5;8;3;3031;;3;2;No inventariada;;9;10;1;4;;7;1;1;;;1;998
8;2;18;3;3031;;3;2;No inventariada;;9;3;2;;;1;1;1;;;1;998
7;6;17;3;3031;;3;2;No inventariada;;9;1;2;;;1;1;1;;;1;998
8;2;22;3;3031;;3;2;No inventariada;;9;4;1;4;;1;4;1;;;1;998
8;6;10;3;3031;;3;2;No inventariada;;9;3;2;;;1;1;1;;;1;998
8;1;19;3;3031;;3;2;No inventariada;;9;2;1;2;;1;1;1;;;1;998
8;1;19;3;3031;;3;2;No inventariada;;9;4;2;;;1;1;1;;;6;998
8;1;11;3;3031;;3;2;No inventariada;;9;4;2;;;1;1;1;;;1;998
8;1;10;3;3031;;3;2;No inventariada;;9;3;2;;;1;1;1;;;1;998
8;1;10;3;3031;;3;2;No inventariada;;9;3;2;;;1;1;1;;;1;998
8;7;14;3;3031;;3;2;No inventariada;;9;20;1;5;;1;1;1;;;1;998
8;6;20;3;3031;;3;2;No inventariada;;9;10;2;;;1;1;1;;;1;998
8;1;14;3;3031;;3;2;No inventariada;;9;2;1;1;;1;1;1;;;1;998
8;6;22;3;3031;;3;2;No inventariada;;9;10;2;;;7;4;1;;;1;998
8;5;9;3;3031;;3;2;No inventariada;;9;3;1;1;;1;1;1;;;1;998
8;1;12;3;3031;;3;2;No inventariada;;9;2;2;;;1;1;1;;;1;998
8;6;18;3;3031;;3;2;No inventariada;;9;2;2;;;1;1;1;;;1;998
8;4;17;3;3031;;3;2;No inventariada;;9;10;2;;;1;1;1;1;;1;998
8;1;10;3;3031;;3;2;No inventariada;;9;3;2;;;1;1;1;;;1;998
8;6;9;3;3031;;1;1;CV-70;50;6;3;2;;;1;1;1;;;18;3
8;2;17;3;3031;;1;1;CV-758;3;6;16;2;;;1;1;1;;;1;2
8;2;21;3;3031;;3;2;No inventariada;;9;4;2;;;1;4;1;;;1;998
8;5;10;3;3031;;3;2;No inventariada;;9;2;2;;;1;1;1;;;1;998
8;4;22;3;3031;;1;1;N-332;145;5;4;2;;;1;6;1;;;1;1
8;2;22;3;3031;;3;2;No inventariada;;9;10;2;;;1;4;1;;;1;998
8;6;4;3;3031;;3;2;No inventariada;;9;10;1;4;;1;4;3;;;1;998
8;6;23;3;3031;;3;2;No inventariada;;9;10;2;;;1;4;1;;;1;998
8;5;13;3;3031;;3;2;No inventariada;;9;7;1;5;;1;1;1;;;1;998
8;6;11;3;3031;;3;2;No inventariada;;9;2;1;4;;1;1;1;;;1;998
8;5;5;3;3031;;3;2;No inventariada;;9;7;2;;;1;4;1;;;1;998
9;1;7;3;3031;;3;2;No inventariada;;9;2;2;;;1;1;1;;;1;998
8;6;12;3;3031;;3;2;No inventariada;;9;2;1;2;;1;1;1;;;1;998
9;2;1;3;3031;;3;2;No inventariada;;9;2;1;5;;1;1;1;;;1;998
8;6;23;3;3031;;3;2;No inventariada;;9;3;2;;;1;1;1;;;1;998
7;7;15;3;3031;;3;2;No inventariada;;9;2;1;2;;1;1;1;;;1;998
8;7;12;3;3031;;3;2;No inventariada;;9;7;2;;;1;1;1;;;1;998
8;7;11;3;3031;;3;2;No inventariada;;9;2;1;1;;1;1;1;;;1;998
9;1;7;3;3031;;1;1;AP-7;647;2;12;2;;;1;1;1;;;1;1
9;1;11;3;3031;;3;2;No inventariada;;9;2;1;1;;1;1;1;;;1;998
8;4;19;3;3031;;3;2;No inventariada;;9;2;1;1;;1;1;1;;;1;998
8;6;16;3;3031;;3;2;No inventariada;;9;1;2;;;1;1;1;;;4;998
8;4;15;3;3031;0;3;2;No inventariada;;9;20;2;;;1;1;1;;;1;998
8;1;17;3;3031;;3;2;No inventariada;;9;4;2;;;1;1;1;;;1;998
8;4;2;3;3031;;3;2;No inventariada;;9;4;1;5;;1;4;1;;;1;998
9;3;16;3;3031;;3;2;No inventariada;;9;10;2;;;1;1;1;;;1;998
9;3;19;3;3031;;3;2;No inventariada;;9;2;2;;;1;1;1;;;1;998
9;3;8;3;3031;;3;2;No inventariada;;9;10;1;4;;8;1;1;;;1;998
9;5;15;3;3031;;3;2;No inventariada;;9;2;1;4;;1;1;1;;;1;998
7;6;14;3;3031;;3;2;No inventariada;;9;2;1;2;;1;1;1;1;;1;998
9;6;13;3;3031;;1;1;N-332;148,9;6;4;1;2;CV-70;3;1;3;;;1;1
9;7;9;3;3031;;3;2;No inventariada;;9;4;2;;;1;1;1;;;1;998
9;4;15;3;3031;;3;2;No inventariada;;9;4;2;;;1;1;1;;;1;998
9;3;18;3;3011;;1;1;CV-763;1;5;10;1;4;CV-763;1;1;1;;;1;1
9;2;9;3;3031;;3;2;No inventariada;;9;2;2;;;1;1;1;;;1;998
9;6;17;3;3031;;3;2;No inventariada;;9;7;2;;;1;1;1;;;1;998
9;1;19;3;3031;;3;2;No inventariada;;9;2;1;5;;1;2;1;;;1;998
10;3;21;3;3031;;1;1;N-332;145;6;16;1;12;;1;6;1;;;1;2
10;3;7;3;3031;;1;1;CV-70;49;6;4;2;;;1;1;1;;;1;1
10;4;9;3;3031;;1;1;N-332;149,687;6;4;2;;;1;1;1;;;1;1
9;1;12;3;3031;;3;2;No inventariada;;9;4;2;;;1;1;1;;;1;998
9;5;13;3;3031;;3;2;No inventariada;;9;3;1;1;;1;1;1;;;1;998
9;1;16;3;3031;;3;2;No inventariada;;9;6;2;;;1;1;1;;;1;998
10;5;14;3;3031;;1;1;N-332;148,636;8;5;2;;;1;1;1;;;1;1
10;5;12;3;3031;;3;2;No inventariada;;9;3;1;2;;1;1;1;;;1;998
10;6;9;3;3031;;3;2;No inventariada;;9;2;1;1;;1;1;1;;;1;998
9;1;8;3;3031;;3;2;No inventariada;;9;4;2;;;1;1;1;;;1;998
10;4;13;3;3031;;3;2;No inventariada;;9;4;2;;;1;1;1;;;1;998
9;3;18;3;3031;;3;2;No inventariada;;9;2;1;1;;1;1;1;;;1;998
9;5;20;3;3031;;3;2;No inventariada;;9;7;1;2;;1;4;1;;;1;998
10;1;10;3;3031;;3;2;No inventariada;;9;2;2;;;1;1;1;;;16;998
10;3;11;3;3031;;3;2;No inventariada;;9;10;1;4;;7;1;1;;;1;998
9;6;7;3;3031;;3;2;No inventariada;;9;4;2;;;1;1;1;;;1;998
10;5;19;3;3031;;3;2;No inventariada;;9;2;1;1;;1;1;1;;;1;998
10;3;9;3;3031;;1;1;VIALES TER;1;14;19;1;12;;3;3;4;;;1;2
10;2;15;3;3031;;3;2;No inventariada;;9;10;1;1;;3;1;3;;;1;998
10;5;9;3;3031;;3;2;No inventariada;;9;2;2;;;1;1;1;;;1;998
10;5;20;3;3031;;3;2;No inventariada;;9;2;1;1;;1;4;1;;;1;998
10;5;12;3;3031;;1;1;N-332;146,95;5;4;1;2;N-332;1;1;1;;;1;1
10;4;14;3;3031;;3;2;No inventariada;;9;4;2;;;1;1;1;;;1;998
10;1;15;3;3031;;3;2;No inventariada;;9;20;2;;;1;1;1;;;1;998
10;4;6;3;3031;;3;2;No inventariada;;9;16;1;4;;1;5;1;;;1;998
10;6;20;3;3031;;1;1;CV-70;50,7;5;3;1;4;;1;4;2;;;1;4
10;7;1;3;3031;0;3;2;No inventariada;;9;6;2;;;1;4;1;;;1;998
9;6;20;3;3031;;3;2;No inventariada;;9;6;2;;;1;4;1;;;2;998
10;6;7;3;3031;;3;2;No inventariada;;9;10;2;;;1;2;1;;;1;998
11;5;13;3;3031;;1;1;N-332;148,65;5;3;1;10;;1;1;1;;;1;2
10;3;15;3;3031;;3;2;No inventariada;;9;3;2;;;1;1;1;;;1;998
10;3;14;3;3031;;3;2;No inventariada;;9;7;2;;;1;1;1;;;1;998
10;5;22;3;3031;;3;2;No inventariada;;9;10;2;;;1;4;1;;;1;998
9;5;19;3;3031;;3;2;No inventariada;;9;2;2;;;1;1;1;;;1;998
10;5;20;3;3031;;3;2;No inventariada;;9;7;2;;;1;4;1;;;1;998
10;1;17;3;3031;;3;2;No inventariada;;9;4;2;;;1;1;1;;;1;998
10;6;23;3;3031;;3;2;No inventariada;;9;7;2;;;1;4;1;;;12;998
11;3;19;3;3031;;1;1;CV-70;50;6;2;2;;;1;4;1;;;1;1
11;2;13;3;3031;;3;2;No inventariada;;9;2;1;1;;1;1;1;;;1;998
11;3;13;3;3031;;3;2;No inventariada;;9;1;1;2;;1;1;1;;;1;998
11;5;21;3;3069;;1;1;CV-767;4,6;7;2;1;4;;1;4;1;;;1;2
11;5;14;3;3031;;3;2;No inventariada;;9;6;2;;;1;1;1;;1;1;998
11;1;19;3;3031;;3;2;No inventariada;;9;3;2;;;1;1;1;1;;1;998
11;7;14;3;3031;;3;2;No inventariada;;9;2;1;5;;1;1;1;;;1;998
11;3;3;3;3069;;1;1;CV-758;5,401;6;16;2;;;3;6;2;;;1;2
11;5;8;3;3031;;3;2;No inventariada;;9;2;1;4;;1;1;1;;;1;998
11;3;16;3;3031;;3;2;No inventariada;;9;10;2;;;1;1;1;;;1;998
11;3;13;3;3031;;3;2;No inventariada;;9;7;2;;;1;1;1;;;1;998
11;4;22;3;3031;;3;2;No inventariada;;9;7;1;1;;1;4;1;;;1;998
10;4;12;3;3031;;3;2;No inventariada;;9;7;2;;;1;1;1;;;1;998
10;2;13;3;3031;;3;2;No inventariada;;9;7;2;;;1;1;1;;;1;998
11;5;10;3;3031;;3;2;No inventariada;;9;20;2;;;1;1;1;;;1;998
11;5;19;3;3031;;3;2;No inventariada;;9;4;2;;;1;4;1;;;1;998
11;3;9;3;3031;;3;2;No inventariada;;9;2;1;1;;1;1;1;;;1;998
11;4;13;3;3031;;1;1;AP-7;648,5;2;3;2;;;1;1;1;;;1;1
11;3;11;3;3031;;3;2;No inventariada;;9;4;2;;;1;1;1;;;1;998
12;1;13;3;3031;;3;2;No inventariada;;9;2;1;4;;1;1;1;;;1;998
12;7;9;3;3031;;3;2;No inventariada;;9;2;2;;;1;1;1;;;6;998
12;5;14;3;3031;;3;2;No inventariada;;9;2;1;2;;1;1;1;;;1;998
10;1;18;3;3031;;3;2;No inventariada;;9;2;1;2;;1;1;1;;;1;998
12;2;14;3;3031;;3;2;No inventariada;;9;7;1;5;;1;1;1;;;1;998
12;5;4;3;3031;0;3;2;No inventariada;;9;6;2;;;1;4;1;;;1;998
12;6;12;3;3031;;3;2;No inventariada;;9;4;2;;;1;1;1;;;1;998
12;4;15;3;3031;;3;2;No inventariada;;9;10;2;;;1;1;1;;;1;998
12;2;11;3;3031;;1;1;N-332;148,799;5;4;1;12;AP-7;1;1;1;;;1;1
12;4;12;3;3031;;3;2;No inventariada;;9;2;1;2;;1;1;1;;;1;998
12;6;19;3;3031;;3;2;No inventariada;;9;7;1;4;;1;4;1;;;2;998
3;1;14;3;0;;1;1;CV-787;1,6;6;12;2;;;1;1;1;;;1;2
4;4;12;3;0;;1;1;CV-785;9,104;6;13;2;;;1;1;1;;;4;2
12;2;10;3;0;;1;1;CV-780;18,69;6;15;2;;;3;1;1;;;1;2
8;6;12;3;0;;1;1;CV-70;28,2;6;15;2;;;1;1;1;;;1;2
5;1;8;3;0;;1;1;CV-920;13,675;6;2;2;;;1;1;1;;;1;2
6;4;8;3;0;;1;1;CV-905;0,1;6;4;1;4;AP-7;1;1;1;;;1;1
9;1;14;3;0;;1;1;CV-940;10,54;6;1;2;;;1;1;1;;;1;3
7;4;17;3;0;;3;2;No inventariada;;9;7;2;;;1;1;1;;;1;998
5;1;8;3;0;;1;1;CV-920;0;6;2;2;;;9;1;7;;;1;1
6;6;9;3;0;;3;2;No inventariada;;9;4;2;;;1;1;1;;;1;998
7;2;14;3;0;;3;2;No inventariada;;9;2;1;2;;1;1;1;;;1;998
8;6;15;3;0;;3;2;No inventariada;;9;2;2;;;1;1;1;;;1;998
11;7;21;3;0;;3;2;No inventariada;;9;7;1;2;;1;4;1;;;16;998
3;7;10;3;0;;1;1;CV-710;1,239;5;16;2;;;1;1;2;;;1;2
12;7;9;3;0;;1;1;CV-70;8,5;6;15;2;;;1;1;1;;;1;2
8;7;8;3;0;;1;1;CV-720;6,8;6;16;2;;;1;1;1;;;1;2
1;4;13;3;3041;;1;1;CV-746;2,967;6;2;1;2;CV-746;1;1;1;;;1;3
2;4;16;3;3041;;1;1;N-332;174,671;6;2;1;2;;1;1;1;;;1;1
3;6;13;3;3041;;1;1;CV-750;11,05;6;3;1;2;;1;1;1;;;1;2
2;6;8;3;3041;;3;2;No inventariada;;9;1;2;;;1;1;1;;;2;998
4;6;19;3;3041;;1;1;N-332;175,275;6;1;2;;;1;2;1;;;1;1
4;1;16;3;3041;;1;1;CV-745;8,469;6;3;2;;;1;1;1;;;1;2
5;5;13;3;3041;;1;1;CV-745;12,2;6;2;1;2;;1;1;1;;;1;3
5;1;12;3;3041;;1;1;CAMINO VAL;0,8;10;10;2;;;3;1;3;;;1;3
5;1;15;3;0;;1;1;AP-7;621,331;2;14;2;;;3;1;3;;;1;2
1;5;21;3;3041;;3;2;No inventariada;;9;2;1;2;;1;3;1;;;18;998
1;4;16;3;3041;;3;2;No inventariada;;9;2;1;2;;1;1;1;;;1;998
1;5;18;3;3041;;3;2;No inventariada;;9;7;2;;;1;1;1;;;1;998
5;4;11;3;3041;;1;1;CV-7471;0,3;6;9;1;2;;1;1;1;;;4;1
2;7;11;3;3041;;3;2;No inventariada;;14;19;2;;;1;1;1;;;18;998
6;7;13;3;3041;;1;1;AP-7;622,3;2;15;2;;;1;1;1;;;1;1
2;3;20;3;3041;;3;2;No inventariada;;9;7;1;2;;1;3;1;;;9;998
3;4;9;3;3041;;3;2;No inventariada;;9;2;1;2;;1;1;1;;;18;998
4;4;11;3;3041;;3;2;No inventariada;;14;2;1;2;;1;1;1;;;18;998
4;4;18;3;3041;;3;2;No inventariada;;14;10;2;;;1;1;1;;;18;998
7;5;16;3;3041;;1;1;CV-750;9,5;6;2;1;2;CV-750;1;1;1;;;1;1
7;5;20;3;3041;;1;1;CV-749;26,7;6;9;2;;;1;1;1;;;1;2
7;6;18;3;3041;;1;1;N-332;178,35;5;4;1;10;N-332a;1;1;1;;;1;1
5;1;18;3;3041;;3;2;No inventariada;;14;10;2;;;3;1;3;;;18;998
5;2;13;3;3041;;3;2;No inventariada;;14;10;2;;;3;1;1;;;18;998
8;5;9;3;3041;;1;1;CV-746;6,82;6;2;1;2;CV-746;1;1;1;;;1;1
8;1;15;3;3041;;1;1;N-332;171,718;6;19;2;;;1;1;1;;;1;1
7;7;23;3;3041;;1;1;N-332;180,6;4;1;2;;;1;6;1;;;1;1
9;7;9;3;0;;1;1;AP-7;620,2;2;12;2;;;1;1;1;;;1;3
8;2;20;3;3041;;3;2;No inventariada;;9;7;2;;;1;4;1;;;1;998
9;2;17;3;3041;;1;1;N-332;173,573;6;3;2;;;1;1;1;;;1;1
9;3;22;3;3041;;1;1;N-332;173,7;5;18;2;;;1;6;1;;;1;1
10;1;16;3;3041;;1;1;CV-7471;0,1;6;13;2;;;1;1;1;;;1;3
11;4;8;3;0;;1;1;AP-7;621,215;2;19;2;;;1;1;1;;;1;2
11;4;23;3;3041;;1;1;AP-7;622,99;2;15;2;;;1;6;1;;;1;1
11;7;10;3;3041;;1;1;CV-746;6,7;6;2;1;1;;1;1;1;;;1;2
1;3;15;3;3128;;1;1;CV-743;2,689;6;3;2;;;1;1;1;;;1;2
2;5;13;3;0;;1;1;CV-747;0,2;6;2;1;2;;1;1;1;;;4;3
3;6;3;3;3082;;1;1;CV-747;2,138;5;15;2;;;1;6;1;;;1;2
4;5;18;3;0;;1;1;CV-740;6,847;6;16;1;2;CV-747;1;1;1;;;1;2
1;7;18;3;0;;3;2;No inventariada;;9;2;1;2;;1;4;1;;;18;998
2;4;10;3;0;;3;2;No inventariada;;9;6;1;2;;1;1;1;;;1;998
2;1;15;3;0;;3;2;No inventariada;;9;1;2;;;1;1;1;;;10;998
5;5;18;3;0;;3;2;No inventariada;;9;4;2;;;1;1;1;;;18;998
2;4;18;3;0;;3;2;No inventariada;;9;1;2;;;1;3;1;;;10;998
8;1;9;3;0;;1;1;CV-740;7;6;3;1;2;CV-740;1;1;1;;;1;1
6;3;10;3;0;;3;2;No inventariada;;9;7;2;;;1;1;1;;;16;998
7;6;10;3;0;;3;2;No inventariada;;9;20;2;;;1;1;1;;;9;998
10;3;16;3;3082;;1;1;CV-740;9,5;6;4;2;;;1;1;1;;;1;1
10;4;13;3;0;;1;1;CV-737;0,9;6;1;2;;;1;1;1;;;4;2
2;4;9;3;0;;1;1;CV-799;8,8;6;12;1;2;;1;1;1;;;1;2
3;6;10;3;0;;1;1;CV-799;10,843;6;10;2;;;1;1;1;;;1;3
5;7;9;3;0;;1;1;CV-804;1;5;2;2;;;1;1;1;;;1;1
6;2;18;3;0;;1;1;CV-799;4,5;6;1;2;;;1;1;1;;;1;1
11;5;10;3;0;;1;1;CV-799;3,911;6;2;1;2;;1;1;2;;;1;1
1;6;4;3;0;;3;2;No inventariada;;9;16;2;;;1;4;1;;;1;998
6;6;23;3;0;;3;2;No inventariada;;9;7;2;;;1;4;1;;;18;998
10;2;15;3;3044;;1;1;CV-95;4,5;5;2;1;4;;1;1;1;;;1;2
10;2;13;3;3044;;3;2;No inventariada;;9;7;2;;;9;1;7;;;18;998
11;4;20;3;3044;;1;1;CV-95;5;6;5;2;;;1;4;1;;;1;1
12;6;20;3;3044;;2;2;CV-95;4,621;6;3;1;4;;1;4;1;;;1;1
1;3;12;3;0;;1;1;CV-715;45,211;6;10;2;;;1;1;1;;;1;2
4;7;13;3;0;;1;1;CV-715;46;6;19;2;;;1;1;1;;;1;2
1;5;14;3;0;;1;1;CV-774;1,6;6;10;2;;;1;1;1;;1;1;3
2;7;12;3;0;;1;1;CV-774;0,71;6;4;2;;;1;1;1;;;1;1
7;7;15;3;0;;1;1;CV-773;5,7;6;19;2;;;1;1;1;;;1;1
9;2;17;3;0;;1;1;DEL PINO;10,5;10;19;1;2;;1;1;1;;;1;1
10;5;9;3;0;;1;1;CV-773;4,595;6;4;2;;;1;1;1;;;1;1
12;5;15;3;0;;1;1;CV-773;9,2;6;10;2;;;1;1;1;;;1;1
2;6;16;3;3047;;1;1;N-332;166,1;6;10;2;;;1;1;1;;;1;1
2;2;16;3;3047;;3;2;No inventariada;;9;1;1;4;;1;1;1;;;1;998
3;6;14;3;3047;;3;2;No inventariada;;9;7;2;;;1;1;1;;;9;998
4;7;22;3;3047;;1;1;CV-746;1,029;6;16;2;;;1;5;1;;;1;2
5;5;14;3;3047;;1;1;AP-7;631,823;2;12;2;;;1;1;1;;;1;2
5;5;14;3;3047;;1;1;AP-7;631,2;2;3;2;;;1;1;1;;;1;2
5;4;13;3;3047;;1;1;N-332;165,4;6;5;2;;;1;1;1;;;1;1
6;7;11;3;3041;;1;1;N-332;170,973;5;19;2;;;1;1;1;;;1;2
7;4;20;3;3041;;1;1;CV-7471;1;6;2;2;;;1;1;1;;;1;1
9;2;16;3;3047;;1;1;N-332;166,664;6;4;2;;;1;1;1;;;1;1
11;4;22;3;3041;;1;1;N-332;170,521;6;19;2;;;3;6;3;;;1;2
11;7;21;3;3047;;1;1;AP-7;631,4;2;16;2;;;1;6;1;;;1;2
2;6;21;3;3107;;1;1;CV-715;54,7;6;5;2;;;1;6;1;;;1;2