MES;DIA_SEMANA;HORA;COD_PROVINCIA;COD_MUNICIPIO;ISLA;ZONA;ZONA_AGRUPADA;CARRETERA;KM;TIPO_VIA;TIPO_ACCIDENTE;NUDO;NUDO_INFO;CARRETERA_CRUCE;CONDICION_FIRME;CONDICION_ILUMINACION;CONDICION_METEO;CONDICION_NIEBLA;CONDICION_VIENTO;VISIB_RESTRINGIDA_POR;TRAZADO_PLANTA
3;6;16;3;3048;;1;1;CV-715;49,6;6;19;2;;;1;1;1;;;1;2
3;5;16;3;3048;;1;1;CV-755;13,8;6;2;1;1;;1;1;1;;;4;2
3;7;10;3;3048;;1;1;CV-755;13,8;6;10;2;;;1;1;1;;;1;1
4;4;12;3;3048;;1;1;CV-755;16,5;6;20;2;;;1;1;1;;;1;1
1;6;3;3;3048;;3;2;No inventariada;;7;13;2;;;3;6;4;;;4;998
6;7;10;3;3048;;1;1;CV-755;16,579;6;18;2;;;1;1;1;;;1;2
7;1;20;3;3048;;1;1;CV-715;48,85;6;3;2;;;1;1;1;;;1;2
8;5;13;3;3048;;1;1;CV-715;52,831;6;4;2;;;1;1;1;;;1;1
8;7;10;3;0;;1;1;CV-775;16,15;6;15;2;;;1;1;1;;;1;2
7;7;6;3;3048;;3;2;No inventariada;;9;10;2;;;3;1;1;;;1;998
4;5;4;3;3048;;3;2;No inventariada;;9;6;2;;;1;1;1;;;1;998
10;1;5;3;3048;;3;2;No inventariada;;9;7;2;;;1;1;1;;;1;998
10;3;21;3;3048;;1;1;CV-715;53,261;6;4;2;;;1;6;1;;;1;2
11;5;10;3;3048;;3;2;No inventariada;;9;4;2;;;1;1;1;;;1;998
2;1;12;3;3049;;1;1;CV-913;2,2;6;4;2;;;1;1;2;;;1;1
6;6;0;3;3049;;1;1;CMNO. EL M;2;10;14;2;;;1;6;1;;;1;3
6;4;13;3;3049;;1;1;CLERIGOS;0,2;10;2;1;1;;1;1;1;;;1;1
7;3;20;3;3049;;1;1;CV-900;7,8;6;7;1;4;CV-913;1;1;1;;;1;2
8;2;18;3;3049;;1;1;CV-913;1,3;6;4;2;;;1;1;1;;;1;1
8;4;19;3;3049;;1;1;CV-913;1,8;6;2;1;1;;1;1;1;;;1;1
1;5;13;3;3049;;3;2;No inventariada;;9;16;2;;;1;1;1;;;1;998
1;6;11;3;3049;;3;2;No inventariada;;9;7;2;;;1;1;7;;;1;998
7;4;12;3;3049;;3;2;No inventariada;;14;2;1;4;;1;1;1;;;9;998
8;7;0;3;3049;;3;2;No inventariada;;9;7;2;;;1;4;1;;;18;998
8;1;20;3;3049;;3;2;No inventariada;;9;4;2;;;1;4;1;;;1;998
9;4;13;3;3049;;3;2;No inventariada;;9;10;1;2;;1;1;1;;;18;998
8;6;9;3;3049;;3;2;No inventariada;;9;7;1;2;;1;1;1;;;1;998
11;2;15;3;3049;;1;1;CV-900;6,9;7;16;2;;;1;1;1;;;1;1
2;4;7;3;3049;;3;2;No inventariada;;9;7;2;;;1;3;1;;;1;998
2;5;19;3;3049;;3;2;No inventariada;;9;7;2;;;1;3;1;;;1;998
3;1;12;3;3049;;3;2;No inventariada;;9;2;1;4;;1;1;1;;;1;998
4;2;12;3;3049;;3;2;No inventariada;;9;10;2;;;7;1;1;;;18;998
4;5;8;3;3049;;3;2;No inventariada;;9;2;1;1;;1;1;1;;;1;998
5;1;14;3;3049;;3;2;No inventariada;;9;4;1;1;;1;1;1;;;1;998
5;5;10;3;3049;;3;2;No inventariada;;9;7;1;2;;1;1;1;;;1;998
6;4;18;3;3049;;3;2;No inventariada;;9;7;2;;;1;1;1;;;1;998
6;2;9;3;3049;;3;2;No inventariada;;9;10;2;;;3;1;2;;;1;998
6;3;9;3;3049;;3;2;No inventariada;;9;2;2;;;1;1;1;;;1;998
11;1;12;3;3049;;3;2;No inventariada;;9;2;1;1;;1;2;1;;;1;998
10;1;11;3;3049;;3;2;No inventariada;;9;4;1;1;;1;1;1;;;1;998
10;6;15;3;3049;;3;2;No inventariada;;9;4;2;;;1;1;1;;;1;998
10;3;9;3;3049;;3;2;No inventariada;;9;2;1;2;;3;1;2;;;1;998
4;5;15;3;3049;;3;2;No inventariada;;9;7;2;;;1;1;1;;;1;998
6;2;19;3;3049;;3;2;No inventariada;;9;5;2;;;1;1;1;;;1;998
10;3;14;3;3049;;3;2;No inventariada;;9;7;2;;;1;1;1;;;1;998
12;6;10;3;3049;;1;1;CV-900;6,4;6;1;2;;;1;1;1;;;1;1
11;3;19;3;3049;;3;2;No inventariada;;9;6;2;;;1;4;1;;;1;998
12;5;15;3;3049;;3;2;No inventariada;;9;10;2;;;7;1;1;;;1;998
11;6;11;3;3049;;3;2;No inventariada;;9;7;2;;;1;1;1;;;1;998
12;1;1;3;3049;;1;1;CV-913;0,001;6;12;1;4;CV-900;1;4;1;;;1;2
12;1;7;3;3049;;1;1;CV-900;7,8;5;5;2;;;1;1;1;;;1;1
1;2;12;3;3050;;1;1;CV-775;0,5;6;2;1;4;N-332;1;1;1;;;1;2
1;7;22;3;3090;;1;1;A-70;5,44;3;3;2;;;1;5;1;;;1;1
1;7;10;3;3050;;1;1;N-332;125,6;6;19;2;;;1;1;1;;;1;2
2;6;11;3;3050;;1;1;N-332;126;6;4;2;;;1;1;1;;;1;1
2;3;13;3;3050;;1;1;CV-775;5,02;6;10;2;;;8;1;1;;;1;2
2;4;0;3;3050;;1;1;N-332;127,7;6;4;2;;;1;6;1;;;1;1
3;7;6;3;3139;;1;1;AP-7;665,5;2;16;2;;;1;6;1;;1;1;1
3;2;8;3;3050;;3;2;No inventariada;;9;4;1;2;;1;1;1;;;1;998
3;1;7;3;3014;;1;1;A-70;18,5;3;4;2;;;3;2;3;;;1;1
4;4;9;3;3139;;1;1;AP-7;666,2;2;4;2;;;1;1;1;;;1;1
4;1;13;3;3050;;3;2;No inventariada;;9;20;2;;;1;1;1;;;1;998
4;1;10;3;3050;;3;2;No inventariada;;9;1;1;2;;1;1;2;;;1;998
4;7;9;3;3050;;3;2;No inventariada;;9;2;2;;;3;1;2;;;1;998
4;5;19;3;3050;;3;2;No inventariada;;9;4;2;;;1;1;1;;;1;998
2;1;7;3;3050;;3;2;No inventariada;;9;3;1;4;;3;1;3;;;1;998
2;6;13;3;3050;;3;2;No inventariada;;9;4;2;;;1;1;1;;;1;998
5;4;13;3;3050;;3;2;No inventariada;;9;2;1;2;;1;1;1;;;1;998
5;6;19;3;3050;;1;1;CV-775;5,716;6;14;2;;;1;1;1;;;1;2
1;1;15;3;3050;;3;2;No inventariada;;9;4;2;;;1;1;1;;;1;998
5;6;20;3;3090;;1;1;A-70;6,512;6;1;2;;;1;1;1;;;1;1
5;7;11;3;3050;;1;1;N-332;122,9;6;4;1;12;;1;1;1;;;1;1
1;2;15;3;3050;;3;2;No inventariada;;9;3;2;;;1;1;1;;;1;998
5;4;15;3;3050;;3;2;No inventariada;;9;1;2;;;1;1;1;;;1;998
5;4;19;3;3050;;1;1;N-332;130,4;6;2;2;;;1;1;1;;;1;1
5;5;20;3;3050;;3;2;No inventariada;;9;3;1;6;;1;2;1;;;1;998
6;2;7;3;3050;;3;2;No inventariada;;9;12;2;;;3;1;1;;;1;998
6;7;19;3;3050;;1;1;N-332;130,25;6;1;2;;;1;1;1;;;1;1
6;6;19;3;3050;;1;1;N-332;123;6;2;1;2;;1;1;1;;;1;1
6;5;20;3;3050;;1;1;AP-7;670,7;2;10;2;;;1;1;1;;;1;1
6;5;23;3;3050;;3;2;No inventariada;;9;10;1;2;;1;4;1;;;1;998
6;6;11;3;3050;;3;2;No inventariada;;9;7;2;;;1;1;1;;;1;998
7;6;5;3;3050;;1;1;AP-7;673,4;2;12;2;;;1;4;1;;;1;1
7;4;11;3;3050;;3;2;No inventariada;;9;2;1;4;;1;1;1;;;1;998
6;5;20;3;3050;;3;2;No inventariada;;9;7;2;;;1;2;2;;;9;998
7;1;15;3;3050;;1;1;AP-7;668,1;5;4;2;;;1;1;1;;;1;1
7;1;20;3;3050;;3;2;No inventariada;;9;4;2;;;1;1;1;;;1;998
6;5;13;3;3050;;3;2;No inventariada;;9;2;1;4;;1;1;1;;;1;998
7;4;19;3;3050;;3;2;No inventariada;;9;2;1;3;;1;1;1;;;2;998
7;5;15;3;3050;;1;1;CV-777;3,6;6;19;2;;;1;1;1;;;1;1
7;5;11;3;3050;;3;2;No inventariada;;9;7;2;;;1;1;1;;;1;998
6;5;12;3;3050;;3;2;No inventariada;;14;2;1;2;;1;1;1;;;1;998
7;2;19;3;3050;;3;2;No inventariada;;9;7;2;;;1;1;1;;;9;998
2;7;2;3;3050;;3;2;No inventariada;;9;12;2;;;1;4;1;;;1;998
7;5;9;3;3050;;3;2;No inventariada;;9;1;1;2;;1;1;1;;;1;998
8;1;12;3;3050;;3;2;No inventariada;;9;6;2;;;1;1;1;;;1;998
8;3;10;3;3050;;1;1;CV-777;4,898;6;10;2;;;1;1;1;;;1;1
8;3;12;3;3050;;1;1;AP-7;666,5;2;4;2;;;1;1;1;;;1;1
8;7;9;3;3050;;3;2;No inventariada;;9;2;1;1;;1;1;1;;;1;998
6;2;10;3;3050;;3;2;No inventariada;;9;19;2;;;1;1;1;;;1;998
8;4;10;3;3050;;3;2;No inventariada;;9;4;2;;;1;1;1;;;1;998
9;1;19;3;3050;;3;2;No inventariada;;9;1;1;3;;1;2;2;;;1;998
9;3;17;3;3050;;3;2;No inventariada;;9;3;1;4;;1;1;1;;;1;998
7;6;1;3;3050;;3;2;No inventariada;;9;20;2;;;1;4;1;;;1;998
11;3;16;3;3050;;3;2;No inventariada;;9;2;2;;;1;1;1;;;1;998
11;5;10;3;3050;;3;2;No inventariada;;9;16;2;;;1;1;1;;;1;998
11;5;23;3;3050;;3;2;No inventariada;;9;2;1;1;;1;4;1;;;1;998
10;3;12;3;3050;;3;2;No inventariada;;9;2;1;2;;1;1;1;;;1;998
12;5;19;3;3050;;1;1;AP-7;670;2;4;2;;;1;6;1;;;1;1
12;2;12;3;3050;;3;2;No inventariada;;9;10;1;5;;7;1;1;;;1;998
4;4;5;3;0;;1;1;CV-81;32,778;6;8;2;;;1;6;1;;;1;1
1;1;11;3;3053;;1;1;CV-8152;7,5;6;19;2;;;1;1;1;;;1;1
3;5;8;3;3053;;1;1;CV-806;2,311;6;6;2;;;3;2;1;;;1;1
5;4;12;3;3053;;3;2;No inventariada;;9;3;1;2;;1;1;1;;;9;998
6;3;15;3;3096;;1;1;CV-8153;1,904;10;2;1;1;;1;1;1;;;12;1
7;1;8;3;3053;;3;2;No inventariada;;9;7;1;1;;1;1;1;;;1;998
7;2;11;3;3053;;3;2;No inventariada;;9;7;1;1;;1;1;1;;;1;998
8;5;2;3;3053;;1;1;CV-80;18,75;5;12;2;;;1;6;1;;;1;1
12;4;1;3;3053;;1;1;CV-806;2,95;6;16;2;;;1;6;1;;;1;1
11;3;12;3;3053;;3;2;No inventariada;;9;3;1;1;;1;1;1;;;9;998
12;5;8;3;3053;;1;1;A-7;473,83;3;4;2;;;1;1;1;;;5;1
1;1;13;3;0;;2;2;CAMINO VEC;2;10;19;2;;;1;1;1;;;1;1
3;7;10;3;0;;1;1;CV-752;6,2;6;10;2;;;1;1;1;;1;1;1
3;4;12;3;0;;1;1;CV-752;11;6;17;2;;;1;1;1;;;4;2
3;1;12;3;0;;1;1;CV-752;9,345;6;18;2;;;1;1;1;;;1;1
4;6;11;3;0;;1;1;CV-752;10,5;6;8;2;;;1;1;1;;;1;2
10;1;14;3;0;;1;1;CV-752;10,058;6;10;2;;;1;1;1;;;1;2
12;7;17;3;0;;1;1;CV-720;18,9;6;12;2;;;1;1;1;;;1;2
2;6;13;3;3055;;1;1;AP-7;732,426;1;19;2;;;1;1;1;;;1;2
4;1;21;3;3055;;1;1;CV-909;1,4;6;5;1;1;;1;6;1;;;1;3
5;4;10;3;3055;;1;1;C CATURLA;20;10;2;2;;;1;1;1;;;4;3
5;3;18;3;3055;;1;1;No inventariada;0,3;10;15;2;;;1;1;1;;;1;3
7;3;18;3;3064;;1;1;CV-861;0,1;6;2;1;1;CV-921;1;1;1;;;1;1
9;4;18;3;3055;;1;1;CV-913;5,212;5;20;2;;;1;1;1;;;1;1
10;4;11;3;3055;;1;1;CAMINO LA;3;6;2;1;1;;1;1;1;;;1;3
2;6;15;3;3055;;3;2;No inventariada;;9;2;1;1;;1;1;1;;;1;998
4;5;20;3;3055;;3;2;No inventariada;;9;7;2;;;1;1;1;;;1;998
6;6;12;3;3055;;3;2;No inventariada;;9;7;2;;;1;1;1;;;1;998
7;3;19;3;3055;;3;2;No inventariada;;9;2;2;;;1;1;1;;;1;998
6;1;11;3;3055;;3;2;No inventariada;;9;7;2;;;1;1;1;;;1;998
8;4;10;3;3055;;3;2;No inventariada;;7;10;2;;;1;1;1;;;4;998
11;6;12;3;3055;;1;1;CAMINO DE;2,5;10;10;2;;;1;1;1;;;1;1
12;3;13;3;3059;;1;1;CV-904;4,5;6;20;2;;;1;1;2;;;1;1
12;1;14;3;3055;;1;1;ARROBAMADR;0;10;2;1;2;;1;1;1;;;1;1
4;3;14;3;3056;;1;1;CV-70;5,021;6;19;2;;;1;1;1;;;1;1
5;7;7;3;3056;;1;1;A-7;439,3;3;14;2;;;1;1;2;;;1;3
5;2;16;3;3092;;1;1;N-340;804;5;2;1;5;N-340;1;1;1;;;1;1
6;1;18;3;3056;;1;1;N-340;798,022;5;4;1;5;N-340;1;1;1;;;1;1
1;3;7;3;3056;;3;2;No inventariada;;9;4;2;;;1;3;1;;;1;998
3;6;10;3;3056;;3;2;No inventariada;;9;10;2;;;1;1;1;;;1;998
8;4;7;3;3009;;1;1;A-7;447,221;3;4;2;;;1;2;1;;;1;1
8;6;11;3;3056;;1;1;CV-790;4,4;6;13;2;;;1;1;1;;;1;2
10;1;9;3;3056;;1;1;CV-790;6,6;6;2;1;4;N-340;1;1;1;;;1;2
11;2;8;3;3056;;1;1;N-340;800,5;6;5;1;2;N-340;1;1;1;;;1;1
11;3;9;3;3056;;1;1;N-340;800,849;6;4;2;;;1;1;1;;;1;1
12;1;7;3;3056;;1;1;CV-790;6,16;6;19;2;;;7;1;1;;;1;2
2;6;10;3;0;;1;1;CV-70;18,826;6;19;2;;;1;1;1;;;1;2
6;6;9;3;0;;1;1;CV-70;27,8;6;19;2;;;1;1;1;;;1;2
6;5;10;3;0;;1;1;CV-70;18,27;6;10;2;;;2;1;1;;;1;2
7;5;20;3;0;;1;1;CV-70;27;6;19;2;;;1;1;1;;;1;3
10;7;12;3;0;;1;1;CV-70;22,5;6;16;2;;;1;1;1;;;1;2
11;2;13;3;0;;1;1;CV-70;26,2;6;10;2;;;1;1;2;;;1;2
11;3;17;3;0;;1;1;CM ALJORFA;1,15;10;12;2;;;1;1;1;;;1;3
2;1;19;3;3058;;1;1;N-340;695;6;2;2;;;1;6;1;;;1;1
3;6;8;3;3058;;1;1;CV-900;12,1;6;12;1;4;;1;1;2;;;1;2
3;1;8;3;3058;;1;1;N-340;695;6;4;2;;;1;1;1;;;1;1
4;4;7;3;3058;;1;1;N-340;693,1;6;1;1;1;;1;2;1;;;1;1
8;7;5;3;3058;;1;1;VIRGEN DEL;1;10;14;1;1;;1;6;1;;;1;1
9;5;4;3;3058;;1;1;N-340;693,2;6;7;2;;;1;6;1;;;1;1
9;3;13;3;3058;;1;1;A-7;541;3;4;2;;;1;1;1;;;1;1
5;4;0;3;3058;;3;2;No inventariada;;9;19;2;;;1;4;1;;;1;998
11;4;18;3;3058;;3;2;No inventariada;;9;2;1;2;;1;3;1;;;1;998
12;2;21;3;3058;;3;2;No inventariada;;9;2;1;2;;1;4;1;;;1;998
1;2;14;3;3059;;1;1;A-7;528;3;12;1;2;AP-7;1;1;2;;;1;1
1;2;8;3;3059;;1;1;A-7;528;3;3;2;;;1;1;1;;;1;1
2;1;15;3;3059;;1;1;CV-904;0,025;6;4;1;2;N-340;1;1;1;;;1;1
2;5;14;3;3059;;1;1;N-325;20;6;2;2;;;3;1;2;;;1;1
3;4;7;3;3059;;1;1;N-340;711;6;10;1;4;N-340;1;2;1;;;1;2
4;3;13;3;3065;;1;1;N-340;712,5;6;4;1;10;N-340;1;1;1;;;1;1
4;1;12;3;3059;;1;1;CV-875;10,67;6;4;2;;;1;1;1;;;1;2
4;5;15;3;3059;;1;1;A-7;527,8;3;3;2;;;1;1;1;;;1;1
4;1;7;3;3059;;1;1;N-325;16,2;6;15;2;;;3;2;3;;;1;2
4;4;17;3;3059;;1;1;A-7;524,35;2;4;2;;;1;1;1;;;1;3
5;3;23;3;3059;;1;1;CAMINO DE;0,3;10;16;2;;;2;6;1;;;1;2
1;1;22;3;3059;;3;2;No inventariada;;9;2;1;2;;1;4;1;;;1;998
6;4;13;3;3059;;3;2;No inventariada;;9;7;2;;;1;1;1;;;18;998
6;7;19;3;3059;;1;1;N-340;711;6;4;2;;;1;1;1;;;1;1
3;5;18;3;3059;;3;2;No inventariada;;9;7;1;2;;1;1;7;;;4;998
1;1;14;3;3059;;3;2;No inventariada;;9;10;2;;;1;1;7;;;18;998
2;3;5;3;3059;;3;2;No inventariada;;9;2;1;2;;1;4;1;;;1;998
1;2;18;3;3059;;3;2;No inventariada;;9;4;1;2;;1;1;7;;;18;998
5;2;11;3;3059;;3;2;No inventariada;;9;2;1;2;;1;1;7;;;18;998
4;6;10;3;3059;;3;2;No inventariada;;9;6;2;;;1;1;1;;;18;998
4;2;11;3;3059;;3;2;No inventariada;;9;2;2;;;8;1;1;;;6;998
6;2;18;3;3059;;1;1;N-340;711,5;5;4;2;;;4;1;4;;;5;1
6;6;15;3;3059;;3;2;No inventariada;;9;4;2;;;1;1;7;;;18;998
6;6;21;3;3059;;1;1;CV-875;6,9;6;19;2;;;1;1;1;;;1;1
6;6;22;3;3059;;3;2;No inventariada;;9;3;1;2;;1;4;1;;;1;998
8;4;19;3;3059;;3;2;No inventariada;;9;2;1;2;;1;1;1;;;1;998
8;2;14;3;3059;;3;2;No inventariada;;9;2;1;2;;1;1;1;;;18;998
9;1;14;3;3059;;1;1;No inventariada;0;10;1;2;;;1;1;1;;;12;2
9;3;17;3;3059;;3;2;No inventariada;;9;2;1;2;;1;1;1;;;1;998
10;1;13;3;3059;;1;1;CV-904;1,55;6;10;1;4;A-7;7;6;1;;;1;2
10;7;10;3;3059;;1;1;N-325;16,7;6;2;1;2;;1;1;1;;;1;1
9;1;18;3;3059;;3;2;No inventariada;;9;7;1;2;;1;1;1;;;6;998
9;4;11;3;3059;;3;2;No inventariada;;9;7;2;;;1;1;1;;;18;998
10;4;13;3;3059;;1;1;AP-7;726;1;6;2;;;1;1;1;;;1;1
10;5;9;3;3059;;1;1;N-325;17,6;6;15;2;;;3;1;1;;;1;2
10;2;14;3;3059;;1;1;AP-7;728,8;5;16;2;;;1;1;2;;;1;1
11;3;18;3;3059;;1;1;A-7;528,3;3;5;1;2;AP-7;1;2;1;;;1;1
11;4;19;3;3055;;1;1;CV-909;1,3;6;4;1;1;;1;6;1;;;1;1
10;2;19;3;3059;;3;2;No inventariada;;9;3;1;2;;1;1;1;;;18;998
8;4;16;3;3059;;3;2;No inventariada;;9;10;2;;;1;1;1;;;18;998
8;5;19;3;3059;;3;2;No inventariada;;9;6;2;;;2;1;1;;;1;998
9;7;2;3;3059;;3;2;No inventariada;;9;4;2;;;1;4;1;;;1;998
8;7;11;3;3059;;3;2;No inventariada;;9;2;1;2;;1;1;1;;;1;998
9;6;13;3;3059;;3;2;No inventariada;;9;4;2;;;1;1;1;;;1;998
8;2;9;3;3059;;3;2;No inventariada;;9;4;2;;;9;1;1;;;18;998
10;7;6;3;3059;;3;2;No inventariada;;9;6;2;;;3;4;2;;;1;998
12;3;15;3;3059;;1;1;CV-875;10;6;1;1;2;CV-875;1;1;1;;;1;1
1;4;5;3;0;;1;1;AP-7;739,9;2;4;2;;;3;6;1;;;1;1
2;5;16;3;0;;1;1;AP-7;740,7;1;20;2;;;3;1;3;;;1;1
2;3;12;3;0;;1;1;CV-862;0,7;6;16;2;;;1;1;1;;;1;1
2;7;17;3;0;;1;1;CV-9032;2;6;2;1;2;CV-9015;1;1;2;;;1;1
6;7;10;3;0;;1;1;CV-91;16,5;6;1;2;;;1;1;1;;;1;1
7;2;10;3;0;;1;1;CV-901;1;6;7;2;;;1;1;1;;;1;1
8;6;8;3;0;;1;1;CV-860;6,8;5;16;2;;;1;1;1;;;1;1
1;1;0;3;3063;;1;1;CV-7361;4,5;6;10;2;;;1;6;1;;;1;1
1;7;18;3;3063;;3;2;No inventariada;;9;12;1;2;;1;4;1;;;1;998
1;2;16;3;3063;;3;2;No inventariada;;9;7;2;;;1;1;1;;;6;998
2;4;11;3;3063;;1;1;CV-700;63,9;6;3;1;2;;1;1;1;;;1;3
2;1;18;3;3063;;1;1;CV-725;4;6;4;2;;;1;2;1;;;1;1
2;6;15;3;3063;;3;2;No inventariada;;9;2;1;2;;1;1;1;;;1;998
1;3;12;3;3063;;3;2;No inventariada;;9;7;2;;;1;1;1;;;1;998
3;5;16;3;3063;;3;2;No inventariada;;9;2;1;1;;1;1;1;;;1;998
3;6;21;3;3063;;1;1;CV-725;4,6;6;7;2;;;1;6;1;;;1;1
4;5;12;3;3063;;3;2;No inventariada;;9;3;2;;;1;1;1;;;1;998
2;1;11;3;3063;;1;1;CV-725;6,35;5;7;2;;;1;1;1;;;1;1
1;1;14;3;3063;;3;2;No inventariada;;9;3;1;4;;1;1;1;;;1;998
3;1;11;3;3063;;3;2;No inventariada;;9;7;2;;;1;1;1;;;1;998
3;3;9;3;3063;;3;2;No inventariada;;9;2;1;4;;1;1;1;;;1;998
3;7;13;3;3063;;3;2;No inventariada;;9;10;2;;;1;1;1;;;1;998
4;4;12;3;3063;;3;2;No inventariada;;9;7;1;2;;1;1;1;;;6;998
5;4;16;3;3063;;1;1;CV-725;4,5;6;16;1;2;CV-724;1;1;1;;;1;1
5;2;9;3;3063;;3;2;No inventariada;;9;3;2;;;1;1;1;;;1;998
5;2;14;3;3063;;3;2;No inventariada;;9;10;2;;;3;1;1;;;1;998
6;6;18;3;3063;;1;1;CV-723;5,64;6;1;2;;;1;1;1;;;1;2
6;2;11;3;3063;;1;1;CV-723;3,9;6;4;2;;;1;1;1;;;1;1
5;6;12;3;3063;;3;2;No inventariada;;9;7;2;;;1;1;1;;;1;998
6;5;13;3;3063;;1;1;CV-723;4,75;6;2;1;1;ELS MOLINS;1;1;1;;;1;1
7;4;12;3;3063;;3;2;No inventariada;;9;4;2;;;1;1;1;;;1;998
7;7;19;3;3063;;1;1;CV-723;5,639;6;15;2;;;1;1;1;;;1;2
4;6;16;3;3063;;3;2;No inventariada;;9;2;1;1;;1;1;1;;;1;998
6;6;22;3;3063;;1;1;CV-730;1;6;7;2;;;1;4;1;;;1;1
7;4;21;3;3063;;3;2;No inventariada;;9;2;1;1;;1;1;1;;;1;998
6;1;0;3;3063;;1;1;CV-730;5;6;1;1;1;;1;4;1;;;1;1
7;5;11;3;3063;;1;1;CV-723;3,9;6;2;1;2;CV-724;1;1;1;;;1;1
8;5;12;3;3063;;1;1;CV-723;1,2;6;2;1;1;;1;1;1;;;1;1
8;5;3;3;3063;;1;1;CV-735;10;6;8;2;;;1;6;1;;;1;1
9;4;10;3;3063;;3;2;No inventariada;;9;7;2;;;1;1;2;;;1;998
8;4;12;3;3063;;3;2;No inventariada;;9;2;1;4;;1;1;1;;;1;998
9;3;9;3;3063;;1;1;CV-730;9,9;6;2;1;2;;1;1;1;;;1;1
9;4;16;3;3063;;1;1;CV-725;5,7;6;2;1;4;;1;1;1;;;1;1
9;2;11;3;3063;;1;1;CV-725;5,727;5;19;1;4;;1;1;1;;;1;2
9;2;17;3;3063;;1;1;N-332;186,6;6;19;2;;;1;1;1;;;1;2
9;3;18;3;3063;;1;1;CV-723;3,449;6;15;2;;;1;1;2;;;1;1
9;2;19;3;3063;;1;1;CV-723;1,5;6;3;2;;;1;1;1;;;1;1
9;1;20;3;3063;;1;1;CV-725;5,2;5;8;2;;;1;4;1;;;1;1
10;4;7;3;3063;;1;1;CV-723;5,069;5;16;2;;;1;6;1;;;1;2
10;3;11;3;3063;;1;1;CV-730;6,2;6;10;2;;;8;1;1;;;1;1
10;3;9;3;3063;;1;1;CV-735;7,5;6;3;2;;;1;1;1;;;1;1
10;7;12;3;3071;;1;1;N-332;191,22;6;4;2;;;4;1;4;;;5;1
8;2;20;3;3063;;1;1;CV-7221;1;6;2;2;;;1;1;1;;;1;1
10;7;13;3;3063;;3;2;No inventariada;;9;2;1;2;;1;1;1;;;1;998
10;6;12;3;3063;;3;2;No inventariada;;9;2;1;1;;1;1;1;;;1;998
11;2;23;3;3101;;2;2;CV-725;0,1;6;13;2;;;3;6;3;;;1;1
10;2;22;3;3063;;3;2;No inventariada;;9;7;2;;;1;4;1;;;12;998
12;4;17;3;3063;;1;1;CV-723;2,4;6;2;1;2;;1;1;1;;;1;1
12;7;10;3;3063;;1;1;CV-725;4,5;6;4;2;;;1;1;1;;;1;1
12;3;19;3;3063;;3;2;No inventariada;;9;7;2;;;3;4;3;;;18;998
12;2;14;3;3063;;3;2;No inventariada;;9;7;2;;;1;1;1;;;1;998
12;6;19;3;3063;;1;1;CV-723;2,75;6;2;1;2;;1;6;1;;;1;1
12;6;15;3;3063;;3;2;No inventariada;;9;7;2;;;1;1;1;;;1;998
1;3;16;3;3064;;1;1;CV-855;17,9;6;15;2;;;1;1;1;;;1;1
2;5;16;3;3064;;1;1;CV-855;13,5;6;2;1;1;;3;1;3;;;1;1
4;1;7;3;3064;;1;1;CV-861;0,5;5;2;1;2;;3;2;3;;;1;1
5;2;8;3;3064;;1;1;CV-855;17,416;5;4;2;;;1;1;1;;;1;1
5;7;10;3;3064;;1;1;CV-855;16,779;5;4;2;;;1;1;1;;;1;1
3;5;23;3;3064;;3;2;No inventariada;;14;19;2;;;1;4;1;;;1;998
4;6;12;3;3064;;3;2;No inventariada;;9;7;1;1;;1;1;1;;;1;998
5;5;15;3;3064;;3;2;No inventariada;;9;10;1;2;;1;1;1;;;2;998
6;2;12;3;3064;;3;2;No inventariada;;9;7;1;1;;1;1;1;;;1;998
6;2;21;3;3064;;3;2;No inventariada;;9;1;1;1;;1;2;1;;;1;998
6;4;0;3;3064;;3;2;No inventariada;;9;7;2;;;1;4;1;;;1;998
7;7;16;3;3064;;3;2;No inventariada;;9;3;1;1;;1;1;1;;;1;998
7;1;6;3;3064;;1;1;CV-861;2,424;6;16;2;;;1;2;1;;;1;1
8;4;15;3;3064;;1;1;CV-855;17,446;12;2;2;;;1;1;1;;;12;1
9;2;16;3;3064;;3;2;No inventariada;;9;7;2;;;1;1;1;;;1;998
11;5;6;3;3064;;1;1;CV-859;0,5;5;3;2;;;1;4;1;;;1;1
1;1;16;3;3065;;3;2;No inventariada;;9;11;2;;;1;1;1;;;1;998
1;2;14;3;3065;;3;2;No inventariada;;9;4;2;;;1;1;1;;;1;998
1;3;13;3;3065;;1;1;N-332;97,516;6;12;1;2;N-338;1;1;1;;;1;1
1;1;8;3;3065;;1;1;CV-86;7,6;5;12;1;4;;1;2;1;;;1;2
1;5;23;3;3065;;1;1;EL-20;0,35;3;15;1;2;A-70;1;6;1;;1;1;2
1;4;13;3;3065;;3;2;No inventariada;;9;4;2;;;1;1;1;;;1;998
1;3;12;3;3065;;3;2;No inventariada;;9;7;2;;;1;1;1;;;1;998
1;4;11;3;3065;;3;2;No inventariada;;9;3;2;;;1;1;2;;;1;998
1;1;10;3;3065;;3;2;No inventariada;;9;1;1;2;;1;1;1;;;1;998
1;2;19;3;3065;;1;1;CV-851;7,611;6;19;2;;;1;6;1;;;1;2
1;2;13;3;3065;;3;2;No inventariada;;9;3;1;1;;1;1;1;;;1;998
1;2;8;3;3065;;3;2;No inventariada;;9;7;1;4;;1;1;2;;;1;998
1;3;18;3;3065;;1;1;A-7;516,8;3;4;2;;;1;6;1;;;4;2
1;3;19;3;3065;;1;1;A-7;517,1;3;4;2;;;1;6;1;;;1;3
1;3;19;3;3065;;3;2;No inventariada;;9;3;1;1;;1;4;1;;;1;998
1;2;21;3;3065;;3;2;No inventariada;;9;2;1;1;;1;1;1;;;1;998
1;2;19;3;3065;;3;2;No inventariada;;9;2;2;;;1;4;1;;;1;998
1;3;20;3;3065;;3;2;No inventariada;;9;4;1;2;;1;4;1;;;1;998
1;5;21;3;3065;;3;2;No inventariada;;9;2;1;2;;1;4;1;;;9;998
1;5;20;3;3065;;3;2;No inventariada;;9;2;1;2;;1;4;1;;;1;998
1;5;18;3;3065;;3;2;No inventariada;;9;2;1;4;;1;3;1;;;1;998
1;1;10;3;3065;;3;2;No inventariada;;9;7;2;;;1;1;2;;;1;998
1;7;21;3;3065;;3;2;No inventariada;;9;2;2;;;1;4;1;;;1;998
1;1;17;3;3065;;3;2;No inventariada;;9;4;2;;;1;1;1;;1;1;998
1;3;13;3;3065;;1;1;CV-853;9,6;6;4;1;1;;1;1;1;;;1;1
1;2;14;3;3065;;3;2;No inventariada;;9;2;1;1;;1;1;1;;;4;998
1;2;22;3;3065;;3;2;No inventariada;;9;3;1;2;;1;4;1;;;1;998
1;2;8;3;3065;;3;2;No inventariada;;9;10;2;;;1;1;1;;;1;998