MES;DIA_SEMANA;HORA;COD_PROVINCIA;COD_MUNICIPIO;ISLA;ZONA;ZONA_AGRUPADA;CARRETERA;KM;TIPO_VIA;TIPO_ACCIDENTE;NUDO;NUDO_INFO;CARRETERA_CRUCE;CONDICION_FIRME;CONDICION_ILUMINACION;CONDICION_METEO;CONDICION_NIEBLA;CONDICION_VIENTO;VISIB_RESTRINGIDA_POR;TRAZADO_PLANTA
1;4;10;3;3065;;3;2;No inventariada;;9;7;1;2;;1;1;1;;;1;998
1;5;15;3;3065;;3;2;No inventariada;;9;7;2;;;1;1;1;;;1;998
1;3;7;3;3065;;3;2;No inventariada;;9;2;1;2;;1;4;1;;;1;998
1;5;19;3;3065;;3;2;No inventariada;;9;5;2;;;1;4;1;;1;1;998
1;5;20;3;3065;;1;1;N-340;731,5;6;2;2;;;1;6;2;;;1;1
1;7;16;3;3065;;1;1;CV-853;7,5;6;4;2;;;1;1;1;;;1;1
1;7;21;3;3065;;3;2;No inventariada;;9;2;1;2;;1;4;1;;;1;998
1;6;7;3;3065;;3;2;No inventariada;;9;3;1;2;;1;3;1;;;1;998
1;6;20;3;3065;;3;2;No inventariada;;9;2;2;;;1;4;1;;;1;998
1;1;10;3;3065;;3;2;No inventariada;;9;1;1;2;;2;1;1;;;1;998
1;1;8;3;3065;;3;2;No inventariada;;9;2;1;1;;1;1;1;;;1;998
1;1;11;3;3065;;3;2;No inventariada;;9;4;2;;;1;1;1;;;4;998
1;1;15;3;3014;;1;1;A-70;26,449;3;4;2;;;1;1;1;;;1;1
1;1;17;3;3065;;3;2;No inventariada;;9;7;2;;;1;1;1;;;1;998
1;3;14;3;3065;;3;2;No inventariada;;9;4;2;;;1;1;1;;;1;998
1;3;9;3;3065;;3;2;No inventariada;;9;3;1;4;;1;1;1;;;1;998
1;5;20;3;3065;;3;2;No inventariada;;9;2;1;1;;1;4;1;;;1;998
1;7;14;3;3065;;3;2;No inventariada;;9;7;2;;;1;1;7;;;18;998
1;3;11;3;3065;;3;2;No inventariada;;9;10;2;;;1;1;1;;;1;998
1;1;15;3;3065;;3;2;No inventariada;;9;7;2;;;1;1;1;;;1;998
1;1;13;3;3065;;3;2;No inventariada;;9;10;1;4;;1;1;1;;;1;998
1;2;15;3;3065;;3;2;No inventariada;;9;11;2;;;1;1;1;;;1;998
1;2;17;3;3065;;3;2;No inventariada;;9;10;2;;;1;4;1;;;1;998
1;4;10;3;3065;;3;2;No inventariada;;9;6;2;;;1;1;1;;;1;998
1;3;9;3;3065;;3;2;No inventariada;;9;10;2;;;3;1;2;;;1;998
1;4;12;3;3065;;3;2;No inventariada;;9;4;2;;;1;1;1;;;1;998
1;2;17;3;3065;;3;2;No inventariada;;9;2;1;4;;1;1;1;;;1;998
1;4;18;3;3065;;1;1;CV-865;4,505;6;4;2;;;1;6;1;1;;1;1
1;1;14;3;3065;;3;2;No inventariada;;9;4;1;1;;1;1;1;;;1;998
1;3;17;3;3065;;3;2;No inventariada;;9;10;2;;;1;1;1;;;1;998
1;5;8;3;3014;;1;1;A-70;26,449;3;4;2;;;1;2;1;;;1;1
1;7;22;3;3065;;1;1;N-332;93,9;6;1;2;;;1;6;1;;;1;1
1;5;7;3;3065;;3;2;No inventariada;;9;3;2;;;1;1;1;;;1;998
1;2;7;3;3065;;3;2;No inventariada;;9;2;1;4;;1;4;1;;;1;998
1;1;22;3;3065;;3;2;No inventariada;;9;2;1;1;;1;4;1;;;9;998
1;2;18;3;3065;;3;2;No inventariada;;9;4;1;1;;1;1;1;;;1;998
1;4;15;3;3065;;3;2;No inventariada;;9;2;1;1;;1;1;1;;;4;998
1;5;20;3;3065;;3;2;No inventariada;;9;10;2;;;7;4;3;;;1;998
1;7;13;3;3065;;3;2;No inventariada;;9;20;1;2;;1;1;1;;;1;998
1;3;17;3;3065;;3;2;No inventariada;;9;6;1;4;;1;1;1;;;1;998
1;3;16;3;3065;;3;2;No inventariada;;9;2;1;1;;1;1;1;;;4;998
1;3;15;3;3065;;3;2;No inventariada;;9;10;2;;;1;1;1;;;1;998
1;4;18;3;3065;;3;2;No inventariada;;9;7;2;;;1;4;1;;;4;998
1;2;15;3;3065;;3;2;No inventariada;;9;10;2;;;1;1;1;;;1;998
1;6;16;3;3065;;3;2;No inventariada;;9;4;2;;;1;1;1;;;1;998
1;3;11;3;3065;;3;2;No inventariada;;9;4;1;2;;1;1;2;;;1;998
1;2;8;3;3065;;3;2;No inventariada;;9;6;1;2;;1;1;1;;;1;998
1;5;17;3;3065;;3;2;No inventariada;;9;2;1;1;;1;1;1;;;1;998
2;4;9;3;3065;;3;2;No inventariada;;9;3;1;4;;1;1;1;;;1;998
2;4;12;3;3065;;3;2;No inventariada;;9;6;2;;;1;1;1;;;1;998
1;1;16;3;3065;;3;2;No inventariada;;9;2;1;4;;1;1;1;;;1;998
1;2;21;3;3065;;3;2;No inventariada;;9;10;1;1;;1;4;1;;;1;998
2;7;10;3;3065;;3;2;No inventariada;;9;7;1;1;;1;1;1;;;1;998
2;1;22;3;3065;;1;1;CV-86;9,85;5;19;1;4;;8;6;1;;;1;2
2;1;10;3;3065;;1;1;CV-855;7;6;2;1;4;CV-851;1;1;1;;;18;1
1;3;8;3;3065;;3;2;No inventariada;;9;10;1;2;;7;1;1;;;1;998
1;3;8;3;3065;;3;2;No inventariada;;9;10;1;2;;7;1;1;;;1;998
1;1;21;3;3065;;3;2;No inventariada;;9;4;2;;;1;4;1;;;18;998
2;1;4;3;3065;;1;1;N-332;94,1;6;1;2;;;1;6;1;2;;5;1
2;3;7;3;3065;;3;2;No inventariada;;9;20;2;;;1;1;1;;;1;998
1;1;18;3;3065;;3;2;No inventariada;;9;7;1;1;;1;4;1;;;1;998
2;3;14;3;3065;;3;2;No inventariada;;9;10;2;;;1;1;1;;1;1;998
2;3;20;3;3065;;1;1;CV-856;1,089;6;16;1;2;;1;6;1;;;1;2
2;3;0;3;3065;;3;2;No inventariada;;9;20;2;;;1;4;1;;;1;998
2;2;13;3;3065;;3;2;No inventariada;;9;10;1;2;;1;1;1;;;1;998
1;1;20;3;3065;;3;2;No inventariada;;9;10;1;1;;1;3;1;;;1;998
2;3;10;3;3065;;3;2;No inventariada;;9;7;1;1;;1;1;1;;;1;998
2;5;9;3;3065;;3;2;No inventariada;;9;20;2;;;1;1;1;;;1;998
1;1;6;3;3065;;3;2;No inventariada;;9;2;1;1;;1;4;1;;;9;998
2;5;16;3;3065;;3;2;No inventariada;;9;7;1;2;;1;1;3;;;1;998
1;4;13;3;3065;;3;2;No inventariada;;9;10;1;4;;1;1;1;;;1;998
1;4;7;3;3065;;3;2;No inventariada;;9;10;1;2;;7;3;1;;;1;998
1;2;12;3;3065;;3;2;No inventariada;;9;6;2;;;1;1;1;;;1;998
2;6;19;3;3065;;3;2;No inventariada;;9;10;2;;;1;4;1;;;1;998
1;4;12;3;3065;;3;2;No inventariada;;9;2;1;1;;1;1;1;;;1;998
1;2;18;3;3065;;3;2;No inventariada;;9;2;2;;;1;1;1;;;4;998
1;3;21;3;3065;;3;2;No inventariada;;9;10;1;1;;1;5;1;;;1;998
2;4;9;3;3065;;1;1;CV-851;11,03;6;1;1;2;;1;1;2;;;1;1
2;4;20;3;3065;;3;2;No inventariada;;9;2;1;1;;1;4;1;;1;1;998
2;5;21;3;3065;;3;2;No inventariada;;9;10;1;4;;1;5;1;;;1;998
2;3;11;3;3065;;3;2;No inventariada;;9;10;1;1;;1;1;1;;;1;998
2;4;16;3;3065;;1;1;CV-854;2,147;6;3;2;;;1;1;2;;;1;1
2;3;19;3;3065;;3;2;No inventariada;;9;10;2;;;1;3;1;;;1;998
2;2;17;3;3065;;3;2;No inventariada;;9;2;1;2;;1;1;1;;;1;998
2;5;12;3;3065;;1;1;N-340;723,004;6;4;2;;;1;1;2;;;1;1
2;5;7;3;3065;;3;2;No inventariada;;9;10;2;;;3;1;2;;;1;998
2;1;17;3;3065;;3;2;No inventariada;;9;6;1;4;;1;1;1;;;1;998
2;3;11;3;3065;;3;2;No inventariada;;9;7;1;2;;1;1;1;;;18;998
2;2;19;3;3065;;1;1;CV-875;3;6;8;2;;;1;6;1;1;;1;1
2;2;11;3;3065;;3;2;No inventariada;;9;7;1;1;;1;5;1;;;1;998
2;5;20;3;3065;;3;2;No inventariada;;9;7;2;;;1;4;1;;;1;998
2;2;14;3;3065;;3;2;No inventariada;;9;2;1;2;;1;1;1;;;1;998
2;3;11;3;3065;;3;2;No inventariada;;9;2;1;1;;1;1;1;;;1;998
2;4;7;3;3065;;1;1;EL-20;6,64;5;3;1;4;;1;3;2;;;1;2
2;4;15;3;3065;;3;2;No inventariada;;9;7;2;;;1;1;1;;;1;998
2;5;6;3;3065;;1;1;A-79;5,726;5;10;2;;;1;6;7;;1;1;1
2;6;13;3;3065;;1;1;N-332;95,7;6;4;2;;;1;1;1;;;1;1
2;5;14;3;3065;;1;1;N-340;726,25;5;10;1;4;;1;1;1;;1;1;1
2;5;17;3;3065;;1;1;CV-851;5;6;3;1;2;CV-857;1;1;1;;;1;1
2;4;13;3;3065;;3;2;No inventariada;;9;7;2;;;1;4;1;;;1;998
2;3;14;3;3121;;1;1;CV-851;18,4;6;1;2;;;1;1;1;;;1;3
2;2;22;3;3065;;3;2;No inventariada;;9;20;2;;;1;4;1;;;1;998
2;7;12;3;3065;;3;2;No inventariada;;9;9;1;2;;1;1;1;;;1;998
2;1;8;3;3065;;1;1;CV-86;13,8;5;4;2;;;3;1;3;;;1;1
2;7;21;3;3065;;1;1;CV-855;8,4;6;8;2;;;1;6;1;;1;1;1
2;1;20;3;3065;;3;2;No inventariada;;9;4;2;;;1;4;1;;;1;998
2;2;4;3;3065;;1;1;A-70;30,48;3;4;2;;;1;6;1;;;1;1
2;2;16;3;3065;;3;2;No inventariada;;9;2;1;1;;1;1;1;;;1;998
2;2;20;3;3065;;1;1;A-7;508,5;3;12;2;;;1;6;1;;;1;3
2;2;13;3;3065;;3;2;No inventariada;;9;10;2;;;2;1;2;;1;1;998
2;2;18;3;3065;;3;2;No inventariada;;9;10;2;;;1;1;1;;1;1;998
2;2;19;3;3065;;1;1;A-70;27,6;3;4;2;;;1;2;1;;;1;1
3;5;12;3;3065;;3;2;No inventariada;;9;10;2;;;1;1;1;;;1;998
3;7;3;3;3065;;1;1;CV-865;4,1;6;16;2;;;1;5;1;;;1;1
2;1;7;3;3065;;3;2;No inventariada;;9;3;2;;;1;1;1;;;1;998
3;1;15;3;3065;;3;2;No inventariada;;9;4;2;;;1;1;1;;1;1;998
3;6;23;3;3065;;3;2;No inventariada;;9;10;2;;;2;4;1;;;1;998
3;2;11;3;3065;;1;1;CV-853;9,8;6;5;2;;;1;1;1;1;;1;1
3;2;19;3;3065;;3;2;No inventariada;;9;4;2;;;1;4;1;;;1;998
3;4;17;3;3065;;1;1;EL-20;0,4;3;4;1;4;CV-850;1;1;1;;;1;2
3;4;20;3;3065;;1;1;CV-853;3,2;6;3;2;;;1;6;1;;;1;1
3;6;7;3;3065;;1;1;EL-20;5,151;5;12;2;;;1;3;2;;;1;1
3;6;14;3;3065;;1;1;CV-86;7,965;3;10;1;4;;3;1;3;;;18;2
2;2;17;3;3065;;3;2;No inventariada;;9;7;2;;;1;1;1;;;1;998
3;3;21;3;3065;;3;2;No inventariada;;9;7;2;;;1;4;1;;;1;998
1;5;22;3;3065;;3;2;No inventariada;;9;4;1;4;;1;4;1;;;1;998
1;7;4;3;3065;;3;2;No inventariada;;9;10;2;;;1;4;1;;;1;998
3;2;9;3;3065;;1;1;N-332;97,3;5;4;2;;;1;1;1;;;1;1
2;6;1;3;3065;;3;2;No inventariada;;9;20;1;2;;3;4;2;;;1;998
3;3;7;3;3065;;1;1;A-7;518;3;10;2;;;7;2;1;;;1;1
3;1;18;3;3065;;3;2;No inventariada;;9;2;1;1;;1;1;1;;;1;998
3;3;22;3;3065;;3;2;No inventariada;;9;7;2;;;1;4;1;;;1;998
3;3;19;3;3065;;3;2;No inventariada;;9;3;2;;;1;1;1;;;6;998
3;5;13;3;3065;;1;1;A-70;27,69;3;3;2;;;1;1;1;;;1;1
3;5;8;3;3065;;3;2;No inventariada;;9;7;2;;;1;1;1;;;1;998
3;5;10;3;3065;;3;2;No inventariada;;9;2;1;2;;2;1;1;;;12;998
3;6;2;3;3065;;3;2;No inventariada;;9;4;2;;;1;4;1;;;1;998
3;7;22;3;3065;;3;2;No inventariada;;9;3;2;;;1;4;1;;;1;998
3;7;12;3;3065;;3;2;No inventariada;;9;7;2;;;1;1;1;;;1;998
3;1;23;3;3065;;3;2;No inventariada;;9;2;2;;;1;4;1;;;1;998
3;2;17;3;3065;;3;2;No inventariada;;9;2;1;4;;1;1;1;;;4;998
3;3;21;3;3065;;1;1;EL-20;6,631;5;16;1;4;;1;4;1;;;1;2
2;3;19;3;3065;;3;2;No inventariada;;9;7;1;1;;1;1;1;;1;4;998
2;6;20;3;3065;;3;2;No inventariada;;9;7;1;4;;1;1;1;;;1;998
3;3;20;3;3065;;3;2;No inventariada;;9;10;1;1;;1;3;1;;;1;998
3;5;6;3;3065;;1;1;CV-855;7,3;5;2;1;4;;9;4;7;;;18;1
3;5;12;3;3065;;3;2;No inventariada;;9;10;2;;;1;1;1;;;1;998
3;5;15;3;3065;;3;2;No inventariada;;9;2;2;;;1;1;1;;;1;998
3;5;21;3;3065;;3;2;No inventariada;;9;2;2;;;1;4;1;;;1;998
3;5;19;3;3065;;3;2;No inventariada;;9;7;2;;;1;4;1;;;1;998
3;7;14;3;3065;;3;2;No inventariada;;9;2;1;1;;1;1;1;;;1;998
3;1;7;3;3065;;3;2;No inventariada;;9;3;2;;;1;1;2;;;1;998
3;3;20;3;3065;;3;2;No inventariada;;9;7;2;;;1;4;1;;;1;998
3;1;1;3;3065;;3;2;No inventariada;;9;10;2;;;3;4;3;;;1;998
3;1;23;3;3065;;3;2;No inventariada;;9;7;1;1;;1;4;1;;;4;998
3;3;13;3;3065;;1;1;CV-86;11;5;9;1;4;;1;1;1;;;1;1
3;3;14;3;3065;;1;1;EL-20;5,1;5;12;2;;;1;1;1;;;1;1
3;1;13;3;3065;;3;2;No inventariada;;9;7;1;2;;1;1;1;;;9;998
3;4;9;3;3065;;1;1;CV-86;9,519;5;3;1;4;;1;1;1;;;1;2
3;3;14;3;3065;;3;2;No inventariada;;9;4;2;;;1;1;1;;;1;998
3;5;11;3;3065;;3;2;No inventariada;;9;10;2;;;2;1;1;;;1;998
3;6;8;3;3065;;1;1;CV-851;6,55;6;19;2;;;1;1;2;;;1;2
3;3;15;3;3065;;3;2;No inventariada;;9;2;1;4;;1;1;1;;;1;998
3;7;14;3;3065;;3;2;No inventariada;;9;7;2;;;1;1;1;;;1;998
3;2;18;3;3065;;3;2;No inventariada;;9;10;2;;;1;1;1;;1;1;998
3;3;14;3;3065;;3;2;No inventariada;;9;7;2;;;1;1;1;;;1;998
4;1;0;3;3065;;1;1;EL-20;7,4;5;2;1;4;CV-853;1;4;2;;;1;2
3;4;9;3;3065;;1;1;A-70;27,4;3;4;2;;;1;1;1;;;1;1
3;4;16;3;3065;;3;2;No inventariada;;9;7;1;1;;1;1;1;;;1;998
3;7;21;3;3065;;3;2;No inventariada;;9;4;2;;;1;4;1;;;1;998
4;5;18;3;3065;;3;2;No inventariada;;9;10;2;;;1;1;1;;;1;998
4;2;19;3;3065;;3;2;No inventariada;;9;10;2;;;1;1;1;;;1;998
3;1;13;3;3065;;3;2;No inventariada;;9;4;2;;;1;1;1;;;1;998
3;1;16;3;3065;;3;2;No inventariada;;9;4;1;2;;1;1;1;;;1;998
4;5;22;3;3065;;3;2;No inventariada;;9;20;1;2;;1;4;1;;;1;998
4;2;6;3;3065;;1;1;A-70;27,147;3;4;2;;;1;6;1;;;1;1
3;6;14;3;3065;;1;1;CV-875;6,8;6;4;1;2;;1;1;1;;;1;1
4;2;13;3;3065;;3;2;No inventariada;;9;10;2;;;1;1;1;;;1;998
4;5;6;3;3065;;1;1;A-7;519,8;3;3;2;;;1;6;1;;;1;1
4;5;14;3;3065;;1;1;N-332;95,4;6;5;2;;;1;1;1;;;1;1
4;2;19;3;3065;;3;2;No inventariada;;9;4;2;;;1;1;1;;;1;998
4;3;17;3;3065;;3;2;No inventariada;;9;7;1;2;;1;1;1;;;9;998
4;1;6;3;3065;;1;1;A-7;517,95;3;4;2;;;1;1;1;;;1;1
4;6;20;3;3065;;3;2;No inventariada;;9;2;1;4;;1;1;1;;;1;998
4;2;16;3;3065;;1;1;CV-855;9,6;6;14;2;;;1;1;1;;;1;1
4;2;21;3;3065;;1;1;CV-851;12,301;6;2;1;2;;1;6;1;;;1;1
4;3;4;3;3065;;3;2;No inventariada;;9;10;2;;;7;4;1;;;1;998
4;3;7;3;3065;;3;2;No inventariada;;9;10;2;;;1;1;1;;;1;998
4;3;14;3;3065;;1;1;N-340;722,9;6;4;2;;;1;1;1;;;1;1
4;1;18;3;3065;;3;2;No inventariada;;9;7;1;1;;1;1;1;;;1;998
4;4;23;3;3065;;1;1;N-338;2,4;3;4;1;2;;1;6;1;;;1;1
4;1;9;3;3065;;3;2;No inventariada;;9;10;1;4;;3;1;3;;;1;998
4;3;17;3;3065;;3;2;No inventariada;;9;10;2;;;1;1;1;;;1;998
4;3;21;3;3065;;3;2;No inventariada;;9;10;2;;;1;4;1;;1;1;998
3;3;15;3;3065;;3;2;No inventariada;;9;2;1;1;;1;1;1;;;4;998
3;7;19;3;3065;;3;2;No inventariada;;9;6;2;;;1;2;1;;;18;998
4;2;15;3;3065;;3;2;No inventariada;;9;10;2;;;1;1;1;;;1;998
5;5;9;3;3065;;1;1;N-332;95,204;6;3;1;2;CV-851;1;1;1;;;1;1
4;2;13;3;3065;;3;2;No inventariada;;9;7;1;2;;1;1;1;;;1;998
5;3;8;3;3065;;3;2;No inventariada;;9;6;2;;;1;1;1;;;1;998
5;4;19;3;3065;;3;2;No inventariada;;9;2;1;1;;1;1;1;;;1;998
5;1;19;3;3065;;3;2;No inventariada;;9;10;2;;;1;1;1;;;1;998
5;7;16;3;3065;;3;2;No inventariada;;9;2;2;;;1;1;1;;;1;998
5;2;23;3;3065;;3;2;No inventariada;;9;10;2;;;2;4;1;;;1;998
5;3;7;3;3065;;3;2;No inventariada;;9;10;2;;;1;1;1;;;1;998
5;4;11;3;3065;;1;1;A-7;518,458;3;16;2;;;1;1;1;;;18;1
5;6;17;3;3065;;1;1;CV-851;20,226;6;3;1;1;;1;1;1;1;;1;1
5;2;10;3;3065;;3;2;No inventariada;;9;10;2;;;1;1;1;;;1;998
5;6;0;3;3065;;3;2;No inventariada;;9;7;2;;;1;5;1;;;1;998
5;4;10;3;3065;;3;2;No inventariada;;9;7;1;1;;1;1;1;;;1;998
5;7;5;3;3065;;1;1;CV-850;4,4;6;12;2;;;1;6;1;;;1;2
5;6;20;3;3065;;3;2;No inventariada;;9;4;2;;;1;1;1;;;1;998
5;2;11;3;3065;;3;2;No inventariada;;9;6;2;;;1;3;1;;;1;998
5;3;7;3;3065;;1;1;CV-86;7,916;5;2;1;4;CV-86;1;1;1;;;1;2
5;5;8;3;3065;;3;2;No inventariada;;9;3;1;2;;1;1;1;;;1;998
5;1;19;3;3065;;3;2;No inventariada;;9;7;2;;;1;1;1;;;1;998
5;6;6;3;3065;;1;1;CV-86;7,879;6;2;1;4;;1;1;1;;;1;1
5;2;18;3;3065;;3;2;No inventariada;;9;6;2;;;1;1;1;;;1;998
5;7;19;3;3065;;1;1;CV-851;4,95;10;16;1;2;CV-857;1;1;1;;;1;1
5;4;9;3;3065;;3;2;No inventariada;;9;7;1;1;;1;1;1;;;2;998
5;2;8;3;3065;;1;1;EL-20;6;5;4;2;;;1;1;1;;;1;1
4;3;12;3;3065;;3;2;No inventariada;;9;7;2;;;1;1;1;;;1;998
5;4;15;3;3065;;3;2;No inventariada;;9;2;2;;;1;1;1;;;1;998
5;7;16;3;3065;;3;2;No inventariada;;9;10;2;;;1;1;1;;;1;998
5;5;15;3;3065;;3;2;No inventariada;;9;10;1;1;;1;1;1;;;1;998
5;3;10;3;3065;;3;2;No inventariada;;9;2;2;;;1;1;1;;;1;998
5;5;11;3;3065;;3;2;No inventariada;;9;7;2;;;1;1;1;;;2;998
5;3;18;3;3065;;3;2;No inventariada;;9;4;1;4;;1;1;1;;;1;998
5;1;19;3;3065;;3;2;No inventariada;;9;7;1;1;;1;1;1;;;1;998
4;1;20;3;3065;;3;2;No inventariada;;9;10;2;;;1;2;1;;;1;998
5;1;17;3;3065;;3;2;No inventariada;;9;10;2;;;1;1;1;;;1;998
5;5;8;3;3065;;1;1;N-340;724,15;6;2;1;2;;1;1;1;;;1;1
5;5;15;3;3065;;3;2;No inventariada;;9;4;2;;;1;1;1;;;1;998
5;4;18;3;3065;;3;2;No inventariada;;9;4;2;;;1;1;1;;;1;998
5;5;9;3;3065;;3;2;No inventariada;;9;12;1;4;;1;1;1;;;1;998
6;6;11;3;3065;;3;2;No inventariada;;9;10;2;;;2;1;2;;;1;998
6;1;7;3;3065;;1;1;N-340;730,283;6;2;1;4;CV-86;1;1;1;;;1;1
6;2;9;3;3065;;3;2;No inventariada;;9;2;2;;;1;1;1;;;3;998
6;2;14;3;3065;;3;2;No inventariada;;9;7;2;;;1;1;1;;;1;998
6;1;20;3;3065;;3;2;No inventariada;;9;4;2;;;1;1;1;;;1;998
6;2;14;3;3065;;3;2;No inventariada;;9;7;2;;;1;1;1;;;1;998
6;3;20;3;3065;;1;1;EL-20;5,3;3;12;1;4;CV-865;1;2;1;;;1;2
6;4;18;3;3065;;1;1;EL-20;8;14;10;1;4;CV-855;7;1;1;;;1;2
6;4;18;3;3065;;3;2;No inventariada;;9;2;1;1;;1;1;1;;;1;998
4;7;20;3;3065;;3;2;No inventariada;;9;10;2;;;1;1;1;;;1;998
6;5;23;3;3065;;1;1;A-7;512,2;3;9;2;;;1;6;1;;;1;1
6;6;22;3;3065;;3;2;No inventariada;;9;3;2;;;1;4;1;;;1;998
6;5;22;3;3065;;3;2;No inventariada;;9;2;2;;;1;4;1;;;1;998
6;7;13;3;3065;;3;2;No inventariada;;9;6;2;;;1;1;1;;;18;998
6;1;9;3;3065;;1;1;EL-20;5,12;5;4;2;;;1;1;1;;;1;1
6;1;12;3;3065;;1;1;CV-86;14,2;5;2;1;4;EL-20;1;1;1;;;1;2
5;5;10;3;3065;;3;2;No inventariada;;9;7;1;1;;1;1;1;;;1;998
5;5;22;3;3065;;3;2;No inventariada;;9;2;2;;;1;4;1;;;1;998
5;3;11;3;3065;;3;2;No inventariada;;9;7;1;1;;1;1;1;;;1;998
6;1;17;3;3065;;3;2;No inventariada;;9;2;1;1;;1;1;1;;;1;998
5;5;13;3;3065;;3;2;No inventariada;;9;10;2;;;1;1;1;;;1;998
5;5;17;3;3065;;3;2;No inventariada;;9;2;1;1;;1;1;1;;;1;998
6;5;16;3;3065;;1;1;CV-851;2,28;6;2;1;1;;1;1;1;;;1;1
6;2;10;3;3065;;1;1;N-338;4,4;14;4;2;;;1;1;1;;;1;1
6;4;17;3;3065;;3;2;No inventariada;;9;10;2;;;1;1;1;;;1;998
5;6;10;3;3065;;3;2;No inventariada;;9;10;2;;;1;1;1;;;17;998
6;3;15;3;3065;;3;2;No inventariada;;9;3;2;;;1;1;1;;;1;998
6;4;11;3;3065;;3;2;No inventariada;;9;7;1;1;;1;1;1;;;1;998
6;1;19;3;3065;;3;2;No inventariada;;9;10;2;;;1;1;1;;;1;998
6;7;19;3;3065;;3;2;No inventariada;;9;3;2;;;1;1;1;;;1;998
6;5;11;3;3065;;3;2;No inventariada;;9;7;1;1;;1;1;1;;;16;998
6;2;21;3;3065;;3;2;No inventariada;;9;4;2;;;1;1;1;;;9;998
6;2;23;3;3065;;1;1;N-340;723,81;6;14;2;;;1;6;1;;;1;1
6;3;8;3;3014;;1;1;A-70;26,118;3;5;1;2;N-338;1;1;1;;;1;1
6;6;2;3;3065;;3;2;No inventariada;;9;10;2;;;1;4;1;;;1;998
6;6;9;3;3065;;3;2;No inventariada;;9;2;1;1;;1;1;1;;;2;998
7;2;22;3;3065;;1;1;N-332;97,8;6;3;1;2;N-338;1;6;1;;;1;3
7;3;8;3;3065;;3;2;No inventariada;;9;2;2;;;1;1;1;;;1;998
7;3;15;3;3065;;3;2;No inventariada;;9;20;2;;;2;3;1;;;1;998
6;3;10;3;3065;;3;2;No inventariada;;9;4;2;;;1;3;1;;;1;998
6;3;19;3;3065;;1;1;N-332;95,1;6;4;2;;;1;1;1;;;1;1
7;1;9;3;3065;;1;1;A-70;27,7;3;4;2;;;1;1;1;;;1;1
7;7;11;3;3065;;3;2;No inventariada;;9;7;1;2;;1;1;1;;;1;998
7;5;19;3;3065;;3;2;No inventariada;;9;10;2;;;1;1;1;;;1;998
6;3;17;3;3065;;3;2;No inventariada;;9;4;2;;;1;1;1;;;1;998
7;3;14;3;3065;;1;1;EL-20;7,41;5;2;1;4;;1;1;1;;;1;2
7;3;16;3;3065;;3;2;No inventariada;;9;2;2;;;1;1;1;;;1;998
6;4;12;3;3065;;3;2;No inventariada;;9;7;1;2;;1;1;1;;;1;998
7;4;20;3;3065;;3;2;No inventariada;;9;7;2;;;1;1;1;;;1;998
7;2;12;3;3065;;3;2;No inventariada;;9;10;2;;;1;1;1;;;1;998
7;6;17;3;3065;;3;2;No inventariada;;9;2;1;2;;1;1;1;;;1;998
7;1;7;3;3065;;1;1;CV-855;9,528;6;1;1;1;;1;1;1;;;1;1
7;1;18;3;3065;;1;1;N-332;96,05;6;5;2;;;1;1;1;1;;1;1
7;1;15;3;3065;;3;2;No inventariada;;9;2;2;;;1;1;1;;;1;998
7;5;15;3;3065;;3;2;No inventariada;;9;4;2;;;1;1;1;;;1;998
7;1;8;3;3065;;1;1;EL-20;6,597;5;3;1;7;CV-854;1;1;1;;;1;1
7;7;20;3;3065;;3;2;No inventariada;;9;10;2;;;1;1;1;;;1;998
7;2;15;3;3065;;1;1;CV-86;14,198;5;4;1;7;EL-20;1;1;1;;;1;1
7;5;7;3;3065;;3;2;No inventariada;;9;4;1;1;;1;1;1;;;8;998
7;3;11;3;3065;;3;2;No inventariada;;9;7;1;1;;1;1;1;;;1;998
7;5;8;3;3065;;1;1;CV-856;3,116;6;4;1;12;;1;1;1;;;1;1
7;3;9;3;3065;;3;2;No inventariada;;9;7;1;2;;1;1;1;;;1;998
7;2;9;3;3065;;3;2;No inventariada;;9;2;1;1;;1;1;1;;;9;998
7;1;14;3;3065;;1;1;N-332;96,4;5;4;2;;;1;4;1;;;1;1
7;2;10;3;3065;;3;2;No inventariada;;9;7;1;4;;1;1;2;;;1;998
7;2;21;3;3065;;1;1;CV-855;2;5;16;1;4;1;1;4;1;;;1;2
7;3;14;3;3065;;1;1;EL-20;4,388;5;15;2;;;1;1;1;;;1;3
7;2;16;3;3065;;3;2;No inventariada;;9;10;2;;;1;1;1;;;1;998
8;4;9;3;3065;;3;2;No inventariada;;9;7;1;1;;1;1;1;;;1;998
8;4;12;3;3065;;3;2;No inventariada;;9;7;2;;;1;1;1;;;1;998
8;5;5;3;3065;;1;1;CV-86;6,402;5;3;2;;;1;6;1;;;1;1
8;5;15;3;3065;;3;2;No inventariada;;9;1;2;;;1;1;1;;;1;998
8;6;4;3;3065;;3;2;No inventariada;;9;6;2;;;1;4;1;;;1;998
8;1;5;3;3065;;1;1;EL-20;7,413;5;2;1;4;CV-853;1;4;1;;;1;1
8;1;11;3;3065;;1;1;EL-20;7,27;5;2;1;4;EL-20;1;1;1;;;1;2
7;3;18;3;3065;;3;2;No inventariada;;9;2;2;;;1;1;1;;;1;998
8;6;22;3;3065;;3;2;No inventariada;;9;7;2;;;1;4;1;;;1;998
7;7;22;3;3065;;3;2;No inventariada;;9;2;1;1;;1;4;1;;;2;998
8;2;14;3;3065;;1;1;CV-86;12,864;5;10;1;4;;7;1;1;;;1;1
7;6;17;3;3065;;3;2;No inventariada;;9;2;1;1;;2;1;1;;;1;998
7;5;21;3;3065;;3;2;No inventariada;;9;2;1;1;;1;4;1;;;1;998
7;2;14;3;3065;;3;2;No inventariada;;9;20;1;1;;1;1;1;;;1;998
8;3;13;3;3065;;1;1;N-332;95;6;4;2;;;1;1;1;;;1;1