MES;DIA_SEMANA;HORA;COD_PROVINCIA;COD_MUNICIPIO;ISLA;ZONA;ZONA_AGRUPADA;CARRETERA;KM;TIPO_VIA;TIPO_ACCIDENTE;NUDO;NUDO_INFO;CARRETERA_CRUCE;CONDICION_FIRME;CONDICION_ILUMINACION;CONDICION_METEO;CONDICION_NIEBLA;CONDICION_VIENTO;VISIB_RESTRINGIDA_POR;TRAZADO_PLANTA
8;4;1;3;3065;;1;1;CV-84;2,1;6;12;2;;;1;6;1;;;1;3
7;6;13;3;3065;;3;2;No inventariada;;9;10;1;1;;1;1;1;;;1;998
7;5;10;3;3065;;3;2;No inventariada;;9;3;1;1;;1;1;1;;;1;998
8;4;14;3;3065;;3;2;No inventariada;;9;2;1;2;;1;1;1;;1;1;998
7;1;19;3;3065;;3;2;No inventariada;;9;7;1;1;;1;1;1;;;1;998
8;4;19;3;3065;;3;2;No inventariada;;9;1;1;2;;1;1;1;;;6;998
8;2;11;3;3065;;1;1;CV-851;5,353;6;2;2;;;1;1;1;;;1;1
8;2;8;3;3065;;3;2;No inventariada;;9;7;2;;;1;1;1;;;9;998
8;3;12;3;3065;;3;2;No inventariada;;9;10;1;4;;2;1;3;;1;1;998
7;5;21;3;3065;;3;2;No inventariada;;9;4;1;2;;1;4;1;;;1;998
8;6;1;3;3065;;3;2;No inventariada;;9;2;2;;;1;4;1;;;1;998
8;6;22;3;3065;;3;2;No inventariada;;9;2;2;;;1;4;1;;;1;998
8;7;11;3;3065;;1;1;CV-851;7,615;6;4;1;2;CV-851;1;1;1;;;1;1
8;2;1;3;3065;;3;2;No inventariada;;9;2;1;1;;1;4;1;;;1;998
8;2;20;3;3065;;3;2;No inventariada;;9;4;2;;;1;1;1;;;1;998
8;3;12;3;3065;;3;2;No inventariada;;9;20;2;;;1;1;1;;;1;998
8;1;18;3;3065;;3;2;No inventariada;;9;2;1;1;;1;1;1;;;1;998
8;3;5;3;3065;;1;1;N-340;729,5;6;3;1;4;A-79;1;6;1;;;1;2
8;4;8;3;3065;;1;1;CV-865;5,656;5;4;1;4;;1;1;1;;;1;1
7;7;5;3;3065;;1;1;A-7;523,6;3;6;2;;;1;6;1;;;1;1
8;3;8;3;3065;;3;2;No inventariada;;9;1;2;;;1;1;1;;;1;998
8;6;11;3;3065;;3;2;No inventariada;;9;7;1;2;;1;1;1;;;1;998
8;6;22;3;3065;;3;2;No inventariada;;9;7;2;;;1;4;1;;;1;998
9;1;1;3;3065;;3;2;No inventariada;;9;3;2;;;1;4;1;;;1;998
8;4;18;3;3065;;3;2;No inventariada;;9;3;2;;;1;1;1;;;4;998
9;2;11;3;3065;;3;2;No inventariada;;9;10;1;4;;3;1;3;;;1;998
7;1;1;3;3065;;3;2;No inventariada;;9;2;1;1;;1;4;1;;;1;998
9;3;6;3;3065;;3;2;No inventariada;;9;20;1;1;;1;4;1;;;1;998
9;2;13;3;3065;;3;2;No inventariada;;9;4;2;;;3;1;1;;;1;998
9;3;15;3;3065;;3;2;No inventariada;;9;2;1;1;;1;1;1;;;1;998
9;4;8;3;3065;;1;1;N-340;726,177;5;4;1;4;;1;1;1;;;1;1
9;4;14;3;3065;;1;1;N-340;730,964;5;16;1;4;N-338;1;1;2;;;1;2
9;5;10;3;3065;;3;2;No inventariada;;9;7;1;1;;1;1;1;;;1;998
9;5;19;3;3065;;1;1;CV-851;8,78;6;2;1;2;;1;2;1;;;1;1
9;7;20;3;3065;;1;1;CV-865;3,909;5;19;2;;;1;1;1;;;1;1
8;6;5;3;3065;;3;2;No inventariada;;9;6;2;;;1;5;1;;;1;998
9;3;14;3;3065;;1;1;N-340;726,162;5;10;1;4;;7;1;1;;;1;2
9;4;10;3;3065;;1;1;EL-20;8,58;5;10;1;4;CV-851;7;1;1;;;1;1
9;4;13;3;3065;;3;2;No inventariada;;9;7;2;;;1;1;1;;;2;998
9;7;11;3;3065;;3;2;No inventariada;;9;10;2;;;1;1;1;;;1;998
8;3;19;3;3065;;3;2;No inventariada;;9;7;1;1;;1;1;1;;;9;998
9;2;8;3;3065;;3;2;No inventariada;;9;4;1;2;;1;1;1;;;1;998
9;2;13;3;3065;;3;2;No inventariada;;9;10;2;;;1;1;1;;;1;998
9;2;11;3;3065;;3;2;No inventariada;;9;2;1;1;;1;1;1;;;1;998
9;2;19;3;3065;;3;2;No inventariada;;9;7;2;;;1;1;1;;;1;998
9;5;9;3;3065;;3;2;No inventariada;;9;7;2;;;1;1;1;;;1;998
9;2;12;3;3065;;3;2;No inventariada;;9;10;2;;;1;1;1;;;1;998
9;5;11;3;3065;;3;2;No inventariada;;9;7;1;1;;1;1;1;;;1;998
9;5;16;3;3065;;1;1;A-7;514,15;3;16;2;;;1;1;1;;;1;1
8;7;21;3;3065;;3;2;No inventariada;;9;4;1;4;;1;4;1;;;1;998
9;6;13;3;3065;;1;1;CV-855;4,639;6;2;2;;;1;1;1;;;1;1
10;3;7;3;3065;;1;1;A-7;513,5;3;3;2;;;1;6;1;;;1;1
10;3;7;3;3065;;1;1;CV-851;9,2;6;3;1;4;CV-855;1;2;1;;;1;1
9;7;23;3;3065;;1;1;CAMINO DEL;6;10;14;2;;;1;6;1;;;1;1
10;3;17;3;3065;;3;2;No inventariada;;9;10;2;;;1;1;1;;;1;998
10;3;20;3;3065;;3;2;No inventariada;;9;10;1;1;;1;4;1;;;1;998
10;5;20;3;3065;;3;2;No inventariada;;9;10;2;;;1;4;1;;;1;998
10;5;22;3;3065;;1;1;CV-851;12,284;6;12;1;1;CV-851;1;6;1;;;1;1
9;1;14;3;3065;;3;2;No inventariada;;9;4;1;2;;1;1;1;;;1;998
10;1;14;3;3065;;1;1;N-340;712,7;8;12;2;;;1;1;1;;;1;2
9;5;1;3;3065;;1;1;A-7;517;3;4;1;10;;1;4;1;;;1;2
10;3;7;3;3065;;3;2;No inventariada;;9;2;1;1;;1;4;1;;;1;998
10;2;22;3;3065;;3;2;No inventariada;;9;10;1;1;;1;4;1;;;4;998
10;2;21;3;3065;;3;2;No inventariada;;9;7;1;2;;1;4;1;;;1;998
9;5;13;3;3065;;3;2;No inventariada;;9;10;2;;;1;1;1;;;1;998
10;6;13;3;3065;;1;1;N-340;727,628;6;4;1;2;;1;1;1;1;;1;1
10;7;0;3;3065;;1;1;N-340;723,2;6;3;2;;;1;6;1;;;1;1
10;1;12;3;3065;;1;1;A-70;34,527;3;3;1;12;A-7;1;1;1;;;1;2
10;1;18;3;3065;;1;1;N-332;94,45;6;5;2;;;1;1;1;;;1;1
10;4;8;3;3065;;1;1;EL-20;3,057;3;5;2;;;1;1;1;;;1;1
10;4;19;3;3065;;1;1;CV-851;0,5;6;2;1;4;;1;1;1;1;;1;2
10;4;19;3;3065;;3;2;No inventariada;;9;2;1;4;;1;1;1;;;1;998
10;3;18;3;3065;;1;1;CV-86;14,2;5;4;1;4;EL-20;1;1;1;;;1;1
10;6;7;3;3065;;1;1;EL-20;0,904;3;4;2;;;1;6;1;;;1;1
10;6;21;3;3065;;1;1;CV-84;0,5;5;14;2;;;1;6;1;;;1;2
10;7;15;3;3065;;1;1;CV-854;1,218;6;2;1;1;;1;1;1;;;1;1
10;7;15;3;3065;;1;1;A-7;521,7;3;3;2;;;1;1;1;;;1;1
10;7;17;3;3065;;3;2;No inventariada;;9;2;1;2;;1;1;1;;;1;998
10;7;18;3;3065;;1;1;EL-20;5,145;3;10;2;;;1;2;1;;;1;1
10;1;8;3;3065;;1;1;A-70;28,8;3;4;2;;;1;1;1;;;1;1
10;2;9;3;3065;;1;1;CV-849;5,15;6;4;2;;;1;1;1;;;1;1
10;2;9;3;3065;;1;1;CV-849;5,15;6;4;1;2;;1;1;1;;;1;1
10;5;18;3;3065;;3;2;No inventariada;;9;7;1;1;;1;1;1;;;1;998
10;2;12;3;3065;;3;2;No inventariada;;9;7;2;;;1;1;2;;;1;998
10;1;8;3;3065;;3;2;No inventariada;;9;7;1;1;;1;1;1;;;1;998
10;5;13;3;3065;;3;2;No inventariada;;9;10;1;2;;1;1;1;;;1;998
10;5;7;3;3065;;1;1;A-70;32;3;4;2;;;1;2;1;;;1;1
10;1;11;3;3065;;3;2;No inventariada;;9;10;2;;;1;1;1;;;1;998
10;7;12;3;3065;;3;2;No inventariada;;9;10;2;;;1;1;1;;;1;998
9;1;9;3;3065;;3;2;No inventariada;;9;7;1;2;;1;1;1;;;1;998
10;1;6;3;3065;;1;1;CV-850;4,392;6;18;2;;;3;6;2;;;1;2
10;5;11;3;3065;;3;2;No inventariada;;9;7;1;1;;1;1;1;;;1;998
10;3;20;3;3065;;3;2;No inventariada;;9;10;2;;;1;4;1;;;1;998
9;5;17;3;3065;;3;2;No inventariada;;9;3;2;;;1;1;1;;;1;998
10;1;7;3;3065;;3;2;No inventariada;;9;10;1;2;;1;3;1;;;1;998
10;3;16;3;3065;;1;1;CV-851;10,907;6;2;1;2;;1;1;1;;;12;1
10;3;13;3;3065;;3;2;No inventariada;;9;2;1;2;;1;1;1;;;1;998
10;4;15;3;3065;;3;2;No inventariada;;9;2;1;4;;1;1;2;;;1;998
10;4;4;3;3065;;1;1;N-332;80,182;6;7;2;;;1;6;1;;;1;1
10;1;14;3;3065;;3;2;No inventariada;;9;7;2;;;1;1;1;;;1;998
11;6;12;3;3065;;3;2;No inventariada;;9;10;2;;;1;1;1;;;1;998
10;4;19;3;3065;;3;2;No inventariada;;9;7;1;1;;1;4;2;;;9;998
11;7;22;3;3065;;3;2;No inventariada;;9;20;1;4;;1;6;1;;;7;998
10;3;17;3;3065;;3;2;No inventariada;;9;4;2;;;1;1;1;;;1;998
10;3;14;3;3065;;3;2;No inventariada;;9;7;2;;;1;1;1;;;1;998
11;1;18;3;3065;;1;1;A-7;514,1;3;4;2;;;1;6;1;;;1;1
10;7;13;3;3065;;3;2;No inventariada;;9;10;2;;;3;1;3;;;1;998
10;1;10;3;3065;;3;2;No inventariada;;9;10;2;;;1;1;1;;;1;998
10;6;1;3;3065;;3;2;No inventariada;;9;6;2;;;1;4;1;;;1;998
11;6;0;3;3065;;1;1;CV-853;3,8;6;13;2;;;1;6;1;;;1;2
11;6;14;3;3065;;1;1;CV-84;2,5;6;19;1;4;;1;1;1;;;1;2
11;4;17;3;3065;;1;1;N-340;726,117;5;4;2;;;1;4;1;;;1;1
11;3;18;3;3065;;1;1;EL-20;5,546;5;3;1;4;;1;4;2;;;1;2
11;4;8;3;3065;;1;1;CV-854;1,227;6;2;1;2;;1;2;1;;;1;1
11;6;4;3;3065;;3;2;No inventariada;;9;20;2;;;1;4;1;;;1;998
11;4;0;3;3065;;1;1;CV-853;1,1;6;8;2;;;1;6;1;;;1;1
11;4;7;3;3014;;1;1;A-70;26,2;3;4;2;;;1;2;1;;;1;1
11;4;15;3;3065;;1;1;EL-20;6,957;6;4;1;4;;1;1;1;;;1;1
11;5;19;3;3065;;1;1;N-340;730,274;6;2;1;4;CV-86;1;6;1;;;1;1
11;6;19;3;3065;;1;1;N-340;731;6;2;1;4;N-340;1;4;1;;;1;2
11;7;22;3;3014;;1;1;A-70;24,3;3;20;2;;;1;6;1;;;1;2
11;5;5;3;3065;;1;1;N-340;722,9;6;4;2;;;1;6;1;;;1;1
11;6;19;3;3065;;3;2;No inventariada;;9;10;2;;;1;5;1;;;1;998
12;7;12;3;3065;;1;1;No inventariada;94,95;4;16;1;4;N-332a;1;1;1;;;1;2
12;7;20;3;3065;;1;1;CV-855;1,219;5;20;1;4;;3;4;1;1;;1;1
12;2;16;3;3065;;1;1;CV-853;0,3;6;4;2;;;1;1;1;;;1;4
11;2;19;3;3065;;3;2;No inventariada;;9;10;2;;;1;1;1;;;1;998
12;3;10;3;3065;;3;2;No inventariada;;9;10;2;;;1;1;3;;;1;998
12;4;14;3;3065;;3;2;No inventariada;;9;7;2;;;1;1;1;;;1;998
12;5;6;3;3065;;1;1;CV-86;14,2;5;2;1;4;EL-20;1;4;1;;;1;2
12;6;11;3;3065;;1;1;EL-20;8,4;5;2;1;4;CV-851;1;1;1;;;1;3
12;7;14;3;3065;;1;1;EL-20;4,365;3;3;1;4;;1;1;1;;;1;2
12;1;22;3;3065;;1;1;CV-865;2,1;6;10;1;4;;1;6;1;;;1;2
12;4;20;3;3065;;1;1;N-340;730,7;6;3;1;4;;1;6;1;;;1;2
12;6;10;3;3065;;1;1;CV-855;3,9;6;2;1;4;;1;1;1;;;1;2
12;6;10;3;3065;;1;1;CV-853;2,9;6;2;1;3;;1;1;1;;;1;1
12;7;8;3;3065;;1;1;A-7;511,4;3;16;2;;;1;1;1;;;1;1
12;1;10;3;3065;;1;1;EL-20;6,1;5;3;2;;;1;4;1;;;1;1
12;1;13;3;3065;;3;2;No inventariada;;9;7;2;;;1;1;1;;;9;998
12;2;14;3;3065;;3;2;No inventariada;;9;2;1;2;;1;1;1;;;1;998
12;5;12;3;3065;;3;2;No inventariada;;9;20;1;1;;1;1;1;;;1;998
12;7;14;3;3065;;1;1;VEREDA CEN;4;10;13;2;;;1;1;1;;;1;1
12;1;15;3;3065;;1;1;EL-20;4,626;3;2;1;4;EL-20;1;1;2;;;1;2
12;1;18;3;3065;;3;2;No inventariada;;9;4;2;;;1;4;1;;;1;998
12;2;0;3;3065;;3;2;No inventariada;;9;10;2;;;1;4;1;;;1;998
1;1;10;3;3066;;1;1;CV-833;1,4;6;2;1;2;;1;1;1;;;1;2
1;6;0;3;3066;;3;2;No inventariada;;9;2;1;1;;1;4;1;;;1;998
1;3;19;3;3066;;3;2;No inventariada;;9;2;1;1;;1;4;1;;;9;998
2;1;12;3;3066;;3;2;No inventariada;;9;7;1;1;;1;1;1;;;1;998
2;7;18;3;3066;;3;2;No inventariada;;9;3;1;1;;1;2;1;;;1;998
2;7;0;3;3066;;3;2;No inventariada;;9;2;2;;;1;4;1;;;11;998
1;6;11;3;3066;;3;2;No inventariada;;9;7;1;2;;1;1;1;;;1;998
2;6;22;3;3066;;3;2;No inventariada;;9;16;1;2;;1;4;1;;;1;998
3;6;0;3;3066;;1;1;CV-8352;20,1;10;19;2;;;1;6;1;;;4;2
2;2;13;3;3066;;3;2;No inventariada;;9;20;2;;;1;1;1;1;;1;998
3;5;17;3;3066;;3;2;No inventariada;;9;7;1;1;;1;1;1;;;1;998
2;2;14;3;3066;;3;2;No inventariada;;9;2;1;2;;1;1;1;;;1;998
3;6;9;3;3066;;3;2;No inventariada;;9;12;2;;;1;1;1;;;1;998
3;1;7;3;3066;;3;2;No inventariada;;9;10;1;1;;1;1;1;;;1;998
4;4;19;3;3066;;3;2;No inventariada;;9;7;2;;;1;1;1;1;;1;998
4;7;16;3;3066;;3;2;No inventariada;;9;2;1;1;;1;1;1;1;;1;998
4;2;11;3;3066;;1;1;CV-833;2,422;6;19;2;;;1;1;1;;;1;2
5;1;15;3;3093;;1;1;N-325;3,9;5;10;2;;;1;1;1;;;1;2
5;5;22;3;3066;;3;2;No inventariada;;9;7;2;;;1;4;1;;;9;998
6;2;18;3;3123;;1;1;A-31;197,98;7;19;1;1;A-31;1;1;1;;;1;1
6;3;11;3;3066;;3;2;No inventariada;;9;2;1;1;;3;1;4;;;5;998
5;5;23;3;3066;;3;2;No inventariada;;9;2;1;1;;1;4;2;;;1;998
7;2;17;3;3066;;3;2;No inventariada;;9;2;1;1;;1;1;1;;;2;998
7;1;21;3;3066;;3;2;No inventariada;;9;10;2;;;2;3;1;;;1;998
6;1;16;3;3066;;3;2;No inventariada;;9;;;;;999;999;999;;;999;998
6;6;22;3;3066;;3;2;No inventariada;;9;2;1;1;;1;4;1;;;2;998
6;2;19;3;3066;;3;2;No inventariada;;9;10;1;1;;1;1;1;;;1;998
8;7;13;3;3066;;3;2;No inventariada;;9;2;1;1;;1;1;1;;;1;998
8;2;10;3;3066;;1;1;CV-83;3,446;6;4;1;12;CV-835;1;1;1;;;1;1
8;4;22;3;3066;;3;2;No inventariada;;9;2;1;1;;1;4;1;;;1;998
9;5;10;3;3066;;3;2;No inventariada;;9;2;1;1;;1;1;1;;;1;998
9;5;9;3;3066;;3;2;No inventariada;;9;20;2;;;1;1;1;;;1;998
9;2;12;3;3066;;3;2;No inventariada;;9;7;2;;;1;1;1;;;1;998
10;4;19;3;3066;;3;2;No inventariada;;9;7;2;;;1;3;1;;;1;998
10;7;18;3;3066;;3;2;No inventariada;;9;3;2;;;1;1;1;;;18;998
10;4;16;3;3066;;3;2;No inventariada;;9;2;2;;;1;1;1;;;1;998
11;6;19;3;3066;;3;2;No inventariada;;9;4;1;4;;1;3;1;;;1;998
11;4;13;3;3066;;3;2;No inventariada;;9;2;1;2;;1;1;1;;;1;998
11;1;13;3;3066;;3;2;No inventariada;;9;7;1;2;;1;1;1;;;1;998
12;5;18;3;3104;;1;1;A-31;207,1;8;12;2;;;1;6;1;;;1;2
12;3;16;3;3066;;3;2;No inventariada;;9;7;2;;;1;1;1;;;6;998
12;6;12;3;3066;;3;2;No inventariada;;9;16;1;2;;1;1;1;;;1;998
1;3;13;3;3069;;1;1;CV-758;4,666;6;19;2;;;1;6;1;;;1;2
1;2;17;3;3069;;1;1;CV-767;1,677;6;16;2;;;1;1;1;;;1;1
2;1;13;3;3069;;3;2;No inventariada;;9;4;2;;;1;1;1;;;1;998
2;1;15;3;3069;;1;1;CV-758;6,8;6;3;2;;;1;1;1;;;1;1
2;1;21;3;3069;;3;2;No inventariada;;9;3;1;2;;1;4;1;;;1;998
3;6;3;3;3069;;1;1;N-332;143,333;8;15;2;;;1;6;1;;;1;2
3;5;21;3;3069;;1;1;N-332;144,1;6;4;1;4;CV-767;1;1;1;;;1;3
2;3;12;3;3069;;3;2;No inventariada;;9;4;2;;;1;1;1;;;1;998
3;3;21;3;3069;;3;2;No inventariada;;11;3;2;;;1;4;1;;;1;998
4;6;13;3;3069;;1;1;CV-758;9,7;6;3;1;2;;1;1;1;;;1;1
4;6;17;3;3069;;1;1;CV-758;6,6;6;18;2;;;1;1;1;;;1;2
4;4;17;3;3069;;1;1;N-332;144,4;5;16;1;2;CV-767;1;1;2;;;1;1
4;7;15;3;3069;;1;1;N-332;143,9;8;18;2;;;3;1;3;;;1;2
3;7;10;3;3069;;3;2;No inventariada;;9;3;2;;;1;1;1;;;1;998
3;1;19;3;3069;;3;2;No inventariada;;9;1;2;;;3;2;3;;;1;998
4;3;15;3;3069;;3;2;No inventariada;;9;3;1;4;;1;1;1;;;1;998
5;2;15;3;3069;;1;1;N-332;144,1;6;16;2;;;1;1;1;;;1;1
4;4;15;3;3069;;3;2;No inventariada;;9;3;1;4;;1;1;1;;;1;998
5;1;9;3;3069;;3;2;No inventariada;;9;7;2;;;1;1;1;;;1;998
5;1;12;3;3069;;3;2;No inventariada;;9;3;2;;;1;1;1;;;1;998
6;2;22;3;3069;;1;1;N-332;144,209;5;4;2;;;3;6;1;;;9;1
5;5;11;3;3069;;3;2;No inventariada;;14;4;2;;;1;1;1;;;1;998
5;4;22;3;3069;;3;2;No inventariada;;11;7;2;;;1;4;1;;;1;998
6;4;19;3;3069;;1;1;N-332;144,218;5;6;2;;;1;1;1;;;1;1
7;5;11;3;3069;;1;1;CV-767;5,835;8;4;2;;;1;1;1;;;1;3
7;4;22;3;3069;;1;1;N-332;143,7;6;16;1;2;;1;6;1;;;1;2
6;3;8;3;3069;;3;2;No inventariada;;9;4;2;;;1;1;1;;;1;998
7;7;6;3;3069;;3;2;No inventariada;;9;10;1;4;;7;1;1;;;1;998
7;7;8;3;3069;;3;2;No inventariada;;9;10;1;4;;7;1;1;;;1;998
8;6;9;3;3069;;3;2;No inventariada;;9;10;1;2;;7;1;1;;;1;998
9;5;11;3;3069;;3;2;No inventariada;;11;3;1;2;;1;1;1;;;1;998
9;2;7;3;3069;;3;2;No inventariada;;9;4;2;;;1;1;1;;;1;998
7;6;18;3;3069;;3;2;No inventariada;;9;3;2;;;1;1;1;;;1;998
10;3;13;3;3069;;3;2;No inventariada;;9;3;1;4;;1;1;1;;;1;998
11;7;17;3;3069;;3;2;No inventariada;;7;10;2;;;1;3;1;;;1;998
12;7;14;3;3069;;1;1;CV-767;3,201;6;16;2;;;1;1;1;;;1;1
11;3;2;3;3069;;1;1;CV-767;5,8;6;10;2;;;1;4;1;;;1;1
11;5;17;3;3069;;3;2;No inventariada;;9;10;1;2;;1;1;1;;;1;998
12;6;18;3;3069;;3;2;No inventariada;;9;5;2;;;1;2;1;;;1;998
11;6;14;3;3069;;3;2;No inventariada;;11;7;2;;;1;1;1;;;1;998
3;5;6;3;0;;1;1;CV-91;18,4;6;13;1;10;CV-920;1;4;1;;;1;2
3;2;10;3;0;;1;1;CV-9032;2;6;2;1;2;;1;1;1;;;1;1
4;3;8;3;0;;1;1;CV9032;2;6;2;1;12;;1;1;1;;;1;1
7;2;7;3;0;;1;1;CV-920;16;5;2;1;4;;1;1;1;;;1;2
8;2;4;3;0;;1;1;CV-9231;2,1;10;15;2;;;1;5;1;;;1;1
4;4;16;3;0;;3;2;No inventariada;;9;1;1;2;;1;1;1;;;1;998
11;3;19;3;0;;3;2;No inventariada;;9;2;1;2;;1;4;1;;;1;998
3;4;9;3;3071;;1;1;N-332;191,021;6;2;1;1;;1;1;2;;;1;1
5;5;16;3;3071;;1;1;N-332;190,6;6;4;2;;;1;1;1;;;18;1
5;1;19;3;3101;;1;1;N-332;191,7;6;4;2;;;1;1;1;;;1;1
5;7;18;3;3071;;1;1;CV-734;2,11;5;18;2;;;1;1;1;;;1;1
7;1;0;3;3071;;1;1;AP-7;617,3;2;18;2;;;1;6;1;;;1;3
7;4;21;3;3071;;1;1;CV-734;1;6;2;1;4;CV-738;1;2;1;;;1;1
10;6;22;3;3063;;1;1;N-332;187,5;6;10;2;;;1;6;1;;;1;1
8;5;0;3;3071;;3;2;No inventariada;;9;12;2;;;1;4;1;;;1;998
9;5;21;3;3071;;3;2;No inventariada;;9;2;2;;;1;4;1;;;9;998
4;1;12;3;0;;1;1;CV-705;5,473;6;17;2;;;1;1;2;;;1;1
1;3;9;3;0;;1;1;CV-706;1,5;6;12;2;;;3;1;2;;;12;1
12;5;13;3;0;;1;1;CV-720;1,712;6;15;2;;;1;1;1;;;1;2
5;5;23;3;0;;1;1;CV-900;11,8;6;3;2;;;1;6;1;;;4;2
7;6;2;3;0;;1;1;C CATRAL;2,5;10;18;2;;;1;6;1;;;4;3
7;2;8;3;0;;1;1;C.GRANJA;0,1;10;2;1;1;;1;1;1;;;6;1
10;6;15;3;0;;1;1;CNO. CATRA;1;10;1;2;;;1;1;1;;;4;3
2;7;12;3;3076;;1;1;CV-895;5,6;6;2;2;;;1;1;1;;;1;1
1;4;8;3;3076;;3;2;No inventariada;;9;2;2;;;1;1;1;;;18;998
2;5;20;3;3076;;3;2;No inventariada;;9;10;2;;;1;4;7;;;18;998
2;2;6;3;3076;;3;2;No inventariada;;9;2;1;1;;1;3;1;;;18;998
3;1;21;3;3076;;1;1;N-332;67,074;6;16;1;4;CV-895;1;6;1;;;1;1
3;5;17;3;3076;;3;2;No inventariada;;9;2;1;2;;1;1;1;;;1;998
4;5;22;3;3076;;1;1;N-332a;75,9;6;2;1;2;;1;6;1;;;1;1
6;4;9;3;3076;;1;1;N-332;71,35;5;4;2;;;1;1;1;;;1;1
7;4;15;3;3076;;1;1;CV-91;23;6;10;2;;;1;1;1;;;1;1
8;2;14;3;3076;;1;1;N-332;65,35;5;4;2;;;1;1;1;;;1;1
8;4;18;3;3076;;1;1;N-332;67,882;12;2;1;4;N-332;1;1;1;;;1;1
10;7;14;3;3076;;1;1;CV-91;23,96;6;10;1;4;N-332;7;1;1;;;1;2
10;6;10;3;3076;;1;1;N-332;73,4;6;4;2;;;1;1;2;;;1;1
11;3;13;3;3076;;1;1;N-332;69,1;5;3;2;;;1;1;1;;;1;1
11;2;10;3;3076;;1;1;CV-895;6,35;6;5;1;2;;1;1;1;;;1;1
12;2;16;3;3076;;1;1;CAM CAÑADA;3;10;3;2;;;1;1;1;;;1;3
2;7;10;3;0;;1;1;CV-845;5,481;6;15;2;;;1;1;1;;;1;2
12;2;12;3;0;;1;1;ANTCAMINO;0,1;10;2;1;1;;1;1;1;;;1;1
7;3;16;3;0;;1;1;No inventariada;0,2;10;16;2;;;1;1;1;;;1;3
8;6;12;3;0;;1;1;CV-845;13,9;6;2;1;2;;1;1;1;;;1;1
1;1;14;3;3079;;3;2;No inventariada;;9;2;1;1;;1;1;1;;;1;998
2;4;9;3;3079;;1;1;A-7;459,4;3;3;2;;;1;1;1;;;1;1
2;7;21;3;3079;;3;2;No inventariada;;9;2;1;4;;1;3;1;;;1;998
1;1;8;3;3079;;3;2;No inventariada;;9;2;1;1;;1;1;1;;;1;998
2;2;14;3;3079;;3;2;No inventariada;;9;2;1;4;;1;1;1;;;1;998
4;2;8;3;3079;;1;1;A-7;460,3;3;12;2;;;1;1;1;;;1;1
5;4;21;3;3079;;3;2;No inventariada;;9;2;1;1;;1;3;1;;;1;998
9;2;12;3;3053;;1;1;CV-805;4,454;6;19;2;;;1;1;1;;;1;1
7;3;7;3;3079;;3;2;No inventariada;;9;2;1;1;;1;3;1;;;1;998
8;3;17;3;3079;;3;2;No inventariada;;9;2;2;;;1;1;1;;;1;998
10;2;6;3;3079;;1;1;A-7;458,2;2;10;2;;;1;6;1;;;1;2
10;2;5;3;3079;;1;1;CV-805;1,955;6;1;2;;;3;6;3;;;3;1
10;6;18;3;3079;;3;2;No inventariada;;9;7;2;;;1;1;1;;;1;998
11;4;21;3;3079;;3;2;No inventariada;;9;2;2;;;1;4;1;;;1;998
12;6;16;3;3079;;1;1;A-7;459,697;7;2;1;2;;1;1;1;;;1;1
2;1;18;3;0;;1;1;CV-920;2,6;6;5;2;;;1;2;1;;;1;1
4;7;23;3;0;;1;1;CV-95;10,3;6;19;2;;;3;6;3;;;4;2
5;5;11;3;0;;1;1;CV-950;0,3;6;16;2;;;1;1;1;;;1;2
5;7;6;3;0;;1;1;CV-920;2,6;6;14;2;;;1;6;1;;;1;2
5;4;10;3;0;;1;1;CV-920;2,65;6;19;2;;;1;1;1;;;1;1
2;1;15;3;0;;1;1;CV-750;5,2;6;2;1;2;;1;1;1;;;1;1
4;3;21;3;0;;1;1;CV-750;5,3;6;16;1;4;CV-745;1;4;1;;;1;2
10;6;0;3;0;;3;2;No inventariada;;9;10;2;;;1;4;1;;;1;998
11;6;14;3;0;;1;1;CV-750;6,3;6;2;1;1;;1;1;1;;;1;3
1;3;16;3;3082;;1;1;CV-742;7;6;19;2;;;1;1;1;;;1;2
1;4;8;3;3082;;3;2;No inventariada;;9;2;2;;;1;1;1;;;6;998
1;4;10;3;3082;;1;1;CV-740;7,952;6;2;1;2;;1;1;1;;;1;1
3;1;12;3;3082;;1;1;CV-740;9,415;6;1;2;;;1;1;1;;;1;1
2;6;9;3;3082;;3;2;No inventariada;;9;3;1;4;;1;1;1;;;1;998
2;6;12;3;3082;;3;2;No inventariada;;9;2;2;;;1;1;1;;;1;998
2;6;14;3;3082;;3;2;No inventariada;;9;2;1;2;;1;1;1;;;1;998
3;5;11;3;3082;;1;1;CV-7362;2;6;2;2;;;1;1;1;;;4;2
3;2;16;3;3082;;1;1;CV-747;3,5;6;2;1;2;;1;1;1;;;1;2
4;2;14;3;3082;;1;1;CV-740;9,9;6;2;1;2;;1;1;1;;;1;1
4;6;1;3;3082;;1;1;CV-735;0,85;6;18;2;;;1;4;1;;;1;1
4;1;11;3;3082;;3;2;No inventariada;;9;2;1;1;;1;1;1;;;2;998
5;3;12;3;3082;;1;1;CV-734;3,5;6;10;2;;;1;1;1;;;1;1
5;3;18;3;3082;;1;1;CV-734;4;6;10;2;;;1;1;1;;;1;1
6;2;16;3;3082;;1;1;CV-740;9,417;6;2;2;;;1;1;1;;;1;1
6;6;1;3;3082;;1;1;CV-747;2,44;6;8;2;;;1;6;1;;;1;1
6;6;7;3;3082;;1;1;CV-735;1,4;6;14;2;;;1;1;1;;;1;2
6;5;13;3;3082;;1;1;CV-734;5,077;6;4;1;4;;1;6;1;;;1;1
8;7;23;3;3082;;1;1;CV-742;3,5;4;19;2;;;8;6;1;;;1;1
8;1;20;3;3082;;1;1;CV-747;2,79;5;1;2;;;1;2;1;;;1;2
8;3;15;3;3082;;1;1;CV-742;2,5;6;10;2;;;4;1;4;;;1;1
7;2;9;3;3082;;3;2;No inventariada;;9;7;2;;;1;1;1;;;1;998
2;2;19;3;3082;;3;2;No inventariada;;9;3;1;4;;1;4;1;;;1;998
7;3;13;3;3082;;3;2;No inventariada;;9;7;2;;;1;1;1;;;1;998
8;5;16;3;3082;;3;2;No inventariada;;9;3;1;2;;1;1;1;;;1;998
8;4;23;3;3082;;3;2;No inventariada;;9;10;2;;;7;4;1;;;1;998
9;5;8;3;3082;;3;2;No inventariada;;9;2;1;2;;1;1;1;;;2;998
8;7;18;3;3082;;3;2;No inventariada;;9;15;2;;;1;1;1;;;1;998
9;5;21;3;3082;;3;2;No inventariada;;9;15;2;;;1;4;1;;;1;998