MES;DIA_SEMANA;HORA;COD_PROVINCIA;COD_MUNICIPIO;ISLA;ZONA;ZONA_AGRUPADA;CARRETERA;KM;TIPO_VIA;TIPO_ACCIDENTE;NUDO;NUDO_INFO;CARRETERA_CRUCE;CONDICION_FIRME;CONDICION_ILUMINACION;CONDICION_METEO;CONDICION_NIEBLA;CONDICION_VIENTO;VISIB_RESTRINGIDA_POR;TRAZADO_PLANTA
9;6;1;3;3082;;3;2;No inventariada;;9;10;2;;;3;4;2;;;1;998
9;6;1;3;3082;;3;2;No inventariada;;9;10;2;;;3;4;2;;;1;998
9;1;0;3;3082;;1;1;CV-740;9;6;14;2;;;1;6;1;;;1;3
9;4;11;3;3082;;3;2;No inventariada;;14;7;2;;;1;1;1;;;1;998
9;6;13;3;3082;;1;1;CV-740;10,1;6;18;2;;;1;1;1;;;1;1
10;7;19;3;3082;;1;1;CV-740;9,7;6;10;1;2;;1;6;1;;;1;1
10;5;14;3;3082;;1;1;CV-747;1;6;4;2;;;1;1;2;;;1;1
11;7;11;3;3063;;1;1;CV-7361;1,396;6;12;2;;;1;1;1;;;1;2
11;4;18;3;3082;;1;1;CV-742;1,755;6;2;2;;;1;6;2;;;1;1
8;5;15;3;3082;;3;2;No inventariada;;9;1;2;;;1;1;1;;;18;998
8;2;10;3;3082;;3;2;No inventariada;;9;3;1;4;;1;1;1;;;1;998
11;2;10;3;3082;;1;1;CV-740;7,5;6;9;2;;;1;1;1;;;1;1
12;5;17;3;3082;;1;1;CV-740;9,071;6;3;2;;;1;1;1;;;1;1
1;2;16;3;3083;;1;1;CV-800;11,371;6;19;2;;;1;1;2;;;1;1
2;2;6;3;3083;;3;2;No inventariada;;9;19;2;;;1;3;1;;;1;998
5;2;15;3;3083;;1;1;CV-800;11,3;6;18;2;;;1;1;1;;;1;2
5;5;12;3;3083;;1;1;CV-800;14,2;6;10;2;;;1;1;1;;;1;2
6;7;17;3;3083;;1;1;CV-780;2,1;6;12;2;;;1;1;1;;;4;2
6;7;19;3;3083;;1;1;CV-780;2,4;6;9;1;2;;1;1;1;;;1;1
7;5;6;3;3083;;1;1;CV-800;11,301;6;17;2;;;1;6;1;;;1;1
8;5;10;3;3083;;1;1;CV-800;14,395;8;3;2;;;3;1;3;;;1;2
9;3;10;3;3083;;1;1;CV-800;10,826;6;4;2;;;1;1;1;;;1;1
9;6;11;3;3083;;1;1;CV-800;22,8;6;12;2;;;1;6;1;;;1;2
9;4;22;3;3083;;1;1;CV-800;12;6;18;2;;;1;5;1;;;1;2
10;7;0;3;3083;;1;1;CV-800;29,57;6;8;2;;;1;6;1;;;1;1
10;7;12;3;3083;;1;1;CV-800;22,6;6;18;2;;;1;1;1;;;1;2
12;7;13;3;3083;;1;1;CV-800;22,4;6;16;2;;;1;1;1;;;1;2
4;7;11;3;0;;1;1;CAMINO DE;4,8;10;3;2;;;2;1;1;;;12;3
8;7;16;3;0;;1;1;CV-750;7,181;5;12;1;2;CV-750;1;1;1;;;1;2
6;7;11;3;0;;1;1;CV-710;8,033;6;19;2;;;1;1;2;;;1;2
9;3;13;3;0;;1;1;CV-710;6,5;6;17;2;;;3;1;2;;;1;3
1;3;11;3;3088;;1;1;A-31;224,25;14;12;2;;;3;1;2;1;;1;1
1;3;19;3;3088;;1;1;A-31;222,021;3;4;2;;;1;6;1;;;1;1
2;2;7;3;3088;;1;1;A-31;217,077;3;2;2;;;1;1;1;;;1;1
3;5;6;3;3088;;1;1;No inventariada;0,3;10;1;2;;;1;6;1;;;1;3
3;1;7;3;3088;;1;1;A-31;220,7;3;4;2;;;1;1;1;;;6;1
3;5;14;3;3088;;1;1;A-31;219,1;3;4;2;;;1;1;1;;;1;1
3;1;10;3;3088;;1;1;A-31;221,8;3;7;2;;;1;1;1;;;1;1
3;5;11;3;3088;;1;1;CV-831;0,3;6;4;1;12;;1;1;1;;;1;1
5;1;9;3;3088;;1;1;A-31;225;3;6;2;;;1;1;1;;;1;1
5;5;7;3;3088;;1;1;CV-825;9,701;6;2;1;1;;1;1;1;;;1;1
6;7;0;3;3088;;1;1;A-31;217,3;3;12;2;;;1;6;1;;;1;2
6;3;15;3;3088;;1;1;A-31;223,3;3;18;1;2;A-7;4;1;4;;;5;1
3;2;9;3;3088;;3;2;No inventariada;;14;2;2;;;1;1;1;;;1;998
7;3;8;3;3088;;1;1;CV-847;8,79;6;3;1;4;A-31;1;1;1;;;1;2
7;1;22;3;3088;;1;1;CV-847;8,3;6;16;2;;;1;6;1;;;1;1
8;1;11;3;3088;;1;1;A-31;220,286;3;4;2;;;1;1;1;;;1;1
8;6;14;3;3088;;1;1;A-31;218,207;3;12;2;;;1;1;1;;;1;2
8;6;18;3;3088;;1;1;A-31;224,15;3;4;2;;;1;1;1;;;1;1
9;7;9;3;3088;;1;1;A-31;225,6;3;12;2;;;3;1;3;;;1;3
10;4;7;3;3088;;1;1;A-31;219,7;3;4;2;;;1;1;1;;;1;1
10;3;21;3;3088;;1;1;A-31;223,3;3;12;2;;;1;6;1;;;1;1
10;5;7;3;3088;;1;1;CV-847;8,772;8;3;1;4;A-31;1;2;1;;;1;2
10;5;11;3;3088;;1;1;A-31;218,5;3;6;2;;;1;1;1;;;1;1
10;3;18;3;3088;;1;1;A-31;216,4;3;16;2;;;1;1;2;;;1;1
11;2;8;3;3088;;1;1;A-31;217,946;3;5;2;;;1;1;1;;;6;1
11;3;8;3;3088;;1;1;CV-847;6,212;6;14;2;;;3;1;3;;;1;2
11;3;8;3;3088;;1;1;A-31;218,2;3;6;2;;;1;1;1;;;1;1
8;5;19;3;3088;;3;2;No inventariada;;9;8;1;6;;1;2;1;;;1;998
11;5;2;3;3088;;1;1;A-31;217,446;3;18;2;;;1;6;1;;;1;2
12;1;19;3;3088;;1;1;A-7;508,033;3;5;2;;;1;6;1;;;1;1
12;4;8;3;3088;;1;1;A-31;221,3;3;3;2;;;1;1;1;;;1;1
12;2;8;3;3088;;1;1;A-31;221,3;3;5;2;;;1;2;1;;;1;1
2;1;17;3;3089;;1;1;CV-83;16;6;2;1;2;CV-838;1;1;1;;;6;1
5;7;13;3;3089;;1;1;CV-83;4,113;6;3;2;;;1;1;1;;;1;1
5;3;18;3;3089;;1;1;CV-835;8,9;5;2;1;2;;1;1;1;;;1;1
5;7;11;3;3089;;1;1;CV-83;17,358;6;16;1;4;;1;1;1;;;1;2
7;2;12;3;3089;;1;1;CV-83;10,907;6;18;2;;;1;1;1;;;1;1
2;3;14;3;3089;;3;2;No inventariada;;9;7;1;1;;1;1;1;;;1;998
8;3;15;3;3089;;1;1;CV-83;9,2;6;1;2;;;1;1;1;;;1;1
8;7;11;3;3089;;1;1;CV-83;17,3;6;19;1;4;;1;1;1;;;1;2
8;7;14;3;3089;;1;1;CV-835;8,9;6;3;2;;;1;1;1;;;1;2
7;5;4;3;3089;;3;2;No inventariada;;9;10;2;;;1;4;1;;;1;998
7;4;10;3;3089;;3;2;No inventariada;;9;7;1;2;;1;1;1;;;1;998
5;1;18;3;3089;;3;2;No inventariada;;9;2;1;1;;1;1;1;;;1;998
9;3;12;3;3089;;3;2;No inventariada;;9;3;2;;;3;1;2;;;1;998
10;3;7;3;3089;;1;1;CV-83;5,1;6;19;2;;;1;6;1;;;1;1
10;7;6;3;3089;;1;1;No inventariada;0,1;10;14;2;;;1;6;1;;;1;3
10;1;15;3;3089;;3;2;No inventariada;;9;19;2;;;1;1;1;;;1;998
10;3;14;3;3089;;3;2;No inventariada;;9;10;1;2;;1;1;1;;;1;998
9;5;20;3;3089;;3;2;No inventariada;;9;2;1;1;;1;1;1;;;1;998
10;1;18;3;3089;;3;2;No inventariada;;9;8;2;;;1;2;1;;;1;998
1;2;21;3;3090;;1;1;CV-800;2,361;6;19;2;;;1;6;1;;;1;2
1;1;10;3;3090;;3;2;No inventariada;;9;3;1;1;;1;1;1;;;1;998
1;4;20;3;3090;;3;2;No inventariada;;9;7;2;;;1;4;1;;;1;998
1;4;19;3;3090;;3;2;No inventariada;;9;11;2;;;1;6;1;;;1;998
1;2;9;3;3090;;1;1;CV-800;4,2;14;20;1;2;;1;1;2;;;18;1
2;3;12;3;3090;;3;2;No inventariada;;9;2;1;4;;1;1;1;;;1;998
2;4;8;3;3014;;1;1;CV-821;1,2;5;3;2;;;1;1;1;;;1;1
2;4;16;3;3090;;1;1;A-70;5,5;3;4;2;;;1;1;1;;;1;1
3;5;20;3;3090;;1;1;No inventariada;0,8;10;14;2;;;1;6;1;;;1;3
3;2;11;3;3090;;3;2;No inventariada;;9;2;1;2;;1;5;1;;;1;998
3;1;17;3;3050;;1;1;A-70;2,336;3;4;2;;;1;1;1;;;1;1
4;1;15;3;3090;;1;1;PUJADA BOR;0,5;14;3;2;;;8;1;1;;;17;3
4;2;11;3;3090;;1;1;CV-821;3,5;5;3;1;4;;1;1;1;;;1;2
5;7;10;3;3090;;1;1;CV-821;3,575;5;2;1;4;CV-821;1;1;1;;;1;1
5;7;12;3;3014;;1;1;CV-800;5,964;6;15;2;;;1;1;1;;;1;1
5;2;8;3;3090;;1;1;CV-821;3,6;5;4;1;4;CV-821;1;1;1;;;1;2
5;7;18;3;3090;;3;2;No inventariada;;9;2;1;2;;1;1;1;;;1;998
5;4;11;3;3090;;3;2;No inventariada;;9;10;2;;;1;1;1;;;1;998
4;5;10;3;3090;;3;2;No inventariada;;9;2;1;1;;1;1;1;;;1;998
4;5;21;3;3090;;3;2;No inventariada;;9;2;2;;;1;4;1;;;1;998
4;6;10;3;3090;;3;2;No inventariada;;9;10;2;;;1;1;1;;;1;998
3;1;13;3;3090;;3;2;No inventariada;;9;10;1;1;;1;1;1;;;1;998
3;1;9;3;3090;;3;2;No inventariada;;9;3;2;;;1;1;1;;;1;998
3;4;9;3;3090;;3;2;No inventariada;;9;7;1;4;;1;1;1;;;1;998
3;3;13;3;3090;;3;2;No inventariada;;9;7;2;;;1;1;1;;;1;998
2;4;15;3;3090;;3;2;No inventariada;;9;2;2;;;1;1;1;;;1;998
2;7;21;3;3090;;3;2;No inventariada;;9;10;1;1;;1;4;1;;;1;998
2;6;9;3;3090;;3;2;No inventariada;;9;2;1;2;;1;1;1;;;1;998
2;2;10;3;3090;;3;2;No inventariada;;9;2;1;1;;1;1;1;;;1;998
5;4;12;3;3090;;3;2;No inventariada;;9;2;1;1;;1;1;1;;;1;998
5;1;13;3;3090;;1;1;CV-819;0,95;6;3;2;;;1;1;1;;;1;1
6;2;17;3;3090;;3;2;No inventariada;;9;2;1;1;;4;1;4;;;5;998
6;7;15;3;3090;;1;1;CV-800;5,35;6;12;2;;;1;1;1;;;1;2
6;1;13;3;3090;;3;2;No inventariada;;9;2;2;;;1;1;1;;;1;998
6;2;9;3;3014;;1;1;CV-821;2,705;5;5;2;;;1;1;1;;;1;1
6;7;21;3;3090;;1;1;CV-819;1;6;10;1;1;;1;6;1;;;1;1
6;4;13;3;3090;;3;2;No inventariada;;9;2;1;1;;2;1;1;;;1;998
7;1;12;3;3090;;3;2;No inventariada;;9;7;2;;;3;1;4;;;1;998
7;1;10;3;3090;;1;1;CV-821;3,591;5;4;1;4;CV-819;1;1;1;;;1;1
7;2;19;3;3090;;3;2;No inventariada;;9;1;1;2;;1;1;1;;;1;998
7;7;20;3;3090;;1;1;CV-819;4,4;6;18;2;;;1;1;1;;;4;2
7;4;19;3;3090;;1;1;No inventariada;20;10;13;2;;;2;1;1;;;1;3
8;2;14;3;3090;;1;1;CV-800;3,7;6;4;2;;;1;1;1;;;1;1
7;7;14;3;3090;;3;2;No inventariada;;9;3;2;;;1;1;1;;;1;998
7;1;21;3;3090;;3;2;No inventariada;;9;2;1;4;;1;4;1;;;1;998
7;6;19;3;3090;;3;2;No inventariada;;9;2;1;4;;1;1;1;;;1;998
7;5;18;3;3090;;3;2;No inventariada;;9;6;2;;;1;1;1;;;1;998
7;2;10;3;3090;;3;2;No inventariada;;9;7;2;;;1;1;1;;;1;998
7;5;21;3;3090;;3;2;No inventariada;;9;6;2;;;1;2;1;;;1;998
8;7;1;3;3090;;1;1;A-70;6,404;8;14;2;;;1;4;1;;;1;2
8;4;16;3;3090;;3;2;No inventariada;;9;4;1;4;;1;1;1;;;1;998
8;1;7;3;3090;;3;2;No inventariada;;9;6;2;;;1;1;1;;;1;998
8;5;12;3;3090;;1;1;No inventariada;1;10;10;2;;;1;1;1;;;1;3
8;5;20;3;3090;;1;1;AP-7;685,115;2;5;2;;;1;2;1;;;1;1
8;4;5;3;3014;;1;1;CV-800;8;6;14;2;;;1;6;1;;;10;2
9;1;21;3;3090;;1;1;AP-7;686,629;1;4;2;;;1;6;1;;;1;1
8;2;14;3;3090;;3;2;No inventariada;;9;4;2;;;1;1;1;;;1;998
9;5;8;3;3090;;3;2;No inventariada;;14;14;2;;;1;1;1;;;12;998
9;3;7;3;3090;;3;2;No inventariada;;9;2;1;1;;1;1;1;;;1;998
9;7;17;3;3090;;3;2;No inventariada;;9;10;1;4;;1;1;1;;;1;998
9;7;12;3;3090;;3;2;No inventariada;;9;2;2;;;1;1;1;;;1;998
9;1;19;3;3090;;3;2;No inventariada;;14;20;2;;;1;1;1;;;1;998
9;3;21;3;3090;;3;2;No inventariada;;9;7;2;;;1;4;1;;;1;998
9;4;15;3;3090;;3;2;No inventariada;;9;2;1;1;;1;1;2;;;1;998
9;4;21;3;3090;;3;2;No inventariada;;9;10;2;;;3;4;4;;;1;998
9;5;18;3;3090;;3;2;No inventariada;;9;10;2;;;1;1;1;;;1;998
9;1;19;3;3090;;3;2;No inventariada;;9;10;1;4;;1;1;1;;;1;998
9;5;22;3;3090;;3;2;No inventariada;;9;10;1;4;;1;4;1;;;1;998
10;3;10;3;3090;;1;1;CV-773;0,8;6;10;1;4;;1;1;1;;;1;2
10;4;20;3;3090;;3;2;No inventariada;;9;10;2;;;1;6;1;;;1;998
10;7;0;3;3090;;3;2;No inventariada;;9;10;2;;;1;4;1;;;1;998
11;5;10;3;3090;;1;1;CV-821;3,463;12;8;2;;;1;1;1;;;1;1
10;6;18;3;3090;;3;2;No inventariada;;9;2;1;4;;1;1;1;;;1;998
10;2;14;3;3090;;3;2;No inventariada;;9;2;1;1;;1;1;1;;;1;998
10;5;19;3;3090;;3;2;No inventariada;;9;2;2;;;1;3;1;;;1;998
11;7;14;3;3014;;1;1;CV-821;2,59;5;10;1;4;;8;1;1;;;1;2
12;7;14;3;3090;;1;1;CV-821;3,5;5;14;1;4;;1;1;1;;;1;2
2;3;18;3;3092;;1;1;CV-703;3,38;6;16;2;;;1;1;1;;;1;1
4;3;20;3;3092;;1;1;No inventariada;0,01;10;2;2;;;1;1;1;;;1;3
5;7;11;3;3092;;1;1;CV-705;3;6;3;2;;;1;1;1;;;1;2
6;3;20;3;3092;;3;2;No inventariada;;9;1;1;1;;1;1;1;;;18;998
8;4;20;3;3092;;1;1;CV-705;2,486;6;15;2;;;1;2;2;;;1;2
8;7;13;3;3092;;3;2;No inventariada;;9;7;1;2;;1;2;1;;;6;998
10;3;14;3;0;;1;1;CV-700;24,116;6;10;2;;;3;1;3;;;1;2
11;4;12;3;3092;;3;2;No inventariada;;9;4;1;2;;1;1;1;;;1;998
1;4;18;3;3093;;3;2;No inventariada;;9;2;1;4;;1;4;1;;;1;998
1;5;8;3;3093;;1;1;A-31;210,4;3;5;2;;;1;1;1;;;1;1
2;5;20;3;3093;;1;1;A-31;216;3;19;2;;;3;6;3;;;1;2
2;2;20;3;3093;;1;1;CV-840;1,776;6;2;2;;;1;6;1;;;18;1
2;3;19;3;3093;;1;1;A-31;214,803;3;7;2;;;1;4;1;;;1;1
2;5;22;3;3093;;3;2;No inventariada;;14;4;2;;;3;5;3;;;5;998
2;1;7;3;3093;;1;1;A-31;209,5;3;4;2;;;1;1;1;;;1;1
2;7;12;3;3093;;1;1;CV-840;0,1;6;4;2;;;1;1;1;;;1;1
2;6;15;3;3093;;3;2;No inventariada;;9;4;2;;;1;1;1;;;1;998
3;1;6;3;3093;;1;1;CV-84;13,9;6;2;1;4;CV-84;1;2;1;;;1;2
3;2;9;3;3093;;1;1;CV-825;3,14;6;19;2;;;1;1;1;;;1;3
3;2;18;3;3093;;3;2;No inventariada;;9;3;1;1;;1;1;1;;;1;998
4;2;15;3;3093;;3;2;No inventariada;;9;2;1;1;;2;1;1;;;1;998
3;4;21;3;3093;;3;2;No inventariada;;9;2;1;1;;1;4;1;;;999;998
4;1;18;3;3088;;1;1;A-31;216,487;3;18;2;;;3;1;3;;;1;1
4;2;20;3;3093;;3;2;No inventariada;;9;3;1;2;;1;1;1;;;1;998
5;4;5;3;3093;;3;2;No inventariada;;9;6;2;;;1;4;1;;;18;998
6;2;8;3;3093;;1;1;CV-84;12,9;6;1;2;;;1;1;1;;;1;3
5;7;0;3;3093;;3;2;No inventariada;;9;16;1;1;;1;5;1;;;17;998
5;6;20;3;3093;;3;2;No inventariada;;9;1;1;1;;1;1;1;;;1;998
5;1;2;3;3093;;3;2;No inventariada;;9;4;2;;;1;4;1;;;1;998
5;4;12;3;3093;;3;2;No inventariada;;9;7;1;1;;1;1;1;;;6;998
6;4;9;3;3088;;1;1;A-31;216,8;3;6;2;;;1;1;1;;;1;1
6;7;1;3;3093;;3;2;No inventariada;;9;7;2;;;1;4;1;;;1;998
6;3;15;3;3093;;3;2;No inventariada;;9;2;2;;;3;1;3;;;5;998
7;5;11;3;3093;;3;2;No inventariada;;9;2;1;4;;1;1;1;;;1;998
7;7;2;3;3093;;1;1;A-31;211,1;3;12;2;;;1;6;1;;;1;1
7;1;13;3;3093;;3;2;No inventariada;;9;2;2;;;1;1;1;;;1;998
7;1;13;3;3093;;3;2;No inventariada;;9;2;1;2;;1;1;1;;;1;998
8;6;9;3;3093;;3;2;No inventariada;;9;2;1;6;;1;1;1;;;1;998
8;5;19;3;3093;;3;2;No inventariada;;9;2;2;;;1;1;1;;;1;998
9;6;10;3;3093;;1;1;CV-835;2,9;6;1;2;;;3;1;3;;;1;2
9;4;9;3;3093;;3;2;No inventariada;;9;7;2;;;9;1;7;;;1;998
9;5;17;3;3093;;1;1;CV-84;0;6;4;1;4;N-325;1;1;1;;;1;2
9;1;9;3;3093;;3;2;No inventariada;;9;7;2;;;1;2;1;;;6;998
10;4;12;3;3093;;3;2;No inventariada;;9;7;2;;;1;1;1;;;1;998
10;7;14;3;3093;;3;2;No inventariada;;9;2;1;1;;1;1;1;;;1;998
10;4;9;3;3093;;3;2;No inventariada;;9;7;2;;;1;2;1;;;6;998
10;2;7;3;3088;;1;1;A-31;217,844;3;4;2;;;1;2;2;;;1;1
10;7;0;3;3093;;3;2;No inventariada;;9;2;1;1;;1;4;1;;;1;998
10;5;16;3;3093;;3;2;No inventariada;;9;7;2;;;1;1;1;;;1;998
10;2;13;3;3093;;3;2;No inventariada;;9;4;2;;;1;1;1;;;1;998
10;3;10;3;3093;;3;2;No inventariada;;14;2;1;4;;1;1;1;;;1;998
11;4;11;3;3093;;3;2;No inventariada;;9;2;1;1;;1;1;1;;;1;998
11;6;18;3;3093;;1;1;CAMINO AVE;1,5;10;13;2;;;1;6;1;;;1;1
11;4;14;3;3093;;3;2;No inventariada;;9;2;1;1;;1;1;1;;;1;998
11;5;11;3;3093;;3;2;No inventariada;;9;7;1;1;;1;1;1;;;1;998
12;7;13;3;3088;;1;1;CV-820;17;6;3;2;;;1;1;1;;;1;1
12;1;20;3;3093;;1;1;A-31;213;3;4;1;2;N-325;1;6;1;;;1;1
12;2;20;3;3093;;3;2;No inventariada;;9;2;1;4;;1;4;1;;;1;998
12;3;9;3;3093;;3;2;No inventariada;;9;7;2;;;1;1;1;;;9;998
12;7;19;3;3093;;1;1;A-31;209,6;3;19;2;;;1;6;1;;;4;2
12;2;19;3;3093;;3;2;No inventariada;;9;2;1;1;;1;4;1;;;1;998
1;6;21;3;3094;;1;1;CV-760;4,4;6;19;2;;;1;6;1;;1;1;2
1;1;4;3;3094;;1;1;CV-763;0,3;6;12;2;;;1;6;1;;;1;3
2;2;21;3;3094;;1;1;CV-751;3,15;6;1;2;;;1;6;1;;;1;1
2;3;13;3;3094;;1;1;CV-70;48,3;5;2;1;4;;1;1;1;;;1;2
3;5;14;3;3094;;1;1;CV-760;6,8;6;16;2;;;1;1;1;;;1;2
2;6;20;3;3094;;1;1;CV-715;56;6;7;2;;;1;6;1;;;1;2
4;5;7;3;3094;;1;1;CV-70;47,2;6;4;2;;;1;1;1;;;1;1
4;3;9;3;3094;;1;1;CV-70;46,6;6;10;2;;;8;1;1;;;1;2
4;6;12;3;3094;;1;1;CV-70;46,1;5;4;2;;;1;1;1;;;1;1
3;6;6;3;3094;;2;2;CV-715;56;6;1;2;;;1;2;1;;;1;3
5;2;18;3;3094;;1;1;CV-70;46,673;5;2;1;4;CV-70;1;1;1;;;1;2
5;4;19;3;3094;;3;2;No inventariada;;9;3;1;2;;1;1;1;;;1;998
6;2;17;3;3094;;1;1;CV-70;46,95;6;3;2;;;1;1;1;;;1;1
6;1;17;3;3107;;1;1;CV-70;44,1;5;7;2;;;4;1;1;;;6;1
6;5;9;3;3094;;3;2;No inventariada;;9;7;1;2;;1;1;1;;;1;998
8;4;17;3;3094;;1;1;CV-70;47,485;5;4;1;2;;1;1;1;;;1;1
8;5;17;3;3031;;1;1;CV-70;49,5;5;3;2;;;1;1;1;;;1;2
8;7;15;3;3094;;1;1;CV-760;6,8;6;16;2;;;1;1;1;;;1;2
8;5;10;3;3107;;1;1;CV-70;43,196;12;2;2;;;1;1;1;;;1;1
9;4;6;3;3094;;1;1;CV-70;46;5;10;2;;;3;3;1;;;1;1
9;5;10;3;3094;;1;1;CV-70;44,9;6;2;1;4;;1;1;1;;;1;1
9;1;21;3;3094;;3;2;No inventariada;;9;7;2;;;1;4;1;;;1;998
9;1;14;3;3094;;1;1;CV-70;48,35;5;2;1;4;;1;1;1;;;1;2
10;6;22;3;3107;;1;1;CV-70;43,38;5;19;1;4;;1;4;1;;;1;2
10;3;16;3;3107;;1;1;CV-70;43,31;14;3;1;4;;1;1;2;;;1;2
10;2;13;3;3094;;1;1;CV-70;44,95;5;2;2;;;1;1;1;;;1;1
9;2;14;3;3094;;3;2;No inventariada;;9;7;1;2;;1;1;1;;;1;998
10;4;13;3;3094;;3;2;No inventariada;;9;2;2;;;1;1;1;;;1;998
11;5;22;3;3094;;3;2;No inventariada;;9;3;1;1;;1;4;1;;;1;998
12;2;21;3;3094;;2;2;CV-715;56;6;1;2;;;1;4;1;;;1;1
12;7;12;3;3107;;1;1;CV-70;43,9;6;3;2;;;1;1;1;;;1;1
12;7;3;3;3094;;1;1;CV-70;46,5;5;18;1;4;;1;4;1;;;1;2
2;6;6;3;3095;;1;1;N-332;196,3;6;16;1;2;CV-725;1;6;1;;;1;2
1;6;11;3;3095;;3;2;No inventariada;;9;3;2;;;1;1;1;;;18;998
3;3;12;3;3095;;3;2;No inventariada;;14;5;2;;;1;1;1;;;18;998
5;5;19;3;3095;;3;2;No inventariada;;9;7;1;3;;1;1;1;;;1;998
6;2;20;3;3095;;1;1;CV-7221;2;6;4;1;2;;1;1;1;;;1;1
6;5;8;3;3095;;1;1;N-332;198;6;3;1;4;N-332;1;1;1;;;1;4
6;4;12;3;3101;;1;1;N-332;196,1;6;3;1;2;;1;1;1;;;1;1
7;4;16;3;3095;;1;1;CV-725;0,9;5;4;2;;;1;1;1;;;1;1
7;7;3;3;3095;;1;1;AP-7;608;2;2;1;2;;1;6;1;;;1;1
7;4;22;3;3095;;1;1;AP-7;607,147;2;6;2;;;1;4;1;;;1;1
7;5;13;3;3101;;1;1;AP-7;609,3;2;16;2;;;1;1;1;;;1;1
8;6;22;3;3071;;1;1;AP-7;615,408;2;3;2;;;1;6;1;;;1;1
8;5;18;3;3095;;1;1;AP-7;608,628;8;1;2;;;1;1;1;;;1;1
9;3;15;3;3095;;1;1;N-332;197,3;6;5;1;2;CV-725;1;1;1;;;1;2
9;5;19;3;3101;;1;1;N-332;196,12;8;2;1;2;CV-725;1;1;1;;;1;1
6;6;11;3;3095;;3;2;No inventariada;;9;4;1;4;;1;1;1;;;1;998
6;1;11;3;3095;;3;2;No inventariada;;9;4;2;;;1;1;1;;;1;998
6;5;12;3;3095;;3;2;No inventariada;;9;10;2;;;8;1;1;;;1;998
8;1;20;3;3095;;3;2;No inventariada;;9;20;1;4;;1;1;1;;;1;998
9;2;15;3;3095;;3;2;No inventariada;;9;7;1;4;;1;1;1;;;1;998
8;1;9;3;3095;;3;2;No inventariada;;9;16;2;;;9;1;7;;;18;998
11;3;18;3;3095;;3;2;No inventariada;;9;7;2;;;1;4;1;;;18;998
1;3;21;3;3096;;1;1;CV-8153;0,719;10;10;1;4;;1;4;1;;;1;2
2;6;12;3;3096;;1;1;CV-803;4,793;6;15;2;;;1;1;1;;;1;3
2;4;19;3;0;;1;1;CV-8151;0,5;10;1;2;;;1;4;1;;;1;1
3;7;19;3;3096;;1;1;CAMI ELS M;0,35;10;12;2;;;3;2;2;;;1;1
4;6;14;3;3079;;1;1;CV-802;10,95;6;14;2;;;1;1;1;;;1;2
6;7;12;3;3096;;1;1;CV-803;4,7;6;15;2;;;1;1;2;;;1;2
6;3;8;3;3096;;1;1;CV-803;3,904;6;18;2;;;1;1;1;;;1;1
6;6;18;3;3096;;3;2;No inventariada;;9;7;2;;;9;1;7;;;1;998
7;3;19;3;3096;;1;1;CV-803;3,5;6;19;2;;;1;1;1;;;1;1
7;6;13;3;3096;;2;2;CV-802;6,3;6;2;1;4;CV-815;1;1;1;;;1;1
11;7;9;3;3096;;1;1;CV-803;3,5;6;12;2;;;1;1;1;;;1;2
11;6;1;3;3096;;1;1;CV-802;10,3;6;15;2;;;1;6;1;;;1;2
12;2;10;3;3096;;1;1;CV-8153;1,816;6;2;1;4;CV-815;1;1;1;;;1;2
12;6;14;3;3096;;3;2;No inventariada;;9;4;2;;;1;1;1;;;1;998
2;6;13;3;0;;1;1;CV-731;0,75;6;3;2;;;1;1;1;;;1;3
3;4;14;3;0;;1;1;CV-715;19,8;6;10;1;2;CV-731;1;1;1;;;1;3
6;6;16;3;0;;1;1;CV-715;21,898;6;4;2;;;1;1;1;;;1;1
12;6;14;3;0;;1;1;CV-731;1,006;6;12;2;;;1;1;1;;;1;1
5;1;14;3;0;;1;1;CV-770;11,3;6;10;2;;;1;1;2;;;1;1
5;3;11;3;0;;1;1;CV-758;12,85;6;16;2;;;1;1;1;;;1;3
5;7;8;3;0;;1;1;CV-758;13;6;16;2;;;1;1;1;;;1;2
7;6;15;3;0;;1;1;CV-770;9,59;6;19;2;;;1;1;2;;;1;3
10;7;9;3;0;;1;1;CV-770;9,633;6;19;2;;;1;1;1;;;1;1
1;4;10;3;3099;;1;1;CV-845;17,7;6;15;2;;;1;6;1;;;1;3
1;4;17;3;3902;;1;1;CV-941;1,2;6;2;2;;;1;1;2;;;1;1
1;5;9;3;3099;;1;1;CV-921;0,05;6;5;1;4;CV-925;1;1;1;;;1;1
1;2;22;3;3099;;1;1;CV-8702;1,6;6;18;2;;;3;6;3;;;1;2
1;3;16;3;3099;;3;2;No inventariada;;9;4;2;;;3;1;2;;;1;998
1;6;17;3;3099;;1;1;CV-95;8,9;6;16;2;;;1;1;1;;;1;2
1;4;6;3;3133;;1;1;N-332;53;6;2;1;4;;7;3;1;;;1;2
1;7;20;3;3099;;3;2;No inventariada;;9;2;2;;;1;4;1;;;1;998
1;4;16;3;3099;;1;1;CV-950;3,5;6;16;2;;;1;1;1;;;1;2
1;6;0;3;3099;;1;1;CV-925;6,8;6;18;2;;;1;6;1;;;1;2
1;5;17;3;3099;;3;2;No inventariada;;9;7;2;;;1;1;1;;;1;998
1;3;13;3;3099;;1;1;N-340;689,4;6;5;2;;;1;1;2;;;1;1
2;7;18;3;3099;;1;1;No inventariada;2,5;10;1;1;2;;3;2;3;;;1;1
2;6;16;3;3099;;3;2;No inventariada;;9;4;2;;;1;1;1;;;1;998
2;1;8;3;3099;;1;1;N-340;683;6;4;1;2;;1;1;1;;;1;1
2;5;11;3;3099;;3;2;No inventariada;;9;6;2;;;1;1;1;;;1;998
2;1;14;3;3099;;1;1;CV-925;11;6;18;2;;;1;1;1;;;1;2
1;5;23;3;3099;;1;1;N-332;48;5;12;1;4;;1;4;1;;;1;2
2;5;22;3;3099;;1;1;A-7;547,5;3;4;2;;;1;6;1;;;1;1
2;6;7;3;3099;;1;1;CV-91;5,8;6;16;2;;;1;2;1;;;1;2
2;7;18;3;3099;;1;1;CV-930;0,1;6;2;2;;;1;1;1;;;1;1
2;5;6;3;3099;;3;2;No inventariada;;9;7;2;;;1;4;1;;;9;998
2;7;11;3;3099;;3;2;No inventariada;;9;2;2;;;1;1;1;;;1;998
2;4;6;3;3099;;1;1;CV-911;2,3;6;3;2;;;1;3;1;;;1;1
2;4;11;3;3099;;3;2;No inventariada;;9;2;2;;;1;1;1;;;2;998
3;4;18;3;3099;;1;1;CV-871;5,7;5;2;1;2;;1;5;1;;;1;2
3;5;18;3;3099;;3;2;No inventariada;;9;16;2;;;1;1;1;;;1;998
3;1;19;3;3099;;1;1;LOS TUBOS;1;10;12;1;1;;3;4;3;;;1;1
3;7;14;3;3099;;3;2;No inventariada;;9;19;2;;;1;1;1;;;1;998
3;4;13;3;3099;;3;2;No inventariada;;9;4;2;;;1;1;1;;;1;998
3;5;21;3;3099;;3;2;No inventariada;;9;16;2;;;1;3;1;;;1;998
3;4;13;3;3099;;3;2;No inventariada;;9;4;2;;;1;1;1;;;1;998