MES;DIA_SEMANA;HORA;COD_PROVINCIA;COD_MUNICIPIO;ISLA;ZONA;ZONA_AGRUPADA;CARRETERA;KM;TIPO_VIA;TIPO_ACCIDENTE;NUDO;NUDO_INFO;CARRETERA_CRUCE;CONDICION_FIRME;CONDICION_ILUMINACION;CONDICION_METEO;CONDICION_NIEBLA;CONDICION_VIENTO;VISIB_RESTRINGIDA_POR;TRAZADO_PLANTA
4;3;15;3;3099;;1;1;LOS TUBOS;3,1;10;2;1;1;;1;1;1;;;1;1
4;2;22;3;3099;;3;2;No inventariada;;9;6;2;;;1;4;1;;;1;998
4;3;14;3;3099;;3;2;No inventariada;;9;4;2;;;1;1;1;;;1;998
4;4;15;3;3099;;3;2;No inventariada;;9;3;2;;;1;1;1;;;1;998
4;4;20;3;3099;;3;2;No inventariada;;9;1;2;;;1;2;1;;;1;998
4;6;12;3;3099;;1;1;CV-925;7,45;6;2;2;;;1;1;1;;;1;2
4;7;8;3;3099;;1;1;CV-930;4,2;6;9;2;;;1;1;1;;;1;1
4;7;19;3;3099;;1;1;CV-925;8,306;6;16;2;;;1;1;1;;;1;3
4;3;19;3;3099;;3;2;No inventariada;;9;16;2;;;1;1;2;;;1;998
4;5;12;3;3099;;1;1;CV-0306-3;5;10;17;2;;;1;1;1;;;1;2
3;6;9;3;3099;;3;2;No inventariada;;9;3;2;;;1;1;1;;;1;998
4;7;12;3;3099;;1;1;CV-91;7,15;6;10;1;4;CV-911;3;1;3;;;1;2
4;7;16;3;3099;;1;1;CV-941;4,306;6;14;2;;;3;1;4;;;5;2
4;2;12;3;3099;;3;2;No inventariada;;9;2;2;;;1;1;1;;;1;998
4;1;7;3;3099;;3;2;No inventariada;;9;4;2;;;3;1;2;;;1;998
5;5;20;3;3099;;1;1;CV-950;4,2;6;15;2;;;1;1;1;;;1;2
5;7;11;3;3099;;1;1;CV-950;4,1;6;2;2;;;1;1;1;;;1;2
5;2;16;3;3099;;1;1;N-340;680,392;6;2;1;5;N-340;1;1;1;;;1;2
5;1;17;3;3099;;3;2;No inventariada;;9;7;2;;;1;1;2;;;2;998
5;1;10;3;3099;;1;1;CV-923;4,2;6;19;2;;;1;1;1;;;1;2
5;2;17;3;3099;;3;2;No inventariada;;9;4;2;;;1;1;1;;;1;998
5;4;15;3;3099;;3;2;No inventariada;;9;4;2;;;1;1;1;;;1;998
4;2;11;3;3099;;3;2;No inventariada;;9;10;2;;;1;1;1;;;1;998
5;3;8;3;3099;;1;1;CV-95;9,2;6;5;2;;;1;3;1;;;4;1
4;3;10;3;3099;;3;2;No inventariada;;9;2;2;;;1;1;1;;;1;998
5;2;11;3;3099;;1;1;CV-930;1,5;6;6;2;;;1;1;1;;;1;1
4;2;10;3;3099;;3;2;No inventariada;;9;20;2;;;1;1;1;;;1;998
5;3;17;3;3099;;3;2;No inventariada;;9;2;2;;;1;1;1;;;1;998
5;1;17;3;3099;;3;2;No inventariada;;9;4;2;;;1;1;1;;;1;998
5;6;13;3;3099;;3;2;No inventariada;;9;1;2;;;1;1;1;;;1;998
5;5;19;3;3099;;3;2;No inventariada;;9;2;2;;;1;4;1;;;3;998
5;4;14;3;3099;;3;2;No inventariada;;14;2;2;;;1;1;1;;;1;998
5;4;12;3;3099;;3;2;No inventariada;;9;2;2;;;1;1;1;;;1;998
5;4;9;3;3099;;3;2;No inventariada;;9;4;2;;;1;1;1;;;1;998
5;5;19;3;3099;;3;2;No inventariada;;9;4;2;;;1;1;1;;;1;998
5;3;23;3;3099;;3;2;No inventariada;;9;7;2;;;1;4;1;;;1;998
5;2;19;3;3099;;3;2;No inventariada;;9;2;2;;;1;1;1;;;1;998
5;3;15;3;3099;;3;2;No inventariada;;9;4;2;;;1;1;1;;;1;998
6;1;12;3;3099;;3;2;No inventariada;;9;7;2;;;1;1;2;;;1;998
6;3;12;3;3099;;3;2;No inventariada;;9;4;2;;;1;1;1;;;1;998
6;2;19;3;3099;;3;2;No inventariada;;9;10;2;;;7;1;1;;;1;998
5;2;11;3;3099;;3;2;No inventariada;;9;7;2;;;1;1;1;;;1;998
6;6;14;3;3099;;1;1;CV-949;0,5;6;17;2;;;1;1;1;;;1;2
6;6;12;3;3099;;3;2;No inventariada;;9;4;2;;;1;1;1;;;1;998
6;5;9;3;3099;;3;2;No inventariada;;9;4;2;;;1;1;1;;;1;998
6;7;20;3;3099;;1;1;CV-870;0,4;6;18;2;;;1;2;1;;;1;1
6;7;9;3;3099;;1;1;No inventariada;3,4;10;2;1;1;;1;1;1;;;3;1
6;1;16;3;3099;;1;1;CV-870;0,2;6;10;1;4;;8;1;1;;;1;2
6;4;8;3;3099;;1;1;No inventariada;1;10;10;2;;;1;1;1;;;1;1
6;1;9;3;3099;;1;1;CV-868;1,545;6;19;2;;;1;1;1;;;1;2
6;5;11;3;3099;;3;2;No inventariada;;9;1;2;;;1;1;1;;;2;998
6;3;19;3;3099;;3;2;No inventariada;;9;4;2;;;1;1;1;;;1;998
5;1;10;3;3099;;3;2;No inventariada;;9;2;2;;;1;1;1;;;1;998
6;6;17;3;3099;;3;2;No inventariada;;9;6;2;;;1;1;1;;;1;998
6;6;23;3;3099;;1;1;CV-941;3,1;6;20;2;;;1;6;1;;;1;2
6;4;12;3;3099;;3;2;No inventariada;;9;2;2;;;1;1;1;;;18;998
6;5;17;3;3099;;1;1;CV-91;4,9;6;4;2;;;1;1;1;;;1;3
6;3;18;3;3099;;3;2;No inventariada;;9;3;2;;;1;1;1;;;1;998
6;3;13;3;3099;;3;2;No inventariada;;9;2;2;;;1;1;1;;;18;998
6;1;17;3;3099;;3;2;No inventariada;;9;4;2;;;1;1;1;;;18;998
6;4;15;3;3099;;3;2;No inventariada;;9;3;2;;;1;1;1;;;18;998
6;5;7;3;3099;;3;2;No inventariada;;9;16;2;;;1;2;1;;;1;998
6;4;17;3;3099;;3;2;No inventariada;;9;2;2;;;1;1;1;;;1;998
6;6;23;3;3099;;3;2;No inventariada;;9;4;2;;;1;4;1;;;1;998
6;4;14;3;3099;;3;2;No inventariada;;9;2;2;;;1;1;1;;;1;998
5;7;8;3;3099;;3;2;No inventariada;;9;2;2;;;1;1;1;;;1;998
6;2;22;3;3099;;3;2;No inventariada;;9;7;2;;;1;4;1;;;1;998
6;2;9;3;3099;;3;2;No inventariada;;9;4;2;;;1;1;1;;;6;998
6;4;12;3;3099;;3;2;No inventariada;;9;2;2;;;1;1;1;;;1;998
6;5;14;3;3099;;3;2;No inventariada;;9;4;2;;;1;1;1;;;1;998
6;5;9;3;3099;;3;2;No inventariada;;9;7;2;;;1;1;1;;;1;998
7;1;18;3;3099;;1;1;A-7;546,6;3;4;2;;;1;1;1;;;1;1
7;2;19;3;3099;;1;1;CV-930;5;6;19;1;4;;7;1;1;;;1;1
7;4;0;3;3099;;1;1;LAS BALSAS;4,8;10;2;1;2;;1;6;1;;;12;1
6;7;12;3;3099;;3;2;No inventariada;;9;3;2;;;1;1;1;;;1;998
7;2;20;3;3099;;3;2;No inventariada;;9;4;2;;;1;2;1;;;1;998
7;5;20;3;3099;;1;1;N-332;49,95;5;4;1;7;DESCONOCID;1;1;1;;;1;1
7;5;21;3;3099;;1;1;CV-923;1,3;6;1;2;;;1;6;1;;;1;2
7;5;8;3;3099;;1;1;N-340;687,4;6;4;2;;;1;1;1;;;1;1
7;3;10;3;3099;;3;2;No inventariada;;9;4;2;;;1;1;1;;;1;998
6;2;7;3;3099;;3;2;No inventariada;;9;2;2;;;1;1;1;;;1;998
7;2;13;3;3099;;3;2;No inventariada;;9;3;2;;;1;1;1;;;1;998
7;3;7;3;3099;;3;2;No inventariada;;9;2;2;;;1;1;2;;;1;998
7;6;2;3;3015;;1;1;CV-91;14,4;6;15;1;4;AP-7;1;4;1;;;1;2
7;1;19;3;3099;;3;2;No inventariada;;9;7;2;;;1;3;1;;;1;998
7;3;21;3;3099;;3;2;No inventariada;;9;7;2;;;1;3;1;;;9;998
7;6;16;3;3099;;3;2;No inventariada;;9;2;2;;;1;1;1;;;1;998
7;2;19;3;3099;;1;1;CV-91;1,3;6;5;1;2;;1;1;1;;;1;1
7;5;19;3;3099;;1;1;N-332;47,655;5;4;2;;;1;1;1;;;1;2
7;3;18;3;3099;;3;2;No inventariada;;9;4;2;;;1;1;1;;;1;998
8;6;7;3;3099;;1;1;N-332;48,607;6;2;1;4;;1;1;1;;;1;1
7;1;13;3;3099;;3;2;No inventariada;;9;2;2;;;1;1;1;;;1;998
7;2;10;3;3099;;3;2;No inventariada;;9;7;2;;;1;1;1;;;1;998
7;2;0;3;3099;;3;2;No inventariada;;9;4;2;;;1;4;1;;;17;998
7;4;20;3;3099;;3;2;No inventariada;;9;6;2;;;1;1;1;;;1;998
8;2;11;3;3099;;1;1;CV-930;5,325;6;3;1;4;CV-91;1;1;1;;;1;2
8;4;22;3;3099;;1;1;N-332;51,6;5;5;1;4;;1;4;1;;;1;1
8;5;18;3;3099;;1;1;CV-925;0,5;6;19;2;;;1;1;1;;;1;1
7;7;19;3;3099;;3;2;No inventariada;;9;4;2;;;1;1;1;;;1;998
8;7;2;3;3099;;3;2;No inventariada;;9;12;2;;;1;6;1;;;5;998
8;4;19;3;3099;;3;2;No inventariada;;9;2;2;;;1;1;1;;;1;998
7;5;16;3;3099;;3;2;No inventariada;;9;2;2;;;1;4;1;;;3;998
7;2;22;3;3099;;3;2;No inventariada;;9;10;2;;;8;4;1;;;1;998
8;3;15;3;3099;;1;1;CV-941;2,594;6;16;2;;;1;1;1;;;1;1
8;6;3;3;3099;;1;1;N-340;681,9;6;16;2;;;1;6;1;;;1;2
8;4;12;3;3099;;1;1;CV-941;4,3;6;19;2;;;1;1;1;;;18;2
8;4;18;3;3099;;1;1;No inventariada;0,2;10;10;1;4;;7;2;1;;;1;1
9;4;14;3;3058;;1;1;A-7;542,2;3;4;2;;;1;1;1;;;1;1
9;1;13;3;3111;;1;1;CV-900;3,4;6;4;1;1;;1;1;1;;;1;1
9;1;22;3;3099;;1;1;CV-868;1,2;6;1;1;2;CV-868;1;6;1;;;1;1
9;7;21;3;3099;;3;2;No inventariada;;9;7;2;;;1;2;1;;;1;998
8;5;12;3;3099;;3;2;No inventariada;;9;2;2;;;1;1;1;;;1;998
9;7;14;3;3099;;3;2;No inventariada;;9;4;2;;;1;1;1;;;1;998
9;5;13;3;3099;;3;2;No inventariada;;9;4;2;;;1;1;1;;;1;998
10;4;12;3;3099;;1;1;CV-930;3,45;6;1;2;;;1;1;1;;;1;3
10;4;13;3;3099;;3;2;No inventariada;;9;16;2;;;1;1;1;;;1;998
10;3;9;3;3099;;1;1;CV-950;5,1;6;15;2;;;1;1;1;;;1;2
10;3;22;3;3099;;1;1;CV-951;3,8;6;15;2;;;1;6;1;;;1;1
10;6;11;3;3099;;1;1;CV-950;4,1;6;12;2;;;1;1;2;;;1;2
9;7;11;3;3099;;3;2;No inventariada;;9;2;2;;;1;1;1;;;1;998
8;5;13;3;3099;;3;2;No inventariada;;9;10;2;;;2;1;1;;;1;998
7;5;0;3;3099;;3;2;No inventariada;;9;10;2;;;1;6;1;;;1;998
10;5;12;3;3099;;1;1;CV-872;1,8;6;10;2;;;1;1;1;;;1;1
10;4;11;3;3099;;3;2;No inventariada;;9;4;2;;;1;1;1;;;1;998
10;5;15;3;3099;;3;2;No inventariada;;9;3;2;;;1;1;1;;;18;998
9;4;13;3;3099;;3;2;No inventariada;;9;7;2;;;1;1;1;;;1;998
10;2;19;3;3099;;1;1;CV-949;2,908;6;15;2;;;1;2;2;;;1;2
10;3;6;3;3902;;1;1;CV-941;1,83;6;4;2;;;3;6;3;;;1;2
10;4;14;3;3099;;1;1;CV-919;2,7;6;4;1;4;CV-91;1;1;1;;;1;2
10;4;6;3;3099;;3;2;No inventariada;;9;7;2;;;3;4;2;;;1;998
10;6;12;3;3099;;3;2;No inventariada;;9;6;2;;;1;1;1;;;1;998
10;1;16;3;3099;;1;1;N-340;683;6;2;1;2;;1;1;2;;;1;1
10;4;12;3;3099;;3;2;No inventariada;;9;20;2;;;1;1;1;;;1;998
11;2;17;3;3099;;1;1;CV-949;0,5;6;19;2;;;2;2;1;;;1;2
11;2;13;3;3099;;3;2;No inventariada;;9;3;2;;;1;1;1;;;1;998
11;6;12;3;3099;;1;1;CV-91;5,34;6;2;1;2;;1;1;1;;;1;1
10;3;21;3;3099;;3;2;No inventariada;;9;2;2;;;1;4;7;;;1;998
10;7;20;3;3099;;1;1;N-332;47,9;5;4;1;2;;1;4;1;;;1;2
11;3;16;3;3099;;1;1;T. PICHON;5,2;10;19;2;;;1;1;1;;;1;2
11;6;17;3;3099;;1;1;CV-950;2,4;6;15;2;;;1;2;2;;;1;1
11;5;12;3;3099;;3;2;No inventariada;;9;2;2;;;2;1;2;;;1;998
11;7;20;3;3099;;3;2;No inventariada;;9;4;2;;;1;4;1;;;1;998
11;6;6;3;3099;;1;1;A-7;550,6;3;12;2;;;8;6;1;;;1;1
11;1;0;3;3099;;1;1;CV-925;17,5;6;19;2;;;1;6;1;;;1;2
9;3;12;3;3099;;3;2;No inventariada;;9;1;2;;;1;1;1;;;4;998
11;1;15;3;3099;;1;1;CV-925;0,2;6;2;1;2;;1;1;1;;;1;1
11;2;17;3;3099;;1;1;N-332;49,932;6;2;1;4;;1;1;1;;;1;1
10;7;13;3;3099;;3;2;No inventariada;;9;2;2;;;1;1;1;;;2;998
11;5;14;3;3099;;1;1;A-7;547;3;3;2;;;1;1;1;;;1;1
11;5;20;3;3099;;1;1;CV-871;3,2;6;15;2;;;1;6;1;;;1;2
11;7;17;3;3099;;1;1;CV-911;2;6;1;2;;;1;2;1;;;1;1
12;7;9;3;3099;;1;1;N-340;680,3;6;2;1;5;;1;1;1;;;1;1
10;5;16;3;3099;;3;2;No inventariada;;9;4;2;;;1;1;1;;;1;998
7;5;15;3;3099;;3;2;No inventariada;;9;2;1;2;;1;1;1;;;1;998
8;5;11;3;3099;;3;2;No inventariada;;9;5;2;;;1;1;1;;;1;998
9;1;18;3;3099;;3;2;No inventariada;;9;4;2;;;1;4;1;;;1;998
10;6;13;3;3099;;1;1;CV-915;1,8;6;4;2;;;1;1;1;;;1;1
12;3;9;3;3099;;1;1;CV-870;3,942;6;4;2;;;1;1;2;;;1;1
12;7;14;3;3099;;1;1;CV-949;1,5;6;19;2;;;1;1;1;;;1;2
11;5;11;3;3099;;3;2;No inventariada;;9;4;2;;;1;1;1;;;1;998
11;6;23;3;3099;;3;2;No inventariada;;9;4;2;;;1;6;1;;;1;998
8;5;20;3;3099;;3;2;No inventariada;;11;2;1;1;;1;3;1;;;3;998
10;7;17;3;3099;;3;2;No inventariada;;9;2;1;4;;1;1;1;;;1;998
12;6;17;3;3099;;1;1;CV-925;11,677;6;12;2;;;1;2;1;;;1;2
12;6;18;3;3058;;1;1;A-7;541;3;4;2;;;1;6;1;;;1;1
12;5;13;3;3099;;3;2;No inventariada;;9;4;2;;;1;1;1;;;1;998
9;5;11;3;3099;;3;2;No inventariada;;9;4;2;;;1;1;1;;;1;998
11;3;12;3;3099;;3;2;No inventariada;;9;2;2;;;1;1;1;;;1;998
9;7;10;3;3099;;3;2;No inventariada;;9;4;2;;;1;1;1;;;1;998
1;5;13;3;0;;1;1;CV-715;24,4;6;6;2;;;1;1;1;;;1;1
7;4;15;3;0;;1;1;CV-720;39,052;6;19;2;;;1;1;1;;;4;2
8;6;14;3;0;;1;1;CV-720;34,5;6;19;2;;;1;1;1;;;1;2
9;5;13;3;0;;1;1;CV-750;0,5;6;12;2;;;1;1;1;;;1;2
1;4;15;3;3101;;1;1;N-332;194,3;6;3;1;2;;1;1;1;;;1;1
1;7;8;3;3101;;3;2;No inventariada;;9;19;1;1;;9;3;7;;;1;998
2;3;16;3;3101;;1;1;CV-733;2,206;6;19;2;;;1;1;1;;;1;1
2;4;7;3;3101;;1;1;N-332;191,4;6;4;2;;;1;2;1;;;1;1
2;2;20;3;3101;;2;2;CV-732;4,6;6;10;1;1;;1;4;1;;;1;1
3;5;9;3;3101;;2;2;CV-732;4,2;6;7;1;1;;1;2;1;;;6;1
3;4;16;3;3101;;3;2;No inventariada;;9;16;1;2;;1;1;1;;;2;998
4;3;10;3;3101;;2;2;CV-720;49,7;6;2;1;2;;1;1;1;;;1;3
6;1;13;3;3101;;1;1;N-332;191,65;6;2;1;2;CV-734;1;1;1;;;1;2
5;7;11;3;3101;;3;2;No inventariada;;9;7;1;2;;1;1;1;;;9;998
5;7;14;3;3101;;3;2;No inventariada;;9;4;2;;;1;1;1;;;1;998
6;1;16;3;3101;;1;1;CV-724;1,1;6;19;1;4;;8;1;1;;;1;2
5;5;13;3;3101;;3;2;No inventariada;;9;2;1;2;;1;1;1;;;9;998
6;2;18;3;3101;;1;1;CV-720;49,4;6;12;2;;;1;1;1;;;1;2
6;3;19;3;3101;;3;2;No inventariada;;9;10;2;;;1;1;1;;;1;998
8;4;0;3;3101;;1;1;CV-720;48,6;6;2;1;2;;1;6;1;;;1;2
8;5;20;3;3101;;1;1;N-332;196;6;2;2;;;1;1;1;;;1;1
8;3;16;3;3101;;1;1;CV-732;6,759;6;2;1;2;;1;1;2;;;1;2
7;7;13;3;3101;;3;2;No inventariada;;9;2;1;2;;1;1;1;;;2;998
7;3;21;3;3101;;3;2;No inventariada;;9;10;1;1;;7;3;1;;;1;998
8;6;10;3;3101;;3;2;No inventariada;;9;19;2;;;1;1;1;;;1;998
10;1;1;3;3101;;1;1;CV-732;3,7;6;16;2;;;1;5;7;;;1;1
10;5;17;3;3101;;1;1;N-332;193;6;4;1;10;;1;1;1;;;1;1
8;4;15;3;3101;;3;2;No inventariada;;9;3;2;;;1;1;1;;;2;998
8;3;16;3;3101;;1;1;CV-720;49,3;6;19;2;;;1;1;1;;;1;2
11;3;21;3;3101;;1;1;N-332;194,4;6;4;1;2;;1;6;1;;;1;1
11;5;11;3;3101;;1;1;CV-720;48,4;6;16;2;;;2;1;1;;;1;2
12;4;2;3;3101;;3;2;No inventariada;;9;2;2;;;1;3;1;;;2;998
12;4;12;3;3101;;3;2;No inventariada;;9;15;2;;;1;1;7;;;1;998
2;3;15;3;3102;;1;1;CV-678;0,65;6;18;2;;;1;1;1;;;1;1
4;7;14;3;3102;;1;1;CV-712;21;6;3;2;;;1;1;1;;;1;2
7;1;18;3;3102;;1;1;CV-715;12,3;6;19;2;;;1;1;1;;;18;3
7;1;19;3;3102;;1;1;CV-728;0,022;6;14;1;2;CV-715;1;1;1;;;1;1
7;6;8;3;3102;;1;1;CV-678;0,1;6;5;1;2;;1;1;1;;;1;1
8;5;9;3;0;;1;1;CV-700;40,22;6;12;2;;;1;1;1;;;1;2
8;1;18;3;3102;;1;1;CV-728;4,038;6;19;2;;;1;1;1;;;1;3
9;6;10;3;3102;;1;1;CV-700;62,713;12;1;2;;;1;1;1;;;1;1
9;7;12;3;3102;;1;1;CV-700;62;6;10;2;;;8;1;1;;;1;1
9;1;13;3;3102;;1;1;CV-700;61,9;5;10;2;;;1;1;1;;;1;1
10;2;18;3;3102;;1;1;CV-678;3;6;3;2;;;1;1;1;;;1;2
10;2;10;3;3102;;3;2;No inventariada;;9;3;1;1;;1;1;1;;;1;998
10;5;12;3;3102;;3;2;No inventariada;;9;10;1;5;;1;1;1;;;1;998
10;7;21;3;3102;;1;1;CV-715;6;6;19;2;;;3;6;3;;;1;2
9;5;13;3;3102;;3;2;No inventariada;;9;4;2;;;1;1;1;;;1;998
8;1;15;3;3102;;3;2;No inventariada;;9;2;1;1;;1;1;1;;;18;998
2;2;12;3;3102;;3;2;No inventariada;;9;2;1;2;;1;1;7;;;12;998
4;3;20;3;3102;;3;2;No inventariada;;9;10;1;4;;2;3;1;;;18;998
12;6;21;3;3102;;1;1;CV-678;4,5;6;4;2;;;9;6;1;;;1;1
1;2;8;3;3104;;1;1;A-31;202,521;3;4;1;10;A-31;1;1;1;;;1;1
2;5;15;3;3104;;1;1;A-31;205,8;3;12;2;;;3;1;3;;;1;2
2;5;20;3;3104;;1;1;A-31;204,3;3;4;2;;;3;6;2;;;9;1
2;5;19;3;3104;;1;1;A-31;205,1;3;5;2;;;3;6;2;;;1;1
1;2;14;3;3104;;3;2;No inventariada;;9;7;2;;;1;1;1;1;;3;998
1;6;16;3;3104;;3;2;No inventariada;;9;2;2;;;1;1;1;;;1;998
2;4;6;3;3066;;1;1;CV-8352;20,3;10;4;1;2;A-31;1;6;1;;;1;1
4;6;1;3;3104;;1;1;A-31;206,367;3;15;2;;;1;6;1;;;1;1
5;5;18;3;3104;;1;1;DE LA TOCA;0,01;14;20;2;;;1;1;1;;;1;3
6;1;19;3;3104;;1;1;CV-837;3,5;6;18;2;;;1;1;1;;;1;1
7;4;12;3;3104;;1;1;A-31;199,65;3;5;2;;;1;1;1;;;1;1
8;5;10;3;3104;;1;1;A-31;205;3;4;1;10;;1;1;1;;;1;1
8;1;11;3;3104;;1;1;A-31;205,191;3;6;2;;;1;1;1;;;1;1
9;1;9;3;3104;;1;1;ACCESO URB;0,01;10;10;2;;;2;1;1;;;18;3
10;5;13;3;3104;;1;1;CV-837;1,288;6;12;2;;;1;1;1;;;18;2
10;3;20;3;3104;;1;1;A-31;205,4;3;4;1;10;;1;5;1;;;1;1
11;2;11;3;3104;;1;1;A-31;206,35;3;3;2;;;1;1;1;;;1;1
11;3;17;3;3104;;1;1;A-31;205;3;4;2;;;1;1;1;;;1;1
12;3;19;3;3104;;1;1;A-31;208,3;3;4;2;;;1;6;1;;;1;1
1;5;15;3;3105;;1;1;CV-836;0,736;6;19;2;;;1;1;1;;;1;2
1;5;8;3;3105;;3;2;No inventariada;;9;2;1;1;;1;1;1;;;1;998
5;6;18;3;3105;;3;2;No inventariada;;9;7;2;;;1;1;1;;;1;998
3;5;21;3;3105;;3;2;No inventariada;;9;2;1;2;;1;4;1;;;1;998
11;5;14;3;3105;;1;1;CV-83;19,049;6;19;2;;;1;1;2;;;1;1
5;1;20;3;0;;3;2;No inventariada;;14;15;2;;;1;1;1;;;1;998
7;5;21;3;0;;1;1;CV-700;24,878;6;14;2;;;1;6;1;;;4;2
8;3;19;3;0;;1;1;CV-711;0,8;6;3;1;2;;1;1;1;;;1;1
11;6;11;3;0;;1;1;CV-708;3,4;6;13;2;;;1;1;1;;;4;2
12;1;12;3;0;;1;1;SIN DENOMI;0,001;10;10;2;;;8;1;1;;;4;3
1;4;10;3;3107;;1;1;CV-70;42,1;6;4;2;;;1;1;1;;;1;1
1;5;14;3;3107;;1;1;CV-70;39,807;6;19;2;;;3;1;2;;;1;2
3;6;16;3;0;;1;1;CV-70;36,83;6;16;2;;;1;1;1;;;1;2
4;1;13;3;3107;;1;1;CV-70;38,6;5;19;2;;;1;1;1;;;1;2
7;7;5;3;3107;;1;1;CV-70;43,1;6;1;2;;;1;6;1;;;2;1
9;5;8;3;3107;;1;1;CV-715;54,875;6;2;1;2;;1;1;1;;;1;1
1;1;19;3;3107;;3;2;No inventariada;;9;2;1;1;;1;4;1;;;18;998
2;3;15;3;3107;;3;2;No inventariada;;9;2;2;;;1;1;1;;;1;998
6;3;11;3;3107;;3;2;No inventariada;;9;10;2;;;1;1;1;;;1;998
6;3;12;3;3107;;3;2;No inventariada;;9;7;2;;;1;1;1;;;18;998
7;2;15;3;3107;;3;2;No inventariada;;14;19;2;;;1;1;1;;;1;998
9;7;13;3;3107;;3;2;No inventariada;;9;10;2;;;1;1;1;;;1;998
11;3;19;3;3107;;3;2;No inventariada;;9;10;2;;;1;4;1;;;1;998
6;3;11;3;3107;;3;2;No inventariada;;9;6;2;;;1;1;1;;;1;998
7;3;11;3;0;;3;2;No inventariada;;9;2;1;1;;1;1;1;;;1;998
1;2;18;3;3111;;3;2;No inventariada;;9;2;1;1;;1;4;1;1;;17;998
1;5;14;3;3111;;3;2;No inventariada;;9;7;1;1;;1;1;1;1;;18;998
1;5;20;3;3111;;3;2;No inventariada;;9;2;1;1;;1;4;1;1;;17;998
1;3;22;3;3111;;1;1;N-340;692,5;6;1;2;;;1;6;1;;;1;2
2;7;11;3;3111;;3;2;No inventariada;;9;16;2;;;1;1;2;1;;1;998
5;1;18;3;3099;;1;1;CV-900;2;6;5;2;;;1;1;1;;;1;1
3;1;22;3;3111;;3;2;No inventariada;;9;19;2;;;1;4;1;1;;1;998
4;1;9;3;3111;;3;2;No inventariada;;9;3;1;1;;1;1;1;1;;1;998
4;3;12;3;3111;;3;2;No inventariada;;9;4;2;;;1;1;1;1;;1;998
4;5;8;3;3111;;3;2;No inventariada;;9;2;1;1;;1;1;1;1;;18;998
5;4;18;3;3111;;3;2;No inventariada;;9;2;1;2;;1;1;1;1;;18;998
5;4;17;3;3111;;3;2;No inventariada;;9;7;2;;;1;1;1;1;;1;998
7;4;13;3;3111;;3;2;No inventariada;;9;3;1;4;;1;1;1;1;;1;998
7;4;18;3;3111;;1;1;CV-919;0,9;6;2;1;4;;1;1;1;;;1;1
8;4;18;3;3111;;1;1;CAM SIERRA;0,2;10;20;1;2;;1;1;1;;;1;1
9;3;11;3;3111;;3;2;No inventariada;;9;3;1;1;;8;1;1;1;;17;998
9;3;3;3;3059;;1;1;N-340;708;6;16;2;;;1;4;1;;;1;2
9;7;17;3;3111;;3;2;No inventariada;;9;2;1;1;;1;1;1;1;;18;998
10;3;17;3;3111;;3;2;No inventariada;;9;4;1;4;;1;1;1;1;;18;998
11;4;6;3;3099;;1;1;N-340;690,321;6;5;2;;;1;6;1;;;1;1
2;2;14;3;0;;1;1;CV-775;28,3;6;16;2;;;1;1;1;;;1;2
3;6;10;3;0;;1;1;CV-778;1;6;17;2;;;1;1;1;;;1;3
3;6;14;3;0;;1;1;CV-782;2;6;19;2;;;1;1;2;;;1;2
4;7;10;3;0;;1;1;CV-775;18,242;6;19;2;;;1;1;2;;;4;2
6;7;9;3;0;;1;1;CV-782;1,05;6;16;2;;;1;1;1;;;4;3
7;6;9;3;0;;1;1;CV-782;7,4;6;19;2;;;1;1;1;;;1;2
2;5;7;3;0;;1;1;CV-91;18;6;2;2;;;1;2;1;;1;1;1
2;6;17;3;3099;;1;1;CV-923;4;6;2;1;2;;1;1;1;;;1;1
3;4;23;3;3113;;1;1;CV-905;2,537;5;16;1;4;;3;4;3;;;1;2
3;1;11;3;3113;;1;1;CV-905;1,013;5;4;1;4;CV-905;1;1;1;;;1;2
5;4;15;3;3113;;1;1;CV-920;12,3;6;19;2;;;1;1;1;;;1;1
6;6;10;3;3113;;1;1;CV-905;1,03;5;17;1;4;CV-905;1;1;1;;;1;2
6;2;12;3;3113;;1;1;CAMINO;2;10;12;2;;;1;1;1;;;1;3
8;3;8;3;3113;;1;1;CV-905;1;5;4;1;4;CV-905;1;1;1;;;1;1
6;2;17;3;3113;;3;2;No inventariada;;9;10;2;;;1;1;1;;;1;998
9;1;18;3;3113;;1;1;CV-895;3,3;6;4;1;2;;1;1;1;;;1;2
9;3;17;3;3113;;1;1;CV-895;1,15;6;2;1;4;;1;1;1;;;1;4
9;5;15;3;3113;;1;1;CV-905;1;5;3;1;4;;1;1;1;;;18;2
10;3;10;3;3113;;1;1;CV-905;1,04;12;6;2;;;1;1;1;;;18;1
11;2;9;3;3113;;1;1;CV-905;1,1;6;2;1;4;CV-905;1;1;1;;;1;2
11;3;19;3;3113;;1;1;CV-905;2,5;6;4;1;4;;1;6;1;;;1;2
11;3;13;3;3113;;3;2;No inventariada;;7;10;2;;;9;1;1;;;1;998
1;4;13;3;0;;3;2;No inventariada;;9;7;2;;;1;1;1;;;1;998
1;2;15;3;0;;1;1;CV-840;14,5;6;18;2;;;1;1;1;;;1;2
2;5;23;3;3089;;1;1;CV-834;3,258;6;19;2;;;1;6;1;;;1;2
7;5;16;3;0;;3;2;No inventariada;;9;7;2;;;1;1;1;;;1;998
7;1;20;3;0;;1;1;CV-834;1,1;6;2;1;4;CV-83;1;1;1;;;1;2
8;7;16;3;0;;1;1;CV-840;11,5;6;16;2;;;1;1;1;;;1;2
9;4;16;3;0;;1;1;CAMINO CAÑ;2;14;14;2;;;3;1;4;;;1;1
11;7;12;3;0;;1;1;CV-840;6,1;6;10;2;;;1;1;1;;;1;1
11;6;13;3;0;;1;1;CV-846;8,023;6;1;1;2;;1;1;1;;;1;1
12;3;18;3;3089;;1;1;CV-834;5,5;5;15;2;;;1;6;1;;;18;4
1;7;12;3;0;;1;1;CV-715;15,223;6;16;2;;;3;1;1;;;12;2
5;2;14;3;0;;3;2;No inventariada;;9;2;1;1;;1;1;2;;;9;998
1;2;13;3;3118;;1;1;N-332;74,15;6;3;2;;;1;1;2;;;1;1
1;2;18;3;3118;;3;2;No inventariada;;9;7;2;;;1;2;1;;;1;998
4;6;23;3;3118;;1;1;CV-859;10;6;19;2;;;1;6;1;;;1;1
7;2;10;3;3118;;1;1;CV-859;6,682;12;7;2;;;1;1;1;;;12;1
7;2;20;3;3118;;1;1;N-332;76,4;5;4;2;;;1;1;1;;;1;2
7;2;17;3;3118;;3;2;No inventariada;;9;2;1;2;;1;1;1;;;9;998
7;2;11;3;3118;;3;2;No inventariada;;9;4;1;2;;1;1;1;;;1;998
7;6;20;3;3118;;1;1;CV-859;10,1;6;10;2;;;1;1;1;1;;1;1
8;5;7;3;3118;;3;2;No inventariada;;9;6;2;;;1;2;1;;;1;998