MES;DIA_SEMANA;HORA;COD_PROVINCIA;COD_MUNICIPIO;ISLA;ZONA;ZONA_AGRUPADA;CARRETERA;KM;TIPO_VIA;TIPO_ACCIDENTE;NUDO;NUDO_INFO;CARRETERA_CRUCE;CONDICION_FIRME;CONDICION_ILUMINACION;CONDICION_METEO;CONDICION_NIEBLA;CONDICION_VIENTO;VISIB_RESTRINGIDA_POR;TRAZADO_PLANTA
7;2;22;3;3118;;3;2;No inventariada;;9;2;1;2;;1;4;1;;;1;998
8;3;21;3;3118;;3;2;No inventariada;;9;7;2;;;1;3;1;;;1;998
8;6;11;3;3118;;3;2;No inventariada;;9;2;1;1;;1;1;1;;;1;998
9;4;21;3;3118;;3;2;No inventariada;;9;2;2;;;1;4;1;;;1;998
10;3;15;3;3118;;1;1;N-332;74,1;6;4;2;;;1;1;1;;;1;1
10;1;13;3;0;;1;1;CV-9032;1,98;6;2;1;2;CV-860;1;1;1;;;1;1
10;2;18;3;3118;;3;2;No inventariada;;9;6;1;2;;1;2;1;;;1;998
11;1;10;3;3118;;1;1;CV-860;2,6;6;3;1;4;;1;1;1;;;1;2
11;7;13;3;3118;;3;2;No inventariada;;9;2;2;;;1;1;1;;;1;998
11;7;15;3;3118;;3;2;No inventariada;;9;2;1;1;;1;1;1;;;1;998
2;5;16;3;3119;;3;2;No inventariada;;9;7;2;;;1;1;1;;;2;998
2;5;11;3;3014;;1;1;A-70;9,336;3;5;2;;;1;1;1;;;1;1
2;7;11;3;3119;;1;1;A-70;6,955;3;4;2;;;1;1;2;;;1;1
2;4;17;3;3119;;3;2;No inventariada;;9;5;2;;;1;3;1;;;6;998
3;2;16;3;3119;;1;1;A-70;7,1;3;4;2;;;1;4;1;;;1;1
4;3;17;3;3119;;3;2;No inventariada;;9;4;1;1;;1;1;1;;;1;998
4;5;14;3;3119;;3;2;No inventariada;;9;3;1;2;;1;1;1;;;9;998
6;7;12;3;3090;;1;1;A-70;6,4;3;4;2;;;1;1;1;;;1;1
7;6;22;3;3119;;3;2;No inventariada;;9;4;1;2;;1;4;7;;;1;998
8;4;14;3;3119;;3;2;No inventariada;;9;4;2;;;1;1;1;;;1;998
7;2;21;3;3119;;3;2;No inventariada;;9;3;2;;;1;4;1;;;1;998
8;7;19;3;3119;;1;1;A-70;6,7;3;4;2;;;1;1;1;;;1;1
8;6;8;3;3090;;1;1;A-70;6,1;3;4;2;;;1;6;1;;;1;1
8;6;15;3;3119;;3;2;No inventariada;;9;3;1;2;;1;1;1;;;2;998
8;5;23;3;3119;;1;1;A-70;8,2;3;3;2;;;1;4;1;;;1;1
9;5;14;3;3090;;1;1;A-70;6,402;8;10;2;;;1;1;1;;;1;2
10;5;9;3;3119;;1;1;CV-821;4,98;10;2;1;4;CV-821;1;1;1;;;1;2
7;3;18;3;3119;;3;2;No inventariada;;14;2;1;1;;1;1;1;;;2;998
11;3;17;3;3119;;3;2;No inventariada;;9;4;2;;;1;1;1;;;1;998
1;1;7;3;3119;;3;2;No inventariada;;9;2;1;2;;1;3;1;;;1;998
1;1;9;3;3119;;3;2;No inventariada;;9;2;1;4;;1;1;1;;;1;998
11;4;20;3;3119;;3;2;No inventariada;;9;3;1;1;;1;4;1;;;2;998
11;4;12;3;3090;;1;1;A-70;5,5;3;9;1;12;;7;1;1;;;1;2
12;2;18;3;3119;;3;2;No inventariada;;9;10;1;2;;8;4;1;;;1;998
12;4;18;3;3119;;3;2;No inventariada;;9;3;1;4;;1;4;1;;;1;998
12;5;8;3;3119;;3;2;No inventariada;;9;2;1;1;;1;4;1;;;1;998
1;5;8;3;3120;;1;1;TIRO PICHO;6,2;10;3;2;;;3;2;2;;;1;2
1;5;16;3;3120;;1;1;CV-941;8,3;6;12;2;;;1;1;1;;;1;2
2;5;14;3;3099;;1;1;CV-941;4,322;6;18;2;;;1;1;1;;;4;2
3;3;0;3;3120;;1;1;CV-95;16;6;18;1;4;;1;6;1;;;1;2
4;4;16;3;3120;;1;1;CV-941;7,036;6;14;2;;;1;1;1;;;1;1
4;2;17;3;3120;;1;1;LAS BALSAS;1;10;18;2;;;1;1;1;;;1;2
5;6;19;3;3120;;3;2;No inventariada;;9;1;2;;;1;1;1;;;1;998
5;6;10;3;3120;;1;1;CV-941;7,8;6;4;2;;;1;1;1;;;1;1
7;1;20;3;3099;;1;1;CV-0306-3;5,2;10;4;2;;;1;1;1;;;1;1
7;1;13;3;3133;;1;1;CV-95;22,5;6;3;1;2;CV-943;1;1;1;;;1;1
8;6;13;3;3120;;1;1;CV-95;17,594;6;4;2;;;1;1;1;;;1;1
9;1;14;3;3099;;1;1;C.PICHON;7;10;3;2;;;1;1;1;;;1;2
9;2;11;3;3099;;1;1;CV-941;3;6;1;2;;;1;1;1;;;1;2
10;5;10;3;3120;;1;1;CV-95;18;6;2;1;2;;1;1;1;;;1;1
12;4;16;3;3120;;1;1;No inventariada;7,5;10;15;2;;;1;1;1;;;1;3
1;6;19;3;3121;;1;1;N-332;88,1;6;2;1;1;;1;4;2;;;1;1
1;1;9;3;3065;;1;1;CV-865;8,721;5;4;1;4;;1;1;1;;;1;2
2;6;10;3;3065;;1;1;CV-851;19,506;6;4;1;4;CV-865;1;1;1;;;1;1
2;4;12;3;3121;;3;2;No inventariada;;9;10;1;2;;1;1;1;;;1;998
2;6;16;3;3121;;3;2;No inventariada;;9;7;1;1;;1;1;1;;;6;998
2;2;17;3;3065;;1;1;N-332;80,233;6;4;2;;;1;1;1;;;1;2
2;5;9;3;3121;;1;1;N-332;93,3;6;4;2;;;1;1;1;;;1;1
2;2;7;3;3121;;3;2;No inventariada;;9;3;1;1;;1;1;1;;;1;998
3;3;12;3;3121;;1;1;N-332;88,092;6;4;1;2;N-332;1;1;1;;;1;2
3;5;11;3;3121;;1;1;N-332;88,1;6;2;1;1;;1;1;1;;;1;1
3;2;11;3;3121;;1;1;CV-865;10,621;5;2;1;4;;1;1;1;;;1;2
3;3;7;3;3121;;1;1;N-332;88,28;6;4;2;;;1;1;1;;;1;1
2;2;20;3;3121;;3;2;No inventariada;;9;4;2;;;1;4;1;;;1;998
3;7;5;3;3121;;3;2;No inventariada;;9;3;1;1;;1;4;1;;;1;998
3;5;9;3;3121;;1;1;CV-865;8,8;6;10;1;4;CV-851;1;1;1;;;1;2
3;5;12;3;3121;;3;2;No inventariada;;9;7;1;2;;1;1;1;;;1;998
3;2;10;3;3121;;3;2;No inventariada;;9;2;1;1;;1;1;1;;;1;998
3;4;11;3;3121;;1;1;N-332;92,5;6;19;1;12;;1;1;1;;;1;1
3;3;12;3;3121;;3;2;No inventariada;;9;7;2;;;1;1;1;;;1;998
3;3;12;3;3121;;3;2;No inventariada;;9;10;1;4;;1;1;1;;;1;998
3;4;22;3;3121;;3;2;No inventariada;;9;2;1;4;;1;4;1;;;1;998
4;6;16;3;3121;;1;1;N-332;86,282;6;2;1;2;;1;1;1;;;1;1
2;3;19;3;3121;;3;2;No inventariada;;9;3;2;;;1;4;1;;;1;998
4;1;8;3;3121;;1;1;N-332;91,5;6;4;2;;;1;1;1;;;1;1
4;2;10;3;3121;;3;2;No inventariada;;9;7;1;1;;1;1;1;;;1;998
3;4;18;3;3121;;3;2;No inventariada;;9;7;2;;;1;1;1;;;1;998
4;1;7;3;3121;;1;1;N-332;86,2;6;3;1;2;;1;1;1;;;1;1
4;1;21;3;3121;;1;1;N-332;88,1;6;2;1;2;;1;4;2;;;1;3
2;4;18;3;3121;;3;2;No inventariada;;9;10;2;;;1;1;1;;;1;998
3;4;14;3;3121;;3;2;No inventariada;;9;4;2;;;1;1;1;;;1;998
3;7;15;3;3121;;3;2;No inventariada;;9;7;1;2;;1;1;1;;;1;998
4;3;19;3;3121;;1;1;CV-865;11,8;5;2;1;4;N-332;1;1;1;;;1;2
3;7;23;3;3121;;3;2;No inventariada;;9;10;1;1;;1;4;1;;;1;998
2;7;14;3;3121;;3;2;No inventariada;;9;3;1;1;;1;1;1;;;1;998
2;2;12;3;3121;;3;2;No inventariada;;9;10;2;;;1;1;7;;;1;998
4;4;8;3;3121;;3;2;No inventariada;;14;2;1;4;;1;1;1;;;6;998
4;2;11;3;3121;;3;2;No inventariada;;9;10;1;1;;1;1;1;;;1;998
4;5;8;3;3121;;3;2;No inventariada;;9;7;2;;;1;1;1;;;1;998
4;6;15;3;3121;;3;2;No inventariada;;9;3;1;1;;1;1;1;;;1;998
5;2;17;3;3121;;3;2;No inventariada;;9;2;1;1;;1;1;1;;;1;998
5;5;13;3;3121;;3;2;No inventariada;;9;3;1;4;;1;1;1;;;1;998
6;2;19;3;3121;;1;1;N-332;88,075;5;1;1;2;;1;1;1;;;1;2
6;7;12;3;3121;;1;1;N-332;88,25;6;5;2;;;1;1;1;;;1;1
6;3;18;3;3121;;1;1;N-332;88,1;6;2;1;2;;3;1;3;;;1;2
5;5;15;3;3121;;3;2;No inventariada;;9;10;2;;;1;1;1;;;1;998
6;5;23;3;3121;;1;1;N-332;88;5;4;2;;;1;6;1;;;1;1
6;5;10;3;3121;;3;2;No inventariada;;9;7;2;;;1;1;1;;;1;998
7;5;0;3;3121;;3;2;No inventariada;;14;12;2;;;1;6;1;;;1;998
6;7;13;3;3121;;3;2;No inventariada;;9;2;1;1;;1;1;1;;;1;998
7;3;13;3;3121;;3;2;No inventariada;;11;10;2;;;1;1;1;1;;1;998
7;4;9;3;3121;;3;2;No inventariada;;9;10;1;2;;1;1;1;;;1;998
7;3;8;3;3121;;3;2;No inventariada;;9;10;2;;;3;1;1;;;1;998
7;1;10;3;3121;;3;2;No inventariada;;9;7;2;;;1;1;1;;;1;998
7;1;13;3;3121;;3;2;No inventariada;;9;7;2;;;1;1;1;;;1;998
7;1;20;3;3121;;3;2;No inventariada;;9;12;2;;;1;1;1;;;1;998
7;5;20;3;3121;;3;2;No inventariada;;9;4;2;;;1;1;1;;;1;998
6;2;21;3;3121;;3;2;No inventariada;;9;10;1;1;;1;4;1;;;1;998
7;4;0;3;3121;;3;2;No inventariada;;9;3;1;4;;1;4;1;;;1;998
7;1;0;3;3121;;3;2;No inventariada;;9;10;2;;;3;4;1;;;1;998
6;2;12;3;3121;;3;2;No inventariada;;9;10;1;1;;3;1;4;;;1;998
7;1;12;3;3121;;3;2;No inventariada;;9;4;2;;;1;1;1;;;1;998
8;6;19;3;3121;;1;1;N-332;90,092;6;4;2;;;1;1;1;;;1;1
8;5;15;3;3121;;3;2;No inventariada;;9;2;1;6;;1;1;1;;;1;998
9;2;21;3;3121;;1;1;C CARAVASI;2;10;10;2;;;2;6;1;;;17;3
9;3;10;3;3121;;1;1;N-332;91,254;6;2;2;;;3;1;3;;;1;1
8;6;15;3;3121;;3;2;No inventariada;;9;10;2;;;1;1;1;;;1;998
9;6;15;3;3121;;3;2;No inventariada;;9;10;1;1;;1;1;1;;;1;998
9;1;7;3;3121;;1;1;N-332;92,616;6;4;2;;;1;1;1;;;1;1
8;5;22;3;3121;;3;2;No inventariada;;9;7;1;4;;1;4;1;;;18;998
4;4;22;3;3121;;3;2;No inventariada;;9;2;1;4;;1;4;1;;;1;998
5;5;21;3;3121;;3;2;No inventariada;;9;4;1;3;;1;4;1;;;1;998
6;5;18;3;3121;;3;2;No inventariada;;9;10;1;4;;7;1;1;;;1;998
6;5;13;3;3121;;3;2;No inventariada;;9;4;2;;;1;1;1;;;1;998
6;5;22;3;3121;;3;2;No inventariada;;9;20;1;1;;1;4;1;;;1;998
6;7;1;3;3121;;3;2;No inventariada;;9;3;1;1;;1;4;1;;;1;998
5;7;20;3;3121;;3;2;No inventariada;;9;4;2;;;1;1;1;;;1;998
10;5;6;3;3121;;1;1;No inventariada;1;11;19;2;;;1;4;1;;;1;1
10;3;19;3;3121;;3;2;No inventariada;;9;7;2;;;1;2;1;;;1;998
9;5;15;3;3121;;3;2;No inventariada;;9;10;2;;;1;1;1;;;1;998
10;3;8;3;3121;;1;1;N-332;92,133;6;5;2;;;1;1;1;;;1;1
6;7;21;3;3121;;3;2;No inventariada;;9;20;2;;;1;1;1;;;18;998
10;2;15;3;3121;;3;2;No inventariada;;9;10;2;;;1;1;1;;;1;998
7;6;12;3;3121;;3;2;No inventariada;;9;10;1;1;;1;1;1;;;1;998
10;4;18;3;3121;;1;1;N-332;91,506;6;6;2;;;8;1;1;;1;1;1
10;5;18;3;3121;;3;2;No inventariada;;9;10;2;;;1;1;1;;;1;998
10;5;19;3;3121;;3;2;No inventariada;;9;10;1;2;;1;4;1;;;1;998
5;4;20;3;3121;;3;2;No inventariada;;9;10;2;;;1;2;1;;;1;998
6;6;12;3;3121;;3;2;No inventariada;;9;2;1;2;;1;1;1;;;1;998
11;1;10;3;3121;;1;1;N-332;88;6;4;2;;;1;1;1;;;1;1
8;6;10;3;3121;;3;2;No inventariada;;9;7;1;4;;1;1;1;;;1;998
7;7;1;3;3121;;3;2;No inventariada;;9;3;1;2;;1;4;1;;;1;998
7;6;10;3;3121;;3;2;No inventariada;;9;1;1;2;;1;1;1;;;1;998
8;7;14;3;3121;;3;2;No inventariada;;9;3;2;;;1;1;1;;;1;998
11;6;11;3;3121;;1;1;CV-865;11;5;2;1;2;;1;1;1;;;1;1
10;1;22;3;3121;;3;2;No inventariada;;9;2;1;1;;1;4;1;;;1;998
11;7;19;3;3121;;1;1;N-332;88,086;6;2;1;10;;1;6;1;;;1;1
7;7;23;3;3121;;3;2;No inventariada;;9;10;2;;;3;4;1;;;1;998
9;7;4;3;3121;;3;2;No inventariada;;9;2;1;2;;1;4;1;;;1;998
10;1;14;3;3121;;3;2;No inventariada;;9;2;1;1;;1;1;1;;;1;998
11;2;8;3;3121;;3;2;No inventariada;;9;2;1;2;;1;1;1;;;1;998
11;2;16;3;3121;;3;2;No inventariada;;9;2;2;;;1;1;1;;;1;998
7;4;23;3;3121;;3;2;No inventariada;;9;7;2;;;1;4;1;;;1;998
11;2;19;3;3121;;3;2;No inventariada;;9;12;1;2;;3;4;3;;;1;998
11;4;21;3;3121;;3;2;No inventariada;;9;3;1;4;;1;4;1;;;1;998
9;7;19;3;3121;;3;2;No inventariada;;9;10;1;4;;1;1;1;;;1;998
8;2;14;3;3121;;3;2;No inventariada;;9;10;2;;;1;1;1;;;1;998
7;6;19;3;3121;;3;2;No inventariada;;14;19;2;;;1;1;1;;;1;998
11;2;14;3;3121;;3;2;No inventariada;;9;4;2;;;1;1;1;;;1;998
10;2;21;3;3121;;3;2;No inventariada;;9;4;2;;;1;4;1;;;1;998
11;5;13;3;3121;;1;1;N-332;86,2;6;4;2;;;1;1;1;;;1;1
11;5;13;3;3121;;3;2;No inventariada;;9;7;1;2;;1;1;1;;;9;998
11;3;7;3;3121;;1;1;N-332;81,4;6;1;2;;;1;6;1;;;1;1
11;4;0;3;3121;;3;2;No inventariada;;9;12;2;;;1;4;1;;;1;998
10;5;12;3;3121;;3;2;No inventariada;;9;10;2;;;1;1;1;;;1;998
6;6;9;3;3121;;3;2;No inventariada;;9;10;1;12;;8;1;1;;;1;998
11;6;9;3;3121;;3;2;No inventariada;;9;3;1;4;;1;1;1;;;6;998
12;3;18;3;3121;;3;2;No inventariada;;9;2;1;4;;3;4;2;;;1;998
12;3;13;3;3121;;3;2;No inventariada;;9;4;2;;;3;1;2;;;1;998
12;5;7;3;3121;;1;1;N-332;85,25;6;2;1;1;;1;6;1;;;1;1
12;6;19;3;3121;;1;1;N-332;90,171;5;5;2;;;1;6;1;;;1;1
1;5;10;3;3122;;1;1;A-77a;0,837;3;3;1;4;CV-821;1;1;1;;;1;2
1;5;7;3;3122;;3;2;No inventariada;;9;2;1;1;;3;3;1;;;1;998
1;1;9;3;3122;;3;2;No inventariada;;9;2;1;1;;1;1;1;;;1;998
1;4;17;3;3014;;1;1;A-77a;0,01;3;4;1;4;A-70;1;1;1;;;1;2
1;6;9;3;3122;;1;1;A-77;6,638;3;14;2;;;1;1;1;;;1;2
1;3;10;3;3122;;3;2;No inventariada;;9;10;1;4;;3;1;7;;;18;998
2;4;12;3;3122;;3;2;No inventariada;;9;4;2;;;1;1;1;;;18;998
2;6;23;3;3014;;1;1;A-77a;0,001;3;4;1;4;A-70;1;4;1;;;1;2
2;7;6;3;3122;;3;2;No inventariada;;9;1;2;;;1;4;1;;;18;998
2;4;11;3;3122;;3;2;No inventariada;;9;7;1;1;;1;1;1;;1;4;998
2;2;9;3;3122;;3;2;No inventariada;;9;2;1;1;;1;1;1;;;18;998
2;5;8;3;3122;;3;2;No inventariada;;9;4;1;4;;1;1;1;;;1;998
2;5;12;3;3122;;3;2;No inventariada;;9;4;1;4;;1;1;1;;;1;998
2;2;7;3;3122;;3;2;No inventariada;;9;7;1;4;;1;3;1;;;1;998
3;4;8;3;3122;;3;2;No inventariada;;9;2;1;2;;1;2;1;;;6;998
3;1;11;3;3083;;1;1;CV-780;6,5;6;16;2;;;3;1;2;;;12;3
5;3;0;3;3122;;1;1;A-77;4,5;3;16;2;;;1;6;1;;;1;1
5;5;19;3;3014;;1;1;A-77a;0,1;5;2;1;4;A-70;1;1;1;;;1;2
6;6;19;3;3122;;3;2;No inventariada;;9;20;2;;;1;1;1;;;18;998
6;4;15;3;3122;;3;2;No inventariada;;9;10;1;1;;1;1;1;;;1;998
6;6;11;3;3122;;3;2;No inventariada;;9;2;1;1;;1;1;1;;;18;998
6;3;21;3;3122;;3;2;No inventariada;;9;7;2;;;1;3;1;;;1;998
4;1;9;3;3122;;3;2;No inventariada;;9;10;1;2;;1;1;3;;;1;998
7;3;12;3;3122;;3;2;No inventariada;;9;2;2;;;1;1;1;;;1;998
6;5;11;3;3122;;3;2;No inventariada;;9;2;1;1;;1;1;1;;;4;998
6;5;23;3;3122;;3;2;No inventariada;;9;1;1;1;;1;4;1;;;9;998
7;2;9;3;3122;;3;2;No inventariada;;9;5;2;;;1;1;1;;;18;998
6;6;0;3;3122;;3;2;No inventariada;;9;20;1;2;;1;4;1;;;1;998
7;5;9;3;3122;;3;2;No inventariada;;9;10;2;;;1;1;1;;;18;998
7;7;13;3;3122;;3;2;No inventariada;;9;10;1;1;;1;1;1;;;1;998
1;1;18;3;3122;;3;2;No inventariada;;9;7;1;1;;1;4;1;;;2;998
1;6;21;3;3122;;3;2;No inventariada;;9;20;1;4;;1;4;1;;;4;998
1;2;14;3;3122;;3;2;No inventariada;;9;3;2;;;1;1;1;;;18;998
6;6;14;3;3122;;3;2;No inventariada;;9;2;1;1;;1;1;1;;;18;998
1;5;23;3;3122;;3;2;No inventariada;;9;4;1;1;;1;4;1;;;2;998
1;7;18;3;3122;;3;2;No inventariada;;9;6;1;1;;1;4;1;;;2;998
4;5;15;3;3122;;3;2;No inventariada;;9;2;1;1;;1;1;1;;;1;998
4;3;19;3;3122;;3;2;No inventariada;;9;20;1;1;;1;1;1;;;18;998
4;5;19;3;3122;;3;2;No inventariada;;9;2;2;;;1;1;1;;;18;998
4;6;21;3;3122;;3;2;No inventariada;;9;20;2;;;1;1;1;;;18;998
4;1;7;3;3122;;3;2;No inventariada;;9;3;2;;;1;1;1;;;18;998
4;2;15;3;3122;;3;2;No inventariada;;9;6;2;;;1;1;1;;;18;998
5;3;22;3;3122;;3;2;No inventariada;;9;20;2;;;1;1;1;;;18;998
1;2;1;3;3122;;3;2;No inventariada;;9;20;2;;;1;1;1;;;18;998
1;2;16;3;3122;;3;2;No inventariada;;9;20;2;;;1;1;1;;;18;998
2;6;20;3;3122;;3;2;No inventariada;;9;10;2;;;1;1;1;;;18;998
2;1;15;3;3122;;3;2;No inventariada;;9;20;2;;;1;1;1;;;18;998
2;1;19;3;3122;;3;2;No inventariada;;9;20;2;;;1;1;1;;;18;998
5;6;17;3;3122;;3;2;No inventariada;;9;3;2;;;1;1;1;;;18;998
5;2;21;3;3122;;3;2;No inventariada;;9;2;1;2;;1;1;1;;1;1;998
5;5;14;3;3122;;3;2;No inventariada;;9;4;2;;;1;1;1;;;18;998
5;6;22;3;3122;;3;2;No inventariada;;9;20;2;;;1;1;1;;;18;998
5;7;18;3;3122;;3;2;No inventariada;;9;20;2;;;1;1;1;;;18;998
5;1;22;3;3122;;3;2;No inventariada;;9;20;2;;;1;1;1;;;18;998
5;5;13;3;3122;;3;2;No inventariada;;9;20;2;;;1;1;1;;;18;998
5;7;18;3;3122;;3;2;No inventariada;;9;20;2;;;1;1;1;;;18;998
5;2;7;3;3122;;3;2;No inventariada;;9;7;2;;;1;1;1;;;18;998
5;2;12;3;3122;;3;2;No inventariada;;9;20;2;;;1;1;1;;;18;998
5;4;16;3;3122;;3;2;No inventariada;;9;20;2;;;1;5;1;;;18;998
6;5;12;3;3122;;3;2;No inventariada;;9;4;1;1;;1;1;7;;;18;998
6;4;22;3;3122;;3;2;No inventariada;;9;20;2;;;1;4;1;;;18;998
6;5;20;3;3122;;3;2;No inventariada;;9;4;2;;;1;1;1;;;1;998
7;2;9;3;3122;;3;2;No inventariada;;9;2;1;1;;1;1;1;;;4;998
7;7;5;3;3122;;3;2;No inventariada;;9;6;1;7;;1;4;1;;;1;998
8;6;14;3;3122;;3;2;No inventariada;;9;10;2;;;1;1;1;;;18;998
9;2;12;3;3014;;1;1;CV-824;0,5;6;2;1;2;;1;1;1;;;1;3
9;7;9;3;3122;;1;1;A-77a;0,856;6;2;1;4;CV-821;1;1;1;;;1;2
9;3;22;3;3122;;1;1;A-77a;0,8;3;3;1;4;;1;4;1;;;1;2
10;7;0;3;3122;;1;1;A-77a;0,8;5;14;1;4;CV-821;1;4;1;;;1;1
9;1;13;3;3122;;3;2;No inventariada;;9;7;1;1;;1;1;1;;;1;998
9;1;9;3;3122;;3;2;No inventariada;;9;6;2;;;1;1;1;;;18;998
8;2;9;3;3122;;3;2;No inventariada;;9;1;1;1;;1;1;1;;;9;998
11;2;14;3;3122;;3;2;No inventariada;;9;2;1;1;;1;1;1;;;3;998
10;1;13;3;3122;;3;2;No inventariada;;9;1;1;2;;1;1;1;;;1;998
10;3;18;3;3122;;3;2;No inventariada;;9;3;1;4;;1;1;1;;1;1;998
11;4;17;3;3122;;3;2;No inventariada;;9;1;1;2;;1;2;1;;;1;998
11;6;10;3;3122;;3;2;No inventariada;;9;5;2;;;1;1;1;;;1;998
11;2;9;3;3122;;3;2;No inventariada;;9;2;1;1;;1;1;1;;;1;998
11;2;7;3;3122;;3;2;No inventariada;;9;2;2;;;1;1;1;;;1;998
9;4;9;3;3122;;3;2;No inventariada;;9;2;1;1;;1;1;1;;;18;998
9;3;13;3;3122;;3;2;No inventariada;;9;2;2;;;1;1;1;;;1;998
11;4;13;3;3122;;3;2;No inventariada;;9;2;1;1;;1;1;1;;;18;998
9;4;9;3;3122;;3;2;No inventariada;;9;2;1;1;;1;1;1;;;1;998
9;4;13;3;3122;;3;2;No inventariada;;9;4;2;;;1;1;1;;;1;998
11;2;11;3;3122;;3;2;No inventariada;;9;2;1;1;;1;1;1;;;1;998
10;6;13;3;3122;;3;2;No inventariada;;9;3;2;;;1;1;1;;;1;998
6;4;8;3;3122;;3;2;No inventariada;;9;7;1;4;;1;1;1;;;1;998
10;4;22;3;3122;;3;2;No inventariada;;9;2;1;4;;1;4;1;;;1;998
11;2;18;3;3122;;3;2;No inventariada;;9;2;1;4;;1;3;1;;1;1;998
11;2;19;3;3122;;3;2;No inventariada;;9;7;1;1;;1;4;1;;;1;998
11;6;12;3;3122;;3;2;No inventariada;;9;2;1;2;;1;1;1;;;1;998
12;1;8;3;3122;;3;2;No inventariada;;9;2;1;4;;1;1;5;;1;1;998
11;1;18;3;3122;;3;2;No inventariada;;9;4;1;4;;1;2;1;;;1;998
11;6;8;3;3122;;3;2;No inventariada;;9;10;2;;;1;1;1;;;1;998
12;4;13;3;3122;;3;2;No inventariada;;9;10;1;4;;1;1;1;;;1;998
8;4;14;3;3122;;3;2;No inventariada;;9;7;2;;;1;1;1;;;1;998
12;3;10;3;3122;;3;2;No inventariada;;9;2;1;1;;1;1;1;;;1;998
12;3;14;3;3122;;3;2;No inventariada;;9;7;2;;;1;1;1;;;1;998
10;4;12;3;3122;;3;2;No inventariada;;9;2;1;1;;1;1;1;;;1;998
12;6;14;3;3122;;3;2;No inventariada;;9;2;1;4;;1;1;1;;;1;998
12;4;21;3;3122;;3;2;No inventariada;;9;2;1;1;;1;4;1;;;1;998
2;5;18;3;3123;;1;1;A-31;195,6;3;12;2;;;3;1;3;;;5;3
5;6;16;3;3123;;1;1;CV-8295;0,5;10;2;1;4;A-31;1;1;1;;;1;2
5;5;3;3;3123;;1;1;A-31;191,5;3;3;2;;;1;6;1;;;1;1
5;1;19;3;3123;;1;1;A-31;195,05;3;16;2;;;1;1;1;;;1;1
5;5;5;3;3123;;1;1;A-31;197,663;3;16;2;;;1;2;1;;;1;2
7;6;9;3;3123;;1;1;CV-80;1,263;3;17;2;;;1;1;1;;;1;1
9;1;6;3;3123;;1;1;A-31;193,718;3;4;1;12;CV-80;3;6;2;;;1;1
10;6;10;3;3123;;1;1;CV-833;5,28;6;8;2;;;1;1;1;;;1;1
10;2;14;3;3123;;1;1;A-31;195,552;3;3;2;;;3;1;3;;;1;2
1;4;14;3;3123;;3;2;No inventariada;;9;2;1;1;;1;1;1;;;1;998
4;3;18;3;3123;;3;2;No inventariada;;9;7;2;;;1;1;1;;;1;998
4;2;15;3;3123;;3;2;No inventariada;;9;3;1;1;;1;1;1;;;1;998
6;1;17;3;3123;;3;2;No inventariada;;9;2;1;1;;1;1;1;;;1;998
6;6;14;3;3123;;3;2;No inventariada;;9;7;2;;;1;1;1;;;1;998
6;2;19;3;3123;;3;2;No inventariada;;9;7;2;;;1;1;1;;;1;998
6;4;8;3;3123;;3;2;No inventariada;;9;7;1;4;;1;1;1;;;1;998
7;5;17;3;3123;;3;2;No inventariada;;9;4;1;4;;1;1;1;;;6;998
8;5;8;3;3123;;3;2;No inventariada;;9;7;2;;;1;1;1;;;1;998
7;3;14;3;3123;;3;2;No inventariada;;9;2;1;1;;1;1;1;;;1;998
8;1;11;3;3123;;3;2;No inventariada;;9;7;2;;;1;1;1;;;1;998
12;4;15;3;3123;;3;2;No inventariada;;9;2;1;4;;1;1;1;;;1;998
12;2;18;3;3123;;1;1;A-31;195,792;3;4;2;;;3;6;3;;;1;1
5;3;13;3;0;;1;1;CV-770;13,3;6;13;2;;;1;1;1;;;1;2
1;2;18;3;0;;1;1;AP-7;621,5;2;5;2;;;1;6;1;;;1;1
2;5;11;3;3128;;1;1;CV-740;2,3;6;3;2;;;1;1;1;;;1;2
3;3;7;3;3128;;1;1;CV-741;2;6;2;1;1;;1;1;1;;;1;1
4;3;9;3;3128;;1;1;CV-741;0,75;6;2;1;2;;1;6;1;;;1;1
6;4;11;3;3128;;1;1;CV-740;1,9;6;1;2;;;1;1;1;;;1;2
6;7;1;3;3128;;1;1;CV-741;3,03;6;3;2;;;1;6;1;;;1;1
7;4;16;3;3128;;1;1;CV-746;8,3;6;2;2;;;1;1;1;;;1;1
8;4;18;3;3128;;1;1;CV-741;3,254;6;2;2;;;1;1;1;;;1;1
1;5;11;3;3128;;3;2;No inventariada;;14;20;1;2;;1;1;1;;;1;998
1;7;22;3;3128;;3;2;No inventariada;;9;16;2;;;1;6;1;;;18;998
3;4;13;3;3128;;3;2;No inventariada;;9;3;1;4;;1;1;1;;;1;998
3;5;9;3;3128;;3;2;No inventariada;;9;18;2;;;1;1;1;;;6;998
3;5;22;3;3128;;3;2;No inventariada;;9;8;2;;;1;4;1;;;1;998
4;6;16;3;3128;;3;2;No inventariada;;9;1;1;2;;1;1;1;;;1;998
10;4;9;3;3128;;1;1;CV-740;1,8;6;3;2;;;1;1;1;;;1;2
10;2;17;3;3128;;1;1;CV-743;2,3;6;18;2;;;1;1;1;;;1;2
12;4;12;3;3128;;1;1;CV-746;8;6;10;2;;;1;1;1;;;1;1
2;1;9;3;0;;1;1;A-7;480;3;4;2;;;1;1;1;;;1;1
4;7;12;3;0;;1;1;CV-815;3;14;10;2;;;3;1;3;;;18;3
7;2;10;3;3083;;1;1;CV-810;4,162;6;19;2;;;1;1;1;;;1;1
7;5;15;3;0;;1;1;CV-798;6,5;6;8;2;;;1;1;1;;;1;1
7;7;12;3;0;;1;1;CV-798;9,884;6;3;1;1;1;1;1;1;;;1;1