MES;DIA_SEMANA;HORA;COD_PROVINCIA;COD_MUNICIPIO;ISLA;ZONA;ZONA_AGRUPADA;CARRETERA;KM;TIPO_VIA;TIPO_ACCIDENTE;NUDO;NUDO_INFO;CARRETERA_CRUCE;CONDICION_FIRME;CONDICION_ILUMINACION;CONDICION_METEO;CONDICION_NIEBLA;CONDICION_VIENTO;VISIB_RESTRINGIDA_POR;TRAZADO_PLANTA
11;6;9;3;0;;1;1;A-7;479;6;4;1;2;;1;1;1;;;1;1
3;7;10;3;0;;1;1;CV-782;10,6;6;19;2;;;1;1;1;;;1;2
8;1;11;3;0;;1;1;CV-780;10,5;6;19;2;;;1;1;1;;;1;2
9;6;11;3;0;;1;1;CV-780;16,221;6;18;2;;;1;1;2;;;1;1
12;4;16;3;0;;1;1;CV-780;12,35;6;18;2;;;1;1;1;;;1;3
12;2;10;3;0;;1;1;CV-780;12,8;6;19;2;;;1;1;1;;;1;3
1;3;17;3;3133;;1;1;N-332;54,489;6;5;1;10;CV-95;1;1;1;;;1;1
1;1;13;3;3133;;1;1;N-332;56,447;6;4;2;;;1;1;2;;;1;1
2;1;22;3;3133;;1;1;N-332;53;6;2;1;4;;1;4;1;;;1;2
2;5;19;3;3133;;1;1;N-332;56,106;5;4;2;;;1;4;1;;;1;1
2;2;17;3;3133;;1;1;N-332;57,744;6;2;2;;;1;1;1;;1;1;1
3;1;8;3;3133;;1;1;CV-905;6,5;6;2;1;4;;1;1;1;;;1;2
3;1;16;3;3133;;1;1;N-332;52,874;7;12;1;4;;1;1;1;;;1;1
3;6;23;3;3133;;1;1;CV-905;5,2;6;7;2;;;1;6;1;;;1;1
3;1;11;3;3133;;3;2;No inventariada;;9;2;1;1;;1;1;1;;;1;998
3;7;15;3;3133;;3;2;No inventariada;;9;2;2;;;1;1;1;;;1;998
2;6;1;3;3133;;3;2;No inventariada;;9;2;1;1;;1;4;1;;;1;998
2;6;13;3;3133;;3;2;No inventariada;;9;2;1;1;;1;1;1;;;1;998
2;3;9;3;3133;;3;2;No inventariada;;9;7;1;1;;1;1;1;;;1;998
2;2;23;3;3133;;3;2;No inventariada;;9;3;1;4;;1;3;1;;;1;998
3;3;15;3;3133;;3;2;No inventariada;;9;2;1;1;;1;1;1;;;1;998
3;1;16;3;3133;;3;2;No inventariada;;9;3;1;1;;1;1;1;;;1;998
3;1;13;3;3133;;3;2;No inventariada;;9;3;1;4;;1;1;1;;;1;998
3;1;15;3;3133;;1;1;CV-905;9,6;6;7;1;4;;1;1;1;;;1;1
3;3;16;3;3133;;3;2;No inventariada;;9;2;1;1;;1;1;1;;;1;998
3;6;10;3;3133;;3;2;No inventariada;;9;2;1;1;;1;1;1;;;1;998
3;4;13;3;3133;;3;2;No inventariada;;9;3;1;4;;1;1;1;;;1;998
2;4;13;3;3133;;3;2;No inventariada;;9;2;2;;;1;1;1;;;1;998
2;5;9;3;3133;;3;2;No inventariada;;9;2;1;1;;1;1;1;;;1;998
2;5;12;3;3133;;3;2;No inventariada;;9;2;1;1;;1;1;1;;;1;998
2;1;19;3;3133;;3;2;No inventariada;;9;1;1;4;;1;3;1;;;1;998
4;5;10;3;3099;;1;1;N-332;52,025;5;5;2;;;1;1;1;;;1;1
1;2;14;3;3133;;3;2;No inventariada;;9;9;2;;;1;1;1;;;1;998
4;4;8;3;3133;;1;1;N-332;53,2;6;3;1;11;;1;1;1;;;1;1
2;1;15;3;3133;;3;2;No inventariada;;9;2;1;1;;1;1;1;;;1;998
3;2;18;3;3133;;3;2;No inventariada;;9;2;1;1;;1;1;1;;;1;998
3;4;8;3;3133;;3;2;No inventariada;;9;4;2;;;1;1;1;;;1;998
4;6;18;3;3133;;3;2;No inventariada;;9;4;2;;;1;1;1;;;1;998
5;5;9;3;3133;;1;1;N-332;52,771;6;4;1;4;;1;1;1;;;1;1
3;7;18;3;3133;;3;2;No inventariada;;9;2;1;1;;1;1;1;;;1;998
3;2;7;3;3133;;3;2;No inventariada;;9;2;2;;;1;1;1;;;1;998
3;5;13;3;3133;;3;2;No inventariada;;9;2;1;1;;1;1;1;;;1;998
3;2;9;3;3133;;3;2;No inventariada;;9;3;1;4;;1;1;1;;;1;998
3;5;15;3;3133;;3;2;No inventariada;;9;2;1;1;;1;1;1;;;1;998
3;2;5;3;3133;;3;2;No inventariada;;9;2;1;1;;1;4;1;;;1;998
5;5;9;3;3133;;1;1;N-332;59,957;6;10;2;;;1;1;1;;;1;1
5;1;8;3;3133;;1;1;N-332;56,2;5;4;2;;;1;1;1;;;1;1
5;5;13;3;3133;;1;1;N-332;54;6;4;2;;;1;1;1;;;1;1
5;2;10;3;3133;;1;1;N-332;56,9;6;4;2;;;1;1;1;;;1;1
5;6;20;3;3133;;1;1;CV-95;23;6;2;2;;;1;1;1;;;1;1
3;4;15;3;3133;;3;2;No inventariada;;9;3;2;;;1;1;1;;;1;998
3;5;15;3;3133;;3;2;No inventariada;;9;7;2;;;1;1;1;;;1;998
4;1;17;3;3133;;3;2;No inventariada;;9;2;1;3;;1;1;1;;;1;998
4;5;14;3;3133;;3;2;No inventariada;;14;2;2;;;1;1;7;;;1;998
4;3;9;3;3133;;3;2;No inventariada;;9;2;1;1;;1;1;1;;;1;998
4;1;22;3;3133;;3;2;No inventariada;;9;2;1;1;;1;4;1;;;1;998
4;4;13;3;3133;;3;2;No inventariada;;9;2;1;4;;1;1;1;;;1;998
4;2;11;3;3133;;3;2;No inventariada;;9;2;1;1;;1;1;1;;;1;998
4;5;18;3;3133;;3;2;No inventariada;;9;20;2;;;1;1;1;;;1;998
4;3;15;3;3133;;3;2;No inventariada;;9;2;1;1;;1;1;1;;;1;998
4;1;17;3;3133;;3;2;No inventariada;;9;2;1;1;;1;1;1;;;1;998
4;6;16;3;3133;;3;2;No inventariada;;9;2;1;2;;1;1;1;;;1;998
5;6;12;3;3133;;3;2;No inventariada;;9;7;1;1;;1;1;1;;;1;998
5;4;16;3;3133;;3;2;No inventariada;;9;7;2;;;1;1;1;;;1;998
5;7;16;3;3133;;3;2;No inventariada;;9;7;2;;;1;1;1;;;1;998
5;1;7;3;3133;;3;2;No inventariada;;9;2;1;1;;1;1;1;;;1;998
5;3;9;3;3133;;3;2;No inventariada;;9;2;1;4;;1;1;1;;;1;998
5;4;20;3;3133;;3;2;No inventariada;;9;4;2;;;1;1;1;;;1;998
4;7;1;3;3133;;3;2;No inventariada;;9;2;1;1;;1;4;1;;;1;998
6;1;9;3;3133;;1;1;CV-905;4,8;5;10;1;4;CV-945;1;1;1;;;1;3
6;2;11;3;3133;;3;2;No inventariada;;9;3;1;2;;1;1;1;;;1;998
6;2;17;3;3133;;1;1;CV-905;7,727;5;2;1;1;;1;1;1;;;1;1
6;7;13;3;3076;;1;1;N-332;73,112;6;4;2;;;1;1;1;;;1;1
6;5;13;3;3133;;3;2;No inventariada;;9;4;2;;;1;1;1;;;1;998
6;2;9;3;3133;;3;2;No inventariada;;9;10;2;;;1;1;1;;;1;998
5;2;15;3;3133;;3;2;No inventariada;;9;2;1;1;;1;1;1;;;1;998
6;6;20;3;3133;;3;2;No inventariada;;9;2;1;1;;1;1;1;;;1;998
6;7;9;3;3133;;3;2;No inventariada;;9;3;1;4;;1;1;1;;;1;998
4;3;9;3;3133;;3;2;No inventariada;;9;7;1;1;;1;1;1;;;1;998
4;4;12;3;3133;;3;2;No inventariada;;9;7;1;1;;1;1;1;;;1;998
4;1;19;3;3133;;3;2;No inventariada;;9;7;2;;;1;1;1;;;1;998
5;1;16;3;3133;;3;2;No inventariada;;9;2;1;4;;1;1;1;;;1;998
7;7;11;3;3133;;1;1;N-332;52,774;6;3;1;4;;1;1;1;;;1;1
5;4;19;3;3133;;3;2;No inventariada;;9;2;1;1;;1;1;1;;;1;998
5;7;21;3;3133;;3;2;No inventariada;;9;2;1;1;;1;3;1;;;1;998
7;1;15;3;3133;;1;1;N-332;52,791;5;4;1;4;;1;1;1;;;1;1
6;6;9;3;3133;;3;2;No inventariada;;9;3;1;4;;1;1;1;;;1;998
7;2;18;3;3133;;3;2;No inventariada;;9;2;1;1;;1;1;1;;;1;998
7;5;11;3;3133;;1;1;N-332;52,8;5;2;1;4;;9;1;7;;;18;3
4;3;19;3;3133;;3;2;No inventariada;;9;10;2;;;1;1;1;;;1;998
7;1;16;3;3133;;3;2;No inventariada;;9;2;1;1;;1;1;1;;;1;998
6;7;5;3;3133;;3;2;No inventariada;;9;4;2;;;1;4;1;;;1;998
8;4;10;3;3133;;3;2;No inventariada;;9;2;1;4;;1;1;1;;;1;998
7;6;21;3;3133;;3;2;No inventariada;;9;20;1;2;;1;1;1;;;1;998
7;6;18;3;3133;;3;2;No inventariada;;9;10;2;;;1;1;1;;;1;998
7;7;18;3;3133;;3;2;No inventariada;;9;2;1;1;;1;1;1;;;1;998
8;5;12;3;3133;;3;2;No inventariada;;9;4;2;;;1;1;1;;;1;998
4;6;4;3;3133;;3;2;No inventariada;;9;2;1;1;;1;4;1;;;1;998
8;3;19;3;3133;;1;1;N-332;54;6;4;2;;;1;1;1;;;1;1
7;1;19;3;3133;;3;2;No inventariada;;9;2;1;1;;1;1;1;;;1;998
7;4;1;3;3133;;3;2;No inventariada;;9;10;2;;;1;4;1;;;1;998
7;3;1;3;3133;;3;2;No inventariada;;9;4;2;;;1;4;1;;;1;998
7;6;16;3;3133;;3;2;No inventariada;;9;10;2;;;1;1;1;;;1;998
7;3;5;3;3133;;3;2;No inventariada;;9;2;1;1;;1;4;1;;;1;998
8;1;12;3;3133;;3;2;No inventariada;;9;3;2;;;1;1;1;;;1;998
8;6;23;3;3133;;1;1;N-332;53,9;5;16;1;11;;1;4;1;;;1;1
7;2;21;3;3133;;3;2;No inventariada;;9;7;2;;;1;1;1;;;1;998
7;4;20;3;3133;;3;2;No inventariada;;9;5;2;;;1;1;1;;;1;998
8;2;23;3;3133;;3;2;No inventariada;;9;10;2;;;8;4;1;;;1;998
8;3;0;3;3133;;3;2;No inventariada;;9;10;2;;;1;4;1;;;1;998
7;1;9;3;3133;;3;2;No inventariada;;9;7;1;1;;1;1;1;;;1;998
8;7;8;3;3133;;1;1;N-332;52,9;12;7;2;;;9;1;1;;;1;1
8;7;10;3;3133;;3;2;No inventariada;;9;2;2;;;1;1;1;;;1;998
8;1;15;3;3133;;1;1;N-332;56,075;6;4;2;;;1;1;1;;;1;1
8;2;15;3;3133;;3;2;No inventariada;;9;5;2;;;1;1;1;;;1;998
8;4;10;3;3133;;1;1;CV-905;9,559;5;5;2;;;1;1;1;1;;1;1
8;5;17;3;3133;;1;1;CV-905;9;5;2;1;4;;1;1;1;;;1;2
8;2;18;3;3133;;1;1;N-332;61;6;3;2;;;1;1;1;;;1;1
7;1;18;3;3133;;3;2;No inventariada;;9;2;1;1;;1;1;1;;;1;998
7;1;14;3;3133;;3;2;No inventariada;;9;7;2;;;1;1;7;;;1;998
8;4;14;3;3133;;1;1;N-332;57,454;6;5;2;;;1;1;1;;;1;1
8;7;5;3;3133;;3;2;No inventariada;;9;10;2;;;1;4;1;;;1;998
8;5;14;3;3133;;3;2;No inventariada;;9;7;2;;;1;1;1;;;1;998
8;3;20;3;3133;;3;2;No inventariada;;9;4;2;;;1;1;1;;;1;998
8;3;11;3;3133;;3;2;No inventariada;;9;7;2;;;1;1;1;;;1;998
8;2;21;3;3133;;3;2;No inventariada;;9;7;1;1;;1;4;1;;;1;998
9;7;22;3;3133;;1;1;CV-905;8,632;5;4;2;;;1;4;1;;;1;1
9;1;11;3;3099;;1;1;N-332;50,164;5;4;2;;;1;1;1;;;1;1
9;2;9;3;3133;;1;1;CV-905;6,5;5;7;1;4;;1;1;1;;;1;1
9;7;0;3;3133;;1;1;N-332;58,5;6;9;2;;;1;4;1;;;1;1
8;4;17;3;3133;;3;2;No inventariada;;9;10;1;1;;1;1;1;;;1;998
8;2;13;3;3133;;3;2;No inventariada;;9;2;1;1;;1;1;1;;;1;998
9;3;21;3;3099;;1;1;N-332;50;6;16;1;4;;1;1;1;;;1;1
9;3;23;3;3133;;1;1;N-332;52,783;5;2;1;4;;1;4;1;;;1;2
10;2;22;3;3133;;1;1;CV-945;0;6;4;1;4;CV-905;1;6;1;;;1;2
10;4;18;3;3133;;1;1;CV-905;7,9;5;2;1;4;;1;1;1;;;1;2
10;5;8;3;3133;;1;1;CV-905;6,415;5;2;1;4;;1;1;1;;;1;2
10;4;17;3;3133;;1;1;N-332;60,5;6;12;2;;;1;1;1;;;1;2
10;3;23;3;3133;;1;1;CV-95;1;6;12;1;4;;1;4;1;;;1;2
10;4;16;3;3099;;1;1;N-332;49,935;5;4;2;;;1;1;1;;;1;1
10;1;14;3;3133;;1;1;CV-905;9,095;5;3;1;4;;1;1;1;;;1;2
10;3;15;3;3133;;1;1;N-332;57,765;6;2;1;10;N-332;1;1;1;;;1;1
11;3;18;3;3133;;1;1;N-332;55,8;6;4;2;;;1;6;1;;;1;1
11;3;16;3;3133;;1;1;CV-905;6,5;6;2;1;4;;1;1;1;;;1;2
9;2;14;3;3133;;3;2;No inventariada;;9;12;1;1;;1;1;1;;;2;998
9;2;12;3;3133;;3;2;No inventariada;;9;10;1;1;;1;1;1;;;1;998
8;6;21;3;3133;;3;2;No inventariada;;9;3;2;;;1;4;1;;;1;998
7;5;11;3;3133;;3;2;No inventariada;;9;2;2;;;1;1;1;;;1;998
8;5;11;3;3133;;3;2;No inventariada;;9;4;2;;;1;1;1;;;1;998
9;2;9;3;3133;;3;2;No inventariada;;9;3;2;;;1;1;1;;;1;998
10;7;19;3;3133;;3;2;No inventariada;;9;2;1;1;;1;1;1;;;1;998
10;6;21;3;3133;;3;2;No inventariada;;9;10;2;;;1;4;1;;;1;998
10;2;15;3;3133;;3;2;No inventariada;;9;4;2;;;1;4;1;;;1;998
10;1;8;3;3133;;3;2;No inventariada;;9;2;1;1;;1;2;1;;;1;998
10;1;13;3;3133;;3;2;No inventariada;;9;2;1;1;;1;1;1;;;1;998
10;2;14;3;3133;;3;2;No inventariada;;9;2;1;1;;1;1;1;;;1;998
10;2;8;3;3133;;3;2;No inventariada;;9;2;1;1;;1;1;1;;;1;998
8;6;15;3;3133;;3;2;No inventariada;;9;2;1;1;;1;1;1;;;18;998
10;4;13;3;3133;;3;2;No inventariada;;9;2;1;1;;1;1;1;;;1;998
10;2;10;3;3133;;3;2;No inventariada;;9;7;1;1;;1;1;1;;;1;998
9;2;7;3;3133;;3;2;No inventariada;;9;3;2;;;1;1;1;;;1;998
10;3;11;3;3133;;3;2;No inventariada;;9;2;1;2;;1;1;1;;;1;998
10;1;13;3;3133;;3;2;No inventariada;;9;2;1;1;;1;1;1;;;1;998
9;7;13;3;3133;;3;2;No inventariada;;9;2;1;4;;1;1;1;;;1;998
9;1;22;3;3133;;3;2;No inventariada;;9;2;1;1;;1;4;1;;;1;998
10;1;18;3;3133;;3;2;No inventariada;;9;7;2;;;1;1;1;;;18;998
12;4;20;3;3133;;1;1;N-332;57,612;6;4;2;;;1;4;1;1;;18;1
11;6;14;3;3133;;3;2;No inventariada;;9;3;2;;;1;1;1;;;1;998
10;4;22;3;3133;;3;2;No inventariada;;9;6;2;;;1;4;1;;;1;998
11;1;9;3;3133;;3;2;No inventariada;;9;3;2;;;1;1;1;;;1;998
11;2;8;3;3133;;3;2;No inventariada;;9;2;1;4;;1;2;1;;;1;998
12;7;14;3;3133;;1;1;N-332;56,291;4;4;2;;;1;1;1;;;1;1
11;2;13;3;3133;;3;2;No inventariada;;9;7;1;4;;1;1;1;;;1;998
10;4;21;3;3133;;3;2;No inventariada;;9;2;1;2;;1;4;1;;;1;998
5;7;9;3;0;;1;1;CAMINO VIE;0,3;10;10;2;;;2;1;1;;;1;3
5;4;14;3;0;;1;1;CV-700;36,9;6;2;2;;;1;1;1;;;4;2
6;6;13;3;0;;1;1;No inventariada;6,9;10;17;2;;;1;1;1;;;1;3
10;7;11;3;0;;1;1;CV-700;48,8;6;19;2;;;1;1;1;;;4;2
3;5;15;3;0;;1;1;C. COLLADO;1;10;10;2;;;1;1;1;;;1;3
11;7;12;3;0;;1;1;No inventariada;0;10;15;2;;;9;1;7;2;;5;2
12;3;17;3;0;;1;1;CV-721;6;6;7;2;;;1;2;1;;;1;2
1;5;14;3;3138;;3;2;No inventariada;;9;2;2;;;1;1;1;;;18;998
3;1;10;3;3138;;1;1;AP-7;603,177;2;15;2;;;3;1;3;;;1;1
6;5;19;3;3138;;1;1;AP-7;602;2;4;2;;;1;1;1;;;1;1
7;5;18;3;3095;;1;1;CV-729;8,5;6;3;2;;;1;1;1;;;1;2
8;5;15;3;3138;;1;1;AP-7;604,826;2;15;2;;;1;1;1;;;1;2
11;1;10;3;3138;;1;1;CV-700;65,993;6;19;2;;;1;1;1;;;1;1
1;4;6;3;3139;;3;2;No inventariada;;9;2;1;1;;1;4;1;;;1;998
1;7;16;3;3139;;3;2;No inventariada;;9;2;1;1;;1;1;1;;;1;998
1;5;7;3;3139;;1;1;AP-7;656,9;2;5;2;;;1;6;2;;;1;1
1;2;11;3;3139;;3;2;No inventariada;;9;7;1;1;;1;1;1;;;1;998
1;2;18;3;3139;;1;1;AP-7;663,1;2;4;2;;;1;6;1;;;1;1
2;1;12;3;3139;;1;1;AP-7;655,272;2;4;2;;;1;1;1;;;1;1
1;2;19;3;3139;;1;1;AP-7;661,4;2;5;2;;;1;6;1;;;1;1
2;3;11;3;3139;;3;2;No inventariada;;9;3;1;1;;1;1;1;;;1;998
2;2;7;3;3139;;1;1;AP-7;654,786;2;4;2;;;1;1;1;;;6;1
3;1;19;3;3139;;3;2;No inventariada;;9;2;2;;;1;2;1;;;1;998
3;6;20;3;3139;;3;2;No inventariada;;9;1;2;;;1;3;1;;;1;998
2;4;14;3;3139;;3;2;No inventariada;;9;4;2;;;1;1;1;;;1;998
3;5;14;3;3107;;1;1;CV-715;55,3;6;2;1;2;;1;1;1;;;1;1
3;1;11;3;3139;;3;2;No inventariada;;9;3;2;;;1;1;1;;;1;998
3;4;20;3;3139;;1;1;N-332;138,5;6;3;2;;;1;1;2;;;1;1
3;5;12;3;3139;;3;2;No inventariada;;9;7;1;2;;1;1;1;;;1;998
3;1;18;3;3139;;3;2;No inventariada;;9;2;1;4;;3;1;3;;;1;998
5;5;7;3;3139;;1;1;AP-7;662,735;2;4;2;;;1;1;1;;;6;1
6;1;8;3;3139;;1;1;AP-7;658,5;2;18;1;2;;1;1;1;;;1;1
7;2;15;3;3139;;3;2;No inventariada;;9;2;1;2;;1;1;1;;;17;998
7;4;15;3;3139;;3;2;No inventariada;;9;10;2;;;1;1;1;;;1;998
7;4;19;3;3139;;3;2;No inventariada;;9;2;1;1;;1;1;1;;;1;998
5;1;13;3;3139;;3;2;No inventariada;;9;3;1;4;;1;1;1;;;1;998
6;3;15;3;3139;;3;2;No inventariada;;9;10;1;4;;1;1;1;;;1;998
7;3;11;3;3139;;1;1;CV-770;1,858;6;4;2;;;1;1;1;;;1;1
7;6;7;3;3139;;3;2;No inventariada;;9;10;1;1;;3;1;1;;;1;998
8;4;21;3;3139;;1;1;CV-759;1,9;6;4;2;;;1;6;1;;;1;1
9;3;23;3;3139;;1;1;AP-7;658;3;4;2;;;1;6;1;;;1;1
8;5;15;3;3139;;3;2;No inventariada;;9;10;2;;;1;1;1;;;1;998
8;1;16;3;3139;;3;2;No inventariada;;9;2;1;4;;1;1;1;;1;1;998
8;4;19;3;3139;;3;2;No inventariada;;9;4;2;;;1;1;1;;;1;998
8;2;9;3;3139;;3;2;No inventariada;;9;4;2;;;1;1;1;;;1;998
9;2;17;3;3139;;3;2;No inventariada;;9;2;1;1;;1;1;2;;;9;998
9;6;6;3;3139;;1;1;AP-7;658,826;2;19;2;;;1;6;1;;;1;1
8;5;23;3;3139;;3;2;No inventariada;;9;3;2;;;1;4;1;;;1;998
10;1;12;3;3139;;1;1;AP-7;663,845;2;3;2;;;1;1;1;;;1;1
10;1;14;3;3139;;1;1;N-332;138;6;2;1;4;CV-770;1;1;1;;;1;1
8;1;16;3;3139;;3;2;No inventariada;;9;10;2;;;1;1;1;;;4;998
10;4;17;3;3139;;1;1;AP-7;664,021;2;4;2;;;1;1;1;;;1;1
9;1;3;3;3139;;3;2;No inventariada;;9;10;2;;;1;4;1;;;18;998
10;6;12;3;3139;;1;1;AP-7;662,3;2;12;2;;;1;1;1;;;1;1
11;5;22;3;3139;;3;2;No inventariada;;9;6;2;;;1;4;1;;;1;998
9;5;22;3;3139;;3;2;No inventariada;;9;20;1;2;;1;4;1;;;17;998
11;3;15;3;3139;;3;2;No inventariada;;9;6;2;;;1;1;1;;;1;998
11;3;13;3;3139;;3;2;No inventariada;;9;7;2;;;1;1;1;;;1;998
11;5;15;3;3139;;1;1;CV-770;4;6;3;2;;;1;1;1;;;1;2
7;3;15;3;3139;;3;2;No inventariada;;9;2;1;1;;1;1;1;;;9;998
11;2;11;3;3139;;3;2;No inventariada;;9;2;1;1;;1;1;1;;;1;998
11;4;10;3;3139;;3;2;No inventariada;;9;20;1;1;;1;1;1;;;1;998
11;1;13;3;3139;;3;2;No inventariada;;9;10;2;;;1;1;1;;;1;998
11;4;13;3;3139;;3;2;No inventariada;;9;2;1;2;;1;1;1;;;1;998
11;3;16;3;3139;;3;2;No inventariada;;9;10;1;7;;7;1;1;;;1;998
12;5;19;3;3139;;1;1;N-332;142,493;6;1;2;;;1;6;1;;;1;1
12;6;11;3;3139;;3;2;No inventariada;;9;10;2;;;1;1;1;;;1;998
1;2;7;3;3140;;1;1;CAMINO DEL;1;10;13;2;;;1;5;1;;;1;1
1;1;12;3;3140;;1;1;A-31;182,333;3;14;2;;;1;1;1;;;18;1
2;1;22;3;3140;;1;1;CV-81;37,9;6;12;2;;;1;6;1;;;1;1
2;4;14;3;3140;;3;2;No inventariada;;9;7;2;;;1;1;1;;;1;998
2;1;7;3;3140;;3;2;No inventariada;;9;7;1;4;;1;3;1;;;1;998
2;3;13;3;3140;;1;1;CV-799;0,7;6;2;1;2;;1;1;1;;;1;1
4;3;18;3;3140;;3;2;No inventariada;;9;7;1;1;;1;1;1;;;1;998
4;5;4;3;3140;;1;1;A-31;188,5;3;12;2;;;1;6;1;;;1;1
5;6;8;3;3140;;1;1;A-31;179,1;3;16;1;10;;1;1;1;;;1;1
5;4;10;3;3140;;1;1;CV-81;50,472;6;4;1;1;;1;1;1;;;1;1
5;4;16;3;3140;;1;1;A-31;175,773;3;16;2;;;1;1;1;;;1;1
5;2;8;3;3140;;1;1;A-31;173,2;3;20;2;;;1;1;1;;;1;1
5;5;21;3;3140;;1;1;CTRA. CASA;2;14;19;2;;;1;2;1;;;1;1
5;5;23;3;3140;;3;2;No inventariada;;9;2;1;1;;1;4;1;;;1;998
6;1;11;3;3140;;3;2;No inventariada;;9;2;2;;;1;1;1;;;1;998
7;7;18;3;3140;;3;2;No inventariada;;9;2;1;1;;1;1;1;;;1;998
7;7;19;3;3123;;1;1;A-31;191,684;3;4;2;;;1;1;1;;;1;1
8;4;21;3;3140;;3;2;No inventariada;;9;7;2;;;1;3;1;;;1;998
8;6;8;3;3140;;1;1;A-33;79,253;3;4;2;;;1;1;1;;;1;1
8;7;9;3;3140;;1;1;A-31;184,7;3;5;2;;;1;1;1;;;1;3
8;3;11;3;3140;;1;1;N-344;118,64;6;2;1;5;A-31;1;1;1;;;1;1
8;6;11;3;3140;;1;1;A-31;184,655;3;4;2;;;1;1;1;;;1;1
8;7;12;3;3140;;1;1;A-31;185,3;3;5;2;;;1;1;1;;;1;1
8;2;13;3;3140;;1;1;CV-81;41,8;6;12;1;4;A-31;1;1;1;;;1;2
9;4;19;3;3140;;1;1;CV-81;41,246;6;19;2;;;7;1;1;;;4;3
9;5;15;3;3140;;3;2;No inventariada;;9;2;1;2;;1;1;1;;;1;998
9;4;7;3;3140;;3;2;No inventariada;;9;4;2;;;1;1;1;;;1;998
9;6;8;3;3140;;1;1;CV-813;5,15;10;10;2;;;1;1;1;;;1;1
8;6;14;3;3140;;3;2;No inventariada;;9;2;1;2;;1;1;1;;;1;998
9;1;16;3;3140;;1;1;CV-813;6,848;6;18;2;;;1;1;1;;;1;1
10;4;13;3;3140;;3;2;No inventariada;;9;10;1;2;;1;1;1;;;1;998
11;1;15;3;3140;;3;2;No inventariada;;9;10;2;;;1;1;1;;;1;998
11;1;12;3;3140;;1;1;CV-809;2;6;18;2;;;1;1;1;;;1;1
11;6;18;3;3140;;1;1;CV-81;39,8;14;3;1;4;;1;3;1;;;18;2
11;2;19;3;3140;;3;2;No inventariada;;9;7;2;;;1;4;1;;;18;998
11;5;13;3;3140;;3;2;No inventariada;;9;2;1;4;;1;1;1;;;1;998
11;1;18;3;3140;;3;2;No inventariada;;9;7;2;;;1;4;1;;;9;998
12;3;6;3;3140;;1;1;CV-81;48;6;4;2;;;1;6;1;;;1;1
12;7;11;3;3140;;1;1;A-31;178,033;3;16;2;;;1;1;1;;;1;1
12;4;14;3;3140;;3;2;No inventariada;;9;10;1;1;;1;1;1;;;2;998
12;7;14;3;3140;;3;2;No inventariada;;9;10;1;2;;1;1;1;;;11;998
12;6;12;3;3140;;1;1;CV-656;9,9;6;12;2;;;1;1;1;;;1;2
12;1;12;3;3140;;3;2;No inventariada;;9;2;1;1;;1;1;1;;;1;998
12;1;14;3;3140;;3;2;No inventariada;;9;1;1;2;;1;1;1;;;1;998
7;3;19;3;3063;;1;1;CV-723;4,1;6;1;1;2;CV-724;1;1;1;;;1;1
8;3;17;3;3063;;1;1;CV-723;4,7;6;2;1;1;;1;1;1;;;4;1
8;6;14;3;3063;;1;1;CV-723;2,6;6;2;1;2;CV-723;1;1;1;;;1;1
1;4;13;3;3902;;3;2;No inventariada;;9;4;1;1;;1;1;1;;;1;998
1;4;17;3;3902;;3;2;No inventariada;;9;2;1;4;;1;3;1;;;1;998
1;6;15;3;3902;;3;2;No inventariada;;9;5;2;;;1;1;1;;;1;998
1;1;20;3;3902;;3;2;No inventariada;;9;2;1;1;;1;4;1;;;1;998
1;2;20;3;3902;;3;2;No inventariada;;9;2;1;2;;1;6;1;;;1;998
1;3;14;3;3902;;3;2;No inventariada;;9;16;2;;;1;1;1;;;1;998
1;6;14;3;3902;;3;2;No inventariada;;9;2;1;2;;1;1;1;;;1;998
1;4;19;3;3902;;3;2;No inventariada;;9;1;1;2;;1;1;1;;;1;998
1;4;21;3;3902;;3;2;No inventariada;;9;3;1;2;;1;4;1;;;9;998
2;1;15;3;3902;;3;2;No inventariada;;9;2;1;4;;1;1;1;;;1;998
2;1;7;3;3902;;3;2;No inventariada;;9;2;1;2;;1;2;1;;;1;998
2;7;11;3;3902;;3;2;No inventariada;;9;3;1;1;;1;1;1;;;1;998
2;6;12;3;3902;;1;1;CV-925;21,9;6;4;2;;;1;1;1;;;1;2
3;2;18;3;3902;;3;2;No inventariada;;9;2;1;2;;1;1;1;;;1;998
3;7;10;3;3902;;1;1;CV-925;19,75;6;10;2;;;1;1;1;;;12;1
3;3;8;3;3902;;3;2;No inventariada;;9;4;2;;;1;1;1;;;1;998
3;5;9;3;3902;;3;2;No inventariada;;9;4;1;1;;1;1;1;;;1;998
3;1;18;3;3902;;3;2;No inventariada;;9;2;1;4;;1;1;1;;;1;998
4;3;7;3;3902;;3;2;No inventariada;;14;3;2;;;1;1;1;;;1;998
4;4;20;3;3902;;3;2;No inventariada;;9;16;2;;;1;3;1;;;1;998
4;3;12;3;3902;;1;1;N-332;39,6;6;2;1;4;;1;1;1;;;1;2
4;3;17;3;3902;;3;2;No inventariada;;9;2;2;;;1;1;1;;;1;998
4;7;19;3;3902;;3;2;No inventariada;;9;3;2;;;3;1;3;;;1;998
5;4;13;3;3902;;3;2;No inventariada;;9;3;1;1;;1;1;1;;;1;998
5;7;21;3;3902;;1;1;AP-7;772,5;1;3;2;;;1;3;1;;;1;1
5;7;8;3;3902;;1;1;No inventariada;0,1;10;2;1;1;;1;1;1;;;1;2
5;2;13;3;3902;;3;2;No inventariada;;9;4;2;;;1;1;1;;;1;998
5;5;18;3;3902;;3;2;No inventariada;;9;10;2;;;1;1;1;;;1;998
5;2;14;3;3902;;1;1;AP-7;774;2;14;1;12;N-332;1;1;1;;;1;2
5;7;20;3;3902;;3;2;No inventariada;;9;2;1;1;;1;2;1;;;1;998
5;5;15;3;3902;;3;2;No inventariada;;9;3;1;1;;1;1;1;;;11;998
6;2;15;3;3902;;3;2;No inventariada;;9;3;1;4;;1;1;1;;;1;998
6;7;7;3;3099;;1;1;AP-7;767,6;1;13;1;10;;1;1;1;;;1;2