MES;DIA_SEMANA;HORA;COD_PROVINCIA;COD_MUNICIPIO;ISLA;ZONA;ZONA_AGRUPADA;CARRETERA;KM;TIPO_VIA;TIPO_ACCIDENTE;NUDO;NUDO_INFO;CARRETERA_CRUCE;CONDICION_FIRME;CONDICION_ILUMINACION;CONDICION_METEO;CONDICION_NIEBLA;CONDICION_VIENTO;VISIB_RESTRINGIDA_POR;TRAZADO_PLANTA
6;7;20;3;3902;;3;2;No inventariada;;9;2;1;1;;1;1;1;;;1;998
6;4;17;3;3902;;3;2;No inventariada;;9;3;1;1;;1;1;1;;;1;998
6;1;14;3;3902;;3;2;No inventariada;;9;2;1;1;;1;1;1;;;1;998
6;4;15;3;3902;;3;2;No inventariada;;9;2;1;1;;1;1;1;;;1;998
6;7;20;3;3902;;1;1;RM-F25;4,173;10;2;1;1;;1;1;1;;;1;1
6;5;19;3;3902;;3;2;No inventariada;;9;7;2;;;1;2;1;;;1;998
6;2;17;3;3902;;3;2;No inventariada;;9;2;1;1;;1;1;1;;;6;998
6;1;0;3;3902;;1;1;N-332;42,7;6;12;1;4;AP-7;1;5;1;;;1;2
6;5;14;3;3902;;3;2;No inventariada;;9;2;1;1;;1;1;1;;;1;998
7;1;17;3;3902;;3;2;No inventariada;;9;16;1;1;;1;1;1;;;1;998
7;2;11;3;3902;;1;1;CTRA IRYDA;1,3;10;3;1;1;;1;1;1;;;1;1
6;1;13;3;3902;;3;2;No inventariada;;9;2;1;1;;1;1;1;;;1;998
7;1;14;3;3902;;3;2;No inventariada;;9;12;1;1;;1;1;1;;;1;998
7;3;20;3;3902;;3;2;No inventariada;;9;4;2;;;1;2;1;;;1;998
7;4;20;3;3902;;3;2;No inventariada;;9;2;1;1;;1;2;1;;;1;998
7;6;12;3;3902;;3;2;No inventariada;;9;2;1;1;;1;1;1;;;1;998
7;5;20;3;3902;;3;2;No inventariada;;9;2;1;1;;1;1;1;;;1;998
7;5;12;3;3902;;3;2;No inventariada;;9;2;1;1;;1;1;1;;;1;998
7;6;14;3;3902;;1;1;AP-7;769;1;4;2;;;1;1;1;1;;1;1
8;3;9;3;3902;;3;2;No inventariada;;9;2;1;2;;1;1;1;;;1;998
8;7;18;3;3902;;1;1;N-332;42,7;5;3;1;7;N-332;1;1;1;;;1;2
8;1;0;3;3902;;1;1;CMO. URCO;1;10;18;2;;;1;6;1;;;1;1
8;7;9;3;3902;;3;2;No inventariada;;9;5;1;1;;1;1;1;;;1;998
8;4;22;3;3902;;3;2;No inventariada;;9;2;1;1;;1;4;1;;;1;998
8;5;19;3;3902;;3;2;No inventariada;;9;2;1;1;;1;2;1;;;1;998
8;7;6;3;3902;;1;1;N-332;41,22;6;1;2;;;1;2;1;;;1;1
3;3;8;3;3902;;3;2;No inventariada;;9;4;1;2;;1;1;1;;;1;998
8;3;13;3;3902;;3;2;No inventariada;;9;4;1;2;;1;1;1;;;1;998
8;5;16;3;3902;;3;2;No inventariada;;9;2;1;1;;1;1;1;;;1;998
9;1;9;3;3902;;3;2;No inventariada;;9;2;1;2;;1;1;1;;;1;998
9;6;13;3;3902;;3;2;No inventariada;;9;2;1;1;;1;1;1;;;1;998
9;5;18;3;3902;;1;1;AP-7;771,9;2;3;2;;;1;4;1;;;1;1
9;6;20;3;3902;;3;2;No inventariada;;9;2;1;1;;1;4;1;;;1;998
10;6;13;3;3902;;3;2;No inventariada;;9;2;1;1;;1;1;1;;;1;998
10;7;21;3;3902;;3;2;No inventariada;;9;2;1;1;;1;4;1;;;1;998
10;4;9;3;3902;;1;1;C HIGUERI;1;10;19;2;;;1;1;1;;;1;1
10;5;13;3;3902;;3;2;No inventariada;;9;2;1;1;;1;1;1;;;1;998
10;2;10;3;3902;;3;2;No inventariada;;9;4;2;;;1;1;1;;;1;998
10;5;20;3;3902;;3;2;No inventariada;;9;3;1;1;;1;4;1;;;2;998
10;1;8;3;3902;;3;2;No inventariada;;9;1;1;6;;1;1;1;;;1;998
10;3;3;3;3902;;1;1;CV-941;1,894;6;18;2;;;3;6;3;;;1;2
10;2;10;3;3902;;3;2;No inventariada;;9;2;1;2;;1;1;1;;;1;998
11;1;15;3;3902;;1;1;CV-925;29,9;6;2;2;;;1;1;1;;;1;1
11;7;11;3;3902;;3;2;No inventariada;;9;7;2;;;3;1;3;;;1;998
11;5;16;3;3902;;1;1;N-332;43,3;5;15;1;4;;1;1;1;;;1;2
11;7;17;3;3099;;1;1;N-332;45,8;5;4;2;;;1;1;1;;;1;1
11;5;14;3;3902;;3;2;No inventariada;;9;7;2;;;1;1;1;;;1;998
11;3;22;3;3902;;3;2;No inventariada;;9;2;1;1;;1;4;1;;;1;998
11;3;9;3;3902;;3;2;No inventariada;;9;7;2;;;1;1;1;;;1;998
11;2;9;3;3902;;3;2;No inventariada;;9;2;1;1;;1;1;1;;;1;998
12;1;9;3;3902;;3;2;No inventariada;;9;20;2;;;1;1;1;;;1;998
10;1;8;3;3902;;3;2;No inventariada;;9;1;1;1;;1;1;1;;;1;998
10;6;13;3;3902;;3;2;No inventariada;;9;2;1;1;;1;1;1;;;1;998
1;7;14;3;3903;;1;1;CV-940;3,6;6;12;2;;;1;1;1;;;1;1
4;7;3;3;3903;;1;1;CV-945;1;6;16;1;4;;3;6;2;;;1;1
5;5;12;3;3903;;1;1;CV-945;5,615;4;19;2;;;1;1;1;;;1;2
6;7;19;3;3903;;1;1;CV-945;1,1;6;18;2;;;1;1;1;;;1;1
7;1;23;3;3903;;1;1;AP-7;753,5;1;16;2;;;1;4;1;;;1;1
10;6;20;3;3903;;1;1;CV-940;5;6;2;2;;;1;4;1;;;1;1
9;7;15;3;3903;;3;2;No inventariada;;9;16;1;4;;1;1;1;;;1;998
2;3;13;3;0;;1;1;CMNO SAN I;4;10;2;1;2;;1;1;1;;;1;1
6;7;3;3;0;;1;1;CV-909;4,861;5;16;2;;;1;6;1;;;1;1
6;2;17;3;0;;1;1;CV-909;3,8;6;3;2;;;1;1;1;;;1;1
4;2;13;3;0;;3;2;No inventariada;;9;7;1;1;;1;1;1;;;1;998
7;6;19;3;0;;1;1;A-7;533,976;3;16;2;;;1;1;1;;;1;1
8;6;18;3;0;;1;1;A-7;535,2;3;3;1;10;A-7;1;1;1;;;1;1
9;4;20;3;0;;1;1;CV-909;4,7;5;2;2;;;3;5;3;;;1;1
11;1;7;3;0;;1;1;A-7;535,4;3;4;2;;;1;2;1;;;1;1
11;5;15;3;0;;3;2;No inventariada;;9;2;1;1;;1;1;1;;;1;998
5;5;13;4;0;;1;1;A-92;338,846;3;15;2;;;1;1;1;;;1;3
7;2;9;4;0;;1;1;AL-3404;22,1;6;9;2;;;1;1;1;;;4;2
1;2;22;4;4003;;3;2;No inventariada;;9;12;2;;;3;4;3;;;1;998
1;3;17;4;4003;;3;2;No inventariada;;9;7;1;2;;1;1;1;;;1;998
2;6;18;4;4003;;3;2;No inventariada;;9;7;2;;;1;1;1;;;1;998
3;2;21;4;4003;;1;1;CEJ-21;0,6;10;4;2;;;1;4;1;;;1;1
3;1;19;4;4003;;3;2;No inventariada;;9;7;1;1;;1;1;1;;;1;998
3;2;9;4;4003;;3;2;No inventariada;;9;2;2;;;1;1;1;;;1;998
4;5;19;4;4003;;3;2;No inventariada;;9;7;2;;;1;1;1;;;1;998
4;5;20;4;4003;;3;2;No inventariada;;9;3;1;2;;1;1;1;;;1;998
4;1;19;4;4003;;1;1;A-7;841,844;3;12;2;;;1;1;1;;;1;3
4;2;11;4;4003;;3;2;No inventariada;;9;2;1;1;;1;1;1;;;1;998
4;4;19;4;4003;;3;2;No inventariada;;9;12;2;;;1;1;1;;;1;998
5;6;19;4;4003;;1;1;N-340a;393,433;5;3;2;;;1;1;1;;;1;1
6;7;15;4;4003;;1;1;A-7;837,364;3;14;2;;;1;1;1;;;1;1
6;2;20;4;4003;;3;2;No inventariada;;9;4;2;;;1;1;1;;;1;998
6;2;11;4;4003;;1;1;N-340a;392,9;6;2;2;;;1;1;1;;;1;1
6;6;13;4;4003;;1;1;N-340a;394,965;5;2;2;;;1;1;1;;;1;1
7;6;7;4;4003;;1;1;N-340a;395,071;5;10;2;;;1;1;1;;;1;1
7;4;19;4;4003;;1;1;N-340a;392,59;6;2;1;1;;1;1;1;;;1;1
6;5;11;4;4003;;3;2;No inventariada;;9;2;1;2;;1;1;1;;;1;998
7;4;14;4;4003;;3;2;No inventariada;;9;2;2;;;1;1;1;;;2;998
7;2;15;4;4003;;3;2;No inventariada;;9;2;2;;;1;1;1;;;1;998
7;6;13;4;4003;;1;1;N-340a;386;6;3;2;;;1;1;1;;;1;1
7;3;16;4;4003;;3;2;No inventariada;;9;4;2;;;1;1;1;;;1;998
8;5;13;4;4003;;3;2;No inventariada;;9;7;1;2;;1;1;1;;;1;998
8;6;16;4;4003;;3;2;No inventariada;;9;4;1;4;;1;1;1;;;1;998
7;6;13;4;4003;;3;2;No inventariada;;9;4;2;;;1;1;1;;;1;998
9;2;18;4;4003;;3;2;No inventariada;;9;9;2;;;1;1;1;;;1;998
8;3;20;4;4003;;3;2;No inventariada;;9;3;1;1;;1;1;1;;;2;998
10;5;15;4;4003;;1;1;A-347;0,4;6;16;2;;;1;1;1;;;1;1
9;1;20;4;4003;;3;2;No inventariada;;9;4;2;;;1;3;1;;;1;998
10;1;11;4;4003;;3;2;No inventariada;;9;7;2;;;1;1;1;;;1;998
10;4;9;4;4003;;3;2;No inventariada;;9;3;1;2;;1;1;1;;;1;998
11;1;10;4;4003;;3;2;No inventariada;;11;7;2;;;1;1;1;;;1;998
11;6;20;4;4003;;3;2;No inventariada;;9;4;2;;;1;3;1;;;1;998
11;2;12;4;4003;;3;2;No inventariada;;9;7;2;;;1;1;1;;;1;998
11;1;10;4;4003;;3;2;No inventariada;;9;2;1;1;;1;1;1;;;1;998
11;4;19;4;4003;;3;2;No inventariada;;9;7;2;;;1;1;1;;;1;998
12;3;14;4;4003;;3;2;No inventariada;;9;2;1;2;;1;1;1;;;1;998
12;2;13;4;4003;;3;2;No inventariada;;9;7;1;1;;1;1;1;;;9;998
12;6;3;4;0;;1;1;A-7;833,641;3;4;2;;;1;6;1;;;1;1
12;2;9;4;4003;;3;2;No inventariada;;9;7;2;;;1;1;1;;;1;998
12;5;12;4;4003;;3;2;No inventariada;;9;7;2;;;1;1;1;;;1;998
12;2;13;4;4003;;3;2;No inventariada;;9;2;1;1;;1;1;1;;;2;998
12;6;14;4;4003;;1;1;CEJ-0;1;10;2;1;2;;1;1;1;;;1;1
12;6;14;4;4003;;1;1;CEJ-0;0,2;10;10;2;;;2;1;1;;;1;1
12;2;16;4;4003;;3;2;No inventariada;;9;2;1;1;;1;1;1;;;2;998
12;2;17;4;4003;;3;2;No inventariada;;9;7;1;2;;1;1;1;;;1;998
6;5;16;4;0;;1;1;A-1100;44;6;10;1;2;A-1100;1;1;1;;;1;2
1;1;20;4;4006;;1;1;A-334;66,877;3;10;2;;;1;6;1;;;1;1
3;6;8;4;4006;;1;1;A-334;71,593;3;19;2;;;1;1;1;;;1;1
3;6;13;4;4006;;1;1;CVE-0;2,6;10;17;2;;;9;1;1;;;1;1
6;6;11;4;4006;;1;1;AL-7100;1;6;19;2;;;8;1;1;;;1;2
9;6;8;4;4006;;1;1;A-334;70;3;3;1;4;AL-7102;1;1;1;;;1;2
3;4;23;4;0;;1;1;A-347;21,05;6;14;2;;;3;5;1;;;18;1
3;6;21;4;0;;1;1;A-348;71,3;6;12;2;;;3;6;3;;;1;3
3;7;19;4;0;;1;1;A-347;22,63;6;2;2;;;3;1;2;;;17;2
4;5;22;4;0;;1;1;A-348R3;1,15;6;18;2;;;1;6;1;;;1;3
7;2;23;4;0;;1;1;A-348R2;1,1;6;19;2;;;1;6;1;;;1;2
9;5;5;4;0;;1;1;A-1100;24,51;6;10;2;;;8;5;1;;;1;1
10;6;12;4;0;;1;1;AL-5101;15,71;6;15;2;;;1;1;1;;;1;2
9;3;9;4;0;;1;1;A-1075;6,6;6;4;1;2;AL-3406;1;1;1;;;1;1
2;3;18;4;0;;1;1;A-348;124,056;6;14;2;;;1;2;1;;;1;1
3;6;13;4;0;;1;1;A-348;126,1;6;3;1;2;A-1075;3;1;3;;;1;2
4;7;12;4;0;;3;2;No inventariada;;9;2;1;2;;1;1;1;;;1;998
6;5;15;4;0;;1;1;AL-3405;2,33;6;9;2;;;1;1;1;;;1;3
1;5;13;4;4013;;3;2;No inventariada;;9;10;1;4;;1;1;1;;;1;998
1;5;11;4;4013;;3;2;No inventariada;;9;2;2;;;1;1;1;;;1;998
1;5;23;4;4013;;3;2;No inventariada;;9;7;1;1;;1;4;1;;;2;998
1;2;12;4;4013;;1;1;CAL-9;0,3;10;1;1;2;;1;1;2;;;1;1
1;4;15;4;4013;;1;1;AL-3115;6;6;1;2;;;1;1;1;;;1;1
1;1;20;4;4013;;3;2;No inventariada;;9;4;2;;;1;3;1;;;1;998
1;1;16;4;4013;;3;2;No inventariada;;9;2;1;1;;1;1;1;;;1;998
1;2;20;4;4013;;3;2;No inventariada;;9;2;1;1;;1;4;1;;;1;998
1;5;23;4;4013;;3;2;No inventariada;;9;2;1;1;;1;4;1;;;1;998
1;4;16;4;4013;;3;2;No inventariada;;9;2;1;1;;1;1;1;;;1;998
1;4;20;4;4013;;3;2;No inventariada;;9;2;1;1;;1;4;2;;;1;998
1;6;23;4;4013;;1;1;AL-3200;0,5;6;2;1;4;N-344;1;6;1;;;1;1
1;6;23;4;4013;;3;2;No inventariada;;9;16;1;2;;1;4;1;;;1;998
1;7;22;4;4013;;3;2;No inventariada;;9;2;2;;;1;4;1;;;1;998
1;1;1;4;4013;;1;1;N-344;10,034;6;10;2;;;1;6;1;;;1;1
1;7;18;4;4013;;3;2;No inventariada;;9;4;1;1;;1;1;1;;;1;998
1;2;7;4;4013;;3;2;No inventariada;;9;19;1;2;;1;4;1;;;1;998
1;6;11;4;4013;;3;2;No inventariada;;9;7;1;2;;1;1;1;;;12;998
1;3;10;4;4013;;3;2;No inventariada;;9;5;2;;;1;1;3;;;1;998
1;1;7;4;4013;;1;1;A-7;791,39;3;5;2;;;1;2;1;;;1;1
1;7;12;4;4013;;3;2;No inventariada;;14;2;2;;;1;1;1;;;1;998
1;3;19;4;4013;;1;1;N-340a;445,07;6;4;1;4;A-7;1;6;1;;;1;4
1;2;17;4;4013;;3;2;No inventariada;;9;7;2;;;1;1;1;;;1;998
1;6;10;4;4013;;1;1;AL-3113;0,94;6;2;1;2;;1;1;1;;;1;1
1;4;15;4;4013;;3;2;No inventariada;;9;2;1;1;;1;1;1;;;1;998
1;6;12;4;4013;;3;2;No inventariada;;9;4;2;;;1;1;1;;;1;998
1;5;20;4;4013;;3;2;No inventariada;;9;2;1;1;;1;4;1;;;1;998
1;5;21;4;4013;;3;2;No inventariada;;9;2;1;1;;1;3;1;;;1;998
1;2;10;4;4013;;3;2;No inventariada;;9;4;2;;;1;1;1;;;12;998
1;1;13;4;4013;;3;2;No inventariada;;14;4;2;;;1;1;1;;;1;998
1;2;11;4;4013;;3;2;No inventariada;;9;2;1;2;;1;1;1;;;1;998
1;5;19;4;4013;;3;2;No inventariada;;9;2;1;1;;1;4;1;;;1;998
2;4;16;4;4013;;3;2;No inventariada;;9;2;2;;;1;1;1;;;1;998
1;1;17;4;4013;;3;2;No inventariada;;9;4;2;;;1;1;1;;;1;998
1;3;22;4;4013;;3;2;No inventariada;;9;2;1;1;;1;4;1;;;1;998
1;2;8;4;4013;;3;2;No inventariada;;9;7;2;;;1;2;1;;;2;998
2;5;14;4;4013;;3;2;No inventariada;;9;7;1;2;;1;1;1;;;1;998
2;1;7;4;4013;;1;1;A-7;791,803;3;5;2;;;1;1;1;;;1;1
2;3;11;4;4013;;3;2;No inventariada;;9;7;2;;;1;1;1;;;1;998
2;6;13;4;4013;;3;2;No inventariada;;9;2;1;4;;1;1;1;;;1;998
2;3;11;4;4013;;3;2;No inventariada;;9;2;2;;;1;1;1;;;1;998
2;4;16;4;4013;;1;1;A-7;769;3;3;2;;;1;1;1;;;1;3
2;4;17;4;4013;;3;2;No inventariada;;9;2;1;1;;1;1;1;;;1;998
2;5;11;4;4013;;3;2;No inventariada;;9;19;2;;;1;1;2;;;1;998
2;6;14;4;4013;;3;2;No inventariada;;9;7;1;2;;1;1;1;;;1;998
2;1;18;4;4013;;3;2;No inventariada;;9;2;1;1;;1;4;1;;;1;998
2;4;8;4;4013;;1;1;A-7;761,05;3;14;2;;;1;1;1;;;1;1
2;5;19;4;4013;;3;2;No inventariada;;9;7;1;1;;3;4;3;;;1;998
2;7;3;4;4013;;3;2;No inventariada;;9;19;1;2;;1;4;1;;;1;998
2;7;18;4;4013;;3;2;No inventariada;;9;10;2;;;8;1;1;;;1;998
2;3;12;4;4013;;1;1;AL-3115;4,771;6;4;2;;;1;1;1;;;1;1
2;1;8;4;4013;;3;2;No inventariada;;9;2;1;4;;1;1;1;;;1;998
2;2;7;4;4013;;3;2;No inventariada;;9;4;1;2;;1;1;1;;;1;998
2;3;13;4;4013;;3;2;No inventariada;;9;7;2;;;1;1;1;;;1;998
1;1;10;4;4013;;3;2;No inventariada;;9;4;2;;;1;1;1;;;1;998
2;4;19;4;4013;;3;2;No inventariada;;9;2;1;1;;1;4;1;;;1;998
2;6;22;4;4013;;3;2;No inventariada;;9;2;1;1;;1;4;1;;;1;998
2;5;14;4;4013;;3;2;No inventariada;;9;2;1;1;;1;1;1;;;1;998
2;4;20;4;4013;;1;1;AL-3117;0,2;6;3;2;;;1;6;1;;;1;1
2;2;19;4;4013;;3;2;No inventariada;;9;7;1;5;;1;3;1;;;1;998
2;2;10;4;4013;;3;2;No inventariada;;9;2;2;;;1;1;1;;;1;998
2;6;2;4;4013;;1;1;N-344a;3,164;6;16;2;;;1;6;1;;;1;1
2;2;19;4;4013;;3;2;No inventariada;;9;2;1;2;;1;4;1;;;1;998
2;6;20;4;4013;;3;2;No inventariada;;9;4;2;;;1;4;1;;;1;998
2;7;18;4;4013;;1;1;N-344;13,457;5;3;1;4;AL-3114;1;2;1;;1;1;1
2;1;11;4;4013;;3;2;No inventariada;;9;10;2;;;3;1;3;;;1;998
2;1;21;4;4013;;1;1;AL-12;3,6;3;4;1;4;;1;4;1;;;1;1
2;5;21;4;4013;;3;2;No inventariada;;9;2;1;2;;1;4;1;;;9;998
3;6;13;4;4013;;3;2;No inventariada;;9;2;1;4;;1;1;1;;;1;998
3;6;16;4;4013;;3;2;No inventariada;;9;2;2;;;1;1;1;;;1;998
3;7;11;4;4013;;1;1;N-340a;435,427;6;10;2;;;1;1;1;;;1;3
3;7;21;4;4013;;1;1;N-344;7,514;6;16;1;12;N-349;1;6;1;;;1;1
3;7;23;4;4013;;3;2;No inventariada;;9;2;1;1;;1;5;1;;;8;998
2;4;10;4;4013;;3;2;No inventariada;;9;2;2;;;1;1;1;;;1;998
3;2;13;4;4102;;1;1;A-7;803;3;3;2;;;1;1;1;;;1;1
3;6;9;4;4013;;3;2;No inventariada;;9;2;1;1;;1;1;1;;;1;998
3;3;17;4;4013;;3;2;No inventariada;;9;2;1;4;;1;1;1;;;1;998
3;2;20;4;4013;;1;1;A-7;790;8;9;1;4;AL-14;8;6;1;;;1;2
3;1;9;4;4013;;3;2;No inventariada;;9;4;2;;;1;1;1;;;1;998
3;1;19;4;4013;;3;2;No inventariada;;9;7;2;;;1;4;1;;;1;998
3;4;22;4;4013;;3;2;No inventariada;;9;2;1;1;;3;4;3;;;1;998
2;3;3;4;4013;;3;2;No inventariada;;9;12;2;;;1;4;1;;;1;998
3;2;12;4;4013;;3;2;No inventariada;;9;7;1;1;;1;1;1;;;1;998
3;6;17;4;4013;;3;2;No inventariada;;9;4;2;;;3;1;3;;;1;998
3;1;8;4;4013;;1;1;A-7;783,5;3;4;2;;;1;1;1;;;1;4
3;2;19;4;4013;;3;2;No inventariada;;11;2;1;1;;1;4;1;;;1;998
3;2;8;4;0;;1;1;A-7;793,073;3;4;2;;;1;1;1;;;1;1
3;7;19;4;4013;;3;2;No inventariada;;9;2;1;2;;1;4;1;;;1;998
3;2;6;4;4013;;3;2;No inventariada;;9;2;1;2;;1;4;1;;;2;998
3;2;20;4;4013;;3;2;No inventariada;;9;7;1;1;;1;4;1;;;1;998
3;1;12;4;4013;;1;1;A-7;790,95;3;5;2;;;1;1;1;;;1;1
2;3;21;4;4013;;3;2;No inventariada;;9;2;1;4;;1;3;1;;;1;998
3;5;15;4;4013;;3;2;No inventariada;;9;19;2;;;1;1;1;;;1;998
3;2;10;4;4013;;3;2;No inventariada;;14;7;2;;;1;1;1;;;1;998
3;1;15;4;4013;;3;2;No inventariada;;9;10;1;2;;7;1;1;;;1;998
3;7;9;4;4013;;3;2;No inventariada;;9;12;1;1;;1;1;1;;;1;998
3;7;13;4;4013;;3;2;No inventariada;;9;16;1;5;;1;1;1;;;1;998
3;6;14;4;4013;;3;2;No inventariada;;9;10;1;4;;1;1;1;;;1;998
3;7;1;4;4013;;3;2;No inventariada;;9;10;1;4;;7;4;1;;;1;998
3;7;8;4;4013;;3;2;No inventariada;;9;6;1;4;;1;1;1;;;1;998
3;7;21;4;4013;;3;2;No inventariada;;9;7;2;;;1;4;1;;;1;998
3;2;1;4;4013;;3;2;No inventariada;;9;2;1;1;;3;4;3;;;1;998
4;2;9;4;4013;;1;1;AL-12;3,722;3;4;2;;;1;1;1;;;1;1
4;2;15;4;4052;;1;1;A-7;782;3;4;2;;;1;6;1;;;18;1
4;2;11;4;4013;;3;2;No inventariada;;9;2;2;;;1;1;1;;;1;998
4;4;19;4;4013;;3;2;No inventariada;;9;16;1;2;;1;1;1;;;1;998
4;5;12;4;4013;;3;2;No inventariada;;9;7;1;2;;1;1;1;;;1;998
4;5;23;4;4013;;3;2;No inventariada;;9;2;1;1;;1;4;1;;;1;998
4;6;15;4;4013;;3;2;No inventariada;;9;3;2;;;1;1;1;;;1;998
4;7;6;4;4013;;1;1;N-349;0,005;6;6;1;4;A-7;1;6;1;;;1;1
4;7;17;4;4013;;3;2;No inventariada;;9;19;2;;;1;1;1;;;1;998
3;5;21;4;4013;;3;2;No inventariada;;9;7;1;4;;1;4;1;;;1;998
4;2;18;4;4013;;3;2;No inventariada;;9;4;1;4;;1;1;1;;;1;998
4;1;17;4;0;;1;1;A-7;793,005;3;4;2;;;1;6;1;;;1;1
4;5;14;4;4013;;3;2;No inventariada;;14;2;2;;;1;1;1;;;1;998
4;2;17;4;4013;;1;1;CAL-9;0;10;2;1;4;;1;1;1;;;1;1
4;3;10;4;4013;;3;2;No inventariada;;9;7;2;;;1;1;1;;;1;998
4;3;8;4;4013;;2;2;AL-3115;13,8;6;7;2;;;1;1;1;;;6;1
4;5;8;4;4013;;3;2;No inventariada;;9;2;1;2;;1;1;1;;;1;998
4;4;10;4;4013;;3;2;No inventariada;;9;2;1;1;;1;1;1;;;2;998
4;7;9;4;4013;;1;1;AL-3115;12,2;6;20;2;;;1;1;1;;;12;1
4;2;11;4;4013;;3;2;No inventariada;;9;4;1;2;;1;1;1;;;1;998
4;2;12;4;4013;;3;2;No inventariada;;9;4;2;;;1;1;1;;;1;998
4;2;16;4;4013;;3;2;No inventariada;;14;2;1;4;;1;1;1;;;1;998
4;3;10;4;4013;;3;2;No inventariada;;9;4;1;4;;1;1;1;;;1;998
4;2;22;4;4013;;3;2;No inventariada;;11;2;2;;;1;4;1;;;1;998
3;5;18;4;4013;;3;2;No inventariada;;9;7;2;;;1;1;1;;;11;998
4;4;13;4;4013;;3;2;No inventariada;;9;10;1;2;;1;1;1;;;1;998
4;2;16;4;4013;;3;2;No inventariada;;9;2;1;2;;1;1;1;;;3;998
4;5;8;4;4013;;3;2;No inventariada;;9;15;2;;;1;1;2;;;1;998
4;2;15;4;4013;;3;2;No inventariada;;9;19;1;4;;1;1;1;;;1;998
4;2;20;4;4013;;3;2;No inventariada;;9;10;1;4;;8;1;1;;;1;998
4;5;15;4;4013;;3;2;No inventariada;;9;2;1;1;;1;1;1;;;2;998
4;4;20;4;4013;;3;2;No inventariada;;9;2;1;4;;1;2;1;;;1;998
4;3;21;4;4013;;3;2;No inventariada;;9;4;1;4;;1;4;1;;;1;998
4;6;21;4;4013;;1;1;A-7;792,439;3;8;2;;;1;6;1;;;1;1
4;2;0;4;4013;;3;2;No inventariada;;9;2;2;;;1;4;1;;;1;998
4;1;15;4;4013;;3;2;No inventariada;;9;4;2;;;1;1;1;;;1;998
4;1;16;4;4013;;3;2;No inventariada;;9;4;1;4;;1;1;1;;;1;998
4;1;10;4;4013;;3;2;No inventariada;;9;7;1;1;;1;1;1;;;1;998
4;1;11;4;4013;;3;2;No inventariada;;9;2;2;;;1;1;1;;;1;998
4;4;20;4;4013;;3;2;No inventariada;;9;4;2;;;1;1;1;;;1;998
4;6;20;4;4013;;3;2;No inventariada;;14;2;1;1;;9;3;1;;;1;998
4;7;19;4;4013;;3;2;No inventariada;;9;2;1;1;;9;1;7;;;18;998
4;7;20;4;4013;;3;2;No inventariada;;9;2;1;2;;1;1;1;;;1;998
4;3;14;4;4013;;3;2;No inventariada;;9;2;1;1;;1;1;1;;;1;998
4;5;16;4;4013;;3;2;No inventariada;;9;20;1;4;;1;1;1;;;9;998
4;4;8;4;4013;;3;2;No inventariada;;14;4;2;;;1;1;1;;;1;998
4;4;21;4;4052;;1;1;A-7;779,654;3;4;2;;;1;4;1;;;1;1
4;7;23;4;4013;;1;1;A-7;784,927;3;4;2;;;1;6;2;;;1;1
4;1;13;4;4013;;3;2;No inventariada;;9;3;1;1;;1;1;2;;;1;998
4;1;13;4;4013;;3;2;No inventariada;;14;3;2;;;1;1;2;;;1;998
4;5;4;4;4013;;3;2;No inventariada;;14;16;2;;;1;4;1;;;1;998
4;3;19;4;4013;;3;2;No inventariada;;9;10;1;2;;1;1;1;;;1;998
4;2;9;4;4013;;3;2;No inventariada;;9;2;1;2;;1;1;1;;;1;998
5;4;8;4;0;;1;1;A-7;793,6;3;5;2;;;1;1;1;;;1;1
5;6;3;4;4013;;1;1;AL-3109;0,95;6;14;2;;;1;6;1;;;1;2
5;6;14;4;4013;;3;2;No inventariada;;9;2;1;1;;1;1;1;;;1;998
4;7;22;4;4013;;3;2;No inventariada;;9;4;2;;;1;4;1;;;1;998
5;1;13;4;4013;;3;2;No inventariada;;9;10;2;;;1;1;1;;;1;998
5;1;13;4;4013;;3;2;No inventariada;;9;2;1;1;;1;1;1;;;1;998
5;7;23;4;4013;;3;2;No inventariada;;9;16;1;4;;1;4;1;;;1;998
5;2;16;4;4013;;1;1;AL-3104;5,95;6;2;1;2;AL-12;1;1;1;;;3;3
5;2;15;4;4013;;3;2;No inventariada;;9;2;1;4;;1;1;1;;;1;998
4;2;22;4;4013;;3;2;No inventariada;;9;2;1;1;;1;4;1;;;1;998
5;4;11;4;4013;;3;2;No inventariada;;9;7;2;;;1;1;1;;;6;998
5;4;8;4;4013;;1;1;A-7;783,255;3;2;2;;;1;1;1;;;1;1
5;6;0;4;4013;;3;2;No inventariada;;9;10;2;;;1;4;1;;;1;998
5;5;14;4;4013;;3;2;No inventariada;;9;4;2;;;1;1;1;;;1;998
5;1;16;4;4013;;3;2;No inventariada;;9;4;1;4;;1;1;1;;;1;998
5;4;10;4;4013;;3;2;No inventariada;;9;4;1;2;;1;1;1;;;1;998
5;3;20;4;4013;;3;2;No inventariada;;9;20;1;4;;1;4;1;;;1;998
5;3;9;4;4013;;1;1;N-340a;438,5;6;5;2;;;1;1;1;;;1;1
5;4;16;4;4013;;3;2;No inventariada;;9;7;1;2;;1;1;1;;;1;998
5;3;13;4;4013;;3;2;No inventariada;;9;7;1;1;;1;1;1;;;1;998
5;6;9;4;4013;;3;2;No inventariada;;9;2;1;5;;1;1;1;;;1;998
5;2;7;4;4013;;1;1;A-7;791,9;3;5;2;;;1;1;1;;;1;1
5;2;9;4;4013;;1;1;A-7;791,036;3;4;2;;;1;1;1;;;1;1
5;2;22;4;4013;;3;2;No inventariada;;9;10;1;2;;1;3;1;;;1;998
5;3;13;4;4013;;1;1;N-344;11,1;5;4;2;;;1;1;1;;;1;1
5;4;15;4;4013;;3;2;No inventariada;;9;1;1;2;;1;1;1;;;1;998
5;4;17;4;4013;;3;2;No inventariada;;9;7;2;;;1;1;1;;;17;998
5;3;19;4;4013;;3;2;No inventariada;;9;10;1;2;;1;1;1;;;1;998