MES;DIA_SEMANA;HORA;COD_PROVINCIA;COD_MUNICIPIO;ISLA;ZONA;ZONA_AGRUPADA;CARRETERA;KM;TIPO_VIA;TIPO_ACCIDENTE;NUDO;NUDO_INFO;CARRETERA_CRUCE;CONDICION_FIRME;CONDICION_ILUMINACION;CONDICION_METEO;CONDICION_NIEBLA;CONDICION_VIENTO;VISIB_RESTRINGIDA_POR;TRAZADO_PLANTA
5;5;9;4;4013;;3;2;No inventariada;;9;10;2;;;1;1;1;;;1;998
5;6;7;4;4013;;3;2;No inventariada;;9;2;1;4;;1;1;1;;;1;998
5;4;15;4;4013;;3;2;No inventariada;;9;10;1;1;;1;1;1;;;1;998
5;7;19;4;4013;;1;1;A-7;789,1;3;16;2;;;1;1;1;;;1;1
5;1;8;4;4013;;1;1;CAL-11;0,5;10;4;2;;;1;1;1;;;1;1
5;1;10;4;4013;;3;2;No inventariada;;9;10;1;4;;1;1;1;;;1;998
4;3;14;4;4013;;3;2;No inventariada;;9;2;1;1;;1;1;1;;;1;998
5;2;8;4;4013;;3;2;No inventariada;;9;2;2;;;1;1;1;;;1;998
5;1;9;4;4013;;1;1;A-7;783,055;8;4;2;;;1;1;1;;;1;1
5;4;11;4;4013;;3;2;No inventariada;;9;7;1;1;;1;1;1;;;1;998
5;1;9;4;4013;;3;2;No inventariada;;9;4;2;;;1;1;1;;;1;998
5;5;20;4;4013;;3;2;No inventariada;;9;2;2;;;1;1;1;;;1;998
5;3;19;4;4013;;3;2;No inventariada;;9;2;1;1;;1;1;1;;;1;998
5;5;16;4;4013;;3;2;No inventariada;;9;1;2;;;1;1;1;;;6;998
6;1;7;4;4013;;3;2;No inventariada;;9;2;1;4;AL-3200;1;1;1;;;1;998
6;2;15;4;4013;;3;2;No inventariada;;9;7;1;2;;1;1;1;;;1;998
6;3;7;4;4013;;3;2;No inventariada;;9;2;1;1;;1;2;1;;;1;998
6;1;18;4;4013;;3;2;No inventariada;;9;4;1;4;;1;1;1;;;1;998
6;1;21;4;4013;;3;2;No inventariada;;9;2;1;1;;1;4;1;;;11;998
6;2;12;4;4013;;3;2;No inventariada;;9;2;1;1;;1;1;1;;;1;998
6;1;16;4;4013;;3;2;No inventariada;;9;4;1;2;;1;1;1;;;1;998
5;5;13;4;4013;;3;2;No inventariada;;9;2;1;1;;1;1;1;;;1;998
6;4;10;4;4013;;1;1;AL-3202;2,979;6;2;1;2;;1;1;1;;;1;1
6;1;14;4;4013;;3;2;No inventariada;;9;19;1;4;;1;1;1;;;1;998
6;2;22;4;4013;;3;2;No inventariada;;9;10;2;;;1;4;1;;;1;998
5;4;15;4;4013;;3;2;No inventariada;;9;2;2;;;1;1;1;;;1;998
6;4;14;4;4013;;3;2;No inventariada;;9;10;2;;;1;1;1;;;1;998
6;1;14;4;4013;;3;2;No inventariada;;9;3;2;;;1;1;1;;;1;998
6;2;21;4;4013;;3;2;No inventariada;;9;7;2;;;1;2;1;;;1;998
6;3;0;4;4013;;3;2;No inventariada;;9;10;1;4;;2;4;1;;;1;998
6;2;16;4;4013;;3;2;No inventariada;;9;4;2;;;1;1;1;;;1;998
6;5;12;4;4013;;3;2;No inventariada;;9;20;2;;;1;1;1;;;1;998
6;6;0;4;4013;;3;2;No inventariada;;14;10;2;;;1;6;1;;;1;998
6;6;11;4;4013;;3;2;No inventariada;;9;3;2;;;1;1;1;;;1;998
6;6;20;4;4013;;3;2;No inventariada;;9;2;1;4;;1;1;1;;;1;998
6;4;20;4;4013;;3;2;No inventariada;;9;7;1;2;;1;1;1;;;9;998
6;5;11;4;4013;;3;2;No inventariada;;9;4;1;4;;1;1;1;;;1;998
5;3;18;4;4013;;3;2;No inventariada;;9;2;1;1;;1;1;1;;;1;998
6;1;12;4;4013;;1;1;N-340a;438,6;5;4;2;;;1;1;1;;;1;1
6;7;15;4;4013;;3;2;No inventariada;;9;4;1;4;;1;1;1;;;1;998
6;2;0;4;4013;;3;2;No inventariada;;9;16;2;;;1;4;1;;;1;998
6;3;17;4;4013;;3;2;No inventariada;;9;10;2;;;8;1;1;;;1;998
6;1;13;4;4013;;3;2;No inventariada;;9;2;1;4;;1;1;1;;;1;998
6;1;14;4;4013;;3;2;No inventariada;;9;2;1;2;;1;1;1;;;1;998
6;4;8;4;4013;;3;2;No inventariada;;9;2;1;4;;1;1;1;;;1;998
6;1;16;4;4013;;3;2;No inventariada;;9;4;1;4;;1;1;1;;;1;998
6;4;22;4;4013;;1;1;N-344a;10,6;6;3;1;4;;1;2;1;;;1;1
6;5;18;4;4013;;1;1;CAL-0;0,5;10;2;2;;;1;1;1;;;1;1
6;4;17;4;4013;;3;2;No inventariada;;9;2;1;1;;1;1;1;;;1;998
6;1;16;4;4013;;3;2;No inventariada;;9;10;2;;;1;1;1;;;1;998
6;7;17;4;4013;;3;2;No inventariada;;9;2;1;2;;1;1;1;;;1;998
6;1;19;4;4013;;3;2;No inventariada;;9;10;1;4;;1;1;1;;;1;998
6;4;17;4;4013;;3;2;No inventariada;;9;2;2;;;1;1;1;;;1;998
6;7;7;4;4013;;3;2;No inventariada;;7;19;1;5;;7;2;1;;;1;998
6;4;12;4;4013;;3;2;No inventariada;;9;2;1;4;;1;1;1;;;1;998
6;3;23;4;4013;;3;2;No inventariada;;9;2;1;4;;1;4;1;;;1;998
6;3;17;4;4013;;3;2;No inventariada;;9;7;2;;;1;1;1;;;1;998
7;2;18;4;4013;;3;2;No inventariada;;9;2;1;2;;1;1;1;;;6;998
6;2;23;4;4013;;3;2;No inventariada;;9;2;1;2;;1;4;1;;;1;998
7;5;22;4;4013;;1;1;AL-3116;0,8;6;10;2;;;1;4;1;;;1;1
7;4;18;4;4013;;3;2;No inventariada;;9;2;1;4;;1;1;1;;;1;998
7;7;2;4;4013;;3;2;No inventariada;;9;2;1;1;;1;4;1;;;1;998
7;7;20;4;4013;;1;1;A-7;761,1;3;4;2;;;1;3;1;;;1;1
7;1;7;4;4013;;3;2;No inventariada;;9;10;1;1;;3;1;1;;;1;998
7;5;10;4;4013;;3;2;No inventariada;;9;10;2;;;1;1;1;;;1;998
7;1;13;4;4013;;3;2;No inventariada;;9;10;1;4;;1;1;1;;;1;998
7;5;18;4;4013;;3;2;No inventariada;;9;4;1;4;;1;1;1;;;1;998
6;1;19;4;4013;;3;2;No inventariada;;9;2;1;2;;1;1;1;;;1;998
7;2;19;4;4013;;3;2;No inventariada;;7;7;2;;;1;1;1;;;11;998
7;2;20;4;4013;;3;2;No inventariada;;9;2;1;1;;1;1;1;;;1;998
7;4;9;4;4052;;1;1;N-340a;445,2;6;2;1;4;;1;1;1;;;1;4
7;5;22;4;4013;;3;2;No inventariada;;9;7;2;;;1;5;1;;;9;998
7;6;6;4;4013;;1;1;N-344;10,5;6;1;2;;;1;6;1;;;1;1
7;2;16;4;4013;;3;2;No inventariada;;9;10;2;;;1;1;1;;;1;998
7;1;23;4;4013;;3;2;No inventariada;;9;2;1;2;;1;4;1;;;1;998
7;2;13;4;4013;;1;1;CAL-0;0,1;10;7;2;;;1;1;1;;;1;1
7;7;8;4;4013;;1;1;CAL-9;0;10;7;2;;;1;1;1;;;1;3
7;6;15;4;4013;;3;2;No inventariada;;9;10;1;4;AL-3200;7;1;1;;;1;998
7;7;13;4;4013;;3;2;No inventariada;;9;2;1;4;;1;1;1;;;1;998
7;4;9;4;4013;;1;1;AL-3113;0,3;6;4;1;2;;1;1;1;;;1;1
7;4;11;4;4013;;1;1;AL-3110;0,184;6;2;1;2;;1;1;1;;;1;1
7;4;19;4;4013;;1;1;N-344;13,466;5;3;2;;;1;1;1;;;1;1
7;6;10;4;4013;;3;2;No inventariada;;9;10;2;;;7;1;1;;;1;998
7;6;22;4;4013;;3;2;No inventariada;;9;2;1;2;;1;4;1;;;1;998
7;5;14;4;4052;;1;1;A-7;783;3;12;1;12;;1;1;1;;;1;2
7;2;22;4;4013;;3;2;No inventariada;;9;2;2;;;1;4;1;;;1;998
7;4;11;4;4013;;3;2;No inventariada;;9;10;2;;;1;1;1;;;1;998
7;6;23;4;4013;;3;2;No inventariada;;14;4;2;;;1;4;1;;;1;998
7;4;14;4;4013;;3;2;No inventariada;;9;7;1;1;;1;1;1;;;1;998
7;6;21;4;4013;;3;2;No inventariada;;9;16;1;2;;1;4;1;;;1;998
7;7;13;4;4013;;3;2;No inventariada;;9;2;2;;;1;1;1;;;9;998
7;3;15;4;4013;;3;2;No inventariada;;9;3;1;1;;1;1;1;;;1;998
7;3;14;4;4013;;1;1;AL-3115;7,45;6;2;1;2;DESCONOCID;1;1;1;;;1;1
7;3;14;4;4013;;3;2;No inventariada;;9;1;2;;;1;1;1;;;1;998
7;3;11;4;4052;;1;1;N-340a;445,5;6;4;1;4;;1;1;1;;;1;1
7;2;13;4;4013;;3;2;No inventariada;;9;3;1;1;;1;1;1;;;1;998
7;5;13;4;4101;;1;1;A-1000;2,5;6;3;1;4;AL-3102;1;1;1;;;1;2
7;6;6;4;4013;;1;1;N-344;13,4;5;2;1;4;AL-3114;1;3;1;;;1;1
7;7;5;4;4013;;1;1;A-7;787,663;3;4;2;;;1;6;1;;;1;1
7;1;17;4;4013;;3;2;No inventariada;;9;7;1;1;;3;1;1;;;1;998
7;3;22;4;4013;;3;2;No inventariada;;9;1;1;2;;1;4;1;;;1;998
7;2;5;4;4013;;1;1;N-344;12,1;5;12;2;;;1;4;1;;;1;1
7;2;8;4;4013;;3;2;No inventariada;;9;20;2;;;1;1;1;;;1;998
7;3;7;4;4013;;3;2;No inventariada;;9;10;1;1;;1;1;1;;;1;998
7;3;15;4;4013;;1;1;AL-3113;4,05;6;4;1;4;N-344a;1;1;1;;;1;1
7;1;18;4;4013;;3;2;No inventariada;;9;7;1;1;;1;1;1;;;1;998
8;6;12;4;4013;;3;2;No inventariada;;9;2;2;;;1;1;1;;;1;998
8;7;15;4;4013;;3;2;No inventariada;;9;10;1;2;;1;1;1;;;2;998
7;2;18;4;4013;;3;2;No inventariada;;9;2;1;1;;1;1;1;;;1;998
8;7;10;4;4013;;3;2;No inventariada;;9;1;2;;;1;1;1;;;1;998
8;4;15;4;4013;;3;2;No inventariada;;9;7;1;1;;1;1;1;;;1;998
8;6;12;4;4013;;3;2;No inventariada;;9;4;2;;;1;1;1;;;1;998
8;3;7;4;4013;;1;1;AL-12;3,5;5;3;1;4;AL-3117;1;2;1;;;1;2
8;2;14;4;4013;;3;2;No inventariada;;9;2;1;1;;1;1;1;;;2;998
8;2;15;4;4013;;3;2;No inventariada;;9;2;1;1;;1;1;1;;;1;998
8;5;7;4;4013;;3;2;No inventariada;;9;10;2;;;7;1;1;;;1;998
8;6;18;4;4013;;3;2;No inventariada;;14;4;1;1;;1;1;1;;;1;998
8;6;17;4;4013;;3;2;No inventariada;;9;2;2;;;1;1;1;;;1;998
8;7;15;4;4013;;3;2;No inventariada;;14;2;1;1;;1;1;1;;;1;998
8;1;22;4;4013;;1;1;AL-3115;2,077;6;4;2;;;1;2;1;;;1;1
8;3;13;4;4013;;3;2;No inventariada;;9;2;1;2;;1;1;1;;;1;998
8;2;17;4;4013;;1;1;N-344;18,09;6;2;1;4;N-340;1;1;1;;;1;1
8;4;14;4;4013;;3;2;No inventariada;;9;7;1;2;;1;1;1;;;9;998
8;4;7;4;4013;;3;2;No inventariada;;9;4;1;1;;1;3;1;;;1;998
8;6;16;4;4013;;3;2;No inventariada;;9;3;1;1;;1;1;1;;;1;998
8;7;21;4;4013;;3;2;No inventariada;;9;2;2;;;1;4;1;;;1;998
8;3;17;4;4013;;3;2;No inventariada;;9;2;1;1;;1;1;1;;;1;998
8;2;0;4;4013;;3;2;No inventariada;;14;10;1;4;;1;4;1;;;1;998
8;2;0;4;4013;;3;2;No inventariada;;9;2;1;2;;1;4;1;;;2;998
8;2;19;4;4013;;3;2;No inventariada;;9;2;1;2;;1;1;1;;;1;998
8;2;18;4;4013;;3;2;No inventariada;;9;3;1;2;;1;1;1;;;1;998
7;4;23;4;4013;;3;2;No inventariada;;9;2;1;5;;1;3;1;;;1;998
8;5;22;4;4013;;3;2;No inventariada;;9;2;2;;;1;4;1;;;1;998
8;6;13;4;4013;;3;2;No inventariada;;9;4;2;;;1;1;1;;;1;998
8;6;12;4;4013;;3;2;No inventariada;;9;2;1;1;;1;1;1;;;1;998
8;7;22;4;4013;;1;1;AL-3115;1;6;2;2;;;1;4;1;;;1;2
8;1;8;4;4013;;3;2;No inventariada;;9;2;1;1;;1;1;1;;;9;998
8;1;15;4;4013;;3;2;No inventariada;;9;19;1;1;;1;1;2;;;2;998
8;2;9;4;4013;;3;2;No inventariada;;9;16;1;1;;1;1;1;;;1;998
8;2;11;4;4013;;1;1;A-7;787,224;3;4;2;;;1;1;1;;;1;1
8;3;14;4;4013;;1;1;AL-3115;6,543;6;18;2;;;1;1;1;;;1;3
8;3;19;4;4013;;1;1;N-340a;438,6;6;9;2;;;1;1;1;;;1;1
8;2;17;4;4013;;3;2;No inventariada;;9;10;1;2;;1;1;1;;;1;998
8;1;4;4;4013;;1;1;N-344;14;6;12;1;4;;1;4;1;;;1;1
8;6;17;4;4013;;3;2;No inventariada;;14;12;1;4;;1;1;1;;;1;998
8;6;5;4;4013;;3;2;No inventariada;;14;16;1;2;;1;4;1;;;1;998
9;2;10;4;4013;;3;2;No inventariada;;9;2;1;2;;1;1;1;;;1;998
9;7;0;4;4013;;3;2;No inventariada;;9;4;1;4;;1;4;1;;;1;998
9;6;5;4;4013;;1;1;CAL-0;2,1;10;13;2;;;1;6;1;;;1;2
9;2;14;4;4013;;3;2;No inventariada;;9;2;1;1;;1;1;1;;;1;998
9;2;14;4;4013;;3;2;No inventariada;;14;2;2;;;1;1;1;;;1;998
9;1;12;4;4013;;1;1;N-347AL;3,9;6;4;1;4;N-347AL;1;1;1;;;1;2
9;1;19;4;4013;;3;2;No inventariada;;9;19;2;;;8;1;1;;;1;998
9;2;16;4;4013;;3;2;No inventariada;;9;2;1;4;;1;1;1;;;1;998
9;2;20;4;4013;;1;1;N-344;16,39;6;4;2;;;1;1;1;;;1;1
9;7;19;4;4013;;3;2;No inventariada;;9;1;1;2;;1;1;1;;;1;998
9;2;8;4;4013;;3;2;No inventariada;;9;2;1;1;;1;2;1;;;12;998
9;5;16;4;4013;;3;2;No inventariada;;9;2;1;1;;1;1;1;;;1;998
9;6;1;4;4013;;3;2;No inventariada;;9;10;1;2;;1;4;1;;;1;998
9;6;22;4;4013;;3;2;No inventariada;;9;2;1;2;;1;4;1;;;1;998
9;1;12;4;4013;;1;1;N-340a;445,228;6;10;2;;;7;1;1;;;1;1
9;1;14;4;4013;;3;2;No inventariada;;9;10;2;;;1;1;1;;;1;998
9;2;10;4;4013;;1;1;AL-3115;1,108;6;2;1;4;AL-3115;1;1;1;;;1;2
9;2;12;4;4013;;3;2;No inventariada;;9;4;1;2;;1;1;1;;;1;998
9;4;9;4;4013;;3;2;No inventariada;;9;10;2;;;3;1;2;;;1;998
9;5;7;4;4013;;1;1;AL-3117;1,759;6;1;2;;;1;6;1;;;1;1
9;5;18;4;4013;;3;2;No inventariada;;9;10;1;2;;1;1;1;;;1;998
9;1;19;4;4013;;3;2;No inventariada;;9;2;2;;;1;1;1;;;1;998
9;3;20;4;4013;;3;2;No inventariada;;14;2;2;;;1;4;1;;;1;998
9;5;19;4;4013;;1;1;N-340a;445,2;6;4;1;4;;1;1;1;;;1;2
8;6;2;4;4013;;3;2;No inventariada;;9;1;2;;;1;4;1;;;1;998
9;6;14;4;4013;;3;2;No inventariada;;9;4;2;;;1;1;1;;;1;998
9;6;20;4;4013;;3;2;No inventariada;;9;7;2;;;1;3;2;;;1;998
9;6;20;4;4013;;3;2;No inventariada;;14;2;1;1;;1;4;2;;;1;998
9;1;1;4;4013;;3;2;No inventariada;;9;2;1;1;;1;4;1;;;1;998
9;7;20;4;4013;;3;2;No inventariada;;9;2;1;1;;1;3;2;;;2;998
9;4;7;4;4013;;3;2;No inventariada;;9;2;1;1;;1;1;1;;;1;998
9;4;14;4;4013;;3;2;No inventariada;;9;7;2;;;1;1;1;;;1;998
9;4;16;4;4013;;3;2;No inventariada;;9;4;1;4;;1;1;1;;;1;998
9;4;19;4;4013;;1;1;A-7;759,35;3;3;2;;;1;1;1;;;1;1
9;1;10;4;4013;;3;2;No inventariada;;9;2;2;;;1;1;1;;;1;998
9;2;15;4;4013;;3;2;No inventariada;;14;10;1;4;;7;1;1;;;1;998
9;4;15;4;4013;;3;2;No inventariada;;14;4;2;;;1;1;1;;;1;998
9;6;18;4;4013;;3;2;No inventariada;;9;2;1;2;;1;1;1;;;1;998
9;3;15;4;4013;;3;2;No inventariada;;9;10;1;4;;1;1;1;;;1;998
9;2;15;4;4013;;3;2;No inventariada;;9;2;1;1;;1;1;1;;;1;998
9;5;14;4;4013;;3;2;No inventariada;;9;2;1;2;;1;1;1;;;1;998
9;3;13;4;4013;;3;2;No inventariada;;9;2;2;;;1;1;1;;;1;998
9;4;18;4;4013;;3;2;No inventariada;;9;4;1;2;;1;1;1;;;1;998
9;6;14;4;4013;;3;2;No inventariada;;9;2;1;4;;1;1;1;;;1;998
9;3;20;4;4013;;3;2;No inventariada;;9;2;1;4;;1;4;1;;;1;998
9;7;11;4;4013;;3;2;No inventariada;;9;7;2;;;1;1;1;;;1;998
9;7;18;4;4013;;1;1;AL-3115;9,001;6;5;2;;;1;1;1;;;1;1
9;1;13;4;4013;;3;2;No inventariada;;9;2;1;1;;1;1;1;;;1;998
9;1;21;4;4013;;3;2;No inventariada;;9;7;2;;;1;6;1;;;12;998
10;2;13;4;4013;;1;1;AL-3114;4,2;6;4;2;;;1;1;1;;;1;1
10;3;10;4;4013;;1;1;AL-12;3,5;5;4;1;4;AL-3117;1;1;1;;;1;1
10;3;18;4;4013;;3;2;No inventariada;;9;10;2;;;1;1;1;;;1;998
9;5;13;4;4013;;3;2;No inventariada;;9;2;1;2;;1;1;1;;;1;998
10;6;9;4;4013;;3;2;No inventariada;;9;2;1;1;;1;1;1;;;2;998
9;2;16;4;4013;;3;2;No inventariada;;9;4;1;2;;1;1;1;;;1;998
10;5;14;4;4013;;3;2;No inventariada;;9;2;1;2;;1;1;1;;;1;998
10;5;11;4;4013;;3;2;No inventariada;;14;3;1;4;;1;1;1;;;1;998
10;1;8;4;4013;;3;2;No inventariada;;9;2;2;;;1;1;2;;;1;998
10;5;19;4;4013;;3;2;No inventariada;;9;7;2;;;1;3;1;;;1;998
10;3;21;4;4013;;3;2;No inventariada;;9;16;1;4;;1;4;1;;;1;998
10;6;19;4;4013;;3;2;No inventariada;;14;2;1;1;;1;1;1;;;9;998
10;4;8;4;4013;;3;2;No inventariada;;9;4;2;;;1;1;1;;;1;998
10;4;15;4;4013;;3;2;No inventariada;;9;2;1;4;;1;1;1;;;1;998
10;3;12;4;4013;;3;2;No inventariada;;9;2;1;1;;1;1;1;;;1;998
10;2;0;4;4013;;3;2;No inventariada;;9;2;1;1;;1;3;2;;;1;998
10;3;11;4;4013;;3;2;No inventariada;;9;2;1;1;;1;1;1;;;1;998
10;3;8;4;4013;;3;2;No inventariada;;9;7;1;1;;1;1;2;;;1;998
10;4;9;4;4013;;1;1;N-340a;438,506;6;4;2;;;1;1;1;;;1;1
10;5;16;4;4013;;3;2;No inventariada;;14;2;2;;;1;1;1;;;1;998
9;6;14;4;4013;;3;2;No inventariada;;14;2;1;1;;1;1;1;;;1;998
10;1;11;4;4013;;3;2;No inventariada;;14;2;1;1;;1;1;1;;;1;998
10;4;16;4;4013;;3;2;No inventariada;;9;2;1;1;;1;1;1;;;1;998
10;6;13;4;4013;;3;2;No inventariada;;9;2;1;1;;1;1;1;;;2;998
10;3;11;4;4013;;3;2;No inventariada;;9;2;1;5;;1;1;1;;;1;998
10;5;20;4;4013;;3;2;No inventariada;;9;2;1;2;;1;2;1;;;1;998
10;7;2;4;4013;;3;2;No inventariada;;14;16;1;2;;1;4;1;;;1;998
10;2;8;4;4079;;1;1;A-7;795,2;3;4;2;;;1;1;1;;;1;1
10;6;21;4;4013;;3;2;No inventariada;;9;20;1;1;;1;3;1;;;1;998
10;2;18;4;4013;;3;2;No inventariada;;14;2;1;4;;1;1;1;;;1;998
10;4;15;4;4013;;3;2;No inventariada;;9;4;1;4;;1;1;1;;;1;998
10;2;11;4;4013;;3;2;No inventariada;;9;16;2;;;1;1;1;;;1;998
10;2;15;4;4013;;3;2;No inventariada;;9;3;2;;;1;1;1;;;1;998
10;4;11;4;4013;;3;2;No inventariada;;9;10;1;4;;7;1;1;;;1;998
10;5;9;4;4013;;3;2;No inventariada;;9;2;2;;;1;1;2;;;1;998
10;3;13;4;4013;;3;2;No inventariada;;9;2;2;;;1;1;1;;;1;998
10;5;22;4;4013;;1;1;A-7;771,99;3;16;2;;;1;6;1;;;1;1
10;3;10;4;4013;;3;2;No inventariada;;9;4;1;4;;1;1;1;;;1;998
10;4;12;4;4013;;3;2;No inventariada;;9;10;1;4;;7;1;2;;;1;998
10;1;17;4;4013;;3;2;No inventariada;;9;2;1;4;;1;1;1;;;1;998
10;2;12;4;4013;;3;2;No inventariada;;9;7;2;;;1;1;1;;;1;998
10;2;13;4;4013;;3;2;No inventariada;;14;4;2;;;1;1;1;;;1;998
11;5;8;4;4013;;1;1;AL-3116;1,272;6;1;2;;;1;1;1;;;17;3
11;6;0;4;4013;;3;2;No inventariada;;9;16;2;;;1;3;1;;;1;998
11;5;20;4;4013;;1;1;AL-12;3,5;5;4;1;4;;1;4;1;;;1;1
11;6;11;4;4013;;1;1;AL-3115;5,031;6;4;1;2;;1;1;1;;;1;1
11;6;11;4;4013;;1;1;AL-3115;5,022;6;4;2;;;1;1;1;;;1;1
11;6;13;4;4013;;3;2;No inventariada;;9;2;1;1;;1;1;1;;;1;998
11;6;18;4;4013;;1;1;AL-3117;0;6;4;1;4;AL-12;1;4;1;;;1;1
11;5;21;4;4013;;3;2;No inventariada;;14;2;1;1;;1;4;1;;;1;998
11;6;21;4;4013;;3;2;No inventariada;;9;4;2;;;1;4;1;;;1;998
10;4;10;4;4013;;3;2;No inventariada;;9;10;2;;;1;1;1;;;1;998
11;3;8;4;4013;;3;2;No inventariada;;9;4;2;;;1;1;1;;;1;998
11;1;20;4;4013;;3;2;No inventariada;;14;10;2;;;3;4;1;;;1;998
11;5;11;4;4013;;3;2;No inventariada;;9;4;1;1;;1;1;1;;;1;998
11;4;15;4;4013;;3;2;No inventariada;;9;2;1;4;;1;1;1;;;1;998
11;4;19;4;4013;;1;1;A-7;761,347;3;4;2;;;1;2;1;;;1;1
11;5;9;4;4013;;3;2;No inventariada;;9;4;2;;;1;1;1;;;1;998
10;5;20;4;4013;;3;2;No inventariada;;9;16;2;;;1;4;1;;;1;998
10;5;9;4;4013;;3;2;No inventariada;;9;7;1;1;;1;1;1;;;1;998
10;3;16;4;4013;;3;2;No inventariada;;9;2;1;1;;1;1;1;;;1;998
10;3;13;4;4013;;3;2;No inventariada;;9;2;1;1;;1;1;1;;;1;998
10;1;13;4;4013;;3;2;No inventariada;;9;;;;;999;999;999;;;999;998
10;7;17;4;4013;;3;2;No inventariada;;9;2;1;2;;1;1;1;;;1;998
10;6;16;4;4013;;3;2;No inventariada;;9;7;1;1;;1;1;1;;;1;998
11;3;17;4;4013;;1;1;N-344;18;6;2;1;5;;1;1;2;;;1;1
11;2;17;4;4013;;3;2;No inventariada;;9;17;2;;;1;1;1;;;1;998
11;2;16;4;4013;;3;2;No inventariada;;9;7;2;;;1;1;1;;;1;998
11;6;15;4;4013;;1;1;AL-3117;1,517;6;12;2;;;1;1;1;;;1;1
11;7;13;4;4013;;3;2;No inventariada;;9;4;1;1;;1;1;1;;;1;998
11;2;20;4;4013;;3;2;No inventariada;;9;7;1;2;;1;4;1;;;9;998
11;3;13;4;4013;;3;2;No inventariada;;14;2;2;;;1;1;1;;;1;998
11;7;22;4;4013;;3;2;No inventariada;;9;2;2;;;1;3;1;;;1;998
11;2;19;4;4013;;3;2;No inventariada;;9;7;1;2;;1;4;1;;;1;998
11;5;18;4;4013;;3;2;No inventariada;;9;7;2;;;1;3;1;;;1;998
11;4;12;4;4013;;1;1;AL-3115;6,2;6;15;2;;;1;6;1;;;1;1
11;7;15;4;4013;;3;2;No inventariada;;14;19;1;2;;1;1;1;;;1;998
11;1;15;4;4013;;1;1;A-7;786,073;8;4;1;4;;1;1;1;;;1;1
11;6;23;4;4013;;1;1;AL-3104;5,8;6;2;1;2;N-344;1;5;1;;;1;1
11;7;21;4;4013;;3;2;No inventariada;;9;2;1;1;;1;4;1;;;1;998
11;4;20;4;4013;;3;2;No inventariada;;9;2;1;1;;1;4;1;;;1;998
11;7;19;4;4013;;3;2;No inventariada;;9;2;1;2;;1;4;1;;;1;998
10;1;8;4;4013;;3;2;No inventariada;;9;16;1;1;;1;1;1;;;1;998
11;2;7;4;4013;;3;2;No inventariada;;9;2;1;4;;1;4;1;;;1;998
11;4;19;4;4013;;3;2;No inventariada;;9;10;2;;;1;4;1;;;1;998
11;3;7;4;4013;;3;2;No inventariada;;9;2;1;4;;1;1;1;;;1;998
11;4;13;4;4013;;3;2;No inventariada;;9;3;1;2;;1;1;1;;;1;998
11;4;18;4;4013;;1;1;A-7;783,98;3;3;2;;;1;2;1;;;1;1
11;5;12;4;4013;;3;2;No inventariada;;9;4;2;;;1;1;1;;;1;998
11;4;13;4;4013;;3;2;No inventariada;;9;10;1;2;;1;1;1;;;1;998
11;4;20;4;4013;;3;2;No inventariada;;9;2;1;2;;1;4;1;;;2;998
11;6;10;4;4013;;3;2;No inventariada;;9;16;2;;;1;1;1;;;1;998
12;7;10;4;4013;;3;2;No inventariada;;9;2;1;1;;1;1;1;;;1;998
12;7;14;4;4013;;3;2;No inventariada;;9;4;1;1;;1;1;1;;;1;998
12;1;10;4;4013;;1;1;AL-3115;0,343;5;10;1;4;;3;1;1;;;1;1
12;2;9;4;4013;;3;2;No inventariada;;9;20;2;;;1;1;1;;;1;998
12;2;13;4;4013;;1;1;N-340a;438,5;6;3;2;;;1;1;1;;;1;1
12;2;13;4;4013;;3;2;No inventariada;;14;4;2;;;1;1;1;;;1;998
11;2;20;4;4013;;3;2;No inventariada;;9;2;1;1;;1;4;1;;;1;998
12;3;21;4;4052;;1;1;N-340a;446;6;2;1;4;A-1000;1;4;1;;;1;3
11;3;14;4;4013;;3;2;No inventariada;;9;7;2;;;1;1;1;;;1;998
12;4;11;4;4013;;3;2;No inventariada;;9;10;2;;;7;1;1;;;1;998
11;3;19;4;4013;;3;2;No inventariada;;9;7;1;2;;1;4;1;;;1;998
12;6;14;4;4013;;3;2;No inventariada;;9;2;1;1;;1;1;1;;;1;998
12;7;20;4;4013;;1;1;CAL-10;1;10;15;2;;;1;6;1;;;1;1
11;6;18;4;4013;;3;2;No inventariada;;9;1;1;4;;1;6;1;;;1;998
12;3;11;4;4013;;3;2;No inventariada;;14;12;1;4;;1;1;1;;;18;998
12;2;0;4;4013;;3;2;No inventariada;;9;2;1;1;;1;4;1;;;1;998
12;3;18;4;4013;;1;1;AL-3110;0,152;6;5;1;2;;1;4;1;;;9;1
11;4;21;4;4013;;3;2;No inventariada;;9;4;1;1;;1;4;1;;;1;998
12;3;5;4;4013;;1;1;AL-3115;5,834;6;16;2;;;1;6;1;;;1;1
11;2;17;4;4013;;3;2;No inventariada;;9;2;1;1;;1;1;1;;;1;998
12;2;20;4;4013;;3;2;No inventariada;;9;10;1;1;;1;1;1;;;1;998
12;5;7;4;4013;;3;2;No inventariada;;9;7;1;1;;1;1;1;;;9;998
12;5;6;4;4013;;3;2;No inventariada;;9;19;1;1;;3;4;2;;;1;998
12;4;0;4;4013;;3;2;No inventariada;;9;;;;;999;999;999;;;999;998