MES;DIA_SEMANA;HORA;COD_PROVINCIA;COD_MUNICIPIO;ISLA;ZONA;ZONA_AGRUPADA;CARRETERA;KM;TIPO_VIA;TIPO_ACCIDENTE;NUDO;NUDO_INFO;CARRETERA_CRUCE;CONDICION_FIRME;CONDICION_ILUMINACION;CONDICION_METEO;CONDICION_NIEBLA;CONDICION_VIENTO;VISIB_RESTRINGIDA_POR;TRAZADO_PLANTA
11;1;17;4;4013;;3;2;No inventariada;;9;10;1;4;;1;1;1;;;1;998
12;4;11;4;4013;;3;2;No inventariada;;9;3;1;4;;1;1;1;;;1;998
12;6;15;4;4013;;3;2;No inventariada;;9;4;2;;;1;1;1;;;1;998
12;6;21;4;4013;;3;2;No inventariada;;9;2;1;1;;1;4;1;;;1;998
12;7;16;4;4013;;3;2;No inventariada;;9;2;1;2;;1;1;1;;;1;998
12;6;17;4;4013;;3;2;No inventariada;;9;2;1;4;;1;1;2;;;1;998
12;7;13;4;4013;;3;2;No inventariada;;9;3;1;1;;1;1;1;;;1;998
12;5;10;4;4013;;3;2;No inventariada;;9;3;1;2;;1;1;1;;;1;998
6;2;12;4;4035;;1;1;A-7;688,6;3;16;2;;;1;1;1;;;1;1
7;7;13;4;0;;1;1;AL-7105;8,2;6;19;2;;;1;1;1;;;1;3
10;4;14;4;0;;1;1;AL-7105;0,217;6;2;2;;;1;1;1;;;1;3
11;6;9;4;0;;2;2;A-1202;6,217;6;2;1;1;;1;1;1;;;9;1
12;7;18;4;0;;1;1;A-7;694,577;3;18;2;;;1;6;1;;;1;1
2;5;18;4;0;;3;2;No inventariada;;9;16;1;4;;3;5;3;;;1;998
6;4;22;4;0;;1;1;AL-7104;0,7;6;14;2;;;1;6;1;;;12;3
6;2;13;4;0;;1;1;CVE-15;2;10;1;2;;;1;1;1;;;1;1
8;3;0;4;0;;1;1;CVE-7;4;10;12;2;;;1;6;1;;;4;3
11;2;7;4;0;;1;1;AL-3102;55,1;6;8;2;;;1;2;1;;;1;2
2;7;13;4;0;;1;1;AL-6109;10,87;6;19;2;;;1;1;1;;;18;2
2;3;9;4;0;;1;1;AL-6109;4,1;6;13;2;;;1;1;1;;;1;2
9;3;19;4;0;;1;1;N-340a;452,32;6;16;1;4;;1;1;1;;;1;2
11;1;19;4;0;;3;2;No inventariada;;9;2;1;4;;1;4;1;;;1;998
2;1;9;4;4029;;3;2;No inventariada;;9;4;2;;;1;1;1;;;1;998
2;3;14;4;4029;;1;1;A-1179;3,9;6;4;2;;;1;1;2;;;1;1
3;1;10;4;4029;;1;1;A-347;12,95;6;3;2;;;1;1;1;;;1;1
3;5;15;4;4029;;3;2;No inventariada;;9;3;2;;;1;1;1;;;1;998
4;1;14;4;4902;;1;1;A-7;828,85;3;14;2;;;1;1;1;;;1;3
4;3;12;4;4029;;1;1;AL-6300;8,9;6;19;2;;;2;1;1;;;1;2
4;1;14;4;0;;1;1;A-7;831,6;3;6;2;;;1;1;1;;;1;1
5;7;23;4;4029;;1;1;A-358;5,7;6;1;2;;;1;6;1;;;1;3
9;6;21;4;4029;;1;1;A-1175;15,35;6;15;2;;;1;6;1;;;1;2
9;5;18;4;4029;;1;1;CEJ-0;1;10;3;2;;;1;1;1;;;1;3
9;3;18;4;0;;1;1;N-340a;398,6;6;3;2;;;1;1;1;;;1;1
9;4;7;4;4029;;1;1;A-358;3,5;6;2;2;;;1;6;1;;;1;2
10;7;3;4;0;;1;1;N-340a;397,46;6;12;2;;;1;6;1;;;4;2
10;2;16;4;4029;;1;1;A-347;5,546;6;18;2;;;3;1;2;;;1;1
12;7;15;4;0;;1;1;A-7;833;3;2;2;;;1;1;1;;;1;1
11;1;13;4;4029;;2;2;A-358;1,2;6;4;1;1;;1;1;1;;;18;1
1;4;16;4;0;;1;1;A-334;63;3;3;2;;;1;1;1;;;1;1
4;7;21;4;0;;1;1;CVE-0;3;10;16;2;;;1;6;1;;;1;1
7;7;9;4;4006;;1;1;AL-7102;5,772;6;13;2;;;1;1;1;;;1;2
10;7;21;4;0;;1;1;A-334;60;3;4;1;4;A-334;1;6;1;;;1;2
5;4;7;4;4066;;1;1;N-341;6,168;6;2;2;;;1;2;1;;;1;1
7;2;9;4;4032;;1;1;AL-5106;12,138;6;10;1;4;AL-5106;3;1;1;;;1;2
8;3;20;4;4032;;1;1;AL-6112;5,736;6;12;2;;;1;1;1;;;1;2
11;7;14;4;4032;;1;1;N-341;12,2;6;5;1;1;;1;1;1;;;1;1
12;6;17;4;4032;;1;1;AL-5105;0,4;6;18;2;;;1;1;1;;;1;1
12;1;14;4;0;;1;1;A-1100;31,1;6;18;2;;;1;1;1;;;1;3
1;2;17;4;4035;;1;1;CVE-0;0,05;10;1;2;;;1;1;1;;;1;1
2;6;20;4;4035;;1;1;AL-8104;2,9;6;16;2;;;1;4;1;;;1;2
3;2;16;4;4035;;1;1;A-332;9,1;6;2;1;2;AL-8105;1;1;1;;;1;1
3;1;19;4;4035;;2;2;A-332;5,407;6;2;1;2;;1;4;1;;;1;1
4;4;21;4;4035;;1;1;AL-7107;6,083;6;2;1;2;;1;5;1;;;12;1
4;5;20;4;4035;;1;1;A-332;3,4;6;4;2;;;1;1;1;;;1;1
4;3;17;4;4035;;1;1;AL-8104;5,2;6;19;2;;;1;1;1;;;1;1
2;4;15;4;4035;;3;2;No inventariada;;9;5;2;;;1;1;1;;;1;998
6;5;14;4;4035;;1;1;A-1205;0,1;6;15;2;;;1;1;1;;;1;2
6;1;16;4;4035;;1;1;AL-8105;7,857;6;15;2;;;1;1;1;;;1;2
6;7;22;4;4035;;1;1;AL-7107;5,8;6;2;1;1;;1;6;1;;;1;1
6;1;5;4;4035;;1;1;A-332;11,3;6;13;2;;;1;6;1;;;1;2
7;2;13;4;4035;;1;1;A-350;10;6;16;2;;;1;1;1;;;1;1
7;2;20;4;4100;;1;1;A-352;1,6;6;2;1;1;AL-8104;1;2;1;;;1;2
9;5;18;4;4035;;1;1;A-332;9,471;6;16;2;;;1;3;1;;;1;1
9;7;18;4;4035;;1;1;AL-7107;10,237;6;2;2;;;1;1;1;;;1;1
11;6;13;4;4035;;1;1;A-332;15,465;6;4;1;10;;1;1;1;;;1;1
11;6;14;4;4035;;1;1;AL-8105;6,747;6;2;2;;;1;1;1;;;1;3
12;3;4;4;4035;;1;1;AL-8104;2,9;6;18;2;;;1;6;1;;;1;3
12;7;2;4;4035;;1;1;A-1201;3,9;6;14;2;;;1;6;1;;;4;2
12;1;16;4;4035;;1;1;A-332;3,212;6;4;2;;;1;1;1;;;1;1
12;4;16;4;4035;;1;1;A-352;1,4;6;1;1;2;AL-8104;1;1;1;;;1;2
5;3;12;4;0;;1;1;AL-7100;33,262;6;13;2;;;1;1;1;;;1;2
7;5;12;4;0;;1;1;A-399;28,1;6;18;2;;;1;1;1;;;1;2
7;7;11;4;0;;1;1;A-92N;89;3;4;2;;;1;1;1;;;1;1
9;2;12;4;0;;1;1;A-92N;95,3;3;3;2;;;1;1;1;;;1;1
11;7;21;4;0;;1;1;A-92N;97,693;3;4;2;;;1;6;1;;;1;1
12;2;14;4;0;;1;1;A-92N;96,5;3;18;2;;;1;1;1;;;1;1
1;6;18;4;0;;1;1;A-358;8,872;6;2;1;2;;1;6;1;;;1;1
1;2;8;4;0;;1;1;A-358;13,35;6;18;2;;;1;1;1;;;1;2
2;3;16;4;0;;1;1;A-358;8,017;6;1;2;;;1;1;1;;;1;3
2;5;18;4;0;;1;1;A-358;13,1;6;2;2;;;3;1;3;;;1;2
3;7;16;4;0;;1;1;A-358;12,85;6;1;2;;;1;1;1;;;1;2
5;4;13;4;0;;1;1;A-358;8,863;6;2;1;2;;1;1;1;;;1;1
5;5;9;4;0;;1;1;A-358;11,25;6;4;2;;;1;1;1;;;1;1
8;1;2;4;0;;1;1;CEJ-0;0,5;10;15;2;;;2;6;1;;;1;1
11;5;9;4;0;;1;1;A-358;11,6;6;1;2;;;1;1;1;;;1;1
1;2;15;4;0;;1;1;A-7;792,9;3;4;2;;;1;1;1;;;1;1
5;3;22;4;0;;1;1;A-7;792,7;3;4;2;;;1;6;1;;;1;1
5;3;6;4;0;;1;1;N-340a;433,8;6;1;2;;;1;6;1;;;1;1
5;5;19;4;0;;1;1;N-340a;433,98;6;1;2;;;1;1;1;;;1;2
11;7;1;4;0;;1;1;A-7;794,4;3;1;2;;;1;6;1;;;1;1
12;4;15;4;0;;1;1;A-7;795;3;5;2;;;1;1;1;;;1;1
1;2;2;4;0;;1;1;A-334;57,9;6;2;2;;;1;5;1;;;1;1
6;5;0;4;0;;1;1;A-334;64;3;12;2;;;1;6;1;;;18;3
12;5;21;4;0;;1;1;A-334;58,035;6;1;2;;;1;6;1;;;1;1
12;3;17;4;0;;3;2;No inventariada;;9;4;2;;;1;5;1;;;1;998
6;4;15;4;0;;1;1;A-348;90,4;6;15;2;;;1;1;1;;;1;2
6;3;14;4;0;;1;1;A-348;90,25;6;15;2;;;3;1;3;;;1;2
8;3;9;4;0;;1;1;A-92;382;3;2;1;4;N-340a;1;1;1;;;1;2
10;3;14;4;0;;1;1;AL-3411;1,354;6;7;2;;;1;1;1;;;1;1
11;4;19;4;0;;1;1;A-348;131,165;6;4;2;;;1;6;1;;;1;1
2;2;7;4;4100;;1;1;A-7;703,143;3;4;2;;;1;2;1;;;1;1
3;7;23;4;0;;1;1;N-340a;523,6;6;2;1;1;N-340a;1;6;2;;;1;1
4;7;13;4;0;;1;1;A-7;706,5;3;9;2;;;1;1;1;;;1;1
6;3;17;4;0;;1;1;A-7;713,4;3;15;2;;;1;1;1;;;1;1
6;5;15;4;0;;1;1;A-7;709,5;3;4;2;;;1;1;1;;;1;1
8;5;11;4;0;;1;1;A-370;0,15;6;4;2;;;1;1;1;;;1;1
11;4;15;4;0;;1;1;N-340a;521,168;6;2;1;2;;1;1;1;;;6;1
1;5;20;4;4049;;1;1;A-370;10,1;6;1;1;1;;1;6;1;;;1;2
5;2;14;4;4064;;1;1;A-370;9,861;6;2;1;2;A-370;1;1;1;;;1;2
9;3;13;4;4064;;1;1;A-370;9,05;6;18;2;;;1;1;1;;;1;1
8;5;18;4;4049;;3;2;No inventariada;;9;3;1;2;;1;1;1;;;1;998
11;2;10;4;4049;;3;2;No inventariada;;9;4;2;;;1;1;1;;;1;998
1;5;16;4;0;;1;1;A-92;360,038;3;15;2;;;1;1;1;;1;1;1
1;7;13;4;0;;1;1;A-1178;36,85;6;13;2;;;1;1;1;;;12;2
2;5;12;4;0;;1;1;A-1178;42,612;6;15;2;;;1;1;2;;;4;2
3;4;11;4;0;;1;1;A-92;363,125;3;4;2;;;1;1;2;;;1;1
4;6;11;4;0;;1;1;AL-4404;4,311;6;19;2;;;1;1;1;;;1;2
4;4;19;4;0;;3;2;No inventariada;;9;7;2;;;1;1;1;;;1;998
6;7;13;4;0;;1;1;A-1178;37,565;6;17;2;;;1;1;1;;;1;2
1;6;22;4;4052;;1;1;A-7;780,898;3;12;2;;;1;5;1;;;1;1
5;3;9;4;4052;;3;2;No inventariada;;9;2;1;4;;1;1;1;;;1;998
6;3;16;4;4052;;3;2;No inventariada;;9;2;1;2;;1;1;1;;;1;998
6;7;16;4;4052;;3;2;No inventariada;;9;2;2;;;1;1;1;;;1;998
10;7;13;4;4052;;1;1;N-340a;448;6;18;2;;;1;1;1;;;1;3
10;5;16;4;4052;;1;1;A-7;781,5;3;4;2;;;1;1;1;;;1;1
10;6;14;4;4052;;2;2;AL-3101;446;6;4;1;4;;1;1;1;;;1;1
10;3;17;4;4052;;3;2;No inventariada;;9;4;2;;;1;1;1;;;1;998
10;2;20;4;4052;;3;2;No inventariada;;9;2;1;2;;1;4;2;;;1;998
10;5;13;4;4052;;3;2;No inventariada;;9;4;2;;;1;1;1;;;1;998
11;3;15;4;4052;;1;1;N-340a;446,7;6;4;1;4;;1;1;1;;;1;1
12;1;13;4;4052;;3;2;No inventariada;;9;2;1;2;;1;1;1;;;1;998
12;3;7;4;4101;;1;1;A-7;779;3;4;2;;;1;3;1;;;1;1
11;6;12;4;4052;;3;2;No inventariada;;9;20;1;4;;1;1;1;;;1;998
1;3;14;4;4053;;1;1;N-340a;548,266;6;19;2;;;1;1;1;;;1;2
1;5;8;4;4053;;1;1;A-327;27,189;6;2;2;;;1;2;2;;;1;1
1;2;7;4;4053;;1;1;A-350;9,1;6;2;1;2;;1;2;1;;;1;3
2;2;13;4;4053;;1;1;A-7;688,401;3;17;2;;;1;1;1;;;1;1
2;5;7;4;4053;;1;1;A-350;2,7;6;4;2;;;1;2;1;;;1;1
2;5;2;4;4053;;1;1;A-7;686,7;3;12;2;;;1;6;1;;;1;1
2;4;13;4;4053;;3;2;No inventariada;;9;2;1;2;;1;1;1;;;1;998
3;5;21;4;4053;;1;1;A-7;678,1;3;12;2;;;1;6;1;;;1;1
4;5;9;4;4053;;1;1;A-7;677,377;3;18;2;;;1;1;1;;;1;1
4;5;19;4;4053;;1;1;A-7;675,75;3;18;2;;;1;2;1;;;1;1
3;4;19;4;4053;;3;2;No inventariada;;9;7;1;1;;1;3;1;;;1;998
3;1;14;4;4053;;3;2;No inventariada;;9;7;2;;;1;1;1;;;1;998
4;1;11;4;4053;;3;2;No inventariada;;9;7;2;;;1;1;1;;;18;998
2;1;16;4;4053;;3;2;No inventariada;;9;3;1;2;;1;1;1;;;1;998
2;3;18;4;4053;;3;2;No inventariada;;9;2;1;1;;1;1;1;;;1;998
4;2;13;4;4053;;1;1;N-340a;552,5;6;7;2;;;1;1;1;;;1;2
4;7;10;4;4053;;1;1;AL-7101;24,041;6;19;2;;;1;1;1;;;1;2
5;1;15;4;4053;;1;1;A-7;675;3;14;1;10;;1;1;2;;;1;1
5;3;20;4;4053;;1;1;AL-7101;25;6;18;2;;;1;1;1;;;1;1
6;6;13;4;4053;;1;1;A-350;6,3;6;1;2;;;1;1;1;;;1;1
6;4;19;4;4053;;1;1;A-7;678,777;3;4;2;;;1;1;1;;;1;2
4;4;14;4;4053;;3;2;No inventariada;;9;7;1;2;;1;1;1;;;1;998
4;2;10;4;4053;;3;2;No inventariada;;9;7;1;2;;1;1;1;;;1;998
4;3;21;4;4053;;3;2;No inventariada;;9;4;1;2;;1;4;1;;;1;998
5;4;18;4;4053;;3;2;No inventariada;;9;7;1;1;;1;1;1;;;1;998
5;2;16;4;4053;;3;2;No inventariada;;9;2;1;1;;1;1;1;;;1;998
7;4;16;4;4053;;1;1;A-7;686,034;8;12;1;4;;1;1;1;;;1;2
6;3;13;4;4053;;3;2;No inventariada;;9;4;2;;;1;1;1;;;1;998
6;5;22;4;4053;;3;2;No inventariada;;9;10;1;1;;1;4;1;;;1;998
6;6;12;4;4053;;3;2;No inventariada;;11;7;2;;;1;1;1;;;1;998
6;5;21;4;4053;;3;2;No inventariada;;9;4;2;;;1;1;1;;;1;998
7;1;12;4;4053;;1;1;A-334R4;5,1;6;15;2;;;1;1;1;;;1;1
8;5;20;4;4053;;1;1;A-7;685;3;4;2;;;1;2;1;;;1;1
8;2;23;4;4053;;1;1;A-334;88;3;3;2;;;1;6;1;;;1;2
8;5;7;4;4053;;1;1;A-7;686,041;3;12;1;4;A-334;1;3;1;;;1;2
8;4;6;4;4053;;3;2;No inventariada;;9;16;1;4;;1;4;1;;;1;998
8;4;1;4;4053;;3;2;No inventariada;;9;7;1;1;;1;4;1;;;1;998
9;3;10;4;4053;;3;2;No inventariada;;9;2;1;1;;1;1;1;;;1;998
11;4;13;4;4053;;1;1;A-350;9,1;6;4;2;;;1;1;2;;;18;3
11;6;20;4;4053;;1;1;CHO-0;0,5;10;15;2;;;2;6;1;;;12;1
12;3;22;4;4053;;1;1;A-350;5,372;6;8;2;;;1;6;1;;;1;1
12;4;10;4;4053;;1;1;A-350;6,436;6;19;2;;;1;1;1;;;1;1
10;7;11;4;0;;1;1;AL-5402;5,6;6;14;2;;;3;1;2;;;1;2
8;6;10;4;0;;1;1;A-1101;15,2;6;9;2;;;1;1;1;;;1;3
4;3;14;4;0;;1;1;AL-3107;5,95;6;13;2;;;1;1;1;;;1;2
3;7;21;4;4062;;1;1;CVE-0;1,15;10;17;2;;;1;6;1;;;1;2
4;4;13;4;4062;;1;1;AL-6104;0;6;4;1;2;A-349;1;1;1;;;1;1
5;4;20;4;4062;;3;2;No inventariada;;9;7;2;;;1;1;1;;;1;998
1;6;18;4;0;;1;1;A-317;131,6;6;15;2;;;1;6;1;;;18;1
2;7;5;4;4064;;1;1;A-370;9,1;6;18;2;;;1;6;1;;;1;1
2;2;13;4;4064;;3;2;No inventariada;;9;3;1;2;;1;1;1;;;1;998
3;5;20;4;4064;;3;2;No inventariada;;14;15;2;;;1;4;1;;;12;998
3;7;18;4;4064;;3;2;No inventariada;;9;6;2;;;1;1;1;;;1;998
3;1;8;4;4064;;3;2;No inventariada;;9;2;2;;;1;1;1;;;1;998
4;3;6;4;4064;;1;1;AL-5107;11,887;6;12;2;;;1;6;1;;;1;1
4;3;9;4;4064;;3;2;No inventariada;;9;10;1;4;;1;1;1;;;1;998
6;5;10;4;4064;;3;2;No inventariada;;9;2;1;4;;1;1;1;;;1;998
6;6;22;4;4064;;3;2;No inventariada;;9;12;1;4;;1;4;1;;;1;998
7;7;19;4;4064;;1;1;AL-5107;6,2;6;3;2;;;1;1;1;;;1;1
6;7;12;4;4064;;3;2;No inventariada;;9;10;2;;;1;1;1;;;1;998
7;4;19;4;4064;;3;2;No inventariada;;9;4;2;;;1;1;1;;;1;998
7;6;22;4;4064;;3;2;No inventariada;;9;7;2;;;1;4;1;;;1;998
9;7;11;4;4064;;3;2;No inventariada;;9;2;2;;;1;1;1;;;1;998
11;4;22;4;4064;;1;1;AL-5107;4,9;6;17;2;;;3;6;3;1;;1;2
12;3;19;4;0;;1;1;A-92;352,5;3;5;2;;;1;6;1;;;1;1
1;4;19;4;4066;;1;1;AL-3201;4,6;6;2;2;;;1;6;2;;;1;1
1;1;16;4;4066;;1;1;AL-3111;8,405;6;3;2;;;1;1;1;;;1;1
1;7;4;4;4066;;1;1;AL-3108;19,609;6;18;2;;;1;6;1;;;4;3
1;3;12;4;4066;;1;1;AL-3118;1,376;6;10;2;;;1;1;1;;;1;1
2;1;14;4;4066;;1;1;AL-3201;2,8;6;18;2;;;1;1;1;;;1;1
2;7;16;4;4066;;1;1;AL-3111;4,506;6;20;1;2;;1;1;1;;;1;1
2;7;18;4;4066;;1;1;AL-3106;4,5;6;2;1;2;;1;2;1;;;1;3
2;6;15;4;4066;;1;1;AL-3111;8,509;6;16;2;;;1;1;1;;;1;2
3;6;19;4;4066;;1;1;AL-3111;5,4;6;4;1;1;;3;6;2;;;1;1
3;4;18;4;4066;;1;1;AL-3108;5,703;6;3;2;;;1;1;1;;;1;1
4;2;15;4;4066;;1;1;CAL-0;0,9;10;14;2;;;1;1;1;;;1;3
4;3;22;4;4066;;1;1;AL-3111;4;6;8;2;;;1;6;1;;;1;1
4;1;8;4;4066;;1;1;AL-3112;11,95;6;2;1;4;AL-3112;1;2;1;;;6;1
4;1;10;4;4066;;1;1;AL-3118;4,823;6;3;1;1;;1;6;1;;;1;1
4;7;18;4;4066;;1;1;AL-3108;2;6;16;1;4;;1;1;1;;;1;2
5;2;22;4;4066;;3;2;No inventariada;;9;10;1;1;;8;4;1;;;1;998
5;6;7;4;4013;;1;1;AL-3111;0,323;6;2;1;7;AL-3112;1;1;1;;;1;1
1;5;8;4;4066;;3;2;No inventariada;;9;7;1;4;;1;2;1;;;1;998
1;1;14;4;4066;;3;2;No inventariada;;9;2;1;4;;1;1;1;;;1;998
2;5;6;4;4066;;3;2;No inventariada;;9;2;1;4;;1;4;1;;;1;998
5;3;14;4;0;;1;1;A-7;733;3;15;2;;;1;1;1;;1;18;2
3;7;10;4;4066;;3;2;No inventariada;;9;2;1;1;;1;1;1;;;2;998
3;6;15;4;4066;;3;2;No inventariada;;9;7;1;1;;1;1;1;;;1;998
3;1;1;4;4066;;3;2;No inventariada;;9;7;1;4;;1;4;1;;;1;998
3;7;13;4;4066;;3;2;No inventariada;;9;7;1;2;;1;1;1;;;11;998
5;6;22;4;4066;;1;1;AL-3106;6,475;6;16;2;;;1;5;1;;;1;1
6;7;0;4;4066;;1;1;AL-3106;1,54;6;16;1;4;;1;6;1;;;1;2
6;5;0;4;4013;;1;1;AL-3201;0,648;6;4;2;;;1;4;1;;;1;1
6;4;14;4;4066;;3;2;No inventariada;;9;2;1;4;;1;1;1;;;1;998
6;4;15;4;4066;;1;1;AL-3106;6,7;6;2;1;2;;1;1;1;;;1;1
6;7;10;4;4066;;1;1;CAL-5;8;10;15;2;;;1;1;1;;;1;3
6;3;18;4;4066;;1;1;CAL-5;2,007;10;2;2;;;1;1;1;;;4;1
7;2;6;4;4066;;1;1;N-341;1,55;6;2;2;;;1;2;1;;;1;1
7;7;11;4;4066;;1;1;CAL-7;3,1;10;18;2;;;1;1;1;;;1;3
7;4;0;4;4066;;1;1;AL-3111;5,4;6;1;2;;;1;6;1;;;1;1
7;5;10;4;4066;;1;1;A-7;749,8;3;4;2;;;1;1;1;;;1;1
7;7;17;4;4066;;1;1;AL-3107;20,335;6;17;2;;;1;1;1;;;4;2
7;5;15;4;4066;;1;1;AL-3201;6,9;6;4;2;;;1;1;1;;;1;3
7;2;7;4;4066;;1;1;AL-3111;8,162;6;3;1;2;;1;1;1;;;1;1
7;5;14;4;4066;;1;1;AL-3106;10,874;6;2;1;2;;1;1;1;;;1;1
8;4;20;4;4066;;1;1;AL-4200;3,3;6;2;1;2;;1;2;1;;;1;1
8;5;7;4;4013;;1;1;A-7;758;7;7;2;;;1;1;1;;;1;1
4;3;6;4;4066;;3;2;No inventariada;;9;2;1;4;;1;4;1;;;1;998
6;4;20;4;4066;;3;2;No inventariada;;9;2;1;4;;1;1;1;;;1;998
8;2;2;4;4066;;1;1;AL-3106;10,2;6;7;2;;;1;6;1;;;1;1
9;3;0;4;4066;;1;1;A-7;754,352;8;14;2;;;1;6;1;;;1;3
9;4;16;4;4066;;1;1;AL-3108;7,18;6;1;1;1;AL-3108;1;1;1;;;1;1
9;5;10;4;4066;;1;1;AL-3108;7,694;6;3;1;2;;1;6;1;;;18;1
10;2;7;4;4066;;1;1;CAL-1;0,65;10;2;1;2;;1;6;1;;;1;1
10;5;21;4;4066;;2;2;AL-3111;8,189;6;4;2;;;1;4;1;;;1;1
10;6;7;4;4066;;1;1;AL-3111;8,405;6;2;2;;;1;1;1;;;1;1
10;1;20;4;4066;;1;1;AL-3118;1,306;6;15;2;;;3;6;1;;;1;3
10;1;22;4;4066;;1;1;AL-3106;3;6;18;2;;;3;6;3;;;1;2
10;3;20;4;4066;;1;1;AL-3111;9,829;6;4;1;4;;1;4;1;;;1;2
10;5;7;4;4066;;1;1;AL-3111;10,501;6;2;1;4;;1;6;1;;;1;1
10;2;19;4;4066;;1;1;AL-3111;4,336;6;16;1;2;;1;6;7;;;1;1
11;2;10;4;4066;;1;1;CAL-0;7,25;10;16;1;2;;1;1;1;;;17;1
11;4;21;4;4013;;1;1;AL-3112;0,65;6;7;2;;;1;6;1;;;1;1
11;6;21;4;4066;;1;1;AL-3111;4,4;6;4;2;;;1;6;1;;;1;1
10;2;20;4;4066;;1;1;AL-3108;4,3;6;4;2;;;1;6;1;;;1;1
11;6;13;4;4066;;1;1;AL-3106;6,69;6;7;2;;;1;1;1;;;1;1
11;1;17;4;4066;;1;1;CAL-0;0,3;10;2;1;1;;1;1;1;;;3;1
11;2;12;4;4013;;1;1;CAL-0;3,064;10;3;2;;;1;1;1;;;1;3
11;4;7;4;0;;1;1;AL-3103;6,184;6;2;2;;;1;6;1;;;1;1
12;1;7;4;4066;;1;1;AL-3108;4,921;6;1;2;;;1;6;1;;;1;1
12;4;21;4;4066;;1;1;AL-3108;5;6;18;2;;;1;6;1;;;1;1
12;7;21;4;4066;;1;1;AL-3111;6,115;6;16;2;;;1;6;1;;;12;1
12;7;14;4;4066;;1;1;AL-3111;4,5;6;4;1;1;;1;1;1;;;1;1
7;5;2;4;4066;;3;2;No inventariada;;9;6;2;;;1;4;1;;;1;998
7;6;10;4;4066;;3;2;No inventariada;;9;7;1;1;;1;1;1;;;1;998
7;6;0;4;4066;;3;2;No inventariada;;9;2;1;4;;1;4;1;;;18;998
12;5;13;4;4066;;1;1;AL-3111;8;6;4;2;;;1;1;1;;;1;1
12;5;15;4;4066;;1;1;AL-4200;7,1;6;2;2;;;1;1;1;;;1;1
12;6;22;4;4066;;1;1;AL-3201;2,427;6;18;2;;;1;6;1;;;1;1
12;5;7;4;4013;;1;1;AL-3111;0,4;6;4;2;;;1;2;1;;;1;1
6;6;13;4;0;;1;1;A-1178;41,865;6;15;2;;;1;1;1;;;1;2
6;5;13;4;0;;1;1;A-334;57;6;2;2;;;1;1;1;;;1;1
7;7;4;4;0;;1;1;A-334;52,5;6;16;1;4;;1;6;1;;;1;1
8;1;7;4;4069;;1;1;A-334;55,8;6;18;2;;;1;1;1;;;1;1
11;1;11;4;4069;;3;2;No inventariada;;9;7;1;2;;1;1;2;;;1;998
11;7;21;4;0;;1;1;A-399;21,746;6;18;2;;;1;6;2;;;1;2
3;3;9;4;0;;1;1;AL-5402;7,95;6;18;2;;;1;1;1;;;4;2
5;4;9;4;0;;1;1;CEJ-0;2;10;18;2;;;1;1;1;;;1;2
4;1;14;4;0;;1;1;AL-3117;6,408;6;4;2;;;1;1;1;;;1;1
4;6;15;4;0;;1;1;A-92;390,8;3;16;2;;;1;1;1;;;1;2
5;4;19;4;0;;1;1;AL-3117;9,7;6;2;2;;;1;1;1;;;1;1
8;5;0;4;0;;1;1;AL-3117;7,086;6;16;2;;;1;6;1;;;1;1
8;5;6;4;0;;1;1;A-92;387;3;8;2;;;3;6;3;;;1;1
4;1;9;4;4075;;1;1;A-1201;15,041;6;16;2;;;3;1;2;;;1;1
5;2;22;4;4075;;1;1;A-1201;15,8;6;4;2;;;1;6;1;;;1;1
2;3;18;4;4075;;3;2;No inventariada;;9;4;1;2;;1;1;1;;;1;998
2;1;10;4;4075;;3;2;No inventariada;;9;2;2;;;1;1;1;;;1;998
6;3;13;4;4035;;1;1;A-1201;8,669;6;2;1;2;A-1201;1;1;1;;;1;1
8;6;17;4;4075;;1;1;A-1205;9,69;6;5;2;;;1;1;1;;;1;1
8;7;0;4;4075;;1;1;A-332;29,6;6;1;2;;;1;6;1;;;1;3
9;2;8;4;4075;;1;1;A-350;10,7;6;1;2;;;1;1;1;;;1;1
10;1;15;4;4075;;1;1;A-332;24,3;6;14;2;;;3;1;2;;;1;2
12;5;16;4;4075;;1;1;A-332;31;6;1;2;;;1;1;1;;;1;3
2;7;9;4;0;;1;1;A-334;44,8;6;19;2;;;1;1;1;;;1;2
4;5;19;4;0;;1;1;A-334;44,541;6;16;2;;;1;2;1;;;1;2
6;3;17;4;0;;1;1;A-348;106,475;6;19;2;;;1;1;1;;;1;2
10;6;23;4;0;;1;1;A-348;113,2;6;16;2;;;3;6;4;;;5;3
1;1;23;4;4079;;3;2;No inventariada;;9;2;1;4;;1;4;1;;;1;998
1;2;6;4;4102;;1;1;A-7;801,2;3;4;2;;;1;6;1;;;1;1
1;2;8;4;4079;;3;2;No inventariada;;9;4;2;;;1;2;1;;;1;998
1;4;0;4;4079;;3;2;No inventariada;;9;19;1;4;;8;4;1;;;1;998
1;4;7;4;4079;;3;2;No inventariada;;9;2;1;2;;1;3;1;;;1;998
1;6;12;4;4079;;3;2;No inventariada;;9;2;1;2;;1;1;1;;;1;998
1;1;11;4;4079;;3;2;No inventariada;;9;2;1;2;;1;1;1;;;1;998
1;4;10;4;4079;;3;2;No inventariada;;9;2;1;4;;1;1;1;;;1;998
1;2;21;4;4079;;3;2;No inventariada;;9;7;2;;;1;4;1;;;1;998
1;5;15;4;4079;;1;1;A-7;799,2;3;5;2;;;1;1;1;;;1;1
1;7;22;4;4079;;3;2;No inventariada;;9;1;2;;;1;4;1;;;1;998
2;1;10;4;4079;;1;1;A-7;797,833;3;4;2;;;1;1;1;;;1;1
1;7;8;4;4079;;3;2;No inventariada;;9;3;2;;;1;1;1;;;1;998
1;3;16;4;4079;;3;2;No inventariada;;9;1;2;;;1;1;1;;;1;998
1;3;19;4;4079;;3;2;No inventariada;;9;7;2;;;1;3;1;;;1;998
1;2;19;4;4079;;3;2;No inventariada;;9;2;1;4;;1;3;1;;;1;998
1;1;8;4;4079;;3;2;No inventariada;;9;2;2;;;1;3;1;;;1;998
1;5;17;4;4079;;3;2;No inventariada;;9;2;1;2;;1;1;1;;;1;998
1;5;18;4;4079;;3;2;No inventariada;;9;7;2;;;1;2;1;;;1;998
1;6;21;4;4079;;3;2;No inventariada;;9;2;1;1;;1;4;1;;;1;998
1;4;10;4;4079;;3;2;No inventariada;;9;7;2;;;1;1;1;;;1;998
1;3;15;4;4079;;3;2;No inventariada;;9;4;2;;;1;1;1;;;1;998
2;5;22;4;4079;;3;2;No inventariada;;9;2;1;1;;1;4;1;;;1;998
2;6;11;4;4079;;3;2;No inventariada;;9;2;1;4;;1;1;1;;;1;998
2;6;15;4;4079;;3;2;No inventariada;;9;16;1;4;;1;1;1;;;1;998
2;6;18;4;4079;;3;2;No inventariada;;9;2;2;;;1;1;1;;;1;998
1;2;15;4;4079;;3;2;No inventariada;;9;1;1;1;;1;1;1;;;1;998
2;5;22;4;4102;;1;1;A-1051;0,5;3;9;2;;;7;4;1;;;1;2
2;6;15;4;4079;;3;2;No inventariada;;9;2;1;2;;1;1;1;;;1;998
2;4;21;4;4079;;3;2;No inventariada;;9;2;1;4;;1;3;1;;;1;998
2;6;9;4;4079;;3;2;No inventariada;;9;4;2;;;1;1;1;;;1;998
2;4;13;4;4079;;3;2;No inventariada;;9;2;1;2;;1;1;1;;;1;998
2;4;20;4;4079;;3;2;No inventariada;;9;7;2;;;1;4;1;;;1;998
2;1;16;4;4079;;3;2;No inventariada;;9;2;2;;;1;1;1;;;1;998
2;3;17;4;4079;;3;2;No inventariada;;9;16;2;;;1;1;1;;;1;998
2;3;0;4;4079;;3;2;No inventariada;;9;12;2;;;1;4;1;;;1;998
2;2;7;4;4079;;3;2;No inventariada;;9;2;1;4;;1;2;1;;;1;998
2;3;16;4;4079;;3;2;No inventariada;;9;4;1;4;;1;1;1;;;1;998