MES;DIA_SEMANA;HORA;COD_PROVINCIA;COD_MUNICIPIO;ISLA;ZONA;ZONA_AGRUPADA;CARRETERA;KM;TIPO_VIA;TIPO_ACCIDENTE;NUDO;NUDO_INFO;CARRETERA_CRUCE;CONDICION_FIRME;CONDICION_ILUMINACION;CONDICION_METEO;CONDICION_NIEBLA;CONDICION_VIENTO;VISIB_RESTRINGIDA_POR;TRAZADO_PLANTA
2;2;14;4;4079;;3;2;No inventariada;;9;7;2;;;1;1;1;;;1;998
2;7;17;4;4079;;3;2;No inventariada;;9;2;1;4;;1;1;1;;;1;998
3;2;14;4;4079;;3;2;No inventariada;;9;2;1;1;;1;1;1;;;1;998
2;1;21;4;4079;;3;2;No inventariada;;9;7;2;;;1;4;1;;;1;998
2;2;11;4;4079;;3;2;No inventariada;;9;7;2;;;1;1;1;;;1;998
3;6;20;4;4079;;3;2;No inventariada;;9;2;1;4;;1;4;1;;;1;998
3;2;14;4;4079;;3;2;No inventariada;;9;2;1;1;;1;1;1;;;1;998
3;4;14;4;4079;;3;2;No inventariada;;9;2;1;1;;1;1;1;;;1;998
3;5;16;4;4079;;3;2;No inventariada;;9;2;1;4;;1;1;1;;;1;998
2;7;14;4;4079;;3;2;No inventariada;;9;10;1;2;;1;1;1;;;1;998
3;5;21;4;4079;;3;2;No inventariada;;9;4;2;;;1;4;1;;;1;998
3;4;7;4;4079;;3;2;No inventariada;;9;2;1;2;;1;2;1;;;1;998
3;5;6;4;4079;;1;1;AL-3300;1,56;6;16;2;;;1;6;1;;;1;3
4;4;17;4;4079;;1;1;A-7;798,446;3;4;2;;;1;1;1;;;1;2
2;7;19;4;4079;;3;2;No inventariada;;9;15;1;2;;1;2;1;;;1;998
3;1;19;4;4079;;3;2;No inventariada;;9;2;1;2;;1;2;1;;;1;998
4;2;23;4;4102;;1;1;A-1050;11,3;6;16;2;;;1;4;1;;;1;1
3;7;19;4;4079;;3;2;No inventariada;;9;15;1;2;;1;2;1;;;1;998
3;5;23;4;4079;;3;2;No inventariada;;9;7;1;1;;1;4;1;;;1;998
3;6;18;4;4079;;3;2;No inventariada;;9;2;1;2;;3;1;3;;;5;998
3;4;14;4;4079;;3;2;No inventariada;;9;2;1;1;;1;1;1;;;1;998
3;6;22;4;4079;;3;2;No inventariada;;9;1;2;;;1;4;1;;;1;998
4;6;13;4;4079;;3;2;No inventariada;;9;2;2;;;1;1;1;;;1;998
4;1;21;4;4079;;3;2;No inventariada;;9;2;2;;;1;4;1;;;1;998
4;5;13;4;4079;;3;2;No inventariada;;9;2;1;2;;1;1;1;;;1;998
4;4;14;4;4079;;3;2;No inventariada;;9;2;1;2;;1;1;1;;;1;998
4;6;7;4;4079;;1;1;A-1051;8,183;3;2;1;4;A-1050;1;3;1;;;1;1
4;7;19;4;4079;;3;2;No inventariada;;9;2;1;2;;1;2;1;;;1;998
4;5;17;4;4102;;1;1;A-1051R1;0;8;10;1;4;A-1051R1;1;1;1;;1;1;3
4;7;16;4;4079;;3;2;No inventariada;;9;2;1;1;;1;1;1;;;1;998
4;1;16;4;4079;;3;2;No inventariada;;9;2;1;1;;1;1;1;;;1;998
4;1;16;4;4079;;3;2;No inventariada;;9;7;2;;;1;1;1;;;1;998
4;6;21;4;4079;;3;2;No inventariada;;9;7;2;;;1;4;1;;;1;998
5;1;10;4;4102;;1;1;A-1051;0,378;3;2;1;4;A-1051;1;1;1;;;1;2
5;1;15;4;4079;;1;1;A-1051;9,2;3;3;1;4;A-1051R4;1;1;2;;;1;2
3;3;12;4;4079;;3;2;No inventariada;;9;7;2;;;1;1;1;;;1;998
4;2;8;4;4079;;3;2;No inventariada;;9;2;1;4;;1;1;1;;;1;998
4;1;18;4;4079;;3;2;No inventariada;;9;2;1;2;;1;1;1;;;1;998
4;2;13;4;4079;;3;2;No inventariada;;9;2;1;2;;1;1;1;;;1;998
5;1;15;4;4079;;3;2;No inventariada;;9;4;2;;;1;1;1;;;1;998
5;1;19;4;4079;;3;2;No inventariada;;9;2;2;;;1;1;1;;;1;998
4;7;21;4;4079;;3;2;No inventariada;;9;2;1;4;;1;2;1;;;1;998
4;7;12;4;4079;;3;2;No inventariada;;9;2;1;2;;1;1;1;;;1;998
5;4;15;4;4079;;3;2;No inventariada;;9;4;2;;;1;1;1;;;1;998
5;5;12;4;4079;;1;1;A-1051;4;3;15;2;;;1;1;1;;;1;2
5;6;18;4;4079;;3;2;No inventariada;;9;2;1;4;;1;1;1;;;1;998
5;1;11;4;4079;;3;2;No inventariada;;9;2;1;2;;1;1;1;;;1;998
5;5;9;4;4079;;3;2;No inventariada;;9;7;2;;;1;1;1;;;1;998
5;6;19;4;4079;;3;2;No inventariada;;9;2;1;5;;1;1;1;;;1;998
5;5;18;4;4079;;3;2;No inventariada;;9;2;1;2;;1;1;1;;;1;998
4;5;16;4;4079;;3;2;No inventariada;;9;1;2;;;1;1;1;;;1;998
5;6;20;4;4079;;3;2;No inventariada;;9;4;1;4;;1;1;1;;;1;998
5;2;14;4;4079;;3;2;No inventariada;;9;2;1;1;;1;1;1;;;1;998
5;4;11;4;4079;;3;2;No inventariada;;9;2;1;4;;1;1;1;;;1;998
5;4;8;4;4079;;3;2;No inventariada;;9;2;2;;;1;1;1;;;9;998
5;6;6;4;4079;;3;2;No inventariada;;9;2;1;4;;1;3;1;;;1;998
4;1;11;4;4079;;3;2;No inventariada;;9;7;2;;;1;1;1;;;1;998
5;3;20;4;4079;;3;2;No inventariada;;9;2;1;1;;1;1;1;;;1;998
5;1;11;4;4079;;3;2;No inventariada;;9;2;1;1;;1;1;1;;;1;998
5;1;9;4;4079;;3;2;No inventariada;;9;2;2;;;1;1;1;;;1;998
5;1;18;4;4079;;3;2;No inventariada;;9;2;1;4;;1;1;1;;;1;998
5;6;11;4;4079;;3;2;No inventariada;;9;2;1;1;;1;1;1;;;1;998
5;4;9;4;4079;;3;2;No inventariada;;9;2;1;4;;1;1;1;;;1;998
5;1;16;4;4079;;3;2;No inventariada;;9;2;1;2;;1;1;1;;;1;998
5;1;20;4;4079;;3;2;No inventariada;;9;2;1;1;;1;1;1;;;1;998
6;6;16;4;4079;;3;2;No inventariada;;9;7;2;;;1;1;1;;;1;998
6;6;10;4;4079;;1;1;AL-3300;2,2;6;9;2;;;1;1;1;;;1;1
5;4;19;4;4079;;3;2;No inventariada;;9;2;1;1;;1;1;1;;;1;998
5;7;6;4;4079;;3;2;No inventariada;;9;19;2;;;1;6;1;;;1;998
6;7;19;4;4079;;3;2;No inventariada;;9;3;1;2;;1;1;1;;;1;998
6;5;21;4;4079;;3;2;No inventariada;;9;16;2;;;1;1;1;;;1;998
4;7;13;4;4079;;3;2;No inventariada;;9;2;2;;;1;1;1;;;1;998
5;3;23;4;4079;;3;2;No inventariada;;9;1;2;;;1;4;1;;;1;998
5;1;14;4;4079;;3;2;No inventariada;;9;2;1;1;;1;1;1;;;1;998
5;1;17;4;4079;;3;2;No inventariada;;9;7;1;4;;1;1;1;;;1;998
6;5;17;4;4079;;3;2;No inventariada;;9;2;1;2;;1;1;1;;;1;998
6;4;20;4;4079;;3;2;No inventariada;;9;2;1;1;;1;2;1;;;1;998
6;7;5;4;4079;;3;2;No inventariada;;9;16;2;;;1;4;1;;;1;998
6;1;21;4;4079;;3;2;No inventariada;;9;7;1;4;;1;4;1;;;1;998
5;4;22;4;4079;;3;2;No inventariada;;9;7;1;2;;1;4;1;;;1;998
6;5;16;4;4079;;3;2;No inventariada;;9;4;2;;;1;1;1;;;1;998
6;6;12;4;4079;;3;2;No inventariada;;9;1;1;2;;1;1;1;;;1;998
7;7;21;4;4079;;3;2;No inventariada;;9;2;2;;;1;3;1;;;1;998
7;3;14;4;4079;;3;2;No inventariada;;9;2;1;1;;1;1;1;;;1;998
5;3;16;4;4079;;3;2;No inventariada;;9;4;2;;;1;1;1;;;1;998
7;6;17;4;4079;;3;2;No inventariada;;9;2;1;2;;1;1;1;;;1;998
8;6;4;4;4079;;1;1;A-7;795,5;3;4;2;;;1;4;1;;;1;1
8;6;11;4;4079;;1;1;A-7;797,599;3;4;2;;;1;1;1;;;1;1
8;4;0;4;4079;;1;1;A-1051;9,2;3;3;1;4;A-1051R3;1;4;1;;;1;1
8;1;6;4;4079;;1;1;A-1051;6,679;3;12;2;;;1;2;1;;;1;1
7;7;21;4;4079;;3;2;No inventariada;;9;2;2;;;1;4;1;;;1;998
8;4;12;4;4102;;1;1;AL-3304;1,932;6;2;2;;;1;1;1;;;2;1
6;1;20;4;4079;;3;2;No inventariada;;9;2;1;2;;1;2;1;;;1;998
7;1;16;4;4079;;3;2;No inventariada;;9;2;1;2;;1;1;1;;;1;998
7;3;16;4;4079;;3;2;No inventariada;;9;2;1;4;;1;1;1;;;1;998
8;5;20;4;4079;;3;2;No inventariada;;9;7;2;;;1;1;1;;;1;998
8;1;20;4;4079;;3;2;No inventariada;;9;2;1;1;;1;2;1;;;1;998
7;5;14;4;4079;;3;2;No inventariada;;9;2;1;1;;1;1;1;;;1;998
9;7;9;4;4079;;3;2;No inventariada;;9;7;2;;;1;1;1;;;1;998
8;1;1;4;4079;;3;2;No inventariada;;9;15;1;4;;1;4;1;;;1;998
8;1;17;4;4079;;3;2;No inventariada;;9;4;1;2;;1;1;1;;;1;998
10;3;16;4;4079;;1;1;A-7;797,6;3;4;2;;;1;1;1;;;1;1
10;7;12;4;4102;;1;1;AL-3304;1,916;6;2;1;2;;1;1;1;;;1;1
9;1;17;4;4079;;3;2;No inventariada;;9;4;2;;;1;1;1;;;1;998
8;3;13;4;4079;;3;2;No inventariada;;9;7;2;;;1;1;1;;;1;998
9;7;3;4;4079;;3;2;No inventariada;;9;2;1;1;;1;4;1;;;1;998
8;6;11;4;4079;;3;2;No inventariada;;9;2;1;4;;1;1;1;;;1;998
8;5;13;4;4079;;3;2;No inventariada;;9;2;2;;;1;1;1;;;1;998
8;1;12;4;4079;;3;2;No inventariada;;9;2;1;1;;1;1;1;;;1;998
10;2;8;4;4079;;1;1;A-7;797,5;3;4;2;;;1;2;1;;;1;1
9;3;9;4;4079;;3;2;No inventariada;;9;2;1;1;;1;1;1;;;1;998
10;6;14;4;4079;;1;1;A-1051;8;3;2;1;2;;1;1;1;;;1;1
9;6;17;4;4079;;3;2;No inventariada;;9;4;2;;;1;1;1;;;1;998
7;3;6;4;4079;;3;2;No inventariada;;9;2;1;2;;1;3;1;;;1;998
9;4;22;4;4079;;3;2;No inventariada;;9;2;1;2;;1;4;1;;;1;998
9;1;12;4;4079;;3;2;No inventariada;;9;7;2;;;1;1;1;;;1;998
7;3;21;4;4079;;3;2;No inventariada;;9;2;1;2;;1;3;1;;;1;998
9;2;15;4;4079;;3;2;No inventariada;;9;2;1;1;;1;1;1;;;1;998
10;4;8;4;4079;;1;1;A-7;796,33;3;4;2;;;1;2;1;;;1;1
11;1;13;4;4079;;1;1;A-1051;5,4;3;3;2;;;1;1;1;;;1;1
11;2;8;4;4079;;1;1;A-1051;6,253;3;12;1;4;;1;1;1;;;1;1
9;5;8;4;4079;;3;2;No inventariada;;9;2;1;4;;1;1;1;;;1;998
11;1;7;4;4079;;1;1;A-7;796;3;4;2;;;1;3;1;;;1;1
11;2;10;4;4079;;1;1;A-1051;3,7;3;4;2;;;1;1;1;;;1;1
10;2;9;4;4079;;3;2;No inventariada;;9;2;1;2;;1;1;1;;;1;998
11;4;17;4;4079;;1;1;A-1051;3,136;3;7;2;;;1;1;1;;;1;1
10;5;1;4;4079;;3;2;No inventariada;;9;2;1;4;;1;4;1;;;1;998
10;7;19;4;4079;;3;2;No inventariada;;9;2;1;4;;1;1;1;;;1;998
12;4;14;4;4079;;1;1;A-1051;8,162;8;2;1;4;A-1050;1;1;2;;;3;1
10;4;17;4;4079;;3;2;No inventariada;;9;2;1;2;;1;1;1;;;1;998
10;4;7;4;4079;;3;2;No inventariada;;9;2;1;4;;1;2;1;;;1;998
10;4;19;4;4079;;3;2;No inventariada;;9;2;1;4;;1;1;1;;;1;998
10;5;10;4;4079;;3;2;No inventariada;;9;2;1;4;;1;1;1;;;1;998
8;6;20;4;0;;1;1;A-1075;10,104;6;12;2;;;1;1;1;;;1;1
9;7;12;4;0;;1;1;A-1075;1,152;6;2;1;2;A-1075R1;1;1;1;;;1;1
7;3;19;4;0;;1;1;A-334;29,8;6;18;2;;;1;1;1;;;1;1
8;7;19;4;0;;1;1;A-334;36,2;6;13;2;;;3;1;2;;;1;2
11;3;16;4;0;;1;1;AL-6103;4,363;6;15;2;;;3;1;4;;;5;2
2;7;1;4;0;;1;1;A-1102;0,45;6;19;2;;;1;6;1;;;1;2
3;1;11;4;0;;1;1;AL-5102;3,32;6;2;2;;;1;1;1;;;1;1
4;2;16;4;0;;1;1;A-7;714,2;3;14;2;;;1;1;1;;;1;3
5;6;11;4;0;;1;1;A-1101;21,739;6;15;2;;;1;1;1;;;4;2
10;1;13;4;0;;1;1;A-1101;9,257;6;12;2;;;3;1;3;;;4;3
12;5;21;4;0;;1;1;A-7;722,833;3;6;2;;;1;6;2;;;1;2
3;4;7;4;0;;1;1;AL-6101;1,604;6;17;2;;;1;2;1;;;1;2
4;4;15;4;0;;1;1;N-340a;466,7;6;1;2;;;1;1;1;;;1;1
4;2;6;4;0;;1;1;N-340a;464,92;6;8;2;;;1;6;1;;;1;1
5;5;19;4;0;;1;1;N-340a;482,5;6;18;2;;;1;1;1;;;1;1
5;5;4;4;0;;1;1;N-340a;480,4;6;19;1;4;A-1100;1;6;1;;;1;1
5;7;19;4;0;;1;1;N-340a;477,247;6;13;2;;;1;1;1;;;1;1
5;2;12;4;0;;1;1;N-340a;477;6;4;2;;;1;1;1;;;1;1
6;2;7;4;0;;1;1;N-340a;474,51;6;4;1;1;;1;2;1;;;1;1
9;3;16;4;0;;1;1;N-340a;466,45;6;4;2;;;1;1;1;;;1;1
9;7;15;4;0;;1;1;N-340a;474,5;6;2;1;2;;1;1;1;;;1;1
10;6;22;4;0;;1;1;N-340a;468,3;6;15;2;;;3;6;1;;;1;2
10;6;12;4;0;;1;1;A-349;6,7;6;2;2;;;1;1;1;;;1;1
11;3;13;4;0;;3;2;No inventariada;;9;2;2;;;1;1;1;;;9;998
12;3;11;4;0;;3;2;No inventariada;;9;7;2;;;1;1;1;;;1;998
5;2;8;4;0;;1;1;AL-7101;10,845;6;18;2;;;1;1;1;;;1;1
7;2;21;4;0;;1;1;A-349;24,6;6;8;2;;;1;6;1;;;18;2
9;7;11;4;0;;1;1;A-349;26,55;6;19;2;;;1;1;1;;;1;3
11;7;10;4;0;;1;1;A-349;17,258;6;2;2;;;1;1;1;;;4;2
11;7;9;4;0;;1;1;A-349;28,3;6;16;2;;;3;1;1;;;4;2
10;5;10;4;0;;1;1;A-348;116,725;6;14;2;;;1;1;1;;;1;1
1;1;19;4;0;;1;1;A-334;41,45;6;1;1;2;;1;4;1;;;1;1
1;3;7;4;0;;1;1;A-334;40,724;6;4;1;10;;1;2;2;;;1;1
6;3;10;4;0;;1;1;A-334;42;6;4;1;2;;1;1;1;;;1;1
7;1;18;4;0;;3;2;No inventariada;;9;9;2;;;1;1;1;;;1;998
7;6;14;4;0;;1;1;AL-6113;1,5;6;2;1;2;;1;1;1;;;2;1
10;6;12;4;0;;1;1;A-1100;20;6;19;2;;;1;1;1;;;1;2
6;6;17;4;0;;1;1;A-317;136,2;6;18;2;;;3;1;4;;;1;3
9;2;12;4;0;;1;1;A-317;142,5;6;2;1;2;;1;1;1;;;1;1
1;4;15;4;4053;;1;1;CHO-0;3;10;9;2;;;1;1;1;;;4;3
4;2;12;4;4099;;1;1;AL-8102;15,448;6;17;2;;;1;1;1;;;1;3
4;7;17;4;4099;;1;1;AL-9104;0,712;6;16;2;;;1;1;1;;;4;3
5;7;13;4;4099;;1;1;AL-9104;0,9;6;1;2;;;1;1;1;;;1;1
7;6;3;4;0;;1;1;A-317;145,7;6;14;2;;;1;6;1;;;1;2
7;3;20;4;4099;;1;1;A-92N;104,097;3;12;2;;;1;1;1;;;1;1
7;5;0;4;4099;;1;1;A-1301;1;6;1;2;;;1;6;1;;;1;2
1;3;17;4;4100;;3;2;No inventariada;;9;4;2;;;1;1;1;;;1;998
2;5;13;4;4100;;1;1;AP-7;911;1;16;2;;;1;1;1;;;1;1
2;3;14;4;4100;;3;2;No inventariada;;9;2;1;1;;1;1;1;;;1;998
3;4;11;4;4100;;3;2;No inventariada;;9;7;2;;;1;1;1;;;1;998
3;1;17;4;4100;;3;2;No inventariada;;9;2;1;1;;1;1;1;;;2;998
4;4;8;4;4100;;1;1;AL-7107;3,271;6;3;2;;;1;1;1;;;1;1
4;1;12;4;4100;;3;2;No inventariada;;9;7;1;1;;1;1;1;;;2;998
4;4;13;4;4100;;3;2;No inventariada;;9;2;2;;;1;1;1;;;12;998
4;4;14;4;4100;;3;2;No inventariada;;9;2;2;;;1;1;1;;;1;998
5;5;18;4;4035;;1;1;AL-7107;4,5;6;19;1;4;;1;1;1;;;1;1
5;7;6;4;4100;;1;1;A-352;9,2;5;12;2;;;1;6;1;;;1;3
6;6;11;4;4100;;1;1;AL-7107;0,3;6;5;2;;;1;1;1;;;1;1
6;5;9;4;4100;;3;2;No inventariada;;9;4;2;;;1;1;1;;;1;998
7;2;14;4;4100;;1;1;AL-7107;3,227;6;9;1;4;;1;1;1;;;1;2
6;7;20;4;4100;;3;2;No inventariada;;9;3;2;;;1;1;1;;;1;998
5;3;14;4;4100;;3;2;No inventariada;;9;2;1;1;;1;1;1;;;2;998
6;7;0;4;4100;;3;2;No inventariada;;9;2;1;4;;1;4;1;;;1;998
7;1;18;4;4100;;3;2;No inventariada;;9;2;1;1;;1;1;1;;;1;998
7;5;17;4;4100;;3;2;No inventariada;;9;7;1;4;AL-7107;1;1;1;;;12;998
7;2;9;4;4100;;3;2;No inventariada;;9;7;2;;;1;1;1;;;9;998
8;5;21;4;4100;;1;1;A-352;10,8;5;4;2;;;1;6;1;;;1;1
7;1;22;4;4100;;3;2;No inventariada;;9;6;2;;;1;4;1;;;1;998
7;4;21;4;4100;;3;2;No inventariada;;9;2;1;1;;1;4;1;;;2;998
8;1;18;4;4100;;1;1;A-352;8,8;5;15;2;;;1;1;1;;;1;3
8;1;0;4;4100;;3;2;No inventariada;;9;7;2;;;1;4;1;;;1;998
8;4;18;4;4100;;1;1;A-352;7,3;5;4;2;;;1;1;2;;;1;1
8;2;21;4;4100;;1;1;AL-7107;3,5;6;3;1;4;;1;4;1;;;1;1
9;1;14;4;4100;;3;2;No inventariada;;9;7;1;2;;1;1;1;;;1;998
9;2;18;4;4100;;3;2;No inventariada;;9;2;1;1;;1;1;1;;;2;998
9;1;13;4;4100;;1;1;A-352;6,7;5;4;2;;;1;1;1;;;1;1
10;3;14;4;4100;;3;2;No inventariada;;9;2;1;4;;1;1;1;;;1;998
10;7;9;4;4100;;1;1;A-352;7,261;5;12;1;4;;1;1;1;;;1;2
10;4;15;4;4100;;3;2;No inventariada;;9;2;1;2;;1;1;1;;;1;998
10;5;21;4;4100;;3;2;No inventariada;;9;10;2;;;1;4;1;;;1;998
11;7;19;4;4100;;3;2;No inventariada;;9;7;2;;;1;4;1;;;1;998
11;4;12;4;4100;;3;2;No inventariada;;9;2;1;1;;1;1;1;;;2;998
12;4;14;4;4100;;1;1;A-352;4,139;6;10;1;4;;7;3;1;;;1;2
1;2;18;4;4101;;1;1;AL-3117;2,65;6;4;2;;;1;6;2;;;1;1
1;7;1;4;4101;;1;1;A-1000;2,682;6;12;2;;;1;6;1;;;1;2
2;5;13;4;4101;;1;1;A-7;774,402;3;19;2;;;1;6;1;;;18;1
2;5;16;4;4101;;1;1;CAL-2;0,6;10;1;2;;;3;1;3;;;1;2
2;2;12;4;4101;;1;1;AL-3117;4,716;6;7;2;;;1;1;1;;;1;3
3;5;17;4;4101;;1;1;AL-3117;4,206;6;2;1;4;A-1000;1;1;1;;;1;1
5;6;19;4;4101;;1;1;CAL-2;0,1;10;10;2;;;1;1;1;;;1;1
6;4;14;4;4101;;3;2;No inventariada;;9;9;1;1;;7;1;1;;;1;998
7;5;14;4;4101;;3;2;No inventariada;;9;9;2;;;1;1;1;;;1;998
7;3;22;4;4101;;3;2;No inventariada;;11;12;1;2;;1;4;1;;;1;998
7;4;22;4;4101;;1;1;A-7;778,695;3;2;2;;;1;6;1;;;1;1
9;4;9;4;0;;1;1;A-92;391;3;6;2;;;1;1;1;;;1;3
9;5;2;4;4101;;1;1;A-7;775;3;4;2;;;1;6;1;;;1;1
10;2;9;4;4101;;1;1;A-7;777,3;7;4;1;4;A-1000;1;1;1;;;1;1
10;5;6;4;4101;;3;2;No inventariada;;9;2;1;4;AL-3117;1;5;1;;;1;998
10;1;18;4;4101;;1;1;A-1000;2;6;5;2;;;1;4;1;;;1;1
12;7;17;4;4101;;1;1;A-92;391,992;3;5;2;;;1;6;1;;;1;1
1;2;6;4;4102;;1;1;A-7;801,25;3;4;2;;;1;6;1;;;1;1
1;4;12;4;4102;;1;1;A-1051;0,3;3;4;2;;;1;1;1;;;1;1
1;5;0;4;4079;;1;1;CEJ-25;0,3;10;1;2;;;1;6;1;;;1;1
1;3;10;4;4102;;1;1;A-391;0,001;6;4;1;4;A-7;1;1;1;;;1;1
1;3;20;4;4102;;1;1;A-1051;0,3;3;2;1;4;A-391;1;4;1;;;1;2
1;7;8;4;4102;;1;1;A-1050;10,144;6;15;2;;;1;2;1;;;1;2
1;3;15;4;4102;;1;1;A-7;800,5;3;4;2;;;1;1;1;;;1;1
2;5;23;4;4102;;1;1;A-391;1,288;6;12;2;;;3;6;1;;;1;3
2;2;17;4;4102;;1;1;N-340a;421,2;6;3;1;2;DESCONOCID;1;1;1;;;1;1
2;1;17;4;4102;;1;1;N-340a;422,2;6;2;2;;;1;1;1;;1;1;1
2;4;9;4;4102;;1;1;A-7;804,1;3;6;2;;;1;1;1;;;1;1
3;6;8;4;4102;;1;1;N-340a;421,3;6;2;2;;;3;1;4;;;1;1
3;1;14;4;4102;;1;1;N-340a;420,8;6;5;2;;;1;1;1;;;1;1
3;4;15;4;4102;;1;1;N-340a;421;6;4;1;1;;1;1;1;;;1;1
1;3;11;4;4102;;3;2;No inventariada;;9;3;1;1;;1;1;1;;;1;998
1;3;17;4;4102;;3;2;No inventariada;;9;7;1;1;;1;1;1;;;1;998
2;5;17;4;4102;;3;2;No inventariada;;9;7;1;1;;1;1;1;;;1;998
2;7;12;4;4102;;3;2;No inventariada;;9;2;2;;;1;1;1;;;1;998
2;4;8;4;4102;;3;2;No inventariada;;9;3;1;1;;1;1;1;;;1;998
2;5;7;4;4102;;3;2;No inventariada;;9;7;1;4;;1;3;1;;;1;998
2;6;17;4;4102;;3;2;No inventariada;;9;7;1;4;;1;1;1;;;1;998
3;5;5;4;4102;;3;2;No inventariada;;9;7;2;;;1;4;1;;;1;998
3;7;17;4;4102;;3;2;No inventariada;;9;19;1;2;;1;1;2;;;1;998
3;3;17;4;4102;;3;2;No inventariada;;9;7;1;1;;1;1;1;;;1;998
3;7;18;4;4102;;1;1;A-391;1,35;6;19;2;;;3;1;3;;;1;2
4;1;16;4;4902;;1;1;AL-3307;8,219;6;3;1;1;;1;1;1;;;1;1
4;2;18;4;4102;;1;1;A-1051;0,314;3;2;1;4;A-1051;1;1;1;;;1;3
3;1;22;4;4102;;3;2;No inventariada;;9;10;1;4;;1;4;1;;;1;998
3;2;15;4;4102;;3;2;No inventariada;;9;3;1;4;;1;1;1;;;1;998
4;1;16;4;4102;;3;2;No inventariada;;9;12;1;4;;1;1;1;;;1;998
4;5;6;4;4102;;1;1;AL-3305;1,8;6;18;2;;;1;6;1;;;1;1
6;7;13;4;4102;;1;1;AL-3307;3,6;6;12;2;;;1;1;1;;;18;1
6;1;22;4;4102;;1;1;AL-3304;0,95;6;4;1;1;;1;6;1;;;1;1
7;7;16;4;4102;;1;1;AL-3304;1,45;6;2;1;1;DESCONOCID;1;1;1;;;17;1
7;5;12;4;4102;;1;1;CEJ-0;0,1;10;2;1;1;;2;1;1;;;2;1
7;2;7;4;4102;;1;1;N-340a;422,7;6;2;2;;;1;1;1;;;1;1
7;6;12;4;4102;;1;1;A-391;0,3;6;2;2;;;1;1;1;;;1;1
8;5;19;4;4102;;1;1;AL-3305;0,575;6;18;2;;;1;1;1;;;1;1
8;1;12;4;4102;;1;1;A-1051;0,466;3;2;2;;;1;1;1;;;1;3
8;2;21;4;4102;;1;1;A-1051;2,2;3;3;1;4;A-1051R1;1;6;1;;;1;2
8;4;21;4;4102;;1;1;A-7;800;7;2;1;4;A-391;1;6;1;;;1;1
9;7;20;4;4102;;1;1;AL-3307;3,6;6;2;2;;;1;5;1;;;1;1
9;2;0;4;4102;;1;1;N-340a;427,4;6;3;1;4;A-1051;1;5;1;;;1;1
9;3;18;4;4102;;1;1;A-1051;0,3;3;4;1;4;;1;1;1;;;1;1
4;4;11;4;4102;;3;2;No inventariada;;9;7;2;;;1;1;1;;;1;998
4;6;18;4;4102;;1;1;AL-3308;1,4;6;1;2;;;1;1;1;;;1;1
4;5;15;4;4102;;3;2;No inventariada;;9;3;1;2;;1;1;1;;;1;998
4;6;12;4;4102;;3;2;No inventariada;;9;4;1;4;;1;1;1;;;1;998
5;5;17;4;4102;;3;2;No inventariada;;9;3;1;1;;1;1;1;;;1;998
5;5;16;4;4102;;3;2;No inventariada;;9;3;1;1;;1;1;1;;;1;998
5;6;10;4;4102;;3;2;No inventariada;;9;2;1;2;;1;1;1;;;1;998
5;4;15;4;4102;;3;2;No inventariada;;9;2;2;;;1;1;1;;;1;998
6;1;14;4;4102;;3;2;No inventariada;;9;3;1;4;;1;1;1;;;1;998
6;3;20;4;4102;;3;2;No inventariada;;9;4;2;;;1;1;1;;;6;998
6;1;19;4;4102;;3;2;No inventariada;;9;2;1;4;;1;1;1;;;1;998
6;5;10;4;4102;;3;2;No inventariada;;9;2;1;4;;1;1;1;;;1;998
6;7;13;4;4102;;3;2;No inventariada;;9;4;2;;;1;1;1;;;1;998
6;5;11;4;4102;;3;2;No inventariada;;9;2;1;4;;1;1;1;;;1;998
7;2;17;4;4102;;3;2;No inventariada;;9;2;1;4;;1;1;1;;;1;998
9;7;3;4;4102;;1;1;A-1050;11,2;6;16;2;;;3;4;3;;;1;1
10;3;23;4;4102;;1;1;A-1051;0;5;18;1;4;A-1051;8;4;1;;;1;2
10;7;19;4;4102;;1;1;A-1051;0,05;5;2;1;4;A-391;1;1;2;;;1;1
10;3;5;4;4102;;1;1;A-1050;11,2;6;2;1;2;;3;3;2;;;1;1
10;4;13;4;4102;;1;1;CEJ-13;1,2;10;3;1;2;;1;1;1;;;1;1
10;6;18;4;4903;;1;1;AL-3302;0,286;6;12;2;;;1;1;1;;;1;1
11;4;9;4;4903;;1;1;AL-3302;3,803;6;2;2;;;1;1;1;;;1;2
11;5;15;4;4903;;1;1;A-7;810,237;3;2;1;2;DESCONOCID;1;1;1;;;1;1
8;3;11;4;4102;;3;2;No inventariada;;9;1;2;;;1;1;1;;;1;998
8;3;13;4;4102;;3;2;No inventariada;;9;2;1;1;;1;1;1;;;1;998
9;1;21;4;4102;;3;2;No inventariada;;9;7;2;;;1;4;1;;;1;998
9;1;20;4;4102;;3;2;No inventariada;;9;7;2;;;1;4;1;;;1;998
10;3;17;4;4102;;3;2;No inventariada;;9;3;1;2;;1;1;1;;;1;998
11;5;15;4;4102;;1;1;A-391;0,5;6;10;1;2;;1;1;1;;;1;1
12;4;23;4;4102;;1;1;A-1051;0,2;5;2;1;4;;1;4;1;;;1;1
12;1;20;4;4102;;1;1;AL-3307;5,59;6;2;1;2;;1;5;1;;;1;1
12;6;21;4;4102;;1;1;N-340a;422,5;6;2;2;;;1;4;1;;;1;1
12;7;22;4;4102;;1;1;A-7;800,1;3;5;2;;;1;6;1;;;1;1
10;3;21;4;4102;;3;2;No inventariada;;9;2;2;;;1;4;1;;;1;998
11;6;11;4;4102;;3;2;No inventariada;;9;7;1;2;;1;1;1;;;1;998
2;6;18;4;0;;1;1;A-1101;30,5;5;8;2;;;1;2;1;;;17;1
4;4;16;4;0;;1;1;A-1101R1;1,239;6;13;2;;;1;1;1;;;1;1
11;6;21;4;0;;1;1;AL-7104;4,57;6;13;2;;;1;6;1;;;4;2
4;3;7;4;0;;1;1;A-92;344,25;3;6;2;;;1;2;1;;;1;1
1;1;16;4;4902;;1;1;CEJ-20;1,434;10;5;2;;;1;2;1;;;1;1
1;3;20;4;4902;;1;1;AL-3307;11,65;6;14;2;;;1;6;1;;;4;3
1;7;8;4;4902;;1;1;N-340a;406,292;6;2;1;4;;1;1;1;;;1;2
1;7;12;4;4902;;1;1;A-7;818;8;2;1;1;A-7;1;1;1;;;1;1
1;3;17;4;4902;;1;1;A-1050;0,5;6;2;2;;;1;1;1;;;1;1
1;2;21;4;4902;;1;1;CEJ-19;5,7;10;3;2;;;1;4;1;;;1;1
1;5;9;4;4902;;1;1;A-7;820,535;3;5;2;;;1;1;1;;;1;1
1;1;14;4;0;;1;1;AL-4300;6,57;6;18;2;;;1;1;1;;;1;1
1;1;18;4;4902;;1;1;A-7;823;8;2;1;4;;1;4;2;;;1;1