MES;DIA_SEMANA;HORA;COD_PROVINCIA;COD_MUNICIPIO;ISLA;ZONA;ZONA_AGRUPADA;CARRETERA;KM;TIPO_VIA;TIPO_ACCIDENTE;NUDO;NUDO_INFO;CARRETERA_CRUCE;CONDICION_FIRME;CONDICION_ILUMINACION;CONDICION_METEO;CONDICION_NIEBLA;CONDICION_VIENTO;VISIB_RESTRINGIDA_POR;TRAZADO_PLANTA
1;2;16;4;4902;;1;1;CEJ-0;0,5;10;16;2;;;1;1;1;;;1;3
2;5;0;4;4102;;1;1;AL-3307;5;6;4;2;;;1;5;1;;;1;1
2;7;6;4;4902;;1;1;A-7;814,05;3;4;1;2;A-7;1;6;1;;;1;1
2;1;23;4;4902;;1;1;A-1050;0;6;1;1;2;A-7;1;4;1;;;1;1
2;2;7;4;4902;;1;1;CEJ-13;13,1;10;2;1;1;;1;6;1;;;3;3
2;5;15;4;4902;;1;1;CEJ-20;4,1;10;4;2;;;3;1;3;;;5;1
2;2;20;4;4902;;1;1;A-7;824,72;3;12;2;;;1;5;1;;;1;1
2;3;7;4;4902;;1;1;CEJ-13;13;10;12;2;;;1;2;1;;;1;1
2;4;18;4;4902;;1;1;CEJ-1;5,89;10;3;1;1;;1;1;1;;;1;2
2;6;1;4;4902;;1;1;A-7;814;3;4;2;;;1;6;1;;;1;1
2;6;11;4;4902;;1;1;AL-4301;0,884;6;2;2;;;1;1;1;;;1;1
2;6;15;4;4902;;1;1;CEJ-20;3,5;10;4;2;;;1;1;1;;;1;1
2;3;13;4;4902;;1;1;CEJ-19;2;10;2;2;;;1;1;1;;;3;1
2;4;18;4;4902;;1;1;A-1050;4,626;6;4;2;;;1;1;1;;;1;1
3;5;15;4;4902;;1;1;CEJ-4;2,6;10;1;2;;;1;1;1;;;1;3
3;6;21;4;4902;;1;1;CEJ-17;1;10;2;2;;;3;6;2;;;1;2
3;2;13;4;4902;;1;1;A-1050;5,7;6;4;2;;;1;1;1;;;1;1
3;4;17;4;4903;;1;1;A-7;809,4;7;2;1;2;;1;1;1;;;1;1
3;1;8;4;4902;;1;1;A-7;811,908;7;18;2;;;1;1;2;;;1;2
3;1;14;4;4902;;1;1;A-7;814,4;3;16;2;;;1;1;1;;;1;1
3;5;13;4;4902;;1;1;AL-4302;0,6;6;3;1;4;;1;1;1;;;1;1
3;7;6;4;4902;;1;1;A-7;824,188;3;4;2;;;1;2;1;;;1;1
3;1;18;4;4903;;1;1;A-1050;7,561;6;2;2;;;1;1;1;;;1;1
3;3;13;4;4902;;1;1;A-7;827,275;3;4;2;;;1;1;1;;1;1;1
3;6;20;4;4902;;1;1;A-7;813,1;7;2;2;;;3;6;3;;;1;1
4;1;3;4;4902;;1;1;A-7;817,217;3;12;2;;;1;5;1;;;1;1
4;6;8;4;4902;;1;1;A-1050;0,808;6;2;1;2;A-1050;1;1;1;;;1;1
4;1;16;4;4902;;1;1;AL-3307;9,585;6;12;2;;;1;1;1;;;1;1
4;2;13;4;4902;;1;1;CEJ-0;2;10;2;2;;;1;1;1;;;4;3
4;3;13;4;4902;;1;1;CEJ-5;4,004;10;2;1;2;;1;1;1;;;1;1
4;3;22;4;4902;;1;1;A-7;813;7;4;2;;;1;6;1;;;1;1
4;4;3;4;4902;;1;1;CEJ-20;2,8;10;12;1;4;;1;4;1;;;1;1
4;2;17;4;4902;;1;1;CEJ-0;1;10;10;2;;;2;1;1;;;1;1
4;4;6;4;4902;;1;1;A-1050;6,1;6;4;2;;;1;2;1;;;1;1
4;2;13;4;4902;;1;1;AL-4300;1,189;6;4;2;;;1;1;1;;;1;1
4;4;9;4;4902;;1;1;CEJ-5;12;10;2;1;1;;1;1;1;;;1;1
4;7;12;4;4902;;1;1;CEJ-0;0,35;10;4;1;2;;1;1;1;;;2;3
4;5;9;4;4902;;3;2;No inventariada;;9;7;1;1;;1;1;1;;;6;998
4;1;15;4;4902;;1;1;CEJ-20;3,2;10;2;1;4;;1;1;2;;;1;2
5;2;14;4;4902;;1;1;CEJ-0;1;10;2;1;1;;1;1;1;;;1;1
5;2;22;4;4902;;1;1;A-7;811,2;3;4;2;;;1;6;1;;;1;1
5;3;3;4;4903;;1;1;CEJ-11;3;10;16;2;;;1;6;1;;;1;1
5;5;15;4;4902;;1;1;AL-4300;0,383;6;2;2;;;1;1;1;;;2;1
5;1;8;4;4902;;1;1;A-7;814;7;16;2;;;1;1;1;;;1;2
5;1;14;4;4902;;1;1;CEJ-5;12,6;10;19;2;;;1;1;1;;;1;1
5;2;18;4;4902;;1;1;A-7;826;7;2;1;1;;1;1;1;;;1;1
5;4;12;4;4902;;1;1;CEJ-20;4,5;10;2;1;4;;1;1;1;;;1;4
6;6;14;4;4902;;1;1;CEJ-0;3,5;10;2;1;1;CEJ-3;1;1;1;;;1;1
6;6;14;4;4902;;1;1;CEJ-5;4,18;10;15;2;;;1;1;1;;;4;2
6;3;13;4;4902;;1;1;CEJ-0;0,65;10;10;2;;;2;1;1;;;1;1
6;4;8;4;4903;;1;1;CEJ-11;3,5;10;16;2;;;1;1;1;;;1;1
6;1;23;4;4902;;1;1;CEJ-0;0,8;10;15;2;;;1;6;1;;;4;1
6;3;15;4;4902;;1;1;AL-3307;11,633;6;16;2;;;1;1;1;;;1;2
6;4;18;4;4902;;1;1;A-7;814,949;3;2;1;2;;1;1;1;;;1;1
6;6;9;4;4902;;1;1;CEJ-5;3,7;10;19;2;;;1;1;1;;;1;2
6;6;10;4;4902;;1;1;CEJ-5;3;10;4;1;2;;1;1;1;;;1;1
6;6;0;4;4902;;1;1;CEJ-20;6;10;16;2;;;1;6;1;;;1;3
6;7;19;4;4902;;1;1;CEJ-5;4;10;1;2;;;1;1;1;;;1;2
6;1;14;4;4902;;1;1;CEJ-0;1;10;3;1;2;;1;1;1;;;1;1
6;2;12;4;4902;;1;1;A-7;811,6;3;3;2;;;1;1;1;;;1;1
6;3;11;4;4902;;1;1;A-7;822,945;7;3;1;4;;1;1;1;;;1;3
6;5;21;4;4902;;1;1;N-340a;400,6;6;14;1;2;;1;1;1;;;1;1
6;7;1;4;4902;;1;1;A-7;815,13;3;5;2;;;1;6;1;;;1;1
6;1;13;4;4902;;1;1;CEJ-0;0,5;10;2;2;;;1;1;1;;;1;1
6;5;13;4;4902;;1;1;CEJ-0;1;10;12;2;;;1;1;1;;;1;3
7;4;10;4;4902;;1;1;CEJ-7;4;10;2;1;2;;1;1;1;;;1;1
7;4;11;4;4902;;1;1;A-1050;0,1;6;2;1;2;A-1050;1;1;1;;;1;1
7;3;0;4;4902;;1;1;A-7;827;3;5;2;;;1;6;1;;;1;1
7;7;6;4;4902;;1;1;A-7;814,2;3;14;1;2;;1;2;1;;;1;3
7;1;8;4;4902;;1;1;CEJ-20;3,6;10;16;2;;;3;1;3;;;1;1
7;1;13;4;4902;;1;1;CEJ-20;3,98;10;16;2;;;1;1;1;;;1;1
7;4;15;4;4902;;1;1;CEJ-20;3,6;10;4;2;;;1;1;1;;;1;1
7;1;6;4;4902;;1;1;CEJ-20;1,619;10;16;2;;;1;3;1;;;1;1
7;3;13;4;4902;;1;1;CEJ-0;6,487;10;4;2;;;1;1;1;;;1;1
7;4;19;4;4902;;1;1;A-7;822,955;3;2;1;4;;1;1;1;;;1;1
7;6;17;4;4902;;1;1;CEJ-20;3,215;10;2;1;4;;1;1;1;;;1;1
8;5;10;4;4902;;1;1;A-1050;5,379;6;4;2;;;1;1;1;;;1;1
8;6;20;4;4902;;1;1;AL-4301;4,318;6;2;2;;;1;1;1;;;1;1
8;6;22;4;4902;;1;1;CEJ-1;1;10;2;1;1;;1;6;1;;;2;1
8;2;14;4;4902;;1;1;CEJ-20;3,5;10;4;2;;;1;1;1;;;1;1
8;2;15;4;4902;;1;1;CEJ-20;3,5;10;4;2;;;1;1;1;;;1;1
8;4;6;4;4902;;1;1;CEJ-20;3,6;10;2;1;4;;1;2;1;;;1;1
8;5;17;4;4902;;1;1;A-7;820,702;3;4;1;1;;1;1;1;;;1;1
8;7;22;4;4902;;1;1;N-340a;414,1;6;13;2;;;1;4;1;;;1;1
8;3;7;4;4902;;1;1;A-1050;1,6;6;7;2;;;1;6;1;;;1;1
8;3;13;4;4902;;1;1;AL-3307;11,147;6;2;2;;;1;1;1;;;1;1
8;7;13;4;4902;;1;1;AL-4300;0,1;6;3;1;1;A-7;1;1;1;;;1;1
8;1;12;4;4902;;1;1;A-7;817,436;8;2;1;1;A-1050;1;1;1;;;1;1
7;4;14;4;4902;;3;2;No inventariada;;9;7;2;;;1;1;1;1;;1;998
8;4;4;4;4902;;1;1;CEJ-0;2,7;10;14;2;;;1;6;1;;;1;1
8;7;13;4;4902;;1;1;AL-3307;12,721;6;19;2;;;1;1;1;;;1;2
8;4;0;4;4902;;1;1;A-7;814,8;3;3;1;2;;1;4;1;;;1;1
8;6;18;4;4902;;1;1;A-7;821,955;3;15;2;;;1;1;1;;;1;1
9;2;10;4;4902;;1;1;CEJ-0;0,1;10;7;2;;;1;1;1;;;1;1
9;4;10;4;4902;;1;1;CEJ-20;5,5;10;3;1;4;;1;1;1;;;1;4
9;2;6;4;4902;;1;1;AL-3303;2;6;12;1;4;;1;2;1;;;1;1
9;3;17;4;4902;;1;1;A-7;823,046;8;2;2;;;1;1;1;;;1;1
9;4;18;4;4902;;1;1;AL-3307;11,6;6;1;2;;;1;1;1;;;1;3
9;5;18;4;4902;;1;1;A-1050;2,93;6;19;2;;;1;1;1;;;1;1
9;7;17;4;4902;;1;1;AL-4302;0,75;6;15;2;;;1;1;1;;;1;1
9;5;21;4;4902;;1;1;CEJ-20;3,61;10;2;1;4;;1;4;1;;;1;1
9;7;6;4;4902;;1;1;CEJ-20;2,3;10;16;2;;;1;3;1;;;1;1
9;1;13;4;4902;;1;1;CEJ-0;1,2;10;3;2;;;1;1;1;;;1;1
10;3;17;4;4902;;1;1;A-7;822;3;4;2;;;1;1;1;;;1;1
10;4;2;4;4902;;1;1;CEJ-2;2,3;10;17;1;2;;1;5;1;;;1;1
10;4;12;4;4902;;1;1;CEJ-0;1;10;16;2;;;1;1;1;;;1;1
10;3;17;4;4902;;1;1;AL-4300;1,485;6;19;2;;;1;1;1;;;1;1
10;4;13;4;4902;;1;1;CEJ-0;0,14;10;10;2;;;1;1;1;;1;1;1
10;4;19;4;4902;;1;1;CEJ-23;0,85;10;1;1;1;A-7;1;5;1;;;1;1
10;1;21;4;4902;;1;1;A-1050;0,6;6;3;2;;;1;4;1;;;4;1
10;1;16;4;4902;;3;2;No inventariada;;9;7;1;1;;1;1;1;;;6;998
10;3;5;4;4902;;1;1;CEJ-13;21,5;10;19;2;;;1;6;1;;;1;1
10;5;18;4;4902;;3;2;No inventariada;;9;7;2;;;1;2;1;;;18;998
10;4;9;4;4902;;1;1;A-7;820;3;4;2;;;1;1;1;;;1;1
10;4;14;4;4902;;1;1;CEJ-5;12,7;10;2;1;1;AL-3300;1;1;1;;;1;1
10;5;16;4;4902;;1;1;A-7;822,955;7;2;1;4;;1;1;1;;;1;1
10;6;14;4;4902;;1;1;AL-3303;4,415;6;2;1;4;;1;1;1;;;1;1
10;1;6;4;4902;;1;1;CEJ-0;0,6;10;2;2;;;1;2;1;;;1;1
10;1;19;4;4902;;1;1;A-1050;0,001;6;2;1;2;;1;4;7;;;1;1
10;2;6;4;4902;;1;1;CEJ-23;0,2;10;4;2;;;3;3;2;;1;1;1
11;1;15;4;4902;;1;1;AL-4301;3;6;4;1;2;;1;1;1;;;4;1
11;2;14;4;4902;;1;1;CEJ-20;3,7;10;16;2;;;1;1;1;;;1;1
11;5;7;4;4902;;1;1;CEJ-5;8;10;10;1;2;;2;6;1;;;1;1
11;5;7;4;4902;;1;1;CEJ-1;2,749;10;2;1;1;;1;2;1;;;1;1
11;6;19;4;4902;;1;1;A-7;823;8;12;1;4;;1;4;1;;;1;1
11;4;10;4;4902;;1;1;AL-4301;5,9;6;3;2;;;1;1;1;;;1;1
11;5;14;4;4902;;1;1;AL-3307;12,6;6;2;1;1;;1;1;1;;;1;1
11;1;13;4;4902;;1;1;AL-3303;3,95;6;2;2;;;1;1;1;;;1;1
11;3;19;4;4902;;1;1;CEJ-18;0,3;10;2;2;;;1;4;1;;;1;2
11;3;14;4;4079;;1;1;AL-3300;2,45;6;2;1;2;;1;1;1;;;1;1
11;5;7;4;4902;;1;1;A-7;820;3;2;1;7;Avda. de la Costa;1;3;1;;;1;2
12;3;7;4;4902;;1;1;AL-4300;0,534;6;2;1;2;;1;6;1;;;1;1
12;5;14;4;4902;;1;1;A-7;826,752;3;4;2;;;1;1;1;;;1;1
12;6;23;4;4902;;1;1;N-340a;401,5;6;7;2;;;1;6;1;;;1;2
12;2;14;4;4902;;1;1;CEJ-20;2,5;10;2;1;1;;1;1;1;;;1;3
12;6;21;4;4902;;1;1;CEJ-8;0,9;10;4;1;2;;1;6;1;;;1;1
12;5;14;4;4902;;1;1;A-7;814;8;2;1;4;;1;1;1;;;1;2
12;2;15;4;4902;;1;1;AL-3303;1,362;6;18;2;;;3;1;3;;;1;1
1;5;11;4;4903;;1;1;A-7;809,05;3;6;2;;;1;1;1;;;1;1
1;5;10;4;4903;;1;1;A-7;809,05;3;12;2;;;1;1;1;;;1;1
2;3;19;4;4903;;1;1;A-7;808,89;7;7;2;;;1;6;1;;;1;1
2;1;8;4;4903;;1;1;N-340a;419,9;6;2;1;7;;1;1;1;;;1;1
2;7;14;4;4903;;1;1;AL-3302;1,294;6;1;2;;;1;1;1;;;1;1
2;5;21;4;4903;;1;1;AL-3307;7,066;6;2;1;4;AL-3302;1;4;1;;1;2;1
3;5;14;4;4903;;1;1;A-7;810,784;7;18;2;;;1;1;1;;;1;1
4;6;17;4;4903;;1;1;AL-3302;2,5;6;4;2;;;1;1;1;;;1;1
4;5;7;4;4903;;1;1;CEJ-0;0,3;10;2;1;2;;1;1;1;;;1;1
5;5;7;4;4903;;1;1;A-7;810,233;7;2;1;2;;1;1;1;;;1;1
1;7;19;4;4903;;2;2;A-1050;9,4;6;4;1;4;;1;4;1;;;1;1
4;3;12;4;4903;;2;2;A-1050;9;6;7;2;;;1;1;1;;;1;1
5;6;13;4;4903;;3;2;No inventariada;;11;2;1;2;;1;1;1;;;1;998
5;6;7;4;4102;;1;1;CEJ-13;0,2;10;4;2;;;1;2;1;;;1;1
5;6;13;4;4903;;1;1;CEJ-0;11;10;2;1;1;;1;1;1;;;1;1
5;3;14;4;4903;;1;1;A-7;810,526;3;4;2;;;1;1;1;;;1;1
6;2;14;4;4903;;1;1;A-1050;8;6;2;1;4;;1;1;1;;;1;1
6;4;13;4;4903;;1;1;AL-3302;2;6;10;2;;;1;1;1;;;1;1
6;4;14;4;4903;;1;1;AL-3307;7,8;6;4;2;;;1;1;1;;;1;1
6;6;12;4;4903;;1;1;CEJ-13;5,3;10;2;1;1;;1;1;1;;;1;1
6;5;20;4;4903;;3;2;No inventariada;;9;7;2;;;1;2;1;;;1;998
7;5;10;4;4903;;1;1;CEJ-11;0,5;10;2;1;2;;1;6;1;;;1;1
8;3;12;4;4903;;1;1;CEJ-11;11,5;10;3;1;2;;1;1;1;;;1;1
8;4;23;4;4903;;2;2;A-1050;9,275;6;2;1;2;;1;4;1;;;1;1
8;3;7;4;4903;;1;1;CEJ-0;0,6;10;3;1;2;;1;2;1;;;4;1
8;2;6;4;4903;;1;1;A-1050;7,533;6;7;2;;;1;2;1;;;1;1
4;2;13;4;4903;;3;2;No inventariada;;9;4;2;;;1;1;1;;;1;998
4;3;9;4;4903;;3;2;No inventariada;;9;7;1;2;;1;1;1;;;2;998
4;3;20;4;4903;;3;2;No inventariada;;9;2;1;2;;1;3;1;;;1;998
4;6;17;4;4903;;3;2;No inventariada;;9;4;1;4;;1;1;1;;;1;998
6;6;15;4;4903;;3;2;No inventariada;;9;2;2;;;1;1;1;;;1;998
6;4;20;4;4903;;3;2;No inventariada;;14;4;2;;;1;1;1;;;1;998
9;3;13;4;4903;;1;1;A-7;809;3;4;2;;;1;1;1;;;1;1
9;3;17;4;4903;;1;1;A-1050;7,743;6;2;2;;;1;1;1;;;1;1
7;2;8;4;4903;;3;2;No inventariada;;9;7;1;2;;1;1;1;;;1;998
8;1;7;4;4903;;3;2;No inventariada;;9;7;2;;;1;1;1;;;1;998
6;1;12;4;4903;;3;2;No inventariada;;9;2;1;2;;1;1;1;;;2;998
8;3;19;4;4903;;3;2;No inventariada;;9;4;2;;;1;1;1;;;1;998
10;3;19;4;4903;;1;1;AL-3302;2,74;6;2;1;4;AL-3307;1;1;1;;;1;1
10;7;17;4;4903;;1;1;CEJ-11;0,3;10;20;1;1;;1;1;1;;;1;1
10;2;14;4;4903;;1;1;N-340a;419,84;6;3;1;4;;1;1;1;;;1;1
10;2;14;4;4903;;1;1;CEJ-0;1;10;12;2;;;3;1;2;;;1;1
10;3;16;4;4903;;1;1;CEJ-0;0,3;10;1;1;2;;1;1;1;;;1;1
9;4;12;4;4903;;3;2;No inventariada;;9;2;1;4;;1;1;1;;;1;998
11;1;0;4;4102;;1;1;A-7;807,5;3;14;2;;;1;6;1;;;1;1
12;2;6;4;4903;;1;1;A-1050;7,727;6;2;2;;;1;6;1;;;1;1
12;6;13;4;4903;;1;1;AL-3302;3,6;6;4;2;;;1;1;1;;;1;1
12;7;5;4;4903;;1;1;A-7;809,013;7;4;1;2;;1;6;1;;;1;1
12;3;1;4;4903;;1;1;N-340a;419;6;18;2;;;1;6;1;;;1;1
12;5;12;4;4903;;1;1;A-7;810,226;3;5;2;;;1;1;1;;;1;1
1;4;8;4;0;;1;1;N-340a;397,06;6;1;2;;;1;1;1;;;1;2
1;2;22;4;0;;1;1;A-7;833,35;3;6;2;;;1;6;1;;;1;1
1;3;2;4;0;;1;1;A-7;832,6;3;14;2;;;1;6;7;;;1;1
9;5;21;4;0;;1;1;N-340a;399,1;6;2;1;2;;1;4;1;;;1;1
5;7;11;5;0;;2;2;CL-501;19,1;6;4;2;;;1;1;1;;;1;1
6;6;17;5;0;;3;2;No inventariada;;14;6;2;;;1;1;1;;;1;998
10;4;12;5;0;;1;1;CL-501;17,512;6;8;2;;;1;1;2;;;12;1
1;3;11;5;5014;;1;1;AV-924;5,229;6;12;2;;;3;1;1;;;1;1
1;3;16;5;5014;;1;1;AV-P-718;2,5;6;10;2;;;1;1;1;;;1;1
2;5;9;5;5014;;1;1;N-502;82,488;6;2;1;2;;3;1;1;;;1;1
5;6;12;5;5014;;1;1;AV-924;2,2;6;2;2;;;1;1;1;;;1;2
7;6;11;5;5014;;1;1;CL-501;64,1;6;2;1;5;AV-P-710;1;1;1;;;1;1
8;6;21;5;0;;1;1;CL-501;68,1;6;8;2;;;1;6;1;;;18;1
12;5;11;5;0;;1;1;N-502;74,4;6;15;2;;;1;1;1;;;1;2
12;6;17;5;5014;;1;1;N-502;82,7;6;19;2;;;1;1;1;;;1;2
1;1;16;5;5016;;1;1;A-6;128,74;3;16;2;;;1;1;1;;;1;2
3;2;12;5;5016;;3;2;No inventariada;;9;2;1;1;;1;1;1;;;1;998
4;6;2;5;5016;;3;2;No inventariada;;9;16;1;2;;1;4;1;;;18;998
4;3;19;5;5016;;3;2;No inventariada;;14;2;1;1;;1;1;1;;;1;998
5;5;19;5;5016;;3;2;No inventariada;;9;4;2;;;1;1;1;;;18;998
5;2;14;5;5016;;3;2;No inventariada;;9;16;2;;;1;1;1;;;18;998
6;1;14;5;5016;;1;1;AV-804;41,9;6;18;2;;;1;1;1;;;1;2
6;1;22;5;5016;;1;1;A-6;129,135;3;14;1;10;AV-810;1;2;1;;;1;2
7;1;18;5;5016;;1;1;AV-804;38,82;6;12;2;;;1;2;1;;;1;1
8;4;9;5;5016;;1;1;AV-804;40,8;6;4;2;;;1;1;1;;;6;1
8;2;20;5;5016;;3;2;No inventariada;;9;2;1;2;;1;1;1;;;1;998
8;3;16;5;5016;;3;2;No inventariada;;9;2;1;1;;1;1;1;;;1;998
10;1;9;5;5016;;3;2;No inventariada;;9;4;2;;;1;1;1;;;1;998
11;5;10;5;5016;;3;2;No inventariada;;7;2;2;;;1;1;1;;;1;998
8;6;11;5;0;;1;1;A-50;23,057;3;18;2;;;1;1;1;;;1;1
1;1;11;5;5019;;1;1;AV-20;0,34;3;16;2;;;3;1;1;;;1;2
1;2;16;5;5019;;3;2;No inventariada;;9;10;1;2;;3;1;2;;;1;998
1;4;19;5;5019;;3;2;No inventariada;;9;2;1;4;;1;5;2;;;1;998
1;1;9;5;5019;;3;2;No inventariada;;7;4;1;4;;1;1;1;;;1;998
1;7;16;5;5019;;3;2;No inventariada;;9;7;1;1;;1;1;1;;;1;998
1;1;19;5;5019;;3;2;No inventariada;;9;4;2;;;1;1;1;;;1;998
1;5;15;5;5019;;3;2;No inventariada;;9;7;2;;;9;1;7;;;18;998
2;4;14;5;5019;;3;2;No inventariada;;9;16;2;;;1;1;1;;;1;998
1;5;17;5;5019;;3;2;No inventariada;;7;2;1;2;;1;1;1;;;17;998
1;4;20;5;5019;;3;2;No inventariada;;9;10;1;4;;3;4;1;;;1;998
2;6;8;5;5019;;3;2;No inventariada;;9;2;1;4;;1;1;1;;;1;998
2;7;10;5;5019;;1;1;GANSINO;2,5;10;8;2;;;1;1;1;;;1;1
2;5;12;5;5019;;3;2;No inventariada;;9;6;1;2;;1;1;1;;;2;998
2;5;11;5;5019;;3;2;No inventariada;;9;4;2;;;1;1;1;;;1;998
2;5;8;5;5019;;3;2;No inventariada;;9;7;2;;;1;1;1;;;1;998
2;6;16;5;5019;;3;2;No inventariada;;9;2;1;4;AV-500;1;1;2;;;1;998
2;1;14;5;5019;;3;2;No inventariada;;9;2;2;;;3;1;3;;;1;998
3;2;8;5;5019;;1;1;N-403;132,225;6;12;1;4;;3;1;1;;;1;1
3;2;7;5;5019;;3;2;No inventariada;;9;2;1;2;;1;1;1;;;1;998
2;2;20;5;5019;;3;2;No inventariada;;9;2;1;4;;1;4;1;;;1;998
2;2;10;5;5019;;3;2;No inventariada;;9;7;1;1;;1;1;2;;;1;998
3;5;7;5;5019;;3;2;No inventariada;;9;3;1;2;;3;1;1;;;1;998
3;5;9;5;5019;;3;2;No inventariada;;9;2;1;1;;1;1;1;;;1;998
3;6;16;5;5019;;3;2;No inventariada;;9;2;1;4;;6;1;6;;;1;998
2;4;10;5;5019;;3;2;No inventariada;;11;7;2;;;1;1;1;;;6;998
2;7;0;5;5019;;3;2;No inventariada;;9;18;2;;;1;6;2;;;1;998
3;3;15;5;5019;;3;2;No inventariada;;9;5;2;;;1;1;1;;;1;998
3;4;11;5;0;;1;1;N-110;262,551;6;2;1;2;N-502;1;1;1;;;1;1
3;1;15;5;5019;;3;2;No inventariada;;9;4;1;4;;1;1;1;;;1;998
3;3;8;5;5019;;3;2;No inventariada;;9;7;2;;;1;1;1;;;18;998
3;1;13;5;5019;;1;1;AV-20;6,3;3;10;2;;;5;1;5;;;5;1
3;6;4;5;5019;;3;2;No inventariada;;9;10;2;;;3;4;2;;;1;998
3;4;16;5;5019;;3;2;No inventariada;;9;6;2;;;1;1;1;;;1;998
3;5;22;5;5019;;3;2;No inventariada;;9;2;1;4;;3;4;2;;;1;998
4;2;18;5;5019;;3;2;No inventariada;;9;4;2;;;1;1;2;;;1;998
4;3;15;5;5019;;1;1;AV-500;6,9;6;12;2;;;1;1;1;;;1;1
3;2;18;5;5019;;3;2;No inventariada;;7;2;2;;;3;1;3;;;1;998
4;5;13;5;5019;;1;1;AV-20;8,8;3;10;2;;;1;1;1;;;1;2
4;3;8;5;5019;;3;2;No inventariada;;9;2;1;4;;1;1;1;;;1;998
4;3;9;5;5019;;3;2;No inventariada;;9;7;2;;;1;1;1;;;6;998
4;1;20;5;5019;;3;2;No inventariada;;9;2;1;2;;3;1;2;;;1;998
4;2;18;5;5019;;3;2;No inventariada;;9;2;1;1;;1;1;1;;;1;998
4;6;21;5;5019;;3;2;No inventariada;;9;2;1;4;;1;4;1;;;1;998
4;7;21;5;5019;;1;1;A-50;4,3;3;12;2;;;1;6;1;;;1;1
4;2;21;5;5019;;3;2;No inventariada;;9;2;1;1;;3;4;3;;;5;998
4;1;11;5;5019;;3;2;No inventariada;;9;2;1;4;;1;1;1;;;1;998
4;4;12;5;5019;;3;2;No inventariada;;9;7;1;2;;9;1;1;;;18;998
5;7;21;5;5019;;1;1;AV-20;5,97;3;12;2;;;3;1;4;;;1;1
5;4;9;5;5019;;3;2;No inventariada;;9;4;1;4;;1;1;1;;;1;998
4;2;18;5;5019;;3;2;No inventariada;;9;4;2;;;2;1;1;;;1;998
5;5;19;5;5019;;3;2;No inventariada;;9;7;1;2;;1;1;2;;;2;998
5;7;14;5;5019;;1;1;AV-20;0;3;15;2;;;8;1;5;;;5;1
5;7;16;5;5019;;1;1;AV-20;7,7;3;4;2;;;8;1;5;;;5;1
5;4;12;5;5019;;3;2;No inventariada;;9;2;1;4;;1;1;1;;;1;998
2;3;19;5;5019;;3;2;No inventariada;;9;7;2;;;1;1;1;;;2;998
5;2;13;5;5019;;3;2;No inventariada;;9;20;2;;;1;1;1;;;1;998
5;4;14;5;5019;;1;1;AV-110;2,406;6;18;2;;;1;1;1;;;1;1
5;4;19;5;5019;;3;2;No inventariada;;9;2;1;2;;1;1;1;;;2;998
5;5;15;5;5019;;3;2;No inventariada;;9;4;1;2;;1;1;1;;;1;998
6;7;18;5;5019;;1;1;A-50;4,7;3;13;2;;;1;1;1;;;1;1
6;6;1;5;5019;;3;2;No inventariada;;9;7;1;4;;1;4;1;;;1;998
5;5;23;5;5019;;3;2;No inventariada;;9;16;2;;;1;4;1;;;1;998
6;3;11;5;5019;;3;2;No inventariada;;9;10;1;2;;1;1;1;;;9;998
6;2;17;5;5019;;3;2;No inventariada;;9;7;2;;;1;1;1;;;1;998
6;7;3;5;5019;;3;2;No inventariada;;9;2;1;1;;1;4;1;;;2;998
6;1;21;5;5019;;3;2;No inventariada;;9;7;1;4;;1;1;1;;;6;998
7;3;9;5;0;;1;1;N-502;10,458;6;10;2;;;1;1;1;;;1;1
6;3;10;5;5019;;3;2;No inventariada;;9;2;1;4;;1;1;2;;;1;998
6;3;18;5;5019;;3;2;No inventariada;;9;2;1;1;;8;1;2;;;1;998
7;4;17;5;5019;;3;2;No inventariada;;9;7;1;4;;1;1;1;;;1;998
7;4;13;5;5019;;3;2;No inventariada;;9;4;2;;;1;1;1;;;1;998
7;7;21;5;5019;;3;2;No inventariada;;11;6;2;;;1;1;1;;;1;998
8;4;22;5;5019;;3;2;No inventariada;;9;7;2;;;1;4;1;;;1;998
7;4;17;5;5019;;3;2;No inventariada;;9;7;2;;;1;1;1;;;1;998
8;6;8;5;5019;;3;2;No inventariada;;9;6;1;2;;1;1;1;;;1;998
8;1;15;5;5019;;1;1;AV-500;10,8;6;2;1;1;;1;1;1;;;1;1
7;5;12;5;5019;;3;2;No inventariada;;9;20;2;;;1;1;1;;;1;998
8;5;13;5;5019;;3;2;No inventariada;;9;5;2;;;1;1;1;;;1;998
7;1;8;5;5019;;3;2;No inventariada;;9;2;1;4;;1;1;1;;;1;998
8;3;8;5;5019;;3;2;No inventariada;;9;7;1;4;;1;1;1;;;6;998
8;1;13;5;5019;;3;2;No inventariada;;9;5;2;;;1;1;1;;;1;998
7;5;15;5;5019;;3;2;No inventariada;;9;2;1;1;;1;1;1;;;1;998
8;5;16;5;5019;;3;2;No inventariada;;9;2;1;4;;1;1;1;;;1;998
8;6;14;5;5019;;3;2;No inventariada;;9;9;1;4;;1;1;1;;;1;998
7;2;10;5;5019;;3;2;No inventariada;;9;7;1;4;;1;1;1;;;6;998
7;1;18;5;5019;;3;2;No inventariada;;9;7;1;2;;1;1;1;;;1;998
8;2;19;5;5019;;3;2;No inventariada;;9;2;2;;;1;1;2;;;1;998
9;2;10;5;5019;;3;2;No inventariada;;9;7;2;;;1;1;1;;;1;998
9;2;8;5;5019;;3;2;No inventariada;;9;7;2;;;1;1;1;;;1;998
9;3;20;5;5019;;3;2;No inventariada;;9;7;2;;;1;1;1;;;6;998
9;6;19;5;5019;;1;1;AV-P-201;0,217;6;12;2;;;1;1;1;;;1;2
9;5;10;5;5019;;3;2;No inventariada;;9;2;1;4;;1;1;1;;;1;998
9;1;8;5;5019;;3;2;No inventariada;;9;2;1;4;;1;1;1;;;1;998
9;1;15;5;5019;;3;2;No inventariada;;9;2;1;4;;1;1;1;;;1;998
7;5;11;5;5019;;3;2;No inventariada;;9;7;1;4;;1;1;1;;;1;998
9;1;18;5;5019;;3;2;No inventariada;;9;2;1;1;;1;1;1;;;2;998
9;6;12;5;5019;;3;2;No inventariada;;9;7;1;1;;1;1;1;;;1;998
9;1;9;5;5019;;3;2;No inventariada;;9;7;1;2;;1;1;1;;;6;998
9;4;15;5;5019;;3;2;No inventariada;;9;2;1;4;;1;1;1;;;1;998
9;6;12;5;5019;;3;2;No inventariada;;9;6;1;2;;1;1;1;;;1;998
9;5;9;5;5019;;3;2;No inventariada;;9;4;1;4;;1;1;1;;;1;998
8;3;19;5;5019;;3;2;No inventariada;;9;7;2;;;1;1;1;;;1;998
10;4;17;5;5019;;3;2;No inventariada;;9;7;1;4;;1;1;1;;;1;998
10;2;18;5;5019;;3;2;No inventariada;;9;7;2;;;1;1;1;;;9;998
10;7;9;5;5019;;3;2;No inventariada;;9;16;1;4;;1;1;1;;;6;998
8;3;19;5;5019;;3;2;No inventariada;;9;7;1;1;;1;1;1;;;1;998
10;2;18;5;5019;;3;2;No inventariada;;9;20;2;;;1;1;1;;;1;998
10;4;9;5;5019;;3;2;No inventariada;;9;7;2;;;3;1;3;;;9;998
9;4;14;5;5019;;3;2;No inventariada;;9;7;2;;;1;1;1;;;1;998
10;5;21;5;5019;;3;2;No inventariada;;9;7;1;4;;3;4;2;;;1;998
10;6;19;5;5019;;3;2;No inventariada;;9;7;2;;;1;3;1;;;1;998
10;4;9;5;5019;;3;2;No inventariada;;9;2;1;4;;1;1;2;;;1;998
10;5;11;5;5019;;3;2;No inventariada;;9;3;1;4;;3;1;2;;;1;998
11;5;10;5;5019;;3;2;No inventariada;;9;4;2;;;1;1;1;;;1;998
11;2;19;5;5019;;1;1;N-110;248,341;6;5;2;;;1;4;1;;;1;1