MES;DIA_SEMANA;HORA;COD_PROVINCIA;COD_MUNICIPIO;ISLA;ZONA;ZONA_AGRUPADA;CARRETERA;KM;TIPO_VIA;TIPO_ACCIDENTE;NUDO;NUDO_INFO;CARRETERA_CRUCE;CONDICION_FIRME;CONDICION_ILUMINACION;CONDICION_METEO;CONDICION_NIEBLA;CONDICION_VIENTO;VISIB_RESTRINGIDA_POR;TRAZADO_PLANTA
11;1;11;5;5019;;3;2;No inventariada;;9;4;2;;;1;1;2;;;1;998
11;2;13;5;5019;;3;2;No inventariada;;9;4;1;2;N-110;1;1;2;;;1;998
11;2;14;5;5019;;3;2;No inventariada;;9;4;1;4;;1;1;2;;;1;998
11;2;15;5;5019;;1;1;N-403;144,596;6;1;2;;;1;1;1;;;1;2
11;1;6;5;5019;;1;1;AV-503;1,027;6;14;2;;;3;6;3;;;1;1
11;1;14;5;5019;;3;2;No inventariada;;9;2;1;4;;1;1;1;;;1;998
10;5;14;5;5019;;3;2;No inventariada;;9;2;1;1;;1;1;1;;;2;998
11;2;22;5;5019;;3;2;No inventariada;;9;2;1;2;;1;4;1;;;9;998
11;1;19;5;5019;;3;2;No inventariada;;9;2;1;4;;1;4;2;;;1;998
11;2;11;5;5019;;3;2;No inventariada;;9;7;1;4;;1;1;1;;;1;998
11;3;12;5;5019;;3;2;No inventariada;;9;7;2;;;1;1;1;;;1;998
11;5;3;5;5019;;3;2;No inventariada;;9;4;2;;;1;4;1;;;1;998
11;1;19;5;5019;;3;2;No inventariada;;9;7;1;1;;1;4;1;;;2;998
11;6;20;5;5019;;3;2;No inventariada;;9;5;2;;;1;4;1;;;1;998
12;3;8;5;5019;;3;2;No inventariada;;9;7;1;4;;3;3;2;;;1;998
12;3;17;5;5019;;3;2;No inventariada;;9;7;2;;;1;1;1;;;1;998
12;5;23;5;5019;;1;1;N-403;147,45;6;8;2;;;1;6;1;;;18;1
12;5;14;5;5019;;1;1;A-50;3,9;3;4;2;;;1;1;1;;;1;1
12;3;19;5;5019;;3;2;No inventariada;;9;7;1;4;;1;4;1;;;1;998
12;1;13;5;5019;;3;2;No inventariada;;9;20;2;;;1;1;1;;;1;998
12;7;6;5;5019;;1;1;N-110a;259,129;6;12;2;;;1;6;1;;;1;1
12;2;9;5;5019;;3;2;No inventariada;;9;7;1;2;;1;1;1;;;1;998
12;2;10;5;5019;;3;2;No inventariada;;9;7;2;;;1;1;1;;;2;998
12;1;18;5;5019;;3;2;No inventariada;;9;2;1;2;;1;4;1;;;1;998
12;2;11;5;5019;;1;1;AV-500;15,8;6;2;2;;;1;1;1;;;1;1
9;6;18;5;0;;1;1;N-110;335,459;6;2;1;5;;1;1;1;;;1;1
9;4;8;5;0;;1;1;N-110;335,715;6;7;2;;;1;1;1;;;6;1
9;4;8;5;0;;1;1;N-110;335,65;6;7;2;;;1;1;1;;;6;1
3;7;16;5;0;;1;1;AV-902;20,121;6;15;2;;;1;1;1;;;1;1
5;5;19;5;0;;1;1;N-403;118,6;6;15;2;;;1;1;1;;;1;2
9;7;10;5;0;;1;1;AV-902;16,95;6;19;2;;;1;1;1;;;1;2
10;5;16;5;0;;1;1;N-403;118,5;6;4;2;;;1;1;1;;;1;2
10;3;15;5;0;;1;1;N-403;100,454;6;2;1;2;N-403;1;1;1;;;1;1
11;3;15;5;0;;1;1;N-403;117,1;6;15;2;;;6;1;6;1;;5;2
11;4;11;5;0;;3;2;No inventariada;;7;2;2;;;1;1;1;;;1;998
12;1;20;5;0;;1;1;N-403;108,634;6;12;2;;;1;4;1;;;1;1
5;5;9;5;0;;1;1;AV-P-138;9,526;6;2;1;1;AV-P-139;1;1;1;;;1;1
11;1;14;5;0;;1;1;AV-800;16,7;6;2;1;2;;1;1;1;;;1;1
5;2;15;5;0;;1;1;N-403;163,45;6;19;2;;;1;1;1;;;18;1
9;7;2;5;0;;1;1;No inventariada;1,471;10;16;2;;;1;6;1;;;2;3
10;3;18;5;0;;3;2;No inventariada;;9;7;2;;;1;1;1;;;1;998
1;1;19;5;5047;;1;1;AV-924;21,2;6;1;2;;;3;6;4;;;1;3
6;5;11;5;5047;;1;1;AV-924;18,156;6;12;1;2;;1;1;1;;;1;3
8;3;18;5;5047;;3;2;No inventariada;;7;19;2;;;1;1;1;;;1;998
10;7;17;5;0;;1;1;A-50;11,565;3;2;2;;;3;1;3;;;18;1
10;7;13;5;0;;1;1;N-110;340,666;6;12;2;;;1;1;1;;;1;1
11;5;13;5;0;;3;2;No inventariada;;9;7;1;1;;1;1;1;;;2;998
11;3;17;5;0;;1;1;CL-501a;2,844;14;19;2;;;1;2;1;;;1;1
8;6;1;5;0;;3;2;No inventariada;;9;4;2;;;1;4;7;;;18;998
1;7;12;5;0;;1;1;AV-562;11,195;6;17;2;;;1;1;1;;;18;1
1;7;17;5;0;;1;1;AV-562;10,588;6;18;2;;;1;1;1;;;1;2
2;7;11;5;0;;1;1;AV-562;6,257;6;19;2;;;3;1;1;;;1;2
3;7;14;5;0;;1;1;AV-562;10,57;6;19;2;;;1;1;1;;;1;2
4;7;10;5;0;;1;1;AV-502;18,239;6;10;2;;;2;1;1;;;1;2
4;3;12;5;0;;1;1;AV-512;1,3;6;16;2;;;1;1;1;;;1;2
5;3;14;5;0;;1;1;AV-562;10,49;6;19;2;;;1;1;2;;;1;2
5;7;12;5;0;;1;1;AV-502;21,7;6;10;2;;;1;1;1;;;1;2
6;7;10;5;0;;1;1;AV-562;10,5;6;19;2;;;1;1;1;;;18;2
6;5;20;5;0;;1;1;AV-562;3,8;6;19;2;;;1;1;1;;;1;2
7;6;20;5;0;;1;1;AV-562;10,591;6;10;2;;;1;1;1;;;1;2
9;6;9;5;0;;1;1;AV-562;10,6;6;10;2;;;1;1;1;;;1;2
9;2;8;5;0;;3;2;No inventariada;;9;7;1;1;;1;1;1;;;6;998
10;7;19;5;0;;1;1;AV-562;8,2;6;15;2;;;1;1;1;;;1;2
10;6;10;5;0;;1;1;AV-503;30,1;6;10;2;;;1;1;1;;;1;1
10;6;14;5;0;;1;1;AV-502;16,317;6;19;2;;;9;1;2;;;1;2
11;7;14;5;0;;1;1;AV-562;2,4;6;15;2;;;1;1;2;;;1;2
10;6;14;5;0;;1;1;N-502;37,2;6;4;2;;;1;1;1;;;1;1
3;5;19;5;0;;1;1;N-110;260;6;4;2;;;1;6;1;;;1;1
9;4;21;5;0;;3;2;No inventariada;;9;20;1;2;;1;4;1;;;18;998
9;1;12;5;0;;1;1;N-110;261,851;6;1;2;;;1;1;1;;;1;1
6;1;7;5;0;;1;1;N-502;65,525;6;20;2;;;1;2;1;;;6;1
7;7;12;5;0;;1;1;N-502;60;6;18;2;;;1;1;1;;;1;2
8;1;9;5;0;;1;1;A-6;119,25;3;18;2;;;1;1;1;;;1;1
10;4;9;5;0;;1;1;AV-800;10,625;6;2;1;12;AV-800;1;1;1;;;1;1
1;1;16;5;0;;1;1;N-110;262,154;6;3;1;5;AV-P-402;1;1;1;;;6;1
1;4;11;5;0;;3;2;No inventariada;;9;10;2;;;1;1;1;;;1;998
3;6;12;5;0;;1;1;No inventariada;0,5;10;16;2;;;1;1;2;;;1;1
9;1;16;5;0;;1;1;N-110;261,9;6;16;2;;;1;1;1;;;1;1
1;5;12;5;0;;1;1;AV-P-705;11,8;6;19;2;;;1;1;1;;;1;2
12;5;12;5;0;;1;1;CL-501;41,171;6;2;1;5;AV-P-705;1;1;1;;;1;1
5;2;17;5;0;;1;1;CL-507;14,781;6;12;1;4;AV-804;1;1;1;;;1;1
7;5;9;5;0;;1;1;AV-804;19,6;6;19;2;;;1;1;1;;;1;3
2;7;0;5;0;;1;1;AV-503;12,272;6;13;2;;;1;6;1;;;18;2
3;4;13;5;0;;1;1;CL-505;21,7;6;2;1;1;CL-505;1;1;1;;;1;4
5;5;13;5;0;;1;1;CL-505;16,424;6;1;2;;;1;1;1;;;1;1
6;5;12;5;0;;1;1;CL-505;22,237;6;16;2;;;1;1;1;;;1;1
10;4;7;5;0;;1;1;AV-P-711;4,229;6;3;2;;;3;6;3;;;12;3
2;6;13;5;0;;1;1;AV-502;14,759;6;12;2;;;1;1;1;;;1;2
4;6;11;5;0;;1;1;AV-561;3;6;10;2;;;1;1;1;;;1;3
5;6;12;5;0;;1;1;AV-561;7,461;6;19;2;;;1;1;1;;;1;2
5;6;13;5;0;;1;1;AV-502;6,2;6;16;2;;;1;1;1;;;18;2
5;7;13;5;0;;1;1;AV-502;14,887;6;10;2;;;1;1;2;;;1;2
7;6;18;5;0;;1;1;AV-561;4,501;6;19;2;;;1;1;1;;;18;2
10;7;12;5;0;;1;1;AV-561;3,626;6;10;2;;;1;1;1;;;1;1
4;7;22;5;0;;1;1;AV-102;8,396;6;4;2;;;1;6;1;;;1;1
11;4;18;5;0;;1;1;AV-100;5,733;6;8;2;;;1;6;1;;;1;1
4;2;8;5;0;;1;1;CL-501;48,9;6;8;2;;;1;1;1;;;1;1
6;2;15;5;0;;1;1;CL-501;54;6;10;2;;;1;1;1;;;1;1
8;4;9;5;0;;2;2;CL-501;50,381;6;7;2;;;1;1;1;;;1;3
8;6;11;5;0;;1;1;CL-501;53,05;6;10;2;;;1;1;1;;;1;1
5;5;11;5;0;;1;1;CL-610;67,93;6;3;1;1;CL-610;1;1;1;;;18;1
3;5;8;5;0;;1;1;CL-510;55,418;6;16;2;;;3;1;6;;;1;2
3;6;19;5;0;;1;1;AV-P-627;12,9;6;15;2;;;1;2;1;;;1;1
12;5;10;5;0;;1;1;AV-P-630;10,922;6;1;2;;;1;1;2;;;18;1
10;4;2;5;0;;1;1;AV-110;26,95;6;18;2;;;1;6;1;;;1;3
3;4;11;5;0;;1;1;AV-110;8,82;6;3;2;;;1;1;1;;;1;1
9;4;13;5;0;;1;1;AV-110;3,187;6;18;2;;;3;1;3;;;5;1
3;4;14;5;5019;;1;1;N-403;142,553;6;4;2;;;1;1;1;;;1;1
1;6;19;5;0;;1;1;AV-923;0,95;6;8;2;;;1;6;1;;;12;1
2;7;15;5;0;;1;1;N-502;66,5;6;1;2;;;1;1;1;;;1;2
8;7;14;5;0;;1;1;No inventariada;2,7;10;13;2;;;1;1;1;;;1;1
11;6;14;5;0;;1;1;N-501;15,746;6;14;2;;;1;1;1;;;1;1
8;5;18;5;0;;1;1;N-110;283,9;6;2;1;1;AV-933;1;1;1;;;1;1
9;1;19;5;0;;1;1;N-110;283,9;6;4;1;1;AV-933;1;1;1;;;9;1
11;7;6;5;0;;1;1;AV-120;1,025;6;7;2;;;3;4;1;;;1;1
8;2;16;5;0;;1;1;N-110;273,8;6;2;1;1;;1;1;1;;;1;1
9;1;7;5;0;;1;1;A-50;29,9;3;4;2;;;1;2;1;;;1;1
11;5;3;5;0;;1;1;A-50;32,951;3;6;2;;;3;6;4;;;9;1
1;5;16;5;0;;1;1;A-50;45,238;3;4;2;;;6;1;6;;;1;1
9;7;9;5;0;;1;1;A-50;46,2;3;16;2;;;1;1;1;;;1;1
1;3;14;5;0;;1;1;M-501;66,2;6;1;2;;;3;1;2;1;;1;2
4;3;13;5;0;;1;1;M-501;66,04;6;18;2;;;1;1;1;;;1;1
9;7;15;5;0;;1;1;M-501;65;6;16;2;;;1;1;1;;;1;1
8;6;11;5;0;;1;1;AV-P-415;1,4;6;10;2;;;1;1;1;;;1;1
3;7;12;5;0;;1;1;AV-900;20,2;6;19;2;;;1;1;1;;;1;2
3;6;14;5;0;;1;1;AV-900;21,9;6;19;2;;;1;1;1;;;1;2
4;6;16;5;0;;1;1;AV-905;34,199;6;16;2;;;1;1;1;;;1;1
7;4;11;5;0;;1;1;AV-900;20,158;6;19;2;;;1;1;1;;;1;2
7;7;19;5;0;;1;1;AV-900;20,18;6;19;2;;;1;1;1;;;1;2
8;2;13;5;0;;1;1;AV-900;26,85;6;10;2;;;1;1;1;;;1;1
9;7;14;5;0;;1;1;AV-900;24,4;6;1;2;;;1;1;1;;;1;1
12;4;19;5;0;;1;1;AV-900;20,152;6;17;2;;;1;6;1;;;1;3
4;7;12;5;0;;1;1;AV-P-419;5,79;6;12;2;;;1;1;1;;;1;2
5;1;14;5;0;;1;1;NAVALOSA;1;10;10;2;;;2;1;1;;;1;1
6;6;12;5;0;;1;1;AV-905;13,998;6;12;2;;;1;1;1;;;1;2
7;7;14;5;0;;1;1;AV-905;15,3;6;15;2;;;1;1;1;;;1;2
7;5;11;5;0;;1;1;CL-505;29,8;6;2;1;1;AV-502;1;1;1;;;1;1
11;6;20;5;0;;1;1;CL-505;22,95;6;16;2;;;1;6;1;;;4;2
3;7;20;5;0;;1;1;AV-902;7,5;6;4;2;;;1;2;1;;;1;1
5;1;18;5;0;;1;1;AV-P-417;7,991;6;16;2;;;1;1;1;;;1;1
8;4;12;5;0;;1;1;AV-902;10,727;6;2;1;2;;1;1;1;;;4;2
8;7;22;5;0;;3;2;No inventariada;;9;7;2;;;1;4;1;;;18;998
8;6;22;5;0;;2;2;AV-913;12,3;6;1;1;2;;1;2;1;;;1;1
1;3;7;5;5168;;1;1;AV-P-308;0,1;6;8;2;;;1;6;1;;;2;1
6;2;18;5;5168;;1;1;CL-505;38,57;6;16;2;;;3;1;2;1;;5;3
6;2;20;5;5168;;1;1;CL-505;35,186;6;12;2;;;1;1;1;;;1;1
8;3;15;5;5168;;3;2;No inventariada;;9;16;2;;;1;1;1;;;1;998
9;5;14;5;5168;;1;1;CL-505;41,892;6;16;2;;;1;1;1;;;18;1
9;3;2;5;0;;1;1;AV-501;3,638;6;16;2;;;3;6;3;;;1;2
10;2;11;5;5168;;1;1;AV-P-308;0,85;6;16;2;;;1;1;2;;;18;2
12;7;6;5;5168;;3;2;No inventariada;;9;2;1;1;;1;6;1;;;1;998
6;6;10;5;0;;1;1;AV-905;24,55;6;2;1;1;;1;1;1;;;4;1
3;6;8;5;0;;1;1;N-502;13,7;6;2;1;1;;3;1;1;;;1;1
10;4;10;5;0;;1;1;CAMINO DE;0,75;10;10;2;;;3;1;3;;;1;1
1;3;16;5;0;;1;1;A-6;130,306;3;19;2;;;1;1;1;;;18;1
3;1;18;5;0;;1;1;A-6;133,86;3;16;2;;;1;1;1;;;1;1
5;5;9;5;0;;1;1;A-6;135,287;3;18;2;;;1;1;1;;;1;1
8;2;15;5;0;;1;1;A-6;135,6;3;4;1;2;;1;1;1;;;1;1
12;1;11;5;0;;1;1;TORNADIZOS;1,218;10;14;2;;;3;1;2;2;;5;3
5;6;14;5;0;;1;1;CL-501;45,78;6;2;2;;;1;1;1;;;1;1
10;6;14;5;0;;1;1;AV-922;31,252;6;15;2;;;1;1;1;;;1;2
11;5;6;5;0;;1;1;CL-501;45,4;6;8;2;;;3;6;3;;;18;1
8;6;11;5;0;;1;1;DESCONOCID;2;10;10;2;;;9;1;7;;;18;4
5;3;13;5;0;;1;1;N-110;314,3;6;16;2;;;1;1;2;;;1;1
11;5;3;5;0;;1;1;AV-102;5,5;6;8;2;;;1;6;7;;;1;1
1;2;15;5;0;;1;1;CL-501;29;6;19;2;;;1;1;1;;;1;1
8;6;13;5;0;;1;1;CL-501;27,8;6;14;2;;;1;1;1;;;1;1
11;6;22;5;0;;1;1;CL-501;24,705;6;7;2;;;1;4;1;;;1;1
6;6;9;5;0;;1;1;N-110;290,15;6;18;2;;;1;1;1;;;18;2
11;5;15;5;0;;2;2;AV-P-506;2,495;6;4;2;;;1;1;2;;;1;1
7;4;11;5;5019;;1;1;AV-900;7,484;6;10;1;2;AV-P-405;1;1;1;;;1;1
12;5;13;5;0;;1;1;AV-900;16,255;6;19;2;;;1;1;1;;;1;1
3;6;15;5;0;;1;1;AP-6;100,4;1;20;2;;;6;1;6;;;1;1
3;7;19;5;0;;1;1;N-6;101,793;6;18;2;;;1;6;1;;;18;1
8;4;19;5;0;;1;1;N-6;99,9;6;16;2;;;1;2;1;;;1;1
9;2;11;5;0;;1;1;CL-507;3;6;4;2;;;1;1;1;;;1;2
12;6;12;5;0;;1;1;AP-6;102,198;1;2;2;;;1;1;1;;;1;1
5;6;11;5;0;;1;1;AV-913;22,05;6;3;2;;;1;1;1;;;1;2
6;6;12;5;0;;1;1;AV-913;22,6;6;10;2;;;1;1;1;;;1;1
2;7;12;5;0;;1;1;AV-902;12,318;6;12;2;;;1;1;1;;;1;2
6;6;11;5;0;;1;1;AV-905;43,7;6;10;1;2;AV-P-417;1;1;2;;;1;1
7;4;14;5;0;;1;1;AV-902;14,254;6;19;2;;;1;1;1;;;1;2
8;4;18;5;0;;3;2;No inventariada;;9;20;2;;;8;1;1;;;1;998
9;1;21;5;0;;1;1;AV-905;42,095;6;19;2;;;1;2;1;;;1;1
5;7;17;5;0;;1;1;CL-501;10,2;6;18;2;;;1;1;2;;;1;1
7;1;15;5;0;;1;1;AV-P-702;2,2;6;16;2;;;1;1;1;;;1;1
6;7;12;5;0;;1;1;AV-913;15,65;6;10;2;;;1;1;1;;;1;1
5;3;16;5;0;;1;1;N-110;342,77;6;18;2;;;1;1;1;;;1;2
8;3;19;5;0;;3;2;No inventariada;;9;7;2;;;1;1;1;;;18;998
8;1;9;5;0;;1;1;N-502;22,358;6;18;2;;;1;1;1;;;1;1
10;2;11;5;0;;1;1;N-502;21,145;6;2;1;2;;2;1;2;;;1;1
2;7;5;5;0;;3;2;No inventariada;;9;7;1;2;;1;4;1;;;1;998
7;6;20;5;0;;3;2;No inventariada;;9;17;2;;;1;1;7;;;1;998
7;1;6;5;0;;3;2;No inventariada;;9;2;1;1;;1;3;1;;;2;998
7;7;10;5;0;;3;2;No inventariada;;9;3;2;;;1;1;1;;;1;998
3;6;23;5;0;;1;1;N-403;86,8;6;8;2;;;1;6;1;;;1;1
3;4;8;5;0;;1;1;N-403;85,355;6;1;2;;;1;1;2;;;4;2
4;2;1;5;0;;1;1;N-403;88,908;6;12;2;;;1;6;1;;;1;1
6;7;17;5;0;;1;1;N-403;91,785;6;2;2;;;1;1;1;;;1;2
7;4;13;5;0;;1;1;N-403;89;6;1;2;;;1;1;1;;;1;1
8;1;19;5;0;;1;1;CAMINO V;4,4;10;13;2;;;2;1;1;;;1;3
9;1;16;5;0;;1;1;AV-502;28,276;6;10;2;;;1;1;1;;;1;1
10;5;12;5;0;;1;1;N-403;93,432;6;1;2;;;1;1;1;;;1;1
11;7;14;5;0;;1;1;AV-502;29,438;6;19;2;;;3;1;1;;;1;2
12;5;18;5;0;;1;1;N-403;83,6;6;3;2;;;1;6;1;;;1;2
1;4;7;5;0;;3;2;No inventariada;;9;7;2;;;1;4;1;;;1;998
9;7;14;5;0;;1;1;AV-503;8,821;6;15;2;;;1;1;2;;;4;2
11;2;17;5;0;;1;1;CL-505;8,594;6;2;2;;;1;2;2;;;1;1
6;7;17;5;0;;1;1;N-110;279,02;6;16;2;;;1;1;1;;;1;1
12;3;8;5;0;;1;1;CL-605;67,5;6;19;2;;;1;6;1;;;1;1
5;5;9;5;0;;1;1;AV-P-637;2,121;6;2;2;;;1;1;1;;;6;4
7;7;10;5;0;;1;1;N-502;55,2;5;1;2;;;1;1;1;;;1;2
7;6;11;5;0;;1;1;N-110;297,6;6;2;1;1;AV-P-637;1;1;1;;;1;1
12;1;19;5;0;;1;1;AV-P-625;6,32;6;3;2;;;3;6;1;2;;5;2
3;5;12;5;0;;1;1;AP-51;89,3;1;4;2;;;3;1;6;;;1;1
5;5;18;5;0;;1;1;AV-500;22,082;6;4;1;1;AV-501;1;1;1;;;18;1
8;4;11;5;0;;1;1;N-110;233;6;2;1;5;;1;1;1;;;1;1
8;6;20;5;0;;1;1;LA ATALAYA;0,05;10;10;1;1;;1;1;1;;;1;1
6;5;14;6;6002;;2;2;EX-105;78,4;6;2;2;;;1;1;1;;;1;1
6;6;14;6;6002;;3;2;No inventariada;;9;10;1;2;;1;1;1;;;2;998
9;3;3;6;0;;1;1;BA-022;43,7;6;14;2;;;1;6;1;;;1;2
9;1;7;6;6002;;3;2;No inventariada;;9;1;1;2;;1;3;1;;;2;998
9;1;19;6;6002;;3;2;No inventariada;;9;1;1;4;;1;1;1;;;1;998
10;1;8;6;6002;;3;2;No inventariada;;9;7;2;;;1;3;1;;;9;998
12;5;9;6;0;;1;1;N-432;122,9;6;4;1;2;;1;1;2;;;5;1
7;1;12;6;0;;1;1;EX-337;7,97;6;18;2;;;1;1;1;;;1;2
6;6;0;6;0;;1;1;N-435a;22,67;6;16;2;;;1;6;1;;;1;2
4;5;12;6;0;;2;2;N-432a;22,5;5;2;2;;;1;1;2;;;18;1
7;5;16;6;6015;;1;1;EX-363;11,79;6;12;2;;;1;1;1;;;1;1
7;3;17;6;0;;1;1;N-432;25,552;6;18;2;;;1;1;1;;;1;1
3;7;14;6;0;;1;1;CV (EX-302;10,3;10;12;2;;;2;1;2;;;1;1
4;2;9;6;0;;1;1;EX-325;31,6;6;15;2;;;1;1;1;;;1;2
5;7;11;6;0;;1;1;BA-008;2,7;6;19;2;;;1;1;2;;;1;2
6;6;18;6;0;;1;1;No inventariada;0;10;15;2;;;1;1;1;;;12;1
5;4;20;6;0;;3;2;No inventariada;;9;7;2;;;1;3;1;;;1;998
8;5;22;6;0;;1;1;EX-110;46,38;6;16;2;;;1;6;1;;;1;2
9;2;7;6;0;;1;1;EX-110;37,2;6;4;2;;;1;2;2;;;1;1
11;1;20;6;0;;1;1;EX-110;41;6;2;1;2;;1;6;2;;;1;2
12;6;20;6;0;;1;1;EX-110;34,1;6;4;1;4;;1;6;1;;;1;1
11;3;14;6;0;;1;1;EX-312;1,9;6;3;1;1;EX-313;1;1;1;;;1;1
5;6;9;6;6158;;1;1;EX-101;10,4;6;4;2;;;1;1;1;;;1;1
7;3;6;6;0;;1;1;EX-112;3,2;6;18;2;;;1;6;1;;;1;1
2;2;21;6;0;;1;1;A-66;606,95;3;4;1;10;A-66;1;6;1;;;1;1
2;4;7;6;0;;1;1;N-435;34;6;4;2;;;1;6;1;;;1;1
7;6;19;6;0;;1;1;N-435;36,6;6;14;2;;;1;1;1;;;1;1
10;7;18;6;0;;1;1;N-435;34,7;6;2;1;1;A1;1;1;1;;;1;1
2;2;12;6;6149;;1;1;N-630;657;6;4;2;;;1;1;1;;;1;1
3;6;7;6;6011;;1;1;A-66;650;3;12;1;2;A-66;3;2;4;;;1;1
1;7;5;6;6011;;3;2;No inventariada;;9;19;1;4;;1;4;1;;;18;998
1;1;8;6;6011;;3;2;No inventariada;;9;1;1;4;;1;1;1;;;1;998
1;1;11;6;6011;;3;2;No inventariada;;9;7;2;;;1;1;1;;;1;998
1;3;8;6;6011;;3;2;No inventariada;;9;2;1;1;;1;1;1;;;1;998
2;1;8;6;6011;;3;2;No inventariada;;9;7;2;;;1;3;1;;;1;998
2;4;18;6;6011;;3;2;No inventariada;;9;7;1;2;;1;2;1;;;1;998
2;2;11;6;6011;;3;2;No inventariada;;9;7;2;;;1;1;1;;;1;998
3;5;13;6;6011;;3;2;No inventariada;;9;2;1;2;;1;1;1;;;1;998
3;5;19;6;6011;;3;2;No inventariada;;9;7;1;4;;1;1;1;;;1;998
3;2;17;6;6011;;3;2;No inventariada;;9;4;2;;;1;1;1;;;1;998
3;3;15;6;6011;;3;2;No inventariada;;9;1;1;2;;1;1;1;;;1;998
2;1;10;6;6011;;3;2;No inventariada;;9;7;2;;;1;1;1;;;1;998
3;2;18;6;6011;;3;2;No inventariada;;9;7;2;;;1;1;1;;;1;998
4;4;14;6;6011;;3;2;No inventariada;;9;4;1;2;;1;1;1;;;1;998
4;2;9;6;6011;;3;2;No inventariada;;9;2;1;4;;1;1;1;;;1;998
4;1;14;6;6011;;3;2;No inventariada;;9;7;1;2;;1;1;2;;;1;998
5;4;8;6;6011;;3;2;No inventariada;;9;7;2;;;1;1;1;;;1;998
5;4;11;6;6011;;3;2;No inventariada;;9;4;2;;;1;1;1;;;1;998
5;7;14;6;6011;;3;2;No inventariada;;9;1;1;2;;1;1;1;;;1;998
5;2;7;6;6011;;3;2;No inventariada;;9;2;1;2;;1;1;1;;;1;998
6;7;14;6;6011;;3;2;No inventariada;;9;2;1;2;;1;1;1;;;1;998
6;7;11;6;6011;;3;2;No inventariada;;9;2;2;;;1;1;1;;;1;998
6;6;21;6;6011;;3;2;No inventariada;;9;3;2;;;1;2;1;;;1;998
6;7;12;6;6011;;1;1;N-630;653,7;6;4;2;;;1;1;1;;;1;1
7;7;22;6;6011;;3;2;No inventariada;;9;1;1;2;;1;2;1;;;1;998
6;5;13;6;6011;;3;2;No inventariada;;9;10;1;1;;1;1;1;;;1;998
6;5;23;6;6011;;3;2;No inventariada;;9;19;2;;;1;2;2;;;1;998
7;3;21;6;6011;;3;2;No inventariada;;9;20;2;;;1;2;1;;;1;998
7;7;20;6;6011;;1;1;EX-300;55,686;5;3;2;;;1;1;1;;;1;1
7;2;13;6;6011;;3;2;No inventariada;;9;7;1;2;;1;1;1;;;1;998
7;2;9;6;6011;;3;2;No inventariada;;9;7;1;2;;1;1;1;;;1;998
8;2;17;6;6011;;1;1;N-630;647,368;6;2;1;4;EX-359;1;1;1;;;1;4
8;7;11;6;6011;;3;2;No inventariada;;9;7;2;;;1;1;1;;;1;998
8;6;14;6;6011;;1;1;EX-300;52;6;19;2;;;7;1;1;;;1;2
9;3;13;6;6011;;1;1;EX-359;5,4;6;4;2;;;1;1;1;;;1;3
9;6;14;6;6011;;1;1;N-630;653,6;6;2;1;2;;1;1;1;;;1;1
9;7;20;6;6011;;1;1;N-630;652,2;6;1;1;2;;1;2;1;;;1;1
10;5;12;6;6011;;1;1;N-630;653,7;6;2;1;2;A-66;1;1;1;;;1;2
9;1;8;6;6011;;3;2;No inventariada;;9;7;2;;;1;2;1;;;1;998
9;3;19;6;6011;;3;2;No inventariada;;9;2;2;;;1;1;1;;;1;998
10;4;19;6;6011;;3;2;No inventariada;;9;3;2;;;1;1;1;;;1;998
10;2;21;6;6011;;3;2;No inventariada;;9;2;1;2;;1;2;1;;;1;998
10;3;11;6;6011;;3;2;No inventariada;;9;7;2;;;1;1;1;;;1;998
11;1;14;6;6011;;1;1;EX-359;5,1;6;4;1;1;;1;1;2;;;1;1
11;3;18;6;6011;;3;2;No inventariada;;9;2;1;2;;1;3;2;;;1;998
11;5;16;6;6011;;3;2;No inventariada;;9;2;1;2;;1;1;1;;;1;998
3;3;0;6;0;;1;1;CAMINO;0;10;19;2;;;2;6;2;;;1;3
4;1;16;6;0;;1;1;BA-012;17,247;6;18;2;;;1;1;1;;;1;2
5;6;13;6;0;;1;1;BA-001;24,273;6;18;2;;;1;1;1;;;1;1
10;2;9;6;0;;1;1;BA-012;18,4;6;2;1;1;;1;1;1;;;1;1
11;5;5;6;0;;1;1;A-5;352,8;3;4;2;;;1;6;1;;;1;1
2;3;11;6;6014;;3;2;No inventariada;;7;3;1;1;;1;1;1;;;1;998
2;1;15;6;6014;;1;1;N-432;144,96;6;2;1;1;BA-016;1;1;1;;;6;1
2;3;8;6;6014;;1;1;N-432;141,15;6;1;2;;;1;2;1;;;6;2
3;6;19;6;6014;;1;1;N-432;147,5;6;20;2;;;1;6;1;;;1;2
3;6;17;6;6014;;3;2;No inventariada;;14;4;1;1;;1;1;1;;;1;998
5;4;11;6;6014;;3;2;No inventariada;;9;4;2;;;1;1;1;;;1;998
8;4;14;6;6014;;1;1;BA-016;3,9;6;2;2;;;1;1;1;;;1;1
8;4;14;6;6014;;1;1;BA-016;16,5;6;15;2;;;1;1;1;;;1;1
8;7;17;6;6014;;3;2;No inventariada;;9;2;1;1;;1;1;1;;;1;998
1;3;14;6;6015;;3;2;No inventariada;;9;4;1;4;;1;1;1;;;1;998
1;6;7;6;6015;;3;2;No inventariada;;9;16;2;;;3;4;1;;;1;998
1;7;20;6;6015;;3;2;No inventariada;;9;7;2;;;1;4;1;;;1;998
1;5;18;6;6015;;1;1;EX-209;5,2;6;10;2;;;1;4;1;;;1;2
1;4;11;6;6015;;3;2;No inventariada;;9;2;1;4;;3;1;3;;;9;998
1;3;10;6;6015;;3;2;No inventariada;;9;10;2;;;1;1;7;;;1;998
1;5;9;6;6015;;3;2;No inventariada;;9;7;2;;;1;1;1;;;1;998
1;5;7;6;6015;;3;2;No inventariada;;9;7;2;;;1;4;2;1;;1;998
1;5;13;6;6015;;3;2;No inventariada;;9;4;2;;;1;1;1;;;1;998
1;3;19;6;6015;;3;2;No inventariada;;9;7;2;;;3;4;1;;;1;998
1;1;12;6;6015;;3;2;No inventariada;;9;2;1;1;;1;1;1;;;1;998
1;2;7;6;6015;;3;2;No inventariada;;9;7;2;;;1;4;1;;;1;998
1;3;16;6;6015;;3;2;No inventariada;;9;7;2;;;1;1;1;;;1;998
1;2;17;6;6015;;3;2;No inventariada;;9;7;2;;;1;4;1;;;1;998
1;1;20;6;6015;;3;2;No inventariada;;9;7;2;;;1;4;1;;;1;998
1;3;10;6;6015;;3;2;No inventariada;;9;2;1;1;;1;1;1;;;1;998
1;3;10;6;6015;;3;2;No inventariada;;9;3;2;;;1;1;1;;;1;998
2;4;18;6;6015;;3;2;No inventariada;;9;4;2;;;1;1;1;;;6;998
1;2;17;6;6015;;3;2;No inventariada;;9;3;1;2;;1;1;1;;;1;998
2;6;23;6;6015;;1;1;EX-110;54,7;6;3;2;;;1;6;1;;;1;2
2;4;14;6;6015;;3;2;No inventariada;;9;10;2;;;1;1;1;;;1;998
1;7;13;6;6015;;3;2;No inventariada;;9;4;2;;;1;1;1;;;1;998
1;1;19;6;6015;;3;2;No inventariada;;14;4;1;1;;3;4;3;;;1;998
2;1;8;6;6015;;3;2;No inventariada;;9;2;1;1;;1;1;1;;;1;998
2;3;9;6;6015;;3;2;No inventariada;;9;4;2;;;1;1;1;;;1;998
1;7;10;6;6015;;3;2;No inventariada;;9;2;1;2;;1;1;1;;;2;998
2;5;14;6;6015;;3;2;No inventariada;;14;7;2;;;3;1;4;;;1;998
2;4;10;6;6015;;3;2;No inventariada;;9;7;2;;;1;1;1;;;1;998
1;1;9;6;6015;;3;2;No inventariada;;14;20;2;;;1;1;1;;;1;998
2;1;11;6;6015;;3;2;No inventariada;;9;3;2;;;1;1;1;;;1;998
2;6;13;6;6015;;3;2;No inventariada;;14;6;2;;;1;1;1;;;1;998