MES;DIA_SEMANA;HORA;COD_PROVINCIA;COD_MUNICIPIO;ISLA;ZONA;ZONA_AGRUPADA;CARRETERA;KM;TIPO_VIA;TIPO_ACCIDENTE;NUDO;NUDO_INFO;CARRETERA_CRUCE;CONDICION_FIRME;CONDICION_ILUMINACION;CONDICION_METEO;CONDICION_NIEBLA;CONDICION_VIENTO;VISIB_RESTRINGIDA_POR;TRAZADO_PLANTA
2;7;13;6;6015;;1;1;N-523;81,5;6;14;1;4;;3;1;3;;;1;2
2;6;23;6;6015;;3;2;No inventariada;;9;2;1;1;;1;4;1;;;1;998
2;4;17;6;6015;;3;2;No inventariada;;9;2;1;4;;1;1;1;;;1;998
2;1;0;6;6015;;3;2;No inventariada;;9;2;1;1;;3;4;4;;;9;998
2;5;7;6;6015;;3;2;No inventariada;;9;2;1;1;;1;4;1;;;1;998
1;2;22;6;6015;;3;2;No inventariada;;9;3;1;2;;1;4;1;;;1;998
2;5;18;6;6015;;3;2;No inventariada;;9;7;2;;;1;1;1;;;6;998
1;4;20;6;6015;;3;2;No inventariada;;9;7;2;;;1;1;1;;;1;998
2;4;19;6;6015;;3;2;No inventariada;;9;7;1;1;;3;4;3;;;9;998
3;1;12;6;6015;;3;2;No inventariada;;9;7;2;;;1;1;1;;;1;998
2;1;13;6;6015;;3;2;No inventariada;;9;4;1;2;;1;1;1;;;1;998
2;5;10;6;6015;;3;2;No inventariada;;9;3;1;4;;1;1;1;;;1;998
1;6;17;6;6015;;3;2;No inventariada;;9;4;2;;;1;1;1;;;1;998
2;3;19;6;6015;;3;2;No inventariada;;9;7;2;;;1;4;1;;;9;998
2;2;18;6;6015;;3;2;No inventariada;;9;7;1;1;;1;1;1;;;1;998
2;3;12;6;6015;;3;2;No inventariada;;9;7;1;1;;1;1;1;;;1;998
2;4;16;6;6015;;3;2;No inventariada;;14;3;1;1;;1;1;1;;;1;998
2;2;9;6;6015;;3;2;No inventariada;;9;7;2;;;1;1;1;;;1;998
2;2;9;6;6015;;3;2;No inventariada;;9;2;2;;;1;1;1;;;1;998
2;2;9;6;6015;;3;2;No inventariada;;9;3;1;1;;1;1;1;;;1;998
2;2;11;6;6015;;3;2;No inventariada;;9;4;2;;;1;1;1;;;1;998
2;4;14;6;6015;;3;2;No inventariada;;9;4;2;;;1;1;1;;;1;998
1;2;18;6;6015;;3;2;No inventariada;;9;2;2;;;1;1;1;;;1;998
1;1;8;6;6015;;3;2;No inventariada;;9;7;2;;;3;3;3;2;;5;998
1;1;10;6;6015;;3;2;No inventariada;;9;7;2;;;1;1;1;;;1;998
3;2;13;6;6015;;3;2;No inventariada;;9;3;2;;;1;1;1;;;1;998
2;5;14;6;6015;;3;2;No inventariada;;9;6;2;;;1;1;1;;;1;998
3;1;13;6;6015;;3;2;No inventariada;;9;4;2;;;1;1;1;;;1;998
3;7;23;6;6015;;3;2;No inventariada;;9;12;1;2;;1;4;1;;;1;998
2;4;11;6;6015;;3;2;No inventariada;;9;3;1;4;;1;1;1;;;1;998
3;2;21;6;6015;;3;2;No inventariada;;9;10;2;;;1;4;1;;;1;998
1;6;19;6;6015;;3;2;No inventariada;;9;9;2;;;1;4;1;;;1;998
1;5;18;6;6015;;3;2;No inventariada;;9;2;2;;;1;2;1;;;1;998
1;7;5;6;6015;;3;2;No inventariada;;9;16;1;4;;1;4;1;;;1;998
1;2;13;6;6015;;3;2;No inventariada;;9;7;2;;;1;1;1;;;1;998
1;3;17;6;6015;;3;2;No inventariada;;14;4;2;;;1;1;1;;;1;998
1;4;18;6;6015;;3;2;No inventariada;;9;6;2;;;1;4;1;;;1;998
2;5;8;6;6015;;3;2;No inventariada;;9;7;2;;;1;1;1;;;1;998
2;6;18;6;6015;;3;2;No inventariada;;9;7;2;;;1;1;1;;;1;998
2;1;22;6;6015;;3;2;No inventariada;;9;10;2;;;1;4;1;;;1;998
2;6;21;6;6015;;3;2;No inventariada;;9;3;1;2;;1;4;1;;;1;998
2;7;14;6;6015;;3;2;No inventariada;;9;2;1;1;;1;1;1;;;1;998
3;2;13;6;6015;;3;2;No inventariada;;9;2;1;4;;1;1;1;;;1;998
3;2;14;6;6015;;3;2;No inventariada;;9;7;2;;;1;1;1;;;1;998
3;5;8;6;6015;;3;2;No inventariada;;9;4;2;;;1;1;1;;;1;998
3;3;17;6;6015;;3;2;No inventariada;;9;2;1;1;;1;1;1;;;1;998
3;5;12;6;6015;;3;2;No inventariada;;9;6;2;;;1;1;1;;;1;998
3;1;20;6;6015;;3;2;No inventariada;;9;4;2;;;1;4;1;;;1;998
2;2;10;6;6015;;3;2;No inventariada;;9;3;1;2;;1;1;1;;;1;998
3;6;23;6;6015;;3;2;No inventariada;;9;3;2;;;1;4;1;;;1;998
3;6;9;6;6015;;3;2;No inventariada;;9;2;1;1;;3;1;3;;;1;998
3;1;10;6;6015;;3;2;No inventariada;;9;4;2;;;1;1;1;;;1;998
3;4;14;6;6015;;3;2;No inventariada;;9;10;1;4;;1;1;1;;;1;998
3;7;6;6;6015;;3;2;No inventariada;;9;16;2;;;3;4;3;;;1;998
4;4;17;6;6015;;3;2;No inventariada;;9;7;2;;;1;1;1;;;1;998
3;5;20;6;6015;;3;2;No inventariada;;9;2;2;;;3;4;3;;;1;998
4;3;14;6;6015;;3;2;No inventariada;;9;16;2;;;1;1;1;;;1;998
4;7;16;6;6015;;1;1;A-5;392,1;3;6;2;;;1;1;1;;;1;3
3;6;16;6;6015;;3;2;No inventariada;;9;4;1;1;;1;1;1;;;1;998
4;7;12;6;6015;;1;1;BA-022;4,7;6;4;1;1;;1;1;1;;;1;1
3;5;21;6;6015;;3;2;No inventariada;;9;3;1;1;;3;4;1;;;1;998
3;4;22;6;6015;;3;2;No inventariada;;9;20;2;;;3;4;3;;;1;998
4;2;11;6;6015;;3;2;No inventariada;;9;8;2;;;1;1;1;;;1;998
4;7;8;6;6015;;1;1;No inventariada;0;10;14;2;;;1;4;1;;;1;3
4;5;15;6;6015;;3;2;No inventariada;;9;2;1;1;;1;1;1;;;1;998
4;2;14;6;6015;;3;2;No inventariada;;9;10;1;4;;1;1;1;;;1;998
4;6;1;6;6015;;3;2;No inventariada;;9;1;2;;;1;4;1;;;1;998
4;6;11;6;6015;;3;2;No inventariada;;9;4;2;;;1;1;1;;;1;998
4;4;20;6;6015;;3;2;No inventariada;;9;4;2;;;1;1;1;;;1;998
4;3;8;6;6015;;3;2;No inventariada;;9;4;2;;;1;1;1;;;18;998
4;2;9;6;6015;;3;2;No inventariada;;9;4;2;;;1;1;1;;;1;998
4;3;19;6;6015;;3;2;No inventariada;;9;20;1;4;;1;1;1;;;1;998
4;1;8;6;6015;;3;2;No inventariada;;9;7;2;;;1;1;1;;;1;998
4;2;19;6;6015;;3;2;No inventariada;;9;20;1;1;;3;1;3;;;1;998
4;4;19;6;6015;;3;2;No inventariada;;9;2;1;4;;1;1;1;;;1;998
5;6;11;6;6015;;1;1;EX-110;59,8;6;2;1;2;;1;1;1;;;1;1
5;2;20;6;6015;;3;2;No inventariada;;9;4;2;;;1;1;1;;;1;998
5;3;16;6;6015;;3;2;No inventariada;;9;2;1;2;;1;1;1;;;1;998
5;6;18;6;6015;;3;2;No inventariada;;9;7;1;1;;1;1;1;;;1;998
5;4;14;6;6015;;3;2;No inventariada;;9;4;2;;;1;1;1;;;1;998
5;5;15;6;6015;;3;2;No inventariada;;9;10;2;;;1;1;1;;;1;998
1;5;20;6;6015;;3;2;No inventariada;;9;7;1;2;;1;1;1;;;1;998
5;5;16;6;6015;;1;1;EX-363;8,75;6;2;1;1;BA-022;1;1;1;;;1;1
2;2;18;6;6015;;3;2;No inventariada;;9;7;1;2;;1;4;1;;;1;998
5;6;15;6;6015;;1;1;BA-022;6,5;6;17;2;;;1;1;1;;;1;1
5;6;10;6;6015;;3;2;No inventariada;;9;4;1;2;;1;1;1;;;1;998
5;3;22;6;6015;;3;2;No inventariada;;9;10;1;1;;1;4;1;;;1;998
5;3;3;6;6015;;3;2;No inventariada;;9;10;2;;;1;4;1;;;1;998
5;6;11;6;6015;;3;2;No inventariada;;9;20;1;2;;1;1;1;;;1;998
5;4;20;6;6015;;3;2;No inventariada;;9;10;1;4;;1;2;1;;;1;998
1;2;13;6;6015;;3;2;No inventariada;;9;16;2;;;1;1;1;;;1;998
2;7;20;6;6015;;3;2;No inventariada;;9;7;2;;;3;3;1;;;1;998
2;1;20;6;6015;;3;2;No inventariada;;9;4;1;2;;1;4;1;;;1;998
2;5;15;6;6015;;3;2;No inventariada;;7;4;1;4;;1;1;1;;;1;998
3;5;12;6;6015;;3;2;No inventariada;;7;2;2;;;1;1;1;;;18;998
5;7;0;6;6015;;3;2;No inventariada;;9;1;2;;;1;3;1;;;1;998
5;3;14;6;6015;;3;2;No inventariada;;9;3;2;;;1;1;1;;;1;998
5;6;23;6;6015;;3;2;No inventariada;;9;20;1;2;;1;4;1;;;1;998
5;5;12;6;6015;;3;2;No inventariada;;9;7;1;4;;1;1;1;;;1;998
5;3;8;6;6015;;3;2;No inventariada;;9;4;2;;;1;1;1;;;1;998
5;6;3;6;6015;;3;2;No inventariada;;9;10;1;4;;1;4;1;;;1;998
2;4;19;6;6015;;3;2;No inventariada;;9;7;2;;;1;3;1;;;1;998
5;6;15;6;6015;;3;2;No inventariada;;9;4;2;;;1;1;1;;;1;998
5;2;21;6;6015;;3;2;No inventariada;;9;2;1;2;;1;3;1;;;1;998
5;4;14;6;6015;;3;2;No inventariada;;9;7;1;1;;1;1;1;;;1;998
5;5;12;6;6015;;1;1;C.VALDEBOT;62,441;14;2;1;2;;1;1;1;;;1;1
6;1;17;6;6015;;3;2;No inventariada;;9;10;1;4;;1;1;1;;;1;998
6;2;9;6;6015;;1;1;A-5;402,21;3;4;2;;;1;1;1;;;1;1
6;3;19;6;6015;;1;1;N-523;81,2;6;2;1;4;;1;1;1;;;1;1
6;3;4;6;6015;;3;2;No inventariada;;9;10;2;;;1;6;1;;;1;998
5;5;22;6;6015;;3;2;No inventariada;;9;10;1;4;;1;4;1;;;1;998
6;3;18;6;6015;;3;2;No inventariada;;9;4;2;;;1;2;1;;;1;998
6;4;22;6;6015;;3;2;No inventariada;;9;2;1;1;;1;4;1;;;1;998
6;2;19;6;6015;;3;2;No inventariada;;9;2;1;4;;1;1;1;;;1;998
6;7;0;6;6015;;3;2;No inventariada;;9;16;1;4;;1;4;1;;;1;998
6;5;12;6;6015;;3;2;No inventariada;;9;4;2;;;1;1;1;;;1;998
6;3;13;6;6015;;3;2;No inventariada;;14;2;1;2;;1;1;1;;;1;998
6;5;17;6;6015;;3;2;No inventariada;;9;4;2;;;1;1;1;;;1;998
6;7;1;6;6015;;1;1;BA-023;1,8;6;14;2;;;2;6;1;;;1;1
6;6;11;6;6015;;3;2;No inventariada;;9;7;1;4;;1;1;1;;;1;998
5;5;20;6;6015;;3;2;No inventariada;;9;10;2;;;1;1;1;;;1;998
2;2;17;6;6015;;3;2;No inventariada;;9;2;2;;;1;1;1;;;1;998
6;6;23;6;6015;;3;2;No inventariada;;9;4;2;;;1;4;1;;;1;998
6;3;10;6;6015;;3;2;No inventariada;;9;9;2;;;1;1;1;;;1;998
6;7;17;6;6015;;3;2;No inventariada;;11;7;2;;;2;1;1;;;1;998
6;5;13;6;6015;;1;1;N-523;82,3;6;20;1;4;;1;1;1;;;1;2
5;6;23;6;6015;;3;2;No inventariada;;9;20;1;2;;1;4;1;;;1;998
5;4;14;6;6015;;3;2;No inventariada;;9;2;2;;;1;1;1;;;1;998
5;4;22;6;6015;;3;2;No inventariada;;9;4;2;;;1;4;1;;;18;998
6;4;19;6;6015;;3;2;No inventariada;;9;18;2;;;3;1;3;;;1;998
6;5;9;6;6015;;3;2;No inventariada;;9;3;1;5;;1;1;1;;;1;998
4;6;18;6;6015;;3;2;No inventariada;;9;2;1;1;;1;1;2;;;9;998
3;4;23;6;6015;;3;2;No inventariada;;9;10;1;4;;1;4;3;;;18;998
5;3;17;6;6015;;3;2;No inventariada;;9;3;1;2;;1;1;1;;;2;998
6;3;10;6;6015;;3;2;No inventariada;;9;4;2;;;1;1;1;;;1;998
5;5;7;6;6015;;3;2;No inventariada;;14;2;1;4;;1;1;1;;;1;998
5;5;8;6;6015;;3;2;No inventariada;;9;4;1;4;;1;1;1;;;1;998
6;6;4;6;6015;;3;2;No inventariada;;9;2;2;;;1;4;1;;;1;998
7;2;7;6;6015;;3;2;No inventariada;;9;7;1;4;;1;1;1;;;1;998
5;5;20;6;6015;;3;2;No inventariada;;9;2;1;4;;1;1;1;;;1;998
6;3;21;6;6015;;3;2;No inventariada;;14;2;1;4;;1;1;1;;;1;998
6;6;15;6;6015;;3;2;No inventariada;;9;10;1;4;;1;1;1;;;1;998
7;5;14;6;6015;;3;2;No inventariada;;9;10;2;;;1;1;1;;;1;998
7;3;20;6;6015;;1;1;N-523;79,5;6;2;1;1;;1;1;1;;;1;1
5;5;14;6;6015;;3;2;No inventariada;;9;7;1;2;;1;1;1;;;1;998
6;4;18;6;6015;;3;2;No inventariada;;9;3;1;2;;1;1;1;;;1;998
7;3;13;6;6015;;3;2;No inventariada;;11;3;1;1;;1;1;1;;;9;998
6;1;23;6;6015;;3;2;No inventariada;;9;4;2;;;1;4;1;;;1;998
6;5;19;6;6015;;3;2;No inventariada;;9;7;2;;;1;1;1;;;1;998
7;3;12;6;6015;;3;2;No inventariada;;9;1;2;;;1;1;1;;;1;998
6;6;22;6;6015;;3;2;No inventariada;;9;2;1;1;;1;4;1;;;1;998
7;2;22;6;6015;;1;1;N-432;7,5;6;4;2;;;1;6;1;;;1;1
7;2;9;6;6015;;3;2;No inventariada;;9;7;2;;;1;1;1;;;17;998
7;7;13;6;6015;;3;2;No inventariada;;9;2;2;;;1;1;1;;;1;998
7;6;22;6;6015;;3;2;No inventariada;;9;2;1;1;;1;4;1;;;1;998
7;2;12;6;6015;;3;2;No inventariada;;9;4;2;;;1;1;1;;;1;998
7;1;13;6;6015;;3;2;No inventariada;;9;7;1;1;;1;1;1;;;1;998
7;2;19;6;6015;;1;1;EX-300;32,2;6;18;2;;;1;1;1;;;1;2
7;4;23;6;6015;;3;2;No inventariada;;9;10;1;4;;7;4;1;;;1;998
7;7;21;6;6015;;3;2;No inventariada;;9;10;2;;;1;1;1;;;1;998
7;1;21;6;6015;;3;2;No inventariada;;9;10;1;2;;1;1;1;;;1;998
7;1;11;6;6015;;3;2;No inventariada;;9;20;2;;;1;1;1;;;1;998
7;5;20;6;6015;;3;2;No inventariada;;9;3;2;;;1;2;1;;;1;998
6;5;19;6;6015;;1;1;BA-20;1,2;5;10;1;4;BA-20;3;2;3;;;18;1
7;1;14;6;6015;;1;1;N-523;79,9;5;4;2;;;1;1;1;;;1;1
7;5;14;6;6015;;3;2;No inventariada;;9;2;2;;;1;1;1;;;18;998
7;2;15;6;6015;;1;1;BA-023;1,3;6;2;1;1;;1;1;1;;;1;1
6;2;10;6;6015;;3;2;No inventariada;;9;19;1;4;;3;1;3;;;1;998
7;5;22;6;6015;;3;2;No inventariada;;9;2;1;1;;1;4;1;;;1;998
6;3;14;6;6015;;3;2;No inventariada;;9;3;2;;;1;1;1;;;1;998
6;3;19;6;6015;;3;2;No inventariada;;9;2;1;1;;1;1;1;;;1;998
6;2;12;6;6015;;3;2;No inventariada;;9;7;1;2;;1;1;1;;;1;998
5;5;23;6;6015;;3;2;No inventariada;;9;4;2;;;1;4;1;;;1;998
6;1;14;6;6015;;3;2;No inventariada;;9;12;1;4;;1;1;1;;;1;998
8;6;12;6;6015;;1;1;BA-023;0,2;6;12;1;2;;1;1;1;;;1;1
7;2;7;6;6015;;3;2;No inventariada;;9;7;1;1;;1;1;1;;;1;998
5;5;20;6;6015;;3;2;No inventariada;;9;10;1;2;;1;2;1;;;18;998
7;2;9;6;6015;;3;2;No inventariada;;9;7;1;4;;1;1;1;;;6;998
7;2;7;6;6015;;3;2;No inventariada;;9;18;1;4;BA-020;1;1;1;;;1;998
8;3;11;6;6015;;3;2;No inventariada;;9;2;1;1;;1;1;1;;;1;998
8;6;11;6;6015;;3;2;No inventariada;;9;7;2;;;1;1;1;;;1;998
6;3;21;6;6015;;3;2;No inventariada;;9;7;2;;;1;1;1;;;9;998
8;1;22;6;6015;;3;2;No inventariada;;9;3;2;;;1;4;1;;;1;998
8;2;13;6;6015;;3;2;No inventariada;;9;10;2;;;1;1;1;;;1;998
8;6;8;6;6015;;1;1;No inventariada;0;14;2;1;1;;1;1;1;;;1;1
8;1;14;6;6015;;3;2;No inventariada;;9;2;1;2;;1;1;1;;;1;998
8;1;13;6;6015;;3;2;No inventariada;;9;2;1;2;;1;1;1;;;1;998
8;5;23;6;6015;;3;2;No inventariada;;9;7;2;;;1;4;1;;;1;998
6;4;15;6;6015;;3;2;No inventariada;;9;2;1;1;;1;1;1;;;2;998
6;4;22;6;6015;;3;2;No inventariada;;9;10;1;4;;3;4;3;;;18;998
7;1;13;6;6015;;3;2;No inventariada;;9;2;1;2;;1;1;1;;;18;998
8;5;20;6;6015;;3;2;No inventariada;;9;4;2;;;1;1;1;;;6;998
8;4;15;6;6015;;3;2;No inventariada;;9;4;1;1;;1;1;1;;;1;998
8;4;22;6;6015;;3;2;No inventariada;;9;10;2;;;7;4;1;;;18;998
8;2;14;6;6015;;3;2;No inventariada;;9;4;1;4;;1;1;1;;;1;998
8;2;12;6;6015;;3;2;No inventariada;;9;3;1;4;;1;1;1;;;18;998
9;7;17;6;6015;;1;1;N-523;69,75;6;14;2;;;1;1;1;;;1;1
8;3;20;6;6015;;3;2;No inventariada;;9;3;1;4;;1;1;1;;;6;998
5;6;15;6;6015;;3;2;No inventariada;;9;7;1;2;;1;1;1;;;1;998
9;5;11;6;6015;;3;2;No inventariada;;14;10;2;;;1;1;1;;;1;998
8;3;22;6;6015;;3;2;No inventariada;;9;4;2;;;1;4;1;;;1;998
9;1;10;6;6015;;3;2;No inventariada;;9;7;2;;;1;1;1;;;1;998
7;1;21;6;6015;;3;2;No inventariada;;9;7;2;;;1;2;1;;;1;998
8;1;14;6;6015;;3;2;No inventariada;;9;2;1;4;;1;1;1;;;18;998
9;3;7;6;6015;;1;1;A-5;400,6;3;4;2;;;1;2;1;;;1;1
4;3;14;6;6015;;3;2;No inventariada;;9;1;2;;;1;1;1;;;18;998
4;3;14;6;6015;;3;2;No inventariada;;9;10;2;;;1;1;1;;;18;998
5;4;9;6;6015;;3;2;No inventariada;;9;3;1;5;;1;1;1;;;1;998
6;6;19;6;6015;;3;2;No inventariada;;9;10;1;2;;1;1;1;;;18;998
8;1;19;6;6015;;3;2;No inventariada;;9;2;1;2;;1;1;1;;;18;998
8;4;0;6;6015;;3;2;No inventariada;;9;10;2;;;1;4;1;;;1;998
9;1;10;6;6015;;1;1;EX-107;11,1;6;5;1;2;601503;1;1;1;;;1;1
5;5;13;6;6015;;3;2;No inventariada;;9;7;2;;;1;1;1;;;1;998
6;6;10;6;6015;;3;2;No inventariada;;9;10;2;;;3;1;3;;;1;998
4;2;19;6;6015;;3;2;No inventariada;;9;2;1;2;;1;1;1;;;1;998
9;3;17;6;6015;;3;2;No inventariada;;9;2;1;4;;1;1;1;;;1;998
8;4;12;6;6015;;3;2;No inventariada;;9;7;2;;;1;1;1;;;1;998
8;6;11;6;6015;;3;2;No inventariada;;9;3;1;1;;1;1;1;;;1;998
9;5;9;6;6015;;1;1;No inventariada;0,3;14;7;1;1;;1;1;1;;;12;1
9;6;2;6;6015;;3;2;No inventariada;;9;2;1;1;;1;4;1;;;1;998
9;6;2;6;6015;;3;2;No inventariada;;9;10;1;1;;1;4;1;;;1;998
9;2;9;6;6015;;3;2;No inventariada;;9;4;1;4;;1;1;1;;;1;998
8;1;12;6;6015;;3;2;No inventariada;;9;16;2;;;1;1;1;;;1;998
9;4;8;6;6015;;3;2;No inventariada;;9;7;2;;;1;2;1;;;18;998
9;1;15;6;6015;;1;1;N-5;395;5;2;1;4;;1;1;1;;;1;1
8;1;12;6;6015;;3;2;No inventariada;;9;7;2;;;1;1;1;;;18;998
8;2;15;6;6015;;3;2;No inventariada;;9;10;2;;;1;1;1;;;1;998
8;7;21;6;6015;;3;2;No inventariada;;9;4;2;;;1;4;1;;;1;998
10;3;8;6;6015;;3;2;No inventariada;;9;20;1;4;;3;1;2;;;1;998
10;3;10;6;6015;;3;2;No inventariada;;9;3;2;;;3;1;2;;;1;998
9;4;13;6;6015;;3;2;No inventariada;;9;4;2;;;3;1;2;;;1;998
10;1;20;6;6015;;3;2;No inventariada;;9;2;1;4;;1;1;1;;;1;998
10;2;7;6;6015;;3;2;No inventariada;;9;4;2;;;1;4;1;;;1;998
9;1;20;6;6015;;3;2;No inventariada;;9;7;1;2;;1;3;1;;;6;998
8;1;13;6;6015;;3;2;No inventariada;;9;7;2;;;1;1;1;;;9;998
8;2;15;6;6015;;3;2;No inventariada;;9;4;1;2;;1;1;1;;;1;998
8;1;15;6;6015;;3;2;No inventariada;;9;4;2;;;1;1;1;;;18;998
9;4;8;6;6015;;3;2;No inventariada;;9;7;2;;;1;1;1;;;1;998
10;4;17;6;6015;;3;2;No inventariada;;9;19;2;;;1;1;1;;;1;998
9;4;14;6;6015;;3;2;No inventariada;;9;4;2;;;3;1;3;;;18;998
10;1;12;6;6015;;3;2;No inventariada;;9;4;2;;;1;1;1;;;1;998
9;3;12;6;6015;;3;2;No inventariada;;9;19;1;2;;1;1;1;;;1;998
10;2;12;6;6015;;3;2;No inventariada;;9;2;1;1;;1;1;1;;;18;998
9;4;17;6;6015;;3;2;No inventariada;;9;4;1;2;;1;1;1;;;18;998
10;5;21;6;6015;;3;2;No inventariada;;9;10;2;;;3;4;3;;;1;998
10;7;0;6;6015;;3;2;No inventariada;;9;4;2;;;1;4;1;;;1;998
10;5;16;6;6015;;3;2;No inventariada;;9;19;1;4;;3;1;3;;;1;998
9;1;14;6;6015;;3;2;No inventariada;;9;7;1;2;;1;1;1;;;1;998
10;1;14;6;6015;;3;2;No inventariada;;9;2;1;4;;1;1;1;;;1;998
10;5;17;6;6015;;3;2;No inventariada;;9;7;2;;;1;1;1;;;1;998
10;4;10;6;6128;;1;1;A-5;384,99;3;4;2;;;3;1;4;;;1;1
10;7;13;6;6015;;3;2;No inventariada;;9;3;1;2;;1;1;1;;;1;998
11;5;9;6;6015;;3;2;No inventariada;;9;16;2;;;3;1;2;;;1;998
11;1;11;6;6015;;3;2;No inventariada;;9;7;2;;;1;1;1;;;6;998
11;3;18;6;6015;;3;2;No inventariada;;9;7;2;;;1;2;1;;;1;998
11;6;14;6;6015;;3;2;No inventariada;;9;4;1;1;;1;1;1;;;1;998
11;4;21;6;6015;;3;2;No inventariada;;9;3;2;;;3;4;1;;;1;998
11;4;19;6;6015;;3;2;No inventariada;;9;7;2;;;3;4;3;;;5;998
11;3;12;6;6015;;3;2;No inventariada;;9;4;2;;;1;1;1;;;18;998
10;7;19;6;6015;;3;2;No inventariada;;9;7;2;;;1;4;1;;;18;998
8;3;12;6;6015;;3;2;No inventariada;;9;3;1;1;;1;1;1;;;18;998
11;2;14;6;6015;;3;2;No inventariada;;9;2;1;4;;3;1;2;;;1;998
11;6;17;6;6015;;3;2;No inventariada;;9;2;1;1;;1;1;1;;;1;998
11;6;22;6;6015;;3;2;No inventariada;;9;16;1;4;;1;4;1;;;1;998
11;6;19;6;6015;;3;2;No inventariada;;9;2;1;4;;1;4;1;;;18;998
11;6;9;6;6015;;3;2;No inventariada;;9;3;1;4;;1;1;1;;;1;998
11;4;14;6;6015;;1;1;EX-107;11,4;6;4;1;1;;1;1;1;;;1;1
7;2;19;6;6015;;3;2;No inventariada;;9;9;1;4;;1;1;1;;;1;998
7;3;19;6;6015;;3;2;No inventariada;;9;7;2;;;1;1;1;;;1;998
11;5;13;6;6015;;3;2;No inventariada;;9;10;1;2;;3;1;4;;;1;998
7;5;12;6;6015;;3;2;No inventariada;;9;10;1;1;;1;1;1;;;18;998
7;2;6;6;6015;;3;2;No inventariada;;9;10;2;;;1;1;1;;;1;998
7;4;21;6;6015;;3;2;No inventariada;;9;4;1;1;;1;4;1;;;1;998
9;7;15;6;6015;;3;2;No inventariada;;9;12;1;4;;1;1;1;;;1;998
7;4;21;6;6015;;3;2;No inventariada;;9;7;2;;;1;4;1;;;18;998
8;5;20;6;6015;;3;2;No inventariada;;9;6;2;;;1;4;1;;;18;998
7;5;8;6;6015;;3;2;No inventariada;;9;2;1;4;;1;1;1;;;1;998
7;3;12;6;6015;;3;2;No inventariada;;9;2;1;4;;1;1;1;;;1;998
9;1;14;6;6015;;3;2;No inventariada;;9;10;2;;;1;1;1;;;1;998
10;2;16;6;6015;;3;2;No inventariada;;9;6;2;;;1;1;1;;;1;998
9;2;19;6;6015;;3;2;No inventariada;;9;4;2;;;1;1;1;;;18;998
9;1;19;6;6015;;3;2;No inventariada;;9;7;2;;;1;1;1;;;18;998
9;5;8;6;6015;;3;2;No inventariada;;9;4;2;;;3;3;3;;;18;998
9;1;13;6;6015;;3;2;No inventariada;;9;4;2;;;9;1;1;;;18;998
9;1;13;6;6015;;3;2;No inventariada;;9;7;2;;;1;1;1;;;18;998
11;6;1;6;6015;;3;2;No inventariada;;9;10;2;;;3;4;3;;;1;998
11;1;13;6;6015;;3;2;No inventariada;;9;4;2;;;1;1;1;;;18;998
9;1;12;6;6015;;3;2;No inventariada;;9;10;2;;;1;1;1;;;1;998
9;5;20;6;6015;;3;2;No inventariada;;9;7;2;;;1;1;1;;;18;998
9;1;15;6;6015;;3;2;No inventariada;;9;4;1;4;;1;1;1;;;18;998
9;1;20;6;6015;;3;2;No inventariada;;9;7;1;4;;1;1;1;;;18;998
11;3;15;6;6015;;1;1;N-523;79,4;6;4;2;;;1;1;1;;;1;1
11;1;18;6;6015;;3;2;No inventariada;;9;7;2;;;1;1;1;;;18;998
9;7;21;6;6015;;3;2;No inventariada;;9;10;1;4;;1;4;1;;;1;998
9;3;12;6;6015;;3;2;No inventariada;;9;3;1;1;;1;1;1;;;1;998
10;5;5;6;6015;;3;2;No inventariada;;9;6;1;4;;3;4;1;;;1;998
9;5;10;6;6015;;3;2;No inventariada;;9;3;1;2;;1;1;1;;;1;998
11;5;4;6;6015;;3;2;No inventariada;;9;7;1;1;;1;4;1;;;1;998
11;2;15;6;6015;;3;2;No inventariada;;9;20;1;1;;1;1;1;;;1;998
8;5;12;6;6015;;3;2;No inventariada;;9;19;2;;;1;1;1;;;1;998
11;6;21;6;6015;;3;2;No inventariada;;9;3;1;2;;1;4;1;;;1;998
12;1;18;6;6015;;1;1;N-432;12,9;6;2;2;;;1;1;1;;;1;1
10;5;16;6;6015;;3;2;No inventariada;;9;7;2;;;1;1;1;;;1;998
10;4;17;6;6015;;3;2;No inventariada;;9;3;1;1;;1;1;1;;;2;998
11;3;13;6;6015;;3;2;No inventariada;;9;4;2;;;1;1;1;;;18;998
11;4;21;6;6015;;3;2;No inventariada;;9;2;1;1;;1;4;1;;;1;998
12;6;9;6;6015;;3;2;No inventariada;;9;4;2;;;3;2;2;1;;18;998
12;6;12;6;6015;;3;2;No inventariada;;9;2;2;;;1;1;1;;;1;998
10;5;14;6;6015;;3;2;No inventariada;;9;4;2;;;1;1;1;;;1;998