MES;DIA_SEMANA;HORA;COD_PROVINCIA;COD_MUNICIPIO;ISLA;ZONA;ZONA_AGRUPADA;CARRETERA;KM;TIPO_VIA;TIPO_ACCIDENTE;NUDO;NUDO_INFO;CARRETERA_CRUCE;CONDICION_FIRME;CONDICION_ILUMINACION;CONDICION_METEO;CONDICION_NIEBLA;CONDICION_VIENTO;VISIB_RESTRINGIDA_POR;TRAZADO_PLANTA
11;5;20;6;6015;;3;2;No inventariada;;14;10;2;;;2;4;2;;;1;998
10;1;5;6;6015;;3;2;No inventariada;;9;7;2;;;1;4;3;;;1;998
11;2;16;6;6015;;3;2;No inventariada;;9;3;1;1;;1;1;1;;;1;998
12;5;9;6;6015;;3;2;No inventariada;;9;3;1;4;;1;1;2;1;;1;998
11;2;11;6;6015;;3;2;No inventariada;;9;20;1;4;;1;1;1;;;18;998
12;2;8;6;6015;;1;1;EX-363;13;6;2;1;2;;1;2;1;;;1;1
12;3;19;6;6015;;3;2;No inventariada;;9;4;2;;;1;4;1;;;1;998
12;5;8;6;6015;;1;1;N-5;394,95;6;2;1;4;A-5;1;1;2;;;1;2
12;4;13;6;6015;;3;2;No inventariada;;9;10;2;;;1;1;1;;;1;998
11;5;15;6;6015;;3;2;No inventariada;;9;7;2;;;1;1;1;;;1;998
10;6;7;6;6015;;3;2;No inventariada;;9;4;1;4;;1;3;1;;;18;998
10;1;20;6;6015;;3;2;No inventariada;;9;2;1;2;;1;4;1;;;18;998
10;5;13;6;6015;;3;2;No inventariada;;7;10;2;;;2;1;1;;;1;998
11;4;17;6;6015;;3;2;No inventariada;;9;3;1;5;;1;1;1;;;1;998
11;5;23;6;6015;;3;2;No inventariada;;9;19;1;1;;1;4;1;;;1;998
11;6;14;6;6015;;3;2;No inventariada;;9;7;2;;;1;1;1;;;1;998
11;6;22;6;6015;;3;2;No inventariada;;9;4;2;;;1;4;1;;;1;998
12;7;22;6;6015;;3;2;No inventariada;;9;2;1;1;;1;4;1;;;18;998
12;2;11;6;6015;;3;2;No inventariada;;9;10;2;;;1;1;1;;;1;998
10;4;21;6;6015;;3;2;No inventariada;;9;4;1;2;;1;4;1;;;1;998
10;1;10;6;6015;;3;2;No inventariada;;9;7;2;;;1;1;1;;;6;998
11;5;9;6;6015;;3;2;No inventariada;;9;10;2;;;3;1;3;;;1;998
11;4;19;6;6015;;3;2;No inventariada;;9;2;1;1;;1;4;1;;;1;998
12;2;14;6;6015;;3;2;No inventariada;;9;4;2;;;1;1;1;;;1;998
12;5;23;6;6015;;3;2;No inventariada;;9;20;1;1;;1;4;1;;;1;998
12;3;16;6;6015;;3;2;No inventariada;;9;3;1;1;;1;1;1;;;1;998
11;4;9;6;6015;;3;2;No inventariada;;9;7;2;;;1;2;1;;;18;998
12;4;16;6;6015;;3;2;No inventariada;;9;7;1;2;;1;2;1;;;1;998
10;2;20;6;6015;;3;2;No inventariada;;9;7;2;;;1;1;1;;;18;998
12;4;12;6;6015;;3;2;No inventariada;;9;4;2;;;1;1;1;;;18;998
12;5;17;6;6015;;3;2;No inventariada;;9;20;2;;;1;1;1;;;1;998
11;5;14;6;6015;;3;2;No inventariada;;9;2;1;4;;1;1;1;;;1;998
12;1;12;6;6015;;3;2;No inventariada;;9;7;1;1;;1;1;1;;;1;998
12;7;15;6;6015;;3;2;No inventariada;;9;2;2;;;1;1;1;;;1;998
12;2;9;6;6015;;3;2;No inventariada;;9;2;2;;;1;2;1;;;1;998
12;2;13;6;6015;;3;2;No inventariada;;9;4;2;;;1;1;1;;;1;998
12;2;13;6;6015;;3;2;No inventariada;;9;3;2;;;1;1;1;;;1;998
11;7;11;6;6015;;3;2;No inventariada;;9;3;1;4;;1;1;1;;;1;998
2;4;19;6;0;;3;2;No inventariada;;14;7;1;1;;3;4;3;;;18;998
6;5;20;6;0;;1;1;N-435;49,7;6;18;2;;;1;1;1;;;1;2
8;6;10;6;0;;3;2;No inventariada;;9;7;2;;;1;1;1;;;9;998
10;3;11;6;0;;3;2;No inventariada;;9;4;2;;;3;1;2;;;1;998
3;1;21;6;0;;1;1;BA-027;0;6;10;1;4;BA-027;1;6;1;;;1;1
7;3;16;6;0;;1;1;N-432;130,3;6;1;2;;;1;1;1;;;1;2
8;7;11;6;0;;1;1;N-432;122,8;6;2;2;;;1;1;1;;;1;1
5;1;9;6;0;;3;2;No inventariada;;9;20;2;;;1;1;1;;;1;998
9;7;14;6;0;;1;1;EX-201;42,35;6;18;2;;;1;1;1;;;1;1
10;4;12;6;0;;1;1;EX-201;41,5;6;14;2;;;1;1;1;;;1;2
2;7;17;6;0;;1;1;EX-101;18,2;6;19;2;;;3;1;3;;;5;2
8;5;10;6;0;;1;1;EX-112;11,8;6;18;2;;;1;1;1;;;1;1
10;1;13;6;0;;1;1;EX-112;0;6;12;2;;;3;1;4;;;1;3
12;7;10;6;0;;1;1;BA-031;7,15;6;16;2;;;3;1;1;;;1;2
3;5;22;6;0;;1;1;EX-104;57;6;8;2;;;1;6;1;;;1;1
3;5;12;6;0;;1;1;EX-104;66,9;6;18;2;;;3;1;3;;;1;1
6;5;15;6;0;;1;1;EX-323;5;6;1;2;;;1;1;1;;;1;2
9;7;16;6;0;;3;2;No inventariada;;9;2;1;1;EX-104;1;1;1;;;4;998
6;3;22;6;0;;1;1;EX-103;225,8;6;15;2;;;4;6;4;;;5;2
2;1;21;6;6083;;1;1;BA-038;0,8;6;16;2;;;1;4;1;;;1;3
6;4;19;6;6083;;1;1;BA-038;0,1;6;2;1;4;BA-038;1;1;1;;;1;1
6;5;14;6;6083;;1;1;BA-038;3;6;12;2;;;1;1;1;;;1;2
10;1;16;6;0;;1;1;EX-103;212,6;6;17;2;;;4;1;4;;;1;2
3;6;17;6;0;;1;1;A-66;693,75;3;15;2;;;3;1;3;;;1;1
5;1;18;6;0;;1;1;A-66;692,95;3;16;2;;;1;1;1;;;1;1
4;3;19;6;0;;1;1;EX-104;13,306;6;14;2;;;1;1;1;;;1;2
5;5;18;6;0;;3;2;No inventariada;;9;7;1;2;;1;1;1;;;1;998
8;7;7;6;0;;1;1;EX-104;22,86;6;16;2;;;1;6;1;;;1;2
9;5;18;6;0;;1;1;EX-115;23,806;6;18;2;;;1;1;1;;;18;1
11;7;4;6;0;;1;1;EX-103;127,7;6;8;2;;;1;6;1;;;1;1
4;5;21;6;0;;1;1;No inventariada;14,7;10;18;2;;;1;2;1;;;1;1
7;4;16;6;0;;1;1;BA-137;9,9;6;12;2;;;1;1;1;;;1;2
8;3;23;6;0;;1;1;N-430;158,5;6;8;2;;;1;6;1;;;1;2
10;3;7;6;0;;1;1;BA-137;12,18;6;2;1;2;;1;5;1;;;1;2
10;7;3;6;0;;3;2;No inventariada;;9;5;2;;;1;5;1;;;1;998
4;4;17;6;0;;1;1;N-502;213,334;6;15;2;;;1;1;1;;;1;1
3;6;21;6;6036;;1;1;EX-104;29,5;6;16;2;;;1;6;1;;;1;1
4;7;21;6;6036;;1;1;EX-104;27,75;6;18;2;;;1;6;1;;;1;1
6;1;16;6;6036;;1;1;BA-112;8,7;6;16;2;;;1;1;1;;;1;1
7;4;10;6;6036;;3;2;No inventariada;;9;2;2;;;1;1;1;;;1;998
7;6;20;6;6036;;3;2;No inventariada;;9;4;2;;;1;1;1;;;1;998
1;5;13;6;0;;1;1;BA-099;9,98;6;19;2;;;1;1;1;;;1;2
1;4;11;6;0;;3;2;No inventariada;;9;7;1;1;;1;1;1;;;2;998
8;7;18;6;0;;1;1;No inventariada;0,95;10;18;2;;;1;1;1;;;1;1
9;5;11;6;0;;1;1;EX-314;12,9;6;4;2;;;1;1;1;;;1;1
1;1;18;6;6044;;3;2;No inventariada;;9;4;2;;;3;3;3;;;18;998
1;7;18;6;6044;;3;2;No inventariada;;9;5;1;1;;9;3;7;;;18;998
1;5;20;6;6044;;3;2;No inventariada;;9;2;1;4;;9;3;7;;;18;998
1;5;23;6;6044;;3;2;No inventariada;;9;2;1;1;;9;3;7;;;18;998
2;4;16;6;6044;;1;1;BA-060;1,302;6;1;2;;;1;1;1;;;1;1
2;6;13;6;6044;;3;2;No inventariada;;9;7;2;;;1;1;1;;;18;998
3;5;10;6;6044;;3;2;No inventariada;;9;2;2;;;1;1;7;;;1;998
3;5;23;6;6044;;3;2;No inventariada;;9;2;1;1;;9;3;7;;;18;998
3;1;6;6;6044;;3;2;No inventariada;;9;2;1;4;;9;3;7;;;18;998
3;2;14;6;6044;;3;2;No inventariada;;9;2;1;4;;1;1;1;;;1;998
3;6;0;6;6044;;1;1;EX-206;100,356;5;4;1;12;EX-206;1;4;1;;;1;1
3;2;17;6;6044;;3;2;No inventariada;;9;7;1;2;;9;1;7;;;18;998
3;5;13;6;6044;;3;2;No inventariada;;9;7;1;1;;9;1;7;;;18;998
3;5;15;6;6044;;3;2;No inventariada;;9;2;1;1;;9;1;7;;;18;998
3;7;23;6;6044;;3;2;No inventariada;;9;1;2;;;9;3;7;;;18;998
4;4;12;6;6044;;1;1;EX-206;9,6;5;3;1;4;;1;1;1;;;1;1
4;4;15;6;6044;;3;2;No inventariada;;9;7;1;4;;1;1;1;;;1;998
4;1;15;6;6044;;3;2;No inventariada;;9;2;1;1;;1;1;1;;;1;998
4;6;20;6;6044;;3;2;No inventariada;;9;2;2;;;1;1;1;;;1;998
4;1;15;6;6044;;3;2;No inventariada;;9;7;1;4;;1;1;1;;;1;998
4;6;10;6;6044;;3;2;No inventariada;;9;7;1;1;;1;1;1;;;1;998
5;6;9;6;6044;;1;1;CAMINO DE;3,6;10;10;2;;;2;1;1;;;4;3
5;4;14;6;6044;;1;1;EX-105;0,648;6;5;2;;;1;1;1;;;1;1
5;5;20;6;6044;;3;2;No inventariada;;14;2;1;1;;1;1;1;;;1;998
6;2;23;6;6044;;2;2;EX-206;95,5;5;7;1;4;;1;4;1;;;18;1
6;6;13;6;6044;;3;2;No inventariada;;9;7;1;2;;9;1;1;;;18;998
6;1;13;6;6044;;3;2;No inventariada;;9;2;1;1;;9;1;1;;;1;998
7;6;11;6;6044;;3;2;No inventariada;;9;3;2;;;1;1;1;;;1;998
7;1;11;6;6044;;3;2;No inventariada;;14;16;2;;;1;1;1;;;1;998
7;4;0;6;6044;;3;2;No inventariada;;9;10;2;;;1;4;1;;;18;998
7;6;20;6;6044;;3;2;No inventariada;;9;7;1;4;;1;1;1;;;6;998
7;1;8;6;6044;;3;2;No inventariada;;9;7;2;;;1;1;1;;;6;998
7;1;6;6;6044;;3;2;No inventariada;;9;16;2;;;1;5;1;;;1;998
8;3;12;6;6044;;1;1;BA-060;2,6;6;1;1;2;;1;1;1;;;1;1
8;2;14;6;6044;;3;2;No inventariada;;9;5;2;;;1;1;1;;;1;998
9;2;14;6;6044;;3;2;No inventariada;;9;3;1;4;EX-206;1;1;1;;;1;998
8;3;13;6;6044;;3;2;No inventariada;;9;7;2;;;1;1;1;;;18;998
9;3;10;6;6044;;3;2;No inventariada;;9;3;1;4;;1;1;1;;;1;998
9;7;19;6;6044;;1;1;C.GR-114;0,5;14;1;2;;;1;2;1;;;1;3
9;2;12;6;6044;;3;2;No inventariada;;9;7;1;4;;1;1;1;;;1;998
10;7;9;6;6044;;1;1;CAMINO GEN;4;14;2;1;2;;1;1;1;;;1;1
9;3;13;6;6044;;3;2;No inventariada;;9;2;1;4;;1;1;1;;;1;998
10;1;19;6;6044;;3;2;No inventariada;;9;5;1;1;;1;1;1;;;1;998
10;5;8;6;6044;;1;1;EX-A2-R2;0,4;6;1;2;;;1;1;1;;;1;1
10;2;11;6;6044;;1;1;CAMINO;0,15;14;14;2;;;2;1;3;;;1;3
9;4;7;6;6044;;3;2;No inventariada;;9;4;1;4;;1;3;1;;;18;998
9;7;11;6;6044;;3;2;No inventariada;;9;19;1;1;;1;1;1;;;1;998
10;2;9;6;6044;;3;2;No inventariada;;9;7;1;1;;1;1;1;;;1;998
11;3;9;6;6044;;1;1;EX-A2-R1;3;6;7;1;1;;9;1;1;;;9;1
11;5;22;6;6044;;3;2;No inventariada;;9;4;2;;;1;4;1;;;1;998
11;3;14;6;6044;;3;2;No inventariada;;9;7;1;2;;1;1;1;;;1;998
10;7;16;6;6044;;3;2;No inventariada;;9;15;2;;;2;1;1;;;1;998
12;2;9;6;6044;;3;2;No inventariada;;9;7;2;;;1;1;1;;;1;998
12;4;13;6;6044;;1;1;BA-060;0,3;6;3;1;2;;1;1;1;;;1;1
4;1;21;6;0;;1;1;BA-055;2;6;14;2;;;1;2;1;;;1;2
11;2;20;6;0;;3;2;No inventariada;;9;10;2;;;1;4;1;;;1;998
4;1;17;6;0;;1;1;EX-209;52,417;6;19;2;;;1;1;1;;;1;1
12;5;18;6;6036;;1;1;EX-103;94,8;6;3;1;2;BA-063;1;6;1;;;1;1
12;6;19;6;0;;1;1;EX-322;26;6;12;1;2;;1;6;1;;;1;1
3;7;13;6;0;;1;1;EX-320;18,2;6;19;2;;;1;1;2;;;1;2
9;2;7;6;0;;1;1;MIRAFLORES;0,1;10;15;2;;;2;6;1;;;18;1
2;2;12;6;0;;3;2;No inventariada;;9;7;1;1;;1;1;1;;;1;998
5;4;15;6;0;;3;2;No inventariada;;9;2;2;;;1;1;1;;;1;998
7;6;23;6;0;;1;1;N-435;93,4;6;7;1;1;;1;6;1;;;1;1
9;4;22;6;0;;1;1;EX-101;37,5;6;15;2;;;1;5;1;;;1;4
10;2;8;6;0;;1;1;EX-101;33,95;6;19;2;;;1;6;1;;;1;1
11;7;17;6;0;;1;1;N-435;95,4;6;14;2;;;1;1;1;;;1;1
12;2;10;6;0;;3;2;No inventariada;;9;2;1;2;;1;1;1;;;1;998
9;5;14;6;0;;1;1;N-502;239,997;6;14;2;;;1;1;1;;;1;3
11;4;19;6;0;;3;2;No inventariada;;9;3;1;1;;1;4;2;;;9;998
12;2;15;6;0;;1;1;N-430;198;6;15;2;;;1;1;1;;;1;1
1;7;14;6;0;;1;1;EX-202;32,2;6;18;2;;;1;1;1;;;1;1
1;7;16;6;0;;1;1;EX-202;33,1;6;12;2;;;1;1;1;;;6;1
2;7;22;6;0;;1;1;N-630;702,9;6;16;2;;;1;6;1;;;1;1
4;2;7;6;0;;1;1;EX-202;40,2;6;2;2;;;1;1;1;;;1;2
9;5;12;6;0;;1;1;N-630;704;6;18;2;;;1;1;1;;;1;1
10;5;19;6;0;;1;1;A-66;708;3;4;2;;;1;1;1;;;17;1
11;5;13;6;0;;1;1;EX-202;27,95;6;18;2;;;1;1;1;;;1;1
11;1;19;6;0;;1;1;A-66;709,2;3;3;2;;;1;6;1;;;1;1
12;7;10;6;0;;1;1;N-630;704;6;16;2;;;1;1;1;;;1;2
5;7;10;6;6054;;1;1;FM01;2,5;10;10;2;;;2;1;1;;;1;1
6;2;22;6;6054;;3;2;No inventariada;;9;6;2;;;2;4;1;;;10;998
8;5;21;6;6054;;1;1;BA-070;0,5;6;18;2;;;1;6;1;;;1;2
11;5;15;6;6054;;1;1;BUENSUCESO;2;10;2;2;;;2;1;1;;;1;1
11;4;21;6;6054;;1;1;EX-361;12,07;6;2;2;;;1;4;1;;;2;1
12;7;22;6;6054;;1;1;EX-362;4,25;6;18;2;;;1;6;1;;;1;2
9;4;20;6;0;;1;1;EX-201;29,7;6;14;2;;;3;2;3;;;5;1
8;1;10;6;0;;1;1;BA-135;8,402;6;15;2;;;1;1;1;;;1;2
5;2;14;6;0;;3;2;No inventariada;;9;6;2;;;1;1;1;;;1;998
7;2;15;6;0;;1;1;EX-209;49,2;6;10;1;4;1;2;1;1;;;1;1
9;5;20;6;0;;3;2;No inventariada;;9;3;1;1;;1;4;1;;;1;998
10;5;14;6;0;;3;2;No inventariada;;9;2;2;;;1;1;1;;;1;998
3;3;4;6;0;;3;2;No inventariada;;9;16;2;;;1;4;1;;;1;998
1;6;18;6;6060;;3;2;No inventariada;;9;18;2;;;1;1;1;;;1;998
2;3;13;6;0;;1;1;A-5;310,7;3;19;2;;;1;1;1;;;1;1
4;1;20;6;6060;;3;2;No inventariada;;9;10;1;1;;2;1;1;;;1;998
4;6;18;6;6060;;1;1;No inventariada;14,45;10;18;2;;;1;1;1;;;1;1
7;3;20;6;6060;;2;2;EX-105;23,9;6;4;2;;;1;1;1;;;6;1
8;5;12;6;6060;;3;2;No inventariada;;9;2;1;1;;1;1;1;;;1;998
10;6;20;6;6060;;2;2;EX-105;23;6;2;1;10;;1;4;1;;;1;2
12;1;17;6;6060;;1;1;EX-307;18,4;6;18;2;;;1;1;1;;;1;1
11;1;19;6;0;;1;1;EX-346;8,6;6;4;2;;;1;6;1;;;1;1
1;4;1;6;0;;3;2;No inventariada;;9;16;1;1;;1;4;1;;;1;998
6;2;2;6;0;;1;1;CAMINO ASF;2;14;15;2;;;1;6;1;;;1;2
4;7;10;6;0;;1;1;EX-103;98,525;6;14;2;;;3;1;3;;;1;2
2;1;11;6;0;;1;1;BA-025;14,7;6;2;1;1;;1;1;1;;;1;1
1;5;10;6;0;;3;2;No inventariada;;9;7;1;1;;1;1;1;;;6;998
3;5;17;6;0;;3;2;No inventariada;;9;10;2;;;3;1;3;;;1;998
4;7;10;6;0;;1;1;BA-079;9,802;6;15;2;;;1;1;1;;;1;2
10;1;13;6;0;;1;1;EX-342;19,1;6;2;1;2;;1;1;1;;;1;1
2;1;9;6;6070;;1;1;N-435;71,25;6;2;1;1;;1;1;1;;;1;1
2;4;14;6;6070;;1;1;N-435;68,4;6;3;1;1;EX-112;3;1;2;;;1;1
3;5;14;6;6070;;3;2;No inventariada;;9;18;2;;;1;1;1;;;1;998
4;7;11;6;6070;;1;1;N-435;70,9;6;2;1;1;;1;1;1;;;1;1
4;4;18;6;6070;;1;1;EX-112;23,7;6;16;2;;;1;1;1;;;1;2
4;5;19;6;6070;;3;2;No inventariada;;9;7;1;4;;1;1;1;;;1;998
8;1;11;6;6070;;3;2;No inventariada;;9;10;2;;;1;1;1;;;1;998
10;1;11;6;6070;;1;1;BA-152;0,7;6;18;2;;;1;1;1;;;1;3
11;2;8;6;6070;;3;2;No inventariada;;14;17;2;;;1;2;1;;;1;998
1;7;13;6;0;;3;2;No inventariada;;13;3;2;;;2;1;1;;;1;998
2;4;8;6;0;;1;1;A-5;370,5;3;16;2;;;1;2;1;1;;5;1
5;7;20;6;0;;1;1;N-5;366,3;6;19;2;;;1;1;1;;;1;3
1;3;13;6;0;;1;1;BA-131;25,1;6;14;2;;;3;1;3;;1;4;2
1;2;7;6;6074;;2;2;EX-103;172;6;7;2;;;3;4;2;;;1;1
5;5;13;6;6074;;3;2;No inventariada;;9;7;2;;;1;1;1;;;1;998
6;2;14;6;6074;;1;1;N-432;112,15;6;4;2;;;1;1;1;;;1;1
7;3;9;6;6074;;3;2;No inventariada;;9;7;1;2;;1;1;1;;;16;998
8;3;12;6;6074;;3;2;No inventariada;;9;2;1;2;;1;1;1;;;1;998
7;1;3;6;0;;1;1;BA-067;4,6;6;16;2;;;1;6;1;;;4;2
12;2;22;6;0;;1;1;CALLE;0,6;14;4;2;;;1;4;1;;;1;1
5;3;16;6;0;;1;1;BA-088;0,1;6;13;1;2;;1;1;1;;;1;1
8;1;17;6;0;;1;1;EX-206;84,8;6;15;2;;;1;1;1;;;1;2
10;1;9;6;0;;3;2;No inventariada;;9;4;2;;;1;1;1;;;6;998
4;4;18;6;0;;1;1;A-66;690;3;18;2;;;1;1;1;;;1;1
8;7;18;6;0;;1;1;EX-105;6;6;4;1;2;;1;1;1;;;1;1
1;3;12;6;6083;;3;2;No inventariada;;9;2;2;;;1;1;2;;;1;998
1;3;21;6;6083;;3;2;No inventariada;;9;7;2;;;1;3;7;;;16;998
1;7;11;6;6083;;3;2;No inventariada;;9;7;2;;;1;1;1;;;1;998
1;6;12;6;6083;;3;2;No inventariada;;9;2;1;4;;1;1;1;;;1;998
1;3;11;6;6083;;3;2;No inventariada;;9;7;2;;;1;1;1;;;1;998
1;5;21;6;6083;;3;2;No inventariada;;9;2;1;2;;1;3;1;;;1;998
2;6;1;6;6083;;1;1;N-5;335,75;6;13;2;;;1;6;1;;;1;2
1;2;11;6;6083;;3;2;No inventariada;;9;7;2;;;1;1;1;;;1;998
1;7;1;6;6083;;3;2;No inventariada;;9;2;1;2;;1;3;1;;;1;998
2;3;15;6;6083;;3;2;No inventariada;;9;4;1;2;;1;1;2;;;1;998
2;2;16;6;6083;;3;2;No inventariada;;9;2;1;2;;1;1;1;;;1;998
2;5;21;6;6083;;3;2;No inventariada;;9;2;1;1;;3;2;3;;;1;998
2;3;12;6;6083;;3;2;No inventariada;;9;4;2;;;1;1;2;;;1;998
2;1;16;6;6083;;1;1;A-66;630;3;20;2;;;1;1;1;;;1;1
2;2;14;6;6083;;3;2;No inventariada;;9;2;1;4;;1;1;1;;;1;998
3;7;17;6;6083;;1;1;BA-089;9,303;6;18;2;;;1;1;1;;;1;2
3;1;7;6;6083;;3;2;No inventariada;;9;2;1;4;;1;3;1;;;1;998
3;5;10;6;6083;;3;2;No inventariada;;9;7;2;;;1;1;1;;;1;998
3;4;7;6;6083;;1;1;A-66;642,5;3;4;2;;;1;2;1;;;1;1
3;3;9;6;6083;;3;2;No inventariada;;9;10;2;;;1;1;1;;;1;998
3;7;23;6;6083;;3;2;No inventariada;;9;16;1;2;;1;3;1;;;1;998
3;3;18;6;6083;;3;2;No inventariada;;9;2;1;1;;1;1;1;;;1;998
3;5;17;6;6083;;3;2;No inventariada;;9;16;2;;;1;1;1;;;1;998
3;2;11;6;6083;;3;2;No inventariada;;9;4;2;;;1;1;1;;;1;998
3;2;9;6;6083;;3;2;No inventariada;;9;16;2;;;1;1;1;;;1;998
3;1;13;6;6083;;3;2;No inventariada;;9;4;2;;;1;1;2;;;1;998
3;6;18;6;6083;;3;2;No inventariada;;9;10;2;;;1;1;2;;;1;998
3;3;18;6;6083;;3;2;No inventariada;;9;7;1;1;;1;1;1;;;1;998
4;4;15;6;6083;;3;2;No inventariada;;9;4;1;1;;1;1;1;;;1;998
4;6;9;6;6083;;1;1;A-5;343,182;8;16;1;11;A-5;1;1;1;;;1;3
4;3;21;6;6083;;3;2;No inventariada;;9;7;1;1;;1;4;1;;;1;998
4;1;17;6;6083;;3;2;No inventariada;;9;4;2;;;1;1;1;;;1;998
4;4;12;6;6083;;3;2;No inventariada;;9;10;2;;;1;1;1;;;1;998
4;6;17;6;6083;;3;2;No inventariada;;9;2;1;1;;1;1;1;;;9;998
4;5;13;6;6083;;3;2;No inventariada;;9;4;2;;;9;1;7;;;1;998
5;1;15;6;6083;;3;2;No inventariada;;9;2;1;1;;1;1;1;;;1;998
5;1;9;6;6083;;3;2;No inventariada;;9;7;2;;;1;1;1;;;1;998
5;7;14;6;6083;;1;1;EX-307;3,015;6;12;2;;;1;1;1;;;1;1
5;3;21;6;6083;;3;2;No inventariada;;9;2;1;1;;1;1;1;;;1;998
5;6;20;6;6083;;3;2;No inventariada;;9;2;1;4;;1;1;1;;;1;998
5;1;8;6;6083;;3;2;No inventariada;;9;2;1;1;;1;2;1;;;6;998
4;5;14;6;6083;;3;2;No inventariada;;9;2;2;;;1;1;1;;;1;998
5;2;18;6;6083;;3;2;No inventariada;;9;2;2;;;1;1;1;;;6;998
5;5;10;6;6083;;3;2;No inventariada;;9;2;1;4;;1;1;1;;;1;998
5;3;15;6;6083;;3;2;No inventariada;;9;10;2;;;7;1;2;;;1;998
5;5;14;6;6083;;1;1;N-630;635,4;6;2;1;1;EX-105;1;1;1;;;1;1
4;7;10;6;6083;;1;1;CAMINO;1,4;10;6;2;;;2;1;1;;;12;1
5;4;0;6;6083;;1;1;A-5;339,5;3;1;2;;;1;6;1;;;1;3
5;7;19;6;6083;;3;2;No inventariada;;9;3;2;;;1;1;1;;;1;998
5;5;15;6;6083;;3;2;No inventariada;;9;10;2;;;1;1;1;;;1;998
5;6;11;6;6083;;3;2;No inventariada;;9;7;2;;;1;1;1;;;1;998
5;7;14;6;6083;;3;2;No inventariada;;9;3;2;;;1;1;1;;;1;998
5;7;14;6;6083;;3;2;No inventariada;;9;2;1;4;;1;1;1;;;1;998
5;2;8;6;6083;;3;2;No inventariada;;9;7;2;;;1;1;1;;;1;998
5;5;11;6;6083;;3;2;No inventariada;;9;9;2;;;1;1;1;;;1;998
5;3;8;6;6083;;3;2;No inventariada;;9;4;2;;;1;1;1;;;1;998
5;5;10;6;6083;;3;2;No inventariada;;9;3;1;4;;1;1;1;;;1;998
5;5;21;6;6083;;3;2;No inventariada;;9;10;2;;;9;3;7;;;1;998
6;7;14;6;6083;;3;2;No inventariada;;9;3;1;4;;1;1;1;;;1;998
6;5;20;6;6083;;3;2;No inventariada;;9;4;1;2;;1;1;1;;;1;998
6;1;16;6;6083;;3;2;No inventariada;;9;2;1;4;;1;1;1;;;1;998
6;3;22;6;6083;;3;2;No inventariada;;9;4;2;;;3;4;3;;;5;998
6;3;16;6;6083;;3;2;No inventariada;;9;6;2;;;1;1;1;;;1;998
6;6;20;6;6083;;3;2;No inventariada;;9;4;1;4;;1;1;1;;;1;998
6;2;11;6;6083;;3;2;No inventariada;;9;4;2;;;3;1;3;;;1;998
6;7;20;6;6083;;3;2;No inventariada;;9;2;1;2;;1;1;1;;;6;998
7;1;1;6;6083;;3;2;No inventariada;;9;4;2;;;1;4;1;;;18;998
7;3;20;6;6083;;3;2;No inventariada;;9;7;2;;;1;1;1;;;1;998
7;3;14;6;6083;;3;2;No inventariada;;9;10;1;4;;2;1;1;;;1;998
6;4;21;6;6083;;3;2;No inventariada;;9;4;2;;;9;1;2;;;1;998
7;1;16;6;6083;;3;2;No inventariada;;9;10;2;;;1;1;1;;;1;998
7;4;21;6;0;;1;1;A-5;325,8;3;4;1;10;A-5;1;1;1;;;6;1
7;1;17;6;6083;;3;2;No inventariada;;9;1;1;2;;1;1;1;;;1;998
7;2;11;6;6083;;3;2;No inventariada;;9;20;2;;;1;1;1;;;1;998
7;3;6;6;6083;;1;1;A-5;343,9;3;5;1;2;A-66;1;6;1;;;1;1
7;7;20;6;6083;;3;2;No inventariada;;9;4;1;4;;1;1;1;;;1;998
7;5;9;6;6083;;3;2;No inventariada;;9;7;2;;;1;1;1;;;6;998
7;4;11;6;6083;;3;2;No inventariada;;11;7;2;;;1;1;1;;;16;998
7;3;18;6;6083;;3;2;No inventariada;;9;2;1;4;;1;1;1;;;1;998
7;7;12;6;6083;;3;2;No inventariada;;9;3;1;4;;1;1;1;;;1;998
7;4;2;6;6083;;1;1;A-66;628,1;3;18;2;;;1;6;1;;;1;1
7;2;15;6;6083;;3;2;No inventariada;;9;2;1;1;;1;1;1;;;1;998
7;4;11;6;6083;;3;2;No inventariada;;9;4;1;4;;1;1;1;;;1;998
7;7;8;6;6083;;1;1;A-5;341,75;3;3;2;;;1;1;1;;;18;1
7;1;13;6;6083;;3;2;No inventariada;;9;2;1;1;;1;1;1;;;1;998
7;3;20;6;6083;;1;1;BA-058;6,802;6;19;2;;;1;1;1;;;1;1
7;2;15;6;6083;;3;2;No inventariada;;9;2;1;1;;1;1;1;;;1;998
7;5;19;6;6083;;3;2;No inventariada;;9;4;1;4;;1;1;1;;;1;998
8;7;10;6;6083;;1;1;A-5;350,5;7;19;2;;;8;1;1;;;1;1
8;5;19;6;6083;;3;2;No inventariada;;9;2;1;1;;1;1;1;;;1;998
8;6;21;6;6083;;3;2;No inventariada;;9;10;1;4;;1;1;1;;;1;998
8;7;5;6;6083;;1;1;BA-038;3,7;6;16;2;;;1;4;1;;;1;2
8;2;13;6;6083;;1;1;BA-089;0,211;6;12;2;;;1;1;1;;;1;2
8;7;13;6;6083;;1;1;A-66;625,8;3;4;2;;;1;1;1;;;1;1
8;7;13;6;6083;;1;1;A-66;625,8;3;4;2;;;1;1;1;;;1;1
8;4;18;6;6083;;1;1;A-5;346;7;14;2;;;2;1;1;;;1;3
7;6;0;6;6083;;3;2;No inventariada;;9;7;2;;;1;4;1;;;1;998
8;4;12;6;6083;;3;2;No inventariada;;9;7;1;2;;1;1;1;;;1;998
8;4;17;6;6083;;3;2;No inventariada;;9;7;1;2;;1;1;1;;;1;998
8;4;18;6;6083;;3;2;No inventariada;;9;2;1;4;;1;1;1;;;1;998
8;6;16;6;6083;;3;2;No inventariada;;9;3;2;;;1;1;1;;;1;998
7;3;20;6;6083;;3;2;No inventariada;;9;2;2;;;1;1;1;;;1;998
8;4;12;6;6083;;3;2;No inventariada;;9;2;1;4;;1;1;1;;;1;998
8;7;23;6;6083;;3;2;No inventariada;;9;10;2;;;2;4;1;;;1;998
8;6;14;6;6083;;3;2;No inventariada;;9;20;2;;;9;1;1;;;1;998
9;3;7;6;6083;;1;1;A-5;337,836;3;3;2;;;1;2;1;;;1;1
9;2;10;6;6083;;3;2;No inventariada;;9;4;1;4;;1;1;1;;;1;998