MES;DIA_SEMANA;HORA;COD_PROVINCIA;COD_MUNICIPIO;ISLA;ZONA;ZONA_AGRUPADA;CARRETERA;KM;TIPO_VIA;TIPO_ACCIDENTE;NUDO;NUDO_INFO;CARRETERA_CRUCE;CONDICION_FIRME;CONDICION_ILUMINACION;CONDICION_METEO;CONDICION_NIEBLA;CONDICION_VIENTO;VISIB_RESTRINGIDA_POR;TRAZADO_PLANTA
8;1;12;6;6083;;3;2;No inventariada;;9;10;1;4;;1;1;1;;;1;998
8;2;14;6;6083;;3;2;No inventariada;;9;20;2;;;1;1;1;;;1;998
8;4;12;6;6083;;3;2;No inventariada;;9;10;1;4;;1;1;1;;;1;998
9;3;11;6;6083;;3;2;No inventariada;;9;2;1;2;;1;1;1;;;1;998
8;1;12;6;6083;;3;2;No inventariada;;9;19;1;4;;7;1;1;;;1;998
9;7;22;6;6083;;3;2;No inventariada;;9;2;1;2;;1;4;1;;;1;998
9;6;18;6;6083;;3;2;No inventariada;;9;10;2;;;1;1;1;;;1;998
9;3;13;6;6083;;3;2;No inventariada;;9;4;2;;;1;1;1;;;1;998
6;1;11;6;6083;;3;2;No inventariada;;9;2;1;4;;1;1;1;;;1;998
9;2;16;6;6083;;3;2;No inventariada;;9;10;2;;;1;1;1;;;1;998
9;1;11;6;6083;;3;2;No inventariada;;9;6;2;;;1;1;1;;;1;998
9;7;17;6;6083;;3;2;No inventariada;;9;2;1;4;;1;1;1;;;1;998
9;5;23;6;6083;;3;2;No inventariada;;9;2;1;1;;1;4;1;;;1;998
9;4;16;6;6083;;3;2;No inventariada;;9;2;1;4;;1;1;2;;;1;998
9;4;21;6;6083;;3;2;No inventariada;;9;2;1;1;;3;4;4;;;5;998
10;1;16;6;6083;;3;2;No inventariada;;14;4;1;4;;1;1;1;;;1;998
9;7;14;6;6083;;3;2;No inventariada;;9;19;1;4;;1;1;7;;;1;998
10;4;9;6;6083;;3;2;No inventariada;;9;4;1;4;;1;1;1;;;1;998
10;5;13;6;6083;;3;2;No inventariada;;9;2;1;2;;1;1;1;;;9;998
10;1;13;6;6083;;3;2;No inventariada;;9;4;2;;;3;1;3;;;1;998
10;2;8;6;6083;;3;2;No inventariada;;9;4;1;4;;3;1;3;;;1;998
9;1;22;6;6083;;3;2;No inventariada;;9;10;2;;;9;4;7;;;1;998
10;4;15;6;6083;;3;2;No inventariada;;9;2;1;4;;1;1;1;;;1;998
10;6;21;6;6083;;3;2;No inventariada;;9;4;2;;;1;4;7;;;1;998
10;2;16;6;0;;1;1;A-66;638,8;3;5;2;;;1;1;1;;;1;1
10;2;20;6;6083;;3;2;No inventariada;;9;2;1;4;;3;4;4;;;9;998
10;4;13;6;6083;;1;1;A-5;349,4;3;16;2;;;1;1;1;;;1;1
10;5;10;6;6083;;1;1;N-5;336,86;6;2;1;2;;1;1;2;;;1;1
10;4;9;6;6083;;3;2;No inventariada;;9;2;1;4;;1;1;1;;;1;998
10;2;13;6;6083;;3;2;No inventariada;;9;4;2;;;1;1;2;;;1;998
10;4;8;6;6083;;1;1;A-66;617,479;3;12;1;2;A-5;3;1;3;;;1;2
10;2;11;6;6083;;3;2;No inventariada;;9;2;2;;;1;1;1;;;1;998
10;2;12;6;6083;;3;2;No inventariada;;9;4;2;;;1;1;1;;;1;998
10;5;8;6;6083;;3;2;No inventariada;;9;4;2;;;1;4;1;;;1;998
10;4;16;6;6083;;3;2;No inventariada;;9;2;1;1;;1;1;1;;;1;998
10;4;10;6;6083;;3;2;No inventariada;;9;4;2;;;9;1;7;;;1;998
11;2;22;6;6083;;1;1;A-5;341,5;3;12;2;;;3;6;1;;;1;1
11;1;14;6;6083;;3;2;No inventariada;;9;4;1;4;;1;1;1;;;1;998
11;5;10;6;6083;;3;2;No inventariada;;9;7;2;;;1;1;2;;;1;998
11;6;14;6;6083;;3;2;No inventariada;;9;2;1;4;;1;1;1;;;1;998
11;1;11;6;6083;;3;2;No inventariada;;9;4;2;;;1;1;1;;;1;998
11;4;5;6;6083;;1;1;A-66;625,09;3;2;1;2;A-5;1;6;1;;;1;2
12;2;7;6;6083;;1;1;A-5;349;3;20;2;;;3;2;2;2;;5;1
12;2;7;6;6083;;1;1;A-5;346,838;3;5;2;;;3;2;2;2;;5;1
12;2;7;6;6083;;1;1;A-5;346,975;3;5;2;;;3;2;2;2;;5;1
11;5;11;6;6083;;3;2;No inventariada;;9;4;2;;;1;1;1;;;1;998
12;2;20;6;6083;;1;1;BA-099;6,5;6;20;2;;;1;6;1;1;;5;3
12;3;0;6;6083;;3;2;No inventariada;;9;1;1;1;;1;4;7;;;1;998
12;3;12;6;6083;;3;2;No inventariada;;9;4;2;;;1;1;7;;;1;998
12;7;11;6;6083;;3;2;No inventariada;;9;2;1;1;;1;1;1;;;2;998
12;1;14;6;6083;;3;2;No inventariada;;9;2;1;1;;1;1;1;;;1;998
12;5;10;6;6083;;1;1;BA-001;17,2;6;18;2;;;1;1;1;;;1;1
12;5;9;6;6083;;3;2;No inventariada;;9;2;1;1;;1;1;1;;;1;998
12;5;14;6;6083;;3;2;No inventariada;;9;2;1;2;;1;1;1;;;1;998
12;5;15;6;6083;;3;2;No inventariada;;9;2;1;2;;1;1;1;;;1;998
12;1;12;6;6083;;3;2;No inventariada;;9;1;1;2;;1;1;1;;;1;998
12;3;17;6;6083;;3;2;No inventariada;;9;2;2;;;1;1;1;;;1;998
2;1;6;6;0;;1;1;A-66;725,2;3;17;2;;;1;6;1;;;1;1
2;4;11;6;0;;1;1;A-66;734,85;3;12;2;;;1;1;1;;;1;1
5;1;1;6;0;;1;1;N-630;717,45;6;8;2;;;1;6;1;;;1;1
5;3;9;6;0;;1;1;A-66;729;3;14;2;;;1;1;1;;;1;1
7;6;9;6;0;;1;1;A-66;732,8;3;3;2;;;1;2;1;;;1;1
8;1;20;6;0;;1;1;EX-103;207,235;6;1;2;;;1;1;1;;;6;3
9;1;6;6;0;;1;1;A-66;716,45;3;4;2;;;1;6;1;;;1;1
9;7;9;6;0;;1;1;EX-318;6,5;6;16;2;;;1;2;1;;;1;2
10;1;15;6;0;;1;1;EX-103;207,23;6;15;2;;;3;1;4;;;1;2
12;5;13;6;0;;1;1;A-66;726;3;3;2;;;1;1;1;;;1;1
3;7;13;6;0;;1;1;BA-067;36,781;6;15;2;;;1;3;1;;;1;2
12;6;6;6;0;;1;1;BA-094;3,509;6;19;2;;;3;6;2;2;;4;2
1;4;18;6;6088;;3;2;No inventariada;;9;6;2;;;1;2;1;;;1;998
1;5;17;6;6088;;3;2;No inventariada;;9;3;1;1;;1;1;1;;;1;998
2;1;19;6;6088;;3;2;No inventariada;;9;2;1;1;;1;4;1;;;1;998
1;4;21;6;6088;;3;2;No inventariada;;9;3;1;2;;1;4;1;;;1;998
3;6;22;6;6088;;3;2;No inventariada;;14;3;1;2;;3;4;3;;;1;998
3;4;8;6;6088;;3;2;No inventariada;;9;7;2;;;1;1;1;;;1;998
3;4;22;6;6088;;3;2;No inventariada;;9;2;1;2;;3;4;4;;1;5;998
3;6;7;6;6088;;3;2;No inventariada;;9;2;1;1;;1;1;1;;;1;998
4;5;21;6;6088;;3;2;No inventariada;;9;4;2;;;1;4;1;;;18;998
5;4;9;6;6088;;2;2;EX-209;37,1;6;4;1;2;;1;1;1;;;1;1
6;7;19;6;6088;;2;2;EX-209;35,165;6;20;1;4;;1;2;1;;;6;1
7;2;21;6;6088;;3;2;No inventariada;;9;2;2;;;1;3;1;;;1;998
7;2;11;6;6088;;1;1;EX-209;38,8;6;4;1;1;;1;1;1;;;1;1
8;2;18;6;6088;;3;2;No inventariada;;9;7;1;1;;1;1;1;;;1;998
9;6;11;6;6088;;1;1;CHG-051;12;6;1;2;;;1;1;1;;;1;1
9;7;7;6;6088;;3;2;No inventariada;;9;20;2;;;1;2;1;;;1;998
10;5;10;6;6088;;3;2;No inventariada;;9;4;2;;;1;1;2;;;1;998
11;3;7;6;6088;;1;1;EX-327;23,8;6;4;2;;;1;6;1;;;1;1
11;6;16;6;6088;;1;1;EX-328;4,1;6;2;1;4;;1;1;1;;;1;2
1;5;11;6;0;;1;1;BA-106;7,9;6;2;2;;;1;1;1;;;1;3
10;5;7;6;0;;1;1;BA-106;10,4;6;16;2;;;1;5;1;;;18;1
7;3;8;6;0;;1;1;N-430;138,5;6;4;1;2;;1;1;1;;;1;1
3;2;10;6;0;;1;1;LA RIVERA;0,18;10;2;2;;;1;1;2;;;4;3
9;1;8;6;0;;1;1;CAMINO LA;0,3;10;17;2;;;2;1;1;;;1;1
9;5;8;6;0;;1;1;EX-335;4,8;6;18;2;;;1;1;1;;;1;1
1;5;0;6;6095;;1;1;EX-107;19,7;6;18;2;;;3;6;2;;;1;1
1;4;14;6;6095;;2;2;EX-107;25,5;6;1;2;;;1;1;1;;;1;1
2;4;7;6;6095;;2;2;EX-107;24,9;6;4;1;2;;1;2;1;;;1;1
4;5;15;6;6095;;1;1;EX-105;135,8;6;15;2;;;1;1;1;;;1;1
5;5;20;6;6095;;1;1;PISTA;2,5;14;2;2;;;1;1;1;;;1;3
6;5;6;6;6095;;1;1;EX-107;29,3;6;14;2;;;1;6;1;;;1;1
6;6;19;6;6095;;1;1;EX-105;137,7;6;3;1;2;;1;1;1;;;1;1
6;5;20;6;6095;;2;2;BA-104;0;6;16;1;2;;3;1;1;;;1;1
8;5;6;6;6095;;2;2;EX-105;138,8;6;4;1;4;EX-107;1;3;1;;;1;1
8;5;5;6;6095;;1;1;EX-107;32,6;6;16;2;;;1;6;1;;;1;1
9;5;17;6;6095;;1;1;EX-107;18,582;6;4;2;;;1;1;1;;;17;1
11;2;5;6;6095;;1;1;EX-105;137,1;6;8;2;;;1;6;1;;;1;1
11;6;8;6;6095;;1;1;EX-107;26,5;6;14;2;;;1;2;2;1;;5;1
12;3;8;6;6095;;2;2;EX-107;23,7;6;5;1;2;;1;1;1;;;1;1
12;5;18;6;0;;1;1;EX-115;6,225;6;14;2;;;1;6;1;;;1;2
6;5;11;6;0;;1;1;EX-335;4,2;6;18;2;;;1;1;1;;;1;1
8;7;16;6;0;;1;1;BA-005;17,192;6;8;2;;;1;1;1;;;1;1
12;5;12;6;0;;1;1;EX-335;9,4;6;4;2;;;1;1;1;;;1;1
12;6;19;6;0;;1;1;BA-005;13,5;6;18;2;;;1;6;1;;;1;2
4;6;0;6;0;;1;1;EX-103;43,314;6;12;2;;;3;6;3;;;1;1
11;7;15;6;0;;1;1;BA-136;3,941;6;15;2;;;1;1;1;;;1;2
3;6;21;6;6103;;1;1;CHG-051;13,5;14;18;2;;;3;6;3;;;1;1
9;6;19;6;6103;;3;2;No inventariada;;9;7;2;;;1;1;1;;;6;998
12;6;10;6;6103;;1;1;No inventariada;0;14;7;1;1;;1;1;1;;;1;1
3;5;10;6;0;;1;1;EX-210;5,575;6;14;2;;;1;1;1;;;18;3
6;6;2;6;0;;1;1;EX-103;191,2;6;18;2;;;3;6;3;;;1;2
4;4;13;6;0;;1;1;EX-342;12,3;6;20;1;2;;1;1;1;;;1;1
7;4;15;6;0;;1;1;EX-342;15;6;1;2;;;1;1;1;;;1;1
1;3;17;6;0;;1;1;BA-160;5,2;6;14;2;;;3;2;3;;;5;2
2;2;13;6;6158;;1;1;BA-160;1;6;4;2;;;1;1;1;;;1;1
3;3;9;6;0;;1;1;N-630;685,6;6;12;1;1;;3;1;3;;;1;1
3;1;15;6;0;;1;1;EX-114;4,2;6;14;2;;;1;1;2;;;1;1
8;5;19;6;0;;2;2;EX-346;30,49;6;4;2;;;1;1;1;;;18;1
10;4;21;6;0;;1;1;BA-112;4;6;8;2;;;9;6;7;;;18;1
12;1;21;6;0;;1;1;EX-210;29,6;6;7;2;;;1;6;1;;;1;1
1;2;7;6;0;;1;1;EX-342;7,05;6;4;2;;;1;6;1;;;1;1
7;1;11;6;0;;1;1;EX-212;19,072;6;14;2;;;1;1;1;;;1;1
10;6;11;6;0;;1;1;BA-120;7,653;6;14;2;;;3;1;4;;;5;1
12;3;14;6;0;;3;2;No inventariada;;9;7;2;;;1;1;1;;;1;998
6;6;19;6;0;;1;1;EX-214;31;6;18;2;;;1;1;1;;;1;1
5;3;14;6;0;;1;1;EX-320;42;6;2;2;;;1;1;1;;;17;2
10;6;12;6;0;;1;1;EX-320;39,15;6;14;2;;;1;1;1;;;1;2
4;7;13;6;0;;1;1;EX-322;20,385;6;12;2;;;1;1;1;;;1;2
3;7;11;6;0;;1;1;A-5;323,6;3;1;2;;;1;1;1;;;1;1
12;7;8;6;0;;1;1;A-5;327,4;3;12;2;;;1;1;1;;;1;1
2;4;6;6;0;;1;1;EX-206;87;6;19;2;;;1;6;1;;;1;1
1;4;13;6;0;;3;2;No inventariada;;9;2;1;1;;1;1;1;;;1;998
3;5;16;6;0;;3;2;No inventariada;;9;2;1;2;;1;1;1;;;10;998
4;4;9;6;0;;3;2;No inventariada;;9;7;2;;;1;1;1;;;18;998
8;6;0;6;6044;;1;1;No inventariada;2,4;14;13;2;;;1;6;1;;;1;1
7;7;13;6;0;;1;1;EX-105;95,119;6;2;1;2;;1;1;1;;;1;1
9;6;18;6;0;;1;1;BA-127;2,962;6;18;2;;;1;1;1;;;1;1
9;7;12;6;0;;1;1;EX-105;92,3;6;4;1;2;N-432a;1;1;1;;;1;1
10;4;9;6;0;;1;1;EX-105;95,1;6;2;1;2;N-432;1;1;1;;;1;1
12;4;1;6;0;;1;1;EX-105;88,7;6;19;2;;;1;6;1;;;1;2
12;2;19;6;0;;1;1;N-432;36,069;6;18;2;;;1;6;1;;;1;1
1;2;10;6;6158;;1;1;N-432;67,1;6;17;2;;;1;1;1;;;1;1
3;4;18;6;6122;;1;1;EX-101;2,831;6;4;2;;;3;1;3;;;1;1
3;7;20;6;6122;;1;1;A-66;672;3;5;2;;;1;6;1;;;1;1
3;3;17;6;6122;;3;2;No inventariada;;9;4;1;4;;1;1;1;;;1;998
5;5;15;6;6122;;1;1;BA-131;10,3;6;15;2;;;1;1;1;;;1;2
5;3;23;6;6122;;2;2;EX-101;1,5;6;2;1;1;;1;6;1;;;1;1
9;4;15;6;6122;;3;2;No inventariada;;9;1;1;2;;1;1;1;;;1;998
9;6;11;6;6122;;2;2;EX-101;1,5;6;4;1;1;EX-365;1;1;1;;;1;1
9;2;21;6;6122;;3;2;No inventariada;;9;2;1;2;;1;4;1;;;1;998
11;7;10;6;6122;;3;2;No inventariada;;9;2;1;1;;1;1;1;;;1;998
12;3;16;6;6122;;1;1;N-630;675,384;6;1;1;2;A-66;1;1;1;;;18;1
1;6;18;6;6123;;1;1;EX-110;10,8;6;18;2;;;1;6;1;;;1;1
8;4;12;6;6123;;3;2;No inventariada;;9;7;1;1;;1;1;1;;;1;998
8;7;18;6;6123;;1;1;EX-110;16,6;6;18;2;;;1;1;1;;;1;1
11;5;13;6;6123;;1;1;BA-133;9,5;6;18;2;;;3;1;2;;;1;1
11;6;13;6;6123;;3;2;No inventariada;;9;10;2;;;1;1;1;;;1;998
12;2;7;6;6123;;1;1;EX-110;11,7;6;8;2;;;1;2;1;;;1;4
3;6;17;6;0;;1;1;BA-092;2,88;6;4;2;;;1;1;1;;;1;2
5;2;12;6;0;;1;1;EX-201;38,2;6;1;1;2;EX-201-V;1;1;1;;;4;2
8;4;8;6;0;;1;1;EX-201;38,8;6;14;2;;;1;1;1;;;1;2
3;3;6;6;0;;1;1;BA-001;10,535;6;10;1;1;EX-300;2;6;1;;;1;1
3;2;17;6;0;;1;1;BA-127;10,5;6;14;2;;;1;1;2;;;1;2
5;7;19;6;0;;1;1;EX-103;38,99;6;2;1;10;BA-136;1;1;1;;;1;1
7;4;20;6;0;;1;1;EX-103;40,5;6;12;2;;;1;1;1;;;1;1
9;2;12;6;0;;1;1;BA-137;2,8;6;16;2;;;1;1;2;;;1;1
2;4;18;6;6128;;1;1;A-5;380,6;3;5;2;;;3;6;3;;;1;1
2;1;3;6;6128;;1;1;A-5;382;3;19;1;2;EX-363;3;6;3;;;1;1
1;3;12;6;6128;;3;2;No inventariada;;9;2;1;2;;1;1;1;;;9;998
2;4;18;6;6128;;1;1;A-5;380,8;3;4;2;;;3;1;3;;;1;1
3;2;12;6;6128;;1;1;N-5;383,5;6;10;2;;;1;1;1;;;1;1
4;2;14;6;6015;;1;1;EX-300;37,4;6;5;1;2;;3;1;2;;;1;1
5;4;7;6;6128;;3;2;No inventariada;;9;2;1;1;;1;1;1;;;6;998
6;3;13;6;6128;;3;2;No inventariada;;9;2;2;;;1;1;1;;;1;998
10;2;20;6;6128;;3;2;No inventariada;;9;2;1;1;;1;3;1;;;1;998
11;2;14;6;6128;;1;1;EX-363;1,7;6;2;1;1;;1;1;1;;;1;1
11;2;15;6;6128;;1;1;PISTA;0,1;14;4;2;;;1;1;1;;;18;1
2;3;9;6;0;;1;1;N-432;31,2;6;6;1;1;;1;1;1;;;1;1
9;1;7;6;0;;1;1;CAMINO;0,25;14;12;2;;;1;6;1;;;1;1
1;7;18;6;0;;1;1;A-66;636,6;3;2;2;;;3;6;3;;;1;1
1;6;20;6;6083;;1;1;A-66;634,381;3;6;2;;;1;6;1;;;1;1
2;6;12;6;6083;;1;1;N-630;635,399;6;2;1;1;EX-105;1;1;1;;;1;1
3;3;19;6;6083;;1;1;N-630;635,355;6;2;1;1;EX-105;1;1;1;;;1;1
5;5;19;6;0;;1;1;N-630;636;6;2;1;2;EX-105;1;1;1;;;1;1
12;4;14;6;6083;;1;1;N-630;635,379;5;2;1;1;N-630;1;1;1;;;1;1
3;7;17;6;6083;;1;1;A-5;334,274;3;4;2;;;1;1;1;;;1;1
4;4;18;6;0;;1;1;A-5;330,368;3;4;2;;;1;1;1;;;1;1
8;5;23;6;0;;1;1;A-5;333,48;3;17;2;;;1;6;1;;;1;1
12;5;10;6;0;;1;1;N-432;94,95;6;1;2;;;1;1;2;;;5;1
4;3;17;6;0;;1;1;PISTA;1;14;19;2;;;1;1;1;;;1;1
7;2;13;6;0;;1;1;CHG-40;3,9;14;1;2;;;1;1;2;;;1;1
12;1;2;6;0;;1;1;EX-202;2,8;6;13;2;;;1;6;1;;;1;2
2;7;16;6;0;;1;1;EX-101;26,55;6;18;2;;;3;1;2;;;12;2
7;2;16;6;0;;1;1;EX-101;28,5;6;17;2;;;1;1;1;;;18;2
11;2;8;6;0;;1;1;BA-160;26,2;6;16;2;;;1;1;2;2;;5;4
5;2;7;6;0;;2;2;EX-310;24;6;2;1;4;;1;1;1;;;18;1
11;6;17;6;0;;1;1;BA-147;0,8;6;17;2;;;1;1;1;;;1;1
5;4;18;6;0;;1;1;BA-150;2,8;6;18;2;;;1;1;1;;;1;1
7;5;20;6;0;;1;1;EX-307;10,3;6;20;2;;;1;1;1;;;1;1
2;7;10;6;6153;;1;1;N-430;115;6;1;2;;;3;1;2;;;1;1
8;5;14;6;6149;;3;2;No inventariada;;9;20;1;1;;1;1;1;;;1;998
10;6;8;6;6149;;1;1;A-66;662,889;3;4;2;;;1;1;1;;;1;1
10;2;13;6;6149;;2;2;N-630;664,5;6;2;2;;;1;1;1;;;1;1
10;3;11;6;0;;1;1;N-432;102,147;6;4;1;2;;1;1;1;;;1;1
12;3;16;6;0;;1;1;N-432;106,335;6;13;2;;;1;1;1;;;1;1
7;2;14;6;0;;1;1;EX-105;31,6;6;4;1;1;;1;1;1;;;1;1
12;5;17;6;0;;1;1;EX-105;30,351;6;18;2;;;1;1;1;;;6;2
2;4;23;6;0;;1;1;EX-105;86,9;6;14;2;;;3;6;2;;;1;1
1;2;19;6;6153;;3;2;No inventariada;;9;7;2;;;1;4;1;;;18;998
1;3;19;6;6153;;1;1;EX-A2-R2;2,549;6;2;1;2;;1;6;1;;;1;1
1;6;14;6;6153;;3;2;No inventariada;;9;16;2;;;1;1;1;;;1;998
2;5;19;6;6153;;3;2;No inventariada;;9;3;2;;;1;1;1;;;1;998
2;5;15;6;6153;;3;2;No inventariada;;9;2;1;1;;1;1;2;;;1;998
4;2;2;6;0;;1;1;N-430;128,329;6;8;2;;;1;6;1;;;4;1
4;7;9;6;6153;;1;1;EX-351;4,9;6;14;2;;;1;1;1;;;1;1
2;2;14;6;6153;;3;2;No inventariada;;9;2;1;1;;1;1;1;;;1;998
3;7;17;6;6153;;3;2;No inventariada;;9;2;1;1;;1;1;1;;;1;998
2;6;17;6;6153;;3;2;No inventariada;;9;10;2;;;1;1;1;;;1;998
5;2;21;6;6153;;3;2;No inventariada;;9;2;2;;;1;1;1;;;2;998
6;1;1;6;6153;;3;2;No inventariada;;9;2;1;4;;1;4;1;;;1;998
6;7;20;6;6153;;3;2;No inventariada;;9;2;1;1;;1;1;1;;;1;998
4;1;21;6;6153;;3;2;No inventariada;;9;9;2;;;1;4;1;;;1;998
4;1;18;6;6153;;3;2;No inventariada;;9;20;2;;;1;1;1;;;1;998
5;3;14;6;6153;;3;2;No inventariada;;9;2;2;;;1;1;1;;;1;998
5;3;12;6;6153;;3;2;No inventariada;;9;6;2;;;1;1;1;;;1;998
6;4;19;6;6153;;3;2;No inventariada;;9;2;2;;;1;1;1;;;1;998
6;1;9;6;6153;;3;2;No inventariada;;9;2;2;;;1;1;1;;;1;998
4;1;19;6;6153;;3;2;No inventariada;;9;4;2;;;1;1;1;;;1;998
7;3;20;6;6153;;3;2;No inventariada;;9;7;2;;;1;1;1;;;1;998
9;7;8;6;6153;;1;1;CAMINO DE;17,9;10;10;2;;;1;1;1;;;1;1
8;1;14;6;6153;;3;2;No inventariada;;9;4;2;;;1;1;1;;;1;998
8;2;16;6;6153;;3;2;No inventariada;;9;2;1;1;;1;1;1;;;1;998
7;5;11;6;6153;;3;2;No inventariada;;9;2;1;1;;1;1;1;;;1;998
9;6;21;6;6153;;3;2;No inventariada;;9;10;2;;;8;4;1;;;1;998
7;6;15;6;6153;;3;2;No inventariada;;9;2;1;1;;1;1;1;;;1;998
7;5;14;6;6153;;3;2;No inventariada;;9;2;2;;;1;1;1;;;1;998
9;1;16;6;6153;;3;2;No inventariada;;9;2;1;1;;1;1;1;;;1;998
10;4;9;6;0;;1;1;EX-348;7,892;6;8;1;1;;3;1;1;;;1;1
10;3;13;6;6153;;3;2;No inventariada;;9;4;2;;;3;1;2;;;4;998
10;7;17;6;6153;;3;2;No inventariada;;9;7;2;;;1;1;1;;;1;998
10;3;19;6;6153;;3;2;No inventariada;;9;7;2;;;1;2;1;;;6;998
10;2;9;6;6153;;3;2;No inventariada;;9;20;1;1;;3;1;3;;;1;998
11;5;17;6;6153;;3;2;No inventariada;;9;7;1;1;;1;1;1;;;1;998
11;4;12;6;6153;;3;2;No inventariada;;9;4;2;;;1;1;1;;;1;998
12;3;11;6;6044;;1;1;EX-206;101,1;6;4;1;4;EX-A2;1;1;1;;;1;1
11;6;19;6;6153;;3;2;No inventariada;;9;2;1;4;;1;1;1;;;1;998
10;7;14;6;6153;;3;2;No inventariada;;9;19;2;;;1;1;1;;;1;998
11;4;19;6;6153;;3;2;No inventariada;;9;7;2;;;1;3;1;;;3;998
11;2;20;6;6153;;3;2;No inventariada;;9;4;2;;;1;4;1;;;1;998
10;5;13;6;6153;;3;2;No inventariada;;9;7;2;;;1;1;1;;;1;998
2;2;12;6;0;;1;1;EX-112;70,5;6;2;1;1;;1;1;1;;;1;1
5;1;6;6;0;;1;1;EX-107;70,65;6;12;1;2;;1;6;1;;;1;1
8;5;0;6;0;;1;1;EX-325;7,9;6;19;2;;;1;6;1;;;1;1
3;5;17;6;0;;1;1;No inventariada;40;14;8;2;;;1;1;1;;;1;1
10;7;11;6;0;;1;1;BA-158;13;6;8;2;;;1;1;1;;;1;1
1;4;19;6;6158;;2;2;N-432;72,4;5;4;1;2;;1;3;1;;;18;1
3;2;12;6;6158;;3;2;No inventariada;;9;7;1;1;;1;1;1;;;18;998
4;4;12;6;6158;;1;1;EX-101;3,8;6;2;1;2;;1;1;1;;;10;1
5;4;21;6;6158;;3;2;No inventariada;;9;7;1;1;;1;3;1;;;18;998
5;1;8;6;6158;;3;2;No inventariada;;9;7;1;2;;1;1;1;;;1;998
5;3;21;6;0;;1;1;A-66;684;3;16;2;;;1;2;1;;;1;1
6;6;6;6;6158;;2;2;EX-101;5;6;7;1;4;N-432;1;3;1;;;18;1
7;4;19;6;6158;;3;2;No inventariada;;9;3;2;;;1;1;1;;;18;998
8;2;20;6;6158;;2;2;N-432;73,8;5;4;1;4;;1;1;1;;;1;1
10;5;20;6;6158;;1;1;EX-321;1,35;6;18;2;;;3;6;3;;;1;1
2;2;10;6;0;;1;1;EX-111;46,6;6;2;2;;;1;1;1;;;1;1
2;6;16;6;0;;3;2;No inventariada;;9;2;2;;;1;1;1;;;1;998
4;3;3;6;0;;1;1;EX-103;105,3;6;18;2;;;1;6;1;;;1;2
5;5;22;6;0;;1;1;EX-103;114,8;6;8;2;;;1;6;1;;;1;1
8;6;12;6;0;;3;2;No inventariada;;9;7;1;1;;1;1;1;;;1;998
6;1;11;6;0;;1;1;EX-323;3,9;6;10;2;;;1;1;1;;;1;1
3;7;19;6;0;;3;2;No inventariada;;9;7;2;;;1;3;2;;;12;998
5;4;8;6;0;;3;2;No inventariada;;9;7;1;3;;1;1;1;;;6;998
10;7;13;6;0;;1;1;EX-105;39,613;6;3;1;2;;1;1;1;;;1;1
11;1;13;6;0;;1;1;EX-105;37,162;6;4;1;1;;1;1;2;;;1;1
8;6;3;6;0;;1;1;BA-034;0,8;6;18;2;;;1;6;1;;;1;1
2;3;19;7;7001;0;1;1;Ma-2100;15;6;3;2;;;1;6;1;;;4;3
4;1;11;7;7001;;1;1;Ma-2022;3,4;6;4;2;;;3;1;3;;;1;1
10;1;6;7;7001;;1;1;Ma-2022;4,19;6;16;2;;;1;6;1;;;1;1
1;6;8;7;7002;2;3;2;No inventariada;;14;9;2;;;3;1;2;;;1;998
2;5;14;7;7002;2;3;2;No inventariada;;9;4;2;;;1;1;1;;;1;998
2;4;15;7;7002;2;1;1;Me-1;14,3;6;12;2;;;1;1;1;;;1;1
2;4;15;7;7002;2;1;1;Me-1;14,35;6;4;2;;;1;1;1;;;9;1
4;6;19;7;7002;2;3;2;No inventariada;;9;10;1;4;;1;1;1;;;1;998
4;1;22;7;7002;2;1;1;Me-1;13,3;6;1;2;;;1;6;1;;;4;2
4;2;13;7;7002;2;1;1;BINIFABINI;0,45;10;16;2;;;3;1;3;;;4;2
5;5;7;7;7002;2;1;1;Me-1;16,8;6;19;2;;;1;1;1;;;1;1
5;6;23;7;7002;2;1;1;Me-16;0,85;6;8;2;;;1;6;1;;;1;1
5;1;17;7;7002;2;3;2;No inventariada;;9;2;1;1;;1;1;1;;;1;998
6;2;7;7;7002;0;1;1;Me-1;10,2;6;4;1;12;;3;2;2;;;1;1
6;6;7;7;7002;2;1;1;Me-1;16,3;6;14;2;;;1;1;1;;;1;1
6;3;18;7;7002;0;1;1;Me-1;7,2;6;5;2;;;1;1;2;;;1;1
6;5;10;7;7002;;1;1;Me-1;13;6;5;2;;;1;1;1;;;1;1
6;1;9;7;7032;2;1;1;DİEN KANE;1,3;6;19;2;;;1;1;1;;;1;2
7;1;23;7;7002;2;1;1;Me-1;12,7;6;18;2;;;1;6;1;;;1;1
7;3;19;7;7002;2;3;2;No inventariada;;9;7;1;1;;1;1;1;;;6;998
7;2;13;7;7037;2;1;1;Camí en Kane;12,5;6;18;2;;;1;1;1;;;1;1
7;3;6;7;7002;2;1;1;Me-1;6,1;6;19;2;;;1;1;1;;;1;1
7;4;18;7;7002;2;1;1;OTRAS;0,8;10;4;2;;;1;1;1;;;4;3
8;1;9;7;7002;;1;1;Me-1;7,973;6;4;2;;;1;1;1;;;1;1
8;5;11;7;7002;2;1;1;Me-1;6,6;6;5;1;1;;1;1;1;;;1;1
8;7;17;7;7002;0;1;1;Me-1;7,65;6;2;2;;;1;1;1;;;1;1
8;6;13;7;7002;;1;1;SUBAIDA;0,3;10;14;2;;;1;1;1;;;1;1
9;1;10;7;7002;2;3;2;No inventariada;;9;3;1;3;;1;1;1;;;1;998
9;6;22;7;7002;;1;1;SON BOU;1,2;10;15;2;;;3;6;3;;;1;1
9;1;20;7;7002;0;1;1;Camí en Kane;6,466;6;14;2;;;1;6;1;;;4;3
10;3;16;7;7002;2;1;1;Me-1;14,2;6;18;2;;;1;1;1;;;1;1
8;4;19;7;7002;2;3;2;No inventariada;;9;12;2;;;1;4;1;;;1;998
11;5;13;7;7002;2;3;2;No inventariada;;9;7;2;;;1;1;1;;;1;998
12;6;19;7;7002;2;1;1;Me-1;12,3;6;2;2;;;1;6;1;;1;1;3
12;1;7;7;7002;2;1;1;Me-1;15,3;6;5;2;;;1;1;1;;;1;1
1;1;19;7;7003;;1;1;Ma-13;49,578;6;4;2;;;1;6;1;;;1;1
1;5;13;7;7003;;1;1;Ma-13;47,3;6;4;2;;;1;1;2;;;1;1
1;6;20;7;7003;1;1;1;Ma-13;48,3;6;4;1;4;Ma-3460;1;4;1;;;1;1
1;4;8;7;7003;;1;1;Ma-13;48,776;6;12;2;;;1;1;1;;;1;1
1;5;15;7;7003;;3;2;No inventariada;;9;2;2;;;1;1;1;;;1;998
3;5;12;7;7003;;1;1;Ma-3433;8,75;6;2;1;7;Ma-3470;1;1;1;;;1;2
3;7;20;7;7044;1;1;1;Ma-13;42,3;6;2;2;;;1;6;2;;;1;2
3;7;23;7;7003;;3;2;No inventariada;;9;2;1;1;;1;4;1;;;1;998
3;5;20;7;7042;1;1;1;Ma-2202;4,037;6;16;2;;;1;6;1;;;1;2
3;6;13;7;7003;;1;1;Ma-13;49,6;6;3;1;1;;1;1;1;;;1;1
4;2;16;7;7003;;1;1;Ma-13;46,1;6;4;2;;;1;1;1;;;1;1
4;5;11;7;7003;;1;1;Ma-13;47,1;6;4;2;;;1;1;1;;;1;1
4;6;15;7;7003;;3;2;No inventariada;;9;7;2;;;1;1;2;;;1;998
2;2;12;7;7003;;3;2;No inventariada;;9;2;2;;;3;1;2;;;1;998