MES;DIA_SEMANA;HORA;COD_PROVINCIA;COD_MUNICIPIO;ISLA;ZONA;ZONA_AGRUPADA;CARRETERA;KM;TIPO_VIA;TIPO_ACCIDENTE;NUDO;NUDO_INFO;CARRETERA_CRUCE;CONDICION_FIRME;CONDICION_ILUMINACION;CONDICION_METEO;CONDICION_NIEBLA;CONDICION_VIENTO;VISIB_RESTRINGIDA_POR;TRAZADO_PLANTA
3;3;7;7;7003;;3;2;No inventariada;;9;2;1;4;;1;1;1;;;6;998
3;1;18;7;7003;;3;2;No inventariada;;9;3;1;2;;1;1;1;;;1;998
4;6;22;7;7003;;3;2;No inventariada;;9;4;1;4;;1;4;1;;;1;998
5;7;14;7;7044;1;1;1;Ma-13;43,3;6;4;2;;;1;1;1;;;1;1
6;6;7;7;7003;;1;1;Ma-13;46,765;6;2;1;2;;1;1;1;;;1;1
6;5;9;7;7003;;1;1;Ma-3470;3,206;6;4;2;;;1;1;1;;;1;1
6;6;10;7;7003;0;1;1;Ma-3470;1,5;6;2;1;2;;1;1;1;;;1;1
5;2;17;7;7003;;3;2;No inventariada;;9;15;1;1;;1;1;1;;;1;998
7;1;15;7;7044;1;1;1;Ma-13;43,1;6;4;1;2;;1;1;1;;;1;1
7;2;9;7;7003;;1;1;Ma-3470;2,7;6;4;1;2;;1;1;1;;;1;2
5;2;11;7;7003;;3;2;No inventariada;;9;12;1;1;;1;1;1;;;1;998
5;3;11;7;7003;;3;2;No inventariada;;9;7;2;;;1;1;1;;;1;998
6;2;6;7;7003;;3;2;No inventariada;;9;7;2;;;1;1;1;;;1;998
6;6;16;7;7003;;3;2;No inventariada;;9;2;1;1;;1;1;1;;;9;998
6;1;23;7;7003;;3;2;No inventariada;;9;4;2;;;1;4;1;;;1;998
6;2;18;7;7003;;3;2;No inventariada;;9;2;1;4;;2;1;1;;;1;998
7;1;3;7;7003;;3;2;No inventariada;;9;10;2;;;1;5;1;;;5;998
8;4;23;7;7003;;1;1;Ma-13;48,017;6;4;2;;;1;4;1;;;1;1
8;3;19;7;7003;1;1;1;Ma-13;44,215;6;4;2;;;1;1;1;;;1;1
8;1;23;7;0;;1;1;Ma-3240;10;6;1;1;2;Ma-3240a;1;6;1;;;1;1
8;5;12;7;7003;;1;1;Ma-13;47,6;6;4;2;;;1;1;1;;;1;1
9;1;22;7;7003;1;1;1;Ma-13;49,8;6;2;2;;;1;6;1;;;1;1
10;3;10;7;7003;;1;1;Ma-3470;0,772;6;4;1;5;;1;1;7;;;1;1
10;6;17;7;7044;1;1;1;Ma-13;42,1;6;4;2;;;1;1;2;;;1;1
7;3;17;7;7003;;3;2;No inventariada;;9;2;1;2;;1;1;1;;;1;998
7;7;12;7;7003;;3;2;No inventariada;;9;7;2;;;1;1;1;;;1;998
8;4;8;7;7003;;3;2;No inventariada;;9;7;2;;;1;1;1;;;6;998
8;2;19;7;7003;;3;2;No inventariada;;9;1;1;4;;1;1;1;;;1;998
10;4;20;7;7003;1;1;1;Ma-3433;6,55;6;19;2;;;1;6;2;;;4;2
8;5;23;7;7003;;3;2;No inventariada;;9;10;2;;;1;4;1;;;1;998
8;6;5;7;7003;;3;2;No inventariada;;9;2;1;1;;1;4;1;;;1;998
9;4;22;7;7003;;3;2;No inventariada;;9;7;1;2;;1;4;1;;;1;998
9;7;16;7;7003;;3;2;No inventariada;;9;7;2;;;1;1;1;;;1;998
9;5;14;7;7003;;3;2;No inventariada;;9;2;2;;;1;1;1;;;1;998
8;6;10;7;7003;;3;2;No inventariada;;9;3;2;;;1;1;1;;;1;998
7;5;17;7;7003;;3;2;No inventariada;;9;4;2;;;1;1;1;;;1;998
8;3;17;7;7003;;3;2;No inventariada;;9;2;1;2;;1;1;1;;;1;998
10;1;19;7;7003;;3;2;No inventariada;;9;2;1;1;;1;4;1;;;1;998
8;6;16;7;7003;;3;2;No inventariada;;9;2;2;;;1;1;1;;;1;998
8;2;7;7;7003;;3;2;No inventariada;;9;7;1;4;;1;1;1;;;1;998
9;5;1;7;7003;;3;2;No inventariada;;9;2;2;;;1;4;1;;;1;998
9;2;18;7;7003;;3;2;No inventariada;;9;10;2;;;1;1;1;;;1;998
9;5;18;7;7003;;3;2;No inventariada;;9;7;2;;;1;1;1;;;12;998
9;1;23;7;7003;;3;2;No inventariada;;9;2;2;;;1;4;1;;;1;998
12;3;14;7;7003;;1;1;Ma-13;45,187;6;4;2;;;1;1;1;;;1;1
12;3;7;7;7003;;1;1;Ma-3470;2,35;6;5;2;;;1;1;1;;;1;1
12;1;16;7;7003;;1;1;Ma-13;45,8;6;16;2;;;3;2;1;;;1;1
1;5;22;7;7004;;1;1;Ma-15;25,271;5;12;2;;;3;6;4;;;1;1
2;6;7;7;7004;1;1;1;Ma-5010;8;6;12;2;;;1;2;1;1;;1;1
2;6;18;7;7004;;1;1;Ma-3200;1,4;6;1;2;;;1;2;1;;;1;1
3;3;3;7;7004;1;1;1;Ma-15;22;5;14;1;4;;1;4;1;;;1;2
5;7;4;7;7004;;1;1;Ma-15;26,514;5;12;2;;;1;6;1;;;1;1
7;2;8;7;7004;;1;1;Ma-5017;2,5;6;15;2;;;1;1;1;;;1;1
7;3;15;7;7004;;1;1;Ma-15;25,76;5;18;2;;;1;1;1;;;1;3
1;6;11;7;7005;;1;1;Ma-1020;1,7;6;15;2;;;3;1;1;;;1;3
2;4;13;7;7005;;1;1;Ma-1;28,2;6;2;1;4;Ma-10;1;1;1;;;1;2
4;5;8;7;7005;;1;1;Ma-1;27,543;6;3;1;10;Ma-1B;1;1;1;;;1;1
7;3;10;7;7005;;1;1;Ma-10;106,7;6;2;2;;;1;1;1;;;1;3
7;6;22;7;7005;;1;1;Ma-10;100;6;14;2;;;1;6;1;;;1;2
5;2;12;7;7006;;1;1;Ma-12;10,888;6;19;2;;;1;1;1;;;1;2
5;5;12;7;7006;1;1;1;Ma-15;69,2;6;4;1;2;;1;1;1;;;1;1
6;1;20;7;7006;1;1;1;Ma-3331;2,7;6;20;2;;;1;2;1;;;1;1
7;7;18;7;7006;;1;1;Ma-3331;1,9;6;19;2;;;1;1;1;;;1;2
10;1;12;7;7006;;1;1;Ma-12;3,328;6;18;2;;;3;1;2;;;1;3
11;5;15;7;7006;;1;1;Ma-15;68,907;6;15;2;;;1;1;1;;;1;1
7;6;10;7;0;;1;1;Ma-10;81,5;6;19;2;;;1;1;1;;;1;1
11;6;13;7;0;;1;1;Ma-10;84,832;6;1;2;;;1;1;1;;;1;2
1;5;7;7;7008;;1;1;Ma-13;20,873;2;4;2;;;1;6;1;;;1;1
1;6;10;7;7008;;1;1;Ma-13;21;2;15;2;;;1;1;1;;;1;1
1;7;3;7;7029;1;1;1;Ma-13A;25;6;16;2;;;3;6;1;;;1;2
3;2;7;7;7008;;1;1;Ma-13;17,924;2;4;2;;;3;1;2;;;1;1
4;5;13;7;7027;1;1;1;Ma-13;23,4;2;4;2;;;1;1;1;;;1;1
4;3;16;7;7008;;1;1;Ma-13;18,633;2;4;2;;;1;1;1;;;1;1
4;3;17;7;7008;;1;1;Ma-13A;20,831;6;2;2;;;1;1;1;;;1;1
4;2;12;7;7008;1;1;1;Ma-13;21,1;2;2;2;;;1;1;1;;;1;1
6;4;16;7;7008;;1;1;No inventariada;1,1;10;2;1;1;;1;1;1;;;1;1
6;2;20;7;7008;;1;1;Ma-13;22;2;19;2;;;1;2;1;;;1;1
7;4;18;7;7008;0;1;1;CAMI DE SO;2;10;16;2;;;1;1;1;;;1;1
10;5;14;7;7008;;1;1;Ma-13A;23,47;6;12;1;2;;1;1;1;;;1;1
10;5;13;7;7008;;1;1;Ma-13A;20,084;6;2;1;2;;1;1;1;;;1;1
11;6;4;7;7008;0;1;1;Ma-13;18,617;2;12;2;;;1;6;1;;;1;1
7;1;10;7;0;;1;1;CAMI VELL;1,5;10;2;2;;;1;1;1;;;1;3
2;6;14;7;7010;;1;1;Ma-2020;5,603;6;12;1;4;;1;1;1;;;1;1
2;2;10;7;7010;;1;1;Ma-2020;6,7;6;18;2;;;1;1;1;;;1;1
4;5;7;7;7010;;1;1;Ma-1140;2,021;6;18;2;;;1;2;1;;;1;1
5;4;15;7;7010;;1;1;Ma-11;14,6;6;2;1;4;Ma-2010;1;1;1;;;1;2
5;5;16;7;7010;;1;1;Ma-11A;18,832;6;12;2;;;1;1;1;;;1;2
6;6;15;7;7010;;1;1;Ma-2020;5,3;6;2;1;4;;1;1;1;;;1;1
6;3;8;7;7010;;1;1;Ma-2030;2,669;6;2;1;4;;1;1;1;;;1;1
8;1;6;7;7040;1;1;1;Ma-11;9,8;6;2;1;2;;1;6;1;1;;1;1
9;6;13;7;7010;;1;1;Ma-2030;3,42;6;2;1;4;Ma-2040;1;1;1;;;1;2
11;6;8;7;7010;1;1;1;Ma-2020;4,3;6;19;2;;;1;1;1;;;1;1
12;4;14;7;0;1;1;1;Ma-1140;3,1;6;12;2;;;1;1;1;;;1;3
1;2;19;7;7011;;1;1;Ma-1;9,735;8;2;1;2;;1;4;1;;;17;1
1;3;3;7;7011;;1;1;Ma-1;9,7;8;12;1;3;;1;5;1;;;1;1
2;3;17;7;7011;;1;1;Ma-1;10,138;2;4;2;;;1;1;2;;;1;1
3;5;2;7;7011;;1;1;Ma-1015;5,568;6;12;2;;;3;6;3;;;5;1
3;4;18;7;7011;;1;1;Ma-1;14,732;2;3;2;;;1;1;1;;;1;1
3;3;15;7;7011;;1;1;Ma-1;14,5;2;3;1;4;;1;1;1;;1;1;1
3;4;19;7;7011;1;3;2;No inventariada;;9;1;2;;;1;3;1;1;;18;998
4;2;14;7;7011;1;3;2;No inventariada;;9;4;2;;;1;1;1;;;1;998
4;1;7;7;7011;1;3;2;No inventariada;;9;2;1;1;;1;1;1;;;1;998
4;2;17;7;7011;;1;1;Ma-1;10;2;4;2;;;1;1;1;;;1;1
4;4;7;7;7011;;1;1;Ma-1015;2,185;6;4;2;;;1;1;1;;;4;2
4;6;16;7;7011;;1;1;Ma-1;13,907;2;15;2;;;1;1;1;;;1;2
4;1;11;7;7011;1;3;2;No inventariada;;9;10;2;;;1;1;1;;;1;998
4;3;14;7;7011;1;3;2;No inventariada;;9;3;2;;;1;1;1;;;1;998
4;4;14;7;7011;1;3;2;No inventariada;;9;6;2;;;1;1;2;;;9;998
4;3;20;7;7011;1;3;2;No inventariada;;9;7;1;2;;1;3;3;;;1;998
4;5;3;7;7011;1;3;2;No inventariada;;9;10;2;;;1;6;1;;;1;998
4;4;12;7;7011;1;3;2;No inventariada;;9;7;2;;;1;1;1;1;;1;998
4;7;10;7;7011;;1;1;Ma-1;16,946;2;2;1;4;;1;1;1;;;1;2
4;2;7;7;7011;1;3;2;No inventariada;;9;10;2;;;1;1;3;1;;1;998
4;4;9;7;7011;1;3;2;No inventariada;;9;7;2;;;1;1;1;;;9;998
4;4;12;7;7011;1;3;2;No inventariada;;9;16;2;;;1;1;1;;;1;998
4;5;20;7;7011;1;3;2;No inventariada;;9;15;2;;;1;3;1;;;1;998
5;7;2;7;7011;1;3;2;No inventariada;;9;6;2;;;1;4;1;;;1;998
2;4;7;7;7011;1;3;2;No inventariada;;9;4;2;;;1;1;1;;;1;998
2;4;9;7;7011;1;3;2;No inventariada;;9;2;1;1;;1;1;1;;;1;998
1;6;17;7;7011;1;3;2;No inventariada;;9;4;2;;;1;1;1;;;1;998
1;2;7;7;7011;1;3;2;No inventariada;;9;7;2;;;1;2;1;;;9;998
1;4;19;7;7011;1;3;2;No inventariada;;9;15;2;;;1;6;1;;;18;998
1;7;14;7;7011;1;3;2;No inventariada;;9;10;2;;;1;1;1;;;1;998
5;1;9;7;7011;1;3;2;No inventariada;;9;2;1;1;;1;1;1;;;1;998
5;1;10;7;7011;1;3;2;No inventariada;;9;1;2;;;1;1;1;;;1;998
5;3;14;7;7011;;1;1;Ma-1;17,5;2;2;2;;;1;1;1;;;1;2
5;4;14;7;7011;;1;1;Ma-1;17,978;2;4;2;;;1;1;1;;;1;1
5;4;15;7;7011;1;3;2;No inventariada;;9;3;1;4;;1;1;1;1;;1;998
5;5;12;7;7011;1;3;2;No inventariada;;11;7;2;;;1;1;1;;;1;998
2;3;20;7;7011;1;3;2;No inventariada;;9;20;2;;;1;4;1;;;18;998
1;3;7;7;7011;1;3;2;No inventariada;;9;2;1;4;;1;3;1;;;1;998
2;3;10;7;7011;1;3;2;No inventariada;;9;7;2;;;1;1;1;;;1;998
1;7;4;7;7011;1;3;2;No inventariada;;9;10;2;;;1;4;1;;;1;998
1;2;19;7;7011;1;3;2;No inventariada;;9;2;2;;;1;1;1;;;1;998
3;4;17;7;7011;1;3;2;No inventariada;;9;10;2;;;1;1;1;;;1;998
5;3;19;7;7011;1;1;1;Ma-1;14;2;5;1;2;;1;1;1;;;1;1
3;5;15;7;7011;1;3;2;No inventariada;;9;7;2;;;1;1;1;;;9;998
3;6;19;7;7011;1;3;2;No inventariada;;9;2;1;4;;1;1;1;;;18;998
5;4;12;7;7011;;1;1;Ma-1015;1,342;6;19;2;;;1;1;1;;;1;2
5;4;10;7;7011;1;3;2;No inventariada;;9;10;2;;;1;1;1;;;1;998
5;3;7;7;7011;;1;1;Ma-1;16,905;8;4;2;;;3;1;2;;;1;1
3;6;21;7;7011;1;3;2;No inventariada;;9;16;2;;;1;4;1;;;1;998
5;5;11;7;7011;1;3;2;No inventariada;;9;1;2;;;1;1;1;1;;18;998
5;2;11;7;7011;1;3;2;No inventariada;;9;7;2;;;1;1;1;1;;1;998
5;7;10;7;7011;1;3;2;No inventariada;;9;19;1;4;;1;1;1;;;1;998
4;6;2;7;7011;1;3;2;No inventariada;;9;2;2;;;1;4;1;;;1;998
4;1;15;7;7011;1;3;2;No inventariada;;9;10;2;;;7;1;1;;;1;998
5;7;15;7;7011;1;3;2;No inventariada;;9;4;2;;;1;1;1;;;1;998
5;3;10;7;7011;1;3;2;No inventariada;;9;10;2;;;1;1;1;;;1;998
5;4;7;7;7011;;1;1;Ma-1;17;2;2;1;4;;1;2;1;;;1;2
6;1;14;7;7011;1;3;2;No inventariada;;9;6;2;;;1;1;1;;;1;998
6;1;20;7;7011;;1;1;Ma-1;14,338;2;4;1;4;Ma-1C;1;1;7;;;1;1
6;2;18;7;7011;1;3;2;No inventariada;;9;3;2;;;1;1;1;;;1;998
6;1;23;7;7011;;1;1;Ma-1;7,5;2;16;2;;;1;6;1;;;1;1
6;3;22;7;7011;1;3;2;No inventariada;;9;10;2;;;1;6;1;;;1;998
6;3;19;7;7011;1;3;2;No inventariada;;9;7;2;;;1;1;1;1;;1;998
6;1;11;7;7011;1;3;2;No inventariada;;9;2;1;4;;1;1;1;1;;1;998
5;2;12;7;7011;1;3;2;No inventariada;;7;4;2;;;1;1;1;;;1;998
6;7;19;7;7011;1;3;2;No inventariada;;9;2;1;1;;1;1;1;;;18;998
6;2;20;7;7011;1;3;2;No inventariada;;9;2;1;2;;1;1;1;;;1;998
6;3;19;7;7011;1;3;2;No inventariada;;14;10;2;;;3;1;3;;;1;998
6;4;12;7;7011;;1;1;Ma-1C;12,974;6;4;2;;;1;1;1;;;1;1
6;7;13;7;7011;1;3;2;No inventariada;;9;10;2;;;1;1;1;;;1;998
6;2;14;7;7011;1;3;2;No inventariada;;9;2;2;;;1;1;1;;;1;998
6;7;20;7;7011;1;3;2;No inventariada;;9;2;2;;;1;1;1;1;;1;998
6;6;1;7;7011;1;1;1;Ma-1C;6,9;6;12;2;;;1;4;1;;;1;2
6;6;15;7;7011;1;3;2;No inventariada;;9;10;1;4;;1;1;1;1;;1;998
7;2;10;7;7011;1;3;2;No inventariada;;9;6;2;;;1;1;1;1;;1;998
7;2;17;7;7011;1;3;2;No inventariada;;9;2;1;1;;1;1;1;1;;1;998
7;1;11;7;7011;;1;1;Ma-1;7,7;2;3;2;;;1;1;1;;;1;2
7;1;16;7;7011;1;1;1;Ma-1;8,5;2;16;2;;;1;1;1;;;1;2
7;4;13;7;7011;1;3;2;No inventariada;;9;7;2;;;1;1;1;;;1;998
7;5;11;7;7011;1;3;2;No inventariada;;9;7;2;;;1;1;1;;;1;998
7;2;15;7;7040;1;1;1;Ma-1;7,088;2;4;2;;;1;1;1;;;1;1
7;5;18;7;7011;1;3;2;No inventariada;;9;10;2;;;1;1;1;;;1;998
7;5;15;7;7011;;1;1;Ma-1;8,5;2;4;2;;;1;1;1;;;1;1
7;6;0;7;7011;1;3;2;No inventariada;;9;16;2;;;1;6;1;1;;1;998
7;1;11;7;7011;1;3;2;No inventariada;;9;4;1;2;Ma-1C;1;1;1;;;1;998
7;7;18;7;7011;;1;1;Ma-1C;13,63;6;2;1;4;;1;2;1;;;1;2
7;3;16;7;7011;1;3;2;No inventariada;;9;12;1;2;;1;1;1;;;1;998
7;2;9;7;7011;1;3;2;No inventariada;;9;2;1;2;;1;1;1;;;1;998
7;5;13;7;7011;;1;1;Ma-1;7,7;2;4;2;;;1;1;1;;;1;1
7;5;13;7;7011;1;3;2;No inventariada;;9;16;1;4;;1;1;1;;;1;998
8;4;17;7;7011;;1;1;Ma-1;14,5;2;5;2;;;1;1;1;;;1;1
8;5;10;7;7011;1;3;2;No inventariada;;9;2;1;2;;1;1;1;;;1;998
8;7;14;7;7011;1;3;2;No inventariada;;9;7;2;;;1;1;1;;;18;998
8;2;14;7;7011;1;3;2;No inventariada;;9;2;1;1;;1;1;1;;;1;998
8;3;14;7;7011;1;3;2;No inventariada;;9;3;2;;;1;1;1;;;18;998
8;6;12;7;7011;1;3;2;No inventariada;;9;10;2;;;1;1;1;;;1;998
8;6;17;7;7011;;1;1;Ma-1;7,5;2;2;2;;;1;1;1;;;1;1
8;2;2;7;7011;1;3;2;No inventariada;;9;2;2;;;1;4;1;;;1;998
8;2;11;7;7011;1;3;2;No inventariada;;11;7;2;;;1;1;1;;;1;998
8;3;19;7;7011;1;3;2;No inventariada;;9;10;1;4;;1;1;1;;;1;998
8;6;5;7;7011;1;1;1;Ma-1;13,5;2;7;1;2;;1;6;1;;;1;2
8;3;23;7;7011;;1;1;Ma-1C;8,8;6;15;2;;;3;4;1;;;1;1
8;1;6;7;7011;1;3;2;No inventariada;;9;9;2;;;1;3;1;1;;1;998
8;5;7;7;7011;;1;1;Ma-1;12,688;2;4;2;;;1;1;1;;;1;3
8;7;10;7;7011;;1;1;Ma-1C;7,142;6;16;2;;;1;1;1;;;1;1
8;7;20;7;7011;1;1;1;Ma-1;10,3;8;2;1;2;;1;1;1;;;1;1
8;3;14;7;7011;;1;1;Ma-1;14,3;2;4;2;;;1;1;1;;;1;1
8;4;16;7;7011;1;3;2;No inventariada;;9;2;1;2;;1;1;1;;;1;998
9;7;10;7;7011;1;3;2;No inventariada;;9;3;1;2;;3;1;3;;;1;998
9;7;21;7;7011;1;3;2;No inventariada;;9;6;2;;;3;1;3;;;18;998
9;6;12;7;7011;1;3;2;No inventariada;;9;10;1;4;;1;1;1;;;1;998
9;3;16;7;7011;1;3;2;No inventariada;;9;3;2;;;1;1;1;1;;1;998
9;5;12;7;7011;1;3;2;No inventariada;;9;20;2;;;1;1;1;;;1;998
8;1;13;7;7011;1;3;2;No inventariada;;7;2;2;;;1;1;1;;;18;998
9;6;10;7;7011;1;3;2;No inventariada;;9;10;2;;;1;1;1;;;1;998
10;2;17;7;7011;1;3;2;No inventariada;;14;5;1;2;;1;3;1;;;1;998
10;6;15;7;7011;1;3;2;No inventariada;;9;2;2;;;1;1;1;;;1;998
10;2;10;7;7011;1;3;2;No inventariada;;9;3;1;2;;1;1;1;;;1;998
10;5;12;7;7011;1;3;2;No inventariada;;9;10;1;2;;1;1;1;;;1;998
10;7;13;7;7011;;1;1;Ma-1016;6,7;6;10;2;;;1;1;1;;;4;2
10;4;18;7;7011;1;3;2;No inventariada;;9;7;2;;;1;2;1;;;6;998
10;2;13;7;7011;1;3;2;No inventariada;;7;10;1;4;;7;1;1;;;1;998
10;1;15;7;7011;1;3;2;No inventariada;;9;19;2;;;1;1;1;;;1;998
10;1;14;7;7011;1;3;2;No inventariada;;9;7;2;;;1;1;1;1;;1;998
10;1;10;7;7011;1;1;1;Ma-1;13,3;2;5;2;;;1;1;1;;;1;1
10;5;13;7;7011;;1;1;Ma-1;13;2;5;2;;;1;1;1;;;1;1
10;2;19;7;7011;;1;1;Ma-1C;13,168;6;6;2;;;1;4;1;;;1;1
11;1;9;7;7011;1;3;2;No inventariada;;9;2;2;;;3;1;2;;;1;998
11;6;12;7;7011;1;3;2;No inventariada;;7;20;2;;;1;1;1;;;1;998
11;1;10;7;7011;1;3;2;No inventariada;;9;7;2;;;1;1;1;;;18;998
11;5;12;7;7011;;1;1;Ma-1014;0,7;6;4;2;;;1;1;1;;;1;1
11;6;3;7;7011;1;3;2;No inventariada;;9;1;2;;;1;4;1;;;18;998
12;4;10;7;7011;1;3;2;No inventariada;;9;2;1;1;;1;1;1;1;;18;998
1;6;12;7;7013;;1;1;CAMI HORT;0,4;10;2;1;2;;1;1;1;;;4;1
1;3;21;7;7013;;1;1;Ma-6101;2,386;6;16;2;;;3;6;1;;;1;2
1;2;10;7;7013;1;3;2;No inventariada;;9;7;1;2;;1;1;1;;;1;998
1;6;19;7;7013;1;1;1;Ma-5120;0,01;6;5;1;4;;1;4;1;;;1;1
2;5;16;7;7013;;1;1;Ma-6031;5,5;6;16;2;;;1;1;7;;;18;3
2;4;16;7;7013;1;3;2;No inventariada;;9;1;2;;;1;1;1;;;9;998
2;3;17;7;7013;;1;1;Ma-6040;4,615;6;18;2;;;1;2;3;;;1;1
3;6;18;7;7031;1;1;1;Ma-19;27,451;5;12;1;4;;3;3;3;;;1;1
3;5;19;7;7013;1;3;2;No inventariada;;9;6;2;;;1;4;1;;;1;998
4;2;17;7;7013;1;3;2;No inventariada;;9;7;1;4;;1;1;1;;;1;998
4;1;18;7;7013;1;3;2;No inventariada;;11;1;2;;;1;1;1;;;1;998
4;2;4;7;7013;;1;1;Ma-6040;4,634;6;19;2;;;3;6;3;;;1;1
5;4;15;7;7013;1;3;2;No inventariada;;9;7;1;1;;1;1;1;;;1;998
6;7;5;7;7013;1;3;2;No inventariada;;9;12;1;2;;1;3;1;;;1;998
6;4;0;7;7013;1;3;2;No inventariada;;9;2;1;1;;1;4;1;;;1;998
7;7;16;7;7013;0;1;1;Ma-6014;36,3;6;19;2;;;1;1;1;;;1;3
7;6;22;7;7013;;3;2;No inventariada;;14;2;2;;;1;6;1;;;12;998
8;6;18;7;7013;;1;1;Ma-6030;5,381;6;2;1;4;Ma-6014;1;1;1;;;6;1
8;3;12;7;7013;;1;1;CAMI DE SE;1,5;10;3;1;1;;1;1;1;;;12;1
8;5;17;7;7013;1;3;2;No inventariada;;9;2;1;1;;1;1;1;;;1;998
8;6;12;7;7013;1;3;2;No inventariada;;9;2;1;1;;1;1;1;;;1;998
8;3;16;7;7013;;1;1;Ma-6030;3,357;6;4;2;;;1;1;1;;;1;1
9;5;21;7;7013;1;1;1;Ma-5120;2;6;7;2;;;1;6;1;;;1;1
8;5;19;7;7013;1;3;2;No inventariada;;9;7;2;;;1;1;1;;;18;998
8;3;19;7;7013;1;3;2;No inventariada;;9;19;2;;;1;1;1;;;18;998
9;6;16;7;7013;1;3;2;No inventariada;;9;7;2;;;1;1;1;;;9;998
9;1;16;7;7013;1;1;1;Ma-6031;5;6;2;2;;;1;1;1;;;18;2
9;6;10;7;7013;1;3;2;No inventariada;;11;7;2;;;1;1;1;;;17;998
9;6;10;7;7013;1;3;2;No inventariada;;9;7;1;1;;1;1;1;;;18;998
9;3;17;7;7013;1;3;2;No inventariada;;9;2;1;2;;1;1;1;;;18;998
9;1;13;7;7013;0;1;1;Ma-6040;6,227;6;15;2;;;3;1;2;;;1;3
7;1;8;7;7013;1;3;2;No inventariada;;9;7;1;4;;1;1;1;;;18;998
8;1;18;7;7013;1;3;2;No inventariada;;9;4;2;;;1;1;1;;;18;998
9;4;18;7;7013;1;3;2;No inventariada;;9;7;2;;;1;1;1;;;5;998
10;7;1;7;7013;1;1;1;Ma-6040;6,387;6;14;2;;;1;6;1;;;1;1
10;7;14;7;7013;;1;1;Ma-6014;34,531;6;2;1;2;;1;1;1;;;3;1
10;5;15;7;7013;1;3;2;No inventariada;;9;4;1;4;;1;1;1;;;18;998
10;3;18;7;7013;1;1;1;Ma-19;40,951;6;1;2;;;1;2;1;;;1;3
10;7;2;7;7013;1;3;2;No inventariada;;9;6;2;;;1;4;1;;;18;998
10;5;11;7;7013;;1;1;Ma-19;41,8;6;20;2;;;1;1;1;;;1;1
10;4;18;7;7013;1;3;2;No inventariada;;9;7;2;;;3;2;2;;;1;998
11;5;5;7;7013;1;3;2;No inventariada;;9;7;2;;;1;4;1;;;1;998
11;3;18;7;7013;;1;1;Ma-6101;2,147;6;18;2;;;1;6;2;;;1;2
12;1;15;7;7013;1;3;2;No inventariada;;9;4;1;4;;1;1;1;;;18;998
12;4;13;7;7013;;1;1;Ma-6040;5,6;6;18;2;;;1;1;1;;;1;1
1;3;18;7;7014;;1;1;Ma-15;77,27;6;2;1;4;Ma-15B;1;3;1;;;1;2
5;1;15;7;7014;;1;1;Ma-4042;6,902;6;16;2;;;1;1;1;;;1;1
7;4;21;7;7014;;1;1;Ma-4042;8,214;6;3;2;;;1;6;1;;;1;1
7;1;14;7;7014;;1;1;Ma-15;76,3;6;10;1;1;;1;1;1;;;1;1
8;1;15;7;7014;;1;1;OTRAS;2,5;10;19;2;;;1;1;1;;;1;1
8;3;17;7;7062;1;1;1;Ma-4040;4,6;6;1;2;;;1;1;1;;;1;1
9;7;9;7;7014;;1;1;Ma-4042;6,942;6;12;2;;;3;1;3;;;1;3
12;1;13;7;7062;0;1;1;Ma-4040;5,95;6;14;2;;;3;1;1;;;1;1
1;1;5;7;7015;2;1;1;RC-1;1,5;6;12;1;4;;1;4;1;;;1;1
1;1;3;7;7015;2;1;1;Me-24;5,5;6;14;2;;;1;6;1;;;1;1
1;4;14;7;7015;2;3;2;No inventariada;;9;1;1;1;;3;1;3;;;5;998
1;2;18;7;7015;2;1;1;Me-1;34,042;6;4;2;;;1;2;1;;;1;1
2;1;17;7;7015;2;1;1;RC-2;1,8;5;2;1;4;;1;1;1;;;6;1
3;5;15;7;7015;2;3;2;No inventariada;;9;2;1;1;;1;1;1;;;1;998
3;1;19;7;7015;2;3;2;No inventariada;;9;20;2;;;1;4;1;;;1;998
3;3;15;7;7015;2;3;2;No inventariada;;9;10;2;;;1;1;1;;;1;998
3;7;23;7;7023;2;1;1;Me-1;32,3;6;15;2;;;3;6;3;;;1;1
4;1;8;7;7015;2;3;2;No inventariada;;9;7;1;2;;1;1;1;;;1;998
4;1;15;7;7015;2;3;2;No inventariada;;9;4;2;;;1;1;1;;;2;998
4;1;17;7;7015;2;3;2;No inventariada;;9;10;1;2;;1;1;1;;;1;998
4;1;18;7;7015;2;3;2;No inventariada;;9;5;2;;;1;1;1;;;9;998
4;3;19;7;7015;2;3;2;No inventariada;;9;2;1;1;;1;1;1;;;1;998
4;5;17;7;7015;2;3;2;No inventariada;;9;7;1;1;;1;1;1;;;1;998
4;1;19;7;7015;2;3;2;No inventariada;;9;2;1;1;;1;1;1;;;1;998
4;6;12;7;7015;2;3;2;No inventariada;;9;3;1;4;Me-24;1;1;1;;;1;998
4;1;12;7;7015;2;3;2;No inventariada;;9;7;1;1;;1;1;1;;;1;998
5;4;12;7;7015;2;3;2;No inventariada;;9;2;1;1;;1;1;1;;;1;998
5;2;15;7;7015;2;3;2;No inventariada;;9;6;1;2;;1;1;1;;;1;998
5;2;15;7;7015;2;1;1;Me-1;40,8;6;2;2;;;1;1;2;;;1;1
6;1;19;7;7015;2;3;2;No inventariada;;9;2;2;;;1;1;1;;;1;998
6;3;19;7;7015;2;3;2;No inventariada;;9;4;2;;;1;1;1;;;1;998
6;6;17;7;7015;0;1;1;SANT JOAN;2,5;10;1;2;;;1;1;1;;;1;1
6;1;9;7;7015;2;1;1;Me-24;0,5;6;16;2;;;1;1;1;;;1;3
6;3;18;7;7015;2;3;2;No inventariada;;9;2;1;1;;1;1;1;;;1;998
6;4;20;7;7015;2;1;1;RC-2;1;5;4;2;;;1;1;1;;;1;1
6;5;14;7;7015;2;1;1;SANT JOAN;0,8;10;10;2;;;1;1;1;;;4;3
7;1;12;7;7015;0;1;1;RC-2;3;5;10;1;4;;1;1;1;;;1;2
7;4;14;7;7015;2;3;2;No inventariada;;9;2;1;1;;1;1;1;;;1;998
7;5;14;7;7015;2;3;2;No inventariada;;9;2;2;;;1;1;1;;;1;998
7;6;14;7;7015;0;1;1;CAM VELL;6;10;10;2;;;1;1;1;;;1;1
7;7;18;7;7015;2;3;2;No inventariada;;9;20;2;;;1;1;1;;;1;998
7;3;16;7;7015;2;3;2;No inventariada;;9;3;1;4;;1;1;1;;;1;998
7;4;19;7;7015;2;1;1;Me-1;34,7;6;4;2;;;1;1;1;;;1;1
7;1;7;7;7015;2;1;1;SON VICENT;1,6;10;3;1;2;;1;1;1;;;1;3
7;4;16;7;7015;2;3;2;No inventariada;;9;20;1;1;;1;1;1;;;1;998
7;3;9;7;7015;2;3;2;No inventariada;;9;10;1;2;;1;1;1;;;1;998
8;4;9;7;7015;2;3;2;No inventariada;;9;10;1;1;;1;1;1;;;1;998
8;1;11;7;7015;2;3;2;No inventariada;;9;10;2;;;1;1;1;;;1;998
8;7;16;7;7015;2;1;1;CAMI VELL;2;10;16;2;;;1;1;1;;;1;1