MES;DIA_SEMANA;HORA;COD_PROVINCIA;COD_MUNICIPIO;ISLA;ZONA;ZONA_AGRUPADA;CARRETERA;KM;TIPO_VIA;TIPO_ACCIDENTE;NUDO;NUDO_INFO;CARRETERA_CRUCE;CONDICION_FIRME;CONDICION_ILUMINACION;CONDICION_METEO;CONDICION_NIEBLA;CONDICION_VIENTO;VISIB_RESTRINGIDA_POR;TRAZADO_PLANTA
8;5;21;7;7015;2;1;1;CV;0,2;10;10;2;;;1;6;1;;;1;1
8;6;21;7;7015;2;1;1;RC-2;2,3;5;9;1;4;;1;4;1;;;1;1
8;5;9;7;7015;2;3;2;No inventariada;;9;15;2;;;1;1;1;;;1;998
8;6;10;7;7015;2;3;2;No inventariada;;9;20;1;4;;1;1;1;;;1;998
8;2;18;7;7015;2;1;1;OTRAS;1,2;10;19;2;;;1;1;1;;;1;2
8;3;10;7;7015;0;1;1;RC-1;3,7;6;10;1;4;;1;1;1;;;1;2
8;7;12;7;7015;2;1;1;Me-1;42;6;4;1;4;RC-2;1;1;2;;;18;4
8;6;18;7;7015;2;1;1;Me-1;35,3;6;4;2;;;1;1;1;;;1;1
8;4;20;7;7015;2;3;2;No inventariada;;9;10;1;2;;1;1;1;;;1;998
8;2;13;7;7015;2;3;2;No inventariada;;9;10;2;;;1;1;1;;;1;998
8;1;20;7;7015;2;3;2;No inventariada;;9;4;2;;;1;1;1;;;1;998
8;5;17;7;7015;2;3;2;No inventariada;;9;6;2;;;1;1;1;;;1;998
9;3;16;7;7015;2;3;2;No inventariada;;9;10;1;4;;2;1;1;;;1;998
9;3;14;7;7015;;1;1;Me-1;39;6;2;2;;;1;1;1;;;1;1
9;7;3;7;7015;2;1;1;Me-1;35,5;6;19;2;;;3;6;3;;;1;1
9;1;13;7;7015;2;3;2;No inventariada;;9;7;1;3;;3;1;2;;;1;998
9;7;12;7;7015;;1;1;RC-2;0,855;5;2;1;4;;1;1;1;;;1;1
11;5;19;7;7015;2;3;2;No inventariada;;9;1;1;4;;1;4;1;;;1;998
11;7;19;7;7015;2;3;2;No inventariada;;9;7;1;2;;1;4;1;;;1;998
11;1;18;7;7015;;1;1;RC-2;3,4;5;20;1;4;;1;4;1;;;1;1
11;4;16;7;7015;2;3;2;No inventariada;;9;16;2;;;1;1;1;;;6;998
12;1;8;7;7015;;1;1;Me-24;2,861;6;3;2;;;1;1;1;;;1;1
12;5;9;7;7015;2;3;2;No inventariada;;9;10;2;;;3;1;3;;;1;998
3;4;15;7;0;;1;1;Ma-13;16,5;2;14;2;;;1;1;1;;1;1;1
3;4;16;7;0;;1;1;Ma-2050;0,001;6;2;1;4;Ma-2050;1;1;1;;;1;1
5;4;16;7;7008;1;1;1;Ma-13;21,869;2;14;2;;;1;1;1;;;1;1
5;6;6;7;7056;1;1;1;Ma-13;14,57;2;12;2;;;1;6;1;;;1;1
8;7;6;7;7056;1;1;1;Ma-13;14,7;2;4;2;;;1;1;1;;;1;1
9;7;11;7;0;;1;1;Ma-13A;17,133;6;3;1;2;;1;1;1;;;1;1
12;2;20;7;7001;0;1;1;Ma-2050;2,384;6;4;1;2;;1;6;1;;;1;1
6;7;13;7;0;;1;1;Ma-10;60,7;6;1;2;;;1;1;1;;;1;3
7;3;12;7;0;;1;1;Ma-10;58,5;6;16;2;;;1;1;1;;;4;1
8;1;17;7;0;;1;1;Ma-10;59,808;6;19;2;;;1;1;1;;;1;2
2;5;15;7;0;;1;1;Ma-10;35,671;6;14;2;;;3;1;3;1;;1;3
3;7;17;7;0;1;1;1;Ma-10;36,45;6;20;2;;;1;1;1;;;1;1
3;2;12;7;0;1;1;1;Ma-2141;2,8;6;8;2;;;1;1;1;;;1;1
3;5;12;7;0;;1;1;Ma-10;34,3;6;4;2;;;1;1;1;;;4;2
3;5;16;7;0;;1;1;Ma-10;13;6;12;2;;;1;1;1;;;4;2
4;5;13;7;0;;1;1;Ma-2141;11,6;6;17;2;;;1;1;1;;;17;2
5;5;14;7;0;1;1;1;Ma-10;15,8;6;19;2;;;1;1;1;;;1;1
5;7;17;7;0;;1;1;Ma-10;35,9;6;2;2;;;1;1;1;;;1;1
5;5;12;7;0;;1;1;Ma-10;19,3;6;3;2;;;1;1;1;;;4;3
6;7;11;7;0;1;1;1;Ma-2130;13,9;6;1;2;;;1;1;1;;;1;2
6;3;15;7;0;;1;1;Ma-10;20,326;6;18;2;;;1;1;1;;;1;3
6;7;11;7;0;;1;1;Ma-10;35,8;6;12;2;;;1;1;1;;;1;3
7;7;8;7;0;1;1;1;Ma-2141;9,312;6;13;2;;;1;1;1;;;1;3
7;1;9;7;0;0;1;1;Ma-10;20;6;12;2;;;1;1;1;;;4;2
9;3;13;7;0;;1;1;Ma-2141;2,8;6;2;2;;;1;1;2;;;3;1
12;2;10;7;0;;1;1;Ma-2141;9,3;6;13;2;;;1;1;1;;;1;2
8;6;19;7;7020;;1;1;Ma-1120;4,257;6;2;2;;;1;1;1;;;1;2
8;6;21;7;7020;;1;1;Ma-10;78,7;6;15;2;;;1;1;1;;;1;3
10;7;16;7;7020;;1;1;Ma-1100;1,905;6;10;2;;;2;1;1;;;1;3
3;7;13;7;0;;1;1;Ma-10;95;6;3;2;;;1;1;1;;;1;2
1;2;13;7;7022;1;3;2;No inventariada;;9;2;1;1;;1;1;1;;;1;998
1;1;10;7;7022;1;3;2;No inventariada;;9;4;2;;;1;1;1;;;2;998
1;7;16;7;7022;1;1;1;No inventariada;0,2;10;10;2;;;1;1;1;;;1;3
2;2;8;7;7013;1;1;1;Ma-5120;4,851;6;2;2;;;1;2;2;2;;5;1
1;7;11;7;7022;1;3;2;No inventariada;;9;7;2;;;1;1;1;;;6;998
3;1;8;7;7022;1;3;2;No inventariada;;9;2;2;;;1;1;1;;;1;998
3;1;7;7;7022;1;3;2;No inventariada;;9;2;2;;;1;1;7;;;1;998
4;6;20;7;7022;1;3;2;No inventariada;;7;6;2;;;1;3;1;;;1;998
4;6;18;7;7022;1;3;2;No inventariada;;9;6;1;1;;1;1;1;;;1;998
4;7;0;7;7022;;1;1;Ma-4014;0,6;6;16;2;;;3;6;4;;;1;1
4;5;12;7;7022;1;3;2;No inventariada;;14;10;2;;;1;1;1;;;1;998
5;2;16;7;7022;0;1;1;Ma-4010;9,906;6;1;2;;;1;1;1;;;1;3
5;1;11;7;7022;1;3;2;No inventariada;;9;2;1;2;;1;1;1;;;1;998
6;2;13;7;7033;1;1;1;Ma-4014;4,89;6;19;2;;;1;1;1;;;1;2
6;5;2;7;7022;1;1;1;Ma-4016;2,631;6;12;2;;;1;6;1;;;1;3
6;3;17;7;7022;1;3;2;No inventariada;;9;6;2;;;2;1;1;;;1;998
7;2;20;7;7022;1;3;2;No inventariada;;9;2;2;;;1;2;1;;;1;998
7;2;18;7;7022;1;3;2;No inventariada;;9;10;1;1;;1;1;1;;;1;998
7;5;16;7;7022;1;3;2;No inventariada;;9;2;1;1;;1;1;1;;;18;998
7;4;19;7;7022;1;3;2;No inventariada;;9;7;2;;;9;1;7;;;9;998
7;3;19;7;7022;1;3;2;No inventariada;;9;6;2;;;1;1;1;;;18;998
7;4;16;7;7022;1;3;2;No inventariada;;9;16;2;;;1;1;1;;;1;998
7;4;0;7;7022;1;3;2;No inventariada;;9;10;2;;;9;6;7;;;18;998
8;1;15;7;7022;;1;1;Ma-4010;8,8;6;3;1;4;Ma-4010;1;1;1;;;1;1
8;6;20;7;7022;1;3;2;No inventariada;;14;2;1;2;;1;6;7;;;3;998
9;1;18;7;7022;1;3;2;No inventariada;;9;2;1;1;;1;1;1;;;1;998
9;4;13;7;7022;;1;1;Ma-14;18,183;6;5;2;;;1;1;1;;;1;1
9;7;22;7;7022;;1;1;Ma-14;11,5;6;19;2;;;1;6;1;;;1;2
9;7;0;7;7022;1;3;2;No inventariada;;9;2;1;1;;1;4;7;;;18;998
10;1;15;7;7022;;1;1;Ma-5110;9,955;6;1;2;;;1;1;1;;;1;2
10;2;12;7;7022;1;3;2;No inventariada;;9;7;2;;;9;1;7;;;1;998
10;5;14;7;7022;1;3;2;No inventariada;;9;2;2;;;1;1;1;;;1;998
11;1;9;7;7022;1;3;2;No inventariada;;11;7;2;;;1;1;1;;;1;998
11;4;18;7;7022;1;3;2;No inventariada;;9;2;1;1;;1;2;1;;;18;998
12;5;21;7;7022;1;1;1;Ma-14;18,65;6;7;2;;;1;6;1;;;1;1
5;5;6;7;7023;2;1;1;Me-1;31,2;6;2;2;;;1;2;2;;;1;1
6;6;13;7;7023;2;1;1;Me-22;5,7;6;3;2;;;1;1;1;;;1;1
8;1;10;7;7023;2;1;1;Me-1;26,7;6;4;2;;;1;1;1;;;1;1
9;7;14;7;7023;2;1;1;Me-1;29,2;6;10;2;;;3;1;3;;;1;1
9;5;9;7;7023;2;1;1;Me-1;29,9;6;1;2;;;1;1;1;;;1;2
9;4;17;7;7023;2;1;1;Me-22;2,275;6;2;1;2;;1;1;1;;;1;1
4;4;18;7;7024;4;1;1;PM-820;2,8;6;5;1;2;;1;2;1;;;18;1
6;3;16;7;7024;;1;1;PM-820;4,9;6;2;1;2;;1;1;1;;;1;1
6;7;22;7;7024;;1;1;PM-820;8,6;6;16;2;;;1;6;1;;;1;1
7;3;13;7;7024;;1;1;PMV-820.2;5,403;6;1;2;;;1;1;1;;;1;3
7;5;15;7;7024;;1;1;PM-820;4,9;6;4;1;2;;1;1;1;;;1;1
7;1;16;7;7024;;1;1;OTRAS;0,7;10;1;2;;;9;1;1;;;1;1
7;7;6;7;7024;4;1;1;PM-820;4,2;6;16;2;;;1;6;1;;;4;2
8;4;10;7;7024;;1;1;PMV-820.2;5,376;6;15;2;;;1;1;1;;;1;3
8;5;3;7;7024;0;1;1;PM-820;7,9;6;6;2;;;2;6;1;;;1;1
8;6;11;7;7024;;1;1;PMV-820.2;3,301;6;4;2;;;1;1;1;;;1;1
8;7;9;7;7024;;3;2;No inventariada;;9;10;2;;;1;1;1;;;1;998
8;7;5;7;7024;;1;1;PMV-820.2;5,5;6;15;2;;;9;3;1;;;1;2
8;4;23;7;7024;4;1;1;PM-820;12;6;1;2;;;1;5;1;;;1;1
8;1;12;7;7024;;1;1;PM-820;1,962;6;10;2;;;1;1;1;;;1;1
9;7;7;7;7024;;1;1;PM-820;10,5;6;2;2;;;1;1;1;;;1;1
9;7;2;7;7024;4;1;1;PM-820;6;6;4;2;;;1;6;1;;;1;1
8;6;0;7;7024;4;1;1;PM-820;1;6;4;2;;;1;6;1;;;1;1
9;1;13;7;7024;0;1;1;PMV-820.2;5,101;6;10;2;;;1;1;1;;;1;1
5;4;13;7;7024;4;1;1;PMV-820.2;1,1;6;15;1;2;;1;1;1;;;1;1
6;2;11;7;0;0;1;1;Ma-2120;0,5;6;3;2;;;1;1;1;;;4;3
1;3;20;7;7054;3;1;1;EI-200;4;6;7;2;;;1;4;1;;;1;1
1;1;19;7;7026;;3;2;No inventariada;;9;7;2;;;1;4;1;;;9;998
1;2;12;7;7026;;3;2;No inventariada;;9;2;1;1;;1;1;1;;;1;998
1;6;13;7;7026;;3;2;No inventariada;;9;2;2;;;1;1;1;;;1;998
1;1;9;7;7026;;3;2;No inventariada;;9;2;1;4;;1;1;1;;;1;998
1;4;7;7;7026;;3;2;No inventariada;;9;2;1;4;;1;4;1;;;1;998
1;7;12;7;7026;;3;2;No inventariada;;9;2;1;3;;1;1;1;;;9;998
2;5;11;7;7026;;3;2;No inventariada;;9;4;2;;;1;1;1;;;1;998
2;4;14;7;7026;;3;2;No inventariada;;9;10;2;;;1;1;2;;;1;998
2;1;16;7;7026;;3;2;No inventariada;;9;2;2;;;1;1;1;;;1;998
2;1;12;7;7026;;3;2;No inventariada;;9;4;2;;;1;1;1;;;1;998
2;6;7;7;7026;;3;2;No inventariada;;9;16;2;;;3;1;3;;;1;998
3;1;19;7;7026;;3;2;No inventariada;;9;2;2;;;1;4;1;;;1;998
2;2;19;7;7026;;3;2;No inventariada;;9;4;2;;;1;4;1;;;1;998
3;6;12;7;7026;;3;2;No inventariada;;9;1;2;;;1;1;1;1;;1;998
3;7;18;7;7026;3;1;1;EI-800;2,199;5;5;1;10;EI-700;1;3;1;;;1;1
3;5;18;7;7026;;3;2;No inventariada;;9;12;2;;;1;1;1;;;1;998
3;4;20;7;7026;;3;2;No inventariada;;9;2;2;;;1;4;1;;;1;998
3;7;9;7;7026;;3;2;No inventariada;;9;4;2;;;1;1;1;;;1;998
4;1;23;7;7026;;3;2;No inventariada;;9;2;2;;;1;4;1;;;12;998
3;7;1;7;7026;;3;2;No inventariada;;9;2;2;;;1;4;1;;;1;998
4;1;14;7;7026;;1;1;EI-20;2,887;5;2;1;10;EI-600;1;1;2;;;1;1
4;2;11;7;7026;;3;2;No inventariada;;9;4;2;;;1;1;1;;;1;998
4;4;19;7;7026;;3;2;No inventariada;;9;10;2;;;1;1;1;;;1;998
4;4;22;7;7026;;3;2;No inventariada;;9;16;2;;;1;4;1;;;1;998
4;5;11;7;7026;;3;2;No inventariada;;9;7;2;;;1;1;1;;;1;998
4;3;8;7;7026;;3;2;No inventariada;;9;7;2;;;1;1;1;;;1;998
3;6;0;7;7026;;3;2;No inventariada;;9;2;2;;;1;4;1;;;1;998
4;6;12;7;7026;3;1;1;EI-20;3,5;5;12;2;;;1;1;2;;;1;1
4;1;7;7;7054;3;1;1;EI-100;11,065;6;7;2;;;1;1;1;;;4;1
5;4;14;7;7026;3;1;1;EI-20;1,8;5;3;1;4;EI-20;1;1;1;;;4;1
5;4;19;7;7026;;1;1;CV-CALA CO;2,7;10;10;2;;;1;1;1;;;1;1
5;4;13;7;7026;;3;2;No inventariada;;9;4;2;;;1;1;1;;;1;998
5;1;0;7;7026;;3;2;No inventariada;;9;3;1;1;;1;4;1;;;1;998
5;6;19;7;7026;;3;2;No inventariada;;9;4;2;;;1;1;1;;;1;998
2;2;14;7;7026;;3;2;No inventariada;;9;2;2;;;1;1;1;;;1;998
5;3;19;7;7026;;3;2;No inventariada;;9;4;2;;;1;1;1;;;1;998
5;4;10;7;7026;;3;2;No inventariada;;9;10;2;;;1;1;1;;;1;998
5;2;18;7;7026;;3;2;No inventariada;;9;4;2;;;1;1;1;;;1;998
5;3;13;7;7026;;3;2;No inventariada;;7;2;1;2;;1;1;1;;;1;998
6;1;7;7;7026;0;1;1;EI-20;3,4;5;5;2;;;1;1;1;;;1;2
6;7;19;7;7026;;3;2;No inventariada;;9;4;1;4;;1;1;1;;;1;998
6;3;12;7;7026;;3;2;No inventariada;;9;2;1;1;;1;1;1;;;1;998
2;1;17;7;7026;;3;2;No inventariada;;9;8;2;;;1;1;1;;;1;998
6;4;10;7;7026;;3;2;No inventariada;;9;2;2;;;1;1;1;;;1;998
6;5;10;7;7026;;3;2;No inventariada;;9;2;2;;;1;1;1;;;1;998
6;7;12;7;7048;3;1;1;EI-701;3,802;6;16;2;;;1;1;1;;;12;1
7;1;15;7;7054;3;1;1;EI-300;3,1;5;3;1;4;;1;1;1;;;1;1
7;1;12;7;7026;;3;2;No inventariada;;9;2;1;1;;1;1;1;;;999;998
7;1;11;7;7026;0;1;1;EI-20;2;5;4;2;;;1;6;1;;;1;1
7;2;11;7;7026;;3;2;No inventariada;;9;4;2;;;1;1;1;;;1;998
7;3;12;7;7026;;3;2;No inventariada;;9;10;2;;;1;1;1;;;1;998
7;4;11;7;7026;;3;2;No inventariada;;9;4;2;;;1;1;1;;;1;998
7;5;11;7;7026;;3;2;No inventariada;;9;2;1;2;;1;1;1;;;1;998
7;6;18;7;7026;;3;2;No inventariada;;9;10;2;;;1;1;1;;;1;998
7;4;14;7;7026;;3;2;No inventariada;;9;2;2;;;1;1;1;;;1;998
6;3;19;7;7026;;3;2;No inventariada;;9;2;2;;;1;1;1;;;1;998
7;6;14;7;7048;3;1;1;EI-700;3,05;6;2;2;;;1;1;1;;;1;1
7;7;19;7;7026;;3;2;No inventariada;;9;10;2;;;1;2;1;;;1;998
7;4;20;7;7026;;3;2;No inventariada;;9;2;2;;;1;1;1;;;1;998
7;3;16;7;7026;;3;2;No inventariada;;9;6;2;;;1;1;1;;;1;998
7;3;17;7;7026;;3;2;No inventariada;;9;2;2;;;1;1;1;;;1;998
7;6;15;7;7026;;3;2;No inventariada;;9;2;2;;;1;1;1;;;1;998
7;4;16;7;7026;;3;2;No inventariada;;9;7;2;;;1;1;1;;;1;998
7;7;15;7;7026;;3;2;No inventariada;;9;4;2;;;1;1;1;;;1;998
7;7;17;7;7026;;3;2;No inventariada;;9;10;2;;;1;1;1;;;1;998
7;7;12;7;7026;;3;2;No inventariada;;9;7;2;;;1;1;1;;;9;998
7;5;17;7;7026;;3;2;No inventariada;;9;5;1;11;;1;1;1;;;1;998
7;1;21;7;7026;;3;2;No inventariada;;9;10;2;;;1;1;1;;;1;998
6;7;12;7;7026;;3;2;No inventariada;;9;4;1;4;;1;1;1;;;1;998
7;3;13;7;7026;;3;2;No inventariada;;9;5;2;;;1;1;1;;;1;998
7;4;18;7;7026;;3;2;No inventariada;;9;7;2;;;1;1;1;;;1;998
7;2;0;7;7026;;3;2;No inventariada;;9;10;2;;;1;4;1;;;1;998
5;4;14;7;7026;;3;2;No inventariada;;9;2;2;;;1;1;1;;;1;998
8;4;22;7;7026;;3;2;No inventariada;;9;5;2;;;1;4;1;;;1;998
7;2;6;7;7026;;3;2;No inventariada;;9;10;2;;;1;3;1;;;1;998
8;4;10;7;7026;;3;2;No inventariada;;9;3;2;;;1;1;1;;;1;998
8;2;2;7;7048;3;1;1;EI-800;2,9;5;4;2;;;1;4;1;;;1;1
8;1;16;7;7046;3;1;1;EI-600;5,9;5;2;1;4;EI-600;1;1;1;;;1;2
8;3;23;7;7048;3;1;1;EI-800;5,95;6;16;2;;;1;6;1;;;1;1
8;4;3;7;7026;;3;2;No inventariada;;9;6;2;;;3;4;2;;;3;998
8;5;12;7;7026;;3;2;No inventariada;;9;20;2;;;1;1;1;;;1;998
8;1;21;7;7026;;3;2;No inventariada;;9;10;2;;;1;1;1;;;1;998
8;1;15;7;7026;;3;2;No inventariada;;9;10;2;;;1;1;1;;;1;998
8;3;22;7;7026;;3;2;No inventariada;;9;4;2;;;1;4;1;;;1;998
8;4;20;7;7026;;1;1;EI-20;1,195;5;10;2;;;1;1;1;;;1;1
8;3;14;7;7026;;3;2;No inventariada;;9;2;1;2;;1;1;1;;;1;998
8;4;17;7;7026;;3;2;No inventariada;;9;3;1;2;;1;1;1;;;1;998
9;1;1;7;7026;;3;2;No inventariada;;9;1;1;1;;1;4;2;;;1;998
9;1;3;7;7026;;3;2;No inventariada;;9;2;1;1;;1;4;1;;;1;998
9;5;19;7;7054;3;1;1;EI-300;7,9;6;4;1;4;EI-200;1;2;1;;;1;1
9;6;0;7;7026;0;1;1;EI-600;1,4;5;4;1;4;EI-20;1;6;1;;;1;1
6;7;14;7;7026;;3;2;No inventariada;;9;16;1;2;;1;1;1;;;1;998
9;3;18;7;7026;;3;2;No inventariada;;9;2;1;4;;1;1;1;;;1;998
9;2;19;7;7026;;3;2;No inventariada;;9;2;2;;;1;1;1;;;1;998
9;7;9;7;7026;3;1;1;EI-20;0,8;5;16;1;4;;1;1;1;;;1;1
9;4;5;7;7026;;3;2;No inventariada;;9;6;2;;;1;4;1;;;1;998
10;2;8;7;7026;;3;2;No inventariada;;9;7;2;;;1;1;1;;;6;998
10;7;3;7;7026;0;1;1;EI-600;1,45;5;6;1;4;;1;4;1;;;1;2
10;1;10;7;7026;;1;1;EI-600;1,8;5;2;1;4;EI-20;1;1;1;;;1;2
10;1;11;7;7026;;3;2;No inventariada;;9;2;2;;;1;1;1;;;1;998
10;5;15;7;7026;0;1;1;EI-20;0,5;5;5;2;;;1;4;1;;;1;1
10;1;10;7;7026;;3;2;No inventariada;;9;7;1;2;;1;1;1;;;1;998
10;5;12;7;7026;;3;2;No inventariada;;9;4;2;;;1;1;1;;;1;998
11;1;8;7;7026;;3;2;No inventariada;;9;4;2;;;1;1;1;;;1;998
11;2;14;7;7026;;3;2;No inventariada;;9;3;1;1;;1;1;1;;;1;998
11;5;19;7;7026;;3;2;No inventariada;;9;2;2;;;9;4;1;;;1;998
10;3;23;7;7026;;3;2;No inventariada;;9;7;2;;;1;4;1;;;1;998
9;1;13;7;7026;;3;2;No inventariada;;9;7;1;2;;1;1;1;;;1;998
9;2;10;7;7026;;3;2;No inventariada;;9;3;2;;;1;1;1;;;1;998
11;1;17;7;7026;;1;1;EI-20;0,5;5;4;1;2;;1;1;1;;;1;1
11;2;10;7;7048;3;1;1;EI-900;0,2;6;2;1;4;EI-900;1;1;1;;;1;2
11;2;12;7;7026;;3;2;No inventariada;;9;4;1;2;;1;1;1;;;1;998
11;2;13;7;7026;;3;2;No inventariada;;9;19;1;12;;1;1;1;;;1;998
11;5;13;7;7026;;3;2;No inventariada;;9;7;2;;;1;1;1;;;1;998
11;3;12;7;7026;;3;2;No inventariada;;9;4;1;2;;1;1;1;;;1;998
12;2;13;7;7026;;3;2;No inventariada;;9;20;2;;;1;1;1;;;1;998
12;5;13;7;7026;;3;2;No inventariada;;9;4;2;;;1;1;1;;;1;998
1;7;15;7;7027;1;3;2;No inventariada;;9;4;1;2;;1;1;1;;;18;998
1;4;11;7;7027;1;3;2;No inventariada;;9;7;1;1;;3;1;3;;;18;998
1;2;13;7;7027;1;3;2;No inventariada;;9;2;1;1;;1;1;1;;;18;998
1;4;17;7;7027;1;3;2;No inventariada;;9;2;1;2;;1;1;1;;;18;998
3;5;12;7;7027;;1;1;Ma-3240;5,501;6;4;1;2;;1;1;1;;;1;1
3;2;17;7;7027;;1;1;Ma-13A;26;6;4;2;;;1;1;1;;;1;1
1;1;9;7;7027;1;3;2;No inventariada;;9;7;2;;;1;1;1;;;7;998
2;4;18;7;7027;1;3;2;No inventariada;;9;2;1;1;;1;4;1;;;18;998
2;7;21;7;7027;1;3;2;No inventariada;;9;2;1;1;;1;4;1;;;18;998
2;3;10;7;7027;1;3;2;No inventariada;;9;3;1;1;;1;1;1;;;6;998
2;5;14;7;7027;1;3;2;No inventariada;;9;7;1;1;;1;1;1;;;9;998
2;4;17;7;7027;1;3;2;No inventariada;;9;2;1;1;;1;1;1;;;1;998
2;6;14;7;7027;1;3;2;No inventariada;;9;2;1;1;;1;1;1;;;1;998
2;1;16;7;7027;1;3;2;No inventariada;;9;3;1;1;;1;1;1;;;6;998
3;6;6;7;7027;;1;1;Ma-13;30,093;2;19;2;;;1;3;1;;;1;1
3;1;7;7;7027;1;3;2;No inventariada;;9;5;2;;;1;3;1;;;18;998
3;6;8;7;7027;1;3;2;No inventariada;;9;3;1;2;;1;1;1;;;18;998
3;5;21;7;7027;1;1;1;Ma-3440;2,9;6;15;2;;;1;6;1;;;1;2
3;6;17;7;7027;1;3;2;No inventariada;;9;2;1;1;;1;1;1;;;18;998
5;5;13;7;7027;;1;1;Ma-13;25;2;3;1;4;Ma-13A;1;1;1;;;1;2
5;4;19;7;7027;;1;1;Ma-3440;3,892;6;2;1;4;Ma-3500;1;1;1;;;1;2
5;6;13;7;7027;1;3;2;No inventariada;;9;7;2;;;1;1;1;;;18;998
4;3;16;7;7027;1;3;2;No inventariada;;9;2;1;1;;1;1;2;;;18;998
5;6;8;7;7027;1;3;2;No inventariada;;9;4;1;1;;1;1;7;;;18;998
4;6;11;7;7027;1;3;2;No inventariada;;9;2;1;2;;1;1;1;;;1;998
4;7;1;7;7027;1;3;2;No inventariada;;9;20;2;;;1;6;7;;;18;998
4;6;8;7;7027;1;3;2;No inventariada;;9;20;2;;;1;1;1;;;18;998
4;7;22;7;7027;1;3;2;No inventariada;;9;2;1;1;;1;4;7;;;1;998
4;3;11;7;7027;1;3;2;No inventariada;;9;7;2;;;1;1;7;;;1;998
5;6;17;7;7027;;1;1;Ma-3240;2,3;6;16;2;;;1;1;1;;;1;1
5;1;18;7;7027;1;1;1;No inventariada;3;10;1;2;;;1;1;1;;;4;3
5;3;11;7;7027;1;3;2;No inventariada;;9;7;1;1;;1;1;1;;;17;998
6;6;19;7;7027;;1;1;Ma-13;26,8;2;4;1;7;Ma-3240;1;1;1;;;4;1
5;6;15;7;7027;1;3;2;No inventariada;;9;3;1;1;;1;1;1;;;1;998
6;3;14;7;7027;0;1;1;Ma-13A;27,211;6;4;2;;;1;1;1;;;1;1
6;6;5;7;7027;1;1;1;Ma-13;23,535;2;3;2;;;1;6;1;;;1;1
6;1;12;7;7027;1;3;2;No inventariada;;9;3;1;1;;1;1;1;;;18;998
6;5;21;7;7027;1;3;2;No inventariada;;9;2;1;4;;1;1;1;;;1;998
6;5;22;7;7027;1;3;2;No inventariada;;9;10;1;2;;1;4;1;;;1;998
6;1;16;7;7027;1;3;2;No inventariada;;9;7;1;4;;1;1;1;;;18;998
6;7;8;7;7027;1;3;2;No inventariada;;9;18;1;4;;1;1;1;;;1;998
6;5;18;7;7027;1;3;2;No inventariada;;9;7;2;;;1;1;1;;;18;998
7;3;5;7;0;1;1;1;Ma-13;32,5;2;15;2;;;1;6;1;;;1;1
6;3;16;7;7027;1;3;2;No inventariada;;9;7;2;;;3;1;1;;;1;998
7;6;20;7;7027;1;3;2;No inventariada;;9;2;2;;;1;1;1;;;1;998
7;1;10;7;7027;1;3;2;No inventariada;;9;7;2;;;1;1;1;;;1;998
7;2;18;7;7027;;1;1;Ma-3240;0,6;6;3;2;;;1;1;1;;;1;1
7;2;19;7;7027;0;2;2;CAMI VELL;1,3;10;2;1;2;;1;1;1;;;1;3
7;3;7;7;7027;;1;1;Ma-3240;5,5;6;4;1;2;;1;6;1;;;1;1
7;4;14;7;7027;1;3;2;No inventariada;;9;7;2;;;1;1;1;;;1;998
7;4;17;7;7027;;1;1;CAMI POTOT;0,2;10;2;1;2;;1;1;1;;;4;1
8;1;20;7;7027;;1;1;Ma-13;25;2;12;2;;;1;1;1;;;1;2
8;1;14;7;7027;0;1;1;Ma-13A;32,3;6;10;2;;;2;1;2;;;1;1
8;5;12;7;7027;1;3;2;No inventariada;;9;2;1;1;;1;1;1;;;18;998
6;1;15;7;7027;1;3;2;No inventariada;;9;2;1;2;;1;1;1;;;1;998
6;7;17;7;7027;1;3;2;No inventariada;;9;7;2;;;9;1;7;;;18;998
8;6;17;7;7027;1;3;2;No inventariada;;14;2;2;;;1;1;1;;;18;998
7;4;18;7;7027;1;3;2;No inventariada;;9;20;1;1;;1;1;1;;;1;998
8;5;6;7;7027;;1;1;Ma-13;23,45;2;16;2;;;1;2;1;;;1;1
9;1;6;7;7027;;1;1;Ma-13A;25,599;6;16;2;;;1;6;1;;;1;1
9;1;10;7;7027;1;3;2;No inventariada;;9;4;1;4;;1;1;7;;;1;998
8;1;14;7;7027;1;3;2;No inventariada;;9;7;1;1;;1;1;7;;;9;998
8;7;3;7;7027;1;3;2;No inventariada;;9;4;1;1;;1;4;1;;;18;998
8;6;14;7;7027;1;3;2;No inventariada;;9;2;1;1;;1;1;1;;;18;998
8;1;12;7;7027;1;3;2;No inventariada;;9;2;1;1;;1;1;1;;;18;998
9;2;22;7;7027;1;1;1;Ma-3240;5,504;6;4;2;;;1;6;1;;;1;1
9;4;20;7;7027;1;1;1;No inventariada;0,1;10;4;2;;;1;6;1;;;1;1
9;6;11;7;7027;;1;1;Ma-3240;0,674;6;4;1;4;Ma-13;1;1;1;;;1;1
9;5;8;7;7027;1;3;2;No inventariada;;9;3;1;1;;1;1;3;;;18;998
10;2;14;7;7027;1;3;2;No inventariada;;9;7;1;2;;1;1;1;;;6;998
10;4;15;7;7027;;1;1;Ma-3240;0,86;6;19;2;;;1;1;1;;;1;1
10;5;22;7;7027;;1;1;Ma-13;25,631;2;4;2;;;1;6;1;;;1;1
10;1;13;7;7027;1;3;2;No inventariada;;9;2;1;1;;1;1;1;;;1;998
10;6;16;7;7027;1;3;2;No inventariada;;14;7;1;1;;1;1;1;;;6;998
10;7;13;7;7027;1;3;2;No inventariada;;9;2;1;1;;1;1;1;;;1;998
10;4;11;7;7027;1;3;2;No inventariada;;9;10;1;4;;7;1;1;;;18;998
9;6;17;7;7027;1;3;2;No inventariada;;9;4;1;1;;1;1;1;;;1;998
9;5;20;7;7027;1;3;2;No inventariada;;9;7;1;2;;1;5;1;;;7;998
10;7;13;7;7027;;1;1;Ma-13A;26;6;4;2;;;1;1;1;;;1;1
10;4;10;7;7027;1;3;2;No inventariada;;9;2;1;1;;1;1;1;;;1;998
10;6;12;7;7027;1;3;2;No inventariada;;9;5;2;;;1;1;1;;;1;998
10;4;15;7;7027;1;3;2;No inventariada;;9;4;1;1;;1;1;1;;;1;998
10;3;19;7;7027;1;3;2;No inventariada;;9;10;2;;;1;2;1;;;1;998
11;7;4;7;7027;0;1;1;Ma-13;26,63;2;4;2;;;3;4;3;;;1;1
11;5;15;7;7027;1;3;2;No inventariada;;9;2;1;2;;1;1;1;;;1;998
11;6;12;7;7027;1;3;2;No inventariada;;9;4;1;2;;1;1;1;;;1;998
10;1;18;7;7027;1;3;2;No inventariada;;9;7;1;2;;1;1;1;;;1;998