MES;DIA_SEMANA;HORA;COD_PROVINCIA;COD_MUNICIPIO;ISLA;ZONA;ZONA_AGRUPADA;CARRETERA;KM;TIPO_VIA;TIPO_ACCIDENTE;NUDO;NUDO_INFO;CARRETERA_CRUCE;CONDICION_FIRME;CONDICION_ILUMINACION;CONDICION_METEO;CONDICION_NIEBLA;CONDICION_VIENTO;VISIB_RESTRINGIDA_POR;TRAZADO_PLANTA
11;1;19;7;7027;1;1;1;Ma-13;30;2;3;1;4;Ma-13A;1;4;1;;;1;3
11;5;9;7;7027;;1;1;Ma-13;24,088;2;18;2;;;1;1;2;;;1;1
11;4;17;7;7027;;1;1;Ma-3440;1,95;6;4;2;;;1;2;1;;;1;1
11;6;9;7;7027;;1;1;Ma-13A;25,9;6;2;1;2;;3;1;1;;;1;1
10;2;7;7;7027;1;3;2;No inventariada;;9;2;1;1;;1;1;1;;;1;998
11;2;8;7;7027;1;3;2;No inventariada;;9;7;1;1;;1;1;1;;;1;998
11;6;22;7;7027;1;1;1;Ma-3240;5,8;6;16;1;2;;1;6;1;;;1;1
12;7;16;7;7027;1;3;2;No inventariada;;9;2;1;1;;1;1;1;;;1;998
7;2;23;7;0;0;1;1;Ma-3130;11,621;6;16;2;;;1;6;1;;;17;2
10;7;9;7;0;1;3;2;No inventariada;;14;10;2;;;1;1;1;;;1;998
10;2;0;7;0;1;1;1;Ma-3011;20,65;6;1;2;;;1;6;1;;;1;1
2;2;11;7;7029;;1;1;Ma-2110;6,212;6;1;2;;;1;1;1;;;1;1
4;3;18;7;0;1;1;1;Ma-13;16,988;2;4;2;;;1;1;1;;;1;1
5;3;18;7;7008;1;1;1;Ma-13;21,642;2;4;2;;;1;1;1;;;1;1
7;5;19;7;7008;1;1;1;Ma-13A;23,907;6;2;1;2;;1;1;1;;;1;1
4;7;12;7;0;0;2;2;Camí de ti;0,1;10;2;2;;;1;1;1;;;4;1
5;2;11;7;0;1;3;2;No inventariada;;9;7;2;;;1;1;1;;;1;998
7;4;20;7;0;1;2;2;MA-3440a;8,3;6;4;2;;;1;2;1;;;1;1
8;1;16;7;0;;1;1;Ma-3500;5,65;6;2;1;2;Ma-3441;1;1;1;;;1;1
1;3;12;7;7031;1;1;1;Ma-19A;21,6;6;2;1;2;;1;1;1;;;1;1
2;4;10;7;7031;;1;1;Ma-19A;20,593;6;3;1;1;;1;1;1;;;1;1
1;5;11;7;7031;1;3;2;No inventariada;;9;1;1;1;;3;1;1;;;1;998
1;2;10;7;7031;1;3;2;No inventariada;;9;10;2;;;3;1;1;;;1;998
1;5;19;7;7031;1;3;2;No inventariada;;9;7;1;2;;3;4;3;;;1;998
1;3;8;7;7031;1;3;2;No inventariada;;9;2;1;6;;1;1;1;;;1;998
1;4;12;7;7031;1;3;2;No inventariada;;9;10;2;;;3;1;1;;;1;998
2;3;7;7;7031;;1;1;Ma-19;21,425;2;4;2;;;1;2;1;;;1;1
2;1;9;7;7031;1;3;2;No inventariada;;9;7;2;;;1;1;1;;;1;998
2;2;15;7;7031;1;3;2;No inventariada;;9;1;2;;;1;1;1;;;1;998
3;1;11;7;7031;1;1;1;Ma-6014;4,2;6;2;1;2;;1;1;1;;;1;1
3;2;7;7;7031;;1;1;Ma-19A;17,328;6;2;1;2;;1;1;1;;;1;1
3;7;16;7;7031;;1;1;Ma-19A;19,529;6;15;2;;;1;1;2;;;1;1
3;1;9;7;7031;;1;1;Ma-19;26,31;2;4;2;;;1;1;1;;;1;2
2;7;13;7;7031;1;3;2;No inventariada;;9;2;1;2;;1;1;2;;;17;998
2;3;15;7;7031;1;3;2;No inventariada;;9;12;2;;;3;1;3;;;1;998
3;5;16;7;7031;;1;1;Ma-6014;0,5;6;4;2;;;1;1;1;;;1;1
3;5;14;7;7031;;1;1;Ma-19;30,8;5;4;2;;;1;6;1;;;1;1
3;5;20;7;7031;0;1;1;Ma-19;30,8;5;4;2;;;1;6;1;;;1;1
3;5;13;7;7031;1;3;2;No inventariada;;9;7;2;;;1;1;1;;;18;998
4;6;17;7;7031;1;1;1;Ma-6014;1,056;6;2;1;4;Ma-6015;1;1;1;;;1;1
3;1;18;7;7031;1;3;2;No inventariada;;9;10;1;4;;1;1;1;;;1;998
4;1;6;7;7031;;1;1;Ma-6014;6,882;6;4;1;10;Ma-6014;1;4;2;;;1;1
3;3;17;7;7031;1;3;2;No inventariada;;14;19;2;;;1;1;1;;;1;998
4;6;12;7;7031;1;3;2;No inventariada;;14;10;2;;;1;1;1;;;1;998
4;1;10;7;7031;1;1;1;Ma-6014;9,651;6;2;1;2;;1;1;1;;;1;1
4;6;17;7;7031;1;3;2;No inventariada;;14;2;1;1;;1;1;1;;;1;998
4;1;10;7;7031;1;3;2;No inventariada;;14;2;1;1;;1;1;1;;;1;998
4;6;17;7;7031;1;3;2;No inventariada;;9;16;2;;;1;1;1;;;1;998
4;7;16;7;7031;1;3;2;No inventariada;;9;3;2;;;1;1;1;;;1;998
4;1;19;7;7031;1;3;2;No inventariada;;9;1;2;;;1;1;1;;;1;998
4;2;17;7;7031;1;3;2;No inventariada;;14;10;2;;;2;1;1;;;1;998
3;6;20;7;7031;1;3;2;No inventariada;;9;4;2;;;3;4;3;;;1;998
3;6;9;7;7031;1;3;2;No inventariada;;9;16;2;;;1;1;1;;;1;998
1;1;16;7;7031;1;3;2;No inventariada;;9;12;2;;;1;1;1;;;1;998
4;5;12;7;7031;1;3;2;No inventariada;;9;19;2;;;1;1;1;;;1;998
4;5;17;7;7031;1;3;2;No inventariada;;9;4;2;;;1;1;1;;;2;998
4;3;11;7;7031;1;3;2;No inventariada;;9;10;2;;;1;1;1;;;1;998
4;3;22;7;7031;1;3;2;No inventariada;;9;4;2;;;1;3;1;;;1;998
4;4;19;7;7031;1;3;2;No inventariada;;9;6;1;2;;3;3;1;;;1;998
4;5;15;7;7031;1;3;2;No inventariada;;9;1;1;1;;1;1;1;;;1;998
4;1;16;7;7031;1;3;2;No inventariada;;9;2;2;;;3;1;1;;;1;998
5;4;8;7;7031;;1;1;Ma-19;22,144;8;4;2;;;1;1;1;;;1;1
5;6;11;7;7031;;1;1;Ma-6015;11;6;2;1;2;Ma-6014;1;1;1;;;1;1
5;6;13;7;7031;;1;1;Ma-6014;6,491;6;2;1;2;;1;1;1;;;12;1
5;1;16;7;7031;;1;1;Ma-19A;16,862;6;16;2;;;1;1;1;;;1;1
5;7;16;7;7031;1;3;2;No inventariada;;9;1;2;;;1;1;1;;;1;998
4;7;19;7;7031;1;3;2;No inventariada;;9;20;2;;;1;1;1;;;1;998
5;4;8;7;7031;1;3;2;No inventariada;;9;2;2;;;1;1;1;;;1;998
5;2;10;7;7031;1;3;2;No inventariada;;14;20;2;;;1;1;1;;;1;998
5;5;8;7;7031;1;3;2;No inventariada;;9;2;1;2;;1;1;1;;;1;998
6;5;23;7;7031;1;3;2;No inventariada;;9;7;2;;;1;4;1;;;3;998
6;6;15;7;7031;;1;1;Ma-19A;16,3;6;19;2;;;1;1;1;;;1;1
6;3;11;7;7031;1;3;2;No inventariada;;9;10;2;;;1;1;1;;;1;998
6;6;14;7;7031;1;1;1;Ma-19A;17,5;6;3;2;;;1;1;1;;;1;1
6;2;15;7;7031;1;3;2;No inventariada;;9;10;2;;;3;1;3;;;1;998
6;3;18;7;7031;1;3;2;No inventariada;;9;4;2;;;1;1;1;;;1;998
6;7;20;7;7031;1;3;2;No inventariada;;9;2;2;;;1;1;1;;;1;998
6;2;3;7;7031;1;3;2;No inventariada;;9;10;2;;;1;4;1;;;1;998
6;3;8;7;7031;1;3;2;No inventariada;;9;10;2;;;1;1;1;;;1;998
6;4;19;7;7031;1;3;2;No inventariada;;9;10;1;4;;1;1;1;;;1;998
7;1;17;7;7031;1;1;1;Ma-6014;33,7;6;1;2;;;1;1;1;;;1;2
7;7;15;7;7031;;1;1;Ma-6014;14,928;6;18;2;;;1;1;1;;;1;1
6;7;15;7;7031;1;3;2;No inventariada;;9;2;1;1;;1;1;1;;;1;998
7;6;9;7;7031;;1;1;Ma-19;29,2;7;10;2;;;2;1;1;;;1;1
7;2;7;7;7031;1;3;2;No inventariada;;9;12;2;;;1;1;1;;;1;998
7;4;14;7;7031;1;3;2;No inventariada;;9;2;1;1;;1;1;1;;;1;998
7;4;15;7;7031;1;3;2;No inventariada;;9;7;2;;;1;1;1;;;1;998
7;2;13;7;7031;1;3;2;No inventariada;;9;2;1;1;;1;1;1;;;1;998
7;5;7;7;7031;1;3;2;No inventariada;;9;4;2;;;1;1;1;;;1;998
7;7;14;7;7031;1;3;2;No inventariada;;9;1;1;2;;1;1;1;;;1;998
7;2;18;7;7031;1;3;2;No inventariada;;9;4;2;;;1;1;1;;;1;998
7;4;11;7;7031;1;3;2;No inventariada;;9;4;1;4;;1;1;1;;;1;998
7;4;16;7;7031;1;3;2;No inventariada;;9;2;1;2;;1;1;1;;;1;998
7;1;15;7;7031;1;3;2;No inventariada;;13;15;2;;;1;1;1;;;1;998
7;5;12;7;7031;1;3;2;No inventariada;;9;7;1;1;;1;1;1;;;18;998
7;7;10;7;7031;1;3;2;No inventariada;;9;16;1;1;;1;1;1;;;1;998
8;1;17;7;7031;;1;1;Ma-6014;15,53;6;16;2;;;1;1;1;;;1;2
8;2;10;7;7031;;1;1;Ma-19;29,303;5;4;2;;;1;1;1;;;1;1
7;7;13;7;7031;1;3;2;No inventariada;;9;2;1;1;;1;1;1;;;1;998
7;6;17;7;7031;1;3;2;No inventariada;;9;2;1;4;;1;1;1;;;1;998
7;6;15;7;7031;1;3;2;No inventariada;;9;1;2;;;1;1;1;;;1;998
8;5;12;7;7031;1;1;1;Ma-6014;9,65;6;2;1;2;;1;1;1;;;1;1
7;7;9;7;7031;1;3;2;No inventariada;;14;10;2;;;1;1;1;;;1;998
7;6;14;7;7031;1;3;2;No inventariada;;9;10;1;2;;1;1;1;;;1;998
7;4;17;7;7031;1;3;2;No inventariada;;9;4;1;2;;1;1;1;;;1;998
7;2;1;7;7031;1;3;2;No inventariada;;9;4;1;2;;1;4;1;;;1;998
8;4;16;7;7031;1;3;2;No inventariada;;14;10;2;;;1;1;1;;;1;998
8;6;4;7;7031;1;3;2;No inventariada;;9;10;2;;;1;4;1;;;1;998
8;5;15;7;7031;1;3;2;No inventariada;;9;2;2;;;1;1;1;;;1;998
8;3;10;7;7031;1;3;2;No inventariada;;14;2;1;2;;1;1;1;;;4;998
8;1;21;7;7031;1;3;2;No inventariada;;11;10;2;;;8;1;1;;;1;998
8;2;10;7;7031;1;3;2;No inventariada;;9;7;1;1;;1;1;1;;;1;998
9;6;12;7;7031;;1;1;Ma-6014;7,767;6;4;1;10;;1;1;2;;;1;1
8;3;18;7;7031;1;3;2;No inventariada;;9;1;2;;;1;1;1;;;3;998
9;2;19;7;7031;;1;1;Ma-19;22,5;2;15;2;;;1;1;1;;;1;1
9;3;9;7;7031;;1;1;Ma-6014;30,533;6;3;2;;;1;1;1;;;1;1
9;3;9;7;7031;1;1;1;Ma-6020a;1,95;6;12;2;;;1;1;1;;;1;3
9;6;6;7;7040;1;1;1;Ma-19;13;2;3;2;;;1;6;1;;;4;3
10;6;12;7;7031;;1;1;Ma-6014;1,042;6;2;1;4;Ma-6020b;1;1;1;;;1;4
9;2;16;7;7031;1;3;2;No inventariada;;9;2;1;1;;1;1;1;;;1;998
10;6;8;7;7031;;1;1;Ma-5010;1,8;6;4;2;;;1;1;1;;;1;1
9;3;14;7;7031;1;3;2;No inventariada;;9;12;2;;;1;1;1;;;1;998
9;2;15;7;7031;1;3;2;No inventariada;;14;1;1;2;;1;1;1;;;1;998
11;1;7;7;7031;;1;1;Ma-6020a;0,895;6;4;2;;;3;1;3;;;1;1
10;4;13;7;7031;1;3;2;No inventariada;;9;10;2;;;1;1;1;;;1;998
11;3;15;7;7031;;1;1;Ma-6015;0,39;6;3;2;;;1;1;2;;;1;3
10;7;23;7;7031;1;3;2;No inventariada;;9;2;1;1;;1;4;1;;;1;998
11;6;19;7;7031;;1;1;Ma-6020a;1,209;6;4;2;;;1;6;1;;;9;1
11;7;0;7;7031;;1;1;Ma-19;28,239;7;19;2;;;1;6;1;;;1;1
11;5;8;7;7031;;1;1;Ma-19;15,914;2;4;2;;;1;2;1;;;6;3
11;5;8;7;7031;1;1;1;Ma-19;15,7;2;4;2;;;1;1;1;;;1;1
11;5;12;7;7031;1;3;2;No inventariada;;9;7;2;;;1;1;1;;;1;998
11;6;15;7;7031;1;3;2;No inventariada;;9;2;1;1;;1;1;1;;;1;998
12;1;8;7;7031;1;3;2;No inventariada;;9;4;2;;;1;1;1;;;1;998
12;2;9;7;7031;1;3;2;No inventariada;;14;10;1;1;;3;1;1;;;1;998
12;5;1;7;7031;;1;1;Ma-6014;6,5;6;16;2;;;1;6;1;;;1;1
1;5;22;7;7032;2;3;2;No inventariada;;9;2;2;;;3;4;3;;;1;998
1;5;17;7;7032;2;3;2;No inventariada;;9;7;2;;;1;3;1;;;1;998
1;4;20;7;7032;2;3;2;No inventariada;;9;12;1;4;;1;4;1;;;1;998
2;1;14;7;7032;2;3;2;No inventariada;;9;3;2;;;1;1;1;;;3;998
1;1;13;7;7032;2;3;2;No inventariada;;9;7;2;;;1;1;1;;;1;998
2;5;11;7;7032;2;3;2;No inventariada;;9;3;1;1;;1;1;1;;;1;998
2;5;9;7;7032;2;3;2;No inventariada;;9;4;1;4;;3;1;3;;;1;998
3;7;9;7;7032;2;1;1;Me-1;3,7;6;1;2;;;1;1;1;;;1;1
3;2;13;7;7032;2;1;1;Me-1;4,1;6;2;1;5;;1;1;1;;;1;1
3;4;16;7;7032;2;1;1;Camí en Kane;1,2;6;18;2;;;1;1;1;;;1;2
3;1;7;7;7032;2;1;1;Me-1;1,5;6;4;1;4;RM;1;1;2;;;1;1
3;2;19;7;7032;2;1;1;Me-1;1,5;6;2;1;4;RM;3;4;2;;;1;1
2;1;14;7;7032;2;3;2;No inventariada;;9;2;1;4;;1;1;1;;;1;998
2;5;11;7;7032;2;3;2;No inventariada;;9;10;1;4;;1;1;1;;;1;998
2;5;16;7;7032;2;3;2;No inventariada;;9;7;2;;;1;1;1;;;1;998
4;2;17;7;7032;2;1;1;Me-7;1,9;6;2;1;2;;1;1;2;;;4;1
4;7;12;7;7032;2;3;2;No inventariada;;9;10;2;;;1;1;1;;;1;998
4;1;15;7;7032;2;3;2;No inventariada;;9;4;1;4;;1;1;1;;;1;998
4;3;8;7;7032;2;3;2;No inventariada;;9;3;2;;;1;1;1;;;1;998
3;5;23;7;7032;2;3;2;No inventariada;;9;1;2;;;1;4;1;;;1;998
5;7;15;7;7032;2;1;1;Me-14;0,6;6;19;1;4;;1;1;1;;;1;2
3;7;15;7;7032;2;3;2;No inventariada;;14;7;2;;;8;1;1;;;17;998
3;7;15;7;7032;2;3;2;No inventariada;;14;7;2;;;1;1;3;;;1;998
5;5;7;7;7032;2;3;2;No inventariada;;9;2;1;4;;1;2;1;;;1;998
5;7;9;7;7032;;1;1;Me-14;1,9;6;16;2;;;1;1;1;;;1;2
6;1;14;7;7032;2;1;1;Me-12;4,37;6;2;1;1;;1;1;1;;;1;1
4;4;17;7;7032;2;3;2;No inventariada;;11;2;2;;;1;1;1;;;1;998
5;5;15;7;7032;2;3;2;No inventariada;;7;2;1;9;;1;1;1;;;1;998
5;1;17;7;7032;2;3;2;No inventariada;;9;12;2;;;1;1;1;;;1;998
5;6;21;7;7032;2;3;2;No inventariada;;9;4;1;4;;1;4;1;;;1;998
5;5;11;7;7032;2;3;2;No inventariada;;9;6;2;;;1;1;1;;;1;998
5;6;22;7;7032;2;3;2;No inventariada;;9;10;2;;;1;4;1;;;18;998
6;2;8;7;7032;2;3;2;No inventariada;;9;10;2;;;3;1;3;;;1;998
6;4;13;7;7032;2;3;2;No inventariada;;9;4;2;;;1;1;1;;;1;998
6;4;17;7;7032;2;3;2;No inventariada;;11;10;2;;;1;1;1;;;1;998
7;7;19;7;7032;;1;1;Me-3;0,3;6;19;2;;;1;2;1;;;1;3
7;7;3;7;7002;2;1;1;Me-1;6,81;6;1;2;;;1;6;1;;;1;2
7;6;11;7;7032;0;1;1;Me-3;4,4;6;1;2;;;1;1;1;;;1;1
7;3;13;7;7032;2;3;2;No inventariada;;14;5;2;;;1;1;1;;;1;998
7;4;7;7;7032;2;3;2;No inventariada;;9;7;2;;;1;1;1;;;1;998
7;5;23;7;7032;2;1;1;OTRAS;0,1;10;1;2;;;1;4;1;;;1;3
8;5;23;7;7032;;1;1;Me-8;2,314;6;16;2;;;1;4;1;;;1;1
8;1;17;7;7032;2;1;1;Me-1;1,5;6;2;1;4;;1;1;1;;;1;1
9;4;16;7;7032;;1;1;Me-1;1,5;6;2;1;4;;1;1;1;;;1;2
9;7;8;7;7032;;1;1;Camí en Kane;1,5;6;18;2;;;3;1;3;;;12;3
9;7;1;7;7032;2;1;1;Me-3;1;6;19;2;;;1;6;2;;;1;3
10;2;13;7;7032;2;1;1;Me-1;1,05;6;2;1;4;Me-1;1;1;1;;;1;1
10;7;9;7;7032;2;1;1;Me-7;7,8;6;2;2;;;1;1;1;;;1;1
7;3;19;7;7032;2;3;2;No inventariada;;9;7;2;;;1;1;1;;;1;998
7;5;19;7;7032;2;3;2;No inventariada;;9;2;2;;;1;1;1;;;1;998
6;4;14;7;7032;2;3;2;No inventariada;;9;2;2;;;1;1;1;;;1;998
7;6;12;7;7032;2;3;2;No inventariada;;9;2;2;;;1;1;1;;;1;998
7;6;11;7;7032;2;3;2;No inventariada;;9;2;2;;;1;1;1;;;1;998
7;4;11;7;7032;2;3;2;No inventariada;;9;3;2;;;1;1;1;;;1;998
8;1;12;7;7032;2;3;2;No inventariada;;9;2;1;2;;1;1;1;;;1;998
7;1;6;7;7032;2;3;2;No inventariada;;9;2;1;2;;1;2;1;;;1;998
8;1;14;7;7032;2;3;2;No inventariada;;9;4;2;;;1;1;1;;;1;998
9;1;8;7;7032;2;3;2;No inventariada;;9;2;2;;;1;1;2;;;1;998
8;4;12;7;7032;2;3;2;No inventariada;;9;7;2;;;1;1;1;;;1;998
9;2;10;7;7032;2;3;2;No inventariada;;9;5;2;;;1;1;1;;;1;998
9;4;19;7;7032;2;3;2;No inventariada;;9;4;2;;;1;1;1;;;1;998
10;5;11;7;7032;2;3;2;No inventariada;;9;5;1;1;;1;1;1;;;1;998
10;7;16;7;7032;2;3;2;No inventariada;;9;2;2;;;1;1;1;;;1;998
10;5;8;7;7032;2;3;2;No inventariada;;9;7;2;;;1;1;1;;;1;998
10;1;14;7;7032;2;3;2;No inventariada;;9;2;2;;;1;1;1;;;1;998
11;6;19;7;7032;2;1;1;Me-14;0,5;6;15;1;4;;1;4;1;;;1;1
11;5;16;7;7032;2;3;2;No inventariada;;9;10;1;2;;1;1;1;;;14;998
1;3;13;7;7033;;1;1;Ma-4020;9,517;6;4;2;;;1;1;1;;;1;1
1;7;4;7;7033;;1;1;Ma-14;25,466;6;16;1;4;;1;4;1;;;1;1
2;6;16;7;7033;;1;1;Ma-4020;4,303;6;16;2;;;1;1;1;;;1;2
2;4;8;7;7033;;1;1;Ma-4014;1,972;6;14;2;;;1;1;1;;;1;1
2;2;0;7;7033;0;1;1;Ma-14;27,15;6;16;2;;;1;6;1;;;1;1
2;4;10;7;7033;1;1;1;Ma-4025;1,3;6;12;1;2;Ma-4025;1;1;1;;;18;1
2;7;14;7;7033;;1;1;Ma-4014;13,784;6;2;1;2;;1;1;1;;;1;1
3;6;15;7;7033;;1;1;CALAS DE M;2;10;15;2;;;3;1;3;;;1;2
3;4;22;7;7033;0;1;1;Ma-4020;2,334;6;12;2;;;1;6;1;;;1;2
1;3;9;7;7033;;3;2;No inventariada;;9;7;2;;;1;1;3;;;1;998
1;3;12;7;7033;;3;2;No inventariada;;9;4;2;;;3;1;1;;;1;998
1;5;17;7;7033;;3;2;No inventariada;;9;2;1;1;;1;1;1;;;1;998
1;5;23;7;7033;;3;2;No inventariada;;9;7;2;;;1;4;1;;;1;998
4;7;12;7;7033;1;1;1;Ma-4021;12,1;6;1;1;2;;1;1;1;;;1;3
4;1;15;7;7033;;1;1;Ma-4014;4,321;6;18;2;;;1;1;2;;;1;1
4;2;21;7;7033;;1;1;Ma-15C;50,765;6;1;2;;;3;6;2;;;1;1
5;5;22;7;7033;;1;1;CALES MCA.;0,8;10;4;2;;;1;6;1;;;1;1
5;2;8;7;7033;;1;1;Ma-4100;0,925;6;14;2;;;1;1;2;;;1;3
5;6;9;7;7033;;1;1;Ma-15C;50,7;6;2;1;2;;1;1;1;;;6;1
5;5;16;7;7033;1;1;1;Ma-3321;2,15;6;2;1;2;;1;1;1;;;2;3
5;1;9;7;7006;1;1;1;Ma-3322;15,363;6;16;2;;;1;1;1;;;18;1
5;2;6;7;7033;;1;1;Ma-4015;8,1;6;18;2;;;1;1;1;;;1;1
5;2;16;7;7033;;1;1;Ma-4015;8,5;6;5;1;2;;1;1;2;;;1;1
5;7;20;7;7033;;1;1;PRESSOS;2,4;10;16;2;;;1;2;1;;;1;1
6;1;8;7;7033;1;1;1;Ma-4020;3,388;6;1;2;;;1;1;1;;;1;1
6;2;9;7;7033;;1;1;Ma-4014;6,88;6;2;2;;;1;1;1;;;1;2
6;6;15;7;7033;;1;1;Ma-4014;7,8;6;19;2;;;1;1;1;;;1;3
6;7;6;7;7033;1;1;1;Ma-4015;7,02;6;1;2;;;1;2;1;;;1;3
6;5;6;7;7033;;1;1;Ma-4015;3,394;6;14;2;;;3;2;1;;;1;2
7;6;14;7;7033;;1;1;Ma-15;45;7;1;2;;;1;1;1;;;14;3
7;7;7;7;7033;;1;1;Ma-4020;4,387;6;1;2;;;1;1;1;;;1;1
7;1;11;7;7033;;1;1;Ma-4014;9,083;6;16;1;2;Ma-4015;1;1;1;;;9;1
8;6;2;7;7033;;1;1;Ma-4015;6,193;6;2;2;;;1;6;1;;;1;3
8;1;0;7;7033;0;1;1;Ma-4014;6,788;6;1;2;;;1;6;1;;;1;2
8;4;2;7;7033;1;1;1;Ma-4015;6,1;6;5;2;;;1;6;1;;;18;1
8;4;7;7;7033;;1;1;Ma-4014;12,296;6;18;2;;;1;1;1;;;1;1
8;6;12;7;7033;;1;1;Ma-4014;6,3;6;3;2;;;1;1;1;;;4;2
8;6;15;7;7033;;1;1;Ma-4020;10,009;6;19;2;;;1;1;1;;;1;1
9;3;21;7;7033;;1;1;Ma-4023;1,59;6;1;2;;;1;6;1;;;1;1
9;4;7;7;7033;;1;1;Ma-4014;9,1;6;1;1;2;Ma-4015;1;2;1;;;1;1
9;6;11;7;7033;1;1;1;CALA MURAD;1,25;10;10;2;;;1;1;1;;;1;2
9;7;2;7;7062;1;1;1;Ma-4040;2,2;6;1;1;12;;1;4;1;;;1;3
9;7;3;7;7033;;1;1;Ma-15;48,966;6;12;1;4;Ma-3322;3;4;3;2;;5;2
9;1;7;7;0;1;1;1;Ma-3320;0,752;6;18;2;;;1;2;1;;;1;1
10;7;13;7;7033;1;1;1;Ma-4014;13,79;6;2;1;2;;1;1;1;;;1;1
10;4;6;7;7033;;1;1;Ma-4020;6,4;6;2;2;;;1;6;1;;;1;1
10;2;17;7;7033;0;3;2;No inventariada;;9;12;2;;;1;1;1;;;1;998
10;5;4;7;0;1;1;1;Ma-15;41,726;5;1;2;;;1;6;2;2;;5;1
10;3;3;7;7033;1;1;1;Ma-4015;0,2;6;16;2;;;1;6;1;;;1;2
8;5;20;7;7033;;3;2;No inventariada;;9;7;2;;;1;1;1;;;1;998
9;3;11;7;7033;;3;2;No inventariada;;9;2;2;;;1;1;1;;;1;998
8;2;10;7;7033;;3;2;No inventariada;;9;7;2;;;1;1;1;;;1;998
11;1;16;7;7033;;1;1;Ma-4020;2,822;6;4;2;;;1;1;1;;;1;1
11;5;19;7;7033;;1;1;Ma-4014;10,845;6;2;1;2;;1;6;2;;;1;1
11;4;14;7;7033;;1;1;Ma-3322;10,3;6;2;2;;;1;1;1;;;4;2
12;1;21;7;7033;;1;1;Ma-15;47,144;6;3;1;4;Ma-15;1;6;1;;;1;4
11;5;11;7;7033;;3;2;No inventariada;;9;2;2;;;1;1;1;;;1;998
12;2;9;7;7033;;1;1;Ma-4014;9,9;6;12;2;;;3;1;3;;;1;2
12;2;19;7;7033;;1;1;Ma-4020;9,177;6;2;1;5;;1;5;1;;;1;1
12;6;6;7;7033;0;1;1;Ma-4020;10,369;6;4;2;;;1;6;1;;;1;1
12;5;18;7;7033;0;1;1;Ma-14;28,14;6;20;2;;;1;6;1;;;1;1
12;1;14;7;7033;;1;1;Ma-15;51,271;6;2;1;4;Ma-4100;3;1;2;;;1;2
12;2;23;7;7033;;1;1;Ma-3321;3,135;6;16;2;;;1;6;1;;;1;1
4;6;16;7;0;1;1;1;Ma-2112;2,5;6;2;1;1;H2222;1;1;2;;;1;1
9;2;20;7;0;1;1;1;Ma-2112;3,2;6;19;2;;;1;2;1;;;1;3
8;4;16;7;0;1;1;1;Ma-3340;6,3;6;18;2;;;1;1;1;;;1;1
9;5;13;7;0;1;1;1;Ma-3510;3,8;6;3;2;;;1;1;1;;;1;1
10;2;7;7;0;;1;1;Ma-3520;0,61;6;14;2;;;3;6;3;;;1;3
10;4;6;7;0;;1;1;Ma-3510;5,5;6;2;1;2;Ma-3510a;1;6;2;;;1;3
1;5;7;7;7036;;1;1;Ma-13;6,5;2;5;1;10;;1;6;2;;;1;2
2;7;9;7;7010;1;1;1;Ma-2030;2,13;6;1;2;;;1;1;1;;;1;3
2;3;20;7;7036;;1;1;Ma-13A;7,123;6;2;1;4;;1;4;1;;;1;2
2;4;13;7;7036;;1;1;Ma-13;8,396;2;3;2;;;1;1;1;;;1;1
1;4;14;7;7036;1;3;2;No inventariada;;9;2;2;;;3;1;3;;;1;998
1;5;15;7;7036;1;3;2;No inventariada;;9;7;1;1;;1;1;1;;;6;998
1;2;12;7;7036;1;3;2;No inventariada;;14;4;2;;;1;1;1;;;1;998
3;7;12;7;7036;1;1;1;Ma-13A;9,3;6;4;1;4;;1;1;1;;;1;1
4;5;12;7;7036;;1;1;Ma-13A;10,7;6;2;1;1;Ma-3030;1;1;1;;;1;1
4;5;5;7;7036;;1;1;Ma-30;7,7;5;14;1;12;Ma-13;1;4;1;;;1;2
2;5;11;7;7036;1;3;2;No inventariada;;9;10;1;2;;3;1;1;;;1;998
5;7;17;7;7036;;1;1;Ma-13A;6,421;6;2;2;;;1;1;1;;;1;2
5;6;21;7;7036;1;1;1;Ma-2031;3,951;6;2;2;;;1;3;1;;;1;1
2;3;14;7;7036;1;3;2;No inventariada;;14;2;1;2;;1;1;1;;;1;998
2;5;20;7;7036;1;3;2;No inventariada;;9;10;1;4;;1;4;1;;;1;998
2;1;15;7;7036;1;3;2;No inventariada;;9;2;2;;;1;1;1;;;1;998
2;1;17;7;7036;1;3;2;No inventariada;;9;7;2;;;1;1;1;;;1;998
2;2;7;7;7036;1;3;2;No inventariada;;9;2;1;1;;3;1;3;;;9;998
3;3;8;7;7036;1;3;2;No inventariada;;9;10;1;4;Ma-3010;1;1;1;;;1;998
3;3;14;7;7036;1;3;2;No inventariada;;9;2;2;;;1;1;1;;;1;998
3;1;15;7;7036;1;3;2;No inventariada;;9;2;1;1;;1;1;1;;;1;998
4;6;13;7;7036;1;3;2;No inventariada;;9;20;2;;;1;1;1;;;1;998
4;4;14;7;7036;1;3;2;No inventariada;;9;2;1;1;;3;1;3;;;1;998
4;3;7;7;7036;1;3;2;No inventariada;;9;7;1;1;;1;1;1;;;1;998
4;2;21;7;7036;1;3;2;No inventariada;;9;2;1;5;;1;4;1;;;17;998
5;2;0;7;7036;1;3;2;No inventariada;;9;10;2;;;1;5;1;;;1;998
5;1;21;7;7036;1;3;2;No inventariada;;9;2;1;1;;1;4;1;;;1;998
5;4;21;7;7036;1;1;1;Ma-13;10,2;2;4;2;;;1;6;1;;;1;1
6;5;14;7;7036;;1;1;Ma-13A;9,8;6;2;1;4;;1;1;1;;;1;1
7;5;16;7;7036;;1;1;Ma-13;4,1;8;4;2;;;1;1;1;;;1;3
7;6;1;7;7036;;1;1;Ma-13;6,299;2;4;2;;;1;6;1;;;1;1
7;7;6;7;7036;0;1;1;Ma-13;4,5;2;4;2;;;1;2;1;;;1;1
7;4;23;7;7036;;1;1;Ma-13;3;2;3;1;2;;1;4;1;;;1;1
7;3;18;7;7036;1;3;2;No inventariada;;9;7;1;2;;1;1;1;;;6;998
8;6;20;7;7036;;1;1;Ma-13A;7,13;6;4;1;4;Ma-30;1;1;1;;;1;1
8;4;7;7;7036;;1;1;Ma-13;8,043;2;9;2;;;1;1;1;;;1;2
8;5;12;7;7036;;1;1;Ma-30;6,5;5;3;1;10;;1;1;1;;;1;1
8;4;9;7;7036;;1;1;Ma-30;6,689;5;12;1;4;Ma-30;1;1;1;;;1;3
8;3;16;7;7036;;1;1;Ma-13;7,4;2;4;2;;;1;1;1;;;1;1
8;4;11;7;7036;1;1;1;Ma-13;10,5;2;5;2;;;1;1;1;;;1;1
6;3;0;7;7036;1;3;2;No inventariada;;9;6;1;1;;1;4;1;;;1;998
6;6;11;7;7036;1;3;2;No inventariada;;9;4;2;;;1;1;1;;;1;998
6;2;11;7;7036;1;3;2;No inventariada;;9;2;2;;;1;1;1;;;1;998
6;1;14;7;7036;1;3;2;No inventariada;;9;4;1;2;;1;1;1;;;1;998
6;4;16;7;7036;1;3;2;No inventariada;;9;2;2;;;2;1;1;;;1;998
7;1;9;7;7036;1;3;2;No inventariada;;9;4;1;5;;1;1;1;;;1;998
7;1;12;7;7036;1;3;2;No inventariada;;9;16;1;4;Ma-13A;1;1;1;;;1;998
7;1;8;7;7036;1;3;2;No inventariada;;9;7;2;;;1;1;1;;;6;998