MES;DIA_SEMANA;HORA;COD_PROVINCIA;COD_MUNICIPIO;ISLA;ZONA;ZONA_AGRUPADA;CARRETERA;KM;TIPO_VIA;TIPO_ACCIDENTE;NUDO;NUDO_INFO;CARRETERA_CRUCE;CONDICION_FIRME;CONDICION_ILUMINACION;CONDICION_METEO;CONDICION_NIEBLA;CONDICION_VIENTO;VISIB_RESTRINGIDA_POR;TRAZADO_PLANTA
7;3;13;7;7036;1;3;2;No inventariada;;9;2;1;5;;1;1;1;;;1;998
7;2;16;7;7036;1;1;1;Ma-13A;10,5;6;2;1;4;Ma-2040;1;1;1;;;1;1
8;4;7;7;7036;1;3;2;No inventariada;;9;10;1;2;;1;1;1;;;1;998
8;4;23;7;7036;1;3;2;No inventariada;;9;10;1;4;;2;4;1;;;1;998
8;4;8;7;7036;1;3;2;No inventariada;;9;10;2;;;8;1;1;;;1;998
8;6;10;7;7036;1;3;2;No inventariada;;9;7;1;1;;1;1;1;;;1;998
8;3;16;7;7036;1;3;2;No inventariada;;9;5;2;;;1;1;1;;;1;998
10;6;9;7;7036;;1;1;Ma-13A;10,75;6;4;1;2;Ma-3030;1;1;1;;;1;1
10;1;20;7;7036;0;1;1;Ma-13;9;2;18;2;;;1;6;1;;;1;1
10;4;12;7;7036;;1;1;Ma-2031;6,265;6;3;2;;;1;1;1;;;1;1
11;1;14;7;7036;1;1;1;Ma-2040;0,822;6;2;2;;;1;1;1;;;1;1
8;4;13;7;7036;1;3;2;No inventariada;;9;4;2;;;1;1;1;;;1;998
8;1;15;7;7036;1;3;2;No inventariada;;9;12;1;2;;1;1;1;;;1;998
9;3;14;7;7036;1;3;2;No inventariada;;9;2;1;1;;1;1;1;;;1;998
9;5;7;7;7036;1;3;2;No inventariada;;9;2;1;1;;1;1;1;;;1;998
9;7;14;7;7036;1;3;2;No inventariada;;9;2;1;1;;1;1;1;;;1;998
9;3;13;7;7036;1;3;2;No inventariada;;9;2;1;1;;1;1;1;;;1;998
9;3;9;7;7036;1;3;2;No inventariada;;9;2;1;2;;1;1;1;;;1;998
9;5;16;7;7036;1;3;2;No inventariada;;9;2;1;1;;1;1;1;;;1;998
10;6;10;7;7036;1;3;2;No inventariada;;9;7;2;;;1;1;1;;;12;998
12;6;9;7;7036;;1;1;Ma-13A;7,1;6;3;1;4;Ma-30;1;1;1;;;6;2
12;3;10;7;7036;1;1;1;Ma-13A;9,35;6;2;1;4;;1;1;1;;;1;1
10;1;20;7;7036;1;3;2;No inventariada;;9;2;1;2;Ma-13;1;4;1;;;1;998
11;2;19;7;7036;1;3;2;No inventariada;;9;2;1;2;;1;4;1;;;1;998
11;1;18;7;7036;1;3;2;No inventariada;;9;4;2;;;1;4;1;;;1;998
11;2;15;7;7036;1;3;2;No inventariada;;9;7;2;;;1;1;1;;;14;998
12;3;10;7;7036;1;3;2;No inventariada;;9;10;1;2;;3;1;4;;;1;998
12;2;11;7;7036;;1;1;Ma-13A;6,94;6;7;1;2;;1;1;1;;;1;1
12;4;21;7;7036;1;3;2;No inventariada;;9;2;1;5;;1;4;1;;;1;998
12;4;7;7;7036;1;3;2;No inventariada;;9;7;1;1;;3;1;3;;;1;998
12;2;19;7;7036;1;3;2;No inventariada;;9;7;2;;;1;4;1;;;12;998
2;3;18;7;7037;2;1;1;Me-1;17,05;6;12;2;;;1;1;1;;;1;2
4;3;16;7;7023;2;1;1;Me-1;24,5;6;1;2;;;1;1;1;;;1;3
5;1;10;7;7037;2;1;1;Me-7;18;6;19;2;;;1;1;1;;;4;3
6;7;6;7;7037;2;3;2;No inventariada;;13;15;2;;;2;3;1;;;18;998
7;3;21;7;7037;2;1;1;Me-7;20,82;6;2;2;;;1;6;1;;;1;1
7;6;16;7;7037;;1;1;Me-9;1,202;6;18;2;;;1;1;1;;;1;1
7;2;19;7;7037;2;1;1;Me-7;14,95;6;2;1;4;Me-9;1;1;2;;;1;1
7;6;20;7;7037;2;1;1;Me-9;0;6;4;1;4;Me-7;1;1;1;;;1;2
8;6;15;7;7037;;1;1;CAMI DE TR;5,8;10;10;2;;;1;1;1;;;1;1
8;4;21;7;7037;2;3;2;No inventariada;;9;1;1;1;;1;3;1;;;9;998
8;6;11;7;7037;2;3;2;No inventariada;;9;7;2;;;1;1;1;;;9;998
8;4;9;7;7037;;1;1;Me-1;22,7;6;10;2;;;1;1;1;;;1;1
8;1;1;7;7037;2;1;1;Me-1;17,05;6;16;2;;;1;6;1;;;1;1
8;1;1;7;7037;2;1;1;Me-1;22,71;6;1;2;;;1;6;1;;;4;2
9;3;13;7;7037;0;1;1;Me-15;3,5;6;19;2;;;1;1;1;;;1;3
9;6;10;7;7037;;1;1;Camí en Kane;15,7;6;10;2;;;1;1;1;;;1;1
9;7;10;7;7037;2;1;1;Me-15;6,4;6;20;1;1;;1;1;1;;;1;2
9;3;8;7;7037;;1;1;Me-15;4,57;6;15;2;;;1;1;1;;;1;1
5;4;14;7;0;1;1;1;Ma-15;29,1;5;1;2;;;1;1;1;;;1;1
8;2;8;7;0;;1;1;Ma-15;27,7;5;2;1;4;Ma-5017;1;1;1;;;1;1
11;6;19;7;0;;1;1;Ma-15;29,1;5;20;2;;;1;4;1;;;1;1
1;5;12;7;7039;;1;1;Ma-12;23,2;6;19;1;2;;1;1;1;;;1;1
2;7;13;7;7039;;1;1;Ma-3431;4,3;6;2;1;2;Ma-3431;1;1;1;;;1;2
2;4;23;7;7039;;1;1;Ma-3430;6,024;6;18;2;;;1;6;1;;;4;1
3;3;11;7;7039;;1;1;Ma-3431;4,076;6;19;2;;;1;1;1;;;1;1
3;4;10;7;7039;;1;1;Ma-3431;2,659;6;10;2;;;1;1;1;;;1;1
5;6;12;7;7039;;1;1;Ma-3430;4,2;6;4;2;;;1;1;1;;;1;1
6;1;21;7;7039;;1;1;Ma-3431;9,6;6;16;2;;;1;6;1;;;1;1
6;3;13;7;7039;;1;1;Ma-12;23,25;6;4;2;;;1;1;1;;;1;1
8;5;5;7;7039;;1;1;Ma-3431;7,857;6;3;2;;;1;2;1;;;4;2
8;5;8;7;7039;1;1;1;Ma-3500;7;6;2;1;2;;1;1;1;1;;1;3
9;1;18;7;7039;;1;1;Ma-3431;4,35;6;2;1;2;;1;1;1;;;1;3
10;1;6;7;7044;1;1;1;Ma-3433;4,647;6;19;2;;;1;6;1;;;1;1
10;3;18;7;7039;;1;1;Ma-3431;4,3;6;2;1;2;;1;1;1;;;1;3
10;7;5;7;7039;1;1;1;Ma-3431;2,8;6;1;2;;;1;2;2;;;1;1
1;1;0;7;7040;;1;1;Ma-20;10,5;2;16;2;;;1;4;1;;;1;2
1;2;14;7;7040;1;3;2;No inventariada;;9;4;1;2;;1;1;1;;;1;998
1;4;10;7;7040;1;3;2;No inventariada;;9;7;2;;;1;1;1;;;1;998
1;5;14;7;7040;1;3;2;No inventariada;;9;3;1;1;;1;1;1;;;1;998
1;6;7;7;7040;1;3;2;No inventariada;;9;2;1;1;;3;3;2;;;1;998
1;6;16;7;7040;1;3;2;No inventariada;;9;4;1;4;;1;1;2;;;1;998
1;5;19;7;7040;1;3;2;No inventariada;;9;7;2;;;1;4;1;;;2;998
1;2;8;7;7040;;2;2;Ma-19A;10,453;6;2;1;4;Ma-5013;1;2;1;;;1;2
1;1;14;7;7040;1;3;2;No inventariada;;9;4;2;;;1;1;1;;;1;998
1;3;14;7;7040;;1;1;Ma-19;3,069;2;3;1;12;Ma-20;3;1;2;;;4;2
1;3;16;7;7040;1;3;2;No inventariada;;9;4;2;;;1;1;2;;;1;998
1;4;7;7;7040;;1;1;Ma-20;3,1;2;4;2;;;1;3;3;;;1;1
1;2;13;7;7040;1;3;2;No inventariada;;9;2;1;1;;1;1;1;;;1;998
1;5;17;7;7040;;1;1;Ma-15;1,9;5;2;1;4;;1;4;1;;;1;2
1;6;5;7;0;1;1;1;Ma-1041;8,005;6;16;2;;;3;6;1;;;4;2
1;6;14;7;7040;1;3;2;No inventariada;;9;2;2;;;1;1;1;;;1;998
1;6;18;7;7040;1;3;2;No inventariada;;9;7;2;;;1;4;1;;;1;998
1;7;16;7;7040;1;3;2;No inventariada;;9;2;2;;;1;1;1;;;1;998
1;1;7;7;7040;1;3;2;No inventariada;;9;10;2;;;7;3;2;;;1;998
1;1;11;7;7040;1;3;2;No inventariada;;9;7;1;1;;1;1;2;;;1;998
1;4;6;7;7040;1;3;2;No inventariada;;9;1;1;1;;3;3;3;;;1;998
1;2;18;7;7040;1;1;1;Ma-20;0,8;2;4;2;;;1;3;1;;;1;1
1;2;14;7;7040;1;3;2;No inventariada;;9;4;2;;;1;1;1;;;1;998
1;4;18;7;7040;1;3;2;No inventariada;;9;16;2;;;1;4;1;;;1;998
1;1;16;7;7040;1;3;2;No inventariada;;9;3;1;1;;1;1;1;;;1;998
1;3;8;7;7040;1;3;2;No inventariada;;9;2;1;1;;1;1;1;;;1;998
1;4;9;7;7040;1;3;2;No inventariada;;9;10;2;;;7;1;3;;;1;998
1;3;17;7;7040;1;3;2;No inventariada;;9;7;1;4;;1;1;1;;;1;998
1;4;9;7;7040;1;3;2;No inventariada;;9;3;1;1;;1;1;1;;;1;998
1;4;15;7;7040;1;3;2;No inventariada;;9;2;2;;;1;1;1;;;1;998
1;5;0;7;7040;1;3;2;No inventariada;;9;12;2;;;1;4;1;;;1;998
1;5;14;7;7040;;1;1;Ma-1110;4,1;5;4;2;;;3;1;3;;;1;1
1;5;16;7;7040;1;3;2;No inventariada;;9;7;1;1;;3;1;3;;;1;998
1;7;16;7;7040;1;3;2;No inventariada;;9;7;2;;;1;1;1;;;1;998
1;5;14;7;7040;1;3;2;No inventariada;;9;2;2;;;1;1;1;;;1;998
1;1;7;7;7040;;1;1;Ma-20;0,483;2;4;2;;;1;3;1;;;1;1
1;6;14;7;7040;1;3;2;No inventariada;;9;20;1;1;;1;1;1;;;1;998
1;1;15;7;7040;;1;1;Ma-1110;3,1;5;5;2;;;1;1;1;;;1;1
1;7;0;7;7040;1;3;2;No inventariada;;9;1;2;;;1;4;1;;;1;998
1;1;13;7;7040;1;3;2;No inventariada;;9;7;2;;;1;1;2;;;1;998
1;2;8;7;7040;1;3;2;No inventariada;;9;3;1;4;;1;1;1;;;1;998
1;2;17;7;7040;1;3;2;No inventariada;;9;2;1;1;;1;1;1;;;1;998
1;3;18;7;7040;1;3;2;No inventariada;;9;3;1;2;;1;4;1;;;1;998
1;4;15;7;7040;1;3;2;No inventariada;;9;4;2;;;1;1;1;;;1;998
1;5;11;7;7040;;1;1;Ma-19;7,043;2;3;2;;;1;1;1;;;1;1
1;6;13;7;7040;1;3;2;No inventariada;;9;1;1;1;;1;1;1;;;1;998
1;7;12;7;7040;;1;1;Ma-19;3,793;2;4;2;;;1;1;1;;;1;1
1;5;15;7;7040;1;3;2;No inventariada;;9;4;2;;;1;1;1;;;1;998
1;1;10;7;7040;1;3;2;No inventariada;;9;10;2;;;1;1;1;;;1;998
1;2;18;7;7040;;1;1;Ma-20;1,4;2;5;1;10;Ma-15;1;2;2;;;1;1
1;2;18;7;7040;1;3;2;No inventariada;;9;4;1;1;;1;4;1;;;1;998
1;4;10;7;7040;1;3;2;No inventariada;;9;3;2;;;1;1;1;;;1;998
1;2;19;7;7040;1;3;2;No inventariada;;9;7;2;;;1;4;1;;;1;998
2;5;8;7;7040;1;3;2;No inventariada;;9;3;2;;;1;1;1;;;1;998
2;4;15;7;7040;1;1;1;Ma-19;8,5;2;5;2;;;1;1;1;;;1;1
2;5;14;7;7040;1;3;2;No inventariada;;9;4;2;;;1;1;1;;;1;998
2;6;14;7;7040;1;3;2;No inventariada;;9;16;2;;;1;1;1;;;1;998
1;1;11;7;7040;1;3;2;No inventariada;;9;7;2;;;1;1;1;;;1;998
2;6;23;7;7040;1;3;2;No inventariada;;9;4;1;4;;1;4;1;;;1;998
1;3;19;7;7040;1;3;2;No inventariada;;9;4;2;;;1;4;4;;;1;998
2;6;11;7;7040;1;3;2;No inventariada;;13;7;2;;;1;1;1;;;1;998
2;7;9;7;7040;;1;1;Ma-3018;0,3;6;2;1;4;Ma-3011;1;1;1;;;1;2
1;1;6;7;7040;1;3;2;No inventariada;;9;4;1;1;;1;4;1;;;1;998
1;5;19;7;7040;1;3;2;No inventariada;;9;2;1;2;;1;3;1;;;1;998
1;5;9;7;7040;1;3;2;No inventariada;;9;7;2;;;1;1;1;;;1;998
2;1;17;7;7040;1;3;2;No inventariada;;9;2;1;1;;1;1;1;;;1;998
1;3;21;7;7040;1;3;2;No inventariada;;9;3;1;2;;1;1;1;;;1;998
2;2;17;7;7040;;1;1;Ma-30;1;6;2;2;;;1;1;1;;;1;1
2;2;15;7;7040;1;3;2;No inventariada;;9;3;1;1;;1;1;1;;;1;998
2;1;21;7;7040;1;3;2;No inventariada;;9;3;1;1;;1;4;1;;;1;998
2;2;20;7;7040;1;1;1;Ma-13;1,3;2;16;2;;;1;4;1;;;1;1
2;2;12;7;7040;1;3;2;No inventariada;;9;3;2;;;1;1;1;;;1;998
2;3;9;7;7040;;1;1;Ma-6013;0,45;6;4;2;;;1;1;1;;;1;1
2;3;11;7;7040;1;3;2;No inventariada;;9;4;2;;;1;1;1;;;1;998
2;2;18;7;7040;1;3;2;No inventariada;;9;7;2;;;1;3;1;;;1;998
2;3;18;7;7040;0;1;1;Ma-20;4,22;2;4;2;;;1;4;1;;;1;1
2;4;12;7;7040;1;3;2;No inventariada;;9;9;2;;;1;1;1;;;1;998
2;3;21;7;7040;1;3;2;No inventariada;;9;6;1;2;;1;4;1;;;1;998
2;6;6;7;7040;1;3;2;No inventariada;;9;12;2;;;1;4;1;;;1;998
2;7;6;7;7040;1;3;2;No inventariada;;9;2;1;1;;1;3;1;;;1;998
2;2;13;7;7040;1;3;2;No inventariada;;9;2;1;1;;1;1;1;;;1;998
2;7;18;7;7040;1;1;1;Ma-20;5,998;2;4;2;;;1;4;1;;;1;1
2;5;11;7;7040;1;3;2;No inventariada;;9;2;1;4;;1;1;1;;;1;998
2;1;17;7;7040;1;3;2;No inventariada;;9;10;1;1;;1;1;1;;;1;998
2;2;8;7;7040;1;3;2;No inventariada;;9;10;2;;;1;1;1;;;1;998
2;2;17;7;7040;1;3;2;No inventariada;;9;3;1;1;;1;1;1;;;1;998
2;1;11;7;7040;1;3;2;No inventariada;;9;7;1;2;;1;1;1;;;16;998
2;3;12;7;7040;1;3;2;No inventariada;;9;1;2;;;1;1;1;;;1;998
2;4;10;7;7040;1;3;2;No inventariada;;9;7;2;;;1;1;1;;;1;998
2;7;17;7;7040;1;3;2;No inventariada;;9;2;1;1;;1;1;1;;;1;998
2;4;15;7;7040;1;3;2;No inventariada;;9;3;1;2;;1;1;2;;;1;998
2;4;17;7;7040;;1;1;Ma-13;0,1;2;14;1;12;Ma-20;1;1;1;;;1;2
2;4;19;7;7040;;1;1;Ma-19;3;2;5;1;10;Ma-20;1;4;1;;;1;1
1;2;11;7;7040;1;3;2;No inventariada;;9;7;2;;;1;1;1;;;1;998
2;5;15;7;7040;;1;1;Ma-1110;4,345;5;2;1;2;;1;1;2;;;1;1
2;5;15;7;7040;1;3;2;No inventariada;;9;3;1;1;;1;1;2;;;1;998
2;5;18;7;7040;1;3;2;No inventariada;;9;6;2;;;1;2;2;;;1;998
2;6;6;7;7040;1;1;1;Ma-19;1,1;5;16;1;2;;3;4;3;;;1;1
2;7;18;7;7040;;1;1;Ma-13;0,665;2;10;1;10;;1;3;1;;;1;3
2;5;18;7;7040;1;3;2;No inventariada;;9;3;1;2;;1;2;1;;;1;998
2;1;11;7;7040;1;3;2;No inventariada;;9;7;2;;;1;1;1;;;1;998
2;4;10;7;7040;1;3;2;No inventariada;;9;3;2;;;1;1;1;;;1;998
2;4;13;7;7040;1;3;2;No inventariada;;9;7;1;1;;1;1;1;;;1;998
2;1;19;7;7036;1;1;1;Ma-2031;4,5;6;4;2;;;1;6;1;;;1;1
2;2;9;7;7040;;1;1;Ma-19A;9,012;6;2;1;2;;1;1;1;;;1;1
2;2;10;7;7040;1;3;2;No inventariada;;9;7;1;2;;1;1;1;;;1;998
2;2;16;7;7040;1;3;2;No inventariada;;9;2;1;1;;1;1;1;;;1;998
2;1;17;7;7040;1;3;2;No inventariada;;9;7;2;;;1;1;1;;;1;998
2;4;13;7;7040;;1;1;Ma-13;0,3;2;4;2;;;1;1;1;;;1;1
2;5;8;7;7040;1;3;2;No inventariada;;9;2;2;;;1;1;1;;;1;998
2;3;13;7;7040;1;3;2;No inventariada;;9;2;1;1;;1;1;1;;;1;998
1;1;6;7;7040;1;3;2;No inventariada;;9;7;2;;;1;3;1;;;1;998
2;5;16;7;7040;1;3;2;No inventariada;;9;2;2;;;1;1;1;;;1;998
2;6;20;7;7040;1;3;2;No inventariada;;9;3;1;1;;1;4;1;;;1;998
2;1;15;7;7040;;1;1;Ma-20;3,5;2;4;1;4;;3;1;2;;;1;1
2;4;21;7;7040;1;3;2;No inventariada;;11;6;2;;;1;4;1;;;1;998
2;7;10;7;7040;1;3;2;No inventariada;;9;7;1;1;;1;1;1;;;1;998
2;1;17;7;7040;1;3;2;No inventariada;;9;2;2;;;1;1;1;;;1;998
2;2;6;7;7040;1;3;2;No inventariada;;9;3;1;1;;3;4;3;;;1;998
2;3;8;7;7040;1;3;2;No inventariada;;9;2;1;2;;1;1;1;;;1;998
2;2;16;7;7040;1;3;2;No inventariada;;9;3;2;;;1;1;1;;;1;998
2;4;21;7;7040;1;1;1;Ma-19;9,7;2;16;2;;;1;4;1;;;1;1
2;3;13;7;7040;;1;1;Ma-15;11,111;7;18;2;;;3;1;3;;;1;1
2;3;14;7;7040;1;3;2;No inventariada;;9;2;2;;;3;1;3;;;1;998
2;3;14;7;7040;1;3;2;No inventariada;;9;7;1;2;;1;1;1;;;1;998
2;3;17;7;7040;1;3;2;No inventariada;;9;10;2;;;3;1;3;;;1;998
2;6;0;7;7040;1;3;2;No inventariada;;9;2;1;1;;1;4;1;;;1;998
3;5;15;7;7040;;1;1;Ma-19;3,016;2;2;2;;;1;1;1;;;1;1
2;4;11;7;7040;1;3;2;No inventariada;;9;4;2;;;1;1;1;;;1;998
2;3;12;7;7040;1;3;2;No inventariada;;9;2;1;2;;1;1;1;;;1;998
3;7;19;7;7040;1;3;2;No inventariada;;9;2;1;1;;1;5;1;;;1;998
3;5;5;7;7040;1;3;2;No inventariada;;9;4;1;2;;3;4;4;;;1;998
3;1;14;7;7040;1;3;2;No inventariada;;9;1;2;;;1;1;1;;;1;998
3;1;13;7;7040;1;3;2;No inventariada;;9;2;1;4;;1;1;1;;;1;998
3;5;5;7;7040;1;3;2;No inventariada;;9;7;2;;;3;4;4;;;1;998
3;2;16;7;7040;;1;1;Ma-15;8,5;5;4;2;;;1;1;1;;;1;1
2;5;19;7;7040;1;3;2;No inventariada;;9;2;1;1;;1;4;1;;;1;998
3;3;14;7;7040;1;3;2;No inventariada;;9;4;1;1;;1;1;1;;;1;998
3;3;18;7;7040;1;3;2;No inventariada;;9;1;2;;;1;1;1;;;12;998
3;4;11;7;7040;1;3;2;No inventariada;;9;20;2;;;1;1;1;;;1;998
3;3;20;7;7040;1;3;2;No inventariada;;9;10;2;;;1;4;1;;;1;998
3;4;15;7;7040;1;3;2;No inventariada;;9;2;1;2;;1;1;1;;;1;998
3;5;6;7;7040;1;3;2;No inventariada;;9;3;1;1;;3;4;3;;;2;998
3;4;8;7;7040;1;3;2;No inventariada;;9;7;2;;;1;1;1;;;1;998
3;5;15;7;7040;1;3;2;No inventariada;;9;20;2;;;1;1;1;;;1;998
3;5;16;7;7040;;1;1;Ma-20;6,374;2;5;2;;;1;1;1;;;1;1
3;5;12;7;7040;1;3;2;No inventariada;;9;10;2;;;2;1;2;;;1;998
3;6;14;7;7040;;1;1;Ma-20;5,067;2;4;2;;;3;1;3;;;1;1
3;5;12;7;7040;;1;1;Ma-3011;2,701;6;5;2;;;1;1;1;;;1;1
3;6;18;7;7036;1;1;1;Ma-13;5,71;2;12;2;;;3;2;4;;;5;1
3;6;19;7;7040;1;3;2;No inventariada;;9;7;1;2;;3;3;3;;;1;998
3;1;7;7;7040;;1;1;Ma-19;10,55;2;4;2;;;1;1;1;;;1;1
3;1;8;7;7040;;1;1;Ma-19;7,555;2;5;2;;;1;2;1;;;1;1
3;1;9;7;7040;;1;1;Ma-19;8,746;2;4;2;;;1;1;1;;;1;1
3;3;8;7;7040;1;3;2;No inventariada;;9;2;1;1;;1;1;1;;;1;998
3;1;10;7;7040;1;3;2;No inventariada;;9;2;1;2;;1;1;1;;;1;998
3;1;12;7;7040;;1;1;Ma-6012;0,339;6;2;1;2;;1;1;1;;;12;1
3;1;7;7;7040;;1;1;Ma-19;10,6;2;4;2;;;1;1;1;;;1;1
3;1;23;7;7036;1;1;1;Ma-13;10;2;4;2;;;1;5;1;;;5;1
3;5;9;7;7040;1;3;2;No inventariada;;9;2;2;;;1;1;3;;;1;998
3;2;7;7;7040;;1;1;Ma-19;3,307;2;4;1;10;Ma-20;1;1;1;;;1;1
3;2;9;7;7040;;1;1;Ma-20;7,5;2;3;2;;;1;4;1;;;1;1
3;2;7;7;7040;1;3;2;No inventariada;;9;2;1;1;;1;1;1;;;9;998
3;2;13;7;7040;;1;1;Ma-15;2,499;5;3;1;4;;1;1;1;;;1;1
3;2;16;7;7040;1;3;2;No inventariada;;9;7;2;;;1;1;1;;;1;998
3;6;11;7;7040;1;3;2;No inventariada;;9;4;1;1;;1;1;1;;;1;998
3;3;16;7;7040;1;3;2;No inventariada;;9;20;2;;;1;1;1;;;1;998
3;4;7;7;7040;;1;1;Ma-13;2,012;2;4;2;;;1;1;1;;;1;1
3;3;16;7;7040;1;3;2;No inventariada;;9;1;1;1;;1;1;1;;;1;998
3;5;6;7;7036;1;1;1;Ma-13;3,2;2;4;2;;;1;6;2;;;1;1
3;5;12;7;7040;1;3;2;No inventariada;;9;7;2;;;1;1;1;;;1;998
3;6;0;7;7040;;1;1;Ma-20;4,929;2;3;2;;;1;4;1;;;1;2
3;1;13;7;7040;1;3;2;No inventariada;;9;7;2;;;1;1;1;;;1;998
3;6;16;7;7040;1;3;2;No inventariada;;9;2;1;1;;1;1;1;;;1;998
3;4;15;7;7040;1;3;2;No inventariada;;9;2;1;1;;1;1;1;;;1;998
3;7;8;7;7036;1;1;1;Ma-13A;8,805;6;2;2;;;1;1;2;1;;1;1
3;7;17;7;7040;1;3;2;No inventariada;;9;9;2;;;1;1;1;;;1;998
3;1;10;7;7040;1;3;2;No inventariada;;9;3;2;;;1;1;1;;;1;998
2;2;15;7;7040;1;3;2;No inventariada;;9;3;1;1;;1;1;1;;;1;998
1;7;12;7;7040;1;3;2;No inventariada;;9;2;1;4;;1;1;1;;;1;998
3;1;17;7;7040;;1;1;Ma-19;3,377;2;12;2;;;1;1;1;;;1;1
2;4;10;7;7040;1;3;2;No inventariada;;9;2;1;1;;1;1;1;;;1;998
3;2;19;7;7040;;1;1;Ma-20;4,281;2;4;2;;;1;4;1;;;1;1
3;1;19;7;7040;1;3;2;No inventariada;;9;4;1;2;;1;4;1;;;1;998
3;3;8;7;7040;1;3;2;No inventariada;;9;20;1;2;;1;1;1;;;1;998
3;5;16;7;7040;1;3;2;No inventariada;;9;4;2;;;1;1;1;;;1;998
3;5;16;7;7040;1;3;2;No inventariada;;9;7;2;;;1;1;1;;;1;998
3;6;9;7;7040;1;3;2;No inventariada;;9;7;2;;;1;1;1;;;1;998
3;7;12;7;7040;;1;1;Ma-1;5,662;2;19;2;;;1;1;2;;;1;2
3;1;10;7;7040;1;3;2;No inventariada;;9;3;1;4;;1;1;1;;;1;998
3;5;8;7;7040;1;3;2;No inventariada;;9;4;2;;;1;1;1;;;1;998
3;1;13;7;7040;1;3;2;No inventariada;;9;3;1;1;;1;1;2;;;1;998
3;5;20;7;7040;1;3;2;No inventariada;;9;3;1;2;;1;4;1;;;1;998
3;1;13;7;7040;1;3;2;No inventariada;;9;2;1;1;;1;1;1;;;1;998
3;1;19;7;7040;1;3;2;No inventariada;;9;10;1;4;;1;4;2;;;1;998
3;2;18;7;7040;;1;1;Ma-15;4,65;5;4;1;4;Ma-30;3;1;2;;;1;2
3;2;5;7;7040;1;3;2;No inventariada;;13;10;1;1;;3;4;4;;;1;998
3;3;8;7;7040;1;3;2;No inventariada;;9;7;2;;;1;1;1;;;1;998
3;7;20;7;7040;1;3;2;No inventariada;;9;6;2;;;1;3;1;;;1;998
3;3;11;7;7040;;2;2;Ma-3018;0,721;6;2;2;;;1;1;1;;;1;1
3;3;13;7;7040;1;3;2;No inventariada;;9;7;2;;;1;1;1;;;1;998
3;2;18;7;7040;1;3;2;No inventariada;;9;10;1;2;;3;1;3;;;9;998
3;3;16;7;7040;;1;1;Ma-30;0,3;6;2;1;4;Ma-6012;1;1;1;;;1;2
3;3;16;7;7040;1;3;2;No inventariada;;9;3;1;1;;1;1;1;;;1;998
3;3;18;7;7040;1;3;2;No inventariada;;9;2;1;1;;1;1;1;;;1;998
3;4;9;7;7040;1;3;2;No inventariada;;9;7;2;;;1;1;1;;;1;998
3;4;11;7;7040;1;3;2;No inventariada;;9;20;2;;;1;1;1;;;1;998
3;4;15;7;7036;1;1;1;Ma-13A;7,139;6;2;1;4;Ma-13A;1;1;1;;;1;1
3;4;15;7;7040;1;3;2;No inventariada;;9;10;1;1;;1;1;1;;;1;998
3;5;7;7;7040;1;1;1;Ma-15D;5,5;6;4;2;;;1;1;1;;;1;1
3;4;21;7;7040;1;3;2;No inventariada;;9;3;2;;;1;4;1;;;1;998
3;5;14;7;7040;1;3;2;No inventariada;;9;10;2;;;8;1;1;;;1;998
3;6;21;7;7040;1;3;2;No inventariada;;9;2;1;1;;3;4;3;;;1;998
3;7;13;7;7040;1;3;2;No inventariada;;9;4;2;;;3;1;3;;;1;998
3;7;15;7;7040;1;3;2;No inventariada;;9;10;2;;;3;1;2;;;1;998
1;1;14;7;7040;1;3;2;No inventariada;;9;2;2;;;1;1;1;;;1;998
3;6;13;7;7040;1;3;2;No inventariada;;9;2;2;;;1;1;1;;;1;998
3;1;12;7;7040;1;3;2;No inventariada;;9;6;1;2;;1;1;1;;;1;998
3;5;12;7;7040;1;3;2;No inventariada;;9;16;1;1;;1;1;1;;;1;998
3;7;13;7;7040;1;3;2;No inventariada;;9;4;1;2;;1;1;1;;;1;998
2;3;20;7;7040;1;3;2;No inventariada;;9;7;2;;;1;4;1;;;1;998
4;2;8;7;7040;1;3;2;No inventariada;;11;7;2;;;1;1;1;;;1;998
4;3;9;7;7040;;1;1;Ma-11;8,714;6;2;1;10;;1;1;1;;;1;1
4;1;16;7;7040;1;3;2;No inventariada;;9;2;2;;;1;1;1;;;18;998
4;3;17;7;7040;1;1;1;Ma-5012;0,1;6;2;1;4;;1;1;1;;;1;1
4;4;9;7;7040;1;3;2;No inventariada;;9;4;2;;;1;1;1;;;1;998
4;3;16;7;7040;1;3;2;No inventariada;;9;3;1;1;;1;1;1;;;1;998
3;4;12;7;7040;1;3;2;No inventariada;;9;3;2;;;1;1;1;;;1;998
4;4;18;7;7040;1;3;2;No inventariada;;9;7;1;1;;1;1;1;;;1;998
4;4;13;7;7040;;1;1;Ma-30;0,6;6;2;1;4;;1;1;1;;;1;2
4;5;10;7;7040;;1;1;Ma-20;1,4;2;5;2;;;1;1;1;;;1;1
3;5;15;7;7040;1;3;2;No inventariada;;9;20;1;1;;1;1;1;;;1;998
4;5;22;7;7040;1;3;2;No inventariada;;9;2;2;;;1;4;1;;;1;998
4;6;7;7;7040;;1;1;Ma-19;3,783;2;5;1;10;;1;1;1;;;1;1
4;6;12;7;7040;1;3;2;No inventariada;;9;7;2;;;1;1;1;;;1;998
4;7;10;7;7040;1;3;2;No inventariada;;9;10;2;;;1;1;1;;;1;998
4;7;15;7;7040;1;3;2;No inventariada;;9;1;2;;;1;1;1;;;1;998
4;7;18;7;7040;;1;1;Ma-19;1,582;2;7;1;2;;1;2;2;;;1;1
4;7;21;7;7040;1;1;1;Ma-20;3,1;2;16;2;;;1;4;1;;;1;1
3;3;12;7;7040;1;3;2;No inventariada;;9;3;2;;;1;1;1;;;1;998
4;1;18;7;7040;1;3;2;No inventariada;;9;2;1;1;;1;1;1;;;1;998
3;7;19;7;7040;1;3;2;No inventariada;;9;7;2;;;1;3;1;;;1;998
4;2;15;7;7040;1;3;2;No inventariada;;9;20;1;1;;9;1;1;;;1;998
4;3;8;7;7040;1;3;2;No inventariada;;9;3;1;4;Ma-20;1;1;1;;;1;998
4;3;17;7;7011;1;1;1;Ma-1;8,376;2;4;2;;;1;1;1;;;1;1
4;3;18;7;7040;1;3;2;No inventariada;;9;7;1;1;;1;1;1;;;6;998
4;3;19;7;7040;1;3;2;No inventariada;;9;7;1;2;;1;1;1;;;1;998
4;3;20;7;7040;1;3;2;No inventariada;;9;7;2;;;1;4;1;;;1;998
4;4;8;7;7040;1;3;2;No inventariada;;9;3;1;1;;1;1;1;;;1;998