MES;DIA_SEMANA;HORA;COD_PROVINCIA;COD_MUNICIPIO;ISLA;ZONA;ZONA_AGRUPADA;CARRETERA;KM;TIPO_VIA;TIPO_ACCIDENTE;NUDO;NUDO_INFO;CARRETERA_CRUCE;CONDICION_FIRME;CONDICION_ILUMINACION;CONDICION_METEO;CONDICION_NIEBLA;CONDICION_VIENTO;VISIB_RESTRINGIDA_POR;TRAZADO_PLANTA
4;4;15;7;7040;1;3;2;No inventariada;;9;6;2;;;1;1;2;;;1;998
4;4;18;7;7040;1;3;2;No inventariada;;9;3;2;;;1;1;1;;;1;998
4;5;13;7;7040;;1;1;Ma-20;0,6;2;4;2;;;1;1;1;;;1;1
4;5;14;7;7040;1;3;2;No inventariada;;9;2;2;;;1;1;1;;;1;998
4;5;23;7;7040;;1;1;Ma-3011;0,86;6;2;1;4;Ma-3018;1;4;1;;;1;4
4;6;15;7;7040;;1;1;Ma-1;4,075;2;4;2;;;1;1;1;;;1;1
4;7;6;7;7040;;1;1;Ma-19A;9,29;6;2;2;;;1;1;1;;;1;1
4;1;6;7;7040;1;3;2;No inventariada;;9;3;1;1;;1;3;1;;;1;998
4;1;17;7;7040;;1;1;Ma-15D;7,008;6;2;1;4;;1;1;1;;;1;1
4;4;23;7;7040;1;3;2;No inventariada;;9;2;1;1;;1;4;1;;;1;998
4;2;9;7;7040;;1;1;Ma-13;0,124;2;4;2;;;1;1;1;;;1;1
4;2;15;7;7040;;1;1;Ma-20;4,153;2;4;2;;;1;1;1;;;1;1
4;2;15;7;7040;1;3;2;No inventariada;;9;3;2;;;1;1;1;;;1;998
4;2;9;7;7040;1;3;2;No inventariada;;9;4;2;;;1;1;1;;;1;998
4;3;8;7;7040;1;3;2;No inventariada;;9;3;1;2;;1;1;1;;;1;998
4;3;14;7;7040;;1;1;Ma-20;1,5;2;4;2;;;1;4;2;;;1;1
4;3;15;7;7040;1;3;2;No inventariada;;9;2;1;1;;1;1;1;;;1;998
4;3;17;7;7040;;1;1;Ma-20;2,5;2;4;2;;;1;6;1;;;1;1
4;3;19;7;7040;;1;1;Ma-30;0,2;6;2;1;4;;1;1;2;;;1;1
4;4;8;7;7040;;1;1;Ma-3017;0,5;6;12;2;;;3;1;3;;;1;2
4;4;14;7;7040;1;3;2;No inventariada;;9;6;2;;;1;1;1;;;1;998
4;4;13;7;7040;1;3;2;No inventariada;;9;3;1;1;;1;1;2;;;1;998
4;5;8;7;7040;1;3;2;No inventariada;;9;2;2;;;1;1;1;;;1;998
4;5;14;7;7040;1;3;2;No inventariada;;9;6;2;;;1;1;1;;;1;998
4;5;16;7;7040;1;3;2;No inventariada;;9;7;2;;;1;1;1;;;1;998
4;5;16;7;7011;1;1;1;Ma-1;7,787;2;3;2;;;1;1;1;;;1;1
4;5;18;7;7040;1;3;2;No inventariada;;9;2;1;2;;1;1;1;;;1;998
4;6;14;7;7040;1;3;2;No inventariada;;9;10;1;2;;1;1;1;;;1;998
3;5;6;7;7040;1;3;2;No inventariada;;9;1;1;2;;1;1;1;;;1;998
4;1;19;7;7040;1;3;2;No inventariada;;9;10;1;2;;3;1;2;;;1;998
4;2;6;7;7040;;1;1;Ma-20;5,515;2;3;2;;;3;3;3;;;1;1
4;2;14;7;7040;1;3;2;No inventariada;;9;2;1;2;;1;1;2;;;1;998
4;1;18;7;7040;0;1;1;Ma-19A;8,05;6;2;1;4;Ma-19;3;1;3;;;1;2
4;3;15;7;7040;1;3;2;No inventariada;;9;10;1;2;;1;1;1;;;1;998
4;4;10;7;7040;1;3;2;No inventariada;;9;7;1;1;;1;1;1;;;1;998
4;1;11;7;7040;1;3;2;No inventariada;;9;2;1;1;;1;1;1;;;1;998
4;3;19;7;7040;1;3;2;No inventariada;;9;7;2;;;1;2;1;;;6;998
4;5;15;7;7040;1;3;2;No inventariada;;9;2;1;1;;1;1;1;;;9;998
4;6;8;7;7040;;1;1;Ma-19;8,5;2;4;2;;;1;1;2;;;1;1
4;7;6;7;7040;1;3;2;No inventariada;;9;6;2;;;3;4;3;;;1;998
4;1;8;7;7040;1;3;2;No inventariada;;9;2;1;1;;3;1;3;;;1;998
4;3;21;7;7040;1;3;2;No inventariada;;9;3;1;1;;1;4;1;;;1;998
4;6;6;7;7040;1;3;2;No inventariada;;9;1;2;;;1;4;1;;;1;998
4;1;16;7;7040;1;3;2;No inventariada;;9;7;2;;;3;1;3;;;1;998
4;2;16;7;7040;;1;1;Ma-11;4,685;6;4;2;;;1;1;2;;;1;1
3;3;20;7;7040;1;3;2;No inventariada;;14;10;2;;;2;4;1;;;1;998
4;2;7;7;7040;1;3;2;No inventariada;;9;10;2;;;1;1;1;;;1;998
5;4;11;7;7040;1;3;2;No inventariada;;9;2;1;1;;1;1;1;;;1;998
5;4;10;7;7040;;1;1;Ma-19;9,826;2;4;2;;;1;1;1;;;1;1
5;4;15;7;7040;1;3;2;No inventariada;;9;10;1;2;;1;1;1;;;1;998
5;5;8;7;7040;1;3;2;No inventariada;;9;7;1;2;;1;1;1;;;6;998
5;5;10;7;7040;;1;1;Ma-15D;3,915;6;4;1;2;;1;1;1;;;12;1
5;5;9;7;7040;1;3;2;No inventariada;;9;7;1;2;;1;1;1;;;1;998
4;4;20;7;7040;1;3;2;No inventariada;;9;2;1;4;;1;1;1;;;1;998
5;5;17;7;7040;;1;1;Ma-19;5,078;2;6;2;;;1;1;1;;;1;1
4;1;18;7;7040;1;3;2;No inventariada;;9;2;1;1;;1;1;1;;;1;998
3;7;17;7;7040;1;3;2;No inventariada;;9;6;2;;;1;1;1;;;1;998
5;7;4;7;7040;1;3;2;No inventariada;;9;2;1;1;;1;4;1;;;1;998
5;2;7;7;7040;;1;1;Ma-20;1,878;2;4;2;;;1;1;1;;;1;1
4;5;6;7;7040;1;3;2;No inventariada;;9;2;1;2;;1;4;1;;;1;998
5;2;15;7;7040;1;3;2;No inventariada;;9;3;1;2;;1;1;1;;;1;998
5;2;22;7;7040;1;3;2;No inventariada;;9;7;1;4;;1;4;2;;;1;998
5;3;8;7;7040;;1;1;Ma-15;2,903;5;4;2;;;1;1;1;;;1;1
5;3;13;7;7040;;1;1;Ma-3018;0,219;6;4;2;;;1;1;1;;;1;1
3;5;14;7;7040;1;3;2;No inventariada;;9;2;1;1;;1;1;1;;;1;998
4;4;7;7;7040;1;3;2;No inventariada;;9;10;2;;;1;1;1;;;1;998
5;3;8;7;7040;;1;1;Ma-1110;8,8;6;1;1;1;;1;1;1;;;1;1
1;5;0;7;7040;1;3;2;No inventariada;;9;2;1;1;;1;4;1;;;1;998
4;2;19;7;7040;1;3;2;No inventariada;;9;20;1;2;;1;1;1;;;1;998
5;5;9;7;7040;;1;1;Ma-20;6,252;2;5;2;;;1;1;1;;;1;1
5;5;8;7;7040;1;3;2;No inventariada;;9;3;1;1;;1;1;1;;;1;998
5;5;13;7;7040;1;3;2;No inventariada;;9;7;1;1;;1;1;1;;;1;998
5;5;20;7;7040;1;3;2;No inventariada;;9;7;2;;;1;1;1;;;1;998
5;3;0;7;7040;1;3;2;No inventariada;;9;6;2;;;3;4;3;;;1;998
3;4;21;7;7040;1;3;2;No inventariada;;9;10;1;2;;1;4;1;;;1;998
5;6;1;7;7040;1;3;2;No inventariada;;9;3;1;1;;1;4;1;;;1;998
1;6;5;7;7040;1;3;2;No inventariada;;9;7;2;;;3;4;3;;;1;998
5;6;12;7;0;1;1;1;Ma-3100;4,403;6;10;2;;;1;1;1;;;1;1
5;6;13;7;7040;1;3;2;No inventariada;;9;7;1;2;;1;1;1;;;1;998
5;6;19;7;7040;;1;1;Ma-15;4,4;5;4;2;;;1;1;1;;;1;1
5;7;7;7;7040;1;3;2;No inventariada;;9;2;1;1;;1;1;1;;;1;998
5;7;23;7;7040;1;3;2;No inventariada;;9;10;2;;;1;4;1;;;1;998
5;1;8;7;7040;1;3;2;No inventariada;;9;2;1;2;;1;1;1;;;1;998
5;7;22;7;7040;1;3;2;No inventariada;;9;2;1;1;;1;4;1;;;9;998
5;6;14;7;7040;1;3;2;No inventariada;;9;4;2;;;1;1;1;;;1;998
5;2;22;7;7040;;1;1;Ma-30;0,479;6;2;1;4;;1;4;1;;;1;2
5;3;9;7;7040;1;3;2;No inventariada;;9;2;1;2;;1;1;1;;;1;998
5;3;15;7;7040;1;3;2;No inventariada;;9;6;2;;;1;1;1;;;1;998
4;1;7;7;7040;1;3;2;No inventariada;;9;2;1;2;;1;1;1;;;1;998
5;4;8;7;7040;1;3;2;No inventariada;;9;4;1;1;;1;1;1;;;1;998
5;4;0;7;7040;1;3;2;No inventariada;;9;4;1;3;;1;4;1;;;1;998
5;1;22;7;7040;1;1;1;Ma-20;3,9;2;4;2;;;1;4;1;;;1;1
1;2;23;7;7040;1;3;2;No inventariada;;9;4;1;1;;1;4;1;;;1;998
5;7;22;7;7040;;1;1;Ma-30;2,8;5;4;2;;;1;4;1;;;1;1
5;1;13;7;7040;1;3;2;No inventariada;;9;2;1;1;;3;1;3;;;1;998
5;1;23;7;7040;1;3;2;No inventariada;;9;6;2;;;1;4;1;;;1;998
5;2;13;7;7040;1;3;2;No inventariada;;9;2;1;1;;1;1;1;;;9;998
5;2;19;7;7040;;1;1;Ma-19;3,757;2;4;2;;;1;1;1;;;1;1
3;1;21;7;7040;1;3;2;No inventariada;;9;10;2;;;1;4;1;;;1;998
5;3;3;7;7040;1;3;2;No inventariada;;9;7;1;2;;1;1;1;;;1;998
5;3;17;7;7040;1;1;1;Ma-19;8;2;5;2;;;1;1;2;;;1;1
5;3;22;7;7040;;1;1;Ma-1;6,167;2;16;1;12;;1;6;1;;;1;2
5;4;9;7;7040;;1;1;Ma-19;6,022;2;4;2;;;1;1;1;;;1;1
5;4;17;7;7040;1;3;2;No inventariada;;9;2;1;4;;1;1;1;;;1;998
5;4;22;7;7040;1;3;2;No inventariada;;9;7;1;2;;1;4;1;;;1;998
5;1;21;7;7040;1;3;2;No inventariada;;9;2;1;2;;1;4;1;;;1;998
5;5;9;7;7040;;1;1;Ma-19;9,192;2;18;1;10;Ma-19A;1;1;1;;;1;1
5;6;12;7;7040;1;3;2;No inventariada;;9;7;1;1;;1;1;1;;;1;998
5;1;15;7;7040;1;3;2;No inventariada;;9;1;2;;;3;1;3;;;18;998
5;5;15;7;7040;;1;1;Ma-20;7,347;2;5;1;12;;1;1;1;;;1;1
5;5;14;7;7040;;1;1;Ma-20;0,3;2;3;2;;;1;1;1;;;1;2
5;5;20;7;7040;;1;1;Ma-19;7,49;2;4;2;;;1;1;1;;;1;1
5;6;1;7;7040;;1;1;Ma-19;2,5;2;14;2;;;1;4;1;;;5;1
5;6;8;7;7040;;1;1;Ma-30;1,923;5;4;1;4;Ma-15;1;1;1;;;1;1
5;6;11;7;7040;;1;1;Ma-1110;8,585;6;1;2;;;1;1;1;;;1;1
5;7;0;7;7040;1;3;2;No inventariada;;9;10;2;;;1;6;1;;;1;998
5;5;19;7;7040;1;3;2;No inventariada;;9;7;1;4;;1;1;1;;;6;998
5;6;20;7;7040;1;3;2;No inventariada;;9;2;1;1;;1;1;1;;;1;998
4;2;12;7;7040;1;3;2;No inventariada;;9;10;2;;;1;1;1;;;1;998
4;6;23;7;7040;1;3;2;No inventariada;;9;10;2;;;3;4;3;;;1;998
5;5;11;7;7040;1;3;2;No inventariada;;9;4;2;;;1;1;1;;;1;998
5;6;12;7;7040;1;3;2;No inventariada;;9;4;2;;;1;1;1;;;1;998
5;3;0;7;7040;;1;1;Ma-20;0,1;2;15;2;;;1;4;1;;;1;2
5;1;16;7;7040;1;3;2;No inventariada;;9;3;2;;;1;1;1;;;1;998
5;1;20;7;7040;1;3;2;No inventariada;;9;4;2;;;1;2;1;;;1;998
3;1;14;7;7040;1;3;2;No inventariada;;9;10;2;;;1;1;1;;;1;998
5;3;7;7;7040;1;3;2;No inventariada;;9;3;1;1;;1;1;1;;;1;998
4;1;15;7;7040;1;3;2;No inventariada;;9;4;2;;;1;1;1;;;1;998
5;1;6;7;7040;1;3;2;No inventariada;;9;4;2;;;1;2;1;;;1;998
5;2;16;7;7040;1;3;2;No inventariada;;9;2;1;1;;1;1;1;;;1;998
5;5;19;7;7040;1;3;2;No inventariada;;9;7;2;;;1;1;1;;;1;998
5;7;14;7;7040;1;3;2;No inventariada;;9;3;1;1;;1;1;1;;;1;998
4;1;13;7;7040;1;3;2;No inventariada;;9;16;2;;;1;1;1;;;1;998
5;5;14;7;7040;1;3;2;No inventariada;;9;3;1;1;;1;1;1;;;1;998
5;5;10;7;7040;1;3;2;No inventariada;;9;4;2;;;1;1;1;;;1;998
5;4;14;7;7040;1;3;2;No inventariada;;9;4;2;;;1;1;1;;;1;998
5;5;10;7;7040;1;3;2;No inventariada;;9;3;2;;;1;1;1;;;1;998
5;4;18;7;7040;;1;1;Ma-6012;3,7;6;2;1;4;Ma-19A;1;1;1;;;1;1
5;4;19;7;7040;1;3;2;No inventariada;;9;2;1;4;;1;1;1;;;6;998
5;4;12;7;7040;1;3;2;No inventariada;;9;12;2;;;1;1;1;;;1;998
5;5;8;7;7040;1;3;2;No inventariada;;9;16;2;;;3;1;3;;;1;998
5;5;9;7;7040;;1;1;Ma-20;4,3;8;4;1;12;Ma-11;1;1;1;;;1;1
5;6;13;7;7040;1;3;2;No inventariada;;9;2;1;1;;1;1;1;;;1;998
4;6;18;7;7040;1;3;2;No inventariada;;9;2;1;1;;1;1;1;;;1;998
5;5;17;7;7040;1;3;2;No inventariada;;9;10;1;4;;1;1;1;;;1;998
6;6;8;7;7040;1;3;2;No inventariada;;9;6;2;;;1;1;2;;;1;998
5;1;15;7;7040;1;3;2;No inventariada;;9;3;2;;;1;1;1;;;1;998
5;4;21;7;7040;1;3;2;No inventariada;;9;4;2;;;1;3;1;;;1;998
5;4;18;7;7040;1;3;2;No inventariada;;9;7;2;;;1;1;1;;;1;998
5;5;20;7;7040;1;3;2;No inventariada;;9;4;2;;;1;1;1;;;1;998
5;4;15;7;7040;1;3;2;No inventariada;;9;2;2;;;1;1;1;;;1;998
5;1;17;7;7040;1;3;2;No inventariada;;9;4;2;;;1;1;1;;;1;998
5;6;8;7;7040;1;3;2;No inventariada;;9;1;2;;;1;1;1;;;1;998
5;5;8;7;7040;1;3;2;No inventariada;;9;3;2;;;1;1;1;;;1;998
5;1;12;7;7040;1;3;2;No inventariada;;9;2;1;1;;1;1;1;;;1;998
5;2;15;7;7040;1;3;2;No inventariada;;9;2;2;;;1;1;1;;;1;998
6;6;16;7;7040;1;3;2;No inventariada;;9;2;1;2;;1;1;1;;;1;998
5;1;15;7;7040;1;3;2;No inventariada;;9;4;1;1;;1;1;1;;;1;998
5;2;21;7;7040;1;3;2;No inventariada;;9;7;2;;;1;4;1;;;1;998
4;2;12;7;7040;1;3;2;No inventariada;;9;19;2;;;1;1;1;;;1;998
6;6;13;7;7040;1;3;2;No inventariada;;9;3;1;2;;1;1;1;;;1;998
6;7;19;7;7040;0;1;1;Ma-13;0,899;2;19;2;;;1;1;1;;;1;1
5;5;15;7;7040;1;3;2;No inventariada;;9;3;2;;;1;1;1;;;1;998
3;1;17;7;7040;1;3;2;No inventariada;;9;4;2;;;1;1;1;;;1;998
6;1;9;7;7040;;1;1;Ma-15;3;5;4;2;;;1;1;1;;;1;1
5;3;21;7;7040;1;3;2;No inventariada;;9;2;1;1;;1;1;1;;;1;998
6;1;7;7;7040;1;3;2;No inventariada;;9;1;1;1;;1;1;1;;;1;998
6;1;14;7;7040;;1;1;Ma-15;12,85;5;12;2;;;1;1;1;;;1;1
6;1;16;7;7040;1;3;2;No inventariada;;9;4;1;2;;1;1;1;;;1;998
6;6;17;7;7040;1;3;2;No inventariada;;9;2;1;1;;1;1;1;;;1;998
5;4;21;7;7040;1;3;2;No inventariada;;9;10;2;;;1;1;1;;;1;998
5;7;10;7;7040;1;3;2;No inventariada;;9;4;2;;;1;1;1;;;1;998
5;4;15;7;7040;1;3;2;No inventariada;;9;7;1;1;;1;1;1;;;1;998
5;3;11;7;7040;1;3;2;No inventariada;;9;20;1;1;;1;1;1;;;1;998
6;3;1;7;7040;;1;1;Ma-20;0,2;8;16;2;;;1;4;1;;;1;2
5;1;13;7;7040;1;3;2;No inventariada;;9;2;2;;;1;1;1;;;6;998
5;1;13;7;7040;1;3;2;No inventariada;;9;2;1;2;;1;1;1;;;1;998
4;4;15;7;7040;1;3;2;No inventariada;;9;7;2;;;1;1;1;;;1;998
6;3;9;7;7040;;1;1;Ma-20;2,25;2;5;2;;;1;1;1;;;1;1
5;4;19;7;7040;1;3;2;No inventariada;;9;7;1;2;;1;1;1;;;1;998
5;3;23;7;7040;1;3;2;No inventariada;;9;2;1;1;;1;4;1;;;17;998
6;3;14;7;7040;1;3;2;No inventariada;;9;1;2;;;1;1;1;;;1;998
5;3;16;7;7040;1;3;2;No inventariada;;9;4;2;;;1;1;1;;;1;998
5;6;9;7;7040;1;3;2;No inventariada;;9;2;1;1;;1;1;1;;;9;998
5;1;9;7;7040;1;3;2;No inventariada;;9;7;1;1;;1;1;1;;;1;998
6;4;18;7;7011;1;1;1;Ma-1;10,974;2;4;2;;;1;1;1;;;1;1
6;1;8;7;7040;1;3;2;No inventariada;;9;2;2;;;1;1;1;;;1;998
5;3;14;7;7040;1;3;2;No inventariada;;9;2;1;2;;1;1;1;;;1;998
5;5;9;7;7040;1;3;2;No inventariada;;9;2;1;1;;1;1;1;;;1;998
6;4;16;7;7040;1;3;2;No inventariada;;9;7;2;;;1;4;1;;;1;998
6;5;21;7;7040;1;3;2;No inventariada;;9;8;2;;;1;6;1;;;1;998
6;5;22;7;7040;1;3;2;No inventariada;;9;3;1;2;;1;4;1;;;1;998
6;6;9;7;7040;;1;1;Ma-13;0,15;2;3;2;;;1;1;1;;;1;2
6;6;9;7;7040;1;3;2;No inventariada;;9;2;1;1;;1;1;2;;;1;998
6;6;12;7;7040;;1;1;Ma-19;4,7;2;4;2;;;1;1;1;;;1;1
6;7;10;7;7040;1;3;2;No inventariada;;9;1;1;2;;1;1;1;;;1;998
6;1;4;7;7040;;1;1;Ma-30;0,45;6;20;2;;;1;3;1;;;1;2
6;1;8;7;7040;1;3;2;No inventariada;;9;3;1;4;;1;1;1;;;1;998
6;3;9;7;7040;1;3;2;No inventariada;;9;2;1;1;;1;1;1;;;1;998
6;1;12;7;7040;1;3;2;No inventariada;;9;10;2;;;7;1;1;;;1;998
6;1;23;7;7040;;1;1;Ma-19;1,8;2;7;2;;;1;4;1;;;1;1
5;3;6;7;7040;1;3;2;No inventariada;;9;3;1;2;;1;3;1;;;1;998
6;1;13;7;7040;1;3;2;No inventariada;;9;10;1;2;;8;1;1;;;1;998
6;2;15;7;7040;;1;1;Ma-19;3,526;2;5;2;;;3;1;4;;;18;1
6;2;14;7;7040;1;3;2;No inventariada;;9;19;1;1;;3;1;4;;;1;998
6;7;10;7;7040;1;3;2;No inventariada;;9;2;1;1;;1;1;1;;;1;998
6;3;7;7;7040;1;3;2;No inventariada;;9;1;1;1;;3;1;2;;;1;998
6;1;17;7;7040;1;3;2;No inventariada;;9;3;1;2;;1;1;1;;;18;998
6;4;6;7;7040;;1;1;Ma-19;8,175;2;2;1;4;;3;3;1;;;1;2
6;4;17;7;7040;1;3;2;No inventariada;;9;7;1;1;;1;1;1;;;1;998
6;4;8;7;7040;;1;1;Ma-19;3,306;2;4;2;;;1;1;1;;;1;1
6;5;20;7;7040;1;3;2;No inventariada;;9;2;1;1;;1;1;1;;;1;998
6;4;0;7;7040;1;3;2;No inventariada;;9;10;1;1;;1;4;1;;;1;998
6;6;18;7;7040;1;3;2;No inventariada;;9;5;2;;;1;1;1;;;1;998
6;4;11;7;7040;;1;1;Ma-19;3,2;2;5;2;;;1;1;1;;;1;1
6;2;17;7;7040;1;3;2;No inventariada;;9;4;1;1;;3;1;3;;;1;998
6;7;10;7;7040;1;3;2;No inventariada;;9;4;2;;;1;1;1;;;1;998
6;7;12;7;7040;;1;1;Ma-11;6,501;6;10;2;;;1;1;1;;;1;1
6;5;14;7;7040;1;3;2;No inventariada;;9;3;1;1;;1;1;1;;;1;998
6;7;17;7;7040;1;1;1;Ma-20;1,8;2;4;2;;;1;1;1;;;1;3
6;1;14;7;7040;1;3;2;No inventariada;;9;4;2;;;1;1;1;;;1;998
6;7;17;7;7040;1;3;2;No inventariada;;9;2;1;1;;1;1;1;;;1;998
6;1;16;7;7040;1;3;2;No inventariada;;9;3;1;1;;1;1;1;;;1;998
6;1;16;7;7040;1;3;2;No inventariada;;9;2;1;1;;1;1;1;;;1;998
6;1;18;7;7011;1;1;1;Ma-1;8,3;2;4;2;;;1;1;1;;;1;3
6;1;12;7;7040;1;3;2;No inventariada;;9;2;1;2;;1;1;1;;;1;998
6;2;8;7;7040;1;3;2;No inventariada;;9;7;1;2;;1;1;1;;;1;998
6;6;9;7;7040;;1;1;Ma-19;11,649;2;4;2;;;1;1;1;;;1;1
6;6;20;7;7040;1;3;2;No inventariada;;9;2;2;;;1;1;1;;;1;998
6;2;10;7;7040;1;3;2;No inventariada;;9;7;1;2;;1;1;1;;;1;998
6;5;5;7;7040;1;3;2;No inventariada;;9;6;2;;;1;3;1;;;1;998
6;2;17;7;7040;1;3;2;No inventariada;;9;7;2;;;1;1;1;;;1;998
6;4;9;7;7040;1;3;2;No inventariada;;9;2;1;1;;1;1;1;;;1;998
6;3;7;7;7040;1;3;2;No inventariada;;9;2;1;1;;1;1;1;;;1;998
6;2;13;7;7040;;1;1;Ma-30;0,8;6;2;1;2;Ma-5012;1;1;1;;;1;1
6;3;17;7;7040;;1;1;Ma-19;7,558;2;5;2;;;1;1;1;;;1;1
6;5;14;7;7040;1;3;2;No inventariada;;9;10;2;;;1;1;1;;;1;998
6;3;18;7;7040;1;3;2;No inventariada;;9;9;1;2;;3;1;3;;;1;998
6;4;20;7;7040;1;3;2;No inventariada;;9;7;1;2;;1;1;1;;;1;998
6;5;18;7;7040;1;3;2;No inventariada;;9;10;1;2;;1;1;1;;;1;998
6;5;22;7;7040;1;3;2;No inventariada;;9;7;1;4;;1;4;1;;;1;998
6;5;11;7;7040;1;3;2;No inventariada;;9;2;1;1;;1;1;1;;;1;998
6;5;6;7;7040;1;3;2;No inventariada;;9;16;1;4;;1;3;1;;;1;998
6;5;8;7;7040;1;3;2;No inventariada;;7;7;1;4;;1;1;1;;;1;998
6;6;8;7;7040;;1;1;Ma-1110;4,6;5;3;1;2;DESCONOCID;1;1;1;;;1;1
6;6;14;7;7040;1;3;2;No inventariada;;9;3;1;1;;1;1;1;;;1;998
6;5;19;7;7040;1;3;2;No inventariada;;9;3;1;2;;2;1;2;;;1;998
6;4;9;7;7040;1;3;2;No inventariada;;9;7;2;;;1;1;1;;;1;998
6;2;6;7;7040;1;3;2;No inventariada;;13;1;2;;;1;1;1;;;1;998
6;5;17;7;7040;1;3;2;No inventariada;;9;2;1;1;;1;1;1;;;1;998
6;7;17;7;7040;1;3;2;No inventariada;;9;2;1;1;;1;1;1;;;1;998
6;7;3;7;7040;1;3;2;No inventariada;;9;10;1;2;;1;4;1;;;1;998
6;2;7;7;7040;1;3;2;No inventariada;;9;1;2;;;1;1;1;;;6;998
6;6;15;7;7040;;1;1;Ma-20;6,983;2;4;2;;;1;1;1;;;1;1
6;4;9;7;7040;1;3;2;No inventariada;;9;2;1;1;;1;1;1;;;9;998
6;2;13;7;7040;1;3;2;No inventariada;;9;4;2;;;1;1;1;;;1;998
6;2;14;7;7040;1;3;2;No inventariada;;7;1;2;;;1;1;1;;;1;998
5;5;1;7;7040;1;3;2;No inventariada;;9;3;2;;;1;4;1;;;18;998
6;3;12;7;7040;1;3;2;No inventariada;;9;2;1;4;;1;1;1;;;1;998
6;4;13;7;7040;;1;1;Ma-1044;1,1;6;4;2;;;1;1;1;;;4;1
6;4;15;7;7040;1;3;2;No inventariada;;9;2;1;1;;1;1;1;;;1;998
6;4;14;7;7040;1;3;2;No inventariada;;9;20;1;2;;1;1;1;;;1;998
6;4;19;7;7040;1;3;2;No inventariada;;9;4;2;;;1;1;1;;;1;998
6;4;23;7;7040;1;3;2;No inventariada;;13;10;2;;;1;4;1;;;1;998
6;1;2;7;7040;1;3;2;No inventariada;;9;4;1;2;;1;4;1;;;1;998
6;4;11;7;7040;1;3;2;No inventariada;;9;7;1;2;;1;1;1;;;1;998
6;5;14;7;7040;;1;1;Ma-19;8,2;2;4;2;;;1;1;1;;;1;1
6;5;14;7;7040;1;3;2;No inventariada;;9;2;1;2;Ma-20;1;1;1;;;1;998
6;7;12;7;7040;;1;1;Ma-30;0,3;6;3;1;4;Ma-30;1;1;5;;;18;2
6;7;12;7;7040;1;3;2;No inventariada;;9;4;1;1;;1;1;1;;;1;998
6;7;16;7;7040;1;3;2;No inventariada;;9;2;1;1;;1;1;1;;;1;998
6;7;19;7;7040;1;3;2;No inventariada;;9;2;1;1;;1;1;1;;;1;998
6;4;19;7;7040;1;3;2;No inventariada;;9;2;2;;;1;1;1;;;1;998
7;2;14;7;7040;1;3;2;No inventariada;;9;2;1;2;;1;1;1;;;1;998
7;3;0;7;7040;;1;1;Ma-19;2,977;2;12;1;12;Ma-20;1;4;1;;;1;2
7;3;7;7;7040;1;3;2;No inventariada;;9;3;1;1;;1;1;1;;;1;998
6;1;20;7;7040;1;3;2;No inventariada;;9;10;2;;;1;1;1;;;1;998
7;3;11;7;7040;1;3;2;No inventariada;;9;7;2;;;1;1;1;;;1;998
6;6;19;7;7040;1;1;1;Ma-1;4;2;2;2;;;1;1;1;;;1;1
6;2;9;7;7040;1;3;2;No inventariada;;9;12;2;;;1;1;1;;;1;998
7;4;9;7;7040;;1;1;Ma-19;10,38;2;3;2;;;1;1;1;;;1;1
7;2;18;7;7040;1;3;2;No inventariada;;9;2;1;1;;1;1;1;;;1;998
7;4;20;7;7040;1;3;2;No inventariada;;14;7;2;;;1;1;1;;;6;998
7;6;1;7;7040;;1;1;Ma-20;7,624;2;19;1;12;;1;4;1;;;1;1
7;6;0;7;7040;1;3;2;No inventariada;;9;3;1;1;;1;4;1;;;1;998
7;6;0;7;7040;;1;1;Ma-19A;13,415;6;19;2;;;1;6;1;;;1;1
7;3;4;7;7040;1;3;2;No inventariada;;9;3;1;1;;1;4;1;;;1;998
7;7;7;7;7040;;1;1;Ma-13;0,8;2;14;2;;;1;1;1;;;1;2
7;7;12;7;7040;;1;1;Ma-19;7,5;2;2;2;;;1;1;1;;;18;1
7;6;19;7;7040;1;3;2;No inventariada;;9;1;1;2;;1;1;1;;;1;998
7;7;22;7;7040;1;3;2;No inventariada;;9;2;1;2;;1;4;1;;;1;998
7;1;6;7;7040;;1;1;Ma-20;2,478;2;12;1;2;;1;3;1;;;1;1
4;3;20;7;7040;1;3;2;No inventariada;;9;6;2;;;1;4;1;;;1;998
7;1;8;7;7040;1;3;2;No inventariada;;9;3;2;;;2;1;2;;;1;998
7;1;15;7;7040;1;3;2;No inventariada;;9;2;1;1;;1;1;1;;;1;998
7;2;11;7;7040;;1;1;Ma-19;2,5;2;3;2;;;1;1;1;;;1;1
7;1;10;7;7040;1;3;2;No inventariada;;9;3;1;1;;1;1;1;;;1;998
7;2;11;7;7040;1;3;2;No inventariada;;9;1;2;;;3;1;1;;;1;998
6;6;15;7;7040;1;3;2;No inventariada;;9;2;1;1;;1;1;1;;;1;998
7;2;11;7;7040;1;3;2;No inventariada;;9;4;2;;;1;1;1;;;1;998
7;3;7;7;7040;1;3;2;No inventariada;;9;10;1;4;;1;1;1;;;1;998
7;3;18;7;7040;1;3;2;No inventariada;;9;4;2;;;1;1;1;;;1;998
7;4;23;7;7040;0;1;1;Ma-19;6,23;2;4;2;;;1;4;1;;;1;1
7;5;2;7;7040;;1;1;Ma-20;2,8;2;10;2;;;1;4;1;;;1;1
7;4;23;7;7040;1;3;2;No inventariada;;14;10;2;;;1;5;1;;;1;998
7;4;13;7;7040;1;3;2;No inventariada;;9;2;2;;;1;1;1;;;1;998
7;4;9;7;7040;1;3;2;No inventariada;;9;7;2;;;1;1;1;;;1;998
7;5;12;7;7040;;1;1;Ma-19;5,305;2;4;2;;;1;1;1;;;1;1
7;5;13;7;7040;;1;1;Ma-15;13,646;5;4;2;;;1;1;1;;;1;1
7;5;12;7;7040;1;1;1;Ma-15;15;5;16;2;;;1;1;1;;;1;1
7;6;5;7;7040;1;3;2;No inventariada;;9;12;2;;;1;4;1;;;1;998
6;4;12;7;7040;1;3;2;No inventariada;;9;10;2;;;1;1;1;;;1;998
6;7;20;7;7040;1;3;2;No inventariada;;9;3;1;1;;1;1;1;;;1;998
7;7;9;7;7040;1;1;1;Ma-3011;2,3;6;1;2;;;1;1;1;;;1;1
7;6;21;7;7040;;1;1;Ma-3011;6,8;6;1;1;2;;1;2;1;;;1;1