MES;DIA_SEMANA;HORA;COD_PROVINCIA;COD_MUNICIPIO;ISLA;ZONA;ZONA_AGRUPADA;CARRETERA;KM;TIPO_VIA;TIPO_ACCIDENTE;NUDO;NUDO_INFO;CARRETERA_CRUCE;CONDICION_FIRME;CONDICION_ILUMINACION;CONDICION_METEO;CONDICION_NIEBLA;CONDICION_VIENTO;VISIB_RESTRINGIDA_POR;TRAZADO_PLANTA
7;1;15;7;7040;1;3;2;No inventariada;;9;2;1;2;;1;1;1;;;1;998
7;1;18;7;7040;;1;1;Ma-20;5,201;2;4;2;;;1;1;1;;;1;1
7;6;11;7;7040;1;3;2;No inventariada;;9;2;2;;;1;1;1;;;1;998
7;2;10;7;7040;1;3;2;No inventariada;;9;2;1;1;;1;1;1;;;1;998
6;1;20;7;7040;1;3;2;No inventariada;;9;4;2;;;1;1;1;;;1;998
7;2;19;7;7040;;1;1;Ma-3017;0,01;6;4;1;2;Ma-3011;1;2;1;;;1;3
7;2;23;7;7040;1;3;2;No inventariada;;9;2;1;1;;1;4;1;;;1;998
4;2;13;7;7040;1;3;2;No inventariada;;9;4;2;;;1;1;1;;;1;998
5;2;13;7;7040;1;3;2;No inventariada;;9;2;1;1;;1;1;1;;;1;998
7;4;5;7;7040;1;1;1;Ma-20;2,8;2;14;1;12;;1;4;1;;;1;1
6;3;20;7;7040;1;3;2;No inventariada;;9;6;2;;;1;1;1;;;1;998
7;5;19;7;7040;;1;1;Ma-1;6;2;4;2;;;1;1;1;;;1;1
7;3;4;7;7040;1;3;2;No inventariada;;9;2;1;1;;1;4;1;;;1;998
7;4;20;7;7040;1;3;2;No inventariada;;9;2;1;1;;1;1;1;;;1;998
7;6;13;7;7040;1;3;2;No inventariada;;9;2;1;1;;1;1;1;;;1;998
7;6;17;7;7040;;1;1;Ma-19A;8,06;6;2;1;4;;1;1;1;;;1;4
7;6;18;7;7040;1;3;2;No inventariada;;9;2;2;;;1;1;1;;;1;998
7;6;12;7;7040;;1;1;Ma-20;5,7;2;5;2;;;1;1;1;;;1;1
7;6;20;7;7040;1;3;2;No inventariada;;9;4;2;;;1;3;1;;;1;998
7;7;15;7;7040;1;3;2;No inventariada;;9;2;1;2;;1;1;1;;;1;998
7;2;11;7;7040;1;3;2;No inventariada;;9;2;1;4;;1;1;1;;;1;998
7;2;8;7;7040;;1;1;Ma-15;1,7;5;4;1;4;;1;1;1;;;1;2
7;2;8;7;7040;1;3;2;No inventariada;;9;4;1;2;;1;1;1;;;1;998
7;1;17;7;7040;1;3;2;No inventariada;;9;3;1;1;;1;1;1;;;1;998
7;2;15;7;7040;1;3;2;No inventariada;;9;7;1;1;;1;1;1;;;1;998
7;2;12;7;7040;1;3;2;No inventariada;;9;2;2;;;1;1;1;;;1;998
7;3;10;7;7040;;1;1;Ma-13;1;2;4;2;;;1;1;1;;;1;1
7;3;16;7;7040;;1;1;Ma-19;4,713;2;4;2;;;1;1;1;;;1;1
7;4;5;7;7040;1;3;2;No inventariada;;9;7;2;;;1;4;1;;;1;998
7;4;9;7;7040;1;3;2;No inventariada;;9;4;1;2;;1;1;1;;;1;998
7;3;20;7;7040;1;3;2;No inventariada;;9;3;1;1;;1;1;1;;;1;998
7;4;16;7;7040;1;3;2;No inventariada;;9;6;2;;;1;1;1;;;1;998
7;4;12;7;7040;1;3;2;No inventariada;;9;2;1;2;;1;1;1;;;1;998
7;5;14;7;7040;;1;1;Ma-19A;10,5;6;9;1;4;Ma-19A;1;1;1;;;1;3
7;5;15;7;7040;1;3;2;No inventariada;;9;3;1;2;;1;1;1;;;1;998
4;7;5;7;7040;1;3;2;No inventariada;;9;10;2;;;1;4;1;;;1;998
7;5;19;7;7040;1;3;2;No inventariada;;9;10;2;;;1;1;1;;;1;998
7;6;4;7;7040;;1;1;Ma-19;3;2;15;1;2;Ma-20;1;4;1;;;1;2
7;5;13;7;7040;1;3;2;No inventariada;;9;3;1;2;;1;1;1;;;1;998
7;7;1;7;7040;;1;1;Ma-19A;8,729;6;2;1;2;;1;6;1;;;1;1
6;6;12;7;7040;1;3;2;No inventariada;;9;2;1;1;;1;1;1;;;1;998
7;1;18;7;7040;;1;1;Ma-19;8,046;2;4;2;;;1;1;1;;;1;1
7;2;10;7;7040;;1;1;Ma-19;7,461;2;3;2;;;1;1;1;;;1;3
7;5;1;7;7040;1;3;2;No inventariada;;9;7;1;2;;1;4;1;;;1;998
7;2;8;7;7040;1;3;2;No inventariada;;9;2;1;4;;1;1;1;;;1;998
6;1;14;7;7040;1;3;2;No inventariada;;9;2;1;2;;1;1;1;;;1;998
7;3;20;7;7040;1;3;2;No inventariada;;9;3;1;1;;1;1;1;;;9;998
7;1;23;7;7040;1;3;2;No inventariada;;9;7;2;;;1;4;1;;;1;998
7;1;0;7;7040;1;3;2;No inventariada;;9;10;1;1;;1;4;1;;;1;998
8;6;12;7;7040;1;3;2;No inventariada;;9;2;1;1;;1;1;1;;;1;998
8;6;15;7;7040;1;3;2;No inventariada;;9;3;1;1;;1;1;1;;;1;998
8;5;20;7;7040;1;3;2;No inventariada;;9;3;2;;;1;1;1;;;1;998
8;6;21;7;7040;0;1;1;Ma-15;4,67;5;2;1;4;;1;4;1;;;1;1
8;7;10;7;7040;;1;1;Ma-19;3,351;2;3;2;;;1;1;1;;;1;1
7;7;8;7;7040;1;3;2;No inventariada;;9;2;1;2;;1;1;1;;;1;998
8;1;5;7;7040;1;3;2;No inventariada;;9;2;1;1;;1;4;1;;;1;998
8;1;15;7;7040;;1;1;Ma-20;5,415;2;5;2;;;1;1;1;;;1;1
8;4;21;7;7040;1;3;2;No inventariada;;9;2;1;1;;1;4;1;;;1;998
8;2;8;7;7040;1;3;2;No inventariada;;9;2;1;1;;1;1;1;;;1;998
8;2;14;7;7040;;1;1;Ma-20;0,9;2;5;2;;;1;1;1;;;1;1
8;2;15;7;7040;;1;1;Ma-20;0,3;2;4;2;;;1;1;1;;;1;2
7;3;20;7;7040;1;3;2;No inventariada;;9;7;2;;;1;1;1;;;1;998
8;2;15;7;7040;1;3;2;No inventariada;;9;2;1;2;;1;1;1;;;1;998
8;5;0;7;7040;1;1;1;Ma-20;7,2;2;12;2;;;1;4;1;;;1;1
8;1;16;7;7040;;1;1;Ma-13;1,022;2;4;2;;;1;1;1;;;1;1
6;2;2;7;7040;1;3;2;No inventariada;;9;1;2;;;1;4;1;;;1;998
7;4;23;7;7040;1;3;2;No inventariada;;9;2;1;2;;1;4;1;;;1;998
7;7;8;7;7040;1;3;2;No inventariada;;9;2;1;1;;1;1;1;;;1;998
8;3;17;7;7040;;1;1;Ma-30;0,5;6;2;2;;;1;1;1;;;1;1
8;4;16;7;7040;;1;1;Ma-30;0,5;6;2;1;4;;1;1;1;;;1;1
8;4;2;7;7040;1;3;2;No inventariada;;9;10;2;;;1;4;1;;;1;998
8;4;3;7;7040;1;3;2;No inventariada;;9;3;1;5;;1;4;1;;;1;998
8;4;14;7;7040;1;3;2;No inventariada;;11;2;2;;;1;1;1;;;1;998
8;5;20;7;7040;;1;1;Ma-20;2,957;2;5;2;;;1;1;1;;;1;1
8;2;8;7;7040;1;3;2;No inventariada;;9;10;1;1;;1;1;1;;;1;998
8;6;12;7;7040;;1;1;Ma-19A;8,648;6;2;2;;;1;1;1;;;1;1
7;1;18;7;7040;1;3;2;No inventariada;;9;2;1;4;;1;1;1;;;1;998
8;7;0;7;7040;1;3;2;No inventariada;;9;2;1;1;;1;4;1;;;1;998
8;7;15;7;7040;1;3;2;No inventariada;;9;16;2;;;1;1;1;;;1;998
8;2;18;7;7040;1;3;2;No inventariada;;9;2;1;1;;1;1;1;;;1;998
8;5;12;7;7040;1;1;1;Ma-20;1,8;2;4;1;2;;1;1;1;;;1;1
8;1;9;7;7040;1;3;2;No inventariada;;9;3;2;;;1;1;1;;;6;998
8;3;14;7;7040;1;3;2;No inventariada;;9;4;2;;;1;1;1;;;1;998
8;1;23;7;7040;1;3;2;No inventariada;;9;2;1;2;;1;4;1;;;1;998
7;7;1;7;7040;1;3;2;No inventariada;;9;4;1;1;;1;4;1;;;1;998
8;4;21;7;7040;1;3;2;No inventariada;;9;3;1;2;;1;4;1;;;1;998
8;4;22;7;7040;1;3;2;No inventariada;;9;3;1;1;;1;4;1;;;1;998
7;7;3;7;7040;1;3;2;No inventariada;;9;6;2;;;1;4;1;;;1;998
8;1;12;7;7040;1;3;2;No inventariada;;9;3;1;1;;1;1;1;;;1;998
8;2;0;7;7040;;1;1;Ma-15;4,5;5;12;1;4;Ma-30;1;4;1;;;1;2
8;2;23;7;7040;;1;1;Ma-19;10,06;2;4;2;;;1;6;1;;;1;1
7;6;23;7;7040;1;3;2;No inventariada;;9;10;2;;;1;4;1;;;1;998
7;3;14;7;7040;1;1;1;Ma-19;3,8;2;2;1;4;Ma-6012;1;1;1;;;1;1
8;2;9;7;7040;1;3;2;No inventariada;;9;7;2;;;1;1;1;;;1;998
8;3;17;7;7040;1;3;2;No inventariada;;9;3;2;;;1;1;1;;;1;998
8;3;22;7;7040;1;3;2;No inventariada;;9;10;2;;;1;4;2;;;1;998
7;5;23;7;7040;1;3;2;No inventariada;;9;2;1;1;;1;4;1;;;1;998
7;6;21;7;7040;1;3;2;No inventariada;;9;7;2;;;1;4;1;;;1;998
4;6;22;7;7040;1;3;2;No inventariada;;9;7;2;;;1;4;1;;;1;998
8;4;7;7;7040;;1;1;Ma-19;9,526;2;4;1;4;;1;1;2;;;1;1
8;3;11;7;7040;1;3;2;No inventariada;;9;10;2;;;1;1;2;;;1;998
8;5;12;7;7040;;1;1;Ma-20;1,1;2;4;2;;;1;1;7;;;1;1
8;5;14;7;7040;1;3;2;No inventariada;;9;1;1;1;;1;1;1;;;1;998
8;6;3;7;7040;;1;1;Ma-19;9;2;4;2;;;1;6;1;;;1;1
8;6;13;7;7040;;1;1;Ma-6012;1,2;6;16;2;;;1;1;1;;;1;1
8;6;19;7;7040;;1;1;Ma-19;3,7;2;4;2;;;1;1;1;;;1;1
8;7;9;7;7040;;1;1;Ma-30;0,423;6;2;1;4;Ma-19;1;1;2;;;1;2
8;6;23;7;7040;1;3;2;No inventariada;;9;6;2;;;1;4;1;;;1;998
8;3;22;7;7040;1;3;2;No inventariada;;9;3;2;;;1;4;1;;;1;998
8;1;21;7;7040;1;3;2;No inventariada;;9;2;1;1;;1;4;1;;;1;998
8;6;19;7;7040;1;3;2;No inventariada;;9;7;2;;;1;1;1;;;1;998
8;1;12;7;7040;1;1;1;Ma-15;4,8;5;15;2;;;1;1;1;;;1;1
8;2;15;7;7040;;1;1;Ma-30;0,278;6;2;1;4;Ma-19;1;1;1;;;1;2
8;1;16;7;7040;1;3;2;No inventariada;;9;2;2;;;1;1;1;;;1;998
8;2;19;7;7040;1;3;2;No inventariada;;9;2;2;;;1;1;1;;;1;998
8;3;10;7;7040;1;3;2;No inventariada;;9;4;2;;;1;1;1;;;1;998
8;3;16;7;7040;1;3;2;No inventariada;;9;7;1;1;;1;1;1;;;1;998
8;3;15;7;7040;1;3;2;No inventariada;;9;2;1;1;;1;1;1;;;1;998
8;3;23;7;7040;;1;1;Ma-13;2,704;2;4;2;;;1;6;1;;;1;1
8;4;20;7;7040;;1;1;Ma-19;3,158;2;10;2;;;1;1;7;;;1;2
8;3;21;7;7040;1;3;2;No inventariada;;9;2;2;;;1;3;1;;;1;998
8;4;5;7;7040;1;3;2;No inventariada;;9;1;2;;;1;4;1;;;1;998
7;5;1;7;7040;1;3;2;No inventariada;;9;1;2;;;1;4;1;;;1;998
8;5;5;7;7040;;1;1;Ma-3011;12,3;6;18;2;;;1;6;1;;;1;2
8;4;13;7;7040;1;3;2;No inventariada;;9;7;2;;;1;1;1;;;1;998
8;5;6;7;7040;;1;1;Ma-20;0,15;2;12;2;;;1;4;1;;;1;2
8;5;11;7;7040;;1;1;Ma-19;9,751;2;4;2;;;1;1;1;;;1;1
8;5;13;7;7040;1;1;1;Ma-20;4,197;2;4;2;;;1;1;1;;;1;1
8;5;14;7;7040;1;3;2;No inventariada;;9;2;1;2;;1;1;1;;;1;998
8;6;7;7;7040;1;3;2;No inventariada;;9;3;2;;;1;1;1;;;1;998
8;6;15;7;7040;;1;1;Ma-30;0,3;6;2;1;4;;1;1;1;;;1;2
8;6;16;7;7040;1;3;2;No inventariada;;9;6;2;;;1;1;1;;;1;998
8;5;22;7;7040;1;3;2;No inventariada;;9;2;1;1;;1;4;1;;;1;998
8;6;23;7;7040;1;1;1;Ma-19;2,146;2;10;2;;;1;4;1;;;1;1
6;2;11;7;7040;1;3;2;No inventariada;;9;2;1;1;;1;1;1;;;1;998
8;7;19;7;7040;1;3;2;No inventariada;;9;2;1;1;;1;1;1;;;1;998
8;3;12;7;7040;1;3;2;No inventariada;;9;2;1;1;;1;1;1;;;1;998
8;7;7;7;7040;1;3;2;No inventariada;;9;10;1;1;;1;3;1;;;1;998
8;1;13;7;7040;;1;1;Ma-19;1,091;5;4;2;;;1;1;1;;;1;1
8;2;7;7;7040;;1;1;Ma-11;6,7;6;4;2;;;1;2;1;;;1;1
8;2;8;7;7040;;1;1;Ma-1110;3;5;12;2;;;1;1;1;;;1;1
8;1;10;7;7040;1;3;2;No inventariada;;9;2;2;;;1;1;1;;;1;998
8;5;19;7;7040;1;3;2;No inventariada;;9;1;1;2;;1;1;1;;;1;998
8;2;22;7;7040;1;3;2;No inventariada;;9;4;1;1;;1;4;1;;;1;998
8;4;12;7;7040;1;3;2;No inventariada;;9;2;1;1;;1;1;1;;;1;998
8;3;16;7;7040;1;3;2;No inventariada;;9;10;2;;;1;1;1;;;1;998
8;3;14;7;7040;;1;1;Ma-19;12,073;2;3;2;;;1;1;1;;;1;1
8;4;2;7;7040;1;3;2;No inventariada;;9;12;2;;;1;4;1;;;1;998
8;5;8;7;7036;1;1;1;Ma-30;6,647;5;3;1;4;;1;1;1;;;1;2
8;5;11;7;7040;;1;1;Ma-15;1,8;5;4;2;;;1;1;1;;;1;1
8;4;9;7;7040;1;3;2;No inventariada;;9;6;2;;;1;1;1;;;1;998
8;5;22;7;7040;;1;1;Ma-30;0,3;6;7;1;4;Ma-19;1;4;1;;;1;1
8;6;16;7;7040;1;3;2;No inventariada;;9;2;2;;;1;1;1;;;1;998
8;1;13;7;7040;1;3;2;No inventariada;;9;2;2;;;1;1;1;;;1;998
8;4;12;7;7040;1;3;2;No inventariada;;9;2;1;2;;1;1;1;;;1;998
8;6;1;7;7040;1;3;2;No inventariada;;9;4;2;;;1;4;1;;;1;998
8;5;10;7;7040;1;3;2;No inventariada;;9;2;2;;;1;1;1;;;1;998
9;7;22;7;7040;;1;1;Ma-3017;1,139;6;16;2;;;1;5;2;;;1;3
8;5;22;7;7040;1;3;2;No inventariada;;9;2;2;;;1;4;1;;;1;998
7;5;0;7;7040;1;3;2;No inventariada;;9;10;2;;;1;4;1;;;1;998
9;1;8;7;7040;1;3;2;No inventariada;;9;2;1;2;;1;1;1;;;1;998
9;1;15;7;7040;1;3;2;No inventariada;;9;10;1;2;;1;1;2;;;1;998
8;1;15;7;7040;1;3;2;No inventariada;;9;2;1;1;;1;1;1;;;1;998
9;1;19;7;7040;1;3;2;No inventariada;;9;3;1;2;;1;1;2;;;1;998
9;2;8;7;7040;1;3;2;No inventariada;;9;4;2;;;1;1;1;;;1;998
9;2;9;7;7040;1;3;2;No inventariada;;9;2;1;2;;1;1;1;;;1;998
9;2;14;7;7040;;1;1;Ma-6011;2,934;6;3;1;1;;1;1;1;;;1;1
9;2;16;7;7040;;1;1;Ma-20;6,8;2;4;2;;;1;1;2;;;1;1
8;6;15;7;7040;1;3;2;No inventariada;;9;2;1;2;;1;1;1;;;1;998
9;3;7;7;7040;1;3;2;No inventariada;;9;2;1;1;;1;1;1;;;1;998
8;4;19;7;7040;1;3;2;No inventariada;;9;2;1;1;;1;1;1;;;1;998
9;3;12;7;7040;;1;1;Ma-1;6,5;2;4;2;;;1;1;1;;;1;1
9;3;10;7;7040;1;3;2;No inventariada;;9;3;2;;;1;1;1;;;1;998
9;3;14;7;7031;1;1;1;Ma-6014;0,064;6;9;2;;;1;1;1;;;1;1
9;4;0;7;7040;1;3;2;No inventariada;;9;20;2;;;1;4;1;;;1;998
9;4;7;7;7011;1;1;1;Ma-1;7,629;2;5;2;;;1;2;1;;;1;1
9;5;0;7;7040;1;3;2;No inventariada;;14;10;2;;;1;4;1;;;1;998
9;5;8;7;7040;1;3;2;No inventariada;;9;3;1;4;;1;1;1;;;1;998
9;5;11;7;7040;;1;1;Ma-19;3,803;2;4;1;4;Ma-6013;1;1;1;;;1;4
9;5;11;7;7040;;1;1;Ma-15;1,711;5;2;1;4;;1;1;1;;;18;2
9;5;7;7;7040;1;3;2;No inventariada;;9;16;2;;;1;1;1;;;1;998
7;6;8;7;7040;1;3;2;No inventariada;;9;4;2;;;1;1;1;;;1;998
8;6;11;7;7040;1;3;2;No inventariada;;9;4;1;4;;1;1;1;;;1;998
9;5;17;7;7040;0;1;1;Ma-19;7,5;2;5;2;;;1;1;1;;;1;1
9;5;20;7;7040;1;3;2;No inventariada;;9;10;2;;;1;4;1;;;1;998
8;5;5;7;7040;1;3;2;No inventariada;;9;3;2;;;1;4;1;;;1;998
8;7;11;7;7040;1;3;2;No inventariada;;9;2;1;1;;1;1;1;;;1;998
9;3;18;7;7040;1;3;2;No inventariada;;9;2;1;2;;3;1;2;;;1;998
9;6;19;7;7040;;1;1;Ma-19;8,98;2;3;2;;;1;1;1;;;1;1
9;5;13;7;7040;1;3;2;No inventariada;;9;2;2;;;1;1;1;;;1;998
9;7;7;7;7040;1;3;2;No inventariada;;9;10;1;1;;3;1;3;;;1;998
9;1;16;7;7040;1;3;2;No inventariada;;9;7;2;;;1;1;1;;;9;998
9;1;12;7;7040;1;3;2;No inventariada;;9;2;1;1;;1;1;1;;;1;998
9;2;9;7;7040;;1;1;Ma-19;3,527;2;4;2;;;1;1;1;;;1;1
9;2;12;7;7040;;1;1;Ma-6012;0,344;6;2;1;2;;1;1;1;;;1;1
9;2;15;7;7040;1;3;2;No inventariada;;9;4;2;;;1;1;1;;;1;998
9;2;14;7;7040;1;3;2;No inventariada;;9;1;2;;;1;1;1;;;1;998
9;2;19;7;7040;;1;1;Ma-6012;0,1;6;2;1;4;;1;1;1;;;6;1
9;2;11;7;7040;1;3;2;No inventariada;;9;6;2;;;1;1;1;;;1;998
9;2;8;7;7040;1;3;2;No inventariada;;9;2;1;4;;1;1;1;;;1;998
7;1;6;7;7040;1;3;2;No inventariada;;14;7;2;;;1;2;1;;;10;998
9;2;20;7;7040;1;3;2;No inventariada;;9;2;1;1;;1;4;1;;;1;998
9;3;16;7;7040;1;3;2;No inventariada;;9;1;1;1;;1;1;1;;;1;998
9;2;18;7;7031;1;1;1;Ma-6014;0,2;6;4;2;;;1;1;1;;;1;1
9;3;16;7;7040;;1;1;Ma-20;5;2;3;2;;;1;1;1;;;1;1
9;6;0;7;7040;1;3;2;No inventariada;;9;4;2;;;1;4;1;;;1;998
8;5;14;7;7040;1;3;2;No inventariada;;9;3;2;;;1;1;1;;;1;998
9;5;15;7;7040;1;3;2;No inventariada;;9;7;2;;;1;1;2;;;1;998
9;3;18;7;7040;1;3;2;No inventariada;;9;7;2;;;1;1;1;;;1;998
9;5;20;7;7040;1;3;2;No inventariada;;9;3;2;;;1;4;1;;;1;998
9;6;13;7;7040;1;3;2;No inventariada;;9;7;1;2;;1;1;1;;;1;998
9;7;10;7;7040;1;3;2;No inventariada;;9;2;1;1;;1;1;1;;;1;998
9;5;21;7;7040;1;1;1;Ma-1041;4,5;6;2;1;2;;1;4;1;;;2;1
9;7;15;7;7040;1;3;2;No inventariada;;9;4;2;;;1;1;1;;;1;998
8;6;5;7;7040;1;3;2;No inventariada;;9;10;2;;;1;4;1;;;1;998
8;7;22;7;7040;1;3;2;No inventariada;;11;6;2;;;1;4;1;;;1;998
8;6;1;7;7040;1;3;2;No inventariada;;14;7;2;;;1;4;1;;;18;998
7;4;14;7;7040;1;3;2;No inventariada;;9;2;1;2;;1;1;1;;;1;998
9;1;16;7;7040;;1;1;Ma-19;4;2;4;2;;;1;1;1;;;1;1
8;2;6;7;7040;1;3;2;No inventariada;;9;7;1;2;;1;1;1;;;1;998
9;2;8;7;7040;1;3;2;No inventariada;;9;7;2;;;1;1;1;;;6;998
9;4;20;7;7040;1;3;2;No inventariada;;9;2;2;;;1;3;1;;;1;998
8;5;12;7;7040;1;3;2;No inventariada;;9;2;2;;;1;1;1;;;1;998
8;6;1;7;7040;1;3;2;No inventariada;;9;10;2;;;1;4;1;;;1;998
9;3;23;7;7040;1;3;2;No inventariada;;9;4;2;;;1;4;1;;;1;998
9;4;6;7;7040;1;3;2;No inventariada;;9;6;2;;;1;3;1;;;1;998
9;3;23;7;7040;1;3;2;No inventariada;;9;7;2;;;1;4;1;;;1;998
9;5;5;7;7040;;1;1;Ma-20;2,5;2;4;2;;;1;5;2;;;1;1
9;5;11;7;7040;1;3;2;No inventariada;;9;6;2;;;1;1;1;;;1;998
9;5;14;7;7040;1;3;2;No inventariada;;9;4;2;;;1;1;2;;;1;998
9;5;16;7;7040;;1;1;Ma-20;6,591;2;3;1;4;;1;1;1;;;1;1
9;6;6;7;7040;1;3;2;No inventariada;;9;10;2;;;1;4;1;;;1;998
9;7;6;7;7040;;1;1;Ma-19;3,005;2;12;2;;;1;4;1;;;1;2
9;6;11;7;7040;1;3;2;No inventariada;;9;2;1;1;;1;1;1;;;1;998
9;7;13;7;7040;1;3;2;No inventariada;;9;2;1;1;;1;1;1;;;9;998
9;5;19;7;7040;1;3;2;No inventariada;;9;20;2;;;1;1;1;;;1;998
9;1;16;7;7040;1;3;2;No inventariada;;9;2;1;4;Ma-20;1;1;1;;;1;998
9;1;17;7;7040;;1;1;Ma-20;4;2;4;2;;;1;1;1;;;1;1
9;1;10;7;7040;1;3;2;No inventariada;;9;2;1;2;;1;1;1;;;1;998
9;2;6;7;7040;;1;1;Ma-19A;8,9;6;2;1;2;;1;6;1;;;1;1
9;2;13;7;7040;1;3;2;No inventariada;;9;2;1;2;;1;1;1;;;1;998
9;6;6;7;7040;1;3;2;No inventariada;;9;2;1;1;;1;1;1;;;1;998
9;1;20;7;7040;1;3;2;No inventariada;;9;2;1;1;;1;3;1;;;1;998
8;1;16;7;7040;1;3;2;No inventariada;;9;2;2;;;1;1;1;;;1;998
8;2;15;7;7040;1;3;2;No inventariada;;9;3;2;;;1;1;1;;;1;998
9;1;8;7;7040;1;3;2;No inventariada;;9;7;1;1;;1;1;1;;;1;998
9;3;9;7;7040;1;3;2;No inventariada;;9;1;1;2;;1;1;1;;;1;998
9;3;14;7;7040;;1;1;Ma-20;2,4;2;4;2;;;1;1;1;;;1;1
9;2;21;7;7040;1;3;2;No inventariada;;9;10;2;;;2;4;1;;;1;998
8;2;3;7;7040;1;3;2;No inventariada;;9;;;;;999;999;999;;;999;998
9;4;7;7;7040;;1;1;Ma-19;7,165;2;2;2;;;1;6;1;;;4;2
9;4;8;7;7040;;1;1;Ma-19;3,6;2;2;2;;;1;1;1;;;1;1
9;4;17;7;7040;1;3;2;No inventariada;;9;10;2;;;1;1;1;;;1;998
9;5;6;7;7040;;1;1;Ma-19;3,43;2;5;1;12;Ma-20;1;4;1;;;1;1
9;5;9;7;7040;1;3;2;No inventariada;;9;3;1;2;;1;1;1;;;1;998
9;4;13;7;7040;1;3;2;No inventariada;;9;10;2;;;1;1;1;;;1;998
9;5;17;7;7040;1;3;2;No inventariada;;9;2;2;;;1;1;1;;;1;998
9;4;19;7;7040;;1;1;Ma-19;7,5;2;3;1;4;;1;3;1;;;1;1
9;3;13;7;7040;1;3;2;No inventariada;;9;16;1;2;;1;1;1;;;1;998
9;6;17;7;7040;1;3;2;No inventariada;;9;3;1;1;;3;1;2;;;1;998
9;7;16;7;7040;1;3;2;No inventariada;;9;4;2;;;1;1;1;;;1;998
9;6;3;7;7040;1;1;1;Ma-20;2,3;2;12;1;12;;1;4;1;;;1;2
9;1;11;7;7040;;1;1;Ma-15;4,634;5;4;2;;;1;1;1;;;1;1
9;1;15;7;7040;1;3;2;No inventariada;;9;2;2;;;1;1;1;;;1;998
9;1;22;7;7040;;1;1;Ma-13;1,645;2;4;2;;;1;4;1;;;18;1
10;2;0;7;7040;0;1;1;Ma-20;4,05;2;4;2;;;1;4;1;;;1;1
10;2;7;7;7040;1;3;2;No inventariada;;9;3;1;1;;1;1;1;;;1;998
9;2;12;7;7040;1;3;2;No inventariada;;9;6;2;;;1;1;1;;;1;998
9;1;20;7;7040;1;3;2;No inventariada;;9;2;1;4;;1;3;1;;;1;998
7;1;12;7;7040;1;3;2;No inventariada;;9;2;1;2;;1;1;1;;;1;998
10;2;17;7;7040;1;3;2;No inventariada;;9;2;1;2;;1;1;1;;;1;998
10;3;16;7;7040;1;3;2;No inventariada;;7;3;2;;;1;1;1;;;1;998
10;3;14;7;7040;1;3;2;No inventariada;;9;2;2;;;1;1;1;;;1;998
10;2;20;7;7040;;1;1;Ma-1110;3;8;2;1;7;Ma-1110;1;4;1;;;1;2
10;2;11;7;7040;1;3;2;No inventariada;;9;7;2;;;1;1;1;;;1;998
9;7;20;7;7040;1;3;2;No inventariada;;9;2;1;1;;1;3;1;;;1;998
7;2;22;7;7040;1;3;2;No inventariada;;9;4;2;;;1;4;1;;;1;998
8;1;12;7;7040;1;3;2;No inventariada;;9;4;2;;;1;1;1;;;1;998
8;2;19;7;7040;1;3;2;No inventariada;;9;4;2;;;1;1;1;;;1;998
8;6;12;7;7040;1;3;2;No inventariada;;9;7;2;;;1;1;1;;;1;998
10;4;7;7;7040;1;3;2;No inventariada;;9;2;1;1;;1;2;2;;;1;998
9;7;14;7;7040;1;3;2;No inventariada;;9;2;1;1;;1;1;1;;;1;998
10;4;17;7;7040;1;3;2;No inventariada;;9;20;1;1;;1;1;1;;;1;998
9;7;23;7;7040;1;3;2;No inventariada;;14;4;2;;;1;6;1;;;1;998
9;1;4;7;7040;1;3;2;No inventariada;;9;6;2;;;1;4;1;;;1;998
10;5;14;7;7040;;1;1;Ma-20;3;2;4;2;;;1;1;1;;;1;1
10;5;14;7;7040;;1;1;Ma-1110;7,368;5;18;1;7;Ma-1110;1;1;1;;;1;2
10;5;19;7;7040;1;3;2;No inventariada;;9;2;1;1;;1;3;1;;;1;998
10;6;4;7;7040;;1;1;Ma-3011;7,654;6;8;2;;;1;6;1;;;1;1
10;5;11;7;7040;1;3;2;No inventariada;;9;3;1;1;;1;1;1;;;1;998
10;6;19;7;7040;1;3;2;No inventariada;;9;7;2;;;1;1;2;;;1;998
10;7;22;7;7040;1;3;2;No inventariada;;9;2;1;1;;1;4;1;;;1;998
9;6;23;7;7040;1;3;2;No inventariada;;9;2;1;1;;1;4;1;;;1;998
8;6;17;7;7040;1;3;2;No inventariada;;9;2;2;;;1;1;1;;;1;998
8;1;13;7;7040;1;3;2;No inventariada;;9;2;2;;;1;1;1;;;1;998
8;3;16;7;7040;1;3;2;No inventariada;;9;5;2;;;1;1;1;;;1;998
10;1;14;7;7040;;1;1;Ma-19;9,203;2;3;1;10;Ma-19A;1;1;1;;;1;1
10;1;15;7;7040;1;1;1;Ma-5013;2,5;6;4;1;2;;1;1;1;;;1;1
10;1;20;7;7040;1;3;2;No inventariada;;9;7;2;;;1;4;1;;;1;998
10;2;0;7;7040;1;3;2;No inventariada;;9;6;2;;;1;4;1;;;1;998
10;1;7;7;7040;1;3;2;No inventariada;;9;4;1;4;;1;1;1;;;1;998
10;2;9;7;7040;;1;1;Ma-19;3,751;2;5;1;12;Ma-20;1;1;2;;;1;1
10;2;14;7;7040;1;3;2;No inventariada;;9;6;2;;;1;1;1;;;1;998
10;2;18;7;7040;1;3;2;No inventariada;;9;10;2;;;1;1;1;;;1;998
10;3;1;7;7040;1;3;2;No inventariada;;9;1;2;;;1;4;1;;;1;998
9;4;17;7;7040;1;3;2;No inventariada;;9;10;1;1;;1;1;1;;;1;998
10;3;13;7;7040;1;3;2;No inventariada;;9;2;1;2;;1;1;1;;;1;998
10;3;22;7;7040;;1;1;Ma-15;10,182;5;4;1;10;Ma-5013;1;4;1;;;1;1
10;5;12;7;7040;1;3;2;No inventariada;;9;7;2;;;1;1;1;;;1;998
10;4;14;7;7040;1;3;2;No inventariada;;9;4;1;2;;1;1;1;;;1;998
10;5;16;7;7040;;1;1;Ma-20;8,474;2;4;2;;;1;1;1;;;1;1
10;5;16;7;7040;1;3;2;No inventariada;;9;7;2;;;1;1;1;;;1;998
10;3;11;7;7040;1;3;2;No inventariada;;9;3;2;;;1;1;1;;;1;998
10;6;23;7;7040;1;3;2;No inventariada;;9;3;1;1;;1;4;1;;;1;998
10;6;22;7;7040;1;3;2;No inventariada;;9;2;1;1;;1;4;1;;;1;998