MES;DIA_SEMANA;HORA;COD_PROVINCIA;COD_MUNICIPIO;ISLA;ZONA;ZONA_AGRUPADA;CARRETERA;KM;TIPO_VIA;TIPO_ACCIDENTE;NUDO;NUDO_INFO;CARRETERA_CRUCE;CONDICION_FIRME;CONDICION_ILUMINACION;CONDICION_METEO;CONDICION_NIEBLA;CONDICION_VIENTO;VISIB_RESTRINGIDA_POR;TRAZADO_PLANTA
10;5;23;7;7040;1;3;2;No inventariada;;9;3;1;2;;1;4;1;;;1;998
10;1;10;7;7040;;1;1;Ma-20;7,9;2;3;2;;;1;1;1;;;1;2
10;1;17;7;7040;;1;1;Ma-3011;8,325;6;4;2;;;1;1;1;;;18;1
10;6;11;7;7040;1;3;2;No inventariada;;9;7;1;1;;1;1;1;;;1;998
9;2;10;7;7040;1;3;2;No inventariada;;9;3;2;;;1;1;1;;;1;998
9;6;22;7;7040;1;3;2;No inventariada;;9;20;2;;;1;4;1;;;1;998
10;1;12;7;7036;1;1;1;Ma-2031;5,5;6;2;1;2;;1;1;1;;;1;4
10;7;19;7;7040;0;1;1;Ma-15;12,4;5;14;2;;;1;6;1;;;1;1
9;5;15;7;7040;1;3;2;No inventariada;;9;3;1;2;;1;1;1;;;1;998
9;6;20;7;7040;1;3;2;No inventariada;;9;3;1;2;;1;1;1;;;1;998
10;5;13;7;7040;1;3;2;No inventariada;;9;7;2;;;1;1;1;;;1;998
10;4;17;7;7040;1;3;2;No inventariada;;9;4;2;;;1;1;1;;;1;998
10;6;11;7;7040;1;3;2;No inventariada;;9;4;2;;;1;1;1;;;1;998
10;3;7;7;7040;1;3;2;No inventariada;;9;2;2;;;1;4;1;;;1;998
10;3;8;7;7040;;1;1;Ma-15;2,398;5;2;1;4;Ma-3018;1;1;1;;;1;2
10;2;9;7;7040;;1;1;Ma-3013;1,151;6;2;2;;;1;2;1;;;1;2
10;3;17;7;7040;;1;1;Ma-20;3,5;2;2;2;;;1;1;1;;;1;1
10;3;18;7;7040;1;3;2;No inventariada;;9;7;2;;;1;1;1;;;17;998
10;3;17;7;7040;1;3;2;No inventariada;;9;7;2;;;1;1;1;;;1;998
10;5;8;7;7040;1;3;2;No inventariada;;9;4;1;4;;1;1;1;;;1;998
10;3;23;7;7040;1;3;2;No inventariada;;9;3;1;4;;1;4;1;;;1;998
10;4;1;7;7040;1;3;2;No inventariada;;9;2;1;1;;1;4;1;;;1;998
10;4;12;7;7040;1;3;2;No inventariada;;9;10;1;1;;1;1;1;;;1;998
10;4;22;7;7040;1;3;2;No inventariada;;9;3;1;2;;1;4;1;;;1;998
8;5;1;7;7040;1;3;2;No inventariada;;9;20;1;1;;1;5;1;;;1;998
10;5;19;7;7040;1;3;2;No inventariada;;9;2;1;1;;1;4;1;;;1;998
10;6;6;7;7040;1;3;2;No inventariada;;9;5;2;;;1;4;1;;;1;998
10;6;11;7;7040;;1;1;Ma-20;4,167;2;4;2;;;1;1;1;;;1;1
10;6;19;7;7040;;1;1;Ma-19;3,307;2;4;2;;;1;4;1;;;1;1
10;1;8;7;7040;;1;1;Ma-13;0,2;2;4;2;;;1;1;1;;;1;2
9;2;13;7;7040;1;3;2;No inventariada;;9;4;2;;;1;1;1;;;1;998
10;6;5;7;7040;1;3;2;No inventariada;;9;9;2;;;1;4;1;;;1;998
9;5;14;7;7040;1;3;2;No inventariada;;9;3;2;;;1;1;1;;;1;998
10;2;13;7;7040;;1;1;Ma-20;5,402;2;4;2;;;1;1;1;;;1;1
10;4;11;7;7040;1;3;2;No inventariada;;9;4;2;;;1;1;1;;;1;998
9;2;8;7;7040;1;3;2;No inventariada;;9;3;1;4;;1;1;1;;;1;998
10;2;17;7;7040;;1;1;Ma-20;0,9;2;10;2;;;3;1;3;;;1;3
10;2;19;7;7040;1;3;2;No inventariada;;9;2;1;1;;1;4;1;;;17;998
10;3;18;7;7040;1;3;2;No inventariada;;9;2;1;2;;1;1;1;;;1;998
10;5;20;7;7040;1;3;2;No inventariada;;9;2;1;1;;1;4;1;;;1;998
10;2;19;7;7040;1;1;1;Ma-15;1,8;5;2;1;4;;3;3;2;;;1;2
10;2;19;7;7040;;1;1;Ma-15;1,8;5;2;1;4;Ma-20;3;4;2;;;1;2
10;3;22;7;7040;1;3;2;No inventariada;;9;3;2;;;1;4;1;;;1;998
10;3;19;7;7040;1;3;2;No inventariada;;9;2;2;;;1;4;1;;;1;998
10;4;15;7;7040;1;3;2;No inventariada;;9;6;2;;;1;1;1;;;1;998
10;4;18;7;7040;;1;1;Ma-1110;7,919;6;2;1;2;;1;4;1;;;1;1
10;6;19;7;7040;1;3;2;No inventariada;;9;4;2;;;1;1;1;;;1;998
10;2;16;7;7040;1;3;2;No inventariada;;9;4;2;;;1;1;1;;;1;998
8;7;17;7;7040;1;3;2;No inventariada;;9;4;2;;;1;1;1;;;1;998
10;1;10;7;7040;1;3;2;No inventariada;;9;7;2;;;3;1;1;;;1;998
10;4;17;7;7040;1;3;2;No inventariada;;9;2;2;;;1;1;1;;;1;998
10;5;12;7;7040;;1;1;Ma-20;2,7;2;3;2;;;1;1;1;;;1;1
10;5;14;7;7040;;1;1;Ma-13;1;2;4;2;;;1;1;1;;;1;1
10;5;23;7;7040;;1;1;Ma-30;0,72;6;1;1;1;Ma-5011;1;4;1;;;1;1
10;2;10;7;7040;1;3;2;No inventariada;;9;4;1;1;;1;1;1;;;1;998
10;6;19;7;7040;;1;1;Ma-19;8,191;2;2;1;4;Ma-19;1;3;1;;;1;1
10;6;11;7;7040;1;3;2;No inventariada;;9;2;1;1;;3;1;4;;;1;998
10;7;23;7;7040;1;3;2;No inventariada;;9;7;1;2;;3;4;3;;;5;998
10;6;12;7;7040;1;1;1;Ma-20;11,3;2;12;2;;;9;6;7;;;18;2
10;1;7;7;7040;;1;1;Ma-20;3,8;2;4;2;;;3;1;2;;;1;1
10;4;8;7;7040;1;3;2;No inventariada;;9;2;1;1;;1;1;1;;;1;998
10;5;8;7;7040;1;3;2;No inventariada;;9;2;1;1;;1;1;1;;;1;998
10;3;8;7;7040;1;3;2;No inventariada;;9;2;1;2;;1;1;1;;;1;998
10;3;14;7;7040;;1;1;Ma-19;2,446;2;4;2;;;1;1;1;;;1;1
10;1;18;7;7040;1;3;2;No inventariada;;9;7;1;2;;1;4;1;;;1;998
10;2;9;7;7040;1;3;2;No inventariada;;9;7;2;;;1;1;1;;;1;998
10;2;11;7;7040;1;1;1;Ma-3011;0,8;6;10;1;2;;3;1;2;;;1;1
10;4;18;7;7040;;1;1;Ma-19;1,754;2;4;1;1;;1;4;2;;;1;1
10;6;3;7;7040;1;3;2;No inventariada;;9;16;2;;;1;5;1;;;1;998
10;2;4;7;7040;1;3;2;No inventariada;;9;10;2;;;1;4;1;;;1;998
11;5;6;7;7040;1;3;2;No inventariada;;9;4;1;1;;1;4;1;;;1;998
10;2;7;7;7040;1;3;2;No inventariada;;9;3;2;;;1;1;1;;;1;998
10;2;12;7;7040;1;3;2;No inventariada;;9;6;2;;;1;1;1;;;1;998
10;3;18;7;7040;1;3;2;No inventariada;;9;7;1;1;;1;4;1;;;1;998
10;5;8;7;7040;1;3;2;No inventariada;;9;1;2;;;1;1;1;;;1;998
10;3;16;7;7040;1;3;2;No inventariada;;9;2;2;;;1;1;1;;;1;998
11;6;18;7;7040;1;3;2;No inventariada;;9;4;2;;;1;3;1;;;1;998
11;5;2;7;7040;0;1;1;Ma-19;2,54;2;20;2;;;1;4;3;;;1;1
11;7;22;7;7040;;1;1;Ma-20;0,7;2;10;2;;;2;3;1;;;1;1
11;1;6;7;7040;1;3;2;No inventariada;;9;3;1;1;;3;4;3;;;1;998
11;1;8;7;7040;1;3;2;No inventariada;;9;7;1;2;;3;1;2;;;1;998
9;6;9;7;7040;1;3;2;No inventariada;;9;3;1;1;;1;1;1;;;1;998
10;4;10;7;7040;1;3;2;No inventariada;;9;2;1;1;;1;1;1;;;1;998
10;1;12;7;7040;1;3;2;No inventariada;;9;2;1;1;;1;1;1;;;1;998
11;1;17;7;7040;1;3;2;No inventariada;;9;20;2;;;1;1;1;;;1;998
10;2;11;7;7040;1;3;2;No inventariada;;9;4;2;;;1;1;1;;;1;998
11;2;9;7;7040;1;3;2;No inventariada;;9;7;2;;;1;1;1;;;1;998
11;7;11;7;7040;1;3;2;No inventariada;;9;5;2;;;1;1;1;;;1;998
10;3;7;7;7040;1;3;2;No inventariada;;9;2;2;;;1;1;1;;;1;998
11;2;22;7;7040;1;3;2;No inventariada;;9;7;1;1;;1;4;1;;;1;998
10;5;9;7;7040;1;3;2;No inventariada;;9;3;1;1;;1;1;1;;;1;998
11;7;20;7;7040;0;1;1;Ma-15;15,418;5;12;2;;;1;4;1;;;1;2
11;4;17;7;7040;;1;1;Ma-20;4;2;4;2;;;1;1;1;;;1;1
11;4;13;7;7040;1;3;2;No inventariada;;9;7;2;;;1;1;2;;;1;998
10;7;18;7;7040;1;3;2;No inventariada;;9;7;2;;;1;1;1;;;6;998
11;5;8;7;7040;;1;1;Ma-3011;0,8;6;20;1;4;;1;1;7;;;1;1
11;4;8;7;7040;1;3;2;No inventariada;;9;3;2;;;1;1;1;;;1;998
11;5;10;7;7040;;1;1;Ma-13;1,651;2;4;2;;;1;1;1;;;9;3
11;4;9;7;7040;1;3;2;No inventariada;;9;7;1;1;;1;1;1;;;1;998
11;5;22;7;7040;1;3;2;No inventariada;;9;7;2;;;1;4;1;;;1;998
10;6;19;7;7040;1;3;2;No inventariada;;9;7;1;1;;1;1;1;;;1;998
11;6;6;7;7040;;1;1;Ma-19;2,148;2;2;2;;;1;3;1;;;1;1
11;6;13;7;7040;1;3;2;No inventariada;;9;7;2;;;1;1;2;;;1;998
11;7;1;7;7040;1;3;2;No inventariada;;9;4;2;;;3;4;3;;;1;998
11;7;4;7;7040;1;3;2;No inventariada;;9;16;2;;;3;4;1;;;1;998
11;7;6;7;7040;;1;1;Ma-20;1,2;2;12;1;10;Ma-15;3;4;3;;;5;1
10;1;14;7;7040;1;3;2;No inventariada;;9;3;2;;;1;1;1;;;1;998
11;1;15;7;7040;1;3;2;No inventariada;;9;2;1;1;;1;1;1;;;1;998
11;2;7;7;7040;;1;1;Ma-20;1,5;2;5;2;;;1;1;1;;;1;1
10;1;20;7;7040;1;3;2;No inventariada;;9;2;2;;;1;3;1;;;1;998
11;3;21;7;7040;1;3;2;No inventariada;;9;2;1;2;;1;4;1;;;1;998
10;4;23;7;7040;1;3;2;No inventariada;;9;3;2;;;1;4;1;;;18;998
10;7;19;7;7040;1;3;2;No inventariada;;9;1;1;1;;1;4;1;;;1;998
11;7;13;7;7040;1;3;2;No inventariada;;9;4;1;4;Ma-20;1;1;1;;;1;998
11;4;7;7;7040;1;3;2;No inventariada;;7;12;1;2;;1;4;2;;;1;998
11;4;11;7;7040;1;3;2;No inventariada;;9;3;1;4;;1;1;1;;;1;998
11;1;23;7;7040;1;3;2;No inventariada;;9;1;2;;;1;4;2;;;1;998
11;4;6;7;7040;1;3;2;No inventariada;;9;2;2;;;1;2;1;;;1;998
11;6;4;7;7040;0;1;1;Ma-19A;9;6;7;2;;;1;6;1;;;1;1
10;6;21;7;7040;1;3;2;No inventariada;;9;2;1;2;;1;4;1;;;1;998
11;5;12;7;7040;1;3;2;No inventariada;;9;7;2;;;1;1;1;;;1;998
11;3;16;7;7040;1;3;2;No inventariada;;9;2;1;1;;1;1;1;;;1;998
11;6;17;7;7040;1;3;2;No inventariada;;9;7;1;1;;1;3;1;;;1;998
11;7;10;7;7040;1;3;2;No inventariada;;9;3;1;1;;1;1;1;;;1;998
11;5;22;7;7040;1;3;2;No inventariada;;9;6;2;;;1;4;1;;;1;998
10;4;13;7;7040;1;3;2;No inventariada;;9;2;1;2;;1;1;1;;;1;998
11;5;20;7;7040;1;3;2;No inventariada;;9;16;1;2;Ma-20;1;4;1;;;1;998
11;5;13;7;7040;1;3;2;No inventariada;;9;1;1;1;;1;1;1;;;1;998
11;3;18;7;7040;1;1;1;Ma-13;0,85;2;4;2;;;1;4;1;;;1;1
11;5;16;7;7040;;1;1;Ma-1110;3,33;5;4;1;4;;1;1;1;;;1;1
11;1;17;7;7040;;1;1;Ma-3018;0,3;6;1;2;;;1;1;1;;;1;1
8;7;3;7;7040;1;3;2;No inventariada;;9;6;1;2;;1;4;1;;;1;998
11;2;14;7;7040;1;1;1;Ma-13;1,8;2;4;2;;;1;1;1;;;1;1
11;1;21;7;7040;1;3;2;No inventariada;;9;2;2;;;1;4;1;;;1;998
11;7;5;7;7040;1;3;2;No inventariada;;9;2;1;1;;3;4;3;;;1;998
11;2;17;7;7040;1;3;2;No inventariada;;9;3;2;;;1;3;1;;;1;998
11;3;11;7;7040;1;3;2;No inventariada;;9;2;2;;;1;1;1;;;18;998
11;4;15;7;7040;1;3;2;No inventariada;;9;3;2;;;1;1;1;;;1;998
11;3;12;7;7040;1;3;2;No inventariada;;9;3;2;;;1;1;1;;;1;998
11;2;8;7;7040;1;1;1;Ma-1;6,5;2;3;2;;;1;1;3;;;1;1
11;2;11;7;7040;1;3;2;No inventariada;;7;3;2;;;1;1;1;;;1;998
11;3;12;7;7040;1;3;2;No inventariada;;9;3;1;2;;1;1;1;;;1;998
11;5;13;7;7040;1;3;2;No inventariada;;9;7;2;;;1;1;1;;;1;998
11;6;18;7;7040;1;3;2;No inventariada;;9;4;2;;;1;4;1;;;1;998
11;6;5;7;7040;1;3;2;No inventariada;;9;7;2;;;1;4;1;;;1;998
11;7;3;7;7040;1;3;2;No inventariada;;9;4;2;;;1;4;1;;;1;998
11;7;14;7;7040;;1;1;Ma-1110;5,402;5;18;1;4;Ma-1110;1;1;1;;;1;1
11;7;17;7;7040;1;3;2;No inventariada;;9;7;1;2;;1;4;1;;;1;998
11;6;18;7;7040;1;3;2;No inventariada;;9;7;2;;;1;4;1;;;1;998
11;7;6;7;7040;1;1;1;Ma-1;4;2;7;2;;;1;1;1;;;1;1
10;4;12;7;7040;1;3;2;No inventariada;;9;6;2;;;1;1;1;;;1;998
10;7;12;7;7040;1;3;2;No inventariada;;9;2;1;1;;1;1;1;;;1;998
11;2;17;7;7040;1;3;2;No inventariada;;9;4;1;4;;1;4;2;;;1;998
11;1;9;7;7040;1;3;2;No inventariada;;9;2;1;2;;1;1;1;;;1;998
11;2;13;7;7040;1;3;2;No inventariada;;9;2;1;1;;1;1;1;;;1;998
11;3;10;7;7040;1;3;2;No inventariada;;9;2;2;;;1;1;1;;;1;998
11;3;13;7;7040;1;3;2;No inventariada;;9;2;1;1;;3;1;2;;;1;998
11;4;8;7;7040;1;3;2;No inventariada;;9;7;2;;;1;1;1;;;6;998
11;4;17;7;7040;;1;1;Ma-30;0,1;6;2;1;4;;1;1;1;;;1;1
11;1;7;7;7040;1;3;2;No inventariada;;9;7;1;1;;1;1;1;;;1;998
11;5;0;7;7040;1;3;2;No inventariada;;9;20;2;;;1;4;1;;;1;998
11;4;12;7;7040;1;3;2;No inventariada;;9;2;1;1;;1;1;1;;;1;998
11;5;10;7;7040;1;3;2;No inventariada;;9;4;2;;;1;1;2;;;1;998
11;5;22;7;7040;1;3;2;No inventariada;;9;2;1;1;;1;4;1;;;1;998
11;1;13;7;7040;1;3;2;No inventariada;;9;2;2;;;1;1;1;;;1;998
11;5;13;7;7040;1;3;2;No inventariada;;9;10;2;;;1;1;1;;;1;998
10;5;16;7;7040;1;3;2;No inventariada;;9;2;1;1;;1;1;1;;;1;998
10;2;14;7;7040;1;3;2;No inventariada;;9;3;1;2;;1;1;1;;;1;998
12;1;17;7;7040;1;3;2;No inventariada;;9;5;2;;;1;4;1;;;1;998
12;2;7;7;7040;1;3;2;No inventariada;;9;10;2;;;3;1;2;;;1;998
12;2;8;7;7040;1;3;2;No inventariada;;9;4;2;;;3;1;2;;;1;998
12;2;17;7;7040;;1;1;Ma-19;1,754;2;4;2;;;1;4;1;;;1;1
12;2;14;7;7040;1;3;2;No inventariada;;9;10;1;1;;1;1;2;;;1;998
12;3;9;7;7040;;1;1;Ma-13;2,778;2;4;2;;;3;1;3;;;1;1
12;3;8;7;7040;1;3;2;No inventariada;;9;7;2;;;3;1;3;;;1;998
12;3;8;7;7040;1;3;2;No inventariada;;9;10;2;;;3;1;3;;;1;998
12;3;14;7;7040;1;3;2;No inventariada;;9;7;1;2;;1;1;2;;;1;998
12;3;17;7;7040;1;3;2;No inventariada;;9;7;2;;;1;2;2;;;9;998
12;2;12;7;7040;1;3;2;No inventariada;;9;2;2;;;1;1;1;;;9;998
12;4;11;7;7040;1;3;2;No inventariada;;9;3;2;;;1;1;1;;;1;998
12;5;13;7;7040;1;3;2;No inventariada;;9;2;2;;;1;1;1;;;1;998
12;6;0;7;7040;1;3;2;No inventariada;;9;16;1;1;;1;4;1;;;1;998
12;6;22;7;7040;1;3;2;No inventariada;;9;10;2;;;8;4;1;;1;1;998
12;6;4;7;7040;1;3;2;No inventariada;;11;6;2;;;1;4;1;;;1;998
12;6;1;7;7040;1;3;2;No inventariada;;9;3;1;4;;1;4;1;;;1;998
12;1;14;7;7040;;1;1;Ma-20;3,379;2;4;2;;;1;1;1;;;1;1
12;1;22;7;7040;1;3;2;No inventariada;;9;2;1;1;;1;4;1;;;9;998
12;2;14;7;7040;;1;1;Ma-15;2,467;5;4;1;4;;1;1;2;;;1;1
12;2;22;7;7040;1;3;2;No inventariada;;9;2;1;1;;1;4;1;;;1;998
11;7;19;7;7040;1;3;2;No inventariada;;9;7;2;;;1;4;1;;;1;998
12;3;7;7;7040;;1;1;Ma-19A;9;6;3;1;2;;1;2;1;;;1;1
12;3;8;7;7040;1;3;2;No inventariada;;9;10;2;;;1;1;1;;;1;998
12;2;4;7;7040;0;1;1;Ma-20;2,5;2;3;2;;;1;4;1;;;1;1
11;2;10;7;7040;1;3;2;No inventariada;;9;6;2;;;1;1;1;;;1;998
11;5;8;7;7040;1;3;2;No inventariada;;9;10;2;;;1;1;1;;;1;998
12;2;14;7;7040;1;3;2;No inventariada;;9;6;2;;;1;1;1;;;1;998
12;4;7;7;7040;1;3;2;No inventariada;;9;2;2;;;1;1;3;;;1;998
12;4;11;7;7040;1;1;1;Ma-20;3,7;2;4;2;;;3;1;4;;;1;1
12;4;14;7;7040;1;3;2;No inventariada;;9;7;2;;;1;1;1;;;1;998
12;3;22;7;7040;1;3;2;No inventariada;;9;2;1;2;;1;4;1;;;1;998
12;6;18;7;7040;;1;1;Ma-20;4,1;2;4;2;;;1;3;1;;;1;1
12;7;17;7;7040;1;3;2;No inventariada;;9;2;1;3;;1;4;1;;;9;998
12;1;5;7;7040;1;3;2;No inventariada;;9;3;1;1;;1;4;1;;;1;998
11;6;14;7;7040;1;3;2;No inventariada;;9;7;2;;;1;1;1;;;1;998
12;2;15;7;7040;;1;1;Ma-20;3,361;2;3;2;;;1;1;2;;;1;1
12;2;16;7;7040;1;3;2;No inventariada;;9;4;2;;;1;1;1;;;1;998
12;2;17;7;7040;1;3;2;No inventariada;;9;7;1;1;;1;3;1;;;1;998
4;7;1;7;7040;1;3;2;No inventariada;;9;3;1;1;;1;4;1;;;1;998
12;4;11;7;7040;;1;1;Ma-3011;2,4;6;4;2;;;1;1;2;;;1;1
12;6;11;7;7040;1;3;2;No inventariada;;9;3;2;;;1;1;1;;;1;998
12;4;18;7;7040;;1;1;Ma-19;4,9;2;5;2;;;1;4;1;;;1;1
12;4;21;7;7040;1;3;2;No inventariada;;9;2;1;1;;1;4;1;;;1;998
12;5;20;7;7040;1;1;1;Ma-19;6,3;2;1;1;2;;1;4;1;;;1;1
12;6;3;7;7040;1;3;2;No inventariada;;9;1;2;;;1;4;1;;;1;998
12;6;11;7;7040;;1;1;Ma-15;1,8;5;2;1;4;;1;1;1;;;1;1
12;6;6;7;7040;1;3;2;No inventariada;;9;4;2;;;1;4;1;;;1;998
12;6;13;7;7040;1;3;2;No inventariada;;9;2;1;4;;1;1;1;;;1;998
12;6;21;7;7040;1;3;2;No inventariada;;9;6;2;;;1;4;1;;;1;998
12;7;10;7;7040;1;1;1;Ma-3018;1;6;18;2;;;1;1;1;;;1;2
12;1;10;7;7040;;1;1;Ma-30;0,3;6;2;1;4;Ma-19;1;1;2;;;1;2
12;1;18;7;7036;1;1;1;Ma-13;11,109;2;4;2;;;1;2;1;;;1;1
12;1;17;7;7040;;1;1;Ma-19;3,6;2;5;2;;;1;4;1;;;1;1
12;1;18;7;7040;;1;1;Ma-3011;9;6;2;1;2;;1;5;1;;;5;1
11;6;11;7;7040;1;3;2;No inventariada;;9;7;2;;;1;1;1;;;1;998
11;7;12;7;7040;1;3;2;No inventariada;;9;4;1;1;;1;1;1;;;1;998
12;1;19;7;7040;1;3;2;No inventariada;;9;3;1;4;;1;4;1;;;1;998
12;3;0;7;7040;1;3;2;No inventariada;;9;2;2;;;1;4;1;;;1;998
12;3;6;7;7040;0;1;1;Ma-20;5,183;2;16;1;7;;1;4;1;;;1;1
12;5;9;7;7040;1;3;2;No inventariada;;9;2;1;1;;1;1;1;;;1;998
12;4;18;7;7040;1;3;2;No inventariada;;9;1;2;;;1;4;1;;;1;998
12;3;21;7;7040;1;3;2;No inventariada;;14;3;2;;;1;6;1;;;1;998
12;3;23;7;7040;1;3;2;No inventariada;;9;6;2;;;1;4;1;;;1;998
11;1;19;7;7040;1;3;2;No inventariada;;9;7;2;;;1;5;1;;;1;998
12;4;15;7;7040;1;3;2;No inventariada;;9;2;1;1;;1;1;1;;;6;998
7;2;11;7;7040;1;3;2;No inventariada;;9;7;2;;;1;4;7;;;1;998
12;5;0;7;7040;1;3;2;No inventariada;;9;2;1;1;;1;4;1;;;1;998
12;5;9;7;7040;1;3;2;No inventariada;;9;3;1;1;;1;1;1;;;9;998
12;6;14;7;7040;1;3;2;No inventariada;;9;2;1;1;;1;1;1;;;1;998
12;6;18;7;7040;;1;1;Ma-3018;1;6;4;1;7;;1;4;1;;;1;2
12;6;17;7;7040;1;3;2;No inventariada;;9;2;1;2;;1;1;1;;;1;998
12;5;21;7;7040;1;3;2;No inventariada;;9;2;2;;;1;3;1;;;1;998
12;3;18;7;7040;1;3;2;No inventariada;;9;2;2;;;1;1;1;;;1;998
11;2;17;7;7040;1;3;2;No inventariada;;9;1;1;2;;3;4;3;;;5;998
12;1;14;7;7040;1;3;2;No inventariada;;9;10;2;;;1;1;1;;;1;998
12;1;12;7;7040;1;1;1;Ma-30;0,3;6;4;2;;;1;1;1;;;1;1
10;3;16;7;7040;1;3;2;No inventariada;;9;7;1;1;;1;1;1;;;1;998
12;1;21;7;7040;1;3;2;No inventariada;;9;7;1;1;;1;4;1;;;1;998
12;2;15;7;7040;1;3;2;No inventariada;;9;4;1;7;;1;1;1;;;1;998
3;5;12;7;0;1;1;1;Ma-3300;7,86;6;10;2;;;1;1;1;;;1;1
3;2;8;7;0;;1;1;Ma-3320;2,745;6;4;1;2;Ma-3320a;1;1;1;;;1;1
5;5;10;7;0;;1;1;Ma-3320;0,05;6;2;1;4;Ma-3330;1;1;1;;;1;2
5;3;16;7;0;;1;1;Ma-15;42,3;5;2;1;4;Ma-5110;1;1;1;;;1;1
7;5;16;7;0;0;1;1;Ma-5110;0,05;6;7;1;1;Ma-15;1;1;1;;;1;2
7;3;16;7;0;1;1;1;Ma-3340;0,9;6;2;1;2;;1;1;1;;;1;2
8;1;12;7;0;;1;1;Ma-3320;0,385;6;4;2;;;1;1;1;;;1;1
12;4;13;7;0;;1;1;Ma-3330;12,868;6;12;2;;;1;1;1;;;1;2
1;6;7;7;7003;0;1;1;Ma-2201;2,33;6;12;2;;;1;6;1;;;1;2
1;1;19;7;7042;;1;1;Ma-2200;52,488;6;3;1;4;Ma-2201;1;4;1;;;1;1
2;4;13;7;7042;1;1;1;Ma-2200;54,3;6;2;1;2;;1;1;1;;;1;1
2;1;14;7;7042;;1;1;Ma-2210;6,6;6;2;2;;;1;1;1;;;4;3
2;3;2;7;7042;1;1;1;Ma-2200;58;6;12;2;;;1;4;1;;;1;1
3;5;16;7;7042;;1;1;Ma-2200;47,2;6;16;1;2;;1;1;1;;;1;1
3;2;12;7;7042;;1;1;Ma-2210;15,48;6;18;2;;;1;1;1;;;4;3
3;7;15;7;7042;;1;1;Ma-2202;1,8;6;4;2;;;1;1;2;;;1;2
3;6;13;7;7042;;1;1;Ma-2210;8,8;6;2;1;2;;1;1;1;;;4;2
3;4;12;7;7042;;1;1;Ma-2202;5,002;6;1;2;;;1;1;1;;;4;3
3;5;12;7;7042;;1;1;Ma-2200;60;6;2;2;;;1;1;1;;;1;1
4;1;19;7;7042;;1;1;Ma-2200;57;6;4;2;;;1;1;1;;;1;1
4;2;14;7;7042;;1;1;Ma-2200;58,05;6;19;2;;;1;1;1;;;1;1
4;4;11;7;7042;0;1;1;Ma-2210;8,307;6;4;2;;;1;1;1;;;1;1
4;2;17;7;7042;;1;1;Ma-2210;13;6;12;2;;;1;1;1;;;1;3
4;3;11;7;7042;;1;1;CAMI VELL;6;10;10;2;;;3;1;3;;;4;3
4;4;23;7;7042;;1;1;Ma-2200;58,63;6;2;1;4;Ma-2220;1;6;2;;;1;1
4;7;20;7;7042;;3;2;No inventariada;;14;2;2;;;1;1;1;;;3;998
4;2;17;7;7042;0;1;1;Ma-2210;6,549;6;2;2;;;1;1;1;;;4;2
4;2;18;7;7042;0;1;1;Ma-2210;16,05;6;3;2;;;1;1;1;;;1;1
4;5;15;7;7042;0;1;1;Ma-2200;54,262;6;2;1;2;;1;1;1;;;1;1
4;5;12;7;7042;;1;1;Ma-2220;60,6;6;1;1;4;;1;1;1;;;1;1
5;5;9;7;7042;;1;1;Ma-2220;61,813;6;4;1;4;Ma-2200a;1;1;1;;;1;2
5;7;12;7;7042;0;1;1;Ma-2210;13,1;6;3;2;;;1;1;1;;;4;2
5;5;10;7;7042;;1;1;Ma-2200;58,594;6;2;1;4;Ma-2220;1;1;1;;;1;2
5;7;12;7;7042;;1;1;Ma-2210;3,848;6;4;2;;;1;1;1;;;4;2
5;2;7;7;7042;;1;1;Ma-2200;58;6;4;2;;;1;1;1;;;1;1
6;6;22;7;7042;;1;1;Ma-2200;54,1;6;2;1;2;;1;4;1;;;1;1
6;6;13;7;7042;1;1;1;Ma-2210;13,075;6;12;2;;;1;1;1;;;1;3
6;6;17;7;7042;;1;1;Ma-2201;5,482;6;4;2;;;1;1;1;;;1;1
7;3;16;7;7042;;1;1;Ma-2203;2,4;6;19;2;;;1;1;1;;;4;3
7;1;7;7;7042;;1;1;Ma-2200;53,45;6;3;2;;;1;1;1;;;1;1
7;7;11;7;7042;1;1;1;Ma-2200;58,3;6;1;2;;;1;1;1;;;1;1
7;2;15;7;7042;;1;1;Ma-2210;6,657;6;19;2;;;1;1;1;;;1;1
7;2;8;7;7042;1;1;1;Ma-2210;16,7;6;12;2;;;1;1;1;;;1;2
7;4;16;7;7042;;1;1;Ma-2201;3,406;6;4;2;;;1;1;1;;;4;1
7;1;17;7;7042;;1;1;Ma-10;0,608;6;4;2;;;1;1;1;;;1;1
7;2;8;7;7042;;1;1;Ma-2200;58,71;6;2;1;4;Ma-2220;1;1;1;;;1;1
7;4;8;7;7042;;1;1;Ma-2201;4,3;6;2;1;2;;1;1;1;;;1;1
7;5;11;7;7042;;1;1;Ma-2200;49,25;6;4;1;2;;1;1;1;;;1;1
8;5;8;7;7042;;1;1;Ma-2200;57,7;6;1;2;;;1;1;1;;;1;1
8;5;9;7;7042;;1;1;Ma-2210;7,2;6;17;2;;;1;1;1;;;4;2
8;2;21;7;7042;1;1;1;Ma-2200;53,335;6;2;1;1;;1;6;1;;;1;1
8;6;6;7;7042;;1;1;Ma-2200;57,2;6;3;1;1;;1;6;1;;;1;1
9;7;2;7;7042;;1;1;Ma-2200;50,442;6;4;2;;;1;6;1;;;18;1
9;1;8;7;7042;;1;1;Ma-2200;58,5;6;2;1;4;;1;1;1;;;1;1
9;5;10;7;7042;;1;1;Ma-2210;2,6;6;18;2;;;1;1;2;;;1;2
9;6;13;7;7042;;1;1;Ma-2210;6,5;6;19;2;;;1;1;1;;;1;3
9;1;11;7;7042;;1;1;Ma-2200;58,621;6;10;1;4;Ma-2200a;7;1;1;;;1;2
9;6;18;7;7042;;1;1;Ma-2220;59,279;6;2;1;4;;3;1;4;;;1;1
9;7;15;7;7042;;1;1;Ma-2200;59,06;6;16;2;;;1;1;2;;;1;1
9;4;16;7;7042;;1;1;Ma-2210;5,65;6;17;2;;;1;1;1;;;1;2
9;6;10;7;7042;;1;1;Ma-2210;3,905;6;10;2;;;3;1;1;;;4;3
10;1;0;7;7042;;1;1;Ma-2210;3,735;6;15;2;;;1;6;1;;;4;3
10;7;22;7;7042;0;1;1;Ma-2200;54,62;6;3;2;;;1;6;1;;;1;1
10;1;8;7;7042;0;1;1;Ma-2200;47,2;6;2;2;;;1;1;1;;;1;1
10;5;18;7;7042;;1;1;Ma-2200;58,66;6;4;1;4;Ma-2220;1;3;2;;;1;2
2;1;15;7;7042;1;3;2;No inventariada;;9;2;1;2;;1;1;1;;;1;998