MES;DIA_SEMANA;HORA;COD_PROVINCIA;COD_MUNICIPIO;ISLA;ZONA;ZONA_AGRUPADA;CARRETERA;KM;TIPO_VIA;TIPO_ACCIDENTE;NUDO;NUDO_INFO;CARRETERA_CRUCE;CONDICION_FIRME;CONDICION_ILUMINACION;CONDICION_METEO;CONDICION_NIEBLA;CONDICION_VIENTO;VISIB_RESTRINGIDA_POR;TRAZADO_PLANTA
4;3;19;7;7042;1;3;2;No inventariada;;9;2;1;2;;1;1;7;;;1;998
4;5;12;7;7042;1;3;2;No inventariada;;9;2;2;;;9;1;7;;;18;998
11;6;13;7;7003;1;1;1;Ma-2220;65;6;4;2;;;1;1;1;;;1;1
5;3;7;7;7042;1;3;2;No inventariada;;9;1;2;;;1;1;7;;;1;998
5;5;13;7;7042;1;3;2;No inventariada;;9;2;1;4;;1;1;1;;;1;998
6;4;17;7;7042;1;3;2;No inventariada;;9;2;1;1;;1;1;1;;;1;998
12;4;20;7;7042;;1;1;Ma-2200;53,858;6;2;2;;;1;6;1;;;4;1
6;1;13;7;7042;1;3;2;No inventariada;;9;4;2;;;1;1;1;;;1;998
7;5;16;7;7042;1;3;2;No inventariada;;9;2;1;2;;1;1;1;;;1;998
7;4;14;7;7042;1;3;2;No inventariada;;9;2;1;1;;1;1;1;;;1;998
9;3;13;7;7042;1;3;2;No inventariada;;9;2;1;1;;1;1;7;;;18;998
10;3;15;7;7042;1;3;2;No inventariada;;9;6;2;;;1;1;1;;;1;998
10;6;15;7;7042;1;3;2;No inventariada;;9;12;2;;;1;1;1;;;1;998
12;4;12;7;7042;1;1;1;Ma-2210;15,3;6;20;2;;;1;1;1;;;4;3
8;3;21;7;7042;1;3;2;No inventariada;;9;20;2;;;9;3;7;;;18;998
2;7;18;7;7043;;1;1;Ma-5020;9,4;6;16;2;;;1;1;1;;;4;2
4;7;12;7;7043;1;1;1;Ma-5020;9,35;6;15;2;;;1;1;1;;;1;2
8;4;20;7;7043;;1;1;Ma-5020;9,375;6;19;2;;;1;2;1;;;1;2
10;6;11;7;7043;;1;1;Ma-5030;6,5;6;2;1;4;Ma-5020;1;1;1;;;1;1
11;7;11;7;7043;;1;1;Ma-5020;7,636;6;16;2;;;1;1;1;;;1;2
12;7;16;7;7043;1;1;1;Ma-5020;9,4;6;16;2;;;1;1;1;;;1;2
2;3;14;7;7044;;1;1;Ma-13;40;2;3;1;4;;1;1;1;;;1;4
2;5;15;7;7039;1;1;1;No inventariada;3,5;10;2;1;2;;1;1;2;;;1;3
2;6;13;7;7044;1;1;1;No inventariada;2,5;10;18;2;;;3;1;3;;;1;2
3;3;18;7;7044;1;1;1;Ma-3450;0;6;2;1;4;;1;3;1;;;1;1
3;6;16;7;0;1;1;1;Ma-13;35,7;2;3;2;;;3;5;3;;;1;1
3;7;17;7;7044;;1;1;Ma-2200;43,225;6;4;2;;;1;1;1;;;1;1
3;1;19;7;7044;;1;1;Ma-3433;4,29;6;20;2;;;1;1;2;;;1;1
4;1;8;7;7044;;1;1;Ma-3450;0,418;6;1;2;;;3;1;3;;;1;3
4;1;12;7;7044;;1;1;Ma-3433;3,697;6;2;1;1;;3;1;3;;;12;1
4;4;15;7;7044;0;1;1;H2222;0,1;10;4;2;;;9;1;7;;;18;1
6;7;7;7;7044;;1;1;Ma-13;40,4;6;16;2;;;1;1;1;;;1;1
6;7;15;7;7044;;1;1;Ma-2200;41,9;6;2;1;4;;1;1;2;;;1;2
7;6;4;7;0;0;1;1;Ma-3421;0,35;6;12;2;;;1;6;1;;;1;1
7;4;17;7;7044;;1;1;Ma-3433;1,722;6;2;1;1;;1;1;1;;;1;1
8;1;1;7;7044;;1;1;Ma-3433;1,719;6;3;1;2;;1;6;1;;;1;1
8;4;10;7;7042;1;1;1;Ma-2200;46;6;4;1;2;;3;1;3;;;1;1
8;7;18;7;7044;;3;2;No inventariada;;14;4;2;;;1;1;1;;;1;998
8;1;9;7;0;1;1;1;OTRAS;39,43;10;2;1;4;OTRAS;1;1;1;;;1;1
8;2;14;7;7044;1;1;1;Ma-3433;5,3;6;13;2;;;1;1;1;;;1;2
8;5;11;7;7044;1;1;1;No inventariada;0;10;18;2;;;1;1;1;;;1;1
9;3;17;7;7044;;1;1;Ma-2200;44,389;6;14;2;;;1;1;1;;;1;1
9;6;16;7;7044;1;1;1;Ma-13;41;6;4;2;;;1;1;1;;;1;1
10;7;16;7;7044;;1;1;CAMI SON S;0,001;10;3;2;;;9;1;1;;;1;1
12;2;12;7;7044;;1;1;Ma-3421;0,9;6;4;1;2;;1;1;1;;;4;1
1;3;7;7;0;1;1;1;Ma-1041;12,08;6;16;2;;;1;2;2;;;12;3
6;4;12;7;0;1;1;1;Ma-1032;8,3;6;10;2;;;8;1;1;;;1;2
8;3;0;7;0;;1;1;Ma-1041;13,344;6;16;2;;;1;6;2;;;5;2
1;6;10;7;7046;;1;1;EI-600;8,5;5;3;2;;;1;1;1;;;1;1
1;6;14;7;7046;3;1;1;EI-600;12,8;5;4;2;;;1;1;1;;;1;1
1;1;16;7;7046;0;1;1;EI-600;12,4;5;10;1;4;;7;1;1;;;4;2
1;7;1;7;7046;3;1;1;EI-600;11,1;5;12;1;4;1;3;4;1;;;1;1
2;3;7;7;7046;0;1;1;EI-600;13,8;5;4;2;;;1;1;1;;;1;1
2;3;18;7;7046;0;1;1;EI-600;11,064;5;2;1;4;DESCONOCID;1;1;1;;;1;1
2;4;18;7;7046;;3;2;No inventariada;;9;1;2;;;1;1;1;;;4;998
3;7;14;7;7046;;1;1;EI-631;1,866;6;2;1;2;;1;1;1;;;1;2
3;6;1;7;7046;;1;1;EI-600;12,5;5;12;1;4;;1;4;1;;;1;1
3;3;8;7;7046;3;1;1;EI-600;6,5;5;2;1;4;EI-600;1;1;2;;;1;1
4;2;12;7;7046;3;3;2;No inventariada;;11;4;2;;;1;1;1;;;1;998
2;6;14;7;7046;3;3;2;No inventariada;;9;10;2;;;1;1;1;1;;1;998
2;2;14;7;7046;3;3;2;No inventariada;;9;7;2;;;1;1;1;1;;6;998
3;1;14;7;7046;3;3;2;No inventariada;;9;2;2;;;1;1;1;1;;1;998
2;6;9;7;7046;3;3;2;No inventariada;;7;20;2;;;1;1;1;1;;1;998
3;2;14;7;7046;3;3;2;No inventariada;;9;10;1;4;;1;1;1;1;;1;998
3;1;13;7;7046;3;3;2;No inventariada;;9;1;2;;;1;1;1;1;;1;998
3;3;8;7;7046;3;3;2;No inventariada;;9;4;2;;;1;1;1;1;;1;998
2;1;18;7;7046;3;3;2;No inventariada;;9;4;2;;;1;4;7;1;;1;998
2;3;8;7;7046;3;3;2;No inventariada;;9;7;1;2;;1;1;1;1;;1;998
4;7;11;7;7046;;1;1;EI-600;6,17;5;5;2;;;3;1;3;;;1;1
4;1;20;7;7046;3;3;2;No inventariada;;9;2;1;1;;1;1;1;1;;1;998
4;6;16;7;7046;3;3;2;No inventariada;;9;10;1;4;;1;1;1;1;;1;998
5;2;18;7;7046;3;3;2;No inventariada;;9;4;2;;;1;1;1;1;;1;998
4;5;18;7;7046;3;3;2;No inventariada;;9;10;2;;;1;1;1;1;;1;998
5;4;22;7;7046;3;3;2;No inventariada;;9;2;1;2;;1;4;1;;;1;998
4;5;19;7;7046;3;3;2;No inventariada;;9;7;1;1;;1;1;1;;;2;998
5;4;12;7;7046;3;3;2;No inventariada;;9;4;1;4;;1;1;1;1;;1;998
5;1;14;7;7046;3;3;2;No inventariada;;9;5;2;;;1;1;1;1;;1;998
5;1;20;7;7046;3;3;2;No inventariada;;9;2;1;4;;1;1;1;1;;1;998
6;3;10;7;7046;0;1;1;EI-30;0,8;6;4;2;;;1;1;1;;;1;1
6;1;12;7;7048;0;1;1;No inventariada;2,6;10;1;2;;;1;1;1;;;1;1
6;5;6;7;7046;3;1;1;EI-600;4;5;4;1;4;;1;4;1;;;1;1
6;6;19;7;7046;;1;1;EI-600;5,8;5;2;1;4;EI-600;1;1;1;;;1;2
6;7;13;7;7046;0;1;1;EI-600;13;5;20;2;;;1;1;1;;;1;1
6;5;18;7;7046;3;3;2;No inventariada;;9;10;1;1;;1;1;1;1;;1;998
7;3;16;7;7046;3;3;2;No inventariada;;9;19;2;;;1;1;1;1;;1;998
7;4;16;7;7046;3;3;2;No inventariada;;9;2;1;2;;1;1;1;1;;9;998
7;5;21;7;7046;3;1;1;EI-700;18,95;6;7;2;;;1;1;1;;;1;1
7;5;20;7;7046;3;3;2;No inventariada;;9;20;2;;;1;1;1;1;;1;998
6;4;19;7;7046;3;3;2;No inventariada;;9;2;1;2;;1;1;1;1;;1;998
7;4;5;7;7046;0;1;1;EI-600;3,9;5;3;2;;;1;2;1;;;1;1
7;1;5;7;7046;0;1;1;EI-600;14,1;5;4;2;;;1;1;1;;;1;1
7;7;6;7;7046;;1;1;CV. SABORE;1,1;10;12;2;;;1;2;1;;;1;2
7;3;23;7;7046;3;3;2;No inventariada;;9;2;1;1;;1;4;1;;;2;998
7;6;22;7;7046;0;1;1;EI-30;0,8;6;3;2;;;1;6;1;;;1;1
7;1;15;7;7046;;1;1;OTRAS;1,5;10;3;1;2;;1;1;1;;;1;1
7;3;16;7;7046;3;3;2;No inventariada;;9;10;2;;;1;1;1;1;;1;998
7;4;11;7;7046;3;1;1;EI-600;12,3;5;2;1;4;;1;1;1;;;1;1
7;6;13;7;7046;3;3;2;No inventariada;;9;1;2;;;1;1;1;;;1;998
7;7;14;7;7048;3;1;1;EI-700;17,446;6;2;1;1;;1;1;1;;;1;1
8;4;9;7;7046;;1;1;EI-600;12,301;5;2;1;4;;1;1;1;;;1;2
7;5;18;7;7046;3;3;2;No inventariada;;9;20;1;2;;1;1;1;1;;2;998
8;5;3;7;7046;;1;1;EI-600;7,8;5;4;2;;;1;4;1;;;1;1
6;1;12;7;7046;3;3;2;No inventariada;;9;2;1;4;;1;1;1;1;;1;998
8;4;15;7;7046;3;3;2;No inventariada;;9;3;1;2;;1;1;1;1;;12;998
8;6;14;7;7046;3;3;2;No inventariada;;9;10;2;;;1;1;1;1;;1;998
8;7;7;7;7046;;1;1;OTRAS;0,5;10;19;2;;;1;2;1;;;1;3
8;2;0;7;7046;;1;1;EI-600;9,318;5;18;2;;;1;6;1;;;1;1
7;7;13;7;7046;3;1;1;CV BENIMUS;3,8;10;2;1;2;;1;1;1;;;1;1
8;7;3;7;7046;0;1;1;EI-600;5,072;5;4;1;4;EI-600;1;6;1;;;1;1
8;6;3;7;7046;3;3;2;No inventariada;;9;2;1;1;;1;4;1;1;;17;998
8;7;12;7;7046;3;3;2;No inventariada;;14;10;1;4;;7;1;1;1;;1;998
8;7;13;7;7046;;1;1;EI-600;14;5;2;2;;;1;1;1;;;1;1
7;1;13;7;7046;3;3;2;No inventariada;;9;2;1;1;;8;1;1;1;;9;998
8;7;13;7;7046;3;3;2;No inventariada;;9;2;1;1;;1;1;1;1;;1;998
8;7;22;7;7046;3;3;2;No inventariada;;9;4;2;;;1;4;1;1;;1;998
8;6;13;7;7046;3;3;2;No inventariada;;9;2;1;1;;1;1;1;;;1;998
8;5;21;7;7046;3;3;2;No inventariada;;9;2;1;2;;1;4;1;1;;1;998
8;6;9;7;7046;3;3;2;No inventariada;;9;10;2;;;1;1;1;1;;1;998
8;1;15;7;7046;3;3;2;No inventariada;;9;2;1;1;;1;1;1;;;1;998
9;6;21;7;7046;3;1;1;EI-600;11,9;5;4;2;;;1;4;1;;;1;1
9;3;21;7;7046;3;3;2;No inventariada;;9;7;2;;;1;4;1;1;;1;998
9;3;9;7;7046;3;3;2;No inventariada;;9;10;2;;;1;1;1;1;;1;998
7;2;20;7;7046;3;3;2;No inventariada;;9;2;1;2;;1;1;1;;;1;998
10;3;3;7;7046;0;1;1;EI-600;13,5;5;16;2;;;1;6;1;;;1;1
10;5;17;7;7046;3;3;2;No inventariada;;9;2;1;1;;1;1;1;1;;1;998
10;5;10;7;7046;3;3;2;No inventariada;;9;6;2;;;1;1;1;1;;1;998
10;6;8;7;7046;;1;1;EI-600;6,151;5;14;1;4;EI-600;1;1;1;;;1;1
10;5;22;7;7046;3;3;2;No inventariada;;9;3;1;4;;1;5;1;1;;1;998
11;1;12;7;7046;3;1;1;CVSD;0,8;10;16;2;;;2;1;1;;;1;1
11;4;15;7;7046;3;1;1;No inventariada;7,5;10;2;1;2;;3;1;3;;;1;3
11;5;15;7;7046;3;1;1;No inventariada;11,8;10;1;2;;;1;1;1;;;1;3
11;7;16;7;7046;0;1;1;EI-500;7,751;6;17;2;;;1;1;1;;;1;2
11;6;14;7;7046;3;3;2;No inventariada;;14;7;2;;;1;1;1;1;;1;998
12;2;16;7;7046;3;1;1;EI-600;5;5;5;2;;;1;1;1;;;1;1
12;6;10;7;7046;3;1;1;EI-600;10,7;5;10;2;;;1;1;1;;;1;1
12;3;17;7;7046;3;1;1;EI-600;8,5;5;4;2;;;1;4;1;;;1;1
2;6;9;7;0;0;1;1;CAMI VELL;0,081;10;10;2;;;1;1;1;;;1;1
3;6;16;7;0;;1;1;Ma-3110;7,65;6;4;2;;;1;1;1;;;1;2
4;2;10;7;0;;1;1;Ma-3120;4,4;6;8;1;2;;1;1;1;;;1;1
4;5;16;7;0;1;1;1;No inventariada;2;10;2;2;;;1;1;1;;;4;3
6;6;19;7;0;;3;2;No inventariada;;14;1;2;;;1;1;1;;;4;998
6;2;19;7;0;;1;1;Ma-3121;2,14;6;16;1;1;;1;1;1;;;4;1
7;2;17;7;0;;1;1;Ma-3120;2,909;6;10;2;;;1;1;1;;;18;1
8;3;1;7;0;;1;1;Ma-3020;8,214;6;16;1;4;Ma-3021;1;4;1;;;1;1
9;2;11;7;0;1;1;1;Ma-3011;19;6;1;1;1;;1;1;1;;;1;1
10;7;18;7;0;;1;1;Ma-3120;4,917;6;16;2;;;1;1;1;;;1;2
10;4;17;7;0;;1;1;Ma-3011;22,295;6;1;2;;;1;1;1;;;4;2
11;6;19;7;0;;1;1;CAMINO DE;4;10;10;2;;;1;6;1;;;1;1
12;5;14;7;0;;1;1;Ma-3011;19,3;6;4;1;2;;1;1;1;;;1;1
1;7;14;7;7048;;1;1;EI-701;3,554;6;2;1;2;;1;1;1;;;1;1
1;6;12;7;7048;;1;1;EI-800;6,5;6;2;2;;;1;1;1;;;1;1
1;5;16;7;7048;3;1;1;EI-701;1,5;6;14;2;;;3;1;3;;;1;2
1;5;17;7;7048;3;1;1;EI-701;3,9;6;14;2;;;3;1;3;;;1;1
2;2;13;7;7048;3;1;1;EI-700;10;6;2;1;1;;1;1;1;;;1;1
3;2;18;7;7048;3;1;1;EI-700;8,5;6;2;1;2;;1;1;1;;;1;3
3;3;18;7;7048;3;1;1;EI-700;12,8;6;10;1;2;;1;2;1;;;1;1
3;5;7;7;7048;3;1;1;No inventariada;1,5;10;20;2;;;3;1;2;;;4;2
3;4;10;7;7048;3;1;1;EI-700;10,6;6;2;1;1;;1;1;1;;;1;1
3;7;16;7;7026;3;1;1;EI-20;0,2;5;19;2;;;1;4;2;1;;1;3
3;6;23;7;7048;3;1;1;EI-700;10,5;6;18;2;;;1;6;1;;;1;2
4;6;10;7;7048;3;1;1;No inventariada;0,4;10;18;2;;;1;1;1;;;1;2
4;1;10;7;7048;;1;1;EI-703;3,379;6;2;1;2;;1;1;1;;;4;2
4;6;15;7;7048;3;1;1;EI-702;4;6;18;2;;;1;1;1;;;1;2
4;6;22;7;7048;;1;1;EI-700;4,486;6;19;2;;;1;4;1;;;1;1
4;7;9;7;7048;3;1;1;EI-700;3,5;6;7;1;2;;3;1;3;;;1;1
5;1;11;7;7048;;1;1;CVA CALA J;1,9;10;2;1;2;;1;1;1;;;2;1
5;2;13;7;7048;3;1;1;EI-700;2,2;6;4;1;1;;1;1;1;;;18;1
5;1;0;7;7048;3;1;1;CALA BASSA;4,3;10;15;2;;;1;6;1;;;1;2
5;6;16;7;7048;3;1;1;EI-700;17,9;6;16;2;;;1;1;1;;;4;2
5;1;13;7;7048;;1;1;EI-701;1,233;6;16;2;;;1;1;1;;;1;1
5;4;20;7;7048;3;1;1;No inventariada;2,3;10;3;2;;;1;1;1;;;1;1
6;3;1;7;7048;3;1;1;EI-702;0,6;6;18;2;;;1;6;1;;;1;1
6;3;16;7;7048;0;1;1;EI-700;10,258;6;2;2;;;3;1;4;;;1;2
6;5;8;7;7048;;1;1;EI-700;5,6;6;2;1;2;;1;1;1;;;1;2
6;6;14;7;7048;;1;1;EI-700;17,448;6;2;1;1;EI-700;1;1;1;;;1;1
6;5;9;7;7048;;1;1;EI-781;1,8;6;2;1;2;EI-781;1;1;1;;;1;1
6;6;10;7;7048;0;1;1;EI-700;15,245;6;2;2;;;1;1;1;;;1;1
6;1;12;7;7048;3;1;1;EI-700;6,8;6;4;1;12;1;1;1;1;;;1;1
6;2;19;7;7048;0;1;1;EI-701;5,271;6;3;1;2;;1;1;1;;;1;2
6;2;20;7;7048;3;1;1;No inventariada;4;10;16;2;;;1;1;1;;;1;1
6;4;14;7;7048;0;1;1;EI-702;1,35;6;18;2;;;1;1;1;;;1;1
6;4;22;7;7048;;1;1;CV SA CALE;0,5;10;2;2;;;1;6;1;;;4;3
6;6;14;7;7048;0;1;1;EI-700;12,9;6;12;1;2;;1;1;1;;;18;1
7;5;19;7;7048;0;1;1;EI-700;10,4;6;16;2;;;1;1;1;;;1;1
7;6;14;7;7048;0;1;1;CV002;0,1;10;16;2;;;1;1;1;;;1;1
7;7;19;7;7048;3;1;1;EI-702;0,5;6;10;2;;;1;1;1;;;1;2
7;4;8;7;7048;;1;1;EI-900;0,9;6;4;2;;;1;2;1;;;1;1
7;6;0;7;7048;;1;1;EI-701;1,89;6;12;2;;;1;6;1;;;4;2
7;4;12;7;7048;;1;1;EI-700;18,2;6;2;1;2;;1;1;1;;;1;1
7;3;8;7;7048;0;1;1;EI-702;2,6;6;12;2;;;1;1;1;;;1;1
7;3;19;7;7048;0;1;1;EI-700;5;6;4;2;;;1;1;1;;;1;1
7;5;17;7;7048;;1;1;EI-700;8,522;6;2;1;2;;1;6;1;;;1;2
7;6;16;7;7048;3;1;1;EI-700;3,1;6;2;2;;;1;1;1;;;1;1
7;3;6;7;7048;;1;1;EI-700;6,5;6;4;2;;;1;2;1;;;1;1
7;5;9;7;7048;0;1;1;EI-700;8;6;3;2;;;1;1;1;;;1;1
7;1;5;7;7048;3;1;1;EI-700;14,6;6;3;2;;;1;6;1;;;1;2
7;5;15;7;7048;3;1;1;EI-700;4;6;5;2;;;1;1;1;;;1;1
7;2;13;7;7048;;1;1;EI-701;2,7;6;1;2;;;1;1;1;;;18;1
7;6;21;7;7048;3;1;1;EI-800;3,2;5;20;2;;;1;4;1;;;1;1
7;3;21;7;7048;;1;1;EI-900;0,5;6;2;2;;;1;3;1;;;1;1
8;5;21;7;7048;0;1;1;EI-700;2,1;6;4;1;2;;1;6;1;;;1;1
8;7;8;7;7048;;1;1;EI-900;3,9;6;16;2;;;1;1;1;;;1;1
8;1;6;7;7048;0;1;1;EI-703;2,058;6;19;2;;;1;6;1;;;1;2
8;1;15;7;7048;;1;1;EI-900;0,55;6;2;1;2;;1;1;1;;;1;1
8;6;8;7;7048;0;1;1;EI-800;4,5;6;3;1;2;EI-900;1;1;1;;;1;2
8;6;13;7;7048;;1;1;EI-800;4;5;4;2;;;1;1;1;;;1;1
8;1;17;7;7048;;1;1;CV CALA CO;1,8;10;10;2;;;1;1;1;;;1;2
8;1;20;7;7048;;1;1;CALA VADEL;2,5;10;19;2;;;1;1;1;;;1;2
8;2;12;7;7048;;1;1;EI-701;3,648;6;3;2;;;2;1;1;;;1;1
8;6;14;7;7048;0;1;1;EI-701;4,421;6;10;1;2;;8;1;1;;;1;2
8;3;20;7;7048;;1;1;CV CALA CO;1;10;10;2;;;1;6;1;;;1;1
8;6;15;7;7048;;1;1;EI-700;7,7;6;1;2;;;1;1;1;;;1;1
9;6;15;7;7048;3;1;1;CV;1,6;10;10;2;;;1;1;1;;;1;2
9;2;20;7;7048;;1;1;EI-700;14,3;6;19;2;;;1;6;1;;;1;1
9;3;9;7;7048;0;1;1;EI-700;2,7;6;1;1;2;;1;1;1;;;1;1
9;2;18;7;7048;;1;1;CV.CALA D';5;10;5;2;;;1;1;1;;;1;1
9;3;10;7;7048;3;1;1;OTRAS;1;10;3;2;;;3;1;3;;;1;3
9;1;17;7;7048;3;1;1;EI-700;16,4;6;2;2;;;1;1;1;;;1;1
10;2;14;7;7048;3;1;1;OTRAS;4,4;10;5;2;;;1;1;1;;;1;1
10;5;19;7;7048;3;1;1;EI-700;3,15;6;1;2;;;1;1;1;;;1;1
10;6;19;7;7048;3;1;1;CAN COLLS;0,8;10;1;2;;;3;1;3;;;1;2
10;2;0;7;7048;3;1;1;CV  DAVALL;0,8;10;1;2;;;1;6;1;;;4;3
1;7;5;7;7048;;3;2;No inventariada;;9;16;2;;;1;4;1;;;1;998
1;7;17;7;7048;;3;2;No inventariada;;9;10;2;;;1;3;1;;;1;998
5;1;7;7;7048;;3;2;No inventariada;;9;7;2;;;1;1;1;;;1;998
6;2;1;7;7048;;3;2;No inventariada;;9;1;2;;;1;4;1;;;1;998
7;3;15;7;7048;;3;2;No inventariada;;9;2;1;2;;1;1;1;;;1;998
7;1;20;7;7048;;3;2;No inventariada;;9;1;2;;;1;1;1;;;4;998
7;4;19;7;7048;;3;2;No inventariada;;9;4;2;;;1;1;1;;;1;998
9;3;17;7;7048;;3;2;No inventariada;;9;10;2;;;1;1;1;;;1;998
10;2;10;7;7048;;3;2;No inventariada;;9;4;2;;;1;6;1;;;1;998
10;1;8;7;7048;;3;2;No inventariada;;9;16;2;;;1;1;1;;;1;998
9;5;22;7;7048;;3;2;No inventariada;;9;2;2;;;1;4;1;;;1;998
11;1;8;7;7048;0;1;1;EI-701;1,6;6;14;2;;;3;1;3;;;1;1
10;2;4;7;7048;3;3;2;No inventariada;;9;3;1;2;;1;4;1;;;1;998
7;7;6;7;7040;1;1;1;Ma-15;11,316;5;18;1;10;;1;1;1;;;1;1
8;6;9;7;7050;;1;1;CV. SGERTR;4;10;14;2;;;1;1;1;;;1;1
8;7;20;7;7050;3;1;1;EI-300;13,657;6;3;2;;;1;1;1;;;1;1
2;4;19;7;7050;;1;1;OTRAS;5;10;2;2;;;1;6;1;;;1;3
2;7;13;7;7050;3;1;1;EI-300;22,6;6;16;2;;;1;1;1;;;4;3
3;2;8;7;7050;;1;1;EI-341;3,2;6;19;2;;;3;1;3;;;1;1
4;3;18;7;7050;3;1;1;EI-300;15,467;6;2;1;2;;1;1;1;;;1;1
4;7;12;7;7050;3;1;1;EI-321;0,449;6;12;2;;;1;1;1;;;1;1
4;4;19;7;7050;3;1;1;No inventariada;1;10;1;2;;;1;1;1;;;1;1
4;2;8;7;7050;;1;1;EI-300;15,5;6;2;1;2;;1;1;2;;;1;1
5;1;18;7;7050;3;1;1;No inventariada;4,4;10;19;2;;;9;1;1;;;1;2
5;5;0;7;7050;3;1;1;EI-400;12,6;6;12;2;;;1;6;1;;;1;2
6;6;18;7;7050;0;1;1;EI-321;2,2;6;12;2;;;1;1;1;;;1;2
6;6;18;7;7050;0;1;1;EI-341;4,2;6;1;2;;;1;1;1;;;1;1
6;7;18;7;7050;3;1;1;EI-300;25,6;6;15;2;;;1;1;1;;;1;2
6;1;0;7;7050;;1;1;EI-300;19,692;6;2;1;2;;1;4;1;;;18;1
7;4;4;7;7050;;1;1;EI-300;17,5;6;12;1;4;EI-300;1;6;1;;;1;2
7;6;9;7;7050;3;1;1;EI-321;1,3;6;2;2;;;1;1;1;;;1;2
7;7;21;7;7050;3;1;1;EI-341;1,2;6;3;2;;;1;6;1;;;4;3
9;2;12;7;7050;3;1;1;CV;6,4;10;10;2;;;8;1;1;;;1;3
9;7;7;7;7050;3;1;1;EI-400;14,2;6;2;2;;;1;2;1;;;1;2
10;3;18;7;7050;;1;1;EI-300;26,887;6;18;2;;;1;1;1;;1;1;1
10;1;12;7;7050;;1;1;EI-400;9,9;6;4;1;2;DESCONOCID;1;1;1;;;1;1
10;3;0;7;7050;3;1;1;CVSD;4,4;10;19;2;;;1;6;2;;;1;2
11;6;11;7;7050;0;1;1;EI-300;26,9;6;1;1;2;;1;1;1;;;1;3
6;5;21;7;7050;3;1;1;EI-300;13,5;6;19;2;;;1;1;1;;;1;1
12;5;19;7;7050;0;1;1;EI-300;17,546;6;12;1;4;;1;4;1;;;1;1
12;6;20;7;7050;0;1;1;EI-300;21;6;16;2;;;1;4;1;;;1;1
1;1;20;7;7051;;1;1;Ma-4021;7,9;6;15;2;;;1;6;1;;;1;1
3;1;10;7;7051;1;1;1;Ma-4030;4,981;6;17;2;;;1;1;1;;;1;2
3;6;16;7;7051;1;1;1;Ma-4022;1,65;6;16;2;;;1;1;2;;1;1;2
5;5;13;7;7051;1;1;1;Ma-15;60,05;6;18;2;;;1;1;1;;;1;3
5;2;6;7;7051;;1;1;Ma-15;56,5;6;4;1;4;Ma-4022;1;2;1;;;6;2
7;6;12;7;7051;1;1;1;Ma-15;60,75;6;15;1;2;;1;1;1;;;1;1
7;3;17;7;7050;0;1;1;No inventariada;1,45;10;12;2;;;1;1;1;;;4;3
7;5;7;7;7051;;1;1;Ma-15;60,546;6;16;2;;;1;3;1;;;1;1
8;6;11;7;7051;;1;1;Ma-4023;5,904;6;10;2;;;1;1;1;;;1;1
8;7;17;7;7051;0;1;1;Ma-4022;1,791;6;12;2;;;1;1;1;1;;1;1
8;7;20;7;7051;;1;1;Ma-15;57,1;6;10;2;;;8;4;1;;;1;4
8;2;11;7;7051;;1;1;Ma-4030;2,882;6;4;2;;;1;1;1;;;1;1
10;3;13;7;7051;0;1;1;Ma-4023;4,7;6;3;2;;;1;1;1;;;1;1
10;2;16;7;7051;;1;1;Ma-15;54,87;6;5;1;2;;1;1;1;;;1;1
10;3;21;7;7051;1;1;1;Ma-4023;6,481;6;4;1;2;;1;6;1;;;1;1
12;7;16;7;7051;;1;1;Ma-4023;4,156;6;16;1;4;Ma-4021;1;1;1;;;1;1
2;1;13;7;7052;2;1;1;P. PRIMA;0,25;10;12;2;;;3;1;3;;;1;2
3;3;12;7;7052;2;1;1;POU NOU;1;10;2;1;2;;1;1;1;;;1;1
3;7;18;7;7052;2;1;1;CAMI;1,2;10;18;2;;;1;1;1;;;4;3
4;4;9;7;7052;2;1;1;Me-8;6,7;6;4;2;;;1;1;2;;;1;1
5;2;15;7;7052;2;1;1;Me-8;6,6;6;10;1;4;;3;1;3;;;1;3
7;4;19;7;7052;2;1;1;Me-8;3,8;6;10;1;4;;1;1;1;;;1;1
8;4;9;7;7052;2;1;1;P. PRIMA;1,2;10;10;1;2;BINIANCOLL;3;1;3;;;1;1
8;2;16;7;7052;2;1;1;OTRAS;1,4;10;2;1;2;;1;1;1;;;1;1
8;6;16;7;7052;2;1;1;Me-8;6,6;6;2;1;2;;1;1;1;;;1;1
10;4;5;7;7052;2;1;1;OTRAS;1;10;14;2;;;3;6;3;;;1;1
10;6;18;7;7052;2;1;1;Me-6;0,6;6;10;2;;;1;1;2;;;1;2
11;5;20;7;7002;2;1;1;Me-1;10,888;6;16;2;;;1;6;1;;;1;1
12;7;21;7;7052;2;1;1;OTRAS;0,8;10;16;2;;;1;6;1;;;1;1
12;5;12;7;7052;2;1;1;Me-8;3,785;6;3;1;2;;1;1;1;;;1;1
9;6;18;7;0;1;1;1;Ma-3011;17,55;6;4;2;;;3;1;3;;;1;1
9;1;12;7;0;;1;1;Ma-3011;17,383;6;2;1;1;Ma-3100;1;1;1;;;1;1
1;3;16;7;7054;0;1;1;EI-200;5,6;6;4;2;;;3;1;2;;;1;1
1;4;17;7;7054;;1;1;EI-200;4,9;6;2;2;;;1;1;1;;;1;1
1;5;15;7;7054;;1;1;EI-200;3,016;6;4;1;2;;1;1;1;;;1;1
1;4;21;7;7054;;1;1;EI-100;11,769;6;2;1;2;;1;4;1;;;1;1
1;6;12;7;7054;;1;1;BELLMUNT;1;10;2;2;;;1;1;7;;;4;2
1;5;8;7;7054;3;1;1;PONT LLOSA;0,9;10;2;2;;;1;1;1;;;1;3
1;6;12;7;7054;3;1;1;EI-300;5,1;5;14;1;4;;1;1;1;;;1;2
2;6;13;7;7054;3;1;1;EI-200;0,02;6;2;1;10;EI-300;1;1;1;;;1;1
2;3;19;7;7054;;1;1;EI-100;5,414;6;12;1;2;;1;6;1;;;4;2
2;4;12;7;7054;;1;1;EI-200;4,2;6;4;2;;;1;1;1;;;1;1
3;6;10;7;7054;3;1;1;No inventariada;1,5;10;19;2;;;3;1;3;;;5;2
3;6;20;7;7054;;1;1;EI-300;7,1;6;4;2;;;3;6;3;;;5;1
3;1;8;7;7026;3;1;1;EI-20;2,837;5;3;1;12;;1;1;1;;;1;1
3;7;19;7;7054;3;1;1;No inventariada;1,8;10;1;2;;;1;6;1;;;1;1
3;7;18;7;7048;3;1;1;EI-700;9,95;6;2;2;;;1;1;1;;;9;1
3;1;10;7;7054;;1;1;EI-200;9,941;6;3;1;2;;1;1;1;;;1;3
3;4;14;7;7054;3;1;1;EI-200;1,571;6;4;2;;;1;1;1;;;1;1
4;1;18;7;7054;;1;1;EI-200;5,7;6;4;1;4;EI-100;1;1;1;;;1;2
4;2;16;7;7054;;1;1;EI-300;5,5;6;5;2;;;1;1;1;;;1;2
4;3;7;7;7054;3;1;1;EI-300;7,7;6;4;1;2;;1;1;1;;;1;1
4;6;11;7;7054;3;1;1;No inventariada;3,2;10;16;2;;;1;1;1;;;1;1
4;6;11;7;7054;;1;1;EI-200;4;6;12;2;;;1;1;1;;;1;1
4;2;17;7;7046;3;1;1;EI-631;2,8;6;2;2;;;1;1;1;;;1;1
4;5;7;7;7054;;1;1;EI-100;3,015;6;3;1;2;;3;2;2;;;1;2
4;2;22;7;7054;;1;1;CAMÍ SA LL;1;10;19;2;;;1;6;1;;;1;3
5;2;16;7;7054;3;1;1;EI-200;4,3;6;16;2;;;1;1;1;;;1;1
5;4;11;7;7054;3;1;1;EI-300;3,8;5;2;2;;;1;1;1;;;1;2
3;4;13;7;7054;3;3;2;No inventariada;;9;4;2;;;1;1;1;;;1;998
4;3;14;7;7054;3;3;2;No inventariada;;9;2;1;2;;1;1;1;;;1;998
5;3;17;7;7054;3;3;2;No inventariada;;9;4;2;;;1;1;1;;;1;998
5;3;11;7;7054;3;1;1;EI-200;8,5;6;2;1;2;;1;1;1;;;1;1
2;3;8;7;7054;3;3;2;No inventariada;;9;2;1;1;;1;1;1;;;1;998
4;7;14;7;7054;3;3;2;No inventariada;;9;10;2;;;1;1;1;;;1;998
5;3;16;7;7054;3;1;1;EI-200;3,55;6;2;2;;;1;1;1;;;1;1