MES;DIA_SEMANA;HORA;COD_PROVINCIA;COD_MUNICIPIO;ISLA;ZONA;ZONA_AGRUPADA;CARRETERA;KM;TIPO_VIA;TIPO_ACCIDENTE;NUDO;NUDO_INFO;CARRETERA_CRUCE;CONDICION_FIRME;CONDICION_ILUMINACION;CONDICION_METEO;CONDICION_NIEBLA;CONDICION_VIENTO;VISIB_RESTRINGIDA_POR;TRAZADO_PLANTA
5;7;18;7;7054;3;1;1;EI-300;3,8;5;19;1;4;;1;1;1;;;1;1
5;1;8;7;7054;;1;1;EI-300;7,581;6;3;1;2;EI-300;1;1;1;;;1;1
5;3;17;7;7054;;1;1;EI-200;3;6;4;2;;;1;1;1;;;1;1
5;4;10;7;7054;;1;1;EI-400;4,075;6;4;2;;;1;1;1;;;1;1
5;2;6;7;7054;3;1;1;EI-100;3;6;16;2;;;1;6;1;;;18;1
6;7;18;7;7054;;1;1;EI-100;8,906;6;1;2;;;1;1;1;;;1;2
6;2;15;7;7054;;1;1;EI-200;4,191;6;3;2;;;3;1;3;;;1;1
6;4;16;7;7054;0;1;1;EI-200;4,231;6;1;1;2;EI-200;1;1;1;;;9;1
6;5;14;7;7054;;1;1;EI-200;0,2;6;2;1;2;EI-300;1;1;1;;;1;1
6;1;17;7;7054;;1;1;EI-300;2,035;8;2;2;;;1;1;1;;;1;1
6;1;18;7;7054;3;1;1;EI-100;8,8;6;1;1;2;;1;1;1;;;1;2
6;2;15;7;7054;0;1;1;EI-200;4,5;6;1;2;;;1;1;1;;;1;2
6;6;17;7;7054;3;1;1;EI-300;5,8;6;4;2;;;1;1;1;;;2;2
6;5;0;7;7054;3;1;1;EI-200;2,5;6;4;2;;;1;6;1;;;1;1
7;3;18;7;7054;3;1;1;CV MINAS;0,1;10;10;1;4;;1;1;1;;;1;1
7;7;2;7;7054;3;1;1;EI-200;11,1;6;17;2;;;1;6;1;;;1;1
7;2;13;7;7054;3;1;1;EI-200;11,1;6;1;2;;;1;1;1;;;1;1
7;4;12;7;7054;3;1;1;EI-200;14,5;6;2;1;1;1;1;1;1;;;1;1
7;5;8;7;7054;0;1;1;EI-100;2,409;6;2;1;2;;1;1;1;;;12;1
7;3;2;7;7054;3;1;1;EI-300;2,5;5;16;1;4;;1;4;1;;;1;3
7;7;20;7;7054;3;1;1;EI-200;2,9;6;2;1;2;;1;2;1;;;1;1
7;3;14;7;7054;0;1;1;EI-200;4,1;6;2;2;;;1;1;1;;;1;1
7;4;17;7;7054;3;1;1;EI-300;3;5;3;1;4;;1;1;1;;;1;2
7;5;15;7;7054;0;1;1;EI-300;8,627;6;2;1;2;;1;6;1;;;4;1
7;5;19;7;7054;3;1;1;EI-200;7,8;6;8;2;;;1;1;1;;;1;1
7;1;7;7;7026;3;1;1;EI-600;1,85;5;4;2;;;1;1;1;;;1;1
7;2;18;7;7054;;1;1;EI-100;8,486;6;2;1;2;;1;1;1;;;1;1
7;2;21;7;7054;0;1;1;EI-300;9,5;6;16;1;2;;1;6;1;;;1;1
8;6;16;7;7054;;1;1;EI-200;11,6;6;16;2;;;1;1;1;;;1;1
8;7;17;7;7054;;1;1;EI-200;8,196;6;4;2;;;1;1;1;;;1;1
8;2;6;7;7054;;1;1;EI-100;3,2;6;1;2;;;1;1;1;;;1;3
8;6;17;7;7054;;1;1;EI-300;1,83;5;3;1;4;EI-300;1;1;1;;;1;2
8;2;11;7;7054;;1;1;EI-300;2,2;5;2;2;;;1;1;1;;;1;1
8;3;8;7;7054;;1;1;EI-300;6,2;6;4;2;;;3;2;2;;;18;1
8;3;9;7;7054;;1;1;No inventariada;2;10;14;2;;;3;1;3;;;1;2
8;6;16;7;7054;;1;1;CV CAMI DE;6,1;10;19;2;;;2;1;1;;;1;2
8;1;14;7;7054;0;1;1;EI-300;2;5;10;2;;;1;1;1;;;1;1
8;2;12;7;7054;;1;1;EI-631;5,714;6;20;1;4;EI-400;1;1;1;;;1;1
8;2;19;7;7054;0;1;1;EI-300;7,95;6;3;1;4;EI-631;1;1;1;;;1;1
8;3;15;7;7026;3;1;1;EI-20;2,8;5;3;2;;;1;1;1;;;1;1
8;4;6;7;7054;;1;1;EI-300;6,8;6;3;2;;;1;2;1;;;1;1
9;7;22;7;7054;0;1;1;EI-400;3,269;6;3;2;;;1;5;1;;;1;1
9;1;14;7;7054;;1;1;EI-300;1,953;5;6;1;4;;1;1;1;;;1;1
9;3;19;7;7026;3;1;1;EI-20;2;5;3;1;4;EI-300;1;1;1;;;1;1
9;2;8;7;7054;0;1;1;EI-631;5,994;6;1;2;;;1;1;1;;;1;1
9;2;8;7;7054;0;1;1;EI-200;0;6;1;1;2;EI-300;1;1;1;;;1;1
9;5;12;7;7050;3;1;1;EI-321;3,1;8;9;1;4;EI-100;1;1;1;;;1;3
9;3;5;7;7054;;1;1;CV SESGLES;1,7;10;16;2;;;1;6;1;;;1;1
9;1;18;7;7054;0;1;1;EI-100;8,8;6;2;2;;;1;1;1;;;1;2
9;6;7;7;7054;0;1;1;EI-300;1,8;5;16;1;4;EI-20;1;1;1;;;1;1
9;3;19;7;7054;0;1;1;OTRAS;3,2;10;16;2;;;1;6;1;;;1;1
9;4;22;7;7054;3;1;1;EI-300;7,5;6;1;2;;;1;6;1;;;13;3
10;5;17;7;7054;0;1;1;CV;4;10;16;2;;;1;1;1;;;1;2
10;5;10;7;7054;0;1;1;EI-300;6,28;6;4;2;;;1;1;1;;;1;1
10;3;19;7;7054;3;1;1;EI-200;9,9;6;1;2;;;1;2;1;;;1;2
10;2;3;7;7054;3;1;1;CV PEPETA;3,2;10;19;2;;;1;6;1;;;4;3
10;4;19;7;7054;3;1;1;No inventariada;4,5;10;3;2;;;1;1;1;;;1;1
10;2;17;7;7054;0;1;1;EI-200;1;6;18;2;;;1;1;2;;;1;1
11;6;19;7;7054;;1;1;EI-200;4,861;6;2;2;;;3;6;3;;;1;3
11;6;19;7;7054;3;1;1;EI-300;5,5;6;2;2;;;1;4;1;;;1;1
11;4;3;7;7054;;1;1;EI-600;2,8;5;12;1;4;;1;4;1;;;1;2
11;4;12;7;7054;0;1;1;OTRAS;2;10;2;1;2;;1;1;1;;;1;1
11;6;11;7;7054;0;1;1;EI-200;2;6;4;2;;;1;1;1;;;1;1
11;7;13;7;7054;;1;1;EI-200;11,2;6;2;1;1;;1;1;1;;;1;1
11;6;14;7;7054;0;1;1;EI-631;3,4;6;2;2;;;1;1;1;;;4;2
7;4;20;7;7054;3;3;2;No inventariada;;14;7;2;;;8;1;1;;;18;998
5;3;17;7;7054;3;3;2;No inventariada;;9;20;2;;;1;1;1;;;1;998
6;5;16;7;7054;3;3;2;No inventariada;;9;4;2;;;1;1;1;;;1;998
7;6;15;7;7054;3;3;2;No inventariada;;9;10;1;1;;1;1;1;;;1;998
7;2;13;7;7054;3;3;2;No inventariada;;9;7;2;;;1;1;1;;;1;998
8;6;12;7;7054;3;3;2;No inventariada;;9;3;2;;;1;1;1;;;1;998
10;5;21;7;7054;3;3;2;No inventariada;;9;3;1;2;;1;3;1;;;1;998
12;4;7;7;7054;0;3;2;No inventariada;;14;7;2;;;1;6;1;;;1;998
12;6;16;7;7054;;1;1;EI-400;6,8;6;2;2;;;1;1;1;;;1;1
12;4;18;7;7054;3;1;1;EI-100;0,2;4;2;1;2;;1;4;1;;;1;1
2;3;16;7;7055;;1;1;Ma-3413;0,018;6;18;1;2;Ma-3410;1;1;1;;;4;1
3;7;1;7;7055;0;1;1;Ma-3410;3;6;2;1;1;;1;6;1;;;4;1
4;2;14;7;7055;;1;1;Ma-3410;3,1;6;5;1;2;;1;1;1;;;1;1
2;3;17;7;7055;1;3;2;No inventariada;;9;2;2;;;9;1;7;;;18;998
2;2;11;7;7055;1;3;2;No inventariada;;9;5;1;2;;1;1;7;;;18;998
2;6;12;7;7055;1;1;1;Ma-12;19,9;6;3;2;;;3;1;3;;;1;4
2;1;16;7;7055;1;3;2;No inventariada;;9;5;1;1;;9;1;7;;;18;998
4;1;15;7;7039;1;1;1;Ma-3410;0,05;6;3;1;4;Ma-3431;1;1;1;;;1;1
4;1;19;7;7055;0;1;1;Ma-3410;8,25;6;10;1;4;Ma-3440;3;2;3;;;1;2
5;4;13;7;7055;;1;1;Ma-3400;3,484;6;2;1;2;;1;1;1;;;4;1
5;4;11;7;7055;1;3;2;No inventariada;;14;2;1;1;;1;1;1;;;1;998
5;5;5;7;7055;1;1;1;Ma-12;15,9;6;1;2;;;1;6;1;;;1;2
5;5;12;7;7055;1;3;2;No inventariada;;9;2;1;1;;1;1;1;;;18;998
5;2;11;7;7055;;1;1;Ma-12;14,4;6;1;1;2;;1;1;1;;;1;1
5;5;19;7;7055;1;3;2;No inventariada;;14;2;1;1;;1;1;1;;;18;998
5;6;21;7;7055;1;3;2;No inventariada;;9;3;2;;;1;4;1;;;18;998
6;7;12;7;7055;1;3;2;No inventariada;;14;2;2;;;2;1;1;;;18;998
6;4;11;7;7055;1;1;1;Ma-3410;6,5;6;2;1;2;Ma-3402;1;1;2;;;1;1
6;2;16;7;7055;;1;1;Ma-3410;8,065;6;2;1;2;Ma-3400;1;1;2;;;1;1
7;1;7;7;7055;;1;1;Ma-3410;6,491;6;4;2;;;1;3;1;;;1;1
7;6;20;7;0;1;1;1;Ma-3520;0,4;6;14;2;;;1;1;1;;;1;3
7;5;9;7;7055;1;3;2;No inventariada;;9;4;2;;;1;1;7;;;18;998
7;2;17;7;7055;1;3;2;No inventariada;;9;2;1;1;;1;1;7;;;18;998
7;1;12;7;7055;1;3;2;No inventariada;;9;5;2;;;1;1;1;;;18;998
7;4;0;7;7055;1;3;2;No inventariada;;9;2;1;1;;1;4;1;;;18;998
7;3;14;7;7055;1;3;2;No inventariada;;14;2;2;;;1;1;1;;;18;998
7;6;22;7;7055;1;3;2;No inventariada;;9;7;2;;;9;4;7;;;18;998
8;4;8;7;0;1;1;1;Ma-3340;6,9;6;2;1;2;;1;1;1;;;1;1
8;7;10;7;7055;;1;1;Ma-12;13,8;6;12;1;2;;1;1;1;;;1;1
8;2;11;7;7055;1;1;1;Ma-3340;9,89;6;1;2;;;1;1;1;;;1;3
8;4;15;7;7055;1;3;2;No inventariada;;9;2;1;1;;1;1;1;;;18;998
8;7;2;7;7055;;1;1;Ma-3410;6;6;5;2;;;1;6;1;;;18;1
8;1;6;7;7055;1;3;2;No inventariada;;9;6;2;;;9;1;7;;;18;998
9;4;13;7;7055;1;1;1;Ma-3410;6,8;6;5;2;;;1;1;1;;;1;1
9;5;20;7;7055;1;1;1;Ma-3410;0,3;6;4;1;2;;1;6;1;;;1;1
9;1;15;7;7055;;1;1;Ma-3340;8,506;6;18;2;;;1;1;1;;;1;1
8;4;15;7;7055;1;3;2;No inventariada;;9;7;2;;;1;1;1;;;18;998
9;3;13;7;7055;1;3;2;No inventariada;;9;3;1;1;;1;1;1;;;18;998
9;1;12;7;7055;;1;1;Ma-3400;2;6;14;2;;;3;1;3;;;1;2
9;7;12;7;7055;1;3;2;No inventariada;;9;2;1;1;;1;1;1;;;18;998
9;1;16;7;7055;1;3;2;No inventariada;;9;1;1;1;;1;1;7;;;18;998
9;3;9;7;7055;;1;1;Ma-3410;3,9;6;2;1;2;Ma-3413;1;1;1;;;1;1
10;4;12;7;7055;;1;1;Ma-3330;2,492;6;14;2;;;1;1;1;;1;1;1
10;1;18;7;7055;;1;1;Ma-3410;6,441;6;4;1;2;Ma-3402;1;2;1;;;1;1
9;2;9;7;7055;1;3;2;No inventariada;;9;2;2;;;1;1;1;;;1;998
11;7;18;7;7055;;1;1;Ma-12;13,735;6;10;2;;;2;6;1;;;1;1
12;1;17;7;7055;;1;1;Ma-12;12,75;6;16;2;;;1;2;2;;;1;1
12;7;14;7;7055;1;3;2;No inventariada;;9;3;1;2;;1;1;1;;;1;998
1;3;6;7;7036;1;1;1;Ma-13A;12,049;6;18;2;;;3;6;1;1;;5;2
2;3;13;7;7010;1;1;1;Ma-2020;3,978;6;2;1;2;;1;1;1;;;1;1
3;1;14;7;7056;;1;1;Ma-2020;1,35;6;16;2;;;1;1;2;;;1;1
3;1;19;7;7056;;1;1;Ma-13A;13,328;6;3;1;2;;1;2;1;;;1;1
4;1;14;7;7056;1;1;1;Ma-13A;15,8;6;2;2;;;1;1;1;;1;1;1
5;4;7;7;7056;1;1;1;Ma-13;12;2;4;2;;;1;1;1;;;1;1
6;3;18;7;7010;1;1;1;Ma-2030;1,547;6;12;2;;;1;1;1;;;1;1
7;7;2;7;7056;;1;1;Ma-13;12,348;2;3;1;2;Ma-3010;1;4;1;;;1;1
7;1;16;7;7056;1;1;1;Ma-13;12;2;4;2;;;1;1;1;;;1;1
8;1;0;7;7040;1;1;1;Ma-20;3,6;2;14;2;;;1;6;1;;;1;1
8;3;14;7;7056;;1;1;Ma-2020;1,95;6;3;2;;;3;1;2;;;1;3
9;5;10;7;7036;1;1;1;Ma-13A;13,789;6;12;2;;;1;1;2;;;1;3
10;4;6;7;7036;1;1;1;Ma-13;10,275;2;4;2;;;1;6;1;;;1;1
11;6;12;7;7056;;1;1;Ma-2020;1,7;6;2;1;2;;1;1;1;;;2;1
12;3;10;7;0;1;1;1;Ma-13A;17,1;6;3;1;4;;1;1;1;;;1;2
12;1;19;7;7056;1;1;1;Ma-13;12,2;2;5;2;;;1;4;2;;;1;1
1;6;20;7;7057;;1;1;Ma-19;52,8;6;4;2;;;1;6;1;;;18;1
2;1;11;7;7059;1;1;1;Ma-6100;6,13;6;12;2;;;1;1;1;;;1;1
4;7;5;7;7057;;1;1;CAMI;1;10;16;2;;;3;6;3;;;4;3
5;7;22;7;7057;;1;1;Ma-19;51,5;6;2;2;;;1;5;1;;;1;1
5;1;20;7;7057;0;1;1;Ma-4013;2,497;6;3;1;2;;1;3;1;;;1;1
6;7;16;7;7057;;1;1;Ma-4012;3,473;6;9;2;;;1;1;1;;;1;1
6;4;17;7;7022;0;1;1;Ma-4016;4,307;6;2;1;2;;1;1;1;;;4;3
6;1;19;7;7057;;1;1;Ma-19;49,441;6;2;1;2;;1;1;1;;;1;1
8;1;19;7;7057;0;1;1;Ma-4012;2,62;6;2;2;;;1;1;1;;;4;3
8;4;11;7;7057;0;1;1;Ma-19;52,5;6;19;2;;;9;1;1;;;1;1
8;6;18;7;7057;;1;1;Ma-19;47,489;6;19;2;;;1;1;1;;;1;1
12;4;7;7;7057;;1;1;Ma-4012;2,5;6;14;2;;;3;1;2;;;1;2
12;7;12;7;7057;;1;1;Ma-4012;3,23;6;16;2;;;1;1;1;;;1;1
4;3;17;7;0;;1;1;Ma-2113;2,038;6;16;1;2;;1;1;1;;;1;3
5;5;5;7;0;;1;1;Ma-2130;6,92;6;12;2;;;1;6;1;;;4;3
6;4;13;7;0;;2;2;Ma-2113;2,4;6;2;1;1;;1;1;1;;;17;1
7;6;11;7;0;;1;1;Ma-2130;2,918;6;12;2;;;1;1;1;;;1;3
9;1;15;7;0;1;1;1;Ma-2130;5,1;6;10;1;2;;1;1;1;;;4;2
9;1;23;7;0;;1;1;Ma-2130;5,52;6;2;2;;;1;6;1;;;4;2
11;7;14;7;0;;1;1;Ma-2130;7,538;6;15;2;;;1;1;2;;;4;3
12;6;15;7;0;1;1;1;Ma-2130;5,5;6;16;2;;;9;1;1;;;1;3
1;3;14;7;7059;0;1;1;Ma-6100;11,85;6;4;2;;;1;1;1;;;1;1
7;2;22;7;7013;0;1;1;Ma-6040;10,95;6;16;1;1;;1;6;1;;;12;1
1;2;7;7;0;;1;1;Ma-3240;11,9;6;4;2;;;1;1;2;;;1;4
2;7;19;7;0;1;1;1;Ma-3512;2,5;6;1;2;;;1;6;1;;;1;3
7;2;15;7;0;1;1;1;Ma-3011;25,27;6;3;2;;;1;1;1;;;1;1
7;7;2;7;0;0;1;1;Ma-3301;1,5;6;16;2;;;1;6;1;;;1;3
8;1;22;7;0;;1;1;Ma-3240;8,522;6;4;2;;;1;6;1;;;1;1
10;5;16;7;0;;1;1;Ma-3232;5,382;6;2;1;1;Ma-3132;1;1;2;;;1;1
10;6;10;7;0;;1;1;Ma-3301;1,754;6;4;2;;;1;1;1;;;1;1
10;6;13;7;0;1;1;1;Ma-3512;5,302;6;19;2;;;1;1;1;;;1;1
12;7;5;7;0;1;1;1;Ma-3301;3,113;6;1;2;;;1;6;1;2;;5;1
4;2;15;7;7061;;1;1;Ma-10;53,126;6;12;2;;;1;1;1;;;1;1
4;6;11;7;7061;1;1;1;Ma-11;31,5;6;1;1;2;;1;1;1;;;1;3
5;7;8;7;7061;;1;1;Ma-10;51,559;6;2;1;4;Ma-10;1;1;1;;;1;2
5;7;12;7;7061;1;1;1;Ma-10;56,45;6;16;2;;;1;1;1;;;1;2
5;5;18;7;7061;;1;1;Ma-11;31,2;6;5;2;;;1;4;1;;;1;1
6;2;21;7;7061;1;3;2;No inventariada;;9;4;1;2;;1;4;1;;;2;998
5;3;8;7;7061;1;3;2;No inventariada;;9;2;1;2;;1;1;1;;;2;998
6;5;16;7;7061;;1;1;Ma-10;56,1;6;16;2;;;1;1;1;;;18;3
6;3;11;7;7061;;1;1;Ma-11;32,5;6;7;2;;;1;1;1;;;1;1
6;6;9;7;7061;;1;1;Ma-11;29,2;6;4;2;;;1;1;1;;;1;1
7;7;16;7;7061;1;3;2;No inventariada;;9;2;1;1;;1;1;1;;;1;998
7;7;19;7;7061;1;3;2;No inventariada;;9;2;1;2;;1;1;1;;;1;998
8;3;6;7;7061;1;3;2;No inventariada;;9;20;2;;;1;1;1;;;1;998
8;7;19;7;0;1;1;1;Ma-10;59,22;6;1;2;;;1;1;1;;;1;3
8;1;17;7;7010;1;1;1;Ma-11A;21,5;6;10;2;;;1;1;1;;;1;2
6;6;14;7;7061;1;3;2;No inventariada;;9;16;2;;;1;1;1;;;1;998
6;5;17;7;7061;1;3;2;No inventariada;;9;2;1;1;;1;1;1;;;18;998
11;7;0;7;7061;;1;1;Ma-11;31,04;6;4;2;;;1;4;1;;;1;1
9;6;11;7;7061;1;3;2;No inventariada;;9;2;1;1;;1;1;1;;;18;998
10;1;10;7;7061;1;3;2;No inventariada;;9;10;2;;;1;1;1;;;1;998
11;5;18;7;7061;;1;1;Ma-10;57,7;6;19;2;;;1;6;1;;;1;2
11;7;7;7;7061;1;1;1;Ma-10;51,152;6;12;2;;;1;1;1;;;1;3
12;3;14;7;7061;1;3;2;No inventariada;;9;2;1;1;;1;1;1;;;2;998
12;6;17;7;7040;1;1;1;Ma-19;1,635;2;3;1;2;;1;1;2;;;1;1
12;7;18;7;7061;;1;1;Ma-11;31,08;6;16;2;;;1;6;1;;;18;1
12;6;12;7;7061;;1;1;Ma-11;32,221;6;10;2;;;1;1;1;;;1;1
1;4;8;7;7062;1;3;2;No inventariada;;9;10;1;4;;1;1;1;;;1;998
3;5;7;7;7051;1;1;1;Ma-4023;8;6;4;2;;;1;1;1;;;1;1
1;3;14;7;7062;1;3;2;No inventariada;;9;2;1;1;;1;1;1;;;2;998
2;2;17;7;7062;1;3;2;No inventariada;;9;7;2;;;1;1;1;;;1;998
2;1;15;7;7062;1;3;2;No inventariada;;9;4;1;1;;1;1;1;;;1;998
3;1;22;7;7062;1;3;2;No inventariada;;9;2;1;1;;1;4;1;;;3;998
3;2;19;7;7062;1;3;2;No inventariada;;9;7;2;;;1;2;1;;;1;998
5;6;22;7;7062;;1;1;Ma-4040;3,877;6;18;2;;;1;6;1;;;1;3
6;5;19;7;7062;;1;1;Ma-4027;1,343;6;1;1;12;;1;1;2;;;1;3
7;4;18;7;7062;;1;1;Ma-4032;1,568;6;19;2;;;1;1;1;;;1;3
7;3;18;7;7062;;1;1;Ma-4023;9,158;6;2;1;4;Ma-4027;1;1;1;;;18;4
7;3;20;7;7062;;1;1;Ma-4032;1,421;6;6;2;;;1;2;1;;;6;2
8;1;16;7;7062;1;1;1;Ma-4032;0,83;6;2;1;2;;1;1;1;;;1;1
6;5;15;7;7062;1;3;2;No inventariada;;9;4;2;;;1;1;1;;;1;998
6;5;20;7;7062;1;3;2;No inventariada;;9;2;1;1;;1;1;1;;;2;998
10;2;9;7;7062;;1;1;Ma-4031;3,548;6;14;2;;;3;1;1;;;1;2
11;3;14;7;7062;;1;1;Ma-4040;0,5;6;4;1;1;;1;1;1;;;1;1
9;6;12;7;7062;1;3;2;No inventariada;;9;2;1;1;;1;1;1;;;2;998
9;1;6;7;7062;1;3;2;No inventariada;;9;2;1;1;;1;3;1;;;1;998
10;5;23;7;7062;1;3;2;No inventariada;;9;2;1;1;;1;4;1;;;1;998
10;3;13;7;7062;1;3;2;No inventariada;;9;2;1;1;;1;1;1;;;1;998
11;6;12;7;7062;1;3;2;No inventariada;;9;3;2;;;1;1;1;;;1;998
11;3;15;7;7062;1;3;2;No inventariada;;9;2;1;1;;3;1;2;;;1;998
2;6;15;7;0;;1;1;Ma-1131;1,3;6;1;2;;;1;1;7;;;1;1
4;6;17;7;0;;1;1;Ma-10;68,385;6;12;2;;;1;1;1;;;1;3
4;6;23;7;0;;1;1;Ma-10;70,9;6;19;2;;;3;6;3;;;1;1
10;6;22;7;0;1;1;1;Ma-1110;15,4;6;14;2;;;1;6;1;;;1;2
11;1;10;7;0;;1;1;Ma-10;69,155;6;18;2;;;3;1;1;;;1;2
6;2;16;7;7064;2;1;1;Me-6;4,5;6;4;1;2;;1;1;1;;;1;1
8;5;20;7;7064;2;1;1;Me-2;2,1;6;3;1;4;;1;1;1;;;1;2
10;5;11;7;7064;2;3;2;No inventariada;;9;7;2;;;1;1;1;1;;18;998
11;4;12;7;7064;2;3;2;No inventariada;;9;10;2;;;1;1;1;;;18;998
2;4;17;7;0;1;1;1;Ma-15A;36,739;6;10;1;4;Ma-15A;1;1;1;;;1;1
2;7;13;7;0;1;1;1;Ma-3310;1,1;6;19;2;;;1;1;1;;;1;1
3;6;11;7;0;;3;2;No inventariada;;9;7;2;;;1;1;1;;;16;998
4;4;17;7;0;;1;1;Ma-5110;1,451;6;14;2;;;1;1;1;;;1;1
6;3;11;7;0;1;1;1;Ma-15;41;5;4;1;4;Ma-5100;3;1;3;;;1;1
9;2;17;7;0;1;1;1;Ma-15;36,674;5;3;1;4;;1;1;1;;;1;2
11;2;21;7;0;;1;1;Ma-15;39,933;5;4;2;;;1;6;1;;;1;1
11;3;9;7;0;0;1;1;Ma-5110;4,5;6;2;2;;;3;1;3;;;1;2
8;6;0;7;0;;1;1;Ma-3340;4,723;6;3;1;2;;1;6;1;;;1;1
6;4;19;7;7023;2;1;1;Me-20;2,8;6;19;2;;;1;1;1;;;4;2
8;1;16;7;0;2;1;1;Me-18;9,2;6;19;2;;;1;1;1;;;1;2
11;5;13;7;0;2;1;1;Me-18;7,5;6;14;2;;;1;1;1;;;1;2
1;1;3;8;8019;;3;2;No inventariada;;14;20;1;999;;1;5;1;1;;999;998
1;1;2;8;8019;;3;2;No inventariada;;14;6;1;999;;1;5;1;1;;999;998
1;1;9;8;8019;;3;2;No inventariada;;14;3;1;999;;1;1;1;1;;999;998
1;1;3;8;8019;;3;2;No inventariada;;14;7;1;999;;1;1;1;1;;999;998
1;1;18;8;8019;;3;2;No inventariada;;14;20;2;2;;1;5;1;1;;999;998
1;1;19;8;8019;;3;2;No inventariada;;14;9;1;999;;1;5;1;1;;999;998
1;1;4;8;0;;1;1;BP-4653;15,8;6;19;1;999;;3;5;1;;;999;4
1;1;6;8;8217;;1;1;A-2;607;3;6;1;999;;1;4;1;;;999;4
1;1;6;8;8260;;1;1;C-59;2,8;3;19;2;;;1;4;1;;;999;4
1;1;7;8;0;;1;1;A-2;572,2;3;19;2;;;1;6;1;;;999;4
1;1;11;8;8092;;3;2;No inventariada;;14;7;1;999;;1;1;1;;;999;998
1;1;13;8;8260;;1;1;AP-7;142,5;2;4;1;999;;1;1;1;;;999;4
1;1;18;8;0;;1;1;C-55;17,2;6;7;1;999;;1;5;1;;;4;2
1;1;21;8;8015;;3;2;No inventariada;;14;9;1;999;;1;4;1;;;17;998
1;2;7;8;8019;;3;2;No inventariada;;14;6;1;999;;1;1;1;1;;999;998
1;2;10;8;8019;;3;2;No inventariada;;14;20;1;999;;1;1;1;1;;999;998
1;2;14;8;8019;;3;2;No inventariada;;14;3;1;999;;1;1;1;1;;999;998
1;2;14;8;8019;;3;2;No inventariada;;14;20;1;999;;1;1;1;1;;999;998
1;2;17;8;8019;;3;2;No inventariada;;14;2;1;999;;1;5;1;1;;999;998
1;2;7;8;8159;;1;1;C-17;16,3;3;3;1;999;;1;6;1;;;999;4
1;2;10;8;8284;;2;2;N-2;681;6;2;1;999;;1;1;1;;;999;4
1;2;9;8;0;;1;1;C-153;22,5;6;19;1;999;;8;1;1;;;999;4
1;2;10;8;8307;;1;1;C-15z;2,6;6;4;1;999;;1;1;1;;;999;4
1;2;16;8;8035;;1;1;N-2;666;6;19;1;999;;1;1;1;;;999;4
1;2;17;8;8259;;1;1;C-35;53;6;9;1;999;;1;1;1;;;999;4
1;1;6;8;8096;;3;2;No inventariada;;14;9;1;999;;1;2;1;;;17;998
1;3;15;8;8019;;3;2;No inventariada;;14;20;2;2;;8;1;1;1;;999;998
1;3;8;8;8181;;1;1;AP-7;128,8;2;19;1;999;;1;1;1;;;999;4
1;3;13;8;0;;1;1;BV-1224;1,3;6;19;1;999;;3;1;1;;;999;4
1;3;15;8;0;;1;1;C-59;49,9;6;19;1;999;;1;1;1;;;999;4
1;3;18;8;8305;;1;1;AP-7;198,5;2;3;2;;;1;6;1;;;999;4
1;3;22;8;8252;;1;1;AP-7;147,5;2;3;2;2;;1;4;1;;;999;4
1;3;21;8;8209;;1;1;BV-5001;11,1;6;9;1;999;;1;6;1;;;999;4
1;4;3;8;8001;;1;1;A-2;582,5;3;6;1;999;;1;6;1;;;999;4
1;3;13;8;8073;;3;2;No inventariada;;14;9;1;999;;1;1;1;;;17;998
1;3;12;8;8019;;3;2;No inventariada;;14;20;1;999;;1;1;1;1;;999;998
1;3;13;8;8019;;3;2;No inventariada;;14;2;2;1;;1;1;1;1;;999;998
1;3;17;8;8019;;3;2;No inventariada;;14;3;2;1;;1;1;1;1;;999;998
1;3;17;8;8019;;3;2;No inventariada;;14;20;1;999;;1;5;1;1;;999;998
1;3;20;8;8019;;3;2;No inventariada;;14;2;2;4;;1;5;1;1;;999;998
1;4;6;8;8019;;3;2;No inventariada;;14;20;1;999;;1;5;1;1;;999;998
1;4;9;8;8019;;3;2;No inventariada;;14;9;2;1;;1;1;1;1;;999;998
1;4;12;8;8019;;3;2;No inventariada;;14;20;1;999;;1;1;1;1;;999;998
1;4;13;8;8019;;1;1;B-10;1,8;14;20;1;999;;1;1;1;1;;999;4
1;4;17;8;8019;;3;2;No inventariada;;14;20;1;999;;1;1;1;1;;999;998
1;1;13;8;0;;1;1;BV-5128;24,2;6;3;1;999;;3;1;1;;;999;4
1;4;7;8;8196;;1;1;A-2;595,3;3;3;1;999;;1;2;1;;;999;4
1;4;9;8;8260;;1;1;AP-7;143,5;2;9;2;4;;8;1;1;;;999;4
1;4;12;8;0;;1;1;C-153;23,5;6;2;1;999;;1;1;1;;;999;4
1;4;15;8;8252;;1;1;AP-7;146,5;2;4;1;999;;1;1;1;;;999;4
1;4;19;8;8124;;1;1;C-17;13;3;2;1;999;;1;6;1;;;999;4
1;4;20;8;8181;;1;1;C-1415c;17,4;6;3;2;4;;1;6;1;;;999;4
1;4;22;8;0;;1;1;No inventariada;;6;19;1;999;;1;6;1;;;17;4
1;4;5;8;8073;;3;2;No inventariada;;14;9;1;999;;1;4;1;;;17;998
1;3;15;8;8102;;3;2;No inventariada;;14;2;2;1;;1;1;1;;;17;998
1;3;6;8;8307;;3;2;No inventariada;;14;4;2;2;;1;2;1;;;17;998
1;5;15;8;8015;;3;2;No inventariada;;14;4;2;2;;1;1;1;;;17;998
1;5;7;8;8001;;1;1;BV-1202;9,5;6;1;1;999;;3;2;3;;;999;4
1;5;9;8;0;;1;1;BV-5151;8,3;6;19;1;999;;1;1;3;;;999;4
1;5;11;8;8138;;3;2;No inventariada;;14;20;1;999;;1;1;1;;;17;998
1;5;19;8;8107;;2;2;C-1415b;7;6;7;2;4;;3;5;4;;;999;4
1;5;21;8;0;;1;1;B-23;14,2;2;6;1;999;;3;5;4;;;999;4
1;6;2;8;8219;;2;2;N-2;641,5;6;19;2;4;;3;5;1;;;999;4
1;6;21;8;8015;;3;2;No inventariada;;14;19;1;999;;3;4;3;;;17;998
1;5;13;8;8259;;1;1;C-35;55;6;4;1;999;;3;1;1;;;999;4
1;6;5;8;0;;1;1;C-55;24;6;19;2;;;1;6;1;;;999;4
1;6;9;8;8044;;1;1;B-224;1,4;6;9;1;999;;3;1;1;;;999;4
1;6;12;8;8252;;1;1;B-30;9,2;2;4;1;999;;1;1;1;;;999;4
1;6;13;8;8217;;1;1;A-2;606,8;3;4;1;999;;1;1;1;;;999;4
1;6;19;8;8278;;1;1;B-520;4,2;6;19;1;999;;1;6;1;;;999;4
1;6;18;8;8181;;1;1;C-60;9,5;2;6;1;999;;1;6;1;;;999;4
1;6;18;8;8073;;3;2;No inventariada;;14;7;1;999;;1;4;1;;;17;998
1;1;7;8;8019;;3;2;No inventariada;;14;2;2;1;;1;5;1;1;;999;998
1;1;20;8;8019;;3;2;No inventariada;;14;3;2;1;;1;5;1;1;;999;998
1;3;11;8;8019;;3;2;No inventariada;;14;7;1;999;;1;1;1;1;;999;998
1;2;8;8;8019;;3;2;No inventariada;;14;20;1;999;;1;1;1;1;;999;998
1;2;14;8;8019;;3;2;No inventariada;;14;2;2;1;;1;1;1;1;;999;998
1;2;14;8;8019;;3;2;No inventariada;;14;7;1;999;;1;1;1;1;;999;998
1;2;22;8;8019;;3;2;No inventariada;;14;3;1;999;;1;5;1;1;;999;998
1;3;9;8;8019;;3;2;No inventariada;;14;2;2;1;;1;1;1;1;;999;998
1;3;15;8;8019;;3;2;No inventariada;;14;20;2;1;;1;1;1;1;;999;998
1;3;19;8;8019;;3;2;No inventariada;;14;2;2;1;;1;5;1;1;;999;998
1;4;13;8;8019;;3;2;No inventariada;;14;7;1;999;;1;1;1;1;;999;998