MES;DIA_SEMANA;HORA;COD_PROVINCIA;COD_MUNICIPIO;ISLA;ZONA;ZONA_AGRUPADA;CARRETERA;KM;TIPO_VIA;TIPO_ACCIDENTE;NUDO;NUDO_INFO;CARRETERA_CRUCE;CONDICION_FIRME;CONDICION_ILUMINACION;CONDICION_METEO;CONDICION_NIEBLA;CONDICION_VIENTO;VISIB_RESTRINGIDA_POR;TRAZADO_PLANTA
1;4;17;8;8019;;3;2;No inventariada;;14;20;1;999;;1;1;1;1;;999;998
1;5;10;8;8019;;3;2;No inventariada;;14;2;2;1;;3;1;1;1;;999;998
1;5;12;8;8019;;3;2;No inventariada;;14;7;1;999;;1;1;1;1;;999;998
1;5;13;8;8019;;3;2;No inventariada;;14;7;1;999;;1;1;1;1;;999;998
1;5;14;8;8019;;3;2;No inventariada;;14;7;1;999;;1;1;1;1;;999;998
1;5;15;8;8019;;3;2;No inventariada;;14;20;1;999;;1;1;1;1;;999;998
1;5;20;8;8019;;3;2;No inventariada;;14;9;1;999;;3;5;3;1;;999;998
1;5;20;8;8019;;3;2;No inventariada;;14;2;2;2;;3;5;3;1;;999;998
1;6;11;8;8019;;3;2;No inventariada;;14;20;1;999;;1;1;1;1;;999;998
1;5;21;8;8019;;3;2;No inventariada;;14;3;1;999;;3;5;3;1;;999;998
1;6;16;8;8019;;3;2;No inventariada;;14;20;1;999;;1;1;1;1;;999;998
1;7;5;8;8019;;3;2;No inventariada;;14;3;2;1;;1;5;1;1;;999;998
1;7;14;8;8019;;3;2;No inventariada;;14;20;1;999;;1;1;1;1;;999;998
1;7;6;8;8252;;3;2;No inventariada;;14;18;2;4;;1;4;1;;;17;998
1;7;9;8;8138;;1;1;No inventariada;0;6;9;1;999;;3;1;1;;;999;4
1;7;10;8;8238;;1;1;C-1413a;13,8;6;3;2;4;;1;1;1;;;999;4
1;6;6;8;8054;;1;1;A-2;591,5;3;4;1;999;;1;2;1;;;17;2
1;7;15;8;8217;;1;1;A-2;606,5;3;3;1;999;;1;1;1;;;999;4
1;7;22;8;8305;;1;1;AP-7;194,5;2;2;1;999;;1;6;1;;;999;4
1;1;19;8;8019;;3;2;No inventariada;;14;20;1;999;;1;5;1;1;;999;998
1;4;8;8;8019;;3;2;No inventariada;;14;1;2;1;;1;1;1;1;;999;998
1;5;7;8;8019;;3;2;No inventariada;;14;3;2;1;;1;5;1;1;;999;998
1;4;21;8;8019;;3;2;No inventariada;;14;20;2;4;;1;5;1;1;;999;998
1;5;18;8;8019;;3;2;No inventariada;;14;9;2;1;;3;5;1;1;;999;998
1;5;22;8;8019;;3;2;No inventariada;;14;20;1;999;;3;5;1;1;;999;998
1;5;23;8;8019;;3;2;No inventariada;;14;2;2;1;;3;5;3;1;;999;998
1;6;21;8;8019;;3;2;No inventariada;;14;9;2;1;;1;5;1;1;;999;998
1;1;8;8;8019;;3;2;No inventariada;;14;20;2;1;;1;1;1;1;;999;998
1;1;12;8;8019;;3;2;No inventariada;;14;7;2;1;;1;1;1;1;;999;998
1;1;22;8;8101;;3;2;No inventariada;;14;2;2;1;;1;4;1;;;17;998
1;2;20;8;8169;;3;2;No inventariada;;14;2;2;1;;1;4;1;;;17;998
1;7;11;8;8169;;3;2;No inventariada;;14;7;2;1;;1;1;1;;;17;998
1;7;22;8;8101;;3;2;No inventariada;;14;20;1;999;;1;1;1;;;17;998
1;5;15;8;8266;;1;1;B-30;8,5;2;4;1;999;;1;1;1;;;999;4
1;5;23;8;8260;;1;1;C-59;2,7;3;19;2;;;1;4;1;;;999;4
1;6;18;8;8300;;1;1;B-245;1,2;6;4;2;4;;1;6;1;;;999;4
1;6;19;8;8125;;1;1;C-33;79,5;2;4;1;999;;1;5;1;;;999;4
1;7;11;8;8019;;1;1;C-58;0;2;4;1;999;;1;1;1;;;999;4
1;1;4;8;8007;;2;2;C-61;2,8;6;4;1;999;;1;1;1;;;17;4
1;1;5;8;8147;;1;1;B-120;11,9;6;19;1;999;;1;5;1;;;999;4
1;1;5;8;8267;;1;1;C-1413a;34,8;6;3;1;999;;1;6;1;;;999;4
1;1;7;8;8221;;1;1;B-23;2,8;2;4;1;999;;1;4;1;;;999;4
1;1;7;8;8205;;1;1;AP-7;159;2;4;1;999;;1;1;1;;;999;4
1;1;15;8;8101;;1;1;C-31;195,5;3;20;1;999;;1;1;1;;;999;4
1;1;13;8;8051;;1;1;B-124;5,3;6;20;2;4;;1;1;1;;;17;2
1;1;15;8;0;;1;1;C-61;12,4;6;19;1;999;;1;1;1;;;999;4
1;1;19;8;8184;;1;1;C-1413a;14;6;9;2;4;;8;5;1;;;999;4
1;1;20;8;8208;;1;1;B-224;22,3;6;8;1;999;;1;6;1;;;999;4
1;1;20;8;8106;;1;1;AP-7;122,5;2;4;1;999;;1;6;1;;;999;4
1;5;6;8;8030;;2;2;BV-5022;2,2;14;2;2;2;;1;2;1;;;17;4
1;1;7;8;8282;;3;2;No inventariada;;14;9;1;999;;1;2;1;;;17;998
1;1;21;8;8124;;3;2;No inventariada;;14;9;2;1;;1;4;1;;;17;998
1;4;9;8;8124;;3;2;No inventariada;;14;7;2;;;1;1;1;;;17;998
1;2;13;8;8019;;3;2;No inventariada;;14;3;2;1;;1;1;1;1;;999;998
1;5;14;8;8019;;3;2;No inventariada;;14;20;1;999;;1;1;1;1;;999;998
1;6;21;8;8019;;3;2;No inventariada;;14;3;2;2;;1;5;1;1;;999;998
1;7;10;8;8019;;3;2;No inventariada;;14;7;1;999;;1;1;1;1;;999;998
1;7;12;8;8019;;3;2;No inventariada;;14;20;1;999;;1;1;1;1;;999;998
1;1;10;8;8019;;3;2;No inventariada;;14;20;1;999;;1;1;1;1;;999;998
1;1;10;8;8019;;3;2;No inventariada;;14;7;2;1;;1;1;1;1;;999;998
1;1;11;8;8019;;3;2;No inventariada;;14;3;2;1;;1;1;1;1;;999;998
1;1;12;8;8019;;3;2;No inventariada;;14;7;2;2;;1;1;1;1;;999;998
1;1;12;8;8019;;3;2;No inventariada;;14;20;1;999;;1;1;1;1;;999;998
1;1;18;8;8019;;3;2;No inventariada;;14;2;2;1;;1;5;1;1;;999;998
1;1;20;8;8019;;3;2;No inventariada;;14;20;1;999;;1;5;1;1;;999;998
1;1;16;8;8019;;3;2;No inventariada;;14;20;1;999;;1;1;1;1;;999;998
1;1;15;8;8019;;3;2;No inventariada;;14;3;1;999;;1;1;1;1;;999;998
1;1;23;8;8019;;3;2;No inventariada;;14;9;1;999;;1;6;1;1;;999;998
1;2;7;8;8019;;3;2;No inventariada;;14;20;1;999;;1;5;1;1;;999;998
1;2;8;8;8019;;3;2;No inventariada;;14;20;2;1;;1;1;1;1;;999;998
1;2;9;8;8019;;3;2;No inventariada;;14;20;1;999;;1;1;1;1;;999;998
1;2;11;8;8019;;3;2;No inventariada;;14;20;1;999;;1;1;1;1;;999;998
1;1;15;8;8125;;1;1;C-17;4;3;19;2;;;1;1;1;;;999;4
1;1;16;8;8279;;1;1;No inventariada;20;6;4;2;2;;1;1;1;;;999;4
1;2;8;8;8125;;1;1;C-58;3,6;2;4;1;999;;1;1;1;;;17;1
1;2;13;8;8181;;1;1;C-1415c;17,1;6;3;2;;;1;1;1;;;999;4
1;2;13;8;8260;;1;1;B-140;6,7;6;3;1;999;;1;1;1;;;999;4
1;2;15;8;8019;;1;1;C-58;0,3;2;4;1;999;;1;1;1;;;999;4
1;2;17;8;8114;;1;1;AP-7;171,5;2;4;1;999;;1;1;1;;;999;4
1;5;19;8;8298;;3;2;No inventariada;;14;7;2;1;;3;4;4;;;17;998
1;5;16;8;8298;;3;2;No inventariada;;14;18;1;999;;3;1;3;;;17;998
1;1;6;8;8102;;3;2;No inventariada;;14;2;2;4;;1;4;1;;;17;998
1;1;16;8;8102;;3;2;No inventariada;;14;2;1;999;;1;1;1;;;17;998
1;5;23;8;8096;;4;2;C-352;18,4;3;19;1;999;;3;4;3;;;17;4
1;2;16;8;8298;;3;2;No inventariada;;14;1;2;1;;1;1;1;;;17;998
1;6;0;8;8101;;3;2;No inventariada;;14;2;2;1;;1;4;1;;;17;998
1;3;12;8;8019;;3;2;No inventariada;;14;2;2;1;;1;1;1;1;;999;998
1;4;9;8;8019;;3;2;No inventariada;;14;3;2;1;;1;1;1;1;;999;998
1;4;15;8;8019;;3;2;No inventariada;;14;2;2;1;;1;1;1;1;;1;998
1;1;8;8;8019;;3;2;No inventariada;;14;3;1;999;;1;1;1;1;;999;998
1;1;13;8;8019;;3;2;No inventariada;;14;3;2;1;;1;1;1;1;;999;998
1;2;6;8;8019;;3;2;No inventariada;;14;3;1;999;;1;5;1;1;;999;998
1;2;15;8;8019;;3;2;No inventariada;;14;2;1;999;;1;1;1;1;;999;998
1;3;9;8;8019;;3;2;No inventariada;;14;3;2;1;;3;1;1;1;;999;998
1;3;14;8;8019;;3;2;No inventariada;;14;2;2;1;;1;1;1;1;;999;998
1;3;15;8;8019;;3;2;No inventariada;;14;3;2;1;;3;1;3;1;;999;998
1;3;13;8;8019;;3;2;No inventariada;;14;20;1;999;;1;1;1;1;;999;998
1;3;15;8;8019;;3;2;No inventariada;;14;9;2;2;;3;2;3;1;;999;998
1;3;17;8;8019;;1;1;B-10;12,5;3;20;1;999;;3;1;3;1;;999;4
1;3;17;8;8019;;3;2;No inventariada;;14;3;2;1;;3;5;3;1;;999;998
1;3;20;8;8019;;3;2;No inventariada;;14;9;1;999;;3;5;1;1;;999;998
1;6;2;8;8101;;3;2;No inventariada;;14;9;1;999;;3;4;1;;;17;998
1;7;19;8;8101;;3;2;No inventariada;;14;2;1;999;;1;4;1;;;17;998
1;1;9;8;8101;;3;2;No inventariada;;14;4;1;999;;1;1;1;;;17;998
1;1;21;8;8181;;1;1;BV-5105;2,4;6;19;1;999;;1;5;1;;;999;4
1;5;20;8;8181;;1;1;BV-5105;2,7;6;20;2;4;;3;4;4;;;999;4
1;2;15;8;8159;;1;1;C-17;15;3;4;1;999;;1;1;1;;;999;4
1;3;6;8;8217;;1;1;B-23;4,7;2;4;1;999;;3;5;3;;;999;4
1;3;7;8;8260;;1;1;B-140;6,7;6;3;1;999;;1;6;1;;;999;4
1;3;8;8;8003;;1;1;C-32;85;2;4;1;999;;1;1;3;;;999;4
1;3;8;8;8123;;1;1;B-23;9,5;2;4;1;999;;3;1;3;;;999;4
1;3;14;8;8231;;1;1;BV-2111;10;6;19;1;999;;3;1;3;;;999;4
1;3;14;8;8205;;1;1;B-30;0,5;2;3;1;999;;1;1;1;;;999;4
1;3;16;8;8180;;1;1;C-58;7,2;2;2;1;999;;3;1;3;;;999;4
1;3;16;8;8305;;1;1;N-340;1211;6;4;2;;;3;1;3;;;999;4
1;3;20;8;0;;1;1;B-522;2,9;6;4;2;4;;3;4;3;;;999;4
1;3;22;8;0;;1;1;BP-2121;7;6;19;1;999;;3;6;3;;;999;4
1;2;15;8;8102;;3;2;No inventariada;;14;2;2;2;;1;1;1;;;17;998
1;3;7;8;8102;;3;2;No inventariada;;14;2;2;1;;3;4;3;;;17;998
1;3;20;8;8124;;3;2;No inventariada;;14;7;2;2;;3;1;3;;;17;998
1;1;9;8;8102;;3;2;No inventariada;;14;9;1;999;;5;1;1;;;17;998
1;5;9;8;8121;;3;2;No inventariada;;14;9;1;999;;3;1;3;;;17;998
1;1;3;8;8245;;2;2;No inventariada;;14;18;2;2;;1;4;1;;;17;4
1;7;13;8;8121;;3;2;No inventariada;;14;4;1;999;;1;1;1;;;17;998
1;6;20;8;8019;;3;2;No inventariada;;14;20;1;999;;1;5;1;1;;999;998
1;1;9;8;8019;;3;2;No inventariada;;14;20;1;999;;1;1;1;1;;999;998
1;3;8;8;8019;;3;2;No inventariada;;14;9;2;2;;3;2;3;1;;999;998
1;4;10;8;8019;;3;2;No inventariada;;14;7;1;999;;1;1;1;1;;999;998
1;4;13;8;8019;;3;2;No inventariada;;14;3;1;999;;1;5;1;1;;999;998
1;4;13;8;8019;;3;2;No inventariada;;14;9;1;999;;8;1;1;1;;999;998
1;4;16;8;8019;;3;2;No inventariada;;14;9;1;999;;1;1;1;1;;999;998
1;4;14;8;8019;;3;2;No inventariada;;14;3;2;1;;1;1;1;1;;999;998
1;2;19;8;8200;;3;2;No inventariada;;14;2;1;999;;1;2;1;;;17;998
1;1;7;8;8211;;3;2;No inventariada;;14;2;1;999;;1;1;1;;;17;998
1;6;11;8;8231;;3;2;No inventariada;;14;7;1;999;;1;1;1;;;17;998
1;5;19;8;8121;;1;1;C-31E;1,4;6;1;1;999;;3;5;3;;;999;4
1;2;8;8;8194;;1;1;C-31;208,9;2;4;1;999;;1;1;1;;;999;4
1;3;5;8;8217;;1;1;B-23;4,7;2;4;1;999;;3;5;3;;;999;4
1;3;22;8;8187;;1;1;N-150;14,4;6;4;2;4;;1;4;1;;;999;4
1;4;6;8;8077;;1;1;B-23;0,7;2;6;1;999;;3;5;1;;;999;4
1;4;7;8;8124;;1;1;AP-7;140,5;2;3;1;999;;3;6;1;;;999;4
1;4;8;8;0;;1;1;C-17;65,3;3;3;1;999;;1;1;1;;;999;4
1;4;8;8;8200;;1;1;C-32;54;2;3;1;999;;1;1;1;;;999;4
1;4;9;8;8244;;1;1;A-2;603,6;3;9;1;999;;3;1;1;;;999;4
1;4;13;8;0;;1;1;C-25;153,9;3;19;1;999;;3;1;1;;;999;4
1;4;15;8;0;;1;1;C-55;11,5;6;1;2;2;;1;1;1;;;999;4
1;4;17;8;0;;1;1;No inventariada;0,1;6;2;2;2;;3;1;3;;;999;4
1;3;15;8;0;;1;1;C-244;3,6;6;1;1;999;;1;1;3;;;4;2
1;4;16;8;0;;1;1;N-340;1216;6;19;2;2;;1;1;1;;;999;4
1;4;16;8;8307;;1;1;BV-2115;2,5;6;2;2;4;;1;1;1;;;999;4
1;4;17;8;8033;;1;1;No inventariada;2,9;6;2;1;999;;3;1;3;;;999;4
1;1;17;8;8245;;3;2;No inventariada;;14;9;1;999;;1;1;1;;;17;998
1;3;22;8;8245;;3;2;No inventariada;;14;2;2;4;;3;4;1;;;17;998
1;7;22;8;8121;;3;2;No inventariada;;14;2;2;4;;1;4;1;;;17;998
1;3;10;8;8101;;3;2;No inventariada;;14;2;1;999;;3;1;3;;;17;998
1;3;17;8;8015;;3;2;No inventariada;;14;2;2;1;;1;1;1;;;17;998
1;3;14;8;8015;;3;2;No inventariada;;14;4;1;999;;1;1;1;;;17;998
1;7;11;8;8169;;3;2;No inventariada;;14;7;2;2;;1;1;1;;;17;998
1;1;8;8;8169;;3;2;No inventariada;;14;3;1;999;;1;1;1;;;17;998
1;3;15;8;8169;;3;2;No inventariada;;14;9;1;999;;3;1;3;;;17;998
1;2;16;8;8169;;3;2;No inventariada;;14;9;1;999;;8;1;1;;;17;998
1;2;15;8;0;;1;1;C-55;16,3;6;4;1;999;;1;1;1;;;999;4
1;2;16;8;0;;3;2;No inventariada;;14;2;1;999;;1;1;1;;;999;998
1;2;16;8;0;;1;1;BV-1106;1,8;6;2;2;2;;1;1;1;;;17;1
1;4;23;8;8180;;1;1;C-58;6,7;2;3;2;;;1;4;1;;;999;4
1;4;22;8;8205;;1;1;AP-7;159,3;2;19;1;999;;1;6;1;;;999;4
1;5;5;8;0;;1;1;N-141c;34;6;19;1;999;;3;6;3;;;999;4
1;5;7;8;0;;1;1;C-58;37,5;6;19;1;999;;1;6;1;;;999;4
2;4;17;8;8113;;1;1;BV-5224;4;6;7;1;999;;1;1;1;;;1;4
1;5;18;8;8091;;1;1;AP-7;176,5;2;3;2;;;1;4;1;;;17;1
1;5;13;8;8211;;1;1;A-2;605,5;3;19;1;999;;1;1;1;;;999;4
1;2;13;8;8029;;1;1;B-502;1,4;14;4;2;4;;1;1;1;;;17;4
1;1;21;8;8121;;3;2;No inventariada;;14;9;2;1;;1;4;1;;;17;998
1;5;8;8;8003;;3;2;No inventariada;;14;9;1;999;;1;1;1;;;17;998
1;2;7;8;8121;;3;2;No inventariada;;14;2;2;4;;1;1;1;;;17;998
1;4;18;8;0;;1;1;C-62;14,3;6;8;1;999;;1;6;1;;;999;4
1;6;9;8;8260;;1;1;B-140;4,5;6;9;2;4;;3;1;1;;;999;4
1;6;12;8;8291;;1;1;B-122;10;6;9;2;;;1;1;1;;;999;4
1;6;13;8;8106;;1;1;BV-5103;3,5;6;2;2;2;;1;1;1;;;999;4
1;6;18;8;8121;;1;1;C-31E;0,1;6;9;1;999;;1;1;1;;;17;4
1;6;19;8;0;;3;2;No inventariada;;14;9;1;999;;1;5;1;;;999;998
1;7;0;8;8270;;1;1;C-31;169,9;6;1;1;999;;1;6;1;;;999;4
1;2;17;8;8105;;3;2;No inventariada;;14;2;2;1;;1;1;1;;;17;998
1;6;22;8;8015;;3;2;No inventariada;;14;7;1;999;;1;4;1;;;17;998
1;1;13;8;8019;;3;2;No inventariada;;14;3;1;999;;1;1;1;1;;999;998
1;3;13;8;8019;;3;2;No inventariada;;14;2;2;1;;1;1;1;1;;999;998
1;4;7;8;8019;;3;2;No inventariada;;14;20;1;999;;3;5;1;1;;999;998
1;4;9;8;8019;;1;1;B-20;14,5;14;3;1;999;;1;5;1;1;;999;4
1;4;11;8;8019;;3;2;No inventariada;;14;7;1;999;;1;1;1;1;;999;998
1;4;16;8;8019;;3;2;No inventariada;;14;3;2;2;;1;1;1;1;;999;998
1;5;9;8;8019;;3;2;No inventariada;;14;3;1;999;;1;1;1;1;;999;998
1;5;12;8;8019;;3;2;No inventariada;;14;7;1;999;;1;1;1;1;;999;998
1;5;13;8;8019;;3;2;No inventariada;;14;2;2;4;;1;1;1;1;;999;998
1;5;14;8;8019;;3;2;No inventariada;;14;20;1;999;;1;1;1;1;;999;998
1;5;12;8;8019;;3;2;No inventariada;;14;7;1;999;;1;1;1;1;;999;998
1;5;19;8;8019;;3;2;No inventariada;;14;3;1;999;;1;1;1;1;;999;998
1;5;23;8;8019;;3;2;No inventariada;;14;3;1;999;;1;5;1;1;;999;998
1;6;11;8;8019;;3;2;No inventariada;;14;2;2;1;;1;1;1;1;;999;998
1;6;14;8;8019;;3;2;No inventariada;;14;20;1;999;;1;1;1;1;;999;998
1;6;13;8;8019;;3;2;No inventariada;;14;9;2;4;;1;1;1;1;;999;998
1;5;12;8;8019;;3;2;No inventariada;;14;7;1;999;;1;1;1;1;;999;998
1;6;16;8;8019;;3;2;No inventariada;;14;2;2;1;;1;1;1;1;;999;998
1;6;10;8;8019;;3;2;No inventariada;;14;20;1;999;;1;1;1;1;;999;998
1;6;16;8;8019;;3;2;No inventariada;;14;9;2;1;;1;1;1;1;;999;998
1;6;14;8;8019;;3;2;No inventariada;;14;9;2;1;;1;1;1;1;;999;998
1;7;1;8;8019;;3;2;No inventariada;;14;3;2;1;;1;5;1;1;;999;998
1;7;22;8;8019;;3;2;No inventariada;;14;1;1;999;;1;5;1;1;;999;998
1;4;7;8;8136;;2;2;BV-5001;17,7;14;3;1;999;;1;2;1;;;1;4
1;6;3;8;8279;;3;2;No inventariada;;14;6;1;999;;1;1;1;;;17;998
1;6;14;8;8187;;3;2;No inventariada;;14;20;1;999;;1;1;1;;;17;998
1;6;11;8;8091;;1;1;AP-7;176,8;2;4;1;999;;1;1;1;;;17;1
1;7;10;8;8270;;1;1;C-31;177,2;6;4;1;999;;1;1;1;;;999;4
1;7;10;8;8209;;1;1;B-500;9;6;9;1;999;;3;1;1;;;999;4
1;7;11;8;0;;1;1;N-340;1227;6;4;1;999;;1;1;1;;;999;4
1;7;11;8;8020;;1;1;BV-2411;13,8;6;2;1;999;;1;1;1;;;999;4
1;7;18;8;0;;1;1;C-16;110,9;6;19;1;999;;1;6;1;;;999;4
1;7;19;8;0;;1;1;BV-5222;1,5;6;2;1;999;;1;6;1;;;999;4
1;7;20;8;8305;;1;1;N-340a;1209;6;3;2;4;;1;4;1;;;999;4
1;5;11;8;8073;;3;2;No inventariada;;14;9;2;4;;1;1;1;;;17;998
1;3;7;8;8029;;1;1;B-502;1,1;14;4;1;999;;1;2;1;;;17;4
1;4;9;8;8245;;3;2;No inventariada;;14;9;1;999;;3;1;3;;;17;998
1;6;8;8;8073;;3;2;No inventariada;;14;2;1;999;;1;1;1;;;17;998
1;5;20;8;8102;;3;2;No inventariada;;14;7;2;2;;1;4;1;;;17;998
1;3;13;8;8169;;3;2;No inventariada;;14;7;1;999;;1;1;1;;;17;998
1;5;5;8;8200;;3;2;No inventariada;;14;6;2;2;;1;4;1;;;17;998
1;5;12;8;8019;;3;2;No inventariada;;14;20;1;999;;1;1;1;1;;999;998
1;7;13;8;8019;;3;2;No inventariada;;14;7;2;1;;1;1;1;1;;999;998
1;2;8;8;8019;;3;2;No inventariada;;14;20;2;1;;1;1;1;1;;999;998
1;2;13;8;8019;;3;2;No inventariada;;14;3;1;999;;1;1;1;1;;999;998
1;2;17;8;8019;;3;2;No inventariada;;14;20;1;999;;1;5;1;1;;999;998
1;5;15;8;8019;;3;2;No inventariada;;14;20;1;999;;1;1;1;1;;999;998
1;5;19;8;8019;;3;2;No inventariada;;14;2;2;1;;1;5;1;1;;999;998
1;7;11;8;8019;;3;2;No inventariada;;14;3;2;1;;1;1;1;1;;999;998
1;1;7;8;8019;;1;1;B-20;15;14;3;1;999;;1;5;1;1;;999;4
1;1;13;8;8019;;3;2;No inventariada;;14;3;1;999;;1;1;1;1;;999;998
1;1;15;8;8019;;3;2;No inventariada;;14;2;2;1;;1;1;1;1;;999;998
1;1;18;8;8019;;3;2;No inventariada;;14;7;2;1;;1;5;1;1;;999;998
1;1;23;8;8019;;3;2;No inventariada;;14;3;1;999;;1;5;1;1;;999;998
1;1;16;8;8075;;3;2;No inventariada;;14;19;1;999;;1;1;1;;;17;998
1;5;11;8;8300;;1;1;C-58;23,9;6;3;1;999;;1;1;1;;;999;4
1;6;14;8;8019;;1;1;C-58;0;2;4;2;2;;1;1;1;;;999;4
1;6;18;8;8252;;1;1;B-30;10,5;2;4;1;999;;1;6;1;;;999;4
1;7;4;8;8279;;1;1;B-40;12,5;2;9;1;999;;1;6;1;;;999;4
1;1;5;8;8260;;1;1;B-140;3,9;6;4;2;4;;1;6;1;;;999;4
1;1;6;8;8181;;1;1;AP-7;130;2;19;1;999;;1;5;1;;;999;4
1;1;8;8;8001;;1;1;BV-1201;4,5;6;19;1;999;;1;1;1;;;999;4
1;1;14;8;8231;;1;1;BV-2111;9,1;6;19;1;999;;1;1;1;;;999;4
1;1;16;8;8169;;1;1;B-204;4,4;6;3;2;4;;1;1;1;;;999;4
1;1;20;8;8235;;1;1;C-32;118,5;2;3;1;999;;1;5;1;;;999;4
1;1;21;8;8125;;1;1;C-58;4;2;8;2;;;1;5;1;;;999;4
1;1;22;8;8125;;1;1;C-58;4,5;2;19;2;;;1;6;1;;;999;4
1;1;22;8;0;;2;2;C-55;14;6;19;1;999;;1;5;1;;;999;4
1;1;22;8;8213;;1;1;BV-4511;0,1;6;19;1;999;;1;6;1;;;999;4
1;6;13;8;8298;;3;2;No inventariada;;14;6;1;999;;1;1;1;;;17;998
1;4;18;8;8089;;3;2;No inventariada;;14;3;1;999;;1;4;1;;;17;998
1;1;11;8;8089;;3;2;No inventariada;;14;2;2;1;;1;1;1;;;17;998
1;5;19;8;8089;;3;2;No inventariada;;14;20;1;999;;1;4;1;;;17;998
1;4;22;8;8089;;3;2;No inventariada;;14;9;2;4;;1;4;1;;;17;998
1;4;17;8;8245;;3;2;No inventariada;;14;7;2;1;;1;1;1;;;17;998
1;4;22;8;8124;;3;2;No inventariada;;14;2;2;1;;3;4;3;;;17;998
1;4;12;8;8101;;3;2;No inventariada;;14;2;2;4;;1;1;1;;;17;998
1;6;18;8;8019;;3;2;No inventariada;;14;7;1;999;;1;5;1;1;;1;998
1;2;9;8;8019;;3;2;No inventariada;;14;2;1;999;;1;1;1;1;;999;998
1;2;15;8;8019;;3;2;No inventariada;;14;3;2;1;;1;1;1;1;;999;998
1;2;13;8;8019;;3;2;No inventariada;;14;3;1;999;;1;1;1;1;;999;998
1;3;16;8;8019;;3;2;No inventariada;;14;3;2;1;;3;2;4;1;;999;998
1;3;22;8;8019;;3;2;No inventariada;;14;20;1;999;;3;5;3;1;;999;998
1;4;21;8;8019;;3;2;No inventariada;;14;20;1;999;;1;5;1;1;;999;998
1;6;4;8;8019;;3;2;No inventariada;;14;6;2;1;;1;5;1;1;;999;998
1;7;16;8;8019;;3;2;No inventariada;;14;20;1;999;;1;1;1;1;;999;998
1;6;18;8;8019;;3;2;No inventariada;;14;7;1;999;;1;5;1;1;;999;998
1;1;13;8;8019;;3;2;No inventariada;;14;20;1;999;;1;1;1;1;;999;998
1;1;13;8;8019;;3;2;No inventariada;;14;3;2;1;;1;1;1;1;;999;998
1;1;17;8;8019;;3;2;No inventariada;;14;20;1;999;;1;1;1;1;;999;998
1;1;22;8;8019;;3;2;No inventariada;;14;2;2;1;;1;5;1;1;;999;998
1;2;8;8;8019;;3;2;No inventariada;;14;6;1;999;;1;1;1;1;;999;998
1;2;12;8;8019;;1;1;B-20;16;14;9;1;999;;1;1;1;1;;999;4
1;2;15;8;8019;;3;2;No inventariada;;14;20;1;999;;1;1;1;1;;999;998
1;2;15;8;8019;;3;2;No inventariada;;14;20;1;999;;1;1;1;1;;999;998
1;2;18;8;8019;;3;2;No inventariada;;14;20;1;999;;1;5;1;1;;999;998
1;5;14;8;8200;;3;2;No inventariada;;14;3;1;999;;1;1;1;;;1;998
1;6;8;8;8211;;3;2;No inventariada;;14;7;1;999;;1;1;1;;;17;998
1;7;2;8;8073;;3;2;No inventariada;;14;6;2;4;;1;4;1;;;17;998
1;2;17;8;8245;;1;1;B-20;19;2;4;1;999;;1;4;1;;;999;4
1;1;18;8;0;;1;1;C-62;0,2;6;19;1;999;;3;6;3;;;999;4
1;2;6;8;8073;;1;1;A-2;608,5;3;4;1;999;;1;2;1;;;999;4
1;2;7;8;8270;;1;1;C-31;177,4;6;20;2;2;;1;1;1;;;17;4
1;2;7;8;8213;;1;1;C-16C;2,7;6;4;2;4;;1;6;1;;;17;1
1;2;11;8;0;;1;1;A-2;571;3;3;1;999;;1;1;1;;;999;4
1;2;14;8;0;;1;1;BV-5303;3,9;6;4;2;4;;1;1;1;;;999;4
1;2;16;8;8169;;1;1;C-31;195,2;3;4;2;2;;1;1;1;;;999;4
1;2;18;8;8211;;1;1;B-23;7,5;2;6;1;999;;1;4;1;;;999;4
1;2;19;8;8124;;1;1;AP-7;140,5;2;3;2;;;1;6;1;;;999;4
1;2;12;8;8260;;1;1;B-140;6;6;19;2;;;1;1;1;;;999;4
1;2;16;8;8305;;1;1;AP-7;196;2;19;1;999;;1;1;1;;;999;4
1;5;22;8;8089;;3;2;No inventariada;;14;7;1;999;;1;4;1;;;17;998
1;3;10;8;8200;;3;2;No inventariada;;14;9;1;999;;3;1;3;;;17;998
1;2;7;8;8015;;3;2;No inventariada;;14;2;2;1;;1;1;1;;;17;998
1;1;15;8;8019;;3;2;No inventariada;;14;2;2;1;;1;1;1;1;;999;998
1;1;19;8;8019;;3;2;No inventariada;;14;20;1;999;;1;5;1;1;;999;998
1;3;17;8;8019;;3;2;No inventariada;;14;20;2;2;;1;2;1;1;;999;998
1;6;20;8;8019;;3;2;No inventariada;;14;2;2;1;;1;5;1;1;;1;998
1;1;9;8;8019;;3;2;No inventariada;;14;20;1;999;;1;1;1;1;;999;998
1;1;20;8;8019;;3;2;No inventariada;;14;9;1;999;;1;5;1;1;;999;998