MES;DIA_SEMANA;HORA;COD_PROVINCIA;COD_MUNICIPIO;ISLA;ZONA;ZONA_AGRUPADA;CARRETERA;KM;TIPO_VIA;TIPO_ACCIDENTE;NUDO;NUDO_INFO;CARRETERA_CRUCE;CONDICION_FIRME;CONDICION_ILUMINACION;CONDICION_METEO;CONDICION_NIEBLA;CONDICION_VIENTO;VISIB_RESTRINGIDA_POR;TRAZADO_PLANTA
1;1;15;8;8019;;3;2;No inventariada;;14;20;2;1;;1;1;1;1;;999;998
1;2;18;8;8019;;3;2;No inventariada;;14;20;2;1;;1;5;1;1;;999;998
1;3;19;8;8019;;3;2;No inventariada;;14;9;2;1;;3;5;3;1;;999;998
1;3;18;8;8019;;3;2;No inventariada;;14;3;1;999;;3;5;3;1;;999;998
1;3;19;8;8019;;1;1;B-10;6,2;14;20;1;999;;3;5;3;1;;999;4
1;4;5;8;8019;;3;2;No inventariada;;14;7;2;2;;1;1;1;1;;999;998
1;4;16;8;8019;;3;2;No inventariada;;14;20;1;999;;1;1;1;1;;999;998
1;5;3;8;8019;;3;2;No inventariada;;14;20;1;999;;1;5;1;1;;999;998
1;5;11;8;8019;;3;2;No inventariada;;14;7;1;999;;1;1;1;1;;999;998
1;5;13;8;8019;;3;2;No inventariada;;14;3;1;999;;1;1;1;1;;999;998
1;1;15;8;8019;;3;2;No inventariada;;14;3;1;999;;1;1;1;1;;999;998
1;5;16;8;8019;;3;2;No inventariada;;14;6;1;999;;1;1;1;1;;999;998
1;5;21;8;8019;;3;2;No inventariada;;14;20;1;999;;1;5;1;1;;999;998
1;6;2;8;8019;;3;2;No inventariada;;14;2;2;1;;1;5;1;1;;999;998
1;7;15;8;8019;;3;2;No inventariada;;14;9;1;999;;1;1;1;1;;999;998
1;7;17;8;8019;;1;1;B-10;13,8;3;20;1;999;;1;5;1;1;;999;4
1;2;9;8;8019;;1;1;B-10;14;3;20;1;999;;1;1;1;1;;999;4
1;2;17;8;8019;;3;2;No inventariada;;14;20;1;999;;1;1;1;1;;999;998
1;2;21;8;8019;;3;2;No inventariada;;14;9;2;2;;1;5;1;1;;999;998
1;2;21;8;8019;;3;2;No inventariada;;14;20;1;999;;1;5;1;1;;999;998
1;2;19;8;8073;;3;2;No inventariada;;14;2;2;1;;1;4;1;;;17;998
1;1;20;8;8279;;3;2;No inventariada;;14;20;1;999;;1;1;1;;;17;998
1;1;12;8;8285;;2;2;BV-5226;2,7;14;7;1;999;;1;1;1;;;8;4
1;5;15;8;8096;;1;1;C-17;19;3;4;1;999;;1;1;1;;;999;4
1;1;17;8;8279;;1;1;B-40;9,5;2;9;1;999;;1;1;1;;;999;4
1;2;7;8;8019;;1;1;C-58;0,3;2;20;2;2;;1;4;1;;;999;4
1;2;21;8;8279;;1;1;No inventariada;11,6;6;1;1;999;;1;6;1;;;999;4
1;3;6;8;8252;;1;1;AP-7;146,9;2;3;1;999;;3;5;1;;;999;4
1;3;5;8;8240;;1;1;BV-2241;4,5;6;8;1;999;;3;6;3;;;999;4
1;3;7;8;8041;;1;1;No inventariada;9,5;6;1;1;999;;3;5;1;;;999;4
1;3;8;8;8208;;1;1;B-224;22,6;6;1;2;2;;3;1;3;;;999;4
1;3;8;8;0;;1;1;BV-2127;8,2;6;9;1;999;;3;1;1;;;999;4
1;3;9;8;8244;;1;1;A-2;604;3;3;1;999;;3;1;1;;;999;4
1;3;9;8;0;;1;1;C-55;49,2;6;19;1;999;;3;1;1;;;999;4
1;3;11;8;0;;1;1;B-212;4,5;6;19;1;999;;3;1;3;;;999;4
1;3;13;8;8086;;1;1;BV-5151;3,3;6;19;1;999;;3;1;3;;;999;4
1;3;14;8;0;;1;1;BP-2151;11,6;6;19;1;999;;3;1;3;;;999;4
1;3;14;8;0;;1;1;B-522;11,5;6;1;1;999;;3;1;1;;;999;4
1;3;15;8;8119;;1;1;B-224;13,5;6;2;2;2;;1;1;1;;;999;4
1;3;17;8;8181;;1;1;C-60;9,5;2;4;1;999;;1;2;1;;;999;4
1;3;17;8;8259;;1;1;BV-5301;5,3;6;7;1;999;;1;1;1;;;999;4
1;3;21;8;0;;1;1;C-16z;67,1;6;19;1;999;;3;6;1;;;999;4
1;1;12;8;8124;;3;2;No inventariada;;14;2;2;1;;1;1;1;;;17;998
1;3;14;8;8121;;3;2;No inventariada;;14;2;2;4;;3;1;3;;;17;998
1;7;11;8;8023;;2;2;BP-1432;24,5;14;2;1;999;;1;1;1;;;17;4
1;4;8;8;8015;;3;2;No inventariada;;14;9;1;999;;1;1;1;;;17;998
1;4;16;8;8019;;3;2;No inventariada;;14;2;2;1;;1;1;1;1;;999;998
1;3;18;8;8019;;3;2;No inventariada;;14;3;1;999;;3;5;3;1;;999;998
1;4;21;8;8019;;3;2;No inventariada;;14;20;1;999;;1;5;1;1;;999;998
1;5;17;8;8019;;3;2;No inventariada;;14;7;1;999;;1;1;1;1;;999;998
1;6;11;8;8019;;3;2;No inventariada;;14;3;2;1;;1;1;1;1;;999;998
1;1;12;8;8019;;3;2;No inventariada;;14;20;1;999;;1;1;1;1;;999;998
1;2;17;8;8019;;3;2;No inventariada;;14;20;1;999;;1;1;1;1;;999;998
1;3;16;8;8019;;3;2;No inventariada;;14;2;2;1;;1;1;1;1;;999;998
1;3;14;8;8019;;3;2;No inventariada;;14;3;1;999;;1;1;1;1;;999;998
1;3;19;8;8019;;3;2;No inventariada;;14;9;1;999;;1;2;1;1;;999;998
1;3;18;8;8019;;3;2;No inventariada;;14;9;1;999;;1;5;1;1;;999;998
1;3;23;8;8019;;3;2;No inventariada;;14;7;1;999;;1;5;1;1;;999;998
1;4;7;8;8019;;3;2;No inventariada;;14;7;2;1;;1;5;1;1;;999;998
1;4;7;8;8019;;1;1;C-31;206,5;2;6;1;999;;1;5;1;1;;999;4
1;4;13;8;8019;;3;2;No inventariada;;14;7;2;1;;1;1;1;1;;999;998
1;3;20;8;8019;;3;2;No inventariada;;14;20;1;999;;1;5;1;1;;999;998
1;4;15;8;8019;;3;2;No inventariada;;14;7;2;1;;1;1;1;1;;999;998
1;4;15;8;8019;;3;2;No inventariada;;14;3;1;999;;1;1;1;1;;999;998
1;4;16;8;8019;;3;2;No inventariada;;14;20;1;999;;1;1;1;1;;999;998
1;4;17;8;8019;;3;2;No inventariada;;14;20;1;999;;1;1;1;1;;999;998
1;2;20;8;8187;;3;2;No inventariada;;14;6;1;999;;1;1;1;;;17;998
1;3;9;8;8252;;1;1;N-150;6,3;6;1;2;;;3;1;1;;;999;4
1;3;19;8;8019;;1;1;C-58;0;2;4;1;999;;1;5;1;;;999;4
1;6;11;8;8005;;1;1;C-17;24,5;3;4;1;999;;1;1;1;;;999;4
1;3;19;8;8009;;1;1;C-32;99,5;2;4;1;999;;1;4;1;;;999;4
1;3;19;8;8214;;1;1;C-32;92,4;2;4;1;999;;1;4;1;;1;999;4
1;4;7;8;8107;;2;2;C-1415b;7,1;6;2;2;4;;1;2;1;;;999;4
1;4;9;8;8205;;1;1;C-1413a;14,9;6;19;1;999;;1;1;1;;;999;4
1;4;9;8;8125;;1;1;C-58;2,3;2;4;1;999;;1;1;1;;;999;4
1;4;11;8;8187;;1;1;C-58;11,5;2;3;1;999;;1;1;1;;;17;1
1;4;16;8;8270;;1;1;C-32;34,1;2;4;1;999;;1;1;1;;;999;4
1;4;18;8;8200;;1;1;C-32;55;2;20;1;999;;1;5;1;;;17;1
1;4;20;8;0;;2;2;C-244;21,3;6;19;2;2;;1;5;1;;;999;4
1;4;22;8;8110;;1;1;N-2;676;6;19;2;;;1;6;1;;;999;4
1;4;11;8;8073;;3;2;No inventariada;;14;7;1;999;;1;1;1;;;17;998
1;4;9;8;8089;;3;2;No inventariada;;14;2;2;1;;1;1;1;;;17;998
1;3;7;8;8015;;3;2;No inventariada;;14;7;2;1;;8;2;1;;;17;998
1;4;10;8;8121;;3;2;No inventariada;;14;7;1;999;;1;1;1;;;17;998
1;1;7;8;8245;;1;1;B-20;17;2;4;1;999;;1;2;1;;;999;4
1;5;7;8;8262;;1;1;C-55;20,8;6;4;1;999;;3;2;3;;;999;4
1;5;7;8;8068;;1;1;N-340;1240;6;2;2;4;;3;5;3;;;999;4
1;5;7;8;8022;;1;1;C-16;97;6;1;1;999;;1;4;1;;;999;4
1;5;7;8;8124;;1;1;C-17;13;3;4;1;999;;3;5;3;;;999;4
1;5;9;8;8211;;1;1;B-23;8;2;2;1;999;;3;1;3;;;999;4
1;5;8;8;8074;;2;2;C-31;149,5;6;4;2;4;;3;1;3;;;999;4
1;5;10;8;8279;;1;1;C-16;23;2;9;1;999;;3;1;3;;;999;4
1;5;12;8;8291;;1;1;C-16;33,5;2;19;1;999;;3;1;3;;;999;4
1;5;14;8;8124;;1;1;C-155;9,1;6;19;1;999;;3;1;3;;;999;4
1;5;7;8;0;;1;1;BV-2415;1,8;6;4;1;999;;1;6;3;;;17;1
1;5;14;8;8208;;1;1;B-224;21,5;6;6;1;999;;3;1;3;;;999;4
1;5;15;8;8194;;1;1;B-10;4;3;4;1;999;;3;1;3;;;999;4
1;5;15;8;8147;;1;1;B-120;11;6;19;1;999;;3;1;3;;;999;4
1;5;16;8;0;;1;1;AP-7;181,8;2;3;1;999;;3;1;3;;;999;4
1;5;18;8;0;;1;1;C-17z;81,3;6;7;1;999;;3;4;3;;;999;4
1;5;16;8;8147;;1;1;B-120;10;6;3;1;999;;3;1;3;;;999;4
1;5;17;8;8086;;1;1;BV-5151;3,2;6;1;1;999;;3;2;3;;;999;4
1;5;19;8;8009;;1;1;C-32;97,8;2;2;1;999;;1;4;1;;;999;4
1;5;22;8;8194;;1;1;C-31;209,5;2;4;1;999;;3;4;4;;;999;4
1;5;23;8;8202;;1;1;C-61;17;6;6;1;999;;3;6;3;;;999;4
1;5;23;8;0;;1;1;BV-2136;3,5;6;19;1;999;;3;6;3;;;999;4
1;4;14;8;8298;;3;2;No inventariada;;14;9;1;999;;1;1;1;;;17;998
1;4;17;8;8015;;3;2;No inventariada;;14;2;1;999;;1;2;1;;;17;998
1;4;15;8;8056;;1;1;C-31;180,4;3;9;1;999;;1;1;1;;;999;4
1;6;10;8;8125;;1;1;C-17;3,2;3;19;1;999;;3;1;1;;;999;4
1;6;13;8;8181;;1;1;C-60;10;2;4;1;999;;1;1;1;;;999;4
1;6;12;8;0;;1;1;BV-2115;12,8;6;19;1;999;;1;1;1;;;999;4
1;6;14;8;8270;;1;1;C-31;168,5;6;1;1;999;;1;1;1;;;999;4
1;6;19;8;8118;;2;2;N-2;634,5;6;3;1;999;;1;5;1;;;999;4
1;6;23;8;0;;1;1;C-25;174,5;3;19;1;999;;8;6;1;;;999;4
1;7;3;8;8005;;1;1;C-17;25,1;3;8;1;999;;1;6;1;;;999;4
1;4;16;8;8298;;3;2;No inventariada;;14;1;1;999;;1;1;1;;;17;998
1;6;17;8;8285;;2;2;No inventariada;;14;7;1;999;;1;1;1;;;17;4
1;7;0;8;8285;;3;2;No inventariada;;14;6;1;999;;1;4;1;;;17;998
1;7;0;8;8073;;3;2;No inventariada;;14;6;2;4;;1;4;1;;;17;998
1;5;10;8;8298;;3;2;No inventariada;;14;4;1;999;;3;1;3;;;17;998
1;3;19;8;8298;;3;2;No inventariada;;14;7;1;999;;1;4;1;;;17;998
1;5;19;8;8015;;3;2;No inventariada;;14;2;1;999;;1;4;1;;;17;998
1;1;2;8;8019;;1;1;B-20;16,5;14;18;1;999;;1;5;1;1;;999;4
1;2;8;8;8019;;3;2;No inventariada;;14;7;2;1;;1;1;1;1;;999;998
1;4;14;8;8019;;3;2;No inventariada;;14;2;2;1;;1;1;1;1;;999;998
1;4;21;8;8019;;3;2;No inventariada;;14;3;1;999;;1;5;1;1;;999;998
1;4;21;8;8019;;3;2;No inventariada;;14;2;2;1;;1;5;1;1;;999;998
1;5;9;8;8019;;3;2;No inventariada;;14;20;2;1;;3;1;3;1;;999;998
1;5;13;8;8019;;3;2;No inventariada;;14;20;2;1;;1;1;1;1;;999;998
1;5;14;8;8019;;3;2;No inventariada;;14;3;2;1;;1;1;1;1;;999;998
1;1;9;8;8019;;3;2;No inventariada;;14;7;2;1;;1;1;1;1;;999;998
1;1;20;8;8019;;3;2;No inventariada;;14;20;1;999;;1;5;1;1;;999;998
1;1;18;8;8019;;1;1;C-31;208;2;20;1;999;;1;2;1;1;;999;4
1;4;15;8;8019;;3;2;No inventariada;;14;2;2;1;;1;1;1;1;;999;998
1;4;18;8;8019;;3;2;No inventariada;;14;20;1;999;;1;5;1;1;;999;998
1;6;13;8;8019;;1;1;B-20;8,7;14;20;1;999;;1;1;1;1;;999;4
1;6;17;8;8019;;3;2;No inventariada;;14;20;1;999;;1;2;1;1;;999;998
1;6;21;8;8019;;1;1;B-10;1,5;14;20;1;999;;1;5;1;1;;999;4
1;1;15;8;8019;;3;2;No inventariada;;14;3;1;999;;1;1;1;1;;999;998
1;1;20;8;8019;;3;2;No inventariada;;14;20;1;999;;1;5;1;1;;999;998
1;1;22;8;8019;;3;2;No inventariada;;14;20;1;999;;1;5;1;1;;999;998
1;2;8;8;8019;;3;2;No inventariada;;14;3;2;1;;1;1;1;1;;999;998
1;3;9;8;8019;;3;2;No inventariada;;14;3;1;999;;1;1;1;1;;999;998
1;3;17;8;8019;;3;2;No inventariada;;14;3;1;999;;1;1;1;1;;999;998
1;4;9;8;8019;;1;1;B-10;6,6;14;3;1;999;;1;1;1;1;;999;4
1;4;10;8;8019;;3;2;No inventariada;;14;3;2;1;;1;1;1;1;;999;998
1;4;18;8;8019;;3;2;No inventariada;;14;7;2;1;;1;1;1;1;;999;998
1;4;21;8;8019;;3;2;No inventariada;;14;2;2;1;;1;5;1;1;;999;998
1;5;7;8;8019;;3;2;No inventariada;;14;9;1;999;;3;5;3;1;;999;998
1;5;8;8;8019;;3;2;No inventariada;;14;20;1;999;;3;1;3;1;;999;998
1;5;10;8;8019;;3;2;No inventariada;;14;9;1;999;;3;2;3;1;;999;998
1;5;15;8;8019;;3;2;No inventariada;;14;20;1;999;;3;1;3;1;;999;998
1;5;14;8;8019;;3;2;No inventariada;;14;20;1;999;;3;1;3;1;;999;998
1;5;16;8;8019;;3;2;No inventariada;;14;9;2;1;;3;5;3;1;;999;998
1;5;22;8;8019;;3;2;No inventariada;;14;2;1;999;;3;5;3;1;;999;998
1;5;21;8;8019;;3;2;No inventariada;;14;2;1;999;;3;5;4;1;;999;998
1;5;20;8;8019;;3;2;No inventariada;;14;3;2;1;;3;5;3;1;;999;998
1;6;0;8;8019;;1;1;B-20;16,5;14;6;1;999;;3;5;3;1;;999;4
1;6;6;8;8019;;3;2;No inventariada;;14;3;2;1;;3;5;1;1;;999;998
1;6;12;8;8019;;3;2;No inventariada;;14;9;2;1;;1;1;1;1;;999;998
1;6;11;8;8019;;1;1;B-20;7;14;20;1;999;;1;1;1;1;;999;4
1;6;12;8;8019;;1;1;B-20;7,5;14;20;1;999;;1;1;1;1;;999;4
1;6;14;8;8019;;3;2;No inventariada;;14;20;2;1;;1;1;1;1;;999;998
1;6;14;8;8019;;3;2;No inventariada;;14;9;2;1;;1;1;1;1;;999;998
1;6;15;8;8019;;3;2;No inventariada;;14;20;1;999;;1;1;1;1;;999;998
1;6;21;8;8019;;3;2;No inventariada;;14;20;1;999;;1;5;1;1;;999;998
1;7;12;8;8019;;3;2;No inventariada;;14;7;2;1;;1;1;1;1;;999;998
1;7;19;8;8019;;3;2;No inventariada;;14;20;1;999;;1;5;1;1;;999;998
1;7;21;8;8307;;3;2;No inventariada;;14;3;1;999;;1;1;1;;;17;998
1;5;14;8;8040;;3;2;No inventariada;;14;9;1;999;;1;1;1;;;17;998
1;2;11;8;8187;;3;2;No inventariada;;14;20;1;999;;1;1;1;;;17;998
1;3;1;8;8056;;3;2;No inventariada;;14;9;2;2;;1;4;1;;;1;998
1;3;16;8;8187;;3;2;No inventariada;;14;7;1;999;;1;1;1;;;1;998
1;7;12;8;8205;;1;1;BP-1417;7,5;6;9;1;999;;1;1;1;;;999;4
1;7;12;8;0;;1;1;No inventariada;0;6;9;1;999;;1;1;1;;;999;4
1;7;12;8;8020;;1;1;BV-2041;7,6;14;20;1;999;;1;1;1;;;17;4
1;7;13;8;8003;;1;1;C-32;85,4;2;19;1;999;;1;1;1;;;999;4
1;7;13;8;8161;;1;1;B-224;7,2;6;9;1;999;;1;1;1;;;999;4
1;7;13;8;0;;1;1;No inventariada;0;6;9;1;999;;8;1;1;;;999;4
1;7;21;8;8125;;1;1;C-58;2,5;2;19;1;999;;1;4;1;;;999;4
1;7;20;8;8235;;2;2;N-2;663,8;6;20;1;999;;1;6;1;;;999;4
1;7;20;8;8056;;1;1;C-32;45,6;2;2;1;999;;1;5;1;;;999;4
1;1;4;8;8205;;1;1;C-16;7,1;2;19;1;999;;1;4;1;;;999;4
1;6;12;8;8003;;2;2;BP-5002;1;6;4;1;999;;1;1;1;;;17;4
1;5;8;8;8102;;3;2;No inventariada;;14;7;2;1;;3;1;3;;;17;998
1;7;15;8;8102;;3;2;No inventariada;;14;2;2;4;;1;1;1;;;17;998
1;1;15;8;8245;;2;2;No inventariada;;14;3;2;1;;1;1;1;;;17;4
1;2;6;8;8003;;1;1;No inventariada;1,4;6;3;2;2;;1;4;1;;;17;4
1;6;10;8;8121;;3;2;No inventariada;;14;2;2;4;;1;1;1;;;17;998
1;5;12;8;8245;;3;2;No inventariada;;14;3;1;999;;3;1;3;;;17;998
1;1;14;8;8015;;3;2;No inventariada;;14;4;1;999;;1;1;1;;;17;998
1;5;11;8;8019;;3;2;No inventariada;;14;7;1;999;;3;1;1;1;;999;998
1;2;13;8;8019;;3;2;No inventariada;;14;7;1;999;;1;1;1;1;;999;998
1;6;22;8;8019;;3;2;No inventariada;;14;7;1;999;;1;5;1;1;;999;998
1;1;8;8;8019;;1;1;B-20;15,1;14;4;1;999;;1;1;1;1;;1;4
1;3;22;8;8019;;3;2;No inventariada;;14;20;2;1;;1;5;1;1;;999;998
1;5;14;8;8019;;3;2;No inventariada;;14;3;1;999;;3;1;3;1;;999;998
1;6;14;8;8019;;3;2;No inventariada;;14;20;2;1;;1;1;1;1;;999;998
1;1;10;8;8019;;1;1;B-10;10,5;14;20;1;999;;1;1;1;1;;999;4
1;1;16;8;8019;;3;2;No inventariada;;14;2;2;1;;1;1;1;1;;999;998
1;1;12;8;8019;;1;1;B-20;9,7;14;20;1;999;;1;1;1;1;;999;4
1;1;12;8;8019;;3;2;No inventariada;;14;7;1;999;;1;1;1;1;;999;998
1;1;17;8;8019;;3;2;No inventariada;;14;3;2;1;;1;1;1;1;;999;998
1;1;16;8;8019;;3;2;No inventariada;;14;20;1;999;;1;5;1;1;;999;998
1;1;18;8;8019;;3;2;No inventariada;;14;7;2;1;;1;5;1;1;;999;998
1;7;11;8;8088;;3;2;No inventariada;;14;2;2;4;;1;1;1;;;17;998
1;6;7;8;8096;;4;2;C-352;18,9;3;19;2;;;3;2;1;;;999;4
1;7;11;8;8088;;3;2;No inventariada;;14;7;1;999;;1;1;1;;;17;998
1;5;16;8;8213;;2;2;No inventariada;1,8;6;4;1;999;;1;1;1;;;999;4
1;5;18;8;8181;;1;1;C-60;9,2;2;4;1;999;;1;5;1;;;999;4
1;4;19;8;8019;;1;1;C-58;0,5;2;4;1;999;;1;5;1;;;999;4
1;5;9;8;8125;;1;1;C-59;6,2;6;4;1;999;;3;1;3;;;999;4
1;5;13;8;8260;;1;1;B-140;4,8;6;19;2;4;;3;1;3;;;999;4
1;5;16;8;8205;;1;1;C-1413a;14,3;6;19;1;999;;3;1;3;;;999;4
1;1;5;8;8244;;1;1;BV-2002;4,4;6;6;2;4;;1;4;1;;;999;4
1;1;11;8;8001;;1;1;BV-1201;5;6;4;2;2;;1;1;1;;;999;4
1;1;15;8;8054;;2;2;C-243c;4,7;6;19;1;999;;1;1;1;;;999;4
1;1;19;8;8125;;1;1;C-155;8;6;3;2;4;;1;6;1;;;999;4
1;1;3;8;8001;;1;1;A-2;584,5;3;6;1;999;;1;4;1;;;999;4
1;1;12;8;8041;;4;2;C-352;26,3;3;19;1;999;;1;1;1;;;17;4
1;1;19;8;0;;1;1;BV-3008;3,3;6;19;1;999;;1;6;1;;;999;4
1;1;14;8;8107;;1;1;No inventariada;6,2;6;2;1;999;;1;1;1;;;17;1
1;1;21;8;0;;1;1;AP-7;161,5;2;3;2;;;1;4;1;;;999;4
1;4;9;8;8121;;3;2;No inventariada;;14;2;2;4;;1;1;1;;;17;998
1;2;13;8;8121;;3;2;No inventariada;;14;2;2;4;;1;1;1;;;17;998
1;4;15;8;8121;;2;2;N-2;647,2;14;4;2;2;;1;1;1;;1;17;4
1;4;16;8;8121;;3;2;No inventariada;;14;9;1;999;;1;1;1;;;17;998
1;6;22;8;8015;;3;2;No inventariada;;14;2;1;999;;1;4;1;;;17;998
1;3;6;8;8169;;3;2;No inventariada;;14;2;2;1;;3;4;3;;;17;998
1;4;17;8;8015;;3;2;No inventariada;;14;4;1;999;;1;1;1;;;17;998
1;2;0;8;8200;;1;1;No inventariada;;6;19;1;999;;8;5;1;;;17;4
1;7;13;8;8088;;3;2;No inventariada;;14;2;2;1;;1;1;1;;;17;998
1;1;12;8;8019;;3;2;No inventariada;;14;3;1;999;;1;1;1;1;;999;998
1;3;13;8;8019;;1;1;B-20;12,5;14;3;1;999;;1;1;1;1;;999;4
1;3;21;8;8019;;3;2;No inventariada;;14;20;1;999;;1;5;1;1;;999;998
1;3;16;8;8019;;3;2;No inventariada;;14;20;1;999;;1;1;1;1;;999;998
1;4;21;8;8019;;3;2;No inventariada;;14;2;1;999;;1;5;1;1;;999;998
1;5;18;8;8019;;3;2;No inventariada;;14;20;2;1;;1;5;1;1;;999;998
1;6;15;8;8019;;3;2;No inventariada;;14;2;2;4;;1;1;1;1;;999;998
1;7;11;8;8019;;3;2;No inventariada;;14;20;2;1;;1;1;1;1;;999;998
1;1;9;8;8019;;3;2;No inventariada;;14;20;2;1;;1;1;1;1;;999;998
1;1;10;8;8019;;3;2;No inventariada;;14;20;2;2;;1;1;1;1;;999;998
1;1;12;8;8019;;3;2;No inventariada;;14;20;1;999;;1;1;1;1;;999;998
1;1;16;8;8019;;3;2;No inventariada;;14;3;2;1;;1;1;1;1;;999;998
1;1;19;8;8019;;1;1;B-20;8,5;14;20;1;999;;1;5;1;1;;999;4
1;2;7;8;8019;;3;2;No inventariada;;14;3;1;999;;1;1;1;1;;999;998
1;2;12;8;8019;;3;2;No inventariada;;14;9;1;999;;1;1;1;1;;999;998
1;2;9;8;8019;;3;2;No inventariada;;14;20;1;999;;1;1;1;1;;999;998
1;2;13;8;8019;;3;2;No inventariada;;14;20;1;999;;1;1;1;1;;999;998
1;2;14;8;8019;;3;2;No inventariada;;14;20;1;999;;1;1;1;1;;999;998
1;2;12;8;8019;;3;2;No inventariada;;14;6;1;999;;1;1;1;1;;999;998
1;2;13;8;8019;;3;2;No inventariada;;14;20;2;2;;1;1;1;1;;999;998
1;2;14;8;8019;;3;2;No inventariada;;14;20;2;1;;1;1;1;1;;999;998
1;2;19;8;8019;;1;1;B-20;13,1;14;20;1;999;;1;5;1;1;;999;4
1;2;23;8;8019;;3;2;No inventariada;;14;7;2;1;;1;5;1;1;;999;998
1;5;16;8;8089;;3;2;No inventariada;;14;7;2;1;;1;1;3;;;1;998
1;6;7;8;8205;;1;1;AP-7;156;2;4;1;999;;1;2;1;;;999;4
1;6;17;8;8019;;1;1;C-58;0;2;19;2;2;;1;1;1;;;999;4
1;7;10;8;8167;;1;1;C-155;1,8;6;9;1;999;;1;1;1;;;999;4
1;1;5;8;8167;;1;1;B-142;4,5;6;2;1;999;;1;6;1;;;999;4
1;1;17;8;0;;1;1;AP-7;163;2;19;2;2;;1;1;1;;;999;4
1;2;5;8;8217;;1;1;A-2;606,6;3;3;1;999;;1;4;1;;;999;4
1;2;7;8;8159;;1;1;AP-7;137;2;4;1;999;;1;2;1;;;999;4
1;2;8;8;8123;;1;1;B-23;8,6;2;4;2;;;1;1;1;;;999;4
1;2;8;8;0;;1;1;No inventariada;0;6;8;1;999;;1;6;1;;;999;4
1;2;7;8;8121;;1;1;C-32;102,9;2;20;1;999;;1;1;1;;;17;4
1;2;13;8;8126;;1;1;B-20;24,5;6;9;1;999;;1;4;1;;;999;4
1;2;15;8;8073;;1;1;A-2;610;3;9;2;;;1;1;1;;;999;4
1;2;14;8;0;;1;1;A-2;575,5;3;4;1;999;;1;1;1;;;999;4
1;2;17;8;8159;;1;1;C-17;16,4;3;4;2;;;1;1;1;;;999;4
1;2;19;8;8124;;1;1;C-155;9;6;9;1;999;;3;6;1;;;999;4
1;2;11;8;8076;;1;1;B-231;2,5;6;19;1;999;;1;1;1;;;999;4
1;2;22;8;0;;1;1;BV-5001;14;6;8;1;999;;1;5;1;;;999;4
1;2;22;8;8267;;1;1;C-1413a;30;6;19;1;999;;3;6;1;;;999;4
1;1;11;8;8015;;3;2;No inventariada;;14;9;1;999;;1;1;1;;;17;998
1;6;22;8;8169;;3;2;No inventariada;;14;7;1;999;;1;4;1;;;17;998
1;1;11;8;8015;;3;2;No inventariada;;14;2;2;2;;1;1;1;;;17;998
1;5;21;8;8121;;3;2;No inventariada;;14;9;2;1;;1;4;1;;;17;998
1;4;12;8;8169;;3;2;No inventariada;;14;7;2;1;;1;1;1;;;17;998
1;2;10;8;8019;;3;2;No inventariada;;14;2;2;1;;1;1;1;1;;999;998
1;1;7;8;8019;;3;2;No inventariada;;14;3;1;999;;1;5;1;1;;999;998
1;6;3;8;8019;;3;2;No inventariada;;14;9;1;999;;1;5;1;1;;999;998
1;1;12;8;8019;;3;2;No inventariada;;14;20;1;999;;1;1;1;1;;999;998
1;3;13;8;8019;;1;1;B-20;14,5;14;20;1;999;;1;1;1;1;;999;4
1;3;19;8;8019;;3;2;No inventariada;;14;3;1;999;;1;5;1;1;;999;998
1;5;8;8;8019;;3;2;No inventariada;;14;3;1;999;;3;1;3;1;;999;998
1;7;19;8;8019;;3;2;No inventariada;;14;20;2;1;;1;1;1;1;;999;998
1;3;13;8;8019;;3;2;No inventariada;;14;2;2;1;;1;1;1;1;;999;998
1;5;23;8;8019;;3;2;No inventariada;;14;3;2;1;;3;5;3;1;;999;998
1;3;11;8;8019;;3;2;No inventariada;;14;3;2;1;;1;1;1;1;;999;998
1;3;13;8;8019;;3;2;No inventariada;;14;1;2;1;;1;1;1;1;;999;998
1;3;14;8;8019;;3;2;No inventariada;;14;20;2;4;;1;1;1;1;;999;998
1;3;22;8;8019;;3;2;No inventariada;;14;20;1;999;;1;5;1;1;;999;998
1;3;14;8;8019;;1;1;B-10;0;14;3;1;999;;1;1;1;1;;999;4
1;7;6;8;8015;;3;2;No inventariada;;14;3;1;999;;1;1;1;;;17;998
1;7;13;8;8263;;3;2;No inventariada;;14;6;1;999;;1;1;1;;;17;998
1;3;8;8;8015;;1;1;C-31;211,9;2;9;1;999;;1;1;1;;;999;4
1;3;8;8;8033;;1;1;C-59;13,6;6;2;1;999;;1;1;1;;;999;4
1;3;9;8;8231;;1;1;C-15B;3,9;6;6;1;999;;3;1;1;;;999;4
1;3;13;8;8260;;1;1;C-59;1;3;9;1;999;;1;1;1;;;999;4
1;3;14;8;0;;1;1;No inventariada;0;6;19;1;999;;1;1;1;;;999;4
1;3;16;8;8264;;1;1;C-32;109;2;9;2;4;;8;1;1;;;999;4
1;3;18;8;8307;;1;1;C-31;155;6;4;2;;;1;6;1;;;999;4
1;3;23;8;8118;;2;2;N-2;634,2;6;19;1;999;;1;5;1;;;999;4