MES;DIA_SEMANA;HORA;COD_PROVINCIA;COD_MUNICIPIO;ISLA;ZONA;ZONA_AGRUPADA;CARRETERA;KM;TIPO_VIA;TIPO_ACCIDENTE;NUDO;NUDO_INFO;CARRETERA_CRUCE;CONDICION_FIRME;CONDICION_ILUMINACION;CONDICION_METEO;CONDICION_NIEBLA;CONDICION_VIENTO;VISIB_RESTRINGIDA_POR;TRAZADO_PLANTA
1;5;14;8;8121;;3;2;No inventariada;;14;1;2;2;;1;1;1;;;17;998
1;4;21;8;8245;;3;2;No inventariada;;14;9;1;999;;1;4;1;;;17;998
1;2;13;8;8015;;3;2;No inventariada;;14;7;2;1;;1;1;1;;;1;998
1;3;6;8;8180;;3;2;No inventariada;;14;8;1;999;;1;4;1;;;17;998
1;5;22;8;8180;;3;2;No inventariada;;14;9;1;999;;3;4;1;;;17;998
1;3;21;8;8279;;3;2;No inventariada;;14;1;2;1;;1;4;1;;;17;998
1;7;19;8;8121;;3;2;No inventariada;;14;7;1;999;;1;4;1;;;1;998
1;3;20;8;8279;;3;2;No inventariada;;14;2;2;1;;1;4;1;;;17;998
1;3;18;8;8096;;3;2;No inventariada;;14;2;1;999;;3;4;3;;;17;998
1;2;18;8;8298;;3;2;No inventariada;;14;1;1;999;;1;4;1;;;17;998
1;7;22;8;8019;;3;2;No inventariada;;14;3;2;1;;1;5;1;1;;999;998
1;3;18;8;8019;;3;2;No inventariada;;14;2;2;1;;3;5;3;1;;999;998
1;1;6;8;8019;;3;2;No inventariada;;14;2;2;4;;1;5;1;1;;999;998
1;4;16;8;8019;;3;2;No inventariada;;14;20;2;2;;1;1;1;1;;999;998
1;5;8;8;8019;;3;2;No inventariada;;14;1;2;2;;3;2;3;1;;999;998
1;7;10;8;8019;;3;2;No inventariada;;14;20;1;999;;1;1;1;1;;999;998
1;7;20;8;8019;;3;2;No inventariada;;14;7;1;999;;1;5;1;1;;1;998
1;1;13;8;8019;;3;2;No inventariada;;14;2;2;1;;1;1;1;1;;999;998
1;1;20;8;8019;;3;2;No inventariada;;14;2;1;999;;1;5;1;1;;999;998
1;3;8;8;8019;;3;2;No inventariada;;14;7;2;2;;3;1;1;1;;999;998
1;3;17;8;8019;;3;2;No inventariada;;14;20;1;999;;1;1;1;1;;999;998
1;3;15;8;8019;;3;2;No inventariada;;14;1;2;1;;1;1;1;1;;999;998
1;4;13;8;8019;;3;2;No inventariada;;14;20;1;999;;1;1;1;1;;999;998
1;4;13;8;8019;;3;2;No inventariada;;14;3;2;1;;1;1;1;1;;999;998
1;4;18;8;8019;;3;2;No inventariada;;14;3;2;2;;1;1;1;1;;999;998
1;4;20;8;8019;;3;2;No inventariada;;14;20;2;2;;1;5;1;1;;999;998
1;2;18;8;8015;;3;2;No inventariada;;14;1;1;999;;1;4;1;;;17;998
1;5;10;8;8172;;1;1;N-2;636,8;6;4;1;999;;1;1;1;;;999;4
1;5;15;8;8112;;1;1;BV-5224;2,5;6;19;1;999;;3;1;1;;;999;4
1;4;9;8;8054;;1;1;B-151;7,4;6;3;1;999;;1;1;1;;;999;4
1;4;10;8;8101;;1;1;C-31;196;3;9;2;;;1;1;1;;;999;4
1;4;12;8;0;;1;1;C-16;85;3;4;1;999;;1;1;1;;;999;4
1;4;13;8;8124;;1;1;C-17;13,5;3;4;1;999;;1;1;1;;;999;4
1;4;19;8;0;;1;1;C-153;4,5;6;2;2;2;;1;5;1;;;999;4
1;4;15;8;8105;;1;1;C-17;8,8;3;19;1;999;;1;1;1;;;999;4
1;4;19;8;8101;;1;1;B-10;19;3;9;1;999;;1;4;1;;;999;4
1;4;23;8;8019;;1;1;B-20;16,8;2;19;2;;;1;4;1;;;999;4
1;1;13;8;8121;;3;2;No inventariada;;14;2;2;1;;1;1;1;;;17;998
1;3;19;8;8096;;3;2;No inventariada;;14;7;1;999;;1;4;1;;;17;998
1;5;10;8;8279;;3;2;No inventariada;;14;2;2;1;;1;1;1;;;17;998
1;5;22;8;8279;;3;2;No inventariada;;14;2;2;1;;3;4;3;;;17;998
1;5;14;8;8279;;3;2;No inventariada;;14;2;2;2;;1;1;1;;;17;998
1;6;19;8;8096;;3;2;No inventariada;;14;2;1;999;;1;4;1;;;17;998
1;5;23;8;8096;;3;2;No inventariada;;14;9;1;999;;1;4;1;;;17;998
1;6;17;8;8279;;3;2;No inventariada;;14;9;1;999;;1;2;1;;;17;998
1;6;13;8;8096;;3;2;No inventariada;;14;9;2;1;;1;1;1;;;17;998
1;2;13;8;8279;;3;2;No inventariada;;14;2;2;4;;1;1;1;;;17;998
1;5;22;8;8073;;3;2;No inventariada;;14;7;2;4;;3;4;4;;;17;998
1;3;14;8;8073;;3;2;No inventariada;;14;2;2;1;;1;1;1;;;17;998
1;5;13;8;8101;;1;1;C-31;196;3;4;2;;;1;1;1;;;999;4
1;5;13;8;0;;1;1;B-224;3,5;6;19;1;999;;3;1;3;;;999;4
1;7;4;8;8019;;1;1;No inventariada;1;6;19;1;999;;1;5;1;;;999;4
1;1;18;8;8266;;1;1;B-30;7,2;2;4;1;999;;1;6;1;;;999;4
1;3;16;8;8187;;1;1;C-58;10,9;2;4;2;4;;1;1;1;;;999;4
1;4;12;8;8266;;1;1;AP-7;150;2;3;1;999;;1;1;1;;;999;4
1;4;14;8;8180;;1;1;C-58;5,8;2;4;1;999;;1;1;1;;;999;4
1;4;18;8;8086;;1;1;C-352;23;3;4;2;;;1;5;1;;;999;4
1;5;8;8;0;;1;1;No inventariada;3,4;6;2;2;4;;1;1;1;;;999;4
1;5;10;8;8101;;1;1;C-31;198;3;4;1;999;;1;1;1;;;999;4
1;5;10;8;0;;1;1;A-2;546;3;2;2;4;;1;1;1;;;999;4
1;5;13;8;0;;1;1;C-16;41,5;2;2;1;999;;1;1;1;;;999;4
1;5;13;8;0;;1;1;No inventariada;0;6;19;1;999;;1;1;1;;;999;4
1;5;14;8;8007;;2;2;C-61;2,6;6;3;2;2;;1;1;1;;;999;4
1;5;13;8;8183;;1;1;C-153;8,3;6;2;2;2;;1;1;1;;;999;4
1;5;19;8;0;;1;1;A-2;567;3;7;1;999;;1;4;1;;;999;4
1;5;22;8;8123;;1;1;C-1413a;0,6;3;2;2;1;;1;4;1;;;999;4
1;5;22;8;0;;1;1;B-231;11,8;6;4;1;999;;1;6;1;;;999;4
1;6;13;8;8279;;2;2;BV-1221;0,8;14;4;1;999;;1;1;1;;;17;4
1;1;21;8;8279;;3;2;No inventariada;;14;7;1;999;;1;4;1;;;17;998
1;3;6;8;8279;;3;2;No inventariada;;14;4;1;999;;1;4;1;;;17;998
1;3;9;8;8279;;3;2;No inventariada;;14;9;1;999;;3;1;3;;;17;998
1;4;20;8;8279;;3;2;No inventariada;;14;4;1;999;;1;4;1;;;17;998
1;4;7;8;8279;;3;2;No inventariada;;14;2;2;4;;3;2;3;;;17;998
1;2;15;8;8200;;3;2;No inventariada;;14;7;1;999;;1;1;1;;;17;998
1;3;20;8;8041;;1;1;C-17;23,5;3;8;1;999;;1;6;1;;;999;4
1;4;18;8;0;;3;2;No inventariada;;14;19;1;999;;1;5;1;;;999;998
1;6;8;8;0;;1;1;BP-2427;1,7;6;19;1;999;;3;1;1;;;999;4
1;6;10;8;8267;;1;1;No inventariada;30,5;6;19;1;999;;1;1;1;;;999;4
1;6;11;8;8259;;1;1;C-35;52,9;6;3;2;4;;1;1;1;;;999;4
1;6;11;8;8217;;1;1;A-2;606,8;3;4;2;2;;1;1;1;;;999;4
1;6;12;8;8073;;1;1;A-2;608,6;3;4;1;999;;1;1;1;;;999;4
1;6;13;8;8200;;1;1;C-32;53,5;2;4;1;999;;1;1;1;;;999;4
1;6;13;8;8181;;1;1;C-1415c;11,2;6;3;1;999;;1;1;1;;;999;4
1;6;12;8;8009;;1;1;C-60;0,5;2;4;1;999;;1;1;1;;;999;4
1;6;15;8;8096;;1;1;AP-7;131;2;3;1;999;;1;1;1;;;999;4
1;6;17;8;0;;1;1;BV-5201;13,5;6;19;1;999;;1;1;1;;;999;4
1;6;18;8;8074;;1;1;C-31;147,9;6;4;2;;;1;6;1;;;999;4
1;4;13;8;8298;;3;2;No inventariada;;14;9;2;4;;8;1;1;;;17;998
1;3;23;8;8019;;3;2;No inventariada;;14;6;1;999;;1;5;1;1;;999;998
1;7;15;8;8019;;3;2;No inventariada;;14;3;2;1;;1;1;1;1;;1;998
1;1;8;8;8019;;3;2;No inventariada;;14;9;1;999;;1;1;1;1;;999;998
1;2;13;8;8019;;3;2;No inventariada;;14;2;2;1;;1;1;1;1;;999;998
1;3;19;8;8019;;3;2;No inventariada;;14;20;2;1;;3;5;3;1;;999;998
1;1;10;8;8019;;3;2;No inventariada;;14;3;1;999;;1;1;1;1;;999;998
1;2;0;8;8019;;3;2;No inventariada;;14;3;1;999;;1;5;1;1;;999;998
1;4;20;8;8019;;3;2;No inventariada;;14;20;1;999;;1;5;1;1;;999;998
1;5;20;8;8019;;3;2;No inventariada;;14;20;1;999;;1;1;1;1;;999;998
1;1;9;8;8019;;3;2;No inventariada;;14;3;2;4;;1;1;1;1;;999;998
1;1;11;8;8019;;3;2;No inventariada;;14;7;2;1;;1;1;1;1;;999;998
1;1;18;8;8019;;3;2;No inventariada;;14;7;2;1;;1;5;1;1;;999;998
1;2;10;8;8019;;3;2;No inventariada;;14;2;2;4;;1;1;1;1;;999;998
1;2;17;8;8019;;3;2;No inventariada;;14;7;1;999;;1;1;1;1;;999;998
1;3;17;8;8019;;3;2;No inventariada;;14;7;1;999;;1;1;1;1;;999;998
1;4;11;8;8019;;3;2;No inventariada;;14;20;1;999;;1;1;1;1;;999;998
1;4;11;8;8019;;3;2;No inventariada;;14;20;2;1;;1;1;1;1;;999;998
1;5;8;8;8019;;3;2;No inventariada;;14;2;2;1;;1;1;1;1;;999;998
1;5;9;8;8019;;3;2;No inventariada;;14;20;2;1;;1;1;1;1;;999;998
1;5;8;8;8019;;3;2;No inventariada;;14;9;1;999;;1;1;1;1;;999;998
1;5;14;8;8019;;3;2;No inventariada;;14;20;2;1;;1;1;1;1;;999;998
1;5;20;8;8019;;3;2;No inventariada;;14;20;1;999;;1;5;1;1;;999;998
1;5;21;8;8019;;3;2;No inventariada;;14;20;1;999;;1;5;1;1;;999;998
1;5;23;8;8019;;3;2;No inventariada;;14;3;1;999;;1;2;1;1;;999;998
1;5;23;8;8019;;3;2;No inventariada;;14;3;2;1;;1;5;1;1;;999;998
1;5;17;8;8019;;3;2;No inventariada;;14;20;1;999;;1;1;1;1;;999;998
1;6;10;8;8019;;3;2;No inventariada;;14;7;2;2;;1;1;1;1;;999;998
1;6;11;8;8019;;3;2;No inventariada;;14;2;1;999;;1;1;1;1;;999;998
1;6;12;8;8019;;3;2;No inventariada;;14;7;2;1;;1;1;1;1;;999;998
1;6;13;8;8019;;3;2;No inventariada;;14;3;2;2;;1;1;1;1;;999;998
1;6;14;8;8019;;1;1;B-20;8,9;14;20;1;999;;1;1;1;1;;999;4
1;6;14;8;8019;;3;2;No inventariada;;14;20;1;999;;1;1;1;1;;999;998
1;6;20;8;8019;;3;2;No inventariada;;14;3;1;999;;1;5;1;1;;999;998
1;7;18;8;8073;;3;2;No inventariada;;14;2;1;999;;1;4;1;;;17;998
1;1;1;8;8238;;3;2;No inventariada;;14;2;1;999;;1;4;1;;;1;998
1;2;13;8;8307;;3;2;No inventariada;;14;7;1;999;;1;1;1;;;17;998
1;7;10;8;8301;;3;2;No inventariada;;14;3;2;4;;1;1;1;;;1;998
1;1;8;8;8211;;3;2;No inventariada;;14;4;1;999;;1;1;1;;;1;998
1;7;4;8;8279;;1;1;No inventariada;19,3;6;19;1;999;;1;5;1;;;999;4
1;5;6;8;8009;;1;1;B-502;4,7;6;20;1;999;;1;4;1;;;17;1
1;6;17;8;8198;;1;1;BP-5107;48,5;6;4;1;999;;1;1;1;;;999;4
1;7;10;8;8073;;1;1;C-245;12;6;4;2;2;;1;1;1;;;999;4
1;7;12;8;8305;;1;1;N-340;1213;6;4;1;999;;1;1;1;;;999;4
1;7;14;8;0;;1;1;BV-2122;8,5;6;8;1;999;;3;1;1;;;999;4
1;7;16;8;8200;;1;1;C-245;11;6;6;1;999;;1;1;1;;;999;4
1;7;16;8;8051;;1;1;B-124;12,9;6;19;1;999;;1;1;1;;;999;4
1;3;16;8;8298;;3;2;No inventariada;;14;7;2;2;;1;1;1;;;17;998
1;4;9;8;8102;;3;2;No inventariada;;14;7;2;1;;1;1;1;;;17;998
1;4;8;8;8298;;3;2;No inventariada;;14;7;2;2;;1;1;1;;;17;998
1;3;21;8;8121;;3;2;No inventariada;;14;4;1;999;;1;4;1;;;17;998
1;1;6;8;8121;;3;2;No inventariada;;14;2;2;4;;1;4;1;;;17;998
1;1;14;8;8015;;3;2;No inventariada;;14;4;2;1;;1;1;1;;;17;998
1;7;19;8;8019;;3;2;No inventariada;;14;2;2;1;;1;5;1;1;;999;998
1;3;15;8;8019;;3;2;No inventariada;;14;3;1;999;;1;1;1;1;;999;998
1;4;21;8;8019;;3;2;No inventariada;;14;3;2;1;;1;5;1;1;;999;998
1;4;21;8;8019;;3;2;No inventariada;;14;1;2;1;;1;5;1;1;;999;998
1;4;17;8;8019;;3;2;No inventariada;;14;2;2;1;;1;1;1;1;;999;998
1;6;1;8;8019;;1;1;B-20;11,3;14;9;1;999;;1;5;1;1;;999;4
1;7;22;8;8019;;3;2;No inventariada;;14;2;2;1;;1;5;1;1;;999;998
1;1;6;8;8019;;3;2;No inventariada;;14;20;1;999;;1;1;1;1;;999;998
1;1;14;8;8019;;3;2;No inventariada;;14;2;2;2;;1;1;1;1;;999;998
1;1;17;8;8019;;3;2;No inventariada;;14;3;1;999;;1;1;1;1;;999;998
1;1;17;8;8019;;3;2;No inventariada;;14;2;2;1;;1;1;1;1;;999;998
1;5;17;8;8266;;1;1;BP-1413;4,2;6;2;2;4;;1;1;1;;;999;4
1;1;10;8;8279;;1;1;C-16;24;2;4;2;;;1;1;1;;;999;4
1;1;11;8;8252;;1;1;AP-7;146,5;2;4;1;999;;1;1;1;;;999;4
1;1;8;8;8135;;1;1;C-35;28,5;6;2;2;4;;1;1;1;;;999;4
1;1;8;8;8213;;1;1;BV-4511;3,3;6;1;1;999;;1;1;1;;;17;1
1;1;15;8;8073;;1;1;A-2;609,5;3;3;1;999;;1;1;1;;;999;4
1;1;14;8;8077;;1;1;C-32;62,6;3;6;1;999;;1;1;1;;;999;4
1;3;12;8;8200;;3;2;No inventariada;;14;9;1;999;;3;1;3;;;17;998
1;6;12;8;8089;;3;2;No inventariada;;14;7;2;1;;1;1;1;;;17;998
1;5;11;8;8121;;3;2;No inventariada;;14;7;1;999;;1;1;1;;;17;998
1;2;7;8;8073;;3;2;No inventariada;;14;2;2;1;;1;4;1;;;17;998
1;5;19;8;8107;;3;2;No inventariada;;14;9;1;999;;1;4;1;;;17;998
1;1;9;8;8252;;3;2;No inventariada;;14;7;1;999;;1;1;1;;;17;998
1;5;20;8;8101;;3;2;No inventariada;;14;2;2;4;;1;4;1;;;17;998
1;5;13;8;8101;;3;2;No inventariada;;14;9;1;999;;3;1;1;;;17;998
1;1;16;8;8101;;3;2;No inventariada;;14;9;1;999;;1;1;1;;;17;998
1;7;20;8;8101;;3;2;No inventariada;;14;7;1;999;;1;4;1;;;17;998
1;1;5;8;8019;;1;1;B-10;10,8;14;6;1;999;;1;5;1;1;;1;4
1;5;9;8;8019;;3;2;No inventariada;;14;20;1;999;;1;1;1;1;;999;998
1;5;13;8;8019;;3;2;No inventariada;;14;7;2;1;;1;1;1;1;;999;998
1;5;19;8;8019;;3;2;No inventariada;;14;7;1;999;;1;1;1;1;;999;998
1;7;19;8;8019;;3;2;No inventariada;;14;6;1;999;;1;5;1;1;;999;998
1;1;17;8;8019;;3;2;No inventariada;;14;20;2;1;;1;1;1;1;;999;998
1;1;18;8;8019;;1;1;B-10;12,2;3;20;1;999;;1;1;1;1;;999;4
1;2;8;8;8019;;3;2;No inventariada;;14;20;1;999;;1;1;1;1;;999;998
1;2;11;8;8019;;3;2;No inventariada;;14;7;1;999;;1;1;1;1;;999;998
1;2;11;8;8019;;3;2;No inventariada;;14;20;2;1;;1;1;1;1;;999;998
1;2;13;8;8019;;1;1;B-10;6,8;14;20;1;999;;1;1;1;1;;999;4
1;2;13;8;8019;;3;2;No inventariada;;14;7;2;1;;1;1;1;1;;999;998
1;1;21;8;8019;;3;2;No inventariada;;14;3;2;2;;1;1;1;1;;999;998
1;2;14;8;8019;;3;2;No inventariada;;14;3;1;999;;1;1;1;1;;999;998
1;5;16;8;8019;;3;2;No inventariada;;14;20;1;999;;1;1;1;1;;999;998
1;2;21;8;8019;;3;2;No inventariada;;14;2;2;1;;1;5;1;1;;999;998
1;1;12;8;8301;;3;2;No inventariada;;14;4;1;999;;1;1;1;;;17;998
1;1;17;8;8089;;3;2;No inventariada;;14;2;1;999;;1;1;1;;;17;998
1;5;21;8;8125;;1;1;C-58;4,5;2;19;2;;;1;6;1;;;999;4
1;6;10;8;8262;;1;1;C-55;21,5;6;4;1;999;;3;1;1;;;999;4
1;1;10;8;8205;;1;1;AP-7;158,7;2;3;1;999;;1;1;1;;;999;4
1;2;7;8;8305;;1;1;C-15;15,9;6;3;2;;;1;1;1;;;999;4
1;2;13;8;8205;;1;1;AP-7;159,3;2;3;1;999;;1;1;1;;;999;4
1;2;14;8;8019;;1;1;C-58;0;2;4;2;;;1;1;1;;;999;4
1;2;16;8;8245;;1;1;B-20;18,1;2;4;1;999;;1;1;1;;;999;4
1;1;14;8;8285;;3;2;No inventariada;;14;7;1;999;;1;1;1;;;17;998
1;3;13;8;8285;;3;2;No inventariada;;14;4;2;2;;1;1;1;;;17;998
1;5;11;8;8285;;3;2;No inventariada;;14;4;2;2;;1;1;1;;;17;998
1;1;19;8;8285;;3;2;No inventariada;;14;7;1;999;;1;1;1;;;17;998
1;2;15;8;8285;;3;2;No inventariada;;14;9;1;999;;8;1;1;;;17;998
1;2;7;8;8118;;3;2;No inventariada;;14;2;2;2;;1;1;1;;;17;998
1;2;17;8;8180;;3;2;No inventariada;;14;2;2;1;;1;1;1;;;17;998
1;1;20;8;8298;;3;2;No inventariada;;14;7;1;999;;1;4;1;;;17;998
1;2;18;8;8019;;3;2;No inventariada;;14;2;2;1;;1;1;1;1;;999;998
1;6;15;8;8019;;1;1;B-20;8,9;14;20;1;999;;1;5;1;1;;999;4
1;6;18;8;8019;;3;2;No inventariada;;14;2;2;1;;1;5;1;1;;999;998
1;5;15;8;8019;;3;2;No inventariada;;14;3;2;2;;1;1;1;1;;999;998
1;5;15;8;8019;;3;2;No inventariada;;14;3;2;1;;1;1;1;1;;999;998
1;5;17;8;8019;;1;1;B-20;9;14;20;1;999;;1;1;1;1;;999;4
1;6;15;8;8019;;3;2;No inventariada;;14;7;1;999;;1;1;1;1;;999;998
1;7;12;8;8019;;3;2;No inventariada;;14;1;2;1;;1;1;1;1;;999;998
1;6;21;8;8019;;3;2;No inventariada;;14;20;1;999;;1;5;1;1;;999;998
1;1;5;8;8019;;3;2;No inventariada;;14;2;2;1;;1;5;1;1;;999;998
1;5;8;8;8019;;3;2;No inventariada;;14;2;2;1;;1;1;1;1;;999;998
1;1;19;8;8019;;3;2;No inventariada;;14;20;2;1;;1;5;1;1;;999;998
1;2;12;8;8019;;3;2;No inventariada;;14;20;1;999;;1;1;1;1;;999;998
1;2;13;8;8019;;3;2;No inventariada;;14;2;2;1;;1;1;1;1;;999;998
1;2;14;8;8019;;3;2;No inventariada;;14;3;1;999;;1;1;1;1;;999;998
1;2;11;8;8019;;3;2;No inventariada;;14;20;1;999;;1;1;1;1;;999;998
1;3;6;8;8019;;1;1;B-20;5;14;3;1;999;;1;5;1;1;;999;4
1;3;9;8;8019;;1;1;B-20;9;14;20;1;999;;1;1;1;1;;999;4
1;3;16;8;8266;;3;2;No inventariada;;14;2;2;1;;3;1;3;;;1;998
1;5;9;8;0;;3;2;No inventariada;;14;6;1;999;;1;1;1;;;999;998
1;3;6;8;8076;;1;1;A-2;576,9;3;4;1;999;;3;6;1;;;999;4
1;4;19;8;8086;;1;1;C-352;23,7;3;4;1;999;;1;4;1;;;999;4
1;3;13;8;0;;2;2;BV-2122;2,6;14;7;2;2;;1;1;1;;;999;4
1;3;13;8;0;;1;1;C-37;68,8;6;4;2;4;;1;1;1;;;999;4
1;3;3;8;8089;;1;1;C-234;0,4;6;1;1;999;;1;4;1;;;17;1
1;3;13;8;8076;;1;1;B-231;0,7;6;1;1;999;;1;1;1;;;999;4
1;3;16;8;0;;1;1;C-17;63,2;3;19;1;999;;1;1;1;;;999;4
1;3;15;8;8054;;1;1;A-2;587;3;3;1;999;;1;1;1;;;999;4
1;1;14;8;8096;;3;2;No inventariada;;14;9;1;999;;1;1;1;;;17;998
1;7;21;8;8245;;3;2;No inventariada;;14;7;2;1;;1;4;1;;;17;998
1;2;15;8;8180;;3;2;No inventariada;;14;7;1;999;;1;1;1;;;17;998
1;5;17;8;8200;;3;2;No inventariada;;14;9;1;999;;1;1;1;;;17;998
1;6;10;8;8200;;3;2;No inventariada;;14;1;2;1;;1;1;1;;;17;998
1;6;15;8;8307;;3;2;No inventariada;;14;1;2;1;;1;1;1;;;17;998
2;4;15;8;8015;;2;2;BV-5011;1,3;14;9;1;999;;1;1;1;;;17;4
2;4;14;8;8015;;3;2;No inventariada;;14;3;1;999;;1;1;1;;;17;998
1;3;21;8;8015;;3;2;No inventariada;;14;2;1;999;;1;4;1;;;17;998
1;1;1;8;8238;;3;2;No inventariada;;14;2;1;999;;1;4;1;;;17;998
1;4;7;8;8015;;2;2;BV-5011;0,9;14;2;2;2;;1;2;1;;;17;4
1;4;11;8;8015;;3;2;No inventariada;;14;2;2;1;;1;1;1;;;17;998
1;2;9;8;8019;;3;2;No inventariada;;14;7;2;2;;1;1;1;1;;999;998
1;2;0;8;8019;;1;1;B-20;16,5;14;9;1;999;;8;5;1;1;;999;4
1;2;15;8;8019;;3;2;No inventariada;;14;2;2;1;;1;1;1;1;;999;998
1;4;18;8;8019;;3;2;No inventariada;;14;7;2;1;;1;1;1;1;;999;998
1;6;12;8;8019;;3;2;No inventariada;;14;20;1;999;;1;1;1;1;;999;998
1;6;14;8;8019;;3;2;No inventariada;;14;9;1;999;;1;1;1;1;;999;998
1;3;17;8;8019;;1;1;B-10;1,6;14;20;1;999;;1;1;1;1;;999;4
1;3;9;8;8019;;3;2;No inventariada;;14;20;1;999;;1;1;1;1;;999;998
2;4;8;8;8019;;3;2;No inventariada;;14;20;2;2;;1;1;1;1;;999;998
2;4;8;8;8019;;3;2;No inventariada;;14;2;2;4;;1;1;1;1;;999;998
2;4;10;8;8019;;1;1;B-20;14,2;14;9;1;999;;1;1;1;1;;999;4
2;4;10;8;8019;;3;2;No inventariada;;14;3;1;999;;1;1;1;1;;999;998
2;4;13;8;8019;;3;2;No inventariada;;14;2;2;1;;1;1;1;1;;999;998
2;4;14;8;8019;;3;2;No inventariada;;14;3;1;999;;1;1;1;1;;999;998
2;4;13;8;8019;;3;2;No inventariada;;14;3;1;999;;1;1;1;1;;999;998
2;4;20;8;8019;;3;2;No inventariada;;14;3;2;1;;1;5;1;1;;999;998
1;6;7;8;8279;;3;2;No inventariada;;14;20;1;999;;1;1;1;;;17;998
1;4;8;8;8217;;1;1;B-23;3,8;2;4;1;999;;1;1;1;;;999;4
1;5;10;8;8194;;1;1;B-10;3,9;3;6;2;;;3;1;3;;;999;4
1;2;13;8;8252;;1;1;B-30;10;2;4;1;999;;1;1;1;;;999;4
1;3;14;8;8054;;1;1;No inventariada;0,8;6;2;2;2;;1;1;1;;;999;4
1;3;18;8;8194;;1;1;C-31;209,3;2;3;1;999;;1;4;1;;;999;4
1;3;20;8;8284;;1;1;GI-600;1,9;6;4;2;4;;1;4;1;;;999;4
1;3;22;8;8252;;1;1;AP-7;146,3;2;3;1;999;;1;6;1;;;999;4
2;4;9;8;8009;;1;1;C-1415c;6,3;6;3;2;2;;1;1;1;;;999;4
2;4;15;8;8140;;3;2;No inventariada;;14;7;1;999;;1;1;1;;;999;998
1;3;11;8;8003;;2;2;No inventariada;;14;2;2;2;;1;1;1;;;17;4
2;4;15;8;8102;;3;2;No inventariada;;14;2;2;1;;1;1;1;;;17;998
1;2;23;8;8124;;3;2;No inventariada;;14;9;1;999;;1;4;1;;;17;998
1;7;13;8;8121;;3;2;No inventariada;;14;3;2;1;;1;1;1;;;17;998
1;6;20;8;8121;;3;2;No inventariada;;14;4;1;999;;1;4;1;;;17;998
1;3;10;8;8015;;3;2;No inventariada;;14;2;2;1;;1;1;1;;;17;998
1;5;15;8;8015;;3;2;No inventariada;;14;2;2;1;;1;1;1;;;17;998
1;5;17;8;8169;;3;2;No inventariada;;14;9;2;4;;8;1;1;;;17;998
1;3;8;8;8298;;3;2;No inventariada;;14;2;1;999;;3;1;1;1;;17;998
2;4;7;8;8298;;3;2;No inventariada;;14;7;1;999;;1;4;1;;;17;998
1;6;20;8;8200;;3;2;No inventariada;;14;2;2;1;;1;4;1;;;17;998
1;6;11;8;8015;;3;2;No inventariada;;14;3;1;999;;1;1;1;;;17;998
1;2;0;8;8169;;1;1;B-22;7;6;6;1;999;;1;4;1;;;999;4
1;4;8;8;8245;;1;1;B-20;16,9;2;3;1;999;;1;1;1;;;999;4
1;5;18;8;8113;;1;1;C-16C;0,5;3;4;1;999;;1;1;1;;;999;4
2;4;6;8;8033;;1;1;C-59;11,3;6;1;1;999;;1;6;1;;;17;1
2;4;12;8;8217;;1;1;B-23;5,5;2;4;1;999;;1;1;1;;;999;4
2;4;20;8;8266;;1;1;AP-7;151,2;2;3;1;999;;1;5;1;;;999;4
2;4;23;8;8180;;1;1;N-150;5,8;6;19;1;999;;1;4;1;;;999;4
2;5;8;8;8305;;1;1;C-243a;9,5;6;4;2;4;;1;1;1;;;999;4
2;5;7;8;8200;;1;1;C-31;189,4;3;4;1;999;;1;2;1;;;999;4
2;5;7;8;8196;;1;1;A-2;594;3;4;2;4;;1;1;1;;;999;4
2;5;9;8;8001;;1;1;A-2;585;3;6;1;999;;1;1;1;;;999;4
2;5;8;8;8279;;1;1;B-40;9;2;4;2;;;1;1;1;;;999;4
2;5;9;8;8101;;1;1;C-31;198;3;4;2;;;1;1;1;;;999;4
2;5;10;8;8240;;1;1;AP-7;182,5;2;6;1;999;;1;1;1;;;999;4
2;5;9;8;8191;;1;1;No inventariada;60,6;6;9;1;999;;1;1;1;;;999;4
2;5;12;8;8301;;1;1;C-32;52;2;4;1;999;;1;1;1;;;999;4
2;5;13;8;8073;;1;1;A-2;608,9;3;9;1;999;;1;1;1;;;999;4
2;5;14;8;8238;;1;1;BP-1503;20,2;6;3;2;2;;1;1;1;;;17;1
2;5;14;8;8183;;2;2;C-153;6;6;2;2;2;;1;1;1;;;999;4
2;5;17;8;0;;2;2;No inventariada;;14;20;2;2;;1;1;1;;;17;1
2;5;18;8;8113;;1;1;C-16C;0,5;3;3;1;999;;1;4;1;;;999;4
2;5;19;8;8307;;1;1;C-31;155,4;6;4;2;;;1;6;1;;;999;4
2;5;23;8;8169;;1;1;B-22;5,5;3;6;1;999;;1;4;1;;;999;4
2;6;2;8;8169;;1;1;C-31;194,5;3;6;1;999;;1;1;1;;;17;4
2;6;3;8;8210;;1;1;C-59;20;6;9;1;999;;1;6;1;;;999;4