MES;DIA_SEMANA;HORA;COD_PROVINCIA;COD_MUNICIPIO;ISLA;ZONA;ZONA_AGRUPADA;CARRETERA;KM;TIPO_VIA;TIPO_ACCIDENTE;NUDO;NUDO_INFO;CARRETERA_CRUCE;CONDICION_FIRME;CONDICION_ILUMINACION;CONDICION_METEO;CONDICION_NIEBLA;CONDICION_VIENTO;VISIB_RESTRINGIDA_POR;TRAZADO_PLANTA
1;3;20;8;8114;;3;2;No inventariada;;14;7;2;1;;3;5;3;;;17;998
1;3;11;8;8114;;3;2;No inventariada;;14;2;2;1;;1;1;1;;;17;998
2;5;19;8;8015;;3;2;No inventariada;;14;19;1;999;;1;4;1;;;17;998
2;6;11;8;8187;;1;1;B-124;2,8;6;20;1;999;;1;1;1;;;999;4
2;6;9;8;8200;;1;1;C-31C;0,8;3;4;1;999;;1;1;1;;;999;4
2;6;12;8;8217;;1;1;A-2;607,8;3;4;1;999;;1;1;1;;;999;4
2;6;6;8;0;;1;1;C-62;0,1;6;19;2;4;;1;1;1;;;17;4
2;6;15;8;0;;3;2;No inventariada;;14;9;1;999;;1;1;1;;;999;998
2;6;16;8;8263;;1;1;A-2;601;3;6;1;999;;1;1;1;;;999;4
2;4;10;8;8298;;3;2;No inventariada;;14;2;2;1;;1;1;1;;;17;998
2;6;13;8;8298;;3;2;No inventariada;;14;4;1;999;;1;1;1;;;17;998
2;6;15;8;8101;;3;2;No inventariada;;14;3;1;999;;1;1;1;;;17;998
2;7;7;8;8298;;3;2;No inventariada;;14;19;1;999;;1;5;1;;;17;998
2;5;17;8;8015;;3;2;No inventariada;;14;2;1;999;;1;1;1;;;17;998
2;5;17;8;8015;;3;2;No inventariada;;14;7;1;999;;1;1;1;;;17;998
1;5;18;8;8019;;3;2;No inventariada;;14;3;2;1;;1;5;1;1;;999;998
1;1;12;8;8019;;3;2;No inventariada;;14;20;1;999;;1;1;1;1;;999;998
1;3;14;8;8019;;3;2;No inventariada;;14;7;2;1;;1;1;1;1;;999;998
1;4;0;8;8019;;1;1;B-20;10,7;14;20;1;999;;1;5;1;1;;999;4
1;1;12;8;8019;;3;2;No inventariada;;14;20;1;999;;1;1;1;1;;999;998
1;2;9;8;8019;;3;2;No inventariada;;14;20;1;999;;1;1;1;1;;999;998
1;2;12;8;8019;;3;2;No inventariada;;14;7;1;999;;1;1;1;1;;999;998
2;4;8;8;8019;;3;2;No inventariada;;14;3;2;1;;1;1;1;1;;999;998
2;4;11;8;8019;;3;2;No inventariada;;14;3;2;1;;1;1;1;1;;999;998
2;4;15;8;8019;;3;2;No inventariada;;14;9;1;999;;1;1;1;1;;999;998
2;5;6;8;8019;;3;2;No inventariada;;14;3;1;999;;1;5;1;1;;999;998
2;5;10;8;8019;;3;2;No inventariada;;14;2;2;1;;1;1;1;1;;999;998
2;5;12;8;8019;;3;2;No inventariada;;14;1;2;1;;1;1;1;1;;999;998
2;5;16;8;8019;;3;2;No inventariada;;14;7;1;999;;1;1;1;1;;999;998
2;5;19;8;8019;;3;2;No inventariada;;14;20;1;999;;1;5;1;1;;999;998
2;5;15;8;8019;;3;2;No inventariada;;14;2;2;1;;1;1;1;1;;999;998
2;5;17;8;8019;;3;2;No inventariada;;14;3;2;1;;1;1;1;1;;999;998
2;5;23;8;8019;;3;2;No inventariada;;14;20;2;1;;1;5;1;1;;999;998
2;6;0;8;8019;;3;2;No inventariada;;14;3;2;1;;1;5;1;1;;999;998
2;6;1;8;8019;;3;2;No inventariada;;14;9;2;2;;1;5;1;1;;999;998
2;6;9;8;8019;;3;2;No inventariada;;14;2;1;999;;1;1;1;1;;999;998
2;6;13;8;8019;;3;2;No inventariada;;14;9;1;999;;1;1;1;1;;999;998
2;6;16;8;8019;;3;2;No inventariada;;14;20;1;999;;1;1;1;1;;999;998
2;6;13;8;8019;;3;2;No inventariada;;14;20;1;999;;1;1;1;1;;999;998
2;6;19;8;8019;;1;1;B-20;13,7;14;20;1;999;;1;5;1;1;;999;4
2;7;3;8;8019;;3;2;No inventariada;;14;9;1;999;;1;5;1;1;;999;998
2;7;7;8;8019;;3;2;No inventariada;;14;2;2;2;;1;5;1;1;;999;998
2;7;9;8;8019;;3;2;No inventariada;;14;20;1;999;;1;1;1;1;;999;998
2;7;13;8;8019;;3;2;No inventariada;;14;9;1;999;;1;1;1;1;;999;998
2;7;11;8;8019;;3;2;No inventariada;;14;7;2;1;;1;1;1;1;;999;998
2;7;14;8;8019;;3;2;No inventariada;;14;20;1;999;;1;1;1;1;;999;998
2;7;13;8;8019;;3;2;No inventariada;;14;3;2;1;;1;1;1;1;;999;998
2;7;17;8;8019;;3;2;No inventariada;;14;20;1;999;;1;1;1;1;;999;998
1;4;8;8;8159;;3;2;No inventariada;;14;7;1;999;;1;1;1;;;17;998
2;6;15;8;8101;;3;2;No inventariada;;14;20;1;999;;1;1;1;;;17;998
2;7;3;8;8279;;3;2;No inventariada;;14;6;1;999;;1;1;1;;;17;998
1;5;11;8;8214;;3;2;No inventariada;;14;2;1;999;;1;1;1;;;17;998
1;2;13;8;8023;;1;1;BP-1432;22,2;6;4;1;999;;1;1;1;;;999;4
2;6;14;8;8202;;2;2;C-35;57,6;6;4;2;;;1;1;1;;;999;4
2;6;16;8;8019;;1;1;C-33;78;2;3;1;999;;1;1;1;;;999;4
2;6;20;8;8086;;2;2;C-251;1,5;6;4;1;999;;1;4;1;;;999;4
2;7;6;8;8073;;1;1;C-32;60;3;2;1;999;;1;4;1;;;999;4
2;7;5;8;0;;1;1;C-17;69;6;19;1;999;;1;6;1;;;999;4
2;7;10;8;0;;3;2;No inventariada;;14;3;2;4;;1;1;1;;;999;998
2;7;9;8;0;;1;1;C-61;10,2;6;19;1;999;;3;1;1;;;999;4
2;7;11;8;8161;;1;1;BV-2241;7;6;9;1;999;;1;1;1;;;999;4
2;7;11;8;0;;1;1;B-124;24;6;9;1;999;;1;1;1;;;999;4
2;7;11;8;8051;;1;1;B-124;12,5;6;6;1;999;;1;1;1;;;999;4
2;7;12;8;0;;1;1;BV-2411;16,9;6;19;1;999;;1;1;1;;;999;4
2;7;18;8;8202;;1;1;AP-7;110,7;2;4;1;999;;1;6;1;;;999;4
2;7;20;8;0;;1;1;AP-7;190;2;4;1;999;;1;6;1;;;999;4
2;7;22;8;8238;;1;1;C-1413a;18;6;19;1;999;;1;6;1;;;999;4
2;7;17;8;8231;;1;1;C-31;157,8;6;6;1;999;;1;1;1;;;17;4
1;2;13;8;8003;;1;1;BP-5002;1,6;6;3;2;2;;1;1;1;;;17;4
1;7;14;8;8089;;3;2;No inventariada;;14;2;2;1;;1;1;1;;;17;998
2;4;6;8;8003;;1;1;BP-5002;4,1;6;2;2;2;;1;5;1;;;17;4
2;7;16;8;8102;;3;2;No inventariada;;14;2;2;1;;1;1;1;;;17;998
1;4;15;8;8121;;3;2;No inventariada;;14;4;1;999;;1;1;1;;;17;998
1;2;14;8;8089;;2;2;C-245;5,6;14;3;2;4;;1;1;1;;;17;4
1;3;13;8;8307;;3;2;No inventariada;;14;9;2;2;;3;1;3;;;17;998
1;1;17;8;8089;;3;2;No inventariada;;14;2;2;1;;1;1;1;;;17;998
1;6;11;8;8096;;3;2;No inventariada;;14;9;2;4;;1;1;1;;;17;998
1;6;12;8;8307;;3;2;No inventariada;;14;7;2;2;;1;1;1;;;17;998
1;3;22;8;8096;;3;2;No inventariada;;14;2;2;1;;1;4;1;;;17;998
2;4;7;8;8121;;3;2;No inventariada;;14;4;1;999;;1;1;1;;;17;998
1;2;14;8;8088;;3;2;No inventariada;;14;2;2;2;;1;1;1;;;17;998
1;1;12;8;8089;;3;2;No inventariada;;14;2;2;1;;1;1;1;;;17;998
1;2;14;8;8073;;3;2;No inventariada;;14;2;2;1;;1;1;1;;;17;998
1;3;10;8;8019;;3;2;No inventariada;;14;7;2;2;;1;1;1;1;;999;998
1;2;14;8;8019;;3;2;No inventariada;;14;3;1;999;;1;1;1;1;;999;998
1;3;12;8;8019;;3;2;No inventariada;;14;20;1;999;;1;1;1;1;;999;998
1;3;17;8;8019;;3;2;No inventariada;;14;2;1;999;;1;1;1;1;;999;998
2;5;8;8;8019;;3;2;No inventariada;;14;3;1;999;;1;1;1;1;;999;998
2;5;11;8;8019;;3;2;No inventariada;;14;2;2;1;;1;1;1;1;;999;998
2;7;22;8;8019;;3;2;No inventariada;;14;3;2;1;;1;5;1;1;;999;998
2;1;10;8;8019;;3;2;No inventariada;;14;20;1;999;;1;1;1;1;;999;998
2;1;10;8;8019;;3;2;No inventariada;;14;20;1;999;;1;1;1;1;;999;998
2;1;12;8;8019;;3;2;No inventariada;;14;3;1;999;;1;1;1;1;;999;998
2;1;13;8;8019;;3;2;No inventariada;;14;2;1;999;;1;1;1;1;;999;998
2;1;13;8;8019;;1;1;B-10;0,3;14;20;1;999;;1;1;1;1;;999;4
2;1;15;8;8019;;3;2;No inventariada;;14;20;1;999;;1;1;1;1;;999;998
2;1;17;8;8019;;3;2;No inventariada;;14;20;1;999;;1;1;1;1;;999;998
2;5;14;8;8105;;3;2;No inventariada;;14;9;1;999;;1;1;1;;;17;998
2;5;23;8;8073;;2;2;BV-2001;0,5;14;9;1;999;;1;4;1;;;17;4
1;6;18;8;8284;;2;2;N-2;680,8;14;19;1;999;;1;2;1;;;1;4
2;6;12;8;8187;;3;2;No inventariada;;14;20;1;999;;1;1;1;;;17;998
1;5;15;8;8181;;1;1;C-251;3,8;6;4;1;999;;1;1;1;;;999;4
1;1;5;8;8210;;1;1;C-59;22,5;6;9;1;999;;8;6;1;;;999;4
1;1;8;8;8194;;1;1;B-10;3,5;3;4;1;999;;1;1;1;;;999;4
2;5;15;8;8279;;1;1;C-58;19;2;19;1;999;;1;1;1;;;999;4
2;5;14;8;8205;;1;1;B-30;0,5;2;4;1;999;;1;1;1;;;999;4
2;6;13;8;8252;;1;1;N-150;6,3;6;4;2;2;;1;1;1;;;999;4
2;6;15;8;8019;;1;1;C-58;0;2;4;1;999;;1;1;1;;;999;4
2;1;6;8;8054;;1;1;A-2;587,5;3;4;1;999;;1;5;1;;;999;4
2;1;9;8;8125;;1;1;C-58;2,4;2;4;1;999;;1;1;1;;;999;4
2;1;9;8;8307;;1;1;C-31;150,2;6;19;1;999;;1;1;1;;;999;4
2;1;9;8;8200;;1;1;C-32;54;2;4;2;2;;1;1;1;;;999;4
2;1;16;8;8163;;1;1;C-32;123,1;2;19;1;999;;1;1;1;;;999;4
2;1;17;8;8252;;1;1;AP-7;146,7;2;4;1;999;;1;1;1;;;999;4
2;1;17;8;0;;1;1;AP-7;202;2;4;1;999;;1;1;1;;;999;4
2;1;11;8;8073;;3;2;No inventariada;;14;4;1;999;;1;1;1;;;17;998
1;3;12;8;8200;;3;2;No inventariada;;14;2;2;1;;1;1;1;;;17;998
1;3;15;8;8121;;3;2;No inventariada;;14;7;1;999;;1;1;1;;;17;998
2;5;11;8;8121;;3;2;No inventariada;;14;20;1;999;;1;1;1;;;17;998
1;3;12;8;8307;;3;2;No inventariada;;14;7;1;999;;1;1;1;;;17;998
2;5;17;8;8169;;3;2;No inventariada;;14;2;2;4;;1;1;1;;;17;998
1;3;13;8;8169;;3;2;No inventariada;;14;7;1;999;;1;1;1;;;17;998
2;5;15;8;8121;;3;2;No inventariada;;14;2;2;1;;1;1;1;;;17;998
2;5;18;8;8121;;3;2;No inventariada;;14;2;2;1;;1;2;1;;;17;998
1;2;8;8;8217;;3;2;No inventariada;;14;7;2;2;;1;2;1;;;17;998
1;1;18;8;8240;;3;2;No inventariada;;14;7;2;2;;1;2;1;;;17;998
1;2;18;8;8217;;3;2;No inventariada;;14;4;2;4;;1;2;1;;;17;998
1;4;9;8;8217;;3;2;No inventariada;;14;9;2;4;;8;1;1;;;17;998
2;6;17;8;8217;;3;2;No inventariada;;14;3;1;999;;1;1;1;;;17;998
2;1;8;8;8217;;3;2;No inventariada;;14;2;2;1;;1;1;1;;;17;998
1;5;21;8;8231;;3;2;No inventariada;;14;9;1;999;;3;4;3;;;17;998
1;6;21;8;8231;;3;2;No inventariada;;14;2;2;2;;1;4;1;;;17;998
1;5;11;8;8015;;3;2;No inventariada;;14;7;1;999;;1;1;1;;;17;998
1;2;13;8;8194;;3;2;No inventariada;;14;6;2;1;;1;1;1;;;17;998
1;1;4;8;8019;;3;2;No inventariada;;14;2;2;1;;1;5;1;1;;1;998
1;1;3;8;8019;;3;2;No inventariada;;14;2;2;1;;1;5;1;1;;999;998
1;4;11;8;8019;;3;2;No inventariada;;14;3;2;4;;1;1;1;1;;999;998
1;5;11;8;8019;;3;2;No inventariada;;14;2;2;1;;1;1;1;1;;999;998
1;5;12;8;8019;;3;2;No inventariada;;14;1;1;999;;1;1;1;1;;999;998
1;6;20;8;8019;;3;2;No inventariada;;14;9;2;1;;1;5;1;1;;999;998
1;1;11;8;8019;;3;2;No inventariada;;14;20;2;1;;1;1;1;1;;999;998
1;2;8;8;8019;;1;1;B-20;14,6;14;3;1;999;;1;5;1;1;;999;4
1;3;8;8;8019;;1;1;B-20;10;14;3;1;999;;1;1;1;1;;999;4
1;3;12;8;8019;;1;1;B-10;8;14;20;1;999;;1;1;1;1;;999;4
2;4;14;8;8019;;3;2;No inventariada;;14;4;1;999;;1;1;1;1;;1;998
2;5;9;8;8019;;3;2;No inventariada;;14;7;1;999;;1;1;1;1;;999;998
2;5;15;8;8019;;1;1;C-31;208,3;2;20;1;999;;1;1;1;1;;999;4
2;5;15;8;8019;;3;2;No inventariada;;14;20;1;999;;1;1;1;1;;999;998
2;1;8;8;8019;;3;2;No inventariada;;14;3;2;1;;1;1;1;1;;999;998
2;1;7;8;8019;;3;2;No inventariada;;14;20;1;999;;1;1;1;1;;999;998
2;2;0;8;8019;;3;2;No inventariada;;14;6;1;999;;3;5;1;1;;999;998
2;2;7;8;8019;;3;2;No inventariada;;14;20;2;1;;1;1;1;1;;999;998
2;2;8;8;8019;;3;2;No inventariada;;14;3;2;1;;1;1;1;1;;999;998
2;2;8;8;8019;;3;2;No inventariada;;14;3;2;1;;1;1;1;1;;999;998
2;2;16;8;8019;;3;2;No inventariada;;14;2;2;1;;1;1;1;1;;999;998
2;2;15;8;8019;;3;2;No inventariada;;14;3;2;1;;1;1;1;1;;999;998
2;2;14;8;8019;;3;2;No inventariada;;14;2;1;999;;1;1;1;1;;999;998
1;1;11;8;8015;;3;2;No inventariada;;14;2;2;1;;1;1;1;;;17;998
2;5;5;8;8200;;3;2;No inventariada;;14;9;2;1;;1;4;1;;;17;998
1;3;17;8;8200;;3;2;No inventariada;;14;2;2;4;;1;1;1;;;17;998
1;5;17;8;8298;;3;2;No inventariada;;14;7;2;4;;1;2;3;;;1;998
2;1;7;8;8124;;1;1;AP-7;139;2;3;1;999;;1;2;1;;;999;4
1;2;7;8;8121;;1;1;C-32;103,1;2;4;1;999;;1;5;1;;;999;4
1;2;10;8;8197;;1;1;C-32;106,3;2;4;1;999;;1;1;1;;;999;4
1;2;14;8;8284;;1;1;N-2;683;6;4;1;999;;1;1;1;;;999;4
1;6;11;8;8169;;3;2;No inventariada;;14;9;2;2;;1;1;1;;;999;998
2;5;11;8;8124;;1;1;AP-7;138,7;2;4;1;999;;1;1;1;;;999;4
2;5;12;8;8238;;1;1;C-58;12,3;2;4;1;999;;1;1;1;;;999;4
2;2;5;8;8073;;1;1;A-2;609;3;4;1;999;;1;5;1;;;999;4
2;2;7;8;0;;1;1;A-2;546,3;3;19;2;;;1;2;1;;;999;4
2;2;7;8;0;;1;1;B-23;12,8;2;4;1;999;;1;2;1;;;999;4
2;2;7;8;8231;;1;1;C-32;25;2;4;1;999;;1;2;1;;;999;4
2;2;7;8;8194;;1;1;B-10;2,4;3;3;1;999;;1;1;1;;;999;4
2;2;9;8;8231;;1;1;C-15B;0,3;6;9;2;4;;8;1;1;;;999;4
2;2;9;8;8284;;1;1;GI-600;0,5;6;19;1;999;;1;1;1;;;999;4
2;2;11;8;8205;;1;1;AP-7;159,5;2;3;1;999;;1;1;1;;;999;4
2;2;14;8;8305;;1;1;AP-7;199;2;6;2;;;1;1;1;;;999;4
2;2;19;8;8307;;1;1;BV-2115;1,8;6;7;2;1;;1;6;1;;;999;4
2;2;19;8;8076;;1;1;C-55;1,8;6;19;1;999;;1;6;1;;;999;4
2;3;3;8;8159;;1;1;C-17;13,5;3;6;1;999;;1;6;1;;;999;4
2;2;17;8;8102;;3;2;No inventariada;;14;2;2;1;;1;1;1;;;17;998
1;3;8;8;8015;;2;2;B-500;0,9;14;2;2;4;;1;1;1;;;17;4
2;6;9;8;8121;;3;2;No inventariada;;14;2;2;1;;1;1;1;;;17;998
2;7;12;8;8121;;3;2;No inventariada;;14;9;1;999;;1;1;1;;;17;998
2;1;15;8;8121;;3;2;No inventariada;;14;4;1;999;;1;1;1;;;17;998
2;3;9;8;8073;;3;2;No inventariada;;14;4;2;4;;1;1;1;;;17;998
1;4;13;8;8266;;3;2;No inventariada;;14;7;2;1;;1;1;1;;;17;998
1;5;23;8;8266;;3;2;No inventariada;;14;7;2;2;;3;4;3;;;17;998
1;7;10;8;8266;;3;2;No inventariada;;14;2;1;999;;1;1;1;;;17;998
1;6;1;8;8266;;1;1;BV-1415;1,7;6;18;1;999;;3;5;1;;;17;4
1;6;15;8;8266;;3;2;No inventariada;;14;2;2;4;;1;1;1;;;17;998
1;2;19;8;8266;;3;2;No inventariada;;14;9;2;1;;1;4;1;;;17;998
1;3;13;8;8266;;3;2;No inventariada;;14;2;1;999;;3;1;3;;;17;998
2;1;11;8;8200;;3;2;No inventariada;;14;7;2;1;;1;1;1;;;17;998
1;5;13;8;8015;;3;2;No inventariada;;14;2;2;1;;1;1;1;;;17;998
1;2;20;8;8019;;3;2;No inventariada;;14;2;2;1;;1;5;1;1;;1;998
1;1;12;8;8019;;3;2;No inventariada;;14;3;1;999;;1;1;1;1;;1;998
1;3;7;8;8019;;3;2;No inventariada;;14;9;2;4;;3;2;1;1;;1;998
1;6;22;8;8019;;3;2;No inventariada;;14;20;1;999;;1;1;1;1;;999;998
1;7;15;8;8019;;3;2;No inventariada;;14;3;1;999;;1;1;1;1;;999;998
1;5;21;8;8019;;3;2;No inventariada;;14;3;2;1;;1;5;1;1;;1;998
1;5;9;8;8019;;3;2;No inventariada;;14;20;1;999;;1;1;1;1;;999;998
1;7;13;8;8019;;3;2;No inventariada;;14;7;1;999;;1;1;1;1;;999;998
1;3;9;8;8019;;3;2;No inventariada;;14;3;2;2;;1;1;1;1;;999;998
1;3;12;8;8019;;3;2;No inventariada;;14;20;1;999;;1;1;1;1;;999;998
2;5;14;8;8019;;3;2;No inventariada;;14;20;1;999;;1;1;1;1;;999;998
2;5;12;8;8019;;3;2;No inventariada;;14;9;1;999;;1;1;1;1;;999;998
2;5;17;8;8019;;3;2;No inventariada;;14;7;1;999;;1;1;1;1;;999;998
2;6;22;8;8019;;3;2;No inventariada;;14;20;1;999;;1;5;1;1;;999;998
2;7;13;8;8019;;1;1;B-20;4,9;14;20;1;999;;1;1;1;1;;999;4
2;1;17;8;8019;;3;2;No inventariada;;14;2;1;999;;1;1;1;1;;999;998
2;2;7;8;8019;;3;2;No inventariada;;14;3;1;999;;1;1;1;1;;999;998
2;2;10;8;8019;;3;2;No inventariada;;14;3;1;999;;1;1;1;1;;999;998
2;2;14;8;8019;;3;2;No inventariada;;14;20;1;999;;1;1;1;1;;999;998
2;3;7;8;8019;;3;2;No inventariada;;14;7;2;1;;1;5;1;1;;999;998
2;3;11;8;8019;;3;2;No inventariada;;14;3;1;999;;1;1;1;1;;999;998
2;3;12;8;8019;;3;2;No inventariada;;14;3;1;999;;1;1;1;1;;999;998
2;3;10;8;8019;;3;2;No inventariada;;14;2;2;1;;1;1;1;1;;999;998
2;3;15;8;8019;;3;2;No inventariada;;14;20;2;1;;1;1;1;1;;999;998
2;3;15;8;8019;;1;1;B-10;1,5;14;3;1;999;;1;1;1;1;;999;4
2;3;16;8;8019;;3;2;No inventariada;;14;3;1;999;;1;1;1;1;;999;998
2;3;20;8;8019;;3;2;No inventariada;;14;20;1;999;;1;5;1;1;;999;998
1;5;13;8;8073;;1;1;C-32;60,6;3;4;2;2;;1;1;1;;;999;4
1;5;17;8;0;;1;1;No inventariada;;6;19;1;999;;8;6;4;;;999;4
1;6;9;8;8138;;1;1;N-141c;32,9;6;19;1;999;;3;1;1;;;999;4
1;2;11;8;8073;;1;1;C-32;60,4;3;4;2;2;;1;1;1;;;999;4
1;4;6;8;8284;;1;1;N-2;684,5;6;8;1;999;;1;6;1;;;999;4
1;7;14;8;8005;;1;1;C-17;26,3;3;3;2;2;;1;1;1;;;999;4
2;4;18;8;8217;;1;1;A-2;606,5;3;4;1;999;;1;4;1;;;999;4
2;7;14;8;8267;;1;1;C-1413a;29,8;6;19;1;999;;1;1;1;;;999;4
2;7;21;8;8252;;1;1;AP-7;146;2;20;2;;;1;6;1;;;999;4
2;7;20;8;8260;;1;1;AP-7;145,5;2;3;1;999;;1;6;1;;;999;4
2;2;10;8;8205;;1;1;BV-1462;6,8;6;19;1;999;;1;1;1;;;999;4
2;2;18;8;0;;1;1;BV-5227;1;14;7;1;999;;1;5;1;;;999;4
2;2;17;8;8307;;1;1;C-31;152,5;6;7;1;999;;1;1;1;;;17;1
2;3;6;8;8213;;1;1;C-16C;3,2;6;4;1;999;;1;6;1;;;999;4
2;3;16;8;8001;;1;1;BV-1201;2,5;6;3;2;4;;1;1;1;;;999;4
2;3;15;8;8159;;1;1;C-17;14,8;3;20;1;999;;1;1;1;;;17;1
2;3;17;8;8077;;1;1;C-32;62,9;3;4;2;2;;1;1;1;;;999;4
2;3;20;8;8295;;1;1;N-340;1230;6;6;1;999;;1;6;1;;;999;4
2;1;19;8;8102;;3;2;No inventariada;;14;9;1;999;;1;4;1;;;17;998
2;3;19;8;8102;;3;2;No inventariada;;14;2;2;;;1;4;1;;;17;998
1;4;19;8;8041;;3;2;No inventariada;;14;7;1;999;;1;1;1;;;17;998
2;1;8;8;8015;;3;2;No inventariada;;14;4;1;999;;1;1;1;;;17;998
2;6;16;8;8121;;3;2;No inventariada;;14;2;1;999;;1;1;1;;;17;998
2;4;7;8;8245;;2;2;BV-5005;0,5;14;9;2;1;;1;2;1;;;17;4
2;3;12;8;8015;;3;2;No inventariada;;14;4;1;999;;1;1;1;;;17;998
2;6;22;8;8245;;3;2;No inventariada;;14;2;2;1;;1;4;1;;;17;998
1;5;20;8;8231;;3;2;No inventariada;;14;6;1;999;;3;4;1;;;17;998
2;1;12;8;8298;;3;2;No inventariada;;14;2;2;4;;1;1;1;;;17;998
2;1;18;8;8015;;3;2;No inventariada;;14;2;2;1;;1;2;1;;;17;998
1;1;17;8;8135;;3;2;No inventariada;;14;4;1;999;;1;1;1;;;17;998
1;1;10;8;8015;;3;2;No inventariada;;14;2;1;999;;1;1;1;;;17;998
2;4;20;8;8019;;3;2;No inventariada;;14;20;1;999;;1;5;1;1;;999;998
2;1;10;8;8019;;3;2;No inventariada;;14;3;2;4;;1;1;1;1;;999;998
2;1;18;8;8019;;3;2;No inventariada;;14;3;2;1;;1;1;1;1;;999;998
2;2;6;8;8019;;3;2;No inventariada;;14;3;2;1;;1;5;1;1;;999;998
2;3;10;8;8019;;3;2;No inventariada;;14;7;2;1;;1;1;1;1;;999;998
2;3;15;8;8019;;3;2;No inventariada;;14;7;1;999;;1;1;1;1;;999;998
2;3;15;8;8019;;3;2;No inventariada;;14;20;1;999;;1;1;1;1;;999;998
2;3;18;8;8019;;3;2;No inventariada;;14;20;1;999;;1;2;1;1;;999;998
2;4;8;8;8019;;3;2;No inventariada;;14;2;2;2;;1;1;1;1;;999;998
2;4;9;8;8019;;3;2;No inventariada;;14;3;2;1;;1;1;1;1;;999;998
2;4;10;8;8019;;3;2;No inventariada;;14;3;2;4;;1;1;1;1;;999;998
2;4;16;8;8019;;3;2;No inventariada;;14;7;2;1;;1;1;1;1;;999;998
2;4;17;8;8019;;3;2;No inventariada;;14;20;1;999;;1;1;1;1;;999;998
1;4;9;8;8015;;3;2;No inventariada;;14;2;2;1;;1;1;1;;;17;998
2;3;21;8;8200;;3;2;No inventariada;;14;2;2;1;;1;4;1;;;17;998
1;3;8;8;8279;;3;2;No inventariada;;14;2;2;1;;1;1;3;;;1;998
1;1;16;8;8040;;3;2;No inventariada;;14;4;1;999;;1;1;1;;;17;998
2;4;17;8;8101;;3;2;No inventariada;;14;2;1;999;;1;1;1;;;17;998
1;3;19;8;8252;;3;2;No inventariada;;14;4;2;4;;1;4;1;;;17;998
1;6;17;8;8252;;3;2;No inventariada;;14;4;1;999;;1;1;1;;;17;998
1;7;21;8;8147;;1;1;BV-1201;1,5;6;9;1;999;;1;6;1;;;999;4
2;7;14;8;8300;;1;1;C-58;25,5;6;4;2;2;;1;1;1;;;999;4
2;1;20;8;8279;;1;1;C-58;18,5;2;4;1;999;;1;6;1;;;999;4
2;2;13;8;0;;1;1;B-150;0,2;6;2;2;2;;1;1;1;;;999;4
2;2;14;8;8125;;1;1;C-58;2,4;2;4;1;999;;1;1;1;;;999;4
2;2;18;8;8266;;1;1;B-30;8,5;2;4;1;999;;1;6;1;;;999;4
2;3;13;8;0;;1;1;BV-2154;5;6;19;1;999;;1;6;1;;;999;4
2;3;14;8;8266;;1;1;BP-1413;3,2;6;4;2;4;;1;1;1;;;999;4
2;4;6;8;8904;;1;1;C-58;10,2;2;4;1;999;;1;6;1;;;999;4
2;4;9;8;8019;;1;1;C-16;2,3;2;4;1;999;;1;1;1;;;999;4
2;4;11;8;8101;;1;1;B-10;19,7;3;3;1;999;;1;1;1;;;999;4
2;4;12;8;8244;;1;1;A-2;604;3;3;1;999;;1;1;1;;;999;4
2;4;15;8;0;;3;2;No inventariada;;14;2;2;1;;1;1;1;;;999;998
2;4;9;8;8194;;1;1;B-10;2,8;3;4;1;999;;1;1;1;;;6;1
2;4;14;8;8101;;1;1;B-10;19,2;3;3;1;999;;1;1;1;;;999;4
2;4;17;8;8114;;1;1;B-224;25,5;6;9;2;4;;8;1;1;;;999;4
2;4;18;8;8089;;1;1;C-32;50;2;4;1;999;;1;4;1;;;999;4
2;4;18;8;8046;;1;1;BV-5105;3,2;6;4;1;999;;1;6;1;;;999;4
2;4;19;8;8252;;1;1;B-30;9,5;2;4;1;999;;1;6;1;;;999;4
2;4;19;8;8291;;1;1;C-58;35,9;6;9;1;999;;1;6;1;;;999;4
2;4;22;8;0;;1;1;No inventariada;0;6;19;1;999;;1;6;1;;;999;4
1;6;12;8;8200;;3;2;No inventariada;;14;2;1;999;;1;1;1;;;17;998
2;5;7;8;8124;;3;2;No inventariada;;14;7;1;999;;3;4;3;;;17;998
2;4;13;8;8102;;3;2;No inventariada;;14;2;2;4;;1;1;1;;;17;998
2;3;11;8;8121;;3;2;No inventariada;;14;2;1;999;;1;1;1;;;17;998
2;7;22;8;8101;;3;2;No inventariada;;14;4;2;4;;1;4;1;;;17;998
1;4;12;8;8015;;3;2;No inventariada;;14;3;1;999;;1;1;1;;;17;998
1;2;14;8;0;;1;1;No inventariada;0,1;6;19;1;999;;1;1;1;;;999;4
2;2;17;8;8006;;1;1;C-61;2,1;6;2;2;1;;1;1;1;;;999;4
2;3;6;8;8119;;1;1;B-224;15,6;6;4;2;;;1;2;1;;;999;4
2;3;17;8;8214;;1;1;C-32;92,3;2;4;1;999;;1;1;1;;;999;4