MES;DIA_SEMANA;HORA;COD_PROVINCIA;COD_MUNICIPIO;ISLA;ZONA;ZONA_AGRUPADA;CARRETERA;KM;TIPO_VIA;TIPO_ACCIDENTE;NUDO;NUDO_INFO;CARRETERA_CRUCE;CONDICION_FIRME;CONDICION_ILUMINACION;CONDICION_METEO;CONDICION_NIEBLA;CONDICION_VIENTO;VISIB_RESTRINGIDA_POR;TRAZADO_PLANTA
2;4;18;8;8125;;1;1;C-33;79,7;2;4;1;999;;1;4;1;;;999;4
2;5;6;8;8305;;1;1;AP-7;198,5;2;4;1;999;;3;6;3;;;999;4
2;5;7;8;8076;;1;1;A-2;581,5;3;20;1;999;;3;2;3;;;999;4
2;5;7;8;8076;;1;1;A-2;581,7;3;3;1;999;;3;2;3;;;999;4
2;5;11;8;8161;;1;1;B-224;11,5;6;19;1;999;;3;1;3;;;999;4
2;5;11;8;0;;1;1;BV-3008;4,9;6;19;1;999;;3;1;3;;;999;4
2;5;12;8;0;;1;1;BV-3008;4,9;6;19;1;999;;3;1;3;;;999;4
2;5;13;8;0;;1;1;A-2;574,8;3;6;1;999;;3;1;3;;;999;4
2;5;13;8;0;;1;1;BP-4654;2,7;6;1;1;999;;3;1;3;;;999;4
2;5;15;8;8217;;1;1;A-2;607;3;4;1;999;;1;1;1;;;999;4
2;5;15;8;8200;;1;1;C-32;53,5;2;4;1;999;;1;1;1;;;999;4
2;5;16;8;0;;2;2;C-26;136,5;6;9;2;2;;1;1;1;;;999;4
2;5;19;8;8282;;1;1;B-20;23,3;2;3;1;999;;1;1;1;;;17;4
2;5;2;8;8114;;3;2;No inventariada;;14;2;2;4;;1;4;1;;;17;998
2;5;8;8;8073;;3;2;No inventariada;;14;9;1;999;;3;1;3;;;17;998
2;7;23;8;8114;;3;2;No inventariada;;14;4;1;999;;1;1;1;;;17;998
1;1;9;8;8114;;3;2;No inventariada;;14;3;1;999;;1;1;1;;;17;998
2;4;20;8;8121;;3;2;No inventariada;;14;4;1;999;;1;4;1;;;17;998
2;3;5;8;8124;;1;1;C-17;10,6;3;4;1;999;;1;6;1;;;999;4
2;5;7;8;8123;;1;1;B-23;10,1;2;4;1;999;;3;1;3;;;999;4
2;5;7;8;8902;;1;1;AP-7;132,5;2;4;1;999;;3;1;3;;;999;4
2;5;22;8;8180;;1;1;C-58;6,5;2;19;1;999;;3;5;3;;;999;4
2;5;13;8;8169;;1;1;B-22;5;3;6;2;;;3;1;3;;;999;4
2;6;9;8;0;;1;1;No inventariada;;6;19;1;999;;3;1;1;;;999;4
2;6;10;8;8284;;3;2;No inventariada;;14;1;1;999;;1;1;1;;;999;998
2;6;18;8;8259;;1;1;BV-5301;1,1;6;20;1;999;;3;2;3;;;999;4
2;6;19;8;0;;1;1;BV-2304;3,5;6;19;1;999;;3;6;1;;;999;4
2;6;23;8;8124;;1;1;C-59;0,5;6;2;2;2;;1;4;1;;;999;4
2;6;23;8;0;;1;1;N-340;1205;6;1;1;999;;1;6;1;;;17;1
1;3;17;8;8101;;3;2;No inventariada;;14;3;1;999;;1;1;1;;;1;998
2;1;17;8;8088;;3;2;No inventariada;;14;4;1;999;;1;1;1;;;17;998
2;4;19;8;8088;;3;2;No inventariada;;14;7;2;4;;1;4;1;;;17;998
2;5;10;8;8088;;3;2;No inventariada;;14;2;2;4;;3;1;3;;;17;998
2;5;15;8;8135;;3;2;No inventariada;;14;2;1;999;;1;1;1;;;17;998
2;6;17;8;8298;;3;2;No inventariada;;14;6;1;999;;1;1;1;;;17;998
2;6;20;8;8015;;3;2;No inventariada;;14;9;1;999;;1;4;1;;;17;998
1;7;9;8;8019;;3;2;No inventariada;;14;3;1;999;;1;1;1;1;;999;998
1;7;15;8;8019;;3;2;No inventariada;;14;20;1;999;;1;1;1;1;;999;998
1;3;10;8;8019;;3;2;No inventariada;;14;2;2;4;;1;1;1;1;;999;998
1;4;10;8;8019;;3;2;No inventariada;;14;20;2;1;;1;1;1;1;;999;998
1;1;8;8;8019;;1;1;B-20;6,5;14;20;1;999;;1;5;1;1;;999;4
1;1;17;8;8019;;3;2;No inventariada;;14;20;1;999;;1;1;1;1;;999;998
1;2;10;8;8019;;3;2;No inventariada;;14;7;2;1;;1;1;1;1;;999;998
1;3;9;8;8019;;1;1;B-10;8,2;14;3;1;999;;1;1;1;1;;999;4
1;5;12;8;8019;;3;2;No inventariada;;14;3;1;999;;1;1;1;1;;999;998
1;3;19;8;8019;;3;2;No inventariada;;14;6;1;999;;1;1;1;1;;999;998
1;3;22;8;8019;;3;2;No inventariada;;14;3;1;999;;1;5;1;1;;999;998
2;5;13;8;8019;;3;2;No inventariada;;14;20;1;999;;1;1;1;1;;999;998
2;6;16;8;8019;;3;2;No inventariada;;14;2;2;1;;1;1;1;1;;999;998
2;7;13;8;8019;;3;2;No inventariada;;14;3;2;2;;1;1;1;1;;999;998
2;1;10;8;8019;;3;2;No inventariada;;14;3;2;2;;1;1;1;1;;999;998
2;1;16;8;8019;;3;2;No inventariada;;14;20;2;2;;1;1;1;1;;999;998
2;2;7;8;8019;;3;2;No inventariada;;14;9;1;999;;1;1;1;1;;999;998
2;2;11;8;8019;;3;2;No inventariada;;14;20;1;999;;1;1;1;1;;999;998
2;2;18;8;8019;;1;1;B-10;12,5;3;20;1;999;;1;5;1;1;;999;4
2;2;17;8;8019;;2;2;BV-1415;11,6;14;20;2;2;;1;1;1;1;;999;4
2;3;16;8;8019;;3;2;No inventariada;;14;3;2;1;;1;1;1;1;;999;998
2;3;22;8;8019;;3;2;No inventariada;;14;2;2;1;;1;5;1;1;;999;998
2;4;8;8;8019;;3;2;No inventariada;;14;3;2;1;;1;1;1;1;;999;998
2;4;11;8;8019;;3;2;No inventariada;;14;20;1;999;;1;1;1;1;;999;998
2;4;12;8;8019;;3;2;No inventariada;;14;2;1;999;;1;1;1;1;;999;998
2;3;10;8;8019;;3;2;No inventariada;;14;1;1;999;;1;1;1;1;;999;998
2;4;14;8;8019;;3;2;No inventariada;;14;20;1;999;;1;1;1;1;;999;998
2;4;15;8;8019;;3;2;No inventariada;;14;3;1;999;;1;1;1;1;;999;998
2;4;15;8;8019;;3;2;No inventariada;;14;20;2;1;;1;1;1;1;;999;998
2;5;7;8;8019;;3;2;No inventariada;;14;1;2;1;;3;5;3;1;;999;998
2;5;11;8;8019;;3;2;No inventariada;;14;7;2;1;;1;1;1;1;;999;998
2;5;16;8;8019;;3;2;No inventariada;;14;20;1;999;;1;1;1;1;;999;998
2;5;13;8;8019;;3;2;No inventariada;;14;20;1;999;;3;1;1;1;;999;998
2;5;16;8;8019;;3;2;No inventariada;;14;20;2;1;;1;1;1;1;;999;998
2;5;17;8;8019;;3;2;No inventariada;;14;20;2;2;;1;1;1;1;;999;998
2;5;15;8;8019;;3;2;No inventariada;;14;2;2;1;;3;1;3;1;;999;998
2;5;16;8;8019;;3;2;No inventariada;;14;2;2;1;;1;1;1;1;;999;998
2;6;8;8;8019;;3;2;No inventariada;;14;3;2;1;;3;1;1;1;;999;998
2;5;23;8;8019;;3;2;No inventariada;;14;20;1;999;;1;5;1;1;;999;998
2;6;11;8;8019;;1;1;B-10;9,7;14;20;1;999;;3;1;1;1;;999;4
2;6;14;8;8019;;1;1;C-31;209;2;20;1;999;;1;1;1;1;;999;4
2;7;15;8;8019;;3;2;No inventariada;;14;3;2;1;;1;1;1;1;;999;998
2;1;11;8;8072;;3;2;No inventariada;;14;20;1;999;;1;1;1;;;17;998
2;7;4;8;8096;;1;1;N-152a;25,3;3;19;1;999;;1;5;1;;;999;4
2;7;8;8;8172;;2;2;N-2;639,1;6;4;1;999;;1;1;1;;;999;4
2;7;9;8;8089;;1;1;C-31;185,9;3;4;1;999;;1;1;1;;;17;4
2;7;10;8;8270;;1;1;C-31;174,9;6;19;1;999;;1;1;1;;;17;4
2;7;14;8;8205;;1;1;BV-1462;8,8;6;3;1;999;;1;1;1;;;999;4
2;7;14;8;8169;;1;1;B-20;2,1;2;9;2;4;;1;1;1;;;999;4
2;7;19;8;8270;;1;1;C-31;166,8;6;3;1;999;;1;1;1;;;17;2
2;7;17;8;8015;;1;1;C-31;211,6;2;9;1;999;;1;1;1;;;999;4
2;6;12;8;8102;;3;2;No inventariada;;14;2;2;4;;1;1;1;;;17;998
1;1;16;8;8096;;3;2;No inventariada;;14;2;2;1;;1;1;1;;;17;998
1;2;14;8;8096;;3;2;No inventariada;;14;7;1;999;;1;1;1;;;17;998
2;6;15;8;8245;;2;2;No inventariada;;14;4;2;2;;1;1;1;;;17;4
2;5;21;8;8096;;3;2;No inventariada;;14;4;1;999;;1;4;1;;;17;998
2;7;13;8;8096;;3;2;No inventariada;;14;4;2;2;;1;1;1;;;17;998
2;5;14;8;8121;;3;2;No inventariada;;14;2;2;4;;1;1;1;;;17;998
2;3;20;8;8200;;3;2;No inventariada;;14;2;1;999;;1;1;1;;;17;998
2;7;7;8;8102;;3;2;No inventariada;;14;19;2;4;;1;4;1;;;17;998
2;5;14;8;8121;;3;2;No inventariada;;14;3;1;999;;1;1;1;;;17;998
1;5;8;8;8266;;3;2;No inventariada;;14;4;1;999;;3;1;3;;;17;998
1;7;19;8;8266;;3;2;No inventariada;;14;7;2;1;;1;4;1;;;17;998
1;2;14;8;8266;;3;2;No inventariada;;14;4;2;1;;1;1;1;;;17;998
1;4;8;8;8266;;3;2;No inventariada;;14;2;2;1;;1;1;1;;;17;998
1;2;18;8;8266;;3;2;No inventariada;;14;2;1;999;;1;4;1;;;17;998
2;3;10;8;8200;;3;2;No inventariada;;14;4;1;999;;1;1;1;;;17;998
1;1;16;8;8238;;3;2;No inventariada;;14;2;1;999;;1;1;1;;;17;998
1;1;20;8;8019;;3;2;No inventariada;;14;7;2;1;;1;5;1;1;;999;998
1;4;16;8;8019;;3;2;No inventariada;;14;7;2;1;;1;1;1;1;;999;998
1;3;17;8;8019;;1;1;B-20;11,5;14;20;1;999;;1;1;1;1;;999;4
1;4;10;8;8019;;3;2;No inventariada;;14;3;2;1;;1;1;1;1;;999;998
1;5;16;8;8019;;3;2;No inventariada;;14;7;1;999;;1;1;1;1;;9;998
1;3;16;8;8019;;1;1;B-10;10;14;20;1;999;;1;5;1;1;;999;4
2;3;18;8;8019;;3;2;No inventariada;;14;2;2;1;;1;1;1;1;;999;998
2;4;13;8;8019;;3;2;No inventariada;;14;2;2;1;;1;1;1;1;;999;998
2;4;19;8;8019;;3;2;No inventariada;;14;7;1;999;;1;5;1;1;;999;998
2;1;7;8;8019;;3;2;No inventariada;;14;9;1;999;;1;5;1;1;;999;998
2;1;10;8;8019;;3;2;No inventariada;;14;20;1;999;;1;1;1;1;;999;998
2;1;13;8;8019;;3;2;No inventariada;;14;7;2;1;;1;1;1;1;;999;998
2;1;17;8;8019;;1;1;B-10;8,1;14;20;1;999;;1;1;1;1;;999;4
2;4;14;8;8073;;3;2;No inventariada;;14;9;1;999;;1;1;1;;;17;998
1;1;7;8;8015;;3;2;No inventariada;;14;7;2;1;;1;2;1;;;17;998
2;7;12;8;8194;;3;2;No inventariada;;14;19;2;4;;1;1;1;;;1;998
2;2;11;8;8298;;1;1;C-154;0,6;6;4;2;4;;1;1;1;;;999;4
2;4;15;8;8279;;1;1;C-58;19,4;2;3;1;999;;1;1;1;;;999;4
2;1;12;8;8022;;1;1;C-16;96,5;3;19;1;999;;1;1;1;;;999;4
2;1;12;8;8194;;1;1;C-31;209,4;2;20;2;2;;1;1;1;;;999;4
2;1;14;8;8196;;1;1;A-2;594,8;3;3;1;999;;1;1;1;;;999;4
2;1;16;8;8231;;1;1;C-15;3,7;3;9;2;;;1;1;1;;;999;4
2;1;19;8;8125;;1;1;C-58;4,5;2;9;2;;;8;6;1;;;999;4
2;5;14;8;8089;;3;2;No inventariada;;14;2;1;999;;1;1;1;;;17;998
1;6;11;8;8200;;3;2;No inventariada;;14;7;1;999;;1;1;1;;;17;998
1;5;20;8;8307;;3;2;No inventariada;;14;2;1;999;;1;4;1;;;17;998
2;1;8;8;8121;;2;2;No inventariada;;14;4;2;2;;1;1;1;;;17;4
2;6;12;8;8121;;3;2;No inventariada;;14;7;2;2;;1;1;1;;;17;998
2;6;7;8;8298;;3;2;No inventariada;;14;2;1;999;;3;4;1;;;17;998
2;5;15;8;8015;;3;2;No inventariada;;14;6;2;1;;1;1;1;;;17;998
2;5;9;8;8101;;3;2;No inventariada;;14;4;1;999;;1;1;1;;;17;998
2;6;0;8;8015;;3;2;No inventariada;;14;3;1;999;;1;4;1;;;17;998
1;3;11;8;8019;;3;2;No inventariada;;14;2;2;1;;1;1;1;1;;999;998
1;6;13;8;8019;;1;1;C-31;208,7;2;4;1;999;;1;1;1;1;;1;4
1;2;7;8;8019;;3;2;No inventariada;;14;2;2;1;;1;1;1;1;;999;998
2;4;9;8;8019;;3;2;No inventariada;;14;2;2;1;;1;1;1;1;;999;998
2;4;12;8;8019;;3;2;No inventariada;;14;2;1;999;;1;1;1;1;;999;998
2;4;21;8;8019;;3;2;No inventariada;;14;20;1;999;;1;5;1;1;;999;998
2;5;15;8;8019;;3;2;No inventariada;;14;20;2;4;;1;1;1;1;;999;998
2;6;10;8;8019;;3;2;No inventariada;;14;2;2;1;;1;1;1;1;;999;998
2;1;19;8;8019;;3;2;No inventariada;;14;20;2;2;;1;5;1;1;;999;998
2;1;13;8;8019;;3;2;No inventariada;;14;6;2;1;;1;1;1;1;;999;998
2;2;21;8;8019;;3;2;No inventariada;;14;20;1;999;;1;5;1;1;;999;998
1;4;8;8;8015;;3;2;No inventariada;;14;3;1;999;;1;1;1;;;17;998
1;4;19;8;8279;;3;2;No inventariada;;14;20;1;999;;1;1;1;;;17;998
1;6;22;8;8015;;3;2;No inventariada;;14;2;1;999;;1;1;1;;;17;998
2;6;4;8;8252;;3;2;No inventariada;;14;19;1;999;;1;4;1;;;17;998
1;4;19;8;8001;;1;1;A-2;583;3;4;2;;;1;4;1;;;999;4
1;3;10;8;8140;;1;1;BV-1221;32,4;6;9;1;999;;1;1;1;;;999;4
2;6;14;8;8194;;1;1;C-31;208,8;2;4;1;999;;1;1;1;;;999;4
2;7;16;8;8155;;1;1;B-682;0,6;6;20;2;4;;1;1;1;;;999;4
2;1;16;8;8015;;1;1;C-31;212,4;2;4;1;999;;1;1;1;;;999;4
2;5;19;8;8252;;1;1;B-30;9,5;2;4;1;999;;1;6;1;;;999;4
2;6;13;8;8252;;1;1;B-30;9,5;2;4;1;999;;1;1;1;;;999;4
2;7;19;8;8054;;1;1;B-151;5,5;6;19;1;999;;1;6;1;;;999;4
2;7;19;8;8266;;1;1;N-150;5,7;6;2;2;2;;1;5;1;;;999;4
2;1;6;8;8180;;1;1;C-58;6,8;2;4;1;999;;1;6;1;;;999;4
2;2;6;8;8263;;1;1;A-2;602,7;3;4;1;999;;1;4;1;;;999;4
2;2;8;8;8211;;1;1;B-23;7,5;2;4;1;999;;1;1;1;;;999;4
2;2;10;8;0;;1;1;C-15;39;6;4;1;999;;1;1;1;;;999;4
2;2;12;8;8298;;1;1;C-25D;0,8;6;4;1;999;;1;1;1;;;999;4
2;2;14;8;0;;1;1;AP-7;188;2;6;1;999;;1;1;1;;;999;4
2;2;14;8;8217;;1;1;BV-2001;2,5;6;9;2;4;;8;1;1;;;999;4
2;2;17;8;8015;;1;1;C-31;215,4;2;4;1;999;;1;1;1;;;999;4
2;2;19;8;8073;;1;1;B-20;2,9;2;3;1;999;;1;4;1;;;999;4
2;2;6;8;8298;;3;2;No inventariada;;14;2;2;4;;1;4;1;;;17;998
2;6;14;8;8121;;3;2;No inventariada;;14;4;1;999;;1;1;1;;;17;998
2;7;20;8;8089;;3;2;No inventariada;;14;6;2;2;;8;4;1;;;17;998
2;7;16;8;8121;;3;2;No inventariada;;14;19;1;999;;1;1;1;;;17;998
2;1;14;8;8245;;3;2;No inventariada;;14;4;1;999;;1;1;1;;;17;998
2;7;19;8;8121;;3;2;No inventariada;;14;2;2;2;;1;1;1;;;17;998
2;1;9;8;8121;;2;2;No inventariada;;14;4;1;999;;1;1;1;;;17;4
2;4;13;8;8298;;3;2;No inventariada;;14;2;2;1;;1;1;1;;;17;998
2;1;22;8;8169;;3;2;No inventariada;;14;9;1;999;;8;4;1;;;17;998
2;5;12;8;8200;;2;2;No inventariada;;14;4;2;4;;3;1;3;;;17;4
2;5;22;8;8169;;3;2;No inventariada;;14;2;1;999;;3;4;1;;;17;998
2;2;15;8;8169;;3;2;No inventariada;;14;2;2;1;;1;1;1;;;17;998
1;2;12;8;8019;;3;2;No inventariada;;14;20;1;999;;1;1;1;1;;999;998
1;1;18;8;8019;;3;2;No inventariada;;14;7;2;1;;1;5;1;1;;1;998
1;2;11;8;8019;;3;2;No inventariada;;14;20;1;999;;1;1;1;1;;999;998
2;5;18;8;8019;;3;2;No inventariada;;14;20;1;999;;1;1;1;1;;999;998
2;3;15;8;8019;;3;2;No inventariada;;14;2;2;1;;1;1;1;1;;999;998
2;4;7;8;8019;;3;2;No inventariada;;14;2;2;2;;1;1;1;1;;999;998
2;2;6;8;8019;;3;2;No inventariada;;14;2;1;999;;1;5;1;1;;999;998
2;1;15;8;8019;;3;2;No inventariada;;14;3;1;999;;1;1;1;1;;999;998
2;2;8;8;8019;;3;2;No inventariada;;14;2;1;999;;1;1;1;1;;999;998
2;2;13;8;8019;;3;2;No inventariada;;14;9;1;999;;1;1;1;1;;999;998
2;3;6;8;8019;;3;2;No inventariada;;14;20;2;4;;1;5;1;1;;999;998
2;3;8;8;8019;;3;2;No inventariada;;14;20;1;999;;1;1;1;1;;999;998
2;3;8;8;8019;;3;2;No inventariada;;14;9;2;2;;8;1;1;1;;999;998
2;3;10;8;8019;;3;2;No inventariada;;14;3;1;999;;1;1;1;1;;999;998
2;3;14;8;8019;;3;2;No inventariada;;14;20;2;1;;1;1;1;1;;999;998
2;7;20;8;8073;;3;2;No inventariada;;14;2;2;4;;1;4;1;;;17;998
2;3;7;8;8121;;3;2;No inventariada;;14;2;2;1;;1;4;1;;;1;998
1;2;9;8;8217;;1;1;A-2;606,5;3;3;1;999;;1;1;1;;;999;4
2;1;17;8;8252;;1;1;B-30;9,1;2;4;1;999;;1;1;1;;;999;4
2;1;18;8;8238;;1;1;C-58;13;2;4;1;999;;1;4;1;;;999;4
2;2;7;8;8252;;1;1;N-150;6,4;6;2;2;2;;1;2;1;;;999;4
2;2;8;8;8187;;1;1;No inventariada;0,1;6;4;1;999;;1;1;1;;;999;4
2;2;12;8;8904;;1;1;C-58;9,5;2;6;1;999;;1;1;1;;;999;4
2;2;11;8;0;;1;1;AP-7;161;2;3;1;999;;1;1;1;;;999;4
2;3;7;8;8196;;1;1;A-2;595;3;3;1;999;;1;2;1;;;999;4
2;3;9;8;8073;;1;1;B-20;1,5;2;4;1;999;;1;1;1;;;999;4
2;2;16;8;8155;;1;1;C-32;130,5;2;19;2;;;1;1;1;;;999;4
2;3;13;8;8282;;1;1;B-20;23,6;2;3;1;999;;1;1;1;;;999;4
2;3;13;8;8263;;1;1;A-2;603,1;3;3;1;999;;1;1;1;;;999;4
2;3;14;8;8092;;1;1;C-16;87,7;3;3;1;999;;1;1;1;;;999;4
2;3;15;8;8125;;1;1;C-33;82,1;2;4;1;999;;1;1;1;;;999;4
2;3;18;8;8217;;1;1;A-2;607,6;3;4;1;999;;1;4;1;;;17;1
2;3;18;8;8200;;1;1;C-32;53,4;2;4;2;;;1;5;1;;;999;4
2;3;21;8;8194;;1;1;C-31;209;2;3;1;999;;1;4;1;;;999;4
2;3;21;8;0;;1;1;C-25;108,9;3;4;1;999;;1;6;1;;;999;4
1;3;21;8;8245;;3;2;No inventariada;;14;4;1;999;;1;4;1;;;17;998
1;2;11;8;8307;;3;2;No inventariada;;14;18;1;999;;1;1;1;;;17;998
1;4;7;8;8180;;3;2;No inventariada;;14;7;2;1;;1;2;1;;;17;998
1;2;18;8;8307;;3;2;No inventariada;;14;2;2;1;;1;4;1;;;17;998
2;5;17;8;8180;;3;2;No inventariada;;14;7;1;999;;1;1;1;;;17;998
2;3;7;8;8121;;3;2;No inventariada;;14;2;2;4;;1;4;1;;;17;998
2;3;14;8;8200;;3;2;No inventariada;;14;9;1;999;;1;1;1;;;17;998
1;3;21;8;8200;;3;2;No inventariada;;14;2;2;4;;1;4;1;;;17;998
2;1;21;8;8169;;3;2;No inventariada;;14;7;1;999;;1;4;1;;;17;998
2;5;17;8;8169;;3;2;No inventariada;;14;2;2;4;;1;1;1;;;17;998
2;2;11;8;8169;;3;2;No inventariada;;14;7;1;999;;1;1;1;;;17;998
1;3;9;8;8019;;3;2;No inventariada;;14;7;2;4;;3;1;1;1;;999;998
1;1;13;8;8019;;3;2;No inventariada;;14;20;1;999;;1;1;1;1;;999;998
1;2;19;8;8019;;3;2;No inventariada;;14;3;1;999;;1;5;1;1;;1;998
2;5;7;8;8019;;3;2;No inventariada;;14;3;1;999;;3;5;3;1;;999;998
2;2;14;8;8019;;3;2;No inventariada;;14;20;2;2;;1;1;1;1;;999;998
2;3;9;8;8019;;3;2;No inventariada;;14;20;1;999;;1;1;1;1;;999;998
2;3;16;8;8019;;3;2;No inventariada;;14;3;2;1;;1;1;1;1;;999;998
2;4;9;8;8019;;3;2;No inventariada;;14;3;2;1;;1;1;1;1;;999;998
2;3;21;8;8019;;3;2;No inventariada;;14;3;1;999;;1;5;1;1;;999;998
2;4;14;8;8019;;3;2;No inventariada;;14;20;1;999;;1;1;1;1;;999;998
2;4;13;8;8019;;3;2;No inventariada;;14;3;1;999;;1;1;1;1;;999;998
2;4;15;8;8019;;3;2;No inventariada;;14;2;2;1;;1;1;1;1;;999;998
2;4;15;8;8019;;3;2;No inventariada;;14;7;1;999;;1;1;1;1;;999;998
2;6;2;8;8284;;3;2;No inventariada;;14;19;1;999;;1;6;1;;;1;998
2;5;9;8;8231;;3;2;No inventariada;;14;2;1;999;;1;1;1;;;17;998
2;2;19;8;0;;2;2;C-153;5,5;14;4;1;999;;1;4;1;;;999;4
2;3;8;8;8252;;1;1;B-30;10,5;2;4;1;999;;1;1;1;;;999;4
2;3;9;8;8260;;1;1;B-140;7,4;6;7;2;2;;1;1;1;;;999;4
2;3;9;8;8904;;1;1;C-58;9,5;2;3;1;999;;1;1;1;;;999;4
2;4;5;8;8194;;1;1;B-10;3;3;9;1;999;;1;4;1;;;999;4
2;4;6;8;8072;;1;1;A-2;595,5;3;6;2;2;;1;5;1;;;999;4
2;4;10;8;8140;;3;2;No inventariada;;14;7;1;999;;1;1;1;;;999;998
2;4;12;8;0;;1;1;C-153;14;6;19;1;999;;1;1;1;;;999;4
2;4;13;8;0;;1;1;BV-1001;12,8;6;19;1;999;;1;1;1;;;999;4
2;4;13;8;8124;;1;1;C-17;12;3;4;2;2;;1;1;1;;;999;4
2;4;17;8;8123;;1;1;B-23;10,8;2;3;1;999;;1;1;1;;;999;4
2;4;20;8;8136;;1;1;BV-5001;19;6;19;1;999;;1;6;1;;;999;4
2;4;13;8;8073;;3;2;No inventariada;;14;9;1;999;;1;1;1;;;17;998
2;4;22;8;8124;;3;2;No inventariada;;14;9;1;999;;1;5;1;;;17;998
2;4;11;8;8282;;1;1;B-500;3;6;3;2;;;1;1;1;;;17;4
2;4;16;8;8102;;3;2;No inventariada;;14;18;2;4;;1;1;1;;;17;998
2;3;18;8;8121;;3;2;No inventariada;;14;2;2;1;;1;1;1;;;17;998
2;1;17;8;8089;;3;2;No inventariada;;14;3;2;1;;1;1;1;;;17;998
2;2;15;8;8089;;3;2;No inventariada;;14;6;1;999;;1;1;1;;;17;998
2;5;12;8;8089;;3;2;No inventariada;;14;3;1;999;;1;1;1;;;17;998
2;2;19;8;8089;;2;2;C-245;5,6;14;7;1;999;;1;4;1;;;17;4
1;5;8;8;8106;;3;2;No inventariada;;14;2;1;999;;1;1;1;;;17;998
2;2;23;8;8089;;3;2;No inventariada;;14;7;1;999;;1;4;1;;;17;998
2;3;18;8;8089;;3;2;No inventariada;;14;7;2;1;;1;1;1;;;17;998
1;4;14;8;8238;;1;1;C-1413a;19,3;14;9;2;2;;1;1;1;;;17;4
1;2;17;8;8112;;3;2;No inventariada;;14;7;1;999;;1;4;1;;;17;998
2;3;8;8;8904;;1;1;C-58;9,7;2;4;1;999;;1;1;1;;;999;4
2;4;15;8;8019;;1;1;C-58;0,8;2;9;2;2;;1;1;1;;;999;4
2;5;6;8;0;;1;1;C-25;195,5;3;4;1;999;;1;6;1;;;999;4
2;5;13;8;8211;;1;1;A-2;605,5;3;3;1;999;;1;1;1;;;999;4
2;5;19;8;8307;;1;1;C-31;150,9;6;4;1;999;;1;6;1;;;999;4
2;4;19;8;8121;;3;2;No inventariada;;14;2;2;4;;1;1;1;;;17;998
2;5;21;8;8298;;3;2;No inventariada;;14;9;1;999;;3;4;3;;;17;998
2;1;11;8;8015;;3;2;No inventariada;;14;7;1;999;;1;1;1;;;17;998
2;4;18;8;8112;;2;2;B-522;7,9;14;4;2;4;;1;1;1;;;17;4
2;4;8;8;0;;2;2;BV-5128;21,8;6;19;2;2;;1;1;1;;;17;4
2;5;10;8;0;;1;1;N-152;47;6;3;1;999;;1;1;1;;;999;4
2;6;6;8;0;;1;1;AP-7;162;2;20;2;;;1;6;1;;;999;4
2;6;6;8;8161;;1;1;B-224;11,3;6;19;1;999;;3;6;1;;;999;4
2;6;7;8;0;;1;1;N-2a;574,7;6;19;2;1;;3;6;1;;;999;4
2;6;9;8;0;;1;1;BP-5002;6,5;6;9;1;999;;1;1;1;;;999;4
2;6;9;8;0;;1;1;C-25;151,5;3;19;1;999;;3;1;1;;;999;4
2;6;11;8;8270;;1;1;C-31;164,8;6;9;2;4;;1;1;1;;;999;4
2;6;10;8;8210;;1;1;C-59;22;6;4;2;2;;1;1;1;;;999;4
2;6;11;8;0;;1;1;C-153;13,3;6;19;1;999;;1;1;1;;;999;4
2;6;13;8;8307;;1;1;C-31;149,9;6;4;1;999;;1;1;1;;;999;4
2;6;13;8;8051;;1;1;B-124;8,5;6;9;1;999;;1;1;1;;;999;4
2;6;18;8;8041;;4;2;C-352;25,7;3;3;2;4;;1;2;1;;;999;4
2;6;23;8;0;;1;1;BP-5107;44,6;6;1;1;999;;1;6;1;;;999;4
2;7;0;8;8001;;1;1;C-55;0;6;6;2;;;1;4;1;;;999;4
2;7;0;8;8033;;1;1;BV-1243;4,5;6;1;1;999;;1;6;1;;;999;4
2;7;2;8;8138;;1;1;C-59;36,5;6;19;1;999;;1;6;1;;;999;4
2;7;3;8;8101;;1;1;B-10;19;3;6;2;;;1;4;1;;;999;4
2;6;18;8;8298;;3;2;No inventariada;;14;2;2;4;;1;1;1;;;17;998
2;6;16;8;8191;;3;2;No inventariada;;14;2;2;1;;1;1;1;;;17;998
1;4;16;8;8279;;3;2;No inventariada;;14;2;1;999;;1;1;1;;;17;998
1;4;17;8;8279;;3;2;No inventariada;;14;2;2;1;;1;2;1;;;17;998
1;5;12;8;8279;;3;2;No inventariada;;14;2;2;1;;1;1;1;;;17;998
2;3;22;8;8112;;3;2;No inventariada;;14;1;1;999;;1;4;1;;;17;998
1;5;7;8;8238;;3;2;No inventariada;;14;2;2;2;;1;2;1;;;17;998
1;5;19;8;8019;;3;2;No inventariada;;14;2;2;2;;1;5;1;1;;999;998
1;2;12;8;8019;;3;2;No inventariada;;14;7;1;999;;1;1;1;1;;999;998
1;3;17;8;8019;;3;2;No inventariada;;14;2;2;1;;3;5;3;1;;999;998