MES;DIA_SEMANA;HORA;COD_PROVINCIA;COD_MUNICIPIO;ISLA;ZONA;ZONA_AGRUPADA;CARRETERA;KM;TIPO_VIA;TIPO_ACCIDENTE;NUDO;NUDO_INFO;CARRETERA_CRUCE;CONDICION_FIRME;CONDICION_ILUMINACION;CONDICION_METEO;CONDICION_NIEBLA;CONDICION_VIENTO;VISIB_RESTRINGIDA_POR;TRAZADO_PLANTA
1;3;21;8;8019;;3;2;No inventariada;;14;3;1;999;;1;5;1;1;;999;998
1;4;12;8;8019;;3;2;No inventariada;;14;3;1;999;;1;1;1;1;;1;998
1;5;10;8;8019;;3;2;No inventariada;;14;9;1;999;;1;1;1;1;;999;998
1;3;5;8;8019;;3;2;No inventariada;;14;9;2;1;;3;5;1;1;;999;998
1;4;18;8;8019;;3;2;No inventariada;;14;2;2;2;;1;5;1;1;;999;998
1;5;7;8;8019;;3;2;No inventariada;;14;20;1;999;;3;5;3;1;;999;998
1;5;16;8;8019;;3;2;No inventariada;;14;3;2;1;;3;1;3;1;;999;998
1;6;10;8;8019;;3;2;No inventariada;;14;2;2;2;;1;5;1;1;;999;998
1;7;18;8;8019;;3;2;No inventariada;;14;20;2;2;;1;1;1;1;;999;998
1;1;9;8;8019;;3;2;No inventariada;;14;2;2;1;;1;1;1;1;;9;998
1;1;12;8;8019;;1;1;B-10;8,5;14;20;1;999;;1;5;1;1;;999;4
1;3;23;8;8019;;3;2;No inventariada;;14;3;1;999;;1;5;1;1;;999;998
1;4;7;8;8019;;1;1;B-10;1;14;3;1;999;;1;1;1;1;;999;4
1;4;8;8;8019;;3;2;No inventariada;;14;3;2;2;;3;1;1;1;;999;998
1;4;9;8;8019;;3;2;No inventariada;;14;3;1;999;;1;1;1;1;;999;998
1;5;10;8;8019;;3;2;No inventariada;;14;20;1;999;;1;1;1;1;;999;998
1;4;13;8;8019;;3;2;No inventariada;;14;3;2;1;;1;1;1;1;;999;998
1;5;16;8;8019;;3;2;No inventariada;;14;20;1;999;;1;1;1;1;;999;998
1;5;17;8;8019;;3;2;No inventariada;;14;3;2;4;;1;1;1;1;;999;998
1;5;17;8;8019;;3;2;No inventariada;;14;20;1;999;;1;1;1;1;;999;998
1;6;12;8;8019;;3;2;No inventariada;;14;1;2;1;;1;1;1;1;;999;998
1;6;13;8;8019;;1;1;B-10;12,5;3;20;1;999;;1;1;1;1;;999;4
1;6;15;8;8019;;3;2;No inventariada;;14;20;1;999;;1;1;1;1;;999;998
1;7;22;8;8019;;3;2;No inventariada;;14;7;1;999;;1;5;1;1;;999;998
1;2;23;8;8019;;3;2;No inventariada;;14;9;2;1;;1;5;1;1;;999;998
1;3;16;8;8019;;3;2;No inventariada;;14;20;2;2;;1;1;1;1;;999;998
1;3;16;8;8019;;1;1;B-10;7,7;14;3;1;999;;1;1;1;1;;999;4
2;4;11;8;8019;;3;2;No inventariada;;14;3;2;1;;1;1;1;1;;999;998
2;5;7;8;8019;;1;1;B-20;9,2;14;20;1;999;;1;2;1;1;;999;4
2;5;14;8;8019;;3;2;No inventariada;;14;2;2;1;;1;1;1;1;;999;998
2;6;5;8;8019;;3;2;No inventariada;;14;2;2;1;;1;5;1;1;;999;998
2;5;21;8;8019;;3;2;No inventariada;;14;20;2;1;;1;5;1;1;;999;998
2;6;11;8;8019;;3;2;No inventariada;;14;2;1;999;;1;1;1;1;;999;998
2;6;18;8;8019;;3;2;No inventariada;;14;2;2;1;;1;5;1;1;;999;998
2;7;12;8;8019;;3;2;No inventariada;;14;20;2;2;;1;1;1;1;;999;998
2;1;6;8;8019;;1;1;B-10;7,5;14;3;1;999;;1;5;1;1;;999;4
2;2;7;8;8019;;1;1;B-20;8;14;20;1;999;;1;1;1;1;;999;4
2;2;10;8;8019;;1;1;B-20;16;14;20;1;999;;1;1;1;1;;999;4
2;2;8;8;8019;;3;2;No inventariada;;14;9;2;1;;1;1;1;1;;999;998
2;2;19;8;8019;;3;2;No inventariada;;14;3;2;1;;1;5;1;1;;999;998
2;3;7;8;8019;;3;2;No inventariada;;14;20;1;999;;1;1;1;1;;999;998
2;3;9;8;8019;;3;2;No inventariada;;14;6;2;2;;1;1;1;1;;999;998
2;3;13;8;8019;;3;2;No inventariada;;14;1;2;2;;1;1;1;1;;999;998
2;3;13;8;8019;;3;2;No inventariada;;14;20;1;999;;1;1;1;1;;999;998
2;3;20;8;8019;;3;2;No inventariada;;14;9;1;999;;1;5;1;1;;999;998
2;3;15;8;8019;;3;2;No inventariada;;14;2;2;1;;1;1;1;1;;999;998
2;4;10;8;8019;;3;2;No inventariada;;14;2;2;1;;1;1;1;1;;999;998
2;3;15;8;8019;;3;2;No inventariada;;14;6;1;999;;1;1;1;1;;999;998
2;4;10;8;8019;;3;2;No inventariada;;14;20;1;999;;1;1;1;1;;999;998
2;4;20;8;8019;;3;2;No inventariada;;14;7;1;999;;1;5;1;1;;999;998
2;4;17;8;8019;;3;2;No inventariada;;14;3;2;1;;1;1;1;1;;999;998
2;5;11;8;8019;;3;2;No inventariada;;14;2;2;1;;3;1;3;1;;999;998
2;5;8;8;8019;;3;2;No inventariada;;14;9;1;999;;3;1;3;1;;999;998
2;5;15;8;8019;;1;1;B-10;17;3;4;1;999;;1;1;1;1;;1;4
2;6;23;8;8019;;3;2;No inventariada;;14;7;1;999;;1;5;1;1;;999;998
2;7;14;8;8019;;3;2;No inventariada;;14;2;2;2;;1;1;1;1;;999;998
2;1;7;8;8019;;1;1;B-20;12;14;20;1;999;;1;5;1;1;;999;4
2;1;10;8;8019;;3;2;No inventariada;;14;6;1;999;;1;1;1;1;;999;998
2;1;12;8;8019;;3;2;No inventariada;;14;7;2;1;;1;1;1;1;;999;998
2;1;15;8;8019;;3;2;No inventariada;;14;20;2;1;;1;1;1;1;;999;998
2;2;9;8;8019;;3;2;No inventariada;;14;2;2;1;;1;1;1;1;;999;998
2;2;12;8;8019;;3;2;No inventariada;;14;8;2;1;;1;1;1;1;;999;998
2;2;12;8;8019;;3;2;No inventariada;;14;2;2;1;;1;1;1;1;;999;998
2;2;14;8;8019;;3;2;No inventariada;;14;2;2;2;;1;1;1;1;;999;998
2;2;17;8;8019;;3;2;No inventariada;;14;9;2;1;;1;1;1;1;;999;998
2;2;18;8;8019;;3;2;No inventariada;;14;7;1;999;;1;5;1;1;;1;998
2;2;17;8;8019;;3;2;No inventariada;;14;2;2;1;;1;1;1;1;;999;998
2;2;18;8;8019;;3;2;No inventariada;;14;7;1;999;;1;5;1;1;;999;998
2;2;21;8;8019;;3;2;No inventariada;;14;7;1;999;;1;5;1;1;;999;998
2;3;6;8;8019;;1;1;B-10;6,7;14;3;1;999;;1;5;1;1;;999;4
2;3;9;8;8019;;3;2;No inventariada;;14;20;1;999;;1;1;1;1;;999;998
2;3;9;8;8019;;3;2;No inventariada;;14;1;2;1;;1;1;1;1;;999;998
2;3;10;8;8019;;3;2;No inventariada;;14;7;2;1;;1;1;1;1;;999;998
2;3;11;8;8019;;3;2;No inventariada;;14;7;2;2;;1;1;1;1;;999;998
2;3;11;8;8019;;3;2;No inventariada;;14;7;1;999;;1;1;1;1;;999;998
2;3;16;8;8019;;3;2;No inventariada;;14;7;1;999;;1;1;1;1;;999;998
2;3;17;8;8019;;3;2;No inventariada;;14;7;1;999;;1;1;1;1;;999;998
2;3;16;8;8019;;3;2;No inventariada;;14;2;1;999;;1;1;1;1;;999;998
2;4;7;8;8019;;3;2;No inventariada;;14;20;2;1;;1;1;1;1;;999;998
2;4;10;8;8019;;3;2;No inventariada;;14;9;2;1;;8;1;1;1;;999;998
2;4;12;8;8019;;3;2;No inventariada;;14;3;1;999;;1;1;1;1;;999;998
2;3;19;8;8019;;3;2;No inventariada;;14;20;1;999;;1;5;1;1;;999;998
2;4;15;8;8019;;3;2;No inventariada;;14;3;2;1;;1;1;1;1;;999;998
2;4;19;8;8019;;3;2;No inventariada;;14;3;1;999;;1;5;1;1;;999;998
2;4;23;8;8019;;3;2;No inventariada;;14;3;2;1;;1;5;1;1;;999;998
2;4;19;8;8019;;3;2;No inventariada;;14;2;2;2;;1;5;1;1;;999;998
2;4;15;8;8019;;3;2;No inventariada;;14;7;1;999;;1;1;1;1;;999;998
2;5;7;8;8019;;3;2;No inventariada;;14;3;1;999;;1;1;1;1;;999;998
2;4;21;8;8019;;3;2;No inventariada;;14;20;2;1;;1;5;1;1;;999;998
2;5;6;8;8019;;3;2;No inventariada;;14;20;1;999;;1;1;1;1;;999;998
2;5;10;8;8019;;3;2;No inventariada;;14;20;1;999;;1;1;1;1;;999;998
2;5;16;8;8019;;3;2;No inventariada;;14;20;1;999;;1;1;1;1;;999;998
2;5;20;8;8019;;3;2;No inventariada;;14;20;2;1;;1;5;1;1;;999;998
2;5;19;8;8019;;1;1;C-17;0;3;20;1;999;;1;5;1;1;;999;4
2;5;19;8;8019;;3;2;No inventariada;;14;20;2;2;;1;5;1;1;;999;998
2;5;13;8;8019;;3;2;No inventariada;;14;3;2;1;;1;1;1;1;;999;998
2;5;18;8;8019;;3;2;No inventariada;;14;3;1;999;;1;2;1;1;;999;998
2;6;9;8;8019;;3;2;No inventariada;;14;3;1;999;;1;1;1;1;;999;998
2;6;13;8;8019;;3;2;No inventariada;;14;20;1;999;;1;5;1;1;;999;998
2;6;17;8;8019;;3;2;No inventariada;;14;20;1;999;;1;1;1;1;;999;998
2;6;14;8;8019;;3;2;No inventariada;;14;3;1;999;;1;1;1;1;;999;998
2;6;13;8;8019;;1;1;B-10;0,8;14;20;1;999;;1;1;1;1;;999;4
2;7;1;8;8019;;3;2;No inventariada;;14;3;2;1;;1;5;1;1;;999;998
2;7;6;8;8019;;1;1;B-20;7,5;14;18;1;999;;1;5;1;1;;999;4
2;7;11;8;8019;;3;2;No inventariada;;14;3;2;1;;1;1;1;1;;999;998
2;7;18;8;8019;;3;2;No inventariada;;14;20;1;999;;1;1;1;1;;999;998
1;6;19;8;8054;;3;2;No inventariada;;14;19;2;1;;1;4;1;;;1;998
2;1;17;8;8089;;3;2;No inventariada;;14;2;1;999;;1;1;1;;;17;998
2;2;16;8;8194;;3;2;No inventariada;;14;4;1;999;;1;1;1;;;1;998
2;3;18;8;8279;;2;2;BP-1503;22,1;14;20;1;999;;1;1;1;;;17;4
2;4;9;8;8121;;3;2;No inventariada;;14;7;1;999;;1;1;1;;;1;998
2;4;9;8;8040;;3;2;No inventariada;;14;7;1;999;;1;1;1;;;17;998
2;2;13;8;8187;;3;2;No inventariada;;14;20;1;999;;1;1;1;;;17;998
2;1;23;8;8187;;3;2;No inventariada;;14;9;1;999;;1;1;1;;;17;998
2;7;8;8;8086;;2;2;No inventariada;;14;6;1;999;;3;1;1;;;1;1
2;7;20;8;8009;;2;2;C-1415c;3,6;14;20;1;999;;1;1;1;;;17;4
2;7;4;8;8260;;1;1;AP-7;141;6;4;1;999;;1;6;1;;;999;4
2;2;4;8;0;;1;1;C-62;10,3;6;4;1;999;;1;6;1;;;999;4
2;6;13;8;0;;3;2;No inventariada;;14;20;2;1;;1;1;1;;;999;998
2;7;5;8;8200;;1;1;C-32;54,5;2;6;1;999;;1;6;1;;;999;4
2;7;9;8;8181;;1;1;C-60;8,2;2;8;1;999;;1;1;1;;;999;4
2;7;12;8;8033;;1;1;BV-1243;8;6;9;1;999;;8;1;1;;;999;4
2;7;13;8;0;;1;1;C-55;19,5;6;4;1;999;;1;1;1;;;999;4
2;7;13;8;0;;1;1;BV-2115;9;6;9;1;999;;1;1;1;;;999;4
2;7;19;8;8136;;1;1;AP-7;134;2;4;1;999;;1;4;1;;;999;4
2;3;8;8;8073;;3;2;No inventariada;;14;1;2;4;;1;1;1;;;17;998
2;6;0;8;8102;;3;2;No inventariada;;14;2;2;1;;1;4;1;;;17;998
1;4;17;8;8015;;3;2;No inventariada;;14;7;1;999;;1;1;1;;;17;998
1;5;14;8;8015;;3;2;No inventariada;;14;20;1;999;;1;1;1;;;17;998
2;6;9;8;8121;;3;2;No inventariada;;14;4;1;999;;1;1;1;;;17;998
2;1;2;8;8169;;3;2;No inventariada;;14;2;2;4;;1;4;1;;;17;998
2;5;21;8;8101;;3;2;No inventariada;;14;6;1;999;;3;4;3;;;17;998
2;4;16;8;8124;;3;2;No inventariada;;14;2;2;4;;1;1;1;;;17;998
2;4;13;8;8124;;3;2;No inventariada;;14;9;1;999;;1;1;1;;;17;998
1;3;21;8;8101;;3;2;No inventariada;;14;9;1;999;;1;1;1;;;1;998
2;7;9;8;8101;;3;2;No inventariada;;14;7;1;999;;1;1;1;;;17;998
2;4;20;8;8101;;3;2;No inventariada;;14;2;1;999;;1;4;1;;;1;998
2;7;11;8;8101;;3;2;No inventariada;;14;9;1;999;;1;1;1;;;17;998
2;2;14;8;8101;;3;2;No inventariada;;14;2;1;999;;1;1;1;;;17;998
2;6;0;8;8200;;3;2;No inventariada;;14;9;2;2;;3;5;3;;;17;998
2;6;13;8;8019;;3;2;No inventariada;;14;9;1;999;;1;1;1;1;;1;998
2;1;13;8;8019;;3;2;No inventariada;;14;9;2;2;;1;1;1;1;;999;998
2;7;16;8;8279;;3;2;No inventariada;;14;20;1;999;;1;1;1;;;17;998
2;4;19;8;8040;;3;2;No inventariada;72;14;7;1;999;;1;1;1;;;17;998
2;4;13;8;8169;;3;2;No inventariada;;14;2;2;1;;1;1;1;;;1;998
2;7;5;8;8279;;2;2;C-1415a;16,9;14;20;1;999;;1;1;1;;;17;4
2;1;13;8;8073;;3;2;No inventariada;;14;4;1;999;;1;1;1;;;17;998
2;4;10;8;8119;;1;1;B-224;13,8;6;2;2;2;;1;1;1;;;999;4
2;5;22;8;8040;;1;1;C-32;115,1;2;4;1;999;;1;5;1;;;999;4
2;2;21;8;8044;;1;1;BV-2135;0,4;6;3;1;999;;1;6;1;;;999;4
2;2;21;8;8238;;1;1;C-58;13,8;2;4;2;;;1;6;1;;;999;4
2;5;8;8;8252;;1;1;B-30;9,5;2;4;1;999;;1;1;1;;;999;4
2;5;12;8;8040;;1;1;C-32;113,8;2;4;2;4;;1;1;1;;;17;4
2;5;14;8;8260;;1;1;C-59;1,5;3;9;1;999;;1;1;1;;;999;4
2;1;6;8;8001;;1;1;A-2;584;3;4;2;2;;1;2;1;;;999;4
2;1;7;8;8169;;1;1;C-31;195,1;3;3;1;999;;1;1;1;;;999;4
2;1;8;8;8003;;1;1;C-32;85,2;2;4;1;999;;1;1;1;;;999;4
2;1;8;8;8251;;1;1;AP-7;200;2;4;1;999;;1;1;1;;;999;4
2;7;17;8;8191;;1;1;C-25;142,6;3;6;1;999;;1;1;1;;;17;1
2;1;9;8;8213;;1;1;N-141c;6,3;6;4;1;999;;1;1;1;;;999;4
2;1;11;8;8307;;1;1;C-246a;46,7;6;19;1;999;;1;1;1;;;999;4
2;1;6;8;0;;1;1;C-17;54,4;3;19;2;;;1;6;1;;;5;2
2;1;14;8;8123;;1;1;B-23;10;2;4;1;999;;1;1;1;;;999;4
1;7;10;8;8067;;3;2;No inventariada;;14;7;1;999;;1;1;1;;;6;998
2;1;19;8;8205;;1;1;C-16;13,4;2;19;1;999;;1;5;1;;;999;4
2;2;0;8;8279;;2;2;C-1415a;18,5;6;19;1;999;;1;6;1;;;999;4
1;6;10;8;8279;;3;2;No inventariada;;14;9;2;1;;1;1;1;;;17;998
1;7;23;8;8279;;3;2;No inventariada;;14;2;2;1;;1;4;1;;;17;998
1;6;21;8;8279;;3;2;No inventariada;;14;2;2;1;;1;4;1;;;17;998
2;4;9;8;8217;;3;2;No inventariada;;14;2;1;999;;1;1;1;;;17;998
1;1;8;8;8279;;1;1;N-150;19;14;2;2;2;;1;2;1;;;17;4
2;6;12;8;8015;;2;2;B-500;0,9;14;2;2;4;;1;1;1;;;17;4
1;3;14;8;8279;;3;2;No inventariada;;14;7;2;1;;3;1;3;;;17;998
2;5;20;8;8180;;3;2;No inventariada;;14;7;1;999;;1;4;1;;;17;998
1;4;9;8;8279;;3;2;No inventariada;;14;9;2;1;;1;1;1;;;17;998
1;4;13;8;8015;;3;2;No inventariada;;14;4;1;999;;1;1;1;;;17;998
2;2;21;8;8180;;3;2;No inventariada;;14;2;1;999;;1;4;1;;;17;998
1;4;15;8;8279;;3;2;No inventariada;;14;7;2;1;;1;1;1;;;17;998
1;4;8;8;8279;;2;2;B-122;0,6;14;7;1;999;;1;1;1;;;17;4
1;5;14;8;8279;;3;2;No inventariada;;14;2;2;1;;3;1;3;;;17;998
2;5;16;8;8245;;3;2;No inventariada;;14;20;1;999;;1;1;1;;;17;998
1;5;14;8;8279;;3;2;No inventariada;;14;9;2;1;;3;1;3;;;17;998
2;1;6;8;8015;;3;2;No inventariada;;14;2;2;1;;1;4;1;;;17;998
1;5;20;8;8279;;3;2;No inventariada;;14;4;1;999;;3;4;3;;;17;998
1;1;8;8;8263;;3;2;No inventariada;;14;9;1;999;;1;1;1;;;17;998
1;5;21;8;8279;;3;2;No inventariada;;14;2;2;1;;3;4;3;;;17;998
2;6;11;8;8245;;3;2;No inventariada;;14;3;1;999;;1;1;1;;;17;998
1;6;9;8;8279;;1;1;N-150;20;14;9;2;4;;3;1;1;;;17;4
1;6;10;8;8279;;3;2;No inventariada;;14;4;2;4;;1;1;1;;;17;998
1;7;23;8;8015;;3;2;No inventariada;;14;9;2;2;;1;4;1;;;17;998
2;4;19;8;8101;;3;2;No inventariada;;14;2;2;1;;1;4;1;;;17;998
2;3;15;8;8101;;3;2;No inventariada;;14;2;1;999;;1;1;1;;;1;998
1;6;17;8;8101;;3;2;No inventariada;;14;9;1;999;;1;1;1;;;17;998
1;6;15;8;8101;;3;2;No inventariada;;14;9;2;4;;1;1;1;;;17;998
1;1;21;8;8101;;3;2;No inventariada;;14;9;1;999;;1;4;1;;;17;998
1;3;13;8;8101;;3;2;No inventariada;;14;9;1;999;;1;1;1;;;17;998
1;3;18;8;8101;;3;2;No inventariada;;14;4;1;999;;1;2;1;;;17;998
1;4;7;8;8101;;3;2;No inventariada;;14;4;1;999;;1;2;1;;;17;998
1;4;13;8;8101;;3;2;No inventariada;;14;4;1;999;;1;1;1;;;17;998
1;5;10;8;8101;;3;2;No inventariada;;14;3;1;999;;1;1;1;;;17;998
1;5;11;8;8101;;3;2;No inventariada;;14;9;1;999;;1;1;1;;;17;998
1;6;12;8;8101;;3;2;No inventariada;;14;4;1;999;;1;1;1;;;17;998
1;6;13;8;8101;;3;2;No inventariada;;14;2;1;999;;1;1;1;;;17;998
1;1;11;8;8101;;3;2;No inventariada;;14;4;1;999;;1;1;1;;;17;998
1;2;12;8;8101;;3;2;No inventariada;;14;2;1;999;;1;1;1;;;17;998
1;3;8;8;8101;;3;2;No inventariada;;14;2;1;999;;1;1;1;;;17;998
1;3;15;8;8101;;3;2;No inventariada;;14;2;1;999;;1;1;1;;;17;998
1;2;19;8;8019;;3;2;No inventariada;;14;3;1;999;;1;5;1;1;;999;998
1;6;21;8;8019;;3;2;No inventariada;;14;20;2;1;;1;5;1;1;;999;998
1;3;11;8;8019;;3;2;No inventariada;;14;2;2;1;;1;1;1;1;;999;998
1;4;13;8;8019;;3;2;No inventariada;;14;3;1;999;;1;1;1;1;;999;998
1;2;19;8;8019;;3;2;No inventariada;;14;2;2;4;;1;5;1;1;;999;998
2;2;8;8;8019;;3;2;No inventariada;;14;2;2;1;;1;1;1;1;;999;998
2;2;20;8;8019;;3;2;No inventariada;;14;20;1;999;;1;5;1;1;;999;998
2;4;19;8;8019;;3;2;No inventariada;;14;2;2;1;;1;5;1;1;;999;998
2;3;17;8;8019;;3;2;No inventariada;;14;1;2;1;;1;1;1;1;;999;998
2;5;14;8;8019;;3;2;No inventariada;;14;20;1;999;;1;1;1;1;;999;998
2;6;22;8;8019;;3;2;No inventariada;;14;3;2;1;;1;5;1;1;;999;998
2;7;14;8;8019;;3;2;No inventariada;;14;20;2;1;;1;1;1;1;;999;998
2;4;20;8;8019;;3;2;No inventariada;;14;3;2;1;;1;5;1;1;;999;998
2;3;15;8;8019;;1;1;B-10;13;3;3;1;999;;1;1;1;1;;999;4
2;1;10;8;8019;;3;2;No inventariada;;14;3;2;1;;1;1;1;1;;999;998
2;1;13;8;8019;;3;2;No inventariada;;14;3;2;1;;1;1;1;1;;999;998
2;2;7;8;8019;;3;2;No inventariada;;14;20;1;999;;1;5;1;1;;999;998
2;2;7;8;8019;;3;2;No inventariada;;14;3;2;1;;1;1;1;1;;999;998
2;1;16;8;8019;;3;2;No inventariada;;14;6;2;1;;1;1;1;1;;999;998
2;2;13;8;8019;;3;2;No inventariada;;14;20;1;999;;1;1;1;1;;999;998
1;5;14;8;8101;;3;2;No inventariada;;14;4;1;999;;1;1;1;;;17;998
1;5;14;8;8101;;3;2;No inventariada;;14;9;1;999;;1;1;1;;;17;998
1;5;19;8;8101;;3;2;No inventariada;;14;4;1;999;;1;2;1;;;17;998
2;7;6;8;8108;;2;2;BV-1602;3,9;14;19;1;999;;1;4;1;;;17;4
1;7;18;8;8101;;3;2;No inventariada;;14;7;1;999;;1;2;1;;;17;998
1;5;9;8;8159;;3;2;No inventariada;;14;2;2;2;;3;1;1;;;17;998
1;2;7;8;8101;;3;2;No inventariada;;14;7;1;999;;1;2;1;;;17;998
1;3;7;8;8101;;3;2;No inventariada;;14;4;1;999;;1;1;1;;;17;998
1;4;21;8;8101;;3;2;No inventariada;;14;9;1;999;;1;4;1;;;17;998
1;5;6;8;8101;;3;2;No inventariada;;14;2;1;999;;1;4;1;;;17;998
1;7;10;8;8101;;3;2;No inventariada;;14;2;1;999;;1;1;1;;;17;998
1;7;6;8;8159;;3;2;No inventariada;;14;19;1;999;;1;4;1;;;17;998
1;1;11;8;8101;;3;2;No inventariada;;14;2;1;999;;1;1;1;;;17;998
1;2;12;8;8101;;3;2;No inventariada;;14;2;1;999;;1;1;1;;;17;998
1;2;19;8;8101;;3;2;No inventariada;;14;7;1;999;;1;2;1;;;17;998
1;3;7;8;8101;;3;2;No inventariada;;14;9;1;999;;1;2;1;;;17;998
2;2;23;8;8169;;3;2;No inventariada;;14;9;2;4;;1;4;1;;;17;998
1;3;10;8;8101;;3;2;No inventariada;;14;7;1;999;;1;1;1;;;17;998
2;4;2;8;8187;;3;2;No inventariada;;14;9;1;999;;1;6;1;;;1;998
2;2;18;8;8040;;3;2;No inventariada;16;14;2;1;999;;1;1;1;;;17;998
2;1;19;8;8184;;3;2;No inventariada;;14;20;1;999;;1;1;1;;;17;998
1;3;13;8;8101;;3;2;No inventariada;;14;2;1;999;;1;1;1;;;17;998
2;7;12;8;8089;;1;1;C-32;47,5;2;4;1;999;;1;1;1;;;999;4
2;6;8;8;8054;;1;1;No inventariada;2,5;6;9;2;2;;3;1;1;;;999;4
2;6;12;8;8019;;1;1;C-58;0;2;4;1;999;;1;1;1;;;999;4
2;6;19;8;8125;;1;1;C-58;1,5;2;4;1;999;;1;4;1;;;999;4
2;6;21;8;8121;;1;1;BV-5031;1,1;6;4;2;4;;1;6;1;;;999;4
2;5;23;8;8125;;1;1;N-152a;13;6;2;1;999;;3;6;1;;;999;4
2;6;16;8;8267;;1;1;No inventariada;31,1;6;3;1;999;;1;1;1;;;999;4
2;2;7;8;8073;;1;1;C-32;59,7;3;4;1;999;;1;1;1;;;999;4
2;2;8;8;8157;;1;1;A-2;599;3;4;1;999;;1;1;1;;;999;4
2;2;8;8;8073;;1;1;C-32;59,5;3;4;1;999;;1;1;1;;;999;4
2;2;9;8;8033;;1;1;C-59;10,7;6;4;1;999;;1;1;1;;;999;4
2;2;10;8;8235;;2;2;N-2;664,4;6;2;1;999;;1;1;1;;;17;4
2;2;13;8;8266;;1;1;B-30;5,5;2;4;2;;;1;1;1;;;999;4
2;2;12;8;0;;1;1;No inventariada;0,1;6;19;1;999;;1;1;1;;;999;4
2;2;15;8;8235;;1;1;C-32;119,5;2;19;1;999;;1;1;1;;;999;4
2;2;15;8;8101;;1;1;C-31;197;3;3;1;999;;1;1;1;;;999;4
2;2;22;8;8125;;1;1;C-17;4,6;6;9;2;;;1;4;1;;;999;4
2;2;22;8;8184;;1;1;No inventariada;9,5;6;2;2;2;;1;6;1;;;999;4
2;3;9;8;8096;;3;2;No inventariada;;14;7;1;999;;1;1;1;;;17;998
1;7;12;8;8279;;2;2;B-122;0,6;14;2;2;2;;1;1;1;;;17;4
1;6;14;8;8015;;3;2;No inventariada;;14;2;2;1;;1;1;1;;;17;998
1;2;14;8;8015;;3;2;No inventariada;;14;9;1;999;;1;1;1;;;17;998
1;3;14;8;8015;;3;2;No inventariada;;14;9;2;1;;1;1;1;;;17;998
2;1;10;8;8102;;3;2;No inventariada;;14;7;1;999;;1;1;1;;;17;998
1;7;22;8;8279;;3;2;No inventariada;;14;4;1;999;;1;4;1;;;17;998
1;1;13;8;8279;;3;2;No inventariada;;14;7;1;999;;1;1;1;;;17;998
1;2;14;8;8279;;3;2;No inventariada;;14;4;1;999;;1;1;1;;;17;998
1;2;17;8;8279;;3;2;No inventariada;;14;9;1;999;;8;1;1;;;17;998
2;6;14;8;8003;;1;1;BP-5002;1,6;6;2;2;2;;1;1;1;;;17;4
1;4;20;8;8279;;3;2;No inventariada;;14;4;1;999;;1;4;1;;;17;998
1;2;13;8;8015;;3;2;No inventariada;;14;9;1;999;;1;1;1;;;17;998
1;4;12;8;8279;;1;1;N-150;21;14;4;2;2;;1;1;1;;;17;4
1;4;8;8;8279;;3;2;No inventariada;;14;2;2;1;;1;1;1;;;17;998
1;4;10;8;8279;;3;2;No inventariada;;14;7;1;999;;1;1;1;;;17;998
1;3;13;8;8279;;3;2;No inventariada;;14;9;2;1;;1;1;1;;;17;998
1;6;12;8;8279;;3;2;No inventariada;;14;7;2;1;;1;1;1;;;17;998
1;6;14;8;8279;;3;2;No inventariada;;14;6;2;2;;1;1;1;;;17;998
1;6;19;8;8279;;3;2;No inventariada;;14;2;2;1;;1;4;1;;;17;998
2;4;15;8;8101;;3;2;No inventariada;;14;9;2;1;;1;1;1;;;1;998
2;2;16;8;8101;;3;2;No inventariada;;14;4;1;999;;1;1;1;;;17;998
2;1;10;8;8101;;3;2;No inventariada;;14;7;1;999;;1;1;1;;;17;998
2;5;7;8;8101;;3;2;No inventariada;;14;9;2;1;;3;2;3;;;17;998
2;1;22;8;8101;;3;2;No inventariada;;14;4;2;2;;1;1;1;;;17;998
1;2;13;8;8101;;3;2;No inventariada;;14;7;2;2;;1;1;1;;;17;998
2;3;19;8;8101;;3;2;No inventariada;;14;7;2;1;;1;4;1;;;17;998
2;3;16;8;8101;;3;2;No inventariada;;14;2;2;1;;1;1;1;;;17;998
2;3;15;8;8101;;3;2;No inventariada;;14;9;2;1;;1;1;1;;;17;998
2;3;17;8;8101;;3;2;No inventariada;;14;4;1;999;;1;1;1;;;17;998