MES;DIA_SEMANA;HORA;COD_PROVINCIA;COD_MUNICIPIO;ISLA;ZONA;ZONA_AGRUPADA;CARRETERA;KM;TIPO_VIA;TIPO_ACCIDENTE;NUDO;NUDO_INFO;CARRETERA_CRUCE;CONDICION_FIRME;CONDICION_ILUMINACION;CONDICION_METEO;CONDICION_NIEBLA;CONDICION_VIENTO;VISIB_RESTRINGIDA_POR;TRAZADO_PLANTA
2;5;11;8;8101;;3;2;No inventariada;;14;4;1;999;;1;1;1;;;17;998
2;5;13;8;8101;;3;2;No inventariada;;14;9;1;999;;1;1;1;;;17;998
2;4;15;8;8200;;3;2;No inventariada;;14;2;2;4;;1;1;1;;;17;998
2;5;21;8;8101;;3;2;No inventariada;;14;6;2;1;;1;1;1;;;17;998
2;4;16;8;8101;;3;2;No inventariada;;14;3;1;999;;1;1;1;;;17;998
1;1;13;8;8015;;3;2;No inventariada;;14;19;1;999;;1;1;1;;;17;998
1;3;19;8;8019;;3;2;No inventariada;;14;9;1;999;;1;5;1;1;;999;998
1;3;16;8;8019;;1;1;B-20;9,9;14;20;1;999;;1;5;1;1;;999;4
1;5;9;8;8019;;3;2;No inventariada;;14;7;2;1;;1;1;1;1;;999;998
1;7;21;8;8019;;3;2;No inventariada;;14;2;2;1;;1;5;1;1;;15;998
1;3;21;8;8019;;1;1;B-20;9,2;14;9;1;999;;1;5;1;1;;999;4
1;3;19;8;8019;;3;2;No inventariada;;14;20;2;2;;1;5;1;1;;999;998
2;3;19;8;8019;;3;2;No inventariada;;14;3;1;999;;1;5;1;1;;999;998
2;4;9;8;8019;;3;2;No inventariada;;14;6;1;999;;1;1;1;1;;999;998
2;6;15;8;8019;;3;2;No inventariada;;14;3;1;999;;1;1;1;1;;999;998
2;1;18;8;8019;;3;2;No inventariada;;14;9;1;999;;1;1;1;1;;999;998
2;2;7;8;8019;;3;2;No inventariada;;14;7;2;1;;1;5;1;1;;1;998
2;2;10;8;8019;;3;2;No inventariada;;14;20;1;999;;1;1;1;1;;999;998
2;3;19;8;8019;;3;2;No inventariada;;14;2;2;1;;1;5;1;1;;999;998
2;3;18;8;8019;;1;1;B-10;6,8;14;9;1;999;;1;1;1;1;;999;4
2;3;20;8;8019;;3;2;No inventariada;;14;3;2;4;;1;5;1;1;;999;998
2;4;18;8;8019;;3;2;No inventariada;;14;3;2;2;;1;2;1;1;;999;998
2;1;19;8;8019;;1;1;B-20;10;14;20;1;999;;1;2;1;1;;999;4
2;1;18;8;8019;;2;2;BV-1462;2,7;14;2;1;999;;1;2;1;1;;999;4
2;2;6;8;8019;;1;1;B-20;7;14;20;1;999;;1;5;1;1;;999;4
2;1;9;8;8019;;3;2;No inventariada;;14;20;1;999;;1;1;1;1;;999;998
2;1;12;8;8019;;3;2;No inventariada;;14;7;1;999;;1;1;1;1;;999;998
2;2;8;8;8019;;3;2;No inventariada;;14;3;1;999;;1;1;1;1;;999;998
2;2;20;8;8019;;3;2;No inventariada;;14;20;1;999;;1;5;1;1;;999;998
2;2;18;8;8019;;3;2;No inventariada;;14;20;2;1;;1;5;1;1;;999;998
2;2;23;8;8019;;3;2;No inventariada;;14;7;1;999;;1;5;1;1;;999;998
2;2;22;8;8019;;3;2;No inventariada;;14;3;2;1;;1;5;1;1;;999;998
2;3;9;8;8019;;3;2;No inventariada;;14;2;1;999;;1;1;1;1;;999;998
2;3;12;8;8019;;3;2;No inventariada;;14;3;1;999;;1;1;1;1;;999;998
2;3;13;8;8019;;3;2;No inventariada;;14;9;1;999;;1;1;1;1;;999;998
2;3;18;8;8019;;3;2;No inventariada;;14;7;1;999;;1;2;1;1;;999;998
2;3;15;8;8019;;1;1;C-31;206,6;2;20;1;999;;1;1;1;1;;999;4
2;3;21;8;8019;;3;2;No inventariada;;14;2;2;1;;1;5;1;1;;999;998
1;6;18;8;8113;;3;2;No inventariada;;14;7;2;1;;4;4;1;;;1;998
2;5;8;8;8211;;3;2;No inventariada;;14;20;1;999;;1;2;1;;;17;998
2;7;22;8;8101;;3;2;No inventariada;;14;2;2;4;;1;4;1;;;17;998
2;7;22;8;8305;;1;1;AP-7;193;2;4;1;999;;1;6;1;;;999;4
2;1;9;8;8101;;1;1;C-31;195,5;3;4;2;;;1;1;1;;;999;4
2;6;21;8;8214;;1;1;C-32;91,9;2;6;2;;;1;4;1;;;999;4
2;3;7;8;8172;;1;1;N-2;636,9;6;4;2;1;;1;6;1;;;999;4
2;7;3;8;8252;;1;1;AP-7;146;2;19;2;4;;1;5;1;;;999;4
2;7;18;8;8019;;1;1;C-58;0;2;4;1;999;;1;2;1;;;999;4
2;1;8;8;8281;;1;1;C-32;88,7;2;4;1;999;;1;1;1;;;999;4
2;2;1;8;8198;;1;1;BP-5107;47,2;6;19;1;999;;1;6;1;;;999;4
2;2;12;8;0;;1;1;C-58;37,7;6;4;1;999;;1;1;1;;;999;4
2;3;6;8;0;;2;2;BV-2412;0,8;6;19;1;999;;1;5;1;;;999;4
2;3;6;8;8019;;1;1;C-58;0,1;2;19;2;2;;1;6;1;;;999;4
2;3;8;8;8301;;1;1;C-32;51;2;3;1;999;;1;1;1;;;999;4
2;3;10;8;8102;;1;1;C-37;67,3;6;9;1;999;;1;1;1;;;999;4
2;3;11;8;8219;;2;2;N-2;641,5;6;2;2;4;;1;1;1;;;999;4
2;3;12;8;8101;;1;1;B-10;20;3;9;1;999;B-10;1;1;1;;;999;4
2;3;13;8;8301;;1;1;C-32;51;2;4;1;999;;1;1;1;;;999;4
2;3;19;8;8009;;1;1;C-60;1;2;4;1;999;;1;5;1;;;999;4
2;3;20;8;8161;;1;1;B-224;12,1;6;19;1;999;;1;2;1;;;999;4
2;3;20;8;0;;1;1;C-15;35;6;4;1;999;;1;4;1;;;999;4
1;1;17;8;8015;;3;2;No inventariada;;14;2;1;999;;1;1;1;;;17;998
1;1;21;8;8279;;3;2;No inventariada;;14;2;1;999;;1;4;1;;;17;998
1;6;18;8;8279;;2;2;B-122;0,6;14;9;2;2;;1;2;1;;;17;4
1;2;6;8;8279;;2;2;BP-1503;22,1;14;2;1;999;;1;4;1;;;17;4
2;2;14;8;8252;;3;2;No inventariada;;14;2;1;999;;1;1;1;;;17;998
2;3;21;8;8022;;3;2;No inventariada;;14;6;1;999;;1;4;1;;;17;998
1;3;13;8;8019;;3;2;No inventariada;;14;7;1;999;;1;1;1;1;;999;998
2;3;17;8;8019;;3;2;No inventariada;;14;7;2;1;;1;1;1;1;;1;998
2;4;8;8;8019;;3;2;No inventariada;;14;3;1;999;;1;1;1;1;;999;998
2;4;20;8;8019;;3;2;No inventariada;;14;20;1;999;;1;1;1;1;;999;998
2;5;0;8;8019;;3;2;No inventariada;;14;9;1;999;;1;5;1;1;;999;998
2;7;7;8;8019;;1;1;B-20;14;14;6;1;999;;1;5;1;1;;999;4
2;2;8;8;8019;;3;2;No inventariada;;14;3;1;999;;1;1;1;1;;999;998
2;2;12;8;8019;;3;2;No inventariada;;14;7;2;1;;1;1;1;1;;999;998
2;3;10;8;8019;;3;2;No inventariada;;14;20;1;999;;1;1;1;1;;999;998
2;3;12;8;8019;;3;2;No inventariada;;14;3;1;999;;1;1;1;1;;999;998
2;4;17;8;8019;;3;2;No inventariada;;14;3;1;999;;1;1;1;1;;999;998
2;4;12;8;8019;;3;2;No inventariada;;14;20;1;999;;1;1;1;1;;999;998
2;4;8;8;8019;;3;2;No inventariada;;14;20;1;999;;1;1;1;1;;999;998
1;1;20;8;8307;;3;2;No inventariada;;14;20;1;999;;1;1;1;;;17;998
2;2;8;8;8307;;3;2;No inventariada;;14;20;1;999;;1;1;1;;;1;998
2;4;18;8;8121;;3;2;No inventariada;;14;9;2;4;;1;4;1;;;1;998
2;2;11;8;8041;;2;2;BV-1439;1,3;14;7;1;999;;1;1;1;;;17;4
2;3;6;8;0;;3;2;No inventariada;;14;7;1;999;;1;2;1;;;999;998
1;3;17;8;0;;1;1;C-16;39;2;19;1;999;;1;1;1;;;4;2
2;4;7;8;8301;;1;1;C-32;51,5;2;4;1;999;;1;1;1;;;999;4
2;1;11;8;0;;1;1;No inventariada;14,8;6;9;1;999;;3;1;1;;;999;4
2;2;18;8;8252;;1;1;AP-7;146,5;2;4;1;999;;1;1;1;;;17;4
2;3;14;8;8120;;1;1;BV-1221;10;6;9;1;999;;1;1;1;;;999;4
2;3;14;8;8156;;1;1;C-155;6,4;6;9;1;999;;1;1;1;;;999;4
2;3;20;8;8205;;1;1;C-1413a;15,1;6;8;1;999;;1;6;1;;;999;4
2;3;21;8;8121;;1;1;C-32;104,5;2;2;1;999;;1;6;1;;;999;4
2;4;6;8;8263;;1;1;A-2;601;3;4;1;999;;1;2;1;;;999;4
2;4;7;8;8194;;1;1;B-10;3;3;3;1;999;;1;1;1;;;999;4
2;4;9;8;8073;;1;1;C-32;59,4;3;4;1;999;;1;1;1;;;17;4
2;4;9;8;8089;;1;1;BV-2041;4,5;6;6;1;999;;1;1;1;;;999;4
2;4;11;8;8043;;3;2;No inventariada;;14;9;1;999;;1;1;1;;;999;998
2;4;12;8;0;;1;1;A-2;552,7;3;19;1;999;;1;1;1;;;17;4
2;4;13;8;0;;1;1;BV-4601;2,5;6;3;2;1;;1;1;1;;;999;4
2;4;13;8;8089;;1;1;B-210;2,3;6;4;2;4;;1;1;1;;;999;4
2;4;18;8;8041;;1;1;No inventariada;9,5;6;3;1;999;;1;5;1;;;999;4
2;4;19;8;8217;;1;1;A-2;607;3;4;2;;;1;4;1;;;999;4
2;4;19;8;8205;;1;1;AP-7;159;2;3;1;999;;1;6;1;;;999;4
2;4;23;8;8217;;1;1;B-23;4,5;2;4;1;999;;1;4;1;;;999;4
2;5;1;8;8009;;1;1;B-40;3;6;20;1;999;;1;1;1;;;17;4
2;1;17;8;8245;;2;2;BV-5001;0,9;14;2;1;999;;1;1;1;;;17;4
2;2;6;8;8245;;3;2;No inventariada;;14;4;2;4;;1;4;1;;;17;998
2;2;7;8;8121;;3;2;No inventariada;;14;2;2;2;;1;1;1;;;17;998
2;3;9;8;8245;;3;2;No inventariada;;14;2;2;1;;1;1;1;;;17;998
1;1;11;8;8015;;3;2;No inventariada;;14;7;2;1;;1;1;1;;;17;998
1;3;13;8;8015;;3;2;No inventariada;;14;7;2;1;;1;1;1;;;17;998
2;2;19;8;8121;;3;2;No inventariada;;14;2;2;2;;1;4;1;;;17;998
2;4;18;8;8245;;2;2;BV-5001;3,5;14;2;2;1;;1;1;1;;;17;4
2;7;6;8;8101;;3;2;No inventariada;;14;9;1;999;;1;1;1;;;17;998
1;6;18;8;8101;;3;2;No inventariada;;14;19;1;999;;1;6;1;;;1;998
2;4;14;8;8217;;1;1;A-2;606;3;3;1;999;;1;1;1;;;999;4
2;6;3;8;8194;;1;1;B-10;2,5;3;9;1;999;;3;4;3;;;999;4
2;4;8;8;8267;;1;1;No inventariada;29,9;6;9;1;999;;1;1;1;;;999;4
2;4;15;8;8266;;1;1;B-30;8,4;2;4;1;999;;1;1;1;;;999;4
2;5;5;8;8015;;1;1;C-31;214,7;2;4;1;999;;3;4;3;;;999;4
2;5;8;8;8307;;1;1;C-31;152,5;6;4;2;;;1;1;1;;;999;4
2;5;9;8;8302;;2;2;C-244;1,8;14;19;2;2;;1;1;1;;;999;4
2;5;10;8;8252;;1;1;AP-7;146,5;2;4;1;999;;1;1;1;;;999;4
2;5;10;8;0;;1;1;C-17;54,3;3;4;2;;;1;1;1;;;999;4
2;5;12;8;8106;;1;1;B-510;7,8;6;9;1;999;;3;1;1;;;999;4
2;5;11;8;8056;;1;1;C-32;43,5;2;4;1;999;;1;1;1;;;999;4
2;5;12;8;0;;1;1;BV-2136;2,1;6;1;1;999;;1;1;1;;;999;4
2;5;17;8;8029;;2;2;N-2;642;6;7;1;999;;1;1;1;;;999;4
2;5;20;8;8140;;2;2;BV-1221;35,7;6;7;1;999;;1;4;1;;;999;4
2;3;17;8;8181;;2;2;BV-5106;0,2;14;2;2;1;;1;1;1;;;17;4
2;4;16;8;8285;;3;2;No inventariada;;14;4;1;999;;1;1;1;;;17;998
2;6;12;8;8096;;3;2;No inventariada;;14;2;2;1;;1;1;1;;;17;998
1;1;15;8;8015;;3;2;No inventariada;;14;2;2;1;;1;1;1;;;17;998
1;4;8;8;8159;;3;2;No inventariada;;14;7;1;999;;1;1;1;;;17;998
1;6;19;8;8159;;3;2;No inventariada;;14;2;2;4;;1;4;1;;;17;998
2;5;17;8;8159;;3;2;No inventariada;;14;2;2;4;;1;1;1;;;17;998
2;2;18;8;8159;;3;2;No inventariada;;14;3;1;999;;1;4;1;;;17;998
2;5;8;8;8159;;3;2;No inventariada;;14;2;2;1;;3;1;3;;;17;998
2;1;3;8;8159;;3;2;No inventariada;;14;19;2;4;;1;4;1;;;17;998
2;1;3;8;8159;;3;2;No inventariada;;14;19;1;999;;1;4;1;;;17;998
2;5;20;8;8298;;1;1;C-25D;1,8;6;2;2;2;;1;6;1;;;999;4
2;6;6;8;8266;;1;1;BV-1414;0,9;6;19;1;999;;1;6;1;;;999;4
2;6;8;8;0;;1;1;BV-4031;2,2;6;19;1;999;;1;1;1;;;999;4
2;5;13;8;8033;;1;1;C-59;13;6;9;2;2;;1;1;1;;;999;4
2;6;11;8;8009;;1;1;B-510;1,4;6;3;2;4;;1;1;1;;;17;3
2;6;12;8;8123;;1;1;C-1413a;0,5;3;2;2;1;;1;1;1;;;999;4
2;6;13;8;0;;1;1;No inventariada;3,3;6;4;2;2;;1;1;1;;;999;4
2;6;12;8;0;;1;1;A-2;575,3;3;20;1;999;;1;1;1;;;17;4
2;6;15;8;0;;1;1;BV-5301;32,3;6;9;1;999;;1;1;1;;;999;4
2;6;15;8;8181;;1;1;AP-7;124,8;2;19;1;999;;1;1;1;;;999;4
2;6;17;8;8056;;1;1;C-31;182;3;9;2;2;;1;1;1;;;999;4
2;6;18;8;8270;;1;1;C-31;168,2;6;9;1;999;;1;1;1;;;4;2
2;7;3;8;8191;;1;1;C-16;58,2;3;19;1;999;;1;6;1;;;999;4
2;3;17;8;8114;;3;2;No inventariada;;14;3;2;4;;1;1;1;;;17;998
2;1;12;8;8022;;3;2;No inventariada;;14;3;2;2;;1;1;1;;;17;998
2;4;13;8;8015;;3;2;No inventariada;;14;2;2;1;;1;1;1;;;17;998
2;6;13;8;8015;;3;2;No inventariada;;14;3;2;1;;1;1;1;;;17;998
1;5;5;8;8019;;3;2;No inventariada;;14;3;1;999;;1;5;1;1;;999;998
2;6;22;8;8019;;3;2;No inventariada;;14;3;2;1;;1;5;1;1;;999;998
2;1;14;8;8019;;3;2;No inventariada;;14;3;2;1;;1;1;1;1;;999;998
2;1;20;8;8019;;3;2;No inventariada;;14;2;2;1;;1;5;1;1;;999;998
2;3;17;8;8019;;3;2;No inventariada;;14;4;2;1;;1;1;1;1;;999;998
2;3;20;8;8019;;3;2;No inventariada;;14;2;2;2;;1;5;1;1;;999;998
2;4;21;8;8019;;3;2;No inventariada;;14;20;1;999;;1;5;1;1;;999;998
2;4;18;8;8019;;3;2;No inventariada;;14;2;2;1;;1;5;1;1;;999;998
2;4;18;8;8019;;3;2;No inventariada;;14;3;2;1;;1;2;1;1;;999;998
2;5;11;8;8019;;3;2;No inventariada;;14;3;1;999;;1;1;1;1;;999;998
2;5;23;8;8019;;3;2;No inventariada;;14;2;2;1;;1;5;1;1;;999;998
2;2;10;8;8019;;3;2;No inventariada;;14;3;2;1;;1;1;1;1;;999;998
2;2;11;8;8019;;3;2;No inventariada;;14;3;1;999;;1;1;1;1;;999;998
2;3;19;8;8019;;1;1;B-20;10;14;20;1;999;;1;5;1;1;;999;4
2;4;11;8;8019;;3;2;No inventariada;;14;2;2;1;;1;1;1;1;;999;998
2;4;11;8;8019;;3;2;No inventariada;;14;20;1;999;;1;1;1;1;;999;998
2;4;11;8;8019;;3;2;No inventariada;;14;3;2;1;;1;1;1;1;;999;998
2;4;17;8;8019;;3;2;No inventariada;;14;7;2;1;;1;1;1;1;;999;998
2;5;6;8;8019;;1;1;B-10;15;3;20;1;999;;3;5;3;1;;999;4
2;5;9;8;8019;;3;2;No inventariada;;14;20;1;999;;1;1;1;1;;999;998
2;5;12;8;8019;;3;2;No inventariada;;14;20;2;1;;1;1;1;1;;999;998
2;5;14;8;8019;;3;2;No inventariada;;14;20;1;999;;1;1;1;1;;999;998
2;6;3;8;8019;;3;2;No inventariada;;14;6;1;999;;1;5;1;1;;999;998
2;5;21;8;8019;;3;2;No inventariada;;14;3;2;2;;1;5;1;1;;999;998
2;5;17;8;8019;;3;2;No inventariada;;14;20;1;999;;1;1;1;1;;999;998
2;6;6;8;8019;;3;2;No inventariada;;14;9;2;4;;1;5;1;1;;999;998
2;6;13;8;8019;;3;2;No inventariada;;14;20;1;999;;1;1;1;1;;999;998
2;6;15;8;8019;;3;2;No inventariada;;14;7;1;999;;1;1;1;1;;999;998
2;6;14;8;8019;;1;1;B-20;11,5;14;20;1;999;;1;1;1;1;;999;4
2;6;17;8;8019;;3;2;No inventariada;;14;7;1;999;;1;1;1;1;;999;998
2;6;18;8;8019;;3;2;No inventariada;;14;20;2;1;;1;1;1;1;;999;998
2;7;7;8;8019;;3;2;No inventariada;;14;20;1;999;;1;1;1;1;;999;998
2;7;14;8;8019;;3;2;No inventariada;;14;2;2;4;;1;1;1;1;;999;998
2;7;12;8;8019;;3;2;No inventariada;;14;7;1;999;;1;1;1;1;;999;998
2;2;14;8;8073;;3;2;No inventariada;;14;2;2;2;;1;1;1;;;17;998
2;4;15;8;8279;;3;2;No inventariada;;14;6;1;999;;1;1;1;;;17;998
2;4;18;8;8073;;3;2;No inventariada;;14;3;1;999;;1;2;1;;;17;998
2;4;14;8;8211;;1;1;B-23;7,3;2;3;1;999;;1;1;1;;;999;4
2;5;15;8;8169;;1;1;C-31C;1,8;3;2;1;999;;1;1;1;;;999;4
2;7;8;8;8213;;1;1;N-141c;3,9;6;19;1;999;;1;1;1;;;999;4
2;7;8;8;8041;;1;1;C-352;25;3;2;2;4;;1;1;1;;;999;4
1;1;12;8;8035;;3;2;No inventariada;;14;4;2;1;;1;1;1;;;17;998
1;4;18;8;8035;;3;2;No inventariada;;14;7;2;1;;3;4;3;;;17;998
1;3;13;8;8035;;3;2;No inventariada;;14;9;2;2;;8;1;1;;;17;998
2;5;14;8;8245;;3;2;No inventariada;;14;9;1;999;;8;1;1;;1;17;998
1;3;13;8;8307;;3;2;No inventariada;;14;2;2;4;;1;1;1;;;17;998
2;3;14;8;8121;;3;2;No inventariada;;14;2;2;4;;1;1;1;;;17;998
2;1;18;8;8307;;3;2;No inventariada;;14;9;1;999;;1;1;1;;;17;998
2;3;19;8;8121;;3;2;No inventariada;;14;7;1;999;;1;4;1;;;17;998
1;2;21;8;8279;;3;2;No inventariada;;14;2;1;999;;1;4;1;;;17;998
2;4;16;8;8200;;3;2;No inventariada;;14;7;1;999;;1;1;1;;;17;998
1;2;6;8;8279;;2;2;BV-1221;2,3;14;19;1;999;;1;4;1;;;17;4
2;4;10;8;8279;;3;2;No inventariada;;14;3;1;999;;1;1;1;;;17;998
2;7;13;8;8245;;3;2;No inventariada;;14;9;1;999;;1;1;1;;;17;998
2;5;12;8;8279;;3;2;No inventariada;;14;7;2;1;;1;1;1;;;17;998
2;6;10;8;8231;;3;2;No inventariada;;14;2;2;1;;1;1;1;;;17;998
2;2;18;8;8231;;3;2;No inventariada;;14;7;1;999;;1;2;1;;;17;998
2;3;15;8;8101;;3;2;No inventariada;;14;1;1;999;;1;1;1;;;1;998
2;3;6;8;8231;;3;2;No inventariada;;14;1;2;1;;1;4;1;;;17;998
2;4;19;8;8015;;3;2;No inventariada;;14;2;2;1;;1;4;1;;;17;998
2;4;22;8;8124;;3;2;No inventariada;;14;7;2;;;1;4;1;;;17;998
2;6;16;8;8231;;3;2;No inventariada;;14;2;1;999;;1;1;1;;;17;998
2;1;12;8;8231;;3;2;No inventariada;;14;9;1;999;;1;1;1;;;17;998
2;5;20;8;8101;;3;2;No inventariada;;14;3;2;1;;1;1;1;;;17;998
2;4;22;8;8101;;3;2;No inventariada;;14;2;2;1;;1;4;1;;;17;998
2;2;17;8;8101;;3;2;No inventariada;;14;3;1;999;;1;1;1;;;17;998
2;4;17;8;8101;;3;2;No inventariada;;14;7;1;999;;1;1;1;;;17;998
1;5;17;8;8019;;3;2;No inventariada;;14;3;2;1;;1;1;1;1;;999;998
1;5;14;8;8019;;3;2;No inventariada;;14;3;1;999;;1;1;1;1;;999;998
1;1;8;8;8019;;3;2;No inventariada;;14;9;2;1;;1;1;1;1;;999;998
2;6;19;8;8019;;1;1;B-20;16;14;20;1;999;;1;5;1;1;;999;4
2;3;17;8;8019;;3;2;No inventariada;;14;7;2;2;;1;1;1;1;;999;998
2;3;18;8;8019;;3;2;No inventariada;;14;3;2;1;;1;1;1;1;;999;998
2;5;17;8;8019;;3;2;No inventariada;;14;4;1;999;;1;1;1;1;;1;998
2;1;14;8;8019;;3;2;No inventariada;;14;3;1;999;;1;1;1;1;;999;998
2;1;18;8;8019;;3;2;No inventariada;;14;3;1;999;;1;1;1;1;;999;998
2;4;9;8;8019;;3;2;No inventariada;;14;20;1;999;;1;1;1;1;;999;998
2;4;14;8;8019;;3;2;No inventariada;;14;3;2;1;;1;1;1;1;;1;998
2;5;20;8;8019;;3;2;No inventariada;;14;20;1;999;;1;5;1;1;;999;998
2;1;21;8;8019;;3;2;No inventariada;;14;3;2;2;;1;5;1;1;;999;998
2;1;22;8;8019;;3;2;No inventariada;;14;20;1;999;;1;5;1;1;;999;998
2;2;16;8;8019;;3;2;No inventariada;;14;7;2;2;;1;1;1;1;;999;998
2;3;6;8;8019;;3;2;No inventariada;;14;20;2;1;;1;5;1;1;;999;998
2;3;12;8;8019;;3;2;No inventariada;;14;20;1;999;;1;1;1;1;;999;998
2;3;16;8;8019;;3;2;No inventariada;;14;3;1;999;;1;1;1;1;;999;998
2;4;11;8;8019;;3;2;No inventariada;;14;20;2;4;;1;1;1;1;;999;998
2;4;14;8;8019;;3;2;No inventariada;;14;7;1;999;;1;1;1;1;;999;998
2;6;20;8;8019;;3;2;No inventariada;;14;2;2;1;;3;5;3;1;;999;998
2;1;9;8;8019;;3;2;No inventariada;;14;3;1;999;;1;5;1;1;;999;998
2;1;7;8;8019;;1;1;B-20;6,7;14;20;1;999;;1;5;1;1;;999;4
2;1;11;8;8019;;3;2;No inventariada;;14;20;1;999;;1;1;1;1;;999;998
2;1;11;8;8019;;3;2;No inventariada;;14;20;1;999;;1;1;1;1;;999;998
2;1;9;8;8019;;3;2;No inventariada;;14;20;2;1;;1;1;1;1;;999;998
2;1;11;8;8019;;3;2;No inventariada;;14;20;2;1;;1;1;1;1;;999;998
2;1;23;8;8019;;3;2;No inventariada;;14;7;1;999;;1;5;1;1;;999;998
1;3;18;8;8187;;3;2;No inventariada;;14;1;2;1;;1;4;1;;;1;998
2;4;17;8;8172;;3;2;No inventariada;119;14;4;2;;;1;1;1;;;1;998
2;6;17;8;8187;;3;2;No inventariada;;14;20;1;999;;1;1;1;;;17;998
1;2;11;8;8194;;3;2;No inventariada;;14;2;2;2;;1;1;1;;;17;998
2;4;5;8;8194;;1;1;C-31;209,5;2;2;1;999;;1;4;1;;;999;4
2;5;13;8;8205;;1;1;BP-1417;10,5;6;19;1;999;;1;1;1;;;999;4
2;5;16;8;8125;;1;1;C-58;4;2;4;1;999;;1;1;1;;;999;4
2;7;14;8;0;;3;2;No inventariada;;14;19;1;999;;1;1;1;;;999;998
2;7;17;8;0;;1;1;BV-5301;20,7;6;19;1;999;;1;1;1;;;999;4
2;7;19;8;8073;;1;1;A-2;609;3;4;1;999;;1;4;1;;;999;4
2;1;7;8;8181;;1;1;C-1415c;17;6;4;1;999;;1;6;1;;;999;4
2;1;7;8;8200;;1;1;C-245;11,2;6;9;1;999;;1;1;1;;;999;4
2;1;7;8;8157;;1;1;N-340;1242;6;4;1;999;;1;1;1;;;999;4
2;1;7;8;8169;;1;1;A-2;610,5;3;4;1;999;;1;2;1;;;999;4
2;1;8;8;8200;;1;1;C-31C;0,9;3;4;1;999;;1;1;1;;;999;4
2;1;8;8;8077;;1;1;C-32;61,5;3;3;1;999;;1;1;1;;;999;4
2;1;12;8;8196;;1;1;A-2;594;3;3;2;2;;1;1;1;;;999;4
2;1;12;8;0;;1;1;C-16;116,9;6;3;1;999;;1;1;1;;;999;4
2;1;16;8;8120;;1;1;BV-1221;6,2;6;1;1;999;;1;1;1;;;999;4
2;1;18;8;0;;1;1;AP-7;95,5;2;19;1;999;;3;6;4;;;999;4
2;1;19;8;8181;;1;1;C-1415c;17;6;4;2;4;;3;6;1;;;999;4
2;1;20;8;0;;1;1;C-15;43,9;6;3;1;999;;1;6;1;;;999;4
2;1;21;8;8155;;1;1;C-32;128,4;2;19;1;999;;5;5;999;;;999;4
2;5;15;8;8121;;3;2;No inventariada;;14;2;1;999;;1;1;1;;;17;998
2;5;11;8;8121;;3;2;No inventariada;;14;2;2;4;;1;1;1;;;17;998
2;3;16;8;8217;;2;2;No inventariada;;14;9;2;4;;1;1;1;;;17;4
2;4;14;8;8217;;3;2;No inventariada;;14;2;2;1;;1;1;1;;;17;998
2;2;11;8;8245;;3;2;No inventariada;;14;6;1;999;;1;1;1;;;17;998
2;2;13;8;8200;;3;2;No inventariada;;14;4;2;4;;1;1;1;;;17;998
2;4;15;8;8101;;3;2;No inventariada;;14;2;2;4;;1;1;1;;;17;998
2;4;17;8;8015;;3;2;No inventariada;;14;7;2;1;;1;1;1;;;17;998
2;5;14;8;8073;;3;2;No inventariada;;14;4;1;999;;1;1;1;;;17;998
1;4;18;8;8019;;3;2;No inventariada;;14;3;2;1;;1;5;1;1;;999;998
1;3;20;8;8019;;3;2;No inventariada;;14;3;1;999;;1;5;1;1;;999;998
2;2;12;8;8019;;3;2;No inventariada;;14;7;2;1;;1;1;1;1;;999;998
2;2;14;8;8019;;3;2;No inventariada;;14;20;1;999;;1;1;1;1;;999;998
2;1;20;8;8019;;3;2;No inventariada;;14;9;2;2;;1;5;1;1;;999;998
2;3;15;8;8019;;3;2;No inventariada;;14;7;1;999;;1;1;1;1;;999;998
2;4;18;8;8019;;3;2;No inventariada;;14;3;1;999;;1;1;1;1;;999;998
2;5;8;8;8019;;3;2;No inventariada;;14;9;1;999;;3;1;1;1;;999;998
2;5;19;8;8019;;3;2;No inventariada;;14;3;2;1;;1;5;1;1;;999;998
2;6;0;8;8019;;3;2;No inventariada;;14;3;1;999;;1;5;1;1;;999;998
2;5;16;8;8019;;3;2;No inventariada;;14;1;1;999;;1;1;1;1;;999;998
2;2;8;8;8019;;3;2;No inventariada;;14;20;1;999;;1;1;1;1;;999;998
2;2;11;8;8019;;3;2;No inventariada;;14;7;2;1;;1;1;1;1;;999;998
2;2;13;8;8019;;3;2;No inventariada;;14;20;2;1;;1;1;1;1;;999;998
2;2;16;8;8019;;3;2;No inventariada;;14;3;1;999;;1;1;1;1;;999;998
2;3;11;8;8101;;3;2;No inventariada;;14;7;1;999;;1;1;1;;;17;998
2;5;20;8;8219;;3;2;No inventariada;;14;9;1;999;;1;4;1;;;1;998
2;6;14;8;8295;;2;2;N-340;1234;14;20;1;999;;1;1;1;;;17;4