MES;DIA_SEMANA;HORA;COD_PROVINCIA;COD_MUNICIPIO;ISLA;ZONA;ZONA_AGRUPADA;CARRETERA;KM;TIPO_VIA;TIPO_ACCIDENTE;NUDO;NUDO_INFO;CARRETERA_CRUCE;CONDICION_FIRME;CONDICION_ILUMINACION;CONDICION_METEO;CONDICION_NIEBLA;CONDICION_VIENTO;VISIB_RESTRINGIDA_POR;TRAZADO_PLANTA
2;7;13;8;8051;;1;1;B-124;11,8;6;9;1;999;;1;1;1;;;999;4
2;6;5;8;8200;;1;1;C-32;54;2;6;1;999;;3;5;3;;;999;4
2;7;16;8;8904;;1;1;C-58;8,7;2;19;1;999;;1;1;1;;;999;4
2;1;14;8;8187;;1;1;C-58;10,9;2;4;2;4;;1;1;1;;;999;4
2;2;7;8;8019;;1;1;C-33;78,3;2;4;1;999;;1;1;1;;;999;4
2;2;9;8;8194;;1;1;B-10;3,4;3;20;1;999;;1;1;1;;;999;4
2;2;15;8;0;;3;2;No inventariada;;14;7;2;1;;1;1;1;;;999;998
2;2;17;8;8112;;1;1;B-522;6,2;6;4;1;999;;1;1;1;;;999;4
2;2;19;8;8125;;1;1;C-58;4,5;2;9;2;;;8;6;1;;;999;4
2;5;10;8;8015;;3;2;No inventariada;;14;4;2;2;;1;1;1;;;17;998
2;5;14;8;8121;;3;2;No inventariada;;14;4;1;999;;1;1;1;;;17;998
2;5;16;8;8121;;3;2;No inventariada;;14;2;2;1;;1;1;1;;;17;998
2;7;14;8;8298;;3;2;No inventariada;;14;2;2;4;;1;1;1;;;17;998
2;3;18;8;8200;;3;2;No inventariada;;14;4;2;2;;1;1;1;;;17;998
2;7;4;8;8298;;3;2;No inventariada;;14;18;2;4;;1;4;1;;;17;998
2;6;19;8;8101;;3;2;No inventariada;;14;2;1;999;;1;4;1;;;17;998
2;4;15;8;8015;;3;2;No inventariada;;14;3;1;999;;1;1;1;;;17;998
2;2;9;8;8019;;3;2;No inventariada;;14;3;1;999;;1;1;1;1;;999;998
2;2;19;8;8019;;3;2;No inventariada;;14;20;2;1;;1;5;1;1;;999;998
2;4;9;8;8019;;3;2;No inventariada;;14;9;2;1;;1;1;1;1;;999;998
2;4;20;8;8019;;3;2;No inventariada;;14;20;1;999;;1;5;1;1;;999;998
2;7;20;8;8019;;3;2;No inventariada;;14;20;2;1;;1;5;1;1;;999;998
2;3;16;8;8019;;3;2;No inventariada;;14;20;1;999;;1;1;1;1;;999;998
2;4;18;8;8019;;3;2;No inventariada;;14;7;1;999;;1;5;1;1;;999;998
2;4;17;8;8019;;3;2;No inventariada;;14;20;1;999;;1;1;1;1;;999;998
2;5;11;8;8019;;3;2;No inventariada;;14;20;1;999;;1;1;1;1;;999;998
2;1;23;8;8019;;3;2;No inventariada;;14;2;2;2;;1;5;1;1;;999;998
2;2;10;8;8019;;1;1;B-10;11,5;3;20;1;999;;1;1;1;1;;999;4
1;3;17;8;8019;;3;2;No inventariada;;14;3;2;1;;1;1;1;1;;999;998
2;2;16;8;8019;;3;2;No inventariada;;14;7;1;999;;1;1;1;1;;999;998
2;2;19;8;8019;;3;2;No inventariada;;14;20;1;999;;1;2;1;1;;999;998
2;3;12;8;8019;;1;1;B-20;16,5;14;3;1;999;;1;1;1;1;;999;4
2;3;22;8;8019;;3;2;No inventariada;;14;3;1;999;;1;5;1;1;;999;998
1;3;11;8;8307;;3;2;No inventariada;;14;1;2;1;;1;1;1;;;1;998
2;1;11;8;8238;;1;1;No inventariada;;6;9;1;999;;8;1;1;;;1;1
1;1;11;8;8205;;3;2;No inventariada;;14;7;2;4;;1;1;1;;;1;998
2;2;11;8;8169;;1;1;C-31;192,9;3;4;1;999;;1;1;1;;;999;4
2;5;16;8;8163;;1;1;C-32;123,5;2;4;1;999;;1;1;1;;;999;4
2;5;17;8;8245;;1;1;B-20;18;2;4;1;999;;1;1;1;;;999;4
2;5;19;8;8007;;1;1;C-61;7;6;8;1;999;;1;6;1;;;999;4
2;1;10;8;8112;;1;1;B-522;6,6;6;3;1;999;;1;1;1;;;999;4
2;2;6;8;8184;;1;1;B-151;8,5;6;1;1;999;;1;2;1;;;999;4
2;3;7;8;8005;;1;1;C-17;25;3;4;1;999;;1;1;1;;;999;4
2;3;8;8;8904;;1;1;C-58;9,5;2;4;1;999;;1;1;1;;;999;4
2;3;15;8;8007;;2;2;C-61;2,9;6;4;2;2;;1;1;1;;;999;4
2;3;18;8;8217;;1;1;A-2;606;3;20;1;999;;1;4;1;;;17;1
2;2;20;8;0;;1;1;C-153;9,9;6;19;1;999;;1;1;1;;;17;4
2;3;19;8;8200;;1;1;C-32;54,9;2;4;1;999;;1;1;1;;;999;4
2;3;19;8;0;;3;2;No inventariada;;14;7;1;999;;1;4;1;;;17;998
2;3;20;8;8250;;1;1;C-37;55,5;6;7;1;999;;1;6;1;;;17;1
2;2;0;8;8298;;3;2;No inventariada;;14;6;2;2;;3;4;3;;;17;998
2;2;17;8;8102;;3;2;No inventariada;;14;4;1;999;;1;1;1;;;17;998
2;5;20;8;8245;;3;2;No inventariada;;14;19;2;2;;1;2;1;;;17;998
2;6;20;8;8279;;3;2;No inventariada;;14;2;2;4;;1;4;1;;;17;998
2;1;19;8;8279;;3;2;No inventariada;;14;7;1;999;;1;4;1;;;17;998
2;3;14;8;8245;;2;2;BV-5001;0,9;14;4;1;999;;1;1;1;;;17;4
2;2;12;8;8279;;2;2;BV-1221;0,9;14;3;1;999;;1;1;1;;;17;4
2;3;17;8;8245;;3;2;No inventariada;;14;9;1;999;;1;1;1;;;17;998
2;7;0;8;8121;;3;2;No inventariada;;14;6;1;999;;1;4;1;;;17;998
2;2;10;8;8279;;3;2;No inventariada;;14;3;1;999;;1;1;1;;;17;998
2;3;12;8;8279;;3;2;No inventariada;;14;4;1;999;;1;1;1;;;17;998
2;3;8;8;8231;;3;2;No inventariada;;14;2;2;1;;1;1;1;;;17;998
2;6;14;8;8200;;3;2;No inventariada;;14;3;2;4;;1;1;1;;;17;998
2;2;17;8;8101;;3;2;No inventariada;;14;7;1;999;;1;1;1;;;1;998
2;2;12;8;8101;;3;2;No inventariada;;14;2;2;1;;1;1;1;;;17;998
2;2;7;8;8101;;3;2;No inventariada;;14;2;2;1;;1;1;1;;;17;998
2;4;9;8;8101;;3;2;No inventariada;;14;7;2;1;;1;1;1;;;17;998
1;1;19;8;8194;;3;2;No inventariada;;14;9;1;999;;1;4;1;;;17;998
1;4;7;8;8194;;3;2;No inventariada;;14;9;1;999;;3;2;1;;;17;998
1;2;10;8;8019;;3;2;No inventariada;;14;7;2;1;;1;1;1;1;;999;998
2;3;16;8;8019;;3;2;No inventariada;;14;7;1;999;;1;1;1;1;;999;998
2;5;17;8;8019;;3;2;No inventariada;;14;3;2;2;;1;1;1;1;;999;998
2;3;12;8;8019;;3;2;No inventariada;;14;20;1;999;;1;1;1;1;;999;998
2;4;16;8;8019;;3;2;No inventariada;;14;3;1;999;;1;1;1;1;;999;998
2;5;19;8;8019;;3;2;No inventariada;;14;20;1;999;;1;5;1;1;;999;998
2;5;15;8;8019;;3;2;No inventariada;;14;9;1;999;;1;1;1;1;;999;998
2;6;21;8;8019;;3;2;No inventariada;;14;20;2;1;;1;5;1;1;;999;998
2;7;21;8;8019;;3;2;No inventariada;;14;2;2;1;;3;5;3;1;;999;998
2;1;6;8;8019;;1;1;B-20;12,9;14;3;1;999;;1;1;1;1;;999;4
2;2;16;8;8019;;3;2;No inventariada;;14;2;2;1;;1;1;1;1;;999;998
2;3;7;8;8019;;3;2;No inventariada;;14;3;2;1;;1;1;1;1;;999;998
2;3;13;8;8019;;3;2;No inventariada;;14;3;2;2;;1;1;1;1;;999;998
2;3;14;8;8019;;3;2;No inventariada;;14;20;1;999;;1;1;1;1;;999;998
2;3;15;8;8019;;1;1;B-20;5,1;14;20;1;999;;1;1;1;1;;999;4
2;3;18;8;8019;;1;1;B-20;6;14;3;1;999;;1;5;1;1;;999;4
2;4;1;8;8019;;3;2;No inventariada;;14;2;2;1;;1;5;1;1;;999;998
2;4;8;8;8019;;1;1;B-10;8,5;14;20;1;999;;1;5;1;1;;999;4
2;4;9;8;8019;;3;2;No inventariada;;14;20;2;1;;1;1;1;1;;999;998
2;3;18;8;8019;;3;2;No inventariada;;14;3;2;1;;1;1;1;1;;999;998
2;4;14;8;8019;;3;2;No inventariada;;14;3;1;999;;1;1;1;1;;999;998
2;4;15;8;8019;;3;2;No inventariada;;14;7;2;4;;1;1;1;1;;999;998
2;4;20;8;8019;;1;1;B-20;8,8;14;20;1;999;;1;2;1;1;;999;4
2;4;21;8;8019;;3;2;No inventariada;;14;20;1;999;;1;5;1;1;;999;998
2;4;17;8;8019;;3;2;No inventariada;;14;7;1;999;;1;1;1;1;;999;998
1;3;23;8;8194;;3;2;No inventariada;;14;2;2;1;;3;4;3;;;17;998
2;7;15;8;8279;;3;2;No inventariada;;14;20;1;999;;1;1;1;;;17;998
1;1;12;8;8194;;3;2;No inventariada;;14;9;1;999;;1;1;1;;;17;998
2;4;6;8;8072;;1;1;A-2;595,5;3;4;2;2;;1;6;1;;;999;4
2;5;8;8;8123;;1;1;B-23;8,5;2;4;1;999;;1;1;1;;;999;4
2;4;8;8;0;;1;1;C-243a;4;6;4;1;999;;1;1;1;;;999;4
2;1;10;8;8019;;1;1;C-16;2,3;2;4;1;999;;1;1;1;;;999;4
2;1;17;8;8194;;1;1;C-31;209;2;4;2;;;1;1;1;;;999;4
2;1;19;8;8252;;1;1;AP-7;146;2;3;1;999;;1;6;1;;;999;4
2;4;7;8;8194;;1;1;B-10;3,7;3;2;1;999;;1;1;1;;;999;4
2;4;9;8;8113;;1;1;BV-1225;4,5;6;2;1;999;;1;1;1;;;999;4
2;4;12;8;0;;1;1;C-1413a;2;6;9;1;999;;1;1;1;;;999;4
2;4;12;8;8089;;1;1;C-31;183,9;3;9;1;999;;1;1;1;;;999;4
2;4;17;8;8113;;1;1;C-25;133;3;3;2;;;1;1;1;;;999;4
2;4;13;8;0;;1;1;C-62;19;6;2;2;2;;1;1;1;;;17;2
2;4;16;8;8200;;1;1;C-32;54,5;2;4;2;2;;1;1;1;;;999;4
2;4;23;8;0;;2;2;BV-2428;1,7;6;19;1;999;;3;1;4;;;999;4
3;5;2;8;8029;;1;1;C-32;96,2;2;19;1;999;;1;6;1;;;999;4
2;4;9;8;8073;;3;2;No inventariada;;14;4;2;4;;1;1;1;;;17;998
2;4;8;8;8073;;3;2;No inventariada;;14;2;1;999;;1;1;1;;;17;998
3;5;5;8;8245;;2;2;BV-5001;0,9;14;9;2;2;;3;4;3;;;17;4
2;4;17;8;8307;;3;2;No inventariada;;14;2;2;1;;1;1;1;;;17;998
2;4;17;8;8307;;3;2;No inventariada;;14;2;2;1;;1;1;1;;;17;998
2;6;13;8;8305;;1;1;C-15z;13,5;6;9;2;4;;1;1;1;;;999;4
2;7;13;8;8301;;1;1;C-32;50,9;2;4;1;999;;1;1;1;;;999;4
2;2;13;8;8006;;2;2;N-2;656,1;6;4;2;;;1;1;1;;;999;4
2;4;8;8;8194;;1;1;C-31;209,7;6;4;1;999;;1;1;1;;;999;4
2;4;12;8;8003;;1;1;C-32;86;2;4;1;999;;1;1;1;;;999;4
3;5;8;8;8266;;1;1;B-30;7,8;2;4;2;2;;1;1;1;;;999;4
3;5;11;8;0;;3;2;No inventariada;;14;19;1;999;;1;1;1;;;999;998
2;4;18;8;8205;;1;1;AP-7;155,9;2;3;1;999;;1;2;1;;;999;4
3;5;16;8;8266;;1;1;B-30;7;2;4;1;999;;1;1;1;;;999;4
3;5;17;8;8245;;1;1;B-20;18,2;2;4;2;;;1;1;1;;;999;4
3;5;17;8;0;;1;1;BV-2421;5,2;6;2;2;2;;1;1;1;;;999;4
2;2;13;8;8015;;3;2;No inventariada;;14;7;2;2;;1;1;1;;;17;998
3;5;12;8;8073;;3;2;No inventariada;;14;9;1;999;;1;1;1;;;17;998
3;5;17;8;8298;;3;2;No inventariada;;14;4;2;4;;1;1;1;;;17;998
3;6;5;8;8181;;1;1;C-251;3;6;20;1;999;;1;6;1;;;999;4
3;6;7;8;8163;;1;1;C-32;123;2;19;1;999;;1;2;1;;;999;4
3;5;10;8;0;;1;1;AP-7;204,8;2;6;1;999;;1;1;1;;;999;4
3;6;9;8;0;;1;1;BP-4654;5,6;6;9;1;999;;1;1;1;;;999;4
3;6;9;8;8169;;1;1;C-32B;0,5;3;3;2;;;1;1;1;;;999;4
3;6;12;8;8208;;1;1;B-224;25;6;9;1;999;;1;1;1;;;999;4
3;6;12;8;0;;1;1;C-26;149,9;6;9;1;999;;1;1;1;;;999;4
3;6;12;8;8187;;1;1;C-58;11;2;2;2;4;;1;1;1;;;999;4
3;6;13;8;8270;;1;1;C-32;34,2;2;4;1;999;;1;1;1;;;999;4
3;6;15;8;8077;;1;1;C-32;62,9;3;9;2;2;;8;1;1;;;999;4
3;6;12;8;0;;1;1;BV-2153;4,4;6;1;1;999;;1;1;1;;;999;4
3;6;15;8;0;;1;1;C-55;18;6;4;1;999;;1;1;1;;;17;2
3;6;18;8;8202;;2;2;C-35;57,8;6;3;2;2;;1;1;1;;;17;1
3;6;19;8;8113;;1;1;BV-1225;3,2;6;19;1;999;;1;6;1;;;999;4
3;6;21;8;0;;1;1;No inventariada;13,5;6;19;1;999;;3;6;3;;;999;4
3;5;14;8;8073;;3;2;No inventariada;;14;7;1;999;;1;1;1;;;17;998
2;1;9;8;8015;;3;2;No inventariada;;14;7;2;2;;1;1;1;;;17;998
3;6;13;8;8015;;3;2;No inventariada;;14;7;1;999;;1;1;1;;;17;998
1;5;13;8;8015;;3;2;No inventariada;;14;4;1;999;;3;1;3;;;17;998
1;4;9;8;8015;;3;2;No inventariada;;14;7;1;999;;1;1;1;;;17;998
2;2;19;8;8135;;3;2;No inventariada;;14;3;2;4;;1;5;1;;;17;998
2;3;8;8;8135;;3;2;No inventariada;;14;9;1;999;;1;1;1;;;17;998
3;7;19;8;8015;;3;2;No inventariada;;14;9;1;999;;1;1;1;;;17;998
2;3;13;8;8135;;3;2;No inventariada;;14;3;2;1;;1;1;1;;;17;998
2;7;13;8;8135;;3;2;No inventariada;;14;4;1;999;;1;1;1;;;17;998
1;2;14;8;8238;;3;2;No inventariada;;14;2;2;4;;1;1;1;;;17;998
1;4;2;8;8019;;3;2;No inventariada;;14;4;2;1;;1;5;1;1;;1;998
1;4;10;8;8019;;3;2;No inventariada;;14;20;2;2;;1;1;1;1;;999;998
1;2;21;8;8019;;3;2;No inventariada;;14;2;2;1;;1;5;1;1;;999;998
1;3;10;8;8019;;3;2;No inventariada;;14;20;1;999;;1;1;1;1;;999;998
2;4;17;8;8019;;3;2;No inventariada;;14;20;1;999;;1;1;1;1;;999;998
2;4;13;8;8019;;3;2;No inventariada;;14;3;2;1;;1;1;1;1;;999;998
2;4;18;8;8019;;3;2;No inventariada;;14;20;1;999;;1;5;1;1;;999;998
2;7;19;8;8019;;3;2;No inventariada;;14;20;1;999;;1;5;1;1;;999;998
2;2;14;8;8019;;3;2;No inventariada;;14;2;2;1;;1;1;1;1;;999;998
2;5;20;8;8019;;3;2;No inventariada;;14;3;2;4;;1;5;1;1;;999;998
2;7;19;8;8019;;3;2;No inventariada;;14;3;2;1;;1;5;1;1;;999;998
2;2;9;8;8019;;3;2;No inventariada;;14;9;2;2;;1;1;1;1;;999;998
2;2;12;8;8019;;3;2;No inventariada;;14;20;1;999;;1;1;1;1;;999;998
2;4;17;8;8019;;3;2;No inventariada;;14;2;2;1;;1;1;1;1;;999;998
2;6;2;8;8019;;3;2;No inventariada;;14;20;1;999;;3;5;3;1;;999;998
2;1;16;8;8019;;3;2;No inventariada;;14;3;1;999;;1;5;1;1;;999;998
2;2;18;8;8019;;3;2;No inventariada;;14;3;2;2;;1;2;1;1;;999;998
2;3;11;8;8019;;3;2;No inventariada;;14;3;1;999;;1;1;1;1;;999;998
2;2;18;8;8019;;3;2;No inventariada;;14;7;1;999;;1;1;1;1;;999;998
2;4;10;8;8019;;2;2;BV-1418;0,7;14;20;2;2;;1;1;1;1;;999;4
2;4;19;8;8019;;3;2;No inventariada;;14;6;1;999;;1;5;1;1;;999;998
2;5;7;8;8019;;3;2;No inventariada;;14;9;2;2;;3;1;1;1;;1;998
2;5;11;8;8019;;3;2;No inventariada;;14;3;1;999;;1;1;1;1;;999;998
2;5;15;8;8019;;3;2;No inventariada;;14;3;2;1;;1;1;1;1;;999;998
2;5;18;8;8019;;3;2;No inventariada;;14;2;2;1;;1;1;1;1;;999;998
2;5;22;8;8019;;3;2;No inventariada;;14;20;1;999;;1;5;1;1;;999;998
2;6;19;8;8019;;1;1;B-20;15,5;14;20;1;999;;1;5;1;1;;999;4
2;6;20;8;8019;;3;2;No inventariada;;14;3;2;2;;1;5;1;1;;999;998
2;6;19;8;8019;;3;2;No inventariada;;14;9;2;2;;1;5;1;1;;999;998
2;1;9;8;8019;;3;2;No inventariada;;14;20;1;999;;1;1;1;1;;999;998
2;1;14;8;8019;;3;2;No inventariada;;14;20;2;1;;1;1;1;1;;999;998
2;1;14;8;8019;;3;2;No inventariada;;14;3;2;1;;1;1;1;1;;999;998
2;1;15;8;8019;;3;2;No inventariada;;14;7;1;999;;1;1;1;1;;999;998
2;1;15;8;8019;;3;2;No inventariada;;14;20;1;999;;1;1;1;1;;999;998
2;1;16;8;8019;;3;2;No inventariada;;14;3;1;999;;1;1;1;1;;999;998
2;4;9;8;8019;;3;2;No inventariada;;14;3;2;2;;1;1;1;1;;999;998
2;2;12;8;8019;;3;2;No inventariada;;14;7;1;999;;1;1;1;1;;999;998
2;3;8;8;8019;;3;2;No inventariada;;14;3;1;999;;1;1;1;1;;999;998
2;3;7;8;8019;;3;2;No inventariada;;14;3;1;999;;1;2;1;1;;999;998
2;3;15;8;8019;;3;2;No inventariada;;14;20;2;1;;1;1;1;1;;999;998
2;4;8;8;8019;;1;1;B-10;12,5;3;20;1;999;;1;1;1;1;;999;4
2;2;22;8;8019;;3;2;No inventariada;;14;2;2;1;;1;5;1;1;;999;998
2;4;9;8;8019;;3;2;No inventariada;;14;20;1;999;;1;1;1;1;;999;998
2;4;12;8;8019;;3;2;No inventariada;;14;3;2;1;;1;1;1;1;;999;998
2;4;16;8;8019;;3;2;No inventariada;;14;2;2;1;;1;1;1;1;;999;998
3;5;0;8;8019;;1;1;B-10;11,5;3;20;1;999;;3;5;3;1;;999;4
3;5;12;8;8019;;3;2;No inventariada;;14;7;1;999;;1;1;1;1;;999;998
2;4;13;8;8019;;3;2;No inventariada;;14;8;1;999;;1;1;1;1;;999;998
3;5;14;8;8019;;3;2;No inventariada;;14;2;2;1;;1;1;1;1;;999;998
3;5;12;8;8019;;3;2;No inventariada;;14;7;1;999;;1;1;1;1;;999;998
3;5;15;8;8019;;3;2;No inventariada;;14;20;1;999;;1;1;1;1;;999;998
3;5;20;8;8019;;3;2;No inventariada;;14;8;1;999;;1;5;1;1;;999;998
3;5;22;8;8019;;3;2;No inventariada;;14;7;2;1;;1;5;1;1;;999;998
3;5;23;8;8019;;3;2;No inventariada;;14;9;1;999;;1;5;1;1;;999;998
3;6;12;8;8019;;3;2;No inventariada;;14;20;1;999;;1;1;1;1;;999;998
3;6;10;8;8019;;3;2;No inventariada;;14;20;1;999;;1;1;1;1;;999;998
3;6;16;8;8019;;3;2;No inventariada;;14;3;2;1;;1;1;1;1;;999;998
3;5;23;8;8019;;3;2;No inventariada;;14;7;2;1;;1;5;1;1;;999;998
3;6;21;8;8019;;3;2;No inventariada;;14;20;2;1;;1;5;1;1;;999;998
3;7;5;8;8019;;3;2;No inventariada;;14;2;2;1;;1;5;1;1;;999;998
3;7;19;8;8073;;3;2;No inventariada;;14;2;2;1;;1;4;1;;;17;998
1;5;16;8;8279;;3;2;No inventariada;;14;20;1;999;;1;1;1;;;17;998
2;6;5;8;8187;;3;2;No inventariada;;14;6;1;999;;1;1;1;;;17;998
2;6;14;8;8040;;3;2;No inventariada;80;14;9;1;999;;1;1;1;;;17;998
2;4;10;8;8194;;3;2;No inventariada;;14;2;1;999;;1;1;1;;;1;998
2;3;13;8;8231;;3;2;No inventariada;;14;2;1;999;;1;1;1;;;17;998
3;5;18;8;8125;;1;1;BV-5001;7,9;6;2;2;2;;1;2;1;;;17;1
3;6;21;8;8181;;1;1;BV-5105;2,8;6;4;2;4;;1;6;1;;;999;4
3;7;10;8;8181;;1;1;C-251;3,9;6;4;1;999;;1;1;1;;;999;4
3;7;11;8;8181;;1;1;AP-7;128,5;2;19;2;;;3;1;1;;;999;4
3;7;13;8;8250;;1;1;No inventariada;3;6;4;2;2;;1;1;1;;;999;4
3;7;12;8;8240;;3;2;No inventariada;;14;4;1;999;;1;1;1;;;999;998
3;7;13;8;0;;1;1;C-243a;7,9;6;1;1;999;;1;1;1;;1;999;4
3;7;18;8;8096;;1;1;C-17;18,6;3;4;1;999;;1;1;1;;;999;4
3;7;19;8;8123;;1;1;BV-1468;2,6;6;6;1;999;;1;6;1;;;4;3
3;7;21;8;8240;;1;1;BV-2242;12,8;6;19;1;999;;1;6;1;;;999;4
3;7;20;8;8262;;1;1;C-55;19,7;6;4;1;999;;1;6;1;;;999;4
3;1;8;8;8015;;3;2;No inventariada;;14;9;1;999;;3;1;1;;;17;998
3;7;21;8;8121;;3;2;No inventariada;;14;6;1;999;;1;4;1;;;17;998
3;1;9;8;8121;;3;2;No inventariada;;14;9;1;999;;1;1;1;;;17;998
2;5;20;8;8015;;3;2;No inventariada;;14;6;1;999;;1;4;1;;;17;998
2;6;19;8;8019;;1;1;B-20;13,9;14;20;1;999;;1;5;1;1;;999;4
2;2;15;8;8019;;3;2;No inventariada;;14;2;2;1;;1;1;1;1;;999;998
2;2;20;8;8019;;3;2;No inventariada;;14;2;2;1;;1;5;1;1;;999;998
2;3;18;8;8019;;3;2;No inventariada;;14;3;2;1;;1;2;1;1;;999;998
2;4;15;8;8019;;3;2;No inventariada;;14;2;2;1;;1;1;1;1;;999;998
2;3;22;8;8019;;3;2;No inventariada;;14;9;1;999;;1;5;1;1;;999;998
2;5;12;8;8019;;3;2;No inventariada;;14;20;2;1;;1;1;1;1;;999;998
2;1;19;8;8019;;3;2;No inventariada;;14;1;2;2;;1;5;1;1;;1;998
2;4;10;8;8019;;3;2;No inventariada;;14;3;1;999;;1;1;1;1;;999;998
2;7;0;8;8019;;3;2;No inventariada;;14;20;1;999;;1;5;1;1;;999;998
2;7;16;8;8019;;3;2;No inventariada;;14;3;1;999;;1;1;1;1;;999;998
2;3;12;8;8019;;3;2;No inventariada;;14;20;1;999;;1;1;1;1;;999;998
2;4;19;8;8019;;3;2;No inventariada;;14;20;1;999;;1;5;1;1;;999;998
3;5;15;8;8019;;1;1;B-10;14,8;3;20;1;999;;1;1;1;1;;999;4
3;6;19;8;8019;;3;2;No inventariada;;14;7;1;999;;1;5;1;1;;999;998
3;7;0;8;8019;;3;2;No inventariada;;14;19;1;999;;3;5;3;1;;999;998
3;7;20;8;8019;;3;2;No inventariada;;14;6;2;1;;1;5;1;1;;999;998
3;7;21;8;8019;;3;2;No inventariada;;14;7;1;999;;1;5;1;1;;999;998
3;1;12;8;8019;;3;2;No inventariada;;14;7;2;1;;1;1;1;1;;999;998
3;1;15;8;8019;;3;2;No inventariada;;14;3;2;1;;1;1;1;1;;999;998
3;1;21;8;8019;;1;1;B-20;5,1;14;20;1;999;;1;5;1;1;;999;4
2;4;13;8;8073;;3;2;No inventariada;;14;7;1;999;;1;1;1;;;17;998
2;4;17;8;8073;;3;2;No inventariada;;14;2;2;4;;1;1;1;;;17;998
3;6;22;8;8073;;3;2;No inventariada;;14;9;1;999;;1;4;1;;;17;998
3;7;19;8;8073;;3;2;No inventariada;;14;2;2;1;;1;4;1;;;17;998
2;5;21;8;8051;;3;2;No inventariada;;14;3;1;999;;1;1;1;;;17;998
2;1;13;8;8040;;3;2;No inventariada;66;14;7;1;999;;1;1;1;;;17;998
3;5;8;8;8266;;1;1;B-30;8,6;2;3;1;999;;1;1;1;;;999;4
3;5;16;8;8279;;1;1;No inventariada;12,5;6;4;2;2;;1;1;1;;;999;4
3;6;9;8;8252;;1;1;C-58;6,2;2;9;2;;;8;1;1;;;999;4
3;1;6;8;8217;;1;1;A-2;606,3;3;4;1;999;;1;2;1;;;999;4
3;1;8;8;8077;;1;1;C-32;62,7;3;9;1;999;;1;1;1;;;999;4
3;1;14;8;0;;1;1;C-55;41,3;6;4;1;999;;1;1;1;;;999;4
3;1;18;8;8023;;1;1;BP-1432;21,5;6;1;1;999;;1;6;1;;;17;1
3;7;5;8;8121;;3;2;No inventariada;;14;4;2;1;;3;5;3;;;17;998
2;5;20;8;8035;;3;2;No inventariada;;14;7;2;2;;1;2;1;;;17;998
2;5;8;8;8035;;3;2;No inventariada;;14;4;2;2;;1;2;1;;;17;998
2;1;21;8;8035;;3;2;No inventariada;;14;4;2;1;;1;2;1;;;17;998
2;4;13;8;8035;;3;2;No inventariada;;14;7;2;1;;1;1;1;;;17;998
2;5;22;8;8217;;3;2;No inventariada;;14;1;2;1;;1;4;1;;;17;998
2;3;9;8;8217;;3;2;No inventariada;;14;4;2;1;;1;1;1;;;17;998
2;7;20;8;8217;;3;2;No inventariada;;14;9;2;4;;3;4;3;;;17;998
3;1;9;8;8217;;3;2;No inventariada;;14;3;1;999;;1;1;1;;;17;998
2;2;17;8;8217;;3;2;No inventariada;;14;6;1;999;;1;1;1;;;17;998
3;5;21;8;8217;;3;2;No inventariada;;14;2;2;2;;1;4;1;;;17;998
2;4;19;8;8217;;3;2;No inventariada;;14;7;1;999;;1;2;1;;;17;998
2;4;19;8;8015;;2;2;B-500;0,9;14;2;2;4;;1;2;1;;;17;4
3;5;16;8;8124;;3;2;No inventariada;;14;9;1;999;;1;1;1;;;17;998
1;7;19;8;8015;;3;2;No inventariada;;14;19;1;999;;1;4;1;;;17;998
1;1;17;8;8147;;3;2;No inventariada;;14;6;1;999;;1;1;1;;;17;998
2;4;9;8;8252;;3;2;No inventariada;;14;2;2;1;;1;1;1;;;17;998
2;1;10;8;8019;;3;2;No inventariada;;14;2;2;1;;1;1;1;1;;1;998
2;1;16;8;8019;;3;2;No inventariada;;14;7;1;999;;1;1;1;1;;1;998
2;1;22;8;8019;;3;2;No inventariada;;14;3;2;1;;1;5;1;1;;999;998
2;4;9;8;8019;;3;2;No inventariada;;14;20;1;999;;1;1;1;1;;999;998
2;2;10;8;8019;;3;2;No inventariada;;14;20;1;999;;1;1;1;1;;999;998
2;4;11;8;8019;;3;2;No inventariada;;14;7;2;1;;1;1;1;1;;999;998
3;5;20;8;8019;;3;2;No inventariada;;14;7;1;999;;1;5;1;1;;999;998
3;5;15;8;8019;;3;2;No inventariada;;14;2;2;4;;1;1;1;1;;999;998
3;6;1;8;8019;;3;2;No inventariada;;14;3;2;1;;1;5;1;1;;999;998
3;6;12;8;8019;;3;2;No inventariada;;14;9;1;999;;1;1;1;1;;999;998
3;6;17;8;8019;;3;2;No inventariada;;14;20;2;2;;1;1;1;1;;999;998
3;7;10;8;8019;;3;2;No inventariada;;14;20;1;999;;3;1;1;1;;999;998