MES;DIA_SEMANA;HORA;COD_PROVINCIA;COD_MUNICIPIO;ISLA;ZONA;ZONA_AGRUPADA;CARRETERA;KM;TIPO_VIA;TIPO_ACCIDENTE;NUDO;NUDO_INFO;CARRETERA_CRUCE;CONDICION_FIRME;CONDICION_ILUMINACION;CONDICION_METEO;CONDICION_NIEBLA;CONDICION_VIENTO;VISIB_RESTRINGIDA_POR;TRAZADO_PLANTA
3;1;10;8;8019;;3;2;No inventariada;;14;6;2;2;;1;1;1;1;;999;998
3;1;15;8;8019;;3;2;No inventariada;;14;3;2;1;;1;1;1;1;;999;998
3;2;8;8;8019;;3;2;No inventariada;;14;20;1;999;;1;1;1;1;;999;998
3;2;16;8;8019;;3;2;No inventariada;;14;20;2;1;;1;1;1;1;;999;998
3;2;18;8;8019;;3;2;No inventariada;;14;20;2;2;;1;1;1;1;;999;998
3;2;20;8;8019;;3;2;No inventariada;;14;7;1;999;;1;5;1;1;;999;998
3;2;19;8;8019;;1;1;B-20;12,2;14;20;1;999;;1;2;1;1;;999;4
2;1;6;8;8252;;3;2;No inventariada;;14;7;1;999;;1;4;1;;;17;998
2;2;21;8;8252;;3;2;No inventariada;;14;19;1;999;;1;4;1;;;17;998
2;4;5;8;8252;;3;2;No inventariada;;14;2;2;4;;1;4;1;;;17;998
2;3;21;8;8252;;2;2;No inventariada;;14;7;2;4;;1;4;1;;;17;4
2;5;8;8;8252;;3;2;No inventariada;;14;4;2;4;;1;1;1;;;17;998
1;5;12;8;0;;2;2;B-520;3,5;14;19;1;999;;1;1;1;;;999;4
2;7;19;8;8077;;1;1;B-23;2,5;2;4;1;999;;1;4;1;;;999;4
2;1;16;8;8263;;1;1;A-2;602;3;4;1;999;;1;1;1;;;999;4
2;1;14;8;8147;;1;1;C-55;3;6;3;1;999;;1;1;1;;;999;4
2;4;8;8;8009;;1;1;C-60;0,6;2;19;2;2;;1;1;1;;;999;4
3;5;18;8;0;;1;1;N-141c;13,7;6;9;1;999;;1;1;1;;;999;4
3;1;11;8;8187;;1;1;C-58;11,5;2;9;2;;;1;1;1;;;999;4
3;1;12;8;8252;;1;1;AP-7;146,9;2;4;1;999;;1;1;1;;;999;4
3;1;18;8;8005;;1;1;C-17;26,3;3;4;2;2;;1;1;1;;;999;4
3;2;7;8;8086;;1;1;C-251;2,1;6;2;2;2;;1;1;1;;;999;4
3;2;14;8;8161;;1;1;BV-2241;5;6;19;1;999;;1;1;1;;;999;4
3;2;14;8;0;;1;1;BV-2127;2,4;6;19;1;999;;1;1;1;;;999;4
3;2;14;8;8208;;1;1;B-224;22,4;6;1;1;999;;1;1;1;;;999;4
3;2;13;8;8270;;1;1;C-31;165,5;6;20;1;999;;1;1;1;;;17;3
3;2;16;8;8009;;1;1;C-32;97,3;2;20;1;999;;1;1;1;;;999;4
3;2;17;8;0;;1;1;BV-2115;12,8;6;6;1;999;;1;1;1;;;999;4
3;2;19;8;8205;;1;1;BP-1417;11;6;4;1;999;;1;1;1;;;17;4
3;2;18;8;8138;;1;1;C-59;39,6;6;19;1;999;;1;2;1;;;4;2
3;5;14;8;8003;;1;1;BP-5002;1,6;6;2;2;2;;1;1;1;;;17;4
2;3;12;8;8169;;3;2;No inventariada;;14;2;2;2;;1;1;1;;;17;998
3;1;7;8;8169;;3;2;No inventariada;;14;2;2;4;;1;5;1;;;17;998
3;2;17;8;8102;;3;2;No inventariada;;14;3;2;2;;1;1;1;;;17;998
2;4;17;8;8245;;3;2;No inventariada;;14;20;1;999;;1;1;1;;;17;998
3;5;21;8;8245;;3;2;No inventariada;;14;9;2;2;;1;4;1;;;17;998
3;1;17;8;8121;;3;2;No inventariada;;14;6;1;999;;1;1;1;;;17;998
3;2;19;8;8015;;3;2;No inventariada;;14;9;1;999;;3;4;1;;;17;998
3;2;15;8;8015;;3;2;No inventariada;;14;2;2;2;;1;1;1;;;17;998
2;2;14;8;8200;;3;2;No inventariada;;14;2;1;999;;1;1;1;;;17;998
3;1;15;8;8015;;3;2;No inventariada;;14;3;2;4;;1;1;1;;;17;998
1;1;7;8;8147;;3;2;No inventariada;;14;7;1;999;;1;1;1;;;17;998
1;3;9;8;8147;;3;2;No inventariada;;14;7;2;2;;1;1;1;;;17;998
2;1;10;8;8147;;3;2;No inventariada;;14;3;2;2;;1;1;1;;;17;998
2;3;19;8;8019;;3;2;No inventariada;;14;20;1;999;;1;5;1;1;;999;998
2;1;17;8;8019;;1;1;B-10;11,5;3;20;1;999;;1;1;1;1;;999;4
2;2;14;8;8019;;3;2;No inventariada;;14;2;2;1;;1;1;1;1;;999;998
2;3;19;8;8019;;3;2;No inventariada;;14;7;2;1;;1;5;1;1;;999;998
2;4;14;8;8019;;1;1;B-10;11,5;3;4;1;999;;1;1;1;1;;1;4
3;5;18;8;8019;;3;2;No inventariada;;14;20;1;999;;1;1;1;1;;999;998
3;5;17;8;8019;;3;2;No inventariada;;14;7;1;999;;1;1;1;1;;999;998
3;5;18;8;8019;;3;2;No inventariada;;14;20;1;999;;1;1;1;1;;999;998
3;6;20;8;8019;;3;2;No inventariada;;14;20;1;999;;1;5;1;1;;999;998
3;1;15;8;8019;;3;2;No inventariada;;14;3;2;1;;1;1;1;1;;999;998
3;1;16;8;8019;;3;2;No inventariada;;14;2;2;2;;1;1;1;1;;999;998
3;2;0;8;8019;;3;2;No inventariada;;14;6;1;999;;1;5;1;1;;999;998
3;2;7;8;8019;;3;2;No inventariada;;14;20;1;999;;1;5;1;1;;999;998
3;2;15;8;8019;;3;2;No inventariada;;14;3;2;1;;1;1;1;1;;999;998
3;2;18;8;8019;;3;2;No inventariada;;14;20;1;999;;1;1;1;1;;999;998
3;2;19;8;8019;;3;2;No inventariada;;14;20;1;999;;1;2;1;1;;999;998
3;2;17;8;8019;;3;2;No inventariada;;14;2;2;1;;1;1;1;1;;999;998
3;3;8;8;8019;;3;2;No inventariada;;14;20;1;999;;1;1;1;1;;999;998
3;3;9;8;8019;;3;2;No inventariada;;14;3;1;999;;1;1;1;1;;999;998
3;3;12;8;8019;;3;2;No inventariada;;14;6;1;999;;1;1;1;1;;999;998
3;3;9;8;8019;;3;2;No inventariada;;14;20;2;1;;1;1;1;1;;999;998
3;2;21;8;8019;;3;2;No inventariada;;14;9;1;999;;1;5;1;1;;999;998
3;3;17;8;8019;;3;2;No inventariada;;14;20;1;999;;1;1;1;1;;999;998
2;6;17;8;8123;;3;2;No inventariada;;14;4;1;999;;1;1;1;;;17;998
2;1;19;8;8123;;3;2;No inventariada;;14;7;1;999;;1;1;1;;;17;998
2;4;18;8;0;;1;1;C-17;36;3;4;1;999;;1;2;1;;;999;4
2;4;12;8;8147;;3;2;No inventariada;;14;3;2;2;;1;1;1;;;17;998
2;6;17;8;8147;;2;2;C-55;4,2;14;3;2;4;;1;1;1;;;17;4
2;7;19;8;8262;;1;1;C-55;21;6;4;1;999;;1;4;1;;;999;4
2;6;16;8;8202;;1;1;AP-7;105;2;19;1;999;;3;1;4;;;999;4
3;1;13;8;8291;;1;1;C-58;33,8;6;19;2;2;;1;1;1;;;999;4
3;2;13;8;0;;1;1;B-520;3,9;6;19;2;2;;1;1;1;;;999;4
3;2;16;8;8009;;1;1;C-32;99,5;2;4;1;999;;1;1;1;;;999;4
3;3;7;8;8270;;1;1;C-31;164;6;7;2;4;;1;1;1;;;999;4
3;3;8;8;8211;;1;1;A-2;605;3;3;1;999;;1;1;1;;;17;1
3;3;10;8;8279;;1;1;No inventariada;19,6;6;9;2;2;;1;1;1;;;999;4
3;3;11;8;0;;1;1;C-17;54,6;3;4;1;999;;1;1;1;;;999;4
3;3;8;8;8217;;1;1;B-23;3,6;2;4;1;999;;1;1;1;;;17;1
3;3;15;8;0;;1;1;B-522;10;6;19;1;999;;1;1;1;;;999;4
3;3;15;8;8156;;1;1;C-59;5,4;6;1;1;999;;1;1;1;;;17;2
3;3;20;8;0;;1;1;No inventariada;0;6;19;1;999;;8;6;1;;;999;4
2;6;22;8;8015;;3;2;No inventariada;;14;2;2;2;;1;4;1;;;17;998
3;2;15;8;8245;;3;2;No inventariada;;14;6;1;999;;1;1;1;;;17;998
3;4;9;8;8245;;2;2;BV-5001;0,9;14;4;2;2;;1;1;1;;;17;4
1;1;20;8;8015;;3;2;No inventariada;;14;2;1;999;;1;4;1;;;17;998
2;4;6;8;8200;;3;2;No inventariada;;14;9;2;1;;3;4;1;;;17;998
2;4;8;8;8101;;3;2;No inventariada;;14;2;1;999;;1;1;1;;;17;998
2;1;13;8;8101;;3;2;No inventariada;;14;9;1;999;;1;1;1;;;17;998
3;2;19;8;8101;;3;2;No inventariada;;14;7;1;999;;1;2;1;;;17;998
3;7;19;8;8101;;3;2;No inventariada;;14;2;1;999;;1;1;1;;;17;998
3;7;15;8;8101;;3;2;No inventariada;;14;9;1;999;;1;1;1;;;17;998
2;1;19;8;8101;;3;2;No inventariada;;14;4;1;999;;1;1;1;;;17;998
2;6;0;8;8019;;3;2;No inventariada;;14;2;2;1;;3;5;3;1;;999;998
2;2;15;8;8019;;3;2;No inventariada;;14;20;2;2;;1;1;1;1;;999;998
2;2;15;8;8019;;3;2;No inventariada;;14;3;1;999;;1;1;1;1;;999;998
2;3;20;8;8019;;3;2;No inventariada;;14;2;2;1;;1;5;1;1;;999;998
3;5;13;8;8019;;3;2;No inventariada;;14;7;1;999;;1;1;1;1;;999;998
3;3;11;8;8019;;3;2;No inventariada;;14;7;2;1;;1;1;1;1;;999;998
3;2;19;8;8019;;3;2;No inventariada;;14;3;1;999;;1;1;1;1;;999;998
3;3;9;8;8019;;3;2;No inventariada;;14;3;1;999;;1;1;1;1;;999;998
3;3;11;8;8019;;3;2;No inventariada;;14;3;2;;;1;1;1;1;;999;998
3;4;6;8;8019;;3;2;No inventariada;;14;20;1;999;;1;1;1;1;;999;998
3;4;8;8;8019;;3;2;No inventariada;;14;2;2;1;;1;1;1;1;;999;998
3;4;9;8;8019;;3;2;No inventariada;;14;3;1;999;;1;1;1;1;;999;998
3;3;9;8;8019;;3;2;No inventariada;;14;7;2;2;;1;1;1;1;;999;998
3;4;13;8;8019;;3;2;No inventariada;;14;3;2;1;;1;1;1;1;;999;998
3;4;18;8;8019;;3;2;No inventariada;;14;3;1;999;;1;1;1;1;;999;998
2;2;23;8;8279;;3;2;No inventariada;;14;4;2;2;;1;4;1;;;1;998
2;5;7;8;8124;;3;2;No inventariada;;14;7;1;999;;1;4;3;;;5;998
2;1;12;8;8266;;2;2;BV-1415;0,4;14;2;1;999;;1;1;1;;;17;4
3;2;20;8;8101;;3;2;No inventariada;;14;20;1;999;;1;1;1;;;17;998
2;4;23;8;8187;;3;2;No inventariada;;14;9;1;999;;1;1;1;;;17;998
3;3;6;8;8073;;3;2;No inventariada;;14;9;2;4;;1;1;1;;;17;998
3;6;9;8;8040;;1;1;C-32;114,7;2;4;1;999;;1;1;1;;;999;4
3;6;9;8;8040;;1;1;C-32;114,5;2;19;1;999;;1;1;1;;;999;4
3;6;23;8;0;;1;1;C-1411a;13,1;6;2;1;999;;3;4;3;;;999;4
3;3;6;8;8187;;1;1;No inventariada;0,1;6;4;1;999;;1;1;1;;;999;4
3;3;14;8;8205;;1;1;BP-1417;10,3;6;3;1;999;;1;1;1;;;999;4
3;3;16;8;0;;1;1;No inventariada;48,2;6;19;1;999;;1;1;1;;;999;4
3;3;17;8;8252;;1;1;AP-7;145,7;2;3;1;999;;1;1;1;;;999;4
3;4;1;8;8019;;1;1;C-58;1;2;4;1;999;;1;4;1;;;999;4
3;4;7;8;8187;;1;1;No inventariada;0;6;4;1;999;;1;2;1;;;999;4
3;4;8;8;8238;;1;1;C-58;15,5;2;4;1;999;;1;1;1;;;999;4
3;4;15;8;8205;;1;1;BP-1417;9,8;6;9;1;999;;1;1;1;;;999;4
3;4;15;8;8263;;1;1;A-2;602,5;3;4;1;999;;1;1;1;;;999;4
3;4;13;8;8200;;1;1;C-245;11,4;6;4;2;4;;1;1;1;;;999;4
3;4;21;8;8077;;1;1;C-32;63;3;20;1;999;;1;4;1;;;999;4
3;1;8;8;8015;;3;2;No inventariada;;14;7;2;1;;1;1;1;;;17;998
3;3;8;8;8102;;3;2;No inventariada;;14;2;2;2;;1;1;1;;;17;998
2;6;11;8;8200;;3;2;No inventariada;;14;2;1;999;;1;1;1;;;17;998
2;3;23;8;8279;;2;2;B-122;0,6;14;2;2;4;;1;4;1;;;17;4
2;4;17;8;8279;;3;2;No inventariada;;14;7;1;999;;1;1;1;;;17;998
2;5;19;8;8279;;3;2;No inventariada;;14;7;2;1;;1;4;1;;;17;998
1;6;10;8;8266;;1;1;No inventariada;;6;9;2;2;;8;1;1;;;17;4
2;4;18;8;8266;;3;2;No inventariada;;14;9;1;999;;1;4;1;;;17;998
2;4;23;8;8266;;3;2;No inventariada;;14;2;1;999;;1;5;1;;;17;998
2;5;18;8;8101;;3;2;No inventariada;;14;7;1;999;;1;2;1;;;1;998
2;3;14;8;8266;;2;2;BV-1415;0,4;14;7;2;4;;1;1;1;;;17;4
3;7;19;8;8101;;3;2;No inventariada;;14;4;1;999;;1;1;1;;;17;998
2;4;15;8;8266;;3;2;No inventariada;;14;4;1;999;;1;1;1;;;17;998
3;5;15;8;8101;;3;2;No inventariada;;14;2;1;999;;1;1;1;;;1;998
3;5;13;8;8101;;3;2;No inventariada;;14;2;1;999;;1;1;1;;;17;998
3;1;18;8;8298;;3;2;No inventariada;;14;2;2;1;;1;1;1;;;17;998
3;3;8;8;8262;;1;1;C-16;44;2;19;1;999;;8;1;1;;;999;4
3;4;18;8;0;;1;1;C-15;42,8;6;3;1;999;;1;2;1;;;999;4
3;5;6;8;8101;;1;1;C-31;197,5;3;4;1;999;;3;1;1;;;999;4
3;5;8;8;8270;;1;1;C-31;172,6;6;9;1;999;;3;1;1;;;999;4
3;5;7;8;0;;1;1;BV-2304;0,6;6;19;1;999;;5;1;999;;;999;4
3;5;13;8;8200;;1;1;C-32;53,1;2;3;2;;;1;1;1;;;999;4
3;5;13;8;8156;;1;1;C-59;6,7;6;9;1;999;;1;1;1;;;999;4
3;5;14;8;8301;;1;1;C-32;52,5;2;4;1;999;;1;1;1;;;999;4
3;5;16;8;0;;1;1;BV-2304;0,9;6;19;1;999;;3;1;3;;;999;4
3;5;19;8;0;;1;1;AP-7;206;2;6;1;999;;1;6;1;;;999;4
3;5;20;8;8266;;1;1;AP-7;152,5;2;4;1;999;;1;6;1;;;999;4
3;5;23;8;8301;;1;1;C-32;50,7;2;6;2;;;1;1;1;;;999;4
2;4;16;8;8015;;3;2;No inventariada;;14;2;1;999;;1;1;1;;;17;998
2;5;9;8;8123;;3;2;No inventariada;;14;7;1;999;;1;1;1;;;1;998
3;4;20;8;8015;;3;2;No inventariada;;14;7;2;2;;1;2;1;;;17;998
3;4;20;8;8015;;3;2;No inventariada;;14;2;2;1;;1;2;1;;;17;998
3;7;1;8;8015;;3;2;No inventariada;;14;9;1;999;;3;4;1;;;17;998
3;6;7;8;8147;;3;2;No inventariada;;14;2;2;2;;3;1;3;;;17;998
3;5;9;8;8073;;3;2;No inventariada;;14;7;1;999;;1;1;1;;;17;998
3;3;8;8;8009;;1;1;C-32;100;2;4;1;999;;1;1;1;;;999;4
3;6;6;8;8252;;1;1;AP-7;146,5;2;2;1;999;;3;6;3;;;999;4
3;6;7;8;8169;;1;1;C-31;193;3;9;2;;;3;2;3;;;999;4
3;6;9;8;8279;;1;1;No inventariada;19;6;19;1;999;;3;1;4;;;999;4
3;6;11;8;8221;;1;1;BV-1468;10,5;6;9;2;2;;3;1;4;;;999;4
3;6;12;8;0;;1;1;C-25;171,6;3;19;1;999;;3;1;4;;;999;4
3;6;12;8;8169;;1;1;B-22;6;3;4;1;999;;3;1;4;;;999;4
3;6;13;8;8092;;1;1;C-16;89;3;19;1;999;;3;1;4;;;999;4
3;6;13;8;0;;1;1;C-16;91;3;19;1;999;;3;1;4;;;999;4
3;6;13;8;0;;1;1;C-16;92,2;3;4;1;999;;3;1;4;;;999;4
3;6;14;8;8114;;1;1;AP-7;171,3;2;6;1;999;;3;1;4;;;999;4
3;6;16;8;0;;1;1;B-23;14,1;2;6;1;999;;3;1;4;;;999;4
3;6;17;8;8001;;1;1;BV-1201;5,3;6;6;1;999;;3;1;4;;;999;4
3;6;16;8;8181;;1;1;C-60;8,3;2;19;1;999;;3;1;4;;;999;4
3;6;22;8;0;;1;1;C-55;18,1;6;19;2;;;3;6;3;;;999;4
3;7;1;8;0;;1;1;AP-7;181,3;2;8;1;999;;3;6;1;;;999;4
2;6;12;8;8015;;3;2;No inventariada;;14;3;2;2;;1;1;1;;;17;998
2;2;9;8;8108;;3;2;No inventariada;;14;2;1;999;;1;1;1;;;17;998
2;4;15;8;8108;;2;2;BV-1604;3;14;2;2;2;;1;1;1;;;17;4
2;1;13;8;8015;;3;2;No inventariada;;14;7;2;1;;1;1;1;;;17;998
3;3;18;8;8015;;3;2;No inventariada;;14;4;1;999;;1;2;1;;;17;998
3;6;19;8;8073;;3;2;No inventariada;;14;4;1;999;;3;4;3;;;17;998
2;5;21;8;8019;;1;1;B-20;16;14;20;1;999;;1;5;1;1;;999;4
2;6;14;8;8019;;3;2;No inventariada;;14;9;2;2;;1;1;1;1;;1;998
2;2;16;8;8019;;3;2;No inventariada;;14;20;2;2;;1;1;1;1;;999;998
2;6;18;8;8019;;3;2;No inventariada;;14;3;1;999;;1;5;1;1;;999;998
2;7;19;8;8019;;3;2;No inventariada;;14;3;2;1;;1;5;1;1;;999;998
2;5;13;8;8019;;3;2;No inventariada;;14;7;2;1;;1;1;1;1;;999;998
2;6;0;8;8019;;2;2;BV-1415;9,7;14;9;1;999;;1;6;1;1;;999;4
2;2;16;8;8019;;3;2;No inventariada;;14;20;1;999;;1;1;1;1;;999;998
2;2;20;8;8019;;3;2;No inventariada;;14;1;1;999;;1;5;1;1;;999;998
2;3;11;8;8019;;3;2;No inventariada;;14;3;2;1;;1;1;1;1;;999;998
2;3;12;8;8019;;3;2;No inventariada;;14;2;2;1;;1;1;1;1;;1;998
2;3;15;8;8019;;3;2;No inventariada;;14;9;1;999;;1;1;1;1;;999;998
2;3;23;8;8019;;3;2;No inventariada;;14;1;2;1;;1;5;1;1;;999;998
2;4;6;8;8019;;3;2;No inventariada;;14;20;1;999;;1;1;1;1;;999;998
2;4;19;8;8019;;3;2;No inventariada;;14;2;2;1;;1;5;1;1;;999;998
3;6;1;8;8019;;3;2;No inventariada;;14;20;2;1;;1;5;1;1;;999;998
3;2;22;8;8019;;3;2;No inventariada;;14;20;2;1;;1;5;1;1;;999;998
2;2;8;8;8019;;3;2;No inventariada;;14;20;2;2;;1;1;1;1;;999;998
3;3;11;8;8019;;3;2;No inventariada;;14;3;2;1;;1;1;1;1;;999;998
3;4;9;8;8019;;1;1;B-20;5;14;20;1;999;;1;1;1;1;;999;4
3;4;9;8;8019;;3;2;No inventariada;;14;3;2;1;;1;1;1;1;;999;998
3;4;11;8;8019;;3;2;No inventariada;;14;20;1;999;;1;1;1;1;;999;998
3;4;15;8;8019;;1;1;B-10;6,9;14;3;1;999;;1;1;1;1;;999;4
3;5;6;8;8019;;3;2;No inventariada;;14;2;1;999;;3;5;3;1;;999;998
3;5;9;8;8019;;3;2;No inventariada;;14;20;2;1;;1;1;1;1;;999;998
3;5;9;8;8019;;3;2;No inventariada;;14;7;1;999;;1;1;1;1;;999;998
3;5;15;8;8019;;3;2;No inventariada;;14;3;1;999;;1;1;1;1;;999;998
3;5;21;8;8019;;3;2;No inventariada;;14;20;1;999;;1;5;1;1;;999;998
3;5;22;8;8019;;1;1;C-17;1,2;3;20;1;999;;1;6;1;1;;999;4
3;6;8;8;8019;;3;2;No inventariada;;14;2;2;1;;3;1;3;1;;999;998
3;6;13;8;8019;;1;1;B-20;16;14;20;1;999;;3;2;3;1;;999;4
3;6;15;8;8019;;3;2;No inventariada;;14;20;1;999;;3;2;3;1;;999;998
3;6;10;8;8019;;3;2;No inventariada;;14;20;1;999;;3;1;3;1;;999;998
3;6;17;8;8019;;3;2;No inventariada;;14;20;1;999;;3;2;1;1;;999;998
3;6;14;8;8019;;3;2;No inventariada;;14;20;1;999;;3;1;3;1;;999;998
3;6;19;8;8019;;3;2;No inventariada;;14;6;1;999;;3;5;3;1;;999;998
3;7;15;8;8019;;3;2;No inventariada;;14;20;2;1;;1;1;1;1;;999;998
3;7;17;8;8019;;3;2;No inventariada;;14;20;1;999;;1;1;1;1;;999;998
2;4;19;8;8107;;3;2;No inventariada;;14;9;1;999;;1;4;1;;;1;998
1;6;16;8;8113;;3;2;No inventariada;;14;2;2;1;;1;1;1;;;1;998
3;5;4;8;8279;;3;2;No inventariada;;14;20;1;999;;1;1;1;;;17;998
3;4;16;8;8187;;3;2;No inventariada;;14;20;1;999;;1;1;1;;;17;998
3;7;6;8;8279;;3;2;No inventariada;;14;20;1;999;;1;1;1;;;17;998
2;5;7;8;8009;;1;1;C-32;99,3;2;4;2;2;;3;1;3;;;999;4
2;7;18;8;8240;;1;1;AP-7;183;2;4;1;999;;1;2;1;;;999;4
2;7;9;8;8067;;2;2;No inventariada;;14;2;2;2;;1;1;1;;;17;1
2;3;17;8;0;;1;1;B-522;2,9;6;4;2;4;;1;1;1;;;999;4
3;6;13;8;8181;;1;1;C-251;3,8;6;19;1;999;;3;1;4;;;999;4
3;7;4;8;8118;;1;1;C-32;87,5;2;19;1;999;;1;4;1;;;999;4
3;7;5;8;0;;1;1;A-2;561,5;3;19;1;999;;3;6;1;;;999;4
3;7;6;8;0;;1;1;AP-7;160,8;2;4;1;999;;1;4;1;;;999;4
3;7;10;8;8054;;1;1;BV-1201;8,2;6;2;2;2;;1;1;1;;;999;4
3;7;10;8;8006;;1;1;C-61;1,5;6;19;1;999;;1;1;1;;;999;4
3;7;10;8;8126;;1;1;C-32;84,4;2;3;1;999;;1;1;1;;;999;4
3;7;12;8;0;;1;1;B-212;9,5;6;19;1;999;;1;1;1;;;999;4
3;7;13;8;8194;;1;1;B-10;4,3;3;3;2;2;;1;1;1;;;999;4
3;7;14;8;8077;;1;1;B-23;0,5;2;19;1;999;;1;1;1;;;999;4
3;7;18;8;8114;;1;1;AP-7;171,6;2;6;2;2;;3;1;1;;;999;4
3;7;21;8;8019;;1;1;C-33;78,5;6;3;1;999;;1;4;1;;;999;4
3;7;23;8;8238;;1;1;C-58;13,7;2;4;1;999;;1;5;1;;;999;4
3;7;13;8;8284;;1;1;GI-600;1,3;6;2;1;999;;1;1;1;;;17;4
1;2;14;8;8041;;2;2;BV-1439;1,3;14;7;1;999;;1;1;1;;;17;4
3;4;6;8;8169;;1;1;B-250;1;6;7;2;2;;1;4;1;;;17;4
3;5;10;8;8245;;3;2;No inventariada;;14;9;1;999;;1;1;1;;;17;998
2;4;15;8;8169;;1;1;B-250;1;6;2;2;4;B-250a;1;1;1;;;17;4
2;4;17;8;8169;;3;2;No inventariada;;14;6;1;999;;1;1;1;;;17;998
3;5;20;8;8245;;3;2;No inventariada;;14;7;1;999;;1;4;1;;;17;998
3;6;11;8;8298;;3;2;No inventariada;;14;7;2;2;;3;1;3;;;17;998
3;6;13;8;8121;;3;2;No inventariada;;14;7;2;1;;3;1;3;;;17;998
2;5;16;8;8238;;3;2;No inventariada;;14;7;1;999;;1;1;1;;;17;998
3;6;16;8;8015;;3;2;No inventariada;;14;2;2;2;;1;1;1;;;17;998
1;3;11;8;8019;;3;2;No inventariada;;14;7;1;999;;1;1;1;1;;1;998
1;6;19;8;8019;;3;2;No inventariada;;14;7;2;2;;1;5;1;1;;999;998
2;7;13;8;8019;;3;2;No inventariada;;14;9;1;999;;8;1;1;1;;999;998
2;4;10;8;8019;;1;1;B-10;10;14;20;1;999;;1;5;1;1;;999;4
2;5;18;8;8019;;3;2;No inventariada;;14;7;1;999;;1;2;1;1;;999;998
2;7;8;8;8019;;3;2;No inventariada;;14;7;2;1;;1;1;1;1;;10;998
2;5;10;8;8019;;3;2;No inventariada;;14;20;1;999;;1;1;1;1;;999;998
2;2;10;8;8019;;3;2;No inventariada;;14;3;2;1;;1;1;1;1;;999;998
3;5;7;8;8019;;3;2;No inventariada;;14;2;2;1;;3;1;1;1;;999;998
3;5;14;8;8019;;3;2;No inventariada;;14;3;2;1;;1;1;1;1;;999;998
3;5;21;8;8019;;3;2;No inventariada;;14;2;2;1;;1;5;1;1;;999;998
3;6;10;8;8019;;3;2;No inventariada;;14;3;2;1;;1;1;1;1;;999;998
3;6;9;8;8019;;3;2;No inventariada;;14;7;2;1;;1;1;1;1;;999;998
3;6;12;8;8019;;3;2;No inventariada;;14;3;2;1;;1;1;1;1;;999;998
3;6;13;8;8019;;3;2;No inventariada;;14;20;1;999;;1;1;1;1;;999;998
3;6;12;8;8019;;3;2;No inventariada;;14;7;1;999;;1;1;1;1;;999;998
3;6;16;8;8019;;3;2;No inventariada;;14;20;1;999;;1;1;1;1;;999;998
3;6;22;8;8019;;3;2;No inventariada;;14;20;1;999;;1;1;1;1;;999;998
3;7;16;8;8019;;3;2;No inventariada;;14;3;2;1;;1;1;1;1;;999;998
3;1;11;8;8019;;3;2;No inventariada;;14;3;1;999;;1;1;1;1;;999;998
3;1;23;8;8019;;3;2;No inventariada;;14;20;1;999;;1;5;1;1;;999;998
3;2;7;8;8019;;3;2;No inventariada;;14;2;2;2;;1;1;1;1;;999;998
3;2;10;8;8019;;3;2;No inventariada;;14;1;1;999;;1;1;1;1;;999;998
3;2;15;8;8019;;3;2;No inventariada;;14;3;2;1;;1;1;1;1;;999;998
3;2;16;8;8019;;3;2;No inventariada;;14;2;2;2;;1;1;1;1;;999;998
3;3;15;8;8019;;3;2;No inventariada;;14;3;2;1;;1;1;1;1;;999;998
3;2;17;8;8019;;3;2;No inventariada;;14;20;2;1;;1;1;1;1;;999;998
3;2;16;8;8019;;3;2;No inventariada;;14;7;2;1;;1;1;1;1;;999;998
3;3;15;8;8019;;3;2;No inventariada;;14;2;2;1;;1;1;1;1;;999;998
3;3;21;8;8019;;3;2;No inventariada;;14;2;2;2;;1;5;1;1;;999;998
3;3;17;8;8019;;3;2;No inventariada;;14;9;2;1;;1;1;1;1;;999;998
3;3;19;8;8019;;3;2;No inventariada;;14;7;2;1;;1;5;1;1;;999;998
3;4;9;8;8019;;1;1;B-10;15;3;20;1;999;;1;1;1;1;;999;4
3;4;20;8;8019;;3;2;No inventariada;;14;2;1;999;;1;5;1;1;;999;998
3;4;17;8;8019;;3;2;No inventariada;;14;7;2;1;;1;1;1;1;;999;998
3;4;15;8;8019;;3;2;No inventariada;;14;3;1;999;;1;1;1;1;;999;998
3;5;7;8;8019;;3;2;No inventariada;;14;3;2;1;;3;1;1;1;;999;998
3;5;10;8;8019;;3;2;No inventariada;;14;3;2;1;;1;1;1;1;;999;998
3;5;9;8;8019;;3;2;No inventariada;;14;7;1;999;;1;1;1;1;;999;998
3;5;17;8;8019;;3;2;No inventariada;;14;3;2;1;;1;1;1;1;;999;998
3;5;18;8;8019;;3;2;No inventariada;;14;20;2;1;;1;1;1;1;;999;998
3;5;20;8;8019;;3;2;No inventariada;;14;3;2;2;;1;5;1;1;;999;998
3;5;20;8;8019;;3;2;No inventariada;;14;20;2;1;;1;2;1;1;;999;998
3;7;12;8;8019;;3;2;No inventariada;;14;7;1;999;;1;1;1;1;;999;998