MES;DIA_SEMANA;HORA;COD_PROVINCIA;COD_MUNICIPIO;ISLA;ZONA;ZONA_AGRUPADA;CARRETERA;KM;TIPO_VIA;TIPO_ACCIDENTE;NUDO;NUDO_INFO;CARRETERA_CRUCE;CONDICION_FIRME;CONDICION_ILUMINACION;CONDICION_METEO;CONDICION_NIEBLA;CONDICION_VIENTO;VISIB_RESTRINGIDA_POR;TRAZADO_PLANTA
3;7;20;8;8019;;3;2;No inventariada;;14;7;1;999;;1;5;1;1;;999;998
3;7;19;8;8019;;3;2;No inventariada;;14;9;1;999;;3;5;1;1;;999;998
3;1;8;8;8019;;3;2;No inventariada;;14;20;1;999;;1;1;1;1;;999;998
3;1;8;8;8019;;1;1;B-10;7,4;14;20;1;999;;1;5;1;1;;999;4
3;1;9;8;8019;;3;2;No inventariada;;14;3;1;999;;1;1;1;1;;999;998
3;1;15;8;8019;;3;2;No inventariada;;14;20;2;1;;1;1;1;1;;999;998
3;1;15;8;8019;;3;2;No inventariada;;14;3;1;999;;1;1;1;1;;999;998
2;3;16;8;8298;;3;2;No inventariada;;14;7;1;999;;1;1;1;;;9;998
3;6;5;8;8279;;3;2;No inventariada;;14;20;1;999;;1;1;1;;;17;998
2;3;13;8;8124;;3;2;No inventariada;;14;2;2;1;;1;1;1;;;1;998
3;6;11;8;8029;;1;1;N-2;642,3;6;19;1;999;;1;1;1;;;999;4
3;4;8;8;8194;;1;1;B-10;3,8;3;3;1;999;;1;1;1;;;999;4
3;6;14;8;8307;;1;1;C-31;149,8;6;4;2;2;;3;1;4;;;999;4
3;1;7;8;8217;;1;1;B-23;3,5;2;6;1;999;;1;1;1;;;999;4
3;1;7;8;0;;3;2;No inventariada;;14;3;1;999;;1;1;1;;;999;998
3;1;8;8;0;;1;1;BV-2421;1,5;6;1;1;999;;1;1;1;;;999;4
3;1;10;8;0;;1;1;BP-1121;9,3;6;9;1;999;;1;1;1;;;999;4
3;1;9;8;8077;;1;1;B-23;1,7;2;3;1;999;;1;1;1;;;999;4
3;1;10;8;8301;;1;1;C-32;52,8;2;3;2;;;1;1;1;;;999;4
3;1;13;8;8260;;1;1;B-142;0,6;6;3;2;4;;1;1;1;;;999;4
3;1;17;8;8270;;1;1;C-31;176,5;6;2;2;1;;1;1;1;;;999;4
3;1;17;8;8267;;1;1;No inventariada;31,8;6;7;1;999;;1;1;1;;;999;4
3;1;17;8;8161;;1;1;BV-2242;10,6;6;2;2;2;;1;1;1;;;999;4
3;1;21;8;0;;1;1;C-16;38,1;2;8;1;999;;1;6;1;;;999;4
3;2;4;8;8279;;1;1;N-150;15,4;6;20;1;999;;1;6;1;;;999;4
3;1;7;8;8073;;3;2;No inventariada;;14;4;1;999;;1;1;1;;;17;998
3;2;13;8;8015;;3;2;No inventariada;;14;4;1;999;;1;1;1;;;17;998
2;6;6;8;8307;;3;2;No inventariada;;14;2;2;1;;1;4;1;;;17;998
2;2;13;8;8307;;3;2;No inventariada;;14;3;2;4;;1;1;1;;;17;998
2;2;7;8;8180;;3;2;No inventariada;;14;2;2;4;;1;1;1;;;17;998
2;5;18;8;8015;;3;2;No inventariada;;14;4;1;999;;1;4;1;;;17;998
2;5;14;8;8015;;3;2;No inventariada;;14;4;1;999;;1;1;1;;;1;998
2;5;18;8;8180;;3;2;No inventariada;;14;7;2;2;;1;1;1;;;17;998
2;2;21;8;8180;;3;2;No inventariada;;14;7;2;2;;1;4;1;;;17;998
1;1;8;8;8301;;3;2;No inventariada;;14;19;2;1;;1;1;1;;;17;998
1;7;18;8;8301;;2;2;BV-2003;7,3;14;9;1;999;;1;4;1;;;17;4
2;1;12;8;8015;;3;2;No inventariada;;14;4;1;999;;1;2;1;;;17;998
1;7;10;8;8301;;3;2;No inventariada;;14;2;2;1;;1;1;1;;;17;998
3;5;6;8;8200;;3;2;No inventariada;;14;7;1;999;;3;4;3;;;17;998
3;2;3;8;8298;;3;2;No inventariada;;14;7;1;999;;1;4;1;;;17;998
1;3;7;8;8019;;3;2;No inventariada;;14;3;1;999;;1;2;1;1;;2;998
1;3;18;8;8019;;3;2;No inventariada;;14;2;2;1;;1;5;1;1;;999;998
3;2;6;8;8019;;3;2;No inventariada;;14;3;1;999;;1;1;1;1;;999;998
3;1;12;8;8019;;3;2;No inventariada;;14;20;1;999;;1;1;1;1;;999;998
3;1;20;8;8019;;3;2;No inventariada;;14;3;2;4;;1;5;1;1;;999;998
3;1;17;8;8019;;3;2;No inventariada;;14;20;2;1;;1;1;1;1;;999;998
3;2;9;8;8019;;3;2;No inventariada;;14;3;2;1;;1;1;1;1;;999;998
3;2;14;8;8019;;3;2;No inventariada;;14;20;2;1;;1;1;1;1;;999;998
3;2;14;8;8019;;3;2;No inventariada;;14;20;1;999;;1;1;1;1;;999;998
3;2;20;8;8019;;3;2;No inventariada;;14;2;2;2;;1;5;1;1;;999;998
2;4;13;8;8015;;3;2;No inventariada;;14;2;1;999;;1;1;1;;;17;998
2;6;0;8;8200;;1;1;C-245;11,2;6;6;2;4;;3;5;3;;;999;4
3;6;1;8;8248;;1;1;No inventariada;5;6;19;1;999;;1;6;1;;;999;4
3;1;10;8;8187;;1;1;C-58;10,9;2;4;1;999;;1;1;1;;;999;4
3;1;13;8;8051;;1;1;No inventariada;29,2;6;9;1;999;;1;1;1;;;999;4
3;1;17;8;8205;;1;1;AP-7;153,6;2;19;1;999;;1;1;1;;;999;4
3;2;7;8;8121;;1;1;C-32;104,5;2;19;1;999;;1;2;1;;;999;4
3;2;8;8;8125;;1;1;C-59;5,8;6;4;2;2;;1;1;1;;;999;4
3;2;8;8;8211;;1;1;B-23;7,5;2;4;1;999;;1;1;1;;;999;4
3;2;8;8;8200;;1;1;C-32;53;2;4;1;999;;1;1;1;;;999;4
3;2;14;8;0;;1;1;AP-7;182;2;4;1;999;;1;1;1;;;999;4
3;2;17;8;8305;;1;1;C-15;15,3;6;4;2;4;;1;1;1;;;999;4
3;2;17;8;8260;;1;1;B-140;4,6;6;9;2;4;;8;1;1;;;999;4
3;2;19;8;8114;;1;1;AP-7;171;2;3;2;;;1;4;1;;;17;1
3;2;20;8;8033;;1;1;No inventariada;2;6;2;2;2;;1;5;1;;;999;4
3;2;21;8;8904;;1;1;C-58;9,1;2;19;1;999;;1;6;1;;;999;4
3;2;18;8;8245;;3;2;No inventariada;;14;3;2;4;;1;1;1;;;17;998
2;5;11;8;8015;;3;2;No inventariada;;14;20;2;1;;1;1;1;;;17;998
3;4;11;8;8015;;3;2;No inventariada;;14;2;1;999;;1;1;1;;;17;998
3;6;13;8;8015;;3;2;No inventariada;;14;9;1;999;;1;1;1;;;1;998
2;2;6;8;8015;;3;2;No inventariada;;14;2;2;4;;1;4;1;;;17;998
3;2;16;8;8245;;3;2;No inventariada;;14;3;2;1;;1;1;1;;;17;998
3;1;14;8;8102;;3;2;No inventariada;;14;2;2;2;;1;1;1;;;17;998
1;7;15;8;8301;;3;2;No inventariada;;14;9;2;1;;1;1;1;;;17;998
2;4;8;8;8301;;3;2;No inventariada;;14;3;2;4;;1;1;1;;;17;998
2;6;12;8;8266;;3;2;No inventariada;;14;9;1;999;;3;1;1;;;17;998
2;2;16;8;8266;;3;2;No inventariada;;14;4;1;999;;1;1;1;;;17;998
2;3;8;8;8266;;3;2;No inventariada;;14;2;2;1;;1;1;1;;;17;998
2;3;9;8;8266;;2;2;BV-1415;0,2;14;9;1;999;;1;1;1;;;17;4
2;3;20;8;8266;;3;2;No inventariada;;14;9;2;1;;1;4;1;;;17;998
2;5;13;8;8266;;3;2;No inventariada;;14;4;1;999;;1;1;1;;;17;998
2;6;20;8;8200;;3;2;No inventariada;;14;7;2;2;;3;4;1;;;1;998
2;1;20;8;8238;;3;2;No inventariada;;14;2;2;4;;1;4;1;;;17;998
2;6;21;8;8019;;3;2;No inventariada;;14;20;2;4;;1;5;1;1;;999;998
2;1;8;8;8019;;3;2;No inventariada;;14;2;1;999;;1;1;1;1;;999;998
2;2;8;8;8019;;3;2;No inventariada;;14;9;2;1;;1;1;1;1;;999;998
3;5;16;8;8019;;3;2;No inventariada;;14;20;1;999;;1;1;1;1;;999;998
3;1;11;8;8019;;3;2;No inventariada;;14;2;2;1;;1;1;1;1;;999;998
3;1;20;8;8019;;3;2;No inventariada;;14;3;2;1;;1;5;1;1;;999;998
3;2;9;8;8019;;3;2;No inventariada;;14;2;2;1;;1;1;1;1;;999;998
3;2;22;8;8019;;3;2;No inventariada;;14;2;2;1;;1;5;1;1;;999;998
3;3;9;8;8019;;3;2;No inventariada;;14;20;1;999;;1;1;1;1;;999;998
3;4;14;8;8019;;1;1;B-20;5;14;20;1;999;;1;1;1;1;;999;4
3;4;14;8;8019;;3;2;No inventariada;;14;7;1;999;;1;1;1;1;;999;998
3;5;12;8;8019;;1;1;B-20;8,6;14;3;1;999;;1;1;1;1;;999;4
3;5;17;8;8019;;3;2;No inventariada;;14;7;2;1;;1;2;1;1;;999;998
3;6;20;8;8019;;3;2;No inventariada;;14;7;1;999;;1;5;1;1;;999;998
3;6;23;8;8019;;3;2;No inventariada;;14;20;2;1;;3;5;1;1;;999;998
3;6;13;8;8019;;1;1;C-31;208,5;14;9;1;999;;3;1;3;1;;999;4
3;2;7;8;8019;;3;2;No inventariada;;14;3;1;999;;1;1;1;1;;999;998
3;2;10;8;8019;;3;2;No inventariada;;14;2;2;1;;1;1;1;1;;999;998
3;5;9;8;8019;;3;2;No inventariada;;14;2;2;1;;1;1;1;1;;999;998
3;2;18;8;8019;;3;2;No inventariada;;14;7;1;999;;1;1;1;1;;999;998
3;2;14;8;8019;;3;2;No inventariada;;14;20;1;999;;1;1;1;1;;999;998
3;2;23;8;8019;;3;2;No inventariada;;14;9;2;1;;1;5;1;1;;999;998
3;3;6;8;8019;;1;1;B-10;5,7;14;3;1;999;;1;5;1;1;;999;4
3;2;8;8;8019;;3;2;No inventariada;;14;20;1;999;;1;1;1;1;;999;998
3;3;8;8;8019;;1;1;B-20;6,2;14;20;1;999;;1;1;1;1;;999;4
3;3;11;8;8019;;3;2;No inventariada;;14;2;2;2;;1;1;1;1;;999;998
3;5;16;8;8301;;3;2;No inventariada;;14;2;1;999;;1;1;1;;;1;998
3;5;8;8;8141;;3;2;No inventariada;1;14;7;1;999;;1;1;1;;;1;998
2;1;18;8;8194;;1;1;B-10;2,9;3;2;1;999;;1;4;1;;;999;4
3;3;7;8;8252;;1;1;AP-7;146;2;3;1;999;;1;1;1;;;999;4
3;3;7;8;8125;;1;1;C-58;4,3;2;4;1;999;;1;1;1;;;999;4
2;4;7;8;8067;;3;2;No inventariada;;14;2;2;2;;1;1;1;;;999;998
3;1;20;8;8074;;1;1;C-31;147,5;6;19;1;999;;1;6;1;;;999;4
3;5;15;8;8169;;1;1;B-22;7;6;7;1;999;;1;1;1;;;999;4
3;7;16;8;8009;;1;1;B-502;4,3;6;9;1;999;;1;1;1;;;999;4
3;2;15;8;8279;;1;1;C-58;17;2;3;2;2;;1;1;1;;;999;4
3;3;5;8;8001;;1;1;A-2;584,9;3;9;1;999;;1;4;1;;;999;4
3;3;8;8;8157;;1;1;B-24;10;3;4;1;999;;1;1;1;;;999;4
3;3;9;8;8305;;1;1;N-340;1210;6;4;1;999;;1;1;1;;;999;4
3;3;13;8;8270;;1;1;C-31;171;6;1;1;999;;1;1;1;;;999;4
3;3;14;8;8278;;1;1;No inventariada;;6;19;2;2;;1;1;1;;;17;2
3;3;22;8;8074;;2;2;C-31;147,2;6;4;1;999;;1;6;1;;;999;4
3;2;13;8;8073;;3;2;No inventariada;;14;7;1;999;;1;1;1;;;17;998
3;1;11;8;8015;;3;2;No inventariada;;14;19;1;999;;1;1;1;;;1;998
3;2;17;8;8102;;3;2;No inventariada;;14;2;2;1;;1;1;1;;;17;998
2;4;7;8;8041;;2;2;C-1415b;11,3;14;4;1;999;;1;1;1;;;17;4
3;1;19;8;8245;;3;2;No inventariada;;14;7;1;999;;1;2;1;;;17;998
3;2;13;8;8169;;3;2;No inventariada;;14;2;2;1;;1;1;1;;;17;998
1;4;7;8;8041;;3;2;No inventariada;;14;4;1;999;;3;1;1;;;17;998
3;2;9;8;8169;;3;2;No inventariada;;14;2;2;1;;1;1;1;;;17;998
1;2;14;8;8041;;2;2;BV-1439;1,3;14;7;1;999;;1;1;1;;;17;4
3;2;12;8;8015;;3;2;No inventariada;;14;7;1;999;;1;1;1;;;17;998
3;2;8;8;8096;;3;2;No inventariada;;14;7;1;999;;1;1;1;;;17;998
3;1;14;8;8096;;3;2;No inventariada;;14;7;1;999;;1;1;1;;;17;998
3;4;21;8;8096;;3;2;No inventariada;;14;3;1;999;;1;4;1;;;17;998
1;3;8;8;8263;;2;2;BV-2002;2,8;14;7;1;999;;3;2;3;;;17;4
2;4;17;8;8015;;3;2;No inventariada;;14;2;2;1;;1;1;1;;;17;998
2;5;19;8;8019;;3;2;No inventariada;;14;2;2;1;;1;5;1;1;;999;998
2;5;10;8;8019;;3;2;No inventariada;;14;6;1;999;;1;1;1;1;;999;998
2;5;14;8;8019;;3;2;No inventariada;;14;20;1;999;;1;1;1;1;;999;998
2;3;12;8;8019;;3;2;No inventariada;;14;3;1;999;;1;1;1;1;;999;998
2;2;17;8;8019;;3;2;No inventariada;;14;9;1;999;;1;1;1;1;;999;998
2;2;17;8;8019;;3;2;No inventariada;;14;20;2;1;;1;1;1;1;;999;998
2;4;17;8;8019;;3;2;No inventariada;;14;3;1;999;;1;1;1;1;;999;998
3;1;9;8;8019;;3;2;No inventariada;;14;7;1;999;;1;1;1;1;;999;998
3;1;10;8;8019;;3;2;No inventariada;;14;3;2;4;;1;1;1;1;;999;998
3;3;9;8;8019;;3;2;No inventariada;;14;1;1;999;;1;1;1;1;;999;998
3;3;15;8;8019;;3;2;No inventariada;;14;2;2;2;;1;1;1;1;;999;998
3;3;12;8;8019;;3;2;No inventariada;;14;9;2;1;;1;1;1;1;;999;998
3;4;16;8;8019;;1;1;B-20;10;14;20;1;999;;1;1;1;1;;999;4
3;4;13;8;8019;;3;2;No inventariada;;14;9;1;999;;8;1;1;1;;999;998
3;4;8;8;8019;;3;2;No inventariada;;14;20;1;999;;1;1;1;1;;999;998
2;3;0;8;8200;;3;2;No inventariada;;14;9;2;4;;1;4;1;;;1;998
3;3;19;8;8205;;3;2;No inventariada;;14;7;1;999;;8;1;4;;;1;998
3;5;15;8;0;;1;1;C-32;128;2;4;1;999;;1;1;1;;;999;4
3;3;9;8;8194;;1;1;B-10;3,5;3;4;1;999;;1;1;1;;;999;4
3;3;15;8;8202;;2;2;C-35;57,9;6;4;1;999;;1;1;1;;;999;4
3;3;20;8;8086;;2;2;C-251;1,5;6;4;2;4;;1;6;1;;;999;4
3;4;6;8;8263;;1;1;A-2;601;3;3;1;999;;1;1;1;;;999;4
3;4;14;8;0;;1;1;B-220;2,3;6;19;1;999;;1;1;1;;;999;4
3;4;16;8;8307;;1;1;C-31;150;6;4;1;999;;1;1;1;;;999;4
3;4;17;8;8200;;1;1;C-32;53,5;2;4;1;999;;1;1;1;;;999;4
3;4;17;8;8119;;1;1;B-224;14;6;4;1;999;;1;1;1;;;999;4
3;4;17;8;8301;;1;1;C-32;51,7;2;4;1;999;;1;1;1;;;999;4
3;4;22;8;8217;;1;1;A-2;607,2;3;3;1;999;;1;4;1;;;999;4
3;4;22;8;8041;;3;2;No inventariada;;14;6;1;999;;1;1;1;;;17;998
2;2;9;8;8307;;3;2;No inventariada;;14;2;2;1;;1;1;1;;;17;998
3;6;13;8;8015;;3;2;No inventariada;;14;2;1;999;;1;1;1;;;17;998
3;2;12;8;8121;;3;2;No inventariada;;14;6;1;999;;1;1;1;;;17;998
3;5;19;8;8015;;3;2;No inventariada;;14;6;1;999;;1;2;1;;;17;998
3;4;21;8;8245;;3;2;No inventariada;;14;4;2;2;;1;4;1;;;17;998
3;3;14;8;8200;;3;2;No inventariada;;14;4;1;999;;1;1;1;;;17;998
2;3;21;8;8015;;3;2;No inventariada;;14;20;2;1;;1;4;1;;;17;998
3;6;12;8;8200;;3;2;No inventariada;;14;2;2;1;;3;1;3;;;17;998
3;3;19;8;8121;;3;2;No inventariada;;14;4;1;999;;1;4;1;;;17;998
3;4;6;8;8073;;3;2;No inventariada;;14;2;2;4;;1;2;1;;;17;998
3;5;20;8;8003;;1;1;BP-5002;3,7;6;8;1;999;;3;5;3;;;17;4
3;3;8;8;8073;;3;2;No inventariada;;14;3;1;999;;1;1;1;;;17;998
2;5;13;8;8101;;1;1;C-31;196;3;3;2;2;;1;1;1;;;999;4
2;5;16;8;8169;;1;1;C-31;190;3;3;2;4;;1;1;1;;;999;4
2;5;16;8;8217;;1;1;A-2;608,3;3;4;1;999;;1;1;1;;;999;4
3;6;12;8;8270;;1;1;C-31;169,7;6;19;1;999;;1;1;3;;;17;2
3;1;15;8;8043;;3;2;No inventariada;;14;6;1;999;;1;1;1;;;999;998
3;5;6;8;8136;;1;1;BV-5001;15,6;6;2;2;4;;1;4;1;;;17;1
3;5;7;8;8106;;1;1;AP-7;121;2;4;1;999;;1;1;1;;;999;4
3;5;7;8;8054;;1;1;AP-7;165;2;4;1;999;;1;1;1;;;999;4
3;5;11;8;0;;1;1;AP-7;161,5;2;3;1;999;;1;1;1;;;999;4
3;5;13;8;8167;;1;1;B-142;2;6;1;1;999;;1;1;1;;;999;4
3;5;15;8;8073;;1;1;C-32;59,5;3;4;1;999;;1;1;1;;;999;4
3;5;15;8;8252;;1;1;AP-7;147;2;4;1;999;;1;1;1;;;999;4
3;5;16;8;8125;;1;1;C-17;4,2;3;9;1;999;;1;1;1;;;999;4
3;5;17;8;8019;;1;1;C-33;78;2;6;1;999;;1;1;1;;;999;4
3;5;17;8;8073;;1;1;A-2;609;3;4;1;999;;1;1;1;;;999;4
3;5;18;8;8091;;1;1;AP-7;178;2;4;1;999;;1;1;1;;;999;4
3;5;18;8;0;;2;2;C-244;4,8;14;9;1;999;;1;2;1;;;999;4
3;5;14;8;8263;;1;1;A-2;603;3;20;1;999;;1;1;1;;;17;1
3;4;9;8;8181;;1;1;C-251;4,3;6;20;1;999;;1;1;1;;;999;4
3;4;13;8;0;;1;1;N-2a;575;6;2;2;2;;1;1;1;;;999;4
3;5;7;8;8054;;1;1;AP-7;165;2;4;1;999;;1;2;1;;;999;4
3;6;11;8;0;;1;1;A-2;562;3;19;2;;;1;1;1;;;999;4
3;6;11;8;8252;;1;1;B-30;9,5;2;4;1;999;;1;1;1;;;999;4
3;6;11;8;8307;;1;1;BV-2115;1,8;6;2;2;1;;1;1;1;;;999;4
3;6;11;8;8181;;1;1;C-251;3,3;6;20;1;999;;1;1;1;;;999;4
3;6;12;8;8051;;1;1;No inventariada;24,3;6;19;1;999;;1;1;1;;;999;4
3;6;13;8;8252;;1;1;B-30;10,5;2;4;1;999;;1;1;1;;;999;4
3;6;13;8;8238;;1;1;C-58;12,1;2;4;1;999;;1;1;1;;;999;4
3;6;16;8;8051;;1;1;No inventariada;29;6;3;1;999;;1;1;1;;;999;4
3;6;16;8;8073;;1;1;A-2;609,5;3;4;1;999;;1;1;1;;;999;4
3;6;18;8;8250;;1;1;No inventariada;1,9;6;4;2;2;;1;2;1;;;999;4
3;6;20;8;8200;;1;1;C-32;54;2;4;2;;;1;5;1;;;999;4
3;7;2;8;8105;;1;1;C-33;85,3;2;7;1;999;;1;4;1;;;17;1
3;6;6;8;8114;;3;2;No inventariada;;14;2;2;1;;3;4;3;;;17;998
2;3;18;8;8114;;2;2;B-224;26;6;4;2;1;;1;1;1;;;17;4
3;1;10;8;8088;;3;2;No inventariada;;14;2;2;1;;1;1;1;;;17;998
3;4;9;8;8088;;3;2;No inventariada;;14;7;2;1;;1;1;1;;;17;998
3;1;22;8;8101;;3;2;No inventariada;;14;9;2;1;;1;4;1;;;17;998
3;4;14;8;8101;;3;2;No inventariada;;14;9;2;1;;1;1;1;;;17;998
2;5;9;8;8101;;3;2;No inventariada;;14;6;2;1;;1;1;1;;;17;998
2;2;13;8;8101;;3;2;No inventariada;;14;2;1;999;;1;1;1;;;17;998
2;4;13;8;8101;;3;2;No inventariada;;14;3;1;999;;1;1;1;;;17;998
2;1;13;8;8101;;3;2;No inventariada;;14;7;2;1;;1;1;1;;;17;998
2;4;8;8;8101;;3;2;No inventariada;;14;4;2;1;;1;1;1;;;17;998
3;4;17;8;8101;;3;2;No inventariada;;14;7;1;999;;1;1;1;;;17;998
2;7;12;8;8019;;3;2;No inventariada;;14;2;2;1;;1;1;1;1;;999;998
2;2;11;8;8019;;3;2;No inventariada;;14;2;2;1;;1;1;1;1;;999;998
2;4;18;8;8019;;3;2;No inventariada;;14;9;1;999;;1;5;1;1;;1;998
2;1;19;8;8019;;1;1;B-20;9;14;20;1;999;;1;5;1;1;;999;4
2;2;16;8;8019;;1;1;B-20;8,9;14;20;1;999;;1;1;1;1;;999;4
2;4;8;8;8019;;3;2;No inventariada;;14;20;1;999;;1;1;1;1;;999;998
2;4;16;8;8019;;3;2;No inventariada;;14;2;2;1;;1;1;1;1;;999;998
3;5;16;8;8019;;3;2;No inventariada;;14;7;1;999;;1;1;1;1;;9;998
3;5;14;8;8019;;1;1;B-20;10,5;14;3;1;999;;1;1;1;1;;999;4
3;7;19;8;8019;;3;2;No inventariada;;14;7;2;1;;1;2;1;1;;999;998
3;1;14;8;8019;;3;2;No inventariada;;14;1;1;999;;1;1;1;1;;1;998
3;1;22;8;8019;;3;2;No inventariada;;14;7;2;1;;1;5;1;1;;999;998
3;2;13;8;8019;;3;2;No inventariada;;14;20;1;999;;1;1;1;1;;999;998
3;4;14;8;8019;;3;2;No inventariada;;14;3;2;4;;1;1;1;1;;999;998
3;4;19;8;8019;;3;2;No inventariada;;14;7;2;1;;1;5;1;1;;999;998
3;5;11;8;8019;;3;2;No inventariada;;14;20;1;999;;1;1;1;1;;999;998
3;7;9;8;8019;;3;2;No inventariada;;14;9;1;999;;3;1;1;1;;999;998
3;7;15;8;8019;;3;2;No inventariada;;14;20;2;1;;3;1;1;1;;999;998
3;7;14;8;8019;;3;2;No inventariada;;14;3;2;4;;1;1;1;1;;999;998
3;1;9;8;8019;;3;2;No inventariada;;14;6;1;999;;1;1;1;1;;999;998
3;1;12;8;8019;;3;2;No inventariada;;14;3;2;1;;1;1;1;1;;999;998
3;2;8;8;8019;;3;2;No inventariada;;14;9;1;999;;1;1;1;1;;999;998
3;3;4;8;8019;;3;2;No inventariada;;14;6;2;1;;1;5;1;1;;999;998
3;3;8;8;8019;;3;2;No inventariada;;14;2;2;1;;1;1;1;1;;999;998
3;3;13;8;8019;;1;1;B-10;11,6;3;20;1;999;;1;1;1;1;;999;4
3;3;15;8;8019;;3;2;No inventariada;;14;20;1;999;;1;1;1;1;;999;998
3;3;15;8;8019;;3;2;No inventariada;;14;20;1;999;;1;1;1;1;;999;998
3;3;20;8;8019;;3;2;No inventariada;;14;20;2;1;;1;5;1;1;;999;998
3;3;15;8;8019;;3;2;No inventariada;;14;20;2;1;;1;1;1;1;;999;998
3;4;6;8;8019;;1;1;B-10;0,1;14;20;1;999;;1;5;1;1;;999;4
3;3;16;8;8019;;1;1;B-10;7,8;14;3;1;999;;1;1;1;1;;999;4
3;4;19;8;8019;;3;2;No inventariada;;14;7;2;1;;1;5;1;1;;999;998
3;4;17;8;8019;;3;2;No inventariada;;14;7;2;1;;1;1;1;1;;999;998
3;4;18;8;8019;;3;2;No inventariada;;14;7;1;999;;1;2;1;1;;999;998
3;4;19;8;8019;;3;2;No inventariada;;14;7;2;1;;1;2;1;1;;999;998
3;5;7;8;8019;;3;2;No inventariada;;14;6;1;999;;1;1;1;1;;999;998
3;4;16;8;8019;;3;2;No inventariada;;14;9;2;1;;1;1;1;1;;999;998
3;5;9;8;8019;;3;2;No inventariada;;14;20;1;999;;1;1;1;1;;999;998
3;4;21;8;8019;;3;2;No inventariada;;14;20;1;999;;1;5;1;1;;999;998
3;5;8;8;8019;;3;2;No inventariada;;14;3;1;999;;1;1;1;1;;999;998
3;5;12;8;8019;;3;2;No inventariada;;14;2;2;1;;1;1;1;1;;999;998
3;4;15;8;8019;;1;1;B-20;5,5;14;20;1;999;;1;1;1;1;;999;4
3;5;17;8;8019;;1;1;B-10;17,5;3;6;1;999;;1;1;1;1;;999;4
3;5;14;8;8019;;3;2;No inventariada;;14;3;2;1;;1;1;1;1;;999;998
3;6;0;8;8019;;3;2;No inventariada;;14;6;1;999;;1;1;1;1;;999;998
3;6;10;8;8019;;3;2;No inventariada;;14;20;1;999;;1;1;1;1;;999;998
3;6;14;8;8019;;3;2;No inventariada;;14;20;2;1;;1;1;1;1;;999;998
3;6;19;8;8019;;3;2;No inventariada;;14;2;2;1;;1;5;1;1;;999;998
3;6;18;8;8019;;3;2;No inventariada;;14;7;2;1;;1;1;1;1;;999;998
3;7;6;8;8019;;3;2;No inventariada;;14;20;1;999;;1;1;1;1;;999;998
3;7;10;8;8019;;3;2;No inventariada;;14;2;2;1;;1;1;1;1;;999;998
3;7;16;8;8019;;3;2;No inventariada;;14;2;2;1;;1;1;1;1;;999;998
3;7;13;8;8019;;3;2;No inventariada;;14;9;1;999;;1;1;1;1;;999;998
3;7;11;8;8019;;3;2;No inventariada;;14;20;1;999;;1;1;1;1;;999;998
2;5;19;8;8200;;3;2;No inventariada;;14;4;1;999;;1;4;1;;;1;998
2;2;12;8;8187;;3;2;No inventariada;;14;20;1;999;;1;1;1;;;17;998
3;6;19;8;8298;;3;2;No inventariada;;14;2;2;4;;1;4;4;;;1;998
3;2;21;8;8211;;3;2;No inventariada;;14;6;1;999;;1;4;1;;;1;998
3;4;23;8;8184;;2;2;C-1413a;12,2;14;20;1;999;;1;1;1;;;17;4
3;5;15;8;8252;;1;1;B-30;9,5;2;4;1;999;;1;1;1;;;999;4
3;5;17;8;8125;;1;1;C-58;3,8;2;20;1;999;;1;1;1;;;999;4
3;6;23;8;8187;;1;1;C-58;10,3;2;20;1;999;;1;6;1;;;17;1
3;7;2;8;8904;;1;1;C-58;9,2;2;4;1;999;;1;6;1;;;999;4
3;7;8;8;8270;;1;1;C-31;166,1;6;6;1;999;;1;1;1;;;999;4
3;7;9;8;0;;1;1;B-124;31;6;9;1;999;;1;1;1;;;999;4
3;7;10;8;0;;1;1;BV-4316;10,5;6;9;1;999;;1;1;1;;;999;4
3;7;11;8;0;;1;1;B-124;31;6;19;1;999;;1;1;1;;;999;4
3;7;12;8;8187;;1;1;BV-1248;3,3;6;19;1;999;;1;1;1;;;999;4
3;7;12;8;0;;1;1;BV-4341;17,8;6;19;1;999;;1;1;1;;;999;4
3;7;12;8;0;;1;1;BV-2411;23;6;3;1;999;;1;1;1;;;17;3
3;7;13;8;0;;1;1;B-212;3,4;6;20;1;999;;1;1;1;;;17;4
3;7;14;8;8235;;1;1;N-2;663;6;20;2;2;;1;1;1;;;17;4
3;7;17;8;8101;;1;1;C-31;196;3;9;1;999;;1;1;1;;;999;4
3;7;17;8;8279;;1;1;No inventariada;20,2;6;9;2;4;;8;1;1;;;999;4
3;6;22;8;8245;;3;2;No inventariada;;14;3;2;1;;1;4;1;;;17;998
3;4;12;8;8102;;3;2;No inventariada;;14;4;1;999;;1;1;1;;;17;998
2;1;13;8;8301;;2;2;C-245;7,4;14;3;2;4;;1;1;1;;;17;4
2;3;16;8;8301;;3;2;No inventariada;;14;7;1;999;;1;1;1;;;17;998
1;3;12;8;8200;;3;2;No inventariada;;14;9;1;999;;1;1;1;;;17;998