MES;DIA_SEMANA;HORA;COD_PROVINCIA;COD_MUNICIPIO;ISLA;ZONA;ZONA_AGRUPADA;CARRETERA;KM;TIPO_VIA;TIPO_ACCIDENTE;NUDO;NUDO_INFO;CARRETERA_CRUCE;CONDICION_FIRME;CONDICION_ILUMINACION;CONDICION_METEO;CONDICION_NIEBLA;CONDICION_VIENTO;VISIB_RESTRINGIDA_POR;TRAZADO_PLANTA
2;4;10;8;8301;;3;2;No inventariada;;14;2;2;4;;1;1;1;;;17;998
2;5;10;8;8301;;3;2;No inventariada;;14;19;1;999;;1;1;1;;;17;998
2;5;7;8;8301;;3;2;No inventariada;;14;2;1;999;;3;4;3;;;17;998
2;1;17;8;8301;;3;2;No inventariada;;14;20;2;1;;1;1;1;;;17;998
2;7;14;8;8301;;3;2;No inventariada;;14;2;2;1;;1;1;1;;;17;998
2;5;21;8;8301;;3;2;No inventariada;;14;2;2;4;;1;4;1;;;17;998
3;4;17;8;8121;;3;2;No inventariada;;14;2;2;1;;1;1;1;;;17;998
2;5;15;8;8301;;3;2;No inventariada;;14;2;2;4;;1;1;1;;;17;998
2;3;9;8;8200;;3;2;No inventariada;;14;7;2;2;;1;1;1;;;17;998
3;3;18;8;8124;;3;2;No inventariada;;14;2;2;2;;1;1;1;;;17;998
3;4;15;8;8101;;3;2;No inventariada;;14;2;2;4;;1;1;1;;;17;998
3;6;7;8;8147;;3;2;No inventariada;;14;3;2;2;;3;1;3;;;17;998
2;3;22;8;8019;;3;2;No inventariada;;14;20;2;1;;1;5;1;1;;999;998
2;2;11;8;8019;;3;2;No inventariada;;14;7;2;1;;1;1;1;1;;999;998
2;7;20;8;8019;;3;2;No inventariada;;14;7;1;999;;3;5;3;1;;999;998
2;4;13;8;8019;;3;2;No inventariada;;14;7;1;999;;1;1;1;1;;999;998
3;3;17;8;8019;;3;2;No inventariada;;14;20;2;2;;1;1;1;1;;999;998
3;3;21;8;8019;;3;2;No inventariada;;14;2;2;1;;1;5;1;1;;999;998
3;7;11;8;8019;;3;2;No inventariada;;14;9;2;1;;1;1;1;1;;999;998
3;2;19;8;8019;;3;2;No inventariada;;14;7;1;999;;1;2;1;1;;999;998
3;4;15;8;8019;;3;2;No inventariada;;14;3;2;1;;1;1;1;1;;999;998
3;5;11;8;8019;;3;2;No inventariada;;14;20;1;999;;1;1;1;1;;999;998
3;1;9;8;8019;;1;1;B-10;0,3;14;20;1;999;;1;1;1;1;;999;4
3;1;9;8;8019;;3;2;No inventariada;;14;9;2;1;;1;1;1;1;;999;998
3;1;14;8;8019;;3;2;No inventariada;;14;20;1;999;;1;1;1;1;;999;998
3;1;12;8;8019;;3;2;No inventariada;;14;20;2;1;;1;1;1;1;;999;998
3;1;18;8;8019;;3;2;No inventariada;;14;20;2;2;;1;1;1;1;;999;998
2;6;12;8;8015;;3;2;No inventariada;;14;2;2;4;;1;1;1;;;17;998
3;4;15;8;8101;;3;2;No inventariada;;14;2;1;999;;1;1;1;;;17;998
3;1;20;8;8073;;3;2;No inventariada;;14;2;1;999;;1;4;1;;;17;998
2;5;19;8;8211;;1;1;A-2;604,4;3;6;1;999;;1;5;1;;;999;4
3;3;12;8;0;;1;1;BP-2151;12;6;9;1;999;;1;1;1;;;999;4
2;1;7;8;8159;;1;1;C-17;15,2;3;4;1;999;;1;1;1;;;999;4
3;7;13;8;8252;;1;1;B-30;11;2;3;2;;;1;1;1;;;999;4
3;5;2;8;0;;1;1;AP-7;204,8;2;6;1;999;;3;6;3;;;999;4
3;5;14;8;8200;;1;1;C-31C;1,2;3;3;1;999;;1;1;1;;;17;2
3;5;17;8;8205;;1;1;BP-1417;5,1;6;2;2;4;;1;1;1;;;17;4
3;5;20;8;8238;;1;1;C-58;15;2;4;1;999;;1;6;1;;;999;4
3;1;6;8;8217;;1;1;A-2;608;3;4;2;2;;1;2;1;;;999;4
3;1;11;8;0;;1;1;BV-2411;25,3;6;19;1;999;;1;1;1;;;999;4
3;1;13;8;8231;;1;1;C-32;28,9;2;6;2;;;1;1;1;;;999;4
3;1;14;8;0;;3;2;No inventariada;;14;2;2;2;;1;1;1;;;999;998
3;1;14;8;8240;;1;1;C-243a;0,7;6;19;1;999;;1;1;1;;;999;4
3;1;14;8;8270;;1;1;C-31;171,1;6;2;1;999;;1;1;1;;;999;4
3;1;16;8;8114;;1;1;N-2;586;6;3;1;999;;1;1;1;;;999;4
3;6;10;8;8015;;3;2;No inventariada;;14;7;2;1;;3;1;4;;;17;998
2;3;18;8;8301;;2;2;BV-2003;7,3;14;9;1;999;;1;4;1;;;17;4
3;4;11;8;8245;;3;2;No inventariada;;14;4;1;999;;1;1;1;;;17;998
2;3;8;8;8307;;3;2;No inventariada;;14;9;1;999;;8;1;1;;;17;998
2;5;17;8;8307;;3;2;No inventariada;;14;2;2;1;;1;1;1;;;17;998
2;1;12;8;8307;;3;2;No inventariada;;14;4;2;1;;1;1;1;;;17;998
3;1;18;8;8245;;3;2;No inventariada;;14;3;2;1;;1;1;1;;;17;998
3;4;15;8;8217;;3;2;No inventariada;;14;2;1;999;;1;1;1;;;17;998
3;7;13;8;8217;;3;2;No inventariada;;14;6;1;999;;1;1;1;;;17;998
3;3;19;8;8217;;3;2;No inventariada;;14;1;2;2;;1;4;1;;;17;998
3;5;10;8;8217;;3;2;No inventariada;;14;9;1;999;;1;1;1;;;17;998
3;5;7;8;8121;;3;2;No inventariada;;14;2;2;1;;1;1;1;;;17;998
3;3;17;8;8200;;3;2;No inventariada;;14;2;1;999;;1;1;1;;;17;998
3;5;19;8;8200;;3;2;No inventariada;;14;4;1;999;;1;4;1;;;17;998
2;2;20;8;8015;;3;2;No inventariada;;14;2;1;999;;1;5;1;;;17;998
3;2;22;8;8200;;3;2;No inventariada;;14;9;2;4;;1;4;1;;;17;998
3;3;15;8;8200;;3;2;No inventariada;;14;2;2;4;;1;1;1;;;17;998
2;1;13;8;8019;;3;2;No inventariada;;14;3;2;2;;1;1;1;1;;999;998
2;7;8;8;8019;;1;1;B-20;11,5;14;6;1;999;;1;1;1;1;;999;4
2;3;10;8;8019;;3;2;No inventariada;;14;7;1;999;;1;1;1;1;;999;998
2;3;12;8;8019;;3;2;No inventariada;;14;20;2;1;;1;1;1;1;;999;998
2;4;3;8;8019;;3;2;No inventariada;;14;2;2;1;;1;5;1;1;;999;998
1;2;16;8;8019;;3;2;No inventariada;;14;9;1;999;;1;1;1;1;;999;998
3;7;18;8;8019;;3;2;No inventariada;;14;2;2;4;;1;5;1;1;;999;998
3;4;20;8;8019;;3;2;No inventariada;;14;20;2;1;;1;5;1;1;;999;998
3;4;19;8;8019;;3;2;No inventariada;;14;20;2;1;;1;5;1;1;;999;998
3;6;17;8;8019;;3;2;No inventariada;;14;2;2;1;;1;1;1;1;;999;998
3;1;1;8;8019;;3;2;No inventariada;;14;7;1;999;;1;5;1;1;;999;998
3;1;8;8;8019;;3;2;No inventariada;;14;20;1;999;;1;1;1;1;;999;998
3;1;8;8;8019;;3;2;No inventariada;;14;20;1;999;;1;1;1;1;;999;998
3;1;16;8;8019;;3;2;No inventariada;;14;20;2;1;;1;1;1;1;;999;998
3;1;13;8;8019;;3;2;No inventariada;;14;2;1;999;;1;1;1;1;;999;998
3;2;9;8;8019;;3;2;No inventariada;;14;2;2;1;;1;1;1;1;;999;998
3;2;13;8;8019;;3;2;No inventariada;;14;2;1;999;;1;1;1;1;;999;998
3;2;14;8;8073;;3;2;No inventariada;;14;7;1;999;;1;1;1;;;17;998
3;4;11;8;8200;;2;2;BV-2002;5,8;14;1;1;999;;1;1;1;;;17;4
3;3;22;8;8073;;3;2;No inventariada;;14;2;2;4;;1;4;1;;;17;998
3;6;23;8;8073;;3;2;No inventariada;;14;9;1;999;;1;4;1;;;17;998
2;4;11;8;8238;;3;2;No inventariada;;14;9;1;999;;3;1;1;;;1;998
3;4;6;8;8169;;3;2;No inventariada;;14;7;2;2;;1;4;1;;;1;998
3;5;19;8;8200;;3;2;No inventariada;;14;4;1;999;;1;1;1;;;17;998
3;1;13;8;8077;;3;2;No inventariada;;14;20;1;999;;1;1;1;;;17;998
3;1;22;8;8279;;3;2;No inventariada;;14;20;1;999;;1;1;1;;;17;998
3;6;13;8;8270;;1;1;C-31;170,8;6;6;1;999;;3;1;3;;;999;4
3;7;6;8;0;;1;1;B-231;6,4;6;19;1;999;;3;6;1;;;999;4
3;3;17;8;8113;;1;1;C-55;28,5;3;3;1;999;;1;1;1;;;999;4
3;1;15;8;8035;;1;1;BV-5126;0,8;6;9;1;999;;1;1;1;;;999;4
3;1;21;8;8009;;1;1;C-60;2,2;2;4;1;999;;1;1;1;;;999;4
3;2;7;8;8260;;1;1;AP-7;143,5;2;20;1;999;;1;1;1;;;999;4
3;2;7;8;8180;;1;1;C-58;6,5;2;20;1;999;;1;1;1;;;999;4
3;1;20;8;8169;;1;1;C-32B;0;3;9;1;999;;1;4;1;;;17;2
3;2;18;8;8077;;1;1;C-32;63;3;3;1;999;;1;1;1;;;999;4
3;2;18;8;0;;1;1;B-23;15;2;4;1;999;;1;1;1;;;999;4
3;2;9;8;8073;;3;2;No inventariada;;14;2;1;999;;1;1;1;;;17;998
3;2;22;8;8169;;3;2;No inventariada;;14;2;2;4;;1;4;1;;;17;998
3;2;13;8;8015;;3;2;No inventariada;;14;7;1;999;;1;1;1;;;17;998
2;3;16;8;8307;;3;2;No inventariada;;14;9;2;2;;1;1;1;;;17;998
1;3;16;8;8180;;3;2;No inventariada;;14;4;1;999;;1;1;1;;;17;998
2;6;3;8;8307;;3;2;No inventariada;;14;2;2;1;;1;4;1;;;17;998
3;5;17;8;8121;;3;2;No inventariada;;14;7;2;1;;1;1;1;;;17;998
3;5;20;8;8121;;3;2;No inventariada;;14;2;2;4;;1;4;1;;;17;998
1;3;13;8;8263;;2;2;BV-2005;0,4;14;9;1;999;;1;1;1;;;17;4
3;2;17;8;8245;;3;2;No inventariada;;14;7;2;2;;1;1;1;;;17;998
3;2;17;8;8015;;2;2;BV-5001;0;14;9;2;1;;1;1;1;;;17;4
3;4;17;8;8015;;3;2;No inventariada;;14;2;2;4;;1;1;1;;;17;998
3;5;18;8;8248;;3;2;No inventariada;;14;9;1;999;;1;1;1;;;17;998
3;1;14;8;8015;;3;2;No inventariada;;14;4;1;999;;1;1;1;;;17;998
3;2;22;8;8200;;3;2;No inventariada;;14;2;2;4;;1;4;1;;;17;998
2;7;13;8;8019;;3;2;No inventariada;;14;2;2;1;;1;1;1;1;;999;998
2;7;13;8;8019;;3;2;No inventariada;;14;20;1;999;;1;1;1;1;;999;998
2;4;10;8;8019;;3;2;No inventariada;;14;2;2;1;;1;1;1;1;;999;998
3;7;21;8;8019;;3;2;No inventariada;;14;3;2;1;;1;5;1;1;;999;998
3;4;19;8;8019;;3;2;No inventariada;;14;20;1;999;;1;1;1;1;;999;998
3;5;12;8;8019;;3;2;No inventariada;;14;20;1;999;;1;1;1;1;;999;998
3;4;5;8;8019;;3;2;No inventariada;;14;2;2;2;;1;5;1;1;;1;998
3;4;12;8;8019;;3;2;No inventariada;;14;7;1;999;;1;1;1;1;;999;998
3;4;20;8;8019;;3;2;No inventariada;;14;2;2;1;;1;5;1;1;;999;998
3;5;8;8;8019;;1;1;B-10;10;14;20;1;999;;1;1;1;1;;999;4
3;5;13;8;8019;;3;2;No inventariada;;14;7;1;999;;1;1;1;1;;999;998
3;6;11;8;8019;;3;2;No inventariada;;14;20;1;999;;1;1;1;1;;999;998
3;6;11;8;8019;;3;2;No inventariada;;14;7;1;999;;1;1;1;1;;999;998
3;1;9;8;8019;;3;2;No inventariada;;14;20;1;999;;1;1;1;1;;999;998
3;1;14;8;8019;;3;2;No inventariada;;14;7;2;1;;1;1;1;1;;999;998
3;2;11;8;8019;;3;2;No inventariada;;14;3;1;999;;1;1;1;1;;999;998
3;2;8;8;8019;;3;2;No inventariada;;14;20;1;999;;1;1;1;1;;999;998
3;2;17;8;8019;;1;1;B-20;13,4;14;20;1;999;;1;5;1;1;;999;4
3;2;13;8;8019;;3;2;No inventariada;;14;7;1;999;;1;1;1;1;;999;998
3;3;7;8;8019;;3;2;No inventariada;;14;3;2;1;;1;1;1;1;;999;998
3;3;8;8;8019;;3;2;No inventariada;;14;20;1;999;;1;1;1;1;;999;998
3;3;9;8;8019;;3;2;No inventariada;;14;20;2;1;;1;1;1;1;;999;998
3;3;11;8;8019;;3;2;No inventariada;;14;7;1;999;;1;1;1;1;;999;998
3;3;12;8;8019;;3;2;No inventariada;;14;20;1;999;;1;1;1;1;;999;998
2;6;20;8;8279;;3;2;No inventariada;;14;20;1;999;;1;1;1;;;17;998
3;6;15;8;8006;;1;1;C-32;110,9;2;19;1;999;;3;1;4;;;999;4
3;5;6;8;8096;;2;2;C-251;1;6;2;2;4;;1;2;1;;;999;4
3;6;23;8;0;;1;1;AP-7;174,4;6;4;1;999;;3;6;3;;;999;4
3;5;20;8;8155;;1;1;N-2;678,3;6;9;2;;;1;6;1;;;999;4
3;2;18;8;8260;;1;1;B-140;7;6;4;2;2;;1;1;1;;;999;4
3;3;12;8;8051;;1;1;No inventariada;29,1;6;9;1;999;;1;1;1;;;999;4
3;3;14;8;8252;;1;1;AP-7;147,1;2;3;1;999;;1;1;1;;;999;4
3;3;14;8;8213;;1;1;B-451;0,8;6;19;1;999;;1;1;1;;;999;4
3;3;16;8;0;;1;1;BV-2415;2,4;6;1;1;999;;1;1;1;;;999;4
3;3;17;8;8200;;1;1;C-245;11,5;6;9;1;999;;1;1;1;;;999;4
3;3;17;8;0;;3;2;No inventariada;;14;19;1;999;;1;1;1;;;999;998
3;3;18;8;0;;1;1;BP-1101;11,2;6;8;1;999;;1;1;1;;;999;4
3;3;20;8;8181;;1;1;C-1415c;17,5;6;4;1;999;;1;2;1;;;999;4
3;3;20;8;8205;;1;1;BP-1417;10,3;6;9;2;;;1;5;1;;;999;4
3;5;22;8;8015;;2;2;B-500;0,9;14;4;2;1;;1;1;1;;;17;4
3;1;17;8;8102;;3;2;No inventariada;;14;2;2;2;;1;1;1;;;17;998
2;5;15;8;8307;;3;2;No inventariada;;14;2;2;1;;1;1;1;;;17;998
1;5;17;8;8015;;3;2;No inventariada;;14;2;2;1;;1;1;1;;;17;998
3;6;9;8;8121;;3;2;No inventariada;;14;9;1;999;;1;1;1;;;17;998
3;6;20;8;8121;;3;2;No inventariada;;14;2;2;2;;1;2;1;;;17;998
3;5;14;8;8245;;3;2;No inventariada;;14;2;2;2;;1;1;1;;;1;998
2;3;11;8;8015;;3;2;No inventariada;;14;9;1;999;;3;1;3;;;17;998
2;6;10;8;8015;;3;2;No inventariada;;14;2;2;1;;1;1;1;;;17;998
3;3;22;8;8121;;3;2;No inventariada;;14;4;2;4;;1;6;1;;;17;998
3;3;8;8;8089;;3;2;No inventariada;;14;2;2;2;;1;1;1;;;17;998
3;3;17;8;8089;;3;2;No inventariada;;14;3;1;999;;1;1;1;;;17;998
1;7;13;8;8263;;3;2;No inventariada;;14;6;1;999;;1;1;1;;;17;998
3;7;16;8;8019;;3;2;No inventariada;;14;7;1;999;;1;1;1;1;;1;998
2;1;15;8;8019;;3;2;No inventariada;;14;2;1;999;;1;1;1;1;;999;998
2;3;18;8;8019;;3;2;No inventariada;;14;3;1;999;;1;1;1;1;;999;998
2;4;17;8;8019;;3;2;No inventariada;;14;7;1;999;;1;1;1;1;;999;998
3;2;18;8;8019;;3;2;No inventariada;;14;20;1;999;;1;2;1;1;;999;998
3;6;23;8;8019;;3;2;No inventariada;;14;9;2;1;;3;5;3;1;;999;998
3;7;21;8;8019;;1;1;B-20;6,8;14;3;1;999;;1;5;1;1;;999;4
3;1;17;8;8019;;3;2;No inventariada;;14;20;2;1;;1;1;1;1;;999;998
3;7;22;8;8019;;3;2;No inventariada;;14;20;1;999;;1;5;1;1;;999;998
3;1;9;8;8019;;3;2;No inventariada;;14;7;1;999;;1;1;1;1;;999;998
3;1;13;8;8019;;3;2;No inventariada;;14;3;1;999;;1;1;1;1;;999;998
3;2;17;8;8019;;3;2;No inventariada;;14;2;2;1;;1;1;1;1;;999;998
3;2;18;8;8019;;3;2;No inventariada;;14;2;2;1;;1;1;1;1;;999;998
3;3;15;8;8019;;3;2;No inventariada;;14;2;1;999;;1;1;1;1;;999;998
3;4;12;8;8019;;3;2;No inventariada;;14;2;2;2;;1;1;1;1;;999;998
3;4;10;8;8019;;3;2;No inventariada;;14;20;2;2;;1;1;1;1;;999;998
3;4;9;8;8019;;3;2;No inventariada;;14;20;2;1;;1;1;1;1;;999;998
3;4;8;8;8019;;3;2;No inventariada;;14;20;1;999;;1;1;1;1;;999;998
3;4;12;8;8019;;3;2;No inventariada;;14;20;2;1;;1;1;1;1;;999;998
3;4;9;8;8019;;3;2;No inventariada;;14;2;1;999;;1;1;1;1;;999;998
3;4;13;8;8019;;3;2;No inventariada;;14;3;1;999;;1;1;1;1;;999;998
3;5;14;8;8073;;3;2;No inventariada;;14;2;2;1;;1;1;1;;;17;998
3;3;22;8;8073;;3;2;No inventariada;;14;9;2;1;;1;4;1;;;17;998
3;2;18;8;8238;;3;2;No inventariada;;14;4;1;999;;1;2;1;;;1;998
3;4;11;8;8259;;1;1;C-35;52,7;6;20;2;;;1;1;1;;;999;4
2;7;16;8;8159;;1;1;C-33;90,5;2;19;1;999;;1;1;1;;;999;4
3;1;11;8;8091;;1;1;AP-7;178;2;6;1;999;;1;1;1;;;999;4
3;3;9;8;8015;;1;1;C-31;211,2;2;3;1;999;;1;1;1;;;999;4
3;3;9;8;8054;;1;1;BV-1201;7,3;6;4;2;2;;1;1;1;;;999;4
3;4;6;8;0;;1;1;C-15;36,9;6;4;2;;;1;2;1;;;999;4
3;4;7;8;8266;;1;1;C-58;8;2;4;1;999;;1;1;1;;;999;4
3;4;7;8;8169;;1;1;C-31;195;3;4;2;2;;1;1;1;;;999;4
3;4;6;8;0;;1;1;C-25;196,2;3;2;1;999;;1;2;1;;;17;2
3;4;12;8;8262;;1;1;C-55;20,7;6;4;1;999;;1;1;1;;;999;4
3;4;13;8;8221;;1;1;B-23;3;2;20;2;;;1;1;1;;;17;4
3;4;12;8;8202;;1;1;AP-7;111;2;4;1;999;;1;1;1;;;999;4
3;4;16;8;8107;;2;2;C-1415b;7;6;2;2;4;;1;1;1;;;999;4
3;4;17;8;8210;;1;1;No inventariada;0,8;6;19;1;999;;1;1;1;;;999;4
3;4;17;8;0;;1;1;B-522;3,6;6;2;2;4;;1;1;1;;;4;1
3;4;18;8;8113;;1;1;C-55;31,1;6;4;2;;;1;1;1;;;999;4
1;3;15;8;8307;;3;2;No inventariada;;14;2;2;1;;3;1;3;;;17;998
3;3;15;8;8121;;3;2;No inventariada;;14;2;2;2;;1;1;1;;;17;998
2;4;12;8;8307;;3;2;No inventariada;;14;2;2;4;;1;4;1;;;17;998
3;3;9;8;8015;;3;2;No inventariada;;14;7;1;999;;1;1;1;;;17;998
3;2;15;8;8121;;3;2;No inventariada;;14;2;2;1;;1;1;1;;;17;998
3;4;16;8;8121;;3;2;No inventariada;;14;9;2;2;;1;1;1;;;17;998
3;5;19;8;8089;;3;2;No inventariada;;14;3;1;999;;1;5;1;;;17;998
3;5;10;8;8121;;3;2;No inventariada;;14;9;1;999;;1;1;1;;;17;998
3;5;13;8;8073;;3;2;No inventariada;;14;2;2;2;;1;1;1;;;17;998
3;1;19;8;8298;;2;2;BV-4601;0,6;14;9;1;999;;1;2;1;;;17;4
2;2;19;8;8266;;3;2;No inventariada;;14;7;1;999;;1;4;1;;;17;998
3;2;2;8;8305;;1;1;AP-7;194;2;6;1;999;;1;6;1;;;999;4
3;1;18;8;8210;;1;1;BV-1485;0,6;6;1;1;999;;1;1;1;;;17;2
3;4;18;8;8181;;1;1;C-1415c;13;6;8;1;999;;1;1;1;;;999;4
3;4;21;8;8125;;1;1;C-155;8;6;4;2;4;;1;5;1;;;999;4
3;5;5;8;8054;;1;1;No inventariada;0,8;6;1;2;1;;1;6;1;;;999;4
3;5;5;8;8235;;1;1;BV-5128;27,5;6;2;1;999;;1;6;1;;;999;4
3;5;6;8;0;;1;1;BV-2429;22,5;6;19;1;999;;1;6;1;;;999;4
3;5;7;8;8266;;1;1;B-30;5;2;9;1;999;;8;1;1;;;999;4
3;5;8;8;8169;;1;1;B-22;0,9;3;4;1;999;;1;1;1;;;999;4
3;5;14;8;8184;;2;2;BP-1503;19;6;3;2;2;;1;1;1;;;999;4
3;5;13;8;8266;;1;1;AP-7;151,9;2;4;1;999;;1;1;1;;;999;4
3;5;15;8;8107;;1;1;C-17;19,9;3;4;1;999;;1;1;1;;;999;4
3;5;17;8;0;;1;1;C-55;10,3;6;6;1;999;;1;1;1;;;999;4
3;5;16;8;0;;1;1;BV-2421;3,7;6;20;1;999;;1;1;1;;;17;4
3;5;19;8;8213;;1;1;BV-4511;2;6;19;2;4;;1;6;1;;;999;4
3;5;22;8;8200;;1;1;C-245;13;6;4;2;4;;1;4;1;;;999;4
3;5;22;8;8181;;1;1;AP-7;126,5;2;4;2;;;1;6;1;;;999;4
3;2;13;8;8015;;3;2;No inventariada;;14;7;1;999;;1;1;1;;;17;998
3;1;15;8;8298;;3;2;No inventariada;;14;2;2;4;;1;1;1;;;17;998
3;7;14;8;8101;;3;2;No inventariada;;14;4;2;1;;1;1;1;;;17;998
3;1;19;8;8101;;3;2;No inventariada;;14;2;2;1;;1;1;1;;;17;998
3;2;14;8;8101;;3;2;No inventariada;;14;2;1;999;;1;1;1;;;17;998
3;3;16;8;8101;;3;2;No inventariada;;14;9;2;1;;1;1;1;;;17;998
3;3;17;8;8101;;3;2;No inventariada;;14;7;1;999;;1;1;1;;;17;998
3;4;18;8;8101;;3;2;No inventariada;;14;9;1;999;;1;1;1;;;17;998
3;6;12;8;8209;;1;1;BV-5001;10,1;6;9;2;4;;1;1;1;;;999;4
3;6;12;8;8114;;1;1;AP-7;169;2;4;1;999;;1;1;1;;;999;4
3;6;14;8;8006;;1;1;N-2;655,8;6;3;2;4;;1;1;1;;;999;4
3;6;7;8;8101;;1;1;B-20;2,6;2;3;2;2;;1;1;1;;;999;4
3;6;14;8;0;;1;1;C-25;126,1;3;19;1;999;;1;1;1;;;999;4
3;6;16;8;8074;;1;1;C-31;149,5;6;3;2;4;;1;1;1;;;17;1
3;6;18;8;0;;1;1;BP-1101;11,9;6;3;2;2;;1;1;1;;;999;4
3;6;20;8;8200;;1;1;No inventariada;54;6;4;2;;;1;6;1;;;999;4
3;6;17;8;8191;;3;2;No inventariada;;14;2;1;999;;1;1;1;;;17;998
3;6;17;8;8112;;2;2;BV-5224;0,1;14;4;1;999;;1;1;1;;;17;4
2;5;11;8;8019;;3;2;No inventariada;;14;20;1;999;;1;1;1;1;;999;998
2;3;19;8;8019;;3;2;No inventariada;;14;7;2;1;;1;5;1;1;;1;998
2;4;9;8;8019;;3;2;No inventariada;;14;3;1;999;;1;1;1;1;;999;998
2;4;8;8;8019;;3;2;No inventariada;;14;2;1;999;;1;1;1;1;;999;998
2;1;11;8;8019;;3;2;No inventariada;;14;20;2;2;;1;1;1;1;;999;998
3;5;5;8;8019;;3;2;No inventariada;;14;2;2;1;;3;5;1;1;;999;998
3;5;9;8;8019;;3;2;No inventariada;;14;6;2;1;;1;1;1;1;;999;998
3;2;10;8;8019;;3;2;No inventariada;;14;2;2;1;;1;1;1;1;;999;998
3;2;12;8;8019;;3;2;No inventariada;;14;20;2;1;;1;1;1;1;;999;998
2;1;15;8;8019;;3;2;No inventariada;;14;3;2;1;;1;1;1;1;;999;998
3;3;8;8;8019;;3;2;No inventariada;;14;3;1;999;;1;1;1;1;;999;998
3;3;19;8;8019;;3;2;No inventariada;;14;20;1;999;;1;2;1;1;;999;998
3;6;0;8;8019;;3;2;No inventariada;;14;20;1;999;;1;5;1;1;;999;998
3;6;10;8;8019;;3;2;No inventariada;;14;20;1;999;;3;1;3;1;;999;998
3;5;23;8;8019;;3;2;No inventariada;;14;3;1;999;;1;5;1;1;;999;998
3;6;15;8;8019;;3;2;No inventariada;;14;2;2;1;;3;2;3;1;;999;998
3;6;5;8;8019;;3;2;No inventariada;;14;2;1;999;;3;5;3;1;;999;998
3;7;7;8;8019;;3;2;No inventariada;;14;6;1;999;;1;1;1;1;;999;998
3;7;18;8;8019;;3;2;No inventariada;;14;20;1;999;;1;2;1;1;;999;998
3;2;10;8;8019;;3;2;No inventariada;;14;2;2;2;;1;1;1;1;;999;998
3;3;10;8;8019;;1;1;B-10;9,1;14;20;1;999;;1;1;1;1;;999;4
3;3;7;8;8019;;1;1;B-10;8;14;3;1;999;;1;5;1;1;;999;4
3;3;18;8;8019;;3;2;No inventariada;;14;20;1;999;;1;1;1;1;;999;998
3;4;16;8;8019;;3;2;No inventariada;;14;20;2;2;;1;1;1;1;;999;998
3;4;16;8;8019;;3;2;No inventariada;;14;2;2;4;;1;1;1;1;;999;998
3;2;8;8;8019;;3;2;No inventariada;;14;20;1;999;;1;1;1;1;;999;998
3;5;13;8;8019;;3;2;No inventariada;;14;7;2;1;;1;1;1;1;;999;998
3;2;16;8;8019;;3;2;No inventariada;;14;2;2;1;;1;1;1;1;;999;998
3;2;9;8;8019;;3;2;No inventariada;;14;20;2;2;;1;1;1;1;;999;998
3;2;14;8;8019;;3;2;No inventariada;;14;20;1;999;;1;1;1;1;;999;998
3;2;10;8;8019;;3;2;No inventariada;;14;2;1;999;;1;1;1;1;;999;998
3;2;16;8;8019;;3;2;No inventariada;;14;7;2;2;;1;1;1;1;;999;998
3;3;11;8;8019;;3;2;No inventariada;;14;20;1;999;;1;1;1;1;;999;998
3;3;13;8;8019;;3;2;No inventariada;;14;7;1;999;;1;1;1;1;;999;998
3;3;14;8;8019;;3;2;No inventariada;;14;2;1;999;;1;1;1;1;;999;998
3;3;13;8;8019;;3;2;No inventariada;;14;3;2;1;;1;1;1;1;;999;998
3;3;15;8;8019;;3;2;No inventariada;;14;3;2;1;;1;1;1;1;;999;998
3;4;16;8;8019;;3;2;No inventariada;;14;20;1;999;;1;1;1;1;;999;998
3;4;15;8;8019;;3;2;No inventariada;;14;3;2;1;;1;1;1;1;;999;998
3;5;16;8;8019;;3;2;No inventariada;;14;20;1;999;;1;1;1;1;;999;998
3;4;22;8;8019;;3;2;No inventariada;;14;3;2;1;;1;5;1;1;;999;998
3;5;12;8;8019;;3;2;No inventariada;;14;3;2;1;;1;1;1;1;;999;998
3;5;13;8;8019;;3;2;No inventariada;;14;2;2;1;;1;1;1;1;;999;998
3;5;14;8;8019;;3;2;No inventariada;;14;9;1;999;;1;1;1;1;;999;998
3;5;14;8;8019;;3;2;No inventariada;;14;3;2;1;;1;1;1;1;;999;998
3;5;16;8;8019;;3;2;No inventariada;;14;2;2;1;;1;1;1;1;;999;998
3;5;22;8;8019;;1;1;B-20;16,3;14;3;1;999;;1;5;1;1;;999;4
3;6;7;8;8019;;3;2;No inventariada;;14;6;2;1;;1;1;1;1;;999;998
3;6;11;8;8019;;3;2;No inventariada;;14;20;1;999;;1;1;1;1;;999;998