MES;DIA_SEMANA;HORA;COD_PROVINCIA;COD_MUNICIPIO;ISLA;ZONA;ZONA_AGRUPADA;CARRETERA;KM;TIPO_VIA;TIPO_ACCIDENTE;NUDO;NUDO_INFO;CARRETERA_CRUCE;CONDICION_FIRME;CONDICION_ILUMINACION;CONDICION_METEO;CONDICION_NIEBLA;CONDICION_VIENTO;VISIB_RESTRINGIDA_POR;TRAZADO_PLANTA
3;6;22;8;8019;;3;2;No inventariada;;14;3;1;999;;1;5;1;1;;999;998
3;7;15;8;8019;;3;2;No inventariada;;14;2;2;1;;1;1;1;1;;999;998
3;7;14;8;8019;;3;2;No inventariada;;14;2;2;1;;1;1;1;1;;999;998
1;4;12;8;8112;;3;2;No inventariada;;14;7;1;999;;1;1;1;;;17;998
2;7;3;8;8266;;3;2;No inventariada;;14;19;2;4;;1;4;1;;;1;998
3;6;8;8;8194;;3;2;No inventariada;;14;4;1;999;;1;1;1;;;1;998
3;5;19;8;8279;;3;2;No inventariada;;14;20;1;999;;1;1;1;;;17;998
3;1;8;8;8295;;3;2;No inventariada;;14;20;1;999;;1;1;1;;;17;998
2;1;8;8;8056;;3;2;No inventariada;;14;7;1;999;;1;1;1;;;6;998
3;5;20;8;8279;;3;2;No inventariada;;14;20;1;999;;1;1;1;;;17;998
3;7;17;8;8291;;1;1;C-16;34,8;2;19;1;999;;1;1;1;;;17;4
3;5;10;8;8205;;1;1;B-30;3,5;2;20;1;999;;1;1;1;;;999;4
3;6;6;8;8266;;1;1;AP-7;149,5;2;20;1;999;;1;1;1;;;999;4
3;6;13;8;8180;;1;1;C-58;6,5;2;20;1;999;;1;1;1;;;999;4
3;6;17;8;0;;1;1;C-244;12,4;6;1;1;999;;1;1;1;;;999;4
3;7;9;8;8076;;1;1;C-1414;1;6;19;1;999;;1;1;1;;;999;4
3;7;11;8;8074;;2;2;C-31;147;6;4;1;999;;1;1;1;;;999;4
3;7;13;8;0;;1;1;BV-4241;10,9;6;19;1;999;;1;1;1;;;17;4
3;7;16;8;8124;;1;1;AP-7;138,5;2;4;1;999;;1;1;1;;;999;4
3;7;17;8;8270;;1;1;C-31;168,4;6;19;1;999;;1;1;1;;;999;4
3;7;17;8;0;;1;1;BP-5107;41,1;6;19;2;2;;1;1;1;;;999;4
3;7;20;8;8119;;1;1;B-224;14;6;1;2;2;;1;6;1;;;999;4
3;1;1;8;8270;;1;1;C-31;170,5;6;9;1;999;;3;6;3;;;999;4
3;6;10;8;8089;;3;2;No inventariada;;14;3;1;999;;3;1;3;;;17;998
3;7;0;8;8089;;3;2;No inventariada;;14;2;2;1;;3;5;3;;;17;998
2;5;15;8;8279;;3;2;No inventariada;;14;2;2;1;;1;1;1;;;17;998
2;5;15;8;8279;;2;2;N-150;18,1;14;4;1;999;;3;1;1;;;17;4
3;1;13;8;8089;;3;2;No inventariada;;14;2;2;1;;1;1;1;;;17;998
2;5;11;8;8279;;3;2;No inventariada;;14;9;2;4;;3;1;3;;;17;998
2;1;19;8;8279;;3;2;No inventariada;;14;4;1;999;;1;4;1;;;17;998
2;1;14;8;8279;;2;2;B-122;0,6;14;9;1;999;;1;1;1;;;17;4
2;2;9;8;8279;;3;2;No inventariada;;14;9;1;999;;1;1;1;;;17;998
3;1;21;8;8307;;3;2;No inventariada;;14;2;2;2;;1;4;1;;;17;998
3;2;14;8;8089;;3;2;No inventariada;;14;2;2;2;;1;1;1;;;17;998
3;4;14;8;8089;;3;2;No inventariada;;14;2;2;1;;1;1;1;;;17;998
3;2;12;8;8307;;3;2;No inventariada;;14;4;2;1;;1;1;1;;;17;998
3;5;7;8;8298;;3;2;No inventariada;;14;4;1;999;;1;2;1;;;17;998
3;5;22;8;8041;;3;2;No inventariada;;14;9;1;999;;1;1;1;;;17;998
3;5;12;8;8298;;3;2;No inventariada;;14;2;1;999;;1;1;1;;;17;998
3;6;19;8;8124;;3;2;No inventariada;;14;7;1;999;;1;4;1;;;17;998
3;5;12;8;8124;;3;2;No inventariada;;14;7;1;999;;1;1;1;;;17;998
3;5;23;8;8298;;3;2;No inventariada;;14;4;1;999;;1;4;1;;;17;998
3;5;11;8;8124;;3;2;No inventariada;;14;9;1;999;;3;1;1;;;17;998
3;5;21;8;8124;;3;2;No inventariada;;14;9;1;999;;1;4;1;;;17;998
3;5;8;8;8124;;3;2;No inventariada;;14;2;2;2;;1;1;1;;;17;998
3;5;19;8;8015;;2;2;BV-5011;0,3;14;2;2;2;;1;4;1;;;17;4
3;6;18;8;8073;;3;2;No inventariada;;14;2;2;4;;1;1;1;;;17;998
3;5;12;8;8015;;3;2;No inventariada;;14;19;2;2;;1;4;1;;;17;998
2;4;12;8;8019;;3;2;No inventariada;;14;2;2;1;;1;1;1;1;;999;998
2;3;18;8;8019;;3;2;No inventariada;;14;3;2;1;;1;1;1;1;;999;998
3;1;9;8;8019;;3;2;No inventariada;;14;2;2;1;;1;1;1;1;;999;998
3;3;15;8;8019;;3;2;No inventariada;;14;7;2;1;;1;1;1;1;;999;998
3;7;16;8;8019;;3;2;No inventariada;;14;2;2;1;;1;1;1;1;;999;998
3;1;12;8;8019;;3;2;No inventariada;;14;7;1;999;;1;1;1;1;;999;998
3;5;8;8;8019;;3;2;No inventariada;;14;20;2;1;;1;1;1;1;;999;998
3;5;19;8;8019;;3;2;No inventariada;;14;20;1;999;;1;5;1;1;;999;998
3;6;10;8;8019;;3;2;No inventariada;;14;20;1;999;;1;1;1;1;;999;998
3;6;19;8;8019;;3;2;No inventariada;;14;20;1;999;;1;5;1;1;;999;998
3;1;9;8;8019;;3;2;No inventariada;;14;3;2;1;;3;1;1;1;;999;998
3;1;16;8;8019;;3;2;No inventariada;;14;6;1;999;;3;1;1;1;;999;998
3;1;20;8;8019;;3;2;No inventariada;;14;7;2;2;;3;1;3;1;;999;998
3;5;22;8;8073;;3;2;No inventariada;;14;6;1;999;;1;4;1;;;17;998
3;5;22;8;8073;;3;2;No inventariada;;14;3;1;999;;1;4;1;;;17;998
3;3;15;8;8096;;3;2;No inventariada;;14;7;2;1;;1;1;1;;;1;998
3;5;18;8;8157;;3;2;No inventariada;;14;20;1;999;;1;1;1;;;17;998
3;7;7;8;8113;;1;1;C-55;27,9;3;19;2;;;3;2;1;;;999;4
3;3;9;8;8231;;1;1;C-246a;40,1;6;9;1;999;;1;1;1;;;999;4
3;3;21;8;8159;;1;1;C-17;14,8;3;4;1;999;;1;2;1;;;999;4
3;3;14;8;0;;1;1;AP-7;161,5;2;3;1;999;;1;1;1;;;999;4
3;7;17;8;8194;;1;1;B-10;3;3;3;1;999;;1;1;1;;;999;4
3;5;15;8;8266;;1;1;B-30;8;2;4;1;999;;1;1;1;;;999;4
3;1;8;8;8184;;1;1;B-151;8,7;6;19;1;999;;3;1;3;;;999;4
3;1;10;8;0;;1;1;N-141c;20,7;6;19;1;999;;3;1;3;;;999;4
3;1;11;8;8043;;3;2;No inventariada;;14;19;2;2;;3;1;3;;;999;998
3;1;14;8;8184;;1;1;No inventariada;10,5;6;2;2;2;;3;1;3;;;999;4
3;1;16;8;8260;;1;1;AP-7;145,1;2;3;1;999;;3;1;3;;;999;4
3;1;18;8;8108;;1;1;C-155;10;6;19;1;999;;3;2;3;;;999;4
3;1;18;8;8181;;1;1;C-251;3,1;6;20;1;999;;3;1;3;;;999;4
3;1;20;8;8092;;3;2;No inventariada;;14;7;1;999;;1;4;3;;;17;998
3;1;23;8;8200;;1;1;C-32;55,1;2;19;1;999;;3;6;3;;;999;4
3;2;5;8;8096;;3;2;No inventariada;;14;19;1;999;;3;4;3;;;17;998
3;1;16;8;8102;;3;2;No inventariada;;14;4;1;999;;3;1;3;;;17;998
3;5;17;8;8089;;3;2;No inventariada;;14;9;1;999;;1;1;1;;;17;998
3;2;13;8;8307;;3;2;No inventariada;;14;7;2;1;;1;1;1;;;17;998
3;1;9;8;8015;;3;2;No inventariada;;14;9;1;999;;3;1;3;;;17;998
3;4;16;8;8307;;3;2;No inventariada;;14;2;2;4;;1;1;1;;;17;998
3;1;22;8;8307;;3;2;No inventariada;;14;2;2;4;;1;4;1;;;17;998
3;6;11;8;8298;;3;2;No inventariada;;14;2;2;2;;1;1;1;;;17;998
3;1;13;8;8169;;3;2;No inventariada;;14;9;1;999;;3;1;3;;;17;998
2;5;22;8;8279;;3;2;No inventariada;;14;9;1;999;;3;4;3;;;17;998
3;6;11;8;8169;;1;1;No inventariada;;6;2;2;4;;1;1;1;;;17;4
2;5;14;8;8279;;3;2;No inventariada;;14;2;2;1;;1;1;1;;;17;998
3;5;7;8;8169;;3;2;No inventariada;;14;7;1;999;;1;1;1;;;17;998
2;5;10;8;8279;;3;2;No inventariada;;14;7;1;999;;1;1;1;;;17;998
2;4;10;8;8096;;3;2;No inventariada;;14;3;2;1;;1;1;1;;;17;998
2;5;15;8;8279;;3;2;No inventariada;;14;6;2;1;;1;1;1;;;17;998
3;3;21;8;8096;;3;2;No inventariada;;14;9;2;1;;1;4;1;;;17;998
3;5;16;8;8015;;3;2;No inventariada;;14;7;2;1;;1;1;1;;;17;998
3;5;18;8;8015;;3;2;No inventariada;;14;4;1;999;;1;1;1;;;17;998
3;4;19;8;8015;;3;2;No inventariada;;14;7;2;2;;1;2;1;;;17;998
3;2;14;8;8015;;3;2;No inventariada;;14;3;1;999;;1;1;1;;;17;998
2;5;12;8;8015;;3;2;No inventariada;;14;9;2;4;;1;1;1;;;17;998
2;6;21;8;8019;;3;2;No inventariada;;14;20;2;1;;1;5;1;1;;999;998
2;4;11;8;8019;;3;2;No inventariada;;14;20;1;999;;1;1;1;1;;999;998
2;4;9;8;8019;;3;2;No inventariada;;14;20;1;999;;1;1;1;1;;999;998
2;4;10;8;8019;;3;2;No inventariada;;14;3;2;1;;1;1;1;1;;999;998
3;1;10;8;8019;;3;2;No inventariada;;14;2;2;1;;1;1;1;1;;9;998
3;3;18;8;8019;;3;2;No inventariada;;14;3;1;999;;1;1;1;1;;999;998
3;4;21;8;8019;;3;2;No inventariada;;14;3;2;4;;1;5;1;1;;999;998
3;6;0;8;8019;;3;2;No inventariada;;14;3;2;1;;1;5;1;1;;999;998
3;6;12;8;8019;;3;2;No inventariada;;14;7;1;999;;3;1;4;1;;999;998
3;7;16;8;8019;;3;2;No inventariada;;14;3;1;999;;1;1;1;1;;999;998
3;2;7;8;8019;;3;2;No inventariada;;14;20;2;1;;1;1;1;1;;999;998
3;2;21;8;8019;;3;2;No inventariada;;14;20;1;999;;1;5;1;1;;999;998
3;3;9;8;8019;;3;2;No inventariada;;14;2;2;1;;1;1;1;1;;999;998
3;3;19;8;8019;;1;1;B-10;12,6;3;3;1;999;;1;5;1;1;;999;4
3;3;19;8;8019;;3;2;No inventariada;;14;9;1;999;;1;5;1;1;;999;998
3;3;17;8;8019;;3;2;No inventariada;;14;20;1;999;;1;1;1;1;;999;998
3;4;7;8;8019;;3;2;No inventariada;;14;9;2;1;;1;1;1;1;;999;998
3;4;14;8;8019;;3;2;No inventariada;;14;7;1;999;;1;1;1;1;;999;998
3;5;14;8;8019;;3;2;No inventariada;;14;20;2;1;;1;1;1;1;;999;998
3;6;13;8;8019;;3;2;No inventariada;;14;2;2;1;;1;1;1;1;;999;998
3;6;21;8;8019;;3;2;No inventariada;;14;3;2;2;;1;5;1;1;;999;998
3;7;11;8;8019;;3;2;No inventariada;;14;20;2;2;;1;1;1;1;;999;998
3;1;7;8;8019;;3;2;No inventariada;;14;20;1;999;;1;1;1;1;;999;998
3;1;14;8;8019;;3;2;No inventariada;;14;20;1;999;;1;1;1;1;;999;998
3;1;9;8;8019;;3;2;No inventariada;;14;9;1;999;;1;1;1;1;;999;998
3;2;7;8;8019;;3;2;No inventariada;;14;6;2;1;;1;1;1;1;;999;998
3;1;17;8;8019;;3;2;No inventariada;;14;7;1;999;;1;1;1;1;;999;998
3;2;17;8;8019;;3;2;No inventariada;;14;20;1;999;;1;1;1;1;;999;998
3;2;20;8;8019;;3;2;No inventariada;;14;2;2;2;;1;5;1;1;;1;998
3;7;1;8;8208;;3;2;No inventariada;;14;19;1;999;;1;6;1;;;1;998
3;2;15;8;8205;;1;1;AP-7;159,7;2;3;1;999;;1;1;1;;;999;4
3;4;15;8;0;;1;1;AP-7;204,8;2;20;1;999;;1;1;1;;;999;4
3;3;12;8;8073;;1;1;A-2;610;3;3;1;999;;1;1;1;;;999;4
3;3;11;8;8167;;1;1;B-142;2,3;6;2;2;4;;1;1;1;;;999;4
3;4;8;8;8266;;1;1;B-30;5;2;9;1;999;;8;1;1;;;999;4
3;4;17;8;8009;;1;1;C-1415c;6,3;6;2;2;2;;1;1;1;;;999;4
3;5;17;8;8194;;1;1;B-10;2,4;3;3;1;999;;1;1;1;;;999;4
3;2;7;8;8238;;1;1;C-1413a;15,7;6;19;1;999;;3;1;3;;;999;4
3;2;7;8;8184;;1;1;C-16;18,8;2;19;1;999;;3;2;4;;;999;4
3;2;7;8;0;;1;1;B-23;13;2;6;1;999;;3;1;4;;;999;4
3;2;7;8;0;;1;1;N-141c;18,4;6;19;1;999;;3;2;3;;;999;4
3;2;8;8;0;;1;1;C-17;63;3;19;1;999;;3;1;4;;;999;4
3;2;7;8;8270;;1;1;C-246;21;6;1;1;999;;3;1;3;;;999;4
3;2;8;8;8291;;1;1;C-16;34;2;19;1;999;;3;1;4;;;999;4
3;2;8;8;8051;;1;1;No inventariada;22,4;6;19;1;999;;3;1;3;;;999;4
3;2;7;8;0;;1;1;C-16;39,5;2;3;1;999;;1;1;3;;;999;4
3;2;10;8;0;;1;1;C-16;91,5;3;19;1;999;;3;1;3;;;999;4
3;2;12;8;8181;;1;1;BV-5106;0,8;6;19;1;999;;1;6;1;;;999;4
3;2;15;8;8187;;1;1;BV-1414;6,5;6;3;1;999;;3;1;3;;;999;4
3;2;16;8;0;;1;1;B-224;5,1;6;19;1;999;;3;1;3;;;999;4
3;2;20;8;8307;;1;1;C-31;150;6;4;1;999;;3;6;3;;;999;4
3;3;3;8;8089;;1;1;C-32;49,4;6;9;2;;;1;5;1;;;4;3
3;5;15;8;8096;;3;2;No inventariada;;14;2;2;2;;1;1;1;;;17;998
3;4;19;8;8096;;3;2;No inventariada;;14;7;2;2;;1;4;1;;;17;998
3;1;7;8;8088;;3;2;No inventariada;;14;7;2;1;;3;1;3;;;1;998
3;5;8;8;8096;;3;2;No inventariada;;14;7;2;1;;3;1;1;;;17;998
3;3;10;8;8096;;3;2;No inventariada;;14;9;1;999;;1;1;1;;;17;998
3;4;15;8;8096;;2;2;BP-5002;14;14;4;1;999;;1;1;1;;;17;4
3;1;18;8;8015;;3;2;No inventariada;;14;9;1;999;;3;2;3;;;17;998
3;7;17;8;8015;;3;2;No inventariada;;14;20;1;999;;1;1;1;;;17;998
2;7;5;8;8200;;3;2;No inventariada;;14;9;2;4;;1;4;1;;;17;998
3;3;11;8;8200;;3;2;No inventariada;;14;4;1;999;;1;1;1;;;17;998
3;4;16;8;8015;;3;2;No inventariada;;14;9;1;999;;1;1;1;;;17;998
3;5;18;8;8019;;1;1;B-10;8,5;14;3;1;999;;1;5;1;1;;999;4
3;3;17;8;8298;;3;2;No inventariada;;14;2;1;999;;1;1;1;;;17;998
3;7;18;8;8040;;3;2;No inventariada;;14;4;1;999;;1;1;1;;;17;998
3;4;8;8;8114;;1;1;N-2a;585,5;6;3;1;999;;1;1;1;;;999;4
3;1;9;8;0;;3;2;No inventariada;;14;2;2;2;;3;1;3;;;999;998
3;3;8;8;0;;2;2;BV-2133;1,3;6;19;1;999;;1;1;1;;;999;4
3;3;10;8;8106;;1;1;B-510;6,8;6;6;1;999;;1;1;1;;;17;4
3;3;13;8;8005;;1;1;C-17;24,2;3;4;1;999;;1;1;1;;;999;4
3;3;12;8;8015;;3;2;No inventariada;;14;9;1;999;;1;1;1;;;17;998
3;1;20;8;8102;;3;2;No inventariada;;14;2;2;4;;3;4;3;;;17;998
3;1;16;8;8003;;1;1;BP-5002;1,6;6;2;2;2;;3;1;3;;;17;4
1;7;7;8;8213;;3;2;No inventariada;;14;19;1;999;;1;5;1;;;17;998
1;2;14;8;8213;;3;2;No inventariada;;14;2;2;1;;1;1;1;;;17;998
3;7;12;8;8015;;3;2;No inventariada;;14;6;1;999;;1;1;1;;;17;998
2;4;18;8;8019;;3;2;No inventariada;;14;3;2;1;;1;2;1;1;;999;998
3;1;0;8;8019;;3;2;No inventariada;;14;9;1;999;;1;5;1;1;;999;998
3;3;22;8;8019;;3;2;No inventariada;;14;2;2;1;;1;5;1;1;;999;998
3;7;16;8;8019;;3;2;No inventariada;;14;9;1;999;;1;5;1;1;;999;998
3;4;23;8;8279;;3;2;No inventariada;;14;6;1;999;;1;1;1;;;17;998
3;6;18;8;0;;1;1;C-25;195,1;3;19;1;999;;1;2;1;;;999;4
3;4;13;8;8033;;1;1;C-59;10,6;6;4;1;999;;1;1;1;;;999;4
3;3;11;8;8019;;1;1;C-58;0,6;6;4;1;999;;1;1;1;;;999;4
3;4;8;8;8194;;1;1;C-31;209,5;2;19;1;999;;1;1;1;;1;999;4
3;4;10;8;8020;;1;1;BV-2411;14;6;9;1;999;;1;1;1;;;999;4
3;4;12;8;0;;3;2;No inventariada;;14;2;2;2;;1;1;1;;;999;998
3;4;16;8;8091;;1;1;AP-7;177,6;2;4;1;999;;1;1;1;;;999;4
3;4;18;8;8015;;1;1;B-20;20;2;9;1;999;;1;1;1;;;999;4
3;4;19;8;8211;;1;1;BV-1468;7;6;9;1;999;;1;6;1;;;999;4
3;4;20;8;8187;;1;1;C-58;11;2;2;2;4;;1;4;1;;;999;4
2;5;20;8;8279;;3;2;No inventariada;;14;9;1;999;;3;4;3;;;17;998
2;6;9;8;8279;;2;2;BV-1221;0,8;14;9;1;999;;3;1;3;;;17;4
2;6;13;8;8279;;3;2;No inventariada;;14;2;1;999;;1;1;1;;;17;998
2;1;11;8;8279;;3;2;No inventariada;;14;2;2;1;;1;1;1;;;17;998
2;2;16;8;8279;;3;2;No inventariada;;14;2;2;1;;1;1;1;;;17;998
2;2;8;8;8279;;3;2;No inventariada;;14;3;1;999;;1;1;1;;;17;998
2;2;9;8;8279;;3;2;No inventariada;;14;7;2;2;;1;1;1;;;17;998
3;1;6;8;8181;;1;1;AP-7;126;2;4;2;;;1;1;1;;;17;1
3;2;7;8;8121;;1;1;C-32;100,5;2;19;1;999;;3;1;4;;;999;4
3;4;9;8;8114;;1;1;AP-7;171;2;4;1;999;;1;1;1;;;999;4
3;4;11;8;8015;;1;1;C-31;211,3;2;3;1;999;;1;1;1;;;999;4
3;4;12;8;8054;;1;1;No inventariada;5;6;9;1;999;;1;1;1;;;999;4
3;4;15;8;8075;;1;1;B-510;3,5;6;2;2;;;1;1;1;;;999;4
3;5;7;8;8209;;1;1;B-500;7,7;6;19;2;4;;1;2;1;;;999;4
3;5;6;8;8009;;1;1;C-32;99,2;2;19;1;999;;1;1;1;;;999;4
3;5;9;8;0;;1;1;AP-7;198;2;4;1;999;;1;1;1;;;999;4
3;5;9;8;8091;;1;1;AP-7;175,9;2;4;1;999;;1;1;1;;;999;4
3;5;13;8;0;;1;1;C-59;47,9;6;9;1;999;;1;1;1;;;999;4
3;5;14;8;8073;;1;1;C-32;59,3;3;9;2;;;1;1;1;;;999;4
3;5;14;8;0;;1;1;B-124;26,5;6;9;1;999;;1;1;1;;;999;4
3;5;17;8;8300;;1;1;B-40;9;2;19;1;999;;1;1;1;;;999;4
3;5;19;8;0;;1;1;BV-2415;2,4;6;3;1;999;;1;6;1;;;999;4
3;1;20;8;8240;;3;2;No inventariada;;14;7;2;2;;3;4;3;;;17;998
3;4;9;8;8073;;1;1;B-20;2;2;4;1;999;;1;1;1;;;999;4
3;6;6;8;8187;;1;1;BV-1248;5,5;6;19;1;999;;1;1;1;;;999;4
3;6;8;8;8089;;1;1;C-32;49;2;9;2;2;;8;1;1;;;999;4
3;6;13;8;0;;2;2;BV-1221;24,9;14;2;2;2;;1;1;1;;;999;4
3;6;14;8;0;;3;2;No inventariada;;14;19;2;2;;1;1;1;;;999;998
3;7;3;8;8157;;1;1;A-2;599,5;3;4;1;999;;1;4;1;;;999;4
3;6;21;8;8101;;3;2;No inventariada;;14;4;2;1;;3;1;3;;;17;998
3;6;20;8;8200;;3;2;No inventariada;;14;7;1;999;;1;4;1;;;17;998
3;2;13;8;8136;;2;2;BV-5001;18;14;3;2;2;;1;1;1;;;17;4
3;7;23;8;8015;;3;2;No inventariada;;14;2;1;999;;1;4;1;;;17;998
2;4;16;8;8019;;1;1;B-10;17;3;20;1;999;;1;1;1;1;;999;4
3;2;8;8;8019;;3;2;No inventariada;;14;7;1;999;;1;1;1;1;;999;998
3;4;16;8;8019;;1;1;C-31;207;2;3;1;999;;1;1;1;1;;999;4
3;4;19;8;8019;;3;2;No inventariada;;14;20;1;999;;1;5;1;1;;999;998
3;2;8;8;8019;;1;1;B-20;8,4;14;20;1;999;;1;1;1;1;;999;4
3;2;13;8;8019;;3;2;No inventariada;;14;3;2;1;;1;1;1;1;;999;998
3;2;15;8;8019;;3;2;No inventariada;;14;2;2;1;;1;1;1;1;;999;998
3;2;18;8;8019;;3;2;No inventariada;;14;6;1;999;;1;1;1;1;;999;998
3;3;17;8;8019;;3;2;No inventariada;;14;3;1;999;;1;1;1;1;;999;998
3;3;17;8;8019;;3;2;No inventariada;;14;1;2;1;;1;1;1;1;;999;998
3;4;15;8;8019;;3;2;No inventariada;;14;2;2;2;;1;1;1;1;;999;998
3;5;0;8;8019;;3;2;No inventariada;;14;20;1;999;;1;5;1;1;;999;998
3;4;19;8;8019;;3;2;No inventariada;;14;3;1;999;;1;5;1;1;;999;998
3;1;11;8;8019;;3;2;No inventariada;;14;3;1;999;;1;1;1;1;;999;998
3;6;21;8;8101;;3;2;No inventariada;;14;20;1;999;;1;1;1;;;17;998
3;7;6;8;8245;;1;1;B-20;17,5;2;6;1;999;;1;2;1;;;999;4
3;7;13;8;8252;;1;1;AP-7;146,5;2;3;1;999;;1;1;1;;;999;4
3;7;13;8;8141;;1;1;C-16;73,3;3;19;1;999;;1;1;1;;;999;4
3;7;18;8;0;;1;1;C-32;127;2;19;1;999;;3;1;4;;1;999;4
3;7;19;8;8159;;1;1;C-17;15;3;19;2;;;3;1;3;;;999;4
3;7;19;8;0;;1;1;C-16;106,3;6;1;1;999;;3;1;1;;;999;4
3;7;22;8;8262;;1;1;C-16;45;2;19;1;999;;3;6;1;;;999;4
4;1;1;8;8076;;1;1;A-2;581,9;3;6;1;999;;3;6;1;;;999;4
1;1;12;8;8118;;3;2;No inventariada;;14;7;1;999;;1;1;1;;;17;998
1;2;15;8;8118;;3;2;No inventariada;;14;7;2;2;;1;1;1;;;17;998
2;2;12;8;8118;;2;2;BP-5002;0,3;14;2;2;2;;1;1;1;;;17;4
2;5;15;8;8118;;3;2;No inventariada;;14;7;1;999;;1;1;1;;;17;998
3;6;5;8;8118;;2;2;BP-5002;0,2;14;19;2;2;;1;4;1;;;17;4
3;6;12;8;8015;;3;2;No inventariada;;14;2;2;4;;3;1;4;;;17;998
2;1;15;8;8200;;3;2;No inventariada;;14;2;1;999;;1;1;1;;;17;998
2;2;12;8;8019;;3;2;No inventariada;;14;2;2;4;;1;1;1;1;;999;998
2;1;9;8;8019;;3;2;No inventariada;;14;20;1;999;;1;1;1;1;;999;998
2;1;12;8;8019;;3;2;No inventariada;;14;2;2;1;;1;1;1;1;;999;998
3;3;13;8;8019;;3;2;No inventariada;;14;3;1;999;;1;1;1;1;;999;998
3;1;9;8;8019;;1;1;B-20;15,5;14;20;1;999;;1;1;1;1;;999;4
2;7;13;8;8200;;3;2;No inventariada;;14;9;1;999;;1;1;1;;;17;998
3;2;19;8;8279;;3;2;No inventariada;;14;2;2;2;;1;4;1;;;1;998
4;1;3;8;8121;;1;1;B-40;1,9;2;19;1;999;;1;6;1;;;999;4
4;1;6;8;8279;;1;1;No inventariada;12,3;6;19;1;999;;1;6;1;;;999;4
4;1;12;8;0;;1;1;C-55;42,5;6;9;1;999;;1;1;1;;;999;4
4;1;18;8;0;;1;1;A-2;560,4;3;4;1;999;;1;1;1;;;999;4
4;1;15;8;8041;;4;2;C-352;25,5;3;19;1;999;;1;1;1;;;999;4
4;1;19;8;8112;;1;1;C-37;150,2;6;2;1;999;;1;1;1;;;17;1
2;1;0;8;8118;;3;2;No inventariada;;14;2;2;1;;1;4;1;;;17;998
3;7;17;8;8282;;3;2;No inventariada;;14;9;1;999;;4;1;4;;;17;998
3;5;18;8;8307;;3;2;No inventariada;;14;2;2;1;;1;1;1;;;17;998
3;7;4;8;8298;;3;2;No inventariada;;14;19;1;999;;1;4;1;;;17;998
3;2;23;8;8307;;3;2;No inventariada;;14;2;1;999;;1;1;1;;;17;998
3;6;15;8;8121;;3;2;No inventariada;;14;9;1;999;;1;1;1;;;17;998
3;5;14;8;8121;;3;2;No inventariada;;14;2;2;4;;1;1;1;;;17;998
2;6;22;8;8035;;3;2;No inventariada;;14;3;2;1;;1;6;1;;;17;998
3;5;22;8;8035;;3;2;No inventariada;;14;19;1;999;;1;4;1;;;17;998
3;5;21;8;8121;;3;2;No inventariada;;14;9;1;999;;1;4;1;;;17;998
3;2;12;8;8035;;3;2;No inventariada;;14;4;2;1;;1;1;1;;;17;998
3;6;22;8;8121;;3;2;No inventariada;;14;2;2;4;;1;4;1;;;17;998
3;7;17;8;8121;;3;2;No inventariada;;14;7;1;999;;1;1;1;;;17;998
3;7;11;8;8121;;1;1;No inventariada;;6;9;1;999;;1;1;1;;;17;4
3;1;18;8;8191;;3;2;No inventariada;;14;2;2;2;;3;1;3;;;17;998
3;7;18;8;8124;;3;2;No inventariada;;14;3;2;1;;3;1;3;;;17;998
3;5;14;8;8108;;3;2;No inventariada;;14;3;1;999;;1;1;1;;;17;998
3;1;10;8;8019;;3;2;No inventariada;;14;3;2;1;;1;1;1;1;;999;998
3;2;9;8;8019;;3;2;No inventariada;;14;20;2;2;;1;1;1;1;;999;998
3;1;23;8;8019;;3;2;No inventariada;;14;2;1;999;;1;5;1;1;;999;998
3;3;8;8;8019;;3;2;No inventariada;;14;3;1;999;;1;1;1;1;;999;998
3;7;23;8;8019;;3;2;No inventariada;;14;3;2;1;;1;5;1;1;;999;998
3;1;20;8;8019;;3;2;No inventariada;;14;2;1;999;;1;5;1;1;;999;998
3;2;23;8;8187;;3;2;No inventariada;;14;2;1;999;;1;1;1;;;17;998
3;7;16;8;8187;;3;2;No inventariada;;14;20;1;999;;1;1;1;;;17;998
3;6;14;8;8124;;1;1;C-59;0,5;6;19;1;999;;1;1;1;;;999;4
3;2;8;8;8056;;1;1;C-32;43;2;4;1;999;;1;1;1;;;999;4
3;2;18;8;8101;;1;1;C-31;196,5;3;3;1;999;;1;1;1;;;999;4
3;3;12;8;8015;;1;1;C-31;210,2;2;19;1;999;;1;1;1;;;999;4
4;1;18;8;0;;1;1;C-32;128;2;20;1;999;;1;1;1;;;999;4
4;1;14;8;0;;1;1;BV-5114;6,8;6;20;1;999;;1;1;1;;;17;4
4;2;10;8;8231;;1;1;C-15B;4,7;6;19;1;999;;1;1;1;;;999;4
4;2;14;8;0;;1;1;B-522;10,4;6;3;1;999;;1;1;1;;;999;4
4;2;13;8;8077;;1;1;B-20;3,1;2;6;2;;;1;1;1;;;999;4
4;2;16;8;8214;;1;1;C-32;92;2;4;1;999;;1;1;1;;;999;4
3;4;8;8;8035;;3;2;No inventariada;;14;3;2;1;;1;1;1;;;17;998