MES;DIA_SEMANA;HORA;COD_PROVINCIA;COD_MUNICIPIO;ISLA;ZONA;ZONA_AGRUPADA;CARRETERA;KM;TIPO_VIA;TIPO_ACCIDENTE;NUDO;NUDO_INFO;CARRETERA_CRUCE;CONDICION_FIRME;CONDICION_ILUMINACION;CONDICION_METEO;CONDICION_NIEBLA;CONDICION_VIENTO;VISIB_RESTRINGIDA_POR;TRAZADO_PLANTA
3;4;22;8;8035;;3;2;No inventariada;;14;3;2;1;;1;4;1;;;17;998
3;1;13;8;8245;;2;2;No inventariada;;14;9;2;4;;3;1;3;;;17;4
3;1;13;8;8245;;3;2;No inventariada;;14;9;2;2;;3;1;3;;;17;998
3;2;17;8;8245;;3;2;No inventariada;;14;4;1;999;;1;1;1;;;17;998
3;7;17;8;8298;;3;2;No inventariada;;14;4;1;999;;3;1;3;;;17;998
3;7;18;8;8121;;3;2;No inventariada;;14;2;2;1;;1;1;1;;;17;998
3;4;8;8;8035;;3;2;No inventariada;;14;3;2;1;;1;1;1;;;17;998
3;6;2;8;8121;;3;2;No inventariada;;14;19;2;2;;1;4;1;;;17;998
1;6;14;8;8307;;3;2;No inventariada;;14;2;2;4;;1;1;1;;;17;998
4;1;11;8;8245;;3;2;No inventariada;;14;7;2;2;;1;1;1;;;17;998
2;4;15;8;8307;;3;2;No inventariada;;14;9;2;2;;1;1;1;;;17;998
3;3;13;8;8121;;3;2;No inventariada;;14;2;2;4;;1;1;1;;;17;998
2;5;10;8;8307;;3;2;No inventariada;;14;4;2;;;1;1;1;;;17;998
4;1;21;8;8102;;3;2;No inventariada;;14;4;2;1;;1;4;1;;;17;998
4;3;8;8;8015;;3;2;No inventariada;;14;9;1;999;;1;1;1;;;17;998
3;3;7;8;8121;;3;2;No inventariada;;14;7;2;1;;1;1;1;;;17;998
1;5;13;8;8263;;3;2;No inventariada;;14;3;1;999;;1;1;1;;;17;998
4;2;17;8;8121;;3;2;No inventariada;;14;7;1;999;;1;1;1;;;17;998
3;6;4;8;8298;;3;2;No inventariada;;14;19;2;4;;1;4;1;;;17;998
3;4;20;8;8200;;3;2;No inventariada;;14;7;1;999;;1;4;1;;;17;998
3;4;15;8;8200;;3;2;No inventariada;;14;7;1;999;;1;1;1;;;17;998
4;3;8;8;8073;;3;2;No inventariada;;14;2;1;999;;1;1;1;;;17;998
4;2;9;8;8073;;3;2;No inventariada;;14;3;2;4;;1;1;1;;;17;998
2;4;20;8;8019;;3;2;No inventariada;;14;3;2;1;;1;5;1;1;;999;998
3;1;4;8;8019;;3;2;No inventariada;;14;1;1;999;;1;5;1;1;;999;998
3;4;14;8;8019;;3;2;No inventariada;;14;7;1;999;;1;1;1;1;;999;998
3;4;15;8;8019;;3;2;No inventariada;;14;2;1;999;;1;1;1;1;;999;998
3;6;20;8;8019;;3;2;No inventariada;;14;20;1;999;;1;5;1;1;;999;998
3;7;14;8;8019;;3;2;No inventariada;;14;2;2;1;;1;1;1;1;;999;998
3;2;9;8;8019;;3;2;No inventariada;;14;7;1;999;;1;1;1;1;;999;998
3;2;18;8;8019;;3;2;No inventariada;;14;3;1;999;;1;1;1;1;;999;998
3;2;22;8;8073;;3;2;No inventariada;;14;3;2;1;;3;4;3;;;17;998
2;5;17;8;8295;;2;2;N-340;1236;14;7;1;999;;1;1;1;;;17;4
4;3;5;8;8159;;1;1;C-17;15,4;3;20;1;999;;1;5;1;;;999;4
4;3;7;8;8205;;1;1;C-16;13,2;6;4;2;;;1;1;1;;;999;4
4;3;7;8;8245;;1;1;B-20;17,3;2;2;1;999;;1;1;1;;;999;4
4;3;7;8;8191;;1;1;C-25;141;3;4;1;999;;1;1;1;;;999;4
4;3;14;8;8102;;1;1;A-2;550,7;3;4;2;;;1;1;1;;;999;4
4;3;17;8;8266;;1;1;B-30;8,5;2;4;1;999;;1;1;1;;;999;4
4;3;17;8;8124;;1;1;AP-7;139,4;2;19;1;999;;1;1;1;;;999;4
1;1;16;8;8029;;1;1;N-2;644;6;4;2;4;;1;1;1;;;17;4
3;4;12;8;8015;;3;2;No inventariada;;14;3;1;999;;1;1;1;;;1;998
3;5;12;8;8180;;3;2;No inventariada;;14;9;2;2;;1;1;1;;;17;998
3;7;11;8;8307;;3;2;No inventariada;;14;1;2;2;;1;1;1;;;17;998
3;1;19;8;8307;;3;2;No inventariada;;14;9;1;999;;1;2;1;;;17;998
3;6;15;8;8180;;3;2;No inventariada;;14;7;2;1;;1;1;1;;;17;998
2;3;15;8;8107;;3;2;No inventariada;;14;7;1;999;;1;1;1;;;17;998
4;3;12;8;8015;;3;2;No inventariada;;14;9;2;1;;1;1;1;;;17;998
4;2;17;8;8245;;3;2;No inventariada;;14;9;1;999;;1;1;1;;;17;998
3;7;20;8;8121;;3;2;No inventariada;;14;2;2;1;;1;2;1;;;17;998
4;3;12;8;8073;;3;2;No inventariada;;14;19;1;999;;1;1;1;;;17;998
3;4;18;8;8200;;3;2;No inventariada;;14;2;1;999;;1;1;1;;;17;998
4;4;11;8;8073;;3;2;No inventariada;;14;7;2;2;;1;1;1;;;17;998
3;5;21;8;8019;;3;2;No inventariada;;14;20;2;1;;1;1;1;1;;999;998
3;1;12;8;8019;;3;2;No inventariada;;14;3;2;1;;1;1;1;1;;999;998
3;4;13;8;8200;;3;2;No inventariada;;14;4;2;1;;1;1;1;;;17;998
3;7;2;8;8096;;3;2;No inventariada;;14;2;2;1;;1;4;1;;;1;998
4;3;11;8;8040;;1;1;C-32;113,8;2;4;2;4;;1;1;1;;;999;4
4;3;19;8;8260;;1;1;AP-7;144;2;3;1;999;;1;1;1;;;999;4
4;4;7;8;0;;1;1;AP-7;181;2;4;1;999;;1;2;1;;;999;4
4;4;7;8;8260;;1;1;AP-7;142,6;2;4;1;999;;1;1;1;;;999;4
4;4;6;8;0;;1;1;AP-7;161,5;2;4;2;2;;1;1;1;;;999;4
4;4;9;8;8073;;1;1;C-32;60,3;3;4;1;999;;1;1;1;;;999;4
4;4;10;8;0;;1;1;No inventariada;5,1;6;19;1;999;;1;1;1;;;999;4
4;4;13;8;8157;;1;1;B-24;10,5;3;9;2;2;;8;1;1;;;999;4
4;4;13;8;8096;;4;2;C-352;18,9;3;4;1;999;;1;1;1;;;999;4
4;4;14;8;0;;1;1;C-62;8,8;6;4;1;999;;1;1;1;;;999;4
4;4;16;8;8252;;1;1;B-30;9;2;4;1;999;;1;1;1;;;999;4
4;4;17;8;8159;;1;1;C-17;14,7;3;4;1;999;;1;1;1;;;999;4
4;4;18;8;8125;;1;1;C-58;1,9;2;3;1;999;;1;1;1;;;999;4
3;4;21;8;8307;;3;2;No inventariada;;14;4;1;999;;1;4;1;;;17;998
3;2;22;8;8307;;3;2;No inventariada;;14;2;2;4;;1;4;1;;;17;998
4;4;13;8;8121;;3;2;No inventariada;;14;19;2;4;;1;1;1;;;17;998
4;3;14;8;8121;;3;2;No inventariada;;14;4;1;999;;1;1;1;;;17;998
2;5;20;8;8200;;3;2;No inventariada;;14;4;1;999;;1;4;1;;;17;998
2;3;6;8;8231;;3;2;No inventariada;;14;9;2;4;;1;2;1;;;17;998
4;4;16;8;8101;;3;2;No inventariada;;14;2;2;4;;1;1;1;;;17;998
3;2;21;8;8101;;3;2;No inventariada;;14;9;1;999;;8;4;1;;;17;998
3;6;11;8;8200;;3;2;No inventariada;;14;6;1;999;;1;1;1;;;17;998
3;5;17;8;8270;;1;1;C-31;165,6;6;4;1;999;;1;1;1;;;999;4
3;4;7;8;8279;;1;1;C-16;22,1;2;19;1;999;;1;1;1;;;999;4
4;2;10;8;8118;;1;1;C-32;87,5;2;4;1;999;;1;1;1;;;999;4
4;2;18;8;8125;;1;1;C-58;3,2;2;3;1;999;;1;1;1;;;999;4
4;5;7;8;8187;;1;1;C-58;10,9;2;2;2;4;;1;1;1;;;999;4
4;5;8;8;8279;;1;1;N-150;15,3;6;2;1;999;;1;1;1;;;999;4
4;5;9;8;8200;;1;1;C-32;53;2;4;1;999;;1;1;1;;;999;4
4;5;9;8;8231;;1;1;C-15B;1,2;6;9;2;;;1;1;1;;;999;4
4;5;8;8;8169;;1;1;B-20;1,5;2;4;1;999;;1;1;1;;;999;4
4;5;14;8;8218;;1;1;BV-3008;1,4;6;4;1;999;;1;1;1;;;999;4
4;5;19;8;8307;;1;1;BV-2115;2,5;6;2;2;4;;1;1;1;;;999;4
4;6;4;8;0;;3;2;No inventariada;;14;19;1;999;;1;4;1;;;999;998
3;5;15;8;8015;;3;2;No inventariada;;14;9;1;999;;1;1;1;;;17;998
4;1;18;8;8019;;1;1;C-58;0,5;2;4;1;999;;1;1;1;;;999;4
4;5;14;8;8180;;1;1;C-58;6;2;9;2;;;8;1;1;;;999;4
4;6;4;8;8266;;1;1;BV-1414;0,5;6;1;1;999;;1;6;1;;;999;4
4;6;10;8;8305;;1;1;N-340;1213;6;4;1;999;;1;1;1;;;17;1
4;6;14;8;8279;;1;1;No inventariada;20,1;6;9;2;4;;1;1;1;;;999;4
4;6;10;8;8089;;1;1;C-31;186;3;3;1;999;;1;1;1;;;999;4
4;6;19;8;8112;;1;1;BV-5224;1,5;6;3;1;999;;1;2;1;;;17;2
4;6;21;8;0;;1;1;C-62;0;6;4;2;2;;1;6;1;;;999;4
4;6;18;8;0;;2;2;BV-4316;6,7;14;2;2;1;;1;1;1;;;999;4
1;4;11;8;8009;;2;2;B-502;6;14;8;2;2;;1;1;1;;;17;4
4;3;8;8;8015;;3;2;No inventariada;;14;7;1;999;;1;1;1;;;17;998
4;4;16;8;8169;;3;2;No inventariada;;14;2;2;1;;1;1;1;;;17;998
1;1;10;8;8029;;3;2;No inventariada;;14;2;2;4;;1;1;1;;;17;998
2;1;13;8;8266;;2;2;BV-1415;0,4;14;3;2;4;;1;1;1;;;17;4
2;1;12;8;8266;;2;2;BV-1415;0,4;14;2;2;1;;1;1;1;;;17;4
2;5;8;8;8266;;3;2;No inventariada;;14;2;1;999;;1;1;1;;;17;998
4;5;14;8;8298;;3;2;No inventariada;;14;4;1;999;;1;1;1;;;17;998
2;2;11;8;8019;;3;2;No inventariada;;14;20;1;999;;1;1;1;1;;999;998
3;7;20;8;8019;;3;2;No inventariada;;14;7;1;999;;1;5;1;1;;1;998
3;2;13;8;8019;;3;2;No inventariada;;14;3;2;4;;1;1;1;1;;999;998
3;3;8;8;8019;;3;2;No inventariada;;14;3;2;1;;1;1;1;1;;999;998
3;2;16;8;8019;;1;1;C-31;208,2;2;20;1;999;;1;1;1;1;;999;4
3;5;14;8;8019;;3;2;No inventariada;;14;2;2;1;;1;1;1;1;;999;998
3;2;8;8;8019;;3;2;No inventariada;;14;20;1;999;;1;1;1;1;;999;998
3;3;21;8;8260;;3;2;No inventariada;;14;9;2;1;;1;4;1;;;1;998
4;3;16;8;8307;;3;2;No inventariada;;14;20;1;999;;1;1;1;;;17;998
3;5;11;8;8266;;3;2;No inventariada;;14;7;1;999;;1;1;1;;;17;998
4;1;11;8;8033;;3;2;No inventariada;;14;20;1;999;;1;1;1;;;17;998
4;5;8;8;8266;;1;1;B-30;7,5;2;9;1;999;;1;1;1;;;999;4
4;6;9;8;0;;1;1;BP-1241;3,1;6;3;1;999;;1;1;1;;;999;4
4;6;15;8;0;;1;1;C-35;59,9;6;9;1;999;;1;1;1;;;999;4
4;6;17;8;8259;;1;1;C-35;51,3;6;19;2;2;;1;1;1;;;999;4
4;6;22;8;8015;;1;1;C-31;212;2;20;2;;;1;4;1;;;999;4
4;7;18;8;8300;;1;1;B-40;9;2;9;1;999;;1;1;1;;;999;4
4;7;18;8;8120;;1;1;BV-1221;10,1;6;1;1;999;;1;1;1;;;4;3
4;7;19;8;8181;;1;1;AP-7;124,3;2;4;1;999;;1;1;1;;;999;4
4;5;11;8;8073;;3;2;No inventariada;;14;9;1;999;;1;1;1;;;17;998
4;6;7;8;8102;;3;2;No inventariada;;14;4;2;2;;1;1;1;;;17;998
4;6;13;8;8102;;3;2;No inventariada;;14;1;2;2;;1;1;1;;;17;998
3;2;7;8;8307;;3;2;No inventariada;;14;7;1;999;;3;5;3;;;17;998
4;1;8;8;8015;;2;2;BV-5011;2,6;14;2;2;1;;1;1;1;;;17;4
2;4;17;8;8015;;3;2;No inventariada;;14;3;1;999;;1;1;1;;;17;998
2;3;17;8;8015;;3;2;No inventariada;;14;9;1;999;;3;1;1;;;17;998
2;2;9;8;8200;;3;2;No inventariada;;14;9;1;999;;1;1;1;;;17;998
3;7;16;8;8200;;3;2;No inventariada;;14;9;1;999;;1;1;1;;;17;998
3;6;15;8;8200;;3;2;No inventariada;;14;9;1;999;;4;1;3;;;17;998
3;5;13;8;8015;;3;2;No inventariada;;14;2;2;2;;1;1;1;;;17;998
3;1;12;8;8200;;2;2;BV-2002;8;14;4;2;;;1;1;1;;;17;4
3;5;21;8;8019;;3;2;No inventariada;;14;3;1;999;;1;5;1;1;;999;998
3;6;11;8;8019;;3;2;No inventariada;;14;1;1;999;;1;1;1;1;;999;998
1;2;17;8;8194;;3;2;No inventariada;;14;4;2;4;;1;1;1;;;17;998
3;3;14;8;8200;;3;2;No inventariada;;14;1;1;999;;1;1;1;;;17;998
4;1;14;8;8301;;3;2;No inventariada;;14;7;2;;;1;1;1;;;14;998
4;4;9;8;8205;;3;2;No inventariada;;14;7;2;4;;1;1;1;;;1;998
4;3;17;8;8187;;3;2;No inventariada;;14;20;1;999;;1;1;1;;;17;998
4;7;15;8;8301;;3;2;No inventariada;;14;2;2;1;;1;1;1;;;17;998
4;5;12;8;8107;;1;1;No inventariada;6;6;3;1;999;;1;1;1;;;999;4
3;6;19;8;8073;;1;1;A-2;609,3;3;20;2;;;1;1;1;;;999;4
3;7;12;8;0;;1;1;C-16;106,9;6;1;1;999;;3;1;4;;;999;4
4;4;21;8;8200;;1;1;C-32;54,9;2;7;1;999;;1;5;1;;;17;1
4;6;23;8;8009;;1;1;BV-5106;9;6;20;1;999;;1;6;1;;;999;4
4;7;8;8;0;;1;1;C-25;152,8;3;6;1;999;;1;1;1;;;999;4
4;1;6;8;8124;;1;1;AP-7;139,3;2;3;1;999;;1;2;1;;;999;4
4;1;6;8;8159;;1;1;AP-7;136;2;9;1;999;;1;2;1;;;999;4
4;1;6;8;8260;;1;1;AP-7;144,3;2;9;1;999;;1;5;1;;;999;4
4;1;8;8;8157;;1;1;A-2;598;3;4;1;999;;1;1;1;;;999;4
4;1;8;8;8187;;1;1;C-58;11,4;2;4;1;999;;1;1;1;;;999;4
4;1;9;8;0;;1;1;C-15;21,6;6;4;1;999;;1;1;1;;;999;4
4;1;12;8;8077;;1;1;C-32;62,8;3;4;2;2;;1;1;1;;;999;4
4;1;17;8;8169;;3;2;No inventariada;;14;3;1;999;;1;1;1;;;999;998
4;1;14;8;8218;;1;1;C-55;38,2;6;2;2;2;;1;1;1;;;17;2
4;1;18;8;8184;;1;1;C-16;15,8;2;4;1;999;;1;1;1;;;999;4
4;1;19;8;8068;;1;1;N-340;1242;6;9;1;999;;1;1;1;;;999;4
4;1;21;8;8074;;1;1;C-32;13;2;6;1;999;;1;4;1;;;999;4
4;7;13;8;0;;1;1;BV-5303;8,2;6;2;2;2;;1;1;1;;;4;2
4;1;23;8;0;;3;2;No inventariada;;14;19;1;999;;1;6;1;;;999;998
3;7;18;8;8285;;3;2;No inventariada;;14;2;1;999;;3;1;4;;;17;998
4;5;13;8;8102;;3;2;No inventariada;;14;2;1;999;;1;1;1;;;17;998
4;1;22;8;8298;;3;2;No inventariada;;14;9;1;999;;8;4;1;;;17;998
4;7;12;8;8298;;1;1;No inventariada;;6;18;1;999;;1;1;1;;;17;4
4;1;11;8;8121;;3;2;No inventariada;;14;9;2;1;;1;1;1;;;17;998
2;5;17;8;8266;;3;2;No inventariada;;14;7;2;2;;1;1;1;;;17;998
2;1;11;8;8266;;3;2;No inventariada;;14;6;2;2;;1;1;1;;;17;998
2;3;22;8;8266;;3;2;No inventariada;;14;2;2;1;;1;4;1;;;17;998
3;6;13;8;8231;;3;2;No inventariada;;14;9;2;2;;1;1;1;;;17;998
4;1;18;8;8298;;3;2;No inventariada;;14;4;1;999;;1;1;1;;;17;998
3;6;21;8;8231;;3;2;No inventariada;;14;18;1;999;;3;4;3;;;17;998
2;4;11;8;8266;;2;2;No inventariada;;14;9;1;999;;1;1;1;;;17;4
3;7;16;8;8015;;3;2;No inventariada;;14;9;1;999;;1;1;1;;;17;998
4;2;15;8;8298;;3;2;No inventariada;;14;6;2;2;;3;1;3;;;17;998
3;2;11;8;8200;;3;2;No inventariada;;14;9;2;2;;1;1;1;;;17;998
2;7;14;8;8019;;3;2;No inventariada;;14;3;2;1;;1;1;1;1;;999;998
2;5;17;8;8019;;3;2;No inventariada;;14;7;1;999;;1;1;1;1;;999;998
3;3;10;8;8019;;3;2;No inventariada;;14;2;2;1;;1;1;1;1;;999;998
3;1;15;8;8019;;3;2;No inventariada;;14;20;1;999;;1;1;1;1;;999;998
3;3;17;8;8019;;3;2;No inventariada;;14;7;2;1;;1;1;1;1;;999;998
3;7;23;8;8019;;3;2;No inventariada;;14;20;1;999;;1;5;1;1;;999;998
1;2;18;8;8194;;3;2;No inventariada;;14;7;2;2;;1;4;1;;;17;998
3;4;8;8;8200;;1;1;BV-2002;8;14;4;1;999;;1;1;1;;;17;4
4;6;4;8;8279;;3;2;No inventariada;;14;20;1;999;;1;1;1;;;17;998
4;5;11;8;8217;;3;2;No inventariada;;14;4;1;999;;1;1;1;;;12;998
3;2;18;8;8307;;1;1;C-31;154,6;6;4;1;999;;1;1;1;;;999;4
3;1;13;8;8301;;1;1;C-32;52;2;4;1;999;;1;1;1;;;999;4
3;4;13;8;0;;1;1;BV-1037;2,1;6;9;1;999;;1;1;1;;;999;4
3;2;8;8;8077;;1;1;B-23;2,3;2;3;1;999;;1;1;1;;;999;4
3;2;8;8;8073;;1;1;A-2;609,5;3;4;1;999;;1;1;1;;;999;4
3;7;18;8;0;;1;1;C-16;90,4;3;19;1;999;;1;1;4;;;999;4
4;3;9;8;8007;;2;2;C-61;2,4;6;2;2;1;;1;1;1;;;999;4
4;1;13;8;8046;;1;1;C-251;5,3;6;3;1;999;;1;1;1;;;999;4
4;2;8;8;8089;;1;1;C-32;50,2;2;4;1;999;;1;1;1;;;999;4
4;2;9;8;8019;;1;1;B-10;4,7;3;3;2;2;;1;1;1;;;17;4
4;2;12;8;8301;;1;1;B-204;1,5;6;3;1;999;;1;1;1;;;999;4
4;2;14;8;8033;;1;1;C-59;19,3;6;1;1;999;;1;1;1;;;17;1
4;2;15;8;8125;;1;1;C-17;3,9;3;4;2;2;;1;1;1;;;999;4
4;2;17;8;0;;1;1;N-340;1210;6;4;2;;;1;1;1;;;999;4
4;2;19;8;0;;1;1;C-37;71,7;6;19;1;999;;1;1;1;;;999;4
4;2;20;8;8077;;1;1;B-23;1,2;2;3;2;;;1;1;1;;;999;4
4;2;22;8;8305;;1;1;N-340;1213;6;2;2;4;;1;4;1;;;999;4
4;2;22;8;0;;1;1;AP-7;180;2;6;1;999;;1;6;1;;;999;4
4;2;10;8;8285;;3;2;No inventariada;;14;6;1;999;;1;1;1;;;17;998
4;2;13;8;8073;;3;2;No inventariada;;14;2;2;1;;1;1;1;;;17;998
4;2;14;8;8102;;3;2;No inventariada;;14;2;2;1;;1;1;1;;;17;998
3;3;19;8;8121;;3;2;No inventariada;;14;9;2;2;;1;1;1;;;17;998
4;4;9;8;8121;;3;2;No inventariada;;14;7;1;999;;1;1;1;;;17;998
4;2;7;8;8121;;3;2;No inventariada;;14;4;2;4;;1;1;1;;;17;998
4;1;16;8;8121;;3;2;No inventariada;;14;3;2;2;;1;1;1;;;17;998
4;2;13;8;8245;;3;2;No inventariada;;14;7;1;999;;1;1;1;;;17;998
4;2;20;8;8121;;3;2;No inventariada;;14;9;2;1;;1;1;1;;;17;998
4;3;7;8;8169;;3;2;No inventariada;;14;2;2;4;;1;2;1;;;17;998
4;3;11;8;8169;;3;2;No inventariada;;14;9;1;999;;1;1;1;;;17;998
2;7;16;8;8169;;3;2;No inventariada;;14;9;1;999;;1;1;1;;;17;998
2;6;11;8;8169;;1;1;B-203;3;6;4;1;999;;1;1;1;;;17;4
2;4;13;8;8169;;3;2;No inventariada;;14;2;2;1;;1;1;1;;;17;998
2;4;10;8;8169;;3;2;No inventariada;;14;4;2;1;;1;1;1;;;17;998
3;6;13;8;8200;;3;2;No inventariada;;14;4;2;4;;1;1;1;;;17;998
4;2;22;8;8252;;3;2;No inventariada;;14;9;2;4;;1;4;1;;;17;998
1;2;12;8;8019;;3;2;No inventariada;;14;3;2;1;;1;1;1;1;;999;998
3;5;18;8;8019;;3;2;No inventariada;;14;7;2;1;;1;1;1;1;;1;998
3;4;16;8;8019;;3;2;No inventariada;;14;20;2;2;;1;1;1;1;;999;998
1;3;17;8;8194;;3;2;No inventariada;;14;2;2;1;;1;2;1;;;17;998
4;5;17;8;8252;;3;2;No inventariada;;14;7;2;1;;1;1;1;;;17;998
3;2;9;8;8200;;3;2;No inventariada;;14;4;2;2;;1;1;1;;;17;998
3;3;13;8;8015;;3;2;No inventariada;;14;2;2;1;;1;1;1;;;17;998
1;4;14;8;8194;;3;2;No inventariada;;14;4;2;4;;1;1;1;;;17;998
3;7;11;8;8015;;3;2;No inventariada;;14;7;1;999;;1;1;1;;;17;998
3;6;20;8;0;;1;1;C-16;78,9;3;19;1;999;;3;6;3;;;999;4
3;1;13;8;8110;;1;1;N-2;674,2;6;3;1;999;;1;1;1;;;999;4
3;1;22;8;8006;;1;1;C-32;113,5;2;19;1;999;;1;6;1;;;999;4
3;2;9;8;8101;;1;1;B-10;19;3;4;1;999;;1;1;1;;;999;4
3;4;15;8;0;;3;2;No inventariada;;14;2;2;1;;1;1;1;;;999;998
3;7;17;8;8113;;1;1;C-55;25,5;6;4;1;999;;3;1;3;;;999;4
4;4;7;8;8194;;1;1;B-10;3,5;3;3;1;999;;1;1;1;;;999;4
4;3;8;8;8077;;1;1;C-32;62;3;4;1;999;;1;1;1;;;999;4
4;3;10;8;0;;1;1;C-26;139,7;6;9;1;999;;8;1;1;;;999;4
4;2;11;8;0;;2;2;BV-1203;3;6;20;1;999;;1;1;1;;;999;4
4;3;14;8;8033;;1;1;C-59;12,3;6;4;2;2;;1;1;1;;;999;4
4;3;14;8;8113;;1;1;C-55;33,1;3;4;1;999;;1;1;1;;;999;4
4;3;14;8;8101;;1;1;C-31;196;3;4;2;;;1;1;1;;;999;4
4;3;15;8;8096;;1;1;BV-5003;3,9;6;3;1;999;;1;1;1;;;999;4
4;3;14;8;8033;;1;1;No inventariada;2;6;2;2;4;;1;1;1;;;999;4
4;3;16;8;8125;;1;1;C-58;1,7;2;3;2;2;;1;1;1;;;999;4
4;3;18;8;8124;;1;1;C-59;0,3;6;2;2;2;;1;1;1;;;999;4
4;3;11;8;8073;;3;2;No inventariada;;14;4;1;999;;1;1;1;;;17;998
4;1;8;8;8015;;3;2;No inventariada;;14;3;2;1;;1;1;1;;;17;998
4;3;12;8;8121;;3;2;No inventariada;;14;4;1;999;;1;1;1;;;17;998
3;5;12;8;8301;;3;2;No inventariada;;14;9;2;4;;8;1;1;;;17;998
2;3;16;8;8301;;3;2;No inventariada;;14;2;2;4;;1;1;1;;;17;998
3;6;19;8;8301;;3;2;No inventariada;;14;7;1;999;;1;2;1;;;17;998
3;1;16;8;8301;;3;2;No inventariada;;14;3;1;999;;1;1;1;;;17;998
3;3;17;8;8301;;3;2;No inventariada;;14;4;2;2;;1;1;1;;;17;998
4;4;8;8;8015;;3;2;No inventariada;;14;2;2;1;;1;1;1;;;17;998
3;4;14;8;8096;;3;2;No inventariada;;14;3;1;999;;1;1;1;;;17;998
2;6;18;8;8263;;3;2;No inventariada;;14;4;1;999;;1;1;1;;;17;998
4;6;21;8;8096;;3;2;No inventariada;;14;19;2;1;;1;2;1;;;17;998
3;3;16;8;8181;;3;2;No inventariada;;14;1;1;999;;1;1;1;;;17;998
3;5;20;8;8181;;3;2;No inventariada;;14;3;1;999;;1;4;1;;;17;998
3;2;13;8;8015;;3;2;No inventariada;;14;3;1;999;;1;1;1;;;17;998
3;1;20;8;8200;;3;2;No inventariada;;14;4;1;999;;3;4;4;;;17;998
3;4;9;8;8200;;3;2;No inventariada;;14;2;1;999;;1;1;1;;;17;998
2;2;16;8;8015;;3;2;No inventariada;;14;2;2;4;;1;1;1;;;17;998
2;1;19;8;8019;;3;2;No inventariada;;14;3;1;999;;1;5;1;1;;999;998
3;3;5;8;8019;;3;2;No inventariada;;14;20;1;999;;1;5;1;1;;999;998
3;3;16;8;8019;;3;2;No inventariada;;14;9;2;1;;1;1;1;1;;999;998
3;3;11;8;8200;;3;2;No inventariada;;14;4;1;999;;1;1;1;;;17;998
1;1;18;8;8194;;3;2;No inventariada;;14;2;2;1;;1;2;1;;;17;998
3;2;20;8;8252;;3;2;No inventariada;;14;6;1;999;;1;4;1;;;17;998
3;2;8;8;8295;;3;2;No inventariada;;14;20;1;999;;1;1;1;;;1;998
4;6;0;8;8073;;3;2;No inventariada;;14;4;2;1;;1;4;1;;;17;998
4;7;13;8;8200;;3;2;No inventariada;;14;7;1;999;;1;1;1;;;17;998
3;4;17;8;0;;1;1;AP-7;161,5;2;3;1;999;;1;1;1;;;999;4
3;5;9;8;8305;;1;1;AP-7;198,7;2;19;2;2;;1;1;1;;;999;4
3;4;11;8;8019;;1;1;C-58;0,5;2;4;1;999;;1;1;1;;;999;4
3;7;8;8;8113;;1;1;C-16C;0,2;3;19;1;999;;3;1;3;;;999;4
3;7;22;8;0;;1;1;AP-7;190;2;4;1;999;;3;6;1;;;999;4
4;2;21;8;8101;;1;1;B-10;19,3;3;9;1;999;;1;4;1;;;1;2
4;3;13;8;8252;;1;1;B-30;9,5;2;4;1;999;;1;1;1;;;999;4
4;4;8;8;8159;;1;1;AP-7;135,9;6;4;1;999;;1;1;1;;;999;4
4;4;9;8;8200;;1;1;C-32;53,7;2;4;1;999;;1;1;1;;;999;4
4;4;9;8;8121;;1;1;BV-5031;1,6;6;19;1;999;;1;1;1;;;999;4
4;4;15;8;8123;;1;1;B-23;8,5;2;4;2;4;;1;1;1;;;999;4
4;4;14;8;8181;;1;1;C-251;4;6;4;1;999;;1;1;1;;;999;4
4;4;17;8;8192;;1;1;BV-4511;4,1;6;1;1;999;;1;1;1;;;4;2
4;4;18;8;8159;;1;1;C-17;15;3;3;1;999;;1;1;1;;;999;4
4;4;21;8;8266;;1;1;B-30;8,5;2;4;1;999;;1;5;1;;;999;4
4;5;0;8;8209;;1;1;B-500;8,5;6;19;1;999;;1;6;1;;;999;4
3;1;17;8;8200;;2;2;B-201;0,3;14;3;2;1;;1;1;1;;;17;4
4;3;19;8;8248;;3;2;No inventariada;;14;2;1;999;;1;1;1;;;17;998
3;6;20;8;8015;;3;2;No inventariada;;14;7;1;999;;1;4;1;;;17;998
4;4;11;8;8015;;3;2;No inventariada;;14;2;2;1;;1;1;1;;;17;998
3;7;19;8;8096;;3;2;No inventariada;;14;1;2;2;;3;2;3;;;17;998
4;3;15;8;8089;;2;2;C-245;4,7;14;2;2;4;;1;1;1;;;17;4
4;2;12;8;8089;;3;2;No inventariada;;14;7;2;2;;1;1;1;;;17;998
4;5;7;8;8089;;3;2;No inventariada;;14;3;1;999;;1;1;1;;;17;998
4;3;10;8;8089;;3;2;No inventariada;;14;2;2;1;;1;1;1;;;17;998
3;4;20;8;8200;;3;2;No inventariada;;14;2;2;1;;1;4;1;;;17;998
4;4;9;8;8200;;3;2;No inventariada;;14;2;2;1;;1;1;1;;;17;998
3;1;8;8;8238;;3;2;No inventariada;;14;7;2;2;;1;1;1;;;17;998