MES;DIA_SEMANA;HORA;COD_PROVINCIA;COD_MUNICIPIO;ISLA;ZONA;ZONA_AGRUPADA;CARRETERA;KM;TIPO_VIA;TIPO_ACCIDENTE;NUDO;NUDO_INFO;CARRETERA_CRUCE;CONDICION_FIRME;CONDICION_ILUMINACION;CONDICION_METEO;CONDICION_NIEBLA;CONDICION_VIENTO;VISIB_RESTRINGIDA_POR;TRAZADO_PLANTA
1;3;15;8;8194;;3;2;No inventariada;;14;2;2;1;;1;1;1;;;17;998
4;1;16;8;8073;;3;2;No inventariada;;14;7;1;999;;1;1;1;;;17;998
4;2;18;8;8073;;3;2;No inventariada;;14;3;1;999;;1;1;1;;;17;998
1;3;22;8;8194;;3;2;No inventariada;;14;2;2;2;;1;4;1;;;17;998
4;3;14;8;8073;;3;2;No inventariada;;14;9;1;999;;8;1;1;;;17;998
4;4;9;8;8015;;1;1;C-31;213,4;2;4;2;;;1;1;1;;;999;4
4;5;6;8;8284;;1;1;GI-512;2,4;6;1;1;999;;1;5;1;;;999;4
4;6;19;8;8194;;1;1;C-31;209,5;2;4;1;999;;1;1;1;;;999;4
4;5;14;8;8279;;1;1;C-58;20,6;2;4;1;999;;1;1;1;;;999;4
4;5;14;8;8138;;2;2;C-59;39,2;6;2;2;2;;1;1;1;;;999;4
4;5;17;8;8245;;1;1;B-20;18;2;4;1;999;;1;1;1;;;999;4
4;6;0;8;0;;1;1;BV-2428;1,2;6;19;1;999;;1;6;1;;;999;4
4;4;10;8;8298;;3;2;No inventariada;;14;6;1;999;;1;1;1;;;17;998
4;5;2;8;8298;;3;2;No inventariada;;14;6;1;999;;1;4;1;;;17;998
3;1;16;8;8238;;1;1;C-1413a;19,3;14;9;2;2;;3;1;4;;;17;4
4;6;0;8;8298;;3;2;No inventariada;;14;7;1;999;;1;4;1;;;17;998
4;6;8;8;0;;1;1;BV-5201;0,1;6;2;2;2;;1;1;1;;;999;4
4;6;9;8;8183;;2;2;C-153;7,8;6;2;2;2;;1;1;1;;;999;4
4;6;10;8;0;;1;1;BV-2441;11,5;6;9;1;999;;8;1;1;;;999;4
4;6;11;8;8161;;1;1;BV-2242;2;6;2;1;999;;1;1;1;;;999;4
4;6;10;8;0;;1;1;A-2;536,4;3;19;1;999;;1;1;1;;;999;4
4;6;12;8;0;;1;1;No inventariada;3,4;6;9;1;999;;1;1;1;;;999;4
4;6;13;8;8125;;1;1;C-33;79;2;4;1;999;;1;1;1;;;999;4
4;6;14;8;8217;;1;1;A-2;607;3;3;1;999;;1;1;1;;;999;4
4;6;11;8;8091;;1;1;AP-7;176;2;4;1;999;;1;1;1;;;999;4
4;6;19;8;8121;;1;1;C-32;100,2;2;4;1;999;;1;1;1;;;999;4
4;6;18;8;8009;;1;1;C-32;98,2;2;20;1;999;;1;1;1;;;999;4
4;6;18;8;0;;1;1;B-212;3,4;6;6;1;999;;1;1;1;;;17;4
4;6;22;8;8091;;1;1;AP-7;177;2;6;1;999;;1;6;1;;;999;4
4;6;2;8;8298;;3;2;No inventariada;;14;2;2;4;;1;4;1;;;17;998
1;5;6;8;8196;;3;2;No inventariada;;14;2;2;1;;1;1;1;;;17;998
2;2;18;8;8019;;3;2;No inventariada;;14;7;2;1;;1;1;1;1;;999;998
2;5;13;8;8019;;3;2;No inventariada;;14;19;1;999;;1;1;1;1;;1;998
3;7;19;8;8019;;3;2;No inventariada;;14;3;2;1;;1;5;1;1;;999;998
3;1;14;8;8019;;3;2;No inventariada;;14;2;1;999;;1;1;1;1;;999;998
3;6;15;8;8019;;3;2;No inventariada;;14;3;2;1;;1;1;1;1;;999;998
3;2;8;8;8194;;3;2;No inventariada;;14;7;1;999;;1;1;3;;;1;998
4;1;21;8;8194;;3;2;No inventariada;;14;7;1;999;;1;4;1;;;1;998
4;3;17;8;8279;;2;2;BP-1503;22,1;14;20;1;999;;1;1;1;;;17;4
4;5;18;8;8279;;3;2;No inventariada;;14;20;1;999;;1;1;1;;;17;998
3;7;7;8;8181;;1;1;C-251;4,5;6;19;1;999;;3;1;1;;;999;4
4;4;8;8;0;;1;1;C-17;72,5;3;2;2;1;;1;1;1;;;999;4
4;5;10;8;8279;;1;1;C-16;23;2;3;2;2;;1;1;1;;;999;4
4;6;0;8;8019;;1;1;C-58;0,6;6;19;1;999;;1;4;1;;;999;4
4;7;10;8;8259;;1;1;AP-7;112;2;9;1;999;;1;1;1;;;999;4
4;7;13;8;8056;;1;1;C-32;43,2;2;3;1;999;;1;1;1;;;999;4
4;7;16;8;0;;1;1;AP-7;186,6;2;4;1;999;;1;1;1;;;999;4
4;7;16;8;0;;1;1;BV-4241;14,8;6;3;1;999;;1;1;1;;;999;4
4;7;18;8;8205;;1;1;BP-1417;5,5;6;9;1;999;;1;1;1;;;999;4
4;7;18;8;8208;;1;1;B-224;22,8;6;3;2;2;;1;1;1;;;999;4
4;7;18;8;0;;1;1;C-16;41,5;2;19;2;;;1;1;1;;;999;4
4;7;19;8;0;;2;2;N-340;1220;6;1;1;999;;1;1;1;;;17;1
4;7;20;8;8077;;1;1;C-32;62,7;3;3;1;999;;1;4;1;;;999;4
4;3;12;8;8102;;3;2;No inventariada;;14;4;1;999;;1;1;1;;;17;998
4;5;17;8;8102;;3;2;No inventariada;;14;4;2;4;;1;1;1;;;17;998
4;6;7;8;8102;;3;2;No inventariada;;14;4;2;1;;1;1;1;;;17;998
4;3;15;8;8015;;3;2;No inventariada;;14;9;1;999;;1;1;1;;;17;998
3;7;20;8;8030;;3;2;No inventariada;;14;9;2;2;;1;4;1;;;17;998
4;2;19;8;8015;;3;2;No inventariada;;14;3;1;999;;1;2;1;;;17;998
3;3;11;8;8030;;3;2;No inventariada;;14;19;1;999;;1;1;1;;;17;998
4;6;2;8;8245;;3;2;No inventariada;;14;3;2;1;;1;4;1;;;17;998
4;3;16;8;8030;;3;2;No inventariada;;14;2;2;2;;1;1;1;;;17;998
4;6;18;8;8030;;2;2;BV-5022;3,1;14;4;1;999;;1;1;1;;;17;4
4;6;7;8;8245;;2;2;No inventariada;;14;1;2;1;;1;1;1;;;17;4
4;7;3;8;8245;;3;2;No inventariada;;14;7;2;1;;1;4;1;;;17;998
4;4;16;8;8211;;3;2;No inventariada;;14;4;1;999;;1;1;1;;;17;998
4;5;13;8;8200;;3;2;No inventariada;;14;4;1;999;;1;1;1;;;17;998
4;3;12;8;8200;;3;2;No inventariada;;14;4;1;999;;1;1;1;;;17;998
4;1;21;8;8252;;3;2;No inventariada;;14;4;1;999;;1;4;1;;;17;998
4;5;20;8;8200;;2;2;BV-2002;7;14;4;2;;;1;4;1;;;17;4
2;7;15;8;8019;;3;2;No inventariada;;14;7;1;999;;1;1;1;1;;9;998
3;7;20;8;8019;;3;2;No inventariada;;14;2;2;1;;1;5;1;1;;1;998
3;7;15;8;8019;;3;2;No inventariada;;14;7;1;999;;1;1;1;1;;999;998
4;6;23;8;8279;;3;2;No inventariada;;14;20;1;999;;1;1;1;;;17;998
3;1;9;8;8101;;3;2;No inventariada;;14;9;1;999;;1;1;1;;;999;998
4;6;8;8;0;;1;1;N-2a;531,5;6;8;1;999;;1;1;1;;;17;4
4;6;13;8;8187;;1;1;BV-1248;4,2;6;4;1;999;;1;1;1;;;999;4
4;7;9;8;8169;;1;1;C-32B;0;3;19;1;999;;1;1;1;;;999;4
4;1;13;8;8009;;1;1;C-32;97,5;2;19;1;999;;1;1;1;;;999;4
4;4;14;8;8113;;1;1;C-55;28,4;3;4;1;999;;1;1;1;;;999;4
4;1;11;8;8041;;1;1;No inventariada;8,9;6;19;1;999;;1;1;1;;;999;4
4;1;14;8;8125;;1;1;C-58;4,5;2;4;2;2;;1;1;1;;;999;4
4;1;14;8;0;;1;1;B-124;16,4;6;19;1;999;;1;1;1;;;999;4
4;1;15;8;8123;;1;1;No inventariada;10,6;6;9;2;;N-340;8;1;1;;;999;4
4;1;16;8;0;;1;1;AP-7;93;2;3;1;999;;1;1;1;;;999;4
4;1;16;8;8252;;1;1;AP-7;148,3;2;3;1;999;;1;1;1;;;999;4
4;1;16;8;8230;;1;1;C-32;90,9;2;4;1;999;;1;1;1;;;999;4
4;1;17;8;0;;3;2;No inventariada;;14;2;2;2;;1;1;1;;;999;998
4;1;17;8;8213;;1;1;C-16C;2,9;6;3;2;4;;1;1;1;;;999;4
4;1;17;8;0;;2;2;N-340;1220;6;4;2;2;;1;1;1;;;999;4
4;1;23;8;8101;;1;1;C-31;196;3;9;1;999;;1;4;1;;;999;4
4;1;13;8;8073;;3;2;No inventariada;;14;7;1;999;;1;1;1;;;17;998
4;4;7;8;8073;;3;2;No inventariada;;14;7;1;999;;1;1;1;;;17;998
4;7;23;8;8015;;3;2;No inventariada;;14;4;1;999;;1;4;1;;;17;998
4;7;13;8;8245;;3;2;No inventariada;;14;1;1;999;;1;1;1;;;17;998
4;4;9;8;8211;;3;2;No inventariada;;14;9;2;1;;1;1;1;;;17;998
3;2;19;8;8307;;3;2;No inventariada;;14;2;2;1;;3;4;3;;;17;998
4;7;19;8;8089;;3;2;No inventariada;;14;9;1;999;;1;1;1;;;17;998
3;4;22;8;8089;;3;2;No inventariada;;14;9;1;999;;1;5;1;;;17;998
4;1;18;8;8245;;3;2;No inventariada;;14;4;2;4;;1;1;1;;;17;998
4;3;17;8;8121;;3;2;No inventariada;;14;3;2;4;;1;1;1;;;17;998
3;1;17;8;8015;;2;2;BV-5011;0,9;14;9;1;999;;8;1;1;;;17;4
4;1;18;8;8245;;3;2;No inventariada;;14;7;2;2;;1;1;1;;;17;998
4;5;19;8;8121;;3;2;No inventariada;;14;2;1;999;;1;1;1;;;17;998
2;3;17;8;8019;;3;2;No inventariada;;14;20;1;999;;1;1;1;1;;999;998
3;1;18;8;8019;;3;2;No inventariada;;14;4;1;999;;1;1;1;1;;1;998
4;1;9;8;8157;;3;2;No inventariada;;14;6;1;999;;1;1;1;;;17;998
4;5;14;8;8125;;1;1;C-58;1,7;2;4;1;999;;1;1;1;;;999;4
3;3;8;8;8181;;1;1;BV-5159;1,4;6;4;1;999;;1;1;1;;;999;4
3;5;10;8;8114;;1;1;AP-7;170;2;4;1;999;;1;1;1;;;999;4
4;2;12;8;8009;;1;1;C-60;4,8;2;6;2;1;;1;1;1;;;17;4
4;7;12;8;0;;2;2;BV-5301;35,2;14;4;2;1;;1;1;1;;;999;4
4;1;18;8;8009;;1;1;C-32;99,5;2;4;1;999;;1;1;1;;;999;4
4;2;9;8;8305;;1;1;AP-7;199,8;2;4;1;999;;1;1;1;;;999;4
4;2;10;8;8001;;1;1;C-55;1,2;6;4;1;999;;1;1;1;;;999;4
4;2;11;8;8030;;1;1;C-32;94;2;19;1;999;;1;1;1;;;999;4
4;2;10;8;8305;;1;1;N-340;1213;6;1;2;;;1;1;1;;;999;4
4;2;14;8;8211;;1;1;BV-1468;7,1;6;9;1;999;;1;1;1;;;999;4
4;2;16;8;8113;;1;1;C-16C;0,4;3;19;2;;;1;1;1;;;999;4
4;2;18;8;0;;1;1;B-23;13,5;2;4;1;999;;1;1;1;;;999;4
4;5;19;8;8101;;3;2;No inventariada;;14;4;1;999;;1;1;1;;;17;998
4;6;15;8;8121;;3;2;No inventariada;;14;2;2;1;;1;1;1;;;17;998
1;5;22;8;8180;;3;2;No inventariada;;14;9;2;1;;1;4;1;;;17;998
3;7;19;8;8180;;3;2;No inventariada;;14;1;1;999;;1;4;1;;;17;998
4;5;13;8;8121;;3;2;No inventariada;;14;4;1;999;;1;1;1;;;17;998
4;7;20;8;8121;;2;2;N-2;647,2;14;2;2;2;;1;4;1;;;17;4
4;1;10;8;8121;;3;2;No inventariada;;14;4;2;4;;1;1;1;;;17;998
3;5;17;8;8266;;3;2;No inventariada;;14;7;1;999;;1;1;1;;;17;998
3;3;9;8;8266;;3;2;No inventariada;;14;7;1;999;;1;1;1;;;17;998
3;6;7;8;8266;;3;2;No inventariada;;14;2;2;2;;1;1;1;;;17;998
3;7;22;8;8266;;3;2;No inventariada;;14;9;1;999;;3;4;3;;;17;998
3;7;22;8;8266;;3;2;No inventariada;;14;9;2;1;;3;4;4;;;17;998
4;2;7;8;8200;;3;2;No inventariada;;14;2;1;999;;1;1;1;;;17;998
4;2;20;8;8073;;3;2;No inventariada;;14;2;2;4;;1;1;1;;;17;998
4;6;18;8;8073;;3;2;No inventariada;;14;2;1;999;;1;1;1;;;17;998
4;2;12;8;8096;;3;2;No inventariada;;14;7;2;2;;1;1;1;;;1;998
3;5;12;8;0;;1;1;C-1413a;1,8;6;3;1;999;;1;1;1;;;999;4
4;2;8;8;8015;;1;1;C-31;214,1;2;4;1;999;;1;1;1;;;999;4
4;3;12;8;8006;;1;1;C-32;109,9;2;6;1;999;;1;1;1;;;999;4
4;4;11;8;8197;;1;1;N-2;652;6;2;2;2;;1;1;1;;;999;4
4;2;12;8;8125;;1;1;C-58;4,5;2;4;2;2;;1;1;1;;;999;4
4;2;13;8;8015;;1;1;C-31;212;2;4;1;999;;1;1;1;;;999;4
4;2;14;8;8213;;1;1;C-25;136,4;3;4;2;;;1;1;1;;;999;4
4;2;14;8;8197;;1;1;C-32;105,5;2;3;2;;;1;1;1;;;999;4
4;2;16;8;0;;1;1;BV-5213;0,7;6;3;1;999;;1;1;1;;;17;1
4;2;21;8;8252;;1;1;AP-7;146,5;2;19;1;999;;1;5;1;;;999;4
4;3;7;8;8157;;1;1;B-24;10;3;4;1;999;;1;1;1;;;999;4
4;3;7;8;8077;;1;1;B-23;1,5;2;4;1;999;;1;1;1;;;999;4
4;3;9;8;0;;1;1;C-37;54;6;19;1;999;;1;1;1;;;999;4
4;3;12;8;8260;;1;1;AP-7;142;2;4;1;999;;1;1;1;;;999;4
4;3;15;8;8307;;1;1;C-31;150;6;4;1;999;;1;1;1;;;999;4
4;3;14;8;8073;;1;1;B-20;3;2;4;1;999;;1;1;1;;;17;1
4;3;17;8;8089;;1;1;B-210;2;6;2;2;;;1;1;1;;;999;4
4;3;18;8;8181;;1;1;AP-7;127,5;2;4;1;999;;1;1;1;;;999;4
4;3;18;8;8051;;1;1;B-124;15;6;9;1;999;;1;1;1;;;999;4
4;3;19;8;8101;;1;1;C-31;196;3;3;1;999;;1;1;1;;;999;4
4;3;8;8;8073;;3;2;No inventariada;;14;9;1;999;;1;1;1;;;17;998
4;4;16;8;8015;;3;2;No inventariada;;14;4;2;1;;1;1;1;;;17;998
4;3;23;8;8245;;3;2;No inventariada;;14;9;1;999;;3;4;3;;;17;998
4;1;8;8;8169;;3;2;No inventariada;;14;7;1;999;;1;1;1;;;17;998
3;3;16;8;8180;;3;2;No inventariada;;14;2;1;999;;1;1;1;;;17;998
3;5;19;8;8180;;3;2;No inventariada;;14;2;2;2;;1;2;1;;;17;998
4;6;21;8;8121;;3;2;No inventariada;;14;4;2;2;;1;4;1;;;17;998
2;1;19;8;8263;;2;2;BV-2005;1,4;14;3;1;999;;1;1;1;;;17;4
3;3;23;8;8019;;3;2;No inventariada;;14;20;2;1;;1;2;1;1;;999;998
3;6;14;8;8006;;2;2;N-2;657,1;14;3;2;2;;1;1;1;;;17;1
4;6;17;8;8121;;3;2;No inventariada;;14;2;2;2;;1;1;1;;;2;998
4;1;0;8;8211;;3;2;No inventariada;;14;2;2;2;;1;4;1;;;1;998
4;1;13;8;8200;;1;1;No inventariada;54;6;4;1;999;;1;1;1;;;999;4
3;6;11;8;8211;;1;1;B-23;6,3;2;3;1;999;;1;1;1;;;999;4
4;3;5;8;8033;;1;1;C-59;12,5;6;3;1;999;;1;1;1;;;17;4
4;7;11;8;8197;;1;1;N-2;651,8;6;9;1;999;;1;1;1;;;999;4
4;4;6;8;0;;1;1;N-2a;550;6;19;1;999;;1;6;1;;;999;4
4;4;6;8;8124;;1;1;C-17;13,4;3;4;1;999;;1;2;1;;;999;4
4;4;9;8;0;;2;2;C-59;31,3;6;2;1;999;;1;1;1;;;999;4
4;4;11;8;0;;1;1;BP-1101;12,8;6;19;1;999;;1;1;1;;;999;4
4;4;17;8;8217;;1;1;A-2;607,5;3;4;1;999;;1;1;1;;;999;4
4;4;17;8;8113;;1;1;C-55;29;3;19;1;999;;1;1;1;;;999;4
4;4;17;8;8155;;1;1;N-2;677,1;6;4;1;999;;3;1;3;;;999;4
4;4;23;8;8054;;1;1;BV-1201;7;6;3;1;999;;1;6;1;;;999;4
4;7;16;8;8102;;3;2;No inventariada;;14;2;2;2;;1;1;1;;;17;998
4;2;17;8;8245;;2;2;BV-5001;3,4;14;4;1;999;;1;1;1;;;17;4
4;3;13;8;8102;;2;2;BV-4135;0,1;14;9;2;1;;8;1;1;;;17;4
4;4;13;8;8096;;3;2;No inventariada;;14;2;2;1;;1;1;1;;;17;998
4;4;17;8;8121;;3;2;No inventariada;;14;2;2;1;;1;1;1;;;17;998
4;7;13;8;8096;;3;2;No inventariada;;14;9;2;1;;1;1;1;;;17;998
4;2;19;8;8245;;3;2;No inventariada;;14;4;1;999;;1;1;1;;;17;998
4;3;12;8;8096;;3;2;No inventariada;;14;4;2;4;;1;1;1;;;17;998
2;1;22;8;8015;;3;2;No inventariada;;14;9;1;999;;1;4;1;;;17;998
4;2;23;8;8267;;1;1;No inventariada;30,7;6;19;1;999;;3;6;3;;;999;4
4;3;13;8;8019;;1;1;C-58;0;2;4;2;;;1;1;1;;;999;4
4;4;12;8;8019;;1;1;C-58;0;2;9;1;999;;8;1;1;;;999;4
4;5;9;8;8180;;1;1;C-58;6,5;2;9;1;999;;1;1;1;;;999;4
4;5;13;8;8124;;1;1;C-17;13,2;3;4;2;;;1;1;1;;;999;4
4;5;14;8;8305;;1;1;B-212;2,3;6;2;2;1;;1;1;1;;;999;4
4;5;15;8;8191;;1;1;C-25;144,2;3;4;1;999;;1;1;1;;;999;4
4;5;16;8;8114;;1;1;A-2;585,8;3;20;1;999;;1;1;1;;;17;2
4;5;17;8;8124;;1;1;AP-7;140,5;2;4;1;999;;1;1;1;;;999;4
4;5;18;8;8114;;1;1;AP-7;171;2;6;1;999;;1;1;1;;;999;4
4;6;1;8;0;;1;1;C-62;0,1;6;19;2;4;;1;6;1;;;999;4
2;1;22;8;8015;;3;2;No inventariada;;14;9;1;999;;1;4;1;;;17;998
4;3;9;8;0;;1;1;BV-5301;35,1;6;2;2;2;;1;1;1;;;999;4
4;5;13;8;8262;;1;1;C-55;21,4;6;4;1;999;;1;1;1;;;999;4
4;6;7;8;8113;;1;1;C-55;27,8;3;4;1;999;;1;2;1;;;6;1
4;6;7;8;8169;;1;1;B-22;7;6;6;1;999;;1;1;1;;;999;4
4;6;10;8;0;;1;1;BP-2126;2,2;6;9;1;999;;1;1;1;;;999;4
4;6;10;8;8219;;2;2;N-2;641,3;6;2;2;2;;1;1;1;;;999;4
4;6;11;8;0;;1;1;BP-1121;12,6;6;4;1;999;;1;1;1;;;999;4
4;6;18;8;8205;;1;1;BP-1417;5,8;6;9;1;999;;1;1;1;;;999;4
4;6;20;8;8029;;1;1;N-2;643;6;3;2;4;;1;2;1;;;999;4
4;6;20;8;8205;;1;1;BP-1417;5,7;6;20;1;999;;1;1;1;;;17;4
4;7;2;8;8181;;1;1;C-1415c;13,5;6;1;1;999;;1;1;1;;;17;4
4;5;9;8;8088;;3;2;No inventariada;;14;6;1;999;;1;1;1;;;17;998
4;5;6;8;8073;;3;2;No inventariada;;14;9;2;4;;1;2;1;;;17;998
4;2;13;8;8015;;3;2;No inventariada;;14;7;1;999;;1;1;1;;;17;998
4;1;10;8;8015;;3;2;No inventariada;;14;7;2;1;;1;1;1;;;17;998
4;5;20;8;8298;;3;2;No inventariada;;14;3;2;1;;1;2;1;;;17;998
3;1;7;8;8019;;1;1;B-20;12,5;14;20;1;999;;1;1;1;1;;999;4
4;4;18;8;8231;;3;2;No inventariada;;14;7;1;999;;1;1;1;;;17;998
4;6;17;8;8279;;3;2;No inventariada;;14;20;1;999;;1;1;1;;;17;998
4;7;6;8;0;;1;1;C-243a;5,4;6;19;2;2;;1;6;1;;;999;4
4;7;11;8;0;;1;1;No inventariada;9999;6;19;1;999;;1;1;1;;;999;4
4;7;14;8;0;;1;1;BP-1103;5,7;6;9;1;999;;1;1;1;;;999;4
4;7;14;8;0;;1;1;C-15;39,8;6;3;1;999;;1;1;1;;;999;4
4;7;17;8;8035;;1;1;N-2;665,6;6;4;2;2;;1;1;1;;;999;4
4;7;19;8;8307;;1;1;C-15z;2,5;6;2;2;4;;1;1;1;;;999;4
4;7;20;8;8169;;1;1;C-31C;3;6;4;2;;;1;2;1;;;999;4
4;7;23;8;8208;;1;1;B-224;21,9;6;3;1;999;;1;6;3;;;17;2
4;4;12;8;8102;;3;2;No inventariada;;14;2;2;1;;1;1;1;;;17;998
4;7;20;8;8102;;3;2;No inventariada;;14;2;2;1;;1;2;1;;;17;998
4;6;1;8;8102;;3;2;No inventariada;;14;9;1;999;;1;4;1;;;17;998
4;4;22;8;8169;;3;2;No inventariada;;14;2;2;1;;1;4;1;;;17;998
4;4;10;8;8121;;3;2;No inventariada;;14;19;1;999;;1;1;1;;;17;998
3;2;8;8;8307;;3;2;No inventariada;;14;9;1;999;;1;1;1;;;17;998
4;6;11;8;8245;;3;2;No inventariada;;14;4;1;999;;1;1;1;;;17;998
3;3;8;8;8307;;3;2;No inventariada;;14;2;2;1;;1;1;1;;;17;998
4;3;17;8;8298;;3;2;No inventariada;;14;2;2;4;;1;1;1;;;17;998
4;1;13;8;8200;;3;2;No inventariada;;14;7;1;999;;1;1;1;;;17;998
3;1;19;8;8015;;3;2;No inventariada;;14;2;1;999;;1;4;1;;;17;998
4;5;7;8;8200;;3;2;No inventariada;;14;9;1;999;;1;1;1;;;17;998
4;4;20;8;8135;;3;2;No inventariada;;14;2;1;999;;1;4;1;;;17;998
2;4;9;8;8307;;3;2;No inventariada;;14;3;1;999;;1;1;1;;;17;998
4;2;18;8;8077;;3;2;No inventariada;;14;6;1;999;;1;1;1;;;17;998
4;4;23;8;8235;;1;1;N-2;665;6;9;1;999;;1;6;1;;;999;4
4;3;19;8;8196;;1;1;A-2;594,4;3;3;1;999;;1;1;1;;;999;4
4;4;21;8;0;;1;1;AP-7;204,8;2;2;1;999;;1;6;1;;;999;4
4;6;13;8;8009;;1;1;C-32;98,5;2;4;1;999;;1;1;1;;;999;4
4;5;14;8;8205;;1;1;AP-7;154;2;4;1;999;;1;1;1;;;999;4
4;6;19;8;8019;;1;1;C-58;0;2;4;1;999;;1;1;1;;;999;4
4;1;8;8;8076;;1;1;C-1414;0,8;6;19;1;999;;3;1;3;;;999;4
4;1;7;8;8300;;1;1;BV-1211;5,4;6;19;1;999;;3;1;3;;;999;4
4;1;8;8;0;;1;1;C-25;120,3;3;19;1;999;;3;1;4;;;999;4
4;1;13;8;8101;;1;1;B-10;19,5;3;3;1;999;;1;1;1;;;999;4
4;1;13;8;8073;;1;1;A-2;610;3;4;2;;;1;1;1;;;999;4
4;1;18;8;8123;;1;1;B-23;8,6;2;3;1;999;;3;1;3;;;999;4
4;1;18;8;8091;;1;1;AP-7;175;2;4;1;999;;1;1;1;;;999;4
4;1;20;8;0;;1;1;AP-7;190;2;1;1;999;;1;2;999;;;5;2
4;1;19;8;0;;1;1;C-244;14,6;6;19;1;999;;3;1;3;;;999;4
4;6;10;8;8015;;3;2;No inventariada;;14;7;2;1;;1;1;1;;;17;998
4;2;2;8;8245;;3;2;No inventariada;;14;6;1;999;;3;4;1;;;17;998
3;2;13;8;8217;;3;2;No inventariada;;14;2;2;4;;1;1;1;;;17;998
3;5;13;8;8217;;2;2;No inventariada;;14;3;2;4;;1;1;1;;;17;4
2;1;22;8;8279;;3;2;No inventariada;;14;2;2;4;;1;4;1;;;17;998
4;2;5;8;8217;;3;2;No inventariada;;14;2;2;1;;1;4;1;;;17;998
4;4;19;8;8200;;3;2;No inventariada;;14;2;2;1;;1;1;1;;;17;998
2;3;10;8;8279;;3;2;No inventariada;;14;7;2;1;;1;1;1;;;17;998
4;5;10;8;8089;;3;2;No inventariada;;14;2;2;2;;1;1;1;;;17;998
4;7;10;8;8121;;3;2;No inventariada;;14;2;2;1;;1;1;1;;;17;998
4;2;16;8;8217;;3;2;No inventariada;;14;9;1;999;;1;1;1;;;17;998
4;2;18;8;8217;;3;2;No inventariada;;14;4;1;999;;1;1;1;;;17;998
4;2;9;8;8089;;2;2;C-245;5,6;14;2;2;2;;1;1;1;;;17;4
4;1;18;8;8089;;3;2;No inventariada;;14;2;2;1;;1;1;1;;;17;998
4;1;14;8;8217;;3;2;No inventariada;;14;7;2;2;;1;1;1;;;17;998
4;5;10;8;8217;;3;2;No inventariada;;14;2;2;1;;1;1;1;;;17;998
4;1;21;8;8217;;3;2;No inventariada;;14;2;2;1;;1;4;1;;;17;998
2;2;15;8;8015;;3;2;No inventariada;;14;9;2;1;;1;1;1;;;17;998
2;4;17;8;8279;;3;2;No inventariada;;14;7;2;1;;1;1;1;;;17;998
2;4;17;8;8279;;3;2;No inventariada;;14;7;1;999;;1;1;1;;;17;998
2;5;16;8;8279;;3;2;No inventariada;;14;4;1;999;;1;1;1;;;17;998
4;1;16;8;8089;;1;1;C-31;184;3;1;2;2;;1;1;1;;;17;4
4;1;14;8;8200;;3;2;No inventariada;;14;4;1;999;;1;1;1;;;17;998
2;1;10;8;8279;;3;2;No inventariada;;14;7;1;999;;1;1;1;;;17;998
4;4;22;8;8169;;3;2;No inventariada;;14;3;2;1;;1;4;1;;;17;998
4;1;6;8;8089;;3;2;No inventariada;;14;9;1;999;;3;1;3;;;17;998
4;4;8;8;8096;;4;2;C-352;18,4;3;19;1;999;;3;1;1;;;17;4
4;3;14;8;8015;;3;2;No inventariada;;14;7;1;999;;1;1;1;;;17;998
4;2;14;8;8015;;3;2;No inventariada;;14;9;1;999;;1;1;1;;;17;998
4;2;17;8;8101;;3;2;No inventariada;;14;9;1;999;;1;1;1;;;17;998
4;2;15;8;8101;;3;2;No inventariada;;14;9;1;999;;1;1;1;;;17;998
4;4;20;8;8101;;3;2;No inventariada;;14;9;1;999;;1;1;1;;;17;998
4;4;14;8;8101;;3;2;No inventariada;;14;9;1;999;;1;1;1;;;17;998
4;6;10;8;8101;;3;2;No inventariada;;14;6;1;999;;1;1;1;;;17;998
3;5;7;8;8101;;3;2;No inventariada;;14;9;1;999;;1;2;1;;;17;998
3;1;11;8;8101;;3;2;No inventariada;;14;9;1;999;;1;1;1;;;17;998
3;3;18;8;8019;;3;2;No inventariada;;14;3;1;999;;1;1;1;1;;999;998
3;4;9;8;8019;;3;2;No inventariada;;14;20;1;999;;1;1;1;1;;999;998
3;7;21;8;8019;;3;2;No inventariada;;14;3;2;1;;1;5;1;1;;999;998
3;2;11;8;8019;;3;2;No inventariada;;14;3;2;1;;1;1;1;1;;999;998
2;4;21;8;8101;;3;2;No inventariada;;14;2;2;2;;1;5;1;;;1;998
4;6;16;8;8046;;3;2;No inventariada;;14;19;1;999;;1;1;1;;;17;998
4;6;17;8;8096;;3;2;No inventariada;;14;9;1;999;;1;1;1;;;1;998
4;5;10;8;8300;;3;2;No inventariada;;14;9;2;1;;1;1;1;;;1;998
4;5;20;8;8211;;3;2;No inventariada;;14;9;2;4;;5;1;1;;;1;998
4;4;13;8;8112;;3;2;No inventariada;;14;2;2;4;;1;1;1;;;17;998
4;1;9;8;8051;;1;1;B-124;4,6;6;4;1;999;;3;1;3;;;999;4
4;6;10;8;0;;1;1;No inventariada;61;6;9;1;999;;8;1;1;;;999;4
4;5;20;8;8205;;1;1;AP-7;160,5;2;20;1;999;;1;2;1;;;999;4
4;6;12;8;8009;;1;1;C-60;1,1;2;4;1;999;;1;1;1;;;999;4
4;7;11;8;8019;;1;1;C-58;0,5;2;4;1;999;;1;1;1;;;999;4
4;7;15;8;8118;;2;2;N-2;634,2;6;9;1;999;;1;1;1;;;999;4
4;7;16;8;8121;;1;1;C-32;100,3;2;9;2;;;1;1;1;;;999;4
4;2;7;8;8260;;1;1;B-140;3,6;6;4;1;999;;3;1;1;;;999;4
4;2;8;8;8301;;1;1;C-32;51;2;9;1;999;;3;1;1;;;999;4
4;2;9;8;8260;;1;1;AP-7;141,4;2;4;2;2;;1;1;1;;;999;4