MES;DIA_SEMANA;HORA;COD_PROVINCIA;COD_MUNICIPIO;ISLA;ZONA;ZONA_AGRUPADA;CARRETERA;KM;TIPO_VIA;TIPO_ACCIDENTE;NUDO;NUDO_INFO;CARRETERA_CRUCE;CONDICION_FIRME;CONDICION_ILUMINACION;CONDICION_METEO;CONDICION_NIEBLA;CONDICION_VIENTO;VISIB_RESTRINGIDA_POR;TRAZADO_PLANTA
4;2;15;8;8289;;1;1;BV-2005;3;6;19;1;999;;1;1;1;;;999;4
4;2;16;8;8270;;1;1;C-31;170,8;6;9;1;999;;1;1;1;;;17;2
4;2;22;8;8106;;1;1;C-35;46;6;8;1;999;;1;6;1;;;999;4
4;3;3;8;8073;;1;1;B-20;3;2;6;2;2;;1;4;1;;;999;4
4;2;8;8;8073;;3;2;No inventariada;;14;9;1;999;;3;1;1;;;17;998
4;3;19;8;8015;;3;2;No inventariada;;14;9;2;2;;1;1;1;;;17;998
4;1;9;8;8089;;3;2;No inventariada;;14;9;1;999;;3;1;3;;;17;998
3;3;20;8;8307;;3;2;No inventariada;;14;9;1;999;;3;4;3;;;17;998
2;5;21;8;8279;;3;2;No inventariada;;14;9;1;999;;1;4;1;;;17;998
2;4;19;8;8279;;3;2;No inventariada;;14;4;1;999;;1;4;1;;;17;998
3;2;17;8;8180;;3;2;No inventariada;;14;2;2;1;;1;1;1;;;17;998
4;3;20;8;8096;;3;2;No inventariada;;14;2;2;1;;1;1;1;;;17;998
2;2;9;8;8279;;3;2;No inventariada;;14;2;2;1;;1;1;1;;;17;998
4;2;13;8;8245;;3;2;No inventariada;;14;7;2;1;;1;1;1;;;17;998
2;2;16;8;8279;;3;2;No inventariada;;14;6;1;999;;1;1;1;;;17;998
2;2;15;8;8279;;3;2;No inventariada;;14;4;1;999;;1;1;1;;;17;998
4;2;14;8;8245;;3;2;No inventariada;;14;20;1;999;;1;1;1;;;17;998
2;3;17;8;8279;;2;2;BP-1503z;24,1;14;9;2;4;;1;1;1;;;17;4
4;7;16;8;8121;;3;2;No inventariada;;14;4;1;999;;1;1;1;;;17;998
4;2;14;8;8200;;3;2;No inventariada;;14;7;1;999;;1;1;1;;;17;998
4;2;6;8;8298;;3;2;No inventariada;;14;2;2;1;;1;2;1;;;17;998
4;2;13;8;8298;;3;2;No inventariada;;14;2;2;1;;1;1;1;;;17;998
4;4;15;8;8101;;3;2;No inventariada;;14;9;1;999;;1;1;1;;;17;998
4;4;19;8;8101;;3;2;No inventariada;;14;4;1;999;;1;1;1;;;17;998
3;3;11;8;8101;;3;2;No inventariada;;14;3;1;999;;1;1;1;;;17;998
3;2;11;8;8101;;3;2;No inventariada;;14;2;1;999;;1;1;1;;;17;998
4;1;13;8;8101;;3;2;No inventariada;;14;7;1;999;;1;1;1;;;17;998
3;3;13;8;8101;;3;2;No inventariada;;14;4;1;999;;1;1;1;;;17;998
4;1;19;8;8101;;3;2;No inventariada;;14;4;1;999;;1;1;1;;;17;998
4;3;9;8;8238;;3;2;No inventariada;;14;2;2;4;;1;1;1;;;17;998
3;3;14;8;8101;;3;2;No inventariada;;14;3;1;999;;1;1;1;;;17;998
3;6;16;8;8112;;3;2;No inventariada;;14;2;2;4;;1;1;1;;;17;998
4;3;21;8;8101;;3;2;No inventariada;;14;2;1;999;;1;1;1;;;17;998
4;6;10;8;8101;;3;2;No inventariada;;14;7;1;999;;1;1;1;;;17;998
4;4;13;8;8101;;3;2;No inventariada;;14;9;1;999;;1;1;1;;;17;998
3;7;13;8;8101;;3;2;No inventariada;;14;2;1;999;;1;1;1;;;17;998
3;7;8;8;8101;;3;2;No inventariada;;14;2;1;999;;1;1;1;;;17;998
3;6;21;8;8101;;3;2;No inventariada;;14;9;1;999;;1;1;1;;;17;998
4;5;17;8;8101;;3;2;No inventariada;;14;2;1;999;;1;1;1;;;17;998
4;4;16;8;8101;;3;2;No inventariada;;14;2;1;999;;1;1;1;;;17;998
4;3;15;8;8101;;3;2;No inventariada;;14;2;1;999;;1;1;1;;;17;998
3;5;15;8;8101;;3;2;No inventariada;;14;4;1;999;;1;1;1;;;17;998
3;1;19;8;8101;;3;2;No inventariada;;14;2;1;999;;1;1;1;;;17;998
3;2;16;8;8101;;3;2;No inventariada;;14;1;1;999;;1;1;1;;;17;998
2;4;8;8;8101;;3;2;No inventariada;;14;7;1;999;;1;2;1;;;17;998
3;3;10;8;8101;;3;2;No inventariada;;14;2;1;999;;1;1;1;;;17;998
4;4;16;8;8205;;3;2;No inventariada;;14;1;1;999;;1;1;1;;;1;998
4;5;19;8;8284;;3;2;No inventariada;;14;19;2;2;;1;1;1;;;1;998
4;6;5;8;8279;;2;2;N-150;18,1;14;6;1;999;;1;1;1;;;17;4
4;4;9;8;8211;;3;2;No inventariada;;14;2;1;999;;1;1;1;;;17;998
4;1;12;8;8123;;1;1;B-23;8,5;2;9;2;4;;8;1;1;;;999;4
4;5;15;8;8073;;1;1;A-2;610;3;4;1;999;;1;1;1;;;999;4
4;5;15;8;8200;;3;2;No inventariada;;14;20;1;999;;1;1;1;;;17;998
4;5;16;8;8217;;1;1;A-2;608,3;3;4;1;999;;1;1;1;;;999;4
4;6;1;8;8001;;1;1;BV-1201;6;6;19;1;999;;1;6;1;;;999;4
4;7;12;8;8054;;1;1;BV-1201;7,1;6;2;2;4;;1;1;1;;;999;4
4;7;13;8;8147;;2;2;C-55;3,8;6;4;2;2;;1;1;1;;;999;4
4;5;7;8;8003;;1;1;C-32;85;2;4;1;999;;1;2;1;;;999;4
4;5;9;8;8015;;1;1;B-20;22,8;2;2;1;999;;1;1;1;;;999;4
4;7;15;8;8015;;1;1;BV-5011;4,2;6;19;1;999;;1;1;1;;;999;4
4;1;20;8;8260;;1;1;AP-7;145;2;19;1;999;;3;1;3;;;999;4
4;3;9;8;8200;;1;1;C-32;54;2;4;1;999;;1;1;1;;;999;4
4;3;13;8;8194;;1;1;B-10;4,9;3;3;1;999;;1;1;1;;;999;4
4;3;15;8;8169;;1;1;A-2;610,3;3;3;1;999;;1;1;1;;;999;4
4;3;17;8;8135;;1;1;AP-7;135,5;2;4;1;999;;1;1;1;;;999;4
4;3;18;8;0;;3;2;No inventariada;;14;2;2;2;;1;1;1;;;999;998
4;3;20;8;0;;1;1;C-15;41;6;4;1;999;;1;2;1;;;999;4
4;3;20;8;8194;;1;1;B-10;4,1;3;20;1;999;;1;1;1;;;17;4
4;3;10;8;8073;;3;2;No inventariada;;14;7;1;999;;1;1;1;;;17;998
4;7;17;8;8073;;3;2;No inventariada;;14;7;1;999;;1;1;1;;;17;998
4;2;12;8;8073;;3;2;No inventariada;;14;4;1;999;;1;1;1;;;17;998
4;3;13;8;8282;;1;1;B-500;4,1;6;3;1;999;;1;1;1;;;17;4
4;7;18;8;8015;;3;2;No inventariada;;14;9;1;999;;1;1;1;;;17;998
3;4;14;8;8023;;3;2;No inventariada;;14;19;2;2;;1;1;1;;;17;998
1;3;6;8;8023;;2;2;BP-1432;24,5;14;7;1;999;;1;4;1;;;17;4
4;2;9;8;8298;;3;2;No inventariada;;14;9;1;999;;1;1;1;;;17;998
4;6;14;8;8245;;3;2;No inventariada;;14;19;1;999;;1;1;1;;;17;998
4;2;18;8;8231;;2;2;BV-2111ant;5,8;14;7;1;999;;1;1;1;;;17;4
4;1;16;8;8231;;3;2;No inventariada;;14;2;2;4;;1;1;1;;;17;998
4;3;20;8;8231;;3;2;No inventariada;;14;9;1;999;;1;2;1;;;17;998
4;5;9;8;8231;;3;2;No inventariada;;14;9;1;999;;8;1;1;;;17;998
3;4;16;8;8252;;3;2;No inventariada;;14;2;2;4;;1;1;1;;;17;998
4;2;19;8;8112;;3;2;No inventariada;;14;7;2;2;;1;1;1;;;17;998
4;3;17;8;8086;;3;2;No inventariada;;14;9;1;999;;3;1;1;;;1;998
4;4;21;8;8902;;1;1;BV-5159;4,6;6;19;1;999;;1;6;1;;;999;4
4;6;14;8;8054;;1;1;A-2;590,1;3;2;1;999;;1;1;1;;;999;4
4;7;13;8;0;;1;1;BV-4405;1;6;19;1;999;;1;1;1;;;17;4
4;6;11;8;8235;;2;2;N-2;664,4;6;4;2;2;;1;1;1;;;999;4
4;6;21;8;8126;;1;1;N-2;631,9;6;2;2;4;;1;4;1;;;999;4
4;3;18;8;8086;;2;2;C-251;1,5;6;4;2;4;;1;1;1;;;999;4
4;4;8;8;8278;;2;2;BV-5305;0,6;6;2;2;4;;1;1;1;;;999;4
4;4;10;8;0;;1;1;C-244;11,8;6;19;1;999;;1;1;1;;;999;4
4;4;16;8;8202;;1;1;C-35;63;6;4;1;999;;1;1;1;;;999;4
4;5;2;8;8169;;1;1;B-22;6,4;3;6;1;999;;3;4;3;;;999;4
4;3;11;8;8015;;2;2;B-500;0,9;14;2;2;2;;1;1;1;;;17;4
4;2;7;8;8298;;3;2;No inventariada;;14;9;2;2;;1;1;1;;;17;998
2;3;22;8;8279;;3;2;No inventariada;;14;2;1;999;;1;4;1;;;17;998
2;3;13;8;8279;;3;2;No inventariada;;14;7;1;999;;1;1;1;;;17;998
3;1;17;8;8279;;3;2;No inventariada;;14;7;1;999;;1;1;1;;;17;998
4;4;12;8;8245;;3;2;No inventariada;;14;7;2;1;;1;1;1;;;17;998
3;1;12;8;8279;;3;2;No inventariada;;14;19;1;999;;1;1;1;;;17;998
3;1;18;8;8279;;3;2;No inventariada;;14;4;1;999;;1;2;1;;;17;998
4;1;16;8;8015;;3;2;No inventariada;;14;9;1;999;;1;1;1;;;17;998
4;3;13;8;8205;;1;1;BP-1417;10,8;6;2;2;2;;1;1;1;;;999;4
4;3;20;8;8205;;1;1;BP-1417;10,8;6;2;2;2;;1;1;1;;;999;4
4;4;13;8;8184;;1;1;C-16;18,5;2;4;1;999;;1;1;1;;;999;4
4;5;5;8;0;;1;1;No inventariada;14;6;6;2;;AP-7;3;4;3;;;999;4
4;5;7;8;8054;;2;2;B-225;0,6;6;4;1;999;;1;1;1;;;999;4
4;5;9;8;8260;;1;1;No inventariada;5;6;9;2;4;;1;1;1;;;999;4
4;5;8;8;8301;;1;1;C-32;51,3;2;4;1;999;;1;1;1;;;999;4
4;5;10;8;8289;;1;1;BV-2005;4,6;6;3;2;4;;1;1;1;;;999;4
4;5;15;8;8091;;1;1;AP-7;176;2;4;1;999;;1;1;1;;;999;4
4;5;16;8;8200;;1;1;No inventariada;54;6;9;1;999;;8;1;1;;;999;4
4;5;17;8;8005;;1;1;BV-1433;0,1;6;2;2;2;;1;1;1;;;999;4
4;5;17;8;8213;;1;1;C-16C;3,6;6;2;2;2;;1;1;1;;;999;4
4;5;16;8;8200;;1;1;C-245;11,5;6;9;2;4;;1;1;1;;;999;4
4;5;18;8;0;;2;2;BV-2129;0;6;19;1;999;;1;1;1;;;999;4
4;6;2;8;0;;1;1;C-25;182;3;4;1;999;;1;6;1;;;999;4
4;5;14;8;8181;;1;1;C-60;7,2;2;2;1;999;;1;1;1;;;999;4
4;6;6;8;8187;;1;1;No inventariada;1,9;6;8;1;999;;1;2;1;;;999;4
4;6;5;8;8264;;1;1;N-2;652,6;6;19;1;999;;1;6;1;;;999;4
4;6;9;8;8307;;1;1;C-15;1,5;3;6;1;999;;1;1;1;;;999;4
4;5;6;8;8282;;1;1;B-20;24,1;2;1;1;999;;1;4;1;;;4;2
4;6;10;8;8301;;1;1;C-31;188,2;3;4;1;999;;1;1;1;;;17;1
4;6;19;8;8125;;1;1;C-17;1,5;3;20;2;4;;1;1;1;;;999;4
4;7;1;8;8076;;1;1;A-2;582;3;6;1;999;;3;5;3;;;999;4
2;5;16;8;8196;;3;2;No inventariada;;14;2;2;1;;1;1;1;;;17;998
2;6;14;8;8196;;3;2;No inventariada;;14;2;2;4;;1;1;1;;;17;998
2;3;7;8;8196;;3;2;No inventariada;;14;3;2;4;;1;1;1;;;17;998
4;6;19;8;8298;;3;2;No inventariada;;14;9;2;2;;1;1;1;;;17;998
4;6;1;8;8015;;3;2;No inventariada;;14;4;1;999;;1;4;1;;;17;998
3;6;14;8;8019;;3;2;No inventariada;;14;9;1;999;;1;1;1;1;;1;998
3;6;11;8;8107;;3;2;No inventariada;;14;2;2;2;;1;1;1;;;1;998
4;3;17;8;8046;;2;2;C-251;7,3;14;20;1;999;;1;1;1;;;17;4
1;3;17;8;8096;;3;2;No inventariada;;14;7;1;999;;1;1;1;;;17;998
4;1;21;8;8263;;3;2;No inventariada;;14;7;1;999;;1;4;3;;;1;998
4;7;11;8;8086;;3;2;No inventariada;;14;2;2;1;;1;1;1;;;4;998
4;4;22;8;8101;;3;2;No inventariada;;14;20;1;999;;1;1;1;;;17;998
4;7;10;8;8136;;1;1;BV-5001;19;6;20;1;999;;1;1;1;;;999;4
4;5;22;8;8267;;1;1;C-1413a;35,1;6;1;1;999;;1;6;1;;;999;4
4;7;13;8;8191;;1;1;C-16;62,5;3;19;1;999;;3;1;3;;;999;4
4;7;16;8;0;;1;1;C-17;81,4;3;19;2;;;3;1;3;;;999;4
4;7;15;8;8161;;1;1;B-224;11,8;6;19;1;999;;3;1;3;;;999;4
4;7;16;8;0;;1;1;BV-2421;3,7;6;3;1;999;;3;1;3;;;999;4
4;7;17;8;0;;1;1;C-16;106,3;6;3;2;;;3;1;3;;;999;4
4;7;19;8;8183;;2;2;C-153;5,7;6;4;1;999;;1;1;3;;;999;4
4;1;1;8;8029;;1;1;C-32;94,7;2;19;2;;;3;6;3;;;999;4
3;5;8;8;8107;;3;2;No inventariada;;14;4;1;999;;3;1;1;;;17;998
4;5;19;8;8245;;3;2;No inventariada;;14;3;2;2;;1;1;1;;;17;998
4;1;8;8;8245;;3;2;No inventariada;;14;2;2;4;;3;1;3;;;17;998
4;3;21;8;8121;;3;2;No inventariada;;14;4;2;2;;1;2;1;;;17;998
4;5;18;8;8200;;3;2;No inventariada;;14;2;2;1;;1;1;1;;;17;998
4;5;15;8;8200;;3;2;No inventariada;;14;2;2;1;;1;1;1;;;17;998
4;6;10;8;8252;;3;2;No inventariada;;14;9;1;999;;1;1;1;;;17;998
4;7;12;8;8015;;3;2;No inventariada;;14;6;1;999;;1;1;1;;;17;998
4;3;17;8;8073;;3;2;No inventariada;;14;2;2;1;;1;1;1;;;17;998
4;3;18;8;8073;;3;2;No inventariada;;14;7;2;2;;1;1;1;;;17;998
4;1;16;8;8073;;3;2;No inventariada;;14;2;2;2;;1;1;1;;;17;998
4;4;8;8;8046;;3;2;No inventariada;;14;7;1;999;;1;1;1;;;17;998
4;5;6;8;8056;;2;2;C-246;20;14;7;1;999;;1;4;1;;;1;4
4;3;7;8;8068;;1;1;B-24;7,5;3;4;2;;;1;1;1;;;999;4
4;3;8;8;8200;;1;1;C-32;54;2;4;1;999;;1;1;1;;;999;4
4;3;7;8;8194;;1;1;C-31;208,8;2;4;1;999;;1;1;1;;;999;4
4;5;5;8;8041;;4;2;C-352;25,4;3;4;2;4;;1;4;1;;;999;4
4;7;18;8;8240;;1;1;AP-7;183,7;2;3;1;999;;1;1;1;;;999;4
4;5;20;8;8015;;1;1;C-31;210,5;2;2;1;999;;1;2;1;;;999;4
4;1;5;8;8006;;1;1;C-32;110,9;2;6;1;999;;3;5;4;;;999;4
4;1;6;8;8157;;1;1;B-24;10;3;4;1;999;;3;1;3;;;999;4
4;1;7;8;8009;;1;1;C-60;6,4;2;9;1;999;;3;4;4;;;999;4
4;1;8;8;0;;1;1;N-141c;35;6;19;1;999;;3;1;3;;;999;4
4;1;9;8;8291;;1;1;C-58;31,9;6;4;2;2;;1;1;1;;;999;4
4;1;10;8;0;;1;1;C-37;85,1;6;4;1;999;;1;1;3;;;999;4
4;1;5;8;8231;;1;1;C-31;157,8;6;19;1;999;;1;5;3;;;17;2
4;1;11;8;8904;;1;1;C-58;10;2;19;2;2;;3;1;4;;;999;4
4;1;13;8;8279;;1;1;C-16;22,5;2;4;1;999;;3;1;3;;;999;4
4;1;14;8;8157;;1;1;A-2;596,2;3;3;1;999;;3;1;4;;;999;4
4;1;13;8;8022;;1;1;C-16;98,3;6;1;1;999;;3;1;4;;;999;4
4;1;13;8;8187;;1;1;C-58;11,1;2;19;1;999;;3;1;4;;;999;4
4;1;14;8;8157;;1;1;A-2;599;3;6;1;999;;3;1;4;;;999;4
4;1;18;8;8113;;1;1;C-25;131;3;19;1;999;;3;1;4;;;999;4
4;1;16;8;8213;;1;1;C-25;137;3;19;1;999;;3;1;4;;;999;4
4;1;20;8;8211;;1;1;A-2;604,5;3;19;1;999;;3;1;4;;;999;4
4;4;14;8;8073;;3;2;No inventariada;;14;4;1;999;;1;1;1;;;17;998
4;4;17;8;8073;;3;2;No inventariada;;14;2;2;1;;1;1;1;;;17;998
4;1;15;8;8073;;3;2;No inventariada;;14;9;1;999;;3;1;4;;;17;998
4;5;10;8;8015;;3;2;No inventariada;;14;2;1;999;;1;1;1;;;17;998
4;2;7;8;8200;;2;2;BV-2002;8;14;2;2;2;;1;1;1;;;17;4
1;5;11;8;8015;;3;2;No inventariada;;14;2;2;1;;3;1;3;;;17;998
4;1;12;8;8121;;3;2;No inventariada;;14;7;1;999;;3;1;3;;;17;998
4;1;7;8;8015;;3;2;No inventariada;;14;3;1;999;;1;1;1;;;17;998
3;6;17;8;8307;;3;2;No inventariada;;14;9;1;999;;1;1;1;;;17;998
2;3;17;8;8263;;3;2;No inventariada;;14;9;1;999;;1;1;1;;;17;998
4;6;11;8;8056;;3;2;No inventariada;;14;2;2;2;;1;1;1;;;1;998
4;6;12;8;8238;;3;2;No inventariada;;14;19;1;999;;1;1;1;;;1;998
4;2;21;8;8194;;3;2;No inventariada;;14;6;1;999;;1;4;1;;;1;998
4;6;2;8;8279;;3;2;No inventariada;;14;6;1;999;;1;1;1;;;17;998
4;6;4;8;8279;;2;2;C-243c;13,4;14;6;1;999;;1;1;1;;;17;4
4;4;8;8;8089;;1;1;C-234;0,4;6;4;1;999;;1;1;1;;;999;4
4;3;19;8;0;;1;1;BP-1121;3;6;4;1;999;;1;2;1;;;999;4
4;5;10;8;8101;;1;1;C-31;199;3;3;2;;;1;1;1;;;999;4
4;1;9;8;8096;;1;1;BV-1432;1;6;19;2;4;;3;1;3;;;999;4
4;1;11;8;8124;;1;1;AP-7;138,5;2;4;1;999;;3;1;3;;;999;4
4;2;5;8;8270;;1;1;C-31;166,9;6;6;1;999;;3;6;3;;;999;4
4;2;8;8;8073;;1;1;A-2;609;3;3;1;999;;3;1;3;;;999;4
4;2;19;8;0;;1;1;C-16;39,3;2;19;1;999;;3;1;4;;;999;4
4;2;20;8;8076;;1;1;C-55;9,1;6;19;1;999;;3;2;3;;;999;4
4;2;10;8;8015;;3;2;No inventariada;;14;9;1;999;;1;1;1;;;17;998
4;5;10;8;8200;;3;2;No inventariada;;14;4;2;1;;1;1;1;;;17;998
4;4;19;8;8200;;3;2;No inventariada;;14;3;1;999;;1;1;1;;;17;998
4;3;12;8;8015;;3;2;No inventariada;;14;2;2;1;;1;1;1;;;17;998
4;7;7;8;8200;;3;2;No inventariada;;14;6;1;999;;1;1;1;;;17;998
4;2;17;8;8169;;3;2;No inventariada;;14;4;1;999;;1;1;1;;;17;998
3;6;22;8;8279;;3;2;No inventariada;;14;2;2;1;;1;4;1;;;17;998
3;3;11;8;8279;;3;2;No inventariada;;14;4;1;999;;1;1;1;;;17;998
3;3;10;8;8279;;3;2;No inventariada;;14;4;1;999;;1;1;1;;;17;998
3;6;13;8;8279;;3;2;No inventariada;;14;7;2;1;;3;1;4;;;17;998
4;7;16;8;8135;;3;2;No inventariada;;14;4;1;999;;1;1;1;;;17;998
3;7;23;8;8019;;3;2;No inventariada;;14;3;1;999;;1;5;1;1;;1;998
3;6;14;8;8279;;3;2;No inventariada;;14;9;1;999;;1;1;1;;;1;998
4;7;8;8;8307;;3;2;No inventariada;;14;19;1;999;;1;1;1;;;17;998
4;6;22;8;8205;;1;1;BP-1417;5,1;6;1;2;1;;1;5;1;;;17;1
4;1;9;8;0;;1;1;C-25;127,2;3;19;1;999;;3;1;3;;;999;4
4;2;18;8;8238;;1;1;BP-1503;19,6;6;4;1;999;;1;1;1;;;999;4
4;2;19;8;8194;;1;1;B-10;2,4;3;2;1;999;;1;1;1;;;999;4
5;3;10;8;0;;1;1;B-124;29,3;6;9;1;999;;1;1;1;;;999;4
5;3;13;8;8200;;1;1;No inventariada;55;6;4;1;999;;1;1;1;;;999;4
5;3;12;8;8235;;1;1;C-32;119,1;2;4;1;999;;1;1;1;;;17;1
5;3;16;8;0;;1;1;BV-2411;15,9;6;9;1;999;;8;1;1;;;999;4
5;3;20;8;0;;1;1;BP-2151;17,8;6;3;1;999;;1;1;1;;;999;4
5;3;18;8;0;;1;1;AP-7;91,9;2;3;1;999;;1;1;1;;;999;4
4;1;19;8;8200;;3;2;No inventariada;;14;4;1;999;;3;1;4;;;17;998
4;3;21;8;8101;;3;2;No inventariada;;14;9;1;999;;1;2;1;;;17;998
4;3;19;8;8101;;3;2;No inventariada;;14;1;1;999;;1;1;1;;;17;998
4;2;15;8;8101;;3;2;No inventariada;;14;4;1;999;;1;1;1;;;17;998
4;2;19;8;8101;;3;2;No inventariada;;14;2;1;999;;1;2;1;;;17;998
4;1;18;8;8101;;3;2;No inventariada;;14;9;1;999;;1;1;1;;;17;998
4;2;18;8;8102;;3;2;No inventariada;;14;7;2;2;;1;1;1;;;17;998
4;5;19;8;8101;;3;2;No inventariada;;14;2;1;999;;1;2;1;;;17;998
4;2;21;8;8015;;3;2;No inventariada;;14;7;1;999;;1;2;1;;;17;998
4;2;11;8;8169;;3;2;No inventariada;;14;2;2;2;;1;1;1;;;17;998
4;4;20;8;8101;;3;2;No inventariada;;14;4;1;999;;1;1;1;;;17;998
4;4;17;8;8101;;3;2;No inventariada;;14;7;1;999;;1;1;1;;;17;998
3;3;8;8;8307;;3;2;No inventariada;;14;2;2;1;;1;1;1;;;17;998
1;6;15;8;8194;;3;2;No inventariada;;14;9;1;999;;1;1;1;;;17;998
1;7;18;8;8194;;3;2;No inventariada;;14;3;2;4;;1;4;1;;;17;998
1;3;22;8;8194;;3;2;No inventariada;;14;4;2;4;;1;4;1;;;17;998
2;4;7;8;8194;;3;2;No inventariada;;14;2;2;4;;1;2;1;;;17;998
2;5;16;8;8194;;3;2;No inventariada;;14;2;1;999;;1;1;1;;;17;998
4;5;8;8;8307;;3;2;No inventariada;;14;9;1;999;;1;1;1;;;17;998
4;6;11;8;8054;;1;1;AP-7;168,2;2;4;1;999;;1;1;1;;;999;4
4;7;8;8;8101;;1;1;B-10;19,5;3;6;1;999;;1;1;1;;;999;4
4;1;1;8;8076;;1;1;C-1414;0,5;6;19;1;999;;1;6;1;;;999;4
4;3;10;8;8252;;1;1;AP-7;147;2;3;1;999;;1;1;1;;;999;4
4;5;13;8;8260;;1;1;B-140;3,5;6;4;1;999;;1;1;1;;;999;4
4;5;14;8;8180;;1;1;C-58;5,5;2;4;1;999;;1;1;1;;;999;4
4;5;14;8;8260;;1;1;B-140;4,3;6;4;1;999;;1;1;1;;;999;4
4;5;14;8;8252;;1;1;B-30;11;2;4;1;999;;1;1;1;;;999;4
4;5;16;8;8252;;1;1;B-30;11,5;6;4;2;2;;1;1;1;;;999;4
4;2;7;8;8006;;1;1;C-32;111;2;19;1;999;;3;1;4;;;999;4
4;2;10;8;0;;1;1;C-32;127,1;2;6;1;999;;3;1;4;;;999;4
5;4;10;8;0;;1;1;C-55;43,5;6;9;1;999;;1;1;1;;;999;4
5;4;10;8;8169;;1;1;C-31;190,4;3;9;2;4;;1;1;1;;;999;4
5;4;13;8;0;;3;2;No inventariada;;14;9;1;999;;1;1;1;;;999;998
5;4;14;8;8208;;1;1;B-224;25;6;9;1;999;;8;1;1;;;999;4
5;4;14;8;8123;;1;1;BV-1468;1;6;6;1;999;;1;1;1;;;999;4
5;4;16;8;0;;3;2;No inventariada;;14;4;1;999;;1;1;1;;;999;998
5;4;16;8;8278;;3;2;No inventariada;;14;7;1;999;;3;1;3;;;999;998
5;4;22;8;8107;;1;1;C-17;20,6;3;19;2;;;1;6;1;;;999;4
4;4;10;8;8035;;3;2;No inventariada;;14;7;2;1;;1;1;1;;;17;998
5;3;6;8;8102;;3;2;No inventariada;;14;2;2;1;;1;4;1;;;17;998
2;5;14;8;8307;;3;2;No inventariada;;14;4;2;1;;1;1;1;;;17;998
4;3;17;8;8035;;3;2;No inventariada;;14;3;2;4;;1;1;1;;;17;998
4;6;22;8;8035;;3;2;No inventariada;;14;7;2;1;;1;4;1;;;17;998
4;5;7;8;8301;;3;2;No inventariada;;14;2;2;4;;1;1;1;;;17;998
5;4;14;8;8245;;3;2;No inventariada;;14;7;1;999;;1;1;1;;;17;998
3;3;15;8;8301;;3;2;No inventariada;;14;4;2;4;;1;1;1;;;17;998
3;2;8;8;8301;;3;2;No inventariada;;14;4;2;4;;1;1;1;;;17;998
2;6;17;8;8194;;3;2;No inventariada;;14;4;1;999;;1;1;1;;;17;998
2;7;12;8;8194;;3;2;No inventariada;;14;18;2;4;;1;1;1;;;17;998
2;1;12;8;8194;;3;2;No inventariada;;14;2;2;1;;1;1;1;;;17;998
2;2;16;8;8194;;3;2;No inventariada;;14;4;2;1;;1;1;1;;;17;998
4;1;9;8;8073;;1;1;B-20;2;2;3;1;999;;1;1;1;;;999;4
4;1;22;8;8001;;1;1;BV-1201;3,5;6;4;2;;;1;6;1;;;999;4
4;7;8;8;8205;;1;1;B-30;1,2;2;19;2;;;3;1;3;;;999;4
5;5;8;8;8211;;1;1;B-23;7,5;2;4;1;999;;1;1;1;;;999;4
5;5;8;8;0;;1;1;C-55;17,6;6;4;1;999;;1;1;1;;;999;4
5;5;9;8;8161;;1;1;B-224;13;6;2;2;2;;1;1;1;;;999;4
5;5;9;8;8077;;1;1;B-23;0,5;2;4;2;2;;1;1;1;;;999;4
5;5;9;8;0;;1;1;A-2;571;3;3;2;;;1;1;1;;;17;2
5;5;12;8;8155;;1;1;N-2;678,8;6;4;2;4;;1;1;1;;;999;4
5;5;14;8;8260;;1;1;AP-7;144;2;3;2;;;1;1;1;;;17;2
5;5;16;8;8266;;1;1;AP-7;151;2;4;1;999;;1;1;1;;;999;4
5;5;21;8;8033;;1;1;No inventariada;3;6;2;2;1;;1;4;1;;;999;4
5;5;21;8;8200;;1;1;C-32;54;2;3;1;999;;1;5;1;;;999;4
4;3;10;8;8285;;3;2;No inventariada;;14;3;1;999;;1;1;1;;;17;998
5;6;0;8;8285;;3;2;No inventariada;;14;3;2;4;;1;4;1;;;17;998
5;5;5;8;0;;1;1;C-17;39,5;3;3;1;999;;1;6;1;;;999;4
5;5;12;8;8107;;1;1;C-17;20,7;3;4;2;4;;1;1;1;;;999;4
5;6;9;8;0;;1;1;BP-2151;17,9;6;9;1;999;;1;1;1;;;999;4
5;6;11;8;0;;3;2;No inventariada;;14;9;1;999;;1;1;1;;;999;998
5;6;11;8;8270;;1;1;C-246a;39,2;6;2;2;1;;1;1;1;;;999;4
5;6;12;8;8113;;1;1;C-25;132;3;4;2;;;1;1;1;;;999;4
5;6;12;8;8252;;1;1;B-30;9,5;2;4;1;999;;1;1;1;;;999;4
5;6;14;8;8138;;1;1;C-59;40;6;4;2;2;;1;1;1;;;999;4
5;6;11;8;8210;;1;1;C-59;22,8;6;19;1;999;;1;1;1;;;17;4
5;6;16;8;8051;;1;1;B-124;9;6;4;2;2;;1;1;1;;;999;4
5;6;17;8;0;;1;1;BV-1031;13,9;6;19;1;999;;1;1;1;;;999;4
5;6;18;8;0;;1;1;B-112;4,5;6;19;1;999;;1;1;1;;;999;4
5;6;18;8;8091;;1;1;BV-2249;3;6;9;1;999;;8;1;1;;;999;4
3;3;16;8;8279;;3;2;No inventariada;;14;2;2;1;;1;1;1;;;17;998
3;6;23;8;8279;;3;2;No inventariada;;14;19;2;4;;3;4;3;;;17;998
3;6;16;8;8279;;3;2;No inventariada;;14;9;1;999;;3;1;4;;;17;998
4;4;14;8;8191;;1;1;B-430;0,5;6;6;1;999;;1;1;1;;;17;4