MES;DIA_SEMANA;HORA;COD_PROVINCIA;COD_MUNICIPIO;ISLA;ZONA;ZONA_AGRUPADA;CARRETERA;KM;TIPO_VIA;TIPO_ACCIDENTE;NUDO;NUDO_INFO;CARRETERA_CRUCE;CONDICION_FIRME;CONDICION_ILUMINACION;CONDICION_METEO;CONDICION_NIEBLA;CONDICION_VIENTO;VISIB_RESTRINGIDA_POR;TRAZADO_PLANTA
1;1;22;8;8019;;3;2;No inventariada;;14;20;1;999;;1;5;1;1;;999;998
3;7;0;8;8019;;3;2;No inventariada;;14;1;1;999;;1;5;1;1;;1;998
4;3;11;8;8051;;3;2;No inventariada;;14;6;1;999;;1;1;1;;;17;998
4;4;23;8;8194;;3;2;No inventariada;;14;19;2;1;;1;4;1;;;1;998
5;6;13;8;8033;;1;1;C-59;14;6;9;2;4;;1;1;1;;;999;4
5;7;7;8;8180;;1;1;C-58;7,2;2;19;2;;;1;1;1;;;999;4
5;7;11;8;0;;1;1;BV-5303;12,2;6;3;1;999;;1;1;1;;;999;4
5;7;12;8;8113;;1;1;C-55;34,7;6;4;2;4;;1;1;1;;;999;4
5;7;13;8;8077;;1;1;C-32;63;3;2;1;999;;1;1;1;;;999;4
5;7;13;8;8235;;1;1;BV-5128;27,3;6;4;2;2;;1;1;1;;;999;4
5;7;5;8;8181;;1;1;B-40;12,5;2;1;1;999;;1;6;1;;;17;1
5;7;15;8;0;;1;1;BP-5002;9,3;6;3;1;999;;1;4;1;;;999;4
5;7;15;8;0;;3;2;No inventariada;;14;2;2;1;;1;1;1;;;999;998
5;7;17;8;8015;;1;1;B-20;20,7;2;4;1;999;;1;1;1;;;999;4
5;7;20;8;0;;1;1;No inventariada;5;6;19;1;999;;1;2;1;;;999;4
4;1;18;8;8101;;3;2;No inventariada;;14;2;1;999;;1;1;1;;;17;998
4;3;16;8;8101;;3;2;No inventariada;;14;2;1;999;;1;1;1;;;17;998
4;4;16;8;8101;;3;2;No inventariada;;14;4;1;999;;1;1;1;;;17;998
4;7;8;8;8101;;3;2;No inventariada;;14;9;1;999;;1;2;1;;;17;998
3;7;8;8;8101;;3;2;No inventariada;;14;9;1;999;;1;1;1;;;17;998
3;6;22;8;8101;;3;2;No inventariada;;14;9;1;999;;1;4;1;;;17;998
3;6;23;8;8101;;3;2;No inventariada;;14;7;1;999;;1;4;1;;;17;998
3;5;22;8;8101;;3;2;No inventariada;;14;9;1;999;;1;4;1;;;17;998
4;2;22;8;8101;;3;2;No inventariada;;14;4;1;999;;1;4;1;;;17;998
5;6;20;8;8245;;3;2;No inventariada;;14;4;1;999;;1;1;1;;;17;998
4;6;11;8;8101;;3;2;No inventariada;;14;2;1;999;;1;1;1;;;17;998
3;5;8;8;8101;;3;2;No inventariada;;14;2;1;999;;1;1;1;;;17;998
4;1;14;8;8180;;3;2;No inventariada;;14;2;2;1;;1;1;1;;;17;998
4;7;8;8;8217;;3;2;No inventariada;;14;18;1;999;;1;1;1;;;1;998
3;2;6;8;8101;;3;2;No inventariada;;14;4;1;999;;1;4;1;;;17;998
5;6;11;8;8217;;3;2;No inventariada;;14;7;2;1;;1;1;1;;;17;998
5;6;13;8;8180;;3;2;No inventariada;;14;2;1;999;;1;1;1;;;17;998
3;7;21;8;8307;;3;2;No inventariada;;14;9;1;999;;3;4;3;;;17;998
4;6;2;8;8180;;2;2;N-150;5,3;14;2;2;2;;1;4;1;;;17;4
3;4;8;8;8101;;3;2;No inventariada;;14;4;1;999;;1;1;1;;;17;998
4;6;10;8;8101;;3;2;No inventariada;;14;2;1;999;;1;1;1;;;17;998
5;4;22;8;8169;;3;2;No inventariada;;14;4;1;999;;1;4;1;;;17;998
5;4;8;8;8169;;3;2;No inventariada;;14;7;1;999;;1;1;1;;;17;998
4;2;11;8;8169;;3;2;No inventariada;;14;2;2;2;;1;1;1;;;17;998
2;2;23;8;8194;;3;2;No inventariada;;14;4;1;999;;1;4;1;;;17;998
5;6;14;8;8169;;3;2;No inventariada;;14;9;1;999;;1;1;1;;;17;998
2;4;16;8;8194;;3;2;No inventariada;;14;2;2;2;;1;1;1;;;17;998
4;5;15;8;8089;;3;2;No inventariada;;14;9;1;999;;1;1;1;;;17;998
4;2;15;8;8217;;1;1;A-2;606;3;4;1;999;;1;1;1;;;999;4
4;3;13;8;8147;;1;1;C-55;3,2;6;3;2;2;;1;1;1;;;999;4
4;1;12;8;8184;;1;1;C-16;19;2;4;1;999;;3;1;4;;;999;4
4;1;14;8;8260;;1;1;B-140;6,7;6;4;1;999;;3;1;3;;;999;4
5;1;6;8;8096;;1;1;C-17;18,6;3;1;1;999;;1;1;1;;;999;4
5;1;7;8;8180;;1;1;C-58;5,1;2;9;1;999;;1;1;1;;;999;4
5;1;8;8;8169;;1;1;C-31C;3;6;9;2;4;;1;1;1;;;999;4
5;1;11;8;8266;;1;1;BV-1415;5,5;6;19;1;999;;1;1;1;;;999;4
5;1;12;8;8211;;1;1;A-2;605;3;3;1;999;;1;1;1;;;999;4
5;1;15;8;8033;;1;1;C-59;16;6;19;1;999;;1;1;1;;;999;4
5;1;17;8;8205;;1;1;BV-1462;10,8;6;2;2;4;;1;1;1;;;999;4
5;1;18;8;8200;;1;1;C-32;53;2;4;1;999;;1;1;1;;;999;4
5;1;21;8;8077;;1;1;C-32;62;3;9;1;999;;1;4;1;;;999;4
5;1;14;8;8102;;3;2;No inventariada;;14;2;2;2;;1;1;1;;;17;998
4;1;8;8;8101;;3;2;No inventariada;;14;9;1;999;;1;1;1;;;17;998
4;1;10;8;8307;;3;2;No inventariada;;14;2;2;2;;1;1;1;;;17;998
5;7;11;8;8121;;3;2;No inventariada;;14;2;2;1;;1;1;1;;;17;998
4;7;16;8;8301;;3;2;No inventariada;;14;2;2;4;;1;1;1;;;17;998
4;2;16;8;8301;;3;2;No inventariada;;14;2;2;1;;1;1;1;;;17;998
5;6;10;8;8121;;3;2;No inventariada;;14;9;1;999;;1;1;1;;;17;998
4;5;10;8;8301;;2;2;C-245;7,4;14;2;2;1;;1;1;1;;;17;4
4;5;21;8;8301;;3;2;No inventariada;;14;2;2;4;;1;4;1;;;17;998
4;7;12;8;8301;;3;2;No inventariada;;14;3;1;999;;1;1;1;;;17;998
4;4;23;8;8101;;3;2;No inventariada;;14;2;1;999;;1;4;1;;;17;998
4;1;0;8;8307;;3;2;No inventariada;;14;2;2;;;1;4;1;;;17;998
4;5;9;8;8301;;2;2;C-245;7,9;14;4;1;999;;1;1;1;;;17;4
4;1;12;8;8107;;3;2;No inventariada;;14;2;2;2;;1;1;1;;;17;998
5;4;17;8;8298;;3;2;No inventariada;;14;20;2;4;;1;1;1;;;17;998
2;3;11;8;8015;;3;2;No inventariada;;14;9;1;999;;3;1;1;;;17;998
5;4;14;8;8015;;3;2;No inventariada;;14;2;2;1;;1;1;1;;;17;998
4;1;17;8;8015;;2;2;BV-5011;0,5;14;9;2;1;;8;1;1;;;17;4
5;2;8;8;8298;;3;2;No inventariada;;14;2;2;2;;1;1;1;;;17;998
2;5;8;8;8194;;3;2;No inventariada;;14;3;1;999;;3;1;3;;;17;998
3;7;18;8;8124;;3;2;No inventariada;;14;2;1;999;;3;1;3;;;17;998
4;1;18;8;8124;;3;2;No inventariada;;14;2;2;1;;1;1;1;;;17;998
4;4;20;8;8124;;3;2;No inventariada;;14;2;2;2;;1;1;1;;;17;998
5;2;8;8;8194;;3;2;No inventariada;;14;9;2;4;;8;1;3;;;17;998
2;3;19;8;8194;;3;2;No inventariada;;14;4;1;999;;1;4;1;;;17;998
2;5;17;8;8194;;3;2;No inventariada;;14;9;2;4;;3;1;3;;;17;998
4;7;18;8;8279;;3;2;No inventariada;;14;20;1;999;;1;1;1;;;17;998
5;5;8;8;8307;;1;1;C-15z;2,7;6;4;2;4;;1;1;1;;;999;4
4;2;13;8;8263;;1;1;A-2;602;3;9;2;4;;8;1;1;;;999;4
4;2;10;8;8205;;1;1;BP-1417;7;6;19;1;999;;3;1;1;;;999;4
4;2;18;8;8205;;1;1;B-30;0,8;2;4;2;;;1;1;1;;;999;4
5;4;14;8;8187;;1;1;C-58;10,9;2;4;1;999;;1;1;1;;;999;4
5;1;15;8;8118;;1;1;N-2;632,8;6;3;2;4;;1;1;1;;;999;4
5;1;15;8;8235;;1;1;C-32;116;2;4;1;999;;1;1;1;;;999;4
5;2;8;8;8123;;1;1;B-23;10;2;4;1;999;;1;1;1;;;999;4
5;2;8;8;0;;1;1;BV-2131;1,2;6;9;1;999;;1;1;1;;;999;4
5;2;8;8;8181;;1;1;C-35;41;6;19;1;999;;1;1;1;;;999;4
5;2;9;8;8307;;1;1;No inventariada;0;6;4;2;;C-15;1;1;1;;;999;4
5;2;9;8;8217;;1;1;A-2;607;3;4;2;2;;1;1;1;;;999;4
5;2;14;8;8073;;1;1;C-32;60;3;3;2;;;1;1;1;;;999;4
5;2;18;8;0;;1;1;C-55;18;6;3;2;2;;1;1;1;;;999;4
5;2;19;8;0;;1;1;BP-2151;11,5;6;19;1;999;;3;1;3;;;999;4
5;2;20;8;8270;;1;1;C-31;171,9;6;9;1;999;;3;1;1;;;999;4
5;2;19;8;8054;;1;1;AP-7;163,9;2;3;1;999;;1;1;1;;;999;4
5;2;23;8;8902;;1;1;BV-5001;22,5;6;1;1;999;;3;6;1;;;999;4
5;2;8;8;8298;;3;2;No inventariada;;14;7;2;2;;1;1;1;;;17;998
5;2;11;8;8073;;3;2;No inventariada;;14;2;2;2;;1;1;1;;;17;998
4;1;21;8;8121;;3;2;No inventariada;;14;2;2;4;;3;4;3;;;17;998
5;2;6;8;8282;;1;1;B-500;4,5;6;6;1;999;;1;6;1;;;17;4
5;4;16;8;8121;;2;2;No inventariada;;14;4;1;999;;1;1;1;;;17;4
5;3;20;8;8030;;3;2;No inventariada;;14;3;1;999;;1;2;1;;;17;998
5;2;15;8;8298;;3;2;No inventariada;;14;1;1;999;;1;1;1;;;17;998
5;5;17;8;8121;;3;2;No inventariada;;14;2;1;999;;1;1;1;;;17;998
4;5;7;8;8015;;3;2;No inventariada;;14;9;2;2;;3;1;1;;;17;998
4;3;22;8;8245;;3;2;No inventariada;;14;2;2;2;;3;4;3;;;17;998
3;6;21;8;8015;;3;2;No inventariada;;14;7;1;999;;1;4;1;;;17;998
2;5;22;8;8194;;3;2;No inventariada;;14;4;1;999;;3;4;3;;;17;998
2;1;13;8;8194;;3;2;No inventariada;;14;9;1;999;;1;1;1;;;17;998
2;3;20;8;8194;;3;2;No inventariada;;14;9;2;1;;1;4;1;;;17;998
4;4;16;8;8307;;3;2;No inventariada;;14;20;1;999;;1;1;1;;;17;998
4;4;12;8;8200;;1;1;No inventariada;54,1;6;4;2;;;1;1;1;;;999;4
4;7;10;8;8101;;1;1;C-31;196;3;3;2;2;;1;1;1;;;999;4
4;1;18;8;8019;;1;1;C-58;1;2;4;1;999;;3;1;3;;;999;4
5;5;15;8;8238;;1;1;BP-1503;19,5;6;4;2;2;;1;1;1;;;999;4
5;3;3;8;8135;;1;1;AP-7;135;2;4;1;999;;1;4;1;;;17;1
5;3;7;8;8181;;1;1;AP-7;129,6;2;3;1;999;;1;1;1;;;999;4
5;3;9;8;8125;;1;1;C-33;79,5;2;4;1;999;;1;1;1;;;999;4
5;3;8;8;8125;;1;1;C-33;79,5;2;4;1;999;;1;1;1;;;999;4
5;3;13;8;8118;;2;2;N-2;635,6;6;4;1;999;;1;1;1;;;999;4
5;3;14;8;8252;;1;1;AP-7;146,9;2;4;1;999;;1;1;1;;;999;4
5;3;15;8;8113;;1;1;C-55;28,2;3;4;2;;;1;1;1;;;999;4
5;3;14;8;8019;;1;1;BV-1468;6,1;6;1;1;999;;1;1;1;;;999;4
5;3;18;8;8200;;1;1;C-31C;0,5;3;4;1;999;;1;1;1;;;999;4
5;5;13;8;8030;;3;2;No inventariada;;14;9;2;1;;1;1;1;;;17;998
4;3;12;8;8301;;3;2;No inventariada;;14;7;1;999;;1;1;1;;;17;998
5;3;18;8;8301;;3;2;No inventariada;;14;4;1;999;;1;1;1;;;17;998
5;3;16;8;8121;;3;2;No inventariada;;14;2;2;1;;1;1;1;;;17;998
5;3;19;8;8121;;3;2;No inventariada;;14;2;1;999;;1;1;1;;;17;998
5;6;13;8;8200;;3;2;No inventariada;;14;7;1;999;;1;1;1;;;17;998
4;2;20;8;8015;;3;2;No inventariada;;14;3;1;999;;1;2;1;;;17;998
4;7;21;8;8218;;3;2;No inventariada;;14;7;2;;;1;4;3;;;1;998
5;1;10;8;8054;;1;1;No inventariada;3,4;6;9;2;4;;1;1;1;;;999;4
5;1;12;8;8187;;1;1;C-58;10,9;2;4;2;4;;1;1;1;;;999;4
5;3;8;8;8125;;1;1;C-33;79,5;2;4;1;999;;1;1;1;;;999;4
5;3;12;8;8136;;1;1;AP-7;133,6;2;20;2;;;1;1;1;;;999;4
5;3;22;8;0;;3;2;No inventariada;;14;8;1;999;;1;6;1;;;999;998
5;4;7;8;8205;;1;1;AP-7;153,5;2;4;1;999;;1;1;1;;;999;4
5;4;7;8;8113;;1;1;C-55;35,1;6;4;1;999;;1;1;1;;;999;4
5;4;8;8;0;;2;2;C-243a;3,9;6;2;1;999;;1;1;1;;;999;4
5;4;12;8;0;;1;1;C-16;119,9;6;19;1;999;;1;1;1;;;999;4
5;4;13;8;8208;;1;1;B-224;25,2;6;3;1;999;;1;1;1;;;999;4
5;4;16;8;8006;;1;1;C-32;110;2;6;1;999;;1;1;1;;;999;4
5;4;18;8;8108;;1;1;C-155;15,1;6;2;2;4;;1;1;1;;;999;4
5;4;18;8;8101;;1;1;C-31;196,5;3;3;1;999;;1;1;1;;;999;4
5;4;18;8;8101;;1;1;B-10;18;3;3;1;999;;1;1;1;;;999;4
5;4;22;8;8073;;1;1;A-2;608,5;3;3;1;999;;1;4;1;;;999;4
5;2;12;8;8200;;3;2;No inventariada;;14;2;1;999;;1;1;1;;;17;998
5;4;12;8;8121;;3;2;No inventariada;;14;7;2;2;;1;1;1;;;17;998
4;3;6;8;8301;;3;2;No inventariada;;14;4;2;1;;1;2;1;;;17;998
4;4;15;8;8301;;3;2;No inventariada;;14;2;2;2;;1;1;1;;;17;998
4;3;11;8;8301;;3;2;No inventariada;;14;7;1;999;;1;1;1;;;17;998
4;2;11;8;8307;;3;2;No inventariada;;14;2;2;2;;1;1;1;;;17;998
5;4;12;8;8245;;3;2;No inventariada;;14;4;1;999;;1;1;1;;;17;998
5;5;11;8;8121;;3;2;No inventariada;;14;7;1;999;;1;1;1;;;17;998
4;4;17;8;8015;;3;2;No inventariada;;14;7;1;999;;1;1;1;;;17;998
5;6;10;8;8200;;3;2;No inventariada;;14;9;1;999;;1;1;1;;;17;998
4;1;20;8;8015;;3;2;No inventariada;;14;2;2;2;;3;4;3;;;17;998
5;4;17;8;8200;;3;2;No inventariada;;14;19;1;999;;1;1;1;;;17;998
4;2;18;8;8015;;3;2;No inventariada;;14;3;2;2;;1;1;1;;;17;998
5;2;21;8;8194;;3;2;No inventariada;;14;9;2;2;;1;4;1;;;17;998
4;6;13;8;8073;;1;1;A-2;609,6;3;20;1;999;;1;1;1;;;999;4
5;3;17;8;8252;;1;1;AP-7;146,5;2;4;1;999;;1;1;1;;;999;4
5;4;11;8;8187;;1;1;C-1413a;24,2;6;3;1;999;;1;1;1;;;999;4
5;4;14;8;8180;;1;1;C-58;7,2;2;19;2;;;1;1;1;;;999;4
5;4;18;8;8266;;1;1;AP-7;151;2;4;1;999;;1;1;1;;;999;4
5;4;21;8;8123;;1;1;B-23;8,5;2;2;2;4;;1;4;1;;;999;4
5;5;8;8;0;;1;1;C-37;80,3;6;19;1;999;;1;1;1;;;999;4
5;5;9;8;8260;;1;1;B-140;2,6;6;4;2;2;;1;1;1;;;999;4
5;5;9;8;8205;;1;1;AP-7;159,5;2;3;1;999;;1;1;1;;;999;4
5;5;10;8;0;;1;1;No inventariada;0;6;9;1;999;;8;1;1;;;999;4
5;5;14;8;8006;;1;1;N-2;655;6;2;2;4;;1;1;1;;;999;4
5;5;16;8;8209;;1;1;B-500;6,4;6;20;1;999;;1;1;1;;;999;4
5;5;17;8;8041;;4;2;C-352;25,7;3;9;1;999;;1;1;1;;;999;4
5;5;18;8;0;;1;1;BV-1223;2,7;6;9;1;999;;1;1;1;;;999;4
5;5;19;8;8105;;1;1;C-33;84,4;2;4;1;999;;1;1;1;;;999;4
4;6;20;8;8114;;2;2;No inventariada;;14;4;2;1;;1;1;1;;;17;4
4;4;17;8;8015;;3;2;No inventariada;;14;9;1;999;;1;1;1;;;17;998
4;1;10;8;8015;;3;2;No inventariada;;14;2;2;1;;3;1;4;;;17;998
5;6;13;8;8015;;3;2;No inventariada;;14;4;1;999;;1;1;1;;;17;998
5;5;15;8;8015;;3;2;No inventariada;;14;7;2;1;;1;1;1;;;17;998
5;4;16;8;8015;;3;2;No inventariada;;14;7;1;999;;1;1;1;;;17;998
5;6;10;8;8298;;3;2;No inventariada;;14;19;1;999;;1;1;1;;;17;998
5;1;17;8;8015;;3;2;No inventariada;;14;9;1;999;;1;1;1;;;17;998
4;4;21;8;8015;;3;2;No inventariada;;14;9;1;999;;1;4;1;;;17;998
4;3;20;8;8015;;3;2;No inventariada;;14;9;2;4;;1;2;1;;;17;998
5;6;23;8;8015;;3;2;No inventariada;;14;9;1;999;;1;4;1;;;17;998
5;3;14;8;8015;;3;2;No inventariada;;14;9;2;4;;1;1;1;;;17;998
5;3;16;8;8015;;3;2;No inventariada;;14;7;1;999;;1;1;1;;;17;998
5;6;17;8;8194;;3;2;No inventariada;;14;9;2;1;;1;1;1;;;17;998
4;7;1;8;8105;;1;1;C-33;84,1;2;4;1;999;;3;6;3;;;999;4
5;3;9;8;8291;;1;1;C-58;30,5;6;3;2;;;1;1;1;;;999;4
5;5;7;8;8184;;1;1;C-16;18,1;2;3;2;2;;1;1;1;;;999;4
5;6;5;8;8054;;1;1;AP-7;168;2;3;1;999;;1;4;1;;;999;4
5;6;11;8;0;;1;1;B-124;17,4;6;9;1;999;;1;1;1;;;999;4
5;6;12;8;8217;;1;1;A-2;607;3;4;1;999;;1;1;1;;;999;4
5;6;12;8;0;;1;1;BV-5001;14,4;6;9;2;4;;1;1;1;;;999;4
5;6;11;8;8307;;1;1;C-31;154,8;6;4;1;999;;1;1;1;;;17;1
5;6;12;8;8126;;1;1;C-31;216;2;2;1;999;;1;1;1;;;999;4
5;6;12;8;8252;;1;1;B-30;9,2;2;4;1;999;;1;1;1;;;999;4
5;6;13;8;8181;;1;1;C-251;4,2;6;20;2;2;;1;1;1;;;999;4
5;6;14;8;8200;;1;1;C-245;11,7;6;4;2;2;;1;1;1;;;999;4
5;6;14;8;8076;;1;1;B-231;0,8;6;4;1;999;;1;1;1;;;999;4
5;6;16;8;0;;1;1;BP-2151;18,1;6;2;2;2;;1;1;1;;;999;4
5;6;18;8;8041;;1;1;C-17;23,8;3;3;1;999;;1;1;1;;;999;4
5;6;14;8;0;;1;1;B-400;17,3;6;1;1;999;;1;1;1;;;17;2
5;6;22;8;8307;;1;1;C-246a;47;6;19;2;2;;1;6;1;;;999;4
5;4;10;8;8200;;2;2;BV-2002;6,5;14;2;1;999;;1;1;1;;;17;4
5;4;16;8;8015;;3;2;No inventariada;;14;1;1;999;;1;1;1;;;17;998
5;5;20;8;8015;;3;2;No inventariada;;14;7;1;999;;1;1;1;;;17;998
3;2;12;8;8217;;3;2;No inventariada;;14;3;2;4;;1;1;1;;;17;998
3;1;9;8;8113;;3;2;No inventariada;;14;7;1;999;;1;1;1;;;1;998
5;3;7;8;8267;;2;2;C-1413a;32,2;14;6;1;999;;1;1;1;;;1;4
5;7;0;8;8169;;3;2;No inventariada;;14;4;2;2;;1;4;1;;;1;998
4;5;20;8;8187;;3;2;No inventariada;;14;2;2;1;;1;4;1;;;1;998
5;1;12;8;8218;;3;2;No inventariada;;14;2;2;1;;1;1;1;;;1;998
4;3;23;8;8015;;3;2;No inventariada;;14;9;1;999;;3;4;3;;;17;998
5;6;10;8;8284;;1;1;GI-600;1;6;2;2;2;;1;1;1;;;17;1
5;7;8;8;8001;;1;1;BV-1202;5,8;6;9;1;999;;1;1;1;;;999;4
5;7;8;8;8073;;1;1;A-2;609,5;3;19;1;999;;1;1;1;;;17;4
5;7;11;8;0;;1;1;BP-2121;14,1;6;6;1;999;;1;1;1;;;999;4
5;7;11;8;8181;;1;1;AP-7;129,2;2;4;1;999;;1;1;1;;;999;4
5;7;12;8;0;;1;1;N-141c;45,4;6;9;1;999;;1;1;1;;;999;4
5;7;14;8;8181;;1;1;AP-7;125;2;4;1;999;;1;1;1;;;999;4
5;7;16;8;0;;1;1;A-2;557;3;19;2;;;1;1;1;;;999;4
5;7;17;8;8301;;1;1;C-32;52;2;4;1;999;;1;1;1;;;999;4
5;7;12;8;0;;1;1;B-402;10,8;6;19;1;999;;1;1;1;;;999;4
5;5;6;8;8200;;3;2;No inventariada;;14;4;2;4;;1;1;1;;;17;998
5;1;14;8;8285;;3;2;No inventariada;;14;2;1;999;;1;1;1;;;17;998
5;5;6;8;8102;;3;2;No inventariada;;14;19;1;999;;1;1;1;;;17;998
5;5;14;8;8285;;3;2;No inventariada;;14;9;1;999;;1;1;1;;;17;998
5;5;6;8;8200;;2;2;BV-2002;6,8;14;9;2;4;;8;2;1;;;17;4
5;5;13;8;8200;;3;2;No inventariada;;14;20;1;999;;1;1;1;;;17;998
5;5;6;8;8200;;2;2;B-201;0,3;14;9;2;4;;8;2;1;;;17;4
5;4;18;8;8245;;3;2;No inventariada;;14;7;2;1;;1;1;1;;;17;998
5;3;15;8;8200;;3;2;No inventariada;;14;7;2;1;;1;1;1;;;17;998
5;1;8;8;8169;;3;2;No inventariada;;14;4;1;999;;1;1;1;;;17;998
4;4;21;8;8200;;3;2;No inventariada;;14;1;1;999;;1;2;1;;;17;998
5;6;22;8;8126;;2;2;BV-5008;1,3;6;2;2;;;1;4;1;;;17;4
5;5;8;8;8169;;3;2;No inventariada;;14;9;2;1;;1;1;1;;;17;998
5;6;9;8;8245;;3;2;No inventariada;;14;9;2;2;;1;1;1;;;17;998
5;6;11;8;8108;;3;2;No inventariada;;14;6;1;999;;1;1;1;;;17;998
3;3;13;8;8015;;3;2;No inventariada;;14;2;1;999;;1;1;1;;;17;998
4;5;19;8;8114;;1;1;No inventariada;25,9;6;9;2;;AP-7;8;1;1;;;999;4
5;4;14;8;8073;;1;1;A-2;609,5;3;4;2;;;1;1;1;;;999;4
5;5;11;8;8121;;1;1;BV-5031;1,1;6;3;2;2;;1;1;1;;;999;4
5;6;17;8;8240;;1;1;AP-7;183,5;2;6;1;999;;1;1;1;;;999;4
5;1;4;8;0;;1;1;AP-7;181,5;2;4;1;999;;1;6;1;;;17;1
5;1;7;8;8046;;2;2;BV-5108;1,1;6;4;1;999;;1;1;1;;;999;4
5;1;10;8;8181;;1;1;No inventariada;12;6;19;1;999;;1;1;1;;;999;4
5;1;12;8;8125;;1;1;C-58;4,3;2;19;1;999;;1;1;1;;;17;4
5;1;12;8;0;;1;1;AP-7;181,2;2;6;2;;;1;1;1;;;17;4
5;1;13;8;8208;;1;1;B-224;25,5;6;9;1;999;;1;1;1;;;999;4
5;1;14;8;8200;;1;1;C-32;53,5;2;4;1;999;;1;1;1;;;999;4
5;1;14;8;8217;;1;1;A-2;606,5;3;4;1;999;;1;1;1;;;999;4
5;1;15;8;8200;;1;1;C-32;53,1;2;3;1;999;;1;1;1;;;17;1
5;1;17;8;8251;;1;1;B-212;3,3;6;6;1;999;;1;1;1;;;999;4
5;1;19;8;0;;3;2;No inventariada;;14;2;2;4;;1;1;1;;;999;998
4;5;19;8;8089;;3;2;No inventariada;;14;7;1;999;;1;1;1;;;17;998
5;6;23;8;8245;;3;2;No inventariada;;14;7;2;2;;1;4;1;;;17;998
4;4;8;8;8124;;3;2;No inventariada;;14;7;2;1;;1;2;1;;;17;998
4;4;9;8;8124;;3;2;No inventariada;;14;3;1;999;;1;1;1;;;17;998
4;2;9;8;8124;;3;2;No inventariada;;14;9;1;999;;1;1;1;;;17;998
4;4;15;8;8124;;3;2;No inventariada;;14;2;1;999;;1;1;1;;;17;998
4;7;18;8;8124;;3;2;No inventariada;;14;2;1;999;;1;1;1;;;17;998
4;3;15;8;8124;;3;2;No inventariada;;14;9;1;999;;1;1;1;;;17;998
4;5;15;8;8089;;3;2;No inventariada;;14;7;2;2;;1;1;1;;;17;998
4;7;12;8;8307;;3;2;No inventariada;;14;7;2;2;;1;1;1;;;17;998
5;3;8;8;8180;;3;2;No inventariada;;14;7;2;2;;1;1;1;;;17;998
4;2;21;8;8307;;3;2;No inventariada;;14;2;2;1;;3;4;1;;;17;998
4;2;10;8;8096;;4;2;C-352;18,4;3;19;1;999;;3;5;3;;;17;4
4;6;19;8;8015;;3;2;No inventariada;;14;2;2;4;;1;1;1;;;17;998
5;2;18;8;8301;;3;2;No inventariada;;14;4;1;999;;1;1;1;;;17;998
5;4;10;8;8301;;3;2;No inventariada;;14;4;1;999;;1;1;1;;;17;998
4;4;19;8;8089;;3;2;No inventariada;;14;7;2;4;;1;1;1;;;17;998
5;1;8;8;8015;;3;2;No inventariada;;14;2;2;1;;1;1;1;;;17;998
5;5;19;8;8124;;3;2;No inventariada;;14;7;1;999;;1;1;1;;;17;998
4;5;19;8;8089;;3;2;No inventariada;;14;9;2;2;;1;1;1;;;17;998
5;5;22;8;8114;;3;2;No inventariada;;14;2;2;1;;1;4;1;;;17;998
5;2;15;8;8015;;3;2;No inventariada;;14;9;1;999;;3;1;3;;;17;998
4;6;23;8;8252;;2;2;N-150;7,8;14;2;1;999;;3;4;3;;;17;4
4;7;11;8;8252;;3;2;No inventariada;;14;19;1;999;;1;1;1;;;17;998
4;4;20;8;8252;;3;2;No inventariada;;14;2;2;1;;1;2;1;;;17;998
3;2;20;8;8252;;3;2;No inventariada;;14;9;2;4;;1;1;1;;;17;998
5;4;13;8;8015;;3;2;No inventariada;;14;7;1;999;;1;1;1;;;17;998
5;1;8;8;8252;;3;2;No inventariada;;14;2;2;1;;1;1;1;;;17;998
5;4;17;8;8252;;3;2;No inventariada;;14;9;2;4;;1;1;1;;;17;998
5;3;10;8;8015;;3;2;No inventariada;;14;19;1;999;;1;1;1;;;17;998
5;7;11;8;8015;;3;2;No inventariada;;14;9;1;999;;1;1;1;;;17;998
5;6;11;8;8015;;2;2;B-500;2,5;14;2;2;1;;1;1;1;;;17;4
2;4;8;8;8101;;3;2;No inventariada;;14;4;1;999;;1;1;1;;;17;998
5;6;23;8;8056;;3;2;No inventariada;;14;19;2;4;;1;4;1;;;1;998
5;4;12;8;0;;2;2;BV-1038;2,7;6;2;1;999;;1;1;1;;;999;4
5;7;6;8;8252;;1;1;B-30;11,2;2;19;2;2;;1;2;1;;;999;4
5;7;9;8;8051;;1;1;B-124;10;6;19;1;999;;1;1;1;;;999;4
5;1;17;8;8194;;1;1;B-10;3,5;3;2;1;999;;1;1;1;;;999;4
5;1;17;8;8181;;1;1;C-1415c;16,9;6;3;1;999;;1;1;1;;;999;4
5;1;18;8;8181;;1;1;C-60;7;2;4;1;999;;1;1;1;;;999;4
5;2;9;8;8211;;1;1;A-2;605,5;3;3;1;999;;1;1;1;;;999;4
5;2;11;8;8113;;1;1;C-55;29,7;3;19;1;999;;3;1;4;;;999;4
5;2;16;8;8089;;1;1;C-32;49,5;2;6;2;;;1;1;1;;;999;4
5;2;15;8;8266;;1;1;AP-7;151;2;4;1;999;;1;1;1;;;999;4
5;2;16;8;8187;;1;1;B-124;3,9;6;4;1;999;;1;1;1;;;999;4
5;2;13;8;8191;;1;1;C-16;62;3;4;1;999;;3;1;3;;;999;4
5;2;20;8;0;;3;2;No inventariada;;14;1;2;1;;1;2;1;;;999;998
5;6;16;8;8101;;3;2;No inventariada;;14;2;1;999;;1;1;1;;;17;998
5;1;16;8;8101;;3;2;No inventariada;;14;2;1;999;;1;1;1;;;17;998
4;5;17;8;8307;;3;2;No inventariada;;14;9;1;999;;1;1;1;;;17;998