MES;DIA_SEMANA;HORA;COD_PROVINCIA;COD_MUNICIPIO;ISLA;ZONA;ZONA_AGRUPADA;CARRETERA;KM;TIPO_VIA;TIPO_ACCIDENTE;NUDO;NUDO_INFO;CARRETERA_CRUCE;CONDICION_FIRME;CONDICION_ILUMINACION;CONDICION_METEO;CONDICION_NIEBLA;CONDICION_VIENTO;VISIB_RESTRINGIDA_POR;TRAZADO_PLANTA
4;5;10;8;8307;;3;2;No inventariada;;14;9;1;999;;1;1;1;;;17;998
4;4;21;8;8114;;3;2;No inventariada;;14;6;1;999;;1;2;1;;;17;998
4;4;18;8;8114;;3;2;No inventariada;;14;1;1;999;;1;1;1;;;17;998
4;3;15;8;8114;;3;2;No inventariada;;14;2;1;999;;1;1;1;;;17;998
3;4;11;8;8114;;3;2;No inventariada;;14;7;2;4;;1;1;1;;;17;998
3;4;8;8;8114;;3;2;No inventariada;;14;4;2;1;;1;1;1;;;17;998
5;1;9;8;8217;;3;2;No inventariada;;14;9;1;999;;1;1;1;;;17;998
5;2;8;8;8217;;3;2;No inventariada;;14;2;2;1;;3;1;3;;;17;998
5;6;14;8;8217;;3;2;No inventariada;;14;7;1;999;;1;1;1;;;17;998
5;7;23;8;8015;;3;2;No inventariada;;14;9;1;999;;1;4;1;;;17;998
5;3;4;8;8298;;3;2;No inventariada;;14;9;1;999;;1;4;1;;;17;998
5;5;17;8;8252;;3;2;No inventariada;;14;4;2;4;;1;1;1;;;17;998
5;4;9;8;8252;;2;2;No inventariada;;14;3;2;4;;1;1;1;;;17;4
5;3;5;8;8252;;3;2;No inventariada;;14;4;2;;;1;4;1;;;17;998
5;7;15;8;8169;;3;2;No inventariada;;14;4;1;999;;1;1;1;;;17;998
3;6;5;8;8252;;3;2;No inventariada;;14;2;2;1;;3;4;4;;;17;998
5;7;13;8;8169;;3;2;No inventariada;;14;9;1;999;;1;1;1;;;17;998
5;1;20;8;8169;;3;2;No inventariada;;14;3;1;999;;1;1;1;;;17;998
3;3;15;8;8096;;3;2;No inventariada;;14;7;1;999;;1;1;1;;;17;998
4;3;7;8;8159;;1;1;AP-7;136,1;2;3;1;999;;1;1;1;;;999;4
5;4;16;8;8073;;1;1;A-2;609,3;3;4;1;999;;1;1;1;;;999;4
5;2;8;8;8019;;1;1;C-58;0;2;4;1;999;;1;1;1;;;999;4
5;2;11;8;8041;;4;2;C-352;25,8;3;4;1;999;;3;1;3;;;999;4
5;2;13;8;0;;1;1;C-32;127,2;2;19;1;999;;3;1;4;;;999;4
5;2;13;8;8029;;1;1;C-31F;1,7;3;19;1;999;;3;1;4;;;999;4
5;2;14;8;8029;;1;1;C-31F;1,5;3;2;1;999;;3;1;4;;;999;4
5;2;14;8;8029;;1;1;C-32;95,4;2;19;1;999;;3;1;4;;;999;4
5;2;14;8;8191;;1;1;C-16;62,1;3;4;1;999;;3;1;1;;;999;4
5;2;19;8;8252;;1;1;AP-7;147;2;3;1;999;;1;1;1;;;999;4
5;3;9;8;8307;;1;1;C-31;152,9;6;4;2;;;1;1;1;;;999;4
5;3;10;8;8205;;1;1;AP-7;160,5;2;3;1;999;;1;1;1;;;999;4
5;3;11;8;8217;;1;1;A-2;607;3;3;1;999;;1;1;1;;;999;4
5;3;12;8;0;;1;1;C-55;16,4;6;4;1;999;;1;1;1;;;999;4
5;3;16;8;0;;1;1;BV-2251;0,6;6;1;1;999;;1;1;1;;;999;4
5;3;16;8;0;;1;1;N-340;1215;6;4;1;999;;1;1;1;;;999;4
5;3;17;8;0;;1;1;C-55;17,6;6;4;1;999;;1;1;1;;;999;4
5;2;7;8;8169;;2;2;B-201;3,5;14;6;1;999;;3;1;1;;;17;4
4;2;20;8;8015;;3;2;No inventariada;;14;2;2;1;;1;1;1;;;17;998
5;2;18;8;8169;;3;2;No inventariada;;14;7;1;999;;1;1;1;;;17;998
5;3;8;8;8124;;3;2;No inventariada;;14;9;1;999;;1;1;1;;;17;998
5;2;13;8;8124;;3;2;No inventariada;;14;2;2;2;;1;1;1;;;17;998
5;3;22;8;8245;;3;2;No inventariada;;14;9;1;999;;1;6;1;;;17;998
3;6;21;8;8114;;3;2;No inventariada;;14;2;2;4;;1;4;1;;;17;998
5;6;19;8;8301;;2;2;C-245;7,4;14;3;1;999;;1;1;1;;;17;4
5;5;21;8;8307;;3;2;No inventariada;;14;9;1;999;;1;4;1;;;17;998
5;4;11;8;8073;;3;2;No inventariada;;14;2;1;999;;1;1;1;;;1;998
5;1;6;8;8301;;3;2;No inventariada;;14;3;2;4;;1;1;1;;;17;998
3;5;14;8;8114;;3;2;No inventariada;;14;4;2;1;;1;2;1;;;17;998
4;4;16;8;8124;;3;2;No inventariada;;14;4;1;999;;1;1;1;;;17;998
2;4;17;8;8114;;3;2;No inventariada;;14;3;2;4;;1;1;1;;;17;998
5;3;17;8;8200;;3;2;No inventariada;;14;9;1;999;;1;1;1;;;17;998
4;4;16;8;8266;;3;2;No inventariada;;14;2;2;1;;1;1;1;;;1;998
3;4;13;8;8015;;3;2;No inventariada;;14;2;1;999;;1;1;1;;;17;998
3;7;8;8;8019;;3;2;No inventariada;;14;2;2;1;;1;5;1;1;;6;998
5;2;18;8;8252;;2;2;No inventariada;;14;9;2;4;;8;1;1;;;17;4
4;3;13;8;8015;;3;2;No inventariada;;14;7;1;999;;1;1;1;;;17;998
4;2;12;8;8902;;3;2;No inventariada;;14;4;1;999;;1;1;1;;;1;998
4;4;13;8;8073;;1;1;C-32;60;3;20;1;999;;1;1;1;;;999;4
5;5;1;8;0;;2;2;BV-2122;1,7;6;6;1;999;;1;5;1;;;999;4
5;2;16;8;0;;1;1;GI-512;5;6;1;1;999;;1;1;3;;;17;1
5;3;14;8;8252;;1;1;B-30;11;2;4;1;999;;1;1;1;;;999;4
5;4;7;8;8096;;1;1;AP-7;130,9;2;4;1;999;;1;1;1;;;999;4
5;4;11;8;8019;;1;1;C-58;0,5;2;4;1;999;;3;1;3;;;999;4
5;4;13;8;8270;;1;1;C-31;172,1;6;20;1;999;;1;1;1;;;17;4
5;4;13;8;8125;;1;1;C-17;6,3;3;19;1;999;;3;1;3;;;999;4
5;4;15;8;0;;1;1;C-58;37,6;6;19;1;999;;3;1;3;;;999;4
5;4;17;8;0;;3;2;No inventariada;;14;3;1;999;;3;1;3;;;999;998
5;4;17;8;0;;1;1;C-26;137,1;6;19;1;999;;3;1;1;;;999;4
5;4;16;8;0;;3;2;No inventariada;;14;2;1;999;;1;1;1;;;17;998
5;4;21;8;0;;1;1;B-231;4,8;6;4;1;999;;1;6;1;;;999;4
5;5;3;8;0;;1;1;B-124;26,5;6;19;1;999;;1;6;1;;;999;4
4;1;20;8;8015;;3;2;No inventariada;;14;9;1;999;;1;1;1;;;17;998
4;5;21;8;8015;;3;2;No inventariada;;14;9;1;999;;1;4;1;;;17;998
4;2;15;8;8015;;3;2;No inventariada;;14;4;2;1;;1;1;1;;;17;998
5;6;21;8;8121;;3;2;No inventariada;;14;2;2;4;;1;4;1;;;17;998
5;1;14;8;8121;;3;2;No inventariada;;14;4;1;999;;1;1;1;;;17;998
4;2;19;8;8015;;3;2;No inventariada;;14;9;1;999;;1;1;1;;;17;998
4;1;15;8;8217;;3;2;No inventariada;;14;2;2;4;;1;1;1;;;17;998
5;5;19;8;8200;;3;2;No inventariada;;14;7;1;999;;1;1;1;;;17;998
5;5;22;8;8015;;3;2;No inventariada;;14;4;2;2;;1;4;1;;;17;998
5;4;11;8;8260;;1;1;AP-7;141,5;2;9;2;;;3;1;3;;;999;4
5;4;15;8;8172;;2;2;N-2;637,2;6;2;2;2;;3;1;3;;;999;4
5;4;20;8;8005;;1;1;BP-1432;28,7;6;1;1;999;;1;1;1;;;17;3
5;5;6;8;8125;;1;1;C-33;81,5;2;4;1;999;;1;1;1;;;999;4
5;5;7;8;8073;;1;1;A-2;609;3;6;2;;;1;1;1;;;999;4
5;5;9;8;8231;;1;1;C-32;28,4;2;8;1;999;;1;1;1;;;999;4
5;5;12;8;8118;;2;2;N-2;635,3;14;9;1;999;;1;1;1;;;999;4
5;5;14;8;8260;;1;1;C-59;4,2;3;3;1;999;;1;1;1;;;999;4
5;5;15;8;8260;;1;1;C-59;4,5;3;4;1;999;;1;1;1;;;999;4
5;5;17;8;8077;;1;1;C-32;62;3;4;1;999;;1;1;1;;;999;4
5;5;19;8;8208;;1;1;B-224;25;6;6;1;999;;1;1;1;;;999;4
5;5;19;8;0;;1;1;C-15;39,1;6;4;1;999;;1;1;1;;;999;4
5;6;1;8;8125;;1;1;BV-5011;6,5;6;9;1;999;;1;6;1;;;999;4
4;1;8;8;8200;;3;2;No inventariada;;14;7;2;1;;3;1;3;;;17;998
5;4;6;8;8200;;3;2;No inventariada;;14;3;1;999;;1;2;1;;;17;998
5;2;13;8;8200;;3;2;No inventariada;;14;7;2;1;;3;1;3;;;17;998
5;5;15;8;8015;;3;2;No inventariada;;14;9;1;999;;1;1;1;;;17;998
5;1;9;8;8015;;3;2;No inventariada;;14;2;2;1;;1;1;1;;;17;998
5;5;16;8;8015;;3;2;No inventariada;;14;4;1;999;;1;1;1;;;17;998
1;3;17;8;8281;;3;2;No inventariada;;14;6;1;999;;1;1;1;;;17;998
4;6;13;8;8108;;2;2;BV-1602;4;14;1;1;999;;1;1;1;;;17;4
5;2;5;8;0;;3;2;No inventariada;;14;2;1;999;;1;5;1;;;999;998
5;6;9;8;0;;3;2;No inventariada;;14;20;1;999;;1;1;1;;;17;998
5;6;7;8;0;;1;1;A-2;546,5;3;9;2;;;1;1;3;;;5;2
5;6;11;8;8231;;1;1;C-15B;4,7;6;1;1;999;;3;1;3;;;999;4
5;6;16;8;8101;;1;1;No inventariada;196;6;3;1;999;;1;1;1;;;999;4
5;6;19;8;0;;1;1;N-141c;13,8;6;19;1;999;;1;1;1;;;999;4
5;6;19;8;0;;1;1;BV-2415;2,4;6;1;1;999;;4;1;1;;;17;3
5;6;19;8;0;;1;1;B-300;1;6;3;1;999;;1;1;1;;;999;4
5;6;18;8;8240;;1;1;C-243a;1,2;6;1;2;4;;1;1;1;;;999;4
5;6;22;8;8191;;1;1;B-430;2,7;6;19;1;999;;1;6;1;;;999;4
5;6;14;8;8015;;3;2;No inventariada;;14;4;1;999;;1;1;1;;;17;998
5;7;10;8;8015;;3;2;No inventariada;;14;19;2;1;;1;1;1;;;17;998
4;2;10;8;8307;;3;2;No inventariada;;14;7;1;999;;1;1;1;;;1;998
5;7;21;8;8187;;3;2;No inventariada;;14;20;1;999;;1;1;1;;;17;998
5;2;10;8;0;;1;1;N-340a;1209;6;4;2;4;;1;1;1;;;999;4
5;6;11;8;0;;1;1;BV-4132;2,6;6;9;1;999;;1;1;1;;;999;4
5;4;0;8;0;;1;1;C-15;41,5;6;19;1;999;;1;6;1;;;999;4
5;6;18;8;8181;;1;1;C-1415c;16,8;6;19;2;4;;1;1;1;;;999;4
5;7;2;8;0;;1;1;No inventariada;6;6;8;1;999;;1;6;1;;;999;4
5;7;12;8;0;;1;1;C-37;89,3;6;9;2;4;;8;1;1;;;999;4
5;7;11;8;8305;;1;1;C-15;15,3;6;4;2;4;;1;1;1;;;999;4
5;7;13;8;0;;1;1;No inventariada;1;6;7;1;999;;1;1;1;;;999;4
5;7;13;8;8266;;1;1;AP-7;150;2;3;1;999;;1;1;1;;;999;4
5;7;14;8;8121;;1;1;C-32;100,2;2;19;1;999;;1;1;1;;;999;4
5;7;15;8;0;;1;1;No inventariada;5,4;6;9;1;999;;1;1;1;;;999;4
5;7;17;8;0;;2;2;N-340;1218;14;2;1;999;;1;1;1;;;999;4
5;7;19;8;0;;1;1;A-2;561;3;3;1;999;;1;1;1;;;999;4
5;7;22;8;8076;;1;1;C-55;1,8;6;1;1;999;;1;5;1;;;999;4
5;1;3;8;8301;;1;1;C-31;186,5;3;19;1;999;;1;4;1;;;999;4
5;5;16;8;8102;;3;2;No inventariada;;14;7;2;4;;1;1;1;;;17;998
5;7;14;8;8102;;3;2;No inventariada;;14;9;2;4;;1;1;1;;;17;998
5;7;16;8;8248;;3;2;No inventariada;;14;2;1;999;;1;1;1;;;17;998
5;1;21;8;8015;;3;2;No inventariada;;14;2;2;1;;1;4;1;;;17;998
4;3;17;8;8231;;3;2;No inventariada;;14;7;1;999;;1;1;1;;;17;998
4;4;22;8;8231;;3;2;No inventariada;;14;7;2;1;;1;2;1;;;17;998
4;2;9;8;8231;;3;2;No inventariada;;14;6;1;999;;3;1;1;;;17;998
4;1;15;8;8231;;3;2;No inventariada;;14;9;1;999;;3;1;1;;;17;998
4;2;15;8;8231;;3;2;No inventariada;;14;4;2;1;;1;1;1;;;17;998
5;4;18;8;8200;;3;2;No inventariada;;14;4;1;999;;1;1;1;;;17;998
1;2;14;8;8019;;3;2;No inventariada;;14;3;1;999;;1;1;1;1;;999;998
3;2;16;8;8019;;3;2;No inventariada;;14;20;1;999;;1;1;1;1;;999;998
4;5;15;8;8279;;3;2;No inventariada;;14;7;2;2;;1;1;1;;;1;998
5;7;8;8;8295;;3;2;No inventariada;;14;20;1;999;;3;1;1;;;1;998
5;7;9;8;0;;1;1;A-2;570;3;2;2;2;;1;1;1;;;999;4
5;5;15;8;8192;;1;1;No inventariada;0,1;6;19;2;2;;3;1;4;;;999;4
5;7;13;8;0;;1;1;B-124;20,5;6;9;1;999;;1;1;1;;;999;4
5;7;13;8;8284;;1;1;GI-512;1,5;6;20;2;2;;1;1;1;;;17;1
5;1;11;8;0;;1;1;N-2a;540;6;9;1;999;;1;1;1;;;999;4
5;1;12;8;8001;;1;1;C-55;0,3;6;4;1;999;;1;1;1;;;999;4
5;1;13;8;8240;;1;1;AP-7;182,5;2;4;1;999;;1;1;1;;;999;4
5;1;17;8;8076;;1;1;A-2;579,8;3;4;1;999;;1;1;1;;;999;4
5;1;19;8;0;;1;1;A-2;572;3;4;1;999;;1;1;1;;;999;4
5;3;18;8;8307;;3;2;No inventariada;;14;9;1;999;;1;1;1;;;17;998
5;6;6;8;8124;;3;2;No inventariada;;14;2;2;1;;1;1;1;;;17;998
1;3;18;8;8156;;3;2;No inventariada;;14;2;2;2;;3;1;3;;;17;998
5;1;12;8;8121;;3;2;No inventariada;;14;2;2;4;;1;1;1;;;17;998
5;1;15;8;8307;;3;2;No inventariada;;14;4;1;999;;1;1;1;;;17;998
5;1;11;8;8102;;3;2;No inventariada;;14;7;2;2;;1;1;1;;;17;998
5;1;22;8;8245;;3;2;No inventariada;;14;2;2;4;;1;4;1;;;1;998
5;1;17;8;8121;;3;2;No inventariada;;14;4;1;999;;1;1;1;;;17;998
5;7;22;8;8015;;3;2;No inventariada;;14;2;2;1;;1;4;1;;;17;998
4;2;17;8;8266;;3;2;No inventariada;;14;4;1;999;;3;1;1;;;17;998
4;3;19;8;8266;;3;2;No inventariada;;14;7;2;1;;1;1;1;;;17;998
4;5;8;8;8266;;2;2;N-150;5,3;14;1;2;2;;1;1;1;;;17;4
4;5;18;8;8266;;2;2;N-150;5,3;14;4;2;1;;1;1;1;;;17;4
4;1;2;8;8266;;3;2;No inventariada;;14;6;2;1;;1;4;1;;;17;998
4;1;14;8;8266;;3;2;No inventariada;;14;7;1;999;;1;1;1;;;17;998
5;3;13;8;8015;;3;2;No inventariada;;14;7;2;1;;8;1;1;;;17;998
3;7;11;8;8200;;3;2;No inventariada;;14;7;2;4;;1;1;1;;;1;998
5;7;10;8;8015;;3;2;No inventariada;;14;2;2;1;;1;1;1;;;17;998
5;6;7;8;8009;;1;1;C-32;97,6;2;19;1;999;;3;1;3;;;999;4
5;6;11;8;8121;;1;1;C-32;100,9;2;19;2;;;3;1;3;;;999;4
5;6;18;8;8125;;1;1;C-58;1,4;2;4;1;999;;1;1;1;;;999;4
5;7;12;8;8266;;1;1;BV-1415;3,5;6;9;1;999;;1;1;1;;;999;4
5;1;2;8;8300;;1;1;C-16;24,5;2;4;2;2;;1;6;1;;;999;4
5;2;7;8;0;;1;1;AP-7;173;2;4;1;999;;1;1;1;;;999;4
5;2;8;8;8208;;1;1;B-224;21;6;4;1;999;;1;1;1;;;999;4
5;2;8;8;8301;;1;1;C-31;188,6;3;3;1;999;;1;1;1;;;999;4
5;2;11;8;8169;;1;1;C-31C;2,9;3;3;2;4;;1;1;1;;;999;4
5;2;14;8;0;;1;1;C-55;24,4;6;9;1;999;;1;1;1;;;999;4
5;2;16;8;8250;;1;1;C-37;64;6;1;1;999;;1;1;1;;;999;4
5;2;19;8;8102;;3;2;No inventariada;;14;6;2;1;;1;1;1;;;17;998
5;5;15;8;8245;;3;2;No inventariada;;14;2;2;4;;1;1;1;;;17;998
5;5;15;8;8096;;3;2;No inventariada;;14;4;2;2;;1;1;1;;;17;998
5;2;17;8;8121;;3;2;No inventariada;;14;9;2;4;;3;2;1;;;17;998
5;7;12;8;8245;;3;2;No inventariada;;14;7;2;1;;1;1;1;;;17;998
5;2;14;8;8015;;3;2;No inventariada;;14;3;2;1;;1;1;1;;;17;998
1;1;8;8;8046;;3;2;No inventariada;;14;4;1;999;;1;1;1;;;17;998
4;3;13;8;8266;;3;2;No inventariada;;14;3;2;2;;1;1;1;;;17;998
4;7;21;8;8266;;3;2;No inventariada;;14;1;2;1;;1;4;1;;;17;998
4;3;18;8;8266;;3;2;No inventariada;;14;4;2;4;;1;1;1;;;17;998
4;1;15;8;8266;;3;2;No inventariada;;14;1;1;999;;3;1;4;;;17;998
5;1;20;8;8200;;3;2;No inventariada;;14;9;1;999;;1;1;1;;;17;998
5;3;23;8;8209;;1;1;BV-5001;10,2;6;2;2;4;;1;5;1;;;999;4
5;2;18;8;8200;;1;1;C-245;11,5;6;4;1;999;;1;1;1;;;999;4
5;3;8;8;0;;1;1;B-23;14;2;4;1;999;;1;1;1;;;999;4
5;7;5;8;8904;;1;1;C-58;9;2;19;2;2;;1;4;1;;;999;4
5;2;9;8;8019;;1;1;C-16;3,5;2;4;1;999;;1;1;1;;;999;4
5;2;18;8;8155;;1;1;N-2;679,9;6;9;1;999;;1;1;1;;;999;4
5;3;4;8;8217;;1;1;A-2;606;3;3;1;999;;1;4;1;;;999;4
5;3;8;8;8263;;1;1;A-2;603;3;2;1;999;;1;1;1;;;999;4
5;3;8;8;8205;;1;1;C-16;12,8;2;3;2;2;;1;1;1;;;999;4
5;3;12;8;8113;;1;1;C-55;27,7;3;19;1;999;;1;1;1;;;999;4
5;3;14;8;8279;;1;1;C-16;24;2;4;1;999;;3;1;3;;;999;4
5;3;17;8;0;;1;1;BV-5126;4,5;6;20;1;999;;1;1;1;;;17;4
5;3;17;8;0;;3;2;No inventariada;;14;20;1;999;;1;1;1;;;17;998
5;3;16;8;0;;1;1;B-522;10,7;6;4;2;2;;1;1;1;;;17;3
5;3;21;8;8194;;1;1;B-10;2,9;3;9;1;999;;1;4;1;;;999;4
5;6;1;8;8003;;2;2;BP-5002;1;6;1;2;2;;3;5;1;;;17;4
5;2;12;8;8124;;3;2;No inventariada;;14;7;1;999;;1;1;1;;;17;998
5;3;19;8;8245;;2;2;No inventariada;;14;4;2;1;;1;1;1;;;17;4
4;2;8;8;8096;;3;2;No inventariada;;14;9;2;2;;3;2;3;;;17;998
5;4;20;8;8307;;3;2;No inventariada;;14;2;2;2;;1;1;1;;;17;998
5;2;9;8;8096;;4;2;C-352;18,4;3;19;1;999;;1;1;1;;;17;4
5;4;6;8;8096;;3;2;No inventariada;;14;3;1;999;;1;1;1;;;17;998
5;2;8;8;8298;;3;2;No inventariada;;14;2;1;999;;1;1;1;;;17;998
5;5;10;8;8307;;3;2;No inventariada;;14;2;1;999;;1;1;1;;;17;998
5;2;12;8;8096;;3;2;No inventariada;;14;2;2;1;;1;1;1;;;17;998
4;4;17;8;8107;;2;2;BV-1432;3;14;4;1;999;;1;1;1;;;17;4
5;3;9;8;0;;3;2;No inventariada;;14;6;1;999;;1;1;1;;;999;998
5;1;23;8;8123;;1;1;B-23;9,2;2;4;1;999;;1;4;1;;;999;4
5;3;20;8;8260;;1;1;AP-7;141,5;2;19;1;999;;1;2;1;;;999;4
5;4;9;8;8074;;2;2;C-31;147,4;6;2;2;4;;1;1;1;;;999;4
5;4;11;8;0;;1;1;C-16;100,2;6;19;1;999;;8;1;1;;;999;4
5;4;11;8;8279;;1;1;N-150;15,4;6;2;2;2;;1;1;1;;;17;1
5;4;13;8;8101;;1;1;C-31;199,1;3;4;2;;;1;1;1;;;17;1
5;4;13;8;0;;1;1;C-16;100,2;6;9;1;999;;8;1;1;;;999;4
5;4;14;8;0;;1;1;C-55;18,2;6;4;2;;;1;1;1;;;999;4
5;4;14;8;8096;;1;1;AP-7;131;2;4;1;999;;1;1;1;;;999;4
5;4;17;8;0;;1;1;C-55;41;6;4;1;999;;1;1;1;;;999;4
5;4;16;8;0;;1;1;C-153;11,8;6;1;1;999;;1;1;1;;;999;4
5;4;17;8;8073;;1;1;A-2;610;3;4;1;999;;1;4;1;;;999;4
5;4;18;8;8124;;3;2;No inventariada;;14;4;1;999;;1;1;1;;;17;998
5;5;0;8;8245;;3;2;No inventariada;;14;2;2;2;;1;4;1;;;17;998
5;5;14;8;8003;;3;2;No inventariada;;14;7;2;2;;1;1;1;;;1;998
5;2;13;8;8200;;3;2;No inventariada;;14;9;2;4;;8;1;1;;;17;998
4;3;18;8;8096;;3;2;No inventariada;;14;2;2;1;;1;1;1;;;17;998
5;3;8;8;8307;;3;2;No inventariada;;14;9;1;999;;3;1;3;;;17;998
5;2;18;8;8121;;3;2;No inventariada;;14;4;1;999;;1;1;1;;;17;998
5;3;0;8;8096;;3;2;No inventariada;;14;19;1;999;;1;5;1;;;17;998
5;6;9;8;8089;;3;2;No inventariada;;14;7;1;999;;1;1;1;;;17;998
5;6;12;8;8121;;3;2;No inventariada;;14;4;1;999;;1;1;1;;;17;998
5;5;19;8;8073;;3;2;No inventariada;;14;7;1;999;;1;1;1;;;17;998
5;6;18;8;8073;;3;2;No inventariada;;14;19;1;999;;1;1;1;;;17;998
5;7;4;8;8073;;3;2;No inventariada;;14;9;2;4;;1;4;1;;;17;998
5;3;17;8;8073;;3;2;No inventariada;;14;2;2;4;;1;1;1;;;17;998
5;6;11;8;8284;;1;1;GI-600;1,6;6;4;1;999;;1;1;1;;;999;4
5;2;16;8;8051;;1;1;No inventariada;29,3;6;4;1;999;;1;1;1;;;999;4
5;2;18;8;8252;;1;1;B-30;10,5;2;4;1;999;;1;1;1;;;999;4
5;3;16;8;8187;;1;1;B-124;3,2;6;19;1;999;;3;1;3;;;999;4
5;4;12;8;8266;;1;1;N-150;6;6;4;2;2;;1;1;1;;;999;4
5;4;16;8;8121;;1;1;BV-5031;2;6;20;1;999;;1;1;1;;;999;4
5;4;17;8;8245;;1;1;B-20;17,4;2;2;1;999;;1;1;1;;;999;4
5;4;18;8;8181;;1;1;AP-7;124,4;2;4;1;999;;1;1;1;;;999;4
5;4;20;8;8006;;2;2;N-2;656,1;6;20;2;4;;1;1;1;;;999;4
5;5;6;8;8073;;1;1;C-32;60,5;3;4;2;;;3;1;3;;;999;4
5;5;8;8;0;;2;2;BV-5301;7;6;19;1;999;;3;1;3;;;999;4
5;5;13;8;8231;;1;1;BV-2112;3,5;6;19;1;999;;1;1;1;;;999;4
5;5;14;8;8252;;1;1;B-30;11;2;4;1;999;;1;1;1;;;999;4
5;5;15;8;8202;;2;2;C-35;57,5;6;4;2;4;;1;1;1;;;999;4
5;5;19;8;8015;;1;1;B-20;21,2;2;8;1;999;;1;1;1;;;999;4
5;5;23;8;8191;;1;1;C-16;58,7;3;19;1;999;;3;6;999;;;999;4
5;3;22;8;8298;;3;2;No inventariada;;14;9;2;2;;1;5;1;;;17;998
5;5;11;8;8015;;3;2;No inventariada;;14;9;1;999;;8;1;1;;;17;998
5;5;14;8;8184;;2;2;BP-1503;19;6;1;1;999;;1;1;1;;;999;4
5;5;20;8;8191;;1;1;C-25;144;3;9;1;999;;1;1;3;;;17;1
5;6;10;8;0;;1;1;B-124;20,8;6;19;1;999;;1;1;1;;;999;4
5;6;11;8;0;;1;1;BV-2111;15,5;6;9;1;999;;1;1;1;;;999;4
5;6;13;8;8231;;1;1;C-15;4,5;3;4;1;999;;1;1;1;;;999;4
5;6;16;8;8184;;1;1;C-1413a;8,2;6;9;2;4;;8;1;1;;;999;4
5;6;16;8;0;;1;1;C-25;108;3;6;1;999;;1;1;1;;;17;2
5;6;21;8;0;;1;1;C-15;34,4;6;19;1;999;;1;2;1;;;17;2
5;6;23;8;8200;;3;2;No inventariada;;14;6;2;4;;1;4;1;;;999;998
5;6;23;8;8285;;1;1;C-37;154,1;6;18;1;999;;1;6;1;;;4;2
5;4;9;8;8088;;3;2;No inventariada;;14;2;2;2;;1;1;1;;;17;998
5;6;6;8;8298;;2;2;BV-4601;0,6;14;7;1;999;;8;1;1;;;17;4
5;4;9;8;8169;;3;2;No inventariada;;14;9;1;999;;1;1;1;;;17;998
5;2;12;8;8169;;3;2;No inventariada;;14;9;1;999;;1;1;1;;;17;998
5;7;19;8;8169;;3;2;No inventariada;;14;9;1;999;;1;1;1;;;17;998
5;4;16;8;8169;;3;2;No inventariada;;14;9;2;1;;1;1;1;;;17;998
4;4;13;8;8279;;3;2;No inventariada;;14;7;2;1;;1;1;1;;;1;998
4;7;22;8;8279;;3;2;No inventariada;;14;7;2;1;;1;4;4;;;5;998
5;2;22;8;8072;;2;2;BV-2421;6,9;14;20;1;999;;1;1;1;;;17;4
5;2;19;8;8040;;3;2;No inventariada;;14;4;1;999;;1;1;1;;;17;998
5;7;19;8;8263;;2;2;BV-2005;2;14;9;1;999;;1;1;1;;;17;4
5;2;13;8;8183;;2;2;C-153;6,5;6;2;2;2;;1;1;1;;;999;4
5;5;12;8;8121;;1;1;C-32;100,2;2;20;1;999;;1;1;1;;;999;4
5;6;18;8;0;;1;1;C-17;61,2;3;19;1;999;;1;1;1;;;999;4
5;7;10;8;8305;;1;1;N-340;1213;6;9;1;999;;1;1;1;;;17;1
5;7;13;8;8263;;1;1;A-2;600;3;4;1;999;;1;1;1;;;999;4
5;7;16;8;0;;1;1;B-231;13,5;6;2;2;2;;1;1;1;;;17;4
5;7;18;8;8200;;1;1;C-32;55;2;4;1;999;;1;1;1;;;999;4
5;7;19;8;8904;;1;1;C-58;10;2;4;1;999;;1;1;1;;;999;4
5;7;18;8;8033;;2;2;C-59;16,4;6;3;2;2;;1;1;1;;;999;4
5;5;14;8;8245;;3;2;No inventariada;;14;7;1;999;;1;1;1;;;17;998
2;7;7;8;8015;;3;2;No inventariada;;14;7;2;2;;1;1;1;;;17;998
5;5;22;8;8245;;3;2;No inventariada;;14;2;2;4;;1;4;1;;;17;998
5;6;19;8;8121;;3;2;No inventariada;;14;1;1;999;;1;1;1;;;17;998
3;3;14;8;8156;;3;2;No inventariada;;14;2;2;2;;1;1;1;;;17;998
5;6;16;8;8245;;2;2;BV-5001;3,5;14;2;2;1;;1;1;1;;;17;4
5;4;3;8;8073;;3;2;No inventariada;;14;18;1;999;;1;4;1;;;17;998
4;1;15;8;8112;;3;2;No inventariada;;14;2;2;1;;1;1;1;;;17;998
4;7;20;8;8112;;3;2;No inventariada;;14;2;2;1;;3;1;1;;;17;998
5;7;7;8;8073;;3;2;No inventariada;;14;2;2;4;;1;1;1;;;17;998
5;2;18;8;8073;;3;2;No inventariada;;14;1;1;999;;1;1;1;;;17;998
3;2;14;8;8252;;3;2;No inventariada;;14;7;1;999;;1;1;1;;;17;998
5;5;23;8;8073;;3;2;No inventariada;;14;2;1;999;;1;4;1;;;17;998
5;7;20;8;8073;;3;2;No inventariada;;14;2;2;4;;1;1;1;;;17;998
4;5;11;8;8184;;3;2;No inventariada;;14;7;2;2;;1;1;1;;;1;998
5;1;19;8;8015;;2;2;B-500;0,9;14;4;1;999;;1;1;1;;;17;4
5;5;5;8;8279;;3;2;No inventariada;;14;20;1;999;;1;1;1;;;17;998
5;4;12;8;8125;;1;1;No inventariada;0,5;6;4;1;999;;1;1;1;;;999;4
5;4;15;8;8238;;1;1;C-58;12,8;2;9;2;;;1;1;1;;;999;4
5;5;9;8;8238;;1;1;C-58;12,5;2;3;1;999;;1;1;1;;;999;4