MES;DIA_SEMANA;HORA;COD_PROVINCIA;COD_MUNICIPIO;ISLA;ZONA;ZONA_AGRUPADA;CARRETERA;KM;TIPO_VIA;TIPO_ACCIDENTE;NUDO;NUDO_INFO;CARRETERA_CRUCE;CONDICION_FIRME;CONDICION_ILUMINACION;CONDICION_METEO;CONDICION_NIEBLA;CONDICION_VIENTO;VISIB_RESTRINGIDA_POR;TRAZADO_PLANTA
6;7;14;8;8192;;3;2;No inventariada;;14;2;2;1;;1;1;1;;;1;998
6;5;11;8;0;;3;2;No inventariada;;14;7;1;999;;1;1;1;;;17;998
6;6;12;8;8291;;1;1;C-58;35,5;6;3;2;;;1;1;1;;;999;4
6;1;13;8;8113;;1;1;C-55;30,9;3;2;1;999;;1;1;1;;;999;4
6;1;12;8;8279;;1;1;No inventariada;12,3;6;1;1;999;;1;1;1;;;999;4
6;1;14;8;0;;1;1;BV-2131;0,7;6;3;1;999;;1;1;1;;;999;4
6;1;15;8;8210;;1;1;C-59;23;6;9;1;999;;1;1;1;;;999;4
6;1;18;8;8125;;1;1;C-33;79,4;2;3;1;999;;1;1;1;;;999;4
6;1;18;8;8307;;1;1;C-31;155;6;4;2;;;1;1;1;;;999;4
6;1;21;8;0;;3;2;No inventariada;;14;4;1;999;;1;1;1;;;999;998
6;1;19;8;8266;;1;1;AP-7;152;2;4;1;999;;1;1;1;;;17;1
6;1;12;8;8073;;3;2;No inventariada;;14;2;2;2;;1;1;1;;;17;998
6;7;11;8;8298;;3;2;No inventariada;;14;7;1;999;;1;1;1;;;17;998
6;3;11;8;8101;;3;2;No inventariada;;14;7;1;999;;1;1;1;;;17;998
6;5;19;8;8102;;3;2;No inventariada;;14;2;2;4;;1;1;1;;;17;998
5;4;21;8;8101;;3;2;No inventariada;;14;7;2;2;;1;4;1;;;17;998
6;3;21;8;8101;;3;2;No inventariada;;14;2;2;4;;1;4;1;;;17;998
6;7;20;8;8101;;3;2;No inventariada;;14;4;1;999;;1;4;1;;;17;998
6;2;19;8;8101;;3;2;No inventariada;;14;2;2;2;;3;1;4;;;17;998
6;7;14;8;8101;;3;2;No inventariada;;14;2;2;1;;1;1;1;;;17;998
6;1;17;8;8101;;3;2;No inventariada;;14;7;1;999;;1;1;1;;;17;998
5;5;12;8;8263;;2;2;BV-2002;0;6;7;1;999;;1;1;1;;;17;4
6;1;14;8;8121;;3;2;No inventariada;;14;9;2;4;;1;1;1;;;17;998
6;3;13;8;8263;;3;2;No inventariada;;14;7;2;4;;1;1;1;;;17;998
6;4;14;8;8101;;3;2;No inventariada;;14;2;2;1;;1;1;1;;;17;998
6;4;14;8;8101;;3;2;No inventariada;;14;2;2;1;;1;1;1;;;17;998
6;1;11;8;8101;;3;2;No inventariada;;14;9;1;999;;1;1;1;;;1;998
6;3;12;8;8101;;3;2;No inventariada;;14;2;2;4;;1;1;1;;;17;998
6;1;14;8;8101;;3;2;No inventariada;;14;2;2;2;;1;1;1;;;17;998
6;2;10;8;8015;;3;2;No inventariada;;14;2;2;1;;1;1;1;;;17;998
6;3;19;8;8282;;1;1;N-2;119;6;2;1;999;;1;1;1;;;17;4
6;4;16;8;8169;;3;2;No inventariada;;14;4;1;999;;1;1;1;;;17;998
6;6;1;8;8266;;3;2;No inventariada;;14;19;2;2;;1;4;1;;;17;998
6;1;5;8;8015;;3;2;No inventariada;;14;2;2;1;;1;2;1;;;17;998
6;1;18;8;8073;;3;2;No inventariada;;14;2;1;999;;1;1;1;;;17;998
3;7;12;8;8015;;3;2;No inventariada;;14;2;1;999;;1;1;1;;;17;998
6;3;18;8;8169;;3;2;No inventariada;;14;2;2;1;;1;1;1;;;1;998
6;7;14;8;8211;;3;2;No inventariada;;14;9;2;4;;1;1;1;;;1;998
6;3;0;8;0;;1;1;C-16;102,6;6;19;1;999;;3;6;3;;;999;4
6;3;15;8;8101;;1;1;C-31;198,8;3;4;1;999;;1;1;1;;;999;4
6;7;14;8;8068;;1;1;N-340;1231;6;6;1;999;;3;1;3;;;999;4
6;7;3;8;8284;;1;1;GI-600;1,2;6;8;1;999;;1;6;1;;;999;4
6;1;14;8;8252;;1;1;AP-7;147;2;3;1;999;;1;1;1;;;999;4
6;1;17;8;8205;;1;1;AP-7;154,3;2;4;1;999;;1;1;1;;;999;4
6;1;17;8;8110;;1;1;BV-6001;3;6;4;2;2;;1;1;1;;;17;1
6;2;7;8;8245;;1;1;B-20;18,1;2;4;1;999;;1;1;1;;;17;4
6;2;9;8;8240;;1;1;BV-2244;2,3;6;4;2;2;;1;1;1;;;999;4
6;2;14;8;8240;;2;2;BV-2241;0,3;6;2;2;2;;1;1;1;;;17;1
6;2;14;8;8181;;1;1;C-352;21;6;4;2;;;1;1;1;;;999;4
6;2;15;8;8307;;1;1;BV-2115;1,2;6;2;2;2;;1;1;1;;;999;4
6;2;16;8;0;;1;1;A-2;561,9;3;3;1;999;;1;1;1;;;999;4
6;2;16;8;8156;;1;1;C-59;5,4;6;4;1;999;;1;1;1;;;999;4
6;2;17;8;8169;;1;1;B-20;2;2;9;2;4;;8;1;1;;;999;4
6;2;17;8;8217;;1;1;A-2;607,3;3;4;2;;;1;1;1;;;999;4
6;2;22;8;8260;;1;1;AP-7;144,4;2;20;2;;;1;4;1;;;999;4
6;2;23;8;8270;;1;1;C-31;176,5;6;4;2;4;;1;4;1;;;999;4
6;2;20;8;0;;1;1;C-25;153,4;3;4;1;999;;1;2;1;;;4;2
6;2;9;8;8073;;3;2;No inventariada;;14;2;2;2;;1;1;1;;;17;998
5;4;17;8;8101;;3;2;No inventariada;;14;2;1;999;;1;1;1;;;17;998
3;3;14;8;8101;;3;2;No inventariada;;14;2;2;2;;1;1;1;;;17;998
2;4;20;8;8101;;3;2;No inventariada;;14;2;2;1;;1;5;1;;;17;998
6;1;20;8;8101;;3;2;No inventariada;;14;1;2;1;;1;1;1;;;17;998
3;1;16;8;8101;;3;2;No inventariada;;14;3;1;999;;1;1;1;;;17;998
5;2;20;8;8101;;3;2;No inventariada;;14;3;1;999;;1;2;1;;;17;998
4;3;20;8;8101;;3;2;No inventariada;;14;3;2;4;;1;2;1;;;17;998
6;4;10;8;8121;;3;2;No inventariada;;14;2;2;1;;1;1;1;;;17;998
4;1;18;8;8101;;3;2;No inventariada;;14;3;1;999;;3;1;1;;;17;998
3;1;15;8;8101;;3;2;No inventariada;;14;9;2;1;;1;1;1;;;17;998
6;2;10;8;8245;;3;2;No inventariada;;14;1;1;999;;1;1;1;;;17;998
3;2;19;8;8101;;3;2;No inventariada;;14;3;1;999;;1;1;1;;;17;998
3;3;18;8;8101;;3;2;No inventariada;;14;3;2;4;;1;2;1;;;17;998
6;2;12;8;8245;;3;2;No inventariada;;14;4;2;4;;1;1;1;;;17;998
2;1;15;8;8029;;3;2;No inventariada;;14;9;2;4;;1;1;1;;;17;998
6;1;8;8;8169;;3;2;No inventariada;;14;2;2;1;;1;1;1;;;17;998
6;7;22;8;8169;;3;2;No inventariada;;14;2;2;1;;1;4;1;;;17;998
4;7;22;8;8101;;3;2;No inventariada;;14;2;1;999;;1;4;1;;;17;998
6;4;22;8;8101;;3;2;No inventariada;;14;4;1;999;;1;4;1;;;17;998
5;1;21;8;8238;;3;2;No inventariada;;14;2;2;2;;1;4;1;;;17;998
4;6;4;8;8101;;3;2;No inventariada;;14;2;2;1;;1;4;1;;;17;998
5;2;20;8;8040;;3;2;No inventariada;;14;2;1;999;;1;1;1;;;17;998
6;6;14;8;8121;;3;2;No inventariada;;14;2;2;1;;1;1;1;;;1;998
6;1;12;8;8121;;3;2;No inventariada;;14;2;2;2;;1;1;1;;;2;998
6;2;11;8;8075;;2;2;B-510;3,6;14;20;1;999;;1;1;1;;;17;4
6;6;21;8;8238;;1;1;C-58;13;2;19;1;999;;1;4;1;;;999;4
6;7;6;8;8902;;1;1;BP-5002;11,7;6;19;2;4;;1;5;1;;;999;4
6;4;17;8;8211;;1;1;A-2;604,5;3;4;2;2;;1;1;1;;;999;4
6;5;11;8;8073;;1;1;A-2;609,5;3;3;1;999;;1;1;1;;;999;4
6;7;17;8;0;;1;1;C-16;39,3;2;19;1;999;;3;1;3;;;999;4
6;2;19;8;0;;1;1;C-58;37,6;6;2;1;999;;3;1;4;;;999;4
6;1;10;8;8260;;1;1;B-140;6,8;6;20;1;999;;1;1;1;;;999;4
6;2;8;8;8106;;1;1;AP-7;122;2;7;1;999;;1;1;1;;;999;4
6;2;16;8;8155;;1;1;N-2;679,5;6;2;2;4;;1;1;1;;;999;4
6;3;4;8;0;;1;1;C-55;17,9;6;19;1;999;;1;5;1;;;999;4
6;3;7;8;8068;;1;1;N-340;1241;6;6;2;;;1;1;1;;;999;4
6;3;9;8;8252;;1;1;B-30;9,5;2;3;2;2;;1;1;1;;;999;4
6;3;8;8;8180;;1;1;C-58;6,1;2;20;1;999;;1;1;1;;;999;4
6;3;8;8;8279;;1;1;No inventariada;19;6;4;1;999;;1;1;1;;;999;4
6;3;9;8;8252;;1;1;AP-7;147;2;2;1;999;;1;1;1;;;999;4
6;3;11;8;8169;;1;1;B-20;2,1;2;9;2;4;;8;1;1;;;999;4
6;3;15;8;0;;1;1;AP-7;161,5;2;3;1;999;;1;1;1;;;999;4
6;4;1;8;8169;;1;1;C-31;195,8;3;19;1;999;;3;5;3;;;999;4
6;4;11;8;8073;;3;2;No inventariada;;14;9;1;999;;8;1;1;;;17;998
6;7;12;8;8121;;3;2;No inventariada;;14;2;1;999;;1;1;1;;;17;998
6;3;19;8;8298;;3;2;No inventariada;;14;2;2;1;;1;1;1;;;17;998
4;5;8;8;8307;;3;2;No inventariada;;14;2;2;4;;1;1;1;;;17;998
6;2;19;8;8121;;3;2;No inventariada;;14;7;2;2;;1;1;1;;;17;998
5;2;13;8;8307;;3;2;No inventariada;;14;7;2;1;;1;1;1;;;17;998
5;3;8;8;8307;;3;2;No inventariada;;14;9;1;999;;1;1;1;;;17;998
2;2;9;8;8029;;3;2;No inventariada;;14;9;2;1;;1;1;1;;;17;998
6;1;14;8;8121;;3;2;No inventariada;;14;4;1;999;;1;1;1;;;17;998
6;3;14;8;8169;;3;2;No inventariada;;14;4;1;999;;1;1;1;;;17;998
6;2;12;8;8194;;3;2;No inventariada;;14;9;2;2;;1;1;1;;;17;998
5;4;14;8;8068;;3;2;No inventariada;;14;6;2;2;;1;1;1;;;1;998
6;5;9;8;8211;;3;2;No inventariada;;14;7;1;999;;1;1;1;;;17;998
6;3;18;8;8279;;3;2;No inventariada;;14;20;1;999;;1;1;1;;;17;998
6;6;20;8;8121;;3;2;No inventariada;;14;7;1;999;;1;1;1;;;17;998
6;3;0;8;8218;;3;2;No inventariada;;14;19;2;1;;1;4;1;;;1;998
6;5;6;8;8019;;1;1;C-58;0,5;2;3;2;;;1;1;1;;;999;4
6;5;11;8;8101;;1;1;C-31;196;3;4;1;999;;1;1;1;;;999;4
6;5;13;8;8217;;1;1;A-2;606;3;4;1;999;;1;1;1;;;999;4
6;3;9;8;8118;;2;2;N-2;633,2;6;4;2;4;;1;1;1;;;999;4
6;3;15;8;8187;;1;1;B-124;3,2;6;4;1;999;;1;1;1;;;999;4
6;3;17;8;8156;;1;1;C-155;5,5;6;19;1;999;;1;1;1;;;999;4
6;4;5;8;8192;;1;1;BV-4511;3,9;6;3;1;999;;3;6;3;;;999;4
6;4;6;8;8029;;1;1;C-32;95,5;2;19;1;999;;4;2;3;;;999;4
6;4;5;8;8108;;1;1;C-155;14;6;1;2;2;;3;6;3;;;999;4
6;4;8;8;8181;;1;1;AP-7;125,6;2;4;1;999;;3;1;3;;;999;4
6;4;9;8;8140;;3;2;No inventariada;;14;3;2;2;;1;1;1;;;999;998
6;4;15;8;8124;;1;1;AP-7;140;2;3;1;999;;1;1;1;;;999;4
6;4;15;8;8019;;1;1;C-58;1;2;4;1;999;;3;1;1;;;999;4
6;4;17;8;8902;;1;1;BP-5002;12;6;9;2;4;;1;1;1;;;999;4
6;4;18;8;8270;;3;2;No inventariada;;14;9;1;999;;1;1;1;;;999;998
6;1;13;8;8101;;3;2;No inventariada;;14;4;1;999;;1;1;1;;;17;998
6;6;15;8;8015;;3;2;No inventariada;;14;9;1;999;;1;1;1;;;17;998
6;7;8;8;8101;;3;2;No inventariada;;14;9;1;999;;1;1;1;;;17;998
6;3;14;8;8101;;3;2;No inventariada;;14;4;2;;;1;1;1;;;17;998
6;4;17;8;8015;;3;2;No inventariada;;14;2;2;1;;1;1;1;;;17;998
6;4;2;8;8101;;3;2;No inventariada;;14;9;1;999;;3;5;3;;;17;998
6;2;15;8;8101;;3;2;No inventariada;;14;2;2;1;;1;1;1;;;17;998
6;2;21;8;8015;;3;2;No inventariada;;14;9;1;999;;1;2;1;;;17;998
6;5;15;8;8015;;3;2;No inventariada;;14;4;1;999;;1;1;1;;;17;998
6;3;18;8;8101;;3;2;No inventariada;;14;7;1;999;;1;1;1;;;17;998
6;3;10;8;8101;;3;2;No inventariada;;14;9;2;2;;1;1;1;;;17;998
6;4;14;8;8245;;3;2;No inventariada;;14;7;1;999;;3;1;3;;;17;998
2;2;21;8;8101;;3;2;No inventariada;;14;3;1;999;;1;2;1;;;17;998
6;6;11;8;8003;;1;1;BP-5002;3;6;2;2;2;;1;1;1;;;17;4
3;7;21;8;8101;;3;2;No inventariada;;14;4;1;999;;1;4;1;;;17;998
6;3;7;8;8200;;2;2;BV-2002;6,5;14;1;1;999;;1;1;1;;;17;4
6;6;12;8;8200;;3;2;No inventariada;;14;2;1;999;;1;1;1;;;17;998
6;1;15;8;8121;;3;2;No inventariada;;14;2;2;2;;1;1;1;;;17;998
6;4;11;8;8121;;3;2;No inventariada;;14;9;2;1;;3;1;3;;;17;998
6;2;13;8;8121;;3;2;No inventariada;;14;2;2;4;;1;1;1;;;17;998
6;5;17;8;8200;;3;2;No inventariada;;14;2;2;1;;1;1;1;;;17;998
6;5;20;8;8194;;3;2;No inventariada;;14;4;2;4;;1;1;1;;;17;998
6;2;11;8;0;;1;1;No inventariada;10;6;9;1;999;;1;1;1;;;999;4
6;4;6;8;8289;;1;1;BV-2005;3;6;3;1;999;;3;1;1;;;999;4
6;4;10;8;8245;;1;1;B-20;17,6;2;4;1;999;;1;4;1;;;999;4
6;5;7;8;8124;;1;1;C-59;0,5;6;4;2;;;1;1;1;;;999;4
6;5;7;8;8101;;1;1;C-31;198,1;3;4;1;999;;1;1;1;;;17;1
6;5;8;8;8054;;1;1;A-2;591,1;3;4;1;999;;1;1;1;;;999;4
6;5;8;8;8217;;1;1;A-2;607;3;4;1;999;;1;1;1;;;999;4
6;5;11;8;8181;;1;1;BV-5105;0,9;6;19;1;999;;1;1;1;;;17;1
6;5;13;8;8221;;1;1;BV-1468;11;6;2;1;999;;1;1;1;;;17;2
6;5;15;8;8307;;1;1;C-15z;2,7;6;4;2;4;;1;1;1;;;999;4
6;5;16;8;8217;;1;1;A-2;607,5;3;3;1;999;;1;1;1;;;999;4
6;5;15;8;0;;1;1;BP-5002;7,2;6;1;1;999;;1;1;1;;;999;4
6;5;19;8;8159;;1;1;C-33;89,4;2;20;1;999;;1;1;1;;;999;4
6;5;18;8;8101;;1;1;B-10;18,7;3;4;1;999;;1;1;1;;;999;4
6;5;19;8;0;;2;2;C-26;158,2;14;19;1;999;;1;1;1;;;999;4
6;5;23;8;8169;;1;1;A-2;610,4;3;3;1;999;;1;4;1;;;999;4
6;6;1;8;8010;;1;1;BV-4512;4,6;6;8;1;999;;1;6;1;;;999;4
6;4;13;8;8285;;3;2;No inventariada;;14;1;1;999;;3;1;1;;;17;998
6;5;7;8;8073;;3;2;No inventariada;;14;4;1;999;;1;1;1;;;17;998
4;3;21;8;8015;;3;2;No inventariada;;14;9;1;999;;1;5;1;;;17;998
5;5;15;8;8015;;3;2;No inventariada;;14;4;1;999;;1;1;1;;;17;998
6;4;15;8;8015;;2;2;B-500;0,9;14;2;2;1;;1;1;1;;;17;4
6;5;16;8;8015;;3;2;No inventariada;;14;9;1;999;;1;1;1;;;17;998
6;4;16;8;8015;;3;2;No inventariada;;14;7;2;1;;1;1;1;;;17;998
6;5;13;8;8106;;1;1;AP-7;119,8;2;4;1;999;;1;1;1;;;999;4
6;6;9;8;8161;;1;1;BV-2242;11,4;6;4;1;999;;1;1;1;;;17;1
6;6;12;8;8167;;1;1;C-155;2,3;6;4;1;999;;1;1;1;;;999;4
6;6;17;8;8157;;1;1;B-24;9,5;3;19;1;999;;1;1;1;;;999;4
6;6;22;8;0;;1;1;C-16;90,5;3;8;1;999;;1;6;1;;;999;4
6;6;22;8;8125;;1;1;C-58;3,5;2;3;1;999;;1;4;1;;;999;4
6;7;3;8;0;;1;1;No inventariada;2;6;6;1;999;;3;4;1;;;999;4
6;7;2;8;8113;;1;1;C-37;90,2;6;4;1;999;;1;6;1;;;999;4
6;6;22;8;8015;;3;2;No inventariada;;14;4;2;1;;1;4;1;;;17;998
6;6;14;8;8101;;3;2;No inventariada;;14;9;1;999;;1;1;1;;;17;998
1;6;22;8;8101;;3;2;No inventariada;;14;2;1;999;;1;4;1;;;17;998
3;5;14;8;8101;;3;2;No inventariada;;14;4;1;999;;1;1;1;;;17;998
2;7;13;8;8019;;3;2;No inventariada;;14;7;1;999;;1;1;1;1;;999;998
5;3;14;8;8101;;3;2;No inventariada;;14;2;2;1;;1;1;1;;;17;998
5;6;16;8;8101;;3;2;No inventariada;;14;2;1;999;;1;1;1;;;17;998
6;1;8;8;8101;;3;2;No inventariada;;14;9;1;999;;1;1;1;;;17;998
6;2;9;8;8101;;3;2;No inventariada;;14;9;2;1;;1;1;1;;;17;998
6;1;12;8;8101;;3;2;No inventariada;;14;2;1;999;;1;1;1;;;17;998
4;5;11;8;8101;;3;2;No inventariada;;14;9;1;999;;1;1;1;;;17;998
4;5;9;8;8101;;3;2;No inventariada;;14;2;2;1;;1;1;1;;;17;998
5;7;9;8;8101;;3;2;No inventariada;;14;2;2;1;;1;1;1;;;17;998
4;2;14;8;8101;;3;2;No inventariada;;14;9;2;1;;1;1;1;;;17;998
4;5;10;8;8101;;3;2;No inventariada;;14;2;1;999;;1;1;1;;;17;998
4;7;11;8;8101;;3;2;No inventariada;;14;2;2;1;;1;1;1;;;17;998
5;4;10;8;8040;;3;2;No inventariada;;14;3;1;999;;1;1;1;;;17;998
6;2;19;8;8040;;3;2;No inventariada;;14;4;1;999;;1;1;1;;;17;998
6;4;14;8;8040;;3;2;No inventariada;14;14;4;1;999;;1;1;1;;;17;998
5;7;12;8;8187;;3;2;No inventariada;;14;4;1;999;;1;1;1;;;17;998
6;3;19;8;8298;;3;2;No inventariada;;14;3;2;1;;1;1;1;;;1;998
6;6;9;8;8279;;3;2;No inventariada;;14;20;1;999;;1;1;1;;;17;998
6;5;9;8;8118;;1;1;N-2;632,4;6;3;1;999;;1;1;1;;;17;1
6;6;19;8;8126;;1;1;N-2;631,9;6;3;2;4;;1;1;1;;;999;4
6;7;7;8;0;;2;2;B-520;3,4;6;9;1;999;;8;1;1;;;999;4
6;7;7;8;8068;;1;1;B-24;6,3;3;6;1;999;;3;1;3;;;999;4
6;7;11;8;8086;;1;1;BV-1433;1;6;9;1;999;;1;1;1;;;999;4
6;7;17;8;8019;;1;1;C-33;78,5;6;4;1;999;;1;1;1;;;999;4
6;7;19;8;8125;;1;1;C-58;2,3;2;6;1;999;;1;1;1;;;999;4
6;1;0;8;8208;;1;1;B-224;25,5;6;4;2;4;;1;5;1;;;999;4
6;1;1;8;8285;;1;1;BV-5224;4,1;6;19;1;999;;1;6;1;;;999;4
6;3;18;8;8015;;3;2;No inventariada;;14;7;2;2;;1;1;1;;;17;998
6;2;18;8;8015;;3;2;No inventariada;;14;4;2;2;;1;1;1;;;17;998
5;7;13;8;8266;;3;2;No inventariada;;14;4;2;4;;1;1;1;;;17;998
5;4;10;8;8015;;3;2;No inventariada;;14;2;2;1;;1;1;1;;;17;998
5;1;9;8;8266;;3;2;No inventariada;;14;2;2;1;;1;1;1;;;17;998
5;5;14;8;8266;;3;2;No inventariada;;14;7;1;999;;1;1;1;;;17;998
5;5;21;8;8266;;3;2;No inventariada;;14;2;2;2;;1;2;1;;;17;998
5;7;9;8;8266;;3;2;No inventariada;;14;9;1;999;;8;1;1;;;1;998
5;2;15;8;8266;;3;2;No inventariada;;14;3;2;4;;1;1;1;;;17;998
6;2;10;8;8264;;1;1;C-32;107,5;2;20;1;999;;1;1;1;;;999;4
6;1;5;8;8043;;3;2;No inventariada;;14;19;2;2;;1;5;1;;;999;998
6;1;9;8;8248;;1;1;C-1415b;4,6;6;20;1;999;;1;1;1;;;17;4
6;1;12;8;8231;;1;1;C-32;28,3;2;19;2;;;1;1;1;;;17;4
6;1;14;8;0;;1;1;AP-7;98,4;2;3;1;999;;1;1;1;;;999;4
6;1;17;8;8161;;2;2;BV-2242;8,9;14;1;1;999;;1;1;1;;;999;4
6;7;21;8;8073;;3;2;No inventariada;;14;7;1;999;;1;2;1;;;17;998
6;5;14;8;8073;;3;2;No inventariada;;14;3;1;999;;1;1;1;;;17;998
6;7;13;8;8245;;3;2;No inventariada;;14;2;2;1;;1;1;1;;;17;998
6;3;21;8;8096;;3;2;No inventariada;;14;9;2;1;;1;5;1;;;17;998
6;4;15;8;8121;;3;2;No inventariada;;14;1;1;999;;1;1;1;;;17;998
4;3;12;8;8307;;3;2;No inventariada;;14;2;2;1;;1;1;1;;;17;998
5;4;14;8;8307;;3;2;No inventariada;;14;4;2;4;;1;1;1;;;17;998
5;3;11;8;8307;;3;2;No inventariada;;14;4;1;999;;1;1;1;;;17;998
6;5;14;8;8096;;3;2;No inventariada;;14;7;2;1;;1;1;1;;;17;998
6;3;15;8;8101;;3;2;No inventariada;;14;2;2;1;;1;1;1;;;17;998
4;3;19;8;8015;;3;2;No inventariada;;14;7;1;999;;1;1;1;;;17;998
6;2;8;8;8040;;3;2;No inventariada;;14;4;1;999;;1;1;1;;;17;998
6;5;15;8;8187;;3;2;No inventariada;;14;7;1;999;;1;1;1;;;1;998
5;6;8;8;8040;;3;2;No inventariada;0;14;20;1;999;;1;1;1;;;17;998
6;7;9;8;8015;;3;2;No inventariada;;14;2;2;2;;1;1;1;;;17;998
6;1;19;8;8187;;1;1;No inventariada;1,2;6;19;1;999;;1;1;1;;;999;4
6;4;8;8;8006;;1;1;C-61;1,4;6;19;1;999;;3;1;3;;;999;4
6;4;18;8;8194;;1;1;C-31;209,6;2;4;2;2;;1;1;1;;;999;4
6;5;16;8;8121;;1;1;No inventariada;1,5;6;4;1;999;;1;1;1;;;999;4
6;5;16;8;8284;;1;1;BV-5122;1,1;6;9;2;4;;8;1;1;;;999;4
6;1;12;8;8003;;1;1;C-32;85;2;4;1;999;;1;1;1;;;999;4
6;1;19;8;8281;;1;1;C-32;89;2;4;1;999;;1;1;1;;;999;4
6;1;20;8;8205;;1;1;BP-1417;10,2;6;19;1;999;;1;1;1;;;999;4
6;2;8;8;8138;;3;2;No inventariada;;14;7;2;2;;1;1;1;;;999;998
6;2;9;8;8138;;3;2;No inventariada;;14;4;1;999;;1;1;1;;;999;998
6;2;11;8;8101;;1;1;C-31;198,2;3;4;2;;;1;1;1;;;17;1
6;2;13;8;8305;;1;1;C-15;14,7;6;2;2;;;1;1;1;;;999;4
6;2;13;8;8114;;1;1;A-2;586,8;3;19;2;2;;1;1;1;;;999;4
6;2;14;8;0;;1;1;AP-7;161,8;2;3;1;999;;1;1;1;;;999;4
6;2;16;8;8181;;1;1;BV-5105;3,3;6;2;1;999;;1;1;1;;;17;4
6;2;9;8;8073;;3;2;No inventariada;;14;7;1;999;;1;1;1;;;17;998
6;5;20;8;8102;;3;2;No inventariada;;14;7;1;999;;1;1;1;;;17;998
6;1;8;8;8015;;3;2;No inventariada;;14;3;1;999;;1;1;1;;;17;998
6;4;15;8;8015;;3;2;No inventariada;;14;2;2;1;;1;1;1;;;17;998
5;3;20;8;8213;;2;2;BV-4501;3,6;14;4;1;999;;1;1;1;;;17;4
6;7;15;8;8015;;3;2;No inventariada;;14;1;2;2;;1;1;1;;;17;998
6;5;14;8;8015;;3;2;No inventariada;;14;2;2;1;;1;1;1;;;17;998
6;2;0;8;8245;;3;2;No inventariada;;14;9;1;999;;1;4;1;;;17;998
6;6;21;8;8015;;3;2;No inventariada;;14;9;2;2;;1;2;1;;;17;998
6;3;19;8;8015;;3;2;No inventariada;;14;3;1;999;;3;2;3;;;17;998
5;4;20;8;8307;;3;2;No inventariada;;14;2;2;2;;1;1;1;;;17;998
6;7;11;8;8307;;3;2;No inventariada;;14;3;2;1;;1;1;1;;;17;998
6;2;23;8;8245;;2;2;BV-5001;0,9;14;3;2;4;;1;4;1;;;17;4
3;5;9;8;8279;;3;2;No inventariada;;14;2;2;4;;1;1;1;;;17;998
3;7;6;8;8279;;3;2;No inventariada;;14;9;1;999;;1;4;1;;;17;998
3;1;12;8;8279;;3;2;No inventariada;;14;4;1;999;;1;1;1;;;17;998
6;1;15;8;8245;;3;2;No inventariada;;14;3;1;999;;1;1;1;;;17;998
3;2;8;8;8279;;3;2;No inventariada;;14;2;2;1;;1;1;1;;;17;998
3;2;15;8;8279;;3;2;No inventariada;;14;2;2;1;;1;1;1;;;17;998
6;2;21;8;8096;;3;2;No inventariada;;14;2;2;1;;3;5;3;;;17;998
3;2;8;8;8279;;3;2;No inventariada;;14;9;1;999;;1;1;1;;;17;998
6;5;14;8;8096;;3;2;No inventariada;;14;9;2;1;;1;1;1;;;17;998
3;2;14;8;8279;;3;2;No inventariada;;14;2;1;999;;1;1;1;;;17;998
3;3;8;8;8279;;3;2;No inventariada;;14;7;1;999;;1;1;1;;;17;998
3;3;8;8;8279;;3;2;No inventariada;;14;9;1;999;;1;1;1;;;17;998
3;3;10;8;8279;;3;2;No inventariada;;14;4;1;999;;1;1;1;;;17;998
6;6;3;8;8169;;3;2;No inventariada;;14;9;1;999;;1;4;1;;;17;998
6;7;7;8;8015;;3;2;No inventariada;;14;9;1;999;;1;1;1;;;17;998
1;4;14;8;8159;;3;2;No inventariada;;14;4;2;2;;1;1;1;;;17;998
6;1;22;8;8301;;3;2;No inventariada;;14;7;1;999;;1;4;1;;;1;998
6;3;18;8;8107;;2;2;BV-1602;7,8;14;9;1;999;;1;1;3;;;1;4
6;4;6;8;8169;;3;2;No inventariada;;14;3;2;1;;1;1;1;;;1;998
1;4;18;8;8159;;3;2;No inventariada;;14;1;2;4;;1;1;1;;;17;998
6;2;8;8;8101;;1;1;C-31;197,5;3;4;1;999;;1;1;1;;;999;4
6;2;15;8;8126;;1;1;B-20;24,4;2;19;1;999;;1;4;1;;;999;4
6;2;18;8;8205;;1;1;AP-7;154;2;3;1;999;;1;1;1;;;999;4
6;3;5;8;8124;;1;1;C-17;11,1;3;4;1;999;;1;6;1;;;999;4
6;3;12;8;8169;;1;1;C-31;194,3;3;4;1;999;;1;1;1;;;999;4
6;3;14;8;8159;;1;1;C-17;14;3;4;1;999;;1;1;1;;;999;4
6;3;17;8;8300;;1;1;C-58;24,5;6;9;2;4;;1;1;1;;;999;4
6;3;18;8;8307;;1;1;C-246a;46,3;6;3;2;2;;1;1;1;;;999;4
6;3;18;8;8305;;1;1;AP-7;194,5;2;3;1;999;;1;1;1;;;999;4
6;4;1;8;8301;;3;2;No inventariada;;14;19;1;999;;1;4;1;;;999;998
6;3;14;8;8003;;3;2;No inventariada;;14;6;1;999;;1;1;1;;;17;998
6;5;11;8;8003;;3;2;No inventariada;;14;2;2;2;;1;1;1;;;17;998
3;3;17;8;8279;;3;2;No inventariada;;14;4;2;4;;1;1;1;;;17;998
6;2;23;8;8121;;3;2;No inventariada;;14;9;1;999;;1;4;1;;;17;998
3;3;20;8;8279;;1;1;N-150;19,7;14;4;2;2;;1;5;1;;;17;4