MES;DIA_SEMANA;HORA;COD_PROVINCIA;COD_MUNICIPIO;ISLA;ZONA;ZONA_AGRUPADA;CARRETERA;KM;TIPO_VIA;TIPO_ACCIDENTE;NUDO;NUDO_INFO;CARRETERA_CRUCE;CONDICION_FIRME;CONDICION_ILUMINACION;CONDICION_METEO;CONDICION_NIEBLA;CONDICION_VIENTO;VISIB_RESTRINGIDA_POR;TRAZADO_PLANTA
6;2;13;8;8096;;3;2;No inventariada;;14;4;2;2;;1;1;1;;;17;998
3;3;11;8;8279;;3;2;No inventariada;;14;9;1;999;;1;1;1;;;17;998
3;4;12;8;8279;;3;2;No inventariada;;14;2;1;999;;1;1;1;;;17;998
6;2;18;8;8245;;2;2;BV-5001;3,9;14;9;1;999;;1;1;1;;;17;4
6;3;14;8;8102;;3;2;No inventariada;;14;2;2;1;;1;1;1;;;17;998
3;4;10;8;8279;;3;2;No inventariada;;14;19;2;4;;1;1;1;;;17;998
3;5;6;8;8279;;3;2;No inventariada;;14;6;2;4;;1;4;1;;;17;998
3;5;9;8;8279;;3;2;No inventariada;;14;9;2;2;;1;1;1;;;17;998
6;3;17;8;8245;;3;2;No inventariada;;14;9;1;999;;1;1;1;;;17;998
3;5;17;8;8279;;3;2;No inventariada;;14;2;2;1;;1;1;1;;;17;998
3;2;12;8;8279;;3;2;No inventariada;;14;2;2;1;;1;1;1;;;17;998
3;3;18;8;8279;;3;2;No inventariada;;14;2;2;2;;1;1;1;;;17;998
3;4;8;8;8279;;2;2;BV-1221;0,6;14;2;2;4;;1;1;1;;;17;4
3;5;5;8;8279;;2;2;B-122;0,6;14;1;1;999;;1;4;1;;;17;4
6;6;17;8;8121;;3;2;No inventariada;;14;9;1;999;;1;1;1;;;17;998
3;4;13;8;8279;;3;2;No inventariada;;14;7;2;1;;1;1;1;;;17;998
5;7;8;8;8266;;3;2;No inventariada;;14;6;1;999;;1;1;1;;;17;998
3;5;23;8;8279;;3;2;No inventariada;;14;19;1;999;;1;4;1;;;17;998
3;1;10;8;8279;;3;2;No inventariada;;14;2;2;1;;3;1;3;;;17;998
3;3;18;8;8279;;3;2;No inventariada;;14;7;1;999;;1;1;1;;;17;998
5;7;11;8;8266;;3;2;No inventariada;;14;6;1;999;;1;1;1;;;17;998
3;3;14;8;8279;;3;2;No inventariada;;14;2;2;2;;1;1;1;;;17;998
6;7;11;8;8200;;3;2;No inventariada;;14;9;1;999;;1;1;1;;;17;998
3;4;11;8;8279;;3;2;No inventariada;;14;7;2;1;;1;1;1;;;17;998
3;5;14;8;8279;;3;2;No inventariada;;14;7;1;999;;1;1;1;;;17;998
5;7;14;8;8266;;3;2;No inventariada;;14;2;2;1;;1;1;1;;;17;998
3;6;11;8;8279;;3;2;No inventariada;;14;7;2;2;;1;1;1;;;17;998
3;6;15;8;8279;;3;2;No inventariada;;14;4;1;999;;1;1;1;;;17;998
5;1;14;8;8266;;3;2;No inventariada;;14;4;2;4;;1;1;1;;;17;998
4;2;14;8;8279;;3;2;No inventariada;;14;4;1;999;;1;1;1;;;17;998
4;4;10;8;8279;;3;2;No inventariada;;14;19;2;1;;1;1;1;;;17;998
4;5;14;8;8279;;3;2;No inventariada;;14;7;2;1;;1;1;1;;;17;998
4;5;21;8;8279;;3;2;No inventariada;;14;2;2;1;;1;4;1;;;17;998
4;5;18;8;8279;;3;2;No inventariada;;14;3;2;1;;1;1;1;;;17;998
6;2;12;8;8298;;3;2;No inventariada;;14;2;2;4;;1;1;1;;;17;998
2;1;13;8;8159;;3;2;No inventariada;;14;3;2;1;;1;1;1;;;1;998
2;3;17;8;8159;;3;2;No inventariada;;14;7;1;999;;1;1;1;;;17;998
3;3;16;8;8159;;3;2;No inventariada;;14;9;2;2;;1;1;1;;;17;998
4;4;18;8;8159;;3;2;No inventariada;;14;4;1;999;;1;1;1;;;17;998
5;1;8;8;0;;3;2;No inventariada;;14;19;1;999;;1;1;1;;;17;998
6;1;6;8;8200;;3;2;No inventariada;;14;3;1;999;;1;1;1;;;17;998
6;7;1;8;8056;;3;2;No inventariada;;14;3;2;1;;1;4;1;;;1;998
6;5;17;8;8187;;3;2;No inventariada;;14;20;1;999;;1;1;1;;;17;998
4;4;10;8;8159;;3;2;No inventariada;;14;7;2;1;;1;1;1;;;17;998
6;3;8;8;8107;;1;1;C-17;20,1;3;4;1;999;;1;1;1;;;999;4
6;3;18;8;8077;;1;1;C-32;62,5;3;3;1;999;;1;1;1;;;999;4
6;3;9;8;8194;;1;1;B-10;2,5;3;3;1;999;;1;1;1;;;999;4
6;4;6;8;8260;;1;1;AP-7;143,3;2;4;1;999;;1;1;1;;;999;4
6;4;8;8;0;;2;2;B-520;3,4;6;9;1;999;;1;1;1;;;999;4
6;4;11;8;8101;;1;1;C-31;197,6;3;4;1;999;;1;1;1;;;999;4
6;4;13;8;0;;1;1;BV-2111;10,5;6;19;1;999;;1;1;1;;;999;4
6;4;13;8;8270;;1;1;C-32;34;2;6;1;999;;1;1;1;;;999;4
6;4;13;8;0;;1;1;BV-4031;1,6;6;9;1;999;;1;1;1;;;999;4
6;4;14;8;0;;1;1;B-420;1;6;19;1;999;;1;1;1;;;999;4
6;4;16;8;8101;;1;1;C-31;197;3;9;1;999;;1;1;1;;;999;4
6;4;15;8;8015;;1;1;C-31;210,2;2;6;1;999;;1;1;1;;;999;4
6;4;17;8;8252;;1;1;AP-7;147;2;4;1;999;;1;1;1;;;999;4
6;4;19;8;0;;1;1;BV-1212;6,4;6;19;1;999;;1;1;1;;;999;4
6;4;19;8;8147;;1;1;C-55;3;6;4;2;;;1;1;1;;;17;1
6;4;22;8;8124;;1;1;C-17;13,4;3;4;2;;;1;5;1;;;999;4
6;4;23;8;0;;3;2;No inventariada;;14;19;1;999;;1;1;1;;;17;998
6;5;0;8;8091;;1;1;AP-7;176;2;8;1;999;;1;6;1;;;999;4
6;5;0;8;8046;;1;1;C-251;5,9;6;9;2;4;;1;4;1;;;17;2
6;3;15;8;8121;;3;2;No inventariada;;14;2;2;4;;1;1;1;;;17;998
4;1;17;8;8279;;3;2;No inventariada;;14;2;2;1;;1;1;1;;;17;998
4;2;20;8;8279;;3;2;No inventariada;;14;7;1;999;;1;1;1;;;17;998
6;3;18;8;8089;;3;2;No inventariada;;14;2;2;4;;1;1;1;;;17;998
6;5;22;8;8121;;3;2;No inventariada;;14;2;2;1;;1;4;1;;;17;998
4;3;7;8;8279;;1;1;N-150;19,5;14;4;1;999;;1;1;1;;;17;4
6;4;17;8;8102;;3;2;No inventariada;;14;7;1;999;;1;1;1;;;17;998
6;3;7;8;8089;;3;2;No inventariada;;14;7;2;1;;1;1;1;;;17;998
4;3;14;8;8279;;3;2;No inventariada;;14;9;2;1;;1;1;1;;;17;998
4;3;17;8;8279;;3;2;No inventariada;;14;19;1;999;;1;1;1;;;17;998
4;5;9;8;8279;;3;2;No inventariada;;14;2;2;4;;1;1;1;;;17;998
4;5;11;8;8279;;3;2;No inventariada;;14;2;2;1;;1;1;1;;;17;998
4;6;18;8;8279;;1;1;N-150;19;14;4;1;999;;1;1;1;;;17;4
4;6;21;8;8279;;3;2;No inventariada;;14;9;2;1;;1;4;1;;;17;998
4;7;14;8;8279;;3;2;No inventariada;;14;2;2;2;;1;1;1;;;17;998
6;7;17;8;8121;;3;2;No inventariada;;14;4;2;4;;1;1;1;;;17;998
6;4;13;8;8200;;3;2;No inventariada;;14;9;2;1;;3;1;1;;;17;998
4;7;17;8;8279;;3;2;No inventariada;;14;3;2;;;1;1;1;;;17;998
4;1;14;8;8279;;3;2;No inventariada;;14;7;1;999;;1;1;1;;;17;998
6;2;17;8;8200;;3;2;No inventariada;;14;9;1;999;;3;1;3;;;17;998
6;6;18;8;8200;;3;2;No inventariada;;14;4;1;999;;1;1;1;;;17;998
6;2;10;8;8298;;3;2;No inventariada;;14;7;2;1;;1;1;1;;;17;998
6;7;11;8;8307;;3;2;No inventariada;;14;2;2;1;;1;1;1;;;17;998
6;7;11;8;8298;;3;2;No inventariada;;14;7;2;1;;1;1;1;;;17;998
6;2;19;8;8169;;3;2;No inventariada;;14;3;1;999;;1;1;1;;;17;998
5;2;20;8;8200;;3;2;No inventariada;;14;7;1;999;;1;1;1;;;17;998
6;4;16;8;8001;;1;1;A-2;583,5;3;4;1;999;;1;1;1;;;999;4
6;6;1;8;0;;1;1;No inventariada;20;6;19;1;999;;1;4;1;;;999;4
6;6;2;8;8295;;1;1;B-24;3,5;6;6;1;999;;1;4;1;;;999;4
6;1;10;8;8181;;1;1;C-35;41;6;9;1;999;;8;1;1;;;999;4
6;3;12;8;8015;;1;1;C-31;211,5;2;4;1;999;;1;1;1;;;999;4
6;3;18;8;0;;1;1;C-32;127,5;2;9;1;999;;1;1;1;;;999;4
6;5;6;8;0;;3;2;No inventariada;;14;19;1;999;;1;2;1;;;999;998
6;5;10;8;8091;;1;1;BV-2249;0,8;6;1;1;999;;1;1;1;;;999;4
6;4;16;8;0;;1;1;AP-7;179;2;6;1;999;;1;1;1;;;999;4
6;5;13;8;8187;;1;1;BV-1248;5,4;6;1;1;999;;1;1;1;;;999;4
6;5;15;8;8101;;1;1;No inventariada;195,5;6;3;2;;B-10;1;1;1;;;999;4
6;5;7;8;0;;1;1;AP-7;172,2;2;4;1;999;;1;1;1;;;17;2
6;5;18;8;0;;1;1;BV-2115;7,9;6;9;1;999;;1;1;1;;;17;2
6;5;19;8;8217;;1;1;A-2;608;3;3;1;999;;1;1;1;;;999;4
6;5;18;8;8089;;1;1;BV-2041;4,7;6;3;2;1;;1;1;1;;;17;1
6;5;17;8;0;;1;1;A-2;573,3;3;4;1;999;;1;1;1;;;17;1
6;5;23;8;8125;;1;1;C-58;3,5;2;4;1;999;;1;4;1;;;17;2
6;5;13;8;8073;;3;2;No inventariada;;14;3;1;999;;1;1;1;;;17;998
6;6;13;8;8015;;3;2;No inventariada;;14;7;2;2;;1;1;1;;;17;998
6;4;17;8;8298;;3;2;No inventariada;;14;2;2;1;;1;1;1;;;17;998
6;3;9;8;8101;;3;2;No inventariada;;14;4;2;1;;1;1;1;;;17;998
6;3;12;8;8101;;3;2;No inventariada;;14;2;2;1;;1;1;1;;;17;998
6;5;19;8;8101;;3;2;No inventariada;;14;2;1;999;;1;1;1;;;17;998
6;5;10;8;8101;;3;2;No inventariada;;14;9;1;999;;1;1;1;;;17;998
6;4;12;8;8101;;3;2;No inventariada;;14;2;1;999;;1;1;1;;;17;998
6;2;13;8;8101;;3;2;No inventariada;;14;9;1;999;;1;1;1;;;17;998
6;5;7;8;8101;;3;2;No inventariada;;14;19;2;1;;1;1;1;;;17;998
5;3;19;8;8015;;3;2;No inventariada;;14;7;2;1;;1;1;1;;;17;998
6;7;5;8;8101;;3;2;No inventariada;;14;4;1;999;;1;1;1;;;17;998
6;1;8;8;8101;;3;2;No inventariada;;14;3;2;1;;1;1;1;;;17;998
6;3;17;8;8101;;3;2;No inventariada;;14;2;1;999;;1;1;1;;;17;998
6;1;12;8;8101;;3;2;No inventariada;;14;2;2;1;;1;1;1;;;17;998
4;5;12;8;8101;;3;2;No inventariada;;14;2;2;1;;1;1;1;;;17;998
5;5;11;8;8101;;3;2;No inventariada;;14;9;1;999;;1;1;1;;;17;998
6;7;13;8;8101;;3;2;No inventariada;;14;9;1;999;;1;1;1;;;17;998
6;5;8;8;8101;;3;2;No inventariada;;14;9;2;1;;1;1;1;;;17;998
5;4;8;8;8101;;3;2;No inventariada;;14;2;1;999;;1;1;1;;;17;998
4;2;11;8;8101;;3;2;No inventariada;;14;2;1;999;;1;1;1;;;17;998
6;5;10;8;8300;;1;1;C-16;24,4;2;3;1;999;;1;1;1;;;999;4
6;5;14;8;8260;;1;1;AP-7;145,5;2;3;1;999;;1;1;1;;;999;4
6;5;10;8;8005;;1;1;C-17;25,1;3;4;1;999;;1;1;1;;;999;4
6;5;20;8;8126;;1;1;C-31;216;2;9;1;999;;1;1;1;;;999;4
6;6;11;8;8187;;1;1;No inventariada;1,8;6;19;1;999;;3;1;4;;;999;4
6;6;12;8;0;;1;1;C-16;39,2;2;19;1;999;;3;1;1;;;999;4
6;6;12;8;8205;;1;1;B-30;1,6;2;9;2;;;3;1;4;;;999;4
6;6;19;8;0;;1;1;B-122;19,3;6;19;1;999;;1;1;1;;;999;4
6;6;21;8;0;;1;1;BV-4608;8,8;6;1;1;999;;1;2;1;;;999;4
6;6;23;8;8124;;1;1;No inventariada;62;6;4;2;4;;1;4;1;;;999;4
6;5;12;8;8015;;3;2;No inventariada;;14;2;2;2;;1;1;1;;;17;998
6;3;20;8;8298;;3;2;No inventariada;;14;6;1;999;;1;1;1;;;17;998
6;5;15;8;8298;;3;2;No inventariada;;14;3;2;4;;1;1;1;;;17;998
6;4;16;8;8101;;3;2;No inventariada;;14;9;1;999;;1;1;1;;;17;998
5;3;3;8;8101;;3;2;No inventariada;;14;3;1;999;;1;1;1;;;17;998
5;6;19;8;8015;;3;2;No inventariada;;14;2;2;1;;1;1;1;;;17;998
5;1;23;8;8279;;3;2;No inventariada;;14;19;2;1;;1;4;1;;;1;998
5;1;17;8;8217;;3;2;No inventariada;;14;20;1;999;;1;1;1;;;17;998
5;2;20;8;8200;;3;2;No inventariada;;14;20;1;999;;1;1;1;;;17;998
6;3;9;8;8040;;3;2;No inventariada;;14;3;1;999;;1;1;1;;;17;998
6;7;19;8;8040;;2;2;N-2;659,8;14;3;1;999;;1;1;1;;;1;4
6;1;6;8;8056;;2;2;C-246;20;14;4;2;2;;1;2;1;;;1;4
6;1;19;8;8284;;3;2;No inventariada;;14;20;1;999;;1;1;1;;;17;998
6;5;18;8;8252;;3;2;No inventariada;;14;4;1;999;;1;1;1;;;17;998
6;4;18;8;8282;;1;1;B-20;23,5;2;6;1;999;;1;1;1;;;999;4
6;5;22;8;8105;;1;1;C-17;8,3;3;4;1;999;;1;6;1;;;17;1
6;7;4;8;8279;;1;1;C-58;17,2;2;6;1;999;;1;6;1;;;999;4
6;7;4;8;8157;;1;1;B-24;10,5;3;6;2;;;1;5;1;;;17;3
6;7;9;8;8307;;1;1;C-15;0;3;9;1;999;;1;1;1;;;999;4
6;7;10;8;8279;;1;1;No inventariada;19,7;6;4;1;999;;1;1;1;;;999;4
6;7;10;8;8262;;3;2;No inventariada;;14;20;1;999;;1;1;1;;;17;998
6;7;17;8;0;;1;1;AP-7;186,5;2;4;1;999;;1;1;1;;;999;4
6;7;18;8;0;;1;1;C-37;72,6;6;3;1;999;;1;1;1;;;999;4
6;4;13;8;8121;;3;2;No inventariada;;14;9;1;999;;1;1;1;;;17;998
6;7;17;8;8015;;2;2;No inventariada;213,2;14;4;1;999;;1;1;1;;;17;4
6;5;19;8;8096;;3;2;No inventariada;;14;9;1;999;;1;1;1;;;17;998
6;4;21;8;8096;;3;2;No inventariada;;14;2;2;1;;1;5;1;;;17;998
6;5;1;8;8096;;3;2;No inventariada;;14;6;1;999;;1;5;1;;;17;998
6;4;8;8;8096;;3;2;No inventariada;;14;4;2;1;;1;1;1;;;17;998
6;5;23;8;8245;;3;2;No inventariada;;14;9;1;999;;3;4;1;;;17;998
6;5;15;8;8121;;3;2;No inventariada;;14;7;1;999;;1;1;1;;;17;998
5;1;9;8;8015;;3;2;No inventariada;;14;9;1;999;;1;1;1;;;17;998
5;6;14;8;8015;;3;2;No inventariada;;14;4;1;999;;1;1;1;;;17;998
7;1;17;8;8015;;3;2;No inventariada;;14;9;1;999;;1;1;1;;;17;998
6;6;17;8;8015;;3;2;No inventariada;;14;2;2;1;;1;1;1;;;17;998
7;1;1;8;8194;;3;2;No inventariada;;14;2;2;1;;1;4;1;;;17;998
6;2;11;8;8006;;3;2;No inventariada;;14;7;1;999;;1;1;1;;;17;998
6;5;9;8;8172;;2;2;N-2;638;6;2;2;2;;1;1;1;;;999;4
6;5;14;8;0;;2;2;C-26;157,9;6;4;1;999;;1;1;1;;;999;4
6;4;4;8;8054;;1;1;A-2;591,5;3;3;1;999;;3;4;4;;;999;4
6;5;14;8;8114;;1;1;AP-7;171;2;4;1;999;;1;1;1;;;999;4
6;5;15;8;8073;;1;1;A-2;609;3;9;2;4;;8;1;1;;;999;4
6;1;2;8;0;;3;2;No inventariada;;14;9;2;2;;1;6;1;;;999;998
6;3;13;8;8009;;1;1;C-32;99,4;2;4;1;999;;1;1;1;;;999;4
6;7;10;8;0;;1;1;BV-1123;10;6;20;1;999;;1;1;1;;;17;4
7;1;5;8;0;;1;1;B-212;8,5;6;19;1;999;;1;6;1;;;999;4
7;1;7;8;8211;;1;1;A-2;605,5;3;3;1;999;;1;1;1;;;999;4
7;1;7;8;8180;;1;1;C-58;5,8;2;4;1;999;;1;1;1;;;999;4
7;1;8;8;0;;1;1;B-23;13,4;2;9;1;999;;3;1;4;;;999;4
7;1;8;8;8194;;1;1;B-10;4,5;3;4;1;999;;3;1;4;;;999;4
7;1;8;8;8270;;1;1;C-31;169,6;6;6;1;999;;3;1;3;;;999;4
7;1;9;8;8124;;1;1;C-17;10,6;3;19;1;999;;3;1;3;;;999;4
6;7;13;8;0;;1;1;C-37;75,5;6;1;1;999;;1;1;1;;;4;2
7;1;11;8;8009;;1;1;C-32;97,8;2;19;1;999;;3;1;4;;;999;4
7;1;12;8;8161;;1;1;BV-2241;8;6;19;1;999;;3;1;3;;;999;4
7;1;12;8;0;;1;1;No inventariada;10,5;6;19;1;999;;3;1;3;;;999;4
7;1;15;8;8205;;1;1;BP-1417;8,9;6;3;1;999;;3;1;3;;;999;4
7;1;15;8;8113;;1;1;C-25;134,8;3;19;1;999;;1;1;1;;;999;4
7;1;21;8;8089;;1;1;C-31;186;3;6;1;999;;1;4;1;;;999;4
7;1;20;8;8307;;1;1;C-31;155;6;4;2;;;1;1;1;;;999;4
7;1;22;8;0;;3;2;No inventariada;;14;2;1;999;;1;4;1;;;999;998
6;4;8;8;8073;;3;2;No inventariada;;14;2;2;1;;1;1;1;;;17;998
6;6;19;8;8003;;1;1;BP-5002;1,6;6;2;2;2;;1;1;1;;;17;4
6;2;7;8;8101;;3;2;No inventariada;;14;4;1;999;;1;1;1;;;17;998
6;7;14;8;8015;;3;2;No inventariada;;14;2;2;1;;1;1;1;;;17;998
6;2;19;8;8089;;3;2;No inventariada;;14;2;1;999;;1;1;1;;;17;998
6;2;14;8;8089;;3;2;No inventariada;;14;2;2;1;;1;1;1;;;17;998
6;6;8;8;8089;;3;2;No inventariada;;14;2;2;4;;1;1;1;;;17;998
5;1;8;8;8089;;3;2;No inventariada;;14;9;1;999;;1;1;1;;;17;998
6;2;17;8;8114;;3;2;No inventariada;;14;4;2;4;;1;1;1;;;17;998
5;1;13;8;8089;;3;2;No inventariada;;14;7;2;1;;1;1;1;;;17;998
7;1;13;8;8298;;3;2;No inventariada;;14;7;2;4;;1;1;1;;;17;998
5;1;18;8;8089;;3;2;No inventariada;;14;7;2;2;;1;1;1;;;17;998
5;6;23;8;8096;;3;2;No inventariada;;14;7;1;999;;1;5;1;;;17;998
6;7;16;8;8089;;3;2;No inventariada;;14;2;1;999;;1;1;1;;;17;998
7;1;12;8;8298;;3;2;No inventariada;;14;2;1;999;;1;1;1;;;17;998
6;2;5;8;8089;;3;2;No inventariada;;14;18;1;999;;1;4;1;;;17;998
7;2;14;8;8015;;3;2;No inventariada;;14;2;2;2;;1;1;1;;;17;998
4;3;21;8;8015;;3;2;No inventariada;;14;9;2;1;;1;1;1;;;17;998
6;5;21;8;8123;;1;1;B-23;9;2;3;1;999;;1;2;1;;;999;4
6;5;12;8;8172;;2;2;N-2;638,5;6;9;2;4;;8;1;1;;;999;4
6;5;18;8;8015;;1;1;BV-5011;6;6;19;1;999;;1;1;1;;;999;4
6;6;18;8;8194;;1;1;B-10;4,1;3;9;1;999;;1;1;1;;;999;4
7;1;11;8;8167;;1;1;C-155;4,5;6;9;1;999;;3;1;3;;;999;4
7;1;9;8;0;;1;1;C-1412a;42,8;6;19;1;999;;3;1;3;;;999;4
7;2;6;8;8074;;2;2;C-31;147,3;6;2;2;4;;1;1;1;;;999;4
7;2;7;8;8015;;1;1;C-31;213,6;2;4;1;999;;1;1;1;;;999;4
7;2;14;8;0;;1;1;BV-2411;23,4;6;19;1;999;;1;1;1;;;999;4
7;2;18;8;8205;;1;1;BP-1417;6,9;6;8;1;999;;1;1;1;;;999;4
7;2;21;8;0;;1;1;C-16z;66,4;6;2;2;2;;1;2;1;;;999;4
7;2;22;8;8248;;1;1;BV-1435;12;6;8;1;999;;1;6;1;;;999;4
7;3;1;8;0;;1;1;N-141a;16,5;6;19;1;999;;1;6;4;;;999;4
6;3;9;8;8101;;3;2;No inventariada;;14;4;1;999;;1;1;1;;;17;998
7;2;13;8;8015;;3;2;No inventariada;;14;7;1;999;;1;1;1;;;17;998
5;1;17;8;8217;;3;2;No inventariada;;14;1;2;1;;1;1;1;;;17;998
6;2;14;8;8217;;2;2;No inventariada;;14;4;1;999;;1;1;1;;;17;4
6;6;14;8;8217;;3;2;No inventariada;;14;9;2;4;;8;1;1;;;17;998
6;5;19;8;8089;;3;2;No inventariada;;14;2;2;2;;1;1;1;;;17;998
7;1;20;8;8245;;2;2;No inventariada;;14;3;2;1;;1;1;1;;;17;4
6;6;21;8;8298;;3;2;No inventariada;;14;2;2;1;;1;4;1;;;17;998
7;2;15;8;8298;;3;2;No inventariada;;14;2;2;4;;1;1;1;;;17;998
6;1;11;8;8112;;3;2;No inventariada;;14;2;2;4;;1;1;1;;;17;998
6;3;19;8;8301;;3;2;No inventariada;;14;3;1;999;;1;1;1;;;1;998
6;2;8;8;8301;;3;2;No inventariada;;14;2;2;4;;1;1;1;;;17;998
6;6;18;8;8125;;1;1;BV-5011;6,5;6;9;1;999;;1;1;1;;;999;4
6;4;18;8;8009;;1;1;C-60;0,9;2;4;2;;;1;1;1;;;999;4
6;7;9;8;8235;;1;1;N-2;662,9;6;2;2;2;;1;1;1;;;999;4
7;2;9;8;8205;;1;1;C-16;7;2;3;1;999;;1;1;1;;;17;1
7;3;7;8;8125;;1;1;C-58;3,2;2;3;1;999;;1;1;1;;;999;4
7;3;7;8;8274;;1;1;C-55;44,6;6;3;1;999;;1;1;1;;;999;4
7;3;6;8;0;;1;1;C-15;41,9;6;3;1;999;;1;1;1;;;999;4
7;3;9;8;8260;;1;1;B-140;4,8;6;4;1;999;;1;1;1;;;999;4
7;3;10;8;0;;2;2;C-1411a;13;14;19;1;999;;1;1;1;;;999;4
7;3;10;8;8051;;1;1;B-124;12,5;6;19;1;999;;1;1;1;;;999;4
7;3;12;8;0;;1;1;BV-2411;16,9;6;19;1;999;;1;1;1;;;999;4
7;3;13;8;8033;;1;1;C-59;10,5;6;4;1;999;;1;1;1;;;999;4
7;3;14;8;8221;;1;1;B-23;2,8;2;3;1;999;;1;1;1;;;999;4
7;3;15;8;8033;;2;2;C-1415b;3,2;6;20;1;999;;1;1;1;;;999;4
7;3;15;8;8217;;1;1;A-2;606;3;4;2;4;;1;1;1;;;999;4
7;3;16;8;0;;1;1;BV-4316;9,5;6;19;1;999;;1;1;1;;;999;4
7;3;18;8;0;;1;1;C-153;25,9;6;19;1;999;;1;1;1;;;999;4
7;3;20;8;8181;;1;1;C-1415c;13,1;6;9;1;999;;1;1;1;;;999;4
7;3;21;8;8157;;1;1;A-2;599;3;9;1;999;;1;2;1;;;999;4
7;3;21;8;8019;;1;1;BV-1468;8,9;6;6;1;999;;1;6;1;;;999;4
7;1;12;8;8101;;3;2;No inventariada;;14;2;2;1;;3;1;4;;;17;998
6;3;19;8;8101;;3;2;No inventariada;;14;4;1;999;;1;2;1;;;1;998
6;5;15;8;8169;;3;2;No inventariada;;14;4;1;999;;1;1;1;;;17;998
6;7;11;8;8307;;3;2;No inventariada;;14;2;2;1;;1;1;1;;;17;998
6;5;19;8;8089;;3;2;No inventariada;;14;2;2;2;;1;1;1;;;17;998
6;1;18;8;8307;;3;2;No inventariada;;14;4;1;999;;1;1;1;;;17;998
6;5;20;8;8089;;3;2;No inventariada;;14;2;2;2;;1;1;1;;;17;998
7;2;8;8;8245;;3;2;No inventariada;;14;7;2;1;;1;1;1;;;17;998
6;1;22;8;8035;;3;2;No inventariada;;14;1;2;2;;1;4;1;;;17;998
7;3;20;8;8245;;3;2;No inventariada;;14;7;1;999;;1;1;1;;;17;998
7;4;8;8;8217;;3;2;No inventariada;;14;6;1;999;;1;1;1;;;17;998
6;1;18;8;8101;;3;2;No inventariada;;14;2;1;999;;1;1;1;;;17;998
7;4;17;8;8015;;3;2;No inventariada;;14;2;2;2;;1;1;1;;;17;998
6;4;13;8;8015;;3;2;No inventariada;;14;3;1;999;;1;1;1;;;17;998
5;6;18;8;8112;;3;2;No inventariada;;14;2;2;1;;1;1;1;;;17;998
6;2;20;8;8301;;3;2;No inventariada;;14;7;1;999;;1;1;1;;;17;998
6;4;13;8;8231;;3;2;No inventariada;;14;9;2;4;;1;1;1;;;17;998
6;2;15;8;8107;;1;1;No inventariada;8,6;6;1;1;999;;1;1;1;;;999;4
6;5;22;8;0;;1;1;BP-2151;14,9;6;4;1;999;;1;6;1;;;999;4
7;3;9;8;8121;;1;1;C-32;104,5;2;19;1;999;;1;1;1;;;999;4
7;3;13;8;8126;;1;1;N-2;631,8;6;2;1;999;;1;1;1;;;999;4
7;4;5;8;8089;;1;1;B-210;2,5;6;2;1;999;;1;1;1;;;999;4
7;4;10;8;0;;1;1;AP-7;173,6;2;4;1;999;;1;1;1;;;999;4
7;4;10;8;0;;1;1;C-153;4,9;6;19;2;2;;1;1;1;;;999;4
7;4;13;8;8200;;1;1;C-32;54,4;2;4;1;999;;1;1;1;;;999;4
7;4;16;8;0;;1;1;C-244;20,1;6;9;1;999;;1;1;1;;;999;4
7;4;18;8;8205;;1;1;AP-7;153,7;2;4;1;999;;1;1;1;;;999;4
7;4;19;8;8101;;1;1;C-31;199;3;9;1;999;;8;1;1;;;999;4
6;2;21;8;8089;;3;2;No inventariada;;14;7;2;2;;3;2;3;;;17;998
6;2;23;8;8035;;3;2;No inventariada;;14;3;2;2;;1;4;1;;;17;998
7;3;8;8;8169;;3;2;No inventariada;;14;1;2;2;;1;1;1;;;17;998
7;4;18;8;8245;;2;2;No inventariada;;14;2;2;1;;1;1;1;;;17;4
6;6;9;8;8035;;3;2;No inventariada;;14;3;2;1;;1;1;1;;;17;998
6;4;14;8;8035;;3;2;No inventariada;;14;7;2;2;;1;1;1;;;17;998
6;3;12;8;8089;;3;2;No inventariada;;14;2;2;4;;1;1;1;;;17;998
6;4;13;8;8089;;3;2;No inventariada;;14;2;2;2;;1;1;1;;;17;998
6;5;8;8;8089;;3;2;No inventariada;;14;2;2;2;;1;1;1;;;17;998
6;4;12;8;8298;;3;2;No inventariada;;14;2;1;999;;3;1;3;;;17;998
7;2;23;8;8121;;3;2;No inventariada;;14;3;2;1;;1;4;1;;;17;998
4;1;11;8;8112;;3;2;No inventariada;;14;4;1;999;;1;1;1;;;17;998
6;2;19;8;8217;;1;1;A-2;606,1;3;4;1;999;;1;1;1;;;999;4
6;4;17;8;8264;;1;1;C-32;108,4;2;3;1;999;;1;1;1;;;999;4
7;5;8;8;8240;;1;1;BV-2241;2,9;6;9;1;999;;1;1;1;;;999;4
7;5;7;8;8213;;1;1;C-25;140;3;9;1;999;;1;1;1;;;999;4
7;5;15;8;8202;;1;1;AP-7;111;2;4;2;4;;1;1;1;;;999;4
7;5;12;8;0;;1;1;BV-2115;13,5;6;19;2;2;;1;1;1;;;17;2
7;5;15;8;8091;;1;1;AP-7;178,6;2;4;1;999;;1;1;1;;;999;4
7;5;18;8;0;;1;1;BV-1122;3,4;6;19;1;999;;1;1;1;;;999;4
7;5;18;8;0;;1;1;C-25;182,3;3;4;1;999;;1;1;1;;;999;4
7;5;23;8;8181;;1;1;C-35;41,3;6;1;1;999;;1;6;1;;;17;2