MES;DIA_SEMANA;HORA;COD_PROVINCIA;COD_MUNICIPIO;ISLA;ZONA;ZONA_AGRUPADA;CARRETERA;KM;TIPO_VIA;TIPO_ACCIDENTE;NUDO;NUDO_INFO;CARRETERA_CRUCE;CONDICION_FIRME;CONDICION_ILUMINACION;CONDICION_METEO;CONDICION_NIEBLA;CONDICION_VIENTO;VISIB_RESTRINGIDA_POR;TRAZADO_PLANTA
7;6;0;8;8101;;1;1;C-31;197;3;4;1;999;;1;4;1;;;999;4
7;6;0;8;8200;;1;1;C-245;11;6;3;2;;;1;6;1;;;17;2
5;3;11;8;8112;;3;2;No inventariada;;14;7;2;1;;1;1;1;;;17;998
7;6;7;8;8001;;1;1;C-55;0,3;6;20;1;999;;1;1;1;;;17;2
7;6;8;8;0;;1;1;BV-5301;8;6;4;1;999;;1;1;1;;;999;4
7;6;12;8;8307;;1;1;C-31;150,4;6;4;1;999;;1;1;1;;;999;4
7;6;12;8;8248;;1;1;No inventariada;4,2;6;2;2;2;;1;1;1;;;999;4
7;6;12;8;0;;1;1;N-141c;46,9;6;9;2;1;;1;1;1;;;999;4
7;6;14;8;8156;;1;1;C-59;10,2;6;9;2;4;;8;1;1;;;999;4
7;6;14;8;0;;3;2;No inventariada;;14;1;1;999;;1;1;1;;;999;998
7;6;17;8;8091;;1;1;AP-7;174,5;2;6;1;999;;1;1;1;;;999;4
7;6;19;8;8205;;1;1;B-30;2;2;4;1;999;;1;1;1;;;17;1
7;7;0;8;8076;;1;1;C-1414;3;6;19;1;999;;3;1;3;;;999;4
7;7;15;8;8015;;3;2;No inventariada;;14;7;1;999;;1;1;1;;;17;998
6;4;5;8;8015;;3;2;No inventariada;;14;7;1;999;;1;4;1;;;17;998
4;7;10;8;8159;;2;2;BV-1604;0,7;14;7;2;1;;3;1;3;;;17;4
5;5;17;8;8159;;3;2;No inventariada;;14;2;2;1;;1;1;1;;;17;998
5;4;8;8;8159;;3;2;No inventariada;;14;7;2;2;;1;2;1;;;17;998
7;6;14;8;8015;;3;2;No inventariada;;14;2;2;1;;1;1;1;;;17;998
6;2;14;8;8159;;3;2;No inventariada;;14;3;1;999;;1;1;1;;;1;998
6;6;22;8;8101;;3;2;No inventariada;;14;6;2;4;;1;4;1;;;17;998
2;7;12;8;8112;;2;2;B-522;8,3;14;7;2;4;;1;1;1;;;17;4
6;2;15;8;8187;;3;2;No inventariada;;14;20;1;999;;1;1;1;;;17;998
7;1;19;8;8009;;3;2;No inventariada;;14;20;1;999;;1;1;1;;;17;998
6;3;12;8;8187;;3;2;No inventariada;;14;20;1;999;;1;1;1;;;17;998
7;2;9;8;8155;;3;2;No inventariada;;14;20;1;999;;1;1;1;;;17;998
7;3;20;8;8221;;3;2;No inventariada;141;14;20;2;2;;1;2;1;;;1;998
6;4;22;8;8101;;3;2;No inventariada;;14;4;2;1;;1;4;1;;;17;998
7;1;11;8;8904;;1;1;C-58;9;2;19;2;;;3;1;4;;;999;4
7;2;10;8;8205;;1;1;AP-7;157,5;2;3;1;999;;1;1;1;;;999;4
7;7;2;8;8113;;1;1;C-16C;0;3;9;1;999;;3;4;3;;;999;4
7;7;7;8;0;;1;1;C-32;125,9;2;19;1;999;;1;2;1;;;999;4
7;7;7;8;8202;;1;1;BV-5112;1,2;6;19;1;999;;1;1;1;;;999;4
7;7;10;8;8140;;1;1;BV-1221;32,7;6;19;1;999;;1;1;1;;;999;4
7;7;10;8;0;;1;1;N-2;568,6;6;9;1;999;;1;1;1;;;999;4
7;7;10;8;8302;;1;1;N-2a;558;6;9;2;4;;8;1;1;;;999;4
7;7;15;8;8136;;1;1;BV-5001;16,5;6;2;2;2;;1;1;1;;;999;4
7;7;20;8;0;;3;2;No inventariada;;14;19;1;999;;1;1;1;;;999;998
6;6;18;8;8121;;3;2;No inventariada;;14;3;2;;;1;1;1;;;17;998
7;1;13;8;8121;;3;2;No inventariada;;14;3;1;999;;3;1;3;;;17;998
7;6;12;8;8102;;3;2;No inventariada;;14;6;1;999;;1;1;1;;;17;998
7;1;19;8;8121;;3;2;No inventariada;;14;4;1;999;;3;1;3;;;17;998
6;1;12;8;8089;;3;2;No inventariada;;14;7;2;2;;1;1;1;;;17;998
7;3;11;8;8105;;3;2;No inventariada;;14;2;1;999;;1;1;1;;;17;998
6;7;13;8;8307;;3;2;No inventariada;;14;4;2;4;;1;1;1;;;17;998
7;6;14;8;8245;;3;2;No inventariada;;14;6;2;1;;1;1;1;;;17;998
7;1;10;8;8263;;3;2;No inventariada;;14;6;2;2;;1;1;1;;;17;998
7;7;21;8;8015;;3;2;No inventariada;;14;7;1;999;;1;4;1;;;17;998
7;5;13;8;8015;;3;2;No inventariada;;14;3;2;1;;1;1;1;;;17;998
7;2;19;8;8075;;2;2;B-510;3,6;14;20;1;999;;1;1;1;;;17;4
7;7;19;8;8219;;3;2;No inventariada;;14;6;1;999;;1;1;1;;;1;998
7;2;18;8;8140;;3;2;No inventariada;;14;7;2;2;;1;1;1;;;999;998
6;7;17;8;0;;1;1;C-17;68,5;3;19;1;999;;1;1;1;;;999;4
7;5;11;8;8073;;1;1;B-20;2,5;2;9;2;2;;1;1;1;;;999;4
7;6;11;8;8245;;1;1;B-20;18,5;2;4;1;999;;1;1;1;;;999;4
7;1;8;8;8211;;1;1;A-2;605,5;3;3;1;999;;1;1;1;;;999;4
7;1;9;8;8196;;1;1;A-2;594,7;3;4;1;999;;1;1;1;;;999;4
7;1;7;8;8101;;1;1;C-32;60,8;3;4;1;999;;1;1;1;;;999;4
7;1;13;8;8202;;1;1;BV-5114;2,7;6;2;2;2;;1;1;1;;;17;1
7;1;14;8;8101;;1;1;C-31;198,7;3;4;1;999;;1;1;1;;;999;4
7;1;16;8;8260;;1;1;B-140;3,9;6;19;1;999;;1;1;1;;;999;4
7;1;17;8;8252;;1;1;B-30;10,5;2;4;1;999;;1;1;1;;;999;4
7;1;20;8;8121;;3;2;No inventariada;;14;9;1;999;;1;1;1;;;17;998
6;5;23;8;8089;;3;2;No inventariada;;14;9;1;999;;1;4;1;;;17;998
7;5;11;8;8073;;3;2;No inventariada;;14;9;1;999;;1;1;1;;;17;998
6;7;18;8;8307;;3;2;No inventariada;;14;9;2;4;;1;1;1;;;17;998
7;5;12;8;8121;;3;2;No inventariada;;14;7;2;1;;1;1;1;;;17;998
7;2;13;8;8073;;3;2;No inventariada;;14;7;1;999;;1;1;1;;;17;998
7;6;23;8;8121;;3;2;No inventariada;;14;2;2;1;;3;1;3;;;17;998
7;6;12;8;8121;;3;2;No inventariada;;14;2;1;999;;1;1;1;;;17;998
7;3;14;8;8121;;3;2;No inventariada;;14;3;1;999;;1;1;1;;;17;998
7;2;9;8;8245;;3;2;No inventariada;;14;3;2;4;;1;1;1;;;17;998
7;3;15;8;8096;;4;2;C-352;18,4;3;3;2;4;;1;1;1;;;17;4
6;3;19;8;8015;;3;2;No inventariada;;14;9;2;2;;1;1;1;;;17;998
4;5;15;8;8015;;3;2;No inventariada;;14;2;2;1;;1;1;1;;;17;998
6;3;13;8;8159;;2;2;BV-1604;1,7;14;9;2;2;;1;1;1;;;17;4
6;3;17;8;8159;;3;2;No inventariada;;14;9;2;1;;1;1;1;;;17;998
6;4;13;8;8159;;2;2;BV-1604;1,7;14;4;2;2;;1;1;1;;;17;4
6;5;15;8;8252;;3;2;No inventariada;;14;2;1;999;;1;1;1;;;17;998
6;3;18;8;8252;;3;2;No inventariada;;14;2;1;999;;1;1;1;;;17;998
6;1;17;8;8252;;3;2;No inventariada;;14;2;2;1;;1;1;1;;;17;998
6;6;12;8;8252;;3;2;No inventariada;;14;3;2;4;;1;1;1;;;17;998
6;7;9;8;8266;;3;2;No inventariada;;14;6;1;999;;1;1;1;;;1;998
6;5;12;8;8113;;3;2;No inventariada;;14;7;2;2;;1;1;1;;;1;998
7;6;23;8;8169;;3;2;No inventariada;;14;2;2;1;;1;4;1;;;1;998
7;3;12;8;8187;;3;2;No inventariada;;14;20;1;999;;1;1;1;;;17;998
6;3;13;8;8252;;3;2;No inventariada;;14;20;2;4;;1;1;1;;;17;998
6;1;8;8;8252;;3;2;No inventariada;;14;2;2;4;;1;1;1;;;17;998
6;2;22;8;8252;;3;2;No inventariada;;14;2;2;1;;1;1;1;;;17;998
6;4;14;8;8159;;3;2;No inventariada;;14;2;2;4;;1;1;1;;;17;998
6;1;20;8;8252;;3;2;No inventariada;;14;6;1;999;;1;1;1;;;17;998
5;3;18;8;8252;;2;2;No inventariada;;14;2;2;4;;1;1;1;;;17;4
6;3;6;8;8108;;1;1;C-155;9,7;6;19;1;999;;1;1;1;;;999;4
7;1;19;8;0;;2;2;BV-4608;19,4;6;20;1;999;;1;1;1;;;999;4
7;2;8;8;8266;;1;1;AP-7;152;2;4;1;999;;1;1;1;;;999;4
6;5;7;8;8159;;3;2;No inventariada;;14;4;2;4;;1;1;1;;;17;998
7;4;20;8;8187;;1;1;C-58;10,9;2;2;1;999;;1;1;1;;;999;4
7;2;12;8;8279;;1;1;BV-1248;6;6;9;1;999;;1;1;1;;;999;4
7;2;16;8;0;;1;1;BV-5222;1,4;6;19;1;999;;1;1;1;;;999;4
7;2;16;8;8113;;1;1;C-55;31,4;3;4;1;999;;1;1;1;;;999;4
7;2;16;8;8003;;1;1;C-32;85,7;2;9;1;999;;1;1;1;;;17;4
7;2;16;8;0;;1;1;AP-7;205,5;2;3;1;999;;1;1;1;;;999;4
7;2;17;8;8073;;1;1;A-2;610;3;3;1;999;;1;1;1;;;999;4
3;2;8;8;8029;;3;2;No inventariada;;14;4;2;2;;1;1;1;;;17;998
7;2;18;8;8096;;2;2;C-243b;7,8;14;4;2;4;;1;1;1;;;17;4
6;5;22;8;8307;;3;2;No inventariada;;14;9;1;999;;1;1;1;;;17;998
7;3;0;8;8096;;3;2;No inventariada;;14;2;1;999;;1;4;1;;;17;998
7;2;13;8;8121;;3;2;No inventariada;;14;2;2;1;;1;1;1;;;17;998
7;4;7;8;8121;;3;2;No inventariada;;14;9;1;999;;1;1;1;;;17;998
6;6;4;8;8307;;3;2;No inventariada;;14;18;1;999;;1;4;1;;;17;998
7;1;11;8;8015;;3;2;No inventariada;;14;2;2;1;;1;1;1;;;17;998
7;1;7;8;8089;;2;2;C-245;5,6;14;7;2;2;;1;1;1;;;17;4
7;3;9;8;8266;;2;2;No inventariada;;14;7;1;999;;1;1;1;;;1;4
7;3;19;8;8015;;3;2;No inventariada;;14;6;1;999;;1;1;1;;;17;998
7;3;22;8;8015;;3;2;No inventariada;;14;4;2;2;;1;2;1;;;17;998
7;5;5;8;8073;;3;2;No inventariada;;14;9;2;2;;1;4;1;;;17;998
7;5;14;8;8073;;3;2;No inventariada;;14;9;2;4;;1;1;1;;;17;998
7;6;0;8;8073;;3;2;No inventariada;;14;4;1;999;;1;4;1;;;17;998
7;3;17;8;8096;;3;2;No inventariada;;14;20;1;999;;1;1;1;;;17;998
6;5;18;8;8252;;3;2;No inventariada;;14;20;1;999;;1;1;1;;;17;998
6;2;9;8;8305;;1;1;AP-7;193,5;2;4;1;999;;1;1;1;;;999;4
6;4;19;8;8147;;1;1;C-55;3,1;6;1;2;;;1;1;1;;;999;4
7;4;18;8;8125;;1;1;C-59;6;6;4;2;2;;1;1;1;;;999;4
7;2;5;8;8187;;1;1;No inventariada;1,2;6;19;1;999;;1;4;1;;;999;4
7;2;9;8;8121;;1;1;C-32;104;2;6;1;999;;1;1;1;;;999;4
7;2;14;8;8033;;1;1;C-59;13,6;6;7;1;999;;1;1;1;;;17;2
7;2;17;8;8009;;1;1;C-1415c;7;6;4;1;999;;1;1;1;;;17;4
7;3;2;8;8054;;1;1;BV-1501;1;6;19;1;999;;1;5;1;;;999;4
7;3;4;8;0;;1;1;C-15;27,9;6;19;2;;;1;6;1;;;999;4
7;3;8;8;8169;;1;1;C-31;195;3;3;2;;;1;1;1;;;999;4
7;3;10;8;8101;;3;2;No inventariada;;14;9;1;999;;8;1;1;;;999;998
7;3;10;8;0;;2;2;BV-5227;0,1;14;7;1;999;;1;1;1;;;17;4
7;3;11;8;8074;;1;1;C-31;147,5;6;2;2;4;;1;1;1;;;999;4
7;3;13;8;8245;;1;1;B-20;17;2;4;1;999;;1;1;1;;;999;4
7;3;13;8;8056;;1;1;C-32;45,4;2;9;2;;;1;1;1;;;999;4
7;3;15;8;0;;1;1;C-17;37,5;3;19;1;999;;1;1;1;;;17;4
7;3;15;8;8169;;1;1;B-20;1;2;4;1;999;;1;1;1;;;999;4
7;3;15;8;8073;;1;1;C-32;60;3;9;1;999;;1;1;1;;;999;4
7;3;17;8;8208;;1;1;B-224;22,4;6;19;1;999;;1;1;1;;;999;4
7;3;16;8;8073;;1;1;C-32;60;3;4;2;;;1;1;1;;;999;4
7;3;18;8;8019;;1;1;C-33;78,5;6;3;1;999;;1;1;1;;;999;4
7;3;18;8;8279;;1;1;C-58;19,3;2;2;1;999;;1;1;1;;;999;4
7;3;19;8;8092;;3;2;No inventariada;;14;4;2;1;;1;1;1;;;999;998
7;3;22;8;8019;;1;1;C-58;0,5;2;4;1;999;;1;4;1;;;999;4
7;3;16;8;8102;;3;2;No inventariada;;14;4;2;2;;1;1;1;;;17;998
4;6;13;8;8089;;3;2;No inventariada;;14;3;1;999;;1;1;1;;;17;998
7;5;9;8;8089;;3;2;No inventariada;;14;7;1;999;;1;1;1;;;17;998
7;2;20;8;8089;;3;2;No inventariada;;14;4;2;2;;1;2;1;;;17;998
6;3;11;8;8015;;3;2;No inventariada;;14;2;2;1;;1;1;1;;;17;998
4;3;17;8;8089;;3;2;No inventariada;;14;2;2;1;;1;1;1;;;17;998
7;3;17;8;8015;;3;2;No inventariada;;14;9;1;999;;1;1;1;;;17;998
7;4;17;8;8015;;3;2;No inventariada;;14;9;1;999;;1;1;1;;;17;998
6;5;11;8;8159;;3;2;No inventariada;;14;4;1;999;;1;1;1;;;17;998
6;5;13;8;8159;;3;2;No inventariada;;14;19;1;999;;1;1;1;;;17;998
6;2;17;8;8159;;3;2;No inventariada;;14;9;2;1;;3;1;3;;;17;998
6;2;20;8;8101;;3;2;No inventariada;;14;2;1;999;;1;1;1;;;17;998
7;3;6;8;8187;;3;2;No inventariada;;14;20;1;999;;1;1;1;;;17;998
6;2;12;8;8159;;3;2;No inventariada;;14;7;1;999;;1;1;1;;;17;998
6;7;11;8;8284;;1;1;GI-600;1,9;6;4;2;4;;1;1;1;;;999;4
6;5;16;8;8101;;3;2;No inventariada;;14;3;2;4;;1;1;1;;;999;998
6;5;12;8;8073;;1;1;B-20;2;2;9;2;4;;1;1;1;;;999;4
6;5;13;8;8157;;1;1;A-2;599;3;3;1;999;;1;1;1;;;999;4
6;5;13;8;8301;;1;1;C-32;50,7;2;4;1;999;;1;1;1;;;999;4
7;3;14;8;8019;;1;1;C-58;0,5;2;9;1;999;;1;1;1;;;999;4
7;3;18;8;8126;;1;1;C-32;84,5;2;20;1;999;;1;1;1;;;999;4
7;4;3;8;8076;;1;1;B-231;1;6;6;2;4;;1;4;1;;;999;4
7;3;18;8;8231;;1;1;C-15B;4,1;6;1;1;999;;1;1;1;;;17;3
7;4;8;8;8194;;1;1;B-10;3,5;3;4;1;999;;1;1;1;;;999;4
7;4;10;8;8001;;1;1;B-40;2,3;6;1;1;999;;1;1;1;;;999;4
7;4;16;8;8270;;1;1;C-31;169,1;6;19;1;999;;1;1;1;;;999;4
7;4;14;8;8202;;1;1;C-35;62,1;6;2;2;4;;1;1;1;;;17;1
7;4;18;8;8238;;1;1;C-58;15,4;2;6;2;;;1;1;1;;;999;4
7;4;17;8;8217;;1;1;A-2;606,5;3;3;1;999;;1;1;1;;;999;4
7;4;18;8;8217;;1;1;A-2;608;3;3;2;2;;1;1;1;;;999;4
7;4;20;8;8301;;1;1;B-210;0,2;6;2;2;2;;1;1;1;;;999;4
7;4;22;8;8270;;1;1;C-31;167,5;6;9;1;999;;1;6;1;;;999;4
7;5;0;8;8169;;1;1;B-22;7;6;4;1;999;;1;6;1;;;999;4
6;2;12;8;8035;;3;2;No inventariada;;14;9;2;1;;1;1;1;;;17;998
6;3;9;8;8102;;3;2;No inventariada;;14;2;2;1;;1;1;1;;;17;998
7;4;12;8;8015;;3;2;No inventariada;;14;4;1;999;;1;1;1;;;17;998
4;7;18;8;8279;;3;2;No inventariada;;14;7;1;999;;3;1;1;;;9;998
7;4;13;8;8073;;3;2;No inventariada;;14;7;2;1;;1;1;1;;;17;998
7;3;8;8;8121;;3;2;No inventariada;;14;7;1;999;;1;1;1;;;17;998
7;4;12;8;8003;;3;2;No inventariada;;14;4;1;999;;1;1;1;;;17;998
6;5;18;8;8015;;3;2;No inventariada;;14;7;1;999;;1;1;1;;;17;998
7;2;13;8;8096;;3;2;No inventariada;;14;7;1;999;;1;1;1;;;17;998
7;1;19;8;8298;;3;2;No inventariada;;14;2;2;1;;1;1;1;;;17;998
7;3;17;8;8217;;1;1;B-23;4,6;2;4;1;999;;1;1;1;;;999;4
7;5;6;8;8187;;1;1;C-58;10,9;2;3;2;4;;1;2;1;;;999;4
7;5;10;8;8200;;1;1;C-32;53;2;4;2;4;;1;1;1;;;999;4
7;5;11;8;8300;;1;1;C-16;25,9;2;19;2;;;1;1;1;;;999;4
7;5;13;8;8054;;1;1;A-2;592,6;3;20;2;4;;1;1;1;;;999;4
7;5;14;8;8305;;1;1;C-15;15,5;6;4;2;;;1;1;1;;;999;4
7;5;15;8;0;;1;1;C-25;185;3;19;1;999;;1;1;1;;;999;4
7;5;14;8;8217;;1;1;A-2;608;3;4;1;999;;1;1;1;;;999;4
7;5;18;8;8019;;1;1;C-33;78;2;3;1;999;;1;1;1;;;999;4
7;5;17;8;8281;;1;1;C-32;87,9;2;4;1;999;;1;1;1;;;999;4
7;5;20;8;0;;1;1;C-25;196,4;3;4;1;999;;1;1;1;;;999;4
7;5;22;8;8124;;1;1;C-33;88;2;6;1;999;;1;5;1;;;999;4
7;6;1;8;8124;;1;1;C-17;11,5;3;8;1;999;;1;5;1;;;999;4
7;3;13;8;8121;;3;2;No inventariada;;14;7;1;999;;1;1;1;;;17;998
7;3;8;8;8121;;3;2;No inventariada;;14;7;1;999;;1;1;1;;;17;998
7;3;12;8;8298;;3;2;No inventariada;;14;1;1;999;;1;1;1;;;17;998
7;7;8;8;8121;;3;2;No inventariada;;14;20;1;999;;1;1;1;;;17;998
7;2;15;8;8015;;3;2;No inventariada;;14;4;1;999;;1;1;1;;;17;998
7;3;20;8;8015;;3;2;No inventariada;;14;4;1;999;;1;1;1;;;17;998
7;1;8;8;0;;1;1;BV-2135;1,8;6;4;1;999;;1;1;1;;;999;4
7;2;12;8;8205;;1;1;C-16;8;2;2;1;999;;1;1;1;;;999;4
7;4;12;8;8248;;1;1;No inventariada;4,6;6;19;1;999;;1;1;1;;;999;4
7;4;20;8;8260;;1;1;B-140;5,3;6;3;2;;;1;1;1;;;999;4
7;5;16;8;8125;;1;1;C-58;3,5;2;4;1;999;;1;1;1;;;999;4
7;6;5;8;8015;;1;1;B-20;19,7;2;20;1;999;;1;4;1;;;999;4
7;6;7;8;8264;;1;1;C-32;107;2;4;1;999;;1;1;1;;;999;4
7;6;9;8;8279;;1;1;C-16;22;2;4;2;2;;1;1;1;;;999;4
7;6;14;8;0;;1;1;BV-5301;26,7;6;19;1;999;;1;1;1;;;999;4
7;6;15;8;0;;1;1;N-141c;13,5;6;19;1;999;;1;1;1;;;999;4
7;6;15;8;8270;;1;1;C-31;174,1;6;9;2;;;1;1;1;;;999;4
7;6;13;8;8307;;1;1;C-31;155,1;6;4;2;;;1;1;1;;;999;4
7;7;2;8;0;;1;1;C-153;14,9;6;19;1;999;;1;6;1;;;999;4
7;2;10;8;8015;;3;2;No inventariada;;14;4;2;1;;1;1;1;;;17;998
7;1;13;8;8015;;3;2;No inventariada;;14;2;1;999;;1;1;1;;;17;998
6;7;20;8;8015;;2;2;BV-5001;0,4;14;4;2;1;;1;1;1;;;17;4
7;5;13;8;8015;;3;2;No inventariada;;14;2;2;1;;1;1;1;;;17;998
7;2;11;8;8015;;3;2;No inventariada;;14;2;2;1;;1;1;1;;;17;998
6;3;14;8;8015;;3;2;No inventariada;;14;2;2;1;;1;1;1;;;17;998
7;5;13;8;8073;;3;2;No inventariada;;14;4;1;999;;1;1;1;;;17;998
6;6;20;8;8266;;2;2;No inventariada;;14;4;1;999;;1;1;1;;;1;4
7;3;1;8;8073;;3;2;No inventariada;;14;9;1;999;;1;4;1;;;17;998
7;1;8;8;8285;;2;2;No inventariada;;14;7;1;999;;1;1;1;;;6;1
7;1;12;8;8029;;1;1;N-2;643;6;2;2;4;;1;1;1;;;999;4
7;4;21;8;8279;;1;1;N-150;15;6;9;2;4;;8;1;1;;;999;4
7;5;11;8;8252;;1;1;AP-7;146,5;2;4;1;999;;1;1;1;;;999;4
7;7;6;8;8208;;1;1;B-224;23,9;6;19;1;999;;1;2;1;;;999;4
7;7;12;8;8009;;1;1;B-502;4,7;6;9;1;999;;1;1;1;;;999;4
7;7;11;8;8307;;1;1;BV-2115;2,4;6;2;2;4;;1;1;1;;;999;4
7;7;18;8;8009;;1;1;C-60;0,3;2;4;1;999;;1;1;1;;;999;4
7;7;19;8;8009;;1;1;C-60;0,3;2;4;1;999;;1;1;1;;;17;4
5;5;13;8;8307;;3;2;No inventariada;;14;2;2;4;;1;1;1;;;17;998
7;1;15;8;8015;;3;2;No inventariada;;14;2;1;999;;1;1;1;;;17;998
7;5;12;8;8015;;3;2;No inventariada;;14;2;2;2;;1;1;1;;;17;998
7;2;15;8;8073;;3;2;No inventariada;;14;20;1;999;;1;1;1;;;17;998
6;3;12;8;8248;;1;1;No inventariada;5;6;3;1;999;;1;4;1;;;999;4
7;4;21;8;8015;;1;1;B-20;21;2;2;1;999;;1;4;1;;;999;4
7;1;6;8;8205;;1;1;AP-7;156;2;9;1;999;;1;1;1;;;999;4
7;1;8;8;8041;;1;1;No inventariada;10,1;6;4;1;999;;1;1;1;;;999;4
7;1;8;8;8054;;1;1;A-2;588;3;4;1;999;;1;1;1;;;999;4
7;1;9;8;8301;;1;1;C-32;51;2;19;2;;;1;1;1;;;999;4
7;1;14;8;0;;1;1;N-2;557,7;6;4;2;4;;1;1;1;;;999;4
7;1;9;8;8205;;1;1;AP-7;160,5;2;20;1;999;;1;1;1;;;999;4
7;1;14;8;8279;;1;1;B-122;5,3;6;2;1;999;;1;1;1;;;999;4
7;1;18;8;8169;;3;2;No inventariada;;14;6;1;999;;3;1;1;;;999;998
7;1;17;8;0;;1;1;BV-5303;7,5;6;19;1;999;;1;1;1;;;999;4
7;1;20;8;0;;3;2;No inventariada;;14;19;2;4;;1;1;1;;;999;998
7;1;21;8;8270;;1;1;C-31;170,8;6;19;1;999;;1;1;1;;;999;4
7;1;19;8;0;;3;2;No inventariada;;14;19;1;999;;1;1;1;;;999;998
7;4;13;8;8169;;3;2;No inventariada;;14;3;1;999;;1;1;1;;;17;998
5;3;17;8;8307;;3;2;No inventariada;;14;2;1;999;;1;1;1;;;17;998
7;1;17;8;8121;;3;2;No inventariada;;14;2;2;1;;1;1;1;;;17;998
7;4;19;8;8102;;3;2;No inventariada;;14;2;2;4;;1;1;1;;;17;998
7;7;16;8;8073;;3;2;No inventariada;;14;4;2;4;;1;1;1;;;17;998
7;2;11;8;8298;;3;2;No inventariada;;14;2;2;2;;1;1;1;;;17;998
7;7;17;8;0;;1;1;A-2;566,6;3;19;2;;;1;1;1;;;999;4
7;7;17;8;8003;;1;1;C-32;85;2;19;1;999;;1;1;1;;;999;4
7;1;11;8;8194;;1;1;C-31;208,7;2;4;1;999;;1;1;1;;;999;4
7;2;13;8;8284;;1;1;N-2;682;6;2;2;4;;1;1;1;;;999;4
7;4;17;8;8194;;1;1;B-10;3;3;4;1;999;;1;1;1;;;999;4
7;4;21;8;8029;;1;1;C-32;95;2;19;2;1;;1;1;1;;;17;4
7;2;5;8;8307;;1;1;BV-2115;1,7;6;4;2;2;;1;6;1;;;999;4
7;2;10;8;0;;1;1;C-16;115;6;4;1;999;;1;1;1;;;999;4
7;2;12;8;8056;;1;1;C-32;45;2;4;1;999;;1;1;1;;;999;4
7;2;13;8;8205;;1;1;B-30;4,4;2;9;2;;;8;1;1;;;999;4
7;2;12;8;8208;;1;1;B-224;20;6;1;1;999;;1;1;1;;;999;4
7;2;16;8;8218;;1;1;C-55;38,3;6;2;2;;;1;1;1;;;999;4
7;2;8;8;8163;;1;1;C-32;125,7;2;19;1;999;;1;1;1;;;17;1
6;2;16;8;8073;;3;2;No inventariada;;14;2;1;999;;1;1;1;;;17;998
7;2;13;8;8121;;3;2;No inventariada;;14;2;2;1;;1;1;1;;;17;998
6;5;14;8;8073;;3;2;No inventariada;;14;9;1;999;;1;1;1;;;17;998
4;1;14;8;8279;;2;2;BV-1221;0,6;14;9;2;4;;1;1;1;;;17;4
7;3;19;8;8073;;3;2;No inventariada;;14;3;2;4;;1;1;1;;;17;998
4;2;8;8;8279;;3;2;No inventariada;;14;2;2;1;;1;1;1;;;1;998
7;5;20;8;8102;;3;2;No inventariada;;14;6;2;;;1;2;1;;;17;998
4;3;7;8;8279;;3;2;No inventariada;;14;2;2;4;;1;2;1;;;17;998
4;4;9;8;8279;;3;2;No inventariada;;14;3;1;999;;1;1;1;;;17;998
4;4;13;8;8279;;3;2;No inventariada;;14;2;2;1;;1;1;1;;;17;998
7;4;8;8;8307;;3;2;No inventariada;;14;2;2;2;;1;1;1;;;17;998
4;4;18;8;8279;;3;2;No inventariada;;14;2;2;4;;1;1;1;;;17;998
4;7;5;8;8279;;2;2;C-243c;13,4;14;2;1;999;;1;4;1;;;17;4
4;6;15;8;8279;;3;2;No inventariada;;14;2;2;1;;1;1;1;;;17;998
4;5;13;8;8279;;3;2;No inventariada;;14;9;1;999;;1;1;1;;;17;998
4;5;13;8;8279;;3;2;No inventariada;;14;9;1;999;;1;1;1;;;17;998
4;5;10;8;8279;;3;2;No inventariada;;14;4;2;1;;1;1;1;;;17;998
4;2;13;8;8279;;3;2;No inventariada;;14;9;1;999;;1;1;1;;;17;998
4;2;17;8;8279;;2;2;B-122;0,6;14;7;2;2;;1;1;1;;;17;4
4;2;19;8;8279;;3;2;No inventariada;;14;4;1;999;;1;1;1;;;17;998
4;2;23;8;8279;;3;2;No inventariada;;14;2;2;2;;1;4;1;;;17;998
7;3;17;8;8040;;3;2;No inventariada;;14;7;1;999;;1;1;1;;;17;998
7;4;17;8;8054;;1;1;AP-7;163,2;2;4;1;999;;1;1;1;;;999;4
7;5;12;8;0;;1;1;BV-2411;18;6;6;1;999;;1;1;1;;;999;4
7;5;14;8;8197;;1;1;C-32;105,5;2;9;1;999;;1;1;1;;;999;4
7;5;20;8;8172;;2;2;N-2;638,5;6;3;2;2;;1;2;1;;;999;4
7;6;2;8;8121;;1;1;C-31E;1,4;6;19;2;4;;1;4;1;;;999;4
7;1;13;8;8009;;1;1;C-60;4;2;3;1;999;;1;1;1;;;999;4
7;2;12;8;8035;;1;1;C-32;121,4;2;19;1;999;;1;1;1;;;999;4
7;2;13;8;8035;;1;1;C-32;121;2;4;1;999;;1;1;1;;;999;4
7;3;5;8;8231;;1;1;C-15;4,5;3;9;1;999;;1;1;1;;;999;4
7;3;9;8;8279;;1;1;B-122;8,8;6;1;1;999;;1;1;1;;;999;4
7;3;11;8;0;;1;1;BV-2443;1,8;6;9;1;999;;1;1;1;;;999;4
7;3;11;8;0;;1;1;AP-7;161,5;2;3;2;;;1;1;1;;;999;4
7;3;12;8;8169;;1;1;B-22;6;3;4;1;999;;1;1;1;;;999;4
7;3;13;8;8101;;1;1;C-31;197;3;4;1;999;;1;1;1;;;999;4
7;3;14;8;8266;;1;1;AP-7;151;2;4;1;999;;1;1;1;;;999;4
7;3;18;8;0;;1;1;C-1412a;51;6;3;1;999;;1;1;1;;;999;4
7;3;19;8;8266;;1;1;N-150;5,7;6;4;2;;;1;1;1;;;999;4
7;3;17;8;8169;;1;1;B-20;2,5;2;4;1;999;;1;1;1;;;999;4
7;3;21;8;8270;;1;1;C-31;176,5;6;2;2;1;;1;2;1;;;999;4
4;3;14;8;8279;;3;2;No inventariada;;14;4;1;999;;1;1;1;;;17;998