MES;DIA_SEMANA;HORA;COD_PROVINCIA;COD_MUNICIPIO;ISLA;ZONA;ZONA_AGRUPADA;CARRETERA;KM;TIPO_VIA;TIPO_ACCIDENTE;NUDO;NUDO_INFO;CARRETERA_CRUCE;CONDICION_FIRME;CONDICION_ILUMINACION;CONDICION_METEO;CONDICION_NIEBLA;CONDICION_VIENTO;VISIB_RESTRINGIDA_POR;TRAZADO_PLANTA
4;4;11;8;8279;;3;2;No inventariada;;14;2;2;1;;1;1;1;;;17;998
4;5;14;8;8279;;3;2;No inventariada;;14;2;2;1;;1;1;1;;;17;998
4;6;23;8;8279;;3;2;No inventariada;;14;2;2;4;;1;4;1;;;17;998
4;1;22;8;8279;;3;2;No inventariada;;14;9;1;999;;3;4;3;;;17;998
4;2;20;8;8279;;3;2;No inventariada;;14;7;2;1;;1;1;1;;;17;998
7;1;11;8;8015;;3;2;No inventariada;;14;3;1;999;;1;1;1;;;17;998
7;3;19;8;8263;;3;2;No inventariada;;14;4;1;999;;1;1;1;;;17;998
5;3;2;8;8279;;3;2;No inventariada;;14;4;2;2;;1;4;1;;;17;998
7;3;19;8;8298;;3;2;No inventariada;;14;2;2;4;;1;1;1;;;17;998
1;2;9;8;8279;;3;2;No inventariada;;14;7;2;1;;1;1;1;;;17;998
5;4;13;8;8279;;3;2;No inventariada;;14;2;2;1;;1;1;1;;;17;998
7;1;10;8;8191;;1;1;No inventariada;;6;18;1;999;;1;1;1;;;17;4
5;2;14;8;8279;;3;2;No inventariada;;14;2;2;1;;1;1;1;;;17;998
5;3;20;8;8279;;3;2;No inventariada;;14;2;2;1;;1;1;1;;;17;998
5;4;22;8;8279;;3;2;No inventariada;;14;9;1;999;;8;5;1;;;17;998
5;5;7;8;8279;;1;1;N-150;19,5;14;2;2;2;;1;1;1;;;17;4
5;5;21;8;8279;;3;2;No inventariada;;14;9;1;999;;1;4;1;;;17;998
5;6;20;8;8279;;3;2;No inventariada;;14;2;2;4;;1;1;1;;;17;998
5;7;16;8;8279;;3;2;No inventariada;;14;6;1;999;;1;1;1;;;17;998
5;1;14;8;8124;;3;2;No inventariada;;14;2;1;999;;1;1;1;;;17;998
5;5;14;8;8124;;3;2;No inventariada;;14;2;1;999;;1;1;1;;;17;998
6;6;9;8;8015;;3;2;No inventariada;;14;9;1;999;;1;1;1;;;17;998
4;6;22;8;8015;;3;2;No inventariada;;14;4;1;999;;1;4;1;;;17;998
7;2;23;8;8015;;3;2;No inventariada;;14;2;2;1;;1;4;1;;;17;998
6;2;17;8;8240;;1;1;AP-7;184;2;20;1;999;;1;1;1;;;999;4
7;6;21;8;8076;;1;1;A-2;582;3;6;1;999;;3;2;3;;;999;4
7;3;8;8;8266;;1;1;AP-7;151,5;2;20;1;999;;1;1;1;;;17;1
7;3;11;8;0;;1;1;BV-5301;29,9;6;9;1;999;;1;1;1;;;999;4
7;3;19;8;8003;;1;1;C-32;86;2;20;2;2;;1;1;1;;;999;4
7;4;9;8;8187;;1;1;No inventariada;2,2;6;9;1;999;;1;1;1;;;999;4
7;4;11;8;8125;;1;1;N-152a;13,1;6;2;2;;;1;1;1;;;999;4
7;4;10;8;8029;;1;1;C-32;95,3;2;20;1;999;;1;1;1;;;17;1
7;4;12;8;8073;;1;1;A-2;609,5;3;3;1;999;;1;1;1;;;999;4
7;4;14;8;8051;;1;1;B-124;8,1;6;6;1;999;;1;1;1;;;999;4
7;4;15;8;8217;;1;1;A-2;607;3;9;1;999;;1;1;1;;;999;4
7;4;17;8;8305;;1;1;C-15z;13;6;4;2;4;;1;1;1;;;999;4
7;4;23;8;8301;;1;1;C-31;188,2;3;3;1;999;;1;4;1;;;999;4
7;1;13;8;8015;;3;2;No inventariada;;14;2;2;1;;1;1;1;;;17;998
7;2;10;8;8015;;3;2;No inventariada;;14;7;1;999;;1;1;1;;;17;998
7;3;10;8;8015;;3;2;No inventariada;;14;2;2;1;;1;1;1;;;17;998
5;7;18;8;8279;;3;2;No inventariada;;14;4;1;999;;1;1;1;;;17;998
5;1;17;8;8279;;3;2;No inventariada;;14;2;2;1;;1;1;1;;;17;998
5;1;4;8;8279;;3;2;No inventariada;;14;2;2;1;;1;4;1;;;17;998
5;1;8;8;8279;;3;2;No inventariada;;14;2;2;1;;1;1;1;;;17;998
7;7;18;8;8101;;3;2;No inventariada;;14;9;1;999;;1;1;1;;;17;998
5;5;18;8;8279;;2;2;C-1415a;17,9;14;7;2;2;;1;1;1;;;17;4
5;6;12;8;8279;;3;2;No inventariada;;14;9;1;999;;1;1;1;;;17;998
5;6;19;8;8279;;3;2;No inventariada;;14;7;2;1;;1;1;1;;;17;998
7;3;17;8;8101;;3;2;No inventariada;;14;4;1;999;;1;1;1;;;17;998
5;1;10;8;8279;;3;2;No inventariada;;14;7;1;999;;1;1;1;;;17;998
7;5;9;8;8015;;2;2;B-500;2,5;14;9;2;2;;8;1;1;;;17;4
5;1;14;8;8279;;3;2;No inventariada;;14;3;1;999;;1;1;1;;;17;998
5;2;23;8;8279;;3;2;No inventariada;;14;2;2;1;;1;4;1;;;17;998
5;2;10;8;8124;;3;2;No inventariada;;14;7;2;1;;1;1;1;;;17;998
5;5;12;8;8124;;3;2;No inventariada;;14;7;1;999;;1;1;1;;;17;998
6;1;13;8;8124;;3;2;No inventariada;;14;2;1;999;;1;1;1;;;17;998
6;2;8;8;8124;;3;2;No inventariada;;14;9;1;999;;1;1;1;;;17;998
7;1;6;8;8124;;3;2;No inventariada;;14;9;1;999;;1;1;1;;;17;998
7;5;14;8;8015;;3;2;No inventariada;;14;7;1;999;;1;1;1;;;17;998
5;2;20;8;8015;;3;2;No inventariada;;14;7;1;999;;1;4;1;;;17;998
7;2;5;8;8169;;3;2;No inventariada;;14;2;2;2;;1;2;1;;;17;998
7;3;5;8;8169;;3;2;No inventariada;;14;3;2;4;;1;2;1;;;17;998
7;2;17;8;8169;;3;2;No inventariada;;14;7;1;999;;1;1;1;;;17;998
7;7;15;8;8073;;1;1;C-32;60,2;3;3;1;999;;1;1;1;;;999;4
7;3;16;8;8213;;1;1;C-16C;3,4;6;3;1;999;;1;1;1;;;999;4
7;3;19;8;8260;;1;1;C-59;1,7;3;4;2;4;;1;1;1;;;999;4
7;4;9;8;8266;;1;1;AP-7;150;2;4;1;999;;1;1;1;;;999;4
7;5;5;8;8211;;1;1;A-2;605,5;3;4;1;999;;1;4;1;;;999;4
7;5;7;8;0;;1;1;AP-7;95,4;2;9;1;999;;3;1;3;;;999;4
7;5;8;8;0;;2;2;BV-4608;19;6;9;1;999;;1;1;1;;;999;4
7;5;13;8;8054;;1;1;A-2;587;3;4;1;999;;1;1;1;;;999;4
7;5;12;8;0;;1;1;BV-2429;22;6;2;2;2;;1;1;1;;;999;4
7;5;14;8;8200;;1;1;C-32;53,5;2;4;1;999;;1;1;1;;;999;4
7;5;16;8;8252;;1;1;AP-7;146;2;3;1;999;;1;1;1;;;999;4
7;5;17;8;8231;;1;1;C-15B;1,6;6;2;2;4;;1;1;1;;;999;4
7;5;13;8;0;;1;1;GI-512;4,5;6;19;1;999;;1;1;1;;;999;4
7;5;18;8;8136;;1;1;AP-7;134,5;2;3;1;999;;1;1;1;;;999;4
7;5;19;8;0;;3;2;No inventariada;;14;9;1;999;;1;1;1;;;999;998
7;5;20;8;8092;;1;1;C-16;88,7;3;3;1;999;;1;1;1;;;999;4
7;5;22;8;8161;;1;1;BV-2242;10,2;6;19;1;999;;1;6;1;;;999;4
7;5;22;8;0;;1;1;C-670;8;6;2;2;4;;1;4;1;;;999;4
7;5;22;8;0;;1;1;C-25;154;3;4;1;999;;1;6;1;;;999;4
7;2;17;8;8101;;3;2;No inventariada;;14;4;1;999;;1;1;1;;;17;998
6;2;21;8;8101;;3;2;No inventariada;;14;9;1;999;;1;4;1;;;17;998
5;1;12;8;8114;;3;2;No inventariada;;14;7;2;1;;1;1;1;;;17;998
5;6;20;8;8114;;3;2;No inventariada;;14;7;1;999;;1;1;1;;;17;998
7;4;12;8;8101;;3;2;No inventariada;;14;9;2;1;;1;1;1;;;17;998
7;4;8;8;8101;;3;2;No inventariada;;14;9;1;999;;1;1;1;;;17;998
5;1;12;8;8101;;3;2;No inventariada;;14;4;1;999;;1;1;1;;;17;998
7;4;21;8;8114;;3;2;No inventariada;;14;18;2;4;;1;4;1;;;17;998
7;1;15;8;8101;;3;2;No inventariada;;14;9;1;999;;3;1;1;;;17;998
7;6;19;8;8169;;3;2;No inventariada;;14;2;2;4;;1;1;1;;;17;998
6;5;10;8;8101;;3;2;No inventariada;;14;7;1;999;;1;1;1;;;17;998
7;6;14;8;8114;;3;2;No inventariada;;14;1;2;4;;1;1;1;;;17;998
7;6;11;8;8073;;3;2;No inventariada;;14;18;1;999;;1;1;1;;;17;998
7;4;16;8;8073;;3;2;No inventariada;;14;3;1;999;;1;1;1;;;17;998
7;7;15;8;8169;;3;2;No inventariada;;14;2;2;1;;1;1;1;;;17;998
7;3;14;8;8073;;3;2;No inventariada;;14;18;1;999;;1;1;1;;;17;998
7;5;23;8;8101;;3;2;No inventariada;;14;9;2;4;;8;4;1;;;17;998
7;1;12;8;8101;;3;2;No inventariada;;14;7;1;999;;1;1;1;;;17;998
6;4;17;8;8101;;3;2;No inventariada;;14;3;1;999;;1;1;1;;;17;998
7;5;19;8;8298;;3;2;No inventariada;;14;9;1;999;;1;1;1;;;17;998
6;4;11;8;8101;;3;2;No inventariada;;14;3;2;;;3;1;3;;;17;998
7;2;20;8;8101;;3;2;No inventariada;;14;2;2;1;;1;1;1;;;17;998
7;5;19;8;8015;;3;2;No inventariada;;14;2;2;2;;1;1;1;;;17;998
7;5;15;8;8298;;3;2;No inventariada;;14;4;1;999;;1;1;1;;;17;998
7;1;0;8;8015;;3;2;No inventariada;;14;7;2;1;;1;4;1;;;1;998
7;6;10;8;0;;1;1;BV-5114;9,9;6;3;1;999;;1;1;1;;;17;3
7;2;18;8;8108;;2;2;C-155;10,5;6;3;1;999;;1;1;1;;;999;4
7;1;7;8;8121;;1;1;BV-5031;1,5;6;9;2;4;;8;1;1;;;999;4
7;2;11;8;0;;1;1;BV-4031;10,9;6;20;1;999;;1;1;1;;;999;4
7;5;13;8;0;;1;1;A-2;563,9;3;6;1;999;;1;1;1;;;999;4
7;6;8;8;8267;;1;1;C-1413a;26,6;6;20;1;999;;1;1;1;;;999;4
7;6;9;8;8092;;3;2;No inventariada;;14;3;2;1;;1;1;1;;;999;998
7;6;11;8;8089;;1;1;C-31;184;3;9;1;999;;1;1;1;;;999;4
7;6;5;8;8244;;1;1;A-2;604,1;3;9;1;999;;1;4;1;;;17;2
7;5;18;8;8200;;1;1;C-32;53,5;2;4;1;999;;1;1;1;;;17;1
7;6;11;8;8194;;1;1;C-31;209,4;2;4;2;;;1;1;1;;;999;4
7;6;12;8;8902;;1;1;AP-7;132,5;2;4;1;999;;1;1;1;;;999;4
7;6;13;8;8194;;1;1;B-10;4,9;3;3;1;999;;1;1;1;;;999;4
7;6;12;8;8181;;1;1;C-352;21,6;6;4;1;999;;1;1;1;;;999;4
7;6;15;8;8155;;1;1;C-32;130;2;20;1;999;;1;1;1;;;999;4
7;6;16;8;8033;;1;1;BV-1243;1,8;6;19;1;999;;1;1;1;;;999;4
7;6;21;8;8180;;1;1;BV-1411;2,2;6;4;1;999;;1;5;1;;;999;4
7;6;23;8;8001;;1;1;A-2;585;3;9;1;999;;1;4;1;;;999;4
7;6;17;8;8073;;3;2;No inventariada;;14;7;1;999;;1;1;1;;;17;998
7;6;18;8;8015;;3;2;No inventariada;;14;7;1;999;;1;1;1;;;17;998
7;3;6;8;8295;;1;1;N-340;1233;14;1;1;999;;1;1;1;;;17;4
7;5;19;8;8266;;2;2;No inventariada;;14;9;2;1;;1;1;1;;;1;1
7;6;8;8;8231;;3;2;No inventariada;;14;4;1;999;;1;1;1;;;17;998
7;4;0;8;8904;;1;1;C-58;9,3;2;4;2;;;1;4;1;;;999;4
7;6;18;8;8135;;1;1;AP-7;135,5;2;4;1;999;;1;1;1;;;999;4
7;6;9;8;0;;1;1;C-62;0,5;6;1;1;999;;1;1;1;;;17;2
7;7;8;8;0;;2;2;C-244;21,5;6;19;1;999;;1;1;1;;;999;4
7;7;7;8;8125;;1;1;C-33;82,5;2;4;1;999;;1;1;1;;;17;1
7;7;10;8;0;;1;1;BV-2411;24,1;6;6;1;999;;1;1;1;;;999;4
7;7;14;8;0;;3;2;No inventariada;;14;9;1;999;;1;1;1;;;999;998
7;7;19;8;0;;1;1;AP-7;182,3;2;4;1;999;;1;1;1;;;999;4
7;7;19;8;8161;;1;1;BV-2241;4,9;6;19;1;999;;1;1;1;;;999;4
7;7;22;8;8240;;1;1;AP-7;183;2;6;1;999;;1;6;1;;;999;4
7;7;18;8;0;;1;1;BV-2411;24,3;6;6;1;999;;1;1;1;;;17;4
6;7;5;8;8121;;3;2;No inventariada;;14;7;1;999;;1;2;1;;;17;998
7;5;14;8;8102;;3;2;No inventariada;;14;4;2;2;;1;1;1;;;17;998
6;5;14;8;8121;;3;2;No inventariada;;14;9;2;1;;1;1;1;;;17;998
7;4;12;8;8124;;3;2;No inventariada;;14;9;1;999;;1;1;1;;;17;998
7;5;13;8;8124;;3;2;No inventariada;;14;2;2;4;;1;1;1;;;17;998
7;4;6;8;8284;;3;2;No inventariada;;14;1;1;999;;1;2;1;;;1;998
7;6;6;8;8289;;3;2;No inventariada;;14;20;1;999;;1;1;1;;;17;998
7;1;23;8;8040;;3;2;No inventariada;;14;2;1;999;;1;1;1;;;17;998
6;3;13;8;8043;;1;1;C-15;7;3;4;1;999;;1;1;1;;;999;4
6;3;20;8;8217;;1;1;A-2;608;3;4;1;999;;1;2;1;;;999;4
7;4;2;8;0;;1;1;BP-5107;40,3;6;19;1;999;;1;6;1;;;999;4
7;7;23;8;8030;;1;1;C-32;94;2;4;1;999;;1;4;1;;;999;4
7;1;7;8;8001;;1;1;A-2;585;3;9;1;999;;1;1;1;;;999;4
7;1;10;8;8270;;1;1;C-31;176;6;9;1;999;;1;1;1;;;999;4
7;1;14;8;8091;;1;1;AP-7;177,5;2;4;1;999;;1;1;1;;;999;4
7;1;14;8;8086;;1;1;C-352;22,5;6;4;1;999;;1;1;1;;;999;4
7;1;7;8;8211;;1;1;B-23;7,5;2;4;1;999;;1;1;1;;;17;1
7;1;15;8;8187;;1;1;C-155;1,2;6;2;2;2;;1;1;1;;;999;4
7;1;16;8;8022;;1;1;C-16;94,5;3;19;1;999;;1;1;1;;;999;4
7;1;16;8;0;;2;2;C-1411a;12;14;3;1;999;;1;1;1;;;999;4
7;1;22;8;8075;;1;1;No inventariada;1,6;6;20;1;999;;1;5;1;;;999;4
7;2;0;8;0;;1;1;B-23;13,5;2;19;1;999;;1;6;1;;;999;4
7;1;11;8;8102;;3;2;No inventariada;;14;2;2;1;;1;1;1;;;17;998
7;3;17;8;8003;;1;1;BP-5002;1,6;6;4;2;2;;1;1;1;;;17;4
7;6;19;8;8263;;3;2;No inventariada;;14;9;2;1;;1;1;1;;;17;998
7;4;9;8;8298;;3;2;No inventariada;;14;9;1;999;;1;1;1;;;17;998
7;4;14;8;8073;;3;2;No inventariada;;14;2;2;1;;1;1;1;;;17;998
7;4;17;8;8073;;3;2;No inventariada;;14;2;2;4;;1;1;1;;;17;998
7;5;17;8;8073;;3;2;No inventariada;;14;3;2;2;;1;1;1;;;17;998
7;1;13;8;8073;;3;2;No inventariada;;14;2;2;1;;1;1;1;;;17;998
7;3;19;8;8073;;3;2;No inventariada;;14;7;2;2;;1;1;1;;;17;998
7;4;7;8;8279;;3;2;No inventariada;;14;3;1;999;;1;1;1;;;17;998
7;1;0;8;8184;;3;2;No inventariada;;14;20;1;999;;1;1;1;;;17;998
7;7;19;8;8073;;3;2;No inventariada;;14;9;2;4;;8;1;1;;;17;998
7;7;22;8;8126;;1;1;C-32;84,4;2;4;1;999;;1;5;1;;;999;4
7;1;10;8;8073;;1;1;C-245;13;6;20;2;4;;1;1;1;;;999;4
7;2;7;8;8123;;1;1;B-23;10;2;4;1;999;;1;1;1;;;999;4
7;7;19;8;8235;;1;1;N-2;663;6;4;1;999;;1;1;1;;;999;4
7;1;11;8;8245;;1;1;B-20;17;2;20;2;1;;1;1;1;;;17;4
7;1;17;8;8245;;1;1;B-20;17,3;2;4;1;999;;1;1;1;;;999;4
7;1;19;8;8006;;1;1;C-32;109,5;2;3;1;999;;1;1;1;;;999;4
7;2;7;8;8285;;1;1;C-37;153,8;6;4;2;2;;1;1;1;;;999;4
7;2;8;8;8101;;1;1;C-31;198;3;4;1;999;;1;1;1;;;999;4
7;2;8;8;8076;;1;1;A-2;577;3;4;1;999;;1;1;1;;;999;4
7;2;8;8;8041;;4;2;C-352;26,1;3;20;1;999;;1;1;1;;;999;4
7;2;12;8;8056;;1;1;C-32;44;2;19;2;2;;1;1;1;;;999;4
7;2;15;8;8107;;2;2;BV-1432;3;6;4;2;2;;1;1;1;;;999;4
7;2;13;8;8283;;1;1;N-141c;43,8;6;19;1;999;;1;1;1;;;17;1
7;2;21;8;0;;1;1;C-15;11;3;6;1;999;;1;6;1;;;999;4
7;2;22;8;8089;;1;1;C-32;48;2;9;1;999;;1;6;1;;;17;1
6;7;8;8;8003;;1;1;BP-5002;5;6;4;1;999;;1;1;1;;;17;4
7;1;18;8;8102;;3;2;No inventariada;;14;2;2;4;;1;1;1;;;17;998
7;6;10;8;8307;;3;2;No inventariada;;14;2;2;4;;1;1;1;;;17;998
7;4;12;8;8121;;3;2;No inventariada;;14;4;2;2;;1;1;1;;;17;998
7;3;10;8;8015;;3;2;No inventariada;;14;20;1;999;;1;1;1;;;17;998
5;1;12;8;8279;;3;2;No inventariada;;14;7;2;1;;1;1;1;;;17;998
5;5;8;8;8279;;3;2;No inventariada;;14;2;2;1;;1;1;1;;;17;998
5;4;13;8;8279;;3;2;No inventariada;;14;2;2;1;;3;1;4;;;17;998
3;7;14;8;8118;;3;2;No inventariada;;14;4;2;2;;1;1;1;;;17;998
5;4;12;8;8118;;3;2;No inventariada;;14;7;2;1;;1;1;1;;;17;998
7;6;18;8;8015;;3;2;No inventariada;;14;7;2;2;;1;1;1;;;17;998
5;6;12;8;8118;;3;2;No inventariada;;14;4;2;2;;1;1;1;;;17;998
5;2;10;8;8118;;3;2;No inventariada;;14;7;1;999;;3;1;3;;;17;998
5;5;21;8;8118;;3;2;No inventariada;;14;2;2;2;;1;4;1;;;17;998
5;4;9;8;8118;;3;2;No inventariada;;14;7;1;999;;1;1;1;;;17;998
7;3;14;8;8015;;3;2;No inventariada;;14;3;2;2;;1;1;1;;;17;998
7;2;9;8;8073;;3;2;No inventariada;;14;2;2;2;;1;1;1;;;17;998
6;6;3;8;8187;;3;2;No inventariada;;14;20;1;999;;1;1;1;;;17;998
7;6;16;8;8135;;3;2;No inventariada;;14;19;1;999;;1;1;1;;;1;998
7;2;1;8;8015;;3;2;No inventariada;;14;19;1;999;;1;4;1;;;17;998
7;5;13;8;8307;;3;2;No inventariada;;14;20;1;999;;1;1;1;;;17;998
7;1;11;8;0;;1;1;BV-2304;0,7;6;19;1;999;;3;1;3;;;999;4
7;5;15;8;8169;;1;1;C-31;194,5;3;4;1;999;;1;1;1;;;999;4
7;2;8;8;8101;;1;1;C-31;196;3;4;2;;;1;1;1;;;999;4
7;2;10;8;8101;;1;1;B-10;19;3;3;1;999;;1;1;1;;;999;4
7;1;17;8;8245;;1;1;B-20;17;2;4;1;999;;1;1;1;;;999;4
7;2;7;8;8015;;1;1;B-20;20,3;2;6;2;;;1;1;1;;;6;2
7;2;7;8;8019;;1;1;C-58;0,2;2;4;1;999;;1;1;1;;;999;4
7;2;13;8;0;;1;1;C-55;17,4;6;2;2;;;1;1;1;;;999;4
7;2;20;8;8260;;1;1;B-140;8;6;9;1;999;;8;1;1;;;999;4
7;3;7;8;0;;1;1;AP-7;96;2;9;1;999;;1;1;1;;;999;4
7;3;8;8;8114;;1;1;N-2a;586,6;6;3;1;999;;1;1;1;;;999;4
7;3;7;8;8073;;1;1;A-2;608,5;3;3;1;999;;1;1;1;;;999;4
7;3;17;8;8214;;1;1;C-32;92;2;20;2;2;;1;1;1;;;999;4
7;3;22;8;8278;;1;1;BV-5306;2,3;6;8;1;999;;1;6;1;;;999;4
7;3;15;8;8307;;1;1;C-15;0,2;6;19;2;4;;1;1;1;;;999;4
7;2;20;8;8285;;3;2;No inventariada;;14;7;1;999;;1;1;1;;;17;998
4;6;9;8;8211;;3;2;No inventariada;;14;2;1;999;;1;1;1;;;17;998
6;5;18;8;8180;;3;2;No inventariada;;14;2;1;999;;1;1;1;;;17;998
7;1;21;8;8298;;3;2;No inventariada;;14;7;1;999;;1;1;1;;;17;998
7;2;19;8;8180;;3;2;No inventariada;;14;2;2;2;;1;1;1;;;17;998
4;1;11;8;8101;;3;2;No inventariada;;14;3;2;1;;1;1;1;;;17;998
7;2;11;8;8307;;3;2;No inventariada;;14;4;2;4;;1;1;1;;;17;998
7;6;10;8;8089;;3;2;No inventariada;;14;4;1;999;;1;1;1;;;17;998
7;6;12;8;8211;;3;2;No inventariada;;14;9;2;4;;8;1;1;;;17;998
7;1;19;8;8089;;3;2;No inventariada;;14;1;1;999;;1;1;1;;;17;998
7;2;19;8;8121;;3;2;No inventariada;;14;2;2;1;;1;1;1;;;17;998
5;4;9;8;8279;;2;2;C-243c;13,7;14;4;1;999;;1;1;1;;;17;4
5;4;15;8;8279;;3;2;No inventariada;;14;4;1;999;;3;1;4;;;17;998
5;5;8;8;8279;;3;2;No inventariada;;14;7;1;999;;1;1;1;;;17;998
5;4;20;8;8279;;3;2;No inventariada;;14;2;2;2;;1;1;1;;;17;998
5;1;20;8;8279;;2;2;C-243c;13,7;14;3;1;999;;1;1;1;;;17;4
7;6;8;8;8121;;3;2;No inventariada;;14;2;2;4;;1;1;1;;;17;998
7;3;20;8;8121;;3;2;No inventariada;;14;6;1;999;;1;1;1;;;17;998
7;1;22;8;8169;;1;1;No inventariada;0,5;14;4;1;999;;1;4;1;;;17;4
6;2;11;8;8015;;3;2;No inventariada;;14;7;1;999;;1;1;1;;;1;998
7;7;3;8;8169;;3;2;No inventariada;;14;9;1;999;;1;4;1;;;17;998
4;7;14;8;8015;;3;2;No inventariada;;14;6;1;999;;1;1;1;;;1;998
7;4;18;8;8073;;3;2;No inventariada;;14;7;2;2;;3;1;1;;;17;998
7;2;16;8;8169;;3;2;No inventariada;;14;1;1;999;;1;1;1;;;17;998
7;6;16;8;8169;;3;2;No inventariada;;14;3;1;999;;1;1;1;;;17;998
7;1;14;8;8169;;3;2;No inventariada;;14;3;1;999;;1;1;1;;;17;998
7;6;16;8;8187;;3;2;No inventariada;;14;2;2;1;;1;1;1;;;1;998
7;2;19;8;8009;;1;1;C-1415c;10;14;20;1;999;;1;1;1;;;17;4
6;1;17;8;8015;;1;1;C-31;213;2;4;1;999;;1;1;1;;;999;4
7;2;17;8;8124;;1;1;AP-7;138;2;20;1;999;;1;1;1;;;999;4
7;2;19;8;8022;;1;1;BV-4241;0;6;1;2;2;;1;1;1;;;999;4
7;1;10;8;8029;;1;1;N-2;642,8;6;3;1;999;;1;1;1;;;999;4
7;3;18;8;8124;;1;1;AP-7;138;2;4;1;999;;1;1;1;;;999;4
7;3;18;8;8155;;1;1;C-32;128,5;2;19;1;999;;1;1;1;;;999;4
7;4;7;8;8068;;1;1;N-340;1229;6;19;2;2;;1;2;1;;;999;4
7;4;12;8;8194;;1;1;B-10;4,8;3;3;1;999;;1;1;1;;;999;4
7;4;12;8;0;;2;2;B-124;19,5;6;9;1;999;;1;1;1;;;999;4
7;4;11;8;0;;3;2;No inventariada;;14;2;2;1;;1;1;1;;;999;998
7;4;13;8;0;;2;2;BV-5215;0,4;6;3;2;1;;1;1;1;;;999;4
7;4;13;8;0;;1;1;N-340;1197;6;4;2;2;;1;1;1;;;999;4
7;4;15;8;8300;;1;1;B-245;1;6;4;2;4;;1;1;1;;;999;4
7;4;14;8;0;;1;1;C-17;42,5;3;19;1;999;;1;1;1;;;17;4
7;4;15;8;0;;2;2;BV-5303;5,2;14;2;2;2;;1;1;1;;;999;4
7;4;16;8;8307;;1;1;C-15z;2,7;6;4;2;4;;1;1;1;;;999;4
7;4;16;8;0;;1;1;C-17;40;3;4;1;999;;1;1;1;;;999;4
7;4;17;8;8240;;1;1;AP-7;183;2;2;1;999;;1;1;1;;;999;4
7;4;18;8;8006;;1;1;C-32;113,5;2;9;2;4;;1;1;1;;;999;4
7;4;21;8;0;;1;1;A-2;554;3;3;2;;;1;6;1;;;999;4
7;4;20;8;8113;;1;1;C-55;32,6;3;19;2;;;1;1;1;;;999;4
7;5;4;8;8074;;2;2;C-31;146,9;6;8;1;999;;1;6;1;;;999;4
6;4;13;8;8211;;3;2;No inventariada;;14;9;1;999;;3;1;3;;;17;998
7;4;8;8;8121;;3;2;No inventariada;;14;7;2;1;;1;1;1;;;17;998
7;1;6;8;8211;;3;2;No inventariada;;14;9;1;999;;1;5;1;;;17;998
7;4;18;8;8089;;3;2;No inventariada;;14;2;1;999;;1;1;1;;;17;998
7;4;20;8;8102;;3;2;No inventariada;;14;4;2;1;;1;1;1;;;17;998
7;1;1;8;8307;;3;2;No inventariada;;14;3;1;999;;1;4;1;;;17;998
7;5;8;8;8089;;3;2;No inventariada;;14;2;2;2;;1;1;1;;;17;998
7;4;15;8;8307;;3;2;No inventariada;;14;1;2;2;;1;1;1;;;17;998
7;5;11;8;8089;;3;2;No inventariada;;14;4;1;999;;1;1;1;;;17;998
6;3;13;8;8211;;3;2;No inventariada;;14;2;2;4;;1;1;1;;;17;998
5;7;14;8;8279;;3;2;No inventariada;;14;9;2;2;;1;1;1;;;17;998
5;6;21;8;8279;;2;2;BV-1221;0;14;9;1;999;;1;4;1;;;17;4
5;3;17;8;8279;;3;2;No inventariada;;14;3;1;999;;1;1;1;;;17;998
7;3;13;8;8089;;3;2;No inventariada;;14;2;2;1;;1;1;1;;;17;998
5;1;8;8;8279;;3;2;No inventariada;;14;2;2;1;;1;1;1;;;17;998
5;2;19;8;8279;;3;2;No inventariada;;14;9;1;999;;1;1;1;;;17;998
5;3;17;8;8279;;3;2;No inventariada;;14;7;1;999;;3;1;3;;;17;998
5;3;12;8;8279;;3;2;No inventariada;;14;9;1;999;;1;1;1;;;17;998
5;7;13;8;8279;;3;2;No inventariada;;14;6;2;2;;1;1;1;;;17;998
7;5;18;8;8121;;3;2;No inventariada;;14;3;2;2;;1;1;1;;;17;998
7;2;3;8;8089;;3;2;No inventariada;;14;7;1;999;;1;1;1;;;17;998
6;5;13;8;8211;;3;2;No inventariada;;14;2;2;1;;1;1;1;;;17;998
5;5;23;8;8279;;2;2;C-243c;14;14;3;1;999;;1;4;1;;;17;4
5;5;21;8;8279;;3;2;No inventariada;;14;4;1;999;;1;2;1;;;17;998
5;5;17;8;8279;;3;2;No inventariada;;14;2;2;1;;1;1;1;;;17;998
5;5;20;8;8279;;3;2;No inventariada;;14;2;2;1;;1;2;1;;;17;998
5;5;22;8;8279;;2;2;C-1415a;16,9;14;2;2;4;;1;5;1;;;17;4
5;7;18;8;8279;;3;2;No inventariada;;14;6;1;999;;1;1;1;;;17;998
7;5;14;8;8073;;3;2;No inventariada;;14;4;1;999;;1;1;1;;;17;998
7;6;12;8;8121;;3;2;No inventariada;;14;2;2;2;;1;1;1;;;17;998
7;6;20;8;8121;;3;2;No inventariada;;14;4;2;4;;1;1;1;;;17;998
7;7;10;8;8121;;3;2;No inventariada;;14;9;2;4;;3;1;4;;;17;998
7;7;23;8;8121;;3;2;No inventariada;;14;9;1;999;;1;5;1;;;17;998
7;5;22;8;8015;;3;2;No inventariada;;14;2;2;2;;1;4;1;;;17;998
7;2;19;8;8172;;2;2;N-2;638,2;6;2;1;999;;1;1;1;;;999;4