MES;DIA_SEMANA;HORA;COD_PROVINCIA;COD_MUNICIPIO;ISLA;ZONA;ZONA_AGRUPADA;CARRETERA;KM;TIPO_VIA;TIPO_ACCIDENTE;NUDO;NUDO_INFO;CARRETERA_CRUCE;CONDICION_FIRME;CONDICION_ILUMINACION;CONDICION_METEO;CONDICION_NIEBLA;CONDICION_VIENTO;VISIB_RESTRINGIDA_POR;TRAZADO_PLANTA
7;4;10;8;8019;;1;1;C-58;0,1;2;4;1;999;;1;1;1;;;999;4
7;4;11;8;8238;;1;1;C-58;13;2;3;1;999;;1;1;1;;;999;4
7;4;17;8;8167;;1;1;C-155;3;6;9;1;999;;1;1;1;;;999;4
7;4;17;8;8238;;1;1;BP-1503;19,8;6;3;1;999;;1;1;1;;;999;4
7;4;17;8;8125;;1;1;C-58;4,4;2;9;1;999;;1;1;1;;;999;4
7;5;9;8;8278;;1;1;BV-5306;3;6;9;1;999;;1;1;1;;;999;4
7;5;7;8;8054;;1;1;A-2;587,8;3;3;1;999;;1;1;1;;;999;4
7;5;8;8;8159;;1;1;C-17;13,9;3;20;2;;;1;1;1;;;999;4
7;5;9;8;0;;1;1;BP-4313;42,2;6;2;1;999;;1;1;1;;;999;4
7;5;10;8;0;;1;1;A-2;546,4;3;4;2;;;1;1;1;;;999;4
7;4;15;8;8054;;1;1;A-2;592;3;6;2;;;1;1;1;;;999;4
7;5;12;8;0;;1;1;BV-5116;0,9;6;9;2;4;;1;1;1;;;999;4
7;5;10;8;8124;;1;1;AP-7;139;2;3;1;999;;1;1;1;;;999;4
7;5;12;8;0;;1;1;C-26;166,2;6;19;2;2;;1;1;1;;;999;4
7;5;13;8;8051;;1;1;No inventariada;29;6;19;1;999;;1;1;1;;;999;4
7;5;4;8;8125;;1;1;C-17;3;3;19;1;999;;1;4;1;;;999;4
7;5;14;8;8279;;1;1;B-40;13,1;3;1;1;999;;1;1;1;;;17;1
7;5;16;8;8096;;1;1;AP-7;130,8;2;3;1;999;;1;1;1;;;999;4
7;5;17;8;8121;;1;1;N-2;649,9;6;20;2;4;;1;1;1;;;999;4
7;5;17;8;0;;1;1;No inventariada;4,5;6;4;2;4;;1;1;1;;;999;4
7;5;16;8;8181;;1;1;C-251;4,6;6;4;1;999;;1;1;1;;;999;4
7;5;17;8;8107;;1;1;No inventariada;5,2;6;19;1;999;;1;1;1;;;999;4
7;5;19;8;8217;;1;1;A-2;608,3;3;4;1;999;;1;1;1;;;999;4
7;5;19;8;8205;;1;1;BP-1417;5,6;6;9;1;999;;1;1;1;;;999;4
7;5;19;8;8121;;3;2;No inventariada;;14;7;1;999;;1;1;1;;;17;998
7;1;17;8;8121;;3;2;No inventariada;;14;2;2;1;;1;1;1;;;17;998
7;2;11;8;8298;;3;2;No inventariada;;14;4;1;999;;1;1;1;;;17;998
7;5;20;8;8015;;3;2;No inventariada;;14;2;2;2;;1;1;1;;;17;998
7;3;17;8;8101;;3;2;No inventariada;;14;9;1;999;;1;1;1;;;17;998
7;3;20;8;8101;;3;2;No inventariada;;14;7;1;999;;1;1;1;;;17;998
7;2;18;8;8101;;3;2;No inventariada;;14;4;1;999;;1;1;1;;;17;998
7;1;16;8;8101;;3;2;No inventariada;;14;4;1;999;;1;1;1;;;17;998
7;5;16;8;8101;;3;2;No inventariada;;14;2;2;1;;1;1;1;;;17;998
7;3;21;8;8101;;3;2;No inventariada;;14;2;1;999;;1;1;1;;;17;998
7;2;11;8;8101;;3;2;No inventariada;;14;7;2;1;;1;1;1;;;17;998
7;1;17;8;8101;;3;2;No inventariada;;14;7;1;999;;1;1;1;;;17;998
7;7;23;8;8101;;3;2;No inventariada;;14;9;2;1;;1;1;1;;;17;998
7;7;21;8;8101;;3;2;No inventariada;;14;9;1;999;;1;1;1;;;17;998
7;7;10;8;8101;;3;2;No inventariada;;14;7;1;999;;1;1;1;;;17;998
7;6;15;8;8101;;3;2;No inventariada;;14;6;1;999;;1;1;1;;;17;998
7;5;15;8;8101;;3;2;No inventariada;;14;2;1;999;;1;1;1;;;17;998
7;5;8;8;8101;;3;2;No inventariada;;14;9;2;1;;1;1;1;;;17;998
7;4;7;8;8101;;3;2;No inventariada;;14;3;1;999;;1;1;1;;;17;998
7;2;15;8;8101;;3;2;No inventariada;;14;9;2;1;;1;1;1;;;17;998
7;2;12;8;8101;;3;2;No inventariada;;14;7;1;999;;1;1;1;;;17;998
7;2;10;8;8101;;3;2;No inventariada;;14;2;2;1;;1;1;1;;;17;998
7;1;14;8;8101;;3;2;No inventariada;;14;2;1;999;;1;1;1;;;17;998
7;1;7;8;8101;;3;2;No inventariada;;14;3;1;999;;1;1;1;;;17;998
7;3;12;8;8035;;1;1;N-2;665,6;6;20;2;2;;1;1;1;;;17;1
7;3;12;8;8260;;1;1;C-59;3;3;9;2;2;;8;1;1;;;999;4
7;5;13;8;8283;;1;1;C-17;52;3;4;1;999;;1;1;1;;;999;4
7;6;8;8;0;;1;1;BV-2411;23,2;6;19;1;999;;1;1;1;;;999;4
7;6;11;8;0;;1;1;C-17;42,8;3;2;2;2;;1;1;1;;;999;4
7;6;11;8;0;;1;1;No inventariada;10,5;6;19;1;999;;1;1;1;;;999;4
7;6;12;8;0;;1;1;B-224;19,1;6;2;2;4;;1;1;1;;;999;4
7;6;14;8;8001;;1;1;A-2;585;3;6;2;;;1;1;1;;;999;4
7;6;18;8;8019;;1;1;C-58;0,2;2;3;1;999;;1;1;1;;;17;2
7;6;21;8;0;;1;1;BV-2153;2,9;6;19;1;999;;1;2;1;;;999;4
7;6;23;8;0;;1;1;C-55;41,7;6;19;1;999;;1;6;1;;;999;4
7;6;21;8;0;;2;2;C-59;46,2;14;19;2;2;;1;2;1;;;999;4
7;7;0;8;8279;;1;1;C-16;22;2;3;1;999;;1;6;1;;;999;4
7;7;0;8;8238;;1;1;C-58;13;2;4;1;999;;1;4;1;;;999;4
7;2;20;8;8015;;3;2;No inventariada;;14;7;1;999;;1;1;1;;;17;998
5;3;21;8;8096;;2;2;C-1415b;11,6;14;6;2;2;;1;1;1;;;1;1
6;6;3;8;8231;;3;2;No inventariada;;14;9;2;4;;1;4;1;;;17;998
7;2;16;8;8077;;3;2;No inventariada;;14;7;1;999;;1;1;1;;;17;998
7;6;0;8;8194;;3;2;No inventariada;;14;4;2;2;;1;4;1;;;1;998
7;1;9;8;8076;;1;1;A-2;582;3;6;1;999;;3;1;4;;;999;4
7;5;4;8;8205;;1;1;AP-7;153,4;2;3;1;999;;1;6;1;;;999;4
7;5;13;8;0;;1;1;A-2;565,2;3;4;1;999;;1;1;1;;;999;4
7;6;11;8;8181;;1;1;AP-7;129;2;19;1;999;;1;1;1;;;999;4
7;6;13;8;0;;1;1;C-25;194,6;3;4;1;999;;1;1;1;;;999;4
7;7;7;8;8054;;1;1;A-2;590;3;4;1;999;;1;1;1;;;999;4
7;7;12;8;8022;;1;1;C-26;146,3;6;9;2;;;1;1;1;;;999;4
7;7;12;8;8184;;1;1;C-1413a;14;6;9;2;4;;8;1;1;;;999;4
7;7;12;8;0;;1;1;C-153;22,8;6;3;1;999;;1;1;1;;;999;4
7;4;10;8;8015;;2;2;BV-5011;0,8;14;2;2;1;;1;1;1;;;17;4
1;1;22;8;8086;;3;2;No inventariada;;14;2;2;2;;1;4;1;;;17;998
7;3;19;8;8245;;3;2;No inventariada;;14;19;1;999;;1;1;1;;;17;998
1;2;7;8;8086;;3;2;No inventariada;;14;7;2;1;;3;4;1;;;17;998
1;5;21;8;8086;;3;2;No inventariada;;14;2;2;4;;3;4;3;;;17;998
1;7;5;8;8086;;3;2;No inventariada;;14;4;2;1;;1;4;1;;;17;998
1;7;12;8;8086;;3;2;No inventariada;;14;9;2;4;;1;1;1;;;17;998
2;6;10;8;8086;;1;1;No inventariada;;6;1;1;999;;3;1;3;;;1;2
7;4;5;8;8245;;3;2;No inventariada;;14;7;2;4;;1;4;1;;;17;998
2;6;6;8;8086;;3;2;No inventariada;;14;2;2;2;;3;4;3;;;17;998
7;4;9;8;8096;;3;2;No inventariada;;14;2;1;999;;1;1;1;;;17;998
2;6;8;8;8086;;3;2;No inventariada;;14;4;2;4;;3;1;1;;;17;998
7;3;13;8;8211;;3;2;No inventariada;;14;2;1;999;;1;1;1;;;17;998
3;5;19;8;8086;;3;2;No inventariada;;14;1;1;999;;1;4;1;;;17;998
7;5;6;8;8245;;3;2;No inventariada;;14;4;2;1;;1;2;1;;;17;998
3;5;9;8;8086;;3;2;No inventariada;;14;4;2;2;;1;1;1;;;17;998
7;2;14;8;8101;;3;2;No inventariada;;14;7;2;1;;1;1;1;;;17;998
7;7;8;8;8121;;3;2;No inventariada;;14;2;2;1;;1;1;1;;;17;998
7;2;10;8;8121;;2;2;N-2;647,2;14;9;2;2;;1;1;1;;;17;4
7;2;11;8;8147;;3;2;No inventariada;;14;19;1;999;;1;1;1;;;17;998
7;4;19;8;8015;;3;2;No inventariada;;14;3;2;2;;1;1;1;;;17;998
7;6;1;8;8200;;3;2;No inventariada;;14;2;1;999;;1;1;1;;;17;998
7;2;11;8;8169;;1;1;B-22;6,1;3;4;1;999;;1;1;1;;;999;4
7;4;22;8;8159;;1;1;AP-7;136,3;2;4;1;999;;1;2;1;;;999;4
7;4;12;8;8270;;1;1;C-31;169,5;6;19;1;999;;1;1;1;;;999;4
7;5;6;8;8305;;1;1;AP-7;191,5;2;6;1;999;;1;2;1;;;999;4
7;3;17;8;8301;;1;1;C-32;51;2;4;1;999;;1;1;1;;;999;4
7;6;17;8;8264;;2;2;N-2;653,5;6;9;2;2;;1;1;1;;;999;4
7;1;6;8;8245;;1;1;B-20;17,5;2;4;1;999;;1;1;1;;;999;4
7;1;6;8;8231;;1;1;BV-2112;4,4;6;8;1;999;;1;1;1;;;999;4
7;1;8;8;8089;;1;1;C-31;182,8;3;4;2;2;;1;1;1;;;999;4
7;1;11;8;8108;;1;1;C-155;13,6;6;7;2;4;;1;1;1;;;999;4
7;1;14;8;0;;1;1;N-340;1210;6;4;1;999;;1;1;1;;;999;4
7;1;14;8;8161;;1;1;B-224;12,5;6;19;1;999;;1;1;1;;;999;4
7;1;16;8;8009;;1;1;C-32;99;2;4;1;999;;1;1;1;;;999;4
7;1;17;8;8169;;1;1;B-20;2;2;9;2;4;;8;1;1;;;999;4
7;1;17;8;8260;;1;1;AP-7;145;2;4;1;999;;1;1;1;;;999;4
7;1;14;8;0;;1;1;BV-2428;1,4;6;1;1;999;;1;1;1;;;4;2
7;1;8;8;8015;;3;2;No inventariada;;14;4;1;999;;1;1;1;;;17;998
7;1;19;8;8089;;3;2;No inventariada;;14;1;2;2;;1;1;1;;;17;998
7;2;17;8;8121;;2;2;N-2;647,2;14;4;2;2;;1;1;1;;;17;4
7;5;16;8;8023;;3;2;No inventariada;;14;9;1;999;;1;1;1;;;17;998
5;6;20;8;8279;;2;2;C-243c;13,7;14;4;2;4;;1;1;1;;;17;4
5;5;14;8;8279;;3;2;No inventariada;;14;3;2;1;;1;1;1;;;17;998
4;1;9;8;8240;;3;2;No inventariada;;14;2;2;2;;3;1;3;;;17;998
7;5;18;8;8211;;3;2;No inventariada;;14;2;1;999;;1;1;1;;;17;998
5;5;18;8;8279;;2;2;B-120;0,5;14;2;2;2;;1;1;1;;;17;4
5;1;21;8;8279;;3;2;No inventariada;;14;4;2;1;;1;1;1;;;17;998
7;5;8;8;8245;;2;2;BV-5001;3,4;14;4;1;999;;1;1;1;;;17;4
5;4;13;8;8279;;3;2;No inventariada;;14;7;1;999;;1;1;1;;;17;998
5;4;11;8;8279;;3;2;No inventariada;;14;7;1;999;;1;1;1;;;17;998
6;1;8;8;8279;;3;2;No inventariada;;14;7;2;1;;1;1;1;;;17;998
6;3;14;8;8191;;3;2;No inventariada;;14;2;2;2;;1;1;1;;;17;998
7;6;10;8;8101;;3;2;No inventariada;;14;4;2;1;;1;1;1;;;17;998
7;1;18;8;8015;;3;2;No inventariada;;14;9;1;999;;1;1;1;;;17;998
7;1;20;8;8101;;3;2;No inventariada;;14;7;1;999;;1;1;1;;;17;998
7;5;11;8;8101;;3;2;No inventariada;;14;2;2;1;;1;1;1;;;17;998
7;4;11;8;8101;;3;2;No inventariada;;14;9;2;1;;1;1;1;;;17;998
7;5;8;8;8101;;3;2;No inventariada;;14;2;1;999;;1;1;1;;;17;998
7;4;19;8;8101;;3;2;No inventariada;;14;9;2;1;;1;1;1;;;17;998
6;5;9;8;8101;;3;2;No inventariada;;14;9;2;1;;1;1;1;;;17;998
7;1;22;8;8015;;3;2;No inventariada;;14;2;2;2;;1;4;1;;;17;998
7;1;4;8;8101;;3;2;No inventariada;;14;9;1;999;;1;4;1;;;1;998
7;6;18;8;8073;;3;2;No inventariada;;14;7;1;999;;1;1;1;;;17;998
7;2;9;8;8073;;3;2;No inventariada;;14;7;1;999;;1;1;1;;;17;998
7;4;10;8;0;;1;1;AP-7;197;2;3;1;999;;1;1;1;;;999;4
7;7;15;8;0;;3;2;No inventariada;;14;9;2;4;;8;5;1;;;999;998
7;3;13;8;8205;;1;1;B-30;4,2;2;9;1;999;;1;1;1;;;999;4
7;5;15;8;8121;;1;1;No inventariada;1,4;6;4;1;999;;1;1;1;;;999;4
7;1;13;8;0;;1;1;C-17;66;3;4;1;999;;1;1;1;;;999;4
7;4;10;8;0;;1;1;BV-1245;9;6;9;1;999;;1;1;1;;;999;4
7;2;5;8;8089;;1;1;B-210;1;6;2;1;999;;1;6;1;;;17;1
7;2;11;8;0;;2;2;BV-5122;4,9;6;2;2;4;;1;1;1;;;999;4
7;2;15;8;8125;;1;1;C-33;82,5;2;20;1;999;;1;1;1;;;999;4
7;2;18;8;8260;;1;1;AP-7;144;2;9;2;4;;8;1;1;;;999;4
7;2;18;8;8155;;1;1;C-32;128,4;2;3;1;999;;1;1;1;;;999;4
7;2;21;8;8108;;1;1;C-155;13;6;9;2;4;;8;4;1;;;999;4
7;2;21;8;8136;;1;1;AP-7;133;2;20;1;999;;1;1;1;;;17;4
7;2;23;8;8007;;1;1;C-61;2,1;6;1;2;2;;1;4;1;;;17;1
4;7;11;8;8086;;3;2;No inventariada;;14;4;2;1;;1;1;1;;;17;998
4;1;15;8;8240;;2;2;C-243b;18,6;14;2;2;;;3;1;3;;;17;4
4;3;13;8;8086;;3;2;No inventariada;;14;2;2;2;;1;1;1;;;17;998
4;2;10;8;8086;;3;2;No inventariada;;14;7;2;;;1;1;1;;;17;998
7;2;12;8;8240;;3;2;No inventariada;;14;7;2;2;;1;4;1;;;17;998
4;6;16;8;8086;;3;2;No inventariada;;14;9;1;999;;8;1;1;;;17;998
6;3;12;8;8015;;2;2;BV-5011;0,9;14;20;1;999;;1;1;1;;;17;4
4;1;19;8;8086;;3;2;No inventariada;;14;2;1;999;;3;1;3;;;17;998
6;1;11;8;8279;;3;2;No inventariada;;14;4;1;999;;1;1;1;;;17;998
6;1;14;8;8279;;3;2;No inventariada;;14;7;1;999;;1;1;1;;;17;998
6;2;9;8;8279;;2;2;B-122;0,6;14;7;1;999;;1;1;1;;;17;4
6;6;11;8;8279;;2;2;C-1415a;17,4;14;9;2;2;;1;1;1;;;17;4
7;4;22;8;8101;;3;2;No inventariada;;14;7;2;1;;1;1;1;;;17;998
7;1;16;8;8015;;3;2;No inventariada;;14;2;1;999;;1;1;1;;;17;998
7;2;13;8;8015;;3;2;No inventariada;;14;2;2;1;;1;1;1;;;17;998
5;7;15;8;8187;;3;2;No inventariada;;14;9;1;999;;1;1;1;;;17;998
6;4;15;8;8194;;1;1;C-31;209,9;2;4;1;999;;1;1;1;;;999;4
7;5;13;8;8043;;1;1;C-15;6,8;3;3;1;999;;1;1;1;;;999;4
7;6;20;8;8110;;1;1;N-2;675,5;6;9;2;2;;1;1;1;;;999;4
7;2;9;8;8214;;1;1;C-32;92,7;2;4;1;999;;1;1;1;;;999;4
7;6;9;8;0;;1;1;BV-2411;22,4;6;3;1;999;;1;1;1;;;999;4
7;4;9;8;0;;1;1;BV-1123;0;6;4;1;999;;1;1;1;;;999;4
7;5;13;8;8211;;1;1;A-2;604,5;3;3;1;999;;1;1;1;;;999;4
7;2;12;8;8197;;1;1;N-2;652,1;6;4;2;2;;1;1;1;;;999;4
7;2;11;8;8205;;1;1;AP-7;153;2;4;1;999;;1;1;1;;;999;4
7;3;0;8;8056;;1;1;C-32;47,1;2;7;1;999;;1;6;1;;;17;1
7;3;7;8;8307;;1;1;C-15;0,1;6;9;2;4;;8;1;1;;;999;4
7;3;8;8;8187;;2;2;N-150;13,6;6;3;1;999;;1;1;1;;;999;4
7;3;8;8;8205;;1;1;AP-7;153;2;3;1;999;;1;1;1;;;999;4
7;3;9;8;0;;3;2;No inventariada;;14;6;1;999;;1;1;1;;;999;998
7;3;14;8;8284;;1;1;GI-600;2,9;6;4;1;999;;1;1;1;;;999;4
7;3;13;8;8106;;1;1;AP-7;121;2;3;1;999;;1;1;1;;;999;4
7;3;16;8;0;;1;1;AP-7;202,5;2;3;1;999;;1;1;1;;;999;4
7;3;18;8;8121;;1;1;C-32;101,9;2;20;1;999;;1;1;1;;;999;4
7;3;18;8;8155;;1;1;B-682;0,8;6;9;2;4;;8;1;1;;;999;4
7;3;19;8;8231;;1;1;BV-2113;2,4;6;4;2;4;;1;1;1;;;999;4
8;4;3;8;8270;;1;1;C-31;167,2;6;6;1;999;;1;6;1;;;999;4
7;1;15;8;8298;;3;2;No inventariada;;14;9;1;999;;1;1;1;;;17;998
7;2;21;8;8282;;3;2;No inventariada;;14;9;1;999;;8;5;1;;;17;998
6;2;13;8;8279;;3;2;No inventariada;;14;4;2;4;;1;1;1;;;17;998
7;1;17;8;8089;;3;2;No inventariada;;14;7;1;999;;1;1;1;;;17;998
6;3;19;8;8279;;3;2;No inventariada;;14;7;2;2;;1;1;1;;;17;998
6;4;1;8;8279;;3;2;No inventariada;;14;2;2;1;;1;4;1;;;17;998
7;2;11;8;8240;;3;2;No inventariada;;14;6;2;1;;1;1;1;;;17;998
6;3;11;8;8279;;3;2;No inventariada;;14;2;2;4;;1;1;1;;;17;998
6;1;13;8;8279;;3;2;No inventariada;;14;20;2;4;;1;1;1;;;17;998
6;2;9;8;8279;;3;2;No inventariada;;14;2;2;1;;1;1;1;;;17;998
7;3;13;8;8089;;3;2;No inventariada;;14;3;1;999;;1;1;1;;;17;998
6;4;20;8;8279;;3;2;No inventariada;;14;2;2;1;;1;1;1;;;17;998
7;3;20;8;8096;;3;2;No inventariada;;14;7;1;999;;1;1;1;;;17;998
6;2;11;8;8279;;3;2;No inventariada;;14;9;1;999;;1;1;1;;;17;998
6;4;8;8;8279;;3;2;No inventariada;;14;3;1;999;;1;1;1;;;17;998
6;5;8;8;8279;;3;2;No inventariada;;14;2;2;4;;1;1;1;;;17;998
7;3;19;8;8102;;3;2;No inventariada;;14;2;2;2;;1;1;1;;;17;998
6;1;16;8;8279;;3;2;No inventariada;;14;7;1;999;;1;1;1;;;17;998
6;1;12;8;8279;;3;2;No inventariada;;14;2;2;1;;3;1;3;;;17;998
6;2;20;8;8279;;2;2;BV-1221;1,1;14;9;1;999;;3;1;3;;;17;4
6;3;10;8;8279;;3;2;No inventariada;;14;4;1;999;;1;1;1;;;17;998
6;3;15;8;8279;;3;2;No inventariada;;14;4;2;2;;3;1;3;;;17;998
6;3;20;8;8279;;3;2;No inventariada;;14;2;2;1;;3;1;3;;;17;998
6;3;21;8;8279;;3;2;No inventariada;;14;9;2;1;;3;4;3;;;17;998
6;4;9;8;8279;;3;2;No inventariada;;14;2;1;999;;1;1;1;;;17;998
6;5;9;8;8279;;1;1;C-58;20;2;3;1;999;;1;1;1;;;17;4
7;2;11;8;8015;;3;2;No inventariada;;14;2;2;1;;1;1;1;;;17;998
7;3;9;8;8015;;3;2;No inventariada;;14;2;2;1;;1;1;1;;;1;998
7;1;14;8;8073;;3;2;No inventariada;;14;7;1;999;;1;1;1;;;17;998
7;1;18;8;8073;;3;2;No inventariada;;14;1;1;999;;1;1;1;;;1;998
8;4;15;8;8298;;3;2;No inventariada;;14;7;2;1;;1;1;1;;;17;998
7;3;18;8;8015;;3;2;No inventariada;;14;6;1;999;;1;1;1;;;17;998
7;2;0;8;8194;;3;2;No inventariada;;14;2;2;2;;1;4;1;;;17;998
7;3;14;8;8231;;3;2;No inventariada;;14;2;1;999;;1;1;1;;;17;998
7;6;16;8;8270;;1;1;C-31;165,7;6;3;1;999;;1;1;1;;;999;4
7;5;15;8;8157;;1;1;A-2;598,6;3;2;2;4;;1;1;1;;;999;4
7;1;5;8;8105;;1;1;C-59;0,1;6;9;2;2;;1;2;1;;;999;4
7;2;20;8;8009;;1;1;C-60;0,1;2;9;1;999;;8;1;1;;;999;4
7;3;9;8;8003;;1;1;C-32;86;2;9;1;999;;1;1;1;;;999;4
8;4;3;8;8030;;1;1;C-32;94,5;2;4;1;999;;1;6;1;;;999;4
8;4;6;8;0;;3;2;No inventariada;;14;9;1;999;;1;2;1;;;999;998
8;4;7;8;8263;;1;1;A-2;602;3;9;2;4;;1;1;1;;;999;4
8;4;7;8;8266;;1;1;BV-1415;6,7;6;9;1;999;;1;1;1;;;999;4
8;4;7;8;0;;1;1;C-17;43,5;3;20;1;999;;1;2;1;;;4;2
8;4;8;8;8217;;1;1;A-2;608;3;3;2;2;;1;1;1;;;999;4
8;4;9;8;8068;;1;1;N-340;1241;6;9;2;4;;8;1;1;;;999;4
8;4;10;8;8054;;1;1;AP-7;164;2;4;1;999;;1;1;1;;;999;4
8;4;12;8;8307;;1;1;C-15;1,8;3;6;1;999;;1;1;1;;;999;4
8;4;16;8;8205;;1;1;AP-7;159,1;2;3;1;999;;1;1;1;;;999;4
8;4;15;8;8307;;1;1;C-32;19,2;2;3;1;999;;1;1;1;;;999;4
8;4;18;8;8089;;1;1;C-31;184,5;3;4;1;999;;1;1;1;;;999;4
8;4;20;8;8181;;1;1;AP-7;130,5;2;20;1;999;;1;1;1;;;17;4
8;5;0;8;8231;;1;1;C-15B;4,2;6;8;1;999;;1;6;1;;;999;4
6;6;15;8;8279;;3;2;No inventariada;;14;4;2;1;;1;1;1;;;17;998
6;7;13;8;8279;;3;2;No inventariada;;14;9;1;999;;1;1;1;;;17;998
6;7;21;8;8279;;3;2;No inventariada;;14;2;2;4;;1;2;1;;;17;998
6;1;12;8;8279;;3;2;No inventariada;;14;9;2;2;;1;1;1;;;17;998
6;2;10;8;8279;;3;2;No inventariada;;14;4;2;1;;1;1;1;;;17;998
7;2;17;8;8121;;3;2;No inventariada;;14;2;1;999;;1;1;1;;;17;998
6;3;16;8;8279;;3;2;No inventariada;;14;9;1;999;;1;1;1;;;17;998
6;3;17;8;8279;;3;2;No inventariada;;14;4;1;999;;1;1;1;;;17;998
6;6;15;8;8015;;3;2;No inventariada;;14;6;1;999;;1;1;1;;;17;998
7;1;12;8;8217;;3;2;No inventariada;;14;7;1;999;;1;1;1;;;17;998
7;2;18;8;8217;;3;2;No inventariada;;14;4;1;999;;1;2;1;;;17;998
7;5;14;8;8245;;3;2;No inventariada;;14;7;1;999;;1;1;1;;;17;998
6;4;6;8;8279;;3;2;No inventariada;;14;9;2;1;;3;1;3;;;17;998
7;2;6;8;8217;;3;2;No inventariada;;14;1;2;1;;1;2;1;;;17;998
6;4;8;8;8279;;3;2;No inventariada;;14;2;2;1;;3;1;3;;;17;998
7;2;16;8;8217;;3;2;No inventariada;;14;2;2;1;;1;1;1;;;17;998
7;3;22;8;8307;;3;2;No inventariada;;14;2;1;999;;1;4;1;;;17;998
6;5;8;8;8279;;3;2;No inventariada;;14;2;2;4;;1;1;1;;;17;998
6;5;15;8;8279;;3;2;No inventariada;;14;3;2;4;;1;1;1;;;17;998
6;7;12;8;8279;;3;2;No inventariada;;14;2;2;4;;1;1;1;;;17;998
6;5;15;8;8279;;3;2;No inventariada;;14;2;1;999;;1;1;1;;;17;998
6;2;17;8;8279;;3;2;No inventariada;;14;2;2;;;1;1;1;;;17;998
4;3;23;8;8086;;2;2;BV-5151;0;14;2;2;2;;1;4;1;;;17;4
6;7;20;8;8279;;3;2;No inventariada;;14;2;1;999;;1;1;1;;;17;998
7;7;18;8;8245;;2;2;BV-5001;0,9;14;4;2;2;;1;1;1;;;17;4
6;2;15;8;8279;;3;2;No inventariada;;14;9;1;999;;8;1;1;;;17;998
6;5;7;8;8279;;3;2;No inventariada;;14;4;1;999;;1;1;1;;;17;998
5;4;12;8;8086;;3;2;No inventariada;;14;7;2;4;;3;1;4;;;17;998
6;4;13;8;8279;;3;2;No inventariada;;14;9;2;;;1;1;1;;;17;998
6;4;17;8;8279;;3;2;No inventariada;;14;2;1;999;;1;1;1;;;17;998
5;3;10;8;8086;;3;2;No inventariada;;14;6;2;4;;3;1;1;;;17;998
6;5;13;8;8279;;3;2;No inventariada;;14;9;1;999;;1;1;1;;;17;998
6;5;14;8;8279;;3;2;No inventariada;;14;2;1;999;;1;1;1;;;17;998
7;1;15;8;8245;;3;2;No inventariada;;14;2;2;1;;1;1;1;;;17;998
6;5;15;8;8279;;3;2;No inventariada;;14;2;2;1;;1;1;1;;;17;998
6;4;13;8;8279;;3;2;No inventariada;;14;2;1;999;;1;1;1;;;17;998
6;5;15;8;8279;;2;2;C-1415a;16,4;14;9;1;999;;1;1;1;;;17;4
2;2;17;8;8194;;3;2;No inventariada;;14;2;1;999;;1;1;1;;;17;998
2;2;20;8;8194;;3;2;No inventariada;;14;9;2;2;;1;4;1;;;17;998
3;6;23;8;8194;;3;2;No inventariada;;14;9;2;4;;1;4;1;;;17;998
6;2;19;8;8015;;3;2;No inventariada;;14;9;2;1;;1;1;1;;;17;998
8;6;0;8;8015;;3;2;No inventariada;;14;4;1;999;;1;4;1;;;17;998
7;6;9;8;8202;;1;1;AP-7;101,2;2;4;1;999;;1;1;1;;;999;4
7;6;11;8;8217;;1;1;A-2;606;3;2;2;4;;1;1;1;;;999;4
8;4;13;8;8077;;1;1;B-23;1,3;2;6;2;;;1;1;1;;;999;4
8;4;19;8;8108;;1;1;C-17;18;3;20;1;999;;1;1;1;;;999;4
8;4;18;8;8051;;1;1;B-124;10,1;6;1;1;999;;1;1;1;;;4;3
8;5;7;8;8205;;1;1;B-30;4,5;2;4;2;;;1;1;1;;;999;4
8;5;10;8;0;;3;2;No inventariada;;14;8;1;999;;1;1;1;;;999;998
8;5;12;8;8113;;1;1;C-16;49,5;2;19;1;999;;1;1;1;;;999;4
8;5;14;8;8217;;1;1;A-2;606,9;3;4;1;999;;1;1;1;;;999;4
8;5;15;8;8108;;1;1;C-155;15,1;6;19;2;;;1;1;1;;;999;4
8;5;20;8;8270;;1;1;C-31;176,5;6;9;2;4;;1;1;1;;;999;4
8;5;19;8;8091;;1;1;AP-7;178;2;20;1;999;;1;1;3;;;17;1
8;6;0;8;8184;;1;1;C-16;14,7;2;20;1;999;;1;1;1;;;17;4
8;5;13;8;8073;;3;2;No inventariada;;14;9;2;4;;8;1;1;;;17;998
7;3;9;8;8073;;3;2;No inventariada;;14;2;2;1;;1;1;1;;;17;998
7;3;13;8;8073;;3;2;No inventariada;;14;9;1;999;;1;1;1;;;17;998
7;5;16;8;8121;;3;2;No inventariada;;14;2;2;1;;1;1;1;;;17;998
6;5;20;8;8279;;3;2;No inventariada;;14;3;2;1;;1;1;1;;;17;998
7;6;9;8;8121;;3;2;No inventariada;;14;7;2;2;;1;1;1;;;17;998
6;6;3;8;8279;;3;2;No inventariada;;14;9;1;999;;1;4;1;;;17;998
6;6;13;8;8279;;3;2;No inventariada;;14;4;2;1;;1;1;1;;;17;998
6;6;15;8;8279;;3;2;No inventariada;;14;7;1;999;;1;1;1;;;17;998
7;3;10;8;8073;;2;2;BV-2001;0,5;14;9;1;999;;1;1;1;;;17;4
4;2;8;8;8041;;3;2;No inventariada;;14;2;2;1;;1;1;1;;;17;998
6;3;21;8;8123;;3;2;No inventariada;;14;7;1;999;;3;4;4;;;17;998
6;4;16;8;8123;;3;2;No inventariada;;14;3;1;999;;1;1;1;;;17;998