MES;DIA_SEMANA;HORA;COD_PROVINCIA;COD_MUNICIPIO;ISLA;ZONA;ZONA_AGRUPADA;CARRETERA;KM;TIPO_VIA;TIPO_ACCIDENTE;NUDO;NUDO_INFO;CARRETERA_CRUCE;CONDICION_FIRME;CONDICION_ILUMINACION;CONDICION_METEO;CONDICION_NIEBLA;CONDICION_VIENTO;VISIB_RESTRINGIDA_POR;TRAZADO_PLANTA
5;2;19;8;8123;;3;2;No inventariada;;14;1;1;999;;1;1;1;;;17;998
5;3;16;8;8123;;3;2;No inventariada;;14;7;2;1;;1;1;1;;;17;998
6;3;19;8;8123;;3;2;No inventariada;;14;7;2;2;;1;1;1;;;17;998
8;6;10;8;8194;;3;2;No inventariada;;14;2;2;1;;1;1;1;;;17;998
8;6;6;8;8138;;1;1;N-141c;24,2;6;19;1;999;;1;2;1;;;999;4
8;6;8;8;0;;1;1;AP-7;181;2;4;1;999;;1;1;1;;;999;4
8;6;13;8;8270;;1;1;C-31;168,5;6;9;1;999;;8;1;1;;;999;4
8;6;17;8;8073;;1;1;C-32;60,4;3;9;1;999;;1;1;1;;;999;4
8;6;18;8;8270;;1;1;C-31;172,8;6;6;1;999;;1;1;1;;;999;4
8;6;21;8;8279;;1;1;C-16;24;2;6;1;999;;1;5;1;;;999;4
8;6;22;8;8202;;2;2;C-35;56;6;6;2;4;;1;5;1;;;999;4
6;7;11;8;8279;;3;2;No inventariada;;14;4;1;999;;1;1;1;;;17;998
7;2;11;8;8279;;2;2;BP-1503;22,1;14;4;1;999;;1;1;1;;;17;4
7;2;10;8;8279;;3;2;No inventariada;;14;2;2;1;;1;1;1;;;17;998
7;2;9;8;8279;;3;2;No inventariada;;14;7;1;999;;1;1;1;;;17;998
7;2;13;8;8279;;3;2;No inventariada;;14;2;2;1;;1;1;1;;;17;998
7;6;22;8;8279;;2;2;N-150;18,1;14;3;1;999;;3;4;1;;;17;4
7;7;16;8;8279;;2;2;BP-1503;22,1;14;9;1;999;;1;1;1;;;17;4
7;3;19;8;8279;;3;2;No inventariada;;14;9;1;999;;1;1;1;;;17;998
7;3;15;8;8279;;3;2;No inventariada;;14;4;1;999;;1;1;1;;;17;998
7;4;15;8;8279;;3;2;No inventariada;;14;9;1;999;;1;1;1;;;17;998
6;5;11;8;8279;;3;2;No inventariada;;14;4;1;999;;1;1;1;;;17;998
7;5;13;8;8279;;2;2;C-1415a;16,4;14;9;1;999;;1;1;1;;;17;4
7;6;17;8;8279;;3;2;No inventariada;;14;9;1;999;;1;1;1;;;17;998
4;5;14;8;8041;;3;2;No inventariada;;14;2;2;4;;1;1;1;;;17;998
6;4;10;8;8113;;3;2;No inventariada;;14;9;2;4;;1;1;1;;;1;998
6;6;7;8;8187;;3;2;No inventariada;;14;20;1;999;;1;1;1;;;17;998
7;6;14;8;8305;;3;2;No inventariada;;14;2;2;2;;1;1;1;;;1;998
7;4;11;8;8205;;3;2;No inventariada;;14;20;1;999;;1;1;1;;;1;998
7;4;0;8;8219;;3;2;No inventariada;0;14;4;1;999;;1;4;1;;;1;998
8;4;9;8;8231;;3;2;No inventariada;;14;4;1;999;;1;1;1;;;17;998
7;6;9;8;8295;;2;2;N-340;1236;14;20;2;;;1;1;1;;;1;4
7;7;7;8;0;;1;1;AP-7;114,5;2;20;1;999;;1;1;1;;;999;4
8;5;21;8;8205;;1;1;B-30;1,2;2;9;1;999;;4;6;4;;;999;4
8;7;2;8;8076;;1;1;C-55;8,5;6;1;1;999;;1;6;1;;;17;2
8;7;7;8;0;;1;1;N-141c;17;6;2;2;4;;1;1;1;;;999;4
8;7;10;8;0;;3;2;No inventariada;;14;9;1;999;;1;1;1;;;999;998
8;7;9;8;0;;1;1;BV-2136;10,6;6;19;1;999;;1;1;1;;;999;4
8;7;11;8;0;;1;1;B-431;70,5;6;9;1;999;;8;1;1;;;999;4
8;7;12;8;8041;;1;1;C-17;21,8;3;9;2;;;1;1;1;;;999;4
8;7;8;8;8169;;1;1;C-32B;0,5;3;4;1;999;;1;1;1;;;999;4
8;7;11;8;0;;1;1;BV-1245;9,2;6;2;1;999;;1;1;1;;;17;1
8;7;18;8;8003;;1;1;C-32;84,7;2;4;1;999;;1;1;1;;;999;4
8;7;19;8;8307;;1;1;C-15;2,5;3;19;2;4;;1;1;1;;;17;2
8;7;20;8;0;;1;1;AP-7;189;2;4;1;999;;1;1;1;;;999;4
8;7;22;8;8187;;1;1;N-150;14,2;6;8;1;999;;1;6;1;;;999;4
8;1;0;8;8270;;1;1;C-31;167,2;6;1;1;999;;1;6;1;;;17;2
7;6;11;8;8279;;3;2;No inventariada;;14;2;2;1;;1;1;1;;;17;998
7;6;19;8;8279;;3;2;No inventariada;;14;2;2;1;;1;1;1;;;17;998
7;2;9;8;8245;;3;2;No inventariada;;14;3;2;4;;1;1;1;;;17;998
7;1;9;8;8279;;3;2;No inventariada;;14;7;1;999;;1;1;1;;;17;998
8;7;14;8;8298;;3;2;No inventariada;;14;4;1;999;;1;1;1;;;17;998
7;1;14;8;8279;;1;1;C-58;18,1;2;3;2;;;1;1;1;;;17;4
7;2;15;8;8245;;3;2;No inventariada;;14;7;1;999;;1;1;1;;;17;998
7;3;13;8;8279;;3;2;No inventariada;;14;2;2;1;;1;1;1;;;17;998
7;3;18;8;8279;;3;2;No inventariada;;14;2;1;999;;1;1;1;;;17;998
7;4;4;8;8279;;1;1;BV-1221;2,5;14;8;1;999;;1;5;1;;;17;4
7;4;7;8;8279;;3;2;No inventariada;;14;9;1;999;;1;1;1;;;17;998
7;4;12;8;8279;;3;2;No inventariada;;14;2;2;1;;1;1;1;;;17;998
6;5;20;8;8279;;3;2;No inventariada;;14;2;2;4;;1;1;1;;;17;998
7;4;20;8;8279;;3;2;No inventariada;;14;2;2;1;;1;1;1;;;17;998
7;5;15;8;8279;;2;2;C-243c;13,7;14;2;1;999;;1;1;1;;;17;4
7;5;21;8;8279;;3;2;No inventariada;;14;9;1;999;;1;4;1;;;17;998
7;5;22;8;8279;;3;2;No inventariada;;14;2;2;1;;1;4;1;;;17;998
7;6;5;8;8279;;3;2;No inventariada;;14;2;2;1;;1;4;1;;;17;998
7;1;18;8;8214;;3;2;No inventariada;0;14;4;1;999;;1;1;1;;;17;998
7;5;14;8;8284;;1;1;N-2;682,5;6;4;1;999;;1;1;1;;;999;4
7;3;18;8;8235;;1;1;BV-5128;27,4;6;4;1;999;;1;1;1;;;999;4
7;1;6;8;8285;;1;1;C-37;154,2;6;1;1;999;;1;1;1;;;999;4
8;4;23;8;8076;;1;1;B-231;1;6;1;1;999;;1;6;1;;;999;4
8;5;8;8;8007;;2;2;C-61;2,2;6;2;2;1;;1;1;1;;;999;4
8;6;21;8;8245;;1;1;B-20;16,9;2;4;1;999;;1;1;1;;;999;4
8;6;13;8;8029;;1;1;C-31D;0,4;6;19;1;999;;1;1;1;;;999;4
8;1;0;8;8284;;1;1;GI-600;1,4;6;3;2;1;;1;1;1;;;17;4
8;1;6;8;8056;;1;1;C-32;44;2;7;1;999;;1;6;1;;;999;4
8;1;7;8;8252;;1;1;AP-7;147;2;2;1;999;;1;1;1;;;999;4
8;1;11;8;8169;;1;1;C-31;194;3;6;1;999;;1;1;1;;;999;4
8;1;14;8;0;;1;1;A-2;570,2;3;19;1;999;;1;1;1;;;999;4
8;1;16;8;8169;;1;1;A-2;610,8;3;4;2;;;1;1;1;;;999;4
8;1;18;8;8240;;1;1;AP-7;183,5;2;6;2;;;1;1;1;;;999;4
8;1;18;8;8284;;1;1;GI-600;3,4;6;3;2;2;;1;1;1;;;17;1
7;2;23;8;8035;;3;2;No inventariada;;14;9;2;4;;1;2;1;;;17;998
8;7;0;8;8096;;3;2;No inventariada;;14;2;2;2;;1;4;1;;;17;998
7;6;22;8;8279;;3;2;No inventariada;;14;7;1;999;;1;4;1;;;17;998
7;6;13;8;8089;;3;2;No inventariada;;14;3;1;999;;1;1;1;;;17;998
7;1;9;8;8279;;3;2;No inventariada;;14;6;2;1;;1;1;1;;;17;998
8;5;15;8;8096;;3;2;No inventariada;;14;4;1;999;;1;1;1;;;17;998
7;3;1;8;8279;;3;2;No inventariada;;14;9;1;999;;1;4;1;;;17;998
7;1;8;8;8307;;3;2;No inventariada;;14;4;2;2;;1;1;1;;;17;998
7;2;12;8;8089;;3;2;No inventariada;;14;7;1;999;;1;1;1;;;17;998
7;2;21;8;8279;;3;2;No inventariada;;14;7;2;2;;1;1;1;;;17;998
7;3;17;8;8089;;3;2;No inventariada;;14;2;2;1;;1;1;1;;;17;998
7;3;14;8;8035;;3;2;No inventariada;;14;7;2;1;;1;1;1;;;17;998
7;5;17;8;8121;;3;2;No inventariada;;14;4;2;1;;1;1;1;;;17;998
6;4;13;8;8086;;3;2;No inventariada;;14;18;2;4;;3;1;3;;;17;998
7;4;21;8;8121;;3;2;No inventariada;;14;7;1;999;;1;4;1;;;17;998
6;6;0;8;8086;;3;2;No inventariada;;14;2;2;4;;1;4;1;;;17;998
8;7;19;8;8169;;3;2;No inventariada;;14;2;2;1;;1;1;1;;;17;998
8;4;14;8;8169;;3;2;No inventariada;;14;6;1;999;;1;1;1;;;17;998
8;6;2;8;8169;;3;2;No inventariada;;14;6;1;999;;1;4;1;;;17;998
7;2;6;8;8169;;3;2;No inventariada;;14;9;2;1;;1;1;1;;;17;998
7;2;11;8;8169;;3;2;No inventariada;;14;9;1;999;;1;1;1;;;17;998
5;6;13;8;8113;;3;2;No inventariada;;14;7;1;999;;1;1;1;;;1;998
7;3;12;8;8159;;2;2;BV-1604;2,1;14;4;1;999;;1;1;1;;;1;4
7;5;19;8;8124;;1;1;AP-7;140;2;4;1;999;;1;1;1;;;999;4
8;6;12;8;0;;1;1;BV-2421;4,9;6;1;1;999;;1;1;1;;;17;3
8;1;14;8;8155;;1;1;N-2;679,9;6;2;2;4;;1;1;1;;;999;4
8;1;22;8;8184;;1;1;C-16;16;2;8;1;999;;1;4;1;;;999;4
8;5;17;8;8106;;1;1;AP-7;121,5;2;20;1;999;;1;1;1;;;999;4
8;2;8;8;8089;;1;1;B-210;2;6;7;2;4;;1;1;1;;;999;4
8;2;11;8;0;;2;2;B-520;3,1;6;19;1;999;;1;1;1;;;999;4
8;2;12;8;0;;3;2;No inventariada;;14;4;2;4;;1;1;1;;;999;998
8;2;12;8;8073;;1;1;A-2;609,3;3;3;1;999;;1;1;1;;;999;4
8;2;11;8;8073;;1;1;B-20;3,5;6;3;1;999;;1;1;1;;;999;4
8;2;18;8;8266;;1;1;B-30;8;2;4;1;999;;1;1;1;;;999;4
8;2;20;8;8076;;1;1;B-231;2,5;6;1;1;999;;1;2;1;;;999;4
8;2;22;8;8125;;1;1;C-58;4;2;4;1;999;;1;4;1;;;999;4
8;3;2;8;8238;;1;1;C-1413a;20;6;4;2;;;1;4;1;;;999;4
8;2;11;8;8073;;3;2;No inventariada;;14;2;1;999;;1;1;1;;;17;998
7;7;22;8;8035;;3;2;No inventariada;;14;9;2;4;;8;4;1;;;17;998
7;2;21;8;8279;;2;2;C-243c;13,5;14;1;2;1;;1;2;1;;;17;4
7;3;10;8;8279;;3;2;No inventariada;;14;7;1;999;;1;1;1;;;17;998
7;3;18;8;8279;;3;2;No inventariada;;14;3;2;2;;1;1;1;;;17;998
7;3;23;8;8279;;3;2;No inventariada;;14;9;1;999;;1;4;1;;;17;998
7;7;23;8;8279;;3;2;No inventariada;;14;9;1;999;;1;4;1;;;17;998
8;2;20;8;8096;;3;2;No inventariada;;14;9;1;999;;1;1;1;;;17;998
8;4;23;8;8307;;3;2;No inventariada;;14;9;1;999;;1;4;1;;;17;998
3;4;8;8;8046;;2;2;C-251;7,3;14;3;1;999;;1;1;1;;;17;4
3;6;11;8;8046;;3;2;No inventariada;;14;3;1;999;;1;1;1;;;17;998
6;7;3;8;8015;;3;2;No inventariada;;14;9;2;4;;1;4;1;;;17;998
7;2;18;8;8123;;3;2;No inventariada;;14;2;1;999;;1;1;1;;;1;998
7;2;13;8;8096;;3;2;No inventariada;;14;7;1;999;;1;1;1;;;1;998
8;2;16;8;8091;;2;2;BV-2249;1;14;20;1;999;;1;1;1;;;17;4
7;2;18;8;8157;;1;1;A-2;598,6;3;4;2;4;;1;1;1;;;999;4
7;1;23;8;8113;;1;1;C-55;34,9;6;2;2;4;;1;6;1;;;999;4
7;3;5;8;0;;1;1;C-32;126,3;2;8;1;999;;1;5;1;;;999;4
8;4;13;8;8217;;1;1;A-2;606,5;3;3;1;999;;1;1;1;;;999;4
8;2;17;8;8124;;1;1;AP-7;138,6;2;3;2;;;1;1;1;;;999;4
8;3;2;8;8107;;1;1;No inventariada;5,3;6;19;1;999;;1;6;1;;;999;4
8;3;18;8;8211;;1;1;A-2;605;3;6;2;2;;1;1;1;;;999;4
8;3;20;8;8091;;1;1;AP-7;177,9;2;3;1;999;;1;2;1;;;999;4
8;1;9;8;8003;;2;2;BP-5002;2,2;14;4;2;2;;1;1;1;;;17;4
8;3;11;8;8298;;3;2;No inventariada;;14;3;1;999;;1;1;1;;;17;998
7;2;8;8;8124;;3;2;No inventariada;;14;2;1;999;;1;1;1;;;17;998
8;3;18;8;8073;;3;2;No inventariada;;14;2;2;1;;1;1;1;;;17;998
8;7;19;8;8298;;2;2;BV-4316;1,1;14;7;2;2;;1;1;1;;;17;4
8;7;7;8;8298;;3;2;No inventariada;;14;19;1;999;;1;1;1;;;17;998
8;4;17;8;8073;;3;2;No inventariada;;14;2;2;2;;1;1;1;;;17;998
5;5;19;8;8121;;3;2;No inventariada;;14;7;1;999;;1;1;1;;;1;998
7;1;7;8;8159;;1;1;AP-7;136;2;4;1;999;;1;2;1;;;999;4
8;2;11;8;8041;;1;1;No inventariada;10,2;6;19;1;999;;1;1;1;;;999;4
7;3;17;8;8074;;2;2;C-31;149,5;6;4;1;999;;1;1;1;;;999;4
8;3;12;8;8235;;1;1;BV-5128;27;6;4;2;2;;1;1;1;;;999;4
8;4;10;8;0;;1;1;A-2;570;3;19;1;999;;1;1;1;;;999;4
8;4;14;8;8194;;1;1;B-10;3,2;3;4;1;999;;1;1;1;;;999;4
8;4;13;8;8305;;1;1;AP-7;198,8;2;4;1;999;;1;1;1;;;999;4
8;4;17;8;8260;;1;1;AP-7;144,9;2;3;1;999;;1;1;1;;;999;4
8;4;19;8;0;;1;1;BV-1223;3,4;6;9;1;999;;1;2;1;;;999;4
8;4;18;8;8217;;1;1;A-2;608;3;4;1;999;;1;1;1;;;999;4
8;4;20;8;8305;;1;1;N-340;1209;6;19;1;999;;1;1;1;;;999;4
8;4;23;8;8279;;1;1;B-40;10,8;2;19;2;;;1;5;1;;;999;4
8;5;4;8;0;;1;1;B-431;47;6;19;1;999;;1;6;1;;;999;4
8;4;11;8;8096;;3;2;No inventariada;;14;2;1;999;;1;1;1;;;17;998
7;4;21;8;8245;;3;2;No inventariada;;14;1;1;999;;1;2;1;;;17;998
7;5;16;8;8245;;3;2;No inventariada;;14;4;1;999;;1;1;1;;;17;998
7;6;19;8;8245;;2;2;BV-5001;0,9;14;9;1;999;;1;1;1;;;17;4
7;1;14;8;8245;;3;2;No inventariada;;14;3;1;999;;1;1;1;;;17;998
7;3;7;8;8245;;3;2;No inventariada;;14;9;2;1;;1;1;1;;;17;998
7;1;19;8;8245;;3;2;No inventariada;;14;7;2;1;;1;1;1;;;17;998
8;4;13;8;8245;;2;2;BV-5001;0,9;14;3;1;999;;1;1;1;;;17;4
8;5;18;8;8245;;2;2;BV-5001;3,1;14;3;1;999;;1;1;1;;;17;4
8;2;14;8;8124;;3;2;No inventariada;;14;7;1;999;;1;1;1;;;17;998
8;1;13;8;8245;;3;2;No inventariada;;14;4;1;999;;1;1;1;;;17;998
8;1;18;8;8245;;2;2;BV-5001;0,9;14;3;1;999;;1;1;1;;;17;4
8;3;8;8;8245;;2;2;No inventariada;;14;7;2;1;;1;1;1;;;17;4
8;4;8;8;8245;;3;2;No inventariada;;14;2;2;1;;1;1;1;;;17;998
5;5;8;8;8200;;3;2;No inventariada;;14;19;1;999;;1;1;1;;;17;998
6;6;12;8;8200;;3;2;No inventariada;;14;2;2;4;;1;1;1;;;17;998
8;4;17;8;8298;;3;2;No inventariada;;14;2;2;4;;1;1;1;;;17;998
6;2;16;8;8113;;1;1;BV-1225;4,6;6;19;1;999;;1;1;1;;;999;4
7;5;16;8;8231;;1;1;C-15B;1,2;6;2;2;2;;1;1;1;;;999;4
8;4;11;8;0;;1;1;BV-2411;21,4;6;9;1;999;;1;1;1;;;999;4
8;4;18;8;8266;;1;1;C-58;8,5;2;4;1;999;;1;1;1;;;999;4
8;4;18;8;8051;;1;1;No inventariada;25,3;6;9;1;999;;1;1;1;;;999;4
8;5;4;8;0;;1;1;BV-5303;6;6;19;1;999;;1;6;1;;;999;4
8;5;12;8;0;;2;2;B-522;2,1;6;1;2;2;;1;1;1;;;999;4
8;5;17;8;0;;1;1;AP-7;162;2;6;1;999;;1;1;1;;;999;4
8;5;19;8;0;;3;2;No inventariada;;14;2;2;1;;1;1;1;;;999;998
8;5;23;8;8033;;2;2;C-59;16,9;6;2;1;999;;1;6;1;;;999;4
8;5;23;8;8213;;1;1;C-16;53,9;2;3;1;999;;1;6;1;;;999;4
7;5;13;8;8200;;3;2;No inventariada;;14;7;2;1;;1;1;1;;;17;998
7;3;12;8;8200;;3;2;No inventariada;;14;7;1;999;;1;1;1;;;17;998
8;4;12;8;8200;;3;2;No inventariada;;14;9;1;999;;1;1;1;;;17;998
8;5;14;8;8298;;3;2;No inventariada;;14;2;2;4;;1;1;1;;;17;998
8;5;11;8;8298;;3;2;No inventariada;;14;2;2;1;;1;1;1;;;17;998
8;6;22;8;8015;;3;2;No inventariada;;14;9;1;999;;3;4;1;;;17;998
8;5;15;8;8260;;1;1;B-140;7;6;4;1;999;;1;1;1;;;999;4
8;5;5;8;8283;;3;2;No inventariada;;14;4;1;999;;1;6;1;;;999;998
8;6;1;8;8161;;1;1;B-224;8;6;19;1;999;;1;6;1;;;999;4
8;6;8;8;0;;1;1;B-111;0,3;6;9;1;999;;1;1;1;;;999;4
8;6;11;8;0;;3;2;No inventariada;;14;9;2;2;;1;1;1;;;999;998
8;6;12;8;8121;;1;1;BV-5031;1,5;6;9;2;4;;1;1;1;;;999;4
8;6;16;8;0;;1;1;BV-5301;34,5;6;19;1;999;;1;1;1;;;999;4
8;6;18;8;8181;;1;1;C-1415c;16,8;6;9;1;999;;1;1;1;;;999;4
8;6;18;8;8205;;1;1;AP-7;157,7;2;19;1;999;;1;1;1;;;999;4
8;5;19;8;8020;;1;1;BV-2411;15,8;6;9;1;999;;1;1;1;;;4;3
8;6;19;8;8217;;1;1;A-2;607,5;3;4;1;999;;1;1;1;;;999;4
8;6;20;8;8159;;1;1;C-17;14,8;3;19;1;999;;1;1;1;;;999;4
8;7;1;8;0;;1;1;AP-7;191;2;4;1;999;;1;6;1;;;999;4
8;7;2;8;0;;1;1;B-522;2;6;19;1;999;;1;6;1;;;999;4
8;3;14;8;8101;;3;2;No inventariada;;14;4;1;999;;1;1;1;;;17;998
8;6;18;8;8101;;3;2;No inventariada;;14;2;1;999;;1;1;1;;;17;998
8;2;14;8;8101;;3;2;No inventariada;;14;9;1;999;;1;1;1;;;17;998
8;4;21;8;8101;;3;2;No inventariada;;14;3;2;1;;1;1;1;;;17;998
7;3;13;8;8101;;3;2;No inventariada;;14;3;1;999;;1;1;1;;;17;998
7;5;13;8;8101;;3;2;No inventariada;;14;2;2;1;;1;1;1;;;17;998
7;3;20;8;8101;;3;2;No inventariada;;14;9;2;1;;1;1;1;;;17;998
7;3;17;8;8101;;3;2;No inventariada;;14;6;1;999;;1;1;1;;;17;998
7;3;14;8;8101;;3;2;No inventariada;;14;7;1;999;;1;1;1;;;17;998
7;2;19;8;8101;;3;2;No inventariada;;14;9;1;999;;1;1;1;;;17;998
7;5;17;8;8101;;3;2;No inventariada;;14;7;1;999;;1;1;1;;;17;998
7;4;21;8;8035;;3;2;No inventariada;;14;20;1;999;;1;1;1;;;17;998
8;6;2;8;8040;;3;2;No inventariada;;14;6;1;999;;1;1;1;;;17;998
7;7;2;8;8015;;3;2;No inventariada;;14;2;1;999;;1;1;1;;;17;998
8;6;9;8;8118;;3;2;No inventariada;;14;19;1;999;;3;1;1;;;1;998
7;5;13;8;8208;;1;1;B-224;21,9;6;4;2;2;;1;1;1;;;999;4
8;3;5;8;8284;;1;1;GI-600;0,5;6;8;1;999;;1;6;1;;;999;4
8;7;7;8;8181;;1;1;AP-7;128,5;2;19;1;999;;1;1;1;;;999;4
8;7;1;8;8019;;1;1;C-16;3;2;4;1;999;;1;4;1;;;999;4
8;7;8;8;8301;;1;1;B-210;0;6;2;2;4;;1;1;1;;;17;2
8;7;16;8;0;;1;1;C-15;35,7;6;4;1;999;;1;1;1;;;999;4
8;7;17;8;8112;;1;1;C-37;150,8;6;3;1;999;;1;1;1;;;999;4
8;7;20;8;8194;;1;1;B-10;2,9;3;4;1;999;;1;2;1;;;17;1
8;7;19;8;8200;;1;1;C-245;11;6;4;2;4;;1;1;1;;;999;4
8;7;20;8;0;;1;1;N-340;1210;6;4;1;999;;1;1;1;;;999;4
8;7;21;8;8305;;1;1;AP-7;196,6;2;4;1;999;;1;6;1;;;999;4
8;7;23;8;8270;;1;1;C-31;176,5;6;4;1;999;;1;6;1;;;999;4
8;7;2;8;8073;;3;2;No inventariada;;14;9;1;999;;1;4;1;;;1;998
4;6;21;8;8156;;3;2;No inventariada;;14;2;2;1;;1;4;1;;;17;998
7;1;5;8;8086;;3;2;No inventariada;;14;3;2;1;;1;4;1;;;17;998
7;7;4;8;8086;;2;2;BV-5151;0,4;14;18;1;999;;1;4;1;;;17;4
7;6;14;8;8086;;3;2;No inventariada;;14;18;1;999;;1;1;1;;;17;998
8;1;11;8;8307;;3;2;No inventariada;;14;9;1;999;;1;1;1;;;17;998
7;3;15;8;8086;;3;2;No inventariada;;14;2;2;1;;1;1;1;;;17;998
8;6;19;8;8096;;3;2;No inventariada;;14;2;2;1;;1;1;1;;;17;998
8;1;13;8;8096;;3;2;No inventariada;;14;9;1;999;;1;1;1;;;17;998
7;6;18;8;8015;;3;2;No inventariada;;14;7;1;999;;1;1;1;;;17;998
7;2;16;8;8123;;3;2;No inventariada;;14;3;2;4;;1;1;1;;;17;998
7;7;8;8;8123;;3;2;No inventariada;;14;4;2;2;;1;1;1;;;17;998
5;7;3;8;8135;;2;2;BV-5003;2,6;14;6;1;999;;1;5;1;;;17;4
8;3;16;8;8194;;3;2;No inventariada;;14;4;2;1;;1;1;1;;;17;998
8;5;14;8;8211;;3;2;No inventariada;;14;6;1;999;;1;1;1;;;17;998
8;4;20;8;8187;;3;2;No inventariada;;14;7;1;999;;1;1;1;;;17;998
5;7;3;8;8135;;3;2;No inventariada;;14;7;1;999;;1;4;1;;;17;998
8;3;18;8;0;;3;2;No inventariada;;14;20;1;999;;1;1;1;;;999;998
6;6;15;8;8135;;2;2;BV-5156;0,2;14;2;2;4;;1;1;1;;;17;4
7;5;11;8;8197;;1;1;N-2;651,6;6;4;1;999;;1;1;1;;;999;4
8;7;21;8;8283;;1;1;C-17;53,5;3;4;1;999;;1;6;1;;;999;4
8;6;23;8;8118;;2;2;N-2;634,4;6;2;2;2;;1;4;1;;;999;4
8;1;10;8;0;;1;1;N-340a;1209;6;6;2;4;;1;1;1;;;999;4
8;1;10;8;0;;1;1;C-153;14,9;6;19;1;999;;1;1;1;;;999;4
8;1;11;8;8211;;1;1;B-23;8;2;3;1;999;;1;1;1;;;999;4
8;1;10;8;0;;1;1;AP-7;181,4;2;4;1;999;;1;1;1;;;999;4
8;1;13;8;8105;;1;1;C-33;85,1;2;19;1;999;;1;1;1;;;999;4
8;1;13;8;0;;1;1;BV-2117;7,9;6;19;2;2;;1;1;1;;;999;4
8;1;17;8;8231;;1;1;BV-2111;10,1;6;4;1;999;;1;1;1;;;999;4
8;1;22;8;0;;1;1;C-16;102,4;6;19;1;999;;1;6;1;;;999;4
8;1;19;8;8202;;1;1;BV-5114;2,4;6;1;1;999;;1;1;1;;;4;2
6;1;19;8;8200;;3;2;No inventariada;;14;7;1;999;;1;2;1;;;17;998
8;2;16;8;8073;;3;2;No inventariada;;14;2;1;999;;1;1;1;;;17;998
8;6;5;8;8003;;1;1;BP-5002;3,2;6;9;1;999;;1;6;1;;;17;4
6;3;15;8;8200;;2;2;B-201;0,3;14;2;2;4;;1;1;1;;;17;4
6;4;14;8;8200;;3;2;No inventariada;;14;2;2;1;;1;1;1;;;17;998
7;6;19;8;8121;;3;2;No inventariada;;14;2;1;999;;1;1;1;;;17;998
8;6;11;8;8015;;3;2;No inventariada;;14;2;2;4;;1;1;1;;;17;998
7;4;17;8;8086;;3;2;No inventariada;;14;2;1;999;;1;1;1;;;17;998
7;4;10;8;8086;;3;2;No inventariada;;14;3;2;4;;1;1;1;;;17;998
8;5;13;8;8015;;3;2;No inventariada;;14;4;1;999;;1;1;1;;;17;998
7;3;9;8;8086;;3;2;No inventariada;;14;9;2;4;;1;1;1;;;17;998
8;6;22;8;8086;;3;2;No inventariada;;14;3;2;1;;1;4;1;;;17;998
8;1;17;8;8217;;3;2;No inventariada;;14;7;2;2;;1;1;1;;;17;998
8;4;15;8;8245;;3;2;No inventariada;;14;3;2;1;;1;1;1;;;17;998
8;5;11;8;8015;;3;2;No inventariada;;14;2;2;1;;1;1;1;;;17;998
8;7;20;8;8101;;3;2;No inventariada;;14;7;1;999;;1;2;1;;;17;998
8;4;17;8;8194;;3;2;No inventariada;;14;2;1;999;;1;1;1;;;17;998
6;2;14;8;8135;;3;2;No inventariada;;14;2;2;4;;1;1;1;;;17;998
8;7;14;8;8194;;3;2;No inventariada;;14;9;1;999;;1;1;1;;;17;998
6;6;6;8;8135;;3;2;No inventariada;;14;9;1;999;;1;1;1;;;17;998
8;1;16;8;8169;;3;2;No inventariada;;14;2;2;4;;1;1;1;;;17;998
6;6;12;8;8307;;3;2;No inventariada;;14;20;1;999;;1;1;1;;;17;998
7;1;11;8;8089;;1;1;C-31;186;3;4;1;999;;1;1;1;;;999;4
7;1;20;8;8282;;1;1;B-20;23,5;2;19;1;999;;1;1;1;;;999;4
8;3;14;8;8260;;1;1;C-59;4,7;3;3;1;999;;1;1;1;;;999;4
8;1;10;8;8091;;1;1;AP-7;176,5;2;4;1;999;;1;1;1;;;999;4
8;1;12;8;8270;;1;1;C-32;34,2;2;4;1;999;;1;1;1;;;999;4
8;1;20;8;0;;1;1;BP-5107;40,8;6;19;1;999;;1;2;1;;;999;4
8;2;5;8;8270;;1;1;C-31;171,6;6;1;1;999;;1;6;1;;;999;4
8;2;9;8;8123;;1;1;C-1413a;0,5;3;2;2;2;;1;1;1;;;999;4
8;2;10;8;8074;;2;2;C-31;147,2;6;9;1;999;;1;1;1;;;999;4
8;2;14;8;8231;;1;1;BV-2111;9,7;6;9;1;999;;3;1;3;;;999;4
8;2;9;8;0;;1;1;A-2;547,6;3;4;1;999;;1;1;1;;;999;4
7;3;13;8;8248;;3;2;No inventariada;;14;2;2;1;;1;1;1;;;17;998
8;5;14;8;8124;;3;2;No inventariada;;14;2;2;1;;1;1;1;;;17;998
5;3;13;8;8015;;3;2;No inventariada;;14;9;1;999;;1;1;1;;;17;998
7;6;21;8;8121;;3;2;No inventariada;;14;3;1;999;;1;4;1;;;17;998
8;7;13;8;8124;;3;2;No inventariada;;14;7;1;999;;1;1;1;;;17;998
6;2;15;8;8015;;3;2;No inventariada;;14;4;1;999;;1;1;1;;;17;998
7;3;17;8;8245;;3;2;No inventariada;;14;9;1;999;;1;1;1;;;1;998
8;3;8;8;8073;;3;2;No inventariada;;14;2;2;1;;1;1;1;;;17;998
8;3;15;8;8015;;3;2;No inventariada;;14;2;2;1;;3;1;3;;;17;998
3;3;9;8;8194;;3;2;No inventariada;;14;2;2;1;;1;1;1;;;17;998
3;7;8;8;8194;;3;2;No inventariada;;14;7;1;999;;1;1;1;;;17;998