MES;DIA_SEMANA;HORA;COD_PROVINCIA;COD_MUNICIPIO;ISLA;ZONA;ZONA_AGRUPADA;CARRETERA;KM;TIPO_VIA;TIPO_ACCIDENTE;NUDO;NUDO_INFO;CARRETERA_CRUCE;CONDICION_FIRME;CONDICION_ILUMINACION;CONDICION_METEO;CONDICION_NIEBLA;CONDICION_VIENTO;VISIB_RESTRINGIDA_POR;TRAZADO_PLANTA
8;4;1;8;8219;;3;2;No inventariada;;14;6;1;999;;1;5;1;;;1;998
8;4;11;8;8305;;3;2;No inventariada;;14;7;2;1;;1;1;1;;;1;998
7;2;23;8;8211;;1;1;B-23;8;2;9;1;999;;8;5;1;;;999;4
8;1;13;8;8124;;1;1;C-155;9,1;6;9;1;999;;1;1;1;;;999;4
8;3;12;8;8138;;3;2;No inventariada;;14;4;2;1;;1;1;1;;;999;998
8;3;14;8;0;;1;1;AP-7;96,3;2;19;1;999;;1;4;1;;;999;4
8;3;14;8;0;;1;1;BV-5213;3,8;6;20;1;999;;1;1;1;;;17;4
8;3;20;8;8033;;1;1;No inventariada;2,9;6;9;1;999;;3;6;1;;;999;4
8;3;23;8;0;;1;1;C-26;138,8;6;19;1;999;;1;6;1;;;999;4
8;4;2;8;8191;;1;1;BP-4313;36,8;6;19;1;999;;1;6;3;;;17;2
5;5;12;8;8118;;3;2;No inventariada;;14;7;2;1;;1;1;1;;;17;998
5;7;18;8;8118;;3;2;No inventariada;;14;2;2;1;;1;1;1;;;17;998
5;3;8;8;8118;;3;2;No inventariada;;14;4;1;999;;3;1;3;;;17;998
5;6;18;8;8118;;2;2;BP-5002;0,3;14;2;2;2;;1;1;1;;;17;4
8;6;11;8;8015;;3;2;No inventariada;;14;7;1;999;;1;1;1;;;17;998
8;2;12;8;8015;;3;2;No inventariada;;14;2;2;1;;1;1;1;;;17;998
8;4;12;8;8015;;3;2;No inventariada;;14;7;2;1;;1;1;1;;;17;998
8;2;17;8;8015;;3;2;No inventariada;;14;2;2;1;;1;1;1;;;17;998
8;5;20;8;8205;;3;2;No inventariada;;14;7;1;999;;1;1;4;;1;5;998
8;1;14;8;8157;;3;2;No inventariada;;14;20;2;4;;1;1;1;;;1;998
8;4;7;8;8279;;3;2;No inventariada;;14;20;1;999;;1;1;1;;;17;998
8;4;23;8;8015;;3;2;No inventariada;;14;2;2;1;;1;4;1;;;17;998
8;3;12;8;8194;;1;1;C-31;209,5;2;9;2;;;1;1;1;;;999;4
8;4;0;8;8159;;1;1;C-17;15;3;19;2;;;3;6;3;;;999;4
8;4;11;8;0;;2;2;BV-2122;2,5;14;1;1;999;;1;1;1;;;999;4
8;4;10;8;8006;;1;1;C-61;1,5;6;20;2;1;;1;1;1;;;999;4
8;4;11;8;0;;1;1;B-402;2;6;19;1;999;;1;1;1;;;999;4
8;4;18;8;8125;;1;1;BV-5011;6,4;6;1;1;999;;1;1;1;;;17;3
8;4;19;8;8074;;1;1;C-31;147,5;6;4;2;4;;1;1;1;;;999;4
8;4;19;8;8218;;1;1;C-55;38,8;6;2;2;1;;1;1;1;;;999;4
8;5;3;8;8270;;1;1;C-246a;39;6;9;2;4;;8;5;1;;;999;4
8;5;3;8;8217;;1;1;A-2;608;3;4;1;999;;1;4;1;;;999;4
7;1;16;8;8121;;3;2;No inventariada;;14;2;1;999;;1;1;1;;;17;998
7;2;15;8;8121;;3;2;No inventariada;;14;9;1;999;;1;1;1;;;17;998
7;2;18;8;8121;;3;2;No inventariada;;14;9;1;999;;1;1;1;;;17;998
7;5;19;8;8019;;1;1;C-58;0,5;2;20;1;999;;1;2;1;;;999;4
8;3;20;8;8015;;1;1;B-20;19,2;2;4;1;999;;3;5;4;;;999;4
8;4;13;8;8270;;1;1;C-31;169,6;6;6;1;999;;3;1;1;;;999;4
8;5;7;8;8238;;1;1;C-58;13,5;2;4;2;2;;1;1;1;;;999;4
8;5;8;8;8001;;1;1;A-2;583,8;3;3;1;999;;1;1;1;;;999;4
8;5;12;8;8187;;1;1;BV-1248;3,2;6;2;1;999;;1;1;1;;;999;4
8;5;11;8;0;;1;1;BP-4654;5,5;6;3;1;999;;1;1;1;;;4;3
8;5;13;8;0;;1;1;C-26;131,1;6;1;1;999;;3;1;3;;;999;4
8;5;13;8;8264;;1;1;C-32;109;2;4;1;999;;1;1;1;;;17;1
8;5;14;8;8086;;1;1;BV-5151;6,1;6;19;1;999;;1;1;1;;;999;4
8;5;15;8;8022;;1;1;C-16;97,7;6;19;1;999;;1;1;1;;;999;4
8;5;20;8;8270;;1;1;C-31;174,3;6;4;1;999;;1;1;1;;;999;4
8;5;21;8;0;;1;1;N-340;1206;6;3;1;999;;1;6;1;;;999;4
8;5;22;8;0;;1;1;N-340;1205;6;4;1;999;;1;6;1;;;999;4
8;4;19;8;8121;;3;2;No inventariada;;14;9;1;999;;1;1;1;;;17;998
6;1;6;8;8101;;3;2;No inventariada;;14;9;1;999;;1;4;1;;;17;998
8;3;19;8;8285;;3;2;No inventariada;;14;19;1;999;;3;1;3;;;17;998
8;4;13;8;8285;;3;2;No inventariada;;14;19;1;999;;3;1;3;;;1;998
8;6;10;8;0;;1;1;BV-4406;10,5;6;9;1;999;;1;1;1;;;999;4
8;6;12;8;8068;;1;1;N-340;1229;6;6;1;999;;1;1;1;;;999;4
8;6;13;8;0;;1;1;BP-1121;11,1;6;19;1;999;;1;1;1;;;999;4
8;6;18;8;8114;;1;1;AP-7;171;2;4;1;999;;1;1;1;;;999;4
8;6;23;8;0;;1;1;A-2;545;3;7;1;999;;1;6;1;;;17;2
7;6;22;8;8200;;3;2;No inventariada;;14;9;1;999;;1;4;1;;;17;998
8;6;5;8;8200;;3;2;No inventariada;;14;6;1;999;;1;4;1;;;17;998
8;6;18;8;8200;;3;2;No inventariada;;14;6;1;999;;1;1;1;;;17;998
8;4;17;8;8200;;3;2;No inventariada;;14;7;1;999;;1;1;1;;;17;998
8;7;10;8;8191;;3;2;No inventariada;;14;2;1;999;;1;1;1;;;17;998
8;7;2;8;8015;;3;2;No inventariada;;14;2;2;1;;1;4;1;;;17;998
8;6;22;8;8015;;3;2;No inventariada;;14;19;1;999;;1;4;1;;;1;998
7;5;15;8;8205;;3;2;No inventariada;;14;20;2;1;;1;1;1;;;1;998
8;5;16;8;8051;;3;2;No inventariada;;14;3;1;999;;1;1;1;;;17;998
8;6;5;8;8200;;3;2;No inventariada;;14;6;1;999;;1;1;1;;;17;998
8;6;11;8;8041;;4;2;C-352;25,7;3;9;2;4;;8;1;1;;;999;4
8;6;18;8;8194;;1;1;B-10;4,5;3;4;1;999;;1;1;1;;;999;4
8;7;8;8;0;;1;1;BP-2151;11,9;6;19;1;999;;3;1;3;;;999;4
8;7;13;8;8041;;1;1;C-17;21,4;3;4;1;999;;1;1;1;;;999;4
7;3;12;8;8121;;3;2;No inventariada;;14;6;2;2;;1;1;1;;;17;998
7;2;23;8;8121;;3;2;No inventariada;;14;6;2;2;;1;1;1;;;17;998
8;6;17;8;8101;;3;2;No inventariada;;14;2;2;1;;1;1;1;;;17;998
8;5;14;8;8015;;3;2;No inventariada;;14;9;2;1;;3;1;3;;;17;998
8;5;17;8;8252;;3;2;No inventariada;;14;2;2;1;;1;1;1;;;17;998
8;2;12;8;8252;;3;2;No inventariada;;14;7;1;999;;1;1;1;;;17;998
7;2;19;8;8252;;3;2;No inventariada;;14;7;1;999;;1;2;1;;;17;998
8;5;17;8;8252;;3;2;No inventariada;;14;4;1;999;;1;1;1;;;17;998
8;4;16;8;8252;;3;2;No inventariada;;14;4;1;999;;1;1;1;;;17;998
7;3;20;8;8252;;3;2;No inventariada;;14;20;2;2;;1;1;1;;;17;998
7;7;4;8;8252;;3;2;No inventariada;;14;9;1;999;;1;4;1;;;17;998
7;1;18;8;8252;;3;2;No inventariada;;14;2;2;4;;1;1;1;;;17;998
7;7;0;8;8252;;3;2;No inventariada;;14;6;1;999;;1;4;1;;;17;998
7;1;11;8;8252;;3;2;No inventariada;;14;1;2;4;;1;1;1;;;17;998
7;4;15;8;8252;;3;2;No inventariada;;14;2;2;4;;1;1;1;;;17;998
5;1;7;8;8192;;3;2;No inventariada;0;14;7;1;999;;1;4;1;;;6;998
6;2;15;8;8307;;3;2;No inventariada;;14;20;1;999;;1;1;1;;;17;998
8;7;5;8;8184;;3;2;No inventariada;;14;20;1;999;;1;1;1;;;17;998
8;6;17;8;8245;;1;1;B-20;17,5;2;4;1;999;;1;4;1;;;999;4
8;7;17;8;8282;;1;1;B-20;23,6;2;19;2;1;;1;1;1;;;17;4
8;1;7;8;8260;;1;1;AP-7;142;2;4;1;999;;1;1;1;;;999;4
8;1;9;8;8169;;1;1;B-22;7;6;4;1;999;;1;1;1;;;999;4
8;1;9;8;8077;;1;1;B-23;1,5;2;6;1;999;;1;1;1;;;999;4
8;1;11;8;8101;;1;1;C-31;195,5;3;4;2;2;;1;1;1;;;999;4
8;1;15;8;0;;1;1;A-2;552,5;3;20;1;999;;1;1;1;;;999;4
8;1;16;8;8169;;1;1;C-31;195;3;4;1;999;;1;1;1;;;999;4
8;1;17;8;8041;;1;1;C-17;21,6;3;4;1;999;;1;1;1;;;999;4
8;1;18;8;8181;;1;1;AP-7;124;2;19;1;999;;1;1;1;;;999;4
8;1;19;8;0;;1;1;No inventariada;1;6;19;1;999;;1;1;1;;;999;4
8;2;3;8;8105;;1;1;C-33;85,1;2;4;1;999;;1;5;1;;;999;4
7;2;13;8;8022;;3;2;No inventariada;;14;9;1;999;;1;1;1;;;17;998
8;1;15;8;8022;;3;2;No inventariada;;14;2;2;1;;1;1;1;;;17;998
8;1;18;8;8121;;3;2;No inventariada;;14;4;1;999;;1;1;1;;;17;998
8;7;10;8;8298;;3;2;No inventariada;;14;19;1;999;;1;1;1;;;17;998
6;2;8;8;8015;;3;2;No inventariada;;14;9;2;1;;1;1;1;;;17;998
4;7;11;8;8156;;3;2;No inventariada;;14;7;2;1;;1;1;1;;;17;998
7;7;5;8;0;;1;1;No inventariada;27,8;6;6;1;999;;3;6;3;;;999;4
7;2;16;8;8240;;1;1;BV-2241;1,5;6;4;2;2;;1;1;1;;;999;4
7;3;17;8;8270;;1;1;C-31;169,5;6;19;1;999;;1;1;1;;;999;4
8;1;12;8;8007;;1;1;C-61;7,6;6;20;1;999;;1;1;1;;;999;4
8;2;11;8;0;;1;1;No inventariada;0;6;9;1;999;;1;1;1;;;17;1
8;2;13;8;8211;;1;1;A-2;605;3;3;1;999;;1;1;1;;;999;4
8;2;16;8;8054;;1;1;B-151;5,8;6;9;1;999;;1;1;1;;;999;4
8;2;16;8;0;;1;1;AP-7;113,5;2;6;1;999;;1;1;1;;;999;4
8;2;18;8;8073;;1;1;C-245;12,1;6;4;1;999;;1;1;1;;;999;4
8;2;20;8;8200;;1;1;C-32;54,4;2;9;1;999;;1;1;1;;;999;4
8;2;23;8;8214;;1;1;C-32;92;2;9;1;999;;1;4;1;;;999;4
8;2;12;8;8200;;3;2;No inventariada;;14;7;2;1;;1;1;1;;;17;998
8;7;9;8;8121;;3;2;No inventariada;;14;2;2;1;;1;1;1;;;17;998
8;6;14;8;8217;;3;2;No inventariada;;14;20;1;999;;1;1;1;;;17;998
7;1;10;8;8219;;3;2;No inventariada;;14;9;1;999;;1;1;1;;;1;998
8;7;16;8;8279;;3;2;No inventariada;;14;20;1;999;;1;1;1;;;17;998
7;5;19;8;8089;;1;1;BV-2041;5,6;6;3;1;999;;1;1;1;;;999;4
7;5;14;8;0;;1;1;C-17;38,8;3;19;1;999;;1;1;1;;;999;4
7;6;9;8;8205;;1;1;AP-7;158;2;4;1;999;;1;1;1;;;999;4
8;3;0;8;8121;;1;1;C-32;103;2;3;1;999;;1;4;1;;;999;4
8;3;10;8;0;;1;1;A-2;568,9;3;4;2;;;1;1;1;;;999;4
8;3;15;8;8279;;1;1;C-16;23;2;19;1;999;;1;1;1;;;999;4
8;3;17;8;8305;;1;1;AP-7;199;2;4;1;999;;1;1;1;;;999;4
8;2;17;8;8245;;2;2;BV-5005;0,8;14;2;2;1;;1;1;1;;;17;4
5;4;11;8;8156;;3;2;No inventariada;;14;7;2;2;;1;1;1;;;17;998
8;7;20;8;8121;;3;2;No inventariada;;14;9;1;999;;1;1;1;;;17;998
7;2;19;8;8270;;1;1;No inventariada;0;6;7;1;999;;1;1;1;;;6;2
8;3;0;8;8231;;3;2;No inventariada;;14;20;1;999;;1;1;1;;;17;998
8;3;19;8;8187;;2;2;N-150;11,2;14;2;1;999;;1;1;1;;;17;4
7;6;11;8;8001;;1;1;BV-1201;2;6;9;2;4;;1;1;1;;;999;4
7;7;13;8;8205;;1;1;AP-7;160,5;2;4;1;999;;1;1;1;;;999;4
7;1;19;8;0;;2;2;BV-2122;9;6;19;1;999;;1;1;1;;;999;4
7;6;14;8;8202;;2;2;C-35;57,6;6;4;2;;;1;1;1;;;999;4
7;7;17;8;8181;;1;1;AP-7;125,3;2;4;1;999;;1;1;1;;;999;4
8;1;19;8;0;;1;1;C-16;109,9;6;19;1;999;;3;1;3;;;999;4
8;2;22;8;8194;;1;1;B-10;4,2;3;4;1;999;;1;4;1;;;999;4
8;3;13;8;0;;2;2;N-340;1197;6;4;2;2;;1;1;1;;;999;4
8;3;14;8;8284;;1;1;GI-600;1,9;6;4;2;4;;1;1;1;;;999;4
8;4;8;8;8270;;1;1;C-31;164,4;6;9;2;2;;1;1;1;;;999;4
8;4;8;8;8305;;1;1;AP-7;191,5;2;3;1;999;;1;1;1;;;999;4
8;3;19;8;8205;;1;1;BP-1417;5,8;6;19;1;999;;1;1;1;;;17;3
8;4;15;8;8101;;1;1;B-10;19;3;4;1;999;;1;1;1;;;999;4
8;4;15;8;8238;;1;1;C-58;11,7;2;6;1;999;;1;1;1;;;17;1
8;4;19;8;8266;;1;1;AP-7;152,5;2;3;1;999;;1;1;1;;;999;4
8;4;22;8;8054;;1;1;A-2;587,2;3;6;1;999;;1;6;1;;;999;4
7;2;19;8;8102;;3;2;No inventariada;;14;2;2;4;;1;1;1;;;17;998
8;4;19;8;8102;;3;2;No inventariada;;14;2;2;1;;1;1;1;;;17;998
8;5;0;8;8102;;3;2;No inventariada;;14;9;2;1;;1;4;1;;;17;998
8;4;16;8;8245;;3;2;No inventariada;;14;3;1;999;;1;1;1;;;17;998
8;3;8;8;8102;;3;2;No inventariada;;14;9;2;4;;1;1;1;;;17;998
8;3;21;8;8121;;3;2;No inventariada;;14;4;2;4;;1;2;1;;;17;998
7;2;23;8;8015;;3;2;No inventariada;;14;9;1;999;;1;4;1;;;17;998
7;1;9;8;8123;;1;1;B-23;12;2;3;1;999;;1;1;1;;;999;4
7;1;17;8;8263;;1;1;A-2;603;3;3;1;999;;1;1;1;;;999;4
8;2;17;8;8006;;1;1;C-32;110;2;9;1;999;;1;1;1;;;999;4
8;3;15;8;0;;1;1;B-124;15,6;6;2;1;999;;1;1;1;;;999;4
8;4;11;8;8284;;1;1;GI-600;1,9;6;2;2;4;;1;1;1;;;999;4
8;5;8;8;0;;1;1;C-59;28;6;19;1;999;;1;1;1;;;999;4
8;5;11;8;8259;;1;1;AP-7;112;2;9;1;999;;1;1;1;;;999;4
8;5;11;8;8217;;1;1;A-2;606,6;3;3;1;999;;1;1;1;;;999;4
8;5;14;8;8187;;1;1;C-58;11;2;9;2;4;;1;1;1;;;999;4
8;5;14;8;8202;;2;2;C-35;56,3;6;2;2;4;;1;1;1;;;999;4
8;5;17;8;0;;1;1;N-340;1206;6;4;1;999;;1;1;1;;;999;4
8;5;20;8;8307;;1;1;C-246a;47,7;6;2;2;2;;1;1;1;;;999;4
8;5;19;8;0;;1;1;BP-1121;7,2;6;3;1;999;;1;1;1;;;999;4
8;5;22;8;8161;;1;1;BV-2242;2,9;6;19;1;999;;1;6;1;;;999;4
8;6;1;8;8033;;1;1;C-59;19,7;6;8;1;999;;1;5;1;;;999;4
8;2;17;8;8015;;3;2;No inventariada;;14;3;1;999;;3;1;3;;;17;998
8;2;14;8;8015;;3;2;No inventariada;;14;3;2;1;;1;1;1;;;17;998
8;1;19;8;8015;;3;2;No inventariada;;14;4;1;999;;1;1;1;;;17;998
8;6;14;8;8298;;3;2;No inventariada;;14;9;1;999;;1;1;1;;;17;998
7;6;22;8;8015;;3;2;No inventariada;;14;9;1;999;;1;4;1;;;17;998
6;2;15;8;8015;;3;2;No inventariada;;14;1;1;999;;1;1;1;;;17;998
8;5;13;8;8300;;1;1;B-40;6;6;19;1;999;;1;1;1;;;999;4
8;3;13;8;0;;3;2;No inventariada;;14;2;2;4;;1;1;1;;;999;998
8;5;13;8;8136;;1;1;BV-5001;16,4;6;20;2;2;;1;1;1;;;999;4
8;6;6;8;0;;1;1;BP-2121;4,9;6;4;1;999;;1;6;1;;;999;4
8;6;12;8;8108;;1;1;C-155;13,1;6;19;1;999;;1;1;1;;;999;4
8;6;12;8;8138;;1;1;C-59;43,5;6;9;2;2;;1;1;1;;;4;3
8;6;15;8;8259;;1;1;C-35;54,6;6;9;2;4;;8;1;1;;;999;4
8;6;17;8;0;;1;1;BV-2415;1,1;6;2;2;2;;1;1;1;;;999;4
8;6;18;8;8231;;1;1;C-246a;40,3;6;9;2;2;;1;1;1;;;999;4
8;6;20;8;8107;;1;1;No inventariada;5,7;6;9;2;2;;1;1;1;;;17;3
8;6;20;8;8191;;1;1;B-430;3,2;6;9;2;4;;1;6;1;;;999;4
8;6;20;8;8041;;4;2;C-352;25,3;3;19;1;999;;1;5;1;;;999;4
7;3;5;8;8112;;3;2;No inventariada;;14;2;2;1;;1;4;1;;;17;998
8;5;18;8;8298;;3;2;No inventariada;;14;7;1;999;;1;1;1;;;17;998
5;1;17;8;8015;;2;2;B-500;1;14;4;1;999;;1;1;1;;;17;4
6;1;15;8;8015;;3;2;No inventariada;;14;4;1;999;;1;1;1;;;17;998
6;4;19;8;8015;;3;2;No inventariada;;14;2;1;999;;1;1;1;;;17;998
7;4;13;8;8112;;3;2;No inventariada;;14;2;2;4;;1;1;1;;;1;998
8;1;2;8;8056;;2;2;C-246;20;14;3;1;999;;1;4;1;;;1;4
8;6;7;8;8187;;3;2;No inventariada;;14;20;1;999;;1;1;1;;;17;998
8;4;12;8;8073;;3;2;No inventariada;;14;20;1;999;;1;1;1;;;17;998
7;5;22;8;8181;;1;1;C-1415c;16,8;6;20;1;999;;1;5;1;;;999;4
8;7;5;8;8054;;1;1;AP-7;168,2;2;20;1;999;;1;4;1;;;999;4
8;7;10;8;0;;1;1;BV-5301;22,4;6;3;1;999;;1;1;1;;;17;2
8;7;11;8;0;;1;1;BV-5115;4,1;6;9;1;999;;1;1;1;;;999;4
8;7;15;8;8205;;1;1;BV-1462;8,5;6;2;2;2;;1;1;1;;;999;4
8;7;20;8;8295;;1;1;B-24;3;6;3;1;999;;1;4;1;;;999;4
8;7;1;8;8217;;1;1;B-23;5,8;2;19;1;999;;1;4;1;;;17;3
8;1;0;8;8121;;1;1;C-32;100,2;2;19;2;2;;1;4;1;;;999;4
8;7;6;8;8298;;3;2;No inventariada;;14;6;1;999;;1;1;1;;;17;998
8;1;11;8;8169;;3;2;No inventariada;;14;9;2;2;;1;1;1;;;17;998
8;7;5;8;8169;;3;2;No inventariada;;14;6;1;999;;1;5;1;;;17;998
8;6;18;8;8169;;3;2;No inventariada;;14;2;2;2;;1;1;1;;;17;998
8;2;14;8;8169;;3;2;No inventariada;;14;7;1;999;;3;1;3;;;17;998
8;6;15;8;8015;;3;2;No inventariada;;14;4;2;1;;1;1;1;;;17;998
8;6;0;8;8015;;3;2;No inventariada;;14;9;1;999;;1;4;1;;;17;998
6;5;18;8;8015;;3;2;No inventariada;;14;7;1;999;;1;1;1;;;17;998
5;5;16;8;8015;;3;2;No inventariada;;14;9;1;999;;3;1;1;;;17;998
5;1;21;8;8015;;3;2;No inventariada;;14;2;1;999;;1;4;1;;;17;998
8;4;13;8;8101;;3;2;No inventariada;;14;4;2;1;;1;1;1;;;17;998
8;7;11;8;8101;;3;2;No inventariada;;14;7;1;999;;1;1;1;;;17;998
4;7;19;8;8015;;3;2;No inventariada;;14;7;1;999;;1;1;1;;;17;998
8;5;12;8;8205;;3;2;No inventariada;;14;20;1;999;;1;1;1;;;1;998
8;1;19;8;8187;;2;2;BV-2432;0,7;14;20;1;999;;1;1;1;;;17;4
8;7;19;8;8136;;1;1;AP-7;133,8;2;4;1;999;;1;1;1;;;999;4
7;3;18;8;8101;;1;1;C-31;197,1;3;3;1;999;;1;1;1;;;999;4
8;1;4;8;8235;;1;1;N-2;661;6;9;1;999;;1;6;1;;;999;4
8;5;6;8;0;;1;1;C-55;17,8;6;19;1;999;;1;1;1;;;999;4
8;6;16;8;8019;;1;1;C-58;0;2;19;1;999;;1;1;1;;;999;4
8;5;17;8;8181;;1;1;No inventariada;13,5;6;4;1;999;;1;1;1;;;999;4
8;5;19;8;8125;;1;1;C-58;2,4;2;3;1;999;;1;1;1;;;999;4
8;6;12;8;8121;;1;1;C-32;103,9;2;9;1;999;;1;1;1;;;999;4
8;1;14;8;8211;;1;1;B-23;8;2;3;1;999;;1;1;1;;;999;4
8;1;14;8;8073;;1;1;C-32;60,2;3;20;1;999;;1;1;1;;;17;4
8;1;18;8;8114;;1;1;AP-7;170,4;2;4;1;999;;1;1;1;;;999;4
8;1;20;8;8020;;2;2;BV-2411;12;6;9;2;4;;1;1;1;;;999;4
8;1;20;8;0;;1;1;No inventariada;49;6;3;1;999;;1;6;1;;;999;4
8;1;21;8;8291;;1;1;C-58;31,8;6;2;2;;;1;5;1;;;999;4
8;1;22;8;8298;;3;2;No inventariada;;14;9;1;999;;8;4;1;;;17;998
6;3;7;8;8156;;3;2;No inventariada;;14;4;1;999;;1;1;1;;;17;998
8;5;3;8;8245;;3;2;No inventariada;;14;6;1;999;;1;4;1;;;17;998
8;5;14;8;8245;;3;2;No inventariada;;14;2;2;2;;1;1;1;;;17;998
8;5;12;8;8121;;3;2;No inventariada;;14;7;2;1;;1;1;1;;;17;998
8;7;22;8;8121;;3;2;No inventariada;;14;9;1;999;;3;4;1;;;17;998
8;1;17;8;8073;;3;2;No inventariada;;14;3;1;999;;1;1;1;;;17;998
8;6;13;8;8169;;3;2;No inventariada;;14;7;1;999;;1;1;1;;;17;998
8;1;7;8;8169;;3;2;No inventariada;;14;4;1;999;;1;1;1;;;17;998
8;4;19;8;8015;;3;2;No inventariada;;14;3;2;1;;1;2;1;;;17;998
8;2;18;8;8124;;3;2;No inventariada;;14;6;2;4;;1;1;1;;;1;998
8;7;15;8;8121;;3;2;No inventariada;;14;7;1;999;;1;1;1;;;1;998
8;4;18;8;8238;;1;1;C-1413a;19,6;6;4;2;;;1;1;1;;;999;4
8;5;14;8;8007;;2;2;C-61;2;6;2;2;2;;1;1;1;;;999;4
7;3;19;8;8073;;1;1;B-20;2,9;2;4;1;999;;1;1;1;;;999;4
7;3;22;8;8001;;1;1;A-2;584,8;3;4;1;999;;1;4;1;;;999;4
8;1;16;8;0;;1;1;AP-7;114,9;2;3;1;999;;1;1;1;;;999;4
8;2;11;8;8200;;1;1;C-32;54;2;9;2;2;;1;1;1;;;999;4
8;2;11;8;8123;;1;1;B-23;9;2;6;1;999;;1;1;1;;;999;4
8;2;14;8;8006;;3;2;No inventariada;;14;2;2;4;;1;1;1;;;999;998
8;2;15;8;8159;;1;1;AP-7;136;2;4;2;2;;1;1;1;;;999;4
8;2;17;8;8159;;1;1;AP-7;136,2;2;2;2;2;;1;1;1;;;999;4
8;2;18;8;0;;1;1;BP-1101;1,9;6;9;1;999;;1;1;1;;;999;4
8;2;22;8;8307;;1;1;C-15z;2,7;6;2;2;4;;1;4;1;;;999;4
8;1;21;8;8102;;3;2;No inventariada;;14;2;2;1;;1;4;1;;;17;998
8;1;5;8;8073;;3;2;No inventariada;;14;9;1;999;;1;4;1;;;17;998
8;2;21;8;8102;;3;2;No inventariada;;14;2;2;1;;1;2;1;;;17;998
8;2;15;8;8169;;3;2;No inventariada;;14;2;2;1;;1;1;1;;;17;998
8;1;15;8;8015;;3;2;No inventariada;;14;2;2;1;;1;1;1;;;17;998
8;5;19;8;8073;;3;2;No inventariada;;14;9;1;999;;1;1;1;;;17;998
8;7;13;8;8073;;3;2;No inventariada;;14;9;1;999;;1;1;1;;;17;998
8;2;16;8;8169;;3;2;No inventariada;;14;7;1;999;;3;1;3;;;17;998
8;2;18;8;8073;;3;2;No inventariada;;14;7;1;999;;1;1;1;;;17;998
6;7;10;8;8135;;3;2;No inventariada;;14;7;2;4;;1;1;1;;;17;998
7;2;15;8;8135;;3;2;No inventariada;;14;2;2;1;;1;1;1;;;17;998
7;6;19;8;8135;;3;2;No inventariada;;14;6;1;999;;1;1;1;;;17;998
8;7;20;8;8101;;3;2;No inventariada;;14;7;1;999;;1;1;1;;;17;998
8;7;0;8;8056;;3;2;No inventariada;;14;9;1;999;;1;4;1;;;1;998
7;7;6;8;8135;;3;2;No inventariada;;14;6;1;999;;1;2;1;;;17;998
8;7;11;8;8181;;1;1;AP-7;129,2;2;20;1;999;;1;1;1;;;999;4
7;5;18;8;8135;;3;2;No inventariada;;14;9;2;4;;8;1;1;;;17;998
7;7;22;8;8240;;1;1;AP-7;182,5;2;4;1;999;;1;5;1;;;999;4
8;2;19;8;8019;;1;1;C-58;0,5;2;3;1;999;;1;1;1;;;999;4
8;2;19;8;8091;;1;1;AP-7;174,7;2;3;1;999;;1;1;1;;;17;1
8;3;6;8;0;;2;2;N-340;1226;14;3;1;999;;1;5;1;;;999;4
8;3;6;8;0;;1;1;BV-4342;5,4;6;19;1;999;;1;2;1;;;999;4
8;3;7;8;8270;;1;1;C-32;34,4;2;2;1;999;;1;1;1;;;999;4
8;3;7;8;8252;;1;1;AP-7;147,1;2;3;1;999;;1;1;1;;;999;4
8;3;10;8;0;;1;1;No inventariada;2,8;6;9;1;999;;1;1;1;;;999;4
8;3;16;8;0;;1;1;BP-1101;7,8;6;9;1;999;;1;1;1;;;999;4
8;3;17;8;8101;;1;1;B-10;19;3;4;1;999;;1;1;1;;;999;4
8;3;16;8;8161;;1;1;BV-2242;9,2;6;9;1;999;;1;1;1;;;17;1
8;3;22;8;8033;;1;1;No inventariada;1,5;6;8;2;2;;1;6;1;;;999;4
8;4;1;8;8009;;1;1;C-1415c;7,1;6;9;1;999;;1;6;1;;;999;4
8;7;12;8;8298;;3;2;No inventariada;;14;2;1;999;;1;1;1;;;17;998
5;7;2;8;8266;;3;2;No inventariada;;14;9;2;1;;1;4;1;;;17;998
6;7;8;8;8266;;3;2;No inventariada;;14;2;2;2;;1;1;1;;;17;998
6;2;13;8;8266;;3;2;No inventariada;;14;7;2;1;;1;1;1;;;17;998
6;3;15;8;8266;;3;2;No inventariada;;14;9;2;1;;1;1;1;;;1;998
6;6;22;8;8266;;3;2;No inventariada;;14;9;2;1;;8;4;1;;;17;998
7;2;17;8;8147;;3;2;No inventariada;;14;1;1;999;;1;1;1;;;17;998
7;3;23;8;8147;;3;2;No inventariada;;14;2;2;1;;1;5;1;;;17;998
8;6;13;8;8200;;3;2;No inventariada;;14;2;1;999;;1;1;1;;;17;998
8;5;23;8;8015;;3;2;No inventariada;;14;9;1;999;;1;4;1;;;17;998
7;4;12;8;8147;;3;2;No inventariada;;14;9;1;999;;1;1;1;;;17;998
8;3;9;8;8147;;1;1;No inventariada;1;6;18;1;999;;1;1;1;;;17;4
8;1;18;8;8101;;3;2;No inventariada;;14;9;2;1;;1;1;1;;;17;998
8;4;19;8;8101;;3;2;No inventariada;;14;9;1;999;;1;1;1;;;17;998
8;5;18;8;8101;;3;2;No inventariada;;14;9;1;999;;1;1;1;;;17;998
8;1;16;8;8101;;3;2;No inventariada;;14;9;1;999;;1;1;1;;;17;998
8;2;16;8;8307;;3;2;No inventariada;;14;7;1;999;;1;1;1;;;1;998
8;4;19;8;8101;;3;2;No inventariada;;14;9;1;999;;1;1;1;;;17;998
8;3;23;8;8238;;1;1;C-1413a;18,5;6;8;1;999;;3;6;3;;;999;4
8;3;5;8;8291;;1;1;C-58;35,8;6;8;1;999;;1;5;1;;;999;4
7;1;19;8;8101;;1;1;B-10;19,5;3;3;1;999;;1;1;1;;;999;4