MES;DIA_SEMANA;HORA;COD_PROVINCIA;COD_MUNICIPIO;ISLA;ZONA;ZONA_AGRUPADA;CARRETERA;KM;TIPO_VIA;TIPO_ACCIDENTE;NUDO;NUDO_INFO;CARRETERA_CRUCE;CONDICION_FIRME;CONDICION_ILUMINACION;CONDICION_METEO;CONDICION_NIEBLA;CONDICION_VIENTO;VISIB_RESTRINGIDA_POR;TRAZADO_PLANTA
8;2;17;8;0;;1;1;BP-1101;5,6;6;9;1;999;;1;1;1;;;999;4
8;3;11;8;8172;;2;2;N-2;637,2;6;4;2;2;;1;1;1;;;999;4
8;3;13;8;8904;;1;1;C-58;9;2;4;1;999;;1;1;1;;;999;4
8;4;6;8;8169;;1;1;B-201;3,1;6;9;2;;;1;1;1;;;999;4
8;4;9;8;8169;;1;1;B-250;4;3;3;2;4;;1;1;1;;;999;4
8;4;9;8;8181;;1;1;C-35;40,9;6;3;2;4;;1;1;1;;;17;3
8;4;15;8;8009;;1;1;C-32;100;2;4;1;999;;1;1;1;;;999;4
8;4;15;8;8157;;1;1;A-2;599,7;3;4;1;999;;1;1;1;;;999;4
8;4;18;8;8054;;1;1;AP-7;163,7;2;3;1;999;;1;1;1;;;999;4
8;4;18;8;0;;1;1;BV-2115;7,2;6;9;1;999;;1;1;1;;;999;4
8;2;11;8;8015;;3;2;No inventariada;;14;2;2;2;;1;1;1;;;17;998
8;3;16;8;8245;;3;2;No inventariada;;14;4;2;1;;1;1;1;;;17;998
8;5;7;8;8245;;2;2;BV-5001;0,9;14;9;1;999;;1;2;1;;;17;4
8;3;15;8;8298;;3;2;No inventariada;;14;4;1;999;;1;1;1;;;17;998
8;1;14;8;8169;;3;2;No inventariada;;14;20;1;999;;1;1;1;;;17;998
8;4;7;8;8121;;3;2;No inventariada;;14;2;2;4;;1;1;1;;;17;998
8;4;8;8;8073;;3;2;No inventariada;;14;9;2;4;;8;1;1;;;17;998
6;3;10;8;8266;;3;2;No inventariada;;14;6;1;999;;1;1;1;;;17;998
6;7;11;8;8266;;3;2;No inventariada;;14;2;2;4;;1;1;1;;;17;998
6;5;22;8;8266;;3;2;No inventariada;;14;9;2;2;;1;4;1;;;17;998
6;7;12;8;8266;;2;2;No inventariada;;14;9;2;2;;1;1;1;;;17;4
6;2;17;8;8266;;2;2;No inventariada;;14;4;1;999;;1;1;1;;;17;4
6;4;13;8;8266;;2;2;No inventariada;;14;9;1;999;;3;1;3;;;17;4
6;7;12;8;8266;;3;2;No inventariada;;14;9;1;999;;1;1;1;;;17;998
6;2;8;8;8266;;3;2;No inventariada;;14;9;1;999;;1;1;1;;;17;998
8;4;4;8;8015;;3;2;No inventariada;;14;9;1;999;;1;5;1;;;17;998
8;2;18;8;8135;;3;2;No inventariada;;14;2;2;1;;1;1;1;;;17;998
8;4;12;8;8135;;3;2;No inventariada;;14;9;1;999;;1;1;1;;;17;998
8;4;8;8;8068;;1;1;B-24;7,8;3;3;1;999;;1;1;1;;;999;4
8;4;15;8;8211;;1;1;A-2;605;3;3;1;999;;1;1;1;;;999;4
8;3;12;8;8252;;1;1;AP-7;146,5;2;4;1;999;;1;1;1;;;999;4
8;5;8;8;8125;;1;1;C-58;4,4;2;9;1;999;;1;1;1;;;999;4
8;5;10;8;8051;;1;1;B-124;14,5;6;9;1;999;;1;1;1;;;999;4
8;5;14;8;0;;1;1;C-17;57,2;3;4;1;999;;1;1;1;;;999;4
8;5;14;8;8200;;1;1;C-245;11,5;6;4;2;;;1;1;1;;;999;4
8;5;15;8;0;;1;1;A-2;575;3;4;2;2;;1;1;1;;;999;4
8;5;17;8;8231;;2;2;BV-2111ant;6,2;6;2;2;2;;1;1;1;;;999;4
8;5;19;8;8260;;1;1;AP-7;143,8;2;3;1;999;;1;1;1;;;999;4
8;5;19;8;8307;;1;1;C-246a;47;6;2;2;2;;1;1;1;;;999;4
8;5;21;8;8240;;1;1;BP-2427;6,7;6;4;2;4;;1;6;1;;;999;4
8;5;23;8;8266;;1;1;AP-7;148,8;2;3;1;999;;1;5;1;;;999;4
9;7;0;8;8015;;3;2;No inventariada;;14;2;2;1;;1;4;1;;;17;998
8;5;7;8;8054;;1;1;No inventariada;2;6;19;1;999;;1;1;1;;;999;4
8;5;13;8;8279;;1;1;C-16;22,3;2;4;1;999;;1;1;1;;;999;4
8;6;1;8;8300;;1;1;C-16;26,7;2;8;2;;;1;6;1;;;999;4
8;6;8;8;0;;1;1;C-55;22;14;19;2;;;1;1;1;;;999;4
8;6;7;8;8123;;1;1;BV-1468;2,5;6;8;1;999;;1;1;1;;;999;4
8;6;3;8;8125;;1;1;C-17;3,5;3;19;1;999;;1;4;1;;;999;4
8;6;9;8;8015;;1;1;C-31;213;2;3;1;999;;1;1;1;;;999;4
8;6;12;8;8279;;1;1;No inventariada;11;6;20;1;999;;1;1;1;;;17;4
8;6;12;8;0;;1;1;BV-5115;4,1;6;9;1;999;;1;1;1;;;999;4
8;6;12;8;8260;;1;1;AP-7;142;2;4;1;999;;1;1;1;;;999;4
8;6;18;8;8019;;1;1;C-33;77,5;2;4;1;999;;1;1;1;;;999;4
8;6;18;8;8054;;1;1;A-2;587;3;4;2;4;;1;1;1;;;999;4
8;6;20;8;0;;3;2;No inventariada;;14;2;2;1;;1;4;1;;;17;998
9;7;1;8;8307;;1;1;C-31;155;6;4;1;999;;1;6;1;;;999;4
6;1;11;8;8015;;3;2;No inventariada;;14;2;1;999;;1;1;1;;;17;998
6;1;11;8;8015;;3;2;No inventariada;;14;9;1;999;;1;1;1;;;17;998
8;6;17;8;8298;;3;2;No inventariada;;14;3;2;2;;1;1;1;;;17;998
8;4;22;8;8015;;3;2;No inventariada;;14;2;2;1;;1;4;1;;;17;998
8;7;19;8;8105;;3;2;No inventariada;;14;7;1;999;;1;1;1;;;17;998
7;2;8;8;8307;;3;2;No inventariada;;14;20;1;999;;1;1;1;;;17;998
8;6;6;8;8283;;1;1;N-141c;38,8;6;19;1;999;;1;1;3;;;999;4
8;6;19;8;8300;;1;1;C-58;25,1;6;4;1;999;;1;1;1;;;999;4
8;6;21;8;8019;;1;1;C-58;0,5;2;4;1;999;;1;4;1;;;999;4
9;7;6;8;8279;;1;1;No inventariada;12;6;3;2;2;;3;5;3;;;999;4
9;7;8;8;8114;;1;1;AP-7;171,2;2;9;2;;;3;1;3;;;999;4
9;7;9;8;8305;;1;1;B-212;2,3;6;1;1;999;;3;1;3;;;999;4
9;7;10;8;0;;1;1;B-224;3,7;6;19;1;999;;3;1;1;;;999;4
8;6;22;8;0;;3;2;No inventariada;;14;7;1;999;;1;4;1;;;17;998
9;7;17;8;8250;;1;1;C-37;63,1;6;3;2;4;;1;1;1;;;999;4
9;7;20;8;8263;;1;1;BV-2002;2;6;4;2;4;;1;4;1;;;999;4
9;7;21;8;8155;;1;1;N-2;676,5;6;2;2;4;;1;4;1;;;999;4
9;7;19;8;8001;;1;1;A-2;582,9;3;4;1;999;;1;1;1;;;999;4
9;1;0;8;0;;1;1;C-16;100,2;6;19;1;999;;3;6;3;;;999;4
6;4;16;8;8015;;3;2;No inventariada;;14;7;1;999;;1;1;1;;;17;998
8;6;19;8;8248;;3;2;No inventariada;;14;9;1;999;;1;1;1;;;17;998
9;7;21;8;8248;;3;2;No inventariada;;14;6;1;999;;1;4;1;;;17;998
8;4;19;8;8245;;2;2;BV-5001;3,4;14;2;1;999;;1;1;1;;;17;4
8;2;13;8;8121;;3;2;No inventariada;;14;7;1;999;;1;1;1;;;17;998
8;4;11;8;8121;;3;2;No inventariada;;14;2;2;1;;1;1;1;;;17;998
8;5;13;8;8121;;3;2;No inventariada;;14;4;2;1;;1;1;1;;;17;998
8;6;16;8;8121;;3;2;No inventariada;;14;18;1;999;;1;1;1;;;17;998
6;6;15;8;8266;;3;2;No inventariada;;14;6;1;999;;1;1;1;;;17;998
5;6;19;8;8266;;3;2;No inventariada;;14;2;2;1;;1;1;1;;;17;998
8;2;12;8;8169;;3;2;No inventariada;;14;4;2;4;;1;1;1;;;17;998
8;6;17;8;8169;;3;2;No inventariada;;14;9;2;4;;1;1;1;;;17;998
7;2;14;8;8015;;3;2;No inventariada;;14;2;1;999;;1;1;1;;;17;998
7;1;8;8;8015;;3;2;No inventariada;;14;3;1;999;;1;1;1;;;17;998
8;5;15;8;8114;;1;1;AP-7;171;2;9;2;4;B-224;8;1;1;;;999;4
8;5;19;8;8101;;1;1;C-31;195,6;3;4;2;;;1;1;1;;;999;4
8;5;18;8;8155;;1;1;N-2;678,3;6;9;1;999;;1;1;1;;;999;4
9;1;7;8;8263;;1;1;A-2;601;3;3;1;999;;1;1;1;;;999;4
9;1;11;8;8213;;1;1;B-451;0;6;9;2;4;;8;1;1;;;999;4
9;1;10;8;8043;;1;1;C-15;8,5;3;6;1;999;;1;1;1;;;999;4
9;1;13;8;0;;3;2;No inventariada;;14;6;1;999;;1;1;1;;;999;998
9;1;15;8;8252;;1;1;B-30;10;2;4;1;999;;1;1;1;;;999;4
9;1;18;8;8009;;1;1;C-32;100;2;4;1;999;;1;1;1;;;999;4
9;1;16;8;8076;;1;1;A-2;578;3;6;1;999;;1;1;1;;;999;4
9;1;21;8;8205;;1;1;AP-7;158;2;6;1;999;;1;5;1;;;999;4
9;1;22;8;8076;;1;1;C-55;1,8;6;6;1;999;;1;6;1;;;999;4
9;1;11;8;8073;;3;2;No inventariada;;14;9;2;4;;1;1;1;;;17;998
8;2;18;8;8035;;3;2;No inventariada;;14;1;2;1;;1;1;1;;;17;998
8;6;17;8;8035;;3;2;No inventariada;;14;4;2;1;;1;1;1;;;17;998
8;3;13;8;8089;;3;2;No inventariada;;14;2;2;2;;1;1;1;;;17;998
8;2;17;8;8089;;3;2;No inventariada;;14;2;2;2;;1;1;1;;;17;998
8;1;16;8;8089;;3;2;No inventariada;;14;2;2;2;;1;1;1;;;17;998
8;5;21;8;8089;;3;2;No inventariada;;14;3;2;2;;1;1;1;;;17;998
9;1;10;8;8245;;2;2;BV-5005;0,3;14;4;1;999;;1;1;1;;;17;4
8;6;20;8;8121;;2;2;N-2;647,2;14;4;1;999;;1;1;1;;;17;4
9;2;3;8;8245;;3;2;No inventariada;;14;7;2;1;;1;4;1;;;17;998
7;4;19;8;8112;;3;2;No inventariada;;14;2;2;1;;1;1;1;;;17;998
6;7;12;8;8112;;3;2;No inventariada;;14;2;1;999;;1;1;1;;;17;998
7;3;15;8;8015;;3;2;No inventariada;;14;2;2;2;;1;1;1;;;17;998
8;1;18;8;8040;;3;2;No inventariada;71;14;2;1;999;;1;1;1;;;17;998
9;2;0;8;8184;;3;2;No inventariada;;14;20;1;999;;1;1;1;;;17;998
7;1;11;8;8125;;1;1;C-58;4,5;2;4;2;;;1;1;1;;;999;4
8;6;3;8;8202;;1;1;AP-7;109,5;2;19;1;999;;1;6;1;;;999;4
8;5;14;8;8252;;3;2;No inventariada;;14;2;2;2;;1;1;1;;;17;998
8;7;1;8;8073;;1;1;A-2;608,6;3;4;1;999;;1;4;1;;;999;4
8;7;22;8;8001;;1;1;A-2;584;3;3;1;999;;1;4;1;;;999;4
8;1;15;8;0;;1;1;A-2;574;3;3;1;999;;1;1;1;;;999;4
8;4;12;8;0;;1;1;AP-7;173,5;2;3;1;999;;1;1;1;;;999;4
8;4;17;8;8205;;1;1;AP-7;153,5;2;4;2;;;1;1;1;;;999;4
9;2;7;8;0;;2;2;C-55;22,1;6;3;2;2;;1;1;1;;;999;4
9;2;6;8;8217;;1;1;A-2;606;3;4;1;999;;1;1;1;;;999;4
9;2;7;8;8001;;1;1;A-2;584,1;3;4;1;999;;1;1;1;;;999;4
9;2;7;8;8125;;1;1;C-58;3,9;2;9;1;999;;1;1;1;;;999;4
9;2;7;8;8245;;1;1;B-20;17,6;2;3;1;999;;1;5;1;;;17;1
9;2;9;8;8245;;1;1;B-20;17,1;2;4;2;;;1;1;1;;;999;4
9;2;11;8;8187;;1;1;C-58;11;2;3;1;999;;3;1;3;;;999;4
9;2;12;8;8124;;1;1;AP-7;139,6;2;2;1;999;;3;1;3;;;999;4
9;2;13;8;8121;;1;1;BV-5031;1,5;6;9;2;4;;3;1;3;;;999;4
9;2;13;8;8043;;1;1;C-15z;5,2;6;9;2;2;;3;1;3;;;999;4
9;2;14;8;8252;;1;1;B-30;11;2;4;1;999;;3;1;3;;;999;4
9;2;13;8;8009;;1;1;C-32;99,8;2;4;1;999;;3;1;3;;;999;4
9;2;14;8;8902;;1;1;BP-5002;12;6;20;2;;;3;1;4;;;999;4
9;2;16;8;8056;;1;1;C-32;46,5;2;9;1;999;;3;1;3;;;999;4
9;2;16;8;0;;1;1;BV-2421;0;6;9;2;4;;3;1;3;;;999;4
9;2;16;8;8051;;1;1;B-124;9,5;6;1;1;999;;1;1;1;;;999;4
9;2;15;8;8231;;1;1;BV-2111;7,6;6;9;1;999;;3;1;1;;;999;4
9;2;18;8;8123;;1;1;B-23;9;2;3;1;999;;1;1;1;;;999;4
9;2;10;8;8073;;3;2;No inventariada;;14;9;2;4;;3;1;3;;;17;998
8;2;3;8;8089;;3;2;No inventariada;;14;2;2;1;;1;4;1;;;17;998
9;3;5;8;8015;;3;2;No inventariada;;14;19;1;999;;1;4;1;;;17;998
8;3;17;8;8089;;3;2;No inventariada;;14;6;1;999;;1;1;1;;;17;998
8;5;20;8;8279;;3;2;No inventariada;;14;20;1;999;;1;1;1;;;17;998
7;1;11;8;8015;;3;2;No inventariada;;14;4;1;999;;1;1;1;;;17;998
7;6;9;8;8054;;1;1;AP-7;165;2;4;1;999;;1;1;1;;;999;4
8;4;18;8;0;;1;1;BV-2116;3,3;6;3;2;2;;1;1;1;;;999;4
9;2;10;8;0;;1;1;N-2a;546;6;19;2;4;;3;1;4;;;999;4
9;2;11;8;0;;1;1;B-433;6,1;6;19;1;999;;3;1;3;;;999;4
9;2;22;8;8245;;1;1;B-20;17;2;9;2;;;3;4;3;;;999;4
9;3;8;8;8200;;1;1;No inventariada;54;6;9;1;999;;1;1;1;;;999;4
9;3;14;8;8252;;1;1;B-141;1,8;6;9;2;4;;3;1;1;;;999;4
9;3;14;8;8180;;1;1;C-58;7,1;6;19;2;;;3;1;1;;;999;4
9;3;13;8;8040;;1;1;C-32;115,5;2;2;1;999;;3;1;3;;;999;4
9;3;14;8;8138;;1;1;N-141c;32,9;6;19;1;999;;3;1;1;;;999;4
9;3;14;8;0;;1;1;C-62;28,1;6;19;1;999;;3;1;3;;;999;4
9;3;14;8;8184;;1;1;No inventariada;8,2;6;19;1;999;;1;1;1;;;999;4
9;3;15;8;8205;;1;1;BP-1417;6,5;6;9;1;999;;3;1;1;;;999;4
9;3;23;8;8051;;1;1;No inventariada;29,1;6;19;1;999;;3;6;1;;;999;4
9;4;2;8;8266;;1;1;BV-1415;7,5;6;19;1;999;;3;6;3;;;999;4
8;2;8;8;8035;;3;2;No inventariada;;14;9;2;1;;1;1;1;;;17;998
8;4;8;8;8035;;3;2;No inventariada;;14;9;2;2;;1;1;1;;;17;998
9;3;10;8;8245;;3;2;No inventariada;;14;9;1;999;;3;1;3;;;17;998
8;1;6;8;8121;;3;2;No inventariada;;14;9;2;2;;1;5;1;;;17;998
9;1;19;8;8102;;3;2;No inventariada;;14;4;2;1;;1;1;1;;;17;998
7;2;21;8;8121;;3;2;No inventariada;;14;7;1;999;;1;4;1;;;17;998
8;6;4;8;8073;;3;2;No inventariada;;14;9;1;999;;1;4;1;;;17;998
9;3;17;8;8073;;3;2;No inventariada;;14;3;1;999;;1;1;1;;;17;998
9;2;18;8;8015;;3;2;No inventariada;;14;7;1;999;;1;1;1;;;17;998
9;3;20;8;8015;;3;2;No inventariada;;14;7;1;999;;1;1;1;;;17;998
8;4;18;8;8101;;3;2;No inventariada;;14;7;2;1;;1;1;1;;;17;998
8;3;15;8;8101;;3;2;No inventariada;;14;4;1;999;;1;1;1;;;17;998
9;2;15;8;8101;;3;2;No inventariada;;14;2;2;1;;3;1;3;;;17;998
8;5;13;8;8101;;3;2;No inventariada;;14;7;1;999;;1;1;1;;;17;998
8;2;15;8;8101;;3;2;No inventariada;;14;2;2;4;;1;1;1;;;17;998
8;7;13;8;8101;;3;2;No inventariada;;14;3;1;999;;1;1;1;;;17;998
5;2;13;8;8101;;3;2;No inventariada;;14;7;1;999;;1;1;1;;;17;998
8;2;22;8;8101;;3;2;No inventariada;;14;2;2;4;;1;4;1;;;17;998
7;2;12;8;8121;;3;2;No inventariada;;14;2;2;4;;1;1;1;;;1;998
8;6;12;8;8040;;3;2;No inventariada;24;14;7;1;999;;1;1;1;;;17;998
3;5;6;8;8200;;3;2;No inventariada;;14;7;1;999;;1;1;1;;;17;998
9;3;20;8;8263;;3;2;No inventariada;;14;9;2;4;;1;1;3;;;1;998
8;4;23;8;8200;;3;2;No inventariada;;14;9;1;999;;1;4;1;;;17;998
8;6;11;8;0;;1;1;AP-7;162;2;4;1;999;;1;1;1;;;999;4
9;4;6;8;0;;1;1;C-17;39,1;3;20;1;999;;3;6;3;;;999;4
9;3;7;8;8284;;1;1;GI-600;1,3;6;4;2;2;;1;1;1;;;999;4
9;3;12;8;8260;;1;1;AP-7;145,1;2;3;1;999;;3;1;3;;;999;4
9;3;14;8;8009;;1;1;C-60;5;2;19;2;;;3;1;3;;;999;4
9;3;20;8;8252;;1;1;AP-7;147,5;2;4;1;999;;3;1;4;;;999;4
9;3;22;8;8124;;1;1;C-17;13;3;2;1;999;;3;4;3;;;999;4
9;4;0;8;8009;;1;1;C-32;98;2;19;1;999;;3;4;3;;;999;4
9;4;7;8;8252;;1;1;B-30;10;2;20;1;999;;1;1;1;;;999;4
9;4;10;8;8187;;1;1;C-155;0,2;6;4;1;999;;1;1;1;;;999;4
9;4;15;8;8260;;1;1;C-59;3;3;3;1;999;;1;1;1;;;999;4
9;4;15;8;8217;;1;1;A-2;608,1;3;4;1;999;;1;1;1;;;999;4
9;4;17;8;8089;;1;1;B-210;2,8;6;9;2;1;;1;1;1;;;999;4
9;4;17;8;0;;1;1;AP-7;162,1;2;4;1;999;;1;1;1;;;999;4
9;4;17;8;0;;1;1;C-25;150,6;3;4;1;999;;1;1;1;;;999;4
9;4;21;8;8001;;1;1;C-55;1,5;6;6;1;999;;1;6;1;;;999;4
9;5;8;8;8015;;3;2;No inventariada;;14;9;1;999;;3;1;1;;;17;998
9;2;4;8;8102;;3;2;No inventariada;;14;2;2;1;;1;4;1;;;17;998
9;4;6;8;8245;;3;2;No inventariada;;14;2;2;4;;1;2;1;;;17;998
8;3;10;8;8121;;3;2;No inventariada;;14;4;1;999;;1;1;1;;;17;998
7;4;11;8;8015;;3;2;No inventariada;;14;3;1;999;;1;1;1;;;17;998
6;6;10;8;8015;;3;2;No inventariada;;14;2;2;2;;1;1;1;;;17;998
6;2;14;8;8112;;2;2;B-522;7,1;14;4;1;999;;3;1;3;;;17;4
4;2;23;8;8015;;3;2;No inventariada;;14;3;2;2;;1;4;1;;;17;998
6;2;12;8;8015;;3;2;No inventariada;;14;9;1;999;;1;1;1;;;17;998
7;7;17;8;0;;1;1;N-340;1209;6;4;1;999;;1;1;1;;;999;4
8;1;11;8;8263;;1;1;A-2;603;3;3;1;999;;1;1;1;;;999;4
9;3;7;8;0;;1;1;BV-5108;4;6;1;1;999;;3;1;3;;;999;4
9;5;6;8;8015;;1;1;C-31;211,7;2;4;2;;;1;5;1;;;999;4
9;5;10;8;8205;;1;1;C-1413a;6,2;6;9;2;4;;3;1;3;;;999;4
9;5;10;8;8305;;1;1;N-340;1210;6;4;1;999;;3;1;3;;;999;4
9;5;11;8;8076;;1;1;C-1414;2,2;6;6;1;999;;3;1;3;;;999;4
9;5;14;8;8124;;1;1;C-17;13,6;3;2;1;999;;1;1;1;;;999;4
9;5;15;8;8240;;1;1;BP-2427;6,3;6;4;2;4;;1;1;1;;;999;4
9;5;16;8;8091;;1;1;AP-7;176;2;3;1;999;;1;1;1;;;999;4
9;5;3;8;0;;1;1;AP-7;197;2;19;1;999;;1;6;1;;;999;4
9;5;17;8;8301;;1;1;C-31;186,7;3;4;1;999;;1;1;1;;;999;4
9;5;23;8;8289;;1;1;BV-2005;3,5;6;19;1;999;;3;1;3;;;999;4
9;5;21;8;8125;;1;1;C-59;5,8;6;19;1;999;;1;6;1;;;999;4
9;1;19;8;8121;;3;2;No inventariada;;14;9;1;999;;1;1;1;;;17;998
7;5;8;8;8015;;3;2;No inventariada;;14;7;1;999;;1;1;1;;;17;998
9;5;8;8;8015;;3;2;No inventariada;;14;9;1;999;;1;1;1;;;17;998
8;7;23;8;0;;1;1;C-25;183,5;3;6;1;999;;1;6;1;;;999;4
9;4;8;8;8015;;1;1;C-31;213,1;2;4;1;999;;1;1;1;;;999;4
9;5;11;8;0;;1;1;C-32;127,5;2;19;1;999;;3;1;3;;;999;4
9;5;23;8;8238;;1;1;C-1413a;17;6;2;1;999;;1;6;3;;;999;4
9;6;5;8;0;;1;1;AP-7;189,5;2;3;1;999;;1;6;1;;;999;4
9;6;7;8;8279;;1;1;B-120;1,1;6;4;1;999;;3;1;1;;;999;4
9;6;10;8;0;;1;1;BV-5301;33,8;6;19;1;999;;1;1;1;;;999;4
9;6;10;8;8205;;1;1;BP-1417;6,2;6;9;1;999;;3;1;1;;;999;4
9;6;11;8;8054;;1;1;A-2;592;3;3;1;999;;1;1;1;;;999;4
9;6;10;8;0;;1;1;AP-7;186,5;2;4;1;999;;1;1;1;;;999;4
9;6;15;8;8091;;1;1;No inventariada;13,4;6;9;1;999;;1;1;1;;;999;4
9;6;16;8;8051;;1;1;B-124;13,5;6;19;1;999;;1;1;1;;;999;4
9;6;20;8;8181;;1;1;No inventariada;12,2;6;4;1;999;;1;1;1;;;999;4
9;6;20;8;8260;;1;1;C-59;4,5;3;4;1;999;;1;6;1;;;999;4
9;7;1;8;8238;;1;1;C-58;12;2;2;1;999;;1;4;1;;;999;4
9;7;1;8;8001;;1;1;BV-1201;4,3;6;19;2;1;;1;6;1;;;999;4
9;5;11;8;8298;;3;2;No inventariada;;14;7;1;999;;1;1;1;;;17;998
9;6;20;8;8015;;3;2;No inventariada;;14;4;1;999;;1;1;1;;;17;998
9;4;19;8;8298;;3;2;No inventariada;;14;7;1;999;;1;1;1;;;17;998
9;2;21;8;8169;;3;2;No inventariada;;14;20;2;4;;3;1;1;;;1;998
7;2;7;8;8187;;3;2;No inventariada;;14;20;1;999;;1;1;1;;;17;998
9;5;2;8;8279;;3;2;No inventariada;;14;6;1;999;;1;1;1;;;17;998
8;2;16;8;8169;;3;2;No inventariada;;14;7;1;999;;1;1;1;;;999;998
9;6;10;8;8181;;1;1;AP-7;126,5;2;4;1;999;;1;1;1;;;999;4
9;7;12;8;0;;1;1;N-141c;47;6;4;1;999;;1;1;1;;;999;4
9;7;13;8;8029;;1;1;C-32;95,4;2;19;1;999;;3;1;4;;;999;4
9;7;13;8;8244;;1;1;A-2;603,5;3;3;1;999;;3;1;4;;;999;4
9;7;14;8;0;;1;1;B-23;14,2;2;6;1;999;;3;1;1;;;999;4
9;7;15;8;8107;;1;1;C-17;19,5;3;6;2;;;8;1;4;;;999;4
9;7;16;8;0;;1;1;BV-2122;1,5;14;1;1;999;;1;1;1;;;999;4
9;7;19;8;8217;;1;1;A-2;606;3;4;1;999;;1;1;1;;;999;4
9;1;1;8;8101;;1;1;C-31;196;3;6;1;999;;1;4;1;;;999;4
9;1;2;8;8307;;1;1;C-246a;47,2;6;19;1;999;;1;6;1;;;999;4
9;5;13;8;8073;;3;2;No inventariada;;14;4;2;4;;1;1;1;;;17;998
9;6;11;8;8073;;3;2;No inventariada;;14;7;2;2;;1;1;1;;;17;998
9;2;13;8;8102;;3;2;No inventariada;;14;7;2;1;;3;1;4;;;17;998
9;2;14;8;8102;;3;2;No inventariada;;14;9;2;4;;3;1;3;;;17;998
9;7;13;8;8102;;2;2;BV-4135;0,1;14;4;2;1;;1;1;1;;;17;4
8;1;13;8;8121;;3;2;No inventariada;;14;3;2;2;;1;1;1;;;17;998
3;2;14;8;8029;;3;2;No inventariada;;14;3;1;999;;1;1;1;;;17;998
7;6;17;8;8307;;3;2;No inventariada;;14;9;1;999;;1;1;1;;;17;998
8;3;18;8;8298;;3;2;No inventariada;;14;7;1;999;;1;1;1;;;17;998
8;5;12;8;8089;;3;2;No inventariada;;14;2;2;1;;1;1;1;;;17;998
8;5;21;8;8089;;2;2;C-245;5,6;14;4;1;999;;1;4;1;;;17;4
9;7;5;8;8121;;3;2;No inventariada;;14;2;2;1;;3;4;4;;;17;998
6;6;16;8;8238;;3;2;No inventariada;;14;9;2;4;;1;1;1;;;17;998
5;2;14;8;8196;;3;2;No inventariada;;14;2;2;1;;3;1;3;;;17;998
5;2;8;8;8196;;3;2;No inventariada;;14;2;2;1;;1;1;1;;;17;998
6;1;6;8;8196;;3;2;No inventariada;;14;3;1;999;;1;1;1;;;17;998
6;2;9;8;8196;;3;2;No inventariada;;14;4;1;999;;1;1;1;;;17;998
8;5;19;8;8112;;2;2;B-522;7,1;14;4;1;999;;1;1;1;;;17;4
6;5;9;8;8196;;3;2;No inventariada;;14;1;1;999;;1;1;1;;;17;998
7;7;22;8;8112;;3;2;No inventariada;;14;4;1;999;;1;1;1;;;17;998
6;5;15;8;8196;;3;2;No inventariada;;14;9;1;999;;1;1;1;;;17;998
8;6;0;8;8015;;3;2;No inventariada;;14;4;1;999;;1;4;1;;;17;998
8;4;15;8;8196;;3;2;No inventariada;;14;2;2;1;;1;1;1;;;17;998
6;3;11;8;8121;;3;2;No inventariada;;14;9;1;999;;1;1;1;;;9;998
8;1;13;8;8196;;3;2;No inventariada;;14;7;2;2;;1;1;1;;;17;998
9;2;15;8;8110;;1;1;N-2;674,7;6;9;2;2;;3;1;3;;;999;4
8;4;22;8;8076;;1;1;A-2;580;3;3;1;999;;1;4;1;;;999;4
9;6;13;8;8284;;1;1;N-2;682;6;4;2;4;;1;1;1;;;999;4
9;6;16;8;8264;;1;1;C-32;109;2;20;1;999;;1;1;1;;;999;4
9;7;5;8;8240;;1;1;AP-7;183,5;2;6;1;999;;3;4;3;;;999;4
9;7;12;8;8006;;1;1;C-32;111;2;19;1;999;;3;1;4;;;999;4
9;1;6;8;8187;;1;1;C-155;0;6;8;1;999;;1;2;1;;;999;4
9;1;6;8;8167;;1;1;C-155;3,1;6;9;1;999;;8;5;1;;;999;4
9;1;8;8;8205;;1;1;AP-7;158,5;2;4;1;999;;1;1;1;;;999;4
9;1;6;8;0;;1;1;AP-7;161,6;6;4;1;999;;1;1;1;;;999;4
9;1;10;8;8019;;1;1;C-58;1;2;4;1;999;;1;1;1;;;999;4
9;1;14;8;8284;;1;1;GI-600;2,7;6;9;2;2;;1;1;1;;;999;4
9;1;14;8;8217;;1;1;A-2;606;3;4;1;999;;1;1;1;;;999;4
9;1;14;8;8187;;1;1;C-58;10,9;2;20;1;999;;1;1;1;;;999;4
9;1;15;8;8067;;1;1;No inventariada;17;6;3;1;999;;1;1;1;;;999;4
9;1;17;8;0;;1;1;BV-5301;8,1;6;19;1;999;;1;1;1;;;17;4
9;1;17;8;0;;1;1;C-26;166,1;6;9;1;999;;1;1;1;;;999;4
9;1;17;8;8200;;1;1;C-32;54;2;4;1;999;;1;1;1;;;999;4
9;1;20;8;8307;;1;1;BV-2115;1,7;6;4;2;2;;1;2;1;;;999;4
9;1;19;8;0;;2;2;BV-2127;8,9;14;6;2;2;;1;1;1;;;999;4
9;2;2;8;0;;1;1;BV-2115;7,5;6;19;1;999;;1;6;1;;;999;4
9;1;9;8;8102;;3;2;No inventariada;;14;9;1;999;;1;1;1;;;17;998
4;6;17;8;8029;;3;2;No inventariada;;14;2;2;2;;1;1;1;;;17;998
7;2;16;8;8307;;3;2;No inventariada;;14;7;2;1;;1;1;1;;;17;998
8;5;15;8;8245;;3;2;No inventariada;;14;9;1;999;;1;1;1;;;17;998
8;6;14;8;8245;;2;2;No inventariada;;14;7;2;1;;1;1;1;;;1;4
8;7;11;8;8307;;3;2;No inventariada;;14;1;1;999;;1;1;1;;;17;998
9;1;16;8;8121;;3;2;No inventariada;;14;1;2;4;;1;1;1;;;17;998
8;5;13;8;8121;;3;2;No inventariada;;14;9;1;999;;1;1;1;;;17;998
8;5;16;8;8121;;3;2;No inventariada;;14;9;1;999;;1;1;1;;;17;998
8;3;8;8;8089;;3;2;No inventariada;;14;7;2;4;;1;1;1;;;17;998
9;4;16;8;8073;;3;2;No inventariada;;14;4;1;999;;1;1;1;;;17;998