MES;DIA_SEMANA;HORA;COD_PROVINCIA;COD_MUNICIPIO;ISLA;ZONA;ZONA_AGRUPADA;CARRETERA;KM;TIPO_VIA;TIPO_ACCIDENTE;NUDO;NUDO_INFO;CARRETERA_CRUCE;CONDICION_FIRME;CONDICION_ILUMINACION;CONDICION_METEO;CONDICION_NIEBLA;CONDICION_VIENTO;VISIB_RESTRINGIDA_POR;TRAZADO_PLANTA
6;6;20;8;8266;;3;2;No inventariada;;14;3;1;999;;1;1;1;;;17;998
8;4;12;8;8101;;3;2;No inventariada;;14;7;2;4;;1;1;1;;;17;998
9;4;19;8;8101;;3;2;No inventariada;;14;7;1;999;;1;1;1;;;17;998
9;6;12;8;8112;;2;2;B-522;7,8;14;4;1;999;;1;1;1;;;17;4
7;4;12;8;8112;;2;2;B-522;7,5;14;2;2;4;;1;1;1;;;17;4
7;4;13;8;8112;;3;2;No inventariada;;14;2;2;4;;1;1;1;;;17;998
8;5;21;8;8112;;3;2;No inventariada;;14;7;1;999;;1;4;1;;;17;998
9;7;6;8;8056;;3;2;No inventariada;;14;9;1;999;;1;4;1;;;1;998
9;2;13;8;8205;;3;2;No inventariada;;14;7;1;999;;1;1;3;;;1;998
7;7;19;8;8305;;1;1;AP-7;193,5;2;9;2;;;8;1;1;;;999;4
9;1;12;8;0;;1;1;BV-2122;6,5;6;19;1;999;;1;1;1;;;999;4
9;1;13;8;0;;1;1;AP-7;190,5;2;4;1;999;;1;1;1;;;999;4
9;2;8;8;8123;;1;1;B-23;11,5;2;4;1;999;;1;1;1;;;999;4
9;4;18;8;8125;;1;1;N-150;2,5;6;4;2;2;;1;1;1;;;999;4
9;2;12;8;0;;1;1;B-522;2,9;6;4;2;4;;1;1;1;;;999;4
9;2;9;8;0;;1;1;A-2;575,1;3;4;1;999;;1;1;1;;;17;2
9;2;13;8;8238;;1;1;C-58;13;2;4;2;2;;1;1;1;;;999;4
9;2;14;8;8089;;1;1;B-210;1;6;2;2;1;;1;1;1;;;999;4
9;2;15;8;0;;1;1;BV-2415;2,5;6;2;1;999;;1;1;1;;;999;4
9;2;16;8;8218;;1;1;C-55;37;6;2;1;999;;1;1;1;;;17;2
9;2;17;8;8125;;1;1;N-152a;13,5;6;2;1;999;;1;1;1;;;999;4
9;2;17;8;8238;;1;1;C-58;13;2;4;1;999;;1;1;1;;;999;4
9;2;22;8;8213;;1;1;B-451;0,9;6;19;1;999;;1;6;1;;;999;4
9;2;22;8;8192;;1;1;BV-4501;4,4;6;19;2;4;;1;4;1;;;999;4
9;3;1;8;8125;;1;1;BV-5011;7,5;6;19;1;999;;1;6;1;;;17;2
9;3;0;8;8904;;1;1;C-58;9;2;20;1;999;;1;6;1;;;17;2
9;2;9;8;8298;;3;2;No inventariada;;14;2;2;1;;1;1;1;;;17;998
6;3;17;8;8266;;2;2;No inventariada;;14;2;2;2;;1;1;1;;;17;4
7;1;5;8;8238;;3;2;No inventariada;;14;9;1;999;;1;2;1;;;17;998
8;3;11;8;8187;;3;2;No inventariada;;14;7;1;999;;1;1;1;;;17;998
9;7;18;8;8240;;3;2;No inventariada;;14;6;2;2;;1;1;1;;;1;998
9;1;13;8;8125;;1;1;BV-5011;8;6;9;1;999;;1;1;1;;;999;4
9;1;22;8;8019;;1;1;C-16;4,7;2;4;2;;;1;4;1;;;999;4
9;2;9;8;8279;;1;1;BV-1248;6;6;2;1;999;;1;1;1;;;999;4
9;2;12;8;8033;;1;1;No inventariada;1,6;6;3;2;2;;1;1;1;;;999;4
9;3;7;8;8089;;1;1;BV-2041;2,3;6;19;1;999;;1;2;1;;;999;4
9;3;10;8;0;;1;1;C-26;139,3;6;19;1;999;;1;1;1;;;999;4
9;3;10;8;8138;;1;1;N-141c;31,4;6;19;1;999;;1;1;1;;;17;4
9;3;12;8;8205;;1;1;BP-1417;8;6;2;1;999;;1;1;1;;;999;4
9;3;12;8;0;;1;1;B-122;20;6;19;1;999;;1;1;1;;;999;4
9;2;19;8;8102;;1;1;C-37;64,9;6;1;1;999;;1;1;1;;;17;1
4;7;5;8;8029;;3;2;No inventariada;;14;6;1;999;;1;6;1;;;17;998
9;2;10;8;8102;;3;2;No inventariada;;14;7;2;2;;1;1;1;;;17;998
8;2;15;8;8307;;3;2;No inventariada;;14;2;2;4;;3;1;3;;;17;998
4;3;15;8;8029;;3;2;No inventariada;;14;4;2;2;;1;1;1;;;17;998
9;1;15;8;8121;;3;2;No inventariada;;14;2;2;1;;1;1;1;;;17;998
8;4;17;8;8307;;3;2;No inventariada;;14;2;2;1;;1;1;1;;;17;998
8;4;1;8;8121;;3;2;No inventariada;;14;9;1;999;;1;4;1;;;17;998
8;3;12;8;8121;;3;2;No inventariada;;14;9;2;4;;1;1;1;;;17;998
9;4;8;8;8121;;3;2;No inventariada;;14;7;1;999;;1;1;1;;;17;998
8;7;18;8;8200;;3;2;No inventariada;;14;9;2;4;;3;1;1;;;17;998
7;5;12;8;8015;;2;2;BV-5011;0,5;14;2;2;1;;1;1;1;;;17;4
9;1;17;8;8200;;3;2;No inventariada;;14;3;1;999;;1;1;1;;;17;998
8;6;17;8;8015;;3;2;No inventariada;;14;9;1;999;;1;1;1;;;17;998
9;4;17;8;8015;;3;2;No inventariada;;14;7;1;999;;3;1;3;;;17;998
8;6;20;8;8015;;3;2;No inventariada;;14;2;1;999;;1;4;1;;;17;998
8;2;19;8;8015;;3;2;No inventariada;;14;4;1;999;;1;1;1;;;17;998
4;3;7;8;8194;;3;2;No inventariada;;14;2;2;1;;1;1;1;;;17;998
4;4;17;8;8194;;3;2;No inventariada;;14;2;2;1;;1;1;1;;;17;998
8;2;23;8;8279;;3;2;No inventariada;;14;6;1;999;;1;4;1;;;1;998
8;5;19;8;8194;;3;2;No inventariada;;14;6;2;;;1;1;1;;;1;998
9;6;8;8;8198;;1;1;BP-5107;47;6;1;1;999;;1;1;1;;;999;4
9;3;9;8;8194;;1;1;B-10;2,9;3;19;1;999;;1;1;1;;;999;4
9;4;7;8;8019;;1;1;C-58;0,5;2;4;1;999;;1;1;1;;;999;4
9;4;15;8;8240;;1;1;BV-2242;13,7;6;9;2;2;;1;1;1;;;999;4
9;4;18;8;0;;1;1;AP-7;161;2;3;1;999;;1;1;1;;;999;4
9;4;19;8;8043;;3;2;No inventariada;;14;6;1;999;;1;2;1;;;999;998
9;4;0;8;8191;;1;1;C-25;141;3;19;1;999;;1;6;1;;;17;1
8;7;12;8;8015;;3;2;No inventariada;;14;7;2;2;;1;1;1;;;17;998
4;6;20;8;8029;;3;2;No inventariada;;14;2;1;999;;1;1;1;;;17;998
8;1;9;8;8015;;3;2;No inventariada;;14;3;2;1;;1;1;1;;;17;998
9;5;21;8;8121;;3;2;No inventariada;;14;9;2;1;;3;4;3;;;17;998
7;5;18;8;8307;;3;2;No inventariada;;14;9;1;999;;1;1;1;;;17;998
7;6;18;8;8307;;3;2;No inventariada;;14;2;1;999;;1;1;1;;;17;998
8;1;3;8;8307;;3;2;No inventariada;;14;3;1;999;;1;4;1;;;17;998
4;6;0;8;8029;;3;2;No inventariada;;14;6;1;999;;1;4;1;;;17;998
6;4;13;8;8200;;3;2;No inventariada;;14;9;2;1;;3;1;3;;;17;998
6;4;16;8;8200;;3;2;No inventariada;;14;4;1;999;;1;1;1;;;17;998
9;6;16;8;8121;;3;2;No inventariada;;14;9;2;1;;1;1;1;;;17;998
6;7;18;8;8200;;3;2;No inventariada;;14;2;2;2;;1;1;1;;;17;998
9;2;13;8;8089;;3;2;No inventariada;;14;2;2;4;;3;1;3;;;17;998
6;3;19;8;8200;;3;2;No inventariada;;14;7;2;1;;1;1;1;;;17;998
6;4;21;8;8200;;3;2;No inventariada;;14;3;2;1;;1;1;1;;;17;998
9;4;17;8;8121;;3;2;No inventariada;;14;4;1;999;;3;1;3;;;17;998
6;6;12;8;8200;;3;2;No inventariada;;14;9;1;999;;1;1;1;;;17;998
9;2;17;8;8121;;3;2;No inventariada;;14;6;1;999;;1;1;1;;;17;998
9;1;14;8;8015;;3;2;No inventariada;;14;7;2;1;;1;1;1;;;17;998
8;5;17;8;8015;;3;2;No inventariada;;14;7;1;999;;1;1;1;;;17;998
6;3;16;8;8107;;3;2;No inventariada;;14;2;2;4;;1;1;1;;;17;998
9;3;19;8;8015;;3;2;No inventariada;;14;2;1;999;;1;2;1;;;17;998
9;5;15;8;8015;;3;2;No inventariada;;14;7;1;999;;1;1;1;;;17;998
9;5;18;8;8015;;3;2;No inventariada;;14;7;1;999;;1;1;1;;;17;998
9;5;19;8;8015;;3;2;No inventariada;;14;7;1;999;;1;1;1;;;17;998
8;6;14;8;8015;;3;2;No inventariada;;14;9;1;999;;8;1;1;;;17;998
8;3;21;8;8015;;3;2;No inventariada;;14;4;1;999;;3;4;3;;;17;998
9;5;5;8;8113;;1;1;C-55;25,6;6;9;1;999;;1;6;1;;;999;4
9;5;6;8;8211;;1;1;B-23;7,7;2;4;1;999;;1;4;1;;;999;4
9;5;7;8;8054;;1;1;A-2;587;3;4;1;999;;1;2;1;;;999;4
9;3;13;8;8056;;1;1;C-31;180,8;6;3;2;;;1;1;1;;;999;4
9;5;10;8;0;;1;1;C-37;68,9;6;2;2;4;;1;1;1;;;999;4
9;5;12;8;8110;;1;1;B-682;0,6;6;3;2;4;;1;1;1;;;999;4
9;5;12;8;8200;;1;1;C-32;54;2;4;1;999;;1;1;1;;;999;4
9;5;13;8;0;;1;1;No inventariada;1;6;3;1;999;;1;1;1;;;999;4
9;5;15;8;8266;;1;1;B-30;7;2;3;1;999;;1;1;1;;;999;4
9;5;14;8;8252;;1;1;B-30;9,5;2;20;1;999;;1;1;1;;;999;4
9;5;18;8;8101;;1;1;B-20;2,5;2;4;1;999;;1;1;1;;;999;4
9;5;19;8;8121;;3;2;No inventariada;;14;20;1;999;;1;1;1;;;17;998
9;3;10;8;8015;;3;2;No inventariada;;14;2;2;1;;3;1;4;;;17;998
9;1;11;8;8015;;3;2;No inventariada;;14;3;1;999;;1;1;1;;;17;998
9;5;10;8;0;;1;1;B-221;0,6;6;4;2;2;;1;1;1;;;999;4
9;6;6;8;0;;1;1;N-340;1196;6;1;1;999;;1;6;1;;;999;4
9;6;9;8;0;;1;1;C-153;22,2;6;20;1;999;;1;1;1;;;17;4
9;6;10;8;8307;;1;1;C-15;0,5;3;4;2;4;;1;1;1;;;999;4
9;6;10;8;0;;1;1;B-124;31;6;9;1;999;;1;1;1;;;999;4
9;6;12;8;0;;1;1;B-212;9,6;6;9;1;999;;1;1;1;;;999;4
9;6;11;8;0;;1;1;BP-1103;4,9;6;19;1;999;;1;1;1;;;17;4
9;6;13;8;8089;;1;1;BV-2041;4,7;6;2;2;2;;1;1;1;;;999;4
9;6;14;8;8054;;1;1;A-2;592,5;3;2;2;4;;1;1;1;;;999;4
9;6;18;8;8217;;1;1;A-2;606;3;3;2;4;;1;1;1;;;999;4
9;6;19;8;8279;;1;1;C-58;16,8;2;4;1;999;;1;1;1;;;999;4
9;6;21;8;0;;1;1;AP-7;92,7;2;4;1;999;;1;6;1;;;999;4
9;6;23;8;0;;1;1;AP-7;188,5;2;4;1;999;;1;6;1;;;999;4
9;7;1;8;8033;;1;1;C-59;14,7;6;1;1;999;;1;6;1;;;17;1
6;7;13;8;8200;;3;2;No inventariada;;14;7;1;999;;1;1;1;;;17;998
7;2;19;8;8200;;3;2;No inventariada;;14;2;2;1;;1;2;1;;;17;998
7;3;18;8;8200;;3;2;No inventariada;;14;7;2;4;;1;1;1;;;17;998
7;3;9;8;8200;;3;2;No inventariada;;14;7;2;1;;1;1;1;;;17;998
7;4;0;8;8200;;3;2;No inventariada;;14;6;2;4;;1;4;1;;;17;998
7;4;17;8;8200;;3;2;No inventariada;;14;4;2;2;;1;1;1;;;17;998
7;5;16;8;8200;;3;2;No inventariada;;14;2;2;1;;1;1;1;;;17;998
7;5;7;8;8200;;3;2;No inventariada;;14;2;2;4;;1;1;1;;;17;998
7;3;13;8;8200;;3;2;No inventariada;;14;2;2;1;;1;1;1;;;17;998
7;4;15;8;8200;;1;1;No inventariada;;6;9;1;999;;1;1;1;;;17;4
7;5;8;8;8200;;3;2;No inventariada;;14;2;2;1;;1;1;1;;;17;998
7;6;14;8;8200;;3;2;No inventariada;;14;2;2;1;;1;1;1;;;17;998
7;4;9;8;8200;;3;2;No inventariada;;14;6;1;999;;1;1;1;;;17;998
7;6;8;8;8200;;3;2;No inventariada;;14;3;2;2;;1;1;1;;;17;998
7;3;13;8;8200;;3;2;No inventariada;;14;7;1;999;;1;1;1;;;17;998
9;6;14;8;8003;;1;1;BP-5002;1,6;14;2;2;;C-32;1;1;1;;;17;4
8;6;4;8;8904;;3;2;No inventariada;0;14;6;1;999;;1;4;1;;;1;998
9;7;4;8;8009;;3;2;No inventariada;;14;20;1;999;;1;1;1;;;17;998
8;5;13;8;8205;;3;2;No inventariada;;14;3;1;999;;1;1;1;;;17;998
9;3;15;8;8187;;3;2;No inventariada;;14;20;1;999;;1;1;1;;;17;998
9;7;5;8;8009;;3;2;No inventariada;;14;20;1;999;;1;1;1;;;17;998
9;2;18;8;8169;;3;2;No inventariada;;14;4;1;999;;1;1;1;;;999;998
9;5;22;8;8252;;1;1;AP-7;146;2;8;1;999;;1;4;1;;;999;4
9;6;8;8;0;;1;1;C-17;45,8;3;4;1;999;;1;1;1;;;999;4
9;6;11;8;8252;;1;1;AP-7;147;2;4;1;999;;1;1;1;;;999;4
9;6;12;8;8205;;1;1;BP-1417;10,3;6;9;1;999;;1;1;1;;;999;4
9;7;6;8;0;;1;1;BV-3008;4,7;6;19;1;999;;1;5;1;;;999;4
9;7;6;8;8138;;3;2;No inventariada;;14;19;1;999;;8;2;1;;;999;998
9;7;8;8;8283;;1;1;N-141c;40,6;6;19;1;999;;1;1;1;;;999;4
9;7;6;8;8056;;1;1;C-32;44;2;19;1;999;;1;1;1;;;999;4
9;7;11;8;0;;1;1;C-153;26,8;6;19;1;999;;1;1;1;;;999;4
9;7;13;8;8138;;1;1;C-59;40;6;9;1;999;;1;1;1;;;999;4
9;7;14;8;0;;3;2;No inventariada;;14;4;2;1;;1;1;1;;;999;998
9;7;11;8;0;;3;2;No inventariada;;14;3;2;1;;1;1;1;;;17;998
9;7;14;8;8136;;1;1;BV-5001;16,5;6;1;2;2;;1;1;1;;;999;4
9;7;12;8;8301;;1;1;B-210;0,2;6;1;1;999;;1;1;1;;;17;1
9;7;20;8;0;;1;1;BV-2421;3,7;6;19;1;999;;1;6;1;;;999;4
6;3;14;8;8118;;3;2;No inventariada;;14;6;1;999;;1;1;1;;;17;998
6;6;15;8;8118;;3;2;No inventariada;;14;9;1;999;;3;1;3;;;17;998
6;7;18;8;8118;;3;2;No inventariada;;14;9;1;999;;1;1;1;;;17;998
9;2;9;8;8003;;1;1;BP-5002;4,1;6;9;1;999;;1;1;1;;;17;4
9;4;8;8;8003;;3;2;No inventariada;;14;6;1;999;;1;1;1;;;17;998
9;4;13;8;8102;;3;2;No inventariada;;14;3;2;2;;1;1;1;;;17;998
9;4;20;8;8102;;3;2;No inventariada;;14;2;2;1;;1;5;1;;;17;998
9;7;19;8;8102;;3;2;No inventariada;;14;3;1;999;;1;1;1;;;17;998
9;6;19;8;8121;;3;2;No inventariada;;14;9;1;999;;1;1;1;;;17;998
8;3;15;8;8307;;3;2;No inventariada;;14;2;2;1;;1;1;1;;;17;998
9;2;14;8;8298;;3;2;No inventariada;;14;9;1;999;;3;1;3;;;17;998
8;4;8;8;8307;;3;2;No inventariada;;14;2;2;4;;1;1;1;;;17;998
9;7;7;8;8121;;3;2;No inventariada;;14;7;1;999;;1;2;1;;;17;998
5;1;5;8;8266;;3;2;No inventariada;;14;9;1;999;;1;4;1;;;17;998
7;1;19;8;8266;;3;2;No inventariada;;14;7;1;999;;1;1;1;;;17;998
7;3;17;8;8266;;3;2;No inventariada;;14;7;2;1;;1;1;1;;;17;998
5;5;20;8;8231;;3;2;No inventariada;;14;2;2;1;;1;2;1;;;17;998
5;1;16;8;8231;;3;2;No inventariada;;14;7;2;1;;1;1;1;;;17;998
7;3;14;8;8266;;3;2;No inventariada;;14;7;1;999;;1;1;1;;;17;998
7;3;19;8;8266;;3;2;No inventariada;;14;4;2;2;;1;1;1;;;17;998
9;1;19;8;8015;;3;2;No inventariada;;14;9;2;2;;1;1;1;;;17;998
7;2;22;8;8101;;3;2;No inventariada;;14;9;2;1;;1;4;1;;;17;998
4;1;20;8;8194;;3;2;No inventariada;;14;2;2;2;;1;1;1;;;17;998
4;2;21;8;8194;;3;2;No inventariada;;14;4;1;999;;1;4;1;;;17;998
4;2;22;8;8194;;3;2;No inventariada;;14;2;2;1;;1;4;1;;;17;998
9;7;3;8;8101;;3;2;No inventariada;;14;2;2;2;;3;4;3;;;17;998
4;3;9;8;8194;;3;2;No inventariada;;14;3;1;999;;1;1;1;;;17;998
9;1;9;8;8101;;3;2;No inventariada;;14;9;2;4;;1;1;1;;;17;998
7;7;23;8;8101;;3;2;No inventariada;;14;3;1;999;;1;4;1;;;17;998
4;6;4;8;8194;;3;2;No inventariada;;14;9;1;999;;1;4;1;;;17;998
4;7;13;8;8194;;3;2;No inventariada;;14;9;1;999;;3;1;1;;;17;998
8;5;19;8;8113;;2;2;C-37z;86,7;14;9;2;2;;1;1;4;;;5;4
9;1;23;8;8056;;3;2;No inventariada;;14;4;1;999;;1;4;1;;;1;998
9;6;21;8;8200;;1;1;C-32;54;2;4;1;999;;1;6;1;;;999;4
9;7;16;8;0;;1;1;C-61;14;6;19;1;999;;8;1;1;;;999;4
9;4;9;8;8123;;1;1;B-23;11,8;2;4;1;999;;1;1;1;;;999;4
8;2;8;8;0;;1;1;BV-4241;10,9;6;19;1;999;;1;1;1;;;999;4
9;5;18;8;8172;;2;2;N-2;637,7;6;4;1;999;;1;1;1;;;999;4
9;5;19;8;8252;;1;1;B-30;10,5;2;4;2;;;1;1;1;;;999;4
9;5;22;8;8155;;1;1;N-2;677,3;6;8;1;999;;1;6;1;;;999;4
9;6;14;8;8007;;2;2;C-61;2,5;6;4;2;2;;1;1;1;;;999;4
9;1;9;8;8169;;1;1;A-2;610,6;3;3;1;999;;1;1;1;;;999;4
9;1;9;8;8101;;1;1;C-31;198;3;4;1;999;;1;1;1;;;999;4
9;1;10;8;8161;;1;1;B-224;12,4;6;19;1;999;;1;1;1;;;999;4
9;1;14;8;8200;;1;1;C-32;53,9;2;4;1;999;;1;1;1;;;999;4
9;1;16;8;8040;;1;1;C-32;114,9;2;3;1;999;;1;1;1;;;999;4
9;1;16;8;8194;;1;1;C-31;209;2;4;1;999;;1;1;1;;;999;4
9;1;18;8;8073;;1;1;A-2;609,5;3;4;1;999;;1;1;1;;;999;4
9;1;16;8;0;;1;1;C-37;163,2;6;4;1;999;;1;1;1;;;17;1
9;1;21;8;0;;3;2;No inventariada;;14;9;1;999;;1;6;1;;;999;998
9;1;21;8;8260;;1;1;AP-7;141;6;20;2;;;1;6;1;;;999;4
9;2;0;8;8291;;1;1;C-58;29,5;6;8;1;999;;1;6;1;;;999;4
9;1;19;8;8102;;3;2;No inventariada;;14;3;1;999;;1;1;1;;;17;998
9;1;10;8;8096;;3;2;No inventariada;;14;7;2;1;;1;1;1;;;17;998
9;1;17;8;8073;;3;2;No inventariada;;14;9;1;999;;1;1;1;;;17;998
5;2;16;8;8231;;3;2;No inventariada;;14;2;2;1;;1;1;1;;;17;998
5;4;11;8;8231;;3;2;No inventariada;;14;2;2;1;;1;1;1;;;17;998
5;6;18;8;8231;;3;2;No inventariada;;14;2;2;1;;1;1;1;;;17;998
7;2;13;8;8266;;1;1;BV-1415;2;14;19;1;999;;1;1;1;;;17;4
7;6;20;8;8266;;3;2;No inventariada;;14;19;1;999;;1;2;1;;;17;998
7;5;8;8;8015;;3;2;No inventariada;;14;4;2;1;;1;1;1;;;17;998
5;6;19;8;8231;;3;2;No inventariada;;14;2;2;2;;1;1;1;;;17;998
8;3;18;8;8124;;3;2;No inventariada;;14;7;2;2;;3;1;3;;;17;998
8;4;17;8;8124;;3;2;No inventariada;;14;4;1;999;;1;1;1;;;17;998
8;2;18;8;8124;;3;2;No inventariada;;14;4;1;999;;1;1;1;;;17;998
9;3;10;8;8124;;3;2;No inventariada;;14;7;1;999;;3;1;3;;;17;998
9;4;16;8;8015;;3;2;No inventariada;;14;2;2;2;;1;1;1;;;17;998
9;5;17;8;8124;;3;2;No inventariada;;14;2;2;1;;1;1;1;;;17;998
8;5;16;8;8124;;3;2;No inventariada;;14;7;2;1;;1;1;1;;;17;998
7;3;14;8;8015;;3;2;No inventariada;;14;2;2;1;;1;1;1;;;17;998
6;5;19;8;8015;;3;2;No inventariada;;14;9;1;999;;1;1;1;;;17;998
7;2;16;8;8108;;2;2;BV-1602;4;14;4;1;999;;1;1;1;;;17;4
9;5;16;8;8200;;3;2;No inventariada;;14;2;2;1;;1;1;1;;;17;998
8;1;10;8;8108;;3;2;No inventariada;;14;7;1;999;;1;1;1;;;17;998
4;1;22;8;8194;;3;2;No inventariada;;14;2;2;1;;1;4;1;;;17;998
4;2;13;8;8194;;3;2;No inventariada;;14;2;2;1;;1;1;1;;;17;998
4;3;17;8;8194;;3;2;No inventariada;;14;9;1;999;;1;1;1;;;17;998
4;4;23;8;8194;;3;2;No inventariada;;14;4;1;999;;1;4;1;;;17;998
9;1;8;8;8101;;3;2;No inventariada;;14;9;1;999;;1;1;1;;;17;998
4;7;10;8;8194;;3;2;No inventariada;;14;9;1;999;;1;1;1;;;17;998
6;4;20;8;8015;;3;2;No inventariada;;14;6;1;999;;1;1;1;;;17;998
9;2;20;8;8238;;1;1;C-1413a;13,9;6;3;2;;;1;4;1;;;999;4
9;3;20;8;8205;;1;1;BP-1417;6,1;6;9;1;999;;1;5;1;;;999;4
9;2;7;8;8231;;1;1;C-32;27,2;2;2;1;999;;1;2;1;;;999;4
9;2;8;8;8114;;1;1;N-2;586;6;4;1;999;;1;1;1;;;999;4
9;2;12;8;8092;;3;2;No inventariada;;14;9;2;2;;1;1;1;;;999;998
9;2;12;8;0;;1;1;BV-5303;7,8;6;19;1;999;;1;1;1;;;999;4
9;2;18;8;0;;1;1;A-2;565,6;3;4;1;999;;1;1;1;;;999;4
9;2;19;8;8054;;1;1;A-2;592,9;3;3;2;;;1;2;1;;;999;4
9;2;20;8;0;;3;2;No inventariada;;14;19;1;999;;1;4;1;;;999;998
9;2;21;8;0;;3;2;No inventariada;;14;9;1;999;;3;5;3;;;999;998
9;2;22;8;8283;;1;1;N-141c;40,2;6;19;1;999;;3;6;3;;;999;4
9;2;23;8;0;;1;1;BV-4316;5,9;6;19;1;999;;3;6;3;;;999;4
6;4;13;8;8180;;3;2;No inventariada;;14;2;1;999;;1;1;1;;;17;998
9;3;20;8;8089;;3;2;No inventariada;;14;2;2;1;;1;1;1;;;17;998
8;4;18;8;8307;;3;2;No inventariada;;14;2;2;1;;1;1;1;;;17;998
9;2;15;8;8073;;3;2;No inventariada;;14;4;1;999;;1;1;1;;;17;998
9;1;18;8;8015;;3;2;No inventariada;;14;4;1;999;;1;1;1;;;17;998
9;7;8;8;8298;;3;2;No inventariada;;14;4;1;999;;1;2;1;;;17;998
6;4;20;8;8015;;3;2;No inventariada;;14;9;1;999;;1;2;1;;;17;998
9;7;17;8;8015;;3;2;No inventariada;;14;4;2;1;;1;1;1;;;17;998
9;2;15;8;8200;;3;2;No inventariada;;14;2;1;999;;1;1;1;;;17;998
9;7;17;8;8252;;3;2;No inventariada;;14;4;1;999;;1;1;1;;;17;998
9;2;7;8;8252;;3;2;No inventariada;;14;2;2;4;;1;1;1;;;17;998
8;3;12;8;8252;;3;2;No inventariada;;14;7;1;999;;1;1;1;;;17;998
9;5;14;8;8252;;3;2;No inventariada;;14;3;1;999;;1;1;1;;;17;998
9;3;23;8;8252;;2;2;No inventariada;;14;3;2;4;;1;4;1;;;17;4
4;1;7;8;8279;;3;2;No inventariada;;14;1;1;999;;1;1;1;;;1;998
8;2;6;8;8279;;3;2;No inventariada;;14;2;2;2;;1;2;1;;;1;998
9;7;23;8;8187;;3;2;No inventariada;;14;2;1;999;;1;1;1;;;17;998
8;4;13;8;8285;;3;2;No inventariada;;14;9;2;2;;1;1;1;;;1;998
9;1;1;8;8231;;3;2;No inventariada;;14;2;1;999;;1;4;1;;;17;998
9;7;8;8;8298;;3;2;No inventariada;;14;4;1;999;;1;1;1;;;17;998
8;4;8;8;8091;;1;1;AP-7;178,5;2;4;1;999;;1;1;1;;;999;4
9;1;14;8;8298;;1;1;C-17;59,5;3;4;1;999;;1;1;1;;;999;4
9;2;10;8;8006;;1;1;C-32;109,5;2;19;2;;;1;1;1;;;999;4
9;2;21;8;8266;;1;1;AP-7;151,5;2;3;1;999;;1;6;1;;;999;4
9;3;5;8;8054;;1;1;A-2;592,5;3;2;2;4;;1;6;1;;;999;4
9;3;7;8;8301;;1;1;C-32;51,5;2;3;1;999;;1;1;1;;;999;4
9;3;8;8;8181;;1;1;AP-7;126,5;2;9;2;;;1;1;1;;;999;4
9;3;13;8;8096;;1;1;N-152a;26;3;19;1;999;;1;1;1;;;999;4
9;3;15;8;8138;;3;2;No inventariada;;14;2;1;999;;1;1;1;;;999;998
9;3;15;8;8244;;1;1;A-2;603,5;3;3;1;999;;1;1;1;;;999;4
9;3;18;8;8096;;1;1;N-152a;26;3;9;2;2;;3;1;3;;;999;4
9;3;18;8;0;;3;2;No inventariada;;14;7;2;2;;1;1;1;;;17;998
9;3;21;8;0;;1;1;B-522;12,2;6;2;2;2;;3;6;3;;;999;4
9;3;11;8;8102;;3;2;No inventariada;;14;2;2;4;;1;1;1;;;17;998
9;3;16;8;8102;;3;2;No inventariada;;14;9;1;999;;1;1;1;;;17;998
8;1;18;8;8307;;3;2;No inventariada;;14;3;1;999;;1;1;1;;;17;998
9;3;13;8;8121;;3;2;No inventariada;;14;2;2;1;;1;1;1;;;17;998
8;5;20;8;8307;;3;2;No inventariada;;14;2;1;999;;1;4;1;;;17;998
9;3;15;8;8121;;3;2;No inventariada;;14;3;2;2;;1;1;1;;;17;998
9;2;19;8;8298;;3;2;No inventariada;;14;1;2;1;;1;1;1;;;17;998
9;1;12;8;8169;;3;2;No inventariada;;14;7;2;4;;1;1;1;;;17;998
9;1;13;8;8169;;3;2;No inventariada;;14;2;2;2;;1;1;1;;;17;998
9;2;18;8;8169;;3;2;No inventariada;;14;4;2;4;;3;1;1;;;17;998
7;4;13;8;8200;;3;2;No inventariada;;14;9;1;999;;1;1;1;;;17;998
7;2;8;8;8200;;3;2;No inventariada;;14;9;2;1;;1;1;1;;;17;998
7;2;18;8;8200;;3;2;No inventariada;;14;9;2;1;;1;1;1;;;17;998
9;2;15;8;8015;;3;2;No inventariada;;14;7;2;1;;1;1;1;;;17;998
7;3;21;8;8200;;3;2;No inventariada;;14;4;1;999;;1;2;1;;;17;998
6;6;20;8;8015;;3;2;No inventariada;;14;2;2;1;;1;1;1;;;17;998
7;3;18;8;8266;;3;2;No inventariada;;14;7;2;1;;1;1;1;;;17;998
7;2;11;8;8238;;3;2;No inventariada;;14;6;2;4;;1;1;1;;;9;998
8;2;7;8;8054;;1;1;AP-7;165;2;6;1;999;;1;1;1;;;999;4
8;2;17;8;8054;;1;1;AP-7;164;2;20;1;999;;1;1;1;;;999;4
9;3;13;8;8235;;1;1;C-32;116,5;2;4;1;999;;1;1;1;;;999;4
9;3;15;8;8019;;1;1;C-58;0,2;2;3;1;999;;1;1;1;;;999;4
9;4;8;8;8019;;1;1;C-33;78,1;2;20;2;2;;1;1;1;;;999;4