MES;DIA_SEMANA;HORA;COD_PROVINCIA;COD_MUNICIPIO;ISLA;ZONA;ZONA_AGRUPADA;CARRETERA;KM;TIPO_VIA;TIPO_ACCIDENTE;NUDO;NUDO_INFO;CARRETERA_CRUCE;CONDICION_FIRME;CONDICION_ILUMINACION;CONDICION_METEO;CONDICION_NIEBLA;CONDICION_VIENTO;VISIB_RESTRINGIDA_POR;TRAZADO_PLANTA
9;4;8;8;8051;;1;1;B-124;4,2;6;4;1;999;;1;1;1;;;999;4
9;4;9;8;0;;1;1;C-62;14;6;19;2;1;;1;1;1;;;999;4
9;4;10;8;8003;;1;1;C-32;85,6;2;4;1;999;;1;1;1;;;999;4
9;4;13;8;8252;;1;1;AP-7;147;2;4;1;999;;1;1;1;;;999;4
9;4;11;8;0;;1;1;BP-1121;5,6;6;2;1;999;;1;1;1;;;999;4
9;4;13;8;0;;3;2;No inventariada;;14;19;1;999;;1;1;1;;;999;998
9;4;14;8;0;;1;1;BV-4602;0,2;6;4;1;999;;1;1;1;;;17;4
9;4;15;8;8252;;1;1;AP-7;146,5;2;4;1;999;;1;1;1;;;17;2
9;4;18;8;8180;;1;1;C-58;6,5;2;2;1;999;;1;1;1;;;999;4
9;4;22;8;8252;;1;1;AP-7;146;2;3;1;999;;1;6;1;;;999;4
9;5;0;8;8159;;1;1;C-17;17;3;4;1;999;;1;4;1;;;999;4
9;4;10;8;8285;;2;2;No inventariada;;14;4;2;1;;1;1;1;;;17;4
9;3;13;8;8102;;3;2;No inventariada;;14;2;2;2;;1;1;1;;;17;998
9;4;17;8;8285;;2;2;No inventariada;;14;4;1;999;;1;1;1;;;17;4
9;4;17;8;8089;;3;2;No inventariada;;14;2;2;2;;1;1;1;;;17;998
9;4;7;8;8121;;3;2;No inventariada;;14;2;2;1;;1;1;1;;;17;998
8;2;12;8;8096;;3;2;No inventariada;;14;2;2;2;;1;1;1;;;17;998
6;3;15;8;8118;;3;2;No inventariada;;14;2;2;1;;1;1;1;;;17;998
9;7;20;8;8307;;3;2;No inventariada;;14;9;2;4;;1;1;1;;;17;998
9;1;18;8;8015;;3;2;No inventariada;;14;7;1;999;;1;1;1;;;17;998
7;3;10;8;8266;;3;2;No inventariada;;14;2;1;999;;1;1;1;;;17;998
9;3;23;8;8015;;3;2;No inventariada;;14;3;2;4;;1;4;1;;;17;998
9;3;17;8;0;;1;1;C-15;21,8;6;2;2;1;;3;1;3;;;999;4
9;5;10;8;8205;;1;1;C-16;13,2;6;19;1;999;;3;1;3;;;999;4
9;5;11;8;0;;1;1;C-17;39,4;3;19;1;999;;3;1;3;;;999;4
9;5;12;8;8191;;1;1;C-16;62,1;3;19;1;999;;3;1;3;;;999;4
9;5;14;8;8019;;1;1;C-58;0,5;2;20;1;999;;1;1;1;;;999;4
9;5;17;8;8194;;1;1;B-10;2,5;3;4;1;999;;1;1;1;;;999;4
9;5;19;8;0;;1;1;C-17;76,1;3;2;1;999;;1;1;1;;;999;4
9;6;0;8;8033;;1;1;No inventariada;1,7;6;9;1;999;;1;6;1;;;999;4
9;6;3;8;8096;;1;1;C-17;18,4;3;8;1;999;;1;6;1;;;999;4
9;1;18;8;8015;;3;2;No inventariada;;14;4;1;999;;1;1;1;;;17;998
9;6;14;8;8015;;3;2;No inventariada;;14;9;1;999;;1;1;1;;;17;998
9;5;12;8;8298;;3;2;No inventariada;;14;7;1;999;;1;1;1;;;17;998
9;5;3;8;8015;;3;2;No inventariada;;14;6;1;999;;1;4;1;;;17;998
9;3;12;8;8235;;1;1;C-32;116,5;2;4;1;999;;1;1;1;;;999;4
9;4;8;8;8003;;1;1;C-32;85,2;2;4;1;999;;1;1;1;;;999;4
9;5;13;8;8245;;1;1;B-20;17,8;2;4;1;999;;1;4;1;;;999;4
9;6;9;8;0;;1;1;No inventariada;0;6;18;1;999;;1;1;1;;;999;4
9;6;13;8;8270;;1;1;C-32;39;2;6;1;999;;3;1;4;;;999;4
9;6;13;8;8252;;1;1;B-30;11;2;4;2;2;;1;1;1;;;999;4
9;6;18;8;8114;;1;1;N-2a;585,7;6;6;1;999;;3;1;3;;;999;4
9;6;20;8;8077;;1;1;B-23;1,5;2;6;1;999;;3;5;3;;;999;4
9;6;23;8;0;;1;1;C-55;11,3;6;1;1;999;;1;6;3;;;17;2
9;7;17;8;8015;;3;2;No inventariada;;14;7;1;999;;3;1;4;;;17;998
7;3;18;8;8266;;3;2;No inventariada;;14;6;1;999;;1;1;1;;;17;998
7;2;15;8;8266;;3;2;No inventariada;;14;7;2;1;;1;1;1;;;17;998
7;2;18;8;8266;;3;2;No inventariada;;14;1;2;2;;1;1;1;;;17;998
7;4;12;8;8266;;3;2;No inventariada;;14;1;2;2;;1;1;1;;;17;998
7;7;8;8;8266;;3;2;No inventariada;;14;9;1;999;;1;1;1;;;17;998
7;1;9;8;8266;;3;2;No inventariada;;14;6;1;999;;1;1;1;;;17;998
7;1;18;8;8266;;3;2;No inventariada;;14;4;1;999;;1;1;1;;;17;998
9;6;19;8;8279;;3;2;No inventariada;;14;20;1;999;;1;1;1;;;17;998
9;4;12;8;8187;;3;2;No inventariada;;14;20;1;999;;1;1;1;;;17;998
9;1;12;8;8009;;2;2;C-1415c;3,8;6;1;1;999;;1;1;1;;;1;2
9;4;15;8;8040;;2;2;N-2;660,9;14;9;1;999;;1;1;1;;;17;4
9;5;16;8;8307;;3;2;No inventariada;;14;20;1;999;;1;1;1;;;17;998
9;4;17;8;8040;;3;2;No inventariada;;14;9;1;999;;1;1;1;;;17;998
9;4;9;8;8307;;3;2;No inventariada;;14;4;1;999;;1;1;1;;;17;998
8;7;19;8;8105;;3;2;No inventariada;;14;20;1;999;;1;1;1;;;17;998
9;2;13;8;8040;;3;2;No inventariada;;14;7;1;999;;1;1;1;;;17;998
9;5;20;8;8205;;1;1;BP-1417;9,2;6;8;1;999;;1;6;1;;;999;4
9;7;7;8;8244;;1;1;A-2;604;3;4;1;999;;3;1;3;;;999;4
9;7;6;8;0;;1;1;B-224;4,7;6;19;1;999;;3;6;3;;;999;4
9;7;9;8;0;;1;1;C-62;23,5;6;19;1;999;;3;1;1;;;999;4
9;7;6;8;8217;;1;1;B-23;5;2;4;1;999;;1;4;1;;;17;1
9;7;12;8;8209;;1;1;B-500;9;6;9;1;999;;3;1;3;;;999;4
9;7;12;8;0;;1;1;No inventariada;0,7;6;2;1;999;;3;1;1;;;999;4
9;7;12;8;8138;;1;1;N-141c;32;6;19;1;999;;3;1;3;;;999;4
9;7;16;8;8301;;1;1;B-22;7;6;6;1;999;;1;1;1;;;999;4
9;1;3;8;8009;;1;1;C-32;99;2;2;1;999;;1;4;1;;;999;4
9;5;20;8;8102;;3;2;No inventariada;;14;2;1;999;;1;4;1;;;17;998
8;5;18;8;8147;;3;2;No inventariada;;14;7;2;1;;1;1;1;;;17;998
9;1;21;8;8307;;3;2;No inventariada;;14;3;2;4;;1;4;1;;;17;998
9;7;10;8;8096;;3;2;No inventariada;;14;19;2;1;;1;1;1;;;17;998
9;5;15;8;8121;;3;2;No inventariada;;14;7;1;999;;1;1;1;;;17;998
9;2;8;8;8003;;1;1;BP-5002;3,8;6;4;1;999;;1;2;1;;;17;4
9;2;18;8;8282;;2;2;BV-5008;1,5;6;1;1;999;;1;1;1;;;17;4
8;4;14;8;8200;;3;2;No inventariada;;14;9;1;999;;1;1;1;;;17;998
8;2;9;8;8200;;3;2;No inventariada;;14;4;1;999;;1;1;1;;;17;998
9;4;17;8;8015;;3;2;No inventariada;;14;4;1;999;;1;1;1;;;17;998
4;5;20;8;8181;;3;2;No inventariada;;14;2;2;1;;1;2;1;;;17;998
5;3;23;8;8041;;3;2;No inventariada;;14;7;2;1;;1;4;1;;;17;998
4;5;15;8;8194;;3;2;No inventariada;;14;9;1;999;;1;1;1;;;17;998
4;6;20;8;8194;;3;2;No inventariada;;14;2;2;1;;1;2;1;;;17;998
5;3;17;8;8194;;3;2;No inventariada;;14;4;1;999;;1;1;1;;;17;998
8;2;21;8;8252;;1;1;AP-7;146,5;2;4;1;999;;1;6;1;;;17;1
9;1;5;8;8125;;1;1;C-58;2,5;2;9;1;999;;1;5;1;;;999;4
9;1;6;8;8015;;1;1;BV-5011;4,8;6;1;1;999;;1;1;1;;;999;4
9;3;9;8;8252;;1;1;AP-7;147;2;4;1;999;;1;1;1;;;999;4
9;3;11;8;8187;;1;1;C-155;0,8;6;4;2;;;1;1;1;;;999;4
9;5;11;8;8238;;1;1;C-58;12;2;9;1;999;;3;1;3;;;999;4
9;5;14;8;8266;;1;1;B-30;8,5;2;4;1;999;;1;1;1;;;999;4
9;5;19;8;8252;;1;1;N-150;6,8;3;2;2;4;;1;1;1;;;999;4
9;1;8;8;8138;;1;1;N-141c;21;6;19;1;999;;3;1;3;;;999;4
9;1;12;8;0;;1;1;C-25;118,5;3;19;1;999;;1;1;1;;;999;4
9;1;13;8;8266;;1;1;B-30;8;2;3;1;999;;1;1;1;;;999;4
9;1;16;8;8260;;1;1;AP-7;143,5;2;9;2;4;;8;1;1;;;999;4
9;1;16;8;8077;;1;1;C-32;61,8;3;4;1;999;;1;1;1;;;999;4
9;1;18;8;0;;1;1;C-32;127,2;2;19;1;999;;3;1;4;;;999;4
9;1;21;8;8279;;1;1;BV-1248;6,3;6;2;2;2;;1;6;1;;;999;4
9;5;8;8;8147;;2;2;C-55;3,9;14;9;2;4;;3;1;3;;;17;4
9;5;13;8;8147;;3;2;No inventariada;;14;7;2;1;;1;1;1;;;17;998
9;7;21;8;8147;;3;2;No inventariada;;14;3;1;999;;1;5;1;;;17;998
9;2;2;8;8147;;3;2;No inventariada;;14;3;2;2;;1;5;1;;;17;998
2;7;16;8;8076;;3;2;No inventariada;;14;4;1;999;;1;1;1;;;17;998
9;2;12;8;8096;;3;2;No inventariada;;14;7;2;1;;1;1;1;;;17;998
9;6;11;8;8169;;3;2;No inventariada;;14;7;1;999;;1;1;1;;;17;998
2;3;12;8;8076;;3;2;No inventariada;;14;7;1;999;;1;1;1;;;17;998
9;2;13;8;8015;;3;2;No inventariada;;14;2;2;1;;1;1;1;;;17;998
9;7;11;8;8169;;3;2;No inventariada;;14;9;2;4;;8;1;1;;;17;998
9;1;8;8;8015;;3;2;No inventariada;;14;9;2;2;;3;1;3;;;17;998
9;1;6;8;8015;;3;2;No inventariada;;14;2;2;2;;1;1;1;;;17;998
8;3;21;8;8282;;3;2;No inventariada;;14;6;1;999;;1;4;1;;;17;998
9;3;18;8;8121;;3;2;No inventariada;;14;7;1;999;;1;1;1;;;17;998
8;6;10;8;8015;;3;2;No inventariada;;14;6;2;2;;1;1;1;;;17;998
5;4;15;8;8041;;3;2;No inventariada;;14;7;1;999;;1;1;1;;;17;998
7;4;14;8;8238;;3;2;No inventariada;;14;2;2;1;;1;1;1;;;17;998
7;4;18;8;8041;;3;2;No inventariada;;14;2;1;999;;1;1;1;;;17;998
7;2;11;8;8041;;3;2;No inventariada;;14;7;1;999;;1;1;1;;;17;998
7;4;20;8;8238;;3;2;No inventariada;;14;9;2;2;;1;1;1;;;17;998
9;1;8;8;8283;;1;1;N-141c;40,3;6;4;1;999;;3;1;1;;;999;4
6;5;14;8;8180;;3;2;No inventariada;;14;1;1;999;;1;1;1;;;17;998
9;4;16;8;8202;;1;1;AP-7;103,9;2;4;1;999;;1;1;1;;;17;1
9;6;19;8;8009;;1;1;C-32;100;2;4;1;999;;3;1;3;;;999;4
9;7;4;8;8194;;1;1;C-31;209,5;2;4;1;999;;1;4;1;;;999;4
9;1;10;8;8019;;1;1;C-58;0,5;2;3;1;999;;1;1;1;;;999;4
9;2;9;8;0;;1;1;B-124;29;6;9;1;999;;1;1;1;;;999;4
9;2;10;8;8051;;1;1;B-124;13;6;9;1;999;;1;1;1;;;999;4
9;2;11;8;0;;1;1;BP-2121;12,3;6;2;2;2;;1;1;1;;;999;4
9;2;21;8;8196;;1;1;A-2;594,2;3;2;2;4;;1;4;1;;;999;4
9;1;13;8;8102;;3;2;No inventariada;;14;4;1;999;;1;1;1;;;17;998
6;4;14;8;8118;;3;2;No inventariada;;14;7;1;999;;3;1;1;;;17;998
9;4;21;8;8121;;3;2;No inventariada;;14;3;1;999;;1;4;1;;;17;998
7;3;12;8;8118;;3;2;No inventariada;;14;6;2;2;;1;1;1;;;17;998
9;2;15;8;8121;;3;2;No inventariada;;14;4;2;4;;1;1;1;;;17;998
8;1;8;8;8118;;3;2;No inventariada;;14;6;1;999;;1;1;1;;;17;998
9;2;9;8;8121;;3;2;No inventariada;;14;7;1;999;;1;1;1;;;17;998
9;5;16;8;8121;;3;2;No inventariada;;14;4;1;999;;1;1;1;;;17;998
6;6;13;8;8181;;3;2;No inventariada;;14;9;1;999;;1;1;1;;;17;998
4;1;7;8;8194;;3;2;No inventariada;;14;7;1;999;;1;1;1;;;17;998
5;6;11;8;8194;;3;2;No inventariada;;14;2;2;4;;1;1;1;;;17;998
5;5;18;8;8194;;3;2;No inventariada;;14;9;1;999;;8;1;1;;;17;998
5;2;16;8;8194;;3;2;No inventariada;;14;3;1;999;;1;1;1;;;17;998
5;1;20;8;8194;;3;2;No inventariada;;14;2;1;999;;1;2;1;;;17;998
5;3;16;8;8194;;3;2;No inventariada;;14;9;1;999;;3;1;3;;;17;998
5;4;0;8;8194;;3;2;No inventariada;;14;9;2;4;;1;1;1;;;17;998
7;5;20;8;8180;;3;2;No inventariada;;14;9;2;2;;1;1;1;;;17;998
9;2;7;8;8113;;3;2;No inventariada;;14;9;1;999;;3;2;1;;;1;998
8;6;19;8;0;;1;1;AP-7;182;2;4;1;999;;1;1;1;;;999;4
9;7;18;8;8284;;1;1;GI-600;0;6;4;2;4;;1;1;1;;;999;4
9;1;16;8;8169;;1;1;C-31;193,8;3;4;1;999;;1;1;1;;;999;4
8;7;17;8;0;;1;1;AP-7;197,5;2;4;1;999;;1;1;1;;;999;4
9;1;18;8;8217;;1;1;A-2;607;3;3;1;999;;1;1;1;;;999;4
9;4;8;8;8118;;1;1;C-32;86,5;2;4;1;999;;1;1;1;;;999;4
9;3;6;8;8125;;1;1;C-17;3,9;3;2;2;;;1;2;1;;;999;4
9;3;7;8;8267;;1;1;B-142;6;6;9;2;2;;1;1;1;;;999;4
9;3;8;8;8238;;1;1;C-58;12;2;4;1;999;;1;1;1;;;999;4
9;3;7;8;8263;;1;1;A-2;602,5;3;4;1;999;;1;1;1;;;999;4
9;3;10;8;0;;2;2;C-55;13,9;6;2;2;2;;1;1;1;;;999;4
9;3;14;8;0;;1;1;C-16;75,8;3;19;2;;;1;1;1;;;999;4
9;3;15;8;8200;;1;1;C-32;53,2;2;9;1;999;;1;1;1;;;17;1
9;4;0;8;8001;;1;1;BV-1201;3,8;6;9;1;999;;1;6;1;;;999;4
9;1;17;8;8121;;3;2;No inventariada;;14;7;2;1;;1;1;1;;;17;998
9;7;19;8;8015;;3;2;No inventariada;;14;2;2;1;;3;2;3;;;17;998
6;6;12;8;8279;;2;2;C-1415a;17,3;14;9;1;999;;1;1;1;;;17;4
7;3;23;8;8307;;3;2;No inventariada;;14;2;2;4;;1;5;1;;;17;998
7;3;13;8;8279;;3;2;No inventariada;;14;2;2;1;;1;1;1;;;17;998
9;4;8;8;8073;;3;2;No inventariada;;14;4;2;4;;1;1;1;;;17;998
9;4;6;8;8307;;3;2;No inventariada;;14;2;2;1;;3;1;3;;;17;998
7;6;15;8;8279;;3;2;No inventariada;;14;3;1;999;;1;1;1;;;17;998
7;4;20;8;8279;;3;2;No inventariada;;14;4;1;999;;1;1;1;;;17;998
7;5;2;8;8279;;3;2;No inventariada;;14;2;2;1;;1;4;1;;;17;998
9;4;8;8;8248;;3;2;No inventariada;;14;9;1;999;;1;1;1;;;17;998
9;6;12;8;8169;;3;2;No inventariada;;14;9;1;999;;3;1;3;;;17;998
7;5;11;8;8279;;3;2;No inventariada;;14;7;1;999;;1;1;1;;;17;998
9;1;11;8;8169;;3;2;No inventariada;;14;9;1;999;;1;1;1;;;17;998
7;7;8;8;8279;;3;2;No inventariada;;14;2;2;1;;1;1;1;;;17;998
7;2;11;8;8279;;3;2;No inventariada;;14;4;1;999;;1;1;1;;;17;998
9;2;15;8;8200;;3;2;No inventariada;;14;4;1;999;;1;1;1;;;17;998
7;2;14;8;8279;;3;2;No inventariada;;14;4;1;999;;1;1;1;;;17;998
9;2;14;8;8169;;3;2;No inventariada;;14;2;2;4;;1;1;1;;;17;998
9;5;11;8;8307;;3;2;No inventariada;;14;2;2;4;;3;1;4;;;17;998
7;2;16;8;8279;;3;2;No inventariada;;14;4;1;999;;1;1;1;;;17;998
7;3;11;8;8279;;3;2;No inventariada;;14;2;2;1;;1;1;1;;;17;998
8;4;14;8;8279;;3;2;No inventariada;;14;7;2;1;;1;1;1;;;17;998
9;2;17;8;8200;;3;2;No inventariada;;14;2;2;1;;1;1;1;;;17;998
9;4;14;8;8015;;3;2;No inventariada;;14;2;1;999;;1;1;1;;;17;998
9;3;7;8;8298;;3;2;No inventariada;;14;7;2;1;;1;2;1;;;17;998
9;4;11;8;8298;;3;2;No inventariada;;14;4;1;999;;1;1;1;;;17;998
5;5;17;8;8194;;3;2;No inventariada;;14;2;2;4;;1;1;1;;;17;998
7;3;8;8;8180;;3;2;No inventariada;;14;7;1;999;;1;1;1;;;17;998
7;5;13;8;8180;;3;2;No inventariada;;14;6;2;4;;1;1;1;;;17;998
9;5;0;8;8015;;3;2;No inventariada;;14;9;1;999;;1;4;1;;;17;998
7;2;19;8;8180;;3;2;No inventariada;;14;2;1;999;;1;1;1;;;17;998
7;3;21;8;0;;3;2;No inventariada;;14;9;2;2;;1;6;1;;;999;998
9;1;9;8;0;;2;2;BV-5303;5,5;6;2;2;2;;1;1;1;;;999;4
9;3;19;8;8108;;2;2;C-155;11,5;6;20;2;4;;1;1;1;;;999;4
9;2;10;8;8291;;1;1;C-58;33,8;6;4;1;999;;1;1;1;;;999;4
9;2;12;8;8181;;1;1;C-60;8,5;2;19;1;999;;1;1;1;;;999;4
9;2;21;8;8260;;1;1;AP-7;145,5;2;3;1;999;;1;5;1;;;999;4
9;3;9;8;8033;;1;1;C-59;13;6;19;2;2;;1;1;1;;;999;4
9;4;6;8;8019;;1;1;C-58;1;2;4;1;999;;1;5;1;;;999;4
9;4;7;8;8205;;1;1;C-16;11;2;4;1;999;;1;1;1;;;999;4
9;4;8;8;8147;;1;1;C-55;2,6;6;4;1;999;;1;1;1;;;999;4
9;4;11;8;0;;1;1;C-58;37,5;6;19;2;;;1;1;1;;;999;4
9;4;11;8;0;;1;1;BV-2122;8,7;6;9;1;999;;1;1;1;;;999;4
9;4;13;8;8009;;1;1;C-60;2,9;2;19;1;999;;1;1;1;;;999;4
9;4;17;8;8113;;1;1;C-55;26;6;4;1;999;;1;1;1;;;999;4
9;4;19;8;0;;2;2;BV-2127;3;6;19;1;999;;1;1;1;;;999;4
9;4;20;8;8125;;1;1;C-58;4,4;2;4;1;999;;1;5;1;;;999;4
5;4;10;8;8307;;3;2;No inventariada;;14;2;1;999;;1;1;1;;;17;998
8;2;21;8;8307;;3;2;No inventariada;;14;4;1;999;;1;1;1;;;17;998
8;7;22;8;8279;;2;2;BV-1221;0,6;14;9;2;4;;1;4;1;;;17;4
8;2;17;8;8279;;3;2;No inventariada;;14;2;2;1;;1;1;1;;;17;998
9;4;17;8;8121;;3;2;No inventariada;;14;7;2;1;;1;1;1;;;17;998
8;2;15;8;8279;;3;2;No inventariada;;14;2;1;999;;1;1;1;;;17;998
8;2;7;8;8118;;3;2;No inventariada;;14;2;2;1;;1;1;1;;;17;998
8;2;13;8;8279;;3;2;No inventariada;;14;7;1;999;;1;1;1;;;17;998
8;4;21;8;8118;;3;2;No inventariada;;14;9;1;999;;1;1;1;;;17;998
8;4;17;8;8279;;3;2;No inventariada;;14;2;1;999;;1;1;1;;;17;998
8;5;18;8;8118;;3;2;No inventariada;;14;9;2;2;;1;1;1;;;17;998
8;3;21;8;8279;;3;2;No inventariada;;14;7;1;999;;1;4;1;;;17;998
9;4;18;8;8200;;3;2;No inventariada;;14;9;1;999;;1;1;1;;;17;998
9;5;10;8;8073;;3;2;No inventariada;;14;9;2;4;;8;1;1;;;17;998
9;5;11;8;8073;;3;2;No inventariada;;14;9;1;999;;8;1;1;;;17;998
9;5;17;8;8073;;3;2;No inventariada;;14;2;2;4;;1;1;1;;;17;998
9;3;18;8;8125;;1;1;C-58;2,2;2;3;1;999;;1;1;1;;;999;4
9;4;13;8;8180;;1;1;C-58;5,4;2;4;1;999;;1;1;1;;;999;4
9;4;15;8;8126;;1;1;B-20;24,5;6;3;1;999;;1;4;1;;;999;4
9;5;5;8;8200;;3;2;No inventariada;;14;19;1;999;;1;6;1;;;999;998
9;5;16;8;8033;;1;1;C-59;12;6;2;2;2;;1;1;1;;;999;4
9;5;16;8;8113;;1;1;C-55;32,4;3;3;1;999;;1;1;1;;;999;4
9;5;17;8;8114;;1;1;AP-7;170,5;2;4;1;999;;1;1;1;;;999;4
9;5;18;8;8307;;1;1;C-31;155;6;3;2;;;1;1;1;;;999;4
9;5;18;8;8192;;1;1;BV-4501;4,3;6;4;2;4;;1;1;1;;;999;4
9;5;18;8;0;;1;1;C-16;104,6;6;3;1;999;;1;1;1;;;999;4
9;5;22;8;8231;;1;1;C-32;26,7;2;6;1;999;;1;1;1;;;17;4
9;6;2;8;0;;1;1;BV-5301;20;6;20;1;999;;1;6;1;;;999;4
6;6;11;8;8181;;3;2;No inventariada;;14;19;1;999;;3;1;4;;;17;998
9;3;15;8;8298;;3;2;No inventariada;;14;7;1;999;;1;1;1;;;17;998
9;4;20;8;8298;;3;2;No inventariada;;14;7;1;999;;1;4;1;;;17;998
8;5;11;8;8041;;3;2;No inventariada;;14;2;2;1;;1;1;1;;;17;998
8;2;19;8;8041;;3;2;No inventariada;;14;7;1;999;;1;1;1;;;17;998
9;3;5;8;8041;;3;2;No inventariada;;14;9;1;999;;1;5;1;;;17;998
5;1;8;8;8194;;3;2;No inventariada;;14;2;2;2;;3;1;3;;;17;998
9;3;22;8;8187;;1;1;B-124;3,3;6;3;1;999;;1;6;1;;;17;3
9;4;7;8;8252;;1;1;B-30;9,5;2;3;1;999;;1;1;1;;;999;4
9;6;8;8;8076;;1;1;C-1414;1,2;6;6;1;999;;1;1;1;;;999;4
9;6;10;8;0;;1;1;C-153;11,9;6;2;2;2;;1;1;1;;;999;4
9;6;11;8;8138;;1;1;C-59;43,5;6;9;1;999;;1;1;1;;;999;4
9;6;11;8;8019;;1;1;C-58;0,5;2;3;1;999;;1;1;1;;;999;4
9;6;12;8;0;;1;1;N-340;1227;6;4;1;999;;1;1;1;;;999;4
9;6;13;8;0;;1;1;BV-2411;25,7;6;20;1;999;;1;1;1;;;17;4
9;6;15;8;0;;2;2;C-55;22,1;14;4;1;999;;1;1;1;;;999;4
9;6;17;8;8209;;1;1;B-500;8,5;6;1;1;999;;1;1;1;;;999;4
9;6;18;8;0;;1;1;N-141c;16;6;9;1;999;;1;1;1;;;999;4
9;6;11;8;0;;1;1;C-26;130,8;6;9;1;999;;1;1;1;;;999;4
9;6;20;8;8270;;1;1;C-31;173,2;6;3;1;999;;1;6;1;;;999;4
9;7;1;8;0;;1;1;C-153;12,7;6;19;1;999;;1;6;1;;;999;4
8;3;21;8;8114;;3;2;No inventariada;;14;6;1;999;;1;4;1;;;17;998
8;1;14;8;8114;;3;2;No inventariada;;14;2;2;2;;1;1;1;;;17;998
9;5;12;8;8298;;3;2;No inventariada;;14;9;2;4;;1;1;1;;;17;998
8;5;23;8;8114;;3;2;No inventariada;;14;6;2;4;;1;4;1;;;17;998
8;5;13;8;8114;;2;2;No inventariada;;14;18;2;1;;1;1;1;;;17;4
8;1;19;8;8114;;3;2;No inventariada;;14;9;1;999;;8;1;1;;;17;998
8;6;3;8;8114;;3;2;No inventariada;;14;18;1;999;;1;4;1;;;17;998
9;1;21;8;8114;;3;2;No inventariada;;14;4;1;999;;1;1;1;;;17;998
9;4;18;8;8114;;3;2;No inventariada;;14;18;1;999;;1;1;1;;;17;998
9;1;11;8;8118;;3;2;No inventariada;;14;2;2;2;;1;1;1;;;17;998
7;3;14;8;8118;;3;2;No inventariada;;14;9;1;999;;1;1;1;;;17;998
9;3;12;8;8118;;3;2;No inventariada;;14;9;1;999;;1;1;1;;;17;998
9;5;11;8;8118;;3;2;No inventariada;;14;9;1;999;;3;1;3;;;17;998
9;6;12;8;8118;;3;2;No inventariada;;14;6;1;999;;1;1;1;;;17;998
9;6;10;8;8298;;3;2;No inventariada;;14;7;2;2;;1;1;1;;;17;998
9;7;18;8;8041;;3;2;No inventariada;;14;7;2;2;;1;1;1;;;17;998
5;3;13;8;8194;;3;2;No inventariada;;14;4;1;999;;1;1;1;;;17;998
6;1;19;8;8194;;3;2;No inventariada;;14;7;1;999;;1;1;1;;;17;998
6;3;12;8;8194;;3;2;No inventariada;;14;4;1;999;;1;1;1;;;17;998
9;7;17;8;8252;;3;2;No inventariada;;14;19;1;999;;1;1;1;;;17;998
9;5;15;8;8252;;3;2;No inventariada;;14;3;2;4;;3;1;1;;;17;998
7;4;20;8;8270;;3;2;No inventariada;34;14;7;1;999;;1;1;1;;;1;998
9;2;17;8;8157;;3;2;No inventariada;;14;7;1;999;;1;2;4;;;5;998
6;2;14;8;8159;;3;2;No inventariada;;14;20;1;999;;1;1;1;;;17;998
9;1;13;8;8110;;3;2;No inventariada;;14;7;1;999;;1;1;1;;;1;998
9;3;19;8;8187;;3;2;No inventariada;;14;2;2;1;;1;2;1;;;1;998
9;2;17;8;8159;;3;2;No inventariada;;14;4;1;999;;1;1;1;;;17;998
9;5;17;8;8266;;1;1;AP-7;152;2;20;1;999;;1;1;1;;;999;4
9;6;20;8;8125;;1;1;C-33;79,6;2;4;1;999;;1;4;1;;;17;1
9;7;9;8;8169;;1;1;B-250;1,5;3;9;2;4;;1;1;1;;;999;4
9;7;8;8;0;;3;2;No inventariada;;14;19;1;999;;1;1;1;;;999;998
9;7;11;8;8210;;1;1;C-59;24,8;6;4;1;999;;1;1;1;;;999;4
9;7;12;8;8033;;1;1;C-59;11,3;6;9;1;999;;1;1;1;;;999;4
9;7;13;8;0;;1;1;C-17;70;3;4;1;999;;1;1;1;;;999;4
9;7;14;8;8019;;1;1;C-58;0,6;6;4;1;999;;1;1;1;;;999;4
9;7;16;8;0;;1;1;C-55;19,4;6;4;1;999;;1;1;1;;;999;4
9;7;17;8;8006;;1;1;C-32;111,4;2;20;1;999;;1;1;1;;;17;4
9;7;17;8;8205;;1;1;BP-1417;5,7;6;9;1;999;;1;1;1;;;999;4
9;7;21;8;8283;;1;1;N-141c;40;6;9;1;999;;1;6;1;;;999;4
9;7;20;8;0;;1;1;A-2;573;6;4;1;999;;1;6;1;;;999;4
9;7;21;8;0;;1;1;C-55;24,4;6;4;1;999;;1;5;1;;;999;4
9;7;17;8;8118;;2;2;N-2;635;6;1;2;2;;1;1;1;;;999;4
9;6;18;8;8076;;1;1;A-2;580;3;20;2;;;1;1;1;;;999;4
9;5;13;8;8073;;3;2;No inventariada;;14;3;2;2;;1;1;1;;;17;998
9;5;22;8;8102;;3;2;No inventariada;;14;2;2;4;;1;4;1;;;17;998
9;5;11;8;8102;;3;2;No inventariada;;14;2;2;4;;1;1;1;;;17;998
9;1;16;8;8108;;2;2;BV-1602;4,2;14;4;1;999;;1;1;1;;;17;4
9;1;11;8;8073;;3;2;No inventariada;;14;4;2;1;;1;1;1;;;17;998
9;1;14;8;8073;;3;2;No inventariada;;14;2;2;1;;1;1;1;;;17;998
9;1;16;8;8073;;3;2;No inventariada;;14;7;1;999;;1;1;1;;;17;998
9;6;8;8;8284;;1;1;GI-600;2,9;6;20;1;999;;3;1;3;;;999;4
9;5;9;8;8009;;1;1;C-60;0;2;4;1;999;;1;1;1;;;999;4