MES;DIA_SEMANA;HORA;COD_PROVINCIA;COD_MUNICIPIO;ISLA;ZONA;ZONA_AGRUPADA;CARRETERA;KM;TIPO_VIA;TIPO_ACCIDENTE;NUDO;NUDO_INFO;CARRETERA_CRUCE;CONDICION_FIRME;CONDICION_ILUMINACION;CONDICION_METEO;CONDICION_NIEBLA;CONDICION_VIENTO;VISIB_RESTRINGIDA_POR;TRAZADO_PLANTA
9;5;13;8;8284;;1;1;GI-600;0,1;6;4;1;999;;1;1;1;;;999;4
9;5;17;8;0;;1;1;C-55;16;6;4;1;999;;1;1;1;;;999;4
9;5;16;8;8194;;1;1;C-31;208,7;2;3;1;999;;1;1;1;;;999;4
9;5;17;8;8266;;1;1;AP-7;151,5;2;4;1;999;;1;1;1;;;999;4
9;5;19;8;0;;1;1;No inventariada;83,6;6;4;1;999;;1;6;1;;;999;4
9;1;8;8;8200;;1;1;B-22;0,5;3;3;1;999;;1;1;1;;;999;4
9;1;9;8;8015;;1;1;B-20;19,6;2;19;2;2;;1;1;1;;;999;4
9;1;3;8;8157;;1;1;N-340;1242;6;19;2;2;;1;4;1;;;17;1
9;1;10;8;8289;;1;1;BV-2005;4,2;6;3;2;4;;1;1;1;;;999;4
9;1;14;8;0;;1;1;BV-2127;4,6;6;4;2;2;;1;1;1;;;999;4
9;1;16;8;0;;1;1;C-62;17,1;6;2;2;2;;1;1;1;;;999;4
9;1;16;8;8172;;2;2;N-2;638,5;6;7;1;999;;1;1;1;;;999;4
9;1;17;8;8270;;1;1;C-32;31,3;2;4;2;;;1;1;1;;;17;1
9;4;20;8;8096;;3;2;No inventariada;;14;2;2;4;;1;1;1;;;17;998
9;6;15;8;8121;;3;2;No inventariada;;14;2;2;2;;1;1;1;;;17;998
9;1;17;8;8298;;3;2;No inventariada;;14;7;1;999;;1;1;1;;;17;998
9;1;7;8;8121;;3;2;No inventariada;;14;2;2;1;;1;1;1;;;17;998
9;1;12;8;8121;;3;2;No inventariada;;14;20;1;999;;1;1;1;;;17;998
9;1;18;8;8015;;3;2;No inventariada;;14;7;2;2;;1;1;1;;;17;998
9;7;22;8;8169;;3;2;No inventariada;;14;9;2;1;;1;4;1;;;17;998
9;1;11;8;8169;;3;2;No inventariada;;14;7;1;999;;1;1;1;;;17;998
9;2;14;8;8169;;3;2;No inventariada;;14;3;2;4;;1;1;1;;;17;998
9;4;13;8;8169;;3;2;No inventariada;;14;3;2;1;;1;1;1;;;17;998
9;4;9;8;8086;;3;2;No inventariada;;14;2;2;4;;1;1;1;;;17;998
9;4;16;8;8301;;3;2;No inventariada;;14;3;1;999;;1;1;1;;;1;998
9;4;18;8;8101;;1;1;C-31;198;3;4;1;999;;1;1;1;;;999;4
9;5;15;8;8169;;1;1;C-31;194,5;3;4;1;999;;1;1;1;;;999;4
9;4;17;8;8205;;1;1;C-16;7,1;2;4;2;2;;1;1;1;;;999;4
10;2;6;8;8266;;1;1;BV-1415;6,5;6;3;1;999;;1;6;1;;;999;4
9;5;13;8;0;;1;1;BV-4031;9,5;6;19;1;999;;1;1;1;;;999;4
9;6;17;8;8009;;1;1;C-32;99,8;2;4;1;999;;1;1;1;;;999;4
9;7;13;8;0;;1;1;BV-5128;23;6;9;1;999;;1;1;1;;;999;4
9;1;7;8;8245;;1;1;B-20;17,3;2;3;1;999;;1;1;1;;;999;4
9;1;10;8;8180;;1;1;C-58;4,8;2;3;1;999;;1;1;1;;;999;4
9;1;12;8;8009;;1;1;C-1415c;4,7;6;2;2;2;;1;1;1;;;999;4
9;1;16;8;0;;1;1;C-17;56;3;4;1;999;;1;1;1;;;999;4
10;2;7;8;8194;;1;1;B-10;4,1;3;3;1;999;;1;1;1;;;999;4
10;2;11;8;8252;;1;1;AP-7;147;2;3;1;999;;1;1;1;;;999;4
10;2;16;8;0;;1;1;A-2;558,1;3;4;1;999;;1;1;1;;;999;4
10;2;17;8;8015;;1;1;C-31;213;2;19;1;999;;1;1;1;;;17;4
10;2;8;8;8282;;3;2;No inventariada;;14;3;1;999;;1;1;1;;;17;998
7;2;11;8;8307;;3;2;No inventariada;;14;2;1;999;;1;1;1;;;17;998
7;1;7;8;8307;;3;2;No inventariada;;14;7;1;999;;1;1;1;;;17;998
9;1;8;8;8282;;3;2;No inventariada;;14;3;1;999;;1;1;1;;;17;998
8;6;11;8;8200;;3;2;No inventariada;;14;9;1;999;;8;1;1;;;17;998
8;4;10;8;8200;;3;2;No inventariada;;14;4;1;999;;1;1;1;;;17;998
8;5;16;8;8200;;3;2;No inventariada;;14;9;2;4;;8;1;1;;;17;998
9;4;20;8;8089;;3;2;No inventariada;;14;9;2;4;;8;1;1;;;17;998
9;4;21;8;8089;;3;2;No inventariada;;14;7;2;1;;1;4;1;;;17;998
8;6;15;8;8200;;3;2;No inventariada;;14;6;2;2;;1;1;1;;;17;998
9;4;18;8;8200;;3;2;No inventariada;;14;2;1;999;;1;1;1;;;17;998
9;2;7;8;8200;;2;2;BV-2002;6,5;14;2;2;1;;1;1;1;;;17;4
9;3;9;8;8200;;3;2;No inventariada;;14;2;2;1;;1;1;1;;;17;998
9;6;9;8;8200;;3;2;No inventariada;;14;4;1;999;;1;1;1;;;17;998
9;4;12;8;8200;;3;2;No inventariada;;14;2;2;1;;3;1;4;;;17;998
9;6;13;8;8200;;3;2;No inventariada;;14;3;2;1;;1;1;1;;;17;998
8;2;6;8;8180;;3;2;No inventariada;;14;7;1;999;;1;1;1;;;17;998
9;4;19;8;8101;;3;2;No inventariada;;14;9;1;999;;3;1;1;;;17;998
9;7;6;8;8270;;3;2;No inventariada;;14;6;2;4;;1;2;1;;;1;998
9;5;17;8;8283;;3;2;No inventariada;;14;20;1;999;;1;1;1;;;17;998
9;1;17;8;8214;;3;2;No inventariada;;14;2;1;999;;1;1;1;;;17;998
9;3;20;8;8140;;3;2;No inventariada;;14;7;2;2;;1;4;1;;;999;998
9;5;14;8;8291;;1;1;C-58;31,3;6;4;2;;;1;1;1;;;999;4
9;1;12;8;0;;1;1;C-55;16,9;6;19;1;999;;1;1;1;;;999;4
10;2;13;8;8260;;1;1;AP-7;142,5;2;19;2;2;;1;1;1;;;999;4
10;3;6;8;8089;;1;1;C-32;48,5;2;4;2;;;1;2;1;;;999;4
10;3;7;8;8231;;1;1;C-31;156;6;4;1;999;;1;6;1;;;999;4
10;3;8;8;8213;;1;1;C-16C;2,9;6;2;2;4;;1;1;1;;;999;4
10;3;8;8;8217;;1;1;B-23;4,1;2;9;1;999;;1;1;1;;;999;4
10;3;12;8;0;;1;1;N-340;1203;6;6;1;999;;1;1;1;;;999;4
10;3;13;8;8284;;1;1;GI-600;1,9;6;4;2;4;;1;1;1;;;999;4
10;3;18;8;8214;;1;1;C-32;91,9;2;19;1;999;;3;1;4;;;999;4
10;3;20;8;8904;;1;1;C-58;9,1;2;19;1;999;;3;6;4;;;999;4
10;3;18;8;0;;1;1;C-25;180;3;4;2;;;3;1;3;;;999;4
10;4;3;8;8125;;1;1;C-58;1,9;2;19;1;999;;3;4;4;;;999;4
9;1;15;8;8102;;3;2;No inventariada;;14;7;2;4;;1;1;1;;;17;998
9;1;16;8;8121;;3;2;No inventariada;;14;7;2;2;;1;1;1;;;17;998
10;2;14;8;8121;;3;2;No inventariada;;14;7;1;999;;1;1;1;;;17;998
10;3;14;8;8169;;3;2;No inventariada;;14;2;2;2;;1;1;1;;;17;998
9;1;21;8;8213;;3;2;No inventariada;;14;8;1;999;;1;6;1;;;1;998
10;2;10;8;8282;;3;2;No inventariada;;14;2;1;999;;1;1;1;;;17;998
9;2;8;8;8200;;3;2;No inventariada;;14;2;2;4;;1;1;1;;;17;998
9;7;14;8;8121;;3;2;No inventariada;;14;4;1;999;;1;1;1;;;17;998
9;5;5;8;8200;;3;2;No inventariada;;14;2;1;999;;1;5;1;;;17;998
9;5;10;8;8200;;3;2;No inventariada;;14;2;1;999;;1;1;1;;;17;998
10;2;19;8;8200;;3;2;No inventariada;;14;4;1;999;;1;1;1;;;17;998
10;2;15;8;8298;;3;2;No inventariada;;14;7;2;1;;1;1;1;;;17;998
8;3;12;8;8180;;3;2;No inventariada;;14;4;2;4;;1;1;1;;;17;998
10;4;15;8;8298;;3;2;No inventariada;;14;2;2;4;;1;1;1;;;17;998
9;1;16;8;8180;;3;2;No inventariada;;14;4;1;999;;1;1;1;;;17;998
10;4;17;8;8073;;3;2;No inventariada;;14;2;2;2;;1;1;1;;;17;998
8;5;7;8;8238;;3;2;No inventariada;;14;19;1;999;;1;1;1;;;1;998
9;1;18;8;8075;;3;2;No inventariada;;14;20;1;999;;1;1;1;;;17;998
10;4;11;8;8073;;3;2;No inventariada;;14;3;1;999;;1;1;1;;;17;998
8;1;12;8;0;;1;1;AP-7;181,5;2;4;1;999;;1;1;1;;;999;4
9;1;21;8;8263;;1;1;A-2;603;3;4;1;999;;1;4;1;;;999;4
9;7;4;8;8159;;1;1;C-17;15,4;3;20;1;999;;1;6;1;;;17;1
10;2;9;8;0;;1;1;A-2;536;3;4;1;999;;1;1;1;;;999;4
10;2;13;8;0;;1;1;B-522;4,1;6;4;1;999;;1;1;1;;;999;4
10;2;17;8;8260;;1;1;C-59;3,8;3;4;1;999;;1;1;1;;;17;1
10;4;7;8;8157;;1;1;A-2;596,7;3;4;1;999;;3;4;3;;;999;4
10;4;7;8;8125;;1;1;C-58;4,5;2;4;1;999;;3;2;1;;;999;4
10;4;8;8;8019;;1;1;C-16;3;2;4;1;999;;1;1;1;;;999;4
10;4;1;8;8205;;1;1;AP-7;157,5;2;2;1;999;;3;6;3;;;999;4
10;4;16;8;8307;;1;1;BV-2115;3,5;6;9;1;999;;1;1;1;;;999;4
10;4;17;8;8279;;1;1;C-16;23,2;2;4;1;999;;1;1;1;;;999;4
10;4;19;8;8074;;2;2;C-31;149;6;9;1;999;;1;1;1;;;999;4
9;7;12;8;8200;;3;2;No inventariada;;14;7;1;999;;1;1;1;;;17;998
1;3;12;8;8305;;3;2;No inventariada;;14;7;2;1;;1;1;1;;;17;998
2;2;10;8;8076;;3;2;No inventariada;;14;4;1;999;;1;1;1;;;17;998
3;2;18;8;8076;;3;2;No inventariada;;14;7;1;999;;1;1;1;;;17;998
9;1;9;8;8035;;3;2;No inventariada;;14;7;2;2;;1;1;1;;;17;998
10;4;11;8;8073;;3;2;No inventariada;;14;9;1;999;;1;1;1;;;17;998
9;4;17;8;8121;;3;2;No inventariada;;14;2;2;4;;1;1;1;;;17;998
7;3;12;8;8307;;3;2;No inventariada;;14;4;1;999;;1;1;1;;;17;998
7;5;13;8;8307;;3;2;No inventariada;;14;2;2;4;;1;1;1;;;17;998
9;3;9;8;8035;;3;2;No inventariada;;14;9;2;2;;1;1;1;;;17;998
9;1;18;8;8035;;3;2;No inventariada;;14;7;2;1;;1;1;1;;;17;998
7;3;10;8;8307;;3;2;No inventariada;;14;4;1;999;;1;1;1;;;17;998
9;6;20;8;8089;;3;2;No inventariada;;14;2;2;4;;1;1;1;;;17;998
9;5;22;8;8035;;3;2;No inventariada;;14;3;2;2;;1;4;1;;;17;998
9;5;13;8;8035;;3;2;No inventariada;;14;3;2;1;;1;1;1;;;17;998
9;4;18;8;8169;;3;2;No inventariada;;14;7;1;999;;1;1;1;;;17;998
9;5;2;8;8089;;3;2;No inventariada;;14;2;1;999;;1;4;1;;;17;998
10;2;15;8;8121;;3;2;No inventariada;;14;7;2;2;;1;1;1;;;17;998
10;4;14;8;8248;;3;2;No inventariada;;14;1;1;999;;1;1;1;;;17;998
8;3;22;8;8307;;1;1;C-246a;46,1;6;9;1;999;;1;6;1;;;999;4
8;5;1;8;8270;;1;1;C-31;174;6;8;1;999;;1;6;1;;;999;4
9;6;20;8;8266;;1;1;BV-1415;3,8;6;20;1;999;;1;1;1;;;17;4
10;3;22;8;8029;;1;1;B-502;4,4;6;2;2;2;;3;6;3;;;999;4
10;4;7;8;8054;;1;1;BV-1501;2,1;6;3;1;999;;3;1;1;;;999;4
10;4;18;8;8155;;1;1;C-32;129,2;2;2;1;999;;1;1;1;;;999;4
10;4;20;8;8235;;1;1;C-32;116;2;8;1;999;;1;6;1;;;999;4
10;5;7;8;8054;;1;1;AP-7;168,5;2;4;1;999;;1;2;1;;;999;4
10;5;7;8;8187;;1;1;No inventariada;0,1;6;4;1;999;;1;1;1;;;999;4
10;5;10;8;8124;;1;1;C-17;13,1;3;3;1;999;;1;1;1;;;999;4
10;3;10;8;8113;;1;1;C-37z;90,5;6;3;1;999;;1;1;1;;;999;4
10;5;14;8;8263;;1;1;A-2;603;3;4;1;999;;1;1;1;;;999;4
10;5;15;8;8200;;1;1;C-32;55;2;4;1;999;;1;1;1;;;999;4
10;5;13;8;8194;;1;1;C-31;208,7;2;4;1;999;;1;1;1;;;999;4
10;5;16;8;8125;;1;1;C-33;81;2;3;1;999;;1;1;1;;;999;4
10;5;14;8;8218;;1;1;C-55;38,8;6;2;2;2;;1;1;1;;;17;1
10;5;16;8;0;;3;2;No inventariada;;14;19;1;999;;1;1;1;;;999;998
10;5;23;8;8282;;1;1;B-20;23,1;2;4;1;999;;1;4;1;;;999;4
10;6;1;8;8033;;1;1;No inventariada;2,8;6;19;1;999;;1;5;1;;;999;4
10;4;10;8;8298;;3;2;No inventariada;;14;9;1;999;;3;1;1;;;17;998
9;4;18;8;8015;;3;2;No inventariada;;14;7;1;999;;1;1;1;;;1;998
7;2;17;8;8108;;3;2;No inventariada;;14;6;2;1;;1;1;1;;;17;998
10;4;19;8;8015;;3;2;No inventariada;;14;6;1;999;;1;2;1;;;17;998
10;5;21;8;0;;1;1;A-2;572;3;3;2;;;1;6;1;;;17;1
10;6;3;8;0;;1;1;BV-5222;1,4;6;19;1;999;;1;1;1;;;17;4
10;6;8;8;8205;;1;1;BP-1417;9,5;6;9;1;999;;1;1;1;;;999;4
10;6;11;8;0;;1;1;BP-1121;11,7;6;9;1;999;;1;1;1;;;999;4
10;6;12;8;0;;1;1;BV-5114;10,4;6;19;1;999;;1;1;1;;;999;4
10;6;14;8;8044;;1;1;C-244;9,9;6;9;1;999;;1;1;1;;;999;4
10;6;14;8;8073;;1;1;A-2;609,5;3;4;1;999;;1;1;1;;;999;4
10;6;12;8;8270;;1;1;C-31;163,3;6;1;1;999;;1;1;1;;;17;2
10;6;14;8;0;;1;1;BV-2122;0;6;19;2;2;;1;1;1;;;17;2
10;6;19;8;8263;;1;1;A-2;602;3;4;2;4;;1;4;1;;;999;4
10;6;19;8;0;;1;1;C-55;43,5;6;4;2;2;;1;6;1;;;999;4
10;6;21;8;0;;1;1;C-1412a;40,9;6;8;1;999;;1;6;1;;;999;4
10;7;3;8;8029;;1;1;C-32;95;2;19;2;;;1;4;1;;;999;4
10;6;15;8;8285;;2;2;No inventariada;;14;3;1;999;;1;1;1;;;17;4
10;5;18;8;8298;;3;2;No inventariada;;14;7;1;999;;1;1;1;;;17;998
10;2;14;8;8252;;3;2;No inventariada;;14;2;2;1;;1;1;1;;;17;998
10;4;8;8;8214;;3;2;No inventariada;;14;9;1;999;;1;1;1;;;17;998
10;5;20;8;8073;;3;2;No inventariada;;14;20;1;999;;1;1;1;;;17;998
9;2;17;8;8161;;1;1;BV-2243;1,5;6;4;2;4;;1;1;1;;;999;4
10;3;17;8;8121;;1;1;C-31E;1;6;9;2;4;;3;1;4;;;999;4
10;5;19;8;8019;;1;1;C-58;1;2;4;1;999;;1;2;1;;;999;4
10;6;16;8;0;;1;1;C-17;39,2;3;20;1;999;;1;1;1;;;999;4
10;6;19;8;8252;;1;1;B-30;10,8;2;4;1;999;;1;1;1;;;999;4
10;6;22;8;8161;;1;1;No inventariada;;6;19;1;999;;1;6;1;;;999;4
10;7;6;8;8107;;1;1;No inventariada;7,5;6;4;1;999;;1;6;1;;;999;4
10;7;9;8;0;;1;1;BV-5301;11;6;19;1;999;;1;1;1;;;999;4
10;7;10;8;0;;1;1;BV-5122;4,3;6;19;2;4;;1;1;1;;;999;4
10;7;12;8;8114;;1;1;No inventariada;0,8;6;9;1;999;;1;1;1;;;999;4
10;7;13;8;8041;;1;1;C-17;24;3;3;1;999;;1;1;1;;;999;4
10;7;18;8;8121;;1;1;C-32;100,1;2;4;1;999;;1;1;1;;;999;4
10;7;18;8;8077;;1;1;C-32;62,5;3;4;1;999;;1;1;1;;;999;4
10;7;19;8;0;;1;1;A-2;554;3;4;1;999;;1;6;1;;;999;4
10;1;0;8;8051;;1;1;B-124;8,5;6;19;1;999;;1;5;1;;;999;4
10;1;2;8;8307;;1;1;C-246a;48;6;9;1;999;;1;6;1;;;999;4
10;7;23;8;8231;;1;1;BV-2113;1,5;6;19;1;999;;1;6;1;;;17;2
10;6;13;8;8073;;3;2;No inventariada;;14;7;1;999;;1;1;1;;;17;998
4;6;15;8;8076;;3;2;No inventariada;;14;4;1;999;;1;1;1;;;17;998
4;5;8;8;8076;;3;2;No inventariada;;14;4;1;999;;1;1;1;;;17;998
1;3;8;8;8305;;3;2;No inventariada;;14;9;1;999;;3;1;3;;;17;998
10;5;12;8;8102;;3;2;No inventariada;;14;7;2;1;;1;1;1;;;17;998
9;4;17;8;8307;;3;2;No inventariada;;14;2;2;1;;1;1;1;;;17;998
8;2;12;8;8307;;3;2;No inventariada;;14;9;2;1;;1;1;1;;;17;998
10;3;7;8;8121;;3;2;No inventariada;;14;9;2;2;;8;1;1;;;17;998
10;7;6;8;8121;;3;2;No inventariada;;14;2;2;1;;1;2;1;;;17;998
10;2;18;8;8121;;3;2;No inventariada;;14;2;2;4;;1;1;1;;;17;998
6;3;12;8;8245;;3;2;No inventariada;;14;7;1;999;;1;1;1;;;17;998
1;6;17;8;8305;;3;2;No inventariada;;14;7;1;999;;1;1;1;;;17;998
7;3;19;8;8266;;3;2;No inventariada;;14;4;2;4;;1;1;1;;;17;998
7;5;15;8;8266;;3;2;No inventariada;;14;9;2;2;;1;1;1;;;17;998
8;6;10;8;8266;;3;2;No inventariada;;14;9;1;999;;1;1;1;;;17;998
8;6;13;8;8266;;3;2;No inventariada;;14;4;1;999;;1;1;1;;;17;998
9;2;12;8;8015;;3;2;No inventariada;;14;2;2;1;;1;4;1;;;17;998
9;6;1;8;8187;;3;2;No inventariada;;14;20;1;999;;1;1;1;;;17;998
9;2;19;8;8075;;1;1;BV-5101;4,4;6;9;1;999;;1;1;1;;;999;4
9;7;12;8;0;;1;1;BP-4313;20;6;2;2;2;;1;1;1;;;999;4
10;6;12;8;8163;;1;1;C-32;124,6;2;20;1;999;;1;1;1;;;17;4
10;1;6;8;8307;;1;1;C-31;152,7;6;4;1;999;;1;6;1;;;999;4
10;1;7;8;0;;1;1;C-153;3,5;6;2;2;2;;1;1;1;;;999;4
10;1;12;8;8015;;1;1;B-20;21,3;2;4;2;2;;1;1;1;;;999;4
10;1;12;8;0;;1;1;C-1413a;4;6;2;2;2;;1;1;1;;;999;4
1;3;11;8;8305;;3;2;No inventariada;;14;7;2;2;;3;1;3;;;17;998
7;5;15;8;8015;;3;2;No inventariada;;14;7;1;999;;1;1;1;;;17;998
10;6;12;8;8003;;2;2;BP-5002;1,8;14;2;1;999;;1;1;1;;;17;4
1;3;16;8;8305;;3;2;No inventariada;;14;2;1;999;;1;1;1;;;17;998
10;6;17;8;8003;;2;2;BP-5002;3;14;2;1;999;;1;1;1;;;17;4
10;4;18;8;8121;;3;2;No inventariada;;14;9;2;4;;1;1;1;;;17;998
1;5;18;8;8305;;3;2;No inventariada;;14;2;2;4;;1;1;1;;;17;998
5;3;11;8;8231;;3;2;No inventariada;;14;2;2;1;;1;1;1;;;17;998
6;6;12;8;8231;;2;2;BV-2112;5,5;14;2;2;1;;1;1;1;;;17;4
9;4;23;8;8180;;2;2;N-150;5,3;14;1;1;999;;1;4;1;;;17;4
9;3;18;8;8245;;1;1;B-20;17,3;2;4;1;999;;1;1;1;;;999;4
9;5;13;8;8205;;1;1;No inventariada;1;6;19;1;999;;1;1;1;;;999;4
9;5;17;8;8205;;1;1;BP-1417;7,4;6;3;1;999;;1;1;1;;;4;3
10;7;3;8;8118;;2;2;N-2;634,4;6;4;1;999;;1;6;1;;;999;4
10;7;15;8;8007;;2;2;C-61;2,5;6;2;2;1;;1;1;1;;;999;4
10;1;11;8;8238;;1;1;BP-1503;19,4;6;2;2;1;;1;1;1;;;999;4
10;1;12;8;8051;;1;1;No inventariada;29,3;6;20;1;999;;1;1;1;;;999;4
10;1;13;8;8067;;1;1;C-17;41,5;3;4;1;999;;1;1;1;;;999;4
10;2;7;8;8019;;1;1;C-58;0,6;6;4;1;999;;1;1;1;;;999;4
10;2;7;8;8096;;1;1;C-352;19,1;3;4;1;999;;1;2;1;;;999;4
10;2;6;8;8205;;1;1;AP-7;159,2;2;3;1;999;;3;6;1;;;999;4
10;2;8;8;8009;;1;1;C-60;6;2;4;1;999;;1;1;1;;;999;4
10;2;11;8;8019;;1;1;C-58;0,5;2;4;1;999;;1;1;1;;;999;4
10;2;12;8;8157;;1;1;A-2;599;3;4;1;999;;1;1;1;;;999;4
10;2;14;8;8260;;1;1;B-140;6,5;6;3;1;999;;1;1;1;;;999;4
10;2;14;8;8121;;1;1;N-2;649,4;6;9;2;4;;1;1;1;;;999;4
10;2;15;8;8305;;1;1;N-340a;1209;6;4;2;4;;1;1;1;;;999;4
10;2;15;8;8073;;1;1;B-20;3;2;9;2;;;1;1;1;;;999;4
10;2;17;8;8073;;1;1;B-20;0,5;2;4;1;999;;1;1;1;;;999;4
10;3;2;8;8041;;4;2;C-352;25,4;3;9;1;999;;8;4;1;;;999;4
10;2;8;8;8073;;3;2;No inventariada;;14;4;2;1;;1;1;1;;;17;998
2;7;11;8;8305;;3;2;No inventariada;;14;7;1;999;;1;1;1;;;17;998
10;2;13;8;8096;;3;2;No inventariada;;14;4;2;1;;1;1;1;;;17;998
2;7;2;8;8305;;3;2;No inventariada;;14;9;1;999;;1;5;1;;;17;998
9;1;21;8;8096;;3;2;No inventariada;;14;9;1;999;;1;4;1;;;17;998
9;1;16;8;8307;;3;2;No inventariada;;14;2;2;1;;1;1;1;;;17;998
2;5;14;8;8305;;3;2;No inventariada;;14;4;1;999;;1;1;1;;;17;998
9;1;19;8;8096;;3;2;No inventariada;;14;4;1;999;;1;1;1;;;17;998
10;2;7;8;8102;;3;2;No inventariada;;14;7;2;2;;1;1;1;;;17;998
2;6;20;8;8305;;3;2;No inventariada;;14;7;2;1;;1;5;1;;;17;998
9;2;15;8;8307;;3;2;No inventariada;;14;9;1;999;;1;1;1;;;17;998
9;3;3;8;8307;;3;2;No inventariada;;14;4;1;999;;1;4;1;;;17;998
10;2;20;8;8298;;3;2;No inventariada;;14;3;1;999;;1;4;1;;;17;998
2;1;21;8;8305;;3;2;No inventariada;;14;9;1;999;;1;4;1;;;17;998
2;3;8;8;8305;;3;2;No inventariada;;14;4;2;1;;1;1;1;;;17;998
3;6;12;8;8305;;3;2;No inventariada;;14;6;1;999;;1;1;1;;;17;998
10;2;7;8;8298;;3;2;No inventariada;;14;7;2;1;;3;2;1;;;17;998
9;6;4;8;8056;;3;2;No inventariada;;14;9;2;4;;1;4;1;;;1;998
10;6;15;8;8284;;3;2;No inventariada;;14;1;1;999;;1;1;1;;;17;998
9;4;10;8;8120;;3;2;No inventariada;;14;7;1;999;;1;1;1;;;17;998
9;3;15;8;8123;;1;1;B-23;10,2;2;3;1;999;;1;1;1;;;999;4
10;3;6;8;8001;;1;1;C-55;0,5;6;3;1;999;;1;6;1;;;999;4
10;3;6;8;8298;;1;1;C-25D;1,9;6;2;1;999;;1;6;1;;;999;4
10;3;7;8;8263;;1;1;A-2;602,5;3;3;1;999;;1;1;1;;;999;4
10;3;8;8;8073;;1;1;C-32;59,8;3;4;1;999;;1;1;1;;;999;4
10;3;14;8;8205;;1;1;AP-7;157,1;2;9;1;999;;1;1;1;;;999;4
10;3;15;8;8184;;1;1;C-1413a;14;6;9;2;4;;1;1;1;;;999;4
10;3;15;8;8238;;1;1;C-58;15;2;4;2;4;;1;1;1;;;999;4
10;3;17;8;8169;;1;1;C-31;192,5;3;3;2;2;;1;1;1;;;999;4
10;3;23;8;8009;;1;1;C-32;98,3;2;19;1;999;;1;4;1;;;999;4
10;3;9;8;8073;;3;2;No inventariada;;14;2;2;4;;1;1;1;;;17;998
10;2;19;8;8102;;3;2;No inventariada;;14;4;2;4;;1;4;1;;;17;998
10;5;12;8;8121;;3;2;No inventariada;;14;4;2;4;;1;1;1;;;17;998
8;5;2;8;8245;;3;2;No inventariada;;14;9;1;999;;1;4;1;;;17;998
9;2;11;8;8245;;3;2;No inventariada;;14;7;1;999;;1;1;1;;;17;998
9;2;10;8;8245;;3;2;No inventariada;;14;9;1;999;;1;1;1;;;17;998
9;2;15;8;8245;;3;2;No inventariada;;14;7;1;999;;1;1;1;;;17;998
10;3;12;8;8298;;3;2;No inventariada;;14;2;2;1;;1;1;1;;;17;998
10;4;12;8;8169;;3;2;No inventariada;;14;2;2;1;;1;1;1;;;17;998
10;3;14;8;8121;;3;2;No inventariada;;14;2;1;999;;1;1;1;;;17;998
9;3;18;8;8245;;3;2;No inventariada;;14;2;2;1;;1;1;1;;;17;998
9;3;19;8;8245;;3;2;No inventariada;;14;7;1;999;;1;1;1;;;17;998
9;3;21;8;8245;;3;2;No inventariada;;14;9;1;999;;1;4;1;;;17;998
9;5;13;8;8245;;3;2;No inventariada;;14;7;1;999;;1;1;1;;;17;998
9;5;15;8;8245;;3;2;No inventariada;;14;2;2;4;;1;1;1;;;17;998
6;5;19;8;8156;;3;2;No inventariada;;14;2;2;1;;1;1;1;;;17;998
10;4;18;8;8121;;3;2;No inventariada;;14;1;1;999;;1;1;1;;;17;998
10;3;18;8;8121;;3;2;No inventariada;;14;9;2;2;;3;2;4;;;17;998
9;1;14;8;8123;;3;2;No inventariada;;14;4;1;999;;3;1;3;;;17;998
7;3;19;8;8123;;3;2;No inventariada;;14;18;1;999;;1;1;1;;;17;998
10;4;16;8;8015;;3;2;No inventariada;;14;2;1;999;;1;1;1;;;17;998
10;5;19;8;8200;;3;2;No inventariada;;14;4;1;999;;1;4;1;;;17;998
9;3;18;8;8015;;3;2;No inventariada;;14;3;1;999;;1;1;1;;;17;998
10;7;22;8;8211;;3;2;No inventariada;;14;3;2;4;;1;4;1;;;1;998
9;6;13;8;8035;;1;1;BV-5126;1;6;9;1;999;;1;1;1;;;999;4
9;5;7;8;8217;;1;1;A-2;606;3;9;1;999;;3;1;3;;;999;4
10;2;7;8;8005;;1;1;C-17;26;3;4;1;999;;1;1;1;;;999;4
10;4;10;8;8073;;1;1;A-2;608,6;3;1;1;999;;1;1;1;;;999;4
10;4;12;8;8240;;1;1;BP-2427;6,8;6;1;1;999;;1;1;1;;;999;4
10;4;14;8;8077;;1;1;B-23;0,7;2;4;1;999;;1;1;1;;;999;4
10;4;14;8;8159;;1;1;C-17;15,1;6;4;1;999;;1;1;1;;;999;4
10;4;15;8;0;;1;1;AP-7;162,2;2;9;1;999;;1;1;1;;;999;4
10;4;18;8;0;;3;2;No inventariada;;14;2;1;999;;1;1;1;;;999;998
10;4;18;8;8205;;1;1;BP-1417;5,7;6;19;1;999;;1;1;1;;;17;4
10;4;15;8;8267;;1;1;C-1413a;30,9;6;1;1;999;;1;1;1;;;999;4
10;4;18;8;8270;;1;1;C-31;171,8;6;4;1;999;;1;2;1;;;999;4
10;4;16;8;8187;;1;1;No inventariada;1,1;6;4;1;999;;1;1;1;;;17;4
10;5;4;8;8009;;1;1;C-1415c;6,9;6;9;1;999;;1;6;1;;;999;4
9;6;11;8;8245;;3;2;No inventariada;;14;1;1;999;;1;1;1;;;17;998
9;5;12;8;8245;;3;2;No inventariada;;14;9;2;2;;3;1;3;;;17;998
9;2;14;8;8245;;3;2;No inventariada;;14;2;1;999;;1;1;1;;;17;998
9;2;19;8;8245;;3;2;No inventariada;;14;7;1;999;;1;1;1;;;17;998