MES;DIA_SEMANA;HORA;COD_PROVINCIA;COD_MUNICIPIO;ISLA;ZONA;ZONA_AGRUPADA;CARRETERA;KM;TIPO_VIA;TIPO_ACCIDENTE;NUDO;NUDO_INFO;CARRETERA_CRUCE;CONDICION_FIRME;CONDICION_ILUMINACION;CONDICION_METEO;CONDICION_NIEBLA;CONDICION_VIENTO;VISIB_RESTRINGIDA_POR;TRAZADO_PLANTA
9;3;14;8;8245;;3;2;No inventariada;;14;2;1;999;;1;1;1;;;17;998
9;4;10;8;8245;;3;2;No inventariada;;14;2;1;999;;1;1;1;;;17;998
9;4;19;8;8245;;3;2;No inventariada;;14;4;1;999;;1;1;1;;;17;998
9;1;16;8;8245;;3;2;No inventariada;;14;2;2;1;;1;1;1;;;17;998
10;2;10;8;8245;;3;2;No inventariada;;14;9;1;999;;1;1;1;;;17;998
9;4;18;8;8307;;3;2;No inventariada;;14;6;1;999;;1;1;1;;;17;998
3;3;17;8;8305;;3;2;No inventariada;;14;7;1;999;;1;1;1;;;17;998
3;3;9;8;8305;;3;2;No inventariada;;14;4;2;4;;1;1;1;;;17;998
10;4;14;8;8102;;3;2;No inventariada;;14;7;2;1;;1;1;1;;;17;998
10;3;7;8;8245;;3;2;No inventariada;;14;6;1;999;;1;1;1;;;17;998
3;4;5;8;8305;;3;2;No inventariada;;14;4;1;999;;1;4;1;;;17;998
3;4;13;8;8305;;3;2;No inventariada;;14;7;2;1;;1;1;1;;;17;998
10;6;11;8;8245;;3;2;No inventariada;;14;1;1;999;;1;1;1;;;17;998
7;4;17;8;8156;;3;2;No inventariada;;14;2;2;2;;1;1;1;;;17;998
8;3;12;8;8181;;3;2;No inventariada;;14;7;1;999;;1;1;1;;;17;998
7;1;16;8;8181;;3;2;No inventariada;;14;2;1;999;;1;1;1;;;17;998
7;3;13;8;8181;;3;2;No inventariada;;14;9;2;4;;1;1;1;;;17;998
9;7;13;8;8231;;1;1;C-32;28,8;2;6;1;999;;3;1;4;;;999;4
9;7;19;8;0;;1;1;AP-7;182;2;4;1;999;;1;1;1;;;999;4
9;5;20;8;8263;;1;1;A-2;602,5;3;3;1;999;;1;4;1;;;999;4
10;5;14;8;8108;;1;1;C-17;18;3;20;1;999;;1;1;1;;;999;4
10;2;15;8;8112;;1;1;B-522;6,1;6;4;1;999;;1;1;1;;;999;4
10;4;7;8;8194;;1;1;B-10;2,4;3;2;1;999;;1;4;1;;;999;4
10;4;7;8;8015;;1;1;C-31;212,5;2;2;1;999;;1;1;1;;;999;4
10;4;9;8;8003;;1;1;C-32;85;2;4;1;999;;1;1;1;;;999;4
10;4;18;8;8266;;1;1;AP-7;150,1;2;3;1;999;;1;1;1;;;999;4
10;4;19;8;0;;1;1;BV-1031;18;6;1;1;999;;1;1;1;;;999;4
10;5;7;8;8041;;4;2;C-352;25,6;3;7;1;999;;1;6;1;;;999;4
10;5;9;8;8169;;1;1;C-31;195,1;3;3;1;999;;1;1;1;;;17;2
10;5;12;8;8106;;1;1;BV-5103;3,6;6;2;2;2;;1;1;1;;;999;4
10;5;13;8;0;;1;1;No inventariada;2;6;19;1;999;;8;1;1;;;999;4
10;5;15;8;8096;;1;1;N-152a;25;3;1;2;;;1;1;1;;;999;4
10;5;16;8;8205;;1;1;BV-1462;8,1;6;19;1;999;;1;1;1;;;999;4
10;5;18;8;8001;;1;1;A-2;582,5;3;4;1;999;;1;1;1;;;999;4
10;5;18;8;8015;;1;1;BV-5011;3,9;6;19;1;999;;1;1;1;;;999;4
10;5;19;8;8169;;1;1;B-20;1,5;2;4;1;999;;1;4;1;;;999;4
10;5;16;8;8073;;3;2;No inventariada;;14;7;1;999;;1;1;1;;;17;998
10;5;15;8;8073;;3;2;No inventariada;;14;9;1;999;;1;1;1;;;17;998
10;5;19;8;8015;;3;2;No inventariada;;14;9;1;999;;1;4;1;;;17;998
10;5;21;8;8015;;3;2;No inventariada;;14;2;2;1;;1;4;1;;;17;998
10;5;16;8;8015;;3;2;No inventariada;;14;2;2;1;;1;4;1;;;17;998
10;6;13;8;8015;;3;2;No inventariada;;14;4;2;4;;3;1;3;;;17;998
10;2;7;8;8169;;3;2;No inventariada;;14;4;2;1;;1;1;1;;;17;998
6;5;18;8;8169;;3;2;No inventariada;;14;6;1;999;;1;1;1;;;17;998
10;6;18;8;8169;;3;2;No inventariada;;14;3;2;1;;1;1;1;;;17;998
10;4;14;8;8121;;1;1;C-31D;1,7;6;4;1;999;;1;1;1;;;999;4
10;2;11;8;8187;;1;1;No inventariada;2,8;6;4;2;4;;1;1;1;;;999;4
10;4;10;8;8110;;1;1;N-2;675,5;6;19;1;999;;1;1;1;;;999;4
10;5;5;8;0;;1;1;BP-5107;44,4;6;19;1;999;;1;6;1;;;999;4
10;6;4;8;8033;;1;1;C-59;12,1;6;7;1;999;;1;1;1;;;17;4
10;6;6;8;8263;;1;1;A-2;602,8;3;6;1;999;;1;4;1;;;999;4
10;6;7;8;8019;;1;1;No inventariada;1,1;6;20;1;999;;1;4;1;;;999;4
10;6;7;8;8270;;1;1;C-31;164,3;6;6;1;999;;1;6;1;;;999;4
10;6;17;8;0;;3;2;No inventariada;;14;19;1;999;;1;1;1;;;999;998
10;6;18;8;8279;;1;1;C-16;21,8;2;9;2;;;1;1;1;;;999;4
10;7;3;8;8260;;1;1;AP-7;142,5;2;19;1;999;;1;6;1;;;999;4
7;6;17;8;8181;;3;2;No inventariada;;14;2;2;1;;1;1;1;;;17;998
10;4;17;8;8298;;3;2;No inventariada;;14;4;1;999;;1;1;1;;;17;998
9;2;13;8;8181;;3;2;No inventariada;;14;2;1;999;;3;1;3;;;17;998
9;2;7;8;8187;;3;2;No inventariada;;14;7;2;1;;1;1;1;;;1;998
9;6;11;8;8260;;3;2;No inventariada;;14;2;2;1;;1;1;1;;;1;998
10;6;1;8;8056;;2;2;C-246;20;14;6;2;4;;1;4;1;;;1;4
10;3;9;8;8252;;1;1;N-150;6,5;6;4;1;999;;1;1;1;;;999;4
10;3;9;8;8238;;1;1;C-1413a;18,5;6;1;2;2;;1;1;1;;;999;4
10;3;10;8;8279;;1;1;N-150;15,3;6;1;2;2;;1;1;1;;;999;4
10;5;19;8;8205;;1;1;BP-1417;5,1;6;2;1;999;;1;2;1;;;999;4
10;7;6;8;8192;;1;1;BV-4511;7,3;6;19;1;999;;1;6;1;;;999;4
10;7;5;8;8124;;1;1;C-33;87,8;2;20;1;999;;3;5;1;;;999;4
10;7;9;8;8169;;1;1;B-204;4,3;6;9;2;4;;1;1;1;;;999;4
10;7;11;8;8106;;1;1;B-510;8;6;9;1;999;;3;1;1;;;999;4
10;7;11;8;0;;1;1;BP-2427;2;6;9;1;999;;1;1;1;;;999;4
10;7;14;8;8305;;1;1;N-340;1213;6;4;2;4;;1;1;1;;;999;4
10;7;16;8;8307;;1;1;BV-2115;2,7;6;3;1;999;;1;1;1;;;999;4
10;7;16;8;0;;1;1;C-55;50;6;3;1;999;;1;1;1;;;999;4
10;7;18;8;0;;1;1;A-2;570,4;3;4;1;999;;1;1;1;;;999;4
10;7;20;8;8180;;1;1;C-58;7,2;2;4;1;999;;1;4;1;;;17;1
10;7;14;8;8305;;1;1;AP-7;192;2;4;1;999;;1;1;1;;;17;1
10;7;22;8;8126;;1;1;N-2;631,9;6;19;1;999;;1;4;1;;;999;4
10;7;19;8;8231;;1;1;C-15;3,8;3;4;2;;;1;6;1;;;999;4
10;7;22;8;0;;1;1;BP-1101;8,1;6;4;2;1;;1;5;1;;;999;4
10;5;10;8;8102;;3;2;No inventariada;;14;4;1;999;;1;1;1;;;17;998
10;6;12;8;8245;;3;2;No inventariada;;14;9;2;2;;3;1;3;;;17;998
3;1;19;8;8305;;3;2;No inventariada;;14;7;2;2;;3;4;3;;;17;998
3;2;10;8;8305;;3;2;No inventariada;;14;7;1;999;;1;1;1;;;17;998
10;1;14;8;8121;;3;2;No inventariada;;14;4;1;999;;1;1;1;;;17;998
9;5;21;8;8307;;3;2;No inventariada;;14;9;1;999;;1;4;1;;;17;998
3;4;7;8;8305;;3;2;No inventariada;;14;7;1;999;;1;1;1;;;17;998
3;4;16;8;8305;;3;2;No inventariada;;14;4;2;4;;1;1;1;;;17;998
10;2;18;8;8121;;3;2;No inventariada;;14;4;1;999;;1;1;1;;;17;998
10;3;0;8;8285;;3;2;No inventariada;;14;2;2;1;;1;1;1;;;17;998
4;2;7;8;8305;;3;2;No inventariada;;14;2;2;2;;1;1;1;;;17;998
10;4;12;8;8121;;3;2;No inventariada;;14;7;2;2;;1;1;1;;;17;998
9;3;22;8;8096;;3;2;No inventariada;;14;9;1;999;;1;4;1;;;17;998
10;5;12;8;8121;;3;2;No inventariada;;14;2;1;999;;1;1;1;;;17;998
4;1;17;8;8305;;3;2;No inventariada;;14;9;1;999;;1;1;1;;;17;998
4;3;9;8;8305;;2;2;BV-2127;0,1;14;4;1;999;;1;1;1;;;17;4
10;5;14;8;8252;;3;2;No inventariada;;14;2;1;999;;1;1;1;;;17;998
10;3;15;8;8211;;3;2;No inventariada;;14;2;2;4;;1;1;1;;;1;998
10;1;19;8;8075;;3;2;No inventariada;;14;20;1;999;;1;1;1;;;17;998
10;2;15;8;8107;;1;1;C-17;19,5;3;9;2;;;1;1;1;;;999;4
10;1;23;8;0;;1;1;C-15;42,5;6;6;1;999;;1;6;1;;;999;4
10;5;12;8;8009;;1;1;C-60;4,5;2;2;1;999;;1;1;1;;;999;4
10;7;22;8;8124;;1;1;C-17;10,2;3;6;1;999;;1;4;1;;;999;4
10;1;8;8;0;;3;2;No inventariada;;14;2;2;1;;1;2;1;;;999;998
10;1;10;8;8194;;1;1;B-10;4,5;3;3;1;999;;1;1;1;;;999;4
10;1;10;8;8019;;1;1;C-58;0,5;2;4;1;999;;1;1;1;;;999;4
10;1;13;8;0;;1;1;No inventariada;0;6;2;1;999;;1;1;1;;;999;4
10;1;16;8;0;;1;1;C-62;12,3;6;19;1;999;;1;1;1;;;999;4
10;1;16;8;8073;;1;1;A-2;609,5;3;3;2;;;1;1;1;;;999;4
10;1;21;8;8092;;1;1;C-16;87;3;8;1;999;;1;6;1;;;999;4
10;1;22;8;8187;;1;1;N-150;14,3;6;7;2;4;;1;6;1;;;999;4
10;2;1;8;8181;;1;1;C-60;9,4;2;19;1;999;;1;6;1;;;999;4
10;2;4;8;8073;;1;1;C-32;60,5;3;20;2;1;;1;1;1;;;17;4
10;1;7;8;8073;;3;2;No inventariada;;14;9;1;999;;1;1;1;;;17;998
10;5;11;8;8102;;3;2;No inventariada;;14;4;2;4;;1;1;1;;;17;998
4;3;14;8;8305;;3;2;No inventariada;;14;7;2;2;;1;1;1;;;17;998
10;5;20;8;8169;;3;2;No inventariada;;14;7;2;2;;1;2;1;;;17;998
4;5;14;8;8305;;3;2;No inventariada;;14;9;1;999;;1;1;1;;;17;998
4;5;6;8;8305;;3;2;No inventariada;;14;9;1;999;;1;4;1;;;17;998
4;7;23;8;8305;;3;2;No inventariada;;14;2;2;2;;3;4;3;;;17;998
9;6;22;8;8307;;3;2;No inventariada;;14;2;2;1;;1;4;1;;;17;998
9;4;14;8;8307;;3;2;No inventariada;;14;9;2;2;;8;1;1;;;17;998
10;1;8;8;8096;;3;2;No inventariada;;14;2;2;4;;1;1;1;;;17;998
7;1;19;8;8156;;3;2;No inventariada;;14;3;2;2;;1;1;1;;;17;998
10;7;6;8;8015;;3;2;No inventariada;;14;9;1;999;;1;5;1;;;17;998
10;2;6;8;8015;;3;2;No inventariada;;14;9;1;999;;1;1;1;;;17;998
4;1;9;8;8305;;3;2;No inventariada;;14;2;2;1;;3;1;3;;;17;998
10;2;15;8;8121;;3;2;No inventariada;;14;3;2;2;;1;1;1;;;17;998
7;1;9;8;8156;;3;2;No inventariada;;14;7;1;999;;1;1;1;;;17;998
9;2;20;8;8307;;3;2;No inventariada;;14;9;2;1;;8;4;1;;;17;998
10;3;14;8;8307;;3;2;No inventariada;;14;9;2;1;;1;1;1;;;17;998
5;7;12;8;8305;;3;2;No inventariada;;14;9;1;999;;1;1;1;;;17;998
5;7;13;8;8305;;3;2;No inventariada;;14;4;1;999;;1;1;1;;;17;998
4;4;8;8;8046;;3;2;No inventariada;;14;7;1;999;;1;1;1;;;17;998
10;7;15;8;8073;;3;2;No inventariada;;14;9;1;999;;1;1;1;;;17;998
10;1;19;8;8200;;3;2;No inventariada;;14;2;2;1;;1;1;1;;;17;998
10;1;12;8;8200;;3;2;No inventariada;;14;9;2;2;;1;1;1;;;17;998
10;3;10;8;8200;;3;2;No inventariada;;14;9;1;999;;1;1;1;;;17;998
10;5;11;8;8200;;3;2;No inventariada;;14;9;2;4;;1;1;1;;;17;998
10;7;8;8;8200;;3;2;No inventariada;;14;19;2;4;;1;1;1;;;17;998
10;7;16;8;8200;;2;2;B-201;0,3;14;9;2;4;;8;1;1;;;17;4
10;7;21;8;8200;;3;2;No inventariada;;14;9;1;999;;1;4;1;;;17;998
9;1;8;8;8169;;1;1;B-20;2,5;2;4;1;999;;3;1;3;;;999;4
9;1;16;8;8169;;1;1;C-31;192;3;4;1;999;;1;1;1;;;999;4
10;5;16;8;8125;;1;1;C-33;81,8;2;3;1;999;;1;1;1;;;999;4
10;1;10;8;8260;;1;1;B-140;6,5;6;3;1;999;;1;1;1;;;999;4
10;1;14;8;0;;1;1;BP-1121;8,1;6;20;1;999;;1;1;1;;;4;3
10;2;5;8;8180;;1;1;C-58;5;2;19;2;2;;1;2;1;;;999;4
10;2;7;8;8125;;1;1;C-58;1,7;2;4;1;999;;1;2;1;;;999;4
10;2;8;8;8904;;1;1;C-58;9,8;2;3;1;999;;1;1;1;;;999;4
10;2;9;8;8009;;1;1;C-32;98,8;2;19;1;999;;1;1;1;;;999;4
10;2;12;8;8235;;1;1;C-32;117;2;4;2;2;;1;1;1;;;999;4
10;2;13;8;8200;;1;1;C-32;53,3;2;9;2;;;8;1;3;;;999;4
10;2;12;8;8076;;1;1;A-2;581,5;3;3;2;;;1;1;1;;;999;4
10;2;14;8;8252;;1;1;AP-7;146,5;2;4;1;999;;1;1;1;;;999;4
10;2;15;8;8135;;1;1;C-35;28,5;6;20;1;999;;1;1;1;;;999;4
10;2;17;8;8077;;1;1;B-23;1;2;4;1;999;;1;4;1;;;999;4
10;2;17;8;0;;1;1;B-520;2,1;6;1;1;999;;3;1;3;;;999;4
10;2;16;8;0;;1;1;C-25;178;3;19;1;999;;1;1;1;;;999;4
10;2;21;8;8068;;1;1;B-24;4,2;3;9;1;999;;3;4;3;;;999;4
10;2;19;8;8161;;1;1;B-224;7,7;6;2;1;999;;1;6;1;;;999;4
10;2;17;8;8285;;3;2;No inventariada;;14;2;2;1;;1;1;1;;;17;998
5;2;20;8;8305;;3;2;No inventariada;;14;2;2;1;;1;4;1;;;17;998
5;4;9;8;8305;;3;2;No inventariada;;14;6;1;999;;1;1;1;;;17;998
5;3;14;8;8305;;3;2;No inventariada;;14;7;2;2;;1;1;1;;;17;998
10;7;16;8;8003;;1;1;BP-5002;3,9;6;2;1;999;;1;1;1;;;17;4
5;4;19;8;8305;;3;2;No inventariada;;14;2;1;999;;1;1;1;;;17;998
8;4;18;8;8279;;3;2;No inventariada;;14;2;2;1;;1;1;1;;;17;998
8;5;10;8;8279;;3;2;No inventariada;;14;7;2;2;;1;1;1;;;17;998
8;6;15;8;8279;;3;2;No inventariada;;14;7;2;2;;1;1;1;;;17;998
5;5;14;8;8305;;3;2;No inventariada;;14;4;1;999;;1;1;1;;;17;998
10;1;14;8;8169;;3;2;No inventariada;;14;2;2;2;;1;1;1;;;17;998
8;6;23;8;8279;;3;2;No inventariada;;14;9;1;999;;1;4;1;;;17;998
10;2;10;8;8015;;3;2;No inventariada;;14;3;1;999;;1;2;1;;;17;998
10;5;18;8;8015;;3;2;No inventariada;;14;6;1;999;;1;2;1;;;17;998
10;4;19;8;8015;;3;2;No inventariada;;14;2;1;999;;1;2;1;;;17;998
5;5;21;8;8305;;3;2;No inventariada;;14;9;1;999;;1;4;1;;;17;998
10;5;13;8;8089;;3;2;No inventariada;;14;2;2;4;;1;1;1;;;17;998
10;6;17;8;8089;;3;2;No inventariada;;14;2;2;1;;1;1;1;;;17;998
10;3;19;8;8015;;3;2;No inventariada;;14;2;1;999;;1;2;1;;;17;998
10;1;17;8;8200;;2;2;B-201;0,3;14;2;2;2;;1;1;1;;;17;4
10;3;18;8;8101;;3;2;No inventariada;;14;2;1;999;;1;1;1;;;17;998
10;7;7;8;8101;;3;2;No inventariada;;14;4;2;4;;1;4;1;;;17;998
10;5;14;8;8101;;3;2;No inventariada;;14;4;1;999;;1;1;1;;;17;998
9;2;1;8;8101;;3;2;No inventariada;;14;3;1;999;;1;1;1;;;17;998
10;3;20;8;8073;;3;2;No inventariada;;14;9;2;2;;1;4;1;;;17;998
9;6;19;8;8298;;3;2;No inventariada;;14;7;1;999;;1;1;1;;;1;998
10;3;7;8;8121;;3;2;No inventariada;;14;2;2;2;;1;2;1;;;1;998
10;7;21;8;8187;;3;2;No inventariada;;14;20;1;999;;1;1;1;;;17;998
9;6;18;8;0;;3;2;No inventariada;;14;19;1;999;;1;1;1;;;999;998
9;7;2;8;8240;;1;1;AP-7;183,8;2;8;1;999;;1;5;1;;;999;4
10;7;0;8;8169;;1;1;B-22;7;6;6;1;999;;1;4;1;;;999;4
10;2;17;8;8086;;1;1;C-352;22,9;3;4;1;999;;1;1;1;;;17;2
10;2;19;8;8035;;1;1;N-2;665,8;6;2;2;2;;1;2;1;;;999;4
10;2;17;8;8197;;1;1;N-2;652;6;1;1;999;;3;1;3;;;999;4
10;3;6;8;0;;1;1;B-220;8,9;6;19;1;999;;3;6;1;;;999;4
10;3;7;8;8196;;1;1;A-2;595,4;3;4;1;999;;1;1;1;;;999;4
10;3;7;8;8300;;1;1;C-16;28,4;2;3;1;999;;3;2;1;;;999;4
10;3;14;8;8244;;1;1;A-2;603,8;3;3;1;999;;1;1;1;;;999;4
10;3;11;8;8266;;1;1;B-30;8;2;19;2;;;1;1;1;;;999;4
10;3;17;8;8124;;1;1;AP-7;138,6;2;2;2;;;1;1;1;;;999;4
4;1;11;8;8029;;3;2;No inventariada;;14;2;2;4;;3;1;3;;;17;998
8;1;16;8;8279;;3;2;No inventariada;;14;9;1;999;;1;1;1;;;17;998
8;1;18;8;8279;;3;2;No inventariada;;14;7;2;1;;1;1;1;;;17;998
8;2;19;8;8279;;3;2;No inventariada;;14;9;1;999;;1;1;1;;;17;998
8;2;22;8;8279;;3;2;No inventariada;;14;6;1;999;;1;4;1;;;17;998
9;3;9;8;8003;;1;1;BP-5002;2,8;6;7;1;999;;1;1;1;;;17;4
8;3;17;8;8279;;3;2;No inventariada;;14;2;2;4;;1;1;1;;;17;998
10;2;12;8;8015;;3;2;No inventariada;;14;3;1;999;;1;1;1;;;17;998
8;7;19;8;8279;;3;2;No inventariada;;14;9;1;999;;3;1;4;;;17;998
8;7;19;8;8279;;3;2;No inventariada;;14;2;2;1;;1;1;1;;;17;998
5;6;22;8;8305;;3;2;No inventariada;;14;1;1;999;;1;4;1;;;17;998
8;7;16;8;8279;;3;2;No inventariada;;14;2;2;1;;1;1;1;;;17;998
10;1;11;8;8245;;3;2;No inventariada;;14;9;1;999;;1;1;1;;;17;998
8;2;6;8;8279;;3;2;No inventariada;;14;9;1;999;;1;4;1;;;17;998
10;2;10;8;8245;;3;2;No inventariada;;14;4;2;2;;1;1;1;;;17;998
5;3;22;8;8305;;3;2;No inventariada;;14;7;1;999;;1;4;1;;;17;998
5;4;18;8;8305;;3;2;No inventariada;;14;7;1;999;;1;1;1;;;17;998
8;4;13;8;8279;;3;2;No inventariada;;14;9;1;999;;1;1;1;;;17;998
8;3;19;8;8279;;3;2;No inventariada;;14;2;2;1;;1;1;1;;;17;998
8;4;13;8;8279;;3;2;No inventariada;;14;4;1;999;;1;1;1;;;17;998
8;3;7;8;8279;;3;2;No inventariada;;14;2;2;2;;1;1;1;;;17;998
8;7;11;8;8279;;3;2;No inventariada;;14;9;1;999;;1;1;1;;;17;998
8;7;15;8;8279;;3;2;No inventariada;;14;2;1;999;;1;1;1;;;17;998
8;2;21;8;8156;;3;2;No inventariada;;14;2;1;999;;1;1;1;;;17;998
5;3;15;8;8305;;3;2;No inventariada;;14;4;1;999;;1;1;1;;;17;998
8;2;11;8;8279;;3;2;No inventariada;;14;4;1;999;;1;1;1;;;17;998
10;2;12;8;8121;;3;2;No inventariada;;14;4;1;999;;1;1;1;;;17;998
8;3;11;8;8279;;3;2;No inventariada;;14;2;2;1;;1;1;1;;;17;998
8;6;12;8;8279;;3;2;No inventariada;;14;6;2;1;;1;1;1;;;17;998
8;1;9;8;8279;;3;2;No inventariada;;14;2;1;999;;1;1;1;;;17;998
8;2;8;8;8279;;3;2;No inventariada;;14;7;2;2;;1;1;1;;;17;998
10;6;16;8;8075;;3;2;No inventariada;;14;20;1;999;;1;1;1;;;17;998
9;4;16;8;0;;3;2;No inventariada;;14;6;1;999;;1;1;1;;;999;998
9;3;17;8;8077;;1;1;C-32;63;3;2;1;999;;1;1;1;;;999;4
9;3;21;8;8056;;1;1;C-32;42,9;2;3;1;999;;1;6;1;;;999;4
9;4;18;8;8089;;1;1;C-234;0,9;6;4;1;999;;1;1;1;;;999;4
10;3;6;8;8245;;1;1;B-20;17,5;2;3;1;999;;1;1;1;;;999;4
10;4;7;8;8279;;1;1;C-16;21,5;2;2;1;999;;1;2;1;;;999;4
10;4;6;8;8238;;1;1;C-58;13;2;4;1;999;;1;6;1;;;999;4
10;4;7;8;8041;;1;1;C-17;24;3;4;1;999;;1;2;1;;;999;4
10;4;7;8;8124;;1;1;AP-7;138,8;2;4;1;999;;1;6;1;;;999;4
10;4;7;8;0;;1;1;AP-7;162;2;4;1;999;;1;5;1;;;999;4
10;4;9;8;8260;;1;1;B-140;3,9;6;9;1;999;;1;1;1;;;999;4
10;4;11;8;0;;1;1;C-25;123,1;3;19;1;999;;3;1;4;;;999;4
10;4;13;8;8138;;1;1;N-141c;30,9;6;1;1;999;;3;1;4;;;999;4
10;4;15;8;8278;;1;1;BV-5306;1,9;6;19;1;999;;3;1;1;;;999;4
10;4;16;8;8263;;2;2;BV-2005;1,5;6;7;1;999;;1;1;1;;;999;4
10;4;18;8;0;;1;1;C-55;17,2;6;4;1;999;;1;1;1;;;999;4
10;4;19;8;8172;;2;2;N-2;639;6;4;1;999;;1;2;1;;;999;4
10;4;20;8;8191;;1;1;C-25;142;3;4;1;999;;3;6;3;;;999;4
10;4;22;8;8086;;1;1;BV-5151;4,3;6;19;1;999;;1;1;1;;;17;4
10;4;22;8;8266;;1;1;C-58;8;2;19;1;999;;1;4;1;;;999;4
10;7;9;8;8200;;3;2;No inventariada;;14;2;2;4;;1;1;1;;;17;998
7;4;8;8;8217;;3;2;No inventariada;;14;7;2;2;;1;1;1;;;6;998
6;6;17;8;8305;;3;2;No inventariada;;14;7;2;2;;1;1;1;;;17;998
8;2;12;8;8217;;3;2;No inventariada;;14;2;2;1;;1;1;1;;;17;998
8;5;18;8;8217;;3;2;No inventariada;;14;7;1;999;;1;1;1;;;17;998
6;7;12;8;8305;;3;2;No inventariada;;14;9;2;2;;1;1;1;;;17;998
8;4;8;8;8217;;2;2;No inventariada;;14;4;1;999;;1;1;1;;;17;4
5;4;7;8;8029;;3;2;No inventariada;;14;4;2;;;1;1;1;;;17;998
6;7;5;8;8305;;3;2;No inventariada;;14;2;2;4;;1;4;1;;;17;998
9;5;19;8;8217;;3;2;No inventariada;;14;2;2;1;;1;1;1;;;17;998
9;5;8;8;8217;;3;2;No inventariada;;14;2;2;1;;1;1;1;;;17;998
8;1;18;8;8279;;2;2;C-1415a;16,4;14;9;1;999;;1;1;1;;;17;4
10;4;22;8;8298;;3;2;No inventariada;;14;4;2;4;;1;4;1;;;17;998
8;2;18;8;8279;;2;2;C-1415a;16,9;14;3;2;4;;1;1;1;;;17;4
9;4;12;8;8217;;2;2;No inventariada;;14;4;2;4;;3;1;4;;;17;4
8;4;11;8;8279;;3;2;No inventariada;;14;4;1;999;;1;1;1;;;17;998
10;1;7;8;8121;;3;2;No inventariada;;14;2;2;4;;1;1;1;;;17;998
9;4;17;8;8217;;2;2;No inventariada;;14;4;1;999;;1;1;1;;;17;4
10;3;15;8;8121;;3;2;No inventariada;;14;6;1;999;;1;1;1;;;17;998
9;7;11;8;8217;;2;2;No inventariada;;14;9;1;999;;3;1;3;;;17;4
9;4;18;8;8217;;3;2;No inventariada;;14;2;2;2;;1;1;1;;;17;998
6;2;6;8;8305;;3;2;No inventariada;;14;9;1;999;;3;1;3;;;17;998
8;3;21;8;8279;;3;2;No inventariada;;14;3;2;1;;1;4;1;;;17;998
9;1;14;8;8217;;2;2;No inventariada;;14;4;1;999;;1;1;1;;;17;4
10;3;14;8;8096;;3;2;No inventariada;;14;9;1;999;;1;1;1;;;17;998
10;2;8;8;8217;;3;2;No inventariada;;14;9;2;1;;3;1;1;;;17;998
6;2;13;8;8305;;3;2;No inventariada;;14;7;1;999;;3;1;3;;;17;998
10;5;13;8;8073;;3;2;No inventariada;;14;9;2;2;;8;1;1;;;17;998
9;5;18;8;8200;;1;1;C-32;53;2;6;2;;;1;1;1;;;999;4
10;4;12;8;8113;;1;1;C-55;31;3;19;1;999;;3;1;4;;;999;4
10;4;16;8;8205;;1;1;C-16;13,3;2;4;2;;;1;1;1;;;999;4
10;5;7;8;8270;;1;1;C-31;163,7;6;9;1;999;;1;1;1;;;999;4
10;5;13;8;0;;1;1;C-16;113,7;6;4;1;999;;3;1;3;;;999;4
10;5;14;8;8251;;1;1;AP-7;200,9;2;4;1;999;;1;1;1;;;999;4
10;5;14;8;8073;;1;1;C-32;60,5;3;9;1;999;;1;1;1;;;999;4
10;5;16;8;0;;1;1;BV-4601;2,9;6;19;2;2;;1;1;1;;;999;4
10;5;15;8;8184;;1;1;BP-1503;19,3;6;4;2;2;;1;1;1;;;999;4
10;5;16;8;8205;;1;1;BP-1417;5,9;6;9;1;999;;1;1;1;;;999;4
10;5;22;8;8307;;1;1;C-15;2,5;3;2;2;4;;1;4;1;;;999;4
10;2;14;8;8217;;3;2;No inventariada;;14;2;1;999;;1;1;1;;;17;998
10;1;16;8;8217;;3;2;No inventariada;;14;2;2;1;;1;1;1;;;17;998
10;4;18;8;8217;;3;2;No inventariada;;14;3;2;4;;1;1;1;;;17;998
10;2;19;8;8015;;3;2;No inventariada;;14;7;2;2;;1;4;1;;;17;998
10;6;18;8;8073;;3;2;No inventariada;;14;9;2;4;;8;1;1;;;17;998
10;5;23;8;8015;;3;2;No inventariada;;14;9;2;2;;1;5;1;;;17;998
6;3;14;8;8194;;3;2;No inventariada;;14;3;1;999;;1;1;1;;;17;998
6;3;13;8;8194;;3;2;No inventariada;;14;9;1;999;;1;1;1;;;17;998
6;4;19;8;8194;;3;2;No inventariada;;14;2;2;1;;1;1;1;;;17;998
6;5;2;8;8194;;3;2;No inventariada;;14;6;1;999;;1;4;1;;;17;998
6;2;15;8;8194;;3;2;No inventariada;;14;7;1;999;;1;1;1;;;17;998
6;1;12;8;8194;;3;2;No inventariada;;14;9;1;999;;1;1;1;;;17;998
10;3;13;8;8088;;1;1;C-17;31,5;3;3;1;999;;1;1;1;;;999;4
10;5;10;8;8125;;1;1;BV-5011;7,5;6;9;1;999;;1;1;1;;;999;4
10;5;13;8;8208;;1;1;B-224;19,5;6;4;2;2;;1;1;1;;;999;4