MES;DIA_SEMANA;HORA;COD_PROVINCIA;COD_MUNICIPIO;ISLA;ZONA;ZONA_AGRUPADA;CARRETERA;KM;TIPO_VIA;TIPO_ACCIDENTE;NUDO;NUDO_INFO;CARRETERA_CRUCE;CONDICION_FIRME;CONDICION_ILUMINACION;CONDICION_METEO;CONDICION_NIEBLA;CONDICION_VIENTO;VISIB_RESTRINGIDA_POR;TRAZADO_PLANTA
10;6;5;8;8167;;1;1;B-142;1,4;6;4;1;999;;1;6;1;;;999;4
10;6;4;8;0;;1;1;No inventariada;161;6;4;2;;B-23;1;6;1;;;999;4
10;6;8;8;0;;1;1;B-220;12;6;9;1;999;;1;1;1;;;999;4
10;6;10;8;8187;;1;1;C-58;11;2;4;2;4;;1;1;1;;;999;4
10;6;10;8;8019;;1;1;C-58;0,6;6;4;1;999;;1;1;1;;;999;4
10;6;14;8;8252;;1;1;B-30;10,9;2;4;1;999;;1;1;1;;;999;4
10;6;14;8;8270;;1;1;C-31;176,5;6;4;2;4;;1;1;1;;;999;4
10;6;15;8;8096;;1;1;C-17;21;3;20;1;999;;1;1;1;;;999;4
10;6;17;8;8213;;1;1;C-16C;1;6;9;1;999;;1;1;1;;;999;4
9;7;20;8;8135;;3;2;No inventariada;;14;3;1;999;;1;4;1;;;17;998
10;7;13;8;8073;;3;2;No inventariada;;14;9;1;999;;1;1;1;;;17;998
8;2;17;8;8266;;3;2;No inventariada;;14;2;2;4;;1;1;1;;;17;998
8;5;1;8;8266;;3;2;No inventariada;;14;9;2;2;;8;4;1;;;17;998
7;3;13;8;8194;;3;2;No inventariada;;14;2;1;999;;8;1;1;;;17;998
8;5;13;8;8266;;3;2;No inventariada;;14;2;1;999;;1;1;1;;;17;998
8;5;15;8;8266;;3;2;No inventariada;;14;4;2;2;;1;1;1;;;17;998
8;1;11;8;8266;;3;2;No inventariada;;14;9;1;999;;8;1;1;;;17;998
7;2;21;8;8194;;3;2;No inventariada;;14;9;1;999;;1;4;1;;;17;998
9;1;9;8;8266;;3;2;No inventariada;;14;7;2;4;;1;1;1;;;17;998
8;4;22;8;8266;;3;2;No inventariada;;14;2;2;1;;1;4;1;;;17;998
7;3;16;8;8194;;3;2;No inventariada;;14;9;1;999;;1;1;1;;;17;998
8;2;13;8;8266;;3;2;No inventariada;;14;2;2;2;;1;1;1;;;17;998
8;2;16;8;8266;;3;2;No inventariada;;14;6;2;1;;1;1;1;;;17;998
9;2;14;8;8266;;3;2;No inventariada;;14;9;2;2;;3;1;3;;;17;998
9;6;2;8;8266;;3;2;No inventariada;;14;6;1;999;;3;4;4;;;17;998
9;4;21;8;8051;;2;2;B-124;6,5;14;4;1;999;;1;4;1;;;1;1
9;4;17;8;8096;;3;2;No inventariada;;14;4;1;999;;1;1;1;;;1;998
10;7;23;8;8279;;3;2;No inventariada;;14;6;1;999;;1;1;1;;;17;998
10;5;19;8;8187;;3;2;No inventariada;;14;20;1;999;;1;1;1;;;17;998
10;6;22;8;8101;;3;2;No inventariada;;14;20;1;999;;1;1;1;;;17;998
9;1;2;8;8266;;3;2;No inventariada;;14;19;2;1;;1;4;1;;;17;998
9;2;19;8;8056;;1;1;C-32;47;2;9;2;2;;3;5;3;;;999;4
9;2;23;8;8200;;1;1;B-204;3,5;6;4;2;;;3;5;3;;;999;4
4;6;10;8;8046;;3;2;No inventariada;;14;2;1;999;;1;1;1;;;17;998
10;3;2;8;0;;1;1;A-2;560;3;19;1;999;;1;6;1;;;999;4
10;5;9;8;0;;1;1;N-2a;556;6;3;2;4;;1;1;1;;;999;4
10;6;11;8;0;;1;1;C-37;45,2;6;2;2;2;;1;1;1;;;17;1
10;7;6;8;0;;1;1;N-141c;45,5;6;19;1;999;;1;6;1;;;999;4
10;7;9;8;8267;;1;1;No inventariada;31,5;6;9;1;999;;1;1;1;;;999;4
10;7;10;8;0;;1;1;BV-4241;6;6;9;1;999;;1;1;1;;;999;4
10;7;9;8;8231;;1;1;C-15B;0,3;6;4;2;4;;1;1;1;;;999;4
10;7;11;8;8051;;1;1;B-124;14,1;6;3;1;999;;1;1;1;;;999;4
10;7;12;8;8279;;1;1;No inventariada;12,1;6;9;1;999;;1;1;1;;;999;4
10;7;12;8;0;;1;1;No inventariada;;6;19;1;999;;8;1;1;;;999;4
10;7;12;8;0;;1;1;A-2;572;3;4;2;;;1;1;1;;;999;4
10;7;14;8;0;;1;1;BV-2122;3,9;6;19;1;999;;1;1;1;;;999;4
10;7;13;8;8119;;1;1;B-224;15;6;1;2;2;;1;1;1;;;999;4
10;7;18;8;0;;1;1;BV-1031;12,3;6;19;1;999;;1;2;1;;;999;4
10;7;21;8;8291;;1;1;C-58;30,4;6;8;1;999;;1;5;1;;;999;4
10;1;2;8;8088;;1;1;BP-1432;32;6;19;2;4;;1;4;1;;;999;4
6;2;12;8;8305;;3;2;No inventariada;;14;4;2;4;;1;1;1;;;17;998
10;3;12;8;8102;;3;2;No inventariada;;14;2;2;1;;1;1;1;;;17;998
10;6;15;8;8102;;3;2;No inventariada;;14;2;2;1;;1;1;1;;;17;998
10;3;12;8;8245;;3;2;No inventariada;;14;4;1;999;;1;1;1;;;17;998
10;4;7;8;8245;;3;2;No inventariada;;14;4;2;2;;1;1;1;;;17;998
10;3;17;8;8121;;3;2;No inventariada;;14;2;2;4;;1;1;1;;;17;998
6;5;13;8;8305;;3;2;No inventariada;;14;2;2;2;;1;1;1;;;17;998
6;2;13;8;8305;;3;2;No inventariada;;14;9;1;999;;1;1;1;;;17;998
10;5;17;8;8089;;3;2;No inventariada;;14;2;2;1;;1;1;1;;;17;998
10;7;13;8;8089;;3;2;No inventariada;;14;2;2;2;;8;1;1;;;17;998
10;3;18;8;8015;;3;2;No inventariada;;14;4;2;2;;1;1;1;;;17;998
10;3;21;8;8015;;3;2;No inventariada;;14;2;2;1;;3;4;3;;;17;998
10;1;21;8;8015;;3;2;No inventariada;;14;4;2;1;;1;1;1;;;17;998
9;5;6;8;8101;;3;2;No inventariada;;14;9;1;999;;3;4;3;;;17;998
9;6;12;8;8101;;3;2;No inventariada;;14;3;1;999;;1;1;1;;;17;998
9;4;16;8;8015;;3;2;No inventariada;;14;2;2;2;;1;1;1;;;17;998
10;6;18;8;8200;;3;2;No inventariada;;14;7;1;999;;1;2;1;;;17;998
10;1;18;8;8101;;3;2;No inventariada;;14;2;1;999;;1;1;1;;;17;998
10;1;15;8;8101;;3;2;No inventariada;;14;7;1;999;;1;1;1;;;17;998
10;2;8;8;8101;;3;2;No inventariada;;14;9;1;999;;1;1;1;;;17;998
7;5;7;8;8200;;3;2;No inventariada;;14;9;1;999;;1;1;1;;;17;998
10;5;9;8;8200;;3;2;No inventariada;;14;7;2;1;;1;1;1;;;17;998
10;1;11;8;8200;;3;2;No inventariada;;14;19;2;4;;1;1;1;;;17;998
10;6;10;8;8096;;3;2;No inventariada;;14;7;2;2;;1;1;1;;;1;998
9;1;15;8;8077;;1;1;C-32;61,5;3;4;2;;;1;1;1;;;999;4
9;1;17;8;8157;;1;1;A-2;597,8;3;3;1;999;;1;1;1;;;999;4
10;2;13;8;8209;;1;1;BV-5001;11;6;1;1;999;;1;1;1;;;999;4
10;4;8;8;8205;;1;1;AP-7;157;2;4;1;999;;1;1;1;;;999;4
10;4;18;8;8284;;1;1;GI-600;2,9;6;4;1;999;;1;1;1;;;999;4
10;6;9;8;8118;;2;2;N-2;633,2;6;6;2;4;;1;1;1;;;999;4
10;6;10;8;8155;;1;1;C-32;130,5;2;4;2;2;;1;1;1;;;999;4
10;1;8;8;8187;;1;1;C-58;10,9;2;9;1;999;;1;1;1;;;999;4
10;1;7;8;8238;;1;1;C-58;13,5;2;3;1;999;;1;1;1;;;999;4
10;1;8;8;8263;;2;2;BV-2002;2,8;6;2;2;1;;1;1;1;;;999;4
10;1;13;8;0;;1;1;C-15;18,1;6;6;1;999;;1;1;1;;;999;4
10;1;14;8;0;;1;1;C-17;67,7;3;19;2;;;1;1;1;;;999;4
10;1;15;8;8218;;1;1;C-55;39;6;2;2;4;;1;1;1;;;999;4
10;1;23;8;8105;;1;1;C-33;84,5;2;9;1;999;;1;6;1;;;999;4
10;1;23;8;8291;;1;1;C-58;32,1;6;8;1;999;;1;6;1;;;999;4
10;1;15;8;8102;;3;2;No inventariada;;14;4;1;999;;1;1;1;;;17;998
5;3;19;8;8305;;3;2;No inventariada;;14;6;2;2;;1;1;1;;;17;998
10;5;14;8;8121;;3;2;No inventariada;;14;2;1;999;;1;1;1;;;17;998
9;5;11;8;8124;;3;2;No inventariada;;14;2;2;1;;1;1;1;;;17;998
6;5;11;8;8301;;3;2;No inventariada;;14;4;1;999;;1;1;1;;;17;998
6;4;18;8;8301;;3;2;No inventariada;;14;2;2;4;;1;1;1;;;17;998
9;6;21;8;8124;;3;2;No inventariada;;14;2;2;1;;3;4;3;;;17;998
9;1;15;8;8124;;3;2;No inventariada;;14;9;2;4;;1;1;1;;;17;998
3;5;8;8;8305;;3;2;No inventariada;;14;9;2;2;;1;1;1;;;17;998
6;5;23;8;8301;;2;2;C-245;7,4;14;3;2;2;;1;4;1;;;17;4
6;6;12;8;8301;;3;2;No inventariada;;14;7;2;1;;1;1;1;;;17;998
7;3;11;8;8301;;3;2;No inventariada;;14;4;2;4;;1;1;1;;;17;998
3;4;19;8;8305;;3;2;No inventariada;;14;7;1;999;;1;4;1;;;17;998
7;3;13;8;8301;;3;2;No inventariada;;14;4;2;4;;1;1;1;;;17;998
10;5;20;8;8089;;2;2;C-245;5,6;14;7;1;999;;1;1;1;;;17;4
7;6;9;8;8301;;3;2;No inventariada;;14;6;1;999;;1;1;1;;;17;998
10;1;9;8;8015;;3;2;No inventariada;;14;7;2;1;;1;1;1;;;17;998
3;7;11;8;8305;;3;2;No inventariada;;14;7;1;999;;1;1;1;;;17;998
7;4;7;8;8301;;3;2;No inventariada;;14;2;2;1;;1;1;1;;;17;998
7;5;12;8;8301;;3;2;No inventariada;;14;1;1;999;;1;1;1;;;17;998
2;1;18;8;8305;;3;2;No inventariada;;14;4;1;999;;1;4;1;;;17;998
8;5;3;8;8263;;2;2;BV-2005;1,6;14;19;1;999;;1;4;1;;;17;4
10;6;19;8;8298;;3;2;No inventariada;;14;4;1;999;;1;2;1;;;17;998
8;1;11;8;8263;;3;2;No inventariada;;14;7;1;999;;1;1;1;;;17;998
9;3;17;8;8073;;3;2;No inventariada;;14;2;1;999;;1;1;1;;;17;998
10;4;8;8;8245;;1;1;B-20;18,3;2;3;1;999;;1;1;1;;;999;4
10;6;9;8;0;;3;2;No inventariada;;14;2;2;2;;1;1;1;;;999;998
10;1;7;8;8181;;1;1;AP-7;127,2;2;3;1;999;;1;2;1;;;999;4
10;2;6;8;8211;;1;1;B-23;7,5;2;4;1;999;;1;4;1;;;999;4
10;2;8;8;8169;;1;1;C-31;192,5;3;4;1;999;;1;1;1;;;999;4
10;7;16;8;8259;;1;1;AP-7;112;2;4;1;999;;1;1;1;;;999;4
10;7;19;8;8205;;1;1;AP-7;158,5;2;3;1;999;;1;1;1;;;999;4
10;5;21;8;8054;;1;1;No inventariada;0,9;6;2;1;999;;1;6;1;;;999;4
10;6;20;8;8009;;1;1;C-32;97,3;2;4;2;;;1;4;1;;;999;4
10;1;12;8;8041;;4;2;C-352;25,5;3;2;2;4;;1;1;1;;;999;4
10;1;13;8;8211;;1;1;A-2;605;3;4;1;999;;1;1;1;;;999;4
10;1;16;8;8077;;1;1;C-32;62,4;3;4;1;999;;1;1;1;;;999;4
10;1;21;8;8279;;1;1;B-40;11,5;2;8;1;999;;1;5;1;;;999;4
10;2;4;8;8260;;1;1;B-140;7;6;4;1;999;;1;4;1;;;999;4
10;2;7;8;0;;1;1;C-59;27;6;19;1;999;;3;1;1;;;999;4
10;2;7;8;8205;;1;1;AP-7;160;2;4;1;999;;1;1;1;;;999;4
10;2;10;8;8074;;2;2;C-31;149,5;6;4;2;4;;1;1;1;;;999;4
10;2;16;8;8211;;1;1;B-23;7;2;9;1;999;;3;1;3;;;999;4
10;2;16;8;8301;;1;1;B-204;3,2;6;9;2;4;;8;1;1;;;999;4
10;2;18;8;0;;1;1;C-55;16,3;6;4;1;999;;1;1;1;;;999;4
10;2;20;8;8221;;1;1;BV-1468;11,5;6;19;1;999;;1;6;1;;;999;4
10;2;20;8;8073;;1;1;C-32;60,6;3;4;1;999;;1;4;1;;;999;4
10;3;0;8;8089;;1;1;C-31;183,7;3;6;1;999;;1;1;1;;;17;4
10;2;21;8;8121;;1;1;N-2;650,3;6;2;1;999;;1;1;1;;;17;4
10;1;18;8;8102;;3;2;No inventariada;;14;7;2;1;;1;1;1;;;17;998
10;2;11;8;8073;;3;2;No inventariada;;14;7;2;1;;1;1;1;;;17;998
2;4;17;8;8305;;3;2;No inventariada;;14;2;1;999;;1;1;1;;;17;998
1;1;17;8;8305;;3;2;No inventariada;;14;4;1;999;;1;1;1;;;17;998
1;6;12;8;8305;;3;2;No inventariada;;14;7;1;999;;1;1;1;;;17;998
9;3;9;8;8124;;3;2;No inventariada;;14;9;2;2;;1;1;1;;;17;998
10;1;9;8;8121;;3;2;No inventariada;;14;2;1;999;;1;1;1;;;17;998
1;2;20;8;8305;;3;2;No inventariada;;14;2;2;2;;1;4;1;;;17;998
10;6;15;8;8124;;3;2;No inventariada;;14;4;1;999;;3;1;3;;;17;998
10;4;17;8;8124;;3;2;No inventariada;;14;2;2;1;;1;1;1;;;17;998
7;2;18;8;8301;;3;2;No inventariada;;14;7;2;2;;1;1;1;;;17;998
7;3;17;8;8301;;2;2;BV-2003;7,3;14;3;2;1;;1;1;1;;;17;4
10;1;13;8;8124;;3;2;No inventariada;;14;6;1;999;;1;1;1;;;17;998
7;4;8;8;8301;;3;2;No inventariada;;14;4;1;999;;1;1;1;;;17;998
10;5;21;8;8124;;3;2;No inventariada;;14;7;2;2;;1;4;1;;;17;998
7;7;21;8;8301;;3;2;No inventariada;;14;7;1;999;;1;2;1;;;17;998
10;2;22;8;8102;;3;2;No inventariada;;14;2;2;1;;1;4;1;;;17;998
10;4;7;8;8121;;3;2;No inventariada;;14;9;2;4;;8;1;1;;;17;998
10;3;21;8;8101;;3;2;No inventariada;;14;3;2;4;;1;5;1;;;17;998
9;3;15;8;8101;;3;2;No inventariada;;14;4;1;999;;1;1;1;;;17;998
9;1;17;8;8101;;3;2;No inventariada;;14;9;2;2;;1;1;1;;;17;998
7;2;18;8;8101;;3;2;No inventariada;;14;9;1;999;;1;1;1;;;17;998
10;2;13;8;8101;;3;2;No inventariada;;14;3;2;1;;1;1;1;;;17;998
9;6;20;8;8101;;3;2;No inventariada;;14;4;2;1;;3;4;3;;;17;998
10;3;9;8;8101;;3;2;No inventariada;;14;9;1;999;;1;1;1;;;17;998
9;7;13;8;8101;;3;2;No inventariada;;14;3;2;4;;1;1;1;;;17;998
10;4;14;8;8101;;3;2;No inventariada;;14;2;1;999;;1;1;1;;;17;998
9;1;11;8;8101;;3;2;No inventariada;;14;3;2;4;;1;1;1;;;17;998
9;6;13;8;8101;;3;2;No inventariada;;14;4;1;999;;1;1;1;;;17;998
8;1;13;8;8101;;3;2;No inventariada;;14;9;1;999;;1;1;1;;;17;998
8;5;22;8;8101;;3;2;No inventariada;;14;3;2;2;;1;4;1;;;17;998
10;2;7;8;8009;;1;1;C-32;99,9;2;19;1;999;;1;4;1;;;999;4
10;2;9;8;8015;;1;1;C-31;211,5;2;4;1;999;;1;1;1;;;999;4
10;2;10;8;8205;;1;1;BP-1417;9,5;6;1;2;2;;1;1;1;;;999;4
10;2;19;8;8183;;3;2;No inventariada;;14;19;2;;;1;4;1;;;999;998
10;3;6;8;8295;;1;1;N-340;1229;6;8;1;999;;1;6;1;;;999;4
10;3;8;8;8307;;1;1;BV-2115;1,5;6;2;2;2;;1;1;1;;;999;4
10;3;9;8;8205;;1;1;AP-7;160;2;6;1;999;;1;1;1;;;999;4
10;3;10;8;8217;;1;1;B-23;4,9;2;3;1;999;;1;1;1;;;999;4
10;3;12;8;0;;3;2;No inventariada;;14;2;1;999;;1;1;1;;;999;998
10;3;13;8;8200;;1;1;C-245;11,5;6;4;1;999;;1;1;1;;;999;4
10;3;13;8;0;;1;1;BV-5301;17,8;6;4;1;999;;1;1;1;;;999;4
10;3;15;8;8091;;1;1;AP-7;176,5;2;4;2;;;1;1;1;;;999;4
10;3;15;8;8001;;1;1;B-40;0,2;2;9;2;2;;1;1;1;;;17;2
10;3;18;8;8205;;1;1;BP-1417;6,6;6;4;1;999;;1;5;1;;;999;4
10;4;18;8;8169;;3;2;No inventariada;;14;4;1;999;;1;2;1;;;17;998
9;2;6;8;8200;;3;2;No inventariada;;14;3;2;4;;1;4;1;;;17;998
7;2;6;8;8301;;3;2;No inventariada;;14;2;2;4;;1;2;1;;;17;998
10;4;15;8;8169;;3;2;No inventariada;;14;3;2;2;;1;1;1;;;17;998
7;6;13;8;8301;;3;2;No inventariada;;14;7;2;4;;1;1;1;;;17;998
10;1;18;8;8169;;3;2;No inventariada;;14;20;1;999;;1;1;1;;;17;998
7;6;13;8;8301;;3;2;No inventariada;;14;2;2;2;;1;1;1;;;17;998
9;7;23;8;8124;;3;2;No inventariada;;14;9;1;999;;1;4;1;;;17;998
10;6;18;8;8121;;3;2;No inventariada;;14;7;1;999;;1;1;1;;;17;998
10;1;16;8;8169;;3;2;No inventariada;;14;7;1;999;;1;1;1;;;17;998
7;1;15;8;8301;;3;2;No inventariada;;14;2;2;1;;1;1;1;;;17;998
8;5;18;8;8301;;3;2;No inventariada;;14;9;2;4;;1;1;1;;;17;998
8;5;9;8;8301;;3;2;No inventariada;;14;9;1;999;;1;1;1;;;17;998
10;2;19;8;8200;;3;2;No inventariada;;14;2;2;1;;1;4;1;;;17;998
10;2;14;8;8121;;3;2;No inventariada;;14;3;2;2;;1;1;1;;;17;998
8;6;9;8;8301;;2;2;C-245;7,4;14;2;2;1;;1;1;1;;;17;4
5;1;12;8;8245;;3;2;No inventariada;;14;2;2;2;;1;1;1;;;17;998
8;2;11;8;8301;;3;2;No inventariada;;14;9;2;4;;8;1;1;;;17;998
8;4;13;8;8301;;3;2;No inventariada;;14;2;2;2;;1;1;1;;;17;998
10;2;18;8;8200;;3;2;No inventariada;;14;9;2;4;;8;1;1;;;17;998
8;5;9;8;8301;;3;2;No inventariada;;14;2;2;1;;1;1;1;;;17;998
8;3;22;8;8156;;3;2;No inventariada;;14;2;2;2;;1;4;1;;;17;998
10;4;21;8;8101;;3;2;No inventariada;;14;2;2;1;;1;4;1;;;17;998
9;2;8;8;8101;;3;2;No inventariada;;14;7;1;999;;1;1;1;;;17;998
8;3;3;8;8101;;3;2;No inventariada;;14;2;2;4;;1;4;1;;;17;998
10;5;20;8;8101;;3;2;No inventariada;;14;7;1;999;;1;2;1;;;17;998
9;4;18;8;8101;;3;2;No inventariada;;14;3;1;999;;1;1;1;;;17;998
10;2;22;8;8101;;3;2;No inventariada;;14;2;2;4;;1;4;1;;;17;998
10;2;17;8;8101;;3;2;No inventariada;;14;7;1;999;;1;1;1;;;17;998
9;4;10;8;8101;;3;2;No inventariada;;14;4;1;999;;1;1;1;;;17;998
9;6;8;8;8101;;3;2;No inventariada;;14;6;1;999;;1;1;1;;;17;998
9;4;8;8;8101;;3;2;No inventariada;;14;2;2;4;;1;1;1;;;17;998
9;7;13;8;8101;;3;2;No inventariada;;14;3;1;999;;1;1;1;;;17;998
9;5;12;8;8101;;3;2;No inventariada;;14;7;1;999;;1;1;1;;;17;998
8;5;11;8;8101;;3;2;No inventariada;;14;20;1;999;;1;1;1;;;17;998
9;5;6;8;8101;;3;2;No inventariada;;14;9;1;999;;3;1;4;;;17;998
10;2;18;8;8101;;3;2;No inventariada;;14;1;1;999;;1;1;1;;;17;998
10;4;14;8;8101;;3;2;No inventariada;;14;3;1;999;;1;1;1;;;17;998
9;7;1;8;8101;;3;2;No inventariada;;14;9;1;999;;1;4;1;;;17;998
9;1;14;8;8101;;3;2;No inventariada;;14;3;1;999;;1;1;1;;;17;998
9;2;13;8;8101;;3;2;No inventariada;;14;2;2;1;;1;1;1;;;17;998
9;5;17;8;8101;;3;2;No inventariada;;14;4;1;999;;1;1;1;;;17;998
9;1;12;8;8101;;3;2;No inventariada;;14;4;1;999;;1;1;1;;;17;998
9;2;9;8;8101;;3;2;No inventariada;;14;9;1;999;;1;1;1;;;17;998
10;2;13;8;8035;;3;2;No inventariada;;14;20;1;999;;1;1;1;;;17;998
10;4;18;8;0;;1;1;C-55;17,2;6;4;1;999;;1;1;1;;;999;4
10;1;9;8;8194;;1;1;B-10;3,8;3;3;1;999;;1;1;1;;;999;4
10;2;9;8;8279;;1;1;No inventariada;12,7;6;19;1;999;;1;1;1;;;999;4
10;2;9;8;8300;;1;1;B-245;0,9;6;2;1;999;;1;1;1;;;999;4
10;3;7;8;8029;;1;1;C-32;97,2;2;4;1;999;;1;1;1;;;999;4
10;3;16;8;8003;;1;1;C-32;85,8;2;3;1;999;;1;1;1;;;999;4
10;4;6;8;8200;;1;1;C-31C;1,4;3;9;1;999;;1;5;1;;;999;4
10;4;7;8;8091;;1;1;AP-7;176,5;2;4;1;999;;1;2;1;;;999;4
10;4;13;8;8231;;1;1;BV-2113;2,3;6;4;2;;;1;1;1;;;999;4
10;4;13;8;8231;;1;1;C-15;4,1;3;4;1;999;;1;1;1;;;999;4
10;4;16;8;0;;3;2;No inventariada;;14;2;2;2;;1;1;1;;;999;998
10;4;16;8;8187;;1;1;C-58;10,9;2;4;2;4;;1;1;1;;;999;4
10;4;17;8;8124;;1;1;C-17;12;3;9;2;;;8;1;1;;;999;4
10;4;17;8;8244;;1;1;BV-2002;5,2;6;3;1;999;;1;1;1;;;999;4
10;4;17;8;8101;;1;1;C-31;198,1;3;4;1;999;;1;1;1;;;999;4
10;4;15;8;8067;;3;2;No inventariada;;14;7;1;999;;1;1;1;;;17;998
10;4;21;8;8270;;1;1;C-31;165,3;6;9;1;999;;1;6;1;;;999;4
10;2;7;8;8073;;3;2;No inventariada;;14;9;1;999;;1;1;1;;;17;998
8;2;14;8;8301;;3;2;No inventariada;;14;2;2;4;;1;1;1;;;17;998
8;3;18;8;8301;;3;2;No inventariada;;14;2;2;2;;1;1;1;;;17;998
9;4;10;8;8301;;3;2;No inventariada;;14;4;1;999;;1;1;1;;;17;998
9;5;12;8;8301;;3;2;No inventariada;;14;4;2;1;;8;1;3;;;17;998
9;7;13;8;8301;;3;2;No inventariada;;14;9;1;999;;1;1;1;;;17;998
9;3;7;8;8301;;3;2;No inventariada;;14;2;2;2;;1;1;1;;;17;998
9;3;18;8;8301;;3;2;No inventariada;;14;4;2;4;;3;1;3;;;17;998
10;2;23;8;8121;;3;2;No inventariada;;14;2;2;2;;1;4;1;;;17;998
10;2;16;8;8301;;3;2;No inventariada;;14;2;2;2;;1;1;1;;;17;998
9;7;8;8;8301;;3;2;No inventariada;;14;6;2;4;;3;1;3;;;17;998
9;1;14;8;8301;;1;1;No inventariada;;6;2;1;999;;3;1;4;;;17;4
10;2;19;8;8245;;2;2;BV-5001;0,9;14;9;1;999;;3;4;1;;;17;4
9;2;9;8;8301;;3;2;No inventariada;;14;3;1;999;;1;1;1;;;17;998
10;4;14;8;8245;;2;2;BV-5001;0,9;14;2;1;999;;1;1;1;;;17;4
9;4;16;8;8301;;3;2;No inventariada;;14;1;2;2;;1;1;1;;;17;998
10;4;7;8;8121;;3;2;No inventariada;;14;7;2;1;;1;1;1;;;17;998
7;4;7;8;8305;;3;2;No inventariada;;14;7;1;999;;1;1;1;;;17;998
8;4;12;8;8263;;3;2;No inventariada;;14;7;1;999;;1;1;1;;;17;998
9;1;11;8;8181;;3;2;No inventariada;;14;7;1;999;;1;1;1;;;17;998
10;6;20;8;8101;;3;2;No inventariada;;14;9;1;999;;1;2;1;;;17;998
10;6;18;8;8101;;3;2;No inventariada;;14;2;1;999;;1;1;1;;;17;998
8;1;10;8;8101;;3;2;No inventariada;;14;6;1;999;;1;1;1;;;17;998
10;7;21;8;8101;;3;2;No inventariada;;14;4;1;999;;1;4;1;;;17;998
10;4;13;8;8101;;3;2;No inventariada;;14;9;1;999;;1;1;1;;;17;998
9;2;23;8;8101;;3;2;No inventariada;;14;2;2;4;;1;4;1;;;17;998
8;6;13;8;8101;;3;2;No inventariada;;14;9;2;1;;1;1;1;;;17;998
8;3;11;8;8101;;3;2;No inventariada;;14;9;1;999;;1;1;1;;;17;998
9;6;18;8;8101;;3;2;No inventariada;;14;2;1;999;;1;1;1;;;17;998
8;1;7;8;8101;;3;2;No inventariada;;14;2;2;1;;1;1;1;;;17;998
10;2;18;8;8101;;3;2;No inventariada;;14;9;2;4;;1;1;1;;;17;998
8;4;23;8;8101;;3;2;No inventariada;;14;9;1;999;;1;4;1;;;17;998
7;6;23;8;8101;;3;2;No inventariada;;14;9;1;999;;1;1;1;;;17;998
7;3;21;8;8101;;3;2;No inventariada;;14;6;1;999;;1;1;1;;;17;998
8;4;18;8;8101;;3;2;No inventariada;;14;9;1;999;;1;1;1;;;17;998
9;5;7;8;8101;;3;2;No inventariada;;14;9;1;999;;1;1;1;;;17;998
10;6;13;8;8101;;3;2;No inventariada;;14;6;2;4;;1;1;1;;;17;998
10;6;21;8;8101;;3;2;No inventariada;;14;9;2;2;;1;4;1;;;17;998
10;4;14;8;8101;;3;2;No inventariada;;14;9;1;999;;1;1;1;;;17;998
9;6;22;8;8101;;3;2;No inventariada;;14;9;1;999;;1;4;1;;;17;998
9;2;19;8;8101;;3;2;No inventariada;;14;9;1;999;;1;1;1;;;17;998
9;3;8;8;8101;;3;2;No inventariada;;14;6;1;999;;1;1;1;;;17;998
9;5;22;8;8101;;3;2;No inventariada;;14;6;2;4;;1;4;1;;;17;998
9;1;7;8;8101;;3;2;No inventariada;;14;9;1;999;;1;1;1;;;17;998
8;1;8;8;8101;;3;2;No inventariada;;14;6;1;999;;1;1;1;;;17;998
8;3;12;8;8101;;3;2;No inventariada;;14;6;1;999;;1;1;1;;;17;998
9;7;22;8;8101;;3;2;No inventariada;;14;9;1;999;;1;4;1;;;17;998
9;1;20;8;8101;;3;2;No inventariada;;14;9;1;999;;1;2;1;;;17;998
9;4;17;8;8101;;3;2;No inventariada;;14;9;2;1;;1;1;1;;;17;998
9;5;9;8;8101;;3;2;No inventariada;;14;9;2;1;;1;4;1;;;17;998
9;1;23;8;8101;;3;2;No inventariada;;14;9;1;999;;1;4;1;;;17;998
9;4;13;8;8101;;3;2;No inventariada;;14;9;1;999;;1;1;1;;;17;998
10;5;15;8;8101;;3;2;No inventariada;;14;9;1;999;;1;1;1;;;17;998
10;6;16;8;8101;;3;2;No inventariada;;14;9;1;999;;1;1;1;;;17;998
10;2;17;8;8101;;3;2;No inventariada;;14;9;1;999;;1;1;1;;;17;998
10;5;16;8;0;;1;1;AP-7;173,3;2;4;1;999;;1;1;1;;;999;4
10;7;23;8;8051;;1;1;B-124;4,1;6;4;1;999;;1;4;1;;;999;4
10;2;8;8;8169;;1;1;B-20;1,2;2;4;1;999;;1;1;1;;;999;4