MES;DIA_SEMANA;HORA;COD_PROVINCIA;COD_MUNICIPIO;ISLA;ZONA;ZONA_AGRUPADA;CARRETERA;KM;TIPO_VIA;TIPO_ACCIDENTE;NUDO;NUDO_INFO;CARRETERA_CRUCE;CONDICION_FIRME;CONDICION_ILUMINACION;CONDICION_METEO;CONDICION_NIEBLA;CONDICION_VIENTO;VISIB_RESTRINGIDA_POR;TRAZADO_PLANTA
10;2;15;8;0;;1;1;A-2;569;3;19;1;999;;1;1;1;;;999;4
10;4;12;8;8172;;2;2;N-2;638,6;6;9;2;4;;1;1;1;;;999;4
10;4;17;8;8245;;1;1;B-20;18;2;4;1;999;;1;1;1;;;999;4
10;5;7;8;8073;;1;1;A-2;610;3;3;2;;;1;1;1;;;999;4
10;5;7;8;8301;;1;1;C-32;52,5;2;4;1;999;;1;6;1;;;999;4
10;5;15;8;8092;;3;2;No inventariada;;14;7;1;999;;1;1;1;;;999;998
10;5;15;8;8113;;1;1;C-55;35;6;19;1;999;;1;1;1;;;999;4
10;5;15;8;8260;;1;1;C-59;3,3;3;4;2;4;;3;1;3;;;999;4
10;5;16;8;0;;1;1;C-16;109,5;6;19;1;999;;1;1;1;;;999;4
10;5;22;8;8238;;1;1;C-16;16,9;2;19;1;999;;3;6;1;;;999;4
10;5;21;8;8279;;1;1;B-122;2,5;6;20;1;999;;3;6;1;;;999;4
10;5;22;8;8902;;1;1;BV-5159;4,5;6;19;1;999;;3;6;1;;;999;4
10;6;2;8;8001;;1;1;C-55;1,5;6;6;1;999;;3;6;4;;;999;4
10;2;8;8;8191;;3;2;No inventariada;;14;7;1;999;;1;1;1;;;17;998
10;2;8;8;8019;;1;1;C-33;78;2;4;1;999;;1;1;1;;;999;4
10;5;18;8;8051;;1;1;B-124;10,2;6;2;1;999;;3;2;3;;;999;4
10;5;20;8;8260;;1;1;C-59;3,4;3;19;2;;;3;2;3;;;999;4
10;6;8;8;8125;;1;1;C-58;2,5;2;19;1;999;;3;1;4;;;999;4
10;6;7;8;8230;;1;1;C-32;90,2;2;4;1;999;;3;1;4;;;999;4
10;6;8;8;8230;;1;1;C-32;90,1;2;4;1;999;;3;5;4;;;999;4
10;6;8;8;8205;;1;1;AP-7;156,2;2;2;1;999;;3;1;3;;;999;4
10;6;9;8;8270;;1;1;C-31;170,8;6;19;1;999;;3;1;3;;;999;4
10;6;11;8;8006;;1;1;C-32;110,9;2;19;1;999;;3;1;4;;;999;4
10;6;12;8;8001;;1;1;A-2;585,1;3;1;1;999;;3;1;1;;;999;4
10;6;13;8;8300;;1;1;C-58;26,5;6;19;1;999;;3;1;1;;;999;4
10;6;16;8;0;;1;1;N-340;1223;6;6;1;999;;3;1;3;;;999;4
10;6;18;8;8101;;1;1;C-31;198,2;3;4;1;999;;3;1;3;;;999;4
10;6;19;8;8205;;1;1;BP-1417;6,8;6;1;1;999;;3;5;3;;;999;4
10;6;18;8;8001;;1;1;BV-1201;5,9;6;1;1;999;;3;6;3;;;999;4
10;6;20;8;8001;;1;1;A-2;582,1;3;6;1;999;;3;6;3;;;999;4
10;6;20;8;8107;;1;1;C-17;20,7;3;20;1;999;;3;6;3;;;999;4
10;6;21;8;8107;;1;1;C-17;20,8;3;2;1;999;;3;6;1;;;999;4
10;6;18;8;8113;;1;1;C-55;26,4;6;1;2;;;3;2;1;;;999;4
10;6;23;8;8251;;1;1;AP-7;200,5;2;6;1;999;;1;5;1;;;999;4
10;7;3;8;8089;;1;1;C-32;49;2;4;1;999;;3;4;3;;;999;4
10;5;17;8;8073;;3;2;No inventariada;;14;9;1;999;;1;1;1;;;17;998
10;6;14;8;8298;;3;2;No inventariada;;14;2;1;999;;3;1;3;;;17;998
10;5;13;8;8298;;3;2;No inventariada;;14;2;1;999;;1;1;1;;;17;998
10;2;22;8;8015;;3;2;No inventariada;;14;2;2;1;;1;4;1;;;17;998
10;1;14;8;8015;;3;2;No inventariada;;14;2;2;1;;1;1;1;;;17;998
10;7;11;8;8298;;3;2;No inventariada;;14;9;1;999;;1;1;1;;;17;998
10;6;14;8;8200;;3;2;No inventariada;;14;9;1;999;;1;1;1;;;17;998
10;4;9;8;8200;;3;2;No inventariada;;14;7;2;4;;1;1;1;;;17;998
10;2;9;8;8200;;3;2;No inventariada;;14;2;2;4;;1;1;1;;;17;998
9;3;10;8;8113;;3;2;No inventariada;;14;7;2;1;;1;1;1;;;1;998
10;7;11;8;8298;;3;2;No inventariada;;14;7;1;999;;1;1;1;;;17;998
10;5;10;8;8075;;3;2;No inventariada;;14;20;1;999;;1;1;1;;;17;998
10;1;13;8;0;;3;2;No inventariada;;14;7;1;999;;1;1;1;;;999;998
10;5;6;8;8124;;1;1;AP-7;140,5;2;3;1;999;;1;5;1;;;999;4
10;6;11;8;8266;;1;1;B-30;7,4;2;19;1;999;;3;1;3;;;999;4
10;6;17;8;0;;1;1;C-17;36,3;3;19;1;999;;3;1;3;;;999;4
10;6;17;8;8291;;1;1;C-16;33,7;2;3;1;999;;3;1;1;;;999;4
10;6;18;8;8096;;1;1;AP-7;131,2;2;2;1;999;;3;2;1;;;999;4
10;7;6;8;8006;;1;1;C-32;110,9;2;19;1;999;;3;1;4;;;999;4
10;7;10;8;0;;3;2;No inventariada;;14;2;2;1;;1;1;1;;;999;998
10;7;11;8;8077;;1;1;C-32;62,2;3;9;1;999;;3;1;4;;;999;4
10;7;12;8;0;;1;1;C-244;15,5;6;7;1;999;;3;1;3;;;999;4
10;7;13;8;8135;;1;1;C-33;89;2;20;1;999;;1;1;1;;;999;4
10;7;13;8;8270;;1;1;C-32;30,6;2;2;1;999;;3;1;4;;;999;4
10;7;13;8;8194;;1;1;B-10;3,8;3;4;1;999;;3;1;3;;;999;4
10;7;15;8;0;;1;1;C-16;41,2;2;19;1;999;;3;1;3;;;999;4
10;7;16;8;8076;;1;1;C-1414;2;6;6;1;999;;3;1;4;;;999;4
10;7;19;8;0;;1;1;No inventariada;0,7;6;6;2;;;3;6;1;;;999;4
10;7;17;8;0;;1;1;C-55;19,5;6;4;1;999;;3;1;1;;;999;4
10;7;18;8;8136;;1;1;AP-7;134,6;2;4;1;999;;1;4;1;;;999;4
10;7;18;8;0;;1;1;N-340;1222;6;1;1;999;;3;5;3;;;999;4
10;7;18;8;0;;3;2;No inventariada;;14;19;1;999;;1;1;1;;;999;998
10;7;21;8;8124;;1;1;C-59;0,4;6;4;2;;;1;5;1;;;999;4
10;7;23;8;0;;1;1;C-244;6,3;6;19;1;999;;3;6;1;;;999;4
10;2;13;8;8102;;3;2;No inventariada;;14;2;2;4;;1;1;1;;;17;998
10;3;11;8;8301;;2;2;C-245;7,4;14;2;2;4;;1;1;1;;;17;4
10;3;10;8;8211;;3;2;No inventariada;;14;3;2;1;;1;1;1;;;17;998
10;3;6;8;8200;;3;2;No inventariada;;14;7;2;1;;1;4;1;;;17;998
7;7;18;8;8305;;3;2;No inventariada;;14;7;1;999;;1;1;1;;;17;998
10;4;12;8;8301;;3;2;No inventariada;;14;2;2;4;;1;1;1;;;17;998
7;1;6;8;8305;;3;2;No inventariada;;14;7;1;999;;1;1;1;;;17;998
10;5;14;8;8121;;3;2;No inventariada;;14;2;2;2;;1;1;1;;;17;998
7;4;17;8;8305;;3;2;No inventariada;;14;4;1;999;;1;1;1;;;17;998
10;1;6;8;8211;;3;2;No inventariada;;14;2;2;4;;1;2;1;1;;17;998
7;6;14;8;8305;;3;2;No inventariada;;14;2;2;2;;1;1;1;;;17;998
10;6;18;8;8015;;3;2;No inventariada;;14;2;2;1;;1;1;1;;;17;998
9;6;10;8;8266;;3;2;No inventariada;;14;2;2;1;;1;1;1;;;17;998
9;1;8;8;8266;;3;2;No inventariada;;14;7;2;4;;1;1;1;;;6;998
9;7;12;8;8015;;3;2;No inventariada;;14;19;1;999;;1;1;1;;;17;998
10;6;22;8;8003;;3;2;No inventariada;;14;9;2;4;;3;5;3;;;17;998
9;2;12;8;8101;;3;2;No inventariada;;14;3;2;4;;1;1;1;;;17;998
10;5;17;8;8101;;3;2;No inventariada;;14;6;1;999;;1;1;1;;;17;998
10;5;21;8;8101;;3;2;No inventariada;;14;6;1;999;;1;4;1;;;17;998
10;6;1;8;8101;;3;2;No inventariada;;14;9;1;999;;3;4;3;;;17;998
7;6;14;8;8194;;3;2;No inventariada;;14;9;1;999;;1;1;1;;;17;998
4;5;13;8;8245;;3;2;No inventariada;;14;20;1;999;;1;1;1;;;17;998
10;3;6;8;8200;;3;2;No inventariada;;14;7;1;999;;1;1;1;;;17;998
10;5;15;8;8113;;1;1;C-55;27,2;3;3;2;;;1;1;1;;;999;4
10;6;19;8;8107;;1;1;BV-1432;1,2;6;20;2;4;;1;5;1;;;999;4
10;4;16;8;8101;;1;1;C-31;195,3;3;4;2;;;1;1;1;;;999;4
10;1;2;8;8155;;1;1;BV-6001;3,6;6;19;2;4;;1;6;1;;;999;4
10;5;20;8;8245;;1;1;B-20;17;2;4;1;999;;3;4;3;;;999;4
10;6;10;8;8033;;1;1;C-59;15,8;6;20;1;999;;3;1;3;;;999;4
10;1;5;8;8054;;1;1;A-2;592;3;3;2;4;;1;6;1;;;999;4
10;1;10;8;8041;;1;1;No inventariada;9,2;6;20;1;999;;3;1;3;;;999;4
10;1;14;8;8279;;1;1;C-16;21,5;2;4;1;999;;1;1;1;;;999;4
10;1;17;8;8074;;2;2;C-31;149,3;6;4;1;999;;3;2;1;;;999;4
10;1;19;8;8077;;1;1;B-23;1;2;9;1;999;;1;4;1;;;999;4
10;1;21;8;8205;;1;1;BP-1417;6;6;9;1;999;;3;6;1;;;999;4
10;4;17;8;8301;;2;2;C-245;7,4;14;2;2;2;;1;1;1;;;17;4
10;1;9;8;8073;;3;2;No inventariada;;14;9;1;999;;3;1;4;;;17;998
10;5;16;8;8301;;3;2;No inventariada;;14;3;1;999;;1;1;1;;;17;998
10;2;10;8;8301;;3;2;No inventariada;;14;2;2;1;;1;1;1;;;17;998
10;4;16;8;8301;;2;2;C-245;7,4;14;4;1;999;;1;1;1;;;17;4
10;5;7;8;8301;;1;1;No inventariada;;6;9;1;999;;1;6;1;;;17;4
10;4;15;8;8301;;3;2;No inventariada;;14;7;1;999;;1;1;1;;;17;998
10;4;18;8;8217;;3;2;No inventariada;;14;3;2;4;;1;2;1;;;17;998
10;5;15;8;8301;;3;2;No inventariada;;14;2;2;1;;1;1;1;;;17;998
10;3;14;8;8248;;3;2;No inventariada;;14;2;1;999;;1;1;1;;;17;998
10;6;6;8;8301;;3;2;No inventariada;;14;2;2;2;;3;4;1;;;17;998
10;6;17;8;8301;;3;2;No inventariada;;14;7;1;999;;3;1;3;;;17;998
9;2;16;8;8156;;3;2;No inventariada;;14;3;2;2;;3;1;1;;;17;998
7;5;20;8;8305;;3;2;No inventariada;;14;2;2;1;;1;1;1;;;17;998
9;6;23;8;8181;;3;2;No inventariada;;14;4;2;2;;1;4;1;;;17;998
10;4;20;8;8181;;3;2;No inventariada;;14;3;1;999;;1;4;1;;;17;998
7;3;12;8;8194;;3;2;No inventariada;;14;4;2;2;;1;1;1;;;17;998
9;5;13;8;8015;;3;2;No inventariada;;14;7;1;999;;1;1;1;;;17;998
10;7;0;8;8015;;3;2;No inventariada;;14;9;2;2;;1;4;1;;;17;998
10;2;22;8;8015;;3;2;No inventariada;;14;2;2;2;;1;4;1;;;17;998
9;4;19;8;8113;;3;2;No inventariada;;14;7;1;999;;1;1;4;;;17;998
9;4;7;8;8113;;3;2;No inventariada;;14;9;1;999;;1;1;1;;;1;998
10;5;17;8;8200;;3;2;No inventariada;;14;7;1;999;;1;1;1;;;17;998
10;4;10;8;8096;;3;2;No inventariada;;14;7;1;999;;1;1;1;;;1;998
10;1;7;8;8003;;1;1;C-32;84,8;2;4;1;999;;1;4;1;;;999;4
10;5;15;8;8077;;1;1;C-32;63;3;4;1;999;;1;1;1;;;999;4
10;6;12;8;8200;;1;1;No inventariada;11,5;6;4;1;999;;1;1;1;;;999;4
10;6;12;8;8073;;1;1;C-32;60,5;3;4;2;;;1;1;1;;;999;4
10;4;11;8;8019;;3;2;No inventariada;;14;20;1;999;;1;1;1;;;999;998
10;1;6;8;8121;;1;1;BV-5031;1,6;6;9;2;4;;8;4;1;;;999;4
10;1;6;8;8125;;1;1;C-33;82,7;2;4;1;999;;3;2;3;;;999;4
10;1;16;8;8155;;1;1;N-2;678;6;19;1;999;;3;1;3;;;999;4
10;1;13;8;8238;;1;1;BP-1503;19,5;6;4;1;999;;3;1;1;;;999;4
10;1;20;8;8019;;1;1;C-58;0;2;20;1;999;;1;1;1;;;17;4
10;2;5;8;8260;;1;1;C-59;3;3;6;1;999;;1;5;1;;;999;4
10;2;7;8;8077;;1;1;C-32;62,5;3;3;1;999;;1;2;1;;;999;4
10;2;7;8;8005;;1;1;C-17;25;3;20;1;999;;1;1;1;;;999;4
10;2;9;8;8073;;1;1;B-20;2;2;6;1;999;;1;1;1;;;999;4
10;2;8;8;8169;;1;1;C-32B;0,5;3;3;1;999;;1;1;1;;;999;4
10;2;14;8;8108;;1;1;C-17;18;3;20;1;999;;1;1;1;;;999;4
10;2;18;8;0;;1;1;BV-5114;3,5;6;2;2;2;;1;1;1;;;999;4
10;2;17;8;8200;;1;1;C-245;11,2;6;4;1;999;;1;6;1;;;999;4
8;4;11;8;8305;;3;2;No inventariada;;14;7;2;1;;1;1;1;;;17;998
3;1;20;8;8279;;3;2;No inventariada;;14;3;2;4;;3;4;3;;;17;998
6;2;9;8;8305;;3;2;No inventariada;;14;2;1;999;;1;1;1;;;17;998
8;1;18;8;8279;;3;2;No inventariada;;14;4;2;1;;1;1;1;;;17;998
10;1;6;8;8298;;3;2;No inventariada;;14;7;2;1;;1;2;1;;;17;998
4;2;23;8;8245;;3;2;No inventariada;;14;2;1;999;;1;4;1;;;17;998
10;3;20;8;8121;;3;2;No inventariada;;14;7;2;2;;1;1;1;;;17;998
5;5;19;8;8029;;3;2;No inventariada;;14;2;1;999;;1;1;1;;;17;998
10;5;13;8;8298;;3;2;No inventariada;;14;2;2;2;;1;1;1;;;17;998
10;2;11;8;8245;;3;2;No inventariada;;14;9;1;999;;1;1;1;;;17;998
7;1;20;8;8194;;3;2;No inventariada;;14;9;1;999;;1;1;1;;;17;998
7;2;9;8;8194;;3;2;No inventariada;;14;2;2;1;;1;1;1;;;17;998
7;5;10;8;8194;;3;2;No inventariada;;14;9;1;999;;1;1;1;;;17;998
10;1;12;8;8101;;3;2;No inventariada;;14;9;2;4;;3;1;4;;;17;998
7;6;21;8;8194;;3;2;No inventariada;;14;2;2;1;;1;1;1;;;17;998
10;3;10;8;8040;;2;2;N-2;660,5;14;7;2;;;1;1;1;;;1;4
10;6;22;8;8040;;3;2;No inventariada;;14;2;1;999;;1;1;1;;;17;998
10;4;19;8;8307;;3;2;No inventariada;;14;20;1;999;;1;1;1;;;17;998
10;3;18;8;8187;;3;2;No inventariada;;14;20;1;999;;1;1;1;;;17;998
10;4;20;8;0;;1;1;BV-5108;3,9;6;8;1;999;;1;6;1;;;999;4
10;5;19;8;8107;;1;1;No inventariada;5,4;6;9;1;999;;3;6;4;;;999;4
10;1;13;8;8252;;1;1;AP-7;146,2;2;4;1;999;;1;1;1;;;999;4
10;1;18;8;8015;;1;1;C-31;211,4;2;4;1;999;;1;1;1;;;999;4
10;2;13;8;8033;;1;1;C-59;13,5;6;4;1;999;;1;1;1;;;999;4
10;2;22;8;8191;;1;1;C-16;61;3;1;2;2;;1;6;1;;;999;4
10;3;7;8;8125;;1;1;C-58;3,5;2;9;1;999;;1;1;1;;;999;4
10;3;8;8;8077;;1;1;C-32;62,6;3;4;1;999;;1;1;1;;;999;4
10;3;12;8;8198;;1;1;BP-5107;48,3;6;1;1;999;;3;1;3;;;999;4
10;3;14;8;8213;;1;1;C-25;138,8;3;4;1;999;;4;1;4;;;999;4
10;3;15;8;0;;1;1;C-25;126,7;3;19;1;999;;3;1;4;;;999;4
10;3;11;8;8051;;1;1;B-124;5,2;6;19;2;4;;3;1;3;;;999;4
10;3;16;8;8167;;1;1;C-155;4,3;6;3;1;999;;3;1;3;;;999;4
10;3;18;8;8200;;1;1;C-32;54;2;4;2;;;1;6;1;;;999;4
5;6;13;8;8029;;3;2;No inventariada;;14;2;2;4;;1;1;1;;;17;998
10;2;14;8;8102;;3;2;No inventariada;;14;1;2;4;;1;1;1;;;17;998
10;2;8;8;8015;;3;2;No inventariada;;14;2;1;999;;1;1;1;;;17;998
8;4;22;8;8279;;3;2;No inventariada;;14;2;2;1;;1;4;1;;;17;998
10;7;21;8;8096;;3;2;No inventariada;;14;9;1;999;;1;4;1;;;17;998
8;1;15;8;8279;;3;2;No inventariada;;14;6;2;;;1;1;1;;;17;998
10;5;19;8;8121;;3;2;No inventariada;;14;7;1;999;;1;4;1;;;17;998
5;3;11;8;8029;;3;2;No inventariada;;14;2;2;2;;3;1;3;;;17;998
8;2;22;8;8279;;3;2;No inventariada;;14;9;1;999;;1;4;1;;;17;998
8;2;22;8;8279;;3;2;No inventariada;;14;9;1;999;;1;4;1;;;17;998
8;4;21;8;8279;;3;2;No inventariada;;14;8;1;999;;1;5;1;;;17;998
5;4;18;8;8029;;1;1;B-502;1,5;14;2;2;4;;1;1;1;;;17;4
8;5;22;8;8279;;3;2;No inventariada;;14;7;1;999;;1;4;1;;;17;998
10;2;9;8;8102;;3;2;No inventariada;;14;2;2;1;;1;1;1;;;17;998
10;3;13;8;8015;;3;2;No inventariada;;14;9;1;999;;1;1;1;;;17;998
9;7;19;8;8279;;3;2;No inventariada;;14;7;2;1;;1;1;1;;;17;998
10;1;12;8;8121;;3;2;No inventariada;;14;2;2;2;;1;1;1;;;17;998
9;7;18;8;8279;;3;2;No inventariada;;14;6;2;2;;1;1;1;;;17;998
9;7;2;8;8279;;3;2;No inventariada;;14;9;1;999;;1;4;1;;;17;998
9;1;8;8;8279;;3;2;No inventariada;;14;2;2;1;;1;1;1;;;17;998
9;2;10;8;8279;;3;2;No inventariada;;14;4;2;4;;3;1;3;;;17;998
9;1;17;8;8279;;3;2;No inventariada;;14;3;2;1;;1;1;1;;;17;998
7;3;19;8;8305;;3;2;No inventariada;;14;4;2;1;;1;1;1;;;17;998
9;2;18;8;8279;;3;2;No inventariada;;14;4;1;999;;3;1;1;;;17;998
9;3;13;8;8279;;3;2;No inventariada;;14;7;2;2;;3;1;3;;;17;998
10;1;12;8;8121;;3;2;No inventariada;;14;4;1;999;;3;1;1;;;17;998
8;5;11;8;8305;;3;2;No inventariada;;14;3;1;999;;1;1;1;;;17;998
10;1;17;8;8101;;3;2;No inventariada;;14;3;1;999;;1;1;1;;;17;998
10;4;0;8;8015;;3;2;No inventariada;;14;9;1;999;;1;4;1;;;17;998
8;1;17;8;8194;;3;2;No inventariada;;14;9;1;999;;1;1;1;;;17;998
10;3;10;8;8200;;3;2;No inventariada;;14;6;1;999;;1;1;1;;;17;998
9;6;19;8;8187;;2;2;B-124;0,8;14;7;2;1;;1;4;3;;;1;4
11;5;0;8;8200;;3;2;No inventariada;;14;2;1;999;;1;4;1;;;17;998
10;1;17;8;8211;;1;1;A-2;605,5;3;4;1;999;;1;1;1;;;999;4
10;1;19;8;8009;;1;1;BV-5106;7,3;6;4;1;999;;1;5;1;;;999;4
10;2;19;8;8015;;1;1;C-31;211,9;2;4;1;999;;1;4;1;;;999;4
10;4;7;8;8155;;1;1;N-2;679,5;6;4;2;4;;3;1;1;;;999;4
10;4;8;8;8125;;1;1;C-17;3,1;3;19;1;999;;3;1;1;;;999;4
10;4;8;8;8125;;1;1;C-17;3,1;3;9;1;999;;3;1;1;;;999;4
10;4;10;8;0;;3;2;No inventariada;;14;7;2;2;;1;1;1;;;999;998
10;4;14;8;8217;;1;1;A-2;606,5;3;4;1;999;;1;1;1;;;999;4
10;4;7;8;8113;;1;1;C-25;132;3;3;1;999;;1;2;1;;;17;2
10;4;15;8;8125;;1;1;C-58;3,2;2;3;1;999;;1;1;1;;;999;4
10;4;17;8;0;;1;1;B-122;19,7;6;1;1;999;;1;1;1;;;999;4
10;4;18;8;8155;;1;1;N-2;676,5;6;4;1;999;;1;5;1;;;999;4
10;4;20;8;0;;1;1;BP-2121;2,1;6;4;1;999;;3;6;1;;;999;4
10;4;21;8;8202;;2;2;C-35;61,8;6;2;2;1;;1;6;1;;;999;4
11;5;3;8;8180;;1;1;C-58;5;2;19;1;999;;3;4;3;;;999;4
10;3;13;8;8169;;3;2;No inventariada;;14;9;1;999;;3;1;4;;;17;998
10;7;19;8;8015;;3;2;No inventariada;;14;2;2;1;;1;4;1;;;17;998
10;5;9;8;8200;;3;2;No inventariada;;14;4;2;4;;1;1;1;;;17;998
10;3;19;8;0;;3;2;No inventariada;;14;7;2;2;;1;4;1;;;999;998
10;2;7;8;8205;;1;1;BP-1417;10,2;6;9;1;999;;3;1;3;;;999;4
10;3;9;8;8007;;1;1;BV-5111;20;6;3;2;2;;3;1;1;;;999;4
10;4;8;8;8902;;1;1;BP-5002;12,2;6;4;1;999;;3;1;3;;;999;4
11;5;4;8;0;;3;2;No inventariada;;14;20;2;4;;1;4;1;;;999;998
11;5;6;8;8244;;1;1;A-2;604;3;6;1;999;;1;6;1;;;999;4
11;5;6;8;0;;3;2;No inventariada;;14;7;1;999;;1;4;1;;;999;998
11;5;7;8;0;;3;2;No inventariada;;14;19;1;999;;1;2;1;;;999;998
11;5;7;8;8260;;1;1;C-59;0,8;6;3;2;;;3;1;1;;;999;4
11;5;8;8;0;;1;1;C-17;54,9;3;19;1;999;;1;1;1;;;999;4
11;5;11;8;8205;;1;1;BP-1417;10,2;6;9;1;999;;3;1;1;;;999;4
11;5;13;8;8015;;1;1;BV-5011;5,5;6;9;1;999;;1;1;1;;;999;4
11;5;14;8;8054;;1;1;B-150;2,5;6;19;2;4;;1;1;1;;;999;4
11;5;14;8;8202;;1;1;C-35;58;6;4;1;999;;1;1;1;;;999;4
11;5;18;8;8180;;1;1;C-58;5;2;19;1;999;;1;5;1;;;999;4
11;5;19;8;8181;;1;1;C-1415c;16,8;6;19;2;4;;1;5;1;;;999;4
11;5;20;8;8096;;1;1;C-352;19;3;20;1;999;;1;4;1;;;999;4
11;5;23;8;8205;;1;1;BP-1417;6,6;6;8;1;999;;1;6;1;;;999;4
11;6;0;8;8169;;1;1;A-2;610,5;3;20;2;4;;1;4;1;;;17;2
11;6;0;8;8266;;1;1;C-58;7,7;2;19;1;999;;1;4;1;;;999;4
5;7;6;8;8029;;3;2;No inventariada;;14;2;2;1;;1;1;1;;;17;998
9;1;7;8;8015;;3;2;No inventariada;;14;2;2;1;;3;1;3;;;17;998
9;2;11;8;8015;;3;2;No inventariada;;14;9;1;999;;1;1;1;;;17;998
10;5;16;8;8054;;1;1;A-2;588;3;4;1;999;;1;1;1;;;999;4
10;1;6;8;0;;1;1;BV-5006;2,5;6;19;1;999;;1;6;1;;;999;4
10;3;7;8;8245;;1;1;B-20;18,7;2;2;1;999;;1;1;1;;;999;4
10;4;6;8;0;;1;1;BV-4601;10,6;6;19;1;999;;3;6;1;;;999;4
11;5;7;8;0;;1;1;No inventariada;30,8;6;19;1;999;;1;1;1;;;999;4
11;6;11;8;0;;1;1;C-59;50,6;6;9;1;999;;1;1;1;;;999;4
11;6;12;8;8187;;1;1;No inventariada;2,1;6;4;1;999;;1;1;1;;;999;4
11;6;12;8;0;;1;1;A-2;576;3;4;1;999;;1;1;1;;;999;4
11;6;14;8;8231;;2;2;BV-2111ant;6,2;6;2;2;2;;3;1;4;;;999;4
11;6;16;8;8112;;1;1;C-37;149,6;6;3;1;999;;3;1;3;;;999;4
11;6;19;8;8108;;1;1;BV-1602;5,4;6;4;2;2;;1;6;1;;;999;4
11;6;18;8;8194;;1;1;C-31;209;2;4;1;999;;1;5;1;;;999;4
11;6;20;8;8200;;1;1;C-245;11;6;4;2;2;;1;6;1;;;999;4
11;6;23;8;8126;;1;1;C-31;217,3;2;20;1;999;;1;4;1;;;999;4
11;6;18;8;8307;;1;1;C-15;1,6;3;6;1;999;;3;6;3;;;999;4
11;7;2;8;8187;;1;1;BV-1248;4,5;6;19;1;999;;1;5;1;;;999;4
10;2;14;8;8298;;3;2;No inventariada;;14;2;2;4;;1;1;1;;;17;998
10;7;13;8;8252;;2;2;No inventariada;;14;9;2;4;;1;1;1;;;17;4
10;4;10;8;8015;;3;2;No inventariada;;14;7;2;1;;1;1;1;;;17;998
9;4;8;8;8015;;3;2;No inventariada;;14;4;1;999;;1;1;1;;;17;998
10;2;8;8;8252;;3;2;No inventariada;;14;2;2;;;1;1;1;;;17;998
10;4;21;8;8252;;3;2;No inventariada;;14;19;1;999;;1;4;1;;;17;998
10;6;14;8;8252;;3;2;No inventariada;;14;9;1;999;;3;1;3;;;17;998
10;3;11;8;8252;;3;2;No inventariada;;14;2;2;4;;1;1;1;;;17;998
10;1;19;8;8213;;3;2;No inventariada;;14;7;2;2;;1;4;1;;;17;998
10;3;18;8;8184;;3;2;No inventariada;0;14;4;1;999;;1;1;1;;;1;998
10;5;19;8;8184;;2;2;C-1413a;10;14;7;1;999;;1;6;4;;;5;1
11;7;3;8;0;;1;1;BV-1031;10,4;6;19;1;999;;1;6;1;;;999;4
11;7;8;8;0;;1;1;C-62;10,3;6;19;1;999;;1;1;1;;;999;4
11;7;8;8;0;;1;1;No inventariada;;6;9;1;999;;1;1;1;;;999;4
11;7;15;8;8231;;1;1;C-32;25,5;2;3;2;2;;3;1;4;;;999;4
11;7;17;8;8076;;1;1;A-2;582;3;6;1;999;;3;6;3;;;999;4
11;7;21;8;0;;1;1;C-25;115,8;3;19;1;999;;3;6;3;;;999;4
11;7;22;8;8181;;1;1;AP-7;126,6;2;19;1;999;;3;6;1;;;999;4
11;7;22;8;8307;;1;1;BV-2115;1,1;6;7;1;999;;1;6;3;;;17;2
11;1;0;8;8019;;1;1;B-20;16,5;2;19;2;;;3;5;1;;;999;4
10;3;8;8;8298;;3;2;No inventariada;;14;2;1;999;;1;1;1;;;17;998
10;5;10;8;8003;;3;2;No inventariada;;14;7;1;999;;1;1;1;;;17;998
10;4;6;8;8245;;3;2;No inventariada;;14;2;1;999;;1;2;1;;;17;998
11;5;0;8;8245;;3;2;No inventariada;;14;2;1;999;;1;4;1;;;17;998
9;3;7;8;8238;;3;2;No inventariada;;14;2;2;4;;1;1;1;;;17;998
10;4;7;8;8291;;1;1;C-16;34;2;19;1;999;;3;1;3;;;999;4
10;2;8;8;8217;;1;1;A-2;607;3;20;1;999;;1;1;1;;;999;4
10;3;16;8;8194;;1;1;B-10;2,9;3;9;1;999;;3;1;3;;;999;4
10;4;9;8;8284;;1;1;GI-600;0,5;6;4;1;999;;1;1;1;;;999;4
10;4;15;8;8194;;1;1;B-10;2,5;3;20;1;999;;1;1;1;;;999;4
11;7;13;8;8300;;1;1;C-58;26,5;6;19;1;999;;1;1;1;;;999;4
11;1;6;8;0;;1;1;C-58;37,5;6;19;2;;;3;6;3;;;999;4
11;1;6;8;8041;;4;2;C-352;25,3;3;2;1;999;;3;2;1;;;999;4
11;1;7;8;8180;;1;1;C-58;5,5;2;4;1;999;;3;1;3;;;999;4
11;1;8;8;8125;;1;1;C-58;4,5;2;4;2;;;3;1;3;;;999;4
11;1;9;8;8006;;1;1;C-32;111,5;2;9;1;999;;1;1;1;;;999;4
11;1;9;8;0;;1;1;C-25;109,8;3;19;1;999;;1;1;1;;;17;4
11;1;11;8;8019;;1;1;C-58;0,5;2;4;1;999;;3;1;4;;;999;4
11;1;15;8;8124;;1;1;C-155;9,5;6;1;1;999;;3;1;3;;;999;4
11;1;21;8;0;;1;1;BP-2121;26,8;6;9;1;999;;8;6;1;;;999;4
10;2;13;8;8285;;3;2;No inventariada;;14;4;1;999;;1;1;1;;;17;998
11;7;13;8;8285;;3;2;No inventariada;;14;4;1;999;;1;1;1;;;17;998
10;3;6;8;8096;;3;2;No inventariada;;14;2;2;1;;1;1;1;;;17;998