MES;DIA_SEMANA;HORA;COD_PROVINCIA;COD_MUNICIPIO;ISLA;ZONA;ZONA_AGRUPADA;CARRETERA;KM;TIPO_VIA;TIPO_ACCIDENTE;NUDO;NUDO_INFO;CARRETERA_CRUCE;CONDICION_FIRME;CONDICION_ILUMINACION;CONDICION_METEO;CONDICION_NIEBLA;CONDICION_VIENTO;VISIB_RESTRINGIDA_POR;TRAZADO_PLANTA
10;1;4;8;8096;;3;2;No inventariada;;14;2;2;1;;1;1;1;;;17;998
10;3;15;8;8096;;3;2;No inventariada;;14;7;2;1;;1;1;1;;;17;998
10;1;18;8;8121;;3;2;No inventariada;;14;3;2;4;;1;4;1;;;17;998
10;4;17;8;8200;;2;2;B-201;0,3;14;9;2;4;;8;1;1;;;17;4
10;1;13;8;8121;;3;2;No inventariada;;14;4;1;999;;3;1;1;;;17;998
8;2;12;8;8305;;3;2;No inventariada;;14;2;1;999;;1;1;1;;;17;998
8;3;21;8;8305;;3;2;No inventariada;;14;7;1;999;;3;4;4;;;17;998
6;6;21;8;8305;;3;2;No inventariada;;14;7;1;999;;1;5;1;;;17;998
10;2;19;8;8121;;3;2;No inventariada;;14;2;2;4;;1;1;1;;;17;998
10;3;19;8;8121;;3;2;No inventariada;;14;3;2;4;;1;4;1;;;17;998
7;1;19;8;8305;;1;1;No inventariada;;6;9;1;999;;1;1;1;;;17;4
11;1;21;8;8298;;3;2;No inventariada;;14;7;1;999;;1;5;1;;;17;998
11;6;22;8;8073;;3;2;No inventariada;;14;4;1;999;;1;4;1;;;17;998
11;2;14;8;8073;;3;2;No inventariada;;14;2;1;999;;1;1;1;;;17;998
11;1;21;8;8279;;3;2;No inventariada;;14;20;1;999;;1;1;1;;;17;998
11;1;9;8;8238;;1;1;C-58;13;2;9;2;4;;3;1;3;;;999;4
10;6;21;8;8054;;1;1;AP-7;165;2;9;1;999;;3;4;3;;;999;4
11;5;18;8;8187;;1;1;C-58;10,5;2;4;1;999;;1;6;1;;;999;4
11;5;20;8;8019;;1;1;B-23;0,4;6;4;1;999;;1;4;1;;;999;4
11;1;6;8;8213;;1;1;C-25;135,9;3;19;1;999;;3;6;4;;;999;4
11;1;11;8;0;;1;1;BV-5001;13,8;6;1;1;999;;4;1;4;;;999;4
11;2;8;8;0;;1;1;BV-2422;0,1;6;4;2;2;;1;1;1;;;999;4
11;2;13;8;8194;;1;1;B-10;3,8;3;4;1;999;;1;1;1;;;999;4
11;2;14;8;8001;;1;1;A-2;583,9;3;4;1;999;;1;1;1;;;999;4
11;2;19;8;8015;;1;1;C-31;211,2;2;4;1;999;;1;4;1;;;999;4
11;2;18;8;8108;;1;1;C-17;17,2;3;4;1;999;;1;2;1;;;999;4
11;2;18;8;8015;;1;1;C-31;212,2;2;3;2;;;1;1;1;;;17;1
11;2;20;8;8208;;1;1;B-224;21;6;19;1;999;;1;6;1;;;999;4
11;2;20;8;8159;;1;1;C-17;17;3;4;1;999;;1;5;3;;;999;4
11;2;19;8;8191;;1;1;C-16;59,6;3;7;1;999;;1;6;1;;;999;4
11;3;1;8;8022;;1;1;No inventariada;75,5;6;19;1;999;;3;6;1;;;999;4
11;3;4;8;8181;;1;1;AP-7;126;2;4;1;999;;1;5;1;;;999;4
8;1;10;8;8305;;3;2;No inventariada;;14;4;1;999;;1;1;1;;;17;998
7;6;11;8;8307;;3;2;No inventariada;;14;7;1;999;;1;1;1;;;17;998
8;1;14;8;8305;;3;2;No inventariada;;14;2;2;2;;1;1;1;;;17;998
8;5;21;8;8307;;3;2;No inventariada;;14;9;2;2;;3;5;3;;;17;998
1;5;12;8;8072;;1;1;BV-2421;8;6;18;1;999;;1;1;1;;;17;4
10;3;13;8;8307;;3;2;No inventariada;;14;2;1;999;;1;1;1;;;17;998
10;4;9;8;8121;;2;2;N-2;647,2;14;4;1;999;;1;1;1;;;17;4
8;4;20;8;8305;;3;2;No inventariada;;14;6;1;999;;1;1;1;;;17;998
9;3;0;8;8015;;3;2;No inventariada;;14;19;1;999;;1;4;1;;;17;998
8;5;20;8;8194;;3;2;No inventariada;;14;9;1;999;;1;1;1;;;17;998
8;6;14;8;8194;;3;2;No inventariada;;14;2;2;1;;1;1;1;;;17;998
8;6;14;8;8194;;3;2;No inventariada;;14;2;2;1;;1;1;1;;;17;998
8;6;15;8;8194;;3;2;No inventariada;;14;9;1;999;;1;1;1;;;17;998
9;1;15;8;8194;;3;2;No inventariada;;14;2;2;1;;1;1;1;;;17;998
11;3;12;8;8073;;3;2;No inventariada;;14;6;1;999;;1;1;1;;;17;998
10;5;11;8;0;;1;1;B-112;5;6;19;1;999;;1;1;1;;;999;4
10;5;21;8;8077;;1;1;C-32;62,5;3;4;1;999;;1;4;1;;;999;4
10;3;13;8;8161;;1;1;BV-2241;7,8;6;4;2;4;;1;1;1;;;999;4
11;6;12;8;8161;;1;1;BV-2242;1,8;6;4;1;999;;3;1;3;;;999;4
10;6;23;8;8200;;1;1;C-245;11;6;2;2;4;;1;4;1;;;999;4
10;7;5;8;8113;;1;1;C-25;131,1;3;19;1;999;;3;6;3;;;999;4
10;2;18;8;8208;;1;1;B-224;22,5;6;2;2;4;;1;6;1;;;999;4
11;6;10;8;8214;;1;1;C-32;91,7;2;19;2;;;1;1;1;;;999;4
11;1;9;8;8006;;1;1;C-32;112;2;20;1;999;;1;1;1;;;999;4
11;1;13;8;0;;1;1;B-224;3,6;6;19;1;999;;3;1;1;;;999;4
11;2;11;8;8279;;1;1;No inventariada;21,8;6;9;1;999;;3;1;1;;;999;4
11;2;16;8;8155;;1;1;N-2;677,3;6;2;1;999;;1;1;1;;;999;4
11;3;7;8;8019;;1;1;C-58;1,2;2;3;1;999;;1;1;1;;;999;4
11;3;8;8;8221;;1;1;B-23;3,2;2;4;1;999;;1;1;1;;;999;4
11;3;7;8;8181;;1;1;C-60;7,8;2;4;1;999;;1;1;1;;;999;4
11;3;9;8;8248;;1;1;No inventariada;4;6;19;1;999;;3;1;1;;;999;4
11;3;14;8;8091;;1;1;AP-7;177,6;2;4;1;999;;1;1;1;;;17;2
11;3;18;8;8904;;1;1;C-58;8,8;2;4;1;999;;1;6;3;;;999;4
11;3;18;8;8213;;1;1;C-25;139;3;19;1;999;;4;6;4;;;999;4
11;4;1;8;8107;;1;1;C-17;20,8;3;6;1;999;;3;6;3;;;999;4
8;4;12;8;8305;;3;2;No inventariada;;14;19;1;999;;1;1;1;;;17;998
11;4;6;8;8073;;3;2;No inventariada;;14;9;1;999;;1;4;1;;;17;998
8;7;12;8;8305;;3;2;No inventariada;;14;9;1;999;;1;1;1;;;17;998
1;4;9;8;8305;;3;2;No inventariada;;14;2;2;2;;1;1;1;;;17;998
11;2;11;8;8298;;3;2;No inventariada;;14;7;1;999;;1;1;1;;;17;998
2;4;9;8;8305;;3;2;No inventariada;;14;2;2;2;;1;1;1;;;17;998
11;5;18;8;8121;;3;2;No inventariada;;14;2;2;1;;1;4;1;;;17;998
11;3;11;8;8298;;3;2;No inventariada;;14;2;2;1;;1;1;1;;;17;998
11;5;12;8;8169;;3;2;No inventariada;;14;9;2;4;;1;1;1;;;17;998
9;3;20;8;8279;;3;2;No inventariada;;14;3;2;1;;1;1;1;;;1;998
10;5;18;8;8279;;3;2;No inventariada;;14;2;2;1;;1;2;1;;;1;998
10;1;6;8;8184;;2;2;C-1413a;9,1;14;9;1;999;;1;1;1;;;17;4
10;5;7;8;8040;;2;2;N-2;659,8;14;3;1;999;;1;1;1;;;17;4
10;7;19;8;0;;1;1;N-2a;555,2;6;9;1;999;;3;4;3;;;999;4
10;4;22;8;0;;1;1;C-35;61;6;4;1;999;;1;6;1;;;999;4
10;1;19;8;8106;;1;1;C-35;45;6;4;1;999;;3;5;3;;;999;4
10;4;11;8;8046;;1;1;BV-5105;3,3;6;4;1;999;;1;1;1;;;999;4
11;1;13;8;8006;;1;1;C-32;111;2;19;1;999;;1;1;1;;;17;4
11;3;13;8;8125;;1;1;C-58;3,5;2;3;1;999;;1;1;1;;;999;4
11;3;23;8;8904;;1;1;C-58;10;2;4;1;999;;3;6;1;;;999;4
11;4;6;8;8252;;1;1;B-30;9,5;2;4;1;999;;1;4;1;;;999;4
11;4;8;8;8217;;1;1;A-2;606,1;3;3;1;999;;1;1;1;;;999;4
11;4;8;8;8266;;1;1;BP-1413;4,3;6;2;1;999;;1;1;1;;;999;4
11;4;8;8;8001;;1;1;A-2;584,5;3;4;1;999;;1;1;1;;;999;4
11;4;6;8;8217;;1;1;A-2;608;3;4;1;999;;1;2;1;;;17;1
11;4;8;8;8009;;1;1;C-60;6,5;6;4;1;999;;1;1;1;;;17;4
11;4;10;8;0;;1;1;C-16;100,2;6;19;1;999;;3;1;1;;;999;4
11;4;13;8;8167;;1;1;B-142;1;6;9;2;4;;8;1;1;;;999;4
11;4;13;8;8200;;1;1;C-245;11;6;2;2;4;;1;1;1;;;999;4
11;4;15;8;0;;3;2;No inventariada;;14;2;2;4;;1;1;1;;;999;998
11;4;15;8;8194;;1;1;C-31;209,4;2;4;1;999;;1;1;1;;;17;1
11;4;17;8;8169;;1;1;B-20;2;2;9;2;4;;8;1;1;;;999;4
11;3;15;8;0;;1;1;C-17;66,8;3;4;1;999;;1;1;1;;;17;1
11;4;18;8;8125;;1;1;C-58;4,3;2;4;2;2;;1;4;1;;;999;4
11;4;21;8;8263;;1;1;N-340;1243;3;20;1;999;;1;4;1;;;17;1
4;3;23;8;8305;;3;2;No inventariada;;14;4;1;999;;1;4;1;;;17;998
4;1;10;8;8305;;3;2;No inventariada;;14;4;1;999;;1;1;1;;;17;998
9;1;19;8;8194;;3;2;No inventariada;;14;4;1;999;;1;2;1;;;17;998
10;4;21;8;8015;;3;2;No inventariada;;14;7;1;999;;1;4;1;;;1;998
9;4;17;8;8194;;3;2;No inventariada;;14;9;1;999;;8;1;1;;;17;998
9;5;10;8;8194;;3;2;No inventariada;;14;9;1;999;;8;1;1;;;17;998
10;1;7;8;8244;;1;1;A-2;604;3;4;1;999;;1;2;1;;;999;4
10;4;19;8;8125;;1;1;C-33;82,6;2;3;1;999;;1;4;1;;;999;4
11;4;8;8;8245;;1;1;B-20;17,7;2;9;1;999;;1;1;1;;;999;4
11;4;12;8;8019;;1;1;C-58;0;2;3;2;;;1;1;1;;;999;4
11;4;17;8;8187;;1;1;No inventariada;0,1;6;4;1;999;;3;1;1;;;999;4
11;4;18;8;8205;;1;1;BP-1417;6,4;6;9;1;999;;1;6;1;;;999;4
11;5;7;8;8067;;1;1;No inventariada;18,7;6;19;1;999;;1;1;1;;;999;4
11;5;10;8;0;;1;1;B-124;31;6;19;1;999;;1;1;1;;;999;4
11;5;14;8;8159;;1;1;C-17;14;3;4;1;999;;1;1;1;;;999;4
11;5;18;8;8202;;2;2;C-35;56;6;4;2;;;1;5;1;;;999;4
11;5;18;8;8181;;1;1;C-352;21,7;6;4;1;999;;1;1;1;;;17;4
11;5;20;8;8123;;1;1;C-1413a;0;3;4;2;1;;1;4;1;;;999;4
11;3;9;8;8285;;3;2;No inventariada;;14;7;1;999;;1;1;1;;;17;998
9;7;12;8;8015;;3;2;No inventariada;;14;2;1;999;;1;1;1;;;17;998
9;1;21;8;8194;;3;2;No inventariada;;14;9;1;999;;1;4;1;;;17;998
9;2;9;8;8194;;3;2;No inventariada;;14;7;1;999;;1;1;1;;;17;998
9;2;14;8;8194;;3;2;No inventariada;;14;4;1;999;;1;1;1;;;17;998
11;6;5;8;0;;1;1;B-23;14;2;4;1;999;;1;4;1;;;999;4
11;6;11;8;0;;1;1;C-55;41,1;6;19;1;999;;1;1;1;;;999;4
11;6;13;8;8136;;1;1;BV-5001;16,5;6;2;2;2;;1;1;1;;;999;4
11;6;14;8;0;;1;1;C-17;40,3;3;19;1;999;;1;1;1;;;999;4
11;6;16;8;8113;;1;1;C-55;26,3;6;2;2;2;;1;1;1;;;999;4
11;6;16;8;0;;1;1;BV-2415;6,4;6;4;2;2;;1;1;1;;;17;1
11;6;20;8;0;;1;1;N-340;1210;6;4;2;4;;3;5;1;;;999;4
11;6;19;8;8086;;1;1;C-251;2;6;3;1;999;;1;5;1;;;999;4
11;7;2;8;8260;;1;1;AP-7;142,8;2;19;1;999;;1;6;1;;;999;4
11;7;2;8;0;;1;1;BV-5128;26,5;6;19;1;999;;1;6;1;;;999;4
11;4;12;8;8073;;3;2;No inventariada;;14;9;1;999;;1;1;1;;;17;998
11;3;9;8;8073;;3;2;No inventariada;;14;1;2;2;;1;1;1;;;17;998
11;6;18;8;8298;;3;2;No inventariada;;14;7;1;999;;3;4;4;;;17;998
11;6;15;8;8073;;3;2;No inventariada;;14;2;1;999;;1;1;1;;;17;998
8;3;20;8;8118;;3;2;No inventariada;;14;9;1;999;;3;2;4;;;17;998
10;1;10;8;8118;;3;2;No inventariada;;14;2;2;1;;1;1;1;;;17;998
10;1;10;8;8118;;3;2;No inventariada;;14;2;2;1;;1;1;1;;;17;998
11;7;10;8;8073;;3;2;No inventariada;;14;9;2;1;;1;1;1;;;17;998
11;2;22;8;8015;;3;2;No inventariada;;14;2;1;999;;1;4;1;;;17;998
9;5;15;8;8307;;3;2;No inventariada;;14;7;1;999;;1;1;1;;;17;998
10;4;20;8;8187;;3;2;No inventariada;;14;20;1;999;;1;1;1;;;17;998
10;2;19;8;8285;;3;2;No inventariada;;14;7;1;999;;1;4;1;;;1;998
11;4;22;8;8136;;2;2;BV-5001;17,2;14;6;2;4;;1;4;3;;;1;4
11;5;15;8;8211;;3;2;No inventariada;;14;6;1;999;;1;1;1;;;1;998
11;4;7;8;8009;;1;1;C-60;6,5;6;4;1;999;;1;2;1;;;999;4
11;6;12;8;8298;;1;1;BV-4316;4,1;6;1;1;999;;1;1;1;;;999;4
11;7;5;8;8096;;1;1;N-152a;26;3;4;1;999;;3;6;1;;;999;4
11;7;10;8;0;;1;1;B-124;36;6;19;1;999;;1;1;1;;;999;4
11;7;12;8;8121;;1;1;N-2;649,9;6;19;1;999;;1;1;1;;;17;1
11;7;18;8;8159;;1;1;C-17;16;3;4;1;999;;1;5;1;;;999;4
11;7;19;8;8187;;1;1;BV-1248;4,8;6;9;1;999;;1;6;1;;;999;4
11;7;19;8;0;;1;1;AP-7;190;2;4;1;999;;1;6;1;;;999;4
11;7;20;8;8181;;1;1;C-1415c;17,6;6;4;2;4;;1;5;1;;;999;4
11;7;22;8;8238;;1;1;C-58;12,1;2;4;1;999;;1;6;1;;;999;4
11;1;1;8;8231;;1;1;C-32;26,6;2;4;2;;;1;4;1;;;999;4
9;6;17;8;8015;;3;2;No inventariada;;14;9;1;999;;1;1;1;;;17;998
10;2;8;8;8035;;1;1;No inventariada;0,5;6;9;1;999;;1;1;1;;;17;4
7;6;19;8;8305;;3;2;No inventariada;;14;19;1;999;;3;1;3;;;17;998
10;6;4;8;8089;;3;2;No inventariada;;14;19;1;999;;1;4;1;;;17;998
11;3;20;8;8245;;2;2;BV-5005;0,1;14;9;1;999;;1;4;1;;;17;4
11;5;10;8;8245;;3;2;No inventariada;;14;9;1;999;;1;1;1;;;17;998
11;2;14;8;8121;;3;2;No inventariada;;14;3;1;999;;1;1;1;;;17;998
11;4;17;8;8121;;3;2;No inventariada;;14;7;2;4;;1;1;1;;;17;998
7;3;12;8;8307;;3;2;No inventariada;;14;9;1;999;;1;1;1;;;17;998
10;4;22;8;8307;;3;2;No inventariada;;14;9;1;999;;1;5;1;;;17;998
10;4;16;8;8266;;3;2;No inventariada;;14;2;2;1;;1;1;1;;;17;998
10;4;18;8;8266;;3;2;No inventariada;;14;1;2;1;;1;1;1;;;17;998
9;5;18;8;8266;;3;2;No inventariada;;14;4;2;1;;1;1;1;;;17;998
11;7;17;8;8181;;3;2;No inventariada;;14;2;1;999;;3;1;4;;;17;998
4;1;16;8;8046;;3;2;No inventariada;;14;3;1;999;;1;1;1;;;17;998
11;3;9;8;8003;;3;2;No inventariada;;14;2;2;1;;1;1;1;;;17;998
10;4;21;8;8123;;3;2;No inventariada;;14;4;2;4;;1;4;1;;;17;998
9;2;17;8;8096;;3;2;No inventariada;;14;7;1;999;;1;1;1;;;1;998
10;7;6;8;8029;;3;2;No inventariada;;14;2;1;999;;1;4;1;;;1;998
11;1;20;8;8187;;3;2;No inventariada;;14;20;1;999;;1;1;1;;;17;998
11;5;11;8;8075;;3;2;No inventariada;;14;20;1;999;;1;1;1;;;17;998
10;3;6;8;8089;;1;1;C-32;49,4;6;4;1;999;;1;5;1;;;999;4
11;7;16;8;0;;1;1;BP-4653;15;6;9;1;999;;1;1;1;;;999;4
11;4;14;8;8284;;1;1;GI-600;3,5;6;4;1;999;;3;1;3;;;999;4
11;7;6;8;8264;;1;1;C-32;107,6;2;20;1;999;;1;6;1;;;999;4
11;7;10;8;8007;;2;2;C-61;2,1;6;2;2;1;;1;1;1;;;999;4
11;1;8;8;8231;;1;1;BV-2112;3,4;6;4;1;999;;1;1;1;;;999;4
11;1;7;8;8263;;1;1;A-2;603,2;3;6;1;999;;1;1;1;;;17;4
11;1;13;8;8077;;1;1;B-23;0,5;2;9;1;999;;1;1;1;;;999;4
11;1;13;8;0;;1;1;C-15;36,2;6;4;1;999;;1;1;1;;;999;4
11;1;12;8;0;;1;1;C-26;164,5;6;19;1;999;;1;1;1;;;999;4
11;1;18;8;0;;1;1;BV-2411;25;6;19;1;999;;1;6;1;;;999;4
11;1;18;8;8289;;1;1;BV-2005;2,9;6;8;1;999;;1;1;1;;;17;4
11;1;19;8;0;;1;1;B-224;3,4;6;3;1;999;;1;6;1;;;999;4
10;3;0;8;8035;;3;2;No inventariada;;14;18;1;999;;1;4;1;;;17;998
10;1;12;8;8035;;3;2;No inventariada;;14;2;2;1;;8;1;1;;;17;998
8;4;5;8;8305;;3;2;No inventariada;;14;2;2;1;;1;4;1;;;17;998
10;6;10;8;8089;;3;2;No inventariada;;14;4;1;999;;1;1;1;;;17;998
11;5;7;8;8121;;3;2;No inventariada;;14;4;2;4;;1;1;1;;;17;998
9;7;0;8;8073;;3;2;No inventariada;;14;2;1;999;;1;1;1;;;17;998
9;3;8;8;8305;;3;2;No inventariada;;14;2;2;4;;1;1;1;;;17;998
8;2;18;8;8015;;3;2;No inventariada;;14;19;2;1;;1;1;1;;;17;998
9;5;15;8;8305;;3;2;No inventariada;;14;2;1;999;;1;1;1;;;17;998
8;5;12;8;8305;;3;2;No inventariada;;14;2;1;999;;1;1;1;;;17;998
11;5;16;8;8121;;3;2;No inventariada;;14;9;2;4;;1;1;1;;;17;998
9;2;20;8;8305;;3;2;No inventariada;;14;4;2;1;;1;6;1;;;17;998
9;3;15;8;8305;;3;2;No inventariada;;14;9;1;999;;1;1;1;;;17;998
9;4;14;8;8266;;3;2;No inventariada;;14;2;1;999;;1;1;1;;;17;998
9;1;8;8;8266;;3;2;No inventariada;;14;9;2;2;;1;1;1;;;17;998
10;3;14;8;8298;;3;2;No inventariada;;14;7;1;999;;3;1;3;;;17;998
9;6;10;8;8266;;3;2;No inventariada;;14;7;2;1;;1;1;1;;;17;998
9;1;14;8;8252;;3;2;No inventariada;;14;2;2;4;;1;1;1;;;17;998
11;5;8;8;8252;;3;2;No inventariada;;14;7;2;1;;1;1;1;;;17;998
11;2;19;8;8200;;3;2;No inventariada;;14;9;1;999;;3;4;3;;;17;998
11;3;18;8;8200;;3;2;No inventariada;;14;9;2;1;;1;2;1;;;17;998
11;1;18;8;8200;;3;2;No inventariada;;14;4;2;4;;1;4;1;;;17;998
11;1;22;8;8200;;3;2;No inventariada;;14;9;1;999;;1;4;1;;;17;998
6;2;8;8;8305;;3;2;No inventariada;;14;3;1;999;;1;1;1;;;1;998
10;3;16;8;8184;;3;2;No inventariada;;14;20;1;999;;1;1;1;;;17;998
11;5;20;8;8187;;3;2;No inventariada;;14;2;1;999;;1;1;1;;;17;998
10;4;17;8;8121;;3;2;No inventariada;;14;2;2;1;;1;1;1;;;1;998
11;5;23;8;8089;;3;2;No inventariada;;14;3;1;999;;1;1;1;;;17;998
11;1;12;8;0;;1;1;C-25;157,8;3;19;1;999;;3;1;4;;;999;4
10;2;12;8;8305;;1;1;N-340;1213;6;20;2;4;;1;1;1;;;999;4
10;7;20;8;8194;;1;1;C-31;209,5;2;20;1;999;;1;4;1;;;999;4
11;4;20;8;8205;;1;1;BV-1462;10,4;6;4;2;2;;1;6;1;;;999;4
11;5;17;8;8205;;1;1;AP-7;159;2;3;1;999;;1;4;1;;;999;4
11;6;18;8;8252;;1;1;B-30;10;2;4;1;999;;1;6;1;;;999;4
11;6;18;8;8184;;1;1;No inventariada;9,5;6;2;2;2;;1;6;1;;;999;4
11;6;19;8;8266;;1;1;B-30;8,5;2;4;1;999;;1;6;1;;;999;4
11;6;20;8;8266;;1;1;B-30;8,5;2;4;1;999;;1;6;1;;;999;4
11;1;7;8;8015;;1;1;C-31;213,2;2;3;1;999;;1;1;1;;;999;4
11;1;10;8;8007;;2;2;C-61;2,9;6;4;2;1;;1;1;1;;;999;4
11;1;15;8;8029;;1;1;C-32;95,5;2;19;1;999;;1;1;1;;;999;4
11;1;22;8;0;;1;1;BV-5251;1,3;6;19;1;999;;1;6;1;;;999;4
11;2;7;8;8123;;1;1;B-23;8,5;2;4;1;999;;1;1;1;;;999;4
11;2;8;8;8077;;1;1;C-32;61,4;3;4;1;999;;1;1;1;;;999;4
11;2;9;8;8209;;2;2;BV-5001;12,4;6;2;1;999;;1;1;1;;;17;2
11;2;14;8;0;;1;1;C-15;44,2;6;4;1;999;;1;1;1;;;999;4
11;2;15;8;8077;;1;1;B-23;0,8;2;4;1;999;;3;1;3;;;999;4
11;2;16;8;8211;;1;1;B-23;7,4;2;4;1;999;;3;1;3;;;999;4
11;2;17;8;0;;2;2;BV-5226;1,9;14;2;2;2;;1;5;1;;;999;4
11;2;14;8;8138;;1;1;N-141c;23,5;6;19;1;999;;1;1;1;;;999;4
11;2;17;8;0;;1;1;C-37;69,2;6;4;1;999;;1;2;1;;;999;4
11;2;18;8;8248;;2;2;C-1415b;3,4;6;2;2;2;;1;4;1;;;999;4
11;2;18;8;8301;;1;1;C-32;52;2;4;2;4;;3;5;1;;;999;4
11;3;1;8;8262;;1;1;BV-1229;3,6;6;19;1;999;;1;6;1;;;999;4
11;6;9;8;8102;;3;2;No inventariada;;14;2;2;1;;1;1;1;;;17;998
10;4;20;8;8169;;3;2;No inventariada;;14;9;2;4;;3;5;3;;;17;998
10;5;12;8;8211;;3;2;No inventariada;;14;7;2;1;;1;1;1;;;17;998
11;5;11;8;8121;;3;2;No inventariada;;14;2;2;1;;1;1;1;;;17;998
10;3;15;8;8121;;3;2;No inventariada;;14;2;1;999;;1;1;1;;;17;998
10;3;10;8;8089;;3;2;No inventariada;;14;8;1;999;;1;1;1;;;17;998
11;2;20;8;8245;;3;2;No inventariada;;14;9;2;1;;3;4;1;;;17;998
11;3;19;8;8121;;3;2;No inventariada;;14;2;2;4;;1;2;1;;;17;998
10;4;16;8;8089;;3;2;No inventariada;;14;2;2;4;;1;1;1;;;17;998
11;7;17;8;8121;;3;2;No inventariada;;14;6;1;999;;3;1;3;;;17;998
9;3;11;8;8305;;3;2;No inventariada;;14;2;2;2;;1;1;1;;;17;998
11;1;9;8;8298;;3;2;No inventariada;;14;2;2;4;;1;1;1;;;17;998
6;4;12;8;8029;;3;2;No inventariada;;14;2;1;999;;1;1;1;;;17;998
9;6;8;8;8015;;3;2;No inventariada;;14;9;1;999;;1;1;1;;;17;998
10;3;14;8;8096;;3;2;No inventariada;;14;9;2;4;;1;1;1;;;1;998
10;4;16;8;8096;;3;2;No inventariada;;14;7;1;999;;1;1;1;;;1;998
10;3;13;8;8172;;3;2;No inventariada;0;14;7;2;1;;1;1;1;;;1;998
11;2;7;8;8279;;3;2;No inventariada;;14;20;1;999;;1;1;1;;;17;998
10;5;15;8;8263;;1;1;A-2;601;3;4;1;999;;1;1;1;;;999;4
10;5;20;8;8056;;1;1;C-32;43,5;2;6;1;999;;1;5;1;;;999;4
11;4;18;8;8181;;1;1;C-352;21,3;6;20;1;999;;3;5;3;;;999;4
11;7;11;8;0;;1;1;BV-2115;9,5;6;7;1;999;;1;1;1;;;999;4
11;1;13;8;8187;;1;1;C-58;10,9;2;4;2;4;;1;1;1;;;999;4
11;2;17;8;8194;;1;1;B-10;2,9;3;9;1;999;;3;1;3;;;999;4
11;2;17;8;8015;;1;1;C-31;211,9;2;4;1;999;;3;5;3;;;999;4
11;3;5;8;8159;;1;1;AP-7;137;2;4;1;999;;3;2;3;;;999;4
11;3;6;8;8001;;1;1;A-2;584,5;3;4;1;999;;3;4;3;;;999;4
11;3;8;8;8125;;1;1;C-17;6,5;3;19;1;999;;3;1;1;;;999;4
11;3;8;8;8307;;1;1;C-15;1,3;3;6;1;999;;3;1;3;;;999;4
11;3;8;8;8019;;1;1;B-10;17,5;3;20;1;999;;1;1;1;;;17;4
11;3;7;8;8157;;1;1;A-2;596,8;3;3;1;999;;3;1;3;;;999;4
11;3;9;8;0;;1;1;AP-7;162;2;6;1;999;;3;1;3;;;999;4
11;3;9;8;8205;;1;1;BP-1417;6,7;6;19;1;999;;3;1;3;;;999;4
11;3;11;8;8270;;1;1;C-31;166;6;19;1;999;;3;1;4;;;999;4
11;3;12;8;8124;;1;1;AP-7;140,2;2;2;1;999;;3;1;3;;;999;4
11;3;12;8;8076;;1;1;A-2;580;3;4;1;999;;3;1;3;;;999;4
11;3;13;8;8307;;1;1;C-15;1,6;3;6;1;999;;3;1;3;;;999;4
11;3;16;8;8221;;1;1;B-23;3;2;6;1;999;;3;1;1;;;999;4
11;3;19;8;8001;;1;1;A-2;583;3;4;1;999;;1;4;1;;;999;4
11;5;12;8;8169;;3;2;No inventariada;;14;9;2;4;;1;1;1;;;17;998
11;5;22;8;8089;;3;2;No inventariada;;14;2;2;1;;1;4;1;;;17;998
11;7;19;8;8169;;3;2;No inventariada;;14;6;1;999;;3;2;1;;;17;998
11;4;15;8;8169;;3;2;No inventariada;;14;4;1;999;;1;1;1;;;17;998
11;6;8;8;8089;;2;2;C-245;5,6;14;3;2;4;;1;1;1;;;17;4
7;1;8;8;8015;;3;2;No inventariada;;14;7;1;999;;1;1;1;;;1;998
11;5;16;8;8121;;3;2;No inventariada;;14;2;2;4;;1;1;1;;;17;998
11;3;12;8;8245;;3;2;No inventariada;;14;7;2;2;;3;1;1;;;17;998
9;2;12;8;8305;;3;2;No inventariada;;14;2;2;1;;1;1;1;;;17;998
11;3;13;8;8245;;3;2;No inventariada;;14;9;2;2;;3;1;3;;;17;998
10;4;19;8;8056;;3;2;No inventariada;;14;6;1;999;;1;4;1;;;1;998
11;3;10;8;8260;;1;1;B-140;2,9;6;3;2;2;;1;1;1;;;999;4
11;2;13;8;8125;;1;1;N-152a;13,6;6;4;2;2;;1;1;1;;;999;4
11;3;6;8;8252;;1;1;B-140;1,7;6;9;2;2;;3;2;3;;;999;4
10;4;7;8;8284;;1;1;GI-600;2,6;6;1;1;999;;3;6;3;;;999;4
11;4;6;8;0;;1;1;No inventariada;0;6;4;2;4;;1;2;1;;;999;4
11;4;8;8;8180;;1;1;C-58;6,2;2;4;1;999;;1;1;1;;;999;4
11;4;11;8;8183;;2;2;C-153;7,1;14;3;1;999;;1;1;1;;;999;4
11;4;12;8;8019;;1;1;C-58;0,5;2;4;2;2;;1;1;1;;;999;4
11;4;16;8;8073;;1;1;B-20;1,5;2;3;1;999;;1;1;1;;;999;4
11;4;16;8;8217;;1;1;A-2;608;3;4;1;999;;1;1;1;;;999;4
11;4;18;8;8009;;1;1;C-60;4;2;4;1;999;;1;4;1;;;999;4
11;4;11;8;0;;1;1;C-26;141,7;6;19;1;999;;1;1;1;;;999;4
11;4;18;8;8181;;1;1;C-60;9,4;2;4;2;;;1;6;1;;;999;4
11;4;18;8;8217;;1;1;A-2;608;3;3;1;999;;1;4;1;;;999;4