MES;DIA_SEMANA;HORA;COD_PROVINCIA;COD_MUNICIPIO;ISLA;ZONA;ZONA_AGRUPADA;CARRETERA;KM;TIPO_VIA;TIPO_ACCIDENTE;NUDO;NUDO_INFO;CARRETERA_CRUCE;CONDICION_FIRME;CONDICION_ILUMINACION;CONDICION_METEO;CONDICION_NIEBLA;CONDICION_VIENTO;VISIB_RESTRINGIDA_POR;TRAZADO_PLANTA
11;5;3;8;8043;;1;1;C-15z;6,7;6;19;1;999;;1;5;1;;;999;4
11;3;9;8;8096;;3;2;No inventariada;;14;19;2;1;;1;1;1;;;17;998
8;2;10;8;8305;;3;2;No inventariada;;14;3;2;4;;1;1;1;;;17;998
11;3;16;8;8245;;3;2;No inventariada;;14;2;2;1;;1;1;1;;;17;998
11;3;18;8;8245;;3;2;No inventariada;;14;4;2;1;;1;4;1;;;17;998
10;7;18;8;8307;;3;2;No inventariada;;14;9;1;999;;1;1;1;;;17;998
8;2;19;8;8305;;3;2;No inventariada;;14;7;2;1;;1;1;1;;;17;998
11;3;20;8;8245;;3;2;No inventariada;;14;7;1;999;;1;4;1;;;17;998
11;4;22;8;8245;;3;2;No inventariada;;14;1;2;2;;1;4;1;;;17;998
9;3;19;8;8305;;3;2;No inventariada;;14;2;2;2;;3;1;3;;;17;998
9;7;13;8;8015;;3;2;No inventariada;;14;3;2;2;;1;1;1;;;17;998
7;2;15;8;8029;;3;2;No inventariada;;14;9;1;999;;8;1;1;;;17;998
11;7;6;8;8101;;3;2;No inventariada;;14;9;1;999;;1;1;1;;;17;998
11;1;0;8;8101;;3;2;No inventariada;;14;9;1;999;;1;4;1;;;17;998
11;5;17;8;8101;;3;2;No inventariada;;14;6;1;999;;1;1;1;;;17;998
10;5;20;8;8101;;3;2;No inventariada;;14;6;1;999;;1;2;1;;;17;998
11;2;18;8;8101;;3;2;No inventariada;;14;6;1;999;;1;1;1;;;17;998
11;1;14;8;8101;;3;2;No inventariada;;14;9;2;1;;1;1;1;;;17;998
11;5;14;8;8073;;3;2;No inventariada;;14;4;1;999;;1;1;1;;;17;998
10;1;14;8;8101;;3;2;No inventariada;;14;9;1;999;;1;1;1;;;17;998
11;1;21;8;8101;;3;2;No inventariada;;14;9;1;999;;1;4;1;;;17;998
11;3;7;8;8101;;3;2;No inventariada;;14;6;1;999;;1;1;1;;;17;998
10;4;9;8;8101;;3;2;No inventariada;;14;9;1;999;;1;1;1;;;17;998
10;3;10;8;8101;;3;2;No inventariada;;14;9;2;1;;1;1;1;;;17;998
11;1;9;8;8101;;3;2;No inventariada;;14;9;1;999;;1;1;1;;;17;998
11;4;21;8;8073;;3;2;No inventariada;;14;19;1;999;;1;4;1;;;17;998
10;2;21;8;0;;1;1;AP-7;161,5;2;6;1;999;;1;4;1;;;999;4
11;4;8;8;8121;;1;1;BV-5031;1,5;6;4;1;999;;1;1;1;;;999;4
11;4;9;8;8180;;1;1;C-58;5,1;2;4;1;999;;1;1;1;;;999;4
11;4;10;8;8279;;1;1;C-16;22,9;2;20;2;2;;1;1;1;;;999;4
11;4;15;8;8266;;1;1;BV-1415;6,5;6;19;1;999;;3;1;1;;;999;4
11;4;15;8;8279;;3;2;No inventariada;;14;9;1;999;;1;1;1;;;999;998
11;5;7;8;8187;;1;1;No inventariada;0;6;4;1;999;;1;1;1;;;999;4
11;5;10;8;0;;1;1;No inventariada;1;6;1;1;999;;1;1;1;;;999;4
11;5;12;8;0;;1;1;BP-4313;52,8;6;9;1;999;;1;1;1;;;999;4
11;5;14;8;8283;;1;1;C-17;50,2;3;19;1;999;;1;1;1;;;999;4
11;5;15;8;8217;;1;1;B-23;4,2;2;4;1;999;;1;1;1;;;999;4
11;5;14;8;0;;2;2;BV-5303;5,4;6;19;1;999;;1;1;1;;;999;4
11;5;14;8;8125;;1;1;C-33;83,3;2;19;1;999;;1;1;1;;;999;4
11;5;16;8;8009;;1;1;C-60;0,8;2;4;2;;;1;1;1;;;999;4
11;5;17;8;0;;2;2;BV-5303;5,3;6;1;2;2;;1;5;1;;;999;4
11;5;15;8;8101;;1;1;B-10;18,5;3;4;1;999;;1;1;1;;;999;4
11;5;19;8;8101;;1;1;C-31;198,6;3;3;1;999;;1;5;1;;;999;4
11;6;0;8;8208;;1;1;B-224;22,5;6;8;1;999;;1;6;1;;;999;4
11;5;5;8;8200;;3;2;No inventariada;;14;3;2;1;;1;4;1;;;17;998
10;7;11;8;8015;;3;2;No inventariada;;14;9;2;2;;1;1;1;;;1;998
11;7;13;8;8015;;3;2;No inventariada;;14;7;1;999;;1;1;1;;;17;998
11;5;14;8;8205;;1;1;BP-1417;5;6;9;2;2;;1;1;1;;;999;4
11;6;10;8;8183;;2;2;C-153;5,8;6;4;1;999;;1;1;1;;;999;4
11;6;11;8;0;;1;1;N-2a;572;6;8;1;999;;1;1;1;;;999;4
11;6;9;8;8118;;2;2;N-2;635;6;2;2;2;;1;1;1;;;999;4
11;6;12;8;0;;1;1;No inventariada;;6;9;1;999;;8;1;1;;;999;4
11;6;16;8;0;;1;1;AP-7;99,4;2;19;1;999;;1;1;1;;;999;4
11;6;16;8;8200;;1;1;C-245;11,5;6;4;1;999;;1;1;1;;;999;4
11;6;16;8;8073;;1;1;C-32;59,2;3;4;1;999;;1;1;1;;;999;4
11;6;18;8;8136;;1;1;AP-7;134;2;4;1;999;;1;4;1;;;999;4
11;6;19;8;8124;;1;1;C-17;12;3;4;1;999;;1;6;1;;;999;4
11;6;23;8;8001;;1;1;BV-1202;6,5;6;3;1;999;;1;6;1;;;999;4
11;7;1;8;8217;;1;1;A-2;608,1;3;3;1;999;;1;4;1;;;999;4
11;7;1;8;8181;;1;1;C-1415c;13,3;6;19;1;999;;1;6;1;;;999;4
11;7;2;8;8217;;1;1;A-2;607,5;3;2;1;999;;1;1;1;;;17;2
11;2;9;8;8169;;3;2;No inventariada;;14;2;2;4;;1;1;1;;;17;998
11;4;11;8;8169;;3;2;No inventariada;;14;1;2;4;;1;1;1;;;17;998
9;5;15;8;8015;;3;2;No inventariada;;14;2;2;2;;1;1;1;;;17;998
9;1;12;8;8266;;3;2;No inventariada;;14;7;1;999;;1;1;1;;;17;998
10;1;20;8;8187;;3;2;No inventariada;;14;20;1;999;;1;1;1;;;17;998
11;7;6;8;8279;;3;2;No inventariada;;14;20;1;999;;1;1;1;;;17;998
11;7;6;8;8194;;3;2;No inventariada;;14;19;2;4;;1;2;1;;;1;998
9;2;8;8;8266;;3;2;No inventariada;;14;2;2;2;;1;1;1;;;17;998
9;1;11;8;8266;;3;2;No inventariada;;14;3;1;999;;1;1;1;;;17;998
10;3;2;8;8106;;1;1;C-35;44,3;6;19;1;999;;1;6;1;;;999;4
11;6;11;8;8181;;1;1;AP-7;125;2;3;1;999;;1;1;1;;;999;4
11;6;12;8;8054;;1;1;B-225;5;6;9;2;4;;8;1;1;;;999;4
11;7;6;8;8015;;1;1;B-20;20,3;2;19;1;999;;1;5;1;;;999;4
11;7;8;8;8238;;1;1;BP-1503;19,6;6;19;1;999;;1;1;1;;;999;4
11;7;9;8;8114;;1;1;AP-7;171,2;2;1;2;;;1;1;1;;;999;4
11;7;11;8;8076;;1;1;C-55;8;6;9;1;999;;1;1;1;;;999;4
11;7;14;8;0;;2;2;BV-1123;6,8;6;3;1;999;;1;1;1;;;999;4
11;7;19;8;0;;1;1;C-55;24,5;6;4;1;999;;1;5;1;;;999;4
11;7;19;8;8270;;1;1;C-31;168;6;9;1;999;;1;6;1;;;999;4
11;7;21;8;8284;;1;1;N-2;682,2;14;4;1;999;;1;4;1;;;999;4
11;1;1;8;8282;;1;1;B-20;24;2;6;1;999;;1;1;1;;;17;4
11;7;18;8;8113;;1;1;C-25;131;3;3;1;999;;1;6;1;;;17;2
7;4;11;8;8029;;1;1;B-502;1,9;6;4;2;4;;1;1;1;;;17;4
11;7;6;8;8073;;3;2;No inventariada;;14;2;2;1;;1;4;1;;;17;998
7;4;12;8;8029;;3;2;No inventariada;;14;9;1;999;;8;1;1;;;17;998
11;5;23;8;8073;;3;2;No inventariada;;14;2;1;999;;1;4;1;;;17;998
11;6;15;8;8073;;3;2;No inventariada;;14;3;1;999;;1;1;1;;;17;998
11;5;10;8;8245;;3;2;No inventariada;;14;1;2;1;;1;1;1;;;17;998
11;5;2;8;8096;;3;2;No inventariada;;14;2;2;1;;1;4;1;;;17;998
11;1;16;8;8248;;3;2;No inventariada;;14;4;1;999;;1;1;1;;;17;998
11;4;20;8;8200;;3;2;No inventariada;;14;3;1;999;;1;4;1;;;17;998
10;5;22;8;8298;;3;2;No inventariada;;14;2;1;999;;3;4;3;;;17;998
11;2;15;8;8252;;3;2;No inventariada;;14;2;2;1;;1;1;1;;;17;998
11;5;13;8;8135;;3;2;No inventariada;;14;4;1;999;;1;1;1;;;17;998
11;2;18;8;8101;;3;2;No inventariada;;14;9;1;999;;1;1;1;;;17;998
11;5;19;8;8101;;3;2;No inventariada;;14;9;1;999;;1;4;1;;;17;998
4;4;9;8;8046;;3;2;No inventariada;;14;1;2;1;;1;1;1;;;17;998
9;7;12;8;8015;;3;2;No inventariada;;14;20;1;999;;1;1;1;;;17;998
10;5;20;8;8172;;3;2;No inventariada;;14;3;2;1;;1;4;1;;;1;998
10;4;9;8;0;;2;2;BV-2004;4,5;14;2;1;999;;1;1;1;;;1;4
11;7;2;8;8279;;3;2;No inventariada;;14;20;1;999;;1;1;1;;;17;998
11;6;0;8;8211;;3;2;No inventariada;;14;6;1;999;;1;1;1;;;17;998
11;6;18;8;8089;;3;2;No inventariada;;14;4;1;999;;1;1;1;;;17;998
11;6;1;8;8075;;3;2;No inventariada;;14;20;1;999;;1;1;1;;;17;998
11;1;17;8;8121;;1;1;C-32;102,4;2;4;1;999;;1;2;1;;;999;4
11;2;16;8;8301;;1;1;C-32;52,3;2;4;1;999;;3;1;3;;;999;4
11;4;9;8;8019;;1;1;C-58;0,6;6;3;1;999;;1;1;1;;;999;4
11;5;11;8;8284;;1;1;GI-600;0,5;6;4;1;999;;1;1;1;;;999;4
11;5;14;8;8181;;1;1;AP-7;129;2;2;1;999;;1;1;1;;;17;4
11;5;21;8;8238;;1;1;C-58;14,5;2;2;1;999;;1;6;1;;;999;4
11;6;10;8;8019;;1;1;C-58;0;2;4;2;;;1;1;1;;;999;4
11;6;18;8;8904;;1;1;C-58;10;2;4;1;999;;1;5;1;;;999;4
11;6;17;8;8015;;1;1;C-31;211;2;4;1;999;;1;2;1;;;999;4
11;1;7;8;0;;1;1;BV-5122;7,2;6;3;1;999;;1;1;1;;;999;4
11;1;7;8;0;;1;1;BV-5122;7,2;6;4;1;999;;1;1;1;;;999;4
11;1;11;8;8073;;1;1;C-32;60,3;3;3;1;999;;1;1;1;;;999;4
11;1;12;8;8263;;1;1;A-2;600,8;3;9;1;999;;1;1;1;;;999;4
11;1;15;8;8244;;1;1;A-2;604,1;3;3;1;999;;1;1;1;;;999;4
11;1;18;8;8181;;1;1;C-1415c;17;6;4;1;999;;1;5;1;;;999;4
11;1;17;8;8076;;1;1;C-1414;1;6;19;1;999;;1;2;1;;;999;4
11;1;18;8;8169;;1;1;A-2;610,9;3;3;1;999;;1;4;1;;;999;4
7;7;19;8;8029;;3;2;No inventariada;;14;2;2;4;;1;1;1;;;17;998
11;5;16;8;8245;;3;2;No inventariada;;14;19;1;999;;1;1;1;;;6;998
7;2;20;8;8015;;3;2;No inventariada;;14;2;2;4;;1;1;1;;;17;998
11;6;14;8;8245;;3;2;No inventariada;;14;9;1;999;;1;1;1;;;17;998
10;4;20;8;8015;;3;2;No inventariada;;14;4;2;1;;1;2;1;;;17;998
9;4;12;8;8305;;3;2;No inventariada;;14;7;2;1;;1;1;1;;;17;998
11;1;19;8;8102;;3;2;No inventariada;;14;4;2;1;;1;1;1;;;17;998
11;1;7;8;8217;;3;2;No inventariada;;14;7;2;2;;1;2;1;;;17;998
11;6;10;8;8121;;3;2;No inventariada;;14;20;1;999;;1;1;1;;;17;998
11;6;15;8;8245;;3;2;No inventariada;;14;2;2;1;;1;1;1;;;17;998
11;1;7;8;8245;;2;2;BV-5001;0,9;14;2;2;1;;1;2;1;;;17;4
11;4;13;8;8015;;3;2;No inventariada;;14;2;2;1;;1;1;1;;;17;998
10;6;15;8;8015;;3;2;No inventariada;;14;2;2;1;;1;1;1;;;17;998
10;7;16;8;8015;;3;2;No inventariada;;14;4;1;999;;1;1;1;;;17;998
9;7;4;8;8238;;3;2;No inventariada;;14;19;2;4;;1;4;1;;;17;998
11;3;3;8;8101;;3;2;No inventariada;;14;9;1;999;;1;4;1;;;17;998
11;1;14;8;8121;;3;2;No inventariada;;14;2;2;1;;1;1;1;;;1;998
11;1;12;8;8211;;3;2;No inventariada;;14;9;1;999;;1;1;1;;;17;998
11;1;8;8;8184;;3;2;No inventariada;;14;20;1;999;;1;1;1;;;17;998
5;1;8;8;8046;;3;2;No inventariada;;14;1;1;999;;1;1;1;;;17;998
10;2;14;8;0;;1;1;B-212;6;6;19;1;999;;1;1;1;;;999;4
10;5;22;8;0;;1;1;AP-7;162,1;2;6;1;999;;3;6;3;;;999;4
11;6;19;8;8009;;1;1;C-60;0,8;2;4;1;999;;1;5;1;;;999;4
11;7;13;8;8019;;1;1;C-58;0,5;2;4;2;2;;1;1;1;;;999;4
11;1;7;8;8015;;1;1;C-31;211;2;2;1;999;;1;2;1;;;999;4
11;1;9;8;8125;;1;1;C-58;1,5;2;9;1;999;;1;1;1;;;999;4
11;1;11;8;8007;;2;2;C-61;2,1;6;2;1;999;;1;1;1;;;999;4
11;1;11;8;8180;;1;1;C-58;7;2;9;1;999;;1;1;1;;;999;4
11;1;19;8;8181;;1;1;BV-5105;1,5;6;8;1;999;;1;6;1;;;999;4
11;2;6;8;8283;;1;1;C-17;52,3;3;4;1;999;;1;6;1;;;999;4
11;2;7;8;8054;;1;1;A-2;591,7;3;3;1;999;;1;1;1;;;999;4
11;2;6;8;8181;;1;1;C-1415c;16,5;6;20;2;4;;1;6;1;;;999;4
11;2;12;8;0;;3;2;No inventariada;;14;2;2;1;;1;1;1;;;999;998
11;2;14;8;0;;2;2;BV-4608;18;6;7;2;2;;1;1;1;;;999;4
11;2;13;8;8221;;1;1;B-23;3;2;4;2;;;1;1;1;;;999;4
11;2;15;8;8289;;1;1;BV-2005;2,6;6;9;1;999;;8;1;1;;;999;4
11;2;14;8;0;;1;1;C-17;57,2;3;4;2;;;1;1;1;;;999;4
11;2;16;8;0;;1;1;C-35;59,5;6;6;1;999;;1;1;1;;;999;4
11;2;17;8;8091;;1;1;BV-2425;7,5;6;19;1;999;;1;2;1;;;999;4
11;2;18;8;8123;;1;1;B-23;12;2;4;1;999;;1;4;1;;;999;4
11;2;18;8;8218;;1;1;C-55;38,9;6;2;2;2;;1;4;1;;;999;4
11;2;18;8;8091;;1;1;BV-2249;4;6;3;1;999;;1;6;1;;;999;4
11;2;19;8;8157;;1;1;N-340;1242;6;2;1;999;;1;5;1;;;999;4
11;2;11;8;8073;;3;2;No inventariada;;14;4;1;999;;1;1;1;;;17;998
10;2;12;8;8101;;3;2;No inventariada;;14;2;2;1;;1;1;1;;;17;998
10;1;18;8;8307;;3;2;No inventariada;;14;18;2;2;;1;1;1;;;17;998
9;2;16;8;8307;;3;2;No inventariada;;14;2;2;1;;1;1;1;;;17;998
11;2;7;8;8245;;2;2;BV-5001;0,9;14;9;2;4;;8;1;1;;;17;4
9;6;20;8;8305;;3;2;No inventariada;;14;2;2;1;;1;4;1;;;17;998
10;2;12;8;8101;;3;2;No inventariada;;14;2;2;1;;1;1;1;;;1;998
11;7;18;8;8202;;2;2;C-35;57,5;6;4;2;;;1;4;1;;;999;4
10;6;7;8;8073;;1;1;C-32;60;3;2;1;999;;3;2;4;;;999;4
11;1;13;8;8009;;1;1;C-60;0,9;2;3;1;999;;1;1;1;;;999;4
11;1;18;8;8006;;1;1;C-32;109,8;2;8;1;999;;1;5;1;;;999;4
11;2;8;8;8180;;1;1;C-58;6;2;3;1;999;;1;1;1;;;17;1
11;2;12;8;8101;;1;1;B-10;18,5;3;9;1;999;;1;1;1;;;999;4
11;2;15;8;8252;;1;1;B-30;9,5;2;4;1;999;;1;1;1;;;999;4
11;3;7;8;8263;;2;2;BV-2002;2,8;6;2;2;1;;1;1;1;;;999;4
11;3;12;8;0;;1;1;C-16;70,7;3;4;1;999;;1;1;1;;;999;4
11;3;15;8;0;;1;1;AP-7;181;2;6;1;999;;1;1;1;;1;999;4
11;3;16;8;0;;1;1;N-141c;11,8;6;3;2;2;;1;1;1;;;999;4
11;3;18;8;8101;;1;1;C-31;196,2;3;3;1;999;;1;4;1;;;999;4
11;3;20;8;8245;;3;2;No inventariada;;14;2;2;2;;1;4;1;;;17;998
8;5;0;8;8284;;3;2;No inventariada;;14;8;1;999;;1;6;1;;;17;998
10;5;19;8;8015;;3;2;No inventariada;;14;2;2;1;;3;2;3;;;17;998
11;7;21;8;8284;;3;2;No inventariada;;14;19;1;999;;1;6;1;;;17;998
11;4;17;8;8121;;3;2;No inventariada;;14;2;2;2;;1;1;1;;;17;998
7;6;13;8;8305;;3;2;No inventariada;;14;9;1;999;;1;1;1;;;17;998
9;5;9;8;8305;;3;2;No inventariada;;14;4;1;999;;1;1;1;;;17;998
10;5;14;8;8305;;3;2;No inventariada;;14;3;2;1;;1;1;1;;;17;998
10;6;15;8;8305;;3;2;No inventariada;;14;3;1;999;;1;1;1;;;17;998
10;2;11;8;8112;;2;2;BV-5224;0,1;14;4;1;999;;1;1;1;;;17;4
9;6;11;8;8112;;3;2;No inventariada;;14;2;2;4;;1;1;1;;;17;998
10;4;19;8;8219;;3;2;No inventariada;0;14;7;1;999;;1;1;1;;;1;998
11;5;20;8;8051;;3;2;No inventariada;;14;4;1;999;;1;1;1;;;17;998
11;3;17;8;8075;;3;2;No inventariada;;14;20;1;999;;1;1;1;;;17;998
10;4;13;8;8307;;1;1;C-15;0,1;6;4;2;4;;1;1;1;;;999;4
11;1;10;8;0;;1;1;C-25;109,8;3;4;1;999;;3;1;1;;;999;4
11;3;10;8;8051;;1;1;No inventariada;26,8;6;4;1;999;;1;1;1;;;999;4
11;3;15;8;8205;;1;1;BP-1417;9,8;6;1;1;999;;1;1;1;;;999;4
11;3;15;8;8180;;1;1;C-58;5,5;2;4;1;999;;1;1;1;;;999;4
11;3;22;8;8015;;1;1;C-31;211;2;4;1;999;;1;4;1;;;999;4
11;4;8;8;8231;;1;1;C-32;29,8;2;4;1;999;;1;2;1;;;999;4
11;4;11;8;0;;1;1;BV-5224;19,1;6;19;1;999;;1;1;1;;;999;4
11;4;16;8;8161;;1;1;B-224;7,9;6;19;1;999;;1;1;1;;;999;4
11;4;18;8;8305;;1;1;N-340;1212;6;4;1;999;;1;6;1;;;999;4
11;4;19;8;0;;1;1;C-59;30,6;6;1;1;999;;1;6;1;;;999;4
11;4;22;8;8088;;1;1;C-17;27,6;3;8;1;999;;1;6;1;;;999;4
11;4;21;8;8073;;1;1;C-32;59;3;4;2;2;;1;4;1;;;999;4
11;4;21;8;8009;;1;1;C-1415c;5;6;19;1;999;;1;6;1;;;999;4
11;4;23;8;8301;;1;1;C-31;187,5;3;4;2;;;1;5;1;;;17;1
9;3;9;8;8305;;3;2;No inventariada;;14;2;1;999;;1;1;1;;;17;998
10;2;18;8;8015;;3;2;No inventariada;;14;7;1;999;;1;4;1;;;17;998
11;5;7;8;8015;;3;2;No inventariada;;14;7;1;999;;1;4;1;;;17;998
11;1;12;8;8073;;3;2;No inventariada;;14;9;1;999;;1;1;1;;;1;998
11;4;8;8;8102;;3;2;No inventariada;;14;2;2;;;1;1;1;;;17;998
10;4;17;8;8305;;3;2;No inventariada;;14;20;2;1;;1;2;1;;;17;998
10;7;21;8;8305;;3;2;No inventariada;;14;1;1;999;;1;4;1;;;17;998
11;2;13;8;8298;;3;2;No inventariada;;14;9;1;999;;1;1;1;;;17;998
10;1;18;8;8305;;3;2;No inventariada;;14;4;1;999;;1;4;1;;;17;998
10;3;12;8;8015;;3;2;No inventariada;;14;3;2;1;;3;1;3;;;17;998
8;1;15;8;8023;;3;2;No inventariada;;14;19;1;999;;1;1;1;;;17;998
10;3;12;8;8305;;3;2;No inventariada;;14;2;1;999;;1;1;1;;;17;998
11;6;12;8;8121;;3;2;No inventariada;;14;9;2;1;;1;1;1;;;17;998
10;3;13;8;8305;;3;2;No inventariada;;14;3;2;1;;1;1;1;;;17;998
11;1;8;8;8298;;3;2;No inventariada;;14;7;1;999;;1;1;1;1;;17;998
11;4;9;8;8298;;3;2;No inventariada;;14;19;1;999;;1;1;1;;;17;998
10;4;16;8;8200;;3;2;No inventariada;;14;9;1;999;;1;1;1;;;17;998
5;3;11;8;8046;;3;2;No inventariada;;14;4;1;999;;1;1;1;;;17;998
9;1;13;8;8112;;3;2;No inventariada;;14;3;1;999;;1;1;1;;;17;998
11;5;8;8;8073;;3;2;No inventariada;;14;9;1;999;;1;1;1;;;17;998
10;7;12;8;8054;;1;1;A-2;587,5;3;3;1;999;;3;1;4;;;999;4
11;6;5;8;0;;1;1;BV-5213;0,8;6;19;1;999;;3;6;1;;;999;4
11;7;1;8;8202;;1;1;C-61;17,2;6;19;2;4;;1;4;1;;;999;4
11;1;13;8;8033;;1;1;C-59;10,6;6;4;1;999;;1;1;1;;;999;4
11;5;6;8;8124;;1;1;AP-7;137,7;2;4;1;999;;1;2;1;;;999;4
11;5;6;8;8077;;1;1;B-23;1,3;2;4;1;999;;1;2;1;;;999;4
11;5;13;8;8113;;1;1;C-16C;0;3;4;2;4;;1;1;1;;;999;4
11;5;13;8;8244;;1;1;A-2;604;3;3;1;999;;1;1;1;;;999;4
11;5;14;8;8001;;1;1;A-2;583,7;3;4;1;999;;1;1;1;;;999;4
11;5;14;8;8019;;1;1;C-58;0;2;4;2;;;1;1;1;;;999;4
11;5;15;8;8159;;1;1;C-17;16,3;3;20;1;999;;1;1;1;;;999;4
11;5;14;8;0;;1;1;C-16z;91,8;6;1;2;2;;1;1;1;;;999;4
11;5;19;8;8077;;1;1;C-32;61,5;3;9;1;999;;3;4;3;;;999;4
11;5;20;8;0;;3;2;No inventariada;;14;9;1;999;;1;6;1;;;999;998
11;5;19;8;0;;1;1;No inventariada;0;6;9;1;999;;8;2;1;;;999;4
11;5;19;8;8283;;1;1;C-17;51,6;3;4;2;;;1;6;1;;;999;4
11;2;11;8;8073;;3;2;No inventariada;;14;3;1;999;;1;1;1;;;1;998
11;6;12;8;8015;;3;2;No inventariada;;14;2;2;1;;1;1;1;;;17;998
11;2;10;8;8169;;3;2;No inventariada;;14;7;1;999;;1;1;1;;;17;998
11;3;11;8;8169;;3;2;No inventariada;;14;4;1;999;;3;1;3;;;17;998
11;5;16;8;8298;;3;2;No inventariada;;14;2;2;2;;1;1;1;;;17;998
9;3;17;8;8112;;3;2;No inventariada;;14;2;2;2;;1;1;1;;;17;998
11;2;7;8;8283;;1;1;C-17;51;3;4;1;999;;1;2;1;;;999;4
11;6;6;8;8113;;1;1;C-55;31;3;19;2;2;;1;4;1;;;999;4
11;6;5;8;8123;;1;1;B-23;10;2;6;2;2;;1;4;1;;;999;4
11;6;8;8;8213;;2;2;No inventariada;1,8;6;2;2;;;1;1;1;;;999;4
11;6;8;8;8187;;1;1;BV-1414;5,7;6;19;2;2;;1;1;1;;;999;4
11;6;10;8;0;;1;1;BV-1031;4,4;6;8;1;999;;1;1;1;;;999;4
11;6;11;8;8172;;2;2;N-2;637,2;6;4;1;999;;1;1;1;;;999;4
11;6;12;8;8200;;1;1;No inventariada;54;6;4;1;999;;1;1;1;;;999;4
11;6;19;8;0;;1;1;BV-5301;12,5;6;19;2;2;;1;6;1;;;999;4
11;6;18;8;8054;;2;2;B-225;3,4;6;19;1;999;;1;1;1;;;17;4
11;6;21;8;8307;;1;1;C-31;155;6;4;2;;;1;6;1;;;999;4
11;7;0;8;8181;;1;1;C-60;8,3;2;8;1;999;;1;6;1;;;999;4
11;6;16;8;8073;;3;2;No inventariada;;14;2;2;1;;1;1;1;;;17;998
9;6;10;8;8196;;3;2;No inventariada;;14;2;1;999;;3;1;3;;;17;998
10;3;20;8;8196;;3;2;No inventariada;;14;2;2;1;;3;4;3;;;17;998
10;1;9;8;8196;;3;2;No inventariada;;14;4;1;999;;1;1;1;;;17;998
11;6;19;8;8298;;3;2;No inventariada;;14;2;1;999;;1;4;1;;;17;998
9;3;14;8;8112;;3;2;No inventariada;;14;2;2;2;;1;1;1;;;17;998
11;6;18;8;0;;3;2;N-2;673,6;14;20;1;999;;1;2;1;;;4;998
11;2;13;8;8169;;3;2;No inventariada;;14;20;1;999;;1;1;1;;;17;998
11;6;9;8;8218;;3;2;No inventariada;;14;20;1;999;;1;1;1;;;17;998
11;7;19;8;8231;;3;2;No inventariada;;14;19;1;999;;1;1;1;;;17;998
11;5;23;8;0;;3;2;No inventariada;;14;19;2;;;1;4;1;;;999;998
11;7;4;8;8285;;1;1;No inventariada;0;6;19;1;999;;1;6;1;;;999;4
11;7;10;8;8238;;1;1;C-58;14;2;9;1;999;;3;1;3;;;999;4
11;7;8;8;8180;;1;1;C-58;7,1;6;4;1;999;;3;1;3;;;999;4
11;7;13;8;8301;;1;1;C-32;51,9;2;6;1;999;;1;1;1;;;999;4
11;7;12;8;0;;1;1;C-25;122,9;3;20;1;999;;1;1;1;;;17;4
11;7;13;8;0;;1;1;BP-1121;10,7;6;2;1;999;;3;1;1;;;999;4
11;7;16;8;8068;;1;1;N-340;1241;6;3;2;4;;1;1;1;;;999;4
10;2;13;8;8305;;3;2;No inventariada;;14;7;1;999;;1;1;1;;;17;998
11;2;12;8;8015;;3;2;No inventariada;;14;9;1;999;;1;1;1;;;17;998
11;6;12;8;8102;;3;2;No inventariada;;14;3;2;1;;1;1;1;;;17;998
10;1;10;8;8305;;3;2;No inventariada;;14;19;1;999;;3;1;3;;;17;998
11;5;14;8;8305;;3;2;No inventariada;;14;2;2;1;;1;1;1;;;17;998
11;5;22;8;8096;;3;2;No inventariada;;14;7;2;1;;1;5;1;;;17;998
11;6;13;8;8121;;3;2;No inventariada;;14;9;1;999;;1;1;1;;;17;998
11;2;11;8;8015;;3;2;No inventariada;;14;4;1;999;;1;1;1;;;17;998
11;6;14;8;8121;;3;2;No inventariada;;14;3;1;999;;1;1;1;;;17;998
11;1;12;8;8305;;3;2;No inventariada;;14;2;2;1;;1;1;1;;;17;998
11;2;9;8;8121;;3;2;No inventariada;;14;2;2;1;;1;1;1;;;17;998
10;1;8;8;8266;;3;2;No inventariada;;14;4;1;999;;1;1;1;;;17;998
10;1;14;8;8266;;3;2;No inventariada;;14;7;1;999;;1;1;1;;;17;998
10;2;7;8;8266;;3;2;No inventariada;;14;4;2;4;;1;2;1;;;17;998
10;2;19;8;8266;;3;2;No inventariada;;14;9;2;1;;1;1;1;;;17;998
10;3;15;8;8266;;3;2;No inventariada;;14;9;1;999;;1;1;1;;;17;998
11;1;15;8;8101;;3;2;No inventariada;;14;2;2;1;;1;1;1;;;17;998
11;6;21;8;8101;;3;2;No inventariada;;14;7;2;2;;1;4;1;;;17;998
10;5;18;8;8101;;3;2;No inventariada;;14;2;1;999;;1;1;1;;;17;998
11;4;10;8;8200;;3;2;No inventariada;;14;7;2;2;;1;1;1;;;17;998
11;4;17;8;8101;;3;2;No inventariada;;14;2;2;4;;1;1;1;;;17;998
11;4;14;8;8101;;3;2;No inventariada;;14;20;1;999;;1;1;1;;;17;998
9;2;22;8;8194;;3;2;No inventariada;;14;4;1;999;;1;4;1;;;17;998