MES;DIA_SEMANA;HORA;COD_PROVINCIA;COD_MUNICIPIO;ISLA;ZONA;ZONA_AGRUPADA;CARRETERA;KM;TIPO_VIA;TIPO_ACCIDENTE;NUDO;NUDO_INFO;CARRETERA_CRUCE;CONDICION_FIRME;CONDICION_ILUMINACION;CONDICION_METEO;CONDICION_NIEBLA;CONDICION_VIENTO;VISIB_RESTRINGIDA_POR;TRAZADO_PLANTA
9;3;18;8;8194;;3;2;No inventariada;;14;4;1;999;;1;1;1;;;17;998
9;7;11;8;8194;;3;2;No inventariada;;14;3;1;999;;1;1;1;;;17;998
11;6;17;8;8307;;3;2;No inventariada;;14;20;1;999;;1;1;1;;;17;998
10;2;18;8;8077;;1;1;C-32;63;3;4;1;999;;3;4;3;;;999;4
10;3;7;8;8157;;1;1;B-24;10,1;3;4;1;999;;1;2;1;;;999;4
10;3;12;8;8270;;1;1;C-32;42;2;6;1;999;;3;1;4;;1;999;4
11;6;10;8;8159;;1;1;C-35;29;6;4;1;999;;1;1;1;;;17;4
11;5;11;8;8163;;1;1;C-32;124;2;19;2;2;;1;1;1;;;999;4
11;5;14;8;8003;;1;1;C-32;86;2;4;1;999;;1;6;1;;;999;4
11;5;16;8;8264;;1;1;N-2;653;6;9;2;4;;1;1;1;;;999;4
11;6;14;8;8019;;1;1;C-58;0;2;4;2;2;;1;1;1;;;999;4
11;7;22;8;8035;;1;1;C-32;121;2;20;1;999;;1;6;1;;;999;4
11;1;7;8;8301;;1;1;C-32;52;2;4;1;999;;1;2;1;;;999;4
11;1;7;8;8073;;1;1;C-32;60,5;3;4;1;999;;1;1;1;;;999;4
11;1;6;8;8200;;1;1;C-32;53;2;3;2;;;1;5;1;;;999;4
11;1;9;8;8245;;1;1;B-20;17,1;2;3;1;999;;1;1;1;;;999;4
11;1;14;8;8096;;1;1;BV-5003;3,3;6;19;1;999;;1;1;1;;;999;4
11;1;16;8;8270;;1;1;C-31;169,7;6;9;1;999;;1;1;1;;;999;4
11;1;18;8;0;;1;1;AP-7;161,7;2;4;1;999;;1;5;1;;;999;4
11;1;5;8;8205;;1;1;B-30;0,5;2;19;2;;;1;6;1;;;999;4
11;1;23;8;0;;1;1;C-58;37,4;6;6;2;2;;1;6;1;;;999;4
11;7;6;8;8096;;3;2;No inventariada;;14;7;1;999;;1;4;1;;;17;998
11;4;18;8;8305;;3;2;No inventariada;;14;7;1;999;;1;4;1;;;17;998
11;5;14;8;8305;;3;2;No inventariada;;14;4;2;4;;1;1;1;;;17;998
9;3;9;8;8279;;3;2;No inventariada;;14;9;1;999;;3;1;3;;;17;998
9;3;11;8;8279;;3;2;No inventariada;;14;4;2;4;;3;1;3;;;17;998
8;5;18;8;8023;;3;2;No inventariada;;14;19;1;999;;1;1;1;;;17;998
9;7;18;8;8279;;3;2;No inventariada;;14;2;2;1;;1;1;1;;;17;998
11;7;18;8;8282;;3;2;No inventariada;;14;2;1;999;;3;4;1;;;17;998
9;1;5;8;8279;;3;2;No inventariada;;14;2;2;1;;1;4;1;;;17;998
9;1;15;8;8015;;3;2;No inventariada;;14;20;2;1;;1;1;1;;;17;998
11;1;22;8;8282;;1;1;B-500;4;6;6;1;999;;1;6;1;;;17;4
10;4;20;8;8305;;3;2;No inventariada;;14;4;1;999;;1;4;1;;;17;998
9;4;10;8;8279;;3;2;No inventariada;;14;4;1;999;;1;1;1;;;17;998
9;5;3;8;8279;;3;2;No inventariada;;14;9;1;999;;1;4;1;;;17;998
11;3;9;8;8121;;3;2;No inventariada;;14;2;2;2;;1;1;1;;;17;998
8;7;13;8;8023;;3;2;No inventariada;;14;19;1;999;;1;1;1;;;17;998
9;5;16;8;8279;;3;2;No inventariada;;14;2;2;1;;1;1;1;;;17;998
11;3;16;8;8305;;3;2;No inventariada;;14;7;1;999;;1;1;1;;;17;998
9;7;19;8;8279;;3;2;No inventariada;;14;7;1;999;;1;1;1;;;17;998
8;6;22;8;8023;;3;2;No inventariada;;14;19;1;999;;1;4;1;;;17;998
7;7;21;8;8307;;3;2;No inventariada;;14;9;1;999;;1;1;1;;;17;998
9;6;12;8;8279;;3;2;No inventariada;;14;7;2;1;;1;1;1;;;17;998
9;7;12;8;8279;;3;2;No inventariada;;14;3;1;999;;3;1;4;;;17;998
11;4;19;8;8108;;3;2;No inventariada;;14;2;2;1;;3;1;3;;;1;998
11;5;18;8;8015;;3;2;No inventariada;;14;7;1;999;;1;2;1;;;17;998
11;4;6;8;8200;;3;2;No inventariada;;14;9;2;4;;1;4;1;;;17;998
11;7;13;8;8101;;3;2;No inventariada;;14;3;2;1;;1;1;1;;;17;998
11;3;21;8;8101;;3;2;No inventariada;;14;7;2;1;;1;4;1;;;17;998
11;3;16;8;8101;;3;2;No inventariada;;14;3;2;4;;1;1;1;;;17;998
11;1;12;8;8101;;3;2;No inventariada;;14;3;1;999;;1;1;1;;;17;998
11;2;11;8;8101;;3;2;No inventariada;;14;9;1;999;;1;1;1;;;17;998
11;7;22;8;8101;;3;2;No inventariada;;14;9;1;999;;1;4;1;;;17;998
11;5;20;8;8101;;3;2;No inventariada;;14;2;2;1;;1;4;1;;;17;998
10;1;14;8;8073;;3;2;No inventariada;;14;7;1;999;;3;1;3;;;17;998
11;2;8;8;8140;;3;2;No inventariada;;14;19;2;2;;1;1;1;;;999;998
11;6;16;8;8205;;1;1;BV-1468;7,8;6;2;2;2;;1;1;1;;;999;4
11;6;19;8;8007;;2;2;C-61;2,8;6;20;1;999;;1;4;1;;;999;4
11;7;18;8;8019;;1;1;C-58;0,8;2;3;1;999;;1;4;1;;;999;4
11;7;18;8;8184;;1;1;No inventariada;9,5;6;2;2;2;;1;6;1;;;999;4
11;1;7;8;8135;;1;1;AP-7;135,4;2;20;1;999;;1;4;1;;;999;4
11;1;6;8;8089;;1;1;C-32;49,9;2;4;1;999;;1;5;1;;;999;4
11;1;7;8;8015;;1;1;C-31;215,1;2;4;1;999;;1;1;1;;;17;1
11;1;13;8;8260;;1;1;AP-7;143;2;3;2;4;;1;1;1;;;999;4
11;2;6;8;8091;;1;1;AP-7;178,5;2;4;1;999;;1;6;1;;;999;4
11;2;6;8;8015;;1;1;C-31;212,5;2;4;1;999;;1;4;1;;;17;1
11;2;7;8;8245;;1;1;B-20;17,4;2;3;1;999;;1;5;1;;;999;4
11;2;7;8;8138;;1;1;N-141c;21,9;6;1;1;999;;3;2;1;;;999;4
11;2;8;8;8270;;1;1;C-32;33,7;2;4;1;999;;1;1;1;;;999;4
11;2;10;8;8211;;1;1;B-23;7,3;2;3;1;999;;1;1;1;;;999;4
11;2;14;8;0;;1;1;C-37;89,9;6;2;1;999;;1;1;1;;;999;4
11;2;17;8;8015;;1;1;C-31;212,8;2;4;1;999;;1;4;1;;;999;4
11;2;19;8;8073;;1;1;B-20;1,3;2;4;1;999;;1;4;1;;;999;4
11;2;18;8;0;;1;1;C-16;67;3;19;1;999;;1;6;1;;;999;4
11;2;20;8;8161;;2;2;BV-2242;11,3;14;2;2;2;;1;5;1;;;999;4
11;2;22;8;0;;1;1;C-17;43,8;3;19;1;999;;1;6;1;;;999;4
8;1;7;8;8029;;3;2;No inventariada;;14;2;2;4;;1;1;1;;;17;998
11;4;13;8;8121;;3;2;No inventariada;;14;4;1;999;;1;1;1;;;17;998
11;2;9;8;8305;;3;2;No inventariada;;14;2;2;1;;1;1;1;;;17;998
11;7;12;8;8003;;1;1;BP-5002;4,6;6;19;1;999;;1;1;1;;;17;2
11;5;18;8;8305;;3;2;No inventariada;;14;9;2;1;;1;4;1;;;17;998
9;1;8;8;8279;;3;2;No inventariada;;14;3;1;999;;1;1;1;;;17;998
9;1;17;8;8279;;3;2;No inventariada;;14;2;1;999;;1;1;1;;;17;998
9;4;12;8;8029;;3;2;No inventariada;;14;4;2;4;;1;1;1;;;17;998
11;2;13;8;8305;;3;2;No inventariada;;14;6;1;999;;1;1;1;;;17;998
9;1;17;8;8279;;3;2;No inventariada;;14;3;2;2;;1;1;1;;;17;998
11;3;7;8;8073;;3;2;No inventariada;;14;3;2;4;;1;2;1;;;17;998
8;6;19;8;8279;;3;2;No inventariada;;14;2;2;1;;1;1;1;;;17;998
9;7;15;8;8279;;3;2;No inventariada;;14;7;1;999;;1;1;1;;;17;998
11;6;22;8;8089;;3;2;No inventariada;;14;2;2;1;;1;4;1;;;17;998
4;1;14;8;8076;;3;2;No inventariada;;14;4;2;1;;1;1;1;;;17;998
9;5;12;8;8279;;3;2;No inventariada;;14;2;2;1;;1;1;1;;;17;998
9;5;14;8;8279;;2;2;BP-1503;22,1;14;9;2;4;;1;1;1;;;17;4
11;2;10;8;8305;;3;2;No inventariada;;14;2;2;4;;1;1;1;;;17;998
11;5;9;8;8298;;3;2;No inventariada;;14;2;2;1;;1;1;1;;;17;998
10;5;9;8;8015;;3;2;No inventariada;;14;6;2;2;;1;1;1;;;17;998
10;2;9;8;8015;;3;2;No inventariada;;14;7;1;999;;1;1;1;;;17;998
10;3;13;8;8015;;3;2;No inventariada;;14;4;2;4;;1;1;1;;;17;998
10;3;10;8;8015;;3;2;No inventariada;;14;9;1;999;;8;1;1;;;17;998
11;4;2;8;8015;;3;2;No inventariada;;14;2;2;2;;1;4;1;;;17;998
9;5;15;8;8113;;3;2;No inventariada;;14;2;2;1;;1;1;1;;;1;998
11;6;11;8;0;;1;1;C-16;113,6;6;4;1;999;;1;1;1;;;999;4
11;3;15;8;8073;;2;2;BV-2001;0,5;14;19;1;999;;1;1;1;;;17;4
11;7;18;8;8001;;1;1;A-2;583;3;4;1;999;;1;5;1;;;999;4
11;4;18;8;8015;;1;1;C-31;212;2;4;1;999;;1;4;1;;;999;4
11;1;6;8;8019;;1;1;C-58;1;2;4;1;999;;1;6;1;;;999;4
11;1;7;8;8125;;1;1;C-58;2,5;2;3;1;999;;1;2;1;;;999;4
11;1;21;8;0;;1;1;C-15;32;6;8;1;999;;1;6;1;;;999;4
11;2;8;8;8019;;1;1;C-58;0;2;20;2;;;1;1;1;;;999;4
11;2;20;8;8205;;1;1;AP-7;157,6;2;6;1;999;;1;6;1;;;999;4
11;3;7;8;8217;;1;1;A-2;607,9;3;3;2;2;;1;2;1;;;999;4
11;3;7;8;8252;;1;1;AP-7;146,5;2;4;1;999;;1;2;1;;;17;1
11;3;8;8;8105;;1;1;C-33;85;2;4;1;999;;1;1;1;;;999;4
11;3;8;8;8077;;1;1;B-23;1,6;2;3;1;999;;1;1;1;;;999;4
11;3;11;8;0;;1;1;N-2a;567,9;6;19;1;999;;1;1;1;;;999;4
11;3;14;8;8113;;1;1;C-55;34,7;6;3;2;4;;1;1;1;;;999;4
11;3;15;8;8211;;1;1;B-23;8,1;2;4;1;999;;1;1;1;;;999;4
11;3;15;8;8217;;1;1;A-2;606;3;3;1;999;;1;1;1;;;999;4
11;3;14;8;0;;1;1;B-520;2;6;1;1;999;;1;1;1;;;17;2
11;3;16;8;8077;;1;1;B-23;1,3;2;2;1;999;;1;1;1;;;999;4
11;3;17;8;8305;;1;1;AP-7;195,1;2;3;1;999;;1;1;1;;;999;4
11;3;18;8;0;;1;1;C-1413a;4,6;6;9;2;4;;1;4;1;;;999;4
11;2;20;8;8102;;3;2;No inventariada;;14;2;1;999;;1;5;1;;;17;998
8;1;11;8;8015;;3;2;No inventariada;;14;2;2;1;;1;1;1;;;17;998
9;5;21;8;8279;;3;2;No inventariada;;14;2;1;999;;1;4;1;;;17;998
9;1;8;8;8279;;3;2;No inventariada;;14;2;2;2;;1;1;1;;;17;998
9;3;19;8;8279;;3;2;No inventariada;;14;6;1;999;;1;1;1;;;17;998
9;2;14;8;8279;;3;2;No inventariada;;14;9;2;1;;1;1;1;;;17;998
9;2;11;8;8279;;2;2;BP-1503;22,1;14;2;2;2;;1;1;1;;;17;4
9;5;14;8;8279;;3;2;No inventariada;;14;2;2;1;;1;1;1;;;17;998
11;4;17;8;8121;;3;2;No inventariada;;14;2;2;2;;1;4;1;;;17;998
9;7;22;8;8279;;3;2;No inventariada;;14;2;1;999;;1;4;1;;;17;998
9;7;0;8;8279;;3;2;No inventariada;;14;3;1;999;;1;4;1;;;17;998
11;1;16;8;8285;;3;2;No inventariada;;14;2;2;1;;1;1;1;;;17;998
11;3;14;8;8298;;3;2;No inventariada;;14;2;2;4;;1;1;1;;;17;998
10;2;17;8;8266;;2;2;No inventariada;;14;1;1;999;;1;1;1;;;17;4
10;2;19;8;8266;;3;2;No inventariada;;14;4;2;4;;1;1;1;;;17;998
11;4;16;8;8015;;3;2;No inventariada;;14;4;1;999;;1;1;1;;;17;998
10;5;11;8;8015;;3;2;No inventariada;;14;7;1;999;;1;1;1;;;17;998
11;5;12;8;8101;;3;2;No inventariada;;14;7;1;999;;1;1;1;;;1;998
11;1;7;8;8169;;1;1;C-31;193;3;6;2;4;;3;1;3;;;999;4
11;3;5;8;8238;;1;1;C-58;13,9;2;4;2;;;1;6;1;;;999;4
11;3;12;8;8904;;1;1;C-58;9,1;2;3;1;999;;1;1;1;;;999;4
11;3;13;8;8260;;1;1;AP-7;140,9;2;4;1;999;;1;1;1;;;999;4
11;3;14;8;8156;;1;1;C-155;6,9;6;2;2;2;;1;1;1;;;999;4
11;4;7;8;8056;;1;1;C-32;43,5;2;4;1;999;;1;2;1;;;999;4
11;4;10;8;8077;;1;1;C-32;63;3;4;1;999;;1;1;1;;;999;4
11;4;11;8;8301;;1;1;C-32;52,5;2;3;1;999;;1;1;1;;;999;4
11;4;14;8;0;;1;1;C-16;90,4;3;19;1;999;;1;1;1;;;999;4
11;4;13;8;8266;;1;1;BP-1413;3,1;6;19;2;4;;1;1;1;;;999;4
11;4;14;8;8113;;1;1;C-55;30;3;19;1;999;;1;1;1;;;999;4
11;4;13;8;0;;1;1;B-224;19,1;6;2;2;2;;1;1;1;;;999;4
11;4;17;8;8077;;1;1;C-32;63;3;3;1;999;;1;1;1;;;999;4
11;4;18;8;8260;;1;1;C-59;2,2;3;4;1;999;;1;5;1;;;999;4
11;4;19;8;8217;;1;1;A-2;607,7;3;4;1;999;;1;5;1;;;999;4
11;4;14;8;8102;;3;2;No inventariada;;14;2;2;4;;1;1;1;;;17;998
11;1;12;8;8089;;3;2;No inventariada;;14;3;1;999;;1;1;1;;;17;998
11;4;14;8;8015;;3;2;No inventariada;;14;7;2;1;;1;1;1;;;17;998
8;6;5;8;8015;;3;2;No inventariada;;14;9;2;1;;1;4;1;;;17;998
11;4;10;8;8200;;3;2;No inventariada;;14;7;2;1;;1;1;1;;;17;998
11;4;20;8;8305;;3;2;No inventariada;;14;2;2;1;;1;6;1;;;17;998
11;1;14;8;8266;;3;2;No inventariada;;14;4;2;4;;1;1;1;;;17;998
11;5;1;8;8200;;3;2;No inventariada;;14;19;1;999;;1;4;1;;;17;998
11;7;20;8;8101;;3;2;No inventariada;;14;7;2;2;;1;4;1;;;17;998
11;5;10;8;8101;;3;2;No inventariada;;14;7;2;2;;1;1;1;;;17;998
11;3;9;8;8101;;3;2;No inventariada;;14;7;1;999;;1;1;1;;;17;998
4;7;3;8;8015;;3;2;No inventariada;;14;4;1;999;;1;4;1;;;17;998
11;5;19;8;8101;;3;2;No inventariada;;14;7;2;1;;1;2;1;;;17;998
10;7;12;8;8270;;1;1;C-31;165,3;6;9;1;999;;3;1;4;;;999;4
11;4;7;8;8260;;1;1;B-140;3,9;6;9;2;4;;8;1;1;;;999;4
11;4;8;8;8205;;1;1;B-30;4,5;2;4;2;2;;1;1;1;;;999;4
11;4;14;8;8300;;1;1;C-16;25,1;2;9;2;;;1;1;1;;;999;4
11;4;14;8;8266;;1;1;B-30;8,5;2;4;1;999;;1;1;1;;;999;4
11;4;18;8;8205;;1;1;C-1413a;14,5;6;8;1;999;;1;6;1;;;999;4
11;4;19;8;8019;;1;1;C-58;0;2;6;2;;;1;4;1;;;999;4
11;5;6;8;8221;;1;1;B-23;3;2;20;1;999;;1;1;1;;;17;4
11;5;7;8;0;;2;2;B-402;10;6;19;1;999;;1;1;1;;;999;4
11;5;7;8;8217;;1;1;A-2;606,5;3;3;2;;;1;2;1;;;17;1
11;5;7;8;8238;;1;1;C-58;13,5;2;20;1;999;;1;1;1;;;17;1
11;5;11;8;0;;1;1;B-522;3,2;6;4;1;999;;1;1;1;;;999;4
11;5;11;8;0;;1;1;No inventariada;0;6;19;1;999;;1;1;1;;;999;4
11;5;12;8;8033;;1;1;C-59;17,3;6;19;1;999;;1;1;1;;;17;1
11;5;13;8;8231;;1;1;BV-2112;2,7;6;3;1;999;;1;1;1;;;999;4
11;5;13;8;8072;;1;1;A-2;595,6;3;4;1;999;;1;1;1;;;999;4
11;5;13;8;8019;;1;1;C-33;78,5;6;4;1;999;;1;1;1;;;999;4
11;5;13;8;8200;;1;1;C-32;55,2;2;3;1;999;;1;1;1;;;999;4
11;5;14;8;8123;;1;1;B-23;10,5;2;4;1;999;;1;1;1;;;999;4
11;5;14;8;8307;;1;1;C-31;154,5;6;4;1;999;;1;1;1;;;999;4
11;5;17;8;0;;1;1;C-61;15,4;6;19;1;999;;1;2;1;;;999;4
11;5;16;8;0;;1;1;BV-2116;1;6;9;1;999;;1;1;1;;;999;4
11;5;17;8;8205;;1;1;BP-1417;6,8;6;9;1;999;;3;2;1;;;999;4
11;5;17;8;8198;;1;1;BP-5107;48;6;4;1;999;;1;2;1;;;999;4
11;5;17;8;8196;;1;1;A-2;594,2;3;9;2;4;;1;5;1;;;17;2
11;5;19;8;8214;;1;1;C-32;92;2;9;1;999;;1;4;1;;;999;4
11;5;20;8;0;;1;1;BV-5128;22,1;6;9;1;999;;1;5;1;;;999;4
11;5;20;8;8238;;1;1;C-58;13;2;9;1;999;;1;5;1;;;999;4
10;5;13;8;8123;;3;2;No inventariada;;14;3;1;999;;1;1;1;;;17;998
10;1;9;8;8108;;2;2;BV-1604;3,2;14;9;1;999;;3;1;1;;;17;4
9;4;19;8;8194;;3;2;No inventariada;;14;4;1;999;;1;4;1;;;17;998
9;4;21;8;8194;;3;2;No inventariada;;14;2;1;999;;1;1;1;;;17;998
9;6;16;8;8194;;3;2;No inventariada;;14;4;1;999;;1;1;1;;;17;998
9;6;18;8;8194;;3;2;No inventariada;;14;2;2;2;;3;2;3;;;17;998
9;1;13;8;8194;;3;2;No inventariada;;14;9;1;999;;1;1;1;;;17;998
11;1;7;8;8041;;1;1;C-17;23,3;3;2;1;999;;1;1;1;;;999;4
11;4;6;8;8218;;1;1;C-55;39;6;2;1;999;;1;6;1;;;999;4
11;5;18;8;8073;;1;1;A-2;609;3;4;1;999;;1;4;1;;;999;4
11;6;4;8;8263;;1;1;A-2;601;3;3;1;999;;1;4;1;;;999;4
11;6;5;8;8169;;1;1;C-31;192,2;3;4;1;999;;1;4;1;;;999;4
11;6;6;8;8200;;1;1;C-32;54;2;4;1;999;;1;5;1;;;999;4
11;6;10;8;8009;;1;1;C-1415c;6,7;6;3;1;999;;1;1;1;;;999;4
11;6;12;8;8125;;1;1;C-17;1,7;6;9;1;999;;1;4;1;;;999;4
11;6;11;8;8108;;1;1;C-155;9,7;6;9;1;999;;1;1;1;;;999;4
11;6;10;8;8051;;1;1;B-124;12,5;6;1;1;999;;1;1;1;;;999;4
11;6;13;8;0;;1;1;No inventariada;12,5;6;19;1;999;;8;1;1;;;999;4
11;6;13;8;8301;;1;1;C-32;52,3;2;4;1;999;;1;1;1;;;999;4
11;6;15;8;8054;;1;1;A-2;588;3;9;1;999;;1;1;1;;;999;4
11;6;16;8;0;;1;1;BP-2427;1,3;6;9;2;2;;1;1;1;;;999;4
11;6;16;8;0;;3;2;No inventariada;;14;9;1;999;;1;1;1;;;999;998
11;6;18;8;8238;;1;1;C-58;14;2;4;1;999;;1;6;1;;;999;4
11;6;18;8;8307;;1;1;C-15;3,2;3;4;1;999;;1;4;1;;;999;4
11;6;18;8;8194;;1;1;B-10;2,9;3;4;1;999;;1;4;1;;;999;4
11;6;20;8;8231;;1;1;C-15B;0,3;6;4;2;4;;1;4;1;;;999;4
11;6;22;8;8208;;1;1;B-224;22;6;2;2;4;;1;6;1;;;999;4
12;7;0;8;8196;;1;1;A-2;594,4;3;4;1;999;;1;4;1;;;999;4
9;5;8;8;8029;;3;2;No inventariada;;14;3;1;999;;1;1;1;;;17;998
9;3;20;8;8029;;3;2;No inventariada;;14;6;2;4;;1;4;1;;;17;998
10;4;15;8;8029;;3;2;No inventariada;;14;2;2;;;1;1;1;;;17;998
11;5;12;8;8298;;3;2;No inventariada;;14;9;1;999;;1;1;1;;;17;998
11;4;16;8;8015;;3;2;No inventariada;;14;2;1;999;;1;2;1;;;17;998
9;4;16;8;8194;;3;2;No inventariada;;14;4;1;999;;1;1;1;;;17;998
11;6;7;8;8298;;3;2;No inventariada;;14;2;2;1;;1;1;1;;;17;998
9;5;15;8;8194;;3;2;No inventariada;;14;2;2;1;;1;1;1;;;17;998
11;2;21;8;8279;;3;2;No inventariada;;14;20;1;999;;1;1;1;;;17;998
10;5;17;8;8279;;3;2;No inventariada;;14;7;2;2;;1;1;1;;;1;998
11;2;14;8;8113;;3;2;No inventariada;;14;4;1;999;;1;1;1;;;1;998
11;1;8;8;8041;;3;2;No inventariada;;14;7;1;999;;1;1;1;;;17;998
11;7;20;8;8231;;3;2;No inventariada;;14;7;2;2;;1;6;1;;;17;998
11;5;1;8;8279;;3;2;No inventariada;;14;6;1;999;;1;1;1;;;17;998
11;4;9;8;8266;;3;2;No inventariada;;14;7;1;999;;1;1;1;;;1;998
11;6;22;8;8279;;3;2;No inventariada;;14;4;1;999;;1;1;1;;;17;998
11;3;7;8;8041;;1;1;C-17;21,9;3;4;1;999;;1;6;1;;;999;4
11;3;9;8;0;;1;1;BV-5001;14,8;6;19;1;999;;1;2;1;;;999;4
12;7;9;8;0;;1;1;N-141c;20,5;6;9;1;999;;1;1;1;;;999;4
12;7;10;8;8219;;2;2;N-2;640;6;3;1;999;;1;1;1;;;999;4
12;7;13;8;0;;1;1;N-141c;33;6;20;1;999;;1;1;1;;;17;4
12;7;17;8;0;;1;1;No inventariada;1,2;6;19;1;999;;3;1;1;;;999;4
12;7;20;8;8096;;1;1;N-152a;25;3;19;1;999;;1;6;1;;;999;4
10;1;18;8;8029;;3;2;No inventariada;;14;2;2;2;;1;1;1;;;17;998
11;6;15;8;8298;;3;2;No inventariada;;14;1;1;999;;1;1;1;;;17;998
11;6;13;8;8102;;3;2;No inventariada;;14;7;1;999;;1;1;1;;;17;998
11;1;10;8;8029;;3;2;No inventariada;;14;2;2;4;;1;1;1;;;17;998
11;2;6;8;8029;;1;1;N-2;644;6;9;2;1;;1;1;1;;;17;4
12;7;7;8;8102;;3;2;No inventariada;;14;2;2;1;;1;4;1;;;17;998
11;5;15;8;8121;;3;2;No inventariada;;14;7;1;999;;1;1;1;;;17;998
11;5;10;8;8211;;3;2;No inventariada;;14;9;2;4;;8;1;1;;;17;998
11;6;22;8;8121;;3;2;No inventariada;;14;2;2;1;;1;4;1;;;17;998
11;5;19;8;8073;;3;2;No inventariada;;14;3;2;1;;1;4;1;;;17;998
11;6;18;8;8073;;3;2;No inventariada;;14;7;1;999;;1;4;1;;;17;998
10;1;13;8;8266;;3;2;No inventariada;;14;2;2;1;;1;1;1;;;17;998
10;1;11;8;8266;;3;2;No inventariada;;14;2;2;1;;1;1;1;;;17;998
5;2;16;8;8088;;3;2;No inventariada;;14;7;1;999;;1;1;1;;;17;998
5;2;9;8;8088;;3;2;No inventariada;;14;2;2;1;;1;1;1;;;17;998
6;2;15;8;8088;;3;2;No inventariada;;14;2;2;1;;1;1;1;;;17;998
11;4;8;8;8073;;1;1;B-20;2,9;2;4;2;2;;1;1;1;;;999;4
11;5;20;8;0;;1;1;BP-1103;2,3;6;19;1;999;;1;6;1;;;999;4
11;7;12;8;0;;1;1;BV-1245;5,8;6;1;1;999;;1;1;1;;;999;4
11;1;5;8;8101;;1;1;C-31;199;3;4;1;999;;1;4;1;;;999;4
11;4;19;8;8279;;1;1;No inventariada;19,8;6;8;1;999;;1;6;1;;;999;4
11;5;12;8;8167;;1;1;B-142;1;6;3;2;4;;1;1;1;;;999;4
11;5;20;8;0;;1;1;No inventariada;0;6;19;1;999;;1;6;1;;;999;4
11;6;11;8;8264;;2;2;N-2;653,5;6;4;1;999;;1;1;1;;;999;4
11;6;13;8;8194;;1;1;C-31;209,5;2;4;2;2;;1;1;1;;;999;4
12;1;6;8;8217;;1;1;A-2;607,5;3;4;1;999;;1;4;1;;;999;4
12;1;6;8;8096;;1;1;C-35;30,4;6;1;2;2;;1;5;1;;;17;2
12;1;7;8;0;;1;1;C-37;88;6;2;1;999;;1;2;1;;;999;4
12;1;12;8;0;;1;1;No inventariada;25,7;6;19;1;999;;1;1;1;;;999;4
12;1;13;8;0;;2;2;No inventariada;;14;1;1;999;;1;1;1;;;999;4
12;1;15;8;0;;1;1;A-2;573,9;3;19;1;999;;1;1;1;;;999;4
12;1;14;8;8169;;1;1;C-31C;2,2;3;9;2;4;;1;1;1;;;999;4
12;1;18;8;0;;1;1;BP-1101;12,8;6;9;1;999;;1;6;1;;;999;4
12;1;19;8;8262;;1;1;BV-1229;3,5;6;4;1;999;;1;6;1;;;999;4
12;1;13;8;8266;;1;1;AP-7;152,2;2;4;1;999;;1;1;1;;;999;4
11;5;18;8;8305;;3;2;No inventariada;;14;9;1;999;;1;4;1;;;17;998
9;3;20;8;8023;;3;2;No inventariada;;14;2;1;999;;1;2;1;;;17;998
11;4;16;8;8305;;3;2;No inventariada;;14;7;2;1;;1;1;1;;;17;998
12;1;9;8;8015;;3;2;No inventariada;;14;2;1;999;;1;1;1;;;17;998
11;5;22;8;8305;;3;2;No inventariada;;14;2;2;1;;1;4;1;;;17;998
1;5;14;8;8030;;2;2;BV-5022;2,6;14;9;2;4;;3;1;3;;;17;4
9;6;12;8;8023;;1;1;BP-1432;26,4;6;3;2;4;;1;1;1;;;17;4
12;1;19;8;8181;;3;2;No inventariada;;14;2;2;4;;1;4;1;;;17;998
11;7;12;8;8200;;3;2;No inventariada;;14;4;2;4;;1;1;1;;;17;998
11;1;14;8;8015;;3;2;No inventariada;;14;3;1;999;;1;1;1;;;17;998
11;2;15;8;8200;;3;2;No inventariada;;14;2;2;1;;1;1;1;;;17;998
10;4;16;8;8107;;2;2;BV-1602;7;14;7;2;2;;1;1;1;;;1;4
11;7;1;8;8136;;3;2;No inventariada;;14;9;1;999;;1;4;1;;;1;998
11;4;21;8;8073;;1;1;C-32;60,5;3;4;1;999;;1;4;1;;;999;4
11;5;7;8;8211;;1;1;B-23;7,9;2;4;1;999;;1;4;1;;;999;4
11;6;14;8;0;;1;1;BP-1121;7,2;6;20;1;999;;1;1;1;;;17;4
11;6;21;8;8019;;1;1;C-58;0,5;2;6;2;2;;1;4;1;;;999;4
12;1;6;8;8015;;1;1;C-31;210,5;2;4;1;999;;1;5;1;;;999;4
12;1;14;8;8291;;1;1;C-16;31;2;19;1;999;;1;1;1;;;999;4
12;2;7;8;8125;;1;1;C-155;8,7;6;9;1;999;;8;5;1;;;999;4
12;2;7;8;8054;;1;1;A-2;587,1;3;4;1;999;;1;2;1;;;999;4
12;2;9;8;8250;;1;1;No inventariada;1,3;6;9;1;999;;1;1;1;;;999;4
12;2;12;8;8211;;1;1;A-2;605;3;9;1;999;;1;1;1;;;999;4
12;2;14;8;8076;;1;1;A-2;580,5;3;3;1;999;;1;1;1;;;999;4
12;2;17;8;8101;;1;1;C-31;196;3;4;1;999;;1;5;1;;;999;4
12;2;19;8;8169;;1;1;A-2;610,7;3;3;1;999;;1;2;1;;;999;4
12;2;6;8;0;;1;1;AP-7;172,2;2;4;1;999;;1;5;1;;;17;2
12;2;22;8;8284;;1;1;GI-512;2;6;19;1;999;;3;6;1;;;999;4
12;7;17;8;8102;;3;2;No inventariada;;14;2;2;1;;1;1;1;;;17;998
11;5;12;8;8073;;3;2;No inventariada;;14;9;1;999;;1;1;1;;;17;998