MES;DIA_SEMANA;HORA;COD_PROVINCIA;COD_MUNICIPIO;ISLA;ZONA;ZONA_AGRUPADA;CARRETERA;KM;TIPO_VIA;TIPO_ACCIDENTE;NUDO;NUDO_INFO;CARRETERA_CRUCE;CONDICION_FIRME;CONDICION_ILUMINACION;CONDICION_METEO;CONDICION_NIEBLA;CONDICION_VIENTO;VISIB_RESTRINGIDA_POR;TRAZADO_PLANTA
9;2;11;8;8023;;3;2;No inventariada;;14;2;1;999;;1;1;1;;;17;998
10;4;10;8;8046;;2;2;BV-5103;1,7;14;3;1;999;;1;1;1;;;17;4
10;7;1;8;8046;;3;2;No inventariada;;14;3;2;1;;1;4;1;;;17;998
8;7;20;8;8307;;3;2;No inventariada;;14;4;2;4;;1;1;1;;;17;998
12;1;17;8;8305;;3;2;No inventariada;;14;9;1;999;;1;1;1;;;17;998
11;3;19;8;8046;;3;2;No inventariada;;14;4;1;999;;1;2;1;;;17;998
9;6;17;8;8307;;3;2;No inventariada;;14;4;2;2;;1;1;1;;;17;998
11;2;7;8;8046;;2;2;BV-5103;2,1;14;2;2;1;;1;2;1;;;17;4
10;2;22;8;8307;;3;2;No inventariada;;14;9;1;999;;1;5;1;;;17;998
12;2;12;8;8305;;3;2;No inventariada;;14;7;2;1;;1;1;1;;;17;998
10;1;10;8;8307;;3;2;No inventariada;;14;2;2;4;;1;1;1;;;17;998
12;2;7;8;8046;;3;2;No inventariada;;14;7;1;999;;1;1;1;;;17;998
11;3;19;8;8200;;3;2;No inventariada;;14;4;2;2;;1;4;1;;;17;998
11;4;7;8;8245;;2;2;BV-5001;0,9;14;7;1;999;;1;1;1;;;17;4
11;4;18;8;8003;;3;2;No inventariada;;14;2;2;2;;1;4;1;;;17;998
11;4;10;8;8245;;3;2;No inventariada;;14;20;2;1;;1;1;1;;;17;998
11;6;0;8;8245;;3;2;No inventariada;;14;2;2;4;;1;4;1;;;17;998
11;4;8;8;8015;;3;2;No inventariada;;14;2;2;1;;1;1;1;;;17;998
11;7;3;8;8245;;3;2;No inventariada;;14;4;1;999;;1;4;1;;;17;998
11;5;13;8;8200;;3;2;No inventariada;;14;3;2;2;;1;1;1;;;17;998
11;1;12;8;8245;;3;2;No inventariada;;14;7;2;4;;1;1;1;;;17;998
11;2;14;8;8245;;3;2;No inventariada;;14;4;1;999;;1;1;1;;;17;998
11;3;13;8;8245;;2;2;BV-5001;0,9;14;4;1;999;;1;1;1;;;17;4
11;3;18;8;8245;;3;2;No inventariada;;14;4;2;2;;1;4;1;;;17;998
11;6;3;8;8245;;3;2;No inventariada;;14;19;2;1;;1;4;1;;;17;998
10;4;14;8;8015;;3;2;No inventariada;;14;9;1;999;;1;1;1;;;17;998
10;4;21;8;8015;;3;2;No inventariada;;14;6;1;999;;1;4;1;;;17;998
10;1;19;8;8238;;3;2;No inventariada;;14;7;2;1;;1;2;1;;;17;998
11;5;18;8;8295;;3;2;No inventariada;;14;20;1;999;;1;1;1;;;17;998
11;3;9;8;8284;;2;2;BV-5121;0;14;2;2;4;;1;1;1;;;1;1
11;1;8;8;8240;;1;1;BV-2242;13;6;19;1;999;;3;1;3;;;999;4
11;5;7;8;8217;;1;1;A-2;606,1;3;3;1;999;;1;1;1;;;999;4
12;1;8;8;0;;1;1;C-17;63,4;3;3;2;2;;3;2;1;;;999;4
12;1;18;8;8238;;1;1;BP-1503;20;6;3;2;2;;1;4;1;;;999;4
12;1;17;8;8279;;1;1;C-58;16,3;2;4;1;999;;1;5;1;;;999;4
12;2;11;8;8181;;1;1;C-352;19,8;3;19;1;999;;1;1;1;;;999;4
12;2;15;8;8200;;1;1;C-32;53,5;2;3;1;999;;1;1;1;;;17;1
12;2;18;8;8086;;1;1;C-352;23,3;3;4;1;999;;1;5;1;;;999;4
12;2;20;8;8181;;1;1;AP-7;126;2;2;1;999;;1;6;1;;;999;4
12;3;3;8;8187;;1;1;C-58;10,5;2;19;1;999;;1;6;1;;;999;4
12;3;6;8;0;;1;1;C-16;111,8;6;9;1;999;;3;6;1;;;999;4
12;3;8;8;8138;;1;1;N-141c;28,9;6;1;1;999;;1;1;1;1;;5;1
12;3;14;8;8119;;1;1;BV-2241;8,5;6;7;1;999;;1;1;1;;;999;4
12;3;15;8;8278;;3;2;No inventariada;;14;7;2;4;;1;1;1;;;999;998
12;3;16;8;0;;3;2;No inventariada;;14;9;2;2;;1;1;1;;;999;998
12;3;18;8;8022;;1;1;No inventariada;75;6;19;1;999;;1;6;1;;;999;4
12;3;19;8;8221;;1;1;B-23;2,8;2;3;1;999;;1;5;1;;;999;4
11;6;11;8;8015;;3;2;No inventariada;;14;4;1;999;;1;1;1;;;17;998
12;3;15;8;8305;;3;2;No inventariada;;14;4;1;999;;1;1;1;;;17;998
12;7;14;8;8245;;3;2;No inventariada;;14;18;1;999;;1;1;1;;;17;998
10;4;15;8;8307;;3;2;No inventariada;;14;9;1;999;;1;1;1;;;17;998
12;3;8;8;8245;;3;2;No inventariada;;14;3;2;4;;1;1;1;;;17;998
10;2;9;8;8305;;3;2;No inventariada;;14;9;1;999;;1;1;1;;;1;998
12;3;17;8;8245;;2;2;BV-5001;0,9;14;3;2;2;;1;1;1;;;17;4
10;6;12;8;8307;;3;2;No inventariada;;14;9;2;1;;3;1;3;;;17;998
10;7;12;8;8307;;3;2;No inventariada;;14;6;1;999;;1;1;1;;;17;998
10;7;10;8;8307;;3;2;No inventariada;;14;4;2;4;;3;1;3;;;17;998
11;5;14;8;8200;;3;2;No inventariada;;14;3;1;999;;1;1;1;;;17;998
10;3;19;8;8307;;3;2;No inventariada;;14;4;1;999;;1;1;1;;;17;998
12;4;8;8;8073;;3;2;No inventariada;;14;4;1;999;;1;1;1;;;17;998
11;3;11;8;8169;;3;2;No inventariada;;14;2;2;2;;1;1;1;;;17;998
11;4;8;8;8169;;3;2;No inventariada;;14;2;1;999;;1;1;1;;;17;998
12;2;18;8;8904;;1;1;C-58;10;2;4;1;999;;1;6;1;;;999;4
12;3;9;8;8019;;1;1;C-58;0;2;3;1;999;;1;1;1;;;999;4
12;3;14;8;8181;;1;1;C-1415c;17,3;6;4;2;4;;1;1;1;;;999;4
12;3;17;8;8015;;1;1;C-31;211,5;2;4;1;999;;1;4;1;;;999;4
12;3;18;8;0;;1;1;BP-5107;44,5;6;2;1;999;;1;6;1;;;17;3
12;4;7;8;0;;1;1;C-1413a;2,2;6;19;1;999;;1;1;1;;;999;4
12;4;7;8;8196;;1;1;A-2;594,4;3;3;1;999;;1;2;1;;;999;4
12;4;7;8;8904;;1;1;C-58;10,2;2;4;1;999;;1;2;1;;;999;4
12;4;8;8;8180;;1;1;C-58;7,5;2;9;2;;;1;1;1;;;999;4
12;4;9;8;8001;;1;1;A-2;583,9;3;2;1;999;;1;1;1;;;999;4
12;4;11;8;8089;;1;1;B-210;2,1;6;4;1;999;;1;1;1;;;999;4
12;1;19;8;8305;;1;1;B-212;0,3;6;8;1;999;;1;6;1;;;999;4
12;4;13;8;8101;;1;1;C-31;195,4;3;4;1;999;;1;1;1;;;999;4
12;4;13;8;0;;1;1;B-431;50;6;19;1;999;;1;1;1;;;999;4
12;4;16;8;8101;;1;1;C-31;196,2;3;4;1;999;;1;1;1;;;999;4
12;4;16;8;8091;;1;1;AP-7;174,5;2;9;1;999;;1;1;1;;;999;4
12;4;14;8;8217;;1;1;A-2;607,4;3;4;1;999;;1;1;1;;;17;1
12;4;23;8;8135;;1;1;BV-5003;3;6;3;1;999;;1;6;1;;;999;4
12;4;22;8;8305;;1;1;AP-7;195,9;2;4;1;999;;1;6;1;;;999;4
12;4;22;8;8200;;1;1;C-245;11,5;6;9;2;2;;1;6;1;;;999;4
12;4;12;8;8015;;3;2;No inventariada;;14;4;1;999;;1;1;1;;;17;998
12;4;13;8;8015;;3;2;No inventariada;;14;7;2;2;;1;1;1;;;17;998
12;4;5;8;8003;;1;1;C-32;86;2;19;1;999;;1;5;1;;;999;4
12;5;12;8;0;;1;1;BV-4024;21;6;20;1;999;;1;1;1;;;17;4
12;5;16;8;8240;;1;1;AP-7;182,5;2;3;1;999;;1;1;1;;;999;4
12;5;20;8;8125;;1;1;BV-5011;8;6;19;1;999;;1;6;1;;;999;4
12;5;21;8;8073;;1;1;C-245;12,5;6;4;2;2;;1;4;1;;;999;4
12;5;22;8;8172;;2;2;N-2;637,5;6;19;1;999;;1;4;1;;;999;4
12;4;21;8;8181;;3;2;No inventariada;;14;9;2;4;;1;4;1;;;17;998
12;2;15;8;8217;;3;2;No inventariada;;14;2;1;999;;1;1;1;;;17;998
12;5;23;8;8298;;3;2;No inventariada;;14;7;2;1;;1;4;1;;;17;998
12;4;19;8;8298;;3;2;No inventariada;;14;7;1;999;;1;4;1;;;17;998
10;4;13;8;8238;;3;2;No inventariada;;14;3;1;999;;1;1;1;;;17;998
7;1;9;8;8088;;3;2;No inventariada;;14;2;2;4;;1;1;1;;;17;998
7;2;8;8;8088;;3;2;No inventariada;;14;1;2;2;;1;1;1;;;17;998
8;3;12;8;8088;;1;1;BP-1432;32;6;9;2;4;;1;1;1;;;17;4
12;6;5;8;0;;1;1;C-25;193,8;3;19;1;999;;3;6;3;;;999;4
12;6;9;8;8205;;1;1;AP-7;153,8;2;20;1;999;;1;1;1;;;17;1
12;6;14;8;8073;;1;1;B-10;20,1;3;4;2;2;;1;1;1;;;999;4
12;6;19;8;8217;;1;1;A-2;607;3;3;1;999;;1;4;1;;;999;4
12;6;21;8;0;;1;1;BV-2122;3,5;6;2;2;2;;1;5;1;;;999;4
12;7;2;8;8113;;1;1;C-25;134,2;3;19;1;999;;1;6;1;;;999;4
9;6;20;8;8088;;3;2;No inventariada;;14;1;2;1;;3;4;3;;;17;998
9;1;8;8;8088;;3;2;No inventariada;;14;2;2;1;;3;1;3;;;17;998
9;4;14;8;8088;;3;2;No inventariada;;14;7;2;1;;1;1;1;;;17;998
9;1;14;8;8088;;3;2;No inventariada;;14;2;2;1;;1;1;1;;;17;998
10;7;20;8;8088;;3;2;No inventariada;;14;19;1;999;;1;4;1;;;17;998
10;2;11;8;8088;;3;2;No inventariada;;14;4;2;2;;1;1;1;;;17;998
10;5;15;8;8088;;3;2;No inventariada;;14;2;2;1;;1;1;1;;;17;998
11;4;9;8;8088;;3;2;No inventariada;;14;4;1;999;;1;1;1;;;17;998
11;6;13;8;8088;;3;2;No inventariada;;14;2;2;1;;1;1;1;;;17;998
9;7;14;8;8054;;3;2;No inventariada;;14;20;1;999;;1;1;1;;;17;998
11;3;16;8;8305;;3;2;No inventariada;;14;7;2;1;;1;1;1;;;1;998
11;4;16;8;8298;;3;2;No inventariada;;14;2;1;999;;1;1;1;;;17;998
11;6;11;8;8267;;3;2;No inventariada;;14;9;1;999;;1;1;1;;;1;998
12;5;2;8;8125;;1;1;C-17;3,9;3;20;1;999;;1;4;1;;;999;4
12;6;8;8;8205;;1;1;AP-7;154,5;2;2;1;999;;1;1;1;;;999;4
12;6;15;8;8096;;1;1;C-35;30,5;6;2;2;2;;1;1;1;;;999;4
12;6;17;8;8213;;2;2;No inventariada;2,1;6;2;2;2;;1;5;1;;;999;4
12;7;4;8;8101;;1;1;C-31;196,5;3;4;1;999;;1;4;1;;;999;4
12;7;11;8;8260;;1;1;AP-7;143,5;2;19;2;2;;1;1;1;;;999;4
12;7;11;8;8300;;1;1;C-58;26,8;6;9;1;999;;1;1;1;;;999;4
12;7;12;8;8074;;1;1;C-31;147,5;6;9;2;4;;1;1;1;;;999;4
12;7;12;8;8113;;1;1;C-55;24,9;6;4;1;999;;1;1;1;;;999;4
12;7;17;8;0;;1;1;A-2;570;3;4;1;999;;1;2;1;;;999;4
12;7;18;8;8238;;1;1;BP-1503;20,3;6;8;1;999;;1;6;1;;;999;4
12;7;18;8;8217;;1;1;A-2;608;3;4;1;999;;1;4;1;;;999;4
11;1;20;8;8015;;3;2;No inventariada;;14;7;2;1;;1;2;1;;;17;998
11;5;15;8;8015;;3;2;No inventariada;;14;4;1;999;;1;1;1;;;17;998
9;7;16;8;8015;;3;2;No inventariada;;14;2;2;1;;1;1;1;;;17;998
10;4;17;8;8307;;3;2;No inventariada;;14;9;1;999;;1;1;1;;;17;998
12;5;10;8;8003;;1;1;BP-5002;4;6;9;1;999;;1;1;1;;;17;4
10;5;9;8;8307;;3;2;No inventariada;;14;9;2;2;;1;1;1;;;17;998
11;1;15;8;8121;;2;2;N-2;647,2;14;4;2;4;;1;1;1;;;17;4
10;5;11;8;8307;;3;2;No inventariada;;14;7;1;999;;1;1;1;;;17;998
8;3;12;8;8015;;3;2;No inventariada;;14;1;1;999;;1;1;1;;;17;998
10;5;12;8;8307;;3;2;No inventariada;;14;4;2;4;;1;1;1;;;17;998
12;6;20;8;8245;;3;2;No inventariada;;14;9;2;1;;8;4;1;;;17;998
10;1;15;8;8307;;3;2;No inventariada;;14;9;2;4;;1;1;1;;;17;998
12;3;9;8;8169;;3;2;No inventariada;;14;7;2;4;;1;1;1;;;17;998
12;3;9;8;8169;;3;2;No inventariada;;14;7;2;4;;1;1;1;;;17;998
12;3;9;8;8169;;3;2;No inventariada;;14;2;2;2;;1;1;1;;;17;998
10;3;17;8;8266;;3;2;No inventariada;;14;19;1;999;;1;1;1;;;17;998
12;2;13;8;8169;;3;2;No inventariada;;14;4;2;2;;1;1;1;;;17;998
10;5;21;8;8266;;3;2;No inventariada;;14;9;2;2;;3;4;3;;;17;998
10;6;14;8;8266;;3;2;No inventariada;;14;4;1;999;;3;1;3;;;17;998
10;1;11;8;8266;;3;2;No inventariada;;14;7;2;1;;3;1;3;;;17;998
10;1;15;8;8266;;3;2;No inventariada;;14;6;2;4;;1;1;1;;;17;998
12;3;18;8;8298;;3;2;No inventariada;;14;9;1;999;;1;4;1;;;17;998
10;2;9;8;8015;;3;2;No inventariada;;14;2;1;999;;1;1;1;;;17;998
11;4;18;8;8101;;3;2;No inventariada;;14;3;2;4;;1;4;1;;;17;998
10;4;15;8;8101;;3;2;No inventariada;;14;3;1;999;;1;1;1;;;17;998
11;4;20;8;8101;;3;2;No inventariada;;14;19;2;2;;1;4;1;;;17;998
12;5;18;8;8073;;3;2;No inventariada;;14;4;2;4;;1;4;1;;;17;998
12;6;14;8;8200;;3;2;No inventariada;;14;6;2;1;;1;1;1;;;17;998
12;5;17;8;8073;;3;2;No inventariada;;14;4;1;999;;1;2;1;;;17;998
12;3;11;8;8200;;3;2;No inventariada;;14;7;1;999;;1;1;1;;;17;998
11;5;16;8;8101;;3;2;No inventariada;;14;3;2;4;;1;1;1;;;17;998
11;4;8;8;8015;;3;2;No inventariada;;14;2;2;2;;1;1;1;;;17;998
12;2;0;8;8073;;3;2;No inventariada;;14;2;2;2;;1;5;1;;;17;998
12;5;23;8;8073;;3;2;No inventariada;;14;9;1;999;;1;4;1;;;17;998
10;2;22;8;8015;;3;2;No inventariada;;14;20;1;999;;1;1;1;;;17;998
11;4;13;8;8051;;3;2;No inventariada;;14;7;1;999;;1;1;1;;;9;998
11;2;11;8;8307;;3;2;No inventariada;;14;20;2;4;;1;1;1;;;1;998
12;1;13;8;8101;;3;2;No inventariada;;14;20;1;999;;1;1;1;;;17;998
11;3;15;8;8019;;1;1;C-33;77,3;2;19;1;999;;1;1;1;;;999;4
12;1;9;8;8284;;2;2;N-2;681;6;19;2;4;;1;1;1;;;999;4
11;1;16;8;8217;;1;1;A-2;606;3;4;1;999;;1;1;1;;;999;4
11;1;18;8;8169;;1;1;B-20;2,5;2;4;1;999;;1;4;1;;;999;4
11;5;21;8;8022;;1;1;BV-4241;3,1;6;19;1;999;;1;6;1;;;999;4
12;4;8;8;8118;;2;2;N-2;634;6;9;1;999;;1;1;1;;;999;4
12;4;14;8;8156;;1;1;B-143;4,1;6;3;2;4;;1;1;1;;;999;4
12;4;14;8;8194;;1;1;C-31;209,2;2;4;1;999;;1;1;1;;;999;4
12;4;16;8;8252;;1;1;AP-7;146,7;2;4;1;999;;1;1;1;;;999;4
12;4;18;8;8252;;1;1;B-30;9,5;2;4;1;999;;1;6;1;;;999;4
12;4;18;8;8194;;1;1;C-31;209,2;2;3;1;999;;1;1;1;;;999;4
12;5;12;8;8019;;1;1;C-58;0;2;4;2;;;1;1;1;;;999;4
12;5;18;8;8015;;1;1;B-20;19,7;2;9;1;999;;1;4;1;;;999;4
12;5;18;8;8156;;1;1;C-155;7,9;6;20;2;2;;1;6;1;;;999;4
12;5;20;8;8245;;1;1;B-20;18,5;2;4;1;999;;1;4;1;;;999;4
12;1;10;8;8217;;1;1;A-2;606;3;2;2;4;;1;1;1;;;999;4
12;1;13;8;8240;;1;1;BV-2241;4,1;6;19;1;999;;1;1;1;;;999;4
12;1;13;8;8200;;1;1;C-32;53,5;2;4;1;999;;1;1;1;;;999;4
12;1;15;8;8077;;1;1;C-32;61,7;3;9;1;999;;1;1;1;;;999;4
12;1;18;8;0;;1;1;AP-7;161,5;2;4;2;;;1;4;1;;;999;4
12;1;7;8;8285;;3;2;No inventariada;;14;9;1;999;;1;2;1;;;17;998
1;4;9;8;8030;;3;2;No inventariada;;14;6;1;999;;1;1;1;;;17;998
12;6;20;8;8102;;3;2;No inventariada;;14;9;1;999;;1;4;1;;;17;998
2;1;19;8;8030;;3;2;No inventariada;;14;7;2;2;;1;2;1;;;17;998
11;7;18;8;8089;;3;2;No inventariada;;14;19;1;999;;1;1;1;;;17;998
12;1;17;8;8245;;3;2;No inventariada;;14;4;2;1;;1;1;1;;;17;998
12;1;18;8;8245;;2;2;BV-5001;0,9;14;7;1;999;;1;4;1;;;17;4
12;5;12;8;8217;;2;2;No inventariada;;14;4;2;4;;1;1;1;;;17;4
12;1;6;8;8073;;3;2;No inventariada;;14;7;1;999;;1;4;1;;;17;998
11;6;18;8;8102;;3;2;No inventariada;;14;7;2;1;;1;4;1;;;17;998
11;5;21;8;8307;;3;2;No inventariada;;14;2;2;1;;1;1;1;;;17;998
11;6;21;8;8200;;2;2;BV-2002;7;14;2;2;2;;1;4;1;;;17;4
11;5;7;8;8252;;3;2;No inventariada;;14;6;1;999;;1;1;1;;;17;998
12;7;13;8;8015;;3;2;No inventariada;;14;9;1;999;;1;1;1;;;17;998
11;6;9;8;8015;;3;2;No inventariada;;14;4;1;999;;1;1;1;;;17;998
11;2;12;8;8015;;3;2;No inventariada;;14;2;2;1;;1;1;1;;;17;998
12;6;18;8;8200;;3;2;No inventariada;;14;2;2;1;;1;4;1;;;17;998
11;2;6;8;8211;;3;2;No inventariada;;14;1;2;2;;1;4;1;;;17;998
11;3;11;8;8200;;3;2;No inventariada;;14;7;1;999;;1;1;1;;;17;998
10;6;20;8;8200;;3;2;No inventariada;;14;2;1;999;;1;1;1;;;17;998
11;3;10;8;8121;;3;2;No inventariada;;14;9;2;4;;1;1;3;;;1;998
12;2;0;8;8231;;3;2;No inventariada;;14;6;1;999;;1;4;1;;;17;998
11;6;20;8;8270;;1;1;C-31;171,2;6;6;1;999;;3;6;3;;;999;4
12;1;11;8;8019;;1;1;C-58;0,1;2;4;1;999;;1;4;1;;;999;4
12;1;13;8;8180;;1;1;C-58;5,5;2;9;1;999;;1;1;1;;;999;4
12;1;19;8;8007;;2;2;C-61;3,3;6;4;2;2;;1;6;1;;;999;4
12;2;7;8;8194;;1;1;B-10;3,9;3;2;1;999;;1;2;1;;;999;4
12;2;9;8;8205;;1;1;AP-7;159,1;2;3;1;999;;1;1;1;;;999;4
12;2;11;8;8147;;1;1;C-55;2,7;6;7;1;999;;1;1;1;;;9;2
12;2;18;8;8219;;2;2;N-2;640,5;6;7;1;999;;1;5;1;;;999;4
12;2;18;8;8101;;1;1;C-31;198,6;3;9;1;999;;3;4;3;;;999;4
12;3;0;8;8270;;1;1;C-31;170,8;6;19;1;999;;1;6;1;;;999;4
12;1;13;8;8102;;3;2;No inventariada;;14;2;2;1;;1;1;1;;;17;998
9;7;18;8;8194;;3;2;No inventariada;;14;9;1;999;;1;1;1;;;17;998
11;3;19;8;8089;;3;2;No inventariada;;14;2;2;4;;1;4;1;;;17;998
10;3;15;8;8194;;3;2;No inventariada;;14;2;2;1;;1;1;1;;;17;998
11;6;13;8;8089;;3;2;No inventariada;;14;3;1;999;;1;1;1;;;17;998
10;4;12;8;8194;;3;2;No inventariada;;14;3;2;1;;1;1;1;;;17;998
10;5;14;8;8194;;3;2;No inventariada;;14;20;1;999;;1;1;1;;;17;998
12;1;20;8;8245;;3;2;No inventariada;;14;7;2;1;;1;4;1;;;17;998
11;1;17;8;8307;;3;2;No inventariada;;14;2;1;999;;1;1;1;;;17;998
11;2;14;8;8307;;3;2;No inventariada;;14;4;2;1;;1;1;1;;;17;998
11;6;22;8;8124;;3;2;No inventariada;;14;7;1;999;;1;5;1;;;17;998
11;3;11;8;8124;;3;2;No inventariada;;14;7;2;1;;1;1;1;;;17;998
11;2;20;8;8124;;3;2;No inventariada;;14;2;2;1;;1;4;1;;;17;998
10;5;20;8;8124;;3;2;No inventariada;;14;9;2;1;;1;4;1;;;17;998
11;5;19;8;8124;;3;2;No inventariada;;14;9;2;1;;3;4;3;;;17;998
11;3;11;8;8124;;3;2;No inventariada;;14;9;2;2;;3;1;3;;;17;998
10;1;19;8;8124;;3;2;No inventariada;;14;4;1;999;;1;4;1;;;17;998
11;6;18;8;8101;;3;2;No inventariada;;14;9;1;999;;1;4;1;;;17;998
11;7;14;8;8101;;3;2;No inventariada;;14;7;2;1;;1;1;1;;;17;998
12;3;16;8;8015;;3;2;No inventariada;;14;9;1;999;;1;1;1;;;17;998
12;5;14;8;8101;;3;2;No inventariada;;14;2;2;2;;1;1;1;;;17;998
11;7;11;8;8015;;3;2;No inventariada;;14;9;1;999;;3;1;3;;;17;998
12;1;21;8;8015;;3;2;No inventariada;;14;9;1;999;;1;4;1;;;17;998
11;5;9;8;8101;;3;2;No inventariada;;14;2;2;1;;1;4;1;;;17;998
12;1;6;8;8101;;3;2;No inventariada;;14;7;2;2;;1;4;1;;;17;998
11;4;19;8;8121;;3;2;No inventariada;;14;2;2;2;;1;4;1;;;1;998
12;2;20;8;8086;;1;1;C-352;22;6;4;1;999;;1;6;1;;;999;4
12;2;23;8;8284;;1;1;N-2;682;6;4;2;4;;1;4;1;;;999;4
12;3;7;8;8136;;1;1;AP-7;134,6;2;4;1;999;;3;2;3;;;999;4
12;3;11;8;8211;;1;1;B-23;7,3;2;3;1;999;;3;1;3;;;999;4
12;3;11;8;8019;;1;1;C-58;0,5;2;4;1;999;;3;1;1;;;999;4
12;3;14;8;8054;;1;1;No inventariada;7,2;6;19;1;999;;3;1;3;;;999;4
12;3;18;8;8284;;1;1;N-2;682,5;6;4;1;999;;1;6;1;;;999;4
12;3;22;8;8231;;1;1;C-15B;3,8;6;9;1;999;;3;6;3;;;999;4
12;3;21;8;0;;1;1;BV-5114;4,3;6;19;1;999;;3;6;3;;;999;4
12;3;22;8;0;;1;1;C-153;3,6;6;3;2;;;1;5;1;;;999;4
12;4;2;8;8279;;1;1;C-16;22,4;2;4;2;2;;1;6;1;;;999;4
10;6;19;8;8194;;3;2;No inventariada;;14;4;1;999;;1;1;1;;;17;998
9;5;9;8;8279;;3;2;No inventariada;;14;9;2;2;;3;1;3;;;17;998
11;5;7;8;8003;;1;1;BP-5002;1,6;6;2;2;2;;1;1;1;;;17;4
9;2;7;8;8279;;3;2;No inventariada;;14;19;1;999;;1;2;1;;;17;998
10;2;7;8;8194;;3;2;No inventariada;;14;9;2;1;;3;2;3;;;17;998
12;2;18;8;8102;;3;2;No inventariada;;14;7;1;999;;1;4;1;;;17;998
11;3;14;8;8121;;3;2;No inventariada;;14;2;2;1;;1;1;1;;;17;998
12;3;10;8;8245;;3;2;No inventariada;;14;9;2;4;;3;1;3;;;17;998
11;2;17;8;8121;;3;2;No inventariada;;14;2;2;4;;1;1;1;;;17;998
11;4;8;8;8121;;3;2;No inventariada;;14;2;2;4;;1;1;1;;;17;998
12;3;16;8;8245;;3;2;No inventariada;;14;3;1;999;;3;1;3;;;17;998
11;5;11;8;8121;;3;2;No inventariada;;14;9;2;4;;1;1;1;;;17;998
12;3;20;8;8245;;3;2;No inventariada;;14;9;1;999;;3;2;3;;;17;998
11;5;18;8;8121;;3;2;No inventariada;;14;3;1;999;;1;4;1;;;17;998
10;4;11;8;8147;;3;2;No inventariada;;14;7;2;1;;1;1;1;;;17;998
9;5;6;8;8015;;3;2;No inventariada;;14;7;1;999;;1;2;1;;;17;998
11;2;21;8;8114;;1;1;No inventariada;0,5;6;6;2;;;3;4;3;;;999;4
12;1;17;8;8019;;1;1;C-58;0;2;4;1;999;;1;4;1;;;999;4
12;2;7;8;8205;;1;1;C-1413a;8,1;6;9;2;4;;8;2;1;;;999;4
12;2;6;8;8252;;1;1;AP-7;147;2;4;1;999;;1;6;1;;;999;4
12;3;7;8;8300;;1;1;No inventariada;2,2;6;4;2;4;;3;5;3;;;999;4
12;3;7;8;8009;;1;1;C-32;99,5;2;4;1;999;;3;1;3;;;999;4
12;3;7;8;8096;;1;1;AP-7;132;2;4;1;999;;3;2;3;;;999;4
12;3;8;8;8194;;1;1;B-10;4,9;3;3;1;999;;3;1;3;;;999;4
12;3;11;8;0;;1;1;BV-1203;0,4;6;3;1;999;;3;1;3;;;999;4
12;3;11;8;8252;;1;1;AP-7;146,8;2;4;1;999;;1;1;1;;;999;4
12;3;20;8;8125;;1;1;C-58;2;2;4;1;999;;3;4;3;;;999;4
12;4;5;8;8054;;1;1;No inventariada;4,1;6;19;1;999;;1;6;1;;;999;4
12;4;8;8;8285;;1;1;BV-5224;7,2;6;2;2;4;;1;1;1;;;999;4
12;4;8;8;8077;;1;1;B-23;2,5;2;4;1;999;;3;1;3;;;999;4
12;4;10;8;0;;1;1;N-141c;20,7;6;19;1;999;;1;1;1;;;999;4
12;4;12;8;8020;;1;1;BV-2041;6,8;6;9;1;999;;3;1;3;;;999;4
12;4;14;8;8157;;1;1;N-340;1242;6;6;2;2;;3;1;1;;;999;4
12;4;18;8;0;;1;1;N-2a;574;6;3;1;999;;3;6;4;;;999;4
12;4;18;8;8221;;1;1;B-23;3;2;9;1;999;;3;4;4;;;999;4
12;4;19;8;8141;;3;2;No inventariada;;14;7;1;999;;3;4;3;;;999;998
12;4;19;8;8262;;1;1;C-16;45,3;2;19;1;999;;3;6;4;;;999;4
12;4;21;8;8114;;1;1;AP-7;170;2;6;1;999;;3;6;4;;;999;4
12;4;23;8;8169;;1;1;B-22;5,3;3;6;1;999;;3;4;3;;;999;4
12;5;1;8;8187;;1;1;No inventariada;1,5;6;20;1;999;;1;4;1;;;999;4
12;3;8;8;8003;;3;2;No inventariada;;14;2;2;2;;3;1;3;;;17;998
12;2;21;8;8102;;3;2;No inventariada;;14;19;2;2;;1;4;1;;;17;998
12;4;20;8;8245;;2;2;BV-5001;0,9;14;4;1;999;;3;6;4;;;17;4
10;6;4;8;8147;;3;2;No inventariada;;14;19;1;999;;1;5;1;;;17;998
12;1;21;8;8298;;3;2;No inventariada;;14;2;1;999;;1;4;1;;;17;998
10;1;7;8;8147;;1;1;BV-1201;0,1;6;2;2;;;1;2;1;;;17;4
10;7;11;8;8147;;3;2;No inventariada;;14;18;1;999;;3;1;3;;;17;998
10;6;6;8;8266;;1;1;BP-1413;4,1;6;19;2;1;;1;1;1;;;17;4
11;5;13;8;8073;;1;1;A-2;609;3;3;1;999;;1;1;1;;;999;4
12;3;11;8;8252;;1;1;AP-7;148;2;3;1;999;;3;1;3;;;999;4