MES;DIA_SEMANA;HORA;COD_PROVINCIA;COD_MUNICIPIO;ISLA;ZONA;ZONA_AGRUPADA;CARRETERA;KM;TIPO_VIA;TIPO_ACCIDENTE;NUDO;NUDO_INFO;CARRETERA_CRUCE;CONDICION_FIRME;CONDICION_ILUMINACION;CONDICION_METEO;CONDICION_NIEBLA;CONDICION_VIENTO;VISIB_RESTRINGIDA_POR;TRAZADO_PLANTA
12;3;13;8;8279;;1;1;N-150;15,5;6;2;2;2;;3;1;3;;;999;4
12;3;19;8;8252;;1;1;AP-7;146;2;3;1;999;;1;4;1;;;999;4
12;4;11;8;8159;;1;1;C-17;14,1;3;4;1;999;;3;1;3;;;999;4
12;4;18;8;8051;;1;1;B-124;5;6;2;2;4;;3;4;4;;;999;4
12;5;6;8;8169;;1;1;C-31;195;3;9;2;;;3;4;1;;;999;4
12;5;5;8;0;;1;1;A-2;569;3;19;1;999;;1;6;1;;;999;4
12;5;7;8;0;;1;1;C-16;69,5;3;19;1;999;;3;1;1;;;999;4
12;5;8;8;8169;;1;1;C-31;191,1;3;3;1;999;;1;1;1;;;999;4
12;5;9;8;0;;1;1;C-55;11,5;6;19;2;2;;1;1;1;;;999;4
12;5;12;8;0;;1;1;B-431;49;6;2;2;2;;1;1;1;;;999;4
12;5;13;8;0;;1;1;B-122;15,6;6;1;1;999;;1;1;1;;;999;4
12;5;13;8;8159;;1;1;AP-7;137;2;4;1;999;;1;1;1;;;17;4
12;5;13;8;8073;;1;1;A-2;609,7;3;3;1;999;;1;1;1;;;999;4
12;5;14;8;8125;;1;1;C-17;5,7;3;19;2;;;1;1;1;;;999;4
12;5;16;8;8231;;1;1;C-32;28,2;2;9;2;;;1;1;1;;;999;4
12;5;18;8;8140;;2;2;BV-1221;35,1;14;7;1;999;;1;4;1;;;17;1
12;5;19;8;0;;2;2;BV-5303;5,5;14;7;1;999;;3;4;1;;;999;4
12;5;20;8;8231;;1;1;C-246a;40,9;6;3;2;4;;1;4;1;;;999;4
12;5;19;8;8076;;1;1;B-231;0,5;6;2;2;1;;1;4;1;;;999;4
12;5;20;8;8181;;1;1;C-1415c;17,4;6;3;2;4;;1;6;1;;;999;4
12;5;19;8;0;;1;1;C-16;68,7;3;4;1;999;;1;6;1;;;999;4
12;6;1;8;8202;;1;1;AP-7;111,5;2;7;1;999;;1;6;1;;;999;4
12;2;19;8;8298;;3;2;No inventariada;;14;2;2;1;;1;2;1;;;17;998
10;5;18;8;8194;;3;2;No inventariada;;14;3;2;4;;1;1;1;;;17;998
10;1;17;8;8194;;3;2;No inventariada;;14;2;2;1;;1;1;1;;;17;998
10;3;18;8;8194;;3;2;No inventariada;;14;4;2;4;;1;1;1;;;17;998
10;6;21;8;8194;;3;2;No inventariada;;14;7;1;999;;1;4;1;;;17;998
12;2;15;8;8298;;3;2;No inventariada;;14;7;2;1;;1;1;1;;;17;998
10;2;18;8;8147;;3;2;No inventariada;;14;2;2;4;;1;4;1;;;17;998
10;2;19;8;8147;;3;2;No inventariada;;14;7;2;1;;1;4;1;;;17;998
11;7;14;8;8147;;3;2;No inventariada;;14;7;2;1;;1;1;1;;;17;998
12;4;10;8;0;;3;2;No inventariada;;14;2;2;1;;3;1;1;;;999;998
12;6;10;8;0;;1;1;BP-5107;45,2;6;4;1;999;;1;1;1;;;999;4
12;6;10;8;8029;;1;1;N-2;642,5;6;9;1;999;;1;1;1;;;999;4
12;6;11;8;8169;;3;2;No inventariada;;14;19;1;999;;1;1;1;;;999;998
12;6;12;8;8073;;1;1;C-32;59,2;3;4;1;999;;1;1;1;;;17;1
12;6;12;8;0;;1;1;C-16;108,2;6;4;1;999;;1;1;1;;;999;4
12;6;14;8;8140;;2;2;BV-1221;34,6;14;7;2;2;;1;1;1;;;999;4
12;6;13;8;8006;;1;1;C-32;111,7;2;20;1;999;;1;1;1;;;17;4
12;6;14;8;8217;;1;1;A-2;607,5;3;4;1;999;;1;1;1;;;999;4
12;6;13;8;8302;;1;1;N-2a;557,9;6;19;2;4;;1;1;1;;;999;4
12;6;6;8;8073;;3;2;No inventariada;;14;9;1;999;;1;4;1;;;17;998
12;7;15;8;8015;;3;2;No inventariada;;14;9;1;999;;1;1;1;;;17;998
12;4;19;8;8147;;3;2;No inventariada;;14;7;2;1;;3;4;4;;;17;998
12;6;20;8;8200;;3;2;No inventariada;;14;2;2;1;;1;4;1;;;17;998
11;1;19;8;8147;;3;2;No inventariada;;14;2;1;999;;1;4;1;;;17;998
11;5;7;8;8121;;3;2;No inventariada;;14;2;2;4;;1;1;1;;;1;998
11;3;7;8;8184;;3;2;No inventariada;;14;20;1;999;;1;1;1;;;17;998
12;7;12;8;8205;;3;2;No inventariada;;14;7;1;999;;1;1;1;;;1;998
12;7;14;8;8077;;3;2;No inventariada;;14;2;2;4;;1;1;1;;;1;998
11;2;17;8;8180;;1;1;N-150;5,8;6;4;1;999;;1;5;1;;;999;4
12;2;8;8;8194;;1;1;B-10;4,5;3;4;1;999;;1;1;1;;;999;4
12;7;3;8;8101;;1;1;B-10;19;3;4;1;999;;1;4;1;;;999;4
12;7;5;8;8252;;1;1;AP-7;147,5;2;20;1;999;;1;4;1;;;999;4
12;7;9;8;8106;;1;1;C-35;48,3;6;19;1;999;;5;1;1;;;999;4
12;7;10;8;8123;;1;1;BV-1468;1;6;3;1;999;;1;1;1;;;999;4
12;7;10;8;8089;;1;1;B-210;2,3;6;3;2;4;;1;1;1;;;999;4
12;7;13;8;8270;;1;1;C-31;170;6;3;1;999;;1;1;1;;;999;4
12;7;17;8;8270;;1;1;C-31;169,7;6;6;1;999;;1;1;1;;;999;4
12;7;15;8;8125;;1;1;C-33;81,3;2;4;1;999;;1;1;1;;;999;4
12;7;20;8;8298;;1;1;C-25D;1,6;6;4;2;;;1;6;1;;;999;4
12;7;19;8;8181;;1;1;C-60;9,1;2;4;1;999;;1;4;1;;;999;4
12;4;17;8;8102;;3;2;No inventariada;;14;9;2;4;;3;4;3;;;17;998
12;1;18;8;8305;;3;2;No inventariada;;14;7;2;1;;1;4;1;;;17;998
12;6;19;8;8073;;3;2;No inventariada;;14;9;1;999;;1;1;1;;;17;998
11;4;17;8;8121;;3;2;No inventariada;;14;7;1;999;;1;4;1;;;17;998
11;6;5;8;8089;;3;2;No inventariada;;14;9;2;2;;1;4;1;;;17;998
12;5;19;8;8245;;3;2;No inventariada;;14;2;2;1;;1;4;1;;;17;998
11;5;9;8;8096;;4;2;C-352;18,4;3;4;2;2;;1;2;1;;;17;4
12;5;20;8;8245;;3;2;No inventariada;;14;6;1;999;;1;4;1;;;17;998
11;3;21;8;8035;;3;2;No inventariada;;14;9;2;1;;1;4;1;;;17;998
12;1;18;8;8089;;3;2;No inventariada;;14;1;1;999;;1;1;1;;;17;998
12;7;10;8;8121;;3;2;No inventariada;;14;2;2;4;;1;1;1;;;17;998
12;7;11;8;8298;;3;2;No inventariada;;14;4;1;999;;1;1;1;;;17;998
11;5;19;8;8035;;3;2;No inventariada;;14;3;2;1;;1;4;1;;;17;998
12;2;12;8;8121;;3;2;No inventariada;;14;9;1;999;;1;1;1;;;17;998
12;7;14;8;8298;;3;2;No inventariada;;14;7;1;999;;1;1;1;;;17;998
11;6;13;8;8200;;3;2;No inventariada;;14;3;1;999;;1;1;1;;;17;998
12;7;4;8;8015;;3;2;No inventariada;;14;9;1;999;;1;4;1;;;17;998
11;2;7;8;8200;;3;2;No inventariada;;14;9;1;999;;3;2;3;;;17;998
12;6;11;8;8015;;2;2;BV-5011;0,7;14;2;2;1;;1;1;1;;;17;4
11;1;13;8;8015;;3;2;No inventariada;;14;2;2;4;;1;1;1;;;17;998
12;1;23;8;8015;;3;2;No inventariada;;14;2;2;4;;1;4;1;;;17;998
10;2;12;8;8279;;3;2;No inventariada;;14;20;1;999;;1;1;1;;;17;998
12;4;16;8;8136;;3;2;No inventariada;;14;9;1;999;;1;4;1;;;1;998
11;5;15;8;8169;;1;1;B-20;2;2;4;1;999;;1;1;1;;;999;4
11;6;16;8;8019;;1;1;C-58;0;2;4;2;;;1;1;1;;;999;4
12;4;8;8;0;;1;1;AP-7;160,8;2;20;1;999;;1;1;1;;;999;4
12;2;6;8;8252;;1;1;AP-7;146,5;2;3;1;999;;1;6;1;;;999;4
12;3;7;8;8169;;1;1;C-31;194,2;3;9;1;999;;3;2;3;;;999;4
12;4;7;8;8205;;1;1;C-16;11,8;2;4;1;999;;1;6;1;;;999;4
12;4;16;8;8202;;1;1;C-61;17;6;19;1;999;;1;1;3;;;17;3
12;4;18;8;8266;;1;1;B-30;8,2;2;4;1;999;;3;6;4;;;999;4
12;4;21;8;8009;;1;1;C-32;99;2;19;1;999;;3;6;4;;;999;4
12;5;7;8;8187;;1;1;No inventariada;0;6;4;2;;;1;2;1;;;999;4
12;5;13;8;8245;;1;1;B-20;17,7;2;4;1;999;;1;1;1;;;999;4
12;5;17;8;8194;;1;1;C-31;209,6;2;3;1;999;;1;4;1;;;999;4
12;1;8;8;8231;;1;1;BV-2111;8,8;6;4;1;999;;1;1;1;;;999;4
12;1;8;8;8077;;1;1;C-32;61,4;3;9;1;999;;1;1;1;;;999;4
12;1;8;8;0;;1;1;C-16;103,5;6;19;1;999;;3;1;1;;;999;4
12;1;12;8;0;;1;1;C-15;18;6;4;1;999;;1;1;1;;;999;4
12;1;13;8;8263;;1;1;A-2;602;3;4;2;4;;1;1;1;;;999;4
12;1;14;8;8126;;1;1;B-20;26,7;2;2;2;4;;1;1;1;;;999;4
12;1;14;8;8113;;1;1;C-55;33,4;6;19;1;999;;1;1;1;;;999;4
12;1;14;8;8301;;1;1;C-32;51,5;2;4;1;999;;1;1;1;;;999;4
12;1;15;8;8123;;1;1;B-23;9,1;2;4;2;2;;1;1;1;;;999;4
12;1;17;8;8077;;1;1;B-23;0,9;2;4;1;999;;1;4;1;;;999;4
12;1;18;8;8121;;1;1;C-32;100,1;2;3;1;999;;1;5;1;;;999;4
12;1;18;8;8120;;1;1;BV-1221;4,5;6;1;1;999;;1;6;1;;;999;4
12;1;17;8;8240;;1;1;AP-7;184;2;4;1;999;;1;1;1;;;999;4
12;1;19;8;8307;;1;1;C-31;152,7;6;4;1;999;;1;6;1;;;999;4
12;1;20;8;0;;1;1;C-16;74,1;3;8;1;999;;1;6;1;;;999;4
12;1;23;8;0;;1;1;A-2;560;3;19;1;999;;1;6;1;;;999;4
12;1;16;8;8200;;1;1;C-32;54,3;2;4;1;999;;1;1;1;;;6;1
11;3;18;8;8035;;3;2;No inventariada;;14;7;2;1;;1;4;1;;;17;998
12;1;18;8;8102;;3;2;No inventariada;;14;2;1;999;;1;4;1;;;17;998
11;3;12;8;8035;;3;2;No inventariada;;14;9;2;1;;1;1;1;;;17;998
11;4;19;8;8035;;3;2;No inventariada;;14;4;1;999;;1;4;1;;;17;998
12;3;10;8;8089;;3;2;No inventariada;;14;2;2;1;;1;1;1;;;17;998
12;7;12;8;8102;;3;2;No inventariada;;14;7;1;999;;1;1;1;;;17;998
12;4;16;8;8089;;3;2;No inventariada;;14;1;1;999;;1;1;1;;;17;998
11;3;19;8;8015;;3;2;No inventariada;;14;9;1;999;;1;4;1;;;17;998
9;4;14;8;8307;;3;2;No inventariada;;14;1;2;4;;1;1;1;;;17;998
11;4;15;8;8307;;3;2;No inventariada;;14;4;2;4;;3;2;4;;;17;998
11;1;21;8;8015;;3;2;No inventariada;;14;2;2;1;;1;4;1;;;17;998
11;4;9;8;8307;;3;2;No inventariada;;14;2;2;4;;1;1;1;;;17;998
10;5;21;8;8118;;3;2;No inventariada;;14;9;2;4;;1;1;1;;;17;998
12;3;8;8;8217;;3;2;No inventariada;;14;2;2;1;;3;2;3;;;17;998
12;7;6;8;8121;;3;2;No inventariada;;14;19;2;4;;1;4;1;;;17;998
9;4;10;8;8156;;3;2;No inventariada;;14;7;2;2;;1;1;1;;;17;998
10;2;14;8;8118;;3;2;No inventariada;;14;9;1;999;;1;1;1;;;17;998
10;7;20;8;8238;;3;2;No inventariada;;14;4;1;999;;1;4;1;;;17;998
11;4;8;8;8238;;3;2;No inventariada;;14;3;1;999;;1;1;1;;;17;998
1;5;21;8;8902;;3;2;No inventariada;;14;3;2;4;;1;2;1;;;17;998
10;3;11;8;8194;;3;2;No inventariada;;14;1;1;999;;1;1;1;;;17;998
3;5;13;8;8902;;3;2;No inventariada;;14;4;1;999;;1;1;1;;;17;998
10;6;18;8;8194;;3;2;No inventariada;;14;3;1;999;;3;2;3;;;17;998
10;2;10;8;8194;;3;2;No inventariada;;14;2;2;4;;1;1;1;;;17;998
10;6;19;8;8194;;3;2;No inventariada;;14;2;2;4;;1;2;1;;;17;998
10;2;17;8;8194;;3;2;No inventariada;;14;9;1;999;;1;4;1;;;17;998
11;6;17;8;8194;;3;2;No inventariada;;14;9;1;999;;1;4;1;;;17;998
12;6;22;8;8279;;3;2;No inventariada;;14;20;1;999;;1;1;1;;;17;998
12;7;19;8;8211;;3;2;No inventariada;;14;3;1;999;;1;1;1;;;17;998
11;7;23;8;8194;;3;2;No inventariada;;14;9;1;999;;1;4;1;;;17;998
3;4;12;8;8902;;3;2;No inventariada;;14;18;1;999;;8;1;1;;;17;998
11;6;21;8;8023;;1;1;BP-1432;19,1;6;6;1;999;;1;6;1;;;999;4
11;5;17;8;8157;;1;1;N-340;1242;6;4;1;999;;1;2;1;;;999;4
11;5;19;8;8089;;1;1;BV-2041;5;6;9;1;999;;1;6;1;;;999;4
12;3;19;8;8068;;1;1;N-340;1231;6;6;1;999;;3;6;3;;;999;4
12;5;20;8;8125;;1;1;N-152;13,7;6;6;1;999;;1;6;1;;;999;4
12;5;19;8;8019;;1;1;C-58;0;2;3;2;2;;1;5;1;;;999;4
12;7;3;8;8205;;1;1;AP-7;153,3;2;4;1;999;;1;6;1;;;999;4
12;7;4;8;8029;;1;1;C-31D;0,6;6;19;1;999;;1;4;1;;;999;4
12;7;13;8;8266;;1;1;B-30;8,5;2;2;2;;;1;1;1;;;999;4
12;1;12;8;8266;;1;1;AP-7;152;2;19;1;999;;1;1;1;;;999;4
12;1;19;8;8019;;1;1;C-58;0;2;4;1;999;;1;4;1;;;999;4
12;2;8;8;0;;3;2;No inventariada;;14;7;1;999;;1;1;1;;;999;998
12;2;9;8;8107;;1;1;C-17;20,9;3;19;1;999;;1;1;1;;;999;4
12;2;9;8;0;;3;2;No inventariada;;14;2;2;2;;1;1;1;;;999;998
12;2;16;8;8240;;1;1;BV-2242;13;6;9;1;999;;8;1;1;;;999;4
12;2;17;8;0;;1;1;BV-1031;18,3;6;9;1;999;;1;2;1;;;999;4
12;2;17;8;8101;;1;1;C-31;198;3;4;1;999;;1;4;1;;;999;4
12;2;18;8;8033;;2;2;C-59;16,5;6;2;2;2;;1;4;1;;;999;4
12;2;18;8;8113;;1;1;C-55;26,3;6;1;2;2;;1;5;1;;;17;1
12;2;21;8;8125;;1;1;C-33;81,8;2;20;1;999;;1;4;1;;;999;4
12;2;22;8;8200;;1;1;B-204;4;6;3;2;4;;1;4;1;;;999;4
12;2;22;8;8191;;1;1;B-430;0,7;6;2;2;2;;3;6;1;;;999;4
10;6;5;8;8015;;3;2;No inventariada;;14;9;1;999;;1;4;1;;;17;998
11;6;10;8;8307;;3;2;No inventariada;;14;7;1;999;;1;1;1;;;17;998
12;3;8;8;8015;;3;2;No inventariada;;14;7;2;1;;1;1;1;;;17;998
11;2;21;8;8307;;3;2;No inventariada;;14;4;2;4;;3;4;4;;;17;998
12;2;19;8;8015;;2;2;BV-5011;0,8;14;4;1;999;;1;4;1;;;17;4
12;2;19;8;8015;;2;2;BV-5011;0,9;14;2;2;1;;1;4;1;;;17;4
11;1;15;8;8307;;3;2;No inventariada;;14;3;1;999;;1;1;1;;;17;998
12;2;12;8;8245;;3;2;No inventariada;;14;2;1;999;;1;1;1;;;17;998
11;5;14;8;8015;;3;2;No inventariada;;14;18;2;2;;1;1;1;;;17;998
11;3;12;8;8041;;3;2;No inventariada;;14;7;2;2;;1;1;1;;;17;998
11;2;13;8;8041;;3;2;No inventariada;;14;7;2;1;;1;1;1;;;17;998
12;5;17;8;8073;;3;2;No inventariada;;14;1;1;999;;1;1;1;;;17;998
12;4;19;8;8073;;3;2;No inventariada;;14;7;1;999;;4;4;4;;;17;998
12;3;14;8;8073;;3;2;No inventariada;;14;9;2;4;;3;1;3;;;17;998
12;1;19;8;8073;;3;2;No inventariada;;14;2;2;1;;1;4;1;;;17;998
11;1;16;8;8194;;3;2;No inventariada;;14;9;1;999;;1;1;1;;;17;998
4;6;16;8;8902;;3;2;No inventariada;;14;3;2;4;;1;1;1;;;17;998
11;1;14;8;8194;;3;2;No inventariada;;14;4;1;999;;1;1;1;;;17;998
11;1;20;8;8194;;3;2;No inventariada;;14;2;2;4;;1;4;1;;;17;998
4;2;12;8;8902;;3;2;No inventariada;;14;19;1;999;;1;1;1;;;17;998
11;3;16;8;8041;;3;2;No inventariada;;14;3;2;4;;1;1;1;;;17;998
12;7;17;8;8041;;3;2;No inventariada;;14;7;1;999;;1;1;1;;;17;998
12;1;15;8;8075;;3;2;No inventariada;;14;20;1;999;;1;1;1;;;17;998
12;3;16;8;8075;;3;2;No inventariada;;14;20;1;999;;1;1;1;;;17;998
12;2;13;8;8238;;1;1;C-58;13,5;2;4;1;999;;1;1;1;;;999;4
12;5;3;8;8238;;1;1;C-58;12,8;2;20;1;999;;3;5;1;;;999;4
12;5;20;8;8205;;1;1;C-1413a;14,5;6;3;1;999;;1;6;1;;;999;4
12;3;9;8;8073;;3;2;No inventariada;;14;9;1;999;;1;1;1;;;17;998
12;1;17;8;8125;;1;1;C-58;2,2;2;3;1;999;;1;5;1;;;999;4
12;1;18;8;8904;;1;1;C-58;9,1;2;4;1;999;;1;6;1;;;999;4
12;2;6;8;8181;;1;1;BV-5105;4,3;6;9;2;4;;3;6;1;;;999;4
12;2;14;8;8205;;1;1;AP-7;159;2;3;1;999;;1;1;1;;;999;4
12;3;1;8;0;;1;1;BP-5002;8;6;19;1;999;;3;5;1;;;999;4
12;3;6;8;8184;;1;1;No inventariada;9,5;6;19;2;2;;1;6;1;;;999;4
12;3;5;8;0;;1;1;C-17;82,8;3;19;1;999;;5;6;1;;;999;4
12;3;7;8;8105;;1;1;C-33;85;2;4;1;999;;1;1;1;;;999;4
12;3;6;8;8263;;1;1;BV-2005;2,5;6;19;1;999;;3;6;1;;;999;4
12;3;9;8;0;;3;2;No inventariada;;14;7;1;999;;1;1;1;;;999;998
12;3;9;8;8205;;1;1;AP-7;153,5;2;4;1;999;;1;1;1;;;999;4
12;3;11;8;0;;2;2;N-141b;31,6;14;9;2;2;;1;1;1;;;999;4
12;3;11;8;0;;3;2;No inventariada;;14;20;1;999;;1;1;1;;;17;998
12;3;13;8;8107;;1;1;C-17;20,5;3;2;2;;;1;1;1;;;999;4
12;3;14;8;8904;;1;1;C-58;8,9;2;19;1;999;;1;1;1;;;999;4
12;3;14;8;8301;;1;1;C-32;52,8;2;4;1;999;;1;1;1;;;999;4
12;3;19;8;8187;;1;1;No inventariada;0,4;6;4;1;999;;1;5;1;;;999;4
12;3;18;8;8114;;1;1;AP-7;171,5;2;3;1;999;;1;5;1;;;999;4
12;3;18;8;8200;;1;1;C-245;11,3;6;4;1;999;;1;2;1;;;999;4
12;3;22;8;8200;;1;1;C-32;54;2;7;1;999;;1;5;1;;;999;4
12;3;21;8;8006;;2;2;N-2;655,2;14;19;1;999;;1;6;1;;;999;4
12;3;23;8;8033;;1;1;C-59;14,2;6;2;1;999;;1;1;1;;;17;4
12;3;4;8;8102;;3;2;No inventariada;;14;6;2;;;1;4;1;;;17;998
12;3;8;8;8200;;3;2;No inventariada;;14;2;2;1;;3;1;3;;;17;998
12;2;18;8;8305;;3;2;No inventariada;;14;7;2;1;;3;4;3;;;17;998
12;2;17;8;8200;;3;2;No inventariada;;14;3;2;;;1;4;1;;;17;998
12;3;12;8;8169;;3;2;No inventariada;;14;2;1;999;;1;1;1;;;17;998
12;5;20;8;8169;;3;2;No inventariada;;14;19;1;999;;1;2;1;;;17;998
8;6;0;8;8114;;3;2;No inventariada;;14;6;1;999;;1;2;1;;;17;998
12;3;13;8;8245;;3;2;No inventariada;;14;20;2;2;;1;1;1;;;17;998
12;4;7;8;8245;;3;2;No inventariada;;14;7;1;999;;1;2;1;;;17;998
12;3;18;8;8200;;3;2;No inventariada;;14;3;2;1;;3;5;3;;;17;998
12;4;7;8;8245;;3;2;No inventariada;;14;4;2;1;;1;2;1;;;17;998
11;1;17;8;8307;;3;2;No inventariada;;14;2;2;1;;1;1;1;;;17;998
11;4;16;8;8307;;3;2;No inventariada;;14;2;2;1;;1;1;1;;;17;998
9;4;9;8;8156;;3;2;No inventariada;;14;9;2;2;;1;1;1;;;17;998
10;2;15;8;8156;;3;2;No inventariada;;14;9;2;2;;1;1;1;;;17;998
12;6;5;8;8200;;3;2;No inventariada;;14;9;1;999;;1;4;1;;;17;998
11;1;21;8;8194;;3;2;No inventariada;;14;2;1;999;;1;4;1;;;17;998
12;3;12;8;8200;;3;2;No inventariada;;14;2;2;2;;3;1;3;;;17;998
11;6;2;8;8238;;3;2;No inventariada;;14;6;1;999;;1;4;1;;;17;998
11;3;12;8;8194;;3;2;No inventariada;;14;7;1;999;;1;1;1;;;17;998
11;5;20;8;8194;;3;2;No inventariada;;14;9;1;999;;1;4;1;;;17;998
12;2;16;8;8073;;3;2;No inventariada;;14;4;1;999;;1;1;1;;;17;998
11;7;13;8;8194;;3;2;No inventariada;;14;9;1;999;;1;1;1;;;17;998
5;1;16;8;8902;;3;2;No inventariada;;14;1;1;999;;1;1;1;;;17;998
5;4;21;8;8902;;3;2;No inventariada;;14;3;2;4;;1;2;1;;;17;998
10;3;10;8;8121;;3;2;No inventariada;;14;7;2;1;;1;1;1;;;1;998
9;5;20;8;8096;;3;2;No inventariada;;14;7;1;999;;1;4;1;;;1;998
11;2;6;8;0;;1;1;C-25;122;3;19;1;999;;1;6;1;;;999;4
12;4;22;8;8283;;1;1;N-141c;40;6;19;1;999;;3;1;1;;;999;4
11;5;11;8;8180;;1;1;C-58;6,8;2;4;1;999;;1;1;1;;;999;4
12;3;18;8;8187;;1;1;No inventariada;0;6;4;1;999;;1;6;1;;;999;4
12;4;8;8;8238;;1;1;C-58;12,2;2;4;1;999;;1;1;1;;;999;4
12;4;7;8;0;;1;1;C-62;12,7;6;4;2;2;;1;6;1;;;999;4
12;4;14;8;8283;;1;1;BV-5303;2,6;6;2;2;;;1;1;1;;;999;4
12;4;15;8;8101;;1;1;B-20;2,5;2;4;1;999;;1;1;1;;;999;4
12;4;14;8;8101;;1;1;C-31;199;3;4;1;999;;1;1;1;;;999;4
12;4;13;8;8073;;1;1;C-32;59;3;3;1;999;;1;1;1;;;999;4
12;4;17;8;8001;;1;1;A-2;585;3;4;1;999;;1;4;1;;;999;4
12;4;18;8;8015;;1;1;C-31;211;2;4;1;999;;1;4;1;;;999;4
12;4;18;8;8244;;1;1;A-2;604;3;4;2;2;;1;4;1;;;999;4
12;4;18;8;8077;;1;1;B-23;2;2;4;1;999;;1;4;1;;;999;4
12;4;22;8;8298;;1;1;C-17;57,7;3;19;1;999;;3;6;1;;;999;4
12;4;12;8;8169;;3;2;No inventariada;;14;7;1;999;;3;1;3;;;17;998
12;2;22;8;8169;;3;2;No inventariada;;14;7;1;999;;3;4;3;;;17;998
12;4;13;8;8245;;3;2;No inventariada;;14;1;2;2;;1;1;1;;;17;998
11;1;12;8;8015;;3;2;No inventariada;;14;9;1;999;;1;1;1;;;17;998
12;2;10;8;8200;;3;2;No inventariada;;14;7;2;1;;1;1;1;;;17;998
11;4;12;8;8194;;3;2;No inventariada;;14;3;1;999;;1;1;1;;;17;998
11;5;11;8;8194;;3;2;No inventariada;;14;2;1;999;;1;1;1;;;17;998
11;5;13;8;8194;;3;2;No inventariada;;14;2;2;4;;1;1;1;;;17;998
12;2;22;8;8194;;3;2;No inventariada;;14;9;1;999;;1;4;1;;;17;998
6;7;18;8;8902;;3;2;No inventariada;;14;6;1;999;;1;4;1;;;17;998
12;4;14;8;8194;;3;2;No inventariada;;14;9;1;999;;3;1;1;;;17;998
7;4;19;8;8902;;3;2;No inventariada;;14;2;2;4;;1;1;1;;;17;998
7;5;13;8;8902;;3;2;No inventariada;;14;1;1;999;;1;1;1;;;17;998
11;1;12;8;8205;;1;1;BP-1417;7,4;6;19;1;999;;1;1;1;;;999;4
12;3;17;8;8208;;1;1;B-224;20,1;6;4;1;999;;3;6;1;;;999;4
12;5;15;8;8284;;1;1;GI-600;2,8;6;20;2;2;;1;1;1;;;17;1
12;3;11;8;8260;;1;1;AP-7;143,5;2;3;1;999;;1;1;1;;;999;4
12;3;16;8;8300;;1;1;B-40;8;6;19;2;;;1;1;1;;;999;4
12;4;12;8;8219;;2;2;N-2;641,6;6;4;1;999;;1;1;1;;;999;4
12;5;7;8;8169;;1;1;A-2;610,7;3;4;2;4;;1;1;1;;;999;4
12;5;9;8;8033;;1;1;C-59;13;6;2;2;2;;1;1;1;;;999;4
12;5;13;8;8213;;1;1;C-16C;2,8;6;4;1;999;;1;1;1;;;999;4
12;5;13;8;8073;;1;1;A-2;608,6;3;4;1;999;;1;1;1;;;999;4
12;5;13;8;8213;;1;1;C-16C;1,5;6;4;1;999;;1;1;1;;;999;4
12;5;14;8;8015;;1;1;C-31;211,9;2;4;1;999;;1;1;1;;;999;4
12;5;14;8;8305;;1;1;C-15z;13,5;6;4;2;4;;1;1;1;;;999;4
12;5;15;8;8289;;1;1;BV-2005;4;6;19;1;999;;1;1;1;;;999;4
12;5;16;8;8125;;1;1;C-155;8,5;6;19;1;999;;1;2;1;;;999;4
12;5;16;8;8169;;3;2;No inventariada;;14;6;1;999;;1;1;1;;;999;998
12;5;17;8;8172;;2;2;N-2;638,4;6;4;1;999;;1;2;1;;;999;4
12;5;18;8;8217;;1;1;B-23;5,3;2;4;1;999;;1;5;1;;;999;4
12;5;18;8;8307;;1;1;C-31;155;6;4;2;;;1;6;1;;;999;4
12;5;20;8;8073;;1;1;B-10;20;3;4;1;999;;1;4;1;;;999;4
12;5;23;8;8077;;1;1;C-32;62,9;3;9;2;2;;1;4;1;;;999;4
12;6;1;8;0;;1;1;AP-7;161,4;2;6;2;2;;1;4;1;;;999;4
11;6;12;8;8118;;3;2;No inventariada;;14;2;2;1;;1;1;1;;;17;998
11;4;7;8;8118;;3;2;No inventariada;;14;2;2;1;;1;1;1;;;17;998
12;5;21;8;8298;;3;2;No inventariada;;14;4;1;999;;1;4;1;;;17;998
12;6;20;8;8194;;3;2;No inventariada;;14;19;2;1;;1;4;1;;1;17;998
12;6;14;8;8194;;3;2;No inventariada;;14;7;1;999;;1;1;1;;;17;998
12;7;16;8;8194;;3;2;No inventariada;;14;9;1;999;;1;1;1;;;17;998
12;1;0;8;8194;;3;2;No inventariada;;14;2;2;1;;1;4;1;;;17;998
12;1;8;8;0;;1;1;C-17;63,7;6;3;1;999;;1;1;1;;;999;4
12;6;11;8;8263;;1;1;BV-2005;2,5;6;19;1;999;;3;1;1;;;999;4
12;6;13;8;0;;1;1;B-124;36,6;6;9;1;999;;3;1;1;;;999;4
12;6;14;8;8073;;1;1;A-2;609;3;4;1;999;;1;1;1;;;999;4
12;6;22;8;8238;;1;1;C-58;13,1;2;4;1;999;;1;5;1;;;999;4
12;6;19;8;0;;1;1;BP-2121;5,5;6;7;1;999;;1;6;1;;;17;1
11;7;10;8;8118;;3;2;No inventariada;;14;4;1;999;;1;1;1;;;17;998
11;3;20;8;8118;;2;2;BP-5002;0,1;14;4;1;999;;1;4;1;;;17;4
11;4;15;8;8118;;3;2;No inventariada;;14;4;1;999;;1;1;1;;;17;998