MES;DIA_SEMANA;HORA;COD_PROVINCIA;COD_MUNICIPIO;ISLA;ZONA;ZONA_AGRUPADA;CARRETERA;KM;TIPO_VIA;TIPO_ACCIDENTE;NUDO;NUDO_INFO;CARRETERA_CRUCE;CONDICION_FIRME;CONDICION_ILUMINACION;CONDICION_METEO;CONDICION_NIEBLA;CONDICION_VIENTO;VISIB_RESTRINGIDA_POR;TRAZADO_PLANTA
12;4;19;8;8181;;3;2;No inventariada;;14;2;2;4;;1;4;1;;;17;998
11;4;6;8;8118;;3;2;No inventariada;;14;9;1;999;;1;2;1;;;17;998
12;3;13;8;8118;;3;2;No inventariada;;14;2;2;1;;3;1;3;;;17;998
12;7;0;8;8118;;3;2;No inventariada;;14;2;2;1;;1;4;1;;;17;998
12;6;15;8;8181;;3;2;No inventariada;;14;7;1;999;;1;1;1;;;17;998
12;6;6;8;8298;;3;2;No inventariada;;14;19;2;4;;1;4;1;;;17;998
11;6;21;8;8266;;3;2;No inventariada;;14;9;2;2;;1;4;1;;;17;998
11;5;12;8;8266;;3;2;No inventariada;;14;4;1;999;;1;1;1;;;17;998
11;6;11;8;8266;;3;2;No inventariada;;14;9;2;4;;1;1;1;;;17;998
11;7;6;8;8266;;3;2;No inventariada;;14;6;1;999;;1;5;1;;;1;998
11;7;19;8;8266;;2;2;N-150;5,3;14;7;2;1;;1;4;1;;;17;4
12;7;0;8;8073;;3;2;No inventariada;;14;9;2;4;;1;4;1;;;17;998
12;5;18;8;8101;;3;2;No inventariada;;14;2;2;2;;1;1;1;;;17;998
12;4;22;8;8221;;3;2;No inventariada;;14;2;1;999;;1;1;1;;;17;998
12;6;21;8;8157;;3;2;No inventariada;;14;19;2;4;;1;4;1;;;1;998
12;3;8;8;8169;;3;2;No inventariada;;14;2;2;1;;1;1;1;;;1;998
10;5;9;8;8208;;1;1;B-224;23;6;4;2;2;;1;1;1;;;999;4
12;6;11;8;8181;;1;1;C-35;41;6;20;2;4;;1;1;1;;;999;4
12;6;21;8;8107;;1;1;BV-1432;1,3;6;4;2;4;;1;5;1;;;999;4
12;7;5;8;8096;;3;2;No inventariada;;14;19;2;4;;3;2;1;;;999;998
12;7;7;8;8041;;1;1;C-17;22,5;3;4;1;999;;1;6;1;;;999;4
12;7;12;8;8108;;2;2;C-155;11,8;6;9;2;4;;1;1;1;;;999;4
12;7;12;8;0;;1;1;BP-5002;8,3;6;19;1;999;;3;1;1;;;999;4
12;7;14;8;8218;;1;1;BV-3008;1,1;6;2;1;999;;3;1;1;;;999;4
12;6;17;8;0;;1;1;A-2;563,9;3;4;1;999;;1;6;1;;;17;2
12;7;18;8;8307;;1;1;BV-2115;3,1;6;19;1;999;;1;6;1;;1;999;4
12;7;18;8;0;;3;2;No inventariada;;14;2;2;2;;1;4;1;;;999;998
12;7;21;8;0;;1;1;BV-5108;3,5;6;20;1;999;;1;1;1;;;17;4
11;3;15;8;8307;;3;2;No inventariada;;14;1;1;999;;1;1;1;;;17;998
12;3;18;8;8169;;3;2;No inventariada;;14;4;1;999;;1;4;1;;;17;998
11;3;15;8;8307;;3;2;No inventariada;;14;7;1;999;;1;1;1;;;17;998
12;7;16;8;8089;;3;2;No inventariada;;14;3;2;2;;1;4;1;;;17;998
12;5;11;8;8245;;3;2;No inventariada;;14;20;1;999;;1;1;1;;;17;998
12;5;17;8;8089;;3;2;No inventariada;;14;7;1;999;;1;2;1;;;17;998
12;7;7;8;8089;;3;2;No inventariada;;14;2;2;1;;1;2;1;;;17;998
11;4;20;8;8307;;3;2;No inventariada;;14;2;2;1;;1;2;1;;;17;998
12;3;17;8;8096;;3;2;No inventariada;;14;2;2;1;;3;2;3;;;17;998
5;2;20;8;8136;;2;2;BV-5001;18;14;4;1;999;;1;1;1;;;17;4
5;5;11;8;8136;;2;2;BV-5001;18,1;14;4;2;2;;1;1;1;;;17;4
5;6;0;8;8136;;3;2;No inventariada;;14;6;1;999;;1;4;1;;;17;998
12;3;19;8;8169;;3;2;No inventariada;;14;4;1;999;;1;1;1;;;17;998
6;5;10;8;8136;;3;2;No inventariada;;14;1;1;999;;1;1;1;;;17;998
7;2;8;8;8136;;2;2;BV-5001;18;14;4;2;2;;1;1;1;;;17;4
9;2;22;8;8136;;2;2;BV-5001;17,7;14;7;1;999;;1;4;1;;;17;4
10;3;7;8;8136;;3;2;No inventariada;;14;3;2;4;;1;4;1;;;17;998
12;2;14;8;8169;;3;2;No inventariada;;14;9;2;4;;8;1;1;;;17;998
10;5;15;8;8136;;2;2;BV-5001;17,7;14;4;1;999;;1;1;1;;;17;4
12;5;11;8;8169;;3;2;No inventariada;;14;7;2;1;;1;1;1;;;17;998
10;2;16;8;8136;;2;2;BV-5001;17,9;14;4;2;1;;1;2;1;;;17;4
7;2;19;8;8180;;3;2;No inventariada;;14;2;2;1;;1;1;1;;;17;998
8;7;10;8;8902;;3;2;No inventariada;;14;3;2;4;;1;1;1;;;17;998
6;2;16;8;8180;;3;2;No inventariada;;14;9;1;999;;3;1;3;;;17;998
2;4;13;8;8180;;3;2;No inventariada;;14;1;2;4;;1;1;1;;;17;998
8;2;6;8;8902;;3;2;No inventariada;;14;9;1;999;;8;1;1;;;17;998
12;3;11;8;8101;;3;2;No inventariada;;14;2;2;1;;3;1;1;;;17;998
9;3;10;8;8902;;3;2;No inventariada;;14;3;2;4;;1;1;1;;;17;998
9;1;18;8;8180;;3;2;No inventariada;;14;1;2;4;;1;1;1;;;17;998
12;6;20;8;8101;;3;2;No inventariada;;14;3;1;999;;1;4;1;;;17;998
9;7;4;8;8902;;3;2;No inventariada;;14;9;1;999;;8;5;1;;;17;998
12;1;16;8;8101;;3;2;No inventariada;;14;2;1;999;;1;1;1;;;17;998
10;6;18;8;8112;;3;2;No inventariada;;14;7;1;999;;1;2;1;;;17;998
11;5;8;8;8307;;3;2;No inventariada;;14;2;2;1;;1;1;1;;;1;998
11;2;19;8;8194;;3;2;No inventariada;;14;2;2;1;;1;4;1;;;1;998
12;3;18;8;8260;;1;1;AP-7;144,5;2;2;1;999;;1;6;1;;;999;4
12;4;14;8;8266;;1;1;B-30;7,5;2;4;1;999;;1;1;1;;;999;4
12;4;19;8;8180;;1;1;C-58;7,4;2;4;1;999;;1;5;1;;;999;4
12;4;19;8;8180;;1;1;C-58;5,5;2;4;1;999;;1;6;1;;;999;4
12;6;9;8;8001;;1;1;B-40;2,5;6;4;1;999;;1;4;1;;;999;4
12;1;8;8;0;;1;1;C-62;12,2;6;4;1;999;;1;2;1;;;999;4
12;1;8;8;8125;;1;1;C-58;2,4;2;19;1;999;;1;1;1;;;999;4
12;1;11;8;8211;;1;1;B-23;6,8;2;4;1;999;;1;1;1;;;999;4
12;1;10;8;8056;;1;1;C-31;181;3;4;1;999;;1;1;1;;;17;1
12;1;12;8;8009;;1;1;C-32;100;2;4;1;999;;1;1;1;;;999;4
12;1;11;8;8138;;1;1;N-141c;24,1;6;19;1;999;;1;1;1;;;17;4
12;1;12;8;8252;;1;1;AP-7;147,3;2;3;1;999;;1;1;1;;;999;4
12;1;17;8;8101;;1;1;C-31;196;3;4;2;;;1;2;1;;;999;4
12;1;15;8;8126;;1;1;C-31;217,9;2;20;1;999;;1;1;1;;;999;4
12;1;14;8;0;;1;1;N-141c;16,1;6;19;1;999;;1;1;1;;;999;4
12;1;17;8;8279;;1;1;C-16;22;2;3;2;;;1;6;1;;;999;4
12;1;21;8;8187;;1;1;B-124;3,7;6;1;1;999;;1;6;1;;;999;4
12;4;16;8;8029;;3;2;No inventariada;;14;2;2;2;;1;2;1;;;17;998
12;3;19;8;8305;;3;2;No inventariada;;14;2;2;1;;1;4;1;;;17;998
11;1;8;8;8015;;3;2;No inventariada;;14;2;2;2;;1;1;1;;;17;998
12;1;5;8;8108;;3;2;No inventariada;;14;19;1;999;;8;6;1;;;17;998
11;7;20;8;8015;;3;2;No inventariada;;14;2;1;999;;1;4;1;;;17;998
10;3;12;8;8015;;3;2;No inventariada;;14;9;1;999;;1;1;1;;;17;998
12;2;18;8;8015;;3;2;No inventariada;;14;3;1;999;;1;1;1;;;17;998
12;2;11;8;8075;;3;2;No inventariada;;14;20;1;999;;1;1;1;;;17;998
11;2;20;8;8124;;1;1;AP-7;140,2;2;3;1;999;;3;4;3;;;999;4
12;1;19;8;8125;;1;1;C-58;2;2;4;1;999;;1;5;1;;;999;4
12;2;8;8;8260;;1;1;B-140;7;6;4;1;999;;1;2;1;;;999;4
12;5;19;8;0;;1;1;C-17;39;3;19;1;999;;1;5;1;;;999;4
12;5;20;8;8169;;1;1;A-2;610,8;3;4;2;2;;1;5;1;;;999;4
12;1;20;8;8169;;1;1;B-22;7;6;4;1;999;;1;4;1;;;999;4
12;2;9;8;0;;1;1;C-25;167,5;3;4;1;999;;1;1;1;;;999;4
12;2;9;8;0;;1;1;C-25;167,5;3;19;1;999;;1;1;1;;;999;4
12;1;15;8;8067;;3;2;No inventariada;;14;2;1;999;;1;1;1;;;999;998
12;2;14;8;8123;;1;1;B-23;9;2;4;1;999;;1;1;1;;;999;4
12;2;13;8;8191;;1;1;C-25;145,7;3;6;1;999;;1;1;1;;;999;4
12;2;18;8;8119;;1;1;B-224;15,3;6;8;1;999;;1;6;1;;;999;4
12;3;1;8;8161;;1;1;BV-2243;1;6;7;1;999;;1;5;1;;;17;1
11;1;7;8;8015;;3;2;No inventariada;;14;4;2;2;;1;2;1;;;17;998
7;3;10;8;8159;;2;2;BV-1604;2,1;14;4;1;999;;1;1;1;;;1;4
11;4;17;8;8015;;3;2;No inventariada;;14;7;2;2;;1;2;1;;;17;998
11;3;17;8;8015;;3;2;No inventariada;;14;9;2;1;;1;2;1;;;17;998
12;7;18;8;8298;;3;2;No inventariada;;14;4;1;999;;1;4;1;;;17;998
11;5;21;8;8015;;3;2;No inventariada;;14;2;1;999;;1;4;1;;;17;998
10;3;6;8;8902;;3;2;No inventariada;;14;3;2;4;;1;1;1;;;17;998
10;2;8;8;8902;;3;2;No inventariada;;14;4;1;999;;1;1;1;;;17;998
12;1;13;8;0;;1;1;BP-1101;0;6;19;1;999;;1;1;1;;;999;4
12;2;20;8;8124;;1;1;AP-7;139;2;3;1;999;;1;5;1;;;999;4
12;3;7;8;8113;;1;1;C-37z;95,9;6;2;2;4;;1;6;1;;;999;4
12;3;7;8;8125;;1;1;C-17;1,6;3;19;2;4;;1;2;1;;;999;4
12;3;12;8;8019;;1;1;C-58;0,5;2;4;2;2;;1;1;1;;;999;4
12;3;11;8;8183;;2;2;C-153;7,1;14;1;2;1;;1;1;1;;;999;4
12;3;13;8;8181;;1;1;AP-7;128,5;2;4;1;999;;1;1;1;;;999;4
12;3;13;8;0;;1;1;B-23;14,2;2;6;1;999;;1;1;1;;;17;1
12;3;18;8;0;;3;2;No inventariada;;14;1;2;1;;1;4;1;;;999;998
12;3;17;8;8124;;1;1;C-155;9;6;9;1;999;;3;2;1;;;999;4
12;3;18;8;8213;;1;1;N-141c;7,2;6;1;1;999;;1;6;1;;;999;4
12;3;20;8;8252;;1;1;B-30;10;2;4;1;999;;1;5;1;;;999;4
12;3;23;8;0;;1;1;BP-5002;8,6;6;20;1;999;;1;6;1;;;999;4
12;1;12;8;8298;;3;2;No inventariada;;14;2;2;1;;1;1;1;;;17;998
11;3;18;8;8015;;3;2;No inventariada;;14;2;2;1;;1;4;1;;;17;998
12;1;15;8;8169;;3;2;No inventariada;;14;2;2;2;;1;1;1;;;17;998
12;2;12;8;8101;;3;2;No inventariada;;14;9;1;999;;1;1;1;;;17;998
12;3;7;8;8101;;3;2;No inventariada;;14;7;1;999;;1;4;1;;;17;998
11;1;8;8;8101;;3;2;No inventariada;;14;20;1;999;;1;1;1;;;17;998
12;4;7;8;8169;;3;2;No inventariada;;14;3;2;2;;1;4;1;;;17;998
12;1;13;8;8101;;3;2;No inventariada;;14;19;2;2;;1;1;1;;;17;998
11;2;8;8;8101;;3;2;No inventariada;;14;2;2;1;;1;1;1;;;17;998
12;2;5;8;8902;;3;2;No inventariada;;14;18;1;999;;3;5;3;;;17;998
12;5;18;8;8902;;3;2;No inventariada;;14;18;1;999;;1;4;1;;;17;998
12;3;18;8;8902;;3;2;No inventariada;;14;4;1;999;;1;4;1;;;17;998
12;4;19;8;8194;;3;2;No inventariada;;14;2;2;1;;1;4;3;;;1;998
12;4;10;8;0;;3;2;No inventariada;;14;19;2;2;;1;1;1;;;999;998
12;4;16;8;0;;3;2;No inventariada;;14;2;1;999;;1;1;1;;;999;998
12;4;18;8;8077;;1;1;B-23;1;2;4;1;999;;1;4;1;;;999;4
12;4;18;8;0;;1;1;C-17;63,6;6;19;1;999;;1;6;1;;;999;4
12;5;2;8;0;;1;1;C-17;39,4;3;19;1;999;;1;6;1;;;999;4
12;3;17;8;8102;;3;2;No inventariada;;14;4;1;999;;1;1;1;;;17;998
12;5;8;8;8015;;3;2;No inventariada;;14;9;2;2;;8;1;1;;;17;998
12;4;17;8;8089;;3;2;No inventariada;;14;4;1;999;;1;1;1;;;17;998
12;5;16;8;8282;;2;2;BV-5008;1,9;14;4;1;999;;1;1;1;;;17;4
12;1;10;8;8217;;3;2;No inventariada;;14;3;1;999;;1;1;1;;;17;998
12;1;21;8;8217;;3;2;No inventariada;;14;2;2;2;;1;4;1;;;17;998
12;1;22;8;8200;;3;2;No inventariada;;14;9;1;999;;1;4;1;;;17;998
12;6;22;8;8200;;2;2;BV-2002;7;14;2;2;2;;1;5;1;;;17;4
9;1;4;8;8180;;3;2;No inventariada;;14;9;1;999;;1;4;1;;;17;998
12;1;13;8;8073;;3;2;No inventariada;;14;4;2;2;;1;1;1;;;17;998
12;7;6;8;0;;1;1;B-23;14,2;2;6;1;999;;1;5;1;;;999;4
12;5;16;8;8194;;1;1;C-31;209;2;4;1;999;;1;1;1;;;999;4
12;6;11;8;8029;;1;1;N-2;642,6;6;4;2;2;;1;1;1;;;999;4
12;1;18;8;8194;;1;1;C-31;209,5;2;4;1;999;;1;4;1;;;999;4
12;2;6;8;8156;;1;1;C-59;9;6;3;1;999;;1;5;1;;;999;4
12;2;15;8;8284;;1;1;BV-5122;1,4;6;6;1;999;;1;1;1;;;999;4
12;4;12;8;0;;3;2;No inventariada;;14;3;1;999;;1;1;1;;;999;998
12;4;12;8;8181;;1;1;AP-7;128,1;2;20;1;999;;1;1;1;;;999;4
12;5;1;8;8259;;1;1;AP-7;112;2;19;1;999;;1;5;1;;;999;4
12;5;7;8;8259;;1;1;BV-5301;2;6;20;1;999;;1;2;1;;;999;4
12;5;7;8;0;;1;1;BP-1101;11,5;6;19;1;999;;3;2;1;;;999;4
12;5;9;8;0;;1;1;C-59;52,7;6;9;1;999;;8;1;1;;;999;4
12;5;11;8;8010;;1;1;C-25;146,9;3;4;1;999;;1;1;1;;;999;4
12;5;12;8;0;;1;1;BV-1123;1;6;3;1;999;;1;1;1;;;999;4
12;5;15;8;8096;;1;1;AP-7;131;2;20;1;999;;1;1;1;;;999;4
12;2;11;8;8015;;3;2;No inventariada;;14;9;2;2;;1;1;1;;;17;998
11;2;15;8;8136;;3;2;No inventariada;;14;4;2;2;;3;1;1;;;17;998
11;7;13;8;8136;;2;2;BV-5001;18,1;14;3;2;2;;1;1;1;;;17;4
7;7;19;8;8136;;3;2;No inventariada;;14;7;2;2;;1;1;1;;;17;998
12;4;8;8;8136;;2;2;BV-5001;17,6;14;3;2;4;;1;1;1;;;17;4
12;5;10;8;8015;;3;2;No inventariada;;14;9;2;2;;1;1;1;;;17;998
12;2;12;8;8136;;3;2;No inventariada;;14;3;2;2;;1;1;1;;;17;998
12;1;11;8;8015;;3;2;No inventariada;;14;20;2;1;;1;1;1;;;17;998
12;1;13;8;8298;;3;2;No inventariada;;14;7;1;999;;1;1;1;;;17;998
12;1;19;8;8298;;3;2;No inventariada;;14;7;1;999;;1;4;1;;;17;998
10;3;15;8;8101;;3;2;No inventariada;;14;9;1;999;;3;1;3;;;17;998
11;2;13;8;8101;;3;2;No inventariada;;14;3;2;1;;1;1;1;;;17;998
12;3;11;8;8200;;3;2;No inventariada;;14;9;1;999;;1;1;1;;;17;998
12;2;7;8;8200;;2;2;BV-2002;7;14;2;1;999;;1;2;1;;;17;4
12;7;10;8;8200;;3;2;No inventariada;;14;7;2;1;;1;1;1;;;17;998
12;2;8;8;8067;;3;2;No inventariada;;14;7;1;999;;3;1;1;;;17;998
12;6;5;8;8033;;1;1;C-59;13,1;6;19;1;999;;1;5;1;;;999;4
12;6;11;8;8138;;1;1;C-59;40,8;6;3;1;999;;1;1;1;;;999;4
12;6;12;8;8019;;1;1;C-58;0;2;4;2;;;1;1;1;;;999;4
12;6;15;8;8245;;1;1;B-20;18,8;2;19;1;999;;1;1;1;;;999;4
12;6;17;8;0;;1;1;AP-7;188,5;2;4;1;999;;1;1;1;;;999;4
11;4;16;8;8266;;3;2;No inventariada;;14;18;1;999;;3;1;1;;;17;998
12;3;8;8;8124;;3;2;No inventariada;;14;7;2;1;;1;1;1;;;17;998
11;5;10;8;8266;;3;2;No inventariada;;14;4;1;999;;1;1;1;;;17;998
12;5;16;8;8211;;3;2;No inventariada;;14;4;1;999;;1;1;1;;;17;998
11;6;12;8;8266;;3;2;No inventariada;;14;9;2;2;;8;1;1;;;1;998
11;3;18;8;8266;;3;2;No inventariada;;14;3;2;2;;1;4;1;;;17;998
11;6;15;8;8015;;3;2;No inventariada;;14;2;1;999;;1;1;1;;;17;998
12;1;16;8;8307;;3;2;No inventariada;;14;1;1;999;;1;1;1;;;17;998
12;5;21;8;8056;;2;2;C-246;20;14;1;1;999;;1;4;1;;;1;4
12;4;17;8;8238;;3;2;No inventariada;;14;7;1;999;;1;4;1;;;1;998
12;7;18;8;8075;;3;2;No inventariada;;14;20;1;999;;1;1;1;;;17;998
12;7;18;8;8231;;3;2;No inventariada;;14;7;1;999;;1;1;1;;;17;998
12;7;12;8;8089;;1;1;B-210;2,5;6;2;2;4;;1;1;1;;;999;4
12;2;23;8;0;;1;1;BP-1103;0,9;6;19;1;999;;3;6;1;;;999;4
12;3;12;8;8252;;1;1;B-30;9,7;2;4;1;999;;1;1;1;;;17;1
12;6;21;8;8033;;1;1;C-59;19,5;6;3;1;999;;1;6;1;;;999;4
12;7;0;8;8005;;1;1;C-17;24,1;3;4;1;999;;1;6;1;;;999;4
12;7;11;8;8283;;1;1;N-141c;42;6;3;1;999;;1;1;1;;;999;4
12;7;11;8;8033;;1;1;C-59;17;6;4;2;2;;1;1;1;;;17;2
12;7;12;8;0;;1;1;BV-1123;6,1;6;20;1;999;;1;1;1;;;17;4
12;7;15;8;8181;;1;1;BV-5105;2,5;6;20;2;4;;1;1;1;;;999;4
12;7;15;8;8035;;1;1;N-2;665,6;6;2;1;999;;1;1;1;;;999;4
12;7;17;8;8169;;1;1;C-31;190,2;3;9;1;999;;1;2;1;;;999;4
12;7;21;8;8121;;1;1;BV-5031;1,4;6;9;2;4;;1;6;1;;;999;4
12;7;13;8;8019;;1;1;C-58;0,4;2;20;1;999;;1;1;1;;;17;4
12;7;13;8;8073;;3;2;No inventariada;;14;9;1;999;;1;1;1;;;17;998
12;2;19;8;8305;;3;2;No inventariada;;14;20;1;999;;1;4;1;;;17;998
12;2;10;8;8305;;3;2;No inventariada;;14;3;1;999;;1;1;1;;;17;998
12;4;13;8;8298;;3;2;No inventariada;;14;2;1;999;;1;1;1;;;17;998
12;7;19;8;8305;;3;2;No inventariada;;14;9;1;999;;1;4;1;;1;17;998
12;2;17;8;8003;;1;1;C-32;86;2;1;2;2;;1;4;1;;;1;1
12;6;18;8;8003;;1;1;BP-5002;1,4;6;1;2;2;;1;4;1;;;17;4
12;6;10;8;8041;;3;2;No inventariada;;14;2;1;999;;1;1;1;;;17;998
11;3;11;8;8200;;3;2;No inventariada;;14;7;1;999;;1;1;1;;;17;998
10;1;15;8;8015;;3;2;No inventariada;;14;9;1;999;;1;1;1;;;17;998
11;3;13;8;0;;1;1;BV-2411;22,5;6;19;1;999;;1;1;1;;;999;4
12;4;19;8;8263;;1;1;BV-2002;2,2;6;3;1;999;;3;5;4;;;999;4
12;5;15;8;8252;;1;1;AP-7;146;2;3;2;;;1;1;1;;;999;4
12;3;19;8;8252;;1;1;B-30;9,1;2;4;2;2;;1;6;1;;;999;4
12;1;6;8;8270;;1;1;C-31;172,1;6;9;1;999;;1;6;1;;;999;4
12;1;10;8;8305;;1;1;B-212;1,2;6;19;1;999;;1;1;1;;;999;4
12;1;11;8;8181;;1;1;BV-5106;0,9;6;9;1;999;;5;1;1;;;999;4
12;1;12;8;8307;;1;1;BV-2115;1,8;6;4;2;2;;1;1;1;;;999;4
12;1;16;8;8904;;1;1;C-58;10;2;19;1;999;;1;1;1;;;999;4
12;1;17;8;8114;;1;1;N-2a;586,4;6;4;1;999;;1;1;1;;;999;4
12;1;19;8;8208;;1;1;B-224;20;6;4;1;999;;1;6;1;;;999;4
12;1;20;8;0;;1;1;C-17;57,3;3;4;1;999;;1;6;1;;;999;4
12;1;21;8;0;;1;1;BP-1103;3,2;6;19;1;999;;1;6;1;;;999;4
11;4;14;8;8015;;3;2;No inventariada;;14;2;2;1;;1;1;1;;;17;998
11;1;18;8;8015;;3;2;No inventariada;;14;2;2;;;1;1;1;;;17;998
8;1;13;8;8015;;3;2;No inventariada;;14;2;2;1;;1;1;1;;;17;998
11;2;6;8;8211;;3;2;No inventariada;;14;7;2;1;;1;2;1;;;17;998
12;1;14;8;8136;;3;2;No inventariada;;14;9;2;1;;1;1;1;;;1;998
10;4;18;8;8156;;3;2;No inventariada;;14;9;1;999;;1;1;1;;;17;998
12;4;7;8;8211;;3;2;No inventariada;;14;6;1;999;;3;1;3;;;17;998
10;7;14;8;8211;;3;2;No inventariada;;14;6;1;999;;1;1;1;;;17;998
11;6;17;8;8238;;3;2;No inventariada;;14;2;2;4;;1;2;1;;;17;998
11;2;15;8;8200;;3;2;No inventariada;;14;9;2;2;;8;1;1;;;17;998
12;2;15;8;8200;;2;2;B-201;0,3;14;2;2;4;;1;1;1;;;17;4
11;3;22;8;8015;;3;2;No inventariada;;14;9;1;999;;3;4;1;;;17;998
11;7;22;8;8015;;3;2;No inventariada;;14;9;1;999;;8;4;1;;;17;998
11;7;14;8;8238;;3;2;No inventariada;;14;9;1;999;;1;1;1;;;17;998
12;1;8;8;8238;;1;1;C-1413a;18;14;9;1;999;;3;1;1;;;17;4
12;2;14;8;8238;;3;2;No inventariada;;14;7;2;2;;1;1;1;;;17;998
12;2;11;8;8238;;3;2;No inventariada;;14;7;2;1;;1;1;1;;;17;998
12;5;17;8;8238;;3;2;No inventariada;;14;19;1;999;;1;1;1;;;1;998
11;5;15;8;8169;;1;1;C-31;193,1;3;4;1;999;;1;1;1;;;999;4
11;6;10;8;8001;;1;1;A-2;583,7;3;4;2;;;1;1;1;;;999;4
12;5;21;8;8205;;1;1;BP-1417;7,5;6;8;1;999;;1;6;1;;;999;4
12;6;22;8;8267;;1;1;B-142;8,2;6;8;1;999;;1;5;1;;;999;4
12;1;0;8;8267;;1;1;C-1413a;34,2;6;19;1;999;;1;5;1;;;999;4
12;1;17;8;8264;;1;1;C-32;108,5;2;19;2;;;1;4;1;;;999;4
12;2;19;8;8092;;3;2;No inventariada;;14;7;1;999;;1;4;1;;;999;998
12;2;18;8;8217;;1;1;A-2;607,2;3;3;2;4;;1;5;1;;;999;4
12;4;18;8;8075;;3;2;No inventariada;;14;7;1;999;;1;1;1;;;17;998
12;3;12;8;8187;;3;2;No inventariada;;14;20;1;999;;1;1;1;;;17;998
12;1;17;8;8307;;3;2;No inventariada;;14;2;1;999;;1;1;1;;;17;998
11;7;11;8;8020;;1;1;BV-2411;14;6;9;1;999;;3;1;1;;;999;4
12;7;15;8;0;;1;1;BP-1241;1,5;6;9;1;999;;1;1;1;;;999;4
11;6;2;8;8091;;1;1;AP-7;175,1;2;8;1;999;;1;6;1;;;999;4
12;3;16;8;8009;;3;2;No inventariada;;14;7;1;999;;1;1;1;;;17;998
12;7;7;8;8089;;3;2;No inventariada;;14;3;1;999;;1;1;1;;;17;998
12;5;22;8;8003;;3;2;No inventariada;;14;20;1;999;;1;1;1;;;17;998
12;1;7;8;8072;;2;2;BV-2421;5,9;14;20;1;999;;1;1;1;;;17;4
12;2;7;8;8238;;1;1;C-1413a;18,1;6;19;1;999;;1;1;1;;;999;4
12;4;8;8;8260;;3;2;No inventariada;;14;7;1;999;;1;1;1;;;1;998
12;4;6;8;8169;;3;2;No inventariada;;14;2;2;2;;1;4;1;;;1;998
12;3;11;8;8041;;1;1;No inventariada;10,1;6;4;2;4;;1;1;1;;;999;4
12;6;8;8;0;;1;1;BV-4341;1;6;19;1;999;;5;2;1;;;999;4
12;4;21;8;8295;;3;2;No inventariada;;14;1;1;999;;1;1;1;;;17;998
12;4;19;8;8020;;1;1;BV-2411;12,6;6;3;1;999;;1;6;1;;;999;4
12;6;12;8;0;;1;1;No inventariada;1;6;9;1;999;;8;1;1;;;999;4
12;1;8;8;8107;;1;1;C-17;20,5;3;9;2;4;;5;1;1;;;999;4
12;3;5;8;8009;;3;2;No inventariada;;14;20;1;999;;1;1;1;;;17;998
12;4;16;8;8305;;3;2;No inventariada;;14;2;2;1;;1;1;1;;;17;998
10;1;11;8;8088;;1;1;C-17;27,8;3;3;1;999;;1;1;1;;;17;4
11;5;13;8;8121;;3;2;No inventariada;;14;7;1;999;;1;1;1;;;1;998
12;7;14;8;8187;;3;2;No inventariada;;14;20;1;999;;1;1;1;;;17;998
12;5;18;8;8015;;1;1;C-31;211;2;4;1;999;;1;1;1;;;999;4
12;6;14;8;0;;1;1;AP-7;181,5;2;19;1;999;;1;1;1;;1;999;4
12;3;9;8;8169;;1;1;B-250;4,2;3;6;1;999;;1;1;1;;;999;4
12;7;7;8;0;;1;1;BV-5114;6,8;6;19;1;999;;1;2;1;;;999;4
12;5;18;8;0;;1;1;BV-2116;1,9;6;19;1;999;;1;6;1;;;999;4
11;4;19;8;8169;;1;1;A-2;611;3;4;1;999;;1;4;1;;;999;4
12;4;18;8;0;;1;1;AP-7;185;2;4;1;999;;1;6;1;;;999;4
12;7;16;8;8003;;1;1;C-32;85;2;19;1;999;;1;1;1;;;999;4
11;2;18;8;8307;;1;1;C-31;155;6;4;1;999;;1;5;1;;;999;4
11;5;19;8;8169;;1;1;A-2;610,8;3;4;2;;;1;4;1;;;999;4
12;2;12;8;8091;;1;1;AP-7;174,6;2;4;1;999;;1;1;1;;;999;4
12;3;18;8;8307;;1;1;C-15;0,5;3;4;1;999;;3;6;3;;;999;4
11;5;15;8;8307;;3;2;No inventariada;;14;20;1;999;;1;1;1;;;17;998
12;2;5;8;8285;;3;2;No inventariada;;14;7;2;1;;1;4;1;1;;1;998
12;5;8;8;8214;;3;2;No inventariada;;14;9;1;999;;1;1;1;;;17;998
12;3;18;8;8307;;1;1;C-31;155;6;4;2;;;3;6;3;;;999;4
12;1;21;8;8073;;1;1;No inventariada;20;6;4;2;;B-20;1;4;1;;;999;4
12;1;10;8;8181;;1;1;BV-5106;0,9;6;9;1;999;;5;1;1;;;999;4
12;4;6;8;8019;;1;1;B-20;16,5;2;9;2;;;1;1;1;;;17;3
12;7;10;8;8307;;3;2;No inventariada;;14;7;2;1;;1;1;1;;;6;998
12;1;17;8;8305;;3;2;No inventariada;;14;7;2;2;;1;2;1;;;6;998
12;2;21;8;8056;;1;1;C-31;181;3;3;2;2;;1;4;1;;;999;4
12;3;9;8;8238;;3;2;No inventariada;;14;7;2;2;;1;1;3;;;1;998
12;3;19;8;8301;;1;1;C-32;52;2;3;2;4;;1;4;1;;;999;4