MES;DIA_SEMANA;HORA;COD_PROVINCIA;COD_MUNICIPIO;ISLA;ZONA;ZONA_AGRUPADA;CARRETERA;KM;TIPO_VIA;TIPO_ACCIDENTE;NUDO;NUDO_INFO;CARRETERA_CRUCE;CONDICION_FIRME;CONDICION_ILUMINACION;CONDICION_METEO;CONDICION_NIEBLA;CONDICION_VIENTO;VISIB_RESTRINGIDA_POR;TRAZADO_PLANTA
12;7;17;8;0;;1;1;BV-1221;16,2;6;19;1;999;;1;2;1;;;999;4
12;2;20;8;8089;;1;1;C-32;47,5;2;1;2;2;;3;5;3;;;999;4
12;3;8;8;8169;;1;1;C-31;194;3;9;1;999;;3;1;3;;;999;4
12;3;14;8;8194;;1;1;B-10;4,2;3;9;1;999;;1;1;1;;;999;4
12;3;19;8;8200;;1;1;C-32;55;2;4;1;999;;1;6;1;;;999;4
12;3;18;8;8101;;1;1;C-31;196,5;3;4;1;999;;3;4;1;;;999;4
12;4;16;8;8054;;1;1;A-2;591,8;3;3;1;999;;3;1;3;;;999;4
12;6;11;8;8295;;3;2;No inventariada;;14;20;1;999;;1;1;1;;;17;998
12;2;10;8;8307;;3;2;No inventariada;;14;3;1;999;;1;1;1;;;17;998
12;5;18;8;8073;;1;1;A-2;608,9;3;3;1;999;;1;4;1;;;999;4
12;5;19;8;8244;;1;1;A-2;603,2;3;3;1;999;;1;4;1;;;999;4
12;7;12;8;0;;1;1;BV-2304;3,1;6;2;1;999;;1;1;1;;;999;4
12;5;18;8;8279;;3;2;No inventariada;;14;20;1;999;;1;1;1;;;17;998
12;1;13;8;8121;;3;2;No inventariada;;14;7;1;999;;1;1;1;;;1;998
12;1;15;8;8200;;1;1;C-32;54,3;2;4;1;999;;1;1;1;;;999;4
12;2;19;8;8074;;1;1;C-31;148;6;8;1;999;;1;6;1;;;999;4
12;1;14;8;8169;;1;1;C-31;195,2;3;4;1;999;;1;1;1;;;999;4
12;2;12;8;8001;;1;1;A-2;583,5;3;4;1;999;;1;1;1;;;999;4
12;5;20;8;8073;;1;1;B-10;20;3;4;1;999;;1;4;1;;;999;4
12;7;15;8;8200;;1;1;C-31;189,3;3;4;2;;;1;1;1;;;999;4
12;7;10;8;8001;;1;1;C-55;0,2;6;2;2;;;1;1;1;;;999;4
12;3;19;8;8056;;1;1;C-32;43,9;2;3;1;999;;1;4;1;;;999;4
12;1;12;8;8305;;1;1;N-340a;1209;6;2;2;4;;1;1;1;;;999;4
12;1;11;8;8285;;2;2;BV-5226;2,7;14;7;2;1;;1;1;1;;;1;4
12;6;15;8;8279;;3;2;No inventariada;;14;7;1;999;;1;1;1;;;17;998
2;6;4;8;8073;;3;2;No inventariada;;14;6;2;4;;1;4;1;;;17;998
12;1;19;8;8252;;1;1;AP-7;148,1;2;3;1;999;;1;4;1;;;999;4
7;1;20;8;8245;;3;2;No inventariada;;14;7;1;999;;1;1;1;;;17;998
1;3;10;8;8107;;2;2;BV-1602;6,5;14;7;2;1;;1;1;1;;;1;4
11;5;10;8;8101;;3;2;No inventariada;;14;2;1;999;;1;1;1;;;17;998
12;4;19;8;8279;;3;2;No inventariada;;14;7;1;999;;1;4;1;;;1;998
10;2;14;8;8279;;3;2;No inventariada;;14;3;2;1;;1;1;1;;;1;998
12;1;1;8;8015;;3;2;No inventariada;;14;20;1;999;;1;1;1;;;17;998
12;2;17;8;0;;1;1;BP-2121;30,2;6;8;1;999;;3;6;1;;;999;4
5;1;17;8;8121;;3;2;No inventariada;;14;4;1;999;;1;1;1;;;1;998
3;2;9;8;8019;;3;2;No inventariada;;14;1;2;2;;1;1;1;1;;999;998
3;3;18;8;8019;;3;2;No inventariada;;14;7;1;999;;1;5;1;1;;999;998
3;4;17;8;8019;;3;2;No inventariada;;14;3;2;2;;1;1;1;1;;999;998
3;1;8;8;8019;;3;2;No inventariada;;14;3;1;999;;1;1;1;1;;999;998
3;5;15;8;8019;;3;2;No inventariada;;14;3;2;1;;1;1;1;1;;999;998
2;3;18;8;8019;;3;2;No inventariada;;14;20;1;999;;1;1;1;1;;999;998
3;2;22;8;8019;;3;2;No inventariada;;14;20;1;999;;1;5;1;1;;999;998
3;4;0;8;8019;;3;2;No inventariada;;14;2;2;1;;1;5;1;1;;1;998
3;4;7;8;8019;;3;2;No inventariada;;14;2;2;1;;1;1;1;1;;1;998
3;4;10;8;8019;;3;2;No inventariada;;14;20;1;999;;1;1;1;1;;999;998
3;4;21;8;8019;;3;2;No inventariada;;14;20;1;999;;1;1;1;1;;999;998
3;5;10;8;8019;;3;2;No inventariada;;14;2;2;1;;1;1;1;1;;999;998
3;6;17;8;8019;;3;2;No inventariada;;14;7;2;1;;1;1;1;1;;999;998
4;1;18;8;8019;;3;2;No inventariada;;14;1;2;1;;1;1;1;1;;999;998
4;2;4;8;8019;;3;2;No inventariada;;14;9;1;999;;1;5;1;1;;999;998
4;2;18;8;8019;;3;2;No inventariada;;14;7;2;1;;1;1;1;1;;999;998
4;3;18;8;8019;;3;2;No inventariada;;14;3;1;999;;1;1;1;1;;999;998
4;5;16;8;8019;;3;2;No inventariada;;14;2;2;1;;1;1;1;1;;999;998
4;5;22;8;8019;;3;2;No inventariada;;14;20;1;999;;1;5;1;1;;999;998
4;6;12;8;8019;;3;2;No inventariada;;14;20;2;1;;1;1;1;1;;999;998
4;7;17;8;8019;;3;2;No inventariada;;14;20;1;999;;1;1;1;1;;999;998
4;1;12;8;8019;;3;2;No inventariada;;14;2;2;1;;1;1;1;1;;999;998
4;2;17;8;8019;;1;1;B-10;10,6;14;20;1;999;;1;1;1;1;;999;4
4;3;9;8;8019;;3;2;No inventariada;;14;2;1;999;;1;1;1;1;;999;998
4;3;11;8;8019;;3;2;No inventariada;;14;9;2;1;;1;1;1;1;;999;998
4;3;15;8;8019;;3;2;No inventariada;;14;3;1;999;;1;1;1;1;;999;998
4;3;16;8;8019;;3;2;No inventariada;;14;7;1;999;;1;1;1;1;;999;998
4;4;12;8;8019;;3;2;No inventariada;;14;20;1;999;;1;1;1;1;;999;998
4;5;15;8;8019;;3;2;No inventariada;;14;2;2;1;;1;1;1;1;;999;998
4;4;17;8;8019;;3;2;No inventariada;;14;3;1;999;;1;1;1;1;;999;998
4;5;0;8;8019;;3;2;No inventariada;;14;2;2;1;;1;5;1;1;;999;998
4;5;15;8;8019;;3;2;No inventariada;;14;9;1;999;;1;1;1;1;;999;998
4;5;18;8;8019;;3;2;No inventariada;;14;3;2;1;;1;1;1;1;;999;998
4;5;16;8;8019;;3;2;No inventariada;;14;3;2;1;;1;1;1;1;;999;998
4;5;17;8;8019;;3;2;No inventariada;;14;2;2;1;;1;1;1;1;;999;998
4;7;5;8;8019;;3;2;No inventariada;;14;2;2;1;;1;1;1;1;;999;998
4;1;0;8;8019;;3;2;No inventariada;;14;20;2;1;;1;5;1;1;;999;998
4;1;8;8;8019;;3;2;No inventariada;;14;7;1;999;;1;1;1;1;;999;998
4;1;12;8;8019;;3;2;No inventariada;;14;3;1;999;;1;1;1;1;;999;998
4;2;12;8;8019;;3;2;No inventariada;;14;2;2;1;;1;1;1;1;;999;998
4;2;20;8;8019;;3;2;No inventariada;;14;20;1;999;;1;5;1;1;;999;998
4;3;17;8;8019;;3;2;No inventariada;;14;7;2;1;;1;1;1;1;;1;998
4;3;18;8;8019;;3;2;No inventariada;;14;7;2;1;;1;1;1;1;;999;998
4;4;18;8;8019;;3;2;No inventariada;;14;1;2;1;;1;1;1;1;;999;998
4;4;19;8;8019;;3;2;No inventariada;;14;3;2;1;;1;1;1;1;;999;998
4;4;16;8;8019;;3;2;No inventariada;;14;20;2;1;;1;1;1;1;;999;998
4;4;20;8;8019;;3;2;No inventariada;;14;2;2;1;;1;1;1;1;;999;998
4;4;13;8;8019;;3;2;No inventariada;;14;2;2;1;;1;1;1;1;;999;998
4;5;10;8;8019;;3;2;No inventariada;;14;20;1;999;;1;1;1;1;;999;998
4;4;18;8;8019;;3;2;No inventariada;;14;20;2;2;;1;1;1;1;;999;998
4;5;10;8;8019;;3;2;No inventariada;;14;2;1;999;;1;1;1;1;;999;998
4;4;20;8;8019;;3;2;No inventariada;;14;7;2;1;;1;5;1;1;;999;998
4;5;8;8;8019;;3;2;No inventariada;;14;3;1;999;;1;1;1;1;;999;998
4;6;11;8;8019;;3;2;No inventariada;;14;20;1;999;;1;1;1;1;;999;998
4;6;13;8;8019;;3;2;No inventariada;;14;7;1;999;;1;1;1;1;;999;998
4;6;16;8;8019;;3;2;No inventariada;;14;20;1;999;;1;1;1;1;;999;998
4;7;15;8;8019;;3;2;No inventariada;;14;3;2;1;;1;1;1;1;;999;998
4;7;13;8;8019;;3;2;No inventariada;;14;20;2;4;;1;1;1;1;;999;998
4;1;7;8;8019;;3;2;No inventariada;;14;2;2;1;;3;1;3;1;;999;998
4;1;12;8;8019;;3;2;No inventariada;;14;2;2;1;;1;1;1;1;;999;998
4;1;18;8;8019;;3;2;No inventariada;;14;20;1;999;;3;2;3;1;;999;998
4;5;6;8;8019;;3;2;No inventariada;;14;6;2;1;;1;1;1;1;;999;998
4;3;9;8;8019;;3;2;No inventariada;;14;2;1;999;;1;1;1;1;;999;998
4;2;21;8;8019;;3;2;No inventariada;;14;1;1;999;;1;5;1;1;;999;998
4;3;14;8;8019;;3;2;No inventariada;;14;20;1;999;;1;1;1;1;;999;998
4;3;16;8;8019;;3;2;No inventariada;;14;20;1;999;;1;1;1;1;;999;998
4;3;17;8;8019;;3;2;No inventariada;;14;20;1;999;;1;1;1;1;;999;998
4;3;14;8;8019;;3;2;No inventariada;;14;3;2;1;;1;1;1;1;;999;998
4;3;14;8;8019;;3;2;No inventariada;;14;20;1;999;;1;1;1;1;;999;998
4;4;9;8;8019;;3;2;No inventariada;;14;20;1;999;;1;1;1;1;;999;998
4;3;17;8;8019;;3;2;No inventariada;;14;20;1;999;;1;1;1;1;;999;998
4;4;12;8;8019;;3;2;No inventariada;;14;3;1;999;;1;1;1;1;;999;998
4;4;11;8;8019;;3;2;No inventariada;;14;20;1;999;;1;1;1;1;;999;998
4;4;12;8;8019;;3;2;No inventariada;;14;20;1;999;;1;1;1;1;;999;998
4;4;19;8;8019;;3;2;No inventariada;;14;20;1;999;;1;5;1;1;;999;998
4;4;17;8;8019;;3;2;No inventariada;;14;20;2;1;;1;1;1;1;;999;998
4;4;14;8;8019;;3;2;No inventariada;;14;2;2;1;;1;1;1;1;;999;998
4;4;16;8;8019;;3;2;No inventariada;;14;3;1;999;;1;1;1;1;;999;998
4;4;15;8;8019;;3;2;No inventariada;;14;20;2;1;;1;5;1;1;;999;998
4;4;23;8;8019;;3;2;No inventariada;;14;3;2;2;;1;5;1;1;;999;998
4;3;22;8;8019;;3;2;No inventariada;;14;2;2;1;;1;5;1;1;;999;998
4;5;23;8;8019;;3;2;No inventariada;;14;2;2;1;;1;5;1;1;;1;998
4;5;12;8;8019;;3;2;No inventariada;;14;3;2;2;;1;1;1;1;;999;998
4;5;21;8;8019;;3;2;No inventariada;;14;2;2;1;;1;5;1;1;;999;998
4;6;13;8;8019;;3;2;No inventariada;;14;3;2;2;;1;1;1;1;;999;998
4;7;11;8;8019;;3;2;No inventariada;;14;20;2;1;;1;1;1;1;;999;998
4;7;13;8;8019;;3;2;No inventariada;;14;9;1;999;;1;1;1;1;;999;998
4;7;19;8;8019;;3;2;No inventariada;;14;20;1;999;;3;1;3;1;;999;998
4;1;6;8;8019;;3;2;No inventariada;;14;2;2;4;;3;5;3;1;;999;998
4;1;15;8;8019;;3;2;No inventariada;;14;20;2;1;;3;1;3;1;;999;998
4;1;19;8;8019;;3;2;No inventariada;;14;9;2;4;;3;2;4;1;;999;998
4;2;8;8;8019;;3;2;No inventariada;;14;9;2;1;;1;1;1;1;;999;998
4;2;9;8;8019;;3;2;No inventariada;;14;3;1;999;;3;1;3;1;;999;998
4;2;11;8;8019;;3;2;No inventariada;;14;3;1;999;;1;1;1;1;;999;998
4;2;15;8;8019;;3;2;No inventariada;;14;7;2;1;;1;1;1;1;;999;998
4;2;20;8;8019;;1;1;B-20;4,9;14;6;1;999;;1;1;1;1;;1;4
4;2;15;8;8019;;3;2;No inventariada;;14;7;1;999;;1;1;1;1;;999;998
4;2;18;8;8019;;3;2;No inventariada;;14;7;2;1;;1;1;1;1;;999;998
4;2;16;8;8019;;3;2;No inventariada;;14;20;1;999;;1;1;1;1;;999;998
4;2;19;8;8019;;3;2;No inventariada;;14;3;2;1;;1;1;1;1;;999;998
5;3;11;8;8019;;3;2;No inventariada;;14;20;2;1;;1;1;1;1;;999;998
5;3;20;8;8019;;3;2;No inventariada;;14;20;1;999;;1;5;1;1;;999;998
5;3;13;8;8019;;3;2;No inventariada;;14;9;1;999;;1;1;1;1;;999;998
5;4;16;8;8019;;3;2;No inventariada;;14;3;1;999;;1;1;1;1;;999;998
5;4;19;8;8019;;3;2;No inventariada;;14;3;1;999;;1;1;1;1;;999;998
5;4;17;8;8019;;3;2;No inventariada;;14;20;1;999;;1;1;1;1;;999;998
5;5;1;8;8019;;3;2;No inventariada;;14;3;1;999;;1;5;1;1;;999;998
5;5;9;8;8019;;1;1;B-10;0;14;20;1;999;;1;1;1;1;;999;4
5;5;11;8;8019;;3;2;No inventariada;;14;7;1;999;;1;1;1;1;;999;998
5;5;9;8;8019;;3;2;No inventariada;;14;3;1;999;;1;1;1;1;;999;998
5;5;19;8;8019;;1;1;B-10;11,5;3;20;1;999;;1;5;1;1;;999;4
5;5;16;8;8019;;3;2;No inventariada;;14;3;1;999;;1;1;1;1;;999;998
5;5;13;8;8019;;3;2;No inventariada;;14;7;1;999;;1;1;1;1;;999;998
5;5;19;8;8019;;3;2;No inventariada;;14;2;2;1;;1;1;1;1;;999;998
5;5;22;8;8019;;3;2;No inventariada;;14;3;1;999;;1;5;1;1;;999;998
5;6;13;8;8019;;3;2;No inventariada;;14;3;1;999;;1;1;1;1;;999;998
5;6;14;8;8019;;3;2;No inventariada;;14;7;1;999;;1;1;1;1;;999;998
5;7;19;8;8019;;3;2;No inventariada;;14;3;2;2;;1;2;1;1;;999;998
5;6;23;8;8019;;3;2;No inventariada;;14;2;2;1;;1;5;1;1;;999;998
5;7;22;8;8019;;3;2;No inventariada;;14;20;1;999;;1;5;1;1;;999;998
5;1;20;8;8019;;3;2;No inventariada;;14;2;2;1;;1;1;1;1;;999;998
5;1;19;8;8019;;3;2;No inventariada;;14;2;1;999;;1;1;1;1;;999;998
5;1;22;8;8019;;3;2;No inventariada;;14;7;1;999;;1;5;1;1;;999;998
5;1;17;8;8019;;3;2;No inventariada;;14;20;2;1;;1;1;1;1;;999;998
5;1;18;8;8019;;3;2;No inventariada;;14;20;1;999;;1;1;1;1;;999;998
5;2;12;8;8019;;3;2;No inventariada;;14;20;1;999;;1;1;1;1;;999;998
5;3;18;8;8019;;3;2;No inventariada;;14;2;1;999;;1;1;1;1;;999;998
5;3;11;8;8019;;3;2;No inventariada;;14;2;2;1;;1;1;1;1;;999;998
5;2;16;8;8019;;3;2;No inventariada;;14;20;2;1;;1;1;1;1;;999;998
5;2;10;8;8019;;3;2;No inventariada;;14;3;1;999;;1;1;1;1;;999;998
5;3;8;8;8019;;3;2;No inventariada;;14;3;1;999;;1;1;1;1;;999;998
5;3;17;8;8019;;3;2;No inventariada;;14;20;1;999;;1;1;1;1;;999;998
5;5;17;8;8019;;3;2;No inventariada;;14;7;1;999;;1;1;1;1;;9;998
5;4;14;8;8019;;3;2;No inventariada;;14;20;1;999;;1;1;1;1;;999;998
5;5;10;8;8019;;3;2;No inventariada;;14;20;2;1;;1;1;1;1;;999;998
5;4;13;8;8019;;3;2;No inventariada;;14;20;1;999;;1;1;1;1;;999;998
5;6;8;8;8019;;3;2;No inventariada;;14;3;2;2;;1;1;1;1;;999;998
5;7;0;8;8019;;3;2;No inventariada;;14;20;1;999;;1;5;1;1;;999;998
5;7;14;8;8019;;3;2;No inventariada;;14;3;2;2;;1;1;1;1;;1;998
5;5;16;8;8019;;3;2;No inventariada;;14;2;2;1;;1;1;1;1;;999;998
5;6;17;8;8019;;3;2;No inventariada;;14;20;1;999;;1;1;1;1;;999;998
5;4;19;8;8019;;3;2;No inventariada;;14;6;1;999;;1;5;1;1;;999;998
5;3;19;8;8019;;3;2;No inventariada;;14;2;2;2;;1;1;1;1;;999;998
5;7;19;8;8019;;3;2;No inventariada;;14;20;2;1;;1;1;1;1;;999;998
5;1;10;8;8019;;3;2;No inventariada;;14;20;2;1;;1;1;1;1;;999;998
5;1;10;8;8019;;3;2;No inventariada;;14;20;1;999;;1;1;1;1;;999;998
5;1;20;8;8019;;3;2;No inventariada;;14;20;1;999;;1;5;1;1;;999;998
5;1;16;8;8019;;3;2;No inventariada;;14;2;2;1;;1;1;1;1;;999;998
5;2;9;8;8019;;3;2;No inventariada;;14;2;1;999;;1;1;1;1;;999;998
5;2;17;8;8019;;3;2;No inventariada;;14;20;1;999;;1;1;1;1;;999;998
5;2;8;8;8019;;3;2;No inventariada;;14;3;2;2;;3;1;3;1;;999;998
5;2;17;8;8019;;3;2;No inventariada;;14;3;2;1;;1;1;1;1;;999;998
5;2;22;8;8019;;3;2;No inventariada;;14;1;2;1;;1;5;1;1;;999;998
5;3;13;8;8019;;3;2;No inventariada;;14;20;1;999;;3;1;3;1;;999;998
5;4;9;8;8019;;3;2;No inventariada;;14;7;2;1;;3;1;3;1;;999;998
5;4;13;8;8019;;3;2;No inventariada;;14;9;1;999;;3;5;1;1;;999;998
5;4;13;8;8019;;3;2;No inventariada;;14;20;1;999;;3;1;1;1;;999;998
5;4;22;8;8019;;3;2;No inventariada;;14;7;1;999;;1;5;1;1;;999;998
5;4;16;8;8019;;3;2;No inventariada;;14;2;2;1;;1;1;1;1;;999;998
5;4;17;8;8019;;3;2;No inventariada;;14;2;1;999;;1;1;1;1;;999;998
5;5;21;8;8019;;3;2;No inventariada;;14;20;1;999;;1;5;1;1;;999;998
5;5;16;8;8019;;3;2;No inventariada;;14;20;1;999;;1;1;1;1;;999;998
5;5;8;8;8019;;3;2;No inventariada;;14;20;2;1;;1;1;1;1;;999;998
5;6;19;8;8019;;3;2;No inventariada;;14;3;2;1;;1;1;1;1;;999;998
5;6;22;8;8019;;3;2;No inventariada;;14;20;2;1;;1;5;1;1;;999;998
5;5;17;8;8019;;3;2;No inventariada;;14;3;1;999;;1;1;1;1;;999;998
5;1;15;8;8019;;3;2;No inventariada;;14;3;1;999;;1;1;1;1;;999;998
5;2;12;8;8019;;3;2;No inventariada;;14;2;1;999;;1;1;1;1;;999;998
5;1;15;8;8019;;3;2;No inventariada;;14;3;1;999;;1;1;1;1;;999;998
5;3;16;8;8019;;3;2;No inventariada;;14;3;2;1;;1;1;1;1;;999;998
5;3;19;8;8019;;3;2;No inventariada;;14;2;2;1;;1;1;1;1;;999;998
5;4;12;8;8019;;3;2;No inventariada;;14;2;2;2;;3;1;3;1;;999;998
5;4;8;8;8019;;3;2;No inventariada;;14;1;2;1;;1;1;1;1;;999;998
5;4;20;8;8019;;3;2;No inventariada;;14;2;1;999;;1;1;1;1;;999;998
5;5;0;8;8019;;3;2;No inventariada;;14;2;2;4;;1;5;1;1;;1;998
5;4;18;8;8019;;3;2;No inventariada;;14;20;1;999;;1;1;1;1;;999;998
5;4;18;8;8019;;3;2;No inventariada;;14;2;2;1;;1;1;1;1;;999;998
5;4;18;8;8019;;3;2;No inventariada;;14;2;2;1;;1;1;1;1;;999;998
5;5;12;8;8019;;3;2;No inventariada;;14;20;2;1;;1;1;1;1;;999;998
5;5;15;8;8019;;3;2;No inventariada;;14;20;2;1;;1;1;1;1;;999;998
5;5;13;8;8019;;3;2;No inventariada;;14;20;1;999;;1;1;1;1;;999;998
5;5;18;8;8019;;3;2;No inventariada;;14;1;1;999;;1;1;1;1;;999;998
5;5;21;8;8019;;3;2;No inventariada;;14;9;1;999;;1;5;1;1;;999;998
5;6;1;8;8019;;3;2;No inventariada;;14;20;1;999;;1;1;1;1;;999;998
5;6;17;8;8019;;3;2;No inventariada;;14;2;1;999;;1;1;1;1;;1;998
5;6;21;8;8019;;3;2;No inventariada;;14;2;2;1;;1;5;1;1;;999;998
5;5;15;8;8019;;3;2;No inventariada;;14;7;2;1;;1;1;1;1;;999;998
5;7;17;8;8019;;3;2;No inventariada;;14;9;2;2;;1;1;1;1;;1;998
5;7;19;8;8019;;3;2;No inventariada;;14;20;1;999;;1;1;1;1;;999;998
5;1;10;8;8019;;3;2;No inventariada;;14;20;1;999;;1;1;1;1;;999;998
5;1;15;8;8019;;3;2;No inventariada;;14;7;1;999;;1;1;1;1;;999;998
5;1;18;8;8019;;3;2;No inventariada;;14;2;2;1;;1;1;1;1;;999;998
5;2;8;8;8019;;3;2;No inventariada;;14;20;1;999;;1;1;1;1;;999;998
5;2;21;8;8019;;3;2;No inventariada;;14;20;1;999;;1;5;1;1;;999;998
5;2;16;8;8019;;3;2;No inventariada;;14;7;1;999;;1;1;1;1;;999;998
5;2;17;8;8019;;3;2;No inventariada;;14;20;2;4;;1;1;1;1;;999;998
6;4;18;8;8019;;3;2;No inventariada;;14;20;1;999;;1;5;1;1;;999;998
5;7;14;8;8019;;3;2;No inventariada;;14;3;1;999;;1;1;1;1;;999;998
5;4;2;8;8019;;3;2;No inventariada;;14;9;1;999;;1;5;1;1;;999;998
5;3;20;8;8019;;3;2;No inventariada;;14;2;2;1;;1;5;1;1;;999;998
5;3;10;8;8019;;3;2;No inventariada;;14;3;1;999;;1;1;1;1;;999;998
5;4;13;8;8019;;3;2;No inventariada;;14;20;1;999;;1;1;1;1;;999;998
5;3;22;8;8019;;3;2;No inventariada;;14;2;2;1;;1;5;1;1;;999;998
5;3;18;8;8019;;3;2;No inventariada;;14;20;1;999;;1;1;1;1;;999;998
5;4;22;8;8019;;3;2;No inventariada;;14;7;1;999;;1;5;1;1;;999;998
5;4;15;8;8019;;3;2;No inventariada;;14;20;2;1;;1;1;1;1;;999;998
5;4;14;8;8019;;3;2;No inventariada;;14;20;2;1;;1;1;1;1;;999;998
6;1;13;8;8019;;3;2;No inventariada;;14;20;1;999;;1;1;1;1;;999;998
5;5;17;8;8019;;3;2;No inventariada;;14;3;1;999;;1;1;1;1;;999;998
5;5;19;8;8019;;3;2;No inventariada;;14;20;1;999;;1;1;1;1;;999;998
5;4;21;8;8019;;3;2;No inventariada;;14;6;1;999;;1;5;1;1;;999;998
5;5;17;8;8019;;3;2;No inventariada;;14;3;2;1;;1;1;1;1;;999;998
5;5;15;8;8019;;3;2;No inventariada;;14;7;1;999;;1;1;1;1;;999;998
6;1;8;8;8019;;3;2;No inventariada;;14;20;2;1;;1;1;1;1;;999;998
6;2;6;8;8019;;3;2;No inventariada;;14;2;1;999;;1;1;1;1;;999;998
6;1;17;8;8019;;3;2;No inventariada;;14;20;2;1;;1;1;1;1;;999;998
6;1;18;8;8019;;3;2;No inventariada;;14;20;2;1;;1;1;1;1;;999;998
6;1;21;8;8019;;3;2;No inventariada;;14;20;1;999;;1;2;1;1;;999;998
6;1;15;8;8019;;3;2;No inventariada;;14;1;2;2;;1;1;1;1;;999;998
6;2;16;8;8019;;3;2;No inventariada;;14;20;1;999;;1;1;1;1;;999;998
6;3;14;8;8019;;3;2;No inventariada;;14;20;1;999;;1;1;1;1;;999;998
6;3;20;8;8019;;3;2;No inventariada;;14;4;1;999;;1;1;1;1;;1;998
6;3;22;8;8019;;3;2;No inventariada;;14;3;1;999;;1;5;1;1;;999;998
6;3;16;8;8019;;3;2;No inventariada;;14;7;2;1;;1;1;1;1;;999;998
6;4;11;8;8019;;3;2;No inventariada;;14;3;1;999;;1;1;1;1;;1;998
6;2;19;8;8019;;3;2;No inventariada;;14;1;1;999;;1;1;1;1;;999;998
6;4;22;8;8019;;3;2;No inventariada;;14;3;1;999;;1;5;1;1;;999;998
6;4;11;8;8019;;3;2;No inventariada;;14;20;1;999;;1;1;1;1;;999;998
6;3;9;8;8019;;3;2;No inventariada;;14;20;1;999;;1;1;1;1;;999;998
6;3;20;8;8019;;3;2;No inventariada;;14;20;1;999;;1;1;1;1;;999;998
9;6;15;8;8019;;3;2;No inventariada;;14;20;1;999;;1;1;1;1;;999;998
6;5;18;8;8019;;3;2;No inventariada;;14;2;2;1;;1;1;1;1;;999;998
6;5;15;8;8019;;3;2;No inventariada;;14;9;1;999;;1;1;1;1;;999;998
6;4;16;8;8019;;3;2;No inventariada;;14;20;1;999;;1;1;1;1;;999;998
6;4;17;8;8019;;3;2;No inventariada;;14;2;2;1;;1;1;1;1;;999;998
6;1;7;8;8019;;3;2;No inventariada;;14;3;1;999;;1;5;1;1;;999;998
6;6;20;8;8019;;3;2;No inventariada;;14;20;1;999;;1;1;1;1;;999;998
6;1;13;8;8019;;3;2;No inventariada;;14;3;1;999;;1;1;1;1;;999;998
6;6;18;8;8019;;3;2;No inventariada;;14;20;1;999;;1;1;1;1;;999;998
6;1;19;8;8019;;3;2;No inventariada;;14;1;1;999;;1;1;1;1;;999;998
6;2;11;8;8019;;3;2;No inventariada;;14;20;1;999;;1;1;1;1;;999;998
6;2;15;8;8019;;3;2;No inventariada;;14;20;1;999;;3;1;3;1;;999;998
6;2;10;8;8019;;3;2;No inventariada;;14;3;1;999;;1;1;1;1;;999;998
6;5;11;8;8019;;3;2;No inventariada;;14;3;1;999;;1;1;1;1;;999;998
6;2;17;8;8019;;3;2;No inventariada;;14;9;2;1;;3;1;4;1;;999;998
6;3;8;8;8019;;3;2;No inventariada;;14;3;2;1;;3;1;1;1;;999;998
6;2;10;8;8019;;3;2;No inventariada;;14;3;1;999;;1;1;1;1;;999;998
6;3;12;8;8019;;3;2;No inventariada;;14;2;2;1;;1;1;1;1;;999;998
6;3;22;8;8019;;3;2;No inventariada;;14;9;1;999;;3;5;3;1;;999;998
6;4;1;8;8019;;3;2;No inventariada;;14;7;1;999;;3;5;3;1;;999;998