MES;DIA_SEMANA;HORA;COD_PROVINCIA;COD_MUNICIPIO;ISLA;ZONA;ZONA_AGRUPADA;CARRETERA;KM;TIPO_VIA;TIPO_ACCIDENTE;NUDO;NUDO_INFO;CARRETERA_CRUCE;CONDICION_FIRME;CONDICION_ILUMINACION;CONDICION_METEO;CONDICION_NIEBLA;CONDICION_VIENTO;VISIB_RESTRINGIDA_POR;TRAZADO_PLANTA
6;2;17;8;8019;;3;2;No inventariada;;14;3;1;999;;3;1;4;1;;999;998
6;4;10;8;8019;;3;2;No inventariada;;14;20;2;2;;1;1;1;1;;999;998
6;4;9;8;8019;;3;2;No inventariada;;14;20;1;999;;1;1;1;1;;999;998
6;5;8;8;8019;;3;2;No inventariada;;14;2;2;1;;1;1;1;1;;999;998
6;4;15;8;8019;;3;2;No inventariada;;14;20;1;999;;1;1;1;1;;999;998
6;3;15;8;8019;;3;2;No inventariada;;14;3;1;999;;1;1;1;1;;999;998
6;5;21;8;8019;;3;2;No inventariada;;14;20;1;999;;1;5;1;1;;999;998
6;5;19;8;8019;;3;2;No inventariada;;14;2;2;1;;1;1;1;1;;999;998
6;5;15;8;8019;;3;2;No inventariada;;14;2;2;1;;1;1;1;1;;999;998
6;6;13;8;8019;;3;2;No inventariada;;14;20;1;999;;1;1;1;1;;999;998
6;6;10;8;8019;;3;2;No inventariada;;14;2;2;1;;1;1;1;1;;999;998
6;6;14;8;8019;;3;2;No inventariada;;14;2;2;4;;1;1;1;1;;999;998
6;6;15;8;8019;;3;2;No inventariada;;14;7;1;999;;1;1;1;1;;999;998
6;1;12;8;8019;;3;2;No inventariada;;14;9;1;999;;1;1;1;1;;999;998
6;1;1;8;8019;;3;2;No inventariada;;14;2;2;1;;1;5;1;1;;999;998
6;1;21;8;8019;;3;2;No inventariada;;14;2;2;1;;1;2;1;1;;1;998
6;1;16;8;8019;;3;2;No inventariada;;14;3;1;999;;1;1;1;1;;999;998
6;1;20;8;8019;;3;2;No inventariada;;14;7;1;999;;1;1;1;1;;999;998
5;6;22;8;8019;;3;2;No inventariada;;14;7;2;1;;1;5;1;1;;999;998
6;4;8;8;8019;;3;2;No inventariada;;14;2;2;1;;1;1;1;1;;999;998
6;2;12;8;8019;;3;2;No inventariada;;14;20;2;1;;1;1;1;1;;999;998
6;5;11;8;8019;;3;2;No inventariada;;14;20;2;4;;1;1;1;1;;999;998
6;2;14;8;8019;;3;2;No inventariada;;14;7;1;999;;1;1;1;1;;999;998
6;2;10;8;8019;;3;2;No inventariada;;14;2;2;1;;1;1;1;1;;999;998
6;2;16;8;8019;;3;2;No inventariada;;14;1;2;1;;1;1;1;1;;999;998
6;3;1;8;8019;;3;2;No inventariada;;14;2;2;1;;1;5;1;1;;999;998
6;3;8;8;8019;;3;2;No inventariada;;14;9;2;4;;1;1;1;1;;999;998
6;3;18;8;8019;;3;2;No inventariada;;14;3;2;1;;1;1;1;1;;999;998
6;4;10;8;8019;;3;2;No inventariada;;14;20;1;999;;3;1;1;1;;999;998
6;5;1;8;8019;;3;2;No inventariada;;14;2;2;1;;1;5;1;1;;999;998
6;4;23;8;8019;;3;2;No inventariada;;14;7;1;999;;1;5;1;1;;999;998
6;5;14;8;8019;;3;2;No inventariada;;14;20;2;1;;1;1;1;1;;999;998
6;4;8;8;8019;;3;2;No inventariada;;14;9;2;1;;3;1;3;1;;999;998
6;5;12;8;8019;;3;2;No inventariada;;14;7;1;999;;1;1;1;1;;999;998
6;4;13;8;8019;;3;2;No inventariada;;14;20;2;2;;1;1;1;1;;999;998
6;5;15;8;8019;;3;2;No inventariada;;14;1;1;999;;1;1;1;1;;999;998
6;6;10;8;8019;;3;2;No inventariada;;14;2;2;1;;1;1;1;1;;999;998
6;5;20;8;8019;;3;2;No inventariada;;14;20;2;1;;1;1;1;1;;999;998
6;4;16;8;8019;;3;2;No inventariada;;14;7;1;999;;1;1;1;1;;999;998
6;7;0;8;8019;;3;2;No inventariada;;14;9;1;999;;1;5;1;1;;999;998
6;5;15;8;8019;;3;2;No inventariada;;14;3;2;1;;1;1;1;1;;999;998
6;1;13;8;8019;;3;2;No inventariada;;14;20;1;999;;1;1;1;1;;999;998
6;2;11;8;8019;;3;2;No inventariada;;14;20;1;999;;1;1;1;1;;999;998
6;2;10;8;8019;;3;2;No inventariada;;14;20;1;999;;1;1;1;1;;999;998
6;2;20;8;8019;;3;2;No inventariada;;14;20;2;1;;1;2;1;1;;999;998
6;2;18;8;8019;;3;2;No inventariada;;14;20;1;999;;1;1;1;1;;999;998
6;2;22;8;8019;;3;2;No inventariada;;14;3;2;1;;1;5;1;1;;999;998
6;2;20;8;8019;;3;2;No inventariada;;14;20;1;999;;1;1;1;1;;999;998
6;3;17;8;8019;;3;2;No inventariada;;14;20;1;999;;1;1;1;1;;999;998
6;3;8;8;8019;;3;2;No inventariada;;14;20;1;999;;1;1;1;1;;999;998
6;1;20;8;8019;;3;2;No inventariada;;14;1;1;999;;1;2;1;1;;999;998
6;4;8;8;8019;;3;2;No inventariada;;14;3;1;999;;1;1;1;1;;999;998
6;5;8;8;8019;;3;2;No inventariada;;14;20;1;999;;1;1;1;1;;999;998
6;5;14;8;8019;;3;2;No inventariada;;14;2;2;2;;1;1;1;1;;999;998
6;4;17;8;8019;;3;2;No inventariada;;14;7;1;999;;1;1;1;1;;999;998
6;6;20;8;8019;;3;2;No inventariada;;14;7;1;999;;1;1;1;1;;999;998
6;6;23;8;8019;;3;2;No inventariada;;14;20;1;999;;1;5;1;1;;999;998
6;5;18;8;8019;;3;2;No inventariada;;14;2;2;1;;1;1;1;1;;999;998
6;6;19;8;8019;;3;2;No inventariada;;14;20;1;999;;1;1;1;1;;999;998
6;5;12;8;8019;;3;2;No inventariada;;14;7;2;1;;1;1;1;1;;999;998
6;7;19;8;8019;;3;2;No inventariada;;14;2;2;1;;1;1;1;1;;999;998
6;5;13;8;8019;;3;2;No inventariada;;14;3;2;1;;1;1;1;1;;999;998
6;6;20;8;8019;;3;2;No inventariada;;14;20;2;1;;1;5;1;1;;999;998
7;1;15;8;8019;;3;2;No inventariada;;14;20;1;999;;3;1;3;1;;999;998
7;2;12;8;8019;;3;2;No inventariada;;14;20;1;999;;3;1;3;1;;999;998
7;1;13;8;8019;;3;2;No inventariada;;14;9;1;999;;1;1;1;1;;999;998
7;3;9;8;8019;;3;2;No inventariada;;14;20;1;999;;1;1;1;1;;999;998
7;3;17;8;8019;;3;2;No inventariada;;14;2;2;2;;1;1;1;1;;999;998
7;1;20;8;8019;;3;2;No inventariada;;14;7;1;999;;1;1;1;1;;999;998
7;2;14;8;8019;;3;2;No inventariada;;14;2;2;1;;1;1;1;1;;999;998
7;3;20;8;8019;;3;2;No inventariada;;14;20;1;999;;1;1;1;1;;999;998
7;3;19;8;8019;;3;2;No inventariada;;14;2;2;1;;1;1;1;1;;999;998
7;4;11;8;8019;;3;2;No inventariada;;14;20;1;999;;1;1;1;1;;999;998
7;4;13;8;8019;;3;2;No inventariada;;14;2;2;1;;1;1;1;1;;999;998
7;4;8;8;8019;;3;2;No inventariada;;14;20;1;999;;1;1;1;1;;999;998
7;4;8;8;8019;;3;2;No inventariada;;14;2;2;1;;1;1;1;1;;999;998
7;2;11;8;8019;;3;2;No inventariada;;14;20;1;999;;1;1;1;1;;999;998
7;6;19;8;8019;;3;2;No inventariada;;14;2;2;1;;1;1;1;1;;999;998
7;7;23;8;8019;;3;2;No inventariada;;14;2;2;2;;1;5;1;1;;999;998
7;7;19;8;8019;;1;1;B-20;11,3;14;3;1;999;;1;1;1;1;;999;4
7;5;12;8;8019;;3;2;No inventariada;;14;20;1;999;;1;1;1;1;;999;998
7;5;14;8;8019;;3;2;No inventariada;;14;3;2;1;;1;1;1;1;;999;998
7;1;19;8;8019;;3;2;No inventariada;;14;20;1;999;;1;1;1;1;;999;998
7;1;18;8;8019;;3;2;No inventariada;;14;2;1;999;;1;1;1;1;;999;998
7;1;14;8;8019;;3;2;No inventariada;;14;3;2;1;;1;1;1;1;;999;998
7;6;16;8;8019;;3;2;No inventariada;;14;7;1;999;;1;1;1;1;;999;998
7;6;23;8;8019;;3;2;No inventariada;;14;20;1;999;;1;5;1;1;;999;998
7;1;17;8;8019;;3;2;No inventariada;;14;20;1;999;;1;1;1;1;;999;998
7;6;12;8;8019;;3;2;No inventariada;;14;3;2;2;;1;1;1;1;;999;998
7;6;13;8;8019;;3;2;No inventariada;;14;9;2;4;;1;1;1;1;;1;998
7;6;20;8;8019;;3;2;No inventariada;;14;20;1;999;;1;1;1;1;;999;998
7;5;20;8;8019;;3;2;No inventariada;;14;20;2;1;;1;1;1;1;;999;998
7;2;20;8;8019;;3;2;No inventariada;;14;2;1;999;;1;1;1;1;;999;998
7;2;15;8;8019;;3;2;No inventariada;;14;2;1;999;;1;1;1;1;;999;998
7;1;13;8;8019;;3;2;No inventariada;;14;2;1;999;;1;1;1;1;;999;998
7;3;13;8;8019;;3;2;No inventariada;;14;20;1;999;;1;1;1;1;;999;998
7;3;12;8;8019;;3;2;No inventariada;;14;20;1;999;;1;1;1;1;;999;998
7;4;21;8;8019;;3;2;No inventariada;;14;9;1;999;;1;2;1;1;;999;998
7;4;2;8;8019;;3;2;No inventariada;;14;6;1;999;;1;5;1;1;;999;998
7;4;18;8;8019;;3;2;No inventariada;;14;7;1;999;;1;1;1;1;;999;998
7;5;0;8;8019;;3;2;No inventariada;;14;2;2;1;;1;5;1;1;;999;998
7;4;15;8;8019;;3;2;No inventariada;;14;2;2;1;;1;1;1;1;;999;998
7;5;20;8;8019;;3;2;No inventariada;;14;7;1;999;;1;5;1;1;;1;998
7;5;17;8;8019;;3;2;No inventariada;;14;2;1;999;;1;1;1;1;;999;998
7;6;12;8;8019;;3;2;No inventariada;;14;20;2;1;;1;1;1;1;;999;998
7;7;6;8;8019;;3;2;No inventariada;;14;2;2;4;;1;5;1;1;;999;998
7;7;10;8;8019;;3;2;No inventariada;;14;2;2;2;;1;1;1;1;;1;998
7;5;13;8;8019;;3;2;No inventariada;;14;3;2;1;;1;1;1;1;;999;998
7;4;18;8;8019;;3;2;No inventariada;;14;2;1;999;;1;1;1;1;;999;998
7;6;20;8;8019;;3;2;No inventariada;;14;1;1;999;;1;1;1;1;;999;998
7;7;15;8;8019;;3;2;No inventariada;;14;20;1;999;;1;1;1;1;;999;998
7;1;6;8;8019;;3;2;No inventariada;;14;20;1;999;;1;5;1;1;;999;998
7;7;23;8;8019;;3;2;No inventariada;;14;20;1;999;;1;5;1;1;;999;998
7;1;11;8;8019;;3;2;No inventariada;;14;20;2;1;;1;1;1;1;;999;998
7;1;10;8;8019;;3;2;No inventariada;;14;7;2;1;;1;1;1;1;;999;998
7;2;15;8;8019;;3;2;No inventariada;;14;20;2;1;;1;1;1;1;;999;998
7;1;13;8;8019;;3;2;No inventariada;;14;7;1;999;;1;1;1;1;;999;998
7;2;9;8;8019;;3;2;No inventariada;;14;2;1;999;;1;1;1;1;;999;998
7;2;15;8;8019;;3;2;No inventariada;;14;3;2;1;;1;1;1;1;;999;998
7;3;20;8;8019;;3;2;No inventariada;;14;2;1;999;;1;1;1;1;;999;998
7;4;16;8;8019;;3;2;No inventariada;;14;3;1;999;;1;1;1;1;;999;998
7;3;22;8;8019;;3;2;No inventariada;;14;9;1;999;;1;5;1;1;;999;998
7;3;8;8;8019;;3;2;No inventariada;;14;9;2;1;;1;1;1;1;;999;998
7;3;7;8;8019;;3;2;No inventariada;;14;9;1;999;;1;1;1;1;;999;998
7;4;17;8;8019;;3;2;No inventariada;;14;3;2;1;;1;1;1;1;;999;998
7;4;20;8;8019;;3;2;No inventariada;;14;7;1;999;;1;1;1;1;;999;998
7;4;7;8;8019;;3;2;No inventariada;;14;9;1;999;;1;1;1;1;;999;998
7;6;1;8;8019;;3;2;No inventariada;;14;20;2;1;;1;5;1;1;;999;998
7;4;5;8;8019;;3;2;No inventariada;;14;7;1;999;;1;5;1;1;;999;998
7;5;10;8;8019;;3;2;No inventariada;;14;9;1;999;;1;1;1;1;;999;998
7;7;16;8;8019;;3;2;No inventariada;;14;3;1;999;;1;1;1;1;;999;998
7;7;15;8;8019;;3;2;No inventariada;;14;3;1;999;;1;1;1;1;;999;998
7;2;12;8;8019;;3;2;No inventariada;;14;7;1;999;;8;1;1;1;;999;998
7;4;17;8;8019;;3;2;No inventariada;;14;2;1;999;;1;1;1;1;;999;998
7;1;23;8;8019;;3;2;No inventariada;;14;9;2;1;;1;5;1;1;;999;998
7;1;11;8;8019;;3;2;No inventariada;;14;3;2;1;;1;1;1;1;;999;998
7;3;1;8;8019;;3;2;No inventariada;;14;2;2;1;;1;5;1;1;;999;998
7;3;16;8;8019;;3;2;No inventariada;;14;20;1;999;;1;1;1;1;;999;998
7;4;18;8;8019;;3;2;No inventariada;;14;3;2;2;;1;1;1;1;;999;998
7;3;19;8;8019;;3;2;No inventariada;;14;2;2;1;;1;1;1;1;;999;998
7;3;17;8;8019;;3;2;No inventariada;;14;20;1;999;;1;1;1;1;;999;998
7;3;20;8;8019;;3;2;No inventariada;;14;3;2;1;;1;1;1;1;;999;998
7;4;20;8;8019;;3;2;No inventariada;;14;2;2;2;;1;1;1;1;;999;998
7;4;19;8;8019;;3;2;No inventariada;;14;20;2;1;;1;1;1;1;;999;998
7;6;18;8;8019;;3;2;No inventariada;;14;7;1;999;;1;1;1;1;;999;998
7;5;19;8;8019;;3;2;No inventariada;;14;7;1;999;;1;1;1;1;;999;998
7;5;19;8;8019;;3;2;No inventariada;;14;2;2;1;;1;1;1;1;;999;998
7;6;1;8;8019;;3;2;No inventariada;;14;7;1;999;;1;5;1;1;;999;998
7;5;23;8;8019;;3;2;No inventariada;;14;9;1;999;;1;5;1;1;;999;998
7;6;21;8;8019;;3;2;No inventariada;;14;2;2;1;;1;5;1;1;;1;998
7;6;10;8;8019;;3;2;No inventariada;;14;20;2;2;;1;1;1;1;;999;998
7;7;13;8;8019;;3;2;No inventariada;;14;20;2;1;;1;1;1;1;;999;998
7;1;2;8;8019;;3;2;No inventariada;;14;9;1;999;;1;5;1;1;;999;998
7;2;16;8;8019;;3;2;No inventariada;;14;9;1;999;;1;1;1;1;;999;998
7;1;22;8;8019;;3;2;No inventariada;;14;2;2;1;;1;5;1;1;;999;998
7;3;17;8;8019;;3;2;No inventariada;;14;2;1;999;;1;1;1;1;;999;998
7;3;19;8;8019;;3;2;No inventariada;;14;20;1;999;;1;1;1;1;;999;998
8;5;0;8;8019;;3;2;No inventariada;;14;2;2;1;;1;5;1;1;;999;998
8;5;3;8;8019;;1;1;C-31;207;2;6;1;999;;1;5;1;1;;999;4
8;4;16;8;8019;;3;2;No inventariada;;14;2;2;1;;1;1;1;1;;999;998
8;5;15;8;8019;;3;2;No inventariada;;14;6;2;1;;1;1;1;1;;999;998
8;4;17;8;8019;;3;2;No inventariada;;14;3;2;1;;1;1;1;1;;999;998
8;5;14;8;8019;;3;2;No inventariada;;14;3;2;1;;1;1;1;1;;999;998
8;6;16;8;8019;;3;2;No inventariada;;14;1;1;999;;1;1;1;1;;999;998
8;6;17;8;8019;;3;2;No inventariada;;14;1;1;999;;1;1;1;1;;999;998
8;1;19;8;8019;;3;2;No inventariada;;14;2;2;1;;1;1;1;1;;999;998
8;7;21;8;8019;;3;2;No inventariada;;14;20;1;999;;1;5;1;1;;999;998
8;5;15;8;8019;;3;2;No inventariada;;14;20;1;999;;1;1;1;1;;999;998
8;1;18;8;8019;;3;2;No inventariada;;14;3;2;1;;1;1;1;1;;999;998
8;3;18;8;8019;;3;2;No inventariada;;14;20;2;1;;1;1;1;1;;999;998
8;4;18;8;8019;;3;2;No inventariada;;14;7;1;999;;1;1;1;1;;999;998
8;4;16;8;8019;;3;2;No inventariada;;14;2;2;1;;1;1;1;1;;999;998
8;5;18;8;8019;;3;2;No inventariada;;14;7;1;999;;1;1;1;1;;999;998
8;6;17;8;8019;;3;2;No inventariada;;14;20;1;999;;1;1;1;1;;999;998
8;5;22;8;8019;;3;2;No inventariada;;14;2;2;1;;1;1;1;1;;999;998
8;7;6;8;8019;;3;2;No inventariada;;14;2;2;1;;1;5;1;1;;1;998
8;6;11;8;8019;;3;2;No inventariada;;14;7;1;999;;1;1;1;1;;999;998
8;6;20;8;8019;;3;2;No inventariada;;14;3;1;999;;1;1;1;1;;999;998
8;5;7;8;8019;;3;2;No inventariada;;14;9;1;999;;8;1;1;1;;999;998
8;7;15;8;8019;;3;2;No inventariada;;14;20;1;999;;1;1;1;1;;999;998
8;7;22;8;8019;;3;2;No inventariada;;14;6;2;4;;1;5;1;1;;999;998
8;1;19;8;8019;;3;2;No inventariada;;14;2;2;1;;1;1;1;1;;999;998
8;3;11;8;8019;;3;2;No inventariada;;14;2;2;1;;1;1;1;1;;999;998
8;2;21;8;8019;;3;2;No inventariada;;14;9;1;999;;1;5;1;1;;999;998
8;3;12;8;8019;;3;2;No inventariada;;14;20;1;999;;1;1;1;1;;999;998
8;4;19;8;8019;;3;2;No inventariada;;14;7;1;999;;1;2;1;1;;999;998
8;5;18;8;8019;;3;2;No inventariada;;14;7;2;1;;1;5;1;1;;999;998
8;6;0;8;8019;;3;2;No inventariada;;14;3;2;1;;1;5;1;1;;999;998
8;6;6;8;8019;;3;2;No inventariada;;14;20;1;999;;1;1;1;1;;999;998
8;6;4;8;8019;;3;2;No inventariada;;14;2;2;1;;1;5;1;1;;999;998
8;6;11;8;8019;;3;2;No inventariada;;14;20;2;1;;1;1;1;1;;999;998
8;6;14;8;8019;;3;2;No inventariada;;14;2;2;1;;1;1;1;1;;999;998
8;6;19;8;8019;;3;2;No inventariada;;14;2;2;1;;1;1;1;1;;999;998
8;7;11;8;8019;;3;2;No inventariada;;14;2;1;999;;1;1;1;1;;1;998
8;7;20;8;8019;;3;2;No inventariada;;14;7;1;999;;3;1;3;1;;999;998
8;2;18;8;8019;;3;2;No inventariada;;14;20;1;999;;1;1;1;1;;999;998
8;3;8;8;8019;;3;2;No inventariada;;14;2;2;1;;1;1;1;1;;999;998
8;3;8;8;8019;;3;2;No inventariada;;14;7;1;999;;1;1;1;1;;999;998
8;3;12;8;8019;;3;2;No inventariada;;14;20;1;999;;1;1;1;1;;999;998
8;3;22;8;8019;;3;2;No inventariada;;14;3;2;1;;1;5;1;1;;999;998
8;3;12;8;8019;;3;2;No inventariada;;14;3;2;2;;1;1;1;1;;999;998
8;4;9;8;8019;;3;2;No inventariada;;14;3;2;2;;1;1;1;1;;999;998
8;4;0;8;8019;;3;2;No inventariada;;14;20;1;999;;1;5;1;1;;999;998
8;5;12;8;8019;;3;2;No inventariada;;14;3;2;1;;1;1;1;1;;999;998
8;4;22;8;8019;;3;2;No inventariada;;14;20;2;1;;1;5;1;1;;999;998
8;5;19;8;8019;;3;2;No inventariada;;14;20;1;999;;1;1;1;1;;999;998
8;4;20;8;8019;;3;2;No inventariada;;14;7;1;999;;1;1;1;1;;999;998
8;2;21;8;8019;;3;2;No inventariada;;14;9;2;4;;1;1;1;1;;999;998
8;6;17;8;8019;;3;2;No inventariada;;14;2;2;1;;1;1;1;1;;999;998
8;6;23;8;8019;;3;2;No inventariada;;14;20;1;999;;1;5;1;1;;999;998
8;7;17;8;8019;;3;2;No inventariada;;14;3;2;1;;1;1;1;1;;999;998
8;7;13;8;8019;;3;2;No inventariada;;14;2;2;1;;1;1;1;1;;999;998
8;7;13;8;8019;;1;1;C-31;206;2;3;1;999;;1;5;1;1;;999;4
8;1;11;8;8019;;3;2;No inventariada;;14;3;2;1;;1;1;1;1;;1;998
8;1;13;8;8019;;3;2;No inventariada;;14;3;2;1;;1;1;1;1;;999;998
8;7;18;8;8019;;3;2;No inventariada;;14;20;1;999;;1;1;1;1;;999;998
8;1;16;8;8019;;3;2;No inventariada;;14;1;1;999;;1;1;1;1;;999;998
8;7;23;8;8019;;3;2;No inventariada;;14;2;2;1;;1;5;1;1;;999;998
8;1;4;8;8019;;3;2;No inventariada;;14;2;2;1;;1;5;1;1;;999;998
8;1;13;8;8019;;3;2;No inventariada;;14;4;1;999;;1;1;1;1;;1;998
8;1;12;8;8019;;3;2;No inventariada;;14;3;2;1;;1;1;1;1;;999;998
8;1;21;8;8019;;3;2;No inventariada;;14;1;2;1;;1;1;1;1;;999;998
8;1;15;8;8019;;3;2;No inventariada;;14;7;1;999;;1;1;1;1;;999;998
8;2;19;8;8019;;3;2;No inventariada;;14;2;1;999;;1;1;1;1;;999;998
8;2;17;8;8019;;3;2;No inventariada;;14;2;2;1;;1;1;1;1;;999;998
8;3;19;8;8019;;3;2;No inventariada;;14;9;2;2;;1;1;1;1;;999;998
8;3;20;8;8019;;3;2;No inventariada;;14;9;2;1;;1;2;1;1;;999;998
8;4;9;8;8019;;3;2;No inventariada;;14;4;2;1;;1;1;1;1;;1;998
8;4;10;8;8019;;3;2;No inventariada;;14;3;1;999;;1;1;1;1;;999;998
8;4;13;8;8019;;3;2;No inventariada;;14;2;1;999;;1;1;1;1;;999;998
8;4;18;8;8019;;3;2;No inventariada;;14;9;2;1;;1;1;1;1;;999;998
8;4;23;8;8019;;3;2;No inventariada;;14;2;2;1;;1;5;1;1;;999;998
8;5;12;8;8019;;3;2;No inventariada;;14;20;1;999;;1;1;1;1;;999;998
8;5;16;8;8019;;1;1;B-20;9,2;14;20;1;999;;1;1;1;1;;999;4
8;5;21;8;8019;;3;2;No inventariada;;14;20;1;999;;1;5;1;1;;999;998
8;6;16;8;8019;;3;2;No inventariada;;14;3;1;999;;1;1;1;1;;999;998
8;6;21;8;8019;;3;2;No inventariada;;14;9;1;999;;1;2;1;1;;999;998
9;7;8;8;8019;;3;2;No inventariada;;14;20;2;1;;1;1;1;1;;999;998
9;1;15;8;8019;;3;2;No inventariada;;14;9;2;1;;1;1;1;1;;999;998
9;7;14;8;8019;;3;2;No inventariada;;14;3;1;999;;1;1;1;1;;999;998
9;1;9;8;8019;;3;2;No inventariada;;14;7;1;999;;1;1;1;1;;999;998
9;1;16;8;8019;;1;1;B-10;10,2;14;20;1;999;;1;1;1;1;;999;4
9;1;16;8;8019;;3;2;No inventariada;;14;3;2;1;;1;1;1;1;;999;998
9;1;12;8;8019;;3;2;No inventariada;;14;7;1;999;;1;1;1;1;;999;998
9;2;7;8;8019;;3;2;No inventariada;;14;7;1;999;;1;1;1;1;;999;998
9;2;11;8;8019;;3;2;No inventariada;;14;2;2;1;;3;1;3;1;;1;998
9;2;23;8;8019;;3;2;No inventariada;;14;2;2;1;;1;5;1;1;;999;998
9;2;17;8;8019;;3;2;No inventariada;;14;7;1;999;;3;1;3;1;;999;998
9;3;10;8;8019;;3;2;No inventariada;;14;7;1;999;;3;2;3;1;;999;998
9;2;20;8;8019;;3;2;No inventariada;;14;20;1;999;;3;1;3;1;;999;998
9;3;11;8;8019;;3;2;No inventariada;;14;7;2;2;;1;1;1;1;;999;998
9;3;13;8;8019;;3;2;No inventariada;;14;3;2;4;;3;1;3;1;;999;998
9;3;14;8;8019;;3;2;No inventariada;;14;20;1;999;;3;1;3;1;;999;998
9;3;15;8;8019;;3;2;No inventariada;;14;20;1;999;;3;1;3;1;;999;998
9;3;4;8;8019;;3;2;No inventariada;;14;20;1;999;;3;5;3;1;;999;998
9;3;21;8;8019;;3;2;No inventariada;;14;9;1;999;;3;5;3;1;;999;998
6;4;17;8;8019;;3;2;No inventariada;;14;3;1;999;;1;1;1;1;;999;998
9;4;16;8;8019;;3;2;No inventariada;;14;3;2;1;;1;1;1;1;;999;998
9;4;19;8;8019;;3;2;No inventariada;;14;2;2;1;;1;1;1;1;;999;998
9;4;19;8;8019;;3;2;No inventariada;;14;7;1;999;;1;2;1;1;;999;998
9;4;19;8;8019;;3;2;No inventariada;;14;3;1;999;;1;2;1;1;;999;998
9;4;18;8;8019;;1;1;B-20;5,1;14;20;1;999;;1;1;1;1;;999;4
9;5;6;8;8019;;3;2;No inventariada;;14;2;2;1;;1;5;1;1;;999;998
9;2;12;8;8019;;3;2;No inventariada;;14;2;1;999;;1;1;1;1;;999;998
9;5;8;8;8019;;3;2;No inventariada;;14;3;1;999;;1;1;1;1;;1;998
9;5;11;8;8019;;3;2;No inventariada;;14;20;1;999;;3;1;3;1;;999;998
9;5;12;8;8019;;3;2;No inventariada;;14;3;2;1;;1;1;1;1;;999;998
9;5;15;8;8019;;3;2;No inventariada;;14;3;1;999;;1;1;1;1;;999;998
9;5;15;8;8019;;1;1;B-20;8,5;14;20;1;999;;1;1;1;1;;999;4
9;5;14;8;8019;;3;2;No inventariada;;14;3;2;1;;1;1;1;1;;999;998
9;6;12;8;8019;;3;2;No inventariada;;14;9;2;2;;1;1;1;1;;999;998
9;6;14;8;8019;;3;2;No inventariada;;14;7;1;999;;1;1;1;1;;999;998
9;6;14;8;8019;;3;2;No inventariada;;14;1;1;999;;1;1;1;1;;999;998
7;4;15;8;8019;;3;2;No inventariada;;14;2;2;2;;1;1;1;1;;999;998
9;6;14;8;8019;;3;2;No inventariada;;14;2;2;1;;1;1;1;1;;999;998
9;6;19;8;8019;;3;2;No inventariada;;14;2;1;999;;1;1;1;1;;999;998
9;6;23;8;8019;;3;2;No inventariada;;14;2;2;1;;1;5;1;1;;999;998
9;5;17;8;8019;;3;2;No inventariada;;14;20;1;999;;1;1;1;1;;999;998
9;7;11;8;8019;;3;2;No inventariada;;14;3;2;;;3;1;4;1;;999;998
9;1;8;8;8019;;1;1;B-20;5,5;14;9;1;999;;1;5;1;1;;1;4
9;1;11;8;8019;;3;2;No inventariada;;14;20;1;999;;1;1;1;1;;999;998
9;1;13;8;8019;;3;2;No inventariada;;14;3;2;1;;1;1;1;1;;999;998
9;1;16;8;8019;;3;2;No inventariada;;14;2;1;999;;1;1;1;1;;999;998