MES;DIA_SEMANA;HORA;COD_PROVINCIA;COD_MUNICIPIO;ISLA;ZONA;ZONA_AGRUPADA;CARRETERA;KM;TIPO_VIA;TIPO_ACCIDENTE;NUDO;NUDO_INFO;CARRETERA_CRUCE;CONDICION_FIRME;CONDICION_ILUMINACION;CONDICION_METEO;CONDICION_NIEBLA;CONDICION_VIENTO;VISIB_RESTRINGIDA_POR;TRAZADO_PLANTA
9;1;16;8;8019;;3;2;No inventariada;;14;20;1;999;;1;1;1;1;;999;998
9;1;15;8;8019;;3;2;No inventariada;;14;20;1;999;;1;1;1;1;;999;998
9;1;14;8;8019;;3;2;No inventariada;;14;3;2;4;;1;1;1;1;;999;998
9;2;9;8;8019;;3;2;No inventariada;;14;3;2;1;;1;1;1;1;;999;998
9;1;17;8;8019;;3;2;No inventariada;;14;3;1;999;;1;1;1;1;;999;998
9;1;16;8;8019;;3;2;No inventariada;;14;3;1;999;;1;1;1;1;;999;998
9;2;16;8;8019;;3;2;No inventariada;;14;20;1;999;;1;1;1;1;;999;998
9;3;7;8;8019;;3;2;No inventariada;;14;2;2;1;;1;1;1;1;;999;998
9;3;8;8;8019;;3;2;No inventariada;;14;8;2;2;;8;1;1;1;;999;998
9;3;19;8;8019;;3;2;No inventariada;;14;20;1;999;;1;2;1;1;;999;998
9;3;22;8;8019;;3;2;No inventariada;;14;2;1;999;;1;5;1;1;;999;998
9;3;21;8;8019;;3;2;No inventariada;;14;2;2;1;;1;5;1;1;;999;998
9;4;0;8;8019;;3;2;No inventariada;;14;3;2;2;;1;5;1;1;;999;998
9;4;11;8;8019;;3;2;No inventariada;;14;3;1;999;;1;1;1;1;;999;998
9;4;12;8;8019;;3;2;No inventariada;;14;3;2;1;;1;1;1;1;;999;998
9;4;11;8;8019;;3;2;No inventariada;;14;20;1;999;;1;1;1;1;;999;998
9;4;20;8;8019;;3;2;No inventariada;;14;9;2;1;;1;2;1;1;;999;998
9;5;7;8;8019;;3;2;No inventariada;;14;2;2;1;;1;1;1;1;;999;998
9;5;10;8;8019;;3;2;No inventariada;;14;20;1;999;;1;1;1;1;;999;998
9;5;12;8;8019;;3;2;No inventariada;;14;3;1;999;;1;1;1;1;;999;998
9;5;15;8;8019;;3;2;No inventariada;;14;7;2;2;;1;1;1;1;;999;998
9;5;21;8;8019;;3;2;No inventariada;;14;7;2;1;;1;5;1;1;;999;998
9;5;22;8;8019;;3;2;No inventariada;;14;2;2;1;;1;5;1;1;;999;998
9;6;10;8;8019;;3;2;No inventariada;;14;20;1;999;;1;1;1;1;;999;998
9;6;9;8;8019;;3;2;No inventariada;;14;7;1;999;;1;1;1;1;;9;998
9;6;6;8;8019;;3;2;No inventariada;;14;2;2;1;;1;2;1;1;;999;998
9;6;9;8;8019;;3;2;No inventariada;;14;3;1;999;;1;1;1;1;;1;998
9;5;21;8;8019;;3;2;No inventariada;;14;9;1;999;;1;5;1;1;;999;998
9;6;9;8;8019;;3;2;No inventariada;;14;7;1;999;;1;1;1;1;;999;998
9;5;19;8;8019;;3;2;No inventariada;;14;2;2;4;;1;1;1;1;;999;998
9;6;12;8;8019;;3;2;No inventariada;;14;2;2;1;;1;1;1;1;;999;998
9;6;16;8;8019;;3;2;No inventariada;;14;7;1;999;;1;1;1;1;;999;998
9;6;22;8;8019;;3;2;No inventariada;;14;1;2;;;1;5;1;1;;999;998
9;7;11;8;8019;;3;2;No inventariada;;14;3;2;2;;1;1;1;1;;999;998
9;7;16;8;8019;;3;2;No inventariada;;14;1;2;1;;1;1;1;1;;999;998
9;7;14;8;8019;;3;2;No inventariada;;14;20;1;999;;1;1;1;1;;999;998
9;7;16;8;8019;;3;2;No inventariada;;14;20;1;999;;1;1;1;1;;999;998
9;7;20;8;8019;;3;2;No inventariada;;14;3;2;1;;1;5;1;1;;999;998
9;1;8;8;8019;;1;1;B-20;10,5;14;3;1;999;;1;1;1;1;;999;4
9;1;13;8;8019;;3;2;No inventariada;;14;7;2;1;;1;1;1;1;;999;998
9;1;10;8;8019;;3;2;No inventariada;;14;20;1;999;;1;1;1;1;;999;998
9;1;12;8;8019;;3;2;No inventariada;;14;9;1;999;;1;1;1;1;;999;998
9;1;13;8;8019;;3;2;No inventariada;;14;7;2;2;;1;1;1;1;;1;998
9;2;1;8;8019;;3;2;No inventariada;;14;2;2;1;;1;5;1;1;;1;998
9;2;8;8;8019;;3;2;No inventariada;;14;3;2;1;;1;1;1;1;;999;998
9;2;8;8;8019;;3;2;No inventariada;;14;6;1;999;;1;1;1;1;;999;998
9;2;12;8;8019;;3;2;No inventariada;;14;3;2;1;;1;1;1;1;;999;998
9;2;11;8;8019;;3;2;No inventariada;;14;20;1;999;;1;1;1;1;;999;998
9;2;15;8;8019;;3;2;No inventariada;;14;3;1;999;;1;1;1;1;;999;998
9;2;17;8;8019;;1;1;B-10;0,5;14;6;1;999;;1;1;1;1;;1;4
9;2;19;8;8019;;3;2;No inventariada;;14;7;1;999;;3;5;3;1;;5;998
9;2;22;8;8019;;3;2;No inventariada;;14;20;1;999;;3;5;3;1;;999;998
9;2;19;8;8019;;3;2;No inventariada;;14;2;2;1;;3;5;1;1;;999;998
9;2;21;8;8019;;3;2;No inventariada;;14;3;2;1;;1;5;1;1;;999;998
9;2;21;8;8019;;3;2;No inventariada;;14;20;2;1;;3;5;1;1;;999;998
9;3;10;8;8019;;3;2;No inventariada;;14;3;1;999;;1;1;1;1;;999;998
9;3;8;8;8019;;1;1;B-20;13,9;14;20;1;999;;1;1;1;1;;999;4
9;3;12;8;8019;;3;2;No inventariada;;14;20;1;999;;1;1;1;1;;999;998
9;3;13;8;8019;;3;2;No inventariada;;14;20;1;999;;1;1;1;1;;999;998
9;2;17;8;8019;;3;2;No inventariada;;14;3;1;999;;1;1;1;1;;999;998
9;3;9;8;8019;;3;2;No inventariada;;14;2;2;1;;1;1;1;1;;999;998
9;2;20;8;8019;;1;1;B-10;15,5;3;9;1;999;;3;5;3;1;;999;4
9;3;19;8;8019;;3;2;No inventariada;;14;7;1;999;;1;1;1;1;;999;998
9;3;21;8;8019;;3;2;No inventariada;;14;9;1;999;;1;5;1;1;;1;998
9;3;19;8;8019;;3;2;No inventariada;;14;20;1;999;;3;5;1;1;;999;998
9;3;16;8;8019;;3;2;No inventariada;;14;3;2;1;;1;1;1;1;;999;998
9;3;21;8;8019;;3;2;No inventariada;;14;9;2;1;;1;5;1;1;;999;998
9;4;6;8;8019;;3;2;No inventariada;;14;3;1;999;;1;5;1;1;;999;998
9;4;12;8;8019;;3;2;No inventariada;;14;2;2;1;;1;1;1;1;;999;998
9;4;10;8;8019;;3;2;No inventariada;;14;3;2;1;;1;1;1;1;;999;998
9;4;18;8;8019;;3;2;No inventariada;;14;20;1;999;;1;1;1;1;;999;998
9;4;13;8;8019;;1;1;B-20;13;14;20;1;999;;1;1;1;1;;999;4
9;4;21;8;8019;;3;2;No inventariada;;14;7;1;999;;1;5;1;1;;999;998
9;5;1;8;8019;;3;2;No inventariada;;14;2;2;1;;1;5;1;1;;999;998
9;5;3;8;8019;;3;2;No inventariada;;14;3;1;999;;1;5;1;1;;999;998
9;2;20;8;8019;;3;2;No inventariada;;14;20;1;999;;1;5;1;1;;999;998
9;3;10;8;8019;;3;2;No inventariada;;14;3;1;999;;1;1;1;1;;999;998
9;5;19;8;8019;;3;2;No inventariada;;14;9;2;1;;1;1;1;1;;999;998
9;5;13;8;8019;;1;1;B-20;6;14;20;1;999;;1;5;1;1;;999;4
9;5;10;8;8019;;3;2;No inventariada;;14;3;1;999;;3;1;4;1;;999;998
9;5;13;8;8019;;3;2;No inventariada;;14;20;1;999;;3;1;1;1;;999;998
9;5;16;8;8019;;3;2;No inventariada;;14;3;1;999;;1;1;1;1;;999;998
9;6;7;8;8019;;3;2;No inventariada;;14;6;1;999;;3;1;3;1;;999;998
9;6;10;8;8019;;3;2;No inventariada;;14;7;1;999;;3;1;1;1;;1;998
9;5;16;8;8019;;3;2;No inventariada;;14;3;1;999;;1;1;1;1;;999;998
9;6;14;8;8019;;3;2;No inventariada;;14;20;1;999;;1;1;1;1;;999;998
9;6;13;8;8019;;3;2;No inventariada;;14;2;2;1;;1;1;1;1;;999;998
9;5;20;8;8019;;3;2;No inventariada;;14;2;2;1;;1;5;1;1;;999;998
9;6;1;8;8019;;3;2;No inventariada;;14;2;2;1;;1;5;1;1;;999;998
9;5;23;8;8019;;3;2;No inventariada;;14;2;2;1;;1;5;1;1;;999;998
9;7;0;8;8019;;3;2;No inventariada;;14;9;2;1;;1;5;1;1;;1;998
9;6;23;8;8019;;3;2;No inventariada;;14;2;1;999;;1;5;1;1;;999;998
9;6;20;8;8019;;3;2;No inventariada;;14;2;2;1;;3;5;3;1;;999;998
9;5;13;8;8019;;3;2;No inventariada;;14;1;2;2;;1;1;1;1;;999;998
9;6;12;8;8019;;3;2;No inventariada;;14;2;2;1;;1;1;1;1;;999;998
9;7;11;8;8019;;3;2;No inventariada;;14;9;1;999;;3;1;3;1;;999;998
9;7;16;8;8019;;3;2;No inventariada;;14;3;1;999;;1;1;1;1;;1;998
9;7;17;8;8019;;3;2;No inventariada;;14;2;2;1;;3;1;1;1;;999;998
9;7;19;8;8019;;3;2;No inventariada;;14;20;1;999;;1;5;1;1;;999;998
9;1;6;8;8019;;1;1;B-10;12,5;3;20;1;999;;1;5;1;1;;999;4
9;6;20;8;8019;;3;2;No inventariada;;14;7;1;999;;1;5;1;1;;999;998
9;1;6;8;8019;;3;2;No inventariada;;14;20;1;999;;1;2;1;1;;999;998
9;1;9;8;8019;;3;2;No inventariada;;14;20;1;999;;1;1;1;1;;999;998
9;1;11;8;8019;;3;2;No inventariada;;14;2;1;999;;1;1;1;1;;999;998
9;7;21;8;8019;;3;2;No inventariada;;14;9;1;999;;1;5;1;1;;999;998
9;1;16;8;8019;;3;2;No inventariada;;14;2;1;999;;1;1;1;1;;999;998
9;1;17;8;8019;;3;2;No inventariada;;14;2;2;2;;1;1;1;1;;999;998
9;1;21;8;8019;;3;2;No inventariada;;14;2;2;2;;1;5;1;1;;17;998
9;1;18;8;8019;;3;2;No inventariada;;14;9;1;999;;1;1;1;1;;1;998
9;2;5;8;8019;;3;2;No inventariada;;14;6;1;999;;1;1;1;1;;999;998
9;2;9;8;8019;;3;2;No inventariada;;14;7;2;1;;1;1;1;1;;999;998
9;2;16;8;8019;;3;2;No inventariada;;14;20;1;999;;1;1;1;1;;999;998
9;2;20;8;8019;;3;2;No inventariada;;14;2;2;1;;1;5;1;1;;999;998
9;2;22;8;8019;;3;2;No inventariada;;14;6;2;1;;1;5;1;1;;999;998
9;2;22;8;8019;;3;2;No inventariada;;14;2;2;1;;1;5;1;1;;999;998
9;3;0;8;8019;;3;2;No inventariada;;14;9;1;999;;1;5;1;1;;999;998
9;2;22;8;8019;;3;2;No inventariada;;14;3;2;2;;1;5;1;1;;999;998
9;3;10;8;8019;;3;2;No inventariada;;14;20;1;999;;1;1;1;1;;999;998
9;3;9;8;8019;;3;2;No inventariada;;14;2;2;2;;1;1;1;1;;999;998
9;3;10;8;8019;;3;2;No inventariada;;14;2;2;1;;1;1;1;1;;999;998
9;3;12;8;8019;;3;2;No inventariada;;14;2;1;999;;1;1;1;1;;999;998
9;3;16;8;8019;;3;2;No inventariada;;14;2;2;1;;1;1;1;1;;999;998
9;3;16;8;8019;;3;2;No inventariada;;14;20;1;999;;1;1;1;1;;999;998
9;2;13;8;8019;;3;2;No inventariada;;14;20;1;999;;1;1;1;1;;999;998
9;6;18;8;8019;;3;2;No inventariada;;14;20;1;999;;1;1;1;1;;999;998
9;3;21;8;8019;;3;2;No inventariada;;14;2;1;999;;1;5;1;;;999;998
9;3;15;8;8019;;3;2;No inventariada;;14;20;1;999;;1;1;1;1;;999;998
9;3;23;8;8019;;3;2;No inventariada;;14;20;1;999;;1;5;1;1;;999;998
9;4;8;8;8019;;3;2;No inventariada;;14;7;2;2;;1;1;1;1;;1;998
9;3;15;8;8019;;3;2;No inventariada;;14;2;2;1;;1;1;1;1;;999;998
9;4;7;8;8019;;3;2;No inventariada;;14;7;2;2;;1;1;1;1;;999;998
9;4;8;8;8019;;3;2;No inventariada;;14;20;1;999;;1;1;1;1;;999;998
9;4;10;8;8019;;3;2;No inventariada;;14;2;2;1;;1;1;1;1;;999;998
9;4;14;8;8019;;2;2;BV-1415;11,5;14;3;1;999;;1;1;1;1;;999;4
9;1;21;8;8019;;3;2;No inventariada;;14;9;2;4;;1;5;1;1;;999;998
9;4;13;8;8019;;1;1;B-10;11,7;3;3;1;999;;1;1;1;1;;999;4
9;4;14;8;8019;;1;1;B-20;11,5;14;20;1;999;;1;1;1;1;;999;4
9;4;15;8;8019;;1;1;B-20;9;14;20;1;999;;1;1;1;1;;999;4
9;4;18;8;8019;;3;2;No inventariada;;14;7;1;999;;1;1;1;1;;999;998
9;4;20;8;8019;;3;2;No inventariada;;14;7;1;999;;1;5;1;1;;1;998
9;4;19;8;8019;;3;2;No inventariada;;14;20;1;999;;1;1;1;1;;999;998
9;4;15;8;8019;;3;2;No inventariada;;14;3;2;1;;1;1;1;1;;999;998
9;4;20;8;8019;;3;2;No inventariada;;14;7;1;999;;1;5;1;1;;999;998
9;4;21;8;8019;;3;2;No inventariada;;14;20;1;999;;1;5;1;1;;999;998
9;4;21;8;8019;;3;2;No inventariada;;14;2;2;1;;1;5;1;1;;999;998
9;4;22;8;8019;;3;2;No inventariada;;14;20;1;999;;1;5;1;1;;999;998
9;4;20;8;8019;;1;1;B-20;13,9;14;20;1;999;;1;5;1;1;;999;4
9;4;18;8;8019;;3;2;No inventariada;;14;20;2;1;;1;1;1;1;;999;998
9;4;20;8;8019;;3;2;No inventariada;;14;9;2;4;;1;1;1;1;;999;998
9;7;2;8;8019;;3;2;No inventariada;;14;20;1;999;;1;5;1;1;;999;998
9;4;19;8;8019;;3;2;No inventariada;;14;3;2;1;;1;1;1;1;;999;998
9;5;8;8;8019;;3;2;No inventariada;;14;2;2;1;;1;1;1;1;;1;998
9;5;8;8;8019;;3;2;No inventariada;;14;7;1;999;;1;1;1;1;;999;998
9;5;9;8;8019;;3;2;No inventariada;;14;3;2;1;;1;1;1;1;;999;998
9;5;10;8;8019;;3;2;No inventariada;;14;1;1;999;;1;5;1;1;;999;998
9;5;11;8;8019;;3;2;No inventariada;;14;6;1;999;;1;1;1;1;;1;998
9;5;11;8;8019;;3;2;No inventariada;;14;20;1;999;;1;1;1;1;;999;998
9;5;6;8;8019;;3;2;No inventariada;;14;20;1;999;;1;5;1;1;;999;998
9;5;13;8;8019;;3;2;No inventariada;;14;3;1;999;;1;5;1;1;;999;998
9;5;16;8;8019;;3;2;No inventariada;;14;20;1;999;;1;1;1;1;;999;998
9;5;14;8;8019;;3;2;No inventariada;;14;3;1;999;;1;1;1;1;;999;998
9;5;13;8;8019;;3;2;No inventariada;;14;20;1;999;;1;1;1;1;;999;998
9;5;12;8;8019;;3;2;No inventariada;;14;20;1;999;;1;1;1;1;;999;998
9;5;15;8;8019;;1;1;B-20;12,1;14;3;1;999;;1;1;1;1;;999;4
9;5;19;8;8019;;3;2;No inventariada;;14;3;1;999;;1;1;1;1;;999;998
9;5;18;8;8019;;3;2;No inventariada;;14;2;2;1;;1;1;1;1;;999;998
9;5;15;8;8019;;3;2;No inventariada;;14;7;2;2;;1;1;1;1;;999;998
9;5;20;8;8019;;1;1;B-10;8,5;14;2;1;999;;1;2;1;1;;999;4
9;5;20;8;8019;;3;2;No inventariada;;14;7;1;999;;1;5;1;1;;999;998
9;5;18;8;8019;;1;1;B-10;9,6;14;20;1;999;;1;1;1;1;;999;4
9;5;22;8;8019;;3;2;No inventariada;;14;3;2;1;;1;5;1;1;;999;998
9;4;16;8;8019;;3;2;No inventariada;;14;9;1;999;;1;1;1;1;;999;998
9;6;11;8;8019;;3;2;No inventariada;;14;20;1;999;;1;1;1;1;;999;998
9;4;17;8;8019;;3;2;No inventariada;;14;20;1;999;;1;1;1;1;;999;998
9;6;12;8;8019;;3;2;No inventariada;;14;2;2;2;;1;1;1;1;;999;998
9;4;20;8;8019;;3;2;No inventariada;;14;2;1;999;;1;5;1;1;;1;998
9;6;14;8;8019;;3;2;No inventariada;;14;3;1;999;;1;1;1;1;;999;998
9;6;13;8;8019;;3;2;No inventariada;;14;20;1;999;;1;1;1;1;;999;998
9;6;13;8;8019;;3;2;No inventariada;;14;2;2;1;;1;1;1;1;;999;998
9;6;10;8;8019;;3;2;No inventariada;;14;3;1;999;;1;1;1;1;;999;998
9;6;16;8;8019;;3;2;No inventariada;;14;2;2;1;;1;1;1;1;;999;998
9;6;15;8;8019;;3;2;No inventariada;;14;20;1;999;;1;1;1;1;;999;998
9;6;20;8;8019;;3;2;No inventariada;;14;20;2;4;;1;5;1;1;;999;998
9;6;19;8;8019;;3;2;No inventariada;;14;7;2;1;;1;1;1;1;;999;998
9;5;8;8;8019;;3;2;No inventariada;;14;20;1;999;;1;1;1;1;;999;998
9;6;22;8;8019;;3;2;No inventariada;;14;3;2;2;;1;5;1;1;;999;998
9;7;2;8;8019;;3;2;No inventariada;;14;20;1;999;;3;5;4;1;;999;998
9;2;22;8;8019;;3;2;No inventariada;;14;6;2;1;;1;5;1;1;;999;998
9;7;11;8;8019;;3;2;No inventariada;;14;2;2;1;;1;1;1;1;;999;998
9;7;11;8;8019;;3;2;No inventariada;;14;3;1;999;;1;1;1;1;;999;998
9;7;13;8;8019;;3;2;No inventariada;;14;7;1;999;;1;1;1;1;;999;998
9;6;21;8;8019;;3;2;No inventariada;;14;20;2;1;;1;5;1;1;;999;998
9;7;10;8;8019;;3;2;No inventariada;;14;2;2;1;;1;1;1;1;;999;998
9;7;14;8;8019;;3;2;No inventariada;;14;3;2;1;;1;1;1;1;;999;998
9;7;18;8;8019;;3;2;No inventariada;;14;20;1;999;;1;1;1;1;;999;998
9;7;19;8;8019;;3;2;No inventariada;;14;7;1;999;;1;1;1;1;;999;998
9;7;12;8;8019;;3;2;No inventariada;;14;20;2;1;;1;1;1;1;;999;998
9;7;12;8;8019;;3;2;No inventariada;;14;7;2;2;;1;1;1;1;;999;998
9;7;20;8;8019;;3;2;No inventariada;;14;20;1;999;;1;5;1;1;;999;998
9;7;13;8;8019;;3;2;No inventariada;;14;2;2;1;;1;1;1;1;;1;998
9;7;15;8;8019;;3;2;No inventariada;;14;2;2;1;;1;1;1;1;;999;998
9;7;20;8;8019;;3;2;No inventariada;;14;20;1;999;;1;5;1;1;;999;998
9;1;7;8;8019;;3;2;No inventariada;;14;2;1;999;;1;5;1;1;;999;998
9;1;5;8;8019;;3;2;No inventariada;;14;3;2;1;;1;5;1;1;;999;998
9;1;7;8;8019;;3;2;No inventariada;;14;20;1;999;;1;2;1;1;;999;998
9;1;9;8;8019;;1;1;B-20;16,4;14;20;1;999;;1;1;1;1;;999;4
9;1;8;8;8019;;1;1;B-20;13,5;14;3;1;999;;1;5;1;1;;999;4
9;1;7;8;8019;;3;2;No inventariada;;14;20;1;999;;1;1;1;1;;999;998
9;1;9;8;8019;;3;2;No inventariada;;14;20;2;1;;1;1;1;1;;999;998
9;1;11;8;8019;;3;2;No inventariada;;14;20;1;999;;1;1;1;1;;999;998
9;7;14;8;8019;;3;2;No inventariada;;14;3;2;1;;1;1;1;1;;999;998
9;1;11;8;8019;;3;2;No inventariada;;14;20;2;1;;1;1;1;1;;999;998
9;1;17;8;8019;;3;2;No inventariada;;14;3;1;999;;1;1;1;1;;999;998
9;1;18;8;8019;;3;2;No inventariada;;14;3;2;1;;1;1;1;1;;999;998
9;1;10;8;8019;;3;2;No inventariada;;14;3;1;999;;1;1;1;1;;999;998
9;1;10;8;8019;;1;1;B-10;15;3;20;1;999;;1;1;1;1;;999;4
9;1;10;8;8019;;3;2;No inventariada;;14;3;2;1;;1;1;1;1;;999;998
9;1;13;8;8019;;3;2;No inventariada;;14;20;1;999;;1;1;1;1;;999;998
9;1;21;8;8019;;3;2;No inventariada;;14;2;2;1;;1;5;1;1;;999;998
9;1;20;8;8019;;3;2;No inventariada;;14;20;2;1;;1;5;1;1;;999;998
9;1;19;8;8019;;3;2;No inventariada;;14;3;2;1;;1;5;1;1;;999;998
9;1;20;8;8019;;3;2;No inventariada;;14;19;1;999;;1;2;1;1;;999;998
9;1;22;8;8019;;3;2;No inventariada;;14;2;2;1;;1;5;1;1;;999;998
9;1;16;8;8019;;3;2;No inventariada;;14;20;1;999;;1;1;1;1;;999;998
10;2;0;8;8019;;3;2;No inventariada;;14;6;1;999;;1;5;1;1;;999;998
9;1;22;8;8019;;3;2;No inventariada;;14;7;1;999;;1;1;1;1;;999;998
9;1;20;8;8019;;3;2;No inventariada;;14;3;2;2;;1;5;1;1;;999;998
10;2;8;8;8019;;3;2;No inventariada;;14;3;1;999;;1;1;1;1;;999;998
10;2;9;8;8019;;3;2;No inventariada;;14;3;2;4;;1;1;1;1;;999;998
9;1;20;8;8019;;3;2;No inventariada;;14;7;2;1;;1;5;1;1;;999;998
10;2;9;8;8019;;3;2;No inventariada;;14;7;2;1;;1;1;1;1;;999;998
9;1;23;8;8019;;3;2;No inventariada;;14;3;1;999;;1;1;1;1;;999;998
10;2;8;8;8019;;3;2;No inventariada;;14;7;1;999;;1;1;1;1;;999;998
10;2;8;8;8019;;3;2;No inventariada;;14;3;1;999;;1;1;1;1;;999;998
9;1;13;8;8019;;3;2;No inventariada;;14;7;2;1;;1;1;1;1;;1;998
10;2;9;8;8019;;3;2;No inventariada;;14;20;2;1;;1;1;1;1;;999;998
10;2;10;8;8019;;3;2;No inventariada;;14;7;2;1;;1;1;1;1;;999;998
10;2;10;8;8019;;3;2;No inventariada;;14;3;1;999;;1;1;1;1;;999;998
10;2;11;8;8019;;3;2;No inventariada;;14;20;1;999;;1;1;1;1;;999;998
9;3;10;8;8019;;3;2;No inventariada;;14;9;1;999;;1;1;1;1;;999;998
10;2;9;8;8019;;3;2;No inventariada;;14;20;1;999;;1;1;1;1;;999;998
10;2;12;8;8019;;3;2;No inventariada;;14;3;1;999;;1;1;1;1;;999;998
10;2;14;8;8019;;1;1;C-17;1,4;3;9;1;999;;1;1;1;1;;999;4
9;5;15;8;8019;;3;2;No inventariada;;14;20;2;1;;1;1;1;1;;999;998
10;2;16;8;8019;;3;2;No inventariada;;14;3;2;4;;1;1;1;1;;999;998
10;2;17;8;8019;;1;1;B-20;5,5;14;20;1;999;;1;1;1;1;;999;4
10;2;17;8;8019;;3;2;No inventariada;;14;20;1;999;;1;1;1;1;;999;998
10;2;12;8;8019;;3;2;No inventariada;;14;20;1;999;;1;1;1;1;;999;998
10;2;18;8;8019;;1;1;B-20;8;14;20;1;999;;1;1;1;1;;999;4
10;2;19;8;8019;;3;2;No inventariada;;14;20;1;999;;1;5;1;1;;999;998
10;2;18;8;8019;;3;2;No inventariada;;14;7;2;1;;1;5;1;1;;999;998
10;3;2;8;8019;;1;1;B-10;6,2;14;4;1;999;;1;5;1;1;;1;4
10;2;21;8;8019;;3;2;No inventariada;;14;20;1;999;;1;5;1;1;;999;998
10;3;7;8;8019;;3;2;No inventariada;;14;3;1;999;;1;1;1;1;;999;998
10;2;19;8;8019;;3;2;No inventariada;;14;7;1;999;;1;1;1;1;;999;998
10;2;19;8;8019;;3;2;No inventariada;;14;7;1;999;;1;5;1;1;;999;998
9;6;23;8;8019;;3;2;No inventariada;;14;7;1;999;;1;1;1;1;;999;998
9;4;17;8;8019;;3;2;No inventariada;;14;3;1;999;;1;1;1;1;;999;998
10;2;18;8;8019;;3;2;No inventariada;;14;7;2;1;;1;1;1;1;;999;998
10;3;10;8;8019;;3;2;No inventariada;;14;20;1;999;;1;1;1;1;;999;998
10;3;11;8;8019;;3;2;No inventariada;;14;3;1;999;;1;1;1;1;;999;998
10;2;12;8;8019;;3;2;No inventariada;;14;20;1;999;;1;1;1;1;;999;998
10;3;9;8;8019;;3;2;No inventariada;;14;20;1;999;;1;1;1;1;;999;998
10;3;10;8;8019;;3;2;No inventariada;;14;20;1;999;;1;1;1;1;;999;998
10;2;17;8;8019;;3;2;No inventariada;;14;2;1;999;;1;1;1;1;;999;998
10;3;15;8;8019;;3;2;No inventariada;;14;3;1;999;;1;1;1;1;;1;998
10;3;14;8;8019;;3;2;No inventariada;;14;20;2;1;;1;1;1;1;;999;998
10;3;17;8;8019;;3;2;No inventariada;;14;3;1;999;;1;1;1;1;;999;998
10;3;15;8;8019;;3;2;No inventariada;;14;2;2;1;;1;1;1;1;;999;998
10;3;13;8;8019;;3;2;No inventariada;;14;7;2;1;;1;1;1;1;;999;998
10;3;18;8;8019;;3;2;No inventariada;;14;20;1;999;;1;1;1;1;;999;998
10;3;13;8;8019;;3;2;No inventariada;;14;20;1;999;;1;1;1;1;;999;998
10;3;13;8;8019;;3;2;No inventariada;;14;20;1;999;;1;1;1;1;;999;998
10;3;13;8;8019;;3;2;No inventariada;;14;2;2;1;;1;1;1;1;;999;998
10;3;17;8;8019;;3;2;No inventariada;;14;20;1;999;;3;1;3;1;;999;998
10;4;0;8;8019;;3;2;No inventariada;;14;9;1;999;;3;5;4;1;;999;998
10;3;21;8;8019;;3;2;No inventariada;;14;20;1;999;;1;5;1;1;;999;998
10;3;20;8;8019;;3;2;No inventariada;;14;20;2;1;;3;5;3;1;;999;998
10;3;21;8;8019;;3;2;No inventariada;;14;20;1;999;;3;5;3;1;;999;998
10;4;6;8;8019;;3;2;No inventariada;;14;2;2;2;;3;5;3;1;;999;998
10;3;20;8;8019;;3;2;No inventariada;;14;9;1;999;;3;5;3;1;;999;998
10;3;21;8;8019;;1;1;B-10;16;3;20;1;999;;3;5;4;1;;999;4
10;4;5;8;8019;;3;2;No inventariada;;14;20;1;999;;3;5;4;1;;999;998
10;4;7;8;8019;;3;2;No inventariada;;14;9;2;1;;3;5;3;1;;999;998