MES;DIA_SEMANA;HORA;COD_PROVINCIA;COD_MUNICIPIO;ISLA;ZONA;ZONA_AGRUPADA;CARRETERA;KM;TIPO_VIA;TIPO_ACCIDENTE;NUDO;NUDO_INFO;CARRETERA_CRUCE;CONDICION_FIRME;CONDICION_ILUMINACION;CONDICION_METEO;CONDICION_NIEBLA;CONDICION_VIENTO;VISIB_RESTRINGIDA_POR;TRAZADO_PLANTA
10;3;9;8;8019;;3;2;No inventariada;;14;7;2;1;;1;1;1;1;;999;998
10;4;10;8;8019;;3;2;No inventariada;;14;2;2;1;;1;1;1;1;;999;998
10;4;11;8;8019;;3;2;No inventariada;;14;3;2;2;;1;1;1;1;;9;998
10;4;12;8;8019;;3;2;No inventariada;;14;3;2;1;;1;1;1;1;;999;998
10;4;8;8;8019;;1;1;B-20;8,3;14;9;1;999;;3;1;1;1;;999;4
10;4;14;8;8019;;3;2;No inventariada;;14;20;1;999;;1;5;1;1;;999;998
10;4;12;8;8019;;3;2;No inventariada;;14;2;2;1;;1;1;1;1;;999;998
10;4;13;8;8019;;3;2;No inventariada;;14;3;2;1;;1;1;1;1;;999;998
10;4;16;8;8019;;3;2;No inventariada;;14;7;1;999;;1;1;1;1;;999;998
10;4;17;8;8019;;3;2;No inventariada;;14;7;2;1;;1;1;1;1;;999;998
10;4;14;8;8019;;3;2;No inventariada;;14;2;2;1;;1;1;1;1;;999;998
10;4;9;8;8019;;3;2;No inventariada;;14;3;2;1;;1;1;1;1;;999;998
10;4;14;8;8019;;3;2;No inventariada;;14;20;1;999;;1;1;1;1;;999;998
10;4;18;8;8019;;3;2;No inventariada;;14;20;1;999;;1;1;1;1;;999;998
10;4;14;8;8019;;3;2;No inventariada;;14;1;1;999;;1;1;1;1;;999;998
10;4;14;8;8019;;3;2;No inventariada;;14;3;1;999;;1;1;1;1;;999;998
10;4;12;8;8019;;3;2;No inventariada;;14;3;2;1;;1;1;1;1;;999;998
6;3;17;8;8019;;3;2;No inventariada;;14;7;2;1;;1;1;1;1;;999;998
10;5;8;8;8019;;3;2;No inventariada;;14;1;2;1;;1;1;1;1;;999;998
10;5;7;8;8019;;3;2;No inventariada;;14;3;2;1;;1;1;1;1;;999;998
10;5;7;8;8019;;3;2;No inventariada;;14;20;2;1;;1;1;1;1;;999;998
10;5;8;8;8019;;3;2;No inventariada;;14;7;2;1;;1;1;1;1;;999;998
10;5;9;8;8019;;3;2;No inventariada;;14;20;1;999;;1;1;1;1;;999;998
10;5;11;8;8019;;3;2;No inventariada;;14;3;2;1;;1;1;1;1;;999;998
10;5;11;8;8019;;3;2;No inventariada;;14;20;1;999;;1;1;1;1;;999;998
10;5;12;8;8019;;3;2;No inventariada;;14;20;1;999;;1;1;1;1;;999;998
10;5;14;8;8019;;3;2;No inventariada;;14;2;1;999;;1;1;1;1;;999;998
10;5;13;8;8019;;3;2;No inventariada;;14;3;1;999;;1;1;1;1;;999;998
10;5;14;8;8019;;3;2;No inventariada;;14;20;2;1;;1;1;1;1;;999;998
10;5;15;8;8019;;3;2;No inventariada;;14;2;2;1;;1;1;1;1;;999;998
10;5;15;8;8019;;1;1;B-10;7,5;14;3;1;999;;1;1;1;1;;999;4
10;5;16;8;8019;;3;2;No inventariada;;14;20;2;1;;1;1;1;1;;999;998
10;5;16;8;8019;;3;2;No inventariada;;14;7;1;999;;1;1;1;1;;999;998
10;5;15;8;8019;;3;2;No inventariada;;14;20;1;999;;1;1;1;1;;999;998
10;5;17;8;8019;;3;2;No inventariada;;14;3;2;1;;1;1;1;;;999;998
10;5;19;8;8019;;3;2;No inventariada;;14;3;2;1;;1;5;1;1;;999;998
10;5;20;8;8019;;3;2;No inventariada;;14;20;1;999;;1;5;1;1;;999;998
10;5;19;8;8019;;3;2;No inventariada;;14;7;1;999;;1;2;1;1;;999;998
10;5;20;8;8019;;3;2;No inventariada;;14;20;1;999;;1;5;1;1;;999;998
10;5;21;8;8019;;3;2;No inventariada;;14;3;1;999;;1;5;1;1;;999;998
10;6;1;8;8019;;3;2;No inventariada;;14;3;1;999;;1;5;1;1;;999;998
10;5;21;8;8019;;3;2;No inventariada;;14;9;2;1;;1;2;1;1;;999;998
10;5;21;8;8019;;3;2;No inventariada;;14;9;1;999;;1;5;1;1;;999;998
10;6;10;8;8019;;3;2;No inventariada;;14;20;1;999;;1;1;1;1;;999;998
10;6;10;8;8019;;3;2;No inventariada;;14;3;2;1;;1;1;1;1;;999;998
10;6;12;8;8019;;3;2;No inventariada;;14;20;1;999;;1;1;1;1;;999;998
10;6;15;8;8019;;3;2;No inventariada;;14;7;1;999;;1;1;1;1;;999;998
10;6;13;8;8019;;3;2;No inventariada;;14;20;1;999;;1;1;1;1;;999;998
10;6;16;8;8019;;3;2;No inventariada;;14;6;1;999;;1;1;1;1;;999;998
10;6;13;8;8019;;3;2;No inventariada;;14;2;2;1;;1;1;1;1;;999;998
10;6;14;8;8019;;3;2;No inventariada;;14;2;2;1;;1;1;1;1;;999;998
10;6;17;8;8019;;3;2;No inventariada;;14;2;2;2;;1;1;1;1;;999;998
10;6;16;8;8019;;3;2;No inventariada;;14;20;1;999;;1;1;1;1;;999;998
10;6;18;8;8019;;3;2;No inventariada;;14;7;1;999;;1;1;1;1;;999;998
10;6;20;8;8019;;3;2;No inventariada;;14;20;1;999;;1;5;1;1;;999;998
10;6;18;8;8019;;3;2;No inventariada;;14;9;2;1;;8;1;1;1;;999;998
10;6;20;8;8019;;1;1;B-10;12,5;3;20;1;999;;1;5;1;1;;999;4
10;6;21;8;8019;;1;1;B-10;8,5;14;3;1;999;;1;5;1;1;;999;4
10;6;23;8;8019;;3;2;No inventariada;;14;3;2;1;;1;5;1;1;;999;998
10;6;22;8;8019;;3;2;No inventariada;;14;3;2;1;;1;5;1;1;;999;998
10;7;2;8;8019;;3;2;No inventariada;;14;7;1;999;;1;5;1;1;;999;998
10;7;2;8;8019;;3;2;No inventariada;;14;6;1;999;;1;5;1;1;;1;998
10;7;1;8;8019;;3;2;No inventariada;;14;3;1;999;;1;5;1;1;;999;998
10;7;8;8;8019;;3;2;No inventariada;;14;9;1;999;;1;1;1;1;;999;998
10;7;13;8;8019;;3;2;No inventariada;;14;9;2;2;;1;1;1;1;;999;998
10;7;14;8;8019;;3;2;No inventariada;;14;3;2;1;;1;1;1;1;;999;998
10;7;10;8;8019;;3;2;No inventariada;;14;3;2;1;;1;1;1;1;;999;998
10;7;16;8;8019;;3;2;No inventariada;;14;20;1;999;;1;1;1;1;;999;998
10;7;20;8;8019;;3;2;No inventariada;;14;9;1;999;;1;5;1;1;;999;998
10;1;2;8;8019;;3;2;No inventariada;;14;2;1;999;;1;5;1;1;;999;998
10;1;6;8;8019;;3;2;No inventariada;;14;7;1;999;;1;5;1;1;;999;998
10;1;7;8;8019;;3;2;No inventariada;;14;20;1;999;;1;1;1;1;;999;998
10;1;8;8;8019;;3;2;No inventariada;;14;20;1;999;;1;1;1;1;;999;998
10;1;11;8;8019;;3;2;No inventariada;;14;9;2;1;;1;1;1;1;;999;998
10;1;11;8;8019;;3;2;No inventariada;;14;20;1;999;;1;1;1;1;;999;998
10;1;12;8;8019;;3;2;No inventariada;;14;7;2;2;;1;1;1;1;;999;998
10;1;13;8;8019;;3;2;No inventariada;;14;3;1;999;;1;1;1;1;;999;998
10;1;15;8;8019;;3;2;No inventariada;;14;20;1;999;;1;1;1;1;;999;998
10;1;10;8;8019;;3;2;No inventariada;;14;20;1;999;;1;1;1;1;;999;998
10;1;14;8;8019;;3;2;No inventariada;;14;3;2;1;;1;1;1;1;;999;998
10;1;16;8;8019;;3;2;No inventariada;;14;2;2;1;;1;1;1;1;;999;998
10;1;18;8;8019;;3;2;No inventariada;;14;20;1;999;;1;1;1;1;;999;998
10;1;19;8;8019;;3;2;No inventariada;;14;20;2;1;;1;1;1;1;;999;998
10;1;17;8;8019;;3;2;No inventariada;;14;3;1;999;;1;1;1;1;;999;998
10;1;17;8;8019;;3;2;No inventariada;;14;20;2;1;;1;1;1;1;;999;998
10;2;0;8;8019;;1;1;B-10;16,7;3;3;1;999;;3;5;3;1;;999;4
10;1;13;8;8019;;3;2;No inventariada;;14;20;1;999;;1;1;1;1;;999;998
10;2;8;8;8019;;3;2;No inventariada;;14;20;1;999;;1;1;1;1;;999;998
10;2;8;8;8019;;3;2;No inventariada;;14;2;2;1;;1;1;1;1;;999;998
10;2;9;8;8019;;3;2;No inventariada;;14;3;1;999;;1;1;1;1;;999;998
10;1;11;8;8019;;3;2;No inventariada;;14;20;2;1;;1;1;1;1;;999;998
10;2;10;8;8019;;3;2;No inventariada;;14;20;1;999;;1;1;1;1;;999;998
10;2;12;8;8019;;3;2;No inventariada;;14;20;1;999;;1;1;1;1;;999;998
10;2;12;8;8019;;3;2;No inventariada;;14;19;1;999;;1;5;1;1;;1;998
10;2;10;8;8019;;3;2;No inventariada;;14;20;1;999;;1;1;1;1;;999;998
10;2;11;8;8019;;3;2;No inventariada;;14;20;1;999;;1;1;1;1;;999;998
10;2;15;8;8019;;3;2;No inventariada;;14;3;2;1;;1;1;1;1;;999;998
10;2;13;8;8019;;3;2;No inventariada;;14;9;1;999;;1;1;1;1;;999;998
10;2;15;8;8019;;3;2;No inventariada;;14;4;2;1;;1;1;1;1;;1;998
10;2;16;8;8019;;3;2;No inventariada;;14;20;2;1;;1;1;1;1;;999;998
10;2;18;8;8019;;3;2;No inventariada;;14;7;2;1;;8;1;1;1;;999;998
10;2;20;8;8019;;3;2;No inventariada;;14;20;1;999;;1;5;1;1;;999;998
10;2;18;8;8019;;3;2;No inventariada;;14;20;1;999;;1;1;1;1;;999;998
10;2;13;8;8019;;3;2;No inventariada;;14;3;2;1;;1;1;1;1;;999;998
10;2;9;8;8019;;3;2;No inventariada;;14;2;1;999;;1;1;1;1;;999;998
10;2;10;8;8019;;3;2;No inventariada;;14;7;2;1;;1;1;1;1;;999;998
10;3;7;8;8019;;1;1;B-10;8;14;20;1;999;;1;1;1;1;;999;4
10;2;20;8;8019;;3;2;No inventariada;;14;3;1;999;;1;5;1;1;;999;998
10;2;17;8;8019;;3;2;No inventariada;;14;3;1;999;;1;1;1;1;;999;998
10;3;7;8;8019;;3;2;No inventariada;;14;20;1;999;;1;2;1;1;;999;998
10;2;18;8;8019;;3;2;No inventariada;;14;7;1;999;;1;2;1;1;;999;998
10;2;20;8;8019;;3;2;No inventariada;;14;20;1;999;;1;5;1;1;;999;998
10;3;6;8;8019;;3;2;No inventariada;;14;20;1;999;;1;5;1;1;;999;998
10;2;15;8;8019;;3;2;No inventariada;;14;9;1;999;;1;1;1;1;;999;998
10;3;7;8;8019;;3;2;No inventariada;;14;20;1;999;;1;1;1;1;;999;998
10;2;16;8;8019;;3;2;No inventariada;;14;3;1;999;;1;1;1;1;;999;998
10;3;9;8;8019;;1;1;B-20;10,1;14;3;1;999;;1;1;1;1;;999;4
10;3;11;8;8019;;3;2;No inventariada;;14;20;1;999;;1;1;1;1;;999;998
10;2;12;8;8019;;3;2;No inventariada;;14;7;1;999;;1;1;1;1;;999;998
10;3;8;8;8019;;3;2;No inventariada;;14;3;2;1;;1;1;1;1;;1;998
10;3;15;8;8019;;3;2;No inventariada;;14;3;2;1;;1;1;1;1;;999;998
10;3;14;8;8019;;3;2;No inventariada;;14;20;1;999;;1;1;1;1;;999;998
10;3;18;8;8019;;3;2;No inventariada;;14;2;2;1;;1;1;1;1;;999;998
10;3;18;8;8019;;3;2;No inventariada;;14;2;1;999;;1;1;1;1;;999;998
10;3;17;8;8019;;3;2;No inventariada;;14;2;2;1;;1;1;1;1;;999;998
10;3;17;8;8019;;3;2;No inventariada;;14;2;2;1;;1;1;1;1;;999;998
10;3;20;8;8019;;1;1;B-20;11,5;14;20;1;999;;1;5;1;1;;999;4
10;3;23;8;8019;;3;2;No inventariada;;14;3;1;999;;1;5;1;1;;999;998
10;3;22;8;8019;;3;2;No inventariada;;14;20;1;999;;1;5;1;1;;999;998
10;4;0;8;8019;;3;2;No inventariada;;14;2;2;1;;1;5;1;1;;999;998
10;3;9;8;8019;;3;2;No inventariada;;14;7;2;1;;1;1;1;1;;999;998
10;3;11;8;8019;;3;2;No inventariada;;14;20;2;1;;1;1;1;1;;999;998
10;3;18;8;8019;;3;2;No inventariada;;14;7;2;1;;1;1;1;1;;999;998
10;3;18;8;8019;;3;2;No inventariada;;14;2;2;1;;1;1;1;1;;999;998
10;3;20;8;8019;;3;2;No inventariada;;14;7;2;1;;1;1;1;1;;999;998
10;4;8;8;8019;;3;2;No inventariada;;14;20;1;999;;1;5;1;1;;999;998
10;4;6;8;8019;;3;2;No inventariada;;14;3;2;2;;1;5;1;1;;999;998
10;3;20;8;8019;;3;2;No inventariada;;14;2;2;2;;1;1;1;1;;999;998
10;4;10;8;8019;;3;2;No inventariada;;14;3;2;1;;1;1;1;1;;999;998
10;4;9;8;8019;;1;1;C-31;208,9;2;9;1;999;;1;5;1;1;;999;4
10;4;11;8;8019;;3;2;No inventariada;;14;20;1;999;;1;1;1;1;;999;998
10;4;9;8;8019;;3;2;No inventariada;;14;20;1;999;;1;1;1;1;;999;998
10;4;13;8;8019;;3;2;No inventariada;;14;2;1;999;;1;1;1;1;;999;998
10;4;9;8;8019;;3;2;No inventariada;;14;3;1;999;;1;1;1;1;;1;998
10;4;14;8;8019;;3;2;No inventariada;;14;3;2;1;;1;1;1;1;;999;998
10;4;14;8;8019;;3;2;No inventariada;;14;3;1;999;;1;1;1;1;;999;998
10;4;14;8;8019;;3;2;No inventariada;;14;3;2;1;;1;1;1;1;;999;998
10;4;10;8;8019;;3;2;No inventariada;;14;20;1;999;;1;1;1;1;;999;998
10;4;16;8;8019;;3;2;No inventariada;;14;20;2;1;;1;1;1;1;;999;998
10;4;17;8;8019;;3;2;No inventariada;;14;20;1;999;;1;1;1;1;;999;998
10;4;18;8;8019;;1;1;B-20;16;14;20;1;999;;1;1;1;1;;999;4
10;4;15;8;8019;;3;2;No inventariada;;14;20;2;1;;1;1;1;1;;999;998
10;4;17;8;8019;;1;1;B-20;11,2;14;20;1;999;;1;1;1;1;;999;4
10;4;20;8;8019;;3;2;No inventariada;;14;9;1;999;;1;5;1;1;;999;998
10;4;19;8;8019;;3;2;No inventariada;;14;9;2;4;;1;5;1;1;;999;998
10;4;20;8;8019;;3;2;No inventariada;;14;3;1;999;;1;5;1;1;;999;998
10;4;19;8;8019;;3;2;No inventariada;;14;7;2;2;;1;1;1;1;;999;998
10;4;17;8;8019;;3;2;No inventariada;;14;20;1;999;;1;1;1;1;;999;998
10;5;4;8;8019;;3;2;No inventariada;;14;2;2;1;;1;5;1;1;;1;998
10;4;10;8;8019;;3;2;No inventariada;;14;20;1;999;;1;1;1;1;;999;998
10;5;7;8;8019;;3;2;No inventariada;;14;7;2;2;;1;1;1;1;;999;998
10;5;7;8;8019;;3;2;No inventariada;;14;1;2;1;;1;1;1;1;;999;998
10;4;13;8;8019;;3;2;No inventariada;;14;1;1;999;;1;1;1;1;;999;998
10;5;10;8;8019;;3;2;No inventariada;;14;20;1;999;;1;1;1;1;;999;998
10;5;11;8;8019;;3;2;No inventariada;;14;7;1;999;;1;1;1;1;;999;998
10;5;13;8;8019;;3;2;No inventariada;;14;20;1;999;;1;1;1;1;;999;998
10;4;20;8;8019;;3;2;No inventariada;;14;2;2;2;;1;5;1;1;;999;998
10;5;13;8;8019;;3;2;No inventariada;;14;20;1;999;;1;1;1;1;;999;998
10;5;15;8;8019;;1;1;B-10;15,1;3;3;1;999;;1;1;1;1;;999;4
10;5;14;8;8019;;3;2;No inventariada;;14;20;1;999;;1;1;1;1;;999;998
10;5;10;8;8019;;3;2;No inventariada;;14;20;1;999;;3;1;3;1;;999;998
10;5;15;8;8019;;3;2;No inventariada;;14;7;1;999;;1;1;1;1;;999;998
10;5;16;8;8019;;3;2;No inventariada;;14;7;1;999;;1;1;1;1;;999;998
10;5;18;8;8019;;1;1;B-10;6,5;14;3;1;999;;1;1;1;1;;999;4
10;5;17;8;8019;;3;2;No inventariada;;14;7;2;2;;1;1;1;1;;999;998
10;5;15;8;8019;;3;2;No inventariada;;14;20;2;4;;1;1;1;1;;999;998
10;5;15;8;8019;;3;2;No inventariada;;14;20;2;2;;1;1;1;1;;999;998
10;5;21;8;8019;;3;2;No inventariada;;14;9;1;999;;1;5;1;1;;999;998
10;5;20;8;8019;;3;2;No inventariada;;14;7;1;999;;1;5;1;1;;999;998
10;5;20;8;8019;;3;2;No inventariada;;14;9;1;999;;1;5;1;1;;999;998
10;4;22;8;8019;;3;2;No inventariada;;14;7;1;999;;1;5;1;1;;999;998
10;5;15;8;8019;;3;2;No inventariada;;14;9;2;1;;3;5;3;1;;999;998
10;4;23;8;8019;;3;2;No inventariada;;14;2;2;1;;1;5;1;1;;999;998
10;3;21;8;8019;;3;2;No inventariada;;14;9;2;1;;1;5;1;1;;999;998
10;5;16;8;8019;;3;2;No inventariada;;14;3;1;999;;1;5;1;1;;999;998
10;5;22;8;8019;;3;2;No inventariada;;14;7;2;1;;1;5;1;1;;1;998
10;5;15;8;8019;;3;2;No inventariada;;14;3;1;999;;1;1;1;1;;999;998
10;5;14;8;8019;;1;1;B-10;11,5;3;3;1;999;;1;1;1;1;;999;4
10;5;22;8;8019;;3;2;No inventariada;;14;9;1;999;;1;5;1;1;;999;998
10;1;8;8;8019;;1;1;B-10;6;14;3;1;999;;1;1;1;1;;999;4
10;5;9;8;8019;;3;2;No inventariada;;14;3;1;999;;1;1;1;1;;999;998
10;6;6;8;8019;;3;2;No inventariada;;14;20;1;999;;1;5;1;1;;999;998
10;5;22;8;8019;;3;2;No inventariada;;14;20;2;1;;1;5;1;1;;999;998
10;1;21;8;8019;;3;2;No inventariada;;14;7;1;999;;1;5;1;1;;999;998
10;5;17;8;8019;;3;2;No inventariada;;14;7;1;999;;1;1;1;1;;999;998
10;5;12;8;8019;;3;2;No inventariada;;14;7;1;999;;1;1;1;1;;999;998
10;6;8;8;8019;;3;2;No inventariada;;14;9;1;999;;1;5;1;1;;999;998
10;5;14;8;8019;;3;2;No inventariada;;14;3;2;1;;1;1;1;1;;999;998
10;5;13;8;8019;;3;2;No inventariada;;14;9;2;2;;1;1;1;1;;999;998
10;6;12;8;8019;;3;2;No inventariada;;14;2;2;1;;1;1;1;1;;999;998
10;6;16;8;8019;;3;2;No inventariada;;14;2;2;1;;1;1;1;1;;999;998
10;6;13;8;8019;;3;2;No inventariada;;14;9;2;1;;3;1;3;1;;999;998
10;6;13;8;8019;;3;2;No inventariada;;14;9;2;2;;1;1;1;1;;999;998
10;6;17;8;8019;;3;2;No inventariada;;14;3;1;999;;1;1;1;1;;999;998
10;6;18;8;8019;;3;2;No inventariada;;14;3;2;2;;1;1;1;1;;999;998
10;6;19;8;8019;;3;2;No inventariada;;14;7;1;999;;1;2;1;1;;999;998
10;6;19;8;8019;;3;2;No inventariada;;14;20;2;2;;1;5;1;1;;999;998
10;6;21;8;8019;;3;2;No inventariada;;14;7;1;999;;1;5;1;1;;999;998
10;6;23;8;8019;;3;2;No inventariada;;14;2;2;1;;1;5;1;1;;999;998
10;7;8;8;8019;;3;2;No inventariada;;14;6;2;1;;1;1;1;1;;999;998
10;7;10;8;8019;;3;2;No inventariada;;14;20;2;1;;1;1;1;1;;999;998
10;7;9;8;8019;;3;2;No inventariada;;14;20;1;999;;1;1;1;1;;999;998
10;7;14;8;8019;;3;2;No inventariada;;14;3;1;999;;1;1;1;1;;999;998
10;7;13;8;8019;;3;2;No inventariada;;14;3;2;1;;1;1;1;1;;999;998
10;1;8;8;8019;;3;2;No inventariada;;14;9;1;999;;1;1;1;1;;999;998
10;1;10;8;8019;;3;2;No inventariada;;14;3;2;1;;1;1;1;1;;999;998
10;1;10;8;8019;;3;2;No inventariada;;14;20;2;1;;1;1;1;1;;999;998
10;1;12;8;8019;;3;2;No inventariada;;14;20;1;999;;1;1;1;1;;999;998
10;1;13;8;8019;;3;2;No inventariada;;14;20;1;999;;1;1;1;1;;999;998
10;1;13;8;8019;;3;2;No inventariada;;14;9;2;1;;1;1;1;1;;999;998
10;1;13;8;8019;;1;1;B-20;8,6;14;20;1;999;;1;1;1;1;;999;4
10;1;16;8;8019;;3;2;No inventariada;;14;2;2;1;;1;1;1;1;;1;998
10;1;14;8;8019;;3;2;No inventariada;;14;20;1;999;;1;1;1;1;;999;998
10;3;9;8;8019;;3;2;No inventariada;;14;9;1;999;;8;1;1;1;;999;998
10;1;18;8;8019;;1;1;B-10;14,5;3;20;2;1;;1;1;1;1;;999;4
10;1;20;8;8019;;3;2;No inventariada;;14;20;1;999;;1;5;1;1;;999;998
10;2;7;8;8019;;3;2;No inventariada;;14;3;2;1;;1;1;1;1;;999;998
10;2;6;8;8019;;3;2;No inventariada;;14;9;2;1;;1;5;1;1;;999;998
10;2;6;8;8019;;3;2;No inventariada;;14;20;1;999;;1;1;1;1;;999;998
10;2;8;8;8019;;3;2;No inventariada;;14;20;1;999;;1;1;1;1;;999;998
10;2;10;8;8019;;3;2;No inventariada;;14;3;2;1;;1;1;1;1;;999;998
10;2;11;8;8019;;3;2;No inventariada;;14;20;1;999;;1;1;1;1;;999;998
10;2;13;8;8019;;3;2;No inventariada;;14;9;1;999;;1;1;1;1;;999;998
10;2;16;8;8019;;3;2;No inventariada;;14;3;1;999;;1;1;1;1;;999;998
10;2;14;8;8019;;3;2;No inventariada;;14;3;2;1;;1;1;1;1;;999;998
10;2;17;8;8019;;3;2;No inventariada;;14;2;2;1;;1;1;1;1;;999;998
10;2;14;8;8019;;3;2;No inventariada;;14;20;2;1;;1;1;1;1;;999;998
10;2;15;8;8019;;3;2;No inventariada;;14;3;1;999;;1;1;1;1;;999;998
10;2;19;8;8019;;3;2;No inventariada;;14;3;1;999;;1;2;1;1;;999;998
10;2;17;8;8019;;3;2;No inventariada;;14;2;2;1;;1;1;1;1;;999;998
10;2;18;8;8019;;1;1;B-20;16;14;20;1;999;;1;1;1;1;;999;4
10;2;19;8;8019;;3;2;No inventariada;;14;7;2;1;;1;5;1;1;;999;998
10;2;21;8;8019;;3;2;No inventariada;;14;9;2;1;;1;5;1;1;;999;998
10;2;17;8;8019;;3;2;No inventariada;;14;20;1;999;;1;1;1;1;;999;998
10;3;7;8;8019;;3;2;No inventariada;;14;3;2;1;;1;2;1;1;;999;998
10;3;8;8;8019;;3;2;No inventariada;;14;1;1;999;;1;1;1;1;;999;998
10;3;8;8;8019;;3;2;No inventariada;;14;7;1;999;;1;1;1;1;;999;998
10;3;8;8;8019;;3;2;No inventariada;;14;2;2;2;;1;1;1;1;;999;998
10;3;11;8;8019;;3;2;No inventariada;;14;20;1;999;;1;1;1;1;;999;998
10;3;12;8;8019;;3;2;No inventariada;;14;1;1;999;;1;1;1;1;;999;998
10;3;12;8;8019;;1;1;B-10;10,5;14;3;1;999;;1;1;1;1;;999;4
10;3;11;8;8019;;3;2;No inventariada;;14;9;1;999;;8;1;1;1;;999;998
10;3;14;8;8019;;3;2;No inventariada;;14;20;2;1;;1;1;1;1;;999;998
10;3;17;8;8019;;3;2;No inventariada;;14;7;1;999;;1;1;1;1;;999;998
10;3;15;8;8019;;3;2;No inventariada;;14;20;1;999;;1;1;1;1;;999;998
10;3;16;8;8019;;3;2;No inventariada;;14;2;2;1;;1;1;1;1;;999;998
10;3;14;8;8019;;3;2;No inventariada;;14;1;1;999;;1;1;1;1;;999;998
10;3;17;8;8019;;3;2;No inventariada;;14;3;1;999;;1;5;1;1;;999;998
10;3;18;8;8019;;3;2;No inventariada;;14;3;1;999;;1;1;1;1;;999;998
10;2;19;8;8019;;3;2;No inventariada;;14;7;1;999;;1;2;1;1;;999;998
10;3;18;8;8019;;3;2;No inventariada;;14;2;2;1;;1;1;1;1;;999;998
10;3;19;8;8019;;3;2;No inventariada;;14;2;2;4;;1;5;1;1;;999;998
10;3;21;8;8019;;3;2;No inventariada;;14;20;1;999;;1;5;1;1;;999;998
10;4;7;8;8019;;3;2;No inventariada;;14;3;1;999;;1;5;1;1;;999;998
10;4;5;8;8019;;3;2;No inventariada;;14;3;1;999;;1;5;1;1;;999;998
10;4;8;8;8019;;3;2;No inventariada;;14;9;1;999;;1;1;1;1;;999;998
10;4;8;8;8019;;3;2;No inventariada;;14;20;2;1;;1;1;1;1;;999;998
10;4;9;8;8019;;3;2;No inventariada;;14;2;2;1;;1;1;1;1;;999;998
10;4;10;8;8019;;3;2;No inventariada;;14;9;1;999;;3;1;3;1;;999;998
10;2;14;8;8019;;3;2;No inventariada;;14;20;1;999;;1;1;1;1;;999;998
10;4;13;8;8019;;3;2;No inventariada;;14;20;1;999;;1;1;1;1;;999;998
10;4;16;8;8019;;3;2;No inventariada;;14;20;1;999;;1;1;1;1;;999;998
10;4;16;8;8019;;3;2;No inventariada;;14;6;2;2;;1;1;1;1;;1;998
11;6;13;8;8019;;3;2;No inventariada;;14;2;2;2;;1;1;1;1;;999;998
10;4;18;8;8019;;3;2;No inventariada;;14;20;1;999;;1;1;1;1;;999;998
10;4;17;8;8019;;3;2;No inventariada;;14;3;1;999;;1;1;1;1;;999;998
10;4;19;8;8019;;3;2;No inventariada;;14;20;2;1;;1;5;1;1;;999;998
10;4;23;8;8019;;3;2;No inventariada;;14;2;2;1;;1;5;1;1;;999;998
10;5;2;8;8019;;3;2;No inventariada;;14;2;2;1;;1;5;1;1;;999;998