MES;DIA_SEMANA;HORA;COD_PROVINCIA;COD_MUNICIPIO;ISLA;ZONA;ZONA_AGRUPADA;CARRETERA;KM;TIPO_VIA;TIPO_ACCIDENTE;NUDO;NUDO_INFO;CARRETERA_CRUCE;CONDICION_FIRME;CONDICION_ILUMINACION;CONDICION_METEO;CONDICION_NIEBLA;CONDICION_VIENTO;VISIB_RESTRINGIDA_POR;TRAZADO_PLANTA
11;1;15;8;8019;;3;2;No inventariada;;14;20;2;1;;1;1;1;1;;999;998
11;1;9;8;8019;;3;2;No inventariada;;14;9;1;999;;3;1;1;1;;999;998
11;1;14;8;8019;;3;2;No inventariada;;14;2;2;1;;1;1;1;1;;999;998
11;1;18;8;8019;;3;2;No inventariada;;14;20;2;2;;1;5;1;1;;999;998
11;1;21;8;8019;;3;2;No inventariada;;14;2;2;1;;1;5;1;1;;999;998
11;1;20;8;8019;;3;2;No inventariada;;14;3;2;1;;1;5;1;1;;999;998
11;1;16;8;8019;;3;2;No inventariada;;14;20;1;999;;1;1;1;1;;999;998
11;1;21;8;8019;;3;2;No inventariada;;14;20;1;999;;1;5;1;1;;999;998
11;1;13;8;8019;;3;2;No inventariada;;14;2;2;1;;1;1;1;1;;999;998
11;1;22;8;8019;;3;2;No inventariada;;14;2;2;1;;1;5;1;1;;999;998
11;1;23;8;8019;;3;2;No inventariada;;14;9;2;1;;1;5;1;1;;999;998
11;1;21;8;8019;;3;2;No inventariada;;14;2;2;1;;1;5;1;1;;1;998
11;1;9;8;8019;;3;2;No inventariada;;14;20;1;999;;1;1;1;1;;999;998
11;1;9;8;8019;;3;2;No inventariada;;14;7;1;999;;1;1;1;1;;999;998
11;2;9;8;8019;;3;2;No inventariada;;14;1;1;999;;1;1;1;1;;999;998
11;2;9;8;8019;;3;2;No inventariada;;14;20;1;999;;1;1;1;1;;999;998
11;2;5;8;8019;;3;2;No inventariada;;14;20;2;2;;1;5;1;1;;999;998
11;2;10;8;8019;;3;2;No inventariada;;14;2;2;1;;1;1;1;1;;999;998
11;7;10;8;8019;;3;2;No inventariada;;14;9;1;999;;1;1;1;1;;999;998
11;2;9;8;8019;;3;2;No inventariada;;14;9;2;4;;8;1;1;1;;999;998
11;2;10;8;8019;;3;2;No inventariada;;14;3;1;999;;1;1;1;1;;999;998
11;2;14;8;8019;;3;2;No inventariada;;14;3;1;999;;1;1;1;1;;999;998
11;2;16;8;8019;;3;2;No inventariada;;14;7;2;1;;1;1;1;1;;999;998
11;2;16;8;8019;;1;1;B-10;14,5;3;20;1;999;;1;1;1;1;;999;4
11;2;14;8;8019;;3;2;No inventariada;;14;2;2;2;;1;1;1;1;;999;998
11;2;17;8;8019;;3;2;No inventariada;;14;9;1;999;;1;5;1;1;;999;998
11;2;15;8;8019;;3;2;No inventariada;;14;3;1;999;;1;1;1;1;;999;998
11;2;19;8;8019;;3;2;No inventariada;;14;9;1;999;;1;5;1;1;;999;998
11;2;14;8;8019;;3;2;No inventariada;;14;2;2;1;;1;1;1;1;;999;998
11;2;17;8;8019;;3;2;No inventariada;;14;7;1;999;;1;5;1;1;;999;998
11;6;17;8;8019;;1;1;C-31;207;2;20;1;999;;1;1;1;1;;999;4
11;2;18;8;8019;;1;1;B-10;1,8;14;20;1;999;;1;5;1;1;;999;4
11;2;19;8;8019;;3;2;No inventariada;;14;2;1;999;;1;5;1;1;;999;998
11;3;7;8;8019;;3;2;No inventariada;;14;7;2;1;;1;1;1;1;;999;998
11;3;8;8;8019;;3;2;No inventariada;;14;9;1;999;;1;1;1;1;1;999;998
11;3;8;8;8019;;3;2;No inventariada;;14;20;1;999;;1;1;1;1;;999;998
11;2;19;8;8019;;3;2;No inventariada;;14;7;1;999;;1;1;1;1;;999;998
11;3;7;8;8019;;1;1;B-20;12;14;20;1;999;;1;1;1;1;;999;4
11;3;9;8;8019;;3;2;No inventariada;;14;3;2;1;;1;1;1;1;;999;998
11;2;21;8;8019;;3;2;No inventariada;;14;3;2;1;;1;5;1;1;;999;998
11;3;12;8;8019;;3;2;No inventariada;;14;9;1;999;;1;1;1;1;;1;998
11;3;12;8;8019;;3;2;No inventariada;;14;7;1;999;;1;1;1;1;;999;998
11;3;13;8;8019;;3;2;No inventariada;;14;7;1;999;;1;1;1;1;;999;998
11;3;16;8;8019;;3;2;No inventariada;;14;7;1;999;;1;1;1;1;;999;998
11;3;17;8;8019;;3;2;No inventariada;;14;3;1;999;;1;1;1;1;;999;998
11;3;18;8;8019;;3;2;No inventariada;;14;9;1;999;;1;5;1;1;;999;998
11;3;18;8;8019;;3;2;No inventariada;;14;20;1;999;;1;5;1;1;;999;998
11;3;17;8;8019;;3;2;No inventariada;;14;2;1;999;;1;5;1;1;;999;998
11;3;19;8;8019;;3;2;No inventariada;;14;20;1;999;;1;5;1;1;;999;998
11;3;20;8;8019;;3;2;No inventariada;;14;20;1;999;;1;5;1;1;;999;998
11;3;18;8;8019;;1;1;C-31;208,4;2;20;1;999;;1;5;1;1;;999;4
11;3;23;8;8019;;3;2;No inventariada;;14;3;2;1;;1;5;1;1;;999;998
11;3;20;8;8019;;3;2;No inventariada;;14;20;1;999;;1;5;1;1;;999;998
11;4;0;8;8019;;3;2;No inventariada;;14;20;1;999;;1;5;1;1;;999;998
11;3;15;8;8019;;3;2;No inventariada;;14;20;2;1;;1;1;1;1;;999;998
11;3;22;8;8019;;3;2;No inventariada;;14;7;2;1;;1;5;1;1;;999;998
11;4;7;8;8019;;3;2;No inventariada;;14;20;1;999;;1;1;1;1;;999;998
11;4;8;8;8019;;3;2;No inventariada;;14;3;2;1;;1;1;1;1;;999;998
11;3;16;8;8019;;3;2;No inventariada;;14;9;1;999;;1;1;1;1;;999;998
11;4;8;8;8019;;3;2;No inventariada;;14;7;2;1;;1;1;1;1;;999;998
11;1;8;8;8019;;3;2;No inventariada;;14;20;2;1;;1;1;1;1;;999;998
11;3;15;8;8019;;3;2;No inventariada;;14;3;1;999;;1;1;1;1;;999;998
11;4;13;8;8019;;3;2;No inventariada;;14;20;1;999;;1;1;1;1;;999;998
11;4;17;8;8019;;3;2;No inventariada;;14;2;1;999;;1;5;1;1;;999;998
11;4;17;8;8019;;3;2;No inventariada;;14;7;1;999;;1;5;1;1;;999;998
11;4;23;8;8019;;1;1;B-10;8,5;14;20;1;999;;1;5;1;1;;999;4
11;4;23;8;8019;;3;2;No inventariada;;14;2;1;999;;1;5;1;1;;999;998
11;5;6;8;8019;;3;2;No inventariada;;14;20;1;999;;1;2;1;1;;999;998
11;5;7;8;8019;;1;1;B-10;6,5;14;20;1;999;;1;1;1;1;;999;4
11;5;6;8;8019;;3;2;No inventariada;;14;3;2;1;;1;1;1;1;;999;998
11;3;20;8;8019;;3;2;No inventariada;;14;20;1;999;;1;5;1;1;;999;998
11;6;13;8;8019;;3;2;No inventariada;;14;3;2;2;;1;1;1;1;;999;998
11;5;9;8;8019;;3;2;No inventariada;;14;20;1;999;;1;1;1;1;;999;998
11;5;12;8;8019;;3;2;No inventariada;;14;3;1;999;;1;1;1;1;;999;998
11;5;12;8;8019;;3;2;No inventariada;;14;20;1;999;;1;1;1;1;;999;998
11;5;12;8;8019;;3;2;No inventariada;;14;20;1;999;;1;1;1;1;;999;998
11;5;13;8;8019;;3;2;No inventariada;;14;2;2;1;;1;1;1;1;;999;998
11;5;13;8;8019;;1;1;B-20;7,6;14;3;1;999;;1;1;1;1;;999;4
11;5;13;8;8019;;3;2;No inventariada;;14;3;2;1;;1;1;1;1;;999;998
11;5;14;8;8019;;3;2;No inventariada;;14;2;1;999;;1;1;1;1;;999;998
11;5;14;8;8019;;3;2;No inventariada;;14;3;2;1;;1;1;1;1;;999;998
11;5;15;8;8019;;1;1;B-20;10,6;14;20;1;999;;1;1;1;1;;999;4
11;5;15;8;8019;;3;2;No inventariada;;14;3;2;1;;1;1;1;1;;999;998
11;5;13;8;8019;;3;2;No inventariada;;14;2;1;999;;1;1;1;1;;999;998
11;5;20;8;8019;;3;2;No inventariada;;14;7;2;;;3;5;3;1;;999;998
11;5;19;8;8019;;3;2;No inventariada;;14;1;1;999;;1;5;1;1;;999;998
11;5;20;8;8019;;3;2;No inventariada;;14;7;1;999;;3;5;3;1;;1;998
11;5;20;8;8019;;3;2;No inventariada;;14;3;2;1;;3;5;4;1;;999;998
11;5;15;8;8019;;3;2;No inventariada;;14;7;2;1;;1;1;1;1;;999;998
11;4;20;8;8019;;3;2;No inventariada;;14;7;1;999;;1;5;1;1;;999;998
11;5;22;8;8019;;3;2;No inventariada;;14;9;1;999;;3;5;1;1;;999;998
11;5;18;8;8019;;3;2;No inventariada;;14;20;1;999;;1;5;1;1;;999;998
11;5;21;8;8019;;3;2;No inventariada;;14;7;2;2;;3;5;3;1;;1;998
11;5;21;8;8019;;3;2;No inventariada;;14;2;2;2;;1;5;1;1;;999;998
11;5;21;8;8019;;3;2;No inventariada;;14;3;2;2;;3;5;3;1;;999;998
11;5;15;8;8019;;3;2;No inventariada;;14;3;1;999;;1;1;1;1;;999;998
11;6;3;8;8019;;3;2;No inventariada;;14;3;2;1;;3;5;3;1;;999;998
11;5;17;8;8019;;3;2;No inventariada;;14;20;1;999;;1;2;1;1;;999;998
11;6;0;8;8019;;2;2;BV-1462;0,5;14;6;1;999;;3;6;3;1;;999;4
11;5;21;8;8019;;3;2;No inventariada;;14;3;1;999;;1;1;1;1;;999;998
11;5;21;8;8019;;3;2;No inventariada;;14;9;2;2;;3;5;4;1;;999;998
11;5;21;8;8019;;3;2;No inventariada;;14;9;1;999;;3;5;3;1;;999;998
11;6;12;8;8019;;3;2;No inventariada;;14;20;1;999;;1;1;1;1;;999;998
11;6;13;8;8019;;1;1;B-20;10,9;14;20;1;999;;1;1;1;1;;999;4
11;6;15;8;8019;;3;2;No inventariada;;14;9;1;999;;1;1;1;1;;999;998
11;6;15;8;8019;;3;2;No inventariada;;14;9;1;999;;1;1;1;1;;999;998
11;6;17;8;8019;;3;2;No inventariada;;14;2;2;1;;1;5;1;1;;999;998
11;6;18;8;8019;;3;2;No inventariada;;14;3;2;1;;1;5;1;1;;999;998
11;6;15;8;8019;;3;2;No inventariada;;14;3;2;1;;1;1;1;1;;999;998
11;6;19;8;8019;;3;2;No inventariada;;14;9;2;4;;1;5;1;1;;999;998
11;6;18;8;8019;;3;2;No inventariada;;14;1;2;1;;1;5;1;1;;999;998
11;7;0;8;8019;;3;2;No inventariada;;14;20;1;999;;1;5;1;1;;999;998
11;7;5;8;8019;;3;2;No inventariada;;14;7;1;999;;3;5;3;1;;1;998
11;7;4;8;8019;;3;2;No inventariada;;14;9;1;999;;3;5;3;1;;999;998
11;6;13;8;8019;;3;2;No inventariada;;14;3;1;999;;1;1;1;1;;999;998
11;7;7;8;8019;;3;2;No inventariada;;14;9;1;999;;3;5;3;1;;999;998
11;7;11;8;8019;;3;2;No inventariada;;14;9;2;1;;1;1;1;1;;999;998
11;6;20;8;8019;;3;2;No inventariada;;14;7;1;999;;1;5;1;1;;999;998
11;7;13;8;8019;;1;1;B-20;9,4;14;3;1;999;;1;1;1;1;;999;4
11;7;16;8;8019;;3;2;No inventariada;;14;2;1;999;;1;1;1;1;;999;998
11;7;16;8;8019;;3;2;No inventariada;;14;2;2;1;;1;1;1;1;;999;998
11;7;17;8;8019;;3;2;No inventariada;;14;2;2;1;;1;5;1;1;;999;998
11;7;21;8;8019;;3;2;No inventariada;;14;2;2;1;;1;5;1;1;;999;998
11;1;8;8;8019;;1;1;B-20;12,2;14;3;1;999;;1;1;1;1;;999;4
11;1;8;8;8019;;3;2;No inventariada;;14;1;1;999;;1;1;1;1;;999;998
11;1;9;8;8019;;3;2;No inventariada;;14;3;2;1;;1;1;1;1;;999;998
11;1;9;8;8019;;3;2;No inventariada;;14;7;2;1;;1;1;1;1;;999;998
11;1;10;8;8019;;3;2;No inventariada;;14;7;2;1;;1;1;1;1;;999;998
11;1;10;8;8019;;3;2;No inventariada;;14;7;2;1;;1;1;1;1;;999;998
11;1;12;8;8019;;3;2;No inventariada;;14;7;2;1;;1;1;1;1;;999;998
11;1;13;8;8019;;3;2;No inventariada;;14;9;2;1;;1;1;1;1;;999;998
11;1;14;8;8019;;3;2;No inventariada;;14;20;1;999;;1;1;1;1;;999;998
11;1;16;8;8019;;3;2;No inventariada;;14;2;2;1;;1;1;1;1;;999;998
11;1;16;8;8019;;3;2;No inventariada;;14;7;1;999;;1;1;1;1;;1;998
11;1;16;8;8019;;3;2;No inventariada;;14;20;1;999;;1;1;1;1;;999;998
11;1;17;8;8019;;3;2;No inventariada;;14;20;1;999;;1;1;1;1;;999;998
11;1;17;8;8019;;3;2;No inventariada;;14;7;2;1;;1;1;1;1;;999;998
11;1;17;8;8019;;3;2;No inventariada;;14;2;2;1;;1;5;1;1;;999;998
11;1;17;8;8019;;3;2;No inventariada;;14;2;2;1;;1;5;1;1;;999;998
11;1;18;8;8019;;3;2;No inventariada;;14;3;1;999;;1;2;1;1;;999;998
11;1;23;8;8019;;3;2;No inventariada;;14;20;1;999;;1;5;1;1;;999;998
11;2;1;8;8019;;3;2;No inventariada;;14;9;1;999;;1;5;1;1;;999;998
11;2;7;8;8019;;3;2;No inventariada;;14;20;2;1;;1;1;1;1;;999;998
11;2;7;8;8019;;3;2;No inventariada;;14;20;1;999;;1;1;1;1;;999;998
11;2;9;8;8019;;3;2;No inventariada;;14;3;2;1;;1;1;1;1;;999;998
11;2;10;8;8019;;3;2;No inventariada;;14;3;2;1;;1;1;1;1;;999;998
10;2;16;8;8019;;3;2;No inventariada;;14;20;1;999;;1;1;1;1;;999;998
11;2;11;8;8019;;3;2;No inventariada;;14;9;1;999;;1;1;1;1;;999;998
11;2;12;8;8019;;3;2;No inventariada;;14;3;1;999;;1;1;1;1;;999;998
11;2;10;8;8019;;3;2;No inventariada;;14;3;2;1;;1;1;1;1;;999;998
11;2;13;8;8019;;3;2;No inventariada;;14;7;1;999;;1;1;1;1;;999;998
11;2;12;8;8019;;3;2;No inventariada;;14;7;2;1;;1;1;1;1;;999;998
11;2;15;8;8019;;3;2;No inventariada;;14;3;2;1;;1;1;1;1;;999;998
11;3;13;8;8019;;3;2;No inventariada;;14;20;1;999;;1;1;1;1;;999;998
11;2;19;8;8019;;1;1;C-31;208,4;2;20;1;999;;1;5;1;1;;999;4
11;2;19;8;8019;;3;2;No inventariada;;14;3;2;1;;1;5;1;1;;999;998
11;2;21;8;8019;;3;2;No inventariada;;14;20;1;999;;1;5;1;1;;999;998
11;2;18;8;8019;;3;2;No inventariada;;14;20;1;999;;1;2;1;1;;999;998
11;2;19;8;8019;;3;2;No inventariada;;14;3;2;1;;1;5;1;1;;999;998
11;2;17;8;8019;;3;2;No inventariada;;14;2;2;1;;1;2;1;1;;999;998
11;2;19;8;8019;;3;2;No inventariada;;14;7;1;999;;1;5;1;1;;999;998
11;3;0;8;8019;;3;2;No inventariada;;14;9;1;999;;1;5;1;1;;999;998
11;2;21;8;8019;;3;2;No inventariada;;14;2;2;1;;1;5;1;1;;999;998
11;6;21;8;8019;;3;2;No inventariada;;14;9;2;1;;1;5;1;1;;999;998
11;3;7;8;8019;;3;2;No inventariada;;14;20;1;999;;1;5;1;1;;999;998
11;3;7;8;8019;;3;2;No inventariada;;14;7;2;1;;1;1;1;1;;999;998
11;3;8;8;8019;;3;2;No inventariada;;14;20;1;999;;1;1;1;1;;999;998
11;3;9;8;8019;;3;2;No inventariada;;14;20;1;999;;1;1;1;1;;999;998
11;3;8;8;8019;;3;2;No inventariada;;14;3;1;999;;1;1;1;1;;999;998
11;3;11;8;8019;;3;2;No inventariada;;14;7;1;999;;1;1;1;1;;999;998
11;3;13;8;8019;;3;2;No inventariada;;14;7;2;1;;1;1;1;1;;999;998
11;3;13;8;8019;;3;2;No inventariada;;14;20;1;999;;1;1;1;1;;999;998
11;3;13;8;8019;;3;2;No inventariada;;14;2;1;999;;1;1;1;1;;999;998
11;3;14;8;8019;;3;2;No inventariada;;14;7;2;1;;1;1;1;1;;999;998
11;3;16;8;8019;;3;2;No inventariada;;14;7;2;1;;1;1;1;1;;999;998
11;3;14;8;8019;;3;2;No inventariada;;14;7;1;999;;1;1;1;1;;999;998
11;3;15;8;8019;;1;1;B-10;6,5;14;20;1;999;;1;1;1;1;;999;4
11;3;14;8;8019;;3;2;No inventariada;;14;6;1;999;;1;1;1;1;;999;998
11;3;17;8;8019;;1;1;B-20;11,1;14;20;1;999;;1;1;1;1;;999;4
11;3;19;8;8019;;3;2;No inventariada;;14;20;1;999;;1;5;1;1;;999;998
11;3;20;8;8019;;3;2;No inventariada;;14;2;1;999;;1;5;1;1;;999;998
11;3;18;8;8019;;3;2;No inventariada;;14;2;2;2;;1;5;1;1;;999;998
11;3;17;8;8019;;3;2;No inventariada;;14;3;2;1;;1;1;1;1;;999;998
11;3;18;8;8019;;1;1;C-31;208;2;9;1;999;;1;5;1;1;;999;4
11;3;21;8;8019;;3;2;No inventariada;;14;3;2;1;;1;5;1;1;;999;998
11;4;7;8;8019;;3;2;No inventariada;;14;3;2;1;;1;1;1;1;;999;998
11;4;9;8;8019;;3;2;No inventariada;;14;3;2;1;;1;1;1;1;;999;998
11;4;8;8;8019;;3;2;No inventariada;;14;9;1;999;;1;1;1;1;;999;998
11;3;11;8;8019;;1;1;B-10;6;14;3;1;999;;1;1;1;1;;999;4
11;4;9;8;8019;;3;2;No inventariada;;14;3;2;2;;1;1;1;1;;999;998
11;4;11;8;8019;;3;2;No inventariada;;14;7;1;999;;1;1;1;1;;999;998
11;4;10;8;8019;;3;2;No inventariada;;14;2;2;1;;1;1;1;1;;999;998
11;4;11;8;8019;;3;2;No inventariada;;14;3;1;999;;1;1;1;1;;999;998
11;4;8;8;8019;;3;2;No inventariada;;14;2;2;1;;1;1;1;1;;999;998
11;4;12;8;8019;;3;2;No inventariada;;14;2;2;1;;1;1;1;1;;999;998
11;4;12;8;8019;;3;2;No inventariada;;14;7;2;1;;1;1;1;1;;999;998
11;4;8;8;8019;;1;1;B-20;4,8;14;20;1;999;;1;1;1;1;;999;4
11;4;14;8;8019;;3;2;No inventariada;;14;20;1;999;;1;1;1;1;;999;998
11;4;14;8;8019;;3;2;No inventariada;;14;2;2;1;;1;1;1;1;;999;998
11;4;15;8;8019;;3;2;No inventariada;;14;20;2;1;;1;1;1;1;;999;998
11;4;14;8;8019;;3;2;No inventariada;;14;3;2;1;;1;1;1;1;;999;998
11;4;15;8;8019;;1;1;B-20;11,2;14;20;1;999;;1;1;1;1;;999;4
11;4;18;8;8019;;3;2;No inventariada;;14;3;2;1;;1;5;1;1;;999;998
11;4;15;8;8019;;3;2;No inventariada;;14;7;2;2;;1;1;1;1;;999;998
11;4;18;8;8019;;3;2;No inventariada;;14;7;2;1;;1;5;1;1;;999;998
11;4;19;8;8019;;3;2;No inventariada;;14;20;1;999;;1;5;1;1;;999;998
11;4;21;8;8019;;3;2;No inventariada;;14;3;1;999;;1;5;1;1;;999;998
11;4;23;8;8019;;1;1;B-10;0,1;14;3;1;999;;1;5;1;1;;999;4
11;4;22;8;8019;;3;2;No inventariada;;14;7;2;1;;1;5;1;1;;999;998
11;4;21;8;8019;;3;2;No inventariada;;14;7;2;1;;1;5;1;1;;999;998
11;4;21;8;8019;;3;2;No inventariada;;14;3;1;999;;1;5;1;1;;999;998
11;4;15;8;8019;;3;2;No inventariada;;14;20;1;999;;1;1;1;1;;999;998
11;4;22;8;8019;;3;2;No inventariada;;14;2;1;999;;1;5;1;1;;999;998
11;4;15;8;8019;;3;2;No inventariada;;14;20;2;1;;1;1;1;1;;999;998
10;3;10;8;8019;;3;2;No inventariada;;14;7;1;999;;1;1;1;1;;999;998
11;5;7;8;8019;;3;2;No inventariada;;14;3;2;1;;1;1;1;1;;999;998
12;1;10;8;8019;;3;2;No inventariada;;14;7;2;1;;1;1;1;1;;999;998
11;4;18;8;8019;;3;2;No inventariada;;14;20;1;999;;1;5;1;1;;999;998
11;5;7;8;8019;;3;2;No inventariada;;14;7;1;999;;1;2;1;1;;1;998
11;5;7;8;8019;;3;2;No inventariada;;14;7;2;1;;1;1;1;1;;999;998
11;4;22;8;8019;;3;2;No inventariada;;14;20;1;999;;1;5;1;1;;999;998
11;5;9;8;8019;;3;2;No inventariada;;14;20;2;1;;1;1;1;1;;999;998
11;5;8;8;8019;;3;2;No inventariada;;14;3;1;999;;1;1;1;1;;999;998
11;4;17;8;8019;;3;2;No inventariada;;14;7;1;999;;1;1;1;1;;999;998
11;5;9;8;8019;;3;2;No inventariada;;14;20;1;999;;1;1;1;1;;999;998
11;5;9;8;8019;;3;2;No inventariada;;14;3;2;1;;1;1;1;1;;999;998
11;5;12;8;8019;;3;2;No inventariada;;14;20;1;999;;1;1;1;1;;999;998
11;3;10;8;8019;;3;2;No inventariada;;14;7;1;999;;1;1;1;1;;999;998
11;5;13;8;8019;;1;1;B-10;11,6;3;20;1;999;;1;1;1;1;;999;4
11;5;12;8;8019;;3;2;No inventariada;;14;9;1;999;;1;1;1;1;;999;998
11;5;13;8;8019;;3;2;No inventariada;;14;7;1;999;;1;1;1;1;;999;998
11;5;12;8;8019;;3;2;No inventariada;;14;20;1;999;;1;1;1;1;;999;998
11;5;18;8;8019;;3;2;No inventariada;;14;20;1;999;;1;5;1;1;;999;998
11;5;17;8;8019;;3;2;No inventariada;;14;7;2;1;;1;1;1;1;;999;998
11;5;16;8;8019;;1;1;B-10;11,5;3;20;1;999;;1;1;1;1;;999;4
11;5;18;8;8019;;3;2;No inventariada;;14;7;2;1;;1;5;1;1;;999;998
11;5;13;8;8019;;3;2;No inventariada;;14;7;2;1;;1;1;1;1;;999;998
11;5;14;8;8019;;3;2;No inventariada;;14;9;2;1;;1;1;1;1;;999;998
11;5;17;8;8019;;3;2;No inventariada;;14;3;1;999;;1;1;1;1;;999;998
11;5;13;8;8019;;3;2;No inventariada;;14;7;2;1;;1;1;1;1;;1;998
11;5;19;8;8019;;3;2;No inventariada;;14;20;1;999;;1;5;1;1;;999;998
11;5;20;8;8019;;3;2;No inventariada;;14;20;1;999;;1;5;1;1;;999;998
11;5;18;8;8019;;3;2;No inventariada;;14;9;2;4;;1;5;1;1;;999;998
11;5;15;8;8019;;3;2;No inventariada;;14;2;2;1;;1;1;1;1;;999;998
11;6;0;8;8019;;3;2;No inventariada;;14;2;2;1;;1;5;1;1;;1;998
11;6;1;8;8019;;3;2;No inventariada;;14;2;2;4;;1;5;1;1;;999;998
11;6;0;8;8019;;3;2;No inventariada;;14;20;2;2;;1;5;1;1;;999;998
11;6;2;8;8019;;3;2;No inventariada;;14;2;2;1;;1;5;1;1;;999;998
11;5;21;8;8019;;3;2;No inventariada;;14;3;1;999;;1;5;1;1;;999;998
11;6;8;8;8019;;3;2;No inventariada;;14;3;2;1;;1;1;1;1;;999;998
11;5;13;8;8019;;3;2;No inventariada;;14;3;2;1;;1;1;1;1;;999;998
11;6;11;8;8019;;3;2;No inventariada;;14;20;1;999;;1;1;1;1;;999;998
11;6;11;8;8019;;3;2;No inventariada;;14;7;1;999;;1;1;1;1;;999;998
11;3;14;8;8019;;3;2;No inventariada;;14;9;2;1;;1;1;1;1;;1;998
11;6;13;8;8019;;1;1;B-20;16,3;14;3;1;999;;1;1;1;1;;999;4
11;6;14;8;8019;;1;1;B-10;0;14;3;1;999;;1;5;1;1;;999;4
11;6;13;8;8019;;3;2;No inventariada;;14;20;2;1;;1;1;1;1;;999;998
11;6;17;8;8019;;3;2;No inventariada;;14;7;2;1;;1;2;1;1;;999;998
11;6;19;8;8019;;3;2;No inventariada;;14;20;2;1;;1;5;1;1;;999;998
11;6;19;8;8019;;3;2;No inventariada;;14;3;2;1;;1;5;1;1;;999;998
11;6;20;8;8019;;3;2;No inventariada;;14;3;1;999;;1;5;1;1;;1;998
11;6;22;8;8019;;3;2;No inventariada;;14;7;1;999;;1;5;1;1;;999;998
12;7;6;8;8019;;3;2;No inventariada;;14;3;2;1;;1;5;1;1;;999;998
12;7;7;8;8019;;3;2;No inventariada;;14;3;2;1;;1;2;1;1;;999;998
12;7;14;8;8019;;1;1;B-20;13,1;14;3;1;999;;1;1;1;1;;999;4
12;7;13;8;8019;;3;2;No inventariada;;14;2;2;1;;1;1;1;1;;999;998
12;7;14;8;8019;;3;2;No inventariada;;14;3;1;999;;1;1;1;1;;999;998
12;7;17;8;8019;;3;2;No inventariada;;14;20;1;999;;1;5;1;1;;999;998
12;7;18;8;8019;;3;2;No inventariada;;14;3;1;999;;1;5;1;1;;999;998
12;7;21;8;8019;;3;2;No inventariada;;14;20;1;999;;1;5;1;1;;999;998
12;7;18;8;8019;;3;2;No inventariada;;14;2;2;1;;1;5;1;1;;999;998
12;7;15;8;8019;;3;2;No inventariada;;14;1;1;999;;1;1;1;1;;999;998
12;1;0;8;8019;;3;2;No inventariada;;14;2;1;999;;1;5;1;1;;999;998
12;1;0;8;8019;;3;2;No inventariada;;14;9;2;1;;1;5;1;1;;999;998
12;1;7;8;8019;;3;2;No inventariada;;14;7;1;999;;1;5;1;1;;999;998
12;1;7;8;8019;;3;2;No inventariada;;14;2;2;1;;1;1;1;1;;999;998
12;1;8;8;8019;;3;2;No inventariada;;14;20;1;999;;1;1;1;1;;999;998
12;1;9;8;8019;;1;1;B-10;10;14;20;1;999;;1;5;1;1;;999;4
12;1;9;8;8019;;3;2;No inventariada;;14;20;2;1;;1;1;1;1;;999;998
5;2;11;8;8019;;3;2;No inventariada;;14;9;1;999;;1;1;1;1;;999;998
12;1;8;8;8019;;3;2;No inventariada;;14;20;1;999;;1;1;1;1;;999;998