MES;DIA_SEMANA;HORA;COD_PROVINCIA;COD_MUNICIPIO;ISLA;ZONA;ZONA_AGRUPADA;CARRETERA;KM;TIPO_VIA;TIPO_ACCIDENTE;NUDO;NUDO_INFO;CARRETERA_CRUCE;CONDICION_FIRME;CONDICION_ILUMINACION;CONDICION_METEO;CONDICION_NIEBLA;CONDICION_VIENTO;VISIB_RESTRINGIDA_POR;TRAZADO_PLANTA
12;1;7;8;8019;;3;2;No inventariada;;14;3;1;999;;1;5;1;1;;999;998
12;7;20;8;8019;;3;2;No inventariada;;14;2;2;1;;1;5;1;1;;999;998
12;1;15;8;8019;;3;2;No inventariada;;14;2;1;999;;1;1;1;1;;999;998
12;1;15;8;8019;;3;2;No inventariada;;14;3;1;999;;1;1;1;1;;999;998
12;1;17;8;8019;;3;2;No inventariada;;14;2;2;1;;1;1;1;1;;999;998
12;1;18;8;8019;;3;2;No inventariada;;14;20;1;999;;1;5;1;1;;999;998
12;1;15;8;8019;;3;2;No inventariada;;14;9;2;1;;1;1;1;1;;999;998
12;1;19;8;8019;;3;2;No inventariada;;14;2;1;999;;1;5;1;1;;999;998
12;1;0;8;8019;;3;2;No inventariada;;14;20;1;999;;1;5;1;1;;999;998
12;1;17;8;8019;;3;2;No inventariada;;14;20;1;999;;1;5;1;1;;999;998
12;1;20;8;8019;;3;2;No inventariada;;14;20;1;999;;1;5;1;1;;999;998
12;7;22;8;8019;;3;2;No inventariada;;14;2;1;999;;1;5;1;1;;999;998
12;1;23;8;8019;;3;2;No inventariada;;14;3;1;999;;1;5;1;1;;999;998
12;1;13;8;8019;;3;2;No inventariada;;14;9;2;2;;1;1;1;1;;999;998
12;1;11;8;8019;;1;1;B-20;16,5;14;3;1;999;;1;1;1;1;;999;4
12;1;21;8;8019;;1;1;B-20;15;14;3;1;999;;1;5;1;1;;999;4
12;1;9;8;8019;;3;2;No inventariada;;14;7;2;1;;1;1;1;1;;1;998
12;1;15;8;8019;;3;2;No inventariada;;14;6;1;999;;1;1;1;1;;999;998
12;1;20;8;8019;;3;2;No inventariada;;14;20;2;1;;1;5;1;1;;999;998
12;7;20;8;8019;;3;2;No inventariada;;14;7;1;999;;1;5;1;1;;999;998
12;1;17;8;8019;;3;2;No inventariada;;14;3;1;999;;1;1;1;1;;999;998
12;2;9;8;8019;;1;1;B-10;5,5;14;3;1;999;;1;5;1;1;;999;4
12;2;9;8;8019;;2;2;BV-1462;2,7;14;19;1;999;;3;1;1;1;;999;4
12;2;11;8;8019;;1;1;B-10;6;14;3;1;999;;1;1;1;1;;999;4
12;1;14;8;8019;;3;2;No inventariada;;14;20;1;999;;1;1;1;1;;999;998
12;2;5;8;8019;;3;2;No inventariada;;14;2;2;1;;1;1;1;1;;999;998
12;2;14;8;8019;;3;2;No inventariada;;14;7;1;999;;1;1;1;1;;999;998
12;4;17;8;8019;;3;2;No inventariada;;14;3;1;999;;3;1;3;1;;999;998
12;2;14;8;8019;;3;2;No inventariada;;14;20;1;999;;1;1;1;1;;999;998
12;2;17;8;8019;;3;2;No inventariada;;14;2;1;999;;1;1;1;1;;12;998
12;2;17;8;8019;;1;1;B-20;14,5;14;20;2;;;1;1;1;1;;999;4
12;2;19;8;8019;;3;2;No inventariada;;14;3;1;999;;1;5;1;1;;999;998
12;2;22;8;8019;;1;1;B-20;11;14;3;1;999;;1;5;1;1;;999;4
12;2;19;8;8019;;3;2;No inventariada;;14;3;2;1;;1;5;1;1;;999;998
12;2;19;8;8019;;1;1;B-10;0;14;20;1;999;;1;5;1;1;;999;4
12;2;14;8;8019;;3;2;No inventariada;;14;20;1;999;;1;1;1;1;;999;998
12;2;20;8;8019;;3;2;No inventariada;;14;7;2;1;;1;5;1;1;;999;998
12;2;18;8;8019;;3;2;No inventariada;;14;3;1;999;;1;5;1;1;;999;998
12;2;16;8;8019;;3;2;No inventariada;;14;20;1;999;;1;1;1;1;;999;998
12;2;19;8;8019;;3;2;No inventariada;;14;7;1;999;;1;5;1;1;;999;998
12;1;22;8;8019;;3;2;No inventariada;;14;20;2;2;;1;5;1;1;;999;998
12;3;5;8;8019;;1;1;B-10;9,7;14;20;1;999;;1;5;1;1;;999;4
12;2;12;8;8019;;3;2;No inventariada;;14;3;2;2;;1;1;1;1;;999;998
12;3;7;8;8019;;1;1;B-20;16;14;3;1;999;;1;1;1;1;;999;4
12;2;13;8;8019;;3;2;No inventariada;;14;20;1;999;;1;1;1;1;;999;998
12;2;16;8;8019;;3;2;No inventariada;;14;7;1;999;;1;1;1;1;;999;998
12;6;15;8;8019;;3;2;No inventariada;;14;2;2;1;;1;1;1;1;;999;998
12;2;10;8;8019;;3;2;No inventariada;;14;20;1;999;;1;1;1;1;;999;998
12;3;5;8;8019;;3;2;No inventariada;;14;20;2;4;;1;1;1;1;;999;998
12;2;8;8;8019;;3;2;No inventariada;;14;7;1;999;;1;1;1;1;;999;998
12;2;20;8;8019;;3;2;No inventariada;;14;20;1;999;;1;5;1;1;;999;998
12;2;8;8;8019;;3;2;No inventariada;;14;2;2;1;;3;1;1;1;;999;998
12;2;19;8;8019;;3;2;No inventariada;;14;7;1;999;;1;6;1;1;;999;998
12;2;19;8;8019;;3;2;No inventariada;;14;20;1;999;;1;1;1;1;;999;998
12;3;9;8;8019;;3;2;No inventariada;;14;3;1;999;;1;1;1;1;;999;998
12;3;7;8;8019;;3;2;No inventariada;;14;2;2;1;;1;1;1;1;;999;998
12;3;8;8;8019;;3;2;No inventariada;;14;3;1;999;;1;1;1;1;;999;998
12;3;9;8;8019;;1;1;B-20;14;14;20;1;999;;1;5;1;1;;999;4
12;2;12;8;8019;;3;2;No inventariada;;14;2;2;1;;1;1;1;1;;999;998
12;3;12;8;8019;;3;2;No inventariada;;14;20;2;1;;1;1;1;1;;999;998
12;3;14;8;8019;;3;2;No inventariada;;14;20;1;999;;1;1;1;1;;999;998
12;3;14;8;8019;;3;2;No inventariada;;14;20;1;999;;1;1;1;1;;999;998
12;3;16;8;8019;;3;2;No inventariada;;14;7;1;999;;1;1;1;1;;999;998
12;3;16;8;8019;;3;2;No inventariada;;14;2;2;1;;1;1;1;1;;999;998
12;3;18;8;8019;;1;1;B-10;15;3;3;1;999;;1;5;1;1;;999;4
12;3;15;8;8019;;3;2;No inventariada;;14;3;2;1;;1;1;1;1;;999;998
12;6;14;8;8019;;3;2;No inventariada;;14;9;1;999;;1;1;1;1;;999;998
12;3;11;8;8019;;3;2;No inventariada;;14;3;1;999;;1;1;1;1;;999;998
12;3;9;8;8019;;3;2;No inventariada;;14;20;2;2;;1;1;1;1;;999;998
12;3;20;8;8019;;3;2;No inventariada;;14;3;2;1;;1;5;1;1;;999;998
12;3;17;8;8019;;3;2;No inventariada;;14;2;2;1;;1;2;1;1;;999;998
12;4;4;8;8019;;3;2;No inventariada;;14;20;1;999;;1;5;1;1;;999;998
12;3;23;8;8019;;3;2;No inventariada;;14;2;1;999;;1;5;1;1;;999;998
12;3;21;8;8019;;3;2;No inventariada;;14;3;2;1;;1;5;1;1;;999;998
12;4;1;8;8019;;3;2;No inventariada;;14;9;1;999;;1;5;1;1;;999;998
12;3;20;8;8019;;3;2;No inventariada;;14;20;1;999;;1;1;1;1;;999;998
12;3;20;8;8019;;3;2;No inventariada;;14;9;2;2;;1;5;1;1;;999;998
12;4;7;8;8019;;1;1;B-20;5;14;20;1;999;;1;5;1;1;;999;4
12;3;17;8;8019;;3;2;No inventariada;;14;2;2;1;;1;5;1;1;;999;998
12;3;17;8;8019;;3;2;No inventariada;;14;3;2;1;;1;1;1;1;;999;998
12;4;7;8;8019;;3;2;No inventariada;;14;20;1;999;;1;5;1;1;;999;998
12;4;10;8;8019;;1;1;B-20;8,2;14;20;1;999;;1;1;1;1;;999;4
12;3;12;8;8019;;3;2;No inventariada;;14;20;1;999;;1;1;1;1;;999;998
12;4;9;8;8019;;3;2;No inventariada;;14;3;2;1;;1;1;1;1;;999;998
12;3;19;8;8019;;3;2;No inventariada;;14;6;1;999;;1;5;1;1;;999;998
12;4;12;8;8019;;3;2;No inventariada;;14;7;2;1;;1;1;1;1;;999;998
12;4;8;8;8019;;3;2;No inventariada;;14;3;2;1;;1;1;1;1;;999;998
12;4;8;8;8019;;3;2;No inventariada;;14;20;1;999;;1;1;1;1;;999;998
12;4;9;8;8019;;3;2;No inventariada;;14;9;1;999;;1;2;1;1;;999;998
12;5;2;8;8019;;3;2;No inventariada;;14;6;1;999;;1;5;1;1;;999;998
12;4;14;8;8019;;1;1;B-10;16,2;3;20;1;999;;1;1;1;1;;999;4
12;3;12;8;8019;;3;2;No inventariada;;14;3;1;999;;1;1;1;1;;999;998
12;4;13;8;8019;;3;2;No inventariada;;14;2;2;1;;1;1;1;1;;999;998
12;4;12;8;8019;;3;2;No inventariada;;14;20;1;999;;1;1;1;1;;999;998
12;4;15;8;8019;;3;2;No inventariada;;14;7;1;999;;1;1;1;1;;999;998
12;3;18;8;8019;;3;2;No inventariada;;14;3;1;999;;1;1;1;1;;999;998
12;4;15;8;8019;;3;2;No inventariada;;14;20;1;999;;1;1;1;1;1;999;998
12;4;15;8;8019;;3;2;No inventariada;;14;20;1;999;;1;1;1;1;;999;998
12;4;16;8;8019;;1;1;B-10;5,2;14;3;1;999;;1;5;1;1;;999;4
12;4;20;8;8019;;3;2;No inventariada;;14;2;2;1;;1;5;1;1;;999;998
12;4;17;8;8019;;3;2;No inventariada;;14;2;2;1;;1;2;1;1;;999;998
12;4;11;8;8019;;3;2;No inventariada;;14;20;1;999;;1;1;1;1;;999;998
12;3;12;8;8019;;1;1;B-20;13,8;14;20;1;999;;1;5;1;1;;999;4
12;5;9;8;8019;;3;2;No inventariada;;14;20;1;999;;1;1;1;1;;999;998
12;5;8;8;8019;;1;1;B-10;9,5;14;20;1;999;;1;1;1;1;;999;4
12;4;21;8;8019;;3;2;No inventariada;;14;2;2;2;;1;5;1;1;;999;998
12;4;17;8;8019;;3;2;No inventariada;;14;20;2;4;;1;5;1;1;;999;998
12;5;15;8;8019;;1;1;B-20;7;14;20;1;999;;1;1;1;1;;999;4
12;4;19;8;8019;;3;2;No inventariada;;14;2;2;2;;1;5;1;1;;999;998
12;5;17;8;8019;;3;2;No inventariada;;14;20;1;999;;1;5;1;1;;999;998
12;5;16;8;8019;;3;2;No inventariada;;14;7;1;999;;1;1;1;1;;999;998
12;5;14;8;8019;;1;1;B-10;12;3;3;1;999;;1;1;1;1;;999;4
12;5;5;8;8019;;3;2;No inventariada;;14;2;2;2;;1;5;1;1;;1;998
12;5;16;8;8019;;1;1;B-10;0,1;14;20;1;999;;1;1;1;1;;999;4
12;5;20;8;8019;;3;2;No inventariada;;14;2;2;1;;1;2;1;1;;999;998
12;6;2;8;8019;;3;2;No inventariada;;14;9;1;999;;1;5;1;1;;999;998
12;5;13;8;8019;;1;1;C-31;208,5;14;20;1;999;;1;1;1;1;;999;4
12;4;10;8;8019;;3;2;No inventariada;;14;2;2;1;;1;1;1;1;;999;998
12;5;9;8;8019;;3;2;No inventariada;;14;3;1;999;;1;1;1;1;;999;998
12;4;12;8;8019;;3;2;No inventariada;;14;1;2;2;;1;1;1;1;;999;998
12;5;6;8;8019;;3;2;No inventariada;;14;20;1;999;;1;2;1;1;;999;998
12;5;13;8;8019;;3;2;No inventariada;;14;7;1;999;;1;1;1;1;;999;998
12;5;13;8;8019;;3;2;No inventariada;;14;20;1;999;;1;1;1;1;;999;998
12;6;8;8;8019;;3;2;No inventariada;;14;2;1;999;;1;1;1;1;;999;998
12;5;13;8;8019;;3;2;No inventariada;;14;3;1;999;;1;1;1;1;;999;998
12;4;13;8;8019;;3;2;No inventariada;;14;2;2;1;;1;1;1;1;;999;998
12;4;18;8;8019;;1;1;B-20;11,5;14;2;1;999;;1;5;1;1;;999;4
12;4;14;8;8019;;3;2;No inventariada;;14;20;1;999;;1;1;1;1;;999;998
12;4;14;8;8019;;3;2;No inventariada;;14;20;1;999;;1;1;1;1;;999;998
12;4;17;8;8019;;3;2;No inventariada;;14;7;1;999;;1;1;1;1;;999;998
12;4;19;8;8019;;3;2;No inventariada;;14;7;1;999;;1;5;1;1;;999;998
12;3;18;8;8019;;3;2;No inventariada;;14;20;1;999;;1;1;1;1;;999;998
12;5;14;8;8019;;3;2;No inventariada;;14;20;1;999;;1;1;1;1;;999;998
12;5;19;8;8019;;3;2;No inventariada;;14;7;1;999;;1;1;1;1;;1;998
12;5;20;8;8019;;3;2;No inventariada;;14;3;2;1;;1;5;1;1;;999;998
12;6;15;8;8019;;3;2;No inventariada;;14;3;2;1;;1;1;1;1;;999;998
12;6;14;8;8019;;1;1;B-20;7;14;20;1;999;;1;1;1;1;;999;4
12;6;14;8;8019;;3;2;No inventariada;;14;3;2;1;;1;1;1;1;;999;998
12;6;13;8;8019;;1;1;B-20;4,6;14;20;1;999;;1;1;1;1;;999;4
12;5;21;8;8019;;3;2;No inventariada;;14;3;1;999;;1;5;1;1;;999;998
12;6;15;8;8019;;3;2;No inventariada;;14;20;1;999;;1;1;1;1;;999;998
12;5;0;8;8019;;3;2;No inventariada;;14;20;1;999;;1;5;1;1;;999;998
12;6;11;8;8019;;3;2;No inventariada;;14;1;1;999;;1;1;1;1;;999;998
12;5;21;8;8019;;3;2;No inventariada;;14;2;1;999;;1;5;1;1;;999;998
12;6;13;8;8019;;1;1;B-20;11,1;14;20;1;999;;1;1;1;1;;999;4
12;6;13;8;8019;;3;2;No inventariada;;14;9;2;1;;1;1;1;1;;1;998
12;6;12;8;8019;;1;1;B-10;0,1;14;20;1;999;;1;1;1;1;;999;4
12;6;12;8;8019;;3;2;No inventariada;;14;20;1;999;;1;1;1;1;;999;998
12;4;17;8;8019;;3;2;No inventariada;;14;3;1;999;;1;1;1;1;;999;998
12;5;14;8;8019;;3;2;No inventariada;;14;2;2;2;;1;1;1;1;;999;998
12;6;17;8;8019;;3;2;No inventariada;;14;2;2;1;;1;1;1;1;;999;998
12;4;16;8;8019;;3;2;No inventariada;;14;3;1;999;;1;5;1;1;;999;998
12;6;15;8;8019;;3;2;No inventariada;;14;20;1;999;;1;1;1;1;;999;998
12;5;15;8;8019;;3;2;No inventariada;;14;20;1;999;;1;5;1;1;;999;998
12;5;17;8;8019;;3;2;No inventariada;;14;20;2;1;;1;2;1;1;;999;998
12;6;16;8;8019;;3;2;No inventariada;;14;20;1;999;;1;1;1;1;;999;998
12;5;16;8;8019;;3;2;No inventariada;;14;7;1;999;;1;1;1;1;;999;998
12;7;15;8;8019;;3;2;No inventariada;;14;3;2;1;;1;1;1;1;;999;998
12;6;21;8;8019;;3;2;No inventariada;;14;20;2;2;;1;5;1;1;;999;998
12;7;13;8;8019;;3;2;No inventariada;;14;9;1;999;;3;1;1;1;;999;998
12;5;23;8;8019;;3;2;No inventariada;;14;2;1;999;;1;5;1;1;;999;998
12;6;12;8;8019;;3;2;No inventariada;;14;3;1;999;;1;1;1;1;;999;998
12;7;22;8;8019;;3;2;No inventariada;;14;2;2;1;;1;1;1;1;;999;998
12;7;14;8;8019;;3;2;No inventariada;;14;3;1;999;;1;1;1;1;;999;998
12;7;20;8;8019;;3;2;No inventariada;;14;2;2;1;;1;5;1;1;;999;998
12;7;19;8;8019;;3;2;No inventariada;;14;7;2;2;;1;5;1;1;;999;998
12;7;20;8;8019;;3;2;No inventariada;;14;3;2;2;;1;1;1;1;;999;998
12;6;6;8;8019;;3;2;No inventariada;;14;6;2;1;;1;1;1;1;;999;998
12;1;10;8;8019;;3;2;No inventariada;;14;3;1;999;;1;1;1;1;;999;998
12;1;10;8;8019;;3;2;No inventariada;;14;20;2;1;;1;1;1;1;;999;998
12;1;10;8;8019;;3;2;No inventariada;;14;20;2;1;;1;1;1;1;;999;998
12;7;15;8;8019;;3;2;No inventariada;;14;7;1;999;;1;1;1;1;;999;998
12;1;12;8;8019;;3;2;No inventariada;;14;2;2;4;;1;1;1;1;;999;998
12;1;18;8;8019;;3;2;No inventariada;;14;7;2;1;;1;5;1;1;;1;998
12;1;13;8;8019;;1;1;C-31;208,5;14;20;1;999;;1;1;1;1;;999;4
12;1;16;8;8019;;3;2;No inventariada;;14;20;1;999;;1;1;1;1;;999;998
12;1;15;8;8019;;3;2;No inventariada;;14;3;1;999;;1;1;1;1;;999;998
12;1;20;8;8019;;3;2;No inventariada;;14;20;1;999;;1;5;1;1;;999;998
12;1;12;8;8019;;3;2;No inventariada;;14;1;1;999;;1;1;1;1;;999;998
12;1;16;8;8019;;3;2;No inventariada;;14;3;2;1;;1;1;1;1;;999;998
12;1;12;8;8019;;3;2;No inventariada;;14;3;1;999;;1;1;1;1;;999;998
12;1;21;8;8019;;3;2;No inventariada;;14;20;1;999;;1;5;1;1;;999;998
12;1;21;8;8019;;3;2;No inventariada;;14;3;2;1;;1;5;1;1;;999;998
12;1;15;8;8019;;3;2;No inventariada;;14;20;1;999;;1;1;1;1;;999;998
12;1;18;8;8019;;3;2;No inventariada;;14;20;1;999;;1;5;1;1;;999;998
12;1;18;8;8019;;1;1;B-10;6,5;14;20;1;999;;1;5;1;1;;999;4
12;1;19;8;8019;;3;2;No inventariada;;14;7;2;1;;1;1;1;1;;999;998
12;1;20;8;8019;;1;1;B-20;8,1;14;20;1;999;;1;5;1;1;;999;4
12;2;9;8;8019;;3;2;No inventariada;;14;9;2;1;;1;1;1;1;;999;998
12;1;16;8;8019;;3;2;No inventariada;;14;3;1;999;;1;1;1;1;;999;998
12;6;18;8;8019;;3;2;No inventariada;;14;20;2;1;;1;1;1;1;;999;998
12;2;18;8;8019;;3;2;No inventariada;;14;20;1;999;;1;1;1;1;;999;998
12;1;18;8;8019;;3;2;No inventariada;;14;7;2;1;;1;1;1;1;;999;998
12;2;11;8;8019;;3;2;No inventariada;;14;3;1;999;;1;1;1;1;;999;998
12;2;10;8;8019;;3;2;No inventariada;;14;2;2;1;;1;1;1;1;;999;998
12;1;17;8;8019;;3;2;No inventariada;;14;2;1;999;;1;1;1;1;;999;998
12;2;14;8;8019;;3;2;No inventariada;;14;2;2;1;;1;1;1;1;;999;998
12;2;8;8;8019;;1;1;B-10;14;3;20;1;999;;1;1;1;1;;999;4
12;2;13;8;8019;;3;2;No inventariada;;14;2;2;4;;1;1;1;1;;999;998
12;2;10;8;8019;;3;2;No inventariada;;14;20;1;999;;1;1;1;1;;999;998
12;2;15;8;8019;;3;2;No inventariada;;14;7;1;999;;1;1;1;1;;999;998
12;2;19;8;8019;;3;2;No inventariada;;14;20;1;999;;1;1;1;1;;999;998
12;3;2;8;8019;;3;2;No inventariada;;14;2;2;1;;1;5;1;1;;999;998
12;2;19;8;8019;;3;2;No inventariada;;14;3;2;1;;1;1;1;1;;999;998
12;2;20;8;8019;;3;2;No inventariada;;14;2;2;1;;1;5;1;1;;999;998
12;3;12;8;8019;;1;1;B-10;12,5;3;20;1;999;;1;1;1;1;;999;4
12;2;16;8;8019;;3;2;No inventariada;;14;7;1;999;;1;1;1;1;;999;998
12;3;19;8;8019;;3;2;No inventariada;;14;2;2;1;;1;5;1;1;;999;998
12;3;13;8;8019;;3;2;No inventariada;;14;9;1;999;;1;1;1;1;;999;998
12;3;18;8;8019;;3;2;No inventariada;;14;3;2;1;;1;5;1;1;;999;998
12;3;18;8;8019;;3;2;No inventariada;;14;2;2;1;;1;5;1;1;;999;998
12;3;17;8;8019;;3;2;No inventariada;;14;3;2;1;;1;1;1;1;;999;998
12;3;21;8;8019;;3;2;No inventariada;;14;7;2;1;;1;5;1;1;;999;998
12;3;16;8;8019;;3;2;No inventariada;;14;2;2;1;;1;1;1;1;;999;998
12;4;6;8;8019;;3;2;No inventariada;;14;7;2;1;;1;5;1;1;;999;998
12;4;10;8;8019;;3;2;No inventariada;;14;20;1;999;;1;1;1;1;;999;998
12;4;13;8;8019;;3;2;No inventariada;;14;20;2;2;;1;1;1;1;;999;998
12;4;13;8;8019;;3;2;No inventariada;;14;3;1;999;;1;1;1;1;;999;998
12;4;13;8;8019;;3;2;No inventariada;;14;2;2;2;;1;1;1;1;;999;998
12;3;20;8;8019;;3;2;No inventariada;;14;7;1;999;;1;5;1;1;;999;998
12;4;18;8;8019;;3;2;No inventariada;;14;20;2;1;;1;5;1;1;;999;998
12;5;7;8;8019;;3;2;No inventariada;;14;3;2;2;;1;1;1;1;;999;998
12;5;7;8;8019;;3;2;No inventariada;;14;9;1;999;;1;1;1;1;;999;998
12;5;10;8;8019;;3;2;No inventariada;;14;7;2;1;;1;1;1;1;;999;998
12;5;11;8;8019;;3;2;No inventariada;;14;20;2;2;;1;1;1;1;;999;998
12;5;11;8;8019;;1;1;B-20;16;14;20;1;999;;1;1;1;1;;999;4
12;5;11;8;8019;;3;2;No inventariada;;14;7;2;1;;1;1;1;1;;999;998
12;5;13;8;8019;;3;2;No inventariada;;14;20;1;999;;1;1;1;1;;999;998
12;5;9;8;8019;;3;2;No inventariada;;14;20;1;999;;1;1;1;1;;999;998
12;5;8;8;8019;;3;2;No inventariada;;14;9;1;999;;1;1;1;1;;1;998
12;5;14;8;8019;;3;2;No inventariada;;14;2;1;999;;1;1;1;1;;999;998
12;5;15;8;8019;;3;2;No inventariada;;14;2;1;999;;1;1;1;1;;999;998
12;5;13;8;8019;;3;2;No inventariada;;14;20;1;999;;1;1;1;1;;999;998
12;5;16;8;8019;;3;2;No inventariada;;14;9;1;999;;1;1;1;1;;999;998
12;5;14;8;8019;;3;2;No inventariada;;14;20;1;999;;1;1;1;1;;999;998
12;5;19;8;8019;;3;2;No inventariada;;14;2;2;1;;1;5;1;1;;999;998
12;5;17;8;8019;;3;2;No inventariada;;14;1;2;1;;1;1;1;1;;999;998
12;5;15;8;8019;;3;2;No inventariada;;14;2;2;1;;1;1;1;1;;999;998
12;5;8;8;8019;;3;2;No inventariada;;14;3;2;2;;1;1;1;1;;999;998
12;5;16;8;8019;;3;2;No inventariada;;14;20;1;999;;1;1;1;1;;999;998
12;5;20;8;8019;;3;2;No inventariada;;14;20;1;999;;1;5;1;1;;999;998
12;5;19;8;8019;;3;2;No inventariada;;14;3;2;4;;1;5;1;1;;999;998
12;5;19;8;8019;;3;2;No inventariada;;14;3;1;999;;1;5;1;1;;999;998
12;5;20;8;8019;;3;2;No inventariada;;14;20;2;1;;1;5;1;1;;999;998
12;6;7;8;8019;;3;2;No inventariada;;14;6;1;999;;1;2;1;1;;999;998
12;6;11;8;8019;;3;2;No inventariada;;14;7;2;1;;1;1;1;1;;999;998
12;6;12;8;8019;;3;2;No inventariada;;14;20;1;999;;1;1;1;1;;999;998
12;6;12;8;8019;;3;2;No inventariada;;14;20;2;1;;1;1;1;1;;999;998
12;6;15;8;8019;;3;2;No inventariada;;14;2;1;999;;1;1;1;1;;999;998
12;6;16;8;8019;;3;2;No inventariada;;14;20;2;1;;1;1;1;1;;999;998
12;6;19;8;8019;;3;2;No inventariada;;14;3;1;999;;1;5;1;1;;999;998
12;6;9;8;8019;;3;2;No inventariada;;14;2;2;2;;1;1;1;1;;999;998
12;6;18;8;8019;;3;2;No inventariada;;14;7;2;1;;1;5;1;1;;999;998
12;6;18;8;8019;;3;2;No inventariada;;14;2;2;1;;1;5;1;1;;999;998
12;6;14;8;8019;;3;2;No inventariada;;14;2;2;1;;1;1;1;1;;999;998
12;6;21;8;8019;;3;2;No inventariada;;14;2;2;2;;1;5;1;1;;999;998
12;6;18;8;8019;;3;2;No inventariada;;14;20;1;999;;1;5;1;1;;999;998
12;6;18;8;8019;;3;2;No inventariada;;14;20;1;999;;1;1;1;1;;999;998
12;4;15;8;8019;;3;2;No inventariada;;14;2;2;4;;1;1;1;1;;999;998
12;6;20;8;8019;;3;2;No inventariada;;14;3;2;1;;1;5;1;1;;999;998
12;7;10;8;8019;;3;2;No inventariada;;14;20;1;999;;1;1;1;1;;999;998
12;7;13;8;8019;;3;2;No inventariada;;14;20;1;999;;1;1;1;1;;999;998
12;7;14;8;8019;;3;2;No inventariada;;14;4;1;999;;1;1;1;1;;999;998
12;7;18;8;8019;;3;2;No inventariada;;14;3;2;1;;1;1;1;1;;999;998
12;1;5;8;8019;;3;2;No inventariada;;14;9;2;2;;1;5;1;1;;999;998
12;1;8;8;8019;;3;2;No inventariada;;14;3;2;1;;1;1;1;1;;999;998
12;1;8;8;8019;;3;2;No inventariada;;14;2;2;1;;1;1;1;1;;999;998
12;1;11;8;8019;;3;2;No inventariada;;14;20;2;1;;1;1;1;1;;999;998
12;1;12;8;8019;;3;2;No inventariada;;14;9;1;999;;1;1;1;1;;999;998
12;1;12;8;8019;;3;2;No inventariada;;14;20;1;999;;1;1;1;1;;999;998
12;1;12;8;8019;;3;2;No inventariada;;14;20;1;999;;1;1;1;1;;999;998
12;1;13;8;8019;;3;2;No inventariada;;14;3;1;999;;1;1;1;1;;999;998
12;1;16;8;8019;;3;2;No inventariada;;14;20;2;2;;1;1;1;1;;999;998
12;1;17;8;8019;;3;2;No inventariada;;14;2;2;1;;1;5;1;1;;1;998
12;7;20;8;8019;;3;2;No inventariada;;14;20;1;999;;1;5;1;1;;999;998
12;1;19;8;8019;;3;2;No inventariada;;14;3;1;999;;1;5;1;1;;999;998
12;1;18;8;8019;;3;2;No inventariada;;14;20;1;999;;1;5;1;1;;999;998
12;1;15;8;8019;;3;2;No inventariada;;14;7;2;1;;1;1;1;1;;999;998
12;7;20;8;8019;;3;2;No inventariada;;14;3;2;1;;1;5;1;1;;999;998
12;1;23;8;8019;;3;2;No inventariada;;14;6;1;999;;1;5;1;1;;999;998
12;1;15;8;8019;;3;2;No inventariada;;14;2;2;1;;1;1;1;1;;999;998