MES;DIA_SEMANA;HORA;COD_PROVINCIA;COD_MUNICIPIO;ISLA;ZONA;ZONA_AGRUPADA;CARRETERA;KM;TIPO_VIA;TIPO_ACCIDENTE;NUDO;NUDO_INFO;CARRETERA_CRUCE;CONDICION_FIRME;CONDICION_ILUMINACION;CONDICION_METEO;CONDICION_NIEBLA;CONDICION_VIENTO;VISIB_RESTRINGIDA_POR;TRAZADO_PLANTA
12;1;18;8;8019;;3;2;No inventariada;;14;3;2;1;;1;5;1;1;;999;998
12;1;17;8;8019;;3;2;No inventariada;;14;20;1;999;;1;2;1;1;;999;998
12;1;23;8;8019;;3;2;No inventariada;;14;20;1;999;;1;5;1;1;;999;998
12;2;11;8;8019;;3;2;No inventariada;;14;3;1;999;;1;1;1;1;;999;998
12;1;18;8;8019;;3;2;No inventariada;;14;7;2;2;;1;2;1;1;;999;998
12;2;15;8;8019;;1;1;B-10;1,5;14;4;1;999;;1;1;1;1;;1;4
12;2;16;8;8019;;3;2;No inventariada;;14;3;2;1;;1;1;1;1;;999;998
12;2;17;8;8019;;3;2;No inventariada;;14;7;2;1;;1;5;1;1;;1;998
12;2;16;8;8019;;1;1;B-10;1,5;14;20;1;999;;1;5;1;1;;999;4
12;2;15;8;8019;;3;2;No inventariada;;14;2;2;1;;1;1;1;1;;999;998
12;2;16;8;8019;;3;2;No inventariada;;14;20;2;1;;1;1;1;1;;999;998
12;2;16;8;8019;;3;2;No inventariada;;14;9;1;999;;1;1;1;1;;999;998
12;2;15;8;8019;;3;2;No inventariada;;14;7;1;999;;1;1;1;1;;999;998
12;2;11;8;8019;;3;2;No inventariada;;14;3;2;2;;1;1;1;1;;999;998
12;1;11;8;8019;;3;2;No inventariada;;14;3;1;999;;1;1;1;1;;999;998
12;2;20;8;8019;;3;2;No inventariada;;14;9;1;999;;1;5;1;1;;999;998
12;2;18;8;8019;;3;2;No inventariada;;14;7;1;999;;1;2;1;1;;999;998
12;2;18;8;8019;;3;2;No inventariada;;14;7;2;2;;1;5;1;1;;999;998
12;2;22;8;8019;;3;2;No inventariada;;14;7;1;999;;1;5;1;1;;999;998
9;4;20;8;8019;;3;2;No inventariada;;14;20;2;4;;1;5;1;1;;999;998
11;1;18;8;8019;;3;2;No inventariada;;14;6;1;999;;1;5;1;1;;999;998
12;5;21;8;8019;;3;2;No inventariada;;14;7;1;999;;1;5;1;1;;999;998
12;3;14;8;8019;;1;1;B-20;8,9;14;20;1;999;;1;1;1;1;;999;4
3;2;11;8;8019;;3;2;No inventariada;;14;20;1;999;;1;1;1;1;;999;998
3;2;14;8;8019;;3;2;No inventariada;;14;3;1;999;;1;1;1;1;;999;998
3;2;19;8;8019;;1;1;B-20;10,5;14;20;1;999;;1;5;1;1;;999;4
2;4;17;8;8019;;3;2;No inventariada;;14;7;2;2;;1;1;1;1;;999;998
3;2;21;8;8019;;3;2;No inventariada;;14;3;2;1;;1;5;1;1;;999;998
3;2;21;8;8019;;1;1;B-10;0,3;14;20;1;999;;1;5;1;1;;999;4
3;3;7;8;8019;;3;2;No inventariada;;14;20;2;1;;1;1;1;1;;999;998
3;3;8;8;8019;;3;2;No inventariada;;14;3;2;1;;1;1;1;1;;999;998
3;3;9;8;8019;;3;2;No inventariada;;14;1;1;999;;1;1;1;1;;999;998
3;3;9;8;8019;;3;2;No inventariada;;14;7;2;1;;1;1;1;1;;999;998
3;3;10;8;8019;;3;2;No inventariada;;14;2;2;1;;1;1;1;1;;999;998
3;3;11;8;8019;;3;2;No inventariada;;14;2;2;1;;1;1;1;1;;999;998
3;3;14;8;8019;;1;1;B-10;15;3;20;1;999;;1;1;1;1;;999;4
3;3;14;8;8019;;3;2;No inventariada;;14;3;2;1;;1;1;1;1;;999;998
3;3;20;8;8019;;3;2;No inventariada;;14;3;2;4;;1;5;1;1;;999;998
3;3;18;8;8019;;3;2;No inventariada;;14;20;1;999;;1;1;1;1;;999;998
3;3;23;8;8019;;3;2;No inventariada;;14;2;2;1;;1;5;1;1;;2;998
3;4;8;8;8019;;1;1;B-20;5,2;14;4;1;999;;1;1;1;1;;1;4
3;2;18;8;8019;;1;1;B-20;11,5;14;20;1;999;;1;1;1;1;;999;4
3;4;12;8;8019;;3;2;No inventariada;;14;2;2;1;;1;1;1;1;;999;998
3;4;9;8;8019;;3;2;No inventariada;;14;20;2;1;;1;1;1;1;;999;998
3;4;13;8;8019;;3;2;No inventariada;;14;7;1;999;;1;1;1;1;;999;998
3;4;17;8;8019;;3;2;No inventariada;;14;7;1;999;;1;1;1;1;;999;998
3;4;21;8;8019;;3;2;No inventariada;;14;2;2;1;;1;5;1;1;;999;998
3;5;0;8;8019;;3;2;No inventariada;;14;9;2;1;;1;5;1;1;;999;998
3;4;16;8;8019;;3;2;No inventariada;;14;20;1;999;;1;1;1;1;;999;998
3;5;6;8;8019;;1;1;B-10;5,5;14;3;1;999;;1;5;1;1;;999;4
3;5;8;8;8019;;3;2;No inventariada;;14;3;2;1;;1;1;1;1;;999;998
3;5;11;8;8019;;3;2;No inventariada;;14;3;1;999;;1;1;1;1;;999;998
3;5;11;8;8019;;3;2;No inventariada;;14;2;2;1;;1;1;1;1;;999;998
3;5;19;8;8019;;3;2;No inventariada;;14;7;1;999;;1;1;1;1;;999;998
3;5;18;8;8019;;3;2;No inventariada;;14;3;2;1;;1;1;1;1;;999;998
3;5;18;8;8019;;3;2;No inventariada;;14;20;1;999;;1;1;1;1;;999;998
3;5;14;8;8019;;3;2;No inventariada;;14;2;2;2;;1;1;1;1;;999;998
3;5;19;8;8019;;3;2;No inventariada;;14;20;1;999;;1;1;1;1;;999;998
3;6;10;8;8019;;3;2;No inventariada;;14;7;2;1;;1;1;1;1;;1;998
3;6;17;8;8019;;3;2;No inventariada;;14;2;2;1;;1;1;1;1;;999;998
3;7;6;8;8019;;3;2;No inventariada;;14;7;1;999;;3;1;3;1;;999;998
3;6;21;8;8019;;3;2;No inventariada;;14;2;2;1;;1;5;1;1;;999;998
3;6;21;8;8019;;3;2;No inventariada;;14;7;2;2;;1;5;1;1;;999;998
3;7;10;8;8019;;3;2;No inventariada;;14;9;1;999;;3;1;1;1;;999;998
3;6;17;8;8019;;3;2;No inventariada;;14;20;1;999;;1;1;1;1;;999;998
3;7;12;8;8019;;3;2;No inventariada;;14;9;2;4;;1;1;1;1;;999;998
3;7;17;8;8019;;3;2;No inventariada;;14;20;1;999;;1;1;1;1;;999;998
3;7;23;8;8019;;3;2;No inventariada;;14;9;1;999;;1;5;1;1;;999;998
3;1;5;8;8019;;3;2;No inventariada;;14;20;1;999;;1;5;1;1;;999;998
3;1;9;8;8019;;3;2;No inventariada;;14;2;2;2;;3;1;1;1;;999;998
3;1;17;8;8019;;3;2;No inventariada;;14;2;2;1;;3;1;3;1;;999;998
3;1;22;8;8019;;3;2;No inventariada;;14;2;2;1;;3;5;3;1;;999;998
3;2;9;8;8019;;1;1;B-10;11,5;3;20;1;999;;3;1;1;1;;999;4
3;2;10;8;8019;;3;2;No inventariada;;14;3;2;2;;3;1;1;1;;999;998
3;2;11;8;8019;;3;2;No inventariada;;14;20;2;1;;1;1;1;1;;999;998
3;2;11;8;8019;;3;2;No inventariada;;14;2;2;1;;3;1;1;1;;999;998
3;2;11;8;8019;;3;2;No inventariada;;14;7;2;2;;3;1;3;1;;999;998
3;2;12;8;8019;;3;2;No inventariada;;14;20;1;999;;3;1;3;1;;999;998
3;2;10;8;8019;;3;2;No inventariada;;14;20;1;999;;3;1;1;1;;999;998
3;2;16;8;8019;;3;2;No inventariada;;14;20;1;999;;3;1;3;1;;999;998
3;2;16;8;8019;;3;2;No inventariada;;14;9;1;999;;1;1;1;1;;999;998
3;2;15;8;8019;;3;2;No inventariada;;14;20;1;999;;3;1;1;1;;999;998
3;2;17;8;8019;;3;2;No inventariada;;14;20;1;999;;3;1;3;1;;999;998
3;2;18;8;8019;;3;2;No inventariada;;14;7;2;1;;3;1;3;1;;999;998
3;2;16;8;8019;;3;2;No inventariada;;14;7;2;1;;3;1;3;1;;999;998
3;6;23;8;8019;;3;2;No inventariada;;14;20;1;999;;1;5;1;1;;999;998
3;2;21;8;8019;;3;2;No inventariada;;14;2;2;1;;3;5;3;1;;999;998
3;3;0;8;8019;;3;2;No inventariada;;14;6;2;2;;3;5;3;1;;1;998
3;3;7;8;8019;;3;2;No inventariada;;14;20;1;999;;1;1;1;1;;999;998
3;3;9;8;8019;;3;2;No inventariada;;14;3;2;1;;1;1;1;1;;999;998
3;3;9;8;8019;;3;2;No inventariada;;14;7;2;1;;1;1;1;1;;999;998
3;3;11;8;8019;;3;2;No inventariada;;14;2;2;4;;1;1;1;1;;999;998
3;3;12;8;8019;;1;1;B-20;10,7;14;20;1;999;;1;1;1;1;;999;4
3;3;12;8;8019;;3;2;No inventariada;;14;20;1;999;;1;1;1;1;;999;998
3;3;12;8;8019;;3;2;No inventariada;;14;20;1;999;;1;1;1;1;;999;998
3;3;13;8;8019;;3;2;No inventariada;;14;3;2;1;;1;1;1;1;;999;998
3;3;16;8;8019;;3;2;No inventariada;;14;3;2;2;;1;1;1;1;;999;998
3;3;16;8;8019;;3;2;No inventariada;;14;20;1;999;;1;1;1;1;;999;998
3;3;18;8;8019;;1;1;B-10;11,5;3;20;1;999;;1;1;1;1;;999;4
3;3;18;8;8019;;3;2;No inventariada;;14;2;2;1;;1;1;1;1;;999;998
3;3;16;8;8019;;3;2;No inventariada;;14;2;2;2;;1;1;1;1;;999;998
3;3;18;8;8019;;3;2;No inventariada;;14;3;2;1;;1;5;1;1;;999;998
3;3;18;8;8019;;3;2;No inventariada;;14;20;1;999;;1;2;1;1;;999;998
3;3;20;8;8019;;3;2;No inventariada;;14;3;1;999;;1;5;1;1;;999;998
3;3;20;8;8019;;3;2;No inventariada;;14;20;1;999;;1;5;1;1;;999;998
3;4;8;8;8019;;3;2;No inventariada;;14;20;1;999;;1;1;1;1;;999;998
3;3;18;8;8019;;3;2;No inventariada;;14;7;1;999;;1;1;1;1;;999;998
3;4;13;8;8019;;3;2;No inventariada;;14;7;1;999;;1;1;1;1;;999;998
3;4;13;8;8019;;1;1;B-10;7,7;14;20;1;999;;1;1;1;1;;999;4
3;4;15;8;8019;;3;2;No inventariada;;14;7;2;4;;1;1;1;1;;999;998
3;1;20;8;8019;;3;2;No inventariada;;14;3;2;2;;1;1;1;1;;999;998
3;5;2;8;8019;;3;2;No inventariada;;14;20;1;999;;1;5;1;1;;999;998
3;5;2;8;8019;;3;2;No inventariada;;14;6;2;1;;1;5;1;1;;999;998
3;3;11;8;8019;;3;2;No inventariada;;14;20;2;1;;1;1;1;1;;999;998
3;5;12;8;8019;;3;2;No inventariada;;14;20;1;999;;1;1;1;1;;999;998
3;5;15;8;8019;;3;2;No inventariada;;14;2;1;999;;1;1;1;1;;999;998
3;5;17;8;8019;;3;2;No inventariada;;14;20;2;1;;1;1;1;1;;999;998
3;5;22;8;8019;;3;2;No inventariada;;14;3;2;1;;1;5;1;1;;999;998
3;6;2;8;8019;;3;2;No inventariada;;14;2;2;1;;1;5;1;1;;999;998
3;6;9;8;8019;;3;2;No inventariada;;14;7;2;2;;1;1;1;1;;999;998
3;6;15;8;8019;;3;2;No inventariada;;14;3;1;999;;1;1;1;1;;999;998
3;6;15;8;8019;;3;2;No inventariada;;14;20;1;999;;1;1;1;1;;999;998
3;6;17;8;8019;;3;2;No inventariada;;14;20;1;999;;1;1;1;1;;999;998
3;6;17;8;8019;;3;2;No inventariada;;14;20;1;999;;1;1;1;1;;999;998
3;6;19;8;8019;;3;2;No inventariada;;14;7;1;999;;1;2;1;1;;999;998
3;6;18;8;8019;;3;2;No inventariada;;14;2;2;1;;1;1;1;1;;999;998
3;7;1;8;8019;;3;2;No inventariada;;14;9;1;999;;3;5;1;1;;999;998
3;7;8;8;8019;;3;2;No inventariada;;14;2;2;1;;1;2;1;1;;999;998
3;6;17;8;8019;;3;2;No inventariada;;14;7;1;999;;1;1;1;1;;1;998
3;7;13;8;8019;;3;2;No inventariada;;14;20;1;999;;1;1;1;1;;999;998
3;7;21;8;8019;;3;2;No inventariada;;14;9;2;4;;3;5;3;1;;999;998
4;1;11;8;8019;;3;2;No inventariada;;14;3;1;999;;1;1;1;1;;999;998
4;1;12;8;8019;;3;2;No inventariada;;14;2;2;1;;1;1;1;1;;999;998
4;1;16;8;8019;;3;2;No inventariada;;14;6;1;999;;1;1;1;1;;999;998
4;1;20;8;8019;;3;2;No inventariada;;14;2;2;1;;1;5;1;1;;999;998
4;1;22;8;8019;;3;2;No inventariada;;14;2;2;1;;1;5;1;1;;999;998
4;1;23;8;8019;;3;2;No inventariada;;14;20;2;1;;1;5;1;1;;999;998
4;2;9;8;8019;;3;2;No inventariada;;14;4;1;999;;1;1;1;1;;1;998
4;2;10;8;8019;;3;2;No inventariada;;14;7;1;999;;1;1;1;1;;999;998
4;2;12;8;8019;;3;2;No inventariada;;14;7;2;1;;1;1;1;1;;999;998
4;2;14;8;8019;;3;2;No inventariada;;14;3;2;1;;1;1;1;1;;999;998
4;2;14;8;8019;;3;2;No inventariada;;14;2;2;2;;1;1;1;1;;999;998
4;2;14;8;8019;;1;1;B-20;8,8;14;20;1;999;;1;1;1;1;;999;4
4;2;16;8;8019;;3;2;No inventariada;;14;2;2;1;;1;1;1;1;;999;998
4;2;18;8;8019;;1;1;B-10;14,5;3;3;1;999;;1;1;1;1;;999;4
4;2;19;8;8019;;3;2;No inventariada;;14;20;1;999;;1;1;1;1;;999;998
4;2;17;8;8019;;3;2;No inventariada;;14;2;2;1;;1;1;1;1;;999;998
4;2;15;8;8019;;3;2;No inventariada;;14;9;2;1;;1;1;1;1;;999;998
4;2;19;8;8019;;3;2;No inventariada;;14;3;2;1;;1;5;1;1;;999;998
4;2;19;8;8019;;3;2;No inventariada;;14;2;1;999;;1;1;1;1;;999;998
4;2;21;8;8019;;3;2;No inventariada;;14;20;1;999;;1;5;1;1;;999;998
4;3;9;8;8019;;1;1;B-20;7,8;14;3;1;999;;1;1;1;1;;999;4
4;3;10;8;8019;;3;2;No inventariada;;14;7;1;999;;1;1;1;1;;1;998
4;3;9;8;8019;;3;2;No inventariada;;14;20;2;1;;1;1;1;1;;999;998
4;3;8;8;8019;;1;1;B-20;15,5;14;20;1;999;;1;1;1;1;;999;4
4;3;12;8;8019;;3;2;No inventariada;;14;2;1;999;;1;1;1;1;;999;998
4;3;15;8;8019;;3;2;No inventariada;;14;20;2;1;;1;1;1;1;;999;998
4;3;15;8;8019;;1;1;B-20;5,8;14;20;1;999;;1;1;1;1;;999;4
4;3;18;8;8019;;3;2;No inventariada;;14;9;1;999;;1;1;1;1;;999;998
4;3;18;8;8019;;3;2;No inventariada;;14;20;1;999;;1;1;1;1;;999;998
4;3;19;8;8019;;3;2;No inventariada;;14;1;2;2;;1;1;1;1;;999;998
4;3;20;8;8019;;3;2;No inventariada;;14;9;1;999;;1;5;1;1;;999;998
4;4;7;8;8019;;3;2;No inventariada;;14;3;2;1;;1;1;1;1;;999;998
4;4;9;8;8019;;3;2;No inventariada;;14;2;2;2;;1;1;1;1;;999;998
4;4;11;8;8019;;3;2;No inventariada;;14;1;2;1;;1;1;1;1;;999;998
4;4;8;8;8019;;3;2;No inventariada;;14;7;2;1;;1;1;1;1;;999;998
4;4;13;8;8019;;3;2;No inventariada;;14;20;1;999;;1;1;1;1;;999;998
4;4;14;8;8019;;3;2;No inventariada;;14;9;1;999;;1;1;1;1;;999;998
4;4;18;8;8019;;3;2;No inventariada;;14;3;1;999;;1;1;1;1;;999;998
4;4;18;8;8019;;1;1;B-10;6,5;14;20;1;999;;1;1;1;1;;999;4
4;4;20;8;8019;;3;2;No inventariada;;14;20;1;999;;1;2;1;1;;999;998
4;5;1;8;8019;;3;2;No inventariada;;14;9;1;999;;1;5;1;1;;999;998
4;5;8;8;8019;;3;2;No inventariada;;14;2;2;1;;1;1;1;1;;9;998
4;5;11;8;8019;;3;2;No inventariada;;14;3;1;999;;1;1;1;1;;999;998
4;5;12;8;8019;;3;2;No inventariada;;14;20;1;999;;1;1;1;1;;999;998
4;5;13;8;8019;;3;2;No inventariada;;14;7;1;999;;1;1;1;1;;999;998
4;5;14;8;8019;;3;2;No inventariada;;14;3;1;999;;1;1;1;1;;999;998
4;5;15;8;8019;;3;2;No inventariada;;14;20;1;999;;1;1;1;1;;999;998
4;5;14;8;8019;;1;1;B-10;8,5;14;20;1;999;;1;1;1;1;;999;4
4;5;15;8;8019;;3;2;No inventariada;;14;20;1;999;;1;1;1;1;;999;998
4;5;18;8;8019;;3;2;No inventariada;;14;20;1;999;;1;1;1;1;;999;998
4;5;18;8;8019;;1;1;B-20;6,5;14;20;1;999;;1;1;1;1;;999;4
4;5;19;8;8019;;3;2;No inventariada;;14;20;1;999;;1;1;1;1;;999;998
4;5;17;8;8019;;1;1;B-20;5,3;14;20;1;999;;1;1;1;1;;999;4
4;6;3;8;8019;;3;2;No inventariada;;14;2;2;1;;1;5;1;1;;999;998
4;6;6;8;8019;;3;2;No inventariada;;14;2;2;1;;1;5;1;1;;999;998
4;6;5;8;8019;;3;2;No inventariada;;14;9;2;1;;1;5;1;1;;999;998
4;6;12;8;8019;;3;2;No inventariada;;14;7;2;2;;1;1;1;1;;999;998
4;6;13;8;8019;;3;2;No inventariada;;14;7;1;999;;1;1;1;1;;999;998
4;6;10;8;8019;;3;2;No inventariada;;14;3;2;4;;1;1;1;1;;999;998
4;6;10;8;8019;;3;2;No inventariada;;14;3;2;1;;1;1;1;1;;999;998
4;6;12;8;8019;;3;2;No inventariada;;14;20;1;999;;1;1;1;1;;999;998
4;6;21;8;8019;;1;1;B-10;7,2;14;3;1;999;;1;5;1;1;;999;4
4;6;12;8;8019;;3;2;No inventariada;;14;9;1;999;;1;1;1;1;;999;998
4;7;12;8;8019;;3;2;No inventariada;;14;7;1;999;;1;1;1;1;;999;998
4;7;13;8;8019;;3;2;No inventariada;;14;7;1;999;;8;1;1;1;;999;998
4;7;21;8;8019;;3;2;No inventariada;;14;7;1;999;;1;5;1;1;;999;998
4;7;23;8;8019;;3;2;No inventariada;;14;7;1;999;;1;5;1;1;;999;998
4;1;9;8;8019;;3;2;No inventariada;;14;3;2;1;;1;1;1;1;;999;998
4;7;15;8;8019;;3;2;No inventariada;;14;20;1;999;;1;1;1;1;;999;998
4;1;9;8;8019;;3;2;No inventariada;;14;20;1;999;;1;1;1;1;;999;998
4;1;12;8;8019;;3;2;No inventariada;;14;9;1;999;;1;1;1;1;;999;998
4;1;13;8;8019;;3;2;No inventariada;;14;2;2;1;;1;1;1;1;;999;998
4;1;16;8;8019;;1;1;B-10;0,5;14;20;1;999;;1;5;1;1;;999;4
4;1;16;8;8019;;3;2;No inventariada;;14;20;1;999;;1;1;1;1;;999;998
4;1;18;8;8019;;3;2;No inventariada;;14;20;1;999;;1;1;1;1;;999;998
4;1;19;8;8019;;3;2;No inventariada;;14;2;2;1;;1;1;1;1;;999;998
4;2;7;8;8019;;3;2;No inventariada;;14;7;1;999;;1;1;1;1;;999;998
4;1;18;8;8019;;3;2;No inventariada;;14;9;1;999;;8;1;1;1;;999;998
4;2;8;8;8019;;3;2;No inventariada;;14;3;2;1;;1;1;1;1;;999;998
4;2;9;8;8019;;3;2;No inventariada;;14;3;2;1;;1;1;1;1;;999;998
4;2;10;8;8019;;3;2;No inventariada;;14;20;1;999;;1;1;1;1;;999;998
4;2;11;8;8019;;3;2;No inventariada;;14;2;2;1;;1;1;1;1;;999;998
4;2;11;8;8019;;3;2;No inventariada;;14;20;2;1;;1;1;1;1;;999;998
4;2;8;8;8019;;1;1;B-20;5,6;14;3;1;999;;1;1;1;1;;999;4
4;2;9;8;8019;;3;2;No inventariada;;14;3;1;999;;1;1;1;1;;999;998
4;2;17;8;8019;;3;2;No inventariada;;14;7;1;999;;1;1;1;1;;999;998
4;2;16;8;8019;;3;2;No inventariada;;14;9;1;999;;1;1;1;1;;999;998
4;2;15;8;8019;;3;2;No inventariada;;14;20;1;999;;1;1;1;1;;999;998
4;2;20;8;8019;;3;2;No inventariada;;14;9;2;1;;8;5;1;1;;999;998
4;2;15;8;8019;;3;2;No inventariada;;14;3;1;999;;1;1;1;1;;999;998
4;2;18;8;8019;;3;2;No inventariada;;14;20;1;999;;1;1;1;1;;999;998
4;2;21;8;8019;;3;2;No inventariada;;14;9;1;999;;1;5;1;1;;1;998
4;2;14;8;8019;;3;2;No inventariada;;14;7;2;1;;1;1;1;1;;999;998
4;2;9;8;8019;;3;2;No inventariada;;14;3;2;1;;1;1;1;1;;999;998
4;2;22;8;8019;;3;2;No inventariada;;14;9;2;1;;8;5;1;1;;999;998
4;2;17;8;8019;;3;2;No inventariada;;14;20;1;999;;1;1;1;1;;999;998
4;2;18;8;8019;;3;2;No inventariada;;14;2;1;999;;1;1;1;1;;999;998
4;2;17;8;8019;;3;2;No inventariada;;14;3;2;1;;1;1;1;1;;999;998
4;2;21;8;8019;;3;2;No inventariada;;14;3;2;1;;1;5;1;1;;999;998
4;3;5;8;8019;;3;2;No inventariada;;14;3;1;999;;1;5;1;1;;999;998
4;3;7;8;8019;;3;2;No inventariada;;14;3;1;999;;1;1;1;1;;999;998
4;3;9;8;8019;;3;2;No inventariada;;14;3;2;1;;1;1;1;1;;1;998
4;3;6;8;8019;;3;2;No inventariada;;14;7;2;2;;1;6;1;1;;999;998
4;3;10;8;8019;;3;2;No inventariada;;14;3;1;999;;1;1;1;1;;999;998
4;7;1;8;8019;;3;2;No inventariada;;14;7;1;999;;1;5;1;1;;999;998
4;3;12;8;8019;;3;2;No inventariada;;14;20;2;1;;1;1;1;1;;999;998
4;3;13;8;8019;;1;1;B-10;17;3;3;1;999;;1;1;1;1;;999;4
4;3;9;8;8019;;3;2;No inventariada;;14;20;1;999;;1;1;1;1;;999;998
4;2;17;8;8019;;3;2;No inventariada;;14;7;1;999;;1;1;1;1;;999;998
4;3;14;8;8019;;3;2;No inventariada;;14;20;2;1;;1;1;1;1;;999;998
4;3;17;8;8019;;1;1;B-20;11,4;14;3;1;999;;1;1;1;1;;999;4
4;3;9;8;8019;;3;2;No inventariada;;14;7;1;999;;1;1;1;1;;999;998
4;3;16;8;8019;;3;2;No inventariada;;14;7;1;999;;1;1;1;1;;999;998
4;3;20;8;8019;;3;2;No inventariada;;14;20;2;1;;1;1;1;1;;999;998
4;3;16;8;8019;;3;2;No inventariada;;14;2;2;1;;1;1;1;1;;999;998
4;3;20;8;8019;;3;2;No inventariada;;14;20;2;1;;1;5;1;1;;999;998
4;3;22;8;8019;;3;2;No inventariada;;14;9;2;1;;1;5;1;1;;999;998
4;4;8;8;8019;;1;1;B-20;7;14;20;1;999;;1;1;1;1;;999;4
4;4;7;8;8019;;1;1;B-20;7,2;14;20;1;999;;1;5;1;1;;999;4
4;3;18;8;8019;;3;2;No inventariada;;14;2;1;999;;1;1;1;1;;999;998
3;3;11;8;8019;;3;2;No inventariada;;14;7;1;999;;1;1;1;1;;999;998
4;4;9;8;8019;;1;1;B-20;8,5;14;20;1;999;;1;1;1;1;;999;4
4;3;19;8;8019;;3;2;No inventariada;;14;20;1;999;;1;1;1;1;;999;998
4;3;18;8;8019;;3;2;No inventariada;;14;20;1;999;;1;1;1;1;;999;998
4;4;11;8;8019;;1;1;B-20;9,3;14;20;1;999;;1;1;1;1;;999;4
4;4;13;8;8019;;3;2;No inventariada;;14;2;2;1;;1;1;1;1;;999;998
4;4;16;8;8019;;3;2;No inventariada;;14;7;2;1;;1;1;1;1;;1;998
4;4;17;8;8019;;3;2;No inventariada;;14;7;2;1;;1;1;1;1;;999;998
4;4;18;8;8019;;3;2;No inventariada;;14;3;1;999;;1;1;1;1;;999;998
4;4;17;8;8019;;1;1;B-10;11;3;3;1;999;;1;5;1;1;;999;4
4;4;18;8;8019;;3;2;No inventariada;;14;20;1;999;;1;1;1;1;;999;998
4;4;19;8;8019;;3;2;No inventariada;;14;3;1;999;;1;5;1;1;;999;998
4;4;21;8;8019;;3;2;No inventariada;;14;7;2;1;;1;5;1;1;;999;998
4;5;0;8;8019;;3;2;No inventariada;;14;7;2;1;;1;5;1;1;;999;998
4;5;10;8;8019;;3;2;No inventariada;;14;3;1;999;;1;1;1;1;;999;998
4;5;12;8;8019;;3;2;No inventariada;;14;2;2;2;;1;1;1;1;;999;998
4;5;7;8;8019;;3;2;No inventariada;;14;3;2;1;;1;1;1;1;;999;998
4;5;12;8;8019;;3;2;No inventariada;;14;3;1;999;;1;1;1;1;;999;998
4;5;14;8;8019;;3;2;No inventariada;;14;7;2;1;;1;1;1;1;;999;998
4;5;14;8;8019;;3;2;No inventariada;;14;3;1;999;;1;1;1;1;;999;998
4;5;15;8;8019;;3;2;No inventariada;;14;20;1;999;;1;1;1;1;;999;998
4;5;19;8;8019;;3;2;No inventariada;;14;3;2;1;;1;1;1;1;;999;998
4;5;16;8;8019;;1;1;B-20;9,1;14;20;1;999;;1;1;1;1;;999;4
4;5;14;8;8019;;3;2;No inventariada;;14;20;2;1;;1;1;1;1;;999;998
4;5;14;8;8019;;1;1;B-10;11;3;9;1;999;;1;5;1;1;;999;4
4;5;16;8;8019;;3;2;No inventariada;;14;7;1;999;;1;1;1;1;;999;998
4;6;11;8;8019;;3;2;No inventariada;;14;2;2;1;;1;1;1;1;;999;998
4;6;13;8;8019;;1;1;B-20;10,2;14;20;1;999;;1;1;1;1;;999;4
4;6;13;8;8019;;1;1;B-10;8,1;14;20;1;999;;1;5;1;1;;999;4
4;6;19;8;8019;;3;2;No inventariada;;14;20;1;999;;1;1;1;1;;999;998
4;6;20;8;8019;;3;2;No inventariada;;14;3;2;4;;1;2;1;1;;999;998
4;6;19;8;8019;;3;2;No inventariada;;14;20;2;1;;1;1;1;1;;999;998
4;6;17;8;8019;;3;2;No inventariada;;14;3;1;999;;1;1;1;1;;999;998
4;6;23;8;8019;;3;2;No inventariada;;14;7;1;999;;1;5;1;1;;999;998
4;7;1;8;8019;;1;1;B-10;6,5;14;9;1;999;;1;5;1;1;;999;4
4;7;2;8;8019;;3;2;No inventariada;;14;7;1;999;;1;5;1;1;;999;998