MES;DIA_SEMANA;HORA;COD_PROVINCIA;COD_MUNICIPIO;ISLA;ZONA;ZONA_AGRUPADA;CARRETERA;KM;TIPO_VIA;TIPO_ACCIDENTE;NUDO;NUDO_INFO;CARRETERA_CRUCE;CONDICION_FIRME;CONDICION_ILUMINACION;CONDICION_METEO;CONDICION_NIEBLA;CONDICION_VIENTO;VISIB_RESTRINGIDA_POR;TRAZADO_PLANTA
4;6;23;8;8019;;3;2;No inventariada;;14;2;2;1;;1;5;1;1;;999;998
4;7;0;8;8019;;3;2;No inventariada;;14;6;1;999;;1;5;1;1;;999;998
4;7;16;8;8019;;3;2;No inventariada;;14;20;1;999;;1;1;1;1;;999;998
4;7;11;8;8019;;3;2;No inventariada;;14;3;1;999;;1;1;1;1;;999;998
4;7;19;8;8019;;1;1;B-20;5,5;14;20;1;999;;1;1;1;1;;999;4
4;7;18;8;8019;;3;2;No inventariada;;14;2;2;4;;1;1;1;1;;999;998
4;1;7;8;8019;;3;2;No inventariada;;14;3;2;1;;1;1;1;1;;999;998
4;1;9;8;8019;;3;2;No inventariada;;14;20;2;2;;1;1;1;1;;999;998
4;1;8;8;8019;;3;2;No inventariada;;14;3;2;1;;1;1;1;1;;999;998
4;1;9;8;8019;;3;2;No inventariada;;14;3;1;999;;1;1;1;1;;999;998
4;1;9;8;8019;;1;1;B-20;5,4;14;20;1;999;;1;1;1;1;;999;4
4;1;12;8;8019;;3;2;No inventariada;;14;7;1;999;;1;1;1;1;;999;998
4;1;13;8;8019;;3;2;No inventariada;;14;20;1;999;;1;1;1;1;;999;998
4;1;18;8;8019;;3;2;No inventariada;;14;7;1;999;;1;1;1;1;;999;998
4;1;19;8;8019;;3;2;No inventariada;;14;3;2;1;;1;1;1;1;;999;998
4;1;14;8;8019;;3;2;No inventariada;;14;2;1;999;;1;1;1;1;;999;998
4;1;15;8;8019;;3;2;No inventariada;;14;1;2;2;;1;1;1;1;;999;998
4;1;17;8;8019;;3;2;No inventariada;;14;20;1;999;;1;1;1;1;;999;998
4;1;20;8;8019;;3;2;No inventariada;;14;7;1;999;;1;5;1;1;;999;998
4;1;17;8;8019;;3;2;No inventariada;;14;2;2;1;;1;1;1;1;;999;998
4;1;17;8;8019;;3;2;No inventariada;;14;3;1;999;;1;1;1;1;;999;998
4;1;22;8;8019;;3;2;No inventariada;;14;2;2;1;;1;5;1;1;;999;998
4;1;17;8;8019;;3;2;No inventariada;;14;9;1;999;;1;1;1;1;;999;998
4;2;8;8;8019;;3;2;No inventariada;;14;3;2;1;;1;1;1;1;;999;998
4;2;10;8;8019;;3;2;No inventariada;;14;3;1;999;;1;1;1;1;;999;998
4;2;10;8;8019;;3;2;No inventariada;;14;3;2;2;;1;1;1;1;;999;998
4;2;8;8;8019;;3;2;No inventariada;;14;20;1;999;;1;1;1;1;;999;998
4;2;11;8;8019;;3;2;No inventariada;;14;20;1;999;;1;1;1;1;;999;998
4;2;12;8;8019;;3;2;No inventariada;;14;9;2;1;;1;1;1;1;;999;998
4;2;13;8;8019;;1;1;B-20;8,8;14;20;1;999;;1;1;1;1;;999;4
4;2;11;8;8019;;3;2;No inventariada;;14;2;2;1;;1;1;1;1;;999;998
4;2;16;8;8019;;3;2;No inventariada;;14;2;2;1;;1;1;1;1;;1;998
4;2;17;8;8019;;3;2;No inventariada;;14;20;1;999;;1;1;1;1;;999;998
4;2;15;8;8019;;3;2;No inventariada;;14;2;2;2;;1;1;1;1;;999;998
4;2;22;8;8019;;3;2;No inventariada;;14;2;2;1;;1;5;1;1;;999;998
4;2;20;8;8019;;3;2;No inventariada;;14;3;2;1;;1;2;1;1;;999;998
4;1;21;8;8019;;3;2;No inventariada;;14;20;2;1;;1;5;1;1;;999;998
4;2;19;8;8019;;3;2;No inventariada;;14;3;1;999;;1;1;1;1;;999;998
4;2;13;8;8019;;3;2;No inventariada;;14;20;1;999;;1;1;1;1;;999;998
4;3;2;8;8019;;3;2;No inventariada;;14;20;1;999;;1;5;1;1;;999;998
4;2;23;8;8019;;3;2;No inventariada;;14;2;1;999;;1;5;1;1;;999;998
4;2;22;8;8019;;3;2;No inventariada;;14;6;1;999;;1;5;1;1;;999;998
4;3;7;8;8019;;3;2;No inventariada;;14;3;2;1;;1;1;1;1;;999;998
4;2;8;8;8019;;3;2;No inventariada;;14;20;1;999;;1;1;1;1;;999;998
4;3;13;8;8019;;3;2;No inventariada;;14;20;1;999;;1;1;1;1;;999;998
4;3;12;8;8019;;3;2;No inventariada;;14;20;1;999;;1;1;1;1;;999;998
4;3;16;8;8019;;3;2;No inventariada;;14;1;2;2;;1;1;1;1;;1;998
4;3;13;8;8019;;3;2;No inventariada;;14;2;2;2;;1;1;1;1;;999;998
4;3;13;8;8019;;3;2;No inventariada;;14;2;2;2;;1;1;1;1;;999;998
4;3;16;8;8019;;3;2;No inventariada;;14;20;1;999;;1;1;1;1;;999;998
4;3;20;8;8019;;3;2;No inventariada;;14;7;2;2;;1;5;1;1;;999;998
4;3;12;8;8019;;3;2;No inventariada;;14;2;2;1;;1;1;1;1;;999;998
4;3;16;8;8019;;3;2;No inventariada;;14;3;2;1;;1;1;1;1;;999;998
4;3;17;8;8019;;3;2;No inventariada;;14;20;2;1;;1;1;1;1;;999;998
4;3;23;8;8019;;3;2;No inventariada;;14;2;2;1;;1;5;1;1;;999;998
4;3;16;8;8019;;3;2;No inventariada;;14;7;1;999;;1;1;1;1;;999;998
4;4;0;8;8019;;3;2;No inventariada;;14;6;1;999;;1;5;1;1;;999;998
4;3;22;8;8019;;3;2;No inventariada;;14;9;1;999;;1;5;1;1;;999;998
4;4;5;8;8019;;3;2;No inventariada;;14;2;2;1;;1;5;1;1;;999;998
4;4;8;8;8019;;3;2;No inventariada;;14;7;2;1;;1;1;1;1;;999;998
4;4;9;8;8019;;3;2;No inventariada;;14;3;2;1;;1;1;1;1;;999;998
4;4;7;8;8019;;3;2;No inventariada;;14;9;1;999;;1;1;1;1;;999;998
4;3;13;8;8019;;3;2;No inventariada;;14;3;2;1;;1;1;1;1;;999;998
4;6;20;8;8019;;3;2;No inventariada;;14;20;1;999;;1;5;1;1;;999;998
4;4;10;8;8019;;3;2;No inventariada;;14;20;1;999;;1;1;1;1;;999;998
4;4;13;8;8019;;3;2;No inventariada;;14;20;1;999;;1;1;1;1;;999;998
4;4;13;8;8019;;1;1;B-20;16;14;20;1;999;;1;1;1;1;;999;4
4;4;14;8;8019;;3;2;No inventariada;;14;20;2;1;;1;1;1;1;;999;998
4;4;14;8;8019;;1;1;B-10;12,7;3;20;1;999;;1;1;1;1;;999;4
4;4;17;8;8019;;1;1;B-20;15;14;20;1;999;;3;1;1;1;;999;4
4;4;15;8;8019;;3;2;No inventariada;;14;20;1;999;;1;1;1;1;;999;998
4;4;13;8;8019;;3;2;No inventariada;;14;2;1;999;;1;1;1;1;;999;998
4;4;10;8;8019;;3;2;No inventariada;;14;3;1;999;;1;1;1;1;;999;998
4;4;21;8;8019;;3;2;No inventariada;;14;3;2;1;;1;5;1;1;;999;998
4;4;18;8;8019;;3;2;No inventariada;;14;3;2;1;;1;1;1;1;;999;998
4;3;9;8;8019;;3;2;No inventariada;;14;7;1;999;;1;1;1;1;;1;998
4;5;12;8;8019;;3;2;No inventariada;;14;7;1;999;;1;1;1;1;;1;998
4;5;12;8;8019;;1;1;B-20;8,8;14;4;1;999;;1;1;1;1;;1;4
4;5;13;8;8019;;3;2;No inventariada;;14;3;1;999;;1;1;1;1;;999;998
4;5;14;8;8019;;3;2;No inventariada;;14;2;2;1;;1;1;1;1;;999;998
4;5;17;8;8019;;3;2;No inventariada;;14;2;2;1;;1;1;1;1;;999;998
4;5;15;8;8019;;3;2;No inventariada;;14;2;2;1;;1;1;1;1;;999;998
4;5;16;8;8019;;3;2;No inventariada;;14;2;1;999;;1;1;1;1;;999;998
4;5;23;8;8019;;3;2;No inventariada;;14;6;1;999;;3;5;1;1;;999;998
4;6;3;8;8019;;1;1;B-20;14;14;6;1;999;;1;5;1;1;;999;4
4;5;23;8;8019;;3;2;No inventariada;;14;3;2;1;;1;5;1;1;;999;998
4;6;7;8;8019;;3;2;No inventariada;;14;7;2;1;;1;1;1;1;;999;998
4;1;10;8;8019;;3;2;No inventariada;;14;3;1;999;;1;1;1;1;;999;998
4;5;10;8;8019;;3;2;No inventariada;;14;3;2;1;;1;1;1;1;;999;998
4;4;11;8;8019;;3;2;No inventariada;;14;3;1;999;;1;1;1;1;;999;998
4;5;21;8;8019;;3;2;No inventariada;;14;3;1;999;;1;5;1;1;;999;998
4;5;20;8;8019;;3;2;No inventariada;;14;4;1;999;;1;1;1;1;;999;998
4;6;10;8;8019;;3;2;No inventariada;;14;7;1;999;;1;1;1;1;;999;998
4;6;9;8;8019;;3;2;No inventariada;;14;7;1;999;;1;1;1;1;;999;998
4;6;13;8;8019;;3;2;No inventariada;;14;20;1;999;;1;1;1;1;;999;998
4;6;14;8;8019;;3;2;No inventariada;;14;6;1;999;;1;1;1;1;;999;998
4;6;13;8;8019;;3;2;No inventariada;;14;20;2;1;;1;1;1;1;;999;998
4;6;20;8;8019;;3;2;No inventariada;;14;7;1;999;;1;1;1;1;;999;998
4;6;14;8;8019;;3;2;No inventariada;;14;2;1;999;;1;1;1;1;;999;998
4;6;15;8;8019;;3;2;No inventariada;;14;2;2;1;;1;1;1;1;;999;998
4;6;22;8;8019;;3;2;No inventariada;;14;20;1;999;;1;5;1;1;;999;998
4;7;0;8;8019;;3;2;No inventariada;;14;20;1;999;;1;5;1;1;;999;998
4;6;23;8;8019;;3;2;No inventariada;;14;6;2;1;;1;5;1;1;;999;998
4;6;23;8;8019;;3;2;No inventariada;;14;2;2;1;;1;5;1;1;;999;998
4;7;6;8;8019;;3;2;No inventariada;;14;20;1;999;;1;5;1;1;;999;998
4;7;12;8;8019;;3;2;No inventariada;;14;9;1;999;;1;1;1;1;;999;998
4;5;16;8;8019;;3;2;No inventariada;;14;20;1;999;;1;1;1;1;;999;998
4;7;13;8;8019;;1;1;B-20;13;14;20;1;999;;1;5;1;1;;999;4
4;7;13;8;8019;;3;2;No inventariada;;14;20;1;999;;1;1;1;1;;999;998
4;7;16;8;8019;;3;2;No inventariada;;14;20;2;1;;1;1;1;1;;999;998
4;7;16;8;8019;;1;1;B-20;5,8;14;20;1;999;;1;1;1;1;;999;4
4;7;16;8;8019;;3;2;No inventariada;;14;2;1;999;;1;1;1;1;;999;998
4;7;22;8;8019;;3;2;No inventariada;;14;2;2;1;;1;5;1;1;;999;998
4;7;16;8;8019;;3;2;No inventariada;;14;7;1;999;;1;1;1;1;;999;998
4;7;23;8;8019;;3;2;No inventariada;;14;20;1;999;;1;5;1;1;;999;998
4;1;0;8;8019;;3;2;No inventariada;;14;20;2;1;;1;5;1;1;;999;998
4;1;5;8;8019;;3;2;No inventariada;;14;2;2;2;;3;5;1;1;;999;998
4;7;23;8;8019;;3;2;No inventariada;;14;9;1;999;;3;5;3;1;;999;998
4;3;14;8;8019;;3;2;No inventariada;;14;9;1;999;;1;1;1;1;;999;998
4;1;7;8;8019;;1;1;B-20;14,5;14;20;1;999;;3;1;3;1;;999;4
4;1;8;8;8019;;3;2;No inventariada;;14;7;1;999;;3;1;1;1;;999;998
4;1;11;8;8019;;3;2;No inventariada;;14;20;1;999;;3;1;1;1;;999;998
4;1;6;8;8019;;1;1;B-20;8,1;14;20;1;999;;3;2;3;1;;999;4
4;1;11;8;8019;;3;2;No inventariada;;14;7;2;1;;1;1;1;1;;999;998
4;1;9;8;8019;;3;2;No inventariada;;14;20;2;4;;3;1;3;1;;999;998
4;1;13;8;8019;;3;2;No inventariada;;14;7;1;999;;1;1;1;1;;999;998
4;1;17;8;8019;;1;1;B-10;6,4;14;9;1;999;;3;1;1;1;;999;4
4;2;2;8;8019;;3;2;No inventariada;;14;3;2;1;;1;5;1;1;;999;998
4;1;7;8;8019;;3;2;No inventariada;;14;9;2;1;;1;1;1;1;;999;998
4;2;6;8;8019;;3;2;No inventariada;;14;2;2;2;;1;5;1;1;;999;998
4;2;9;8;8019;;3;2;No inventariada;;14;2;2;1;;1;1;1;1;;999;998
4;2;7;8;8019;;3;2;No inventariada;;14;7;2;1;;1;1;1;1;;999;998
4;4;8;8;8019;;3;2;No inventariada;;14;2;2;1;;1;1;1;1;;999;998
4;2;12;8;8019;;3;2;No inventariada;;14;7;2;1;;1;1;1;1;;1;998
4;2;12;8;8019;;3;2;No inventariada;;14;2;2;1;;1;1;1;1;;999;998
4;2;7;8;8019;;3;2;No inventariada;;14;20;2;1;;1;1;1;1;;999;998
4;2;11;8;8019;;3;2;No inventariada;;14;20;1;999;;1;1;1;1;;999;998
4;2;14;8;8019;;3;2;No inventariada;;14;3;1;999;;1;1;1;1;;999;998
4;2;13;8;8019;;3;2;No inventariada;;14;3;1;999;;1;1;1;1;;999;998
4;2;15;8;8019;;3;2;No inventariada;;14;3;1;999;;1;1;1;1;;999;998
4;2;20;8;8019;;1;1;B-20;5,1;14;6;1;999;;1;5;1;1;;999;4
4;2;19;8;8019;;3;2;No inventariada;;14;3;1;999;;1;1;1;1;;999;998
4;2;18;8;8019;;3;2;No inventariada;;14;1;1;999;;1;1;1;1;;999;998
4;2;16;8;8019;;3;2;No inventariada;;14;2;2;1;;1;1;1;1;;999;998
4;2;18;8;8019;;3;2;No inventariada;;14;3;1;999;;1;1;1;1;;999;998
4;3;6;8;8019;;3;2;No inventariada;;14;9;1;999;;1;5;1;1;;999;998
4;2;14;8;8019;;3;2;No inventariada;;14;2;2;1;;1;1;1;1;;999;998
4;3;8;8;8019;;3;2;No inventariada;;14;3;2;1;;1;1;1;1;;999;998
4;2;21;8;8019;;3;2;No inventariada;;14;2;2;1;;1;5;1;1;;1;998
4;2;17;8;8019;;3;2;No inventariada;;14;20;1;999;;1;1;1;1;;999;998
4;3;12;8;8019;;3;2;No inventariada;;14;3;2;2;;1;1;1;1;;999;998
4;2;13;8;8019;;3;2;No inventariada;;14;3;1;999;;1;1;1;1;;999;998
4;3;12;8;8019;;3;2;No inventariada;;14;3;2;1;;1;1;1;1;;999;998
4;3;14;8;8019;;3;2;No inventariada;;14;20;1;999;;1;1;1;1;;999;998
4;3;14;8;8019;;3;2;No inventariada;;14;20;2;4;;1;1;1;1;;999;998
4;3;15;8;8019;;1;1;B-20;7;14;20;1;999;;1;5;1;1;;999;4
4;3;8;8;8019;;3;2;No inventariada;;14;20;1;999;;1;1;1;1;;999;998
4;3;20;8;8019;;1;1;B-10;7,7;14;20;1;999;;1;5;1;1;;999;4
4;3;16;8;8019;;3;2;No inventariada;;14;2;2;2;;1;1;1;1;;999;998
4;4;6;8;8019;;3;2;No inventariada;;14;2;2;1;;1;5;1;1;;999;998
4;3;21;8;8019;;3;2;No inventariada;;14;3;2;1;;1;5;1;1;;999;998
4;1;9;8;8019;;3;2;No inventariada;;14;20;1;999;;3;1;3;1;;999;998
4;4;12;8;8019;;3;2;No inventariada;;14;2;2;1;;1;1;1;1;;999;998
4;4;13;8;8019;;3;2;No inventariada;;14;2;2;1;;1;1;1;1;;999;998
4;4;16;8;8019;;3;2;No inventariada;;14;3;1;999;;1;1;1;1;;999;998
4;4;16;8;8019;;3;2;No inventariada;;14;7;2;1;;1;1;1;1;;999;998
4;4;14;8;8019;;3;2;No inventariada;;14;3;1;999;;1;1;1;1;;999;998
4;4;14;8;8019;;3;2;No inventariada;;14;3;2;1;;1;1;1;1;;999;998
4;4;15;8;8019;;3;2;No inventariada;;14;20;1;999;;1;1;1;1;;999;998
4;4;20;8;8019;;3;2;No inventariada;;14;3;2;1;;1;5;1;1;;999;998
4;5;0;8;8019;;3;2;No inventariada;;14;2;2;1;;3;5;3;1;;999;998
4;5;8;8;8019;;3;2;No inventariada;;14;9;1;999;;1;1;1;1;;999;998
3;4;14;8;8019;;3;2;No inventariada;;14;7;2;1;;1;1;1;1;;999;998
4;5;8;8;8019;;3;2;No inventariada;;14;20;1;999;;1;1;1;1;;999;998
4;5;12;8;8019;;3;2;No inventariada;;14;7;1;999;;1;1;1;1;;999;998
4;5;8;8;8019;;3;2;No inventariada;;14;7;1;999;;1;1;1;1;;999;998
4;4;15;8;8019;;3;2;No inventariada;;14;9;2;1;;1;1;1;1;;999;998
4;4;17;8;8019;;3;2;No inventariada;;14;7;2;1;;1;1;1;1;;999;998
4;1;7;8;8019;;3;2;No inventariada;;14;20;1;999;;3;1;3;1;;999;998
4;5;16;8;8019;;3;2;No inventariada;;14;20;1;999;;1;1;1;1;;999;998
4;5;16;8;8019;;3;2;No inventariada;;14;7;2;1;;1;1;1;1;;999;998
4;5;13;8;8019;;3;2;No inventariada;;14;7;1;999;;1;1;1;1;;999;998
4;5;13;8;8019;;3;2;No inventariada;;14;20;1;999;;1;1;1;1;;999;998
4;5;16;8;8019;;3;2;No inventariada;;14;7;2;1;;1;1;1;1;;999;998
4;5;23;8;8019;;3;2;No inventariada;;14;3;1;999;;1;5;1;1;;999;998
4;5;13;8;8019;;3;2;No inventariada;;14;20;1;999;;1;1;1;1;;999;998
4;5;21;8;8019;;3;2;No inventariada;;14;3;2;1;;1;5;1;1;;999;998
4;6;11;8;8019;;3;2;No inventariada;;14;7;1;999;;1;1;1;1;;999;998
4;6;13;8;8019;;3;2;No inventariada;;14;9;1;999;;1;1;1;1;;999;998
4;6;12;8;8019;;3;2;No inventariada;;14;9;1;999;;3;5;1;1;;999;998
4;6;14;8;8019;;3;2;No inventariada;;14;7;1;999;;1;1;1;1;;999;998
4;6;18;8;8019;;3;2;No inventariada;;14;19;2;2;;1;1;1;1;;999;998
4;6;17;8;8019;;3;2;No inventariada;;14;7;1;999;;1;1;1;1;;1;998
4;6;20;8;8019;;3;2;No inventariada;;14;20;1;999;;1;5;1;1;;999;998
4;7;1;8;8019;;3;2;No inventariada;;14;20;1;999;;3;5;1;1;;999;998
4;7;4;8;8019;;3;2;No inventariada;;14;3;2;2;;3;5;1;1;;999;998
4;6;21;8;8019;;3;2;No inventariada;;14;20;2;2;;3;5;1;1;;999;998
4;6;22;8;8019;;3;2;No inventariada;;14;1;2;1;;1;5;1;1;;999;998
4;7;12;8;8019;;3;2;No inventariada;;14;3;2;1;;1;1;1;1;;999;998
4;7;16;8;8019;;3;2;No inventariada;;14;2;2;1;;3;1;3;1;;999;998
4;7;15;8;8019;;3;2;No inventariada;;14;7;2;1;;1;1;1;1;;999;998
4;7;22;8;8019;;3;2;No inventariada;;14;2;2;1;;1;5;1;1;;999;998
4;1;3;8;8019;;1;1;B-20;10;14;6;1;999;;3;5;3;1;;999;4
4;1;7;8;8019;;3;2;No inventariada;;14;20;2;4;;3;1;3;1;;999;998
4;1;11;8;8019;;3;2;No inventariada;;14;7;2;1;;3;1;3;1;;999;998
4;1;13;8;8019;;3;2;No inventariada;;14;7;2;1;;3;1;4;1;;999;998
4;1;13;8;8019;;3;2;No inventariada;;14;20;2;1;;3;1;3;1;;999;998
4;1;16;8;8019;;3;2;No inventariada;;14;3;1;999;;3;1;1;1;;999;998
4;1;16;8;8019;;3;2;No inventariada;;14;2;2;1;;3;1;4;1;;999;998
4;1;20;8;8019;;3;2;No inventariada;;14;6;1;999;;3;1;1;1;;999;998
4;2;9;8;8019;;3;2;No inventariada;;14;20;1;999;;1;1;1;1;;999;998
4;2;11;8;8019;;3;2;No inventariada;;14;3;2;1;;3;1;3;1;;999;998
4;2;14;8;8019;;3;2;No inventariada;;14;20;2;1;;1;1;1;1;;999;998
4;2;16;8;8019;;3;2;No inventariada;;14;3;1;999;;1;1;1;1;;999;998
4;2;14;8;8019;;1;1;B-20;14;14;20;1;999;;3;5;3;1;;999;4
4;2;18;8;8019;;3;2;No inventariada;;14;3;1;999;;1;1;1;1;;999;998
4;2;21;8;8019;;3;2;No inventariada;;14;2;2;1;;1;5;1;1;;999;998
4;2;23;8;8019;;3;2;No inventariada;;14;7;2;1;;1;5;1;1;;999;998
4;2;19;8;8019;;3;2;No inventariada;;14;7;1;999;;1;5;1;1;;1;998
5;3;10;8;8019;;3;2;No inventariada;;14;3;1;999;;1;1;1;1;;999;998
5;3;14;8;8019;;3;2;No inventariada;;14;9;2;1;;1;1;1;1;;999;998
5;3;13;8;8019;;3;2;No inventariada;;14;20;2;2;;1;1;1;1;;999;998
5;3;14;8;8019;;3;2;No inventariada;;14;20;2;1;;1;1;1;1;;999;998
5;3;13;8;8019;;3;2;No inventariada;;14;2;2;1;;1;1;1;1;;999;998
5;3;19;8;8019;;3;2;No inventariada;;14;3;2;1;;1;1;1;1;;999;998
5;3;22;8;8019;;3;2;No inventariada;;14;6;1;999;;1;5;1;1;;999;998
5;4;5;8;8019;;3;2;No inventariada;;14;20;1;999;;1;5;1;1;;999;998
5;4;7;8;8019;;3;2;No inventariada;;14;20;1;999;;1;1;1;1;;999;998
5;4;9;8;8019;;3;2;No inventariada;;14;3;2;2;;1;1;1;1;;999;998
5;4;9;8;8019;;3;2;No inventariada;;14;9;1;999;;1;1;1;1;;999;998
5;3;12;8;8019;;3;2;No inventariada;;14;3;2;1;;1;1;1;1;;999;998
5;4;11;8;8019;;3;2;No inventariada;;14;20;2;1;;1;1;1;1;;999;998
5;3;22;8;8019;;3;2;No inventariada;;14;3;1;999;;1;5;1;1;;999;998
5;4;8;8;8019;;3;2;No inventariada;;14;9;1;999;;3;1;1;1;;999;998
5;4;15;8;8019;;3;2;No inventariada;;14;3;2;1;;1;1;1;1;;999;998
5;4;15;8;8019;;3;2;No inventariada;;14;3;2;1;;1;1;1;1;;999;998
5;4;13;8;8019;;1;1;B-20;10;14;3;1;999;;1;5;1;1;;999;4
5;4;15;8;8019;;3;2;No inventariada;;14;7;2;1;;1;1;1;1;;999;998
5;4;13;8;8019;;3;2;No inventariada;;14;3;2;1;;1;1;1;1;;999;998
5;4;15;8;8019;;1;1;B-20;8,3;14;20;1;999;;1;5;1;1;;999;4
5;5;0;8;8019;;3;2;No inventariada;;14;3;1;999;;1;5;1;1;;999;998
5;4;18;8;8019;;3;2;No inventariada;;14;20;1;999;;1;1;1;1;;999;998
4;3;13;8;8019;;3;2;No inventariada;;14;2;2;1;;1;1;1;1;;999;998
5;5;9;8;8019;;3;2;No inventariada;;14;7;1;999;;1;1;1;1;;999;998
5;5;8;8;8019;;1;1;B-20;13,9;14;20;1;999;;1;1;1;1;;999;4
5;5;9;8;8019;;3;2;No inventariada;;14;20;1;999;;1;1;1;1;;999;998
5;5;14;8;8019;;3;2;No inventariada;;14;7;1;999;;1;1;1;1;;1;998
5;5;13;8;8019;;1;1;B-20;8;14;20;1;999;;1;1;1;1;;999;4
5;5;12;8;8019;;3;2;No inventariada;;14;20;1;999;;1;1;1;1;;999;998
5;5;21;8;8019;;3;2;No inventariada;;14;3;1;999;;1;5;1;1;;999;998
5;5;14;8;8019;;3;2;No inventariada;;14;20;1;999;;1;1;1;1;;999;998
5;5;19;8;8019;;3;2;No inventariada;;14;3;1;999;;1;1;1;1;;999;998
5;5;23;8;8019;;3;2;No inventariada;;14;3;1;999;;1;5;1;1;;999;998
5;5;17;8;8019;;3;2;No inventariada;;14;20;2;1;;1;1;1;1;;999;998
5;5;19;8;8019;;3;2;No inventariada;;14;20;1;999;;1;1;1;1;;999;998
5;6;5;8;8019;;3;2;No inventariada;;14;2;2;1;;1;5;1;1;;999;998
5;5;21;8;8019;;3;2;No inventariada;;14;2;2;1;;1;5;1;1;;999;998
5;6;11;8;8019;;1;1;B-10;0,5;14;3;1;999;;1;1;1;1;;999;4
5;5;13;8;8019;;3;2;No inventariada;;14;20;1;999;;1;1;1;1;;999;998
5;6;19;8;8019;;3;2;No inventariada;;14;6;1;999;;1;1;1;1;;999;998
5;6;13;8;8019;;3;2;No inventariada;;14;3;2;1;;1;1;1;1;;999;998
5;7;11;8;8019;;3;2;No inventariada;;14;3;1;999;;1;1;1;1;;999;998
5;6;18;8;8019;;3;2;No inventariada;;14;20;1;999;;1;1;1;1;;999;998
5;6;23;8;8019;;3;2;No inventariada;;14;6;1;999;;1;5;1;1;;999;998
5;6;16;8;8019;;3;2;No inventariada;;14;20;1;999;;1;1;1;1;;999;998
5;6;14;8;8019;;3;2;No inventariada;;14;3;2;1;;1;1;1;1;;999;998
5;6;16;8;8019;;3;2;No inventariada;;14;2;2;1;;1;1;1;1;;999;998
5;7;16;8;8019;;3;2;No inventariada;;14;2;1;999;;1;1;1;1;;999;998
5;7;16;8;8019;;3;2;No inventariada;;14;3;1;999;;1;1;1;1;;999;998
5;7;20;8;8019;;3;2;No inventariada;;14;20;1;999;;1;5;1;1;;999;998
5;7;16;8;8019;;3;2;No inventariada;;14;20;1;999;;1;1;1;1;;999;998
5;7;20;8;8019;;3;2;No inventariada;;14;7;2;2;;1;5;1;1;;999;998
5;1;7;8;8019;;1;1;B-20;9,1;14;3;1;999;;1;1;1;1;;999;4
5;1;8;8;8019;;3;2;No inventariada;;14;20;1;999;;1;1;1;1;;999;998
5;1;8;8;8019;;3;2;No inventariada;;14;3;1;999;;1;1;1;1;;999;998
5;1;11;8;8019;;3;2;No inventariada;;14;20;1;999;;1;1;1;1;;999;998
5;7;21;8;8019;;3;2;No inventariada;;14;7;2;1;;1;1;1;1;;999;998
5;1;11;8;8019;;3;2;No inventariada;;14;20;1;999;;1;1;1;1;;999;998
5;1;17;8;8019;;3;2;No inventariada;;14;2;2;1;;1;1;1;1;;999;998
5;1;16;8;8019;;3;2;No inventariada;;14;20;2;1;;1;1;1;1;;999;998
5;1;17;8;8019;;1;1;B-10;15,9;3;20;1;999;;1;1;1;1;;999;4
5;1;10;8;8019;;3;2;No inventariada;;14;2;1;999;;1;1;1;1;;999;998
5;1;12;8;8019;;3;2;No inventariada;;14;3;2;1;;1;1;1;1;;999;998
5;1;12;8;8019;;3;2;No inventariada;;14;20;1;999;;1;1;1;1;;999;998
5;1;18;8;8019;;1;1;B-20;11;14;20;1;999;;1;1;1;1;;999;4