MES;DIA_SEMANA;HORA;COD_PROVINCIA;COD_MUNICIPIO;ISLA;ZONA;ZONA_AGRUPADA;CARRETERA;KM;TIPO_VIA;TIPO_ACCIDENTE;NUDO;NUDO_INFO;CARRETERA_CRUCE;CONDICION_FIRME;CONDICION_ILUMINACION;CONDICION_METEO;CONDICION_NIEBLA;CONDICION_VIENTO;VISIB_RESTRINGIDA_POR;TRAZADO_PLANTA
5;6;15;8;8019;;3;2;No inventariada;;14;20;1;999;;1;1;1;1;;999;998
5;2;10;8;8019;;3;2;No inventariada;;14;20;1;999;;1;1;1;1;;999;998
5;2;7;8;8019;;1;1;B-10;0,1;14;20;1;999;;1;1;1;1;;999;4
5;1;16;8;8019;;3;2;No inventariada;;14;3;2;2;;1;1;1;1;;999;998
5;1;14;8;8019;;3;2;No inventariada;;14;9;1;999;;8;1;1;1;;999;998
5;2;11;8;8019;;3;2;No inventariada;;14;2;2;1;;1;1;1;1;;999;998
5;2;11;8;8019;;3;2;No inventariada;;14;2;1;999;;1;1;1;1;;999;998
5;2;10;8;8019;;3;2;No inventariada;;14;3;1;999;;1;1;1;1;;999;998
5;2;11;8;8019;;3;2;No inventariada;;14;20;1;999;;1;1;1;1;;999;998
5;2;10;8;8019;;3;2;No inventariada;;14;3;2;1;;1;1;1;1;;999;998
5;2;15;8;8019;;1;1;B-20;10;14;3;1;999;;1;1;1;1;;999;4
5;2;16;8;8019;;1;1;B-20;15;14;3;1;999;;1;1;1;1;;999;4
5;3;8;8;8019;;3;2;No inventariada;;14;3;2;2;;1;1;1;1;;999;998
5;2;13;8;8019;;3;2;No inventariada;;14;3;1;999;;1;1;1;1;;999;998
5;7;0;8;8019;;3;2;No inventariada;;14;20;1;999;;1;5;1;1;;999;998
5;2;18;8;8019;;3;2;No inventariada;;14;7;1;999;;1;1;1;1;;1;998
5;2;15;8;8019;;3;2;No inventariada;;14;9;2;1;;1;1;1;1;;999;998
5;2;14;8;8019;;3;2;No inventariada;;14;20;1;999;;1;1;1;1;;999;998
5;3;9;8;8019;;3;2;No inventariada;;14;20;1;999;;1;1;1;1;;999;998
5;3;14;8;8019;;3;2;No inventariada;;14;20;1;999;;1;1;1;1;;999;998
5;2;18;8;8019;;1;1;B-20;9;14;20;1;999;;1;5;1;1;;999;4
5;2;8;8;8019;;3;2;No inventariada;;14;2;2;1;;1;1;1;1;;999;998
5;2;8;8;8019;;3;2;No inventariada;;14;3;1;999;;1;1;1;1;;999;998
5;3;16;8;8019;;3;2;No inventariada;;14;7;1;999;;1;1;1;1;;999;998
5;3;12;8;8019;;3;2;No inventariada;;14;20;1;999;;1;1;1;1;;999;998
5;3;21;8;8019;;3;2;No inventariada;;14;3;2;1;;1;5;1;1;;999;998
5;2;17;8;8019;;3;2;No inventariada;;14;3;2;2;;1;1;1;1;;999;998
5;3;9;8;8019;;3;2;No inventariada;;14;20;2;1;;1;1;1;1;;999;998
5;3;10;8;8019;;1;1;B-20;12;14;20;1;999;;1;1;1;1;;999;4
5;4;18;8;8019;;3;2;No inventariada;;14;9;1;999;;1;1;1;1;;999;998
5;3;9;8;8019;;3;2;No inventariada;;14;7;1;999;;1;1;1;1;;999;998
5;4;7;8;8019;;3;2;No inventariada;;14;20;1;999;;1;1;1;1;;999;998
5;4;12;8;8019;;3;2;No inventariada;;14;20;1;999;;1;1;1;1;;999;998
5;4;19;8;8019;;3;2;No inventariada;;14;20;1;999;;1;1;1;1;;999;998
5;3;18;8;8019;;3;2;No inventariada;;14;6;1;999;;1;1;1;1;;999;998
5;4;21;8;8019;;3;2;No inventariada;;14;9;2;1;;1;5;1;1;;999;998
5;5;7;8;8019;;3;2;No inventariada;;14;2;2;2;;1;1;1;1;;999;998
5;3;16;8;8019;;3;2;No inventariada;;14;2;1;999;;1;1;1;1;;999;998
5;3;16;8;8019;;3;2;No inventariada;;14;1;2;1;;1;1;1;1;;999;998
5;4;8;8;8019;;3;2;No inventariada;;14;7;1;999;;1;1;1;1;;999;998
5;5;9;8;8019;;3;2;No inventariada;;14;20;2;1;;1;1;1;1;;999;998
5;2;18;8;8019;;3;2;No inventariada;;14;20;1;999;;1;1;1;1;;999;998
5;3;14;8;8019;;3;2;No inventariada;;14;9;1;999;;1;1;1;1;;999;998
5;3;15;8;8019;;3;2;No inventariada;;14;1;2;1;;1;1;1;1;;999;998
5;4;7;8;8019;;3;2;No inventariada;;14;3;1;999;;1;1;1;1;;999;998
5;4;11;8;8019;;3;2;No inventariada;;14;2;2;1;;1;1;1;1;;999;998
5;4;9;8;8019;;3;2;No inventariada;;14;2;2;1;;1;1;1;1;;1;998
5;4;8;8;8019;;3;2;No inventariada;;14;3;2;1;;1;1;1;1;;999;998
5;4;18;8;8019;;3;2;No inventariada;;14;2;2;1;;1;1;1;1;;999;998
5;4;16;8;8019;;3;2;No inventariada;;14;1;1;999;;1;1;1;1;;999;998
5;4;14;8;8019;;3;2;No inventariada;;14;20;1;999;;1;1;1;1;;999;998
5;5;23;8;8019;;3;2;No inventariada;;14;6;2;1;;1;5;1;1;;999;998
5;5;8;8;8019;;1;1;B-10;6,3;14;3;1;999;;1;1;1;1;;999;4
5;4;15;8;8019;;1;1;B-20;4,9;14;20;1;999;;1;1;1;1;;999;4
5;5;11;8;8019;;3;2;No inventariada;;14;20;1;999;;1;1;1;1;;999;998
5;6;10;8;8019;;3;2;No inventariada;;14;20;1;999;;1;1;1;1;;999;998
5;5;11;8;8019;;3;2;No inventariada;;14;20;2;2;;1;1;1;1;;999;998
5;5;10;8;8019;;3;2;No inventariada;;14;20;2;2;;1;1;1;1;;999;998
5;4;23;8;8019;;3;2;No inventariada;;14;3;2;1;;1;5;1;1;;999;998
5;5;19;8;8019;;3;2;No inventariada;;14;20;1;999;;1;1;1;1;;999;998
5;6;15;8;8019;;3;2;No inventariada;;14;3;1;999;;1;1;1;1;;999;998
5;5;19;8;8019;;3;2;No inventariada;;14;2;2;1;;1;1;1;1;;999;998
5;5;16;8;8019;;3;2;No inventariada;;14;2;2;1;;1;1;1;1;;999;998
5;6;18;8;8019;;3;2;No inventariada;;14;20;2;2;;1;1;1;1;;999;998
5;6;15;8;8019;;3;2;No inventariada;;14;20;1;999;;1;1;1;1;;999;998
5;5;14;8;8019;;3;2;No inventariada;;14;1;1;999;;1;1;1;1;;999;998
5;6;14;8;8019;;3;2;No inventariada;;14;4;1;999;;1;1;1;1;;1;998
5;7;0;8;8019;;3;2;No inventariada;;14;2;2;1;;1;5;1;1;;999;998
5;6;13;8;8019;;3;2;No inventariada;;14;2;1;999;;1;1;1;1;;999;998
5;7;13;8;8019;;3;2;No inventariada;;14;20;1;999;;1;1;1;1;;999;998
5;7;12;8;8019;;3;2;No inventariada;;14;2;2;2;;1;1;1;1;;999;998
5;7;10;8;8019;;3;2;No inventariada;;14;20;1;999;;1;1;1;1;;999;998
5;7;15;8;8019;;3;2;No inventariada;;14;20;1;999;;1;1;1;1;;999;998
5;5;13;8;8019;;1;1;B-10;8;14;20;1;999;;1;1;1;1;;999;4
5;5;14;8;8019;;3;2;No inventariada;;14;3;1;999;;1;1;1;1;;999;998
5;5;16;8;8019;;1;1;B-10;0;14;3;1;999;;1;1;1;1;;999;4
5;7;17;8;8019;;3;2;No inventariada;;14;3;2;1;;1;1;1;1;;999;998
5;7;15;8;8019;;3;2;No inventariada;;14;20;1;999;;1;1;1;1;;999;998
5;7;14;8;8019;;3;2;No inventariada;;14;3;2;4;;1;1;1;1;;999;998
5;6;12;8;8019;;3;2;No inventariada;;14;2;2;1;;1;1;1;1;;999;998
5;7;15;8;8019;;3;2;No inventariada;;14;7;1;999;;1;1;1;1;;999;998
5;1;14;8;8019;;3;2;No inventariada;;14;7;1;999;;1;1;1;1;;999;998
5;1;18;8;8019;;3;2;No inventariada;;14;3;1;999;;1;1;1;1;;999;998
5;1;15;8;8019;;1;1;C-31;207;2;3;1;999;;1;1;1;1;;999;4
5;1;13;8;8019;;3;2;No inventariada;;14;3;1;999;;1;1;1;1;;999;998
5;1;22;8;8019;;3;2;No inventariada;;14;20;1;999;;1;5;1;1;;999;998
5;1;22;8;8019;;3;2;No inventariada;;14;2;2;1;;1;5;1;1;;999;998
5;2;7;8;8019;;3;2;No inventariada;;14;9;1;999;;3;1;3;1;;999;998
5;2;9;8;8019;;3;2;No inventariada;;14;1;1;999;;3;1;1;1;;999;998
5;5;14;8;8019;;3;2;No inventariada;;14;7;1;999;;1;1;1;1;;999;998
5;2;14;8;8019;;1;1;B-10;5,2;14;20;1;999;;3;1;3;1;;999;4
5;2;13;8;8019;;3;2;No inventariada;;14;20;1;999;;3;1;1;1;;999;998
5;2;18;8;8019;;3;2;No inventariada;;14;20;1;999;;1;1;1;1;;999;998
5;2;19;8;8019;;3;2;No inventariada;;14;20;1;999;;1;1;1;1;;999;998
5;3;9;8;8019;;3;2;No inventariada;;14;20;1;999;;3;1;1;1;;999;998
5;3;18;8;8019;;3;2;No inventariada;;14;3;1;999;;1;1;1;1;;999;998
5;3;18;8;8019;;3;2;No inventariada;;14;20;1;999;;1;1;1;1;;999;998
5;3;19;8;8019;;1;1;B-20;12,2;14;20;1;999;;1;1;1;1;;999;4
5;4;8;8;8019;;3;2;No inventariada;;14;3;1;999;;1;1;1;1;;999;998
5;4;22;8;8019;;3;2;No inventariada;;14;3;2;1;;1;5;1;1;;999;998
5;4;23;8;8019;;3;2;No inventariada;;14;20;1;999;;1;5;1;1;;999;998
5;5;5;8;8019;;1;1;B-10;6,1;14;6;1;999;;1;5;1;1;;999;4
5;4;16;8;8019;;3;2;No inventariada;;14;2;2;1;;1;1;1;1;;999;998
5;4;18;8;8019;;3;2;No inventariada;;14;3;1;999;;1;1;1;1;;1;998
5;4;17;8;8019;;3;2;No inventariada;;14;20;2;2;;1;1;1;1;;999;998
5;4;18;8;8019;;3;2;No inventariada;;14;2;2;2;;1;1;1;1;;999;998
5;5;12;8;8019;;3;2;No inventariada;;14;7;1;999;;1;1;1;1;;999;998
5;5;15;8;8019;;3;2;No inventariada;;14;2;2;1;;1;1;1;1;;999;998
5;5;15;8;8019;;3;2;No inventariada;;14;2;2;2;;1;1;1;1;;999;998
5;5;21;8;8019;;3;2;No inventariada;;14;3;2;1;;1;5;1;1;;999;998
5;5;18;8;8019;;1;1;B-20;16,5;14;6;1;999;;1;1;1;1;;999;4
5;6;13;8;8019;;3;2;No inventariada;;14;7;1;999;;1;1;1;1;;999;998
3;3;6;8;8019;;3;2;No inventariada;;14;3;1;999;;1;1;1;1;;999;998
5;6;18;8;8019;;3;2;No inventariada;;14;7;1;999;;1;1;1;1;;999;998
5;6;19;8;8019;;3;2;No inventariada;;14;20;2;1;;1;2;1;1;;999;998
5;6;9;8;8019;;3;2;No inventariada;;14;20;1;999;;3;1;3;1;;999;998
5;6;19;8;8019;;3;2;No inventariada;;14;2;2;1;;1;1;1;1;;999;998
5;6;20;8;8019;;3;2;No inventariada;;14;6;1;999;;1;1;1;1;;999;998
5;6;11;8;8019;;3;2;No inventariada;;14;20;2;1;;1;1;1;1;;999;998
5;6;20;8;8019;;3;2;No inventariada;;14;3;1;999;;1;1;1;1;;999;998
5;6;20;8;8019;;3;2;No inventariada;;14;2;2;4;;1;1;1;1;;999;998
3;3;7;8;8019;;3;2;No inventariada;;14;3;1;999;;1;1;1;1;;999;998
3;3;13;8;8019;;3;2;No inventariada;;14;7;2;1;;1;1;1;1;;999;998
3;5;20;8;8019;;3;2;No inventariada;;14;3;2;1;;1;5;1;1;;999;998
3;6;0;8;8019;;3;2;No inventariada;;14;20;2;1;;1;5;1;1;;999;998
3;7;20;8;8019;;3;2;No inventariada;;14;9;1;999;;1;5;1;1;;999;998
3;7;17;8;8019;;3;2;No inventariada;;14;20;1;999;;1;1;1;1;;999;998
3;1;20;8;8019;;3;2;No inventariada;;14;20;2;1;;3;5;3;1;;999;998
3;2;3;8;8019;;3;2;No inventariada;;14;2;2;2;;3;5;3;1;;999;998
3;3;13;8;8019;;3;2;No inventariada;;14;20;1;999;;1;1;1;1;;999;998
3;3;22;8;8019;;3;2;No inventariada;;14;2;2;2;;1;5;1;1;;999;998
3;4;16;8;8019;;3;2;No inventariada;;14;20;1;999;;1;1;1;1;;999;998
4;4;14;8;8019;;3;2;No inventariada;;14;20;1;999;;1;1;1;1;;999;998
3;7;21;8;8019;;3;2;No inventariada;;14;3;2;1;;1;5;1;1;;999;998
4;1;10;8;8019;;3;2;No inventariada;;14;2;2;1;;1;1;1;1;;999;998
4;2;8;8;8019;;3;2;No inventariada;;14;3;1;999;;1;1;1;1;;999;998
4;2;19;8;8019;;3;2;No inventariada;;14;20;2;1;;1;1;1;1;;999;998
4;2;18;8;8019;;3;2;No inventariada;;14;7;1;999;;1;1;1;1;;999;998
4;3;8;8;8019;;3;2;No inventariada;;14;20;1;999;;1;1;1;1;;999;998
4;3;11;8;8019;;3;2;No inventariada;;14;20;1;999;;1;1;1;1;;999;998
4;4;8;8;8019;;3;2;No inventariada;;14;3;1;999;;1;1;1;1;;999;998
4;4;8;8;8019;;3;2;No inventariada;;14;3;1;999;;1;1;1;1;;999;998
4;4;9;8;8019;;3;2;No inventariada;;14;3;2;2;;1;1;1;1;;999;998
4;4;12;8;8019;;3;2;No inventariada;;14;2;1;999;;1;1;1;1;;999;998
4;4;22;8;8019;;3;2;No inventariada;;14;20;1;999;;1;5;1;1;;999;998
4;4;18;8;8019;;3;2;No inventariada;;14;3;2;1;;1;1;1;1;;999;998
4;4;18;8;8019;;3;2;No inventariada;;14;20;1;999;;1;1;1;1;;999;998
4;5;22;8;8019;;3;2;No inventariada;;14;8;1;999;;1;5;1;1;;999;998
4;6;19;8;8019;;3;2;No inventariada;;14;3;2;1;;1;1;1;1;;999;998
4;7;19;8;8019;;3;2;No inventariada;;14;1;2;1;;1;1;1;1;;999;998
4;1;6;8;8019;;3;2;No inventariada;;14;2;2;1;;1;2;1;1;;999;998
4;1;8;8;8019;;3;2;No inventariada;;14;1;2;1;;1;1;1;1;;999;998
4;1;11;8;8019;;3;2;No inventariada;;14;20;2;1;;1;1;1;1;;999;998
4;1;11;8;8019;;3;2;No inventariada;;14;3;2;1;;1;1;1;1;;999;998
4;2;17;8;8019;;3;2;No inventariada;;14;7;1;999;;1;1;1;1;;999;998
4;2;18;8;8019;;3;2;No inventariada;;14;7;2;1;;1;1;1;1;;999;998
4;2;20;8;8019;;3;2;No inventariada;;14;20;1;999;;1;5;1;1;;999;998
4;3;0;8;8019;;3;2;No inventariada;;14;2;1;999;;1;5;1;1;;999;998
4;3;8;8;8019;;3;2;No inventariada;;14;7;1;999;;1;1;1;1;;999;998
4;2;17;8;8019;;3;2;No inventariada;;14;20;2;4;;1;1;1;1;;999;998
4;3;11;8;8019;;3;2;No inventariada;;14;7;2;2;;1;1;1;1;;999;998
4;3;12;8;8019;;3;2;No inventariada;;14;20;2;1;;1;1;1;1;;999;998
4;3;13;8;8019;;3;2;No inventariada;;14;2;2;1;;1;1;1;1;;999;998
4;3;18;8;8019;;3;2;No inventariada;;14;2;1;999;;1;1;1;1;;999;998
4;3;16;8;8019;;3;2;No inventariada;;14;3;2;1;;1;1;1;1;;999;998
4;4;8;8;8019;;1;1;B-20;11,6;14;20;1;999;;1;1;1;1;;999;4
4;4;14;8;8019;;3;2;No inventariada;;14;2;1;999;;1;1;1;1;;999;998
4;4;19;8;8019;;3;2;No inventariada;;14;3;2;1;;1;1;1;1;;999;998
4;3;17;8;8019;;3;2;No inventariada;;14;2;2;1;;1;1;1;1;;999;998
4;5;13;8;8019;;3;2;No inventariada;;14;7;1;999;;1;1;1;1;;999;998
4;5;15;8;8019;;1;1;B-10;13,2;3;20;1;999;;1;1;1;1;;999;4
4;5;17;8;8019;;3;2;No inventariada;;14;3;1;999;;1;1;1;1;;999;998
4;5;20;8;8019;;3;2;No inventariada;;14;3;1;999;;1;1;1;1;;999;998
4;5;15;8;8019;;3;2;No inventariada;;14;3;2;1;;1;1;1;1;;999;998
4;6;10;8;8019;;1;1;C-31;208;2;20;1;999;;1;1;1;1;;999;4
4;6;21;8;8019;;3;2;No inventariada;;14;6;2;1;;1;1;1;1;;999;998
4;7;14;8;8019;;3;2;No inventariada;;14;3;1;999;;1;1;1;1;;999;998
4;1;9;8;8019;;3;2;No inventariada;;14;3;1;999;;1;1;1;1;;999;998
4;1;16;8;8019;;3;2;No inventariada;;14;3;2;1;;1;1;1;1;;10;998
4;1;20;8;8019;;3;2;No inventariada;;14;20;1;999;;1;5;1;1;;999;998
4;1;16;8;8019;;3;2;No inventariada;;14;2;2;1;;1;1;1;1;;999;998
4;2;8;8;8019;;3;2;No inventariada;;14;2;2;2;;1;1;1;1;;999;998
4;2;8;8;8019;;3;2;No inventariada;;14;3;1;999;;1;1;1;1;;999;998
4;2;9;8;8019;;3;2;No inventariada;;14;20;1;999;;1;1;1;1;;999;998
4;6;18;8;8019;;3;2;No inventariada;;14;20;2;1;;1;1;1;1;;999;998
4;2;17;8;8019;;3;2;No inventariada;;14;3;2;1;;1;1;1;1;;999;998
4;2;13;8;8019;;3;2;No inventariada;;14;2;1;999;;1;1;1;1;;999;998
4;2;20;8;8019;;3;2;No inventariada;;14;20;1;999;;1;5;1;1;;999;998
4;3;15;8;8019;;3;2;No inventariada;;14;3;2;1;;1;1;1;1;;999;998
4;2;19;8;8019;;3;2;No inventariada;;14;20;1;999;;1;1;1;1;;999;998
4;3;12;8;8019;;3;2;No inventariada;;14;20;2;2;;1;1;1;1;;999;998
4;3;19;8;8019;;3;2;No inventariada;;14;3;2;1;;1;1;1;1;;999;998
4;4;16;8;8019;;3;2;No inventariada;;14;9;1;999;;1;1;1;1;;999;998
4;4;17;8;8019;;3;2;No inventariada;;14;6;1;999;;1;1;1;1;;999;998
4;4;21;8;8019;;3;2;No inventariada;;14;9;1;999;;1;5;1;1;;999;998
4;5;6;8;8019;;1;1;B-20;15;14;20;1;999;;1;5;1;1;;999;4
4;4;10;8;8019;;3;2;No inventariada;;14;20;1;999;;1;1;1;1;;999;998
4;5;15;8;8019;;3;2;No inventariada;;14;3;2;2;;1;1;1;1;;999;998
4;5;17;8;8019;;3;2;No inventariada;;14;3;1;999;;1;1;1;1;;999;998
4;5;18;8;8019;;3;2;No inventariada;;14;20;2;1;;1;1;1;1;;999;998
4;5;12;8;8019;;3;2;No inventariada;;14;3;1;999;;1;5;1;1;;999;998
4;6;7;8;8019;;3;2;No inventariada;;14;20;1;999;;1;1;1;1;;999;998
4;6;16;8;8019;;1;1;B-10;9,7;14;20;1;999;;1;5;1;1;;999;4
4;7;0;8;8019;;3;2;No inventariada;;14;3;2;2;;1;5;1;1;;999;998
4;6;14;8;8019;;3;2;No inventariada;;14;2;2;4;;1;1;1;1;;999;998
4;5;21;8;8019;;3;2;No inventariada;;14;20;2;2;;1;5;1;1;;999;998
4;5;19;8;8019;;3;2;No inventariada;;14;20;1;999;;1;1;1;1;;999;998
4;3;17;8;8019;;3;2;No inventariada;;14;7;1;999;;1;1;1;1;;999;998
4;1;14;8;8019;;3;2;No inventariada;;14;20;1;999;;1;1;1;1;;999;998
4;1;20;8;8019;;3;2;No inventariada;;14;2;2;1;;3;1;1;1;;999;998
4;1;19;8;8019;;3;2;No inventariada;;14;7;2;1;;3;5;4;1;;999;998
4;1;20;8;8019;;3;2;No inventariada;;14;7;2;1;;3;2;3;1;;999;998
4;2;8;8;8019;;3;2;No inventariada;;14;20;1;999;;1;1;1;1;;999;998
4;2;12;8;8019;;3;2;No inventariada;;14;20;2;2;;1;1;1;1;;999;998
4;2;12;8;8019;;3;2;No inventariada;;14;20;1;999;;1;1;1;1;;999;998
4;2;14;8;8019;;3;2;No inventariada;;14;2;1;999;;1;1;1;1;;999;998
4;2;23;8;8019;;3;2;No inventariada;;14;9;2;1;;1;5;1;1;;999;998
4;4;8;8;8019;;3;2;No inventariada;;14;20;2;1;;1;1;1;1;;999;998
4;4;9;8;8019;;3;2;No inventariada;;14;3;2;1;;1;1;1;1;;999;998
4;4;15;8;8019;;3;2;No inventariada;;14;3;2;1;;1;1;1;1;;999;998
4;5;9;8;8019;;1;1;B-20;9,3;14;20;1;999;;1;1;1;1;;999;4
4;2;10;8;8019;;3;2;No inventariada;;14;3;2;4;;1;1;1;1;;999;998
4;5;8;8;8019;;3;2;No inventariada;;14;20;1;999;;1;1;1;1;;999;998
4;5;8;8;8019;;3;2;No inventariada;;14;9;2;1;;3;1;1;1;;999;998
4;5;22;8;8019;;3;2;No inventariada;;14;20;1;999;;1;5;1;1;;999;998
4;5;22;8;8019;;3;2;No inventariada;;14;20;1;999;;1;5;1;1;;999;998
4;4;16;8;8019;;3;2;No inventariada;;14;20;1;999;;1;1;1;1;;999;998
4;5;9;8;8019;;3;2;No inventariada;;14;3;2;1;;1;1;1;1;;999;998
4;5;22;8;8019;;3;2;No inventariada;;14;7;1;999;;1;5;1;1;;999;998
4;6;22;8;8019;;3;2;No inventariada;;14;7;2;1;;1;5;1;1;;999;998
4;7;15;8;8019;;3;2;No inventariada;;14;20;1;999;;3;1;1;1;;999;998
4;7;14;8;8019;;3;2;No inventariada;;14;7;1;999;;1;1;1;1;;999;998
4;4;17;8;8019;;3;2;No inventariada;;14;7;2;1;;1;1;1;1;;999;998
4;7;19;8;8019;;3;2;No inventariada;;14;20;2;1;;3;1;3;1;;999;998
4;1;8;8;8019;;3;2;No inventariada;;14;7;2;1;;3;1;3;1;;999;998
4;1;12;8;8019;;3;2;No inventariada;;14;7;1;999;;1;1;1;1;;999;998
4;2;10;8;8019;;1;1;B-20;12,5;14;4;1;999;;3;1;3;1;;1;4
4;2;19;8;8019;;3;2;No inventariada;;14;3;2;1;;1;1;1;1;;999;998
4;2;20;8;8019;;3;2;No inventariada;;14;2;2;1;;1;5;1;1;;999;998
5;3;0;8;8019;;3;2;No inventariada;;14;20;2;1;;1;5;1;1;;999;998
5;3;13;8;8019;;3;2;No inventariada;;14;4;1;999;;1;1;1;1;;1;998
5;4;5;8;8019;;3;2;No inventariada;;14;2;2;2;;1;5;1;1;;1;998
5;4;13;8;8019;;1;1;B-20;4,6;14;3;1;999;;1;1;1;1;;999;4
5;4;14;8;8019;;3;2;No inventariada;;14;2;2;1;;1;1;1;1;;999;998
5;4;13;8;8019;;3;2;No inventariada;;14;7;2;2;;1;1;1;1;;999;998
5;4;21;8;8019;;3;2;No inventariada;;14;20;2;2;;1;5;1;1;;999;998
5;4;16;8;8019;;3;2;No inventariada;;14;20;1;999;;1;1;1;1;;999;998
5;5;10;8;8019;;3;2;No inventariada;;14;2;2;1;;1;1;1;1;;999;998
5;5;13;8;8019;;3;2;No inventariada;;14;3;1;999;;1;1;1;1;;999;998
5;5;16;8;8019;;3;2;No inventariada;;14;20;1;999;;1;1;1;1;;999;998
5;5;17;8;8019;;3;2;No inventariada;;14;6;1;999;;1;1;1;1;;999;998
5;6;12;8;8019;;3;2;No inventariada;;14;20;1;999;;1;1;1;1;;999;998
5;5;22;8;8019;;3;2;No inventariada;;14;3;2;1;;1;5;1;1;;999;998
5;6;14;8;8019;;3;2;No inventariada;;14;20;1;999;;1;1;1;1;;999;998
5;6;21;8;8019;;3;2;No inventariada;;14;7;1;999;;1;5;1;1;;999;998
5;6;18;8;8019;;3;2;No inventariada;;14;9;2;2;;1;1;1;1;;999;998
5;1;1;8;8019;;3;2;No inventariada;;14;6;1;999;;1;5;1;1;;999;998
5;7;17;8;8019;;1;1;B-10;0,1;14;20;1;999;;1;1;1;1;;999;4
5;3;19;8;8019;;3;2;No inventariada;;14;3;2;1;;1;1;1;1;;999;998
5;1;7;8;8019;;3;2;No inventariada;;14;3;1;999;;1;1;1;1;;999;998
5;1;13;8;8019;;3;2;No inventariada;;14;3;2;1;;1;1;1;1;;999;998
5;1;9;8;8019;;3;2;No inventariada;;14;9;1;999;;1;1;1;1;;999;998
5;1;12;8;8019;;3;2;No inventariada;;14;7;1;999;;3;1;1;1;;999;998
5;1;14;8;8019;;1;1;B-20;11,6;14;20;1;999;;1;1;1;1;;999;4
5;1;20;8;8019;;3;2;No inventariada;;14;3;1;999;;1;1;1;1;;999;998
5;1;17;8;8019;;3;2;No inventariada;;14;9;1;999;;1;1;1;1;;999;998
5;2;6;8;8019;;1;1;B-10;13,8;3;20;1;999;;1;5;1;1;;999;4
5;2;10;8;8019;;1;1;B-10;9,2;14;20;1;999;;1;1;1;1;;999;4
5;2;15;8;8019;;1;1;B-20;15,5;14;3;1;999;;1;2;1;1;;999;4
5;2;21;8;8019;;3;2;No inventariada;;14;3;2;1;;1;5;1;1;;999;998
5;2;8;8;8019;;3;2;No inventariada;;14;2;2;1;;1;1;1;1;;1;998
5;3;13;8;8019;;3;2;No inventariada;;14;3;1;999;;1;1;1;1;;999;998
5;3;18;8;8019;;3;2;No inventariada;;14;7;1;999;;1;1;1;1;;1;998
5;3;20;8;8019;;3;2;No inventariada;;14;3;2;2;;1;1;1;1;;999;998
5;3;18;8;8019;;3;2;No inventariada;;14;7;2;1;;1;1;1;1;;1;998
5;3;14;8;8019;;1;1;B-10;13,9;3;3;1;999;;1;1;1;1;;999;4
5;4;8;8;8019;;3;2;No inventariada;;14;3;2;1;;1;1;1;1;;999;998
5;3;8;8;8019;;3;2;No inventariada;;14;3;1;999;;1;1;1;1;;999;998
5;3;9;8;8019;;3;2;No inventariada;;14;3;1;999;;1;1;1;1;;999;998
5;2;13;8;8019;;3;2;No inventariada;;14;3;1;999;;1;1;1;1;;999;998
5;3;10;8;8019;;3;2;No inventariada;;14;2;2;1;;1;1;1;1;;999;998
5;4;22;8;8019;;3;2;No inventariada;;14;7;1;999;;1;5;1;1;;999;998
5;4;23;8;8019;;3;2;No inventariada;;14;2;2;1;;1;5;1;1;;999;998
5;4;0;8;8019;;3;2;No inventariada;;14;3;1;999;;1;5;1;1;;999;998
5;4;13;8;8019;;3;2;No inventariada;;14;2;2;1;;1;1;1;1;;999;998
5;4;13;8;8019;;3;2;No inventariada;;14;2;2;1;;1;1;1;1;;999;998