MES;DIA_SEMANA;HORA;COD_PROVINCIA;COD_MUNICIPIO;ISLA;ZONA;ZONA_AGRUPADA;CARRETERA;KM;TIPO_VIA;TIPO_ACCIDENTE;NUDO;NUDO_INFO;CARRETERA_CRUCE;CONDICION_FIRME;CONDICION_ILUMINACION;CONDICION_METEO;CONDICION_NIEBLA;CONDICION_VIENTO;VISIB_RESTRINGIDA_POR;TRAZADO_PLANTA
5;4;11;8;8019;;3;2;No inventariada;;14;3;2;1;;1;1;1;1;;999;998
5;5;12;8;8019;;3;2;No inventariada;;14;20;1;999;;1;1;1;1;;999;998
5;4;12;8;8019;;3;2;No inventariada;;14;7;1;999;;1;1;1;1;;999;998
5;5;9;8;8019;;3;2;No inventariada;;14;7;2;1;;1;1;1;1;;999;998
5;6;18;8;8019;;3;2;No inventariada;;14;2;2;1;;1;1;1;1;;999;998
5;6;20;8;8019;;3;2;No inventariada;;14;20;1;999;;1;2;1;1;;999;998
5;5;19;8;8019;;3;2;No inventariada;;14;2;1;999;;1;2;1;1;;999;998
5;7;6;8;8019;;3;2;No inventariada;;14;6;2;1;;1;5;1;1;;999;998
5;5;14;8;8019;;3;2;No inventariada;;14;3;1;999;;1;1;1;1;;999;998
5;6;12;8;8019;;3;2;No inventariada;;14;7;1;999;;1;1;1;1;;999;998
5;6;17;8;8019;;3;2;No inventariada;;14;7;2;1;;1;1;1;1;;999;998
5;5;13;8;8019;;3;2;No inventariada;;14;3;1;999;;1;1;1;1;;999;998
5;5;10;8;8019;;3;2;No inventariada;;14;3;2;1;;1;1;1;1;;1;998
5;4;5;8;8019;;3;2;No inventariada;;14;20;2;1;;1;5;1;1;;999;998
5;1;14;8;8019;;3;2;No inventariada;;14;2;1;999;;1;1;1;1;;999;998
5;5;15;8;8019;;3;2;No inventariada;;14;7;2;1;;1;1;1;1;;999;998
5;5;17;8;8019;;3;2;No inventariada;;14;9;1;999;;1;1;1;1;;1;998
5;1;11;8;8019;;3;2;No inventariada;;14;4;1;999;;1;1;1;1;;999;998
5;6;0;8;8019;;3;2;No inventariada;;14;3;2;1;;1;5;1;1;;999;998
5;1;10;8;8019;;3;2;No inventariada;;14;6;1;999;;1;1;1;1;;999;998
5;1;17;8;8019;;3;2;No inventariada;;14;2;1;999;;1;1;1;1;;999;998
5;1;15;8;8019;;3;2;No inventariada;;14;3;1;999;;1;1;1;1;;999;998
5;2;8;8;8019;;3;2;No inventariada;;14;3;1;999;;1;1;1;1;;999;998
5;2;12;8;8019;;1;1;B-20;12,8;14;3;1;999;;3;1;4;1;;999;4
5;2;9;8;8019;;1;1;C-31;207;2;20;1;999;;1;1;1;1;;999;4
5;2;13;8;8019;;3;2;No inventariada;;14;9;1;999;;1;1;1;1;;999;998
5;2;10;8;8019;;3;2;No inventariada;;14;3;2;1;;3;1;3;1;;999;998
5;3;9;8;8019;;3;2;No inventariada;;14;20;1;999;;3;1;1;1;;999;998
5;3;8;8;8019;;3;2;No inventariada;;14;3;2;1;;3;1;1;1;;999;998
5;3;11;8;8019;;3;2;No inventariada;;14;2;2;1;;3;1;3;1;;999;998
5;3;8;8;8019;;3;2;No inventariada;;14;20;1;999;;3;1;3;1;;999;998
5;3;11;8;8019;;3;2;No inventariada;;14;20;1;999;;1;1;1;1;;999;998
5;2;18;8;8019;;3;2;No inventariada;;14;7;1;999;;1;1;1;1;;999;998
5;3;21;8;8019;;3;2;No inventariada;;14;3;1;999;;1;5;1;1;;999;998
5;4;8;8;8019;;3;2;No inventariada;;14;3;1;999;;1;1;1;1;;999;998
5;4;9;8;8019;;3;2;No inventariada;;14;7;2;4;;1;1;1;1;;999;998
5;4;11;8;8019;;3;2;No inventariada;;14;3;2;1;;3;1;3;1;;999;998
5;4;15;8;8019;;3;2;No inventariada;;14;2;1;999;;1;1;1;1;;999;998
5;2;16;8;8019;;3;2;No inventariada;;14;8;1;999;;1;1;1;1;;999;998
5;7;0;8;8019;;3;2;No inventariada;;14;20;2;1;;1;5;1;1;;999;998
5;4;15;8;8019;;3;2;No inventariada;;14;1;2;1;;1;1;1;1;;1;998
5;5;13;8;8019;;1;1;B-10;11,5;3;20;1;999;;1;1;1;1;;999;4
5;5;20;8;8019;;3;2;No inventariada;;14;6;2;1;;1;1;1;1;;999;998
5;5;12;8;8019;;1;1;B-20;9;14;20;1;999;;1;1;1;1;;999;4
5;5;5;8;8019;;3;2;No inventariada;;14;2;2;1;;1;5;1;1;;999;998
5;5;1;8;8019;;3;2;No inventariada;;14;20;1;999;;1;5;1;1;;999;998
5;5;11;8;8019;;3;2;No inventariada;;14;20;1;999;;1;5;1;1;;999;998
5;5;16;8;8019;;3;2;No inventariada;;14;3;1;999;;1;1;1;1;;999;998
5;6;6;8;8019;;3;2;No inventariada;;14;9;1;999;;1;2;1;1;;999;998
5;6;19;8;8019;;3;2;No inventariada;;14;2;2;1;;1;1;1;1;;999;998
5;6;11;8;8019;;3;2;No inventariada;;14;9;1;999;;1;1;1;1;;999;998
5;6;15;8;8019;;3;2;No inventariada;;14;20;2;1;;1;1;1;1;;999;998
5;7;12;8;8019;;3;2;No inventariada;;14;20;1;999;;1;1;1;1;;999;998
5;7;9;8;8019;;3;2;No inventariada;;14;3;2;1;;1;1;1;1;;999;998
5;6;22;8;8019;;3;2;No inventariada;;14;2;2;1;;1;5;1;1;;999;998
5;7;19;8;8019;;1;1;B-20;8,3;14;9;1;999;;1;1;1;1;;999;4
5;6;15;8;8019;;3;2;No inventariada;;14;20;2;2;;1;1;1;1;;999;998
5;7;21;8;8019;;3;2;No inventariada;;14;7;1;999;;1;5;1;1;;999;998
5;7;17;8;8019;;3;2;No inventariada;;14;3;2;1;;1;1;1;1;;999;998
5;7;13;8;8019;;3;2;No inventariada;;14;3;1;999;;1;1;1;1;;999;998
5;7;15;8;8019;;3;2;No inventariada;;14;3;2;1;;1;1;1;1;;999;998
5;6;21;8;8019;;3;2;No inventariada;;14;20;1;999;;1;2;1;1;;999;998
5;1;7;8;8019;;3;2;No inventariada;;14;3;2;4;;3;1;1;1;;999;998
5;1;10;8;8019;;3;2;No inventariada;;14;20;1;999;;1;1;1;1;;999;998
5;1;12;8;8019;;3;2;No inventariada;;14;20;1;999;;1;1;1;1;;999;998
5;1;17;8;8019;;3;2;No inventariada;;14;20;2;1;;1;1;1;1;;999;998
5;1;17;8;8019;;3;2;No inventariada;;14;20;2;4;;1;1;1;1;;999;998
5;1;17;8;8019;;3;2;No inventariada;;14;2;1;999;;1;1;1;1;;999;998
5;1;17;8;8019;;3;2;No inventariada;;14;3;2;2;;1;1;1;1;;999;998
5;5;8;8;8019;;3;2;No inventariada;;14;3;1;999;;1;1;1;1;;999;998
5;2;7;8;8019;;3;2;No inventariada;;14;2;2;1;;1;1;1;1;;999;998
5;2;10;8;8019;;3;2;No inventariada;;14;2;2;1;;1;1;1;1;;999;998
5;2;12;8;8019;;3;2;No inventariada;;14;2;1;999;;1;1;1;1;;999;998
5;2;19;8;8019;;3;2;No inventariada;;14;9;1;999;;1;1;1;1;;999;998
5;2;15;8;8019;;3;2;No inventariada;;14;2;2;2;;1;1;1;1;;999;998
5;2;17;8;8019;;1;1;B-20;4,8;14;20;1;999;;1;1;1;1;;999;4
5;2;12;8;8019;;3;2;No inventariada;;14;20;1;999;;1;1;1;1;;999;998
5;2;15;8;8019;;1;1;B-20;9;14;20;1;999;;1;1;1;1;;999;4
5;2;10;8;8019;;3;2;No inventariada;;14;2;2;4;;1;1;1;1;;999;998
5;2;19;8;8019;;3;2;No inventariada;;14;20;2;1;;1;1;1;1;;999;998
5;2;20;8;8019;;1;1;B-10;1,7;14;20;1;999;;1;1;1;1;;999;4
5;2;18;8;8019;;3;2;No inventariada;;14;7;1;999;;1;1;1;1;;999;998
5;3;15;8;8019;;3;2;No inventariada;;14;7;2;2;;1;1;1;1;;999;998
5;3;13;8;8019;;3;2;No inventariada;;14;1;1;999;;1;1;1;1;;999;998
6;7;19;8;8019;;3;2;No inventariada;;14;7;2;1;;1;1;1;1;;999;998
5;3;14;8;8019;;3;2;No inventariada;;14;2;2;1;;1;1;1;1;;999;998
5;3;13;8;8019;;3;2;No inventariada;;14;20;1;999;;3;1;1;1;;999;998
5;4;0;8;8019;;3;2;No inventariada;;14;2;2;1;;1;5;1;1;;999;998
5;3;23;8;8019;;3;2;No inventariada;;14;20;2;1;;1;5;1;1;;999;998
5;4;0;8;8019;;3;2;No inventariada;;14;9;2;1;;1;2;1;1;;1;998
4;1;8;8;8019;;3;2;No inventariada;;14;9;2;1;;3;1;4;1;;999;998
5;4;9;8;8019;;3;2;No inventariada;;14;3;1;999;;1;1;1;1;;999;998
5;4;13;8;8019;;1;1;B-20;9;14;20;1;999;;1;5;1;1;;999;4
5;4;13;8;8019;;3;2;No inventariada;;14;3;1;999;;1;1;1;1;;999;998
5;4;15;8;8019;;3;2;No inventariada;;14;20;2;1;;1;1;1;1;;999;998
5;4;14;8;8019;;3;2;No inventariada;;14;2;2;1;;1;1;1;1;;999;998
5;4;17;8;8019;;1;1;B-20;15,5;14;20;1;999;;1;1;1;1;;999;4
5;4;19;8;8019;;3;2;No inventariada;;14;2;2;1;;1;1;1;1;;999;998
5;4;18;8;8019;;3;2;No inventariada;;14;3;2;1;;1;1;1;1;;999;998
5;4;20;8;8019;;3;2;No inventariada;;14;7;1;999;;1;1;1;1;;999;998
5;4;17;8;8019;;3;2;No inventariada;;14;20;1;999;;1;1;1;1;;999;998
5;4;18;8;8019;;3;2;No inventariada;;14;20;2;1;;1;1;1;1;;999;998
5;4;19;8;8019;;3;2;No inventariada;;14;20;1;999;;1;1;1;1;;999;998
5;4;21;8;8019;;3;2;No inventariada;;14;9;1;999;;1;1;1;1;;1;998
5;5;3;8;8019;;3;2;No inventariada;;14;7;1;999;;1;5;1;1;;999;998
5;5;7;8;8019;;3;2;No inventariada;;14;3;2;4;;1;1;1;1;;999;998
5;5;9;8;8019;;3;2;No inventariada;;14;20;1;999;;1;1;1;1;;999;998
5;5;7;8;8019;;3;2;No inventariada;;14;20;2;1;;1;1;1;1;;999;998
5;5;9;8;8019;;1;1;C-31;207,5;2;20;1;999;;1;1;1;1;;999;4
5;5;8;8;8019;;1;1;B-20;8,6;14;20;1;999;;1;1;1;1;;999;4
5;5;12;8;8019;;3;2;No inventariada;;14;2;2;1;;1;1;1;1;;999;998
5;5;11;8;8019;;3;2;No inventariada;;14;2;2;1;;1;1;1;1;;999;998
5;5;13;8;8019;;3;2;No inventariada;;14;3;1;999;;1;1;1;1;;999;998
5;5;14;8;8019;;3;2;No inventariada;;14;2;2;1;;1;1;1;;;999;998
5;5;17;8;8019;;3;2;No inventariada;;14;2;1;999;;1;1;1;1;;999;998
5;5;13;8;8019;;3;2;No inventariada;;14;2;2;1;;1;1;1;1;;999;998
5;5;18;8;8019;;1;1;B-10;15;3;20;1;999;;1;1;1;1;;999;4
5;5;18;8;8019;;3;2;No inventariada;;14;7;1;999;;1;1;1;1;;1;998
5;5;19;8;8019;;3;2;No inventariada;;14;7;2;1;;1;1;1;1;;999;998
5;5;15;8;8019;;3;2;No inventariada;;14;9;1;999;;1;1;1;1;;999;998
5;4;0;8;8019;;3;2;No inventariada;;14;9;2;1;;1;5;1;1;;999;998
5;5;22;8;8019;;3;2;No inventariada;;14;3;2;1;;1;5;1;1;;999;998
5;6;0;8;8019;;3;2;No inventariada;;14;20;2;1;;1;5;1;1;;999;998
5;6;1;8;8019;;3;2;No inventariada;;14;9;2;2;;1;5;1;1;;999;998
5;6;0;8;8019;;3;2;No inventariada;;14;3;1;999;;1;5;1;1;;999;998
5;5;21;8;8019;;3;2;No inventariada;;14;20;2;1;;1;5;1;1;;999;998
5;5;19;8;8019;;3;2;No inventariada;;14;6;1;999;;1;1;1;1;;999;998
5;6;15;8;8019;;3;2;No inventariada;;14;3;1;999;;1;1;1;1;;999;998
5;6;14;8;8019;;3;2;No inventariada;;14;3;1;999;;1;1;1;1;;999;998
5;6;9;8;8019;;3;2;No inventariada;;14;2;2;1;;1;1;1;1;;999;998
5;6;19;8;8019;;3;2;No inventariada;;14;7;1;999;;1;1;1;1;;999;998
5;6;13;8;8019;;3;2;No inventariada;;14;3;2;1;;1;1;1;1;;999;998
5;6;11;8;8019;;3;2;No inventariada;;14;20;1;999;;1;1;1;1;;999;998
5;6;18;8;8019;;1;1;B-10;10,2;14;20;1;999;;1;5;1;1;;999;4
5;6;19;8;8019;;1;1;B-20;9,5;14;3;1;999;;1;1;1;1;;999;4
5;7;1;8;8019;;3;2;No inventariada;;14;3;2;4;;1;5;1;1;;999;998
5;7;5;8;8019;;3;2;No inventariada;;14;20;1;999;;1;5;1;1;;999;998
5;5;10;8;8019;;3;2;No inventariada;;14;3;1;999;;1;1;1;1;;999;998
5;7;1;8;8019;;3;2;No inventariada;;14;2;2;1;;1;5;1;1;;999;998
5;7;15;8;8019;;3;2;No inventariada;;14;6;1;999;;1;1;1;1;;999;998
5;7;12;8;8019;;3;2;No inventariada;;14;2;2;1;;1;1;1;1;;1;998
5;7;18;8;8019;;3;2;No inventariada;;14;3;2;1;;1;1;1;1;;999;998
5;1;1;8;8019;;3;2;No inventariada;;14;6;2;1;;1;5;1;1;;999;998
5;1;2;8;8019;;3;2;No inventariada;;14;2;2;1;;1;5;1;1;;999;998
5;1;7;8;8019;;3;2;No inventariada;;14;2;2;1;;1;1;1;1;;999;998
5;7;13;8;8019;;3;2;No inventariada;;14;20;1;999;;1;1;1;1;;999;998
5;1;10;8;8019;;3;2;No inventariada;;14;3;1;999;;1;1;1;1;;999;998
5;1;8;8;8019;;3;2;No inventariada;;14;9;2;1;;3;1;3;1;;999;998
5;1;16;8;8019;;3;2;No inventariada;;14;20;1;999;;1;1;1;1;;999;998
5;1;16;8;8019;;3;2;No inventariada;;14;2;2;4;;1;1;1;1;;999;998
5;1;16;8;8019;;3;2;No inventariada;;14;20;1;999;;1;1;1;1;;999;998
5;1;16;8;8019;;1;1;B-20;5,1;14;3;1;999;;1;1;1;1;;999;4
5;1;16;8;8019;;3;2;No inventariada;;14;9;2;2;;1;1;1;1;;999;998
5;1;15;8;8019;;3;2;No inventariada;;14;9;2;1;;1;1;1;1;;999;998
5;1;18;8;8019;;3;2;No inventariada;;14;20;2;1;;1;1;1;1;;999;998
5;1;16;8;8019;;3;2;No inventariada;;14;3;1;999;;1;1;1;1;;999;998
5;1;17;8;8019;;3;2;No inventariada;;14;20;1;999;;1;1;1;1;;999;998
5;1;17;8;8019;;3;2;No inventariada;;14;2;2;1;;1;1;1;1;;999;998
5;1;20;8;8019;;3;2;No inventariada;;14;3;2;1;;1;1;1;1;;999;998
5;1;9;8;8019;;3;2;No inventariada;;14;3;1;999;;1;1;1;1;;999;998
5;2;9;8;8019;;1;1;B-10;16,9;3;3;1;999;;1;1;1;1;;999;4
5;2;11;8;8019;;3;2;No inventariada;;14;7;2;1;;1;1;1;1;;999;998
5;2;11;8;8019;;3;2;No inventariada;;14;20;2;4;;1;1;1;1;;999;998
5;2;9;8;8019;;3;2;No inventariada;;14;20;2;1;;1;1;1;1;;999;998
5;2;8;8;8019;;3;2;No inventariada;;14;20;1;999;;1;1;1;1;;999;998
5;1;17;8;8019;;3;2;No inventariada;;14;9;2;1;;1;1;1;1;;999;998
5;2;9;8;8019;;3;2;No inventariada;;14;9;2;1;;1;1;1;1;;999;998
5;2;8;8;8019;;3;2;No inventariada;;14;20;1;999;;1;1;1;1;;999;998
5;2;9;8;8019;;3;2;No inventariada;;14;2;2;1;;1;1;1;1;;999;998
5;2;10;8;8019;;3;2;No inventariada;;14;2;2;1;;1;1;1;1;;999;998
5;2;10;8;8019;;3;2;No inventariada;;14;2;2;1;;1;1;1;1;;999;998
5;2;18;8;8019;;3;2;No inventariada;;14;20;1;999;;1;1;1;1;;999;998
5;2;18;8;8019;;1;1;B-20;9,9;14;3;1;999;;1;2;1;1;;999;4
5;2;12;8;8019;;3;2;No inventariada;;14;20;1;999;;1;1;1;1;;999;998
5;2;13;8;8019;;3;2;No inventariada;;14;20;2;1;;1;1;1;1;;999;998
5;2;22;8;8019;;3;2;No inventariada;;14;20;2;1;;1;5;1;1;;999;998
5;3;0;8;8019;;3;2;No inventariada;;14;20;1;999;;1;5;1;1;;999;998
5;2;18;8;8019;;1;1;B-10;14;3;3;1;999;;1;1;1;1;;999;4
5;2;22;8;8019;;3;2;No inventariada;;14;3;1;999;;1;5;1;1;;999;998
5;3;5;8;8019;;3;2;No inventariada;;14;9;1;999;;1;5;1;1;;999;998
5;3;9;8;8019;;1;1;B-10;11,7;3;20;1;999;;1;1;1;1;;999;4
5;3;8;8;8019;;3;2;No inventariada;;14;2;2;1;;1;1;1;1;;999;998
5;3;7;8;8019;;3;2;No inventariada;;14;9;1;999;;1;1;1;1;;999;998
5;3;8;8;8019;;3;2;No inventariada;;14;7;2;2;;1;1;1;1;;999;998
5;3;8;8;8019;;3;2;No inventariada;;14;7;2;1;;1;1;1;1;;999;998
5;3;15;8;8019;;3;2;No inventariada;;14;7;1;999;;1;1;1;1;;1;998
5;3;14;8;8019;;1;1;B-10;13;3;3;1;999;;1;1;1;1;;999;4
5;3;15;8;8019;;3;2;No inventariada;;14;20;1;999;;1;1;1;1;;999;998
5;3;11;8;8019;;3;2;No inventariada;;14;20;1;999;;1;1;1;1;;999;998
5;3;9;8;8019;;3;2;No inventariada;;14;2;2;4;;1;1;1;1;;999;998
5;3;11;8;8019;;1;1;B-10;10,8;14;20;1;999;;1;5;1;1;;999;4
5;3;10;8;8019;;3;2;No inventariada;;14;2;1;999;;1;1;1;1;;999;998
5;3;21;8;8019;;3;2;No inventariada;;14;20;1;999;;1;5;1;1;;999;998
5;3;18;8;8019;;3;2;No inventariada;;14;20;1;999;;1;1;1;1;;999;998
5;3;22;8;8019;;3;2;No inventariada;;14;3;2;2;;1;5;1;1;;999;998
5;3;16;8;8019;;3;2;No inventariada;;14;3;2;1;;1;1;1;1;;1;998
5;3;8;8;8019;;3;2;No inventariada;;14;3;2;1;;1;1;1;1;;999;998
5;3;17;8;8019;;3;2;No inventariada;;14;20;2;1;;1;1;1;1;;999;998
5;3;11;8;8019;;3;2;No inventariada;;14;3;1;999;;1;1;1;1;;999;998
5;4;1;8;8019;;3;2;No inventariada;;14;3;1;999;;1;5;1;1;;999;998
5;3;12;8;8019;;3;2;No inventariada;;14;3;2;1;;1;1;1;1;;999;998
5;3;21;8;8019;;3;2;No inventariada;;14;9;1;999;;8;5;1;1;;999;998
5;4;8;8;8019;;1;1;B-20;7,8;14;3;1;999;;1;1;1;1;;999;4
5;4;8;8;8019;;3;2;No inventariada;;14;3;2;1;;1;1;1;1;;999;998
5;4;11;8;8019;;1;1;C-31;207;2;20;1;999;;1;1;1;1;;999;4
5;2;14;8;8019;;3;2;No inventariada;;14;20;1;999;;1;1;1;1;;999;998
5;2;16;8;8019;;3;2;No inventariada;;14;20;1;999;;1;1;1;1;;999;998
5;3;23;8;8019;;3;2;No inventariada;;14;2;2;1;;1;5;1;1;;999;998
5;4;9;8;8019;;3;2;No inventariada;;14;20;1;999;;1;1;1;1;;999;998
5;4;15;8;8019;;3;2;No inventariada;;14;3;2;4;;1;1;1;1;;999;998
5;4;13;8;8019;;3;2;No inventariada;;14;7;1;999;;1;1;1;1;;999;998
5;3;9;8;8019;;3;2;No inventariada;;14;3;1;999;;1;1;1;1;;999;998
5;4;13;8;8019;;3;2;No inventariada;;14;20;2;4;;1;1;1;1;;999;998
5;4;13;8;8019;;3;2;No inventariada;;14;20;1;999;;1;1;1;1;;999;998
5;4;12;8;8019;;3;2;No inventariada;;14;20;1;999;;1;1;1;1;;999;998
5;4;12;8;8019;;3;2;No inventariada;;14;20;1;999;;1;1;1;1;;999;998
5;4;20;8;8019;;3;2;No inventariada;;14;20;1;999;;1;1;1;1;;999;998
5;4;12;8;8019;;3;2;No inventariada;;14;7;1;999;;1;1;1;1;;999;998
5;4;11;8;8019;;3;2;No inventariada;;14;20;1;999;;1;1;1;1;;999;998
5;3;19;8;8019;;3;2;No inventariada;;14;7;1;999;;1;1;1;1;;999;998
5;4;8;8;8019;;3;2;No inventariada;;14;3;1;999;;1;1;1;1;;999;998
5;4;13;8;8019;;1;1;B-10;7,8;14;4;1;999;;1;1;1;1;;999;4
5;4;10;8;8019;;3;2;No inventariada;;14;3;1;999;;1;1;1;1;;999;998
5;4;10;8;8019;;3;2;No inventariada;;14;7;2;1;;1;1;1;1;;999;998
5;5;7;8;8019;;3;2;No inventariada;;14;2;2;1;;1;1;1;1;;999;998
5;5;6;8;8019;;3;2;No inventariada;;14;20;1;999;;1;1;1;1;;999;998
5;4;17;8;8019;;3;2;No inventariada;;14;2;2;1;;1;1;1;1;;999;998
5;4;10;8;8019;;3;2;No inventariada;;14;3;1;999;;1;1;1;1;;999;998
5;5;10;8;8019;;3;2;No inventariada;;14;9;1;999;;1;1;1;1;;999;998
5;5;11;8;8019;;3;2;No inventariada;;14;7;1;999;;1;1;1;1;;999;998
5;5;11;8;8019;;3;2;No inventariada;;14;2;2;4;;1;1;1;1;;999;998
5;5;12;8;8019;;3;2;No inventariada;;14;3;2;1;;1;1;1;1;;999;998
5;5;13;8;8019;;3;2;No inventariada;;14;20;2;1;;1;1;1;1;;999;998
5;5;14;8;8019;;3;2;No inventariada;;14;20;1;999;;1;1;1;1;;999;998
5;5;14;8;8019;;3;2;No inventariada;;14;3;2;2;;1;1;1;1;;999;998
5;5;17;8;8019;;3;2;No inventariada;;14;20;1;999;;1;1;1;1;;999;998
6;1;20;8;8019;;3;2;No inventariada;;14;2;1;999;;1;2;1;1;;999;998
5;5;14;8;8019;;3;2;No inventariada;;14;3;2;1;;1;1;1;1;;999;998
5;5;23;8;8019;;3;2;No inventariada;;14;9;1;999;;1;5;1;1;;999;998
5;1;2;8;8019;;3;2;No inventariada;;14;3;2;2;;1;1;1;1;;999;998
5;5;22;8;8019;;3;2;No inventariada;;14;2;2;1;;1;5;1;1;;1;998
5;5;19;8;8019;;3;2;No inventariada;;14;3;2;4;;1;1;1;1;;999;998
5;5;23;8;8019;;3;2;No inventariada;;14;2;2;1;;1;5;1;1;;999;998
5;5;21;8;8019;;3;2;No inventariada;;14;20;1;999;;1;5;1;1;;999;998
5;5;22;8;8019;;3;2;No inventariada;;14;2;2;2;;1;5;1;1;;999;998
5;6;11;8;8019;;3;2;No inventariada;;14;7;1;999;;1;1;1;1;;999;998
5;4;15;8;8019;;3;2;No inventariada;;14;7;1;999;;1;1;1;1;;999;998
6;6;15;8;8019;;3;2;No inventariada;;14;7;2;1;;1;1;1;1;;999;998
5;5;18;8;8019;;1;1;B-20;10,6;14;3;1;999;;1;1;1;1;;999;4
6;6;13;8;8019;;3;2;No inventariada;;14;3;1;999;;1;1;1;1;;999;998
6;6;18;8;8019;;3;2;No inventariada;;14;6;1;999;;1;1;1;1;;999;998
6;6;17;8;8019;;3;2;No inventariada;;14;20;1;999;;1;1;1;1;;999;998
6;6;19;8;8019;;3;2;No inventariada;;14;3;1;999;;1;1;1;1;;999;998
6;6;22;8;8019;;3;2;No inventariada;;14;3;2;1;;3;5;1;1;;999;998
6;6;15;8;8019;;3;2;No inventariada;;14;3;1;999;;1;1;1;1;;999;998
6;7;7;8;8019;;3;2;No inventariada;;14;7;2;1;;1;1;1;1;;999;998
5;5;13;8;8019;;3;2;No inventariada;;14;7;1;999;;1;1;1;1;;999;998
6;7;11;8;8019;;3;2;No inventariada;;14;3;2;1;;1;1;1;1;;999;998
6;7;14;8;8019;;3;2;No inventariada;;14;7;1;999;;1;1;1;1;;999;998
6;7;13;8;8019;;3;2;No inventariada;;14;20;1;999;;1;1;1;1;;999;998
6;7;13;8;8019;;3;2;No inventariada;;14;20;1;999;;1;1;1;1;;999;998
6;3;13;8;8019;;3;2;No inventariada;;14;20;1;999;;1;1;1;1;;999;998
6;7;17;8;8019;;3;2;No inventariada;;14;2;1;999;;1;1;1;1;;999;998
6;7;17;8;8019;;3;2;No inventariada;;14;3;2;2;;1;1;1;1;;999;998
6;4;8;8;8019;;3;2;No inventariada;;14;2;2;2;;1;1;1;1;;999;998
6;7;16;8;8019;;1;1;B-10;0,1;14;3;1;999;;1;1;1;1;;999;4
6;7;19;8;8019;;3;2;No inventariada;;14;2;2;1;;1;1;1;1;;999;998
6;1;12;8;8019;;3;2;No inventariada;;14;7;2;1;;1;1;1;1;;999;998
6;7;14;8;8019;;3;2;No inventariada;;14;20;1;999;;1;1;1;1;;999;998
6;7;18;8;8019;;3;2;No inventariada;;14;3;2;1;;1;1;1;1;;999;998
5;5;17;8;8019;;3;2;No inventariada;;14;20;1;999;;1;1;1;1;;999;998
6;6;21;8;8019;;3;2;No inventariada;;14;7;1;999;;1;1;1;1;;999;998
6;1;19;8;8019;;1;1;B-20;10,5;14;9;1;999;;1;1;1;1;;999;4
6;1;17;8;8019;;3;2;No inventariada;;14;2;2;1;;1;1;1;1;;999;998
6;1;11;8;8019;;3;2;No inventariada;;14;20;1;999;;1;1;1;1;;999;998
6;1;14;8;8019;;3;2;No inventariada;;14;7;1;999;;1;1;1;1;;999;998
6;2;0;8;8019;;3;2;No inventariada;;14;6;1;999;;1;5;1;1;;999;998
6;1;23;8;8019;;3;2;No inventariada;;14;2;2;1;;1;5;1;1;;999;998
6;2;11;8;8019;;3;2;No inventariada;;14;3;1;999;;1;1;1;1;;999;998
6;2;11;8;8019;;3;2;No inventariada;;14;7;2;1;;1;1;1;1;;999;998
6;1;17;8;8019;;3;2;No inventariada;;14;7;2;1;;1;1;1;1;;999;998
6;2;17;8;8019;;1;1;B-20;16,1;14;3;1;999;;1;1;1;1;;1;4
6;1;2;8;8019;;3;2;No inventariada;;14;1;1;999;;1;5;1;1;;999;998
6;2;18;8;8019;;3;2;No inventariada;;14;3;1;999;;1;1;1;1;;999;998
6;2;11;8;8019;;1;1;B-10;8;14;20;1;999;;1;1;1;1;;999;4
6;2;19;8;8019;;1;1;B-20;12,2;14;20;1;999;;1;1;1;1;;999;4