MES;DIA_SEMANA;HORA;COD_PROVINCIA;COD_MUNICIPIO;ISLA;ZONA;ZONA_AGRUPADA;CARRETERA;KM;TIPO_VIA;TIPO_ACCIDENTE;NUDO;NUDO_INFO;CARRETERA_CRUCE;CONDICION_FIRME;CONDICION_ILUMINACION;CONDICION_METEO;CONDICION_NIEBLA;CONDICION_VIENTO;VISIB_RESTRINGIDA_POR;TRAZADO_PLANTA
6;2;19;8;8019;;3;2;No inventariada;;14;3;2;2;;1;1;1;1;;999;998
6;2;0;8;8019;;3;2;No inventariada;;14;3;2;1;;1;5;1;1;;999;998
6;2;18;8;8019;;3;2;No inventariada;;14;2;2;1;;1;1;1;1;;999;998
6;2;7;8;8019;;1;1;B-20;13;14;3;1;999;;1;1;1;1;;999;4
6;2;20;8;8019;;3;2;No inventariada;;14;7;1;999;;1;1;1;1;;1;998
6;2;7;8;8019;;3;2;No inventariada;;14;3;2;2;;1;1;1;1;;999;998
6;2;12;8;8019;;3;2;No inventariada;;14;20;1;999;;1;1;1;1;;999;998
6;3;7;8;8019;;3;2;No inventariada;;14;2;2;1;;1;1;1;1;;999;998
6;3;8;8;8019;;3;2;No inventariada;;14;1;2;1;;1;1;1;1;;999;998
6;2;10;8;8019;;3;2;No inventariada;;14;2;2;1;;1;1;1;1;;999;998
6;3;10;8;8019;;3;2;No inventariada;;14;7;2;1;;1;1;1;1;;999;998
6;1;11;8;8019;;3;2;No inventariada;;14;7;2;1;;1;1;1;1;;999;998
6;3;8;8;8019;;3;2;No inventariada;;14;20;1;999;;1;1;1;1;;999;998
6;3;17;8;8019;;3;2;No inventariada;;14;9;1;999;;1;1;1;1;;1;998
6;3;15;8;8019;;3;2;No inventariada;;14;20;2;1;;1;1;1;1;;999;998
6;3;15;8;8019;;3;2;No inventariada;;14;7;2;1;;1;1;1;1;;999;998
6;3;8;8;8019;;3;2;No inventariada;;14;2;1;999;;1;1;1;1;;999;998
6;3;14;8;8019;;3;2;No inventariada;;14;2;2;1;;1;5;1;1;;999;998
5;7;17;8;8019;;3;2;No inventariada;;14;9;2;2;;1;1;1;1;;999;998
6;4;8;8;8019;;3;2;No inventariada;;14;3;2;1;;1;1;1;1;;999;998
6;4;8;8;8019;;3;2;No inventariada;;14;7;1;999;;1;1;1;1;;999;998
6;4;10;8;8019;;3;2;No inventariada;;14;20;1;999;;1;1;1;1;;999;998
6;2;8;8;8019;;3;2;No inventariada;;14;2;2;1;;1;1;1;1;;999;998
6;4;14;8;8019;;3;2;No inventariada;;14;2;2;1;;1;1;1;1;;9;998
6;3;18;8;8019;;3;2;No inventariada;;14;2;2;2;;1;1;1;1;;999;998
6;3;18;8;8019;;3;2;No inventariada;;14;20;1;999;;1;1;1;1;;999;998
6;3;18;8;8019;;3;2;No inventariada;;14;20;2;2;;1;1;1;1;;999;998
6;5;0;8;8019;;3;2;No inventariada;;14;19;2;1;;1;5;1;1;;999;998
6;4;20;8;8019;;3;2;No inventariada;;14;3;2;1;;1;1;1;1;;999;998
6;5;5;8;8019;;1;1;C-17;0,3;3;3;1;999;;1;5;1;1;;999;4
6;4;21;8;8019;;3;2;No inventariada;;14;6;2;2;;1;5;1;1;;999;998
6;3;18;8;8019;;3;2;No inventariada;;14;7;1;999;;1;1;1;1;;999;998
6;3;11;8;8019;;3;2;No inventariada;;14;2;2;1;;1;1;1;1;;999;998
6;2;18;8;8019;;3;2;No inventariada;;14;3;1;999;;1;1;1;1;;999;998
6;3;10;8;8019;;3;2;No inventariada;;14;20;2;1;;1;1;1;1;;999;998
6;3;12;8;8019;;3;2;No inventariada;;14;3;2;1;;1;1;1;1;;999;998
6;3;13;8;8019;;3;2;No inventariada;;14;20;1;999;;1;1;1;1;;999;998
6;3;14;8;8019;;1;1;B-10;11,7;3;20;1;999;;1;1;1;1;;999;4
6;5;18;8;8019;;3;2;No inventariada;;14;20;1;999;;1;1;1;1;;999;998
6;4;16;8;8019;;3;2;No inventariada;;14;20;1;999;;1;1;1;1;;999;998
6;5;9;8;8019;;3;2;No inventariada;;14;20;2;1;;1;1;1;1;;999;998
6;4;20;8;8019;;1;1;B-20;8;14;20;1;999;;1;2;1;1;;999;4
6;5;23;8;8019;;3;2;No inventariada;;14;20;1;999;;1;5;1;1;;999;998
6;5;19;8;8019;;3;2;No inventariada;;14;20;2;1;;1;1;1;1;;999;998
6;6;10;8;8019;;3;2;No inventariada;;14;3;2;1;;1;1;1;1;;999;998
6;6;12;8;8019;;3;2;No inventariada;;14;9;2;1;;1;1;1;1;;1;998
6;5;19;8;8019;;3;2;No inventariada;;14;2;2;1;;1;1;1;1;;999;998
6;4;9;8;8019;;3;2;No inventariada;;14;3;1;999;;1;1;1;1;;999;998
4;5;20;8;8019;;3;2;No inventariada;;14;3;2;1;;1;5;1;1;;999;998
6;6;12;8;8019;;3;2;No inventariada;;14;3;1;999;;1;1;1;1;;999;998
6;5;16;8;8019;;3;2;No inventariada;;14;3;2;2;;1;1;1;1;;999;998
6;4;18;8;8019;;3;2;No inventariada;;14;9;1;999;;1;1;1;1;;999;998
6;6;14;8;8019;;1;1;B-20;9,1;14;3;1;999;;1;1;1;1;;999;4
6;6;9;8;8019;;3;2;No inventariada;;14;9;2;1;;1;1;1;1;;999;998
6;6;13;8;8019;;3;2;No inventariada;;14;20;2;1;;1;1;1;1;;999;998
6;7;4;8;8019;;3;2;No inventariada;;14;2;2;1;;1;5;1;1;;999;998
6;6;23;8;8019;;3;2;No inventariada;;14;2;2;2;;1;5;1;1;;999;998
6;5;8;8;8019;;3;2;No inventariada;;14;2;2;2;;1;1;1;1;;999;998
6;5;13;8;8019;;1;1;B-20;14,9;14;20;1;999;;1;1;1;1;;999;4
6;5;9;8;8019;;3;2;No inventariada;;14;2;2;1;;1;1;1;1;;999;998
6;4;9;8;8019;;3;2;No inventariada;;14;9;1;999;;1;1;1;1;;999;998
6;7;11;8;8019;;3;2;No inventariada;;14;3;2;4;;1;1;1;1;;999;998
6;4;15;8;8019;;3;2;No inventariada;;14;7;1;999;;1;1;1;1;;999;998
6;7;5;8;8019;;3;2;No inventariada;;14;7;1;999;;1;5;1;1;;999;998
6;6;14;8;8019;;3;2;No inventariada;;14;20;1;999;;1;1;1;1;;999;998
6;7;19;8;8019;;3;2;No inventariada;;14;20;1;999;;1;1;1;1;;999;998
6;7;19;8;8019;;3;2;No inventariada;;14;7;1;999;;1;1;1;1;;999;998
6;5;13;8;8019;;3;2;No inventariada;;14;3;1;999;;1;1;1;1;;999;998
6;7;14;8;8019;;1;1;B-20;13,8;14;20;1;999;;1;1;1;1;;999;4
6;7;14;8;8019;;3;2;No inventariada;;14;7;1;999;;1;1;1;1;;999;998
6;5;17;8;8019;;3;2;No inventariada;;14;3;2;1;;1;1;1;1;;999;998
6;7;20;8;8019;;3;2;No inventariada;;14;9;2;2;;1;1;1;1;;999;998
6;7;7;8;8019;;3;2;No inventariada;;14;20;1;999;;1;1;1;1;;999;998
6;7;20;8;8019;;3;2;No inventariada;;14;3;1;999;;1;1;1;1;;999;998
6;7;21;8;8019;;3;2;No inventariada;;14;9;1;999;;1;5;1;1;;999;998
6;7;22;8;8019;;1;1;B-10;10,5;14;20;1;999;;1;1;1;1;;999;4
6;1;9;8;8019;;3;2;No inventariada;;14;1;2;1;;3;1;3;1;;999;998
6;1;12;8;8019;;3;2;No inventariada;;14;20;2;1;;3;1;1;1;;999;998
6;5;11;8;8019;;1;1;C-31;208,5;14;3;1;999;;1;1;1;1;;999;4
6;5;18;8;8019;;3;2;No inventariada;;14;20;2;1;;1;1;1;1;;999;998
6;4;20;8;8019;;3;2;No inventariada;;14;9;1;999;;1;1;1;1;;999;998
6;6;14;8;8019;;3;2;No inventariada;;14;2;2;1;;1;1;1;1;;999;998
6;5;14;8;8019;;3;2;No inventariada;;14;2;2;1;;1;1;1;1;;999;998
6;5;23;8;8019;;1;1;B-20;12,2;14;8;1;999;;1;5;1;1;;999;4
6;1;16;8;8019;;3;2;No inventariada;;14;3;2;1;;1;1;1;1;;999;998
6;1;16;8;8019;;1;1;B-10;9,1;14;4;1;999;;1;1;1;1;;1;4
6;1;20;8;8019;;3;2;No inventariada;;14;3;2;1;;1;1;1;1;;999;998
6;1;20;8;8019;;3;2;No inventariada;;14;9;1;999;;1;5;1;1;;999;998
6;1;18;8;8019;;3;2;No inventariada;;14;2;2;1;;1;1;1;1;;999;998
6;7;7;8;8019;;3;2;No inventariada;;14;2;2;2;;1;1;1;1;;999;998
6;1;20;8;8019;;3;2;No inventariada;;14;7;1;999;;1;1;1;1;;999;998
6;6;16;8;8019;;3;2;No inventariada;;14;3;2;1;;1;1;1;1;;999;998
6;1;17;8;8019;;1;1;B-20;8,5;14;20;1;999;;1;1;1;1;;999;4
6;1;23;8;8019;;3;2;No inventariada;;14;3;2;1;;1;5;1;1;;999;998
6;1;11;8;8019;;3;2;No inventariada;;14;3;1;999;;3;1;3;1;;999;998
6;7;13;8;8019;;3;2;No inventariada;;14;3;2;2;;1;1;1;1;;999;998
6;1;17;8;8019;;3;2;No inventariada;;14;3;1;999;;1;1;1;1;;999;998
6;7;20;8;8019;;3;2;No inventariada;;14;7;2;2;;1;1;1;1;;999;998
6;2;9;8;8019;;3;2;No inventariada;;14;6;1;999;;1;1;1;1;;1;998
6;1;8;8;8019;;3;2;No inventariada;;14;2;2;1;;1;1;1;1;;999;998
6;2;13;8;8019;;3;2;No inventariada;;14;7;2;1;;3;1;3;1;;999;998
6;2;17;8;8019;;3;2;No inventariada;;14;7;1;999;;3;1;3;1;;999;998
6;1;18;8;8019;;3;2;No inventariada;;14;2;2;1;;3;1;3;1;;999;998
6;2;16;8;8019;;3;2;No inventariada;;14;7;2;1;;3;1;4;1;;999;998
6;2;17;8;8019;;3;2;No inventariada;;14;7;2;1;;3;1;4;1;;999;998
6;1;21;8;8019;;3;2;No inventariada;;14;3;2;1;;1;2;1;1;;999;998
6;2;14;8;8019;;3;2;No inventariada;;14;9;2;2;;3;1;1;1;;999;998
6;2;8;8;8019;;3;2;No inventariada;;14;3;2;2;;1;1;1;1;;999;998
6;2;15;8;8019;;3;2;No inventariada;;14;2;1;999;;3;1;4;1;;999;998
6;2;15;8;8019;;3;2;No inventariada;;14;9;1;999;;3;1;3;1;;999;998
6;2;22;8;8019;;3;2;No inventariada;;14;20;1;999;;3;5;4;1;;999;998
6;3;0;8;8019;;1;1;B-10;8,5;14;20;1;999;;3;5;3;1;;999;4
6;2;20;8;8019;;3;2;No inventariada;;14;2;1;999;;3;2;3;1;;999;998
6;2;18;8;8019;;3;2;No inventariada;;14;20;2;2;;3;1;3;1;;999;998
6;2;16;8;8019;;3;2;No inventariada;;14;3;2;4;;3;1;3;1;;999;998
6;3;7;8;8019;;1;1;B-10;7,4;14;20;1;999;;1;1;1;1;;999;4
6;2;17;8;8019;;3;2;No inventariada;;14;20;1;999;;1;1;1;1;;999;998
6;2;19;8;8019;;3;2;No inventariada;;14;2;2;2;;3;1;3;1;;999;998
6;2;19;8;8019;;3;2;No inventariada;;14;2;2;1;;3;1;4;1;;999;998
6;3;10;8;8019;;3;2;No inventariada;;14;2;2;2;;1;1;1;1;;999;998
6;2;19;8;8019;;1;1;B-20;6,2;14;20;1;999;;3;1;3;1;;999;4
6;3;15;8;8019;;3;2;No inventariada;;14;3;1;999;;1;1;1;1;;999;998
6;3;17;8;8019;;3;2;No inventariada;;14;20;1;999;;1;1;1;1;;999;998
6;2;18;8;8019;;3;2;No inventariada;;14;20;2;4;;3;2;3;1;;999;998
6;3;21;8;8019;;3;2;No inventariada;;14;7;2;1;;3;1;3;1;;999;998
6;3;10;8;8019;;3;2;No inventariada;;14;20;2;1;;3;1;1;1;;999;998
6;3;18;8;8019;;3;2;No inventariada;;14;2;1;999;;1;1;1;1;;999;998
6;3;21;8;8019;;3;2;No inventariada;;14;2;2;1;;3;5;3;1;;999;998
6;3;20;8;8019;;1;1;B-10;0;14;20;1;999;;3;5;3;1;;999;4
6;3;23;8;8019;;3;2;No inventariada;;14;2;2;1;;3;5;3;1;;999;998
6;4;7;8;8019;;1;1;B-20;13;14;20;1;999;;1;1;1;1;;999;4
6;4;7;8;8019;;3;2;No inventariada;;14;20;1;999;;1;1;1;1;;999;998
6;4;9;8;8019;;3;2;No inventariada;;14;9;2;1;;1;1;1;1;;999;998
6;3;10;8;8019;;3;2;No inventariada;;14;20;1;999;;1;1;1;1;;999;998
6;4;9;8;8019;;3;2;No inventariada;;14;3;1;999;;1;1;1;1;;999;998
6;4;10;8;8019;;3;2;No inventariada;;14;3;1;999;;1;1;1;1;;999;998
6;4;10;8;8019;;3;2;No inventariada;;14;2;2;1;;1;1;1;1;;999;998
6;2;17;8;8019;;3;2;No inventariada;;14;1;2;1;;1;1;1;1;;999;998
6;4;15;8;8019;;3;2;No inventariada;;14;20;2;1;;1;1;1;1;;999;998
6;4;15;8;8019;;1;1;B-20;8,9;14;20;1;999;;1;1;1;1;;999;4
6;4;18;8;8019;;3;2;No inventariada;;14;3;2;2;;1;1;1;1;;999;998
6;3;13;8;8019;;3;2;No inventariada;;14;20;1;999;;3;1;1;1;;999;998
6;4;15;8;8019;;3;2;No inventariada;;14;7;2;1;;1;1;1;1;;1;998
6;4;23;8;8019;;3;2;No inventariada;;14;20;1;999;;1;5;1;1;;999;998
6;3;16;8;8019;;3;2;No inventariada;;14;9;2;2;;1;1;1;1;;999;998
6;5;0;8;8019;;3;2;No inventariada;;14;9;1;999;;1;5;1;1;;999;998
6;3;15;8;8019;;3;2;No inventariada;;14;20;2;4;;1;1;1;1;;999;998
6;5;8;8;8019;;3;2;No inventariada;;14;3;2;1;;1;1;1;1;;999;998
6;4;8;8;8019;;3;2;No inventariada;;14;3;1;999;;1;1;1;1;;999;998
6;4;18;8;8019;;3;2;No inventariada;;14;2;2;4;;1;1;1;1;;999;998
6;5;10;8;8019;;3;2;No inventariada;;14;7;2;1;;1;1;1;1;;999;998
6;3;21;8;8019;;3;2;No inventariada;;14;1;1;999;;1;5;1;1;;999;998
6;3;14;8;8019;;3;2;No inventariada;;14;2;2;1;;1;1;1;1;;999;998
6;4;23;8;8019;;3;2;No inventariada;;14;20;2;1;;1;5;1;1;;999;998
6;5;17;8;8019;;3;2;No inventariada;;14;20;1;999;;1;1;1;1;;999;998
6;3;19;8;8019;;3;2;No inventariada;;14;9;1;999;;1;2;1;1;;999;998
6;4;21;8;8019;;3;2;No inventariada;;14;3;1;999;;1;5;1;1;;999;998
6;5;17;8;8019;;3;2;No inventariada;;14;2;2;1;;1;1;1;1;;999;998
6;5;16;8;8019;;3;2;No inventariada;;14;2;2;2;;1;1;1;1;;999;998
6;4;13;8;8019;;3;2;No inventariada;;14;20;1;999;;1;1;1;1;;999;998
6;4;15;8;8019;;3;2;No inventariada;;14;3;1;999;;1;1;1;1;;999;998
6;4;18;8;8019;;3;2;No inventariada;;14;3;2;2;;1;1;1;1;;999;998
6;5;16;8;8019;;3;2;No inventariada;;14;20;2;1;;1;1;1;1;;999;998
6;5;17;8;8019;;3;2;No inventariada;;14;20;1;999;;1;1;1;1;;999;998
6;4;11;8;8019;;3;2;No inventariada;;14;9;2;2;;1;1;1;1;;999;998
6;4;15;8;8019;;3;2;No inventariada;;14;2;1;999;;1;1;1;1;;999;998
6;5;17;8;8019;;3;2;No inventariada;;14;7;1;999;;1;1;1;1;;999;998
6;5;10;8;8019;;3;2;No inventariada;;14;20;1;999;;1;1;1;1;;999;998
6;5;13;8;8019;;3;2;No inventariada;;14;2;2;1;;1;1;1;1;;999;998
6;5;16;8;8019;;3;2;No inventariada;;14;2;1;999;;1;1;1;1;;999;998
6;5;16;8;8019;;1;1;B-20;10,5;14;20;1;999;;1;1;1;1;;999;4
6;4;18;8;8019;;3;2;No inventariada;;14;7;1;999;;1;1;1;1;;999;998
6;6;9;8;8019;;3;2;No inventariada;;14;3;2;2;;1;1;1;1;;999;998
6;6;11;8;8019;;3;2;No inventariada;;14;20;2;1;;1;1;1;1;;999;998
6;4;20;8;8019;;3;2;No inventariada;;14;7;1;999;;1;1;1;1;;999;998
6;6;12;8;8019;;3;2;No inventariada;;14;3;2;1;;1;1;1;1;;999;998
6;6;23;8;8019;;3;2;No inventariada;;14;9;1;999;;1;5;1;1;;999;998
6;4;19;8;8019;;3;2;No inventariada;;14;9;1;999;;1;1;1;1;;999;998
6;7;6;8;8019;;1;1;C-31;206,5;2;3;1;999;;1;5;1;1;;999;4
6;7;6;8;8019;;3;2;No inventariada;;14;6;2;1;;1;1;1;1;;1;998
6;6;11;8;8019;;3;2;No inventariada;;14;20;1;999;;1;1;1;1;;999;998
6;7;10;8;8019;;3;2;No inventariada;;14;19;1;999;;1;1;1;1;;999;998
6;6;17;8;8019;;3;2;No inventariada;;14;20;1;999;;1;1;1;1;;999;998
6;7;10;8;8019;;3;2;No inventariada;;14;20;1;999;;1;1;1;1;;999;998
6;7;14;8;8019;;1;1;B-10;9,5;14;6;1;999;;1;1;1;1;;999;4
6;7;15;8;8019;;3;2;No inventariada;;14;9;1;999;;1;1;1;1;;999;998
6;6;16;8;8019;;3;2;No inventariada;;14;3;1;999;;1;1;1;1;;999;998
6;6;16;8;8019;;3;2;No inventariada;;14;20;2;1;;1;1;1;1;;999;998
6;6;18;8;8019;;3;2;No inventariada;;14;3;1;999;;1;1;1;1;;999;998
6;7;14;8;8019;;3;2;No inventariada;;14;7;1;999;;1;1;1;1;;999;998
6;7;16;8;8019;;3;2;No inventariada;;14;3;2;1;;1;1;1;1;;999;998
6;7;23;8;8019;;3;2;No inventariada;;14;3;1;999;;1;5;1;1;;999;998
6;7;20;8;8019;;3;2;No inventariada;;14;7;1;999;;1;1;1;1;;999;998
6;6;22;8;8019;;3;2;No inventariada;;14;20;1;999;;1;5;1;1;;999;998
6;1;8;8;8019;;3;2;No inventariada;;14;20;1;999;;1;1;1;1;;999;998
6;1;9;8;8019;;3;2;No inventariada;;14;7;2;2;;1;1;1;1;;999;998
5;3;10;8;8019;;3;2;No inventariada;;14;9;1;999;;1;1;1;1;;17;998
6;1;9;8;8019;;1;1;B-10;6;14;20;1;999;;1;1;1;1;;999;4
6;1;12;8;8019;;3;2;No inventariada;;14;3;2;1;;1;1;1;1;;999;998
6;1;5;8;8019;;3;2;No inventariada;;14;7;1;999;;1;5;1;1;;999;998
6;1;8;8;8019;;3;2;No inventariada;;14;9;1;999;;1;1;1;1;;999;998
6;7;21;8;8019;;3;2;No inventariada;;14;2;2;1;;1;5;1;1;;999;998
6;1;13;8;8019;;3;2;No inventariada;;14;20;1;999;;1;1;1;1;;999;998
6;7;23;8;8019;;3;2;No inventariada;;14;3;2;1;;1;5;1;1;;999;998
6;1;13;8;8019;;3;2;No inventariada;;14;3;2;1;;1;1;1;1;;999;998
6;1;14;8;8019;;3;2;No inventariada;;14;9;1;999;;1;1;1;1;;999;998
6;1;17;8;8019;;3;2;No inventariada;;14;20;2;1;;1;1;1;1;;999;998
6;1;18;8;8019;;3;2;No inventariada;;14;2;2;1;;1;5;1;1;;999;998
6;1;19;8;8019;;3;2;No inventariada;;14;2;2;2;;1;1;1;1;;999;998
6;1;18;8;8019;;3;2;No inventariada;;14;7;1;999;;1;1;1;1;;999;998
6;6;19;8;8019;;3;2;No inventariada;;14;20;1;999;;1;1;1;1;;999;998
6;2;12;8;8019;;3;2;No inventariada;;14;2;2;1;;1;1;1;1;;999;998
6;2;10;8;8019;;3;2;No inventariada;;14;20;1;999;;1;1;1;1;;999;998
6;2;8;8;8019;;3;2;No inventariada;;14;7;1;999;;1;1;1;1;;999;998
6;2;8;8;8019;;1;1;B-10;6,8;14;20;1;999;;1;1;1;1;;999;4
6;2;9;8;8019;;3;2;No inventariada;;14;2;2;1;;1;1;1;1;;999;998
6;2;18;8;8019;;3;2;No inventariada;;14;3;1;999;;1;1;1;1;;999;998
6;2;9;8;8019;;3;2;No inventariada;;14;3;2;1;;1;1;1;1;;999;998
6;2;18;8;8019;;3;2;No inventariada;;14;3;1;999;;1;1;1;1;;999;998
6;2;23;8;8019;;3;2;No inventariada;;14;2;2;1;;1;5;1;1;;999;998
6;2;15;8;8019;;3;2;No inventariada;;14;2;1;999;;1;1;1;1;;999;998
6;2;18;8;8019;;3;2;No inventariada;;14;20;1;999;;1;1;1;1;;999;998
6;3;13;8;8019;;3;2;No inventariada;;14;2;2;1;;1;1;1;1;;999;998
6;2;8;8;8019;;3;2;No inventariada;;14;3;2;1;;1;1;1;1;;999;998
6;3;7;8;8019;;3;2;No inventariada;;14;3;1;999;;1;1;1;1;;999;998
6;5;9;8;8019;;3;2;No inventariada;;14;3;1;999;;1;1;1;1;;999;998
6;3;11;8;8019;;3;2;No inventariada;;14;2;1;999;;1;1;1;1;;999;998
6;3;13;8;8019;;3;2;No inventariada;;14;20;1;999;;1;1;1;1;;999;998
6;2;8;8;8019;;3;2;No inventariada;;14;20;1;999;;1;1;1;1;;999;998
6;3;9;8;8019;;3;2;No inventariada;;14;3;1;999;;1;1;1;1;;999;998
6;3;9;8;8019;;3;2;No inventariada;;14;20;1;999;;1;1;1;1;;999;998
6;3;14;8;8019;;3;2;No inventariada;;14;2;1;999;;1;1;1;1;;999;998
6;1;14;8;8019;;3;2;No inventariada;;14;20;1;999;;1;1;1;1;;999;998
6;3;15;8;8019;;3;2;No inventariada;;14;20;2;2;;1;1;1;1;;999;998
6;3;14;8;8019;;3;2;No inventariada;;14;2;2;1;;1;1;1;1;;999;998
6;3;14;8;8019;;3;2;No inventariada;;14;20;1;999;;1;1;1;1;;999;998
6;3;12;8;8019;;3;2;No inventariada;;14;9;1;999;;1;1;1;1;;999;998
6;3;13;8;8019;;3;2;No inventariada;;14;1;2;1;;1;1;1;1;;999;998
6;4;3;8;8019;;3;2;No inventariada;;14;20;1;999;;3;5;3;1;;999;998
6;4;8;8;8019;;1;1;B-20;13,9;14;3;1;999;;3;5;3;1;;999;4
6;3;19;8;8019;;3;2;No inventariada;;14;2;1;999;;1;1;1;1;;999;998
6;3;18;8;8019;;3;2;No inventariada;;14;7;1;999;;1;1;1;1;;999;998
6;4;15;8;8019;;3;2;No inventariada;;14;2;2;2;;1;1;1;1;;999;998
6;4;6;8;8019;;1;1;B-20;9,5;14;20;1;999;;1;1;1;1;;999;4
6;5;1;8;8019;;3;2;No inventariada;;14;9;2;2;;3;5;1;1;;999;998
6;4;9;8;8019;;3;2;No inventariada;;14;7;2;1;;3;1;3;1;;999;998
6;4;9;8;8019;;3;2;No inventariada;;14;7;1;999;;3;1;1;1;;999;998
6;4;14;8;8019;;3;2;No inventariada;;14;7;2;1;;1;1;1;1;;999;998
6;3;19;8;8019;;3;2;No inventariada;;14;20;2;1;;1;1;1;1;;999;998
6;4;14;8;8019;;1;1;B-20;5,6;14;3;1;999;;3;1;1;1;;999;4
6;4;14;8;8019;;3;2;No inventariada;;14;9;1;999;;3;1;3;1;;999;998
6;5;7;8;8019;;3;2;No inventariada;;14;20;1;999;;1;1;1;1;;999;998
6;5;10;8;8019;;3;2;No inventariada;;14;2;2;1;;1;1;1;1;;999;998
6;5;11;8;8019;;3;2;No inventariada;;14;20;2;2;;1;1;1;1;;999;998
6;5;10;8;8019;;3;2;No inventariada;;14;20;1;999;;1;1;1;1;;999;998
6;5;12;8;8019;;3;2;No inventariada;;14;20;1;999;;1;1;1;1;;999;998
6;5;10;8;8019;;3;2;No inventariada;;14;3;1;999;;1;1;1;1;;999;998
6;5;7;8;8019;;3;2;No inventariada;;14;3;1;999;;1;5;1;1;;999;998
6;5;7;8;8019;;1;1;B-20;14,2;14;20;1;999;;1;1;1;1;;999;4
6;5;14;8;8019;;3;2;No inventariada;;14;2;2;2;;1;1;1;1;;999;998
6;5;8;8;8019;;1;1;B-10;11;3;20;1;999;;1;5;1;1;;999;4
6;1;13;8;8019;;3;2;No inventariada;;14;7;1;999;;1;1;1;1;;999;998
6;7;15;8;8019;;3;2;No inventariada;;14;9;1;999;;1;1;1;1;;999;998
6;5;8;8;8019;;3;2;No inventariada;;14;20;1;999;;1;1;1;1;;999;998
6;5;15;8;8019;;3;2;No inventariada;;14;20;1;999;;1;1;1;1;;999;998
6;4;12;8;8019;;3;2;No inventariada;;14;20;1;999;;3;1;3;1;;999;998
6;5;15;8;8019;;3;2;No inventariada;;14;7;2;1;;1;1;1;1;;999;998
6;5;11;8;8019;;1;1;B-20;10,2;14;20;1;999;;1;1;1;1;;999;4
6;6;11;8;8019;;1;1;B-20;15,5;14;20;1;999;;1;5;1;1;;999;4
6;5;21;8;8019;;3;2;No inventariada;;14;3;2;1;;1;5;1;1;;999;998
6;6;13;8;8019;;1;1;B-20;16;14;3;1;999;;1;5;1;1;;999;4
6;5;21;8;8019;;3;2;No inventariada;;14;9;2;1;;1;5;1;1;;999;998
6;5;14;8;8019;;1;1;B-10;7,9;14;20;1;999;;1;1;1;1;;999;4
6;6;12;8;8019;;3;2;No inventariada;;14;2;1;999;;1;1;1;1;;999;998
6;6;12;8;8019;;3;2;No inventariada;;14;20;1;999;;1;1;1;1;;999;998
6;5;20;8;8019;;3;2;No inventariada;;14;3;2;1;;1;1;1;1;;999;998
6;6;15;8;8019;;3;2;No inventariada;;14;7;2;1;;1;1;1;1;;999;998
6;6;12;8;8019;;3;2;No inventariada;;14;9;2;2;;1;1;1;1;;999;998
6;6;19;8;8019;;3;2;No inventariada;;14;3;2;1;;1;1;1;1;;999;998
6;6;19;8;8019;;3;2;No inventariada;;14;7;1;999;;1;1;1;1;;999;998
6;6;19;8;8019;;3;2;No inventariada;;14;20;1;999;;1;1;1;1;;999;998
6;6;18;8;8019;;1;1;B-20;10,5;14;20;1;999;;1;5;1;1;;999;4
6;6;0;8;8019;;3;2;No inventariada;;14;20;2;1;;1;5;1;1;;999;998
6;7;6;8;8019;;3;2;No inventariada;;14;2;2;1;;1;1;1;1;;1;998
6;6;23;8;8019;;3;2;No inventariada;;14;2;2;1;;1;5;1;1;;999;998
6;4;22;8;8019;;3;2;No inventariada;;14;9;2;1;;1;5;1;1;;999;998