MES;DIA_SEMANA;HORA;COD_PROVINCIA;COD_MUNICIPIO;ISLA;ZONA;ZONA_AGRUPADA;CARRETERA;KM;TIPO_VIA;TIPO_ACCIDENTE;NUDO;NUDO_INFO;CARRETERA_CRUCE;CONDICION_FIRME;CONDICION_ILUMINACION;CONDICION_METEO;CONDICION_NIEBLA;CONDICION_VIENTO;VISIB_RESTRINGIDA_POR;TRAZADO_PLANTA
9;1;9;8;8019;;3;2;No inventariada;;14;9;2;1;;1;1;1;1;;999;998
9;1;11;8;8019;;3;2;No inventariada;;14;3;2;2;;1;1;1;1;;999;998
9;1;11;8;8019;;1;1;B-20;6,5;14;20;1;999;;1;5;1;1;;999;4
9;1;13;8;8019;;1;1;C-31;206,5;2;20;1;999;;1;1;1;1;;999;4
9;1;11;8;8019;;3;2;No inventariada;;14;2;1;999;;1;1;1;1;;999;998
9;1;16;8;8019;;3;2;No inventariada;;14;20;1;999;;1;1;1;1;;999;998
9;1;16;8;8019;;3;2;No inventariada;;14;7;1;999;;1;1;1;1;;999;998
9;1;16;8;8019;;1;1;B-20;11,2;14;20;1;999;;1;1;1;1;;999;4
9;1;17;8;8019;;3;2;No inventariada;;14;20;1;999;;1;1;1;1;;999;998
9;1;18;8;8019;;1;1;C-31;208,5;14;20;1;999;;1;1;1;1;;999;4
9;1;17;8;8019;;3;2;No inventariada;;14;20;1;999;;1;1;1;1;;999;998
9;1;21;8;8019;;3;2;No inventariada;;14;2;2;1;;1;5;1;1;;999;998
9;1;18;8;8019;;3;2;No inventariada;;14;20;2;1;;1;1;1;1;;999;998
9;1;20;8;8019;;3;2;No inventariada;;14;7;2;1;;1;5;1;1;;999;998
9;1;22;8;8019;;3;2;No inventariada;;14;20;1;999;;1;5;1;1;;999;998
9;2;8;8;8019;;3;2;No inventariada;;14;3;2;1;;1;1;1;1;;999;998
9;2;10;8;8019;;3;2;No inventariada;;14;2;2;1;;1;1;1;1;;1;998
9;2;11;8;8019;;3;2;No inventariada;;14;3;2;1;;1;1;1;1;;999;998
9;2;12;8;8019;;3;2;No inventariada;;14;3;2;1;;1;1;1;1;;999;998
9;2;15;8;8019;;3;2;No inventariada;;14;2;2;2;;1;1;1;1;;999;998
9;2;16;8;8019;;3;2;No inventariada;;14;3;2;1;;1;1;1;1;;999;998
9;2;15;8;8019;;1;1;B-10;9,7;14;20;1;999;;1;1;1;1;;999;4
9;2;15;8;8019;;3;2;No inventariada;;14;20;1;999;;1;1;1;1;;999;998
9;2;17;8;8019;;3;2;No inventariada;;14;3;2;4;;1;1;1;1;;999;998
9;2;18;8;8019;;1;1;B-20;13,5;14;20;1;999;;1;1;1;1;;999;4
9;2;17;8;8019;;3;2;No inventariada;;14;7;1;999;;1;1;1;1;;999;998
9;2;11;8;8019;;3;2;No inventariada;;14;3;1;999;;1;1;1;1;;999;998
9;2;20;8;8019;;3;2;No inventariada;;14;9;2;1;;3;2;1;1;;999;998
9;2;17;8;8019;;3;2;No inventariada;;14;3;1;999;;1;1;1;1;;999;998
9;3;8;8;8019;;3;2;No inventariada;;14;2;2;1;;1;1;1;1;;999;998
9;3;11;8;8019;;3;2;No inventariada;;14;3;1;999;;1;1;1;1;;999;998
9;3;12;8;8019;;3;2;No inventariada;;14;3;1;999;;1;1;1;1;;999;998
9;3;14;8;8019;;3;2;No inventariada;;14;7;2;1;;1;1;1;1;;999;998
9;3;14;8;8019;;1;1;B-20;10,5;14;20;1;999;;1;1;1;1;;999;4
9;3;19;8;8019;;3;2;No inventariada;;14;9;2;1;;3;2;3;1;;999;998
9;3;19;8;8019;;3;2;No inventariada;;14;3;2;2;;3;1;1;1;;999;998
9;4;8;8;8019;;3;2;No inventariada;;14;3;1;999;;1;1;1;1;;999;998
9;4;8;8;8019;;3;2;No inventariada;;14;20;1;999;;1;1;1;1;;999;998
9;4;9;8;8019;;3;2;No inventariada;;14;20;1;999;;1;1;1;1;;999;998
9;4;6;8;8019;;3;2;No inventariada;;14;6;1;999;;1;5;1;1;;999;998
9;4;9;8;8019;;3;2;No inventariada;;14;20;1;999;;1;1;1;1;;999;998
9;4;9;8;8019;;3;2;No inventariada;;14;3;1;999;;1;1;1;1;;999;998
9;4;12;8;8019;;3;2;No inventariada;;14;20;1;999;;1;1;1;1;;999;998
9;4;10;8;8019;;3;2;No inventariada;;14;20;1;999;;1;1;1;1;;999;998
9;4;8;8;8019;;3;2;No inventariada;;14;3;1;999;;1;1;1;1;;999;998
9;5;0;8;8019;;3;2;No inventariada;;14;20;1;999;;1;5;1;1;;999;998
9;4;19;8;8019;;3;2;No inventariada;;14;3;2;1;;1;1;1;1;;999;998
9;5;7;8;8019;;3;2;No inventariada;;14;7;1;999;;3;5;3;1;;999;998
9;5;7;8;8019;;3;2;No inventariada;;14;2;2;1;;1;1;1;1;;999;998
9;4;14;8;8019;;3;2;No inventariada;;14;20;1;999;;1;1;1;1;;999;998
9;4;20;8;8019;;3;2;No inventariada;;14;6;1;999;;1;5;1;1;;999;998
9;5;16;8;8019;;1;1;B-10;5,3;14;20;1;999;;3;1;1;1;;999;4
9;5;15;8;8019;;3;2;No inventariada;;14;2;2;1;;1;1;1;1;;999;998
9;4;17;8;8019;;3;2;No inventariada;;14;20;1;999;;1;1;1;1;;999;998
9;5;8;8;8019;;3;2;No inventariada;;14;20;1;999;;3;2;3;1;;999;998
9;5;8;8;8019;;3;2;No inventariada;;14;2;2;2;;3;1;3;1;;999;998
9;5;20;8;8019;;3;2;No inventariada;;14;7;2;1;;1;5;1;1;;999;998
9;5;16;8;8019;;3;2;No inventariada;;14;20;1;999;;1;1;1;1;;999;998
9;5;18;8;8019;;2;2;BV-1418;2,3;14;2;1;999;;1;1;1;1;;999;4
9;5;17;8;8019;;3;2;No inventariada;;14;20;2;1;;1;1;1;1;;999;998
9;6;3;8;8019;;3;2;No inventariada;;14;20;1;999;;3;5;3;1;;999;998
9;5;10;8;8019;;3;2;No inventariada;;14;20;1;999;;3;1;4;1;;999;998
9;5;11;8;8019;;3;2;No inventariada;;14;6;1;999;;3;1;3;1;;999;998
9;5;19;8;8019;;3;2;No inventariada;;14;20;1;999;;1;1;1;1;;999;998
9;5;19;8;8019;;3;2;No inventariada;;14;2;2;1;;1;1;1;1;;999;998
9;5;21;8;8019;;3;2;No inventariada;;14;3;2;1;;1;1;1;1;;999;998
9;5;21;8;8019;;3;2;No inventariada;;14;20;1;999;;1;5;1;1;;999;998
9;5;20;8;8019;;3;2;No inventariada;;14;3;1;999;;1;1;1;1;;999;998
9;6;20;8;8019;;1;1;B-10;14,8;3;9;1;999;;3;2;3;1;;999;4
9;5;10;8;8019;;3;2;No inventariada;;14;9;2;1;;3;1;4;1;;999;998
9;6;20;8;8019;;3;2;No inventariada;;14;9;1;999;;3;5;3;1;;999;998
9;6;9;8;8019;;3;2;No inventariada;;14;20;2;1;;1;1;1;1;;999;998
9;7;6;8;8019;;1;1;B-10;5,5;14;20;1;999;;1;5;1;1;;999;4
9;7;6;8;8019;;3;2;No inventariada;;14;2;2;1;;3;5;1;1;;999;998
9;7;5;8;8019;;3;2;No inventariada;;14;9;2;2;;3;5;3;1;;999;998
9;7;14;8;8019;;3;2;No inventariada;;14;20;1;999;;1;1;1;1;;999;998
9;7;18;8;8019;;3;2;No inventariada;;14;9;1;999;;3;1;1;1;;999;998
9;1;13;8;8019;;3;2;No inventariada;;14;7;1;999;;1;1;1;1;;999;998
9;5;15;8;8019;;3;2;No inventariada;;14;20;2;1;;3;1;3;1;;999;998
9;1;15;8;8019;;3;2;No inventariada;;14;2;1;999;;1;1;1;1;;999;998
9;1;18;8;8019;;3;2;No inventariada;;14;1;1;999;;1;1;1;1;;999;998
9;1;20;8;8019;;3;2;No inventariada;;14;20;1;999;;1;5;1;1;;999;998
9;2;10;8;8019;;3;2;No inventariada;;14;3;1;999;;1;1;1;1;;999;998
9;2;13;8;8019;;3;2;No inventariada;;14;20;1;999;;1;1;1;1;;999;998
9;2;16;8;8019;;3;2;No inventariada;;14;3;2;1;;1;1;1;1;;999;998
9;2;14;8;8019;;3;2;No inventariada;;14;3;1;999;;1;1;1;1;;999;998
9;2;16;8;8019;;3;2;No inventariada;;14;3;2;1;;1;1;1;1;;999;998
9;2;20;8;8019;;3;2;No inventariada;;14;3;2;2;;1;1;1;1;;999;998
9;1;15;8;8019;;3;2;No inventariada;;14;9;2;1;;1;1;1;1;;999;998
9;3;12;8;8019;;3;2;No inventariada;;14;20;1;999;;1;1;1;1;;999;998
9;3;10;8;8019;;3;2;No inventariada;;14;3;2;1;;1;1;1;1;;999;998
9;3;12;8;8019;;3;2;No inventariada;;14;20;1;999;;1;1;1;1;;999;998
9;3;14;8;8019;;3;2;No inventariada;;14;20;1;999;;1;1;1;1;;999;998
9;3;12;8;8019;;3;2;No inventariada;;14;20;2;4;;1;1;1;1;;999;998
9;3;14;8;8019;;3;2;No inventariada;;14;20;1;999;;1;1;1;1;;999;998
9;3;16;8;8019;;3;2;No inventariada;;14;2;2;1;;1;1;1;1;;999;998
9;3;19;8;8019;;3;2;No inventariada;;14;9;1;999;;1;2;1;1;;999;998
9;3;12;8;8019;;3;2;No inventariada;;14;20;1;999;;1;1;1;1;;999;998
9;4;8;8;8019;;3;2;No inventariada;;14;2;2;1;;1;1;1;1;;999;998
9;4;8;8;8019;;3;2;No inventariada;;14;20;1;999;;1;1;1;1;;999;998
9;4;14;8;8019;;3;2;No inventariada;;14;20;1;999;;1;1;1;1;;999;998
11;2;21;8;8219;;3;2;No inventariada;;14;2;1;999;;1;4;1;;;1;998
4;7;2;8;8019;;3;2;No inventariada;;14;20;1;999;;1;5;1;1;;999;998
9;3;13;8;8202;;1;1;C-35;64;6;4;1;999;;3;1;3;;;999;4
10;3;21;8;8180;;3;2;No inventariada;;14;6;1;999;;1;4;1;;;17;998
10;4;15;8;8180;;2;2;N-150;5,3;14;3;1;999;;1;1;1;;;17;4
12;1;17;8;8282;;1;1;B-500;4,3;6;2;2;;;1;1;1;;;17;4
11;5;13;8;8301;;2;2;C-245;7,4;14;3;2;1;;1;1;1;;;17;4
12;3;18;8;8194;;3;2;No inventariada;;14;9;1;999;;1;4;1;;;17;998
11;4;9;8;8301;;3;2;No inventariada;;14;2;2;4;;1;1;1;;;17;998
11;1;9;8;8301;;2;2;C-245;7,4;14;9;1;999;;1;1;1;;;17;4
11;7;13;8;8301;;3;2;No inventariada;;14;4;1;999;;1;1;1;;;17;998
11;6;10;8;8301;;3;2;No inventariada;;14;2;2;4;;1;1;1;;;17;998
11;5;14;8;8301;;2;2;C-245;7,4;14;9;2;2;;1;1;1;;;17;4
11;4;11;8;8301;;3;2;No inventariada;;14;2;2;4;;1;1;1;;;17;998
10;4;13;8;8015;;3;2;No inventariada;;14;2;2;1;;1;1;1;;;17;998
10;4;15;8;8015;;3;2;No inventariada;;14;3;1;999;;1;1;1;;;17;998
12;3;9;8;8180;;3;2;No inventariada;;14;7;1;999;;1;1;1;;;17;998
12;5;15;8;8180;;3;2;No inventariada;;14;7;2;2;;1;1;1;;;17;998
11;2;11;8;8180;;3;2;No inventariada;;14;7;1;999;;1;1;1;;;17;998
12;4;14;8;8180;;3;2;No inventariada;;14;7;1;999;;1;1;1;;;17;998
12;3;12;8;8015;;3;2;No inventariada;;14;9;2;1;;1;1;1;;;17;998
11;3;12;8;8301;;3;2;No inventariada;;14;9;1;999;;3;1;3;;;17;998
11;6;21;8;8301;;3;2;No inventariada;;14;9;2;1;;8;4;1;;;17;998
11;2;21;8;8301;;3;2;No inventariada;;14;9;1;999;;8;1;1;;;17;998
11;7;20;8;8301;;3;2;No inventariada;;14;2;1;999;;3;1;3;;;17;998
11;5;17;8;8301;;3;2;No inventariada;;14;4;2;4;;1;1;1;;;17;998
12;3;10;8;8035;;3;2;No inventariada;;14;7;2;1;;1;1;1;;;17;998
12;3;11;8;8035;;3;2;No inventariada;;14;2;2;1;;1;1;1;;;17;998
12;6;12;8;8035;;3;2;No inventariada;;14;4;2;4;;1;1;1;;;17;998
12;7;13;8;8035;;3;2;No inventariada;;14;9;2;1;;1;1;1;;;17;998
12;1;15;8;8301;;3;2;No inventariada;;14;3;2;1;;1;1;1;;;17;998
12;1;11;8;8156;;3;2;No inventariada;;14;7;1;999;;1;1;1;;;17;998
12;5;16;8;8301;;3;2;No inventariada;;14;4;2;4;;1;1;1;;;17;998
12;4;15;8;8156;;3;2;No inventariada;;14;1;1;999;;1;1;1;;;17;998
12;2;12;8;8301;;3;2;No inventariada;;14;4;1;999;;1;1;1;;;17;998
12;6;14;8;8301;;3;2;No inventariada;;14;2;2;1;;1;1;1;;;17;998
12;5;12;8;8035;;3;2;No inventariada;;14;3;2;1;;1;1;1;;;17;998
12;6;11;8;8301;;3;2;No inventariada;;14;6;2;1;;1;1;1;;;17;998
12;7;23;8;8301;;1;1;No inventariada;2;6;6;1;999;;1;4;1;;;17;4
12;6;6;8;8035;;3;2;No inventariada;;14;6;2;1;;1;4;1;;;17;998
12;7;8;8;8301;;3;2;No inventariada;;14;2;2;4;;1;1;1;;;17;998
12;6;16;8;8301;;3;2;No inventariada;;14;2;2;2;;1;1;1;;;17;998
12;1;7;8;8301;;3;2;No inventariada;;14;2;2;4;;1;4;1;;;17;998
12;6;20;8;8015;;3;2;No inventariada;;14;7;1;999;;1;2;1;;;17;998
12;2;16;8;8015;;3;2;No inventariada;;14;2;2;4;;1;1;1;;;17;998
12;2;21;8;8015;;3;2;No inventariada;;14;7;2;2;;1;4;1;;;17;998
12;6;23;8;8015;;3;2;No inventariada;;14;9;1;999;;1;4;1;;;17;998
11;4;1;8;8015;;3;2;No inventariada;;14;2;2;1;;1;4;1;;;17;998
11;2;13;8;8180;;3;2;No inventariada;;14;2;1;999;;1;1;1;;;17;998
10;3;11;8;8180;;3;2;No inventariada;;14;9;2;4;;1;1;1;;;17;998
12;7;13;8;8181;;3;2;No inventariada;;14;7;2;2;;1;1;1;;;17;998
12;6;16;8;8181;;3;2;No inventariada;;14;7;1;999;;1;1;1;;;17;998
12;1;13;8;8181;;3;2;No inventariada;;14;1;1;999;;1;1;1;;;17;998
12;2;20;8;8121;;3;2;No inventariada;;14;9;1;999;;1;4;1;;;17;998
12;2;1;8;8121;;3;2;No inventariada;;14;9;2;1;;1;4;1;;;17;998
12;6;17;8;8121;;3;2;No inventariada;;14;7;2;1;;1;1;1;;;17;998
12;3;12;8;8121;;3;2;No inventariada;;14;9;1;999;;3;1;3;;;17;998
12;4;22;8;8121;;3;2;No inventariada;;14;4;1;999;;1;4;1;;;17;998
12;7;8;8;8015;;3;2;No inventariada;;14;9;1;999;;1;1;1;;;17;998
11;1;13;8;8015;;3;2;No inventariada;;14;4;1;999;;4;1;4;;;17;998
11;5;13;8;8015;;3;2;No inventariada;;14;7;1;999;;1;1;1;;;17;998
9;7;2;8;8114;;2;2;No inventariada;;14;20;2;2;;1;4;1;;;17;4
9;7;13;8;8114;;3;2;No inventariada;;14;4;1;999;;1;1;1;;;17;998
10;3;20;8;8114;;3;2;No inventariada;;14;2;2;4;;3;5;4;;;17;998
10;5;10;8;8114;;3;2;No inventariada;;14;6;2;4;;8;1;1;;;17;998
10;3;11;8;8114;;3;2;No inventariada;;14;7;2;;;1;1;1;;;17;998
10;4;10;8;8015;;2;2;BV-5011;0,5;14;6;1;999;;1;1;1;;;17;4
11;4;7;8;8015;;3;2;No inventariada;;14;4;1;999;;1;1;1;;;17;998
11;1;12;8;8015;;3;2;No inventariada;;14;6;1;999;;1;1;1;;;17;998
12;5;13;8;8015;;3;2;No inventariada;;14;7;1;999;;1;1;1;;;17;998
12;1;10;8;8015;;3;2;No inventariada;;14;3;2;2;;1;1;1;;;17;998
12;4;10;8;8015;;3;2;No inventariada;;14;4;1;999;;1;1;1;;;17;998
12;7;10;8;8015;;3;2;No inventariada;;14;9;2;1;;1;1;1;;;17;998
12;6;11;8;8015;;3;2;No inventariada;;14;3;1;999;;1;1;1;;;17;998
12;1;14;8;8015;;3;2;No inventariada;;14;2;2;1;;1;1;1;;;17;998
12;2;17;8;8101;;3;2;No inventariada;;14;3;2;1;;1;1;1;;;17;998
12;6;19;8;8252;;3;2;No inventariada;;14;2;1;999;;1;4;1;;;17;998
12;1;20;8;8252;;3;2;No inventariada;;14;2;1;999;;1;4;1;;;17;998
12;3;13;8;8252;;3;2;No inventariada;;14;7;2;1;;1;1;1;;;17;998
12;1;16;8;8252;;2;2;No inventariada;;14;2;2;4;;1;1;1;;;17;4
11;4;18;8;8112;;3;2;No inventariada;;14;7;2;4;;3;4;3;;;17;998
12;3;18;8;8003;;3;2;No inventariada;;14;2;1;999;;3;1;3;;;17;998
12;6;12;8;8003;;1;1;BP-5002;3;6;2;2;2;;1;1;1;;;17;4
11;5;22;8;8121;;3;2;No inventariada;;14;2;1;999;;1;4;1;;;17;998
12;4;21;8;8121;;3;2;No inventariada;;14;6;1;999;;1;4;1;;;17;998
12;3;21;8;8245;;3;2;No inventariada;;14;2;2;4;;1;4;1;;;17;998
12;3;21;8;8089;;3;2;No inventariada;;14;2;2;1;;1;4;1;;;17;998
12;7;14;8;8121;;3;2;No inventariada;;14;2;2;1;;1;1;1;;;17;998
12;5;15;8;8245;;3;2;No inventariada;;14;9;1;999;;1;1;1;;;17;998
11;6;1;8;8015;;3;2;No inventariada;;14;9;1;999;;3;5;3;;;17;998
12;4;16;8;8135;;3;2;No inventariada;;14;7;1;999;;1;1;1;;;17;998
8;5;15;8;8015;;3;2;No inventariada;;14;3;2;2;;1;1;1;;;17;998
12;6;16;8;8108;;3;2;No inventariada;;14;6;1;999;;1;1;1;;;17;998
12;2;17;8;8101;;3;2;No inventariada;;14;9;1;999;;1;2;1;;;17;998
12;4;17;8;8101;;3;2;No inventariada;;14;2;1;999;;3;2;4;;;17;998
12;3;18;8;8101;;3;2;No inventariada;;14;7;2;2;;3;4;3;;;17;998
12;1;14;8;8101;;3;2;No inventariada;;14;7;1;999;;1;1;1;;;17;998
3;5;9;8;8106;;3;2;No inventariada;;14;7;1;999;;1;1;1;;;17;998
9;3;19;8;8279;;3;2;No inventariada;;14;7;2;1;;1;2;1;;;17;998
3;1;14;8;8106;;3;2;No inventariada;;14;2;1;999;;1;1;1;;;17;998
1;5;22;8;8106;;3;2;No inventariada;;14;6;1;999;;1;5;1;;;17;998
9;2;16;8;8279;;1;1;N-150;19,5;14;4;2;;;1;1;1;;;17;4
2;6;13;8;8106;;3;2;No inventariada;;14;4;1;999;;1;1;1;;;17;998
9;3;20;8;8279;;3;2;No inventariada;;14;4;1;999;;1;4;1;;;17;998
9;4;9;8;8279;;3;2;No inventariada;;14;7;1;999;;1;1;1;;;17;998
12;1;10;8;8121;;3;2;No inventariada;;14;7;2;2;;1;1;1;;;17;998
9;4;18;8;8279;;3;2;No inventariada;;14;6;1;999;;1;1;1;;;17;998
12;1;13;8;8121;;3;2;No inventariada;;14;7;2;1;;1;1;1;;;17;998
9;4;17;8;8279;;3;2;No inventariada;;14;19;1;999;;1;1;1;;;17;998
9;5;8;8;8279;;3;2;No inventariada;;14;4;1;999;;1;1;1;;;17;998
2;1;17;8;8106;;3;2;No inventariada;;14;1;1;999;;1;4;1;;;17;998
12;2;10;8;8121;;3;2;No inventariada;;14;7;1;999;;1;1;1;;;17;998
1;5;14;8;8106;;3;2;No inventariada;;14;7;1;999;;3;1;3;;;17;998
12;4;7;8;8121;;3;2;No inventariada;;14;2;2;4;;1;4;1;;;1;998
1;7;11;8;8106;;3;2;No inventariada;;14;3;2;4;;1;1;1;;;17;998
9;5;15;8;8279;;1;1;C-58;17;2;6;1;999;;1;1;1;;;17;4
1;2;17;8;8106;;3;2;No inventariada;;14;2;1;999;;1;1;1;;;17;998
12;7;23;8;8121;;3;2;No inventariada;;14;9;1;999;;1;4;1;;;17;998
3;5;18;8;8106;;3;2;No inventariada;;14;2;2;;;1;4;1;;;17;998
10;5;22;8;8307;;3;2;No inventariada;;14;19;2;;;1;4;1;;;17;998
11;2;12;8;8106;;3;2;No inventariada;;14;4;1;999;;1;1;1;;;17;998
12;5;18;8;8121;;3;2;No inventariada;;14;6;1;999;;1;2;1;;;17;998
4;1;9;8;8106;;3;2;No inventariada;;14;2;2;1;;3;1;1;;;17;998
12;5;15;8;8123;;3;2;No inventariada;;14;1;1;999;;1;1;1;;;17;998
12;5;3;8;8121;;3;2;No inventariada;;14;6;1;999;;1;4;1;;;17;998
5;4;12;8;8106;;3;2;No inventariada;;14;3;1;999;;1;1;1;;;17;998
11;5;14;8;8123;;3;2;No inventariada;;14;2;1;999;;1;1;1;;;17;998
11;6;13;8;8123;;3;2;No inventariada;;14;2;1;999;;1;1;1;;;17;998
12;3;15;8;8123;;3;2;No inventariada;;14;2;1;999;;1;1;1;;;17;998
12;6;14;8;8123;;3;2;No inventariada;;14;4;1;999;;1;1;1;;;17;998
12;7;2;8;8123;;3;2;No inventariada;;14;7;1;999;;1;4;1;;;17;998
9;4;20;8;8015;;3;2;No inventariada;;14;9;1;999;;1;2;1;;;17;998
12;6;21;8;8123;;3;2;No inventariada;;14;9;1;999;;1;4;1;;;17;998
12;2;7;8;8123;;3;2;No inventariada;;14;4;1;999;;1;1;1;;;17;998
12;1;18;8;8169;;3;2;No inventariada;;14;3;1;999;;1;1;1;;;17;998
8;6;18;8;8015;;3;2;No inventariada;;14;2;2;1;;1;1;1;;;17;998
2;4;14;8;8107;;3;2;No inventariada;;14;3;1;999;;1;1;1;;;17;998
12;2;20;8;8015;;3;2;No inventariada;;14;2;2;1;;1;4;1;;;17;998
11;5;17;8;8101;;3;2;No inventariada;;14;9;1;999;;1;1;1;;;17;998
12;2;10;8;8121;;3;2;No inventariada;;14;2;2;1;;1;1;1;;;17;998
12;1;8;8;8121;;3;2;No inventariada;;14;9;2;1;;1;1;1;;;17;998
12;1;16;8;8121;;3;2;No inventariada;;14;19;2;4;;1;1;1;;;17;998
12;3;13;8;8121;;3;2;No inventariada;;14;6;2;1;;1;1;1;;;17;998
12;3;21;8;8121;;3;2;No inventariada;;14;2;2;1;;1;4;1;;;17;998
12;4;8;8;8121;;3;2;No inventariada;;14;7;2;1;;1;1;1;;;17;998
6;3;21;8;8266;;3;2;No inventariada;;14;9;1;999;;1;1;1;;;17;998
10;5;10;8;8282;;2;2;BV-5008;2;14;2;2;2;;1;1;1;;;17;4
12;2;15;8;8200;;3;2;No inventariada;;14;7;1;999;;1;1;1;;;17;998
12;7;14;8;8200;;3;2;No inventariada;;14;4;1;999;;1;1;1;;;17;998
12;4;21;8;8200;;3;2;No inventariada;;14;9;2;2;;3;4;3;;;17;998
12;4;20;8;8200;;3;2;No inventariada;;14;2;1;999;;1;4;1;;;17;998
12;2;11;8;8217;;3;2;No inventariada;;14;7;2;1;;1;1;1;;;17;998
12;2;13;8;8121;;3;2;No inventariada;;14;2;2;1;;1;1;1;;;17;998
2;5;21;8;8107;;3;2;No inventariada;;14;2;1;999;;1;1;1;;;17;998
12;3;14;8;8121;;3;2;No inventariada;;14;7;2;4;;1;1;1;;;17;998
12;4;18;8;8200;;3;2;No inventariada;;14;4;1;999;;1;1;1;;;17;998
12;4;20;8;8121;;3;2;No inventariada;;14;4;1;999;;1;4;1;;;17;998
7;4;17;8;8001;;3;2;No inventariada;;14;6;1;999;;1;1;1;;;17;998
12;4;18;8;8200;;3;2;No inventariada;;14;9;2;4;;1;1;1;;;17;998
12;3;9;8;8238;;3;2;No inventariada;;14;7;2;1;;1;1;1;;;12;998
3;2;13;8;8001;;3;2;No inventariada;;14;7;2;;;1;1;1;;;17;998
3;4;18;8;8001;;3;2;No inventariada;;14;2;1;999;;1;1;1;;;17;998
3;6;13;8;8107;;3;2;No inventariada;;14;9;1;999;;1;1;1;;;17;998
4;3;16;8;8107;;3;2;No inventariada;;14;4;1;999;;1;1;1;;;17;998
12;1;15;8;8089;;3;2;No inventariada;;14;7;1;999;;1;1;1;;;17;998
12;3;13;8;8211;;3;2;No inventariada;;14;3;1;999;;1;1;1;;;17;998
4;3;15;8;8107;;3;2;No inventariada;;14;3;1;999;;1;1;1;;;17;998
4;2;14;8;8107;;2;2;BV-1602;6,5;14;2;2;2;;1;1;1;;;17;4
12;1;19;8;8015;;3;2;No inventariada;;14;7;1;999;;1;4;1;;;17;998
12;7;0;8;8101;;3;2;No inventariada;;14;4;1;999;;1;4;1;;;17;998
11;6;0;8;8101;;3;2;No inventariada;;14;9;2;4;;8;4;1;;;17;998
12;2;7;8;8101;;3;2;No inventariada;;14;9;1;999;;1;2;1;;;17;998
11;3;10;8;8101;;3;2;No inventariada;;14;9;2;4;;3;1;3;;;17;998
3;3;14;8;8001;;3;2;No inventariada;;14;2;2;1;;1;1;1;;;17;998
4;1;18;8;8001;;3;2;No inventariada;;14;4;1;999;;1;1;1;;;17;998
1;2;17;8;8001;;3;2;No inventariada;;14;7;2;1;;1;1;1;;;17;998
1;5;15;8;8001;;3;2;No inventariada;;14;2;1;999;;1;1;1;;;17;998
1;6;8;8;8001;;3;2;No inventariada;;14;9;1;999;;1;1;1;;;17;998
12;7;1;8;8015;;3;2;No inventariada;;14;4;1;999;;1;4;1;;;17;998
12;2;17;8;8015;;3;2;No inventariada;;14;19;2;1;;1;1;1;;;17;998
4;2;21;8;8001;;3;2;No inventariada;;14;9;2;4;;1;4;1;;;17;998
2;1;16;8;8001;;3;2;No inventariada;;14;2;1;999;;1;1;1;;;17;998
2;5;17;8;8001;;3;2;No inventariada;;14;2;2;1;;1;1;1;;;17;998
3;1;14;8;8001;;3;2;No inventariada;;14;9;1;999;;1;1;1;;;17;998
3;1;7;8;8001;;3;2;No inventariada;;14;4;2;2;;1;1;1;;;17;998
12;1;14;8;8015;;3;2;No inventariada;;14;7;1;999;;1;1;1;;;17;998
11;2;17;8;8015;;3;2;No inventariada;;14;4;1;999;;1;1;1;;;17;998