MES;DIA_SEMANA;HORA;COD_PROVINCIA;COD_MUNICIPIO;ISLA;ZONA;ZONA_AGRUPADA;CARRETERA;KM;TIPO_VIA;TIPO_ACCIDENTE;NUDO;NUDO_INFO;CARRETERA_CRUCE;CONDICION_FIRME;CONDICION_ILUMINACION;CONDICION_METEO;CONDICION_NIEBLA;CONDICION_VIENTO;VISIB_RESTRINGIDA_POR;TRAZADO_PLANTA
11;4;8;8;8015;;3;2;No inventariada;;14;4;1;999;;1;1;1;;;17;998
11;6;15;8;8015;;3;2;No inventariada;;14;2;2;1;;1;1;1;;;17;998
11;3;13;8;8015;;3;2;No inventariada;;14;2;2;1;;1;1;1;;;17;998
5;1;20;8;8001;;3;2;No inventariada;;14;2;2;1;;1;2;1;;;17;998
5;6;6;8;8001;;3;2;No inventariada;;14;4;2;4;;1;2;1;;;17;998
11;5;9;8;8015;;3;2;No inventariada;;14;2;2;1;;1;1;1;;;17;998
12;5;7;8;8015;;3;2;No inventariada;;14;2;2;1;;1;1;1;;;17;998
12;2;12;8;8015;;3;2;No inventariada;;14;3;1;999;;1;1;1;;;17;998
12;2;12;8;8089;;3;2;No inventariada;;14;4;1;999;;1;1;1;;;17;998
1;4;15;8;8211;;3;2;No inventariada;;14;7;2;1;;1;1;1;;;17;998
12;4;21;8;8121;;3;2;No inventariada;;14;2;2;1;;1;4;1;;;17;998
12;5;16;8;8089;;3;2;No inventariada;;14;2;1;999;;1;1;1;;;17;998
12;5;13;8;8121;;3;2;No inventariada;;14;7;1;999;;1;1;1;;;17;998
12;4;19;8;8015;;3;2;No inventariada;;14;9;1;999;;1;5;1;;;17;998
12;6;20;8;8121;;3;2;No inventariada;;14;2;1;999;;1;5;1;;;17;998
12;7;20;8;8121;;3;2;No inventariada;;14;2;2;4;;1;5;1;;;17;998
9;2;17;8;8015;;3;2;No inventariada;;14;9;1;999;;3;1;1;;;17;998
12;1;19;8;8015;;3;2;No inventariada;;14;2;1;999;;1;4;1;;;17;998
12;6;21;8;8121;;3;2;No inventariada;;14;4;2;1;;1;4;1;;;17;998
2;1;16;8;8211;;3;2;No inventariada;;14;9;2;4;;8;1;1;;;17;998
11;1;19;8;8266;;2;2;No inventariada;;14;7;1;999;;1;4;1;;;17;4
11;1;19;8;8266;;3;2;No inventariada;;14;3;2;1;;1;4;1;;;17;998
2;4;17;8;8211;;3;2;No inventariada;;14;2;2;1;;1;1;1;;;17;998
11;4;13;8;8266;;2;2;BV-1414;2;14;9;1;999;;1;1;1;;;17;4
11;4;17;8;8266;;3;2;No inventariada;;14;20;2;2;;1;2;1;;;17;998
11;5;9;8;8266;;3;2;No inventariada;;14;2;2;1;;1;1;1;;;17;998
6;4;9;8;8107;;2;2;BV-1432;3;14;4;1;999;;3;1;3;;;17;4
12;4;20;8;8266;;3;2;No inventariada;;14;20;1;999;;1;4;1;;;17;998
6;5;13;8;8107;;2;2;BV-1602;6,6;14;7;1;999;;1;1;1;;;17;4
6;5;16;8;8107;;3;2;No inventariada;;14;1;1;999;;1;1;1;;;17;998
7;6;21;8;8001;;3;2;No inventariada;;14;9;1;999;;3;4;3;;;17;998
12;5;16;8;8015;;3;2;No inventariada;;14;9;1;999;;1;1;1;;;17;998
12;1;19;8;8015;;3;2;No inventariada;;14;7;1;999;;1;4;1;;;1;998
7;2;18;8;8211;;3;2;No inventariada;;14;2;2;1;;1;1;1;;;17;998
8;5;14;8;8211;;3;2;No inventariada;;14;2;1;999;;1;1;1;;;17;998
12;6;23;8;8089;;3;2;No inventariada;;14;9;2;4;;1;4;1;;;17;998
12;7;8;8;8266;;3;2;No inventariada;;14;9;1;999;;1;2;1;;;17;998
12;1;16;8;8089;;3;2;No inventariada;;14;7;1;999;;1;1;1;;;17;998
12;7;21;8;8266;;3;2;No inventariada;;14;2;2;2;;1;4;1;;;17;998
12;7;20;8;8118;;3;2;No inventariada;;14;9;2;2;;1;4;1;;;17;998
12;2;11;8;8121;;3;2;No inventariada;;14;4;1;999;;1;1;1;;;17;998
12;3;8;8;8118;;3;2;No inventariada;;14;9;2;2;;1;1;1;;;17;998
12;4;19;8;8089;;3;2;No inventariada;;14;7;1;999;;1;4;1;;;17;998
12;3;20;8;8121;;3;2;No inventariada;;14;9;1;999;;1;4;1;;;17;998
11;1;19;8;8114;;3;2;No inventariada;;14;2;2;4;;1;4;1;;;17;998
10;2;8;8;8307;;3;2;No inventariada;;14;9;2;4;;1;1;1;;;17;998
10;3;18;8;8114;;3;2;No inventariada;;14;2;1;999;;1;4;1;;;17;998
8;5;9;8;8211;;3;2;No inventariada;;14;7;1;999;;1;1;1;;;17;998
11;4;8;8;8102;;3;2;No inventariada;;14;2;2;4;;1;1;1;;;17;998
9;1;15;8;8211;;3;2;No inventariada;;14;2;1;999;;1;1;1;;;17;998
12;1;18;8;8102;;3;2;No inventariada;;14;7;1;999;;1;4;1;;;17;998
7;5;14;8;8107;;3;2;No inventariada;;14;2;1;999;;1;1;1;;;17;998
7;6;11;8;8107;;3;2;No inventariada;;14;6;1;999;;1;1;1;;;17;998
12;2;20;8;8088;;3;2;No inventariada;;14;7;1;999;;1;4;1;;;17;998
12;3;8;8;8088;;3;2;No inventariada;;14;2;2;1;;1;1;1;;;17;998
7;6;21;8;8107;;3;2;No inventariada;;14;9;2;2;;3;4;3;;;17;998
7;2;21;8;8107;;3;2;No inventariada;;14;1;2;2;;1;2;1;;;17;998
12;1;11;8;8266;;3;2;No inventariada;;14;2;2;1;;1;4;1;;;17;998
12;2;10;8;8266;;3;2;No inventariada;;14;7;1;999;;1;1;1;;;17;998
6;3;9;8;8001;;3;2;No inventariada;;14;7;1;999;;1;1;1;;;1;998
7;1;20;8;8107;;3;2;No inventariada;;14;7;1;999;;1;1;1;;;17;998
12;3;7;8;8266;;3;2;No inventariada;;14;7;2;2;;3;2;3;;;17;998
9;7;19;8;8211;;3;2;No inventariada;;14;9;1;999;;1;2;1;;;17;998
12;7;15;8;8266;;3;2;No inventariada;;14;7;2;1;;1;1;1;;;17;998
11;2;6;8;8211;;3;2;No inventariada;;14;7;2;1;;1;2;1;;;17;998
12;7;17;8;8088;;3;2;No inventariada;;14;2;2;4;;1;2;1;;;17;998
12;1;21;8;8101;;3;2;No inventariada;;14;3;2;1;;1;4;1;;;17;998
11;5;15;8;8211;;3;2;No inventariada;;14;6;1;999;;1;1;1;;;17;998
11;1;16;8;8211;;3;2;No inventariada;;14;3;2;4;;1;1;1;;;17;998
12;6;15;8;8015;;3;2;No inventariada;;14;2;2;1;;1;1;1;;;17;998
11;4;13;8;8211;;3;2;No inventariada;;14;4;2;4;;1;1;1;;;17;998
12;5;20;8;8015;;3;2;No inventariada;;14;9;1;999;;1;4;1;;;17;998
12;1;11;8;8096;;3;2;No inventariada;;14;2;2;4;;1;1;1;;;17;998
12;7;14;8;8015;;3;2;No inventariada;;14;9;1;999;;1;1;1;;;17;998
12;5;20;8;8121;;3;2;No inventariada;;14;2;2;1;;1;4;1;;;17;998
12;5;23;8;8121;;3;2;No inventariada;;14;9;2;4;;1;4;1;;;17;998
12;6;23;8;8015;;3;2;No inventariada;;14;2;2;2;;1;4;1;;;17;998
12;7;22;8;8121;;3;2;No inventariada;;14;7;1;999;;1;4;1;;;17;998
11;5;18;8;8307;;3;2;No inventariada;;14;1;1;999;;1;4;1;;;17;998
11;6;23;8;8307;;3;2;No inventariada;;14;4;1;999;;1;4;1;;;17;998
12;1;8;8;8121;;3;2;No inventariada;;14;4;2;2;;1;1;1;;;17;998
11;7;20;8;8307;;3;2;No inventariada;;14;9;2;1;;1;4;1;;;17;998
12;1;19;8;8266;;3;2;No inventariada;;14;4;1;999;;1;6;1;;;17;998
11;1;18;8;8114;;3;2;No inventariada;;14;7;1;999;;1;4;1;;;17;998
12;3;9;8;8266;;3;2;No inventariada;;14;7;2;1;;1;1;1;;;17;998
11;3;22;8;8114;;3;2;No inventariada;;14;2;2;2;;1;4;1;;;17;998
12;7;6;8;8015;;3;2;No inventariada;;14;2;2;1;;1;4;1;;;17;998
12;7;12;8;8114;;3;2;No inventariada;;14;7;1;999;;1;1;1;;;17;998
12;2;19;8;8114;;3;2;No inventariada;;14;7;2;1;;1;4;1;;;17;998
11;5;16;8;8114;;3;2;No inventariada;;14;19;2;4;;1;1;1;;;17;998
12;3;19;8;8114;;3;2;No inventariada;;14;2;1;999;;1;1;1;1;;17;998
12;7;16;8;8114;;2;2;No inventariada;;14;2;2;;;1;1;1;;;17;4
12;7;22;8;8114;;3;2;No inventariada;;14;2;1;999;;1;4;1;;;17;998
7;2;22;8;8107;;2;2;BV-1602;6,3;14;8;1;999;;1;1;1;;;17;4
12;3;11;8;8114;;3;2;No inventariada;;14;4;2;4;;1;1;1;;;17;998
12;7;10;8;8114;;3;2;No inventariada;;14;4;2;4;;1;1;1;;;17;998
8;3;10;8;8107;;3;2;No inventariada;;14;19;1;999;;1;1;1;;;17;998
9;5;18;8;8107;;3;2;No inventariada;;14;6;2;4;;1;1;1;;;17;998
9;5;15;8;8107;;3;2;No inventariada;;14;19;1;999;;1;1;1;;;17;998
9;2;16;8;8107;;2;2;BV-1602;6,4;14;7;2;1;;1;1;1;;;17;4
12;4;18;8;8211;;3;2;No inventariada;;14;7;2;2;;1;4;1;;;17;998
12;4;19;8;8211;;3;2;No inventariada;;14;9;2;4;;1;4;1;;;1;998
12;4;11;8;8211;;3;2;No inventariada;;14;9;1;999;;1;1;1;;;17;998
11;2;11;8;8307;;3;2;No inventariada;;14;7;1;999;;1;1;1;;;17;998
11;3;16;8;8307;;3;2;No inventariada;;14;2;2;2;;1;1;1;;;17;998
11;6;23;8;8307;;3;2;No inventariada;;14;2;2;4;;1;4;1;;;17;998
11;4;19;8;8307;;3;2;No inventariada;;14;8;1;999;;1;4;1;;;17;998
12;4;17;8;8307;;3;2;No inventariada;;14;9;2;2;;1;1;1;;;17;998
12;6;17;8;8307;;3;2;No inventariada;;14;9;1;999;;1;1;1;;;17;998
9;3;14;8;8107;;2;2;BV-1602;6,3;14;1;2;1;;1;1;1;;;17;4
10;1;18;8;8107;;3;2;No inventariada;;14;4;1;999;;1;1;1;;;17;998
10;7;9;8;8107;;3;2;No inventariada;;14;2;1;999;;1;1;1;;;17;998
11;6;9;8;8107;;2;2;BV-1602;6,5;14;2;2;1;;1;4;1;;;17;4
11;1;5;8;8307;;3;2;No inventariada;;14;2;1;999;;1;4;1;;;17;998
12;7;20;8;8307;;3;2;No inventariada;;14;2;2;1;;1;4;1;;;17;998
12;4;10;8;8015;;3;2;No inventariada;;14;2;2;1;;1;1;1;;;17;998
12;5;12;8;8108;;3;2;No inventariada;;14;3;2;4;;1;1;1;;;1;998
12;5;19;8;8266;;3;2;No inventariada;;14;9;1;999;;1;4;1;;;17;998
12;7;16;8;8266;;3;2;No inventariada;;14;9;1;999;;1;1;1;;;17;998
12;4;3;8;8252;;3;2;No inventariada;;14;6;2;4;;1;4;1;;;17;998
12;1;13;8;8266;;3;2;No inventariada;;14;2;2;1;;1;1;1;;;17;998
12;1;15;8;8266;;3;2;No inventariada;;14;20;2;1;;1;1;1;;;17;998
7;1;12;8;8001;;3;2;No inventariada;;14;4;1;999;;1;1;1;;;17;998
12;5;16;8;8266;;3;2;No inventariada;;14;7;2;2;;1;1;1;;;17;998
12;5;21;8;8266;;3;2;No inventariada;;14;3;2;4;;1;4;1;;;17;998
12;1;18;8;8266;;3;2;No inventariada;;14;4;2;1;;1;4;1;;;17;998
12;1;9;8;8307;;3;2;No inventariada;;14;2;2;1;;1;1;1;;;17;998
12;6;19;8;8307;;3;2;No inventariada;;14;2;2;1;;1;4;1;;;17;998
12;5;22;8;8307;;3;2;No inventariada;;14;9;1;999;;1;4;1;;;17;998
12;6;19;8;8307;;3;2;No inventariada;;14;4;1;999;;1;4;1;;;17;998
12;1;16;8;8307;;3;2;No inventariada;;14;2;2;4;;1;1;1;;;17;998
12;2;17;8;8266;;3;2;No inventariada;;14;2;2;1;;1;1;1;;;17;998
6;6;19;8;8231;;3;2;No inventariada;;14;4;1;999;;1;1;1;;;1;998
12;4;12;8;8015;;3;2;No inventariada;;14;9;1;999;;1;1;1;;;17;998
7;3;23;8;8231;;3;2;No inventariada;;14;20;1;999;;1;4;1;;;1;998
12;4;12;8;8015;;3;2;No inventariada;;14;9;1;999;;1;1;1;;;17;998
12;7;12;8;8015;;3;2;No inventariada;;14;2;1;999;;1;1;1;;;17;998
12;1;14;8;8101;;3;2;No inventariada;;14;9;1;999;;1;1;1;;;17;998
12;1;19;8;8101;;3;2;No inventariada;;14;7;1;999;;8;4;1;;;17;998
12;6;22;8;8101;;3;2;No inventariada;;14;2;2;1;;1;4;1;;;17;998
12;4;19;8;8194;;3;2;No inventariada;;14;2;2;2;;3;4;4;;;17;998
7;7;11;8;8231;;3;2;No inventariada;;14;2;2;1;;1;1;1;;;17;998
7;1;2;8;8231;;3;2;No inventariada;;14;2;2;1;;1;4;1;;;17;998
7;4;3;8;8231;;1;1;BV-2113;0,5;6;9;1;999;;1;4;1;;;17;4
12;1;1;8;8015;;3;2;No inventariada;;14;2;2;1;;1;4;1;;;17;998
12;2;9;8;8194;;3;2;No inventariada;;14;4;1;999;;1;1;1;;;17;998
12;4;19;8;8194;;3;2;No inventariada;;14;2;2;1;;1;2;1;;;17;998
12;5;18;8;8194;;3;2;No inventariada;;14;2;2;1;;1;4;1;;;17;998
11;2;10;8;8252;;3;2;No inventariada;;14;6;1;999;;1;1;1;;;17;998
7;5;12;8;8231;;3;2;No inventariada;;14;9;2;2;;8;1;1;;;17;998
7;3;8;8;8231;;2;2;BV-2111ant;6,2;14;9;1;999;;1;1;1;;;17;4
7;3;9;8;8231;;3;2;No inventariada;;14;2;2;1;;1;1;1;;;17;998
7;1;13;8;8231;;3;2;No inventariada;;14;2;2;1;;1;1;1;;;17;998
7;1;19;8;8231;;3;2;No inventariada;;14;2;1;999;;1;4;1;;;17;998
8;7;17;8;8231;;3;2;No inventariada;;14;2;2;2;;1;1;1;;;17;998
8;4;17;8;8231;;2;2;BV-2112;5,4;14;2;2;1;;1;1;1;;;17;4
9;1;8;8;8231;;3;2;No inventariada;;14;7;1;999;;1;1;1;;;17;998
9;1;21;8;8231;;3;2;No inventariada;;14;2;2;4;;1;4;1;;;17;998
9;2;12;8;8231;;2;2;BV-2111;5,9;14;7;1;999;;1;1;1;;;17;4
9;4;12;8;8231;;3;2;No inventariada;;14;7;1;999;;1;1;1;;;17;998
9;7;11;8;8001;;3;2;No inventariada;;14;2;1;999;;8;1;3;;;17;998
11;5;15;8;8023;;3;2;No inventariada;;14;9;1;999;;1;4;1;;;17;998
12;7;13;8;8194;;3;2;No inventariada;;14;7;1;999;;1;1;1;;;17;998
12;2;6;8;8194;;3;2;No inventariada;;14;2;2;1;;1;4;1;;;17;998
12;5;7;8;8194;;3;2;No inventariada;;14;4;1;999;;1;2;1;;;17;998
12;2;3;8;8194;;3;2;No inventariada;;14;9;1;999;;1;4;1;;;17;998
12;2;6;8;8194;;3;2;No inventariada;;14;2;2;1;;1;1;1;;;17;998
12;1;13;8;8101;;3;2;No inventariada;;14;7;1;999;;1;1;1;;;17;998
11;5;10;8;8101;;3;2;No inventariada;;14;19;1;999;;1;1;1;;;17;998
12;1;13;8;8101;;3;2;No inventariada;;14;4;1;999;;1;1;1;;;17;998
12;3;8;8;8101;;3;2;No inventariada;;14;19;1;999;;1;1;1;;;17;998
8;5;9;8;8101;;3;2;No inventariada;;14;9;1;999;;8;1;1;;;17;998
12;1;20;8;8101;;3;2;No inventariada;;14;2;2;2;;1;4;1;;;17;998
10;7;13;8;8001;;3;2;No inventariada;;14;2;1;999;;1;1;1;;;17;998
12;7;9;8;8101;;3;2;No inventariada;;14;2;2;4;;1;1;1;;;17;998
11;4;9;8;8001;;3;2;No inventariada;;14;3;2;2;;1;1;1;;;17;998
11;2;6;8;8001;;3;2;No inventariada;;14;3;1;999;;1;4;1;;;17;998
12;1;18;8;8001;;3;2;No inventariada;;14;4;1;999;;1;4;1;;;17;998
12;1;18;8;8001;;3;2;No inventariada;;14;4;1;999;;1;4;1;;;17;998
10;7;13;8;8101;;3;2;No inventariada;;14;2;1;999;;1;1;1;;;17;998
12;5;13;8;8101;;3;2;No inventariada;;14;3;1;999;;1;1;1;;;17;998
10;3;13;8;8101;;3;2;No inventariada;;14;3;1;999;;1;1;1;;;17;998
12;2;8;8;8101;;3;2;No inventariada;;14;4;1;999;;1;1;1;;;17;998
11;4;17;8;8015;;3;2;No inventariada;;14;2;2;1;;1;1;1;;;17;998
11;6;0;8;8101;;3;2;No inventariada;;14;9;2;4;;8;4;1;;;17;998
11;5;14;8;8015;;3;2;No inventariada;;14;4;1;999;;1;1;1;;;17;998
12;1;6;8;8015;;3;2;No inventariada;;14;2;1;999;;1;2;1;;;17;998
12;2;19;8;8101;;3;2;No inventariada;;14;7;1;999;;1;4;1;;;17;998
12;1;19;8;8101;;3;2;No inventariada;;14;9;1;999;;1;4;1;;;17;998
9;7;10;8;8263;;3;2;No inventariada;;14;9;2;4;;3;1;3;;;17;998
9;1;17;8;8263;;3;2;No inventariada;;14;4;1;999;;1;1;1;;;17;998
12;3;15;8;8101;;3;2;No inventariada;;14;2;2;4;;1;1;1;;;17;998
12;2;9;8;8101;;3;2;No inventariada;;14;4;1;999;;1;1;1;;;17;998
12;2;15;8;8101;;3;2;No inventariada;;14;2;2;1;;1;1;1;;;17;998
12;5;20;8;8101;;3;2;No inventariada;;14;9;1;999;;8;1;1;;;17;998
12;3;17;8;8101;;3;2;No inventariada;;14;7;2;1;;1;1;1;;;17;998
12;5;15;8;8101;;3;2;No inventariada;;14;9;1;999;;1;1;1;;;17;998
12;7;15;8;8101;;3;2;No inventariada;;14;7;1;999;;1;1;1;;;17;998
12;4;22;8;8001;;3;2;No inventariada;;14;9;2;4;;1;4;1;;;17;998
12;5;5;8;8015;;3;2;No inventariada;;14;4;1;999;;1;2;1;;;17;998
11;6;13;8;8015;;3;2;No inventariada;;14;19;1;999;;1;1;1;;;17;998
12;6;12;8;8169;;3;2;No inventariada;;14;7;1;999;;1;1;1;;;17;998
11;3;13;8;8307;;3;2;No inventariada;;14;2;2;4;;1;1;1;;;17;998
11;7;19;8;8307;;3;2;No inventariada;;14;9;2;4;;1;4;1;;;17;998
10;4;16;8;8263;;2;2;BV-2002;2,4;14;4;1;999;;1;1;1;;;17;4
11;5;10;8;8307;;3;2;No inventariada;;14;4;2;4;;1;1;1;;;17;998
10;5;18;8;8263;;3;2;No inventariada;;14;7;1;999;;1;1;1;;;17;998
10;5;11;8;8263;;3;2;No inventariada;;14;2;1;999;;1;1;1;;;17;998
11;2;11;8;8307;;3;2;No inventariada;;14;1;2;4;;1;1;1;;;17;998
10;6;15;8;8263;;3;2;No inventariada;;14;3;1;999;;1;1;1;;;17;998
10;3;17;8;8263;;3;2;No inventariada;;14;2;1;999;;1;1;1;;;17;998
10;2;15;8;8263;;3;2;No inventariada;;14;9;1;999;;3;1;3;;;17;998
11;3;12;8;8307;;3;2;No inventariada;;14;4;2;4;;1;1;1;;;17;998
12;2;12;8;8307;;3;2;No inventariada;;14;9;2;4;;8;1;1;;;17;998
11;3;11;8;8263;;3;2;No inventariada;;14;7;1;999;;1;1;1;;;17;998
7;1;19;8;8245;;3;2;No inventariada;;14;7;1;999;;1;1;1;;;17;998
11;4;6;8;8263;;3;2;No inventariada;;14;7;1;999;;1;2;1;;;17;998
11;7;16;8;8263;;3;2;No inventariada;;14;7;1;999;;1;2;1;;;17;998
11;6;10;8;8263;;3;2;No inventariada;;14;6;1;999;;1;1;1;;;17;998
11;3;22;8;8263;;2;2;BV-2005;0,4;14;2;2;4;;1;4;1;;;17;4
11;4;20;8;8101;;3;2;No inventariada;;14;2;2;1;;1;4;1;;;17;998
11;2;7;8;8263;;3;2;No inventariada;;14;2;2;1;;1;2;1;;;17;998
11;2;15;8;8263;;3;2;No inventariada;;14;18;2;2;;1;1;1;;;17;998
11;6;22;8;8263;;2;2;BV-2002;2,2;14;4;1;999;;1;5;1;;;17;4
12;7;14;8;8263;;3;2;No inventariada;;14;9;1;999;;1;1;1;;;17;998
12;7;19;8;8263;;3;2;No inventariada;;14;19;1;999;;1;4;1;;;17;998
12;2;16;8;8263;;3;2;No inventariada;;14;7;1;999;;1;1;1;;;17;998
12;5;17;8;8263;;3;2;No inventariada;;14;9;1;999;;8;1;1;;;17;998
12;1;18;8;8263;;3;2;No inventariada;;14;1;2;1;;1;4;1;;;17;998
12;6;14;8;8263;;3;2;No inventariada;;14;2;1;999;;1;1;1;;;17;998
12;2;21;8;8263;;3;2;No inventariada;;14;2;2;1;;3;4;4;;;17;998
12;3;8;8;8101;;3;2;No inventariada;;14;4;2;;;1;1;1;;;17;998
9;6;1;8;8279;;3;2;No inventariada;;14;9;1;999;;1;4;1;;;17;998
9;5;15;8;8279;;3;2;No inventariada;;14;2;2;1;;1;1;1;;;17;998
9;5;15;8;8279;;3;2;No inventariada;;14;2;2;1;;1;1;1;;;17;998
9;6;11;8;8279;;3;2;No inventariada;;14;4;1;999;;1;1;1;;;17;998
9;6;13;8;8279;;3;2;No inventariada;;14;9;2;1;;1;1;1;;;17;998
9;7;0;8;8279;;3;2;No inventariada;;14;2;2;1;;1;4;1;;;17;998
9;7;10;8;8279;;3;2;No inventariada;;14;4;1;999;;1;1;1;;;17;998
10;2;15;8;8279;;3;2;No inventariada;;14;2;2;1;;1;1;1;;;17;998
10;2;13;8;8279;;3;2;No inventariada;;14;4;1;999;;1;1;1;;;17;998
10;3;14;8;8279;;3;2;No inventariada;;14;2;2;1;;1;1;1;;;17;998
8;5;12;8;8106;;3;2;No inventariada;;14;19;2;2;;1;1;1;;;17;998
10;2;20;8;8279;;3;2;No inventariada;;14;20;1;999;;1;4;1;;;17;998
9;1;14;8;8279;;2;2;C-1415a;16,9;14;3;1;999;;1;1;1;;;17;4
7;2;8;8;8106;;3;2;No inventariada;;14;7;1;999;;1;1;1;;;17;998
7;1;13;8;8106;;3;2;No inventariada;;14;9;1;999;;1;1;1;;;17;998
10;4;18;8;8279;;1;1;N-150;19;14;2;2;1;;1;2;1;;;17;4
10;4;8;8;8279;;3;2;No inventariada;;14;2;2;1;;1;1;1;;;17;998
7;5;6;8;8106;;1;1;C-251;12,2;6;6;2;4;;1;1;1;;;17;4
10;5;17;8;8279;;3;2;No inventariada;;14;7;2;1;;1;1;1;;;17;998
9;5;18;8;8106;;3;2;No inventariada;;14;3;1;999;;1;1;1;;;17;998
10;6;20;8;8279;;3;2;No inventariada;;14;7;1;999;;1;4;1;;;17;998
10;7;16;8;8279;;3;2;No inventariada;;14;4;2;4;;1;1;1;;;17;998
10;2;12;8;8279;;2;2;C-1415a;17,9;14;2;1;999;;1;1;1;;;17;4
10;2;12;8;8279;;2;2;B-122;0,6;14;7;2;1;;1;1;1;;;9;4
10;6;20;8;8279;;3;2;No inventariada;;14;2;2;1;;1;4;1;;;17;998
10;2;12;8;8279;;3;2;No inventariada;;14;9;1;999;;1;1;1;;;17;998
10;4;16;8;8279;;2;2;C-243c;14,3;14;7;1;999;;1;1;1;;;17;4
10;5;11;8;8279;;3;2;No inventariada;;14;2;2;1;;1;1;1;;;17;998
1;5;7;8;8106;;3;2;No inventariada;;14;18;1;999;;3;2;3;;;17;998
9;3;8;8;8106;;3;2;No inventariada;;14;2;2;4;;1;1;1;;;17;998
1;3;19;8;8106;;3;2;No inventariada;;14;7;1;999;;1;4;1;;;17;998
10;3;15;8;8279;;3;2;No inventariada;;14;2;2;1;;1;1;1;;;17;998
8;4;9;8;8106;;3;2;No inventariada;;14;2;1;999;;1;1;1;;;17;998
10;3;16;8;8106;;3;2;No inventariada;;14;3;2;1;;1;1;1;;;17;998
12;7;23;8;8101;;3;2;No inventariada;;14;2;2;4;;1;4;1;;;17;998
10;1;9;8;8279;;3;2;No inventariada;;14;2;2;1;;1;1;1;;;17;998
10;3;22;8;8279;;3;2;No inventariada;;14;3;2;1;;1;4;1;;;17;998
10;4;10;8;8279;;3;2;No inventariada;;14;9;1;999;;1;1;1;;;17;998
10;1;12;8;8279;;3;2;No inventariada;;14;7;2;1;;1;1;1;;;17;998
10;1;18;8;8279;;3;2;No inventariada;;14;4;1;999;;1;1;1;;;17;998
10;1;9;8;8279;;3;2;No inventariada;;14;9;2;1;;1;1;1;;;17;998
10;4;21;8;8279;;3;2;No inventariada;;14;2;1;999;;1;4;1;;;17;998
10;5;14;8;8279;;2;2;C-243c;13,7;14;2;2;4;;1;1;1;;;17;4
10;4;17;8;8279;;3;2;No inventariada;;14;7;1;999;;1;1;1;;;17;998
10;2;8;8;8279;;3;2;No inventariada;;14;19;1;999;;1;1;1;;;1;998
12;4;16;8;8305;;3;2;No inventariada;;14;2;2;1;;1;1;1;;;12;998
4;2;10;8;8238;;3;2;No inventariada;;14;9;1;999;;1;1;1;;;17;998
12;1;13;8;8112;;3;2;No inventariada;;14;2;2;4;;1;1;1;;;17;998
12;4;12;8;8101;;3;2;No inventariada;;14;7;1;999;;1;1;1;;;17;998
12;5;13;8;8112;;3;2;No inventariada;;14;2;2;2;;1;1;1;;;17;998
12;4;16;8;8112;;3;2;No inventariada;;14;7;1;999;;1;1;1;;;17;998
12;5;13;8;8112;;3;2;No inventariada;;14;7;2;1;;1;1;1;;;17;998
12;6;15;8;8112;;3;2;No inventariada;;14;7;1;999;;1;1;1;;;17;998
3;3;7;8;8305;;3;2;No inventariada;;14;2;2;1;;3;1;3;;;17;998
10;5;7;8;8279;;3;2;No inventariada;;14;4;2;4;;1;4;1;;;17;998
11;5;16;8;8124;;3;2;No inventariada;;14;20;1;999;;1;1;1;;;17;998
10;2;20;8;8279;;3;2;No inventariada;;14;2;2;1;;1;4;1;;;17;998
10;3;20;8;8279;;3;2;No inventariada;;14;9;1;999;;1;1;1;;;17;998
10;4;12;8;8279;;3;2;No inventariada;;14;4;1;999;;1;1;1;;;17;998