MES;DIA_SEMANA;HORA;COD_PROVINCIA;COD_MUNICIPIO;ISLA;ZONA;ZONA_AGRUPADA;CARRETERA;KM;TIPO_VIA;TIPO_ACCIDENTE;NUDO;NUDO_INFO;CARRETERA_CRUCE;CONDICION_FIRME;CONDICION_ILUMINACION;CONDICION_METEO;CONDICION_NIEBLA;CONDICION_VIENTO;VISIB_RESTRINGIDA_POR;TRAZADO_PLANTA
10;5;12;8;8279;;3;2;No inventariada;;14;7;1;999;;1;1;1;;;17;998
10;7;15;8;8279;;3;2;No inventariada;;14;7;1;999;;1;1;1;;;17;998
10;6;21;8;8279;;3;2;No inventariada;;14;9;2;2;;8;4;1;;;17;998
10;5;20;8;8279;;3;2;No inventariada;;14;9;1;999;;3;4;3;;;17;998
10;5;14;8;8279;;3;2;No inventariada;;14;9;1;999;;1;1;1;;;17;998
10;7;11;8;8279;;3;2;No inventariada;;14;2;2;1;;1;1;1;;;17;998
10;7;15;8;8279;;2;2;BV-1221;0,8;14;9;1;999;;3;1;1;;;17;4
10;1;23;8;8279;;3;2;No inventariada;;14;9;1;999;;1;4;1;;;17;998
10;2;7;8;8279;;3;2;No inventariada;;14;9;1;999;;3;1;1;;;17;998
10;1;5;8;8279;;3;2;No inventariada;;14;2;2;1;;1;2;1;;;17;998
10;2;21;8;8279;;3;2;No inventariada;;14;9;2;4;;1;4;1;;;17;998
10;2;17;8;8279;;3;2;No inventariada;;14;6;1;999;;1;1;1;;;17;998
10;5;14;8;8086;;3;2;No inventariada;;14;2;2;4;;1;1;1;;;17;998
10;4;20;8;8086;;3;2;No inventariada;;14;2;2;2;;1;2;1;;;17;998
10;3;12;8;8086;;3;2;No inventariada;;14;2;2;1;;1;1;1;;;17;998
10;5;20;8;8279;;3;2;No inventariada;;14;7;1;999;;3;4;3;;;17;998
10;3;12;8;8279;;3;2;No inventariada;;14;7;2;2;;3;1;3;;;17;998
10;3;7;8;8086;;3;2;No inventariada;;14;2;2;4;;1;1;1;;;17;998
10;2;19;8;8279;;2;2;C-1415a;17,1;14;3;2;4;;1;4;1;;;17;4
11;1;13;8;8086;;3;2;No inventariada;;14;9;2;2;;1;1;1;;;17;998
11;3;14;8;8086;;3;2;No inventariada;;14;6;2;4;;1;1;1;;;17;998
11;6;3;8;8279;;3;2;No inventariada;;14;2;2;1;;1;4;1;;;17;998
12;4;7;8;8086;;3;2;No inventariada;;14;9;2;1;;8;1;1;;;17;998
11;2;6;8;8279;;3;2;No inventariada;;14;7;2;1;;1;4;1;;;17;998
11;6;19;8;8279;;3;2;No inventariada;;14;4;1;999;;1;4;1;;;17;998
11;6;19;8;8279;;3;2;No inventariada;;14;2;2;1;;1;4;1;;;17;998
11;6;21;8;8279;;3;2;No inventariada;;14;2;2;1;;1;4;1;;;17;998
11;7;13;8;8279;;3;2;No inventariada;;14;9;1;999;;1;1;1;;;17;998
11;7;16;8;8279;;3;2;No inventariada;;14;2;2;1;;3;1;3;;;17;998
12;3;10;8;8086;;3;2;No inventariada;;14;2;2;2;;3;1;3;;;17;998
12;2;8;8;8086;;3;2;No inventariada;;14;6;1;999;;1;1;1;;;17;998
11;7;21;8;8279;;3;2;No inventariada;;14;2;2;1;;3;5;1;;;17;998
11;7;8;8;8279;;3;2;No inventariada;;14;9;1;999;;1;1;1;;;17;998
11;2;18;8;8279;;3;2;No inventariada;;14;2;2;1;;1;4;1;;;17;998
11;4;18;8;8279;;2;2;BP-1503;22,1;14;4;1;999;;3;2;3;;;17;4
11;4;9;8;8279;;3;2;No inventariada;;14;2;2;1;;1;1;1;;;17;998
11;4;21;8;8279;;3;2;No inventariada;;14;4;1;999;;1;1;1;;;17;998
11;5;20;8;8279;;3;2;No inventariada;;14;7;2;2;;1;4;1;;;17;998
11;1;16;8;8279;;2;2;B-122;0,6;14;9;1;999;;1;1;1;;;17;4
11;5;13;8;8279;;3;2;No inventariada;;14;9;1;999;;1;1;1;;;17;998
11;6;9;8;8279;;3;2;No inventariada;;14;2;2;2;;1;1;1;;;17;998
11;3;14;8;8279;;3;2;No inventariada;;14;9;1;999;;3;1;1;;;17;998
11;6;9;8;8279;;2;2;BV-1221;0,6;14;2;2;4;;1;1;1;;;17;4
11;7;6;8;8279;;3;2;No inventariada;;14;3;2;4;;1;4;1;;;17;998
11;7;12;8;8279;;3;2;No inventariada;;14;4;1;999;;1;1;1;;;17;998
11;3;22;8;8279;;3;2;No inventariada;;14;2;2;1;;1;4;1;;;17;998
11;1;16;8;8279;;3;2;No inventariada;;14;2;1;999;;1;1;1;;;17;998
11;4;9;8;8279;;3;2;No inventariada;;14;3;2;1;;1;1;1;;;17;998
11;4;15;8;8279;;3;2;No inventariada;;14;3;2;4;;1;1;1;;;17;998
11;6;0;8;8279;;3;2;No inventariada;;14;3;1;999;;1;4;1;;;17;998
11;7;13;8;8279;;3;2;No inventariada;;14;4;1;999;;1;1;1;;;17;998
11;2;8;8;8279;;3;2;No inventariada;;14;3;1;999;;1;1;1;;;17;998
11;3;16;8;8279;;3;2;No inventariada;;14;9;1;999;;1;1;1;;;17;998
11;4;16;8;8279;;3;2;No inventariada;;14;9;1;999;;1;1;1;;;17;998
11;4;14;8;8279;;3;2;No inventariada;;14;7;2;1;;1;1;1;;;17;998
11;5;9;8;8279;;3;2;No inventariada;;14;3;1;999;;1;1;1;;;17;998
11;5;20;8;8279;;3;2;No inventariada;;14;7;1;999;;1;5;1;;;17;998
11;6;12;8;8279;;3;2;No inventariada;;14;4;1;999;;1;1;1;;;17;998
11;6;20;8;8279;;3;2;No inventariada;;14;2;2;1;;1;4;1;;;17;998
11;7;11;8;8279;;3;2;No inventariada;;14;4;1;999;;3;1;1;;;17;998
11;1;9;8;8279;;3;2;No inventariada;;14;2;2;1;;1;1;1;;;17;998
11;1;12;8;8279;;3;2;No inventariada;;14;2;2;1;;3;1;3;;;17;998
11;1;19;8;8279;;3;2;No inventariada;;14;2;2;1;;1;1;1;;;17;998
11;2;13;8;8279;;3;2;No inventariada;;14;4;1;999;;1;1;1;;;17;998
11;3;12;8;8279;;3;2;No inventariada;;14;2;2;1;;1;1;1;;;17;998
11;3;19;8;8279;;3;2;No inventariada;;14;3;1;999;;1;4;1;;;17;998
11;4;19;8;8279;;3;2;No inventariada;;14;3;1;999;;1;4;1;;;17;998
11;4;9;8;8279;;2;2;BP-1503;22,1;14;7;1;999;;1;1;1;;;17;4
11;5;9;8;8279;;2;2;BP-1503;22,1;14;9;1;999;;1;1;1;;;17;4
1;5;19;8;8086;;3;2;No inventariada;;14;7;1;999;;3;2;4;;;17;998
11;4;9;8;8086;;3;2;No inventariada;;14;4;2;4;;1;1;1;;;17;998
10;4;10;8;8086;;3;2;No inventariada;;14;4;1;999;;1;1;1;;;17;998
12;7;9;8;8279;;3;2;No inventariada;;14;3;1;999;;1;1;1;;;17;998
11;7;20;8;8279;;3;2;No inventariada;;14;2;1;999;;1;4;1;;;17;998
12;4;19;8;8279;;2;2;C-1415a;17,1;14;7;1;999;;1;4;1;;;17;4
12;3;19;8;8279;;3;2;No inventariada;;14;2;2;1;;1;5;1;;;17;998
12;3;12;8;8279;;2;2;C-243c;14,3;14;7;1;999;;1;1;1;;;17;4
11;6;17;8;8279;;3;2;No inventariada;;14;9;1;999;;1;2;1;;;17;998
12;3;8;8;8279;;3;2;No inventariada;;14;4;1;999;;1;1;1;;;17;998
12;5;12;8;8279;;3;2;No inventariada;;14;2;2;1;;1;1;1;;;17;998
12;3;23;8;8279;;2;2;BP-1503;22,1;14;9;2;1;;1;4;1;;;17;4
12;6;12;8;8279;;3;2;No inventariada;;14;2;2;1;;1;1;1;;;17;998
12;3;18;8;8279;;2;2;C-243c;13,7;14;7;1;999;;1;4;1;;;17;4
12;6;17;8;8279;;3;2;No inventariada;;14;7;1;999;;1;1;1;;;17;998
12;4;11;8;8279;;2;2;C-1415a;17,3;14;9;2;1;;1;1;1;;;17;4
12;6;19;8;8279;;3;2;No inventariada;;14;3;1;999;;1;4;1;;1;17;998
12;7;21;8;8279;;3;2;No inventariada;;14;3;1;999;;1;4;1;;;17;998
12;6;21;8;8279;;3;2;No inventariada;;14;4;1;999;;1;4;1;;;17;998
12;1;18;8;8279;;3;2;No inventariada;;14;7;2;4;;1;4;1;;;17;998
12;3;12;8;8279;;3;2;No inventariada;;14;4;2;2;;1;1;1;;;17;998
12;3;14;8;8279;;3;2;No inventariada;;14;2;2;4;;3;1;3;;;17;998
12;6;20;8;8279;;3;2;No inventariada;;14;7;1;999;;1;2;1;;;17;998
12;3;16;8;8279;;3;2;No inventariada;;14;2;2;1;;1;1;1;;;17;998
12;3;16;8;8279;;3;2;No inventariada;;14;7;1;999;;3;1;3;;;17;998
12;5;17;8;8279;;2;2;BP-1503;22,1;14;4;1;999;;1;2;1;;;17;4
12;3;17;8;8279;;3;2;No inventariada;;14;7;1;999;;1;4;1;;;17;998
12;4;10;8;8279;;3;2;No inventariada;;14;2;2;1;;3;1;3;;;17;998
12;7;13;8;8279;;3;2;No inventariada;;14;2;1;999;;1;1;1;;;17;998
12;4;14;8;8279;;3;2;No inventariada;;14;7;1;999;;3;1;3;;;17;998
12;4;22;8;8279;;3;2;No inventariada;;14;1;1;999;;1;4;1;;;17;998
12;4;15;8;8279;;3;2;No inventariada;;14;2;1;999;;3;1;3;;;17;998
12;3;5;8;8279;;3;2;No inventariada;;14;2;2;1;;3;4;3;;;17;998
12;1;7;8;8279;;3;2;No inventariada;;14;7;1;999;;1;1;1;;;17;998
12;1;9;8;8279;;3;2;No inventariada;;14;3;2;;;1;1;1;;;17;998
12;6;10;8;8279;;3;2;No inventariada;;14;7;1;999;;1;1;1;;;17;998
12;2;18;8;8279;;3;2;No inventariada;;14;2;2;4;;1;4;1;;;17;998
12;2;13;8;8279;;3;2;No inventariada;;14;9;1;999;;1;1;1;;;17;998
12;3;13;8;8279;;1;1;B-40;10;2;4;1;999;;1;1;1;;;17;4
12;3;15;8;8279;;2;2;B-122;0,6;14;9;1;999;;1;1;1;;;17;4
12;4;15;8;8279;;2;2;N-150;18,1;14;2;2;1;;1;1;1;;;17;4
12;4;19;8;8279;;3;2;No inventariada;;14;7;1;999;;1;4;1;;;17;998
12;4;13;8;8279;;3;2;No inventariada;;14;2;2;2;;1;1;1;;;17;998
12;5;9;8;8279;;3;2;No inventariada;;14;9;1;999;;1;1;1;;;17;998
12;6;9;8;8279;;3;2;No inventariada;;14;9;1;999;;1;1;1;;;17;998
12;7;0;8;8279;;3;2;No inventariada;;14;9;1;999;;1;4;1;;;17;998
12;6;18;8;8279;;2;2;BV-1221;0,7;14;2;1;999;;1;4;1;;;17;4
12;1;9;8;8279;;3;2;No inventariada;;14;4;1;999;;1;1;1;;;17;998
12;1;13;8;8279;;3;2;No inventariada;;14;7;1;999;;1;1;1;;;17;998
12;2;16;8;8279;;2;2;C-1415a;16,9;14;3;2;4;;1;1;1;;;17;4
12;7;16;8;8279;;2;2;C-243c;13,7;14;6;1;999;;1;1;1;;;17;4
12;3;12;8;8279;;3;2;No inventariada;;14;2;2;1;;1;1;1;;;17;998
12;5;12;8;8279;;2;2;B-122;0,6;14;2;2;2;;1;1;1;;;17;4
12;2;19;8;8279;;3;2;No inventariada;;14;7;1;999;;1;4;1;;;17;998
12;2;18;8;8279;;3;2;No inventariada;;14;7;1;999;;1;4;1;;;17;998
12;2;13;8;8279;;3;2;No inventariada;;14;3;1;999;;1;1;1;;;17;998
12;5;14;8;8279;;2;2;BP-1503;22,1;14;2;2;2;;1;1;1;;;17;4
12;5;6;8;8279;;3;2;No inventariada;;14;9;1;999;;1;1;1;;;17;998
12;6;18;8;8279;;3;2;No inventariada;;14;3;1;999;;1;2;1;;;17;998
12;1;15;8;8279;;3;2;No inventariada;;14;7;1;999;;1;1;1;;;17;998
12;7;21;8;8279;;3;2;No inventariada;;14;3;1;999;;1;4;1;;;17;998
12;1;12;8;8279;;3;2;No inventariada;;14;7;1;999;;1;1;1;;;17;998
4;3;19;8;8135;;3;2;No inventariada;;14;7;1;999;;1;1;1;;;17;998
12;4;21;8;8279;;3;2;No inventariada;;14;4;1;999;;1;1;1;;;17;998
2;1;18;9;0;;1;1;BU-V-5025;2,942;6;13;2;;;3;1;4;;;1;3
2;7;12;9;0;;1;1;CL-629;31,335;6;18;2;;;1;1;1;;;1;1
1;4;13;9;0;;1;1;BU-525;0,65;6;8;2;;;1;1;1;;;12;1
8;3;21;9;0;;1;1;N-1;309,32;6;5;1;1;;1;6;1;;;1;1
11;1;6;9;0;;1;1;N-1;307,7;6;2;2;;;1;6;2;;;1;1
7;2;12;9;0;;1;1;BU-P-1324;3,176;6;2;1;1;;1;1;1;;;1;1
1;4;11;9;9018;;3;2;No inventariada;;9;1;1;1;;1;1;2;;;1;998
1;1;10;9;9018;;3;2;No inventariada;;9;2;1;2;;1;1;1;;;1;998
1;5;17;9;9018;;3;2;No inventariada;;9;7;1;2;;1;1;2;;;1;998
1;2;22;9;9018;;3;2;No inventariada;;9;4;2;;;3;4;1;;;1;998
2;4;18;9;9018;;3;2;No inventariada;;9;2;2;;;1;1;1;;;1;998
2;6;17;9;9018;;3;2;No inventariada;;9;2;1;2;;1;1;1;;;1;998
3;4;9;9;9018;;1;1;BU-925;1,05;6;2;1;1;;1;1;2;;;9;1
3;3;21;9;9018;;3;2;No inventariada;;9;6;2;;;3;6;2;;;1;998
3;6;17;9;9018;;3;2;No inventariada;;9;2;1;1;;1;1;1;;;1;998
3;3;15;9;9018;;3;2;No inventariada;;9;2;1;2;;1;1;1;;;18;998
3;7;16;9;9018;;3;2;No inventariada;;14;18;2;;;2;1;1;;;1;998
4;7;17;9;9018;;1;1;CL-619;72,5;6;2;2;;;1;1;1;;;1;1
3;3;23;9;9018;;3;2;No inventariada;;9;10;2;;;3;4;4;;;1;998
4;3;7;9;9018;;3;2;No inventariada;;9;2;1;2;;1;1;1;;;1;998
4;6;1;9;9018;;3;2;No inventariada;;7;16;1;2;;1;4;1;;;1;998
4;2;12;9;9018;;3;2;No inventariada;;9;4;2;;;1;1;1;;;1;998
4;5;12;9;9018;;3;2;No inventariada;;9;2;2;;;1;1;1;;;1;998
5;6;22;9;9018;;3;2;No inventariada;;9;2;1;2;;1;4;1;;;1;998
5;3;13;9;9018;;3;2;No inventariada;;9;10;2;;;1;1;2;;;1;998
5;5;11;9;9018;;3;2;No inventariada;;9;7;2;;;1;1;1;;;6;998
5;1;22;9;9018;;3;2;No inventariada;;9;10;2;;;3;4;2;;;1;998
5;4;19;9;9018;;3;2;No inventariada;;9;2;1;2;;1;1;1;;;1;998
5;5;20;9;9018;;3;2;No inventariada;;9;7;1;2;;1;1;1;;;1;998
6;6;19;9;9018;;3;2;No inventariada;;9;2;1;2;;1;1;1;;;1;998
6;7;7;9;0;;1;1;BU-P-1102;11,1;6;14;2;;;1;2;2;;;1;1
6;4;20;9;9018;;3;2;No inventariada;;9;7;2;;;1;1;1;;;1;998
6;7;16;9;9018;;3;2;No inventariada;;9;2;2;;;1;1;1;;;1;998
6;7;9;9;9018;;1;1;N-1;154,95;6;10;1;4;;1;1;1;;;1;3
7;5;5;9;9018;;1;1;A-1;162,5;3;18;2;;;1;6;1;;;1;3
6;1;11;9;9018;;3;2;No inventariada;;13;10;2;;;2;1;1;;;1;998
7;1;9;9;9018;;3;2;No inventariada;;9;2;1;1;;1;1;1;;;6;998
7;2;12;9;9018;;3;2;No inventariada;;9;19;2;;;1;1;1;;;1;998
7;2;18;9;9018;;3;2;No inventariada;;9;2;1;4;;1;1;1;;;1;998
8;4;14;9;9018;;3;2;No inventariada;;9;10;2;;;3;1;2;;;1;998
9;5;21;9;9018;;3;2;No inventariada;;9;7;2;;;1;4;1;;;1;998
9;3;14;9;9018;;3;2;No inventariada;;9;2;1;2;;1;1;1;;;1;998
9;4;16;9;9018;;3;2;No inventariada;;9;2;1;4;;3;1;2;;;1;998
9;5;17;9;9018;;3;2;No inventariada;;9;2;1;2;;1;1;1;;;1;998
10;3;18;9;9018;;3;2;No inventariada;;9;7;2;;;1;1;1;;;1;998
10;5;16;9;9018;;3;2;No inventariada;;9;20;2;;;1;1;1;;;1;998
10;5;16;9;9018;;3;2;No inventariada;;9;2;1;2;;1;1;1;;;1;998
10;1;22;9;9018;;3;2;No inventariada;;9;10;2;;;2;4;1;;;1;998
10;4;11;9;9018;;3;2;No inventariada;;9;4;2;;;1;1;1;;;1;998
11;5;12;9;9018;;3;2;No inventariada;;9;2;2;;;1;1;1;;;9;998
11;2;18;9;9018;;3;2;No inventariada;;9;7;1;2;;1;4;7;;;1;998
10;5;16;9;9018;;3;2;No inventariada;;9;7;2;;;2;1;2;;;1;998
11;3;8;9;9018;;3;2;No inventariada;;9;4;2;;;1;1;2;;;1;998
12;4;13;9;9018;;3;2;No inventariada;;9;7;2;;;1;1;1;;;1;998
12;2;10;9;9018;;1;1;BU-950;3,19;6;4;2;;;1;1;1;;;1;1
12;1;13;9;9018;;3;2;No inventariada;;9;7;2;;;1;1;2;;;1;998
12;5;9;9;9018;;3;2;No inventariada;;9;2;2;;;1;1;2;;;1;998
12;5;14;9;9018;;3;2;No inventariada;;9;7;2;;;1;1;2;;;6;998
11;2;19;9;0;;1;1;BU-V-1014;2,591;6;19;2;;;1;6;2;;;1;1
7;4;18;9;0;;1;1;N-120;92,24;6;2;1;1;BU-V-8133;1;1;1;;;1;1
8;6;21;9;0;;1;1;BU-820;9,3;6;19;2;;;1;6;1;;;1;1
12;7;12;9;0;;1;1;N-120;83,3;6;2;2;;;6;1;2;;;5;1
8;7;11;9;0;;1;1;BU-P-8012;11,496;6;10;2;;;1;1;1;;;1;1
5;5;7;9;0;;1;1;N-234;446,95;6;18;2;;;1;1;1;;;1;1
7;3;8;9;0;;1;1;N-234;443,7;6;2;2;;;1;1;1;;;1;1
10;4;16;9;0;;1;1;BU-555;0,3;6;12;2;;;1;1;1;;;1;1
10;4;16;9;0;;3;2;No inventariada;;7;10;2;;;1;1;1;;;12;998
2;2;7;9;9056;;1;1;AP-1;36,2;2;12;2;;;1;6;1;;;17;1
6;4;14;9;9056;;3;2;No inventariada;;9;7;1;2;;1;1;1;;;1;998
7;6;12;9;9056;;1;1;N-1;276,555;6;7;2;;;1;1;1;;;1;1
9;5;18;9;9056;;3;2;No inventariada;;9;7;2;;;3;1;4;;;5;998
9;1;16;9;9056;;3;2;No inventariada;;9;3;1;2;;1;1;1;;;1;998
11;6;17;9;0;;1;1;BU-V-5113;1,3;6;18;2;;;1;1;1;;;1;3
11;1;9;9;9056;;1;1;BU-710;1,75;6;17;2;;;8;1;2;2;;5;2
1;2;19;9;9059;;3;2;No inventariada;;9;7;2;;;3;4;3;;;1;998
1;1;6;9;9059;;3;2;No inventariada;;9;7;1;2;;1;4;1;;;18;998
1;5;14;9;9059;;3;2;No inventariada;;9;7;2;;;1;1;1;;;6;998
1;4;20;9;9059;;3;2;No inventariada;;9;4;2;;;1;4;1;;;1;998
1;5;15;9;9059;;3;2;No inventariada;;9;16;2;;;1;1;1;;;1;998
1;7;19;9;9059;;3;2;No inventariada;;9;2;2;;;3;4;3;;;5;998
1;4;15;9;9059;;3;2;No inventariada;;9;10;2;;;1;1;1;;;1;998
1;3;14;9;9059;;3;2;No inventariada;;9;4;2;;;1;1;1;;;1;998
1;1;20;9;9059;;3;2;No inventariada;;9;4;2;;;1;4;2;;;1;998
1;6;0;9;9059;;1;1;A-1;235,5;3;2;1;12;;1;6;1;;;4;2
1;6;23;9;9059;;3;2;No inventariada;;9;10;2;;;3;4;2;;;18;998
1;3;8;9;9059;;3;2;No inventariada;;9;10;2;;;3;4;3;;;1;998
1;7;11;9;9059;;3;2;No inventariada;;9;6;2;;;1;1;1;;;1;998
1;3;16;9;9059;;3;2;No inventariada;;9;7;2;;;1;1;1;;;4;998
2;1;16;9;9059;;3;2;No inventariada;;9;4;2;;;1;1;1;;;1;998
1;4;14;9;9059;;3;2;No inventariada;;9;2;2;;;1;1;1;;;1;998
2;1;21;9;9059;;1;1;A-1;245,938;3;12;1;12;;1;6;1;;;1;1
2;3;15;9;9059;;3;2;No inventariada;;9;4;2;;;1;1;1;;;1;998
2;2;21;9;9059;;3;2;No inventariada;;9;12;2;;;1;6;7;;;1;998
2;4;12;9;9059;;3;2;No inventariada;;9;7;2;;;1;1;1;;;9;998
1;4;14;9;9059;;3;2;No inventariada;;9;2;2;;;1;1;2;;;1;998
2;5;15;9;9059;;3;2;No inventariada;;9;7;2;;;1;1;1;;;1;998
2;3;17;9;9059;;3;2;No inventariada;;9;4;2;;;1;1;1;;;1;998
2;5;9;9;9059;;3;2;No inventariada;;9;2;2;;;1;1;2;;;1;998
2;1;8;9;9059;;3;2;No inventariada;;9;19;1;4;;2;1;1;;;1;998
2;2;19;9;9059;;3;2;No inventariada;;9;4;1;4;;1;4;1;;;1;998
2;3;16;9;9059;;3;2;No inventariada;;7;7;2;;;1;1;7;;;1;998
2;7;16;9;9059;;3;2;No inventariada;;9;12;2;;;3;1;3;;;1;998
2;1;16;9;9059;;3;2;No inventariada;;9;4;2;;;3;1;3;;;1;998
2;3;7;9;9059;;3;2;No inventariada;;9;7;2;;;3;3;3;;;17;998
2;3;19;9;9059;;3;2;No inventariada;;9;7;2;;;3;4;3;;;18;998
2;7;22;9;9059;;3;2;No inventariada;;9;10;2;;;1;4;7;;;1;998
3;6;16;9;9059;;3;2;No inventariada;;9;10;2;;;3;1;4;;;1;998
3;6;18;9;9059;;1;1;BU-800;15,5;6;3;2;;;6;1;6;;;1;1
2;2;18;9;9059;;3;2;No inventariada;;9;3;2;;;1;1;1;;;1;998
3;1;8;9;9059;;3;2;No inventariada;;9;2;1;4;;3;1;3;;;1;998
2;4;16;9;9059;;3;2;No inventariada;;9;2;1;2;;3;1;2;;;1;998
2;4;19;9;9059;;3;2;No inventariada;;9;7;2;;;3;4;3;;;1;998
3;2;7;9;9059;;3;2;No inventariada;;9;2;1;4;;1;4;1;;;1;998
3;4;11;9;9059;;1;1;A-1;235,1;3;3;1;12;BU-11;1;1;1;;;1;1
3;3;13;9;9059;;3;2;No inventariada;;9;6;2;;;1;1;1;;;1;998
2;1;21;9;9059;;3;2;No inventariada;;9;2;1;2;;3;4;3;;;1;998
2;7;16;9;9059;;3;2;No inventariada;;9;10;2;;;3;1;4;;;1;998
2;3;12;9;9059;;3;2;No inventariada;;9;10;2;;;1;1;1;;;9;998
2;2;14;9;9059;;3;2;No inventariada;;9;7;2;;;1;1;2;;;1;998
2;6;11;9;9059;;3;2;No inventariada;;9;7;2;;;1;1;1;;;6;998
2;1;16;9;9059;;3;2;No inventariada;;9;7;1;2;;3;1;4;;;5;998
2;1;17;9;9059;;3;2;No inventariada;;9;4;2;;;1;1;1;;;1;998
2;2;16;9;9059;;3;2;No inventariada;;9;4;2;;;1;1;1;;;9;998
3;2;11;9;9059;;3;2;No inventariada;;9;4;2;;;1;1;1;;;1;998
3;4;16;9;9059;;3;2;No inventariada;;9;2;1;4;;1;1;1;;;1;998
3;5;15;9;9059;;3;2;No inventariada;;9;7;2;;;1;1;1;;;1;998
3;3;14;9;9059;;3;2;No inventariada;;9;2;1;2;;1;1;1;;;9;998
3;4;13;9;9059;;3;2;No inventariada;;9;10;2;;;1;1;1;;;1;998
2;5;10;9;9059;;3;2;No inventariada;;9;7;2;;;3;1;3;;;1;998
3;6;19;9;9059;;3;2;No inventariada;;9;2;2;;;1;1;1;;;1;998
3;2;9;9;9059;;3;2;No inventariada;;9;4;2;;;1;1;1;;;1;998
3;2;20;9;9059;;3;2;No inventariada;;9;2;2;;;1;4;2;;;1;998
3;5;18;9;9059;;3;2;No inventariada;;9;7;2;;;1;1;1;;;3;998
3;2;14;9;9059;;3;2;No inventariada;;9;4;2;;;1;1;1;;;1;998
4;4;15;9;9059;;3;2;No inventariada;;9;10;2;;;1;1;1;;;1;998
4;5;17;9;9059;;3;2;No inventariada;;9;2;2;;;1;1;1;;;1;998
4;6;16;9;9059;;3;2;No inventariada;;9;4;2;;;1;1;1;;;1;998
3;2;18;9;9059;;3;2;No inventariada;;9;7;2;;;1;1;2;;;1;998
4;7;22;9;9059;;3;2;No inventariada;;9;2;2;;;1;4;1;;;1;998
4;2;17;9;9059;;3;2;No inventariada;;9;11;2;;;3;1;3;;;1;998
4;3;7;9;9059;;3;2;No inventariada;;9;6;2;;;1;1;1;;;1;998
3;2;18;9;9059;;3;2;No inventariada;;9;7;2;;;1;1;1;;;6;998
4;5;19;9;9059;;3;2;No inventariada;;9;4;2;;;1;1;1;;;1;998
4;5;21;9;9059;;3;2;No inventariada;;9;7;2;;;1;4;1;;;1;998
4;4;19;9;9059;;3;2;No inventariada;;9;2;2;;;1;1;1;;;18;998
4;3;20;9;9059;;3;2;No inventariada;;9;2;2;;;1;1;1;;;9;998
2;6;21;9;9059;;3;2;No inventariada;;9;10;2;;;1;4;7;;;1;998
3;3;15;9;9059;;3;2;No inventariada;;9;10;2;;;1;1;1;;;9;998
3;3;20;9;9059;;3;2;No inventariada;;9;4;2;;;1;3;7;;;1;998
3;4;12;9;9059;;3;2;No inventariada;;9;10;2;;;1;1;1;;;1;998
3;1;12;9;9059;;3;2;No inventariada;;9;7;2;;;1;1;2;;;9;998
3;6;22;9;9059;;3;2;No inventariada;;9;2;1;1;;1;4;1;;;1;998
4;2;17;9;9059;;3;2;No inventariada;;9;2;2;;;1;1;1;;;3;998
4;5;14;9;9059;;3;2;No inventariada;;9;7;2;;;1;1;1;;;9;998
4;2;18;9;9059;;3;2;No inventariada;;9;2;1;1;;1;1;1;;;1;998
4;4;13;9;9059;;3;2;No inventariada;;9;16;2;;;1;1;1;;;1;998
4;1;16;9;9059;;3;2;No inventariada;;9;2;2;;;1;1;1;;;1;998
4;1;9;9;9059;;3;2;No inventariada;;9;2;2;;;1;1;1;;;1;998
4;1;9;9;9059;;3;2;No inventariada;;9;12;2;;;1;1;1;;;1;998
4;7;14;9;9059;;3;2;No inventariada;;9;2;2;;;1;1;1;;;1;998
4;4;9;9;9059;;3;2;No inventariada;;9;4;2;;;1;1;1;;;1;998
4;1;23;9;9059;;3;2;No inventariada;;9;2;1;2;;1;4;7;;;1;998
5;3;20;9;9059;;3;2;No inventariada;;9;2;2;;;1;1;1;;;1;998
5;4;6;9;9059;;3;2;No inventariada;;9;1;2;;;1;4;1;;;1;998
5;3;22;9;9059;;3;2;No inventariada;;9;3;1;4;;1;6;1;;;14;998
4;1;17;9;9059;;1;1;A-1;237,9;3;6;2;;;1;1;1;;;1;1
5;3;15;9;9059;;3;2;No inventariada;;9;2;2;;;1;1;1;;;1;998
5;3;13;9;9059;;3;2;No inventariada;;9;2;2;;;1;1;1;;;1;998
5;5;8;9;9059;;3;2;No inventariada;;9;2;1;2;;1;1;1;;;1;998
2;2;9;9;9059;;3;2;No inventariada;;9;10;2;;;3;1;2;;;1;998
5;1;8;9;9059;;3;2;No inventariada;;9;2;2;;;1;1;1;;;9;998
4;5;15;9;9059;;3;2;No inventariada;;9;10;2;;;8;1;1;;;1;998