MES;DIA_SEMANA;HORA;COD_PROVINCIA;COD_MUNICIPIO;ISLA;ZONA;ZONA_AGRUPADA;CARRETERA;KM;TIPO_VIA;TIPO_ACCIDENTE;NUDO;NUDO_INFO;CARRETERA_CRUCE;CONDICION_FIRME;CONDICION_ILUMINACION;CONDICION_METEO;CONDICION_NIEBLA;CONDICION_VIENTO;VISIB_RESTRINGIDA_POR;TRAZADO_PLANTA
5;4;20;9;9059;;3;2;No inventariada;;9;4;2;;;1;1;1;;;1;998
5;3;12;9;9059;;3;2;No inventariada;;9;2;1;1;;1;1;1;;;1;998
5;4;14;9;9059;;3;2;No inventariada;;9;1;2;;;1;1;1;;;1;998
3;7;8;9;9059;;3;2;No inventariada;;9;3;2;;;1;1;1;;;1;998
5;5;11;9;9059;;3;2;No inventariada;;9;2;2;;;1;1;1;;;1;998
5;4;20;9;9059;;3;2;No inventariada;;9;7;2;;;1;1;1;;;1;998
5;5;15;9;9059;;3;2;No inventariada;;9;2;2;;;1;1;1;;;2;998
5;5;17;9;9059;;3;2;No inventariada;;9;7;2;;;1;1;1;;;1;998
4;5;21;9;9059;;3;2;No inventariada;;9;4;2;;;1;3;2;;;1;998
4;6;20;9;9059;;3;2;No inventariada;;9;2;1;1;;1;1;2;;;1;998
5;4;7;9;9059;;3;2;No inventariada;;9;2;2;;;1;1;2;;;3;998
3;5;15;9;9059;;3;2;No inventariada;;9;2;2;;;1;1;1;;;3;998
5;4;8;9;9059;;3;2;No inventariada;;9;10;2;;;2;1;1;;;1;998
3;4;8;9;9059;;3;2;No inventariada;;9;2;2;;;1;1;1;;;1;998
3;6;18;9;9059;;3;2;No inventariada;;9;5;2;;;5;1;6;;;1;998
3;6;18;9;9059;;3;2;No inventariada;;9;5;2;;;6;1;6;;;1;998
5;5;18;9;9059;;3;2;No inventariada;;9;7;2;;;1;1;1;;;1;998
6;3;10;9;9059;;3;2;No inventariada;;9;4;2;;;1;1;1;;;1;998
5;6;3;9;9059;;3;2;No inventariada;;9;1;2;;;1;4;7;;;1;998
2;4;7;9;9059;;3;2;No inventariada;;9;2;1;2;;1;1;1;;;1;998
3;1;12;9;9059;;3;2;No inventariada;;9;7;2;;;1;1;1;;;1;998
3;3;14;9;9059;;3;2;No inventariada;;9;4;2;;;2;1;1;;;1;998
2;7;15;9;9059;;3;2;No inventariada;;9;2;1;4;;3;1;2;;;1;998
6;1;3;9;9059;;3;2;No inventariada;;9;10;2;;;1;4;1;;;1;998
5;4;15;9;9059;;3;2;No inventariada;;9;7;2;;;1;1;1;;;9;998
6;2;6;9;9059;;3;2;No inventariada;;9;7;2;;;1;3;1;;;18;998
5;4;22;9;9059;;3;2;No inventariada;;9;10;2;;;1;4;1;;;1;998
6;4;8;9;9059;;3;2;No inventariada;;9;2;2;;;1;1;1;;;1;998
6;1;21;9;9059;;3;2;No inventariada;;9;2;1;4;;1;1;1;;;1;998
6;5;19;9;9059;;3;2;No inventariada;;9;10;2;;;2;1;1;;;1;998
6;1;15;9;9059;;3;2;No inventariada;;9;2;1;1;;1;1;1;;;1;998
6;1;19;9;9059;;3;2;No inventariada;;9;10;2;;;1;1;1;;;1;998
5;5;18;9;9059;;3;2;No inventariada;;9;4;2;;;1;1;1;;;18;998
6;2;15;9;9059;;3;2;No inventariada;;9;4;2;;;1;1;3;;;1;998
6;7;22;9;9059;;3;2;No inventariada;;9;10;2;;;2;4;1;;;1;998
4;4;19;9;9059;;3;2;No inventariada;;9;4;2;;;1;1;1;;;18;998
5;5;18;9;9059;;3;2;No inventariada;;9;2;1;4;;1;1;1;;;1;998
5;1;19;9;9059;;3;2;No inventariada;;9;7;2;;;1;1;1;;;1;998
5;6;20;9;9059;;3;2;No inventariada;;9;4;2;;;1;1;1;;;1;998
6;1;15;9;9059;;3;2;No inventariada;;9;4;2;;;1;1;1;;;1;998
6;6;20;9;9059;;3;2;No inventariada;;9;2;1;3;;1;1;1;;;1;998
6;7;11;9;9059;;3;2;No inventariada;;9;6;2;;;1;1;2;;;1;998
6;4;19;9;9059;;3;2;No inventariada;;9;7;2;;;1;1;1;;;1;998
5;6;18;9;9059;;3;2;No inventariada;;9;2;2;;;1;1;1;;;1;998
6;5;8;9;9059;;3;2;No inventariada;;9;7;2;;;1;1;1;;;6;998
7;5;17;9;9059;;3;2;No inventariada;;9;4;2;;;1;1;1;;;1;998
7;4;0;9;9059;;3;2;No inventariada;;9;7;2;;;1;3;7;;;1;998
7;6;2;9;9059;;3;2;No inventariada;;9;4;2;;;3;3;3;;;1;998
7;6;23;9;9059;;3;2;No inventariada;;9;14;2;;;1;6;7;;;17;998
6;2;17;9;9059;;3;2;No inventariada;;9;2;1;1;;1;1;1;;;1;998
6;3;14;9;9059;;3;2;No inventariada;;9;3;2;;;1;1;1;;;1;998
7;1;15;9;9059;;3;2;No inventariada;;9;2;2;;;1;1;1;;;18;998
7;1;19;9;9059;;3;2;No inventariada;;9;2;2;;;1;1;1;;;6;998
6;5;14;9;9059;;3;2;No inventariada;;9;4;1;12;;1;1;1;;;1;998
7;3;16;9;9059;;3;2;No inventariada;;9;4;2;;;1;1;1;;;1;998
7;4;15;9;9059;;3;2;No inventariada;;9;1;2;;;1;1;1;;;2;998
7;3;20;9;9059;;3;2;No inventariada;;9;7;2;;;1;1;1;;;1;998
7;5;22;9;9059;;3;2;No inventariada;;9;7;2;;;1;4;1;;;12;998
6;1;18;9;9059;;3;2;No inventariada;;9;7;2;;;1;1;1;;;1;998
7;5;21;9;9059;;1;1;BU-800;16,2;6;4;1;2;;1;1;1;;;1;1
7;3;23;9;9059;;3;2;No inventariada;;9;10;2;;;1;4;1;;;1;998
6;3;12;9;9059;;3;2;No inventariada;;9;2;2;;;1;1;1;;;18;998
7;1;12;9;9059;;3;2;No inventariada;;9;7;2;;;1;1;2;;;1;998
6;5;21;9;9059;;3;2;No inventariada;;9;10;2;;;1;3;1;;;1;998
5;7;11;9;9059;;3;2;No inventariada;;9;5;1;2;;1;1;1;;;1;998
7;1;16;9;9059;;1;1;A-1;237,35;3;15;2;;;1;1;1;;;1;1
7;1;10;9;9059;;3;2;No inventariada;;9;7;2;;;1;1;1;;;6;998
7;2;8;9;9059;;3;2;No inventariada;;9;7;2;;;1;1;1;;;6;998
7;2;19;9;9059;;3;2;No inventariada;;9;20;2;;;1;1;1;;;1;998
7;2;21;9;9059;;3;2;No inventariada;;9;10;2;;;2;1;1;;;1;998
7;5;12;9;9059;;3;2;No inventariada;;9;2;1;1;;1;1;1;;;1;998
7;6;9;9;9059;;3;2;No inventariada;;9;2;2;;;1;1;1;;;1;998
4;3;19;9;9059;;3;2;No inventariada;;9;5;2;;;1;1;1;;;1;998
4;3;19;9;9059;;3;2;No inventariada;;9;7;1;2;;1;1;1;;;6;998
4;5;22;9;9059;;3;2;No inventariada;;9;2;2;;;1;4;1;;;1;998
4;6;20;9;9059;;3;2;No inventariada;;9;10;2;;;1;1;1;;;1;998
5;6;10;9;9059;;3;2;No inventariada;;9;10;2;;;1;1;1;;;1;998
6;2;13;9;9059;;3;2;No inventariada;;9;2;1;2;;1;1;1;;;1;998
6;2;12;9;9059;;3;2;No inventariada;;9;2;1;2;;1;1;1;;;1;998
5;6;0;9;9059;;3;2;No inventariada;;9;4;2;;;1;4;1;;;1;998
5;1;3;9;9059;;3;2;No inventariada;;9;8;2;;;1;4;1;;;1;998
6;4;13;9;9059;;3;2;No inventariada;;9;7;2;;;1;1;1;;;1;998
7;2;8;9;9059;;3;2;No inventariada;;9;2;2;;;1;1;1;;;1;998
7;4;12;9;9059;;3;2;No inventariada;;9;2;2;;;1;1;1;;;1;998
8;1;19;9;9059;;3;2;No inventariada;;9;4;2;;;1;1;1;;;1;998
8;3;9;9;9059;;3;2;No inventariada;;9;7;2;;;1;1;1;;;6;998
7;7;16;9;9059;;3;2;No inventariada;;9;2;1;4;;1;1;1;;;1;998
7;4;12;9;9059;;3;2;No inventariada;;9;4;2;;;1;1;1;;;1;998
7;5;18;9;9059;;3;2;No inventariada;;9;2;2;;;1;1;1;;;1;998
8;5;16;9;9059;;3;2;No inventariada;;9;4;2;;;1;1;1;;;1;998
8;3;17;9;9059;;3;2;No inventariada;;9;7;2;;;1;1;1;;;12;998
8;3;12;9;9059;;3;2;No inventariada;;9;2;1;2;;1;1;1;;;1;998
8;4;14;9;9059;;3;2;No inventariada;;9;6;2;;;1;1;1;;;1;998
7;1;20;9;9059;;3;2;No inventariada;;9;7;2;;;1;1;1;;;6;998
8;1;7;9;9059;;3;2;No inventariada;;9;2;2;;;1;1;1;;;1;998
8;2;12;9;0;;1;1;A-1;234,681;3;5;2;;;1;1;1;;;1;1
8;4;6;9;9059;;3;2;No inventariada;;9;2;1;2;;1;4;1;;;1;998
8;5;11;9;9059;;3;2;No inventariada;;9;2;2;;;1;1;1;;;9;998
8;6;23;9;9059;;3;2;No inventariada;;9;4;2;;;1;4;1;;;1;998
8;6;19;9;9059;;3;2;No inventariada;;9;16;2;;;3;1;3;;;1;998
8;2;19;9;9059;;3;2;No inventariada;;9;7;2;;;1;1;1;;;6;998
8;5;10;9;9059;;3;2;No inventariada;;9;4;2;;;1;1;1;;;1;998
8;3;17;9;9059;;3;2;No inventariada;;9;3;2;;;1;1;1;;;1;998
9;1;17;9;9059;;3;2;No inventariada;;9;2;2;;;1;1;1;;;1;998
8;5;18;9;9059;;3;2;No inventariada;;9;3;2;;;1;1;1;;;1;998
9;3;11;9;9059;;3;2;No inventariada;;9;1;2;;;1;1;1;;;1;998
9;5;19;9;9059;;3;2;No inventariada;;9;4;2;;;1;1;1;;;1;998
9;7;18;9;9059;;3;2;No inventariada;;9;2;2;;;1;1;1;;;1;998
9;2;15;9;9059;;3;2;No inventariada;;9;10;1;4;;7;1;1;;;1;998
9;2;17;9;9059;;3;2;No inventariada;;9;2;1;4;;1;1;1;;;1;998
7;1;10;9;9059;;3;2;No inventariada;;9;10;2;;;1;1;1;;;1;998
9;5;11;9;9059;;3;2;No inventariada;;9;7;2;;;1;1;1;;;1;998
9;1;23;9;9059;;3;2;No inventariada;;9;10;2;;;1;4;2;;;1;998
9;3;15;9;9059;;3;2;No inventariada;;9;7;2;;;1;1;1;;;1;998
9;4;12;9;9059;;3;2;No inventariada;;9;2;2;;;1;1;1;;;1;998
9;4;21;9;9059;;3;2;No inventariada;;9;10;2;;;3;4;4;;;5;998
10;2;22;9;9059;;3;2;No inventariada;;9;10;2;;;3;4;4;;;5;998
10;2;16;9;9059;;3;2;No inventariada;;9;4;1;3;;1;1;1;;;1;998
9;7;13;9;9059;;3;2;No inventariada;;9;2;2;;;1;1;1;;;1;998
9;4;10;9;9059;;3;2;No inventariada;;9;2;1;4;;1;1;2;;;1;998
9;3;13;9;9059;;3;2;No inventariada;;9;10;1;2;;1;1;1;;;1;998
8;5;18;9;9059;;3;2;No inventariada;;9;1;2;;;1;1;1;;;6;998
8;4;19;9;9059;;3;2;No inventariada;;9;7;2;;;1;1;1;;;17;998
8;3;20;9;9059;;3;2;No inventariada;;9;7;2;;;1;2;1;;;17;998
8;2;14;9;9059;;3;2;No inventariada;;9;2;1;4;;1;1;1;;;1;998
6;5;20;9;9059;;3;2;No inventariada;;9;7;2;;;1;1;1;;;6;998
7;3;18;9;9059;;3;2;No inventariada;;9;2;1;2;;1;1;1;;;1;998
7;7;5;9;9059;;3;2;No inventariada;;9;6;2;;;1;4;2;;;1;998
8;1;15;9;9059;;3;2;No inventariada;;9;2;2;;;1;1;1;;;1;998
10;1;14;9;9059;;3;2;No inventariada;;9;4;2;;;3;1;3;;;1;998
10;2;8;9;9059;;3;2;No inventariada;;9;4;2;;;3;1;2;;;1;998
9;2;10;9;9059;;3;2;No inventariada;;9;2;2;;;1;1;1;;;17;998
9;7;21;9;9059;;3;2;No inventariada;;9;1;2;;;1;4;1;;;1;998
9;5;23;9;9059;;3;2;No inventariada;;9;7;2;;;1;4;1;;;1;998
10;3;14;9;9059;;3;2;No inventariada;;9;5;2;;;3;1;4;;;1;998
10;3;14;9;9059;;3;2;No inventariada;;9;2;1;1;;3;1;4;;;1;998
10;3;23;9;9059;;3;2;No inventariada;;9;10;2;;;1;4;1;;;1;998
10;4;13;9;9059;;3;2;No inventariada;;9;7;2;;;1;1;1;;;1;998
10;6;22;9;9059;;3;2;No inventariada;;9;3;2;;;1;4;1;;;1;998
10;5;10;9;9059;;3;2;No inventariada;;9;6;2;;;1;1;1;;;1;998
10;4;10;9;9059;;1;1;BU-30;0,7;3;3;2;;;1;1;1;;;1;3
10;4;19;9;9059;;3;2;No inventariada;;9;1;2;;;1;4;1;;;1;998
10;5;9;9;9059;;3;2;No inventariada;;9;4;2;;;1;1;1;;;6;998
10;2;14;9;9059;;3;2;No inventariada;;9;2;2;;;1;1;1;;;1;998
10;1;20;9;9059;;3;2;No inventariada;;9;4;1;4;;1;4;1;;;1;998
10;4;8;9;9059;;3;2;No inventariada;;9;7;2;;;3;3;4;;;5;998
10;5;9;9;9059;;3;2;No inventariada;;9;4;2;;;1;2;1;;;6;998
10;5;10;9;9059;;3;2;No inventariada;;9;12;2;;;1;2;1;;;6;998
11;5;17;9;9059;;3;2;No inventariada;;9;2;1;2;;1;1;1;;;1;998
10;4;16;9;9059;;3;2;No inventariada;;9;2;2;;;1;1;1;;;1;998
11;6;10;9;9059;;3;2;No inventariada;;9;1;1;2;;1;1;1;;;1;998
10;3;15;9;9059;;3;2;No inventariada;;9;3;1;4;;1;1;1;;;1;998
10;4;15;9;9059;;3;2;No inventariada;;9;3;2;;;1;1;1;;;1;998
10;5;11;9;9059;;3;2;No inventariada;;9;7;2;;;1;1;1;;;6;998
9;1;15;9;9059;;3;2;No inventariada;;9;14;2;;;1;1;1;;;1;998
10;2;12;9;9059;;3;2;No inventariada;;9;3;2;;;1;1;1;;;1;998
10;5;9;9;9059;;3;2;No inventariada;;9;2;1;2;;3;3;3;;;5;998
11;7;11;9;9059;;3;2;No inventariada;;9;2;2;;;1;1;1;;;1;998
10;3;15;9;9059;;3;2;No inventariada;;9;11;2;;;1;1;1;;;1;998
11;1;18;9;9059;;3;2;No inventariada;;9;7;2;;;1;2;1;;;1;998
10;6;9;9;9059;;3;2;No inventariada;;9;7;2;;;1;1;2;;;1;998
11;2;9;9;9059;;3;2;No inventariada;;9;2;2;;;1;1;2;;;9;998
11;2;12;9;9059;;3;2;No inventariada;;9;4;2;;;1;1;2;;;1;998
10;5;17;9;9059;;3;2;No inventariada;;9;2;2;;;1;1;1;;;1;998
10;5;19;9;9059;;3;2;No inventariada;;9;4;2;;;1;1;1;;;1;998
10;7;16;9;9059;;3;2;No inventariada;;9;9;2;;;1;1;3;;;1;998
11;4;18;9;9059;;3;2;No inventariada;;9;4;2;;;1;4;1;;;1;998
10;7;17;9;9059;;3;2;No inventariada;;9;2;2;;;1;1;2;;;1;998
10;4;23;9;9059;;3;2;No inventariada;;9;7;2;;;1;6;1;;;18;998
11;5;13;9;9059;;3;2;No inventariada;;9;4;2;;;1;1;1;;;1;998
11;1;13;9;9059;;3;2;No inventariada;;9;2;2;;;1;1;1;;;9;998
10;5;20;9;9059;;3;2;No inventariada;;9;7;2;;;1;4;2;;;1;998
10;4;6;9;9059;;3;2;No inventariada;;9;4;2;;;3;4;3;;;5;998
5;5;13;9;9059;;3;2;No inventariada;;9;3;2;;;1;1;1;;;1;998
11;4;14;9;9059;;3;2;No inventariada;;9;7;2;;;1;1;1;;;1;998
11;5;9;9;9059;;3;2;No inventariada;;9;2;2;;;1;1;1;;;18;998
10;7;15;9;9059;;3;2;No inventariada;;9;16;2;;;1;1;1;;;1;998
10;5;16;9;9059;;3;2;No inventariada;;9;2;1;4;;1;1;1;;;1;998
10;7;14;9;9059;;3;2;No inventariada;;9;4;2;;;1;1;1;;;1;998
10;1;21;9;9059;;3;2;No inventariada;;9;4;2;;;1;4;1;;;1;998
12;2;20;9;9059;;3;2;No inventariada;;9;7;2;;;3;4;4;1;;1;998
12;1;19;9;9059;;3;2;No inventariada;;9;7;2;;;1;4;1;;;1;998
11;3;8;9;9059;;3;2;No inventariada;;9;5;2;;;1;1;1;;;1;998
11;2;11;9;9059;;3;2;No inventariada;;9;7;2;;;1;1;1;;;1;998
12;3;5;9;9059;;1;1;A-1;246,8;3;16;2;;;5;4;1;;;1;1
11;4;9;9;9059;;3;2;No inventariada;;9;4;2;;;1;1;1;;;6;998
11;4;16;9;9059;;3;2;No inventariada;;9;10;2;;;1;1;1;;;1;998
12;4;20;9;9059;;3;2;No inventariada;;9;10;2;;;1;4;2;;;1;998
12;5;10;9;9059;;3;2;No inventariada;;9;7;2;;;3;1;3;;;1;998
12;1;14;9;9059;;3;2;No inventariada;;9;2;1;2;;1;1;2;;;18;998
12;4;21;9;9059;;3;2;No inventariada;;9;7;2;;;1;4;7;;;18;998
11;4;10;9;9059;;3;2;No inventariada;;9;7;2;;;1;1;1;;;6;998
11;5;23;9;9059;;3;2;No inventariada;;9;10;2;;;3;4;2;;;18;998
12;2;17;9;9059;;3;2;No inventariada;;9;10;2;;;1;1;2;;;1;998
11;5;23;9;9059;;3;2;No inventariada;;9;2;2;;;1;4;1;;;1;998
11;6;14;9;9059;;3;2;No inventariada;;9;2;2;;;1;1;1;;;1;998
10;3;12;9;9059;;3;2;No inventariada;;9;10;2;;;1;1;1;;;1;998
10;2;12;9;9059;;3;2;No inventariada;;9;2;1;2;;1;1;1;;;1;998
12;4;20;9;9059;;3;2;No inventariada;;9;4;2;;;1;4;1;;;18;998
7;7;22;9;9059;;3;2;No inventariada;;9;2;2;;;1;4;1;;;1;998
6;5;21;9;0;;3;2;No inventariada;;9;7;2;;;1;4;1;;;9;998
8;2;14;9;0;;1;1;BU-922;2,241;6;14;2;;;1;1;1;;;1;2
1;5;20;9;0;;1;1;CL-603;6,1;6;14;2;;;6;6;6;;;5;1
10;2;9;9;0;;1;1;CL-603;3,85;6;19;2;;;1;1;1;;;1;1
6;3;10;9;0;;1;1;C. F-V-;0,8;10;7;2;;;2;1;1;;;4;3
9;6;20;9;0;;1;1;BU-P-8012;3,3;6;17;1;2;;1;1;1;;;1;1
3;6;13;9;0;;1;1;A-1;242,4;3;6;2;;;1;1;1;;;1;1
8;4;13;9;0;;1;1;AP-1;3,1;2;4;2;;;1;1;1;;;1;1
7;1;10;9;0;;1;1;N-234;447,16;6;19;2;;;1;1;1;;;1;1
2;3;17;9;0;;1;1;AP-1;29,2;2;4;2;;;1;1;1;;;1;1
7;5;11;9;0;;1;1;AP-1;29,667;2;4;2;;;1;1;1;;;1;1
9;6;9;9;0;;1;1;N-122;274,25;6;4;1;2;;1;1;1;;;1;1
3;6;17;9;0;;1;1;BU-V-8001;1,055;6;18;2;;;1;1;1;;;1;3
4;2;15;9;0;;2;2;BU-P-4013;0,56;6;7;2;;;1;1;1;;;1;1
6;2;18;9;0;;1;1;A-62;25,75;3;4;2;;;8;1;3;;;1;1
8;1;19;9;0;;3;2;No inventariada;;9;7;1;2;;1;1;1;;;1;998
9;3;12;9;0;;1;1;A-1;224,5;3;4;2;;;1;1;2;;;1;2
2;5;14;9;0;;1;1;BU-750;11,419;6;14;2;;;1;1;2;;;4;1
2;7;17;9;0;;1;1;CL-127;7,393;6;19;2;;;1;1;2;;;1;2
3;5;18;9;0;;3;2;No inventariada;;9;10;2;;;1;1;1;;;1;998
4;6;20;9;0;;1;1;CL-127;19,44;6;8;2;;;1;1;1;;;1;1
6;5;19;9;0;;1;1;CL-127;19,468;6;14;2;;;1;1;1;;;1;1
10;2;7;9;0;;1;1;BU-750;12,378;6;2;2;;;1;2;2;;;1;2
12;7;16;9;0;;1;1;CL-127;15,6;6;3;2;;;1;1;1;;;4;2
7;7;16;9;0;;1;1;BU-905;1,75;6;14;2;;;1;1;1;;;1;1
4;5;12;9;0;;1;1;N-234;470,05;6;14;2;;;1;1;2;;;1;1
5;6;19;9;0;;1;1;N-234;470,65;6;15;2;;;1;1;1;;;1;2
6;3;12;9;0;;1;1;N-234;464,1;6;1;2;;;1;1;1;;;1;1
8;4;12;9;0;;1;1;BU-571;1,247;6;10;2;;;2;1;1;;;12;2
8;1;12;9;0;;1;1;BU-526;10,2;6;7;1;2;;1;1;1;;;1;1
9;7;12;9;0;;1;1;BU-571;2;6;19;2;;;8;1;2;;;1;3
9;4;17;9;0;;1;1;BU-572;7;6;15;2;;;1;1;1;;;1;3
10;7;13;9;0;;2;2;BU-526;10;6;4;2;;;1;1;1;;;1;1
9;3;20;9;0;;1;1;BU-V-1008;3,3;6;19;2;;;1;2;2;;;1;3
9;4;17;9;0;;1;1;A-62;15,4;3;3;2;;;1;6;1;;;1;1
9;7;12;9;0;;1;1;A-11;106,15;3;2;1;2;N-122;1;1;1;;;1;1
10;4;18;9;0;;1;1;N-122;284,873;6;2;1;5;;1;1;1;;;1;1
3;6;13;9;0;;1;1;N-122;287,6;6;2;2;;;3;1;3;;;1;1
3;2;20;9;0;;3;2;No inventariada;;9;9;2;;;1;4;1;;;1;998
7;5;10;9;0;;3;2;No inventariada;;9;20;1;1;;9;1;7;;;18;998
4;7;6;9;0;;1;1;VI-GRI;4,4;10;18;2;;;1;6;1;1;;17;3
4;6;4;9;0;;1;1;A-1;169,4;3;19;2;;;1;6;1;;;1;1
7;5;3;9;0;;1;1;A-1;164,9;3;17;2;;;1;6;1;;;1;3
8;4;17;9;0;;1;1;A-1;167,2;3;3;2;;;1;1;1;;;1;1
8;5;0;9;0;;1;1;BU-P-1102;11,2;6;14;2;;;1;6;1;;;1;1
4;6;15;9;0;;1;1;N-122;280,038;6;14;2;;;1;1;2;;;1;1
10;3;8;9;0;;1;1;N-122;280,15;6;2;2;;;1;2;1;;;1;1
11;5;9;9;0;;1;1;N-122;280,037;6;4;2;;;1;1;1;;;1;3
6;7;15;9;0;;1;1;N-234;471,6;6;18;2;;;1;1;2;;;1;2
4;1;13;9;0;;1;1;N-234;418,1;6;14;2;;;1;1;2;;;1;1
9;6;14;9;0;;1;1;N-234;418,74;6;19;2;;;1;1;1;;;1;2
11;7;13;9;0;;1;1;N-234;415,9;6;10;1;2;;1;1;1;;;1;2
8;6;20;9;0;;1;1;BU-V-9231;4,3;6;18;2;;;1;2;1;;;1;2
3;3;16;9;0;;1;1;BU-130;25,1;6;4;2;;;1;1;1;;;1;1
12;4;19;9;0;;1;1;CL-619;55;6;8;2;;;1;6;1;;;1;1
11;7;10;9;0;;1;1;BU-V-5021;5,68;6;3;1;2;;1;1;1;;;1;2
5;1;15;9;0;;1;1;BU-V-8002;26,8;6;16;2;;;1;1;1;;;1;1
9;5;19;9;0;;1;1;N-120;100,28;6;2;1;2;;1;2;2;;;1;1
10;4;8;9;0;;1;1;BU-V-8002;27,76;6;4;2;;;3;6;4;;;5;1
8;6;5;9;0;;1;1;A-231;145,2;3;7;2;;;1;6;1;;;1;1
3;6;10;9;0;;1;1;BU-552;39,51;6;19;2;;;3;1;3;;;1;1
5;3;20;9;0;;1;1;BU-552;30,6;6;18;2;;;3;1;3;;;1;2
6;6;9;9;0;;1;1;BU-552;38,541;6;10;2;;;1;1;2;;;1;1
10;7;9;9;0;;1;1;BU-552;30,2;6;12;2;;;3;1;2;;;1;2
5;6;9;9;0;;1;1;A-1;203,223;3;18;1;12;N-1;1;1;1;;;1;3
6;6;12;9;0;;1;1;A-1;195,2;3;16;2;;;1;1;1;;;1;3
10;7;18;9;0;;1;1;A-1;199,4;3;18;2;;;3;1;4;;;5;3
10;6;11;9;0;;1;1;No inventariada;0,1;10;19;1;2;;3;1;2;;;1;1
2;2;7;9;0;;1;1;A-1;212,305;3;18;1;10;;1;1;1;;1;1;1
6;2;19;9;0;;1;1;A-1;214,6;3;18;2;;;8;1;2;;;1;1
8;1;7;9;0;;1;1;N-234;459,8;6;1;2;;;1;2;1;;;1;1
1;1;14;9;9209;;1;1;N-629;20,5;6;16;1;5;;1;1;2;;;1;1
1;7;17;9;9209;;1;1;N-629;30,365;6;3;2;;;1;1;1;;;1;1
5;3;13;9;9209;;1;1;N-629;21,05;6;2;2;;;1;1;1;;;1;1
5;4;13;9;9209;;2;2;CL-628;0,75;6;2;1;2;;1;1;2;;;1;1
7;2;12;9;9209;;3;2;No inventariada;;9;7;1;1;;1;1;1;;;1;998
7;5;13;9;9209;;2;2;N-629;24;6;7;2;;;1;1;1;;;1;1
7;6;13;9;9209;;2;2;N-629;23,4;6;7;1;1;;1;1;1;;;1;1
11;5;20;9;9209;;3;2;No inventariada;;9;7;1;1;;1;4;1;;;1;998
12;6;20;9;9209;;1;1;N-629;24,1;6;7;1;2;;3;4;4;;;5;1
3;7;9;9;0;;1;1;N-120;162;6;18;2;;;1;1;2;;;1;2
10;4;13;9;0;;1;1;N-120;163;6;7;1;2;BU-601;1;1;1;;;1;1
9;7;17;9;0;;1;1;N-629;12,176;6;12;2;;;1;1;1;;;1;1
1;7;13;9;0;;1;1;BU-526;1,85;6;1;2;;;1;1;1;;;1;3
3;4;13;9;0;;1;1;CL-629;84;6;2;1;5;BU-526;3;1;4;;;1;1
5;6;12;9;0;;1;1;N-629;32,198;6;2;1;1;BU-V-5413;1;1;1;;;1;1
6;2;20;9;0;;1;1;N-629;38,836;6;19;1;4;;1;1;2;;;1;2
8;4;12;9;0;;3;2;No inventariada;;9;2;2;;;1;1;1;;;1;998
11;5;12;9;0;;1;1;N-629;43,257;6;10;2;;;1;1;1;;;1;1
5;7;9;9;0;;1;1;BU-526;23,052;6;10;1;8;;3;1;2;;;1;1
11;6;14;9;0;;2;2;BU-561;12,322;6;7;2;;;1;1;1;;;1;1
4;7;14;9;0;;1;1;CL-629;50,9;6;12;2;;;1;1;1;;;1;2
6;5;19;9;0;;1;1;N-232;530;6;8;2;;;1;1;1;;;12;1
3;7;11;9;0;;1;1;A-1;150,875;3;19;2;;;1;1;2;;;1;1
1;4;21;9;9219;;1;1;AP-1;77,1;2;4;1;12;AP-68;3;6;4;;;5;1
2;5;12;9;9219;;3;2;No inventariada;;9;7;1;1;;1;1;1;;;1;998
2;5;19;9;9219;;3;2;No inventariada;;9;3;2;;;1;2;7;;;1;998
3;4;15;9;9219;;3;2;No inventariada;;9;2;1;1;;1;1;1;;;2;998
4;3;19;9;9219;;3;2;No inventariada;;9;7;1;2;;1;1;1;;;1;998
4;5;15;9;9219;;3;2;No inventariada;;9;7;2;;;1;1;7;;;18;998
4;4;19;9;9219;;3;2;No inventariada;;9;7;2;;;1;1;1;;;1;998
4;7;22;9;9219;;3;2;No inventariada;;9;2;2;;;1;1;7;;;1;998
4;1;16;9;9219;;3;2;No inventariada;;9;2;2;;;1;1;1;;;1;998
4;1;16;9;9219;;3;2;No inventariada;;9;2;2;;;1;1;7;;;1;998
5;4;8;9;9219;;3;2;No inventariada;;9;7;2;;;1;1;1;;;1;998
6;5;21;9;9219;;3;2;No inventariada;;9;2;2;;;1;1;1;;;18;998
6;6;11;9;9219;;3;2;No inventariada;;9;2;2;;;1;1;1;;;18;998
8;2;15;9;9219;;1;1;AP-1;74;2;19;2;;;1;1;1;;;1;2
8;5;13;9;9219;;3;2;No inventariada;;9;4;2;;;1;1;1;;;18;998
8;2;16;9;9219;;3;2;No inventariada;;9;2;2;;;1;1;1;;;1;998
8;2;11;9;9219;;3;2;No inventariada;;9;19;2;;;1;1;1;;;18;998
8;3;19;9;9219;;3;2;No inventariada;;9;10;2;;;1;1;1;;;18;998
9;5;6;9;9219;;1;1;BU-535;2,6;6;2;2;;;1;6;2;;;17;3
9;6;13;9;9219;;3;2;No inventariada;;9;7;2;;;1;1;1;;;18;998
9;4;7;9;9219;;3;2;No inventariada;;9;4;2;;;1;1;1;;;18;998
10;3;7;9;9219;;1;1;N-1R;321,45;6;2;1;4;N-1R;1;5;1;;;1;3
10;4;15;9;9219;;3;2;No inventariada;;9;20;2;;;1;1;1;;;18;998
10;5;17;9;9219;;3;2;No inventariada;;9;20;2;;;1;1;1;;;18;998
10;5;22;9;9219;;3;2;No inventariada;;9;1;2;;;1;4;1;;;18;998
10;6;19;9;9219;;3;2;No inventariada;;14;18;2;;;1;1;1;;;1;998
10;2;13;9;9219;;3;2;No inventariada;;9;4;2;;;1;1;1;;;1;998
10;2;11;9;9219;;3;2;No inventariada;;9;3;2;;;1;1;1;;;1;998