MES;DIA_SEMANA;HORA;COD_PROVINCIA;COD_MUNICIPIO;ISLA;ZONA;ZONA_AGRUPADA;CARRETERA;KM;TIPO_VIA;TIPO_ACCIDENTE;NUDO;NUDO_INFO;CARRETERA_CRUCE;CONDICION_FIRME;CONDICION_ILUMINACION;CONDICION_METEO;CONDICION_NIEBLA;CONDICION_VIENTO;VISIB_RESTRINGIDA_POR;TRAZADO_PLANTA
11;1;18;9;9219;;1;1;N-1;318,2;6;2;2;;;1;3;1;;;1;1
11;1;17;9;9219;;3;2;No inventariada;;9;20;2;;;1;1;1;;;18;998
11;4;21;9;9219;;3;2;No inventariada;;9;7;2;;;3;3;3;;;5;998
12;7;7;9;9219;;1;1;N-1;320,5;6;2;2;;;3;4;3;;;1;1
12;1;18;9;9219;;3;2;No inventariada;;9;4;2;;;3;3;4;;;18;998
3;2;20;9;0;;1;1;N-627;26,05;6;16;2;;;1;6;1;;;1;1
5;4;17;9;0;;1;1;N-627;29,8;6;2;1;2;;1;1;1;;;1;1
7;2;10;9;0;;1;1;CL-603;13,1;6;2;1;2;;1;1;1;;;1;1
10;2;8;9;0;;1;1;CL-603;11,347;6;18;2;;;1;2;1;;;1;2
8;1;10;9;0;;1;1;N-122;295,6;6;18;2;;;1;1;1;;;1;2
8;2;9;9;0;;1;1;CL-619;51,8;6;10;2;;;1;1;1;;;1;1
5;6;12;9;0;;1;1;N-232;513,8;6;15;2;;;1;1;1;;;1;2
12;2;13;9;0;;1;1;N-232;502,2;6;20;2;;;1;6;2;;;1;2
3;7;13;9;0;;1;1;A-1;176,95;3;12;2;;;1;1;1;;;1;1
4;3;10;9;0;;1;1;A-1;174,35;3;16;2;;;1;1;2;;;1;3
4;7;11;9;0;;1;1;A-1;175,5;3;4;2;;;1;1;1;;;1;1
12;7;9;9;0;;1;1;A-1;175,2;3;12;2;;;1;1;2;;;1;1
5;1;11;9;0;;1;1;CL-117;19,28;6;1;2;;;1;1;1;;;1;1
10;6;17;9;0;;1;1;BU-434;2,848;6;19;2;;;1;1;2;;;1;2
2;6;17;9;0;;1;1;AP-1;57,93;2;12;2;;;1;1;1;;;1;3
5;5;15;9;0;;1;1;AP-1;61,4;2;16;2;;;2;4;1;;;17;2
8;3;20;9;0;;1;1;AP-1;57;2;10;2;;;1;1;1;;;1;1
10;2;18;9;0;;1;1;N-1;301,166;6;14;2;;;1;1;3;;;1;1
8;7;21;9;0;;1;1;BU-504;10,93;6;8;2;;;1;6;1;;;1;1
1;3;12;9;0;;1;1;BU-925;21,6;6;15;2;;;3;1;3;;;1;2
1;7;12;9;0;;1;1;BU-925;16,139;6;3;1;2;;3;1;3;;;5;1
11;6;12;9;0;;1;1;BU-820;37,2;6;8;2;;;1;1;1;;;1;1
5;3;17;9;0;;1;1;BU-V-9203;0,052;6;2;2;;;1;1;1;;;2;1
8;6;13;9;0;;1;1;BU-V-5022;2;6;8;2;;;1;1;1;;;12;1
7;7;13;9;0;;1;1;A-1;330,25;3;3;2;;;1;1;1;;;1;1
4;4;8;9;0;;1;1;BU-925;7,3;6;14;2;;;1;1;1;;;1;1
12;7;17;9;0;;1;1;AP-1;13,7;2;4;2;;;1;1;1;;;6;1
6;5;11;9;0;;1;1;AP-1;25,9;2;7;2;;;1;1;1;;;1;1
6;1;14;9;9056;;1;1;AP-1;27,632;2;5;2;;;1;1;1;;;1;1
3;3;11;9;0;;1;1;N-120;130,587;6;2;1;5;BU-V-6064;1;1;1;;;1;1
9;6;10;9;0;;1;1;A-231;149;3;16;2;;;1;1;1;;;1;3
7;1;10;9;0;;1;1;BU-820;45,4;6;1;2;;;1;1;1;;;4;2
3;2;14;9;0;;3;2;No inventariada;;9;2;2;;;1;1;1;;;14;998
5;7;15;9;0;;1;1;BU-130;27,1;6;18;1;4;BU-P-1131;1;1;1;;;1;2
7;5;7;9;0;;3;2;No inventariada;;9;2;1;1;BU-134;1;1;1;;;2;998
7;1;20;9;0;;1;1;BU-V-5104;8;6;18;2;;;1;1;1;;;1;2
9;7;12;9;0;;1;1;BU-V-1143;1,715;6;12;2;;;2;1;1;;;1;3
2;4;17;9;0;;1;1;A-1;252,3;3;1;1;4;N-1;3;1;4;;;5;2
8;4;8;9;0;;1;1;BU-V-5021;28,25;6;1;2;;;3;1;3;;;1;1
8;6;12;9;0;;3;2;No inventariada;;11;7;2;;;1;1;1;;;9;998
6;6;13;9;0;;1;1;BU-131;2,6;6;19;2;;;1;1;1;;;4;2
8;5;0;9;0;;1;1;ARROYO DEL;2;10;14;2;;;2;6;1;;;4;1
8;4;5;9;0;;1;1;N-1;297;6;15;2;;;1;6;1;;;1;1
10;7;13;9;0;;1;1;BU-901;25,6;6;8;2;;;1;1;2;;;1;2
5;7;17;9;0;;1;1;A-231;137,3;3;5;2;;;5;1;5;;;5;1
7;4;12;9;0;;1;1;A-231;123,4;3;4;2;;;1;1;1;;;1;1
2;1;23;9;0;;1;1;BU-202;4,2;6;18;2;;;3;6;2;;;12;2
3;5;18;9;0;;2;2;BU-V-6279;5,88;6;18;1;2;BU-V-6279;1;1;2;;;1;3
12;2;7;9;0;;1;1;BU-V-6103;0,37;6;18;2;;;3;6;2;;;1;1
1;2;18;9;0;;1;1;N-120;122;6;2;1;4;BU-600;1;4;1;;;1;2
12;4;9;9;0;;1;1;N-120;122,023;6;9;1;4;A-231;3;1;1;1;;1;2
4;2;14;9;0;;1;1;N-622;54,5;6;18;2;;;1;1;1;;;1;1
11;7;20;9;0;;1;1;N-622;55,813;6;8;2;;;1;6;1;;;1;1
6;5;19;9;0;;1;1;BU-113;21,8;6;18;2;;;1;1;2;;;12;1
6;5;6;9;0;;1;1;CL-619;45;6;8;2;;;1;1;1;;;1;1
8;3;15;9;0;;1;1;BU-140;1,05;6;18;2;;;1;6;1;;;1;1
12;5;5;9;0;;1;1;CL-619;48,497;6;15;2;;;1;6;2;1;;5;2
5;7;12;9;0;;1;1;N-629;1,3;6;15;2;;;1;1;1;;;1;2
10;3;17;9;0;;1;1;N-629;6,75;6;10;2;;;8;1;1;;;1;2
4;6;17;9;0;;1;1;N-623;49,25;6;2;1;5;;1;1;1;;;4;2
9;3;10;9;0;;1;1;N-623;49,72;6;7;2;;;1;1;1;;;1;1
9;1;13;9;0;;1;1;N-623;50,55;6;19;2;;;1;1;1;;;1;1
6;5;10;9;0;;3;2;No inventariada;;9;6;2;;;1;1;1;;;1;998
9;6;8;9;0;;1;1;N-627;38,97;6;12;2;;;1;1;1;;;1;1
1;5;22;9;0;;1;1;CL-629;105,2;6;8;2;;;1;4;1;;;1;1
1;7;12;9;0;;1;1;CL-629;97,11;6;18;2;;;3;1;3;;;1;3
1;4;9;9;0;;1;1;CL-629;96,9;6;2;2;;;1;1;1;;;1;2
1;7;12;9;0;;1;1;BU-550;39,1;6;2;2;;;1;1;1;;;1;2
2;5;6;9;0;;1;1;CL-629;90,587;6;18;2;;;3;6;2;;;1;1
2;5;16;9;0;;1;1;CL-629;106,259;6;3;1;2;;1;1;2;;;1;1
3;6;11;9;0;;1;1;BU-554;5,629;6;19;2;;;3;1;7;;;18;2
3;6;7;9;0;;1;1;CL-629;103,218;6;19;2;;;3;2;2;;;1;1
5;6;14;9;0;;1;1;CL-629;95,883;6;19;2;;;3;1;3;;;1;3
7;4;15;9;0;;1;1;CL-629;95;6;19;2;;;1;1;1;;;1;2
9;7;7;9;0;;1;1;BU-V-5433;5,57;6;18;1;4;CL-629;1;2;2;1;;1;2
11;7;12;9;0;;1;1;BU-550;39,1;6;12;2;;;3;1;1;;;1;2
12;7;11;9;0;;1;1;BU-554;11,191;6;8;2;;;3;1;1;;;1;1
11;6;7;9;0;;1;1;BU-703;9,6;6;18;2;;;3;6;1;;;4;2
7;7;13;9;0;;1;1;BU-530;10,1;6;4;1;2;BU-504;1;1;1;;;4;2
6;6;11;9;0;;1;1;BU-526;33,61;6;15;2;;;1;1;2;;;1;2
7;7;12;9;0;;1;1;N-623;85,44;6;8;2;;;1;1;1;;;18;3
8;4;10;9;0;;1;1;BU-V-5746;1,498;6;19;2;;;2;1;1;;;4;2
11;6;21;9;0;;1;1;CL-630;0,5;6;8;2;;;1;6;1;;;12;1
6;6;20;9;0;;1;1;BU-V-8211;7;6;16;2;;;1;1;2;;;1;3
3;5;11;9;0;;1;1;A-73;56,96;3;4;2;;;3;1;2;;;1;1
11;5;7;9;0;;1;1;N-627;56,4;6;2;2;;;3;6;1;;;1;1
11;2;7;9;0;;1;1;N-122;247,49;6;4;2;;;1;6;1;;;1;1
6;4;19;9;0;;1;1;BU-627;25,5;6;2;1;5;BU-V-6218;1;1;1;;;1;1
11;7;0;9;0;;1;1;BU-627;12,5;6;14;2;;;1;6;1;;;1;2
5;6;11;9;0;;1;1;CAMINO VEC;0,4;10;19;2;;;1;1;1;;;1;2
3;2;14;9;0;;3;2;No inventariada;;9;7;2;;;1;1;2;;;1;998
1;3;19;9;0;;1;1;A-62;8,2;3;12;2;;;3;6;3;;;1;1
1;3;10;9;0;;1;1;A-1;233,95;3;3;2;;;3;1;3;;;1;1
3;7;18;9;0;;1;1;N-120;122;6;4;1;4;;1;1;1;;;1;1
7;3;11;9;0;;1;1;A-62;8,65;3;6;2;;;1;1;1;;;1;1
1;3;12;9;0;;1;1;A-1;205,25;3;14;2;;;3;1;2;;;1;2
6;3;15;9;0;;1;1;A-1;211,4;3;14;2;;;1;1;1;;;1;1
10;4;7;9;0;;1;1;N-120;134,6;6;2;1;5;BU-406;3;6;3;;;1;1
6;2;13;9;0;;1;1;BU-910;6,676;6;2;1;1;;1;1;1;;;1;2
9;7;1;9;0;;1;1;A-62;32,5;3;18;2;;;1;6;2;;;17;1
3;1;6;9;0;;1;1;A-1;231,2;3;4;2;;;3;6;3;;;1;1
11;3;17;9;0;;1;1;BU-V-1002;2,5;6;19;2;;;1;1;1;;;1;2
8;5;9;9;0;;1;1;A-231;131,3;3;14;2;;;1;1;1;;;1;1
2;1;16;9;0;;1;1;BU-820;15,5;6;19;2;;;1;1;2;;;1;3
5;7;9;9;0;;2;2;BU-622;11,5;6;17;2;;;1;1;1;;;1;2
5;2;12;9;0;;1;1;BU-V-6011;9,75;6;18;2;;;1;1;2;;;1;1
3;3;10;9;0;;1;1;CL-629;63,21;6;7;1;12;;1;1;1;;;6;3
4;5;14;9;0;;1;1;BU-561;3,929;6;14;2;;;1;1;1;;;1;1
4;5;18;9;0;;1;1;CL-629;59,36;6;4;2;;;1;1;1;;;1;1
4;1;15;9;0;;1;1;CL-628;7,05;6;2;1;2;;1;1;1;;;1;1
5;6;10;9;0;;1;1;CL-629;60,619;6;4;2;;;1;1;1;;;1;1
6;6;14;9;0;;3;2;No inventariada;;9;7;2;;;1;1;1;;;1;998
7;3;22;9;0;;1;1;CL-629;64,5;6;8;2;;;1;3;1;;;12;1
8;1;17;9;0;;1;1;CL-629;60;6;7;1;2;;1;1;1;;;1;1
8;5;12;9;0;;1;1;CL-628;4,5;6;5;2;;;1;1;1;;;1;1
8;2;18;9;0;;1;1;N-232;540,917;6;12;2;;;1;1;1;;;1;1
8;3;6;9;0;;1;1;BU-V-5021;9,53;6;18;2;;;1;6;1;;;1;2
4;7;20;9;0;;1;1;N-623;36,97;6;18;2;;;5;1;5;;;5;1
10;6;14;9;0;;1;1;N-623;40;6;15;2;;;3;1;3;;;5;1
10;3;7;9;0;;1;1;N-623;60,4;6;15;2;;;3;6;3;;;1;2
5;3;15;9;0;;1;1;CL-629;16,35;6;16;2;;;1;1;1;;;1;1
7;5;14;9;0;;1;1;CL-629;10,35;6;19;2;;;1;1;1;;;1;2
7;5;11;9;0;;1;1;SC-BU-10;0,108;6;19;1;2;N-623;1;1;1;;;1;2
8;5;19;9;0;;1;1;N-623;31,1;6;18;2;;;1;1;1;;;1;1
11;4;2;9;0;;1;1;CL-629;7,7;6;16;2;;;1;6;1;1;;5;2
12;5;15;9;0;;1;1;N-623;19;6;19;1;2;N-627;3;1;2;;;1;1
4;7;1;9;0;;1;1;BU-30;18;3;12;1;4;;1;6;1;;;1;1
8;5;15;9;0;;1;1;BU-622;0,5;6;20;2;;;1;1;1;;;9;1
9;5;7;9;0;;3;2;No inventariada;;9;7;2;;;3;3;2;;;1;998
9;3;16;9;0;;1;1;BU-622;1,127;6;19;2;;;1;1;1;;;17;1
1;7;8;9;0;;1;1;BU-552;15,565;6;19;1;4;;1;3;2;2;;5;1
2;3;15;9;0;;1;1;BU-552;9,9;6;12;1;2;;1;1;1;;;1;1
7;7;19;9;0;;1;1;BU-552;17,732;6;2;1;2;;8;1;1;;;1;1
8;2;14;9;0;;3;2;No inventariada;;9;2;1;1;;1;1;1;;;1;998
9;4;18;9;0;;1;1;BU-550;19,332;6;13;2;;;3;1;3;;;1;3
10;7;1;9;0;;1;1;BU-552;6,7;6;13;2;;;3;6;3;;;1;2
5;6;14;10;0;;1;1;A-5;276,591;3;12;2;;;1;1;1;;;1;1
8;2;16;10;0;;1;1;EX-109;63,296;6;19;2;;;1;2;1;;;1;2
10;3;15;10;0;;1;1;EX-109;60,2;6;2;1;5;EX-205;1;1;2;;;1;1
7;7;12;10;0;;1;1;CC-206;18,909;6;3;1;4;CC-209;1;1;1;;;18;2
5;4;15;10;0;;1;1;EX-117;37,3;6;19;2;;;1;1;1;;;1;2
5;7;15;10;0;;1;1;EX-117;33,452;6;1;2;;;1;1;1;;;1;2
7;1;6;10;0;;1;1;EX-117;18,9;6;2;2;;;1;2;1;;;1;2
1;1;7;10;0;;1;1;A-66;590,5;3;20;2;;;1;6;1;;;1;1
9;5;18;10;0;;1;1;A-66;590,464;2;16;2;;;1;1;1;;;1;1
4;6;14;10;10037;;1;1;N-630;568,8;6;4;2;;;1;1;1;;;1;1
7;4;16;10;0;;1;1;A-66;576,2;3;3;2;;;1;1;1;;;1;1
9;3;18;10;0;;1;1;EX-208;64,2;6;12;1;5;CC-329;1;1;1;;;1;1
8;4;10;10;0;;2;2;EX-203;44;6;7;2;;;1;1;1;;;1;4
9;1;12;10;0;;1;1;A-66;438,323;3;4;2;;;1;1;1;;;18;1
7;3;16;10;0;;1;1;N-502;192;6;12;2;;;1;1;1;;;1;1
9;6;20;10;0;;1;1;EX-102;97;6;8;2;;;1;1;1;;;1;1
1;1;11;10;0;;1;1;CC-317;20;6;16;2;;;1;1;1;;;1;3
3;4;20;10;0;;2;2;N-521;77,1;6;1;1;2;EX-303;3;4;4;;;1;1
5;3;7;10;0;;1;1;N-521;73,916;6;4;2;;;1;1;1;;;18;1
1;4;13;10;0;;1;1;A-5;194,6;3;12;2;;;4;1;4;1;;5;1
6;5;13;10;0;;1;1;A-5;196,75;3;15;2;;;3;1;4;;;5;1
10;6;20;10;0;;1;1;A-5;196,6;3;12;2;;;3;6;4;;;5;1
11;7;13;10;0;;3;2;No inventariada;;9;6;2;;;1;1;1;;;18;998
4;3;22;10;0;;1;1;EX-206;51,4;6;3;2;;;1;6;1;;;1;1
11;1;11;10;0;;1;1;CC-344;12,2;6;16;2;;;1;1;1;;;1;1
6;6;13;10;10021;;3;2;No inventariada;;9;3;1;1;;1;1;1;;;2;998
8;1;20;10;10021;;3;2;No inventariada;;9;16;2;;;1;1;1;;;1;998
10;2;19;10;10021;;1;1;EX-207;12,5;6;4;2;;;1;1;2;;;1;1
8;5;12;10;0;;1;1;EX-213;2,7;6;18;2;;;1;1;1;;;1;1
6;2;14;10;0;;1;1;CC-344;1,9;6;16;1;2;;3;1;4;;;5;2
10;3;8;10;0;;1;1;CC-344;6,1;6;4;2;;;1;1;1;;;6;1
1;1;17;10;0;;1;1;A-66;428,55;3;16;2;;;3;6;4;1;;18;1
2;4;6;10;0;;1;1;N-630;430,7;6;8;2;;;1;6;1;;;1;1
3;3;21;10;0;;1;1;A-66;429,35;3;6;2;;;1;6;1;;;1;1
3;7;10;10;0;;1;1;CAMINO;3;10;19;2;;;2;6;7;;;4;3
8;7;12;10;0;;1;1;No inventariada;0;7;1;2;;;1;1;1;;;4;3
9;7;22;10;0;;1;1;A-66;432,729;3;4;2;;;1;6;1;;;10;1
3;6;23;10;0;;1;1;CC-410;8,619;6;12;2;;;3;6;4;;;5;1
3;3;20;10;0;;3;2;No inventariada;;9;15;2;;;3;4;3;;;1;998
6;5;21;10;0;;3;2;No inventariada;;9;16;2;;;1;2;1;;;1;998
9;6;15;10;0;;1;1;EX-207;31,481;6;18;2;;;1;1;1;;;1;1
10;7;12;10;0;;1;1;CE NAVA;0,2;10;19;2;;;2;1;3;;;1;1
11;6;2;10;0;;1;1;EX-207;28,275;6;16;2;;;1;6;7;;;18;1
1;4;14;10;10037;;3;2;No inventariada;;9;2;1;1;;3;1;2;;;1;998
1;5;9;10;10037;;1;1;EX-390;2,5;6;2;1;1;;1;1;1;;;1;1
1;3;10;10;10037;;3;2;No inventariada;;9;10;2;;;3;1;3;;;1;998
1;1;16;10;10037;;3;2;No inventariada;;9;4;2;;;3;1;3;;;5;998
1;7;3;10;10037;;1;1;A-66;557,9;3;8;2;;;1;6;1;;;4;3
1;5;15;10;10037;;3;2;No inventariada;;9;10;1;4;;3;1;3;;;18;998
1;6;3;10;10037;;3;2;No inventariada;;9;4;1;1;;1;4;1;;;1;998
1;5;9;10;10037;;1;1;EX-206;10,8;6;10;1;1;CC-340;3;1;1;;;1;2
1;5;14;10;10037;;1;1;EX-390;11,2;6;14;2;;;1;1;1;;;1;1
1;7;10;10;10037;;3;2;No inventariada;;14;2;1;4;;1;1;1;;;6;998
1;4;20;10;10037;;3;2;No inventariada;;9;4;2;;;1;4;2;;;1;998
1;2;15;10;10037;;3;2;No inventariada;;9;20;1;1;;1;1;1;;;1;998
1;3;8;10;10037;;3;2;No inventariada;;9;3;2;;;1;2;1;;;9;998
2;1;15;10;10037;;3;2;No inventariada;;14;4;2;;;1;1;1;;;1;998
1;3;8;10;10037;;3;2;No inventariada;;14;5;2;;;1;3;1;;;1;998
2;3;16;10;10037;;1;1;N-523;5,7;6;8;2;;;1;1;2;;;1;1
2;4;22;10;10037;;3;2;No inventariada;;9;2;1;4;;3;4;3;;;5;998
2;5;16;10;10037;;3;2;No inventariada;;9;10;2;;;3;1;2;;;1;998
1;3;14;10;10037;;3;2;No inventariada;;9;4;2;;;1;1;1;;;1;998
2;5;12;10;10037;;3;2;No inventariada;;9;2;1;1;;3;1;3;;;1;998
1;5;21;10;10037;;3;2;No inventariada;;9;4;2;;;1;4;2;;;1;998
2;3;10;10;10037;;3;2;No inventariada;;9;7;2;;;1;1;1;;;6;998
2;5;17;10;10037;;3;2;No inventariada;;9;4;1;2;;1;1;2;;;1;998
2;4;15;10;10037;;3;2;No inventariada;;9;4;1;4;;1;1;1;;;1;998
1;3;21;10;10037;;3;2;No inventariada;;9;4;2;;;1;4;1;;;1;998
3;5;14;10;10037;;3;2;No inventariada;;9;2;1;4;;1;1;1;;;1;998
3;2;20;10;10037;;3;2;No inventariada;;14;7;1;1;;1;4;1;;;1;998
3;3;7;10;10037;;3;2;No inventariada;;9;1;2;;;1;2;1;;;1;998
3;4;12;10;10037;;1;1;CC-324;0,95;6;2;2;;;3;1;4;;;1;1
3;7;18;10;10037;;3;2;No inventariada;;9;1;1;1;;1;1;2;;;1;998
3;1;8;10;10037;;3;2;No inventariada;;14;2;1;4;;1;1;1;;;1;998
3;4;12;10;10037;;3;2;No inventariada;;9;7;1;1;;1;1;1;;;1;998
3;6;13;10;10037;;3;2;No inventariada;;9;2;1;4;;1;1;1;;;1;998
3;4;10;10;10037;;3;2;No inventariada;;9;4;2;;;1;1;2;;;1;998
4;1;4;10;10037;;1;1;A-58;39;3;12;2;;;3;6;2;;;1;1
4;3;7;10;10037;;1;1;N-521;51,8;5;4;1;4;A-66;3;6;2;;;1;1
4;3;13;10;10037;;3;2;No inventariada;;9;4;2;;;1;1;2;;;1;998
4;4;9;10;10037;;3;2;No inventariada;;9;7;2;;;1;1;1;;;1;998
4;4;23;10;10037;;1;1;A-66;565,26;3;4;2;;;1;6;1;;;1;1
4;4;20;10;10037;;3;2;No inventariada;;14;2;2;;;1;4;1;;;1;998
4;5;11;10;10037;;3;2;No inventariada;;14;3;2;;;1;1;1;;;1;998
4;4;9;10;10037;;3;2;No inventariada;;9;7;2;;;1;1;1;;;6;998
4;2;12;10;10037;;1;1;EX-206;8,887;6;4;2;;;1;1;1;;;1;2
4;6;18;10;10037;;3;2;No inventariada;;9;2;1;1;;1;1;1;;;18;998
4;6;18;10;10037;;3;2;No inventariada;;9;2;1;4;;1;1;1;;;1;998
4;3;0;10;10037;;3;2;No inventariada;;9;4;2;;;1;4;1;;;1;998
4;3;19;10;10037;;3;2;No inventariada;;9;2;1;4;;1;2;1;;;6;998
4;1;19;10;10037;;3;2;No inventariada;;9;7;1;1;;1;2;1;1;;1;998
4;1;14;10;10037;;3;2;No inventariada;;14;2;1;4;;1;1;1;;;1;998
4;2;8;10;10037;;1;1;A-58;24,85;3;4;2;;;1;1;1;;;1;3
4;3;8;10;10037;;3;2;No inventariada;;9;7;1;1;;1;2;1;;;6;998
4;6;11;10;10037;;3;2;No inventariada;;9;7;2;;;1;1;1;;;1;998
5;6;20;10;10037;;3;2;No inventariada;;9;16;2;;;1;2;1;;;6;998
5;2;10;10;10037;;3;2;No inventariada;;9;4;2;;;1;1;1;;;1;998
5;1;22;10;10037;;3;2;No inventariada;;9;2;1;4;;1;4;1;;;1;998
5;6;0;10;10037;;3;2;No inventariada;;9;19;2;;;1;4;1;;;1;998
5;6;14;10;10037;;3;2;No inventariada;;9;4;1;4;;1;1;1;;;1;998
4;7;10;10;10037;;3;2;No inventariada;;9;2;1;2;;1;1;1;;;1;998
5;3;8;10;10037;;3;2;No inventariada;;14;4;1;4;;1;1;1;;;1;998
5;1;10;10;10037;;3;2;No inventariada;;14;4;2;;;1;1;1;;;18;998
5;7;19;10;10037;;3;2;No inventariada;;7;2;1;1;;1;1;1;;;6;998
5;4;9;10;10037;;3;2;No inventariada;;9;4;2;;;1;1;1;;;1;998
5;7;5;10;10037;;3;2;No inventariada;;9;4;1;1;;1;4;1;;;1;998
6;3;21;10;10037;;3;2;No inventariada;;9;4;2;;;1;1;1;;;1;998
6;1;8;10;10037;;1;1;A-66;557,5;3;15;2;;;3;1;3;;;1;1
6;7;14;10;10037;;3;2;No inventariada;;9;2;1;1;;1;1;1;;;1;998
5;5;15;10;10037;;3;2;No inventariada;;9;7;2;;;1;1;1;;;1;998
6;6;0;10;10037;;3;2;No inventariada;;9;2;1;4;;1;4;1;;;18;998
6;5;22;10;10037;;3;2;No inventariada;;9;4;2;;;1;2;1;;;1;998
6;5;0;10;10037;;3;2;No inventariada;;9;10;2;;;1;4;1;;;1;998
6;5;22;10;10037;;3;2;No inventariada;;9;3;1;2;;1;4;1;;;1;998
6;2;21;10;10037;;3;2;No inventariada;;9;4;2;;;1;1;1;;;6;998
6;5;13;10;10037;;3;2;No inventariada;;9;20;1;4;;1;1;1;;;1;998
6;3;13;10;10037;;3;2;No inventariada;;9;20;2;;;1;1;1;;;18;998
6;5;23;10;10037;;3;2;No inventariada;;14;4;2;;;1;4;1;;;1;998
6;4;17;10;10037;;3;2;No inventariada;;14;2;1;4;;1;1;1;;;1;998
6;4;19;10;10037;;3;2;No inventariada;;14;4;1;4;;1;1;1;;;1;998
6;7;13;10;10037;;3;2;No inventariada;;9;4;2;;;1;1;1;;;1;998
6;5;10;10;10037;;3;2;No inventariada;;14;4;2;;;1;4;1;;;1;998
7;1;19;10;10037;;3;2;No inventariada;;14;2;1;4;;1;1;1;;;1;998
7;2;14;10;10037;;3;2;No inventariada;;14;4;2;;;1;1;1;;;1;998
7;5;17;10;10037;;3;2;No inventariada;;9;3;1;4;;1;1;1;;;18;998
6;3;18;10;10037;;3;2;No inventariada;;9;19;1;1;;1;1;1;1;;1;998
7;1;9;10;10037;;3;2;No inventariada;;9;2;1;4;;1;1;1;1;;1;998
7;6;17;10;10037;;3;2;No inventariada;;14;2;1;4;;1;1;1;;;1;998
7;6;20;10;10037;;3;2;No inventariada;;9;4;1;1;;1;1;1;;;1;998
7;5;18;10;10037;;3;2;No inventariada;;14;3;2;;;1;1;1;;;1;998
7;3;19;10;10037;;3;2;No inventariada;;9;2;1;1;;1;1;1;;;1;998
7;4;16;10;10037;;1;1;A-66;570,55;3;12;2;;;1;1;1;;;1;2
7;7;23;10;10037;;3;2;No inventariada;;14;10;2;;;1;4;1;;;1;998
7;1;7;10;10037;;3;2;No inventariada;;14;16;2;;;1;1;1;;;1;998
7;7;4;10;10037;;3;2;No inventariada;;9;16;2;;;1;4;1;;;1;998
7;5;13;10;10037;;3;2;No inventariada;;9;20;2;;;1;1;1;;;1;998
7;2;19;10;10037;;3;2;No inventariada;;9;4;2;;;1;1;1;;;6;998
7;2;5;10;10037;;1;1;N-521;51,6;6;12;1;4;N-521;1;6;1;;;1;2
7;3;21;10;10037;;1;1;N-630;564,447;6;4;2;;;1;1;1;;;1;1
8;6;13;10;10037;;3;2;No inventariada;;14;7;2;;;1;1;1;;;1;998
6;7;20;10;10037;;3;2;No inventariada;;9;2;1;1;;1;1;1;;;1;998
6;7;20;10;10037;;3;2;No inventariada;;9;2;1;1;;1;1;1;;;1;998
8;2;15;10;10037;;3;2;No inventariada;;9;2;1;4;;1;1;1;;;9;998
8;5;10;10;10037;;3;2;No inventariada;;14;7;2;;;1;1;1;;;1;998
8;3;0;10;10037;;1;1;A-66;548,934;3;12;2;;;1;6;1;;;1;1
8;3;15;10;10037;;3;2;No inventariada;;9;2;1;2;;1;1;1;;;3;998
7;2;15;10;10037;;3;2;No inventariada;;9;2;1;4;;1;1;1;1;;1;998
8;3;15;10;10037;;3;2;No inventariada;;9;3;1;1;;1;1;1;;;1;998
8;6;23;10;10037;;3;2;No inventariada;;9;2;1;1;;1;4;1;;;1;998
9;2;14;10;10037;;3;2;No inventariada;;9;7;1;2;;1;1;1;;;1;998
9;5;13;10;10037;;3;2;No inventariada;;9;7;1;4;;1;1;1;;;1;998
9;1;10;10;10037;;3;2;No inventariada;;9;4;2;;;1;1;1;;;1;998
9;4;7;10;10037;;3;2;No inventariada;;9;2;1;4;;1;3;1;;;1;998
9;6;17;10;10037;;3;2;No inventariada;;9;7;2;;;1;1;1;;;1;998
9;1;7;10;10037;;1;1;N-523;16;6;8;2;;;1;6;1;;;1;1
9;6;10;10;10037;;3;2;No inventariada;;9;4;1;4;;1;1;1;;;18;998
9;7;15;10;10037;;3;2;No inventariada;;9;3;1;4;;1;1;1;;;1;998
9;1;6;10;10037;;1;1;N-523;7,4;4;8;2;;;1;6;1;;;1;1
9;1;7;10;10037;;3;2;No inventariada;;14;4;1;4;;1;3;1;;;18;998
9;2;14;10;10037;;3;2;No inventariada;;9;4;2;;;1;1;1;;;1;998
9;5;7;10;10037;;3;2;No inventariada;;9;7;2;;;1;3;1;;;16;998
10;5;8;10;10037;;1;1;A-58;40,814;3;4;2;;;1;1;1;;;6;1
10;6;16;10;10037;;3;2;No inventariada;;9;7;2;;;1;1;1;;;1;998
10;2;15;10;10037;;1;1;N-523;35,397;6;15;2;;;1;1;2;;;4;2
10;3;7;10;10037;;3;2;No inventariada;;9;7;2;;;3;4;3;;;5;998
9;2;17;10;10037;;3;2;No inventariada;;13;2;1;4;;1;1;1;;;1;998
10;2;1;10;10037;;1;1;A-66;546,5;3;12;2;;;1;6;1;;;1;1
10;6;12;10;10037;;3;2;No inventariada;;9;2;1;2;;1;1;1;;;1;998
10;3;21;10;10037;;3;2;No inventariada;;9;20;2;;;1;4;1;;;1;998
10;3;21;10;10037;;3;2;No inventariada;;9;2;1;1;;1;4;1;;;1;998
10;4;15;10;10037;;3;2;No inventariada;;9;2;2;;;1;1;1;;;18;998
10;5;9;10;10037;;3;2;No inventariada;;9;2;1;2;;1;1;1;;;1;998
10;2;13;10;10037;;3;2;No inventariada;;9;7;1;1;;1;1;2;;;1;998
10;2;16;10;10037;;3;2;No inventariada;;9;4;2;;;3;1;3;;;1;998
10;2;9;10;10037;;3;2;No inventariada;;9;2;1;2;;3;1;2;;;1;998
11;6;17;10;10037;;3;2;No inventariada;;9;2;1;1;;1;1;1;;;1;998
11;3;6;10;10037;;1;1;N-523;19,5;6;8;2;;;1;6;1;;;1;1
11;7;23;10;10037;;3;2;No inventariada;;9;4;2;;;1;4;1;;;1;998
11;5;16;10;10037;;3;2;No inventariada;;9;2;1;1;;1;1;2;;;1;998
11;5;15;10;10037;;3;2;No inventariada;;9;4;2;;;8;1;1;;;12;998
11;6;1;10;10037;;3;2;No inventariada;;9;12;1;4;;1;4;1;;;1;998
12;3;16;10;10037;;3;2;No inventariada;;9;7;2;;;1;1;1;;;6;998
12;3;21;10;10037;;3;2;No inventariada;;9;2;1;1;;1;4;1;;;1;998
12;3;10;10;10037;;3;2;No inventariada;;14;2;1;4;;1;1;1;;;1;998
12;4;7;10;0;;1;1;CC-324;6,06;6;4;1;4;CC-324;3;6;3;;;5;1
12;5;9;10;10037;;3;2;No inventariada;;14;3;2;;;1;1;1;;;1;998
12;5;11;10;10037;;3;2;No inventariada;;9;7;2;;;1;1;1;;;6;998
1;7;13;10;0;;1;1;CC-114;4,85;6;19;2;;;1;1;1;;;1;2
7;1;17;10;0;;1;1;EX-204;4,348;6;14;2;;;1;1;1;;;1;1