MES;DIA_SEMANA;HORA;COD_PROVINCIA;COD_MUNICIPIO;ISLA;ZONA;ZONA_AGRUPADA;CARRETERA;KM;TIPO_VIA;TIPO_ACCIDENTE;NUDO;NUDO_INFO;CARRETERA_CRUCE;CONDICION_FIRME;CONDICION_ILUMINACION;CONDICION_METEO;CONDICION_NIEBLA;CONDICION_VIENTO;VISIB_RESTRINGIDA_POR;TRAZADO_PLANTA
9;4;23;10;0;;1;1;EX-204;2,1;6;14;2;;;1;6;1;;;1;1
11;3;12;10;0;;3;2;No inventariada;;9;7;2;;;1;1;1;;;17;998
3;7;15;10;0;;1;1;EX-204;49,05;6;2;2;;;1;1;1;;;4;2
8;1;10;10;0;;3;2;No inventariada;;9;16;2;;;2;1;1;;;1;998
11;4;12;10;0;;1;1;CC-412;3,4;6;13;2;;;1;6;7;;;18;1
6;3;17;10;0;;1;1;EX-102;56,8;6;10;2;;;1;1;1;;;1;1
7;7;10;10;0;;1;1;CC-423;2,656;6;16;2;;;1;1;1;;;1;3
8;3;15;10;0;;1;1;EX-116;32,48;6;2;2;;;1;1;1;;;1;3
10;6;20;10;0;;1;1;EX-102;53,3;6;16;2;;;1;6;1;;;4;1
11;5;7;10;0;;1;1;EX-316;0,3;4;19;1;5;EX-116;3;2;3;1;;1;1
12;3;9;10;0;;3;2;No inventariada;;9;7;2;;;1;1;1;;;16;998
12;1;21;10;0;;1;1;EX-102;65,5;6;4;2;;;1;6;1;;;1;1
2;2;16;10;0;;1;1;A-66;515,65;3;12;2;;;3;1;2;;;1;1
4;4;6;10;0;;1;1;A-66;511,3;3;18;2;;;1;6;1;;;1;1
5;2;11;10;0;;1;1;A-66;508;3;2;2;;;1;1;1;;;1;1
9;6;15;10;0;;1;1;A-66;512,535;3;10;2;;;1;1;1;;;1;1
10;3;19;10;0;;1;1;N-630;504,88;6;3;2;;;1;2;1;;;1;1
11;7;12;10;0;;1;1;N-630;509,95;5;2;1;2;;1;1;1;;;1;2
8;6;12;10;10148;;1;1;EX-370;6,87;6;1;2;;;1;1;1;;;1;2
3;5;7;10;0;;1;1;N-630;543,455;6;2;1;2;;3;2;2;;;1;1
5;2;12;10;0;;1;1;N-630;542;6;2;1;1;CC-321;1;1;1;;;1;1
5;1;12;10;10037;;1;1;EX-390;9,09;6;18;2;;;1;1;1;;;1;1
7;1;18;10;0;;1;1;A-66;538,4;3;18;2;;;1;1;1;;;1;4
12;7;21;10;10037;;1;1;A-66;532,6;3;6;2;;;1;4;1;;;1;1
11;2;7;10;0;;1;1;CC-130;5,7;6;16;2;;;1;2;1;;;4;2
4;6;0;10;0;;1;1;A-66;582,2;3;8;2;;;1;6;1;;;1;1
5;6;17;10;0;;1;1;A-66;583,963;3;12;2;;;1;1;1;;;1;1
2;4;22;10;0;;1;1;EX-108;93,35;6;3;1;1;;1;6;1;;;18;1
4;5;19;10;0;;1;1;CC-154;1,8;6;10;1;4;;1;1;1;;;1;1
5;1;20;10;0;;1;1;CC-231;3,8;6;18;2;;;1;1;1;;;12;1
4;1;11;10;0;;1;1;A-66;444,6;3;16;2;;;1;1;2;;;1;1
8;5;19;10;0;;1;1;N-630;445,4;6;2;1;1;CC-218;1;1;1;;;6;1
8;3;19;10;0;;1;1;N-630;445,4;6;2;1;1;CC-15.3;1;1;1;;;1;1
8;4;9;10;0;;1;1;N-630;445,468;6;6;1;1;CC-225;1;1;1;;;1;1
7;1;16;10;0;;1;1;CC-167;1,6;6;14;2;;;1;1;1;;;1;1
4;1;21;10;0;;1;1;A-5;216,1;3;3;2;;;1;6;2;;;1;3
8;4;18;10;0;;1;1;CC-157;7,814;6;15;2;;;1;1;1;;;1;1
11;7;10;10;0;;1;1;EX-118;34,808;6;19;2;;;1;1;1;;;18;2
3;4;20;10;10067;;1;1;EX-108;87,7;6;1;1;1;EX-109;1;2;2;;;1;1
5;7;3;10;10067;;1;1;C.H.T. CAM;23;14;1;1;2;;1;5;1;;;1;2
8;1;20;10;10067;;1;1;EX-108;90,2;6;7;1;2;;1;1;1;;;1;1
8;3;11;10;0;;1;1;EX-A1;90,2;3;19;2;;;1;1;1;;;1;3
9;7;15;10;0;;1;1;EX-A1;89,15;3;10;2;;;1;1;1;;;1;1
9;7;19;10;10067;;1;1;No inventariada;5;10;19;2;;;1;1;1;;;1;1
6;1;10;10;0;;1;1;EX-203;37,651;6;12;2;;;3;1;4;;;5;2
4;2;13;10;0;;1;1;A-5;219,256;3;7;2;;;1;1;1;;;1;1
7;4;15;10;0;;1;1;A-5;218,45;3;4;1;10;EX-386;1;1;1;;;1;1
8;6;8;10;0;;1;1;EX-386;7,256;6;8;2;;;1;2;1;;;12;1
12;3;18;10;0;;1;1;CC-102;1;6;18;2;;;1;6;1;;;1;1
1;7;15;10;0;;3;2;No inventariada;;9;15;1;2;;1;1;1;;;1;998
9;1;13;10;0;;1;1;CHT C.G.3;3,5;14;14;2;;;1;1;1;;;4;2
7;6;13;10;0;;1;1;CC-225;4,1;6;15;2;;;1;1;1;;;4;2
9;7;17;10;0;;1;1;No inventariada;6,7;10;17;2;;;1;1;1;;;1;3
9;7;20;10;0;;1;1;EX-371;0,5;6;8;2;;;1;6;1;;;1;1
6;6;13;10;0;;3;2;No inventariada;;9;2;1;2;;1;1;1;;;4;998
5;6;15;10;0;;1;1;CC-112;13,25;6;1;2;;;1;1;1;;;4;2
8;2;16;10;0;;3;2;No inventariada;;9;7;1;1;;1;1;1;;;2;998
11;2;22;10;0;;1;1;CC-112;5,5;6;8;2;;;3;6;2;;;1;1
10;1;10;10;10180;;1;1;A-5;168,108;3;16;2;;;1;1;1;;;1;1
2;4;17;10;0;;1;1;A-66;443,7;3;12;2;;;1;1;1;;;1;1
5;6;13;10;0;;1;1;CC-437;6,8;6;10;2;;;1;1;1;;;4;3
7;3;9;10;0;;1;1;EX-102;65,222;6;18;2;;;1;1;1;;;6;1
8;7;11;10;0;;1;1;EX-118;6,4;6;15;2;;;1;1;1;;;1;2
8;2;18;10;0;;1;1;CC-437;2,9;6;10;2;;;1;1;1;;;4;3
8;3;6;10;0;;1;1;EX-204;15,819;6;12;2;;;1;2;1;;;1;2
9;1;16;10;10127;;1;1;CC-158;9,8;6;14;2;;;1;1;1;;;1;1
9;3;13;10;0;;1;1;EX-204;13,4;6;16;1;2;CC-155;1;1;1;;;1;1
4;7;13;10;0;;1;1;EX-205;99,046;6;4;2;;;1;1;1;;;1;1
6;5;16;10;0;;1;1;N-521;97,632;6;2;1;2;EX-302;1;1;1;;;1;1
3;5;18;10;0;;3;2;No inventariada;;9;7;2;;;8;1;1;;;1;998
6;6;10;10;0;;1;1;CC-224;3;6;2;2;;;1;1;1;;;4;2
6;6;12;10;0;;1;1;CC-224;4,4;6;19;2;;;1;1;1;;;1;3
6;7;10;10;0;;1;1;CC-136;1;6;15;2;;;1;1;1;;;1;1
8;6;13;10;0;;1;1;CC-224;3,3;6;1;2;;;1;1;1;;;12;3
8;2;12;10;0;;3;2;No inventariada;;14;7;2;;;1;1;1;;;18;998
2;2;13;10;0;;1;1;A-5;215,5;3;18;2;;;3;1;2;;;1;1
8;6;20;10;0;;3;2;No inventariada;;9;6;1;1;;1;1;1;;;2;998
11;2;1;10;10195;;1;1;A-5;260,421;3;4;2;;;1;6;2;2;;5;1
2;4;4;10;0;;1;1;A-5;229,6;3;4;2;;;1;6;1;;;1;1
2;5;20;10;0;;1;1;A-5;225,15;3;4;2;;;1;6;1;;;1;3
3;3;9;10;0;;1;1;A-5;228,023;3;6;2;;;3;1;4;;;5;1
2;3;19;10;10104;;2;2;EX-203;31,5;6;7;1;2;CC-240;1;3;1;;;12;1
7;4;17;10;10104;;1;1;EX-392;10,553;6;13;2;;;1;1;1;;;18;1
6;3;13;10;10104;;3;2;No inventariada;;9;2;1;1;;1;1;1;;;2;998
10;7;17;10;10104;;1;1;EX-392;15,206;6;19;2;;;1;1;1;;;1;1
11;7;20;10;10104;;1;1;EX-392;13,577;5;18;2;;;1;6;1;;;1;1
11;1;20;10;10104;;1;1;EX-203;32;6;7;1;2;;1;4;1;;;1;3
12;6;2;10;10104;;1;1;CC-240;8;6;18;2;;;3;6;2;;;1;2
12;1;20;10;0;;2;2;EX-203;48,7;6;7;2;;;1;4;1;;;1;1
5;3;16;10;0;;1;1;A-66;451,45;3;5;2;;;3;1;5;;;5;1
4;6;0;10;0;;1;1;N-110;364,482;6;12;2;;;3;4;3;;;1;1
1;4;7;10;0;;1;1;EX-102;44,917;6;1;2;;;3;3;3;;;1;1
3;6;22;10;0;;1;1;CC-429;7,65;6;18;2;;;3;5;3;;;1;2
8;4;11;10;0;;1;1;CC-428;5,304;6;10;2;;;1;1;1;;;4;2
5;3;9;10;0;;1;1;EX-203;81,21;5;7;2;;;1;1;1;;;6;1
5;2;22;10;0;;1;1;EX-384;3,061;5;2;2;;;1;2;1;;;4;2
7;1;9;10;0;;3;2;No inventariada;;9;7;2;;;1;1;2;;;1;998
1;3;16;10;0;;1;1;EX-355;12,7;6;1;2;;;3;1;3;;;1;2
5;7;17;10;0;;1;1;EX-355;14,56;6;16;2;;;1;1;1;;;1;2
8;1;19;10;0;;1;1;EX-355;11;6;18;2;;;1;1;1;;;1;1
8;5;16;10;0;;1;1;CC-416;0,5;6;18;2;;;1;1;1;;;1;1
8;3;13;10;0;;3;2;No inventariada;;9;6;2;;;1;1;1;;;1;998
8;7;1;10;0;;1;1;EX-208;88,95;6;8;2;;;1;6;1;;;4;2
12;2;10;10;0;;1;1;EX-208;86;6;4;1;2;DESCONOCID;1;1;1;;;1;1
12;4;9;10;0;;1;1;EX-208;88;5;16;2;;;1;1;1;;;6;1
6;1;14;10;0;;1;1;EX-A1;17;3;16;2;;;1;1;1;;;1;1
2;2;16;10;0;;3;2;No inventariada;;9;2;1;1;;1;1;1;;;1;998
4;3;2;10;0;;1;1;N-521;56,86;6;1;2;;;1;5;1;;;1;1
5;5;20;10;0;;1;1;CC-226;0,6;6;18;2;;;1;1;1;;;1;2
6;7;21;10;0;;1;1;N-521;58,7;6;4;1;2;;1;4;1;;;1;1
9;1;13;10;10037;;1;1;N-521;54,65;6;19;2;;;1;1;1;;;1;1
11;1;15;10;0;;1;1;N-521;56,1;6;18;2;;;1;1;1;;;1;1
1;4;5;10;0;;1;1;CC-235;0,9;6;18;2;;;3;6;2;;;4;2
1;7;9;10;0;;1;1;EX-A1;43,455;3;4;2;;;1;1;1;;;1;1
1;5;11;10;0;;1;1;CC-230;2,7;6;18;2;;;3;1;4;;;5;1
1;5;5;10;0;;1;1;EX-A1;45,464;3;8;2;;;1;6;1;;;10;1
5;4;23;10;0;;1;1;EX-A1;33,546;3;8;2;;;1;6;3;;;1;1
6;5;0;10;0;;1;1;A-66;485,35;3;4;2;;;1;6;1;;;1;1
7;5;14;10;0;;1;1;CC-230;2,5;6;19;2;;;1;1;1;;;1;2
7;5;10;10;0;;1;1;EX-203;8;6;2;1;1;;1;1;1;;;1;1
9;6;14;10;10148;;1;1;EX-208;2,089;6;19;2;;;1;1;1;;;1;2
10;6;10;10;0;;3;2;No inventariada;;9;2;1;1;;1;1;1;;;1;998
11;6;23;10;0;;3;2;No inventariada;;9;18;1;2;;1;4;1;;;1;998
5;5;0;10;0;;1;1;N-521;112,877;6;18;2;;;1;6;1;;;4;2
2;3;9;10;10121;;3;2;No inventariada;;9;2;1;2;;1;1;1;;;18;998
2;3;19;10;10121;;3;2;No inventariada;;9;2;1;1;;1;1;1;;;2;998
5;3;20;10;10121;;3;2;No inventariada;;9;4;2;;;1;1;1;;;1;998
5;6;4;10;10121;;3;2;No inventariada;;9;6;2;;;1;4;1;;;1;998
6;7;20;10;10121;;1;1;PISTA;3;14;12;2;;;1;1;1;;;1;2
7;7;12;10;10121;;3;2;No inventariada;;9;10;2;;;1;1;1;;;1;998
8;5;17;10;10121;;3;2;No inventariada;;9;10;2;;;1;1;1;;;1;998
8;1;21;10;10121;;3;2;No inventariada;;9;1;1;1;;1;1;1;;;1;998
8;5;6;10;10121;;1;1;A-5;298,132;3;4;2;;;1;6;1;;;1;1
11;3;10;10;10121;;1;1;EX-A2;6,436;3;4;2;;;1;1;1;;;1;1
12;6;11;10;10121;;1;1;A-5;297,485;3;12;2;;;1;1;1;;;1;1
12;7;8;10;10121;;3;2;No inventariada;;9;6;2;;;1;3;1;;;18;998
8;2;6;10;0;;1;1;CC-226;9,144;6;15;2;;;1;2;1;;;1;2
10;2;18;10;0;;1;1;CC-201;7,5;6;1;2;;;1;1;1;;;1;2
1;5;12;10;0;;3;2;No inventariada;;9;7;1;1;;1;1;1;;;1;998
8;4;9;10;0;;1;1;EX-381;38,638;6;10;2;;;1;1;1;;;1;1
12;7;19;10;0;;1;1;ROBLEDO;5;10;19;2;;;1;4;1;;;1;3
1;3;13;10;10127;;1;1;CHT Nº4;9,9;14;16;2;;;3;1;2;;;1;2
6;1;9;10;10127;;1;1;EX-370;23,433;6;16;2;;;1;1;1;;;1;1
7;1;20;10;10127;;1;1;EX-370;27,11;6;2;1;1;;1;1;1;;;6;1
11;5;20;10;10127;;1;1;EX-370;29,1;6;4;2;;;1;6;2;;;1;1
3;6;12;10;10128;;3;2;No inventariada;;9;7;2;;;3;1;4;;;5;998
5;4;7;10;10128;;1;1;EX-108;107,4;6;15;2;;;1;1;1;;;1;1
3;6;0;10;10128;;3;2;No inventariada;;9;12;2;;;3;4;3;;;1;998
5;3;18;10;10128;;3;2;No inventariada;;9;7;2;;;1;1;1;;;18;998
6;2;14;10;10128;;1;1;EX-108;99,453;6;19;2;;;3;1;2;;;1;1
5;5;12;10;10128;;2;2;EX-109;45,2;6;7;2;;;1;1;1;;;1;1
7;2;11;10;10128;;1;1;EX-108;98,46;6;19;2;;;1;1;1;;;1;1
8;3;12;10;10128;;1;1;EX-109;50,4;6;3;2;;;1;1;1;;;1;1
6;5;9;10;10128;;3;2;No inventariada;;9;2;1;4;;1;1;1;;;1;998
7;4;16;10;10128;;3;2;No inventariada;;9;16;2;;;1;1;1;;;1;998
8;1;15;10;10128;;3;2;No inventariada;;9;2;2;;;1;1;1;;;1;998
9;2;18;10;10128;;3;2;No inventariada;;9;1;2;;;3;1;3;;;1;998
5;5;3;10;0;;1;1;CC-158;5,6;6;15;1;2;1;1;6;1;;;1;1
1;4;11;10;10131;;1;1;C.G Nº9;12;14;16;2;;;3;1;4;;;18;2
1;7;4;10;0;;1;1;N-5;184,45;6;8;2;;;1;6;1;;;1;1
1;3;8;10;10131;;3;2;No inventariada;;14;10;1;4;;3;2;3;;;1;998
2;5;13;10;10131;;3;2;No inventariada;;14;4;1;4;;1;1;1;;;1;998
2;3;17;10;10131;;3;2;No inventariada;;14;10;1;2;;2;3;1;;;1;998
2;5;15;10;10131;;3;2;No inventariada;;9;3;2;;;1;1;1;;;9;998
2;6;1;10;10131;;3;2;No inventariada;;7;16;2;;;1;4;1;;;1;998
2;3;13;10;10131;;3;2;No inventariada;;9;5;1;2;;1;1;2;;;1;998
3;2;12;10;10131;;3;2;No inventariada;;9;5;1;1;;1;1;1;;;1;998
3;3;11;10;10131;;3;2;No inventariada;;7;4;2;;;1;1;1;;;1;998
3;6;12;10;10131;;3;2;No inventariada;;7;2;1;4;;1;1;1;;;1;998
3;1;12;10;10131;;3;2;No inventariada;;9;7;2;;;3;1;3;;;1;998
3;5;15;10;10131;;3;2;No inventariada;;9;4;2;;;1;1;1;;;1;998
4;4;9;10;10131;;3;2;No inventariada;;9;7;2;;;1;1;1;;;6;998
4;4;20;10;10131;;3;2;No inventariada;;9;7;2;;;1;1;1;;;6;998
4;4;21;10;10131;;3;2;No inventariada;;9;3;1;4;;1;3;1;;;1;998
5;6;20;10;10131;;3;2;No inventariada;;9;4;2;;;1;1;1;;;1;998
5;1;10;10;10131;;3;2;No inventariada;;7;16;1;4;;1;1;1;;;1;998
6;6;1;10;10131;;3;2;No inventariada;;14;18;2;;;1;6;1;;;1;998
6;3;22;10;10131;;3;2;No inventariada;;14;2;1;4;;1;4;1;;;1;998
6;4;14;10;10131;;3;2;No inventariada;;14;3;2;;;1;1;1;;;1;998
6;6;8;10;10131;;3;2;No inventariada;;14;18;2;;;1;1;1;;;1;998
7;5;13;10;10131;;1;1;EX-A1;0;8;12;1;10;A-5;1;1;1;;;1;2
9;3;7;10;10131;;1;1;A-5;179,9;3;6;2;;;1;2;2;;;1;1
9;4;8;10;0;;1;1;A-5;191,475;3;4;2;;;3;1;3;;;1;1
6;4;10;10;10131;;3;2;No inventariada;;9;7;1;2;;1;1;1;;;1;998
6;6;2;10;10131;;3;2;No inventariada;;9;2;1;2;;1;4;1;;;1;998
7;5;9;10;10131;;3;2;No inventariada;;9;7;2;;;1;1;1;;;1;998
8;4;11;10;10131;;3;2;No inventariada;;9;7;2;;;1;1;1;;;1;998
9;1;14;10;10131;;3;2;No inventariada;;9;2;1;2;;1;1;1;;;9;998
9;3;22;10;10131;;3;2;No inventariada;;9;4;2;;;1;3;1;;;1;998
8;6;10;10;10131;;3;2;No inventariada;;9;7;2;;;1;1;1;;;1;998
9;4;13;10;10131;;3;2;No inventariada;;9;2;1;2;;1;1;1;;;1;998
10;4;15;10;10131;;3;2;No inventariada;;9;2;2;;;1;1;1;;;1;998
10;4;22;10;10131;;3;2;No inventariada;;9;7;1;2;;3;4;3;;;5;998
10;1;17;10;10131;;3;2;No inventariada;;9;4;2;;;1;1;1;;;1;998
8;2;6;10;10131;;3;2;No inventariada;;9;9;1;4;;1;2;1;;;1;998
11;3;19;10;10131;;3;2;No inventariada;;9;4;2;;;1;3;1;;;1;998
12;3;18;10;10131;;1;1;EX-119;5,6;6;14;2;;;1;6;1;;;1;1
1;3;20;10;0;;1;1;EX-207;21,4;6;12;2;;;3;6;3;;;1;1
7;2;16;10;0;;1;1;EX-207;25,4;6;14;2;;;1;1;1;;;1;2
8;6;7;10;0;;1;1;EX-207;21;6;18;2;;;1;2;1;;;1;2
6;2;17;10;0;;1;1;EX-204;59,5;6;19;2;;;1;1;1;;;1;1
9;1;17;10;0;;1;1;CC-135;2,76;6;3;2;;;1;1;1;;;4;2
12;1;20;10;0;;1;1;CC-135;7,5;6;2;1;2;;1;4;1;;;2;1
7;7;11;10;0;;1;1;CC-203;3,068;6;14;2;;;1;1;1;;;1;2
1;7;15;10;0;;1;1;EX-213;2,37;6;15;2;;;1;1;1;;;1;1
5;1;11;10;0;;1;1;CC-241;11,1;6;3;2;;;1;1;1;;;1;2
7;4;15;10;0;;1;1;EX-203;26,757;6;4;1;2;;1;1;1;;;1;1
7;6;6;10;0;;1;1;No inventariada;0,05;10;7;2;;;8;6;1;;;4;1
12;6;7;10;0;;1;1;EX-203;25,605;6;8;2;;;1;6;1;;;1;1
10;6;13;10;0;;1;1;EX-118;59,409;6;14;2;;;1;1;1;;;1;1
7;1;1;10;0;;1;1;EX-387;8,1;6;12;2;;;1;6;1;;;1;1
11;7;10;10;0;;1;1;CAMINO ASF;3;14;10;2;;;1;1;1;;;1;4
1;3;4;10;0;;1;1;A-66;484,55;3;18;1;2;N-630;3;6;1;;;1;1
1;2;8;10;10148;;1;1;EX-370;2,386;5;12;2;;;3;2;3;;;1;3
1;6;21;10;10148;;1;1;EX-304;1,5;5;2;1;4;CC-227;1;5;1;;;1;2
2;4;8;10;10148;;1;1;N-630;464;6;7;2;;;1;2;1;;;9;1
2;2;14;10;10148;;1;1;A-66;478,5;3;5;2;;;1;1;1;;;1;1
3;6;13;10;10148;;3;2;No inventariada;;9;5;2;;;3;1;7;1;;18;998
4;7;15;10;10148;;1;1;A-66;478,924;8;12;1;4;A-66;2;1;1;;;1;3
4;1;15;10;10148;;3;2;No inventariada;;9;6;2;;;1;1;1;;;1;998
1;1;14;10;10148;;3;2;No inventariada;;14;4;2;;;1;1;1;;;1;998
1;5;21;10;10148;;3;2;No inventariada;;9;10;1;1;;3;4;2;;;1;998
3;5;18;10;10148;;3;2;No inventariada;;9;4;2;;;3;1;2;;;1;998
4;3;10;10;10148;;1;1;A-66;468,45;3;7;2;;;1;1;1;;;1;1
4;6;1;10;10148;;3;2;No inventariada;;9;7;1;2;;1;4;1;;;1;998
1;1;14;10;10148;;3;2;No inventariada;;9;4;2;;;1;1;1;;;1;998
5;3;21;10;10148;;3;2;No inventariada;;9;2;1;2;;1;3;1;;;1;998
1;2;17;10;10148;;3;2;No inventariada;;9;2;2;;;1;1;1;;;1;998
1;5;15;10;10148;;3;2;No inventariada;;9;7;2;;;1;1;1;;;16;998
5;5;8;10;10148;;1;1;EX-370;5,9;6;4;2;;;1;1;1;;;4;2
6;3;13;10;10148;;1;1;N-630;471,8;6;4;2;;;1;1;1;;;18;1
6;1;14;10;10148;;3;2;No inventariada;;9;2;1;4;;1;1;1;;;1;998
5;3;20;10;10148;;3;2;No inventariada;;9;7;2;;;1;2;1;;;6;998
6;5;19;10;10148;;3;2;No inventariada;;9;7;1;4;;1;1;1;;;18;998
7;3;15;10;10148;;1;1;A-66;479,406;3;4;2;;;1;1;1;;;1;1
8;1;17;10;10148;;1;1;EX-370;5,7;6;1;2;;;1;1;1;;;1;1
8;6;16;10;10148;;1;1;N-110;401,509;6;18;2;;;1;2;1;;;1;1
4;2;19;10;10148;;3;2;No inventariada;;9;7;2;;;1;2;1;;;6;998
5;5;14;10;10148;;3;2;No inventariada;;9;7;2;;;1;1;1;;;1;998
9;5;11;10;10148;;1;1;EX-370;3,6;6;4;2;;;1;1;1;;;1;1
10;3;18;10;10148;;1;1;N-630;479,167;6;4;1;4;EX-A1;1;6;1;;;1;1
10;1;12;10;10148;;1;1;N-630;463,5;6;1;2;;;1;1;1;;;1;1
10;4;19;10;10148;;1;1;EX-A1;53,618;3;5;2;;;3;6;2;;;1;1
11;5;12;10;10148;;1;1;N-110;401,95;6;4;2;;;1;1;1;;;1;1
12;2;10;10;10148;;1;1;EX-203;2,039;6;4;2;;;1;1;1;;;1;1
3;6;15;10;10195;;1;1;A-58;24,264;3;12;2;;;3;1;5;;;5;3
6;2;16;10;10195;;1;1;A-58;20,102;3;4;2;;;1;1;1;;;1;1
9;2;21;10;0;;1;1;EX-371;13,6;6;14;2;;;1;6;1;;;1;1
3;5;15;10;0;;1;1;EX-204;21,134;6;12;1;2;;1;1;1;;;1;2
5;4;14;10;0;;1;1;CC-163;4,984;6;2;2;;;1;1;1;;;1;1
12;2;0;10;0;;1;1;CC-163;4,75;6;14;2;;;1;6;1;;;1;1
12;1;12;10;0;;1;1;EX-386;23,645;6;7;2;;;1;1;1;;;4;1
8;6;9;10;0;;1;1;A-5;207,2;3;4;2;;;1;1;1;;;1;2
6;2;13;10;10037;;1;1;CC-331;9,5;6;18;2;;;1;1;1;;;4;2
8;6;7;10;0;;1;1;CC-207;1,3;6;16;2;;;1;1;1;;;1;2
7;3;11;10;0;;2;2;CC-253;5,68;6;7;2;;;1;1;1;;;1;1
1;7;1;10;0;;1;1;CC-226;22,2;6;16;2;;;1;6;1;;;1;2
10;4;11;10;0;;1;1;CC-226;16,2;6;19;2;;;1;1;1;;;1;1
2;7;15;10;10180;;1;1;CG Nº8;7,7;14;18;2;;;3;1;2;;;1;1
5;7;1;10;10180;;1;1;CHT-8;27;14;1;2;;;1;6;1;;;1;3
9;5;5;10;10180;;1;1;EX-119;14,106;6;18;2;;;1;6;1;;;18;2
9;7;19;10;10180;;1;1;CG-8;18;14;2;1;2;;1;2;1;;;12;1
1;2;13;10;0;;1;1;EX-203;23,111;6;1;2;;;3;1;2;;;4;2
4;7;3;10;0;;1;1;EX-203;15,2;6;17;2;;;1;6;1;;;1;1
9;4;16;10;0;;1;1;N-110;387,608;6;4;1;2;;1;1;1;;;1;1
9;2;21;10;0;;1;1;CC-117;4,5;6;14;2;;;1;6;1;;;1;2
5;7;16;10;0;;1;1;CC-419;0,1;6;2;1;1;;3;1;2;;;1;1
8;2;14;10;10195;;1;1;A-5;242;3;6;2;;;1;1;1;;;1;1
3;5;9;10;0;;1;1;C.V. VALDE;0,5;10;19;2;;;1;1;2;;;1;1
5;3;8;10;0;;1;1;EX-109;12;6;3;2;;;1;1;1;;;1;2
9;1;11;10;0;;1;1;CC-162;0,7;6;18;2;;;1;1;1;;;1;2
9;7;1;10;0;;1;1;EX-208;40,3;6;8;2;;;1;6;1;;;1;1
3;5;22;10;0;;1;1;EX-206;27,286;6;12;1;2;CC-104;1;6;1;;;18;1
5;2;17;10;0;;1;1;EX-206;26,29;6;18;2;;;1;1;1;;;1;1
6;6;16;10;0;;1;1;EX-206;21,95;6;2;2;;;1;1;1;;;1;1
1;1;11;10;0;;1;1;A-5;264,467;3;4;2;;;1;1;1;;;1;1
1;1;9;10;10195;;3;2;No inventariada;;9;12;1;4;;1;1;1;;;18;998
5;3;0;10;10195;;1;1;EX-208;76,542;6;16;2;;;1;4;1;;;1;2
1;2;17;10;10195;;3;2;No inventariada;;9;2;2;;;1;1;2;;;18;998
6;3;12;10;10195;;1;1;EX-208;71,5;6;2;1;2;CC-328;1;1;1;;;9;1
4;3;19;10;10195;;3;2;No inventariada;;9;2;1;1;;1;1;1;;;1;998
6;7;13;10;10195;;3;2;No inventariada;;9;4;2;;;1;1;1;;;18;998
6;1;17;10;10195;;3;2;No inventariada;;9;7;2;;;1;1;1;;;1;998
10;5;11;10;10195;;3;2;No inventariada;;9;7;1;1;;3;1;2;;;1;998
5;4;12;10;0;;3;2;No inventariada;;9;7;2;;;1;1;1;;;1;998
9;5;23;10;0;;1;1;CC-233;0,9;6;17;2;;;1;6;1;;;18;3
7;1;20;10;0;;1;1;CC-411;19,1;6;12;2;;;1;1;1;;;18;2
4;4;11;10;0;;1;1;EX-206;21,9;6;19;2;;;1;1;1;;;1;1
9;7;22;10;0;;1;1;EX-206;29;6;8;2;;;1;6;1;;;1;1
12;6;20;10;0;;1;1;EX-206;28,7;6;8;2;;;1;6;1;;;1;1
2;6;17;10;10203;;1;1;CC-303;1,7;6;3;1;2;CC-304;1;1;1;;;1;1
3;1;15;10;10203;;3;2;No inventariada;;9;3;1;1;;1;1;1;;;1;998
4;1;15;10;10203;;1;1;N-521;131,6;6;18;2;;;1;1;1;;;1;1
5;3;7;10;10203;;1;1;N-521;138,061;6;2;1;1;;1;1;1;;;1;1
6;3;9;10;10203;;1;1;CC-306;0,3;6;2;2;;;1;1;1;;;1;1
11;1;12;10;10203;;1;1;EX-374;12,44;6;18;2;;;1;1;1;;;1;1
8;7;9;10;0;;1;1;CAMINO REA;1;10;7;2;;;1;1;1;;;1;1
12;5;17;10;0;;1;1;No inventariada;3;10;10;2;;;8;2;1;;;1;3
10;1;19;10;0;;1;1;CC-315;13,62;6;16;2;;;1;1;1;;;1;3
4;6;12;10;0;;2;2;EX-203;71;6;4;2;;;1;1;1;;;1;1
4;6;10;10;0;;1;1;EX-203;78,964;6;18;2;;;3;1;3;;;1;2
7;3;18;10;0;;1;1;EX-203;77,3;6;4;2;;;1;1;1;;;1;1
12;1;13;10;0;;1;1;EX-203;72,549;5;1;2;;;1;1;1;;;18;2
9;2;9;10;0;;1;1;A-66;456,3;3;4;2;;;1;1;1;;;1;3
11;3;17;10;0;;1;1;A-66;457,211;3;18;2;;;1;1;1;;;1;1
8;3;22;10;0;;3;2;No inventariada;;9;10;2;;;1;4;1;;;1;998
10;3;17;10;0;;1;1;CC-215;0,7;6;18;2;;;1;1;2;;;1;1
5;3;19;10;0;;1;1;EX-108;121,93;5;16;2;;;1;1;1;;;1;1
5;7;22;10;0;;1;1;EX-117;60,682;6;8;2;;;1;6;1;;;1;1
10;1;7;10;0;;1;1;EX-117;60,2;6;16;2;;;1;2;1;;;1;2
7;1;6;10;0;;1;1;EX-102;30;6;8;2;;;1;6;1;;;18;1
10;1;19;10;0;;1;1;EX-208;101,528;6;15;2;;;1;1;1;;;1;3
6;2;10;10;0;;1;1;SAN MARCOS;2;10;2;2;;;8;1;1;;;12;1
7;6;6;10;0;;1;1;CAMINO G 9;5,6;14;4;2;;;1;6;1;;;1;1
9;4;15;10;0;;1;1;CAMINO G 9;7;14;18;2;;;3;1;3;;;1;2
2;3;13;11;11001;;2;2;A-2304;43,955;6;4;2;;;1;1;1;;;1;1
5;7;12;11;11001;;1;1;A-381;48,8;3;14;2;;;1;1;1;;;1;1
6;2;13;11;11001;;1;1;A-381;62,158;3;4;2;;;1;1;1;;;1;1
6;2;15;11;11001;;1;1;CA-6200;11,7;6;3;2;;;1;1;1;;;4;2
8;4;13;11;11001;;1;1;A-381;59,2;3;17;2;;;1;1;1;;;1;1
10;6;11;11;11001;;1;1;A-2304;29,8;6;19;2;;;1;1;1;;;1;2
10;5;20;11;11001;;1;1;CA-6200;7,3;6;18;2;;;1;6;1;;;1;3
10;4;20;11;11001;;1;1;CA-5200;4,55;6;15;2;;;1;6;1;;;4;2
3;7;6;11;11024;;1;1;A-384 R1;2,5;6;17;2;;;1;6;1;;;1;2
12;4;20;11;0;;1;1;CA-9107;4,959;6;14;2;;;3;6;1;;;1;2
1;4;17;11;11006;;1;1;CA-6107;11,628;6;15;2;;;3;1;1;;;4;2
8;7;8;11;0;;1;1;CA-6107;4,507;6;15;2;;;1;1;1;;;1;1
1;5;16;11;11004;;3;2;No inventariada;;9;4;1;4;;1;1;1;;;1;998
1;2;0;11;11004;;3;2;No inventariada;;9;10;1;2;;1;4;1;;;1;998
1;2;7;11;11004;;3;2;No inventariada;;9;2;1;1;;1;4;2;;;1;998
1;1;17;11;11004;;3;2;No inventariada;;9;7;2;;;1;1;1;;;18;998
1;6;12;11;11004;;3;2;No inventariada;;9;7;2;;;1;1;2;;;1;998
1;6;21;11;11004;;3;2;No inventariada;;9;2;1;2;;1;4;1;;;1;998
1;1;8;11;11004;;3;2;No inventariada;;9;2;1;4;;1;1;2;;;1;998