MES;DIA_SEMANA;HORA;COD_PROVINCIA;COD_MUNICIPIO;ISLA;ZONA;ZONA_AGRUPADA;CARRETERA;KM;TIPO_VIA;TIPO_ACCIDENTE;NUDO;NUDO_INFO;CARRETERA_CRUCE;CONDICION_FIRME;CONDICION_ILUMINACION;CONDICION_METEO;CONDICION_NIEBLA;CONDICION_VIENTO;VISIB_RESTRINGIDA_POR;TRAZADO_PLANTA
1;3;15;11;11004;;3;2;No inventariada;;14;7;2;;;1;1;1;;;1;998
1;7;6;11;11004;;1;1;A-7;1117;3;16;1;2;N-357;1;4;1;;;1;3
1;3;19;11;11004;;3;2;No inventariada;;9;7;2;;;1;4;1;;;18;998
1;2;20;11;11004;;3;2;No inventariada;;9;2;2;;;1;4;1;;;1;998
2;7;20;11;11004;;1;1;A-7;1117;3;5;1;5;N-357;1;4;2;;;1;1
2;7;17;11;11004;;3;2;No inventariada;;9;2;1;2;;1;1;1;;;1;998
2;1;9;11;11004;;3;2;No inventariada;;9;12;2;;;1;1;1;;;1;998
2;1;13;11;11004;;3;2;No inventariada;;9;7;2;;;1;1;1;;;1;998
2;1;10;11;11004;;3;2;No inventariada;;9;4;2;;;1;1;1;;;18;998
2;4;12;11;11004;;3;2;No inventariada;;9;7;2;;;1;1;1;;;18;998
2;5;18;11;11004;;3;2;No inventariada;;14;2;1;4;;3;2;3;;;1;998
2;4;21;11;11004;;3;2;No inventariada;;9;7;2;;;3;4;4;;;5;998
2;7;14;11;11004;;3;2;No inventariada;;9;2;1;2;;4;1;4;;;1;998
2;1;14;11;11004;;1;1;A-7;1119,628;3;4;2;;;3;1;3;;;1;1
2;5;23;11;11004;;1;1;A-7;1117;3;2;1;12;N-357;1;4;3;;;1;3
2;4;14;11;11004;;3;2;No inventariada;;9;10;1;2;;1;1;1;;;1;998
2;5;20;11;11004;;3;2;No inventariada;;9;7;2;;;3;4;3;;;1;998
2;3;7;11;11004;;3;2;No inventariada;;9;4;2;;;3;3;1;;;12;998
2;3;18;11;11004;;3;2;No inventariada;;9;2;2;;;1;1;1;;;9;998
2;2;19;11;11004;;3;2;No inventariada;;9;7;2;;;1;3;1;;;18;998
3;6;10;11;11004;;3;2;No inventariada;;14;3;2;;;1;1;2;;;18;998
3;2;15;11;11004;;1;1;A-7;1117,485;3;7;2;;;1;1;1;;;1;1
3;5;9;11;11004;;3;2;No inventariada;;9;10;1;2;;3;1;3;;;1;998
3;1;18;11;11004;;3;2;No inventariada;;9;1;1;2;;1;1;1;;;2;998
3;6;18;11;11004;;3;2;No inventariada;;9;7;2;;;1;2;2;;;1;998
3;3;14;11;11004;;3;2;No inventariada;;9;3;1;4;;1;1;2;;;1;998
3;1;14;11;11004;;1;1;N-357;5;5;5;2;;;3;1;2;;;1;1
4;1;22;11;11004;;3;2;No inventariada;;9;4;2;;;1;3;1;;;1;998
4;2;11;11;11004;;1;1;A-7;1119,5;7;4;1;10;;1;1;1;;;1;3
4;2;13;11;11004;;3;2;No inventariada;;9;4;2;;;1;1;1;;;1;998
4;4;15;11;11004;;1;1;A-7;1121,2;3;4;2;;;1;1;1;;;1;1
4;2;20;11;11004;;3;2;No inventariada;;9;7;1;4;;1;1;1;;;1;998
4;5;14;11;11004;;3;2;No inventariada;;9;7;2;;;1;1;1;;;1;998
4;3;10;11;11008;;1;1;A-7;1110,669;3;18;2;;;1;1;1;;;1;1
4;3;9;11;11004;;3;2;No inventariada;;9;3;2;;;1;1;1;;;1;998
4;3;21;11;11004;;3;2;No inventariada;;9;7;2;;;1;3;1;;;18;998
4;2;8;11;11004;;3;2;No inventariada;;9;2;2;;;1;1;1;;;1;998
4;5;19;11;11004;;1;1;A-7;1120;3;3;1;7;;1;1;1;;;1;2
4;5;19;11;11004;;3;2;No inventariada;;9;4;1;2;;1;1;1;;;1;998
4;5;15;11;11004;;3;2;No inventariada;;14;20;;;;1;1;1;;;1;998
4;2;19;11;11004;;3;2;No inventariada;;14;2;2;;;1;1;1;;;1;998
4;1;19;11;11004;;1;1;N-340;101,507;6;4;1;4;;1;2;1;;;1;2
4;1;17;11;11004;;3;2;No inventariada;;9;4;2;;;1;1;1;;;1;998
4;2;9;11;11004;;1;1;A-7;1116,2;3;4;1;10;;1;1;1;;;1;1
4;2;14;11;11004;;3;2;No inventariada;;14;3;1;4;;1;1;1;;;18;998
4;4;7;11;11004;;1;1;A-7;1117,4;3;3;2;;;1;1;1;;;1;1
4;5;17;11;11004;;1;1;A-7;1116,5;3;4;2;;;1;1;2;;;1;1
4;1;19;11;11004;;1;1;A-7;1116,256;3;4;1;4;A-7;1;1;1;;;1;2
4;7;20;11;11004;;3;2;No inventariada;;9;4;1;2;;1;1;1;;;1;998
4;4;12;11;11004;;3;2;No inventariada;;9;7;2;;;1;1;1;;;1;998
5;4;7;11;11004;;3;2;No inventariada;;9;2;1;4;;1;3;1;;;1;998
5;6;13;11;11004;;1;1;A-7;1122;3;4;1;4;N-350;1;1;1;;;1;3
5;3;17;11;11004;;3;2;No inventariada;;9;7;2;;;1;1;1;;;1;998
5;2;7;11;11004;;3;2;No inventariada;;9;7;2;;;1;2;1;;;18;998
5;3;18;11;11004;;3;2;No inventariada;;9;4;1;4;;1;1;1;;;1;998
5;1;17;11;11004;;3;2;No inventariada;;14;20;2;;;1;1;1;;;1;998
5;7;22;11;11004;;1;1;A-7;1119,7;3;4;2;;;1;4;1;;;1;1
5;7;22;11;11004;;3;2;No inventariada;;9;10;1;1;;1;4;1;;;1;998
5;2;9;11;11004;;3;2;No inventariada;;9;3;2;;;1;1;1;;;18;998
5;7;14;11;11004;;3;2;No inventariada;;9;4;2;;;1;1;1;;;1;998
5;2;20;11;11004;;1;1;A-7;1122,2;3;4;2;;;1;1;1;;;1;1
5;4;19;11;11004;;3;2;No inventariada;;9;2;1;4;;1;1;1;;;1;998
5;5;21;11;11004;;3;2;No inventariada;;9;2;1;1;;1;4;2;;;1;998
6;7;13;11;11004;;1;1;N-340;102;6;4;1;4;;1;1;1;;;1;2
6;3;12;11;11004;;1;1;N-340;102,24;6;20;1;4;N-350;1;1;1;;;18;1
6;3;14;11;11004;;3;2;No inventariada;;14;7;2;;;1;1;1;;;18;998
5;5;4;11;11004;;3;2;No inventariada;;14;6;2;;;1;4;1;;;1;998
5;7;20;11;11004;;3;2;No inventariada;;14;2;2;;;1;1;1;;;18;998
6;2;14;11;11004;;3;2;No inventariada;;9;20;2;;;1;1;1;;;18;998
6;1;23;11;11004;;3;2;No inventariada;;9;2;1;2;;1;4;1;;;1;998
6;5;21;11;11004;;3;2;No inventariada;;9;10;2;;;7;3;1;;;18;998
6;5;15;11;11004;;1;1;A-7;1121,4;3;4;2;;;1;1;1;;;1;1
4;1;17;11;11004;;3;2;No inventariada;;9;7;2;;;1;1;1;;;1;998
6;2;15;11;11004;;3;2;No inventariada;;9;7;2;;;1;1;1;;;9;998
6;4;18;11;11004;;1;1;A-7;1116,79;3;5;1;5;;1;1;1;;;1;1
6;4;23;11;11004;;3;2;No inventariada;;9;2;1;1;;1;4;1;;;1;998
6;3;16;11;11004;;3;2;No inventariada;;14;12;2;;;1;1;1;;;18;998
6;5;6;11;11004;;3;2;No inventariada;;14;2;1;4;;3;3;3;;;18;998
6;7;6;11;11004;;3;2;No inventariada;;9;10;1;4;;1;4;1;;;1;998
4;7;1;11;11004;;3;2;No inventariada;;9;7;2;;;1;4;1;;;18;998
7;2;11;11;11004;;1;1;A-7;1120,8;3;10;2;;;1;1;1;;;1;1
7;7;19;11;11004;;1;1;A-7;1116,9;3;4;2;;;1;1;1;;;1;1
7;1;16;11;11004;;2;2;A-7;1117,852;3;4;1;5;CA-9209;1;1;1;;;1;1
7;3;10;11;11004;;3;2;No inventariada;;9;2;1;2;;1;1;1;;;18;998
7;2;10;11;11004;;3;2;No inventariada;;9;2;1;4;;1;1;1;;;1;998
7;5;13;11;11004;;3;2;No inventariada;;9;2;1;2;;1;1;1;;;12;998
7;6;0;11;11004;;1;1;A-7;1116,9;3;4;2;;;1;4;1;;;1;1
7;5;15;11;11004;;3;2;No inventariada;;9;7;2;;;1;1;1;;;1;998
7;6;14;11;11004;;1;1;A-7;1118,1;3;4;1;5;;1;1;1;;;1;1
7;2;14;11;11004;;1;1;A-7;1116,9;3;2;1;5;N-357;1;1;1;;;1;1
4;6;18;11;11004;;3;2;No inventariada;;9;19;2;;;1;1;1;;;1;998
7;7;16;11;11004;;3;2;No inventariada;;9;3;2;;;1;1;1;;;1;998
7;1;14;11;11004;;1;1;A-7;1122;3;4;1;4;N-350;1;1;1;;;1;2
7;7;5;11;11004;;1;1;N-340;97,7;6;16;2;;;1;6;1;;;1;3
7;4;21;11;11004;;3;2;No inventariada;;9;4;1;4;;1;4;1;;;18;998
7;1;18;11;11004;;3;2;No inventariada;;9;2;2;;;1;1;1;;;1;998
7;2;12;11;11004;;3;2;No inventariada;;9;7;2;;;1;1;1;;;1;998
8;4;9;11;11004;;1;1;A-7;1116;8;9;1;10;;1;1;1;;;4;2
7;3;11;11;11004;;3;2;No inventariada;;9;2;2;;;1;1;1;;;1;998
7;3;11;11;11004;;3;2;No inventariada;;9;4;2;;;7;1;1;;;1;998
8;1;9;11;11004;;3;2;No inventariada;;9;12;2;;;1;1;1;;;1;998
8;5;8;11;11004;;1;1;N-340;97,795;6;6;2;;;1;1;1;;;1;1
8;5;9;11;11004;;3;2;No inventariada;;9;4;2;;;1;1;1;;;1;998
8;4;12;11;11004;;3;2;No inventariada;;9;7;2;;;1;1;1;;;9;998
8;1;16;11;11004;;3;2;No inventariada;;9;3;1;2;;1;1;1;;;1;998
8;2;21;11;11004;;3;2;No inventariada;;9;10;2;;;2;4;1;;;18;998
8;2;14;11;11004;;3;2;No inventariada;;9;3;2;;;1;1;1;;;18;998
8;3;14;11;11004;;1;1;N-350;0;6;3;1;4;N-340;1;1;1;;;1;2
8;3;20;11;11004;;1;1;A-7;1119,6;3;3;2;;;1;1;1;;;18;2
8;3;14;11;11004;;3;2;No inventariada;;9;2;2;;;1;1;1;;;18;998
8;5;19;11;11004;;3;2;No inventariada;;14;3;1;2;;1;1;1;;;18;998
8;5;4;11;11004;;1;1;N-357;5;5;14;2;;;1;4;1;;;1;1
8;7;6;11;11004;;1;1;A-7;1118,3;3;14;1;11;;1;4;1;;;1;3
8;2;13;11;11004;;1;1;N-340;102,5;6;2;1;4;N-340;1;1;1;;;1;1
8;5;8;11;11004;;1;1;A-7;1117,344;3;5;2;;;1;2;1;;;1;1
8;5;18;11;11004;;1;1;A-7;1118;3;14;2;;;1;1;1;;;4;3
8;5;9;11;11004;;3;2;No inventariada;;9;10;1;2;;1;1;1;;;9;998
8;6;4;11;11004;;3;2;No inventariada;;9;1;2;;;1;4;1;;;1;998
8;4;21;11;11004;;3;2;No inventariada;;9;7;2;;;1;5;1;;;10;998
8;5;19;11;11004;;3;2;No inventariada;;9;2;1;2;;1;1;1;;;1;998
8;5;20;11;11004;;1;1;A-7;1116,7;3;4;2;;;1;3;1;;;1;1
9;1;13;11;11004;;3;2;No inventariada;;9;19;2;;;1;1;1;;;1;998
9;3;19;11;11004;;1;1;CA-9208;4;6;14;2;;;1;1;1;;;1;2
9;2;19;11;11004;;3;2;No inventariada;;9;2;2;;;1;1;1;1;;1;998
9;4;18;11;11004;;3;2;No inventariada;;9;2;1;4;;1;1;1;;;6;998
9;2;10;11;11004;;3;2;No inventariada;;9;7;1;1;;1;2;1;;;1;998
9;5;14;11;11004;;3;2;No inventariada;;9;2;1;1;;1;1;1;;;9;998
4;4;16;11;11004;;3;2;No inventariada;;9;4;1;4;;1;1;1;;;1;998
9;5;10;11;11004;;3;2;No inventariada;;9;12;2;;;1;1;1;;1;1;998
9;2;1;11;11004;;1;1;N-340;102,2;6;12;2;;;1;4;1;;;1;1
9;2;9;11;11004;;3;2;No inventariada;;14;2;1;5;;1;1;1;;;1;998
9;3;13;11;11004;;1;1;A-7;1117,222;3;4;1;1;N-357;1;1;1;;;1;1
9;2;11;11;11004;;3;2;No inventariada;;9;7;1;2;;1;1;1;;;1;998
9;6;15;11;11004;;1;1;A-7;1118;3;2;1;5;;1;1;1;;;1;2
10;2;18;11;11004;;1;1;N-357;0,9;6;4;2;;;1;1;1;;;1;2
10;5;9;11;11004;;1;1;A-7;1122,5;3;12;2;;;1;1;1;;;1;2
9;5;22;11;11004;;3;2;No inventariada;;14;10;2;;;1;4;1;;;18;998
10;4;18;11;11004;;3;2;No inventariada;;14;2;1;4;;1;1;1;;;18;998
10;3;19;11;11004;;3;2;No inventariada;;14;2;1;4;;1;1;1;;;18;998
10;5;12;11;11004;;3;2;No inventariada;;9;7;2;;;1;1;1;;;1;998
10;2;18;11;11004;;3;2;No inventariada;;9;1;2;;;1;1;1;;;1;998
10;3;18;11;11004;;1;1;CA-9208;4,1;6;3;2;;;3;1;4;;1;1;1
10;3;8;11;11004;;3;2;No inventariada;;9;2;2;;;1;1;1;;;1;998
10;5;23;11;11004;;3;2;No inventariada;;9;2;1;4;;3;5;2;;;18;998
10;7;19;11;11004;;3;2;No inventariada;;9;7;2;;;1;5;1;;;1;998
10;2;8;11;11004;;3;2;No inventariada;;14;7;2;;;1;3;7;;;18;998
10;1;9;11;11004;;3;2;No inventariada;;9;2;1;1;;1;1;1;;;6;998
10;7;21;11;11004;;3;2;No inventariada;;9;1;2;;;1;4;1;;;18;998
10;4;21;11;11004;;3;2;No inventariada;;9;7;2;;;1;4;1;;;18;998
10;4;21;11;11004;;3;2;No inventariada;;9;16;2;;;1;4;1;;;1;998
10;2;12;11;11004;;1;1;A-7;1116,5;3;4;2;;;3;1;2;;;1;1
10;2;10;11;11004;;3;2;No inventariada;;9;7;2;;;3;1;3;;;1;998
10;4;13;11;11004;;3;2;No inventariada;;9;2;2;;;1;1;1;;;1;998
10;4;12;11;11004;;3;2;No inventariada;;9;7;2;;;3;1;3;;;1;998
11;6;13;11;11004;;1;1;A-7;1116,5;3;3;2;;;1;1;2;;;1;1
11;1;14;11;11004;;3;2;No inventariada;;9;2;1;2;;1;1;1;;;9;998
11;1;13;11;11004;;3;2;No inventariada;;9;7;2;;;1;1;1;;;1;998
11;2;17;11;11004;;3;2;No inventariada;;14;7;2;;;1;1;1;;;6;998
11;2;12;11;11004;;1;1;A-7;1116,5;3;3;2;;;1;1;1;;;1;1
11;2;23;11;11008;;1;1;A-7;1111,8;3;4;2;;;1;4;1;;;1;1
11;2;8;11;11004;;3;2;No inventariada;;9;7;2;;;3;3;4;;;5;998
11;1;1;11;11004;;1;1;N-357;5,5;5;12;1;4;N-357;1;4;1;;;1;1
11;5;7;11;11004;;3;2;No inventariada;;9;7;1;2;;1;4;1;;;1;998
11;3;17;11;11004;;3;2;No inventariada;;9;7;2;;;1;2;1;;;1;998
11;5;15;11;11004;;3;2;No inventariada;;9;1;2;;;1;1;1;;;1;998
11;2;12;11;11004;;3;2;No inventariada;;9;2;1;2;;1;1;1;;;18;998
11;6;22;11;11008;;1;1;A-7;1112,303;3;4;2;;;1;6;1;;;1;1
12;2;9;11;11004;;2;2;A-7;1119,8;3;12;2;;;1;1;1;;;1;2
12;2;21;11;11004;;1;1;A-7;1117,8;3;2;1;2;;1;4;1;;;1;1
12;2;21;11;11004;;3;2;No inventariada;;9;1;2;;;1;4;1;;;1;998
12;1;18;11;11004;;1;1;N-340;101,252;6;4;2;;;1;6;1;;;1;1
12;1;21;11;11004;;1;1;N-357;1,478;5;19;2;;;1;4;1;;;1;3
12;2;17;11;11004;;3;2;No inventariada;;9;20;2;;;1;1;1;;;6;998
12;7;9;11;11004;;3;2;No inventariada;;9;2;2;;;1;1;1;;;18;998
12;2;14;11;11004;;3;2;No inventariada;;9;2;2;;;1;1;1;;;9;998
12;4;17;11;11035;;1;1;N-340;92,4;6;2;2;;;3;1;4;1;;1;3
12;1;17;11;11004;;1;1;N-340;102,106;6;4;2;;;1;3;2;;;1;1
12;2;9;11;11004;;1;1;N-340;97,8;6;15;2;;;1;1;1;;;1;1
12;4;21;11;11004;;1;1;A-7;1119,8;3;2;1;4;;1;4;1;;;1;3
12;4;13;11;11004;;3;2;No inventariada;;9;4;2;;;1;1;1;;;1;998
12;7;13;11;11004;;1;1;A-7;1122;3;5;1;10;;3;1;3;;;4;3
1;7;12;11;11005;;1;1;A-8126;34,569;6;15;2;;;1;1;1;;;1;2
1;7;11;11;11005;;1;1;A-384;35,7;6;5;2;;;1;1;1;;;1;1
1;7;18;11;11005;;1;1;A-384;37,8;6;19;2;;;1;2;1;;;1;2
1;5;11;11;11005;;3;2;No inventariada;;9;2;2;;;3;1;2;;;1;998
2;1;12;11;11005;;1;1;A-374;1,471;6;2;2;;;3;1;3;;;1;1
7;5;9;11;11005;;1;1;CA-9105;0,504;6;2;1;2;;1;1;1;;;4;2
7;7;13;11;11005;;1;1;A-384;45,142;6;18;2;;;1;1;1;;;1;2
8;4;10;11;11005;;1;1;A-384;44,5;6;5;2;;;1;1;1;;;1;1
8;6;15;11;11005;;1;1;A-384;41,762;6;19;2;;;1;1;1;;;1;1
9;7;7;11;11005;;1;1;A-384;40,392;6;17;2;;;3;2;2;;;4;2
10;7;2;11;11005;;1;1;A-374;0,1;6;8;2;;;3;6;3;;;18;1
10;4;21;11;11005;;1;1;A-374;3,244;6;4;2;;;1;6;1;;;18;1
10;3;13;11;11005;;1;1;DORNAJO;0,1;10;2;2;;;1;1;1;;;1;1
10;7;8;11;11005;;1;1;A-384;32,2;6;5;2;;;1;1;1;;;4;3
11;2;14;11;11005;;1;1;A-384;44,673;6;15;1;2;A-2300;2;1;1;;;4;3
11;5;10;11;11005;;1;1;A-384;47,2;6;2;1;2;;1;1;1;;;18;1
12;2;8;11;11005;;1;1;A-384;32,758;6;5;2;;;1;2;1;;;6;1
1;4;10;11;11006;;3;2;No inventariada;;9;2;2;;;1;1;1;;;1;998
1;4;9;11;11006;;3;2;No inventariada;;9;7;2;;;1;1;1;;;1;998
1;7;3;11;11006;;1;1;A-372;1,174;6;19;1;2;DESCONOCID;1;6;1;;;1;3
1;7;19;11;11006;;3;2;No inventariada;;9;10;2;;;1;4;1;;;1;998
1;2;14;11;11006;;1;1;A-372;3,145;6;4;2;;;1;1;2;;;1;1
1;2;17;11;11006;;1;1;A-372;17,839;6;14;2;;;3;1;3;;;1;1
1;1;9;11;11006;;3;2;No inventariada;;9;7;2;;;1;1;2;;;1;998
1;1;11;11;11006;;3;2;No inventariada;;9;7;1;1;;1;1;1;;;1;998
1;1;20;11;11006;;3;2;No inventariada;;9;10;2;;;1;4;1;;;1;998
2;1;9;11;11006;;1;1;A-384;5,5;6;19;2;;;3;1;3;;;18;2
2;1;16;11;11006;;1;1;A-2202;8,3;6;18;2;;;1;1;1;;;1;1
3;5;7;11;11006;;1;1;A-2202;10,45;6;3;2;;;1;2;1;;;1;2
3;6;19;11;11006;;3;2;No inventariada;;7;16;2;;;1;2;1;;;1;998
3;4;12;11;11006;;1;1;CA-5101;1,592;5;19;1;4;CA-5101;1;1;1;;;1;2
3;5;14;11;11006;;1;1;A-372;11,962;6;3;2;;;1;1;1;;;4;3
3;5;21;11;11006;;3;2;No inventariada;;9;4;1;2;;1;4;1;;;1;998
3;5;6;11;11006;;3;2;No inventariada;;9;16;2;;;3;3;3;;;1;998
4;5;10;11;11006;;3;2;No inventariada;;9;7;2;;;1;1;1;;;1;998
4;5;17;11;11006;;1;1;A-372;3;6;4;2;;;1;1;1;;;1;1
4;1;21;11;11006;;3;2;No inventariada;;9;2;1;2;;1;4;1;;;1;998
4;2;12;11;11006;;1;1;A-384;2,7;6;5;2;;;1;1;1;;;1;1
5;4;14;11;11020;;1;1;A-382;12,5;3;12;2;;;1;1;1;;;1;1
5;4;11;11;11006;;1;1;A-384;6,05;6;19;2;;;1;1;1;;;4;2
5;5;14;11;11006;;3;2;No inventariada;;9;2;2;;;1;1;1;;;1;998
6;6;3;11;11006;;1;1;A-384;3,144;6;18;2;;;1;6;1;;;1;1
6;7;14;11;11006;;1;1;A-372;11,2;6;16;1;1;CA-6106;1;1;1;;;4;1
6;2;14;11;11006;;3;2;No inventariada;;9;4;2;;;1;1;1;;;1;998
6;3;11;11;11006;;3;2;No inventariada;;9;6;1;2;;1;1;1;;;1;998
7;2;19;11;11006;;3;2;No inventariada;;9;19;2;;;1;1;1;;;1;998
7;2;8;11;11006;;3;2;No inventariada;;9;4;2;;;1;1;1;;;1;998
8;4;8;11;11006;;1;1;CA-6104;3,4;6;3;2;;;1;1;1;;;1;3
8;4;20;11;11006;;1;1;A-389;2,613;5;19;2;;;1;1;1;;;6;2
8;7;4;11;11006;;1;1;A-2202;7;6;14;2;;;1;6;1;;;1;1
9;1;12;11;11006;;1;1;A-389;9,088;6;3;2;;;1;1;1;;;18;1
9;3;10;11;11006;;1;1;CA-6104;4,798;6;19;2;;;1;1;1;;;1;2
9;5;14;11;11006;;1;1;CA-6104;0,481;6;2;1;1;;1;1;1;;;1;1
9;2;14;11;11006;;2;2;A-2200;6,139;6;15;2;;;1;1;1;;;1;1
9;4;19;11;11006;;1;1;A-372;14,96;6;15;2;;;1;1;2;;;1;1
9;5;16;11;11006;;3;2;No inventariada;;9;10;2;;;1;1;1;;;1;998
10;4;18;11;11006;;3;2;No inventariada;;9;7;2;;;1;1;2;;;2;998
11;5;9;11;11006;;3;2;No inventariada;;9;3;2;;;1;1;1;;;1;998
12;4;15;11;11006;;1;1;A-389;6,9;6;3;1;2;;1;1;1;;;1;1
12;3;11;11;11006;;1;1;A-372;5,8;6;16;2;;;1;1;1;;;1;1
12;5;17;11;11006;;1;1;CA-4104;7,73;6;18;2;;;1;1;1;;;4;2
12;5;21;11;11006;;1;1;A-382;17,6;3;5;2;;;1;6;1;;;1;1
1;3;16;11;11007;;3;2;No inventariada;;9;2;1;1;;1;1;1;;;1;998
1;6;16;11;11007;;3;2;No inventariada;;9;10;2;;;7;1;1;;;1;998
1;3;10;11;11007;;3;2;No inventariada;;9;2;2;;;1;1;1;;;1;998
1;7;16;11;11007;;3;2;No inventariada;;14;2;1;4;;1;1;1;;;1;998
1;1;16;11;11007;;3;2;No inventariada;;9;2;1;1;;1;1;1;;;1;998
1;1;18;11;11007;;3;2;No inventariada;;9;3;2;;;1;1;1;;;1;998
2;6;17;11;11007;;3;2;No inventariada;;9;2;1;1;;1;1;1;;;1;998
2;7;8;11;11007;;3;2;No inventariada;;9;2;1;1;;1;1;1;;;1;998
2;2;22;11;11007;;3;2;No inventariada;;9;7;2;;;1;4;1;;;11;998
2;3;13;11;11007;;1;1;A-314;6;6;4;1;2;;1;1;1;;;18;1
3;1;14;11;11007;;3;2;No inventariada;;9;2;1;1;;1;1;1;;;1;998
3;1;16;11;11007;;1;1;A-2233;12,083;6;15;2;;;1;1;2;;;1;2
3;4;19;11;11007;;3;2;No inventariada;;9;2;1;1;;3;3;2;;;1;998
4;1;22;11;11007;;3;2;No inventariada;;9;2;1;2;;1;3;1;;;1;998
4;1;21;11;11007;;3;2;No inventariada;;9;2;1;1;;1;4;1;;;1;998
4;1;14;11;11007;;3;2;No inventariada;;9;4;2;;;1;1;1;;;1;998
4;4;16;11;11007;;3;2;No inventariada;;9;4;2;;;1;1;1;;;1;998
4;3;16;11;11007;;3;2;No inventariada;;9;1;2;;;1;1;1;;;1;998
4;4;23;11;11007;;3;2;No inventariada;;9;2;1;1;;1;4;1;;;1;998
4;7;16;11;11007;;1;1;A-2233;21,199;6;12;2;;;1;1;1;;;1;2
5;1;0;11;11007;;3;2;No inventariada;;9;2;1;2;;1;4;1;;;1;998
5;6;20;11;11007;;3;2;No inventariada;;9;2;1;1;;1;1;1;;;1;998
6;1;17;11;11007;;3;2;No inventariada;;14;2;1;4;;1;1;1;;;1;998
6;1;11;11;11007;;3;2;No inventariada;;9;7;2;;;1;1;1;;;1;998
6;1;20;11;11007;;3;2;No inventariada;;9;2;2;;;1;1;1;;;1;998
6;2;19;11;11007;;3;2;No inventariada;;14;4;1;4;;1;1;1;;;1;998
6;2;11;11;11007;;3;2;No inventariada;;14;7;2;;;1;1;1;;;1;998
6;2;22;11;11007;;3;2;No inventariada;;9;7;1;1;;1;4;1;;;1;998
6;5;21;11;11007;;3;2;No inventariada;;9;2;1;1;;1;1;1;;;1;998
7;1;12;11;11007;;3;2;No inventariada;;14;2;1;1;;1;1;1;;;1;998
7;1;20;11;11007;;1;1;A-2233;18,6;6;2;2;;;1;1;1;;;1;2
7;5;20;11;11007;;1;1;A-314;6,819;6;4;2;;;1;2;1;;;1;1
7;5;23;11;11007;;1;1;A-2233;18,1;6;16;2;;;1;6;1;;;1;2
7;7;13;11;11007;;1;1;A-2233;20,7;6;10;2;;;1;1;1;;;1;1
7;5;14;11;11007;;3;2;No inventariada;;9;2;1;1;;1;1;1;;;1;998
7;4;13;11;11007;;1;1;A-2231;4,69;6;1;2;;;1;1;1;;;4;2
7;6;13;11;11007;;1;1;A-2231;1,5;6;4;2;;;1;1;1;;;1;1
7;7;12;11;11007;;1;1;A-2231;5,2;6;4;2;;;1;1;1;;;1;1
7;4;7;11;11039;;1;1;A-314;3,452;6;16;1;2;;1;1;1;;;1;1
7;1;16;11;11007;;3;2;No inventariada;;9;2;1;1;;1;1;1;;;1;998
7;4;11;11;11007;;3;2;No inventariada;;14;10;2;;;1;1;1;;;4;998
7;2;3;11;11007;;3;2;No inventariada;;9;7;2;;;1;4;1;;;1;998
7;3;19;11;11007;;3;2;No inventariada;;9;4;2;;;1;1;1;;;1;998
8;5;21;11;11007;;1;1;A-2233;14;6;3;2;;;1;6;1;;;4;2
8;4;23;11;11007;;3;2;No inventariada;;9;2;2;;;1;4;1;;;1;998
8;7;23;11;11007;;3;2;No inventariada;;9;2;1;2;;1;4;1;;;1;998
8;1;15;11;11007;;3;2;No inventariada;;9;2;1;2;;1;1;1;;;1;998
8;2;17;11;11007;;3;2;No inventariada;;14;10;1;4;;1;1;1;;;1;998
8;1;14;11;11007;;3;2;No inventariada;;9;2;1;1;;1;1;1;;;1;998
8;6;0;11;11007;;1;1;A-2231;7,6;6;8;2;;;1;5;1;;;1;1
8;3;14;11;11007;;3;2;No inventariada;;9;7;1;2;;1;1;1;;;9;998
8;2;12;11;11007;;3;2;No inventariada;;9;10;2;;;8;1;1;;;1;998
8;5;9;11;11007;;3;2;No inventariada;;9;16;2;;;1;1;2;;;1;998
8;6;5;11;11007;;3;2;No inventariada;;14;19;1;4;;1;4;1;;;1;998
9;4;9;11;11007;;3;2;No inventariada;;9;7;1;1;;1;1;1;;;1;998
9;4;13;11;11007;;3;2;No inventariada;;14;10;1;4;;3;1;3;;;1;998
9;7;17;11;11007;;1;1;A-314;6,687;6;2;1;1;;1;1;1;;;18;1
9;4;16;11;11007;;3;2;No inventariada;;9;10;2;;;1;1;1;;;1;998
10;1;8;11;11007;;3;2;No inventariada;;9;20;2;;;1;1;2;;;1;998
10;4;11;11;11007;;3;2;No inventariada;;9;2;1;1;;1;1;2;;;1;998
10;1;21;11;11007;;3;2;No inventariada;;9;7;1;1;;3;4;3;;;1;998
10;1;19;11;11039;;1;1;A-314;3,6;6;16;2;;;3;6;3;;;1;1
10;7;13;11;11007;;3;2;No inventariada;;9;7;1;2;;1;1;2;;;1;998
11;1;15;11;11007;;3;2;No inventariada;;9;2;1;1;;3;1;2;;;1;998
11;2;20;11;11007;;3;2;No inventariada;;9;2;1;1;;1;4;1;;;1;998
11;5;11;11;11007;;3;2;No inventariada;;9;4;1;4;;1;1;1;;;1;998