MES;DIA_SEMANA;HORA;COD_PROVINCIA;COD_MUNICIPIO;ISLA;ZONA;ZONA_AGRUPADA;CARRETERA;KM;TIPO_VIA;TIPO_ACCIDENTE;NUDO;NUDO_INFO;CARRETERA_CRUCE;CONDICION_FIRME;CONDICION_ILUMINACION;CONDICION_METEO;CONDICION_NIEBLA;CONDICION_VIENTO;VISIB_RESTRINGIDA_POR;TRAZADO_PLANTA
12;7;20;11;11007;;3;2;No inventariada;;9;2;1;2;;1;4;2;;;1;998
12;4;14;11;11007;;3;2;No inventariada;;14;4;1;4;;1;1;1;;;1;998
12;1;16;11;11007;;3;2;No inventariada;;9;2;1;2;;1;1;1;;;1;998
12;5;17;11;11007;;3;2;No inventariada;;9;2;1;1;;1;1;1;;;1;998
1;6;9;11;11008;;1;1;A-381;88,163;3;10;2;;;1;1;2;;;1;1
1;7;11;11;11008;;3;2;No inventariada;;9;7;2;;;1;1;1;;;1;998
1;3;9;11;11008;;1;1;A-7;1113;3;4;2;;;1;1;1;;;6;1
1;5;12;11;11008;;3;2;No inventariada;;9;2;1;1;;1;1;1;;;18;998
3;4;20;11;11008;;3;2;No inventariada;;9;10;1;4;;3;4;2;;;1;998
4;5;20;11;11008;;1;1;A-7;1113;7;2;2;;;1;1;1;;;1;1
4;2;20;11;11008;;1;1;A-381;87,9;3;15;2;;;1;1;1;;;1;3
4;2;13;11;11008;;3;2;No inventariada;;9;7;2;;;1;1;1;;;1;998
5;5;16;11;11008;;3;2;No inventariada;;9;7;2;;;1;1;1;;;1;998
1;1;17;11;11008;;3;2;No inventariada;;9;7;2;;;1;1;1;;;9;998
2;1;20;11;11008;;3;2;No inventariada;;9;7;2;;;1;4;1;;;18;998
4;7;9;11;11008;;3;2;No inventariada;;9;10;1;4;;3;1;3;;;1;998
5;6;8;11;11008;;1;1;A-381;76,802;3;15;2;;;1;1;1;;;1;1
5;5;6;11;11008;;1;1;A-7;1113;3;1;1;10;;1;4;1;;;1;1
5;5;15;11;11008;;3;2;No inventariada;;9;15;2;;;1;1;1;;;1;998
5;4;11;11;11008;;3;2;No inventariada;;9;4;2;;;1;1;1;;;1;998
5;4;22;11;11008;;1;1;A-7;1110,65;3;18;2;;;1;6;1;;;1;1
5;1;11;11;11008;;1;1;A-7;1114;3;5;1;10;;1;1;1;;;1;1
5;4;15;11;11008;;1;1;A-2226;22;6;4;2;;;1;6;1;;;18;2
5;5;14;11;11008;;1;1;A-7;1112,5;3;3;1;12;;1;1;1;;;1;1
6;1;22;11;11008;;3;2;No inventariada;;9;7;2;;;1;4;1;;;1;998
6;2;11;11;11008;;1;1;A-7;1111,708;3;4;2;;;1;1;1;;;1;1
6;2;22;11;11008;;1;1;A-2226;19,459;6;19;2;;;1;6;1;;;1;1
6;2;10;11;11008;;3;2;No inventariada;;9;10;1;4;;1;1;1;;;1;998
6;4;11;11;11008;;1;1;A-381;65,8;3;4;2;;;1;1;1;;;1;1
6;7;22;11;11008;;1;1;A-381;83,04;3;12;2;;;1;6;1;;;1;3
7;1;4;11;11008;;1;1;CA-9207;1,129;6;14;2;;;1;6;1;;;18;3
7;2;14;11;11008;;1;1;A-7;1111,6;3;5;2;;;1;1;1;;;1;1
7;5;10;11;11008;;1;1;CA-9206;0,35;6;20;2;;;1;1;1;;;1;1
7;7;11;11;11008;;1;1;A-7;1112,515;3;6;2;;;8;1;1;;;1;1
7;1;15;11;11008;;1;1;A-7;1111,56;3;5;2;;;1;1;1;;;1;1
7;2;12;11;11008;;1;1;CA-9207;2;6;18;2;;;1;1;1;;;4;3
7;3;6;11;11008;;1;1;A-7;1115,433;3;4;2;;;1;6;1;;;1;1
8;2;22;11;11008;;1;1;A-7;1113,3;3;4;2;;;1;6;1;;;1;1
8;7;18;11;11008;;1;1;A-381;87,6;3;1;2;;;1;1;1;;;1;2
8;4;10;11;11008;;1;1;A-7;1112;3;2;1;4;;1;1;1;;;1;2
8;5;13;11;11008;;1;1;A-7;1112;3;4;2;;;1;1;1;;;1;1
9;5;22;11;11008;;1;1;A-2226;20,721;6;19;2;;;1;6;1;;;1;2
6;1;19;11;11008;;3;2;No inventariada;;9;2;1;4;;1;1;1;;;1;998
6;5;10;11;11008;;3;2;No inventariada;;9;3;2;;;1;1;1;;;18;998
9;1;15;11;11008;;3;2;No inventariada;;9;4;2;;;1;1;1;;;18;998
9;4;19;11;11008;;3;2;No inventariada;;9;7;2;;;1;1;1;;;18;998
9;3;17;11;11008;;1;1;A-7;1113;3;2;1;4;;1;1;1;;;1;2
9;3;8;11;11008;;1;1;A-7;1113;7;19;2;;;8;1;1;;;1;2
10;7;14;11;11008;;1;1;A-381;87,7;3;3;1;12;A-7;1;1;1;;;1;1
10;1;11;11;11008;;1;1;A-2226;22,03;6;18;2;;;3;1;3;;;12;2
10;6;4;11;11008;;1;1;A-381;83,1;3;14;2;;;1;4;1;;;1;2
9;3;13;11;11008;;3;2;No inventariada;;9;2;2;;;1;1;1;;;9;998
9;1;13;11;11008;;3;2;No inventariada;;9;4;1;2;A-7;1;1;1;;;1;998
10;5;15;11;11008;;3;2;No inventariada;;9;4;1;4;;1;1;1;;;1;998
11;2;9;11;11008;;1;1;A-7;1115,8;3;5;1;10;A-381;3;1;2;;;1;1
10;1;19;11;11008;;3;2;No inventariada;;9;7;2;;;3;3;4;;;5;998
11;5;15;11;11008;;1;1;A-7;1111,5;3;4;2;;;1;1;2;;;1;1
11;6;21;11;11008;;1;1;A-7;1112,27;3;5;2;;;1;6;1;;;1;1
12;2;10;11;11008;;1;1;A-381;80;7;1;1;4;;1;1;1;;;1;2
3;1;9;11;0;;1;1;A-2302;18,131;6;1;2;;;3;1;3;;;1;1
5;5;17;11;0;;1;1;A-2302;16,143;6;9;2;;;1;1;1;;;1;2
6;7;11;11;0;;1;1;A-2302;14,2;6;16;2;;;1;1;1;;;1;2
10;2;9;11;0;;1;1;A-373;27,2;6;3;2;;;3;1;3;;;1;1
11;6;13;11;0;;1;1;A-2302;12,8;6;15;2;;;1;1;1;;;4;2
1;6;19;11;11010;;1;1;A-384;9,3;6;1;2;;;1;6;1;;;1;2
4;3;17;11;11010;;1;1;A-384;14,2;6;10;2;;;1;1;1;;;4;1
12;3;13;11;11010;;1;1;A-384;13,2;6;18;2;;;1;1;1;;;4;2
2;7;10;11;0;;1;1;CA-6107;14,788;6;3;2;;;1;1;1;;;1;2
7;3;2;11;0;;1;1;A-372;28,2;6;16;1;4;;1;4;1;;;1;2
10;4;18;11;0;;1;1;A-373;19,1;6;19;2;;;1;1;1;;;1;3
12;6;23;11;0;;3;2;No inventariada;;9;7;2;;;1;4;1;;;1;998
1;3;18;11;11012;;3;2;No inventariada;;9;7;2;;;1;4;1;;;1;998
1;3;12;11;11012;;3;2;No inventariada;;9;10;1;4;;1;1;1;;;1;998
1;4;5;11;11012;;3;2;No inventariada;;14;10;2;;;3;4;3;;;1;998
1;5;13;11;11012;;3;2;No inventariada;;9;10;1;4;;1;1;1;;;1;998
1;6;9;11;11012;;3;2;No inventariada;;9;10;1;4;;1;1;1;;;1;998
1;6;2;11;11012;;3;2;No inventariada;;9;2;1;1;;1;4;1;;;1;998
1;1;9;11;11012;;3;2;No inventariada;;9;2;1;1;;3;1;2;;;9;998
1;3;17;11;11012;;3;2;No inventariada;;9;2;1;1;;1;1;1;;;1;998
1;1;18;11;11012;;3;2;No inventariada;;9;4;1;1;;1;1;1;;;1;998
1;1;5;11;11012;;3;2;No inventariada;;9;10;2;;;3;4;1;1;;1;998
1;4;16;11;11012;;3;2;No inventariada;;9;1;2;;;3;1;2;;;1;998
1;6;14;11;11012;;3;2;No inventariada;;9;16;2;;;1;1;1;;;1;998
1;6;19;11;11012;;3;2;No inventariada;;9;10;2;;;1;4;1;;;1;998
1;2;16;11;11012;;3;2;No inventariada;;9;7;2;;;1;1;1;;;1;998
1;7;8;11;11012;;3;2;No inventariada;;9;7;2;;;9;1;7;;;1;998
2;5;8;11;11012;;3;2;No inventariada;;9;10;2;;;7;1;1;;;1;998
1;3;15;11;11012;;3;2;No inventariada;;9;4;2;;;1;1;1;;;1;998
1;1;13;11;11012;;3;2;No inventariada;;9;7;2;;;1;1;1;;;1;998
1;7;23;11;11012;;3;2;No inventariada;;9;2;1;1;;1;4;1;;;1;998
2;2;15;11;11012;;3;2;No inventariada;;9;2;2;;;1;1;1;;;18;998
2;4;10;11;11012;;3;2;No inventariada;;14;10;2;;;7;1;1;;;1;998
2;5;8;11;11012;;3;2;No inventariada;;14;3;2;;;3;1;3;;;1;998
2;1;23;11;11012;;3;2;No inventariada;;9;4;2;;;1;4;1;;;1;998
2;6;14;11;11012;;3;2;No inventariada;;14;10;2;;;1;1;1;;;1;998
2;1;14;11;11012;;3;2;No inventariada;;9;4;2;;;1;1;1;;;1;998
2;2;18;11;11012;;3;2;No inventariada;;9;7;2;;;1;1;1;;;17;998
2;2;13;11;11012;;3;2;No inventariada;;9;2;1;1;;1;1;1;;;1;998
2;2;13;11;11012;;3;2;No inventariada;;9;10;2;;;1;1;1;;;1;998
2;4;18;11;11012;;3;2;No inventariada;;9;10;2;;;3;2;3;;;1;998
2;2;11;11;11012;;1;1;CA-33;1,7;3;6;2;;;1;1;1;;;10;1
2;1;11;11;11012;;3;2;No inventariada;;9;4;1;3;;1;1;2;;;1;998
2;2;13;11;11012;;3;2;No inventariada;;9;4;1;2;CA-33;1;1;1;;;1;998
2;5;14;11;11012;;3;2;No inventariada;;9;2;1;2;;1;1;1;;;1;998
3;3;17;11;11012;;3;2;No inventariada;;9;2;1;2;;1;1;1;;;1;998
3;3;17;11;11012;;3;2;No inventariada;;9;10;2;;;1;1;1;;;1;998
3;4;16;11;11012;;3;2;No inventariada;;9;4;2;;;3;1;3;;;1;998
3;5;17;11;11012;;3;2;No inventariada;;9;2;1;1;;1;1;2;;;2;998
3;7;17;11;11012;;3;2;No inventariada;;9;3;2;;;1;1;1;;;1;998
3;1;12;11;11012;;3;2;No inventariada;;9;4;2;;;1;1;1;;;1;998
3;4;17;11;11012;;3;2;No inventariada;;14;1;2;;;1;1;1;;;1;998
3;1;12;11;11012;;3;2;No inventariada;;9;4;1;1;;1;1;3;;;1;998
3;3;15;11;11012;;3;2;No inventariada;;9;3;2;;;1;1;2;;;1;998
3;6;13;11;11012;;3;2;No inventariada;;9;2;1;4;;3;1;3;;;1;998
4;3;14;11;11012;;1;1;CA-35;6,3;3;4;2;;;1;1;1;;;18;1
3;2;17;11;11012;;3;2;No inventariada;;14;3;2;;;1;1;1;;;1;998
4;4;19;11;11012;;3;2;No inventariada;;9;4;2;;;1;1;1;;;1;998
4;6;12;11;11012;;3;2;No inventariada;;9;3;1;1;;1;1;1;;;1;998
4;4;12;11;11012;;3;2;No inventariada;;9;10;2;;;1;1;1;;;1;998
4;5;18;11;11012;;3;2;No inventariada;;9;4;2;;;1;1;1;;;1;998
4;5;9;11;11012;;3;2;No inventariada;;9;4;2;;;1;1;1;;;1;998
4;7;23;11;11012;;3;2;No inventariada;;9;10;2;;;1;4;1;;;1;998
4;6;19;11;11012;;3;2;No inventariada;;9;2;1;1;;1;1;1;;;1;998
4;2;17;11;11012;;3;2;No inventariada;;9;2;1;1;;1;1;1;;;1;998
4;6;2;11;11012;;3;2;No inventariada;;9;3;1;1;;1;4;1;;;1;998
4;3;16;11;11012;;3;2;No inventariada;;9;7;2;;;1;1;1;;;1;998
4;4;9;11;11012;;1;1;CA-33;0,8;3;4;2;;;1;1;1;;;1;1
4;1;9;11;11012;;3;2;No inventariada;;9;10;1;4;;1;1;1;;;1;998
4;5;12;11;11012;;3;2;No inventariada;;9;7;2;;;1;1;1;;;1;998
4;6;11;11;11012;;3;2;No inventariada;;9;10;2;;;1;1;1;;;1;998
4;4;13;11;11012;;3;2;No inventariada;;9;7;2;;;1;1;1;;;1;998
4;5;12;11;11012;;3;2;No inventariada;;9;3;1;5;;1;1;1;;;1;998
4;4;9;11;11012;;3;2;No inventariada;;9;10;1;4;;1;1;1;;;6;998
4;5;10;11;11012;;3;2;No inventariada;;9;10;2;;;1;1;1;;;1;998
4;6;18;11;11012;;3;2;No inventariada;;14;10;1;4;;3;1;3;;;1;998
4;7;19;11;11012;;3;2;No inventariada;;9;2;1;2;;1;1;1;;;1;998
4;4;11;11;11012;;3;2;No inventariada;;9;4;1;2;;1;1;1;;;1;998
4;3;21;11;11012;;3;2;No inventariada;;9;4;1;1;;1;4;1;;;1;998
4;5;20;11;11012;;3;2;No inventariada;;9;3;2;;;1;1;1;;;1;998
4;5;7;11;11012;;3;2;No inventariada;;9;3;1;1;;1;3;1;;;1;998
4;2;9;11;11012;;3;2;No inventariada;;9;10;2;;;1;1;1;;;1;998
4;6;11;11;11012;;3;2;No inventariada;;9;7;2;;;1;1;1;;;1;998
4;1;18;11;11012;;3;2;No inventariada;;9;2;1;2;;1;1;1;;;1;998
4;6;6;11;11012;;3;2;No inventariada;;9;2;1;1;;3;4;4;;;9;998
5;5;8;11;11012;;3;2;No inventariada;;9;10;2;;;7;1;1;;;1;998
5;4;8;11;11012;;3;2;No inventariada;;9;7;2;;;1;1;1;;;1;998
5;6;14;11;11012;;3;2;No inventariada;;9;7;2;;;1;1;1;;;1;998
5;6;14;11;11012;;3;2;No inventariada;;9;4;2;;;1;1;1;;;1;998
5;4;11;11;11012;;3;2;No inventariada;;9;4;1;1;;1;1;1;;;1;998
5;7;16;11;11012;;3;2;No inventariada;;9;4;2;;;1;1;1;;;1;998
5;7;20;11;11012;;3;2;No inventariada;;9;3;1;1;;1;1;1;;;1;998
5;2;9;11;11012;;1;1;CA-35;6,8;3;5;2;;;1;1;1;;;1;1
4;2;20;11;11012;;3;2;No inventariada;;9;1;1;2;;1;1;1;;;1;998
5;1;21;11;11012;;3;2;No inventariada;;9;3;2;;;1;4;1;;;1;998
5;3;15;11;11012;;3;2;No inventariada;;9;7;2;;;1;1;1;;;9;998
5;6;10;11;11012;;3;2;No inventariada;;9;10;2;;;8;1;1;;;1;998
5;6;13;11;11012;;3;2;No inventariada;;9;10;2;;;1;1;1;;;1;998
5;6;10;11;11012;;3;2;No inventariada;;9;10;2;;;1;1;1;;;1;998
5;1;18;11;11012;;3;2;No inventariada;;14;10;2;;;1;1;1;;;1;998
5;1;18;11;11012;;3;2;No inventariada;;9;10;2;;;1;1;7;;;1;998
5;6;4;11;11012;;3;2;No inventariada;;9;4;2;;;1;4;1;;;1;998
5;1;8;11;11012;;3;2;No inventariada;;11;2;1;2;;1;1;1;;;1;998
5;3;7;11;11012;;3;2;No inventariada;;9;1;2;;;1;4;1;;;18;998
5;6;16;11;11012;;3;2;No inventariada;;9;20;2;;;1;1;1;;;1;998
5;2;10;11;11012;;3;2;No inventariada;;9;3;1;1;;1;1;1;;;1;998
5;2;15;11;11012;;3;2;No inventariada;;9;10;1;4;;1;1;1;;;1;998
5;2;11;11;11012;;3;2;No inventariada;;14;10;1;2;;1;1;1;;;1;998
5;5;19;11;11012;;3;2;No inventariada;;9;20;1;1;;1;1;1;;;1;998
5;4;13;11;11012;;3;2;No inventariada;;9;20;2;;;1;1;1;;;1;998
6;3;18;11;11012;;3;2;No inventariada;;9;1;2;;;1;1;1;;;1;998
5;5;23;11;11012;;3;2;No inventariada;;9;4;1;1;;1;4;1;;;1;998
6;7;14;11;11012;;3;2;No inventariada;;9;10;2;;;3;1;3;;;1;998
6;1;19;11;11012;;3;2;No inventariada;;9;2;1;2;;1;1;1;;;1;998
6;2;9;11;11012;;3;2;No inventariada;;9;10;1;4;;8;1;1;;;1;998
6;2;9;11;11012;;3;2;No inventariada;;9;2;1;1;;1;1;1;;;1;998
6;3;12;11;11012;;3;2;No inventariada;;9;2;1;2;;1;1;1;;;18;998
6;3;12;11;11012;;3;2;No inventariada;;14;10;2;;;1;1;1;;;18;998
6;3;20;11;11012;;3;2;No inventariada;;9;2;1;2;;1;1;1;;;1;998
6;5;9;11;11012;;3;2;No inventariada;;9;3;2;;;1;1;1;;;18;998
6;4;10;11;11012;;3;2;No inventariada;;9;4;2;;;1;1;1;;;18;998
6;6;16;11;11012;;3;2;No inventariada;;9;2;1;1;;1;1;1;;;1;998
6;6;19;11;11012;;3;2;No inventariada;;14;2;1;5;;1;1;1;;;1;998
6;2;15;11;11012;;3;2;No inventariada;;9;10;1;4;;3;1;3;;;1;998
6;1;20;11;11012;;3;2;No inventariada;;9;4;2;;;1;1;1;;;1;998
6;2;15;11;11012;;3;2;No inventariada;;9;10;1;4;;3;1;3;;;1;998
6;2;15;11;11012;;3;2;No inventariada;;9;2;1;1;;1;1;2;;;2;998
6;5;11;11;11012;;3;2;No inventariada;;9;20;1;2;;1;1;1;;;1;998
6;4;10;11;11012;;3;2;No inventariada;;9;3;1;2;;1;1;1;;;1;998
6;1;11;11;11012;;3;2;No inventariada;;9;7;2;;;1;1;1;;;1;998
6;4;21;11;11012;;3;2;No inventariada;;9;3;2;;;1;2;1;;;1;998
6;7;15;11;11012;;3;2;No inventariada;;9;10;2;;;2;1;1;;;1;998
3;2;23;11;11012;;3;2;No inventariada;;9;2;2;;;1;4;1;;;1;998
7;2;17;11;11012;;3;2;No inventariada;;9;2;2;;;1;1;1;;;1;998
6;4;7;11;11012;;3;2;No inventariada;;9;10;2;;;3;1;1;;;1;998
7;5;15;11;11012;;3;2;No inventariada;;9;3;1;4;;1;1;1;;;1;998
7;2;7;11;11012;;3;2;No inventariada;;9;4;2;;;1;3;1;;;1;998
6;4;9;11;11012;;3;2;No inventariada;;9;10;2;;;8;1;1;;;1;998
7;1;19;11;11012;;1;1;CA-33;2,39;3;5;2;;;1;1;1;;;1;1
6;7;22;11;11012;;3;2;No inventariada;;9;3;1;1;;1;4;1;;;1;998
7;6;17;11;11012;;3;2;No inventariada;;9;20;1;1;;1;1;1;;;1;998
7;3;13;11;11012;;3;2;No inventariada;;9;19;2;;;1;1;1;;;1;998
7;2;14;11;11012;;3;2;No inventariada;;9;3;1;4;;1;1;1;;;1;998
7;3;15;11;11012;;3;2;No inventariada;;9;2;1;7;;1;1;1;;;1;998
7;3;17;11;11012;;3;2;No inventariada;;9;7;1;2;;1;1;1;;;1;998
7;2;10;11;11012;;3;2;No inventariada;;9;4;2;;;1;1;1;;;1;998
7;1;16;11;11012;;3;2;No inventariada;;9;7;1;1;;1;1;1;;;1;998
7;2;14;11;11012;;3;2;No inventariada;;9;6;2;;;1;1;1;;;1;998
7;2;17;11;11012;;3;2;No inventariada;;9;4;2;;;1;1;1;;;9;998
7;2;20;11;11012;;3;2;No inventariada;;9;10;2;;;7;1;1;;;1;998
7;5;14;11;11012;;3;2;No inventariada;;14;2;1;1;;1;1;1;;;9;998
7;4;15;11;11012;;3;2;No inventariada;;9;7;2;;;1;1;2;;;1;998
7;2;12;11;11012;;3;2;No inventariada;;9;3;2;;;1;1;1;;;1;998
7;2;18;11;11012;;3;2;No inventariada;;9;7;1;1;;1;1;1;;;1;998
7;7;2;11;11012;;3;2;No inventariada;;9;10;2;;;2;4;1;;;1;998
7;5;11;11;11012;;3;2;No inventariada;;9;3;1;2;;1;1;1;;;1;998
7;5;13;11;11012;;3;2;No inventariada;;9;7;2;;;1;1;1;;;1;998
7;1;17;11;11012;;3;2;No inventariada;;7;1;2;;;1;1;1;;;1;998
7;3;21;11;11012;;3;2;No inventariada;;9;3;2;;;1;2;1;;;1;998
7;5;11;11;11012;;3;2;No inventariada;;9;2;1;1;;1;1;1;;;1;998
7;4;13;11;11012;;3;2;No inventariada;;9;2;1;5;;1;1;1;;;1;998
7;4;21;11;11012;;3;2;No inventariada;;9;10;2;;;2;4;1;;;1;998
7;5;23;11;11012;;3;2;No inventariada;;9;4;2;;;1;4;1;;;1;998
7;3;14;11;11012;;3;2;No inventariada;;9;3;2;;;1;1;1;;;1;998
8;6;15;11;11012;;3;2;No inventariada;;9;10;2;;;1;1;1;;;1;998
8;6;14;11;11012;;3;2;No inventariada;;9;4;2;;;1;1;1;;;1;998
8;6;20;11;11012;;3;2;No inventariada;;9;7;1;1;;1;1;1;;;1;998
8;1;8;11;11012;;3;2;No inventariada;;9;10;1;2;;3;2;1;;;1;998
8;1;10;11;11012;;3;2;No inventariada;;9;3;1;4;;1;1;1;;;1;998
8;1;14;11;11012;;3;2;No inventariada;;9;20;2;;;1;1;1;;;1;998
8;2;15;11;11012;;3;2;No inventariada;;9;4;2;;;1;1;1;;;1;998
8;3;19;11;11012;;3;2;No inventariada;;9;10;1;1;;1;1;1;;;1;998
7;2;23;11;11012;;3;2;No inventariada;;9;10;2;;;3;4;1;;;1;998
8;5;23;11;11012;;3;2;No inventariada;;9;10;2;;;1;4;1;;;1;998
8;4;11;11;11012;;3;2;No inventariada;;9;10;1;4;;1;1;1;;;1;998
8;6;14;11;11012;;3;2;No inventariada;;9;4;2;;;1;1;1;;;1;998
8;6;19;11;11012;;3;2;No inventariada;;9;15;2;;;1;1;1;;;1;998
8;1;12;11;11012;;3;2;No inventariada;;9;7;2;;;1;1;1;;;1;998
8;2;16;11;11012;;3;2;No inventariada;;9;2;1;2;;1;1;1;;;1;998
8;1;15;11;11012;;3;2;No inventariada;;9;2;1;1;;1;1;1;;;1;998
8;6;8;11;11012;;3;2;No inventariada;;9;2;2;;;1;1;1;;;1;998
8;4;14;11;11012;;3;2;No inventariada;;9;3;2;;;1;1;1;;;1;998
8;2;13;11;11012;;3;2;No inventariada;;9;7;2;;;1;1;1;;;18;998
8;5;11;11;11012;;3;2;No inventariada;;9;6;1;1;;1;1;1;;;1;998
8;3;7;11;11012;;3;2;No inventariada;;14;2;1;2;;1;3;1;;;1;998
8;6;20;11;11012;;3;2;No inventariada;;9;5;2;;;1;1;1;;;1;998
9;2;18;11;11012;;3;2;No inventariada;;9;10;2;;;8;1;1;;;1;998
9;2;9;11;11012;;3;2;No inventariada;;9;4;2;;;1;1;1;;;6;998
9;1;13;11;11012;;3;2;No inventariada;;9;7;1;1;;1;1;1;;;1;998
9;4;10;11;11012;;3;2;No inventariada;;9;7;1;2;;1;1;1;;;1;998
9;7;13;11;11012;;3;2;No inventariada;;9;3;1;4;;1;1;1;;;1;998
9;5;13;11;11012;;3;2;No inventariada;;9;7;2;;;1;1;1;;;1;998
9;4;14;11;11012;;3;2;No inventariada;;9;20;1;1;;1;1;1;;;1;998
9;5;14;11;11012;;3;2;No inventariada;;9;1;1;1;;1;1;1;;;1;998
9;5;19;11;11012;;3;2;No inventariada;;9;7;2;;;1;1;1;;;1;998
9;5;17;11;11012;;3;2;No inventariada;;14;10;1;1;;1;1;1;;;18;998
9;3;15;11;11012;;3;2;No inventariada;;9;4;2;;;1;1;1;;;1;998
9;3;1;11;11012;;3;2;No inventariada;;9;10;2;;;1;4;1;;;1;998
9;6;13;11;11012;;3;2;No inventariada;;9;3;1;5;;1;1;1;;;1;998
9;7;18;11;11012;;3;2;No inventariada;;9;7;2;;;1;1;1;;;1;998
9;4;23;11;11012;;3;2;No inventariada;;9;3;1;1;;1;4;1;;;1;998
9;2;8;11;11012;;3;2;No inventariada;;9;2;2;;;1;2;1;;;1;998
9;6;20;11;11012;;3;2;No inventariada;;9;10;1;7;;1;1;1;;;1;998
9;2;12;11;11012;;3;2;No inventariada;;9;10;2;;;1;1;1;;;1;998
9;4;20;11;11012;;3;2;No inventariada;;9;4;2;;;1;3;1;;;1;998
9;6;0;11;11012;;3;2;No inventariada;;9;4;2;;;1;4;1;;;1;998
9;7;2;11;11012;;1;1;CA-35;6,25;3;6;2;;;1;6;1;;;1;1
9;1;21;11;11012;;3;2;No inventariada;;9;7;1;1;;1;4;1;;;1;998
9;1;17;11;11012;;3;2;No inventariada;;9;16;2;;;1;1;1;;;1;998
10;4;14;11;11012;;3;2;No inventariada;;9;10;1;4;;7;1;1;;;1;998
9;1;14;11;11012;;3;2;No inventariada;;9;10;1;4;;7;1;1;;;1;998
10;3;16;11;11012;;3;2;No inventariada;;9;1;1;1;;1;1;1;;;1;998
10;7;8;11;11012;;3;2;No inventariada;;9;10;2;;;3;1;1;1;;1;998
10;7;11;11;11012;;3;2;No inventariada;;9;4;2;;;1;1;1;;;1;998
10;4;12;11;11012;;3;2;No inventariada;;9;2;1;1;;1;1;1;;;1;998
10;6;20;11;11012;;3;2;No inventariada;;9;7;2;;;1;4;1;;;1;998
10;2;14;11;11012;;3;2;No inventariada;;9;2;1;1;;1;1;1;;;1;998
10;5;15;11;11012;;3;2;No inventariada;;9;2;2;;;1;1;1;;;1;998
10;6;20;11;11012;;3;2;No inventariada;;9;7;1;1;;3;4;2;;;1;998
10;1;5;11;11012;;3;2;No inventariada;;14;2;2;;;1;4;1;;;1;998
10;2;10;11;11012;;3;2;No inventariada;;9;4;2;;;1;1;1;;;1;998
10;2;14;11;11012;;3;2;No inventariada;;9;2;1;1;;3;1;3;;;1;998
10;5;23;11;11012;;3;2;No inventariada;;9;10;2;;;3;4;3;;;1;998
10;2;15;11;11012;;3;2;No inventariada;;9;10;1;2;;3;1;3;;;1;998
10;2;17;11;11012;;3;2;No inventariada;;9;2;1;1;;1;1;1;;;1;998
10;2;8;11;11012;;3;2;No inventariada;;14;4;2;;;1;2;1;;;1;998
10;2;20;11;11012;;3;2;No inventariada;;14;10;2;;;1;4;1;;;1;998
10;4;22;11;11012;;3;2;No inventariada;;9;10;2;;;1;4;1;;;1;998
10;5;8;11;11012;;3;2;No inventariada;;14;16;2;;;1;1;1;;;1;998
10;5;23;11;11012;;3;2;No inventariada;;9;3;1;2;;1;4;1;;;1;998
10;4;13;11;11012;;3;2;No inventariada;;9;2;1;2;;1;1;1;;;1;998
10;7;6;11;11012;;3;2;No inventariada;;9;16;2;;;3;4;3;;;1;998
10;1;20;11;11012;;3;2;No inventariada;;9;3;1;2;;1;4;1;;;18;998
11;3;16;11;11012;;3;2;No inventariada;;9;2;2;;;1;1;1;;;1;998
11;2;14;11;11012;;3;2;No inventariada;;9;4;1;4;;1;1;1;;;1;998
11;2;15;11;11012;;3;2;No inventariada;;9;2;1;2;;1;1;1;;;1;998
11;4;17;11;11012;;3;2;No inventariada;;14;2;1;1;;1;1;1;;;1;998
11;5;17;11;11012;;3;2;No inventariada;;9;2;1;2;;1;1;1;;;2;998
11;5;20;11;11012;;3;2;No inventariada;;9;4;2;;;1;4;1;;;1;998
11;4;13;11;11012;;3;2;No inventariada;;9;4;2;;;3;1;2;;;1;998
11;5;14;11;11012;;3;2;No inventariada;;9;2;1;1;;1;1;1;;;1;998
11;6;20;11;11012;;3;2;No inventariada;;9;7;2;;;1;4;2;;;1;998
11;1;9;11;11012;;3;2;No inventariada;;9;2;1;4;;1;1;1;;;1;998
11;3;16;11;11012;;3;2;No inventariada;;9;10;2;;;1;1;1;;;1;998
11;1;21;11;11012;;3;2;No inventariada;;9;15;1;6;;1;4;1;;;1;998