MES;DIA_SEMANA;HORA;COD_PROVINCIA;COD_MUNICIPIO;ISLA;ZONA;ZONA_AGRUPADA;CARRETERA;KM;TIPO_VIA;TIPO_ACCIDENTE;NUDO;NUDO_INFO;CARRETERA_CRUCE;CONDICION_FIRME;CONDICION_ILUMINACION;CONDICION_METEO;CONDICION_NIEBLA;CONDICION_VIENTO;VISIB_RESTRINGIDA_POR;TRAZADO_PLANTA
11;1;17;11;11012;;3;2;No inventariada;;9;10;2;;;1;1;1;;;1;998
11;1;11;11;11012;;3;2;No inventariada;;9;16;2;;;1;1;1;;;1;998
11;3;20;11;11012;;3;2;No inventariada;;9;4;2;;;1;4;1;;;1;998
11;6;9;11;11012;;3;2;No inventariada;;9;10;2;;;1;1;1;;;1;998
11;5;1;11;11012;;3;2;No inventariada;;9;6;2;;;1;4;1;;;1;998
11;3;21;11;11012;;3;2;No inventariada;;9;2;1;4;;1;4;1;1;;1;998
11;2;13;11;11012;;3;2;No inventariada;;9;4;2;;;1;1;1;;;1;998
11;4;11;11;11012;;3;2;No inventariada;;9;4;1;1;;1;1;1;;;1;998
11;7;6;11;11012;;3;2;No inventariada;;9;20;2;;;1;4;1;;;1;998
12;1;13;11;11012;;3;2;No inventariada;;9;2;1;1;;1;1;1;;;2;998
12;7;3;11;11012;;3;2;No inventariada;;9;10;1;2;;1;4;1;;;1;998
11;4;15;11;11012;;3;2;No inventariada;;9;1;1;2;;1;1;1;;;1;998
12;2;14;11;11012;;3;2;No inventariada;;9;2;1;2;;1;1;1;;;1;998
12;4;19;11;11012;;3;2;No inventariada;;9;4;1;2;;1;4;1;;;1;998
12;6;14;11;11012;;3;2;No inventariada;;9;4;2;;;1;1;1;;;1;998
12;2;21;11;11012;;3;2;No inventariada;;9;2;1;1;;1;4;1;;;1;998
12;5;11;11;11012;;3;2;No inventariada;;9;10;2;;;7;1;1;;;1;998
12;7;13;11;11012;;3;2;No inventariada;;9;4;2;;;1;1;1;;;1;998
12;1;10;11;11012;;3;2;No inventariada;;9;3;1;4;;1;1;1;;;1;998
12;1;14;11;11012;;3;2;No inventariada;;9;7;1;2;;1;1;1;;1;1;998
12;3;21;11;11012;;3;2;No inventariada;;9;4;2;;;1;4;1;;;1;998
12;4;18;11;11012;;3;2;No inventariada;;9;10;2;;;3;4;2;;;1;998
12;4;7;11;11012;;3;2;No inventariada;;14;7;2;;;1;4;1;;;1;998
12;1;13;11;11012;;3;2;No inventariada;;9;2;1;4;;1;1;1;;;1;998
12;1;19;11;11012;;3;2;No inventariada;;9;2;1;2;;1;4;1;;;1;998
12;1;12;11;11012;;3;2;No inventariada;;9;7;1;2;;1;1;1;;;18;998
12;1;16;11;11012;;3;2;No inventariada;;9;2;1;1;;1;1;1;;;1;998
3;7;14;11;0;;1;1;A-405;36,75;6;3;2;;;1;1;1;;;1;1
10;2;15;11;0;;3;2;No inventariada;;9;2;1;1;;1;1;1;;;9;998
10;4;17;11;0;;1;1;A-405;40,422;6;2;1;1;A-2100;1;1;1;;;1;1
11;7;10;11;0;;1;1;A-405;37,3;6;4;2;;;1;1;1;;;1;1
11;7;11;11;0;;1;1;CA-9201;3,414;6;10;2;;;3;1;1;;;1;2
1;3;9;11;11039;;1;1;A-48;29,55;3;4;2;;;3;6;2;2;1;5;3
1;5;18;11;11014;;1;1;CA-3208;1;6;1;1;2;;1;1;1;;;1;2
1;2;8;11;11014;;3;2;No inventariada;;9;20;2;;;1;3;1;;;18;998
2;6;18;11;11014;;3;2;No inventariada;;9;18;2;;;1;2;1;;;12;998
1;6;16;11;11014;;2;2;N-340;18,8;6;2;1;4;;1;1;1;;;3;1
3;2;15;11;11014;;1;1;CA-4201;1,1;6;2;1;2;;1;1;1;;;12;1
3;3;9;11;11014;;3;2;No inventariada;;9;3;1;1;;1;1;1;;;2;998
4;2;18;11;11014;;1;1;CA-3207;0,975;6;10;1;2;;1;1;1;;;12;1
4;4;18;11;11014;;3;2;No inventariada;;9;4;2;;;1;1;1;;;1;998
5;7;10;11;11014;;1;1;CA-3207;1,144;6;3;2;;;1;1;1;;;1;1
4;1;19;11;11014;;3;2;No inventariada;;9;2;1;2;;1;1;1;;;1;998
5;1;20;11;11014;;3;2;No inventariada;;14;2;1;4;;1;1;1;;;1;998
6;1;19;11;11014;;3;2;No inventariada;;9;7;2;;;1;1;1;;;1;998
6;2;15;11;11014;;1;1;N-340;19,5;6;4;2;;;1;1;1;;;1;1
7;1;11;11;11039;;1;1;A-48;26,244;3;4;2;;;1;1;1;;;1;3
7;2;14;11;11014;;1;1;CA-3208;3,756;6;1;2;;;1;1;1;;;1;1
7;1;12;11;11014;;1;1;CA-4202;1,1;6;19;1;2;;1;1;1;;;1;2
7;3;9;11;11014;;1;1;CA-4201;1,583;6;19;2;;;1;1;1;;;1;3
8;3;18;11;11014;;1;1;A-48;23,9;3;4;1;10;A-48;1;1;1;;;1;1
3;2;21;11;11014;;3;2;No inventariada;;9;12;;;;1;6;1;;;999;998
7;1;19;11;11014;;3;2;No inventariada;;9;7;2;;;1;1;1;;;18;998
8;6;0;11;11014;;3;2;No inventariada;;9;2;2;;;1;4;1;;;18;998
7;3;3;11;11014;;1;1;N-340;17,6;6;6;1;4;;1;3;1;;;1;1
7;2;20;11;11014;;3;2;No inventariada;;9;20;2;;;1;1;1;;;1;998
7;2;20;11;11014;;3;2;No inventariada;;9;2;2;;;1;1;1;;;1;998
8;5;8;11;11014;;3;2;No inventariada;;14;4;2;;;1;2;1;;;1;998
8;4;8;11;11014;;3;2;No inventariada;;14;2;2;;;1;1;1;;;1;998
8;3;1;11;11014;;3;2;No inventariada;;9;7;2;;;1;3;1;;;1;998
12;7;17;11;11014;;1;1;A-48;20,6;3;4;2;;;1;1;1;;;1;1
12;2;8;11;11014;;1;1;N-340;23,895;6;2;1;4;A-2232;1;1;1;;;1;2
1;5;19;11;11015;;3;2;No inventariada;;9;7;2;;;1;3;1;;;1;998
1;6;21;11;11015;;3;2;No inventariada;;9;2;2;;;1;4;1;;;1;998
1;4;20;11;11015;;3;2;No inventariada;;9;7;2;;;4;4;4;;;1;998
1;3;11;11;11015;;3;2;No inventariada;;9;4;2;;;1;1;1;;;1;998
1;3;20;11;11015;;3;2;No inventariada;;9;2;2;;;1;4;1;;;1;998
1;7;22;11;11015;;3;2;No inventariada;;9;4;1;4;;1;4;1;;;1;998
1;3;19;11;11015;;1;1;A-48;4,5;3;4;2;;;1;2;1;;;1;1
1;2;9;11;11015;;1;1;A-48;1;3;4;2;;;1;1;1;;;1;1
1;5;20;11;11015;;3;2;No inventariada;;9;2;1;2;;1;4;1;;;3;998
1;4;19;11;11015;;3;2;No inventariada;;9;4;1;2;;1;4;1;;;11;998
1;2;14;11;11015;;1;1;A-48;6,15;3;12;2;;;1;1;1;;;1;1
2;6;21;11;11015;;1;1;A-48;5,5;3;12;2;;;1;5;1;;;1;1
2;2;10;11;11015;;1;1;A-48;4,16;3;5;2;;;1;1;1;;;1;1
2;1;15;11;11015;;3;2;No inventariada;;9;2;1;2;;3;1;3;;;1;998
2;6;16;11;11015;;3;2;No inventariada;;9;2;1;4;;1;1;1;;;1;998
2;4;18;11;11015;;1;1;A-48;13;3;5;2;;;1;1;2;;;1;1
2;5;18;11;11015;;3;2;No inventariada;;9;7;2;;;1;1;1;;;1;998
3;3;11;11;11015;;1;1;A-48;2,506;3;4;2;;;1;1;1;;;1;1
3;5;14;11;11015;;3;2;No inventariada;;9;16;2;;;1;1;1;;;1;998
3;2;8;11;11015;;3;2;No inventariada;;9;16;2;;;1;1;1;;;1;998
3;2;11;11;11015;;3;2;No inventariada;;9;4;2;;;1;1;1;;;1;998
3;5;21;11;11015;;3;2;No inventariada;;9;7;2;;;1;4;1;;;1;998
3;2;12;11;11015;;1;1;CA-3206;4,5;6;2;2;;;1;1;1;;;1;1
3;5;12;11;11015;;1;1;A-48;7,153;3;18;2;;;3;1;4;;1;5;1
4;3;15;11;11015;;3;2;No inventariada;;9;2;2;;;1;1;1;;;1;998
3;2;19;11;11015;;3;2;No inventariada;;9;16;2;;;1;2;1;;;1;998
4;3;5;11;11015;;1;1;A-48;6,51;3;12;2;;;1;6;1;;;1;3
4;2;13;11;11015;;3;2;No inventariada;;9;10;1;2;;1;1;1;;;1;998
4;4;12;11;11015;;3;2;No inventariada;;9;2;1;2;;1;1;1;;;1;998
4;7;12;11;11015;;3;2;No inventariada;;9;2;1;4;;1;1;1;;;1;998
4;5;8;11;11015;;3;2;No inventariada;;9;2;1;2;;1;2;1;;;1;998
4;7;13;11;11015;;3;2;No inventariada;;9;7;2;;;1;1;1;;;1;998
4;3;14;11;11015;;3;2;No inventariada;;9;2;1;1;;1;1;1;;;1;998
4;2;19;11;11015;;3;2;No inventariada;;9;7;2;;;1;1;1;;;1;998
5;2;8;11;11015;;1;1;A-48;0,5;3;4;2;;;1;1;1;;;1;1
5;5;9;11;11015;;3;2;No inventariada;;9;10;2;;;1;1;1;;;1;998
5;6;18;11;11015;;3;2;No inventariada;;9;2;1;1;;1;1;1;;;1;998
5;7;21;11;11015;;1;1;A-48;11,1;3;3;2;;;1;2;1;;;1;1
5;5;20;11;11015;;1;1;CA-3206;5,8;6;19;2;;;1;1;1;;;1;2
5;6;11;11;11015;;3;2;No inventariada;;9;7;2;;;1;1;1;;;1;998
5;7;22;11;11015;;3;2;No inventariada;;9;1;1;2;;1;4;1;;;1;998
5;3;9;11;11015;;3;2;No inventariada;;9;7;1;2;;1;1;1;;;1;998
5;4;9;11;11015;;3;2;No inventariada;;9;2;1;2;;1;1;1;;;1;998
5;4;16;11;11015;;3;2;No inventariada;;9;2;1;1;;1;1;1;;;1;998
5;5;23;11;11015;;3;2;No inventariada;;9;2;1;1;;1;4;1;;;9;998
5;3;9;11;11015;;3;2;No inventariada;;9;2;1;4;;1;1;1;;;1;998
6;2;16;11;11015;;1;1;A-48;15,3;8;3;1;7;A-48;1;1;1;;;1;3
6;1;11;11;11015;;1;1;CA-3205;9;6;6;2;;;1;1;1;;;1;1
6;3;12;11;11015;;3;2;No inventariada;;9;10;2;;;1;1;1;;;1;998
6;1;11;11;11015;;3;2;No inventariada;;9;4;2;;;1;1;1;;;1;998
6;2;18;11;11015;;3;2;No inventariada;;9;2;1;1;;1;1;1;;;1;998
6;5;14;11;11015;;3;2;No inventariada;;9;10;1;4;;1;1;1;;;1;998
6;1;18;11;11015;;3;2;No inventariada;;9;4;2;;;1;1;1;;;1;998
6;1;20;11;11015;;3;2;No inventariada;;9;2;1;4;;1;1;1;;;1;998
6;2;7;11;11028;;1;1;CA-3205;0,5;6;16;2;;;1;2;1;;;1;1
7;3;19;11;11015;;1;1;A-390;1,1;6;12;1;10;A-48;1;1;1;;;1;1
7;5;7;11;11015;;1;1;CA-3205;8,5;6;1;2;;;1;3;1;;;1;1
6;3;16;11;11015;;3;2;No inventariada;;9;16;2;;;1;1;1;;;1;998
6;4;18;11;11015;;3;2;No inventariada;;9;10;2;;;1;1;1;;;1;998
6;3;1;11;11015;;3;2;No inventariada;;9;10;2;;;1;5;1;;;1;998
6;3;11;11;11015;;3;2;No inventariada;;9;4;1;4;;1;1;1;;;1;998
7;6;20;11;11015;;1;1;A-48;0,95;3;4;2;;;1;1;1;;;1;1
8;5;20;11;11015;;1;1;A-48;0,8;3;5;2;;;1;2;1;;;18;2
7;1;9;11;11015;;3;2;No inventariada;;9;12;1;4;;1;1;1;;;1;998
7;5;19;11;11015;;3;2;No inventariada;;9;4;1;2;;1;1;1;;;1;998
7;7;12;11;11015;;3;2;No inventariada;;9;7;2;;;1;1;1;;;1;998
7;2;14;11;11015;;3;2;No inventariada;;9;10;2;;;1;1;1;;;1;998
7;7;1;11;11015;;3;2;No inventariada;;9;2;2;;;1;4;1;;;1;998
8;5;11;11;11015;;3;2;No inventariada;;9;2;1;2;;1;1;1;;;9;998
8;7;13;11;11015;;3;2;No inventariada;;9;2;1;2;;1;1;1;;;1;998
8;3;10;11;11015;;3;2;No inventariada;;9;2;1;1;;1;1;1;;;1;998
8;6;11;11;11015;;3;2;No inventariada;;9;2;1;1;;1;1;1;;;1;998
8;1;21;11;11015;;3;2;No inventariada;;9;7;2;;;1;4;1;;;1;998
8;3;14;11;11015;;3;2;No inventariada;;9;2;1;2;;1;1;1;;;1;998
7;6;13;11;11015;;3;2;No inventariada;;9;2;1;2;;1;1;1;;;3;998
9;3;18;11;11015;;3;2;No inventariada;;9;10;1;4;;1;1;1;;;1;998
8;6;10;11;11015;;3;2;No inventariada;;9;2;1;2;;1;1;1;;;1;998
8;2;6;11;11015;;3;2;No inventariada;;9;16;2;;;1;6;1;;;1;998
8;2;15;11;11015;;3;2;No inventariada;;9;2;2;;;1;1;1;;;1;998
9;7;13;11;11015;;1;1;A-390;2,4;6;15;2;;;1;1;1;;;1;2
9;2;13;11;11015;;3;2;No inventariada;;9;2;1;2;;1;1;1;;;1;998
9;3;9;11;11015;;3;2;No inventariada;;9;14;2;;;1;1;1;;;1;998
7;1;19;11;11015;;3;2;No inventariada;;9;2;1;1;;1;1;1;;;1;998
10;5;21;11;11015;;3;2;No inventariada;;9;7;2;;;3;4;4;;;8;998
10;5;21;11;11015;;3;2;No inventariada;;9;7;2;;;1;4;1;;;1;998
10;5;16;11;11015;;3;2;No inventariada;;9;2;1;4;;1;1;1;;;1;998
11;6;11;11;11015;;1;1;CA-3206;4,7;6;2;1;2;;1;1;1;;;1;1
11;2;15;11;11015;;1;1;A-48;1,33;3;5;2;;;1;1;1;;;1;1
11;6;12;11;11015;;1;1;A-48;2,5;3;5;2;;;1;1;1;;;1;1
11;6;14;11;11015;;1;1;A-48;1,5;3;5;2;;;1;1;1;;;1;1
11;3;20;11;11015;;1;1;A-48;11,361;3;15;2;;;1;6;1;;;1;1
11;4;11;11;11015;;3;2;No inventariada;;9;2;2;;;1;1;1;;;1;998
11;1;18;11;11015;;3;2;No inventariada;;9;10;1;2;;8;1;1;;;1;998
11;5;13;11;11015;;1;1;A-390;0,12;6;2;1;2;;1;1;1;;;1;1
2;7;18;11;11016;;1;1;A-2077;6,694;6;3;1;2;A-2077;1;1;1;;;1;1
4;5;18;11;11016;;1;1;CAMINO SAN;1;10;1;1;2;;1;1;1;;;12;3
5;1;17;11;11016;;1;1;A-480;4;5;3;1;4;;1;1;1;;;1;2
6;2;14;11;11016;;1;1;A-480;1,05;5;4;1;4;;1;1;1;;;1;1
7;3;10;11;11032;;1;1;A-480;4,117;3;2;1;4;A-480;1;1;1;;;1;1
7;6;20;11;11016;;1;1;A-491;2;6;1;2;;;1;1;1;;;1;2
7;3;13;11;11016;;1;1;LOS LLANOS;0,5;10;3;2;;;1;1;1;;;1;1
8;1;15;11;11016;;3;2;No inventariada;;14;10;2;;;1;1;1;;;4;998
8;7;0;11;11016;;3;2;No inventariada;;13;6;2;;;1;6;1;;;1;998
9;6;16;11;11016;;1;1;A-480;1,225;5;19;1;4;;3;1;3;;;1;2
9;7;6;11;11016;;1;1;CAM.OLIVAR;1;10;16;2;;;1;6;1;;;1;3
9;2;8;11;11032;;1;1;A-2077;10;6;2;1;4;A-2077;1;1;1;;;18;1
4;1;9;11;11016;;3;2;No inventariada;;9;2;1;1;;1;1;1;;;18;998
4;5;18;11;11016;;3;2;No inventariada;;9;7;2;;;1;1;1;;;18;998
4;5;15;11;11016;;3;2;No inventariada;;9;2;1;1;;1;1;1;;;18;998
5;3;9;11;11016;;3;2;No inventariada;;9;2;2;;;1;1;1;;;18;998
6;7;20;11;11016;;3;2;No inventariada;;9;5;2;;;1;1;1;;;18;998
7;1;12;11;11016;;3;2;No inventariada;;9;2;1;4;;1;1;1;;;18;998
9;3;20;11;11016;;3;2;No inventariada;;9;2;2;;;1;3;1;;;18;998
11;2;12;11;11016;;1;1;No inventariada;1;10;1;2;;;1;1;1;;;1;3
12;5;13;11;11016;;1;1;A-480;3,9;5;4;1;4;;1;1;1;;;1;1
1;7;10;11;0;;1;1;CA-6102;5,3;6;12;2;;;1;1;1;;;1;2
3;6;13;11;0;;1;1;CA-6100;6,085;6;19;2;;;1;1;1;;;1;2
4;1;7;41;41095;;1;1;A-371;16,3;6;2;1;1;;1;6;1;;;1;1
6;7;19;11;0;;3;2;No inventariada;;9;12;2;;;1;1;1;;;1;998
6;6;19;11;0;;3;2;No inventariada;;9;7;1;2;;1;1;1;;;18;998
7;1;11;11;0;;1;1;CA-6100;6,3;6;14;2;;;1;1;1;;;1;1
12;7;20;11;0;;1;1;CA-6100;4,6;6;1;2;;;1;6;1;;;4;3
9;1;13;11;0;;1;1;A-374;4,11;6;10;2;;;1;1;1;;;1;3
11;5;8;11;0;;1;1;CA-9110;2,6;6;18;2;;;1;1;1;;;1;2
2;3;13;11;0;;1;1;A-372;51,9;6;18;2;;;1;1;1;;;1;1
5;6;12;11;0;;1;1;A-372;44,9;6;10;2;;;1;1;1;;;1;1
7;4;1;11;0;;1;1;A-372;48,4;6;6;2;;;1;4;1;;;1;1
1;2;15;11;11020;;1;1;A-381;10,2;3;4;2;;;1;1;1;;;1;1
1;2;19;11;11020;;1;1;CA-5100;7,2;6;14;2;;;1;6;1;;;4;3
1;2;11;11;11020;;3;2;No inventariada;;9;3;2;;;1;1;1;;;1;998
1;4;13;11;11020;;3;2;No inventariada;;9;4;2;;;1;1;1;;;1;998
1;2;20;11;11020;;3;2;No inventariada;;9;2;1;1;;1;4;1;;;18;998
1;4;14;11;11020;;3;2;No inventariada;;9;4;1;4;;1;1;1;;;1;998
1;4;19;11;11020;;3;2;No inventariada;;9;7;2;;;3;3;3;;;5;998
1;3;19;11;11020;;3;2;No inventariada;;9;1;2;;;1;4;1;;;1;998
1;4;20;11;11020;;3;2;No inventariada;;9;2;1;4;;3;4;4;;;5;998
1;6;15;11;11020;;3;2;No inventariada;;9;10;1;4;;1;1;1;;;1;998
1;4;13;11;11020;;3;2;No inventariada;;9;2;1;4;;1;1;1;;;1;998
1;5;11;11;11020;;3;2;No inventariada;;9;2;2;;;1;1;1;;;1;998
1;4;23;11;11020;;3;2;No inventariada;;9;12;2;;;3;4;3;;;18;998
1;7;13;11;11020;;3;2;No inventariada;;9;2;2;;;1;1;1;;;1;998
1;7;23;11;11020;;3;2;No inventariada;;9;3;1;4;;1;4;1;;;1;998
1;3;1;11;11020;;1;1;AP-4;84,649;2;19;2;;;1;6;2;1;;5;1
1;2;18;11;11020;;3;2;No inventariada;;9;7;2;;;3;3;3;;;2;998
1;4;7;11;11020;;3;2;No inventariada;;9;7;2;;;1;4;2;;;1;998
1;3;19;11;11020;;3;2;No inventariada;;9;7;1;1;;1;4;1;;;1;998
1;3;16;11;11020;;3;2;No inventariada;;9;2;1;1;;1;1;1;;;1;998
1;5;16;11;11020;;1;1;A-2003;24,3;6;2;2;;;1;1;1;;;1;1
1;1;8;11;11020;;3;2;No inventariada;;9;7;2;;;1;4;1;;;1;998
1;4;14;11;11020;;3;2;No inventariada;;9;7;1;2;;1;1;1;;;1;998
1;6;16;11;11020;;1;1;AP-4;80,5;2;16;2;;;1;1;1;;;1;1
1;4;20;11;11020;;3;2;No inventariada;;9;4;2;;;1;4;1;;;1;998
1;1;7;11;11020;;1;1;AP-4;77,086;2;4;2;;;1;6;1;;;1;1
1;4;18;11;11020;;3;2;No inventariada;;9;7;1;1;;1;4;1;;;1;998
1;1;12;11;11020;;3;2;No inventariada;;9;2;1;1;;1;1;1;;;1;998
1;6;12;11;11020;;3;2;No inventariada;;9;2;1;1;;1;1;1;;;2;998
1;3;14;11;11020;;3;2;No inventariada;;9;2;1;4;;1;1;1;;;1;998
1;3;20;11;11020;;3;2;No inventariada;;9;2;1;2;;1;4;3;;;5;998
1;2;13;11;11020;;3;2;No inventariada;;9;4;2;;;3;1;3;;;1;998
1;3;15;11;11020;;3;2;No inventariada;;9;2;1;4;;1;1;1;;;1;998
1;4;11;11;11020;;3;2;No inventariada;;9;7;2;;;1;1;1;;;1;998
1;6;19;11;11020;;3;2;No inventariada;;9;2;1;2;;1;4;1;;;1;998
1;4;13;11;11020;;3;2;No inventariada;;9;3;1;4;;1;1;2;;;1;998
1;2;15;11;11020;;3;2;No inventariada;;9;4;2;;;1;1;1;;;1;998
1;2;11;11;11020;;3;2;No inventariada;;9;4;2;;;1;1;1;;;1;998
1;1;9;11;11020;;3;2;No inventariada;;9;7;2;;;1;1;1;;;6;998
1;4;19;11;11020;;1;1;A-4;637,1;3;16;1;2;A-2000;9;6;1;;;1;1
1;3;8;11;11020;;3;2;No inventariada;;9;7;2;;;1;3;1;;;1;998
1;4;13;11;11020;;3;2;No inventariada;;9;1;1;1;;1;1;1;;;1;998
1;5;8;11;11020;;3;2;No inventariada;;9;2;1;4;;1;1;1;;;1;998
1;5;9;11;11020;;3;2;No inventariada;;9;2;1;2;;1;1;1;;;1;998
1;6;14;11;11020;;1;1;A-2003;6,8;6;2;2;;;1;1;1;;;1;1
1;1;7;11;11020;;1;1;A-4;638,281;3;5;2;;;1;6;1;;;1;1
1;2;7;11;11020;;3;2;No inventariada;;9;3;1;2;;1;4;1;;;1;998
1;3;7;11;11020;;1;1;AP-4;79,55;2;5;1;10;;1;6;1;;;1;1
1;2;11;11;11020;;3;2;No inventariada;;9;2;1;4;;1;1;1;;;1;998
1;3;14;11;11020;;3;2;No inventariada;;9;16;2;;;1;1;1;;;1;998
2;4;9;11;11020;;3;2;No inventariada;;9;7;2;;;1;1;1;;;1;998
2;4;18;11;11020;;3;2;No inventariada;;7;4;2;;;1;1;1;;;1;998
2;4;22;11;11020;;3;2;No inventariada;;9;3;1;2;;1;4;1;;;1;998
2;4;20;11;11020;;3;2;No inventariada;;9;2;1;4;;1;4;1;;;1;998
2;6;9;11;11020;;3;2;No inventariada;;9;7;2;;;1;1;1;;;6;998
2;1;8;11;11020;;3;2;No inventariada;;9;4;2;;;1;1;1;;;1;998
2;5;20;11;11020;;3;2;No inventariada;;9;3;1;4;;1;1;1;;;1;998
2;1;21;11;11020;;3;2;No inventariada;;9;10;1;4;;1;4;1;;;1;998
2;1;16;11;11020;;3;2;No inventariada;;9;2;2;;;1;1;1;;;1;998
2;2;15;11;11020;;3;2;No inventariada;;9;19;1;4;;1;1;1;;;1;998
2;2;23;11;11020;;3;2;No inventariada;;9;4;2;;;1;4;1;;;1;998
1;3;11;11;11020;;3;2;No inventariada;;9;7;1;1;;1;1;1;;;1;998
2;7;9;11;11020;;3;2;No inventariada;;9;2;1;1;;1;1;2;;;1;998
2;7;12;11;11020;;3;2;No inventariada;;9;7;2;;;3;1;3;;;1;998
2;5;6;11;11020;;3;2;No inventariada;;9;4;1;2;;3;4;4;;;5;998
2;3;20;11;11020;;3;2;No inventariada;;9;2;1;4;;1;4;1;;;1;998
2;7;13;11;11020;;1;1;A-4;643,3;3;4;2;;;1;1;1;;;1;1
2;4;17;11;11020;;1;1;A-381;10,75;3;16;2;;;1;1;1;;;1;1
2;1;11;11;11020;;3;2;No inventariada;;9;2;2;;;1;1;1;;;6;998
2;2;8;11;11020;;3;2;No inventariada;;9;2;1;1;;1;3;1;;;1;998
2;2;16;11;11020;;3;2;No inventariada;;9;2;1;4;;1;1;1;;;1;998
2;3;7;11;11020;;3;2;No inventariada;;9;7;1;2;;1;4;1;;;1;998
2;4;11;11;11020;;1;1;CA-3104;6,514;6;19;2;;;1;1;1;;;1;1
2;6;11;11;11020;;1;1;CAMINO LA;0,15;10;19;2;;;2;1;1;;;1;3
2;5;13;11;11020;;3;2;No inventariada;;9;2;1;2;;1;1;1;;;1;998
2;5;13;11;11020;;3;2;No inventariada;;9;4;2;;;1;1;1;;;1;998
2;3;16;11;11020;;3;2;No inventariada;;9;2;1;2;;1;1;1;;;1;998
2;1;19;11;11020;;3;2;No inventariada;;9;2;2;;;1;4;1;;;1;998
2;3;16;11;11020;;3;2;No inventariada;;9;2;1;1;;1;1;1;;;1;998
2;2;23;11;11020;;3;2;No inventariada;;9;1;2;;;1;4;1;;;1;998
2;2;19;11;11020;;3;2;No inventariada;;9;4;2;;;1;4;1;;;1;998
2;3;16;11;11020;;3;2;No inventariada;;9;2;1;2;;1;1;1;;;1;998
2;2;14;11;11020;;3;2;No inventariada;;9;4;2;;;1;1;1;;;1;998
3;1;21;11;11020;;1;1;A-382;11;3;16;1;4;A-2202;1;6;1;;;1;1
3;4;13;11;11020;;1;1;A-480;24,672;8;4;1;12;A-4;3;1;4;;;1;2
3;6;21;11;11020;;1;1;A-4R1;0,857;6;2;1;2;;1;6;1;;;5;1
3;5;9;11;11020;;3;2;No inventariada;;9;4;2;;;3;1;3;;;1;998
3;5;13;11;11020;;3;2;No inventariada;;9;1;2;;;1;1;1;;;1;998
3;2;2;11;11020;;1;1;N-4;616,377;6;16;2;;;1;6;1;;;1;3
2;5;17;11;11020;;3;2;No inventariada;;14;7;1;4;;1;1;1;;;1;998
3;3;7;11;11020;;3;2;No inventariada;;9;2;1;4;;1;1;1;;;1;998
3;3;7;11;11020;;1;1;AP-4;69,5;2;14;2;;;1;2;1;;;1;1
3;2;11;11;11020;;3;2;No inventariada;;9;1;2;;;1;1;1;;;1;998
3;2;14;11;11020;;3;2;No inventariada;;9;2;2;;;1;1;1;;;1;998
3;4;21;11;11020;;3;2;No inventariada;;9;7;2;;;1;4;1;;;1;998
3;5;16;11;11020;;3;2;No inventariada;;9;20;1;2;;1;1;1;;;1;998
2;1;22;11;11020;;3;2;No inventariada;;9;2;2;;;1;4;1;;;1;998
3;6;11;11;11020;;3;2;No inventariada;;9;4;2;;;1;1;1;;;1;998
3;1;18;11;11020;;3;2;No inventariada;;9;2;1;2;;1;1;1;;;1;998
3;2;8;11;11020;;3;2;No inventariada;;9;4;2;;;1;1;1;;;1;998
3;1;9;11;11020;;3;2;No inventariada;;9;2;1;4;;1;1;1;;;1;998
3;2;11;11;11020;;3;2;No inventariada;;9;2;2;;;1;1;1;;;1;998
3;2;8;11;11020;;3;2;No inventariada;;9;3;2;;;1;2;1;;;1;998
3;2;10;11;11020;;3;2;No inventariada;;9;2;2;;;1;1;1;;;1;998
3;7;21;11;11020;;3;2;No inventariada;;9;2;1;1;;1;4;1;;;1;998
3;7;20;11;11020;;3;2;No inventariada;;9;2;2;;;1;4;1;;;1;998
2;6;19;11;11020;;3;2;No inventariada;;9;2;1;2;;1;4;1;;;1;998
3;3;7;11;11020;;3;2;No inventariada;;9;2;1;1;;1;4;2;;;1;998
3;3;12;11;11020;;3;2;No inventariada;;9;18;2;;;1;1;1;;;1;998
3;5;18;11;11020;;3;2;No inventariada;;14;7;2;;;1;1;2;;;1;998
3;3;21;11;11020;;3;2;No inventariada;;9;4;2;;;3;4;2;;;1;998
3;5;19;11;11020;;3;2;No inventariada;;9;2;2;;;3;4;2;;;3;998
3;4;19;11;11020;;3;2;No inventariada;;9;2;1;1;;1;4;1;;;17;998
3;1;14;11;11020;;3;2;No inventariada;;9;20;2;;;3;1;3;;;1;998
4;1;18;11;11020;;3;2;No inventariada;;9;7;2;;;1;1;1;;;1;998
3;3;21;11;11020;;3;2;No inventariada;;9;5;2;;;3;4;3;;;1;998
4;4;9;11;11020;;1;1;CA-3110;7,5;6;19;2;;;1;3;1;;;6;1
4;3;17;11;11020;;3;2;No inventariada;;9;7;2;;;1;1;1;;;13;998
4;1;8;11;11020;;3;2;No inventariada;;9;7;2;;;1;1;2;;;1;998