MES;DIA_SEMANA;HORA;COD_PROVINCIA;COD_MUNICIPIO;ISLA;ZONA;ZONA_AGRUPADA;CARRETERA;KM;TIPO_VIA;TIPO_ACCIDENTE;NUDO;NUDO_INFO;CARRETERA_CRUCE;CONDICION_FIRME;CONDICION_ILUMINACION;CONDICION_METEO;CONDICION_NIEBLA;CONDICION_VIENTO;VISIB_RESTRINGIDA_POR;TRAZADO_PLANTA
4;3;17;11;11020;;3;2;No inventariada;;9;4;2;;;1;1;1;;;9;998
4;6;9;11;11020;;1;1;CA-4102;11,282;6;19;2;;;1;1;1;;;1;2
4;4;13;11;11020;;3;2;No inventariada;;9;7;1;1;;1;1;1;;;1;998
3;7;12;11;11020;;3;2;No inventariada;;9;7;2;;;1;1;1;;;1;998
4;1;21;11;11020;;3;2;No inventariada;;9;2;1;1;;1;4;1;;;1;998
4;6;19;11;11020;;3;2;No inventariada;;9;20;2;;;1;1;1;;;1;998
3;7;21;11;11020;;3;2;No inventariada;;9;10;2;;;1;4;1;;;1;998
4;3;9;11;11020;;3;2;No inventariada;;9;10;2;;;8;1;1;;;1;998
4;5;13;11;11020;;3;2;No inventariada;;9;7;2;;;1;1;1;;;1;998
4;3;14;11;11020;;3;2;No inventariada;;9;7;2;;;1;1;1;;;1;998
4;2;21;11;11020;;3;2;No inventariada;;9;7;2;;;1;3;1;;;1;998
4;3;21;11;11020;;3;2;No inventariada;;9;10;2;;;1;4;1;;;1;998
4;1;12;11;11020;;1;1;A-2005;0;6;2;1;1;;1;1;1;;;16;1
4;4;8;11;11020;;3;2;No inventariada;;9;3;1;2;;1;1;1;;;1;998
4;2;8;11;11020;;3;2;No inventariada;;9;7;2;;;1;1;1;;;6;998
4;3;15;11;11020;;3;2;No inventariada;;9;2;1;1;;1;1;1;;;1;998
4;2;10;11;11020;;3;2;No inventariada;;9;7;2;;;1;1;1;;;12;998
4;5;1;11;11020;;1;1;A-2002;7;6;18;2;;;1;6;1;;;1;3
4;1;15;11;11020;;3;2;No inventariada;;9;4;2;;;1;1;1;;;1;998
4;2;22;11;11020;;3;2;No inventariada;;9;3;1;4;;1;3;1;;;1;998
4;4;14;11;11020;;3;2;No inventariada;;11;2;2;;;1;1;1;;;1;998
4;3;16;11;11020;;3;2;No inventariada;;9;10;1;2;;1;1;1;;;1;998
4;2;11;11;11020;;3;2;No inventariada;;9;7;2;;;1;1;1;;;1;998
4;5;12;11;11020;;3;2;No inventariada;;9;2;1;1;;1;1;1;;;1;998
4;3;11;11;11020;;3;2;No inventariada;;9;10;2;;;1;1;1;;;1;998
4;4;19;11;11020;;3;2;No inventariada;;9;4;2;;;1;1;1;;;1;998
4;7;19;11;11020;;1;1;A-2003;3;6;12;1;4;A-2003;1;1;1;;;1;1
4;7;0;11;11020;;3;2;No inventariada;;9;1;2;;;1;4;1;;;1;998
4;4;15;11;11020;;3;2;No inventariada;;9;4;2;;;1;1;1;;;1;998
4;1;14;11;11020;;3;2;No inventariada;;9;7;2;;;1;1;1;;;1;998
4;2;23;11;11020;;1;1;A-480;22,198;3;16;2;;;1;6;1;;;1;1
4;3;8;11;11020;;3;2;No inventariada;;9;4;2;;;1;1;1;;;6;998
4;3;13;11;11020;;3;2;No inventariada;;9;10;1;4;;1;1;1;;;1;998
4;4;14;11;11020;;1;1;A-2002;7,616;6;10;1;4;A-2002;1;1;1;;;1;4
4;2;14;11;11020;;3;2;No inventariada;;9;4;2;;;1;1;1;;;1;998
4;2;11;11;11020;;3;2;No inventariada;;9;2;2;;;1;1;1;;;9;998
4;3;14;11;11020;;3;2;No inventariada;;9;4;2;;;1;1;1;;;1;998
4;5;8;11;11020;;3;2;No inventariada;;9;4;2;;;1;1;1;;;1;998
4;5;14;11;11020;;1;1;AP-4;86,8;2;4;2;;;1;1;1;;;1;1
4;6;13;11;11020;;1;1;A-480;16,942;3;4;2;;;1;1;1;;;1;1
4;6;17;11;11020;;1;1;A-4R1;0,85;6;3;1;2;;1;1;1;;;1;1
4;6;4;11;11020;;3;2;No inventariada;;9;10;1;4;;3;4;3;;;1;998
4;6;13;11;11020;;3;2;No inventariada;;9;4;2;;;1;1;1;;;1;998
4;7;11;11;11020;;1;1;N-349;0,95;6;2;2;;;1;1;1;;;1;1
4;7;15;11;11020;;1;1;A-382;11,692;3;5;2;;;1;1;1;;;1;1
4;7;17;11;11020;;1;1;A-382;10,045;3;15;2;;;1;1;1;;;1;1
4;1;15;11;11020;;3;2;No inventariada;;9;2;2;;;1;1;1;;;1;998
4;1;12;11;11020;;3;2;No inventariada;;9;4;1;2;;1;1;1;;;1;998
4;1;12;11;11020;;3;2;No inventariada;;9;2;1;4;;1;1;1;;;1;998
4;7;15;11;11020;;3;2;No inventariada;;9;10;2;;;1;1;1;;;1;998
4;7;5;11;11020;;3;2;No inventariada;;9;7;2;;;1;4;1;;;1;998
4;2;8;11;11020;;3;2;No inventariada;;9;2;1;2;;1;1;1;;;1;998
4;5;14;11;11020;;3;2;No inventariada;;9;7;2;;;1;1;1;;;1;998
4;7;13;11;11020;;3;2;No inventariada;;9;4;2;;;1;1;1;;;1;998
4;7;4;11;11020;;3;2;No inventariada;;9;2;1;1;;1;5;1;;;1;998
4;7;18;11;11020;;3;2;No inventariada;;9;2;2;;;1;1;1;;;1;998
4;7;3;11;11020;;3;2;No inventariada;;9;15;1;4;;1;4;1;;;1;998
4;7;22;11;11020;;3;2;No inventariada;;9;20;2;;;1;4;1;;;1;998
4;2;10;11;11020;;3;2;No inventariada;;9;7;2;;;1;1;1;;;9;998
4;4;8;11;11020;;3;2;No inventariada;;9;2;1;2;;1;1;1;;;1;998
5;5;13;11;11020;;3;2;No inventariada;;9;2;1;2;;1;1;1;;;1;998
4;7;14;11;11020;;3;2;No inventariada;;9;10;2;;;8;1;1;;;1;998
5;7;6;11;11020;;1;1;AP-4;65;2;6;2;;;1;2;2;2;;5;1
5;7;15;11;11020;;1;1;A-381;14,5;3;12;2;;;1;1;1;;;1;1
5;5;16;11;11020;;3;2;No inventariada;;9;4;2;;;1;1;1;;;1;998
5;1;19;11;11020;;1;1;A-381;16,45;3;15;2;;;1;1;1;;;1;1
4;6;19;11;11020;;3;2;No inventariada;;9;19;2;;;1;1;1;;;1;998
5;3;1;11;11020;;3;2;No inventariada;;9;2;1;1;;1;4;1;;;1;998
5;3;13;11;11020;;3;2;No inventariada;;9;4;2;;;1;1;1;;;1;998
5;5;17;11;11020;;3;2;No inventariada;;9;2;1;4;;1;1;1;;;1;998
5;5;14;11;11020;;3;2;No inventariada;;9;15;2;;;1;1;1;;;1;998
5;6;15;11;11020;;3;2;No inventariada;;9;4;2;;;1;1;1;;;1;998
5;1;9;11;11020;;3;2;No inventariada;;9;4;1;4;;1;1;1;;;1;998
5;6;13;11;11020;;3;2;No inventariada;;9;7;2;;;1;1;1;;;1;998
5;4;14;11;11020;;3;2;No inventariada;;9;7;2;;;1;1;1;;;1;998
5;1;20;11;11020;;3;2;No inventariada;;9;4;2;;;1;1;1;;;1;998
5;3;8;11;11020;;3;2;No inventariada;;9;7;2;;;1;2;1;;;1;998
5;3;19;11;11020;;3;2;No inventariada;;9;7;2;;;1;1;1;;;1;998
5;6;19;11;11020;;3;2;No inventariada;;9;7;2;;;1;1;1;;;1;998
5;1;13;11;11020;;3;2;No inventariada;;9;2;2;;;1;1;1;;;1;998
5;1;12;11;11020;;3;2;No inventariada;;9;2;2;;;1;1;1;;;1;998
5;4;18;11;11020;;3;2;No inventariada;;9;2;1;4;;1;1;1;;;1;998
5;5;7;11;11020;;3;2;No inventariada;;9;4;2;;;3;3;1;;;1;998
5;1;1;11;11020;;3;2;No inventariada;;9;10;2;;;1;4;1;;;1;998
5;6;13;11;11020;;1;1;CA-6107;1,921;6;8;1;2;;1;1;1;;;4;2
5;5;13;11;11020;;3;2;No inventariada;;9;20;2;;;1;1;1;;;4;998
5;5;21;11;11020;;3;2;No inventariada;;9;2;2;;;1;4;1;;;1;998
5;5;18;11;11020;;3;2;No inventariada;;9;7;1;1;;1;1;1;;;1;998
5;4;13;11;11020;;3;2;No inventariada;;9;20;1;2;;1;1;1;;;9;998
5;5;15;11;11020;;3;2;No inventariada;;9;2;1;2;;1;1;1;;;1;998
5;2;7;11;11020;;3;2;No inventariada;;14;7;2;;;1;1;1;;;6;998
5;1;8;11;11020;;3;2;No inventariada;;9;7;2;;;1;1;1;;;1;998
5;1;20;11;11020;;3;2;No inventariada;;9;7;2;;;1;1;1;;;1;998
5;4;19;11;11020;;1;1;A-2005;1;6;4;1;4;;1;1;1;;;1;2
5;3;16;11;11020;;3;2;No inventariada;;9;2;1;2;;1;1;1;;;1;998
5;2;20;11;11020;;3;2;No inventariada;;9;2;1;2;;1;1;1;;;1;998
5;3;15;11;11020;;3;2;No inventariada;;9;4;2;;;1;1;1;;;1;998
5;3;18;11;11020;;3;2;No inventariada;;9;7;1;2;;1;1;1;;;1;998
5;7;14;11;11020;;1;1;A-2003;21,4;6;16;2;;;1;1;1;;;1;1
5;6;1;11;11020;;3;2;No inventariada;;9;2;2;;;1;4;1;;;1;998
5;7;17;11;11020;;3;2;No inventariada;;9;19;2;;;1;1;1;;;1;998
5;2;13;11;11020;;3;2;No inventariada;;9;2;1;4;;1;1;1;;;1;998
5;4;19;11;11020;;1;1;CA-4103;2,826;6;18;2;;;1;1;1;;;1;2
5;2;19;11;11020;;3;2;No inventariada;;9;2;2;;;1;1;1;;;1;998
5;4;14;11;11020;;3;2;No inventariada;;9;2;1;2;;1;1;1;;;1;998
5;6;15;11;11020;;3;2;No inventariada;;9;2;1;4;;1;1;1;;;1;998
6;1;21;11;11020;;1;1;AP-4;61,8;2;14;2;;;1;2;1;;;1;1
6;2;9;11;11020;;1;1;A-2005;1,4;6;5;1;1;;1;1;1;;;1;1
6;1;9;11;11020;;3;2;No inventariada;;9;7;2;;;1;1;1;;;1;998
6;1;8;11;11020;;3;2;No inventariada;;9;10;1;4;;1;1;1;;;1;998
6;6;12;11;11020;;3;2;No inventariada;;14;4;2;;;1;1;1;;;1;998
6;1;8;11;11020;;3;2;No inventariada;;9;2;1;2;;1;1;1;;;1;998
6;1;11;11;11020;;3;2;No inventariada;;9;4;1;2;;1;1;1;;;1;998
6;7;14;11;11020;;3;2;No inventariada;;14;2;1;2;;1;1;1;;;1;998
6;1;19;11;11020;;3;2;No inventariada;;9;2;1;4;;2;1;1;;;1;998
5;3;15;11;11020;;3;2;No inventariada;;9;2;1;2;;1;1;1;;;1;998
6;2;14;11;11020;;3;2;No inventariada;;9;2;1;1;;1;1;1;;;1;998
6;2;8;11;11020;;1;1;CA-4104;0,8;6;3;2;;;1;1;1;;;1;2
6;1;14;11;11020;;3;2;No inventariada;;9;4;2;;;1;1;1;;;1;998
6;5;8;11;11020;;1;1;CA-3112;5,2;6;19;2;;;1;1;1;;;1;2
6;4;19;11;11020;;3;2;No inventariada;;9;4;2;;;1;1;1;;;1;998
6;3;18;11;11020;;3;2;No inventariada;;9;2;1;4;;1;1;1;;;16;998
6;7;14;11;11020;;3;2;No inventariada;;9;2;1;2;;1;1;1;;;1;998
6;3;10;11;11020;;3;2;No inventariada;;9;7;2;;;1;1;1;;;1;998
6;5;9;11;11020;;3;2;No inventariada;;9;4;2;;;1;1;1;;;1;998
6;1;19;11;11020;;3;2;No inventariada;;9;7;2;;;1;1;1;;;1;998
6;2;12;11;11020;;3;2;No inventariada;;9;7;1;2;;1;1;1;;;1;998
6;1;13;11;11020;;3;2;No inventariada;;9;16;2;;;1;1;1;;;1;998
6;7;17;11;11020;;3;2;No inventariada;;7;4;2;;;1;1;1;;;1;998
6;2;18;11;11020;;3;2;No inventariada;;9;4;2;;;1;1;1;;;1;998
6;5;9;11;11020;;3;2;No inventariada;;9;4;2;;;1;1;1;;;1;998
6;3;8;11;11020;;1;1;CA-3102;0,5;6;18;2;;;1;1;1;;;1;1
6;1;20;11;11020;;3;2;No inventariada;;9;7;2;;;1;1;1;;;6;998
6;3;22;11;11020;;1;1;AP-4;91,271;2;4;2;;;1;6;1;;;1;1
6;3;11;11;11020;;3;2;No inventariada;;9;10;2;;;3;1;2;;;1;998
6;3;10;11;11020;;3;2;No inventariada;;9;10;1;4;;3;1;2;;;1;998
6;5;16;11;11020;;1;1;A-2004;0,1;6;12;1;2;AP-4;1;1;1;;;1;2
6;5;19;11;11020;;3;2;No inventariada;;9;2;2;;;1;1;1;;;1;998
6;6;20;11;11020;;3;2;No inventariada;;9;4;1;4;;1;1;1;;;1;998
6;1;14;11;11020;;3;2;No inventariada;;9;2;1;1;;1;1;1;;;1;998
6;2;12;11;11020;;1;1;A-2003;12,832;6;4;2;;;1;1;1;;;1;1
6;5;16;11;11020;;3;2;No inventariada;;9;2;1;2;;1;1;1;;;1;998
6;7;23;11;11020;;3;2;No inventariada;;9;12;2;;;1;4;1;;;1;998
6;6;15;11;11020;;3;2;No inventariada;;9;4;2;;;1;1;1;;;1;998
6;7;7;11;11020;;1;1;A-2005;1,146;6;15;1;4;A-382;1;2;1;;;1;2
6;6;21;11;11020;;3;2;No inventariada;;9;16;2;;;1;1;1;;;1;998
6;4;11;11;11020;;3;2;No inventariada;;9;7;2;;;1;1;2;;;1;998
7;2;13;11;11020;;1;1;A-4;641;3;3;2;;;1;1;1;;;1;1
6;7;2;11;11020;;3;2;No inventariada;;9;2;1;4;;1;4;1;;;1;998
7;2;8;11;11020;;3;2;No inventariada;;9;15;2;;;1;1;1;;;1;998
7;1;12;11;11020;;3;2;No inventariada;;9;2;1;4;;1;1;1;;;1;998
6;5;14;11;11020;;3;2;No inventariada;;9;2;1;1;;1;1;1;;;1;998
7;6;0;11;11020;;1;1;A-2002;6,495;6;2;1;2;CA-3109;1;4;1;;;1;1
7;4;20;11;11020;;3;2;No inventariada;;9;10;2;;;1;1;1;;;1;998
7;3;20;11;11020;;3;2;No inventariada;;9;7;2;;;1;1;1;;;1;998
7;5;15;11;11020;;3;2;No inventariada;;9;3;2;;;1;1;1;;;1;998
7;2;12;11;11020;;3;2;No inventariada;;9;4;2;;;1;1;1;;;1;998
7;5;0;11;11020;;3;2;No inventariada;;9;7;2;;;1;4;1;;;1;998
7;2;15;11;11020;;1;1;CA-3104;1,709;6;18;2;;;1;1;1;;;1;1
6;1;16;11;11020;;3;2;No inventariada;;9;7;2;;;1;1;1;;;1;998
7;7;15;11;11020;;3;2;No inventariada;;9;18;2;;;1;1;1;;;1;998
7;4;11;11;11020;;3;2;No inventariada;;9;2;1;1;;1;1;1;;;1;998
7;4;23;11;11020;;3;2;No inventariada;;9;2;1;1;;1;4;1;;;1;998
7;4;13;11;11020;;3;2;No inventariada;;9;4;2;;;1;1;1;;;1;998
7;1;19;11;11020;;1;1;A-480;19;3;4;2;;;1;1;1;;;1;1
7;2;13;11;11020;;3;2;No inventariada;;9;2;1;2;;1;1;1;;;17;998
7;4;12;11;11020;;3;2;No inventariada;;9;4;1;1;;1;1;1;;;1;998
7;6;11;11;11020;;3;2;No inventariada;;9;7;2;;;1;1;1;;;1;998
7;7;13;11;11020;;1;1;CA-3108;3,729;6;19;2;;;1;1;1;;;1;2
7;7;10;11;11020;;3;2;No inventariada;;9;7;2;;;1;1;1;;;1;998
7;1;11;11;11020;;1;1;AP-4;82;2;12;1;12;A-2004;1;1;1;;;1;2
7;4;14;11;11020;;3;2;No inventariada;;9;7;2;;;1;1;1;;;1;998
7;7;19;11;11020;;3;2;No inventariada;;9;20;2;;;1;1;1;;;1;998
7;2;10;11;11020;;3;2;No inventariada;;9;7;1;1;;1;1;1;;;1;998
7;2;11;11;11020;;3;2;No inventariada;;9;2;2;;;1;1;1;;;9;998
8;4;14;11;11020;;3;2;No inventariada;;9;10;2;;;1;1;1;;;1;998
8;5;16;11;11020;;1;1;A-2000R1;0,5;6;16;2;;;1;1;1;;;1;2
8;1;15;11;11020;;3;2;No inventariada;;9;2;1;2;;1;1;1;;;1;998
8;2;15;11;11020;;3;2;No inventariada;;9;4;1;4;;1;1;1;;;1;998
8;4;11;11;11020;;1;1;A-2003;6,766;6;4;2;;;1;1;1;;;1;1
8;1;11;11;11020;;3;2;No inventariada;;9;7;2;;;1;1;1;;;1;998
8;6;11;11;11020;;1;1;A-381;3,477;3;2;1;2;A-381;1;1;1;;;1;2
8;7;12;11;11020;;1;1;A-381;8,2;3;10;2;;;1;1;1;;;1;3
7;1;12;11;11020;;3;2;No inventariada;;9;2;1;2;;1;1;1;;;1;998
8;3;18;11;11020;;3;2;No inventariada;;9;2;1;1;;1;1;1;;;1;998
8;2;14;11;11020;;3;2;No inventariada;;9;10;1;4;;8;1;1;;;1;998
8;2;13;11;11020;;3;2;No inventariada;;9;15;2;;;1;1;1;;;1;998
8;3;17;11;11020;;1;1;A-381;0,05;3;2;1;2;AP-4;1;1;1;;;1;1
8;1;11;11;11020;;3;2;No inventariada;;9;2;1;2;;1;1;1;;;1;998
8;3;12;11;11020;;3;2;No inventariada;;9;4;2;;;1;1;1;;;1;998
8;4;11;11;11020;;1;1;A-480;24,6;3;4;2;;;1;1;1;;;1;1
8;3;15;11;11020;;3;2;No inventariada;;9;10;2;;;1;1;1;;;2;998
8;4;12;11;11020;;3;2;No inventariada;;9;19;1;1;;1;1;1;;;1;998
8;6;14;11;11020;;3;2;No inventariada;;9;2;1;4;;1;1;1;;;1;998
8;7;19;11;11020;;1;1;A-381;0,1;3;2;1;2;AP-4;1;1;1;;;1;1
8;6;4;11;11020;;3;2;No inventariada;;9;10;2;;;7;4;1;;;1;998
8;3;16;11;11020;;3;2;No inventariada;;9;4;2;;;1;1;1;;;1;998
8;2;21;11;11020;;3;2;No inventariada;;14;2;1;4;;1;4;1;;;1;998
8;4;13;11;11020;;1;1;A-381;2,722;3;6;2;;;1;1;1;;;1;1
8;5;18;11;11020;;1;1;AP-4;72,837;2;4;2;;;1;1;1;;;1;1
8;5;9;11;11020;;3;2;No inventariada;;9;2;1;1;;1;1;1;;;1;998
8;1;19;11;11020;;3;2;No inventariada;;9;7;2;;;1;1;1;;;6;998
8;3;14;11;11020;;1;1;AP-4;68,8;2;14;2;;;1;1;1;;;1;1
8;1;14;11;11020;;3;2;No inventariada;;9;4;2;;;1;1;1;;;1;998
8;1;7;11;11020;;3;2;No inventariada;;9;7;2;;;1;2;1;;;1;998
8;1;11;11;11020;;3;2;No inventariada;;9;2;1;4;;1;1;1;;;1;998
8;3;12;11;11020;;3;2;No inventariada;;9;2;1;2;;1;1;1;;;1;998
8;5;13;11;11020;;3;2;No inventariada;;9;7;1;4;;1;3;1;;;1;998
8;4;14;11;11020;;3;2;No inventariada;;9;2;1;2;;1;1;1;1;;18;998
9;7;21;11;11020;;3;2;No inventariada;;14;2;2;;;1;4;1;;;1;998
9;1;14;11;11020;;3;2;No inventariada;;9;2;1;4;;1;1;1;;;1;998
9;2;16;11;11020;;1;1;AP-4;70,3;2;12;2;;;1;1;1;;;1;1
9;3;7;11;11020;;1;1;N-4;618,7;6;20;2;;;1;6;1;;;1;3
8;4;16;11;11020;;3;2;No inventariada;;9;2;1;4;;1;1;1;;;1;998
9;3;9;11;11020;;3;2;No inventariada;;9;7;1;4;;1;1;1;;;1;998
9;3;11;11;11020;;3;2;No inventariada;;9;3;2;;;1;1;1;;;18;998
9;2;13;11;11020;;3;2;No inventariada;;9;4;1;4;;1;1;1;;;1;998
9;5;3;11;11020;;3;2;No inventariada;;9;5;2;;;1;4;1;;;1;998
9;6;15;11;11020;;1;1;A-381;0,1;8;2;1;12;AP-4;1;1;2;;;1;1
9;5;9;11;11020;;3;2;No inventariada;;9;2;2;;;1;1;1;;;6;998
9;5;8;11;11020;;3;2;No inventariada;;9;20;2;;;1;2;1;;;1;998
9;7;11;11;11020;;1;1;A-381;7,8;7;2;1;2;;1;1;1;;;1;1
8;3;13;11;11020;;3;2;No inventariada;;9;4;1;4;;1;1;1;;;1;998
9;2;16;11;11020;;3;2;No inventariada;;9;2;1;4;;1;1;1;;;1;998
9;3;9;11;11020;;3;2;No inventariada;;9;19;2;;;1;1;1;;;1;998
9;7;1;11;11020;;3;2;No inventariada;;9;10;2;;;3;4;2;;;1;998
8;2;9;11;11020;;3;2;No inventariada;;9;4;1;1;;1;1;1;;;1;998
9;4;8;11;11020;;1;1;A-381;15,2;3;18;2;;;1;1;1;;;1;1
9;4;16;11;11020;;1;1;A-2003;7,5;6;16;2;;;1;1;1;;;1;1
9;3;18;11;11020;;3;2;No inventariada;;9;4;2;;;1;1;1;;;1;998
9;7;18;11;11020;;3;2;No inventariada;;9;10;1;4;;1;1;1;;;1;998
8;3;21;11;11020;;3;2;No inventariada;;9;2;1;2;;1;4;1;;;9;998
9;5;23;11;11020;;3;2;No inventariada;;9;2;1;4;;1;4;1;;;1;998
9;3;8;11;11020;;1;1;N-349;3,1;6;19;1;4;N-349;1;1;1;;;1;2
9;4;14;11;11020;;3;2;No inventariada;;9;2;1;4;;1;1;1;;;1;998
9;3;19;11;11020;;3;2;No inventariada;;9;4;2;;;1;3;1;;;1;998
9;2;7;11;11020;;3;2;No inventariada;;9;4;2;;;1;1;1;;;1;998
9;2;20;11;11020;;3;2;No inventariada;;9;2;2;;;1;1;1;;;1;998
9;2;11;11;11020;;3;2;No inventariada;;9;3;1;4;;1;1;1;;;1;998
9;7;12;11;11020;;1;1;A-4;632,687;3;10;2;;;7;1;1;;;1;3
9;2;15;11;11020;;3;2;No inventariada;;9;2;2;;;1;1;1;;;1;998
9;2;21;11;11020;;3;2;No inventariada;;9;1;2;;;1;4;1;;;1;998
9;1;6;11;11020;;3;2;No inventariada;;14;3;2;;;1;4;1;;;1;998
9;1;8;11;11020;;1;1;CA-3113;13,9;6;1;2;;;1;1;2;1;;5;1
9;7;21;11;11020;;3;2;No inventariada;;9;2;1;1;;1;4;1;;;1;998
9;1;22;11;11020;;3;2;No inventariada;;9;2;1;4;;1;4;1;;;1;998
9;1;15;11;11020;;3;2;No inventariada;;9;7;2;;;1;1;1;;;17;998
9;1;15;11;11020;;3;2;No inventariada;;9;4;2;;;1;1;1;;;1;998
9;1;10;11;11020;;3;2;No inventariada;;14;4;2;;;1;1;1;;;2;998
9;4;15;11;11020;;3;2;No inventariada;;9;2;1;2;;1;1;1;;;1;998
9;5;11;11;11020;;3;2;No inventariada;;9;4;2;;;1;1;1;;;1;998
10;3;8;11;11020;;3;2;No inventariada;;9;4;1;4;;1;1;1;1;;1;998
10;3;17;11;11020;;3;2;No inventariada;;9;4;2;;;1;1;1;;;1;998
10;2;13;11;11020;;3;2;No inventariada;;9;4;1;2;;1;1;1;;;1;998
10;4;15;11;11020;;1;1;A-2002;7;6;4;2;;;1;1;1;;;1;2
10;4;14;11;11020;;3;2;No inventariada;;9;2;1;4;;1;1;1;;;9;998
9;2;11;11;11020;;3;2;No inventariada;;9;1;1;2;;1;1;1;;;1;998
9;3;13;11;11020;;3;2;No inventariada;;9;1;2;;;1;1;1;;;1;998
10;5;16;11;11020;;3;2;No inventariada;;9;10;2;;;1;1;1;;;1;998
10;5;7;11;11020;;3;2;No inventariada;;9;7;2;;;1;1;1;;;1;998
10;6;18;11;11020;;3;2;No inventariada;;9;2;1;1;;1;1;1;;;1;998
10;6;16;11;11020;;3;2;No inventariada;;9;5;2;;;1;1;1;;;1;998
10;2;9;11;11020;;1;1;CA-4102;8;6;14;2;;;1;1;1;;;1;3
10;2;11;11;11020;;3;2;No inventariada;;9;7;2;;;1;1;1;;;1;998
10;3;11;11;11020;;3;2;No inventariada;;9;2;2;;;1;1;2;;;1;998
10;3;17;11;11020;;3;2;No inventariada;;9;12;2;;;3;1;2;;;1;998
10;5;0;11;11020;;1;1;AP-4;78,5;2;4;2;;;1;6;1;;;1;1
10;3;9;11;11020;;3;2;No inventariada;;9;2;1;1;;1;1;1;;;9;998
10;2;17;11;11020;;3;2;No inventariada;;9;7;2;;;1;1;1;;;1;998
10;3;18;11;11020;;3;2;No inventariada;;9;4;2;;;1;1;3;;;1;998
10;4;20;11;11020;;3;2;No inventariada;;9;7;2;;;1;4;1;;;12;998
10;6;0;11;11020;;3;2;No inventariada;;9;2;1;4;;1;4;1;;;1;998
9;4;0;11;11020;;3;2;No inventariada;;9;4;2;;;1;4;1;;;1;998
10;1;7;11;11020;;3;2;No inventariada;;9;7;2;;;3;4;3;;;5;998
10;2;7;11;11020;;3;2;No inventariada;;14;2;1;4;;3;4;3;;;1;998
8;2;0;11;11020;;3;2;No inventariada;;9;2;2;;;1;4;1;;;1;998
10;2;17;11;11020;;1;1;A-2002;9,4;6;15;2;;;3;1;3;;;5;1
10;3;8;11;11020;;3;2;No inventariada;;9;7;2;;;3;2;3;;;1;998
10;7;20;11;11020;;3;2;No inventariada;;9;10;2;;;1;3;2;;;1;998
10;3;10;11;11020;;3;2;No inventariada;;9;2;1;1;;1;1;2;;;1;998
10;5;22;11;11020;;3;2;No inventariada;;9;4;2;;;1;4;1;;;1;998
10;4;6;11;11020;;3;2;No inventariada;;14;2;1;4;;1;4;1;;;1;998
10;6;15;11;11020;;1;1;AP-4;83,473;2;12;2;;;1;1;1;;;1;1
10;7;15;11;11020;;3;2;No inventariada;;9;2;1;4;;1;1;1;;;1;998
10;6;18;11;11020;;1;1;AP-4;63,89;2;19;2;;;1;1;1;;;18;1
10;6;14;11;11020;;3;2;No inventariada;;9;7;2;;;1;1;1;;;1;998
10;6;12;11;11020;;3;2;No inventariada;;9;2;1;2;;1;1;1;;;1;998
10;2;8;11;11020;;3;2;No inventariada;;9;7;1;4;;1;3;1;;;1;998
10;2;13;11;11020;;3;2;No inventariada;;9;5;2;;;1;1;1;;;1;998
10;1;13;11;11020;;3;2;No inventariada;;9;2;1;2;;1;1;1;;;1;998
10;3;13;11;11020;;1;1;AP-4;78,968;2;19;2;;;1;1;1;;;1;1
10;1;15;11;11020;;3;2;No inventariada;;9;7;2;;;1;1;1;1;;18;998
10;6;21;11;11020;;3;2;No inventariada;;9;4;1;4;;1;4;1;;;1;998
10;3;15;11;11020;;3;2;No inventariada;;14;2;2;;;1;1;1;;;1;998
10;2;22;11;11020;;3;2;No inventariada;;9;2;1;4;;1;4;1;;;1;998
10;2;12;11;11020;;3;2;No inventariada;;9;7;1;2;;1;1;1;;;11;998
10;7;10;11;11020;;3;2;No inventariada;;9;16;2;;;3;1;2;;;5;998
10;4;16;11;11020;;3;2;No inventariada;;9;2;2;;;1;1;1;;;18;998
10;3;17;11;11020;;3;2;No inventariada;;9;2;1;4;;1;1;1;;;1;998
10;5;20;11;11020;;3;2;No inventariada;;9;10;2;;;1;4;1;;;1;998
10;5;12;11;11020;;3;2;No inventariada;;9;7;2;;;1;1;1;;;1;998
11;5;15;11;11020;;1;1;A-4;637,75;3;12;2;;;3;1;2;;;1;1
11;6;15;11;11020;;3;2;No inventariada;;9;2;2;;;1;1;1;;;1;998
11;2;13;11;11020;;3;2;No inventariada;;9;18;2;;;1;1;1;;;1;998