MES;DIA_SEMANA;HORA;COD_PROVINCIA;COD_MUNICIPIO;ISLA;ZONA;ZONA_AGRUPADA;CARRETERA;KM;TIPO_VIA;TIPO_ACCIDENTE;NUDO;NUDO_INFO;CARRETERA_CRUCE;CONDICION_FIRME;CONDICION_ILUMINACION;CONDICION_METEO;CONDICION_NIEBLA;CONDICION_VIENTO;VISIB_RESTRINGIDA_POR;TRAZADO_PLANTA
5;3;8;11;11020;;3;2;No inventariada;;9;2;1;2;;1;1;1;;;1;998
11;5;13;11;11020;;1;1;N-349;3,1;6;4;2;;;1;1;1;;;1;1
11;6;22;11;11020;;3;2;No inventariada;;9;2;1;2;;1;4;1;;;1;998
11;7;8;11;11020;;1;1;AP-4;84;2;12;1;2;;1;1;1;;;1;2
11;4;13;11;11020;;3;2;No inventariada;;9;7;1;2;;1;1;1;;;1;998
11;4;13;11;11020;;3;2;No inventariada;;9;7;2;;;1;1;1;;;1;998
11;5;13;11;11020;;3;2;No inventariada;;9;7;2;;;1;1;1;;;1;998
11;4;8;11;11020;;3;2;No inventariada;;9;2;1;1;;1;1;1;;;1;998
11;1;9;11;11020;;3;2;No inventariada;;9;2;2;;;1;1;1;;;1;998
11;1;9;11;11020;;3;2;No inventariada;;9;2;1;1;;1;1;1;;;6;998
11;4;16;11;11020;;3;2;No inventariada;;9;2;1;1;;3;1;3;;;1;998
11;4;17;11;11020;;3;2;No inventariada;;9;2;1;4;;3;1;3;;;1;998
11;5;16;11;11020;;3;2;No inventariada;;9;7;2;;;1;1;1;;;1;998
11;6;13;11;11020;;3;2;No inventariada;;9;4;2;;;1;1;1;;;1;998
11;5;13;11;11020;;3;2;No inventariada;;9;4;2;;;1;1;1;;;1;998
11;5;13;11;11020;;3;2;No inventariada;;11;20;2;;;1;1;1;;;1;998
11;1;9;11;11020;;3;2;No inventariada;;9;5;2;;;1;1;1;1;;1;998
11;3;7;11;11020;;3;2;No inventariada;;9;2;2;;;1;1;1;;;1;998
11;4;19;11;11020;;1;1;CA-4103;2,8;6;19;2;;;1;6;1;;;1;2
11;3;19;11;11020;;3;2;No inventariada;;9;4;2;;;1;4;1;;;1;998
11;5;10;11;11020;;1;1;A-2078;10;6;3;1;12;A-480;1;1;1;;;1;1
11;4;20;11;11020;;3;2;No inventariada;;9;7;2;;;1;4;1;;;1;998
11;1;8;11;11020;;3;2;No inventariada;;9;2;1;4;;1;1;1;;;1;998
11;3;20;11;11020;;3;2;No inventariada;;9;10;2;;;8;4;1;;;1;998
11;2;17;11;11020;;3;2;No inventariada;;9;2;2;;;1;1;1;;;6;998
11;6;6;11;11020;;3;2;No inventariada;;9;4;2;;;1;4;1;;;1;998
11;4;16;11;11020;;1;1;N-4;627,612;6;1;2;;;1;1;1;;;1;1
11;4;19;11;11020;;3;2;No inventariada;;9;7;2;;;1;4;1;;;1;998
11;5;16;11;11020;;3;2;No inventariada;;9;7;2;;;1;1;1;;;1;998
11;5;19;11;11020;;3;2;No inventariada;;9;7;2;;;1;3;1;;;1;998
12;3;11;11;11020;;3;2;No inventariada;;9;20;1;4;;1;1;1;;;1;998
12;3;8;11;11020;;3;2;No inventariada;;14;7;2;;;1;1;1;;;1;998
12;4;17;11;11020;;3;2;No inventariada;;9;3;1;4;;1;1;1;;;1;998
12;5;21;11;11020;;3;2;No inventariada;;9;2;1;1;;1;4;1;;;1;998
11;5;7;11;11020;;3;2;No inventariada;;9;2;1;4;;1;3;1;;;1;998
12;4;7;11;11020;;1;1;CA-3110;0,4;6;14;2;;;3;1;3;;;1;3
12;4;10;11;11020;;1;1;A-4;644;3;18;2;;;3;1;3;;;1;2
12;4;19;11;11020;;3;2;No inventariada;;9;7;2;;;1;4;1;;;1;998
12;4;7;11;11020;;3;2;No inventariada;;9;2;1;2;;1;3;1;;;1;998
12;4;15;11;11020;;3;2;No inventariada;;9;7;2;;;1;1;1;;;1;998
12;4;20;11;11020;;3;2;No inventariada;;9;2;1;1;;1;4;1;;;1;998
12;5;15;11;11020;;3;2;No inventariada;;9;2;1;2;;1;1;1;;;1;998
10;1;12;11;11020;;3;2;No inventariada;;9;4;1;2;;1;1;1;;;1;998
12;2;9;11;11020;;3;2;No inventariada;;9;2;2;;;1;1;1;;;1;998
12;3;15;11;11020;;1;1;A-2000;4,402;6;4;1;2;;1;1;1;;;1;1
12;4;21;11;11020;;3;2;No inventariada;;9;2;1;2;;1;4;1;;;1;998
12;6;9;11;11020;;1;1;AP-4;62,5;2;4;2;;;1;1;1;;;1;1
12;1;19;11;11020;;3;2;No inventariada;;9;7;2;;;1;4;1;;;1;998
12;5;13;11;11020;;3;2;No inventariada;;9;2;1;2;;1;1;1;;;1;998
12;6;17;11;11020;;3;2;No inventariada;;9;2;2;;;1;1;1;;;1;998
12;1;12;11;11020;;3;2;No inventariada;;9;4;2;;;1;1;1;;;1;998
12;1;22;11;11020;;3;2;No inventariada;;9;20;2;;;1;4;1;;;1;998
12;3;10;11;11020;;3;2;No inventariada;;9;7;1;4;;1;1;1;;;1;998
12;7;11;11;11020;;3;2;No inventariada;;9;4;1;4;;1;1;1;;;1;998
12;3;14;11;11020;;3;2;No inventariada;;9;4;2;;;1;1;1;;;1;998
12;6;10;11;11020;;3;2;No inventariada;;9;20;2;;;1;1;1;;;1;998
3;5;8;11;11021;;1;1;A-405;27,884;6;19;2;;;1;1;1;;;18;1
5;5;14;11;11021;;1;1;A-405;25,713;6;1;2;;;1;1;1;;;1;1
5;5;17;11;11021;;1;1;CA-8200;9;6;19;2;;;1;1;1;;;1;2
5;6;16;11;11021;;1;1;A-405;28,8;6;12;2;;;1;1;1;;;1;2
6;3;9;11;11021;;1;1;A-405;14;6;2;1;2;CA-9201;1;1;1;;;1;2
6;6;18;11;11021;;1;1;A-405;14,8;6;1;2;;;1;1;1;;;12;2
6;6;23;11;11021;;3;2;No inventariada;;9;7;2;;;1;4;1;;;1;998
12;1;13;11;11021;;3;2;No inventariada;;9;1;1;2;;1;1;1;;;1;998
1;1;20;11;11022;;3;2;No inventariada;;9;2;1;1;;1;1;1;;;1;998
1;3;18;11;11022;;3;2;No inventariada;;9;10;2;;;1;1;1;;;1;998
1;1;13;11;11022;;3;2;No inventariada;;9;4;1;4;;1;1;1;;;1;998
1;1;18;11;11022;;3;2;No inventariada;;9;2;1;1;;1;1;1;;;1;998
1;4;11;11;11022;;3;2;No inventariada;;9;10;2;;;7;1;1;;;1;998
1;5;9;11;11022;;3;2;No inventariada;;9;2;1;1;;1;1;1;;;1;998
1;3;6;11;11022;;1;1;N-351;6,5;5;7;2;;;3;4;2;;;1;1
1;7;18;11;11022;;3;2;No inventariada;;9;7;2;;;1;1;1;;;1;998
2;3;14;11;11022;;1;1;N-351;6,645;5;2;1;4;;1;1;1;;;1;1
1;6;19;11;11022;;3;2;No inventariada;;9;2;1;1;;1;3;1;;;1;998
1;1;11;11;11022;;3;2;No inventariada;;9;4;2;;;1;1;1;;;1;998
1;7;12;11;11022;;3;2;No inventariada;;9;2;1;1;;3;1;3;;;1;998
1;1;11;11;11022;;3;2;No inventariada;;9;7;2;;;1;1;1;;;1;998
1;2;15;11;11022;;3;2;No inventariada;;9;4;2;;;1;1;1;;;1;998
1;5;17;11;11022;;3;2;No inventariada;;9;2;1;1;;1;1;1;;;1;998
1;1;19;11;11022;;3;2;No inventariada;;9;8;1;1;;1;1;1;;;1;998
1;2;13;11;11022;;3;2;No inventariada;;9;7;1;1;;1;1;1;;;1;998
2;6;18;11;11022;;3;2;No inventariada;;9;2;2;;;1;1;1;;;1;998
2;3;8;11;11022;;3;2;No inventariada;;9;9;2;;;1;1;1;;;1;998
2;3;8;11;11022;;3;2;No inventariada;;9;4;2;;;1;1;1;;;1;998
2;4;7;11;11022;;1;1;N-351;7,2;5;7;2;;;1;3;2;;;1;1
2;4;16;11;11022;;3;2;No inventariada;;9;4;2;;;1;1;1;;;1;998
2;4;16;11;11022;;3;2;No inventariada;;9;2;1;1;;1;1;1;;;1;998
2;5;9;11;11022;;3;2;No inventariada;;9;7;1;1;;3;1;3;;;1;998
2;6;18;11;11022;;3;2;No inventariada;;9;2;1;4;;1;1;1;;;1;998
2;2;10;11;11022;;1;1;N-351;5,361;5;4;2;;;1;1;1;;;1;1
2;1;17;11;11022;;3;2;No inventariada;;9;4;2;;;1;1;1;;;1;998
2;2;20;11;11022;;3;2;No inventariada;;9;2;1;1;;1;4;1;;;1;998
2;3;12;11;11022;;3;2;No inventariada;;9;5;2;;;1;1;1;;;1;998
2;7;15;11;11022;;3;2;No inventariada;;9;10;2;;;1;1;1;;;1;998
2;7;17;11;11022;;3;2;No inventariada;;9;2;1;1;;1;1;1;;;1;998
2;2;10;11;11022;;3;2;No inventariada;;9;10;2;;;1;1;1;;;1;998
2;3;10;11;11022;;3;2;No inventariada;;9;3;1;4;;1;1;1;;;1;998
2;5;10;11;11022;;3;2;No inventariada;;9;2;1;1;;1;1;1;;;1;998
2;5;12;11;11022;;3;2;No inventariada;;9;2;2;;;1;1;1;;;1;998
2;4;17;11;11022;;3;2;No inventariada;;9;2;1;1;;1;1;1;;;1;998
2;5;17;11;11022;;3;2;No inventariada;;9;2;1;2;;1;1;1;;;1;998
2;6;13;11;11022;;3;2;No inventariada;;9;2;1;4;;1;1;1;;;1;998
2;1;17;11;11022;;3;2;No inventariada;;9;2;1;1;;1;1;1;;;1;998
2;2;8;11;11022;;3;2;No inventariada;;9;7;2;;;1;1;1;;;1;998
2;2;13;11;11022;;3;2;No inventariada;;9;2;1;1;;1;1;1;;;1;998
2;3;18;11;11022;;3;2;No inventariada;;9;7;2;;;1;1;1;;;6;998
2;4;6;11;11022;;3;2;No inventariada;;9;2;1;4;;1;3;1;;;1;998
3;7;12;11;11022;;3;2;No inventariada;;9;4;1;1;;1;1;1;;;1;998
3;1;17;11;11022;;3;2;No inventariada;;9;3;1;2;;1;1;1;;;1;998
3;2;19;11;11022;;3;2;No inventariada;;9;2;1;2;;1;2;1;;;1;998
3;5;17;11;11022;;3;2;No inventariada;;9;2;1;4;;1;1;1;;;1;998
3;4;11;11;11022;;3;2;No inventariada;;9;2;2;;;1;1;1;;;1;998
3;4;14;11;11022;;3;2;No inventariada;;9;3;2;;;1;1;1;;;18;998
3;1;18;11;11022;;3;2;No inventariada;;9;7;2;;;1;1;1;;;1;998
3;2;16;11;11022;;3;2;No inventariada;;9;7;2;;;1;1;1;;;1;998
3;3;21;11;11022;;3;2;No inventariada;;9;2;1;1;;1;4;1;;;1;998
3;4;8;11;11022;;3;2;No inventariada;;9;2;1;4;;1;1;1;;;1;998
3;5;19;11;11022;;3;2;No inventariada;;9;4;2;;;1;3;1;;;1;998
4;4;8;11;11022;;3;2;No inventariada;;9;2;1;1;;1;1;1;;;1;998
4;4;7;11;11022;;3;2;No inventariada;;9;10;2;;;8;2;1;;;6;998
4;5;0;11;11022;;3;2;No inventariada;;9;10;2;;;1;4;1;;;1;998
4;6;12;11;11022;;3;2;No inventariada;;9;10;2;;;1;1;1;;;1;998
4;7;13;11;11022;;3;2;No inventariada;;9;4;2;;;1;1;1;;;1;998
4;1;10;11;11022;;3;2;No inventariada;;9;2;1;1;;1;1;1;;;1;998
4;3;13;11;11022;;3;2;No inventariada;;9;7;1;1;;1;1;1;;;1;998
4;4;8;11;11022;;3;2;No inventariada;;9;4;1;4;;1;1;1;;;1;998
4;6;23;11;11022;;3;2;No inventariada;;9;5;2;;;1;3;1;;;1;998
4;2;8;11;11022;;3;2;No inventariada;;9;4;1;1;;1;2;1;;;1;998
4;2;19;11;11022;;1;1;N-351;5,5;5;2;1;4;;1;1;1;;;1;2
4;5;20;11;11022;;3;2;No inventariada;;9;2;2;;;1;2;1;;;1;998
4;5;20;11;11022;;3;2;No inventariada;;9;2;2;;;1;2;1;;;1;998
4;1;13;11;11022;;3;2;No inventariada;;9;2;1;1;;1;1;1;;;1;998
4;7;17;11;11022;;3;2;No inventariada;;9;7;1;2;;1;1;1;;;1;998
5;2;16;11;11022;;1;1;N-351;7,1;5;2;1;2;;1;1;1;;;1;1
4;2;21;11;11022;;3;2;No inventariada;;9;2;1;1;;1;4;7;;;12;998
4;1;12;11;11022;;3;2;No inventariada;;9;7;1;4;;1;1;1;;;1;998
4;4;15;11;11022;;3;2;No inventariada;;9;10;1;4;;1;1;1;;;1;998
4;4;16;11;11022;;3;2;No inventariada;;9;2;1;1;;1;1;1;;;1;998
4;4;23;11;11022;;3;2;No inventariada;;9;10;1;4;;1;4;1;;;1;998
4;2;12;11;11022;;3;2;No inventariada;;9;2;2;;;1;1;1;;;1;998
4;2;18;11;11022;;3;2;No inventariada;;9;2;1;2;;1;1;1;;;9;998
5;3;1;11;11022;;3;2;No inventariada;;9;2;1;1;;1;4;1;;;1;998
5;3;14;11;11022;;3;2;No inventariada;;9;10;2;;;8;1;1;;;1;998
5;5;8;11;11022;;1;1;N-351;4,842;5;2;2;;;1;1;1;;;1;1
5;4;9;11;11022;;3;2;No inventariada;;9;2;1;4;;1;1;1;;;1;998
5;6;13;11;11022;;3;2;No inventariada;;9;10;2;;;1;1;1;;;1;998
5;1;16;11;11022;;3;2;No inventariada;;9;2;1;1;;1;1;1;;;1;998
5;1;22;11;11022;;3;2;No inventariada;;9;10;2;;;1;4;1;;;1;998
5;6;16;11;11022;;1;1;N-351;6,1;5;2;1;4;;1;1;1;;;1;2
5;3;17;11;11022;;3;2;No inventariada;;9;2;1;6;;1;1;1;;;1;998
5;3;18;11;11022;;3;2;No inventariada;;9;4;2;;;1;1;1;;;1;998
5;4;17;11;11022;;3;2;No inventariada;;9;2;1;2;;1;1;1;;;1;998
5;4;18;11;11022;;3;2;No inventariada;;9;4;2;;;1;1;1;;;1;998
5;1;19;11;11022;;3;2;No inventariada;;9;2;1;1;;1;1;1;;;1;998
5;2;7;11;11022;;3;2;No inventariada;;9;2;1;4;;1;1;1;;;1;998
5;2;13;11;11022;;3;2;No inventariada;;9;2;2;;;1;1;1;;;1;998
5;2;19;11;11022;;3;2;No inventariada;;9;2;2;;;1;1;1;;;1;998
5;5;13;11;11022;;3;2;No inventariada;;9;2;2;;;1;1;1;;;1;998
5;7;8;11;11022;;3;2;No inventariada;;9;2;1;1;;1;3;1;;;1;998
5;7;18;11;11022;;3;2;No inventariada;;9;6;2;;;1;1;1;;;1;998
5;1;12;11;11022;;3;2;No inventariada;;9;7;1;2;;1;1;1;;;1;998
5;1;18;11;11022;;3;2;No inventariada;;9;10;2;;;1;1;1;;;1;998
5;4;10;11;11022;;3;2;No inventariada;;9;10;2;;;1;1;1;;;1;998
5;5;14;11;11022;;3;2;No inventariada;;9;4;2;;;1;1;1;;;1;998
6;1;15;11;11022;;1;1;N-351;4,9;5;2;2;;;1;1;1;;;1;1
5;6;0;11;11022;;3;2;No inventariada;;9;4;1;2;;1;4;1;;;1;998
5;6;13;11;11022;;3;2;No inventariada;;9;2;1;4;;1;1;1;;;1;998
5;1;6;11;11022;;3;2;No inventariada;;9;10;1;4;;7;1;1;;;1;998
5;1;8;11;11022;;3;2;No inventariada;;9;2;1;4;;1;1;1;;;1;998
5;2;21;11;11022;;3;2;No inventariada;;9;7;2;;;1;1;1;;;1;998
5;3;17;11;11022;;3;2;No inventariada;;9;16;1;4;;1;1;1;;;1;998
5;5;4;11;11022;;3;2;No inventariada;;9;7;2;;;1;4;1;;;1;998
6;1;6;11;11022;;3;2;No inventariada;;9;6;1;1;;1;2;1;;;1;998
6;1;11;11;11022;;3;2;No inventariada;;13;4;2;;;1;1;1;;;1;998
6;2;8;11;11022;;3;2;No inventariada;;9;4;2;;;1;1;1;;;1;998
6;4;10;11;11022;;3;2;No inventariada;;9;2;1;1;;1;1;1;;;1;998
6;6;18;11;11022;;3;2;No inventariada;;9;1;1;2;;1;1;1;;;1;998
6;2;20;11;11022;;3;2;No inventariada;;9;2;1;2;;1;1;1;;;1;998
6;4;16;11;11022;;3;2;No inventariada;;9;2;2;;;1;1;1;;;1;998
6;5;18;11;11022;;3;2;No inventariada;;9;2;1;2;;1;1;1;;;1;998
6;7;0;11;11022;;3;2;No inventariada;;9;7;2;;;1;4;1;;;1;998
6;7;17;11;11022;;3;2;No inventariada;;9;2;1;1;;1;1;1;;;1;998
6;7;20;11;11022;;3;2;No inventariada;;9;2;1;4;;1;2;1;;;1;998
6;3;8;11;11022;;3;2;No inventariada;;9;2;1;1;;1;1;1;;;1;998
6;3;19;11;11022;;3;2;No inventariada;;9;7;1;2;;1;1;1;;;1;998
6;4;12;11;11022;;3;2;No inventariada;;9;7;2;;;1;1;1;;;1;998
7;1;8;11;11022;;1;1;N-351;6,7;5;3;1;4;;1;1;1;;;1;2
6;4;2;11;11022;;3;2;No inventariada;;9;2;1;2;;1;1;1;;;1;998
6;4;13;11;11022;;3;2;No inventariada;;9;10;1;1;;1;1;1;;;1;998
6;4;20;11;11022;;3;2;No inventariada;;9;2;1;2;;1;1;1;;;1;998
6;5;14;11;11022;;3;2;No inventariada;;9;4;2;;;1;1;1;;;1;998
6;5;15;11;11022;;3;2;No inventariada;;9;10;2;;;2;1;1;;;1;998
7;6;22;11;11022;;1;1;N-351;6,081;5;4;2;;;1;4;1;;;1;1
6;3;11;11;11022;;3;2;No inventariada;;9;7;2;;;1;1;1;;;1;998
6;3;13;11;11022;;3;2;No inventariada;;9;4;1;2;;1;1;1;;;1;998
6;3;19;11;11022;;3;2;No inventariada;;9;4;1;1;;1;1;1;;;1;998
7;1;9;11;11022;;3;2;No inventariada;;9;10;2;;;1;1;1;;;1;998
7;1;21;11;11022;;3;2;No inventariada;;9;3;2;;;1;2;1;;;1;998
7;2;20;11;11022;;3;2;No inventariada;;9;4;2;;;1;2;1;;;1;998
8;4;14;11;11022;;1;1;N-351;7,3;5;2;1;2;N-351;1;1;1;;;1;1
7;2;20;11;11022;;3;2;No inventariada;;9;7;2;;;1;2;1;;;1;998
7;3;9;11;11022;;3;2;No inventariada;;9;4;2;;;1;1;1;;;1;998
7;5;12;11;11022;;3;2;No inventariada;;9;4;2;;;1;1;1;;;1;998
7;1;17;11;11022;;3;2;No inventariada;;9;3;1;2;;1;1;1;;;1;998
7;1;23;11;11022;;3;2;No inventariada;;9;2;1;1;;1;4;1;;;1;998
7;2;10;11;11022;;3;2;No inventariada;;9;4;1;1;;1;1;1;;;1;998
7;2;11;11;11022;;3;2;No inventariada;;9;2;1;1;;1;1;1;;;1;998
7;2;17;11;11022;;3;2;No inventariada;;9;2;1;1;;1;1;1;;;1;998
7;3;19;11;11022;;3;2;No inventariada;;9;4;2;;;1;2;1;;;1;998
7;4;9;11;11022;;3;2;No inventariada;;9;10;1;2;;1;1;1;;;1;998
7;4;15;11;11022;;3;2;No inventariada;;9;10;2;;;1;1;1;;;1;998
7;4;16;11;11022;;3;2;No inventariada;;9;2;1;2;;1;1;1;;;1;998
7;7;11;11;11022;;3;2;No inventariada;;9;10;1;4;;8;1;1;;;1;998
7;2;20;11;11022;;3;2;No inventariada;;9;4;2;;;1;1;1;;;6;998
7;3;8;11;11022;;3;2;No inventariada;;9;10;2;;;8;1;1;;;1;998
7;3;14;11;11022;;3;2;No inventariada;;9;2;1;2;;1;1;1;;;1;998
9;7;0;11;11022;;1;1;N-351;6,6;5;18;2;;;1;4;1;;;1;1
7;5;18;11;11022;;3;2;No inventariada;;9;4;1;2;;1;1;1;;;1;998
9;6;10;11;11022;;1;1;N-351;6,063;5;3;1;4;;1;1;1;;;1;2
7;7;17;11;11022;;3;2;No inventariada;;9;1;1;2;;1;1;1;;;1;998
7;1;9;11;11022;;3;2;No inventariada;;9;4;1;4;;1;1;1;;;1;998
7;4;17;11;11022;;3;2;No inventariada;;9;2;1;1;;1;1;1;;;1;998
7;5;10;11;11022;;3;2;No inventariada;;9;2;1;1;;1;1;1;;;1;998
7;2;17;11;11022;;3;2;No inventariada;;9;2;2;;;1;1;1;;;1;998
7;2;19;11;11022;;3;2;No inventariada;;9;10;1;4;;1;1;1;;;1;998
7;3;13;11;11022;;3;2;No inventariada;;9;2;1;2;;1;1;1;;;1;998
8;4;13;11;11022;;3;2;No inventariada;;9;2;1;2;;1;1;1;;;1;998
8;7;6;11;11022;;3;2;No inventariada;;9;5;1;2;;1;4;1;;;1;998
10;2;21;11;11022;;1;1;N-351;5,5;5;10;1;4;;3;4;3;;;1;1
10;2;18;11;11022;;1;1;N-351;6,6;5;6;2;;;1;1;3;;;1;1
8;2;17;11;11022;;3;2;No inventariada;;9;10;1;4;;1;1;1;;;1;998
8;3;21;11;11022;;3;2;No inventariada;;9;2;1;1;;1;3;1;;;1;998
8;4;15;11;11022;;3;2;No inventariada;;9;4;2;;;1;1;1;;;1;998
8;6;13;11;11022;;3;2;No inventariada;;9;4;2;;;1;1;1;;;1;998
8;7;8;11;11022;;3;2;No inventariada;;9;5;2;;;1;1;1;;;1;998
8;1;7;11;11022;;3;2;No inventariada;;9;20;2;;;1;1;1;;;1;998
8;1;14;11;11022;;3;2;No inventariada;;9;2;1;1;;1;1;1;;;1;998
8;2;11;11;11022;;3;2;No inventariada;;9;2;2;;;1;1;1;;;1;998
8;3;19;11;11022;;3;2;No inventariada;;9;5;2;;;7;1;1;;;1;998
8;5;7;11;11022;;3;2;No inventariada;;9;2;1;4;;1;1;1;;;1;998
8;4;14;11;11022;;3;2;No inventariada;;9;10;2;;;1;1;1;;;1;998
8;1;19;11;11022;;3;2;No inventariada;;9;10;1;4;;1;1;1;;;1;998
8;2;13;11;11022;;3;2;No inventariada;;9;2;1;1;;1;1;1;;;1;998
8;2;13;11;11022;;3;2;No inventariada;;9;7;2;;;1;1;1;;;1;998
8;2;15;11;11022;;3;2;No inventariada;;9;4;2;;;1;1;1;;;1;998
8;2;22;11;11022;;3;2;No inventariada;;9;2;1;1;;1;4;1;;;1;998
8;2;19;11;11022;;3;2;No inventariada;;9;2;1;2;;1;1;1;;;1;998
8;3;10;11;11022;;3;2;No inventariada;;9;7;1;2;;1;1;1;;;1;998
8;3;8;11;11022;;3;2;No inventariada;;9;4;2;;;1;1;1;;;1;998
8;4;9;11;11022;;3;2;No inventariada;;9;2;1;2;;1;1;1;;;1;998
8;4;12;11;11022;;3;2;No inventariada;;9;10;1;4;;1;1;1;;;1;998
8;4;16;11;11022;;3;2;No inventariada;;9;2;1;1;;1;1;1;;;1;998
8;4;19;11;11022;;3;2;No inventariada;;9;2;1;2;;1;1;1;;;1;998
8;4;13;11;11022;;3;2;No inventariada;;9;7;2;;;1;1;1;;;1;998
8;5;18;11;11022;;3;2;No inventariada;;9;7;1;2;;1;1;1;;;1;998
8;5;22;11;11022;;3;2;No inventariada;;9;2;1;1;;1;4;1;;;1;998
8;6;22;11;11022;;3;2;No inventariada;;9;2;1;4;;1;4;1;;;1;998
9;1;12;11;11022;;3;2;No inventariada;;9;7;1;1;;1;1;1;;;1;998
9;2;22;11;11022;;3;2;No inventariada;;9;2;1;2;;1;4;1;;;1;998
9;3;21;11;11022;;3;2;No inventariada;;9;2;1;2;;1;4;1;;;1;998
9;4;11;11;11022;;3;2;No inventariada;;9;2;1;2;;1;1;1;;;1;998
9;4;15;11;11022;;3;2;No inventariada;;9;2;1;2;;1;1;1;;;1;998
9;4;21;11;11022;;3;2;No inventariada;;9;2;1;4;;1;2;1;;;1;998
9;5;13;11;11022;;3;2;No inventariada;;9;2;1;2;;1;1;1;;;1;998
9;7;15;11;11022;;3;2;No inventariada;;9;4;2;;;1;1;1;;;1;998
9;1;9;11;11022;;3;2;No inventariada;;9;3;2;;;1;1;1;;;1;998
9;1;16;11;11022;;3;2;No inventariada;;9;2;1;1;;1;1;1;;;1;998
9;3;12;11;11022;;3;2;No inventariada;;9;2;1;2;;1;1;1;;;1;998
9;3;14;11;11022;;3;2;No inventariada;;9;2;1;2;;1;1;1;;;1;998
9;4;17;11;11022;;3;2;No inventariada;;9;2;1;2;;1;1;1;;;1;998
9;6;0;11;11022;;3;2;No inventariada;;9;2;1;1;;1;4;1;;;1;998
9;3;11;11;11022;;3;2;No inventariada;;9;4;1;2;;1;1;1;;;1;998
9;4;19;11;11022;;3;2;No inventariada;;9;2;1;2;;1;2;1;;;1;998
9;4;20;11;11022;;3;2;No inventariada;;9;2;1;2;;1;2;1;;;1;998
9;5;14;11;11022;;3;2;No inventariada;;9;4;1;4;;1;1;1;;;1;998
9;5;14;11;11022;;3;2;No inventariada;;9;2;1;2;;1;1;1;;;1;998
9;5;22;11;11022;;3;2;No inventariada;;9;6;1;4;;1;4;1;;;1;998
9;5;22;11;11022;;3;2;No inventariada;;9;10;2;;;3;4;1;;;1;998
9;6;14;11;11022;;3;2;No inventariada;;7;2;1;2;;1;1;1;;;1;998
9;6;17;11;11022;;3;2;No inventariada;;9;2;1;1;;1;1;1;;;1;998
9;2;14;11;11022;;3;2;No inventariada;;9;5;1;1;;1;1;1;;;1;998
9;2;17;11;11022;;3;2;No inventariada;;9;3;1;4;;1;1;1;;;1;998
9;3;16;11;11022;;3;2;No inventariada;;9;2;1;4;;1;1;1;;;1;998
9;4;14;11;11022;;3;2;No inventariada;;9;7;1;1;;1;1;2;;;1;998
9;5;8;11;11022;;3;2;No inventariada;;9;2;1;4;;1;2;1;;;1;998
9;6;17;11;11022;;3;2;No inventariada;;9;2;1;2;;1;1;1;;;1;998
9;1;9;11;11022;;3;2;No inventariada;;9;7;2;;;1;1;1;;;6;998
9;1;15;11;11022;;3;2;No inventariada;;9;2;1;1;;1;1;1;;;9;998
10;4;12;11;11022;;3;2;No inventariada;;9;4;2;;;1;1;1;;;1;998
10;4;15;11;11022;;3;2;No inventariada;;9;4;1;4;;1;1;1;;;1;998
10;7;0;11;11022;;3;2;No inventariada;;9;6;1;3;;1;4;1;;;1;998
10;7;6;11;11022;;3;2;No inventariada;;9;3;1;4;;1;4;1;;;1;998
10;2;14;11;11022;;3;2;No inventariada;;9;2;1;4;;1;1;1;;;1;998
10;3;11;11;11022;;3;2;No inventariada;;9;2;1;1;;1;1;1;;;1;998
10;3;15;11;11022;;3;2;No inventariada;;9;2;2;;;1;1;1;;;1;998
10;3;16;11;11022;;3;2;No inventariada;;9;7;2;;;1;1;1;;;1;998
10;7;9;11;11022;;3;2;No inventariada;;9;10;2;;;1;1;1;;;1;998
10;1;18;11;11022;;3;2;No inventariada;;9;2;2;;;1;1;1;;;1;998
10;2;13;11;11022;;3;2;No inventariada;;9;7;1;2;;1;1;1;;;1;998
10;3;16;11;11022;;3;2;No inventariada;;9;1;1;2;;1;1;1;;;1;998
10;4;14;11;11022;;3;2;No inventariada;;9;4;2;;;1;1;1;;;1;998