MES;DIA_SEMANA;HORA;COD_PROVINCIA;COD_MUNICIPIO;ISLA;ZONA;ZONA_AGRUPADA;CARRETERA;KM;TIPO_VIA;TIPO_ACCIDENTE;NUDO;NUDO_INFO;CARRETERA_CRUCE;CONDICION_FIRME;CONDICION_ILUMINACION;CONDICION_METEO;CONDICION_NIEBLA;CONDICION_VIENTO;VISIB_RESTRINGIDA_POR;TRAZADO_PLANTA
10;2;7;11;11022;;3;2;No inventariada;;9;10;1;4;;3;1;1;;;1;998
10;5;16;11;11022;;3;2;No inventariada;;9;2;1;1;;1;1;1;;;1;998
10;2;15;11;11022;;3;2;No inventariada;;9;2;1;1;;1;1;1;;;1;998
10;4;6;11;11022;;3;2;No inventariada;;9;2;1;4;;1;4;1;;;1;998
10;5;20;11;11022;;3;2;No inventariada;;9;2;1;1;;1;4;1;;;1;998
10;6;7;11;11022;;3;2;No inventariada;;9;2;2;;;1;1;1;;;1;998
10;6;12;11;11022;;3;2;No inventariada;;9;2;1;1;;1;1;1;;;1;998
10;2;14;11;11022;;3;2;No inventariada;;9;4;1;1;;1;1;1;;;1;998
11;5;5;11;11022;;3;2;No inventariada;;9;2;1;1;;1;4;1;;;1;998
11;6;16;11;11022;;3;2;No inventariada;;9;10;2;;;1;1;1;;;1;998
11;6;21;11;11022;;3;2;No inventariada;;9;2;1;2;;1;1;1;;;1;998
11;1;12;11;11022;;3;2;No inventariada;;9;16;2;;;1;1;1;;;1;998
11;5;13;11;11022;;3;2;No inventariada;;9;2;1;4;;1;1;1;;;1;998
11;6;9;11;11022;;3;2;No inventariada;;9;10;1;1;;1;1;1;;;1;998
11;1;11;11;11022;;3;2;No inventariada;;9;6;2;;;1;1;1;;;1;998
11;6;13;11;11022;;3;2;No inventariada;;9;1;1;2;;1;1;1;;;1;998
11;6;14;11;11022;;3;2;No inventariada;;9;4;2;;;1;1;1;;;1;998
11;2;15;11;11022;;3;2;No inventariada;;9;4;2;;;1;1;1;;;1;998
11;3;11;11;11022;;3;2;No inventariada;;7;2;1;2;;1;1;1;;;1;998
11;4;12;11;11022;;3;2;No inventariada;;9;10;2;;;8;1;1;;;1;998
11;4;21;11;11022;;3;2;No inventariada;;9;10;2;;;1;4;1;;;1;998
11;6;13;11;11022;;3;2;No inventariada;;9;10;1;1;;1;1;1;;;1;998
12;2;15;11;11022;;3;2;No inventariada;;9;2;1;1;;1;1;1;;;1;998
12;5;22;11;11022;;3;2;No inventariada;;11;4;2;;;1;4;1;;;1;998
12;2;19;11;11022;;3;2;No inventariada;;9;2;1;4;;1;2;1;;;1;998
12;3;11;11;11022;;3;2;No inventariada;;9;3;2;;;1;1;1;;;1;998
12;4;10;11;11022;;3;2;No inventariada;;9;2;2;;;3;1;3;;;1;998
12;7;1;11;11022;;3;2;No inventariada;;9;16;1;2;;3;4;3;;;1;998
1;7;12;11;11023;;3;2;No inventariada;;9;2;1;4;;1;1;1;;;1;998
1;1;1;11;11023;;1;1;A-390;13,5;6;16;2;;;1;6;1;;;1;1
1;2;21;11;11023;;1;1;A-389;1,5;6;4;2;;;1;6;1;;;1;1
1;3;5;11;11023;;1;1;A-389;1,1;6;12;2;;;1;6;1;;;1;1
4;6;0;11;11023;;3;2;No inventariada;;9;16;2;;;1;4;1;;;1;998
4;4;5;11;11023;;1;1;A-390;17,7;6;15;1;4;;1;6;1;;;1;3
5;2;18;11;11023;;3;2;No inventariada;;9;10;1;2;;1;1;1;;;1;998
8;1;17;11;11023;;1;1;A-2228;10,088;6;19;2;;;1;1;1;;;1;1
10;6;17;11;11023;;1;1;A-2228;3,3;6;19;2;;;1;1;1;;;1;1
10;2;6;11;11023;;1;1;A-390;17,76;6;12;1;4;;3;6;2;;;1;2
10;5;20;11;11023;;1;1;A-381;23,1;3;14;2;;;1;6;1;;;1;1
10;7;8;11;11023;;1;1;A-390;13,181;6;3;2;;;1;2;1;;;1;1
10;5;22;11;11023;;3;2;No inventariada;;9;2;1;2;;1;4;1;;;1;998
11;1;3;11;11023;;1;1;A-390;17,8;6;15;1;4;;1;6;1;;;1;1
11;5;22;11;11023;;1;1;A-2225;2;6;8;2;;;1;6;1;;;1;1
1;1;22;11;11024;;1;1;A-384;56,049;6;8;2;;;1;6;1;;;1;2
1;4;7;11;11024;;1;1;CA-9102;0,961;6;19;2;;;3;2;3;;;1;2
3;1;10;11;11024;;1;1;A-384;72,599;6;19;2;;;3;1;3;;;1;2
3;7;10;11;11024;;1;1;A-384;58,1;6;18;2;;;3;1;4;;;5;2
4;6;9;11;11024;;1;1;A-384;57,92;6;14;2;;;3;1;3;;;5;2
4;6;17;11;11024;;1;1;A-384;63,033;6;18;1;2;;1;1;1;;;1;3
6;1;4;11;11024;;1;1;A-384;75,2;6;14;2;;;1;6;1;;;1;2
9;6;16;11;11024;;1;1;A-384;63,585;6;13;2;;;3;1;3;;;1;2
9;6;12;11;11024;;1;1;A-384;58,658;6;12;2;;;1;1;1;;;1;3
8;1;21;11;11024;;3;2;No inventariada;;9;2;1;2;;1;3;1;;;18;998
10;4;9;11;11024;;1;1;A-384;77,3;6;18;2;;;3;1;1;;;1;1
10;3;15;11;11024;;1;1;A-384;56,416;6;2;2;;;3;1;3;;;1;3
12;4;8;11;11024;;1;1;A-384;78,6;6;12;1;4;CA-9107;1;1;1;;;1;1
1;1;17;11;11025;;1;1;CA-3200;10,2;6;7;2;;;1;1;1;;;1;1
1;2;8;11;11001;;1;1;CA-6200;11,621;6;18;2;;;3;6;3;;;5;2
7;1;15;11;11023;;1;1;CA-3200;7,7;6;18;2;;;1;1;1;;;18;2
8;3;16;11;11025;;1;1;CA-6200;15;6;18;2;;;1;1;1;;;1;3
9;7;9;11;11025;;1;1;A-389;28,2;6;16;2;;;1;1;1;;;1;2
9;6;14;11;11023;;1;1;CA-3200;1;6;16;2;;;1;1;1;;;1;2
1;3;11;11;11026;;3;2;No inventariada;;14;7;2;;;3;1;2;;1;18;998
6;7;10;11;11026;;1;1;CA-8102;1,883;6;4;2;;;1;1;1;;;1;1
6;3;15;11;11026;;1;1;CA-7103;1,833;6;18;2;;;3;1;3;;;1;2
6;7;16;11;11006;;1;1;A-372;21,122;6;6;2;;;1;1;1;;;1;2
8;6;20;11;11026;;1;1;A-372;24,79;5;2;1;2;;1;2;1;;;1;1
9;6;13;11;11026;;1;1;A-372;24,25;6;2;1;2;;1;1;1;;;1;1
1;7;22;11;11027;;3;2;No inventariada;;14;10;2;;;1;4;1;;;1;998
1;5;12;11;11027;;3;2;No inventariada;;7;4;2;;;1;1;1;;;1;998
1;5;10;11;11027;;3;2;No inventariada;;7;2;2;;;1;1;1;;;1;998
1;1;7;11;11027;;3;2;No inventariada;;9;4;2;;;1;3;1;;;1;998
1;1;11;11;11027;;3;2;No inventariada;;9;3;1;4;;1;1;1;;;1;998
1;2;13;11;11027;;3;2;No inventariada;;7;7;1;4;;1;1;1;;;1;998
1;7;19;11;11027;;3;2;No inventariada;;7;2;1;1;;1;3;1;;;2;998
1;1;13;11;11027;;3;2;No inventariada;;7;2;1;1;;1;1;1;;;2;998
1;3;8;11;11027;;1;1;A-491;24;3;12;2;;;3;1;2;;;4;2
1;5;13;11;11027;;3;2;No inventariada;;7;2;1;4;;1;1;1;;;1;998
1;5;13;11;11027;;3;2;No inventariada;;9;2;1;4;;1;1;1;;;1;998
1;6;21;11;11027;;3;2;No inventariada;;9;2;1;1;;1;1;1;;;2;998
1;6;22;11;11027;;3;2;No inventariada;;9;2;2;;;1;4;1;;;1;998
1;2;13;11;11027;;3;2;No inventariada;;9;7;2;;;1;1;1;;;1;998
1;6;21;11;11027;;3;2;No inventariada;;9;2;1;4;;1;4;1;;;1;998
1;7;15;11;11027;;1;1;A-2002;2,432;6;18;1;2;;1;1;1;;;1;1
1;6;15;11;11027;;3;2;No inventariada;;9;2;1;1;;1;1;1;;;1;998
1;1;11;11;11027;;3;2;No inventariada;;9;2;1;4;;1;1;1;;;1;998
2;7;0;11;11027;;3;2;No inventariada;;9;2;2;;;1;4;1;;;1;998
2;6;11;11;11027;;3;2;No inventariada;;7;2;1;1;;1;1;1;;;1;998
1;7;16;11;11027;;3;2;No inventariada;;14;2;2;;;1;1;1;;;1;998
1;6;10;11;11027;;3;2;No inventariada;;14;2;2;;;1;1;1;;;1;998
2;1;7;11;11027;;3;2;No inventariada;;14;2;2;;;1;3;1;;;1;998
2;4;19;11;11027;;3;2;No inventariada;;14;4;2;;;1;4;1;;;1;998
1;6;8;11;11027;;3;2;No inventariada;;9;7;2;;;1;1;1;;;1;998
1;3;17;11;11027;;3;2;No inventariada;;9;2;1;2;;1;1;1;;;1;998
2;5;8;11;11027;;3;2;No inventariada;;9;7;1;4;;1;1;1;;;1;998
2;6;16;11;11027;;3;2;No inventariada;;9;3;1;4;;1;1;1;;;1;998
1;3;21;11;11027;;3;2;No inventariada;;9;2;2;;;1;3;1;;;1;998
2;2;21;11;11027;;3;2;No inventariada;;14;2;2;;;1;4;1;;;1;998
2;2;15;11;11027;;3;2;No inventariada;;14;4;2;;;1;1;1;;;1;998
2;7;22;11;11027;;3;2;No inventariada;;9;2;1;4;;1;3;1;;;2;998
2;6;15;11;11027;;1;1;A-2078;5,9;6;7;2;;;1;1;1;;;1;1
2;3;18;11;11027;;3;2;No inventariada;;9;2;1;4;;1;1;1;;;2;998
2;4;20;11;11027;;3;2;No inventariada;;14;2;2;;;1;4;1;;;1;998
3;2;15;11;11027;;3;2;No inventariada;;14;2;2;;;1;1;1;;;1;998
2;3;14;11;11027;;3;2;No inventariada;;9;2;1;4;;1;1;1;;;1;998
3;1;8;11;11027;;3;2;No inventariada;;9;4;2;;;1;1;1;;;1;998
3;1;12;11;11027;;3;2;No inventariada;;9;4;2;;;1;1;1;;;1;998
2;2;12;11;11027;;3;2;No inventariada;;9;4;2;;;1;1;1;;;1;998
3;1;15;11;11027;;3;2;No inventariada;;9;4;2;;;1;1;1;;;1;998
2;5;17;11;11027;;3;2;No inventariada;;9;10;2;;;1;1;1;;;1;998
3;5;20;11;11027;;3;2;No inventariada;;9;7;2;;;1;1;1;;;16;998
3;7;16;11;11027;;3;2;No inventariada;;9;19;2;;;1;1;1;;;1;998
3;4;18;11;11027;;1;1;A-2002;4,7;6;3;2;;;1;1;1;;;1;1
2;1;12;11;11027;;3;2;No inventariada;;9;2;1;4;;1;1;1;;;1;998
3;2;10;11;11027;;3;2;No inventariada;;9;4;2;;;1;1;1;;;1;998
3;1;12;11;11027;;3;2;No inventariada;;9;2;1;1;;1;1;1;;;2;998
2;1;13;11;11027;;3;2;No inventariada;;9;4;2;;;1;1;1;;;1;998
3;5;7;11;11027;;3;2;No inventariada;;9;2;1;4;;1;1;1;;;1;998
3;5;17;11;11027;;3;2;No inventariada;;9;2;1;1;;1;1;1;;;1;998
3;1;6;11;11027;;3;2;No inventariada;;14;10;2;;;1;3;1;;;1;998
3;6;13;11;11027;;3;2;No inventariada;;9;2;1;4;;1;1;1;;;1;998
3;3;14;11;11027;;3;2;No inventariada;;9;2;1;4;;1;1;1;;;1;998
3;5;16;11;11027;;3;2;No inventariada;;9;4;2;;;1;1;1;;;1;998
4;1;13;11;11027;;3;2;No inventariada;;9;4;2;;;1;1;1;;;1;998
3;3;22;11;11027;;3;2;No inventariada;;9;18;2;;;1;6;1;;;10;998
3;1;15;11;11027;;3;2;No inventariada;;9;7;2;;;1;1;1;;;1;998
4;2;14;11;11027;;3;2;No inventariada;;9;4;2;;;1;1;1;;;1;998
3;5;14;11;11027;;3;2;No inventariada;;9;2;1;4;;1;1;1;;;1;998
3;7;11;11;11027;;3;2;No inventariada;;9;2;1;1;;1;1;1;;;1;998
3;5;9;11;11027;;3;2;No inventariada;;9;2;1;4;;1;1;1;;;1;998
4;6;14;11;11027;;3;2;No inventariada;;14;2;2;;;1;1;1;;;1;998
4;6;22;11;11027;;3;2;No inventariada;;9;2;1;4;;1;4;1;;;1;998
4;3;15;11;11027;;3;2;No inventariada;;9;7;2;;;1;1;1;;;6;998
4;7;16;11;11027;;3;2;No inventariada;;14;16;2;;;1;1;1;;;1;998
3;3;12;11;11027;;3;2;No inventariada;;9;7;2;;;1;1;1;;;1;998
4;3;21;11;11027;;3;2;No inventariada;;9;10;2;;;1;3;1;;;1;998
4;7;15;11;11027;;1;1;A-2001;2,663;6;19;2;;;1;1;1;;;1;1
4;6;18;11;11027;;3;2;No inventariada;;9;4;2;;;1;1;1;;;1;998
4;4;7;11;11027;;3;2;No inventariada;;9;7;2;;;1;2;1;;;1;998
4;3;7;11;11027;;3;2;No inventariada;;9;9;1;4;;1;3;1;;;1;998
4;3;8;11;11027;;3;2;No inventariada;;9;6;2;;;1;1;1;;;1;998
4;3;14;11;11027;;3;2;No inventariada;;9;2;1;4;;1;1;1;;;1;998
4;5;22;11;11027;;3;2;No inventariada;;7;1;2;;;3;4;3;;;1;998
4;3;17;11;11027;;3;2;No inventariada;;9;10;2;;;1;1;1;;;1;998
4;2;18;11;11027;;3;2;No inventariada;;9;20;2;;;1;1;1;;;1;998
4;4;18;11;11027;;3;2;No inventariada;;9;7;2;;;1;1;1;;;1;998
4;1;16;11;11027;;3;2;No inventariada;;9;2;1;4;;1;1;1;;;1;998
5;4;15;11;11027;;3;2;No inventariada;;7;10;1;2;;1;1;1;;;1;998
5;5;22;11;11027;;1;1;A-491R1;4,1;6;6;1;4;;1;5;1;;;1;1
4;6;20;11;11027;;3;2;No inventariada;;9;4;2;;;1;2;1;;;1;998
3;3;12;11;11027;;3;2;No inventariada;;7;7;2;;;1;1;1;;;1;998
5;4;10;11;11027;;3;2;No inventariada;;9;2;1;1;;1;1;1;;;1;998
5;1;16;11;11027;;3;2;No inventariada;;9;2;1;4;;1;1;1;;;1;998
5;5;18;11;11027;;3;2;No inventariada;;7;6;2;;;1;1;1;;;1;998
5;3;8;11;11027;;1;1;A-491;20,26;3;10;1;4;A-491R1;7;1;1;;;1;1
5;4;6;11;11027;;3;2;No inventariada;;9;2;1;2;;1;4;1;;;2;998
5;7;11;11;11027;;3;2;No inventariada;;14;6;2;;;1;1;1;;;1;998
4;6;22;11;11027;;3;2;No inventariada;;14;20;2;;;1;4;2;;;1;998
5;3;0;11;11027;;3;2;No inventariada;;9;2;1;1;;1;4;1;;;2;998
4;7;13;11;11027;;3;2;No inventariada;;9;2;1;1;;1;1;1;;;2;998
4;2;11;11;11027;;3;2;No inventariada;;9;2;2;;;1;1;1;;;1;998
4;4;14;11;11027;;3;2;No inventariada;;9;4;2;;;1;1;1;;;1;998
4;2;13;11;11027;;3;2;No inventariada;;9;7;2;;;1;1;1;;;1;998
5;5;15;11;11027;;3;2;No inventariada;;7;1;2;;;1;1;1;;;1;998
5;5;16;11;11027;;3;2;No inventariada;;9;3;1;2;;1;1;1;;;1;998
5;6;15;11;11027;;3;2;No inventariada;;9;2;1;2;;2;1;1;;;1;998
5;3;12;11;11027;;3;2;No inventariada;;14;7;2;;;1;1;1;;;1;998
4;2;16;11;11027;;3;2;No inventariada;;9;2;1;4;;1;1;1;;;1;998
5;3;15;11;11027;;3;2;No inventariada;;9;2;1;2;;1;1;1;;;1;998
4;5;8;11;11027;;3;2;No inventariada;;9;7;1;4;;1;1;1;;;1;998
5;5;12;11;11027;;3;2;No inventariada;;9;2;1;1;;1;1;1;;;1;998
5;5;7;11;11027;;1;1;A-2002;0,6;6;4;2;;;3;2;1;;;1;1
5;1;8;11;11027;;3;2;No inventariada;;14;2;1;1;;1;1;1;;;1;998
5;3;6;11;11027;;3;2;No inventariada;;7;10;1;4;;1;4;1;;;1;998
4;7;15;11;11027;;3;2;No inventariada;;9;6;2;;;1;1;1;;;1;998
4;3;9;11;11027;;3;2;No inventariada;;9;2;2;;;1;1;1;;;1;998
4;2;20;11;11027;;3;2;No inventariada;;9;4;2;;;1;1;1;;;1;998
5;2;15;11;11027;;3;2;No inventariada;;9;2;1;2;;1;1;1;;;1;998
5;7;18;11;11027;;3;2;No inventariada;;9;2;1;1;;1;1;1;;;1;998
5;3;14;11;11027;;3;2;No inventariada;;9;5;2;;;1;1;1;;;1;998
4;3;2;11;11027;;3;2;No inventariada;;9;4;2;;;1;4;1;;;1;998
5;5;15;11;11027;;1;1;A-4;653,935;3;18;2;;;1;1;1;;1;1;1
8;4;23;11;11027;;3;2;No inventariada;;9;2;1;1;;1;4;1;;;2;998
4;2;14;11;11027;;3;2;No inventariada;;9;12;2;;;1;1;1;;;1;998
5;4;15;11;11027;;3;2;No inventariada;;9;2;2;;;1;1;1;;;18;998
5;7;0;11;11027;;3;2;No inventariada;;9;1;2;;;1;4;1;;;1;998
5;3;11;11;11027;;3;2;No inventariada;;7;4;1;4;;1;1;1;;;1;998
5;2;11;11;11027;;3;2;No inventariada;;7;7;2;;;1;1;1;;;1;998
5;3;19;11;11027;;3;2;No inventariada;;9;16;2;;;1;1;1;;;1;998
6;7;19;11;11027;;1;1;A-491;26,7;3;3;2;;;1;1;1;;;1;1
3;6;17;11;11027;;3;2;No inventariada;;14;20;2;;;1;1;1;;;1;998
5;1;16;11;11027;;3;2;No inventariada;;9;2;1;2;;1;1;1;;;1;998
5;2;11;11;11027;;3;2;No inventariada;;9;20;1;1;;1;1;1;;;1;998
6;3;14;11;11027;;3;2;No inventariada;;9;2;1;1;;1;1;1;;;1;998
5;1;15;11;11027;;3;2;No inventariada;;9;2;1;2;;1;1;1;;;1;998
5;1;17;11;11027;;3;2;No inventariada;;9;2;1;1;;1;1;1;;;2;998
4;7;11;11;11027;;3;2;No inventariada;;9;19;1;2;;1;1;1;;;1;998
5;5;8;11;11027;;3;2;No inventariada;;9;4;2;;;1;1;1;;;1;998
6;1;22;11;11027;;3;2;No inventariada;;9;10;1;4;;8;4;1;;;1;998
6;6;5;11;11027;;3;2;No inventariada;;7;2;1;4;;1;4;1;;;1;998
6;6;6;11;11027;;3;2;No inventariada;;7;2;1;1;;1;4;1;;;1;998
6;6;0;11;11027;;3;2;No inventariada;;14;4;2;;;1;4;1;;;1;998
6;4;11;11;11027;;3;2;No inventariada;;14;4;2;;;1;1;1;;;1;998
5;5;14;11;11027;;3;2;No inventariada;;14;2;1;1;;1;1;1;;;2;998
6;1;17;11;11027;;3;2;No inventariada;;9;2;1;1;;1;1;1;;;2;998
6;1;15;11;11027;;3;2;No inventariada;;14;9;2;;;1;1;1;;;1;998
6;1;14;11;11027;;3;2;No inventariada;;14;4;2;;;1;1;1;;;1;998
6;1;23;11;11027;;3;2;No inventariada;;9;10;2;;;1;4;1;;;1;998
6;1;5;11;11027;;1;1;A-2001;0,9;6;6;2;;;1;4;1;;;1;1
6;3;9;11;11027;;3;2;No inventariada;;9;2;1;2;;1;1;1;;;1;998
6;6;0;11;11027;;3;2;No inventariada;;9;2;2;;;1;4;1;;;1;998
6;4;20;11;11027;;3;2;No inventariada;;9;7;2;;;1;2;1;;;6;998
6;2;22;11;11027;;3;2;No inventariada;;9;2;1;2;;1;4;1;;;1;998
6;3;17;11;11027;;3;2;No inventariada;;9;3;1;4;;1;1;1;;;1;998
6;4;7;11;11027;;3;2;No inventariada;;9;4;2;;;1;1;1;;;18;998
6;7;13;11;11027;;3;2;No inventariada;;9;4;2;;;1;1;1;;;18;998
6;4;22;11;11027;;1;1;A-491;27,7;3;12;2;;;1;6;1;;;1;1
6;7;11;11;11027;;3;2;No inventariada;;9;3;1;4;;1;1;1;;;1;998
7;1;7;11;11030;;1;1;A-491;15,595;6;2;1;4;;1;1;1;;;1;2
6;4;12;11;11027;;3;2;No inventariada;;14;3;1;4;;1;1;1;;;1;998
6;5;18;11;11027;;3;2;No inventariada;;14;4;2;;;1;1;1;;;1;998
7;3;16;11;11027;;3;2;No inventariada;;9;10;2;;;8;1;1;;;1;998
7;4;14;11;11027;;1;1;A-491R1;4,05;6;4;2;;;1;1;1;;;1;1
7;6;10;11;11027;;3;2;No inventariada;;7;7;2;;;1;1;1;;;1;998
7;1;23;11;11027;;3;2;No inventariada;;9;3;1;2;;1;4;1;;;1;998
7;6;1;11;11027;;1;1;A-4;654;3;16;2;;;1;6;1;;;1;3
6;7;19;11;11027;;3;2;No inventariada;;9;7;2;;;1;1;1;;;1;998
7;4;19;11;11027;;3;2;No inventariada;;9;2;1;2;;1;1;1;;;1;998
7;5;20;11;11027;;3;2;No inventariada;;14;7;2;;;1;2;1;;;6;998
7;3;23;11;11027;;3;2;No inventariada;;9;2;1;4;;1;4;1;;;1;998
7;2;18;11;11027;;3;2;No inventariada;;9;3;2;;;1;1;1;;;1;998
6;6;13;11;11027;;3;2;No inventariada;;9;2;1;1;;1;1;1;;;2;998
7;5;22;11;11027;;3;2;No inventariada;;7;7;2;;;1;3;1;;;1;998
7;2;20;11;11027;;3;2;No inventariada;;9;4;2;;;1;1;1;;;1;998
7;3;13;11;11027;;1;1;A-491;29,1;3;3;2;;;1;1;1;;;1;1
7;4;12;11;11027;;1;1;A-2078;1,772;6;4;2;;;1;1;1;;;1;1
7;5;15;11;11027;;3;2;No inventariada;;9;2;1;1;;1;1;1;;;18;998
7;1;11;11;11027;;3;2;No inventariada;;9;2;1;1;;1;1;1;;;1;998
7;5;19;11;11027;;3;2;No inventariada;;9;10;1;4;;1;1;1;;;1;998
7;2;17;11;11027;;3;2;No inventariada;;7;4;2;;;1;1;1;;;1;998
7;7;14;11;11027;;3;2;No inventariada;;7;14;2;;;1;1;1;;;1;998
8;6;12;11;11027;;1;1;A-491;24,1;3;5;1;2;;1;1;1;;;1;2
8;7;1;11;11027;;1;1;A-2002;2;6;14;2;;;1;6;1;;;1;1
8;6;14;11;11027;;3;2;No inventariada;;9;7;2;;;1;1;1;;;1;998
8;6;0;11;11027;;3;2;No inventariada;;9;7;2;;;1;4;1;;;1;998
8;5;12;11;11027;;3;2;No inventariada;;7;10;1;2;;1;1;1;;;1;998
7;5;16;11;11027;;3;2;No inventariada;;9;4;2;;;1;1;1;;;1;998
7;6;15;11;11027;;3;2;No inventariada;;9;2;1;1;;1;1;1;;;1;998
7;1;23;11;11027;;3;2;No inventariada;;9;2;1;1;;2;3;1;;;1;998
7;6;22;11;11027;;3;2;No inventariada;;9;7;2;;;1;4;1;;;1;998
8;6;12;11;11027;;1;1;A-2078;3,8;6;5;2;;;1;1;1;;;1;1
7;6;22;11;11027;;3;2;No inventariada;;9;2;1;1;;1;6;1;;;18;998
8;6;18;11;11027;;1;1;A-4;650,2;3;14;2;;;1;1;1;;;1;1
8;5;19;11;11027;;3;2;No inventariada;;14;2;2;;;1;1;1;;;6;998
8;7;16;11;11027;;3;2;No inventariada;;9;2;1;2;;1;1;1;;;2;998
8;7;21;11;11027;;3;2;No inventariada;;9;4;1;4;;1;1;1;;;1;998
8;1;16;11;11027;;3;2;No inventariada;;9;4;2;;;1;1;1;;;1;998
8;6;11;11;11027;;3;2;No inventariada;;9;10;2;;;1;1;1;;;1;998
8;5;13;11;11027;;3;2;No inventariada;;7;2;1;4;;1;1;1;;;1;998
8;7;21;11;11027;;3;2;No inventariada;;9;4;2;;;1;3;1;;;1;998
7;1;2;11;11027;;3;2;No inventariada;;7;2;1;1;;1;4;1;;;1;998
8;3;11;11;11027;;3;2;No inventariada;;7;7;1;1;;1;1;1;;;1;998
8;1;20;11;11027;;3;2;No inventariada;;9;2;1;4;;1;1;1;;;1;998
8;7;0;11;11027;;3;2;No inventariada;;9;2;1;1;;1;4;1;;;1;998
8;1;18;11;11027;;3;2;No inventariada;;14;6;2;;;1;1;1;;;1;998
8;1;20;11;11027;;3;2;No inventariada;;9;2;1;4;;1;1;1;;;1;998
8;2;17;11;11027;;3;2;No inventariada;;9;4;2;;;1;1;1;;;1;998
8;6;20;11;11027;;3;2;No inventariada;;9;10;2;;;1;1;1;;;18;998
9;2;9;11;11027;;1;1;A-4;649,5;3;10;1;4;A-4;7;1;1;;;4;2
9;3;6;11;11028;;1;1;A-4;655,94;3;4;2;;;1;6;1;;;1;1
6;7;14;11;11027;;3;2;No inventariada;;9;7;2;;;1;1;1;;;1;998
6;7;21;11;11027;;3;2;No inventariada;;9;4;2;;;1;4;1;;;1;998
8;6;13;11;11027;;3;2;No inventariada;;9;2;1;2;;1;1;1;;;1;998
9;3;21;11;11027;;3;2;No inventariada;;7;2;1;4;;1;4;1;;;1;998
9;4;15;11;11027;;3;2;No inventariada;;7;10;1;4;;7;1;1;;;1;998
7;1;17;11;11027;;3;2;No inventariada;;9;1;2;;;1;1;1;;;1;998
7;5;17;11;11027;;3;2;No inventariada;;9;3;1;2;;1;1;1;;;1;998
7;3;14;11;11027;;3;2;No inventariada;;9;4;2;;;1;1;1;;;1;998
7;4;10;11;11027;;3;2;No inventariada;;9;4;2;;;1;1;1;;;1;998
7;7;18;11;11027;;3;2;No inventariada;;9;4;2;;;1;1;1;;;1;998
8;1;1;11;11027;;3;2;No inventariada;;9;2;1;4;;1;4;1;;;18;998
9;2;10;11;11027;;3;2;No inventariada;;9;2;1;4;;1;1;1;;;1;998
7;2;13;11;11027;;3;2;No inventariada;;9;7;2;;;1;1;1;;;1;998
7;6;0;11;11027;;3;2;No inventariada;;9;2;2;;;1;4;1;;;1;998
7;2;13;11;11027;;3;2;No inventariada;;9;4;2;;;1;1;1;;;1;998
7;5;19;11;11027;;3;2;No inventariada;;9;3;2;;;1;1;1;;;1;998
9;1;19;11;11027;;3;2;No inventariada;;9;4;2;;;1;1;1;;;1;998
8;3;7;11;11027;;3;2;No inventariada;;9;4;1;1;;1;3;1;;;2;998
8;5;8;11;11027;;3;2;No inventariada;;9;20;2;;;1;1;1;;;1;998
8;7;6;11;11027;;3;2;No inventariada;;9;4;1;4;;1;4;1;;;1;998
9;1;19;11;11027;;3;2;No inventariada;;9;3;1;4;;1;1;1;;;1;998
8;6;17;11;11027;;3;2;No inventariada;;9;2;1;1;;1;1;1;;;2;998
9;6;16;11;11027;;3;2;No inventariada;;9;10;1;4;;3;1;3;;;1;998
7;5;12;11;11027;;3;2;No inventariada;;9;4;2;;;1;1;1;;;1;998
8;2;18;11;11027;;3;2;No inventariada;;9;10;2;;;3;1;1;;;1;998
8;6;21;11;11027;;3;2;No inventariada;;9;4;1;2;;1;3;1;;;1;998
8;6;14;11;11027;;3;2;No inventariada;;9;4;2;;;1;1;1;;;1;998
9;7;16;11;11027;;3;2;No inventariada;;9;2;1;2;;1;1;1;;;2;998
9;2;17;11;11027;;3;2;No inventariada;;9;2;1;1;;1;1;1;;;2;998
9;2;21;11;11027;;3;2;No inventariada;;9;2;1;1;;1;3;1;;;2;998
9;5;23;11;11027;;3;2;No inventariada;;9;2;1;2;;1;3;1;;;1;998
9;3;9;11;11027;;3;2;No inventariada;;9;2;1;2;;1;1;1;;;1;998
9;5;18;11;11027;;3;2;No inventariada;;14;4;2;;;1;1;1;;;1;998
9;2;12;11;11027;;3;2;No inventariada;;9;7;2;;;1;1;1;;;1;998