MES;DIA_SEMANA;HORA;COD_PROVINCIA;COD_MUNICIPIO;ISLA;ZONA;ZONA_AGRUPADA;CARRETERA;KM;TIPO_VIA;TIPO_ACCIDENTE;NUDO;NUDO_INFO;CARRETERA_CRUCE;CONDICION_FIRME;CONDICION_ILUMINACION;CONDICION_METEO;CONDICION_NIEBLA;CONDICION_VIENTO;VISIB_RESTRINGIDA_POR;TRAZADO_PLANTA
9;5;8;11;11027;;3;2;No inventariada;;9;4;1;4;;1;1;1;;;1;998
9;6;0;11;11027;;3;2;No inventariada;;9;2;2;;;1;3;1;;;1;998
9;5;13;11;11027;;3;2;No inventariada;;9;2;1;2;;1;1;1;;;2;998
10;6;19;11;11027;;3;2;No inventariada;;9;7;1;2;;1;1;1;;;6;998
10;7;21;11;11027;;1;1;A-491;27,2;3;19;1;12;A-4;1;6;1;;;1;1
9;1;9;11;11027;;3;2;No inventariada;;9;4;2;;;1;1;1;;;1;998
10;5;8;11;11027;;3;2;No inventariada;;9;2;1;4;;1;1;1;;;1;998
10;2;17;11;11027;;3;2;No inventariada;;9;4;2;;;1;1;1;;;1;998
9;1;19;11;11027;;3;2;No inventariada;;9;2;1;1;;1;1;1;;;2;998
9;5;7;11;11027;;3;2;No inventariada;;9;4;1;4;;1;1;1;;;1;998
10;5;19;11;11027;;3;2;No inventariada;;9;4;1;4;;1;1;1;;;1;998
10;3;18;11;11027;;3;2;No inventariada;;9;10;1;2;;3;1;3;;;1;998
10;3;16;11;11027;;3;2;No inventariada;;9;2;1;2;;3;1;3;;;1;998
10;3;8;11;11027;;3;2;No inventariada;;9;2;1;2;;1;1;1;;;2;998
10;1;11;11;11027;;3;2;No inventariada;;9;2;1;2;;3;1;2;;;1;998
10;7;20;11;11027;;3;2;No inventariada;;9;12;2;;;3;4;2;;;1;998
10;7;14;11;11027;;3;2;No inventariada;;9;4;2;;;1;1;1;;;1;998
10;3;13;11;11027;;3;2;No inventariada;;9;2;1;1;;1;1;1;;;2;998
10;4;10;11;11027;;3;2;No inventariada;;9;4;2;;;1;1;1;;;1;998
10;7;23;11;11027;;3;2;No inventariada;;14;10;2;;;8;6;1;;;4;998
10;1;17;11;11027;;1;1;A-4;649,95;3;4;2;;;1;1;1;;;1;1
10;3;20;11;11027;;3;2;No inventariada;;9;2;2;;;1;1;1;;;1;998
10;1;10;11;11027;;3;2;No inventariada;;9;2;1;1;;1;1;1;;;1;998
11;5;4;11;11027;;1;1;A-491R1;5;6;19;2;;;1;6;2;;;1;1
10;4;22;11;11027;;3;2;No inventariada;;9;2;1;1;;1;3;1;;;2;998
11;7;20;11;11027;;3;2;No inventariada;;9;4;2;;;1;1;1;;;1;998
11;1;17;11;11027;;3;2;No inventariada;;13;4;2;;;1;1;1;;;1;998
11;5;9;11;11027;;3;2;No inventariada;;14;6;2;;;2;1;1;;;4;998
10;5;20;11;11027;;3;2;No inventariada;;9;2;2;;;1;3;1;;;1;998
11;6;18;11;11027;;1;1;A-2078;7,5;6;16;2;;;1;6;1;;;1;1
10;1;8;11;11027;;3;2;No inventariada;;9;6;2;;;1;1;1;;;1;998
11;3;19;11;11027;;1;1;A-2002;0;6;10;2;;;1;1;1;;;1;2
10;3;17;11;11027;;3;2;No inventariada;;9;10;2;;;7;1;1;;;1;998
11;2;0;11;11027;;3;2;No inventariada;;9;2;1;2;;1;4;1;;;2;998
11;1;20;11;11027;;3;2;No inventariada;;9;2;1;4;;1;4;1;;;1;998
11;6;21;11;11027;;3;2;No inventariada;;9;10;1;1;;1;4;1;;;1;998
11;1;17;11;11027;;3;2;No inventariada;;9;2;2;;;1;1;1;;;1;998
11;2;15;11;11027;;3;2;No inventariada;;9;4;2;;;1;1;1;;;1;998
11;2;16;11;11027;;3;2;No inventariada;;9;2;1;2;;1;1;1;;;1;998
11;6;0;11;11027;;3;2;No inventariada;;9;2;1;1;;1;4;1;;;2;998
11;5;5;11;11027;;3;2;No inventariada;;9;6;2;;;1;4;1;;;1;998
11;2;12;11;11027;;3;2;No inventariada;;14;4;2;;;1;1;1;;;1;998
11;6;1;11;11027;;3;2;No inventariada;;9;2;1;4;;1;4;1;;;1;998
11;5;23;11;11027;;3;2;No inventariada;;9;10;2;;;3;4;3;;;1;998
11;2;12;11;11027;;3;2;No inventariada;;14;3;1;4;;1;1;1;;;1;998
11;7;14;11;11027;;3;2;No inventariada;;9;16;2;;;1;1;1;;;1;998
11;6;13;11;11027;;3;2;No inventariada;;9;4;2;;;1;1;1;;;1;998
12;1;17;11;11027;;3;2;No inventariada;;9;2;1;1;;1;1;1;;;1;998
11;2;22;11;11027;;3;2;No inventariada;;9;2;1;4;;1;4;1;;;1;998
12;1;10;11;11027;;3;2;No inventariada;;9;2;1;4;;1;1;1;;;1;998
12;7;16;11;11027;;3;2;No inventariada;;9;7;2;;;1;1;1;;;1;998
12;1;19;11;11027;;3;2;No inventariada;;9;10;2;;;1;4;1;;;1;998
12;3;16;11;11027;;3;2;No inventariada;;9;2;1;4;;1;1;1;;;1;998
12;4;17;11;11027;;3;2;No inventariada;;9;10;1;4;;1;1;1;;;1;998
12;3;8;11;11027;;3;2;No inventariada;;9;2;1;4;;1;1;1;;;1;998
12;4;19;11;11027;;3;2;No inventariada;;9;2;1;2;;1;4;1;;;1;998
12;1;11;11;11027;;3;2;No inventariada;;14;2;2;;;1;1;1;;;1;998
12;7;23;11;11027;;3;2;No inventariada;;14;1;2;;;1;4;1;;;1;998
12;1;20;11;11027;;3;2;No inventariada;;9;2;2;;;1;4;1;;;1;998
12;1;10;11;11027;;3;2;No inventariada;;14;7;2;;;1;1;1;;;1;998
12;1;11;11;11027;;3;2;No inventariada;;14;7;2;;;1;1;1;;;9;998
12;2;23;11;11027;;3;2;No inventariada;;9;2;1;1;;1;4;1;;;2;998
12;6;15;11;11027;;3;2;No inventariada;;9;6;2;;;1;1;1;;;1;998
12;3;19;11;11027;;3;2;No inventariada;;9;8;2;;;1;6;1;;;17;998
12;4;17;11;11027;;3;2;No inventariada;;14;4;2;;;1;1;1;;;6;998
12;6;15;11;11027;;3;2;No inventariada;;9;4;2;;;1;1;1;;;1;998
12;5;17;11;11027;;3;2;No inventariada;;9;3;2;;;1;3;1;;;1;998
12;5;19;11;11027;;3;2;No inventariada;;9;2;1;4;;1;4;1;;;1;998
12;2;19;11;11027;;3;2;No inventariada;;9;3;2;;;1;4;1;;;1;998
1;3;18;11;11028;;1;1;CA-32;1,9;3;12;2;;;1;6;1;;;1;2
1;1;6;11;11028;;1;1;AP-4;99,8;2;4;2;;;1;6;1;;;1;1
2;5;18;11;11028;;3;2;No inventariada;;9;10;1;2;;1;4;2;;;1;998
2;7;20;11;11028;;3;2;No inventariada;;9;3;1;4;;1;4;1;;;18;998
3;6;17;11;11028;;1;1;CA-3113;6,37;6;3;2;;;1;1;2;;;4;2
3;4;16;11;11028;;3;2;No inventariada;;9;2;1;4;;3;1;2;;;1;998
3;6;20;11;11028;;3;2;No inventariada;;9;1;2;;;3;4;2;;;18;998
3;4;15;11;11028;;1;1;A-408;13,792;6;2;1;2;CA-3201;1;1;1;;;1;1
3;5;14;11;11028;;1;1;A-4;669,1;3;4;2;;;1;1;1;;;1;1
3;5;14;11;11028;;1;1;A-4;669,15;3;4;2;;;1;1;1;;;1;1
3;6;0;11;11028;;1;1;A-4;665,75;3;4;2;;;3;6;3;;;1;1
4;1;15;11;11028;;1;1;A-4;666,7;3;12;2;;;1;1;1;;;1;2
4;5;14;11;11028;;1;1;CA-35;3,8;3;4;1;2;CA-35;1;1;1;;1;1;2
4;5;15;11;11028;;1;1;A-4;661,1;3;3;1;2;CA-3202;1;1;1;;;1;1
4;6;13;11;11028;;1;1;CA-35;5,25;3;5;2;;;1;1;1;;;1;1
4;6;16;11;11028;;1;1;A-408;8,6;6;12;2;;;3;1;3;;;4;2
4;3;14;11;11028;;1;1;A-4;669;3;3;2;;;1;1;1;;;1;1
4;3;10;11;11028;;3;2;No inventariada;;9;16;2;;;1;1;1;;;1;998
4;2;22;11;11028;;1;1;CA-3205;0,4;6;10;1;4;A-4;2;6;1;;;1;1
4;7;18;11;11028;;3;2;No inventariada;;9;20;1;1;;1;1;1;;;1;998
5;7;17;11;11028;;1;1;CA-33;12,9;3;10;1;2;A-4;1;1;1;;;1;1
5;1;17;11;11028;;1;1;A-408;15,088;6;12;2;;;1;1;1;;;1;1
5;1;15;11;11028;;1;1;A-4;668,9;8;4;2;;;1;1;1;;;18;1
5;3;12;11;11028;;3;2;No inventariada;;9;1;2;;;1;1;1;;;18;998
6;5;0;11;11028;;1;1;A-4;659;3;10;2;;;1;6;1;;;1;3
6;3;17;11;11028;;1;1;CA-3202;0,619;6;1;2;;;1;1;1;;;1;1
6;5;10;11;11028;;1;1;AP-4;98,104;2;16;2;;;1;1;1;;;1;1
6;5;13;11;11028;;3;2;No inventariada;;9;2;2;;;1;1;1;;;18;998
6;7;15;11;11028;;1;1;CA-33;12,9;3;12;2;;;1;1;1;;;1;1
6;4;12;11;11028;;1;1;AP-4;101;8;4;1;4;A-4;1;1;1;;;1;2
6;5;11;11;11012;;1;1;CA-36;2,05;3;4;2;;;1;1;1;;;1;1
7;7;4;11;11028;;1;1;CA-3205;2,4;6;18;1;2;CA-3204;1;6;1;;;1;2
6;3;18;11;11028;;3;2;No inventariada;;9;2;1;1;;1;1;1;;;1;998
7;2;16;11;11028;;1;1;CA-33;13,1;3;3;1;10;;1;1;1;;;1;2
7;4;11;11;11028;;1;1;A-4;667,5;3;4;2;;;1;1;1;;;1;1
7;6;20;11;11028;;1;1;CA-3205;4,1;6;8;2;;;1;1;1;;;18;2
7;6;12;11;11028;;1;1;A-4;668;3;4;1;12;CA-33;1;1;1;;;1;1
7;7;21;11;11028;;3;2;No inventariada;;9;2;1;1;;1;1;1;;;2;998
7;3;14;11;11028;;1;1;CA-33;11,612;3;4;2;;;1;1;1;;;1;1
8;5;18;11;11028;;1;1;A-4;667,4;3;5;2;;;1;1;1;;;1;1
8;1;0;11;11028;;1;1;A-4;661,1;3;4;2;;;1;6;1;;;1;1
8;6;18;11;11028;;3;2;No inventariada;;9;2;1;1;;1;1;1;;;1;998
8;2;14;11;11028;;1;1;A-4;667,754;3;4;2;;;1;1;1;;;18;1
8;5;3;11;11028;;1;1;CA-33;13;3;14;2;;;1;4;1;;;1;2
8;5;4;11;11028;;3;2;No inventariada;;9;16;2;;;1;4;1;;;1;998
8;5;9;11;11028;;1;1;CA-3205;5;6;2;1;2;;1;1;1;;;1;1
8;2;12;11;11028;;3;2;No inventariada;;9;3;2;;;1;1;1;;;1;998
8;2;12;11;11028;;3;2;No inventariada;;9;2;2;;;1;1;1;;;1;998
8;2;3;11;11028;;3;2;No inventariada;;9;14;2;;;1;5;1;;;18;998
9;7;21;11;11028;;3;2;No inventariada;;9;4;1;4;;1;4;1;;;1;998
9;4;9;11;11028;;1;1;A-4;660,625;3;16;1;4;;3;1;3;;;1;2
9;1;7;11;11028;;3;2;No inventariada;;9;10;2;;;1;1;1;;;1;998
10;2;15;11;11028;;1;1;CA-32;4,439;3;10;2;;;7;1;1;;;4;2
9;4;16;11;11028;;3;2;No inventariada;;9;2;1;4;;1;1;1;;;18;998
9;7;6;11;11028;;3;2;No inventariada;;9;16;1;4;CA-35;1;6;1;;;18;998
10;1;10;11;11028;;3;2;No inventariada;;9;2;1;2;;1;1;1;;;1;998
10;2;23;11;11028;;3;2;No inventariada;;9;19;2;;;1;4;1;;;14;998
10;3;7;11;11028;;3;2;No inventariada;;9;20;2;;;1;4;1;;;18;998
11;3;18;11;11028;;1;1;A-4;668,6;3;4;2;;;1;2;1;;;1;1
11;3;19;11;11028;;1;1;A-4;667,2;3;4;2;;;1;6;1;;;1;2
11;7;5;11;11028;;1;1;AP-4;103,906;2;20;2;;;1;6;1;;;17;1
11;7;19;11;11028;;1;1;AP-4;101,7;2;4;1;2;AP-4;1;6;1;;;1;1
11;4;16;11;11028;;1;1;A-4;658,5;8;16;2;;;3;1;4;;;5;2
11;4;12;11;11028;;3;2;No inventariada;;14;16;2;;;1;1;1;;;1;998
11;6;7;11;11028;;1;1;CA-35;4,5;3;5;2;;;1;4;1;;;1;1
11;6;7;11;11028;;1;1;CA-35;4,6;3;12;2;;;1;4;1;;;1;1
12;7;22;11;11028;;3;2;No inventariada;;9;3;1;4;;1;4;1;;;1;998
12;4;15;11;11028;;1;1;CA-35;0,1;3;5;2;;;1;1;1;;;1;1
12;6;13;11;11028;;1;1;CA-3205;5,323;6;2;2;;;1;1;1;;;1;1
12;3;10;11;11028;;3;2;No inventariada;;9;7;2;;;1;1;1;;;6;998
12;3;13;11;11028;;1;1;A-408;5,3;6;10;2;;;1;1;1;;;1;1
2;5;23;11;11029;;3;2;No inventariada;;9;2;1;1;;1;4;1;;;1;998
2;5;12;11;11029;;3;2;No inventariada;;9;1;1;1;;1;1;1;;;1;998
3;1;17;11;11041;;1;1;CA-8100;1,9;6;15;2;;;3;1;3;;;4;3
1;1;19;11;11030;;3;2;No inventariada;;9;4;2;;;1;4;1;;;18;998
2;7;7;11;11030;;1;1;A-2075;1,302;6;5;2;;;1;2;1;;;18;1
3;3;20;11;11030;;3;2;No inventariada;;9;2;1;2;;1;4;1;;;1;998
4;7;2;11;11030;;1;1;A-491;15,3;5;16;1;4;;1;6;1;;;1;2
5;6;15;11;11030;;1;1;A-2077;4,4;6;4;1;2;;1;1;1;;;1;1
5;5;23;11;11030;;1;1;A-491;15,544;6;4;1;4;A-2078;1;6;1;;;1;3
6;1;13;11;11030;;1;1;A-2077;0,5;6;4;2;;;1;1;1;;;1;1
7;5;17;11;11030;;1;1;CA-3400;1,7;6;3;2;;;1;1;1;;;1;1
7;4;6;11;11030;;1;1;CAMINO EL;13,25;10;19;2;;;1;6;1;;;1;1
7;1;1;11;11030;;1;1;A-2076;2,45;6;4;1;2;;1;6;1;;;1;1
7;6;7;11;11030;;1;1;A-491;5,43;6;4;2;;;1;1;1;;;1;3
8;4;15;11;11030;;1;1;A-2077;0,9;6;19;2;;;1;1;1;;;1;2
8;3;1;11;11030;;1;1;A-491;15,5;6;19;2;;;1;6;1;;;1;2
8;4;2;11;11030;;1;1;A-491;15,65;6;1;2;;;3;6;3;;;1;2
9;1;8;11;11030;;1;1;A-2076;2,59;6;2;1;1;;1;1;1;;;1;1
9;5;21;11;11030;;1;1;A-2076;1,75;6;18;2;;;1;6;1;;;1;1
9;7;8;11;11030;;1;1;A-491;14,5;6;3;2;;;1;1;1;;;1;2
10;4;7;11;11030;;1;1;A-491;15,5;6;2;1;4;A-491;1;6;1;;;1;2
7;2;13;11;11030;;3;2;No inventariada;;9;10;2;;;1;1;1;;;1;998
7;2;14;11;11030;;3;2;No inventariada;;9;4;1;2;;1;1;1;;;1;998
8;7;2;11;11030;;3;2;No inventariada;;9;10;2;;;1;4;1;;;1;998
8;5;17;11;11030;;3;2;No inventariada;;9;3;1;1;;1;1;1;;;1;998
8;5;11;11;11030;;3;2;No inventariada;;9;6;2;;;1;1;1;;;1;998
11;3;12;11;11030;;1;1;A-2076;2;6;10;1;4;;1;1;1;;;1;1
12;7;17;11;11030;;1;1;CA-3400;1,041;6;16;2;;;1;1;1;;;1;2
1;4;19;11;11031;;1;1;CA-33;11,461;3;4;2;;;3;2;4;;;18;1
1;6;7;11;11031;;1;1;CA-33;8,916;3;12;1;2;;1;6;1;;;1;2
1;6;18;11;11031;;3;2;No inventariada;;9;2;2;;;1;3;1;1;;1;998
1;7;16;11;11031;;3;2;No inventariada;;9;3;1;2;;1;1;1;;;1;998
1;3;14;11;11031;;3;2;No inventariada;;9;7;1;2;;1;1;1;;;1;998
1;7;0;11;11031;;3;2;No inventariada;;14;2;1;2;;1;4;1;;;1;998
1;7;21;11;11031;;3;2;No inventariada;;9;2;2;;;1;4;1;;;1;998
1;6;16;11;11031;;3;2;No inventariada;;9;2;1;1;;1;1;1;1;;1;998
1;7;16;11;11031;;3;2;No inventariada;;9;10;2;;;1;1;1;;;1;998
1;3;22;11;11031;;3;2;No inventariada;;9;3;1;4;;1;3;1;1;;1;998
1;7;11;11;11031;;3;2;No inventariada;;9;2;1;1;;1;1;1;;;2;998
2;6;17;11;11031;;3;2;No inventariada;;9;2;1;2;;1;1;1;;;2;998
2;2;23;11;11031;;3;2;No inventariada;;14;2;1;2;;1;4;1;;;1;998
2;4;12;11;11031;;3;2;No inventariada;;9;1;2;;;1;1;1;1;;1;998
1;3;17;11;11031;;3;2;No inventariada;;9;12;1;2;;1;1;1;;;1;998
1;2;15;11;11031;;3;2;No inventariada;;9;2;1;1;;3;1;3;;;2;998
1;7;11;11;11031;;3;2;No inventariada;;9;2;1;1;;1;1;1;;;2;998
2;5;14;11;11031;;3;2;No inventariada;;9;4;2;;;1;1;1;;;1;998
2;6;22;11;11031;;3;2;No inventariada;;9;10;1;4;;2;4;1;;;1;998
2;5;0;11;11031;;3;2;No inventariada;;9;10;2;;;3;4;3;;;1;998
2;3;13;11;11031;;3;2;No inventariada;;9;2;1;1;;1;1;1;;;1;998
2;4;7;11;11031;;3;2;No inventariada;;9;2;1;1;;1;3;1;;;1;998
2;6;15;11;11031;;3;2;No inventariada;;9;2;2;;;1;1;1;;;1;998
3;1;8;11;11031;;3;2;No inventariada;;9;2;1;1;;3;2;2;;;1;998
2;2;17;11;11031;;3;2;No inventariada;;9;2;1;2;;1;1;1;;;1;998
3;2;12;11;11031;;3;2;No inventariada;;9;7;1;2;;1;1;1;;;1;998
3;5;20;11;11031;;3;2;No inventariada;;9;10;2;;;8;3;1;;;1;998
3;7;21;11;11031;;3;2;No inventariada;;9;15;1;2;;1;4;1;;;1;998
2;1;8;11;11031;;3;2;No inventariada;;9;2;1;1;;3;1;2;;;2;998
3;2;14;11;11031;;3;2;No inventariada;;9;2;1;1;;1;1;1;;;2;998
3;3;18;11;11031;;3;2;No inventariada;;9;7;2;;;1;1;2;;;1;998
2;3;10;11;11031;;3;2;No inventariada;;9;2;1;4;;1;1;1;;;1;998
3;1;18;11;11031;;3;2;No inventariada;;9;2;1;2;;1;1;1;1;;9;998
3;5;12;11;11031;;3;2;No inventariada;;9;7;1;2;;3;1;4;;;5;998
4;3;18;11;11031;;3;2;No inventariada;;9;4;2;;;1;2;1;1;;6;998
3;5;11;11;11031;;3;2;No inventariada;;9;2;1;1;;3;1;3;;;1;998
3;2;13;11;11031;;3;2;No inventariada;;9;2;1;1;;1;1;1;;;1;998
3;7;13;11;11031;;3;2;No inventariada;;9;5;2;;;1;1;1;;;1;998
4;6;10;11;11031;;3;2;No inventariada;;9;4;2;;;1;1;1;;;1;998
4;4;8;11;11031;;3;2;No inventariada;;9;4;1;1;;1;1;1;;;6;998
4;2;8;11;11031;;3;2;No inventariada;;9;7;2;;;1;1;1;;;1;998
4;1;11;11;11031;;3;2;No inventariada;;9;4;2;;;1;1;1;;;1;998
4;6;21;11;11031;;3;2;No inventariada;;9;7;2;;;1;4;1;;;1;998
4;2;15;11;11031;;3;2;No inventariada;;14;3;1;4;;1;1;1;;;1;998
5;3;14;11;11031;;3;2;No inventariada;;9;7;2;;;1;1;1;;;9;998
5;1;22;11;11031;;3;2;No inventariada;;9;16;1;2;;1;3;1;;;1;998
5;3;10;11;11031;;3;2;No inventariada;;9;2;1;1;;1;1;1;;;9;998
5;2;20;11;11031;;3;2;No inventariada;;9;4;1;2;;1;1;1;;;1;998
5;1;20;11;11031;;3;2;No inventariada;;9;7;1;1;;1;2;1;;;6;998
5;2;19;11;11031;;3;2;No inventariada;;9;7;2;;;1;1;1;;;1;998
4;3;18;11;11031;;3;2;No inventariada;;9;4;2;;;1;1;1;;;1;998
3;1;9;11;11031;;3;2;No inventariada;;9;7;2;;;1;1;1;;;6;998
4;1;11;11;11031;;3;2;No inventariada;;9;7;2;;;1;1;1;;;1;998
4;4;9;11;11031;;3;2;No inventariada;;9;4;1;2;;1;1;1;;;16;998
4;5;10;11;11031;;3;2;No inventariada;;9;2;1;1;;1;1;1;;;1;998
5;1;10;11;11031;;3;2;No inventariada;;9;7;1;2;;1;1;1;;;1;998
5;3;12;11;11031;;3;2;No inventariada;;9;10;1;4;;1;1;1;;;1;998
5;1;15;11;11031;;3;2;No inventariada;;9;2;1;2;;1;1;1;;;1;998
5;2;23;11;11031;;3;2;No inventariada;;9;7;2;;;1;4;1;;;1;998
5;4;12;11;11031;;3;2;No inventariada;;9;3;2;;;1;1;1;;;1;998
5;6;17;11;11031;;3;2;No inventariada;;9;2;2;;;1;1;1;;;1;998
6;2;8;11;11031;;3;2;No inventariada;;9;2;1;2;;1;1;1;;;1;998
6;6;20;11;11031;;1;1;CA-33;11,05;3;19;2;;;1;1;1;;;1;1
6;7;14;11;11031;;3;2;No inventariada;;9;2;2;;;1;1;1;;;1;998
5;2;9;11;11031;;3;2;No inventariada;;9;2;1;1;;1;1;1;;;2;998
5;5;13;11;11031;;3;2;No inventariada;;9;20;2;;;1;1;1;;;1;998
5;5;15;11;11031;;3;2;No inventariada;;9;2;2;;;1;1;1;;;1;998
4;3;21;11;11031;;3;2;No inventariada;;9;2;1;2;;1;3;1;;;1;998
6;2;13;11;11031;;3;2;No inventariada;;9;4;1;1;;1;1;1;;;1;998
5;1;21;11;11031;;3;2;No inventariada;;9;2;1;1;;1;1;1;;;1;998
6;3;7;11;11031;;3;2;No inventariada;;9;2;1;4;;1;1;1;;;1;998
6;3;14;11;11031;;3;2;No inventariada;;9;4;1;4;;1;1;1;;;1;998
6;1;13;11;11031;;3;2;No inventariada;;9;2;1;2;;1;1;1;;;1;998
6;6;21;11;11031;;3;2;No inventariada;;9;7;2;;;1;2;1;;;1;998
6;7;9;11;11031;;3;2;No inventariada;;9;20;2;;;1;1;1;;;1;998
6;3;18;11;11031;;3;2;No inventariada;;9;2;1;1;;1;1;1;;;1;998
6;4;17;11;11031;;3;2;No inventariada;;9;2;1;4;;1;1;1;;;1;998
7;4;18;11;11031;;3;2;No inventariada;;9;4;2;;;1;1;1;1;;1;998
7;2;8;11;11031;;3;2;No inventariada;;9;7;1;1;;1;1;1;;;1;998
6;4;11;11;11031;;3;2;No inventariada;;11;2;1;2;;1;1;1;;;1;998
7;1;15;11;11031;;3;2;No inventariada;;9;7;2;;;1;1;1;;;1;998
7;2;21;11;11031;;3;2;No inventariada;;9;7;2;;;1;2;1;;;1;998
7;2;17;11;11031;;3;2;No inventariada;;9;2;1;4;;1;1;1;;;1;998
7;2;19;11;11031;;3;2;No inventariada;;9;2;1;2;;1;1;1;;;1;998
7;2;22;11;11031;;3;2;No inventariada;;9;1;1;2;;1;4;1;;;1;998
7;2;11;11;11031;;3;2;No inventariada;;9;4;2;;;1;1;1;;;1;998
7;1;7;11;11031;;3;2;No inventariada;;14;;;;;999;999;999;;;999;998
5;2;11;11;11031;;3;2;No inventariada;;9;4;1;4;;1;1;1;;;1;998
7;3;14;11;11031;;3;2;No inventariada;;9;2;1;2;;1;1;1;;;1;998
6;2;10;11;11031;;3;2;No inventariada;;9;10;2;;;7;1;1;;;1;998
8;2;15;11;11031;;3;2;No inventariada;;9;2;1;2;;1;1;1;;;1;998
8;6;16;11;11031;;1;1;CA-33;7,4;3;10;1;12;CA-33;1;1;1;;;1;1
7;7;22;11;11031;;3;2;No inventariada;;9;4;1;4;;1;4;1;;;1;998
8;7;22;11;11031;;3;2;No inventariada;;9;10;1;2;;1;4;1;;;1;998
8;3;11;11;11031;;1;1;CA-33;6,383;3;5;2;;;1;1;1;;;1;1
8;4;20;11;11031;;3;2;No inventariada;;9;3;2;;;1;1;1;1;;1;998
8;5;8;11;11031;;3;2;No inventariada;;9;4;2;;;1;1;1;;;1;998
8;6;18;11;11031;;3;2;No inventariada;;9;2;1;1;;1;1;1;;;1;998
8;3;0;11;11031;;3;2;No inventariada;;9;10;1;4;;3;4;1;;;1;998
9;2;13;11;11031;;3;2;No inventariada;;9;7;1;2;;1;1;1;;;1;998
9;2;5;11;11031;;3;2;No inventariada;;9;2;1;1;;1;4;1;1;;1;998
9;2;18;11;11031;;3;2;No inventariada;;9;7;2;;;1;1;1;;;1;998
9;7;15;11;11031;;3;2;No inventariada;;14;2;1;2;;1;1;1;;;1;998
9;7;18;11;11031;;3;2;No inventariada;;9;2;1;1;;1;1;1;;;1;998
8;5;18;11;11031;;3;2;No inventariada;;9;2;1;4;;1;3;1;;;1;998
9;6;20;11;11031;;3;2;No inventariada;;9;10;2;;;7;3;1;;;1;998
9;4;12;11;11031;;3;2;No inventariada;;9;5;2;;;1;1;1;;;1;998
9;6;20;11;11031;;3;2;No inventariada;;9;10;2;;;7;4;1;;;1;998
9;6;0;11;11031;;3;2;No inventariada;;9;2;1;4;;1;4;1;;;1;998
8;1;15;11;11031;;3;2;No inventariada;;7;10;1;1;;1;1;1;;;1;998
9;4;17;11;11031;;3;2;No inventariada;;9;2;1;4;;1;1;1;;;1;998
9;2;6;11;11031;;3;2;No inventariada;;9;2;1;4;;1;4;1;;;1;998
8;2;5;11;11031;;3;2;No inventariada;;9;3;1;1;;1;4;1;;;1;998
10;6;13;11;11031;;3;2;No inventariada;;9;10;2;;;1;1;1;;;1;998
9;1;19;11;11031;;3;2;No inventariada;;9;4;1;2;;1;1;1;;;1;998
9;3;12;11;11031;;3;2;No inventariada;;9;2;1;4;;1;1;1;;;1;998
10;6;12;11;11031;;3;2;No inventariada;;14;2;2;;;1;1;1;;;1;998
10;3;9;11;11031;;3;2;No inventariada;;9;7;2;;;1;1;1;;;6;998
10;3;17;11;11031;;3;2;No inventariada;;9;7;1;2;;1;1;1;;;1;998
10;1;11;11;11031;;3;2;No inventariada;;9;20;2;;;1;1;1;;;1;998
11;7;1;11;11031;;3;2;No inventariada;;9;10;2;;;1;4;1;;;1;998
10;3;20;11;11031;;3;2;No inventariada;;9;2;1;1;;3;3;1;;;1;998
11;1;19;11;11031;;3;2;No inventariada;;9;7;1;2;;1;3;1;;;1;998
10;2;18;11;11031;;3;2;No inventariada;;9;3;1;4;;1;4;1;1;;16;998
11;6;11;11;11031;;3;2;No inventariada;;9;20;2;;;1;1;1;;;1;998
11;5;15;11;11031;;3;2;No inventariada;;9;2;2;;;1;1;1;;;1;998
11;1;15;11;11031;;3;2;No inventariada;;9;2;1;1;;1;1;1;;;1;998
11;6;15;11;11031;;1;1;CA-33;9,199;3;5;2;;;1;1;1;;;1;1
10;4;14;11;11031;;3;2;No inventariada;;9;2;1;1;;1;1;1;;;1;998
11;5;14;11;11031;;3;2;No inventariada;;9;2;2;;;1;1;1;;;1;998
11;2;8;11;11031;;3;2;No inventariada;;9;2;1;2;;1;1;1;;;1;998
11;1;18;11;11031;;3;2;No inventariada;;9;7;2;;;1;4;1;;;1;998
11;5;7;11;11031;;3;2;No inventariada;;9;10;1;2;;1;1;1;1;;1;998
11;3;8;11;11031;;3;2;No inventariada;;9;7;2;;;1;1;1;1;;1;998
11;5;21;11;11031;;3;2;No inventariada;;9;4;2;;;1;4;1;;;1;998
11;1;16;11;11031;;3;2;No inventariada;;9;4;2;;;1;1;1;1;;1;998