MES;DIA_SEMANA;HORA;COD_PROVINCIA;COD_MUNICIPIO;ISLA;ZONA;ZONA_AGRUPADA;CARRETERA;KM;TIPO_VIA;TIPO_ACCIDENTE;NUDO;NUDO_INFO;CARRETERA_CRUCE;CONDICION_FIRME;CONDICION_ILUMINACION;CONDICION_METEO;CONDICION_NIEBLA;CONDICION_VIENTO;VISIB_RESTRINGIDA_POR;TRAZADO_PLANTA
11;1;19;11;11031;;3;2;No inventariada;;9;1;1;2;;1;4;1;;;1;998
11;4;16;11;11031;;3;2;No inventariada;;9;7;2;;;1;1;1;;;6;998
12;3;13;11;11031;;3;2;No inventariada;;9;4;2;;;1;1;1;;;1;998
12;4;9;11;11031;;3;2;No inventariada;;9;1;1;2;;1;1;1;;;6;998
11;4;20;11;11031;;3;2;No inventariada;;9;7;1;1;;1;4;1;;;1;998
12;5;17;11;11031;;3;2;No inventariada;;9;20;1;4;;1;1;1;;;1;998
12;3;11;11;11031;;3;2;No inventariada;;9;2;2;;;1;1;1;;;9;998
1;1;14;11;11032;;3;2;No inventariada;;9;16;1;4;;1;1;1;;;18;998
1;3;15;11;11032;;3;2;No inventariada;;9;20;2;;;1;1;1;;;1;998
1;7;6;11;11032;;3;2;No inventariada;;9;3;2;;;1;4;1;;;18;998
1;5;16;11;11032;;3;2;No inventariada;;9;10;2;;;1;1;1;;;1;998
1;6;14;11;11032;;3;2;No inventariada;;9;2;1;1;;1;1;1;;;18;998
1;5;12;11;11032;;3;2;No inventariada;;14;2;2;;;1;1;1;;;1;998
1;4;18;11;11032;;3;2;No inventariada;;9;2;1;1;;1;3;1;;;1;998
1;7;22;11;11032;;3;2;No inventariada;;9;1;1;1;;3;4;1;;;1;998
1;5;9;11;11032;;3;2;No inventariada;;9;2;1;1;;3;1;3;;;2;998
1;5;11;11;11032;;3;2;No inventariada;;9;2;1;1;;3;1;3;;;2;998
1;1;14;11;11032;;3;2;No inventariada;;9;4;2;;;1;1;1;;;1;998
1;2;7;11;11032;;3;2;No inventariada;;9;20;1;1;;1;3;1;;;1;998
1;7;14;11;11032;;3;2;No inventariada;;9;2;1;1;;1;1;1;;;1;998
1;1;16;11;11032;;3;2;No inventariada;;9;4;2;;;1;1;1;;;1;998
1;7;2;11;11032;;3;2;No inventariada;;9;2;1;1;;8;4;1;;;2;998
1;2;15;11;11032;;3;2;No inventariada;;9;2;1;1;;1;1;1;;;1;998
1;2;16;11;11032;;3;2;No inventariada;;9;7;2;;;1;1;1;;;1;998
1;5;17;11;11032;;3;2;No inventariada;;9;10;2;;;1;1;1;;;1;998
1;4;11;11;11032;;3;2;No inventariada;;9;20;2;;;1;1;1;;;1;998
1;1;9;11;11032;;3;2;No inventariada;;9;1;2;;;1;1;1;;;1;998
1;7;13;11;11032;;3;2;No inventariada;;9;2;2;;;1;1;1;;;1;998
1;7;12;11;11032;;3;2;No inventariada;;9;20;2;;;1;1;1;;;1;998
1;1;13;11;11032;;3;2;No inventariada;;9;2;2;;;1;1;1;;;18;998
2;4;20;11;11032;;3;2;No inventariada;;9;2;2;;;1;4;1;;;1;998
2;6;18;11;11032;;3;2;No inventariada;;9;3;1;1;;1;2;1;;;1;998
2;6;20;11;11032;;3;2;No inventariada;;9;10;2;;;1;4;1;;;1;998
2;6;15;11;11032;;3;2;No inventariada;;9;7;2;;;1;1;1;;;1;998
1;6;11;11;11032;;3;2;No inventariada;;9;2;1;1;;1;1;1;;;1;998
2;7;5;11;11032;;3;2;No inventariada;;9;16;2;;;1;4;1;;;1;998
2;2;20;11;11032;;3;2;No inventariada;;9;4;2;;;1;3;2;;;18;998
2;2;18;11;11032;;3;2;No inventariada;;9;4;2;;;1;1;1;;;1;998
2;5;11;11;11032;;3;2;No inventariada;;9;7;2;;;3;1;3;;;18;998
2;7;6;11;11032;;1;1;PRACTICO;2,5;10;18;2;;;1;6;2;;;1;1
2;1;10;11;11032;;3;2;No inventariada;;9;3;1;1;;3;1;2;;;1;998
2;3;13;11;11032;;3;2;No inventariada;;9;2;1;1;;1;1;1;;;1;998
2;5;16;11;11032;;3;2;No inventariada;;9;3;1;1;;1;1;1;;;2;998
2;5;22;11;11032;;3;2;No inventariada;;9;10;2;;;1;3;1;;;18;998
2;1;17;11;11032;;3;2;No inventariada;;9;3;2;;;1;1;1;;;2;998
2;4;19;11;11032;;3;2;No inventariada;;9;10;2;;;3;3;3;;;1;998
2;5;17;11;11032;;3;2;No inventariada;;9;2;1;1;;1;1;1;;;1;998
2;6;16;11;11032;;3;2;No inventariada;;9;7;2;;;1;1;1;;;1;998
2;4;1;11;11032;;3;2;No inventariada;;9;4;2;;;1;4;1;;;1;998
2;5;15;11;11032;;3;2;No inventariada;;9;10;2;;;1;3;1;;;1;998
2;7;10;11;11032;;3;2;No inventariada;;9;7;1;2;;1;1;1;;;6;998
2;7;9;11;11032;;3;2;No inventariada;;9;2;1;1;;1;1;1;;;2;998
2;2;15;11;11032;;3;2;No inventariada;;9;20;2;;;1;1;1;;;1;998
2;2;12;11;11032;;3;2;No inventariada;;9;2;2;;;1;1;1;;;1;998
2;6;1;11;11032;;3;2;No inventariada;;9;15;2;;;1;4;1;;;1;998
1;2;15;11;11032;;3;2;No inventariada;;9;4;2;;;3;1;3;;;1;998
1;2;20;11;11032;;3;2;No inventariada;;9;15;2;;;3;4;2;;;18;998
2;2;9;11;11032;;3;2;No inventariada;;9;10;1;2;;1;1;1;;;2;998
2;2;17;11;11032;;3;2;No inventariada;;9;10;2;;;8;1;1;;;1;998
2;4;8;11;11032;;3;2;No inventariada;;9;2;1;1;;1;3;1;;;1;998
3;6;13;11;11032;;3;2;No inventariada;;9;2;2;;;2;1;2;;;1;998
3;5;14;11;11032;;3;2;No inventariada;;9;3;1;1;;1;1;1;;;1;998
2;3;13;11;11032;;3;2;No inventariada;;9;10;2;;;1;1;1;;;1;998
3;5;22;11;11032;;3;2;No inventariada;;9;10;2;;;1;4;1;;;1;998
3;3;17;11;11032;;3;2;No inventariada;;9;4;2;;;1;1;1;;;1;998
2;1;15;11;11032;;3;2;No inventariada;;9;3;2;;;1;1;1;;;1;998
3;7;9;11;11032;;3;2;No inventariada;;9;4;1;4;;1;1;1;;;1;998
3;3;16;11;11032;;3;2;No inventariada;;9;4;2;;;1;1;1;;;1;998
3;2;11;11;11032;;3;2;No inventariada;;9;10;2;;;1;1;1;;;1;998
3;4;13;11;11032;;3;2;No inventariada;;9;6;2;;;1;1;1;;;18;998
3;6;14;11;11032;;3;2;No inventariada;;9;10;2;;;8;1;1;;;18;998
3;1;23;11;11032;;3;2;No inventariada;;9;16;2;;;1;6;1;;;1;998
3;2;19;11;11032;;3;2;No inventariada;;9;4;2;;;1;3;1;;;1;998
3;5;18;11;11032;;3;2;No inventariada;;9;7;2;;;1;1;2;;;18;998
3;6;17;11;11032;;3;2;No inventariada;;9;3;1;1;;1;1;1;;;1;998
3;4;5;11;11032;;3;2;No inventariada;;9;6;2;;;3;4;2;;;18;998
3;4;17;11;11032;;3;2;No inventariada;;9;6;2;;;8;1;3;;;1;998
3;4;18;11;11032;;3;2;No inventariada;;9;6;2;;;3;3;4;1;;1;998
3;6;10;11;11032;;3;2;No inventariada;;9;7;1;1;;3;1;3;;;1;998
3;3;10;11;11032;;3;2;No inventariada;;14;19;2;;;1;1;2;;;1;998
3;3;13;11;11032;;3;2;No inventariada;;9;7;2;;;1;1;2;;;1;998
4;3;10;11;11032;;3;2;No inventariada;;9;10;2;;;1;1;1;;;1;998
4;4;8;11;11032;;3;2;No inventariada;;9;10;2;;;1;3;1;1;;1;998
4;4;15;11;11032;;3;2;No inventariada;;9;2;1;2;;1;1;1;;;1;998
3;1;20;11;11032;;3;2;No inventariada;;9;10;2;;;1;4;1;;;1;998
4;1;13;11;11032;;3;2;No inventariada;;9;3;2;;;1;1;1;;;1;998
4;2;20;11;11032;;3;2;No inventariada;;9;3;1;2;;1;3;1;;;1;998
4;3;15;11;11032;;3;2;No inventariada;;9;2;2;;;1;1;1;;;1;998
4;2;17;11;11032;;3;2;No inventariada;;9;4;2;;;1;1;1;;;1;998
4;7;3;11;11032;;3;2;No inventariada;;9;10;2;;;1;4;1;;;18;998
4;6;18;11;11032;;3;2;No inventariada;;9;7;2;;;1;1;1;;;1;998
4;6;21;11;11032;;3;2;No inventariada;;9;2;1;2;;1;4;1;;;1;998
4;2;19;11;11032;;3;2;No inventariada;;9;10;2;;;1;1;1;;;1;998
4;4;22;11;11032;;3;2;No inventariada;;9;6;2;;;1;4;1;;;1;998
4;3;11;11;11032;;3;2;No inventariada;;9;2;1;1;;1;1;1;;;2;998
4;4;13;11;11032;;3;2;No inventariada;;9;2;1;1;;1;1;1;;;18;998
4;4;13;11;11032;;3;2;No inventariada;;9;2;1;4;;1;1;1;;;17;998
4;2;20;11;11032;;3;2;No inventariada;;9;7;2;;;1;2;1;;;1;998
4;5;18;11;11032;;3;2;No inventariada;;9;10;1;2;;1;1;2;;;1;998
4;1;8;11;11032;;3;2;No inventariada;;9;10;2;;;1;1;1;;;1;998
4;1;17;11;11032;;1;1;A-2077;10;6;2;1;4;A-480;1;1;1;;;1;1
2;1;17;11;11032;;3;2;No inventariada;;9;3;1;1;;1;1;1;;;1;998
4;7;22;11;11032;;3;2;No inventariada;;9;10;2;;;1;4;1;;;1;998
4;4;12;11;11032;;3;2;No inventariada;;9;10;2;;;1;1;1;;;1;998
4;4;9;11;11032;;3;2;No inventariada;;9;10;1;1;;1;1;1;;;18;998
4;2;19;11;11032;;3;2;No inventariada;;9;4;2;;;1;1;1;;;1;998
4;2;16;11;11032;;3;2;No inventariada;;9;3;2;;;1;1;1;;;1;998
4;1;12;11;11032;;3;2;No inventariada;;9;4;2;;;1;1;1;;;1;998
4;1;19;11;11032;;3;2;No inventariada;;9;20;2;;;1;1;1;;;1;998
5;6;13;11;11032;;3;2;No inventariada;;9;10;2;;;8;1;1;;;1;998
5;6;17;11;11032;;3;2;No inventariada;;14;4;2;;;1;1;1;;;1;998
1;6;17;11;11032;;3;2;No inventariada;;14;20;2;;;1;1;1;;;1;998
4;2;19;11;11032;;3;2;No inventariada;;9;7;2;;;1;2;1;;;9;998
4;1;21;11;11032;;3;2;No inventariada;;9;3;1;4;;1;1;1;;;1;998
5;2;8;11;11032;;3;2;No inventariada;;9;2;1;1;;1;1;1;;;18;998
5;2;18;11;11032;;3;2;No inventariada;;9;19;2;;;1;1;1;;;1;998
5;7;21;11;11032;;3;2;No inventariada;;9;4;2;;;1;3;1;;;9;998
5;5;10;11;11032;;3;2;No inventariada;;9;10;2;;;1;1;1;;;1;998
5;5;10;11;11032;;3;2;No inventariada;;9;6;1;2;;1;1;1;;;1;998
5;6;10;11;11032;;3;2;No inventariada;;9;4;2;;;1;1;1;;;1;998
5;6;11;11;11032;;3;2;No inventariada;;9;2;1;1;;1;1;1;;;2;998
4;2;22;11;11032;;3;2;No inventariada;;9;3;2;;;1;1;1;;;1;998
5;1;22;11;11032;;1;1;C-441A;65,5;6;7;2;;;1;6;1;;;1;1
5;3;6;11;11032;;3;2;No inventariada;;9;2;1;2;;1;3;1;;;1;998
5;4;10;11;11032;;3;2;No inventariada;;9;4;2;;;1;1;1;;;1;998
5;2;19;11;11032;;3;2;No inventariada;;9;3;1;1;;1;1;1;;;1;998
5;4;13;11;11032;;1;1;A-480;4,1;3;2;1;4;;1;1;1;;;1;1
5;5;15;11;11032;;3;2;No inventariada;;9;10;2;;;1;1;1;;;1;998
5;5;21;11;11032;;3;2;No inventariada;;9;10;2;;;2;3;1;;;1;998
5;1;22;11;11032;;3;2;No inventariada;;9;3;2;;;1;4;1;;;1;998
5;4;20;11;11032;;3;2;No inventariada;;9;10;2;;;8;1;1;;;1;998
5;2;14;11;11032;;3;2;No inventariada;;9;4;1;2;;1;1;1;;;1;998
3;2;18;11;11032;;3;2;No inventariada;;9;2;1;2;;1;1;1;;;1;998
3;5;15;11;11032;;3;2;No inventariada;;9;10;2;;;1;1;1;;;1;998
5;1;10;11;11032;;3;2;No inventariada;;9;10;2;;;1;1;1;;;1;998
5;2;18;11;11032;;3;2;No inventariada;;9;20;2;;;1;1;1;;;18;998
5;1;10;11;11032;;3;2;No inventariada;;9;2;1;4;;1;1;1;;;1;998
5;7;0;11;11032;;3;2;No inventariada;;9;3;2;;;1;4;1;;;18;998
5;7;22;11;11032;;3;2;No inventariada;;9;10;2;;;8;6;1;;;1;998
5;1;21;11;11032;;3;2;No inventariada;;9;4;2;;;1;3;1;;;1;998
5;3;13;11;11032;;3;2;No inventariada;;9;3;2;;;1;1;1;;;1;998
5;3;15;11;11032;;3;2;No inventariada;;9;2;2;;;1;1;1;;;1;998
5;3;15;11;11032;;3;2;No inventariada;;9;4;2;;;1;1;1;;;1;998
5;5;14;11;11032;;3;2;No inventariada;;9;2;1;2;;1;1;1;;;1;998
5;5;8;11;11032;;3;2;No inventariada;;9;6;1;2;;1;1;1;;;1;998
6;2;9;11;11032;;3;2;No inventariada;;14;10;2;;;1;1;1;;;1;998
6;5;13;11;11032;;3;2;No inventariada;;9;20;2;;;1;1;1;;;1;998
6;1;17;11;11032;;3;2;No inventariada;;9;10;2;;;1;1;1;;;1;998
6;2;18;11;11032;;3;2;No inventariada;;9;10;1;4;;1;1;1;;;1;998
6;2;20;11;11032;;3;2;No inventariada;;9;18;2;;;1;1;1;;;1;998
5;4;15;11;11032;;3;2;No inventariada;;9;20;2;;;1;1;1;;;1;998
6;3;9;11;11032;;3;2;No inventariada;;9;1;2;;;1;1;1;;;1;998
6;5;17;11;11032;;1;1;CNO. MONTI;1,8;10;2;1;2;;1;1;1;;;1;1
6;6;13;11;11032;;3;2;No inventariada;;9;4;2;;;1;1;1;;;1;998
6;7;21;11;11032;;1;1;A-471;48,4;6;4;2;;;1;1;1;;;1;1
6;7;17;11;11032;;3;2;No inventariada;;9;3;2;;;1;1;1;;;18;998
6;1;20;11;11032;;3;2;No inventariada;;9;10;2;;;1;1;1;;;18;998
6;2;14;11;11032;;3;2;No inventariada;;9;4;2;;;3;1;3;;;1;998
6;5;13;11;11032;;3;2;No inventariada;;9;20;2;;;1;1;1;;;1;998
6;4;20;11;11032;;3;2;No inventariada;;9;3;2;;;1;1;1;;;1;998
6;5;20;11;11032;;3;2;No inventariada;;9;2;2;;;1;2;1;;;1;998
6;2;9;11;11032;;3;2;No inventariada;;9;10;2;;;2;1;1;;;1;998
6;1;13;11;11032;;3;2;No inventariada;;9;10;1;4;;1;1;1;;;1;998
6;6;17;11;11032;;3;2;No inventariada;;9;2;2;;;1;1;1;;;1;998
6;7;19;11;11020;;1;1;A-471;53;6;4;2;;;1;1;1;;;1;1
6;1;19;11;11032;;3;2;No inventariada;;9;2;1;1;;1;1;1;;;1;998
5;5;12;11;11032;;3;2;No inventariada;;9;10;1;4;;1;1;1;;;1;998
7;4;19;11;11032;;3;2;No inventariada;;9;4;1;2;;1;1;1;;;18;998
7;5;9;11;11032;;3;2;No inventariada;;9;4;2;;;1;1;1;;;1;998
7;1;12;11;11032;;3;2;No inventariada;;9;3;1;1;;1;1;1;;;1;998
7;3;13;11;11032;;3;2;No inventariada;;9;3;1;1;;1;1;1;;;9;998
7;4;20;11;11032;;3;2;No inventariada;;9;10;2;;;1;1;1;;;1;998
7;1;19;11;11032;;3;2;No inventariada;;9;4;2;;;1;1;1;;;1;998
7;1;4;11;11032;;3;2;No inventariada;;9;10;2;;;2;4;1;;;1;998
7;2;11;11;11032;;3;2;No inventariada;;9;10;2;;;1;1;1;;;1;998
7;3;9;11;11032;;3;2;No inventariada;;9;2;1;2;;1;1;1;;;1;998
7;4;8;11;11032;;3;2;No inventariada;;9;10;2;;;1;1;1;;;1;998
7;6;11;11;11032;;3;2;No inventariada;;9;3;1;1;;1;1;1;;;1;998
7;7;17;11;11032;;3;2;No inventariada;;9;2;1;1;;1;1;1;;;18;998
7;7;15;11;11032;;3;2;No inventariada;;9;2;1;2;;1;1;1;;;1;998
7;5;19;11;11032;;3;2;No inventariada;;9;3;1;2;;1;1;1;;;1;998
6;4;19;11;11032;;3;2;No inventariada;;9;4;2;;;1;1;1;;;1;998
7;2;20;11;11032;;3;2;No inventariada;;9;4;2;;;1;1;1;;;1;998
7;4;10;11;11032;;1;1;A-480;4,161;3;2;1;4;A-480;1;1;1;;;1;4
7;2;14;11;11032;;3;2;No inventariada;;9;3;2;;;1;1;1;;;1;998
7;2;15;11;11032;;3;2;No inventariada;;9;2;1;4;;1;1;1;;;1;998
7;4;20;11;11032;;3;2;No inventariada;;9;7;2;;;1;1;1;;;1;998
7;4;21;11;11032;;3;2;No inventariada;;9;2;1;2;;1;1;1;;;1;998
7;5;1;11;11032;;3;2;No inventariada;;9;1;1;2;;1;4;1;;;1;998
7;4;12;11;11032;;3;2;No inventariada;;9;2;1;1;;1;1;1;;;12;998
7;4;14;11;11032;;3;2;No inventariada;;9;7;2;;;1;1;1;;;1;998
7;5;10;11;11032;;3;2;No inventariada;;9;7;2;;;1;1;1;;;2;998
7;7;13;11;11032;;3;2;No inventariada;;9;2;2;;;1;1;1;;;1;998
7;2;15;11;11032;;3;2;No inventariada;;9;9;1;4;;1;1;1;;;1;998
5;5;13;11;11032;;3;2;No inventariada;;9;5;2;;;1;1;1;;;1;998
7;5;4;11;11032;;3;2;No inventariada;;9;2;1;1;;1;4;1;;;2;998
8;6;19;11;11032;;3;2;No inventariada;;9;10;2;;;1;1;1;;;1;998
8;2;16;11;11032;;3;2;No inventariada;;9;4;2;;;1;1;1;;;1;998
7;1;19;11;11032;;3;2;No inventariada;;14;10;1;4;;7;1;1;;;1;998
8;7;12;11;11032;;3;2;No inventariada;;9;10;2;;;1;1;1;;;1;998
8;6;12;11;11032;;3;2;No inventariada;;9;16;2;;;1;1;1;;;1;998
8;1;17;11;11032;;3;2;No inventariada;;9;10;2;;;1;1;1;;;1;998
8;1;12;11;11032;;3;2;No inventariada;;14;3;1;2;;1;1;1;;;1;998
8;7;0;11;11032;;3;2;No inventariada;;9;9;2;;;1;6;1;;;17;998
8;3;13;11;11032;;3;2;No inventariada;;9;2;1;1;;1;1;1;;;1;998
8;5;21;11;11032;;3;2;No inventariada;;9;2;2;;;1;4;1;;;1;998
8;5;11;11;11032;;3;2;No inventariada;;9;10;2;;;1;1;1;;;11;998
8;5;13;11;11032;;3;2;No inventariada;;9;10;1;2;;1;1;1;;;1;998
8;4;13;11;11032;;3;2;No inventariada;;9;10;2;;;1;1;1;;;1;998
8;3;13;11;11032;;3;2;No inventariada;;9;4;1;1;;1;1;1;;;1;998
8;4;9;11;11032;;3;2;No inventariada;;9;7;2;;;1;1;1;;;2;998
8;1;11;11;11032;;3;2;No inventariada;;9;2;2;;;1;1;1;;;1;998
8;5;22;11;11032;;3;2;No inventariada;;9;10;2;;;1;4;1;;;1;998
8;1;0;11;11032;;3;2;No inventariada;;9;10;2;;;2;6;1;;;18;998
8;7;8;11;11032;;3;2;No inventariada;;9;10;2;;;7;1;1;;;1;998
8;1;12;11;11032;;3;2;No inventariada;;9;3;1;1;;1;1;1;;;1;998
8;6;15;11;11032;;3;2;No inventariada;;14;10;2;;;1;1;1;;;1;998
8;6;2;11;11032;;1;1;A-2077;8,459;6;16;2;;;1;6;1;;;1;1
8;5;0;11;11032;;3;2;No inventariada;;9;19;2;;;1;6;1;;;4;998
8;3;14;11;11032;;3;2;No inventariada;;9;1;1;1;;1;1;1;;;1;998
8;3;14;11;11032;;3;2;No inventariada;;9;2;1;1;;1;1;1;;;1;998
9;4;9;11;11032;;3;2;No inventariada;;9;2;1;1;;1;1;1;;;2;998
8;6;13;11;11032;;3;2;No inventariada;;9;2;1;1;;1;1;1;;;9;998
9;5;17;11;11032;;3;2;No inventariada;;9;10;1;2;;1;1;1;;;1;998
9;7;23;11;11032;;3;2;No inventariada;;9;7;1;2;;1;4;1;;;1;998
9;2;18;11;11032;;3;2;No inventariada;;9;2;2;;;1;1;1;;;1;998
8;2;14;11;11032;;3;2;No inventariada;;9;3;1;1;;1;1;1;;;1;998
9;3;9;11;11032;;1;1;PRACTICO;5,5;10;4;2;;;1;1;1;;;1;1
8;6;0;11;11032;;3;2;No inventariada;;9;4;1;1;;1;4;1;;;1;998
9;6;11;11;11032;;3;2;No inventariada;;9;10;2;;;1;1;1;;;18;998
9;4;15;11;11032;;3;2;No inventariada;;9;2;1;1;;1;1;1;;;1;998
9;4;19;11;11032;;3;2;No inventariada;;9;7;2;;;1;1;1;;;1;998
9;6;13;11;11032;;3;2;No inventariada;;9;10;2;;;1;1;1;;;2;998
9;5;15;11;11032;;3;2;No inventariada;;9;20;2;;;1;1;1;;;1;998
5;3;4;11;11032;;3;2;No inventariada;;9;16;2;;;1;4;1;;;1;998
5;3;22;11;11032;;3;2;No inventariada;;9;9;2;;;1;4;1;;;1;998
5;4;18;11;11032;;3;2;No inventariada;;9;9;2;;;7;1;1;;;1;998
5;4;23;11;11032;;3;2;No inventariada;;9;4;2;;;1;4;1;;;1;998
5;5;10;11;11032;;3;2;No inventariada;;9;1;2;;;1;1;1;;;1;998
9;3;16;11;11032;;3;2;No inventariada;;9;3;1;1;;1;1;1;;;2;998
9;4;17;11;11032;;3;2;No inventariada;;9;10;1;1;;1;1;1;;;1;998
9;5;16;11;11032;;3;2;No inventariada;;9;19;2;;;1;1;1;;;1;998
10;2;15;11;11032;;3;2;No inventariada;;9;3;2;;;1;1;1;;;1;998
10;2;11;11;11032;;3;2;No inventariada;;9;7;2;;;3;1;2;;;1;998
10;3;19;11;11032;;3;2;No inventariada;;9;10;1;2;;3;1;2;;;1;998
10;5;11;11;11032;;1;1;PRACTICO;2;10;18;2;;;3;1;3;;;1;1
10;7;21;11;11032;;3;2;No inventariada;;9;10;2;;;8;6;1;;;17;998
10;1;7;11;11032;;3;2;No inventariada;;9;7;2;;;3;4;3;;;5;998
10;2;8;11;11032;;3;2;No inventariada;;9;4;2;;;1;1;2;;;1;998
10;5;11;11;11032;;3;2;No inventariada;;9;3;1;2;;1;1;1;;;1;998
10;4;8;11;11032;;1;1;A-480;4,1;3;20;1;4;;1;2;1;;;1;2
10;1;22;11;11032;;3;2;No inventariada;;9;2;1;2;;1;4;1;;;2;998
10;3;22;11;11032;;3;2;No inventariada;;9;2;2;;;1;6;3;;;18;998
10;6;21;11;11032;;3;2;No inventariada;;9;4;2;;;1;4;1;;;1;998
10;7;19;11;11032;;3;2;No inventariada;;9;2;1;4;;1;1;1;;;1;998
10;4;11;11;11032;;3;2;No inventariada;;9;2;1;1;;1;1;1;;;1;998
10;4;17;11;11032;;3;2;No inventariada;;9;15;2;;;1;1;1;;;1;998
10;6;9;11;11032;;3;2;No inventariada;;9;2;1;1;;1;1;1;;;6;998
10;3;15;11;11032;;3;2;No inventariada;;9;7;2;;;1;1;1;;;1;998
10;3;19;11;11032;;3;2;No inventariada;;9;10;2;;;2;1;1;;;1;998
10;5;23;11;11032;;3;2;No inventariada;;9;2;1;1;;1;4;1;;;2;998
10;1;13;11;11032;;3;2;No inventariada;;9;2;1;4;;3;1;2;;;1;998
10;1;9;11;11032;;3;2;No inventariada;;9;7;2;;;1;1;1;;;6;998
10;6;23;11;11032;;3;2;No inventariada;;9;4;2;;;1;4;1;;;1;998
11;5;20;11;11032;;3;2;No inventariada;;9;10;2;;;3;4;2;;;1;998
10;5;13;11;11032;;3;2;No inventariada;;9;4;2;;;1;1;1;;;1;998
11;1;17;11;11032;;1;1;A-480;4,156;3;2;1;4;;1;1;1;;;1;2
11;5;15;11;11032;;3;2;No inventariada;;9;7;2;;;1;1;1;;;1;998
11;1;13;11;11032;;3;2;No inventariada;;9;3;2;;;1;1;1;;;1;998
11;2;15;11;11032;;3;2;No inventariada;;9;20;2;;;1;1;1;;;1;998
11;2;13;11;11032;;3;2;No inventariada;;9;3;1;2;;1;1;1;;;1;998
11;3;12;11;11032;;3;2;No inventariada;;9;10;2;;;7;1;1;;;1;998
10;3;16;11;11032;;3;2;No inventariada;;9;10;2;;;1;1;1;;;1;998
11;7;12;11;11032;;3;2;No inventariada;;9;1;2;;;3;1;2;;;2;998
11;5;17;11;11032;;3;2;No inventariada;;9;4;1;4;;1;1;1;;;1;998
11;5;14;11;11032;;3;2;No inventariada;;9;2;1;1;;1;1;1;;;2;998
11;1;16;11;11032;;3;2;No inventariada;;9;5;2;;;1;1;1;;;1;998
7;3;16;11;11032;;3;2;No inventariada;;9;10;2;;;2;1;1;;;1;998
8;5;16;11;11032;;3;2;No inventariada;;9;10;1;2;;1;1;1;;;2;998
8;6;12;11;11032;;3;2;No inventariada;;9;10;1;4;;1;1;1;;;1;998
8;4;13;11;11032;;3;2;No inventariada;;9;4;2;;;1;1;1;;;1;998
11;4;7;11;11032;;1;1;A-480;8,338;3;8;2;;;1;6;1;;;1;1
11;2;22;11;11032;;3;2;No inventariada;;9;2;1;1;;1;5;1;;;1;998
11;5;9;11;11032;;3;2;No inventariada;;9;10;2;;;1;1;1;;;1;998
11;5;9;11;11032;;3;2;No inventariada;;9;7;2;;;1;1;1;;;1;998
10;4;21;11;11032;;3;2;No inventariada;;9;3;2;;;1;4;1;;;1;998
11;1;8;11;11032;;3;2;No inventariada;;9;6;2;;;1;1;2;;;1;998
11;1;9;11;11032;;3;2;No inventariada;;9;10;2;;;3;1;3;;;1;998
11;2;17;11;11032;;3;2;No inventariada;;9;3;1;2;;1;1;1;;;2;998
11;4;17;11;11032;;3;2;No inventariada;;9;3;2;;;1;1;1;;;1;998
11;2;8;11;11032;;3;2;No inventariada;;9;10;2;;;2;1;1;;;1;998
11;2;8;11;11032;;3;2;No inventariada;;9;10;2;;;2;1;1;;;1;998
11;5;8;11;11032;;3;2;No inventariada;;9;3;2;;;1;1;1;;;1;998
11;5;19;11;11032;;3;2;No inventariada;;9;20;1;1;;1;4;1;;;1;998
11;5;22;11;11032;;3;2;No inventariada;;9;20;2;;;1;4;1;;;1;998
11;5;16;11;11032;;3;2;No inventariada;;9;3;2;;;1;1;1;;;1;998
12;2;15;11;11032;;3;2;No inventariada;;9;3;1;1;;1;1;1;;;1;998
12;3;19;11;11032;;3;2;No inventariada;;9;7;2;;;1;4;1;;;1;998