MES;DIA_SEMANA;HORA;COD_PROVINCIA;COD_MUNICIPIO;ISLA;ZONA;ZONA_AGRUPADA;CARRETERA;KM;TIPO_VIA;TIPO_ACCIDENTE;NUDO;NUDO_INFO;CARRETERA_CRUCE;CONDICION_FIRME;CONDICION_ILUMINACION;CONDICION_METEO;CONDICION_NIEBLA;CONDICION_VIENTO;VISIB_RESTRINGIDA_POR;TRAZADO_PLANTA
12;2;9;11;11032;;3;2;No inventariada;;9;2;1;2;;1;1;1;;;4;998
12;2;14;11;11032;;3;2;No inventariada;;9;2;2;;;1;1;1;;;1;998
12;5;19;11;11032;;1;1;A-471;51,3;6;3;2;;;1;6;1;;;1;1
12;5;23;11;11032;;3;2;No inventariada;;9;2;1;4;;1;4;1;;;1;998
12;1;15;11;11032;;3;2;No inventariada;;9;19;2;;;1;1;1;;;1;998
12;1;11;11;11032;;3;2;No inventariada;;9;4;2;;;1;1;2;;;1;998
12;1;17;11;11032;;3;2;No inventariada;;9;3;2;;;1;1;1;;;1;998
12;2;8;11;11032;;3;2;No inventariada;;9;2;1;1;;1;1;1;;;6;998
12;4;8;11;11032;;3;2;No inventariada;;9;2;1;2;;1;1;2;;;2;998
12;7;23;11;11032;;3;2;No inventariada;;9;10;2;;;3;4;1;;;1;998
12;4;16;11;11032;;3;2;No inventariada;;9;20;2;;;1;1;1;;;9;998
12;2;15;11;11032;;3;2;No inventariada;;9;20;2;;;1;1;1;;;18;998
12;4;20;11;11032;;3;2;No inventariada;;9;2;1;1;;3;4;3;;;1;998
12;4;20;11;11032;;3;2;No inventariada;;9;1;2;;;3;4;3;;;1;998
12;7;5;11;11032;;1;1;A-2001;15,5;6;8;2;;;1;6;1;;;1;1
11;3;19;11;11032;;3;2;No inventariada;;9;7;1;2;;1;1;1;;;1;998
12;1;13;11;11032;;3;2;No inventariada;;9;2;1;4;;1;1;1;;;1;998
12;3;22;11;11032;;3;2;No inventariada;;9;4;2;;;1;4;1;;;1;998
12;5;9;11;11032;;3;2;No inventariada;;9;10;2;;;3;1;1;;;9;998
12;2;12;11;11032;;3;2;No inventariada;;9;3;2;;;1;1;1;;;1;998
12;3;11;11;11032;;3;2;No inventariada;;9;2;1;1;;1;1;1;;;2;998
12;1;17;11;11032;;3;2;No inventariada;;9;4;1;4;;1;1;1;;;1;998
12;1;18;11;11032;;3;2;No inventariada;;9;10;1;4;;1;3;1;;;1;998
12;2;15;11;11032;;3;2;No inventariada;;9;20;2;;;1;1;1;;;1;998
12;1;21;11;11032;;3;2;No inventariada;;9;10;1;2;;1;4;1;;;1;998
12;7;10;11;11032;;1;1;A-471;45,5;6;1;2;;;1;1;1;;;1;1
12;2;17;11;11032;;3;2;No inventariada;;9;10;2;;;1;1;1;;;1;998
1;7;13;11;11033;;1;1;A-7;1108;3;4;1;10;;1;1;1;;;1;1
1;1;8;11;11033;;1;1;N-351;3,2;6;2;2;;;1;1;1;;;1;1
1;5;18;11;11033;;1;1;CA-9203;4,679;6;16;2;;;1;1;1;;;1;2
1;1;15;11;11033;;3;2;No inventariada;;9;4;1;2;;1;1;1;;;1;998
2;5;8;11;11033;;1;1;A-7;1108;3;4;2;;;1;1;1;;;1;1
2;1;17;11;11033;;1;1;A-405R2;0,431;6;3;2;;;1;1;1;;1;18;1
2;3;15;11;11033;;2;2;N-351;4,187;6;2;2;;;1;1;1;;;1;1
3;7;0;11;11033;;1;1;CA-34;0;3;10;2;;;3;6;3;;1;1;2
2;5;22;11;11033;;3;2;No inventariada;;9;2;1;4;;3;4;3;;;18;998
3;7;18;11;11033;;1;1;A-7;1094,895;3;4;2;;;1;1;1;;;1;1
3;4;8;11;11033;;3;2;No inventariada;;9;2;2;;;1;1;1;;;1;998
3;6;0;11;11033;;1;1;A-7;1106,396;7;4;2;;;1;6;1;;;1;3
3;7;22;11;11033;;1;1;A-7;1109,091;3;19;2;;;3;6;3;;;1;2
3;1;14;11;11033;;3;2;No inventariada;;9;7;2;;;1;1;1;;;9;998
3;7;19;11;11033;;3;2;No inventariada;;14;3;2;;;3;4;4;;;1;998
3;3;12;11;11033;;3;2;No inventariada;;9;7;2;;;1;1;1;;;1;998
4;3;12;11;11033;;1;1;N-340a;121;7;16;2;;;1;1;1;;;1;1
4;4;20;11;11033;;3;2;No inventariada;;9;10;2;;;1;1;1;;;1;998
4;1;21;11;11033;;3;2;No inventariada;;14;3;2;;;1;4;1;;;1;998
4;4;17;11;11033;;3;2;No inventariada;;9;2;1;2;;1;1;1;;;1;998
4;1;14;11;11033;;1;1;A-7;1094;3;10;1;4;;7;1;1;;;1;1
4;3;4;11;11033;;1;1;N-340a;119,3;7;8;2;;;1;6;1;;;1;3
5;6;8;11;11033;;1;1;A-7;1105,1;3;12;2;;;1;1;1;;;1;1
5;5;13;11;11033;;1;1;N-340A;124,575;7;2;1;2;;1;1;1;;;1;1
5;4;22;11;11033;;1;1;A-7;1105;3;4;2;;;9;6;7;;;1;1
5;7;4;11;11033;;1;1;A-2102;2,5;6;19;2;;;1;6;1;;;1;2
5;4;18;11;11033;;3;2;No inventariada;;9;12;2;;;1;1;1;;;1;998
6;1;17;11;11033;;1;1;CA-9204;0;6;3;2;;;1;1;1;;;1;3
6;6;8;11;11033;;1;1;A-7;1110,3;3;4;2;;;1;1;1;;;1;2
6;2;16;11;11033;;1;1;N-340a;131;6;1;2;;;1;1;1;;;1;1
6;3;21;11;11033;;3;2;No inventariada;;9;7;2;;;1;3;1;;;9;998
6;5;15;11;11033;;1;1;A-7;1107;3;5;2;;;1;1;1;;;1;1
6;1;8;11;11033;;1;1;A-2102;2,863;6;19;2;;;1;1;1;;;1;1
6;7;6;11;11033;;1;1;A-7;1107,3;3;16;2;;;1;6;1;;;1;2
6;3;8;11;11033;;1;1;N-351;3,165;6;2;2;;;1;1;1;;;1;1
6;1;15;11;11033;;3;2;No inventariada;;9;2;1;1;;1;1;1;;;1;998
6;2;15;11;11033;;3;2;No inventariada;;9;4;2;;;1;1;1;;;1;998
6;6;22;11;11033;;3;2;No inventariada;;9;7;2;;;1;3;1;;;18;998
4;6;19;11;11033;;3;2;No inventariada;;9;2;2;;;1;4;1;;;1;998
6;1;15;11;11033;;3;2;No inventariada;;9;2;1;2;;1;1;1;;;1;998
7;3;0;11;11033;;1;1;A-2102;2,7;6;1;2;;;1;6;1;;;1;2
7;6;21;11;11033;;3;2;No inventariada;;14;2;1;2;;1;2;1;;;1;998
7;2;14;11;11033;;1;1;N-351;4;6;7;2;;;1;1;1;;;9;1
8;5;11;11;11033;;1;1;N-351;3,7;6;1;2;;;1;1;1;;;1;1
8;4;0;11;11033;;1;1;CA-34;1,7;3;18;1;4;CA-34;1;6;1;;;1;1
8;4;16;11;11033;;3;2;No inventariada;;9;4;2;;;1;1;1;;;18;998
8;5;9;11;11033;;1;1;A-7;1096,9;3;14;2;;;1;2;1;;;18;2
8;5;20;11;11033;;3;2;No inventariada;;9;16;2;;;2;1;1;;;1;998
8;2;17;29;29041;;1;1;A-2102;1,7;6;16;2;;;1;1;1;;;1;1
8;2;16;11;11033;;1;1;A-2102;5,7;6;1;2;;;1;1;1;;;1;2
8;3;9;11;11033;;1;1;CA-34;2,8;3;15;1;4;;3;2;1;;;1;2
8;1;12;11;11033;;1;1;A-7;1109;3;3;2;;;1;1;1;;;1;2
8;2;8;11;11033;;1;1;CA-34;2,8;3;16;2;;;1;1;1;;;1;1
8;1;16;11;11033;;3;2;No inventariada;;9;2;2;;;1;1;1;;;1;998
8;6;12;11;11033;;1;1;A-7;1092;3;5;1;2;AP-7;1;1;1;;;1;1
8;1;16;11;11033;;1;1;A-2100;11,2;6;1;2;;;1;1;1;;;4;1
8;3;13;11;11033;;1;1;A-7;1107,848;3;4;2;;;1;1;1;;;1;1
8;3;17;11;11033;;1;1;A-7;1106,5;3;12;2;;;1;1;1;;;1;2
8;6;1;11;11033;;1;1;A-7;1099,392;3;4;2;;;1;5;1;;;1;2
7;4;19;11;11033;;3;2;No inventariada;;9;15;2;;;1;1;1;;;1;998
8;7;22;11;11033;;3;2;No inventariada;;9;7;2;;;1;4;1;;;1;998
9;3;10;11;11033;;3;2;No inventariada;;9;2;1;1;;1;1;1;;;1;998
3;3;20;11;11033;;3;2;No inventariada;;9;16;2;;;3;4;3;;;1;998
9;6;18;11;11033;;1;1;CA-9202;2;6;18;2;;;3;1;4;;;1;2
1;4;12;11;11033;;3;2;No inventariada;;9;2;2;;;1;1;1;;;1;998
1;7;10;11;11033;;3;2;No inventariada;;9;6;2;;;1;1;1;;;1;998
5;3;9;11;11033;;3;2;No inventariada;;9;20;2;;;1;1;2;;;1;998
7;7;15;11;11033;;3;2;No inventariada;;14;2;1;1;;1;1;1;;;18;998
7;1;10;11;11033;;3;2;No inventariada;;9;7;2;;;1;1;1;;;1;998
9;6;21;11;11033;;1;1;A-7;1108,3;3;5;2;;;1;6;1;;;1;1
9;3;18;11;11033;;1;1;A-7;1106,725;7;4;2;;;1;1;1;;;1;1
9;5;17;11;11033;;2;2;N-351;3,393;6;1;2;;;1;1;1;;;18;1
10;3;0;11;11033;;1;1;A-7;1105,461;3;6;2;;;1;5;1;;;1;1
10;5;11;11;11033;;1;1;A-7;1107,8;3;2;1;1;;3;1;4;;;5;1
10;2;8;11;11033;;1;1;A-405;50,993;6;19;2;;;1;1;1;;;1;1
10;2;11;11;11033;;1;1;A-7;1087,5;3;12;2;;;3;1;3;;;1;2
11;1;21;11;11033;;1;1;A-7;1108,1;3;16;1;10;;1;5;2;;;1;1
11;1;15;11;11033;;1;1;A-7;1108,3;3;4;2;;;1;1;1;;;1;1
10;6;17;11;11033;;3;2;No inventariada;;9;2;2;;;3;1;4;;;1;998
8;3;2;11;11033;;3;2;No inventariada;;9;7;2;;;1;4;1;;;1;998
11;6;13;11;11033;;1;1;N-351;3,9;6;3;2;;;1;1;1;;;1;1
11;5;21;11;11033;;3;2;No inventariada;;9;7;1;1;;1;4;1;;;1;998
11;1;14;11;11033;;1;1;A-7;1091;3;2;1;4;;1;1;1;;;1;2
11;5;19;11;11033;;1;1;A-7;1107,155;3;16;2;;;1;6;1;;;1;3
12;1;18;11;11033;;1;1;N-351;4,088;6;3;2;;;1;4;1;;;1;1
12;3;8;11;11033;;1;1;CA-34;1,6;3;4;2;;;1;1;1;;;1;1
12;5;12;11;11033;;1;1;CA-9202;2,8;6;3;1;1;;1;1;1;;;1;1
12;6;8;11;11033;;1;1;N-351;3,8;6;4;2;;;1;2;1;;;18;4
12;6;19;11;11033;;1;1;N-351;4,06;6;5;1;2;;1;4;7;;;18;4
12;3;14;11;11033;;1;1;N-340a;125,1;6;3;1;1;;1;1;1;;;1;1
2;4;7;11;0;;2;2;CA-9113;18,8;6;7;2;;;1;2;1;;;1;1
5;6;16;11;0;;1;1;CA-9122;0,5;6;3;2;;;1;1;1;;;9;1
6;5;0;11;0;;1;1;CA-9122;4,3;6;16;2;;;1;6;1;;;18;2
11;6;16;11;0;;1;1;CA-9121;2,5;6;2;1;2;;1;1;1;;;1;1
12;1;22;11;0;;1;1;CA-9119;1,4;6;1;2;;;8;6;2;;;1;1
1;7;7;11;11035;;1;1;N-340;87,4;6;17;2;;;3;6;1;1;;1;2
1;5;12;11;11035;;1;1;N-340;77,9;6;4;2;;;1;1;1;;;1;1
2;2;19;11;11035;;1;1;N-340;57,45;6;12;2;;;1;1;1;;;1;1
3;5;8;11;11035;;1;1;N-340;91,182;6;16;2;;;3;1;3;;;1;2
3;7;12;11;11035;;1;1;N-340;93,254;6;4;1;2;;3;1;4;;;5;1
4;4;11;11;11035;;3;2;No inventariada;;9;3;1;2;;1;1;1;;;12;998
5;7;4;11;11035;;1;1;N-340;72;6;15;2;;;1;6;1;;;1;1
5;2;9;11;11035;;3;2;No inventariada;;9;7;1;2;;1;1;1;;;1;998
5;1;19;11;11035;;3;2;No inventariada;;9;7;2;;;1;1;1;;;1;998
3;1;18;11;11035;;3;2;No inventariada;;9;2;2;;;1;1;1;;;1;998
5;6;14;11;11035;;3;2;No inventariada;;9;7;1;2;;1;1;1;;;18;998
5;2;16;11;11035;;3;2;No inventariada;;9;10;1;2;;1;1;1;;;1;998
6;6;20;11;11035;;1;1;N-340;75,8;6;2;2;;;1;1;1;;;1;1
6;4;23;11;11035;;1;1;CA-7200;1,317;6;7;2;;;1;4;1;;;1;1
6;7;5;11;11035;;1;1;A-2227;7,68;6;15;2;;;9;6;2;;;18;1
7;3;22;11;11035;;1;1;N-340;76,2;6;4;2;;;1;6;1;;;1;1
6;3;22;11;11035;;3;2;No inventariada;;9;4;2;;;1;1;1;;;1;998
6;4;14;11;11035;;3;2;No inventariada;;9;7;2;;;1;1;1;;;9;998
6;2;11;11;11035;;3;2;No inventariada;;9;7;2;;;1;1;1;;;3;998
7;6;13;11;11035;;1;1;N-340;82,5;6;2;1;2;;1;1;1;;;1;1
7;6;0;11;11035;;1;1;N-340;82,7;6;4;2;;;1;6;1;;;1;1
7;1;16;11;11035;;1;1;CA-7200;0,896;6;12;2;;;1;1;1;;1;18;4
7;4;21;11;11035;;1;1;ACCESO BET;1,5;10;10;2;;;1;1;1;;;1;4
7;1;22;11;11035;;1;1;N-340;78,459;6;4;2;;;1;5;1;;;1;1
8;2;20;11;11035;;1;1;N-340;78,9;6;2;1;2;;1;1;1;;;9;1
8;4;20;11;11035;;1;1;N-340;77,2;6;4;2;;;1;1;1;;;1;1
8;7;22;11;11035;;2;2;N-340;75,3;6;4;1;2;;1;6;1;;;1;1
8;6;16;11;11035;;1;1;N-340;89,9;6;16;2;;;1;1;1;;;1;2
8;2;17;11;11035;;1;1;CA-8202;2,716;6;18;2;;;1;1;1;;;1;1
7;5;23;11;11035;;3;2;No inventariada;;9;2;1;2;;1;4;1;;;1;998
7;3;14;11;11035;;3;2;No inventariada;;9;4;2;;;1;1;1;;;1;998
7;4;8;11;11035;;3;2;No inventariada;;14;16;2;;;2;1;1;;;1;998
8;3;13;11;11035;;3;2;No inventariada;;9;3;2;;;1;1;1;;;9;998
8;2;14;11;11035;;3;2;No inventariada;;9;10;2;;;7;1;1;;;1;998
8;2;19;11;11035;;3;2;No inventariada;;14;18;2;;;8;1;1;;;1;998
8;4;20;11;11035;;3;2;No inventariada;;14;7;2;;;1;1;1;;;1;998
8;6;7;11;11035;;3;2;No inventariada;;9;16;2;;;1;1;1;;;1;998
9;7;14;11;11035;;3;2;No inventariada;;14;7;2;;;1;1;1;;;1;998
9;3;11;11;11035;;3;2;No inventariada;;9;7;2;;;1;1;1;;;1;998
12;1;20;11;11035;;1;1;CA-9210;0,7;6;16;2;;;8;6;2;;;1;2
3;1;9;11;0;;3;2;No inventariada;;9;7;2;;;1;1;1;;;18;998
1;1;9;11;11037;;1;1;A-471;38,5;6;14;2;;;1;1;2;2;;5;1
4;3;17;11;11037;;1;1;A-2000;19;6;1;1;2;A-471;1;1;1;;;1;1
7;3;13;11;11037;;1;1;A-2000;18,141;6;4;2;;;1;1;1;;;1;1
1;6;4;11;11038;;1;1;A-373;38,5;6;14;2;;;1;6;1;;;1;2
4;2;13;11;11038;;1;1;A-373;33,176;6;1;2;;;1;1;1;;;6;2
5;7;9;11;11001;;1;1;A-2304;32,551;6;10;2;;;2;2;1;;;4;2
9;7;14;11;11038;;1;1;A-373;37,511;6;15;2;;;1;1;1;;;1;2
7;5;11;11;11038;;3;2;No inventariada;;9;7;2;;;1;1;1;;;9;998
9;5;9;11;11038;;3;2;No inventariada;;9;10;2;;;1;1;1;;;9;998
12;5;12;11;11038;;3;2;No inventariada;;9;1;2;;;1;1;1;;;1;998
12;5;15;11;11038;;3;2;No inventariada;;9;7;2;;;1;1;1;;;6;998
1;4;13;11;11039;;1;1;N-340;44,2;6;4;1;1;;1;1;1;;;1;1
2;5;13;11;11039;;1;1;A-2230;2,5;6;15;2;;;1;1;1;;;1;2
3;5;15;11;11023;;1;1;A-2228;8,35;6;2;2;;;3;1;3;;;1;2
4;4;10;11;11039;;3;2;No inventariada;;9;4;2;;;1;1;1;;;18;998
4;5;9;11;11039;;1;1;N-340;43,3;6;19;2;;;1;1;1;;;1;2
5;5;18;11;11039;;1;1;A-2229;1;6;10;2;;;8;1;1;;;1;1
5;7;20;11;11039;;1;1;A-314;0,1;6;2;1;4;;1;1;1;;;1;2
6;1;10;11;11023;;1;1;A-2228;8,684;6;18;2;;;1;1;1;;;1;2
6;7;18;11;11039;;1;1;A-2229;0,754;6;16;2;;;1;1;1;;;1;2
7;5;19;11;11023;;1;1;A-2228;1;6;18;2;;;1;1;1;;;4;2
7;7;16;11;11039;;1;1;A-2233;6,14;6;2;1;2;;1;1;1;;;1;1
8;5;11;11;11039;;1;1;A-2233;6,8;6;5;2;;;1;1;1;;;1;1
8;3;12;11;11039;;1;1;N-340;35,806;6;4;2;;;1;1;1;;;1;1
8;6;19;11;11039;;1;1;A-2233;4,6;6;2;1;1;;1;1;1;;;4;2
8;7;6;11;11039;;1;1;A-2233;9,1;6;1;2;;;1;6;1;;;1;2
10;1;19;11;11039;;1;1;A-2230;1,48;6;18;2;;;3;1;3;;;1;2
11;4;13;11;11039;;3;2;No inventariada;;9;7;1;2;;1;1;1;;;4;998
1;3;15;11;11041;;1;1;A-373;5,5;6;4;2;;;1;1;1;;;1;3
1;6;8;11;11010;;1;1;A-384;16,742;6;2;2;;;3;1;2;1;;5;1
3;6;21;11;11041;;1;1;CA-8101;0,1;6;12;1;2;A-384;3;6;1;;;1;2
5;6;12;11;11041;;1;1;A-373;5,887;6;6;2;;;1;1;1;;;1;1
7;3;14;11;11041;;1;1;JABONERO;0;10;2;1;2;;1;1;1;;;1;1
7;7;8;11;11041;;1;1;CAÑADA DE;1,182;14;19;1;2;;1;1;1;;;4;1
9;5;13;11;11041;;1;1;A-373;8,75;6;16;2;;;1;1;1;;;1;2
9;3;12;11;11041;;1;1;A-384;18,949;6;2;1;2;A-384;1;1;1;;;1;1
10;1;12;11;11041;;1;1;A-384;20,45;6;6;2;;;1;1;1;;;1;3
11;2;9;11;11041;;1;1;A-384;17,848;6;5;2;;;1;1;1;;;1;1
1;7;13;11;0;;1;1;A-2300;5,742;6;19;2;;;1;1;1;;;1;1
9;1;18;11;0;;1;1;CA-8102;6,818;5;19;2;;;1;1;1;;;1;1
2;5;9;11;11901;;2;2;A-2228;16;6;6;1;1;;1;1;1;;;1;1
5;2;10;11;11901;;2;2;A-2228;16,5;6;4;1;1;A-2228;1;1;1;;;1;1
5;3;6;11;11901;;2;2;A-2228;15,4;6;2;1;4;A-2228;1;3;1;;;16;1
5;6;14;11;11901;;3;2;No inventariada;;9;4;1;5;;1;1;1;;;1;998
7;5;18;11;11008;;1;1;A-2226;20,688;6;17;2;;;1;1;1;;;1;2
7;6;19;11;11901;;2;2;A-2228;16,5;6;7;1;2;;1;1;1;;;1;3
9;1;14;11;11008;;1;1;A-2226;20,698;6;18;2;;;1;1;1;;;1;1
12;4;7;11;11901;;2;2;A-2228;15,6;6;2;1;4;;1;3;1;;;5;1
3;5;19;11;0;;1;1;A-2201;1,3;6;14;2;;;1;2;1;;;1;2
3;7;16;11;0;;1;1;A-389;14,308;6;5;1;2;;1;1;2;;;1;1
6;7;10;11;0;;1;1;CAMINO;0,001;10;10;2;;;2;1;1;;;1;3
6;7;8;11;0;;1;1;A-2201;8,3;6;10;2;;;1;1;1;;;1;1
7;5;14;11;0;;1;1;A-2003;28,9;6;1;2;;;1;1;1;;;1;2
2;6;13;11;11021;;1;1;A-2101;5,9;6;2;1;2;;3;1;2;;;12;1
5;5;8;12;0;;1;1;CV-170;23;6;14;2;;;1;1;1;;;1;2
7;2;10;12;0;;1;1;CV-171;2,9;6;16;2;;;1;1;1;;;1;2
9;7;19;12;0;;1;1;CV-170;18,2;6;12;2;;;1;1;1;;;4;3
3;3;7;12;0;;1;1;CV-15;30,6;6;16;2;;;1;2;1;;;1;1
7;4;16;12;0;;1;1;CV-130;7,6;6;10;2;;;1;1;1;;;1;2
12;7;9;12;0;;1;1;CV-15;29,181;6;2;1;2;;1;1;1;;;1;1
1;4;6;12;12004;;1;1;CV-1423;1,3;6;19;2;;;1;6;1;;;1;1
1;5;12;12;12004;;1;1;No inventariada;0,1;10;10;2;;;3;1;3;;;1;1
3;1;17;12;12004;;1;1;N-340;1014,1;6;2;2;;;1;1;1;;;1;1
3;6;23;12;12004;;1;1;N-340;1021,108;6;6;2;;;1;6;1;;;1;1
2;3;16;12;12004;;3;2;No inventariada;;9;4;1;4;;1;1;1;;;1;998
3;5;23;12;0;;1;1;AP-7;375;2;19;2;;;1;6;1;;;1;1
3;7;7;12;12004;;3;2;No inventariada;;9;9;1;4;;1;1;1;;;18;998
6;3;7;12;12004;;1;1;AP-7;381,3;2;18;2;;;1;1;1;;;1;1
6;3;9;12;12004;;1;1;N-340;1014,375;6;2;1;2;;1;1;1;;;1;1
6;1;17;12;12004;;1;1;AP-7;384;2;18;2;;;1;1;1;;;1;1
6;1;20;12;12004;;3;2;No inventariada;;9;3;1;4;;1;2;1;;;1;998
6;3;14;12;12004;;3;2;No inventariada;;9;2;2;;;1;1;1;;;9;998
7;4;3;12;12004;;1;1;AP-7;384,7;2;3;2;;;1;6;1;;;1;3
8;6;8;12;12004;;1;1;N-340;1026,7;6;14;2;;;1;1;1;;;18;1
7;7;21;12;12004;;3;2;No inventariada;;9;7;1;2;;1;4;1;;;18;998
8;1;10;12;12004;;1;1;AP-7;379,05;2;17;2;;;1;6;1;;;1;1
8;1;9;12;12004;;1;1;AP-7;388;2;16;2;;;1;1;1;;;1;1
8;3;7;12;12004;;1;1;AP-7;390,029;2;4;2;;;1;2;1;;;1;1
8;6;11;12;12004;;1;1;CV-1423;2,396;6;19;1;4;;1;1;1;;;1;1
9;6;2;12;0;;1;1;AP-7;374,916;2;18;2;;;1;6;1;;;1;1
9;6;16;12;12004;;1;1;CV-1423;2,2;6;15;2;;;3;1;3;;;1;2
10;4;16;12;12004;;1;1;N-340;1014,22;6;4;2;;;3;1;2;;;1;1
8;5;19;12;12004;;3;2;No inventariada;;9;7;2;;;1;1;1;;;1;998
1;2;20;12;12005;;1;1;CV-190;9,437;6;16;2;;;1;6;1;;;18;2
1;7;12;12;12005;;1;1;CV-165;2,5;6;10;2;;;1;1;1;;;1;2
2;4;16;12;12005;;1;1;CV-16;13,2;6;20;1;4;CV-16;1;1;1;;;1;1
4;2;5;12;12005;;1;1;CV-190;8,8;6;15;2;;;1;6;1;;;1;2
4;4;20;12;12005;;1;1;CV-190;11,725;6;18;2;;;1;2;1;;;1;1
4;4;11;12;12005;;1;1;CV-21;3,9;6;4;2;;;1;1;1;;;1;1
4;7;4;12;12005;;1;1;CV-190;7,3;6;16;2;;;3;6;2;;;1;2
5;2;17;12;0;;1;1;CV-16;7,6;5;5;1;4;;1;1;7;;;1;1
6;2;6;12;12005;;1;1;CV-190;8,5;6;8;2;;;1;2;2;;;1;1
7;6;12;12;12005;;1;1;CV-21;5,1;6;10;2;;;3;1;3;;;1;2
7;7;17;12;12005;;3;2;No inventariada;;9;10;2;;;1;1;1;;;1;998
7;3;8;12;12005;;1;1;CV-190;9,532;6;4;2;;;1;1;1;;;1;1
8;5;5;12;12005;;1;1;CV-21;0,699;6;19;2;;;1;6;1;;;18;2
8;2;1;12;12005;;3;2;No inventariada;;9;7;1;1;;1;4;1;;;16;998
9;2;19;12;12005;;1;1;CV-190;7;6;2;1;4;;1;1;2;;;18;2
9;3;11;12;12005;;3;2;No inventariada;;9;7;2;;;1;1;2;;;1;998
11;4;9;12;12005;;1;1;CV-190;11,072;6;4;2;;;1;1;1;;;1;1
10;5;17;12;12005;;3;2;No inventariada;;9;7;2;;;1;1;1;;;1;998
12;5;17;12;12005;;1;1;CV-188;5,583;6;19;2;;;1;2;1;;;1;2
11;3;17;12;0;;3;2;No inventariada;;9;7;2;;;1;1;1;;;6;998
12;2;14;12;0;;1;1;CV-230;17,8;6;18;2;;;1;1;1;;;1;2
1;6;13;12;0;;1;1;CV-215;7,6;6;16;2;;;1;1;1;;;1;1
8;4;14;12;0;;1;1;No inventariada;0,5;10;12;2;;;1;1;1;;;1;3
1;2;15;12;12009;;1;1;N-340;970;6;10;1;4;;7;1;1;;;1;2
1;2;9;12;12009;;3;2;No inventariada;;9;7;1;2;;1;1;1;;;1;998
1;2;12;12;12009;;3;2;No inventariada;;9;7;2;;;1;1;1;;;1;998
2;4;12;12;12009;;3;2;No inventariada;;9;1;2;;;1;1;1;;;1;998
2;3;8;12;12009;;3;2;No inventariada;;9;2;1;1;;1;1;1;;;1;998
2;3;16;12;12009;;3;2;No inventariada;;9;2;1;1;;1;1;1;2;;1;998
2;2;21;12;12009;;3;2;No inventariada;;9;2;1;1;;1;4;1;;;1;998
3;2;17;12;12009;;3;2;No inventariada;;9;7;2;;;1;1;1;;;1;998
3;3;22;12;12009;;1;1;N-340;970;6;7;2;;;1;6;1;;;3;2
3;7;10;12;12009;;1;1;BENAFELI;7,74;10;2;1;1;;1;1;1;;;1;1
4;5;15;12;12009;;1;1;N-340a;970,285;6;4;1;4;;1;1;1;;;1;1
4;3;6;12;12009;;3;2;No inventariada;;14;16;2;;;1;1;1;;;1;998
4;5;17;12;12009;;3;2;No inventariada;;9;2;1;1;;1;1;1;;;1;998
4;4;10;12;12009;;1;1;CV-1840;0,001;6;2;1;4;CV-18;1;1;1;;;1;3
5;5;22;12;12040;;1;1;CV-10;16,25;3;7;2;;;1;6;1;;;1;1
3;6;11;12;12009;;3;2;No inventariada;;9;4;2;;;1;1;1;;;1;998
3;6;13;12;12009;;3;2;No inventariada;;14;4;2;;;1;1;1;;;1;998
3;5;12;12;12009;;3;2;No inventariada;;9;7;2;;;1;1;1;;;1;998
4;1;15;12;12009;;3;2;No inventariada;;9;7;2;;;1;1;1;;;18;998
6;1;17;12;12009;;1;1;AP-7;435,02;2;4;2;;;1;1;2;;;1;1
6;2;13;12;12009;;1;1;N-340a;971;6;10;1;2;;4;1;4;1;;5;1
7;4;8;12;12009;;1;1;CV-18;2,875;5;18;2;;;1;1;1;;;1;1
7;3;17;12;12009;;1;1;DE BENAFEL;2,3;10;2;2;;;1;1;1;;;1;1
7;7;12;12;12009;;1;1;CV-1840;0,2;6;18;2;;;1;1;1;;;4;1
7;5;15;12;12009;;3;2;No inventariada;;14;2;2;;;2;1;1;;;1;998
7;3;14;12;12009;;1;1;CV-18;2,822;5;6;2;;;1;1;1;;;1;1
4;4;0;12;12009;;3;2;No inventariada;;9;6;2;;;1;4;1;;;1;998
8;7;20;12;12009;;3;2;No inventariada;;9;4;1;1;;1;1;1;;;1;998
8;1;11;12;12009;;3;2;No inventariada;;9;7;2;;;1;5;1;;1;1;998
9;3;18;12;12040;;1;1;N-225;49,429;6;3;1;4;;1;1;1;;;1;2
4;7;12;12;12009;;3;2;No inventariada;;9;2;1;1;;1;1;1;;;1;998
9;5;12;12;12009;;1;1;CAMI BENAF;0,5;10;4;1;2;;1;6;1;;;1;1
9;3;16;12;12009;;1;1;N-340a;971,3;6;4;2;;;1;1;1;;;1;1
4;1;16;12;12009;;3;2;No inventariada;;14;2;1;2;;1;1;1;;;1;998
4;3;15;12;12009;;3;2;No inventariada;;9;2;2;;;1;1;1;;;1;998
4;2;16;12;12009;;3;2;No inventariada;;9;2;2;;;1;1;1;;;1;998
5;6;11;12;12009;;3;2;No inventariada;;9;20;2;;;1;1;1;;;1;998
5;3;19;12;12009;;3;2;No inventariada;;9;2;1;1;;1;1;1;;;1;998
5;4;12;12;12009;;3;2;No inventariada;;9;2;1;1;;1;1;1;;;1;998
6;5;14;12;12009;;3;2;No inventariada;;9;20;2;;;1;1;1;;;1;998
6;1;9;12;12009;;3;2;No inventariada;;9;2;1;1;;1;1;1;;;1;998
6;2;10;12;12009;;3;2;No inventariada;;9;2;1;1;;1;1;1;;;1;998
6;5;13;12;12009;;3;2;No inventariada;;9;2;1;2;;1;1;1;;;1;998
6;6;13;12;12009;;3;2;No inventariada;;14;2;1;2;;1;1;1;;;1;998
6;1;22;12;12009;;3;2;No inventariada;;9;2;1;1;;1;4;1;;;1;998
6;4;22;12;12009;;3;2;No inventariada;;9;7;2;;;1;4;1;;;1;998
7;2;9;12;12009;;3;2;No inventariada;;9;2;1;1;;1;1;1;;;1;998
7;4;12;12;12009;;3;2;No inventariada;;9;2;1;1;;1;1;1;;;1;998
8;7;20;12;12009;;3;2;No inventariada;;9;20;2;;;1;1;1;;;1;998
10;3;13;12;12009;;3;2;No inventariada;;9;2;1;1;;1;1;1;;;1;998
9;6;20;12;12009;;3;2;No inventariada;;9;7;2;;;1;4;1;;;1;998