MES;DIA_SEMANA;HORA;COD_PROVINCIA;COD_MUNICIPIO;ISLA;ZONA;ZONA_AGRUPADA;CARRETERA;KM;TIPO_VIA;TIPO_ACCIDENTE;NUDO;NUDO_INFO;CARRETERA_CRUCE;CONDICION_FIRME;CONDICION_ILUMINACION;CONDICION_METEO;CONDICION_NIEBLA;CONDICION_VIENTO;VISIB_RESTRINGIDA_POR;TRAZADO_PLANTA
10;4;23;12;12009;;3;2;No inventariada;;9;2;2;;;1;4;1;;;1;998
10;1;17;12;12009;;3;2;No inventariada;;9;7;2;;;1;1;1;;;1;998
10;5;14;12;12009;;3;2;No inventariada;;9;7;2;;;1;1;1;;;1;998
10;5;6;12;12009;;1;1;No inventariada;13,659;10;3;2;;;1;6;1;;;1;1
10;5;7;12;12009;;1;1;CV-18;3,114;5;4;2;;;3;2;3;;;1;1
11;6;7;12;12009;;1;1;N-340a;971;6;12;1;2;;1;3;1;;;1;2
11;5;23;12;12009;;3;2;No inventariada;;9;4;1;2;;1;4;1;;;1;998
11;3;7;12;12009;;1;1;CV-18;2,544;5;2;1;4;;1;6;1;;;1;2
12;7;22;12;12009;;1;1;N-340a;970,05;6;4;2;;;1;6;1;;;1;1
10;2;14;12;12009;;3;2;No inventariada;;9;2;1;2;;1;1;1;;;1;998
12;2;13;12;12009;;1;1;CV-10;14,1;3;4;2;;;1;1;1;;;1;1
3;5;11;12;12011;;3;2;No inventariada;;9;19;2;;;1;1;1;;;1;998
4;3;17;12;12011;;1;1;CV-2311;2,347;5;12;2;;;1;1;1;;;1;1
4;7;17;12;12011;;1;1;AP-7;462,35;2;4;2;;;1;1;1;;;1;1
4;5;18;12;12011;;3;2;No inventariada;;9;2;1;1;;1;1;1;;;1;998
7;6;10;12;12011;;1;1;N-340;941,154;6;10;1;4;A-7;8;1;1;;;1;2
7;6;19;12;12011;;1;1;AP-7;462,691;2;4;2;;;1;1;1;;;1;1
7;4;8;12;12011;;1;1;N-340;941,089;6;2;1;4;N-340;1;1;1;;;1;3
7;6;4;12;12011;;1;1;AP-7;465,15;2;7;2;;;1;6;1;;;1;1
8;1;17;12;12011;;1;1;A-7;291,9;3;4;2;;;1;1;1;;;1;1
9;1;11;12;12011;;1;1;CAMI RACO;1,4;10;20;2;;;1;1;1;;;1;1
10;6;9;12;12011;;1;1;A-7;289,6;3;4;2;;;1;1;1;;;1;1
10;2;15;12;0;;1;1;CV-2311;3,043;6;2;1;4;A-7;1;1;1;;;1;3
7;6;11;12;12011;;3;2;No inventariada;;9;2;2;;;1;1;1;;;18;998
11;4;12;12;12011;;1;1;AP-7;464,095;2;16;2;;;1;1;1;;;1;1
11;6;17;12;0;;1;1;AP-7;461,9;2;12;2;;;1;4;1;;;1;1
11;3;18;12;12011;;1;1;CV-2311;2;6;15;2;;;1;6;1;;;1;2
1;7;9;12;0;;1;1;CV-245;26,5;6;9;2;;;1;1;1;;1;1;2
3;7;10;12;0;;1;1;CV-25;32,1;5;10;2;;;1;1;1;;;1;2
3;5;18;12;0;;1;1;CV-25;27,902;6;10;2;;;1;1;1;;;1;3
4;7;12;12;0;;1;1;CV-245;23,6;6;18;2;;;1;1;1;;;1;1
4;5;12;12;0;;1;1;A-23;32,883;3;20;2;;;1;1;1;;;1;1
5;6;10;12;0;;1;1;CV-245;27;6;10;2;;;1;1;1;;;1;2
6;7;7;12;0;;1;1;CAM. ALTUR;0,5;10;4;1;2;;1;1;1;;;1;1
8;6;18;12;0;;1;1;CV-245;25,1;6;6;2;;;1;1;1;;;1;2
9;5;12;12;0;;1;1;A-23;33,5;3;19;2;;;1;1;1;;;1;3
12;6;11;12;0;;1;1;CV-245;22,8;6;19;2;;;1;1;1;;;1;2
2;1;6;12;0;;1;1;CV-15;57,02;6;18;2;;;1;2;1;;1;1;2
3;7;12;12;0;;1;1;CV-15;57,5;6;19;2;;;1;1;1;;;1;1
3;4;14;12;0;;1;1;CV-193;20,7;6;19;2;;;1;1;1;;;1;3
3;7;11;12;0;;1;1;CV-223;8,3;6;16;2;;;1;1;1;;;1;2
7;6;8;12;0;;1;1;CV-223;2,5;6;16;2;;;1;1;1;;;1;1
6;4;7;12;0;;1;1;CV-205;10,8;6;1;2;;;1;1;1;;;1;2
8;5;19;12;0;;1;1;CV-207;2,846;6;19;2;;;3;1;3;;;1;2
1;3;14;12;12021;;1;1;CV-222;0,015;6;2;1;4;CV-222;1;1;1;;;1;2
2;5;8;12;12021;;1;1;CV-222;1,073;6;17;2;;;1;1;1;;;1;1
1;2;15;12;12021;;3;2;No inventariada;;9;2;1;1;;1;1;1;;;1;998
2;7;13;12;12021;;3;2;No inventariada;;7;20;2;;;1;1;1;;;1;998
3;4;14;12;12021;;1;1;CV-10;4,9;3;14;2;;;1;1;1;;;1;2
3;5;14;12;12021;;3;2;No inventariada;;14;3;1;2;;1;1;1;;;1;998
3;6;15;12;12021;;3;2;No inventariada;;9;2;1;1;;1;1;1;;;1;998
4;1;13;12;12021;;1;1;CV-222;0,5;6;9;1;4;DESCONOCID;1;1;1;;;1;2
5;1;8;12;12135;;1;1;CV-222;2,4;6;16;2;;;1;1;1;;;18;1
5;6;10;12;12021;;1;1;CV-222;0,5;6;19;2;;;1;1;1;;;18;1
5;4;5;12;12021;;1;1;CV-10;4;8;19;2;;;1;4;1;;;18;2
6;5;19;12;12021;;3;2;No inventariada;;9;10;1;2;;1;1;1;;;1;998
8;5;21;12;12021;;1;1;CV-222;0,5;6;2;1;4;CV-222;1;6;1;;;1;2
7;5;14;12;12021;;3;2;No inventariada;;14;6;2;;;1;1;1;;;1;998
10;1;12;12;12021;;1;1;CV-10;6,8;3;12;2;;;3;1;3;;;1;3
10;4;15;12;12021;;3;2;No inventariada;;9;7;1;1;;1;1;1;;;1;998
11;4;13;12;12021;;3;2;No inventariada;;9;2;2;;;1;1;1;;;1;998
8;1;11;12;0;;1;1;A-23;44,1;3;4;2;;;1;1;1;;;1;1
8;3;10;12;0;;1;1;A-23;50,844;3;12;2;;;1;1;1;;;1;1
10;6;12;12;0;;1;1;CV-166;32,1;6;16;2;;;3;1;3;;;1;2
11;4;22;12;0;;1;1;CAMINO;2;10;20;2;;;3;6;3;;;1;1
1;3;17;12;12027;;3;2;No inventariada;;14;7;2;;;1;1;1;;;1;998
2;4;13;12;12027;;3;2;No inventariada;;9;4;2;;;1;1;1;;;1;998
2;4;23;12;12027;;3;2;No inventariada;;9;7;1;1;;1;4;1;;;1;998
2;5;6;12;12027;;1;1;N-340a;1046;6;20;1;2;;4;6;4;1;;17;1
2;1;15;12;12027;;1;1;No inventariada;3;10;9;2;;;1;1;1;;;1;1
1;1;14;12;12027;;3;2;No inventariada;;9;3;1;2;;1;1;1;;;1;998
3;6;20;12;12027;;1;1;N-340a;1047,866;6;7;2;;;1;6;1;;;17;1
4;1;18;12;12027;;1;1;N-340;1043,4;6;1;2;;;1;1;1;;;1;1
4;7;16;12;12027;;1;1;AP-7;363,204;2;3;2;;;1;1;2;;;1;1
5;3;9;12;12027;;3;2;No inventariada;;9;7;1;1;;1;1;1;;;12;998
5;4;19;12;12027;;3;2;No inventariada;;9;2;1;1;;1;1;1;;;1;998
3;4;8;12;12027;;3;2;No inventariada;;9;3;2;;;1;1;1;;;1;998
5;1;11;12;12027;;3;2;No inventariada;;9;2;2;;;1;1;1;;;1;998
6;1;20;12;12027;;3;2;No inventariada;;9;3;1;4;;1;1;1;;;1;998
6;4;16;12;12027;;1;1;N-340a;1042,8;6;2;1;2;;1;1;1;;;1;1
6;4;14;12;12027;;3;2;No inventariada;;9;2;2;;;1;1;1;;;1;998
7;2;19;12;12027;;1;1;CAMI MAIOL;2,5;10;2;1;1;;1;1;1;;;1;1
7;3;11;12;12027;;3;2;No inventariada;;9;2;1;1;;1;1;1;;;1;998
7;4;18;12;12027;;3;2;No inventariada;;14;4;2;;;1;1;1;;;1;998
8;4;14;12;12027;;1;1;N-340a;1042,1;6;4;2;;;1;1;1;;;1;1
8;6;21;12;12027;;3;2;No inventariada;;9;2;1;4;;1;4;1;;;1;998
9;5;6;12;12027;;1;1;CV-135;20,191;5;16;2;;;3;3;3;;;1;1
9;4;9;12;12027;;3;2;No inventariada;;9;7;2;;;1;1;1;;;1;998
10;4;9;12;12027;;3;2;No inventariada;;9;7;1;4;;1;1;2;;;1;998
9;3;7;12;12027;;3;2;No inventariada;;9;2;1;1;;1;1;1;;;1;998
8;7;14;12;12027;;3;2;No inventariada;;9;10;1;2;;1;1;1;;;1;998
7;7;16;12;12027;;3;2;No inventariada;;14;2;1;1;;1;1;1;;;1;998
11;1;20;12;12027;;1;1;N-340;1045,2;6;1;2;;;1;6;1;;;1;1
11;2;9;12;12027;;1;1;CAMINO LOS;3;10;2;2;;;1;1;1;;;1;1
11;6;17;12;12027;;1;1;N-340a;1045,8;6;1;2;;;1;2;1;;;1;1
11;4;8;12;12027;;3;2;No inventariada;;9;3;2;;;1;1;1;;;1;998
12;2;15;12;12027;;3;2;No inventariada;;9;4;2;;;1;1;1;;;1;998
1;5;7;12;12040;;1;1;CV-149;5,5;5;2;1;4;;1;1;1;;;1;2
1;7;18;12;12028;;1;1;CV-147;8;6;15;2;;;1;6;1;;;1;2
1;5;17;12;12028;;1;1;N-340;988,6;6;4;1;2;;1;2;1;;;1;1
1;5;14;12;12028;;3;2;No inventariada;;9;20;2;;;1;1;1;;;1;998
2;5;14;12;12028;;3;2;No inventariada;;9;7;2;;;1;1;1;;;1;998
2;6;12;12;12028;;1;1;CV-147;14,95;6;2;1;2;;1;1;1;;;1;1
3;2;8;12;12028;;1;1;CV-147;6,13;6;10;2;;;1;1;1;;;4;3
3;6;22;12;12028;;1;1;AP-7;414,662;2;16;2;;;1;6;1;;;1;1
3;4;20;12;12028;;1;1;N-340;984,6;6;4;1;10;;1;6;2;;;1;1
4;3;18;12;12028;;1;1;CV-147;10,8;6;19;2;;;1;1;1;;;4;3
4;7;5;12;12028;;3;2;No inventariada;;9;7;2;;;1;2;1;;;1;998
4;1;21;12;12028;;1;1;N-340;989;6;8;2;;;1;6;1;;;1;1
4;7;16;12;12028;;1;1;AP-7;420,1;2;16;2;;;1;1;1;;;1;1
4;6;10;12;12028;;1;1;CV-147;14,1;6;10;2;;;1;1;1;;;1;1
4;5;5;12;12028;;1;1;AP-7;418,2;2;16;2;;;1;6;1;;;1;3
4;7;21;12;12028;;1;1;N-340;986,4;6;4;2;;;1;6;2;;;1;1
5;1;11;12;12028;;3;2;No inventariada;;9;2;1;1;;1;1;1;;;3;998
5;1;5;12;12028;;1;1;AP-7;419,506;2;18;2;;;1;5;1;;;1;3
5;6;10;12;12028;;3;2;No inventariada;;9;7;2;;;1;1;1;;;1;998
6;6;7;12;12028;;1;1;CV-147;12,8;6;18;2;;;3;1;3;;;1;3
5;3;13;12;12028;;1;1;AP-7;421,3;2;3;2;;;1;1;1;;;1;1
6;6;12;12;12028;;1;1;N-340;985,357;6;4;1;2;;1;1;1;;;1;1
5;6;10;12;12028;;3;2;No inventariada;;9;7;2;;;1;1;1;;;1;998
6;3;7;12;12028;;3;2;No inventariada;;9;7;2;;;1;1;1;;;1;998
7;1;10;12;12028;;1;1;No inventariada;0,34;10;10;2;;;2;1;2;;;12;3
7;1;14;12;12028;;3;2;No inventariada;;9;4;1;2;;1;1;1;;;1;998
7;3;0;12;12028;;3;2;No inventariada;;9;10;2;;;1;4;1;;;1;998
7;6;15;12;12028;;1;1;CV-149;5,767;12;10;2;;;1;1;1;;;1;1
7;2;8;12;12028;;1;1;N-340;984;6;1;2;;;1;1;1;;;1;1
7;3;9;12;12028;;1;1;N-340;985,351;6;17;1;2;;1;1;1;;;1;1
7;3;10;12;12028;;1;1;CV-147;13,632;6;10;2;;;1;1;1;;;4;2
7;5;23;12;12028;;3;2;No inventariada;;9;2;1;2;;1;4;1;;;1;998
7;1;20;12;12028;;1;1;CV-147;13,1;6;2;2;;;1;1;1;;;1;3
7;4;19;12;12028;;3;2;No inventariada;;9;7;2;;;1;1;1;;;6;998
7;3;6;12;12028;;3;2;No inventariada;;9;16;2;;;1;1;1;;;1;998
7;3;0;12;12028;;3;2;No inventariada;;9;2;1;4;;1;4;1;;;1;998
7;3;19;12;12028;;3;2;No inventariada;;9;7;1;1;;1;1;1;;;1;998
8;5;18;12;12028;;1;1;N-340;986,829;6;4;2;;;3;1;3;;;18;1
8;5;18;12;12028;;3;2;No inventariada;;9;2;2;;;3;1;3;;;1;998
8;7;10;12;12028;;3;2;No inventariada;;9;3;2;;;1;1;1;;;1;998
8;5;7;12;12028;;3;2;No inventariada;;9;7;2;;;1;1;1;;;6;998
8;7;5;12;12028;;1;1;CV-149;5,887;12;17;2;;;1;6;1;;;1;4
8;2;16;12;12028;;1;1;CV-147;7,693;6;19;2;;;1;1;1;;;4;2
8;3;10;12;12028;;1;1;CV-149;6,2;5;15;2;;;1;1;1;;;1;1
8;3;10;12;12028;;3;2;No inventariada;;9;16;1;4;;1;1;1;;;1;998
8;4;11;12;12028;;3;2;No inventariada;;9;2;1;1;;1;1;1;;;1;998
9;2;8;12;12028;;1;1;CV-147;11,786;6;10;2;;;3;1;2;;;4;2
9;1;17;12;12028;;1;1;AP-7;421,744;2;4;2;;;1;1;1;;;1;1
7;3;1;12;12028;;3;2;No inventariada;;9;20;2;;;1;4;1;;;1;998
9;2;14;12;12028;;3;2;No inventariada;;9;20;2;;;1;1;1;;;1;998
10;4;17;12;12028;;3;2;No inventariada;;9;1;2;;;1;1;1;;;6;998
10;7;11;12;12028;;3;2;No inventariada;;9;10;2;;;1;1;1;;;1;998
10;1;17;12;12028;;3;2;No inventariada;;9;3;1;1;;1;1;1;;;1;998
10;4;18;12;12028;;3;2;No inventariada;;9;7;1;1;;1;1;1;;;6;998
6;5;14;12;0;;1;1;CV-152;0,9;6;3;2;;;1;1;1;;;1;3
1;7;0;12;12031;;1;1;CV-10;26,5;3;18;2;;;1;6;1;;;18;1
1;1;7;12;12031;;1;1;CV-10;19,705;3;19;2;;;1;3;2;;;1;1
2;1;16;12;12031;;1;1;CV-10;19,064;3;4;1;4;CV-151;1;1;1;;;1;1
4;3;14;12;12040;;1;1;CV-16;3,411;12;2;1;2;;1;1;1;;;1;1
7;6;1;12;12031;;1;1;CV-10;24,7;3;9;2;;;1;6;2;;;1;1
7;4;19;12;12031;;1;1;CV-10;21;3;10;2;;;2;1;1;;;1;1
8;4;12;12;12031;;1;1;CV-10;29,389;3;10;2;;;1;1;1;;;1;3
10;4;13;12;12031;;1;1;CV-10;19,65;3;18;2;;;1;1;1;;;1;1
10;1;12;12;12031;;1;1;CV-16;4,721;5;5;2;;;3;1;3;;;1;1
1;4;19;12;12032;;1;1;AP-7;447,5;2;5;2;;;1;6;1;;;1;1
1;4;7;12;12032;;3;2;No inventariada;;9;7;2;;;1;3;1;;;1;998
1;6;14;12;12032;;3;2;No inventariada;;14;6;2;;;1;1;1;;;1;998
1;7;11;12;12032;;3;2;No inventariada;;9;7;1;2;;1;1;1;;;6;998
1;4;18;12;12032;;3;2;No inventariada;;9;7;1;1;;3;4;3;;;1;998
1;4;11;12;12032;;1;1;CV-18;8,62;5;20;1;4;CV-185;1;1;1;;;1;2
1;7;10;12;12032;;1;1;CV-18;10,338;5;2;1;4;;1;1;1;;;1;1
1;2;19;12;12032;;1;1;AP-7;448;2;3;2;;;1;6;1;;;1;1
1;7;12;12;12032;;3;2;No inventariada;;9;10;2;;;1;1;1;;;1;998
1;3;20;12;12032;;3;2;No inventariada;;14;7;2;;;8;4;1;;;1;998
2;5;21;12;12032;;3;2;No inventariada;;9;2;1;4;;1;4;1;;;1;998
2;4;14;12;12032;;3;2;No inventariada;;9;2;1;2;;1;1;1;;;1;998
2;5;14;12;12032;;3;2;No inventariada;;9;7;1;2;;1;6;2;;;1;998
2;5;18;12;12032;;3;2;No inventariada;;14;2;1;4;;3;4;3;;;5;998
2;6;12;12;12032;;3;2;No inventariada;;9;6;2;;;1;1;1;;;1;998
2;2;17;12;12032;;3;2;No inventariada;;9;7;2;;;1;2;1;;;9;998
2;2;13;12;12032;;3;2;No inventariada;;9;7;1;1;;1;1;1;;;1;998
2;1;10;12;12032;;3;2;No inventariada;;9;2;1;2;;1;1;1;;;2;998
3;2;7;12;12032;;3;2;No inventariada;;9;2;2;;;1;1;1;;;9;998
3;4;22;12;12032;;1;1;AP-7;448;2;4;1;2;;3;4;2;;;1;1
3;7;16;12;12032;;3;2;No inventariada;;9;16;1;1;;1;1;2;;;1;998
3;5;8;12;12082;;1;1;AP-7;450,79;2;4;2;;;1;2;1;2;1;17;1
3;2;12;12;12032;;3;2;No inventariada;;9;4;1;4;;1;1;1;;;1;998
3;7;16;12;12032;;3;2;No inventariada;;9;4;2;;;1;1;1;;;1;998
3;3;10;12;12032;;1;1;CV-18;9,025;5;6;2;;;1;1;1;;;1;1
3;7;7;12;12032;;3;2;No inventariada;;9;17;2;;;1;1;2;2;;5;998
3;2;9;12;12032;;1;1;CV-18;9,6;5;2;1;4;CV-222;1;1;1;;;1;3
3;3;8;12;12032;;3;2;No inventariada;;9;4;1;4;;1;1;1;;;1;998
3;3;18;12;12032;;3;2;No inventariada;;9;2;1;2;;1;1;1;;;1;998
4;3;19;12;12032;;3;2;No inventariada;;9;4;2;;;1;1;1;;;1;998
4;6;11;12;12032;;1;1;CV-18;8,7;5;4;2;;;1;1;1;;;1;1
3;7;15;12;12032;;3;2;No inventariada;;9;10;1;2;;1;1;1;;;1;998
4;2;9;12;12032;;3;2;No inventariada;;9;2;1;4;;1;1;1;;;1;998
4;7;10;12;12032;;3;2;No inventariada;;9;4;1;4;;1;1;1;;;1;998
3;6;15;12;12032;;3;2;No inventariada;;9;7;1;1;;1;1;1;;;1;998
4;2;7;12;12032;;3;2;No inventariada;;9;7;2;;;1;1;1;;;6;998
5;7;14;12;12032;;3;2;No inventariada;;9;10;1;4;;7;1;1;;;1;998
5;4;14;12;12032;;3;2;No inventariada;;9;10;2;;;1;1;1;;;1;998
5;7;9;12;12032;;1;1;CV-18;9,682;14;2;1;4;CV-222;1;1;1;;;18;1
5;3;22;12;12032;;3;2;No inventariada;;9;7;1;4;;1;4;1;;;1;998
5;4;9;12;12032;;1;1;CV-185;3,386;6;16;2;;;1;1;1;;;1;1
5;6;14;12;12032;;3;2;No inventariada;;9;2;1;1;;1;1;1;;;1;998
5;6;16;12;12032;;3;2;No inventariada;;9;4;2;;;1;1;1;;;1;998
5;5;22;12;12032;;3;2;No inventariada;;14;7;2;;;1;6;1;;;17;998
6;6;12;12;12032;;3;2;No inventariada;;14;10;1;4;;1;1;1;;;1;998
5;4;21;12;12032;;3;2;No inventariada;;9;3;2;;;1;3;1;;;1;998
6;6;10;12;12032;;1;1;AP-7;447,929;2;3;2;;;1;1;1;;;1;1
6;5;23;12;12032;;1;1;AP-7;448;2;7;2;;;1;4;1;;;1;1
2;2;13;12;12032;;3;2;No inventariada;;9;7;1;2;;1;1;1;;;1;998
6;6;17;12;12032;;3;2;No inventariada;;9;19;2;;;1;1;1;;;1;998
6;3;19;12;12032;;3;2;No inventariada;;9;2;2;;;1;1;1;;;1;998
7;1;8;12;12032;;1;1;CV-18;9,595;5;2;1;4;CV-222;3;1;4;;;12;1
7;7;0;12;12032;;3;2;No inventariada;;9;7;1;4;;3;4;4;;;5;998
7;4;18;12;12032;;3;2;No inventariada;;9;20;2;;;1;1;1;;;9;998
7;3;7;12;12032;;3;2;No inventariada;;9;10;2;;;1;1;1;;;1;998
7;7;22;12;12032;;3;2;No inventariada;;9;2;1;4;;1;4;1;;;18;998
6;7;1;12;12032;;3;2;No inventariada;;9;10;1;1;;1;4;1;;;1;998
7;2;1;12;12032;;3;2;No inventariada;;9;10;1;4;;3;4;1;;;1;998
7;2;14;12;12032;;3;2;No inventariada;;9;2;1;1;;1;1;1;;;1;998
7;7;1;12;12032;;3;2;No inventariada;;9;2;1;1;;1;4;1;;;1;998
6;3;13;12;12032;;3;2;No inventariada;;9;2;1;1;;1;1;1;;;9;998
8;5;9;12;12032;;3;2;No inventariada;;9;16;2;;;1;1;1;;;1;998
8;7;19;12;12032;;3;2;No inventariada;;9;2;1;2;;1;1;1;;;9;998
6;7;22;12;12032;;3;2;No inventariada;;9;2;2;;;1;4;1;;;1;998
7;6;14;12;12032;;3;2;No inventariada;;9;2;1;4;;1;1;1;;;1;998
7;6;19;12;12032;;3;2;No inventariada;;9;6;1;4;;1;1;1;;;1;998
8;4;17;12;12032;;3;2;No inventariada;;9;16;1;4;;1;1;1;;;1;998
9;3;16;12;12032;;3;2;No inventariada;;9;10;1;4;;3;1;1;;;1;998
9;1;8;12;12032;;3;2;No inventariada;;9;10;2;;;1;1;1;;;6;998
9;1;8;12;12032;;3;2;No inventariada;;9;2;1;2;;1;1;1;;;1;998
9;2;21;12;12032;;3;2;No inventariada;;14;19;2;;;1;6;2;;;1;998
3;4;17;12;12032;;3;2;No inventariada;;9;7;1;2;;1;1;1;;;1;998
3;6;13;12;12032;;3;2;No inventariada;;9;7;2;;;1;1;1;;;1;998
9;7;12;12;12032;;3;2;No inventariada;;9;10;2;;;1;1;1;;;1;998
9;4;1;12;12032;;3;2;No inventariada;;9;6;1;2;;1;4;1;;;1;998
10;2;8;12;12032;;2;2;CV-18;5,802;12;5;2;;;1;1;1;;;1;3
10;5;8;12;12032;;3;2;No inventariada;;9;2;1;4;;1;1;1;;;1;998
7;2;19;12;12032;;3;2;No inventariada;;9;7;2;;;9;1;7;;;18;998
7;4;13;12;12032;;3;2;No inventariada;;9;16;2;;;1;1;1;;;1;998
9;6;13;12;12032;;3;2;No inventariada;;9;2;1;1;;1;1;1;;;1;998
10;1;12;12;12032;;1;1;CV-185;3;6;10;2;;;1;1;1;;;1;1
10;4;21;12;12032;;3;2;No inventariada;;9;2;1;2;;1;4;1;;;1;998
10;1;8;12;12032;;3;2;No inventariada;;9;3;1;1;;1;1;1;;;1;998
10;4;18;12;12032;;1;1;CV-18;14,086;12;10;2;;;2;1;1;;;1;1
10;3;8;12;12032;;3;2;No inventariada;;9;2;1;1;;3;4;3;;;5;998
10;7;14;12;12032;;1;1;CV-18;10,347;5;4;1;4;;3;1;3;;;18;4
10;7;11;12;12032;;3;2;No inventariada;;9;2;2;;;3;1;3;;;1;998
11;7;14;12;12032;;1;1;CV-18;9,7;5;12;1;4;CV-222;1;1;1;;;1;2
11;2;18;12;12032;;1;1;CV-222;9,174;6;2;2;;;1;3;1;;;1;1
11;6;8;12;12032;;1;1;CV-18;9,568;6;4;2;;;1;1;1;;;1;1
11;2;11;12;12032;;1;1;CV-18;12,4;6;6;2;;;1;1;1;;;1;1
11;3;17;12;12032;;3;2;No inventariada;;9;4;1;1;;3;3;3;;;1;998
6;7;11;12;12032;;3;2;No inventariada;;9;7;1;4;;1;1;1;;;1;998
12;4;10;12;12032;;3;2;No inventariada;;9;3;1;4;;1;1;1;;;18;998
12;1;10;12;12032;;3;2;No inventariada;;9;7;2;;;1;1;1;;;16;998
10;2;14;12;12032;;3;2;No inventariada;;9;2;1;1;;1;1;1;;;1;998
12;3;16;12;12032;;3;2;No inventariada;;9;2;1;1;;2;1;1;;;9;998
12;7;13;12;12032;;3;2;No inventariada;;9;4;2;;;1;1;1;;;1;998
12;3;19;12;12032;;3;2;No inventariada;;9;10;1;1;;1;4;1;;;1;998
3;4;14;12;0;;1;1;N-340;1003,9;6;2;1;1;N-340;1;1;1;;;1;1
4;2;20;12;0;;1;1;AP-7;402,801;2;4;2;;;1;2;1;;;1;1
5;4;8;12;0;;1;1;CV-159;1,25;6;10;2;;;1;1;1;;;1;1
5;7;15;12;0;;1;1;CV-159;0,592;5;19;2;;;1;1;7;;;18;1
6;6;10;12;0;;1;1;N-340;1001,8;6;10;2;;;1;1;1;;;1;1
9;7;18;12;0;;1;1;AP-7;399,697;2;4;2;;;1;1;1;;;1;1
9;6;16;12;0;;1;1;CV-146;10,536;6;18;2;;;1;1;1;;;4;2
11;6;11;12;0;;1;1;CNO ROMANS;2,8;10;2;1;2;;1;1;1;;;1;1
11;6;8;12;0;;1;1;CV-1495;0,1;6;16;2;;;3;2;2;2;;5;2
4;7;12;12;0;;1;1;CAMINO RUR;6;10;9;2;;;1;1;1;;;1;1
4;7;2;12;0;;1;1;CV-137;2,25;6;18;2;;;1;6;1;;;1;1
9;6;13;12;0;;1;1;CAMÍ;2;10;14;2;;;1;1;1;;;1;3
12;5;21;12;12027;;1;1;CV-135;16,8;6;4;2;;;1;6;1;;;17;1
5;6;21;12;0;;1;1;CV-200;2,333;6;16;2;;;1;4;1;;;1;1
1;1;18;12;12040;;1;1;N-340;971,35;6;10;2;;;1;2;1;;;1;1
1;4;8;12;12040;;1;1;CV-17;0,01;6;3;1;4;N-234;1;1;1;;;1;1
1;4;10;12;12040;;1;1;N-340;975,8;6;20;2;;;1;1;1;;;1;3
1;6;10;12;12031;;1;1;CV-10;19,25;3;16;1;4;CV-151;1;1;1;;;1;2
1;3;8;12;12040;;3;2;No inventariada;;14;16;1;1;;3;1;3;;;1;998
1;2;7;12;12040;;3;2;No inventariada;;9;7;2;;;1;3;1;;;1;998
1;2;7;12;12009;;1;1;N-340a;970;6;10;2;;;1;6;1;;;1;1
2;1;11;12;12040;;1;1;CV-16;3,4;5;10;1;4;;8;1;1;;;1;2
2;3;14;12;12040;;3;2;No inventariada;;9;7;1;4;;1;1;1;;;1;998
2;1;13;12;12040;;1;1;CV-16;3,479;5;9;1;4;;1;1;1;;;1;1
2;6;13;12;12040;;1;1;CS-22;3,535;3;19;2;;;1;1;1;;;1;1
2;3;7;12;12040;;1;1;CV-151;0,085;5;3;1;4;CV-151;1;1;1;;;1;2
2;6;10;12;12040;;1;1;AP-7;428,6;2;4;2;;;1;1;1;;;12;3
2;3;20;12;12040;;3;2;No inventariada;;9;3;1;2;;1;4;1;;;3;998
2;4;16;12;12040;;3;2;No inventariada;;9;2;2;;;1;1;1;;;1;998
2;6;3;12;12040;;1;1;AP-7;430;2;14;2;;;1;6;1;;;1;3
3;4;13;12;12040;;1;1;CS-22;5,085;3;15;2;;;1;1;1;;;1;3
3;5;18;12;12040;;1;1;AP-7;424,5;2;4;2;;;1;1;1;;;1;1
3;5;9;12;12040;;3;2;No inventariada;;9;7;1;1;;1;2;1;;;6;998
1;2;12;12;12040;;3;2;No inventariada;;9;7;2;;;1;1;1;;;1;998
1;5;11;12;12040;;3;2;No inventariada;;9;2;1;1;;3;1;3;;;1;998
1;6;13;12;12040;;3;2;No inventariada;;9;2;1;2;;1;1;1;;;1;998
1;4;7;12;12040;;3;2;No inventariada;;9;3;1;4;;1;1;1;;;1;998
3;5;15;12;12040;;1;1;N-340;975,1;6;4;2;;;1;1;1;;;1;1
3;4;12;12;12040;;3;2;No inventariada;;9;2;1;1;;1;1;1;1;;1;998
3;1;19;12;12040;;1;1;CV-189;1,398;6;18;2;;;3;6;3;;;17;3
2;4;5;12;12040;;3;2;No inventariada;;9;2;1;1;;1;4;7;;;1;998
3;7;7;12;12040;;1;1;N-340;979,5;6;14;2;;;1;2;7;;;1;3
3;2;12;12;12040;;3;2;No inventariada;;9;19;1;1;;1;1;1;;;1;998
1;2;8;12;12040;;3;2;No inventariada;;9;2;1;4;;1;1;1;;;6;998
4;1;18;12;12040;;1;1;AP-7;430,65;2;4;2;;;1;1;1;;;1;1
4;1;12;12;12040;;1;1;AP-7;423;2;5;2;;;1;1;1;;;1;1
4;1;12;12;12040;;1;1;AP-7;423;2;5;2;;;1;1;1;;;1;1
4;2;22;12;12040;;3;2;No inventariada;;9;2;1;1;;1;4;1;;;1;998
4;4;19;12;12040;;1;1;CS-22;6,5;3;10;1;4;N-225;1;1;1;;;1;2
4;4;2;12;12040;;1;1;N-225;48;6;15;2;;;1;6;1;;;1;1
4;3;5;12;12040;;1;1;N-340;977,337;6;8;2;;;1;6;1;;;1;1
4;3;14;12;12040;;1;1;CS-22;9;3;3;2;;;1;1;1;;;1;3
4;7;13;12;12040;;3;2;No inventariada;;14;7;2;;;1;1;1;;;1;998
4;5;17;12;12040;;3;2;No inventariada;;9;4;2;;;1;1;1;;;1;998
5;7;7;12;12040;;3;2;No inventariada;;14;16;2;;;1;6;1;;;1;998
5;6;23;12;12040;;1;1;N-340;978,497;6;18;2;;;1;5;1;;;18;1