MES;DIA_SEMANA;HORA;COD_PROVINCIA;COD_MUNICIPIO;ISLA;ZONA;ZONA_AGRUPADA;CARRETERA;KM;TIPO_VIA;TIPO_ACCIDENTE;NUDO;NUDO_INFO;CARRETERA_CRUCE;CONDICION_FIRME;CONDICION_ILUMINACION;CONDICION_METEO;CONDICION_NIEBLA;CONDICION_VIENTO;VISIB_RESTRINGIDA_POR;TRAZADO_PLANTA
5;4;21;12;12040;;3;2;No inventariada;;9;3;1;1;;1;4;1;;;1;998
4;6;0;12;12040;;3;2;No inventariada;;9;16;2;;;1;4;1;;;1;998
4;7;22;12;12040;;3;2;No inventariada;;9;7;2;;;1;4;1;;;1;998
2;5;7;12;12040;;3;2;No inventariada;;9;16;2;;;1;2;1;;;1;998
5;6;1;12;12040;;1;1;N-340;972,938;6;10;2;;;1;6;1;;;1;1
6;7;19;12;12040;;1;1;CV-18;0,87;5;3;1;4;;1;1;1;;;1;1
6;2;10;12;12040;;1;1;CV-10;15,951;3;2;1;10;CV-16;1;1;1;;;1;1
4;5;16;12;12040;;3;2;No inventariada;;9;2;1;2;;1;1;1;;;1;998
4;6;20;12;12040;;3;2;No inventariada;;9;7;1;2;;1;3;1;;;9;998
5;6;12;12;12040;;3;2;No inventariada;;9;7;1;1;;1;1;1;;;1;998
5;4;9;12;12040;;3;2;No inventariada;;9;7;1;1;;1;1;1;;;1;998
5;4;8;12;12040;;3;2;No inventariada;;9;7;2;;;1;1;1;;;1;998
6;5;17;12;12040;;1;1;AP-7;427;2;4;2;;;1;1;1;;;1;1
6;5;17;12;12040;;1;1;AP-7;427;2;4;2;;;1;1;1;;;1;1
6;7;17;12;12135;;1;1;AP-7;438,66;2;15;2;;;1;1;1;;;18;1
5;4;8;12;12040;;3;2;No inventariada;;9;20;1;1;;1;1;1;;;1;998
5;2;8;12;12040;;3;2;No inventariada;;9;7;2;;;1;1;1;;;1;998
6;6;22;12;12040;;1;1;CV-16;1,308;5;14;2;;;1;3;1;;;1;1
7;5;23;12;12040;;1;1;N-340;972,7;6;16;2;;;1;6;1;;;18;1
7;6;12;12;12040;;1;1;AP-7;422,8;2;4;2;;;3;1;3;;;1;1
7;6;22;12;12040;;3;2;No inventariada;;9;7;2;;;1;4;1;;;1;998
6;7;23;12;12040;;3;2;No inventariada;;9;7;2;;;1;4;1;;;1;998
6;1;0;12;12040;;3;2;No inventariada;;9;2;2;;;1;4;1;;;1;998
7;3;14;12;12040;;1;1;CV-17;0,04;5;4;1;4;N-340;1;1;1;;;1;1
8;5;18;12;12040;;1;1;N-340;973,526;6;16;2;;;1;1;1;;;1;1
8;6;19;12;12040;;1;1;CS-22;6,736;3;15;2;;;1;1;1;;;1;2
8;3;0;12;12040;;1;1;N-340;977,5;6;16;2;;;1;6;1;;;1;1
8;4;14;12;12028;;1;1;N-340;985,36;6;5;1;2;;1;1;1;;;1;1
8;6;18;12;12040;;3;2;No inventariada;;7;2;2;;;1;1;1;;;3;998
8;4;22;12;12040;;1;1;N-225;50,952;6;7;2;;;1;6;1;;;18;1
8;3;18;12;12040;;3;2;No inventariada;;9;4;2;;;1;1;1;;;1;998
8;3;13;12;12040;;1;1;N-340;974,402;6;4;1;4;AP-7;1;1;1;;;1;1
8;6;17;12;12040;;1;1;CV-149;0,5;12;10;2;;;1;1;1;;;1;1
8;4;18;12;12040;;3;2;No inventariada;;9;2;1;1;;1;1;1;;;1;998
9;2;15;12;12040;;1;1;N-340;974,856;6;2;2;;;3;1;3;;;1;2
9;4;15;12;12040;;1;1;CS-22;5,5;3;6;2;;;1;1;1;;;1;1
9;6;16;12;12028;;1;1;AP-7;420;2;4;2;;;3;1;3;;;1;1
9;2;20;12;12040;;1;1;CS-22;8,35;3;2;1;4;;1;6;1;;;1;1
10;2;8;12;12040;;1;1;CS-22;4,8;3;5;1;12;CS-22;1;1;1;;;6;1
9;7;12;12;12040;;3;2;No inventariada;;14;17;2;;;2;1;1;;;1;998
9;5;7;12;12040;;3;2;No inventariada;;9;4;2;;;1;1;1;;;18;998
10;4;22;12;12040;;1;1;N-340;974,1;6;2;1;4;N-340;1;6;1;;;1;2
10;5;8;12;12040;;1;1;N-340;972,827;6;6;2;;;1;1;1;;;1;1
10;2;9;12;12040;;1;1;N-340;976,872;6;2;2;;;3;1;3;;;1;1
10;2;20;12;12040;;3;2;No inventariada;;9;2;1;1;;1;4;1;;;9;998
10;5;14;12;12040;;1;1;CS-22;5;3;12;1;12;CV-183;1;1;1;;;1;3
10;2;19;12;12040;;1;1;CV-17;0,001;6;4;1;4;;3;4;3;;;1;1
10;7;12;12;12040;;1;1;N-225;47,9;6;4;1;2;;1;1;1;;;1;1
10;4;12;12;12040;;3;2;No inventariada;;7;7;1;4;;1;1;1;;;1;998
10;1;15;12;12040;;1;1;CV-17;0,01;8;4;1;4;N-340;1;1;2;;;1;1
10;1;9;12;12040;;1;1;CV-16;3,3;5;19;1;4;;3;1;1;;;1;2
10;4;12;12;12040;;1;1;CV-17;0,05;6;4;2;;;3;1;2;;;1;3
10;4;0;12;12040;;3;2;No inventariada;;9;3;1;1;;1;4;1;;;1;998
11;7;11;12;12040;;1;1;N-340;975,7;6;8;2;;;1;1;1;;;1;3
11;5;6;12;12040;;1;1;N-340;974,4;6;3;1;4;;1;6;1;;;1;2
11;5;18;12;12040;;1;1;N-340a;979,155;6;4;1;1;;1;6;7;;;1;1
11;1;12;12;12084;;1;1;PISTA FORE;1;10;20;2;;;2;1;1;;;1;1
11;1;13;12;12040;;1;1;N-340;974;6;4;1;12;N-340;1;1;1;;;1;1
11;7;22;12;12040;;1;1;N-340;974,4;6;2;1;4;AP-7;1;4;1;;;18;2
11;1;6;12;12040;;1;1;AP-7;426,75;2;18;2;;;1;6;1;;;1;1
11;2;13;12;12040;;1;1;AP-7;426,233;2;3;2;;;1;1;1;;;1;1
11;7;16;12;12040;;3;2;No inventariada;;9;1;1;1;;1;1;1;;;1;998
12;1;18;12;12040;;1;1;N-340;972,328;6;4;1;1;CS-22;1;6;1;;1;1;1
12;6;18;12;12040;;1;1;CV-151;1,028;5;4;2;;;1;6;1;;;18;1
1;5;15;12;0;;1;1;CV-190;30,353;6;1;2;;;3;1;4;;;1;2
3;7;9;12;0;;1;1;CV-175;1,8;6;17;2;;;1;1;1;;;18;1
2;5;12;12;0;;1;1;CV-128;4,2;6;18;2;;;3;1;3;;1;1;1
2;7;22;12;0;;1;1;CV-128;6,375;6;14;2;;;1;6;1;;;1;1
11;5;0;12;0;;1;1;CV-128;19,616;6;19;2;;;3;6;3;;;1;2
1;6;10;12;0;;1;1;CV-203;25,8;6;2;2;;;1;1;1;;1;1;3
1;2;12;12;0;;1;1;CV-195;10,15;6;10;2;;;7;1;1;;;1;2
3;6;14;12;0;;1;1;CV-195;5,3;6;4;2;;;1;1;2;;;1;1
7;3;12;12;0;;1;1;CV-195;4,2;6;16;2;;;1;1;1;;;2;3
9;6;16;12;0;;1;1;CV-195;7,4;6;16;2;;;1;1;1;;;1;1
10;5;11;12;0;;1;1;OJOSNEGROS;4,349;12;6;2;;;1;1;1;;;18;1
3;4;15;12;0;;1;1;CERVERA;0,5;10;10;2;;;1;1;7;;;1;3
1;6;12;12;0;;1;1;CV-20;38;6;16;2;;;1;1;1;;;1;2
4;6;10;12;0;;1;1;CV-20;39,5;6;16;2;;;1;1;1;;;4;2
6;7;14;12;0;;1;1;CV-20;34,95;6;15;2;;;1;1;1;;;1;2
10;6;1;12;0;;1;1;CV-20;38,221;6;19;2;;;1;1;1;;;18;2
3;3;15;12;0;;1;1;CV-129;3,85;6;12;2;;;1;1;1;;;1;2
4;5;12;12;0;;1;1;CV-10;69,8;6;16;2;;;1;1;1;;;1;1
4;7;9;12;0;;1;1;CV-10;63,633;6;4;1;2;;1;1;1;;;1;1
6;4;2;12;0;;1;1;CV-10;61,255;6;15;2;;;1;6;1;;;1;1
8;4;14;12;0;;1;1;CV-10;71,804;6;16;2;;;1;1;1;;;1;1
10;6;1;12;0;;1;1;CV-129;1,1;6;18;2;;;1;6;1;;;1;2
12;1;16;12;0;;1;1;CV-10;64,8;6;14;2;;;1;1;1;;;1;2
12;5;13;12;0;;1;1;CV-10;69,561;6;4;2;;;1;1;1;;;1;1
5;6;12;12;0;;1;1;CV-166;9,8;6;16;2;;;1;1;1;;;1;2
10;7;12;12;0;;1;1;CV-166;10,46;6;12;2;;;8;1;1;;;18;2
10;1;17;12;0;;1;1;N-232;30,2;6;15;2;;;3;1;1;;;1;2
3;4;1;12;0;;1;1;AP-7;458,65;2;15;2;;;1;6;1;;;1;1
4;6;0;12;0;;1;1;AP-7;460,068;2;6;2;;;1;6;1;;;1;1
4;1;18;12;0;;3;2;No inventariada;;9;20;2;;;1;1;1;;;1;998
6;6;9;12;0;;1;1;N-340;947,7;6;6;1;10;CV-230;1;1;1;;;9;1
8;4;22;12;0;;1;1;N-340;949,543;6;4;2;;;1;6;1;;;1;1
9;5;13;12;0;;1;1;AP-7;458,1;2;12;2;;;1;1;1;;;1;1
12;4;6;12;0;;1;1;N-340;949,531;6;4;1;1;;1;6;1;;;18;1
12;6;22;12;0;;1;1;AP-7;459,285;6;4;2;;;1;6;1;;;1;1
3;5;11;12;0;;1;1;No inventariada;0;10;10;2;;;2;1;1;;;1;1
7;2;17;12;0;;1;1;CV-219;1;6;19;2;;;2;1;1;;;1;2
2;7;12;12;0;;1;1;CV-20;18,009;5;17;2;;;1;1;1;;;1;2
5;1;22;12;0;;1;1;CV-190;14,88;6;19;2;;;1;2;1;;;1;2
10;3;8;12;0;;1;1;CV-190;14,785;6;12;2;;;3;6;3;;;4;2
9;6;11;12;0;;1;1;No inventariada;0,95;10;15;2;;;1;1;1;;;1;3
4;7;11;12;0;;1;1;CV-105;41,799;6;19;2;;;1;6;1;;;1;2
6;7;12;12;0;;1;1;N-232;22;6;4;2;;;1;1;1;;;1;1
1;2;9;12;0;;1;1;CV-213;4,566;6;15;2;;;3;1;2;;;1;2
11;3;9;12;0;;1;1;N-234;43,3;6;3;2;;;1;1;1;;;1;1
4;7;22;12;0;;3;2;No inventariada;;9;16;2;;;1;4;1;;;1;998
6;1;19;12;0;;1;1;CV-190;28,8;6;12;2;;;3;1;4;;;4;2
8;1;11;12;0;;3;2;No inventariada;;14;7;1;2;;1;1;1;;;1;998
2;4;13;12;0;;1;1;N-340;945,7;6;3;1;4;;1;1;1;;;1;1
12;5;5;12;0;;1;1;AP-7;457,787;2;18;2;;;1;6;1;;;1;1
1;2;23;12;0;;1;1;CV-120;6,7;6;12;2;;;1;6;2;;;1;2
3;5;8;12;12077;;1;1;AP-7;457;2;4;2;;;1;1;2;2;;5;1
4;7;3;12;12077;;1;1;AP-7;456,6;2;14;2;;;1;6;1;;;1;1
5;7;17;12;12082;;1;1;AP-7;453,78;2;5;2;;;1;1;1;;;1;1
6;1;20;12;12077;;3;2;No inventariada;;9;2;1;1;;3;2;2;;;1;998
6;5;0;12;12082;;1;1;AP-7;450,5;2;14;2;;;1;6;1;;;1;1
8;5;15;12;12077;;1;1;AP-7;457,1;2;15;2;;;1;1;1;;;18;1
8;4;23;12;12077;;1;1;AP-7;456;2;6;2;;;1;6;1;;;1;1
7;6;19;12;12077;;3;2;No inventariada;;9;14;2;;;1;1;1;;;1;998
5;5;11;12;12077;;3;2;No inventariada;;9;2;1;1;;1;1;1;;;1;998
11;2;20;12;12126;;1;1;N-225;19;6;2;2;;;1;6;1;;;1;2
12;2;16;12;12077;;1;1;AP-7;455,459;2;4;2;;;1;1;1;;;1;1
4;5;10;12;0;;1;1;CV-195;19;6;16;2;;;1;1;1;;;4;2
8;2;17;12;0;;1;1;CV-195;18,25;6;1;2;;;1;1;1;;;1;1
11;7;10;12;0;;1;1;CV-195;19,138;6;9;2;;;1;1;2;;;1;2
8;3;13;12;0;;1;1;CV-195;26;6;19;2;;;1;1;1;;;1;2
8;5;12;12;0;;1;1;CV-20;52,5;6;19;2;;;1;1;1;;;1;1
9;6;20;12;0;;1;1;CV-20;49,141;6;18;2;;;1;6;1;;;12;2
9;4;20;12;0;;1;1;CV-20;54;6;6;2;;;3;6;3;;;5;2
12;6;9;12;0;;1;1;CV-20;45,456;6;18;2;;;1;1;1;;;1;1
1;5;16;12;0;;1;1;N-232;69,824;6;18;2;;;6;1;3;;;1;1
7;2;13;12;0;;1;1;CNO COLADA;1,8;10;10;2;;;1;1;1;;;1;1
8;3;22;12;0;;1;1;N-232;48,1;6;1;2;;;1;6;1;;;17;1
9;7;16;12;0;;1;1;N-232;61,3;6;2;1;5;;3;1;2;;;1;2
9;3;15;12;0;;1;1;N-232;55,549;6;18;2;;;3;1;3;;;1;2
10;1;15;12;0;;1;1;N-232;62,8;6;16;2;;;1;1;2;;;1;2
11;4;18;12;0;;1;1;N-232;50,95;6;14;2;;;1;2;1;;;1;1
11;4;14;12;0;;1;1;N-232;61,253;6;15;2;;;1;1;1;;;1;1
12;6;14;12;0;;1;1;CV-14;14,3;6;16;2;;;1;1;2;;;1;1
7;7;21;12;0;;1;1;CV-213;1,77;6;10;2;;;1;6;1;;;1;1
8;3;10;12;12104;;1;1;CV-213;0,078;6;3;2;;;1;1;1;;;1;1
1;6;8;12;12082;;1;1;N-340;952,7;6;4;2;;;1;1;1;;;1;1
1;5;18;12;12082;;3;2;No inventariada;;9;7;1;1;;1;3;1;;;2;998
1;6;18;12;12082;;3;2;No inventariada;;9;2;1;1;;1;4;7;;;2;998
3;4;10;12;12082;;1;1;N-340;956,257;6;6;2;;;1;1;1;;;1;1
3;5;8;12;12082;;1;1;AP-7;450,619;2;5;2;;;3;1;1;2;;5;1
3;5;8;12;12082;;1;1;AP-7;450,662;2;5;2;;;3;2;1;2;;5;1
3;5;8;12;12082;;1;1;AP-7;450,642;2;5;2;;;3;2;1;2;;1;1
4;2;12;12;12082;;1;1;CAMINO ART;5;10;14;2;;;1;1;1;;;1;3
4;6;13;12;12082;;3;2;No inventariada;;14;2;1;1;;9;1;7;;;18;998
7;3;10;12;12082;;1;1;A-7;274,5;3;3;2;;;1;1;1;;;1;1
7;6;22;12;12082;;1;1;N-340;958;6;1;2;;;1;6;1;;;1;1
7;6;14;12;12082;;1;1;N-340;954,842;6;16;1;10;;1;1;1;;;1;1
7;7;12;12;12082;;1;1;AP-7;451,6;2;4;2;;;1;1;1;;;1;1
9;7;4;12;0;;1;1;AP-7;445,9;2;14;2;;;1;4;1;;;2;1
10;2;9;12;12082;;1;1;N-340;953,626;6;10;2;;;1;1;1;;;18;1
10;3;16;12;12082;;1;1;CV-18;14,596;5;4;1;4;CV-18;1;1;1;;;18;2
11;6;23;12;12082;;1;1;CV-2220;2,381;6;14;2;;;1;6;1;;;1;2
12;3;8;12;12082;;1;1;A-7;277,516;3;4;2;;;1;2;2;;;1;1
12;3;7;12;12082;;1;1;A-7;277,5;3;4;2;;;1;2;2;;;1;1
12;4;8;12;12082;;1;1;N-340;957,567;6;4;2;;;1;2;1;;;1;1
8;5;10;12;0;;1;1;CV-121;6,273;6;18;2;;;1;1;1;;;1;2
2;1;8;12;12084;;1;1;CV-10;7,693;3;4;2;;;1;1;1;;;18;1
2;2;7;12;12084;;1;1;CV-21;10,92;6;3;2;;;1;2;1;;;1;1
2;6;22;12;12084;;1;1;CV-21;7,4;6;18;2;;;1;6;1;;;1;2
2;2;13;12;12084;;1;1;CV-10;7,902;3;4;2;;;1;1;1;;;1;1
2;3;8;12;12084;;3;2;No inventariada;;9;7;2;;;1;3;1;;;6;998
3;7;15;12;12084;;1;1;CV-188;1,434;6;13;2;;;1;1;1;;;1;1
3;3;18;12;12084;;1;1;CV-10;11,7;3;16;2;;;1;1;1;;;1;3
4;6;15;12;12084;;1;1;CAMI EMBAS;2,3;10;1;2;;;1;1;1;;;1;3
4;1;8;12;12084;;3;2;No inventariada;;9;7;2;;;1;1;1;;;18;998
4;2;18;12;12084;;3;2;No inventariada;;9;2;2;;;1;1;1;;;1;998
4;7;9;12;12084;;1;1;CV-20;4,9;6;10;2;;;1;1;1;;;1;1
4;5;1;12;12084;;3;2;No inventariada;;9;12;2;;;1;4;1;;;1;998
5;3;9;12;12084;;1;1;CV-20;4,4;6;5;1;4;;1;1;1;;;1;2
5;3;12;12;12084;;3;2;No inventariada;;9;2;1;2;;1;1;1;;;1;998
5;4;18;12;12084;;3;2;No inventariada;;9;20;2;;;9;1;7;;;18;998
5;2;20;12;12084;;3;2;No inventariada;;9;2;1;2;;3;1;4;;;18;998
5;3;22;12;12084;;3;2;No inventariada;;9;2;2;;;1;5;1;;;18;998
6;4;7;12;12084;;1;1;CV-21;13;6;19;2;;;1;1;1;;;1;1
6;6;23;12;12084;;1;1;CV-20;8,306;5;4;2;;;1;4;1;;;18;1
6;1;10;12;12084;;3;2;No inventariada;;9;2;1;1;;1;1;1;;;18;998
6;7;11;12;12084;;3;2;No inventariada;;9;4;1;7;;1;1;1;;;1;998
7;2;14;12;12084;;1;1;CV-20;9,65;5;3;1;4;;1;1;1;;;1;2
7;5;6;12;12084;;1;1;CV-20;5,408;5;2;1;4;;1;1;1;;;1;1
7;5;16;12;12084;;1;1;CV-20;7,995;5;14;2;;;1;1;1;;;1;1
7;3;13;12;12084;;3;2;No inventariada;;9;7;1;2;;1;1;1;;;1;998
1;5;18;12;12084;;3;2;No inventariada;;9;7;2;;;1;1;1;;;1;998
5;5;11;12;12084;;3;2;No inventariada;;9;2;1;7;;1;1;1;;;18;998
7;7;14;12;12084;;1;1;CV-20;5,398;5;19;1;4;;1;1;1;;;1;1
7;3;13;12;12084;;1;1;CV-20;6,5;6;2;1;4;CV-20;1;1;1;;;1;2
8;6;21;12;12084;;3;2;No inventariada;;9;3;1;4;;1;2;1;;;1;998
9;7;9;12;12084;;1;1;CV-223;30,515;6;12;2;;;1;1;1;;;4;2
9;2;16;12;12084;;1;1;CAMINO OND;2;10;2;2;;;9;1;2;;;12;2
9;3;17;12;12084;;1;1;CAMI FONDO;0;10;16;1;2;;1;1;1;;;1;1
9;6;6;12;12084;;1;1;CV-20;6,3;5;6;2;;;1;5;1;;;1;1
11;2;8;12;12084;;3;2;No inventariada;;9;4;1;1;;1;2;1;;;18;998
11;3;7;12;12084;;1;1;CV-20;13,5;6;2;1;2;CV-191;1;2;1;;;1;3
11;6;23;12;12084;;1;1;CV-21;6;6;18;2;;;1;6;1;;;1;3
12;7;17;12;12084;;1;1;CV-10;12,907;3;4;2;;;1;1;1;;;1;1
1;1;14;12;12085;;1;1;AP-7;412;2;14;2;;;1;1;1;;;1;2
2;7;16;12;12085;;1;1;PLAYETAS;0,1;10;4;2;;;1;1;1;;;1;1
2;1;21;12;12117;;1;1;AP-7;394,476;2;4;2;;;1;6;1;;;1;1
3;7;11;12;12085;;1;1;AP-7;408,2;2;14;2;;;1;1;2;;;1;3
2;7;15;12;12085;;3;2;No inventariada;;9;10;2;;;1;1;1;;;1;998
2;7;11;12;12085;;3;2;No inventariada;;9;7;2;;;2;6;1;;;17;998
4;2;20;12;12085;;3;2;No inventariada;;9;10;2;;;1;1;1;;;1;998
5;1;9;12;12085;;3;2;No inventariada;;9;4;2;;;1;1;1;;;1;998
4;6;13;12;12085;;3;2;No inventariada;;9;16;2;;;1;1;1;;;1;998
4;1;19;12;12085;;3;2;No inventariada;;9;10;2;;;1;1;1;;;1;998
6;7;13;12;12085;;3;2;No inventariada;;9;1;1;2;;1;1;1;;;1;998
6;1;8;12;12085;;3;2;No inventariada;;9;10;2;;;1;1;1;;;1;998
6;6;18;12;12085;;3;2;No inventariada;;9;3;2;;;1;1;1;;;1;998
4;1;13;12;12085;;3;2;No inventariada;;9;10;2;;;1;1;1;;;1;998
7;6;14;12;0;;1;1;AP-7;403,97;2;7;2;;;1;1;1;;;1;1
7;1;13;12;12085;;1;1;N-340;996,9;6;1;1;10;AP-7;1;1;1;;;1;1
8;4;9;12;0;;1;1;CV-1486;3;6;10;2;;;8;1;1;;;1;1
9;5;2;12;12085;;1;1;AP-7;407,149;2;17;2;;;3;6;3;;;5;2
9;4;9;12;12085;;1;1;N-340;993,35;6;3;2;;;1;1;1;;;1;1
6;2;8;12;12085;;3;2;No inventariada;;9;2;1;2;;1;1;1;;;1;998
8;3;10;12;12085;;3;2;No inventariada;;9;10;2;;;1;1;1;;;1;998
8;6;20;12;12085;;3;2;No inventariada;;9;16;2;;;1;1;1;;;1;998
9;7;2;12;12085;;3;2;No inventariada;;9;10;2;;;8;4;1;;;18;998
7;5;18;12;12085;;3;2;No inventariada;;9;2;1;2;;1;1;1;;;1;998
11;6;12;12;12085;;1;1;AP-7;408,9;2;4;2;;;3;1;4;;;5;1
7;3;12;12;12085;;3;2;No inventariada;;9;1;2;;;1;1;1;;;9;998
12;5;15;12;12085;;1;1;AP-7;406;2;12;2;;;1;1;1;;;1;1
10;6;13;12;12085;;3;2;No inventariada;;9;16;2;;;1;1;1;;;1;998
9;2;13;12;12085;;3;2;No inventariada;;9;10;2;;;1;1;1;;;1;998
12;6;7;12;12085;;1;1;AP-7;413,7;2;14;2;;;1;6;1;;;1;1
8;7;6;12;0;;1;1;CV-203;17,615;6;12;2;;;1;1;1;;;1;2
9;6;13;12;0;;1;1;CV-203;23;6;19;2;;;1;1;1;;;1;2
2;1;8;12;12089;;1;1;CV-141;1,295;6;4;2;;;1;1;1;;;1;1
4;1;12;12;12089;;1;1;CV-1406;1,8;6;12;1;4;;1;1;1;;;1;1
4;1;15;12;12089;;1;1;CV-141;1,327;6;2;1;2;CV-141;3;1;3;;;1;1
6;3;11;12;12089;;1;1;N-340;1039,8;6;3;1;10;N-340a;1;1;1;;;1;1
6;1;20;12;12089;;1;1;CV-141;0,25;6;8;2;;;1;1;1;;;1;1
6;5;11;12;12089;;1;1;CV-141;3,8;6;10;2;;;1;1;1;;;1;1
7;6;17;12;12089;;1;1;CV-141;4,9;6;10;1;4;CV-140;7;1;1;;;1;2
7;6;21;12;12089;;1;1;No inventariada;2,9;10;10;2;;;1;6;1;;;1;1
7;3;18;12;12089;;1;1;CV-141;2,593;6;4;2;;;1;1;1;;;1;1
8;1;9;12;12089;;1;1;CV-141;4,063;6;20;1;2;;1;1;2;;;2;1
8;6;16;12;12089;;3;2;No inventariada;;9;2;1;1;;1;1;1;;;1;998
8;3;20;12;12089;;1;1;CV-1406;2,3;6;4;2;;;1;1;1;;;1;1
8;4;12;12;12089;;1;1;CV-1406;0,01;6;4;1;4;;1;1;1;;;1;1
8;6;22;12;12089;;1;1;CV-1406;1,5;6;8;2;;;1;4;1;;;1;1
8;7;11;12;12089;;1;1;CV-1406;3;6;4;2;;;1;1;1;;;1;1
8;6;6;12;12089;;1;1;No inventariada;1;10;12;2;;;1;2;1;;;1;1
8;2;8;12;12089;;1;1;CV-141;0,05;6;3;1;4;N-340;1;1;1;;;1;2
8;2;23;12;12089;;1;1;AP-7;367,34;2;8;2;;;1;6;1;;;1;1
9;1;21;12;12089;;1;1;AP-7;368,22;2;4;2;;;1;6;1;;;1;1
10;6;7;12;12089;;1;1;RALLA TERM;1,5;10;3;1;2;;1;2;2;;;1;1
9;5;6;12;0;;1;1;A-23;53,504;3;16;2;;;3;6;3;1;;5;1
9;6;12;12;0;;1;1;CV-125;25,6;6;19;2;;;1;1;1;;;1;2
8;6;7;12;0;;1;1;CV-20;62,3;6;10;2;;;1;1;1;;;1;2
8;2;12;12;0;;1;1;CV-20;58,9;6;16;2;;;8;1;1;;;1;2
5;2;8;12;0;;1;1;CV-105;8,6;6;19;2;;;1;1;1;;;1;3
6;6;10;12;0;;1;1;CV-105;21,5;6;1;2;;;1;1;1;;;18;2
5;1;12;12;0;;1;1;CV-15;1;6;16;2;;;1;1;1;;;1;3
9;7;13;12;0;;1;1;CV-10;32,8;3;4;1;2;;1;1;1;;;1;1
11;4;12;12;0;;1;1;CV-10;32,656;3;17;2;;;1;1;1;;;4;4
6;6;11;12;0;;1;1;CV-189;18,7;6;10;2;;;1;1;1;;;1;1
3;1;18;12;0;;1;1;CV-100;16,427;6;2;2;;;3;2;3;;;5;2
5;7;12;12;0;;1;1;CV-235;19,5;6;10;2;;;1;1;1;;;1;1
6;4;13;12;0;;1;1;CV-235;19,2;6;18;2;;;1;1;1;;;1;2
4;3;18;12;0;;1;1;CAMINO PAN;0,5;10;19;2;;;1;1;1;;;1;1
8;7;12;12;0;;3;2;No inventariada;;9;20;2;;;1;1;1;;;1;998
12;6;21;12;0;;1;1;Cº GOLF;3;10;6;2;;;1;6;1;;;17;1
4;6;13;12;0;;1;1;CV-10;84,8;6;3;2;;;1;1;1;;;1;2
6;6;1;12;0;;1;1;CNO PIQUES;1,8;10;13;2;;;1;6;1;;;1;3
6;2;8;12;0;;1;1;CV-132;0,845;6;12;1;2;CV-132;1;1;1;;;1;2
10;1;13;12;0;;1;1;CV-10;82,859;6;10;2;;;3;1;3;;;1;1
4;2;7;12;0;;1;1;CV-11;11,914;6;4;2;;;1;1;1;;;1;1
1;3;15;12;0;;1;1;N-340;1028,6;6;15;2;;;1;1;1;;;1;1
2;4;7;12;0;;1;1;AP-7;376,203;2;14;2;;;1;6;1;;;1;1
5;6;17;12;0;;1;1;AP-7;375;2;18;2;;;1;1;1;;;1;1
5;2;15;12;0;;1;1;AP-7;375;2;12;2;;;1;1;1;;;1;1
6;2;13;12;0;;1;1;AP-7;370,7;2;4;2;;;1;1;1;;;1;1
9;1;15;12;0;;1;1;AP-7;372,5;2;3;2;;;1;1;1;;;1;1
12;7;17;12;0;;1;1;AP-7;370;2;3;2;;;1;1;1;;;1;1
12;6;14;12;0;;1;1;AP-7;374;2;5;2;;;1;1;1;;;1;1
1;2;12;12;12104;;1;1;CV-2160;4,7;6;9;2;;;1;1;2;;;1;2
3;3;12;12;12104;;1;1;A-23;27;3;18;2;;;1;1;1;;;1;1
3;1;14;12;12104;;1;1;CV-2160;1,2;6;14;2;;;3;1;3;;;1;2
3;1;17;12;12104;;1;1;CV-215;17,829;6;18;2;;;3;1;3;;;1;2
4;6;12;12;12104;;1;1;N-234;18,2;6;10;2;;;2;1;1;;;1;1
4;6;3;12;12104;;1;1;CV-200;1,6;6;13;1;2;CV-215;1;6;1;;;1;1
4;2;23;12;12104;;1;1;A-23;17,6;3;1;2;;;1;6;1;;;1;1
5;6;20;12;12104;;3;2;No inventariada;;9;3;1;2;;1;2;1;;;1;998
6;5;10;12;12104;;3;2;No inventariada;;9;2;2;;;1;1;1;;;1;998
6;1;10;12;12104;;3;2;No inventariada;;9;20;2;;;1;1;1;;;1;998
7;6;22;12;12104;;1;1;CV-215;17,5;6;12;2;;;3;6;4;;;5;3
8;4;2;12;12104;;3;2;No inventariada;;9;10;1;4;;1;4;1;;;1;998
9;4;20;12;12104;;3;2;No inventariada;;9;19;1;4;;3;3;2;;;1;998
10;7;14;12;12104;;1;1;No inventariada;2,2;10;13;2;;;1;1;1;;;1;3
10;3;15;12;12104;;3;2;No inventariada;;9;20;1;1;;1;1;1;;;1;998
11;5;18;12;12104;;3;2;No inventariada;;9;10;2;;;2;3;1;;;1;998
10;4;8;12;12104;;3;2;No inventariada;;9;4;1;1;;1;1;1;;;6;998
12;7;11;12;0;;1;1;CV-245;22,5;6;19;2;;;1;1;1;;;1;2
8;5;4;12;0;;3;2;No inventariada;;9;10;2;;;2;6;1;;;1;998
5;3;17;12;0;;1;1;CV-218;1,183;6;1;2;;;1;1;1;;;4;3
7;7;19;12;12104;;1;1;A-23;24,621;3;18;1;2;N-234;1;1;1;;;1;1
8;5;22;12;0;;1;1;N-234;24;6;7;2;;;1;6;1;;;1;1
10;3;12;12;0;;3;2;No inventariada;;9;15;2;;;1;1;2;;;1;998
4;4;18;12;0;;1;1;CV-221;0;6;2;1;4;A-23;1;1;1;;;1;2
5;7;7;12;0;;1;1;CV-221;1,1;6;13;2;;;1;2;1;;;1;3
6;6;9;12;0;;1;1;CV-235;8,955;6;16;2;;;1;1;1;;;1;2
6;6;20;12;0;;1;1;CV-236;1,28;6;18;2;;;1;1;1;;;1;1
5;3;10;12;0;;1;1;CV-20;29,136;6;17;2;;;1;1;1;;;4;2
7;4;6;12;0;;1;1;CV-20;31,151;6;19;2;;;1;6;1;;;4;1
8;3;10;12;0;;1;1;CV-20;28,763;6;19;2;;;1;1;2;;;1;1
5;2;20;12;0;;1;1;CV-236;1,24;6;15;2;;;3;1;2;;;1;3
6;7;1;12;0;;1;1;CV-236;6,197;6;14;2;;;3;6;2;;;1;3
5;7;12;12;0;;1;1;PISTA FORE;0;14;10;2;;;2;1;1;;;1;1
7;1;17;12;0;;1;1;CV-240;5,3;6;12;2;;;1;1;2;;;1;2
3;6;11;12;0;;2;2;CV-203;9;6;20;2;;;1;1;1;;;1;1
1;5;17;12;12117;;1;1;N-340;1009;6;4;2;;;3;2;4;;;5;1
2;4;10;12;12117;;2;2;N-340;1011,25;6;6;2;;;2;1;1;;;1;1
2;4;14;12;12117;;1;1;N-340;1008,973;6;4;2;;;1;1;1;;;1;4
4;5;22;12;12117;;1;1;CV-145;1;6;15;2;;;1;6;1;;;1;3
6;6;6;12;12117;;1;1;CMNO CARRE;1;10;10;2;;;2;3;1;;;18;1
8;1;17;12;12004;;1;1;AP-7;389,8;2;4;2;;;1;6;1;;;1;1
9;7;21;12;12117;;1;1;AP-7;395,505;2;19;2;;;1;6;1;;;1;1
4;5;8;12;12117;;3;2;No inventariada;;9;7;2;;;1;1;1;;;18;998
8;5;14;12;12117;;3;2;No inventariada;;9;19;2;;;1;1;1;;;1;998
5;7;12;12;0;;1;1;CV-165;36,5;6;16;2;;;1;1;1;;;1;3
11;3;12;12;0;;1;1;CV-10;56,218;6;4;2;;;1;1;1;;;1;2