MES;DIA_SEMANA;HORA;COD_PROVINCIA;COD_MUNICIPIO;ISLA;ZONA;ZONA_AGRUPADA;CARRETERA;KM;TIPO_VIA;TIPO_ACCIDENTE;NUDO;NUDO_INFO;CARRETERA_CRUCE;CONDICION_FIRME;CONDICION_ILUMINACION;CONDICION_METEO;CONDICION_NIEBLA;CONDICION_VIENTO;VISIB_RESTRINGIDA_POR;TRAZADO_PLANTA
3;5;9;12;0;;1;1;CNO ERMITA;2,1;10;10;2;;;3;1;2;;;1;3
10;4;10;12;0;;1;1;CV-11;0,965;6;14;2;;;1;1;1;;;1;1
10;7;10;12;0;;1;1;CV-165;10,162;6;12;2;;;1;1;1;;;1;2
11;5;17;12;0;;1;1;CV-165;18,5;6;10;2;;;3;1;1;;;1;1
11;7;9;12;0;;1;1;CV-165;19,2;6;12;2;;;2;1;1;;;1;2
3;6;18;12;0;;1;1;CV-20;25,723;6;3;2;;;1;1;1;;;1;2
5;4;1;12;0;;1;1;CV-15;10,9;6;16;2;;;1;6;1;;;1;2
7;2;13;12;0;;1;1;CV-159;11,011;6;19;2;;;1;1;1;;;1;1
10;2;22;12;0;;1;1;CV-15;8,585;6;14;2;;;3;4;3;;;1;2
10;4;5;12;0;;1;1;CV-170;0,415;6;16;2;;;4;6;4;;;18;1
12;6;9;12;0;;3;2;No inventariada;;14;2;1;1;;1;1;1;;;1;998
2;4;10;12;12126;;3;2;No inventariada;;9;3;1;2;;1;1;1;;;1;998
3;3;12;12;12126;;1;1;A-7;284,829;3;17;2;;;1;1;1;;;1;1
3;5;15;12;0;;1;1;A-7;288,5;3;4;1;10;A-7;1;1;1;;;1;1
4;7;11;12;12126;;1;1;N-225;21,721;6;4;2;;;1;1;1;;;1;1
4;6;17;12;12126;;1;1;A-7;286,1;3;4;1;4;CV-230;1;1;1;;;1;3
4;2;10;12;12126;;1;1;N-225;21,35;6;2;2;;;1;1;1;;;1;2
4;3;19;12;12126;;1;1;N-225;18,6;6;18;1;4;;1;1;1;;;1;2
2;1;9;12;12126;;3;2;No inventariada;;9;2;2;;;1;1;1;;;1;998
4;6;11;12;12126;;3;2;No inventariada;;9;10;2;;;1;1;1;;;1;998
5;3;19;12;12126;;3;2;No inventariada;;9;10;1;2;;1;1;1;;;1;998
5;5;13;12;12126;;3;2;No inventariada;;9;10;1;4;;1;1;1;;;18;998
3;2;12;12;12126;;3;2;No inventariada;;9;6;1;2;;2;3;1;;;1;998
2;2;8;12;12126;;3;2;No inventariada;;9;11;2;;;1;1;1;;;18;998
5;6;13;12;12126;;3;2;No inventariada;;9;2;1;2;;1;1;1;;1;1;998
6;3;20;12;12126;;1;1;A-7;284,234;3;12;2;;;1;1;1;;;1;1
6;2;19;12;12126;;1;1;N-225;21,5;6;2;2;;;1;1;1;;;1;1
6;6;18;12;12126;;3;2;No inventariada;;9;20;1;2;;8;1;1;;;1;998
7;5;12;12;12082;;1;1;N-225;22,5;6;3;2;;;1;1;2;;;1;1
8;7;9;12;12126;;1;1;N-225;18,8;6;10;1;4;;7;1;2;;;1;2
9;6;9;12;12126;;1;1;N-225;19,6;6;2;1;4;;1;1;1;;;1;4
9;5;23;12;12126;;1;1;CV-2261;0,4;6;16;2;;;1;6;1;;;1;3
9;1;8;12;12126;;3;2;No inventariada;;9;10;1;7;;7;2;1;;;18;998
9;2;12;12;12126;;1;1;N-225;12,8;6;19;2;;;1;1;7;;;1;1
9;6;9;12;0;;1;1;CV-230;18,2;6;10;2;;;1;1;1;;;1;1
11;6;14;12;12126;;1;1;A-7;282,3;5;3;2;;;1;1;1;;;1;1
9;1;13;12;12126;;3;2;No inventariada;;9;20;1;2;;8;1;1;;;18;998
6;6;12;12;0;;1;1;CV-111;14;5;10;2;;;1;1;1;;;1;4
12;2;11;12;0;;1;1;CV-111;15,7;6;12;2;;;1;1;1;;;4;3
3;6;16;12;0;;1;1;CV-160;7,9;6;19;2;;;1;1;1;;;1;2
5;6;1;12;0;;1;1;No inventariada;0,3;10;14;2;;;1;6;1;;;1;1
6;5;5;12;0;;1;1;CV-160;14,192;6;8;2;;;1;4;1;;;1;1
7;2;14;12;0;;1;1;CV-160;14,85;6;15;2;;;1;1;1;;;1;1
8;7;13;12;0;;1;1;CV-15;2;6;15;1;4;;1;1;1;;;1;2
9;6;19;12;0;;1;1;CV-162;0,683;6;2;2;;;1;1;1;;;1;1
10;6;19;12;0;;1;1;COSTUR;1,4;10;18;2;;;1;1;1;;;4;3
12;4;8;12;0;;1;1;CV-15;4,1;6;3;1;1;;1;1;1;;;1;1
12;5;9;12;0;;1;1;CV-1581;0,55;6;19;2;;;1;1;1;;;1;1
4;5;9;12;0;;3;2;No inventariada;;9;10;2;;;1;1;1;;;1;998
1;1;10;12;0;;1;1;CV-175;7,469;6;14;2;;;1;1;1;;;1;2
1;2;13;12;12135;;3;2;No inventariada;;9;10;2;;;1;1;1;;;1;998
1;2;21;12;12135;;3;2;No inventariada;;9;3;1;1;;1;4;1;;;1;998
1;1;21;12;12135;;1;1;AP-7;439,5;2;19;2;;;1;6;1;;;1;1
1;4;11;12;12135;;3;2;No inventariada;;9;2;1;4;;1;1;1;;;1;998
1;5;10;12;12135;;1;1;N-340;969,35;6;2;1;4;;1;1;1;;;1;3
1;2;17;12;12135;;3;2;No inventariada;;9;10;2;;;1;1;1;;;1;998
1;7;23;12;12135;;3;2;No inventariada;;9;3;1;1;;1;4;1;;;1;998
1;3;15;12;12135;;3;2;No inventariada;;9;2;1;1;;1;1;1;;;1;998
1;1;17;12;12135;;3;2;No inventariada;;9;7;1;2;;1;1;1;;;11;998
1;6;12;12;12135;;3;2;No inventariada;;13;10;2;;;2;1;2;;;1;998
1;6;0;12;12135;;3;2;No inventariada;;9;2;1;1;;3;4;3;;;1;998
1;4;15;12;12135;;3;2;No inventariada;;9;10;2;;;8;1;1;;;1;998
1;2;10;12;12135;;3;2;No inventariada;;9;7;2;;;1;1;1;;;2;998
2;4;7;12;12135;;3;2;No inventariada;;9;2;1;1;;1;3;1;;;1;998
2;2;9;12;12135;;1;1;CV-185;0,15;6;4;2;;;1;1;1;;;1;1
2;5;19;12;12135;;3;2;No inventariada;;14;4;2;;;3;4;3;;;1;998
2;2;8;12;12135;;3;2;No inventariada;;14;3;1;1;;1;1;1;;;18;998
2;5;13;12;12135;;1;1;CV-10;10,3;3;5;2;;;1;1;1;;;1;1
2;6;20;12;12135;;1;1;N-340;965,6;6;4;2;;;1;6;1;;;1;1
2;1;6;12;12135;;1;1;N-340;967,7;6;2;2;;;1;6;2;;;1;1
2;3;11;12;12135;;1;1;N-340;969,59;6;4;1;4;N-340a;1;1;1;;;1;1
2;3;8;12;12135;;1;1;N-340;964,15;6;4;2;;;1;1;1;;;1;1
2;3;9;12;12135;;3;2;No inventariada;;9;7;1;1;;1;1;1;;;1;998
2;4;19;12;12135;;3;2;No inventariada;;9;2;1;1;;1;4;1;;;1;998
3;1;14;12;12135;;3;2;No inventariada;;9;4;2;;;1;1;1;;;1;998
3;4;14;12;12135;;3;2;No inventariada;;9;2;1;1;;1;3;1;;;1;998
3;4;20;12;12135;;3;2;No inventariada;;9;2;1;1;;1;4;1;;;1;998
3;6;8;12;12135;;1;1;N-340;964,8;6;4;2;;;1;1;1;;;1;1
3;4;13;12;12135;;3;2;No inventariada;;9;3;1;2;;1;1;1;;;1;998
3;4;16;12;12135;;3;2;No inventariada;;9;7;2;;;1;1;1;;;1;998
3;2;13;12;12135;;3;2;No inventariada;;9;10;1;1;;1;1;1;;;1;998
4;2;14;12;12135;;1;1;CV-10;9,7;3;4;2;;;1;1;1;;;1;2
4;4;12;12;12135;;3;2;No inventariada;;9;2;1;2;;1;1;1;;;1;998
4;3;10;12;12135;;3;2;No inventariada;;9;2;1;1;;1;1;1;;;1;998
4;2;8;12;12135;;3;2;No inventariada;;9;2;1;1;;1;1;1;;;1;998
4;4;16;12;12135;;1;1;N-340a;969,48;6;20;1;4;N-340a;1;1;1;;;1;2
3;7;15;12;12135;;3;2;No inventariada;;9;3;1;2;;1;1;1;;;1;998
4;5;18;12;12135;;3;2;No inventariada;;9;5;2;;;1;1;1;;;1;998
4;1;8;12;12135;;1;1;CV-185;0,25;6;5;2;;;1;1;2;;;1;1
4;2;14;12;12135;;3;2;No inventariada;;14;6;2;;;1;1;2;;;1;998
4;6;22;12;12135;;3;2;No inventariada;;9;2;1;4;;1;4;1;;;1;998
5;5;8;12;12135;;1;1;CV-185;0,342;6;4;2;;;1;6;1;;;18;1
4;2;13;12;12135;;1;1;CV-20;1;6;3;2;;;1;1;1;;;1;4
5;3;12;12;12135;;3;2;No inventariada;;9;7;1;1;;1;1;1;;;9;998
5;4;19;12;12135;;3;2;No inventariada;;9;7;2;;;1;1;1;;;1;998
5;4;15;12;12135;;3;2;No inventariada;;9;2;1;1;;1;1;1;;;1;998
5;4;0;12;12135;;3;2;No inventariada;;9;4;2;;;1;4;1;;;1;998
5;4;10;12;12135;;3;2;No inventariada;;9;1;1;1;;1;1;1;;;1;998
5;5;10;12;12135;;3;2;No inventariada;;9;3;1;1;;1;1;1;;;1;998
5;3;13;12;12135;;3;2;No inventariada;;9;7;2;;;1;1;1;;;1;998
5;5;7;12;12009;;1;1;N-340;969,967;6;2;2;;;1;1;1;;;18;1
5;4;9;12;12009;;1;1;CV-10;13,789;3;4;2;;;1;1;7;;;18;4
5;5;16;12;12135;;1;1;N-340;966,899;6;4;2;;;1;1;2;;;1;1
5;4;11;12;12135;;3;2;No inventariada;;9;10;1;4;;1;1;1;;;1;998
5;4;19;12;12135;;3;2;No inventariada;;9;7;1;1;;1;1;1;;;1;998
6;1;14;12;12135;;3;2;No inventariada;;9;2;1;1;;1;1;1;;;1;998
6;3;18;12;12135;;3;2;No inventariada;;9;7;2;;;1;1;1;;;1;998
6;3;20;12;12135;;3;2;No inventariada;;9;10;2;;;1;1;1;;;1;998
6;6;11;12;12135;;3;2;No inventariada;;9;10;1;4;;1;1;1;;;1;998
6;1;16;12;12135;;1;1;CV-10;10,068;3;14;2;;;1;1;1;;;18;1
6;1;15;12;12135;;3;2;No inventariada;;9;2;2;;;1;1;1;;;1;998
6;4;18;12;12135;;3;2;No inventariada;;9;4;2;;;1;1;1;;;1;998
6;3;5;12;12135;;1;1;N-340;969,58;6;2;1;4;N-340a;1;4;1;;;1;2
6;6;20;12;12135;;1;1;N-340;969,482;6;4;1;4;N-340;1;1;1;;;1;1
7;2;7;12;12135;;3;2;No inventariada;;9;10;2;;;1;1;1;;;1;998
7;2;19;12;12135;;3;2;No inventariada;;9;10;1;1;;1;1;1;;;1;998
7;2;20;12;12135;;3;2;No inventariada;;9;2;1;4;;1;1;1;;;1;998
7;3;18;12;12135;;1;1;CV-20;0;6;4;2;;;1;1;1;;;1;1
7;5;19;12;12135;;3;2;No inventariada;;9;15;1;1;;1;1;1;;;1;998
7;5;18;12;12135;;1;1;CV-20;2,422;6;3;1;4;;1;1;1;;;1;2
7;7;21;12;12135;;3;2;No inventariada;;9;3;1;1;;1;3;1;;;1;998
7;3;14;12;12135;;3;2;No inventariada;;9;3;1;2;;1;1;1;;;1;998
7;3;13;12;12135;;3;2;No inventariada;;9;2;1;1;;1;1;1;;;2;998
7;4;19;12;12135;;3;2;No inventariada;;9;2;1;1;;1;1;1;;;9;998
7;6;20;12;12135;;3;2;No inventariada;;9;7;1;4;;1;1;1;;;1;998
7;3;19;12;12135;;3;2;No inventariada;;9;7;2;;;1;1;1;;;1;998
8;6;20;12;12135;;3;2;No inventariada;;9;20;2;;;1;2;1;;;1;998
8;1;20;12;12135;;3;2;No inventariada;;14;10;2;;;8;2;1;;;1;998
8;3;9;12;12135;;3;2;No inventariada;;9;2;1;1;;1;1;1;;;1;998
8;2;20;12;12135;;3;2;No inventariada;;9;4;1;1;;1;2;1;;;1;998
8;1;18;12;12135;;3;2;No inventariada;;9;7;2;;;1;1;1;;;1;998
8;2;14;12;12135;;3;2;No inventariada;;14;15;1;2;;2;1;2;;;1;998
8;4;10;12;12135;;3;2;No inventariada;;9;10;2;;;1;1;1;;;1;998
8;4;23;12;12135;;3;2;No inventariada;;9;2;1;1;;1;4;1;;;2;998
8;1;17;12;12135;;3;2;No inventariada;;9;10;2;;;1;1;1;;;1;998
9;6;18;12;12135;;3;2;No inventariada;;9;10;2;;;1;1;1;;;1;998
9;6;11;12;12135;;3;2;No inventariada;;9;2;1;1;;1;1;1;;;1;998
9;7;21;12;12135;;3;2;No inventariada;;9;10;1;1;;1;4;1;;;1;998
9;2;12;12;12135;;3;2;No inventariada;;9;20;2;;;1;1;1;;;1;998
9;2;22;12;12135;;3;2;No inventariada;;9;15;1;2;;1;4;1;;;18;998
9;4;11;12;12135;;3;2;No inventariada;;9;10;2;;;3;1;2;;;1;998
9;7;14;12;12135;;1;1;CV-222;5,4;6;1;2;;;1;1;1;;;1;2
9;7;16;12;12135;;3;2;No inventariada;;9;2;1;1;;1;1;1;;;1;998
9;3;7;12;12135;;3;2;No inventariada;;9;4;2;;;1;1;1;;;1;998
10;7;12;12;12135;;1;1;N-340;968,185;6;1;2;;;1;1;1;;;1;2
10;4;10;12;12135;;3;2;No inventariada;;14;3;1;1;;1;1;1;;;1;998
10;1;10;12;12135;;3;2;No inventariada;;9;10;1;1;;1;1;1;;;1;998
10;1;17;12;12135;;3;2;No inventariada;;9;4;2;;;1;1;1;;;1;998
10;2;18;12;12135;;1;1;N-340;967,239;6;4;2;;;3;2;3;;;1;1
10;4;16;12;12135;;3;2;No inventariada;;9;2;1;1;;1;1;1;;;6;998
10;1;16;12;12135;;3;2;No inventariada;;9;10;2;;;1;1;1;;;1;998
10;3;21;12;12135;;1;1;N-340;964,85;6;3;2;;;3;6;1;;;1;1
10;5;7;12;12135;;1;1;N-340;969,5;6;5;2;;;3;6;3;1;;1;1
10;7;12;12;12135;;3;2;No inventariada;;9;2;1;1;;3;1;3;;;9;998
10;2;21;12;12135;;3;2;No inventariada;;9;2;1;1;;3;4;3;;;1;998
11;7;6;12;12135;;1;1;N-340;969,555;6;2;1;4;N-340a;1;6;1;;;1;2
11;5;10;12;12135;;3;2;No inventariada;;9;7;2;;;1;1;1;;;1;998
11;2;10;12;12135;;3;2;No inventariada;;9;3;1;1;;1;1;1;;;1;998
11;3;19;12;12135;;3;2;No inventariada;;9;2;1;4;;3;4;3;;;18;998
11;3;7;12;12135;;3;2;No inventariada;;9;10;1;4;;3;1;3;;;1;998
11;3;13;12;12135;;3;2;No inventariada;;9;10;1;4;;7;1;1;;;1;998
11;7;10;12;12135;;3;2;No inventariada;;9;7;2;;;1;1;1;;;6;998
11;2;12;12;12135;;1;1;N-340;969,555;6;2;1;4;N-340;1;1;1;;;1;2
11;2;17;12;12135;;3;2;No inventariada;;9;10;2;;;1;1;1;;;1;998
11;4;8;12;12135;;1;1;N-340;964,5;6;4;2;;;1;6;1;;;1;1
11;4;18;12;12135;;3;2;No inventariada;;9;4;2;;;1;3;1;;;1;998
11;3;18;12;12135;;1;1;N-340;967,5;6;5;2;;;1;6;1;;;4;1
11;3;14;12;12135;;3;2;No inventariada;;9;2;1;1;;1;1;1;;;1;998
11;4;19;12;12135;;1;1;N-340;967,92;6;4;2;;;1;6;1;;;1;1
11;4;11;12;12135;;3;2;No inventariada;;9;19;2;;;1;1;1;;;1;998
12;1;15;12;12135;;3;2;No inventariada;;9;7;2;;;1;1;1;;;6;998
12;3;8;12;12135;;3;2;No inventariada;;9;7;1;1;;1;1;1;;;18;998
12;4;13;12;12135;;3;2;No inventariada;;9;2;1;4;;1;1;1;;;1;998
12;5;0;12;12135;;3;2;No inventariada;;9;6;2;;;1;4;1;;;18;998
11;4;10;12;12135;;3;2;No inventariada;;9;7;2;;;1;1;1;;;1;998
12;2;10;12;12135;;3;2;No inventariada;;9;20;1;2;;1;1;1;;;1;998
12;3;17;12;12135;;3;2;No inventariada;;9;9;2;;;1;3;1;;;1;998
12;6;4;12;12135;;3;2;No inventariada;;9;5;1;1;;1;4;1;;;1;998
12;3;7;12;12135;;1;1;N-340;965,771;6;4;1;2;N-340;1;6;1;;;1;1
12;3;14;12;12135;;3;2;No inventariada;;9;7;1;4;;1;1;1;;;1;998
12;3;13;12;12135;;3;2;No inventariada;;9;2;1;1;;3;1;3;;;1;998
12;7;11;12;12135;;3;2;No inventariada;;9;7;2;;;1;1;1;;;1;998
5;6;10;12;0;;1;1;CV-2223;0,25;6;6;2;;;1;1;1;;;1;1
6;6;21;12;0;;3;2;No inventariada;;9;7;1;2;;1;3;1;;;1;998
1;2;23;12;12138;;3;2;No inventariada;;9;2;1;4;;1;4;1;;;1;998
1;6;18;12;12138;;1;1;N-340a;1056,283;6;8;2;;;1;6;1;;;1;1
1;4;19;12;12138;;3;2;No inventariada;;9;2;1;4;;1;4;1;;;1;998
1;2;17;12;12138;;3;2;No inventariada;;9;10;2;;;1;4;1;;;1;998
1;6;20;12;12138;;3;2;No inventariada;;9;7;2;;;1;4;1;;;1;998
1;5;21;12;12138;;3;2;No inventariada;;9;7;2;;;1;4;1;;;1;998
2;3;10;12;12138;;3;2;No inventariada;;9;7;1;2;;1;1;1;;;6;998
2;4;15;12;12138;;1;1;N-340;1051,798;6;10;2;;;1;1;2;;;1;1
2;3;7;12;12138;;3;2;No inventariada;;9;6;2;;;1;1;1;;;1;998
2;7;18;12;12138;;3;2;No inventariada;;9;2;2;;;1;4;1;;;1;998
2;3;13;12;12138;;3;2;No inventariada;;9;10;2;;;1;1;1;;;1;998
3;4;8;12;12138;;3;2;No inventariada;;9;10;1;4;;1;1;1;;;1;998
3;1;15;12;12138;;3;2;No inventariada;;7;15;1;2;;3;1;3;;;1;998
4;6;11;12;12138;;1;1;N-340;1048,637;6;4;2;;;1;1;1;;;1;1
4;4;18;12;12138;;3;2;No inventariada;;9;7;1;4;;1;1;1;;;1;998
4;4;7;12;12138;;3;2;No inventariada;;14;4;1;2;;1;1;1;;;1;998
4;2;12;12;12138;;3;2;No inventariada;;9;10;1;4;;1;1;1;;;1;998
4;4;18;12;12138;;3;2;No inventariada;;9;7;2;;;1;1;1;;;1;998
4;3;10;12;12138;;3;2;No inventariada;;9;7;2;;;1;1;1;;;1;998
5;1;17;12;12138;;1;1;N-340;1048,7;6;2;2;;;1;1;1;;;1;1
5;6;11;12;12138;;3;2;No inventariada;;9;4;1;2;;1;1;1;;;1;998
5;5;8;12;12138;;3;2;No inventariada;;9;10;2;;;1;1;1;;;1;998
5;4;19;12;12138;;3;2;No inventariada;;9;7;2;;;1;1;1;;;1;998
5;7;8;12;12138;;3;2;No inventariada;;9;2;1;4;;1;1;1;;;1;998
5;4;19;12;12138;;3;2;No inventariada;;9;7;2;;;1;1;1;;;1;998
6;6;23;12;12138;;1;1;N-340a;1050;6;4;2;;;1;6;1;;;1;1
6;2;12;12;12138;;3;2;No inventariada;;9;10;1;4;;1;1;1;;;1;998
6;4;12;12;12138;;3;2;No inventariada;;9;2;1;4;;1;1;1;;;1;998
6;4;17;12;12138;;1;1;N-238;0,5;6;4;1;2;N-340a;1;1;1;;;1;2
6;3;18;12;12138;;3;2;No inventariada;;9;3;1;2;;1;1;1;;;1;998
6;4;12;12;12138;;1;1;CV-138;0,1;6;10;2;;;1;1;1;;;1;3
6;6;13;12;12138;;1;1;N-340a;1052,6;6;10;2;;;1;1;1;;;1;1
7;7;7;12;12027;;1;1;N-340a;1047,372;6;20;2;;;1;2;1;;;1;1
7;3;21;12;12138;;1;1;N-238;3,5;6;19;2;;;1;1;1;;;1;3
7;5;12;12;12138;;1;1;AP-7;349,299;2;4;2;;;1;1;1;;;1;1
7;3;22;12;12138;;3;2;No inventariada;;9;2;2;;;1;6;1;;;1;998
7;5;16;12;12138;;3;2;No inventariada;;9;10;1;4;;1;1;1;;;1;998
7;7;14;12;12138;;3;2;No inventariada;;9;2;1;2;;1;1;1;;;1;998
7;4;10;12;12138;;1;1;CV-11;19,5;6;9;1;4;;2;1;1;;;1;2
7;1;15;12;12138;;3;2;No inventariada;;9;7;1;2;;1;1;1;;;1;998
7;2;19;12;12138;;3;2;No inventariada;;9;7;2;;;1;1;1;;;1;998
7;1;13;12;12138;;3;2;No inventariada;;9;2;1;4;;1;1;1;;;1;998
8;6;7;12;12138;;1;1;AP-7;345,9;2;5;2;;;1;1;1;;;1;1
7;3;16;12;12138;;3;2;No inventariada;;9;2;1;4;;1;1;1;;;1;998
7;3;10;12;12138;;3;2;No inventariada;;9;2;1;1;;1;1;1;;;1;998
8;6;6;12;12138;;3;2;No inventariada;;9;10;2;;;1;3;1;;;1;998
8;7;23;12;12138;;3;2;No inventariada;;9;2;1;1;;1;4;1;;;1;998
8;1;13;12;12138;;3;2;No inventariada;;9;2;1;1;;1;1;1;;;1;998
8;1;15;12;12138;;3;2;No inventariada;;9;2;1;4;;1;1;1;;;1;998
8;5;13;12;12138;;3;2;No inventariada;;9;7;2;;;1;1;1;;;1;998
8;5;8;12;12138;;3;2;No inventariada;;9;10;1;1;;1;1;1;;;1;998
9;3;14;12;12138;;1;1;N-340a;1054,4;6;2;1;1;;1;1;1;;;1;1
9;7;12;12;12138;;1;1;CV-102;0,9;6;1;2;;;1;1;1;;;1;3
8;6;13;12;12138;;3;2;No inventariada;;9;10;1;4;;1;1;1;;;1;998
9;3;20;12;12138;;3;2;No inventariada;;9;10;2;;;1;1;1;;;1;998
9;1;9;12;12138;;1;1;CV-11;19,533;6;10;1;4;;1;1;1;;;1;2
9;1;16;12;12138;;3;2;No inventariada;;9;2;1;4;;1;1;1;;;1;998
9;5;21;12;12138;;3;2;No inventariada;;9;7;1;4;;1;4;3;;;1;998
10;6;12;12;12138;;1;1;N-340a;1049;6;2;1;1;;1;1;1;;;1;1
10;4;22;12;12138;;1;1;AP-7;346,95;2;12;2;;;1;6;1;;;1;1
10;6;10;12;12138;;1;1;N-232;7,127;6;4;2;;;1;1;2;;;1;1
10;2;11;12;12138;;3;2;No inventariada;;9;2;1;1;;1;1;1;;;1;998
10;5;12;12;12138;;3;2;No inventariada;;9;10;2;;;1;1;1;;;1;998
10;5;8;12;12138;;3;2;No inventariada;;9;7;1;1;;1;1;1;;;1;998
10;7;6;12;12138;;3;2;No inventariada;;9;16;2;;;1;3;1;;;1;998
10;3;21;12;12138;;1;1;VIA SERVIC;1052,5;10;18;2;;;3;6;3;;;18;1
11;1;13;12;12138;;1;1;N-340;1053,35;6;1;2;;;1;1;2;;;1;1
11;5;8;12;12138;;1;1;AP-7;350,198;2;18;2;;;1;1;1;;;1;1
12;7;12;12;12138;;1;1;N-232;1,8;6;12;1;4;N-232;1;1;1;;;1;2
12;6;6;12;12138;;1;1;N-238;5,4;6;2;2;;;1;6;1;;;17;1
12;6;14;12;12138;;1;1;N-340a;1049;6;2;1;1;N-340a;1;1;1;;;9;1
12;4;10;12;12138;;1;1;N-340a;1058,3;6;10;2;;;1;1;2;;;1;1
3;5;9;12;0;;1;1;CV-235;2;6;19;2;;;3;1;3;;;1;2
6;6;13;12;0;;1;1;CV-190;42,8;6;10;2;;;1;1;2;;;1;2
7;1;10;12;0;;2;2;DESCONOCID;0,1;10;10;2;;;9;1;7;;;18;4
8;7;12;12;0;;1;1;CV-190;53,1;6;19;2;;;1;1;1;;;1;1
10;7;11;12;0;;1;1;CV-195;35,2;6;17;2;;;1;1;1;;;1;2
2;3;10;12;0;;1;1;AP-7;444,182;2;16;2;;;1;1;1;;;1;1
3;5;8;12;0;;1;1;N-340;962,101;6;4;1;1;;1;1;1;;;1;1
4;6;2;12;12135;;1;1;AP-7;439,685;2;14;2;;;1;6;1;;;1;1
5;6;7;12;0;;1;1;AP-7;445,4;2;4;2;;;1;1;1;;;1;1
6;2;14;12;0;;1;1;CV-222;7,698;6;3;1;4;CV-222;1;1;1;;;18;1
6;4;8;12;0;;1;1;CAMINO VEC;446;10;19;2;;;1;1;1;;;1;1
7;5;14;12;0;;1;1;N-340;962,621;6;2;2;;;1;1;1;;;1;1
6;6;16;12;0;;3;2;No inventariada;;9;3;1;2;;1;1;1;;;1;998
6;5;20;12;0;;3;2;No inventariada;;9;;1;1;;999;999;999;;;999;998
7;3;12;12;0;;3;2;No inventariada;;9;9;1;2;;1;1;1;;;1;998
7;4;17;12;0;;3;2;No inventariada;;9;2;1;1;;1;1;1;;;1;998
8;1;12;12;0;;1;1;AP-7;444,804;2;12;2;;;1;1;1;;;1;1
10;4;7;12;12135;;1;1;CV-222;4,8;6;3;1;2;;1;6;1;;;1;1
10;2;18;12;0;;1;1;AP-7;446,6;2;17;2;;;3;6;4;;;5;1
3;4;6;12;0;;1;1;CV-16;9;6;12;2;;;1;2;2;;;1;1
6;7;10;12;0;;1;1;CV-160;6;5;15;2;;;2;1;1;;;12;3
6;1;6;13;0;;1;1;CM-4110;12,793;6;18;2;;;3;1;3;;;1;2
9;4;15;13;0;;1;1;CM-4110;13,8;6;16;2;;;1;1;1;;;1;2
11;2;14;13;0;;1;1;CR-4121;4,9;6;12;2;;;1;1;1;;;1;2
2;5;5;13;0;;1;1;N-430;318;6;20;2;;;1;6;1;;;1;1
12;6;22;13;0;;1;1;CR-4194;5,8;6;19;2;;;1;6;1;;;1;1
7;6;17;13;0;;3;2;No inventariada;;9;7;1;2;;1;1;1;;;1;998
1;4;14;13;13005;;3;2;No inventariada;;9;2;1;1;;1;1;1;;;1;998
1;4;10;13;13005;;3;2;No inventariada;;9;2;1;2;;1;1;1;;;1;998
2;4;8;13;13005;;3;2;No inventariada;;9;2;2;;;1;1;1;;;1;998
2;4;14;13;13005;;3;2;No inventariada;;9;2;1;4;;1;1;1;;;1;998
2;3;11;13;13005;;3;2;No inventariada;;9;7;2;;;1;1;1;;;1;998
2;5;15;13;13005;;1;1;CM-3107;6;6;3;1;2;;1;1;1;;;1;1
2;2;8;13;13005;;3;2;No inventariada;;9;7;2;;;1;1;1;;;1;998
2;3;10;13;13005;;3;2;No inventariada;;9;7;2;;;1;1;1;;;1;998
2;7;0;13;13005;;3;2;No inventariada;;9;10;2;;;1;4;1;;;1;998
2;2;14;13;13005;;3;2;No inventariada;;9;2;1;1;;1;1;1;;;1;998
3;1;7;13;13005;;3;2;No inventariada;;9;10;1;4;;1;1;1;;;1;998
3;5;14;13;13005;;3;2;No inventariada;;9;7;2;;;1;1;1;;;1;998
4;7;21;13;13005;;3;2;No inventariada;;9;1;2;;;1;4;1;;;1;998
5;3;18;13;13005;;1;1;CM-3165;5,9;6;14;2;;;1;1;1;;;1;1
4;5;12;13;13005;;3;2;No inventariada;;9;7;2;;;1;1;1;;;1;998
5;4;11;13;13005;;3;2;No inventariada;;9;20;1;4;;1;1;1;;;1;998
4;3;21;13;13005;;3;2;No inventariada;;9;10;2;;;1;4;1;;;1;998
4;4;14;13;13005;;3;2;No inventariada;;9;4;1;2;;1;1;1;;;1;998
5;1;8;13;13005;;3;2;No inventariada;;9;4;1;4;;1;1;1;;;1;998
5;7;9;13;13005;;3;2;No inventariada;;9;1;1;4;;1;1;1;;;1;998
6;3;21;13;13005;;3;2;No inventariada;;9;2;1;4;;1;1;1;;;1;998
5;4;22;13;13005;;3;2;No inventariada;;9;2;1;4;;1;4;1;;;1;998
5;3;12;13;13005;;3;2;No inventariada;;9;7;2;;;1;1;1;;;1;998
6;4;19;13;13005;;3;2;No inventariada;;9;2;1;1;;1;1;1;;;1;998
6;3;21;13;13005;;3;2;No inventariada;;9;10;2;;;1;1;1;;;1;998
5;3;10;13;13005;;3;2;No inventariada;;9;7;2;;;1;1;1;;;1;998
6;1;13;13;13005;;3;2;No inventariada;;9;2;1;1;;1;1;1;;;1;998
7;5;14;13;13005;;3;2;No inventariada;;9;2;1;1;;1;1;1;;;1;998