MES;DIA_SEMANA;HORA;COD_PROVINCIA;COD_MUNICIPIO;ISLA;ZONA;ZONA_AGRUPADA;CARRETERA;KM;TIPO_VIA;TIPO_ACCIDENTE;NUDO;NUDO_INFO;CARRETERA_CRUCE;CONDICION_FIRME;CONDICION_ILUMINACION;CONDICION_METEO;CONDICION_NIEBLA;CONDICION_VIENTO;VISIB_RESTRINGIDA_POR;TRAZADO_PLANTA
7;2;12;13;13005;;3;2;No inventariada;;9;20;2;;;1;1;1;;;1;998
7;4;22;13;13005;;3;2;No inventariada;;9;6;2;;;1;4;1;;;1;998
8;5;13;13;13005;;3;2;No inventariada;;9;20;2;;;1;1;1;;;1;998
7;4;11;13;13005;;3;2;No inventariada;;9;1;1;2;;1;1;1;;;1;998
7;1;10;13;13005;;3;2;No inventariada;;9;7;2;;;1;1;1;;;1;998
6;2;17;13;13005;;3;2;No inventariada;;9;10;2;;;1;1;1;;;1;998
8;6;11;13;13005;;3;2;No inventariada;;9;2;1;1;;1;1;1;;;1;998
9;5;23;13;13005;;1;1;CV-270;6;10;18;2;;;2;6;1;;;1;3
8;4;11;13;13005;;3;2;No inventariada;;9;10;1;1;;1;1;1;;;1;998
9;2;14;13;13005;;3;2;No inventariada;;9;7;1;2;;1;1;1;;;1;998
8;6;14;13;13005;;3;2;No inventariada;;9;4;2;;;1;1;1;;;1;998
9;2;9;13;13005;;3;2;No inventariada;;9;7;2;;;1;1;1;;;1;998
10;4;8;13;13005;;3;2;No inventariada;;9;1;1;4;;1;1;1;;;1;998
10;6;1;13;13005;;3;2;No inventariada;;9;10;2;;;1;4;1;;;1;998
10;6;17;13;13005;;3;2;No inventariada;;9;7;2;;;1;1;1;;;1;998
10;1;11;13;13005;;3;2;No inventariada;;9;2;1;1;;1;1;1;;;1;998
10;3;7;13;13005;;3;2;No inventariada;;9;6;2;;;1;1;1;;;1;998
8;1;9;13;13005;;3;2;No inventariada;;9;7;2;;;1;1;1;;;1;998
9;3;4;13;13005;;3;2;No inventariada;;9;2;1;2;;1;4;1;;;1;998
9;4;15;13;13005;;3;2;No inventariada;;9;2;1;4;;1;1;1;;;1;998
10;3;19;13;13005;;3;2;No inventariada;;9;7;2;;;1;1;1;;;1;998
10;5;17;13;13005;;3;2;No inventariada;;9;2;1;2;;1;1;1;;;1;998
10;5;20;13;13005;;3;2;No inventariada;;9;7;2;;;1;4;1;;;1;998
10;6;20;13;13005;;3;2;No inventariada;;9;2;1;4;;1;4;1;;;1;998
10;1;8;13;13005;;3;2;No inventariada;;14;6;1;4;;1;1;1;;;1;998
10;7;13;13;13005;;3;2;No inventariada;;9;7;2;;;1;1;1;;;1;998
10;4;17;13;13005;;3;2;No inventariada;;9;10;2;;;1;1;1;;;1;998
10;4;9;13;13005;;3;2;No inventariada;;9;2;1;2;;1;1;1;;;1;998
11;5;15;13;13005;;3;2;No inventariada;;9;2;1;2;;1;1;1;;;1;998
3;6;7;13;0;;1;1;CR-504;7,4;6;18;2;;;1;2;1;;;4;3
4;7;10;13;0;;3;2;No inventariada;;14;12;2;;;8;1;2;;;1;998
3;7;15;13;0;;1;1;N-430;405,538;6;14;2;;;1;1;1;;;1;1
8;4;8;13;0;;1;1;N-430;390,4;6;10;2;;;1;1;1;;;1;1
8;7;11;13;0;;1;1;CM-3127;11,64;6;17;2;;;1;1;1;;;12;2
12;4;6;13;0;;1;1;CM-3127;8,3;6;16;2;;;1;6;1;;;1;2
4;5;18;13;0;;1;1;CM-415;41,616;6;4;2;;;1;1;2;;;1;1
9;7;11;13;0;;1;1;CM-415;27,582;6;3;2;;;1;1;1;;;1;1
9;5;21;13;0;;1;1;N-502;314,7;6;3;2;;;1;6;1;;;4;1
10;5;0;13;0;;1;1;CM-415;30,471;6;14;2;;;1;6;1;;;1;2
8;1;12;13;0;;3;2;No inventariada;;9;7;2;;;1;1;1;;;1;998
7;7;7;13;0;;3;2;No inventariada;;9;12;2;;;1;1;1;;;1;998
7;7;11;13;0;;1;1;CR-424;7,7;6;16;2;;;1;1;1;;;1;1
5;2;15;13;13013;;1;1;CM-4174;18,624;6;2;2;;;1;1;1;;;1;1
6;1;8;13;13013;;1;1;CM-4124a;1,571;6;2;1;4;;1;1;1;;;1;1
9;7;19;13;13013;;1;1;CR-511;10,5;6;4;2;;;1;1;1;;;1;1
9;6;19;13;13013;;1;1;CR-5111;3,9;6;16;2;;;1;2;1;;;1;2
9;7;12;13;13013;;1;1;CV-28;0,5;10;10;2;;;1;1;1;;;1;1
10;6;16;13;13013;;1;1;CM-4174;23,619;6;2;1;10;CM-413;3;1;3;;;1;1
12;6;11;13;13013;;1;1;CR-5213;5,3;6;19;2;;;1;1;1;;;1;1
10;1;7;13;0;;1;1;CR-6221;9;6;16;2;;;1;2;1;;;1;1
11;6;19;13;0;;1;1;CR-632;9,815;6;8;2;;;1;1;1;;;1;1
9;6;17;13;13015;;1;1;N-420;121,5;6;16;2;;;1;1;1;;;1;2
9;7;21;13;13015;;1;1;CM-4202;25,9;6;18;2;;;1;6;1;;;18;3
10;6;9;13;13015;;1;1;CR-4162;7,497;6;1;2;;;1;1;2;;;4;2
10;1;1;13;0;;1;1;A-4;231;3;18;2;;;1;6;1;;;1;3
2;4;9;13;0;;1;1;CR-203;0,35;6;7;1;2;;1;1;1;;;1;1
1;1;23;13;13019;;1;1;A-43;83,1;3;16;2;;;1;6;1;;;1;1
1;4;18;13;13019;;1;1;CM-3113;25,8;6;18;2;;;3;1;4;;;1;1
2;2;18;13;13019;;1;1;A-43;80,9;3;16;2;;;1;2;1;;;1;1
2;6;16;13;13019;;3;2;No inventariada;;9;3;2;;;1;1;1;;;1;998
5;6;11;13;13019;;1;1;CV-24;36;10;10;1;1;;1;1;1;;;1;1
6;6;1;13;13019;;1;1;A-43;82,446;3;12;2;;;1;6;1;;;1;1
6;1;6;13;13019;;1;1;CM-3113;25,44;6;4;2;;;1;2;1;;;1;1
6;4;16;13;13019;;1;1;CM-3115;20,325;6;19;2;;;1;1;1;;;1;2
6;6;17;13;13019;;1;1;CM-3115;20,3;6;16;2;;;1;1;1;;;1;2
6;4;12;13;13019;;1;1;CM-3115;13,8;6;18;2;;;1;1;2;;;4;2
7;4;16;13;13019;;1;1;N-310;86,041;6;12;1;2;;1;1;1;;;1;1
7;4;2;13;13019;;1;1;CM-3115;7,9;6;18;2;;;1;6;1;;;1;1
7;1;8;13;13019;;1;1;A-43;74,457;3;4;2;;;1;1;1;;;1;1
7;1;9;13;13019;;1;1;CV-268;3;10;19;2;;;2;1;1;;;18;3
8;1;23;13;13019;;1;1;A-43;70,4;3;4;2;;;1;6;1;;;1;1
8;6;14;13;13019;;1;1;CM-3115;13,807;6;19;2;;;1;1;1;;;4;2
8;1;19;13;13019;;1;1;CM-3115;2,971;6;2;1;2;CM-3109;1;1;1;;;1;1
9;7;19;13;13019;;1;1;N-310;78,5;7;9;2;;;1;1;1;;;1;1
10;7;12;13;13019;;1;1;CM-3115;6,379;6;16;2;;;1;1;2;;;1;2
11;5;10;13;13019;;1;1;N-310;79,95;5;4;2;;;1;1;1;;;1;1
12;3;23;13;13019;;1;1;CM-3109;13;6;18;2;;;1;6;1;;;1;1
3;4;12;13;13020;;1;1;N-420;161,4;6;19;1;10;N-420;3;1;3;;;4;2
7;1;12;13;13020;;1;1;A-41;188,775;3;18;2;;;1;1;2;;;1;1
8;7;6;13;13020;;1;1;CR-4117;3,7;6;4;2;;;1;2;1;;;1;1
8;4;1;13;13020;;1;1;A-41;193,925;3;15;2;;;1;6;1;;;1;1
8;1;8;13;13071;;1;1;N-420;158,24;6;3;1;4;N-420;1;1;1;;;1;2
8;1;19;13;13020;;1;1;CM-413;34;6;15;2;;;1;1;1;;;1;1
11;1;0;13;13020;;1;1;CM-413;34,233;6;18;2;;;1;6;1;;;18;2
12;4;21;13;13020;;1;1;A-41;188,9;3;18;2;;;1;6;1;;;1;1
1;7;9;13;0;;2;2;CM-4103;30,3;6;12;2;;;1;1;1;;;1;1
3;1;0;13;13023;;1;1;CR-5111;11,8;6;18;2;;;1;6;1;;;1;1
3;1;18;13;13023;;1;1;CR-5111;13,832;6;16;2;;;1;1;2;;;1;2
6;6;13;13;13023;;1;1;CM-4107;13,775;6;12;1;4;CM-4107a;1;1;1;;;1;2
7;1;10;13;13023;;1;1;CM-4107;13,009;6;12;2;;;1;1;1;;;1;1
8;7;6;13;13023;;1;1;CV-40;2,4;10;18;2;;;1;4;1;;;1;1
10;7;6;13;13023;;1;1;CM-4124a;5,5;6;7;2;;;1;6;2;;;1;1
3;5;15;13;0;;1;1;CM-4202;0,063;6;14;2;;;1;1;2;;;1;2
5;7;17;13;0;;1;1;N-420;135,5;6;19;2;;;1;1;1;;;1;2
6;5;19;13;0;;1;1;N-420;146,3;6;2;2;;;1;1;1;;;1;1
8;1;9;13;0;;1;1;CR-4119;1,995;6;20;2;;;1;1;1;;;1;1
2;5;16;13;0;;1;1;CM-4122;10;6;18;2;;;1;1;1;;;1;1
3;3;10;13;0;;1;1;CM-4111;29,8;6;4;2;;;1;1;1;;;1;1
7;2;7;13;0;;1;1;CR-504;1,8;6;2;1;2;CR-504b;1;1;1;;;1;1
12;5;4;13;0;;1;1;CM-3200;18,6;6;19;2;;;1;6;1;;;1;1
9;4;7;13;13028;;1;1;CR-1222;4,7;6;4;2;;;1;6;2;;;1;1
12;5;17;13;13028;;1;1;CM-420;75,496;6;5;2;;;1;1;1;;;1;1
12;1;22;13;0;;1;1;CR-5135;2,53;6;12;1;4;A-41;1;6;1;;;1;2
4;7;11;13;0;;1;1;CR-211;2;6;9;2;;;1;1;1;;;1;1
6;6;16;13;0;;1;1;N-430;314,863;6;4;2;;;1;1;1;;;1;1
12;4;15;13;0;;1;1;A-43;9;3;17;2;;;1;1;1;;;1;1
6;4;19;13;0;;3;2;No inventariada;;9;3;1;1;;1;1;1;;;2;998
1;5;11;13;13034;;3;2;No inventariada;;9;2;1;1;;1;1;1;;;1;998
1;4;17;13;13034;;1;1;N-430;298,107;6;19;2;;;3;1;4;;;1;1
1;5;10;13;13034;;1;1;N-401;182,602;6;18;2;;;3;1;3;;;1;2
1;3;15;13;13034;;3;2;No inventariada;;9;2;1;1;;1;1;3;;;1;998
1;2;9;13;13034;;3;2;No inventariada;;9;2;1;1;;1;1;1;;;3;998
2;1;7;13;13034;;1;1;CM-4174;0,5;6;2;1;4;A-43;1;4;1;;;1;2
2;7;21;13;13034;;3;2;No inventariada;;9;7;1;2;;1;4;1;;;1;998
2;4;19;13;13034;;3;2;No inventariada;;9;7;2;;;1;4;1;;;1;998
3;5;9;13;13034;;1;1;CM-403;98,846;6;2;1;1;;1;1;1;;;1;1
2;4;19;13;13034;;3;2;No inventariada;;9;2;1;1;;3;4;3;;;1;998
3;7;7;13;13034;;1;1;A-41;177,719;3;12;2;;;1;2;1;;;1;1
3;7;19;13;13034;;3;2;No inventariada;;9;4;1;4;;1;4;1;;;1;998
4;2;16;13;13020;;1;1;N-420;167,1;8;12;1;4;N-420;1;1;1;;;1;3
3;1;20;13;13034;;3;2;No inventariada;;9;7;2;;;3;4;3;;;1;998
3;2;22;13;13034;;3;2;No inventariada;;9;2;1;2;;3;4;4;;;5;998
4;6;11;13;13034;;1;1;CM-4174;0,5;6;3;1;4;A-43;1;1;1;;;1;1
4;3;18;13;13034;;1;1;CV-171;0,2;10;10;2;;;2;1;1;;;12;1
3;2;21;13;13034;;1;1;N-420a;193,4;5;16;2;;;3;4;4;;;5;1
4;2;8;13;13034;;3;2;No inventariada;;9;2;1;2;;1;1;1;;;1;998
4;1;19;13;13034;;3;2;No inventariada;;9;7;1;4;;1;1;1;;;1;998
4;3;14;13;13034;;3;2;No inventariada;;9;7;1;1;;1;1;1;;;1;998
5;1;15;13;13034;;3;2;No inventariada;;9;7;2;;;1;1;1;;;1;998
5;4;10;13;13034;;3;2;No inventariada;;9;4;1;1;;1;1;1;;;6;998
6;5;17;13;13034;;3;2;No inventariada;;9;4;1;1;;1;1;1;;;1;998
6;5;12;13;13034;;1;1;CV-263;0,2;10;10;2;;;1;1;1;;;1;1
6;2;13;13;13034;;3;2;No inventariada;;14;7;2;;;1;1;1;;;1;998
6;4;12;13;13034;;3;2;No inventariada;;9;3;2;;;1;1;1;;;1;998
7;5;0;13;13034;;3;2;No inventariada;;9;2;1;1;;1;4;1;;;1;998
7;6;2;13;13034;;3;2;No inventariada;;9;2;1;1;;1;4;1;;;1;998
7;6;13;13;13034;;3;2;No inventariada;;9;4;2;;;1;1;1;;;1;998
7;7;22;13;13034;;3;2;No inventariada;;9;7;1;1;;1;4;1;;;1;998
7;7;13;13;13034;;3;2;No inventariada;;9;2;1;2;;1;1;1;;;1;998
8;5;11;13;13034;;1;1;N-420a;192,7;6;4;1;4;;1;1;1;;;1;1
7;1;22;13;13034;;3;2;No inventariada;;9;4;2;;;1;4;1;;;1;998
9;4;20;13;13034;;1;1;A-41;173,017;3;14;2;;;1;1;1;;;1;1
9;6;11;13;13034;;3;2;No inventariada;;9;7;1;2;;1;1;1;;;1;998
9;5;12;13;13034;;3;2;No inventariada;;9;2;2;;;1;1;1;;;1;998
10;1;20;13;13034;;1;1;N-430;297,618;6;1;1;2;CR-4127;3;6;2;;;1;1
10;6;0;13;13034;;1;1;N-401;184;6;2;1;2;;3;6;2;;;1;1
10;3;11;13;13034;;1;1;CM-403;90,865;6;18;2;;;3;1;3;;;1;2
9;5;23;13;13034;;3;2;No inventariada;;9;4;2;;;3;4;1;;;1;998
9;1;0;13;13034;;3;2;No inventariada;;14;10;1;1;;1;4;1;;;1;998
10;3;20;13;13034;;1;1;A-41;165,2;3;4;2;;;1;6;1;;;1;1
10;3;9;13;13034;;3;2;No inventariada;;9;7;1;2;;1;1;1;;;6;998
10;4;11;13;13034;;3;2;No inventariada;;9;7;1;2;;1;1;1;;;1;998
10;7;13;13;13034;;3;2;No inventariada;;9;2;1;1;;1;1;1;;;1;998
10;7;19;13;13034;;3;2;No inventariada;;9;2;1;2;;1;4;2;;;1;998
11;5;4;13;13034;;3;2;No inventariada;;9;12;2;;;1;4;1;;;1;998
12;6;9;13;13034;;1;1;N-430;311,1;5;14;1;4;;3;1;2;;;1;1
11;5;20;13;13034;;3;2;No inventariada;;9;7;1;4;;1;4;1;;;1;998
12;2;12;13;13034;;1;1;A-41;176;3;20;2;;;1;1;1;;;1;1
12;3;22;13;13034;;1;1;CR-4129;3,136;6;18;2;;;1;6;1;;;1;2
12;2;19;13;0;;1;1;CM-4112;20,983;6;19;1;2;CR-4111;3;6;2;2;;5;1
11;2;8;13;0;;1;1;CR-713;22,5;6;16;2;;;1;1;2;1;;5;2
10;6;4;13;0;;1;1;CM-4200;5,605;6;18;2;;;1;6;2;;;1;2
1;2;9;13;13039;;1;1;CM-4107;3,125;6;3;2;;;1;1;1;;;1;1
1;4;9;13;13039;;3;2;No inventariada;;9;4;1;1;;3;1;2;;;1;998
2;6;9;13;13039;;1;1;CM-4107;0,7;6;2;1;2;A-43;3;1;2;;;1;1
2;2;21;13;13039;;3;2;No inventariada;;9;10;1;1;;1;4;1;;;1;998
2;7;22;13;13039;;3;2;No inventariada;;9;10;1;2;;3;4;3;;;1;998
2;1;8;13;13039;;1;1;N-430;341,365;6;2;1;1;;1;1;2;;;1;1
2;3;19;13;13039;;3;2;No inventariada;;9;16;1;1;;1;3;1;;;1;998
4;6;17;13;13039;;1;1;N-430;335,9;6;9;1;2;;1;1;1;;;1;1
4;1;22;13;13039;;1;1;CM-4114;35,567;6;8;2;;;1;6;1;;;1;1
4;5;14;13;13039;;1;1;A-43;22,6;3;19;2;;;1;1;1;;;1;1
5;6;17;13;13039;;3;2;No inventariada;;9;16;1;1;;1;1;1;;;1;998
5;1;11;13;13039;;3;2;No inventariada;;14;2;1;4;;1;1;1;;;1;998
6;2;13;13;13039;;1;1;CM-4117;1,693;6;10;2;;;1;1;1;;;1;1
6;6;12;13;13039;;3;2;No inventariada;;9;7;2;;;1;1;1;;;9;998
6;1;18;13;13039;;3;2;No inventariada;;9;2;1;1;;1;1;1;;;1;998
6;5;12;13;13039;;1;1;A-43;28,6;3;18;2;;;1;1;1;;;1;1
6;3;19;13;13039;;3;2;No inventariada;;9;7;1;1;;1;1;1;;;1;998
6;2;11;13;13039;;3;2;No inventariada;;9;4;2;;;1;1;1;;;1;998
7;5;22;13;13039;;3;2;No inventariada;;9;15;2;;;2;5;1;;;1;998
7;6;12;13;13039;;3;2;No inventariada;;9;7;2;;;1;1;1;;;1;998
7;5;16;13;13039;;1;1;N-430;336,571;6;12;2;;;1;1;1;;;1;1
7;4;0;13;13039;;3;2;No inventariada;;9;7;2;;;1;4;1;;;2;998
7;5;4;13;13039;;3;2;No inventariada;;9;16;1;2;;1;4;1;;;1;998
8;7;4;13;13039;;1;1;CV-269;2,8;10;14;2;;;1;6;1;;;1;1
8;2;11;13;13039;;3;2;No inventariada;;9;7;2;;;1;1;1;;;1;998
8;6;22;13;13039;;3;2;No inventariada;;9;2;1;1;;1;4;1;;;18;998
9;2;18;13;13039;;1;1;A-43;28,5;3;18;2;;;1;1;1;;;1;1
9;7;6;13;13039;;3;2;No inventariada;;9;6;2;;;1;2;1;;;18;998
9;7;21;13;13039;;3;2;No inventariada;;9;15;1;2;;1;4;1;;;1;998
9;6;15;13;13039;;1;1;A-43;27,45;3;12;2;;;1;1;2;;;1;3
9;4;3;13;13039;;1;1;A-43;22,912;3;18;2;;;1;6;1;;;4;1
9;6;22;13;13039;;3;2;No inventariada;;9;10;2;;;1;4;1;;;1;998
10;6;14;13;13039;;1;1;N-430;334,843;6;2;1;4;A-43;1;1;1;;;1;1
10;6;11;13;13039;;3;2;No inventariada;;9;7;1;1;;1;1;1;;;9;998
10;1;11;13;13039;;3;2;No inventariada;;9;7;1;2;;1;1;1;;;1;998
10;3;19;13;13039;;3;2;No inventariada;;9;4;2;;;3;4;2;;;1;998
10;3;20;13;13039;;1;1;CM-4117;8,1;6;2;2;;;1;6;1;;;1;1
4;7;15;13;13039;;3;2;No inventariada;;9;4;1;2;;1;1;1;;;1;998
10;2;20;13;13039;;3;2;No inventariada;;9;7;2;;;1;4;1;;;18;998
10;4;11;13;13039;;3;2;No inventariada;;9;2;1;4;;1;1;1;;;1;998
11;1;8;13;13039;;1;1;CM-4114;43,516;6;4;2;;;1;1;2;1;;5;1
11;5;19;13;13039;;1;1;CM-4114;50;6;6;2;;;1;4;1;;;1;4
11;5;22;13;13039;;1;1;CM-4117;1,048;6;18;2;;;1;6;1;;;1;2
11;6;2;13;13039;;3;2;No inventariada;;9;3;1;1;;1;4;1;;;1;998
12;5;22;13;13039;;3;2;No inventariada;;9;16;2;;;1;4;1;;;1;998
12;4;18;13;13039;;3;2;No inventariada;;9;7;1;2;;1;4;1;1;;1;998
10;4;12;13;0;;1;1;N-401;174,5;6;16;2;;;1;1;1;;;1;1
6;7;12;13;0;;1;1;CR-7212;6,719;4;19;2;;;1;1;1;;;1;2
4;1;23;13;0;;1;1;CV-255;7,8;10;19;2;;;3;6;2;;;1;1
1;3;18;13;0;;1;1;N-401;152,6;6;16;2;;;3;5;2;;;1;1
4;7;17;13;0;;1;1;N-401;153,568;6;3;2;;;1;1;1;;;1;1
5;2;12;13;0;;1;1;N-401;159,599;6;15;2;;;1;1;1;;;1;1
7;7;12;13;0;;3;2;No inventariada;;9;7;2;;;1;1;1;;;1;998
9;4;17;13;0;;1;1;CM-413;7,3;6;16;2;;;1;1;2;;;1;2
2;7;9;13;13047;;1;1;CM-42;79,443;3;12;2;;;1;1;1;;;1;1
4;1;16;13;13047;;1;1;CM-420;38,8;6;2;1;2;CM-420;1;1;2;;;1;1
4;7;12;13;13047;;1;1;CV-255;2;10;19;2;;;2;1;1;;;1;1
5;5;17;13;13047;;1;1;A-4;147,75;3;6;2;;;1;1;1;;;1;1
11;1;18;13;13047;;3;2;No inventariada;;9;2;1;1;;1;4;1;;;18;998
11;4;8;13;13047;;3;2;No inventariada;;9;2;1;1;;1;1;1;;;2;998
9;3;20;13;0;;1;1;CR-5021;22,543;6;9;2;;;1;6;1;;;1;2
12;7;19;13;0;;1;1;CM-4106;50,881;6;18;2;;;1;6;1;;;1;1
7;3;21;13;0;;3;2;No inventariada;;9;10;1;3;;1;1;1;;;1;998
3;6;10;13;0;;1;1;N-430;250,153;6;16;2;;;1;1;1;;;4;2
6;6;16;13;0;;1;1;N-430;246,358;6;18;2;;;1;1;1;;;4;2
5;7;0;13;13052;;1;1;CM-4114;21,2;6;16;2;;;1;6;1;;;1;1
8;7;2;13;13052;;1;1;CR-7123;6,8;6;18;2;;;1;6;1;;;1;1
8;4;22;13;13052;;1;1;N-401;164,523;6;1;2;;;1;6;1;;;1;3
1;1;8;13;13053;;1;1;A-43;57,25;3;16;2;;;1;1;1;2;;1;1
3;7;11;13;13053;;1;1;CR-5212;13,053;6;10;2;;;1;1;2;;;1;1
5;5;10;13;13053;;1;1;CM-4124;29,2;6;14;2;;;1;1;1;;;1;2
5;2;16;13;13053;;2;2;N-310;57;6;20;2;;;1;1;1;;;1;1
5;4;16;13;13053;;3;2;No inventariada;;9;2;2;;;1;1;1;;;1;998
6;5;21;13;13053;;1;1;A-4;171,091;3;15;2;;;1;2;1;;;4;2
6;5;6;13;13053;;1;1;A-43;41,15;3;12;2;;;1;2;1;;;1;1
4;2;13;13;13053;;3;2;No inventariada;;9;2;1;1;;1;1;1;;;2;998
7;2;17;13;13053;;1;1;A-4;160,2;3;16;2;;;1;1;1;;;1;1
7;4;18;13;13053;;1;1;CV-22;0,3;10;16;2;;;1;1;1;;;1;1
8;4;10;13;13053;;1;1;A-4;172;3;19;2;;;1;1;1;;;1;3
9;4;7;13;13053;;1;1;A-4;171,237;7;2;1;2;;1;4;1;;;1;1
11;2;9;13;13053;;1;1;CM-4124;27,6;6;18;2;;;1;1;1;;;1;2
11;4;15;13;13053;;1;1;A-4;164,2;7;10;2;;;1;1;1;;;1;1
5;4;15;13;13054;;1;1;A-4;179,4;3;4;2;;;1;1;1;;;1;1
5;5;9;13;13054;;1;1;CM-3109;38,357;6;4;1;2;;1;1;1;;;1;1
6;1;0;13;13054;;1;1;N-430;372,9;6;14;2;;;1;6;1;;;1;2
11;6;4;13;13054;;1;1;CR-6032;1;6;19;2;;;1;6;1;;;1;1
7;6;19;13;0;;1;1;CR-501;6,5;6;18;2;;;1;1;1;;;1;1
8;3;12;13;0;;1;1;CR-5011;22,187;6;19;2;;;2;1;1;;;1;1
9;7;22;13;0;;1;1;CM-3127;23,04;6;1;2;;;1;6;1;;;1;1
9;2;20;13;0;;1;1;CM-3127;36,1;6;18;2;;;1;2;1;;;1;1
3;4;11;13;13058;;3;2;No inventariada;;9;2;1;1;;1;1;1;;;1;998
5;7;11;13;13058;;3;2;No inventariada;;9;2;1;2;;1;1;1;;;1;998
5;2;12;13;13058;;3;2;No inventariada;;9;2;1;2;;1;1;1;;;1;998
6;1;13;13;13058;;1;1;CR-5222;19,7;6;18;2;;;1;1;1;;;1;1
10;1;5;13;13058;;1;1;CM-412;71,88;6;18;2;;;1;6;1;;;1;1
12;7;15;13;13058;;1;1;CV-279;22,14;10;16;2;;;2;1;1;;;1;1
4;5;10;13;0;;1;1;CM-4017;80,5;6;19;2;;;1;1;2;;;4;2
4;7;13;13;13061;;3;2;No inventariada;;9;1;2;;;1;1;1;;;1;998
5;6;21;13;13061;;3;2;No inventariada;;9;4;1;4;;1;3;1;;;1;998
5;5;0;13;13061;;3;2;No inventariada;;9;16;2;;;1;4;1;;;1;998
5;3;18;13;13061;;3;2;No inventariada;;9;2;1;1;;1;1;1;;;1;998
6;7;19;13;13061;;3;2;No inventariada;;9;4;2;;;1;1;1;;;18;998
6;4;10;13;13061;;3;2;No inventariada;;9;2;1;1;;3;1;3;;;1;998
6;2;11;13;13061;;3;2;No inventariada;;9;10;1;2;;1;1;1;;;18;998
6;5;17;13;13061;;3;2;No inventariada;;9;2;1;2;;1;1;1;;;18;998
7;4;7;13;13061;;3;2;No inventariada;;9;12;1;2;;1;1;1;;;18;998
7;3;11;13;13061;;3;2;No inventariada;;9;1;1;1;;1;1;1;;;1;998
8;1;8;13;13061;;3;2;No inventariada;;9;7;2;;;1;1;1;;;18;998
11;6;14;13;13061;;3;2;No inventariada;;9;2;1;1;;1;1;1;;;1;998
5;1;14;13;0;;1;1;CM-403;81,46;5;1;2;;;1;1;1;;;1;2
9;7;22;13;13034;;1;1;CM-403;94,464;6;1;2;;;1;6;1;;;4;1
1;4;7;13;0;;1;1;CM-4135;6,722;6;16;2;;;3;2;2;;;1;1
2;2;19;13;0;;3;2;No inventariada;;9;2;1;2;;1;3;7;;;1;998
2;4;21;13;0;;1;1;CM-403;78,379;6;2;2;;;1;6;1;;;4;2
12;5;11;13;0;;3;2;No inventariada;;9;7;2;;;1;1;1;;;1;998
12;7;0;13;0;;2;2;CM-4135;11,95;6;16;1;2;N-430;1;4;1;;;1;1
10;4;17;13;0;;3;2;No inventariada;;9;2;1;1;;1;1;1;;;1;998
7;4;22;13;0;;1;1;CM-4174;9,012;6;4;2;;;1;6;1;;;1;1
8;1;10;13;0;;1;1;CM-4111;13,4;6;1;2;;;1;1;1;;;4;1
6;6;18;13;0;;3;2;No inventariada;;9;12;1;2;;1;1;1;;;1;998
1;4;9;13;0;;1;1;N-430;227,116;6;1;2;;;3;1;3;;;1;2
6;2;18;13;0;;1;1;N-430;226,4;6;18;2;;;3;1;3;;;4;3
6;2;12;13;0;;1;1;N-430;245,1;6;12;1;2;CM-415;1;5;1;;;1;2
12;2;15;13;0;;1;1;CM-4103;53,1;6;12;2;;;1;1;1;;;1;2
6;2;22;13;0;;1;1;A-4;239,1;3;18;2;;;1;6;1;;;1;1
6;5;19;13;0;;1;1;CM-420;26,1;6;12;2;;;1;1;1;;;1;1
6;3;15;13;0;;1;1;CM-420;23,95;6;1;2;;;1;1;1;;;1;1
11;6;17;13;0;;1;1;CV-276;1,3;10;10;2;;;2;1;1;;;1;3
12;1;12;13;0;;1;1;A-4;140,35;3;18;2;;;1;1;1;;;1;1
1;4;19;13;13071;;1;1;N-420;155,6;6;4;1;2;;3;6;3;;;1;1
3;6;6;13;13071;;1;1;CR-504;29,9;6;2;1;2;;3;6;3;;;1;1
4;3;13;13;13071;;3;2;No inventariada;;9;;;;;999;999;999;;;999;998
4;5;18;13;13071;;3;2;No inventariada;;9;20;2;;;1;1;1;;;18;998
2;1;0;13;13071;;3;2;No inventariada;;9;7;2;;;1;4;1;;;1;998
5;5;20;13;13015;;1;1;N-420;148,125;6;16;2;;;1;1;1;;;1;1
5;4;10;13;0;;1;1;N-420;143,788;6;5;2;;;1;6;1;;;1;2
6;4;14;13;13071;;1;1;CR-506;1,4;6;2;2;;;1;1;1;;;1;2
8;2;11;13;13071;;3;2;No inventariada;;9;7;2;;;1;1;1;;;18;998
9;2;10;13;13020;;1;1;N-420;161,2;6;4;1;4;CM-4117;1;1;1;;;1;1
2;4;20;13;0;;1;1;CM-403;28,3;6;2;2;;;3;6;3;;;1;2
2;1;17;13;0;;1;1;CM-4017;57,5;6;2;1;2;CM-4017;1;1;1;;;1;1
6;3;14;13;0;;3;2;No inventariada;;9;6;1;2;;1;1;2;;;1;998
6;4;13;13;0;;1;1;CV-264;0,4;10;14;2;;;2;1;1;;;4;3
8;4;8;13;0;;1;1;CM-4017;35,7;6;8;2;;;1;1;1;;;1;1
12;5;13;13;0;;1;1;CM-4017;57,75;6;18;2;;;1;1;1;;;1;1
12;4;13;13;0;;1;1;CM-403;29,5;5;2;1;5;;1;1;1;;;1;1
8;2;8;13;0;;1;1;CM-4110;0,437;6;2;1;2;CM-415;1;1;1;;;1;1
8;4;13;13;0;;3;2;No inventariada;;9;3;2;;;1;1;1;;;1;998
1;3;23;13;0;;1;1;A-4;213,7;3;5;2;;;3;6;1;2;;5;1
1;4;9;13;0;;1;1;A-4;213,3;3;5;2;;;3;2;2;2;;5;3
1;4;9;13;0;;1;1;A-4;212,315;3;5;2;;;3;1;2;2;;5;1
1;4;9;13;0;;1;1;A-4;212,315;3;4;2;;;3;1;1;2;;5;1
1;4;8;13;0;;1;1;A-4;213,25;3;5;2;;;3;1;2;2;1;5;2
2;1;14;13;0;;1;1;A-4;219;3;8;2;;;1;1;1;;;1;1
6;5;5;13;0;;1;1;A-4a;215,09;3;18;1;4;CR-612;1;6;1;;;1;3
6;3;21;13;0;;1;1;A-4;214,959;3;16;2;;;1;1;2;;;1;3
6;6;3;13;0;;3;2;No inventariada;;9;12;2;;;1;4;1;;;1;998
8;2;11;13;0;;1;1;CR-5222;4,95;6;19;2;;;1;1;1;;;1;2
8;6;17;13;0;;1;1;A-4;212;3;9;2;;;1;1;1;;;1;1
9;7;22;13;0;;1;1;A-4a;214,24;3;19;1;4;A-4;1;6;1;;;1;2