MES;DIA_SEMANA;HORA;COD_PROVINCIA;COD_MUNICIPIO;ISLA;ZONA;ZONA_AGRUPADA;CARRETERA;KM;TIPO_VIA;TIPO_ACCIDENTE;NUDO;NUDO_INFO;CARRETERA_CRUCE;CONDICION_FIRME;CONDICION_ILUMINACION;CONDICION_METEO;CONDICION_NIEBLA;CONDICION_VIENTO;VISIB_RESTRINGIDA_POR;TRAZADO_PLANTA
1;5;15;13;13078;;3;2;No inventariada;;9;2;1;1;;1;1;1;;;1;998
1;5;19;13;13078;;3;2;No inventariada;;9;4;2;;;1;4;1;;;1;998
1;6;21;13;13078;;3;2;No inventariada;;9;2;1;1;;1;4;1;;;1;998
1;7;0;13;13078;;3;2;No inventariada;;9;2;1;1;;1;4;1;;;1;998
1;5;8;13;13078;;3;2;No inventariada;;9;4;2;;;1;1;1;;;1;998
1;7;20;13;13078;;3;2;No inventariada;;9;4;1;1;;1;4;1;;;1;998
3;2;12;13;13078;;3;2;No inventariada;;9;2;1;1;;1;1;1;;;1;998
3;6;5;13;13078;;3;2;No inventariada;;9;9;2;;;1;4;1;;;1;998
4;6;23;13;13078;;3;2;No inventariada;;9;6;2;;;1;4;1;;;1;998
4;3;21;13;13078;;3;2;No inventariada;;9;2;1;1;;1;4;1;;;1;998
5;7;16;13;13078;;3;2;No inventariada;;9;5;2;;;1;1;1;;;1;998
6;4;21;13;13078;;3;2;No inventariada;;9;7;1;1;;1;1;1;;;1;998
7;3;11;13;13078;;3;2;No inventariada;;9;2;1;2;;1;1;1;;;1;998
8;3;13;13;13078;;3;2;No inventariada;;9;2;1;4;;1;1;1;;;1;998
8;4;16;13;13078;;3;2;No inventariada;;9;16;2;;;1;1;1;;;1;998
9;2;12;13;13078;;3;2;No inventariada;;9;2;1;4;;1;1;1;;;1;998
10;3;13;13;13078;;3;2;No inventariada;;9;10;2;;;1;1;2;;;1;998
10;5;18;13;13078;;1;1;CM-3111;24,6;6;2;2;;;3;1;2;;;1;3
10;1;12;13;13078;;3;2;No inventariada;;9;7;1;4;;1;1;1;;;1;998
11;6;15;13;13078;;3;2;No inventariada;;9;4;2;;;1;1;1;;;1;998
11;1;20;13;13078;;3;2;No inventariada;;9;4;1;2;;1;4;1;;;1;998
12;1;14;13;13078;;3;2;No inventariada;;9;2;1;1;;1;1;1;;;1;998
11;4;20;13;13078;;3;2;No inventariada;;9;2;1;1;;1;4;1;;;1;998
2;3;16;13;13079;;1;1;CM-3127;6,216;6;12;2;;;1;1;1;;;1;1
2;7;22;13;13079;;3;2;No inventariada;;9;2;1;1;;3;4;3;;;4;998
2;1;9;13;13079;;3;2;No inventariada;;9;7;2;;;1;1;1;;;18;998
3;6;18;13;13079;;1;1;N-430;376,184;6;6;2;;;5;1;5;;;5;1
4;6;23;13;13079;;3;2;No inventariada;;9;2;1;1;;1;3;1;;;1;998
5;6;14;13;13079;;3;2;No inventariada;;9;6;2;;;1;1;1;;;1;998
5;7;15;13;13079;;3;2;No inventariada;;9;7;1;1;;1;1;1;;;2;998
4;5;20;13;13079;;3;2;No inventariada;;9;6;2;;;1;1;1;;;1;998
6;7;14;13;13079;;1;1;CM-3109;27,2;6;3;2;;;1;1;1;;;1;1
5;6;16;13;13079;;3;2;No inventariada;;9;4;1;1;;1;1;1;;;1;998
8;4;21;13;13079;;3;2;No inventariada;;9;2;1;1;;1;1;1;;;1;998
8;1;12;13;13079;;3;2;No inventariada;;9;2;1;4;;1;1;1;;;1;998
8;1;19;13;13079;;3;2;No inventariada;;9;4;2;;;1;1;1;;;18;998
9;7;18;13;13079;;1;1;CM-3127;2,451;6;14;2;;;1;1;1;;;1;1
8;3;9;13;13079;;3;2;No inventariada;;9;2;1;2;;1;1;1;;;1;998
9;5;8;13;13079;;3;2;No inventariada;;9;4;1;1;;1;1;1;;;1;998
10;3;17;13;13079;;3;2;No inventariada;;9;2;1;1;;1;1;1;;;1;998
10;3;8;13;13079;;3;2;No inventariada;;9;2;2;;;3;1;2;;;1;998
11;6;16;13;13079;;3;2;No inventariada;;9;4;2;;;1;1;1;;;1;998
12;7;17;13;0;;1;1;CR-500;30,139;6;12;2;;;1;2;1;;;1;2
6;5;13;13;0;;3;2;No inventariada;;9;16;2;;;1;1;1;;;1;998
1;2;17;13;13082;;3;2;No inventariada;;9;2;1;4;;1;1;1;;;1;998
1;4;8;13;13082;;3;2;No inventariada;;9;2;1;1;;3;1;1;;;1;998
2;7;17;13;13082;;3;2;No inventariada;;9;7;2;;;1;1;1;;;1;998
3;3;23;13;13082;;1;1;CV-252;0,1;10;16;2;;;1;6;1;;;1;1
2;1;17;13;13082;;3;2;No inventariada;;9;2;1;1;;1;1;1;;;1;998
2;1;21;13;13082;;3;2;No inventariada;;9;2;1;1;;8;4;2;;;1;998
1;7;17;13;13082;;3;2;No inventariada;;9;7;2;;;1;1;1;;;1;998
1;1;19;13;13082;;3;2;No inventariada;;9;10;1;1;;3;4;3;;;1;998
3;7;12;13;13019;;1;1;CV-147;2,3;10;10;2;;;2;1;2;;;1;1
3;6;13;13;13082;;3;2;No inventariada;;9;2;1;1;;1;1;1;;;1;998
3;3;11;13;13082;;3;2;No inventariada;;9;2;1;4;;1;1;1;;;1;998
3;5;20;13;13082;;3;2;No inventariada;;9;2;1;1;;1;4;2;;;1;998
3;1;12;13;13082;;3;2;No inventariada;;9;2;1;1;;1;1;1;;;1;998
4;5;18;13;13082;;3;2;No inventariada;;9;7;2;;;1;1;1;;;1;998
4;5;18;13;13082;;3;2;No inventariada;;9;2;1;1;;1;1;1;;;1;998
4;6;11;13;13082;;3;2;No inventariada;;9;2;1;1;;1;1;1;;;1;998
3;3;19;13;13082;;3;2;No inventariada;;9;2;1;1;;3;1;1;;;1;998
3;4;17;13;13082;;3;2;No inventariada;;9;2;1;1;;1;1;1;;;1;998
3;6;12;13;13082;;3;2;No inventariada;;9;2;1;1;;1;1;2;;;1;998
4;7;11;13;13082;;3;2;No inventariada;;9;2;1;1;;1;1;1;;;1;998
4;1;16;13;13082;;3;2;No inventariada;;9;3;2;;;1;1;1;;;1;998
4;5;22;13;13082;;3;2;No inventariada;;9;10;2;;;8;4;1;;;1;998
4;2;14;13;13082;;3;2;No inventariada;;9;10;1;4;;1;1;1;;;1;998
4;3;22;13;13082;;3;2;No inventariada;;9;10;2;;;1;4;1;;;1;998
4;2;9;13;13082;;3;2;No inventariada;;9;2;1;1;;1;1;1;;;1;998
5;7;11;13;13082;;3;2;No inventariada;;9;10;2;;;1;1;1;;;1;998
5;7;21;13;13082;;3;2;No inventariada;;9;2;1;1;;1;1;1;;;1;998
4;4;12;13;13082;;3;2;No inventariada;;9;2;1;1;;3;1;3;;;1;998
5;4;12;13;13082;;3;2;No inventariada;;9;4;1;1;;1;1;1;;;1;998
5;5;13;13;13082;;3;2;No inventariada;;7;2;2;;;1;1;1;;;1;998
4;4;14;13;13082;;3;2;No inventariada;;9;7;1;4;;1;1;1;;;1;998
4;6;14;13;13082;;3;2;No inventariada;;9;4;2;;;1;1;1;;;1;998
5;3;8;13;13082;;3;2;No inventariada;;9;2;1;4;;1;1;1;;;1;998
6;7;11;13;13082;;1;1;CV-260;2;10;10;2;;;8;1;1;;;1;1
6;1;12;13;13082;;3;2;No inventariada;;9;2;1;1;;1;1;1;;;1;998
6;3;19;13;13082;;3;2;No inventariada;;9;7;2;;;1;1;1;;;1;998
6;1;12;13;13082;;3;2;No inventariada;;9;2;1;1;;1;1;1;;;1;998
7;1;10;13;13082;;3;2;No inventariada;;9;2;1;1;;1;1;1;;;1;998
7;7;20;13;13082;;3;2;No inventariada;;9;7;1;1;;1;1;1;;;12;998
7;3;22;13;13082;;3;2;No inventariada;;9;2;1;1;;1;4;1;;;1;998
7;5;11;13;13082;;3;2;No inventariada;;7;2;1;1;;1;1;1;;;1;998
6;1;0;13;13082;;3;2;No inventariada;;9;20;2;;;1;4;1;;;1;998
6;3;14;13;13082;;1;1;CM-3102;0,6;6;2;2;;;1;1;1;;;1;1
6;5;14;13;13082;;3;2;No inventariada;;9;2;1;1;;1;1;1;;;1;998
8;1;20;13;13082;;3;2;No inventariada;;9;2;2;;;1;1;1;;;1;998
8;2;14;13;13082;;3;2;No inventariada;;9;20;2;;;1;1;1;;;1;998
8;7;10;13;13082;;3;2;No inventariada;;9;2;1;1;;1;1;1;;;1;998
8;3;23;13;13082;;3;2;No inventariada;;9;10;1;1;;1;4;1;;;1;998
8;7;20;13;13082;;3;2;No inventariada;;9;2;1;1;N-310;1;1;1;;;1;998
7;5;12;13;13082;;3;2;No inventariada;;9;2;1;1;;1;1;1;;;1;998
8;4;11;13;13082;;3;2;No inventariada;;9;2;1;1;;1;1;1;;;1;998
8;4;20;13;13082;;3;2;No inventariada;;9;1;2;;;1;1;1;;;1;998
9;7;13;13;13082;;3;2;No inventariada;;9;2;1;1;;1;1;1;;;1;998
10;4;18;13;13082;;3;2;No inventariada;;9;7;1;2;;1;1;1;;;1;998
10;7;21;13;13082;;3;2;No inventariada;;9;4;1;2;;1;5;1;;;1;998
10;6;18;13;13082;;3;2;No inventariada;;9;10;2;;;3;3;4;;;1;998
10;5;20;13;13082;;3;2;No inventariada;;9;2;1;1;;1;3;2;;;1;998
10;3;12;13;13082;;3;2;No inventariada;;9;2;1;1;;1;1;1;;;1;998
10;1;12;13;13082;;3;2;No inventariada;;9;2;1;1;;1;1;1;;;1;998
9;4;13;13;13082;;3;2;No inventariada;;9;2;1;1;;1;1;1;;;1;998
9;3;13;13;13082;;3;2;No inventariada;;9;4;2;;;1;1;1;;;1;998
9;4;14;13;13082;;3;2;No inventariada;;9;2;2;;;3;1;3;;;1;998
9;4;3;13;13082;;3;2;No inventariada;;9;10;2;;;8;4;1;;;1;998
9;4;22;13;13082;;3;2;No inventariada;;9;2;2;;;1;4;1;;;1;998
12;3;19;13;13078;;1;1;A-43;97,591;3;6;2;;;1;6;1;;;1;1
9;3;19;13;13082;;3;2;No inventariada;;9;2;1;1;;1;1;1;;;1;998
11;3;9;13;13082;;3;2;No inventariada;;9;2;1;1;;1;1;3;;;1;998
4;6;14;13;0;;1;1;CR-5112;12,966;6;2;1;1;CR-511;1;1;1;;;1;1
6;5;19;13;0;;1;1;A-43;20,5;3;14;2;;;1;1;1;;;1;1
6;3;6;13;0;;1;1;A-43;19,9;3;18;2;;;1;2;1;;;1;1
9;1;7;13;0;;1;1;A-43;17,3;3;1;2;;;1;6;1;;;1;1
7;2;19;13;0;;1;1;CR-624;14,5;6;15;2;;;1;1;1;;;1;2
2;6;14;13;0;;1;1;CV-251;1,4;10;14;2;;;2;1;1;;;1;3
8;2;12;13;0;;1;1;CR-612;9,26;6;12;2;;;1;1;1;;;1;1
8;6;9;13;0;;1;1;CM-4103;59,8;6;19;2;;;1;1;1;;;1;1
1;3;7;13;13087;;3;2;No inventariada;;9;2;1;4;;1;3;2;;;1;998
1;6;23;13;13087;;3;2;No inventariada;;9;1;2;;;1;4;1;;;1;998
2;2;23;13;13087;;1;1;A-4;204,702;3;4;2;;;1;6;1;;;9;1
2;3;7;13;13087;;3;2;No inventariada;;9;7;2;;;1;2;1;;;1;998
3;4;12;13;13087;;1;1;A-4;186,181;3;4;2;;;1;1;2;;;1;1
3;4;13;13;13087;;3;2;No inventariada;;9;2;1;1;;3;1;3;;;1;998
3;4;13;13;13087;;3;2;No inventariada;;9;2;1;1;;3;1;3;;;1;998
3;7;20;13;13087;;1;1;A-4;200,881;3;4;2;;;3;2;2;;;1;1
4;4;12;13;13087;;3;2;No inventariada;;9;2;1;4;;1;1;1;;;1;998
5;4;12;13;13087;;3;2;No inventariada;;9;2;1;1;;1;1;1;;;1;998
5;6;19;13;13087;;3;2;No inventariada;;9;20;1;2;;1;2;1;;;6;998
5;6;12;13;13087;;1;1;A-4;209,156;3;19;2;;;1;1;1;;;1;1
6;1;21;13;13087;;1;1;CV-261;9;10;16;2;;;1;2;1;;;1;1
6;2;21;13;13087;;3;2;No inventariada;;9;2;1;2;;1;2;1;;;6;998
7;7;2;13;13087;;3;2;No inventariada;;9;2;1;1;;1;4;1;;;1;998
7;3;19;13;13087;;1;1;CR-612;5,6;6;18;2;;;1;1;1;;;1;1
8;7;15;13;13087;;1;1;A-4;198,4;3;18;2;;;1;1;1;;;1;2
9;2;9;13;13087;;1;1;CM-412;80,6;6;4;2;;;1;1;1;;;1;1
9;3;18;13;13087;;3;2;No inventariada;;9;2;1;1;;1;1;1;;;1;998
9;6;17;13;13087;;1;1;A-4;192,8;3;5;2;;;1;1;1;;;1;1
10;7;11;13;13087;;1;1;CV-273;0,6;10;10;2;;;2;1;1;;;1;3
9;3;16;13;13087;;3;2;No inventariada;;9;2;1;4;;1;1;1;;;1;998
10;3;10;13;13087;;1;1;A-4;194,4;3;16;2;;;1;1;1;;;1;1
10;3;19;13;13087;;3;2;No inventariada;;9;12;1;1;;1;4;1;;;1;998
12;2;10;13;13087;;1;1;CR-624;6,129;6;14;2;;;1;1;1;;;1;1
12;4;18;13;13087;;1;1;A-4;191,806;3;5;2;;;1;3;1;;;1;1
12;7;14;13;13087;;3;2;No inventariada;;9;2;1;2;;1;1;1;;;1;998
12;1;17;13;13087;;3;2;No inventariada;;9;2;1;2;;1;1;1;;;17;998
12;1;12;13;13087;;3;2;No inventariada;;9;6;2;;;1;1;1;;;1;998
12;1;14;13;13087;;3;2;No inventariada;;9;5;2;;;1;1;1;;;1;998
12;6;12;13;13087;;1;1;A-4;193,5;3;18;2;;;1;1;1;;;1;1
10;3;20;13;0;;1;1;CR-5122;7,2;6;18;2;;;1;6;1;;;1;1
1;6;13;13;0;;3;2;No inventariada;;9;2;1;1;;1;1;2;;;9;998
12;5;11;13;0;;1;1;CM-3202;2,094;6;17;2;;;1;1;2;;;4;2
12;5;17;13;0;;1;1;CM-3202;2,627;6;4;2;;;1;1;1;;;6;1
7;4;6;13;0;;1;1;CM-4115;3,4;5;18;2;;;1;2;1;;;1;2
9;7;11;13;0;;1;1;CM-4110;35,6;6;18;2;;;1;1;1;;;1;2
2;3;18;13;0;;1;1;CM-412;123,496;6;2;1;1;;1;1;1;;;1;1
7;7;1;13;0;;1;1;CM-3129;20,993;6;15;2;;;1;6;1;;;1;3
7;3;11;13;0;;1;1;CM-412;123,435;6;14;2;;;1;1;1;;;1;3
5;1;11;13;13096;;1;1;CM-4120;13,3;6;2;1;5;CM-4120;1;1;1;;;1;1
5;3;21;13;13096;;1;1;CR-200;4;6;15;2;;;1;2;1;;;1;3
6;6;12;13;13096;;1;1;CM-4120;19,15;5;1;2;;;1;1;1;;;1;1
6;5;19;13;13096;;1;1;CR-2012;8,768;6;18;2;;;1;1;2;;;1;3
8;1;11;13;13096;;1;1;CR-201;11,167;6;14;2;;;1;1;1;;;1;1
10;1;11;13;13039;;1;1;CR-201;5,95;6;18;2;;;1;1;1;;;1;2
12;7;19;13;13096;;1;1;CM-420;9,372;6;4;2;;;1;6;1;;;1;1
3;5;21;13;0;;3;2;No inventariada;;9;;;;;999;999;999;;;999;998
7;5;16;13;0;;1;1;A-4;141,5;3;18;2;;;1;1;1;;;1;1
8;5;14;13;0;;1;1;A-4;145,259;3;18;2;;;1;1;1;;;1;2
12;3;13;13;13047;;1;1;CV-95;0,825;10;9;2;;;1;1;1;;;1;1
5;3;12;13;0;;1;1;A-4;230;3;4;2;;;1;1;1;;;1;1
8;1;4;13;0;;1;1;A-4;228,195;3;4;2;;;1;6;1;;;1;1
11;2;5;13;0;;1;1;A-4;226,3;3;18;2;;;1;6;1;;;1;1
11;2;13;13;0;;3;2;No inventariada;;9;2;1;2;;1;1;1;;;9;998
8;3;18;13;0;;3;2;No inventariada;;9;7;2;;;1;1;2;;;1;998
10;1;9;13;0;;1;1;CM-4106;84,532;6;4;2;;;1;1;2;;;1;1
5;6;18;13;0;;1;1;CM-3115;23,8;6;2;2;;;1;1;1;;;4;2
3;7;16;14;0;;1;1;A-3001;8,885;6;19;2;;;1;1;1;;;1;1
9;1;20;14;0;;1;1;A-421;29,95;6;10;2;;;1;1;1;;;1;2
9;6;16;14;0;;1;1;A-421;23,1;6;2;2;;;1;1;1;;;1;3
11;6;15;14;0;;1;1;A-3001;3,282;6;2;2;;;1;1;1;;;1;2
1;2;15;14;14002;;1;1;A-45;42,2;3;4;2;;;1;1;1;;;1;1
3;5;16;14;14002;;1;1;A-304;0,3;6;1;2;;;1;1;1;;;1;1
4;5;12;14;14002;;1;1;CO-5210;0,2;6;3;2;;;1;1;1;;;1;2
4;1;2;14;14002;;1;1;A-45;38,5;3;12;2;;;1;6;1;;;1;1
5;3;5;14;14042;;1;1;A-45;34,2;3;12;2;;;3;6;3;;;1;1
5;4;18;14;14002;;1;1;A-304;3,65;6;18;2;;;1;1;1;;;1;1
11;3;19;14;14002;;1;1;CO-5208;3,35;6;12;2;;;1;6;1;;;1;1
11;7;14;14;14002;;1;1;A-45;39,6;3;4;2;;;1;1;2;;;1;1
3;3;7;14;0;;1;1;A-435;3,525;6;18;2;;;1;2;1;;;1;1
4;2;14;14;0;;1;1;N-502;379,1;6;15;2;;;3;1;3;;;1;3
8;6;6;14;0;;1;1;N-502;364,8;5;2;1;1;A-420;1;4;1;;;2;1
12;4;10;14;0;;1;1;N-502;366,531;6;2;1;1;N-502;1;1;1;;;1;1
12;5;21;14;0;;1;1;N-502;374,529;6;16;1;2;N-502;1;6;1;;;1;1
12;1;23;14;0;;1;1;A-435;3,98;6;19;2;;;1;6;1;;;1;2
3;5;11;14;0;;1;1;A-339;42,421;6;2;2;;;3;1;4;;;4;2
3;6;14;14;0;;1;1;A-339;42,2;6;13;2;;;3;1;4;;;5;1
7;7;11;14;0;;1;1;CO-8203;9,793;6;10;2;;;1;1;1;;;4;2
10;3;0;14;0;;1;1;A-339;36,6;6;18;2;;;3;6;3;;;1;1
2;4;13;14;14005;;1;1;A-431;24,9;6;12;2;;;3;1;3;;;5;2
7;1;4;14;14005;;1;1;A-431;23,2;5;3;1;4;;1;6;1;;;1;1
9;6;23;14;14005;;1;1;A-431;20,1;6;8;2;;;1;6;1;;;1;1
10;6;11;14;14005;;1;1;A-431;16;6;7;2;;;1;1;1;;;1;1
11;7;13;14;14005;;1;1;A-431;23,1;6;2;1;5;CP-113;1;1;1;;;1;1
2;7;20;14;14007;;1;1;N-432a;331,7;6;18;1;2;CV-147;3;6;3;;;4;2
4;6;18;14;14007;;1;1;CO-6206;1;6;10;2;;;1;1;1;;;1;1
7;2;17;14;14007;;1;1;N-432a;332;6;18;2;;;1;1;1;;;18;3
7;4;15;14;0;;1;1;A-318;67,979;6;2;1;2;A-3128;1;1;1;;;1;1
8;7;21;14;14007;;1;1;CO-6204;11,447;6;15;2;;;1;6;1;;;1;2
3;5;14;14;0;;1;1;CO-9403;2,086;6;2;2;;;1;1;1;;;4;3
5;4;13;14;0;;1;1;A-422;24,6;6;2;1;2;;1;1;1;;;1;1
9;7;20;14;0;;1;1;CO-9401;1,463;6;13;2;;;1;6;1;;;1;2
10;6;1;14;0;;3;2;No inventariada;;9;12;2;;;3;4;3;;;1;998
11;2;14;14;0;;1;1;A-422;41,4;6;14;2;;;1;1;1;;;4;2
3;5;15;14;0;;1;1;A-45;79,481;3;14;2;;;1;1;1;;;1;1
8;7;11;14;0;;1;1;A-45;76,5;3;4;2;;;1;1;1;;;1;1
12;7;19;14;0;;1;1;A-45;70,604;3;4;2;;;1;6;1;;;1;1
8;1;18;14;0;;1;1;A-3277;12,4;6;16;2;;;1;1;1;;;1;1
12;6;6;14;0;;1;1;CO-8404;14,541;6;19;2;;;3;6;2;2;;5;2
4;6;10;14;14012;;1;1;CO-4102;2,6;6;10;2;;;1;1;1;;;1;3
5;2;7;14;14012;;1;1;A-306;12,5;6;2;1;1;CO-4103;1;1;1;;;1;1
5;4;10;14;14012;;1;1;A-306;4,3;6;5;2;;;1;1;1;;;1;1
6;2;22;14;14012;;3;2;No inventariada;;9;2;2;;;1;4;1;;;1;998
6;2;12;14;14012;;1;1;A-306;12,3;6;2;1;1;CO-4103;1;1;1;;;1;1
8;5;12;14;14012;;3;2;No inventariada;;14;6;2;;;1;1;1;;;1;998
12;5;15;14;14021;;1;1;CO-4201;0,5;6;1;2;;;1;1;1;;;4;3
2;6;17;14;14013;;3;2;No inventariada;;9;4;2;;;1;1;1;;;1;998
3;4;21;14;14013;;3;2;No inventariada;;9;2;1;2;;1;4;1;;;1;998
3;2;12;14;14013;;3;2;No inventariada;;9;2;2;;;1;1;1;;;1;998
4;6;20;14;14013;;3;2;No inventariada;;9;2;1;2;;1;1;1;;;1;998
3;6;20;14;14013;;3;2;No inventariada;;9;1;2;;;1;4;1;;;1;998
4;5;9;14;14013;;3;2;No inventariada;;9;7;2;;;1;1;1;;;1;998
6;2;18;14;14013;;3;2;No inventariada;;9;4;2;;;1;1;1;;;1;998
8;2;5;14;14013;;1;1;A-318;48,25;3;19;2;;;1;6;1;;;4;3
6;5;19;14;14013;;3;2;No inventariada;;9;10;2;;;7;1;1;;;1;998
6;3;11;14;14013;;3;2;No inventariada;;9;7;2;;;1;1;1;;;1;998
6;4;10;14;14013;;3;2;No inventariada;;14;1;2;;;8;1;1;;;1;998
7;3;8;14;14013;;3;2;No inventariada;;9;2;1;4;;1;1;1;;;1;998
8;1;7;14;14013;;3;2;No inventariada;;9;7;2;;;1;1;1;;;1;998
9;1;5;14;14013;;1;1;CO-6213;2,346;6;8;2;;;1;6;1;;;18;2
6;5;2;14;14013;;3;2;No inventariada;;9;10;2;;;3;4;3;;;1;998
9;3;10;14;14013;;3;2;No inventariada;;9;7;2;;;1;1;1;;;1;998
9;3;10;14;14013;;1;1;A-339;2,925;6;2;1;2;C-336a;1;1;1;;;1;1
9;5;8;14;14013;;3;2;No inventariada;;9;2;1;4;;1;1;1;;;6;998
8;7;17;14;14013;;3;2;No inventariada;;9;16;2;;;1;1;1;;;1;998
9;4;11;14;14013;;3;2;No inventariada;;9;10;2;;;1;1;1;;;1;998
10;1;19;14;14013;;1;1;A-342;8,5;6;4;2;;;3;6;4;;;5;1
10;4;20;14;14013;;3;2;No inventariada;;9;2;2;;;1;4;1;;;1;998
10;5;17;14;14013;;3;2;No inventariada;;9;2;2;;;1;1;1;;;1;998
10;3;18;14;14013;;3;2;No inventariada;;9;7;1;2;;3;3;3;;;1;998
11;3;14;14;14013;;3;2;No inventariada;;9;7;2;;;1;1;1;;;1;998
11;1;8;14;14013;;3;2;No inventariada;;14;2;1;2;;1;1;1;;;1;998
1;3;19;14;0;;1;1;A-339;16,15;6;2;1;1;CO-7209;1;6;1;;;1;1
6;7;11;14;0;;1;1;A-339;16;6;2;1;5;CO-7209;1;1;1;;;1;1
7;2;18;14;0;;1;1;CO-7210;0,9;6;12;2;;;1;1;1;;;1;2
7;6;18;14;0;;1;1;A-339;19,603;6;15;2;;;1;1;1;;;1;1
9;3;14;14;0;;1;1;A-339;13,2;6;16;2;;;9;1;7;;;18;2
10;4;8;14;0;;1;1;A-339;13,127;6;15;2;;;3;1;3;;;1;3
6;7;12;14;0;;1;1;A-3200;1,3;6;19;2;;;1;1;1;;;4;3
9;6;14;14;0;;1;1;N-420;84,86;6;18;2;;;1;1;1;;;1;3
1;1;21;14;14017;;1;1;A-445;22;6;18;2;;;3;6;2;;;1;3
1;2;4;14;14017;;1;1;A-445;22,1;6;14;2;;;1;6;1;;;1;2
3;1;9;14;14017;;1;1;A-4;428,749;3;4;2;;;3;1;2;;;1;1
4;1;11;14;14017;;1;1;A-445;17,5;6;1;2;;;1;1;1;;;1;3
6;1;20;14;14017;;1;1;A-445;17,6;6;14;2;;;1;2;1;;;1;3
9;1;13;14;14057;;1;1;CO-3306;4,5;6;8;2;;;1;1;1;;;1;1
12;6;20;14;14017;;1;1;A-440;0;6;18;1;4;A-445;1;6;1;;;1;2
1;3;5;14;0;;1;1;A-4;371,587;3;8;2;;;1;6;1;;;1;1
1;6;14;14;14019;;3;2;No inventariada;;9;3;1;1;;1;1;1;;;1;998
3;5;20;14;14019;;1;1;A-3129;27,5;6;18;2;;;3;6;3;;;1;3
3;4;12;14;14019;;1;1;N-432;315,2;6;2;1;1;;1;1;1;;;1;1
5;1;8;14;14019;;3;2;No inventariada;;9;7;2;;;1;1;1;;;1;998
6;7;9;14;14019;;1;1;A-3129;19,804;6;16;2;;;1;1;1;;;1;3
5;3;19;14;14019;;3;2;No inventariada;;9;3;1;1;;1;1;1;;;1;998
6;7;10;14;14019;;1;1;GR-43;32,5;14;10;2;;;2;1;1;;;1;1
9;7;9;14;14019;;1;1;A-309;37;6;3;2;;;1;1;2;;;1;2
9;5;20;14;14019;;3;2;No inventariada;;9;2;1;1;;1;2;1;;;1;998
12;5;8;14;14019;;3;2;No inventariada;;9;2;1;1;;1;1;1;;;1;998
1;1;5;14;14021;;1;1;N-432;267,3;5;6;2;;;1;5;1;;;1;1
1;1;16;14;14021;;1;1;A-4;418,937;3;18;2;;;1;1;2;;;1;1
1;5;13;14;14021;;3;2;No inventariada;;9;7;2;;;1;1;1;;;1;998
1;1;8;14;14021;;3;2;No inventariada;;9;7;2;;;1;3;1;;;18;998
1;2;18;14;14021;;1;1;A-4;409,5;3;4;2;;;3;1;3;;;1;2
1;2;12;14;14021;;3;2;No inventariada;;9;7;1;1;;1;1;1;;;18;998
1;4;18;14;14021;;1;1;A-4;403,9;3;6;2;;;2;6;1;;;1;1
1;5;15;14;14021;;1;1;A-4;404,1;3;4;2;;;1;1;1;;;1;1
1;1;7;14;14021;;1;1;N-432;256,149;6;1;2;;;3;6;2;1;;4;2
1;2;7;14;14021;;1;1;A-4;403;3;5;2;;;3;6;7;2;;5;1
1;3;14;14;14021;;1;1;A-4;403,634;7;5;2;;;1;1;2;;1;1;1
1;3;10;14;14021;;3;2;No inventariada;;14;2;1;1;;3;1;3;;;1;998
1;4;14;14;14021;;1;1;N-432;268,2;8;4;2;;;3;1;3;;;1;1
1;3;20;14;14021;;3;2;No inventariada;;9;3;1;1;;1;4;2;;;1;998
1;7;14;14;14021;;1;1;A-3051;4,586;6;19;2;;;1;1;1;;;1;2
1;4;12;14;14021;;3;2;No inventariada;;14;2;2;;;3;1;3;;;1;998
1;2;19;14;14021;;1;1;A-3050;1,951;6;4;2;;;1;6;1;;;1;1
1;2;20;14;14021;;1;1;A-3051;2,5;6;16;2;;;1;5;1;;;1;2
1;5;23;14;14021;;1;1;CH-2;8,325;6;18;2;;;1;6;1;;;4;1
1;3;11;14;14021;;1;1;CO-3314;6,65;6;2;1;4;CO-3402;1;1;1;;;1;1
1;5;16;14;14021;;3;2;No inventariada;;14;2;2;;;1;1;1;;;1;998
1;3;19;14;14021;;1;1;A-431;6,346;6;3;2;;;1;6;1;;;1;1
1;5;8;14;14021;;3;2;No inventariada;;9;7;2;;;3;2;4;;;17;998
1;6;18;14;14021;;3;2;No inventariada;;9;2;2;;;1;1;1;;;18;998
1;7;23;14;14021;;3;2;No inventariada;;9;16;2;;;1;6;1;;;1;998
2;6;1;14;14021;;1;1;CO-3405;1,336;6;10;2;;;1;6;1;;;1;2
2;6;0;14;14021;;3;2;No inventariada;;9;7;2;;;1;4;1;;;1;998
1;1;12;14;14021;;3;2;No inventariada;;9;2;1;1;;1;1;1;;;1;998
1;5;20;14;14021;;3;2;No inventariada;;9;18;2;;;1;4;1;;;1;998
1;1;14;14;14021;;3;2;No inventariada;;9;2;2;;;1;1;3;;;1;998
2;2;11;14;14021;;1;1;A-4;382,5;3;4;2;;;1;1;1;;;1;1
2;2;12;14;14021;;1;1;N-432;277,022;4;4;2;;;1;1;1;;;1;1
2;5;21;14;14021;;1;1;A-4;405;3;6;2;;;3;6;2;;;1;2
2;4;21;14;14021;;1;1;A-4;399,6;3;12;2;;;3;6;3;;;1;2
1;3;12;14;14021;;3;2;No inventariada;;9;2;1;2;;1;1;1;;;1;998
1;6;11;14;14021;;3;2;No inventariada;;9;20;1;2;;1;1;1;;;1;998
1;1;20;14;14021;;3;2;No inventariada;;9;5;2;;;1;4;1;;;1;998
2;3;10;14;14021;;1;1;A-3051;3,7;6;3;2;;;1;1;1;;;1;1
2;5;13;14;14021;;1;1;A-4;404,1;3;4;2;;;1;1;1;;;1;1