MES;DIA_SEMANA;HORA;COD_PROVINCIA;COD_MUNICIPIO;ISLA;ZONA;ZONA_AGRUPADA;CARRETERA;KM;TIPO_VIA;TIPO_ACCIDENTE;NUDO;NUDO_INFO;CARRETERA_CRUCE;CONDICION_FIRME;CONDICION_ILUMINACION;CONDICION_METEO;CONDICION_NIEBLA;CONDICION_VIENTO;VISIB_RESTRINGIDA_POR;TRAZADO_PLANTA
2;7;20;14;14021;;1;1;N-437;2,66;6;5;2;;;1;6;1;;;1;1
2;1;8;14;14021;;3;2;No inventariada;;9;1;1;2;;3;1;3;;;1;998
2;2;9;14;14021;;1;1;N-432;295,852;6;4;2;;;1;1;1;;;1;1
1;1;19;14;14021;;3;2;No inventariada;;9;10;2;;;1;4;1;;;1;998
2;3;20;14;14021;;3;2;No inventariada;;14;4;2;;;1;4;1;;;1;998
2;5;21;14;14021;;3;2;No inventariada;;9;18;2;;;1;4;1;;;1;998
2;6;8;14;14021;;1;1;A-4;399,319;3;18;2;;;1;1;1;;;1;1
2;3;16;14;14021;;1;1;N-4;393,287;6;2;1;1;;1;1;1;;;1;1
2;4;12;14;14021;;3;2;No inventariada;;9;18;2;;;1;1;1;;;1;998
2;3;11;14;14021;;3;2;No inventariada;;14;19;1;4;;1;1;1;;;1;998
3;6;12;14;14021;;3;2;No inventariada;;9;4;2;;;1;1;1;;;1;998
3;2;14;14;14021;;1;1;A-4;403,185;3;4;2;;;1;1;1;;;1;1
3;5;23;14;14021;;3;2;No inventariada;;9;16;2;;;1;4;2;;;18;998
3;6;13;14;14021;;3;2;No inventariada;;14;2;1;1;;1;1;1;;;1;998
3;3;9;14;14021;;3;2;No inventariada;;9;19;1;4;;1;1;1;;;1;998
2;3;14;14;14021;;3;2;No inventariada;;14;2;1;2;;1;1;1;;;1;998
3;5;15;14;14021;;3;2;No inventariada;;14;2;1;1;;3;1;2;;;1;998
3;2;10;14;14021;;1;1;N-432;297,9;6;2;1;5;CO-3203;1;1;1;;;1;1
3;3;7;14;14021;;3;2;No inventariada;;9;10;2;;;1;1;1;;;1;998
3;5;20;14;14021;;3;2;No inventariada;;14;7;2;;;1;5;1;;;17;998
3;4;14;14;14021;;1;1;A-431;5,85;6;4;2;;;1;1;1;;;1;1
3;7;13;14;14021;;3;2;No inventariada;;14;20;2;;;9;1;1;;;1;998
3;5;8;14;14021;;3;2;No inventariada;;9;3;1;2;;1;1;1;;;1;998
3;5;0;14;14021;;1;1;CH-2;6,805;6;12;2;;;1;6;1;;;1;2
3;5;20;14;14021;;3;2;No inventariada;;14;7;2;;;1;6;1;;;1;998
3;1;18;14;14021;;1;1;A-431;7,35;6;5;1;5;;1;1;1;;;1;1
3;4;6;14;14021;;3;2;No inventariada;;9;19;2;;;3;4;3;;;18;998
3;7;11;14;14021;;3;2;No inventariada;;14;2;1;2;;3;4;3;;;1;998
3;7;14;14;14021;;3;2;No inventariada;;9;2;1;2;;1;1;1;;;1;998
3;3;9;14;14021;;3;2;No inventariada;;9;2;2;;;1;1;1;;;9;998
3;3;19;14;14021;;1;1;A-4;411,322;3;16;2;;;3;2;3;;1;1;2
3;4;9;14;14021;;1;1;A-4;416,4;3;12;2;;;3;1;4;;;1;2
3;4;17;14;14021;;1;1;A-4;399,571;3;12;2;;;3;2;2;;;1;2
3;7;11;14;14021;;1;1;A-4;411,095;3;15;2;;;3;1;4;;;1;2
3;2;15;14;14021;;3;2;No inventariada;;9;14;1;2;;1;1;1;;;1;998
4;4;14;14;14021;;1;1;A-4;403,29;3;4;2;;;1;1;1;;;1;1
4;5;14;14;14021;;1;1;A-4;401,842;3;3;2;;;1;1;1;;;4;1
4;5;13;14;14021;;1;1;CO-31;267,806;6;4;2;;;1;1;1;;;1;1
4;5;13;14;14021;;1;1;A-4;390,5;3;4;2;;;1;1;1;;;1;1
3;5;14;14;14021;;3;2;No inventariada;;14;2;2;;;3;1;3;;;18;998
4;6;12;14;14021;;3;2;No inventariada;;9;2;1;4;;1;1;1;;;1;998
4;4;21;14;14021;;1;1;N-437;4,9;6;3;2;;;1;6;1;;;1;1
4;5;20;14;14021;;1;1;CH-2;8,219;6;2;1;1;;1;1;1;;;1;1
4;6;17;14;14021;;3;2;No inventariada;;9;2;1;1;;1;1;1;;;1;998
4;4;13;14;14021;;3;2;No inventariada;;14;3;1;4;;1;1;1;;;1;998
4;5;16;14;14021;;1;1;A-4;403;3;4;2;;;1;1;1;;;17;1
3;4;8;14;14021;;3;2;No inventariada;;9;2;2;;;1;1;1;;;1;998
4;4;16;14;14021;;3;2;No inventariada;;9;2;1;1;;1;1;1;;;1;998
4;4;14;14;14021;;3;2;No inventariada;;14;5;2;;;1;1;1;;;1;998
4;1;15;14;14021;;1;1;N-432;290,2;6;5;2;;;1;1;1;;;1;1
4;7;8;14;14021;;1;1;A-431;9;5;4;1;1;;1;1;1;;;1;1
4;4;21;14;14021;;1;1;A-4;399,8;3;4;2;;;1;4;1;;;1;1
4;4;21;14;14021;;1;1;A-4;399,9;3;4;2;;;1;4;1;;;1;1
4;6;11;14;14021;;1;1;CO-3408;4,214;6;1;2;;;3;1;3;;;1;2
4;4;23;14;14021;;3;2;No inventariada;;14;10;2;;;1;4;1;1;;1;998
5;3;4;14;14021;;1;1;A-4;407,95;3;15;2;;;3;6;4;;;1;1
5;4;16;14;14021;;3;2;No inventariada;;14;2;1;1;;1;1;1;;;1;998
5;5;10;14;14021;;1;1;CO-31;268,832;3;4;1;12;;1;1;1;;;1;1
5;5;13;14;14021;;1;1;N-432;268,5;8;4;1;2;N-4;1;1;1;;;1;1
4;7;15;14;14021;;3;2;No inventariada;;9;18;2;;;7;1;1;;;1;998
4;4;15;14;14021;;3;2;No inventariada;;9;10;2;;;1;1;1;;;1;998
5;7;8;14;14021;;3;2;No inventariada;;14;10;2;;;1;1;1;;;1;998
3;5;22;14;14021;;3;2;No inventariada;;9;2;1;2;;1;4;1;;;1;998
5;3;9;14;14021;;1;1;N-432;276,3;6;2;2;;;1;1;1;;;1;1
5;3;18;14;14021;;1;1;N-432;276,4;6;4;2;;;1;1;1;;;1;1
5;1;0;14;14021;;3;2;No inventariada;;9;10;2;;;1;4;1;;;1;998
5;2;8;14;14021;;3;2;No inventariada;;14;7;2;;;1;2;1;;;6;998
5;6;20;14;14021;;1;1;A-4;402,6;3;5;2;;;1;3;1;;;1;1
5;1;21;14;14021;;3;2;No inventariada;;9;2;2;;;1;3;1;;;18;998
5;7;0;14;14021;;3;2;No inventariada;;14;2;1;1;;1;4;1;;;1;998
5;1;18;14;14021;;3;2;No inventariada;;9;3;1;4;;1;1;1;;;1;998
5;3;14;14;14021;;3;2;No inventariada;;9;7;2;;;1;1;1;;;1;998
5;4;8;14;14021;;1;1;N-432;266,8;6;4;2;;;1;1;2;;;1;1
5;5;13;14;14021;;3;2;No inventariada;;9;2;1;2;;1;1;1;;;1;998
5;5;5;14;14021;;1;1;A-4;401,71;3;4;2;;;1;4;1;;;1;1
4;2;14;14;14021;;3;2;No inventariada;;9;10;1;4;;8;1;1;;;1;998
5;3;16;14;14021;;1;1;A-431;7,4;6;18;2;;;1;1;1;;;1;1
5;5;14;14;14021;;3;2;No inventariada;;14;4;2;;;1;1;1;;;1;998
5;7;17;14;14021;;3;2;No inventariada;;9;3;1;1;;1;1;1;;;1;998
5;4;18;14;14021;;1;1;CO-3304;3,4;6;18;2;;;1;1;1;;;1;3
6;1;9;14;14021;;3;2;No inventariada;;14;10;2;;;1;1;1;;;1;998
6;6;1;14;14021;;3;2;No inventariada;;9;7;2;;;3;4;3;;;1;998
6;5;16;14;14021;;3;2;No inventariada;;9;10;2;;;1;1;1;;;1;998
6;7;15;14;14021;;3;2;No inventariada;;14;19;2;;;1;1;1;;;1;998
6;4;8;14;14021;;1;1;N-432;289,75;6;2;2;;;1;1;1;;;1;2
6;6;1;14;14021;;1;1;A-4;401,5;3;12;2;;;1;4;1;;;1;1
6;6;4;14;14021;;3;2;No inventariada;;14;9;2;;;3;4;3;;;1;998
6;1;21;14;14021;;3;2;No inventariada;;9;2;2;;;1;1;1;;;1;998
6;3;2;14;14021;;1;1;CO-3103;1,5;6;14;2;;;1;6;2;;;1;1
6;4;9;14;14021;;1;1;A-4;403,25;3;12;2;;;1;1;1;;;1;1
5;1;21;14;14021;;3;2;No inventariada;;9;10;2;;;1;1;1;;;1;998
6;5;12;14;14021;;1;1;N-4;393,216;6;20;1;1;N-4;1;1;1;;;4;1
6;1;14;14;14021;;3;2;No inventariada;;9;2;1;1;;1;1;1;;;1;998
6;3;12;14;14021;;3;2;No inventariada;;14;4;2;;;1;1;1;;;1;998
6;3;11;14;14021;;3;2;No inventariada;;9;10;2;;;1;1;1;;;1;998
6;6;12;14;14021;;1;1;A-4;405,71;3;10;2;;;1;1;1;;;1;2
6;4;15;14;14021;;3;2;No inventariada;;14;4;2;;;1;1;1;;;1;998
6;6;20;14;14021;;1;1;A-4;399;3;15;2;;;1;1;1;;;1;3
6;7;12;14;14021;;3;2;No inventariada;;14;10;2;;;1;1;1;;;1;998
6;1;8;14;14021;;1;1;N-437;3,6;6;4;2;;;1;1;1;;;1;1
6;1;16;14;14021;;3;2;No inventariada;;9;7;2;;;1;1;1;;;1;998
6;7;13;14;14021;;3;2;No inventariada;;14;10;2;;;1;1;1;;;1;998
6;6;9;14;14021;;3;2;No inventariada;;9;4;2;;;1;1;1;;;1;998
5;2;17;14;14021;;3;2;No inventariada;;9;10;2;;;1;1;1;;;1;998
6;1;21;14;14021;;3;2;No inventariada;;9;10;2;;;1;3;1;;;1;998
7;1;15;14;14021;;1;1;A-431;8,867;5;2;1;1;;1;1;1;;;1;1
1;6;18;14;14021;;3;2;No inventariada;;9;10;2;;;1;1;1;;;1;998
1;2;12;14;14021;;3;2;No inventariada;;9;7;2;;;3;1;3;;;1;998
2;5;17;14;14021;;3;2;No inventariada;;9;3;2;;;1;1;1;;;1;998
2;2;17;14;14021;;3;2;No inventariada;;9;2;2;;;1;1;1;;;1;998
6;3;13;14;14021;;3;2;No inventariada;;9;2;1;1;;1;1;1;;;9;998
6;2;20;14;14021;;3;2;No inventariada;;9;2;1;2;;1;1;1;;;6;998
7;1;8;14;14021;;3;2;No inventariada;;14;2;1;4;;1;1;1;;;1;998
7;4;10;14;14021;;1;1;A-4;381,3;3;4;2;;;1;1;1;;;1;1
7;1;14;14;14021;;3;2;No inventariada;;14;7;1;1;;1;1;1;;;1;998
7;7;9;14;14021;;3;2;No inventariada;;14;10;2;;;1;1;1;;;1;998
7;1;14;14;14021;;1;1;CO-3204;10;6;14;2;;;1;1;1;;;1;1
7;3;10;14;14021;;3;2;No inventariada;;9;2;1;2;;1;1;1;;;1;998
7;3;14;14;14021;;1;1;A-4;402;3;4;2;;;1;1;1;;;1;1
7;3;15;14;14021;;1;1;N-432;276,33;6;2;2;;;1;1;1;;;1;1
7;5;14;14;14021;;3;2;No inventariada;;14;7;2;;;1;1;1;;;1;998
4;1;6;14;14021;;3;2;No inventariada;;9;2;1;2;;1;4;2;;;1;998
7;4;0;14;14021;;3;2;No inventariada;;9;7;2;;;1;4;1;;;1;998
7;5;15;14;14021;;3;2;No inventariada;;9;2;1;4;A-3050;1;1;1;;;1;998
7;7;8;14;14021;;1;1;CO-3310;16,875;6;19;2;;;1;1;1;;;1;2
7;2;9;14;14021;;3;2;No inventariada;;9;2;2;;;1;1;1;;;1;998
7;1;16;14;14021;;3;2;No inventariada;;9;19;2;;;1;1;1;;;1;998
7;7;13;14;14021;;3;2;No inventariada;;14;2;2;;;1;1;1;;;1;998
7;2;8;14;14021;;3;2;No inventariada;;14;7;2;;;1;1;1;;;1;998
7;5;20;14;14021;;1;1;A-4;392,9;3;12;2;;;1;1;1;;;1;1
7;4;15;14;14021;;3;2;No inventariada;;9;10;2;;;1;1;1;;;1;998
7;1;11;14;14021;;1;1;CO-3405;13,5;6;10;2;;;1;1;1;;;1;3
6;5;11;14;14021;;3;2;No inventariada;;9;3;2;;;1;1;1;;;1;998
2;1;17;14;14021;;3;2;No inventariada;;9;2;1;3;;1;1;1;;;1;998
4;2;15;14;14021;;3;2;No inventariada;;9;3;2;;;1;1;1;;;1;998
4;4;20;14;14021;;3;2;No inventariada;;9;3;1;3;;1;1;1;;;1;998
7;4;20;14;14021;;3;2;No inventariada;;9;2;2;;;1;1;1;;;1;998
7;1;0;14;14021;;1;1;A-431;6,5;5;5;1;1;;1;4;1;;;1;1
7;6;11;14;14021;;3;2;No inventariada;;9;7;2;;;1;1;1;;;1;998
7;7;15;14;14021;;1;1;A-4;399,25;3;4;2;;;1;1;1;;;1;1
7;7;21;14;14021;;3;2;No inventariada;;9;3;1;4;;1;1;1;;;1;998
7;7;20;14;14021;;3;2;No inventariada;;14;2;1;1;;1;1;1;;;1;998
7;2;22;14;14021;;1;1;A-4;405;7;10;2;;;1;6;1;;;1;2
7;2;12;14;14021;;3;2;No inventariada;;9;7;1;1;;1;1;1;;;1;998
8;7;11;14;14021;;1;1;CO-31;268,1;8;12;1;2;N-4;1;1;1;;;1;2
8;3;10;14;14021;;1;1;CH-2;6,4;6;2;1;1;;1;1;1;;;1;1
8;3;15;14;14021;;1;1;N-437;4,8;6;10;1;4;;1;1;1;;;1;1
7;3;14;14;14021;;3;2;No inventariada;;9;4;1;1;;1;1;1;;;1;998
8;2;10;14;14021;;3;2;No inventariada;;14;3;2;;;1;1;1;;;1;998
6;6;10;14;14021;;3;2;No inventariada;;14;3;2;;;1;1;1;;;18;998
8;6;23;14;14021;;1;1;A-4;403,2;3;4;2;;;1;4;1;;;1;1
8;2;8;14;14021;;1;1;A-4;383,9;3;12;2;;;1;1;1;;;1;1
6;6;22;14;14021;;3;2;No inventariada;;9;2;1;2;;1;3;1;;;1;998
7;2;23;14;14021;;3;2;No inventariada;;9;2;1;5;;1;4;1;;;1;998
9;7;21;14;14021;;1;1;CH-2;3,791;6;10;1;1;;1;4;1;;;1;1
7;3;22;14;14021;;3;2;No inventariada;;9;1;2;;;1;4;1;;;1;998
9;5;19;14;14021;;1;1;A-4;403,328;3;15;2;;;1;1;1;;;1;1
9;1;11;14;14057;;1;1;A-45;11,3;3;19;2;;;1;1;1;;;1;1
9;1;9;14;14021;;3;2;No inventariada;;14;4;2;;;1;1;1;;;6;998
9;1;20;14;14021;;1;1;A-4;389;3;7;2;;;1;2;1;;;1;2
9;1;22;14;14021;;3;2;No inventariada;;9;10;2;;;1;4;1;;;1;998
9;3;9;14;14021;;1;1;A-431;7,83;6;2;1;2;;1;1;1;;;1;1
9;1;6;14;14021;;3;2;No inventariada;;9;2;1;4;;1;3;1;;;1;998
9;6;16;14;14021;;1;1;A-4;405,68;3;16;1;10;;1;1;1;;;1;2
9;6;7;14;14021;;1;1;N-432;253,5;6;17;2;;;1;6;1;;;1;2
8;4;12;14;14021;;3;2;No inventariada;;14;3;1;4;;1;1;1;;;1;998
7;5;14;14;14021;;3;2;No inventariada;;9;2;2;;;1;1;1;;;18;998
9;3;22;14;14021;;3;2;No inventariada;;9;2;1;3;;1;4;1;;;1;998
8;3;21;14;14021;;3;2;No inventariada;;9;2;2;;;1;4;1;;;1;998
9;5;17;14;14021;;3;2;No inventariada;;9;2;2;;;1;1;1;;;1;998
9;5;23;14;14021;;3;2;No inventariada;;9;10;1;1;;1;4;1;;;2;998
8;7;23;14;14021;;3;2;No inventariada;;14;10;2;;;1;4;1;;;1;998
9;2;16;14;14021;;3;2;No inventariada;;14;10;2;;;1;1;1;;;1;998
9;2;8;14;14021;;3;2;No inventariada;;14;10;1;2;;1;1;1;;;1;998
9;2;12;14;14021;;3;2;No inventariada;;14;2;2;;;1;1;1;;;1;998
9;7;6;14;14021;;1;1;N-437;2,6;6;12;1;4;CO-32;1;5;1;;;1;3
9;6;19;14;14021;;1;1;CH-2;6,05;6;16;1;2;;1;1;1;;;1;1
9;7;1;14;14021;;3;2;No inventariada;;9;2;1;4;;1;4;1;;;1;998
7;7;15;14;14021;;3;2;No inventariada;;9;7;2;;;1;1;1;;;18;998
9;1;15;14;14021;;1;1;N-432;290,5;6;14;2;;;1;1;1;;;1;2
9;1;16;14;14021;;1;1;A-4;381,45;3;17;2;;;1;1;1;;;1;2
10;2;14;14;14021;;1;1;A-3051;1,147;6;14;2;;;1;1;1;;;1;2
9;5;19;14;14021;;3;2;No inventariada;;9;1;1;5;;1;1;1;;;1;998
9;5;12;14;14021;;3;2;No inventariada;;14;2;1;1;;1;1;1;;;1;998
8;6;23;14;14021;;3;2;No inventariada;;9;4;2;;;1;4;1;;;1;998
10;3;7;14;14021;;1;1;N-432;268,7;8;4;1;11;A-4;1;3;2;;;1;1
10;4;8;14;14021;;1;1;N-432;259,664;6;15;2;;;1;6;1;;;1;1
10;4;19;14;14021;;1;1;CO-3402;8,53;5;19;2;;;1;1;1;;;1;1
9;6;14;14;14021;;3;2;No inventariada;;14;2;2;;;1;1;1;;;1;998
10;6;13;14;14021;;1;1;A-4;401,8;8;15;1;10;;3;1;3;;;5;2
9;7;17;14;14021;;3;2;No inventariada;;14;2;2;;;1;1;1;;;1;998
10;6;18;14;14021;;1;1;A-4;411,5;3;12;2;;;3;1;4;;;1;2
10;6;3;14;14021;;3;2;No inventariada;;9;6;2;;;1;4;1;;;1;998
10;1;9;14;14021;;1;1;A-4;399,499;3;4;2;;;3;1;3;;;1;1
10;2;5;14;14021;;1;1;CO-3408;2,025;6;14;2;;;3;6;7;;;11;2
10;2;9;14;14021;;3;2;No inventariada;;9;2;1;1;;1;1;1;;;3;998
10;3;5;14;14021;;1;1;A-4;398;3;17;2;;;4;6;4;;;5;3
10;3;10;14;14021;;1;1;A-4;411,133;3;12;2;;;3;6;3;;;1;2
10;3;14;14;14021;;3;2;No inventariada;;9;7;2;;;1;1;2;;;1;998
9;5;17;14;14021;;3;2;No inventariada;;9;3;1;2;;1;1;1;;;1;998
9;5;17;14;14021;;3;2;No inventariada;;9;4;2;;;1;1;1;;;1;998
10;6;22;14;14021;;3;2;No inventariada;;9;10;2;;;3;4;1;;;1;998
10;4;11;14;14021;;1;1;N-432a;255,95;6;15;2;;;1;1;1;;;1;2
10;5;8;14;14021;;3;2;No inventariada;;7;4;2;;;1;1;1;;;1;998
10;3;16;14;14021;;1;1;N-432;287,205;6;1;2;;;3;1;3;;;1;2
10;4;16;14;14021;;1;1;A-3051;2,629;6;12;2;;;3;1;3;;;4;2
10;2;20;14;14021;;3;2;No inventariada;;9;2;1;4;;1;4;1;;;1;998
11;7;8;14;14021;;3;2;No inventariada;;9;7;2;;;1;1;1;;;1;998
10;2;17;14;14021;;3;2;No inventariada;;14;7;2;;;1;1;7;;;18;998
11;4;14;14;14021;;1;1;N-437;4,046;5;15;2;;;1;1;1;;;1;1
11;1;13;14;14021;;1;1;A-4;399,612;8;4;2;;;1;1;1;;;1;1
11;1;20;14;14021;;1;1;A-4;401,865;3;4;2;;;1;3;1;;;1;1
10;4;16;14;14021;;3;2;No inventariada;;9;2;1;2;;1;1;1;;;1;998
11;5;16;14;14021;;3;2;No inventariada;;9;2;2;;;1;1;1;;;1;998
11;6;4;14;14021;;3;2;No inventariada;;9;19;2;;;1;4;1;;;1;998
10;2;17;14;14021;;3;2;No inventariada;;9;5;2;;;1;1;1;;;18;998
11;2;14;14;14021;;3;2;No inventariada;;9;4;2;;;1;1;1;;;1;998
11;5;22;14;14021;;3;2;No inventariada;;9;7;2;;;1;4;1;;;18;998
11;3;15;14;14021;;1;1;N-432;300,5;6;14;2;;;1;1;1;;;1;1
11;1;16;14;14021;;3;2;No inventariada;;9;2;1;2;;1;1;1;;;1;998
11;1;8;14;14021;;1;1;A-3050;2;6;5;2;;;1;4;1;;;1;1
11;2;17;14;14021;;3;2;No inventariada;;14;2;1;1;;1;1;1;;;9;998
11;2;14;14;14021;;3;2;No inventariada;;9;10;2;;;1;1;1;;;1;998
11;5;18;14;14021;;3;2;No inventariada;;9;3;2;;;1;6;1;;;1;998
11;4;5;14;14021;;3;2;No inventariada;;9;10;2;;;1;4;1;;;1;998
11;2;18;14;14021;;3;2;No inventariada;;9;7;1;2;;1;4;1;;;1;998
11;2;13;14;14021;;3;2;No inventariada;;9;4;1;2;;1;1;1;;;1;998
11;3;16;14;14021;;3;2;No inventariada;;13;1;2;;;1;1;1;;;1;998
11;7;21;14;14021;;3;2;No inventariada;;9;2;1;5;;1;3;1;;;18;998
11;6;20;14;14021;;3;2;No inventariada;;9;19;2;;;1;4;1;;;1;998
12;2;12;14;14021;;1;1;CO-3402;4,404;6;12;2;;;2;1;1;;;1;2
12;3;15;14;14021;;1;1;A-4;399,361;3;5;2;;;1;1;1;;;1;1
12;4;22;14;14021;;1;1;A-3051;1,275;6;13;2;;;1;6;1;;;1;2
12;3;23;14;14021;;1;1;CH-2;3,7;6;19;2;;;1;6;1;;;1;1
12;4;19;14;14021;;1;1;CO-31;268,7;6;4;2;;;1;4;1;;;1;1
12;5;9;14;14021;;1;1;A-309;25,46;6;14;2;;;1;1;1;;;1;3
12;6;10;14;14021;;1;1;A-4;403;7;16;2;;;1;1;1;;;1;1
12;2;10;14;14021;;3;2;No inventariada;;9;7;2;;;1;1;1;;;1;998
12;2;13;14;14021;;3;2;No inventariada;;9;2;2;;;1;1;1;;;1;998
12;7;22;14;14021;;1;1;A-4;411,055;3;18;2;;;8;3;1;;;1;2
12;2;13;14;14021;;3;2;No inventariada;;14;7;2;;;1;1;1;;;1;998
12;1;11;14;14021;;3;2;No inventariada;;14;9;2;;;1;1;1;;;1;998
12;1;20;14;14021;;1;1;A-4;412,134;3;2;2;;;1;6;1;;;1;1
12;1;13;14;14021;;3;2;No inventariada;;9;2;1;2;;1;1;1;;;1;998
11;6;14;14;14021;;3;2;No inventariada;;9;7;2;;;1;1;1;;;18;998
12;2;5;14;14021;;1;1;A-4;397;3;16;2;;;1;6;1;;;1;1
12;5;12;14;14021;;3;2;No inventariada;;14;9;2;;;7;1;1;;;1;998
12;5;9;14;14021;;3;2;No inventariada;;9;2;2;;;3;1;2;;;1;998
9;6;21;14;14021;;3;2;No inventariada;;14;7;2;;;1;4;1;;;1;998
12;4;13;14;14021;;3;2;No inventariada;;9;7;2;;;3;1;3;;;1;998
12;4;16;14;14021;;3;2;No inventariada;;14;10;2;;;1;1;1;;;1;998
12;2;13;14;14021;;3;2;No inventariada;;14;2;1;4;;1;1;1;;;1;998
12;7;12;14;14021;;1;1;N-4;390,25;6;2;1;2;CO-3103;1;1;1;;;1;1
12;6;19;14;14021;;3;2;No inventariada;;9;10;1;4;;1;3;1;;;1;998
12;2;14;14;14021;;1;1;A-309;22,3;6;16;2;;;1;1;1;;;1;1
12;5;12;14;14021;;1;1;CO-31;268,7;3;5;2;;;1;1;1;;;1;1
12;7;12;14;14021;;3;2;No inventariada;;14;7;2;;;1;4;1;;;18;998
12;2;13;14;14021;;3;2;No inventariada;;9;7;2;;;1;1;1;;;1;998
12;5;12;14;14021;;3;2;No inventariada;;14;10;2;;;1;1;1;;;1;998
12;4;12;14;14021;;3;2;No inventariada;;9;7;2;;;1;1;1;;;6;998
12;6;21;14;14021;;3;2;No inventariada;;9;2;2;;;1;2;1;;;1;998
7;6;12;14;0;;3;2;No inventariada;;9;7;1;1;;1;1;1;;;2;998
8;7;10;14;0;;2;2;CO-6202;11,5;6;10;1;1;;1;1;1;;;1;2
11;6;14;14;0;;3;2;No inventariada;;9;10;1;2;;1;1;1;;;1;998
11;4;8;14;0;;3;2;No inventariada;;9;7;2;;;1;2;2;;;1;998
4;5;11;14;0;;1;1;A-3177;8,704;6;2;2;;;1;1;1;;;1;1
5;6;19;14;0;;1;1;A-45;71,083;3;14;2;;;1;3;1;;;1;2
5;1;15;14;0;;1;1;A-344R1;0,05;6;1;2;;;1;1;1;;;12;3
7;6;2;14;0;;1;1;N-331;92,1;6;7;2;;;1;6;1;;;1;1
10;4;9;14;0;;1;1;N-432;308,009;6;2;1;6;CO-4203;1;1;1;1;;10;1
12;3;16;14;0;;1;1;CO-4204;2;6;4;2;;;1;1;1;;;1;1
2;6;21;14;0;;1;1;N-432;231,3;6;8;2;;;3;5;1;;;1;1
3;6;14;14;0;;1;1;A-3075;2,5;6;19;2;;;1;1;1;;;4;2
8;2;6;14;0;;1;1;N-432;226,543;5;3;2;;;1;2;1;;;1;1
10;7;18;14;0;;1;1;A-3075;4,8;6;16;2;;;1;1;1;;;1;1
10;7;12;14;0;;1;1;N-432;229,5;6;5;2;;;1;1;1;;;1;1
11;5;6;14;0;;1;1;N-432;216,28;6;13;2;;;1;6;1;;;1;1
11;6;12;14;0;;1;1;A-3075;0,4;6;18;2;;;1;1;1;;;4;2
11;2;11;14;0;;1;1;CO-4400;5,39;6;1;2;;;1;1;1;;;4;2
2;3;11;14;14027;;3;2;No inventariada;;14;4;1;2;;1;1;1;;;1;998
5;4;11;14;14027;;3;2;No inventariada;;9;2;1;1;;1;1;1;;;2;998
12;5;22;14;0;;1;1;A-422;9,5;6;8;2;;;1;6;1;;;1;1
6;4;21;14;0;;1;1;A-447;6,7;6;18;2;;;1;6;1;;;1;1
8;5;8;14;0;;1;1;N-432;186,01;6;17;2;;;1;1;1;;;1;1
8;6;13;14;0;;1;1;A-3151;69,95;6;19;2;;;1;1;1;;;4;2
10;6;15;14;0;;1;1;CO-8403;2,3;6;15;2;;;3;1;3;;;1;2
12;5;22;14;0;;1;1;N-432;186;6;19;2;;;1;6;1;;;1;3
12;5;14;14;0;;1;1;A-3151;79,45;6;16;2;;;1;1;1;;;1;2
1;3;10;14;14030;;1;1;CO-4311;0,668;6;1;1;2;CO-4309;1;1;1;;;1;1
9;7;12;14;14030;;1;1;CO-4311;2;6;19;2;;;1;1;1;;;1;2
10;2;16;14;14030;;1;1;A-440;6,258;6;14;2;;;1;1;1;;;1;1
11;1;12;14;14030;;1;1;CO-4309;2,4;6;2;1;2;;1;1;2;;;1;1
11;2;7;14;14030;;1;1;A-440;5,527;6;2;2;;;3;2;2;;;1;1
12;6;18;14;14030;;1;1;A-440;8,7;6;2;2;;;1;4;1;;;1;1
12;1;10;14;14030;;1;1;CO-4309;4,1;6;18;2;;;1;1;1;;;1;1
12;3;10;14;14030;;3;2;No inventariada;;9;19;2;;;1;1;1;;;1;998
7;7;20;14;0;;1;1;CO-9026;3;6;18;2;;;1;1;1;;;1;2
2;4;14;14;14035;;1;1;A-422;21,884;6;14;2;;;1;1;1;;;1;1
5;6;20;14;14035;;1;1;SENDA;3,5;14;10;2;;;2;1;1;;;1;1
5;4;9;14;14035;;3;2;No inventariada;;9;7;1;2;;1;1;1;;;1;998
8;5;18;14;14035;;1;1;A-3279;1,461;6;14;2;;;1;1;1;;;1;2
2;6;9;14;0;;1;1;CO-5314;7,9;6;15;2;;;1;1;1;;;1;2
2;6;12;14;0;;1;1;A-3151;61,428;6;19;2;;;1;1;1;;;1;1
3;6;11;14;0;;1;1;CO-5400;10,05;6;5;2;;;1;1;1;;;4;2
4;3;3;14;0;;1;1;A-431;42,229;6;19;2;;;1;6;1;;;1;1
4;7;11;14;0;;1;1;A-3151;33,5;5;10;2;;;1;1;1;;;4;2
5;3;14;14;0;;1;1;A-3151;41,2;6;19;2;;;2;1;1;;;1;2
6;3;18;14;0;;1;1;CO-5309;8,15;6;16;2;;;1;1;1;;;1;3
8;7;18;14;0;;1;1;A-440;17,6;6;18;2;;;1;1;1;;;1;1
10;6;7;14;0;;1;1;A-440;17,2;6;15;2;;;1;6;2;;;1;3
10;7;11;14;0;;1;1;CO-5314;0,657;6;18;2;;;1;1;2;;;1;2
11;6;22;14;0;;1;1;A-3151;9,6;6;14;1;12;;1;6;1;;;1;2
1;1;9;14;0;;3;2;No inventariada;;9;17;2;;;3;1;1;;;1;998
2;3;11;14;0;;1;1;A-333;47;6;12;2;;;1;1;1;;;1;2
9;4;12;14;0;;3;2;No inventariada;;9;7;2;;;1;1;1;;;1;998