MES;DIA_SEMANA;HORA;COD_PROVINCIA;COD_MUNICIPIO;ISLA;ZONA;ZONA_AGRUPADA;CARRETERA;KM;TIPO_VIA;TIPO_ACCIDENTE;NUDO;NUDO_INFO;CARRETERA_CRUCE;CONDICION_FIRME;CONDICION_ILUMINACION;CONDICION_METEO;CONDICION_NIEBLA;CONDICION_VIENTO;VISIB_RESTRINGIDA_POR;TRAZADO_PLANTA
10;3;10;14;0;;3;2;No inventariada;;9;2;1;1;;1;1;1;;;1;998
1;3;20;14;14038;;1;1;A-318;30,875;6;14;2;;;3;6;3;;;18;2
1;7;16;14;14038;;3;2;No inventariada;;9;10;2;;;1;1;1;;;1;998
1;6;13;14;14038;;1;1;A-318a;2,8;6;5;2;;;1;1;1;;;1;1
1;5;8;14;14038;;1;1;A-3131;12,362;6;12;2;;;3;6;2;;;4;3
1;1;7;14;14038;;3;2;No inventariada;;9;4;2;;;1;2;1;;;1;998
1;5;20;14;14038;;3;2;No inventariada;;9;2;2;;;1;4;1;;;14;998
2;6;16;14;14038;;3;2;No inventariada;;9;12;2;;;1;1;1;;;1;998
2;1;13;14;14038;;3;2;No inventariada;;9;7;1;2;;1;1;1;;;1;998
2;4;22;14;14038;;3;2;No inventariada;;9;4;2;;;1;4;1;;;18;998
2;2;19;14;14038;;1;1;A-318;38,32;3;1;1;4;;1;2;1;;;1;1
2;5;20;14;14038;;3;2;No inventariada;;9;16;2;;;1;6;2;;;1;998
2;2;7;14;14038;;3;2;No inventariada;;9;7;2;;;1;3;1;;;1;998
2;4;8;14;14038;;3;2;No inventariada;;9;2;1;4;;1;1;2;;;18;998
3;1;20;14;14038;;1;1;A-318a;2,165;6;4;2;;;1;6;2;;;1;1
3;4;17;14;14038;;1;1;A-318;29,75;6;2;2;;;3;6;3;;;4;2
3;1;18;14;14038;;3;2;No inventariada;;9;7;1;2;;1;2;1;;;18;998
3;2;13;14;14038;;3;2;No inventariada;;9;10;1;2;;1;1;1;;;1;998
3;5;13;14;14038;;3;2;No inventariada;;9;4;1;2;;1;1;1;;;1;998
3;1;21;14;14038;;3;2;No inventariada;;9;4;2;;;3;3;3;;;1;998
4;1;17;14;14038;;3;2;No inventariada;;9;2;1;2;;1;1;1;;;3;998
4;3;7;14;14038;;1;1;A-45;54,342;3;16;2;;;1;6;1;;;1;1
4;3;13;14;14038;;3;2;No inventariada;;14;3;1;4;;1;1;1;;;1;998
4;2;12;14;14038;;3;2;No inventariada;;9;10;1;2;;1;1;1;;;1;998
4;4;9;14;14038;;3;2;No inventariada;;9;4;1;4;;1;1;1;;;1;998
4;2;15;14;14038;;3;2;No inventariada;;9;2;1;1;;1;1;1;;;1;998
4;1;21;14;14038;;3;2;No inventariada;;9;7;2;;;1;4;1;;;1;998
4;3;10;14;14038;;1;1;A-318;38,3;6;2;1;2;A-45;1;1;1;;;1;1
4;1;22;14;14038;;3;2;No inventariada;;9;9;2;;;1;4;1;;;1;998
4;6;11;14;14038;;3;2;No inventariada;;9;10;1;2;;1;1;1;;;1;998
4;6;11;14;14038;;1;1;A-318a;2,3;6;4;1;2;A-331;3;1;3;;;5;2
4;4;14;14;14038;;3;2;No inventariada;;9;4;2;;;1;1;1;;;1;998
5;1;14;14;14038;;3;2;No inventariada;;9;1;2;;;1;1;1;;;1;998
5;4;14;14;14038;;3;2;No inventariada;;9;2;1;2;;1;1;1;;;1;998
5;5;9;14;14038;;3;2;No inventariada;;9;4;2;;;1;1;1;;;1;998
5;2;9;14;14038;;3;2;No inventariada;;9;5;2;;;1;1;1;;;1;998
5;3;14;14;14038;;3;2;No inventariada;;9;4;2;;;1;1;1;;;1;998
5;4;15;14;14038;;3;2;No inventariada;;9;4;1;2;;1;1;1;;;1;998
5;1;13;14;14038;;3;2;No inventariada;;9;16;2;;;1;1;1;;;1;998
4;4;19;14;14038;;3;2;No inventariada;;9;7;1;1;;1;1;1;;;1;998
6;6;8;14;14038;;1;1;N-331;74,8;5;10;1;4;N-331;8;2;2;;;1;2
6;2;8;14;14038;;3;2;No inventariada;;9;;;;;999;999;999;;;999;998
6;2;19;14;14038;;3;2;No inventariada;;9;3;1;1;;1;1;1;;;1;998
6;4;10;14;14038;;1;1;CO-7218;6,022;6;19;2;;;1;1;1;;;4;2
6;3;18;14;14038;;3;2;No inventariada;;9;2;2;;;1;1;1;;;1;998
6;1;12;14;14038;;3;2;No inventariada;;9;7;2;;;1;1;1;;;6;998
7;3;20;14;14038;;1;1;A-318a;2,164;6;4;2;;;1;1;1;;;1;1
6;5;13;14;14038;;3;2;No inventariada;;14;7;2;;;1;1;1;;;18;998
6;6;19;14;14038;;3;2;No inventariada;;9;10;1;2;;1;1;1;;;1;998
7;2;23;14;14038;;3;2;No inventariada;;9;2;1;2;;1;4;1;;;18;998
7;7;20;14;14038;;1;1;CO-6219;2,1;6;16;2;;;1;1;1;;;1;1
7;2;14;14;14038;;3;2;No inventariada;;9;4;1;2;;1;1;1;;;18;998
7;4;20;14;14038;;1;1;A-318;38,32;6;1;1;4;;1;2;1;;;1;1
7;5;10;14;14038;;3;2;No inventariada;;9;4;2;;;1;1;1;;;1;998
7;1;13;14;14038;;3;2;No inventariada;;9;4;2;;;1;1;1;;;1;998
7;1;14;14;14038;;3;2;No inventariada;;9;2;1;1;;1;1;1;;;18;998
7;7;16;14;14038;;3;2;No inventariada;;9;12;2;;;1;1;1;;;1;998
8;5;0;14;14038;;1;1;A-318a;2,9;6;8;2;;;1;6;1;;;17;1
8;6;22;14;14038;;3;2;No inventariada;;9;4;2;;;1;4;1;;;1;998
8;2;9;14;14038;;1;1;A-318;31,4;6;12;2;;;1;1;1;;;1;1
8;7;23;14;14038;;1;1;A-45;58,4;3;4;2;;;1;6;1;;;18;1
8;1;20;14;14038;;1;1;CO-6220;2,4;6;3;2;;;1;1;1;;;1;1
8;3;12;14;14038;;3;2;No inventariada;;9;2;1;1;;1;1;1;;;18;998
8;2;12;14;14038;;3;2;No inventariada;;9;10;2;;;1;1;1;;;1;998
9;1;11;14;14038;;3;2;No inventariada;;9;10;1;1;;1;1;1;;;18;998
9;2;19;14;14038;;3;2;No inventariada;;9;5;2;;;1;1;1;;;1;998
9;2;1;14;14038;;3;2;No inventariada;;9;3;1;2;;1;4;1;;;1;998
10;4;9;14;0;;1;1;N-331;87,6;6;1;2;;;3;1;3;;;1;2
10;3;10;14;14038;;3;2;No inventariada;;7;2;1;5;;1;1;1;;;1;998
10;1;17;14;14038;;3;2;No inventariada;;9;2;1;2;;1;1;1;;;1;998
9;3;10;14;14038;;3;2;No inventariada;;9;10;2;;;1;1;1;;;1;998
10;5;23;14;14038;;1;1;A-318a;41,2;6;2;1;4;N-331;1;4;1;;;1;2
10;3;9;14;14038;;1;1;A-3131;5,022;5;13;2;;;3;1;3;;;1;3
10;4;6;14;14038;;1;1;CO-7216;1,378;5;18;2;;;3;6;3;;;1;1
10;2;11;14;14038;;3;2;No inventariada;;9;10;1;2;;1;1;1;;;18;998
10;6;17;14;14038;;3;2;No inventariada;;9;20;1;1;;3;1;3;;;18;998
10;6;17;14;14038;;3;2;No inventariada;;11;2;1;2;;3;1;3;;;18;998
10;2;14;14;14038;;1;1;A-318;36,7;6;14;2;;;3;6;4;;;5;2
10;4;11;14;14038;;1;1;A-3131;8,7;6;14;2;;;3;1;2;;;1;2
11;6;9;14;14038;;1;1;N-331;81,5;6;8;2;;;1;1;1;;;1;1
11;5;7;14;14038;;1;1;A-318;42,171;3;4;2;;;1;2;2;;;1;1
11;5;12;14;14038;;1;1;A-318a;3,65;6;2;1;1;;1;1;1;;;9;1
11;1;11;14;14038;;3;2;No inventariada;;9;2;1;4;;1;1;1;;;1;998
11;5;22;14;14038;;3;2;No inventariada;;9;7;1;2;;1;4;1;;;1;998
11;6;9;14;14038;;3;2;No inventariada;;9;2;1;4;;1;1;1;;;1;998
11;1;16;14;14038;;1;1;N-331;66,901;6;12;2;;;4;1;4;;;1;3
12;4;16;14;14038;;3;2;No inventariada;;9;7;2;;;1;1;1;;;9;998
12;4;20;14;14038;;3;2;No inventariada;;9;10;1;4;;7;4;1;;;18;998
12;4;7;14;14038;;1;1;A-331;4,6;6;20;2;;;1;1;1;;;4;3
12;1;12;14;14038;;3;2;No inventariada;;9;4;1;4;;1;1;1;;;1;998
2;1;16;14;0;;1;1;A-318;68,411;6;2;1;1;CO-6209;1;1;1;;;1;1
3;2;19;14;0;;1;1;N-432;342,194;6;15;2;;;1;3;1;;;1;2
4;6;10;14;0;;1;1;N-432;346,716;6;19;2;;;1;1;1;;;1;1
6;1;20;14;0;;1;1;N-432;351,78;6;19;2;;;1;2;2;;;4;2
6;4;10;14;0;;1;1;N-432;351,748;6;17;2;;;1;1;1;;;1;2
9;6;12;14;0;;1;1;CO-6227;2,098;6;16;2;;;1;1;1;;;1;2
12;2;20;14;0;;1;1;A-318;69,447;6;4;2;;;1;6;1;;;1;1
7;7;10;14;0;;1;1;A-3133;19,72;6;18;1;2;;1;1;1;;;1;2
6;5;3;14;0;;1;1;N-331;34,9;6;16;2;;;3;6;3;;;4;3
8;5;10;14;0;;1;1;N-331;37,4;6;10;2;;;1;1;1;;;18;1
1;5;21;14;14042;;1;1;A-45;31,34;3;14;2;;;1;6;1;;;1;1
2;4;13;14;14042;;3;2;No inventariada;;9;7;2;;;1;1;1;;;1;998
2;1;21;14;14042;;1;1;N-331;41,75;6;1;2;;;1;6;1;;;1;2
3;6;11;14;14042;;1;1;N-331;43,55;6;5;2;;;1;1;1;;;1;1
3;2;10;14;14042;;1;1;A-45;36,06;3;1;2;;;1;1;1;;;1;1
4;1;11;14;14042;;1;1;N-331;47,35;6;12;2;;;1;1;1;;;1;1
6;3;9;14;14042;;1;1;A-307;15,952;6;12;1;2;;1;1;1;;;1;1
6;7;16;14;14042;;1;1;A-307;7,391;6;18;2;;;1;1;1;;;1;3
7;3;21;14;14042;;1;1;N-331;41,3;6;4;1;2;;1;1;1;;;6;1
7;6;0;14;14042;;1;1;N-331;43,7;6;16;1;2;;1;6;1;;;1;1
7;7;4;14;14002;;1;1;A-45;39,7;3;12;2;;;1;6;1;;;1;1
8;7;11;14;14042;;1;1;CO-4207;1,032;6;19;2;;;1;1;1;;;1;2
8;1;11;14;14042;;3;2;No inventariada;;9;2;2;;;1;1;1;;;1;998
8;7;8;14;14042;;1;1;CO-5209;12,498;6;8;2;;;1;1;1;;;1;1
8;3;9;14;14042;;1;1;A-45;31,307;3;4;2;;;1;1;1;;;1;1
9;6;11;14;14042;;1;1;N-331;41,35;6;3;1;2;;1;1;1;;;1;1
10;6;21;14;14042;;1;1;A-45;37;3;12;1;10;N-331;3;6;3;;;5;2
10;3;4;14;14042;;3;2;No inventariada;;9;6;1;4;;1;4;1;;;18;998
2;4;14;14;14043;;1;1;A-4;358,345;3;14;2;;;1;1;1;;;1;3
2;2;13;14;14043;;3;2;No inventariada;;9;2;1;4;;1;1;1;;;1;998
3;2;19;14;14043;;1;1;A-4;356,752;3;17;2;;;1;6;1;;;1;1
4;7;7;14;14043;;3;2;No inventariada;;9;6;1;2;;1;1;1;;;1;998
4;4;6;14;14043;;1;1;A-4;358,696;7;2;1;2;;1;6;1;;;1;1
4;5;11;14;14043;;1;1;A-4;356;3;19;1;4;;1;1;1;;;1;2
6;2;15;14;14043;;1;1;A-4;361,156;3;12;2;;;1;1;1;;;1;1
7;2;17;14;14043;;1;1;A-4;362,822;3;20;2;;;1;1;1;;;1;1
8;6;11;14;14043;;1;1;A-3102;9,896;10;12;2;;;1;1;1;;;1;2
9;1;14;14;14043;;1;1;A-4;358,096;6;12;2;;;1;1;1;;;1;2
10;1;22;14;14043;;1;1;A-4;355,706;3;16;2;;;3;6;3;;;4;3
11;3;7;14;14043;;1;1;A-4;360,1;3;4;2;;;1;6;1;;;1;1
9;4;17;14;14043;;3;2;No inventariada;;9;6;2;;;1;1;1;;;2;998
7;1;23;14;14043;;3;2;No inventariada;;9;6;2;;;1;4;1;;;1;998
12;5;17;14;14043;;1;1;No inventariada;0,08;10;1;2;;;1;1;1;;;18;3
8;4;15;14;0;;1;1;A-45;45,001;3;6;2;;;1;1;1;;;1;3
10;7;0;14;0;;1;1;CO-5208;2,451;6;19;1;2;;1;6;2;;;18;4
8;6;23;14;0;;1;1;CO-6222;2,436;6;16;2;;;1;6;1;;;18;3
10;1;8;14;0;;1;1;CO-5210;5,8;6;4;2;;;1;1;1;;;1;1
11;4;0;14;14002;;1;1;A-3132;7,98;5;18;2;;;3;6;3;;;1;2
5;3;18;14;14046;;1;1;A-3130;14,5;6;1;1;1;;1;1;1;;;6;1
8;5;0;14;14046;;1;1;A-3130;16;6;15;2;;;1;6;1;;;1;3
7;5;12;14;14046;;3;2;No inventariada;;9;2;1;2;;1;1;1;;;1;998
7;3;15;14;14046;;3;2;No inventariada;;9;10;1;2;;1;1;1;;;11;998
12;2;8;14;14046;;1;1;CO-5206;1,6;6;4;2;;;7;1;1;;;1;2
12;7;17;14;14046;;1;1;A-3130;16;6;14;2;;;1;2;1;;;1;2
5;5;12;14;0;;1;1;N-432;242,7;6;15;2;;;1;1;1;;;1;1
10;4;18;14;14021;;1;1;CO-3408;11,115;6;2;1;2;N-432;1;1;1;;;1;2
11;1;14;14;0;;1;1;N-432;235,7;6;5;2;;;4;1;4;;;4;2
1;2;9;14;14049;;1;1;CO-4316;10,682;6;16;2;;;1;1;1;;;1;1
2;7;16;14;14049;;1;1;CO-4316;11,5;6;14;2;;;3;1;3;;;1;1
3;7;13;14;14049;;1;1;A-440;23,829;6;19;2;;;1;1;2;;;1;1
3;6;13;14;14049;;1;1;SE-8103;6,3;6;18;2;;;3;1;3;;;1;2
2;3;18;14;14049;;3;2;No inventariada;;9;2;1;2;;1;1;1;;;2;998
4;5;10;14;14049;;3;2;No inventariada;;9;10;2;;;1;1;1;;;1;998
4;7;14;14;14049;;3;2;No inventariada;;9;2;1;1;;1;1;1;;;2;998
2;6;9;14;14049;;3;2;No inventariada;;9;7;2;;;1;1;1;;;6;998
4;2;9;14;14049;;2;2;A-453R1;4,5;6;2;1;11;A-453R1;1;1;1;;;1;1
5;1;8;14;14049;;1;1;CO-5308;2,065;6;12;2;;;1;1;1;;;1;2
5;5;4;14;14049;;1;1;A-453;0;6;17;1;4;A-431;1;6;1;;;1;1
6;5;10;14;14049;;1;1;A-440;23,9;6;10;1;4;A-440;7;1;1;;;1;2
7;1;10;14;14049;;1;1;A-431;51,717;6;19;2;;;1;1;1;;;4;1
7;7;15;14;14049;;3;2;No inventariada;;9;3;1;1;;1;1;1;;;2;998
8;1;8;14;14049;;2;2;A-453;0,2;6;4;1;4;;1;1;1;;;6;1
8;3;20;14;14049;;3;2;No inventariada;;9;7;2;;;1;1;1;;;1;998
10;2;15;14;14049;;1;1;A-440;25,5;6;1;2;;;1;1;1;;;1;1
11;4;17;14;14049;;1;1;A-440;22,58;6;2;1;2;;1;1;2;;;1;1
2;5;14;14;14043;;1;1;A-4;364,79;3;14;2;;;4;1;4;;;1;2
3;3;20;14;0;;1;1;A-4;366,8;7;10;2;;;2;6;1;;;4;2
8;6;15;14;0;;1;1;A-4;369,124;3;18;2;;;1;1;1;;;1;1
1;6;13;14;0;;1;1;A-3200;45,6;6;15;2;;;1;1;1;;;1;2
3;4;12;14;0;;1;1;A-435;28,82;6;19;2;;;1;1;2;;;1;1
5;4;20;14;0;;1;1;A-435;27,378;6;2;1;2;;1;1;1;;;1;1
2;3;10;14;0;;1;1;N-432;188,9;6;2;1;1;;1;1;1;;;1;1
2;6;0;14;14052;;3;2;No inventariada;;9;2;1;1;;1;4;1;;;1;998
2;3;17;14;14052;;3;2;No inventariada;;9;6;2;;;1;1;1;;;1;998
2;7;1;14;14052;;3;2;No inventariada;;9;16;1;1;;1;4;1;;;1;998
3;6;15;14;14052;;3;2;No inventariada;;9;2;1;1;;1;1;2;;;1;998
4;4;17;14;14052;;3;2;No inventariada;;14;2;2;;;1;1;1;;;1;998
4;1;16;14;14052;;3;2;No inventariada;;9;10;2;;;1;1;1;;;1;998
5;1;10;14;14052;;3;2;No inventariada;;9;7;2;;;1;1;1;;;1;998
5;4;8;14;14052;;3;2;No inventariada;;9;2;1;1;;1;1;1;;;1;998
5;4;19;14;14052;;3;2;No inventariada;;9;4;2;;;1;1;1;;;1;998
6;4;13;14;14052;;1;1;N-432;193,5;6;19;2;;;1;1;1;;;1;1
6;4;9;14;14052;;3;2;No inventariada;;9;2;1;1;;1;1;1;;;1;998
9;1;17;14;14052;;1;1;A-3175;10,618;6;19;2;;;1;1;1;;;1;2
10;6;8;14;0;;1;1;N-432;188,531;6;2;1;2;;1;3;1;;;1;1
2;6;10;14;14053;;1;1;A-431;26,5;6;19;2;;;1;1;1;;;1;1
3;5;6;14;0;;1;1;A-431;38,322;5;19;2;;;3;2;1;;;1;2
3;2;13;14;14053;;2;2;A-445;0,3;6;7;2;;;1;1;1;;;1;1
4;7;2;14;14005;;1;1;A-431;25,6;6;15;2;;;1;6;1;;;1;1
6;6;19;14;14053;;3;2;No inventariada;;9;4;2;;;1;1;1;;;1;998
7;1;15;14;14053;;1;1;CH-12;3;6;14;2;;;1;1;1;;;1;1
8;7;9;14;14053;;1;1;CO-5314;16,5;6;1;2;;;1;1;1;;;1;2
9;7;15;14;14053;;3;2;No inventariada;;14;6;2;;;1;1;1;;;1;998
10;7;5;14;14053;;1;1;A-431;37,1;6;9;2;;;1;6;1;;;1;1
10;1;11;14;14053;;3;2;No inventariada;;9;6;2;;;1;1;1;;;18;998
11;3;13;14;14030;;1;1;A-445;6,944;5;18;2;;;3;1;3;;;1;2
11;1;7;14;14053;;1;1;A-431;35,5;6;5;2;;;1;6;1;1;;5;1
4;3;18;14;0;;1;1;A-423;7,318;6;4;2;;;1;1;1;;;1;1
4;5;16;14;14054;;1;1;A-435;18,714;6;16;1;4;A-424;1;6;1;;;1;2
6;1;11;14;0;;1;1;CO-6412;3,4;6;9;2;;;1;1;1;;;1;1
6;1;9;14;14054;;1;1;A-3177;1,95;6;4;1;2;;1;1;1;;;1;1
11;1;13;14;14054;;1;1;A-424;37,8;6;14;2;;;3;1;4;;;1;1
12;7;16;14;14054;;1;1;A-424;46,068;6;12;2;;;1;1;1;;;1;1
3;1;13;14;14055;;1;1;A-333;16,7;6;4;1;2;;1;1;1;;;1;1
4;3;17;14;14055;;1;1;A-339;26,28;6;19;2;;;1;1;1;;;1;1
4;5;18;14;14055;;1;1;A-339;27,35;6;2;1;2;C-336a;1;1;1;;;1;1
5;2;7;14;14055;;1;1;A-339;25,658;6;2;1;1;CO-8209R;1;1;1;;;1;1
6;6;11;14;14055;;1;1;CO-8207;2,1;6;18;2;;;1;1;2;;;1;3
8;7;19;14;14055;;1;1;A-4154;53,077;6;17;2;;;1;1;1;;;1;4
8;5;19;14;14055;;1;1;A-339;27,967;6;16;2;;;1;1;1;;;1;1
10;2;13;14;14055;;1;1;CO-8209;0,2;6;19;2;;;1;1;1;;;1;2
10;4;10;14;14055;;1;1;CO-7206;0,1;6;15;2;;;3;1;3;;;1;2
11;1;21;14;14055;;1;1;A-339;25;6;2;1;1;CO-7209;1;6;1;;;1;1
11;1;13;14;14055;;1;1;A-339;27,745;6;17;2;;;1;1;1;;;4;1
11;2;9;14;14055;;1;1;A-339;23,347;6;2;1;2;;3;1;2;1;;18;3
1;5;21;14;14056;;1;1;A-304;11,1;6;8;2;;;1;6;2;;;1;1
1;3;23;14;14056;;3;2;No inventariada;;9;7;2;;;1;4;1;;;1;998
1;4;17;14;14056;;1;1;A-304;15,5;6;3;2;;;1;2;1;;;1;1
1;1;18;14;14056;;1;1;A-318;15,7;6;4;2;;;1;6;2;;;1;1
1;5;14;14;14056;;3;2;No inventariada;;9;2;1;1;;3;1;3;;;1;998
1;5;12;14;14056;;3;2;No inventariada;;9;4;2;;;1;1;1;;;1;998
2;5;8;14;14056;;3;2;No inventariada;;9;2;1;1;;3;2;3;;;1;998
2;2;7;14;14056;;3;2;No inventariada;;9;2;1;1;;1;4;1;;;1;998
2;5;14;14;14056;;1;1;A-318;15,3;6;2;1;5;CO-6300;1;1;1;;;1;1
2;1;8;14;14056;;3;2;No inventariada;;14;2;1;1;;1;1;1;;;1;998
2;7;4;14;14056;;3;2;No inventariada;;9;2;1;1;;1;4;1;;;1;998
3;6;20;14;14056;;3;2;No inventariada;;9;2;1;1;;1;2;1;;;1;998
2;4;11;14;14056;;3;2;No inventariada;;9;7;2;;;1;1;1;;;1;998
3;3;15;14;14056;;1;1;CO-6224;0,25;6;18;2;;;1;1;1;;;1;2
3;5;14;14;14056;;3;2;No inventariada;;9;4;2;;;1;1;2;;;1;998
3;7;7;14;14056;;1;1;A-318;15,9;6;19;2;;;3;2;4;;;5;1
4;4;12;14;14056;;3;2;No inventariada;;9;7;2;;;1;1;1;;;1;998
4;4;15;14;14056;;1;1;A-379;22,95;6;1;2;;;1;1;1;;;1;1
4;2;22;14;14056;;1;1;A-304;13,95;6;15;2;;;3;6;3;;;18;4
4;1;16;14;14056;;3;2;No inventariada;;9;1;1;2;;1;1;1;;;1;998
4;1;19;14;14056;;3;2;No inventariada;;9;2;1;1;;3;2;2;;;1;998
5;1;17;14;14056;;3;2;No inventariada;;9;2;1;1;;1;1;1;;;1;998
5;5;14;14;14056;;3;2;No inventariada;;9;3;1;1;;1;1;1;;;1;998
5;4;12;14;14056;;3;2;No inventariada;;9;10;2;;;1;1;1;;;1;998
5;4;16;14;14056;;3;2;No inventariada;;9;2;1;4;;1;1;1;;;1;998
6;5;7;14;14056;;1;1;A-318;12,4;6;19;2;;;1;2;1;;;1;1
6;2;17;14;14056;;1;1;A-318;11,3;6;4;1;2;A-379;1;1;1;;;1;2
6;2;11;14;14056;;3;2;No inventariada;;9;2;1;1;;1;1;1;;;1;998
6;5;8;14;14056;;1;1;A-379;25,5;6;19;2;;;1;1;1;;;1;1
6;7;21;14;14056;;3;2;No inventariada;;9;2;1;1;;1;2;1;;;1;998
6;6;23;14;14056;;3;2;No inventariada;;9;4;2;;;1;4;1;;;1;998
7;4;9;14;14056;;3;2;No inventariada;;9;2;1;4;;1;1;1;;;1;998
7;5;23;14;14056;;1;1;CO-6303;0,02;6;18;2;;;1;6;1;;;4;3
7;2;18;14;14056;;1;1;A-318;19,017;6;2;1;5;;1;1;1;;;1;1
7;5;9;14;14056;;3;2;No inventariada;;9;10;2;;;7;1;1;;;1;998
7;3;10;14;14056;;3;2;No inventariada;;9;7;2;;;1;1;1;;;1;998
8;7;22;14;14056;;3;2;No inventariada;;9;2;1;1;;1;4;1;;;1;998
8;6;18;14;14056;;3;2;No inventariada;;11;15;2;;;1;1;1;;;1;998
8;1;20;14;14056;;3;2;No inventariada;;9;4;2;;;1;1;1;;;1;998
8;4;22;14;14056;;3;2;No inventariada;;9;2;1;1;;1;4;1;;;1;998
8;4;12;14;14056;;3;2;No inventariada;;9;2;1;1;;1;1;1;;;1;998
9;3;13;14;14056;;3;2;No inventariada;;9;2;1;2;;1;1;1;;;2;998
9;5;23;14;14056;;3;2;No inventariada;;9;2;1;4;;1;4;1;;;1;998
9;4;11;14;14056;;3;2;No inventariada;;9;1;2;;;1;1;1;;;1;998
9;3;18;14;14056;;1;1;CO-743;0,71;6;15;2;;;1;1;1;;;1;2
9;6;22;14;14056;;3;2;No inventariada;;9;2;1;1;;1;4;1;;;1;998
9;1;7;14;14056;;3;2;No inventariada;;9;3;2;;;1;1;1;;;1;998
9;2;17;14;14056;;1;1;A-318;17;6;4;1;10;A-304;1;1;1;;;1;1
9;6;7;14;14056;;3;2;No inventariada;;9;2;1;1;;1;3;1;;;2;998
10;2;13;14;14056;;3;2;No inventariada;;9;4;2;;;1;1;1;;;1;998
10;3;21;14;14056;;3;2;No inventariada;;9;2;2;;;1;4;1;;;1;998
10;7;17;14;14056;;3;2;No inventariada;;9;2;1;1;;1;1;1;;;1;998
10;5;9;14;14056;;3;2;No inventariada;;9;2;1;1;;1;1;1;;;1;998
10;5;13;14;14056;;1;1;A-318;15,3;6;2;1;5;CO-6300;1;1;1;;;1;3
10;4;16;14;14056;;3;2;No inventariada;;9;2;1;1;;1;1;1;;;1;998
11;3;16;14;14056;;3;2;No inventariada;;9;4;2;;;1;1;1;;;1;998
11;4;16;14;14056;;1;1;A-318;19,256;6;19;2;;;1;1;1;;;4;2
11;7;20;14;14056;;3;2;No inventariada;;9;7;2;;;1;4;1;;;1;998
11;7;14;14;14056;;3;2;No inventariada;;9;2;1;6;;1;1;1;;;1;998
11;4;18;14;14056;;3;2;No inventariada;;9;2;2;;;1;1;1;;;1;998
11;7;12;14;14056;;1;1;A-304;13,5;6;3;2;;;1;1;2;;;1;1
12;4;10;14;14056;;3;2;No inventariada;;9;2;2;;;1;1;1;;;1;998
12;3;13;14;14056;;3;2;No inventariada;;9;4;2;;;1;1;1;;;1;998
12;4;9;14;14056;;3;2;No inventariada;;9;2;1;1;;1;1;1;;;1;998
12;2;13;14;14056;;3;2;No inventariada;;9;2;1;4;;1;1;1;;;1;998
12;4;13;14;14056;;3;2;No inventariada;;9;2;1;1;;1;1;1;;;1;998
1;5;23;14;0;;1;1;A-3133;25;6;2;2;;;1;6;1;;;1;2
1;3;14;14;14057;;1;1;A-45;11,985;3;4;2;;;1;1;1;;;1;1
1;5;16;14;14057;;1;1;A-45;20,3;3;12;2;;;3;1;4;;;1;1
2;1;13;14;14057;;1;1;A-45;21,2;3;4;2;;;1;1;1;;;1;1
3;7;19;14;14057;;1;1;A-45;12,138;3;18;2;;;3;1;2;;;1;1
3;1;2;14;14057;;1;1;A-45;13,9;3;7;2;;;1;6;1;;;1;1
5;2;6;14;14057;;1;1;A-3133;28,1;6;16;2;;;1;2;1;;;1;1
6;4;16;14;14057;;1;1;A-386;24;6;18;2;;;1;1;2;;;1;1
7;1;16;14;14057;;1;1;A-3133;25,5;6;2;2;;;1;1;1;;;1;1
7;3;17;14;14057;;1;1;CO-3206;5,498;6;6;2;;;1;1;1;;;12;1
8;6;21;14;14057;;1;1;CO-3205;2,55;6;2;1;1;;1;6;1;;;1;1
11;1;9;14;14057;;1;1;A-3133;27,85;6;19;2;;;1;1;1;;;4;2
11;4;10;14;14057;;1;1;N-331;23,95;6;18;2;;;1;1;2;;;1;1
11;6;10;14;14057;;1;1;CO-3205;3,5;6;2;2;;;1;1;1;;;1;1
7;5;18;14;14058;;3;2;No inventariada;;9;6;1;2;;8;1;1;;;1;998
9;1;10;14;14058;;3;2;No inventariada;;9;7;1;1;;1;1;1;;;9;998
10;3;18;14;14038;;1;1;A-331;5,4;6;2;2;;;3;1;3;;;1;1
10;6;19;14;14058;;1;1;A-331;10,4;6;1;2;;;3;6;3;;;4;2
11;7;17;14;14058;;1;1;A-3226;18,3;6;1;2;;;1;1;1;;;1;3
11;7;12;14;14058;;1;1;A-3227;3,294;6;4;2;;;1;1;1;;;1;1
9;7;19;14;0;;1;1;CO-3303;3,099;6;14;1;4;CO-3303;1;1;1;;;1;1
1;1;12;14;0;;1;1;A-379;36,772;6;19;1;2;;1;1;1;;;1;1
7;2;13;14;0;;1;1;A-3133;17,9;6;14;2;;;1;1;1;;;1;2
12;4;14;14;0;;1;1;CO-5304;1,809;6;16;2;;;3;1;3;;;1;2
3;6;13;14;0;;1;1;N-502;338,984;6;15;2;;;3;1;4;;;18;2
2;6;19;14;0;;1;1;A-435;35,9;6;14;2;;;3;6;3;;;5;2
3;4;14;14;0;;1;1;A-435;35,9;6;19;2;;;3;1;3;;;1;2
5;2;11;14;0;;1;1;CO-6412;11,8;6;9;2;;;1;1;1;;;1;3
9;6;12;14;0;;1;1;CO-7103;2,735;6;15;2;;;1;1;1;;;1;2
11;5;7;14;0;;1;1;CO-6102;8,9;6;14;2;;;3;6;3;;;4;2
2;1;6;14;14007;;1;1;A-305;43;6;19;2;;;3;6;3;;;1;2
12;1;18;14;14021;;1;1;A-4;422,889;3;3;1;10;N-4;1;6;1;;;4;1
12;2;14;14;0;;1;1;A-3052;5,75;6;1;2;;;1;1;1;;;1;3
4;3;9;14;14066;;3;2;No inventariada;;9;7;2;;;1;1;1;;;6;998
8;1;9;14;14066;;1;1;A-4;350,115;3;12;2;;;1;1;1;;;1;2
3;6;22;14;0;;1;1;CV1;2;10;7;2;;;8;6;7;;;1;1
4;1;19;14;0;;1;1;A-4;378,356;3;19;2;;;1;1;1;;;1;1