MES;DIA_SEMANA;HORA;COD_PROVINCIA;COD_MUNICIPIO;ISLA;ZONA;ZONA_AGRUPADA;CARRETERA;KM;TIPO_VIA;TIPO_ACCIDENTE;NUDO;NUDO_INFO;CARRETERA_CRUCE;CONDICION_FIRME;CONDICION_ILUMINACION;CONDICION_METEO;CONDICION_NIEBLA;CONDICION_VIENTO;VISIB_RESTRINGIDA_POR;TRAZADO_PLANTA
4;7;5;14;0;;1;1;A-421;2,45;6;1;2;;;1;4;1;;;1;1
8;1;2;14;0;;1;1;A-4;379,582;3;12;2;;;1;6;1;;;4;1
8;7;23;14;0;;1;1;CO-3103;8,5;6;19;2;;;1;6;1;;;1;1
8;4;1;14;0;;1;1;A-4;376,5;3;14;2;;;3;6;3;;;1;2
9;1;8;14;0;;3;2;No inventariada;;9;2;2;;;1;1;1;;;1;998
9;3;9;14;0;;3;2;No inventariada;;9;3;2;;;1;1;1;;;1;998
12;2;22;14;0;;1;1;A-4;376,2;3;18;2;;;1;6;1;;;1;1
12;6;7;14;0;;1;1;A-4;377,276;3;4;2;;;1;6;1;;;1;1
1;7;22;14;14069;;3;2;No inventariada;;9;2;1;1;;1;4;1;;;2;998
2;3;5;14;14069;;1;1;A-424;33,463;6;8;2;;;1;6;1;;;1;1
7;3;20;14;14069;;1;1;A-424;21,057;6;18;2;;;1;1;1;;;1;1
9;6;7;14;14069;;1;1;CO-6103;7,32;6;18;2;;;1;6;1;;;1;3
11;1;15;14;14069;;1;1;A-3100;2,8;6;19;2;;;3;1;3;;;1;1
12;2;14;14;14069;;1;1;A-424;22,138;6;16;2;;;1;1;1;;;1;1
6;5;18;14;0;;1;1;N-502;371,45;6;18;2;;;1;1;2;;;1;3
1;6;16;14;0;;1;1;CO-5401;0,143;6;19;2;;;1;1;1;;;1;1
12;5;14;14;0;;1;1;CO-5401;4,595;6;16;2;;;1;1;1;;;1;2
2;4;20;14;0;;1;1;N-432;242,35;6;16;2;;;3;6;3;;;1;1
4;7;10;14;0;;1;1;CO-3405;29,5;6;10;2;;;8;1;1;;;4;3
8;7;4;14;0;;1;1;CO-3405;32,7;6;16;2;;;1;6;1;;;4;3
12;5;17;14;0;;1;1;A-3075;13,148;6;16;2;;;1;1;1;;;6;3
1;2;18;14;0;;1;1;A-3281;1,936;6;12;2;;;1;6;1;;;1;2
4;1;17;14;0;;1;1;N-502;353,16;6;3;1;1;;1;1;1;;;1;1
10;1;21;14;14035;;1;1;A-3281;7,376;6;18;2;;;1;6;2;;;4;1
1;6;1;14;0;;1;1;A-318;66,467;6;14;2;;;3;6;2;;;1;2
7;3;18;14;0;;1;1;A-318;67,7;6;12;2;;;1;1;1;;;1;1
3;2;10;15;15001;;1;1;AP-9;23,1;1;4;2;;;1;1;1;;;1;1
3;2;18;15;15001;;1;1;No inventariada;0,4;10;7;2;;;1;1;1;;;6;1
3;7;9;15;15001;;1;1;AP-9;20,7;1;20;2;;;1;1;1;;;1;3
4;5;17;15;15001;;1;1;AC-542;10,244;5;3;1;2;;3;1;2;;;1;1
7;1;12;15;15001;;1;1;AP-9;22,5;1;4;2;;;1;1;1;;;1;1
7;3;20;15;15001;;1;1;AC-221;10;6;4;2;;;1;1;1;;;1;1
7;7;21;15;15001;;1;1;A-6;573;3;3;2;;;1;1;1;;;1;3
7;6;19;15;15001;;1;1;No inventariada;0,8;10;15;2;;;1;1;1;;;1;3
8;7;12;15;15001;;1;1;No inventariada;0,5;10;10;2;;;1;1;1;;;1;2
9;1;12;15;15001;;1;1;AC-542;9,2;6;2;1;2;;1;1;2;;;1;3
9;4;13;15;15001;;1;1;AP-9;15,1;1;7;2;;;1;1;2;;;1;1
10;7;12;15;15001;;1;1;AP-9;14,959;1;17;2;;;3;1;4;;;1;1
10;1;6;15;15001;;1;1;AP-9;24,8;1;4;2;;;1;6;1;;;1;1
11;4;16;15;15001;;1;1;AP-9;21,6;1;4;2;;;3;4;4;;;1;1
1;1;14;15;15002;;1;1;No inventariada;0,5;10;19;2;;;3;1;3;;;1;1
1;6;14;15;15002;;1;1;AC-543;4,8;6;3;1;4;;1;1;7;;;1;1
1;1;13;15;15002;;1;1;AG-56;7,452;3;4;2;;;1;1;1;;;1;1
2;4;8;15;15002;;1;1;BERTAMIRAN;5,345;10;7;2;;;3;4;3;;;1;4
2;5;15;15;15078;;1;1;SC-20;10,179;6;5;2;;;3;1;3;;;1;1
3;7;17;15;15002;;1;1;AC-543;5,4;6;1;2;;;3;1;2;;;1;1
3;3;23;15;15002;;1;1;AC-543;5;6;7;2;;;3;4;3;;;1;3
3;7;18;15;15002;;1;1;DP-0205;0,754;6;16;2;;;3;1;3;;;1;1
4;5;22;15;15002;;1;1;DP-0205;1,606;6;7;2;;;1;4;1;;;1;1
4;7;11;15;15002;;1;1;No inventariada;0,2;10;19;2;;;3;1;2;;;4;3
4;2;14;15;15002;;1;1;DP-0203;1,235;6;3;2;;;1;1;1;;;1;2
2;2;10;15;15002;;3;2;No inventariada;;9;7;1;2;;3;1;3;;;1;998
3;5;7;15;15002;;3;2;No inventariada;;9;2;2;;;3;3;3;;;5;998
3;5;21;15;15002;;3;2;No inventariada;;9;7;1;1;;3;3;3;;;1;998
3;6;11;15;15002;;3;2;No inventariada;;9;7;2;;;3;1;2;;;10;998
3;2;16;15;15002;;3;2;No inventariada;;9;4;2;;;1;1;1;;;1;998
4;2;14;15;15002;;1;1;AC-544;1,3;6;4;2;;;1;1;1;;;1;1
3;7;1;15;15002;;3;2;No inventariada;;9;7;1;1;;1;3;1;;;1;998
5;5;13;15;15078;;1;1;SC-20;10,35;5;2;2;;;3;1;4;;;1;2
5;1;9;15;15082;;1;1;N-550;68,727;6;18;2;;;1;1;2;;;1;1
5;3;8;15;15002;;1;1;AC-453;7,5;6;4;2;;;3;1;3;;;1;1
6;4;14;15;0;;1;1;DP-0701;9,4;6;18;2;;;1;1;1;;;1;2
6;5;19;15;15002;;1;1;AC-543;5,336;6;2;2;;;1;1;1;;;1;1
6;6;13;15;15002;;1;1;AC-453;5,547;6;4;2;;;1;1;1;;;1;1
7;5;19;15;15002;;1;1;DP-0205;1,9;6;16;2;;;1;1;1;;;1;2
8;5;19;15;15002;;3;2;No inventariada;;9;15;2;;;1;1;1;;;1;998
8;6;22;15;15002;;1;1;AC-544;1,15;6;2;1;4;AG-56;1;6;1;;;12;3
8;3;18;15;15002;;1;1;AG-56;7;3;4;1;4;AC-544;1;1;1;;;1;1
8;5;2;15;15002;;1;1;AC-544;2,7;6;2;2;;;3;6;3;;;1;1
5;7;19;15;15002;;3;2;No inventariada;;9;2;1;1;;1;1;1;;;1;998
6;4;19;15;15002;;3;2;No inventariada;;9;7;2;;;1;1;1;;;1;998
7;1;5;15;15002;;3;2;No inventariada;;9;2;1;2;;1;3;1;;;1;998
7;2;9;15;15002;;3;2;No inventariada;;9;2;1;2;;1;1;1;;;1;998
7;5;23;15;15002;;3;2;No inventariada;;9;10;2;;;1;3;1;;;1;998
7;1;12;15;15002;;3;2;No inventariada;;9;7;1;1;;1;1;1;;;1;998
9;7;4;15;15002;;1;1;No inventariada;0,001;10;16;1;2;;1;4;1;;;1;1
9;1;8;15;15078;;1;1;AG-56;0,7;3;4;2;;;3;1;3;;;1;1
10;6;16;15;15002;;1;1;AC-453;7,2;6;16;2;;;3;1;2;;;1;1
11;5;16;15;15002;;1;1;DP-0205;3,38;5;12;1;4;;1;1;1;;;1;1
11;5;2;15;15078;;1;1;N-550;67,26;5;12;1;4;SC-20;3;4;3;1;;1;1
11;2;14;15;15002;;1;1;No inventariada;1;10;10;2;;;9;1;7;;;18;3
8;7;1;15;15002;;3;2;No inventariada;;9;4;2;;;1;4;1;;;1;998
9;5;16;15;15002;;3;2;No inventariada;;9;4;1;4;;1;1;1;;;1;998
9;6;13;15;15002;;3;2;No inventariada;;9;20;2;;;1;1;1;;;1;998
9;1;11;15;15002;;3;2;No inventariada;;9;4;2;;;1;1;1;;;1;998
10;5;19;15;15002;;3;2;No inventariada;;9;7;1;1;;1;2;1;;;1;998
12;1;18;15;15078;;1;1;SC-20;9,85;5;4;2;;;1;4;1;;;1;1
2;7;2;15;15001;;1;1;A-6;573,5;3;12;2;;;3;5;3;;;1;1
4;4;12;15;0;;1;1;N-6;556,15;6;19;2;;;1;1;1;;;1;1
4;5;15;15;0;;1;1;A-6;548,65;3;15;2;;;3;1;4;;;1;1
5;5;19;15;0;;1;1;No inventariada;5;10;12;2;;;1;1;1;;;4;3
7;6;17;15;0;;1;1;A-6;543;3;16;2;;;9;1;7;;;18;1
8;5;18;15;0;;1;1;A-6;550,3;3;12;2;;;1;1;1;;;1;3
9;7;22;15;0;;1;1;A-6;550,549;3;4;2;;;9;6;1;;;1;1
10;4;7;15;0;;1;1;A-6;540,47;3;19;2;;;1;6;1;;;1;2
11;6;4;15;0;;1;1;N-6;552;6;14;2;;;1;4;1;;;1;1
11;2;12;15;0;;1;1;N-6;554,2;6;19;2;;;1;1;1;;;1;1
11;7;22;15;0;;1;1;N-6;559,769;5;18;2;;;1;6;1;;;18;2
11;2;17;15;0;;1;1;A-6;545,6;3;16;2;;;1;6;3;;;1;1
12;5;15;15;0;;1;1;A-6;542,421;3;4;2;;;1;1;1;;;1;1
1;2;4;15;15005;;1;1;AC-552;5,4;6;14;2;;;1;4;2;;;4;2
1;1;19;15;15005;;3;2;No inventariada;;9;7;2;;;1;3;1;;;1;998
2;4;8;15;15005;;1;1;AC-552;4,5;6;4;2;;;3;1;3;;;18;1
2;1;15;15;15005;;1;1;AC-552;5,4;6;12;2;;;1;1;2;;;1;2
2;5;22;15;15005;;1;1;AG-55;14,264;1;12;2;;;3;6;5;;;1;2
2;5;21;15;15005;;1;1;AG-55;13,6;1;12;2;;;3;5;4;;;5;2
3;4;7;15;15005;;1;1;AG-55;15,1;1;4;2;;;1;3;1;;;1;1
3;7;11;15;15005;;1;1;AC-552;3,9;6;10;2;;;1;1;2;;;1;1
3;1;7;15;15005;;1;1;DP-0512;8,7;6;19;2;;;1;2;2;;;1;1
3;1;5;15;15019;;1;1;DP-1909;12;6;8;2;;;9;5;7;;;18;4
4;1;15;15;15030;;1;1;AC-415;2,2;6;19;1;4;;1;1;1;;;1;2
6;2;11;15;15005;;1;1;CM-0398;0,8;10;15;2;;;1;1;1;;;1;2
6;3;19;15;15030;;1;1;AC-552;1,945;6;4;2;;;1;1;1;;;1;1
1;5;18;15;15005;;3;2;No inventariada;;9;7;2;;;3;4;3;;;5;998
6;2;14;15;15005;;1;1;AG-55;16,062;1;12;2;;;3;1;4;;;1;1
8;2;19;15;15005;;1;1;AC-552;17,675;6;4;2;;;8;1;1;;;1;1
8;6;1;15;15005;;1;1;DP-0508;1;6;10;2;;;3;4;7;;;10;1
8;6;12;15;15005;;1;1;No inventariada;0,8;10;7;2;;;1;1;1;;;1;1
9;3;16;15;15005;;1;1;AC-552;12,4;6;18;2;;;3;1;4;;;1;2
10;2;12;15;15005;;1;1;AG-55;10,5;1;18;2;;;3;1;4;;;1;3
10;6;23;15;15005;;1;1;AG-55;13,8;1;4;2;;;3;6;3;;;1;1
11;1;14;15;15005;;1;1;A-6;589,5;3;16;2;;;3;1;2;;;1;2
11;7;15;15;15005;;1;1;AC-552;13,1;6;4;1;1;;3;1;2;1;;5;1
11;3;1;15;15005;;1;1;AC-552;15,96;6;7;2;;;1;4;7;;;18;1
11;4;14;15;15005;;1;1;CM-0398;0,7;10;18;2;;;1;1;1;;;1;1
11;7;21;15;15005;;1;1;DP-0514;6,9;6;19;2;;;3;6;4;;;1;2
12;3;7;15;15005;;1;1;AG-55;6,1;1;7;2;;;1;4;2;1;;1;1
12;6;11;15;15005;;1;1;AC-552;17,1;6;19;2;;;1;1;1;;;1;1
12;2;12;15;15005;;1;1;AC-552;5,8;6;2;2;;;1;1;7;;;1;1
12;4;17;15;15005;;1;1;AC-552;3,3;6;5;2;;;1;1;1;;;1;1
7;7;11;15;15005;;3;2;No inventariada;;9;3;1;4;;1;1;1;;;18;998
9;1;13;15;15005;;3;2;No inventariada;;9;7;2;;;3;1;3;;;9;998
3;7;10;15;15006;;1;1;N-547;58,5;6;7;2;;;3;1;4;;;5;2
3;7;12;15;15006;;1;1;N-547;62,4;6;16;2;;;1;1;2;;;1;1
5;3;8;15;15006;;1;1;N-547;56,6;6;14;2;;;3;1;3;;;1;3
6;5;9;15;15006;;1;1;N-547;55,05;6;1;2;;;3;1;3;;;1;3
6;4;15;15;15006;;1;1;N-547;67,8;6;14;1;4;A-54;1;1;1;;;1;3
7;2;16;15;15006;;1;1;N-547;55,142;6;1;2;;;3;1;3;;;1;2
7;3;13;15;15006;;1;1;N-547;63,7;6;7;1;1;;1;1;1;;;1;1
7;2;18;15;15006;;2;2;N-547;63,3;6;7;2;;;1;1;1;;;1;1
7;1;19;15;15006;;1;1;AC-234;0,9;6;15;2;;;1;1;1;;;1;1
8;1;7;15;15006;;1;1;A-54;69,1;3;4;2;;;1;2;2;;;1;1
9;2;20;15;0;;1;1;AC-234;8;6;2;1;2;;1;1;1;;;1;1
9;3;13;15;15006;;1;1;No inventariada;1,6;10;15;2;;;1;1;1;;;1;1
10;3;9;15;15006;;1;1;No inventariada;1,2;10;12;2;;;3;6;3;;;1;3
10;2;11;15;15006;;1;1;AC-905;19,869;6;4;1;1;;1;1;1;;;1;1
11;6;14;15;15006;;1;1;AC-207;0,5;6;20;2;;;1;1;1;;;1;1
11;6;19;15;15006;;1;1;DP-0605;12,602;6;19;2;;;1;6;1;;;1;3
11;4;19;15;15006;;1;1;N-547;67,875;6;4;1;4;A-54;1;6;1;;;1;2
11;5;17;15;15006;;1;1;N-547;65;6;16;2;;;1;1;1;;;1;1
12;4;14;15;15006;;1;1;N-547;63,5;6;16;1;1;AC-234;1;1;1;;;1;1
1;3;18;15;0;;1;1;AC-444;1;6;12;1;4;AC-544;1;6;2;;;1;2
2;3;21;15;0;;1;1;No inventariada;0,1;10;2;2;;;3;3;3;;;12;1
2;7;23;15;0;;1;1;No inventariada;0,1;10;12;2;;;3;6;2;;;1;1
3;7;17;15;0;;3;2;No inventariada;;9;7;2;;;1;1;1;;;2;998
7;3;11;15;0;;1;1;AC-546;10;6;2;1;2;;1;1;1;;;4;2
9;1;22;15;0;;1;1;AC-546;3,5;6;4;2;;;1;4;1;;;1;1
9;3;12;15;0;;1;1;No inventariada;1,1;10;10;2;;;1;1;1;;;1;1
11;3;15;15;0;;1;1;AC-546;3,977;6;17;1;2;;1;1;1;;;1;1
1;3;7;15;15008;;1;1;DP-0812;4,75;6;2;1;2;AC-182;3;5;2;;;1;2
1;6;7;15;15017;;1;1;AP-9;13,5;1;4;2;;;1;5;1;;;1;1
4;2;14;15;15008;;1;1;AC-164;2,8;6;5;2;;;3;1;3;;;1;1
5;1;16;15;15008;;1;1;DP-0810;4,526;6;2;2;;;3;1;3;;;2;3
6;1;17;15;15008;;1;1;DP-0804;2,4;6;19;2;;;1;1;1;;;1;3
6;6;13;15;15008;;1;1;AC-164;1,3;6;2;2;;;1;1;1;;;1;1
6;3;11;15;15008;;3;2;No inventariada;;9;2;1;1;;3;4;3;;;1;998
7;3;12;15;15008;;1;1;DP-0804;1,9;6;16;2;;;1;1;1;;;1;3
7;2;16;15;15008;;1;1;AC-164;6,6;6;4;2;;;1;1;1;;;1;1
8;4;16;15;15008;;1;1;AC-164;0,5;6;15;2;;;1;1;1;;;4;3
8;1;15;15;15008;;1;1;DP-0810;4,5;6;20;2;;;1;1;1;;;1;1
8;2;0;15;15008;;1;1;DP-0804;2,845;6;8;2;;;1;6;1;;;12;1
9;1;14;15;15008;;3;2;No inventariada;;9;4;2;;;1;1;1;;;1;998
9;2;15;15;15008;;1;1;N-6;579,9;6;4;2;;;1;1;1;;;1;1
9;5;19;15;15008;;1;1;DP-0812;3,549;6;7;1;1;DP-0803;1;1;1;;;1;1
9;1;21;15;15008;;1;1;AC-164;5,1;6;4;1;2;;1;4;1;;;1;2
9;3;17;15;15008;;1;1;AC-164;4,1;6;2;2;;;3;1;3;;;1;1
10;5;8;15;15008;;1;1;AC-164;1;6;2;1;2;;1;3;2;;;1;1
11;7;13;15;15008;;1;1;AC-162;2,3;6;2;1;1;;1;1;1;;;1;1
11;3;0;15;15008;;1;1;N-6;579,031;6;16;1;2;DP-0810;1;4;2;;;1;3
11;7;18;15;15058;;1;1;AP-9;7,8;1;14;2;;;3;3;4;;1;1;1
12;6;18;15;15008;;1;1;AP-9F;6,95;1;8;2;;;1;6;1;;;1;1
12;6;1;15;15008;;1;1;AP-9F;2;1;9;2;;;3;4;2;;;1;1
1;1;9;15;15009;;1;1;AP-9;18,558;1;18;2;;;1;1;1;;;1;1
1;5;7;15;15009;;1;1;DP-0810;2,3;6;16;2;;;5;4;1;;;3;3
1;2;16;15;15009;;1;1;AP-9;16,1;1;12;2;;;1;1;2;;;1;1
2;1;17;15;15009;;1;1;N-651;1,666;6;7;2;;;1;1;1;;;17;2
2;5;18;15;15009;;1;1;N-6a;585;6;2;2;;;3;1;3;;;1;2
2;5;13;15;15009;;1;1;DP-0105;1,9;6;16;2;;;3;1;3;;;1;3
3;5;9;15;15009;;1;1;N-6;574;5;1;2;;;3;1;4;;;5;1
3;5;16;15;15009;;1;1;N-6;574,895;6;14;2;;;3;1;4;;;1;1
3;6;18;15;15009;;1;1;DP-0810;3,1;6;2;1;2;;3;2;2;;;1;1
2;2;13;15;15009;;3;2;No inventariada;;7;4;2;;;1;1;1;;;1;998
3;2;16;15;15009;;3;2;No inventariada;;9;20;1;2;;1;1;1;;;1;998
8;3;19;15;15009;;1;1;AC-542;2,612;6;16;2;;;1;1;1;;;1;3
10;1;11;15;15009;;1;1;AP-9;19,1;1;7;2;;;3;1;3;;;1;1
10;7;0;15;0;;1;1;A-6;560,8;3;15;2;;;1;5;1;;;1;1
10;3;9;15;15009;;1;1;N-6a;581,3;6;5;2;;;1;1;1;;;6;1
3;1;20;15;0;;1;1;No inventariada;0;10;7;2;;;3;6;3;;;18;4
7;3;8;15;0;;1;1;AC-234;8,1;6;2;1;5;DP-1102;3;1;3;;;1;1
12;7;15;15;0;;1;1;AC-840;37,14;6;18;2;;;1;1;1;;;1;2
2;4;7;15;15011;;1;1;AG-11;21,4;3;5;2;;;3;6;4;;1;5;1
3;2;10;15;15011;;1;1;DP-1107;1,39;6;4;2;;;1;1;1;;;1;1
3;2;7;15;15011;;1;1;DP-1107;0,56;6;2;1;2;;3;3;1;;;1;1
3;4;21;15;15011;;1;1;DP-1105;11,5;6;2;2;;;3;4;2;;;1;1
4;3;15;15;15011;;1;1;DP-1105;10,241;6;19;2;;;3;1;1;;;12;1
5;6;14;15;15011;;1;1;AG-11;27,1;3;16;2;;;3;1;3;;;1;3
6;5;17;15;15011;;1;1;No inventariada;0,9;10;10;2;;;1;1;1;;;1;1
7;4;22;15;15011;;1;1;DP-1105;15,569;6;7;2;;;1;2;1;;;1;1
7;7;19;15;15011;;1;1;AG-11;21,831;3;16;2;;;1;1;2;;;1;1
7;2;11;15;0;;1;1;DP-1105;6,388;6;14;2;;;1;1;1;;;1;1
8;4;20;15;15011;;1;1;AC-305;27,597;6;7;2;;;1;1;1;;;1;1
8;4;12;15;15011;;1;1;DP-1102;0,3;6;2;1;2;;1;1;1;;;1;1
8;3;22;15;15011;;3;2;No inventariada;;9;2;1;2;;1;4;1;;;1;998
8;2;3;15;15011;;1;1;AC-305;23,8;6;12;2;;;1;4;1;;;1;3
8;2;21;15;15011;;3;2;No inventariada;;9;1;2;;;1;4;1;;;2;998
8;5;9;15;15011;;1;1;AC-305;19,957;6;19;2;;;1;1;1;;;1;1
9;5;8;15;15011;;1;1;AG-11;23,787;3;3;2;;;3;1;2;;;1;1
10;3;22;15;15072;;1;1;AG-11;19,9;3;12;2;;;3;6;4;;;5;1
11;5;22;15;15011;;1;1;DP-1107;1,5;6;16;2;;;1;4;1;;;1;1
11;5;1;15;15011;;3;2;No inventariada;;9;12;2;;;3;4;2;;;1;998
11;1;14;15;15011;;1;1;AC-305;20,79;6;1;2;;;3;1;3;;;1;3
12;6;22;15;15011;;1;1;AC-305;20,08;6;19;2;;;3;4;1;;;1;1
12;5;6;15;15011;;1;1;AG-11;21;3;18;2;;;3;6;7;2;;5;1
12;6;15;15;15011;;1;1;No inventariada;1,1;10;18;2;;;1;1;2;;;1;1
12;6;23;15;15011;;1;1;DP-1107;3,101;6;4;2;;;1;4;1;;;1;1
1;1;15;15;0;;1;1;AC-960;13,1;6;1;1;2;;3;1;3;;;1;3
2;1;14;15;0;;1;1;N-525;331,3;6;16;2;;;1;1;1;;;1;1
2;6;14;15;0;;1;1;N-525;321,917;5;4;2;;;3;1;3;;;1;3
3;6;22;15;0;;1;1;N-525;331;6;2;2;;;3;6;4;;;5;3
4;5;18;15;0;;1;1;AC-261;0,302;6;2;2;;;1;1;1;;;1;1
7;5;12;15;0;;1;1;N-525;328,5;6;4;2;;;1;1;1;;;1;2
7;5;6;15;0;;1;1;AC-960;6,7;6;19;2;;;1;6;1;;;18;4
9;7;21;15;0;;1;1;No inventariada;1,5;10;2;1;2;;1;3;1;;;2;1
12;2;11;15;0;;1;1;AC-960;13,1;6;10;1;2;;3;1;3;;;1;3
12;7;11;15;0;;1;1;N-525;331,823;6;4;2;;;3;1;3;;;1;1
2;3;9;15;15013;;1;1;DP-1302;3,904;6;16;1;2;;3;1;2;;;1;1
2;6;11;15;15013;;1;1;AC-543;8,5;6;20;2;;;3;1;1;;;1;1
2;6;0;15;15013;;1;1;AC-304;1,3;6;16;2;;;3;4;3;;;1;3
5;5;6;15;15013;;1;1;AG-56;9,7;3;12;1;10;AC-304;1;6;1;;;1;1
6;2;20;15;15013;;1;1;AC-543;12,319;6;15;2;;;3;1;3;;;1;2
7;3;21;15;15013;;1;1;AC-300;4,246;6;1;1;2;;1;1;1;1;;1;2
8;6;4;15;15013;;1;1;AC-304;1;6;7;2;;;1;6;1;;;5;3
9;4;11;15;15013;;1;1;AC-300;3,934;6;4;2;;;3;1;2;;;1;1
12;4;18;15;15013;;1;1;AC-544;3,539;6;12;2;;;3;6;2;;;4;2
12;7;16;15;15013;;2;2;AC-451;1,9;5;16;2;;;3;1;1;;;1;1
2;4;10;15;0;;1;1;AC-429;1,9;6;2;1;2;;1;1;2;;;1;1
3;6;16;15;0;;1;1;AG-55;53,336;2;14;2;;;3;1;4;;;1;1
4;7;13;15;0;;1;1;AC-429;4,5;6;12;2;;;1;1;1;;;1;3
6;6;17;15;0;;1;1;AC-429;2,764;6;16;2;;;1;1;1;;;1;3
8;5;17;15;0;;1;1;DP-1406;2,608;6;20;2;;;1;1;1;;;1;2
8;3;13;15;0;;1;1;DP-1406;3,5;6;18;2;;;1;1;2;;;1;2
12;5;14;15;0;;1;1;AC-429;1,791;6;4;2;;;1;1;1;;;1;1
1;3;12;15;0;;1;1;N-651;21,466;6;7;2;;;3;1;2;;;16;1
5;5;7;15;0;;1;1;N-651;25,643;6;19;2;;;1;1;1;;;1;1
8;5;16;15;0;;1;1;AC-122;1,792;6;19;2;;;1;1;1;;;1;2
10;7;12;15;0;;1;1;AC-564;4,137;5;19;2;;;1;1;1;;;1;2
10;6;22;15;0;;1;1;AC-564;2,706;6;2;2;;;4;6;4;1;;5;2
12;4;11;15;0;;1;1;N-651;20,841;6;2;2;;;3;1;1;;;1;1
1;4;19;15;15016;;3;2;No inventariada;;9;7;2;;;1;4;1;;;9;998
3;6;20;15;15016;;1;1;No inventariada;0;10;7;2;;;3;4;3;;;1;1
7;1;11;15;15016;;1;1;No inventariada;0,3;10;7;1;2;;1;1;1;;;1;3
10;7;15;15;15016;;1;1;DP-1601;4,1;6;12;2;;;3;1;1;;;1;2
11;3;13;15;15016;;1;1;DP-1601;2;6;19;2;;;3;1;1;;;1;2
12;2;18;15;15016;;1;1;AC-432;17,6;6;4;2;;;1;4;1;;;1;1
1;5;8;15;15017;;1;1;AC-214;4,9;6;2;1;1;;3;4;4;;;1;1
1;1;17;15;15017;;1;1;AC-211;0,1;6;7;2;;;1;1;2;;;1;1
1;3;19;15;15017;;1;1;DP-1706;2,7;6;7;2;;;3;4;3;;;5;1
2;4;19;15;15017;;1;1;A-6;576,626;3;4;2;;;1;6;1;;;1;1
2;1;5;15;15017;;1;1;A-6;579,9;3;15;2;;;3;6;4;;;5;1
3;1;19;15;15017;;1;1;AP-9;7,2;1;18;2;;;3;1;4;;;5;2
3;1;12;15;15017;;3;2;No inventariada;;9;10;2;;;3;1;2;;;1;998
3;5;20;15;15017;;1;1;DP-1702;2,82;6;4;1;2;;1;4;1;;;1;1
4;7;5;15;15017;;1;1;DP-1706;1,3;6;2;2;;;3;2;1;;;1;3
5;4;20;15;15017;;1;1;AC-213;2,6;6;4;1;4;AC-214;1;6;1;;;1;1
5;1;8;15;15017;;1;1;DP-1702;3,05;6;2;2;;;1;1;1;;;1;1
5;4;7;15;15017;;1;1;AP-9;7,2;1;12;2;;;3;2;4;;;1;3
5;3;13;15;15058;;1;1;N-6;585,9;6;4;2;;;1;1;1;;;1;1
6;6;3;15;15017;;1;1;DP-1702;2,95;6;1;1;2;;1;4;1;;;2;2
7;6;9;15;15017;;1;1;A-6;578,3;3;4;2;;;1;1;1;;;1;1
7;7;20;15;15017;;1;1;AC-211;0,45;6;7;1;5;AP-9;1;1;1;;;1;1
8;4;17;15;15017;;1;1;AC-214;7,95;6;4;1;1;;1;1;2;;;1;1
7;7;22;15;15017;;1;1;AP-9;11,5;1;4;2;;;1;6;1;;;1;1
8;1;20;15;15017;;3;2;No inventariada;;11;16;2;;;1;1;1;;;1;998
9;1;8;15;15017;;1;1;AP-9;7,5;1;16;1;10;AC-211;3;1;2;;;1;2
9;3;13;15;15058;;1;1;AP-9;8,538;1;12;2;;;1;1;2;;;4;1
9;5;8;15;15031;;1;1;AP-9;6,9;1;3;2;;;3;1;2;;;1;2
9;5;8;15;15031;;1;1;AP-9;6,9;1;4;2;;;3;1;2;;;1;2
9;5;22;15;15017;;1;1;DP-1706;1;6;18;2;;;3;4;3;;;1;2
9;3;6;15;15017;;1;1;DP-1702;2,972;6;1;2;;;1;4;1;;;1;1
9;4;22;15;15017;;1;1;DP-1706;1;6;16;2;;;1;4;1;;;1;2
9;4;16;15;15017;;1;1;DP-1706;1,7;6;4;2;;;1;1;2;;;1;2
10;5;13;15;15017;;1;1;N-550;13,2;6;4;2;;;1;1;2;;;1;1
9;4;22;15;15017;;1;1;No inventariada;0,5;10;16;2;;;1;6;1;;;1;3
10;5;12;15;15017;;1;1;DP-1704;2,5;6;16;2;;;3;1;1;;;1;1
10;3;20;15;15017;;1;1;No inventariada;0,8;10;2;1;2;;1;5;2;;;1;1
11;1;22;15;15017;;1;1;AC-211;0,4;6;10;1;4;AP-9;1;4;1;;;1;1
12;2;8;15;15017;;1;1;A-6;583,35;3;4;2;;;3;2;2;;;1;1
12;6;14;15;15017;;1;1;DP-1704;1,657;6;2;1;2;;1;1;1;;;1;2
12;6;18;15;15009;;1;1;AP-9;16,567;1;8;2;;;3;6;3;;;1;1
12;4;10;15;15058;;1;1;DP-1707;3;6;18;2;;;1;1;2;;;1;3
12;6;20;15;15017;;1;1;AC-221;4,5;6;2;2;;;1;5;1;;;1;1
12;4;19;15;15017;;1;1;N-550;14,1;6;7;2;;;1;4;1;;;1;1
6;1;12;15;0;;1;1;AC-121;3,615;6;2;2;;;1;1;1;;;1;1
1;5;13;15;15043;;1;1;AC-418;6,5;6;16;2;;;3;1;2;;;1;3
1;1;9;15;15019;;1;1;AC-552;28,435;6;2;1;2;DP-1909;3;1;3;;;1;1
1;2;22;15;15019;;3;2;No inventariada;;9;7;1;1;;1;3;2;;;18;998
1;3;9;15;15019;;1;1;DP-1902;4;6;4;2;;;1;1;1;;;6;1
1;5;16;15;15019;;3;2;No inventariada;;9;10;1;2;;8;1;1;;;1;998
1;1;9;15;15019;;3;2;No inventariada;;9;7;1;4;;3;1;3;;;1;998
2;1;5;15;15019;;1;1;AC-413;22,65;6;18;2;;;3;6;3;;;1;2
1;6;4;15;15019;;3;2;No inventariada;;9;12;2;;;1;3;1;;;1;998
3;6;17;15;15019;;1;1;AC-414;4,1;6;16;1;2;;3;1;4;;;5;1
3;7;19;15;15019;;1;1;DP-1905;1,2;6;2;2;;;1;1;2;;;1;2
4;6;15;15;15019;;1;1;DP-1914;2,65;6;10;2;;;1;1;1;;;1;1
4;2;11;15;15019;;1;1;S/D SIVA-P;2,73;10;19;2;;;1;1;1;;;1;1
5;1;18;15;15029;;1;1;DP-1912;5,6;6;15;2;;;2;1;1;;;1;3
4;7;21;15;15019;;3;2;No inventariada;;9;2;1;2;;1;2;1;;;1;998
5;3;8;15;15019;;1;1;DP-1914;1,4;6;16;2;;;3;2;3;;;1;1
5;5;17;15;15019;;3;2;No inventariada;;9;7;1;1;;3;1;3;;;1;998
5;3;19;15;15019;;1;1;DP-1914;3,3;6;2;1;2;;4;1;4;;;1;1
6;1;14;15;15019;;1;1;DP-1914;2,549;6;6;2;;;1;1;1;;;1;1
5;6;10;15;15019;;3;2;No inventariada;;9;7;1;1;;3;1;2;;;1;998
5;6;13;15;15019;;3;2;No inventariada;;9;7;1;2;;3;1;3;;;1;998
6;7;15;15;15019;;1;1;AG-55;27,4;1;12;2;;;1;1;1;;;1;1
7;1;10;15;15019;;1;1;No inventariada;1,1;10;1;2;;;1;1;1;;;1;3
7;3;15;15;15019;;1;1;AC-552;27,5;6;1;2;;;1;1;1;;;1;1
7;4;12;15;15019;;1;1;AC-418;2,4;6;1;2;;;1;1;1;;;1;1
8;3;0;15;15019;;3;2;No inventariada;;9;7;2;;;1;6;1;;;1;998
8;4;12;15;15019;;1;1;AC-552;29;6;7;2;;;1;1;1;;;1;1
8;2;19;15;15019;;1;1;DP-1914;8,8;6;19;2;;;1;1;1;;;1;1
8;4;11;15;15019;;1;1;AC-552;29;6;2;2;;;1;1;1;;;1;1