MES;DIA_SEMANA;HORA;COD_PROVINCIA;COD_MUNICIPIO;ISLA;ZONA;ZONA_AGRUPADA;CARRETERA;KM;TIPO_VIA;TIPO_ACCIDENTE;NUDO;NUDO_INFO;CARRETERA_CRUCE;CONDICION_FIRME;CONDICION_ILUMINACION;CONDICION_METEO;CONDICION_NIEBLA;CONDICION_VIENTO;VISIB_RESTRINGIDA_POR;TRAZADO_PLANTA
9;4;16;15;15019;;1;1;DP-1902;2,5;6;19;2;;;3;1;1;;;1;1
9;4;5;15;15019;;1;1;AC-552;30,2;6;1;2;;;1;4;1;;;1;1
9;5;20;15;15019;;1;1;AC-552;27,2;6;7;2;;;1;1;1;;;9;1
9;6;18;15;15019;;3;2;No inventariada;;9;19;1;4;;1;1;1;;;6;998
8;6;19;15;15019;;3;2;No inventariada;;9;16;2;;;1;1;1;;;1;998
10;6;19;15;15019;;1;1;DP-1902;2,5;6;16;2;;;1;1;1;;;1;1
9;1;18;15;15019;;3;2;No inventariada;;9;2;1;1;;1;1;1;;;1;998
9;2;11;15;15019;;3;2;No inventariada;;9;2;2;;;1;1;1;;;1;998
10;5;19;15;15019;;1;1;DP-1907;1,8;6;19;2;;;1;1;2;;;6;1
11;6;11;15;15019;;1;1;DP-1909;9,5;6;2;2;;;1;1;1;;;1;1
11;6;21;15;15019;;1;1;AC-552;33,3;6;4;2;;;1;4;1;;;1;1
11;2;18;15;15019;;3;2;No inventariada;;9;7;2;;;1;3;1;;;18;998
1;4;19;15;0;;1;1;AC-550;11,95;6;7;2;;;1;4;1;;;1;1
6;2;21;15;0;;1;1;No inventariada;3,5;10;19;2;;;1;1;1;;;1;1
6;2;15;15;0;;1;1;AC-550;18,733;6;12;2;;;1;1;1;;;1;1
8;3;22;15;0;;1;1;AC-550;27,848;6;2;1;2;;1;4;1;;;1;1
9;5;15;15;0;;1;1;AC-550;28,209;6;2;2;;;3;1;3;;;2;1
12;5;17;15;0;;1;1;AC-550;28,2;6;2;1;2;;1;1;1;;;9;1
1;3;10;15;15059;;1;1;N-550;24,9;6;2;1;1;;1;1;1;;;1;1
3;6;21;15;15021;;1;1;N-550;17,3;6;7;1;2;;3;4;4;;;5;1
5;3;12;15;15021;;3;2;No inventariada;;9;2;1;1;;1;1;1;;;1;998
7;5;22;15;15021;;1;1;N-550;14,61;6;7;2;;;1;4;1;;;1;1
7;5;20;15;15001;;1;1;AC-542;16,9;6;19;2;;;1;1;1;;;1;1
8;6;1;15;15001;;1;1;A-6;573,5;3;12;1;12;DP-0106;1;6;1;;;1;2
8;7;20;15;15021;;1;1;DP-1704;11,05;6;16;2;;;1;1;1;;;1;1
8;4;7;15;15021;;1;1;N-550;15,929;6;19;2;;;1;1;1;;;1;1
9;3;7;15;15021;;1;1;No inventariada;2,5;10;13;2;;;1;2;1;;;1;1
9;1;18;15;15001;;1;1;A-6;573,5;3;4;2;;;1;1;2;;;1;1
4;5;14;15;15022;;1;1;DP-2202;2,83;6;7;2;;;1;1;1;;;1;3
6;6;13;15;15022;;1;1;AC-566;28,65;6;16;2;;;1;1;1;;;1;3
8;7;22;15;0;;1;1;AC-862;36,468;6;19;2;;;1;6;1;;;12;3
11;5;17;15;15022;;1;1;DP-2206;2,098;5;4;2;;;1;1;1;;;1;1
9;3;14;15;15022;;3;2;No inventariada;;9;16;2;;;3;1;3;;;1;998
9;5;18;15;15022;;3;2;No inventariada;;9;12;2;;;3;1;1;;;1;998
10;1;16;15;15022;;3;2;No inventariada;;9;4;1;2;;1;1;1;;;16;998
1;4;8;15;15023;;1;1;AC-552;87,922;6;2;2;;;3;3;2;1;;5;1
2;6;5;15;15023;;1;1;AC-552;88,9;6;18;1;4;VG-1.4;1;4;1;;;1;2
4;1;9;15;15023;;1;1;AC-550;1,5;6;7;2;;;1;1;1;;;1;1
4;1;17;15;15023;;3;2;No inventariada;;9;7;1;2;;1;1;1;;;1;998
6;1;19;15;15023;;1;1;No inventariada;0,2;10;12;2;;;1;1;1;;;1;1
7;3;0;15;15023;;1;1;DP-2301;3,102;6;15;2;;;3;6;3;;;1;2
7;4;17;15;15023;;1;1;AC-552;87,3;6;15;1;1;743207425;1;1;1;;;1;1
9;1;14;15;15023;;1;1;AC-552;85,617;6;16;2;;;3;1;3;1;;1;2
10;5;18;15;0;;1;1;AC-552;85,3;6;2;2;;;3;1;4;;;1;1
10;7;23;15;15023;;1;1;AC-552;88,9;6;18;1;4;VG-1.4;1;4;1;;;1;2
1;7;21;15;15024;;1;1;AC-523;11,856;6;8;2;;;1;6;2;;;1;1
2;6;19;15;15024;;1;1;DP-2104;10,162;6;19;2;;;1;2;1;;;1;3
2;4;22;15;15024;;1;1;AC-523;14,5;6;8;2;;;3;6;3;;;1;1
5;6;14;15;15024;;1;1;DP-2402;0,253;5;8;2;;;1;1;1;;;1;1
5;3;10;15;15024;;1;1;AC-409;11,32;6;2;1;4;;3;1;2;;;1;1
5;5;8;15;15024;;1;1;DP-2405;3,37;6;4;2;;;1;1;1;;;1;1
7;7;17;15;15024;;3;2;No inventariada;;9;2;2;;;1;1;1;;;12;998
7;7;17;15;15024;;1;1;AC-409;8,5;6;8;2;;;1;1;1;;;1;1
9;3;10;15;15024;;1;1;AC-413;12,189;6;4;2;;;3;1;2;;;1;1
9;7;15;15;15024;;1;1;AC-400;20,804;6;18;2;;;1;1;1;;;1;2
11;7;19;15;15024;;1;1;AC-523;11,357;6;4;1;4;;1;6;1;;;1;1
11;3;17;15;15024;;1;1;AC-400;28,8;6;2;1;1;;3;1;3;;;1;1
5;1;17;15;0;;1;1;No inventariada;3;10;1;2;;;3;1;3;;;12;3
7;6;14;15;0;;1;1;AC-862;34,9;6;12;2;;;1;1;1;;;1;2
7;4;18;15;0;;1;1;AC-862;33,442;6;15;2;;;3;1;3;;;1;2
11;7;17;15;15026;;1;1;No inventariada;1,5;10;16;2;;;1;1;1;;;4;3
3;2;11;15;0;;1;1;N-6;566,7;6;2;1;2;A-6;1;1;2;1;;9;1
5;4;12;15;0;;1;1;N-6;570;5;14;2;;;1;1;1;;;1;2
7;1;12;15;0;;1;1;N-6;566,15;6;2;1;2;;1;1;2;;;4;2
8;7;16;15;0;;1;1;A-6;560,5;3;18;2;;;1;1;1;;;1;3
1;4;23;15;15029;;1;1;AC-552;38,7;6;15;2;;;3;4;3;;;1;1
1;5;11;15;15029;;1;1;DP-1912;3,1;6;14;2;;;1;1;1;;;1;3
2;5;11;15;15029;;1;1;DP-2904;5;6;18;2;;;6;1;1;;;1;1
2;4;9;15;15029;;1;1;AC-552;35;6;7;1;4;;3;1;2;;;18;1
3;5;4;15;15029;;1;1;DP-2904;7,266;6;19;2;;;1;6;1;;;1;1
4;6;11;15;15029;;1;1;AC-552;38;6;19;2;;;1;1;2;;;1;2
6;3;9;15;15029;;1;1;AC-552;41,082;6;15;2;;;3;1;4;;;1;2
8;7;19;15;15029;;1;1;DP-2904;2,79;6;19;2;;;1;1;1;;;1;2
9;2;13;15;15029;;1;1;No inventariada;0,2;10;2;2;;;3;1;1;;;4;3
10;6;13;15;15029;;1;1;AC-552;42,5;6;18;2;;;3;1;4;;;1;2
10;7;19;15;15029;;1;1;DP-2904;5,8;6;16;2;;;3;2;3;;;1;2
11;3;0;15;15029;;1;1;DP-1910;0,7;6;15;2;;;1;4;1;;;1;3
11;4;18;15;15029;;1;1;DP-2904;9,03;6;15;2;;;1;1;1;;;1;1
12;7;20;15;15029;;1;1;AG-55;44,1;2;3;2;;;1;6;1;;;1;1
12;1;19;15;15029;;1;1;AC-552;35,037;6;2;1;4;AC-552;3;3;3;;;1;1
12;3;20;15;15029;;1;1;AG-55;45;2;18;2;;;3;6;4;;;1;1
12;6;23;15;15029;;1;1;DP-2902;1,35;6;15;2;;;3;6;3;;;1;1
1;3;12;15;15030;;1;1;AC-11;2,9;5;5;2;;;1;1;1;;;1;1
1;3;11;15;15030;;3;2;No inventariada;;9;2;1;4;;1;1;3;;;1;998
1;2;20;15;15030;;3;2;No inventariada;;9;7;2;;;3;4;3;;;5;998
1;3;21;15;15030;;3;2;No inventariada;;9;2;1;1;;1;4;1;;;1;998
1;2;8;15;15030;;3;2;No inventariada;;14;19;2;;;3;1;3;;;1;998
1;4;8;15;15030;;3;2;No inventariada;;9;7;1;2;;3;3;4;;;17;998
1;7;12;15;15030;;3;2;No inventariada;;9;20;1;4;;9;1;7;;;18;998
1;1;15;15;15030;;3;2;No inventariada;;9;1;2;;;3;1;3;;;18;998
1;2;15;15;15030;;1;1;AC-415;2,25;6;2;1;4;;1;1;2;;;1;2
1;1;20;15;15030;;3;2;No inventariada;;9;4;1;4;;3;4;3;;;18;998
1;2;12;15;15030;;3;2;No inventariada;;9;2;2;;;1;1;1;;;12;998
1;4;15;15;15030;;3;2;No inventariada;;9;3;2;;;1;1;1;;;1;998
1;6;15;15;15030;;3;2;No inventariada;;9;2;1;1;;1;1;1;;;1;998
1;3;18;15;15030;;3;2;No inventariada;;9;4;1;1;;1;1;1;;;1;998
1;7;21;15;15030;;3;2;No inventariada;;9;6;2;;;1;4;1;;;1;998
1;1;10;15;15030;;3;2;No inventariada;;14;7;2;;;1;1;1;;;1;998
2;2;14;15;15030;;3;2;No inventariada;;9;20;1;4;;1;1;1;;;1;998
2;1;16;15;15030;;3;2;No inventariada;;9;20;2;;;1;1;1;;;2;998
2;2;22;15;15030;;3;2;No inventariada;;9;7;2;;;1;4;1;;;1;998
1;5;17;15;15030;;1;1;AC-12;3,8;5;2;1;2;;1;1;1;;;3;1
1;3;14;15;15030;;3;2;No inventariada;;9;2;1;2;;3;1;2;;;1;998
1;4;18;15;15030;;3;2;No inventariada;;9;4;1;4;;3;4;2;;;1;998
1;6;14;15;15030;;3;2;No inventariada;;9;2;1;4;;1;1;1;;;1;998
2;6;3;15;15030;;3;2;No inventariada;;9;4;2;;;1;4;1;;;1;998
2;2;17;15;15030;;3;2;No inventariada;;9;3;1;4;;1;1;1;;;1;998
1;2;23;15;15030;;3;2;No inventariada;;9;15;2;;;3;4;2;;;1;998
2;1;17;15;15030;;3;2;No inventariada;;9;2;1;4;;1;1;1;;;1;998
2;4;12;15;15030;;3;2;No inventariada;;9;7;2;;;1;1;1;;;1;998
2;4;8;15;15030;;3;2;No inventariada;;9;7;2;;;3;4;3;;;5;998
2;4;17;15;15030;;3;2;No inventariada;;9;2;2;;;3;1;3;;;1;998
2;2;11;15;15030;;3;2;No inventariada;;9;4;1;1;;1;1;1;;;1;998
1;3;12;15;15030;;3;2;No inventariada;;9;2;2;;;1;1;1;;;1;998
3;1;14;15;15030;;3;2;No inventariada;;9;2;2;;;1;1;2;;;18;998
2;5;8;15;15030;;3;2;No inventariada;;9;7;1;2;;3;2;3;;;1;998
1;1;11;15;15030;;3;2;No inventariada;;9;18;2;;;1;1;1;;;1;998
2;5;10;15;15030;;3;2;No inventariada;;9;4;2;;;1;1;1;;;1;998
3;5;17;15;15030;;3;2;No inventariada;;9;2;2;;;3;1;4;;;17;998
2;5;20;15;15030;;3;2;No inventariada;;9;1;2;;;1;4;1;;;1;998
1;4;7;15;15030;;3;2;No inventariada;;9;7;1;2;;3;4;2;;;11;998
3;5;19;15;15030;;1;1;AC-11;3,6;5;4;2;;;3;4;3;;;1;1
3;5;18;15;15030;;3;2;No inventariada;;9;2;2;;;3;1;4;;;5;998
3;5;17;15;15030;;3;2;No inventariada;;9;4;2;;;3;1;4;;;1;998
2;3;11;15;15030;;3;2;No inventariada;;14;3;2;;;1;1;1;;;1;998
3;1;21;15;15030;;3;2;No inventariada;;9;4;2;;;1;4;2;;;1;998
3;2;18;15;15030;;3;2;No inventariada;;9;1;1;2;;1;1;1;;;1;998
3;2;16;15;15030;;3;2;No inventariada;;14;3;2;;;1;1;1;;;1;998
3;7;4;15;15030;;1;1;AC-12;3;5;16;2;;;3;4;3;;;1;2
2;6;20;15;15030;;3;2;No inventariada;;9;7;1;1;;3;4;3;;;1;998
3;5;20;15;15030;;3;2;No inventariada;;9;7;2;;;3;4;3;;;1;998
3;6;19;15;15030;;3;2;No inventariada;;9;7;2;;;1;4;1;;;1;998
3;2;22;15;15030;;3;2;No inventariada;;9;4;1;4;;1;4;1;;;1;998
3;3;16;15;15030;;3;2;No inventariada;;9;2;2;;;1;1;1;;;1;998
3;5;19;15;15030;;3;2;No inventariada;;9;7;2;;;3;3;3;;;1;998
3;6;21;15;15030;;3;2;No inventariada;;9;7;2;;;1;4;1;;;1;998
2;2;8;15;15030;;3;2;No inventariada;;9;7;2;;;1;1;1;;;1;998
3;4;10;15;15030;;3;2;No inventariada;;9;3;2;;;3;1;3;;;1;998
3;4;12;15;15030;;3;2;No inventariada;;9;7;2;;;3;1;3;;;1;998
2;6;7;15;15030;;3;2;No inventariada;;9;2;2;;;1;4;1;;;1;998
3;3;12;15;15030;;3;2;No inventariada;;9;7;1;2;;1;1;1;;;2;998
3;1;16;15;15030;;3;2;No inventariada;;14;2;1;2;;3;1;2;;;1;998
3;2;14;15;15030;;3;2;No inventariada;;9;3;1;2;;1;1;1;;;1;998
3;3;12;15;15030;;3;2;No inventariada;;9;7;2;;;3;1;3;;;5;998
4;5;8;15;15030;;3;2;No inventariada;;9;3;1;1;;1;1;1;;;1;998
4;6;17;15;15030;;1;1;V-14;3,8;3;15;1;12;AC-14;1;1;1;;;1;2
4;5;19;15;15030;;1;1;AP-9;3;1;10;2;;;1;1;1;;;1;3
4;1;11;15;15030;;1;1;AC-11;2,85;5;2;1;12;;1;1;1;;;1;3
4;3;18;15;15030;;3;2;No inventariada;;9;2;1;1;;1;1;1;;;1;998
3;4;18;15;15030;;3;2;No inventariada;;9;7;1;1;;3;1;2;;;1;998
4;3;17;15;15030;;3;2;No inventariada;;9;7;2;;;1;1;1;;;1;998
4;3;18;15;15030;;3;2;No inventariada;;9;7;1;2;;1;1;1;;;10;998
4;6;7;15;15030;;3;2;No inventariada;;9;4;1;2;;1;2;1;;;1;998
4;7;9;15;15030;;3;2;No inventariada;;9;7;2;;;1;1;2;;;1;998
4;7;18;15;15030;;3;2;No inventariada;;9;3;2;;;1;1;1;;;1;998
4;2;15;15;15030;;3;2;No inventariada;;9;7;2;;;3;1;4;;;17;998
3;2;15;15;15030;;3;2;No inventariada;;9;7;1;2;;1;1;1;;;1;998
4;3;15;15;15030;;3;2;No inventariada;;9;5;2;;;1;1;1;;;1;998
3;3;1;15;15030;;3;2;No inventariada;;9;20;2;;;1;4;1;;;1;998
4;6;13;15;15030;;3;2;No inventariada;;9;6;2;;;1;1;1;;;1;998
3;7;6;15;15030;;3;2;No inventariada;;9;11;2;;;3;4;2;;;1;998
4;2;11;15;15030;;3;2;No inventariada;;9;4;2;;;3;1;3;;;1;998
4;4;17;15;15030;;3;2;No inventariada;;9;4;1;2;;1;1;1;;;1;998
4;5;20;15;15030;;3;2;No inventariada;;9;6;2;;;1;1;2;;;1;998
4;6;23;15;15030;;3;2;No inventariada;;9;6;1;2;;1;4;1;;;1;998
4;6;22;15;15030;;3;2;No inventariada;;9;7;1;1;;9;4;7;;;18;998
5;4;6;15;15030;;3;2;No inventariada;;9;10;2;;;1;4;2;;;1;998
5;4;20;15;15030;;3;2;No inventariada;;9;2;1;1;;3;3;3;;;1;998
5;5;14;15;15030;;3;2;No inventariada;;9;7;2;;;3;1;2;;;1;998
5;7;2;15;15030;;3;2;No inventariada;;9;2;1;1;;3;4;4;;;5;998
4;4;12;15;15030;;3;2;No inventariada;;9;7;1;1;;9;1;2;;;18;998
4;7;22;15;15030;;3;2;No inventariada;;9;10;2;;;1;4;1;;;1;998
4;3;7;15;15030;;3;2;No inventariada;;9;7;1;4;;1;3;1;;;1;998
5;5;15;15;15030;;3;2;No inventariada;;9;7;1;2;;9;1;7;;;18;998
4;6;9;15;15030;;3;2;No inventariada;;14;2;1;7;;1;1;1;;;6;998
4;4;10;15;15030;;3;2;No inventariada;;9;4;1;4;;1;1;1;;;1;998
5;1;3;15;15030;;3;2;No inventariada;;9;10;2;;;1;4;1;;;1;998
3;1;20;15;15030;;3;2;No inventariada;;14;14;2;;;1;2;2;;;1;998
5;7;18;15;15030;;1;1;AC-12;4;5;2;1;4;AC-211;1;1;1;;;1;1
5;2;9;15;15030;;3;2;No inventariada;;9;7;2;;;3;1;7;;;18;998
5;3;20;15;15030;;3;2;No inventariada;;9;20;2;;;1;1;1;;;1;998
4;4;20;15;15030;;3;2;No inventariada;;9;3;2;;;8;4;1;;;1;998
4;7;16;15;15030;;3;2;No inventariada;;9;2;2;;;1;1;1;;;1;998
5;2;9;15;15030;;3;2;No inventariada;;9;16;2;;;3;1;2;;;1;998
4;7;8;15;15030;;3;2;No inventariada;;9;7;2;;;1;1;2;;;1;998
5;7;5;15;15030;;3;2;No inventariada;;9;6;2;;;3;4;3;;;1;998
5;6;21;15;15030;;3;2;No inventariada;;9;2;1;2;;1;1;1;;;1;998
5;7;21;15;15030;;1;1;AP-9;2,817;1;15;2;;;1;1;1;;;1;3
3;6;21;15;15030;;3;2;No inventariada;;9;7;2;;;1;3;1;;;1;998
4;7;23;15;15030;;3;2;No inventariada;;9;10;2;;;1;4;1;;;1;998
5;6;13;15;15030;;3;2;No inventariada;;9;10;1;2;;1;1;2;;;1;998
2;5;21;15;15030;;3;2;No inventariada;;9;7;2;;;1;4;2;;;10;998
5;3;18;15;15030;;3;2;No inventariada;;9;2;1;4;;1;1;1;;;1;998
6;6;14;15;15030;;3;2;No inventariada;;9;4;2;;;1;1;1;;;1;998
6;6;20;15;15030;;3;2;No inventariada;;9;7;2;;;1;1;1;;;6;998
6;1;10;15;15030;;3;2;No inventariada;;9;7;2;;;1;1;1;;;1;998
5;3;23;15;15030;;3;2;No inventariada;;9;10;2;;;1;4;2;;;1;998
3;7;17;15;15030;;3;2;No inventariada;;9;7;2;;;1;1;1;;;9;998
5;4;14;15;15030;;3;2;No inventariada;;9;3;2;;;1;1;1;;;1;998
6;2;7;15;15030;;1;1;AC-11;3,8;5;5;2;;;1;1;1;;;1;1
6;2;22;15;15030;;3;2;No inventariada;;9;2;1;1;;1;4;1;;;1;998
5;2;18;15;15030;;3;2;No inventariada;;9;2;1;2;;1;1;1;;;2;998
4;7;9;15;15030;;3;2;No inventariada;;9;7;2;;;1;1;1;;;16;998
6;3;16;15;15030;;3;2;No inventariada;;9;7;2;;;1;1;1;;;1;998
5;3;19;15;15030;;3;2;No inventariada;;9;4;2;;;1;1;1;;;1;998
5;3;18;15;15030;;3;2;No inventariada;;9;7;2;;;1;1;1;;;9;998
6;5;19;15;15030;;3;2;No inventariada;;9;7;2;;;1;1;1;;;1;998
5;4;12;15;15030;;3;2;No inventariada;;9;20;2;;;1;1;1;;;1;998
6;7;22;15;15030;;3;2;No inventariada;;9;10;2;;;1;4;1;;;1;998
5;4;18;15;15030;;3;2;No inventariada;;9;20;1;1;;1;1;1;;;1;998
6;4;19;15;15030;;3;2;No inventariada;;9;7;1;1;;1;1;2;;;1;998
6;4;19;15;15030;;1;1;AC-12;2,8;5;16;2;;;1;1;2;;;1;3
6;1;9;15;15030;;3;2;No inventariada;;14;7;2;;;1;1;1;;;1;998
5;4;18;15;15030;;3;2;No inventariada;;14;2;1;2;;1;1;2;;;2;998
6;2;10;15;15030;;3;2;No inventariada;;9;6;2;;;1;1;2;;;1;998
6;3;7;15;15030;;1;1;AC-11;3,353;5;4;2;;;3;1;3;;;5;1
6;1;20;15;15030;;3;2;No inventariada;;9;2;1;1;;1;1;1;;;10;998
5;2;9;15;15030;;3;2;No inventariada;;9;3;2;;;1;1;1;;;1;998
6;4;8;15;15030;;3;2;No inventariada;;9;2;1;4;;1;1;1;;;1;998
6;5;12;15;15030;;3;2;No inventariada;;9;4;2;;;1;1;1;;;1;998
5;3;21;15;15030;;3;2;No inventariada;;9;3;2;;;1;1;2;;;1;998
6;6;0;15;15030;;3;2;No inventariada;;9;6;2;;;1;4;1;;;1;998
6;5;11;15;15030;;3;2;No inventariada;;9;2;1;4;;1;1;1;;;1;998
6;5;17;15;15030;;3;2;No inventariada;;9;5;2;;;1;1;1;;;1;998
6;5;12;15;15030;;3;2;No inventariada;;9;6;2;;;1;1;1;;;1;998
6;4;13;15;15030;;3;2;No inventariada;;9;20;1;1;;1;1;1;;;1;998
7;4;21;15;15030;;3;2;No inventariada;;9;4;2;;;1;1;1;;;1;998
7;5;7;15;15030;;1;1;AC-11;3;5;19;2;;;1;1;1;;;1;1
7;7;11;15;15030;;3;2;No inventariada;;9;20;2;;;1;1;1;;;1;998
6;5;13;15;15030;;3;2;No inventariada;;9;6;2;;;1;4;1;;;18;998
6;1;16;15;15030;;3;2;No inventariada;;9;3;1;4;;1;1;1;;;1;998
7;6;1;15;15030;;3;2;No inventariada;;9;7;2;;;1;4;1;;;1;998
6;2;15;15;15030;;3;2;No inventariada;;9;7;1;1;;1;1;1;;;1;998
7;4;9;15;15030;;3;2;No inventariada;;9;12;1;7;;3;1;2;;;1;998
6;2;21;15;15030;;3;2;No inventariada;;9;2;1;2;;1;1;1;;;2;998
7;6;12;15;15030;;3;2;No inventariada;;9;7;2;;;1;1;2;;;1;998
5;3;19;15;15030;;3;2;No inventariada;;14;10;2;;;1;1;2;;;1;998
5;4;8;15;15030;;3;2;No inventariada;;9;2;1;1;;1;1;1;;;1;998
7;3;9;15;15030;;3;2;No inventariada;;9;20;2;;;1;1;1;;;1;998
6;6;14;15;15030;;3;2;No inventariada;;9;4;2;;;3;1;1;;;1;998
7;2;1;15;15030;;3;2;No inventariada;;9;19;2;;;1;4;1;;;1;998
6;3;8;15;15030;;3;2;No inventariada;;9;2;1;2;;3;1;4;;;1;998
7;2;15;15;15030;;3;2;No inventariada;;9;10;1;12;;1;1;1;;;1;998
7;7;17;15;15030;;3;2;No inventariada;;9;3;2;;;1;1;2;;;1;998
6;3;13;15;15030;;3;2;No inventariada;;9;1;2;;;1;1;1;;;1;998
7;2;18;15;15030;;3;2;No inventariada;;9;2;2;;;1;1;1;;;1;998
7;7;23;15;15030;;3;2;No inventariada;;14;9;2;;;1;4;1;;;1;998
7;1;19;15;15030;;1;1;N-550;3,841;6;3;2;;;1;6;2;;;1;3
7;6;5;15;15030;;3;2;No inventariada;;9;10;2;;;3;4;3;;;1;998
7;3;12;15;15030;;3;2;No inventariada;;9;7;2;;;1;1;2;;;1;998
6;2;13;15;15030;;3;2;No inventariada;;14;20;2;;;1;1;1;;;16;998
7;1;12;15;15030;;3;2;No inventariada;;9;7;2;;;1;1;1;;;14;998
5;3;23;15;15030;;3;2;No inventariada;;9;3;1;2;;1;4;1;;;1;998
8;2;18;15;15030;;3;2;No inventariada;;9;2;1;4;;1;1;1;;;1;998
8;2;10;15;15030;;3;2;No inventariada;;14;7;2;;;1;1;7;;;1;998
6;7;10;15;15030;;3;2;No inventariada;;9;7;2;;;1;1;2;;;1;998
7;1;15;15;15030;;3;2;No inventariada;;9;2;2;;;1;1;1;;;12;998
7;7;12;15;15030;;3;2;No inventariada;;9;2;1;2;;1;1;1;;;1;998
7;6;17;15;15030;;3;2;No inventariada;;9;7;2;;;1;1;1;;;1;998
7;3;13;15;15030;;3;2;No inventariada;;9;2;1;1;;1;1;1;;;1;998
8;3;10;15;15030;;3;2;No inventariada;;9;7;2;;;1;1;2;;;1;998
8;6;3;15;15030;;3;2;No inventariada;;9;9;1;2;;1;4;1;;;1;998
8;2;10;15;15030;;3;2;No inventariada;;9;7;2;;;1;1;2;;;1;998
8;5;23;15;15030;;3;2;No inventariada;;9;2;2;;;1;4;1;;;1;998
8;4;21;15;15030;;3;2;No inventariada;;14;6;1;2;;1;2;1;;;6;998
4;5;16;15;15030;;3;2;No inventariada;;9;20;2;;;1;1;1;;;1;998
6;6;8;15;15030;;3;2;No inventariada;;9;3;1;2;;3;1;3;;;1;998
8;4;12;15;15030;;1;1;AC-11;3,886;5;2;1;2;;1;1;1;;;1;1
7;6;9;15;15030;;3;2;No inventariada;;9;7;2;;;1;1;1;;;1;998
8;1;17;15;15030;;1;1;AC-14;2,8;3;4;2;;;1;1;1;;;1;1
8;2;14;15;15030;;3;2;No inventariada;;9;20;2;;;1;1;1;;;18;998
8;1;19;15;15030;;3;2;No inventariada;;9;4;2;;;1;1;1;;;1;998
8;5;14;15;15030;;3;2;No inventariada;;9;5;2;;;1;1;1;;;1;998
7;5;12;15;15030;;3;2;No inventariada;;9;10;2;;;1;1;1;;;1;998
7;1;12;15;15030;;3;2;No inventariada;;9;7;2;;;1;1;1;;;1;998
7;5;14;15;15030;;3;2;No inventariada;;9;3;2;;;1;1;1;;;1;998
6;2;19;15;15030;;3;2;No inventariada;;9;2;2;;;3;1;2;;;1;998
8;5;15;15;15030;;3;2;No inventariada;;9;7;1;2;;1;1;1;;;1;998
9;1;11;15;15030;;3;2;No inventariada;;9;7;2;;;3;1;2;;;1;998
4;7;3;15;15030;;3;2;No inventariada;;9;10;2;;;1;4;1;;;1;998
9;5;12;15;15030;;1;1;AC-11;3,7;5;5;2;;;3;1;3;;;1;1
6;4;20;15;15030;;3;2;No inventariada;;9;7;2;;;1;1;1;;;1;998
9;2;15;15;15030;;3;2;No inventariada;;9;2;1;4;;1;1;1;;;1;998
7;6;15;15;15030;;3;2;No inventariada;;9;2;1;1;;3;1;3;;;2;998
5;5;14;15;15030;;3;2;No inventariada;;9;7;2;;;1;1;1;;;1;998
9;5;13;15;15030;;3;2;No inventariada;;9;16;2;;;3;1;3;;;1;998
9;5;17;15;15030;;3;2;No inventariada;;9;2;1;2;;1;1;1;;;9;998
7;6;19;15;15030;;3;2;No inventariada;;9;7;2;;;3;1;2;;;1;998
9;1;18;15;15030;;3;2;No inventariada;;9;4;2;;;1;1;2;;;1;998
9;5;16;15;15030;;1;1;AC-552;1,8;6;16;2;;;1;1;1;;;1;1
7;4;15;15;15030;;3;2;No inventariada;;14;4;2;;;1;1;1;;;1;998
9;5;7;15;15030;;3;2;No inventariada;;14;20;2;;;3;4;3;;;1;998
8;4;16;15;15030;;3;2;No inventariada;;9;16;2;;;1;1;1;;;1;998
9;3;17;15;15030;;3;2;No inventariada;;9;2;1;2;;1;1;1;;;9;998
7;3;20;15;15030;;3;2;No inventariada;;14;4;2;;;1;1;1;;;1;998
9;7;10;15;15030;;3;2;No inventariada;;9;7;1;2;;1;1;2;;;1;998
7;7;2;15;15030;;3;2;No inventariada;;9;20;2;;;1;4;1;;;1;998
7;6;19;15;15030;;3;2;No inventariada;;14;7;2;;;9;1;7;;;9;998
9;6;2;15;15030;;3;2;No inventariada;;9;6;1;2;;3;4;1;;;1;998
8;6;20;15;15030;;3;2;No inventariada;;9;2;2;;;1;1;1;;;1;998
9;1;12;15;15030;;1;1;AC-11;2,8;5;19;2;;;3;1;3;;;1;2
10;3;8;15;15030;;3;2;No inventariada;;9;7;1;1;;3;3;4;;;12;998
10;3;0;15;15030;;3;2;No inventariada;;9;2;1;4;;3;4;4;;;5;998
10;3;7;15;15030;;1;1;AC-11;2,8;5;5;2;;;3;4;4;;;1;1
8;3;19;15;15030;;3;2;No inventariada;;9;2;1;1;;1;1;1;;;2;998
10;7;13;15;15030;;3;2;No inventariada;;9;7;1;2;;1;1;1;;;1;998
10;7;4;15;15030;;1;1;AC-11;3,2;5;16;2;;;1;4;1;;;1;1
10;7;0;15;15030;;1;1;AC-11;3,8;5;4;1;12;;3;4;3;;;1;2