MES;DIA_SEMANA;HORA;COD_PROVINCIA;COD_MUNICIPIO;ISLA;ZONA;ZONA_AGRUPADA;CARRETERA;KM;TIPO_VIA;TIPO_ACCIDENTE;NUDO;NUDO_INFO;CARRETERA_CRUCE;CONDICION_FIRME;CONDICION_ILUMINACION;CONDICION_METEO;CONDICION_NIEBLA;CONDICION_VIENTO;VISIB_RESTRINGIDA_POR;TRAZADO_PLANTA
11;6;5;15;15030;;3;2;No inventariada;;9;2;1;2;;1;1;1;;;1;998
10;5;21;15;15030;;3;2;No inventariada;;9;3;1;1;;1;4;1;;;1;998
9;1;8;15;15030;;3;2;No inventariada;;9;7;1;1;;1;1;1;;;9;998
9;3;4;15;15030;;3;2;No inventariada;;9;7;2;;;1;4;1;;;1;998
11;2;21;15;15030;;3;2;No inventariada;;9;7;1;1;;1;4;2;;;1;998
11;4;15;15;15030;;1;1;V-14;5,2;3;4;1;12;;1;1;1;;;1;3
11;6;18;15;15030;;1;1;AP-9;3,4;1;5;2;;;3;4;3;;;1;3
11;7;7;15;15058;;1;1;AP-9;8,027;1;14;1;2;;3;4;3;;;1;2
11;7;21;15;15030;;3;2;No inventariada;;9;20;2;;;1;4;2;;;1;998
11;1;9;15;15030;;3;2;No inventariada;;9;2;1;1;;1;1;1;;;1;998
9;7;19;15;15030;;3;2;No inventariada;;9;2;2;;;1;1;1;;;1;998
11;1;18;15;15030;;3;2;No inventariada;;9;7;2;;;1;1;1;;;18;998
11;3;2;15;15030;;3;2;No inventariada;;9;16;2;;;3;4;1;;;1;998
9;5;15;15;15030;;3;2;No inventariada;;9;3;2;;;1;1;1;;;1;998
10;7;16;15;15030;;3;2;No inventariada;;9;7;2;;;1;1;1;;;1;998
10;1;8;15;15030;;3;2;No inventariada;;9;7;2;;;3;1;3;;;1;998
11;7;21;15;15030;;3;2;No inventariada;;9;9;2;;;1;4;1;;;1;998
11;5;18;15;15030;;3;2;No inventariada;;9;7;2;;;1;4;1;;;1;998
11;1;10;15;15030;;3;2;No inventariada;;9;7;2;;;1;1;1;;;1;998
11;4;16;15;15030;;3;2;No inventariada;;9;2;1;4;;1;1;2;;;1;998
10;4;13;15;15030;;3;2;No inventariada;;9;20;1;1;;1;1;1;;;1;998
10;4;11;15;15030;;3;2;No inventariada;;9;2;2;;;3;3;3;;;1;998
11;2;6;15;15030;;3;2;No inventariada;;9;2;1;2;;1;3;1;;;1;998
12;1;8;15;15030;;1;1;AC-11;2,5;5;5;2;;;3;2;2;;;1;1
10;2;19;15;15030;;3;2;No inventariada;;9;7;2;;;1;4;1;;;1;998
10;6;16;15;15030;;3;2;No inventariada;;9;10;1;7;;3;1;2;;;1;998
12;7;9;15;15030;;3;2;No inventariada;;9;7;1;1;;3;1;2;;;1;998
11;1;13;15;15030;;3;2;No inventariada;;9;7;1;2;;1;1;1;;;1;998
12;6;16;15;15030;;3;2;No inventariada;;9;7;2;;;1;1;3;;;17;998
11;6;21;15;15030;;3;2;No inventariada;;9;1;1;2;;1;4;2;;;1;998
11;2;12;15;15030;;3;2;No inventariada;;9;7;2;;;1;1;1;;;1;998
12;4;17;15;15030;;1;1;No inventariada;0,2;10;4;2;;;1;1;1;;;1;1
11;1;18;15;15030;;3;2;No inventariada;;9;7;2;;;1;4;1;;;8;998
8;2;18;15;15030;;3;2;No inventariada;;9;2;1;4;;3;1;2;;;1;998
10;5;18;15;15030;;3;2;No inventariada;;9;7;1;2;;9;1;7;;;9;998
12;3;12;15;15030;;3;2;No inventariada;;9;7;1;1;;1;1;2;;;1;998
11;1;19;15;15030;;3;2;No inventariada;;9;7;2;;;1;4;2;;;9;998
12;7;15;15;15030;;3;2;No inventariada;;9;2;1;4;;1;1;1;;;1;998
1;4;14;15;15031;;1;1;N-550;8,3;6;19;2;;;1;1;1;;;1;2
1;6;23;15;15031;;1;1;AC-14;10,3;3;4;2;;;1;4;1;;;1;1
1;3;10;15;15031;;1;1;DP-3109;2,8;6;7;1;2;;1;1;1;;;1;3
1;5;21;15;15031;;1;1;AC-523;1,372;6;2;1;4;DP-3102;1;6;1;;;1;1
1;6;19;15;15031;;1;1;AC-400;3,5;6;16;2;;;1;4;1;;;1;1
2;4;15;15;15031;;1;1;DP-1705;1,1;6;7;2;;;3;1;4;;;1;1
2;1;10;15;15031;;1;1;AC-14;5;3;5;2;;;1;1;1;;;1;1
2;1;10;15;15031;;1;1;AC-14;5,9;3;5;2;;;3;1;3;;;1;3
3;7;8;15;15031;;1;1;A-6;586,2;3;12;1;4;AC-14;3;1;3;;;1;2
3;5;21;15;15031;;1;1;AC-14AL;0,7;6;12;2;;;3;4;3;;;1;3
3;1;20;15;15031;;1;1;AC-14;5,387;3;5;2;;;3;5;5;;;5;1
3;3;8;15;15031;;1;1;AC-213;1,452;6;2;2;;;3;1;3;;;2;1
4;3;8;15;15031;;1;1;AP-9;6,1;1;5;2;;;1;2;1;;;6;1
4;5;13;15;15031;;1;1;AC-523;0,897;6;2;1;2;DP-3109;3;1;3;;;1;1
4;5;15;15;15031;;1;1;AP-9;6,826;1;16;2;;;3;1;2;;;18;1
4;1;10;15;15031;;1;1;AC-523;1,371;6;2;1;1;DP-3102;1;1;1;;;1;1
5;1;7;15;15031;;1;1;AC-14AL;0;6;4;1;4;AC-14;1;1;1;;;1;3
5;1;7;15;15031;;1;1;AP-9;4,7;1;4;2;;;1;1;2;;;1;1
5;2;12;15;15031;;1;1;AC-523;1;6;4;2;;;1;1;1;;;1;1
5;3;9;15;15031;;3;2;No inventariada;;14;12;2;;;1;1;1;;;1;998
6;2;18;15;15031;;1;1;AC-213;0,586;6;1;2;;;3;1;3;;;1;2
6;4;18;15;15041;;1;1;AC-523;7,2;6;2;1;5;DP-1913;1;1;1;;;1;1
6;2;17;15;15031;;1;1;AC-213;0,5;6;2;1;2;;1;1;2;;;1;2
7;2;15;15;15017;;1;1;AP-9;7,133;1;20;2;;;3;1;4;;;1;1
7;6;9;15;15031;;1;1;AP-9;7,1;1;4;2;;;3;1;3;;;1;3
7;6;10;15;15031;;1;1;AP-9;6,5;1;4;2;;;3;1;2;;;1;1
8;3;13;15;15031;;1;1;AC-400;2,9;6;1;2;;;1;1;1;;;1;3
8;5;14;15;15031;;1;1;DP-3103;0,55;6;10;1;1;;1;1;1;;;1;1
8;3;23;15;15031;;1;1;A-6;584;3;4;2;;;1;6;1;;;1;1
8;3;14;15;15031;;1;1;N-550;7;6;4;1;4;;1;1;1;;;1;1
9;5;23;15;15031;;1;1;AC-14;10,3;3;12;1;4;AC-523;3;6;1;;;1;1
9;4;16;15;15031;;1;1;DP-3104;1;6;16;2;;;1;1;1;;;1;1
9;7;11;15;15031;;1;1;DP-0511;2,9;6;3;1;4;;1;1;1;;;1;2
9;1;7;15;15031;;1;1;AP-9;4,8;1;5;2;;;3;1;3;;;1;1
10;7;20;15;15017;;1;1;AP-9;7,242;1;4;2;;;1;4;1;;;1;1
10;4;17;15;15031;;1;1;AC-523;0,884;5;2;1;2;;1;1;1;;;18;1
11;7;11;15;15031;;1;1;AC-523;0,7;6;19;2;;;1;1;1;;;1;1
11;3;5;15;15031;;1;1;AC-523;0,01;6;12;1;4;AC-14;1;5;1;;;1;2
11;4;17;15;15031;;1;1;DP-3102;1;6;1;2;;;1;1;1;;;1;1
12;6;8;15;15031;;1;1;AC-14;6,6;3;12;2;;;1;2;1;;;1;1
12;4;8;15;15031;;1;1;AC-14AL;2,65;6;4;2;;;1;1;2;;;1;1
3;6;14;15;0;;1;1;N-634;667,5;6;1;2;;;3;1;5;;;1;1
4;1;9;15;0;;1;1;N-634;661,1;6;4;1;2;;1;1;1;;;1;1
7;5;14;15;0;;1;1;AC-231;11,25;6;14;2;;;1;1;1;;;1;1
7;3;17;15;0;;1;1;No inventariada;0,78;10;19;2;;;1;1;1;;;1;3
8;4;19;15;0;;1;1;N-634;668,8;6;6;2;;;1;1;1;;;1;1
8;5;16;15;0;;1;1;N-634;662,9;6;2;2;;;1;1;1;;;1;1
10;3;2;15;0;;1;1;N-634;666,481;6;10;1;4;AC-231;1;4;1;;;1;1
11;7;0;15;0;;1;1;AC-230;11,7;6;12;2;;;3;4;3;;;1;2
8;6;22;15;0;;1;1;AC-305;2,044;6;19;1;2;;1;4;1;;;1;1
11;6;14;15;15072;;1;1;AC-306;2;6;15;2;;;3;1;3;;;18;2
1;1;14;15;0;;1;1;AC-552;81,6;6;2;2;;;3;1;2;;;1;2
3;3;22;15;0;;1;1;AC-550;8,8;6;1;2;;;1;4;1;;;1;3
3;4;5;15;0;;1;1;AC-552;81,8;6;15;2;;;3;6;3;;;1;3
4;6;0;15;0;;1;1;DP-2308;1;6;15;1;2;1054110542;3;4;3;;;1;1
6;2;0;15;0;;1;1;AC-550;8,9;6;16;2;;;1;4;1;;;1;2
7;1;14;15;0;;1;1;DP-3404;22,2;6;2;1;2;1060610600;1;1;1;;;1;1
8;3;16;15;0;;1;1;AC-552;77,5;6;1;2;;;1;1;1;;;1;1
8;6;20;15;0;;1;1;AC-552;80;6;1;2;;;3;6;3;2;;1;3
9;1;15;15;0;;1;1;AC-552;81,537;6;15;2;;;3;1;3;;;1;3
10;5;10;15;0;;1;1;DP-3404;29,3;6;18;2;;;3;1;3;;;1;2
1;1;20;15;15035;;1;1;DP-3503;0,194;6;19;1;2;;3;4;4;;;5;2
1;2;10;15;15035;;1;1;DP-3503;6,038;6;15;2;;;8;1;3;;;1;2
1;5;14;15;15035;;1;1;N-651;29,5;6;12;2;;;1;1;1;;;1;3
2;5;22;15;15035;;1;1;N-651;27,601;5;16;2;;;3;4;3;;;5;1
1;6;13;15;15035;;3;2;No inventariada;;9;2;1;2;;1;1;1;;;1;998
3;3;18;15;15035;;1;1;DP-3501;2,6;6;7;1;2;AC-133;3;1;3;;;1;1
4;3;13;15;15035;;1;1;AP-9F;28,6;2;4;2;;;1;1;1;;1;1;1
7;5;13;15;15035;;2;2;AC-133;0,42;6;7;1;2;;1;1;1;;;16;1
7;6;14;15;15035;;1;1;AP-9F;27;2;12;1;11;N-651;3;1;3;;;4;2
8;5;18;15;15035;;1;1;AC-124;0,325;6;4;2;;;1;1;1;;;1;1
9;2;17;15;15035;;2;2;N-651;30,5;6;7;2;;;1;1;1;;;1;1
9;5;9;15;15035;;1;1;N-651;28,8;6;16;2;;;3;1;3;;;5;2
9;1;22;15;15035;;1;1;AP-9F;26,1;1;8;2;;;1;6;1;;;1;1
10;4;20;15;15035;;1;1;DP-1503;1,275;6;4;1;2;;1;1;1;;;18;1
10;3;12;15;15035;;1;1;AC-133;0,404;6;7;2;;;1;1;1;;;1;1
11;3;19;15;15035;;1;1;AC-133;0,195;6;7;2;;;1;4;1;;;17;1
12;4;18;15;15035;;1;1;AP-9F;27;1;4;2;;;1;1;1;;;1;1
2;4;18;15;15036;;3;2;No inventariada;;9;4;1;1;;1;1;3;;;1;998
3;5;19;15;15036;;3;2;No inventariada;;9;6;1;2;;3;4;3;;;1;998
4;5;23;15;15036;;1;1;AP-9F;35,6;1;12;2;;;1;5;1;;1;1;1
2;1;19;15;15036;;3;2;No inventariada;;9;7;2;;;1;3;1;;;1;998
5;2;16;15;15036;;3;2;No inventariada;;7;2;2;;;1;1;1;;;1;998
5;4;7;15;15036;;3;2;No inventariada;;9;7;2;;;1;3;2;;;1;998
1;5;18;15;15036;;3;2;No inventariada;;9;7;1;1;;1;2;1;;;1;998
2;6;13;15;15036;;3;2;No inventariada;;9;7;1;2;;1;1;1;;;1;998
2;5;18;15;15036;;3;2;No inventariada;;9;4;2;;;1;1;1;;;18;998
3;2;9;15;15036;;3;2;No inventariada;;14;12;1;4;;1;1;1;;;1;998
1;1;7;15;15036;;3;2;No inventariada;;9;12;2;;;3;4;4;;;1;998
2;3;15;15;15036;;3;2;No inventariada;;9;4;2;;;1;1;1;;;1;998
1;4;11;15;15036;;3;2;No inventariada;;9;7;2;;;3;1;2;;;1;998
2;4;20;15;15036;;3;2;No inventariada;;14;2;1;2;;1;4;1;;;1;998
3;5;6;15;15036;;3;2;No inventariada;;9;2;1;2;;3;1;3;;;1;998
1;2;21;15;15036;;3;2;No inventariada;;9;2;1;4;;1;1;1;;;1;998
2;4;22;15;15036;;3;2;No inventariada;;9;3;2;;;1;4;2;;;1;998
3;2;16;15;15036;;3;2;No inventariada;;9;2;1;2;;1;1;1;;;2;998
3;5;18;15;15036;;1;1;DP-3603;7;6;12;1;2;;1;1;1;;;1;1
3;7;22;15;15036;;3;2;No inventariada;;9;1;2;;;3;4;3;;;5;998
2;2;14;15;15036;;3;2;No inventariada;;9;2;1;1;;1;1;1;;;1;998
2;2;14;15;15036;;3;2;No inventariada;;9;4;2;;;1;1;1;;;1;998
2;2;18;15;15036;;3;2;No inventariada;;9;7;1;1;;1;1;7;;;1;998
1;2;19;15;15036;;3;2;No inventariada;;9;4;1;4;;1;4;2;;;1;998
2;5;14;15;15036;;3;2;No inventariada;;14;10;2;;;2;1;1;;;1;998
2;3;9;15;15036;;3;2;No inventariada;;9;4;2;;;1;1;2;;;1;998
2;6;17;15;15036;;3;2;No inventariada;;14;4;1;4;;1;1;1;;;1;998
3;5;11;15;15036;;3;2;No inventariada;;9;7;2;;;1;1;1;;;1;998
5;4;7;15;15036;;3;2;No inventariada;;9;16;2;;;3;1;3;;;1;998
5;4;13;15;15036;;3;2;No inventariada;;9;3;1;2;;1;1;1;;;1;998
3;2;18;15;15036;;3;2;No inventariada;;9;7;2;;;1;1;1;;;9;998
1;4;22;15;15036;;3;2;No inventariada;;9;2;2;;;1;4;7;;;1;998
5;2;7;15;15036;;3;2;No inventariada;;9;2;1;1;;3;2;3;;;2;998
2;7;15;15;15036;;3;2;No inventariada;;9;16;1;2;;3;1;2;;;1;998
3;5;16;15;15036;;3;2;No inventariada;;9;2;1;1;;3;1;3;;;1;998
3;6;21;15;15036;;2;2;FE-15;2,9;5;16;2;;;3;4;4;;;5;1
3;4;17;15;15036;;1;1;DP-3603;1;6;15;2;;;1;1;1;;;1;1
1;2;18;15;15036;;3;2;No inventariada;;9;7;2;;;1;4;1;;;1;998
4;3;13;15;15036;;3;2;No inventariada;;9;4;2;;;1;1;1;;;1;998
4;1;13;15;15036;;3;2;No inventariada;;9;2;2;;;1;1;1;;;1;998
5;5;22;15;15036;;3;2;No inventariada;;9;7;2;;;4;4;4;;;1;998
7;3;13;15;15036;;3;2;No inventariada;;9;7;1;1;;1;1;2;;;2;998
7;3;17;15;15036;;1;1;AP-9F;35,5;2;4;2;;;1;1;1;;;1;1
7;4;16;15;15036;;3;2;No inventariada;;9;4;1;2;;1;1;1;;;1;998
7;6;16;15;15036;;2;2;FE-11;1;5;10;1;4;FE-13;3;1;3;;;1;1
3;1;13;15;15036;;3;2;No inventariada;;9;7;1;2;;1;1;1;;;1;998
7;4;11;15;15036;;2;2;DP-3603;8,5;6;10;2;;;1;1;2;;;1;1
4;1;13;15;15036;;3;2;No inventariada;;14;4;2;;;1;1;1;;;1;998
7;4;19;15;15036;;3;2;No inventariada;;9;7;1;2;;1;1;1;;;18;998
7;3;9;15;15036;;3;2;No inventariada;;9;7;2;;;1;1;2;;;1;998
8;5;9;15;15036;;1;1;DP-3603;9,9;6;4;1;2;;1;1;2;1;;5;1
8;5;9;15;15036;;1;1;FE-13;0,9;5;7;1;4;;1;1;1;;;1;1
9;4;21;15;15036;;1;1;N-655;1,2;6;8;2;;;1;6;1;;;1;1
5;3;15;15;15036;;3;2;No inventariada;;9;3;1;4;;1;1;1;;;1;998
5;4;11;15;15036;;3;2;No inventariada;;9;4;2;;;3;1;2;;;1;998
6;6;16;15;15036;;3;2;No inventariada;;9;16;1;1;;1;1;1;;;1;998
6;1;5;15;15036;;3;2;No inventariada;;9;7;2;;;1;3;1;;;18;998
7;3;15;15;15036;;3;2;No inventariada;;9;10;1;2;;9;1;2;;;1;998
9;4;12;15;15036;;3;2;No inventariada;;9;7;1;2;;1;2;2;;;1;998
4;5;19;15;15036;;2;2;FE-13;0;5;7;2;;;1;1;1;;;1;1
5;4;12;15;15036;;3;2;No inventariada;;9;7;2;;;1;1;1;;;1;998
5;7;12;15;15036;;3;2;No inventariada;;9;16;1;2;;1;1;1;;;1;998
5;7;18;15;15036;;3;2;No inventariada;;9;10;2;;;1;1;1;;;1;998
5;3;15;15;15036;;3;2;No inventariada;;9;18;2;;;1;1;1;;;1;998
6;4;15;15;15036;;3;2;No inventariada;;9;7;1;2;;1;1;2;;;1;998
4;4;17;15;15036;;3;2;No inventariada;;9;7;2;;;1;1;1;;;1;998
6;1;18;15;15036;;3;2;No inventariada;;9;16;1;2;;1;1;1;;;1;998
6;7;15;15;15036;;3;2;No inventariada;;9;4;2;;;1;1;1;;;1;998
9;4;14;15;15036;;3;2;No inventariada;;9;16;1;4;;1;1;1;;;1;998
8;5;23;15;15036;;1;1;FE-13;2,2;5;16;1;4;;3;3;3;1;;18;1
10;1;21;15;15036;;3;2;No inventariada;;9;2;1;4;;1;4;1;;;1;998
8;5;21;15;15036;;3;2;No inventariada;;9;7;1;2;;1;1;1;;;2;998
10;5;11;15;15036;;3;2;No inventariada;;9;2;1;2;;1;1;2;;;3;998
10;1;15;15;15036;;3;2;No inventariada;;9;3;1;2;;1;1;1;;;1;998
7;3;11;15;15036;;1;1;DP-3608;18;6;12;2;;;3;1;2;;;1;3
7;1;20;15;15036;;3;2;No inventariada;;9;10;1;1;;1;1;1;;;1;998
7;7;23;15;15036;;1;1;FE-13;3;5;3;1;4;;3;4;4;;;1;1
7;2;12;15;15036;;1;1;FE-13;3;5;4;2;;;1;1;1;;;1;1
7;6;17;15;15036;;3;2;No inventariada;;9;7;2;;;1;1;1;;;1;998
7;2;13;15;15036;;1;1;FE-13;0;5;3;1;4;;1;4;1;;;1;1
7;3;12;15;15036;;1;1;FE-13;3,8;5;4;1;4;;1;1;1;;;1;1
8;2;12;15;15036;;1;1;FE-13;2,8;5;3;1;4;;1;1;1;;;4;1
8;7;11;15;15036;;1;1;DP-3608;2,8;6;12;1;2;;3;1;4;;;1;3
8;2;11;15;15036;;1;1;DP-3603;4;6;16;2;;;3;1;3;;;1;2
9;1;14;15;15036;;3;2;No inventariada;;9;7;2;;;1;1;1;;;1;998
9;1;6;15;15036;;1;1;FE-13;0,25;5;1;2;;;1;4;1;;;1;1
9;5;12;15;15036;;1;1;AP-9F;36;2;4;1;4;FE-13;1;1;1;;;1;1
9;6;13;15;15036;;3;2;No inventariada;;14;16;2;;;1;1;1;;;1;998
9;6;21;15;15036;;3;2;No inventariada;;9;7;1;1;;1;2;1;;;1;998
9;1;20;15;15036;;3;2;No inventariada;;9;3;1;2;;1;4;1;;;1;998
11;4;14;15;15036;;3;2;No inventariada;;9;2;1;2;;1;1;1;;;11;998
11;7;18;15;15036;;3;2;No inventariada;;9;4;2;;;1;4;1;;;1;998
11;5;23;15;15036;;3;2;No inventariada;;9;2;1;1;;1;4;1;;;2;998
9;6;15;15;15036;;3;2;No inventariada;;9;4;2;;;1;1;1;;;1;998
9;6;20;15;15036;;1;1;FE-11;0;5;12;1;4;;1;1;1;;;1;1
12;5;21;15;15036;;3;2;No inventariada;;9;7;2;;;1;4;1;;;1;998
12;5;19;15;15036;;3;2;No inventariada;;9;4;2;;;1;4;1;1;;1;998
12;1;14;15;15036;;3;2;No inventariada;;9;2;1;2;;1;1;2;;;1;998
8;7;8;15;0;;1;1;AC-445;12,5;6;4;2;;;1;1;1;;;1;1
10;1;19;15;0;;1;1;No inventariada;0,1;10;3;2;;;1;1;1;;;1;1
1;2;21;15;0;;1;1;AC-524;11,5;6;1;1;1;;1;6;2;;;1;1
3;6;16;15;0;;1;1;DP-3802;9;6;16;2;;;3;1;3;;;1;1
4;1;15;15;0;;1;1;DP-3802;17,1;6;2;2;;;1;1;2;;;4;3
4;4;18;15;0;;1;1;DP-4001;2,876;6;15;2;;;1;1;1;;;1;2
4;5;9;15;0;;1;1;AC-433;5,25;6;16;2;;;1;1;1;;;1;2
12;5;15;15;0;;3;2;No inventariada;;9;7;2;;;1;1;2;;;9;998
2;4;13;15;15041;;1;1;AC-552;18,316;6;7;1;1;;3;1;3;;;9;1
2;1;11;15;15019;;1;1;DP-1909;13,1;6;19;2;;;3;1;2;;;1;2
3;2;21;15;15041;;1;1;AC-523;8,3;6;4;2;;;1;6;2;;;1;1
4;4;12;15;15041;;1;1;No inventariada;2,5;10;14;2;;;1;1;1;;;1;3
4;5;13;15;15019;;1;1;DP-1909;12,606;6;19;2;;;1;1;1;;;1;3
4;5;20;15;15041;;1;1;AC-552;19,76;6;7;2;;;3;1;3;;;5;1
6;5;12;15;15041;;1;1;DP-0513;9,95;6;18;2;;;1;1;1;;;4;2
6;2;16;15;15041;;1;1;AC-552;23,1;6;2;1;4;;3;1;4;;;1;1
7;6;16;15;15041;;1;1;AC-552;20,044;5;3;2;;;1;1;1;;;1;3
7;6;10;15;15041;;1;1;AC-552;23,1;6;2;1;4;;1;1;1;;;1;4
9;1;17;15;15041;;1;1;AC-552;20,8;6;4;2;;;1;1;2;;;1;1
9;5;14;15;15041;;1;1;DP-1913;5,7;6;5;2;;;1;1;1;;;1;1
9;1;17;15;15041;;1;1;DP-1913;12;6;2;1;1;;1;1;1;;;1;1
9;5;18;15;15041;;1;1;AC-552;18,728;5;2;2;;;1;1;1;;;1;1
9;7;20;15;15041;;1;1;DP-0514;8,5;6;2;2;;;1;1;1;;;1;2
10;6;18;15;15041;;1;1;DP-0514;10,301;6;2;2;;;1;1;1;;;1;1
10;2;20;15;15041;;1;1;DP-2404;4,6;6;2;1;2;DP-1907;3;6;1;;;1;3
11;5;14;15;15041;;1;1;AG-55;24,69;1;12;2;;;3;1;4;;;5;1
11;4;13;15;15041;;1;1;DP-0514;10,888;6;2;1;2;;1;1;1;;;9;1
11;1;7;15;15041;;1;1;AC-523;6,4;5;7;2;;;3;6;2;;;1;1
12;1;10;15;15041;;1;1;DP-1913;0,8;6;17;2;;;3;1;3;;;1;2
1;6;14;15;0;;1;1;AC-543;25,9;6;19;2;;;1;1;1;;;1;2
3;1;17;15;0;;1;1;DP-1105;2,17;6;2;2;;;3;1;3;;;1;1
3;5;22;15;0;;1;1;DP-4202;1,5;6;16;2;;;3;6;3;;;1;1
5;4;10;15;0;;1;1;DP-1105;2,837;6;15;2;;;3;1;3;;;1;2
8;1;9;15;0;;1;1;DP-1104;8,868;6;2;1;1;;1;1;1;;;1;1
8;5;17;15;0;;1;1;DP-1105;4,4;6;16;2;;;1;1;1;;;1;1
9;2;21;15;0;;1;1;CG-1.5;23,5;4;16;2;;;1;6;1;;;1;1
9;7;19;15;0;;1;1;CG-1.5;21,5;4;5;2;;;1;1;1;;;1;1
10;5;7;15;0;;1;1;No inventariada;9,156;10;2;1;2;;1;3;2;;;1;1
1;5;10;15;15043;;1;1;AC-418;14;6;2;1;1;AC-414;1;1;1;;;6;1
1;5;5;15;15043;;1;1;AC-418;6;6;8;2;;;9;4;7;;;18;1
3;5;8;15;15043;;1;1;DP-4307;2,8;6;18;2;;;3;1;2;;;1;3
4;6;12;15;15043;;1;1;AC-418;12,2;6;2;1;1;;1;1;1;;;1;1
8;7;8;15;15043;;1;1;AC-422;1,4;5;12;2;;;3;3;1;;;1;3
8;7;22;15;15043;;1;1;AC-418;16,2;6;12;2;;;1;4;1;;;1;3
11;1;14;15;15043;;1;1;AC-414;7,464;6;4;1;2;;3;1;1;;;1;1
12;1;9;15;15043;;1;1;AC-418;10,7;6;1;2;;;1;1;2;;;6;1
8;1;13;15;0;;1;1;AC-862;67,9;6;1;2;;;1;1;1;;;1;3
1;3;19;15;0;;1;1;AC-400;83,023;6;19;2;;;3;6;1;;;1;3
5;4;6;15;0;;1;1;DP-3404;10,52;6;1;2;;;3;6;2;;;1;2
5;4;17;15;0;;1;1;AC-400;66,14;6;12;2;;;3;1;3;;;1;1
8;7;22;15;0;;1;1;AC-400;74,6;6;2;1;4;DP-3404;1;3;1;;;1;2
8;6;10;15;0;;1;1;AC-400;80,05;6;2;1;2;AC-400;1;1;2;;;18;1
8;4;13;15;0;;1;1;AC-441;3,5;6;2;2;;;1;1;2;;;1;1
9;4;12;15;0;;1;1;DP-4501;0,7;6;2;1;2;;1;1;1;;;12;1
11;1;17;15;15053;;1;1;AC-400;83,378;6;15;2;;;3;1;3;;;1;3
11;1;11;15;0;;1;1;AC-441;3,5;5;2;1;2;;3;1;1;;;2;1
1;4;16;15;15046;;2;2;AC-840;50,5;6;10;1;1;DP-4604;1;1;1;;;1;1
2;5;15;15;15046;;1;1;N-547;48,021;6;7;2;;;1;1;1;;;9;1
3;1;7;15;15046;;1;1;N-547;52,8;6;7;2;;;3;3;3;;;1;1
3;2;17;15;15046;;3;2;No inventariada;;9;7;1;1;;1;1;1;;;16;998
5;2;9;15;15046;;3;2;No inventariada;;9;7;1;2;;1;1;1;;;1;998
6;5;3;15;15046;;1;1;DP-4604;2,025;6;19;2;;;3;6;3;;;5;1
6;5;18;15;15046;;1;1;N-547;48,941;6;4;2;;;1;1;1;;;1;1
7;5;9;15;15046;;1;1;AC-840;52,652;6;14;2;;;1;1;1;;;1;2
8;1;13;15;15046;;1;1;No inventariada;3;10;15;2;;;2;1;1;;;1;1
8;1;14;15;15046;;1;1;AC-840;50,5;6;3;1;4;;1;1;1;;;1;1
11;7;12;15;15046;;3;2;No inventariada;;7;3;1;1;;1;1;1;;;1;998
5;3;14;15;0;;1;1;AP-9;35;1;2;2;;;3;1;1;;;1;4
5;5;20;15;15001;;1;1;AC-223;3,09;6;10;2;;;1;1;1;;;1;3
5;6;5;15;0;;1;1;N-634;685,95;6;1;1;2;;3;6;3;;;1;1
8;4;6;15;0;;1;1;N-634;678,4;6;19;2;;;1;5;1;;;1;1
10;2;13;15;0;;1;1;AC-524;14,5;6;12;2;;;1;1;1;;;1;2
11;6;13;15;0;;1;1;No inventariada;4,6;10;2;2;;;3;1;3;;;1;3
2;5;22;15;15069;;1;1;AP-9F;15,8;1;4;2;;;3;6;5;;;18;1
3;1;9;15;15048;;1;1;AP-9F;12,904;1;12;2;;;3;1;3;;;1;3
8;6;17;15;15048;;1;1;DP-4803;0,4;6;7;2;;;1;1;1;;;1;1
8;2;17;15;15048;;1;1;N-651;10,698;6;14;2;;;3;1;3;;;1;2
8;5;13;15;15048;;3;2;No inventariada;;9;16;1;2;;1;1;1;;;1;998
7;3;17;15;15048;;1;1;DP-4803;0,5;6;2;1;2;;1;1;2;;;1;1
12;5;7;15;15048;;1;1;AC-160;3,385;6;2;1;1;;1;3;1;;;1;1
12;4;21;15;0;;1;1;AC-862;28,176;6;1;2;;;3;4;2;;;1;2
2;3;15;15;0;;1;1;AC-151;13,742;6;16;2;;;1;1;1;;;1;2
6;6;17;15;0;;1;1;AC-151;12,9;6;1;2;;;1;1;1;;;4;2
7;4;16;15;0;;1;1;DP-5004;1,589;6;14;2;;;3;1;3;;;4;3
8;7;15;15;0;;1;1;DP-5002;0;5;16;2;;;1;1;1;;;1;1
9;7;6;15;0;;1;1;DP-0905;32;6;16;2;;;1;2;1;;;4;2
6;7;5;15;15051;;1;1;DP-3504;3,393;6;12;2;;;3;3;3;;;1;2
7;1;14;15;15051;;1;1;AC-133;7,525;6;18;2;;;1;1;1;;;1;1
9;3;22;15;15051;;1;1;AC-123;1,14;6;5;2;;;3;4;3;;;5;2
11;4;9;15;15051;;1;1;DP-3504;4;6;2;2;;;3;1;3;;;5;1
1;4;13;15;0;;1;1;No inventariada;1,7;10;6;2;;;3;1;1;;;1;1
1;4;16;15;0;;1;1;DP-3403;2,7;6;14;2;;;3;1;1;;;1;2
2;1;12;15;0;;1;1;No inventariada;0,5;10;19;2;;;3;1;1;;;1;3
4;2;16;15;0;;1;1;AC-440;12,566;6;18;2;;;3;1;4;;;1;1
8;3;17;15;0;;1;1;OS MUIÑOS-;1;10;15;2;;;1;1;1;;;18;1
12;7;5;15;0;;1;1;DP-3403;2,8;6;14;2;;;3;6;3;;;1;2
1;5;12;15;15053;;1;1;AC-550;48,6;6;2;2;;;3;1;3;;;1;2
4;5;10;15;15053;;1;1;AC-550;37,869;6;1;2;;;1;1;1;;;1;3
5;5;21;15;15053;;1;1;AC-550;55,6;6;16;2;;;1;4;7;;;1;1
7;2;14;15;15053;;1;1;AC-400;93,851;6;2;2;;;1;1;1;;;1;1
10;3;11;15;15053;;1;1;AC-550;45,065;6;16;2;;;3;1;4;;;1;1
10;4;17;15;15053;;1;1;AC-550;53,338;6;7;2;;;3;1;4;;;1;1
11;1;14;15;15053;;1;1;AC-550;48,207;6;3;2;;;3;1;3;;;1;1
12;7;5;15;15053;;1;1;AC-550;36,4;6;17;2;;;3;4;3;;;18;1
12;1;16;15;15053;;1;1;AC-400;94,08;6;20;1;4;AC-550;1;1;1;;;1;2
12;5;13;15;15053;;3;2;No inventariada;;9;19;2;;;1;4;1;;;1;998
1;4;11;15;15054;;3;2;No inventariada;;9;4;2;;;1;1;1;;;1;998