MES;DIA_SEMANA;HORA;COD_PROVINCIA;COD_MUNICIPIO;ISLA;ZONA;ZONA_AGRUPADA;CARRETERA;KM;TIPO_VIA;TIPO_ACCIDENTE;NUDO;NUDO_INFO;CARRETERA_CRUCE;CONDICION_FIRME;CONDICION_ILUMINACION;CONDICION_METEO;CONDICION_NIEBLA;CONDICION_VIENTO;VISIB_RESTRINGIDA_POR;TRAZADO_PLANTA
1;5;11;15;15054;;3;2;No inventariada;;9;4;2;;;1;1;1;;;1;998
2;1;11;15;15054;;3;2;No inventariada;;9;4;2;;;1;1;1;;;1;998
2;1;4;15;15054;;1;1;AC-566;2,18;6;19;1;4;DP-5407;3;4;3;;;1;2
2;2;15;15;15054;;3;2;No inventariada;;9;3;1;1;;1;1;1;;;1;998
3;1;16;15;15054;;3;2;No inventariada;;9;4;2;;;3;1;2;;;18;998
3;3;19;15;15054;;3;2;No inventariada;;9;2;1;4;;1;3;1;;;14;998
3;5;14;15;15054;;1;1;AP-9F;34,46;2;4;1;4;FE-12;1;1;2;;;1;1
3;5;21;15;15054;;3;2;No inventariada;;9;7;1;2;;3;4;3;;;1;998
3;6;14;15;15054;;3;2;No inventariada;;9;7;1;1;;3;1;2;;;16;998
4;5;13;15;15054;;3;2;No inventariada;;9;12;2;;;1;1;1;;;6;998
4;4;12;15;15054;;3;2;No inventariada;;9;16;2;;;1;1;1;;;1;998
4;5;15;15;15054;;3;2;No inventariada;;9;1;2;;;1;1;1;;;6;998
4;6;13;15;15054;;3;2;No inventariada;;9;2;1;2;;1;1;1;;;1;998
4;7;20;15;15054;;1;1;DP-5404;4,042;6;12;2;;;1;1;1;;;1;2
5;6;13;15;15054;;3;2;No inventariada;;9;7;2;;;1;1;2;;;1;998
5;7;1;15;15054;;1;1;FE-12;2,1;5;12;1;4;DP-5401;3;4;3;;;1;1
5;3;20;15;15054;;1;1;No inventariada;1;10;17;2;;;8;1;2;;;4;3
5;4;10;15;15054;;1;1;No inventariada;2;10;12;2;;;3;1;2;;;1;1
5;5;22;15;15054;;3;2;No inventariada;;14;10;2;;;1;4;1;;;1;998
6;3;10;15;15054;;2;2;AC-566;0,5;6;7;1;1;;1;1;2;;;1;1
6;2;13;15;15054;;3;2;No inventariada;;14;7;2;;;1;1;2;;;1;998
6;2;18;15;15054;;3;2;No inventariada;;9;4;2;;;1;1;1;;;1;998
6;7;20;15;15054;;3;2;No inventariada;;9;7;2;;;1;1;1;;;1;998
7;2;11;15;15054;;1;1;AC-112;6,95;6;2;2;;;1;1;1;;;1;1
7;3;20;15;15054;;3;2;No inventariada;;9;2;2;;;1;1;1;;;1;998
7;4;13;15;15054;;1;1;AC-116;1,8;6;7;2;;;1;1;1;;;1;1
7;1;13;15;15054;;3;2;No inventariada;;9;20;1;1;;1;1;1;;;1;998
7;3;13;15;15054;;1;1;AC-566;3;6;5;2;;;1;1;1;;;1;1
7;3;8;15;0;;1;1;AP-9F;32,3;2;20;2;;;1;1;1;;;1;1
7;1;18;15;15087;;1;1;AC-566;6,9;6;5;2;;;1;1;1;;;1;1
7;2;21;15;15054;;1;1;AP-9F;33,6;1;12;2;;;1;6;1;;;1;1
7;5;21;15;15054;;3;2;No inventariada;;9;5;2;;;1;2;1;;;1;998
8;5;10;15;15054;;3;2;No inventariada;;9;4;2;;;1;1;2;;;1;998
8;6;1;15;15054;;3;2;No inventariada;;9;6;2;;;1;4;1;;;1;998
8;6;22;15;15054;;3;2;No inventariada;;9;2;1;4;;1;3;1;;;1;998
8;3;9;15;15054;;3;2;No inventariada;;9;7;1;2;;1;1;1;;;9;998
8;6;7;15;15054;;3;2;No inventariada;;9;2;2;;;3;4;3;;;1;998
8;4;14;15;15054;;3;2;No inventariada;;9;3;1;2;;1;1;1;;;1;998
9;2;17;15;15054;;2;2;AC-566;0,2;6;2;2;;;1;1;1;;;1;1
9;6;19;15;15054;;2;2;AC-862;3,25;6;7;2;;;1;1;1;;1;1;1
10;3;12;15;15054;;1;1;AC-862;3;6;4;2;;;3;1;4;;;1;1
10;7;17;15;15054;;1;1;AC-862;6,5;6;4;2;;;1;1;1;;;1;1
10;5;22;15;15054;;1;1;AC-862;2,5;6;5;2;;;1;4;2;;;1;1
10;5;9;15;15054;;3;2;No inventariada;;9;7;1;1;;3;1;3;;;1;998
10;3;13;15;15054;;1;1;AC-566;1,629;5;19;1;4;;8;1;1;;;1;2
10;3;14;15;15054;;2;2;FE-11;5,5;8;5;1;4;;1;1;1;;;1;1
11;5;8;15;15054;;3;2;No inventariada;;9;2;1;4;;1;1;1;;;1;998
11;6;11;15;15054;;3;2;No inventariada;;9;1;1;1;;3;1;2;;;1;998
11;6;19;15;15054;;1;1;AC-862;2;6;2;1;4;;3;4;3;;;1;2
11;6;20;15;15054;;1;1;AC-862;0,1;6;4;2;;;3;4;3;;;1;1
11;6;20;15;15054;;3;2;No inventariada;;9;7;2;;;3;4;3;;;5;998
11;2;16;15;15054;;1;1;DP-3614;0,5;6;7;1;2;;1;1;1;;;1;3
11;5;19;15;15054;;3;2;No inventariada;;9;4;2;;;1;4;2;;;1;998
11;2;22;15;15054;;1;1;AG-64;8,3;3;8;2;;;3;6;3;;;1;1
11;6;18;15;15054;;3;2;No inventariada;;9;20;2;;;1;4;1;;;1;998
11;1;16;15;15054;;1;1;No inventariada;0,05;10;2;1;2;;3;1;4;;;1;3
11;2;9;15;15054;;1;1;AC-116;5,534;6;7;2;;;3;1;2;;;1;1
11;6;11;15;15054;;1;1;AC-862;6;5;7;2;;;3;1;4;;;1;1
12;1;17;15;15054;;1;1;AC-862;3,4;6;4;2;;;1;1;1;;;1;1
12;3;8;15;15054;;1;1;AC-862;3,2;6;7;1;4;;1;1;2;;;1;1
12;3;19;15;15054;;3;2;No inventariada;;9;2;2;;;1;4;2;;;1;998
12;3;15;15;15054;;1;1;AC-566;4,7;6;4;2;;;1;1;1;;;1;1
12;5;21;15;15054;;1;1;AP-9F;33;1;4;2;;;1;6;1;;;1;1
12;6;10;15;15054;;3;2;No inventariada;;9;7;1;2;AC-862;1;1;1;;;1;998
12;3;21;15;15054;;3;2;No inventariada;;9;6;1;2;AC-862;3;4;3;;;1;998
12;4;17;15;15054;;1;1;No inventariada;0,5;10;1;2;;;3;2;2;;;4;3
12;1;14;15;15054;;3;2;No inventariada;;9;10;1;2;;1;1;1;;;1;998
12;2;12;15;15054;;1;1;AC-862;3,7;6;6;2;;;1;1;1;;;1;1
12;5;9;15;15054;;1;1;AG-64;6,5;3;5;2;;;3;1;1;;;6;1
2;7;22;15;0;;1;1;AC-862;12,38;6;8;2;;;1;4;1;;;12;1
7;2;11;15;0;;1;1;AP-9F;31,5;1;3;2;;;1;1;1;;;1;1
7;3;12;15;0;;1;1;AP-9F;31;1;15;2;;;1;1;1;;;1;1
7;2;22;15;0;;1;1;AC-115;1,95;6;4;2;;;1;4;1;;;1;1
9;1;14;15;0;;2;2;AC-115;3,129;6;7;1;2;;1;1;1;;;1;1
12;1;19;15;0;;1;1;AC-862;12,6;6;2;1;2;;1;4;2;;;1;1
6;4;12;15;15056;;1;1;AC-546;1,5;6;2;1;5;;1;1;1;;;1;1
10;1;19;15;15056;;1;1;AC-447;1,8;6;1;2;;;1;1;1;;;6;3
1;3;17;15;15057;;3;2;No inventariada;;9;3;2;;;3;1;1;;;2;998
1;2;12;15;15057;;1;1;AC-550;71,156;6;2;1;4;DP-7504;3;1;3;;;1;1
3;2;10;15;15057;;1;1;AC-311;1,146;6;2;2;;;1;1;1;;;1;1
4;6;18;15;15057;;1;1;DP-5708;1,5;6;10;2;;;1;1;1;;;1;1
3;2;10;15;15057;;3;2;No inventariada;;9;2;1;1;;1;1;2;;;1;998
4;2;11;15;15057;;3;2;No inventariada;;9;12;2;;;1;1;1;;;1;998
5;2;14;15;15057;;3;2;No inventariada;;9;4;1;2;;1;1;1;;;1;998
1;2;8;15;15057;;3;2;No inventariada;;9;7;1;2;;3;4;3;;;1;998
4;6;20;15;15057;;3;2;No inventariada;;9;4;1;2;;1;1;1;;;1;998
5;5;20;15;15057;;3;2;No inventariada;;9;4;1;4;;1;1;1;;;1;998
6;1;9;15;15057;;3;2;No inventariada;;9;4;1;2;;1;1;1;;;1;998
7;2;22;15;15057;;1;1;DP-5706;0,5;5;19;2;;;1;5;1;;;12;3
8;5;15;15;15057;;1;1;AC-549;0,3;6;18;2;;;1;1;1;;;1;1
9;4;7;15;15057;;1;1;CG-1.5;29,1;4;2;2;;;3;6;3;;;1;1
9;5;19;15;15057;;3;2;No inventariada;;9;3;2;;;1;1;1;;;1;998
10;3;20;15;15057;;1;1;DP-1105;0,7;6;1;1;2;;1;4;1;;;1;1
12;3;16;15;15057;;1;1;AC-550;73,271;6;2;1;2;DP-1105;1;1;1;;;1;2
12;3;7;15;15057;;1;1;DP-1105;0,9;6;1;2;;;3;4;3;;;1;2
12;6;21;15;15057;;1;1;DP-5710;0,3;6;4;2;;;3;4;1;;;1;1
1;3;17;15;15058;;1;1;AC-12;5;5;20;1;2;;1;1;2;;;10;1
1;6;21;15;15058;;1;1;DP-5811;2,293;6;1;1;2;;1;3;1;;;1;1
2;2;9;15;15058;;1;1;AC-12;5,5;5;16;2;;;1;1;1;;;1;1
2;4;13;15;15058;;1;1;AC-173;5,8;6;13;2;;;3;1;1;;;1;2
3;5;19;15;15058;;1;1;DP-5812;3,3;6;12;2;;;3;1;4;;;5;2
1;7;9;15;15058;;2;2;AC-174;0,25;6;3;1;2;;1;1;1;;;1;1
3;4;19;15;15058;;1;1;N-6;585,538;5;7;1;2;;1;3;2;;;1;1
1;3;22;15;15058;;3;2;No inventariada;;9;7;2;;;1;4;1;;;1;998
2;4;16;15;15058;;3;2;No inventariada;;9;9;2;;;3;1;3;;;1;998
2;2;10;15;15058;;3;2;No inventariada;;9;4;2;;;1;1;1;;;1;998
3;4;8;15;15058;;1;1;AC-12;8,7;5;4;2;;;1;1;1;;;1;1
3;4;14;15;15058;;1;1;DP-5812;4,4;6;7;2;;;1;1;1;;;9;1
3;7;18;15;15058;;2;2;DP-5813;1,1;6;2;1;1;;3;1;3;;;1;1
3;7;15;15;15058;;3;2;No inventariada;;9;7;2;;;1;1;1;;;1;998
4;7;19;15;15075;;1;1;DP-5813;2,1;6;1;1;5;;1;1;1;;;6;2
3;2;14;15;15058;;3;2;No inventariada;;9;3;1;4;;1;1;1;;;1;998
4;4;17;15;15058;;3;2;No inventariada;;9;4;2;;;1;1;1;;;1;998
4;1;20;15;15058;;1;1;AC-12;7,2;5;16;1;4;;1;1;1;;;1;4
4;3;10;15;15058;;3;2;No inventariada;;9;4;2;;;1;1;1;;;1;998
5;2;19;15;15058;;1;1;AC-527;1;6;2;1;4;DP-1707;1;1;1;;;1;2
4;7;13;15;15058;;2;2;AC-174;1,7;6;4;2;;;1;1;1;;;1;1
5;3;8;15;15058;;2;2;AC-173;8,65;6;2;1;4;;1;1;1;;;1;1
5;7;13;15;15058;;3;2;No inventariada;;9;4;2;;;1;1;1;;;1;998
5;1;12;15;15058;;2;2;DP-5813;0,7;6;2;1;1;;1;1;1;;;1;1
5;3;17;15;15058;;3;2;No inventariada;;9;4;1;4;;1;1;1;;;1;998
5;5;20;15;15058;;3;2;No inventariada;;9;2;1;2;;1;1;1;;;1;998
6;7;14;15;15075;;1;1;DP-5813;3,314;6;2;2;;;1;1;1;;;1;1
7;4;13;15;15058;;1;1;AC-12;6,2;5;3;2;;;1;1;1;;;1;1
7;1;15;15;15058;;1;1;N-6;584,588;6;5;2;;;1;1;1;;;1;1
7;2;22;15;15058;;1;1;AC-173;7,05;6;19;2;;;1;4;1;;;1;2
7;3;22;15;15058;;1;1;AC-12;9;5;2;1;4;N-6;1;4;1;;;1;2
8;5;12;15;15058;;1;1;AC-221;2,362;6;6;2;;;1;1;1;;;1;1
8;7;21;15;15058;;1;1;N-6;583,76;6;4;2;;;1;1;1;;;6;1
8;4;7;15;15058;;1;1;AC-174;2,778;6;2;1;2;;1;1;1;;;1;1
7;1;9;15;15058;;3;2;No inventariada;;9;4;1;2;;1;1;1;;;1;998
7;1;9;15;15058;;3;2;No inventariada;;9;10;1;2;;1;1;1;;;1;998
7;5;20;15;15058;;3;2;No inventariada;;9;10;1;2;;1;1;1;;;1;998
8;3;13;15;15058;;1;1;AC-12;5,426;5;16;2;;;1;1;1;;;1;1
7;4;13;15;15058;;3;2;No inventariada;;9;4;2;;;1;1;1;;;1;998
8;7;20;15;15058;;1;1;AC-221;0,5;6;15;2;;;1;1;1;;;1;1
7;1;22;15;15058;;3;2;No inventariada;;9;18;2;;;1;4;1;;;1;998
9;4;17;15;15058;;1;1;N-6;585,6;6;7;2;;;1;1;1;;;1;1
7;4;7;15;15058;;3;2;No inventariada;;9;7;2;;;3;1;1;;;1;998
8;7;13;15;15058;;2;2;AC-12;8,6;5;2;1;2;;1;1;1;;;1;1
8;2;21;15;15058;;2;2;DP-5813;0,8;6;2;1;2;;1;4;1;;;1;1
8;4;22;15;15058;;3;2;No inventariada;;9;7;2;;;1;4;1;;;1;998
9;6;0;15;15058;;1;1;AC-173;5,851;6;16;2;;;1;3;1;;;1;2
8;2;18;15;15058;;2;2;AC-173;5,55;6;10;2;;;3;1;3;;;1;3
10;4;10;15;15058;;1;1;DP-5812;3,918;6;1;2;;;3;1;1;;;4;2
10;1;13;15;15058;;1;1;N-6;584;6;18;2;;;1;1;2;;;1;1
10;6;17;15;15058;;3;2;No inventariada;;9;7;1;4;;3;1;3;;;1;998
9;3;19;15;15058;;3;2;No inventariada;;9;7;1;1;;1;1;1;;;6;998
10;1;21;15;15075;;1;1;VG-1.3;6;4;20;2;;;1;6;1;;;18;3
10;2;10;15;15058;;3;2;No inventariada;;9;2;2;;;3;1;3;;;1;998
11;5;20;15;15058;;3;2;No inventariada;;9;7;1;2;;1;4;1;;;16;998
11;6;15;15;15058;;2;2;AC-173;5,95;6;10;2;;;1;1;1;;;1;2
12;1;16;15;15058;;2;2;DP-5813;0,75;6;4;1;1;;3;1;3;;;1;1
11;6;19;15;15058;;3;2;No inventariada;;9;7;1;4;;1;4;1;;;1;998
12;5;19;15;15058;;1;1;N-6;586,2;6;16;2;;;1;4;1;;;1;1
12;5;13;15;15058;;1;1;AC-180;0,2;6;3;1;4;AC-190;1;1;1;;;1;1
12;6;16;15;15058;;1;1;AC-173;4,5;6;14;2;;;3;1;5;;;1;2
12;5;5;15;15058;;1;1;VG-1.3;3;4;1;2;;;3;6;2;;;1;1
1;6;20;15;15059;;1;1;AC-409;8;6;16;2;;;1;6;2;;;12;1
1;7;19;15;15059;;2;2;DP-5903;0,5;6;7;1;2;;3;5;3;;;5;3
1;5;11;15;15059;;1;1;No inventariada;1,3;10;1;2;;;1;1;1;;;18;1
2;3;16;15;15059;;1;1;DP-3802;1,3;6;4;2;;;1;6;1;;;1;1
2;6;17;15;15059;;1;1;N-550;41,8;6;18;2;;;1;1;1;;;1;1
3;5;18;15;15059;;1;1;AC-409;2,512;6;4;1;2;;4;1;4;1;;1;1
4;6;7;15;15059;;1;1;N-550;40,15;6;1;2;;;1;2;1;;;1;1
4;1;23;15;15059;;1;1;AC-542;21,2;6;12;2;;;1;4;1;;;1;3
5;2;8;15;15059;;1;1;AC-409;6,9;6;2;1;4;;1;1;1;;;1;4
5;3;22;15;15059;;1;1;AC-542;21;6;8;2;;;1;6;1;;;1;1
5;7;6;15;15059;;1;1;N-550;30,86;6;1;2;;;3;1;3;;;5;3
7;4;14;15;15024;;1;1;DP-2405;4,95;6;10;1;2;;1;1;1;;;1;1
7;3;9;15;15059;;1;1;N-550;28,51;6;19;2;;;1;1;1;;;1;1
8;6;16;15;15059;;1;1;N-550;32,6;6;3;2;;;1;1;1;;;1;1
8;4;15;15;15059;;1;1;N-550;38,047;6;16;2;;;1;1;2;;;1;1
8;2;19;15;15059;;3;2;No inventariada;;9;2;1;2;;1;1;1;;;1;998
9;1;14;15;15059;;2;2;N-550;36;6;7;2;;;1;1;2;;;9;1
9;3;0;15;15059;;1;1;AC-524;6,228;6;1;2;;;1;5;1;;;1;3
10;2;21;15;15059;;2;2;N-550;36,1;6;7;2;;;3;4;3;;;5;1
11;5;20;15;15059;;1;1;N-550;35,511;6;4;2;;;1;4;2;;;1;1
1;3;16;15;15060;;3;2;No inventariada;;14;7;2;;;1;1;1;;;2;998
3;5;16;15;15060;;1;1;AP-9;53,5;1;14;2;;;1;1;1;;;1;1
3;5;16;15;15060;;1;1;AP-9;53,5;1;14;2;;;1;1;1;;;1;3
6;7;15;15;15078;;1;1;N-550;51;6;2;1;2;AC-250;1;1;1;;;1;1
9;5;14;15;15060;;1;1;AC-461;1,086;6;13;2;;;3;1;3;;;1;2
9;5;6;15;15060;;1;1;N-550;48,944;6;2;2;;;3;4;3;;;1;1
10;3;9;15;15060;;1;1;AP-9;52,435;1;16;2;;;4;1;4;;;5;1
12;5;15;15;15060;;1;1;AP-9;55,224;1;4;2;;;1;1;1;;;1;1
12;1;6;15;15060;;1;1;AC-460;0,93;6;14;2;;;1;4;1;;;1;1
12;2;15;15;15060;;1;1;N-550;48,95;6;7;2;;;1;1;1;;;1;1
2;6;16;15;15061;;1;1;AC-862;44,492;6;19;2;;;1;1;1;;;1;1
7;4;13;15;15061;;1;1;AC-101;19,7;6;12;2;;;3;1;3;;;1;2
8;7;12;15;15061;;1;1;AC-101;21,373;6;4;1;1;DP-6112;1;1;1;;;1;3
8;3;13;15;15061;;1;1;DP-6122;0;5;16;1;2;;1;1;1;1;;1;2
9;1;17;15;15061;;1;1;AC-862;61,138;6;1;2;;;1;1;1;;;6;2
9;5;8;15;15061;;1;1;AC-862;41,8;6;1;2;;;1;1;2;;;1;2
1;3;9;15;15062;;1;1;DP-6202;1,6;6;2;2;;;1;1;2;;;2;3
4;1;11;15;15062;;1;1;AC-550;66,804;6;13;2;;;3;1;1;;;1;2
4;7;10;15;15062;;1;1;AC-550;61,5;6;8;2;;;1;1;1;;;1;1
7;2;20;15;15062;;1;1;AC-550;67,2;6;19;2;;;1;1;1;;;1;2
8;7;11;15;15062;;1;1;AC-550;66,8;6;20;2;;;1;1;1;;;4;2
9;5;20;15;15062;;1;1;AC-550;66,3;6;1;2;;;3;2;2;;;4;1
9;6;11;15;15062;;1;1;AC-550;66,8;6;6;2;;;1;1;1;;;1;1
10;6;12;15;15062;;1;1;DP-4502;2,7;6;18;2;;;3;1;3;;;1;2
10;5;18;15;15902;;1;1;DP-0106;12,6;6;2;2;;;3;2;3;;;4;1
2;7;23;15;0;;1;1;N-651;7,5;6;19;1;2;AC-164;3;4;4;;1;18;2
3;3;19;15;0;;1;1;DP-0905;6,769;6;12;2;;;1;3;2;;;1;3
9;4;10;15;0;;1;1;AC-164;7,197;6;19;2;;;3;1;3;;;1;3
10;3;16;15;0;;1;1;N-651;7,892;6;2;2;;;3;1;3;;;1;2
1;3;10;15;15065;;1;1;AP-9;89,978;1;12;2;;;3;1;3;;;1;1
1;1;13;15;15065;;1;1;N-550;80,8;5;16;2;;;3;1;3;;;4;2
1;5;17;15;15065;;1;1;AC-242;5,5;6;2;1;2;;1;1;1;;;1;1
2;6;18;15;15065;;1;1;N-550;83,231;6;17;2;;;3;1;3;;;1;1
2;7;15;15;15065;;1;1;AP-9;85,227;1;19;2;;;3;1;4;;;5;1
3;5;16;15;15065;;1;1;No inventariada;1,3;10;12;2;;;1;1;2;;;1;3
3;6;22;15;15065;;1;1;N-550a;82,708;6;7;2;;;3;4;3;1;;1;1
4;6;6;15;15065;;1;1;N-550;80,2;6;2;2;;;1;4;2;;;1;1
4;7;11;15;15065;;1;1;AC-242;4,5;6;10;2;;;3;1;1;;;4;2
3;5;4;15;15065;;1;1;N-550;83,7;6;18;2;;;3;6;3;;;4;2
4;4;13;15;15065;;1;1;N-550;79,15;6;2;1;4;DP-6502;1;1;1;;;1;1
4;5;12;15;15065;;1;1;AP-9;88,925;1;19;2;;;1;1;1;;;1;1
5;1;10;15;15065;;1;1;AG-11;0,01;3;3;1;2;N-550;1;1;1;1;;4;1
5;2;7;15;15065;;1;1;N-550;74,89;6;3;2;;;1;1;1;;;1;1
6;1;12;15;15065;;1;1;N-550a;80,9;6;2;2;;;3;1;7;;;1;1
7;2;9;15;15065;;1;1;AP-9;88,523;1;15;2;;;3;1;3;;;1;3
7;1;16;15;15065;;1;1;AP-9;89,9;1;3;2;;;1;1;1;;;1;1
8;3;10;15;15065;;1;1;AP-9;88,5;1;16;2;;;1;1;2;;;1;1
9;3;13;15;15065;;1;1;AP-9;86,5;1;14;2;;;1;1;2;;;1;1
9;5;15;15;15065;;1;1;AP-9;89,824;1;16;2;;;3;1;3;;;1;1
9;3;14;15;0;;1;1;AG-11;0,1;3;12;2;;;4;1;4;;1;1;2
10;6;2;15;15065;;1;1;AG-11;0,05;3;12;2;;;3;6;3;;;1;1
10;5;13;15;15065;;1;1;N-550;76,049;6;12;2;;;3;1;3;;;1;1
1;1;11;15;0;;1;1;No inventariada;1,5;10;7;2;;;1;1;1;;;1;1
3;5;22;15;0;;1;1;N-634;697,3;6;3;2;;;3;6;3;;;1;3
3;7;18;15;0;;1;1;DP-6602;1,863;6;16;2;;;3;1;3;;;4;2
5;1;0;15;0;;1;1;N-634;705,2;6;12;2;;;1;6;1;;;1;1
7;5;10;15;0;;1;1;N-547;78,215;6;4;2;;;1;1;1;;;1;1
7;2;10;15;0;;1;1;N-547;84;6;10;2;;;1;1;1;;;1;4
8;5;15;15;0;;1;1;N-634;704;6;18;2;;;1;1;1;;;1;2
8;4;21;15;0;;1;1;No inventariada;1,3;10;2;1;1;;1;3;1;;;1;1
8;4;23;15;0;;1;1;N-547;85,1;6;4;2;;;1;4;1;;;1;1
10;4;23;15;0;;1;1;No inventariada;0,9;10;13;2;;;3;6;2;;;1;3
11;2;10;15;0;;1;1;DP-6602;3,365;6;19;2;;;3;1;1;;;1;3
12;2;8;15;0;;1;1;A-54;82,402;3;4;2;;;1;5;1;;;1;1
12;5;11;15;0;;1;1;N-634;705,649;6;2;1;2;;1;1;1;;;1;1
1;4;21;15;15067;;1;1;AC-302;1,802;6;8;2;;;1;4;7;;;4;1
1;4;15;15;15067;;1;1;AC-302;0,5;6;2;2;;;1;1;2;;;1;1
2;6;9;15;15067;;1;1;AC-305;33,566;6;2;2;;;1;1;1;;;1;1
6;1;17;15;15067;;1;1;AC-305;33,459;6;4;2;;;1;1;1;;;12;1
8;2;23;15;15067;;3;2;No inventariada;;9;4;2;;;1;4;1;;;1;998
9;2;8;15;15067;;1;1;AG-11;34,581;3;15;2;;;3;6;4;;;1;1
10;1;0;15;15067;;1;1;No inventariada;33,5;10;3;2;;;1;6;1;;;1;1
1;4;18;15;15068;;1;1;DP-4307;12,55;6;7;1;2;AC-419;1;4;1;;;1;1
1;6;16;15;15068;;1;1;AC-419;8,95;6;2;1;2;;1;1;1;;;4;1
3;1;18;15;15068;;1;1;AC-424;5,9;6;2;2;;;1;1;2;;;1;1
4;3;15;15;15068;;1;1;AC-419;11,3;6;10;2;;;1;1;1;;;1;3
4;7;19;15;15068;;1;1;AC-424;2;6;19;2;;;1;1;1;;;1;1
5;3;8;15;15068;;1;1;AC-424;7,275;6;18;2;;;1;1;1;;;5;1
5;1;16;15;15068;;1;1;DP-4307;11,974;6;19;2;;;1;3;2;;;1;1
6;7;2;15;15068;;1;1;DP-6805;0,864;6;19;1;2;;1;4;1;;;4;2
7;2;16;15;15068;;1;1;AC-419;11,2;6;7;2;;;1;1;1;;;1;1
7;2;14;15;15068;;1;1;AC-419;10,031;6;16;2;;;1;1;1;;;1;1
9;2;17;15;15068;;1;1;DP-4307;9,5;6;19;2;;;1;1;1;;;1;1
10;2;21;15;15043;;1;1;No inventariada;0,7;10;2;1;2;;1;4;2;;;2;1
11;7;10;15;15068;;1;1;AC-419;4,083;6;2;1;2;DESCONOCID;1;1;1;;;1;1
11;5;15;15;15068;;1;1;AC-419;7,506;5;2;1;2;;1;1;1;;;18;1
11;5;17;15;15068;;1;1;AC-419;3,373;6;2;2;;;1;1;1;;;1;1
12;6;20;15;15068;;1;1;AC-419;3,6;6;2;1;1;DP-6805;1;4;1;;;1;1
12;3;16;15;15068;;3;2;No inventariada;;14;17;1;2;;3;1;3;;;1;998
12;2;12;15;15068;;1;1;AC-424;8,73;6;7;1;2;;1;1;1;;;1;1
1;4;21;15;15069;;1;1;N-651;15,384;6;2;2;;;3;4;2;;;1;1
5;4;10;15;15069;;1;1;DP-4803;4,441;5;19;2;;;1;1;1;;;1;1
8;2;11;15;0;;1;1;AP-9F;22,324;1;4;2;;;1;1;1;;;1;1
8;6;0;15;15069;;1;1;DP-4803;9,35;6;16;2;;;1;4;1;;;1;1
11;7;7;15;15069;;1;1;DP-4803;8,655;6;14;2;;;8;1;1;;;1;1
1;2;18;15;15070;;1;1;AG-64;29,409;3;4;2;;;3;6;3;;;1;1
1;6;15;15;15070;;1;1;AC-861;25,94;6;7;2;;;3;1;2;;;9;1
4;5;18;15;15070;;3;2;No inventariada;;9;2;2;;;1;1;1;;;1;998
6;3;19;15;15070;;1;1;No inventariada;2,588;10;17;2;;;1;1;1;;;1;3
9;3;8;15;15070;;1;1;AC-861;27,51;6;4;2;;;3;1;2;;;1;1
12;4;14;15;15070;;1;1;AC-564;25,3;6;18;2;;;3;1;2;;;1;2
2;4;13;15;15071;;1;1;AC-550;86,8;6;1;2;;;3;1;3;;;1;1
2;7;16;15;15071;;1;1;AC-550;91,681;6;4;1;1;;1;1;1;;;1;1
3;5;13;15;15071;;1;1;AC-550;97,131;6;4;2;;;1;1;1;;;1;1
5;7;18;15;15071;;1;1;AC-550;81,577;5;16;2;;;1;2;1;;;1;1
5;5;21;15;15071;;1;1;No inventariada;0;10;7;2;;;1;1;1;;;1;1
5;5;17;15;15071;;1;1;AC-550;93,8;6;7;2;;;1;1;1;;;1;1
6;1;17;15;15071;;1;1;AC-550;98,2;6;4;2;;;1;1;1;;;1;1
7;7;10;15;15071;;2;2;AC-550;81,119;6;12;2;;;1;1;1;;;1;3
7;5;6;15;15071;;2;2;AC-550;94,339;6;7;2;;;1;3;1;;;17;1
8;5;17;15;15071;;1;1;AC-550;93,106;6;4;2;;;1;1;1;;;1;1
8;3;6;15;15071;;1;1;No inventariada;0,5;10;16;2;;;1;4;1;;;1;4
8;5;14;15;15071;;1;1;AC-550;95,8;6;4;1;1;;1;1;1;;;1;1
8;6;10;15;15071;;1;1;AC-550;88,1;6;19;2;;;1;1;1;;;1;2
12;7;20;15;15071;;1;1;AC-550;100,5;6;4;1;1;;1;4;1;;;1;1
7;6;4;15;15071;;1;1;AC-550;92,5;6;18;2;;;1;5;1;;;1;1
1;6;12;15;15072;;1;1;No inventariada;0,1;10;2;1;1;;1;1;1;;;1;4
1;7;8;15;15072;;1;1;DP-7203;1,8;6;7;1;2;DP-7202;1;4;1;;;1;1
2;4;14;15;15072;;1;1;AG-11;14,109;3;18;2;;;3;1;4;;1;1;1
2;6;12;15;15072;;1;1;AC-305;15,754;6;2;1;2;;1;1;1;;;1;1
2;6;12;15;15072;;1;1;AG-11;19;3;16;1;2;AC-305;3;1;3;;;1;2
4;3;1;15;15072;;1;1;DP-7202;0,519;6;12;2;;;1;4;1;;;1;1
5;4;20;15;15072;;1;1;DP-7202;1;6;4;2;;;1;1;1;;;1;1
4;7;20;15;15072;;3;2;No inventariada;;9;;;;;999;999;999;;;999;998
5;1;22;15;15072;;1;1;AG-11;17,154;3;8;2;;;1;6;1;;;1;1
6;6;9;15;15072;;1;1;AG-11;13,6;3;5;2;;;3;1;3;;;1;1
7;5;17;15;15072;;1;1;AG-11;13,673;3;4;2;;;1;1;1;;;1;1
7;2;14;15;15072;;1;1;AG-11;18;3;12;2;;;1;1;1;;;1;3
9;1;12;15;15072;;1;1;AG-11;18,689;3;12;2;;;1;1;1;;;1;1
9;2;14;15;15072;;1;1;AG-11;15,1;3;12;2;;;3;1;3;;;1;1
9;1;8;15;15072;;1;1;DP-7202;1,3;5;4;2;;;3;1;3;;;1;1
10;2;16;15;15072;;1;1;AG-11;13,5;3;12;2;;;3;1;4;1;;1;1
10;4;6;15;15072;;1;1;AG-11;10,962;8;12;2;;;3;6;3;;;1;2
10;5;9;15;15072;;1;1;AG-11;18,2;3;15;2;;;3;1;3;;;1;1
1;5;0;15;15073;;1;1;AC-550;103;5;12;2;;;1;4;1;;;4;4
1;5;7;15;15073;;1;1;AC-550;104,112;6;12;1;1;;3;3;2;;;1;1
2;7;16;15;15073;;1;1;AG-11;36,9;3;18;2;;;3;1;1;;;1;2
2;3;10;15;15073;;1;1;DP-7301;2,221;6;18;2;;;3;1;2;;;4;2
3;7;16;15;15073;;1;1;DP-7301;1,773;6;18;2;;;3;1;3;;;1;1
4;7;22;15;15073;;1;1;AC-302;5,908;6;16;2;;;1;4;1;1;;1;2
4;2;13;15;15073;;1;1;AC-305;37,06;6;2;1;2;;1;1;1;;;1;1
4;3;13;15;15073;;1;1;AC-550;106,6;6;19;2;;;8;1;1;;;1;3
6;4;14;15;15073;;1;1;AC-550;106;6;2;2;;;1;1;1;;;1;1
6;5;10;15;15073;;1;1;DP-7306;2,914;6;19;2;;;1;1;1;;;1;2
5;2;19;15;15073;;3;2;No inventariada;;9;7;1;4;;9;1;1;;;1;998
7;1;13;15;15073;;1;1;DP-7304;2,286;6;19;2;;;1;1;1;;;1;1