MES;DIA_SEMANA;HORA;COD_PROVINCIA;COD_MUNICIPIO;ISLA;ZONA;ZONA_AGRUPADA;CARRETERA;KM;TIPO_VIA;TIPO_ACCIDENTE;NUDO;NUDO_INFO;CARRETERA_CRUCE;CONDICION_FIRME;CONDICION_ILUMINACION;CONDICION_METEO;CONDICION_NIEBLA;CONDICION_VIENTO;VISIB_RESTRINGIDA_POR;TRAZADO_PLANTA
7;7;22;15;15073;;1;1;AC-305;35,601;6;2;1;2;;1;4;1;;;1;1
7;1;21;15;15073;;3;2;No inventariada;;9;2;1;2;;1;1;1;;;12;998
8;6;10;15;15073;;1;1;No inventariada;0,05;10;10;2;;;1;1;1;;;1;1
8;7;12;15;15073;;1;1;DP-7306;2,5;6;2;2;;;1;1;2;;;1;1
8;3;22;15;15073;;1;1;DP-7305;1,477;6;16;1;4;DP-7301;1;4;1;;;1;1
8;1;13;15;15073;;1;1;AC-303;4,1;6;12;2;;;1;1;1;;;1;1
7;1;12;15;15073;;3;2;No inventariada;;9;7;2;;;1;1;1;;;18;998
7;4;21;15;15073;;3;2;No inventariada;;9;7;1;1;;9;1;7;;;18;998
10;7;8;15;15073;;1;1;AC-550;104,823;6;15;2;;;3;1;1;;;1;1
10;6;11;15;15073;;1;1;DP-7305;3,129;6;12;2;;;3;1;1;1;;1;3
11;1;13;15;15073;;1;1;DP-7306;3,71;6;1;2;;;1;1;1;;;1;1
11;1;17;15;15073;;1;1;AC-309;0,5;6;7;2;;;1;1;1;;;1;2
11;2;17;15;15073;;1;1;DP-7307;2,7;5;7;2;;;1;1;1;;;18;1
11;1;12;15;15073;;1;1;AC-550;103,862;6;2;2;;;1;1;1;;;1;1
10;2;18;15;15073;;3;2;No inventariada;;9;1;2;;;9;1;7;;;18;998
12;7;10;15;15073;;1;1;AC-302;5,394;6;14;2;;;3;1;1;;;1;2
1;4;8;15;0;;1;1;DP-7402;2,486;6;18;2;;;8;1;1;;;1;3
4;2;23;15;0;;1;1;AC-301;10,172;6;19;2;;;1;6;1;;;18;2
5;7;15;15;0;;1;1;CG-1.5;20,05;4;14;2;;;3;1;3;;;1;1
5;6;13;15;15065;;1;1;AC-299;1;6;2;1;2;;1;1;1;;;1;1
6;6;5;15;0;;1;1;CG-1.5;20,477;4;4;2;;;1;5;1;;;18;1
8;4;19;15;0;;1;1;AC-308;3;6;2;2;;;1;1;1;;;1;1
10;4;16;15;0;;1;1;CG-1.5;14;4;2;2;;;3;1;1;;;1;3
11;2;14;15;0;;1;1;No inventariada;2,3;10;16;2;;;1;1;2;;;1;1
1;2;16;15;15075;;1;1;No inventariada;0,5;10;1;2;;;3;1;1;;;4;3
1;7;12;15;15075;;1;1;DP-5813;4,1;6;7;2;;;1;1;1;;;1;1
3;5;20;15;15075;;1;1;AC-182;0,3;6;2;1;2;DP-0812;1;4;1;;;1;2
3;7;13;15;15075;;1;1;N-6;583;5;10;2;;;1;1;1;;;1;1
4;7;23;15;15075;;1;1;AC-163;0,3;6;7;2;;;1;3;1;;;18;1
2;1;15;15;15075;;3;2;No inventariada;;11;7;2;;;1;1;1;;;1;998
2;7;12;15;15075;;3;2;No inventariada;;9;7;2;;;1;1;1;;;1;998
5;2;14;15;15075;;1;1;AC-163;5,184;6;1;2;;;1;1;1;;;1;1
5;3;10;15;15075;;1;1;AC-182;1,4;6;16;2;;;3;1;3;;;1;3
6;6;17;15;15075;;3;2;No inventariada;;9;5;2;;;1;1;1;;;1;998
7;3;10;15;15075;;1;1;DP-5813;5,2;6;2;2;;;1;1;2;1;;1;1
7;6;9;15;15075;;1;1;AC-163;4,695;6;14;2;;;3;1;3;;;1;2
8;1;17;15;15075;;1;1;No inventariada;1;10;3;2;;;1;1;1;;;1;3
8;3;13;15;15075;;1;1;DP-0812;2,237;6;12;2;;;1;1;1;;;1;3
8;3;22;15;15075;;1;1;DP-0812;0,95;6;2;1;2;;1;4;1;;;1;2
8;3;11;15;15075;;1;1;N-6;583;5;6;2;;;1;1;1;;;1;1
8;3;14;15;15075;;1;1;DP-5813;4,1;6;4;2;;;1;1;1;;;1;1
9;7;19;15;15008;;1;1;AC-164;3,2;6;6;2;;;3;1;3;;;1;1
10;4;9;15;15075;;1;1;DP-5813;5,4;6;15;2;;;3;1;1;;;1;1
10;6;19;15;15075;;1;1;AC-183;3,25;6;1;2;;;3;3;3;;;1;2
11;1;9;15;15075;;1;1;AC-163;2,206;6;16;2;;;1;1;1;;;1;1
11;6;10;15;15075;;1;1;DP-5813;3,529;6;1;2;;;1;1;1;;;2;3
11;6;15;15;15075;;1;1;DP-7504;1,673;6;16;2;;;1;1;1;;;1;1
1;3;10;15;0;;1;1;No inventariada;0,4;10;16;2;;;3;1;3;;;4;3
6;6;11;15;0;;2;2;AC-862;17,018;6;2;1;2;DP-7603;1;1;1;;;4;3
6;4;18;15;0;;1;1;AC-862;23,447;6;16;2;;;1;1;1;;;1;2
7;6;3;15;0;;1;1;PISTA AC-1;0,8;14;15;2;;;1;4;1;;;1;1
11;3;14;15;15054;;1;1;AG-64;9,2;3;4;2;;;1;1;1;;;1;1
11;3;16;15;0;;1;1;AG-64;14,265;3;19;2;;;3;1;3;;;4;1
11;4;14;15;0;;1;1;AG-64;17,427;3;19;2;;;3;1;4;;;5;2
12;7;13;15;0;;1;1;AC-862;16,77;6;4;2;;;1;1;2;;;1;1
1;6;14;15;15077;;1;1;AC-400;59,6;6;2;1;1;;1;1;1;;;1;1
3;6;17;15;15077;;1;1;DP-7702;1,5;6;12;2;;;4;1;4;;;1;1
3;2;12;15;15077;;1;1;DP-2904;13,6;6;15;2;;;1;1;1;;;1;1
3;1;22;15;15077;;1;1;No inventariada;1,1;10;14;2;;;1;6;1;;;1;3
4;1;11;15;15077;;1;1;AC-400;57,1;6;4;2;;;3;1;4;;;1;1
4;7;19;15;15077;;1;1;AC-400;58;6;4;2;;;1;1;1;;;1;1
5;6;19;15;15077;;1;1;DP-2904;11,5;6;16;2;;;1;1;1;;;1;1
5;5;16;15;15077;;1;1;AC-400;59,64;6;2;1;1;;1;1;1;;;1;1
6;3;11;15;15077;;1;1;No inventariada;2;10;2;1;1;;1;1;1;;;2;1
6;2;16;15;15077;;1;1;AC-400;47,2;6;16;2;;;1;1;1;;;1;1
6;2;17;15;15077;;1;1;DP-2904;17,9;6;14;2;;;3;1;2;;;1;1
6;4;22;15;15077;;1;1;DP-2904;13,3;6;16;2;;;1;6;1;;;1;1
7;7;6;15;15077;;1;1;AC-400;63;6;19;2;;;1;2;1;;;1;1
6;4;12;15;15077;;1;1;No inventariada;1,84;10;1;1;2;1;1;1;1;;;1;1
5;2;19;15;15077;;3;2;No inventariada;;9;20;1;2;;1;1;1;;;1;998
7;7;19;15;15077;;1;1;No inventariada;1,4;10;2;1;2;;1;1;1;;;1;1
9;6;23;15;15077;;1;1;AC-400;44,5;6;3;2;;;1;6;1;;;1;2
10;7;20;15;15077;;1;1;AC-400;55,8;6;2;1;2;;1;4;1;;;1;1
11;4;18;15;15077;;1;1;AC-546;14,7;6;2;1;4;DP-5604;1;1;1;;;1;4
7;5;18;15;15077;;2;2;AC-406;28;6;1;2;;;1;1;1;;;1;1
7;1;12;15;15077;;1;1;AC-400;55,95;6;2;1;2;;1;1;1;;;1;1
10;6;13;15;15077;;2;2;AC-404;0,95;6;2;1;1;;3;1;4;;;18;1
1;6;0;15;15078;;1;1;AP-53;2;1;12;1;4;AG-59;3;5;7;1;;18;2
1;5;12;15;15078;;3;2;No inventariada;;9;4;2;;;3;1;3;;;1;998
1;4;11;15;15078;;1;1;N-525;334,651;6;19;2;;;1;1;1;;;12;1
1;4;14;15;15078;;1;1;AG-56;0;3;16;1;2;SC-20;1;1;1;;;1;3
1;2;14;15;15078;;3;2;No inventariada;;9;2;2;;;3;1;1;;;9;998
1;3;14;15;15078;;3;2;No inventariada;;9;4;2;;;3;1;3;;;1;998
1;3;12;15;15078;;1;1;AP-9;70,12;2;12;2;;;3;1;4;;;1;2
1;3;14;15;15078;;1;1;AC-543;0;6;2;1;4;;3;1;2;;;14;2
1;1;18;15;15078;;1;1;DP-0701;8,312;6;16;1;2;;3;2;3;1;;5;2
1;3;9;15;15078;;1;1;AP-9;73,748;1;4;2;;;3;2;1;;;1;1
1;2;8;15;15078;;1;1;N-550;53;6;1;2;;;1;4;1;;;1;1
1;4;13;15;15078;;3;2;No inventariada;;9;7;2;;;1;1;1;;;9;998
1;3;19;15;15078;;3;2;No inventariada;;9;2;1;4;;3;4;4;;;5;998
1;4;7;15;15078;;3;2;No inventariada;;9;2;1;5;;3;4;3;;;1;998
2;6;16;15;15078;;1;1;AG-56;0,45;8;16;1;2;AP-9;1;1;1;;;1;3
1;3;10;15;15078;;3;2;No inventariada;;9;7;2;;;3;1;2;;1;1;998
1;1;16;15;15078;;3;2;No inventariada;;9;2;1;1;;1;1;1;;;12;998
1;7;14;15;15078;;3;2;No inventariada;;9;1;1;4;;3;1;3;;;12;998
2;3;17;15;15078;;3;2;No inventariada;;9;7;2;;;1;1;1;;;9;998
2;4;14;15;15078;;1;1;No inventariada;2,3;10;1;1;2;;3;1;3;;;1;4
2;4;17;15;15078;;1;1;AP-9;73,4;1;16;2;;;4;1;4;;;1;1
2;3;19;15;15078;;3;2;No inventariada;;9;7;1;2;;1;4;2;;;1;998
2;7;10;15;15078;;1;1;AC-453;0;6;2;1;4;AC-543;1;1;1;;;4;2
2;5;15;15;15078;;3;2;No inventariada;;9;5;2;;;1;1;1;;;1;998
2;5;14;15;15078;;1;1;SC-20;10,081;5;4;2;;;3;1;4;;;1;1
2;4;22;15;15078;;3;2;No inventariada;;9;7;2;;;3;4;3;;;1;998
2;1;16;15;15078;;3;2;No inventariada;;9;1;1;4;;1;1;1;;;1;998
2;4;20;15;15078;;3;2;No inventariada;;9;11;2;;;3;4;2;;;5;998
2;1;16;15;15078;;1;1;AG-56;0,01;3;19;2;;;3;1;3;;;1;2
2;2;19;15;15078;;1;1;No inventariada;2,1;10;7;1;2;;1;4;1;;;1;3
2;4;21;15;15078;;3;2;No inventariada;;9;7;1;2;;9;4;7;;;18;998
2;5;16;15;15078;;3;2;No inventariada;;9;2;1;4;;3;1;3;;;1;998
2;6;12;15;15078;;3;2;No inventariada;;9;15;2;;;1;1;1;;;1;998
2;4;9;15;15078;;3;2;No inventariada;;9;2;1;1;;3;1;3;;;1;998
3;5;17;15;15078;;3;2;No inventariada;;9;5;2;;;3;1;3;;;1;998
3;1;8;15;15078;;1;1;DP-0701;8,681;6;16;2;;;3;1;1;;;1;2
2;4;19;15;15078;;3;2;No inventariada;;9;7;2;;;3;2;3;;;1;998
2;2;12;15;15078;;3;2;No inventariada;;9;2;1;1;;1;1;2;;;1;998
2;1;19;15;15078;;3;2;No inventariada;;14;2;1;5;;3;3;3;;;1;998
3;5;12;15;15078;;3;2;No inventariada;;9;4;2;;;3;1;3;;;1;998
1;5;22;15;15078;;3;2;No inventariada;;9;20;1;2;;1;4;1;;;1;998
3;7;0;15;15078;;3;2;No inventariada;;9;7;2;;;3;4;4;;;5;998
3;5;7;15;15078;;1;1;AP-9;67,711;1;18;2;;;1;4;1;;;1;1
3;3;17;15;15078;;3;2;No inventariada;;9;2;1;1;;1;1;1;;;1;998
2;5;13;15;15078;;3;2;No inventariada;;9;2;1;1;;3;1;3;;;1;998
3;5;21;15;15078;;3;2;No inventariada;;9;7;2;;;3;4;3;;;1;998
3;7;14;15;15078;;3;2;No inventariada;;9;10;1;2;;3;1;3;;;1;998
3;2;5;15;15078;;3;2;No inventariada;;9;2;1;4;;3;4;2;;;1;998
3;1;22;15;15078;;3;2;No inventariada;;9;10;1;2;;3;4;3;;;1;998
3;6;22;15;15078;;3;2;No inventariada;;9;12;1;10;;3;4;3;;;1;998
3;1;13;15;15078;;3;2;No inventariada;;9;10;1;2;;3;1;3;;;1;998
4;1;22;15;15078;;1;1;AC-543;0;6;2;1;4;AC-548;3;4;3;;;1;1
4;2;22;15;15078;;1;1;AG-56;1,4;3;7;2;;;3;6;3;;;1;1
4;1;9;15;15078;;1;1;AP-9;67,426;2;15;2;;;3;1;4;;;18;1
4;4;21;15;15078;;1;1;A-54;88,1;3;8;2;;;1;6;1;;;1;1
4;4;11;15;15078;;3;2;No inventariada;;9;7;2;;;1;1;1;;;9;998
4;4;12;15;15078;;3;2;No inventariada;;9;12;1;4;;1;1;1;;;1;998
3;2;13;15;15078;;3;2;No inventariada;;9;7;1;2;;3;1;4;;;9;998
4;4;16;15;15078;;3;2;No inventariada;;9;7;2;;;1;1;1;;;1;998
4;3;20;15;15078;;3;2;No inventariada;;9;7;2;;;1;1;1;;;6;998
4;6;18;15;15078;;1;1;AP-9;73,4;1;16;2;;;4;1;4;;;5;1
5;6;13;15;15078;;1;1;DP-7804;22,6;6;16;2;;;3;1;7;;;1;1
5;1;21;15;15078;;1;1;DP-0701;2,4;6;1;2;;;1;6;2;;;1;1
3;2;18;15;15078;;3;2;No inventariada;;9;2;2;;;1;1;1;;;9;998
4;7;10;15;15078;;3;2;No inventariada;;9;2;1;4;;1;1;2;;;1;998
5;2;17;15;15078;;1;1;A-54;87,3;3;6;2;;;1;1;7;;;1;3
5;3;18;15;15078;;3;2;No inventariada;;9;10;2;;;1;1;1;;;1;998
5;1;16;15;15078;;3;2;No inventariada;;9;15;1;4;;1;1;1;;;1;998
5;6;20;15;15078;;3;2;No inventariada;;9;7;2;;;1;1;1;;;1;998
5;3;18;15;15078;;3;2;No inventariada;;9;7;2;;;1;1;1;;;1;998
5;4;14;15;15078;;3;2;No inventariada;;9;2;1;4;;1;1;1;;;1;998
4;2;20;15;15078;;3;2;No inventariada;;9;16;2;;;1;1;1;;;1;998
5;2;0;15;15078;;3;2;No inventariada;;9;7;2;;;1;4;1;;;1;998
5;7;10;15;15078;;3;2;No inventariada;;9;7;2;;;3;1;1;;;1;998
5;3;13;15;15078;;1;1;No inventariada;0,6;10;7;1;2;;1;1;2;;;1;1
5;4;6;15;15078;;3;2;No inventariada;;9;7;1;2;;3;4;2;;;1;998
5;6;11;15;15078;;3;2;No inventariada;;9;7;1;1;;3;1;4;;;1;998
5;2;16;15;15078;;1;1;A-54;93,35;3;4;1;4;SC-20;1;1;1;;;1;1
5;4;22;15;15078;;3;2;No inventariada;;9;1;2;;;3;4;3;;;1;998
6;7;22;15;15078;;1;1;A-54;87,8;3;15;2;;;1;2;1;;;1;1
4;1;6;15;15078;;3;2;No inventariada;;9;2;1;4;;1;3;1;;;1;998
4;5;12;15;15078;;3;2;No inventariada;;9;7;2;;;3;1;3;;;18;998
5;2;19;15;15078;;3;2;No inventariada;;9;2;1;2;;1;1;2;;;1;998
6;3;16;15;15078;;3;2;No inventariada;;9;5;2;;;1;1;1;;;1;998
6;1;19;15;15078;;1;1;A-54;88,9;3;12;2;;;1;1;1;;;1;1
6;5;19;15;15078;;3;2;No inventariada;;9;1;2;;;1;1;1;;;1;998
5;6;18;15;15078;;3;2;No inventariada;;9;4;2;;;1;1;1;;;1;998
6;3;14;15;15078;;1;1;No inventariada;2;10;1;2;;;1;1;1;;;1;1
5;4;18;15;15078;;3;2;No inventariada;;9;4;2;;;6;1;1;;;1;998
6;6;19;15;15078;;1;1;AP-9;57,4;1;12;2;;;1;1;2;;;1;1
6;5;8;15;15078;;3;2;No inventariada;;14;7;1;1;;3;1;3;;;1;998
5;3;16;15;15078;;3;2;No inventariada;;9;7;2;;;1;1;1;;;1;998
6;2;8;15;15078;;3;2;No inventariada;;9;2;1;1;;1;1;1;;;1;998
6;1;22;15;15078;;3;2;No inventariada;;9;7;2;;;1;1;1;;;1;998
6;7;5;15;15078;;3;2;No inventariada;;9;7;2;;;1;1;1;;;1;998
6;2;15;15;15078;;3;2;No inventariada;;9;5;2;;;3;1;3;;;1;998
6;7;11;15;15078;;1;1;AG-56;0,5;3;4;2;;;1;1;1;;;1;1
6;7;11;15;15078;;1;1;AG-56;0,5;3;2;1;12;;3;1;2;;;1;2
5;3;0;15;15078;;3;2;No inventariada;;9;2;1;4;;3;4;3;;;1;998
6;5;13;15;15078;;3;2;No inventariada;;9;6;2;;;1;6;1;;;1;998
6;3;4;15;15078;;3;2;No inventariada;;9;19;2;;;3;6;2;;;18;998
7;7;7;15;15078;;1;1;SC-20;9,9;8;12;1;10;AG-56;1;1;1;;;1;2
7;4;15;15;15078;;3;2;No inventariada;;9;2;1;4;;3;1;3;;;1;998
7;5;16;15;15078;;1;1;No inventariada;1,9;10;18;2;;;1;1;1;;;1;1
7;5;19;15;15078;;3;2;No inventariada;;9;1;2;;;1;1;1;;;4;998
7;5;16;15;15078;;3;2;No inventariada;;9;7;1;4;;1;1;1;;;1;998
7;2;14;15;15078;;3;2;No inventariada;;9;4;2;;;1;1;1;;;1;998
7;2;7;15;15078;;1;1;N-525;335;6;16;2;;;1;1;1;;;18;4
7;2;17;15;15078;;1;1;A-54;93,4;3;3;1;4;;1;1;1;;;1;2
7;5;10;15;15078;;3;2;No inventariada;;9;2;1;4;;1;1;1;;;1;998
8;7;1;15;15078;;1;1;A-54;91;3;12;2;;;1;6;1;;;1;2
8;7;13;15;15078;;1;1;DP-8203;8,3;6;2;2;;;1;1;1;;;4;1
8;2;10;15;15078;;1;1;N-550;55,961;6;4;2;;;1;1;1;;;1;1
7;3;21;15;15078;;3;2;No inventariada;;9;7;2;;;1;1;1;;;1;998
8;3;18;15;15078;;3;2;No inventariada;;9;20;2;;;1;1;1;;;1;998
7;3;10;15;15078;;3;2;No inventariada;;9;7;2;;;1;1;1;;;1;998
7;1;10;15;15078;;3;2;No inventariada;;9;7;1;1;;1;1;1;;;9;998
7;1;15;15;15078;;3;2;No inventariada;;9;2;2;;;1;1;1;;;1;998
8;7;11;15;15078;;3;2;No inventariada;;9;2;1;4;;1;1;1;;;1;998
8;4;21;15;15078;;3;2;No inventariada;;9;4;2;;;1;1;1;;;18;998
8;5;13;15;15078;;3;2;No inventariada;;9;2;2;;;1;1;1;;;1;998
8;4;12;15;15078;;3;2;No inventariada;;9;7;2;;;1;1;1;1;;1;998
8;6;13;15;15078;;3;2;No inventariada;;9;4;2;;;1;1;1;;;1;998
8;4;14;15;15078;;3;2;No inventariada;;9;2;1;4;;9;1;1;;;18;998
8;3;14;15;15078;;3;2;No inventariada;;9;10;2;;;1;1;1;;;1;998
8;7;20;15;15078;;1;1;No inventariada;5,7;10;16;2;;;1;1;1;;;4;3
8;2;17;15;15078;;3;2;No inventariada;;9;4;2;;;1;1;1;;;1;998
8;2;21;15;15078;;3;2;No inventariada;;9;6;2;;;1;4;1;;;1;998
8;1;13;15;15078;;3;2;No inventariada;;9;7;2;;;1;1;1;;;1;998
8;6;13;15;15078;;3;2;No inventariada;;9;12;2;;;1;1;2;;;1;998
9;4;3;15;15078;;1;1;AP-9;69,5;2;16;2;;;1;6;1;;;1;3
9;6;23;15;15078;;3;2;No inventariada;;9;10;1;4;;1;4;1;;;1;998
8;6;12;15;15078;;3;2;No inventariada;;9;5;2;;;1;1;1;;;1;998
9;2;12;15;15078;;3;2;No inventariada;;9;5;2;;;1;1;1;;;1;998
9;3;9;15;15078;;3;2;No inventariada;;9;15;2;;;1;1;1;;;1;998
9;4;12;15;15078;;3;2;No inventariada;;9;12;2;;;3;1;2;;;1;998
8;5;7;15;15078;;3;2;No inventariada;;9;7;2;;;1;6;2;;;18;998
8;1;8;15;15078;;3;2;No inventariada;;9;7;1;12;;1;2;1;;;6;998
9;7;6;15;15078;;1;1;AC-250;5,5;6;2;1;1;;1;6;1;;;1;1
9;5;13;15;15078;;1;1;N-550;54,7;6;1;2;;;1;1;3;;;1;2
9;6;12;15;15078;;1;1;N-525;337,4;6;20;2;;;3;1;2;;;1;1
9;5;18;15;15078;;1;1;AC-841;1,121;6;16;2;;;1;1;1;;;1;2
8;2;18;15;15078;;3;2;No inventariada;;9;7;2;;;1;1;1;;;1;998
10;3;19;15;15078;;3;2;No inventariada;;9;7;1;1;;3;1;2;;;1;998
10;3;11;15;15078;;3;2;No inventariada;;9;7;2;;;9;1;7;;;18;998
10;7;17;15;15078;;1;1;AG-56;0,05;3;19;2;;;3;1;4;;;1;2
4;6;13;15;15078;;3;2;No inventariada;;9;7;2;;;3;1;3;;;1;998
10;2;8;15;15078;;1;1;DP-0701;8,664;6;17;2;;;3;2;4;;;1;2
10;2;19;15;15078;;1;1;AP-9;71,402;2;3;2;;;4;2;4;;;1;1
10;4;7;15;15078;;1;1;SC-30;0,001;3;12;1;4;A-54;1;6;2;;;1;1
9;2;8;15;15078;;3;2;No inventariada;;9;7;2;;;3;3;2;;;1;998
10;6;14;15;15078;;3;2;No inventariada;;9;7;2;;;3;1;4;;;1;998
10;4;2;15;15078;;3;2;No inventariada;;9;19;2;;;3;4;3;;;1;998
10;1;8;15;15078;;3;2;No inventariada;;9;7;2;;;3;4;3;;;1;998
9;5;1;15;15078;;3;2;No inventariada;;9;16;2;;;1;4;1;;;1;998
8;7;23;15;15078;;3;2;No inventariada;;9;7;2;;;1;4;1;;;1;998
10;2;21;15;15078;;3;2;No inventariada;;9;2;1;4;;1;4;1;;;1;998
10;4;21;15;15078;;3;2;No inventariada;;9;7;1;2;;9;4;7;;;18;998
10;3;21;15;15078;;3;2;No inventariada;;9;4;2;;;1;6;2;;;1;998
9;1;10;15;15078;;3;2;No inventariada;;9;10;1;1;;3;1;3;;;1;998
9;5;9;15;15078;;3;2;No inventariada;;9;7;2;;;3;1;1;;;6;998
11;3;9;15;15078;;1;1;AC-543;1,26;5;7;2;;;1;1;1;;;1;1
9;1;14;15;15078;;3;2;No inventariada;;9;7;2;;;9;1;2;;;1;998
10;6;19;15;15078;;3;2;No inventariada;;9;2;1;1;;3;4;3;;;1;998
10;7;17;15;15078;;3;2;No inventariada;;9;10;1;2;;1;1;1;;;1;998
11;1;16;15;15078;;3;2;No inventariada;;9;2;1;2;;3;1;3;;;1;998
10;4;17;15;15078;;3;2;No inventariada;;9;10;2;;;9;1;7;;;18;998
11;4;15;15;15078;;3;2;No inventariada;;9;7;1;2;;8;1;1;;;1;998
11;1;9;15;15078;;1;1;AC-841;1,23;6;4;2;;;3;1;1;;;4;2
11;3;13;15;15078;;1;1;AC-960;0,1;6;4;1;2;;1;1;1;;;1;1
11;2;7;15;15078;;3;2;No inventariada;;9;7;2;;;3;3;3;;;5;998
11;3;8;15;15078;;3;2;No inventariada;;9;2;1;4;;1;1;1;;;1;998
11;2;14;15;15078;;3;2;No inventariada;;9;10;1;12;;3;1;2;;;9;998
11;2;17;15;15078;;3;2;No inventariada;;9;5;2;;;3;1;2;;;9;998
11;2;21;15;15078;;3;2;No inventariada;;9;7;1;1;;3;4;2;;;1;998
12;2;11;15;15078;;1;1;DP-0701;8,614;6;2;2;;;7;1;3;1;;1;2
11;5;11;15;15078;;3;2;No inventariada;;9;7;1;2;;3;1;3;;;1;998
12;3;8;15;15078;;1;1;AG-56;0,75;3;5;1;12;SC-20;3;1;2;;;1;1
11;4;19;15;15078;;3;2;No inventariada;;9;7;2;;;3;4;4;;;5;998
12;1;16;15;15078;;1;1;AP-9;68,31;2;16;2;;;3;1;2;;;1;3
11;4;18;15;15078;;3;2;No inventariada;;9;2;2;;;1;1;2;;;1;998
12;4;14;15;15078;;3;2;No inventariada;;9;2;1;1;;3;1;2;;;1;998
12;7;11;15;15078;;1;1;SC-20;9,473;5;5;2;;;1;1;1;;;1;1
12;3;14;15;15078;;1;1;AP-9;70,362;1;16;2;;;3;1;1;;;5;1
12;3;16;15;15078;;1;1;AP-9;70,279;1;12;2;;;3;1;4;;;1;1
12;4;10;15;15078;;1;1;DP-0701;8,662;6;19;2;;;3;1;1;;;1;2
12;1;20;15;15078;;3;2;No inventariada;;9;7;1;1;;1;4;1;;;1;998
12;2;20;15;15078;;1;1;N-525;335,1;6;3;2;;;1;6;1;;;1;3
12;4;14;15;15078;;1;1;AC-250;5,183;6;3;2;;;1;1;1;;;1;1
12;2;23;15;15078;;3;2;No inventariada;;9;2;1;2;;1;3;1;;;2;998
12;1;7;15;15078;;1;1;N-550;50,2;6;4;2;;;3;4;3;;;1;1
9;6;17;15;0;;1;1;No inventariada;0,3;10;10;2;;;2;1;2;;;1;1
5;3;12;15;0;;1;1;AC-934;18,9;6;18;2;;;1;1;1;;;1;3
5;2;12;15;0;;1;1;AC-231;16,8;6;19;2;;;1;1;1;;;1;3
6;4;10;15;0;;1;1;DP-4604;16,2;6;12;2;;;3;1;4;;;1;2
9;5;11;15;0;;1;1;No inventariada;0,5;10;1;2;;;3;6;4;;;4;3
12;5;20;15;15070;;1;1;AG-64;31;3;8;2;;;3;6;3;;;5;1
1;7;13;15;15082;;1;1;AC-841;10,268;6;2;1;1;;1;1;1;;;1;1
1;5;8;15;15082;;1;1;DP-0205;6;6;15;2;;;5;2;7;;;1;2
2;3;13;15;15082;;1;1;N-550;69,6;6;4;2;;;1;1;1;;;1;1
3;1;21;15;15082;;1;1;No inventariada;0,64;10;12;2;;;1;4;1;;;1;1
3;7;22;15;15082;;1;1;DP-0205;8,52;6;4;2;;;3;4;3;;;1;1
1;3;8;15;15082;;3;2;No inventariada;;9;2;1;4;;3;3;3;;;1;998
3;3;15;15;15082;;3;2;No inventariada;;9;19;2;;;1;1;1;;;1;998
4;4;17;15;15082;;1;1;N-550;70,3;6;2;2;;;1;1;1;;;1;1
5;7;17;15;15082;;3;2;No inventariada;;14;2;1;5;;1;1;1;;;1;998
4;6;11;15;15082;;3;2;No inventariada;;9;20;2;;;1;1;1;;;1;998
6;4;1;15;15082;;1;1;No inventariada;1,15;10;16;2;;;1;4;1;;;1;1
6;2;13;15;15082;;1;1;No inventariada;2;10;3;1;2;;1;1;1;;;1;1
5;3;8;15;15082;;3;2;No inventariada;;9;2;1;2;;1;1;1;;;1;998
6;4;5;15;15082;;1;1;AP-9;83,56;1;12;2;;;1;6;1;;;1;1
6;2;13;15;15082;;3;2;No inventariada;;9;15;2;;;1;1;1;;;1;998
9;3;21;15;15082;;1;1;AC-841;6,3;5;2;1;4;DP-8201;1;4;1;;;1;1
9;5;10;15;15082;;2;2;AC-841;4,772;6;7;2;;;1;1;2;;;1;1
9;6;13;15;15082;;3;2;No inventariada;;9;2;2;;;1;1;2;;;1;998
9;1;12;15;15082;;3;2;No inventariada;;9;1;1;2;;1;1;1;;;1;998
10;4;22;15;15082;;1;1;N-550;68,353;6;19;2;;;1;4;1;;;1;1
10;2;8;15;15082;;2;2;AC-841;3;5;4;1;4;;1;3;1;;;18;1
10;3;14;15;15082;;1;1;AC-841;9,6;6;1;2;;;1;1;1;;;1;3
11;4;20;15;15082;;3;2;No inventariada;;9;2;1;1;;1;4;1;;;18;998
11;3;9;15;15082;;3;2;No inventariada;;9;2;1;1;;1;1;2;;;18;998
11;3;16;15;15082;;3;2;No inventariada;;14;4;2;;;1;1;1;;;1;998
11;4;9;15;15082;;3;2;No inventariada;;9;4;2;;;1;1;1;;;1;998
12;5;10;15;15082;;1;1;N-550;72,518;6;3;1;4;;3;1;1;;;1;4
1;4;13;15;0;;1;1;DP-8401;11,6;6;2;1;1;;1;1;1;;;18;1
2;6;18;15;0;;1;1;AC-400;33,5;5;5;2;;;3;1;3;;;1;1
3;6;4;15;0;;1;1;DP-8401;1,4;6;14;2;;;1;6;1;;;1;3
6;7;6;15;0;;1;1;AC-400;30,5;6;12;2;;;3;4;2;1;;5;1
8;3;16;15;0;;1;1;DP-8401;6,087;6;3;1;2;S/C-C;1;1;2;;;4;1
10;4;1;15;0;;1;1;AC-400;40,913;6;14;1;4;DP-1914;3;4;7;;;1;1
11;7;0;15;0;;1;1;AC-400;39,8;6;8;2;;;1;6;7;;;18;1
4;5;12;15;0;;1;1;No inventariada;11,864;10;2;1;1;;1;1;1;;;1;1
7;7;17;15;0;;1;1;AC-960;8,5;6;16;2;;;1;1;1;;;1;1
8;6;18;15;0;;1;1;DP-0605;11;6;2;1;1;;1;1;1;;;1;1
9;7;20;15;0;;1;1;No inventariada;14;10;19;2;;;1;2;1;;;4;2
9;6;15;15;0;;1;1;No inventariada;0,5;10;16;2;;;1;1;1;;;1;1