MES;DIA_SEMANA;HORA;COD_PROVINCIA;COD_MUNICIPIO;ISLA;ZONA;ZONA_AGRUPADA;CARRETERA;KM;TIPO_VIA;TIPO_ACCIDENTE;NUDO;NUDO_INFO;CARRETERA_CRUCE;CONDICION_FIRME;CONDICION_ILUMINACION;CONDICION_METEO;CONDICION_NIEBLA;CONDICION_VIENTO;VISIB_RESTRINGIDA_POR;TRAZADO_PLANTA
1;2;9;15;0;;1;1;No inventariada;13,106;10;19;2;;;3;1;2;;;1;1
2;5;14;15;0;;1;1;No inventariada;5;10;2;2;;;3;1;3;;;1;1
6;4;14;15;0;;1;1;No inventariada;0,5;10;2;1;2;;1;1;1;;;1;1
7;1;15;15;0;;1;1;No inventariada;1,2;10;18;2;;;1;1;1;;;1;1
1;2;7;15;15087;;1;1;No inventariada;0,5;10;8;2;;;1;4;3;;;4;1
1;4;13;15;15087;;3;2;No inventariada;;9;2;1;1;;3;1;2;;;4;998
2;6;8;15;15087;;1;1;AC-566;21,3;5;12;2;;;1;2;1;;;1;3
3;6;1;15;15087;;1;1;DP-5404;10,35;6;12;2;;;1;4;1;;;1;2
3;4;10;15;15087;;1;1;AC-116;8,8;6;1;2;;;1;1;1;;;1;1
7;5;17;15;15087;;1;1;AC-566;23;6;16;2;;;1;1;1;;;12;1
8;5;23;15;15087;;1;1;AC-566;8,9;5;19;2;;;1;6;1;;;1;2
8;1;19;15;15087;;3;2;No inventariada;;9;20;1;4;;1;1;1;;;1;998
8;4;8;15;15087;;1;1;AC-566;7,346;6;19;2;;;1;1;1;;;1;1
9;1;20;15;15087;;1;1;AC-116;12,04;6;16;2;;;1;1;1;;;1;1
9;7;5;15;15087;;1;1;AC-116;9,2;6;19;1;4;DP-5405;1;4;1;;;1;2
10;4;15;15;15087;;3;2;No inventariada;;9;16;1;2;;1;1;2;;;1;998
2;6;13;15;0;;1;1;DP-1914;23,69;6;19;2;;;1;1;1;;;1;3
3;7;11;15;0;;1;1;DP-1914;19,037;6;18;2;;;3;1;4;;;5;2
3;7;19;15;0;;1;1;DP-1914;19,067;6;14;2;;;3;1;3;;;1;2
5;6;14;15;0;;1;1;DP-7804;0,5;6;16;2;;;3;1;3;;;1;1
5;7;7;15;0;;1;1;DP-1914;23,678;6;18;2;;;1;1;2;2;;1;3
7;3;12;15;0;;1;1;AC-455;12,14;6;2;1;2;AC-406;1;1;1;;;1;1
9;1;14;15;0;;1;1;DP-1914;28,815;6;12;2;;;3;1;3;;;1;3
10;2;8;15;0;;1;1;DP-1914;16;6;3;2;;;3;1;3;;;1;1
10;5;10;15;0;;1;1;DP-1914;18,5;6;12;2;;;3;1;3;;;18;3
1;5;21;15;0;;1;1;DP-8203;8;6;14;2;;;3;6;3;;;1;1
1;6;0;15;0;;1;1;No inventariada;2,9;10;16;2;;;3;6;2;1;;5;1
2;7;20;15;0;;1;1;N-525;323,424;6;16;2;;;3;4;3;;;1;1
4;7;21;15;0;;1;1;DP-8901;5;6;19;2;;;2;1;1;;;1;3
6;6;14;15;0;;1;1;DP-8902;0,424;6;16;2;;;1;1;2;;;1;2
6;4;5;15;0;;1;1;AP-53;13,29;1;15;2;;;1;6;1;;;1;3
7;6;12;15;0;;1;1;No inventariada;3;10;14;2;;;1;1;2;;;1;1
8;5;15;15;0;;1;1;N-525;323,9;6;16;2;;;1;1;1;;;1;2
8;7;14;15;0;;1;1;AP-53;13,5;1;14;2;;;1;1;1;;;1;1
9;5;20;15;0;;1;1;AC-241;1,38;6;7;2;;;1;1;1;;;1;1
10;6;10;15;0;;1;1;N-525;324,633;6;14;2;;;3;1;4;;;1;1
10;2;1;15;0;;1;1;N-525;326,2;6;16;2;;;1;4;1;;;1;1
11;4;23;15;0;;1;1;N-525;323,6;6;1;2;;;1;4;1;;;1;2
12;3;18;15;0;;1;1;DP-1202;0,2;6;18;2;;;1;4;1;;;1;1
12;4;20;15;0;;1;1;No inventariada;1;10;2;1;1;;1;4;1;;;4;1
12;6;20;15;0;;1;1;DP-8901;5,6;6;16;2;;;3;4;7;;;1;2
2;7;17;15;0;;1;1;AC-840;22,9;6;19;2;;;1;1;2;2;;1;1
2;6;10;15;0;;1;1;N-634;676,75;6;2;1;1;DP-3302;3;1;2;;;1;2
3;5;15;15;0;;1;1;AC-840;27,3;6;2;2;;;1;1;1;;;1;1
3;3;16;15;0;;1;1;AC-840;23,35;6;4;1;5;N-634;1;1;2;;;1;1
8;4;7;15;0;;1;1;AC-840;22,9;6;6;1;2;N-634;1;3;2;2;;5;1
9;1;21;15;0;;1;1;No inventariada;1,8;10;16;2;;;1;6;1;;;1;1
2;3;18;15;0;;1;1;AC-151;2,845;6;15;2;;;1;2;1;;;1;1
5;3;12;15;0;;1;1;AC-151;8,418;6;12;2;;;1;1;1;;;4;2
1;7;18;15;15092;;1;1;VG-1.5;62,5;4;16;2;;;3;6;4;;;4;2
3;1;7;15;15092;;1;1;AC-552;64,8;6;16;2;;;3;2;2;;;1;3
4;6;8;15;15092;;1;1;AC-552;61,8;6;2;1;2;;1;1;1;;;1;1
4;4;10;15;15092;;1;1;AC-552;62,1;6;4;2;;;1;1;1;;;1;1
4;4;14;15;15092;;1;1;AC-440;0,5;6;4;2;;;1;1;1;;;1;1
5;3;11;15;15092;;1;1;AC-552;74,715;6;2;1;1;AC-552;1;1;1;;;1;1
5;4;8;15;15092;;1;1;AC-552;65;6;16;2;;;3;1;3;;;1;1
6;5;21;15;15092;;3;2;No inventariada;;9;7;1;1;;1;4;1;;;1;998
6;3;12;15;15092;;1;1;AC-552;64,4;6;12;2;;;3;1;3;;;1;2
8;7;19;15;15092;;1;1;AC-432;5,9;6;2;2;;;1;1;1;;;1;1
8;1;17;15;15092;;1;1;AC-552;72,3;6;18;2;;;1;1;1;;;1;1
9;3;15;15;15092;;1;1;DP-9203;5,206;6;9;2;;;1;1;2;;;1;1
9;5;8;15;15092;;1;1;DP-9203;3,799;6;13;2;;;3;1;2;;;1;1
9;7;9;15;15092;;1;1;No inventariada;2,8;10;1;2;;;1;1;2;;;1;1
10;2;12;15;15092;;1;1;AC-441;13,692;6;7;2;;;1;6;1;;;1;1
10;1;16;15;15092;;1;1;S D;2,5;10;4;2;;;1;1;1;;;1;1
11;6;22;15;15092;;1;1;AC-441;13;6;19;2;;;1;4;1;;;1;1
3;1;20;15;0;;1;1;AG-55;58,4;2;16;2;;;5;2;2;;;1;1
5;5;18;15;0;;1;1;AC-404;13,55;6;15;2;;;1;1;1;;1;1;1
12;6;12;15;0;;1;1;AC-552;58,2;6;7;2;;;3;1;1;;;1;1
8;3;11;15;0;;1;1;No inventariada;0,02;10;10;2;;;1;1;2;;;4;3
1;6;21;15;15902;;1;1;AC-840;18,4;6;17;2;;;1;6;1;;;18;3
2;6;12;15;15902;;1;1;AC-230;6,3;6;2;1;2;;3;1;4;;;4;1
2;5;17;15;15902;;1;1;AC-840;8,5;6;1;2;;;3;1;4;;;1;1
5;1;9;15;15902;;1;1;AC-840;10,3;6;2;1;2;DP-3203;1;1;2;;;1;1
8;2;10;15;15902;;1;1;AC-840;6,081;6;16;2;;;3;1;3;;;5;1
8;5;15;15;15902;;1;1;AC-840;4,5;6;16;2;;;1;1;1;;;1;3
10;7;17;15;15902;;1;1;AC-840;12;6;12;2;;;3;1;4;;;1;1
11;4;19;15;15902;;1;1;AC-840;18;6;16;2;;;1;6;1;;;1;2
11;6;15;15;15902;;1;1;AC-230;6,5;6;2;1;1;DP-3202;1;1;1;;;1;1
2;6;16;16;16078;;1;1;A-40;292,024;3;16;2;;;5;1;5;;;1;1
4;4;11;16;0;;1;1;CU-V-7032;4,2;6;14;2;;;1;1;1;;;1;3
3;5;20;16;0;;1;1;N-3;181,913;6;18;2;;;1;4;2;;;1;2
7;6;17;16;0;;1;1;CU-V-7131;11,203;6;14;2;;;1;1;1;;;1;1
7;5;15;16;0;;1;1;CM-3110;27,5;6;2;1;2;;1;1;1;;;1;1
9;5;19;16;0;;1;1;CV-1604-03;6,987;10;14;2;;;1;1;1;;;1;1
10;6;8;16;0;;1;1;CM-3110;31,1;6;18;2;;;1;1;2;2;;5;1
5;5;15;16;0;;1;1;CV1601-149;2,7;10;9;2;;;2;1;1;;;1;1
10;1;20;16;0;;1;1;CU-V-9004;1;6;16;2;;;1;1;1;;;1;1
8;5;10;16;0;;1;1;CU-V-2132;15,5;6;18;2;;;1;1;1;;;1;2
3;5;13;16;0;;1;1;CM-220;86,98;6;12;2;;;1;1;1;;;1;2
10;2;11;16;0;;1;1;CM-211;6,8;6;19;2;;;3;1;1;;;1;1
12;1;19;16;0;;1;1;CM-211;0,646;6;4;2;;;1;6;1;;;18;1
6;7;15;16;0;;3;2;No inventariada;;9;16;1;2;;1;1;1;;;1;998
12;2;11;16;0;;1;1;N-320;152,25;6;2;1;1;;1;1;1;;;1;1
3;7;15;16;0;;1;1;CM-2123;12,2;6;18;2;;;1;1;1;;;1;3
10;7;16;16;0;;1;1;CM-2123;14,416;6;19;2;;;3;1;3;;;1;1
7;7;8;16;0;;1;1;N-320;172,3;6;3;2;;;1;1;1;;;1;2
10;2;19;16;0;;1;1;A-43;170,7;3;4;2;;;3;6;3;;;1;1
8;1;18;16;0;;1;1;CU-V-9121;3,7;6;16;2;;;1;1;1;;;1;3
7;7;4;16;0;;1;1;A-3;74,8;3;4;2;;;1;6;1;;;18;3
11;3;10;16;0;;1;1;A-3;71,77;3;6;2;;;1;1;1;;;1;1
6;3;21;16;0;;3;2;No inventariada;;9;2;1;1;;2;2;1;;;1;998
12;5;18;16;0;;1;1;CM-3102;53,7;6;18;2;;;1;2;1;;;1;1
10;3;19;16;0;;1;1;CM-215;3,383;6;19;2;;;3;2;4;1;;5;3
7;3;8;16;0;;1;1;CM-2000;49;6;8;2;;;1;1;1;;;1;1
9;4;14;16;0;;1;1;CM-211;15,588;6;16;2;;;1;1;1;;;1;1
9;2;20;16;0;;1;1;CU-V-5014;3,7;6;15;2;;;1;6;1;;;1;2
11;1;17;16;0;;1;1;CM-211;20;6;8;2;;;1;2;7;;;18;1
11;3;6;16;0;;1;1;CM-215;11,3;6;13;2;;;1;6;1;;;1;3
8;3;18;16;0;;1;1;CM-2106;4,1;6;19;2;;;1;1;1;;;1;3
6;6;18;16;0;;1;1;CU-V-9142;7,8;6;10;2;;;1;1;1;;;1;2
8;6;16;16;0;;1;1;CU-V-9142;15,2;6;12;2;;;1;1;1;;;1;2
5;7;13;16;0;;1;1;CM-210;31,8;6;16;2;;;1;6;1;;;17;1
3;6;13;16;0;;1;1;N-320;181,15;6;2;1;2;;3;1;3;;;1;1
6;4;23;16;0;;1;1;N-320;181,75;6;2;1;1;CM-310;1;6;2;;;1;1
3;7;1;16;0;;1;1;No inventariada;0,5;10;18;2;;;2;6;1;;;1;1
6;5;16;16;0;;1;1;CM-2109;14,1;6;15;2;;;1;1;1;;;1;1
9;6;11;16;0;;1;1;CM-2109;13,7;6;18;2;;;3;1;1;;;5;2
6;7;13;16;0;;1;1;CU-V-5042;1,3;6;14;2;;;1;1;1;;;1;2
5;7;7;16;0;;1;1;CM-3117;8,2;6;14;2;;;1;1;1;;;1;1
8;5;9;16;0;;1;1;CM-3117;7,01;6;2;1;1;;1;1;1;;;18;1
2;4;11;16;0;;1;1;CU-V-8307;2,1;6;12;2;;;1;1;1;;;1;1
5;2;12;16;0;;1;1;AP-36;143,6;2;4;2;;;1;1;1;;;1;1
6;2;13;16;0;;3;2;No inventariada;;9;2;1;1;;1;1;1;;;1;998
7;7;20;16;0;;1;1;CM-3117;15,903;6;18;1;4;AP-36;1;1;1;;;1;2
7;7;8;16;0;;1;1;AP-36;137;2;18;2;;;1;1;1;;;1;1
10;4;16;16;0;;1;1;AP-36;140;2;7;2;;;1;1;1;;;1;1
10;1;13;16;0;;1;1;AP-36;136,6;2;18;2;;;1;1;1;;;1;1
4;3;17;16;0;;1;1;CU-V-8302;10,917;6;6;1;4;AP-36;1;1;1;;;1;2
4;2;7;16;0;;1;1;A-3;217,525;3;4;2;;;3;2;1;;;1;3
8;3;17;16;0;;1;1;A-3;219,6;3;15;2;;;1;1;2;;;1;4
2;7;18;16;0;;1;1;A-3;157,4;3;4;2;;;3;2;2;;;1;1
3;6;20;16;0;;1;1;A-3;162,9;3;18;2;;;6;6;6;;;5;1
8;4;0;16;0;;1;1;A-3;159;3;4;2;;;1;6;1;;;1;1
11;5;23;16;0;;1;1;A-3;161,6;3;18;2;;;1;6;1;;;1;1
1;5;15;16;0;;1;1;A-3;142,5;3;12;2;;;1;1;1;;;1;1
1;1;7;16;16078;;1;1;CM-2110;5,65;6;1;2;;;3;6;2;2;;5;1
1;2;13;16;16078;;1;1;N-320;137,3;6;4;1;4;N-420;1;1;1;;;1;2
3;6;9;16;16078;;1;1;N-320;134,7;6;2;1;2;;3;1;3;;;1;1
4;3;18;16;16078;;1;1;N-320;145,35;6;1;2;;;1;1;1;;;1;1
5;5;18;16;16078;;1;1;CM-2104;5,8;6;16;2;;;1;1;1;;;1;1
6;7;12;16;16078;;1;1;CM-2105;47,4;6;16;2;;;1;1;1;;;1;3
1;2;16;16;16078;;3;2;No inventariada;;9;12;2;;;1;1;1;;;1;998
1;1;11;16;16078;;3;2;No inventariada;;9;7;2;;;1;1;1;;;6;998
1;3;13;16;16078;;3;2;No inventariada;;9;4;1;4;;2;1;1;;;1;998
7;3;19;16;16078;;1;1;A-40;289,4;3;4;2;;;1;1;1;;;1;1
1;3;14;16;16078;;3;2;No inventariada;;9;3;2;;;3;1;2;;;2;998
1;3;16;16;16078;;3;2;No inventariada;;14;3;1;4;;1;1;1;;;1;998
2;1;16;16;16078;;3;2;No inventariada;;9;7;2;;;1;1;1;;;1;998
2;1;14;16;16078;;3;2;No inventariada;;9;2;1;1;;1;1;1;;;1;998
8;6;16;16;16078;;1;1;CU-V-9144;2,5;6;19;2;;;1;1;1;;;1;2
3;5;17;16;16078;;3;2;No inventariada;;9;2;1;1;;1;3;1;;;1;998
4;1;17;16;16078;;3;2;No inventariada;;9;10;1;2;;1;1;1;;;1;998
8;3;8;16;16078;;1;1;CM-220;130,8;6;15;2;;;1;1;1;;;1;1
4;7;9;16;16078;;3;2;No inventariada;;9;7;1;2;;1;1;1;;;1;998
4;1;21;16;16078;;3;2;No inventariada;;9;2;1;4;;3;1;3;;;18;998
4;1;14;16;16078;;3;2;No inventariada;;9;2;1;2;;1;1;1;;;9;998
4;2;19;16;16078;;3;2;No inventariada;;9;16;1;4;;1;1;1;;;1;998
4;1;16;16;16078;;3;2;No inventariada;;9;20;1;1;;1;1;1;;;18;998
4;1;19;16;16078;;3;2;No inventariada;;9;7;2;;;1;1;1;;;9;998
9;2;7;16;16078;;1;1;N-320;144;6;14;2;;;1;1;1;;;1;3
4;1;18;16;16078;;1;1;CU-V-9144;1,3;6;1;2;;;3;1;3;;;4;3
4;2;21;16;16078;;3;2;No inventariada;;9;4;2;;;1;4;1;;;1;998
5;4;18;16;16078;;3;2;No inventariada;;9;16;1;4;;1;1;1;;;16;998
9;7;12;16;16078;;1;1;CM-2104;15,3;6;16;2;;;1;1;1;;;1;2
9;3;12;16;16078;;1;1;CM-2104;13;6;10;2;;;3;1;3;;;1;1
10;7;20;16;16078;;1;1;A-40;307;3;4;2;;;1;6;2;;;9;1
10;7;13;16;16078;;1;1;CM-220;133,86;6;2;1;10;N-320;1;1;1;;;1;1
10;2;10;16;0;;1;1;A-40;299,243;3;19;2;;;3;1;4;;;1;1
11;6;12;16;16078;;1;1;CM-2105;4,1;6;19;2;;;1;1;1;;;1;1
12;7;20;16;16078;;1;1;CV-1601-16;1;10;18;2;;;1;6;1;;;1;2
12;2;15;16;16078;;1;1;N-320;134,894;6;14;2;;;1;1;1;;;1;1
1;1;23;16;0;;1;1;CU-V-5014;12,89;6;12;2;;;3;6;3;;;12;1
10;5;1;16;0;;1;1;CM-200;27,9;6;18;2;;;1;6;1;;;1;2
4;1;16;16;0;;1;1;N-420;452,15;6;14;2;;;3;1;2;;;1;1
9;6;8;16;0;;2;2;N-420;448,95;6;12;2;;;1;1;1;;;1;1
10;5;16;16;0;;1;1;N-420;451,1;6;10;2;;;3;1;4;;;1;2
9;6;19;16;0;;1;1;CM-220;84,8;6;18;2;;;1;1;1;;;1;1
6;1;8;16;0;;1;1;A-3;232,1;3;16;2;;;1;1;1;1;;1;1
3;7;21;16;0;;1;1;A-3;148,5;3;2;2;;;6;6;5;;;17;1
11;3;11;16;0;;1;1;CU-V-3011;5,6;6;16;2;;;3;1;3;;;4;2
12;6;23;16;0;;3;2;No inventariada;;9;18;1;2;;1;4;1;;;1;998
1;4;17;16;0;;3;2;No inventariada;;9;7;1;1;;1;1;2;;;1;998
7;2;8;16;0;;1;1;A-3;171,6;3;12;2;;;1;1;1;;;1;1
12;1;0;16;0;;1;1;CV-1604;4,2;10;13;2;;;1;6;1;;;1;3
4;7;7;16;0;;1;1;CM-200;17,1;6;2;1;1;;1;1;1;;;1;1
9;7;14;16;0;;1;1;CAMINO SAN;1;14;10;2;;;2;1;1;;;1;1
10;1;12;16;0;;3;2;No inventariada;;9;7;2;;;1;1;1;;;1;998
11;7;9;16;0;;3;2;No inventariada;;9;7;2;;;1;1;1;;;14;998
5;3;20;16;0;;1;1;N-400;105,5;6;4;2;;;1;1;1;;;1;1
5;5;19;16;0;;1;1;CM-310;110,1;6;16;2;;;1;1;1;;;1;2
7;4;16;16;0;;1;1;CU-V-2171;15,4;6;12;2;;;1;1;1;;;1;2
10;7;12;16;0;;1;1;CM-310;99;6;14;2;;;1;1;1;;;1;2
11;3;13;16;0;;1;1;CM-310;107;6;19;2;;;3;1;3;;;1;2
4;5;18;16;0;;1;1;CM-311;23,3;6;4;1;1;;1;1;1;;;1;1
5;4;9;16;0;;3;2;No inventariada;;9;7;2;;;1;1;1;;;1;998
6;3;10;16;0;;3;2;No inventariada;;9;7;2;;;1;1;1;;;1;998
6;2;15;16;0;;3;2;No inventariada;;9;2;1;2;;1;1;1;;;2;998
12;7;23;16;0;;3;2;No inventariada;;9;16;2;;;1;4;1;;;1;998
10;4;12;16;0;;1;1;CV1601-153;2;10;10;2;;;1;1;1;;;1;1
2;6;14;16;0;;1;1;CV1601-148;0,25;10;14;2;;;2;1;2;;;1;1
9;7;3;16;0;;1;1;N-330;237,19;6;12;2;;;1;6;1;;;1;1
9;6;19;16;0;;1;1;CM-2201;10;6;15;2;;;1;1;1;;;1;2
2;1;1;16;0;;3;2;No inventariada;;9;16;2;;;1;6;1;;;1;998
2;6;18;16;0;;1;1;CU-1604-04;7,2;6;18;2;;;3;6;3;;;5;3
3;2;12;16;0;;1;1;A-3;236,4;3;18;2;;;3;6;3;;;1;3
4;6;11;16;0;;1;1;A-3;242,4;3;4;2;;;1;1;1;;;1;1
5;4;11;16;0;;1;1;A-3;239,25;3;18;2;;;1;1;1;;;1;1
5;4;8;16;0;;1;1;A-3;241,2;3;6;2;;;1;1;1;;;1;1
5;1;21;16;0;;1;1;A-3;242,911;3;14;2;;;1;1;1;;;1;1
6;1;19;16;0;;1;1;A-3;238,076;3;4;2;;;1;1;1;;;1;1
6;2;18;16;0;;1;1;A-3;235,7;3;4;2;;;1;1;1;;;1;1
8;3;13;16;0;;3;2;No inventariada;;9;7;1;2;;1;1;1;;;1;998
8;3;13;16;0;;1;1;A-3;238,111;3;6;2;;;1;1;1;;;1;1
10;1;5;16;0;;1;1;A-3;243,7;3;13;2;;;3;6;2;;;1;1
7;7;19;16;0;;1;1;A-3;114;3;4;2;;;1;1;1;;;1;1
8;6;16;16;0;;2;2;A-3;116;3;19;2;;;1;1;1;;;1;1
9;1;15;16;0;;1;1;CM-2102;2;6;1;2;;;1;1;1;;;1;1
6;2;22;16;0;;1;1;CM-220;102;6;8;2;;;1;2;1;;;1;1
6;5;22;16;0;;1;1;N-420;399;6;8;2;;;1;6;1;;;1;1
3;2;17;16;16133;;3;2;No inventariada;;9;7;2;;;1;1;1;;;6;998
4;6;8;16;16133;;1;1;AP-36;73,6;1;18;2;;;3;1;1;;;1;1
8;6;18;16;16133;;1;1;CM-420;93;6;12;2;;;1;1;1;;;1;2
12;3;9;16;16133;;1;1;N-420;325,4;6;15;2;;;1;1;1;;;1;1
1;5;8;16;16134;;1;1;N-3;198,132;6;16;2;;;3;2;3;;;1;1
2;5;11;16;16134;;1;1;CM-220;73,477;6;7;2;;;1;1;1;;;1;1
2;6;17;16;0;;1;1;A-31;23,171;3;16;2;;;3;1;4;;;5;1
4;6;21;16;16134;;3;2;No inventariada;;11;7;2;;;3;4;3;;;7;998
8;5;20;16;16134;;3;2;No inventariada;;9;20;2;;;1;1;1;;;1;998
10;4;16;16;16134;;1;1;A-3;210,566;3;12;2;;;1;1;1;;;1;1
11;5;21;16;16134;;2;2;N-3;198,345;6;2;2;;;1;5;2;;;1;1
11;2;11;16;16134;;1;1;CM-220;69,5;6;10;1;4;;2;1;1;;;1;1
11;7;12;16;16134;;1;1;N-3;199,5;6;1;1;2;CM-220;1;1;1;;;1;1
10;2;14;16;0;;1;1;CM-2109;41,9;6;15;2;;;3;1;3;;;1;2
4;2;11;16;0;;1;1;N-420;383,5;6;14;2;;;1;1;2;;;1;3
6;7;10;16;0;;1;1;N-420;481,2;6;19;2;;;1;1;1;;;1;2
6;1;12;16;0;;1;1;N-420;488,36;6;16;2;;;1;1;1;;;1;3
6;5;13;16;0;;1;1;N-420;485,73;6;16;2;;;1;1;1;;;1;1
7;6;17;16;0;;1;1;N-420;482,5;6;16;2;;;1;1;1;;;1;2
2;5;16;16;0;;1;1;N-301;151,6;6;2;1;1;CM-3102;1;1;1;;;1;1
6;3;7;16;0;;1;1;N-301;150,5;6;19;2;;;1;1;1;;;1;1
10;2;6;16;0;;1;1;AP-36;90,6;1;18;2;;;1;6;2;;;1;1
8;3;13;16;16154;;1;1;N-301;155,2;6;4;2;;;1;1;1;;;1;1
10;6;4;16;16154;;1;1;N-301;156,3;6;14;2;;;1;6;1;;;1;1
10;2;14;16;0;;1;1;CM-220;64,179;6;14;2;;;3;1;3;;;1;2
2;6;17;16;0;;1;1;A-3;193,4;3;16;2;;;1;1;1;;;1;1
12;7;13;16;0;;1;1;N-310;186;6;2;2;;;1;1;1;;;1;2
2;6;17;16;0;;1;1;CM-3110;46,4;6;18;2;;;4;1;4;;;5;1
7;4;22;16;0;;1;1;CU-V-8306;34;6;16;2;;;1;6;1;;;1;2
8;3;16;16;0;;1;1;A-31;28,36;3;4;2;;;1;1;1;;;1;1
4;6;12;16;0;;1;1;CM-2108;15,63;6;13;2;;;1;1;1;;;1;2
12;1;13;16;0;;1;1;CM-2108;15,3;6;16;2;;;1;1;1;;;1;2
4;4;23;16;0;;1;1;N-301;175,46;6;15;2;;;1;6;1;;;1;1
6;2;22;16;0;;1;1;N-301;167,9;6;16;2;;;1;6;1;;;1;1
8;2;8;16;0;;1;1;N-301;170,4;6;2;1;2;;1;1;1;;;4;2
9;1;9;16;0;;1;1;N-301;173,2;6;12;2;;;1;1;1;;;1;1
3;7;23;16;0;;1;1;CM-2025;3,27;6;2;2;;;3;6;1;;;1;2
4;3;16;16;0;;1;1;CM-211;31,2;6;1;2;;;1;1;1;;;1;1
6;2;11;16;0;;1;1;CM-211;26,824;6;19;2;;;1;1;1;;;1;1
8;4;11;16;0;;1;1;CM-211;25;6;19;2;;;1;1;1;;;1;1
12;1;12;16;0;;1;1;CM-211;32,1;6;12;2;;;1;1;1;;;1;1
1;2;12;16;16175;;3;2;No inventariada;;9;2;1;1;;1;1;1;;;1;998
4;1;8;16;16175;;2;2;CM-220;47;6;2;1;2;;1;1;1;;;1;1
6;1;9;16;16175;;3;2;No inventariada;;9;2;1;1;;1;1;1;;;1;998
10;3;12;16;16175;;3;2;No inventariada;;9;2;1;1;;1;1;1;;;1;998
12;4;11;16;16175;;3;2;No inventariada;;9;2;1;1;;1;1;1;;;1;998
12;5;10;16;16175;;3;2;No inventariada;;9;2;1;1;;1;1;1;;;1;998
3;3;16;16;0;;3;2;No inventariada;;9;3;1;1;;3;1;3;;;1;998
4;5;5;16;0;;1;1;A-3;106;3;8;2;;;1;6;1;;;1;1
7;6;13;16;0;;2;2;A-3;107;3;5;2;;;1;1;1;;;1;4
3;7;10;16;16190;;1;1;CM-3009;76,9;6;19;2;;;3;1;2;;;1;1
8;1;9;16;16190;;1;1;AP-36;120,5;1;4;2;;;1;1;1;;;1;1
8;5;17;16;16190;;1;1;A-43;154,5;3;12;2;;;1;1;1;;;1;1
9;5;14;16;16190;;1;1;N-310;148,663;6;19;2;;;1;1;1;;;1;1
9;5;21;16;16190;;3;2;No inventariada;;9;2;1;1;;1;4;2;;;2;998
11;3;11;16;0;;1;1;CM-3009;71;6;12;2;;;3;1;3;;;1;1
11;1;7;16;16190;;1;1;N-310;160,15;6;18;2;;;1;2;1;;;1;1
12;3;17;16;16190;;3;2;No inventariada;;9;1;2;;;1;1;2;;;1;998
8;6;11;16;0;;1;1;CV-1601151;1;10;10;2;;;1;1;1;;;1;1
3;5;22;16;0;;1;1;CM-3110;40,5;6;18;2;;;1;6;1;;;1;3
8;5;18;16;0;;1;1;CV1601-152;2,5;10;18;2;;;1;1;1;;;1;3
5;7;9;16;0;;1;1;A-31;9,5;3;16;2;;;1;1;1;;;1;1
7;6;18;16;0;;1;1;N-310;174,9;6;3;2;;;1;1;1;;;1;1
4;6;15;16;0;;1;1;CU-V-7123;19,5;6;16;2;;;1;1;1;;;1;1
5;7;12;16;0;;1;1;CU-V-5004;1;6;9;2;;;2;1;1;;;1;3
1;2;5;16;0;;1;1;CM-200;32;6;14;2;;;1;6;1;;;1;1
3;1;18;16;16203;;3;2;No inventariada;;9;2;2;;;1;1;2;;;1;998
4;6;22;16;16203;;3;2;No inventariada;;9;7;2;;;1;4;1;;;1;998
7;6;9;16;16203;;1;1;A-40;226,403;3;4;2;;;1;1;1;;;1;3
7;7;19;16;16203;;1;1;A-3;83,5;3;5;2;;;1;1;1;;;1;1
8;5;15;16;16203;;1;1;A-3;84;3;4;2;;;1;1;1;;;1;1
8;6;10;16;0;;1;1;N-400;91,572;6;12;1;4;A-40;1;1;1;;;1;3
8;2;15;16;16203;;1;1;A-40;235,25;3;16;2;;;1;1;1;;;1;1
10;2;16;16;16203;;1;1;A-3;79;3;18;2;;;3;1;3;;;1;2
6;6;22;16;0;;1;1;A-3;194,172;3;12;2;;;1;6;1;;;10;2
7;2;8;16;0;;1;1;CU-V-8307;17,906;6;12;2;;;1;1;1;;;1;1
7;7;14;16;0;;1;1;A-3;184,4;3;16;2;;;1;1;1;;;1;1
8;4;15;16;0;;1;1;A-3;194;3;4;2;;;1;1;1;;;1;1
12;1;17;16;0;;1;1;A-3;186,8;3;4;2;;;1;1;1;;;6;1
3;6;0;16;0;;3;2;No inventariada;;9;16;2;;;3;4;2;;;1;998
6;6;18;16;0;;1;1;A-40;269,5;3;18;2;;;1;1;1;;;1;3
6;6;13;16;0;;1;1;A-40;273,3;3;3;2;;;1;1;1;;;1;2
7;4;11;16;0;;1;1;A-40;278,95;3;18;2;;;1;1;1;;;1;1
5;7;19;16;0;;1;1;CU-V-7021;0,2;6;18;2;;;1;1;1;;;4;2
2;2;5;16;0;;2;2;CU-V-7021;6;6;19;2;;;1;6;2;;;1;3
9;6;17;16;0;;1;1;CM-2106;33,7;6;3;2;;;1;1;1;;;1;1
5;3;17;16;0;;1;1;CU-V-9142;15,2;6;6;1;2;CU-V-9143;3;1;5;;;5;2
3;7;15;16;0;;1;1;CM-310;149,6;6;16;2;;;3;1;5;;;1;1
5;6;11;16;0;;1;1;CM-2105;17,1;6;10;2;;;1;1;1;;;1;1
8;5;14;16;0;;1;1;A-3;236,2;3;12;2;;;1;1;1;;;1;1
5;6;16;16;0;;1;1;CM-200;2,158;6;16;2;;;1;1;1;;;1;1
8;7;15;16;0;;1;1;CM-310;42,15;6;3;2;;;1;1;1;;;1;2
2;6;18;16;0;;1;1;N-310;197,6;6;12;1;1;;1;1;1;;;1;1
2;1;7;16;0;;1;1;CM-220;53,174;6;4;2;;;1;6;1;;;1;1
5;6;20;16;0;;3;2;No inventariada;;9;12;2;;;1;1;1;;;2;998
7;1;19;16;0;;1;1;CM-220;57,3;6;4;1;2;;1;1;1;;;4;2
9;1;18;16;0;;3;2;No inventariada;;9;2;1;2;;1;1;1;;;1;998
12;1;12;16;0;;1;1;N-310;198,302;6;2;1;1;;1;1;1;;;1;1
8;6;1;16;0;;1;1;CV-1602-0;3,4;10;18;2;;;1;6;1;;;1;2
8;7;9;16;0;;3;2;No inventariada;;14;4;2;;;1;1;1;;;1;998
7;7;16;16;0;;1;1;N-320;160,5;6;4;2;;;1;1;1;;;1;3
4;6;13;16;0;;1;1;N-420;426,5;6;6;2;;;1;1;1;;;1;1
7;6;13;16;0;;1;1;N-420;428,2;6;2;1;2;;1;1;1;;;1;1
10;3;11;16;0;;1;1;N-420;428,3;6;1;1;2;;1;1;1;;;1;1
11;5;5;16;0;;1;1;N-420;430,8;6;4;2;;;1;6;1;;;1;2
12;1;11;16;0;;1;1;N-420;424,4;6;4;1;10;;1;1;1;;;1;1
6;2;12;16;0;;1;1;CU-V-7031;32,5;6;19;2;;;1;1;1;;;1;1
10;2;14;16;0;;1;1;CM-2117;4,5;6;2;2;;;1;1;1;;;1;1
5;1;5;16;0;;1;1;A-3;97,5;3;7;2;;;1;6;1;;;17;1
6;5;11;16;0;;1;1;A-3;97,1;3;4;2;;;1;1;1;;;1;1
8;6;22;16;0;;3;2;No inventariada;;9;7;2;;;1;4;1;;;1;998
4;5;13;16;0;;1;1;A-3;121;3;19;2;;;1;1;2;;;1;1
8;2;17;16;0;;1;1;A-3;122;3;5;2;;;1;1;1;;;1;1
8;2;5;16;0;;1;1;CU-V-2022;5,5;6;18;2;;;1;6;1;;;1;1
10;6;4;16;0;;1;1;CM-310;95,7;6;16;2;;;3;6;2;;;1;2
1;6;14;16;0;;1;1;CM-2100;43;6;18;2;;;1;1;1;;;1;1
4;4;20;16;0;;1;1;CM-2100;45,2;6;16;2;;;1;2;1;;;1;2
11;5;13;16;0;;1;1;CM-2100;37,025;6;16;2;;;1;1;2;;;1;3
6;5;15;16;0;;1;1;A-40;297,65;3;4;2;;;1;1;1;;;1;1
9;5;8;16;16078;;1;1;CM-220;131,13;6;4;2;;;1;1;1;;;1;1