MES;DIA_SEMANA;HORA;COD_PROVINCIA;COD_MUNICIPIO;ISLA;ZONA;ZONA_AGRUPADA;CARRETERA;KM;TIPO_VIA;TIPO_ACCIDENTE;NUDO;NUDO_INFO;CARRETERA_CRUCE;CONDICION_FIRME;CONDICION_ILUMINACION;CONDICION_METEO;CONDICION_NIEBLA;CONDICION_VIENTO;VISIB_RESTRINGIDA_POR;TRAZADO_PLANTA
12;3;9;16;0;;1;1;CM-2100;60,326;6;12;2;;;3;1;3;;;1;2
12;2;8;16;0;;1;1;CM-220;123,4;6;4;2;;;1;1;1;;;6;1
2;6;23;16;0;;1;1;A-3;193,4;3;12;2;;;1;6;1;;;1;2
6;1;7;16;0;;1;1;N-310;189,9;6;2;2;;;1;1;1;;;1;1
8;5;2;16;0;;1;1;N-310;191,269;6;12;1;1;CM-3114;1;6;1;;;1;1
6;6;11;16;0;;1;1;CU-V-9116;11,45;6;12;2;;;1;1;1;;;4;2
6;7;18;16;0;;1;1;CU-V-9116;18,3;6;15;2;;;1;1;1;;;1;3
1;2;0;17;0;;1;1;AP-7;20,5;2;2;2;;;1;6;1;;;999;4
1;2;8;17;0;;2;2;N-2;762,2;6;9;2;4;;8;1;1;;;999;4
1;2;19;17;0;;2;2;GI-401;0,1;6;4;1;999;;1;5;1;;;999;4
1;2;21;17;17079;;3;2;No inventariada;;14;9;1;999;;1;4;1;;;17;998
1;3;7;17;0;;1;1;GI-602;8;6;3;1;999;;1;1;1;;;999;4
1;3;18;17;0;;1;1;AP-7;64,2;2;4;1;999;;1;2;1;;;999;4
1;3;22;17;17213;;1;1;N-2;692,8;6;9;1;999;;8;5;1;;;999;4
1;1;5;17;17079;;3;2;No inventariada;;14;9;2;4;;3;4;1;;;17;998
1;4;6;17;0;;3;2;No inventariada;;14;2;2;2;;1;1;1;;;999;998
1;4;16;17;17213;;1;1;C-35;85;3;4;1;999;;1;1;1;;;999;4
1;4;23;17;17034;;1;1;C-31;318,5;3;8;1;999;;1;6;1;;;999;4
1;3;12;17;17079;;3;2;No inventariada;;14;3;1;999;;1;1;1;;;17;998
1;4;15;17;17079;;3;2;No inventariada;;14;3;2;1;;1;1;1;;;17;998
1;4;18;17;0;;1;1;AP-7;30;2;4;1;999;;1;6;1;;;999;4
1;6;4;17;17199;;2;2;GI-641;1,3;6;19;1;999;;1;6;1;;;999;4
1;6;10;17;0;;1;1;C-65;22,6;6;8;1;999;;1;1;1;;;999;4
1;6;13;17;0;;1;1;C-66;21,8;6;4;2;2;;1;1;1;;;999;4
1;6;13;17;0;;1;1;AP-7;29;2;7;1;999;;1;1;1;;;999;4
1;6;19;17;0;;1;1;N-260;110,1;6;19;1;999;;1;6;1;;;999;4
1;7;22;17;0;;1;1;N-260;32,2;6;8;1;999;;1;6;1;;1;999;4
1;1;3;17;17213;;1;1;C-35;88;3;8;1;999;;1;6;1;;;999;4
1;4;13;17;17079;;3;2;No inventariada;;14;2;1;999;;1;1;1;;;17;998
1;1;9;17;0;;1;1;C-31;340;6;4;2;4;;1;1;1;;;999;4
1;1;16;17;0;;1;1;GI-623;7,5;6;2;1;999;;1;1;1;;;999;4
1;1;16;17;17044;;1;1;C-25;243,7;6;2;1;999;;1;1;1;;;999;4
1;2;8;17;0;;1;1;A-26;77,5;3;6;1;999;;1;1;1;;;999;4
1;3;20;17;17213;;1;1;C-63;7,5;6;8;1;999;;3;6;3;;;999;4
1;1;13;17;17114;;3;2;No inventariada;;14;2;1;999;;1;1;1;;;1;998
1;4;7;17;17147;;1;1;C-26;188;6;19;1;999;;5;1;1;;;999;4
1;4;12;17;0;;1;1;GIV-5217;5;6;19;1;999;;5;1;1;;;999;4
1;4;12;17;17079;;3;2;No inventariada;;14;2;2;4;;1;1;1;;;17;998
1;5;11;17;17049;;1;1;N-2;722;6;1;1;999;;8;1;1;;;999;4
1;5;12;17;0;;1;1;N-260;186,1;6;19;2;4;;1;1;1;;;999;4
1;6;9;17;0;;1;1;GI-513;10,2;6;9;1;999;;3;1;1;;;999;4
1;6;13;17;0;;1;1;N-260z;78,1;6;9;2;2;;1;1;1;;;17;2
1;6;16;17;17202;;1;1;GI-682;33,7;6;19;1;999;;1;1;1;;;17;4
1;7;13;17;0;;1;1;C-38;9;6;4;1;999;;1;1;1;;;999;4
1;7;15;17;17089;;1;1;GIV-6821;0,5;6;19;1;999;;1;1;1;;;999;4
1;1;18;17;17079;;3;2;No inventariada;;14;2;1;999;;1;4;1;;;17;998
1;3;18;17;17079;;3;2;No inventariada;;14;2;2;2;;3;4;3;;;17;998
1;5;17;17;17114;;1;1;N-260a;86;6;2;2;2;;1;2;1;;;999;4
1;6;11;17;17181;;1;1;GI-682;34;6;9;1;999;;1;1;1;;;999;4
1;1;7;17;0;;1;1;A-2;706;3;4;1;999;;1;1;1;;;999;4
1;1;9;17;17103;;1;1;AP-7;84,5;2;20;1;999;;1;1;1;;;999;4
1;3;17;17;0;;2;2;N-154;5,7;14;7;1;999;;1;2;1;;;999;4
1;2;8;17;17193;;1;1;AP-7;79,3;2;19;1;999;;3;1;1;;;999;4
1;2;18;17;0;;1;1;C-31;378,6;6;9;1;999;;1;2;1;;;999;4
1;2;13;17;17114;;3;2;No inventariada;;14;2;2;1;;1;1;1;;;17;998
1;7;13;17;17114;;3;2;No inventariada;;14;2;2;1;;1;1;1;;;17;998
1;3;16;17;17079;;3;2;No inventariada;;14;2;2;1;;1;1;1;;;17;998
1;1;12;17;17114;;3;2;No inventariada;;14;7;1;999;;1;1;1;;;17;998
1;3;8;17;0;;1;1;No inventariada;0,3;6;19;1;999;;8;2;1;;;999;4
1;7;21;17;17066;;3;2;No inventariada;;14;2;2;4;;1;4;1;;;17;998
1;4;22;17;17066;;3;2;No inventariada;;14;9;2;2;;1;4;1;;;17;998
1;5;20;17;17079;;3;2;No inventariada;;14;4;1;999;;1;1;1;;;17;998
1;4;15;17;17160;;1;1;GI-682;39,5;6;19;1;999;;1;1;1;;;999;4
1;4;22;17;17079;;3;2;No inventariada;;14;18;1;999;;3;4;3;;;17;998
1;3;18;17;17114;;3;2;No inventariada;;14;7;1;999;;3;4;3;;;17;998
1;5;8;17;0;;1;1;C-31;375,6;6;20;1;999;;3;1;3;;;999;4
1;5;14;17;17079;;1;1;No inventariada;0;6;2;2;4;;3;1;3;;;999;4
1;6;17;17;17202;;1;1;GI-681;8;6;19;1;999;;1;2;1;;;999;4
1;6;17;17;17095;;1;1;GI-682;14,3;6;3;2;2;;1;1;1;;;999;4
1;6;19;17;0;;3;2;No inventariada;;14;19;1;999;;1;4;1;;;999;998
1;6;23;17;17066;;1;1;GIP-5106;1,5;6;1;1;999;;1;6;1;;;17;3
1;2;5;17;17079;;3;2;No inventariada;;14;19;1;999;;1;6;1;;;4;998
1;7;10;17;0;;1;1;GI-632;1,5;6;3;1;999;;1;1;1;;;999;4
1;7;13;17;0;;1;1;N-260;64;6;9;1;999;;1;1;1;;;999;4
1;6;15;17;17079;;3;2;No inventariada;;14;4;1;999;;1;1;1;;;17;998
1;1;10;17;17213;;1;1;C-35;86,5;3;19;1;999;;1;1;1;;;999;4
1;1;15;17;17089;;1;1;C-65;8,1;6;3;1;999;;1;1;1;;;999;4
1;1;17;17;0;;1;1;GIV-5146;1;6;7;1;999;;1;6;1;;;999;4
1;5;14;17;17079;;3;2;No inventariada;;14;9;1;999;;3;1;3;;;17;998
1;6;11;17;17079;;3;2;No inventariada;;14;2;1;999;;1;1;1;;;17;998
1;1;18;17;17213;;1;1;C-63;11,5;6;2;1;999;;3;6;1;;;999;4
1;2;12;17;17008;;1;1;C-63;37,8;6;19;1;999;;1;1;1;;;999;4
1;2;20;17;17199;;1;1;GI-641;2,2;6;8;1;999;;1;6;1;;;999;4
1;4;11;17;17079;;3;2;No inventariada;;14;2;2;1;;1;1;1;;;17;998
1;5;16;17;17079;;3;2;No inventariada;;14;2;2;1;;3;1;3;;;17;998
1;3;13;17;0;;1;1;GI-552;3;6;19;1;999;;1;1;1;;;999;4
1;3;14;17;0;;2;2;GI-531;4,1;6;19;2;4;;8;1;1;;;999;4
1;3;23;17;0;;1;1;N-2;771,4;6;3;1;999;;1;6;1;;;17;2
1;2;14;17;17114;;2;2;C-152;48,8;14;7;1;999;;1;1;1;;;17;4
1;1;15;17;17079;;3;2;No inventariada;;14;2;2;4;;1;1;1;;;17;998
1;4;7;17;17095;;1;1;GI-682;13;6;19;1;999;;3;1;1;;;999;4
1;4;8;17;0;;1;1;C-65;22,9;6;4;1;999;;1;1;1;;;999;4
1;3;20;17;0;;3;2;No inventariada;;14;7;1;999;;1;1;1;;;17;998
1;4;12;17;17048;;1;1;GIV-6621;1,3;6;3;1;999;;1;1;1;;;4;2
1;4;14;17;17009;;1;1;GI-551;2;6;9;1;999;;1;1;1;;;999;4
1;4;18;17;17186;;1;1;AP-7;57;2;4;1;999;;1;5;1;;;999;4
1;4;21;17;0;;1;1;C-162;9,1;6;2;1;999;;1;6;1;;;999;4
1;4;22;17;17221;;3;2;No inventariada;;14;1;1;999;;1;6;1;;;999;998
1;5;10;17;17114;;3;2;No inventariada;;14;7;2;1;;3;1;3;;;17;998
1;4;14;17;17114;;3;2;No inventariada;;14;7;1;999;;1;1;1;;;17;998
1;6;5;17;17103;;1;1;C-35;79;14;19;1;999;;1;6;1;;;999;4
1;6;12;17;0;;3;2;No inventariada;;14;3;2;2;;1;1;1;;;999;998
1;6;17;17;17213;;1;1;C-63;10;6;3;1;999;;1;1;1;;;999;4
1;2;14;17;17114;;2;2;C-153;61;14;7;1;999;;1;1;1;;;1;1
1;1;1;17;0;;1;1;GIV-6024;4,9;6;8;1;999;;1;6;1;;;999;4
1;6;13;17;17079;;3;2;No inventariada;;14;4;1;999;;1;1;1;;;17;998
1;4;7;17;17033;;3;2;No inventariada;58;14;7;1;999;;1;1;1;;;17;998
1;7;5;17;0;;1;1;GIV-5211;3,4;6;19;1;999;;1;6;1;;;999;4
1;2;10;17;0;;3;2;No inventariada;;14;2;2;1;;1;1;1;;;999;998
1;5;15;17;0;;1;1;No inventariada;5,3;6;19;1;999;;3;1;3;;;999;4
1;2;7;17;0;;1;1;AP-7;44;2;4;1;999;;1;5;1;;;999;4
1;3;9;17;17164;;1;1;GI-550;9,5;6;1;1;999;;1;1;1;;;999;4
1;3;17;17;0;;1;1;C-66;24;6;9;1;999;;1;1;1;;;999;4
1;3;15;17;0;;1;1;N-2;711;6;1;1;999;;1;1;1;;;17;1
1;4;10;17;17079;;3;2;No inventariada;;14;4;1;999;;1;1;1;;;17;998
1;2;10;17;17079;;3;2;No inventariada;;14;2;2;1;;1;1;1;;;17;998
1;7;20;17;17199;;1;1;GI-641;2,1;6;8;1;999;;1;6;1;;;999;4
2;4;8;17;0;;3;2;No inventariada;;14;2;2;4;;1;1;1;;;17;998
2;4;9;17;17103;;1;1;AP-7;86;2;4;1;999;;1;1;1;;;17;1
2;4;12;17;0;;1;1;C-66;38,5;3;19;2;2;;1;1;1;;;999;4
2;4;11;17;0;;1;1;AP-7;1,2;2;4;1;999;;1;1;1;;;999;4
2;4;23;17;0;;1;1;C-26;182,2;6;6;1;999;;1;6;1;;;999;4
1;1;19;17;17079;;3;2;No inventariada;;14;7;1;999;;1;1;1;;;17;998
1;7;21;17;0;;3;2;No inventariada;;14;9;1;999;;1;4;1;;;999;998
2;5;13;17;0;;3;2;No inventariada;;14;2;2;1;;1;1;1;;;999;998
2;5;18;17;0;;1;1;GIV-4082;1,1;6;19;1;999;;1;2;1;;;999;4
2;5;23;17;0;;2;2;GI-634;0,1;14;6;1;999;;1;4;1;;;999;4
2;6;10;17;17049;;1;1;C-66;30;6;20;2;4;;1;1;1;;;999;4
2;6;15;17;0;;2;2;N-2;775,8;6;19;2;4;;1;1;1;;;999;4
1;7;9;17;17066;;3;2;No inventariada;;14;2;2;4;;1;1;1;;;17;998
1;1;7;17;17118;;3;2;No inventariada;;14;20;1;999;;1;1;1;;;17;998
2;7;7;17;17020;;3;2;No inventariada;;14;19;1;999;;1;2;1;;;999;998
2;7;12;17;0;;1;1;GI-660;6;6;9;1;999;;1;1;1;;;999;4
2;7;14;17;0;;1;1;C-66;50,9;6;1;1;999;;1;1;1;;;17;2
2;7;16;17;0;;1;1;C-66;22,8;6;1;1;999;;1;1;1;;;17;1
2;1;5;17;17079;;3;2;No inventariada;;14;2;2;1;;1;4;1;;;17;998
1;6;6;17;17079;;3;2;No inventariada;;14;2;2;1;;1;1;1;;;17;998
2;1;7;17;0;;1;1;C-66;21;6;19;1;999;;1;1;1;;;999;4
2;1;17;17;0;;1;1;N-260;50,3;6;4;2;2;;1;1;1;;;999;4
2;1;13;17;0;;1;1;C-31;366,4;6;1;1;999;;1;1;1;;;17;1
2;1;7;17;17079;;3;2;No inventariada;;14;9;1;999;;1;1;1;;;17;998
2;6;11;17;17079;;3;2;No inventariada;;14;2;1;999;;1;1;1;;;17;998
2;2;8;17;17079;;2;2;GI-533;1,7;6;4;2;4;;1;1;1;;;999;4
2;2;16;17;17180;;1;1;GI-551;17,5;6;19;1;999;;1;1;1;;;999;4
2;2;8;17;17079;;3;2;No inventariada;;14;9;1;999;;1;1;1;;;17;998
2;2;20;17;17079;;3;2;No inventariada;;14;9;1;999;;1;4;1;;;17;998
2;5;20;17;17079;;3;2;No inventariada;;14;4;1;999;;1;5;1;;;17;998
2;6;12;17;0;;1;1;GI-664;12;6;9;1;999;;8;1;1;;;999;4
2;3;5;17;17213;;1;1;N-2;692,1;6;19;1;999;;1;6;1;;;999;4
2;3;6;17;17103;;1;1;AP-7;85,1;2;2;1;999;;1;6;1;;;17;1
2;7;19;17;17079;;3;2;No inventariada;;14;2;2;2;;1;1;1;;;17;998
1;3;15;17;0;;1;1;C-66;40;3;4;1;999;;1;1;1;;;999;4
2;4;11;17;17221;;3;2;No inventariada;;14;2;2;2;;1;1;1;;;999;998
2;4;14;17;0;;2;2;GIV-5225;2,2;6;9;1;999;;8;1;1;;;999;4
2;4;14;17;0;;1;1;GI-531;10,7;6;9;1;999;;1;1;1;;;999;4
2;5;14;17;17114;;3;2;No inventariada;;14;2;2;1;;1;1;1;;;17;998
2;3;19;17;17079;;3;2;No inventariada;;14;2;1;999;;1;4;1;;;17;998
2;5;7;17;0;;1;1;N-260;112,7;6;8;1;999;;1;6;1;;;999;4
2;5;13;17;17199;;2;2;C-31;350;6;20;1;999;;1;1;1;;;999;4
2;5;14;17;0;;1;1;C-17;85,7;3;20;1;999;;3;1;1;;;999;4
2;5;20;17;17062;;1;1;GI-632;7;6;8;1;999;;1;6;1;;;999;4
1;3;15;17;17079;;3;2;No inventariada;;14;2;2;4;;1;1;1;;;17;998
2;3;20;17;0;;1;1;GI-533;10,5;14;19;1;999;;1;5;1;;;999;4
2;6;7;17;0;;1;1;No inventariada;0;6;19;1;999;;3;4;3;;;999;4
2;6;11;17;0;;2;2;C-150a;15,5;6;4;2;2;;3;1;3;;;999;4
2;6;12;17;17089;;1;1;GIV-6821;7,5;6;9;1;999;;3;1;3;;;999;4
2;6;12;17;0;;1;1;GI-401;2,3;6;19;1;999;;1;1;1;;;999;4
2;6;13;17;0;;1;1;N-260;26,8;6;3;1;999;;1;1;3;;;999;4
2;6;17;17;17020;;1;1;N-141e;106,9;6;1;1;999;;3;1;1;;;999;4
2;6;19;17;17048;;1;1;C-31;316;3;19;1;999;;3;4;3;;;999;4
2;7;1;17;17117;;1;1;C-31;333;3;19;2;4;;3;4;1;;;999;4
2;5;20;17;17114;;3;2;No inventariada;;14;1;2;2;;1;4;1;;;1;998
2;4;15;17;17114;;3;2;No inventariada;;14;2;2;1;;1;1;1;;;1;998
2;7;16;17;0;;1;1;C-65;22,4;6;19;1;999;;1;1;1;;;999;4
2;7;16;17;0;;1;1;C-25;241,5;6;3;1;999;;1;1;1;;;999;4
2;1;7;17;17079;;3;2;No inventariada;;14;2;2;4;;1;2;1;;;17;998
2;5;17;17;17066;;1;1;N-2;755,4;6;4;2;2;;1;1;1;;;999;4
2;1;18;17;0;;1;1;C-66;33,7;6;4;1;999;;1;1;1;;;999;4
2;1;18;17;0;;1;1;GI-603;3,6;6;20;2;2;;1;1;1;;;17;4
2;2;20;17;0;;1;1;GI-514;0,8;6;19;1;999;;1;6;1;;;999;4
2;6;19;17;17199;;2;2;GI-641;0,1;6;1;2;1;;1;4;1;;;17;1
2;2;17;17;17089;;1;1;GI-681;2,2;6;20;1;999;;1;1;1;;;17;4
2;2;19;17;17213;;1;1;N-2;692;6;20;1;999;;1;6;1;;;999;4
2;4;4;17;17079;;3;2;No inventariada;;14;19;1;999;;1;4;1;;;17;998
2;3;5;17;0;;1;1;N-2;744,9;6;6;1;999;;3;6;1;;;999;4
2;3;18;17;0;;1;1;C-65;25,1;6;2;1;999;;1;4;1;;;999;4
2;4;7;17;17079;;3;2;No inventariada;;14;2;2;2;;1;4;1;;;17;998
1;4;13;17;17009;;1;1;GI-550;4;6;3;1;999;;1;1;1;;;999;4
2;3;10;17;0;;1;1;C-31;347,7;6;4;1;999;;1;1;1;;;999;4
2;4;10;17;0;;1;1;N-260;95,3;6;19;1;999;;1;1;1;;;999;4
2;4;19;17;0;;1;1;GIV-4082;2,4;6;8;1;999;;1;6;1;;;999;4
2;4;21;17;0;;1;1;AP-7;53,9;2;3;1;999;;1;6;1;;;999;4
2;5;20;17;0;;1;1;C-162;9,2;6;2;2;1;;1;6;1;;;999;4
2;2;17;17;17079;;3;2;No inventariada;;14;2;1;999;;1;1;1;;;17;998
2;6;13;17;17202;;1;1;GI-682;30,5;6;19;1;999;;1;1;1;;;999;4
2;6;15;17;0;;1;1;C-37;172,2;6;4;1;999;;1;1;1;;;999;4
2;6;17;17;17049;;1;1;N-2;722;6;1;1;999;;1;1;1;;;999;4
2;6;21;17;17193;;1;1;C-63;14,3;6;20;2;4;;1;4;1;;;999;4
2;2;21;17;17155;;2;2;GI-535;1;14;20;1;999;;1;1;1;;;17;4
2;7;12;17;17047;;1;1;C-260;35,1;3;2;1;999;;1;1;1;;;999;4
2;7;14;17;17160;;1;1;GI-682;40,3;6;9;1;999;;1;1;1;;;999;4
2;6;13;17;17079;;3;2;No inventariada;;14;9;1;999;;1;1;1;;;17;998
2;5;18;17;17079;;3;2;No inventariada;;14;2;2;2;;1;4;1;;;17;998
2;6;21;17;17079;;3;2;No inventariada;;14;7;1;999;;1;4;1;;;17;998
2;1;19;17;17092;;1;1;N-260;17,5;6;3;2;2;;1;4;1;;;999;4
2;1;10;17;0;;1;1;C-31;348,6;6;9;1;999;;1;1;1;;;999;4
2;1;11;17;0;;1;1;N-260;89,4;6;4;1;999;;1;1;1;;;999;4
2;1;16;17;17114;;3;2;No inventariada;;14;2;2;1;;1;1;1;;;17;998
2;4;15;17;17114;;3;2;No inventariada;;14;18;1;999;;1;1;1;;;17;998
2;2;18;17;0;;1;1;N-260;141,1;6;19;1;999;;1;1;1;;;999;4
2;2;22;17;17062;;1;1;GIV-6322;2,7;6;19;1;999;;1;6;1;;;999;4
2;7;15;17;17114;;3;2;No inventariada;;14;6;1;999;;1;1;1;;;17;998
2;3;14;17;17079;;3;2;No inventariada;;14;2;1;999;;1;1;1;;;17;998
2;1;15;17;17079;;3;2;No inventariada;;14;3;1;999;;1;1;1;;;17;998
1;7;12;17;17079;;3;2;No inventariada;;14;3;1;999;;1;1;1;;;1;998
2;2;10;17;17114;;3;2;No inventariada;;14;7;2;1;;1;1;1;;;1;998
2;3;22;17;17164;;1;1;No inventariada;0;6;19;1;999;;1;4;1;;;999;4
2;5;14;17;17066;;3;2;No inventariada;;14;4;1;999;;1;1;1;;;17;998
2;2;18;17;17066;;3;2;No inventariada;;14;2;2;1;;1;2;1;;;17;998
2;6;11;17;17066;;3;2;No inventariada;;14;7;2;1;;1;1;1;;;17;998
2;4;19;17;17079;;3;2;No inventariada;;14;4;2;4;;1;4;1;;;17;998
2;6;11;17;17079;;3;2;No inventariada;;14;1;1;999;;3;1;3;;;17;998
2;7;4;17;17118;;3;2;C-256;0;14;20;1;999;;1;1;1;;;17;998
2;4;19;17;0;;1;1;C-162;4,5;6;19;1;999;;1;6;1;;;999;4
2;5;6;17;17020;;3;2;No inventariada;;14;1;1;999;;3;4;3;;;999;998
2;5;8;17;17089;;1;1;C-65;15;6;4;1;999;;3;1;1;;;999;4
2;5;8;17;17118;;1;1;C-31;326,5;3;4;1;999;;3;1;1;;;999;4
2;5;14;17;0;;1;1;GIV-6024;6,3;6;19;1;999;;3;1;3;;;999;4
2;5;14;17;0;;1;1;C-65;23,5;6;4;1;999;;1;1;1;;;999;4
2;5;19;17;17221;;3;2;No inventariada;;14;20;2;1;;1;4;1;;;999;998
2;5;21;17;17020;;1;1;N-141e;111,2;6;19;1;999;;1;6;1;;;999;4
2;2;20;17;17079;;3;2;No inventariada;;14;4;1;999;;1;4;1;;;17;998
2;6;11;17;0;;1;1;N-2a;1,1;6;19;1;999;;1;1;1;;;999;4
2;6;11;17;0;;1;1;C-35;72,2;6;9;2;4;;8;1;1;;;999;4
2;6;22;17;17008;;1;1;N-141e;101,5;6;19;2;4;;1;6;1;;;999;4
2;1;21;17;17079;;3;2;No inventariada;;14;2;2;4;;1;4;1;;;17;998
2;3;16;17;17079;;3;2;No inventariada;;14;4;1;999;;1;1;1;;;17;998
2;5;23;17;17118;;1;1;C-31;326;3;19;1;999;;1;4;1;;;999;4
2;7;12;17;17034;;1;1;GI-660;10,6;6;20;1;999;;1;1;1;;;17;2
2;7;13;17;0;;1;1;GI-664;7;6;9;1;999;;1;1;1;;;999;4
2;5;13;17;17079;;3;2;No inventariada;;14;7;1;999;;1;1;1;;;17;998
2;2;19;17;17114;;3;2;No inventariada;;14;4;1;999;;1;1;1;;;17;998
2;2;21;17;17114;;3;2;No inventariada;;14;2;2;2;;1;4;1;;;17;998
2;5;22;17;17114;;3;2;No inventariada;;14;9;1;999;;1;5;1;;;17;998
2;2;11;17;0;;1;1;GIV-6703;3,2;6;1;1;999;;3;1;1;;;999;4
2;2;14;17;0;;1;1;GI-642;1,8;6;19;1;999;;1;1;1;;;999;4
2;2;18;17;0;;1;1;C-31;346,5;6;19;1;999;;1;1;1;;1;999;4
2;4;18;17;17066;;3;2;No inventariada;;14;7;1;999;;1;1;1;;;17;998
2;7;10;17;17066;;3;2;No inventariada;;14;7;1;999;;1;1;1;;;17;998
2;5;15;17;17066;;3;2;No inventariada;;14;3;2;1;;1;1;1;;;17;998
2;7;14;17;17114;;3;2;No inventariada;;14;2;2;1;;1;1;1;;;17;998
2;6;17;17;17095;;1;1;GI-682;8,7;6;4;1;999;;1;1;1;;;999;4
2;4;3;17;0;;1;1;C-66;35,6;3;20;1;999;;1;6;1;;;999;4
2;1;19;17;17079;;3;2;No inventariada;;14;2;2;4;;1;4;1;;;17;998
2;5;13;17;17155;;3;2;No inventariada;;14;20;1;999;;1;1;1;;;17;998
2;4;14;17;17221;;3;2;No inventariada;;14;7;1;999;;1;1;1;;;17;998
2;4;13;17;17199;;2;2;C-31;350;14;1;1;999;;1;1;1;;;999;4
2;4;15;17;17117;;2;2;GIV-6591;1,1;6;19;1;999;;1;1;1;;;17;4
1;3;18;17;17015;;3;2;No inventariada;;14;4;1;999;;1;4;1;;;17;998
2;3;17;17;17079;;3;2;No inventariada;;14;4;1;999;;1;1;1;;;17;998
3;5;12;17;0;;1;1;GI-623;5,2;6;9;2;4;;8;1;1;;;999;4
3;5;17;17;0;;2;2;C-252;7,1;14;4;1;999;;1;1;1;;;999;4
3;5;11;17;0;;1;1;N-260;45;6;4;1;999;;1;1;1;;;999;4
3;6;3;17;0;;1;1;C-66;57,4;6;19;2;;;1;6;1;;;999;4
3;6;23;17;0;;1;1;C-31;347,5;6;19;1;999;;1;6;1;;;999;4
3;1;18;17;0;;1;1;AP-7;20,4;2;19;2;4;;1;1;1;;;17;4
3;5;13;17;17079;;3;2;No inventariada;;14;2;2;1;;1;1;1;;;17;998
2;6;20;17;17199;;1;1;GI-641;2,5;6;8;1;999;;1;6;1;;;999;4
3;5;13;17;0;;1;1;N-260z;80,2;6;2;2;2;;1;1;1;;;999;4
3;2;21;17;0;;3;2;No inventariada;;14;20;2;4;;1;4;1;;;999;998
3;2;8;17;17079;;3;2;No inventariada;;14;7;1;999;;1;1;1;;;17;998
3;2;14;17;17079;;3;2;No inventariada;;14;9;1;999;;8;1;3;;;17;998
3;3;11;17;0;;1;1;C-65;24,5;6;4;1;999;;1;1;1;;;999;4
3;3;21;17;0;;1;1;GIP-6041;7,9;6;8;1;999;;1;6;1;;;999;4
3;5;13;17;17079;;3;2;No inventariada;;14;4;1;999;;1;1;1;;;17;998
3;4;12;17;0;;2;2;N-2a;710;14;19;2;;;1;1;1;;;999;4
3;4;17;17;0;;2;2;C-150a;15,9;14;19;2;4;;1;1;1;;;999;4
3;4;10;17;17079;;3;2;No inventariada;;14;7;1;999;;1;1;1;;;17;998
3;4;16;17;17114;;3;2;No inventariada;;14;4;1;999;;1;1;1;;;17;998
3;5;23;17;17079;;3;2;No inventariada;;14;2;2;4;;1;1;1;;;17;998
2;7;14;17;17202;;1;1;GI-682;31,5;6;9;1;999;;8;1;1;;;999;4
3;5;6;17;17213;;1;1;N-2;691,7;6;1;1;999;;1;1;1;;;17;4
3;5;11;17;0;;2;2;N-260;63,9;14;20;1;999;;1;1;1;;;999;4
3;6;11;17;17033;;1;1;A-2;698,4;3;4;1;999;;3;1;4;;;999;4
3;6;13;17;17221;;2;2;N-260;38,5;6;4;1;999;;3;1;3;;;999;4
3;6;14;17;0;;1;1;AP-7;6,8;2;3;1;999;;3;1;4;;;999;4
3;6;19;17;0;;1;1;AP-7;54,8;2;19;1;999;;3;6;3;;;999;4
3;5;8;17;17103;;1;1;C-35;74,8;6;19;1;999;;3;1;3;;;999;4
3;7;10;17;0;;1;1;GIV-5105;3,7;6;19;1;999;;1;1;1;;;999;4
3;7;14;17;17020;;1;1;GI-540;0,9;6;19;1;999;;1;1;1;;;999;4
3;7;15;17;0;;1;1;GIP-5121;13,2;6;19;1;999;;1;1;1;;;999;4
3;1;6;17;17079;;3;2;No inventariada;;14;9;1;999;;1;1;1;;;17;998
3;7;8;17;17079;;3;2;No inventariada;;14;2;2;4;;3;1;3;;;17;998
3;5;7;17;17079;;3;2;No inventariada;;14;2;2;1;;1;4;1;;;9;998
2;7;15;17;0;;1;1;GI-503;3,9;6;20;1;999;;1;1;1;;;999;4
3;1;19;17;0;;1;1;GIV-6216;3,9;6;1;1;999;;1;6;3;;;5;2
3;1;22;17;0;;1;1;GI-531;10,6;6;3;1;999;;1;6;1;;;999;4
2;4;20;17;17079;;3;2;No inventariada;;14;9;1;999;;1;4;1;;;17;998
3;1;19;17;17079;;3;2;No inventariada;;14;2;2;2;;1;2;1;;1;17;998
3;4;8;17;17066;;3;2;No inventariada;;14;7;2;1;;1;1;1;;;17;998
3;5;18;17;17066;;3;2;No inventariada;;14;9;2;4;;1;1;1;;;17;998
2;2;16;17;17066;;3;2;No inventariada;;14;7;1;999;;1;1;1;;;17;998
2;6;11;17;17066;;3;2;No inventariada;;14;4;2;4;;1;1;1;;;17;998
3;1;15;17;17034;;1;1;GIV-6612;15;6;19;1;999;;3;1;3;;;999;4
3;1;15;17;17066;;1;1;N-2;755;6;1;2;;;1;1;1;;;17;4
3;2;11;17;0;;3;2;No inventariada;;14;6;1;999;;1;1;1;;;999;998
3;6;17;17;17009;;1;1;C-25;212;3;19;1;999;;1;5;1;;;999;4
3;6;20;17;0;;1;1;AP-7;55;2;4;1;999;;3;6;3;;;999;4
3;1;20;17;0;;1;1;C-35;62;6;7;2;4;;3;5;3;;;999;4
3;3;8;17;17044;;1;1;C-65;20;6;4;1;999;;1;1;1;;;999;4
3;3;16;17;0;;1;1;C-152;3,6;6;2;2;1;;1;1;1;;;999;4
3;3;19;17;0;;2;2;C-66;12,9;6;9;2;4;;8;6;1;;;999;4
3;3;20;17;17103;;1;1;N-2;690,5;6;20;1;999;;1;6;1;;;999;4
3;1;18;17;17023;;2;2;GI-682;5,9;14;2;1;999;;1;1;1;;;17;4