MES;DIA_SEMANA;HORA;COD_PROVINCIA;COD_MUNICIPIO;ISLA;ZONA;ZONA_AGRUPADA;CARRETERA;KM;TIPO_VIA;TIPO_ACCIDENTE;NUDO;NUDO_INFO;CARRETERA_CRUCE;CONDICION_FIRME;CONDICION_ILUMINACION;CONDICION_METEO;CONDICION_NIEBLA;CONDICION_VIENTO;VISIB_RESTRINGIDA_POR;TRAZADO_PLANTA
3;2;7;17;0;;1;1;No inventariada;0,6;6;2;1;999;;1;1;1;;;17;2
3;3;10;17;0;;1;1;N-2;763;6;2;2;2;;1;1;1;;;999;4
3;4;13;17;0;;1;1;N-260;31,4;6;20;2;;;1;1;1;;;999;4
3;4;17;17;0;;1;1;No inventariada;1;6;2;2;1;;1;1;1;;;999;4
3;1;16;17;17079;;3;2;No inventariada;;14;2;1;999;;1;1;1;;;17;998
3;5;15;17;17089;;1;1;GI-681;3,8;6;9;1;999;;1;1;1;;;999;4
3;5;17;17;0;;1;1;AP-7;70,9;2;6;1;999;;3;1;4;;;999;4
3;5;23;17;17008;;1;1;C-63;38;6;19;2;4;;1;6;1;;;8;1
3;1;11;17;17066;;3;2;No inventariada;;14;7;2;1;;1;1;1;;;17;998
3;6;11;17;0;;1;1;C-63;21,6;6;9;1;999;;1;1;1;;;999;4
3;6;19;17;17164;;1;1;GI-550;6,6;6;3;1;999;;1;6;1;;;999;4
3;2;8;17;17066;;2;2;N-2a;5,8;14;3;1;999;;1;1;1;;;17;4
3;7;10;17;0;;3;2;No inventariada;;14;9;1;999;;8;1;1;;;999;998
3;7;13;17;0;;1;1;GI-503;4;6;19;1;999;;1;1;1;;;999;4
3;7;20;17;0;;1;1;N-2;751,2;6;4;1;999;;1;6;1;;;999;4
3;5;11;17;17079;;3;2;No inventariada;;14;2;2;1;;1;1;1;;;17;998
3;2;19;17;17079;;3;2;No inventariada;;14;2;2;2;;3;4;1;;;17;998
3;2;14;17;17079;;3;2;No inventariada;;14;2;2;4;;3;1;3;;;17;998
3;7;11;17;0;;2;2;GI-552;0,5;6;7;1;999;;1;1;1;;;999;4
3;4;14;17;0;;1;1;C-66;3,1;6;4;1;999;;1;1;1;;;999;4
3;1;13;17;17089;;1;1;C-35;98,1;3;20;1;999;;1;1;1;;;999;4
3;1;15;17;17152;;1;1;C-260;42;3;19;1;999;;1;1;1;;;17;4
3;2;0;17;0;;1;1;N-260;190;6;19;1;999;;1;6;1;;;999;4
3;5;16;17;17079;;3;2;No inventariada;;14;9;2;2;;1;1;1;;;17;998
3;3;17;17;0;;3;2;No inventariada;;14;20;1;999;;1;1;1;;;999;998
3;5;11;17;17202;;1;1;GI-682;19,2;6;4;2;2;;1;1;1;;;999;4
3;1;10;17;17199;;1;1;GI-641;4,3;6;20;1;999;;1;1;1;;;17;4
3;2;19;17;0;;1;1;GI-552;3,1;6;19;1;999;;1;6;1;;;999;4
3;2;21;17;0;;1;1;AP-7;1;2;3;2;;;1;5;1;;;999;4
3;2;16;17;17079;;3;2;No inventariada;;14;7;2;1;;1;1;1;;;17;998
3;1;13;17;17079;;3;2;No inventariada;;14;2;2;1;;1;1;1;;;17;998
3;1;2;17;17079;;3;2;No inventariada;;14;9;2;2;;1;4;1;;;17;998
3;6;10;17;0;;1;1;C-150a;14,7;6;2;1;999;;1;1;1;;;999;4
3;3;6;17;0;;1;1;GI-524;18,3;6;19;1;999;;1;2;1;;;999;4
3;3;7;17;17044;;1;1;C-65;17,3;6;19;2;4;;8;1;1;;;999;4
3;3;12;17;0;;1;1;GI-623;5,5;6;4;1;999;;1;1;1;;;999;4
3;3;14;17;0;;3;2;No inventariada;;14;4;1;999;;1;1;1;;;999;998
3;2;11;17;17079;;3;2;No inventariada;;14;2;1;999;;1;1;1;;;17;998
3;2;16;17;0;;1;1;GI-610;8,2;6;19;1;999;;1;1;1;;;999;4
3;7;19;17;17202;;1;1;GI-682;29,4;6;20;1;999;;1;6;1;;;999;4
3;4;14;17;0;;2;2;C-150a;15,5;14;4;2;2;;1;1;1;;;999;4
3;4;13;17;17048;;1;1;C-31;316;3;20;2;;;1;1;1;;;17;4
3;4;18;17;0;;1;1;N-260;190,2;6;19;1;999;;1;1;1;;;999;4
2;4;13;17;17066;;3;2;No inventariada;;14;4;1;999;;1;1;1;;;17;998
3;2;15;17;17066;;3;2;No inventariada;;14;7;2;1;;1;1;1;;;17;998
3;4;11;17;17079;;3;2;No inventariada;;14;2;2;1;;1;1;1;;;17;998
3;4;15;17;17015;;2;2;GI-524;32,7;14;6;1;999;;1;1;1;;;17;4
3;4;16;17;17015;;3;2;No inventariada;;14;1;1;999;;1;1;1;;;17;998
3;4;13;17;0;;1;1;GI-524;31,1;6;9;1;999;;1;1;1;;;999;4
3;5;8;17;0;;1;1;C-66;21;6;19;1;999;;1;1;1;;;999;4
3;5;10;17;0;;1;1;N-154;3,3;6;19;1;999;;1;1;1;;;999;4
3;5;14;17;0;;1;1;AP-7;64;2;4;1;999;;1;1;1;;;999;4
3;6;7;17;0;;1;1;C-66;7;6;3;2;4;;1;1;1;;;999;4
3;6;6;17;17103;;1;1;AP-7;92,5;2;4;1;999;;1;1;1;;;17;4
3;6;16;17;0;;1;1;N-260;13,7;6;20;1;999;;1;1;1;;;17;4
3;6;17;17;0;;1;1;GI-524;18;6;20;1;999;;1;1;1;;;17;4
3;7;7;17;17034;;1;1;GI-667;0,1;6;9;2;4;;3;1;3;;;999;4
3;7;12;17;17008;;1;1;GI-542;3;6;9;1;999;;1;1;1;;;999;4
3;7;13;17;17164;;2;2;GI-542;24,3;14;9;1;999;;1;1;1;;;999;4
3;7;12;17;0;;1;1;N-260;8,9;6;1;1;999;;1;1;1;;;999;4
3;6;19;17;17114;;2;2;C-153;61,2;14;7;1;999;;3;4;1;;;17;4
3;7;13;17;0;;1;1;N-260;10;6;1;1;999;;1;1;1;;;999;4
3;1;16;17;0;;2;2;N-2a;710;6;4;1;999;;1;1;1;;;999;4
3;6;5;17;17047;;1;1;No inventariada;1;6;19;1;999;;1;6;1;;;999;4
3;2;6;17;17020;;1;1;N-141e;105,2;6;19;1;999;;3;1;3;;;999;4
3;2;15;17;0;;1;1;A-2;704,5;3;3;1;999;;1;1;1;;;999;4
3;2;16;17;0;;1;1;GI-531;21,7;6;20;1;999;;1;1;1;;;999;4
3;2;11;17;17079;;3;2;No inventariada;;14;2;2;1;;3;1;1;;;17;998
2;3;8;17;17015;;3;2;No inventariada;;14;6;1;999;;1;1;1;;;17;998
3;1;18;17;17114;;3;2;No inventariada;;14;7;1;999;;1;1;3;;;1;998
3;7;10;17;0;;2;2;N-2;775,7;6;9;2;4;;8;1;1;;;999;4
3;3;19;17;0;;1;1;N-2;779;6;1;1;999;;1;2;1;;;17;2
1;2;16;17;17152;;3;2;No inventariada;;14;19;1;999;;1;1;1;;;17;998
3;4;21;17;17079;;3;2;No inventariada;;14;2;1;999;;1;5;1;;;17;998
3;4;10;17;0;;1;1;N-260;184;6;2;2;4;;1;1;1;;;999;4
3;4;12;17;0;;3;2;No inventariada;;14;19;1;999;;1;1;1;;;999;998
3;4;14;17;0;;1;1;C-162;9,3;6;2;1;999;;1;1;1;;;999;4
3;4;15;17;0;;1;1;No inventariada;0;6;9;1;999;;1;1;1;;;999;4
3;4;19;17;0;;2;2;C-66;26,5;6;20;1;999;;1;2;1;;;999;4
3;3;19;17;17089;;1;1;C-65;14,5;6;4;1;999;;1;4;1;;;999;4
3;5;9;17;17103;;1;1;N-2;688,5;6;3;1;999;;1;1;1;;;17;4
3;5;17;17;0;;1;1;GI-552;3,7;6;1;1;999;;1;1;1;;;17;1
3;1;21;17;17079;;3;2;No inventariada;;14;9;2;1;;3;4;3;;;17;998
3;1;17;17;17066;;3;2;No inventariada;;14;7;1;999;;1;1;1;;;17;998
3;3;14;17;17066;;3;2;No inventariada;;14;4;1;999;;1;1;1;;;17;998
3;6;10;17;0;;3;2;No inventariada;;14;7;1;999;;1;1;1;;;999;998
3;6;19;17;0;;1;1;A-2;708,5;3;4;1;999;;1;4;1;;;999;4
3;7;7;17;0;;1;1;C-66;24,5;6;1;1;999;;1;1;1;;;999;4
3;7;11;17;17199;;1;1;GI-641;2,4;6;3;1;999;;1;1;1;;;999;4
3;1;20;17;17155;;3;2;No inventariada;;14;20;1;999;;1;1;1;;;17;998
3;4;21;17;0;;1;1;GI-634;4,2;6;20;1;999;;1;6;1;;;999;4
4;1;9;17;0;;1;1;GI-524;13,4;6;3;1;999;;1;1;1;;;999;4
4;1;11;17;17164;;1;1;GI-550;8,9;6;19;1;999;;1;1;1;;;999;4
4;1;12;17;17048;;1;1;GIV-6621;0,6;6;2;2;2;;1;1;1;;;17;4
4;1;13;17;0;;1;1;GI-664;12,3;6;9;1;999;;1;1;1;;;999;4
1;3;13;17;17152;;3;2;No inventariada;;14;2;2;1;;1;1;1;;;17;998
3;5;15;17;17079;;3;2;No inventariada;;14;2;2;1;;1;1;1;;;17;998
3;6;11;17;17079;;3;2;No inventariada;;14;6;1;999;;1;1;1;;;17;998
3;2;19;17;17079;;3;2;No inventariada;;14;2;2;2;;1;4;1;;;17;998
4;2;5;17;0;;1;1;N-260;43,6;6;8;1;999;;1;6;1;;;999;4
4;2;14;17;0;;2;2;GIV-5264;2,5;6;9;1;999;;8;1;1;;;999;4
1;5;11;17;17152;;3;2;No inventariada;;14;1;1;999;;3;1;3;;;17;998
3;7;23;17;17079;;3;2;No inventariada;;14;4;1;999;;3;4;3;;;17;998
4;2;16;17;17079;;3;2;No inventariada;;14;9;1;999;;1;1;1;;;17;998
4;3;14;17;0;;1;1;N-260;167,2;6;19;1;999;;1;1;1;;;999;4
4;3;16;17;0;;1;1;N-260;29,8;6;19;1;999;;1;1;1;;;999;4
4;3;18;17;17141;;1;1;N-260;180;6;3;2;2;;1;1;1;;;17;1
4;3;23;17;17186;;3;2;No inventariada;;14;20;1;999;;1;6;1;;;999;998
3;2;22;17;17079;;3;2;No inventariada;;14;9;1;999;;1;4;1;;;17;998
4;2;14;17;17033;;1;1;GI-674;2,4;6;2;1;999;;1;1;1;;;17;1
4;4;14;17;17118;;1;1;C-31;326;3;4;2;;;1;1;1;;;999;4
4;4;19;17;17020;;1;1;N-141e;104,4;6;19;1;999;;1;1;1;;;999;4
4;4;20;17;0;;3;2;No inventariada;;14;2;1;999;;1;2;1;;;999;998
4;4;20;17;17089;;1;1;C-65;6,6;3;19;1;999;;1;6;1;;;999;4
4;4;23;17;0;;1;1;GI-503;9;6;19;1;999;;1;6;1;;;999;4
1;5;9;17;17152;;3;2;No inventariada;;14;7;1;999;;1;1;1;;;17;998
3;7;11;17;17079;;3;2;No inventariada;;14;4;1;999;;1;1;1;;;17;998
4;2;8;17;0;;1;1;N-260;59,6;6;4;1;999;;1;1;1;;;999;4
4;6;12;17;0;;3;2;No inventariada;;14;20;2;2;;1;1;1;;;17;998
3;3;13;17;17066;;3;2;No inventariada;;14;7;2;2;;1;1;1;;;17;998
3;2;17;17;17066;;3;2;No inventariada;;14;19;1;999;;1;1;1;;;17;998
3;3;17;17;17066;;3;2;No inventariada;;14;7;2;1;;1;1;1;;;17;998
3;7;20;17;17034;;3;2;C-256;1;14;3;1;999;;1;4;1;;;1;998
3;5;19;17;17114;;3;2;No inventariada;;14;9;2;2;;1;4;1;;;1;998
4;7;11;17;17181;;1;1;GIV-6612;9,8;6;9;1;999;;1;1;1;;;999;4
4;7;13;17;0;;1;1;C-63;45;6;20;1;999;;1;1;1;;;999;4
4;7;19;17;0;;1;1;N-260;49,9;6;19;1;999;;1;1;1;;;999;4
4;7;21;17;0;;1;1;C-31;335,6;6;19;2;4;;1;4;1;;;999;4
4;5;12;17;17079;;3;2;No inventariada;;14;2;2;4;;1;1;1;;;17;998
1;3;13;17;17152;;3;2;No inventariada;;14;7;1;999;;1;1;1;;;17;998
4;4;8;17;17079;;3;2;No inventariada;;14;7;2;1;;1;1;1;;;17;998
3;3;11;17;17114;;3;2;No inventariada;;14;9;2;1;;1;1;1;;;17;998
3;7;12;17;0;;1;1;N-260;165,5;6;9;1;999;;1;1;1;;;999;4
4;6;14;17;17202;;1;1;GI-682;29,8;6;9;1;999;;8;1;1;;;999;4
4;7;11;17;17117;;1;1;C-66;0,1;6;3;2;4;;1;1;1;;;999;4
4;1;14;17;0;;1;1;N-2;741,5;6;19;1;999;;1;1;1;;;999;4
4;1;14;17;0;;1;1;A-26;73,8;3;3;1;999;;1;1;1;;;999;4
4;3;18;17;17020;;3;2;No inventariada;;14;4;1;999;;1;1;1;;;999;998
4;1;12;17;0;;1;1;GIV-6703;13;6;9;1;999;;1;1;1;;;999;4
4;1;13;17;17181;;1;1;C-65;2;6;4;1;999;;1;1;1;;;999;4
4;1;18;17;17221;;1;1;AP-7;25,5;2;4;1;999;;1;1;1;;;999;4
4;2;8;17;17034;;1;1;C-31;321,1;3;19;2;;;3;1;4;;;999;4
4;2;6;17;17114;;3;2;No inventariada;;14;9;1;999;;1;2;1;;;17;998
4;4;11;17;17114;;3;2;No inventariada;;14;2;2;2;;1;1;1;;;17;998
3;7;7;17;0;;2;2;C-66;25,4;6;19;1;999;;3;2;1;;;999;4
3;6;12;17;0;;3;2;No inventariada;;14;9;1;999;;1;1;1;;;999;998
3;7;17;17;0;;1;1;N-260;156,4;6;1;1;999;;6;1;999;;;999;4
4;2;14;17;0;;1;1;N-260;92,9;6;3;1;999;;1;1;1;;;999;4
4;3;14;17;17181;;1;1;GIV-6612;5,5;6;9;1;999;;1;1;1;;;999;4
4;3;15;17;17079;;3;2;No inventariada;;14;2;2;4;;1;1;1;;;17;998
2;5;11;17;17015;;3;2;No inventariada;;14;4;1;999;;1;1;1;;;17;998
2;5;18;17;17015;;3;2;No inventariada;;14;7;1;999;;1;6;1;;;17;998
2;3;20;17;17015;;3;2;No inventariada;;14;1;1;999;;1;4;1;;;17;998
4;1;19;17;17015;;3;2;No inventariada;;14;4;1;999;;1;1;1;;;17;998
3;4;18;17;17015;;3;2;No inventariada;;14;2;2;1;;1;1;1;;;17;998
3;3;16;17;17015;;3;2;No inventariada;;14;1;2;1;;1;1;1;;;17;998
3;6;13;17;17015;;3;2;No inventariada;;14;4;1;999;;1;1;1;;;17;998
4;2;12;17;0;;1;1;GIV-5224;2,8;6;3;1;999;;3;1;3;;;999;4
4;4;14;17;0;;2;2;GI-522;3,9;6;3;1;999;;1;1;1;;;999;4
4;7;12;17;17202;;1;1;GI-681;10;6;9;1;999;;1;1;1;;;999;4
4;5;14;17;0;;1;1;C-65;25,8;6;1;1;999;;1;1;1;;;17;1
4;5;19;17;0;;1;1;GIP-5223;3;6;4;1;999;;1;1;1;;;999;4
4;5;19;17;0;;1;1;C-63;27,1;6;4;2;;;1;1;1;;;999;4
4;6;8;17;17020;;3;2;No inventariada;;14;4;1;999;;1;1;1;;;17;998
4;6;12;17;0;;1;1;C-65;23,1;6;3;1;999;;1;1;1;;;999;4
4;6;15;17;0;;2;2;N-2;774;14;20;2;;;1;1;1;;;17;4
4;6;15;17;0;;1;1;C-31;339,4;6;19;1;999;;1;1;1;;;999;4
4;6;18;17;0;;1;1;C-65;25;6;20;1;999;;1;1;1;;;999;4
3;4;13;17;17066;;3;2;No inventariada;;14;9;1;999;;1;1;1;;;17;998
4;5;21;17;17066;;3;2;No inventariada;;14;4;2;4;;1;4;1;;;17;998
3;1;12;17;17066;;3;2;No inventariada;;14;4;1;999;;1;1;1;;;17;998
4;6;13;17;0;;1;1;C-65;26;6;4;1;999;;1;1;1;;;999;4
4;6;19;17;17033;;1;1;GI-674;2,4;6;3;1;999;;1;1;1;;;999;4
4;7;8;17;0;;1;1;N-260z;68;14;9;1;999;;1;1;1;;;999;4
4;7;11;17;17062;;2;2;GI-632;7,5;14;4;1;999;;1;1;1;;;999;4
4;7;10;17;0;;1;1;GI-503;22,8;6;9;1;999;;1;1;1;;;999;4
4;7;11;17;0;;1;1;C-153;39,5;6;20;1;999;;1;1;1;;;17;4
4;7;13;17;17180;;1;1;GI-551;10;6;9;1;999;;1;1;1;;;999;4
4;7;19;17;17044;;1;1;C-65;18,5;6;3;1;999;;1;1;1;;;999;4
4;2;8;17;17079;;3;2;No inventariada;;14;9;1;999;;3;1;1;;;17;998
4;3;14;17;17079;;3;2;No inventariada;;14;4;1;999;;1;1;1;;;17;998
4;1;14;17;17103;;1;1;N-2;690,6;6;4;2;2;;1;1;1;;;999;4
4;1;14;17;0;;2;2;N-260;85,4;6;4;2;4;;1;1;1;;;999;4
4;1;17;17;17089;;1;1;GI-681;2,1;6;4;1;999;;1;1;1;;;17;4
4;1;18;17;17103;;1;1;AP-7;85,9;2;20;1;999;;1;1;1;;;999;4
4;1;22;17;0;;1;1;GI-531;8,2;6;1;2;2;;1;6;1;;;17;1
4;7;14;17;17114;;3;2;No inventariada;;14;2;2;1;;1;1;1;;;17;998
4;1;12;17;17114;;3;2;No inventariada;;14;4;1;999;;1;1;1;;;17;998
4;5;13;17;17079;;3;2;No inventariada;;14;9;1;999;;1;1;1;;;17;998
4;1;21;17;17079;;3;2;No inventariada;;14;3;2;2;;1;6;1;;;17;998
4;1;9;17;17079;;3;2;No inventariada;;14;7;1;999;;1;1;1;;;1;998
4;7;13;17;0;;1;1;GIV-5201;6,6;6;9;1;999;;8;1;1;;;999;4
4;2;11;17;0;;1;1;GI-532;7,8;6;3;1;999;;1;1;1;;;999;4
2;4;14;17;17152;;3;2;No inventariada;;14;2;1;999;;1;1;1;;;17;998
4;6;14;17;17079;;3;2;No inventariada;;14;7;2;1;;1;1;1;;;17;998
4;2;15;17;0;;1;1;N-2a;722;6;2;1;999;;3;1;3;;;999;4
4;2;9;17;0;;3;2;No inventariada;;14;19;1;999;;1;1;1;;;999;998
4;3;11;17;0;;1;1;C-37;170;6;4;1;999;;1;1;1;;;999;4
4;2;1;17;0;;1;1;C-31;360,9;6;19;1;999;;1;6;1;;;999;4
4;4;11;17;17141;;1;1;N-260;180,1;6;4;1;999;;1;1;1;;;17;1
4;4;16;17;17221;;2;2;N-260;38,5;6;9;2;4;;1;1;1;;1;999;4
4;4;18;17;17033;;1;1;GI-673;2,4;6;4;2;2;;1;1;1;;;999;4
4;5;12;17;17079;;3;2;No inventariada;;14;2;2;2;;1;1;1;;;17;998
2;6;18;17;17152;;3;2;No inventariada;;14;2;1;999;;1;1;1;;;17;998
4;3;15;17;17079;;3;2;No inventariada;;14;2;2;2;;1;1;1;;;17;998
4;5;11;17;0;;1;1;AP-7;64;2;3;1;999;;1;1;1;;;999;4
4;5;11;17;17221;;3;2;No inventariada;;14;2;2;4;;1;1;1;;;999;998
4;5;14;17;0;;1;1;GI-503;23,5;6;19;1;999;;1;1;1;;;17;4
4;5;16;17;0;;3;2;No inventariada;;14;20;1;999;;1;1;1;;;17;998
4;6;0;17;17186;;1;1;AP-7;56,3;2;8;1;999;;1;6;1;;;999;4
4;5;9;17;17221;;2;2;N-260;40;14;4;2;1;;1;1;1;;;999;4
4;6;9;17;0;;1;1;C-66;40,7;3;4;1;999;;1;1;1;;;999;4
4;6;11;17;17049;;2;2;No inventariada;;14;19;1;999;;1;1;1;;;999;4
4;6;12;17;0;;3;2;No inventariada;;14;9;1;999;;1;1;1;;;999;998
4;7;10;17;0;;1;1;GI-524;26,5;6;9;1;999;;1;1;1;;;999;4
4;7;11;17;0;;1;1;No inventariada;0;6;9;1;999;;1;1;1;;;999;4
4;7;13;17;0;;1;1;N-260;177;6;19;1;999;;1;1;1;;;999;4
4;7;14;17;17095;;1;1;GI-682;15,5;6;9;1;999;;1;1;1;;;999;4
4;7;20;17;17213;;1;1;C-63;7,5;6;2;2;4;;1;5;1;;;999;4
2;5;15;17;17152;;3;2;No inventariada;;14;2;2;4;;3;1;4;;;17;998
4;1;15;17;0;;1;1;GI-553;0,5;6;19;1;999;;1;1;1;;;999;4
4;1;16;17;0;;2;2;C-66;26,4;6;4;1;999;;1;1;1;;;999;4
4;1;18;17;0;;2;2;GI-522;2,8;6;7;2;2;;1;1;1;;;999;4
4;7;14;17;17079;;3;2;No inventariada;;14;7;2;1;;1;1;1;;;17;998
4;1;10;17;17079;;3;2;No inventariada;;14;9;1;999;;1;1;1;;;17;998
4;5;16;17;17047;;3;2;No inventariada;;14;7;1;999;;1;1;1;;;6;998
4;7;15;17;17152;;1;1;GI-614;6,7;6;19;1;999;;1;1;1;;;999;4
4;2;9;17;17160;;1;1;No inventariada;1;6;9;1;999;;1;1;1;;;999;4
4;2;8;17;0;;3;2;No inventariada;;14;4;1;999;;1;1;1;;;999;998
4;7;22;17;17079;;3;2;No inventariada;;14;2;2;2;;1;4;1;;;17;998
3;5;17;17;17152;;3;2;No inventariada;;14;2;2;1;;1;1;1;;;17;998
4;3;12;17;0;;1;1;GI-532;6,8;6;3;1;999;;1;1;1;;;999;4
4;3;22;17;0;;3;2;No inventariada;;14;19;1;999;;1;4;1;;;999;998
4;3;12;17;17079;;3;2;No inventariada;;14;4;1;999;;1;1;1;;;17;998
4;1;9;17;17079;;3;2;No inventariada;;14;9;2;2;;3;1;1;;;17;998
4;5;15;17;17160;;2;2;C-65;0,2;6;20;1;999;;1;1;1;;;999;4
4;2;5;17;17193;;1;1;C-63;13,5;6;2;1;999;;1;6;1;;;999;4
4;4;10;17;0;;1;1;C-31;345;6;19;1;999;;1;1;1;;;999;4
4;3;10;17;0;;1;1;No inventariada;1,8;6;9;1;999;;1;1;1;;;999;4
4;5;10;17;0;;1;1;No inventariada;1;6;9;1;999;;1;1;1;;;999;4
4;5;14;17;17020;;1;1;No inventariada;1;6;9;1;999;;3;1;4;;;999;4
4;5;19;17;0;;1;1;AP-7;47,4;6;19;1;999;;1;1;1;;;999;4
4;5;22;17;0;;1;1;GIV-4082;2,6;6;6;1;999;;3;6;3;;;999;4
4;4;18;17;17015;;3;2;No inventariada;;14;9;2;1;;1;1;1;;;17;998
4;2;14;17;17015;;3;2;No inventariada;;14;9;2;1;;1;1;1;;;17;998
1;3;17;17;17015;;3;2;No inventariada;;14;4;1;999;;3;1;3;;;17;998
1;1;7;17;17015;;3;2;No inventariada;;14;2;2;1;;1;1;1;;;17;998
4;2;11;17;17015;;3;2;No inventariada;;14;2;2;1;;1;1;1;;;17;998
4;3;20;17;17015;;3;2;No inventariada;;14;18;1;999;;1;2;1;;;17;998
4;7;19;17;17066;;3;2;No inventariada;;14;2;1;999;;1;1;1;;;17;998
4;6;12;17;0;;1;1;N-260;29,5;6;9;1;999;;8;1;1;;;999;4
3;4;17;17;17066;;3;2;No inventariada;;14;7;1;999;;1;1;1;;;17;998
4;5;20;17;17066;;3;2;No inventariada;;14;7;2;1;;1;2;1;;;17;998
4;6;5;17;0;;1;1;N-2;769,8;6;3;1;999;;3;6;3;;;999;4
4;7;5;17;0;;1;1;No inventariada;0;6;3;1;999;;3;6;3;;;999;4
4;7;5;17;0;;1;1;GIV-4033;5;6;19;1;999;;3;6;3;;;999;4
4;7;13;17;0;;1;1;C-17;88,8;3;2;1;999;;3;1;4;;;999;4
4;7;14;17;0;;1;1;GIV-6217;3,1;6;19;1;999;;3;1;3;;;999;4
4;7;17;17;17152;;1;1;GI-614;10,5;6;20;1;999;;3;1;3;;;999;4
4;7;19;17;17199;;2;2;GI-641;1;6;4;2;1;;3;1;3;;;999;4
4;7;20;17;0;;3;2;No inventariada;;14;9;1;999;;3;2;3;;;999;998
3;3;13;17;17152;;3;2;No inventariada;;14;2;2;2;;1;1;1;;;17;998
2;1;20;17;17152;;3;2;No inventariada;;14;2;1;999;;1;5;1;;;17;998
4;6;5;17;17079;;3;2;No inventariada;;14;9;1;999;;3;4;1;;;17;998
4;5;9;17;17114;;3;2;No inventariada;;14;19;1;999;;1;1;1;;;1;998
4;2;5;17;17095;;1;1;C-63;2,9;6;9;1;999;;1;6;1;;;999;4
4;1;8;17;17103;;1;1;AP-7;85;2;20;1;999;;3;1;4;;;999;4
4;1;7;17;0;;1;1;C-66;53,2;6;1;1;999;;3;1;4;;;999;4
4;1;19;17;17180;;1;1;C-25;225;3;19;1;999;;3;1;3;;;999;4
4;2;0;17;0;;3;2;No inventariada;;14;19;1;999;;3;6;1;;;999;998
3;1;18;17;17152;;3;2;No inventariada;;14;9;2;2;;1;1;1;;;17;998
4;2;15;17;17079;;3;2;No inventariada;;14;9;1;999;;1;1;1;;;17;998
4;1;12;17;17213;;1;1;C-63;5,1;6;2;2;2;;3;1;3;;;999;4
4;2;13;17;17062;;1;1;GI-623;19,5;6;2;1;999;;3;1;3;;;999;4
4;2;15;17;17079;;1;1;C-65;28,2;6;4;1;999;;1;1;1;;;999;4
4;1;8;17;17066;;3;2;No inventariada;;14;1;2;2;;1;1;1;;;17;998
4;1;20;17;17066;;3;2;No inventariada;;14;2;2;2;;1;1;1;;;17;998
4;2;15;17;17066;;3;2;No inventariada;;14;4;2;4;;1;1;1;;;17;998
4;4;22;17;17066;;3;2;No inventariada;;14;1;2;1;;3;4;3;;;17;998
5;3;16;17;17152;;1;1;GI-614;7,7;6;19;1;999;;3;1;4;;;999;4
4;2;13;17;17079;;3;2;No inventariada;;14;7;1;999;;3;1;3;;;17;998
3;1;17;17;17152;;3;2;No inventariada;;14;18;1;999;;1;1;1;;;1;998
4;2;5;17;0;;1;1;C-35;68,1;6;1;1;999;;3;2;4;;;999;4
5;4;8;17;0;;1;1;N-260;187,7;6;19;1;999;;1;1;1;;;999;4
5;4;8;17;0;;1;1;GI-552;12,5;6;8;1;999;;1;1;1;;;999;4
5;4;21;17;0;;1;1;N-2;729,5;6;8;1;999;;1;6;1;;;999;4
5;5;14;17;0;;1;1;AP-7;31,5;2;4;1;999;;1;1;1;;;999;4
5;5;17;17;0;;2;2;GI-633;3,4;14;7;1;999;;1;1;1;;;999;4
5;4;12;17;17079;;3;2;No inventariada;;14;3;1;999;;1;1;1;;;17;998
4;3;15;17;17079;;3;2;No inventariada;;14;3;1;999;;1;1;1;;;17;998
5;6;12;17;17164;;1;1;GI-541;2;6;19;1;999;;1;1;1;;;999;4
5;6;15;17;0;;1;1;C-66;34;3;4;2;2;;1;1;1;;;999;4
5;6;16;17;0;;1;1;C-153;49;6;9;1;999;;1;1;1;;;999;4
5;6;21;17;17103;;1;1;C-35;75;6;1;1;999;;1;6;1;;;17;2
5;7;15;17;17089;;1;1;C-65;14,8;6;4;1;999;;1;1;1;;;999;4
5;7;19;17;17092;;1;1;N-260;17,1;6;2;2;2;;1;1;1;;;999;4
5;5;7;17;17079;;3;2;No inventariada;;14;4;1;999;;1;1;1;;;17;998
3;2;9;17;17152;;3;2;No inventariada;;14;2;2;4;;1;1;1;;;17;998
5;4;9;17;17079;;3;2;No inventariada;;14;9;1;999;;1;1;1;;;17;998
4;6;17;17;17015;;2;2;GI-524;32,7;14;6;1;999;;1;1;1;;;17;4
5;5;19;17;17079;;3;2;No inventariada;;14;7;1;999;;1;1;1;;;17;998
4;6;20;17;17079;;3;2;No inventariada;;14;2;2;2;;1;1;1;;;17;998
5;6;15;17;0;;1;1;GI-652;3,2;6;2;1;999;;1;1;1;;;999;4
5;1;0;17;17213;;1;1;C-35;84;3;8;1;999;;1;5;1;;;999;4
5;1;16;17;0;;1;1;No inventariada;2;6;1;1;999;;3;1;3;;;999;4
5;1;19;17;17095;;1;1;GI-682;14,6;6;9;1;999;;1;1;1;;;999;4
5;5;21;17;17079;;3;2;No inventariada;;14;4;1;999;;1;4;1;;;17;998
4;5;8;17;17114;;3;2;No inventariada;;14;3;2;4;;1;1;1;;;17;998
4;5;17;17;17079;;3;2;No inventariada;;14;3;1;999;;1;1;1;;;17;998
5;2;9;17;0;;1;1;C-66;26,6;6;4;2;2;;1;1;1;;;999;4
5;2;11;17;0;;2;2;C-252;46,3;6;2;1;999;;1;1;1;;;999;4