MES;DIA_SEMANA;HORA;COD_PROVINCIA;COD_MUNICIPIO;ISLA;ZONA;ZONA_AGRUPADA;CARRETERA;KM;TIPO_VIA;TIPO_ACCIDENTE;NUDO;NUDO_INFO;CARRETERA_CRUCE;CONDICION_FIRME;CONDICION_ILUMINACION;CONDICION_METEO;CONDICION_NIEBLA;CONDICION_VIENTO;VISIB_RESTRINGIDA_POR;TRAZADO_PLANTA
5;3;4;17;0;;1;1;C-31;335,5;6;19;1;999;;1;6;1;;;999;4
2;7;12;17;17079;;3;2;No inventariada;;14;9;1;999;;1;1;1;;;17;998
4;6;12;17;0;;1;1;No inventariada;1;6;9;1;999;;3;1;3;;;999;4
5;3;5;17;0;;1;1;C-35;67,2;6;7;1;999;;1;6;1;;;999;4
5;3;10;17;17164;;1;1;GI-550;7;6;9;1;999;;8;1;1;;;999;4
5;3;12;17;17022;;1;1;GI-660;2,9;6;9;1;999;;1;1;1;;1;999;4
5;3;14;17;0;;1;1;C-65;25,1;6;3;2;2;;1;1;1;;;999;4
5;3;17;17;17049;;1;1;C-66;30,9;6;9;1;999;;1;1;1;;;999;4
5;3;17;17;0;;3;2;No inventariada;;14;2;2;1;;1;1;1;;;999;998
5;4;13;17;17049;;2;2;C-66;28,5;14;4;2;4;;1;1;1;;;999;4
5;4;14;17;17047;;3;2;No inventariada;;14;19;1;999;;1;1;1;;;17;998
3;1;14;17;17079;;3;2;No inventariada;;14;7;1;999;;1;1;1;;;17;998
4;6;13;17;17114;;3;2;No inventariada;;14;9;1;999;;1;1;1;;;17;998
4;1;20;17;17114;;3;2;No inventariada;;14;4;1;999;;1;4;1;;;17;998
4;1;21;17;17114;;3;2;No inventariada;;14;9;2;4;;1;1;1;;;17;998
4;2;20;17;17114;;3;2;No inventariada;;14;9;1;999;;3;2;3;;;17;998
4;5;17;17;17114;;2;2;C-152;48,8;14;2;1;999;;1;1;1;;;17;4
4;6;14;17;17114;;3;2;No inventariada;;14;2;2;1;;1;1;1;;;17;998
5;3;15;17;17079;;3;2;No inventariada;;14;4;2;4;;1;1;1;;;17;998
4;5;17;17;17079;;3;2;No inventariada;;14;2;2;2;;1;1;1;;;17;998
5;4;19;17;0;;1;1;N-2;769,8;6;19;1;999;;1;1;1;;;999;4
5;5;13;17;0;;1;1;GIV-6103;2,5;6;19;1;999;;1;1;1;;;999;4
5;5;13;17;0;;1;1;C-25;232;3;19;1;999;;1;1;1;;;999;4
5;5;15;17;0;;1;1;GI-524;29,5;6;2;1;999;;1;1;1;;;999;4
5;5;20;17;17181;;1;1;C-65;2,2;6;9;2;4;;1;2;1;;;999;4
5;5;21;17;0;;1;1;GI-552;7,2;6;3;1;999;;1;2;1;;;4;3
5;6;17;17;0;;1;1;N-260;144,7;6;9;1;999;;1;1;1;;;999;4
5;7;2;17;17049;;1;1;C-66;27,5;6;9;2;4;;1;5;1;;;999;4
5;7;2;17;17009;;1;1;GI-552;14;6;8;1;999;;1;6;1;;;999;4
5;3;16;17;17118;;3;2;No inventariada;;14;20;1;999;;1;1;1;;;17;998
5;7;0;17;17114;;3;2;No inventariada;;14;2;2;1;;1;4;1;;;1;998
5;5;20;17;0;;3;2;No inventariada;;14;2;2;4;;1;2;1;;;999;998
5;7;6;17;0;;1;1;C-63;34;6;19;1;999;;1;2;1;;;999;4
5;7;8;17;0;;3;2;No inventariada;;14;9;1;999;;1;1;1;;;999;998
5;7;9;17;0;;1;1;N-260;24,9;6;19;1;999;;1;1;1;;;999;4
5;7;15;17;0;;1;1;GIV-4016;1,5;6;9;1;999;;1;1;1;;;999;4
5;7;13;17;0;;1;1;GI-401;3,5;6;20;2;2;;1;1;1;;;4;1
5;7;21;17;0;;1;1;GIV-6212;1;6;9;1;999;;1;2;1;;;999;4
5;1;1;17;17095;;1;1;C-63;3,9;6;19;1;999;;1;6;1;;;999;4
4;2;18;17;17114;;3;2;No inventariada;;14;4;1;999;;1;1;1;;;17;998
4;6;13;17;17114;;3;2;No inventariada;;14;20;1;999;;1;1;1;;;17;998
5;2;21;17;17079;;3;2;No inventariada;;14;1;2;1;;1;4;1;;;17;998
5;2;17;17;17079;;3;2;No inventariada;;14;4;1;999;;3;1;1;;;17;998
5;1;12;17;0;;3;2;No inventariada;;14;9;1;999;;1;1;1;;;999;998
5;1;12;17;0;;1;1;C-63;68;6;9;1;999;;1;1;1;;;17;1
5;1;14;17;17155;;1;1;AP-7;63,1;2;3;1;999;;1;1;1;;;999;4
5;1;15;17;17092;;1;1;N-260;17,8;14;1;1;999;;1;1;1;;;999;4
5;1;21;17;0;;1;1;GI-531;10,4;6;8;1;999;;1;6;1;;;999;4
5;1;22;17;17193;;1;1;C-63;14,3;6;4;2;4;;1;5;1;;;999;4
5;1;11;17;17079;;3;2;No inventariada;;14;4;1;999;;1;1;1;;;17;998
4;2;23;17;17114;;3;2;No inventariada;;14;2;1;999;;3;4;4;;;17;998
5;1;16;17;17079;;3;2;No inventariada;;14;3;2;4;;1;1;1;;;17;998
5;4;17;17;17079;;3;2;No inventariada;;14;9;2;4;;3;1;3;;;17;998
5;6;9;17;17079;;3;2;No inventariada;;14;9;1;999;;1;4;1;;;17;998
5;6;11;17;17044;;1;1;No inventariada;0;6;19;1;999;;1;1;1;;;999;4
5;7;14;17;17034;;1;1;C-31;321;3;19;1;999;;1;1;1;;;999;4
5;2;11;17;17033;;1;1;A-2;698,2;3;19;1;999;;3;1;4;;;999;4
5;2;13;17;0;;1;1;C-66;40;3;6;1;999;;3;1;4;;;999;4
5;2;14;17;0;;1;1;C-65;25,2;6;4;1;999;;3;1;4;;;999;4
5;2;11;17;17079;;3;2;No inventariada;;14;2;2;1;;3;1;4;;;17;998
5;2;16;17;17114;;3;2;No inventariada;;14;9;1;999;;3;1;1;;;17;998
5;7;15;17;17079;;3;2;No inventariada;;14;9;1;999;;1;1;1;;;17;998
5;1;17;17;17079;;3;2;No inventariada;;14;2;2;4;;1;1;1;;;17;998
5;6;12;17;17062;;2;2;GI-632;7,5;6;3;1;999;;1;1;1;;;999;4
5;3;7;17;0;;1;1;C-66;52;6;20;2;4;;1;1;1;;;999;4
5;3;16;17;0;;1;1;N-260;119,7;6;2;2;1;;1;1;1;;;999;4
5;3;10;17;17079;;3;2;No inventariada;;14;7;1;999;;1;1;1;;;17;998
5;3;20;17;17079;;3;2;No inventariada;;14;4;1;999;;1;1;1;;;17;998
5;2;8;17;0;;1;1;AP-7;52,3;2;19;1;999;;3;1;3;;;999;4
5;5;11;17;17009;;1;1;GI-552;14,7;6;2;1;999;;1;1;1;;;999;4
5;5;17;17;0;;3;2;No inventariada;;14;2;1;999;;1;1;1;;;999;998
5;5;20;17;17095;;1;1;GI-682;14,6;6;9;1;999;;8;2;1;;;999;4
5;5;22;17;0;;1;1;A-26;72,3;3;4;1;999;;1;6;1;;;999;4
1;2;19;17;17015;;3;2;No inventariada;;14;2;2;4;;1;5;1;;;17;998
5;6;10;17;17147;;1;1;N-260a;113,8;6;2;1;999;;3;1;1;;;999;4
5;6;11;17;17152;;1;1;GI-614;10,8;6;19;1;999;;3;1;3;;;999;4
5;6;16;17;0;;1;1;GI-651;4,5;6;1;1;999;;8;1;1;;;999;4
5;7;15;17;17023;;2;2;GI-682;7,1;14;3;1;999;;1;1;1;;;17;4
5;4;13;17;0;;3;2;No inventariada;;14;2;2;2;;1;1;1;;;17;998
5;6;0;17;17044;;1;1;C-65;21,5;6;4;1;999;;1;6;1;;;999;4
5;6;10;17;17147;;1;1;C-17;90,2;3;19;1;999;;3;1;1;;;999;4
5;6;13;17;17186;;1;1;AP-7;56;2;3;1;999;;1;1;1;;;999;4
5;7;6;17;0;;1;1;AP-7;60,6;2;4;1;999;;1;2;1;;;999;4
5;3;8;17;17114;;3;2;No inventariada;;14;7;2;1;;1;1;1;;;17;998
5;3;12;17;17079;;3;2;No inventariada;;14;4;1;999;;1;1;1;;;17;998
3;2;20;17;17160;;3;2;No inventariada;;14;2;2;2;;1;4;1;;;1;998
5;1;11;17;17020;;1;1;GI-540;4,8;6;9;1;999;;8;1;1;;;999;4
5;1;17;17;0;;1;1;GIV-4082;5,4;6;19;1;999;;3;1;3;;;999;4
5;1;18;17;0;;2;2;C-66;8,9;6;19;1;999;;3;1;3;;;999;4
5;1;22;17;0;;1;1;N-260;67;6;9;1;999;;1;6;1;;;999;4
5;1;9;17;17114;;3;2;No inventariada;;14;2;2;1;;1;1;1;;;17;998
5;4;12;17;17114;;3;2;No inventariada;;14;7;2;1;;1;1;1;;;1;998
5;2;13;17;0;;1;1;N-2a;2,2;6;19;2;4;;1;1;1;;;999;4
5;2;16;17;0;;1;1;C-37;167,3;6;6;1;999;;1;1;3;;;17;1
5;2;20;17;17009;;1;1;GI-552;12,6;6;19;1;999;;3;1;1;;;999;4
5;2;11;17;17079;;3;2;No inventariada;;14;4;2;1;;1;1;1;;;17;998
5;3;8;17;0;;1;1;No inventariada;12;6;7;1;999;;1;1;1;;;999;4
5;3;12;17;0;;1;1;No inventariada;3,3;6;9;1;999;;8;1;1;;;999;4
5;3;23;17;17079;;3;2;No inventariada;;14;2;2;1;;1;4;1;;;17;998
5;4;9;17;0;;3;2;No inventariada;;14;7;1;999;;1;1;1;;;999;998
5;4;10;17;0;;2;2;N-2;762;6;4;1;999;;1;1;1;;;999;4
5;4;21;17;0;;1;1;BV-5123;0,1;6;2;2;4;;1;2;1;;;999;4
5;5;13;17;17114;;3;2;No inventariada;;14;2;2;4;;1;1;1;;;17;998
5;1;20;17;0;;3;2;No inventariada;;14;20;2;2;;1;1;1;;;999;998
5;5;13;17;17213;;1;1;C-35;84,1;3;6;2;2;;1;1;1;;;999;4
5;5;13;17;17020;;1;1;N-141e;107,5;6;3;1;999;;1;1;1;;;999;4
5;5;15;17;0;;3;2;No inventariada;;14;2;1;999;;1;1;1;;;999;998
5;5;17;17;0;;1;1;C-65;23,4;6;19;2;4;;1;1;1;;;999;4
5;3;14;17;17079;;3;2;No inventariada;;14;3;2;4;;1;1;1;;;17;998
5;4;19;17;17079;;3;2;No inventariada;;14;7;1;999;;1;1;1;;;17;998
5;6;5;17;0;;1;1;AP-7;71,5;2;4;1;999;;1;2;1;;;999;4
5;6;9;17;0;;1;1;GI-603;5,7;6;20;1;999;;1;1;1;;;17;4
5;7;16;17;17180;;1;1;C-25;219,8;3;20;1;999;;1;1;1;;;999;4
5;7;16;17;0;;1;1;N-260;49;6;3;1;999;;1;1;1;;;17;1
5;7;23;17;0;;1;1;C-25;232,1;3;4;1;999;;1;6;1;;;999;4
4;1;15;17;17066;;3;2;No inventariada;;14;2;2;2;;1;1;1;;;17;998
4;2;13;17;17066;;3;2;No inventariada;;14;7;2;1;;1;1;1;;;17;998
4;2;8;17;17066;;3;2;No inventariada;;14;7;2;2;;3;1;3;;;17;998
5;5;21;17;17114;;3;2;No inventariada;;14;2;2;4;;1;5;1;;;17;998
4;5;21;17;0;;2;2;GI-531;3,7;6;3;1;999;;1;6;1;;;999;4
5;1;10;17;0;;1;1;N-260;147,7;6;9;1;999;;1;1;1;;;999;4
5;1;20;17;17020;;3;2;No inventariada;;14;9;1;999;;1;1;1;;;999;998
5;6;13;17;17114;;3;2;No inventariada;;14;7;2;1;;1;1;1;;;17;998
5;5;22;17;17114;;3;2;No inventariada;;14;4;1;999;;3;5;3;;;17;998
5;4;19;17;17079;;3;2;No inventariada;;14;2;1;999;;1;1;1;;;17;998
5;7;17;17;17152;;1;1;GI-614;3,5;6;20;1;999;;1;1;1;;;999;4
5;1;9;17;17152;;1;1;GI-614;6,1;6;3;1;999;;1;1;1;;;999;4
5;2;8;17;0;;1;1;GI-531;4,3;6;2;1;999;;1;1;1;;;999;4
5;2;16;17;0;;1;1;N-2;771,6;6;19;1;999;;1;1;1;;;999;4
5;2;17;17;0;;1;1;No inventariada;0;6;1;1;999;;1;1;1;;;999;4
5;2;18;17;17147;;1;1;N-260;119,7;6;2;2;1;;1;1;1;;;999;4
5;2;19;17;17095;;1;1;GI-682;14,5;6;9;1;999;;1;1;1;;;999;4
5;3;13;17;0;;1;1;N-260;119,7;6;2;2;1;;1;1;1;;;999;4
5;4;14;17;17164;;1;1;GI-550;7,3;6;9;1;999;;1;1;1;;;999;4
5;4;15;17;0;;1;1;GIV-6103;0,5;6;3;1;999;;1;1;1;;;999;4
5;4;17;17;17202;;1;1;GI-682;19,2;6;1;1;999;;1;1;1;;;999;4
5;4;11;17;0;;1;1;C-31;374,4;6;1;1;999;;1;1;1;;;17;1
5;5;10;17;0;;3;2;No inventariada;;14;2;1;999;;1;1;1;;;999;998
5;5;11;17;17152;;1;1;C-260;42,5;3;9;2;4;;1;1;1;;;999;4
5;5;18;17;0;;3;2;No inventariada;;14;20;1;999;;1;1;1;;;17;998
5;5;18;17;17221;;3;2;No inventariada;;14;9;2;4;;8;1;1;;;999;998
6;6;15;17;17193;;1;1;N-2;698;6;20;2;4;;3;1;3;;;999;4
6;6;18;17;0;;1;1;No inventariada;0;6;9;1;999;;3;1;1;;;999;4
6;6;21;17;17033;;1;1;C-35;93;3;20;1;999;;3;2;1;;;999;4
6;7;2;17;17213;;1;1;C-63;9;6;1;1;999;;1;6;1;;;17;2
6;7;12;17;17141;;1;1;N-260;180;6;4;1;999;;1;1;1;;;999;4
6;7;20;17;0;;1;1;A-2;708,8;3;6;1;999;;1;1;1;;;999;4
5;6;13;17;17079;;3;2;No inventariada;;14;2;2;1;;1;1;1;;1;17;998
4;5;16;17;17066;;3;2;No inventariada;;14;7;2;1;;3;1;4;;;17;998
5;4;10;17;17066;;3;2;No inventariada;;14;9;2;2;;3;1;4;;;17;998
5;3;16;17;17066;;3;2;No inventariada;;14;1;2;2;;1;1;1;;;17;998
5;3;18;17;17213;;1;1;C-63;11,4;6;2;2;;;1;1;1;;;999;4
6;1;17;17;0;;1;1;C-63;62,8;6;19;1;999;;1;1;3;;;17;1
6;1;17;17;0;;1;1;C-65;24,3;6;2;1;999;;1;1;1;;;999;4
6;1;20;17;0;;2;2;C-31;357;14;7;1;999;;1;2;1;;;999;4
6;1;21;17;17193;;1;1;A-2;693,3;3;4;1;999;;3;6;3;;;999;4
5;5;12;17;17114;;3;2;No inventariada;;14;7;1;999;;1;1;1;;;17;998
6;2;15;17;0;;1;1;C-250;3,2;6;9;2;4;;8;1;1;;;999;4
6;2;18;17;0;;2;2;C-66;12,2;6;9;2;4;;8;1;1;;;999;4
6;3;0;17;17152;;3;2;No inventariada;;14;19;1;999;;8;6;1;;;999;998
5;7;15;17;17114;;3;2;No inventariada;;14;9;1;999;;1;1;1;;;1;998
6;7;12;17;0;;1;1;N-260;132,1;6;19;1;999;;1;1;1;;;999;4
6;3;7;17;17079;;2;2;No inventariada;1,8;14;19;1;999;;1;1;1;;;999;4
6;3;13;17;0;;1;1;C-150z;12,3;6;19;2;4;;1;1;1;;;999;4
6;3;21;17;17181;;1;1;C-65;2,1;6;9;2;4;;8;2;1;;;999;4
5;4;19;17;17079;;3;2;No inventariada;;14;9;1;999;;3;1;3;;;17;998
5;4;19;17;17033;;1;1;GI-673;2;6;4;2;2;;3;1;3;;;999;4
6;4;8;17;0;;1;1;GI-634;0,5;6;4;1;999;;1;1;1;;;999;4
6;4;6;17;0;;2;2;No inventariada;;14;19;1;999;;1;1;1;;;17;1
6;4;14;17;17164;;1;1;C-25;209;3;4;1;999;;1;1;1;;;999;4
6;4;15;17;0;;1;1;C-35;71;6;4;1;999;;1;1;1;;;999;4
6;4;16;17;0;;3;2;No inventariada;;14;4;1;999;;1;1;1;;;17;998
6;4;20;17;0;;3;2;No inventariada;;14;19;1;999;;1;1;1;;;17;998
6;4;22;17;0;;1;1;N-2;733,7;6;8;1;999;;1;5;1;;;999;4
6;4;13;17;17079;;3;2;No inventariada;;14;4;1;999;;1;1;1;;;17;998
6;1;12;17;0;;3;2;No inventariada;;14;19;1;999;;1;1;1;;;999;998
6;2;11;17;0;;1;1;AP-7;64;2;4;2;;;1;1;1;;;999;4
6;5;8;17;0;;2;2;C-150a;16,1;14;2;2;2;;1;1;1;;;999;4
6;5;10;17;17044;;1;1;GIV-6741;4,1;6;9;1;999;;1;1;1;;;999;4
6;5;14;17;0;;1;1;C-25;241,7;6;4;1;999;;1;1;1;;;999;4
6;6;0;17;17089;;1;1;C-35;95,8;3;7;1;999;;1;6;1;;;17;1
5;3;19;17;17079;;3;2;No inventariada;;14;4;1;999;;1;1;1;;;17;998
4;4;13;17;17066;;3;2;No inventariada;;14;9;2;2;;1;1;1;;;17;998
5;4;7;17;17066;;3;2;No inventariada;;14;4;1;999;;1;1;1;;;17;998
6;6;4;17;17009;;1;1;C-25;206;3;8;1;999;;1;6;1;;;999;4
6;6;12;17;17147;;1;1;N-260;119,3;6;3;2;;;1;1;1;;;999;4
6;6;18;17;0;;1;1;GIV-6302;2,1;6;19;1;999;;1;1;1;;;999;4
6;6;20;17;0;;2;2;C-250;4,4;6;4;2;2;;1;1;1;;;999;4
6;7;7;17;0;;2;2;C-25;240,5;6;6;1;999;;1;1;1;;;999;4
6;7;12;17;0;;1;1;GI-524;28,6;6;2;1;999;;3;1;1;;;999;4
6;7;17;17;0;;1;1;N-260;91,3;6;19;1;999;;1;1;1;;;999;4
6;5;13;17;17079;;3;2;No inventariada;;14;2;2;4;;1;1;1;;;17;998
5;5;15;17;17114;;3;2;No inventariada;;14;2;1;999;;1;1;1;;;17;998
6;6;12;17;17202;;1;1;GI-682;20,9;6;2;1;999;;1;1;1;;;999;4
6;6;13;17;17034;;1;1;GIV-6612;12,8;6;9;1;999;;1;1;1;;;999;4
6;1;16;17;0;;1;1;No inventariada;1;6;19;1;999;;3;1;3;;;999;4
6;6;20;17;17114;;3;2;No inventariada;;14;7;1;999;;1;1;1;;;17;998
6;3;14;17;17079;;3;2;No inventariada;;14;18;1;999;;1;1;1;;;17;998
6;1;11;17;17079;;3;2;No inventariada;;14;9;1;999;;1;1;1;;;1;998
6;2;5;17;17049;;1;1;C-66;30;6;9;2;4;;3;2;3;;;999;4
6;2;16;17;17008;;1;1;N-141e;100,6;6;19;1;999;;1;1;1;;;17;4
6;2;22;17;0;;1;1;N-2;751,2;6;1;1;999;;1;6;1;;;17;1
6;6;11;17;17079;;3;2;No inventariada;;14;2;2;4;;1;1;1;;;17;998
6;6;17;17;17079;;3;2;No inventariada;;14;9;1;999;;1;1;1;;;17;998
6;5;18;17;0;;1;1;AP-7;34,6;2;3;1;999;;1;1;1;;;999;4
6;3;16;17;0;;3;2;No inventariada;;14;2;2;2;;1;1;3;;;999;998
6;3;17;17;17033;;1;1;C-35;92;3;19;1;999;;3;1;4;;;999;4
6;3;19;17;0;;1;1;GI-531;9,8;6;19;1;999;;3;1;3;;;999;4
6;3;20;17;17049;;1;1;C-66;30;6;9;2;4;;3;1;3;;;999;4
6;3;20;17;0;;1;1;GI-632;5,1;6;19;1;999;;1;1;1;;;999;4
6;5;23;17;17079;;3;2;No inventariada;;14;2;2;1;;1;1;1;;;17;998
6;2;11;17;0;;3;2;No inventariada;;14;6;1;999;;1;1;1;;;999;998
6;2;19;17;0;;3;2;No inventariada;;14;3;1;999;;1;1;1;;;999;998
6;2;8;17;0;;1;1;A-2;706,8;6;4;1;999;;3;1;3;;;999;4
6;2;9;17;0;;1;1;No inventariada;10;6;4;2;2;;3;1;3;;;999;4
6;2;9;17;0;;1;1;A-2;705;3;4;1;999;;3;1;3;;;999;4
6;4;9;17;0;;1;1;C-250;3;6;4;1;999;;1;1;1;;;999;4
6;4;15;17;0;;1;1;C-66;25;6;4;1;999;;1;1;1;;;999;4
6;4;6;17;17079;;3;2;No inventariada;;14;7;1;999;;1;2;1;;;17;998
6;3;14;17;17079;;3;2;No inventariada;;14;9;2;4;;3;1;3;;;17;998
6;4;13;17;17089;;1;1;GI-681;3,5;6;9;1;999;;1;1;1;;;999;4
6;5;8;17;0;;2;2;N-2a;710;6;3;2;4;;1;1;1;;;999;4
6;5;10;17;0;;2;2;N-260z;75,4;6;3;1;999;;1;1;1;;;999;4
6;5;13;17;0;;1;1;GIV-5201;0,4;6;19;1;999;;1;1;1;;;999;4
6;5;22;17;0;;1;1;GIV-6703;0,7;6;9;2;;;1;6;1;;;999;4
6;6;19;17;0;;1;1;AP-7;4,5;2;4;1;999;;1;1;1;;;999;4
6;6;11;17;0;;1;1;C-31;342,7;6;20;1;999;;1;1;1;;;999;4
6;6;19;17;0;;1;1;GIV-4016;1;6;9;1;999;;1;2;1;;;999;4
6;7;1;17;0;;1;1;GIV-5044;0,1;6;8;1;999;;1;6;1;;;999;4
6;3;21;17;17114;;3;2;No inventariada;;14;2;1;999;;1;1;1;;;1;998
6;5;23;17;17023;;2;2;GI-682;6,3;14;3;1;999;;1;1;1;;;17;4
6;3;11;17;0;;2;2;No inventariada;25;14;4;1;999;;1;1;1;;;999;4
6;6;13;17;17047;;1;1;C-260;38,5;3;3;2;4;;1;1;1;;;999;4
6;7;6;17;17147;;1;1;N-260a;111,4;6;19;1;999;;1;2;1;;;999;4
6;7;10;17;0;;2;2;GI-531;6;6;4;1;999;;1;1;1;;;999;4
6;7;12;17;17103;;1;1;AP-7;91;2;2;1;999;;1;4;1;;;999;4
5;1;23;17;17152;;3;2;No inventariada;;14;7;1;999;;1;4;1;;;1;998
6;7;0;17;17089;;1;1;C-65;7,4;3;4;2;2;;1;5;1;;;999;4
6;1;9;17;0;;1;1;C-65;27;6;4;1;999;;1;1;1;;;999;4
6;1;12;17;0;;1;1;No inventariada;0;6;1;1;999;;1;1;1;;;17;2
6;3;1;17;17079;;3;2;No inventariada;;14;3;1;999;;3;5;3;;;17;998
6;5;12;17;0;;3;2;No inventariada;;14;20;2;2;;1;1;1;;;999;998
6;2;7;17;0;;1;1;No inventariada;0,9;6;19;1;999;;1;2;1;;;999;4
6;2;9;17;17047;;1;1;C-260;39,4;3;20;1;999;;1;1;1;;;17;4
6;2;14;17;17202;;1;1;GI-682;17,5;6;20;2;;;1;1;1;;;999;4
6;2;16;17;0;;1;1;C-31;336;6;2;1;999;;1;1;1;;;999;4
6;3;2;17;0;;2;2;C-31;337,7;6;19;2;4;;1;1;1;;;17;4
6;1;13;17;17079;;3;2;No inventariada;;14;3;1;999;;1;1;1;;;17;998
6;7;18;17;17079;;3;2;No inventariada;;14;2;1;999;;1;1;1;;;17;998
5;2;21;17;17015;;1;1;C-150a;20;6;18;1;999;;3;6;3;;;17;4
5;4;10;17;17015;;3;2;No inventariada;;14;7;1;999;;1;1;1;;;17;998
6;3;18;17;17079;;3;2;No inventariada;;14;2;2;1;;3;1;4;;;17;998
5;4;14;17;17015;;3;2;No inventariada;;14;7;1;999;;1;1;1;;;17;998
5;6;14;17;17015;;3;2;No inventariada;;14;9;1;999;;1;1;1;;;17;998
5;5;14;17;17015;;3;2;No inventariada;;14;9;1;999;;1;1;1;;;17;998
5;6;10;17;17015;;3;2;No inventariada;;14;9;1;999;;1;1;1;;;17;998
6;3;13;17;0;;1;1;GIP-6042;2,5;6;19;1;999;;1;1;1;;;999;4
6;3;17;17;0;;3;2;No inventariada;;14;2;2;2;;1;1;1;;;999;998
6;3;12;17;17089;;1;1;C-65;13,5;6;2;1;999;;1;1;1;;;999;4
6;4;8;17;17047;;1;1;No inventariada;0,8;6;19;1;999;;3;1;3;;;999;4
6;4;9;17;17079;;2;2;GI-533;1,5;6;19;2;4;;3;1;3;;;999;4
6;4;12;17;17202;;1;1;GI-682;24,5;6;9;1;999;;3;1;3;;;999;4
6;4;18;17;0;;1;1;GI-643;5,4;6;19;2;1;;1;1;1;;;999;4
6;6;0;17;0;;1;1;N-260;45,4;6;1;2;2;;1;6;1;;;999;4
6;6;7;17;0;;1;1;N-260;122,7;6;19;1;999;;1;1;1;;;999;4
6;6;10;17;0;;1;1;GIV-6703;10,5;6;9;1;999;;1;1;1;;;999;4
6;6;9;17;0;;1;1;No inventariada;1;6;4;1;999;;1;1;1;;;999;4
6;6;14;17;17066;;1;1;N-2a;2,5;6;3;1;999;;1;1;1;;;999;4
6;6;17;17;0;;1;1;GIV-6703;15,2;6;20;1;999;;1;1;1;;;17;4
6;6;18;17;0;;1;1;N-260;24,9;6;19;1;999;;1;1;1;;;999;4
6;6;20;17;17199;;2;2;GI-641;4,9;6;20;1;999;;1;1;1;;;999;4
6;7;2;17;0;;1;1;C-31;346,9;6;4;1;999;;1;6;1;;;999;4
6;2;12;17;17015;;2;2;GI-524;32,7;14;2;2;2;;1;1;1;;;17;4
6;6;12;17;17193;;1;1;GI-555;1,4;6;1;2;2;;1;1;1;;;999;4
6;7;9;17;0;;1;1;C-25;242,8;6;19;1;999;;1;1;1;;;999;4
6;7;15;17;0;;1;1;N-2;751,5;6;1;1;999;;1;1;1;;;999;4
6;1;1;17;17079;;1;1;C-66;32,1;6;2;1;999;;1;6;1;;;999;4
6;1;1;17;0;;1;1;C-31;336,8;6;19;1;999;;1;6;1;;;999;4
6;1;2;17;0;;1;1;C-31;332,3;3;4;1;999;;1;6;1;;;999;4
6;1;3;17;0;;1;1;GI-555;9,9;6;19;1;999;;1;6;1;;;999;4
6;7;16;17;0;;2;2;N-2;725,8;6;19;1;999;;1;1;1;;;999;4
6;1;6;17;0;;1;1;C-31;369;6;19;2;;;1;1;1;;;999;4
6;1;13;17;0;;1;1;N-260;187,5;6;4;1;999;;1;1;1;;;999;4
6;1;12;17;17199;;1;1;GI-641;3,1;6;3;1;999;;1;1;1;;;999;4
6;1;20;17;0;;1;1;GI-632;6,2;6;19;1;999;;1;1;1;;;999;4
6;5;14;17;0;;1;1;AP-7;7;2;3;1;999;;1;1;1;;;999;4
6;2;17;17;0;;1;1;C-66;21,5;6;4;1;999;;1;1;1;;;999;4
6;2;18;17;17089;;1;1;GIV-6612;1,2;6;19;1;999;;1;1;1;;;999;4
6;2;10;17;17079;;3;2;No inventariada;;14;9;1;999;;1;1;1;;;17;998
6;1;19;17;17079;;3;2;No inventariada;;14;9;1;999;;1;1;1;;;17;998
6;7;3;17;17079;;3;2;No inventariada;;14;1;1;999;;1;5;1;;;17;998
6;1;16;17;0;;1;1;C-31;352,2;6;19;1;999;;1;1;1;;;999;4
6;3;11;17;0;;1;1;GIV-6301;3,1;6;2;2;2;;1;1;1;;;999;4
6;3;12;17;17202;;1;1;GI-681;11;6;19;1;999;;1;1;1;;;999;4
6;3;16;17;17152;;1;1;GI-614;7,6;6;1;1;999;;1;1;1;;;17;4
6;7;6;17;17066;;2;2;N-2a;5,8;14;4;1;999;;1;4;1;;;17;4
6;4;12;17;17066;;3;2;No inventariada;;14;2;2;2;;3;1;3;;;17;998
6;6;14;17;17066;;3;2;No inventariada;;14;2;2;1;;1;1;1;;;17;998
6;7;15;17;17079;;3;2;No inventariada;;14;2;2;2;;1;1;1;;;17;998
6;2;19;17;17066;;3;2;No inventariada;;14;2;1;999;;1;1;1;;;17;998
6;4;8;17;17079;;3;2;No inventariada;;14;2;2;4;;1;1;1;;;17;998
6;3;14;17;17079;;3;2;No inventariada;;14;9;1;999;;1;1;1;;;17;998
6;1;22;17;17079;;3;2;No inventariada;;14;9;1;999;;1;4;1;;;17;998
6;2;13;17;17079;;3;2;No inventariada;;14;19;2;4;;1;1;1;;;17;998
6;2;12;17;17114;;3;2;No inventariada;;14;7;1;999;;1;1;1;;;1;998
6;7;9;17;0;;1;1;No inventariada;0,5;6;9;1;999;;1;1;1;;1;999;4
6;2;17;17;0;;1;1;No inventariada;2;6;19;1;999;;1;1;1;;;999;4
6;4;8;17;0;;2;2;GI-514z;6,9;14;2;1;999;;1;1;1;;;999;4
6;4;9;17;17152;;1;1;GI-614;1,4;6;4;1;999;;1;1;1;;;999;4
6;4;10;17;17202;;1;1;GI-681;8,2;6;20;1;999;;1;1;1;;;17;4
6;4;10;17;0;;1;1;C-31;337;6;9;2;4;;1;1;1;;;999;4
6;4;11;17;0;;3;2;No inventariada;;14;7;2;1;;1;1;1;;;999;998
6;4;15;17;0;;1;1;No inventariada;0,5;6;4;1;999;;1;1;1;;;999;4