MES;DIA_SEMANA;HORA;COD_PROVINCIA;COD_MUNICIPIO;ISLA;ZONA;ZONA_AGRUPADA;CARRETERA;KM;TIPO_VIA;TIPO_ACCIDENTE;NUDO;NUDO_INFO;CARRETERA_CRUCE;CONDICION_FIRME;CONDICION_ILUMINACION;CONDICION_METEO;CONDICION_NIEBLA;CONDICION_VIENTO;VISIB_RESTRINGIDA_POR;TRAZADO_PLANTA
6;4;18;17;0;;1;1;GI-554;5,7;6;19;2;2;;1;1;1;;;999;4
6;4;12;17;0;;1;1;C-63;40,3;6;3;1;999;;1;1;1;;;17;1
6;5;0;17;17008;;1;1;C-63;36,4;6;19;1;999;;1;6;1;;;999;4
6;6;23;17;17079;;3;2;No inventariada;;14;9;1;999;;1;4;1;;;17;998
6;1;17;17;0;;1;1;N-260;57,7;6;19;1;999;;1;2;1;;;999;4
6;5;13;17;0;;1;1;GIV-4082;1,1;6;3;1;999;;1;1;1;;;999;4
6;5;19;17;17034;;1;1;GI-667;0,1;6;20;1;999;;1;1;1;;;999;4
6;5;19;17;0;;1;1;C-153;39,9;6;20;1;999;;1;1;1;;;17;4
6;5;19;17;0;;1;1;C-65;27,2;6;4;1;999;;1;2;1;;;999;4
6;6;10;17;0;;1;1;GI-402;1,1;6;9;1;999;;3;1;3;;;999;4
6;6;10;17;0;;2;2;N-260;129,9;14;1;2;2;;3;1;1;;;999;4
6;6;13;17;17033;;1;1;C-35;92,7;3;19;1;999;;3;1;1;;;999;4
6;6;18;17;0;;1;1;GIV-4035;5;6;9;1;999;;1;1;1;;;999;4
6;6;20;17;17103;;3;2;No inventariada;;14;2;1;999;;1;1;1;;;999;998
6;6;20;17;17020;;3;2;No inventariada;;14;1;1;999;;4;1;1;;;4;998
6;6;10;17;0;;1;1;C-16;126;6;20;1;999;;1;1;1;;;999;4
6;7;12;17;17160;;3;2;No inventariada;;14;19;1;999;;1;1;1;;;17;998
6;7;11;17;0;;1;1;C-63;32,6;6;4;1;999;;1;1;1;;;999;4
6;1;21;17;17079;;3;2;No inventariada;;14;2;2;2;;1;2;1;;;17;998
7;1;13;17;0;;1;1;GI-555;10,7;6;19;1;999;;3;1;3;;;999;4
7;2;1;17;17033;;1;1;A-2;703,9;3;4;1;999;;1;6;1;;;999;4
6;1;13;17;0;;1;1;N-2;732,5;6;9;2;4;;1;1;1;;;999;4
7;2;7;17;0;;1;1;N-260;42,1;6;2;1;999;;1;1;1;;;6;1
7;2;15;17;0;;1;1;N-2;778,5;6;19;1;999;;1;1;1;;;999;4
7;1;11;17;17079;;3;2;No inventariada;;14;19;1;999;;3;1;1;;;17;998
6;2;16;17;17114;;3;2;No inventariada;;14;9;2;4;;1;1;1;;;17;998
6;4;10;17;17114;;3;2;No inventariada;;14;7;1;999;;1;1;1;;;17;998
6;5;10;17;17118;;1;1;C-31;324,5;3;4;2;4;;1;1;1;;;999;4
7;3;10;17;0;;1;1;N-260;1,1;6;19;1;999;;1;1;1;;;999;4
7;2;16;17;17181;;1;1;C-65;4,4;3;4;1;999;;1;1;1;;;17;2
7;3;9;17;0;;1;1;No inventariada;0,9;6;1;1;999;;1;1;1;;;4;2
7;4;14;17;17047;;1;1;C-260;39,8;3;19;1;999;;1;1;1;;;999;4
7;6;0;17;17155;;1;1;AP-7;63,5;2;20;1;999;;1;5;1;;;999;4
7;4;10;17;17079;;3;2;No inventariada;;14;9;1;999;;1;1;1;;;17;998
7;6;10;17;0;;1;1;GIP-5226;0,2;6;2;2;1;;1;1;1;;;999;4
7;6;12;17;0;;1;1;GI-502;2,2;6;19;1;999;;3;1;3;;;999;4
7;6;14;17;0;;1;1;GI-623;14,1;6;4;1;999;;1;1;1;;;999;4
7;6;21;17;17160;;1;1;GI-682;43;6;9;1;999;;1;1;1;;;17;2
7;7;0;17;0;;1;1;N-2a;711,5;6;19;2;4;;1;5;1;;;999;4
7;7;3;17;0;;1;1;C-31;376,5;6;19;2;2;;1;6;1;;;999;4
7;7;7;17;17047;;1;1;GIV-6216;5,9;6;19;1;999;;1;1;1;;;999;4
7;7;10;17;17164;;1;1;GI-550;8,9;6;19;1;999;;1;1;1;;;17;4
7;7;16;17;0;;1;1;N-260;4,2;6;9;1;999;;1;1;1;;;999;4
7;7;17;17;0;;1;1;GI-614;16,1;6;19;1;999;;1;1;1;;;999;4
7;7;20;17;0;;1;1;C-152;43,8;6;9;1;999;;8;1;1;;;999;4
7;7;22;17;0;;1;1;C-25;202,7;3;19;1;999;;1;6;1;;;999;4
3;4;18;17;17152;;3;2;No inventariada;;14;9;1;999;;1;1;1;;;17;998
3;5;14;17;17152;;3;2;No inventariada;;14;4;1;999;;1;1;1;;;17;998
7;6;22;17;17079;;3;2;No inventariada;;14;2;1;999;;1;1;1;;;17;998
3;1;18;17;17152;;3;2;No inventariada;;14;2;2;1;;1;1;1;;;17;998
7;1;5;17;0;;1;1;C-31;352,2;6;19;1;999;;1;6;1;;;999;4
7;1;7;17;17103;;1;1;N-2;687;6;19;1;999;;1;1;1;;;999;4
7;1;9;17;0;;3;2;No inventariada;;14;19;2;2;;1;1;1;;;999;998
7;1;18;17;0;;1;1;GIV-4035;5,1;6;9;2;2;;8;1;1;;;999;4
7;1;18;17;0;;3;2;No inventariada;;14;19;1;999;;1;1;1;;;999;998
7;1;21;17;17103;;1;1;AP-7;85,8;2;19;1;999;;1;2;1;;;999;4
7;2;3;17;17186;;2;2;N-2a;720,2;6;9;1;999;;8;5;1;;;999;4
7;6;20;17;17114;;3;2;No inventariada;;14;4;2;2;;3;1;3;;;17;998
7;5;12;17;17103;;1;1;C-35;83,1;6;2;2;4;;1;1;1;;;999;4
7;7;17;17;0;;1;1;No inventariada;1;6;19;1;999;;3;1;1;;;4;2
7;2;14;17;17092;;1;1;N-260;18,2;6;2;2;1;;1;1;1;;;17;1
7;2;19;17;0;;1;1;GIV-5232;0,6;6;2;2;1;;1;1;1;;;999;4
7;2;21;17;0;;1;1;GIV-5217;1,7;6;9;1;999;;1;6;1;;;999;4
7;2;23;17;17015;;1;1;C-66;48;6;7;1;999;;1;6;1;;;8;1
3;5;16;17;17152;;3;2;No inventariada;;14;2;2;2;;1;1;1;;;17;998
6;6;10;17;17079;;3;2;No inventariada;;14;2;2;1;;1;1;1;;;17;998
6;3;8;17;17118;;3;2;No inventariada;;14;20;1;999;;1;1;1;;;17;998
6;7;20;17;17020;;1;1;N-141e;104;6;9;1;999;;1;1;1;;;999;4
6;7;22;17;17034;;1;1;C-31;321;3;19;2;;;1;4;1;;;999;4
7;3;18;17;0;;3;2;No inventariada;;14;2;2;2;;1;1;1;;;999;998
7;3;17;17;0;;1;1;C-162;2,7;6;2;2;4;;1;1;1;;;17;1
7;4;0;17;0;;2;2;GI-642;3,5;6;19;2;4;;1;4;1;;;999;4
7;3;0;17;17033;;2;2;GI-674;1;14;6;2;2;;1;4;1;;;1;4
7;4;15;17;0;;3;2;No inventariada;;14;19;1;999;;1;1;1;;;999;998
4;3;8;17;17152;;3;2;No inventariada;;14;2;2;4;;1;1;1;;;17;998
7;2;20;17;17079;;3;2;No inventariada;;14;2;2;4;;1;2;1;;;17;998
6;5;18;17;17079;;3;2;No inventariada;;14;2;2;4;;1;1;1;;;17;998
7;5;16;17;0;;2;2;GIV-5211;2,3;14;9;1;999;;1;1;1;;;999;4
7;5;20;17;0;;1;1;GI-664;3,7;6;2;1;999;;1;1;1;;;999;4
7;6;3;17;0;;1;1;GI-603;6,5;6;19;1;999;;1;6;1;;;999;4
7;6;10;17;0;;1;1;C-162;7,2;6;1;2;;;1;1;1;;;999;4
7;6;11;17;17202;;1;1;GI-682;18,7;6;2;1;999;;1;1;1;;;4;2
7;6;15;17;0;;3;2;No inventariada;;14;6;2;4;;1;1;1;;;17;998
7;6;23;17;17180;;1;1;C-25;217,1;3;8;1;999;;1;6;1;;;999;4
7;4;7;17;17114;;3;2;No inventariada;;14;2;2;2;;1;1;1;;;1;998
7;7;7;17;0;;1;1;C-38;7,4;6;19;1;999;;1;1;1;;;999;4
7;7;18;17;17062;;1;1;GI-623;18,7;6;4;2;4;;1;1;1;;;999;4
7;7;18;17;17089;;1;1;GI-674;7;6;2;1;999;;1;1;1;;;999;4
7;7;7;17;17047;;1;1;C-260;38,5;3;2;1;999;;1;1;1;;;17;1
7;1;1;17;17020;;3;2;No inventariada;;14;19;1;999;;1;5;1;;;999;998
4;2;10;17;17152;;3;2;No inventariada;;14;18;1;999;;1;1;1;;;17;998
4;7;16;17;17152;;3;2;No inventariada;;14;2;2;4;;1;1;1;;;17;998
5;6;23;17;17079;;3;2;No inventariada;;14;3;2;4;;1;4;1;;;17;998
7;7;15;17;0;;1;1;N-260;139;6;19;1;999;;1;1;1;;;999;4
7;1;8;17;17044;;1;1;C-65;21,4;6;1;1;999;;1;1;1;;;17;4
7;1;14;17;17103;;1;1;C-35;84;3;19;2;;;8;1;1;;;999;4
7;1;21;17;0;;2;2;GI-643;4,5;14;9;2;4;;1;2;1;;;999;4
7;1;13;17;17079;;3;2;No inventariada;;14;2;2;4;;1;1;1;;;17;998
4;1;12;17;17152;;3;2;No inventariada;;14;7;1;999;;1;1;1;;;17;998
7;5;10;17;17066;;3;2;No inventariada;;14;9;1;999;;1;1;1;;;17;998
7;2;19;17;17066;;2;2;N-2a;5,8;14;4;1;999;;1;1;1;;;17;4
6;7;22;17;17079;;3;2;No inventariada;;14;9;1;999;;1;4;1;;;17;998
7;5;15;17;17213;;1;1;N-2;692,4;6;4;2;;;1;1;1;;;999;4
7;1;16;17;17152;;1;1;GI-614;11;6;19;1;999;;1;1;1;;;999;4
7;2;4;17;0;;1;1;N-2;770,5;6;19;1;999;;1;5;1;;;999;4
7;1;21;17;17095;;1;1;GI-682;7,8;6;2;2;2;;1;2;1;;;17;1
7;2;9;17;17022;;2;2;GIV-6441;0,3;6;19;2;1;;1;1;1;;;999;4
7;3;3;17;0;;1;1;No inventariada;1;6;6;1;999;;1;4;1;;;999;4
7;2;9;17;17079;;3;2;No inventariada;;14;7;1;999;;1;1;1;;;17;998
7;2;12;17;17079;;3;2;No inventariada;;14;19;1;999;;1;1;1;;;17;998
7;3;8;17;17221;;3;2;No inventariada;;14;2;2;2;;1;1;1;;;999;998
7;3;7;17;17095;;1;1;GI-682;8,3;6;2;2;4;;1;1;1;;;999;4
7;3;13;17;0;;1;1;GI-555;9,4;6;1;1;999;;1;1;1;;;999;4
7;3;19;17;0;;1;1;GI-554;5;6;19;1;999;;1;1;1;;;999;4
7;3;12;17;17079;;3;2;No inventariada;;14;1;1;999;;1;1;1;;;17;998
4;6;17;17;17152;;3;2;No inventariada;;14;4;1;999;;1;1;1;;;17;998
7;4;12;17;17034;;1;1;C-31;317,8;3;4;1;999;;1;1;1;;;999;4
7;3;17;17;17147;;1;1;C-17;91,9;3;1;1;999;;1;1;1;;;17;1
5;6;9;17;17152;;3;2;No inventariada;;14;2;2;4;;1;1;1;;;17;998
7;3;13;17;17079;;3;2;No inventariada;;14;4;1;999;;1;1;1;;;17;998
5;3;18;17;17152;;3;2;No inventariada;;14;2;1;999;;1;1;1;;;17;998
7;5;6;17;0;;1;1;C-66;7,5;6;19;2;4;;1;2;1;;;999;4
7;5;22;17;0;;3;2;No inventariada;;14;19;1;999;;1;1;1;;;17;998
5;3;5;17;17015;;3;2;No inventariada;;14;2;2;1;;1;2;1;;;17;998
5;5;17;17;17015;;3;2;No inventariada;;14;2;2;1;;1;1;1;;;17;998
6;2;18;17;17015;;3;2;No inventariada;;14;2;2;1;;3;1;4;;;17;998
6;6;19;17;17015;;3;2;No inventariada;;14;7;1;999;;1;1;1;;;17;998
6;7;15;17;17015;;3;2;No inventariada;;14;3;1;999;;1;1;1;;;17;998
6;2;14;17;17015;;3;2;No inventariada;;14;2;2;1;;1;1;1;;;17;998
6;5;12;17;0;;1;1;GIV-5132;0,5;6;19;1;999;;1;1;1;;;17;4
7;5;15;17;17015;;2;2;GI-524;32,7;14;2;2;1;;1;1;1;;;17;4
7;5;20;17;17015;;3;2;No inventariada;;14;2;2;1;;1;1;1;;;17;998
7;6;10;17;0;;1;1;No inventariada;0;6;1;1;999;;1;1;1;;;999;4
7;6;11;17;0;;2;2;C-152;46,9;6;4;1;999;;1;1;1;;;999;4
7;6;12;17;17117;;1;1;C-31;333,5;6;9;1;999;;1;1;1;;;17;4
7;6;18;17;0;;1;1;N-260;24,6;6;2;2;2;;1;1;1;;;17;1
7;7;2;17;0;;1;1;GI-643;0,3;6;4;1;999;;1;5;1;;;999;4
7;6;3;17;0;;1;1;GIV-6026;5,1;6;19;1;999;;1;6;1;;;999;4
7;7;11;17;17044;;1;1;C-65;20,6;6;19;1;999;;3;1;4;;;999;4
7;7;12;17;0;;1;1;GI-503;21,6;6;9;1;999;;3;1;3;;;999;4
7;7;13;17;0;;1;1;C-31;339,5;6;2;1;999;;1;1;1;;;999;4
7;7;14;17;0;;1;1;AP-7;60,1;2;20;1;999;;3;1;1;;;999;4
7;7;15;17;17079;;1;1;N-2;719,8;6;3;1;999;;1;1;1;;;999;4
7;7;23;17;17186;;1;1;AP-7;57,7;2;3;1;999;;1;6;1;;;999;4
7;7;20;17;17034;;1;1;GI-667;0,9;6;2;1;999;;1;1;1;;;999;4
7;2;9;17;17114;;3;2;No inventariada;;14;9;1;999;;1;1;1;;;17;998
7;1;11;17;17048;;2;2;GIV-6621;2;6;3;2;2;;1;1;1;;;999;4
7;1;13;17;0;;1;1;No inventariada;1,3;6;9;1;999;;1;1;1;;;999;4
7;1;18;17;0;;1;1;AP-7;64;2;4;1;999;;1;1;1;;;999;4
7;1;19;17;0;;1;1;C-31;340;6;2;2;4;;1;1;1;;;999;4
7;1;9;17;17079;;3;2;No inventariada;;14;2;2;1;;1;1;1;;;17;998
7;7;5;17;0;;3;2;No inventariada;;14;2;2;1;;1;4;1;;;999;998
7;2;9;17;17160;;1;1;GI-682;42,5;6;9;1;999;;1;1;1;;;999;4
7;2;8;17;0;;1;1;C-66;44,3;6;2;1;999;;1;1;1;;;17;4
7;2;12;17;17049;;1;1;N-2;722;6;9;2;4;;8;1;1;;;999;4
7;2;16;17;17092;;1;1;N-260;18,4;6;19;1;999;;1;1;1;;;999;4
7;2;14;17;0;;2;2;N-2;774,1;6;20;2;4;;1;1;1;;;999;4
7;2;18;17;0;;3;2;No inventariada;;14;2;2;1;;1;1;1;;;999;998
7;2;17;17;17202;;1;1;GI-682;22;6;3;1;999;;1;1;1;;;999;4
7;2;20;17;0;;1;1;C-66;6,5;6;4;1;999;;1;1;1;;;999;4
7;2;17;17;17008;;1;1;C-63;38,5;6;19;2;4;;1;1;1;;;999;4
7;2;20;17;0;;2;2;C-63;43,6;6;1;2;2;;1;1;1;;;999;4
7;5;15;17;17079;;3;2;No inventariada;;14;2;2;4;;1;1;1;;;17;998
7;1;12;17;17079;;3;2;No inventariada;;14;9;1;999;;1;1;1;;;17;998
6;4;17;17;17079;;3;2;No inventariada;;14;3;1;999;;1;1;1;;;17;998
7;2;0;17;17079;;3;2;No inventariada;;14;9;1;999;;1;4;1;;;17;998
7;3;7;17;17033;;1;1;GI-673;2;6;3;1;999;;1;1;1;;;999;4
7;2;9;17;0;;2;2;GI-522;2,4;14;2;1;999;;1;1;1;;;17;4
7;3;8;17;0;;2;2;N-260;63;6;9;1;999;;1;1;1;;;999;4
7;3;22;17;0;;1;1;GIV-6701;11;6;19;1;999;;1;5;1;;;999;4
7;4;0;17;17095;;1;1;GI-682;8;6;9;1;999;;1;6;1;;;999;4
7;4;7;17;0;;1;1;N-260;122,3;6;19;1;999;;1;1;1;;;999;4
7;4;11;17;0;;2;2;C-38;10;6;19;1;999;;1;1;1;;;999;4
7;4;10;17;0;;1;1;No inventariada;0;6;20;1;999;;1;1;1;;;999;4
7;4;16;17;0;;3;2;No inventariada;;14;2;2;2;;1;1;1;;;999;998
7;4;15;17;0;;1;1;C-31;339,5;6;3;1;999;;1;1;1;;;999;4
7;4;19;17;0;;2;2;N-260;85,5;6;9;2;4;;8;1;1;;;999;4
7;4;20;17;0;;2;2;N-154;4,9;14;2;2;1;;1;1;1;;;999;4
7;1;20;17;17118;;1;1;C-31;324;3;4;2;4;;1;1;1;;;999;4
7;3;19;17;0;;1;1;N-260;136,5;6;19;1;999;;1;1;1;;;999;4
7;4;9;17;0;;1;1;GI-644;4;6;1;2;2;;1;1;1;;;9;1
7;5;12;17;17089;;1;1;C-35;98;3;2;2;1;;1;1;1;;;999;4
7;4;18;17;0;;1;1;GI-500;0,6;6;3;1;999;;1;1;1;;;17;2
7;5;9;17;17079;;3;2;No inventariada;;14;3;1;999;;1;1;1;;;17;998
7;6;8;17;17066;;3;2;No inventariada;;14;2;2;1;;1;1;1;;;17;998
7;4;18;17;17066;;3;2;No inventariada;;14;1;2;2;;1;1;1;;;17;998
7;3;12;17;17079;;3;2;No inventariada;;14;3;1;999;;1;1;1;;;17;998
7;6;7;17;0;;1;1;GIV-5248;0,7;6;9;1;999;;1;1;1;;;999;4
7;6;9;17;0;;1;1;C-153;45,7;6;9;1;999;;1;1;1;;;999;4
7;5;18;17;17062;;1;1;GI-623;20,1;6;9;1;999;;1;1;1;;;999;4
7;6;11;17;17062;;1;1;GI-623;18,7;6;2;2;4;;1;1;1;;;999;4
7;6;19;17;17181;;1;1;C-65;2,2;6;9;2;4;;1;1;1;;;999;4
7;7;1;17;0;;1;1;N-2;763;6;2;1;999;;1;6;1;;;999;4
7;6;3;17;17062;;1;1;GIV-6322;3;6;19;1;999;;1;6;1;;;17;2
7;5;13;17;17164;;3;2;No inventariada;;14;7;1;999;;1;1;1;;;999;998
7;7;7;17;17020;;1;1;N-141e;110,7;6;9;1;999;;1;1;1;;;999;4
7;7;9;17;0;;3;2;No inventariada;;14;9;1;999;;1;1;1;;;999;998
7;7;12;17;17118;;1;1;C-31;324;3;2;2;4;;1;1;1;;;999;4
7;7;12;17;0;;1;1;GI-503;22,1;6;19;1;999;;8;1;1;;;999;4
7;7;14;17;17114;;1;1;N-260a;87,7;6;9;1;999;;1;1;1;;;999;4
7;7;21;17;0;;2;2;C-252;41,2;6;6;1;999;;1;4;1;;;999;4
7;1;0;17;17066;;1;1;N-2;754;6;4;1;999;;1;6;1;;;999;4
7;1;2;17;17079;;1;1;C-66;32;6;20;1;999;;1;4;1;;;999;4
6;7;1;17;17079;;3;2;No inventariada;;14;7;2;2;;1;4;1;;;17;998
5;4;9;17;17152;;3;2;No inventariada;;14;2;2;1;;1;1;1;;;17;998
7;1;19;17;17079;;3;2;No inventariada;;14;7;1;999;;1;1;1;;;4;998
7;1;8;17;0;;3;2;No inventariada;;14;2;2;2;;1;1;1;;;999;998
7;1;16;17;0;;3;2;No inventariada;;14;4;1;999;;1;1;1;;;999;998
7;1;17;17;0;;1;1;C-63;17,9;6;4;2;4;;1;1;1;;;999;4
7;1;17;17;17048;;1;1;GIV-6621;0,6;6;2;2;2;;1;1;1;;;999;4
7;1;22;17;17047;;1;1;C-260;39,1;3;2;2;4;;1;6;1;;;999;4
5;5;15;17;17152;;3;2;No inventariada;;14;7;1;999;;1;1;1;;;17;998
7;4;18;17;0;;1;1;C-66;17,5;6;4;1;999;;1;1;1;;;999;4
7;5;20;17;0;;2;2;GI-522;2,9;14;4;1;999;;3;1;3;;;999;4
7;2;10;17;0;;1;1;GI-531;13,9;6;9;1;999;;1;1;1;;;999;4
7;7;22;17;17079;;3;2;No inventariada;;14;8;1;999;;1;6;1;;;17;998
5;7;14;17;17152;;3;2;No inventariada;;14;2;1;999;;1;1;1;;;17;998
7;1;14;17;17033;;3;2;No inventariada;;14;9;1;999;;1;1;1;;;17;998
7;5;14;17;17181;;1;1;C-31;310;3;4;2;;;1;1;1;;;999;4
7;1;12;17;0;;3;2;No inventariada;;14;20;2;1;;1;1;1;;;999;998
7;3;7;17;17152;;1;1;GI-614;9,6;6;19;1;999;;1;1;1;;;999;4
7;3;11;17;0;;1;1;C-66;19,7;6;1;1;999;;1;1;1;;;999;4
7;3;14;17;0;;1;1;GIV-6701;11,4;6;9;1;999;;1;1;1;;;999;4
7;3;15;17;0;;1;1;GIV-5041;5,2;6;19;1;999;;1;1;1;;;999;4
7;3;17;17;0;;1;1;C-66;42,5;6;9;2;4;;8;1;1;;;999;4
8;4;1;17;17009;;1;1;C-25;204;3;19;1;999;;1;6;1;;;999;4
7;3;12;17;17079;;3;2;No inventariada;;14;9;1;999;;1;1;1;;;17;998
5;3;17;17;17152;;3;2;No inventariada;;14;7;2;1;;3;1;4;;;17;998
7;2;15;17;17079;;3;2;No inventariada;;14;2;2;2;;1;1;1;;;17;998
8;4;8;17;0;;1;1;GIV-6216;1,1;6;1;1;999;;1;1;1;;;999;4
8;4;15;17;0;;3;2;No inventariada;;14;20;1;999;;1;1;1;;;999;998
8;4;15;17;17152;;1;1;GI-614;5;6;1;1;999;;1;1;1;;;999;4
8;4;17;17;0;;1;1;C-153a;74,4;6;20;1;999;;1;1;1;;;999;4
7;2;16;17;17079;;3;2;No inventariada;;14;2;2;2;;1;1;1;;;17;998
8;5;9;17;0;;1;1;No inventariada;2,8;6;3;1;999;;1;1;1;;;999;4
8;5;13;17;0;;3;2;No inventariada;;14;4;1;999;;1;1;1;;;999;998
8;5;14;17;17089;;1;1;GI-674;6,3;6;9;1;999;;1;1;1;;;999;4
7;3;18;17;17079;;3;2;No inventariada;;14;9;1;999;;1;1;1;;;17;998
8;6;4;17;0;;1;1;No inventariada;1;6;9;1;999;;3;6;1;;;17;1
8;6;9;17;17089;;1;1;GIV-6612;2,5;6;9;1;999;;1;1;1;;;999;4
8;6;14;17;17062;;2;2;GIP-6307;1,2;6;9;2;4;;1;1;1;;;999;4
8;6;17;17;0;;1;1;GI-644;1;6;3;1;999;;1;1;1;;;999;4
8;6;18;17;0;;1;1;N-260;27,1;6;4;1;999;;1;1;1;;;999;4
8;6;23;17;17034;;1;1;C-31;318,1;3;20;1;999;;1;6;1;;;999;4
7;3;0;17;17155;;2;2;GI-535;1;14;20;1;999;;1;1;1;;;17;4
7;2;15;17;17155;;3;2;No inventariada;;14;20;1;999;;1;1;1;;;17;998
8;7;7;17;17047;;1;1;C-260;39;3;4;2;4;;1;1;1;;;999;4
8;7;6;17;17199;;1;1;GI-641;1,4;6;19;1;999;;1;2;1;;;999;4
8;7;9;17;0;;1;1;C-66;5,7;6;1;1;999;;1;1;1;;;17;1
8;7;14;17;0;;1;1;GI-602;0,9;6;19;1;999;;1;1;1;;;999;4
8;7;14;17;17202;;1;1;GI-682;32,9;6;19;1;999;;1;1;1;;;999;4
8;7;17;17;0;;1;1;GI-402;2,5;6;9;1;999;;1;1;1;;;999;4
7;3;21;17;17114;;3;2;No inventariada;;14;2;2;1;;1;1;1;;;17;998
8;4;5;17;17114;;3;2;No inventariada;;14;7;2;1;;1;4;1;;;17;998
8;1;8;17;0;;1;1;C-250;3;6;9;2;4;;8;1;1;;;999;4
8;1;17;17;0;;1;1;N-260;161,7;6;19;1;999;;1;1;1;;;999;4
8;1;18;17;17103;;1;1;C-35;74,8;6;2;1;999;;1;1;1;;;999;4
7;2;15;17;17079;;3;2;No inventariada;;14;2;2;4;;1;1;1;;;17;998
8;4;4;17;17079;;3;2;No inventariada;;14;6;1;999;;1;5;1;;;17;998
7;7;11;17;17079;;3;2;No inventariada;;14;2;1;999;;1;1;1;;;1;998
7;7;18;17;17117;;1;1;C-31;333;3;9;2;4;;1;1;1;;;999;4
8;2;16;17;0;;1;1;C-31;375,2;6;1;1;999;;1;1;1;;;999;4
8;2;17;17;17008;;1;1;C-63;37,9;6;1;1;999;;1;1;1;;;999;4
8;1;13;17;17079;;3;2;No inventariada;;14;2;1;999;;1;1;1;;;17;998
8;2;21;17;17079;;3;2;No inventariada;;14;4;1;999;;1;1;1;;;17;998
8;6;13;17;17034;;1;1;GI-661;0,8;6;3;1;999;;1;1;1;;;999;4
8;7;16;17;17047;;1;1;C-260;38,5;3;4;2;4;;1;1;1;;;999;4
8;4;15;17;0;;1;1;AP-7;71,5;2;19;1;999;;1;1;1;;;17;4
8;4;12;17;0;;1;1;No inventariada;0,3;6;9;1;999;;1;1;1;;;999;4
8;6;20;17;17095;;1;1;GI-682;8,3;6;4;2;4;;1;1;1;;;999;4
8;3;0;17;17047;;1;1;C-260;35,8;3;4;2;4;;1;4;1;;;999;4
8;5;12;17;0;;1;1;GIV-4082;3,1;6;3;1;999;;1;1;1;;;999;4
8;5;23;17;0;;3;2;No inventariada;;14;2;1;999;;1;4;1;;;999;998
8;5;23;17;17202;;1;1;GI-682;27;6;19;1;999;;1;6;1;;;999;4
8;5;2;17;17103;;1;1;AP-7;86,2;2;4;1;999;;1;6;1;;;17;1
8;5;18;17;17092;;1;1;N-260;18,2;6;2;2;2;;1;1;1;;;17;1
8;5;18;17;17141;;1;1;N-152;1,4;6;4;1;999;;1;1;1;;;999;4
8;6;10;17;0;;1;1;GI-610;9,6;6;9;2;4;;1;1;1;;;999;4
8;6;19;17;17095;;1;1;C-63;1,5;6;4;1;999;;1;1;1;;;999;4
8;6;20;17;17033;;1;1;C-35;92;3;4;1;999;;1;1;1;;;999;4
8;7;0;17;0;;1;1;GI-622;8,1;6;20;1;999;;1;6;1;;;999;4
8;6;22;17;0;;2;2;C-250;6;14;6;1;999;;1;4;1;;;999;4
8;7;1;17;17118;;1;1;C-31;324;3;2;1;999;;1;4;1;;;999;4
8;4;18;17;17015;;3;2;No inventariada;;14;7;2;1;;1;1;1;;;17;998
7;6;1;17;17015;;3;2;No inventariada;;14;2;2;1;;1;4;1;;;17;998
7;3;11;17;17015;;3;2;No inventariada;;14;7;1;999;;1;1;1;;;17;998
7;2;23;17;17015;;3;2;No inventariada;;14;2;2;1;;1;4;1;;;17;998
7;1;9;17;17066;;3;2;No inventariada;;14;9;2;4;;8;1;1;;;17;998
7;3;16;17;17118;;3;2;No inventariada;;14;20;1;999;;1;1;1;;;17;998
8;5;23;17;17118;;3;2;No inventariada;0;14;20;1;999;;1;1;1;;;17;998
8;7;9;17;0;;2;2;GIV-5264;2,9;6;3;1;999;;1;1;1;;;999;4
8;7;8;17;17202;;1;1;GI-682;25,9;6;20;1;999;;1;1;1;;;4;2
8;7;12;17;0;;1;1;GI-552;7;6;19;1;999;;1;1;1;;;17;4
8;7;16;17;0;;1;1;No inventariada;0;6;20;1;999;;1;1;1;;;999;4
8;7;18;17;17048;;1;1;GI-665;1;6;4;1;999;;1;1;1;;;999;4
8;7;6;17;17095;;1;1;GI-682;13,9;6;19;1;999;;1;6;1;;;17;2
8;2;10;17;17079;;3;2;No inventariada;;14;3;2;4;;1;1;1;;;17;998
5;2;8;17;17152;;3;2;No inventariada;;14;2;2;1;;1;1;1;;;17;998
8;5;17;17;17079;;3;2;No inventariada;;14;4;1;999;;1;1;1;;;17;998
8;1;5;17;0;;1;1;AP-7;61;2;19;1;999;;1;6;1;;;999;4
8;1;17;17;0;;1;1;GI-504;13;6;19;1;999;;1;1;1;;;999;4
8;1;20;17;0;;1;1;GI-554;7,2;6;19;1;999;;1;2;1;;;999;4
8;5;7;17;17079;;3;2;No inventariada;;14;2;2;4;;1;1;1;;;17;998
8;4;1;17;17079;;3;2;No inventariada;;14;2;2;1;;1;4;1;;;17;998
5;5;12;17;17152;;3;2;No inventariada;;14;7;1;999;;1;1;1;;;17;998
8;3;21;17;0;;1;1;C-31;337,4;6;3;1;999;;1;6;1;;;999;4
8;2;9;17;17092;;1;1;N-260;21,4;6;19;1;999;;1;1;1;;;999;4
8;2;14;17;17213;;1;1;C-63;8,1;6;1;1;999;;1;1;1;;;17;3
8;5;13;17;17079;;3;2;No inventariada;;14;2;2;2;;1;1;1;;;17;998
5;5;8;17;17152;;3;2;No inventariada;;14;2;1;999;;1;1;1;;;17;998
8;1;14;17;17079;;3;2;No inventariada;;14;2;2;1;;1;1;1;;;17;998
8;1;14;17;0;;1;1;C-66;22,2;6;19;1;999;;1;1;1;;;999;4
8;3;12;17;0;;1;1;GI-552;8;6;20;1;999;;8;1;1;;;999;4
8;4;7;17;0;;1;1;C-66;21,1;6;3;1;999;;3;1;3;;;999;4
8;4;10;17;0;;3;2;No inventariada;;14;2;1;999;;1;1;1;;;999;998