MES;DIA_SEMANA;HORA;COD_PROVINCIA;COD_MUNICIPIO;ISLA;ZONA;ZONA_AGRUPADA;CARRETERA;KM;TIPO_VIA;TIPO_ACCIDENTE;NUDO;NUDO_INFO;CARRETERA_CRUCE;CONDICION_FIRME;CONDICION_ILUMINACION;CONDICION_METEO;CONDICION_NIEBLA;CONDICION_VIENTO;VISIB_RESTRINGIDA_POR;TRAZADO_PLANTA
8;5;1;17;17089;;1;1;GI-674;5,8;6;19;1;999;;1;6;1;;;999;4
8;6;9;17;17079;;3;2;No inventariada;;14;9;1;999;;1;1;1;;;17;998
8;5;7;17;17180;;1;1;C-63;25;6;19;1;999;;3;1;3;;;999;4
8;5;20;17;0;;3;2;No inventariada;;14;7;1;999;;8;1;1;;;2;998
8;6;9;17;17186;;1;1;AP-7;57;2;4;1;999;;1;1;1;;;999;4
8;6;12;17;0;;1;1;No inventariada;1,6;6;9;1;999;;1;1;1;;;999;4
8;6;17;17;17023;;3;2;No inventariada;35;14;2;1;999;;1;1;1;;;17;998
8;7;1;17;0;;1;1;GIP-5106;3,3;6;19;1;999;;1;1;1;;;17;4
8;7;15;17;0;;1;1;GI-555;9;6;9;1;999;;3;1;3;;;999;4
8;7;18;17;0;;1;1;No inventariada;0,2;6;9;1;999;;1;1;1;;;999;4
8;7;19;17;0;;1;1;AP-7;40,5;2;4;1;999;;1;1;1;;;999;4
6;6;22;17;17079;;3;2;No inventariada;;14;2;2;1;;1;4;1;;;17;998
8;6;8;17;17079;;3;2;No inventariada;;14;9;2;1;;1;1;1;;;17;998
8;6;10;17;17079;;3;2;No inventariada;;14;2;2;1;;1;1;1;;;17;998
8;4;7;17;17033;;2;2;GI-674;1;14;4;2;2;;1;1;1;;;1;4
8;5;12;17;0;;1;1;GI-400;7,8;6;9;1;999;;1;1;1;;;999;4
8;1;10;17;0;;2;2;GI-612;1;6;9;1;999;;8;1;1;;;999;4
8;1;8;17;0;;1;1;No inventariada;23;6;19;1;999;;8;1;1;;;999;4
8;1;11;17;17199;;1;1;GI-641;2,9;6;4;1;999;;1;1;1;;;999;4
8;1;17;17;0;;3;2;No inventariada;;14;9;1;999;;1;1;1;;;999;998
8;1;20;17;17202;;1;1;GI-682;24,8;6;9;1;999;;1;1;1;;;999;4
8;3;12;17;0;;1;1;BV-4031;25,2;6;19;1;999;;1;1;1;;;999;4
8;2;5;17;17152;;1;1;C-260;42,3;3;9;2;4;;8;2;1;;;999;4
8;2;5;17;17047;;1;1;C-260;39,5;3;20;1;999;;1;1;1;;;17;4
8;2;10;17;0;;2;2;C-38;3,8;14;4;1;999;;1;1;1;;;999;4
8;1;18;17;0;;2;2;No inventariada;;14;7;1;999;;1;1;1;;;17;1
8;2;17;17;17066;;1;1;N-260;35;6;2;1;999;;1;1;1;;;17;1
8;2;18;17;17047;;1;1;C-260;38,2;3;4;1;999;;1;1;1;;;999;4
8;4;18;17;0;;1;1;N-260z;81,3;6;9;2;4;;8;1;1;;;999;4
8;3;8;17;17193;;1;1;C-63;15;14;7;2;2;;1;1;1;;;999;4
8;3;12;17;0;;1;1;C-31;327,7;3;20;1;999;;1;1;1;;;999;4
8;3;16;17;0;;3;2;No inventariada;;14;6;1;999;;1;1;1;;;999;998
8;2;13;17;17079;;3;2;No inventariada;;14;4;1;999;;1;1;1;;;17;998
8;3;8;17;17079;;3;2;No inventariada;;14;3;2;4;;1;1;1;;;17;998
5;5;12;17;17152;;3;2;No inventariada;;14;7;1;999;;1;1;1;;;17;998
6;1;13;17;17152;;3;2;No inventariada;;14;4;1;999;;1;1;1;;;17;998
8;4;21;17;17079;;3;2;No inventariada;;14;4;1;999;;1;4;1;;;17;998
8;4;11;17;0;;1;1;GIV-5341;2,2;6;3;1;999;;1;1;1;;;999;4
8;4;12;17;0;;1;1;No inventariada;0,5;6;9;1;999;;1;1;1;;;999;4
8;3;18;17;17009;;1;1;GI-543;8,5;6;9;1;999;;1;1;1;;;999;4
8;4;19;17;0;;1;1;GI-503;3,9;6;20;1;999;;1;1;1;;;17;4
8;5;2;17;17095;;1;1;GI-682;8;6;19;2;4;;1;6;1;;;999;4
8;1;12;17;17079;;3;2;No inventariada;;14;4;2;2;;1;1;1;;;17;998
8;5;9;17;17103;;1;1;N-2;687;6;19;1;999;;1;1;1;;;999;4
8;5;16;17;0;;1;1;N-260a;97,1;6;19;1;999;;1;1;1;;;999;4
8;5;17;17;17047;;3;2;No inventariada;;14;9;2;4;;1;1;1;;;999;998
8;3;17;17;17079;;3;2;No inventariada;;14;4;1;999;;1;1;1;;;17;998
8;6;2;17;0;;3;2;No inventariada;;14;2;2;1;;1;4;1;;;999;998
8;6;12;17;0;;1;1;N-260;175,2;6;3;1;999;;1;1;1;;;999;4
8;6;3;17;17117;;1;1;GIV-6591;1,3;6;19;1;999;;1;6;1;;;17;1
8;7;21;17;17213;;1;1;C-63;7;6;1;1;999;;1;6;1;;;999;4
8;7;2;17;0;;1;1;N-260;23,1;6;4;1;999;;1;6;1;;;999;4
8;7;10;17;0;;3;2;No inventariada;;14;2;1;999;;1;1;1;;;999;998
8;7;11;17;0;;1;1;C-31;356,2;6;4;1;999;;1;1;1;;;999;4
8;5;16;17;17114;;2;2;C-153;61,2;14;1;1;999;;1;1;1;;;17;4
8;1;13;17;17114;;2;2;C-153;61,2;14;4;1;999;;1;1;1;;;17;4
6;4;11;17;17152;;3;2;No inventariada;;14;19;1;999;;1;1;1;;;17;998
8;4;14;17;17079;;3;2;No inventariada;;14;2;2;;;1;1;1;;;17;998
8;7;11;17;0;;1;1;C-66;57,3;6;9;1;999;;1;1;1;;;999;4
8;4;13;17;17048;;2;2;GIV-6621;1,8;6;2;1;999;;1;1;1;;;999;4
8;1;4;17;17117;;1;1;C-31;332,8;3;19;1;999;;1;6;1;;;999;4
8;1;8;17;17103;;1;1;AP-7;90,5;2;19;1;999;;1;1;1;;;999;4
8;1;12;17;0;;1;1;C-17;86;3;19;1;999;;1;4;1;;;999;4
8;1;14;17;0;;1;1;N-260;165;6;9;1;999;;1;1;1;;;999;4
8;1;15;17;0;;3;2;No inventariada;;14;4;2;1;;1;1;1;;;999;998
6;2;17;17;17152;;3;2;No inventariada;;14;4;1;999;;1;1;1;;;17;998
8;4;18;17;17079;;3;2;No inventariada;;14;9;1;999;;1;1;1;;;17;998
8;2;18;17;17160;;3;2;No inventariada;;14;20;1;999;;1;1;1;;;17;998
8;3;15;17;0;;3;2;No inventariada;;14;20;2;2;;3;1;3;;;999;998
8;1;16;17;0;;1;1;GIV-6102;0,8;6;19;1;999;;1;1;1;;;17;4
8;2;18;17;17095;;2;2;GI-682;8,9;6;4;1;999;;1;1;1;;;999;4
8;2;20;17;0;;1;1;N-260;181,9;6;3;1;999;;1;2;1;;;999;4
8;2;7;17;17114;;2;2;C-153;61,2;14;6;1;999;;1;1;1;;;17;4
6;4;9;17;17152;;3;2;No inventariada;;14;2;2;4;;1;1;1;;;17;998
8;2;5;17;17066;;3;2;No inventariada;;14;6;2;2;;1;4;1;;;17;998
7;3;19;17;17079;;3;2;No inventariada;;14;4;1;999;;1;1;1;;;17;998
8;2;0;17;17066;;3;2;No inventariada;;14;7;2;2;;1;4;1;;;17;998
8;5;14;17;17066;;3;2;No inventariada;;14;2;1;999;;1;1;1;;;17;998
8;1;21;17;17066;;3;2;No inventariada;;14;3;1;999;;1;4;1;;;17;998
8;3;7;17;0;;1;1;AP-7;42,5;2;4;1;999;;1;1;1;;;999;4
8;3;10;17;17199;;2;2;C-31;349,7;14;19;1;999;;1;1;1;;;999;4
8;3;13;17;17213;;1;1;N-2;692;6;4;1;999;;1;1;1;;;17;4
8;3;22;17;0;;1;1;N-2;737,8;6;8;1;999;;1;6;1;;;999;4
8;4;3;17;0;;1;1;GI-400;18;6;19;1;999;;1;6;1;;;4;2
6;2;18;17;17152;;3;2;No inventariada;;14;9;1;999;;1;1;1;;;17;998
6;4;14;17;17152;;3;2;No inventariada;;14;4;1;999;;3;1;3;;;17;998
8;2;15;17;17079;;3;2;No inventariada;;14;9;1;999;;1;1;1;;;17;998
8;6;7;17;17066;;3;2;No inventariada;;14;2;2;1;;1;1;1;;;17;998
7;4;12;17;17066;;3;2;No inventariada;;14;4;1;999;;1;1;1;;;17;998
8;6;13;17;17066;;3;2;No inventariada;;14;4;2;2;;1;1;1;;;17;998
8;1;19;17;17047;;2;2;No inventariada;0;14;7;2;4;;1;2;1;;;1;1
8;4;4;17;0;;1;1;C-152;3,4;6;1;2;;;1;6;1;;;999;4
8;4;6;17;0;;1;1;GIV-6301;2,1;6;19;2;2;;1;6;1;;;999;4
8;4;10;17;0;;1;1;C-26;176,1;6;2;1;999;;1;1;1;;;999;4
8;4;18;17;17095;;1;1;C-63;1,7;6;4;1;999;;1;1;1;;;999;4
8;4;22;17;0;;3;2;No inventariada;;14;19;1;999;;1;6;1;;;999;998
6;6;16;17;17152;;3;2;No inventariada;;14;6;1;999;;1;1;1;;;17;998
6;4;19;17;17152;;3;2;No inventariada;;14;3;2;1;;1;1;1;;;17;998
8;3;16;17;17079;;3;2;No inventariada;;14;7;2;2;;1;1;1;;;17;998
8;5;11;17;0;;1;1;No inventariada;0;6;19;1;999;;1;1;1;;;999;4
8;5;11;17;17015;;3;2;No inventariada;;14;2;2;2;;1;1;1;;;999;998
8;5;22;17;0;;1;1;N-260z;78,3;6;8;1;999;;1;6;1;;;999;4
8;6;1;17;17047;;1;1;C-260;38,5;3;2;1;999;;1;4;1;;;999;4
7;3;13;17;17066;;3;2;No inventariada;;14;7;1;999;;1;1;1;;;17;998
8;4;8;17;0;;1;1;AP-7;12,6;2;4;1;999;;1;1;1;;;999;4
8;4;15;17;17066;;3;2;No inventariada;;14;2;1;999;;1;1;1;;;17;998
8;3;18;17;17066;;3;2;No inventariada;;14;4;1;999;;1;1;1;;;17;998
8;4;21;17;17066;;3;2;No inventariada;;14;4;1;999;;1;1;1;;;17;998
8;6;11;17;17114;;3;2;No inventariada;;14;9;1;999;;1;1;1;;;1;998
9;7;5;17;0;;1;1;GIP-5106;4,5;6;2;2;2;;1;4;1;;;999;4
9;7;11;17;17009;;2;2;GI-550;0,8;6;3;2;4;;1;1;1;;;999;4
9;7;12;17;0;;1;1;GIV-6502;2,9;6;4;1;999;;3;1;3;;;999;4
9;7;20;17;17114;;1;1;N-260;85,4;6;20;2;1;;1;1;1;;;17;4
8;5;1;17;17079;;3;2;No inventariada;;14;9;1;999;;1;4;1;;;17;998
8;5;1;17;17079;;3;2;No inventariada;;14;9;1;999;;1;4;1;;;17;998
7;4;20;17;17152;;3;2;No inventariada;;14;3;1;999;;1;1;1;;;17;998
8;6;17;17;17062;;1;1;No inventariada;0,3;6;6;1;999;;1;1;1;;;999;4
9;1;8;17;0;;1;1;C-63;59,5;6;19;1;999;;1;1;1;;;999;4
9;1;14;17;17118;;1;1;C-31;326;3;4;2;4;;1;1;1;;;999;4
9;1;15;17;0;;1;1;GI-651;3,4;6;2;1;999;;1;1;1;;;999;4
7;7;10;17;17152;;3;2;No inventariada;;14;7;1;999;;1;1;1;;;17;998
9;1;19;17;17079;;3;2;No inventariada;;14;6;1;999;;1;1;1;;;17;998
9;2;11;17;17114;;1;1;N-260a;87,6;6;19;1;999;;1;1;1;;;999;4
9;2;12;17;17049;;2;2;No inventariada;0;14;1;1;999;;3;1;1;;;999;4
9;2;13;17;17193;;1;1;C-63;14,5;6;4;1;999;;3;1;3;;;999;4
9;2;17;17;0;;1;1;C-250;3,1;6;9;2;4;;3;1;3;;;999;4
8;6;16;17;17079;;3;2;No inventariada;;14;3;1;999;;1;1;1;;;17;998
9;3;3;17;0;;1;1;GIV-6321;2,8;6;19;1;999;;1;6;1;;;999;4
9;3;16;17;17049;;3;2;No inventariada;;14;4;2;4;;3;1;3;;;999;998
9;2;11;17;17079;;3;2;No inventariada;;14;2;1;999;;1;1;1;;;17;998
9;2;10;17;17213;;1;1;C-63;6,7;6;2;1;999;;1;1;1;;;999;4
9;4;16;17;0;;1;1;GIV-5341;0,1;6;3;1;999;;1;1;1;;;999;4
9;4;15;17;0;;1;1;No inventariada;0;6;1;1;999;;1;1;1;;;999;4
7;1;19;17;17152;;3;2;No inventariada;;14;2;2;2;;1;1;1;;;17;998
9;3;19;17;0;;3;2;No inventariada;;14;20;2;2;;1;1;1;;;999;998
9;5;8;17;17193;;1;1;C-63;14,2;6;2;2;4;;3;1;3;;;999;4
9;5;12;17;0;;1;1;C-25;235;6;19;1;999;;3;1;3;;;999;4
9;5;11;17;0;;1;1;GI-632;6,2;6;19;1;999;;1;1;1;;;999;4
9;5;12;17;0;;1;1;GIV-5247;4;6;19;1;999;;3;1;3;;;999;4
9;5;13;17;0;;1;1;N-260;183,9;6;3;2;2;;3;1;3;;;999;4
9;5;15;17;17141;;1;1;N-260;178,2;6;19;1;999;;3;1;3;;;999;4
9;5;16;17;0;;1;1;GI-622;4;6;19;1;999;;1;1;1;;;999;4
9;5;19;17;17047;;3;2;No inventariada;;14;3;1;999;;1;6;1;;;999;998
9;5;23;17;0;;1;1;GI-644;1;6;8;1;999;;3;6;3;;;999;4
9;5;18;17;0;;1;1;GI-613;1,7;6;19;1;999;;1;1;1;;;17;2
9;6;6;17;0;;1;1;GI-634;1,2;6;19;1;999;;8;6;1;;;999;4
9;6;8;17;0;;1;1;GI-634;1,2;6;19;1;999;;8;1;3;;;999;4
9;6;10;17;17034;;1;1;GI-667;0,2;6;9;2;4;;1;1;1;;;999;4
9;6;11;17;0;;1;1;No inventariada;0;6;9;1;999;;8;1;1;;;999;4
9;6;12;17;0;;1;1;No inventariada;0;6;9;1;999;;3;1;1;;;999;4
9;6;15;17;0;;1;1;GI-554;7;6;1;1;999;;1;1;1;;;999;4
9;6;16;17;17199;;2;2;GI-641;6;14;4;1;999;;1;1;1;;;999;4
9;6;22;17;0;;3;2;No inventariada;;14;7;1;999;;1;6;1;;;999;998
9;2;10;17;17033;;3;2;No inventariada;;14;19;1;999;;1;1;1;;;17;998
9;3;12;17;17079;;1;1;C-66;32,2;6;2;1;999;;1;1;4;;;17;2
9;5;23;17;17066;;3;2;No inventariada;;14;3;1;999;;1;4;1;;;999;998
9;6;7;17;0;;1;1;No inventariada;1;6;19;1;999;;3;2;3;;;999;4
9;7;10;17;0;;1;1;GI-524;29,7;6;9;1;999;;3;1;3;;;999;4
9;7;19;17;0;;1;1;No inventariada;2;6;4;1;999;;1;1;1;;;999;4
7;7;13;17;17152;;3;2;No inventariada;;14;2;2;1;;1;1;1;;;17;998
9;5;14;17;17079;;3;2;No inventariada;;14;7;2;1;;1;1;1;;;17;998
9;4;18;17;17079;;3;2;No inventariada;;14;7;1;999;;1;1;1;;;17;998
7;6;13;17;17095;;2;2;GI-682;10,7;14;1;2;1;;1;1;1;;;1;4
7;1;12;17;17155;;3;2;No inventariada;;14;20;1;999;;1;1;1;;;17;998
9;1;8;17;17048;;1;1;GI-662;3,8;6;4;2;4;;1;1;1;;;999;4
9;1;17;17;0;;3;2;No inventariada;;14;9;2;4;;8;1;1;;;999;998
9;1;16;17;0;;1;1;N-260;32,3;6;4;2;;;1;1;1;;;999;4
9;1;10;17;17079;;3;2;No inventariada;;14;7;2;1;;1;1;1;;;17;998
9;3;22;17;17079;;3;2;No inventariada;;14;9;1;999;;3;4;3;;;17;998
9;6;6;17;17079;;3;2;No inventariada;;14;19;2;4;;3;4;3;;;17;998
9;1;13;17;17079;;3;2;No inventariada;;14;9;1;999;;1;1;1;;;17;998
9;2;16;17;0;;1;1;N-2a;722;6;2;1;999;;1;1;1;;;999;4
3;1;8;17;17015;;3;2;No inventariada;;14;7;1;999;;1;1;1;;;17;998
6;3;12;17;17015;;3;2;No inventariada;;14;2;2;1;;1;1;1;;;17;998
7;3;19;17;17015;;3;2;No inventariada;;14;2;2;1;;1;1;1;;;17;998
7;1;19;17;17015;;3;2;No inventariada;;14;2;2;1;;1;1;1;;;17;998
8;4;15;17;17015;;2;2;GI-524;32,7;14;6;1;999;;1;1;1;;;17;4
9;7;16;17;17047;;3;2;No inventariada;;14;20;2;4;;1;1;1;;;999;998
9;2;13;17;0;;1;1;GI-531;25,1;6;3;2;2;;1;1;1;;;999;4
9;2;18;17;0;;3;2;No inventariada;;14;9;1;999;;1;1;1;;;999;998
9;3;6;17;0;;1;1;GI-555;9,7;6;19;1;999;;1;2;1;;;999;4
9;3;13;17;0;;1;1;C-66;33,5;6;2;1;999;;1;1;1;;;999;4
9;3;17;17;0;;1;1;N-2a;711,2;6;3;2;4;;1;1;1;;;999;4
9;3;19;17;0;;1;1;C-26;183;6;9;1;999;;1;1;1;;;999;4
9;3;20;17;17044;;1;1;C-65;19;6;4;2;;;1;6;1;;;999;4
9;1;20;17;0;;1;1;GI-643;6,3;6;8;1;999;;1;6;1;;;999;4
9;4;5;17;17020;;1;1;N-141e;105,2;14;8;1;999;;1;6;1;;;999;4
9;4;15;17;0;;1;1;N-2;779,1;6;3;1;999;;1;1;1;;1;999;4
9;4;17;17;0;;1;1;C-66;50,8;6;4;2;4;;1;1;1;;;999;4
7;4;10;17;17152;;3;2;No inventariada;;14;4;1;999;;1;1;1;;;17;998
9;5;18;17;0;;1;1;C-31;350,8;6;2;1;999;;1;1;1;;;999;4
9;5;10;17;0;;2;2;C-65;23,7;14;4;1;999;;1;4;1;;;999;4
9;5;15;17;0;;3;2;No inventariada;;14;1;2;2;;1;1;1;;;999;998
9;5;18;17;0;;1;1;A-26;78;3;9;1;999;;1;1;1;;;999;4
9;6;10;17;17202;;1;1;GI-682;31,5;6;3;2;2;;1;1;1;;;999;4
9;6;14;17;0;;1;1;No inventariada;0;6;9;1;999;;1;1;1;;;17;2
9;5;19;17;17089;;1;1;C-65z;14;6;2;1;999;;1;1;1;;;999;4
9;6;19;17;0;;3;2;No inventariada;;14;19;1;999;;1;1;1;;;999;998
9;7;6;17;17062;;1;1;GI-623;19,8;6;19;1;999;;1;1;1;;;999;4
9;7;13;17;0;;1;1;N-260;182;6;4;1;999;;1;1;1;;;999;4
9;7;14;17;0;;1;1;N-2;752;6;1;1;999;;1;1;1;;;999;4
9;7;12;17;0;;1;1;GIP-5239;0,2;6;2;1;999;;1;1;1;;;999;4
9;7;14;17;0;;1;1;No inventariada;0,9;6;9;1;999;;1;1;1;;;999;4
9;7;16;17;0;;1;1;No inventariada;1;6;9;1;999;;1;1;1;;;999;4
9;7;17;17;0;;1;1;AP-7;73,4;2;3;1;999;;1;1;1;;;999;4
9;7;18;17;0;;1;1;C-65;24,9;6;4;1;999;;1;1;1;;;999;4
7;6;22;17;17152;;3;2;No inventariada;;14;7;1;999;;1;4;1;;;17;998
9;3;21;17;17079;;3;2;No inventariada;;14;3;2;4;;1;4;1;;;17;998
6;6;14;17;17079;;3;2;No inventariada;;14;1;2;4;;1;1;1;;;17;998
9;1;16;17;17079;;3;2;No inventariada;;14;4;1;999;;1;1;1;;;17;998
9;7;13;17;17066;;1;1;N-2;753,8;6;3;1;999;;1;1;1;;;17;4
9;1;13;17;0;;1;1;C-25;241,5;6;3;2;4;;1;1;1;;;999;4
9;1;16;17;0;;1;1;No inventariada;1;6;3;1;999;;8;1;1;;1;999;4
9;4;6;17;17079;;3;2;No inventariada;;14;2;2;2;;1;4;1;;;17;998
9;4;10;17;17079;;3;2;No inventariada;;14;4;1;999;;1;1;1;;;17;998
9;6;16;17;17066;;3;2;No inventariada;;14;2;1;999;;1;1;1;;;17;998
9;4;8;17;17079;;3;2;No inventariada;;14;2;2;4;;1;1;1;;;17;998
9;2;17;17;17114;;3;2;No inventariada;;14;7;2;1;;3;1;1;;;17;998
9;6;18;17;17114;;3;2;No inventariada;;14;4;1;999;;1;1;1;;;17;998
9;5;21;17;17103;;1;1;AP-7;84,6;2;4;1;999;;1;6;1;;;999;4
9;2;10;17;17202;;1;1;GI-682;33,4;6;9;1;999;;1;1;1;;;999;4
9;3;2;17;0;;1;1;C-63;32,8;6;8;1;999;;1;6;1;;;999;4
9;3;14;17;0;;1;1;No inventariada;1,5;6;20;1;999;;3;1;3;;;999;4
9;1;9;17;17079;;3;2;No inventariada;;14;7;1;999;;1;1;1;;;17;998
9;1;14;17;0;;1;1;GIV-5313;4,5;6;9;1;999;;1;1;1;;;999;4
9;1;20;17;17186;;3;2;No inventariada;;14;9;1;999;;1;6;1;;;999;998
9;3;7;17;17066;;1;1;N-260;35,6;6;3;1;999;;1;4;1;;;999;4
9;4;9;17;0;;2;2;GI-634;6;14;7;1;999;;1;1;1;;;999;4
9;4;13;17;17079;;1;1;N-2;718;6;3;1;999;;1;1;1;;;999;4
9;4;17;17;0;;1;1;GI-553;1,9;6;19;1;999;;1;1;1;;;17;4
9;4;20;17;0;;1;1;No inventariada;0;6;19;1;999;;1;6;1;;;999;4
9;7;12;17;17114;;3;2;No inventariada;;14;2;1;999;;1;1;1;;;17;998
9;5;8;17;17079;;3;2;No inventariada;;14;9;1;999;;1;1;1;;;17;998
9;6;17;17;17066;;3;2;No inventariada;;14;18;1;999;;1;1;1;;;17;998
9;5;10;17;0;;1;1;GI-400;7,8;6;9;1;999;;3;1;3;;;999;4
9;6;12;17;0;;1;1;C-153;43,6;6;9;1;999;;3;1;3;;;999;4
9;4;7;17;17015;;3;2;No inventariada;;14;2;2;1;;3;1;3;;;17;998
9;5;20;17;17015;;3;2;No inventariada;;14;2;2;1;;1;4;1;;;17;998
9;5;13;17;17155;;1;1;AP-7;61,6;2;3;1;999;;1;1;1;;;999;4
9;7;9;17;17033;;2;2;GI-674;1,4;14;20;1;999;;1;1;1;;;999;4
9;7;11;17;0;;1;1;N-260;133,5;6;9;1;999;;3;1;1;;;999;4
9;7;12;17;0;;2;2;C-152;47;6;4;1;999;;1;1;1;;;999;4
9;4;0;17;17079;;3;2;No inventariada;;14;2;2;2;;1;4;1;;;17;998
9;1;8;17;0;;1;1;N-260;54,3;6;8;1;999;;1;1;1;;;999;4
9;1;15;17;17141;;2;2;N-154;0,2;6;4;1;999;;1;1;1;;;999;4
9;1;20;17;0;;1;1;No inventariada;2;6;1;1;999;;3;6;3;;;999;4
9;2;15;17;17048;;2;2;GIV-6621;0,1;6;1;2;1;;1;1;1;;;999;4
9;1;9;17;17033;;1;1;C-35;91;3;20;1;999;;3;1;1;;;999;4
9;3;9;17;0;;3;2;No inventariada;;14;9;2;2;;1;1;1;;;999;998
9;3;13;17;0;;1;1;GIV-5247;0,8;6;19;1;999;;1;1;1;;;999;4
9;3;17;17;0;;1;1;C-31;352,8;6;19;1;999;;1;1;1;;;999;4
9;3;7;17;17079;;3;2;No inventariada;;14;2;2;1;;1;4;1;;;17;998
9;3;20;17;17066;;3;2;No inventariada;;14;4;1;999;;1;2;1;;;17;998
4;4;10;17;17199;;2;2;GI-641;0,3;14;3;2;4;;1;1;1;;;17;4
5;1;10;17;17199;;3;2;No inventariada;;14;9;2;2;;1;1;1;;;17;998
5;1;16;17;17199;;3;2;No inventariada;;14;6;1;999;;1;1;1;;;17;998
6;1;10;17;17199;;3;2;No inventariada;;14;6;1;999;;1;1;1;;;17;998
6;4;18;17;17199;;3;2;No inventariada;;14;7;1;999;;1;1;1;;;17;998
9;1;19;17;17079;;3;2;No inventariada;;14;9;1;999;;1;4;1;;;17;998
9;4;8;17;17044;;1;1;C-65;20,2;6;4;1;999;;1;1;1;;;999;4
9;4;9;17;17033;;1;1;A-2;702,6;3;4;1;999;;1;1;1;;;999;4
9;6;15;17;17193;;1;1;AP-7;76,7;2;3;1;999;;1;1;1;;;999;4
9;4;8;17;17033;;1;1;A-2;702;3;20;1;999;;1;1;1;;;999;4
9;5;15;17;0;;2;2;GI-533;10,8;6;2;2;1;;1;1;1;;;999;4
9;5;15;17;17103;;1;1;AP-7;88;2;4;1;999;;1;1;1;;;999;4
9;5;16;17;0;;2;2;N-260;85,3;6;7;1;999;;1;1;1;;;999;4
9;5;16;17;17103;;1;1;AP-7;89,1;2;4;1;999;;1;1;1;;;999;4
9;5;20;17;0;;3;2;No inventariada;;14;9;1;999;;8;4;1;;;999;998
9;5;21;17;0;;3;2;No inventariada;;14;7;1;999;;1;4;1;;;999;998
9;5;12;17;0;;3;2;No inventariada;;14;1;1;999;;1;1;1;;;999;998
9;6;10;17;0;;1;1;N-156;0,1;6;2;2;4;;1;1;1;;;999;4
9;6;11;17;0;;2;2;N-2;774;6;2;1;999;;1;1;1;;;999;4
9;6;11;17;0;;1;1;N-260;148,8;6;20;1;999;;1;1;1;;;999;4
9;6;12;17;0;;1;1;BV-4656;4,6;6;2;1;999;;1;1;1;;;999;4
9;6;14;17;17180;;1;1;C-25;221;3;19;1;999;;1;1;1;;;999;4
9;5;21;17;0;;2;2;N-2;773,3;6;19;2;4;;3;4;3;;;999;4
9;2;7;17;17079;;3;2;No inventariada;;14;7;1;999;;1;2;1;;;1;998
9;7;10;17;17202;;1;1;GI-682;21,3;6;1;1;999;;1;1;1;;;999;4
9;7;11;17;17164;;1;1;GI-550;9,1;6;19;1;999;;1;1;1;;;999;4
9;7;19;17;0;;1;1;GI-643;6,8;6;2;1;999;;1;2;1;;;999;4
9;5;12;17;17079;;3;2;No inventariada;;14;4;1;999;;1;1;1;;;17;998
7;2;1;17;17152;;3;2;No inventariada;;14;2;1;999;;1;4;1;;;17;998
9;7;1;17;17079;;3;2;No inventariada;;14;2;2;2;;1;4;1;;;17;998
9;2;19;17;17117;;1;1;GIV-6546;0,6;3;19;1;999;;4;5;3;;;999;4
9;7;18;17;17095;;1;1;C-63;3,5;6;19;1;999;;1;1;1;;;999;4
9;1;10;17;0;;3;2;No inventariada;;14;9;1;999;;1;1;1;;;999;998
9;1;19;17;0;;1;1;N-260;119,1;6;4;2;2;;1;2;1;;;999;4
9;1;0;17;17079;;3;2;No inventariada;;14;1;2;4;;1;4;1;;;17;998
7;5;7;17;17152;;3;2;No inventariada;;14;19;1;999;;1;1;1;;;17;998
9;1;10;17;17079;;3;2;No inventariada;;14;4;2;1;;1;1;1;;;17;998
7;6;15;17;17152;;3;2;No inventariada;;14;9;1;999;;1;1;1;;;17;998
9;3;15;17;17079;;3;2;No inventariada;;14;9;1;999;;1;1;1;;;17;998
9;3;16;17;17079;;3;2;No inventariada;;14;2;2;1;;1;1;1;;;17;998
10;2;11;17;0;;1;1;C-65;26,7;6;4;1;999;;1;1;1;;;999;4
10;2;15;17;0;;1;1;C-66;1,6;6;4;1;999;;1;1;1;;;999;4
10;2;17;17;0;;1;1;AP-7;17;2;4;1;999;;1;1;1;;;999;4
10;2;21;17;0;;2;2;No inventariada;12,3;14;7;1;999;;1;5;1;;;999;4
10;2;21;17;17103;;1;1;N-2;690,5;6;2;1;999;;1;6;1;;;999;4
7;6;13;17;17152;;3;2;No inventariada;;14;3;1;999;;1;1;1;;;17;998
10;2;11;17;17079;;3;2;No inventariada;;14;3;1;999;;1;1;1;;;17;998
9;6;13;17;17079;;3;2;No inventariada;;14;9;2;2;;3;1;3;;;17;998
6;3;5;17;17199;;1;1;No inventariada;0;14;19;1;999;;1;5;1;;;4;4
9;2;13;17;17079;;3;2;No inventariada;;14;1;1;999;;1;1;1;;;17;998
9;1;14;17;17048;;2;2;C-253;42;14;2;2;1;;1;1;1;;;1;4
9;4;7;17;17181;;1;1;C-65;2,1;6;4;1;999;;1;1;1;;;999;4
10;3;7;17;17193;;1;1;N-2;694,6;6;19;1;999;;1;6;1;;;999;4
10;3;16;17;17089;;1;1;C-250;2;6;4;2;2;;1;1;1;;;999;4
10;3;18;17;17020;;2;2;N-141e;109,6;14;7;1;999;;1;1;1;;;999;4
10;3;13;17;0;;3;2;No inventariada;;14;2;2;1;;1;1;1;;;17;998