MES;DIA_SEMANA;HORA;COD_PROVINCIA;COD_MUNICIPIO;ISLA;ZONA;ZONA_AGRUPADA;CARRETERA;KM;TIPO_VIA;TIPO_ACCIDENTE;NUDO;NUDO_INFO;CARRETERA_CRUCE;CONDICION_FIRME;CONDICION_ILUMINACION;CONDICION_METEO;CONDICION_NIEBLA;CONDICION_VIENTO;VISIB_RESTRINGIDA_POR;TRAZADO_PLANTA
10;4;1;17;0;;1;1;A-2;709;6;19;1;999;;3;6;4;;;999;4
8;2;20;17;17152;;3;2;No inventariada;;14;9;2;4;;1;1;1;;;17;998
7;4;12;17;17199;;3;2;No inventariada;;14;7;1;999;;1;1;1;;;17;998
7;4;10;17;17199;;3;2;No inventariada;;14;3;1;999;;8;1;1;;;17;998
8;6;12;17;0;;1;1;GIV-4016;3;6;20;1;999;;1;1;1;;;999;4
10;4;6;17;0;;1;1;AP-7;76,5;2;4;1;999;;1;6;1;;;999;4
10;4;14;17;0;;1;1;A-2;705;3;2;2;4;;1;1;1;;;999;4
10;4;20;17;0;;1;1;C-252;11,6;14;7;1;999;;1;4;1;;;5;4
10;4;8;17;17079;;3;2;No inventariada;;14;1;1;999;;1;1;1;;;17;998
10;3;19;17;17180;;1;1;C-25;221,1;3;19;1;999;;3;6;3;;;999;4
10;5;8;17;17213;;1;1;C-63;7,5;6;4;1;999;;1;1;1;;;999;4
10;5;13;17;0;;1;1;N-260;45,1;6;19;1;999;;1;1;1;;;999;4
10;5;18;17;0;;3;2;No inventariada;;14;9;1;999;;1;1;1;;;999;998
10;6;3;17;0;;3;2;No inventariada;;14;19;1;999;;1;6;1;;;999;998
10;6;7;17;0;;1;1;N-260;180,8;6;1;1;999;;1;6;1;;;17;1
10;6;15;17;17020;;1;1;N-141e;106,8;6;19;1;999;;1;1;1;;;999;4
10;2;6;17;17118;;3;2;No inventariada;;14;20;1;999;;1;1;1;;;17;998
10;5;16;17;17023;;3;2;No inventariada;;14;3;1;999;;1;1;1;;;17;998
10;6;18;17;0;;1;1;AP-7;29;2;4;1;999;;1;1;1;;;999;4
10;7;12;17;17033;;1;1;GI-673;2;6;4;2;1;;1;1;1;;;999;4
10;7;13;17;17009;;1;1;GIV-5411;3,8;6;9;1;999;;1;1;1;;;999;4
10;7;15;17;17009;;1;1;C-25;203,8;3;19;1;999;;1;1;1;;;999;4
10;7;16;17;0;;1;1;C-25;232,5;3;19;1;999;;1;1;1;;;999;4
8;3;17;17;17152;;3;2;No inventariada;;14;2;2;4;;1;1;1;;;17;998
9;1;13;17;17079;;3;2;No inventariada;;14;2;2;1;;1;1;1;;;17;998
9;2;18;17;17079;;3;2;No inventariada;;14;2;2;1;;1;1;1;;;17;998
9;2;18;17;17155;;3;2;No inventariada;;14;20;1;999;;1;1;1;;;17;998
9;6;14;17;17079;;3;2;No inventariada;;14;9;1;999;;8;1;1;;;999;998
10;1;10;17;0;;1;1;C-260;32,6;3;4;1;999;;1;1;1;;;999;4
10;1;15;17;17202;;1;1;GIP-6821;7,5;6;9;1;999;;1;1;1;;;999;4
10;1;15;17;17008;;1;1;C-63;37,3;6;19;1;999;;1;1;1;;;999;4
8;4;11;17;17152;;3;2;No inventariada;;14;4;1;999;;1;1;1;;;17;998
10;6;19;17;17066;;3;2;No inventariada;;14;7;1;999;;1;1;1;;;17;998
9;6;12;17;17023;;3;2;No inventariada;;14;7;1;999;;1;1;1;;;17;998
10;2;8;17;0;;1;1;C-152;3,6;6;20;2;2;;1;1;1;;;999;4
10;3;14;17;17066;;3;2;No inventariada;;14;19;1;999;;3;1;3;;;17;998
9;3;16;17;17066;;3;2;No inventariada;;14;4;1;999;;1;1;1;;;17;998
10;3;19;17;17066;;3;2;No inventariada;;14;4;1;999;;1;1;1;;;17;998
10;3;9;17;17079;;3;2;No inventariada;;14;9;1;999;;1;1;1;;;17;998
10;6;17;17;17079;;3;2;No inventariada;;14;9;1;999;;1;1;1;;;17;998
10;7;17;17;17079;;3;2;No inventariada;;14;9;1;999;;1;1;1;;;17;998
10;1;18;17;0;;1;1;N-260;119,7;6;2;2;1;;1;1;1;;;999;4
10;3;7;17;0;;1;1;No inventariada;2;6;19;1;999;;1;2;1;;;999;4
10;3;17;17;0;;1;1;C-66;18,3;6;4;1;999;;1;1;1;;;999;4
10;3;19;17;0;;3;2;No inventariada;;14;7;1;999;;1;2;1;;;999;998
9;3;20;17;17199;;3;2;No inventariada;;14;4;1;999;;1;4;1;;;999;998
10;4;7;17;0;;1;1;AP-7;55;2;19;1;999;;3;2;1;;;999;4
10;4;15;17;17033;;1;1;GI-673;2,4;6;1;2;2;;1;1;1;;;10;2
10;3;20;17;17079;;3;2;No inventariada;;14;4;1;999;;3;4;3;;;17;998
10;5;8;17;0;;2;2;No inventariada;7;14;4;1;999;;1;1;1;;;999;4
10;5;11;17;0;;1;1;C-162;4,5;6;4;1;999;;1;1;1;;;999;4
10;5;15;17;0;;1;1;No inventariada;5;6;9;1;999;;1;1;1;;;999;4
10;5;15;17;0;;1;1;GIP-6531;0,2;6;19;1;999;;1;1;1;;;999;4
10;5;18;17;0;;3;2;No inventariada;;14;9;1;999;;1;1;1;;;999;998
10;6;10;17;17180;;1;1;GI-551;18,2;6;9;1;999;;1;1;1;;;999;4
10;6;11;17;0;;1;1;C-38;11,9;6;19;1;999;;1;1;1;;;999;4
10;6;14;17;0;;1;1;GI-664;15,8;6;9;1;999;;1;1;1;;;999;4
10;6;20;17;0;;1;1;C-63;50,2;6;8;1;999;;1;6;1;;;999;4
10;7;1;17;17079;;1;1;N-2;712;6;8;1;999;;1;6;1;;;999;4
9;5;23;17;17066;;2;2;N-2a;5,8;14;19;2;4;;1;4;1;;;17;4
10;7;7;17;0;;1;1;No inventariada;2,7;6;19;1;999;;1;2;1;;;999;4
10;7;14;17;17103;;1;1;C-35;75;6;9;1;999;;1;1;1;;;999;4
10;7;16;17;0;;1;1;N-260;145,8;6;19;1;999;;1;1;1;;;4;3
10;7;17;17;0;;1;1;C-66;37,6;3;19;1;999;;1;1;1;;;17;1
10;5;10;17;17079;;3;2;No inventariada;;14;2;2;1;;1;1;1;;;17;998
10;3;15;17;17114;;3;2;No inventariada;;14;3;2;1;;1;1;1;;;17;998
10;1;10;17;17114;;3;2;No inventariada;;14;3;1;999;;1;4;1;;;17;998
10;2;9;17;17114;;3;2;No inventariada;;14;3;1;999;;1;1;1;;;17;998
10;2;21;17;17114;;3;2;No inventariada;;14;7;1;999;;1;1;1;;;17;998
9;1;15;17;17079;;3;2;No inventariada;;14;4;1;999;;1;1;1;;;17;998
10;3;15;17;17048;;2;2;No inventariada;0;14;9;1;999;;1;1;1;;;1;1
10;1;19;17;0;;2;2;C-250;3,4;14;2;1;999;;1;2;1;;;999;4
10;2;15;17;17079;;3;2;No inventariada;;14;9;1;999;;1;1;1;;;17;998
10;3;19;17;17114;;2;2;C-152;48,8;14;7;1;999;;1;1;1;;;17;4
10;5;23;17;17114;;3;2;No inventariada;;14;9;1;999;;1;4;1;;;17;998
10;5;18;17;17079;;3;2;No inventariada;;14;9;1;999;;1;1;1;;;17;998
10;2;11;17;17181;;1;1;C-65;2,1;6;4;2;4;;1;1;1;;;999;4
10;2;11;17;0;;1;1;N-260;183,8;6;2;1;999;;1;1;1;;;9;1
10;3;4;17;0;;2;2;N-2;773,2;6;2;2;4;;1;4;1;;;999;4
10;2;7;17;17079;;3;2;No inventariada;;14;19;1;999;;1;2;1;;;17;998
7;1;16;17;17199;;3;2;No inventariada;;14;2;2;1;;1;1;1;;;17;998
8;5;8;17;17199;;3;2;No inventariada;;14;7;1;999;;1;1;1;;;17;998
7;4;18;17;17199;;3;2;No inventariada;;14;2;2;2;;1;1;1;;;17;998
9;2;14;17;17079;;3;2;No inventariada;;14;9;1;999;;1;1;1;;;17;998
10;7;15;17;17095;;1;1;C-63;3,1;6;4;1;999;;1;1;1;;;999;4
10;3;16;17;0;;1;1;A-2;705;3;19;2;4;;1;1;1;;;999;4
10;3;15;17;0;;1;1;C-31;344,5;6;4;2;2;;1;1;1;;;17;1
10;3;14;17;0;;3;2;No inventariada;;14;9;1;999;;1;1;1;;;999;998
10;4;1;17;17047;;1;1;C-260;35;3;8;1;999;;1;6;1;;;999;4
1;4;19;17;17062;;3;2;No inventariada;;14;9;2;1;;1;1;1;;;1;998
10;7;19;17;17079;;3;2;No inventariada;;14;2;1;999;;1;4;1;;;1;998
10;4;7;17;0;;2;2;C-31;351,9;6;20;2;4;;1;1;1;;;999;4
10;4;9;17;0;;1;1;AP-7;59,6;2;20;1;999;;1;1;1;;;999;4
10;4;12;17;0;;1;1;No inventariada;0,8;6;19;1;999;;3;1;1;;;999;4
10;4;13;17;0;;1;1;C-63;59,5;6;19;1;999;;3;1;4;;;999;4
10;4;16;17;0;;1;1;No inventariada;0;6;9;1;999;;3;1;3;;;999;4
10;4;16;17;0;;2;2;GI-533;2,2;14;9;2;4;;3;1;1;;;999;4
10;4;16;17;0;;1;1;C-66;8,8;14;2;2;2;;1;1;1;;;999;4
10;4;11;17;17079;;3;2;No inventariada;;14;7;1;999;;1;1;1;;;17;998
10;5;22;17;17079;;3;2;No inventariada;;14;2;2;1;;1;4;1;;;17;998
10;5;15;17;17079;;3;2;No inventariada;;14;9;1;999;;1;1;1;;1;17;998
10;5;14;17;0;;3;2;No inventariada;;14;20;2;1;;1;1;1;;;17;998
10;5;16;17;0;;1;1;No inventariada;1;6;19;2;4;;1;1;1;;;999;4
10;5;19;17;0;;1;1;No inventariada;0,3;6;9;1;999;;3;2;1;;;999;4
10;5;16;17;17079;;1;1;N-2;721,4;6;20;2;;;1;1;1;;;17;1
9;2;21;17;17079;;3;2;No inventariada;;14;9;1;999;;1;4;1;;;17;998
10;6;17;17;17202;;1;1;GI-682;30,2;6;19;1;999;;1;1;1;;;999;4
10;6;18;17;0;;1;1;GI-543;16,2;6;9;1;999;;1;1;1;;;999;4
10;7;0;17;17118;;1;1;C-31;327;3;8;1;999;;1;6;1;;;999;4
10;6;11;17;17089;;1;1;C-65;14,8;6;4;2;;;1;1;1;;;999;4
10;6;14;17;0;;3;2;No inventariada;;14;9;1;999;;1;1;1;;;999;998
10;6;18;17;17062;;2;2;GI-632;7,4;6;20;1;999;;1;1;1;;;999;4
10;7;8;17;17020;;3;2;No inventariada;;14;7;1;999;;1;1;1;;;999;998
10;7;10;17;0;;2;2;N-260;85,8;6;4;2;2;;1;1;1;;;999;4
10;7;10;17;0;;3;2;No inventariada;;14;1;2;2;;1;1;1;;;999;998
8;7;8;17;17152;;3;2;No inventariada;;14;1;1;999;;1;1;1;;;17;998
3;5;17;17;17062;;3;2;No inventariada;;14;3;1;999;;1;1;1;;;17;998
3;3;8;17;17062;;3;2;No inventariada;;14;6;1;999;;1;1;1;;;6;998
8;1;13;17;17152;;3;2;No inventariada;;14;4;1;999;;1;1;1;;;17;998
10;5;11;17;0;;1;1;GI-634;1,2;6;4;1;999;;1;1;1;;;999;4
10;5;20;17;17047;;1;1;C-260;35,8;3;4;2;4;;1;4;1;;;999;4
10;5;8;17;17079;;3;2;No inventariada;;14;9;2;4;;1;1;1;;;17;998
10;3;20;17;17079;;3;2;No inventariada;;14;2;1;999;;1;4;1;;;17;998
9;6;22;17;17079;;3;2;No inventariada;;14;9;1;999;;3;4;3;;;17;998
10;5;19;17;17079;;3;2;No inventariada;;14;2;2;1;;3;1;1;;;17;998
10;2;19;17;17079;;3;2;No inventariada;;14;9;1;999;;1;4;1;;;17;998
10;2;8;17;17066;;3;2;No inventariada;;14;2;2;2;;3;1;1;;;17;998
10;4;9;17;17066;;3;2;No inventariada;;14;9;2;4;;1;1;1;;;17;998
10;4;15;17;17079;;3;2;No inventariada;;14;7;1;999;;1;1;1;;;17;998
10;2;12;17;0;;1;1;No inventariada;10,2;6;9;2;1;;1;1;1;;;999;4
10;2;22;17;0;;3;2;No inventariada;;14;6;1;999;;1;5;1;;;999;998
10;1;13;17;17079;;3;2;No inventariada;;14;2;2;1;;1;1;1;;;17;998
10;5;20;17;17152;;1;1;C-260;42;3;7;1;999;;1;1;1;;;17;4
10;1;11;17;17103;;1;1;C-35;87;3;19;1;999;;1;1;1;;;999;4
10;2;16;17;0;;1;1;AP-7;76,3;2;19;1;999;;1;1;1;;;999;4
10;3;10;17;0;;1;1;GI-614;8,7;6;3;1;999;;1;1;1;;;999;4
10;3;13;17;0;;1;1;N-2;746;6;19;2;1;;1;1;1;;;17;4
10;3;12;17;17202;;1;1;GI-682;20;6;20;1;999;;1;1;1;;;999;4
10;3;18;17;0;;1;1;C-66;34,5;3;19;2;;;1;1;1;;;999;4
10;3;18;17;17180;;1;1;C-63;26;6;1;2;2;;1;1;1;;;17;1
10;3;20;17;0;;1;1;N-156;1,4;6;7;2;4;;1;4;1;;;17;1
10;4;1;17;17117;;1;1;GIV-6591;0,7;6;19;1;999;;1;6;1;;;999;4
8;7;11;17;17152;;3;2;No inventariada;;14;2;2;1;;1;1;1;;;17;998
9;5;21;17;0;;2;2;GIV-5264;0,8;6;4;1;999;;1;4;1;;;999;4
10;4;7;17;0;;2;2;GI-633;3;14;9;1;999;;1;1;1;;;999;4
10;4;7;17;0;;1;1;C-152;45,2;14;2;1;999;;1;2;1;;;999;4
10;4;7;17;0;;1;1;N-2;708;6;4;1;999;;1;6;1;;;999;4
10;4;12;17;17044;;1;1;C-25;243,9;6;9;1;999;;1;1;1;;;999;4
10;4;14;17;0;;3;2;No inventariada;;14;19;1;999;;1;1;1;;;999;998
8;6;8;17;17152;;3;2;No inventariada;;14;7;1;999;;1;1;1;;;17;998
10;4;16;17;17079;;3;2;No inventariada;;14;7;1;999;;1;1;1;;;17;998
10;3;9;17;0;;1;1;C-260;32,4;3;9;2;4;;8;1;1;;;999;4
10;5;14;17;0;;1;1;A-26;77;3;4;1;999;;1;4;1;;;999;4
10;5;14;17;0;;1;1;No inventariada;1;6;2;2;2;;1;1;1;;;999;4
10;6;10;17;17180;;1;1;C-25;221,2;3;19;1;999;;3;1;3;;;999;4
10;6;11;17;0;;3;2;No inventariada;;14;2;2;1;;3;1;4;;;999;998
10;6;12;17;0;;1;1;GIV-6024;0,5;6;9;2;4;;3;1;4;;;999;4
10;6;13;17;17034;;1;1;C-31;321;3;20;1;999;;3;1;3;;;999;4
10;6;16;17;0;;1;1;C-66;35,7;3;19;1;999;;1;1;1;;;999;4
10;6;21;17;17034;;1;1;C-31;321;3;19;1;999;;3;6;3;;;999;4
10;5;18;17;0;;1;1;C-250;3,5;6;1;1;999;;1;1;1;;;17;4
10;6;15;17;17164;;1;1;GI-550;9,2;6;19;1;999;;3;1;3;;;999;4
10;7;3;17;0;;3;2;No inventariada;;14;19;1;999;;1;6;1;;;8;998
10;7;6;17;0;;1;1;C-63;33,4;6;3;1;999;;1;2;1;;;999;4
10;7;10;17;0;;1;1;N-260z;68,5;14;2;2;2;;1;1;1;;;999;4
10;7;13;17;17095;;1;1;GI-682;16,1;6;9;1;999;;1;1;1;;;999;4
10;7;17;17;17095;;1;1;GI-682;16,3;6;19;1;999;;1;1;1;;;999;4
10;2;9;17;17079;;3;2;No inventariada;;14;4;1;999;;1;1;1;;;17;998
8;2;18;17;17152;;3;2;No inventariada;;14;4;1;999;;1;1;1;;;17;998
10;6;13;17;17079;;3;2;No inventariada;;14;9;1;999;;3;1;3;;;17;998
10;6;1;17;17079;;3;2;No inventariada;;14;9;1;999;;1;4;1;;;17;998
10;6;16;17;17079;;3;2;No inventariada;;14;19;2;2;;3;1;3;;;17;998
10;6;15;17;17079;;3;2;No inventariada;;14;2;1;999;;3;1;3;;1;17;998
10;4;9;17;17114;;2;2;C-153;61,2;14;6;2;4;;1;1;1;;;17;4
10;5;18;17;17114;;3;2;No inventariada;;14;4;1;999;;1;1;1;;;17;998
10;1;16;17;17020;;1;1;N-141e;106;6;19;1;999;;3;1;3;;;999;4
10;1;18;17;17009;;1;1;C-25;203,8;3;19;1;999;;3;6;3;;;999;4
10;5;19;17;17114;;3;2;No inventariada;;14;3;1;999;;1;1;1;;;17;998
10;6;9;17;17114;;3;2;No inventariada;;14;2;2;4;;1;1;1;;;17;998
10;2;8;17;17033;;1;1;C-35;91,9;3;19;1;999;;3;1;1;;;999;4
10;2;7;17;17049;;1;1;C-66;27,8;6;19;1;999;;1;1;1;;;17;2
10;2;20;17;0;;3;2;No inventariada;;14;19;1;999;;1;1;1;;;17;998
10;1;6;17;17079;;3;2;No inventariada;;14;9;1;999;;1;4;1;;;17;998
10;6;12;17;17079;;3;2;No inventariada;;14;4;1;999;;3;1;4;;;17;998
8;1;10;17;17199;;3;2;No inventariada;;14;2;2;2;;1;1;1;;;17;998
10;5;20;17;17079;;3;2;No inventariada;;14;4;2;2;;1;4;1;;;17;998
8;3;17;17;17199;;3;2;No inventariada;;14;7;1;999;;3;1;3;;;17;998
8;1;17;17;17199;;3;2;No inventariada;;14;2;2;2;;8;1;1;;;17;998
8;2;18;17;17199;;3;2;No inventariada;;14;7;1;999;;1;1;1;;;17;998
9;1;21;17;17079;;3;2;No inventariada;;14;9;2;4;;8;4;1;;;17;998
10;3;11;17;0;;1;1;N-260;110,2;6;19;1;999;;3;1;4;;;999;4
10;3;16;17;17103;;1;1;AP-7;84,5;2;1;1;999;;3;1;1;;;999;4
10;3;10;17;0;;3;2;No inventariada;;14;7;1;999;;1;1;1;;;17;998
8;3;18;17;17152;;3;2;No inventariada;;14;2;2;4;;1;1;1;;;17;998
10;4;9;17;17079;;3;2;No inventariada;;14;9;1;999;;1;1;1;;;1;998
10;3;13;17;0;;3;2;No inventariada;;14;7;2;2;;1;1;3;;;999;998
10;4;9;17;17089;;1;1;GI-681;1,6;6;19;1;999;;3;1;3;;;999;4
10;4;19;17;17103;;1;1;C-35;75;6;1;1;999;;1;5;1;;;999;4
11;5;8;17;0;;1;1;No inventariada;2;6;19;1;999;;1;1;1;;;999;4
11;5;10;17;17033;;1;1;No inventariada;5;6;19;1;999;;1;1;1;;;999;4
11;5;16;17;17152;;1;1;GI-614;2,2;6;19;1;999;;1;1;1;;;999;4
10;4;19;17;17103;;1;1;N-2;690,3;6;2;2;2;;1;6;1;;;17;1
11;6;3;17;0;;1;1;AP-7;42,5;2;19;1;999;;1;6;1;;;999;4
10;2;18;17;17066;;2;2;N-260;37,5;14;4;1;999;;1;1;1;;;17;4
11;6;5;17;0;;1;1;GIV-6227;1,5;6;19;1;999;;1;6;1;;;999;4
11;6;8;17;0;;1;1;C-66;24,5;6;19;1;999;;1;1;1;;;999;4
11;6;9;17;0;;1;1;GIV-5132;10,2;6;19;1;999;;3;1;1;;;999;4
11;7;2;17;17020;;1;1;N-141e;105,8;6;19;1;999;;3;6;1;;;999;4
7;3;15;17;17015;;1;1;No inventariada;19;6;4;1;999;;1;1;1;;;17;4
8;1;10;17;17015;;3;2;No inventariada;;14;9;1;999;;1;1;1;;;17;998
9;1;15;17;17015;;3;2;No inventariada;;14;9;1;999;;1;1;1;;;17;998
9;5;9;17;17015;;3;2;No inventariada;;14;7;1;999;;1;1;1;;;17;998
9;7;13;17;17015;;3;2;No inventariada;;14;2;2;1;;1;1;1;;;17;998
9;1;16;17;17015;;3;2;No inventariada;;14;2;2;1;;1;1;1;;;17;998
10;2;13;17;17015;;3;2;No inventariada;;14;9;1;999;;1;1;1;;;17;998
10;4;18;17;17015;;3;2;No inventariada;;14;7;1;999;;1;1;1;;;17;998
10;2;16;17;17015;;3;2;No inventariada;;14;2;2;2;;1;1;1;;;17;998
11;7;11;17;0;;3;2;No inventariada;;14;7;1;999;;1;1;1;;;17;998
11;7;12;17;17202;;1;1;GI-681;10,1;6;19;1;999;;3;1;1;;;999;4
11;7;22;17;0;;1;1;N-2;769;6;1;1;999;;1;6;1;;;999;4
8;6;15;17;17152;;3;2;No inventariada;;14;7;1;999;;1;1;1;;;17;998
10;5;19;17;17079;;3;2;No inventariada;;14;9;1;999;;1;4;1;;;17;998
10;4;19;17;17079;;3;2;No inventariada;;14;2;2;1;;1;4;1;;;17;998
10;2;21;17;17079;;3;2;No inventariada;;14;2;2;1;;1;4;1;;;17;998
11;7;18;17;0;;1;1;C-38;0,5;6;19;1;999;;3;2;3;;;999;4
11;1;15;17;17020;;2;2;N-141e;109,6;14;20;2;2;;3;1;3;;;999;4
11;1;21;17;0;;1;1;C-66;35,7;3;8;1;999;;1;6;1;;;999;4
8;3;23;17;17152;;3;2;No inventariada;;14;19;1;999;;1;4;1;;;17;998
10;4;10;17;17079;;3;2;No inventariada;;14;4;1;999;;3;1;1;;;17;998
10;7;1;17;0;;1;1;GIV-6322;0,8;6;19;1;999;;1;6;1;;;999;4
11;2;10;17;0;;1;1;C-66;34;3;2;2;2;;1;1;1;;;999;4
10;2;16;17;17079;;3;2;No inventariada;;14;2;2;2;;1;1;1;;;17;998
11;7;3;17;17079;;3;2;No inventariada;;14;9;1;999;;8;4;1;;;17;998
11;5;10;17;17079;;3;2;No inventariada;;14;7;1;999;;1;1;1;;;17;998
10;4;12;17;17114;;3;2;No inventariada;;14;4;1;999;;3;1;1;;;17;998
8;2;18;17;17199;;3;2;No inventariada;;14;2;2;2;;1;1;1;;;17;998
8;4;17;17;17199;;2;2;C-31;349,7;14;2;2;4;;1;1;1;;;17;4
11;3;7;17;0;;1;1;AP-7;54,7;2;19;2;;;3;1;1;;;999;4
11;3;20;17;17092;;2;2;GI-612;6;6;19;1;999;;3;6;3;;;999;4
6;2;1;17;17079;;3;2;No inventariada;;14;9;1;999;;1;4;1;;;17;998
8;3;18;17;17079;;3;2;No inventariada;;14;9;1;999;;1;1;1;;;17;998
9;1;16;17;17079;;3;2;No inventariada;;14;3;1;999;;1;1;1;;;17;998
10;3;15;17;17079;;3;2;No inventariada;;14;4;2;2;;3;1;4;;;17;998
11;4;5;17;0;;2;2;GI-531;4,2;6;1;1;999;;3;6;3;;;999;4
11;4;8;17;0;;1;1;No inventariada;0,5;6;19;1;999;;3;1;3;;;999;4
11;4;15;17;0;;1;1;GI-610;3,6;6;8;1;999;;1;1;1;;;999;4
11;1;14;17;17015;;3;2;No inventariada;;14;2;2;1;;3;1;3;;;17;998
11;5;6;17;17155;;1;1;AP-7;62;2;4;1;999;;3;1;3;;;999;4
11;5;8;17;0;;1;1;N-2;722,3;6;2;1;999;;3;1;4;;;999;4
11;5;9;17;17193;;1;1;GI-555;2,1;6;2;2;2;;1;1;1;;;999;4
11;5;15;17;17193;;1;1;C-63;14,5;6;4;1;999;;1;1;1;;;999;4
11;5;17;17;17044;;1;1;C-25;243,8;6;2;2;2;;1;6;1;;;5;1
11;6;9;17;17180;;1;1;No inventariada;0;6;1;1;999;;1;1;1;;;999;4
11;6;14;17;0;;1;1;GIV-5136;5,2;6;2;2;2;;1;1;1;;;999;4
11;6;14;17;0;;1;1;C-66;5,2;6;19;1;999;;1;1;1;;;999;4
11;6;18;17;0;;1;1;AP-7;66;2;19;1;999;;1;6;1;;;999;4
11;6;21;17;17020;;1;1;N-141e;105,5;6;19;1;999;;3;6;1;;;999;4
11;4;5;17;17023;;2;2;GI-682;6,5;14;9;1;999;;1;1;1;;;17;4
11;7;12;17;0;;1;1;GI-503;22,2;6;19;1;999;;1;1;1;;;999;4
11;7;12;17;0;;1;1;C-35;64,4;6;2;2;2;;1;1;1;;;999;4
11;5;11;17;17079;;3;2;No inventariada;;14;3;1;999;;1;1;1;;;17;998
11;2;13;17;17079;;3;2;No inventariada;;14;1;1;999;;1;1;1;;;17;998
11;1;8;17;0;;1;1;GI-533;4,3;6;2;1;999;;1;1;1;;;999;4
11;1;7;17;0;;3;2;No inventariada;;14;2;2;2;;1;1;1;;;999;998
11;1;12;17;17048;;1;1;C-31;312;3;3;1;999;;1;1;1;;;999;4
6;2;10;17;17152;;3;2;No inventariada;;14;6;2;4;;1;1;1;;;17;998
10;2;16;17;17066;;3;2;No inventariada;;14;6;1;999;;1;1;1;;;17;998
10;2;20;17;17066;;3;2;No inventariada;;14;7;2;4;;1;5;1;;;17;998
11;5;17;17;17089;;3;2;No inventariada;;14;7;1;999;;1;2;1;;;1;998
11;7;15;17;0;;1;1;GI-503;1,7;6;20;1;999;;1;1;1;;;17;3
8;6;13;17;17199;;3;2;No inventariada;;14;2;2;1;;1;1;1;;;17;998
9;6;23;17;17199;;3;2;No inventariada;;14;4;1;999;;1;4;1;;;17;998
9;4;20;17;17079;;3;2;No inventariada;;14;2;2;2;;1;4;1;;;17;998
10;4;8;17;17066;;3;2;No inventariada;;14;7;1;999;;1;1;1;;;17;998
10;4;20;17;17079;;3;2;No inventariada;;14;3;1;999;;1;4;1;;;17;998
11;2;19;17;17114;;2;2;C-153;61,2;14;7;1;999;;1;4;1;;;1;1
11;6;13;17;17079;;3;2;No inventariada;;14;9;2;4;;3;1;3;;;17;998
11;3;15;17;17079;;3;2;No inventariada;;14;9;2;1;;3;1;3;;1;17;998
11;4;11;17;17020;;1;1;No inventariada;177;6;1;1;999;;3;1;1;;;999;4
11;4;20;17;0;;3;2;No inventariada;;14;1;2;1;;1;4;1;;;999;998
11;4;17;17;17079;;3;2;No inventariada;;14;4;1;999;;1;4;1;;;17;998
11;5;9;17;0;;1;1;N-260;183;6;3;1;999;;1;1;1;;;999;4
11;6;8;17;17049;;2;2;C-66;29;6;9;1;999;;1;1;1;;;999;4
11;6;9;17;0;;1;1;C-150a;14,9;6;2;1;999;;1;1;1;;;999;4
11;6;10;17;17152;;1;1;GI-614;2;6;2;2;2;;1;1;1;;;999;4
11;6;12;17;0;;1;1;AP-7;70;2;19;1;999;;1;1;1;;;999;4
11;6;10;17;0;;3;2;No inventariada;;14;7;1;999;;1;1;1;;;17;998
11;6;13;17;0;;1;1;No inventariada;0;6;9;1;999;;3;1;1;;;999;4
11;6;16;17;0;;3;2;No inventariada;;14;19;2;2;;1;1;1;;;999;998
11;6;16;17;0;;1;1;No inventariada;0;6;9;1;999;;1;1;1;;;999;4
11;6;19;17;0;;1;1;N-260;184,5;6;2;2;4;;1;4;1;;;999;4
9;1;15;17;17048;;2;2;GI-666;1,3;14;19;1;999;;1;1;1;;;1;4
11;2;18;17;17114;;3;2;No inventariada;;14;9;1;999;;1;4;1;;;1;998
11;6;23;17;17095;;2;2;GI-682;10,7;14;20;1;999;;1;1;1;;;17;4
11;7;12;17;0;;1;1;C-63;63,1;6;4;1;999;;1;1;1;;;999;4
11;7;11;17;17092;;1;1;N-260;17,7;6;19;1;999;;1;1;1;;;4;2
11;7;12;17;0;;1;1;GI-531;17,6;6;3;2;2;;1;1;1;;;999;4
11;7;6;17;0;;1;1;AP-7;65,5;2;4;1;999;;1;2;1;;;17;1
11;7;12;17;17020;;1;1;GI-540;3,1;6;19;1;999;;1;1;1;;;999;4
11;7;17;17;17066;;3;2;No inventariada;;14;19;1;999;;1;1;1;;;17;998
11;7;20;17;17199;;1;1;GI-641;4,1;6;1;1;999;;1;4;1;;;999;4
11;1;9;17;17079;;3;2;No inventariada;;14;4;1;999;;1;1;1;;;17;998