MES;DIA_SEMANA;HORA;COD_PROVINCIA;COD_MUNICIPIO;ISLA;ZONA;ZONA_AGRUPADA;CARRETERA;KM;TIPO_VIA;TIPO_ACCIDENTE;NUDO;NUDO_INFO;CARRETERA_CRUCE;CONDICION_FIRME;CONDICION_ILUMINACION;CONDICION_METEO;CONDICION_NIEBLA;CONDICION_VIENTO;VISIB_RESTRINGIDA_POR;TRAZADO_PLANTA
11;7;13;17;17079;;3;2;No inventariada;;14;4;1;999;;1;1;1;;;17;998
11;2;19;17;17079;;3;2;No inventariada;;14;7;2;2;;3;4;4;;;17;998
11;4;18;17;17079;;3;2;No inventariada;;14;7;2;2;;1;4;1;;;17;998
11;3;11;17;17114;;3;2;No inventariada;;14;2;2;1;;1;1;1;;;17;998
11;1;18;17;17079;;3;2;No inventariada;;14;2;1;999;;1;4;1;;;1;998
11;1;17;17;0;;1;1;GI-555;11,2;6;3;1;999;;1;6;1;;;999;4
11;1;15;17;17213;;1;1;C-63;7,9;6;1;1;999;;1;1;1;;;17;2
11;1;18;17;17141;;1;1;N-260;179,1;6;4;2;4;;1;5;1;;;999;4
11;4;22;17;17079;;3;2;No inventariada;;14;4;2;4;;1;4;1;;;17;998
11;1;19;17;17079;;3;2;No inventariada;;14;2;2;2;;1;4;1;;;17;998
11;6;9;17;17079;;3;2;No inventariada;;14;2;2;2;;1;1;1;;;17;998
11;2;6;17;17047;;1;1;C-260;38,5;3;4;1;999;;1;4;1;;;999;4
11;2;8;17;17089;;2;2;C-253a;24,2;6;20;2;2;;1;1;1;;;999;4
11;2;8;17;0;;1;1;GI-553;7;6;2;2;4;;1;1;1;;;999;4
11;2;8;17;0;;1;1;GI-634;0,5;14;20;2;2;;1;1;1;;;999;4
4;5;9;17;0;;1;1;GI-632;4;6;4;2;4;;1;1;1;;;1;1
4;6;21;17;17062;;3;2;No inventariada;;14;2;1;999;;1;4;1;;;17;998
11;4;11;17;17079;;3;2;No inventariada;;14;7;2;1;;1;1;1;;;2;998
11;3;7;17;17193;;1;1;C-63;14,3;6;2;1;999;;1;5;1;;;999;4
11;3;8;17;17180;;2;2;C-63;23,4;6;2;1;999;;1;1;1;;;999;4
11;3;15;17;17049;;1;1;N-2;722;6;19;2;4;;1;1;1;;;999;4
11;3;20;17;17049;;3;2;No inventariada;;14;19;1;999;;1;5;1;;;999;998
11;3;22;17;0;;1;1;N-260;43,7;6;19;1;999;;3;6;3;;;999;4
5;6;17;17;17062;;3;2;No inventariada;;14;7;2;1;;1;1;1;;;17;998
5;5;22;17;17062;;3;2;No inventariada;;14;9;2;4;;1;4;1;;;17;998
5;7;3;17;17062;;3;2;No inventariada;;14;19;2;4;;1;4;1;;;17;998
6;1;13;17;17062;;3;2;No inventariada;;14;9;2;1;;3;1;3;;;17;998
6;6;8;17;17062;;3;2;No inventariada;;14;9;1;999;;1;1;1;;;17;998
11;3;19;17;17114;;3;2;No inventariada;;14;7;2;1;;3;4;3;;;17;998
11;5;16;17;17079;;3;2;No inventariada;;14;9;2;4;;1;1;1;;;17;998
11;1;17;17;17079;;3;2;No inventariada;;14;2;2;4;;1;1;1;;;17;998
11;4;15;17;17114;;3;2;No inventariada;;14;19;1;999;;1;1;3;;;1;998
11;4;9;17;0;;3;2;No inventariada;;14;7;2;1;;1;1;1;;;999;998
11;4;9;17;0;;1;1;N-2a;711,5;6;4;1;999;;1;1;1;;;999;4
11;4;9;17;0;;1;1;GIV-5235;0,6;6;19;1;999;;3;1;1;;;999;4
11;4;19;17;0;;1;1;No inventariada;2;6;8;1;999;;1;6;1;;;999;4
11;4;23;17;17103;;1;1;AP-7;87,7;2;2;1;999;;1;6;1;;;999;4
11;5;13;17;17079;;3;2;No inventariada;;14;2;2;1;;1;1;1;;;17;998
11;2;16;17;17079;;3;2;No inventariada;;14;9;1;999;;1;1;1;;;17;998
11;3;5;17;17009;;1;1;GI-543;11,7;6;20;1;999;;3;6;1;;;999;4
11;5;10;17;17062;;2;2;GI-632;7,2;6;2;2;4;;1;1;1;;;999;4
11;5;10;17;0;;2;2;C-63;46,6;14;19;1;999;;1;1;1;;;999;4
11;5;11;17;17213;;1;1;C-63;9,5;6;4;1;999;;1;1;1;;;999;4
11;5;15;17;17103;;1;1;AP-7;86,5;2;4;1;999;;1;1;1;;;999;4
11;5;17;17;0;;1;1;GI-610;5,9;6;4;1;999;;1;6;1;;;999;4
11;5;19;17;17114;;3;2;No inventariada;;14;3;1;999;;1;4;1;;;999;998
11;5;8;17;0;;2;2;No inventariada;;14;7;1;999;;1;1;1;;;17;1
11;6;3;17;17103;;1;1;GI-562;2,1;6;19;1;999;;3;6;3;;;999;4
11;6;18;17;17079;;3;2;No inventariada;;14;9;2;2;;3;4;1;;;17;998
11;5;11;17;17066;;1;1;C-260;28,1;6;4;2;;;1;1;1;;;999;4
11;6;12;17;17181;;1;1;GIV-6611;0,8;6;9;1;999;;1;1;1;;;999;4
11;6;10;17;0;;1;1;A-26;65,8;3;4;1;999;;1;1;1;;;999;4
11;6;19;17;17103;;2;2;C-35;81;6;1;1;999;;1;6;1;;;999;4
11;3;15;17;17066;;3;2;No inventariada;;14;7;2;1;;1;1;1;;;17;998
11;3;7;17;17114;;3;2;No inventariada;;14;7;2;1;;1;4;1;1;;1;998
11;4;8;17;17114;;3;2;No inventariada;;14;2;1;999;;1;1;3;;;1;998
11;7;6;17;17193;;1;1;GI-555;1,9;6;19;2;1;;3;5;3;;;999;4
11;7;17;17;0;;1;1;N-2;759,8;6;1;2;2;;1;2;1;;;999;4
11;1;18;17;17114;;3;2;No inventariada;;14;7;1;999;;1;4;1;;;17;998
6;2;8;17;17062;;3;2;No inventariada;;14;9;1;999;;1;1;1;;;17;998
6;3;2;17;17062;;3;2;No inventariada;;14;9;1;999;;1;4;1;;;17;998
7;3;19;17;17062;;3;2;No inventariada;;14;2;2;2;;1;1;1;;;17;998
8;5;1;17;17152;;3;2;No inventariada;;14;7;1;999;;1;4;1;;;17;998
7;3;11;17;17062;;3;2;No inventariada;;14;2;2;1;;1;1;1;;;17;998
7;2;13;17;17062;;3;2;No inventariada;;14;9;1;999;;1;1;1;;;17;998
7;3;15;17;17062;;3;2;No inventariada;;14;4;1;999;;1;1;1;;;17;998
7;5;16;17;17062;;3;2;No inventariada;;14;9;2;2;;1;1;1;;;17;998
11;2;14;17;17114;;3;2;No inventariada;;14;3;1;999;;1;1;1;;;17;998
11;1;11;17;17181;;1;1;C-65;2,5;3;20;1;999;;1;1;1;;;999;4
7;5;11;17;17062;;3;2;No inventariada;;14;9;1;999;;1;1;1;;;17;998
8;1;19;17;17062;;3;2;No inventariada;;14;4;1;999;;1;1;1;;;17;998
8;4;20;17;17062;;3;2;No inventariada;;14;3;1;999;;1;1;1;;;17;998
11;5;16;17;17114;;3;2;No inventariada;;14;7;1;999;;1;1;1;;;17;998
11;1;8;17;17114;;3;2;No inventariada;;14;7;1;999;;1;1;1;;;17;998
11;5;12;17;17079;;3;2;No inventariada;;14;4;2;1;;1;1;1;;;17;998
8;4;18;17;17152;;3;2;No inventariada;;14;3;1;999;;1;1;1;;;17;998
11;7;22;17;17079;;3;2;No inventariada;;14;7;1;999;;1;1;1;;;17;998
8;6;12;17;17062;;3;2;No inventariada;;14;2;2;1;;8;1;1;;;17;998
8;2;12;17;17152;;3;2;No inventariada;;14;3;1;999;;1;1;1;;;17;998
8;7;12;17;17062;;3;2;No inventariada;;14;3;1;999;;1;1;1;;;17;998
11;6;19;17;17079;;3;2;No inventariada;;14;1;1;999;;1;2;1;;;17;998
11;2;14;17;17079;;3;2;No inventariada;;14;2;2;2;;1;1;1;;;17;998
11;7;12;17;17023;;2;2;GI-682;7,1;14;3;1;999;;1;1;1;;;17;4
11;4;18;17;17199;;2;2;C-31;350,5;14;3;1;999;;1;5;1;;;999;4
11;2;8;17;0;;1;1;N-260;45,5;6;2;2;;;1;1;1;;;999;4
11;2;19;17;0;;1;1;GI-531;4,3;6;3;2;2;;1;6;1;;;999;4
8;2;16;17;17062;;3;2;No inventariada;;14;19;1;999;;3;1;3;;;17;998
8;3;1;17;17062;;3;2;No inventariada;;14;2;2;4;;1;4;1;;;17;998
8;5;16;17;17062;;3;2;No inventariada;;14;2;2;1;;1;1;1;;;17;998
8;5;19;17;17062;;3;2;No inventariada;;14;4;1;999;;1;1;1;;;17;998
8;6;23;17;17062;;3;2;No inventariada;;14;1;2;2;;1;4;1;;;17;998
8;6;21;17;17062;;3;2;No inventariada;;14;9;1;999;;1;4;1;;;17;998
8;7;12;17;17062;;3;2;No inventariada;;14;2;2;1;;1;1;1;;;17;998
8;4;21;17;17062;;3;2;No inventariada;;14;7;2;4;;1;4;1;;;17;998
8;5;17;17;17062;;3;2;No inventariada;;14;9;2;2;;1;1;1;;;17;998
9;7;12;17;17152;;3;2;No inventariada;;14;8;1;999;;3;1;3;;;17;998
9;7;13;17;17199;;3;2;No inventariada;;14;4;1;999;;1;1;1;;;17;998
10;5;15;17;17199;;3;2;No inventariada;;14;2;2;1;;1;1;1;;;17;998
9;7;6;17;17062;;3;2;No inventariada;;14;16;2;1;;1;4;1;;;17;998
9;4;19;17;17062;;3;2;No inventariada;;14;1;2;2;;1;1;1;;;17;998
11;1;19;17;17199;;3;2;No inventariada;;14;2;2;1;;1;4;1;;;17;998
11;3;20;17;0;;1;1;GI-633;1,9;6;19;1;999;;1;5;1;;;999;4
11;4;5;17;0;;1;1;GI-533;11,5;6;20;2;2;;1;6;1;;;999;4
11;3;20;17;0;;3;2;No inventariada;;14;19;1;999;;1;1;1;;;17;998
11;4;14;17;0;;1;1;GIP-5223;0,5;6;2;2;2;;1;1;1;;;4;2
11;4;12;17;0;;1;1;C-31;375,2;6;2;2;2;;1;1;1;;;17;1
11;5;0;17;0;;1;1;N-2;745;6;1;2;4;;1;6;1;;;999;4
11;4;15;17;17114;;3;2;No inventariada;;14;2;2;1;;1;1;1;;;17;998
9;3;13;17;17152;;3;2;No inventariada;;14;2;2;1;;1;1;1;;;17;998
11;5;7;17;0;;1;1;C-65;23;6;4;1;999;;1;1;1;;;999;4
11;5;16;17;0;;1;1;GI-555;9,3;6;3;1;999;;1;1;1;;;999;4
11;6;9;17;17079;;3;2;No inventariada;;14;7;2;2;;1;1;1;;;17;998
11;5;13;17;0;;3;2;No inventariada;;14;3;2;1;;1;1;1;;;999;998
11;6;10;17;17049;;1;1;C-66;30,5;6;1;1;999;;3;1;1;;;999;4
11;6;18;17;0;;1;1;GI-633;2,5;6;9;2;4;;8;5;1;;;999;4
11;7;5;17;17023;;3;2;No inventariada;;14;6;1;999;;1;1;1;;;17;998
12;7;12;17;0;;1;1;GIV-6703;1,9;6;3;1;999;;1;1;1;;;999;4
12;7;16;17;17213;;1;1;C-35;85,9;3;4;2;;;1;2;1;;;999;4
11;3;16;17;17079;;3;2;No inventariada;;14;4;2;2;;1;1;1;;;17;998
10;2;20;17;17141;;1;1;No inventariada;1;6;7;2;4;;1;5;4;;;5;1
11;1;5;17;0;;1;1;AP-7;55,5;2;3;1;999;;1;5;1;;;999;4
12;1;8;17;0;;1;1;C-66;39,3;3;19;1;999;;1;1;1;;;999;4
12;1;11;17;0;;2;2;C-252;53,5;6;4;2;2;;1;1;1;;;999;4
12;1;10;17;17044;;1;1;C-65;17;6;4;1;999;;1;1;1;;;999;4
12;7;14;17;0;;1;1;No inventariada;0;6;9;1;999;;1;1;1;;;17;2
12;1;14;17;17020;;1;1;N-141e;102,8;6;19;1;999;;1;1;1;;;999;4
12;7;23;17;0;;2;2;N-2;773,2;6;2;2;4;;1;5;1;;;17;2
12;1;18;17;17117;;1;1;GIV-6542;1,4;6;8;1;999;;1;6;1;;;999;4
9;3;16;17;17062;;3;2;No inventariada;;14;9;1;999;;1;1;1;;;17;998
9;4;3;17;17062;;3;2;No inventariada;;14;7;1;999;;1;4;1;;;17;998
9;7;10;17;17062;;3;2;No inventariada;;14;2;2;4;;3;1;1;;;17;998
9;7;21;17;17062;;3;2;No inventariada;;14;2;2;1;;3;4;3;;;17;998
10;6;17;17;17062;;3;2;No inventariada;;14;2;2;1;;1;1;1;;;17;998
10;2;16;17;17062;;3;2;No inventariada;;14;4;1;999;;1;1;1;;;17;998
10;2;16;17;17062;;3;2;No inventariada;;14;2;2;1;;1;1;1;;;17;998
9;2;17;17;17152;;3;2;No inventariada;;14;9;2;1;;3;1;3;;;17;998
11;3;14;17;17079;;3;2;No inventariada;;14;3;1;999;;1;1;1;;;17;998
11;7;14;17;17023;;1;1;GI-682;5,9;14;7;1;999;;1;1;1;;;17;4
12;2;7;17;17022;;2;2;No inventariada;;14;7;2;1;;1;2;3;;;17;4
12;2;11;17;0;;1;1;C-25;234,3;6;20;1;999;;1;1;1;;;999;4
12;2;9;17;17079;;3;2;No inventariada;;14;18;1;999;;3;1;1;;;17;998
12;7;5;17;17079;;3;2;No inventariada;;14;2;2;1;;1;4;1;;;17;998
11;4;15;17;17114;;3;2;No inventariada;;14;7;2;1;;1;1;1;;;17;998
12;7;22;17;17114;;3;2;No inventariada;;14;9;2;4;;1;4;1;;;17;998
11;4;14;17;17079;;3;2;No inventariada;;14;7;1;999;;1;1;1;;;17;998
11;5;11;17;17114;;3;2;No inventariada;;14;3;2;1;;1;1;1;;;1;998
11;5;21;17;17033;;3;2;No inventariada;;14;2;2;;;1;4;1;;;1;998
12;3;7;17;0;;1;1;GI-513;2;6;19;1;999;;3;2;1;;;999;4
12;3;14;17;17009;;1;1;C-25;206,5;3;19;1;999;;1;1;1;;;999;4
12;3;16;17;17118;;1;1;No inventariada;0;6;2;2;4;;1;1;1;;;999;4
12;3;16;17;0;;1;1;No inventariada;1,1;6;19;1;999;;1;1;1;;;999;4
12;3;19;17;0;;1;1;GI-643;6;6;3;1;999;;1;6;1;;;999;4
12;1;13;17;17079;;3;2;No inventariada;;14;9;2;4;;1;1;1;;;17;998
9;1;14;17;17152;;3;2;No inventariada;;14;2;2;4;;1;1;1;;;17;998
10;4;19;17;17079;;3;2;No inventariada;;14;2;1;999;;1;4;1;;;17;998
12;2;12;17;17066;;3;2;No inventariada;;14;7;2;1;;1;1;1;;;17;998
12;2;12;17;17033;;3;2;No inventariada;60;14;7;2;2;;1;1;1;1;;1;998
12;4;10;17;17022;;2;2;C-66;11,5;6;6;1;999;;1;1;1;;;999;4
12;4;17;17;17079;;1;1;C-65;28,4;6;4;1;999;;1;6;1;;;999;4
11;5;8;17;17066;;3;2;No inventariada;;14;3;2;4;;1;1;1;;;17;998
11;1;18;17;17066;;2;2;N-2a;5,8;14;4;1;999;;1;4;1;;;17;4
11;5;16;17;17066;;3;2;No inventariada;;14;2;2;2;;1;1;1;;;17;998
11;6;9;17;17066;;3;2;No inventariada;;14;2;2;1;;1;4;1;;;17;998
12;5;10;17;0;;3;2;No inventariada;;14;1;2;2;;1;1;1;;;999;998
12;5;11;17;17103;;1;1;N-2;688,1;6;4;1;999;;1;1;1;;;999;4
12;5;14;17;0;;1;1;C-66;44;6;20;1;999;;1;1;1;;;999;4
12;5;17;17;0;;1;1;N-260;91,3;6;19;1;999;;1;1;1;;;999;4
12;6;10;17;17079;;3;2;No inventariada;;14;2;2;1;;1;1;1;;;17;998
12;6;12;17;0;;1;1;GI-524;3,7;6;2;1;999;;1;1;1;;;999;4
12;6;13;17;0;;1;1;N-260;129;6;4;1;999;;3;1;3;;;999;4
12;6;21;17;17095;;1;1;GI-682;8,4;6;20;1;999;;1;1;1;;;17;4
12;2;13;17;17114;;3;2;No inventariada;;14;9;1;999;;1;1;1;;;1;998
12;2;5;17;17015;;3;2;No inventariada;;14;9;2;1;;1;4;1;;;999;998
12;6;19;17;0;;1;1;AP-7;54,9;2;19;1;999;;1;6;1;;;999;4
12;7;13;17;0;;1;1;N-260;49,9;6;4;1;999;;1;1;1;;;999;4
12;7;14;17;0;;1;1;No inventariada;1;6;9;1;999;;3;1;1;;;999;4
11;7;19;17;17066;;3;2;No inventariada;;14;7;2;1;;1;4;1;;;17;998
12;3;12;17;17079;;3;2;No inventariada;;14;7;1;999;;1;1;1;;;17;998
11;5;18;17;17079;;3;2;No inventariada;;14;7;2;2;;1;5;1;;;17;998
12;7;20;17;17181;;1;1;C-65;0,6;6;8;1;999;;1;6;1;;;999;4
12;6;14;17;17181;;3;2;No inventariada;;14;2;2;2;;1;1;1;;;999;998
12;1;5;17;0;;1;1;N-260;126,1;6;8;1;999;;1;6;1;;;999;4
12;1;12;17;0;;1;1;GI-623;13,8;6;3;1;999;;1;1;1;;;999;4
12;3;11;17;17079;;3;2;No inventariada;;14;9;1;999;;1;1;1;;;17;998
11;2;15;17;17066;;2;2;N-2a;5,8;14;4;2;4;;1;1;1;;;17;4
12;6;20;17;17066;;2;2;N-260;37;14;4;1;999;;1;4;1;;;17;4
12;2;7;17;17079;;3;2;No inventariada;;14;4;1;999;;1;2;1;;;17;998
11;5;11;17;17114;;3;2;No inventariada;;14;7;2;1;;1;1;1;;;1;998
12;1;7;17;17155;;3;2;No inventariada;;14;20;1;999;;1;1;1;;;17;998
12;1;19;17;17033;;2;2;GI-674;1;14;2;2;;;1;4;1;;;1;4
11;1;18;17;0;;1;1;AP-7;63,7;2;3;1;999;;1;6;1;;;999;4
12;7;12;17;0;;1;1;GI-644;1,5;6;2;2;2;;1;1;1;;;999;4
12;4;15;17;0;;1;1;N-2;759,5;6;4;2;;;1;1;1;;;999;4
12;2;17;17;0;;1;1;C-63;30,9;6;20;2;1;;1;1;1;;;17;4
12;2;17;17;0;;1;1;GIP-6531;4,2;6;9;1;999;;1;6;1;;;999;4
12;2;21;17;0;;1;1;C-31;379,6;6;4;1;999;;1;6;1;;;999;4
12;3;3;17;0;;1;1;No inventariada;710,6;6;4;1;999;;1;6;1;;;999;4
12;2;17;17;17114;;3;2;No inventariada;;14;2;2;1;;1;1;1;;;17;998
11;7;20;17;17079;;3;2;No inventariada;;14;7;1;999;;1;4;1;;;17;998
12;2;17;17;17079;;3;2;No inventariada;;14;9;1;999;;1;4;1;;;17;998
12;5;23;17;17079;;3;2;No inventariada;;14;19;2;4;;1;4;1;;;17;998
11;6;22;17;0;;1;1;GIV-6441;0,5;6;3;1;999;;1;5;1;;;999;4
12;1;12;17;0;;1;1;C-31;342,2;6;4;1;999;;1;1;1;;;999;4
12;3;7;17;0;;1;1;N-2;714,6;6;4;2;2;;3;2;3;;;999;4
12;3;8;17;17114;;2;2;No inventariada;;14;2;2;4;;1;1;3;;;17;1
12;3;10;17;17066;;1;1;C-260;28,1;6;4;2;2;;3;1;3;;;999;4
12;3;17;17;17213;;1;1;N-2;692;6;2;1;999;;1;1;1;;;999;4
12;3;17;17;0;;1;1;GIV-6701;11,4;6;19;1;999;;3;5;1;;;999;4
12;3;18;17;0;;1;1;C-35;67,3;6;2;2;;;1;6;1;;;17;1
12;6;14;17;17079;;3;2;No inventariada;;14;4;2;4;;1;1;1;;;17;998
11;4;17;17;17079;;3;2;No inventariada;;14;2;2;2;;1;1;1;;;17;998
11;6;15;17;0;;1;1;No inventariada;0;6;19;1;999;;3;1;1;;;999;4
12;4;6;17;0;;1;1;C-63;31;6;2;2;4;;3;6;3;;;999;4
12;4;13;17;0;;1;1;N-260;91,9;6;19;1;999;;3;1;3;;;999;4
12;4;14;17;0;;1;1;C-66;40,6;3;19;1;999;;3;1;3;;;999;4
12;4;18;17;0;;1;1;N-2;710;6;2;2;4;;3;1;3;;;999;4
12;4;23;17;17103;;3;2;No inventariada;;14;19;1;999;;3;6;3;;;999;998
12;3;7;17;17079;;3;2;No inventariada;;14;9;2;4;;3;4;3;;;17;998
12;6;9;17;0;;1;1;C-31;355,7;6;19;1;999;;1;1;1;;;999;4
12;6;11;17;17180;;1;1;GI-551;18,4;6;9;1;999;;1;1;1;;;999;4
12;6;18;17;0;;1;1;C-38;5,1;6;19;1;999;;1;6;1;;;999;4
12;6;20;17;17047;;1;1;C-260;37,6;3;4;1;999;;1;5;1;;;999;4
11;4;9;17;17066;;3;2;No inventariada;;14;2;2;1;;1;1;1;;;17;998
11;5;11;17;17066;;3;2;No inventariada;;14;7;2;1;;1;1;1;;;17;998
12;2;19;17;17033;;3;2;No inventariada;;14;7;2;;;1;4;1;;;1;998
12;7;4;17;0;;1;1;N-2;711,1;6;19;1;999;;1;6;1;;;999;4
12;7;5;17;0;;1;1;C-63;62,2;6;19;1;999;;3;6;1;;;999;4
12;7;11;17;0;;1;1;C-31;329;3;9;1;999;;1;1;1;;;999;4
12;7;14;17;0;;1;1;AP-7;6,4;2;2;2;2;;1;1;1;;;999;4
12;7;19;17;0;;1;1;GIV-5248;1,2;6;19;1;999;;3;6;1;;;999;4
9;1;13;17;17152;;3;2;No inventariada;;14;3;1;999;;1;1;1;;;17;998
12;1;17;17;0;;1;1;C-150a;14,9;6;4;2;1;;1;6;1;;;999;4
12;1;18;17;0;;1;1;AP-7;63,7;2;4;1;999;;1;6;1;;;999;4
12;4;16;17;17114;;3;2;No inventariada;;14;19;2;1;;3;1;3;;;17;998
9;4;14;17;17152;;3;2;No inventariada;;14;7;1;999;;1;1;1;;;17;998
12;5;11;17;17062;;3;2;No inventariada;;14;7;2;2;;1;1;1;;;17;998
12;1;17;17;17160;;1;1;GIV-6621;1,3;6;19;1;999;;1;4;1;;;999;4
12;3;14;17;0;;1;1;GIP-5223;2,1;6;3;1;999;;1;1;1;;;999;4
12;3;16;17;0;;1;1;No inventariada;1;6;9;1;999;;1;1;1;;;999;4
12;3;18;17;0;;1;1;GIV-5224;3,5;6;4;1;999;;1;5;1;;;999;4
12;3;16;17;17020;;1;1;N-141e;104,2;6;1;1;999;;1;1;1;;;4;2
12;3;17;17;0;;1;1;GI-555;11,4;6;4;1;999;;1;2;1;;;999;4
12;3;20;17;0;;1;1;N-154;4;6;19;1;999;;1;6;1;;;999;4
12;3;19;17;17103;;1;1;AP-7;84,7;2;2;1;999;;3;6;1;;;999;4
12;2;7;17;17079;;3;2;No inventariada;;14;2;1;999;;1;2;1;;;17;998
12;4;16;17;17079;;1;1;GIV-6703;5,2;6;9;1;999;;3;1;1;;;999;4
12;4;16;17;0;;2;2;No inventariada;;14;2;1;999;;1;1;3;;;5;1
12;2;12;17;17114;;3;2;No inventariada;;14;7;2;2;;1;1;1;;;17;998
12;4;12;17;17079;;3;2;No inventariada;;14;7;1;999;;1;1;1;;;17;998
12;4;18;17;17089;;1;1;C-35;94,7;3;3;1;999;;1;6;1;;;999;4
12;5;17;17;17141;;1;1;N-154;0,7;6;4;1;999;;1;2;1;;;999;4
12;4;11;17;17079;;3;2;No inventariada;;14;7;2;1;;1;1;1;;;17;998
12;5;17;17;17152;;1;1;C-260;42;3;3;2;4;;1;4;1;;;999;4
12;5;12;17;0;;1;1;AP-7;72;2;20;2;4;;1;1;1;;;999;4
12;6;6;17;0;;1;1;AP-7;64;2;20;1;999;;1;6;1;;;999;4
12;6;18;17;17180;;1;1;C-63;26;6;1;1;999;;1;5;1;;;999;4
12;6;20;17;0;;1;1;GI-553;2,2;6;19;1;999;;1;6;1;;;999;4
12;6;16;17;17160;;1;1;GI-682;39,7;6;9;1;999;;1;1;1;;;999;4
12;7;12;17;0;;3;2;No inventariada;;14;2;2;1;;1;1;1;;;999;998
12;7;15;17;0;;1;1;C-31;373,6;6;19;1;999;;1;1;1;;;17;2
12;7;18;17;0;;1;1;N-260;46,6;14;19;1;999;;1;6;1;;;17;2
12;3;13;17;17079;;3;2;No inventariada;;14;7;2;1;;1;1;1;;;17;998
10;1;17;17;17152;;3;2;No inventariada;;14;9;1;999;;1;1;1;;;17;998
11;3;19;17;17015;;3;2;No inventariada;;14;3;2;4;;1;4;1;;;17;998
11;6;12;17;17015;;3;2;No inventariada;;14;7;1;999;;1;1;1;;;17;998
11;5;20;17;17015;;3;2;No inventariada;;14;2;2;1;;1;4;1;;;17;998
12;6;10;17;17015;;3;2;No inventariada;;14;2;2;4;;1;1;1;;;1;998
12;5;13;17;0;;1;1;GI-614;8;6;19;1;999;;3;1;1;;;999;4
12;1;4;17;0;;1;1;GIP-6531;3;6;9;1;999;;1;6;1;;1;999;4
12;1;15;17;0;;2;2;N-260;85,9;6;4;1;999;;1;1;1;;;999;4
12;4;13;17;17079;;3;2;No inventariada;;14;3;1;999;;1;1;1;;;17;998
12;6;5;17;17079;;3;2;No inventariada;;14;2;2;1;;1;4;1;;;17;998
12;1;19;17;17079;;3;2;No inventariada;;14;7;2;1;;1;4;1;;;17;998
12;7;10;17;0;;1;1;GI-553;3;6;9;1;999;;3;1;1;;;999;4
12;1;10;17;0;;2;2;N-260;106,6;6;7;1;999;;1;1;1;;;999;4
12;3;16;17;17155;;1;1;AP-7;61,5;2;19;1;999;;1;1;1;;;999;4
12;4;0;17;0;;1;1;C-35;71;6;4;1;999;;1;6;1;;;999;4
12;4;6;17;17155;;1;1;AP-7;61,5;2;19;1;999;;1;6;1;;;999;4
12;4;6;17;0;;1;1;N-2;767,9;6;19;1;999;;1;6;1;;;999;4
12;4;9;17;0;;1;1;C-66;4,4;6;9;1;999;;1;1;1;;;999;4
12;4;17;17;0;;1;1;GI-643;2,6;6;3;1;999;;1;1;1;;;999;4
12;6;6;17;17079;;3;2;No inventariada;;14;9;2;1;;1;4;1;;;17;998
12;6;17;17;17079;;3;2;No inventariada;;14;7;1;999;;1;4;1;;;17;998
12;3;4;17;17079;;3;2;No inventariada;;14;2;2;4;;1;4;1;;;17;998
12;5;10;17;17020;;2;2;N-141e;109,1;6;4;2;1;;1;1;1;;;999;4
12;5;13;17;17202;;1;1;GI-682;30,4;6;19;1;999;;1;1;1;;;999;4
12;5;15;17;0;;3;2;No inventariada;;14;20;1;999;;1;1;1;;;999;998
12;2;6;17;17079;;3;2;No inventariada;;14;2;2;4;;1;5;1;;;17;998
12;2;10;17;17079;;3;2;No inventariada;;14;7;1;999;;1;1;1;;;17;998
12;6;13;17;0;;1;1;GIV-6703;15;6;9;1;999;;3;1;1;;;999;4
12;7;13;17;17015;;3;2;No inventariada;;14;3;1;999;;1;1;1;;;1;998
12;1;10;17;17033;;3;2;No inventariada;0;14;7;2;4;;1;1;1;;;1;998
12;4;7;17;17034;;1;1;GI-667;0,1;6;7;1;999;;1;6;1;;;17;1
12;7;9;17;0;;2;2;GI-552;4,5;6;2;1;999;;1;1;1;;;999;4
12;7;12;17;0;;1;1;GI-520;6;6;9;1;999;;1;1;1;;;999;4
12;7;19;17;17221;;3;2;No inventariada;;14;2;2;1;;1;4;1;;;999;998
10;2;20;17;17152;;3;2;No inventariada;;14;9;1;999;;1;4;1;;;17;998
10;1;16;17;17152;;3;2;No inventariada;;14;7;1;999;;1;1;1;;;17;998
12;6;13;17;17079;;3;2;No inventariada;;14;9;1;999;;1;1;1;;;17;998
12;4;21;17;17015;;3;2;No inventariada;;14;7;2;1;;1;4;4;;;1;998
12;1;12;17;0;;1;1;No inventariada;1;6;9;1;999;;5;1;1;;;999;4
12;1;18;17;0;;3;2;No inventariada;;14;9;2;2;;8;4;1;;;999;998