MES;DIA_SEMANA;HORA;COD_PROVINCIA;COD_MUNICIPIO;ISLA;ZONA;ZONA_AGRUPADA;CARRETERA;KM;TIPO_VIA;TIPO_ACCIDENTE;NUDO;NUDO_INFO;CARRETERA_CRUCE;CONDICION_FIRME;CONDICION_ILUMINACION;CONDICION_METEO;CONDICION_NIEBLA;CONDICION_VIENTO;VISIB_RESTRINGIDA_POR;TRAZADO_PLANTA
11;3;17;17;17066;;3;2;No inventariada;;14;9;2;2;;1;4;1;;;17;998
9;5;8;17;17066;;3;2;No inventariada;;14;7;1;999;;1;1;1;;;17;998
12;3;15;17;17079;;3;2;No inventariada;;14;9;1;999;;1;1;1;;;17;998
12;2;8;17;17092;;1;1;N-260;19;6;19;1;999;;3;1;1;;;999;4
12;2;17;17;0;;1;1;GI-531;11;6;19;1;999;;8;2;1;;;999;4
12;2;18;17;0;;1;1;N-156;0,5;6;4;1;999;;1;4;1;;;999;4
12;1;8;17;0;;1;1;C-25;200,2;3;19;1;999;;5;1;1;;;999;4
11;5;15;17;17152;;1;1;GI-614;2,9;6;9;1;999;;1;1;1;;;999;4
12;1;13;17;17079;;3;2;No inventariada;;14;7;2;1;;1;1;1;;;1;998
12;2;13;17;0;;1;1;GIV-5264;6,4;6;6;1;999;;1;1;1;;;999;4
12;3;18;17;0;;1;1;AP-7;66;2;19;1;999;;1;5;1;;;999;4
12;4;13;17;17079;;3;2;No inventariada;;14;3;2;2;;1;1;1;;;1;998
12;2;8;17;17155;;3;2;No inventariada;;14;20;1;999;;1;1;1;;;17;998
12;1;13;17;17020;;3;2;No inventariada;;14;3;2;1;;1;1;1;;;999;998
12;2;14;17;17155;;3;2;No inventariada;;14;20;1;999;;1;1;1;;;17;998
12;2;16;17;17034;;3;2;C-253;46,9;14;20;1;999;;1;1;1;;;17;998
12;6;16;17;17066;;3;2;No inventariada;;14;3;1;999;;1;1;1;;;17;998
12;1;12;17;17066;;3;2;No inventariada;;14;2;2;2;;1;1;1;;;17;998
10;3;18;17;17152;;3;2;No inventariada;;14;9;2;2;;3;4;1;;;17;998
1;6;16;17;17114;;3;2;No inventariada;;14;3;2;4;;1;1;1;;;17;998
12;1;19;17;17079;;3;2;No inventariada;;14;7;1;999;;1;4;1;;;17;998
12;1;19;17;17114;;3;2;No inventariada;;14;19;1;999;;5;6;1;;;17;998
11;1;19;17;17152;;3;2;No inventariada;;14;9;2;4;;3;4;3;;;17;998
12;2;11;17;17114;;3;2;No inventariada;;14;9;1;999;;5;1;1;;;17;998
12;2;21;17;17114;;3;2;No inventariada;;14;6;1;999;;1;4;1;;;17;998
12;6;16;17;17066;;3;2;No inventariada;;14;2;2;1;;1;1;1;;;17;998
12;3;18;17;17015;;3;2;No inventariada;;14;2;2;4;;1;4;1;;;17;998
12;7;13;17;17015;;3;2;No inventariada;;14;3;1;999;;1;1;1;;;17;998
12;6;10;17;17015;;3;2;No inventariada;;14;2;2;4;;1;1;1;;;17;998
12;5;21;17;17015;;3;2;No inventariada;;14;7;1;999;;3;4;4;;;17;998
12;2;10;17;17079;;3;2;No inventariada;;14;9;2;4;;1;1;1;;;17;998
12;7;4;17;17079;;3;2;No inventariada;;14;3;1;999;;1;4;1;;;17;998
11;4;11;17;17079;;3;2;No inventariada;;14;7;1;999;;1;1;1;;;17;998
12;5;18;17;17079;;3;2;No inventariada;;14;7;1;999;;1;4;1;;;17;998
11;5;9;17;17152;;3;2;No inventariada;;14;7;2;;;8;1;1;;;17;998
11;7;13;17;17079;;3;2;No inventariada;;14;9;1;999;;1;1;1;;;17;998
9;1;18;17;17152;;3;2;No inventariada;;14;7;2;1;;1;1;1;;;17;998
12;4;9;17;17199;;3;2;No inventariada;;14;7;2;2;;1;1;1;;;17;998
7;3;9;17;17199;;3;2;No inventariada;;14;9;1;999;;1;1;1;;;17;998
12;1;13;17;17199;;3;2;No inventariada;;14;2;2;1;;1;1;1;;;17;998
12;3;16;17;17152;;3;2;No inventariada;;14;2;1;999;;1;1;1;;;17;998
12;6;14;17;17199;;3;2;No inventariada;;14;9;1;999;;1;1;1;;;17;998
11;1;15;17;17079;;3;2;No inventariada;;14;7;1;999;;1;1;1;;;17;998
12;1;11;17;17152;;3;2;No inventariada;;14;19;2;4;;1;1;1;;;17;998
12;5;15;17;17152;;3;2;No inventariada;;14;9;1;999;;1;1;1;;;17;998
12;6;6;17;17066;;3;2;No inventariada;;14;7;1;999;;1;1;1;;;17;998
12;7;21;17;17066;;3;2;No inventariada;;14;4;1;999;;1;4;1;;;17;998
12;1;15;17;17066;;3;2;No inventariada;;14;3;1;999;;1;1;1;;;17;998
12;2;13;17;17066;;3;2;No inventariada;;14;7;2;1;;1;1;1;;;17;998
1;7;22;17;17066;;3;2;No inventariada;;14;4;2;4;;1;4;1;;;17;998
1;5;15;17;17066;;3;2;No inventariada;;14;2;2;1;;1;1;1;;;17;998
1;1;14;17;17066;;3;2;No inventariada;;14;2;2;1;;1;1;1;;;17;998
1;7;21;17;17066;;3;2;No inventariada;;14;4;1;999;;1;4;1;;;17;998
2;2;11;17;17066;;3;2;No inventariada;;14;7;2;1;;1;1;1;;;17;998
2;6;23;17;17066;;3;2;No inventariada;;14;9;1;999;;1;4;1;;;17;998
2;7;14;17;17066;;3;2;No inventariada;;14;6;1;999;;1;1;1;;;17;998
2;4;9;17;17066;;3;2;No inventariada;;14;2;1;999;;1;1;1;;;17;998
2;3;15;17;17066;;3;2;No inventariada;;14;9;2;4;;1;1;1;;;17;998
4;4;13;17;17066;;3;2;No inventariada;;14;1;1;999;;1;1;1;;;17;998
4;6;0;17;17066;;3;2;No inventariada;;14;7;2;1;;1;4;1;;;17;998
4;5;21;17;17066;;3;2;No inventariada;;14;4;1;999;;1;4;1;;;17;998
4;2;22;17;17066;;3;2;No inventariada;;14;20;1;999;;1;4;1;;;17;998
4;4;13;17;17066;;3;2;No inventariada;;14;6;2;1;;1;1;1;;;17;998
4;2;20;17;17066;;3;2;No inventariada;;14;9;1;999;;1;1;1;;;17;998
5;7;11;17;17066;;3;2;No inventariada;;14;6;2;4;;1;1;1;;;17;998
5;2;16;17;17066;;3;2;No inventariada;;14;4;2;2;;3;1;4;;;17;998
6;4;17;17;17066;;3;2;No inventariada;;14;4;1;999;;1;1;1;;;17;998
6;1;10;17;17066;;3;2;No inventariada;;14;4;1;999;;1;1;1;;;17;998
6;5;18;17;17066;;3;2;No inventariada;;14;2;2;2;;1;1;1;;;17;998
6;5;16;17;17066;;3;2;No inventariada;;14;2;2;2;;1;1;1;;;17;998
5;5;5;17;17066;;3;2;No inventariada;;14;7;1;999;;1;1;1;;;17;998
7;2;17;17;17066;;3;2;No inventariada;;14;2;1;999;;1;1;1;;;17;998
6;2;20;17;17066;;3;2;No inventariada;;14;4;1;999;;1;4;1;;;17;998
7;2;12;17;17066;;3;2;No inventariada;;14;2;2;2;;1;1;1;;;17;998
7;1;12;17;17066;;2;2;N-2a;5,8;14;4;1;999;;1;1;1;;;17;4
7;6;12;17;17066;;2;2;N-2a;5,8;14;2;1;999;;1;1;1;;;17;4
7;5;12;17;17066;;3;2;No inventariada;;14;4;1;999;;1;1;1;;;17;998
7;5;1;17;17066;;3;2;No inventariada;;14;4;1;999;;1;4;1;;;17;998
10;2;13;17;17066;;3;2;No inventariada;;14;3;2;4;;1;1;1;;;17;998
10;1;13;17;17066;;2;2;No inventariada;;14;3;2;4;;1;1;1;;;17;4
4;5;20;17;17066;;3;2;No inventariada;;14;4;1;999;;1;4;1;;;17;998
9;3;17;17;17066;;3;2;No inventariada;;14;7;1;999;;1;1;1;;;17;998
9;3;14;17;17066;;3;2;No inventariada;;14;1;1;999;;1;1;1;;;17;998
9;5;23;17;17066;;3;2;No inventariada;;14;2;2;1;;1;4;1;;;17;998
8;5;9;17;17066;;3;2;No inventariada;;14;9;2;1;;8;1;1;;;17;998
8;2;16;17;17066;;3;2;No inventariada;;14;2;2;2;;1;1;1;;;17;998
8;4;7;17;17066;;3;2;No inventariada;;14;18;1;999;;1;1;1;;;17;998
12;6;19;17;17066;;2;2;N-2a;5,8;14;4;1;999;;1;1;1;;;17;4
1;1;11;18;18022;;1;1;N-323a;117,361;6;16;2;;;1;1;1;;;1;1
4;1;14;18;18003;;1;1;A-92;240,9;3;4;2;;;1;1;1;;;1;1
4;5;11;18;18003;;1;1;GR-3417;1,39;5;4;2;;;1;1;1;;;1;1
5;5;19;18;18003;;1;1;GR-30;1,49;3;4;1;12;GR-3419;1;1;1;;;1;1
6;3;5;18;18022;;1;1;A-44;121,6;3;16;2;;;1;5;2;;;1;1
7;5;23;18;18003;;1;1;N-323a;119;6;16;2;;;1;6;1;;;1;1
8;6;14;18;18003;;1;1;GR-3417;1,5;5;4;2;;;1;1;1;;;12;1
8;7;2;18;18003;;1;1;A-92;239,77;3;4;2;;;1;6;1;;;1;1
9;1;7;18;18003;;1;1;GR-30;4,191;8;3;1;4;GR-30;1;3;1;;;1;1
10;7;17;18;18003;;1;1;A-44;110,836;3;16;2;;;1;1;1;;;1;1
10;3;21;18;18003;;1;1;GR-3417;3,398;6;2;1;4;;1;6;7;;;18;2
11;7;18;18;18003;;1;1;A-44;113,8;3;4;2;;;1;6;1;;;1;1
11;6;6;18;18003;;1;1;A-92;240,35;3;7;2;;;1;6;1;;;1;1
11;5;12;18;18003;;1;1;GR-30;3,706;8;4;2;;;1;1;1;;;1;1
12;5;12;18;18153;;1;1;A-92;241,2;3;4;1;2;A-92;1;1;1;;;3;2
3;1;15;18;0;;1;1;GR-5202;0;6;18;2;;;3;1;3;;;1;3
8;5;13;18;0;;3;2;No inventariada;;9;7;1;1;;1;1;1;;;1;998
1;2;9;18;18006;;1;1;A-345;28,025;6;2;1;2;;1;1;1;;;1;1
4;7;17;18;18006;;1;1;A-7;856,852;3;16;2;;;1;1;1;;;1;1
6;6;0;18;18006;;1;1;A-7;855,5;3;12;1;4;N-340;1;6;1;;;1;2
7;1;16;18;18006;;1;1;RAMBLA01;0;10;13;2;;;1;1;1;;;1;1
7;5;23;18;18006;;3;2;No inventariada;;9;7;2;;;1;4;1;;;1;998
8;4;15;18;18006;;1;1;A-345;25,677;6;16;2;;;1;1;1;;;18;3
9;1;16;18;18006;;1;1;N-340;372,616;6;1;1;2;;1;1;1;;;18;3
10;6;8;18;18006;;1;1;N-340;375,5;6;10;2;;;1;1;1;;;1;1
12;1;11;18;0;;1;1;GR-3208;9,042;6;15;2;;;1;1;1;;;4;2
2;7;22;18;18011;;1;1;GR-3103;3,1;6;16;1;2;;1;4;1;;;1;1
5;5;8;18;18011;;1;1;A-92;247,5;3;6;2;;;1;1;1;;;1;1
7;4;1;18;18011;;3;2;No inventariada;;9;6;2;;;1;4;1;;;1;998
8;1;15;18;18011;;1;1;GR-3103;5,2;6;2;2;;;1;1;1;;;4;2
9;4;14;18;18011;;1;1;GR-3103;3,349;6;5;1;2;A-92;1;1;1;;;18;1
6;2;15;18;0;;3;2;No inventariada;;9;2;1;1;;1;1;1;;;2;998
6;7;12;18;18013;;1;1;GR-0079;5;6;4;2;;;1;1;1;;;1;1
6;6;13;18;18013;;1;1;A-4155;19,325;6;2;2;;;1;1;1;;;18;3
7;2;20;18;18013;;1;1;A-402R1;0,214;6;1;2;;;1;1;1;;;4;3
8;7;22;18;18013;;1;1;A-402;43,279;6;7;2;;;1;6;1;;;4;1
8;6;21;18;18013;;1;1;A-4150;0,6;6;4;2;;;1;6;1;;;18;1
12;6;14;18;18013;;1;1;A-402;37,3;6;18;2;;;1;1;1;;;1;3
3;2;8;18;18014;;1;1;GR-3303;7;6;2;1;6;;1;1;1;;;18;1
9;5;21;18;18014;;1;1;GR-30;21,4;3;4;1;4;;1;4;1;;;1;1
9;6;19;18;18014;;1;1;A-44;136,908;3;16;2;;;3;1;3;;;1;3
1;1;22;18;0;;1;1;GR-J-1050;3,3;10;17;2;;;1;6;1;;;4;3
12;3;16;18;0;;1;1;A-348;39,9;6;16;2;;;1;1;1;;;1;3
1;7;15;18;18017;;1;1;A-4050;56,4;6;2;1;2;;1;1;1;;;2;1
2;6;10;18;18017;;1;1;N-340;306,3;6;2;2;;;1;1;1;;;1;2
4;7;23;18;18017;;1;1;N-340;317,201;6;4;1;5;N-340;1;4;1;;;1;1
5;7;20;18;18017;;1;1;N-340;312,3;6;1;2;;;1;1;1;;;1;2
5;4;12;18;0;;1;1;A-7;907;3;3;2;;;1;1;1;;;1;1
6;7;11;18;18017;;1;1;A-4050;56,85;6;1;2;;;1;1;1;;;2;2
7;6;12;18;18017;;1;1;N-340;312,4;6;2;2;;;1;1;1;;;1;2
7;1;11;18;18017;;1;1;N-340;315,194;6;3;1;4;N-340;1;1;1;;;1;4
9;3;17;18;18017;;1;1;N-340;315,7;6;4;1;4;;1;1;1;;;1;1
4;4;12;18;18017;;3;2;No inventariada;;9;10;2;;;1;1;1;;;1;998
4;7;13;18;18017;;3;2;No inventariada;;9;7;1;2;;1;1;1;;;1;998
4;5;9;18;18017;;3;2;No inventariada;;9;10;2;;;1;1;1;;;1;998
5;3;14;18;18017;;3;2;No inventariada;;9;4;2;;;1;1;1;;;1;998
6;6;20;18;18017;;3;2;No inventariada;;9;10;2;;;1;1;1;;;1;998
6;7;13;18;18017;;3;2;No inventariada;;9;3;2;;;1;1;1;;;1;998
3;4;13;18;18017;;3;2;No inventariada;;9;7;2;;;1;1;1;;;1;998
9;7;12;18;18017;;1;1;N-340;319;6;3;2;;;1;1;1;;;4;2
10;3;9;18;18017;;1;1;N-340;317,2;6;2;1;1;;1;1;1;;;1;3
10;6;20;18;18017;;1;1;A-7;913,35;3;6;2;;;1;6;1;;;1;3
12;7;10;18;18017;;1;1;N-340;317,65;6;16;2;;;1;1;1;;;1;2
12;1;10;18;18017;;1;1;N-340;308,6;6;17;2;;;1;1;1;;;1;2
12;4;18;18;0;;1;1;A-4050;53,2;6;18;2;;;1;1;1;;;1;3
7;5;11;18;0;;1;1;GR-3307;4,543;6;16;2;;;1;1;1;;;1;2
8;6;23;18;0;;1;1;GR-3307;4,897;6;17;2;;;1;6;1;;;8;2
1;4;14;18;18021;;3;2;No inventariada;;9;2;1;4;;3;1;3;;;1;998
1;4;11;18;18021;;3;2;No inventariada;;9;2;1;4;;1;1;1;;;1;998
1;4;20;18;18021;;3;2;No inventariada;;9;10;2;;;1;4;1;;;1;998
1;5;15;18;18021;;3;2;No inventariada;;9;4;2;;;1;1;1;;;1;998
1;3;22;18;18021;;3;2;No inventariada;;9;5;2;;;1;4;1;;;1;998
3;4;14;18;18021;;3;2;No inventariada;;9;2;1;1;;1;1;1;;;2;998
2;5;10;18;18021;;3;2;No inventariada;;9;7;2;;;3;1;4;;;1;998
3;7;1;18;18021;;3;2;No inventariada;;9;16;2;;;3;4;3;;;1;998
3;1;11;18;18021;;3;2;No inventariada;;9;5;1;1;;3;1;3;;;2;998
3;2;18;18;18021;;3;2;No inventariada;;9;4;2;;;1;1;1;;;1;998
3;7;9;18;18021;;3;2;No inventariada;;9;2;1;2;;1;1;1;;;1;998
3;5;8;18;18021;;3;2;No inventariada;;9;2;1;1;;1;1;1;;;9;998
2;5;22;18;18021;;3;2;No inventariada;;7;6;2;;;1;4;1;;;1;998
4;2;12;18;18021;;3;2;No inventariada;;9;2;1;1;;1;1;1;;;2;998
4;2;19;18;18021;;3;2;No inventariada;;9;7;2;;;1;1;1;;;1;998
4;7;12;18;18021;;3;2;No inventariada;;9;2;1;4;;1;1;1;;;1;998
3;1;16;18;18021;;3;2;No inventariada;;9;3;2;;;1;1;1;;;1;998
4;1;11;18;18021;;3;2;No inventariada;;9;4;1;4;;1;1;1;;;1;998
3;6;12;18;18021;;3;2;No inventariada;;9;2;2;;;1;1;1;;;1;998
4;3;18;18;18021;;3;2;No inventariada;;9;4;2;;;1;1;1;;;1;998
4;4;15;18;18021;;3;2;No inventariada;;9;4;2;;;1;1;1;;;1;998
4;4;8;18;18021;;3;2;No inventariada;;9;2;2;;;1;1;1;;;1;998
5;1;8;18;18021;;3;2;No inventariada;;9;5;2;;;1;1;1;;;1;998
5;4;15;18;18021;;3;2;No inventariada;;9;2;1;1;;1;1;1;;;1;998
2;5;22;18;18021;;3;2;No inventariada;;9;4;2;;;1;4;1;;;1;998
5;1;15;18;18021;;3;2;No inventariada;;9;2;1;2;;1;1;1;;;1;998
6;6;10;18;18021;;3;2;No inventariada;;9;4;2;;;1;1;1;;;1;998
6;1;19;18;18021;;3;2;No inventariada;;9;2;1;4;;1;1;1;;;1;998
6;1;9;18;18021;;3;2;No inventariada;;9;2;1;4;;1;1;1;;;1;998
6;2;17;18;18021;;3;2;No inventariada;;9;7;2;;;1;1;1;;;1;998
4;4;15;18;18021;;3;2;No inventariada;;9;4;2;;;1;1;1;;;1;998
6;1;20;18;18021;;3;2;No inventariada;;9;2;1;1;;1;4;1;;;1;998
6;2;13;18;18021;;3;2;No inventariada;;9;2;1;4;;1;1;1;;;1;998
6;5;10;18;18021;;3;2;No inventariada;;9;3;1;4;;1;1;1;;;1;998
9;5;14;18;18087;;1;1;A-395;0,1;8;4;2;;;1;1;1;;;1;2
1;4;20;18;18022;;1;1;N-432;429,881;6;9;1;4;GR-43;2;4;1;;;1;2
4;2;9;18;18022;;1;1;GR-3412;2;6;13;2;;;1;1;1;;;1;3
5;1;3;18;18022;;1;1;N-432;428,382;6;16;1;5;GR-3417;1;6;1;;;1;1
5;3;14;18;18022;;1;1;N-432;430,892;6;4;2;;;1;1;1;;;1;1
5;4;15;18;18022;;1;1;N-432;428,369;6;2;1;1;N-432;1;1;1;;;18;1
6;3;7;18;18022;;1;1;N-432;428,4;6;2;1;1;GR-3417;1;1;1;;;1;1
6;1;8;18;18022;;1;1;N-432;427,76;6;7;1;5;GR-3417;1;1;1;;;3;1
7;2;0;18;18022;;3;2;No inventariada;;9;2;1;1;;1;4;1;;;18;998
8;2;12;18;18022;;1;1;N-432;429,367;6;2;1;1;;1;1;1;;;1;1
9;6;12;18;18022;;1;1;N-432;426,586;6;2;2;;;1;1;1;;;1;1
10;4;20;18;18022;;1;1;N-432;424,6;6;5;1;2;;1;6;1;;;1;1
11;6;17;18;18022;;1;1;N-432;427,667;6;2;1;5;N-432;1;1;1;;;18;1
1;4;13;18;18023;;3;2;No inventariada;;9;7;2;;;1;1;1;;;1;998
2;2;15;18;18023;;3;2;No inventariada;;9;5;2;;;1;1;1;;;1;998
2;3;20;18;18023;;1;1;A-4200;8,3;6;1;2;;;1;6;1;;;4;2
2;4;14;18;18023;;1;1;A-4200;4,9;6;18;2;;;1;1;1;;;1;1
3;1;20;18;18023;;1;1;A-4200;0,3;6;2;2;;;1;6;2;;;1;1
4;3;7;18;18023;;3;2;No inventariada;;9;16;1;2;;1;2;1;;;1;998
4;1;18;18;18023;;1;1;A-92N;29,15;3;18;2;;;4;1;4;;;5;1
5;3;22;18;18023;;3;2;No inventariada;;9;2;1;2;;1;4;1;;;1;998
5;5;19;18;18023;;3;2;No inventariada;;9;2;1;4;;1;1;1;;;1;998
6;2;8;18;18023;;3;2;No inventariada;;9;5;2;;;1;1;1;;;1;998
6;3;18;18;18023;;3;2;No inventariada;;9;7;2;;;1;1;1;;;1;998
7;7;23;18;18023;;3;2;No inventariada;;9;2;2;;;1;4;1;;;12;998
7;3;7;18;18023;;3;2;No inventariada;;9;2;1;1;;1;1;1;;;2;998
9;6;19;18;18023;;1;1;A-92N;36,85;3;12;2;;;3;1;4;;;1;1
9;2;20;18;18023;;3;2;No inventariada;;9;2;1;2;;1;3;1;;;17;998
9;5;20;18;18023;;3;2;No inventariada;;9;4;1;4;;3;3;2;;;1;998
10;5;4;18;18023;;1;1;A-92N;39,293;3;17;2;;;1;6;1;;;1;1
10;2;20;18;18023;;3;2;No inventariada;;9;4;2;;;3;4;2;;;1;998
11;4;14;18;18023;;3;2;No inventariada;;9;7;1;4;;1;1;2;;;1;998
11;5;7;18;18023;;3;2;No inventariada;;9;2;1;2;;1;1;2;;;1;998
11;3;9;18;18023;;3;2;No inventariada;;9;4;2;;;1;1;1;;;1;998
11;4;13;18;18023;;3;2;No inventariada;;9;7;2;;;1;1;1;;;16;998
2;6;5;18;18089;;1;1;A-325;39,365;6;16;2;;;1;6;1;;;4;2
6;4;15;18;0;;3;2;No inventariada;;9;6;2;;;1;1;1;;;1;998
5;3;19;18;0;;1;1;GR-9108;0,001;6;14;1;2;GR-9108;1;1;1;;;1;1
5;5;19;18;0;;1;1;A-4200;11,65;6;1;1;2;;1;1;1;;;1;1
12;1;20;18;0;;1;1;A-4200;10,611;6;13;2;;;2;6;7;;;18;1
12;2;19;18;0;;1;1;GR-9108;2,4;6;2;2;;;1;6;1;;;1;3
6;6;11;18;0;;1;1;CAMINO DE;0,1;10;17;2;;;1;1;1;;;4;3
2;7;13;18;0;;1;1;A-348;55,4;6;16;2;;;1;1;1;;;4;2
9;7;8;18;0;;1;1;A-345;2,165;6;16;2;;;1;1;1;;;1;2
10;7;14;18;0;;1;1;A-4127;1,5;6;12;2;;;1;1;1;;;1;3
10;6;18;18;18036;;3;2;No inventariada;;9;20;2;;;9;1;7;;;18;998
11;2;14;18;18036;;3;2;No inventariada;;9;2;1;1;;1;1;1;;;18;998
3;5;11;18;0;;1;1;CV-1297;3,6;10;14;2;;;1;1;1;;;2;3
9;1;19;18;0;;1;1;GR-4201;2,551;6;2;2;;;1;1;1;;;12;2
10;5;20;18;0;;1;1;GR-9102;9,27;6;17;2;;;3;6;2;;;1;2
12;6;11;18;0;;1;1;A-4200;27,9;6;15;2;;;1;1;1;;;1;2
3;2;13;18;18047;;3;2;No inventariada;;9;4;2;;;1;1;1;;;1;998
4;4;18;18;18047;;3;2;No inventariada;;9;7;1;1;;1;1;1;;;9;998
4;5;18;18;18047;;1;1;A-4026;0,6;6;18;2;;;1;1;1;;;1;1
8;5;13;18;18047;;3;2;No inventariada;;9;4;1;2;;1;1;1;;;1;998
8;3;12;18;18047;;3;2;No inventariada;;9;10;1;2;;1;1;1;;;1;998
10;1;14;18;18047;;3;2;No inventariada;;9;2;2;;;1;1;1;;;18;998
10;7;7;18;18047;;1;1;A-395;8,1;6;12;2;;;3;6;2;;;1;3
4;6;20;18;0;;3;2;No inventariada;;9;19;2;;;1;1;1;;;1;998
4;4;14;18;18059;;1;1;GR-3402;2,423;6;1;2;;;1;1;1;;;1;2
6;4;18;18;0;;1;1;A-92;224,102;3;12;2;;;1;1;1;;;1;1
12;4;17;18;0;;1;1;A-92;225,099;3;2;1;2;A-92;1;1;1;;;1;1
10;6;17;18;0;;1;1;GR-3424;10,838;6;16;2;;;1;1;1;;;4;3
5;2;11;18;0;;1;1;CV-1646;1;10;6;2;;;1;1;1;;;4;1
7;3;6;18;0;;1;1;A-4076;4,979;6;18;2;;;1;3;1;;;1;2
6;2;13;18;0;;1;1;CV-1224;2;10;15;2;;;1;1;1;;;1;1
9;3;16;18;0;;3;2;No inventariada;;9;16;1;1;;1;1;1;;;2;998
2;2;19;18;0;;1;1;A-92NR4;2,2;6;17;1;2;A-92N;1;2;1;;;1;2
3;6;21;18;0;;1;1;A-92N;77,6;3;16;2;;;3;6;2;;;1;1
4;1;0;18;0;;1;1;GR-9108;9,5;6;12;2;;;3;6;1;;;12;1
4;2;18;18;0;;1;1;A-92N;70,3;3;19;2;;;1;1;1;;;1;1
6;7;8;18;0;;1;1;A-92N;73;3;14;1;2;;1;1;1;;;1;2
7;2;6;18;0;;1;1;A-92N;67,447;3;4;2;;;1;6;1;;;1;1
8;3;19;18;0;;1;1;A-330;9,32;6;2;1;2;;1;1;1;;;1;1
9;6;22;18;0;;1;1;A-92N;62,9;3;8;2;;;1;6;1;;;1;1
10;6;8;18;0;;1;1;A-330;5,848;6;12;2;;;1;2;1;;;1;1
12;1;19;18;0;;1;1;A-330;3,037;6;7;2;;;1;4;1;;;1;1
3;5;8;18;18087;;1;1;GR-3305;0,153;6;5;2;;;1;1;2;;;1;1
3;5;15;18;18057;;1;1;GR-3304;2,3;6;2;1;2;;1;1;2;;;1;1
4;3;7;18;18057;;1;1;GR-3304;2,496;6;3;2;;;1;1;1;;;2;1
8;5;14;18;18057;;1;1;GR-3304;2,7;6;2;2;;;1;1;1;;;1;1
9;1;9;18;18057;;3;2;No inventariada;;9;4;2;;;1;1;1;;;1;998
9;1;13;18;18057;;3;2;No inventariada;;9;2;2;;;1;1;1;;;1;998
11;4;12;18;18057;;3;2;No inventariada;;9;2;1;1;;1;1;1;;;1;998
12;7;16;18;18057;;1;1;GR-3304;2,223;6;2;1;2;;1;1;1;;;1;3
12;4;19;18;18057;;1;1;GR-3304;2,3;6;2;1;2;;1;4;1;;;1;1
1;2;11;18;18059;;1;1;A-92;227;3;20;2;;;1;1;7;1;;1;1
3;5;6;18;18059;;1;1;GR-3401;0,1;6;2;1;4;A-92;1;6;1;;;1;1
9;5;18;18;18175;;1;1;A-92;228;3;3;2;;;1;1;1;;;1;4
12;2;14;18;18059;;1;1;A-92;226,584;3;18;2;;;1;1;1;;;1;1
8;7;8;18;0;;1;1;GR-3312;0,2;6;17;2;;;1;1;1;;;1;1
5;6;12;18;18062;;2;2;GR-3304;1,271;6;4;2;;;1;1;1;;;2;1
5;4;5;18;18062;;3;2;No inventariada;;9;16;1;4;;1;4;1;;;1;998
5;5;19;18;18062;;1;1;GR-3303;3,726;6;19;2;;;1;1;1;;;1;1
7;2;6;18;18062;;1;1;GR-3304;1,725;6;10;1;4;GR-3303;1;1;1;;;1;3
9;2;16;18;18062;;1;1;GR-3303;4,815;6;4;1;4;GR-3304;1;1;1;;;1;1
10;6;17;18;18062;;3;2;No inventariada;;9;2;1;4;;1;1;2;;;1;998
11;2;12;18;18062;;3;2;No inventariada;;9;7;2;;;1;1;1;;;1;998
11;2;18;18;18062;;3;2;No inventariada;;9;7;2;;;1;3;1;;;1;998
3;7;8;18;0;;1;1;A-92;283,635;3;19;2;;;3;1;4;;;1;1
9;4;13;18;0;;3;2;No inventariada;;9;7;1;1;;1;1;1;;;2;998
10;6;6;18;0;;1;1;A-308;27,2;6;4;2;;;1;6;1;;;1;1
2;6;19;18;0;;3;2;No inventariada;;9;1;2;;;3;4;3;;;1;998
3;2;20;18;0;;1;1;A-44;160,4;3;4;2;;;1;6;1;;;1;1
3;5;21;18;0;;1;1;A-44;103,3;3;20;2;;;1;6;1;;;1;1
6;4;18;18;0;;1;1;A-44;103;3;18;2;;;1;1;1;;;1;3
7;5;8;18;0;;1;1;A-44;101,2;3;3;2;;;1;1;1;;;1;1
9;6;5;18;18003;;1;1;A-44;107,16;3;18;2;;;1;6;1;;;1;1
10;6;14;18;18003;;1;1;A-44;108,7;3;4;2;;;1;1;1;;;1;1
6;6;7;18;0;;1;1;A-92;271;3;18;2;;;1;1;1;;;1;1
8;1;3;18;0;;1;1;A-92;270,1;3;14;2;;;1;6;1;;;1;1
3;5;11;18;0;;1;1;A-92;317,21;3;18;2;;;1;1;2;;1;4;1
6;4;8;18;0;;1;1;GR-3201;2,81;6;2;2;;;1;1;1;;;1;1
1;4;15;18;18150;;1;1;A-44;149,323;3;4;2;;;1;1;1;;;1;1
2;2;17;18;18071;;1;1;A-44;155,3;3;16;2;;;1;1;1;;;1;1
2;2;18;18;18071;;3;2;No inventariada;;9;7;2;;;1;1;1;;;1;998
6;6;5;18;18150;;1;1;A-44;149,709;3;4;2;;;1;6;1;;;18;1
8;6;7;18;18071;;1;1;N-323a;155,173;6;12;1;4;;1;6;1;;;1;1
10;7;19;18;18071;;3;2;No inventariada;;9;7;2;;;1;1;1;;;1;998
10;2;16;18;18071;;1;1;N-323a;155,166;6;10;1;4;;2;1;1;;;18;1
7;2;9;18;0;;1;1;A-338;17,451;6;16;2;;;1;1;1;;;1;1