MES;DIA_SEMANA;HORA;COD_PROVINCIA;COD_MUNICIPIO;ISLA;ZONA;ZONA_AGRUPADA;CARRETERA;KM;TIPO_VIA;TIPO_ACCIDENTE;NUDO;NUDO_INFO;CARRETERA_CRUCE;CONDICION_FIRME;CONDICION_ILUMINACION;CONDICION_METEO;CONDICION_NIEBLA;CONDICION_VIENTO;VISIB_RESTRINGIDA_POR;TRAZADO_PLANTA
10;7;16;18;0;;1;1;CV-1657;2,187;10;18;2;;;1;1;1;;;1;3
5;7;18;18;0;;1;1;A-92;313;3;4;2;;;1;1;1;;;1;1
6;1;8;18;0;;1;1;CV-1651;0,8;10;2;1;9;;1;1;1;;;1;1
1;6;18;18;0;;1;1;A-325;30,2;6;16;2;;;1;2;1;;;1;1
1;4;14;18;0;;1;1;A-315;88,36;6;15;2;;;3;1;3;;;5;1
4;2;9;18;0;;1;1;A-315;87,07;6;17;2;;;1;1;1;;;1;1
5;3;10;18;0;;1;1;GR-7100;9,85;6;2;2;;;3;1;4;1;;4;2
2;6;11;18;0;;3;2;No inventariada;;9;8;2;;;1;1;2;1;;1;998
3;2;9;18;0;;1;1;GR-3405;2,7;6;2;1;2;;1;1;2;1;;5;1
4;4;18;18;0;;1;1;GR-3405;3,9;6;4;2;;;1;1;1;;;1;1
4;5;14;18;0;;1;1;GR-3405;4,5;6;2;2;;;1;1;1;1;;1;1
5;6;12;18;0;;1;1;GR-3401;3,079;6;4;1;2;;1;1;1;;;1;1
5;3;18;18;0;;1;1;GR-3405;2,5;6;14;2;;;1;1;1;;;1;1
5;2;14;18;0;;3;2;No inventariada;;9;2;1;2;;1;1;1;1;;1;998
6;1;14;18;0;;3;2;No inventariada;;9;4;2;;;1;1;1;1;;1;998
6;6;2;18;0;;1;1;A-330;24,931;6;15;1;2;;1;6;1;;;1;1
8;7;10;18;0;;1;1;A-4200;34,495;6;15;2;;;1;1;1;;;1;2
1;5;8;18;0;;1;1;A-92N;13,8;3;4;2;;;1;1;1;;;6;1
2;6;20;18;0;;1;1;GR-6102;9,5;6;13;2;;;1;6;1;;;1;3
4;1;21;18;0;;1;1;A-92N;21;3;3;2;;;1;2;1;;;1;1
4;7;14;18;0;;3;2;No inventariada;;9;2;1;1;;1;1;1;;;1;998
5;7;18;18;0;;1;1;A-92N;20,304;3;12;2;;;3;1;4;;;5;3
8;7;6;18;0;;1;1;GR-6102;7,023;6;8;2;;;1;6;1;;;1;2
11;2;18;18;0;;1;1;A92N;14,7;3;14;2;;;1;2;1;;;1;2
1;2;20;18;18087;;1;1;A-395;0;3;4;2;;;3;4;3;;;4;2
1;3;12;18;18087;;3;2;No inventariada;;9;10;1;1;;1;1;1;;;1;998
1;4;10;18;18087;;3;2;No inventariada;;9;19;2;;;3;1;1;;;1;998
1;4;12;18;18087;;3;2;No inventariada;;9;16;2;;;3;1;2;;;1;998
1;4;21;18;18087;;3;2;No inventariada;;9;7;2;;;3;4;4;;;1;998
1;5;7;18;18087;;3;2;No inventariada;;9;7;2;;;3;3;3;;;1;998
1;5;16;18;18087;;3;2;No inventariada;;9;2;1;1;;3;1;3;;;1;998
1;5;12;18;18087;;1;1;GR-30;10,273;3;4;2;;;1;1;2;;;1;1
1;5;22;18;18087;;3;2;No inventariada;;9;2;1;4;;3;4;2;;;1;998
1;7;20;18;18087;;3;2;No inventariada;;9;7;2;;;1;4;1;;;1;998
1;1;12;18;18087;;3;2;No inventariada;;9;7;2;;;1;1;1;;;1;998
1;2;19;18;18087;;3;2;No inventariada;;9;19;2;;;3;4;4;;;1;998
1;5;7;18;18087;;3;2;No inventariada;;9;2;1;4;;1;3;1;;;1;998
1;5;17;18;18087;;3;2;No inventariada;;9;2;1;1;;1;1;1;;;1;998
1;1;19;18;18087;;3;2;No inventariada;;9;2;1;4;;1;4;2;;;1;998
1;1;19;18;18087;;3;2;No inventariada;;9;4;2;;;3;4;3;;;1;998
1;2;12;18;18087;;3;2;No inventariada;;9;3;2;;;1;1;1;;;1;998
1;2;14;18;18087;;3;2;No inventariada;;9;4;2;;;1;1;1;;;1;998
1;3;13;18;18087;;3;2;No inventariada;;9;2;1;1;;1;1;1;;;1;998
1;4;14;18;18087;;3;2;No inventariada;;9;2;1;4;;1;1;1;;;1;998
1;4;20;18;18087;;3;2;No inventariada;;9;3;2;;;1;4;1;;;1;998
1;7;19;18;18087;;1;1;A-395;1,192;3;4;2;;;1;4;1;;;1;1
1;2;23;18;18087;;3;2;No inventariada;;9;19;2;;;1;4;1;;;1;998
1;6;12;18;18087;;3;2;No inventariada;;9;4;2;;;1;1;1;;;1;998
1;1;12;18;18087;;3;2;No inventariada;;9;4;1;4;;1;1;1;;;1;998
1;1;14;18;18087;;3;2;No inventariada;;9;7;2;;;1;1;1;;;1;998
1;7;21;18;18087;;3;2;No inventariada;;9;2;1;4;;1;4;1;;;1;998
1;2;14;18;18087;;3;2;No inventariada;;9;2;2;;;1;1;1;;;1;998
1;2;18;18;18087;;3;2;No inventariada;;9;3;2;;;1;3;1;;;1;998
1;3;12;18;18087;;3;2;No inventariada;;9;3;1;4;;1;1;1;;;1;998
1;3;14;18;18087;;3;2;No inventariada;;9;2;1;1;;1;1;1;;;1;998
1;3;15;18;18087;;3;2;No inventariada;;9;3;2;;;1;1;1;;;1;998
1;5;9;18;18087;;3;2;No inventariada;;7;7;2;;;1;1;1;;;1;998
1;7;7;18;18087;;3;2;No inventariada;;9;10;2;;;1;1;1;;;1;998
1;1;15;18;18087;;3;2;No inventariada;;9;4;2;;;1;1;1;;;1;998
1;3;14;18;18087;;3;2;No inventariada;;9;7;2;;;1;1;1;;;1;998
2;1;8;18;18087;;1;1;GR-30;11,5;3;4;2;;;1;3;1;;;1;1
1;3;11;18;18087;;3;2;No inventariada;;9;6;2;;;1;1;1;;;1;998
2;5;11;18;18087;;3;2;No inventariada;;9;2;1;1;;1;1;1;;;1;998
2;5;15;18;18087;;3;2;No inventariada;;9;4;2;;;1;1;1;;;1;998
2;6;16;18;18087;;3;2;No inventariada;;9;3;2;;;1;1;1;;;1;998
2;6;14;18;18087;;3;2;No inventariada;;9;18;2;;;1;1;1;;;1;998
2;4;12;18;18087;;3;2;No inventariada;;9;14;2;;;7;1;1;;;1;998
2;5;14;18;18087;;1;1;GR-30;10,5;3;5;2;;;3;1;4;;;1;1
2;7;0;18;18087;;3;2;No inventariada;;9;18;2;;;7;4;1;;;1;998
2;7;15;18;18087;;3;2;No inventariada;;9;2;1;4;;1;1;1;;;1;998
2;1;20;18;18087;;3;2;No inventariada;;9;18;2;;;7;4;1;;;1;998
2;2;17;18;18087;;3;2;No inventariada;;9;14;2;;;1;1;1;;;1;998
2;2;20;18;18087;;3;2;No inventariada;;9;7;2;;;1;4;1;;;1;998
2;3;7;18;18087;;3;2;No inventariada;;9;4;2;;;1;3;1;;;1;998
2;3;17;18;18087;;3;2;No inventariada;;9;7;2;;;1;1;1;;;1;998
2;4;8;18;18087;;3;2;No inventariada;;9;2;2;;;1;1;1;;;1;998
2;6;21;18;18087;;3;2;No inventariada;;9;2;1;1;;3;4;2;;;1;998
2;7;22;18;18087;;3;2;No inventariada;;9;15;2;;;3;4;3;;;1;998
2;2;9;18;18087;;3;2;No inventariada;;9;4;2;;;9;4;7;;;1;998
2;7;7;18;18087;;1;1;A-92G;5,16;5;17;2;;;1;6;1;;;1;1
2;4;8;18;18087;;3;2;No inventariada;;9;7;2;;;1;1;1;;;1;998
2;3;14;18;18087;;3;2;No inventariada;;9;2;2;;;1;1;1;;;1;998
2;7;6;18;18087;;3;2;No inventariada;;9;4;2;;;1;4;1;;;1;998
2;2;10;18;18087;;3;2;No inventariada;;9;4;2;;;1;1;1;;;1;998
2;5;15;18;18087;;3;2;No inventariada;;9;3;1;4;;3;1;7;;;1;998
2;4;13;18;18087;;3;2;No inventariada;;9;14;2;;;3;1;3;;;1;998
2;5;15;18;18087;;1;1;A-395;0,817;3;4;2;;;1;1;2;;;1;1
1;3;12;18;18087;;3;2;No inventariada;;9;4;1;4;;1;1;1;;;1;998
2;1;21;18;18087;;3;2;No inventariada;;9;7;1;1;;1;4;1;;;1;998
2;4;21;18;18087;;3;2;No inventariada;;9;2;1;4;;1;4;1;;;1;998
2;4;21;18;18087;;3;2;No inventariada;;9;2;1;4;;3;4;3;;;1;998
2;5;15;18;18087;;3;2;No inventariada;;9;3;2;;;1;1;1;;;1;998
2;5;16;18;18087;;3;2;No inventariada;;9;3;1;1;;1;1;1;;;1;998
2;1;10;18;18087;;3;2;No inventariada;;9;7;2;;;1;1;1;;;1;998
2;3;16;18;18087;;3;2;No inventariada;;9;7;2;;;1;1;1;;;1;998
2;5;12;18;18087;;3;2;No inventariada;;9;7;2;;;1;1;1;;;1;998
2;1;18;18;18087;;3;2;No inventariada;;9;7;2;;;3;1;2;;;1;998
2;2;15;18;18087;;3;2;No inventariada;;9;2;1;1;;1;1;1;;;1;998
2;2;14;18;18087;;3;2;No inventariada;;9;3;2;;;1;1;1;;;1;998
2;3;15;18;18087;;3;2;No inventariada;;9;18;2;;;1;1;1;;;1;998
3;5;13;18;18087;;1;1;GR-30;13,903;3;5;2;;;1;1;1;;;1;1
3;7;8;18;18087;;1;1;A-395;0,1;3;16;2;;;3;1;3;;;1;2
3;7;22;18;18087;;1;1;A-395;0,1;3;12;2;;;3;4;3;;;1;2
2;3;21;18;18087;;3;2;No inventariada;;9;18;2;;;1;4;1;;;1;998
2;4;8;18;18087;;3;2;No inventariada;;9;18;2;;;1;1;1;;;1;998
2;4;11;18;18087;;3;2;No inventariada;;9;7;1;4;;1;1;1;;;1;998
2;4;17;18;18087;;3;2;No inventariada;;9;7;2;;;1;1;1;;;1;998
3;7;20;18;18087;;3;2;No inventariada;;9;4;2;;;1;4;1;;;1;998
3;1;13;18;18087;;3;2;No inventariada;;9;7;2;;;1;1;1;;;1;998
3;1;15;18;18087;;3;2;No inventariada;;9;14;2;;;1;1;1;;;1;998
3;2;9;18;18087;;3;2;No inventariada;;9;20;2;;;1;1;1;;;1;998
3;2;13;18;18087;;3;2;No inventariada;;9;7;2;;;1;1;1;;;1;998
3;3;14;18;18087;;3;2;No inventariada;;9;7;2;;;1;1;1;;;1;998
3;3;17;18;18087;;3;2;No inventariada;;9;2;2;;;1;1;1;;;1;998
3;4;16;18;18087;;3;2;No inventariada;;9;10;2;;;1;1;1;;;1;998
3;1;0;18;18087;;3;2;No inventariada;;9;4;2;;;3;4;3;;;1;998
3;1;15;18;18087;;3;2;No inventariada;;9;7;2;;;1;1;1;;;1;998
3;1;19;18;18087;;3;2;No inventariada;;9;2;1;4;;1;1;1;;;1;998
3;5;10;18;18087;;1;1;GR-30;13,1;3;14;1;10;;1;1;1;;;1;1
3;1;21;18;18087;;3;2;No inventariada;;9;7;2;;;1;4;1;;;1;998
3;4;12;18;18087;;3;2;No inventariada;;9;2;1;4;;1;1;1;;;1;998
3;5;9;18;18087;;3;2;No inventariada;;9;7;2;;;1;1;1;;;1;998
3;5;12;18;18087;;3;2;No inventariada;;9;4;2;;;1;1;1;;;1;998
3;6;14;18;18087;;3;2;No inventariada;;9;3;1;1;;1;1;1;;;1;998
3;6;17;18;18087;;3;2;No inventariada;;9;2;1;4;;1;1;1;;;1;998
3;6;20;18;18087;;3;2;No inventariada;;9;2;1;4;;1;4;1;;;1;998
3;1;14;18;18087;;3;2;No inventariada;;9;3;2;;;1;1;1;;;1;998
3;3;16;18;18087;;3;2;No inventariada;;9;2;1;4;;9;1;1;;;1;998
3;2;12;18;18087;;1;1;GR-30;14,625;3;4;2;;;3;1;4;;;5;1
3;1;17;18;18087;;3;2;No inventariada;;9;3;2;;;1;1;1;;;1;998
3;4;8;18;18087;;3;2;No inventariada;;9;2;1;1;;1;1;1;;;1;998
3;6;4;18;18087;;3;2;No inventariada;;9;16;1;4;;1;4;4;;;1;998
3;4;17;18;18087;;3;2;No inventariada;;9;2;1;4;;1;1;1;;;1;998
3;5;10;18;18087;;3;2;No inventariada;;9;18;2;;;1;1;2;;;1;998
3;7;21;18;18087;;3;2;No inventariada;;9;2;1;1;;1;4;1;;;1;998
3;5;14;18;18087;;3;2;No inventariada;;9;15;2;;;1;1;1;;;1;998
3;5;16;18;18087;;3;2;No inventariada;;9;4;2;;;1;1;1;;;1;998
3;7;2;18;18087;;3;2;No inventariada;;9;4;2;;;1;4;1;;;1;998
3;7;11;18;18087;;3;2;No inventariada;;9;4;2;;;1;1;1;;;1;998
3;7;16;18;18087;;3;2;No inventariada;;9;2;1;4;;1;1;1;;;1;998
3;7;22;18;18087;;3;2;No inventariada;;9;2;1;1;;3;4;1;;;1;998
3;3;7;18;18087;;3;2;No inventariada;;9;20;2;;;3;1;3;;;1;998
3;5;14;18;18087;;3;2;No inventariada;;9;2;1;4;;1;1;1;;;1;998
3;5;20;18;18087;;3;2;No inventariada;;9;2;2;;;1;4;2;;;1;998
4;3;22;18;18087;;3;2;No inventariada;;9;16;1;2;;1;4;1;;;1;998
4;6;13;18;18087;;1;1;GR-30;14,5;3;5;2;;;1;1;1;;;1;1
3;3;1;18;18087;;3;2;No inventariada;;9;7;1;1;;4;4;4;;;1;998
4;2;8;18;18087;;1;1;GR-30;14,5;3;5;2;;;1;1;1;;;1;1
4;1;5;18;18087;;3;2;No inventariada;;9;2;1;4;;1;4;1;;;1;998
4;3;9;18;18087;;3;2;No inventariada;;9;16;2;;;1;1;1;;;1;998
4;4;16;18;18087;;3;2;No inventariada;;9;2;2;;;1;1;1;;;1;998
4;7;13;18;18087;;3;2;No inventariada;;9;4;2;;;1;1;1;;;1;998
4;1;16;18;18087;;3;2;No inventariada;;9;16;2;;;1;1;1;;;1;998
4;2;18;18;18087;;3;2;No inventariada;;9;7;2;;;1;1;1;;;1;998
4;6;22;18;18087;;1;1;GR-30;9,1;3;4;1;10;A-92G;1;4;1;;;1;1
4;7;20;18;18021;;1;1;GR-30;16,503;3;12;2;;;1;1;1;;;1;2
3;5;16;18;18087;;3;2;No inventariada;;9;4;2;;;3;1;3;;;1;998
4;1;16;18;18087;;3;2;No inventariada;;9;2;1;4;;1;1;1;;;1;998
4;2;8;18;18087;;3;2;No inventariada;;9;18;1;4;;1;1;1;;;1;998
4;3;7;18;18087;;3;2;No inventariada;;9;2;1;1;;1;4;1;;;1;998
4;4;8;18;18087;;3;2;No inventariada;;9;2;1;4;;1;1;1;;;1;998
4;7;17;18;18087;;3;2;No inventariada;;9;2;1;4;;1;1;1;;;1;998
4;5;21;18;18087;;1;1;GR-30;13,692;3;4;2;;;1;4;1;;;1;1
3;6;12;18;18087;;3;2;No inventariada;;9;4;1;4;;9;1;7;;;1;998
3;4;21;18;18087;;3;2;No inventariada;;9;4;2;;;1;4;1;;;1;998
3;6;17;18;18087;;3;2;No inventariada;;9;2;1;4;;1;1;1;;;1;998
4;4;17;18;18087;;3;2;No inventariada;;9;4;2;;;1;1;1;;;1;998
4;5;13;18;18087;;3;2;No inventariada;;9;2;2;;;1;1;7;;;1;998
4;3;19;18;18087;;3;2;No inventariada;;9;3;2;;;1;1;1;;;1;998
4;6;18;18;18087;;3;2;No inventariada;;9;7;2;;;9;1;7;;;18;998
4;1;8;18;18087;;3;2;No inventariada;;9;2;1;4;;1;1;1;;;1;998
4;1;10;18;18087;;3;2;No inventariada;;9;2;2;;;1;1;1;;;1;998
4;6;0;18;18087;;3;2;No inventariada;;9;18;2;;;1;4;7;;;1;998
4;4;0;18;18087;;3;2;No inventariada;;9;2;1;5;;1;4;1;;;1;998
4;3;14;18;18087;;3;2;No inventariada;;9;1;2;;;1;1;1;;;1;998
4;4;8;18;18087;;3;2;No inventariada;;9;4;1;4;;1;1;7;;;1;998
4;5;15;18;18087;;1;1;GR-30;12,422;3;4;2;;;1;1;1;;;1;1
4;4;19;18;18087;;3;2;No inventariada;;9;4;2;;;1;1;1;;;1;998
4;7;11;18;18087;;3;2;No inventariada;;9;2;1;1;;1;1;1;;;1;998
4;1;5;18;18087;;3;2;No inventariada;;9;18;1;4;;7;4;1;;;1;998
4;2;22;18;18087;;3;2;No inventariada;;9;3;1;1;;1;4;1;;;1;998
4;5;8;18;18087;;3;2;No inventariada;;9;2;2;;;1;1;1;;;1;998
4;5;11;18;18087;;3;2;No inventariada;;9;4;1;1;;1;1;1;;;1;998
4;5;15;18;18087;;3;2;No inventariada;;9;2;1;1;;1;1;1;;;1;998
4;6;17;18;18087;;3;2;No inventariada;;9;12;2;;;3;1;2;;;1;998
4;1;14;18;18087;;3;2;No inventariada;;9;2;1;4;;3;1;1;;;1;998
3;7;14;18;18087;;3;2;No inventariada;;9;7;2;;;9;1;7;;;1;998
4;1;13;18;18087;;3;2;No inventariada;;9;2;1;1;;1;1;1;;;1;998
5;2;13;18;18087;;3;2;No inventariada;;9;2;1;1;;1;1;1;;;1;998
5;3;14;18;18087;;3;2;No inventariada;;9;2;2;;;1;1;1;;;1;998
5;3;11;18;18087;;3;2;No inventariada;;9;7;2;;;1;1;1;;;1;998
5;3;10;18;18087;;3;2;No inventariada;;9;3;2;;;1;1;1;;;18;998
5;5;23;18;18087;;3;2;No inventariada;;7;2;1;2;;1;4;1;;;1;998
4;7;22;18;18087;;3;2;No inventariada;;9;2;1;1;;1;4;1;;;12;998
5;3;15;18;18087;;3;2;No inventariada;;9;3;2;;;1;1;1;;;1;998
5;3;16;18;18087;;3;2;No inventariada;;9;7;2;;;1;1;1;;;1;998
5;2;0;18;18087;;3;2;No inventariada;;9;19;2;;;1;3;1;;;1;998
5;6;7;18;18087;;3;2;No inventariada;;9;7;1;2;;1;1;1;;;1;998
5;6;9;18;18087;;3;2;No inventariada;;14;2;2;;;1;1;1;;;1;998
5;1;9;18;18087;;3;2;No inventariada;;9;4;2;;;1;1;1;;;1;998
4;1;10;18;18087;;3;2;No inventariada;;9;2;1;1;;1;1;1;;;1;998
4;1;17;18;18087;;3;2;No inventariada;;9;2;1;1;;1;1;1;;;18;998
4;1;14;18;18087;;3;2;No inventariada;;9;10;2;;;1;1;2;;;1;998
5;6;7;18;18087;;3;2;No inventariada;;9;7;1;999;;1;1;1;;;999;998
5;6;12;18;18087;;3;2;No inventariada;;9;3;1;2;;1;1;1;;;1;998
5;5;13;18;18087;;3;2;No inventariada;;9;7;2;;;1;1;1;;;18;998
4;2;14;18;18087;;3;2;No inventariada;;9;2;1;2;;1;1;1;;;1;998
4;2;17;18;18087;;3;2;No inventariada;;9;2;2;;;1;1;1;;;1;998
4;2;16;18;18087;;3;2;No inventariada;;9;10;1;2;;8;1;1;;;1;998
4;2;18;18;18087;;3;2;No inventariada;;9;16;2;;;1;1;1;;;1;998
5;2;18;18;18087;;3;2;No inventariada;;9;2;1;4;;1;1;1;;;1;998
5;1;19;18;18087;;3;2;No inventariada;;9;9;1;1;;1;1;1;;;1;998
5;2;20;18;18087;;3;2;No inventariada;;9;2;1;4;;1;2;1;;;1;998
5;5;22;18;18087;;3;2;No inventariada;;9;7;2;;;1;4;1;;;2;998
5;1;19;18;18087;;1;1;GR-30;11,5;3;4;2;;;1;1;1;;;1;1
5;2;11;18;18087;;3;2;No inventariada;;9;19;1;1;;1;1;1;;;1;998
4;3;10;18;18087;;3;2;No inventariada;;9;2;1;4;;1;1;1;;;1;998
5;2;19;18;18087;;3;2;No inventariada;;9;10;2;;;1;1;1;;;1;998
4;7;6;18;18087;;3;2;No inventariada;;9;3;1;1;;1;4;1;;;1;998
4;2;20;18;18087;;3;2;No inventariada;;9;2;1;4;;1;1;1;;;1;998
4;3;21;18;18087;;3;2;No inventariada;;9;2;2;;;1;2;1;;;1;998
4;4;17;18;18087;;3;2;No inventariada;;9;7;1;1;;1;1;1;;;1;998
4;5;21;18;18087;;3;2;No inventariada;;9;7;1;2;;1;2;1;;;1;998
5;5;7;18;18087;;3;2;No inventariada;;9;2;2;;;1;1;1;;;18;998
5;5;14;18;18087;;1;1;GR-30;13,595;3;3;2;;;1;1;1;;;1;1
5;2;17;18;18087;;3;2;No inventariada;;9;7;2;;;1;1;1;;;11;998
5;5;8;18;18087;;3;2;No inventariada;;9;2;2;;;1;1;1;;;1;998
5;2;2;18;18087;;1;1;A-92G;6,52;5;5;2;;;1;6;1;;;1;1
5;3;14;18;18087;;1;1;A-4028;0,029;6;2;1;4;A-4028;1;1;1;;;1;4
5;3;9;18;18087;;3;2;No inventariada;;9;10;1;4;;1;1;1;;;1;998
5;3;10;18;18087;;3;2;No inventariada;;9;7;2;;;1;1;1;;;1;998
6;1;9;18;18087;;1;1;A-92G;8,3;5;4;2;;;1;1;1;;;1;1
6;1;9;18;18087;;1;1;GR-30;9,351;3;4;2;;;1;1;1;;;1;1
6;1;22;18;18087;;3;2;No inventariada;;9;2;1;4;;1;4;1;;;1;998
5;4;17;18;18087;;3;2;No inventariada;;9;3;1;1;;1;1;1;;;1;998
6;3;23;18;18087;;3;2;No inventariada;;9;10;1;4;;1;4;1;;;1;998
6;2;11;18;18087;;3;2;No inventariada;;9;4;2;;;1;1;1;;;1;998
6;2;12;18;18087;;3;2;No inventariada;;9;3;1;1;;1;1;1;;;1;998
6;2;12;18;18087;;3;2;No inventariada;;9;2;1;1;;1;1;1;;;1;998
6;4;16;18;18087;;3;2;No inventariada;;9;2;1;4;;1;1;1;;;1;998
5;4;20;18;18087;;3;2;No inventariada;;9;2;1;2;;1;1;1;;;1;998
6;7;1;18;18087;;3;2;No inventariada;;9;2;1;4;;1;4;1;;;1;998
5;4;13;18;18087;;3;2;No inventariada;;9;2;1;2;;1;1;1;;;1;998
5;7;21;18;18087;;3;2;No inventariada;;9;16;1;4;;1;5;1;;;1;998
6;5;9;18;18087;;3;2;No inventariada;;9;19;2;;;1;1;1;;;1;998
5;1;22;18;18087;;3;2;No inventariada;;9;1;2;;;1;4;1;;;1;998
5;6;20;18;18087;;3;2;No inventariada;;9;20;2;;;1;1;1;;;1;998
5;4;7;18;18087;;3;2;No inventariada;;9;1;2;;;1;1;1;;;1;998
6;1;21;18;18087;;3;2;No inventariada;;9;2;2;;;1;1;1;;;1;998
6;2;12;18;18087;;1;1;GR-30;14,1;3;4;2;;;1;1;1;;;1;1
6;1;13;18;18087;;3;2;No inventariada;;9;4;2;;;1;1;1;;;1;998
6;4;21;18;18087;;3;2;No inventariada;;9;2;1;4;;1;1;1;;;1;998
6;5;15;18;18087;;3;2;No inventariada;;9;10;2;;;1;1;1;;;9;998
5;6;19;18;18087;;3;2;No inventariada;;9;7;1;2;;1;1;1;;;9;998
5;4;10;18;18087;;3;2;No inventariada;;9;3;1;2;;1;1;1;;;1;998
5;7;22;18;18087;;3;2;No inventariada;;9;16;2;;;1;4;1;;;1;998
5;3;12;18;18087;;3;2;No inventariada;;9;10;1;2;;1;1;1;;;9;998
6;4;12;18;18087;;3;2;No inventariada;;13;15;2;;;1;1;1;;;1;998
6;4;16;18;18087;;3;2;No inventariada;;9;4;1;4;;1;1;1;;;1;998
5;4;19;18;18087;;3;2;No inventariada;;9;7;2;;;1;1;1;;;1;998
6;5;21;18;18087;;1;1;A-92G;5,149;5;15;2;;;1;1;1;;;6;3
6;5;22;18;18087;;3;2;No inventariada;;9;12;1;4;;1;4;1;;;1;998
6;2;23;18;18087;;3;2;No inventariada;;9;7;2;;;1;4;1;;;1;998
6;2;16;18;18087;;1;1;A-395;1,59;3;4;2;;;1;1;1;;;1;1
6;2;16;18;18087;;1;1;A-395;1,8;3;3;1;10;;1;1;1;;;1;1
5;4;14;18;18087;;3;2;No inventariada;;9;2;1;4;;1;1;1;;;1;998
5;3;10;18;18087;;3;2;No inventariada;;9;7;1;1;;1;1;1;;;6;998
6;5;21;18;18087;;3;2;No inventariada;;9;2;1;1;;1;1;1;;;1;998
5;3;9;18;18087;;3;2;No inventariada;;9;7;2;;;1;1;1;;;1;998
6;5;14;18;18087;;1;1;GR-30;13,605;3;4;2;;;1;1;2;;;1;1
7;1;9;18;18087;;3;2;No inventariada;;9;10;2;;;7;1;1;;;1;998
6;7;14;18;18087;;3;2;No inventariada;;9;7;2;;;1;1;1;;;1;998
7;3;20;18;18087;;3;2;No inventariada;;9;7;1;1;;1;1;1;;;1;998
7;5;20;18;18087;;1;1;A-4028;0,36;6;2;2;;;1;1;1;;;1;3
7;5;20;18;18087;;3;2;No inventariada;;9;10;1;1;;1;1;1;;;1;998
7;7;10;18;18087;;3;2;No inventariada;;9;16;2;;;1;1;1;;;1;998
7;5;12;18;18087;;3;2;No inventariada;;9;2;1;4;;1;1;1;;;1;998
5;4;10;18;18087;;3;2;No inventariada;;9;7;2;;;1;1;1;;;9;998
5;1;10;18;18087;;3;2;No inventariada;;9;7;1;1;;1;1;1;;;1;998
5;2;14;18;18087;;3;2;No inventariada;;9;3;1;1;;1;1;1;;;3;998
7;2;13;18;18087;;1;1;GR-30;12,666;3;3;2;;;1;1;1;;;1;1
5;3;23;18;18087;;3;2;No inventariada;;9;4;2;;;1;3;1;;;1;998
7;6;5;18;18087;;3;2;No inventariada;;9;3;1;1;;1;3;1;;;1;998
7;5;15;18;18087;;1;1;GR-30;8,57;3;16;2;;;1;1;1;;;1;1
7;3;13;18;18087;;3;2;No inventariada;;9;10;2;;;1;1;1;;;1;998
7;4;20;18;18087;;3;2;No inventariada;;9;1;1;1;;1;1;1;;;1;998
7;6;1;18;18087;;3;2;No inventariada;;9;4;1;1;;1;4;1;;;1;998
6;2;9;18;18087;;3;2;No inventariada;;9;7;2;;;1;1;1;;;1;998
6;2;12;18;18087;;3;2;No inventariada;;9;7;1;2;;1;1;1;;;1;998
6;2;21;18;18087;;3;2;No inventariada;;9;1;1;1;;1;1;1;;;1;998
7;2;20;18;18087;;3;2;No inventariada;;9;2;1;4;;1;1;1;;;9;998
7;7;17;18;18087;;3;2;No inventariada;;9;3;1;1;;1;1;1;;;2;998
7;1;14;18;18087;;3;2;No inventariada;;9;2;1;4;;1;1;1;;;9;998
7;1;17;18;18087;;3;2;No inventariada;;9;10;1;4;;7;1;1;;;1;998
7;2;8;18;18087;;3;2;No inventariada;;9;7;1;1;;1;1;1;;;1;998
7;2;12;18;18087;;3;2;No inventariada;;9;7;1;1;;1;1;1;;;1;998
5;2;9;18;18087;;3;2;No inventariada;;9;1;1;2;;1;1;1;;;1;998
5;3;18;18;18087;;3;2;No inventariada;;9;7;2;;;1;1;1;;;1;998
6;3;17;18;18087;;3;2;No inventariada;;9;2;2;;;1;1;1;;;1;998
7;3;7;18;18087;;3;2;No inventariada;;9;2;1;4;;1;1;1;;;1;998
6;3;18;18;18087;;3;2;No inventariada;;9;7;2;;;1;1;1;;;1;998
5;6;13;18;18087;;3;2;No inventariada;;9;7;2;;;1;1;1;;;1;998
6;2;16;18;18087;;3;2;No inventariada;;9;2;2;;;1;1;1;;;1;998
7;6;15;18;18087;;3;2;No inventariada;;9;3;2;;;1;1;1;;;2;998
7;2;19;18;18087;;3;2;No inventariada;;9;2;1;1;;1;1;1;;;1;998
7;4;17;18;18087;;1;1;GR-30;8,401;3;5;2;;;1;1;1;;;1;1