MES;DIA_SEMANA;HORA;COD_PROVINCIA;COD_MUNICIPIO;ISLA;ZONA;ZONA_AGRUPADA;CARRETERA;KM;TIPO_VIA;TIPO_ACCIDENTE;NUDO;NUDO_INFO;CARRETERA_CRUCE;CONDICION_FIRME;CONDICION_ILUMINACION;CONDICION_METEO;CONDICION_NIEBLA;CONDICION_VIENTO;VISIB_RESTRINGIDA_POR;TRAZADO_PLANTA
7;5;14;18;18087;;3;2;No inventariada;;9;2;1;2;;1;1;1;1;;18;998
7;6;15;18;18087;;1;1;GR-30;12,9;3;3;2;;;1;1;1;;;1;1
7;3;8;18;18087;;3;2;No inventariada;;9;7;1;2;;1;1;1;;;9;998
5;7;17;18;18087;;3;2;No inventariada;;9;2;1;2;;1;1;1;;;1;998
7;1;17;18;18087;;3;2;No inventariada;;9;2;1;1;;1;1;1;;;1;998
7;4;11;18;18087;;3;2;No inventariada;;9;10;1;1;;1;1;1;;;9;998
6;4;2;18;18087;;3;2;No inventariada;;9;3;1;1;;1;4;1;;;1;998
7;1;12;18;18087;;3;2;No inventariada;;9;1;2;;;1;4;1;;;4;998
7;2;12;18;18087;;3;2;No inventariada;;9;7;2;;;1;1;1;;;1;998
6;6;9;18;18087;;3;2;No inventariada;;9;2;1;1;;1;1;1;;;1;998
8;4;21;18;18087;;3;2;No inventariada;;14;7;2;;;1;4;1;;;1;998
8;5;3;18;18087;;3;2;No inventariada;;9;19;2;;;1;4;1;;;1;998
7;3;2;18;18087;;3;2;No inventariada;;9;10;1;4;;1;4;1;;;1;998
8;7;14;18;18087;;3;2;No inventariada;;9;2;1;2;;1;1;1;;;1;998
6;6;18;18;18087;;3;2;No inventariada;;9;15;2;;;1;1;1;;;1;998
8;7;12;18;18087;;3;2;No inventariada;;9;2;2;;;1;1;1;;;1;998
8;4;9;18;18087;;1;1;GR-3303;1,8;6;2;1;4;GR-3305;1;1;1;;;1;2
8;3;18;18;18087;;3;2;No inventariada;;9;2;1;1;;1;1;1;;;1;998
8;5;7;18;18087;;3;2;No inventariada;;9;20;1;1;;8;1;1;;;1;998
8;1;0;18;18087;;3;2;No inventariada;;9;16;1;2;;1;4;1;;;1;998
8;1;2;18;18087;;3;2;No inventariada;;9;10;2;;;1;4;1;;;1;998
5;3;14;18;18087;;3;2;No inventariada;;9;19;2;;;7;1;1;;;1;998
5;2;8;18;18087;;3;2;No inventariada;;9;7;2;;;1;1;1;;;1;998
8;3;16;18;18087;;1;1;GR-30;10,5;3;14;2;;;1;1;1;;;1;1
8;1;7;18;18087;;3;2;No inventariada;;9;2;1;2;;1;3;1;;;17;998
8;3;12;18;18087;;3;2;No inventariada;;9;4;1;4;;1;1;1;;;1;998
8;2;14;18;18087;;3;2;No inventariada;;9;2;1;4;;1;1;1;;;1;998
8;4;14;18;18087;;3;2;No inventariada;;9;2;1;1;;1;1;1;;;1;998
8;5;6;18;18087;;1;1;GR-3209;0,4;6;1;2;;;1;5;1;;;1;1
8;4;20;18;18087;;3;2;No inventariada;;9;3;1;1;;1;1;1;;;1;998
8;5;22;18;18087;;3;2;No inventariada;;9;10;1;1;;1;3;1;;;1;998
8;4;16;18;18087;;3;2;No inventariada;;9;2;1;1;;1;1;1;;;18;998
8;7;18;18;18087;;3;2;No inventariada;;9;2;1;7;;1;1;1;1;;18;998
6;3;19;18;18087;;3;2;No inventariada;;9;2;1;6;;1;1;1;;;1;998
8;4;10;18;18087;;3;2;No inventariada;;9;;;;;999;999;999;;;999;998
8;2;14;18;18087;;3;2;No inventariada;;9;2;1;1;;1;1;1;;;2;998
8;4;12;18;18087;;1;1;GR-30;10,136;3;3;2;;;1;1;1;;;1;1
8;5;2;18;18087;;3;2;No inventariada;;9;19;2;;;1;4;1;;;1;998
8;4;21;18;18087;;3;2;No inventariada;;9;10;2;;;8;4;1;;;1;998
8;6;14;18;18087;;3;2;No inventariada;;9;2;1;1;;1;1;1;1;;1;998
8;5;9;18;18087;;3;2;No inventariada;;9;9;1;2;;1;1;1;;;1;998
8;5;11;18;18087;;3;2;No inventariada;;9;2;1;1;;1;1;1;;;1;998
6;1;21;18;18087;;3;2;No inventariada;;9;2;1;1;;1;1;1;;;1;998
7;3;14;18;18087;;3;2;No inventariada;;9;4;2;;;1;1;1;;;1;998
7;4;18;18;18087;;3;2;No inventariada;;9;10;1;4;;1;1;1;;;18;998
7;2;17;18;18087;;3;2;No inventariada;;9;4;2;;;1;1;1;;;18;998
7;6;6;18;18087;;3;2;No inventariada;;9;16;1;4;;1;4;1;;;18;998
7;7;20;18;18087;;3;2;No inventariada;;9;20;1;4;;1;1;1;;;18;998
6;6;18;18;18087;;3;2;No inventariada;;9;4;1;4;;1;1;1;;;18;998
9;2;19;18;18087;;3;2;No inventariada;;9;3;1;4;;1;1;1;;;1;998
8;1;8;18;18087;;3;2;No inventariada;;9;1;1;1;;1;2;1;;;1;998
9;4;3;18;18087;;3;2;No inventariada;;9;2;1;1;;1;4;1;;;1;998
9;1;17;18;18087;;3;2;No inventariada;;9;2;1;1;;1;1;1;;;1;998
9;2;13;18;18087;;3;2;No inventariada;;9;4;2;;;1;1;1;;;1;998
9;1;17;18;18087;;3;2;No inventariada;;9;2;2;;;1;1;1;;;1;998
9;7;11;18;18087;;3;2;No inventariada;;9;2;1;2;;1;1;1;;;1;998
9;4;21;18;18087;;3;2;No inventariada;;9;2;2;;;1;4;1;;;1;998
9;5;23;18;18087;;3;2;No inventariada;;9;4;2;;;1;4;1;;;1;998
9;6;14;18;18087;;3;2;No inventariada;;9;3;1;4;;1;1;1;;;1;998
9;6;21;18;18087;;3;2;No inventariada;;9;2;1;4;;3;2;4;;;1;998
6;4;19;18;18087;;3;2;No inventariada;;9;2;2;;;1;2;1;;;6;998
9;5;20;18;18087;;1;1;GR-30;15;3;4;2;;;1;4;1;;;1;4
9;5;22;18;18087;;3;2;No inventariada;;9;7;1;2;;1;5;1;;;1;998
9;3;11;18;18087;;3;2;No inventariada;;9;2;1;4;;1;1;1;;;1;998
9;5;15;18;18087;;3;2;No inventariada;;9;2;1;4;;1;1;1;;;1;998
9;5;0;18;18087;;3;2;No inventariada;;9;10;1;4;;1;4;1;;;1;998
9;5;13;18;18087;;3;2;No inventariada;;9;2;1;4;;1;1;1;;;18;998
9;2;18;18;18087;;3;2;No inventariada;;9;2;1;1;;1;1;1;;;2;998
9;2;13;18;18087;;3;2;No inventariada;;9;2;2;;;1;1;1;;;18;998
9;5;16;18;18087;;3;2;No inventariada;;9;19;1;2;;1;1;1;;;9;998
9;3;0;18;18087;;3;2;No inventariada;;9;10;1;1;;1;4;1;;;18;998
9;5;9;18;18087;;3;2;No inventariada;;9;10;2;;;7;1;1;;;1;998
9;7;23;18;18087;;3;2;No inventariada;;9;4;2;;;1;4;1;;;1;998
9;6;4;18;18087;;3;2;No inventariada;;9;2;1;1;;1;4;7;;;1;998
9;2;8;18;18087;;3;2;No inventariada;;9;3;2;;;1;1;1;;;1;998
9;2;8;18;18087;;3;2;No inventariada;;9;4;1;1;;1;1;1;;;1;998
9;3;9;18;18087;;3;2;No inventariada;;9;2;1;4;;1;1;1;;;1;998
9;4;8;18;18087;;3;2;No inventariada;;9;2;2;;;1;1;1;;;1;998
9;4;11;18;18087;;3;2;No inventariada;;9;10;2;;;7;1;1;;;1;998
9;5;14;18;18087;;3;2;No inventariada;;9;10;2;;;1;1;1;;;1;998
9;6;14;18;18087;;3;2;No inventariada;;9;9;2;;;1;1;1;;;1;998
9;1;11;18;18087;;3;2;No inventariada;;9;7;1;4;;1;1;1;;;1;998
10;6;22;18;18087;;1;1;GR-30;9,944;3;4;2;;;1;4;1;;;1;1
9;5;13;18;18087;;3;2;No inventariada;;9;4;1;4;;1;1;1;;;1;998
9;1;7;18;18087;;3;2;No inventariada;;9;9;1;4;;1;3;1;;;1;998
10;3;7;18;18087;;1;1;A-92G;7,188;5;5;2;;;1;2;1;;;1;1
7;7;15;18;18087;;3;2;No inventariada;;9;10;2;;;1;1;1;;;18;998
9;2;14;18;18087;;3;2;No inventariada;;9;3;2;;;1;1;1;;;1;998
9;2;14;18;18087;;3;2;No inventariada;;9;3;2;;;1;1;1;;;1;998
10;2;15;18;18087;;3;2;No inventariada;;9;3;1;1;;1;1;1;;;18;998
10;3;21;18;18087;;3;2;No inventariada;;9;10;2;;;1;4;1;;;1;998
10;4;12;18;18087;;3;2;No inventariada;;9;2;1;2;;1;1;1;;;1;998
10;4;15;18;18087;;3;2;No inventariada;;9;4;2;;;8;1;1;;;1;998
10;3;11;18;18087;;3;2;No inventariada;;9;20;2;;;1;1;1;;;18;998
10;4;19;18;18087;;3;2;No inventariada;;9;2;1;4;;1;1;1;;;1;998
10;5;14;18;18087;;3;2;No inventariada;;9;10;2;;;1;1;1;;;1;998
10;5;18;18;18087;;3;2;No inventariada;;9;7;2;;;1;1;1;;;1;998
10;5;21;18;18087;;3;2;No inventariada;;9;2;1;1;;1;4;7;;;1;998
10;6;10;18;18087;;3;2;No inventariada;;9;4;2;;;1;1;7;;;1;998
10;7;13;18;18087;;3;2;No inventariada;;9;2;2;;;1;1;1;;;1;998
10;1;9;18;18087;;3;2;No inventariada;;9;3;2;;;1;1;1;;;1;998
10;2;14;18;18087;;3;2;No inventariada;;9;2;1;2;;1;1;1;;;1;998
10;3;19;18;18087;;3;2;No inventariada;;9;10;1;4;;3;3;3;;;1;998
10;3;10;18;18087;;3;2;No inventariada;;9;10;1;4;;1;1;1;;;1;998
10;2;8;18;18087;;3;2;No inventariada;;9;10;1;2;;1;1;7;;;18;998
10;4;16;18;18087;;3;2;No inventariada;;9;10;2;;;1;1;1;;;1;998
10;7;13;18;18087;;3;2;No inventariada;;9;9;2;;;1;1;1;;;1;998
10;1;21;18;18087;;3;2;No inventariada;;9;10;2;;;1;4;1;;;1;998
10;2;14;18;18087;;3;2;No inventariada;;9;2;2;;;1;1;1;;;1;998
10;5;7;18;18087;;1;1;GR-30;10,074;3;4;2;;;1;6;1;;;1;1
10;3;0;18;18087;;3;2;No inventariada;;9;2;1;1;;1;4;1;;;1;998
10;3;22;18;18087;;3;2;No inventariada;;9;2;2;;;1;4;1;;;1;998
10;4;8;18;18087;;3;2;No inventariada;;9;2;2;;;3;1;1;;;1;998
10;4;11;18;18087;;3;2;No inventariada;;9;2;1;1;;3;1;2;;;1;998
10;5;14;18;18087;;3;2;No inventariada;;9;2;1;2;;1;1;1;;;1;998
10;5;17;18;18087;;3;2;No inventariada;;9;2;1;4;;1;1;2;;;1;998
10;5;16;18;18087;;3;2;No inventariada;;9;3;2;;;1;1;1;;;1;998
10;6;10;18;18087;;3;2;No inventariada;;9;2;1;4;;1;1;1;;;1;998
10;6;12;18;18087;;3;2;No inventariada;;9;2;1;4;;1;1;1;;;1;998
10;7;1;18;18087;;3;2;No inventariada;;9;19;2;;;1;4;1;;;1;998
10;1;14;18;18087;;3;2;No inventariada;;9;2;1;4;;1;1;7;;;1;998
10;2;14;18;18087;;3;2;No inventariada;;9;3;1;1;;1;1;1;;;1;998
10;2;13;18;18087;;3;2;No inventariada;;9;2;1;1;;1;1;1;;;1;998
10;3;11;18;18087;;3;2;No inventariada;;9;2;2;;;1;1;7;;;1;998
10;4;17;18;18087;;3;2;No inventariada;;9;2;1;4;;1;1;1;;;1;998
10;5;3;18;18087;;3;2;No inventariada;;9;2;1;1;;1;4;1;;;1;998
10;5;18;18;18087;;3;2;No inventariada;;9;2;1;1;;1;1;1;;;1;998
10;5;11;18;18087;;3;2;No inventariada;;9;19;2;;;1;1;1;;;1;998
10;1;7;18;18087;;3;2;No inventariada;;9;2;1;1;;1;3;1;;;1;998
10;1;9;18;18087;;3;2;No inventariada;;9;7;2;;;1;1;1;;;1;998
9;3;20;18;18087;;3;2;No inventariada;;9;4;2;;;1;4;1;;;1;998
10;4;22;18;18087;;3;2;No inventariada;;9;2;1;2;;1;4;1;;;12;998
11;5;23;18;18087;;3;2;No inventariada;;9;3;2;;;1;4;7;;;1;998
11;5;12;18;18087;;3;2;No inventariada;;9;6;2;;;1;1;1;;;1;998
11;7;5;18;18087;;3;2;No inventariada;;9;4;2;;;1;5;1;;;1;998
11;1;10;18;18087;;3;2;No inventariada;;9;9;1;2;;1;1;1;;;1;998
11;1;14;18;18087;;3;2;No inventariada;;9;7;2;;;1;1;1;;;18;998
9;2;11;18;18087;;3;2;No inventariada;;9;2;1;4;;1;1;1;;;1;998
9;2;7;18;18087;;3;2;No inventariada;;9;3;2;;;1;3;1;;;1;998
9;2;19;18;18087;;3;2;No inventariada;;9;7;2;;;1;3;1;;;1;998
11;1;15;18;18087;;3;2;No inventariada;;9;10;1;2;;1;1;1;;;9;998
11;1;18;18;18087;;3;2;No inventariada;;9;4;2;;;1;1;1;;;1;998
11;2;14;18;18087;;3;2;No inventariada;;9;9;2;;;1;1;1;;;1;998
10;6;14;18;18087;;3;2;No inventariada;;9;2;1;1;;1;1;1;;;1;998
11;2;14;18;18087;;3;2;No inventariada;;9;7;2;;;1;1;1;;;1;998
11;3;15;18;18087;;1;1;GR-30;14;3;4;2;;;3;1;4;;;1;1
11;4;19;18;18087;;3;2;No inventariada;;9;7;2;;;1;4;1;;;1;998
11;1;19;18;18087;;3;2;No inventariada;;9;16;1;2;;8;3;2;;;18;998
11;6;19;18;18087;;1;1;A-92G;4,95;5;12;2;;;1;6;7;;;18;1
11;4;9;18;18087;;3;2;No inventariada;;9;4;1;4;;1;1;1;;;6;998
11;4;10;18;18087;;3;2;No inventariada;;9;2;1;4;;1;1;1;;;1;998
11;4;10;18;18087;;3;2;No inventariada;;9;2;1;1;;1;1;1;;;1;998
11;4;12;18;18087;;3;2;No inventariada;;9;7;2;;;1;1;1;;;1;998
10;6;18;18;18087;;3;2;No inventariada;;9;7;2;;;1;3;7;;;1;998
11;5;9;18;18087;;3;2;No inventariada;;9;2;1;4;;1;1;1;;;1;998
11;5;14;18;18087;;3;2;No inventariada;;9;7;1;1;;1;1;1;;;1;998
11;5;20;18;18087;;3;2;No inventariada;;9;10;2;;;3;5;1;;;1;998
11;6;9;18;18087;;3;2;No inventariada;;9;2;1;4;;1;1;1;;;1;998
11;1;14;18;18087;;3;2;No inventariada;;9;3;1;1;;1;1;1;;;1;998
11;1;20;18;18087;;3;2;No inventariada;;9;2;1;1;;1;4;7;;;1;998
11;2;7;18;18087;;3;2;No inventariada;;9;7;2;;;1;3;1;;;1;998
11;2;19;18;18087;;3;2;No inventariada;;9;2;1;4;;1;4;1;;;1;998
11;3;12;18;18087;;3;2;No inventariada;;9;2;1;1;;3;1;3;;;1;998
11;2;21;18;18087;;3;2;No inventariada;;9;1;1;2;;1;4;1;;;1;998
10;1;19;18;18087;;3;2;No inventariada;;9;7;2;;;1;4;1;;;1;998
10;1;20;18;18087;;3;2;No inventariada;;9;3;2;;;1;4;1;;;1;998
10;3;22;18;18087;;3;2;No inventariada;;9;2;1;1;;1;4;1;;;1;998
10;2;9;18;18087;;3;2;No inventariada;;9;4;1;4;;3;1;3;;;1;998
11;5;8;18;18087;;3;2;No inventariada;;9;2;1;1;;1;3;2;;;1;998
11;6;18;18;18087;;1;1;GR-3211;0;6;2;2;;;1;3;1;;;1;1
10;2;13;18;18087;;3;2;No inventariada;;9;2;2;;;1;1;1;;;1;998
10;2;20;18;18087;;3;2;No inventariada;;9;2;1;4;;3;4;3;;;1;998
10;3;9;18;18087;;3;2;No inventariada;;9;6;2;;;3;1;3;;;1;998
11;4;20;18;18087;;3;2;No inventariada;;9;7;2;;;1;4;1;;;1;998
11;6;13;18;18087;;3;2;No inventariada;;9;4;1;4;;1;4;1;;;1;998
11;2;10;18;18087;;3;2;No inventariada;;9;4;2;;;1;1;1;;;1;998
11;2;12;18;18087;;3;2;No inventariada;;9;2;1;4;;1;1;1;;;1;998
11;3;12;18;18087;;3;2;No inventariada;;9;2;1;4;;1;1;1;;;1;998
11;3;15;18;18087;;3;2;No inventariada;;9;3;2;;;1;1;1;;;1;998
11;1;7;18;18087;;3;2;No inventariada;;9;2;1;4;;1;4;1;;;1;998
11;4;10;18;18087;;3;2;No inventariada;;9;7;1;1;;1;1;1;;;1;998
11;4;14;18;18087;;3;2;No inventariada;;9;19;1;4;;1;1;1;;;1;998
11;5;14;18;18087;;3;2;No inventariada;;9;2;2;;;1;1;1;;;12;998
11;4;13;18;18087;;3;2;No inventariada;;9;2;1;4;;1;1;1;;;1;998
11;6;12;18;18087;;3;2;No inventariada;;9;10;2;;;1;1;1;;;1;998
11;1;9;18;18087;;3;2;No inventariada;;9;3;1;2;;1;1;2;;;1;998
11;1;18;18;18087;;3;2;No inventariada;;9;2;2;;;3;4;3;;;1;998
11;2;17;18;18087;;3;2;No inventariada;;9;3;2;;;1;1;1;;;1;998
12;3;18;18;18087;;1;1;GR-30;14,523;3;5;2;;;1;4;1;;;1;1
12;4;12;18;18087;;1;1;A-92G;5;5;1;1;12;;1;1;1;;;18;2
12;4;15;18;18087;;1;1;A-395;1,183;3;4;2;;;1;1;1;;;1;1
11;7;14;18;18087;;3;2;No inventariada;;9;2;2;;;1;1;1;;;1;998
12;6;11;18;18087;;3;2;No inventariada;;9;2;1;1;;1;1;1;;;1;998
11;5;19;18;18087;;3;2;No inventariada;;9;19;2;;;9;4;7;;;1;998
11;3;14;18;18087;;3;2;No inventariada;;9;2;1;1;;1;2;1;;;1;998
11;6;3;18;18087;;3;2;No inventariada;;9;2;1;4;;1;4;7;;;1;998
12;7;1;18;18087;;3;2;No inventariada;;9;2;2;;;1;4;1;;;1;998
12;7;20;18;18087;;3;2;No inventariada;;9;2;1;1;;1;4;1;;;1;998
12;1;10;18;18087;;3;2;No inventariada;;9;4;2;;;1;1;1;;;1;998
12;1;21;18;18087;;3;2;No inventariada;;9;3;2;;;1;4;7;;;1;998
12;2;1;18;18087;;3;2;No inventariada;;9;2;1;1;;1;4;7;;;1;998
12;4;17;18;18087;;3;2;No inventariada;;9;2;1;1;;1;1;1;;;1;998
12;4;18;18;18087;;3;2;No inventariada;;9;2;1;1;;1;4;1;;;1;998
12;5;14;18;18087;;3;2;No inventariada;;9;3;1;4;;1;1;1;;;1;998
12;5;22;18;18087;;3;2;No inventariada;;9;2;2;;;1;4;1;;;1;998
12;7;0;18;18087;;3;2;No inventariada;;9;15;2;;;1;4;1;;;1;998
12;7;13;18;18087;;3;2;No inventariada;;9;7;2;;;1;1;1;;;1;998
12;2;14;18;18087;;3;2;No inventariada;;9;2;1;4;;1;1;1;;;1;998
12;3;13;18;18087;;3;2;No inventariada;;9;2;1;4;;1;1;1;;;1;998
12;4;19;18;18087;;1;1;GR-30;14,41;3;4;2;;;1;4;2;;;1;1
12;6;13;18;18087;;1;1;GR-30;9,748;3;4;2;;;1;1;1;;;1;1
12;1;4;18;18087;;3;2;No inventariada;;9;16;2;;;1;4;1;;;1;998
11;6;2;18;0;;1;1;A-323;2;6;18;2;;;1;6;1;;;1;3
3;7;13;18;18089;;1;1;CV-1392;2,7;10;13;2;;;1;1;1;;;1;3
1;4;22;18;18089;;3;2;No inventariada;;9;14;2;;;3;3;3;;;1;998
5;3;10;18;18089;;1;1;A-92N;0,78;3;12;2;;;1;1;1;;;1;3
5;5;18;18;18089;;1;1;A-92N;8,9;3;14;2;;;1;1;1;;;5;2
4;6;12;18;18089;;3;2;No inventariada;;9;2;1;3;;1;1;1;;;18;998
6;1;14;18;18089;;1;1;GR-5104;1,5;6;18;2;;;1;1;1;;;1;2
7;4;15;18;18089;;1;1;GR-5104;1,499;6;15;2;;;1;1;1;;;4;2
8;7;19;18;18089;;1;1;A-92;292,632;3;4;2;;;1;1;1;;;1;1
5;4;20;18;18089;;3;2;No inventariada;;9;3;2;;;1;3;1;;;1;998
10;6;7;18;18089;;1;1;A-92;291,254;3;4;2;;;1;6;1;;;1;1
8;5;9;18;18089;;3;2;No inventariada;;9;7;2;;;1;1;1;;;1;998
8;5;11;18;18089;;3;2;No inventariada;;9;7;1;1;;1;1;1;;;18;998
8;2;15;18;18089;;3;2;No inventariada;;9;3;1;1;;1;1;1;;;1;998
10;2;9;18;18089;;1;1;A-92;300;3;18;2;;;4;1;4;;;5;1
9;3;21;18;18089;;3;2;No inventariada;;9;7;2;;;1;6;1;;;18;998
3;3;15;18;18093;;1;1;A-7;879,05;3;6;2;;;1;1;1;;;1;3
9;6;9;18;0;;1;1;N-340;354,975;6;19;2;;;1;1;1;;;18;2
10;4;15;18;18093;;1;1;A-7;880,859;3;6;2;;;1;1;1;;;1;1
11;2;18;18;18093;;1;1;N-340;348,948;6;10;2;;;1;6;1;;;4;2
12;5;19;18;0;;1;1;GR-5206;17;6;4;2;;;1;6;1;;;1;1
12;6;18;18;18093;;1;1;A-7;875;3;4;2;;;1;2;1;;;1;1
4;1;19;18;0;;1;1;A-4030;3,9;6;13;2;;;1;1;1;;;1;3
7;4;9;18;0;;1;1;CV-1653;1,35;10;17;2;;;1;1;1;;;4;3
8;3;17;18;0;;1;1;A-4025;2,286;6;14;2;;;1;1;1;;;1;2
9;7;7;18;0;;1;1;A-395;19,7;6;20;2;;;1;6;1;;;1;2
10;3;15;18;0;;1;1;A-4030;3,001;6;13;2;;;1;1;1;;;1;3
8;7;21;18;0;;1;1;GR-3424;5,2;6;7;1;1;;1;4;1;;;1;1
4;7;22;18;0;;1;1;A-92;318,87;3;4;2;;;3;6;3;;;1;1
5;5;19;18;0;;1;1;A-92;326,2;3;18;2;;;1;1;1;;;1;2
12;6;9;18;0;;1;1;A-92;324,3;3;16;2;;;1;1;1;;;1;1
7;7;2;18;18098;;1;1;A-330;32,1;6;12;1;2;A-4302;1;6;1;;;1;1
8;7;17;18;18098;;1;1;A-330;32,75;6;16;2;;;1;1;4;;;1;1
10;6;10;18;18098;;1;1;A-4200;40,343;6;18;2;;;1;1;1;;;1;1
12;6;19;18;18098;;1;1;A-330R1;0,1;6;18;2;;;1;6;1;;;4;2
12;6;5;18;18098;;1;1;A-330;35,146;6;14;2;;;1;6;7;;;18;1
4;2;22;18;0;;1;1;A-92;257,375;3;4;2;;;1;6;1;;;1;1
4;4;8;18;0;;1;1;A-92;269;3;19;2;;;1;1;1;;;6;1
5;1;10;18;0;;1;1;A-92;266,985;3;15;2;;;1;1;1;;;1;1
5;2;14;18;0;;1;1;A-92;267,444;3;18;2;;;1;1;1;;;1;1
5;2;15;18;0;;1;1;A-92;267,213;3;3;2;;;1;1;1;;;1;1
6;5;14;18;0;;1;1;A-4004;4,218;6;17;2;;;2;1;1;;;1;3
6;3;18;18;0;;1;1;A-4003;4,5;6;2;2;;;1;1;1;;;1;1
7;2;7;18;0;;1;1;A-92;262,672;3;18;2;;;1;2;1;;;1;1
1;1;15;18;18100;;1;1;GR-4407;7,407;6;1;2;;;1;1;1;;;1;1
1;5;10;18;18100;;3;2;No inventariada;;9;2;1;1;;1;1;1;;;1;998
2;6;13;18;18100;;3;2;No inventariada;;9;2;2;;;1;1;1;;;1;998
2;7;15;18;18100;;3;2;No inventariada;;9;2;1;1;;1;1;1;;;1;998
3;5;16;18;18100;;3;2;No inventariada;;9;2;1;1;;1;1;1;;;1;998
3;7;9;18;18100;;1;1;A-92;205,6;3;20;2;;;3;1;1;;;1;3
3;3;12;18;18100;;1;1;A-92;201,437;3;4;2;;;1;1;2;;;10;1
3;7;17;18;18100;;1;1;GR-4407;2,32;6;3;2;;;1;1;2;;;1;3
3;5;17;18;18100;;3;2;No inventariada;;9;2;1;1;;1;1;1;;;1;998
3;4;13;18;18100;;3;2;No inventariada;;9;2;1;1;;1;1;1;;;1;998
3;6;15;18;18100;;3;2;No inventariada;;9;2;1;2;;1;1;1;;;1;998
5;3;9;18;18100;;1;1;A-92;202,7;3;16;2;;;3;1;3;;;1;1
5;4;10;18;18100;;1;1;GR-4400;1,618;6;2;2;;;1;1;1;;;1;3
4;3;19;18;18100;;3;2;No inventariada;;9;7;2;;;1;1;1;;;2;998
4;4;18;18;18100;;3;2;No inventariada;;9;2;2;;;1;1;1;;;1;998
5;6;14;18;18100;;3;2;No inventariada;;9;2;1;1;;1;1;1;;;1;998
5;1;11;18;18100;;3;2;No inventariada;;9;7;2;;;1;1;1;;;1;998
6;5;19;18;18100;;1;1;CV-1556;0,134;10;18;2;;;1;1;1;;;18;1
6;3;13;18;18100;;3;2;No inventariada;;9;12;1;1;;1;1;1;;;1;998
7;1;18;18;18100;;3;2;No inventariada;;9;4;1;4;;1;1;1;;;1;998
8;4;13;18;18100;;3;2;No inventariada;;9;2;1;2;;1;1;1;;;1;998
8;1;11;18;18100;;3;2;No inventariada;;9;2;1;1;;1;1;1;;;1;998
8;3;22;18;18100;;1;1;A-92;199;3;3;2;;;1;6;1;;;1;1
9;1;21;18;18100;;1;1;GR-4400;1,784;6;12;2;;;1;4;1;;;1;3
9;5;4;18;18100;;1;1;A-92;198,42;3;16;2;;;1;6;1;;;1;3
9;4;20;18;18100;;1;1;A-92;202,576;3;14;2;;;2;6;1;;;4;1
10;1;9;18;18100;;3;2;No inventariada;;9;2;1;1;;1;1;1;;;1;998
10;4;16;18;18100;;3;2;No inventariada;;9;2;1;1;;1;1;1;;;1;998
1;6;8;18;18101;;1;1;GR-3202;1,3;6;2;1;1;;1;1;1;;;1;1
6;7;0;18;18134;;1;1;GR-3202;2,261;6;2;1;4;A-4028;1;4;1;;;1;1
11;6;19;18;18101;;1;1;A-4028;0,809;6;2;2;;;1;5;1;;;1;1
1;5;16;18;18102;;1;1;GR-3401;11,28;6;18;2;;;3;1;2;;;1;3
2;6;4;18;18102;;1;1;A-336;16,5;6;15;2;;;2;6;1;;;1;3
2;7;7;18;18102;;1;1;A-336;12,343;6;18;2;;;3;6;3;;;1;1
3;6;15;18;18102;;1;1;A-336;9,501;6;1;2;;;1;1;1;;;1;3
5;6;7;18;18102;;1;1;N-432;409,509;6;16;2;;;1;6;1;;;1;1
9;2;6;18;18102;;1;1;N-432;410,254;6;4;1;2;GR-3409;1;1;1;;;1;1
9;6;11;18;18102;;1;1;GR-3409;1,797;6;20;2;;;1;1;1;;;1;2
10;4;20;18;18102;;1;1;A-336;8,6;6;4;2;;;1;6;1;;;1;1
10;4;19;18;18102;;1;1;A-336;10,202;6;7;2;;;1;4;1;;;1;1
1;1;18;18;0;;1;1;GR-5300;3,8;6;18;2;;;1;3;1;;;4;3
8;4;13;18;0;;1;1;GR-5300;5,454;6;16;2;;;1;1;1;;;18;2
2;6;12;18;18105;;1;1;A-403;29,8;6;3;2;;;1;1;1;;;1;1
3;5;15;18;18105;;1;1;A-44;93,604;3;16;2;;;3;1;5;;;5;2
4;4;18;18;18105;;1;1;A-44;93,3;3;19;2;;;1;1;1;;;1;3
5;5;7;18;18105;;1;1;GR-3423;10,35;6;2;2;;;1;1;1;;;4;2
5;7;13;18;18105;;1;1;A-308;0,1;6;2;1;1;A-44;1;1;1;;;1;1
6;2;9;18;18105;;1;1;A-44;91,568;3;6;2;;;1;1;1;;;1;1
7;5;20;18;18105;;1;1;A-308;5,8;6;16;2;;;1;1;1;;;1;3
9;5;10;18;18105;;1;1;A-4000;1,5;6;19;2;;;1;1;1;;;1;2
10;3;7;18;18105;;1;1;A-44;89;3;6;1;10;;1;6;1;;;1;3