MES;DIA_SEMANA;HORA;COD_PROVINCIA;COD_MUNICIPIO;ISLA;ZONA;ZONA_AGRUPADA;CARRETERA;KM;TIPO_VIA;TIPO_ACCIDENTE;NUDO;NUDO_INFO;CARRETERA_CRUCE;CONDICION_FIRME;CONDICION_ILUMINACION;CONDICION_METEO;CONDICION_NIEBLA;CONDICION_VIENTO;VISIB_RESTRINGIDA_POR;TRAZADO_PLANTA
12;2;22;18;18105;;1;1;A-308;2,8;6;16;2;;;1;6;1;;;1;1
12;1;18;18;18105;;1;1;A-44;98;3;4;2;;;1;1;1;;;1;1
12;6;13;18;18105;;1;1;A-44;99,9;3;14;2;;;1;1;1;;;1;3
12;7;6;18;18105;;3;2;No inventariada;;9;12;2;;;1;5;1;;;1;998
6;7;17;18;0;;1;1;GR-3302;5,4;6;17;2;;;1;1;1;;;1;2
1;2;10;18;0;;1;1;CV-1636;1,5;10;9;2;;;1;1;1;;;1;1
10;6;18;18;0;;1;1;A-4050;53,4;6;2;2;;;1;1;1;;;4;2
12;5;13;18;0;;1;1;GR-5300;3,605;6;19;2;;;1;1;1;;;1;2
9;1;13;18;0;;1;1;A-4130;19,2;6;16;2;;;1;1;1;;;4;2
1;2;18;18;0;;1;1;A-337;40;6;14;2;;;1;6;1;1;;18;1
6;1;21;18;0;;1;1;A-4102;0,8;6;16;2;;;1;6;1;;;1;2
2;1;5;18;0;;1;1;A-92;221;3;5;1;12;;3;6;3;;;5;1
2;1;5;18;0;;1;1;A-92;221;3;2;2;;;3;2;4;;;1;1
2;5;8;18;0;;3;2;No inventariada;;9;2;1;1;;1;1;1;;;18;998
4;6;16;18;0;;1;1;A-92;223,5;3;18;2;;;4;1;4;;;5;1
5;7;11;18;0;;3;2;No inventariada;;9;2;1;2;;1;1;1;;;2;998
12;5;17;18;0;;1;1;A-92;222,834;3;4;2;;;1;1;1;;;18;1
2;1;6;18;0;;1;1;A-44;171,8;3;3;2;;;3;6;3;;;5;1
2;4;16;18;0;;1;1;A-348;3,3;6;1;2;;;1;1;1;;;1;2
3;3;6;18;0;;1;1;A-348;6,4;6;7;1;1;;1;3;2;;;1;1
1;6;19;18;0;;1;1;N-323a;160;6;3;1;1;;1;4;1;;;1;1
1;2;15;18;0;;1;1;A-44;160;3;4;2;;;1;1;2;;;1;1
3;6;14;18;0;;1;1;A-44;163,4;3;9;2;;;3;1;4;;;5;1
5;3;11;18;0;;1;1;A-44;160,438;3;9;2;;;3;1;4;;;5;3
5;3;19;18;0;;1;1;N-323a;463,85;6;17;2;;;1;1;1;;;1;2
9;2;20;18;0;;1;1;A-44;164,089;3;16;2;;;3;6;3;;;1;2
1;5;6;18;18122;;1;1;A-92;185,7;3;18;2;;;3;6;3;;;1;2
1;7;13;18;18122;;1;1;A-341;4,105;6;12;1;2;;1;1;1;;;1;1
1;2;15;18;18122;;1;1;GR-4407;9,602;6;12;2;;;3;1;2;;;1;1
1;3;3;18;18122;;1;1;A-92;183,051;3;14;2;;;3;6;3;;;1;3
2;7;10;18;18122;;1;1;A-92;185,37;3;18;2;;;3;1;2;;;1;1
2;2;18;18;18122;;1;1;A-92;179,3;3;4;2;;;1;1;1;;;6;1
3;2;18;18;18122;;1;1;GR-4407;6;6;16;2;;;2;1;1;;;1;1
3;7;19;18;18122;;1;1;A-92;183,2;3;18;2;;;3;1;2;;;1;4
2;4;14;18;18122;;3;2;No inventariada;;9;5;1;2;;3;1;4;;;18;998
4;5;7;18;18122;;1;1;A-92;193;3;7;2;;;1;6;1;;;17;1
4;4;13;18;18122;;1;1;A-92;177,5;3;9;2;;;1;1;1;;;1;1
6;1;14;18;18122;;1;1;A-4157;4,693;6;15;2;;;1;1;1;;;18;3
6;6;7;18;18122;;1;1;A-4154;0,01;6;2;1;4;;1;1;1;;;1;1
6;4;19;18;18122;;1;1;A-328;23;6;19;2;;;1;1;1;;;1;2
6;6;6;18;18122;;1;1;A-92;189,17;3;14;1;10;A-92;1;4;1;;;1;1
6;6;15;18;18122;;1;1;A-92;193;3;3;2;;;1;1;1;;;18;3
7;2;14;18;18122;;1;1;A-92;177,07;3;2;2;;;1;1;1;;;18;1
7;4;6;18;18122;;1;1;A-341;0,07;6;1;1;2;A-92;1;2;1;;;1;1
4;4;10;18;18122;;3;2;No inventariada;;9;7;2;;;1;1;1;;;1;998
5;4;18;18;18122;;3;2;No inventariada;;9;7;2;;;1;1;1;;;1;998
7;3;7;18;18122;;3;2;No inventariada;;9;3;1;4;;1;1;1;;;1;998
8;5;22;18;18100;;1;1;GR-4407;8,408;6;19;2;;;1;6;1;;;1;1
9;1;8;18;18122;;1;1;A-92;193;3;2;1;4;;1;1;1;;;6;1
10;6;10;18;18122;;3;2;No inventariada;;14;8;2;;;1;1;2;;;1;998
10;6;21;18;18122;;1;1;A-92;191,114;3;1;2;;;3;6;3;;;1;1
7;1;9;18;18122;;3;2;No inventariada;;9;3;2;;;1;1;1;;;1;998
8;5;12;18;18122;;3;2;No inventariada;;9;2;2;;;1;1;1;;;1;998
9;4;14;18;18122;;3;2;No inventariada;;9;2;1;2;;1;1;1;;;1;998
12;1;14;18;0;;1;1;GR-4105;1;6;18;2;;;2;1;1;;;1;2
3;3;4;18;0;;1;1;CV-1643;1,3;10;14;2;;;1;6;1;;;4;3
12;7;13;18;18093;;1;1;GR-5207;4;6;15;2;;;2;1;1;;;1;1
2;6;22;18;18127;;1;1;GR-3418;0,6;6;2;2;;;1;6;1;;;1;3
2;5;10;18;18127;;3;2;No inventariada;;9;7;2;;;1;1;1;;;1;998
3;1;23;18;18153;;1;1;GR-30;6,91;3;12;2;;;3;4;3;;;3;3
3;5;10;18;18127;;3;2;No inventariada;;9;7;1;2;;1;1;1;;;18;998
5;3;9;18;18127;;3;2;No inventariada;;9;10;1;2;;1;1;1;;;1;998
11;2;10;18;18127;;3;2;No inventariada;;9;2;1;1;;1;1;1;;;18;998
11;5;12;18;18127;;3;2;No inventariada;;9;7;1;2;;1;1;1;;;1;998
11;6;11;18;18127;;1;1;GR-30;7;3;2;1;4;;1;1;1;;;9;4
11;6;19;18;18087;;1;1;GR-30;8,014;3;4;2;;;1;4;7;;;1;1
11;5;11;18;18127;;3;2;No inventariada;;14;7;2;;;1;1;1;;;18;998
6;1;19;18;0;;1;1;N-432;408,2;6;5;2;;;1;1;1;;;1;3
7;7;10;18;0;;3;2;No inventariada;;9;8;2;;;1;1;1;;;1;998
1;3;10;18;0;;1;1;CV-1495;6,8;10;17;2;;;8;1;1;;;4;3
2;6;17;18;0;;3;2;No inventariada;;14;3;2;;;1;1;1;;;4;998
10;7;3;18;0;;1;1;GR-5300;10,8;6;17;2;;;1;5;1;;;1;2
12;7;19;18;0;;1;1;GR-5300;12,7;6;7;2;;;1;6;1;;;1;1
12;2;14;18;0;;1;1;CV-1661;4;10;17;2;;;2;1;1;;;1;1
1;7;13;18;18101;;2;2;GR-3202;0,6;6;4;2;;;1;1;1;;;1;1
3;4;11;18;0;;1;1;A-395;16,478;6;4;2;;;1;1;1;;;1;2
5;7;14;18;18134;;3;2;No inventariada;;9;2;1;1;;1;1;1;;;1;998
7;2;19;18;18134;;1;1;A-395;35,169;6;19;2;;;1;1;1;;;4;3
7;6;21;18;18134;;1;1;A-395;28,9;6;16;2;;;1;6;1;;;1;2
8;6;0;18;18134;;1;1;GR-3202;4,383;6;3;2;;;1;4;1;;;1;2
11;5;11;18;18134;;3;2;No inventariada;;9;4;1;2;;1;1;1;;;1;998
12;3;16;18;0;;1;1;A-395;20,131;6;12;2;;;3;1;1;;;1;2
2;5;14;18;18135;;1;1;GR-3410;14,5;6;1;2;;;3;1;4;;;1;2
2;1;21;18;18135;;1;1;GR-5401;1,5;6;18;2;;;1;6;1;;;1;2
4;3;15;18;18135;;1;1;CV-1645;1,7;10;1;2;;;2;1;1;;;1;1
7;2;10;18;18102;;1;1;GR-3410;5,01;6;19;2;;;1;1;1;;;18;2
12;2;22;18;18135;;3;2;No inventariada;;14;2;2;;;1;4;7;;;9;998
3;4;15;18;0;;1;1;A-92;212,9;3;4;2;;;1;1;1;;;1;1
4;2;8;18;0;;1;1;A-92;208,925;3;4;2;;;9;2;1;;;10;1
4;4;9;18;0;;1;1;A-92;208,9;3;16;2;;;1;1;1;;;1;1
5;7;18;18;0;;3;2;No inventariada;;9;16;2;;;1;1;1;;;1;998
5;1;1;18;0;;1;1;A-92;209,9;3;16;1;10;;1;6;1;;;1;1
6;7;18;18;0;;1;1;A-92;207,667;7;1;2;;;1;1;1;;;1;1
7;4;0;18;0;;1;1;A-92;208,7;3;4;2;;;1;6;1;;;1;1
10;4;12;18;0;;1;1;A-335;47,281;6;2;1;2;A-92;1;1;1;;;3;1
1;7;17;18;18140;;1;1;N-340;340,73;6;12;2;;;1;1;1;;;1;3
1;2;11;18;18140;;3;2;No inventariada;;9;4;2;;;3;1;2;;;1;998
1;5;13;18;18140;;1;1;A-7;894,5;3;12;2;;;1;1;1;;;1;1
2;5;16;18;18140;;1;1;N-340;331,7;6;6;2;;;1;1;1;;;1;1
2;4;10;18;18140;;3;2;No inventariada;;9;2;1;2;;1;1;1;;;1;998
2;7;6;18;18140;;1;1;N-340;343,659;6;7;2;;;1;6;1;;1;1;1
2;2;8;18;18140;;3;2;No inventariada;;9;7;2;;;1;1;1;;;9;998
2;5;18;18;18140;;1;1;N-347GR;0,6;6;9;1;4;N-340;1;3;1;;;1;2
2;1;16;18;18140;;3;2;No inventariada;;9;20;1;2;;1;1;1;;;1;998
2;1;20;18;18140;;3;2;No inventariada;;9;3;1;2;;1;4;1;;;1;998
3;1;13;18;18140;;1;1;GR-5209;1,1;6;4;2;;;1;1;1;;;1;1
3;4;7;18;18140;;3;2;No inventariada;;9;7;1;4;;1;1;1;;;1;998
3;4;0;18;18140;;1;1;N-340;330,868;6;16;1;4;N-340;3;5;3;1;;1;1
3;6;23;18;18140;;3;2;No inventariada;;9;2;1;1;;3;4;2;;;1;998
4;3;10;18;18140;;3;2;No inventariada;;9;4;2;;;1;1;1;;;1;998
4;6;13;18;18140;;3;2;No inventariada;;9;2;1;1;;1;1;1;;;18;998
4;5;3;18;18140;;1;1;N-323;185,5;6;8;2;;;1;6;1;;;1;1
5;6;19;18;18140;;1;1;GR-16;1,947;3;16;1;10;N-340;1;1;1;;;1;1
5;5;13;18;18140;;1;1;N-340;330,8;6;9;1;4;;8;1;1;;;1;2
5;5;15;18;18140;;1;1;N-340;330,9;6;9;1;4;;8;1;1;;;1;2
5;2;16;18;18140;;3;2;No inventariada;;9;16;2;;;1;1;2;;;1;998
6;6;22;18;18140;;1;1;N-340;329,5;6;2;2;;;3;6;3;;;1;1
6;1;18;18;18140;;3;2;No inventariada;;9;1;1;2;;1;1;1;;;2;998
5;4;5;18;18140;;1;1;A-7;899,6;3;16;2;;;1;6;1;;;1;1
6;1;23;18;18140;;3;2;No inventariada;;9;2;1;1;;1;4;1;;;1;998
6;6;15;18;18140;;1;1;GR-5209;0,814;6;4;1;2;;1;1;1;;;1;1
6;6;10;18;18140;;3;2;No inventariada;;9;4;2;;;1;1;1;;;1;998
6;6;21;18;18140;;3;2;No inventariada;;9;7;2;;;1;1;1;;;1;998
6;5;15;18;18140;;3;2;No inventariada;;9;7;1;1;;1;1;1;;;1;998
7;2;9;18;0;;1;1;N-340;336,4;6;4;2;;;1;1;1;;;1;1
7;6;11;18;18140;;1;1;N-340;334,1;6;4;1;4;;1;1;1;;;1;1
7;4;8;18;18140;;1;1;N-340;334,4;6;4;1;4;;1;1;1;;;1;3
7;1;16;18;18140;;1;1;GR-14;2,3;3;2;1;4;N-323;1;1;1;;;1;3
8;2;21;18;18140;;1;1;A-7;898,8;3;19;2;;;1;6;1;;;4;1
8;3;22;18;18140;;1;1;N-340;341,903;6;4;2;;;1;6;1;;;1;1
8;6;19;18;18140;;1;1;N-340;342,995;6;4;1;4;;1;1;1;;;1;1
8;2;7;18;18140;;1;1;N-340;334,1;6;9;1;4;;3;3;3;;;5;2
9;5;19;18;18140;;1;1;N-347GR;0,6;6;3;1;4;;1;1;1;;;1;1
9;1;9;18;18140;;1;1;N-340;334,448;6;2;1;4;GR-16;1;1;1;;;4;2
9;4;8;18;18140;;3;2;No inventariada;;9;12;2;;;1;1;1;;;1;998
9;7;13;18;18140;;1;1;N-340;334,4;6;3;1;4;GR-16;1;1;1;;;1;2
9;3;2;18;18140;;1;1;N-347GR;0,6;6;16;1;4;N-340;1;4;1;;;1;2
9;5;18;18;18140;;1;1;A-7;886;3;12;2;;;1;1;1;;1;1;2
10;5;12;18;18140;;3;2;No inventariada;;9;2;1;1;;1;1;1;;;1;998
10;6;22;18;18140;;1;1;N-323;190,3;6;12;1;4;;3;6;2;;;1;2
10;6;12;18;18140;;3;2;No inventariada;;9;4;1;2;;1;1;1;;;1;998
10;6;13;18;18140;;3;2;No inventariada;;9;10;2;;;1;1;1;;;1;998
10;5;9;18;18140;;3;2;No inventariada;;9;20;2;;;1;1;1;;;1;998
10;2;16;18;18140;;1;1;N-347GR;0,6;6;19;1;4;N-347GR;7;1;1;;;1;3
10;6;23;18;18140;;3;2;No inventariada;;9;10;1;2;;8;4;1;;;18;998
10;4;8;18;18140;;3;2;No inventariada;;9;2;1;1;;1;2;1;;;1;998
10;1;19;18;18140;;1;1;GR-14;0;3;4;1;4;A-7;1;4;1;;;1;1
10;4;14;18;18140;;1;1;N-340;330,906;6;2;1;4;;1;1;1;;;1;1
11;2;19;18;18140;;1;1;A-7;891,59;3;4;2;;;1;6;1;;;4;1
10;4;10;18;18140;;3;2;No inventariada;;9;7;2;;;1;1;1;;;12;998
11;5;7;18;18140;;1;1;A-7;897,6;3;5;2;;;1;2;1;;;1;1
11;4;14;18;18140;;1;1;A-7;899,7;3;4;2;;;1;1;1;;;1;2
11;4;22;18;18140;;1;1;GR-5209;1,05;6;3;1;4;;1;4;1;;;1;1
11;5;19;18;18140;;1;1;A-4133;10,7;6;2;2;;;1;6;1;;;1;3
12;3;21;18;18140;;1;1;A-7;891,6;3;1;2;;;1;4;1;;;1;1
12;3;21;18;18140;;1;1;N-323;191,8;6;8;2;;;1;6;1;;;1;1
12;2;13;18;18140;;1;1;GR-5209;3,379;6;1;2;;;1;1;1;;;1;1
12;3;12;18;18140;;3;2;No inventariada;;9;6;2;;;1;1;1;;;1;998
12;5;15;18;18140;;1;1;N-323;184,95;6;18;2;;;1;1;1;;;1;1
12;2;8;18;18140;;1;1;CAMINO STA;0,3;10;17;2;;;1;1;1;;;4;3
5;4;19;18;0;;1;1;GR-3101;1,878;6;2;2;;;1;1;1;;;6;1
4;4;2;18;18145;;3;2;No inventariada;;9;12;2;;;1;4;1;;;18;998
4;5;14;18;18145;;1;1;GR-30;18,631;3;4;2;;;1;1;1;;;1;1
5;2;8;18;18145;;3;2;No inventariada;;9;7;1;1;;1;1;1;;;6;998
6;2;16;18;18145;;3;2;No inventariada;;9;2;1;2;;1;1;1;;;11;998
7;5;11;18;18014;;1;1;N-323a;138;6;7;2;;;1;1;1;;;1;1
8;3;12;18;18193;;1;1;GR-3209;1,274;6;2;2;;;1;1;1;;;1;1
10;5;21;18;18145;;3;2;No inventariada;;9;2;1;1;;1;4;2;;;1;998
11;1;9;18;18145;;3;2;No inventariada;;9;7;2;;;1;1;1;;;12;998
11;4;13;18;18145;;3;2;No inventariada;;9;1;1;1;;1;1;1;;;1;998
1;3;11;18;18147;;1;1;A-346;3,6;6;14;2;;;3;1;2;;;1;1
1;5;8;18;18147;;3;2;No inventariada;;9;7;1;2;;1;1;1;;;1;998
2;6;18;18;18147;;3;2;No inventariada;;9;2;1;2;;1;1;1;;;1;998
4;3;19;18;18147;;1;1;A-348;12,9;6;3;2;;;1;1;1;;;1;3
5;3;18;18;18147;;1;1;A-348;18,1;6;19;2;;;1;1;1;;;1;1
6;6;12;18;18147;;1;1;A-346;7;6;2;2;;;1;1;1;;;4;2
6;1;22;18;18147;;1;1;A-348;17,2;6;18;2;;;1;5;1;;;1;2
7;7;10;18;18147;;1;1;A-348;23,133;6;16;2;;;1;1;1;;;1;2
8;4;16;18;18147;;1;1;A-4132;4,322;6;16;2;;;1;1;1;;;1;1
8;7;6;18;18147;;1;1;A-348;14,868;6;18;2;;;1;2;1;;;4;2
9;7;10;18;18147;;1;1;A-346;6,742;6;12;2;;;3;1;1;;;4;2
10;2;14;18;18147;;1;1;CV-1656;1,5;10;17;2;;;1;1;1;;;1;3
10;5;10;18;18147;;1;1;A-346;1,5;6;18;2;;;1;1;1;;;1;2
11;7;10;18;18147;;1;1;A-346;1,5;6;12;2;;;1;1;1;;;4;3
12;4;16;18;18147;;1;1;A-346;6,95;6;2;2;;;3;1;2;;;12;2
12;7;0;18;18147;;1;1;A-4132;1,1;6;18;2;;;1;6;1;;;1;2
12;7;15;18;18147;;1;1;A-346;1,973;6;17;2;;;1;1;1;;;1;1
6;6;16;18;0;;1;1;A-4050;30,7;6;19;2;;;1;1;1;;;1;2
6;3;10;18;0;;1;1;A-4050;49,8;6;1;2;;;1;1;1;;;1;2
8;4;21;18;0;;1;1;A-4050;47,564;6;4;2;;;1;4;1;;;4;1
10;7;19;18;0;;1;1;CV-1658;3,2;10;10;2;;;1;1;1;;;1;1
1;2;19;18;18150;;1;1;A-44;144,5;3;5;1;2;;3;5;3;;;1;1
3;3;11;18;18149;;1;1;N-323a;145,5;6;2;2;;;1;1;1;;;4;3
4;6;13;18;18150;;1;1;A-44;143,435;3;4;2;;;1;1;1;;;1;1
5;4;5;18;18149;;1;1;GR-30;26,3;3;4;2;;;1;6;1;;;1;1
5;4;7;18;18149;;1;1;GR-30;26,3;3;20;2;;;1;1;1;;;1;1
6;3;13;18;18149;;1;1;GR-30;23,917;3;6;2;;;1;1;1;;;1;1
6;3;23;18;18149;;1;1;GR-3301;2,5;6;12;2;;;1;4;1;;;1;2
6;7;10;18;18149;;1;1;A-385;0,4;6;2;1;2;N-323;1;1;1;;;1;1
7;6;22;18;18149;;1;1;GR-30;23,787;3;4;2;;;1;6;1;;;1;1
9;7;1;18;18149;;1;1;GR-30;24,429;3;18;2;;;1;6;1;;;1;1
9;3;12;18;18149;;1;1;GR-30;23,8;3;7;2;;;1;1;1;;;1;1
10;3;23;18;18149;;1;1;N-323a;142,511;6;19;2;;;3;6;3;;;1;4
11;5;12;18;18149;;1;1;A-385;1,7;6;1;2;;;1;1;1;;;1;1
2;4;9;18;18150;;1;1;A-4050;10,726;6;14;2;;;1;1;1;;;1;2
4;3;15;18;18150;;1;1;N-323a;149,481;6;2;1;2;;1;1;1;;;2;1
4;5;19;18;18150;;1;1;A-44;143,3;3;5;2;;;1;1;1;;;1;3
4;2;8;18;0;;1;1;N-323a;146,8;6;2;1;1;;1;1;1;;;1;1
4;2;13;18;18150;;1;1;A-4050;2,8;6;3;1;2;A-4050;1;1;1;;;1;2
8;6;11;18;18150;;1;1;A-44;145,74;3;17;2;;;1;1;1;;;1;1
9;6;19;18;18150;;3;2;No inventariada;;9;2;1;2;;1;1;1;;;2;998
11;3;12;18;18150;;3;2;No inventariada;;9;7;1;2;;1;1;1;;;9;998
12;3;19;18;18150;;1;1;A-4050;11,496;6;14;2;;;1;3;1;;;1;3
10;2;9;18;0;;1;1;GR-5105;3,5;6;1;2;;;1;1;1;;;1;1
1;1;12;18;18153;;1;1;GR-30;6;3;5;2;;;1;1;2;;;1;1
1;6;22;18;18153;;3;2;No inventariada;;9;2;1;1;;1;3;1;;;3;998
2;3;16;18;18153;;1;1;GR-30;6,71;7;16;1;2;GR-30;1;1;2;;;1;3
2;6;10;18;18153;;1;1;GR-30;5,5;3;19;2;;;3;1;2;;;1;1
3;1;1;18;18153;;3;2;No inventariada;;9;2;1;2;;1;4;1;;;1;998
5;2;19;18;18153;;1;1;GR-30;5,7;3;1;2;;;1;1;1;;;1;1
8;2;22;18;18153;;3;2;No inventariada;;9;2;1;2;;1;4;1;;;1;998
8;1;18;18;18153;;3;2;No inventariada;;9;2;1;2;;1;1;1;;;1;998
9;1;15;18;18153;;3;2;No inventariada;;9;2;1;2;;1;1;1;;;2;998
10;6;21;18;18153;;1;1;GR-30;6,478;7;16;2;;;1;4;2;;;1;1
10;4;22;18;18153;;3;2;No inventariada;;9;2;1;1;;3;4;3;;;5;998
12;5;19;18;18153;;3;2;No inventariada;;9;2;1;1;;1;3;1;;;3;998
7;6;11;18;0;;1;1;GR-3201;25,2;6;10;2;;;2;1;1;;;1;2
9;6;16;18;0;;1;1;GR-3201;35,129;6;19;2;;;1;1;1;;;1;3
3;1;6;18;0;;1;1;GR-3201;1,611;6;15;2;;;3;2;2;;;1;2
3;1;6;18;0;;1;1;GR-3201;1,603;6;15;2;;;3;2;2;;;1;2
5;1;20;18;0;;1;1;GR-3201;0;6;4;1;2;A-4026;1;2;7;;;12;2
5;5;10;18;0;;1;1;GR-3200;3,415;6;1;2;;;1;1;1;;;18;2
7;3;20;18;0;;1;1;A-4026;3,161;6;2;2;;;1;1;1;;;1;1
10;4;22;18;0;;1;1;GR-3200;0,075;6;5;2;;;1;4;1;;;1;1
1;4;7;18;18158;;1;1;A-92;215,605;3;4;2;;;1;6;1;1;;1;1
2;1;16;18;18158;;1;1;N-432;421,813;6;12;2;;;3;1;3;;;1;2
3;6;6;18;18158;;1;1;A-336;21,886;6;4;2;;;1;4;1;;;1;1
4;1;9;18;18158;;1;1;A-336;21,966;6;16;1;2;;3;1;2;;;1;1
9;3;7;18;18158;;1;1;CV1295;0,1;10;1;2;;;1;2;1;;;1;1
10;5;12;18;18158;;1;1;N-432;417,8;6;20;2;;;1;1;2;;;1;1
10;6;0;18;18158;;1;1;A-92;215,43;3;16;2;;;3;6;2;;;1;1
11;2;21;18;18158;;1;1;N-432;418,744;6;3;2;;;1;6;1;;;1;1
3;4;19;18;0;;1;1;A-308;15,54;6;18;2;;;1;6;1;;;1;2
8;7;6;18;0;;1;1;A-308;21,91;6;18;2;;;1;6;1;;;1;1
11;5;0;18;0;;1;1;A-308;15,861;6;15;2;;;1;6;1;;;18;1
4;4;15;18;0;;1;1;N-340;362,227;6;4;2;;;1;1;1;;;2;1
9;2;14;18;0;;1;1;A-7;866,5;3;6;2;;;1;1;1;;;1;2
1;3;16;18;0;;3;2;No inventariada;;9;12;2;;;1;1;1;;;1;998
3;2;14;18;0;;1;1;A-317;102,85;6;19;1;1;;3;1;2;;;1;1
6;6;12;18;0;;1;1;A-317;102,895;6;2;1;1;;1;1;1;;;1;1
12;2;7;18;0;;1;1;A-330;59,97;6;14;2;;;5;2;2;;;1;1
1;3;9;18;18087;;1;1;A-4006;1,483;5;4;2;;;3;2;2;;;1;1
6;5;8;18;18165;;1;1;GR-3424;1,301;6;4;2;;;1;1;1;;;1;1
9;1;14;18;18127;;1;1;GR-30;7,9;3;2;1;4;;1;1;1;;;18;3
9;4;20;18;18165;;1;1;GR-3424;0,4;6;2;2;;;1;4;1;;;1;1
10;5;16;18;18153;;1;1;GR-30;6,774;7;4;1;12;GR-s/n;1;1;1;;;18;1
10;5;5;18;18165;;1;1;A-92;245,6;3;20;2;;;1;6;1;;;1;1
10;7;0;18;18165;;1;1;GR-3424;2,1;6;1;2;;;1;4;1;;;1;1
11;1;10;18;18165;;3;2;No inventariada;;9;7;1;2;;1;1;1;;;1;998
2;3;7;18;0;;1;1;A-4100;2;6;1;2;;;1;3;1;;;1;3
3;4;10;18;0;;1;1;A-4100;1,796;6;4;2;;;1;1;1;;;1;1
3;3;9;18;0;;1;1;GR-4104;14,201;6;18;2;;;1;1;1;;;1;2
5;7;14;18;0;;1;1;A-4100;0,937;6;2;2;;;1;1;1;;;1;1
5;2;8;18;0;;2;2;A-4100;1,462;6;7;2;;;1;3;1;;;6;1
9;3;9;18;0;;3;2;No inventariada;;9;7;2;;;1;1;1;;;6;998
11;3;18;18;0;;1;1;A-4100;1,732;6;5;1;2;;1;4;1;;;1;1
3;7;13;18;0;;1;1;GR-3201;6,6;6;1;2;;;3;1;2;;;4;2
5;7;19;18;0;;3;2;No inventariada;;9;13;2;;;1;1;1;;;1;998
5;6;11;18;0;;1;1;GR-3201;6,71;6;20;2;;;1;1;1;;;1;2
5;2;19;18;0;;1;1;GR-3201;15,3;6;10;2;;;1;1;1;;;1;2
6;7;13;18;0;;1;1;CV-1613;1,1;10;13;2;;;1;1;1;;;1;1
7;6;15;18;0;;1;1;GR-3201;5,498;6;2;2;;;1;1;1;;;4;3
8;2;22;18;0;;1;1;A-7;870,605;3;12;2;;;1;4;1;;;1;1
9;7;6;18;0;;1;1;CV-1657;2;10;14;2;;;8;6;1;;;18;1
6;5;12;18;0;;3;2;No inventariada;;9;2;1;2;;1;1;1;;;1;998
7;2;20;18;0;;1;1;A-92;196,76;14;3;1;4;;1;1;1;;;1;1
9;1;10;18;18100;;1;1;A-92;199,738;3;4;2;;;1;1;1;;;1;1
2;4;9;18;18173;;1;1;GR-5300;15,2;6;2;1;1;;1;1;1;;;4;2
3;4;17;18;18173;;1;1;CV-1641;0,2;10;2;1;1;;2;1;1;;;12;1
4;3;11;18;18173;;1;1;N-340;327,441;6;3;2;;;1;1;1;;;1;1
6;1;14;18;18173;;1;1;N-340;327,9;6;4;2;;;1;1;1;;;1;1
6;2;18;18;18173;;1;1;GR-5300;15,1;6;4;1;1;;1;1;1;;;1;1
7;5;4;18;18173;;1;1;CV-1053;0,5;10;12;2;;;1;6;1;;;1;1
7;1;17;18;18173;;3;2;No inventariada;;9;7;2;;;1;1;1;;;1;998
8;1;17;18;18140;;1;1;GR-14;2,2;3;2;1;4;N-323;1;1;1;;;1;1
9;7;17;18;18173;;1;1;N-340;323,1;6;2;1;5;N-340;1;1;1;;;1;1
10;2;10;18;18173;;1;1;GR-5300;15,2;6;2;1;2;;1;1;1;;;1;1
10;6;10;18;18173;;1;1;N-340;323,7;6;7;2;;;1;1;1;;;1;1
11;7;15;18;18140;;1;1;GR-14;2,4;3;2;1;4;N-323;1;1;1;;;1;1
12;7;14;18;18173;;1;1;N-340;323,223;6;18;2;;;1;1;1;;;1;1
10;7;7;18;0;;1;1;A-402;16;6;1;2;;;3;6;2;;;4;1
1;2;12;18;18175;;1;1;A-92;230,4;3;19;1;2;A-92G;3;1;2;;;1;1
2;5;12;18;18175;;1;1;A-92;228,5;3;18;2;;;1;1;1;;;1;3
2;4;17;18;18175;;1;1;GR-3417;9,75;6;3;2;;;1;1;1;;;1;1
3;5;8;18;18175;;1;1;A-92G;0,8;5;18;2;;;3;1;2;;;1;2
5;6;2;18;18911;;1;1;GR-3313;3,196;12;10;2;;;1;6;1;;;1;1
5;4;18;18;18175;;1;1;GR-3417;8,142;6;2;1;2;GR-3405;1;1;1;;;1;1
6;1;8;18;18175;;1;1;GR-3417;8,6;6;2;1;1;;1;1;1;;;12;1
7;6;4;18;18175;;1;1;GR-3417;8,226;6;12;2;;;1;6;1;;;18;1
10;5;12;18;18175;;1;1;A-92G;0,968;5;15;2;;;1;1;2;;;18;1
10;6;13;18;18175;;1;1;GR-3417;7,9;6;2;2;;;1;1;1;;;1;1
10;4;20;18;18175;;1;1;A-92;229,5;3;3;2;;;1;6;1;;;18;1
11;2;20;18;18175;;1;1;CV-1660;5;10;2;2;;;2;5;1;;;1;3
11;1;7;18;18087;;1;1;A-92G;5,972;5;4;2;;;1;1;2;;;1;1
11;6;12;18;18175;;1;1;GR-3405;5,45;6;4;2;;;1;1;1;;;1;1
12;5;21;18;18175;;1;1;GR-3417;8,38;6;16;2;;;1;6;1;;;1;2
9;3;11;18;0;;1;1;A-4131;23,776;6;1;2;;;1;1;1;;;4;2
5;4;13;18;0;;1;1;A-348;38,289;6;19;2;;;1;1;1;;;1;2
9;3;19;18;0;;1;1;A-348;32,7;6;16;2;;;1;1;1;;;4;2
9;5;8;18;0;;1;1;A-337;0,5;6;12;2;;;1;1;1;;;1;3
11;7;2;18;0;;1;1;A-4126;2;6;16;2;;;1;6;1;;;1;1
12;2;20;18;0;;1;1;A-4135;0,3;6;16;2;;;1;4;1;;;1;1
1;7;18;18;0;;1;1;N-323;177,3;6;8;2;;;1;1;1;;;1;2
4;7;14;18;0;;2;2;A-4133;1,731;6;7;1;1;;1;1;1;;;1;1
5;5;13;18;0;;1;1;N-323;180,3;6;4;1;4;;1;1;1;;;1;2
5;6;2;18;0;;1;1;A-44;178,8;3;12;2;;;1;6;1;;;5;1
5;5;19;18;0;;1;1;A-44;180,6;3;8;2;;;1;1;1;;;1;1
6;2;16;18;0;;1;1;A-4133;2;6;2;2;;;1;1;1;;;1;1
7;4;15;18;0;;1;1;A-44;181,295;3;16;2;;;1;1;1;;;1;1
7;5;5;18;0;;1;1;A-338;14,992;6;16;2;;;2;6;1;;;1;1
12;6;5;18;0;;1;1;A-92;206,252;3;19;2;;;1;6;1;;;18;1
3;4;19;18;0;;1;1;A-92;250,1;3;18;2;;;3;6;3;;;1;2
8;6;23;18;0;;1;1;GR-3101;9,4;6;16;2;;;1;6;1;;;1;2
10;7;5;18;0;;1;1;A-92;250,1;3;2;2;;;3;6;3;1;;5;3
12;2;16;18;0;;1;1;A-4002;8,06;6;2;1;2;A-4003;1;1;1;;;6;2
6;6;18;18;0;;1;1;A-341;30,6;6;2;1;2;;1;1;1;;;2;1
7;5;12;18;0;;1;1;A-341;23;6;12;2;;;1;1;1;;;1;1
1;3;10;18;18193;;3;2;No inventariada;;11;7;2;;;1;1;1;;;1;998
1;4;9;18;18193;;3;2;No inventariada;;9;2;1;4;;1;1;1;;;1;998
1;6;13;18;18193;;3;2;No inventariada;;9;7;1;4;;1;1;1;;;1;998
1;3;14;18;18193;;1;1;GR-3211;1,75;6;7;2;;;1;1;1;;;1;1