MES;DIA_SEMANA;HORA;COD_PROVINCIA;COD_MUNICIPIO;ISLA;ZONA;ZONA_AGRUPADA;CARRETERA;KM;TIPO_VIA;TIPO_ACCIDENTE;NUDO;NUDO_INFO;CARRETERA_CRUCE;CONDICION_FIRME;CONDICION_ILUMINACION;CONDICION_METEO;CONDICION_NIEBLA;CONDICION_VIENTO;VISIB_RESTRINGIDA_POR;TRAZADO_PLANTA
2;3;9;18;18193;;3;2;No inventariada;;9;2;1;1;;1;1;1;;;2;998
2;1;13;18;18193;;3;2;No inventariada;;9;2;1;1;;1;1;1;;;2;998
2;2;17;18;18193;;3;2;No inventariada;;9;2;1;2;;1;1;7;;;2;998
3;2;19;18;18193;;3;2;No inventariada;;9;2;1;1;;1;1;1;;;2;998
4;3;21;18;18193;;3;2;No inventariada;;9;2;1;2;;1;4;1;;;12;998
2;7;7;18;18193;;3;2;No inventariada;;9;6;2;;;1;3;1;;;1;998
5;6;14;18;18193;;1;1;GR-3209;1,105;6;5;2;;;1;1;1;;;1;1
5;7;21;18;18193;;3;2;No inventariada;;9;2;1;1;;1;4;1;;;2;998
5;4;10;18;18193;;3;2;No inventariada;;9;2;1;1;;1;1;1;;;12;998
6;3;15;18;18193;;1;1;GR-3211;2;6;2;1;2;;1;1;2;;;1;1
6;4;13;18;18193;;3;2;No inventariada;;9;2;1;1;;1;1;1;;;2;998
7;6;10;18;18193;;3;2;No inventariada;;9;5;2;;;1;1;1;;;1;998
8;1;19;18;18193;;1;1;GR-3209;1,05;6;1;2;;;1;1;1;;;1;1
8;3;18;18;18193;;3;2;No inventariada;;9;2;1;1;;1;1;1;;;18;998
9;6;15;18;18087;;1;1;GR-3211;0,003;5;2;2;;;1;1;1;;;1;2
11;2;20;18;18193;;3;2;No inventariada;;9;2;1;2;;3;4;3;;;1;998
11;6;1;18;18193;;3;2;No inventariada;;9;2;1;1;;1;4;1;;;2;998
11;3;16;18;18193;;3;2;No inventariada;;9;7;2;;;1;1;1;;;6;998
11;5;19;18;18193;;3;2;No inventariada;;14;12;1;2;;1;4;1;;;1;998
5;6;6;18;0;;1;1;A-315;98,146;6;16;2;;;1;2;1;;;1;1
2;4;13;18;0;;1;1;A-337;6,9;6;16;2;;;1;1;1;;;1;3
5;3;12;18;0;;1;1;A-337;3,3;6;3;2;;;1;1;1;;;1;2
1;5;23;18;0;;3;2;No inventariada;;9;15;2;;;3;4;2;;;1;998
5;5;16;18;0;;1;1;A-4130;31,2;6;17;2;;;1;1;1;;;1;3
1;4;11;18;18905;;2;2;A-338;4,038;6;4;1;1;;1;1;1;;;1;1
1;1;12;18;18905;;3;2;No inventariada;;9;3;1;2;;1;1;1;;;1;998
1;3;14;18;18905;;3;2;No inventariada;;9;2;1;1;;1;1;1;;;1;998
2;6;21;18;18905;;3;2;No inventariada;;9;2;2;;;1;3;1;;;2;998
2;5;19;18;18905;;3;2;No inventariada;;9;2;1;1;;1;4;1;;;1;998
2;5;17;18;18905;;3;2;No inventariada;;9;7;1;2;;1;1;1;;;16;998
3;1;11;18;18905;;3;2;No inventariada;;9;2;1;1;;1;1;1;;;1;998
3;5;15;18;18905;;3;2;No inventariada;;9;4;2;;;1;2;1;;;1;998
3;2;9;18;18905;;2;2;A-338;4,002;6;7;2;;;3;1;3;;;1;1
4;2;12;18;18905;;1;1;GR-3311;1;6;5;2;;;1;1;1;;;1;1
3;6;18;18;18905;;3;2;No inventariada;;9;2;1;1;;1;1;1;;;1;998
4;7;19;18;18905;;1;1;GR-3306;0,664;6;2;1;1;;1;1;1;;;18;1
4;3;13;18;18905;;3;2;No inventariada;;9;2;1;1;;1;1;1;;;1;998
5;5;9;18;18905;;3;2;No inventariada;;9;3;1;1;;1;1;1;;;1;998
5;1;14;18;18905;;3;2;No inventariada;;9;5;2;;;1;1;1;;;18;998
5;1;21;18;18905;;3;2;No inventariada;;9;2;2;;;1;2;1;;;1;998
6;5;11;18;18905;;3;2;No inventariada;;9;10;1;2;;1;1;1;;;1;998
6;4;8;18;18905;;3;2;No inventariada;;9;7;1;1;;1;1;1;;;6;998
6;5;13;18;18905;;3;2;No inventariada;;9;2;1;1;;1;1;1;;;1;998
7;2;18;18;18905;;3;2;No inventariada;;9;2;1;1;;1;1;1;;;1;998
7;1;7;18;18905;;1;1;A-338;4,454;6;7;2;;;1;1;1;;;6;1
8;6;4;18;18905;;1;1;GR-3303;8,1;6;16;2;;;1;6;1;;;1;2
9;4;15;18;18905;;1;1;A-338;4,928;6;4;2;;;1;1;1;;;1;1
8;4;12;18;18905;;3;2;No inventariada;;9;2;1;1;;1;1;1;;;18;998
10;4;14;18;18905;;1;1;GR-3303;6,1;6;2;1;4;A-338;1;1;2;;;1;1
11;5;21;18;18905;;3;2;No inventariada;;9;16;2;;;1;3;1;;;1;998
11;5;23;18;18905;;3;2;No inventariada;;14;19;2;;;1;6;1;;;1;998
11;5;23;18;18905;;3;2;No inventariada;;14;19;2;;;1;6;1;;;5;998
11;5;8;18;18905;;1;1;A-338;3,423;6;2;1;1;;1;1;1;;;1;1
12;1;9;18;18905;;3;2;No inventariada;;9;7;2;;;1;2;1;;;6;998
1;2;23;18;0;;1;1;A-92;304,5;3;1;2;;;3;6;3;;;1;1
6;5;22;18;0;;1;1;A-401;81,047;6;16;2;;;1;6;1;;;1;1
1;3;16;18;0;;1;1;A-44;165,943;3;16;2;;;3;1;1;;;1;1
2;5;16;18;0;;1;1;A-44;164;3;17;2;;;1;1;1;;;1;1
3;4;14;18;0;;1;1;A-44;160,474;3;15;2;;;3;1;1;;;1;1
6;4;13;18;0;;1;1;A-44;165,2;3;10;2;;;1;1;1;;;1;2
10;2;17;18;0;;1;1;N-323;167,125;6;10;2;;;1;1;1;;;1;1
12;2;10;18;0;;1;1;A-348;0;6;3;1;4;A-44;1;1;1;;;1;2
2;6;12;18;18911;;1;1;GR-3304;6,5;6;1;1;2;A-92G;3;1;2;;;1;1
3;7;15;18;18911;;3;2;No inventariada;;9;16;2;;;1;1;1;;;1;998
3;6;12;18;18911;;1;1;GR-3304;5,226;6;4;2;;;1;1;1;;;1;1
4;3;13;18;18911;;1;1;GR-3313;0,244;6;2;1;2;;1;1;1;;;1;1
5;5;6;18;18911;;1;1;GR-3304;6,51;6;16;2;;;1;2;1;;;18;1
7;4;23;18;18911;;1;1;A-44;126,092;3;12;2;;;1;6;1;;;1;1
7;4;20;18;18175;;1;1;GR-3305;4,2;6;4;1;4;GR-3304;1;1;1;;;1;1
10;6;11;18;18911;;1;1;GR-3304;5,5;6;7;1;4;GR-3313;1;1;1;;;1;2
11;1;16;18;18911;;1;1;CV-1146;1;10;2;1;2;;2;1;1;;;1;1
12;2;10;18;18911;;1;1;GR-3304;5,489;6;7;2;;;1;1;1;;;1;1
12;5;18;18;18911;;1;1;GR-3304;6,8;6;1;2;;;1;4;1;;;18;1
6;3;20;18;0;;1;1;A-336;18,034;6;4;1;11;GR-3425;1;1;1;;;1;1
7;3;8;18;0;;1;1;GR-3401;9;6;1;2;;;1;1;1;;;1;1
9;1;13;18;0;;1;1;GR-3401;8,322;6;18;2;;;1;1;1;;;1;1
7;4;16;18;0;;1;1;N-340;336;6;4;2;;;1;1;1;;;1;1
11;6;13;18;0;;1;1;N-340;336,5;6;4;1;2;;1;1;1;;;1;1
3;3;18;19;0;;3;2;No inventariada;;9;7;1;2;;1;1;2;;;9;998
6;7;19;19;0;;3;2;No inventariada;;9;1;2;;;1;1;1;;;1;998
3;3;22;19;0;;1;1;N-320;203,9;6;18;2;;;3;6;3;;;1;2
9;3;11;19;0;;1;1;N-320;211,2;6;14;2;;;1;1;1;;;1;2
4;7;6;19;0;;1;1;A-2;135,201;3;14;2;;;1;6;1;;;1;2
6;6;8;19;0;;1;1;A-2;133,3;3;12;2;;;1;1;1;;;1;1
8;2;13;19;0;;1;1;A-2;113,6;3;16;2;;;1;1;1;;;1;1
2;1;10;19;0;;1;1;A-2;99,5;3;18;2;;;1;1;1;;;1;1
5;4;17;19;0;;1;1;A-2;104,3;3;2;2;;;1;1;1;;;1;1
3;1;17;19;0;;1;1;CM-2029;14,8;6;19;2;;;1;1;1;;;1;1
5;6;17;19;0;;1;1;CM-2029;20;6;19;2;;;1;1;1;;;1;1
8;4;6;19;0;;1;1;CM-2029;16;6;14;2;;;3;4;4;;;5;3
12;4;18;19;0;;1;1;CM-2029;20,2;6;15;2;;;3;6;3;;;1;1
5;6;11;19;0;;1;1;GU-999;7,677;6;18;2;;;1;1;1;;;4;2
1;7;22;19;19058;;1;1;A-2;49;3;4;2;;;1;4;2;;;1;1
1;3;12;19;19024;;1;1;CM-1008;5,251;6;18;2;;;1;1;2;;;1;1
1;6;22;19;19024;;1;1;A-2;47,7;7;12;2;;;1;4;1;;;1;2
2;6;18;19;0;;1;1;GU-110;0,1;6;2;2;;;1;1;1;;;1;3
2;1;8;19;19024;;3;2;No inventariada;;9;1;2;;;3;2;2;;;1;998
3;1;2;19;19024;;3;2;No inventariada;;9;13;2;;;1;4;1;;;1;998
4;7;19;19;19024;;1;1;CM-1008;1,275;5;12;2;;;1;1;1;;;1;3
5;7;14;19;19024;;1;1;GU-105;497;6;2;2;;;1;1;1;;;1;1
5;3;19;19;19024;;1;1;R-2;42,283;1;15;2;;;1;1;1;;;1;1
6;2;20;19;19024;;1;1;CM-1008;2,5;5;3;1;4;CM-1008;1;1;1;;;1;2
6;1;12;19;19024;;3;2;No inventariada;;9;7;2;;;3;1;3;;;18;998
8;7;4;19;19024;;3;2;No inventariada;;9;16;2;;;1;4;1;;;1;998
8;7;17;19;19024;;3;2;No inventariada;;14;20;1;2;;1;1;1;;;1;998
9;6;6;19;19024;;1;1;A-2;46,785;3;16;2;;;1;4;1;;;1;1
9;5;18;19;19024;;3;2;No inventariada;;9;4;1;4;;9;1;7;;;18;998
10;5;15;19;19024;;3;2;No inventariada;;9;5;1;4;;1;1;1;;;1;998
7;1;12;19;19024;;3;2;No inventariada;;9;4;2;;;1;1;1;;;18;998
7;3;23;19;19024;;3;2;No inventariada;;14;2;1;2;;1;4;1;;;18;998
12;5;12;19;19058;;1;1;A-2;48,6;3;5;2;;;1;1;1;;;1;1
12;1;17;19;19024;;1;1;CM-1008;3,29;6;1;2;;;1;2;1;;;1;1
8;3;5;19;0;;1;1;GU-936;15;6;14;2;;;1;6;1;;;1;2
8;7;21;19;0;;1;1;N-211;33;6;8;2;;;1;6;1;;;1;1
2;1;19;19;0;;1;1;CM-2028;19,1;6;14;2;;;1;6;1;;;1;2
8;7;22;19;0;;1;1;N-320;253,9;6;12;2;;;1;6;1;;;1;2
9;3;20;19;0;;1;1;CM-110;46,1;6;19;2;;;1;2;1;;;1;1
11;7;13;19;0;;1;1;GU-999;0;6;15;2;;;1;1;1;;;1;2
1;2;18;19;19024;;1;1;A-2;45;3;3;2;;;3;4;2;;;1;1
1;2;23;19;19024;;1;1;A-2;45,4;3;16;2;;;3;4;1;;;1;1
1;4;18;19;19046;;1;1;A-2;39,8;3;2;1;2;;3;3;3;;;1;1
1;6;16;19;19046;;3;2;No inventariada;;9;20;2;;;1;1;1;;;11;998
1;4;18;19;19046;;3;2;No inventariada;;11;2;1;1;;1;1;1;;;2;998
2;5;17;19;19046;;1;1;A-2;41,916;3;3;2;;;1;1;1;;;1;1
2;4;20;19;19046;;3;2;No inventariada;;9;7;2;;;3;4;3;;;1;998
3;6;16;19;19046;;1;1;A-2;41,1;3;2;2;;;1;1;1;;;1;1
3;5;16;28;28005;;1;1;A-2;38,5;3;10;1;4;M-226;8;1;1;;;1;2
3;1;22;19;19046;;1;1;A-2;40;3;2;1;2;;3;4;1;;;1;1
3;4;10;19;19046;;3;2;No inventariada;;9;7;1;4;;1;1;1;;;2;998
5;6;18;19;19046;;1;1;A-2;42;3;12;2;;;1;1;1;;;1;2
6;3;10;19;19046;;3;2;No inventariada;;9;7;1;4;;1;1;1;;;18;998
6;7;11;19;19046;;3;2;No inventariada;;9;2;1;2;;1;1;1;;;1;998
5;7;19;19;19046;;1;1;GU-103;1,5;6;18;2;;;3;1;5;;;5;1
6;7;17;19;19046;;3;2;No inventariada;;9;10;1;1;;8;1;1;;;1;998
7;7;12;19;19046;;1;1;A-2;43,233;3;19;2;;;1;1;1;;;1;1
7;2;8;19;19046;;1;1;A-2;42,093;7;2;1;4;A-2;1;1;1;;;1;2
7;7;22;19;19046;;3;2;No inventariada;;9;3;1;2;;1;4;1;;;1;998
7;1;18;19;19024;;1;1;A-2;45,185;3;4;2;;;1;1;1;;;1;1
9;1;8;19;19046;;3;2;No inventariada;;9;7;1;2;;1;1;1;;;1;998
9;5;12;19;19046;;3;2;No inventariada;;9;7;1;2;;1;1;1;;;1;998
9;1;22;19;19046;;1;1;A-2;43,7;3;12;2;;;1;4;1;;;1;1
9;1;15;19;19046;;1;1;A-2;40;3;4;2;;;1;1;1;;;1;1
10;2;14;19;19024;;1;1;A-2;44,814;3;3;2;;;1;1;1;;;1;1
10;3;8;19;19046;;1;1;A-2;42;3;4;2;;;3;1;3;;;1;1
11;1;5;19;19046;;1;1;A-2;42,076;3;2;1;4;A-2;1;6;2;;;1;1
11;7;22;19;19046;;1;1;A-2;42,605;7;4;1;2;;1;4;1;;;1;1
11;3;17;19;19046;;1;1;A-2;39,1;3;2;2;;;1;1;1;;;1;1
12;3;23;19;19046;;1;1;A-2;44,2;3;12;2;;;1;6;1;;;1;2
12;7;6;19;19046;;1;1;A-2;39;3;4;2;;;1;4;1;;;1;1
12;2;6;19;19046;;1;1;A-2;40,5;1;5;2;;;1;4;1;;;1;1
12;1;7;19;19046;;1;1;A-2;43,684;7;3;2;;;1;2;1;;;1;1
6;7;14;19;0;;1;1;CM-1101;11,1;6;4;2;;;1;1;1;;;1;2
7;6;14;19;0;;1;1;N-320;236;6;15;2;;;1;1;1;;;1;1
9;5;6;19;0;;1;1;N-320;235;6;8;2;;;1;2;1;;;1;1
1;7;12;19;0;;1;1;CM-2011;29,2;6;15;2;;;1;1;1;;;1;2
3;7;18;19;0;;1;1;CM-2011;18,9;6;8;2;;;1;1;1;;;1;1
11;4;19;19;0;;1;1;CM-2005;31;6;8;2;;;1;6;1;;;1;1
12;7;13;19;0;;1;1;N-204;26,916;6;16;2;;;1;1;1;;;1;2
12;2;19;19;0;;1;1;CM-2013;13;6;16;2;;;5;6;1;;;12;2
1;2;15;19;19058;;1;1;A-2;50,1;3;4;2;;;1;1;1;;;1;1
2;1;13;19;19058;;1;1;CM-1007;3,962;6;2;1;2;CM-1007;1;1;1;;;1;1
3;6;17;19;19058;;1;1;A-2;48,2;3;16;2;;;3;1;4;;;5;1
3;6;17;19;19058;;1;1;A-2;48,1;3;12;2;;;3;1;4;;;5;1
3;4;13;19;19058;;1;1;A-2;49,8;3;3;2;;;1;1;1;;;1;1
3;1;21;19;19130;;1;1;CM-1007;1,248;6;19;2;;;3;6;4;;;5;1
4;5;23;19;19058;;1;1;CM-1008;7,05;6;4;2;;;1;6;1;;;1;1
4;1;8;19;19058;;1;1;A-2;50,4;3;4;2;;;1;1;1;;;1;1
4;3;14;19;19058;;1;1;A-2;50,464;3;5;2;;;1;1;1;;;1;1
5;6;17;19;19058;;1;1;CM-1008;9,4;6;14;2;;;2;1;1;;;1;1
1;5;15;19;19058;;3;2;No inventariada;;9;2;1;1;;1;1;1;;;1;998
4;5;6;19;19058;;3;2;No inventariada;;9;6;2;;;1;4;1;;;1;998
6;2;14;19;19058;;1;1;N-320;291,35;6;5;2;;;1;1;1;;;1;1
6;6;22;19;19058;;1;1;N-320;290,5;5;4;2;;;1;1;1;;;1;1
6;4;13;19;19058;;1;1;N-320;291,2;6;2;2;;;1;1;1;;;1;1
7;5;15;19;19058;;1;1;A-2;50;3;5;2;;;1;1;1;;;1;1
7;5;16;19;19058;;1;1;A-2;49,1;3;4;2;;;1;1;1;;;1;1
7;1;5;19;19058;;1;1;N-320;292,4;6;3;2;;;1;6;7;;;1;1
7;2;12;19;19058;;1;1;A-2;50,854;3;14;1;10;;1;1;1;;;18;2
7;2;16;19;19024;;1;1;R-2;43,1;1;14;2;;;1;1;1;;;1;1
7;1;19;19;19058;;1;1;A-2;48,753;3;3;2;;;1;1;1;;;1;1
8;5;7;19;19171;;1;1;CM-1008;12,336;6;4;1;4;CM-1008;1;1;1;;;1;2
8;4;17;19;19058;;3;2;No inventariada;;9;2;1;4;;1;1;1;;;1;998
9;4;6;19;19058;;1;1;N-320;291,3;6;15;1;10;;3;6;1;;;1;2
5;2;8;19;19058;;3;2;No inventariada;;9;7;1;2;;1;2;1;;;1;998
6;6;15;19;19058;;3;2;No inventariada;;9;18;2;;;1;1;1;;;1;998
7;1;7;19;19058;;3;2;No inventariada;;9;5;1;2;;1;1;1;;;18;998
7;5;20;19;19058;;3;2;No inventariada;;9;7;1;1;;1;2;1;;;18;998
10;3;13;19;19058;;1;1;A-2;50,322;3;4;2;;;3;1;3;;;1;1
11;1;7;19;19058;;3;2;No inventariada;;9;7;2;;;1;4;1;;;16;998
11;6;21;19;19058;;1;1;A-2;48,2;3;3;2;;;1;4;1;;;1;1
12;5;13;19;19058;;1;1;A-2;50,169;3;4;2;;;1;1;1;;;1;1
3;7;12;19;0;;1;1;GU-186;7,7;6;19;2;;;1;1;1;;;1;2
7;7;14;19;0;;1;1;CM-2021;15,357;6;14;2;;;1;1;1;;;1;3
2;7;13;19;19071;;1;1;N-320;316;6;19;2;;;1;1;1;;;1;2
2;6;10;19;19071;;1;1;GU-193;2,6;6;1;2;;;1;1;1;;;1;2
2;4;8;19;19071;;3;2;No inventariada;;9;2;2;;;1;2;1;;;6;998
3;3;12;19;19071;;3;2;No inventariada;;9;7;2;;;1;1;1;;;1;998
3;6;17;19;19071;;1;1;N-320;312,3;6;5;1;2;;8;1;5;;;5;1
4;5;22;19;19071;;1;1;N-320;313,8;6;4;1;2;CM-1009;1;6;1;;;1;1
4;2;8;19;19071;;1;1;N-320;313;6;4;2;;;1;1;1;;;1;1
4;1;17;19;19071;;3;2;No inventariada;;9;16;2;;;1;1;1;;;1;998
8;1;21;19;19071;;3;2;No inventariada;;9;5;1;2;N-320;1;4;1;;;1;998
7;4;9;19;19071;;3;2;No inventariada;;9;7;1;2;;1;1;1;;;1;998
10;1;17;19;19071;;3;2;No inventariada;;9;1;2;;;1;1;1;;;1;998
12;6;10;19;19071;;1;1;N-320;315;6;2;2;;;3;1;2;1;;5;2
11;5;15;19;19071;;3;2;No inventariada;;9;7;2;;;1;1;1;;;6;998
8;7;14;19;0;;1;1;N-211;72;6;14;2;;;1;1;1;;;1;1
5;6;11;19;0;;1;1;GU-905;6,2;6;4;2;;;1;1;1;;;1;1
2;5;7;19;0;;1;1;N-204;51,3;6;12;2;;;1;6;2;;;1;2
3;6;12;19;0;;1;1;N-204;29,7;6;16;2;;;1;1;1;;;1;2
7;7;5;19;0;;1;1;N-204;45;6;8;2;;;1;6;1;;;17;1
5;1;15;19;0;;1;1;CM-1001;28;6;16;2;;;1;1;1;;;1;1
8;4;14;19;0;;1;1;GU-168;0,4;6;1;2;;;1;1;1;;;4;2
12;5;23;19;0;;1;1;GU-201;0,5;6;18;2;;;1;6;1;;;1;1
2;1;19;19;0;;1;1;CM-2004;6,209;6;19;2;;;1;2;2;;;1;1
4;5;7;19;0;;1;1;GU-203;1,736;6;4;2;;;1;1;1;;;1;1
5;7;11;19;0;;1;1;CM-2004;3,79;6;17;2;;;1;1;1;;;1;3
8;3;22;19;0;;1;1;CM-2004;10,9;6;20;2;;;1;5;1;;;1;1
10;6;0;19;0;;1;1;CM-2004;3,79;6;18;2;;;1;6;1;;;1;2
2;5;21;19;0;;1;1;N-204;18,1;6;16;2;;;3;6;1;;;1;2
12;3;15;19;0;;1;1;GU-996;0,8;6;6;2;;;1;1;1;;;17;1
9;2;20;19;0;;1;1;GU-CV-149;0,8;10;1;2;;;1;2;1;;;1;1
2;5;23;19;0;;3;2;No inventariada;;9;1;1;4;;1;6;1;;;1;998
2;2;13;19;0;;1;1;CM-101;7,78;6;7;2;;;1;1;1;;;1;1
4;1;12;19;0;;1;1;CM-101;9,1;6;2;1;5;;1;1;1;;;1;1
5;3;20;19;0;;1;1;FONTANAR-Y;0,85;10;12;2;;;8;1;1;;;1;1
6;3;21;19;0;;3;2;No inventariada;;9;20;2;;;1;4;1;;;1;998
6;6;13;19;0;;1;1;GU-192;0,5;6;19;2;;;8;1;1;;;1;2
8;2;19;19;19058;;1;1;CM-1008a;1,316;6;19;2;;;1;1;1;;;18;1
9;4;16;19;0;;3;2;No inventariada;;9;2;1;2;;1;1;1;;;1;998
11;4;14;19;0;;1;1;CM-101;8,2;5;4;2;;;1;1;1;;;1;1
8;4;11;19;0;;1;1;GU-977;1,053;6;15;2;;;8;1;1;;;1;1
11;7;11;19;0;;1;1;CM-1001;31;6;12;1;2;CM-1001a;1;1;1;;;1;3
2;5;17;19;0;;1;1;N-320;239;6;4;2;;;3;1;2;;;1;1
8;4;7;19;0;;1;1;CM-200;109;6;14;2;;;1;2;1;;;1;2
4;6;7;19;0;;1;1;CM-2028;2,35;6;8;2;;;1;1;1;;;1;1
8;2;16;19;0;;1;1;CM-200;108,2;6;19;2;;;1;1;1;;;1;1
8;2;9;19;0;;1;1;CM-2028;2,5;6;17;2;;;1;1;1;;;1;1
12;6;17;19;0;;1;1;CM-2028;1,725;6;16;1;2;CM-2001;1;1;1;;;1;2
3;7;13;19;0;;1;1;A-2;88,623;3;4;2;;;3;1;3;;;1;1
9;1;16;19;0;;1;1;A-2;90,424;3;4;2;;;1;1;1;;;1;1
4;1;21;19;0;;1;1;N-320;309,984;6;19;1;2;;3;6;3;;;1;2
7;5;10;19;0;;1;1;N-320;310;6;2;1;5;;1;1;1;;;1;1
9;4;5;19;0;;1;1;N-320;309,96;6;2;1;4;;1;6;1;;;1;1
12;5;20;19;0;;1;1;N-320;311,1;6;1;2;;;1;6;1;;;1;1
1;1;19;19;19130;;1;1;A-2;62;3;12;2;;;3;6;3;;;5;1
1;1;15;19;19130;;3;2;No inventariada;;9;3;2;;;1;1;1;;;18;998
1;3;20;19;19130;;3;2;No inventariada;;14;7;2;;;3;5;3;;;5;998
2;5;17;19;19130;;3;2;No inventariada;;9;2;1;4;;1;1;1;;;1;998
2;5;14;19;19058;;1;1;A-2;50,7;3;2;2;;;1;1;1;;;1;1
2;2;14;19;19130;;3;2;No inventariada;;9;2;1;1;;1;1;1;;;1;998
2;1;12;19;19130;;3;2;No inventariada;;9;2;1;2;;1;1;1;;;9;998
3;2;23;19;19058;;1;1;A-2;50,917;3;4;2;;;1;4;1;;;1;1
3;4;10;19;19130;;1;1;A-2;53,1;3;3;2;;;1;1;1;;;1;2
3;3;10;19;19130;;3;2;No inventariada;;9;7;2;;;1;1;1;;;1;998
3;6;17;19;19130;;1;1;A-2;51,4;3;6;2;;;3;1;3;;;1;1
3;3;18;19;19130;;1;1;A-2;52,392;3;12;2;;;3;1;3;;1;1;1
3;4;10;19;19130;;1;1;A-2;61;3;5;2;;;1;1;2;;;1;1
3;4;12;19;19130;;1;1;A-2;57,9;3;4;2;;;1;1;2;;;1;1
3;1;22;19;19130;;1;1;CM-101;5,2;6;19;2;;;3;6;3;;;10;2
4;4;16;19;19130;;1;1;A-2;52,2;3;3;2;;;1;1;1;;;1;1
4;3;18;19;19130;;3;2;No inventariada;;9;7;2;;;1;1;1;;;1;998
4;4;14;19;19130;;3;2;No inventariada;;9;7;2;;;1;1;1;;;1;998
1;6;20;19;19130;;3;2;No inventariada;;9;2;2;;;1;4;1;;;1;998
5;6;11;19;19130;;1;1;CM-101;5,4;6;4;2;;;1;1;1;;;1;1
2;6;21;19;19130;;3;2;No inventariada;;9;2;1;1;;1;4;1;;;1;998
4;2;21;19;19130;;3;2;No inventariada;;9;7;2;;;1;2;1;;;9;998
4;1;13;19;19130;;3;2;No inventariada;;9;2;2;;;1;1;1;;;1;998
4;4;14;19;19130;;3;2;No inventariada;;9;7;2;;;1;1;1;;;1;998
5;6;15;19;19130;;3;2;No inventariada;;9;10;2;;;1;1;1;;;1;998
5;1;14;19;19130;;1;1;CM-101;3;6;4;2;;;1;1;1;;;1;1
5;6;20;19;19130;;3;2;No inventariada;;14;2;1;4;;1;2;1;;;1;998
3;5;9;19;19130;;3;2;No inventariada;;9;2;1;4;;3;1;2;;;1;998
5;1;23;19;19130;;1;1;CM-2004;15;6;8;2;;;1;6;2;;;1;1
6;3;14;19;19130;;1;1;A-2;64,801;3;4;2;;;1;1;1;;;1;1
6;5;10;19;19130;;1;1;A-2;52,3;3;4;2;;;1;1;1;;;1;1
5;5;14;19;19130;;3;2;No inventariada;;9;4;2;;;1;1;1;;;18;998
6;4;12;19;19130;;3;2;No inventariada;;9;2;1;4;;1;1;1;;;1;998
6;4;21;19;19130;;3;2;No inventariada;;9;7;2;;;1;2;2;;;1;998
6;5;19;19;19130;;3;2;No inventariada;;9;4;2;;;1;1;1;;;1;998
6;1;9;19;19130;;3;2;No inventariada;;9;7;2;;;1;1;1;;;1;998
6;3;21;19;19130;;3;2;No inventariada;;9;7;2;;;1;1;1;;;1;998
6;6;13;19;19130;;3;2;No inventariada;;9;4;2;;;1;1;1;;;1;998
6;2;9;19;19130;;3;2;No inventariada;;9;1;1;1;;1;1;1;;;1;998
7;5;15;19;19130;;3;2;No inventariada;;9;4;1;4;;1;1;1;;;1;998
7;1;11;19;19130;;1;1;A-2;52,45;3;4;2;;;1;1;1;;;1;1
7;4;20;19;19130;;3;2;No inventariada;;14;2;2;;;1;1;1;;;1;998
7;6;20;19;19130;;1;1;CM-2004;2,8;6;18;2;;;1;1;1;;;1;3
7;3;11;19;19130;;3;2;No inventariada;;9;7;2;;;1;1;1;;;1;998
7;1;15;19;19130;;1;1;A-2;51;8;10;1;4;N-320;7;1;1;;;1;2
7;6;22;19;19130;;3;2;No inventariada;;9;7;2;;;8;3;1;;;1;998
8;4;13;19;19130;;1;1;CM-10;6,264;3;3;1;4;CM-10a;1;1;1;;;1;2
8;2;14;19;19130;;3;2;No inventariada;;9;3;2;;;1;1;1;;;1;998
8;5;12;19;19130;;1;1;CM-101;1,4;6;2;2;;;1;1;1;;;1;1
8;7;18;19;19130;;1;1;A-2;57;3;3;2;;;1;1;1;;;1;1
8;3;9;19;19130;;1;1;N-320;267,5;6;18;2;;;1;1;1;;;1;2
8;3;13;19;19130;;1;1;A-2;61,586;3;4;2;;;1;1;1;;;1;1
8;5;13;19;19130;;1;1;A-2;62,8;3;4;2;;;1;1;1;;;1;1
8;2;11;19;19130;;3;2;No inventariada;;9;7;1;2;;1;1;1;;;1;998
8;5;22;19;19130;;1;1;A-2;60,3;3;4;2;;;4;6;4;;;5;1
9;4;8;19;19130;;3;2;No inventariada;;9;7;2;;;1;1;1;;;18;998
7;6;6;19;19130;;3;2;No inventariada;;14;2;1;4;;1;3;1;;;1;998
9;5;0;19;19130;;1;1;A-2;59,6;3;15;2;;;3;6;3;;;1;1
9;3;11;19;19130;;3;2;No inventariada;;9;4;2;;;1;1;1;;;1;998
9;4;8;19;19130;;3;2;No inventariada;;9;7;2;;;1;1;2;;;18;998
9;6;18;19;19130;;1;1;A-2;58,029;3;20;2;;;1;1;1;;;1;2
10;5;19;19;19130;;1;1;GU-905;3,486;6;4;2;;;1;2;1;;;1;2
10;2;14;19;19130;;1;1;N-320;269,495;5;2;2;;;3;1;3;;;1;1
10;4;7;19;19130;;1;1;A-2;52,5;3;5;2;;;3;1;4;;;1;1
10;2;10;19;19130;;3;2;No inventariada;;9;7;1;1;;1;1;1;;;6;998
10;3;21;19;19130;;3;2;No inventariada;;14;2;1;4;;1;4;3;;;1;998
10;5;11;19;19130;;3;2;No inventariada;;9;2;2;;;1;1;1;;;18;998
10;3;21;19;19130;;3;2;No inventariada;;9;4;1;2;;1;4;7;;;1;998
10;3;6;19;19130;;1;1;A-2;60,414;3;14;2;;;3;6;3;;1;1;1
11;5;10;19;19130;;1;1;A-2;64,3;3;9;2;;;1;1;1;;;1;1
11;5;5;19;0;;1;1;A-2;69;3;14;2;;;1;6;1;;;1;1
10;2;18;19;19130;;3;2;No inventariada;;9;7;1;4;;3;4;3;;;18;998
11;4;15;19;19130;;1;1;A-2;51,7;3;4;2;;;1;1;1;;;1;1
11;5;19;19;19130;;1;1;CM-101;1;6;4;1;4;CM-10;1;2;1;;;18;1
11;3;7;19;19130;;1;1;A-2;54;3;4;2;;;1;2;1;;;1;1
11;1;21;19;19130;;3;2;No inventariada;;9;2;2;;;1;4;2;;;9;998
11;5;16;19;19130;;1;1;CM-2004;14,378;6;14;2;;;1;1;1;;;1;1
11;6;13;19;19130;;3;2;No inventariada;;9;2;1;4;;1;1;1;;;1;998
12;7;17;19;19130;;1;1;N-320a;268,385;6;19;2;;;1;1;1;;;1;2
12;3;19;19;19130;;1;1;R-2;58,088;1;8;2;;;1;6;1;;;1;1
12;2;10;19;19130;;3;2;No inventariada;;9;7;1;1;;1;1;1;;;6;998
12;4;21;19;19130;;3;2;No inventariada;;9;3;2;;;1;3;1;;;1;998
12;3;17;19;19130;;1;1;A-2;67,467;3;3;2;;;1;2;1;;;1;1