MES;DIA_SEMANA;HORA;COD_PROVINCIA;COD_MUNICIPIO;ISLA;ZONA;ZONA_AGRUPADA;CARRETERA;KM;TIPO_VIA;TIPO_ACCIDENTE;NUDO;NUDO_INFO;CARRETERA_CRUCE;CONDICION_FIRME;CONDICION_ILUMINACION;CONDICION_METEO;CONDICION_NIEBLA;CONDICION_VIENTO;VISIB_RESTRINGIDA_POR;TRAZADO_PLANTA
1;4;16;19;0;;1;1;N-211;50;6;14;2;;;3;1;3;;;1;1
2;7;17;19;0;;1;1;N-211;52,345;6;14;2;;;1;1;1;;;1;1
5;6;9;19;0;;1;1;CM-1003;20,35;6;16;2;;;1;1;1;;;1;2
1;3;7;19;0;;1;1;N-320;260,66;6;14;2;;;3;6;3;;;18;2
4;7;18;19;0;;1;1;N-320;258,8;6;4;2;;;1;1;1;;;1;1
4;1;20;19;0;;1;1;N-320;264,04;6;4;2;;;1;2;2;;;1;1
7;7;19;19;0;;1;1;N-320;262,805;6;16;2;;;1;1;1;;;1;1
8;4;19;19;0;;1;1;N-320;256,666;6;16;2;;;1;1;1;;;1;1
9;2;13;19;0;;1;1;N-320;260,159;6;3;2;;;1;1;1;;;9;1
9;5;7;19;0;;1;1;GU-205;9,7;6;18;2;;;1;1;1;;;1;2
9;6;14;19;0;;1;1;CM-1006;29,3;6;19;2;;;1;1;1;;;1;2
3;7;19;19;0;;1;1;CM-101;21;6;4;2;;;1;2;1;;;1;1
8;1;16;19;0;;3;2;No inventariada;;9;12;2;;;1;1;1;;;1;998
5;5;13;19;0;;1;1;GU-282;0,9;6;18;2;;;1;1;1;;;1;2
3;6;18;19;0;;1;1;CM-101;50,5;6;19;1;4;CM-1053;1;2;2;;;1;2
1;4;12;19;0;;1;1;GU-159;0,4;6;18;2;;;3;1;3;1;;1;2
9;7;5;19;0;;1;1;A-2;94,515;3;16;1;10;GU-115;1;6;1;;;1;1
6;7;8;19;0;;1;1;CM-2028;8,081;6;14;2;;;1;1;1;;;1;3
6;4;14;19;0;;1;1;GU-206;0,5;6;14;2;;;1;1;1;;;1;2
7;1;16;19;0;;3;2;No inventariada;;9;7;2;;;1;1;1;;;1;998
10;7;16;19;0;;3;2;No inventariada;;9;16;1;4;;1;1;1;;;1;998
6;1;12;19;0;;1;1;GU-921;9,5;6;3;1;2;GU-909;1;1;1;;;1;1
10;4;16;19;0;;1;1;CM-2113;7;6;15;1;2;GU-952;3;1;2;;;1;2
2;1;12;19;0;;1;1;N-211;15,45;6;14;2;;;1;1;1;;;1;1
9;6;12;19;0;;1;1;N-211;17,7;6;1;2;;;1;1;1;;;1;1
8;2;13;19;0;;1;1;GU-199;9,354;6;18;2;;;1;1;1;;;1;3
12;1;20;19;0;;1;1;N-211;12,8;6;18;2;;;1;6;1;;;1;1
2;7;18;19;19171;;1;1;CM-1002;6,5;6;15;2;;;3;1;3;;;1;3
2;1;19;19;19171;;1;1;R-2;54,402;1;6;2;;;1;4;1;;;1;1
4;6;23;19;19171;;2;2;CM-1002;3,191;6;18;2;;;1;4;1;;;1;3
4;7;14;19;19171;;3;2;No inventariada;;9;3;1;2;;1;1;1;;;1;998
4;6;0;19;19171;;2;2;CM-1002;3,9;6;2;1;2;;1;3;1;;;1;1
6;7;15;19;0;;1;1;CM-1002;28;6;12;2;;;1;1;1;;;1;1
10;1;8;19;19171;;2;2;CM-1002;4,041;6;7;2;;;1;4;2;;;1;1
12;3;19;19;0;;1;1;N-211;27,7;6;2;2;;;1;6;1;;;1;1
5;1;16;19;0;;1;1;CM-2111;15;6;19;2;;;1;1;2;;;1;1
9;3;9;19;0;;1;1;GU-CV-150;0,1;10;9;2;;;1;1;1;;;1;3
9;7;17;19;0;;1;1;CM-1004;13,862;6;18;2;;;1;1;1;;;1;1
6;5;15;19;0;;1;1;CM-1001;67,5;6;18;2;;;1;1;1;;;1;1
3;4;6;19;0;;1;1;A-2;105,386;3;4;2;;;1;6;1;;;1;1
7;1;22;19;0;;1;1;A-2;80;3;6;2;;;3;6;3;;1;17;1
11;6;13;19;0;;1;1;CM-1003;35,74;6;14;2;;;3;1;3;;;1;2
12;5;13;19;0;;1;1;GU-423;1,873;6;13;2;;;1;1;1;;;1;2
1;3;10;19;0;;1;1;CM-101;18,042;6;15;2;;;1;1;2;;;1;1
4;3;19;19;0;;2;2;CM-210;100,587;6;7;2;;;1;1;1;;;1;1
4;7;7;19;0;;1;1;N-211;68,1;6;14;2;;;1;1;1;;;1;1
7;2;9;19;0;;3;2;No inventariada;;9;7;1;1;;1;1;1;;;1;998
5;2;20;19;0;;3;2;No inventariada;;9;7;1;1;;1;1;1;;;6;998
8;3;20;19;0;;3;2;No inventariada;;9;10;2;;;9;2;7;;;18;998
1;6;16;19;0;;3;2;No inventariada;;9;7;2;;;1;1;1;;;3;998
8;1;23;19;0;;1;1;CM-2029;6,679;6;4;1;2;;1;6;1;;;1;1
11;7;16;19;0;;1;1;CM-2029;6;6;12;2;;;1;1;1;;;18;1
4;3;1;19;0;;1;1;GU-209;3;6;18;2;;;1;6;1;;;17;3
5;6;16;19;0;;1;1;GU-209;4;6;8;2;;;1;1;1;;;1;1
7;2;20;19;0;;1;1;GU-209;2,842;6;8;2;;;1;2;1;;;4;1
10;1;9;19;0;;1;1;N-211;74,85;6;4;2;;;1;1;1;;;1;1
1;3;11;19;0;;1;1;GU-177;0,1;6;6;2;;;1;1;2;1;;1;1
6;6;11;19;0;;1;1;N-204;19,75;6;19;2;;;1;1;1;;;1;2
6;6;16;19;0;;1;1;GU-CV-146;7,5;10;15;2;;;1;1;1;;;1;1
1;7;13;19;0;;1;1;N-204;7,45;6;16;2;;;1;1;1;;;1;2
2;4;21;19;0;;1;1;N-204;12,45;6;18;2;;;1;6;1;;;1;2
3;2;17;19;0;;1;1;N-204;10,882;6;10;2;;;1;1;1;;;1;2
4;7;16;19;0;;1;1;N-204;12,85;6;12;2;;;1;1;1;;;4;2
4;4;11;19;0;;1;1;CM-200;95,8;6;7;2;;;1;1;1;;;1;1
6;6;13;19;0;;1;1;CM-200;98;6;16;2;;;1;1;1;;;1;2
7;6;13;19;0;;1;1;CM-200;97;6;4;2;;;1;1;1;;;18;1
7;7;12;19;0;;1;1;CM-2015;24,7;6;16;2;;;1;1;1;;;1;2
1;7;14;19;0;;1;1;GU-206;0,5;6;12;2;;;3;1;3;;;1;2
5;3;22;19;19220;;1;1;GU-206;6,588;6;18;1;1;;1;4;2;;;1;1
8;3;22;19;19220;;1;1;CM-234;1,063;6;1;2;;;1;4;1;;;9;1
10;1;7;19;19220;;3;2;No inventariada;;9;2;2;;;1;6;1;;;1;998
11;3;7;19;19220;;1;1;CM-2004;22,2;6;2;1;2;GU-206;1;2;1;;;1;1
3;7;20;19;0;;1;1;CM-210;65,9;6;12;2;;;6;2;6;;;5;1
1;7;10;19;19130;;1;1;CM-2027;2,7;6;19;2;;;3;1;1;;;1;2
5;2;7;19;0;;1;1;CM-235;0,4;6;4;1;4;CM-235;1;1;1;;;1;1
10;4;18;19;0;;1;1;CM-235;1,469;6;4;2;;;1;1;1;;;1;1
7;5;17;19;0;;1;1;GU-961;1,2;6;17;2;;;1;1;1;;;1;2
3;7;11;19;0;;1;1;CM-1001;21,9;6;8;2;;;1;1;1;;;1;1
9;1;8;19;0;;1;1;CM-1004;11,58;6;19;2;;;1;2;1;;;6;2
4;6;12;19;0;;1;1;CM-1004;6,8;6;19;2;;;1;1;1;;;1;2
8;4;9;19;0;;1;1;GU-929;3;6;18;2;;;3;1;2;;;1;2
4;6;21;19;0;;2;2;N-320a;221,073;6;2;2;;;1;4;1;;;1;3
8;1;11;19;0;;3;2;No inventariada;;9;7;2;;;1;1;1;;;1;998
8;3;21;19;0;;1;1;N-320;215;6;2;2;;;1;2;1;;;1;2
9;7;12;19;0;;1;1;GU-987;1,8;6;13;2;;;2;1;1;;;1;3
8;5;20;19;0;;1;1;CM-2009;7,422;6;15;2;;;1;2;1;;;1;1
1;3;21;19;0;;1;1;N-211;38,69;6;8;2;;;1;6;1;;;1;1
3;1;11;19;0;;1;1;N-211;36;6;18;2;;;1;1;1;;;1;1
3;4;15;19;0;;1;1;CM-1101;15;6;19;2;;;1;1;1;;;1;2
3;4;12;19;0;;1;1;GU-170;4,5;6;16;2;;;1;1;2;;;1;1
7;2;11;19;0;;1;1;CM-1101;21,05;6;4;1;2;GU-118;1;1;1;;;1;1
11;6;9;19;0;;1;1;CM-110;18,5;6;7;2;;;1;1;1;;;9;1
11;3;9;19;0;;1;1;CM-110;21,1;6;10;2;;;7;1;2;;;1;2
11;2;8;19;0;;1;1;CM-110;18,5;6;7;2;;;1;2;1;;;2;1
3;3;12;19;0;;1;1;GU-CR8;7;10;14;2;;;1;1;1;;;1;2
10;1;12;19;0;;1;1;CM-1004;5;6;14;2;;;1;1;1;;;1;1
11;6;10;19;0;;1;1;GU-186;2,326;6;19;2;;;3;1;1;;;1;3
8;7;13;19;0;;1;1;CM-210;72,3;6;1;2;;;1;1;1;;;1;2
2;4;13;19;0;;2;2;N-320;249,766;8;14;2;;;1;1;1;;;1;1
8;1;21;19;0;;1;1;GU-977;0;6;8;2;;;1;1;1;;;1;1
11;5;10;19;0;;1;1;CM-210;89;6;18;2;;;3;1;1;;;1;2
3;6;16;19;0;;1;1;CM-1001;45,444;6;19;2;;;2;1;1;;;1;2
6;7;22;19;0;;1;1;A-2;73;3;10;2;;;1;6;1;;;1;1
9;2;17;19;0;;1;1;A-2;71,2;3;4;2;;;1;1;1;;;1;1
11;3;6;19;0;;1;1;GU-190;0,8;6;2;2;;;1;4;1;;;1;1
12;2;11;19;0;;1;1;A-2;69,725;7;19;2;;;1;1;1;;;1;1
12;4;0;19;0;;1;1;A-2;73,944;3;5;2;;;1;6;1;;;1;1
2;4;17;19;19280;;3;2;No inventariada;;9;2;1;1;;1;1;1;;;9;998
2;2;15;19;19280;;3;2;No inventariada;;9;19;1;2;N-320;1;1;2;;;1;998
8;6;19;19;0;;1;1;N-320;301,9;6;1;2;;;3;1;4;;;1;2
11;5;9;19;19280;;1;1;N-320;309,583;6;4;2;;;1;1;1;;;1;1
11;1;1;19;19280;;1;1;N-320;305,8;6;1;2;;;1;6;1;;;1;2
3;7;19;19;0;;1;1;GU-928;11,5;6;18;2;;;3;6;3;;;1;2
4;5;19;19;0;;1;1;A-2;119,8;3;14;2;;;1;1;1;;;1;1
5;1;11;19;0;;1;1;GU-928;9,546;6;15;2;;;1;1;1;;;1;2
6;6;18;19;0;;1;1;GU-928;9,5;6;15;2;;;1;1;1;;;1;2
11;6;11;19;0;;1;1;GU-928;9,8;6;15;2;;;1;1;1;;;1;2
11;6;9;19;0;;1;1;A-2;116,2;3;4;2;;;1;1;1;;;1;1
12;2;8;19;0;;1;1;A-2;116;3;16;2;;;1;1;1;;;1;1
11;4;13;19;0;;1;1;CM-2015;76;6;14;2;;;1;1;1;;;1;1
4;6;17;19;0;;1;1;CM-1003;3,4;6;3;2;;;1;1;1;;;1;1
8;4;13;19;0;;1;1;CM-1003;7,547;6;19;2;;;1;1;1;;;1;1
11;2;17;19;0;;1;1;CM-1003;4,018;6;18;2;;;1;1;1;;;1;1
1;2;11;19;0;;3;2;No inventariada;;9;10;2;;;2;1;1;;;18;998
5;3;16;19;0;;3;2;No inventariada;;9;2;1;1;;1;6;1;;;1;998
8;7;17;19;0;;1;1;A-2;81;3;3;2;;;1;1;1;;;18;1
3;3;17;19;0;;1;1;CM-2115;1,1;10;18;2;;;3;1;2;;;1;2
8;7;20;19;0;;1;1;CM-2115;9;6;2;2;;;1;1;1;;;1;3
2;7;10;19;0;;1;1;CM-1002;39,4;6;16;2;;;1;1;1;;;1;1
2;6;12;19;0;;1;1;GU-202;1,5;6;2;2;;;1;1;1;;;4;2
6;7;2;19;0;;3;2;No inventariada;;9;6;2;;;1;4;1;;;9;998
8;2;4;19;0;;1;1;CM-1002;40,077;6;8;2;;;1;5;1;;;1;1
3;6;8;19;0;;1;1;CM-2027;4,65;6;17;2;;;1;1;1;;;1;1
9;3;12;19;0;;1;1;GU-205;9,771;6;19;2;;;1;1;1;;;1;2
10;5;12;19;0;;1;1;GU-205;9,724;6;15;2;;;1;1;1;;;1;2
3;7;15;19;0;;1;1;GU-102;8,171;6;12;2;;;1;1;1;;;1;2
5;1;17;19;0;;1;1;N-320;299,5;6;4;2;;;1;1;1;;;1;1
2;4;14;19;0;;1;1;CM-2007;8;6;15;2;;;1;1;1;;;1;1
8;7;16;19;0;;1;1;GU-907;3,303;6;14;2;;;1;1;1;;;1;1
11;7;14;19;0;;3;2;No inventariada;;13;10;2;;;1;1;1;;;1;998
10;6;17;19;0;;1;1;GU-211;22,8;6;15;2;;;8;1;5;;;1;2
6;1;13;19;0;;1;1;CM-2015;43,5;6;19;2;;;1;1;1;;;1;2
12;6;9;19;0;;1;1;CM-2015;42;6;15;2;;;5;1;2;;;5;2
3;5;11;19;19319;;3;2;No inventariada;;9;12;2;;;3;1;3;;;1;998
11;1;15;19;19319;;1;1;R-2;38,98;1;4;2;;;1;1;1;;;1;1
11;5;14;19;19319;;3;2;No inventariada;;9;7;2;;;1;1;1;;;1;998
10;1;15;19;0;;2;2;GU-428;0,5;6;17;2;;;1;1;1;;;1;1
2;6;19;19;19326;;1;1;GU-204;2,503;6;12;2;;;1;6;1;;;1;3
5;4;5;19;19130;;1;1;N-320;268,5;6;8;2;;;1;6;1;;;1;2
7;7;13;19;19326;;1;1;GU-205;6,145;6;16;2;;;1;1;1;;;1;2
7;7;19;19;19326;;3;2;No inventariada;;9;7;2;;;1;1;1;;;9;998
8;2;14;19;0;;1;1;N-320;265,582;6;2;2;;;1;1;1;;;1;1
8;4;1;19;19326;;3;2;No inventariada;;9;10;2;;;1;4;1;;;8;998
8;1;14;19;0;;1;1;CM-2001;19,5;6;14;2;;;1;1;1;;;1;1
9;3;8;19;0;;1;1;CM-2001;11,9;6;18;2;;;1;1;2;;;1;2
3;7;12;19;0;;1;1;CM-1006;3,1;6;16;2;;;1;1;1;;;1;2
1;1;12;20;20069;;3;2;No inventariada;;9;18;2;;;999;999;999;;;999;998
1;1;13;20;20069;;3;2;No inventariada;;9;4;2;;;999;999;999;;;999;998
1;1;21;20;20069;;3;2;No inventariada;;9;2;2;;;999;999;999;;;999;998
1;2;21;20;20069;;3;2;No inventariada;;9;2;2;;;999;999;999;;;999;998
1;4;3;20;20069;;3;2;No inventariada;;9;6;2;;;999;999;999;;;999;998
1;4;10;20;20069;;3;2;No inventariada;;9;3;2;;;999;999;999;;;999;998
1;4;14;20;20069;;3;2;No inventariada;;9;3;2;;;999;999;999;;;999;998
1;4;18;20;20069;;3;2;No inventariada;;9;4;2;;;999;999;999;;;999;998
1;5;15;20;20069;;3;2;No inventariada;;9;4;2;;;999;999;999;;;999;998
1;1;18;20;20069;;3;2;No inventariada;;9;7;2;;;999;999;999;;;999;998
1;1;18;20;20069;;3;2;No inventariada;;9;6;2;;;999;999;999;;;999;998
1;1;18;20;20069;;3;2;No inventariada;;9;7;2;;;999;999;999;;;999;998
1;2;7;20;20069;;3;2;No inventariada;;9;7;2;;;999;999;999;;;999;998
1;2;17;20;20069;;3;2;No inventariada;;9;2;2;;;999;999;999;;;999;998
1;2;18;20;20069;;3;2;No inventariada;;9;7;2;;;999;999;999;;;999;998
1;3;9;20;20069;;3;2;No inventariada;;9;2;2;;;999;999;999;;;999;998
1;3;17;20;20069;;3;2;No inventariada;;9;20;2;;;999;999;999;;;999;998
1;4;18;20;20069;;3;2;No inventariada;;9;7;2;;;999;999;999;;;999;998
1;5;9;20;20069;;3;2;No inventariada;;9;7;2;;;999;999;999;;;999;998
1;5;12;20;20069;;3;2;No inventariada;;9;2;2;;;999;999;999;;;999;998
1;6;12;20;20069;;3;2;No inventariada;;9;4;2;;;999;999;999;;;999;998
1;6;21;20;20069;;3;2;No inventariada;;9;7;2;;;999;999;999;;;999;998
1;7;10;20;20069;;3;2;No inventariada;;9;20;2;;;999;999;999;;;999;998
1;7;16;20;20069;;3;2;No inventariada;;9;9;2;;;999;999;999;;;999;998
1;2;11;20;20069;;3;2;No inventariada;;9;20;2;;;999;999;999;;;999;998
1;2;14;20;20069;;3;2;No inventariada;;9;20;2;;;999;999;999;;;999;998
1;2;22;20;20069;;3;2;No inventariada;;9;4;2;;;999;999;999;;;999;998
1;3;12;20;20069;;3;2;No inventariada;;9;3;2;;;999;999;999;;;999;998
1;3;15;20;20069;;3;2;No inventariada;;9;2;2;;;999;999;999;;;999;998
1;4;8;20;20069;;3;2;No inventariada;;9;7;2;;;999;999;999;;;999;998
1;4;8;20;20069;;3;2;No inventariada;;9;7;2;;;999;999;999;;;999;998
1;5;11;20;20069;;3;2;No inventariada;;9;20;2;;;999;999;999;;;999;998
1;5;13;20;20069;;3;2;No inventariada;;9;1;2;;;999;999;999;;;999;998
1;6;0;20;20069;;3;2;No inventariada;;9;7;2;;;999;999;999;;;999;998
1;6;13;20;20069;;3;2;No inventariada;;9;6;2;;;999;999;999;;;999;998
1;7;15;20;20069;;3;2;No inventariada;;9;7;2;;;999;999;999;;;999;998
1;1;19;20;20069;;3;2;No inventariada;;9;5;2;;;999;999;999;;;999;998
1;2;8;20;20069;;3;2;No inventariada;;9;9;2;;;999;999;999;;;999;998
1;2;14;20;20069;;3;2;No inventariada;;9;3;2;;;999;999;999;;;999;998
1;2;19;20;20069;;3;2;No inventariada;;9;4;2;;;999;999;999;;;999;998
1;3;13;20;20069;;3;2;No inventariada;;9;4;2;;;999;999;999;;;999;998
1;3;18;20;20069;;3;2;No inventariada;;9;2;2;;;999;999;999;;;999;998
1;5;8;20;20069;;3;2;No inventariada;;9;2;2;;;999;999;999;;;999;998
1;1;18;20;20069;;3;2;No inventariada;;9;2;2;;;999;999;999;;;999;998
1;2;7;20;20069;;3;2;No inventariada;;9;2;2;;;999;999;999;;;999;998
1;2;11;20;20069;;3;2;No inventariada;;9;20;2;;;999;999;999;;;999;998
1;3;9;20;20069;;3;2;No inventariada;;9;4;2;;;999;999;999;;;999;998
1;3;19;20;20069;;3;2;No inventariada;;9;4;2;;;999;999;999;;;999;998
2;4;16;20;20069;;3;2;No inventariada;;9;3;2;;;999;999;999;;;999;998
2;4;16;20;20069;;3;2;No inventariada;;9;3;2;;;999;999;999;;;999;998
2;4;16;20;20069;;3;2;No inventariada;;9;3;2;;;999;999;999;;;999;998
2;4;20;20;20069;;3;2;No inventariada;;9;20;2;;;999;999;999;;;999;998
2;6;12;20;20069;;3;2;No inventariada;;9;2;2;;;999;999;999;;;999;998
2;1;7;20;20069;;3;2;No inventariada;;9;3;2;;;999;999;999;;;999;998
2;1;10;20;20069;;3;2;No inventariada;;9;4;2;;;999;999;999;;;999;998
2;1;13;20;20069;;3;2;No inventariada;;9;3;2;;;999;999;999;;;999;998
2;1;16;20;20069;;3;2;No inventariada;;9;3;2;;;999;999;999;;;999;998
2;2;16;20;20069;;3;2;No inventariada;;9;3;2;;;999;999;999;;;999;998
2;2;19;20;20069;;3;2;No inventariada;;9;2;2;;;999;999;999;;;999;998
2;3;18;20;20069;;3;2;No inventariada;;9;5;2;;;999;999;999;;;999;998
2;6;0;20;20069;;3;2;No inventariada;;9;2;2;;;999;999;999;;;999;998
2;6;0;20;20069;;3;2;No inventariada;;9;9;2;;;999;999;999;;;999;998
2;7;21;20;20069;;3;2;No inventariada;;9;20;2;;;999;999;999;;;999;998
2;7;22;20;20069;;3;2;No inventariada;;9;4;2;;;999;999;999;;;999;998
2;7;22;20;20069;;3;2;No inventariada;;9;2;2;;;999;999;999;;;999;998
2;2;11;20;20069;;3;2;No inventariada;;9;4;2;;;999;999;999;;;999;998
2;3;18;20;20069;;3;2;No inventariada;;9;16;2;;;999;999;999;;;999;998
2;4;23;20;20069;;3;2;No inventariada;;9;3;2;;;999;999;999;;;999;998
2;5;10;20;20069;;3;2;No inventariada;;9;1;2;;;999;999;999;;;999;998
2;6;13;20;20069;;3;2;No inventariada;;9;5;2;;;999;999;999;;;999;998
2;7;8;20;20069;;3;2;No inventariada;;9;3;2;;;999;999;999;;;999;998
2;7;14;20;20069;;3;2;No inventariada;;9;9;2;;;999;999;999;;;999;998
2;7;14;20;20069;;3;2;No inventariada;;9;20;2;;;999;999;999;;;999;998
2;7;16;20;20069;;3;2;No inventariada;;9;7;2;;;999;999;999;;;999;998
2;4;23;20;20069;;3;2;No inventariada;;9;2;2;;;999;999;999;;;999;998
2;2;11;20;20069;;3;2;No inventariada;;9;19;2;;;999;999;999;;;999;998
2;2;15;20;20069;;3;2;No inventariada;;9;2;2;;;999;999;999;;;999;998
2;3;19;20;20069;;3;2;No inventariada;;9;12;2;;;999;999;999;;;999;998
2;5;14;20;20069;;3;2;No inventariada;;9;4;2;;;999;999;999;;;999;998
2;5;22;20;20069;;3;2;No inventariada;;9;2;2;;;999;999;999;;;999;998
2;6;20;20;20069;;3;2;No inventariada;;9;4;2;;;999;999;999;;;999;998
2;1;21;20;20069;;3;2;No inventariada;;9;9;2;;;999;999;999;;;999;998
2;2;8;20;20069;;3;2;No inventariada;;9;4;2;;;999;999;999;;;999;998
2;2;20;20;20069;;3;2;No inventariada;;9;2;2;;;999;999;999;;;999;998
2;3;9;20;20069;;3;2;No inventariada;;9;7;2;;;999;999;999;;;999;998
2;3;13;20;20069;;3;2;No inventariada;;9;7;2;;;999;999;999;;;999;998
2;3;13;20;20069;;3;2;No inventariada;;9;2;2;;;999;999;999;;;999;998
3;5;14;20;20069;;3;2;No inventariada;;9;2;2;;;999;999;999;;;999;998
3;5;15;20;20069;;3;2;No inventariada;;9;2;2;;;999;999;999;;;999;998
3;5;20;20;20069;;3;2;No inventariada;;9;2;2;;;999;999;999;;;999;998
3;6;13;20;20069;;3;2;No inventariada;;9;1;2;;;999;999;999;;;999;998
3;7;7;20;20069;;3;2;No inventariada;;9;4;2;;;999;999;999;;;999;998
3;1;17;20;20069;;3;2;No inventariada;;9;9;2;;;999;999;999;;;999;998
3;2;19;20;20069;;3;2;No inventariada;;9;2;2;;;999;999;999;;;999;998
3;5;11;20;20069;;3;2;No inventariada;;9;20;2;;;999;999;999;;;999;998
3;5;11;20;20069;;3;2;No inventariada;;9;4;2;;;999;999;999;;;999;998
3;7;13;20;20069;;3;2;No inventariada;;9;2;2;;;999;999;999;;;999;998
3;2;9;20;20069;;3;2;No inventariada;;9;9;2;;;999;999;999;;;999;998
3;2;9;20;20069;;3;2;No inventariada;;9;4;2;;;999;999;999;;;999;998
3;2;20;20;20069;;3;2;No inventariada;;9;3;2;;;999;999;999;;;999;998
3;5;8;20;20069;;3;2;No inventariada;;9;2;2;;;999;999;999;;;999;998
3;5;13;20;20069;;3;2;No inventariada;;9;6;2;;;999;999;999;;;999;998
3;5;14;20;20069;;3;2;No inventariada;;9;2;2;;;999;999;999;;;999;998
3;7;7;20;20069;;3;2;No inventariada;;9;9;2;;;999;999;999;;;999;998
3;7;8;20;20069;;3;2;No inventariada;;9;2;2;;;999;999;999;;;999;998
3;7;20;20;20069;;3;2;No inventariada;;9;4;2;;;999;999;999;;;999;998
3;3;20;20;20069;;3;2;No inventariada;;9;7;2;;;999;999;999;;;999;998
3;4;7;20;20069;;3;2;No inventariada;;9;2;2;;;999;999;999;;;999;998
3;4;21;20;20069;;3;2;No inventariada;;9;2;2;;;999;999;999;;;999;998
3;4;21;20;20069;;3;2;No inventariada;;9;1;2;;;999;999;999;;;999;998
3;5;10;20;20069;;3;2;No inventariada;;9;2;2;;;999;999;999;;;999;998
3;5;19;20;20069;;3;2;No inventariada;;9;5;2;;;999;999;999;;;999;998
3;5;21;20;20069;;3;2;No inventariada;;9;7;2;;;999;999;999;;;999;998
3;5;22;20;20069;;3;2;No inventariada;;9;9;2;;;999;999;999;;;999;998
3;6;2;20;20069;;3;2;No inventariada;;9;16;2;;;999;999;999;;;999;998
3;6;15;20;20069;;3;2;No inventariada;;9;4;2;;;999;999;999;;;999;998
3;2;12;20;20069;;3;2;No inventariada;;9;7;2;;;999;999;999;;;999;998
3;2;14;20;20069;;3;2;No inventariada;;9;4;2;;;999;999;999;;;999;998
3;5;16;20;20069;;3;2;No inventariada;;9;12;2;;;999;999;999;;;999;998
3;6;9;20;20069;;3;2;No inventariada;;9;20;2;;;999;999;999;;;999;998
4;1;10;20;20069;;3;2;No inventariada;;9;2;2;;;999;999;999;;;999;998
4;1;12;20;20069;;3;2;No inventariada;;9;2;2;;;999;999;999;;;999;998
4;1;16;20;20069;;3;2;No inventariada;;9;6;2;;;999;999;999;;;999;998
4;5;2;20;20069;;3;2;No inventariada;;9;12;2;;;999;999;999;;;999;998
4;7;19;20;20069;;3;2;No inventariada;;9;4;2;;;999;999;999;;;999;998
4;1;12;20;20069;;3;2;No inventariada;;9;20;2;;;999;999;999;;;999;998
4;1;16;20;20069;;3;2;No inventariada;;9;2;2;;;999;999;999;;;999;998
4;1;19;20;20069;;3;2;No inventariada;;9;9;2;;;999;999;999;;;999;998
4;2;12;20;20069;;3;2;No inventariada;;9;4;2;;;999;999;999;;;999;998
4;2;15;20;20069;;3;2;No inventariada;;9;2;2;;;999;999;999;;;999;998
4;3;18;20;20069;;3;2;No inventariada;;9;4;2;;;999;999;999;;;999;998
4;3;19;20;20069;;3;2;No inventariada;;9;2;2;;;999;999;999;;;999;998
4;4;11;20;20069;;3;2;No inventariada;;9;3;2;;;999;999;999;;;999;998
4;4;13;20;20069;;3;2;No inventariada;;9;20;2;;;999;999;999;;;999;998
4;4;17;20;20069;;3;2;No inventariada;;9;4;2;;;999;999;999;;;999;998
4;5;13;20;20069;;3;2;No inventariada;;9;2;2;;;999;999;999;;;999;998
4;5;20;20;20069;;3;2;No inventariada;;9;7;2;;;999;999;999;;;999;998
4;5;21;20;20069;;3;2;No inventariada;;9;2;2;;;999;999;999;;;999;998
4;2;9;20;20069;;3;2;No inventariada;;9;9;2;;;999;999;999;;;999;998
4;4;12;20;20069;;3;2;No inventariada;;9;7;2;;;999;999;999;;;999;998
4;5;15;20;20069;;3;2;No inventariada;;9;2;2;;;999;999;999;;;999;998
4;5;14;20;20069;;3;2;No inventariada;;9;5;2;;;999;999;999;;;999;998
4;7;9;20;20069;;3;2;No inventariada;;9;6;2;;;999;999;999;;;999;998
4;3;8;20;20069;;3;2;No inventariada;;9;2;2;;;999;999;999;;;999;998
4;4;12;20;20069;;3;2;No inventariada;;9;4;2;;;999;999;999;;;999;998
4;5;15;20;20069;;3;2;No inventariada;;9;9;2;;;999;999;999;;;999;998
4;5;21;20;20069;;3;2;No inventariada;;9;7;2;;;999;999;999;;;999;998