MES;DIA_SEMANA;HORA;COD_PROVINCIA;COD_MUNICIPIO;ISLA;ZONA;ZONA_AGRUPADA;CARRETERA;KM;TIPO_VIA;TIPO_ACCIDENTE;NUDO;NUDO_INFO;CARRETERA_CRUCE;CONDICION_FIRME;CONDICION_ILUMINACION;CONDICION_METEO;CONDICION_NIEBLA;CONDICION_VIENTO;VISIB_RESTRINGIDA_POR;TRAZADO_PLANTA
4;6;12;20;20069;;3;2;No inventariada;;9;2;2;;;999;999;999;;;999;998
4;7;13;20;20069;;3;2;No inventariada;;9;7;2;;;999;999;999;;;999;998
4;7;13;20;20069;;3;2;No inventariada;;9;9;2;;;999;999;999;;;999;998
4;1;11;20;20069;;3;2;No inventariada;;9;4;2;;;999;999;999;;;999;998
5;4;8;20;20069;;3;2;No inventariada;;9;4;2;;;999;999;999;;;999;998
5;5;16;20;20069;;3;2;No inventariada;;9;2;2;;;999;999;999;;;999;998
5;5;17;20;20069;;3;2;No inventariada;;9;4;2;;;999;999;999;;;999;998
5;6;17;20;20069;;3;2;No inventariada;;9;7;2;;;999;999;999;;;999;998
5;1;17;20;20069;;3;2;No inventariada;;9;2;2;;;999;999;999;;;999;998
5;1;17;20;20069;;3;2;No inventariada;;9;7;2;;;999;999;999;;;999;998
5;2;9;20;20069;;3;2;No inventariada;;9;5;2;;;999;999;999;;;999;998
5;3;9;20;20069;;3;2;No inventariada;;9;2;2;;;999;999;999;;;999;998
5;3;12;20;20069;;3;2;No inventariada;;9;2;2;;;999;999;999;;;999;998
5;5;13;20;20069;;3;2;No inventariada;;9;2;2;;;999;999;999;;;999;998
5;5;21;20;20069;;3;2;No inventariada;;9;4;2;;;999;999;999;;;999;998
5;1;20;20;20069;;3;2;No inventariada;;9;2;2;;;999;999;999;;;999;998
5;3;13;20;20069;;3;2;No inventariada;;9;9;2;;;999;999;999;;;999;998
5;3;14;20;20069;;3;2;No inventariada;;9;20;2;;;999;999;999;;;999;998
5;4;9;20;20069;;3;2;No inventariada;;9;7;2;;;999;999;999;;;999;998
5;4;13;20;20069;;3;2;No inventariada;;9;6;2;;;999;999;999;;;999;998
5;5;23;20;20069;;3;2;No inventariada;;9;7;2;;;999;999;999;;;999;998
5;6;3;20;20069;;3;2;No inventariada;;9;20;2;;;999;999;999;;;999;998
5;6;18;20;20069;;3;2;No inventariada;;9;2;2;;;999;999;999;;;999;998
5;6;20;20;20069;;3;2;No inventariada;;9;7;2;;;999;999;999;;;999;998
5;6;17;20;20069;;3;2;No inventariada;;9;20;2;;;999;999;999;;;999;998
5;4;14;20;20069;;3;2;No inventariada;;9;20;2;;;999;999;999;;;999;998
5;1;16;20;20069;;3;2;No inventariada;;9;3;2;;;999;999;999;;;999;998
5;2;15;20;20069;;3;2;No inventariada;;9;9;2;;;999;999;999;;;999;998
5;2;16;20;20069;;3;2;No inventariada;;9;9;2;;;999;999;999;;;999;998
5;4;12;20;20069;;3;2;No inventariada;;9;20;2;;;999;999;999;;;999;998
5;4;17;20;20069;;3;2;No inventariada;;9;3;2;;;999;999;999;;;999;998
5;4;21;20;20069;;3;2;No inventariada;;9;7;2;;;999;999;999;;;999;998
5;5;9;20;20069;;3;2;No inventariada;;9;2;2;;;999;999;999;;;999;998
5;5;14;20;20069;;3;2;No inventariada;;9;4;2;;;999;999;999;;;999;998
5;6;19;20;20069;;3;2;No inventariada;;9;7;2;;;999;999;999;;;999;998
5;1;8;20;20069;;3;2;No inventariada;;9;2;2;;;999;999;999;;;999;998
5;1;19;20;20069;;3;2;No inventariada;;9;4;2;;;999;999;999;;;999;998
5;2;11;20;20069;;3;2;No inventariada;;9;4;2;;;999;999;999;;;999;998
5;3;18;20;20069;;3;2;No inventariada;;9;12;2;;;999;999;999;;;999;998
5;3;19;20;20069;;3;2;No inventariada;;9;3;2;;;999;999;999;;;999;998
5;3;19;20;20069;;3;2;No inventariada;;9;20;2;;;999;999;999;;;999;998
5;4;8;20;20069;;3;2;No inventariada;;9;7;2;;;999;999;999;;;999;998
5;4;14;20;20069;;3;2;No inventariada;;9;2;2;;;999;999;999;;;999;998
5;4;17;20;20069;;3;2;No inventariada;;9;2;2;;;999;999;999;;;999;998
6;6;15;20;20069;;3;2;No inventariada;;9;7;2;;;999;999;999;;;999;998
5;1;10;20;20069;;3;2;No inventariada;;9;2;2;;;999;999;999;;;999;998
6;6;20;20;20069;;3;2;No inventariada;;9;2;2;;;999;999;999;;;999;998
6;1;8;20;20069;;3;2;No inventariada;;9;4;2;;;999;999;999;;;999;998
6;2;11;20;20069;;3;2;No inventariada;;9;7;2;;;999;999;999;;;999;998
6;3;12;20;20069;;3;2;No inventariada;;9;7;2;;;999;999;999;;;999;998
6;3;13;20;20069;;3;2;No inventariada;;9;2;2;;;999;999;999;;;999;998
6;2;21;20;20069;;3;2;No inventariada;;9;3;2;;;999;999;999;;;999;998
6;3;18;20;20069;;3;2;No inventariada;;9;4;2;;;999;999;999;;;999;998
6;4;9;20;20069;;3;2;No inventariada;;9;3;2;;;999;999;999;;;999;998
6;4;17;20;20069;;3;2;No inventariada;;9;3;2;;;999;999;999;;;999;998
6;1;19;20;20069;;3;2;No inventariada;;9;2;2;;;999;999;999;;;999;998
6;2;7;20;20069;;3;2;No inventariada;;9;4;2;;;999;999;999;;;999;998
6;2;9;20;20069;;3;2;No inventariada;;9;4;2;;;999;999;999;;;999;998
6;2;10;20;20069;;3;2;No inventariada;;9;20;2;;;999;999;999;;;999;998
6;2;12;20;20069;;3;2;No inventariada;;9;7;2;;;999;999;999;;;999;998
6;2;13;20;20069;;3;2;No inventariada;;9;4;2;;;999;999;999;;;999;998
6;3;8;20;20069;;3;2;No inventariada;;9;4;2;;;999;999;999;;;999;998
6;3;14;20;20069;;3;2;No inventariada;;9;4;2;;;999;999;999;;;999;998
6;3;16;20;20069;;3;2;No inventariada;;9;7;2;;;999;999;999;;;999;998
6;3;22;20;20069;;3;2;No inventariada;;9;9;2;;;999;999;999;;;999;998
6;4;12;20;20069;;3;2;No inventariada;;9;9;2;;;999;999;999;;;999;998
6;4;14;20;20069;;3;2;No inventariada;;9;9;2;;;999;999;999;;;999;998
6;4;22;20;20069;;3;2;No inventariada;;9;14;2;;;999;999;999;;;999;998
6;5;13;20;20069;;3;2;No inventariada;;9;2;2;;;999;999;999;;;999;998
6;5;19;20;20069;;3;2;No inventariada;;9;12;2;;;999;999;999;;;999;998
6;1;13;20;20069;;3;2;No inventariada;;9;2;2;;;999;999;999;;;999;998
6;3;10;20;20069;;3;2;No inventariada;;9;4;2;;;999;999;999;;;999;998
6;3;14;20;20069;;3;2;No inventariada;;9;3;2;;;999;999;999;;;999;998
6;4;13;20;20069;;3;2;No inventariada;;9;4;2;;;999;999;999;;;999;998
6;4;16;20;20069;;3;2;No inventariada;;9;9;2;;;999;999;999;;;999;998
6;4;19;20;20069;;3;2;No inventariada;;9;2;2;;;999;999;999;;;999;998
6;5;15;20;20069;;3;2;No inventariada;;9;2;2;;;999;999;999;;;999;998
6;5;15;20;20069;;3;2;No inventariada;;9;3;2;;;999;999;999;;;999;998
6;7;21;20;20069;;3;2;No inventariada;;9;20;2;;;999;999;999;;;999;998
6;1;8;20;20069;;3;2;No inventariada;;9;20;2;;;999;999;999;;;999;998
6;3;14;20;20069;;3;2;No inventariada;;9;7;2;;;999;999;999;;;999;998
6;4;14;20;20069;;3;2;No inventariada;;9;2;2;;;999;999;999;;;999;998
6;4;23;20;20069;;3;2;No inventariada;;9;4;2;;;999;999;999;;;999;998
6;5;8;20;20069;;3;2;No inventariada;;9;9;2;;;999;999;999;;;999;998
6;5;13;20;20069;;3;2;No inventariada;;9;9;2;;;999;999;999;;;999;998
6;6;13;20;20069;;3;2;No inventariada;;9;7;2;;;999;999;999;;;999;998
7;1;12;20;20069;;3;2;No inventariada;;9;9;2;;;999;999;999;;;999;998
7;2;0;20;20069;;3;2;No inventariada;;9;16;2;;;999;999;999;;;999;998
7;2;11;20;20069;;3;2;No inventariada;;9;9;2;;;999;999;999;;;999;998
7;2;21;20;20069;;3;2;No inventariada;;9;2;2;;;999;999;999;;;999;998
7;3;9;20;20069;;3;2;No inventariada;;9;7;2;;;999;999;999;;;999;998
7;3;17;20;20069;;3;2;No inventariada;;9;7;2;;;999;999;999;;;999;998
7;3;18;20;20069;;3;2;No inventariada;;9;2;2;;;999;999;999;;;999;998
7;3;18;20;20069;;3;2;No inventariada;;9;2;2;;;999;999;999;;;999;998
7;4;18;20;20069;;3;2;No inventariada;;9;2;2;;;999;999;999;;;999;998
7;4;17;20;20069;;3;2;No inventariada;;9;9;2;;;999;999;999;;;999;998
7;5;14;20;20069;;3;2;No inventariada;;9;6;2;;;999;999;999;;;999;998
7;5;16;20;20069;;3;2;No inventariada;;9;1;2;;;999;999;999;;;999;998
7;5;16;20;20069;;3;2;No inventariada;;9;9;2;;;999;999;999;;;999;998
7;6;16;20;20069;;3;2;No inventariada;;9;9;2;;;999;999;999;;;999;998
7;6;23;20;20069;;3;2;No inventariada;;9;3;2;;;999;999;999;;;999;998
7;7;19;20;20069;;3;2;No inventariada;;9;6;2;;;999;999;999;;;999;998
5;1;9;20;20069;;3;2;No inventariada;;9;9;2;;;999;999;999;;;999;998
7;3;15;20;20069;;3;2;No inventariada;;9;2;2;;;999;999;999;;;999;998
7;3;17;20;20069;;3;2;No inventariada;;9;16;2;;;999;999;999;;;999;998
7;4;13;20;20069;;3;2;No inventariada;;9;1;2;;;999;999;999;;;999;998
7;4;16;20;20069;;3;2;No inventariada;;9;4;2;;;999;999;999;;;999;998
7;4;22;20;20069;;3;2;No inventariada;;9;7;2;;;999;999;999;;;999;998
7;4;23;20;20069;;3;2;No inventariada;;9;5;2;;;999;999;999;;;999;998
7;5;8;20;20069;;3;2;No inventariada;;9;4;2;;;999;999;999;;;999;998
7;5;14;20;20069;;3;2;No inventariada;;9;4;2;;;999;999;999;;;999;998
7;7;0;20;20069;;3;2;No inventariada;;9;12;2;;;999;999;999;;;999;998
7;7;18;20;20069;;3;2;No inventariada;;9;9;2;;;999;999;999;;;999;998
7;1;7;20;20069;;3;2;No inventariada;;9;4;2;;;999;999;999;;;999;998
7;1;16;20;20069;;3;2;No inventariada;;9;7;2;;;999;999;999;;;999;998
7;1;18;20;20069;;3;2;No inventariada;;9;20;2;;;999;999;999;;;999;998
7;1;12;20;20069;;3;2;No inventariada;;9;6;2;;;999;999;999;;;999;998
7;2;14;20;20069;;3;2;No inventariada;;9;3;2;;;999;999;999;;;999;998
7;2;19;20;20069;;3;2;No inventariada;;9;1;2;;;999;999;999;;;999;998
7;3;13;20;20069;;3;2;No inventariada;;9;9;2;;;999;999;999;;;999;998
7;3;16;20;20069;;3;2;No inventariada;;9;2;2;;;999;999;999;;;999;998
7;3;23;20;20069;;3;2;No inventariada;;9;2;2;;;999;999;999;;;999;998
7;4;6;20;20069;;3;2;No inventariada;;9;18;2;;;999;999;999;;;999;998
7;5;13;20;20069;;3;2;No inventariada;;9;9;2;;;999;999;999;;;999;998
7;6;20;20;20069;;3;2;No inventariada;;9;2;2;;;999;999;999;;;999;998
7;7;15;20;20069;;3;2;No inventariada;;9;4;2;;;999;999;999;;;999;998
7;1;15;20;20069;;3;2;No inventariada;;9;6;2;;;999;999;999;;;999;998
7;2;9;20;20069;;3;2;No inventariada;;9;2;2;;;999;999;999;;;999;998
7;2;10;20;20069;;3;2;No inventariada;;9;2;2;;;999;999;999;;;999;998
7;2;15;20;20069;;3;2;No inventariada;;9;7;2;;;999;999;999;;;999;998
7;2;16;20;20069;;3;2;No inventariada;;9;4;2;;;999;999;999;;;999;998
7;3;2;20;20069;;3;2;No inventariada;;9;7;2;;;999;999;999;;;999;998
7;3;19;20;20069;;3;2;No inventariada;;9;5;2;;;999;999;999;;;999;998
7;4;0;20;20069;;3;2;No inventariada;;9;20;2;;;999;999;999;;;999;998
7;6;13;20;20069;;3;2;No inventariada;;9;7;2;;;999;999;999;;;999;998
7;7;13;20;20069;;3;2;No inventariada;;9;6;2;;;999;999;999;;;999;998
7;1;7;20;20069;;3;2;No inventariada;;9;9;2;;;999;999;999;;;999;998
7;1;14;20;20069;;3;2;No inventariada;;9;7;2;;;999;999;999;;;999;998
7;2;16;20;20069;;3;2;No inventariada;;9;9;2;;;999;999;999;;;999;998
7;2;18;20;20069;;3;2;No inventariada;;9;2;2;;;999;999;999;;;999;998
7;3;16;20;20069;;3;2;No inventariada;;9;9;2;;;999;999;999;;;999;998
7;3;21;20;20069;;3;2;No inventariada;;9;4;2;;;999;999;999;;;999;998
8;4;11;20;20069;;3;2;No inventariada;;9;2;2;;;999;999;999;;;999;998
8;4;13;20;20069;;3;2;No inventariada;;9;4;2;;;999;999;999;;;999;998
8;4;19;20;20069;;3;2;No inventariada;;9;9;2;;;999;999;999;;;999;998
8;4;20;20;20069;;3;2;No inventariada;;9;9;2;;;999;999;999;;;999;998
8;4;21;20;20069;;3;2;No inventariada;;9;6;2;;;999;999;999;;;999;998
8;6;15;20;20069;;3;2;No inventariada;;9;6;2;;;999;999;999;;;999;998
8;6;16;20;20069;;3;2;No inventariada;;9;2;2;;;999;999;999;;;999;998
8;6;19;20;20069;;3;2;No inventariada;;9;4;2;;;999;999;999;;;999;998
8;7;22;20;20069;;3;2;No inventariada;;9;20;2;;;999;999;999;;;999;998
8;1;8;20;20069;;3;2;No inventariada;;9;3;2;;;999;999;999;;;999;998
8;4;15;20;20069;;3;2;No inventariada;;9;4;2;;;999;999;999;;;999;998
8;5;12;20;20069;;3;2;No inventariada;;9;2;2;;;999;999;999;;;999;998
8;5;12;20;20069;;3;2;No inventariada;;9;2;2;;;999;999;999;;;999;998
8;5;20;20;20069;;3;2;No inventariada;;9;2;2;;;999;999;999;;;999;998
8;6;19;20;20069;;3;2;No inventariada;;9;1;2;;;999;999;999;;;999;998
8;7;20;20;20069;;3;2;No inventariada;;9;4;2;;;999;999;999;;;999;998
8;7;21;20;20069;;3;2;No inventariada;;9;9;2;;;999;999;999;;;999;998
8;7;21;20;20069;;3;2;No inventariada;;9;9;2;;;999;999;999;;;999;998
8;1;17;20;20069;;3;2;No inventariada;;9;3;2;;;999;999;999;;;999;998
8;1;17;20;20069;;3;2;No inventariada;;9;4;2;;;999;999;999;;;999;998
8;2;12;20;20069;;3;2;No inventariada;;9;1;2;;;999;999;999;;;999;998
8;3;17;20;20069;;3;2;No inventariada;;9;2;2;;;999;999;999;;;999;998
8;3;9;20;20069;;3;2;No inventariada;;9;12;2;;;999;999;999;;;999;998
8;4;11;20;20069;;3;2;No inventariada;;9;9;2;;;999;999;999;;;999;998
8;4;19;20;20069;;3;2;No inventariada;;9;2;2;;;999;999;999;;;999;998
8;5;16;20;20069;;3;2;No inventariada;;9;4;2;;;999;999;999;;;999;998
8;6;19;20;20069;;3;2;No inventariada;;9;9;2;;;999;999;999;;;999;998
8;3;19;20;20069;;3;2;No inventariada;;9;1;2;;;999;999;999;;;999;998
8;4;22;20;20069;;3;2;No inventariada;;9;7;2;;;999;999;999;;;999;998
8;5;20;20;20069;;3;2;No inventariada;;9;1;2;;;999;999;999;;;999;998
8;6;8;20;20069;;3;2;No inventariada;;9;3;2;;;999;999;999;;;999;998
8;6;15;20;20069;;3;2;No inventariada;;9;2;2;;;999;999;999;;;999;998
8;7;4;20;20069;;3;2;No inventariada;;9;9;2;;;999;999;999;;;999;998
8;2;8;20;20069;;3;2;No inventariada;;9;2;2;;;999;999;999;;;999;998
8;2;12;20;20069;;3;2;No inventariada;;9;4;2;;;999;999;999;;;999;998
8;2;19;20;20069;;3;2;No inventariada;;9;2;2;;;999;999;999;;;999;998
8;3;12;20;20069;;3;2;No inventariada;;9;20;2;;;999;999;999;;;999;998
8;3;12;20;20069;;3;2;No inventariada;;9;9;2;;;999;999;999;;;999;998
8;3;12;20;20069;;3;2;No inventariada;;9;20;2;;;999;999;999;;;999;998
8;5;17;20;20069;;3;2;No inventariada;;9;2;2;;;999;999;999;;;999;998
9;7;5;20;20069;;3;2;No inventariada;;9;9;2;;;999;999;999;;;999;998
9;1;17;20;20069;;3;2;No inventariada;;9;3;2;;;999;999;999;;;999;998
9;2;11;20;20069;;3;2;No inventariada;;9;4;2;;;999;999;999;;;999;998
9;2;17;20;20069;;3;2;No inventariada;;9;12;2;;;999;999;999;;;999;998
9;5;20;20;20069;;3;2;No inventariada;;9;2;2;;;999;999;999;;;999;998
9;7;13;20;20069;;3;2;No inventariada;;9;9;2;;;999;999;999;;;999;998
9;1;18;20;20069;;3;2;No inventariada;;9;20;2;;;999;999;999;;;999;998
9;2;15;20;20069;;3;2;No inventariada;;9;7;2;;;999;999;999;;;999;998
9;5;6;20;20069;;3;2;No inventariada;;9;1;2;;;999;999;999;;;999;998
8;7;20;20;20069;;3;2;No inventariada;;9;9;2;;;999;999;999;;;999;998
9;6;22;20;20069;;3;2;No inventariada;;9;20;2;;;999;999;999;;;999;998
9;1;17;20;20069;;3;2;No inventariada;;9;2;2;;;999;999;999;;;999;998
9;3;15;20;20069;;3;2;No inventariada;;9;2;2;;;999;999;999;;;999;998
9;4;13;20;20069;;3;2;No inventariada;;9;2;2;;;999;999;999;;;999;998
9;4;17;20;20069;;3;2;No inventariada;;9;7;2;;;999;999;999;;;999;998
9;5;17;20;20069;;3;2;No inventariada;;9;4;2;;;999;999;999;;;999;998
9;5;21;20;20069;;3;2;No inventariada;;9;4;2;;;999;999;999;;;999;998
9;6;23;20;20069;;3;2;No inventariada;;9;9;2;;;999;999;999;;;999;998
9;7;11;20;20069;;3;2;No inventariada;;9;20;2;;;999;999;999;;;999;998
9;7;5;20;20069;;3;2;No inventariada;;9;12;2;;;999;999;999;;;999;998
9;7;21;20;20069;;3;2;No inventariada;;9;4;2;;;999;999;999;;;999;998
9;1;15;20;20069;;3;2;No inventariada;;9;2;2;;;999;999;999;;;999;998
9;2;8;20;20069;;3;2;No inventariada;;9;4;2;;;999;999;999;;;999;998
9;2;15;20;20069;;3;2;No inventariada;;9;4;2;;;999;999;999;;;999;998
9;2;17;20;20069;;3;2;No inventariada;;9;16;2;;;999;999;999;;;999;998
9;3;18;20;20069;;3;2;No inventariada;;9;2;2;;;999;999;999;;;999;998
9;4;20;20;20069;;3;2;No inventariada;;9;4;2;;;999;999;999;;;999;998
9;4;22;20;20069;;3;2;No inventariada;;9;2;2;;;999;999;999;;;999;998
9;5;13;20;20069;;3;2;No inventariada;;9;4;2;;;999;999;999;;;999;998
9;6;12;20;20069;;3;2;No inventariada;;9;1;2;;;999;999;999;;;999;998
9;6;14;20;20069;;3;2;No inventariada;;9;4;2;;;999;999;999;;;999;998
9;7;7;20;20069;;3;2;No inventariada;;9;9;2;;;999;999;999;;;999;998
9;7;16;20;20069;;3;2;No inventariada;;9;2;2;;;999;999;999;;;999;998
9;1;6;20;20069;;3;2;No inventariada;;9;3;2;;;999;999;999;;;999;998
9;7;20;20;20069;;3;2;No inventariada;;9;6;2;;;999;999;999;;;999;998
9;1;18;20;20069;;3;2;No inventariada;;9;20;2;;;999;999;999;;;999;998
10;2;16;20;20069;;3;2;No inventariada;;9;2;2;;;999;999;999;;;999;998
10;2;18;20;20069;;3;2;No inventariada;;9;4;2;;;999;999;999;;;999;998
10;3;15;20;20069;;3;2;No inventariada;;9;4;2;;;999;999;999;;;999;998
10;4;15;20;20069;;3;2;No inventariada;;9;4;2;;;999;999;999;;;999;998
10;4;17;20;20069;;3;2;No inventariada;;9;7;2;;;999;999;999;;;999;998
10;4;18;20;20069;;3;2;No inventariada;;9;4;2;;;999;999;999;;;999;998
10;5;6;20;20069;;3;2;No inventariada;;9;4;2;;;999;999;999;;;999;998
10;2;18;20;20069;;3;2;No inventariada;;9;2;2;;;999;999;999;;;999;998
10;5;11;20;20069;;3;2;No inventariada;;9;4;2;;;999;999;999;;;999;998
10;6;15;20;20069;;3;2;No inventariada;;9;1;2;;;999;999;999;;;999;998
10;6;22;20;20069;;3;2;No inventariada;;9;6;2;;;999;999;999;;;999;998
10;7;23;20;20069;;3;2;No inventariada;;9;6;2;;;999;999;999;;;999;998
10;2;10;20;20069;;3;2;No inventariada;;9;4;2;;;999;999;999;;;999;998
10;2;17;20;20069;;3;2;No inventariada;;9;2;2;;;999;999;999;;;999;998
10;7;10;20;20069;;3;2;No inventariada;;9;2;2;;;999;999;999;;;999;998
10;7;13;20;20069;;3;2;No inventariada;;9;2;2;;;999;999;999;;;999;998
10;1;22;20;20069;;3;2;No inventariada;;9;6;2;;;999;999;999;;;999;998
10;2;12;20;20069;;3;2;No inventariada;;9;2;2;;;999;999;999;;;999;998
10;2;13;20;20069;;3;2;No inventariada;;9;3;2;;;999;999;999;;;999;998
10;2;21;20;20069;;3;2;No inventariada;;9;4;2;;;999;999;999;;;999;998
10;3;13;20;20069;;3;2;No inventariada;;9;9;2;;;999;999;999;;;999;998
10;4;8;20;20069;;3;2;No inventariada;;9;7;2;;;999;999;999;;;999;998
10;6;9;20;20069;;3;2;No inventariada;;9;4;2;;;999;999;999;;;999;998
10;6;9;20;20069;;3;2;No inventariada;;9;2;2;;;999;999;999;;;999;998
10;6;13;20;20069;;3;2;No inventariada;;9;4;2;;;999;999;999;;;999;998
10;6;17;20;20069;;3;2;No inventariada;;9;7;2;;;999;999;999;;;999;998
10;1;7;20;20069;;3;2;No inventariada;;9;1;2;;;999;999;999;;;999;998
10;2;13;20;20069;;3;2;No inventariada;;9;7;2;;;999;999;999;;;999;998
10;2;14;20;20069;;3;2;No inventariada;;9;9;2;;;999;999;999;;;999;998
10;2;23;20;20069;;3;2;No inventariada;;9;3;2;;;999;999;999;;;999;998
10;3;17;20;20069;;3;2;No inventariada;;9;7;2;;;999;999;999;;;999;998
10;3;19;20;20069;;3;2;No inventariada;;9;2;2;;;999;999;999;;;999;998
10;4;10;20;20069;;3;2;No inventariada;;9;4;2;;;999;999;999;;;999;998
10;5;19;20;20069;;3;2;No inventariada;;9;9;2;;;999;999;999;;;999;998
10;6;17;20;20069;;3;2;No inventariada;;9;2;2;;;999;999;999;;;999;998
10;6;19;20;20069;;3;2;No inventariada;;9;2;2;;;999;999;999;;;999;998
10;2;19;20;20069;;3;2;No inventariada;;9;7;2;;;999;999;999;;;999;998
10;3;14;20;20069;;3;2;No inventariada;;9;4;2;;;999;999;999;;;999;998
10;4;15;20;20069;;3;2;No inventariada;;9;9;2;;;999;999;999;;;999;998
10;4;17;20;20069;;3;2;No inventariada;;9;4;2;;;999;999;999;;;999;998
10;4;17;20;20069;;3;2;No inventariada;;9;4;2;;;999;999;999;;;999;998
10;4;19;20;20069;;3;2;No inventariada;;9;4;2;;;999;999;999;;;999;998
11;5;21;20;20069;;3;2;No inventariada;;9;4;2;;;999;999;999;;;999;998
11;7;12;20;20069;;3;2;No inventariada;;9;3;2;;;999;999;999;;;999;998
11;1;8;20;20069;;3;2;No inventariada;;9;2;2;;;999;999;999;;;999;998
11;2;12;20;20069;;3;2;No inventariada;;9;4;2;;;999;999;999;;;999;998
11;2;14;20;20069;;3;2;No inventariada;;9;4;2;;;999;999;999;;;999;998