MES;DIA_SEMANA;HORA;COD_PROVINCIA;COD_MUNICIPIO;ISLA;ZONA;ZONA_AGRUPADA;CARRETERA;KM;TIPO_VIA;TIPO_ACCIDENTE;NUDO;NUDO_INFO;CARRETERA_CRUCE;CONDICION_FIRME;CONDICION_ILUMINACION;CONDICION_METEO;CONDICION_NIEBLA;CONDICION_VIENTO;VISIB_RESTRINGIDA_POR;TRAZADO_PLANTA
11;2;20;20;20069;;3;2;No inventariada;;9;1;2;;;999;999;999;;;999;998
11;4;8;20;20069;;3;2;No inventariada;;9;2;2;;;999;999;999;;;999;998
11;4;17;20;20069;;3;2;No inventariada;;9;9;2;;;999;999;999;;;999;998
11;4;11;20;20069;;3;2;No inventariada;;9;9;2;;;999;999;999;;;999;998
11;5;12;20;20069;;3;2;No inventariada;;9;4;2;;;999;999;999;;;999;998
11;5;16;20;20069;;3;2;No inventariada;;9;4;2;;;999;999;999;;;999;998
11;6;15;20;20069;;3;2;No inventariada;;9;7;2;;;999;999;999;;;999;998
11;6;18;20;20069;;3;2;No inventariada;;9;4;2;;;999;999;999;;;999;998
11;7;0;20;20069;;3;2;No inventariada;;9;7;2;;;999;999;999;;;999;998
11;7;11;20;20069;;3;2;No inventariada;;9;4;2;;;999;999;999;;;999;998
11;1;13;20;20069;;3;2;No inventariada;;9;2;2;;;999;999;999;;;999;998
11;2;7;20;20069;;3;2;No inventariada;;9;2;2;;;999;999;999;;;999;998
11;2;16;20;20069;;3;2;No inventariada;;9;4;2;;;999;999;999;;;999;998
11;2;19;20;20069;;3;2;No inventariada;;9;12;2;;;999;999;999;;;999;998
11;4;7;20;20069;;3;2;No inventariada;;9;9;2;;;999;999;999;;;999;998
11;4;18;20;20069;;3;2;No inventariada;;9;5;2;;;999;999;999;;;999;998
11;6;17;20;20069;;3;2;No inventariada;;9;4;2;;;999;999;999;;;999;998
11;1;10;20;20069;;3;2;No inventariada;;9;4;2;;;999;999;999;;;999;998
11;2;14;20;20069;;3;2;No inventariada;;9;3;2;;;999;999;999;;;999;998
11;3;11;20;20069;;3;2;No inventariada;;9;2;2;;;999;999;999;;;999;998
11;5;7;20;20069;;3;2;No inventariada;;9;7;2;;;999;999;999;;;999;998
11;5;11;20;20069;;3;2;No inventariada;;9;2;2;;;999;999;999;;;999;998
11;6;5;20;20069;;3;2;No inventariada;;9;4;2;;;999;999;999;;;999;998
11;6;13;20;20069;;3;2;No inventariada;;9;1;2;;;999;999;999;;;999;998
11;7;1;20;20069;;3;2;No inventariada;;9;3;2;;;999;999;999;;;999;998
11;7;11;20;20069;;3;2;No inventariada;;9;9;2;;;999;999;999;;;999;998
11;2;21;20;20069;;3;2;No inventariada;;9;2;2;;;999;999;999;;;999;998
11;3;18;20;20069;;3;2;No inventariada;;9;3;2;;;999;999;999;;;999;998
11;4;7;20;20069;;3;2;No inventariada;;9;2;2;;;999;999;999;;;999;998
11;5;0;20;20069;;3;2;No inventariada;;9;16;2;;;999;999;999;;;999;998
11;6;22;20;20069;;3;2;No inventariada;;9;9;2;;;999;999;999;;;999;998
12;7;2;20;20069;;3;2;No inventariada;;9;16;2;;;999;999;999;;;999;998
12;1;13;20;20069;;3;2;No inventariada;;9;9;2;;;999;999;999;;;999;998
12;4;12;20;20069;;3;2;No inventariada;;9;2;2;;;999;999;999;;;999;998
12;4;14;20;20069;;3;2;No inventariada;;9;4;2;;;999;999;999;;;999;998
12;4;17;20;20069;;3;2;No inventariada;;9;4;2;;;999;999;999;;;999;998
12;1;8;20;20069;;3;2;No inventariada;;9;4;2;;;999;999;999;;;999;998
12;1;12;20;20069;;3;2;No inventariada;;9;6;2;;;999;999;999;;;999;998
12;2;7;20;20069;;3;2;No inventariada;;9;2;2;;;999;999;999;;;999;998
12;4;20;20;20069;;3;2;No inventariada;;9;7;2;;;999;999;999;;;999;998
12;7;12;20;20069;;3;2;No inventariada;;9;7;2;;;999;999;999;;;999;998
12;2;9;20;20069;;3;2;No inventariada;;9;2;2;;;999;999;999;;;999;998
12;2;13;20;20069;;3;2;No inventariada;;9;4;2;;;999;999;999;;;999;998
12;2;21;20;20069;;3;2;No inventariada;;9;9;2;;;999;999;999;;;999;998
12;3;12;20;20069;;3;2;No inventariada;;9;4;2;;;999;999;999;;;999;998
12;3;19;20;20069;;3;2;No inventariada;;9;4;2;;;999;999;999;;;999;998
12;4;15;20;20069;;3;2;No inventariada;;9;6;2;;;999;999;999;;;999;998
12;5;21;20;20069;;3;2;No inventariada;;9;2;2;;;999;999;999;;;999;998
12;5;22;20;20069;;3;2;No inventariada;;9;7;2;;;999;999;999;;;999;998
12;4;22;20;20069;;3;2;No inventariada;;9;4;2;;;999;999;999;;;999;998
12;2;19;20;20069;;3;2;No inventariada;;9;7;2;;;999;999;999;;;999;998
1;4;11;20;20045;;1;1;N-121-A;74;6;10;1;4;;1;1;1;;;1;2
1;5;22;20;20009;;1;1;N-1;448;5;9;2;;;3;6;4;;;1;2
1;6;5;20;0;;1;1;N-1;425;3;3;2;;;3;4;3;;;1;4
1;4;13;20;0;;2;2;GI-2120;57;6;7;1;2;;1;1;1;;;1;1
1;6;17;20;20902;;1;1;N-1;452;5;15;2;;;3;2;2;;;1;2
1;2;11;20;20053;;1;1;GI-2638;0;6;20;1;4;;3;1;1;;;1;2
1;1;13;20;20030;;1;1;N-634;61;14;4;1;2;;1;1;1;;;1;1
1;2;8;20;20032;;1;1;AP-8;67;5;4;2;;;1;2;2;1;;1;1
1;4;10;20;20069;;1;1;GI-11;2;3;18;2;;;3;1;1;;;1;3
1;5;17;20;20069;;1;1;GI-2132;0;14;10;2;;;3;1;4;;;17;1
1;1;21;20;20069;;1;1;GI-20;12;3;16;1;2;GI-20;3;4;2;;;1;1
1;6;9;20;20040;;1;1;GI-2132;3;14;4;2;;;1;1;1;;;1;1
1;7;11;20;0;;1;1;GI-2632;3;6;15;2;;;8;1;2;;;1;2
1;5;9;20;20073;;1;1;AP-8;27;1;12;2;;;3;1;3;;;1;1
1;7;8;20;20063;;1;1;GI-2132;14;6;19;1;4;;3;1;3;;;1;2
1;7;15;20;20069;;1;1;GI-11;1;5;16;2;;;3;1;4;;;1;3
1;4;18;20;0;;1;1;N-1;430;3;16;2;;;3;2;2;;;1;3
1;2;12;20;20069;;1;1;GI-20;8;3;12;2;;;3;1;2;;;1;2
1;4;17;20;20069;;1;1;GI-41;1;5;4;2;;;3;3;3;;;1;1
1;1;21;20;20045;;1;1;GI-636-H;0;5;10;2;;;1;4;1;;;1;1
1;4;15;20;0;;1;1;N-1;408;5;16;2;;;3;1;3;;;1;2
1;1;16;20;20073;;1;1;AP-8;27;1;12;1;2;;3;1;2;;;1;1
1;4;16;20;20053;;1;1;GI-2638;0;5;4;2;;;3;1;1;;;1;1
1;2;10;20;0;;1;1;GI-2131;4;6;10;1;4;;3;1;2;;;1;1
1;6;12;20;20017;;1;1;GI-2634;33;6;15;1;2;;8;1;5;;;1;2
1;6;11;20;0;;1;1;N-634;14;5;10;2;;;3;1;1;;;1;2
1;7;13;20;20072;;1;1;GI-3722;4;6;10;2;;;3;1;3;;;1;1
1;5;22;20;20073;;3;2;No inventariada;0;9;7;2;;;1;4;1;;;1;998
1;2;18;20;20071;;2;2;GI-3212;0;6;7;2;;;3;4;3;;;12;3
1;1;11;20;20030;;1;1;AP-8;73;1;19;2;;;1;1;1;;;10;3
1;2;9;20;20055;;1;1;GI-2620;19;6;7;2;;;1;1;1;;;6;1
1;3;14;20;20072;;1;1;GI-3722;3;6;10;1;4;;2;1;1;;;1;2
1;2;14;20;20071;;1;1;N-1;436;8;2;1;2;;3;1;3;;;1;3
1;1;6;20;20069;;1;1;GI-20;5;5;4;2;;;1;3;1;;;1;2
1;4;7;20;20040;;1;1;A-15;166;3;16;2;;;1;3;1;;;1;4
1;5;22;20;20903;;3;2;No inventariada;0;9;7;1;4;;1;4;1;;;1;998
1;1;17;20;20067;;1;1;GI-3671;1;14;1;2;;;1;1;1;;;2;2
1;4;14;20;20040;;1;1;GI-2132;4;5;2;1;1;GI-2132;1;1;1;;;6;1
1;1;12;20;20053;;1;1;GI-636;6;6;4;2;;;1;1;1;;;1;1
1;6;21;20;0;;1;1;GI-2639;9;14;19;2;;;1;6;1;;;1;1
1;2;15;20;20069;;1;1;GI-40;2;8;4;2;;;1;1;1;;;1;2
1;3;10;20;20069;;1;1;GI-20;4;5;4;2;;;1;1;1;;;1;1
1;7;0;20;20049;;1;1;GI-2120;63;6;16;2;;;1;6;2;;;1;3
1;1;14;20;20030;;1;1;N-634;63;6;5;2;;;3;1;2;;;1;2
1;2;17;20;0;;1;1;GI-3310;3;14;4;1;2;;3;2;2;;;1;3
2;6;17;20;20019;;1;1;GI-2632;2;14;19;2;;;1;2;1;;;1;1
2;6;18;20;20075;;1;1;N-1;443;8;12;1;2;;1;2;1;;;1;2
1;1;14;20;20045;;1;1;GI-636;15;6;4;1;4;;1;1;1;;;1;1
1;3;13;20;20063;;1;1;AP-8;11;1;10;2;;;7;1;1;;;1;2
1;5;16;20;20073;;1;1;GI-20;14;3;3;2;;;5;2;5;;;1;3
1;6;12;20;20018;;1;1;GI-631;10;14;16;2;;;1;1;1;;;1;3
2;5;19;20;20036;;1;1;GI-636;12;6;4;1;4;;1;3;1;;;1;1
1;1;11;20;20069;;3;2;No inventariada;0;14;7;2;;;1;1;1;;;1;998
1;7;14;20;20045;;1;1;GI-636;11;6;16;2;;;3;1;2;;;1;3
1;5;20;20;20069;;3;2;No inventariada;0;14;7;2;;;1;4;1;;;1;998
1;4;13;20;20019;;1;1;GI-2632;0;14;2;1;2;;1;1;1;;;1;1
1;7;17;20;20069;;1;1;GI-20;11;3;16;2;;;1;1;1;;;1;1
2;3;21;20;20009;;1;1;N-1;448;5;18;2;;;3;6;3;;;1;2
2;4;10;20;20073;;1;1;N-634;2;6;4;1;2;;1;1;1;;;1;1
1;2;11;20;20045;;1;1;GI-636;9;5;16;2;;;1;1;1;;;1;3
1;2;17;20;0;;1;1;GI-627;55;6;12;2;;;3;6;3;;;1;1
2;6;13;20;20902;;1;1;N-1;452;5;16;2;;;3;1;2;;;1;2
2;6;14;20;20061;;1;1;AP-8;32;1;12;2;;;3;1;2;;;1;3
1;2;12;20;20069;;1;1;GI-636-1;1;8;16;1;4;;1;1;1;;;1;2
1;5;16;20;20069;;1;1;GI-20;11;3;12;2;;;8;1;5;;;5;2
2;6;14;20;20045;;1;1;GI-636-K;0;8;10;1;4;;8;1;1;;;1;3
1;2;6;20;20067;;1;1;GI-636;2;8;5;1;2;;1;4;2;;;1;1
1;5;8;20;20072;;1;1;GI-3722;3;6;2;1;1;;1;1;1;;;1;1
2;3;13;20;20030;;1;1;N-634-65;65;8;20;2;;;1;1;1;;;1;1
2;4;9;20;20069;;1;1;GI-636;0;5;4;2;;;1;1;2;;;1;1
2;5;8;20;20045;;1;1;GI-636;15;14;4;2;;;3;1;3;;;1;1
2;3;14;20;0;;1;1;GI-2131;0;6;2;1;4;GI-2131;1;1;1;;;16;2
2;6;11;20;20059;;1;1;GI-2630;13;14;2;1;2;;1;1;1;;;17;4
2;5;3;20;20067;;1;1;GI-636;1;14;12;1;4;GI-636;1;4;2;;;1;1
2;1;18;20;20036;;1;1;GI-3440;19;6;4;1;4;;1;1;1;;;1;1
2;7;8;20;20045;;1;1;AP-8-7;7;8;12;1;2;;1;1;2;;;1;1
1;7;7;20;20071;;1;1;N-1;433;3;12;2;;;3;6;3;;;1;1
1;5;14;20;20071;;1;1;N-1;432;5;14;2;;;1;1;2;;;1;1
2;1;14;20;0;;1;1;N-634;49;14;16;1;2;;8;1;3;;;1;2
2;2;17;20;20053;;1;1;GI-2638;4;14;2;1;2;;1;1;1;;;1;1
1;6;17;20;0;;1;1;GI-3212;1;6;19;2;;;3;2;3;;;1;3
2;6;6;20;20030;;1;1;N-634;64;5;15;1;2;;1;3;1;;;1;2
2;2;18;20;20040;;1;1;A-15;165;2;12;1;2;;1;3;1;;;4;3
2;7;14;20;20045;;1;1;N-121-A;74;5;16;2;;;1;1;1;;;1;1
2;1;20;20;20063;;1;1;GI-2132;14;14;10;1;4;;3;4;3;;;1;3
2;4;15;20;20063;;1;1;GI-3632;0;5;10;1;4;;8;1;1;;;1;3
1;5;16;20;20072;;1;1;A-15;163;3;2;2;;;3;1;5;;;1;1
1;6;13;20;20063;;1;1;AP-8;11;1;12;1;999;;1;1;1;;;1;3
1;5;17;20;20056;;1;1;GI-638;6;14;3;2;;;1;1;2;1;;1;1
2;2;18;20;20061;;1;1;AP-8;33;1;4;2;;;1;3;1;;;1;1
2;4;5;20;20009;;1;1;A-15;159;2;16;2;;;1;4;1;;;1;1
2;2;16;20;20069;;1;1;GI-20;12;3;12;1;2;;3;1;2;;;1;1
1;4;11;20;0;;1;1;GI-2131;4;14;2;1;2;;1;1;1;;;1;1
2;6;8;20;20030;;1;1;GI-3301;0;6;12;2;;;3;1;2;;;1;1
2;2;8;20;20030;;1;1;AP-8;72;1;12;2;;;4;1;4;;;1;2
2;1;12;20;0;;1;1;N-1;423;5;5;2;;;1;1;1;;;1;1
3;6;6;20;20032;;1;1;AP-8;66;1;12;2;;;3;6;1;;;1;3
3;6;21;20;20045;;1;1;GI-636;14;14;10;1;4;;3;4;4;;;1;1
2;5;14;20;20032;;1;1;AP-8;69;1;3;2;;;1;1;1;;;1;1
2;1;22;20;0;;1;1;AP-1;143;1;16;2;;;3;5;4;;;1;1
3;6;15;20;20051;;1;1;A-636;12;1;12;2;;;3;1;4;;;1;3
2;4;16;20;20069;;1;1;N-1;451;5;16;2;;;3;2;3;;;1;2
1;6;6;20;20018;;1;1;GI-631;11;14;18;2;;;1;6;1;;;1;4
2;1;23;20;20063;;1;1;AP-8-11;11;8;12;1;2;;1;4;1;;;1;2
2;7;0;20;20073;;3;2;No inventariada;0;14;19;2;;;3;6;3;;;4;998
2;6;11;20;20075;;1;1;N-1;444;3;15;2;;;1;1;1;;;1;1
3;3;17;20;20040;;1;1;GI-3410;0;14;2;1;4;;1;1;1;;;1;2
2;3;0;20;20030;;3;2;No inventariada;0;9;7;2;;;9;1;7;;;18;998
2;3;19;20;20030;;3;2;No inventariada;0;9;7;2;;;9;1;7;;;18;998
2;7;23;20;20075;;1;1;N-1;441;5;16;1;2;;3;4;2;;;4;3
3;4;7;20;20079;;1;1;AP-8;38;1;20;2;;;1;1;1;;;1;1
3;3;8;20;20059;;1;1;GI-2630;21;6;16;1;4;;1;1;1;;;1;1
3;5;2;20;20061;;1;1;AP-8;35;1;16;2;;;3;5;3;;;1;1
3;6;12;20;20036;;1;1;GI-636;12;6;10;1;4;;1;1;1;;;1;1
2;3;0;20;20069;;1;1;GI-20;5;5;12;2;;;3;4;2;;;1;1
1;6;11;20;0;;1;1;N-1;428;5;16;1;999;;1;1;1;;;1;1
2;4;16;20;20045;;1;1;GI-636;13;6;12;1;2;;3;1;3;;;1;3
3;5;13;20;20013;;1;1;GI-627;30;6;2;1;2;;1;1;1;;;1;1
3;2;7;20;20069;;1;1;GI-41;1;5;4;1;4;;3;1;2;;;1;3
1;4;7;20;20053;;1;1;GI-636;7;6;1;2;;;8;2;1;;;1;2
1;5;21;20;20036;;1;1;GI-636;11;6;2;1;4;GI-636;3;3;3;;;1;2
3;7;13;20;20069;;1;1;GI-20;9;3;2;2;;;5;1;5;;;1;4
3;2;18;20;20045;;2;2;GI-636-H;0;5;7;1;1;;1;1;1;;;1;1
2;4;16;20;20030;;1;1;N-634;64;14;16;2;;;3;1;3;;;1;2
2;3;10;20;20009;;1;1;N-1;448;5;12;2;;;3;1;4;;;1;2
3;4;13;20;20064;;1;1;GI-3440;7;6;18;2;;;1;1;1;;;1;3
3;2;8;20;20074;;1;1;N-636;26;5;4;1;4;;3;1;2;;;1;1
3;6;17;20;20067;;1;1;GI-636;2;5;5;1;2;;1;1;1;;;1;1
2;2;13;20;20029;;1;1;N-634;43;14;2;2;;;8;1;1;;;1;1
3;6;10;20;0;;1;1;GI-3710;1;14;10;2;;;1;1;1;;1;1;1
3;7;15;20;20069;;1;1;GI-20;8;5;14;2;;;3;1;2;;;1;2
3;4;17;20;0;;1;1;N-1;412;5;12;2;;;1;1;1;;;1;2
1;1;18;20;20040;;1;1;AP-8;22;1;4;2;;;1;4;1;;;1;1
2;1;16;20;20040;;1;1;A-15;166;3;12;2;;;3;1;2;;;1;2
3;2;13;20;20067;;1;1;GI-3672;1;6;18;1;2;;1;1;1;;;4;3
2;6;18;20;20009;;1;1;N-1;449;5;4;2;;;3;1;2;;;1;1
3;2;8;20;0;;1;1;GI-2634;6;14;2;1;2;;1;1;1;;;1;1
3;4;13;20;20053;;1;1;GI-636;7;6;4;1;4;;1;1;2;;;1;1
3;7;10;20;0;;1;1;GI-3310;4;14;15;2;;;3;1;2;;;4;3
3;7;19;20;20069;;1;1;GI-20;7;14;16;2;;;3;4;4;;;5;1
3;2;11;20;20069;;1;1;GI-20;9;3;4;1;999;;1;1;1;;;1;3
2;4;15;20;20045;;1;1;AP-8;7;1;6;2;;;3;1;4;;;1;2
2;6;12;20;0;;3;2;No inventariada;0;14;15;1;2;;2;1;1;;;17;998
3;3;17;20;0;;1;1;GI-2135;8;6;19;2;;;1;1;1;;;1;3
3;4;22;20;20040;;1;1;GI-3410;1;5;15;1;4;;7;4;1;;;1;2
3;6;19;20;20036;;1;1;GI-3440;8;6;1;2;;;1;1;1;;;1;2
2;6;14;20;0;;1;1;N-1;429;5;12;2;;;3;1;3;;;1;2
3;6;15;20;20063;;1;1;AP-8;9;7;10;2;;;1;1;1;;;1;3
3;2;19;20;20069;;1;1;GI-11-1;1;8;16;1;4;;1;1;2;;;4;1
3;4;17;20;20069;;1;1;GI-40;1;5;4;1;4;;1;1;1;;;1;3
3;4;18;20;20080;;1;1;GI-2632;11;14;3;1;4;;1;1;1;;;1;2
3;4;21;20;20069;;1;1;GI-636-1;1;8;2;1;4;;1;4;2;;;1;3
3;4;13;20;20075;;1;1;N-1;442;3;6;1;2;;1;1;1;;;1;3
3;2;19;20;20009;;1;1;N-1;448;5;19;2;;;3;1;2;;;1;2
3;3;16;20;20067;;1;1;GI-636;2;5;4;2;;;1;1;2;;;1;1
3;4;16;20;0;;1;1;N-634;49;14;19;1;2;;1;1;1;;;1;2
3;5;22;20;20069;;3;2;No inventariada;0;14;2;1;2;;3;4;2;;;4;998
3;6;10;20;20073;;1;1;N-634;1;14;4;2;;;1;1;1;;;1;1
3;6;20;20;20036;;1;1;N-638;1;6;4;1;2;;1;4;2;;;1;1
2;7;9;20;20029;;1;1;N-634;32;14;4;2;;;1;1;1;;;1;4
3;1;15;20;20040;;1;1;A-15;164;3;4;2;;;3;1;3;;;1;1
3;4;21;20;20069;;1;1;GI-40;2;5;2;1;4;;3;4;2;;;1;1
2;5;13;20;20055;;1;1;GI-627;36;8;4;2;;;1;1;2;;;1;1
3;5;16;20;20069;;1;1;GI-636-1;1;3;4;1;4;;1;1;1;;;1;1
4;2;15;20;20075;;1;1;N-1;442;5;18;1;999;;1;1;1;;;1;2
3;1;12;20;0;;1;1;N-1;414;5;12;2;;;3;1;2;;;1;2
3;7;12;20;20030;;1;1;GI-3950;2;14;10;2;;;1;1;1;;;1;3
4;2;11;20;20069;;1;1;GI-20;5;5;4;2;;;1;1;1;;;1;2
3;1;6;20;20049;;3;2;No inventariada;0;14;2;2;;;1;4;1;;;1;998
3;7;15;20;20069;;1;1;GI-20;6;3;6;2;;;5;1;1;;;1;2
3;6;12;20;20040;;1;1;GI-2132;1;14;4;2;;;1;1;1;;;1;4
4;1;22;20;20069;;1;1;GI-40;2;5;4;1;4;;3;4;2;;;1;1
3;6;19;20;0;;1;1;GI-2633;2;14;4;2;;;3;4;4;;;5;1
3;1;15;20;20067;;1;1;GI-2132;12;14;18;2;;;1;1;1;;;1;3
3;6;7;20;20069;;1;1;GI-20;7;6;16;2;;;1;3;1;;;1;2
2;6;18;20;20009;;1;1;N-1;448;5;12;2;;;3;2;3;;;1;2
3;3;15;20;20055;;1;1;GI-2620;17;6;2;2;;;1;1;1;;;1;3
3;7;19;20;20073;;1;1;AP-8;32;2;16;2;;;3;1;1;;;1;3
3;4;18;20;0;;1;1;GI-631;1;8;3;1;4;GI-631;1;1;2;;;1;2
3;7;21;20;20019;;3;2;No inventariada;0;9;2;1;2;;1;4;1;;;1;998
4;5;21;20;20069;;1;1;GI-20;12;5;3;2;;;1;6;1;;;1;1
4;4;18;20;0;;1;1;GI-2131;4;14;4;2;;;1;1;1;;;1;1
4;4;21;20;20081;;3;2;No inventariada;0;9;16;2;;;1;4;1;;;1;998
2;6;12;20;20079;;2;2;N-634;17;6;15;2;;;1;1;1;;;1;1
4;1;16;20;20063;;1;1;GI-3631;3;6;16;2;;;8;1;3;;;1;2
4;3;0;20;20045;;1;1;AP-8-7;7;8;19;2;;;3;4;3;;;1;1
3;4;15;20;20072;;1;1;A-15;163;2;5;2;;;1;1;1;;;1;3
4;4;10;20;20064;;1;1;GI-3440;5;14;10;2;;;1;1;1;;;1;1
4;5;8;20;20063;;1;1;AP-8;11;1;12;2;;;1;1;1;;;1;2
4;1;11;20;20072;;1;1;A-15-162;162;8;2;1;2;;1;1;1;;;4;2
4;2;11;20;20029;;1;1;N-634;33;6;15;2;;;3;1;4;;;1;2
3;4;10;20;0;;1;1;GI-2133;2;6;16;2;;;1;1;1;;;1;1
3;4;15;20;20045;;3;2;No inventariada;0;9;2;2;;;1;1;2;;;1;998
4;3;9;20;0;;1;1;GI-2131;1;14;10;2;;;1;1;1;;;1;1
3;6;19;20;20053;;1;1;GI-636;6;6;2;2;;;1;1;1;;;1;1
3;6;12;20;0;;1;1;GI-2131;7;6;4;2;;;1;1;1;;;1;1
4;5;13;20;20036;;1;1;GI-636;12;6;3;1;4;;1;1;1;;;1;2
4;3;8;20;20069;;1;1;GI-20;7;3;12;2;;;3;1;3;;;1;3
2;5;19;20;20049;;3;2;No inventariada;0;9;7;1;1;;3;4;3;;;1;998
4;5;11;20;0;;1;1;GI-2133;18;6;10;1;4;;8;1;1;;;1;2
4;3;12;20;20061;;1;1;N-634;13;14;4;1;2;;1;1;2;;;1;1
3;4;11;20;0;;1;1;GI-2131;11;5;10;1;1;GI-2131;2;1;1;;;1;1
4;3;17;20;20018;;2;2;GI-631;15;6;4;2;;;1;1;1;;;1;1
4;1;7;20;20074;;1;1;AP-1;141;1;12;2;;;1;3;3;;;1;1
4;2;12;20;20079;;1;1;N-634;16;6;15;2;;;3;1;3;;;1;2
4;6;5;20;20071;;1;1;N-1;437;5;16;1;999;;1;4;1;;;1;2
4;2;10;20;20069;;1;1;GI-20;6;5;15;2;;;3;1;3;;;1;3
4;3;6;20;20069;;1;1;GI-20;5;5;20;1;999;;3;4;3;;;5;3
2;3;7;20;20069;;3;2;No inventariada;0;14;7;2;;;1;4;1;;;1;998
2;1;17;20;20069;;3;2;No inventariada;0;14;7;2;;;1;1;7;;;1;998
3;4;10;20;20902;;1;1;GI-11;0;5;2;1;999;;1;1;1;;;1;2
4;3;12;20;20072;;1;1;A-15;161;3;16;1;999;A-15;1;1;1;;;1;1
4;6;10;20;20063;;1;1;GI-3631;1;6;2;1;2;;1;1;1;;;6;3
4;2;7;20;20075;;1;1;N-1;444;5;4;2;;;3;3;3;;;1;1
4;2;15;20;20019;;1;1;N-1;417;3;12;1;999;;3;1;2;;;1;1
4;4;20;20;20072;;1;1;A-15;162;14;12;2;;;1;2;1;;;1;4
4;4;13;20;20055;;1;1;AP-1;127;1;4;2;;;1;1;1;;;1;1
4;4;17;20;0;;1;1;GI-2131;9;14;2;2;;;1;1;1;;;1;1
4;4;14;20;0;;1;1;N-634;15;14;1;2;;;3;1;1;;;1;2
4;2;13;20;20040;;1;1;A-15;166;3;12;1;2;;3;1;2;;;1;3
3;4;12;20;20030;;1;1;N-634;60;6;4;1;4;;1;1;1;;;1;1
4;5;12;20;20036;;1;1;GI-636;8;5;16;1;2;;1;1;1;;;4;3
3;5;9;20;0;;3;2;No inventariada;0;14;18;2;;;2;6;1;;;1;998
4;2;9;20;0;;1;1;GI-2631;22;6;2;2;;;3;1;2;;;4;2
3;5;14;20;0;;1;1;GI-2637;17;6;10;2;;;1;1;1;;;1;3
3;2;9;20;20019;;1;1;N-1;418;7;4;2;;;3;1;2;;;1;1
3;1;10;20;20072;;1;1;GI-3722;3;6;10;1;4;GI-3722;1;1;1;;;1;2
4;3;11;20;20055;;1;1;AP-1;130;8;16;2;;;3;1;3;;;1;2
4;7;9;20;0;;2;2;GI-2632;4;6;3;2;;;1;1;1;;;1;2
4;4;14;20;0;;1;1;GI-2131;11;5;2;1;5;;1;1;2;;;1;1
4;2;20;20;20045;;1;1;GI-636;11;6;2;1;2;;1;1;1;;;1;1
4;4;19;20;20049;;3;2;No inventariada;0;14;7;2;;;1;1;1;;;1;998
4;5;19;20;20036;;1;1;GI-636;11;6;4;1;4;;1;1;1;;;1;3
3;6;16;20;20079;;1;1;AP-8;40;1;16;2;;;3;1;1;;;1;1
5;4;8;20;20069;;1;1;GI-20;10;5;4;2;;;3;1;1;;;1;3
1;2;7;20;0;;1;1;GI-3310;2;14;20;2;;;3;6;3;;;5;1
3;5;17;20;20029;;3;2;No inventariada;0;9;7;2;;;1;1;1;;;1;998
3;2;11;20;20079;;1;1;GI-2633;1;14;17;2;;;3;1;1;;;1;2
4;2;17;20;20069;;1;1;GI-11;2;8;4;2;;;1;1;1;;;1;3
4;2;19;20;0;;1;1;GI-2133;0;6;2;1;4;;1;1;1;;;1;2
5;3;22;20;20071;;1;1;N-1;434;5;12;1;999;;3;4;3;;;4;2
5;4;8;20;20009;;1;1;N-1;446;5;12;2;;;3;1;1;;;1;2
5;4;13;20;20069;;1;1;GI-20;11;5;10;2;;;1;1;1;;;1;2
5;4;18;20;20045;;1;1;GI-636;15;6;4;1;4;;3;1;1;;;1;2
5;6;6;20;20029;;1;1;N-634;39;14;18;2;;;3;6;3;;;1;3
4;3;17;20;0;;1;1;A-636;16;3;18;2;;;1;1;1;;;1;3
4;7;10;20;20018;;1;1;GI-631;8;5;4;2;;;1;1;1;;;1;1
4;1;22;20;20032;;1;1;N-634;58;14;4;1;4;;3;4;3;;;1;1
4;2;15;20;0;;1;1;N-1;417;3;4;2;;;1;1;1;;;1;1
4;6;16;20;0;;1;1;N-634;14;6;19;2;;;1;1;1;;;1;1
3;3;12;20;20017;;1;1;GI-3750;1;6;19;2;;;1;1;1;;;1;3
4;7;12;20;20059;;3;2;No inventariada;0;14;6;2;;;8;1;1;;;1;998
5;4;13;20;0;;1;1;N-1;439;5;3;2;;;1;1;1;;;1;1
3;7;11;20;20079;;1;1;GI-2633;1;14;10;2;;;1;1;1;;;1;4
5;1;14;20;20069;;1;1;GI-20;8;3;12;2;;;1;1;1;;;1;2
5;2;6;20;20032;;1;1;GI-2634;34;6;12;2;;;1;4;3;;;1;3
3;4;16;20;0;;3;2;No inventariada;0;14;2;2;;;1;1;2;;;4;998
5;1;6;20;20009;;1;1;N-1;448;5;12;2;;;3;3;3;;;1;1
4;6;21;20;20069;;1;1;GI-20;4;5;4;1;2;;3;3;2;;;1;1
5;6;19;20;0;;1;1;AP-8;61;1;19;2;;;3;1;3;;;1;2
5;3;18;20;20055;;1;1;GI-627;34;6;16;2;;;3;1;4;;;1;4
5;7;11;20;0;;1;1;GI-2133;13;14;15;1;2;;1;1;1;;;1;1
5;1;21;20;20069;;1;1;GI-636;1;3;12;2;;;3;2;2;;;1;2
3;7;10;20;20029;;2;2;N-634;43;5;10;2;;;1;1;1;;;1;2
5;4;9;20;20029;;3;2;No inventariada;0;9;2;1;2;;1;1;1;;;1;998
5;2;20;20;20069;;1;1;GI-11;2;8;9;2;;;1;1;1;;;1;3
4;6;9;20;20063;;2;2;GI-2134;2;6;2;1;2;;1;1;1;;;6;2
5;2;16;20;20903;;1;1;AP-8;18;1;12;2;;;3;1;3;;;1;2
5;2;17;20;20069;;1;1;No inventariada;0;5;4;2;;;1;1;1;;;1;1
5;3;17;20;20074;;1;1;GI-627;46;5;2;1;4;;3;1;2;;;1;2
3;7;20;20;20045;;3;2;No inventariada;0;9;7;2;;;1;3;1;;;1;998
3;6;16;20;0;;1;1;A-15;147;2;5;2;;;8;1;5;;;1;3
4;2;18;20;20030;;1;1;N-634;63;5;10;2;;;3;1;3;;;1;1
4;7;13;20;20030;;1;1;GI-3301;0;5;10;1;2;;1;1;1;;;1;2
5;3;13;20;20040;;1;1;GI-3410;1;5;2;1;2;;1;1;1;;;1;1
5;7;18;20;20069;;1;1;GI-20;6;3;12;2;;;3;1;4;;;1;2
5;1;12;20;20029;;1;1;N-634;35;14;18;2;;;1;1;1;;;1;2
5;5;16;20;20036;;1;1;GI-636;12;3;3;1;4;;1;1;1;;;1;1
5;4;7;20;20032;;1;1;AP-8;67;1;16;2;;;3;1;1;;;1;4
5;4;17;20;20067;;1;1;GI-2132;11;14;3;2;;;1;1;1;;;1;2
5;2;7;20;20075;;1;1;N-1;442;5;4;2;;;3;1;2;;;4;1
5;7;22;20;20073;;1;1;AP-8;30;1;12;2;;;3;6;3;;;1;3