MES;DIA_SEMANA;HORA;COD_PROVINCIA;COD_MUNICIPIO;ISLA;ZONA;ZONA_AGRUPADA;CARRETERA;KM;TIPO_VIA;TIPO_ACCIDENTE;NUDO;NUDO_INFO;CARRETERA_CRUCE;CONDICION_FIRME;CONDICION_ILUMINACION;CONDICION_METEO;CONDICION_NIEBLA;CONDICION_VIENTO;VISIB_RESTRINGIDA_POR;TRAZADO_PLANTA
5;6;8;20;20029;;1;1;N-634;38;6;3;1;4;;1;1;1;;;1;2
2;5;18;20;20069;;3;2;No inventariada;0;14;7;2;1;;1;1;1;;;1;998
1;6;14;20;20069;;3;2;No inventariada;0;14;7;2;;;1;1;1;;;1;998
4;6;20;20;20069;;3;2;No inventariada;0;14;7;2;;;9;1;7;;;18;998
4;3;16;20;20063;;1;1;GI-3631;5;14;12;2;;;1;1;1;;;1;2
4;7;14;20;20029;;1;1;N-634;42;14;10;2;;;1;1;1;;;1;1
5;1;7;20;20073;;1;1;AP-8;30;1;12;2;;;3;1;4;;;1;1
5;1;10;20;20045;;3;2;No inventariada;0;14;10;1;1;;3;1;3;;;1;998
5;5;12;20;20081;;1;1;N-634;30;14;4;1;1;;1;1;1;;;1;1
5;1;10;20;20079;;3;2;No inventariada;0;14;10;2;;;2;1;3;;;1;998
5;3;15;20;20055;;1;1;GI-2620;17;6;2;1;2;;3;1;4;;;1;1
5;1;16;20;20063;;1;1;GI-636;6;14;10;1;4;;7;1;2;;;1;2
5;4;14;20;0;;1;1;GI-627;55;6;4;2;;;1;1;1;;;1;1
5;3;13;20;20049;;1;1;GI-2120;65;6;4;1;4;;1;1;2;;;1;1
5;5;22;20;20032;;1;1;AP-8;69;1;16;2;;;1;6;1;;;1;2
5;4;13;20;20029;;1;1;AP-8;54;1;20;2;;;1;1;2;;;1;1
5;6;8;20;20029;;1;1;N-634;43;6;19;2;;;1;1;1;;;1;1
5;6;12;20;20045;;1;1;GI-636;16;6;4;2;;;1;1;1;;;1;1
3;1;23;20;0;;1;1;GI-3740;8;6;14;2;;;3;6;3;;;5;3
5;5;8;20;20036;;1;1;GI-3440;18;6;5;1;1;;1;1;1;;;1;3
5;2;13;20;20036;;1;1;N-638;1;6;4;2;;;3;1;3;;;1;1
5;6;13;20;20063;;1;1;GI-3631;9;6;3;2;;;1;1;1;;;1;2
5;2;14;20;20073;;1;1;N-634;4;14;4;1;2;N-634;1;1;1;;;1;2
5;5;20;20;0;;3;2;No inventariada;0;14;7;1;1;;1;3;1;;;9;998
5;6;11;20;0;;1;1;GI-2631;7;5;2;2;;;1;1;1;;;1;2
4;3;8;20;20009;;1;1;N-1;448;8;20;2;;;3;1;3;;;1;2
5;7;18;20;0;;1;1;GI-631;1;5;2;1;2;;3;1;3;;;1;1
5;2;9;20;0;;1;1;N-634;14;5;10;2;;;3;1;3;;;1;2
5;2;19;20;0;;1;1;GI-2131;4;6;10;1;4;;1;1;1;;;1;4
5;4;12;20;20029;;1;1;N-634;40;14;4;2;;;1;1;1;;;1;2
5;6;18;20;0;;1;1;GI-2120;51;6;12;2;;;3;1;3;;;1;2
5;5;18;20;20079;;3;2;No inventariada;0;14;10;1;4;;1;1;1;;;1;998
5;5;18;20;0;;1;1;GI-2120;60;6;4;2;;;1;1;1;;;1;1
5;6;8;20;20069;;1;1;GI-2132;0;14;3;1;4;;1;1;1;;;1;3
5;2;19;20;20063;;1;1;GI-3420;2;6;8;2;;;1;1;1;;;1;1
5;6;9;20;0;;3;2;No inventariada;0;14;10;2;;;1;1;1;;;1;998
5;2;14;20;0;;1;1;GI-2633;11;14;19;2;;;3;1;3;;;1;2
5;2;17;20;20045;;1;1;GI-636-H;0;6;4;1;4;;1;1;1;;;1;2
5;4;20;20;20064;;1;1;GI-3440;8;14;10;2;;;1;1;1;;;1;2
5;3;8;20;20075;;1;1;N-1;442;5;19;2;;;1;1;1;;;1;1
6;6;11;20;0;;1;1;N-634;14;6;3;2;;;7;1;3;;;1;2
5;4;14;20;0;;1;1;GI-627;55;6;2;2;;;1;1;1;;;1;1
5;7;15;20;20069;;1;1;AP-8;19;1;12;2;;;8;1;3;;;1;2
5;4;18;20;20069;;1;1;GI-20;5;5;10;1;1;;3;1;3;;;1;2
5;6;15;20;0;;1;1;N-1;439;5;15;2;;;1;1;2;;;1;2
5;4;8;20;20032;;1;1;GI-2634;35;6;16;2;;;3;1;2;;;1;3
5;3;22;20;0;;1;1;GI-2130;9;6;6;2;;;3;6;3;;;17;2
5;4;12;20;0;;1;1;GI-2131;10;6;7;1;2;GI-2131;1;1;1;;;1;2
5;4;8;20;0;;1;1;AP-8;62;1;16;2;;;1;1;1;;;1;2
6;1;11;20;20069;;1;1;GI-20;3;5;3;1;2;;1;1;2;;;1;3
6;2;16;20;20053;;1;1;GI-3440;1;14;3;2;;;1;1;1;;;1;3
6;3;11;20;20053;;1;1;GI-2638;0;6;2;2;;;1;1;1;;;1;1
6;4;23;20;20067;;1;1;AP-8;12;1;12;2;;;1;4;1;;;1;3
5;4;19;20;0;;1;1;N-1;439;3;12;2;;;1;1;1;;;1;1
6;6;20;20;20045;;1;1;GI-636;16;14;4;1;2;;3;1;3;;;1;1
5;6;11;20;20032;;1;1;GI-2636;3;6;8;1;1;;8;1;1;;;1;2
6;3;12;20;20903;;3;2;No inventariada;0;12;10;2;;;1;1;1;;;1;998
5;6;10;20;20045;;1;1;GI-636;10;6;2;2;;;1;1;1;;;1;1
5;4;5;20;20032;;1;1;GI-2634;37;6;12;2;;;1;6;1;;;1;1
6;2;14;20;20029;;1;1;AP-8;54;1;3;2;;;1;1;2;;;1;1
4;6;23;20;20056;;1;1;GI-638;6;6;14;2;;;1;6;1;;;4;3
5;3;22;20;20051;;1;1;GI-2630;1;5;18;2;;;3;6;3;;;1;2
6;7;9;20;20055;;1;1;AP-1;128;1;19;2;;;1;4;2;;;1;1
6;3;18;20;20045;;2;2;GI-636;15;6;4;2;;;1;1;1;;;1;1
6;5;14;20;20045;;1;1;GI-636;9;6;18;2;;;1;1;2;;;1;2
6;3;12;20;20902;;1;1;GI-11;0;5;16;2;;;3;1;3;;;1;4
6;2;7;20;20073;;1;1;AP-8;32;1;16;2;;;3;1;3;;;14;3
4;2;19;20;20030;;3;2;No inventariada;0;14;7;2;;;9;1;7;;;18;998
4;4;10;20;20030;;3;2;No inventariada;0;9;20;2;;;1;1;2;;;1;998
5;5;9;20;20053;;1;1;GI-636;3;14;4;2;;;1;3;1;;;1;1
6;3;18;20;20063;;1;1;GI-3631;0;6;2;1;1;;1;1;2;;;1;1
3;3;9;20;20030;;3;2;No inventariada;0;9;20;2;;;1;1;1;;;1;998
5;4;16;20;20030;;3;2;No inventariada;0;14;20;2;;;1;1;2;;;18;998
6;5;20;20;20040;;1;1;GI-3401;0;4;4;1;4;;3;3;3;;;1;1
6;3;15;20;20009;;1;1;A-15;160;3;4;1;999;;3;1;2;;;1;1
6;3;14;20;20053;;1;1;GI-636;2;5;4;2;;;3;1;2;;;1;1
5;3;16;20;20071;;1;1;GI-2634;1;14;2;2;;;1;1;1;;;1;1
6;4;14;20;20040;;1;1;A-15;164;3;16;2;;;3;1;2;;;1;1
6;5;15;20;20069;;1;1;GI-20;8;3;4;2;;;3;1;1;;;1;1
6;7;18;20;20040;;1;1;A-15;166;3;12;2;;;3;1;3;;;1;2
6;7;21;20;20063;;1;1;AP-8;8;7;12;2;;;3;4;3;;;1;2
6;6;16;20;20051;;1;1;A-636;12;1;16;1;4;A-636;3;1;3;;;1;2
6;4;12;20;20069;;1;1;GI-20;10;5;10;2;;;1;1;1;;;1;1
6;2;19;20;20059;;1;1;GI-2630;23;14;14;2;;;3;1;3;;;1;1
6;5;14;20;20074;;1;1;GI-627;43;6;1;2;;;1;1;1;;;1;2
6;2;7;20;0;;1;1;GI-3310;2;6;2;2;;;1;1;1;;;1;2
6;2;17;20;0;;3;2;No inventariada;0;9;2;1;2;;1;1;1;;;1;998
5;7;13;20;20067;;1;1;GI-636;1;8;3;1;4;;1;1;2;;;1;2
6;6;11;20;0;;1;1;GI-2133;5;6;20;2;;;1;1;1;;;1;3
6;1;17;20;20074;;1;1;GI-627;40;14;4;2;;;1;1;1;;;1;1
6;2;11;20;0;;1;1;GI-3670;9;6;10;2;;;1;1;1;;;1;1
6;1;5;20;20009;;1;1;N-1;448;5;12;2;;;3;2;2;;;1;2
6;1;7;20;20069;;1;1;GI-40;3;5;12;2;;;1;1;2;;;1;2
6;3;12;20;0;;1;1;GI-3560;0;6;10;1;4;;3;1;2;;;1;2
6;5;22;20;20069;;1;1;GI-20-13;13;8;20;1;2;;3;4;3;;;4;2
6;6;19;20;20069;;1;1;GI-20;13;3;12;1;2;;3;1;1;;;1;2
6;3;12;20;20067;;1;1;AP-8;12;1;9;2;;;1;1;1;;;1;4
6;6;16;20;0;;3;2;No inventariada;0;14;19;2;;;2;1;2;;;1;998
6;4;11;20;20009;;1;1;A-15;159;2;16;1;2;;3;1;3;;;4;1
5;5;9;20;20055;;1;1;GI-627;34;14;1;2;;;1;1;1;;;1;4
6;5;18;20;20072;;1;1;GI-3832;1;6;20;2;;;3;1;3;;;1;2
6;2;9;20;20069;;1;1;GI-20;3;5;3;1;999;;3;1;2;;;1;1
6;4;5;20;20072;;1;1;A-15;163;3;12;2;;;3;3;1;;;1;1
6;6;17;20;0;;1;1;GI-2131;8;12;10;2;;;3;1;3;;;1;1
7;1;9;20;0;;1;1;GI-2637;6;6;16;2;;;1;1;2;;;1;1
7;2;12;20;20045;;1;1;GI-636;11;6;4;1;2;;1;1;1;;;1;1
6;4;13;20;20079;;1;1;N-634;16;5;3;2;;;1;1;1;;;1;2
6;5;12;20;0;;1;1;AP-8;62;1;16;2;;;3;1;3;;;1;2
6;7;12;20;20032;;1;1;GI-2634;37;14;14;2;;;3;1;3;;;1;4
6;5;17;20;0;;1;1;GI-627;21;14;20;2;;;1;1;1;;;1;2
7;1;19;20;20069;;1;1;GI-20;3;5;15;1;2;;3;1;3;;;1;3
7;3;8;20;20045;;1;1;GI-636;9;5;3;1;2;;1;1;1;;;1;1
6;6;13;20;20063;;1;1;GI-3420;1;6;1;1;2;;1;1;1;;;1;3
6;6;9;20;20018;;1;1;GI-631;9;6;10;1;4;;3;1;2;;;1;2
7;1;16;20;20903;;1;1;GI-2132;9;6;19;2;;;3;1;3;;;1;4
7;1;18;20;20073;;1;1;AP-8;30;1;12;2;;;3;1;2;;;1;3
5;7;10;20;0;;1;1;GI-3710;4;6;10;2;;;3;1;3;;;1;3
6;6;8;20;20069;;1;1;GI-20;6;3;16;2;;;1;1;2;;;1;2
7;5;11;20;20036;;1;1;N-638;0;14;1;2;;;1;1;1;;;1;1
7;3;11;20;20063;;1;1;GI-2134;2;5;7;2;;;1;1;1;;;1;3
7;6;17;20;20069;;1;1;GI-20;13;3;16;1;999;;3;1;4;;;1;3
6;7;19;20;20073;;1;1;N-634;8;14;6;2;;;1;1;2;;;1;1
6;6;12;20;0;;1;1;N-634;50;14;15;2;;;1;1;2;;;1;4
6;1;7;20;20045;;1;1;AP-8;2;1;16;2;;;3;1;2;;;1;3
6;3;9;20;20029;;1;1;N-634;39;6;18;2;;;1;1;1;;;1;3
6;6;14;20;20018;;1;1;GI-631;8;6;16;2;;;7;1;2;;;1;1
6;2;11;20;20063;;1;1;GI-3631;6;14;10;2;;;1;1;1;;;1;4
6;3;11;20;20067;;1;1;GI-636;2;5;4;2;;;1;1;1;;;1;1
6;6;10;20;0;;1;1;N-1;438;3;6;2;;;3;1;4;;;1;3
6;6;13;20;20032;;1;1;AP-8;63;1;14;2;;;3;1;3;;;1;3
7;2;19;20;20069;;1;1;GI-20;6;5;2;1;2;;1;1;2;;;1;1
7;4;15;20;20018;;1;1;GI-631;15;5;3;2;;;1;1;1;;;1;1
6;2;20;20;20030;;3;2;No inventariada;0;14;7;2;;;9;1;7;;;18;998
5;2;17;20;0;;2;2;GI-2131;1;6;2;1;2;;1;1;1;;;9;1
6;5;16;20;20029;;1;1;GI-3291;0;6;2;1;2;;1;1;1;;;1;1
6;1;12;20;20045;;1;1;GI-636-H;0;6;10;1;4;GI-636-H;1;1;1;;;1;2
6;2;11;20;20074;;1;1;GI-627;48;6;16;2;;;1;1;1;;;1;1
6;5;13;20;20902;;1;1;N-1;453;5;6;2;;;3;1;3;;;1;3
7;2;16;20;20036;;1;1;GI-636;12;6;4;2;;;1;1;1;;;1;1
5;6;10;20;0;;1;1;GI-3310;3;6;16;2;;;1;1;1;;;1;1
6;6;13;20;20029;;1;1;GI-3210;4;14;10;2;;;3;1;3;;;1;1
7;3;16;20;20075;;1;1;N-1;441;5;4;2;;;1;1;1;;;1;3
7;2;12;20;20036;;1;1;GI-3440;19;6;2;1;4;;1;1;1;;;1;1
7;3;12;20;20045;;1;1;N-121-A;74;5;3;1;4;;1;1;1;;;1;1
7;4;12;20;20045;;1;1;GI-636;13;5;3;1;999;;1;1;1;;;1;1
7;3;16;20;20067;;3;2;No inventariada;0;14;15;2;;;1;1;1;;;4;998
7;4;18;20;20036;;1;1;N-638;2;14;4;2;;;1;1;1;;;1;1
6;1;19;20;0;;1;1;N-634;26;6;10;2;;;8;1;1;;;1;1
6;3;15;20;20076;;1;1;N-1;421;3;4;2;;;1;1;1;;;1;1
6;4;21;20;20051;;1;1;A-636;12;1;12;2;;;4;1;4;;;1;1
7;4;11;20;20061;;3;2;No inventariada;0;14;10;2;;;1;1;1;;;1;998
7;5;9;20;0;;1;1;GI-2131;10;14;1;1;2;;3;1;2;;;1;2
6;7;20;20;0;;3;2;No inventariada;0;14;16;2;;;1;1;1;;;1;998
7;1;22;20;20075;;3;2;No inventariada;0;9;7;1;2;;1;4;1;;;1;998
7;6;15;20;20051;;1;1;GI-2630;7;5;10;2;;;2;1;1;;;1;2
6;5;11;20;0;;1;1;A-636;14;3;4;2;;;1;1;1;;;1;3
7;7;10;20;20061;;1;1;N-634;12;14;10;2;;;1;1;1;;;1;3
7;1;17;20;20045;;3;2;No inventariada;0;9;2;2;;;1;1;1;;;1;998
6;6;14;20;20074;;1;1;GI-627;49;14;12;2;;;1;1;1;;;1;1
6;6;11;20;20045;;1;1;GI-636;13;8;10;1;2;;3;1;3;;;1;3
5;3;11;20;20045;;1;1;GI-636;15;6;2;1;4;;1;1;1;;;1;2
6;5;19;20;20069;;1;1;GI-41;0;5;4;1;4;;1;1;2;;;1;1
7;2;8;20;0;;3;2;No inventariada;0;14;20;2;;;1;1;2;;;1;998
5;5;13;20;20067;;1;1;GI-636;2;5;5;1;2;;3;1;3;;;1;1
6;2;13;20;0;;1;1;N-1;406;5;2;1;2;;3;1;2;;;1;1
6;5;11;20;20069;;1;1;GI-11;1;5;6;2;;;3;1;3;;;1;3
6;7;14;20;20903;;3;2;No inventariada;0;9;4;2;;;1;1;1;;;1;998
7;3;11;20;0;;1;1;GI-2639;6;5;2;1;3;;1;1;1;;;1;3
6;2;15;20;0;;2;2;GI-2120;55;6;8;1;2;;1;1;1;;;1;1
7;2;16;20;20902;;1;1;N-1;453;3;2;2;;;1;1;1;;;1;2
7;4;11;20;0;;1;1;GI-631;26;6;3;2;;;1;1;1;;;1;3
7;4;22;20;20036;;1;1;GI-3440;12;6;18;2;;;1;6;2;;;1;2
6;4;20;20;20063;;1;1;GI-2132;14;6;19;1;4;;3;2;4;;;1;2
7;3;23;20;20063;;1;1;GI-636;5;6;4;1;2;;1;4;1;;;1;1
5;7;16;20;20061;;3;2;No inventariada;0;9;10;2;;;9;1;7;;;18;998
5;7;9;20;20030;;3;2;No inventariada;0;11;1;2;;;1;1;1;;;1;998
7;5;13;20;20063;;1;1;GI-636;4;8;4;2;;;1;1;1;;;1;1
5;4;16;20;20071;;1;1;N-1;433;5;15;2;;;1;1;1;;;1;2
6;5;13;20;20080;;1;1;A-636;10;1;12;1;2;;3;1;2;;;1;2
6;3;12;20;20040;;1;1;GI-2132;2;14;4;1;4;GI-2132;1;1;2;;;1;3
6;5;13;20;20040;;1;1;A-15;165;2;4;2;;;3;1;2;;;1;1
7;2;19;20;20045;;3;2;No inventariada;0;9;4;1;1;;1;1;2;;;1;998
7;7;22;20;0;;1;1;GI-2130;3;14;12;2;;;1;5;1;;;1;2
7;1;14;20;20045;;1;1;GI-636;13;6;4;2;;;1;1;1;;;1;1
6;1;8;20;20032;;1;1;N-634;58;6;2;1;4;N-634;1;1;2;;;1;2
6;3;11;20;0;;3;2;No inventariada;0;14;1;1;2;;3;1;2;;;1;998
7;6;13;20;20036;;1;1;GI-636;9;5;15;2;;;1;1;1;;;1;1
6;3;14;20;20059;;1;1;GI-2630;13;5;19;2;;;3;1;2;;;1;2
7;4;17;20;20013;;1;1;GI-627;32;14;4;1;4;;1;1;1;;;1;1
7;3;13;20;20055;;3;2;No inventariada;0;9;10;1;4;;1;1;1;;;1;998
7;5;21;20;20071;;2;2;GI-2135;0;14;7;2;;;1;2;1;;;1;1
7;5;21;20;20069;;1;1;N-1;449;3;8;2;;;1;2;1;;;1;2
7;1;1;20;0;;3;2;No inventariada;0;14;15;2;;;1;6;2;;;1;998
7;1;7;20;20040;;1;1;A-15-164;164;8;4;1;2;;1;1;1;;;1;1
7;3;21;20;20051;;1;1;GI-2630;2;6;2;1;2;;1;1;2;;;2;1
7;4;2;20;20069;;1;1;GI-40-3;3;5;12;2;;;3;6;3;;;4;2
7;4;19;20;0;;1;1;GI-2631;11;6;20;2;;;1;1;1;;;1;1
7;4;17;20;20073;;1;1;N-634;0;14;2;1;4;N-634;1;1;1;;;1;2
7;7;19;20;20045;;1;1;N-121-A;74;6;10;1;4;;7;1;1;;;1;2
5;5;12;20;20045;;3;2;No inventariada;0;9;5;1;999;;1;1;1;;;1;998
6;5;13;20;20045;;1;1;AP-8;4;1;4;2;;;3;1;1;;;1;1
6;5;13;20;20902;;1;1;GI-11;0;3;4;2;;;1;1;1;;;1;1
7;6;8;20;20073;;3;2;No inventariada;0;14;10;1;1;;3;1;3;;;1;998
7;3;15;20;20903;;3;2;No inventariada;0;9;4;1;4;;1;1;1;;;1;998
7;1;15;20;0;;1;1;N-1;431;5;16;2;;;1;1;1;;;1;2
5;2;11;20;20045;;3;2;No inventariada;0;9;7;1;999;;3;1;2;;;1;998
6;2;8;20;20063;;1;1;GI-636;5;6;20;2;;;3;1;2;;;1;2
7;1;2;20;20067;;1;1;GI-2132;12;14;6;2;;;1;6;1;;;12;1
7;1;12;20;20045;;1;1;N-121-A;72;6;12;2;;;3;1;3;;;1;3
7;4;19;20;20029;;3;2;No inventariada;0;14;7;2;;;1;1;1;;;1;998
7;2;10;20;20036;;1;1;N-638;2;14;3;1;4;;1;1;1;;;1;2
6;2;7;20;20072;;1;1;GI-3722;3;6;7;1;4;;1;1;1;;;1;1
7;1;16;20;20029;;1;1;N-634;42;6;10;2;;;1;1;1;;;1;2
6;7;15;20;20075;;1;1;N-1;444;3;12;1;999;;1;1;1;;;1;3
8;4;9;20;20055;;1;1;GI-627;37;6;3;1;4;;1;1;1;;;1;2
8;5;13;20;20063;;1;1;GI-636;5;6;4;2;;;1;1;1;;;1;1
7;1;12;20;20040;;1;1;GI-3410;0;6;16;2;;;1;1;1;;;1;3
8;4;9;20;20081;;1;1;N-634;28;14;3;1;2;;1;1;2;;;1;1
8;4;10;20;20056;;1;1;GI-638;6;6;10;2;;;1;1;1;;;1;4
8;7;2;20;20056;;1;1;GI-638;7;14;12;2;;;1;6;1;;;1;2
8;7;6;20;20069;;1;1;GI-41;0;14;6;2;;;1;3;1;;;1;2
8;4;7;20;20075;;1;1;N-1;441;5;4;2;;;1;1;2;;;1;1
8;5;17;20;20013;;1;1;GI-627;32;6;4;1;4;;1;1;2;;;1;3
5;2;7;20;20045;;3;2;No inventariada;0;9;7;1;1;;1;2;1;;;6;998
5;4;9;20;0;;1;1;GI-631;6;5;2;2;;;1;1;1;;;1;2
5;3;12;20;20018;;1;1;GI-631;13;5;20;2;;;1;1;1;;;1;1
7;7;12;20;20059;;1;1;GI-2630;14;6;19;2;;;1;1;1;;;1;2
6;1;14;20;0;;1;1;GI-3610;2;6;7;2;;;1;1;1;;;1;1
8;3;13;20;20032;;1;1;GI-3321;2;6;10;2;;;3;1;3;;;1;3
8;5;12;20;0;;3;2;No inventariada;0;14;10;2;;;1;1;1;;;1;998
7;4;16;20;0;;1;1;GI-631;3;14;15;2;;;1;1;1;;;1;2
8;6;18;20;20009;;1;1;N-1;444;3;12;2;;;1;1;1;;;1;2
8;7;20;20;20045;;1;1;GI-636;14;8;10;1;4;;8;1;1;;;1;1
8;7;18;20;0;;3;2;No inventariada;0;9;7;2;;;1;1;1;;;1;998
7;3;9;20;20061;;1;1;N-634;11;6;10;2;;;1;1;1;;;1;1
7;7;10;20;0;;1;1;GI-631;6;6;10;2;;;1;1;1;;;1;2
5;5;19;20;20075;;1;1;A-15;155;3;16;2;;;1;1;1;;;1;2
6;6;15;20;0;;1;1;N-1;425;5;4;2;;;1;4;3;;;1;1
7;7;17;20;20036;;1;1;N-638;2;14;3;1;4;;1;1;1;;;1;3
7;7;17;20;20029;;1;1;AP-8;58;1;4;2;;;1;1;1;;;1;1
7;3;12;20;20073;;1;1;N-634;2;6;2;2;;;1;1;1;;;1;1
8;7;14;20;0;;1;1;A-15;142;2;16;2;;;1;1;1;;;1;1
8;2;9;20;20071;;1;1;N-1;435;3;16;2;;;1;1;1;;;1;1
7;6;12;20;20902;;1;1;N-1;450;5;16;1;2;;1;1;2;;;1;1
8;5;14;20;20045;;1;1;GI-2134;7;6;12;1;4;;1;1;1;;;12;3
8;1;13;20;0;;1;1;GI-2133;17;14;16;2;;;1;1;1;;;1;2
7;6;12;20;20018;;1;1;GI-631;8;6;15;2;;;3;1;2;;;1;2
8;4;10;20;0;;3;2;No inventariada;0;14;20;2;;;1;1;1;;;1;998
8;3;13;20;0;;1;1;GI-2631;2;6;4;2;;;3;1;1;;;1;1
8;3;16;20;0;;1;1;GI-2130;9;6;15;2;;;3;1;3;;;1;2
8;5;12;20;0;;1;1;GI-3540;1;14;7;2;;;1;1;1;;;1;3
7;5;18;20;0;;3;2;No inventariada;0;14;12;2;;;1;1;1;;;1;998
8;5;16;20;0;;1;1;GI-2130;2;6;12;2;;;1;1;1;;;4;2
8;5;22;20;20081;;1;1;GI-2633;6;6;4;2;;;1;6;1;;;4;2
8;7;6;20;20040;;1;1;A-15;166;3;16;2;;;3;4;2;;;1;2
8;7;10;20;0;;1;1;A-15;140;3;16;2;;;3;1;3;;;1;2
6;3;8;20;20059;;1;1;GI-2630;11;14;3;2;;;1;1;2;;;1;2
7;2;14;20;20018;;1;1;GI-631;14;14;4;1;2;;1;1;1;;;1;1
7;4;14;20;20019;;1;1;GI-2632;2;5;2;1;2;;1;1;1;;;6;1
7;6;20;20;20079;;1;1;N-634;16;6;1;2;;;7;1;2;;;1;2
8;7;11;20;20040;;1;1;GI-3410;1;14;20;2;;;1;1;1;;;1;4
8;7;6;20;20071;;1;1;N-1;435;3;12;2;;;3;4;2;;;1;2
7;5;10;20;0;;1;1;A-636;21;6;1;2;;;1;1;1;;;1;1
7;2;13;20;20079;;1;1;GI-2633;1;6;19;2;;;3;1;3;;;1;3
8;1;19;20;20075;;1;1;A-15;154;3;19;2;;;8;1;2;;;1;3
8;4;19;20;20018;;1;1;GI-2634;22;6;19;2;;;3;2;2;;;1;2
8;3;8;20;0;;1;1;N-1;439;3;16;2;;;8;1;1;;;1;2
7;1;0;20;0;;1;1;N-1;439;5;19;2;;;1;6;2;;;4;1
8;6;19;20;20061;;1;1;N-634;12;14;4;1;2;;1;1;1;;;1;4
8;3;22;20;20071;;1;1;N-1;434;5;12;2;;;1;4;2;;;1;3
8;6;21;20;20040;;1;1;A-15;166;3;19;1;2;;3;4;3;;;1;3
8;6;2;20;20032;;1;1;AP-8;66;1;6;2;;;1;6;1;;;1;1
8;4;21;20;20064;;1;1;GI-3440;8;14;19;2;;;1;6;1;;;4;3
8;7;11;20;20073;;1;1;N-634;6;6;9;2;;;3;1;3;;;1;2
8;7;11;20;0;;1;1;N-634;14;6;16;2;;;3;1;3;;;1;1
8;7;15;20;20029;;1;1;AP-8;52;1;3;2;;;3;1;2;;;1;1
8;4;11;20;20032;;1;1;N-634;54;5;10;2;;;1;1;1;;;1;2
8;7;13;20;0;;1;1;N-1;431;5;16;2;;;3;1;3;;;1;2
8;2;22;20;20063;;1;1;GI-636;4;6;1;2;;;1;6;1;;;1;3
8;3;17;20;20079;;1;1;AP-8;38;1;7;2;;;1;1;1;;;1;1
8;2;9;20;20063;;1;1;GI-3632;2;6;16;2;;;3;1;3;;;1;1
8;2;9;20;20045;;1;1;GI-636-U;0;8;2;1;4;;1;1;1;;;1;3
8;3;16;20;20045;;1;1;N-121-A;74;6;16;2;;;1;1;1;;;1;2
8;5;18;20;20009;;1;1;N-1;447;5;2;1;2;;1;1;2;;;17;3
8;1;0;20;20029;;2;2;N-634;44;14;2;1;2;;1;4;1;;;1;1
8;6;1;20;20075;;1;1;A-15;153;2;18;2;;;1;6;1;;;1;2
8;1;11;20;20009;;1;1;A-15;159;2;5;1;2;;1;1;1;;;1;2
8;6;18;20;0;;2;2;GI-2130;1;9;2;1;2;;3;1;3;;;1;1
8;6;21;20;20072;;1;1;A-15;164;3;16;1;999;A-15;3;4;3;;;1;2
7;5;21;20;0;;1;1;GI-2131;7;14;6;2;;;1;2;2;;;1;1
8;5;19;20;20081;;1;1;AP-8;43;1;4;2;;;1;2;1;;;1;1
8;7;0;20;0;;1;1;GI-2632;3;6;19;2;;;3;6;3;;;1;2
9;4;17;20;20045;;1;1;GI-636;14;6;4;2;;;1;1;1;;;1;1
6;2;16;20;0;;1;1;GI-631;1;14;1;2;;;1;1;1;;;1;1
9;2;13;20;20051;;1;1;GI-2630;2;14;19;2;;;3;1;3;;;1;2
9;4;21;20;20067;;1;1;GI-636;1;14;4;1;4;;1;3;2;;;1;2
8;7;20;20;20072;;3;2;No inventariada;0;14;13;1;2;;1;1;2;;;1;998
8;4;13;20;0;;1;1;N-634;21;14;15;2;;;3;1;2;;;4;1
8;6;9;20;20081;;1;1;N-634;29;14;2;1;4;;1;1;1;;;6;3
9;2;13;20;20902;;1;1;N-1;452;5;16;2;;;3;1;3;;;5;2
9;3;13;20;20069;;1;1;GI-41;1;3;12;2;;;3;1;4;;;1;3
9;5;8;20;20032;;1;1;AP-8;67;1;16;2;;;3;1;4;;;1;2
9;6;10;20;20036;;1;1;N-638;1;14;10;2;;;1;1;1;;;1;1
8;3;19;20;20045;;1;1;GI-636;10;6;4;1;2;;1;1;1;;;1;2
9;3;6;20;20013;;3;2;No inventariada;0;9;4;1;2;;3;4;3;;;1;998
8;3;13;20;20056;;1;1;GI-638;7;14;2;1;2;;1;1;1;;;1;1
8;5;3;20;20079;;1;1;AP-8;40;1;16;2;;;3;4;2;;;1;3
8;2;12;20;20036;;1;1;GI-636;12;6;4;1;2;;1;1;1;;;1;1
8;4;13;20;0;;1;1;N-1;410;3;4;2;;;3;1;3;;;1;2
7;4;22;20;20029;;1;1;N-634;44;14;15;2;;;1;4;1;;;1;1
9;7;17;20;20063;;1;1;GI-2132;14;6;9;1;4;;8;1;1;;;4;3
9;1;13;20;20036;;1;1;N-638;1;6;2;1;2;;1;1;1;;;1;1
9;2;19;20;20029;;1;1;AP-8;57;1;4;2;;;3;2;3;;;1;1
8;2;20;20;20017;;1;1;GI-2634;30;6;4;2;;;1;6;1;;;1;1
8;6;11;20;20061;;1;1;N-634;13;14;4;1;2;;1;1;1;;;1;1
8;6;11;20;0;;1;1;GI-3572;1;6;15;2;;;3;1;1;;;1;3
9;7;11;20;0;;1;1;GI-2120;51;6;10;2;;;3;1;2;;;1;2
9;2;13;20;20040;;1;1;A-15;166;3;16;1;2;;3;1;3;;;1;3
9;1;13;20;20045;;1;1;GI-636;15;5;4;2;;;1;1;2;;;1;1
9;1;15;20;0;;1;1;N-1;439;5;16;2;;;3;1;2;;;1;3
9;1;18;20;20063;;1;1;GI-3631;13;6;19;2;;;3;5;4;;;1;3
9;1;19;20;20069;;1;1;GI-40;2;5;16;2;;;3;1;1;;;1;3
9;2;23;20;20069;;1;1;GI-2132;0;6;16;1;4;;1;4;1;;;1;2
9;4;10;20;20069;;1;1;GI-20;7;3;4;2;;;3;1;2;;;1;1
9;5;19;20;0;;3;2;No inventariada;0;9;2;1;1;;1;2;1;;;1;998
9;6;18;20;0;;1;1;GI-2637;2;6;17;1;4;;1;1;1;;;1;3
9;4;12;20;20049;;3;2;No inventariada;0;9;7;1;2;;1;1;2;;;11;998
9;3;7;20;20040;;1;1;A-15;166;8;20;2;;;3;1;3;;;1;1
9;6;12;20;0;;1;1;GI-2120;52;6;20;2;;;1;1;1;;;1;2
8;7;12;20;20036;;1;1;GI-3361;1;6;10;1;2;;3;1;1;;;1;1
9;1;18;20;20018;;1;1;GI-631;11;6;19;2;;;8;1;2;;;1;2
9;2;17;20;20069;;1;1;GI-20;12;3;12;1;2;;1;1;1;;;1;1
9;2;17;20;20045;;1;1;GI-2134;6;14;2;2;;;1;1;1;;;1;1
1;7;10;20;0;;1;1;N-634;20;6;1;2;;;1;1;1;;;1;2
5;5;17;20;20069;;1;1;N-1;450;3;16;2;;;3;1;1;;;1;1
9;6;18;20;20055;;1;1;GI-3554;0;14;16;1;2;;1;1;1;;;1;2
9;4;11;20;20036;;1;1;GI-636;11;6;2;1;4;;1;1;1;;;1;2
9;1;18;20;20081;;1;1;N-634;30;6;1;2;;;1;2;1;;;1;3
9;2;13;20;20069;;1;1;GI-20;4;5;3;2;;;1;1;1;;;1;1
9;4;14;20;20030;;1;1;N-634;64;5;16;2;;;3;1;3;;;1;2
6;3;14;20;0;;1;1;N-1;406;5;4;2;;;1;1;1;;;1;1
7;5;18;20;0;;1;1;GI-3282;1;6;2;2;;;1;1;2;;;1;2
9;6;13;20;0;;1;1;GI-2632;16;6;10;2;;;1;1;1;;;1;1
9;7;11;20;20045;;1;1;GI-3452;1;6;10;1;4;GI-3452;3;1;3;;;1;2
9;2;11;20;20073;;1;1;N-634;2;14;19;2;;;1;1;1;;;1;1
7;5;14;20;20032;;1;1;AP-8;64;1;2;2;;;1;1;1;;;1;1
9;1;12;20;20063;;1;1;GI-636;4;1;10;2;;;1;1;1;;;1;1
9;7;14;20;20045;;1;1;AP-8;7;1;7;2;;;1;1;1;;;17;1