MES;DIA_SEMANA;HORA;COD_PROVINCIA;COD_MUNICIPIO;ISLA;ZONA;ZONA_AGRUPADA;CARRETERA;KM;TIPO_VIA;TIPO_ACCIDENTE;NUDO;NUDO_INFO;CARRETERA_CRUCE;CONDICION_FIRME;CONDICION_ILUMINACION;CONDICION_METEO;CONDICION_NIEBLA;CONDICION_VIENTO;VISIB_RESTRINGIDA_POR;TRAZADO_PLANTA
9;4;8;20;20045;;1;1;GI-2134;7;14;1;1;2;;3;2;4;;;1;3
9;4;5;20;20069;;1;1;GI-2132;0;14;20;1;4;;3;4;3;;;1;2
9;6;14;20;0;;1;1;GI-627;28;6;4;2;;;1;1;1;;;1;1
9;5;15;20;20055;;1;1;GI-627;35;6;12;2;;;1;1;1;;;1;2
9;2;14;20;20013;;1;1;GI-627;30;6;4;2;;;1;1;2;;;1;1
9;3;12;20;0;;1;1;N-1;427;5;4;2;;;1;1;1;;;1;1
9;4;10;20;20903;;1;1;AP-8;17;1;14;2;;;3;1;3;;;1;1
9;4;7;20;20032;;1;1;GI-2634;35;6;1;2;;;3;5;3;;;1;3
9;7;19;20;20063;;1;1;GI-2132;15;5;3;2;;;1;2;1;;;1;1
9;6;10;20;0;;3;2;No inventariada;0;14;20;2;;;2;1;1;;;1;998
9;4;7;20;20069;;1;1;GI-20;4;5;4;2;;;1;1;1;;;1;1
9;5;11;20;20013;;1;1;AP-1;126;1;4;2;;;1;1;1;;;1;1
9;1;15;20;20055;;1;1;GI-3551;0;14;2;1;2;;1;1;1;;;1;1
8;5;8;20;20902;;1;1;N-1;450;5;12;2;;;1;1;2;;;1;2
9;1;14;20;20069;;1;1;GI-41;1;5;4;2;;;1;1;2;;;1;1
9;6;21;20;20055;;1;1;GI-627;35;14;14;2;;;3;6;1;;;1;2
8;4;7;20;20032;;1;1;AP-8;63;1;2;2;;;3;2;3;;;1;2
9;3;10;20;20029;;1;1;N-634;33;14;12;2;;;3;1;1;;;1;1
9;4;17;20;20073;;1;1;N-634;0;6;4;1;4;;3;1;2;;;1;1
9;1;20;20;20051;;1;1;GI-2630;2;6;12;2;;;1;4;1;;;1;1
10;3;10;20;0;;1;1;AP-8;47;1;16;2;;;3;1;3;;;1;2
10;3;16;20;20069;;1;1;GI-20;3;5;12;2;;;3;1;4;;;1;1
10;4;10;20;20045;;1;1;GI-636-H;0;6;10;1;2;;3;1;2;;;1;2
9;7;15;20;20029;;1;1;AP-8;55;1;5;2;;;1;1;1;;;1;1
9;5;16;20;20036;;1;1;GI-636;12;6;20;1;2;;3;1;2;;;1;1
9;1;10;20;20032;;1;1;N-634;55;5;4;1;4;;1;1;1;;;1;2
10;2;11;20;0;;1;1;GI-2120;57;5;10;2;;;1;1;1;;;1;2
10;3;8;20;20053;;1;1;GI-636;7;6;10;1;4;;7;1;3;;;1;3
10;6;23;20;20069;;1;1;GI-636-1;1;8;2;1;4;;3;4;2;;;1;2
9;2;16;20;20069;;1;1;GI-20;6;5;12;1;2;;1;1;1;;;1;1
10;2;13;20;20081;;1;1;N-634;27;14;10;2;;;1;1;1;;;1;1
10;3;10;20;20032;;1;1;N-634;58;14;4;1;5;;3;1;3;;;1;1
10;3;13;20;20076;;1;1;N-1;421;3;12;2;;;3;1;3;;;1;1
10;5;6;20;0;;1;1;GI-3740;6;6;4;2;;;3;6;2;;;1;1
9;6;11;20;20032;;3;2;No inventariada;0;14;19;2;;;1;1;1;;;1;998
9;2;20;20;20073;;1;1;N-634;4;6;19;1;2;;1;1;1;;;1;2
9;3;14;20;20040;;1;1;A-15;166;6;4;1;2;;1;1;1;;;1;1
9;3;16;20;20045;;1;1;N-121-A;74;6;16;1;4;;1;1;1;;;1;2
9;7;14;20;20045;;1;1;GI-636-H;0;5;4;2;;;1;1;1;;;1;1
10;1;13;20;20055;;1;1;GI-627;35;14;19;2;;;3;1;3;;;1;2
7;7;18;20;20069;;1;1;GI-20;4;3;12;2;;;1;1;1;;;1;2
8;5;8;20;20018;;1;1;GI-631;9;14;10;1;4;;3;1;1;;;1;2
8;6;11;20;20053;;1;1;GI-3440;1;6;19;2;;;1;1;1;;;1;1
9;4;8;20;20036;;1;1;GI-636;11;6;18;2;;;3;1;2;;;1;3
9;5;16;20;20079;;3;2;No inventariada;0;14;19;2;;;1;1;1;;;1;998
10;1;12;20;0;;1;1;GI-3650;0;6;12;1;2;;3;1;4;;;1;1
9;6;10;20;20045;;1;1;N-121-A;74;6;3;1;4;;1;1;1;;;1;2
9;1;7;20;20030;;1;1;N-634;63;6;10;1;2;;1;1;1;;;1;2
10;3;21;20;20067;;1;1;AP-8;12;1;12;2;;;3;4;2;;;1;2
9;3;16;20;20063;;1;1;GI-2132;13;6;2;1;2;;1;1;2;;;1;1
9;6;12;20;0;;1;1;N-1;422;5;16;2;;;3;1;2;;;4;3
9;7;16;20;0;;1;1;AP-8;47;1;19;2;;;1;3;1;;;1;1
10;2;10;20;20903;;1;1;GI-2132;6;5;20;2;;;1;1;1;;;1;3
9;2;17;20;20045;;1;1;GI-3454;13;6;15;2;;;1;1;1;;;1;3
10;4;17;20;20069;;1;1;GI-41;1;3;4;2;;;1;1;1;;;1;1
10;4;7;20;20903;;1;1;AP-8;17;1;16;2;;;3;4;4;;;1;1
10;4;9;20;20009;;1;1;N-1;448;5;19;2;;;3;1;2;;;1;2
9;6;5;20;20036;;1;1;GI-636;12;6;16;2;;;3;6;4;;;1;2
10;3;7;20;0;;1;1;N-1;445;5;4;2;;;1;3;1;;;1;1
10;4;11;20;0;;1;1;GI-2130;4;14;12;2;;;3;1;2;;;1;1
9;7;14;20;20053;;1;1;GI-2638;3;14;2;1;2;;1;1;1;;;4;1
10;1;21;20;20009;;1;1;N-1;448;5;12;2;;;1;4;2;;;1;3
9;5;8;20;0;;1;1;N-1;417;3;12;1;2;;3;1;2;;;1;2
9;7;11;20;20030;;1;1;GI-3950;3;14;10;2;;;1;1;1;;;1;2
10;3;7;20;20009;;1;1;A-15;160;2;5;2;;;3;4;3;;;1;1
8;6;11;20;20036;;1;1;GI-3440;18;6;20;1;4;GI-3440;8;1;1;;;1;2
9;5;14;20;0;;1;1;AP-1;122;1;4;2;;;1;1;2;;;1;1
10;3;12;20;0;;1;1;AP-8;47;1;19;2;;;3;1;3;;;4;3
10;4;8;20;20067;;1;1;GI-20;0;5;12;2;;;3;1;2;;;1;2
10;7;6;20;20075;;1;1;N-1;444;5;4;2;;;3;4;2;;;1;3
10;1;21;20;20079;;1;1;GI-3162;1;5;17;2;;;1;6;2;;;1;3
8;4;11;20;20018;;1;1;GI-2635;1;6;20;2;;;1;1;1;;;1;1
9;5;9;20;20030;;1;1;N-634;63;14;12;2;;;3;1;2;;;1;1
10;6;9;20;0;;1;1;GI-3710;6;6;14;2;;;1;1;1;;;4;2
10;7;11;20;20045;;3;2;No inventariada;0;12;12;2;;;1;1;1;;;1;998
10;3;20;20;0;;1;1;GI-2131;10;14;7;2;;;4;4;4;;;5;1
9;6;11;20;20036;;1;1;GI-3440;18;5;10;1;4;;1;1;1;;;1;3
10;4;12;20;20902;;1;1;N-1;450;5;12;2;;;3;1;4;;;5;2
10;3;22;20;20075;;1;1;N-1;444;5;16;2;;;4;4;4;;;1;2
10;4;8;20;20903;;1;1;AP-8;16;1;19;2;;;3;1;3;;;1;3
10;6;11;20;0;;1;1;No inventariada;18;1;12;2;;;3;1;1;;;1;2
10;1;8;20;20069;;1;1;GI-11;1;3;4;1;999;;3;3;3;;;1;1
10;2;12;20;20081;;1;1;GI-2633;6;6;16;1;2;;1;1;1;;;1;1
10;6;11;20;0;;1;1;GI-3871;2;6;4;2;;;1;1;1;;;1;3
10;7;12;20;0;;1;1;N-1;407;5;16;2;;;1;1;1;;;1;2
10;5;12;20;20080;;2;2;GI-2632;12;6;2;1;2;;1;1;1;;;1;1
10;3;14;20;0;;1;1;N-1;425;8;2;1;2;;1;1;1;;;1;1
10;2;17;20;20902;;1;1;N-1;452;3;5;1;2;;1;1;1;;;1;1
10;4;6;20;20069;;1;1;GI-20;9;5;12;2;;;1;4;1;;;1;4
10;4;9;20;20063;;1;1;GI-3631;2;14;4;2;;;1;1;1;;;1;1
10;4;14;20;0;;1;1;GI-3042;1;6;10;2;;;1;1;1;;;1;1
10;4;15;20;20045;;1;1;GI-636-H;0;6;4;2;;;1;1;1;;;1;1
10;5;16;20;0;;1;1;GI-2632;3;6;2;1;4;;1;1;1;;;1;2
10;4;8;20;20040;;1;1;GI-3410;1;6;20;2;;;1;4;1;;;1;1
10;5;5;20;20053;;1;1;GI-636;7;5;20;1;4;;3;4;4;;;5;2
10;6;1;20;0;;1;1;GI-3670;8;6;18;2;;;3;6;2;;;1;3
10;6;18;20;20069;;1;1;GI-20;4;3;4;2;;;3;2;3;;;1;1
10;5;9;20;20036;;1;1;GI-636;11;6;1;2;;;3;1;4;;;5;3
10;7;10;20;20069;;1;1;GI-40;2;5;16;2;;;3;1;1;;;1;3
10;7;10;20;20069;;1;1;GI-636;1;3;10;2;;;3;1;2;;;1;1
10;7;13;20;20063;;1;1;GI-3454;6;6;19;2;;;1;1;1;;;1;3
10;4;11;20;20903;;1;1;AP-8;17;1;12;2;;;4;1;4;;;1;1
10;5;16;20;20017;;1;1;GI-631;21;6;15;2;;;3;1;2;;;1;2
9;6;16;20;20018;;1;1;GI-631;10;14;1;2;;;1;1;1;;;1;4
9;3;18;20;0;;1;1;GI-2120;60;6;1;2;;;1;1;1;;;1;1
10;3;22;20;20067;;1;1;AP-8;12;1;16;2;;;3;4;4;;;1;3
10;1;15;20;20009;;1;1;N-1;446;3;12;2;;;1;1;1;;;1;2
10;5;14;20;20069;;1;1;GI-11;1;3;4;1;999;;1;1;1;;;1;1
10;5;16;20;0;;1;1;GI-631;3;6;12;2;;;3;1;2;;;1;2
11;5;9;20;20073;;3;2;No inventariada;0;14;6;1;4;;1;1;1;;;1;998
11;5;10;20;0;;1;1;GI-3720;9;6;10;2;;;1;1;1;;;1;2
10;6;11;20;20079;;1;1;N-634;16;6;4;2;;;1;1;1;;;1;3
10;6;12;20;20055;;1;1;N-636;34;6;2;1;2;;1;1;1;;;1;2
10;1;10;20;20079;;1;1;N-634;20;14;20;2;;;1;1;1;;;1;2
10;2;18;20;20063;;1;1;AP-8;11;1;16;2;;;1;1;1;;;1;1
10;6;13;20;20009;;1;1;N-1;446;3;12;2;;;3;1;3;;;1;2
10;7;1;20;0;;1;1;N-1;439;3;12;2;;;3;4;4;;;5;2
10;7;4;20;20040;;1;1;A-15;166;3;12;2;;;3;4;1;;;1;2
8;1;11;20;20061;;3;2;No inventariada;0;9;2;2;;;9;1;7;;;18;998
9;7;2;20;0;;1;1;GI-631;5;6;7;2;;;1;4;1;;;17;1
9;5;17;20;20080;;1;1;GI-2632;11;5;10;2;;;3;2;2;;;1;2
10;3;13;20;20076;;1;1;N-1;421;3;5;2;;;3;1;3;;;1;3
10;7;9;20;0;;1;1;N-1;430;3;12;2;;;3;1;1;;;1;2
10;5;17;20;20056;;3;2;No inventariada;0;14;7;1;2;;1;1;1;;;1;998
10;6;12;20;20040;;1;1;A-15;166;3;15;2;;;1;4;1;;;1;3
11;2;18;20;20036;;1;1;N-638;0;14;2;1;4;N-638;1;4;1;;;1;2
9;7;7;20;0;;1;1;GI-627;55;14;19;2;;;3;2;1;;;1;4
9;6;12;20;0;;1;1;GI-3261;1;6;12;2;;;3;1;1;;;4;3
11;2;14;20;20902;;1;1;N-1;452;3;4;2;;;1;1;1;;;1;1
11;3;14;20;20032;;1;1;N-634;57;6;4;1;4;;1;1;1;;;1;1
10;4;18;20;20069;;1;1;GI-636-1;1;8;4;1;4;;3;3;3;;;1;1
10;7;17;20;20055;;1;1;GI-3551;1;14;2;2;;;1;2;2;;;1;2
10;3;16;20;0;;1;1;N-1;417;5;16;2;;;3;1;3;;;1;2
11;1;13;20;20018;;1;1;GI-631;14;5;4;1;4;;1;1;1;;;1;1
11;3;23;20;20063;;1;1;GI-2134;0;6;19;1;1;;1;4;1;;;1;3
6;1;5;20;20081;;1;1;N-634;30;6;16;2;;;3;4;3;;;1;1
11;6;2;20;0;;3;2;No inventariada;0;14;20;2;;;1;4;1;;;1;998
9;5;14;20;20059;;1;1;GI-2630;22;6;2;2;;;1;1;2;;;1;1
10;5;6;20;20051;;1;1;No inventariada;12;1;4;1;2;;3;4;4;;;5;1
9;7;17;20;20030;;1;1;N-634;65;6;12;2;;;3;1;2;;;1;3
10;7;11;20;0;;1;1;GI-3670;8;6;10;2;;;8;1;2;;;1;2
10;5;14;20;20071;;1;1;N-1;433;5;15;1;2;;3;1;3;;;1;1
11;6;12;20;20063;;1;1;GI-3631;3;14;10;2;;;8;1;1;;;1;3
11;2;7;20;20009;;1;1;N-1;445;5;4;2;;;8;3;2;;;1;1
11;3;8;20;20040;;1;1;GI-2132;2;6;4;1;4;;8;1;1;;;1;1
10;3;13;20;20064;;1;1;GI-3440;5;6;16;2;;;1;1;1;;1;1;1
10;1;11;20;0;;1;1;GI-2133;14;14;6;2;;;1;1;1;;;1;1
10;5;12;20;20079;;1;1;N-634;17;14;16;1;4;;1;1;1;;;1;3
10;4;18;20;20061;;1;1;AP-8;33;1;12;2;;;1;4;1;;;1;1
11;7;19;20;20069;;1;1;GI-20;9;3;4;2;;;1;4;1;;;1;1
11;2;15;20;20030;;3;2;No inventariada;0;12;2;1;2;;1;1;1;;;1;998
11;5;14;20;20032;;1;1;N-634;53;14;15;1;2;;1;1;1;;;1;1
11;2;10;20;20045;;1;1;GI-636;13;6;3;2;;;1;1;1;;;1;2
11;4;16;20;0;;1;1;GI-2135;7;6;10;2;;;1;1;1;;;1;2
10;4;14;20;20009;;1;1;A-15;160;2;4;2;;;3;1;3;;;1;1
11;5;13;20;20030;;3;2;No inventariada;0;14;16;2;;;1;1;2;;;1;998
11;1;11;20;20069;;1;1;GI-41;1;3;3;1;4;;1;1;2;;;1;2
11;1;22;20;20063;;1;1;GI-2132;12;6;8;2;;;1;6;2;;;1;2
11;5;9;20;20081;;1;1;GI-3760;0;14;4;2;;;1;1;1;;;1;3
11;7;17;20;20903;;1;1;GI-2132;9;6;16;2;;;1;1;1;;;1;4
11;5;20;20;20032;;1;1;N-634;58;6;4;2;;;1;4;2;;;1;1
10;1;13;20;20030;;3;2;No inventariada;0;9;20;2;;;9;1;7;;;18;998
11;1;15;20;20030;;3;2;No inventariada;0;9;20;2;;;9;1;1;;;18;998
11;2;9;20;20030;;3;2;No inventariada;0;9;7;2;2;;9;1;7;;;18;998
10;5;18;20;20074;;1;1;GI-627;41;6;4;2;;;1;1;1;;;1;1
11;3;16;20;0;;1;1;N-634;14;6;10;2;;;3;1;1;;;1;2
11;1;9;20;20045;;1;1;AP-8;5;1;4;2;;;1;1;2;;;1;1
11;5;19;20;0;;1;1;GI-3310;5;6;20;2;;;1;6;1;;;1;1
11;2;10;20;20040;;1;1;GI-2132;3;6;4;2;;;1;1;1;;;1;1
10;5;13;20;20045;;1;1;GI-636;14;6;1;2;;;1;1;1;;;1;1
10;4;17;20;20029;;1;1;GI-3210;0;6;19;2;;;1;1;1;;;1;1
11;1;14;20;20053;;1;1;GI-636;3;6;2;1;2;;1;1;1;;;1;1
1;5;23;20;20067;;1;1;AP-8;11;1;16;2;;;3;4;4;;;1;2
10;2;7;20;20069;;1;1;GI-41;1;3;4;2;;;3;3;3;;;1;1
10;7;13;20;20074;;1;1;AP-1;133;1;6;1;2;;3;1;1;;;1;3
11;1;11;20;20071;;1;1;GI-2634;0;6;4;1;2;;3;1;3;1;;1;1
11;3;15;20;20009;;1;1;A-15;159;2;5;1;2;;3;1;4;;;1;1
10;7;12;20;20017;;1;1;GI-631;24;6;12;2;;;3;1;2;;;1;2
11;3;7;20;20045;;1;1;GI-636;9;6;5;2;;;3;1;2;;;1;3
11;3;14;20;20063;;1;1;GI-2134;2;14;16;2;;;1;1;1;;;1;2
10;7;12;20;20080;;1;1;GI-631;33;14;12;2;;;3;1;2;;;1;2
11;1;15;20;0;;3;2;No inventariada;0;9;10;1;2;;1;1;1;;;1;998
11;4;8;20;20073;;1;1;N-634;0;6;4;1;999;;1;1;1;;;1;1
11;4;8;20;0;;1;1;GI-631;5;6;4;2;;;1;1;1;;;1;1
10;2;16;20;0;;1;1;GI-2632;3;14;16;2;;;1;1;1;;;1;1
11;2;12;20;0;;1;1;GI-3071;1;6;16;2;;;3;1;1;;;4;2
11;5;21;20;0;;1;1;AP-1;119;1;4;2;;;1;4;1;;;1;1
11;1;6;20;0;;1;1;N-634;30;14;16;2;;;3;4;3;;;1;3
11;1;9;20;20040;;1;1;AP-8;22;2;4;2;;;1;1;1;;;1;1
11;5;13;20;20036;;1;1;GI-636;12;6;20;1;2;;3;1;2;;;1;1
11;4;19;20;0;;1;1;GI-631;1;6;8;1;2;;1;5;1;;;1;1
12;1;19;20;20063;;1;1;GI-2132;15;5;4;2;;;3;6;3;;;1;1
10;3;16;20;0;;1;1;GI-3162;1;6;2;2;;;3;1;4;;;4;3
11;6;12;20;20040;;1;1;GI-3410;0;14;6;1;4;;8;1;1;;;1;2
12;1;17;20;20069;;1;1;GI-41;1;3;4;2;;;3;4;3;;;1;1
11;4;8;20;0;;1;1;GI-3710;0;5;19;1;2;GI-3710;3;1;2;;;1;3
12;2;10;20;20069;;1;1;GI-20;12;5;12;2;;;3;1;2;;;1;3
12;3;7;20;20069;;1;1;GI-41;0;8;3;2;;;3;1;2;;;1;1
12;3;8;20;20073;;1;1;AP-8;29;1;16;2;;;3;2;1;;;1;4
11;5;22;20;20063;;1;1;GI-3631;1;14;9;2;;;3;6;3;;;1;2
11;3;11;20;0;;1;1;AP-8;43;1;3;2;;;1;1;1;;;1;1
11;4;16;20;0;;1;1;N-634;23;14;18;2;;;3;1;2;;;1;2
11;1;9;20;20029;;1;1;N-634;33;14;19;2;;;3;1;3;;;1;2
12;1;10;20;20045;;1;1;GI-636-H;0;5;10;1;4;;3;1;4;;;1;2
10;4;15;20;20903;;1;1;AP-8;17;1;12;2;;;3;1;4;;;5;3
12;2;17;20;20051;;1;1;GI-2630;8;6;1;2;;;3;2;3;;;1;2
12;3;19;20;20053;;1;1;GI-2638;0;14;4;2;;;1;4;1;;;1;1
11;3;15;20;20069;;1;1;GI-20;7;6;12;2;;;3;1;4;;;5;1
12;2;9;20;0;;1;1;AP-8;62;1;16;2;;;3;1;3;;;1;2
12;6;22;20;20069;;1;1;GI-20;4;5;12;2;;;3;4;3;;;1;2
11;4;19;20;0;;2;2;GI-3630;0;6;7;1;2;;3;4;3;;;4;3
12;5;7;20;20036;;1;1;GI-636;11;6;20;2;;;3;6;2;;;1;1
12;6;21;20;20069;;1;1;GI-636-1;1;8;20;1;4;;3;6;3;;;4;2
12;6;21;20;20069;;1;1;GI-41;1;3;2;1;4;;3;4;4;;;5;1
12;2;16;20;20017;;1;1;GI-631;19;14;1;2;;;3;2;3;;;1;2
12;3;13;20;20032;;1;1;GI-2636;2;5;1;2;;;3;1;1;;;1;2
10;2;10;20;0;;1;1;GI-3572;0;6;3;2;;;8;1;1;;;1;3
12;7;15;20;20071;;1;1;N-1;434;3;15;2;;;3;1;4;;;1;3
11;7;11;20;0;;3;2;No inventariada;0;9;10;1;2;;1;1;1;;;1;998
12;1;12;20;20018;;1;1;GI-3181;2;6;2;2;;;3;1;3;;;4;2
12;2;8;20;20032;;1;1;GI-2634;35;6;12;2;;;3;5;3;;;1;3
12;4;7;20;20032;;1;1;N-634;55;5;4;2;;;1;1;1;;;1;1
12;6;23;20;20032;;1;1;AP-8;69;1;6;1;2;;3;5;4;;;1;1
12;7;10;20;20074;;1;1;AP-1;133;1;12;2;;;3;1;4;;;1;1
12;3;10;20;20032;;1;1;N-634;55;6;6;1;4;;1;1;1;;;1;4
11;7;19;20;20056;;3;2;No inventariada;0;9;2;1;2;;1;4;1;;;1;998
12;5;17;20;20055;;1;1;GI-3552;0;6;2;2;;;1;2;1;;;1;1
12;1;9;20;20013;;1;1;AP-1;124;1;12;2;;;1;4;1;1;;1;1
12;1;22;20;20013;;1;1;GI-627;31;6;4;2;;;1;6;1;;;1;1
12;5;17;20;20063;;1;1;GI-636;4;8;4;2;;;3;3;3;;;1;1
12;4;13;20;20040;;1;1;A-15;166;3;9;2;;;3;1;4;;;1;3
12;4;21;20;20019;;3;2;No inventariada;0;14;7;2;;;3;4;3;;;1;998
12;5;7;20;20029;;1;1;AP-8;51;1;16;2;;;3;2;4;;;1;1
12;5;10;20;20074;;1;1;AP-1;141;1;4;2;;;8;4;3;;;1;1
12;6;18;20;20902;;1;1;N-1;452;3;12;2;;;3;4;3;;;1;2
12;6;19;20;20069;;1;1;N-1;451;5;4;2;;;3;4;2;;;1;1
12;7;21;20;0;;1;1;AP-8;63;1;12;2;;;3;6;3;;;1;2
12;1;18;20;20018;;1;1;GI-631;15;14;4;2;;;3;5;1;;;1;1
12;3;13;20;20045;;1;1;AP-8;7;1;1;1;2;AP-8;1;1;1;;;1;1
12;2;18;20;20018;;2;2;GI-631;15;6;4;2;;;3;4;4;;;1;1
12;2;18;20;20019;;1;1;N-1;418;5;2;1;999;;1;4;1;;;1;3
12;2;14;20;20073;;1;1;N-634;2;14;4;2;;;1;1;1;;;1;1
12;2;14;20;20069;;1;1;GI-20;5;5;4;1;2;GI-20;1;1;1;;;1;1
9;6;11;20;20061;;1;1;N-634;12;14;20;2;;;1;1;1;;;1;1
12;4;12;20;20009;;1;1;A-15;160;3;4;2;;;1;1;1;;;1;1
12;1;0;20;20053;;1;1;GI-636;7;6;15;1;4;;1;4;1;;;1;2
12;1;10;20;20069;;1;1;GI-20;4;3;4;2;;;3;1;2;;;1;1
12;2;11;20;20045;;3;2;No inventariada;0;11;2;1;1;;3;1;3;;;1;998
12;2;12;20;20902;;1;1;GI-11;0;3;12;2;;;3;1;3;;;1;3
12;3;12;20;20040;;1;1;A-15;166;3;12;2;;;3;1;2;;;1;2
12;4;10;20;20045;;1;1;GI-636;17;5;4;2;;;1;1;2;;;1;1
12;7;10;20;20045;;1;1;N-121-A;73;6;20;2;;;1;1;1;;;1;3
11;2;10;20;20040;;3;2;No inventariada;0;14;2;1;2;;1;1;1;;;6;998
12;6;5;20;0;;1;1;N-1;415;3;16;1;999;;3;6;3;;;1;2
12;1;17;20;20036;;1;1;GI-636;13;6;4;2;;;1;1;1;;;1;1
12;4;11;20;20045;;1;1;GI-636;13;6;2;1;2;;1;1;1;;;4;3
12;7;2;20;20067;;1;1;AP-8;13;1;12;2;;;3;4;3;;;1;1
12;6;20;20;20040;;1;1;A-15;166;3;18;1;999;;3;4;2;;;1;2
12;1;15;20;20071;;1;1;N-1;432;5;12;2;;;1;1;1;;;1;2
12;1;17;20;0;;3;2;No inventariada;0;14;14;2;;;1;1;1;;;6;998
12;1;18;20;20069;;1;1;GI-41;1;5;4;1;4;;3;4;1;;;4;3
12;2;14;20;20069;;1;1;GI-11;2;5;12;2;;;3;1;3;;;1;2
11;5;20;20;20032;;1;1;GI-2634;34;14;12;2;;;1;4;1;;;1;1
12;3;13;20;20009;;1;1;N-1;445;5;4;1;2;;1;1;1;;;9;1
12;7;13;20;20030;;1;1;N-634;63;4;10;1;2;;8;1;2;;;1;2
12;7;17;20;20071;;1;1;N-1;437;5;12;1;2;;1;3;2;;;4;3
12;1;7;20;0;;1;1;A-15;146;2;12;2;;;8;2;2;;;5;3
12;1;19;20;20063;;1;1;GI-636;5;6;4;2;;;1;6;1;;;1;1
12;4;13;20;0;;1;1;AP-1;114;1;4;2;;;1;4;2;;;17;1
12;4;17;20;20045;;1;1;GI-3455;2;6;10;2;;;3;2;3;;;5;1
12;7;0;20;0;;1;1;N-634;13;14;19;2;;;1;6;2;;1;1;1
12;6;11;20;0;;1;1;N-634;21;14;12;2;;;1;1;1;;;1;1
12;7;13;20;20017;;1;1;GI-631;17;14;20;1;999;;8;1;1;;;1;1
12;3;12;20;20069;;1;1;GI-2132;1;14;2;1;4;;1;1;1;;;1;2
12;6;21;20;0;;1;1;N-634;20;14;16;2;;;3;6;2;;;1;2
9;4;14;20;20029;;1;1;N-634;49;14;16;2;;;3;1;3;;;1;2
12;7;14;20;20069;;1;1;GI-20;9;5;1;1;2;;1;1;1;;;1;1
12;2;14;20;20030;;1;1;N-634;60;6;3;1;4;;1;1;1;;;6;3
12;1;18;20;20045;;1;1;GI-636;13;6;4;2;;;1;4;1;;;1;1
10;3;12;20;20074;;1;1;GI-627;47;6;2;2;;;1;1;1;;;1;1
12;2;8;20;20074;;1;1;AP-1;138;1;12;2;;;3;1;3;;;1;1
11;6;1;20;20032;;1;1;N-634;57;6;2;1;4;;1;4;1;;;1;1
12;5;19;20;20051;;1;1;GI-2630;1;14;12;2;;;3;6;2;;;1;1
12;3;18;20;20029;;1;1;AP-8;53;1;3;2;;;1;6;1;;;1;1
1;1;11;20;20069;;3;2;No inventariada;0;14;7;2;;;1;1;1;;;1;998
2;3;7;20;20069;;3;2;No inventariada;0;9;7;2;;;1;4;1;;;1;998
6;5;23;20;20045;;1;1;GI-636;15;6;7;2;;;1;4;2;;;1;1
12;1;20;20;20030;;1;1;N-634;63;6;12;1;2;;3;4;3;;;1;2
12;5;3;20;20032;;1;1;GI-2634;34;14;16;2;;;3;5;3;;;17;1
2;1;17;20;20069;;3;2;No inventariada;0;9;7;2;;;9;1;1;;;1;998
1;6;14;20;20069;;3;2;No inventariada;0;9;7;2;;;9;1;1;;;1;998
2;4;9;20;20069;;3;2;No inventariada;0;9;1;2;;;3;1;2;;;18;998
2;7;11;20;20069;;3;2;No inventariada;0;14;8;2;;;1;1;1;;;3;998
3;4;19;20;20069;;3;2;No inventariada;0;9;4;2;;;1;4;1;;;1;998
3;1;20;20;20069;;3;2;No inventariada;0;9;10;2;;;3;1;2;;;1;998
4;5;9;20;20069;;3;2;No inventariada;0;9;2;2;;;9;1;1;;;1;998
4;6;9;20;20069;;3;2;No inventariada;0;12;7;2;;;3;1;3;;;1;998
6;3;18;20;20069;;3;2;No inventariada;0;14;1;2;;;1;1;1;;;1;998
5;2;11;20;20069;;3;2;No inventariada;0;9;2;2;;;1;1;1;;;1;998
6;2;18;20;20069;;3;2;No inventariada;0;9;3;2;;;1;1;1;;;1;998
6;3;21;20;20069;;3;2;No inventariada;0;9;1;2;;;1;1;1;;;1;998
6;4;13;20;20069;;3;2;No inventariada;0;9;2;2;;;1;1;1;;;1;998
7;1;10;20;20069;;3;2;No inventariada;0;9;7;2;;;1;1;1;;;1;998
7;5;15;20;20069;;3;2;No inventariada;0;14;4;2;;;1;6;1;;;1;998
7;1;16;20;20069;;3;2;No inventariada;0;9;2;2;;;9;1;1;;;12;998
7;2;15;20;20069;;3;2;No inventariada;0;14;2;2;;;1;1;1;;;1;998
7;7;13;20;20069;;3;2;No inventariada;0;9;7;2;;;1;1;1;;;1;998
7;3;18;20;20069;;3;2;No inventariada;0;9;1;2;;;1;1;1;;;1;998
8;7;17;20;20069;;3;2;No inventariada;0;9;9;2;;;1;1;1;;;1;998
9;6;20;20;20069;;3;2;No inventariada;0;9;20;2;;;3;4;3;;;1;998
8;4;19;20;20069;;3;2;No inventariada;0;9;1;2;;;1;6;1;;;1;998
9;3;16;20;20069;;3;2;No inventariada;0;9;2;2;;;1;1;1;;;1;998
10;1;7;20;20069;;3;2;No inventariada;0;9;3;2;;;3;2;4;;;1;998
10;4;11;20;20069;;3;2;No inventariada;0;9;7;2;;;3;1;2;;;2;998
9;3;14;20;20069;;3;2;No inventariada;0;9;2;2;;;1;1;7;;;11;998
11;2;20;20;20069;;3;2;No inventariada;0;9;1;2;;;9;4;1;;;1;998
10;4;18;20;20069;;3;2;No inventariada;0;9;7;2;;;3;4;3;;;1;998
12;3;12;20;20069;;3;2;No inventariada;0;9;4;2;;;1;1;1;;;1;998
12;3;16;20;20069;;3;2;No inventariada;0;9;1;2;;;1;1;1;;;1;998
12;6;23;20;20069;;3;2;No inventariada;0;9;2;2;;;3;4;3;;;1;998
12;7;13;20;20069;;3;2;No inventariada;0;9;2;2;;;3;1;3;;;1;998
12;3;9;20;20061;;1;1;N-634;11;14;10;2;;;1;1;1;;;1;4
12;4;15;20;20045;;1;1;AP-8;0;8;2;1;999;;3;1;2;;;1;1
11;3;0;20;20040;;1;1;AP-8;22;7;20;2;;;1;4;1;;;1;1
11;6;15;20;0;;2;2;GI-2135;6;6;19;2;;;1;1;2;;;4;3
12;1;7;20;20045;;1;1;AP-8;4;1;4;2;;;3;3;2;;;1;1
12;6;18;20;0;;2;2;N-634;22;6;10;1;1;;1;3;1;;;1;1
12;7;10;20;20081;;1;1;N-634;28;14;5;2;;;1;1;1;;;1;1
12;7;4;20;20045;;1;1;AP-8;7;2;18;2;;;3;4;1;;;1;2
11;5;20;20;20030;;1;1;N-634;61;14;16;2;;;1;6;2;;;1;1
11;6;0;20;20071;;1;1;N-1;434;3;4;2;;;1;4;2;;;1;3
12;1;14;20;20079;;1;1;AP-8;40;1;12;2;;;3;1;3;;;1;2
12;1;14;20;0;;1;1;N-1;413;5;4;2;;;1;1;1;;;1;1
8;1;10;20;20053;;1;1;GI-636;7;6;16;2;;;1;1;1;;;1;1
5;5;10;20;20045;;3;2;No inventariada;0;9;20;2;;;1;1;1;;;1;998
3;4;11;20;20064;;3;2;No inventariada;0;9;7;2;;;9;1;7;;;18;998
4;2;8;20;20064;;3;2;No inventariada;0;9;7;2;;;9;1;7;;;18;998
4;1;21;20;20064;;3;2;No inventariada;0;9;7;2;;;9;1;7;;;18;998
5;1;11;20;20064;;3;2;No inventariada;0;9;10;2;7;;9;1;7;;;18;998
6;4;14;20;20064;;3;2;No inventariada;0;9;10;2;4;;9;1;7;;;18;998
7;3;8;20;20064;;3;2;No inventariada;0;9;4;2;;;9;1;7;;;18;998