MES;DIA_SEMANA;HORA;COD_PROVINCIA;COD_MUNICIPIO;ISLA;ZONA;ZONA_AGRUPADA;CARRETERA;KM;TIPO_VIA;TIPO_ACCIDENTE;NUDO;NUDO_INFO;CARRETERA_CRUCE;CONDICION_FIRME;CONDICION_ILUMINACION;CONDICION_METEO;CONDICION_NIEBLA;CONDICION_VIENTO;VISIB_RESTRINGIDA_POR;TRAZADO_PLANTA
9;5;19;20;20064;;3;2;No inventariada;0;9;7;2;;;9;1;7;;;18;998
11;5;14;20;20064;;3;2;No inventariada;0;9;10;2;;;9;1;7;;;18;998
8;2;12;20;0;;1;1;N-634;31;6;3;2;;;1;1;1;;;1;1
11;3;20;20;20045;;3;2;No inventariada;0;9;7;1;2;;1;4;2;;;1;998
1;2;7;21;21002;;2;2;A-492;0,79;6;7;2;;;1;4;1;;;1;1
2;5;18;21;21002;;1;1;A-492;6,75;6;4;2;;;1;2;1;;;1;2
4;1;16;21;21002;;1;1;A-492;4,5;6;12;2;;;1;1;1;;;1;3
4;4;22;21;21002;;1;1;A-492;0,4;6;10;1;4;;1;4;1;;;1;1
5;7;8;21;21002;;1;1;A-492;5,8;6;1;2;;;1;1;1;;;1;2
6;1;14;21;21002;;1;1;CAMINO MAN;0,7;10;16;2;;;2;1;1;;;1;3
5;5;0;21;21002;;1;1;A-492;0,2;6;10;2;;;1;3;1;;;1;2
7;7;21;21;21002;;1;1;A-5077;1,4;6;5;1;1;;1;1;1;;;1;1
7;3;12;21;21002;;1;1;A-497;2,5;3;5;2;;;1;1;1;;;1;1
7;7;6;21;21002;;1;1;A-492;7,2;6;12;2;;;1;6;1;;;1;1
8;6;21;21;21002;;1;1;A-497;3;3;10;2;;;1;6;1;;;1;1
8;4;14;21;21002;;1;1;A-492;1,663;6;9;1;4;;1;1;1;;;1;2
10;1;8;21;21002;;1;1;A-497;3;3;2;2;;;1;1;1;;;1;1
11;3;15;21;21002;;1;1;A-492;0,1;6;1;2;;;1;1;1;;;1;1
1;1;9;21;0;;1;1;A-499;33;6;2;1;2;;1;1;1;;;1;1
1;3;19;21;0;;1;1;H-9010;4,25;6;19;2;;;1;6;1;;;1;2
6;4;17;21;0;;1;1;A-499;37,2;6;19;2;;;1;1;1;;;1;2
6;3;15;21;0;;1;1;A-499;37,9;6;18;2;;;1;1;1;;;1;2
1;1;15;21;0;;1;1;N-433;111,55;6;16;2;;;3;1;2;;;4;2
9;5;14;21;0;;1;1;HU-7104;15,25;6;4;1;2;HU-6103;1;1;1;;;1;1
11;1;14;21;0;;1;1;HU-7100;6,565;6;17;2;;;1;1;1;;;1;2
11;3;19;21;0;;1;1;HU-7100;14,18;6;17;2;;;1;6;1;;;1;2
12;4;13;21;0;;1;1;HU-7104;13,1;6;14;2;;;1;1;1;;;1;2
1;1;23;21;21005;;1;1;A-474;48,3;6;14;2;;;3;6;4;;;1;1
2;7;16;21;21005;;1;1;A-483;19,2;5;4;2;;;1;1;1;;;1;1
2;5;18;21;21005;;1;1;A-484;13,1;6;2;2;;;1;1;1;;;1;1
2;2;15;21;21005;;1;1;A-483;21,8;6;5;2;;;1;1;1;;;1;1
2;5;7;21;21005;;1;1;A-474;49,7;6;2;1;5;;1;6;2;;;1;3
3;6;6;21;21005;;1;1;A-483;19,3;6;4;2;;;1;2;1;;;1;1
3;7;6;21;21005;;1;1;A-483;28,875;6;4;2;;;1;6;1;;;1;1
4;7;10;21;21005;;1;1;A-483;21,7;6;2;1;2;CV75;1;1;1;;;1;1
4;6;0;21;21005;;1;1;A-483;25,95;6;14;1;2;;1;6;1;;;1;1
4;2;23;21;21005;;1;1;A-483;26;6;20;2;;;1;6;1;;;1;1
4;2;0;21;21005;;1;1;A-483;20,396;6;19;2;;;1;6;1;;;1;1
5;3;15;21;21005;;1;1;A-483;11,4;3;18;2;;;1;1;1;;;1;1
5;5;9;21;21005;;1;1;A-483;22,4;6;4;2;;;1;1;1;;;1;1
5;7;9;21;21005;;1;1;A-483;7,5;3;10;2;;;8;1;1;;;1;1
5;1;20;21;21005;;1;1;A-483;19,2;6;5;2;;;1;1;1;;;1;1
5;3;13;21;21005;;1;1;A-484;16,5;6;16;1;4;A-483;2;1;1;;;1;3
6;6;13;21;21005;;1;1;A-483;31,9;6;5;2;;;1;1;1;;;1;1
6;7;17;21;21005;;1;1;A-483;21,3;6;19;2;;;1;1;1;;;1;1
7;2;13;21;21005;;1;1;A-483;22,85;6;4;1;7;A-483R;1;1;1;;;18;1
8;6;11;21;21005;;1;1;CV-193;19,2;10;2;1;1;;1;1;1;;;1;1
8;4;10;21;21005;;1;1;A-474;47,648;6;4;1;1;;1;1;1;;;1;1
8;3;9;21;21005;;1;1;A-483;16,5;6;4;2;;;1;1;1;;;1;1
9;6;5;21;21005;;1;1;A-483;15,25;6;8;2;;;1;6;1;;;1;1
9;2;7;21;21005;;1;1;A-474;49,6;6;2;1;5;;1;6;2;;;1;3
10;4;13;21;21005;;1;1;A-483;14,3;6;4;2;;;1;1;1;;;1;1
10;3;17;21;21005;;1;1;A-494;48,728;6;14;2;;;3;1;3;;;1;1
11;7;2;21;21005;;1;1;A-484;16,5;6;4;2;;;1;6;1;;;1;2
2;6;16;21;0;;1;1;A-475;15,4;6;19;2;;;1;1;2;;;1;1
4;1;11;21;0;;3;2;No inventariada;;9;7;1;2;A-495;1;1;1;;;1;998
8;7;7;21;0;;1;1;HU-4403;2,8;6;12;2;;;1;2;1;;;1;2
9;3;10;21;0;;3;2;No inventariada;;9;7;1;2;;1;1;1;;;1;998
10;6;21;21;0;;1;1;A-495;24,7;6;16;2;;;3;6;3;;;1;1
4;7;19;21;21007;;1;1;HU-8126;0,68;6;19;2;;;1;1;1;;;1;2
6;3;21;21;0;;1;1;N-433;95,1;6;16;2;;;1;2;1;;;1;1
7;3;12;21;21007;;1;1;HU-8125;1,8;6;19;2;;;1;1;1;;;1;1
11;5;11;21;21007;;1;1;N-433;89,2;6;4;2;;;1;1;1;;;1;1
4;6;16;21;0;;1;1;HU-8100;13,498;6;1;2;;;3;1;2;;;1;2
10;1;16;21;0;;1;1;N-433;127,9;6;4;2;;;3;1;3;;;1;2
1;5;18;21;21010;;3;2;No inventariada;;9;4;2;;;1;2;1;;;6;998
2;2;11;21;21010;;3;2;No inventariada;;9;7;2;;;1;1;1;;;1;998
3;1;12;21;21010;;3;2;No inventariada;;9;2;1;4;;1;1;1;;;1;998
3;5;13;21;21010;;1;1;N-431a;3,35;6;3;2;;;3;1;3;;;1;1
3;3;11;21;21010;;3;2;No inventariada;;9;7;2;;;1;1;1;;;1;998
3;2;16;21;21010;;3;2;No inventariada;;9;4;2;;;1;1;1;;;1;998
3;4;9;21;21010;;3;2;No inventariada;;9;2;1;2;;1;1;1;;;2;998
3;1;15;21;21010;;3;2;No inventariada;;9;1;2;;;1;1;1;;;1;998
3;5;7;21;21010;;3;2;No inventariada;;9;7;1;2;;1;3;1;;;1;998
4;2;10;21;21010;;3;2;No inventariada;;9;2;1;1;;1;1;1;;;6;998
4;6;12;21;21010;;1;1;A-49;131,6;3;4;2;;;1;1;1;;;1;1
4;4;1;21;21010;;3;2;No inventariada;;9;19;2;;;1;4;1;;;18;998
4;1;8;21;21010;;3;2;No inventariada;;14;16;2;;;8;2;1;;;1;998
4;4;20;21;21010;;3;2;No inventariada;;9;8;2;;;1;1;1;;;1;998
5;3;10;21;21010;;1;1;N-431;128,9;6;20;1;2;;1;1;1;;;18;1
3;2;17;21;21010;;1;1;CV151;0,01;10;5;1;4;;1;1;1;;;1;1
5;7;18;21;21010;;3;2;No inventariada;;9;2;2;;;1;1;1;;;1;998
5;1;20;21;21010;;1;1;N-431a;0,14;6;18;2;;;1;1;1;;;1;1
5;2;14;21;21010;;3;2;No inventariada;;9;2;1;1;;1;1;1;;;1;998
5;5;14;21;21010;;3;2;No inventariada;;9;2;1;2;;1;1;1;;;1;998
6;2;15;21;21010;;3;2;No inventariada;;9;12;1;4;;1;1;1;;;1;998
6;2;14;21;21010;;3;2;No inventariada;;9;7;2;;;1;1;1;;;1;998
6;6;15;21;21010;;3;2;No inventariada;;9;10;2;;;1;1;1;;;1;998
6;2;7;21;21010;;3;2;No inventariada;;9;16;2;;;1;2;2;;;1;998
6;6;8;21;21010;;1;1;A-499;2,573;6;19;2;;;1;1;1;;;1;2
6;2;20;21;21010;;3;2;No inventariada;;9;4;2;;;1;1;1;;;1;998
7;4;12;21;21010;;3;2;No inventariada;;9;2;2;;;1;1;1;;;1;998
7;5;19;21;21010;;1;1;A-49;127,4;3;10;2;;;1;1;1;;;1;1
7;5;17;21;21010;;1;1;A-49;127,95;3;19;2;;;1;1;1;;;1;1
7;2;2;21;21010;;3;2;No inventariada;;9;2;1;2;;1;4;1;;;2;998
7;6;16;21;21010;;1;1;N-431a;2,75;6;10;2;;;1;1;1;;;1;1
7;4;18;21;21010;;3;2;No inventariada;;9;4;2;;;1;1;1;;;1;998
7;7;19;21;21010;;3;2;No inventariada;;9;4;2;;;1;1;1;;;1;998
8;6;11;21;21010;;1;1;N-431;131,6;6;2;1;2;N-431a;1;1;1;;;1;1
8;5;13;21;21010;;3;2;No inventariada;;9;5;2;;;1;1;1;;;1;998
8;3;21;21;21010;;3;2;No inventariada;;9;10;2;;;1;3;1;;;1;998
8;1;19;21;21010;;3;2;No inventariada;;13;10;2;;;1;1;1;;;1;998
8;7;14;21;21010;;1;1;A-5150;2,95;6;4;1;2;;1;1;1;;;1;1
8;2;21;21;21010;;1;1;N-447;1,6;6;3;1;4;;1;6;1;;;1;2
8;3;9;21;21010;;3;2;No inventariada;;9;7;2;;;1;1;1;;;2;998
8;5;12;21;21010;;3;2;No inventariada;;9;7;1;2;;1;1;1;;;1;998
8;5;18;21;21010;;3;2;No inventariada;;9;2;1;2;;1;1;1;;;1;998
9;2;13;21;21010;;3;2;No inventariada;;9;2;1;1;;1;1;1;;;1;998
9;5;19;21;21010;;3;2;No inventariada;;9;7;2;;;1;1;1;;;1;998
8;5;19;21;21010;;3;2;No inventariada;;9;2;1;2;;1;1;1;;;1;998
9;5;23;21;21010;;3;2;No inventariada;;9;3;1;4;;1;4;1;;;1;998
9;6;12;21;21010;;3;2;No inventariada;;9;2;1;1;;1;1;1;;;1;998
9;6;11;21;21010;;3;2;No inventariada;;9;2;1;1;;1;1;1;;;1;998
10;3;15;21;21010;;3;2;No inventariada;;9;2;2;;;1;1;1;;;1;998
10;6;18;21;21010;;3;2;No inventariada;;9;16;2;;;1;1;1;;;1;998
10;2;18;21;21010;;3;2;No inventariada;;9;7;2;;;1;2;1;;;6;998
11;3;5;21;21010;;3;2;No inventariada;;9;12;1;4;;1;4;1;;;1;998
10;1;13;21;21010;;3;2;No inventariada;;9;3;2;;;1;1;1;;;1;998
11;1;18;21;21010;;3;2;No inventariada;;9;5;2;;;1;3;1;;;1;998
11;5;22;21;21010;;3;2;No inventariada;;9;7;2;;;1;4;1;;;18;998
11;6;11;21;21010;;1;1;N-431a;3;6;16;2;;;1;2;1;;;1;3
12;5;12;21;21010;;3;2;No inventariada;;9;7;2;;;1;1;1;;;1;998
3;1;7;21;0;;1;1;N-435;208,9;6;4;2;;;1;1;1;;;1;1
4;1;11;21;0;;1;1;N-435;202,95;6;1;2;;;1;1;1;;;1;1
8;4;11;21;0;;1;1;N-435;201,1;6;17;1;2;HU-3102;1;1;1;;;1;1
8;4;20;21;0;;1;1;HU-3103;0,5;6;12;2;;;1;1;1;;;1;3
9;1;10;21;0;;1;1;N-435;201,35;6;19;2;;;1;1;1;;;1;1
9;2;9;21;0;;1;1;N-435;209,9;6;9;2;;;1;1;1;;;1;1
10;2;11;21;0;;3;2;No inventariada;;9;4;1;2;N-435a;1;1;1;;;1;998
12;5;18;21;0;;1;1;N-435;210,834;6;4;2;;;1;6;1;;;1;1
2;6;9;21;0;;1;1;HU-4103;19,5;6;8;2;;;1;1;1;;;1;1
5;7;18;21;0;;1;1;HU-4103;26,3;6;12;2;;;1;1;1;;;1;2
5;6;22;21;0;;1;1;HU-4103;23,542;6;16;2;;;1;6;1;;;1;2
9;6;12;21;0;;1;1;HU-6107;3,6;6;19;2;;;1;1;1;;;1;1
12;2;17;21;0;;1;1;HU-4103;12,15;6;16;2;;;1;1;1;;;1;2
2;6;8;21;21013;;1;1;CV88;1;10;12;2;;;1;6;1;;;1;3
5;5;18;21;0;;1;1;A-49;44,2;3;19;2;;;1;1;1;;;1;1
7;2;15;21;21013;;1;1;A-49;48,977;3;12;1;12;A-483;1;1;1;;;1;1
8;2;13;21;21013;;1;1;A-483R;0,7;6;4;1;4;A-493;1;1;1;;;1;2
12;1;16;21;21013;;1;1;CAMINO BOL;0,1;10;1;2;;;1;1;1;;;1;1
1;6;19;21;21014;;1;1;A-49;61,5;3;4;2;;;1;6;1;;;1;1
1;1;8;21;21014;;1;1;A-486;12;6;2;1;2;;1;2;1;;;1;1
2;2;14;21;21014;;1;1;A-484;1,8;6;2;1;1;;1;1;1;;;1;1
2;2;22;21;21014;;1;1;A-49;62,4;3;4;2;;;1;6;1;;;1;1
4;3;21;21;21014;;1;1;A-484;3,75;6;8;2;;;1;6;1;;;1;1
5;1;21;21;0;;1;1;PISTA;9,8;10;7;2;;;1;2;1;;;1;1
5;4;0;21;21014;;1;1;A-49;61,5;3;4;2;;;1;6;1;;;1;1
5;1;14;21;21014;;1;1;HU-3108;0,3;6;16;2;;;1;1;1;;;1;1
8;7;1;21;21014;;1;1;A-486;12,25;6;18;2;;;1;6;1;;;1;1
11;7;12;21;21014;;1;1;A-486;13,2;6;16;2;;;1;1;1;;;18;1
12;2;7;21;21014;;2;2;A-5001;3,616;6;4;2;;;3;5;2;2;;2;1
12;5;15;21;21014;;1;1;A-49;61;3;20;1;2;;1;1;1;;;1;2
12;2;19;21;21014;;1;1;A-49;60,5;3;4;2;;;1;6;1;;;1;1
4;1;14;21;0;;1;1;HU-7104;33,2;6;15;2;;;1;1;1;;;1;2
2;5;12;21;0;;1;1;HU-5101;1,7;6;17;2;;;4;1;3;;;1;3
2;2;13;21;0;;1;1;A-496;12,3;6;12;2;;;1;1;1;;;1;2
3;5;20;21;0;;1;1;A-496;12;6;4;2;;;3;6;3;;;1;1
3;3;6;21;0;;1;1;A-496;17,8;6;6;1;2;A-5101;8;5;2;2;;5;1
4;2;14;21;21072;;1;1;HU-4100;6,45;6;15;2;;;1;1;1;;;1;2
4;4;14;21;0;;1;1;A-478;21,049;6;2;1;2;;1;1;1;;;4;2
5;2;14;21;0;;1;1;A-496;17,2;6;14;2;;;1;1;1;;;1;2
6;7;14;21;0;;1;1;A-496;13,5;6;15;2;;;1;1;1;;;1;2
6;7;13;21;0;;1;1;A-496;13,7;6;17;2;;;1;1;1;;;1;2
7;1;13;21;0;;1;1;A-475;8;6;18;2;;;1;1;1;;;1;2
10;1;22;21;0;;1;1;A-496;17,15;6;16;2;;;1;6;1;;;1;2
12;6;11;21;0;;1;1;A-475;4,15;6;8;2;;;1;1;1;;;1;1
6;6;11;21;0;;1;1;N-435;169,194;6;1;1;2;A-461;1;1;2;;;1;1
6;7;8;21;0;;1;1;A-461;51,9;6;16;1;2;A-461;1;1;1;;;1;1
4;6;11;21;0;;1;1;A-461;35,9;6;10;2;;;8;1;1;;;1;2
10;3;16;21;0;;1;1;A-479;15,5;6;19;2;;;3;1;3;;;1;2
11;5;16;21;0;;1;1;A-461;41,75;6;10;2;;;1;1;1;;;1;2
12;4;10;21;0;;1;1;A-461;42,7;6;14;2;;;3;1;3;;;4;2
1;6;14;21;21021;;1;1;A-49;105,5;3;19;2;;;1;1;1;;;1;1
2;7;0;21;21021;;1;1;A-5052;6,4;6;2;1;5;;1;4;1;;;1;1
3;4;7;21;21021;;1;1;N-431;106,35;6;2;1;2;;3;2;3;;;1;1
3;7;19;21;21021;;1;1;CV185;0,2;10;14;2;;;1;2;1;;;1;1
3;6;1;21;21021;;1;1;CV186;3,7;10;16;2;;;3;6;3;;;1;1
4;6;6;21;21021;;1;1;HU-3402;0,4;6;7;2;;;1;2;3;;;1;1
5;1;19;21;0;;1;1;HU-3401;7;6;16;2;;;1;1;1;;;1;1
5;6;19;21;21021;;1;1;HU-3401;0,69;6;3;2;;;1;1;1;;;1;1
5;3;17;21;21021;;1;1;HU-3402;0,9;6;16;2;;;1;1;1;;;1;1
5;5;13;21;21021;;1;1;A-49;99,251;3;4;2;;;1;1;1;;;1;1
6;1;20;21;21021;;1;1;A-5053;1,95;6;4;1;1;;1;1;1;;;1;2
6;1;13;21;21021;;1;1;A-49;110;3;15;2;;;8;1;1;;;1;1
6;4;14;21;21021;;1;1;A-5053;3,222;6;4;1;2;;1;1;1;;;1;1
5;3;18;21;21021;;1;1;HU-3402;1,85;6;15;2;;;1;1;1;;;1;2
7;7;16;21;21021;;1;1;N-431;108;6;19;2;;;1;1;1;;;1;1
7;6;20;21;21021;;1;1;CAMINO LAS;2,5;10;15;2;;;1;1;1;;;4;3
7;1;1;21;21021;;1;1;CAMINO MON;0,3;10;19;2;;;1;6;1;;;1;3
7;4;19;21;21021;;2;2;A-5052;1,131;6;1;1;2;;1;1;1;;;1;1
7;3;19;21;21021;;1;1;A-5052;3,928;6;4;2;;;1;1;1;;;1;1
7;6;16;21;21021;;1;1;A-5052;5,4;6;4;2;;;1;1;1;;;1;1
8;6;17;21;21021;;1;1;A-5053;7,8;6;10;1;4;;1;1;1;;;1;2
8;4;6;21;21021;;1;1;HU-3402;1,35;6;1;2;;;1;6;1;;;1;3
8;6;20;21;21021;;1;1;A-5052;4;6;4;1;1;;1;1;1;;;1;1
8;6;21;21;21021;;1;1;HU-3401;0,5;6;2;1;2;;1;1;1;;;1;1
9;1;21;21;21021;;1;1;A-49;110;3;4;2;;;1;6;1;;;10;1
9;1;14;21;21021;;1;1;A-5053;4,7;6;2;1;2;;1;1;1;;;1;1
11;3;23;21;21021;;1;1;A-49;106,7;3;8;2;;;1;6;1;;;1;1
1;6;22;21;21021;;3;2;No inventariada;;9;2;1;2;;1;4;1;;;1;998
1;2;19;21;21021;;3;2;No inventariada;;9;7;1;2;;1;2;1;;;1;998
2;5;21;21;21021;;3;2;No inventariada;;9;7;1;2;;1;4;1;;;1;998
3;7;19;21;21021;;3;2;No inventariada;;9;7;2;;;1;4;3;;;1;998
4;2;7;21;21021;;3;2;No inventariada;;9;20;1;2;;1;3;1;;;1;998
5;6;20;21;21021;;3;2;No inventariada;;9;3;1;2;;1;1;1;;;1;998
5;2;7;21;21021;;3;2;No inventariada;;9;2;1;2;;1;1;1;;;1;998
5;3;12;21;21021;;3;2;No inventariada;;9;20;1;2;;1;1;1;;;1;998
11;5;19;21;21035;;1;1;N-431;103,416;6;4;1;4;A-492;1;6;1;;;1;2
5;3;16;21;21021;;3;2;No inventariada;;9;3;1;1;;1;1;1;;;2;998
6;2;14;21;21021;;3;2;No inventariada;;9;7;1;2;;1;1;1;;;1;998
6;5;21;21;21021;;3;2;No inventariada;;9;3;1;2;;1;1;1;;;1;998
6;3;15;21;21021;;3;2;No inventariada;;9;2;1;1;;1;1;1;;;1;998
7;2;12;21;21021;;3;2;No inventariada;;9;12;1;2;;1;1;1;;;1;998
7;2;20;21;21021;;3;2;No inventariada;;9;2;1;2;;1;1;1;;;1;998
8;7;2;21;21021;;3;2;No inventariada;;9;10;1;1;;1;4;1;;;1;998
9;3;19;21;21021;;3;2;No inventariada;;9;2;1;2;;1;1;1;;;2;998
9;4;11;21;21021;;2;2;N-431;112,9;6;5;1;4;;1;1;1;;;1;1
10;6;6;21;21021;;2;2;N-431a;112;6;2;2;;;1;5;1;;;1;1
4;1;14;21;0;;1;1;A-495;39,65;6;3;2;;;3;1;3;;;5;2
5;6;20;21;0;;1;1;HU-6100;6,3;6;17;1;2;;1;1;1;;;1;2
3;6;17;21;0;;1;1;HU-9107;10,7;6;17;2;;;1;1;1;;;4;3
12;5;14;21;0;;1;1;N-435;109,55;6;14;2;;;1;1;1;;;4;3
7;3;19;21;0;;1;1;N-435;112,9;6;15;2;;;1;1;1;;;4;1
8;2;12;21;0;;1;1;N-435;110,4;6;15;2;;;1;1;1;;;1;2
10;3;14;21;0;;1;1;N-435;105,3;6;16;2;;;3;1;3;;;1;2
2;3;21;21;0;;1;1;A-481;3,3;6;2;1;2;A-49;1;6;1;;;1;1
2;3;18;21;0;;1;1;A-481;3,05;6;4;2;;;1;1;1;;;1;1
3;4;6;21;0;;1;1;A-49;33,657;3;16;1;2;A-481;3;3;4;;;1;1
4;1;12;21;0;;1;1;A-481;2,7;6;20;1;1;;1;1;1;;;1;2
4;5;9;21;21054;;2;2;A-493;2,9;6;7;2;;;1;1;1;;;6;1
5;7;13;21;0;;1;1;A-49;33,1;3;4;2;;;1;1;1;;;1;1
8;2;15;21;0;;1;1;A-49;31,55;3;4;2;;;1;1;1;;;1;1
12;5;19;21;0;;1;1;A-481;3,5;6;4;2;;;1;6;1;;;1;1
9;7;16;21;0;;3;2;No inventariada;;9;7;2;;;1;1;1;;;9;998
3;7;7;21;0;;1;1;HU-6110;7,2;6;18;2;;;1;2;1;;;1;1
6;3;23;21;0;;1;1;HU-6110;6,25;6;15;2;;;1;6;1;;;1;2
1;5;14;21;0;;1;1;N-433;91,4;6;1;2;;;1;1;1;;;1;1
5;7;16;21;0;;1;1;N-433;98,1;6;4;2;;;1;1;1;;;1;1
1;2;12;21;0;;3;2;No inventariada;;9;7;2;;;1;1;1;;;1;998
3;1;1;21;0;;1;1;N-433;100,9;6;19;2;;;1;4;1;;;1;2
11;6;10;21;0;;1;1;N-433;102,2;6;15;2;;;1;1;1;;;1;1
1;2;21;21;21070;;1;1;HU-3105;1,5;6;15;1;2;HU-3105;3;6;1;;;1;1
2;5;9;21;21035;;1;1;CV180;4;10;19;2;;;1;1;1;;;1;1
2;3;12;21;21035;;1;1;N-431;89,3;6;4;1;5;;1;1;1;;;1;1
2;2;7;21;21035;;1;1;N-431;89,45;6;2;1;5;;1;3;1;;;1;1
4;4;19;21;21035;;1;1;H-30;1,8;3;12;1;4;;1;1;1;;;1;1
5;6;23;21;21035;;1;1;H-30;2,4;3;7;2;;;1;6;1;;;1;1
5;5;22;21;21035;;1;1;A-495;5,05;6;3;2;;;1;6;1;;;1;3
5;6;12;21;21035;;3;2;No inventariada;;14;1;2;;;1;1;1;;;12;998
7;1;5;21;21035;;1;1;N-431;99,5;6;18;2;;;1;6;1;;;1;1
7;4;17;21;21035;;1;1;A-49;92,08;3;14;2;;;1;1;1;;;1;1
7;6;11;21;21035;;1;1;H-30;0,5;3;4;1;12;A-49;1;1;1;;;1;1
8;6;21;21;21035;;1;1;A-49;89,6;3;13;2;;;1;6;1;;;1;1
9;3;14;21;21035;;1;1;N-431;89;6;4;1;12;A-49;2;1;1;;;1;1
10;3;15;21;21035;;1;1;A-49;91,166;3;3;2;;;1;1;2;;;1;1
10;2;15;21;21035;;1;1;N-431;89,733;6;20;2;;;3;1;3;;;1;1
10;5;9;21;21035;;1;1;N-431;92,3;6;2;1;2;;1;1;1;;;1;1
10;7;0;21;21035;;1;1;A-495;6,756;6;8;2;;;3;6;1;;;1;1
10;3;20;21;21035;;1;1;N-431;89,2;6;7;1;1;;1;6;1;;;1;1
11;7;4;21;21035;;1;1;A-49;96,693;3;4;2;;;1;6;1;;;1;1
11;6;11;21;21035;;1;1;N-431;93;6;2;1;2;;1;1;1;;;1;1
1;6;17;21;21035;;3;2;No inventariada;;9;16;2;;;1;1;1;;;18;998
1;3;11;21;21035;;3;2;No inventariada;;9;3;1;2;;1;1;1;1;;18;998
3;1;20;21;21035;;3;2;No inventariada;;14;7;2;;;1;4;1;;;1;998
3;2;15;21;21035;;3;2;No inventariada;;9;20;2;;;1;1;1;;;18;998
4;3;16;21;21035;;3;2;No inventariada;;9;20;1;4;;1;1;1;;;18;998
5;1;20;21;21035;;3;2;No inventariada;;9;4;2;;;1;1;1;;;18;998
6;1;20;21;21035;;3;2;No inventariada;;9;20;2;;;1;1;1;;;18;998
7;6;17;21;21035;;3;2;No inventariada;;9;;;;;999;999;999;;;999;998
12;4;12;21;21035;;1;1;N-431;90,5;6;2;1;1;HU-3105;1;1;1;;;1;3
9;6;11;21;0;;1;1;A-461;30,42;6;16;2;;;1;1;1;;;1;3
1;4;16;21;0;;1;1;HU-4402;11,513;6;14;2;;;3;1;3;;;1;1
12;7;11;21;0;;1;1;A-461;23,1;6;2;1;2;N-433;1;1;1;;;1;1
1;4;11;21;0;;1;1;A-474;36,12;6;4;1;10;A-481;1;1;1;;;1;2
2;2;19;21;0;;1;1;A-49;39;3;9;2;;;1;2;1;;;1;1
6;5;13;21;0;;1;1;A-49;41,5;3;4;2;;;1;1;1;;;1;1
11;7;1;21;0;;1;1;A-49;40;3;7;2;;;1;6;1;;;1;1
1;7;19;21;21041;;1;1;H-30;4,9;3;4;2;;;1;6;1;;;1;1
1;4;8;21;21041;;4;2;H-30;10;3;2;1;2;;3;2;2;1;;5;1
1;2;13;21;21041;;3;2;No inventariada;;9;20;1;4;;1;1;1;;;1;998
1;6;22;21;21041;;3;2;No inventariada;;9;16;2;;;1;4;1;;;1;998
2;5;10;21;21041;;3;2;No inventariada;;9;7;2;;;1;1;1;;;6;998
1;3;11;21;21041;;3;2;No inventariada;;9;2;1;1;;1;1;1;;;1;998
1;3;19;21;21041;;3;2;No inventariada;;9;16;1;2;;1;4;1;;;1;998
2;1;10;21;21002;;1;1;A-497;2,292;3;5;2;;;3;1;1;;;1;1
2;1;18;21;21041;;3;2;No inventariada;;9;4;2;;;1;1;1;;;1;998
2;4;15;21;21041;;3;2;No inventariada;;9;3;1;4;;1;1;1;;;1;998
2;7;14;21;21041;;3;2;No inventariada;;9;2;1;2;;1;1;1;;;9;998
2;4;14;21;21041;;3;2;No inventariada;;9;4;2;;;1;1;1;;;1;998
3;6;2;21;21041;;3;2;No inventariada;;9;2;1;1;;1;4;1;;;1;998
2;1;18;21;21041;;3;2;No inventariada;;9;20;1;4;;1;1;1;;;1;998
2;2;19;21;21041;;3;2;No inventariada;;9;2;1;4;;1;4;1;;;1;998
3;1;16;21;21041;;3;2;No inventariada;;9;15;1;4;;1;1;1;;;1;998
3;3;2;21;21041;;1;1;C.Z05.DIQ;15;4;19;2;;;1;6;1;;;1;1
3;2;8;21;21041;;3;2;No inventariada;;9;10;1;2;;1;1;1;;;1;998
3;2;15;21;21041;;3;2;No inventariada;;9;2;2;;;1;1;1;;;1;998
3;4;18;21;21041;;3;2;No inventariada;;9;2;2;;;1;1;1;;;1;998
3;4;20;21;21041;;1;1;A-5000;0,6;6;18;2;;;1;2;1;;;1;1
3;5;21;21;21041;;3;2;No inventariada;;9;7;2;;;1;1;1;;;1;998
3;3;7;21;21041;;3;2;No inventariada;;9;7;1;1;;1;2;1;;;1;998
3;6;2;21;21041;;3;2;No inventariada;;9;2;1;1;;1;4;1;;;1;998
3;5;22;21;21041;;3;2;No inventariada;;9;2;1;1;;1;4;1;;;1;998
3;5;7;21;21041;;3;2;No inventariada;;9;2;1;2;;1;1;1;;;1;998
2;5;9;21;21041;;3;2;No inventariada;;9;20;2;;;1;1;1;;;1;998
2;6;21;21;21041;;3;2;No inventariada;;9;4;2;;;1;1;1;;;1;998
3;7;18;21;21041;;3;2;No inventariada;;9;2;1;4;;3;4;3;;;5;998
4;4;8;21;21041;;1;1;H-31;79,342;3;5;2;;;1;1;1;;;1;1
3;1;19;21;21041;;3;2;No inventariada;;9;16;2;;;1;4;1;;;1;998
4;1;21;21;21041;;3;2;No inventariada;;9;4;1;2;;1;4;1;;;1;998
4;1;14;21;21041;;4;2;H-30;10;3;12;1;12;;1;1;1;;;1;1
4;2;7;21;21041;;3;2;No inventariada;;9;6;2;;;1;2;1;;;1;998
4;6;12;21;21041;;3;2;No inventariada;;9;10;2;;;1;1;1;;;17;998
4;7;19;21;21041;;3;2;No inventariada;;9;2;1;1;;1;1;1;;;9;998
4;4;6;21;21041;;1;1;A-5000;7,9;6;4;2;;;1;6;1;;;1;1
4;3;12;21;21041;;3;2;No inventariada;;9;7;2;;;1;1;1;;;1;998
4;4;9;21;21041;;3;2;No inventariada;;9;2;1;2;;1;1;1;;;1;998
4;3;16;21;21041;;1;1;A-5000;2,864;6;18;2;;;1;6;1;;;1;1
4;2;17;21;21041;;3;2;No inventariada;;9;4;2;;;1;1;1;;;1;998
4;1;13;21;21041;;3;2;No inventariada;;9;16;2;;;1;1;1;;;1;998
4;2;15;21;21041;;3;2;No inventariada;;9;4;2;;;1;1;1;;;1;998
4;2;13;21;21041;;3;2;No inventariada;;9;2;1;2;;1;1;1;;;1;998
5;3;19;21;21041;;3;2;No inventariada;;9;2;1;4;;1;1;1;;;1;998
4;7;13;21;21041;;3;2;No inventariada;;9;4;2;;;1;1;1;;;1;998
5;5;14;21;21041;;1;1;H-30;14,7;3;12;2;;;1;1;1;;;1;3
5;3;6;21;21041;;1;1;H-30;18,4;3;4;2;;;1;6;1;;;1;1
5;2;7;21;21041;;1;1;H-30;12,598;3;16;2;;;1;1;1;;;1;3