MES;DIA_SEMANA;HORA;COD_PROVINCIA;COD_MUNICIPIO;ISLA;ZONA;ZONA_AGRUPADA;CARRETERA;KM;TIPO_VIA;TIPO_ACCIDENTE;NUDO;NUDO_INFO;CARRETERA_CRUCE;CONDICION_FIRME;CONDICION_ILUMINACION;CONDICION_METEO;CONDICION_NIEBLA;CONDICION_VIENTO;VISIB_RESTRINGIDA_POR;TRAZADO_PLANTA
5;2;7;21;21041;;3;2;No inventariada;;9;7;1;2;;1;1;1;;;1;998
5;6;16;21;21041;;1;1;C.Z05.DIQ;0,8;4;1;2;;;1;1;1;;;1;1
5;1;14;21;21041;;3;2;No inventariada;;9;2;1;1;;1;1;1;;;1;998
5;1;20;21;21041;;3;2;No inventariada;;9;4;1;4;;1;1;1;;;1;998
6;6;20;21;21041;;1;1;A-497;0,5;3;4;2;;;1;2;1;;;1;1
6;1;7;21;21041;;3;2;No inventariada;;9;2;1;2;;1;2;1;;;1;998
6;1;14;21;21041;;1;1;A-5000;2,5;6;19;2;;;1;1;1;;;1;1
5;2;20;21;21041;;3;2;No inventariada;;9;7;2;;;1;2;1;;;6;998
5;5;0;21;21041;;3;2;No inventariada;;9;2;1;2;;1;4;1;;;1;998
5;2;10;21;21041;;3;2;No inventariada;;9;7;2;;;1;1;1;;;1;998
6;4;21;21;21041;;1;1;N-431;81,1;6;14;2;;;1;2;1;;;1;1
6;6;0;21;21041;;3;2;No inventariada;;9;2;1;2;;1;4;1;;;1;998
6;1;19;21;21041;;1;1;H-30;12,8;3;12;2;;;1;1;1;;;1;1
6;2;8;21;21041;;1;1;H-30;16,5;3;4;2;;;1;1;2;;;1;1
6;2;16;21;21041;;3;2;No inventariada;;9;2;1;4;;1;1;1;;;1;998
6;4;23;21;21041;;1;1;N-431;81,3;6;12;2;;;1;6;1;;;1;1
6;3;21;21;21041;;3;2;No inventariada;;9;7;2;;;2;1;1;;;1;998
7;5;14;21;21041;;1;1;H-30;16,355;3;4;2;;;1;1;1;;;1;1
7;5;5;21;21041;;1;1;H-30;11,7;3;14;2;;;1;5;1;;;1;3
6;3;18;21;21041;;4;2;H-30;11;3;4;2;;;1;1;1;;;1;1
7;1;9;21;21041;;3;2;No inventariada;;9;2;1;4;;1;1;1;;;1;998
7;4;14;21;21055;;1;1;N-442;10,519;6;4;1;4;N-442;1;1;1;;;1;2
7;5;15;21;21041;;1;1;H-30;5;3;14;2;;;1;1;1;;;1;1
7;5;13;21;21041;;1;1;H-30;8,2;3;15;1;4;H-30;7;1;1;;;1;2
7;5;9;21;21041;;3;2;No inventariada;;9;2;1;4;;1;1;1;;;1;998
7;6;14;21;21041;;3;2;No inventariada;;9;19;2;;;1;1;1;;;1;998
7;4;14;21;21041;;1;1;A-5000;6,5;6;2;1;2;;1;1;1;;;1;1
7;7;2;21;21041;;1;1;H-30;3,107;3;12;1;4;N-431;1;6;1;;;1;2
7;1;14;21;21041;;3;2;No inventariada;;9;4;2;;;1;1;1;;;1;998
8;7;3;21;21041;;3;2;No inventariada;;9;2;1;1;;1;3;1;;;1;998
8;2;16;21;21041;;3;2;No inventariada;;9;7;2;;;1;1;1;;;1;998
8;3;22;21;21041;;1;1;A-49;84,41;3;18;2;;;1;6;1;;;1;1
5;4;9;21;21041;;1;1;A-5000;0;6;3;1;2;;1;1;1;;;1;1
5;4;7;21;21041;;3;2;No inventariada;;9;10;2;;;1;3;1;;;1;998
5;4;13;21;21041;;3;2;No inventariada;;9;7;2;;;1;1;1;;;1;998
6;5;18;21;21041;;3;2;No inventariada;;9;2;2;;;1;1;1;;;1;998
6;5;19;21;21041;;3;2;No inventariada;;9;1;1;1;;1;1;1;;;1;998
6;7;6;21;21041;;3;2;No inventariada;;9;2;1;1;;1;2;1;;;1;998
7;5;13;21;21041;;1;1;A-5000;0,4;6;4;2;;;1;1;1;;;1;1
7;1;18;21;21041;;3;2;No inventariada;;9;4;2;;;1;1;1;;;1;998
7;2;21;21;21041;;3;2;No inventariada;;9;2;1;2;;1;2;1;;;1;998
7;2;15;21;21041;;1;1;H-30;9;3;4;2;;;1;1;1;;;1;1
8;6;23;21;21041;;3;2;No inventariada;;9;4;2;;;1;4;1;;;1;998
8;7;0;21;21041;;3;2;No inventariada;;9;4;2;;;1;4;1;;;1;998
8;1;15;21;21041;;3;2;No inventariada;;9;4;2;;;1;1;1;;;1;998
8;3;13;21;21041;;1;1;N-431;80,1;6;4;1;2;;1;1;1;;;1;1
9;7;19;21;21041;;3;2;No inventariada;;9;12;2;;;1;1;1;;;1;998
9;6;12;21;21041;;1;1;H-30;3,9;3;16;2;;;1;1;1;;;1;1
8;3;11;21;21041;;3;2;No inventariada;;9;7;1;1;;1;1;1;;;1;998
8;1;21;21;21041;;3;2;No inventariada;;9;2;1;4;;1;2;1;;;1;998
8;2;12;21;21041;;3;2;No inventariada;;9;7;2;;;1;1;1;;;1;998
8;2;20;21;21041;;3;2;No inventariada;;9;7;1;2;;1;2;1;;;1;998
8;6;17;21;21041;;3;2;No inventariada;;9;2;1;4;;1;1;1;;;1;998
10;5;2;21;21041;;1;1;A-49;77,8;3;14;2;;;1;6;1;;;1;2
8;3;19;21;21041;;3;2;No inventariada;;9;2;1;4;;1;1;1;;;1;998
8;5;15;21;21041;;3;2;No inventariada;;9;4;1;2;H-30;1;1;1;;;1;998
8;5;19;21;21041;;3;2;No inventariada;;9;2;1;3;;1;1;1;;;1;998
10;7;10;21;21035;;1;1;VV TH-OD;20,5;12;10;2;;;1;1;1;;;1;1
10;7;19;21;21041;;3;2;No inventariada;;9;3;2;;;1;1;1;;;1;998
10;3;8;21;21041;;1;1;H-31;78,3;3;4;2;;;1;3;1;;;1;1
11;4;10;21;21041;;1;1;A-5000;2,4;6;4;2;;;1;1;1;;;1;1
11;3;16;21;21041;;1;1;A-5000;2,8;6;16;2;;;1;1;1;;;1;1
11;5;8;21;21041;;1;1;A-5000;6,4;6;1;1;10;;4;1;4;;;5;1
11;6;2;21;21041;;3;2;No inventariada;;9;16;2;;;3;3;2;;;1;998
11;1;14;21;21041;;3;2;No inventariada;;9;7;2;;;1;1;1;;;1;998
12;1;16;21;21041;;1;1;H-30;14;3;15;2;;;1;1;2;;;1;1
12;2;8;21;21055;;1;1;N-442;4,9;6;3;2;;;1;1;1;;;1;1
12;2;8;21;21064;;1;1;A-49;68,746;3;5;2;;;1;2;2;2;;5;1
12;2;14;21;21041;;1;1;H-31;84,2;3;5;1;10;H-30;1;1;1;;;1;1
2;4;19;21;21042;;1;1;A-5054;9,6;6;4;2;;;1;4;1;;;1;1
2;7;19;21;21042;;1;1;A-5054;9,195;6;7;2;;;1;3;1;;;1;1
3;3;23;21;21042;;1;1;N-431;127,8;6;2;1;2;A-5150;3;6;2;;;4;1
6;5;19;21;21042;;1;1;A-5054;6,45;6;12;1;2;;1;1;1;;;1;1
7;3;10;21;21042;;1;1;A-5054;7,45;6;4;2;;;1;1;1;;;1;1
7;4;8;21;21042;;1;1;A-5054;2,653;6;4;2;;;1;1;1;;;1;1
7;5;22;21;21042;;1;1;A-5054;2,192;6;2;1;4;;1;4;1;;;1;1
7;4;16;21;21042;;1;1;A-5054;7;6;2;2;;;1;1;1;;;1;1
8;4;17;21;21042;;1;1;A-5054;8,05;6;4;2;;;1;1;1;;;1;1
8;7;3;21;21042;;1;1;A-5054;2,9;6;7;1;2;;1;4;1;;;1;1
8;5;12;21;21042;;1;1;N-431;127,5;6;2;1;2;N-446;1;1;1;;;1;1
8;6;6;21;21042;;1;1;A-5054;9,68;6;6;1;4;;1;4;1;;;1;2
11;1;10;21;21042;;1;1;N-446;0,354;6;2;1;1;;1;1;1;;;1;1
11;5;11;21;21042;;1;1;A-5054;5,1;6;4;2;;;3;1;3;;;1;1
12;7;2;21;21042;;1;1;A-5150;4,96;6;2;2;;;1;3;2;;;1;3
12;1;22;21;21042;;1;1;A-5054;8,8;6;7;2;;;1;4;1;;;1;1
12;2;19;21;21042;;1;1;HU-3300;2,2;6;16;2;;;1;6;1;;;1;1
3;4;15;21;0;;1;1;N-435;129,898;6;4;2;;;1;1;1;;;1;2
3;6;18;21;0;;1;1;N-435;130,3;6;19;2;;;1;1;1;;;1;2
5;7;20;21;0;;1;1;N-433;104,15;6;16;2;;;1;1;1;;;1;1
8;2;21;21;0;;3;2;No inventariada;;14;17;2;;;2;1;1;;;1;998
12;1;6;21;0;;1;1;N-433;109,8;6;16;2;;;1;6;1;;;1;3
1;3;9;21;21044;;3;2;No inventariada;;9;2;1;1;;1;1;1;;;1;998
1;7;3;21;21044;;3;2;No inventariada;;9;10;2;;;1;6;1;;;18;998
1;5;9;21;21044;;1;1;N-444;2,2;6;2;1;2;;1;1;1;;;18;1
1;4;14;21;21044;;3;2;No inventariada;;9;7;1;2;;3;1;3;;;5;998
2;2;14;21;21044;;3;2;No inventariada;;9;3;1;1;;1;1;1;;;1;998
2;4;14;21;21044;;3;2;No inventariada;;9;2;1;2;;1;1;1;;;18;998
2;5;23;21;21044;;3;2;No inventariada;;9;2;1;2;;1;1;1;;;1;998
2;7;21;21;21044;;3;2;No inventariada;;9;7;2;;;3;6;1;;;18;998
2;2;10;21;21044;;3;2;No inventariada;;9;2;1;1;;1;1;1;;;1;998
2;2;20;21;21044;;3;2;No inventariada;;9;4;2;;;1;4;1;;;1;998
3;5;12;21;21044;;3;2;No inventariada;;9;4;1;1;;1;1;1;;;1;998
3;4;20;21;21044;;1;1;A-5076R1;1,091;6;8;2;;;1;6;2;;;1;1
3;1;10;21;21044;;1;1;HU-4400;7,9;6;15;2;;;3;1;1;;;1;2
3;5;10;21;21044;;3;2;No inventariada;;9;2;1;2;;1;1;1;;;1;998
3;5;20;21;21044;;3;2;No inventariada;;9;2;1;1;;1;4;1;;;9;998
3;5;19;21;21044;;3;2;No inventariada;;9;7;1;1;;1;1;1;;;1;998
3;3;12;21;21044;;3;2;No inventariada;;9;4;1;1;;1;1;1;;;1;998
4;2;1;21;21044;;1;1;HU-4400;12,5;6;12;2;;;1;6;1;;;1;3
3;4;18;21;21044;;3;2;No inventariada;;9;7;1;1;;1;1;1;;;1;998
5;4;10;21;21044;;1;1;CV92;1;10;2;1;2;CV92;1;1;1;;;1;1
4;5;19;21;21044;;3;2;No inventariada;;9;7;2;;;1;1;1;;;1;998
6;7;20;21;21050;;1;1;A-494;18,65;6;4;2;;;1;1;1;;;1;1
6;4;10;21;21044;;1;1;N-431;121;6;4;1;4;N-445;2;1;1;;;1;2
4;4;15;21;21044;;3;2;No inventariada;;9;2;1;1;;1;1;1;;;1;998
6;7;3;21;21044;;1;1;No inventariada;1;10;16;2;;;1;6;1;;;1;1
4;2;8;21;21044;;3;2;No inventariada;;9;3;1;1;;1;1;1;;;1;998
6;5;12;21;21044;;1;1;A-5056;1,5;6;4;2;;;1;1;1;;;1;1
4;7;17;21;21044;;3;2;No inventariada;;9;2;1;1;;1;1;1;;;1;998
5;3;22;21;21044;;3;2;No inventariada;;9;4;2;;;1;4;1;;;1;998
5;1;17;21;21044;;3;2;No inventariada;;9;4;1;2;;1;1;1;;;1;998
7;1;0;21;21044;;1;1;A-5056;1,6;6;19;2;;;1;4;1;;;1;1
7;3;6;21;21044;;1;1;A-49;116,566;3;6;2;;;1;6;1;;;1;1
5;6;12;21;21044;;3;2;No inventariada;;9;7;2;;;1;1;1;;;18;998
5;4;22;21;21044;;3;2;No inventariada;;9;7;1;2;;1;1;1;;;1;998
7;1;11;21;21044;;1;1;HU-3301;0;6;4;1;2;;1;1;1;;;1;1
4;7;19;21;21044;;3;2;No inventariada;;9;3;1;1;;1;1;1;;;1;998
7;5;21;21;0;;1;1;HU-4400;6,1;6;10;1;4;;7;3;1;;;1;2
5;5;19;21;21044;;3;2;No inventariada;;9;2;1;1;;1;1;1;;;1;998
5;5;15;21;21044;;3;2;No inventariada;;9;2;1;2;;1;1;1;;;1;998
5;2;14;21;21044;;3;2;No inventariada;;9;3;1;2;;1;1;1;;;1;998
4;6;17;21;21044;;3;2;No inventariada;;9;2;2;;;1;1;1;;;1;998
6;1;11;21;21044;;3;2;No inventariada;;14;4;2;;;1;1;1;;;1;998
7;6;5;21;21044;;1;1;A-5055;2,032;6;7;2;;;1;6;1;;;1;1
6;1;9;21;21044;;3;2;No inventariada;;9;6;2;;;1;1;1;;;6;998
6;7;14;21;21044;;3;2;No inventariada;;14;7;2;;;1;1;1;2;;1;998
8;2;11;21;21044;;1;1;A-5056;1;6;2;1;2;;1;1;1;;;1;1
8;4;14;21;21044;;1;1;CV2;1,5;10;16;2;;;1;1;1;;;1;3
5;2;17;21;21044;;3;2;No inventariada;;9;4;1;1;;1;1;7;;;1;998
5;2;14;21;21044;;3;2;No inventariada;;9;7;1;2;;1;1;1;;;1;998
7;3;22;21;21044;;3;2;No inventariada;;9;4;1;1;;1;4;1;;;1;998
8;4;19;21;21044;;1;1;A-5056;3;6;4;1;4;;1;1;1;;;6;2
9;4;17;21;21044;;1;1;A-5054;0;6;3;1;4;A-5056;1;1;1;;;1;2
7;4;8;21;21044;;3;2;No inventariada;;9;12;1;2;;1;1;1;;;6;998
8;5;14;21;21044;;3;2;No inventariada;;9;10;2;;;1;1;1;;;1;998
9;2;13;21;21044;;3;2;No inventariada;;9;4;2;;;1;1;1;;;1;998
7;3;23;21;21044;;3;2;No inventariada;;9;6;1;2;;1;4;1;;;1;998
9;4;19;21;21044;;3;2;No inventariada;;9;4;2;;;1;1;1;;;1;998
9;2;18;21;21044;;3;2;No inventariada;;9;2;1;1;;1;1;1;;;1;998
8;1;2;21;21044;;3;2;No inventariada;;14;3;1;1;;1;4;1;1;;1;998
9;5;14;21;21044;;3;2;No inventariada;;9;2;1;2;;1;1;1;;;1;998
9;7;23;21;21044;;3;2;No inventariada;;9;2;1;1;;1;4;1;;;1;998
7;3;9;21;21044;;3;2;No inventariada;;9;7;2;;;1;1;1;;;1;998
7;3;19;21;21044;;3;2;No inventariada;;9;5;2;;;1;1;1;;;1;998
10;5;8;21;21044;;1;1;A-5054;0,2;6;2;2;;;3;3;3;;;1;1
7;4;18;21;21044;;3;2;No inventariada;;9;2;1;1;;1;1;1;;;1;998
7;2;18;21;21044;;3;2;No inventariada;;9;4;2;;;1;1;1;;;1;998
7;3;23;21;21044;;3;2;No inventariada;;9;2;1;1;;1;4;1;;;1;998
6;2;19;21;21044;;3;2;No inventariada;;9;2;1;1;;1;1;1;;;1;998
8;5;21;21;21044;;3;2;No inventariada;;9;2;2;;;1;4;1;;;1;998
8;1;10;21;21044;;3;2;No inventariada;;9;4;1;4;;1;1;1;;;1;998
7;1;11;21;21044;;3;2;No inventariada;;9;7;1;1;;1;1;1;;;1;998
8;6;3;21;21044;;3;2;No inventariada;;9;6;2;;;1;4;1;;;1;998
9;5;15;21;21044;;3;2;No inventariada;;9;2;1;2;;1;1;1;;;1;998
11;6;18;21;21044;;1;1;N-431;113,5;6;1;2;;;1;2;1;;;1;2
9;7;13;21;21044;;3;2;No inventariada;;9;10;1;1;;1;1;1;;;1;998
11;4;17;21;21044;;1;1;A-5056;3,025;6;3;1;4;;1;1;1;;;1;1
8;3;12;21;21044;;3;2;No inventariada;;9;7;2;;;1;1;1;;;1;998
12;1;13;21;21044;;1;1;HU-4400;13,7;6;1;1;2;;1;1;1;;;1;1
12;5;7;21;21044;;1;1;HU-3400;1,07;5;4;1;2;;1;3;1;;;1;1
10;5;12;21;21044;;3;2;No inventariada;;9;3;1;2;;1;1;1;;;1;998
11;5;10;21;21044;;3;2;No inventariada;;9;2;1;1;;3;1;3;;;1;998
11;3;20;21;21044;;3;2;No inventariada;;9;7;2;;;1;4;1;;;1;998
11;4;15;21;21044;;3;2;No inventariada;;9;4;1;2;;1;1;1;;;1;998
12;5;9;21;21044;;3;2;No inventariada;;9;2;1;1;;1;1;1;;;1;998
12;7;9;21;0;;1;1;HU-8105;28,2;6;19;2;;;1;1;1;;;1;3
12;1;11;21;0;;1;1;HU-8124;0,7;6;15;2;;;1;1;1;;;1;1
2;5;7;21;0;;1;1;CV19;0;10;3;2;;;1;6;1;;;1;1
4;1;7;21;0;;1;1;CV45;2,2;10;3;2;;;1;6;1;;;1;1
4;2;16;21;21050;;1;1;CV16;10;10;14;2;;;2;3;1;;;1;1
4;4;21;21;0;;1;1;A-486;7,8;6;7;2;;;1;4;1;;;1;1
5;6;14;21;21050;;1;1;A-486;0,5;6;15;2;;;1;1;1;;;4;2
9;4;22;21;0;;1;1;A-486;9,4;6;3;2;;;1;3;1;;;4;2
9;7;7;21;0;;1;1;A-486;4,95;6;2;1;2;A-486;3;6;2;2;;5;1
9;1;11;21;0;;1;1;A-486;9,7;6;18;2;;;1;1;1;;;1;1
11;2;17;21;0;;1;1;A-486;5,4;6;4;2;;;1;2;1;;;6;1
1;3;22;21;0;;1;1;HU-6109;2,9;6;7;2;;;1;6;1;;;1;1
4;5;16;21;0;;2;2;A-472;23,2;6;10;2;;;2;1;1;;;1;2
7;7;12;21;0;;3;2;No inventariada;;14;7;2;;;1;1;1;;;18;998
11;5;14;21;0;;1;1;A-472;21,675;6;1;2;;;1;1;1;;;1;1
1;7;17;21;0;;1;1;N-433;96,35;6;10;2;;;1;1;1;;;1;1
3;7;16;21;0;;1;1;N-433;92,95;6;2;1;2;HU-8122;1;1;1;;;1;2
12;3;14;21;0;;1;1;N-433;92,225;6;8;2;;;1;1;1;;;1;3
1;2;19;21;0;;1;1;A-476;28,1;6;18;2;;;1;6;1;;;1;2
4;6;21;21;0;;1;1;A-461;47,52;6;2;2;;;1;6;1;;;1;3
7;6;8;21;0;;1;1;A-461;39,697;6;18;2;;;1;1;1;;;1;3
9;3;14;21;0;;3;2;No inventariada;;9;2;1;4;;1;1;1;;;1;998
11;4;10;21;0;;1;1;A-476;29,5;6;4;2;;;1;1;1;;;1;1
3;1;18;21;21050;;1;1;A-494;18,5;6;2;1;5;;1;1;1;;;1;1
3;7;17;21;21050;;1;1;CV-184;0,5;10;12;2;;;2;1;1;;;1;3
3;1;22;21;21050;;1;1;A-486;2,03;6;20;2;;;1;6;1;;;1;1
3;3;18;21;21050;;1;1;A-494;7,1;5;3;2;;;1;1;1;;;1;1
3;5;6;21;21050;;1;1;A-494;15,74;6;1;2;;;1;6;1;;;1;1
3;2;19;21;21050;;1;1;A-494;7,5;6;7;2;;;1;6;1;;;1;1
3;4;12;21;21050;;1;1;A-494;8,1;6;2;1;1;;1;1;2;;;1;1
4;3;15;21;21050;;1;1;HU-3110;1,55;6;2;1;2;;1;1;1;;;1;1
4;6;20;21;21050;;1;1;A-494;8,3;6;2;2;;;1;2;1;;;1;1
4;2;17;21;21050;;1;1;A-494;5,5;6;4;1;7;;1;1;1;;;1;2
5;3;14;21;21050;;1;1;CAMINO DEL;0,08;10;14;2;;;8;1;1;;;1;3
5;4;15;21;21050;;1;1;HU-3110;3;6;4;2;;;1;1;1;;;1;1
5;4;15;21;21050;;1;1;A-494;11,26;6;4;2;;;1;1;1;;;1;1
6;7;18;21;21050;;1;1;A-494;4,25;6;1;2;;;1;1;1;;;1;1
6;7;11;21;0;;1;1;A-494;35,4;6;12;1;2;;1;1;1;;;1;1
6;7;23;21;21050;;1;1;A-494;8,3;6;4;1;1;;1;6;1;;;1;1
7;7;14;21;21050;;1;1;A-494;9,353;6;4;2;;;1;1;1;;;1;1
7;1;13;21;21050;;1;1;A-494;24,7;6;4;1;2;;1;1;1;;;1;1
7;3;19;21;21050;;1;1;A-494;25,351;6;2;1;4;;1;1;1;;;18;2
7;1;6;21;21050;;1;1;A-494;23,6;6;20;2;;;1;6;1;;;1;1
8;6;15;21;21014;;1;1;A-486;12,5;6;18;2;;;1;1;1;;;1;2
8;5;9;21;21050;;1;1;A-494;8,4;6;2;1;1;;1;1;1;;;4;3
9;4;14;21;21050;;1;1;A-494;7;6;7;2;;;1;1;1;;;1;1
9;1;11;21;21050;;1;1;A-494;3,1;6;4;1;2;A-486;1;1;1;;;1;1
10;1;20;21;21050;;1;1;A-494;9,5;6;4;1;2;;1;6;1;;;1;1
10;3;15;21;21050;;3;2;No inventariada;;9;2;1;2;;1;1;1;;;2;998
11;6;12;21;21050;;1;1;A-494;3,1;6;1;1;2;A-486;1;1;1;;;1;3
11;1;15;21;21050;;1;1;HU-3110;0,5;6;2;1;1;;1;1;1;1;;1;1
11;6;23;21;21050;;1;1;CV-34;1,6;10;2;2;;;1;6;1;;;4;2
12;3;13;21;21050;;1;1;A-494;8;6;2;1;2;;1;1;1;;;1;1
12;3;13;21;21050;;1;1;A-494;18,6;6;2;1;5;A-494;1;1;1;;;1;1
10;2;17;21;0;;1;1;N-435;122,3;6;14;2;;;3;2;4;1;;5;2
7;3;14;21;21052;;3;2;No inventariada;;9;16;1;2;;1;1;1;;;1;998
5;7;20;21;0;;1;1;A-49;57;3;4;2;;;1;1;1;;;1;1
6;7;11;21;0;;1;1;A-49;57,3;3;10;2;;;1;1;1;;;1;1
8;7;16;21;0;;1;1;HU-4105;5,26;6;16;2;;;1;1;1;;;1;2
10;5;17;21;0;;1;1;A-472;49,9;6;3;2;;;1;1;1;;;1;1
11;5;7;21;21014;;1;1;A-5001;5,5;6;4;1;2;A-49;1;1;1;;;1;1
11;5;19;21;0;;1;1;A-5001;7,55;6;2;1;2;HU-4105;1;6;1;;;1;1
12;1;9;21;0;;1;1;A-5001;8,1;6;16;2;;;1;1;1;;;6;1
1;4;8;21;21054;;1;1;A-493;1,8;6;4;2;;;1;6;1;;;1;1
2;5;14;21;21054;;1;1;A-493;2,2;6;7;2;;;1;1;1;;;1;1
2;7;14;21;21054;;1;1;A-493;3,9;6;2;1;4;;1;1;1;;;1;2
2;4;11;21;21054;;1;1;A-493;1,45;6;2;2;;;1;1;1;;;1;1
5;2;8;21;21054;;2;2;A-493;2,8;6;7;2;;;1;2;1;;;6;1
11;5;12;21;21054;;1;1;HU-4103;8,8;6;19;2;;;1;1;1;;;1;2
1;3;16;21;21055;;1;1;A-5025;1,15;6;5;1;2;;1;1;1;;;1;1
1;1;17;21;21055;;1;1;N-442;7,186;6;3;1;4;A-5025;1;1;1;;;1;1
3;7;20;21;21055;;1;1;A-5025;2,8;6;1;2;;;1;4;1;;;1;1
3;5;20;21;21050;;1;1;A-494;14;6;20;2;;;1;4;1;;;1;2
3;3;14;21;21055;;1;1;A-5025;3,9;6;5;2;;;1;1;1;;;1;1
4;1;23;21;21055;;1;1;A-5026;0;6;4;1;2;A-494;1;6;1;;;1;1
4;3;19;21;21055;;1;1;A-5026;1,1;6;2;1;2;;1;1;1;;;1;1
4;4;12;21;21055;;1;1;A-5026;0,16;6;2;1;2;;1;1;1;;;1;1
5;5;17;21;21055;;1;1;A-5025;2,669;6;2;1;2;;1;1;1;;;1;1
5;5;21;21;21055;;1;1;A-494;17,5;6;3;1;2;A-5026;1;6;1;;;1;1
5;6;13;21;21055;;1;1;N-442;6,5;6;4;2;;;1;1;1;;;1;1
6;3;20;21;21055;;1;1;A-494;17,638;6;2;1;2;A-5026;1;1;1;;;1;1
6;1;21;21;21055;;1;1;A-494;18,4;6;2;1;5;;1;1;1;;;1;1
6;7;16;21;21055;;1;1;N-442;8;6;18;1;11;;1;1;1;;;1;1
7;2;23;21;21055;;1;1;N-442;5,5;6;19;1;12;;1;4;1;;;1;1
8;5;13;21;21055;;1;1;N-442;10,269;6;2;1;4;;1;1;1;;;1;2
10;1;14;21;21055;;1;1;A-5025;2,563;6;4;1;2;A-5025;3;1;3;;;1;1
10;1;7;21;21055;;1;1;N-442;10,165;6;2;2;;;1;6;1;;;18;1
2;7;13;21;0;;1;1;HU-4103;15,384;6;1;2;;;1;1;1;;;1;2
2;4;18;21;0;;1;1;HU-6109;1,7;6;14;2;;;3;2;3;;;1;1
3;1;18;21;0;;1;1;CV46;3,5;10;2;2;;;8;1;1;;;4;1
6;2;20;21;0;;3;2;No inventariada;;9;3;1;1;;1;3;1;;;6;998
6;6;15;21;0;;3;2;No inventariada;;9;2;1;1;;1;1;1;;;1;998
8;6;9;21;0;;1;1;HU-7401;7,05;6;1;2;;;1;1;1;;;1;2
1;7;11;21;0;;1;1;HU-5401;5,7;6;17;2;;;1;1;1;;;1;2
8;3;20;21;0;;3;2;No inventariada;;9;4;2;;;1;1;1;;;1;998
8;4;10;21;0;;1;1;HU-5401;5,65;6;20;2;;;1;1;1;;;1;2
12;6;15;21;0;;1;1;A-499;46,05;6;16;2;;;1;1;1;;;1;3
2;1;0;21;21060;;3;2;No inventariada;;14;6;2;;;1;4;1;;;1;998
3;6;12;21;21060;;3;2;No inventariada;;14;7;2;;;3;1;2;;;9;998
3;1;17;21;21060;;3;2;No inventariada;;9;7;2;;;1;1;1;;;18;998
3;2;14;21;21060;;3;2;No inventariada;;14;20;2;;;1;1;1;;;1;998
4;6;15;21;21060;;1;1;A-5050;1,211;6;10;1;2;;3;1;3;;;1;1
4;5;10;21;21060;;3;2;No inventariada;;9;2;2;;;1;1;1;;;1;998
5;6;17;21;21060;;3;2;No inventariada;;9;10;2;;;1;1;1;;;1;998
6;1;18;21;21060;;1;1;A-5050;4,15;6;4;2;;;1;1;1;;;1;1
7;3;2;21;21060;;1;1;A-5052;8,719;6;16;2;;;1;6;1;;;1;1
7;7;10;21;21060;;1;1;A-5052;10,3;5;2;2;;;1;1;1;;;1;1
6;4;23;21;21060;;3;2;No inventariada;;14;1;2;;;1;4;1;;;2;998
8;1;14;21;21060;;1;1;A-5052;8,8;6;7;2;;;1;1;1;;;1;1
5;1;14;21;21060;;3;2;No inventariada;;14;5;2;;;1;1;1;;;1;998
7;4;6;21;21060;;3;2;No inventariada;;14;10;1;2;;7;4;1;;;1;998
8;1;12;21;21060;;1;1;A-5052;8,078;5;10;2;;;1;1;1;;;1;1
6;3;15;21;21060;;3;2;No inventariada;;14;12;2;;;1;1;1;;;1;998
6;6;13;21;21060;;3;2;No inventariada;;9;10;2;;;1;1;1;;;1;998
7;2;13;21;21060;;3;2;No inventariada;;14;12;1;4;;1;1;1;;;1;998
7;6;21;21;21060;;3;2;No inventariada;;14;20;1;1;;1;2;1;;;1;998
8;5;19;21;21060;;3;2;No inventariada;;14;20;1;2;;1;1;1;;;1;998
7;4;13;21;21060;;3;2;No inventariada;;9;1;2;;;1;1;1;;;1;998
7;4;20;21;21060;;3;2;No inventariada;;14;2;2;;;1;1;1;;;1;998
9;1;9;21;21060;;3;2;No inventariada;;9;7;2;;;1;1;1;;;6;998
9;4;12;21;21060;;3;2;No inventariada;;14;2;1;1;;1;1;1;;;18;998
9;6;13;21;21060;;3;2;No inventariada;;14;2;1;1;;1;1;1;;;1;998
7;7;15;21;21060;;3;2;No inventariada;;9;7;1;2;;1;1;1;;;2;998
8;4;9;21;21060;;3;2;No inventariada;;9;12;1;2;;1;1;1;;;1;998
12;7;17;21;21060;;1;1;A-497;12,3;3;9;2;;;2;1;1;;;1;1
5;3;16;21;21061;;1;1;HU-4102;7,7;6;14;2;;;1;1;1;;;1;1
7;5;15;21;21061;;1;1;A-484;8,2;6;15;2;;;1;1;1;;;1;1
8;1;10;21;21061;;1;1;A-484;6,6;6;1;2;;;1;1;1;;;1;1
9;2;6;21;21061;;1;1;A-484;5,9;6;4;1;1;;1;6;2;1;;5;1
9;5;17;21;21061;;1;1;A-484;11,6;6;2;1;2;A-5100;1;1;1;;;1;1
12;2;15;21;21061;;1;1;HU-4104;3,3;6;4;2;;;1;1;1;;;1;3
12;4;8;21;0;;1;1;A-495;79,3;6;19;2;;;3;1;3;;;1;2
1;7;12;21;0;;3;2;No inventariada;;9;2;1;2;;1;1;1;;;1;998
3;7;15;21;0;;1;1;A-495;10,76;6;2;1;1;A-495a;1;1;1;;;1;2
5;5;10;21;0;;1;1;A-495a;3;6;2;1;2;;1;1;1;;;1;2
6;7;10;21;0;;1;1;A-495;11,8;6;18;1;2;;1;1;1;;;1;1
7;4;1;21;0;;1;1;A-495;9,4;6;18;2;;;1;6;1;;;1;1
2;6;10;21;21064;;1;1;A-494;0,1;6;10;1;4;N-435;7;1;1;;;1;2
3;6;16;21;21064;;1;1;HU-3105;3,4;6;3;2;;;1;1;1;;;1;1
5;6;23;21;21064;;1;1;N-435;221,95;6;1;1;4;;1;4;1;;;1;1
5;4;18;21;21041;;1;1;A-5000;6,6;6;20;2;;;1;1;1;;;1;2
7;7;15;21;21064;;1;1;A-494;0,098;5;19;1;7;A-49;8;1;1;;;1;2
7;7;14;21;21064;;1;1;A-49;74,415;3;4;2;;;1;1;1;;;1;1
7;3;11;21;21064;;1;1;A-49;74,5;3;5;2;;;1;1;1;;;1;1
8;4;20;21;21064;;1;1;A-5000;8;6;2;1;2;;1;1;1;;;1;1
8;4;21;21;21064;;1;1;N-435;221,324;6;4;2;;;1;2;1;;;1;1
8;4;20;21;21064;;1;1;A-49;75,3;3;3;1;12;A-494;1;2;1;;;1;1
8;6;6;21;21070;;1;1;A-49;72,9;3;19;2;;;1;1;1;;;1;1