MES;DIA_SEMANA;HORA;COD_PROVINCIA;COD_MUNICIPIO;ISLA;ZONA;ZONA_AGRUPADA;CARRETERA;KM;TIPO_VIA;TIPO_ACCIDENTE;NUDO;NUDO_INFO;CARRETERA_CRUCE;CONDICION_FIRME;CONDICION_ILUMINACION;CONDICION_METEO;CONDICION_NIEBLA;CONDICION_VIENTO;VISIB_RESTRINGIDA_POR;TRAZADO_PLANTA
9;5;14;21;21064;;1;1;A-49;75;3;4;1;4;A-494;1;1;1;;;1;3
9;5;14;21;21064;;1;1;A-494;0,1;6;4;2;;;1;1;1;;;1;1
9;7;9;21;21064;;1;1;N-435;222;6;19;1;4;A-49;1;1;1;;;1;2
10;1;15;21;21064;;1;1;A-49;76,365;3;4;2;;;1;1;1;;;1;1
10;6;12;21;21064;;1;1;A-49;69,5;3;3;2;;;1;1;2;;;1;1
12;3;14;21;21064;;1;1;A-49;75,9;3;4;2;;;1;1;1;;;1;1
12;6;8;21;21064;;1;1;A-494;1,602;6;19;1;12;A-472;1;2;1;;;1;1
5;5;16;21;0;;1;1;A-499;18,467;6;14;2;;;1;1;1;;;1;1
3;6;12;21;0;;1;1;HU-4401;3,567;6;16;2;;;1;1;1;;;18;3
10;2;14;21;0;;1;1;N-435;138,6;6;15;2;;;4;1;4;;;5;2
2;6;11;21;0;;1;1;A-495;66,8;6;15;2;;;3;1;2;;;1;2
4;2;15;21;0;;1;1;A-495;65,5;6;18;2;;;4;1;4;;;5;3
6;3;13;21;0;;1;1;A-495;69,805;6;16;2;;;3;1;4;;;4;3
9;6;16;21;0;;1;1;HU-7401;7,089;6;15;2;;;1;1;1;;;1;2
12;6;5;21;0;;1;1;A-495;65;6;14;2;;;1;6;1;;;1;1
2;5;22;21;0;;1;1;A-66;741,381;3;4;2;;;1;6;1;;;1;1
2;2;16;21;0;;1;1;A-66;748,8;3;4;2;;;1;1;1;;;1;1
4;3;16;21;0;;1;1;A-5301;4,126;6;16;2;;;1;1;1;;;1;1
4;1;19;21;0;;2;2;N-630;745,5;6;19;2;;;1;1;1;;;1;2
6;6;16;21;0;;1;1;A-66;748;3;12;2;;;1;1;1;;;1;1
6;5;9;21;0;;1;1;A-66;752,15;3;14;2;;;1;1;1;;;1;1
8;6;20;21;0;;3;2;No inventariada;;9;5;2;;;1;1;1;;;1;998
11;7;11;21;0;;1;1;A-5301;1;6;10;1;4;;2;1;1;;;1;2
1;4;14;21;21070;;1;1;N-435a;216,43;5;15;1;2;;3;1;2;;;1;1
1;7;16;21;21070;;1;1;N-435;216,3;6;5;2;;;1;1;1;;;1;1
3;5;8;21;0;;1;1;A-49;67,052;3;15;2;;;1;1;1;;;1;1
3;6;12;21;21070;;3;2;No inventariada;;9;2;1;1;;1;1;1;;;1;998
3;1;8;21;21070;;3;2;No inventariada;;9;7;1;2;;3;1;3;;;5;998
5;6;0;21;21070;;3;2;No inventariada;;14;12;1;2;;2;6;1;;;17;998
4;5;19;21;21070;;3;2;No inventariada;;9;2;1;1;;1;1;1;;;1;998
6;6;13;21;21070;;3;2;No inventariada;;9;3;1;2;;1;1;1;;;1;998
7;4;19;21;21064;;1;1;HU-3105;2,202;6;16;2;;;1;1;1;;;1;3
7;7;15;21;21070;;3;2;No inventariada;;9;2;1;1;;1;1;1;;;1;998
7;1;20;21;21070;;3;2;No inventariada;;9;7;2;;;1;1;1;;;1;998
10;3;8;21;21070;;2;2;N-435a;215,4;6;4;1;1;;1;3;1;;;1;1
10;3;9;21;21070;;2;2;N-435a;215,6;6;2;1;1;;1;1;1;;;1;1
10;1;10;21;21064;;1;1;A-472;57,4;6;16;1;1;A-472;1;1;1;;;3;1
11;4;11;21;21070;;3;2;No inventariada;;9;2;2;;;1;1;1;;;1;998
2;5;14;21;21072;;1;1;N-435;184,9;6;14;2;;;3;1;4;;;1;2
2;5;14;21;21072;;3;2;No inventariada;;7;2;2;;;1;1;1;;;18;998
5;3;14;21;21072;;3;2;No inventariada;;9;1;2;;;1;1;1;;;1;998
5;6;14;21;21072;;1;1;A-496;3,8;6;19;2;;;1;1;1;;;1;1
7;2;20;21;21072;;1;1;N-435;186,4;6;4;2;;;1;1;1;;;1;1
9;6;22;21;21072;;3;2;No inventariada;;9;4;2;;;1;4;1;;;1;998
10;1;11;21;21072;;3;2;No inventariada;;9;2;1;1;;1;1;1;;;18;998
10;4;11;21;21072;;3;2;No inventariada;;9;7;2;;;3;1;3;;;1;998
10;4;16;21;21072;;3;2;No inventariada;;9;2;2;;;3;1;2;;;1;998
11;5;13;21;21072;;3;2;No inventariada;;9;6;2;;;1;1;1;;;18;998
11;1;20;21;21072;;1;1;N-435;198,3;6;12;2;;;1;6;2;;;1;3
12;1;16;21;21072;;3;2;No inventariada;;9;2;1;1;;1;1;2;;;1;998
12;2;19;21;21072;;3;2;No inventariada;;9;4;2;;;1;4;1;;;1;998
12;6;4;21;21072;;1;1;N-435;195,3;6;19;2;;;1;1;1;;;1;2
12;2;11;21;21072;;3;2;No inventariada;;9;7;1;2;;1;1;1;;;1;998
4;1;0;21;0;;1;1;A-499;11,05;6;20;1;2;;1;6;1;;;1;1
4;1;18;21;0;;1;1;HU-4400;0,8;6;3;2;;;1;1;1;;;1;2
5;5;22;21;0;;1;1;A-499;10,5;6;8;2;;;1;6;1;;;1;1
5;7;13;21;0;;3;2;No inventariada;;9;2;1;1;;1;1;1;;;1;998
5;3;6;21;0;;1;1;HU-4400;5,3;6;4;1;1;;1;2;1;;;1;1
7;2;19;21;0;;1;1;HU-4400;5,455;6;15;2;;;1;1;1;;;1;2
8;4;6;21;0;;1;1;A-499;11,025;6;2;1;2;;1;6;1;;;1;1
12;1;19;21;21010;;1;1;A-499;3,054;6;18;2;;;1;6;1;;;1;2
12;4;7;21;0;;1;1;HU-4400;3,5;6;3;1;2;;1;2;1;;;1;1
2;5;17;21;0;;1;1;CV1;1;10;1;2;;;8;1;1;;;12;3
6;7;21;21;0;;1;1;A-472;27,296;6;4;2;;;1;3;1;;;1;1
7;6;7;21;0;;1;1;A-49;41,35;3;4;2;;;1;1;1;;;1;1
8;6;13;21;0;;1;1;A-49;38,9;3;16;2;;;1;1;1;;;1;1
5;1;6;21;0;;1;1;A-490;2,67;6;3;2;;;1;6;1;;;1;2
7;5;5;21;0;;1;1;HU-9013;1,5;6;7;2;;;1;6;1;;;12;1
7;6;14;21;0;;1;1;A-495;20,7;6;16;2;;;1;1;1;;;1;2
8;1;22;21;0;;1;1;CV-195;0,8;10;19;2;;;2;6;1;;;1;2
11;1;16;21;0;;1;1;HU-3401;4,43;6;3;2;;;1;1;1;;;1;2
4;7;19;21;0;;1;1;A-49;53,3;3;12;2;;;1;1;1;;;1;1
6;2;16;21;0;;1;1;A-493;9,76;6;2;1;2;;1;1;1;;;1;2
6;1;17;21;0;;3;2;No inventariada;;9;4;2;;;1;1;1;;;2;998
1;4;11;21;0;;1;1;N-435;172,394;6;2;1;1;;1;1;1;;;1;1
5;6;17;21;0;;1;1;N-435;180,428;6;20;2;;;1;1;1;;;1;2
7;7;11;21;0;;1;1;HU-5104;12,3;6;10;2;;;1;1;1;;;1;2
9;6;9;21;0;;1;1;A-478;0,7;6;19;2;;;1;1;1;;;1;2
12;5;15;21;0;;1;1;N-435;179,9;6;15;2;;;1;1;1;;;1;2
12;5;21;21;0;;1;1;CV199;0,5;10;14;2;;;9;6;1;;;1;4
5;3;13;22;0;;1;1;CAMINO;5;10;9;2;;;2;1;1;;;1;1
9;7;12;22;0;;1;1;A-138;23,5;6;20;1;2;;1;1;1;;;1;2
1;4;8;22;0;;1;1;A-1229;10,211;6;14;2;;;1;1;1;;;1;1
8;7;15;22;0;;1;1;A-1234;34,8;6;18;2;;;1;1;1;;;1;1
1;4;16;22;0;;1;1;A-140;7,8;6;19;2;;;1;1;2;2;;5;1
4;3;16;22;0;;1;1;A-140;10,79;6;1;2;;;1;1;1;;;1;1
7;3;8;22;0;;1;1;A-140;10,24;6;4;1;2;;1;1;1;;;1;3
11;5;8;22;0;;1;1;N-230;39;6;19;2;;;1;1;2;;;1;1
11;7;13;22;0;;1;1;A-140;1,8;6;2;1;2;;1;1;1;;;1;1
12;2;7;22;0;;1;1;A-1217;5,35;6;15;2;;;3;2;2;2;;5;2
1;4;9;22;0;;1;1;A-130;27,9;6;17;2;;;3;1;2;2;;1;2
6;2;20;22;0;;1;1;N-330;551,493;6;19;2;;;1;3;1;;;1;1
7;2;12;22;0;;1;1;N-330;555,9;6;10;2;;;1;1;1;;;1;1
10;5;19;22;22125;;1;1;N-330;561,093;6;19;2;;;3;6;3;;;1;2
10;5;0;22;0;;1;1;A-1237;3,975;6;12;2;;;1;6;1;;;1;1
8;7;9;22;0;;1;1;A-1232;17,5;6;5;2;;;1;1;1;;;1;1
8;7;17;22;0;;1;1;A-1233;0,15;6;7;2;;;1;1;1;;;12;1
8;4;12;22;0;;1;1;A-1232;18,2;6;4;1;2;A-2205;1;1;5;;;1;1
10;7;14;22;0;;1;1;HU-352;0,5;6;1;2;;;1;1;1;;;4;3
3;4;5;22;0;;1;1;A-2217;3,8;6;19;2;;;1;6;1;;;1;1
2;4;12;22;0;;1;1;N-240;186,87;6;18;2;;;1;1;2;;;1;2
11;2;8;22;0;;1;1;A-22;84,4;3;12;2;;;3;1;2;1;;5;1
3;5;16;22;0;;1;1;N-230;97,55;6;2;2;;;1;1;1;;;1;3
9;5;0;22;0;;1;1;N-230;101,3;6;14;2;;;3;6;3;;;5;2
11;4;13;22;0;;1;1;N-230;99,35;6;16;2;;;1;1;1;;;1;1
3;7;17;22;0;;1;1;A-23;384,4;3;5;2;;;4;1;5;;;5;3
4;4;10;22;0;;1;1;A-23;379,5;3;4;2;;;1;4;1;;;1;1
8;4;14;22;0;;1;1;A-125;90,1;6;6;2;;;1;1;1;;;1;1
9;3;12;22;0;;3;2;No inventariada;;9;7;2;;;1;1;1;;;18;998
10;2;11;22;0;;3;2;No inventariada;;9;7;1;2;;3;1;2;;;2;998
6;1;12;22;0;;1;1;N-230;45,175;6;17;2;;;1;1;1;;;1;1
7;1;18;22;0;;1;1;A-132;57,8;6;3;2;;;1;1;1;;;1;2
10;7;18;22;0;;3;2;No inventariada;;9;6;2;;;3;1;3;;;18;998
10;7;12;22;0;;1;1;A-2218;13,5;6;3;2;;;1;1;1;;;4;3
7;3;10;22;0;;1;1;A-131;12,4;6;19;2;;;2;1;1;;;1;1
1;4;9;22;22048;;1;1;N-240;160,5;6;2;1;5;A-1226;3;6;1;;;1;1
5;7;23;22;22048;;1;1;N-123;3,1;6;12;1;2;SC-H08;3;6;2;;;1;3
5;3;17;22;22048;;1;1;N-240;153,7;6;18;2;;;1;1;1;;;1;1
6;6;16;22;22048;;1;1;N-123;4,4;6;5;2;;;1;1;2;;;1;1
7;5;12;22;22048;;1;1;N-123;0,3;6;2;1;1;;1;1;1;;;1;1
7;2;12;22;22048;;1;1;N-240;163,3;6;16;2;;;1;1;1;;;1;1
9;7;7;22;22048;;1;1;A-1232;2,75;6;18;2;;;1;1;1;;;1;3
11;2;7;22;22048;;1;1;N-240;153,8;6;3;2;;;1;1;1;1;;17;1
11;6;17;22;22048;;1;1;N-123;2,3;6;19;2;;;1;2;2;;;1;3
12;7;5;22;22048;;1;1;A-22;55,179;3;16;2;;;1;6;1;;;1;1
7;7;11;22;0;;1;1;A-2205;20,3;6;10;2;;;2;1;1;;;1;3
1;5;16;22;0;;1;1;N-230;61,7;6;18;2;;;1;1;1;;;1;2
6;2;9;22;0;;1;1;N-230;54,91;6;14;2;;;1;1;1;;;1;1
10;6;16;22;0;;1;1;N-230;71,463;6;4;2;;;1;1;1;;;4;1
11;2;8;22;0;;1;1;N-230;68,3;6;2;1;2;;1;1;1;;;1;1
1;7;4;22;0;;1;1;A-139;62,264;6;18;2;;;3;6;1;;;4;3
4;7;12;22;0;;1;1;A-139;65,25;6;2;2;;;1;1;1;;;1;3
6;7;7;22;0;;1;1;A-139;63,7;6;17;2;;;1;2;1;;;1;3
4;3;14;22;0;;1;1;N-260a;503,259;6;2;2;;;1;1;1;;;1;3
8;5;11;22;0;;1;1;N-260a;506,5;6;10;2;;;1;1;1;;;1;1
8;2;16;22;0;;1;1;A-136;3;6;14;2;;;1;1;2;;;1;1
9;3;23;22;0;;3;2;No inventariada;;9;10;2;;;1;4;1;;;18;998
1;6;6;22;0;;1;1;A-140;30,45;6;12;2;;;5;6;2;1;;1;2
2;3;12;22;22061;;1;1;CAMINO LA;0,9;10;12;2;;;2;1;1;;;4;3
5;6;12;22;22061;;1;1;A-22;34,4;3;18;2;;;1;1;1;;;1;1
9;2;23;22;22061;;1;1;A-140;23;6;16;1;4;;1;5;1;;;1;2
11;5;18;22;22061;;1;1;A-1239;17,902;6;4;2;;;1;6;1;;1;18;1
7;2;18;22;0;;1;1;SC22221-03;1,9;6;1;2;;;1;1;1;;;4;3
5;1;9;22;0;;1;1;SC22063-02;1;6;15;1;2;;1;1;2;;;1;1
5;6;12;22;0;;1;1;SC-22066-0;0,7;6;15;2;;;1;1;1;;;1;1
8;7;19;22;0;;1;1;N-260a;469,8;6;4;2;;;1;1;1;;;1;1
11;7;16;22;0;;2;2;N-260a;474,42;6;7;2;;;1;1;1;;;1;1
1;7;17;22;0;;1;1;A-23;386,7;3;4;2;;;1;2;1;;;6;2
2;4;10;22;0;;1;1;N-260;405;6;5;2;;;1;1;1;;;1;1
8;7;2;22;0;;1;1;A-2218;8,95;6;18;2;;;1;6;1;;;1;3
4;6;16;22;0;;1;1;CAND;1,2;10;14;2;;;2;1;2;;;1;1
6;4;4;22;0;;1;1;AP-2;86,6;2;4;2;;;1;6;1;;;1;1
10;7;15;22;22112;;1;1;N-2;416;6;19;2;;;2;1;1;;;1;3
3;2;9;22;0;;1;1;N-330a;668,1;6;1;2;;;6;1;6;;;1;2
5;4;11;22;0;;1;1;N-330;666,6;6;3;1;12;N-330;1;1;2;;;1;1
12;7;8;22;0;;1;1;N-330a;670,956;6;16;2;;;1;1;1;;;1;2
5;5;8;22;0;;1;1;A-1605;12,7;6;8;2;;;1;1;2;;;1;1
6;2;10;22;0;;1;1;N-240;151;6;2;1;5;N-240;1;1;2;;;1;1
6;6;13;22;0;;1;1;N-240;151,8;6;3;2;;;1;1;1;;;1;2
6;7;6;22;0;;1;1;A-22;50,95;3;16;2;;;1;1;1;;;1;1
7;7;21;22;0;;3;2;No inventariada;;9;12;2;;;1;3;1;;;1;998
8;7;6;22;0;;1;1;A-22;52,5;3;16;2;;;1;6;1;;;1;1
11;3;17;22;0;;1;1;N-240;152,654;6;19;1;2;;1;1;1;;;1;1
7;3;10;22;0;;3;2;No inventariada;;9;20;2;;;1;1;1;;;1;998
12;2;4;22;0;;1;1;A-230;50,9;6;14;2;;;1;4;1;;;1;2
2;6;18;22;0;;1;1;A-139;48,5;6;18;2;;;1;1;1;;;1;1
3;1;14;22;0;;1;1;N-260;388,15;6;16;2;;;1;1;1;;;1;1
7;5;7;22;0;;1;1;N-330;654,54;6;2;1;12;N-330;1;1;1;;;1;1
5;7;16;22;0;;1;1;A-22;64,9;3;16;2;;;3;1;4;;;1;1
3;2;11;22;0;;1;1;A-131;21,8;6;2;1;1;;1;1;1;;;1;3
7;7;12;22;0;;1;1;A-139;47;6;2;1;5;A-139;1;1;1;;;1;1
7;7;0;22;0;;1;1;CAMINO;16,6;10;13;2;;;1;6;1;;;4;3
3;3;17;22;0;;1;1;N-123;13,94;6;16;2;;;1;1;1;;;1;2
1;1;14;22;0;;1;1;A-133;23,45;6;18;2;;;1;1;1;;;4;1
7;2;18;22;0;;1;1;HU-V-9301;5,2;6;18;1;2;DESCONOCID;1;1;1;;;1;3
1;7;14;22;0;;1;1;N-260a;465,552;6;8;2;;;1;1;1;;;12;1
7;5;18;22;0;;1;1;N-260;464;6;12;1;4;;1;1;1;;;1;1
3;4;16;22;0;;1;1;A-139;24,687;6;15;2;;;1;1;2;;;1;1
1;2;11;22;22112;;1;1;A-1234;4,9;6;2;1;2;;1;1;1;;;1;1
3;5;14;22;22112;;1;1;A-2;443,257;8;3;2;;;2;1;1;;;1;1
4;4;18;22;22112;;1;1;CVTORRENTE;0,1;10;3;1;12;;1;1;1;;;1;1
5;7;12;22;22112;;1;1;CAMINO DE;2,6;10;2;2;;;2;1;1;;;12;3
5;4;4;22;22112;;1;1;AP-2;100,1;2;14;2;;;1;6;1;;;1;1
6;1;16;22;22112;;1;1;A-2;440,422;3;18;2;;;1;1;2;;;1;2
7;1;15;22;22112;;1;1;CHE-1305;1,1;6;18;2;;;8;1;1;;;1;1
7;3;20;22;22112;;1;1;A-1234;1,25;6;16;2;;;1;1;1;;;1;3
7;4;18;22;22112;;1;1;A-131;3,52;6;19;2;;;1;1;1;;;1;1
8;7;15;22;22112;;1;1;A-2;442,55;7;4;1;2;;1;1;1;;;1;1
8;1;10;22;22112;;1;1;AP-2;103;2;4;2;;;1;1;1;;;1;1
9;1;14;22;0;;1;1;AP-2;109,3;2;7;2;;;1;1;1;;;1;4
9;5;14;22;22112;;3;2;No inventariada;;9;2;1;1;;1;1;1;;;3;998
9;2;18;22;22112;;1;1;A-131;3,78;6;2;2;;;1;1;1;;;1;1
9;6;1;22;22112;;2;2;N-2;439,1;6;1;2;;;1;6;7;;;18;4
10;6;13;22;22112;;1;1;A-1234;4,922;6;1;1;2;;1;1;1;;;1;1
12;6;17;22;22112;;1;1;CAMINO EL;6;10;15;2;;;2;1;1;;;12;3
6;1;23;22;0;;1;1;A-138;34,284;6;14;2;;;1;6;1;;;1;2
9;5;18;22;0;;1;1;N-260;418,492;6;2;1;5;;1;1;1;;;4;1
10;3;20;22;0;;1;1;N-260;423,6;6;17;1;1;A-2206;3;6;2;1;;1;1
10;6;16;22;0;;1;1;A-138;11,5;6;12;2;;;3;1;2;;;1;2
12;5;16;22;0;;1;1;A-138;6,677;6;18;2;;;1;1;1;;;4;1
12;7;20;22;0;;1;1;N-123;8;6;1;2;;;1;6;1;;;1;1
6;6;20;22;0;;1;1;A-1213;20,2;6;12;2;;;1;1;1;;;1;1
11;2;14;22;0;;1;1;A-1214;6;6;12;2;;;1;1;1;;;1;1
12;3;15;22;0;;1;1;A-1213;29,9;6;2;2;;;1;1;1;;;1;1
3;7;12;22;0;;1;1;N-123a;35;6;1;2;;;1;1;1;;;1;2
5;4;2;22;0;;1;1;N-123a;31,5;6;18;1;2;;1;6;1;;;1;2
5;7;15;22;0;;1;1;N-123a;26,3;6;2;1;5;A-2211;1;1;1;;;1;1
6;6;20;22;0;;1;1;A-1605;2,44;6;16;1;2;A-2612;1;1;1;;;1;2
7;6;15;22;0;;3;2;No inventariada;;9;20;2;;;1;1;1;;;1;998
7;7;12;22;0;;1;1;A-139;3,2;6;2;1;2;A-2612;1;1;1;;;12;2
8;5;12;22;0;;1;1;HU-V-6441;10,65;6;16;2;;;1;1;1;;;1;2
8;6;13;22;0;;1;1;N-123a;31,542;6;2;1;2;N-123a;1;1;1;;;1;2
9;4;18;22;0;;1;1;N-123a;26,9;6;19;2;;;1;1;2;;;1;2
11;1;12;22;0;;1;1;A-139;3,55;6;16;2;;;1;1;2;;;1;1
12;1;12;22;0;;1;1;A-139;0,35;6;2;2;;;1;1;1;;;1;1
2;5;14;22;0;;1;1;A-1209;7;6;2;1;1;CHE-1428;1;1;1;;;1;1
5;7;10;22;0;;1;1;CV-811;14,93;6;20;2;;;1;1;1;;;18;1
1;3;10;22;22125;;3;2;No inventariada;;9;7;1;1;;1;1;1;;;1;998
1;3;9;22;22125;;3;2;No inventariada;;9;7;2;;;1;1;2;;;1;998
1;3;14;22;22125;;3;2;No inventariada;;9;12;1;4;;3;1;1;;;1;998
1;6;18;22;22125;;3;2;No inventariada;;9;7;1;4;;1;4;1;;;11;998
1;5;7;22;22125;;3;2;No inventariada;;9;7;1;1;;1;4;1;;;1;998
1;2;14;22;22125;;3;2;No inventariada;;9;16;2;;;1;1;1;;;1;998
1;4;15;22;22125;;3;2;No inventariada;;9;4;1;1;;1;1;1;;;1;998
1;6;18;22;22125;;3;2;No inventariada;;9;7;2;;;1;4;1;;;1;998
1;3;8;22;22125;;3;2;No inventariada;;9;4;2;;;1;1;1;;;1;998
1;2;9;22;22125;;3;2;No inventariada;;9;1;1;1;;1;1;1;;;1;998
1;2;12;22;22125;;3;2;No inventariada;;9;2;1;2;;1;1;1;;;1;998
1;3;10;22;22125;;3;2;No inventariada;;9;2;1;4;;1;1;1;;;1;998
1;4;9;22;22125;;1;1;A-23;360,3;3;4;1;2;A-23;1;1;1;;;1;1
1;4;8;22;22125;;3;2;No inventariada;;9;7;2;;;3;3;2;1;;18;998
2;5;15;22;22125;;3;2;No inventariada;;9;2;1;2;;1;1;1;;;1;998
2;6;12;22;22125;;3;2;No inventariada;;9;7;1;1;;1;1;1;;;1;998
2;6;20;22;22125;;3;2;No inventariada;;9;4;2;;;1;4;1;;;1;998
2;5;12;22;22125;;3;2;No inventariada;;9;4;1;4;;3;1;3;;;1;998
3;5;11;22;22125;;3;2;No inventariada;;9;4;1;2;;3;1;4;;;18;998
3;1;12;22;22125;;1;1;HU-V-5231;2,2;6;2;2;;;1;1;1;;;1;1
3;6;18;22;22125;;3;2;No inventariada;;9;7;2;;;3;4;4;;;18;998
3;1;10;22;22125;;3;2;No inventariada;;9;4;2;;;1;1;1;;;1;998
2;1;13;22;22125;;3;2;No inventariada;;9;7;1;2;;1;1;1;;;1;998
3;7;6;22;22125;;3;2;No inventariada;;9;16;2;;;1;2;1;;;1;998
3;6;9;22;22125;;3;2;No inventariada;;9;7;2;;;1;1;1;;;1;998
3;2;17;22;22125;;3;2;No inventariada;;9;1;1;2;;1;1;1;;;1;998
3;2;19;22;22125;;3;2;No inventariada;;9;2;1;1;;3;3;3;;;1;998
3;6;19;22;22125;;3;2;No inventariada;;9;7;1;2;;3;4;3;;;1;998
4;3;6;22;22125;;3;2;No inventariada;;9;2;2;;;1;3;1;;;1;998
4;5;7;22;22125;;3;2;No inventariada;;9;10;2;;;1;1;1;;;1;998
4;3;10;22;22125;;1;1;A-131;98;6;16;2;;;1;1;1;;;1;1
4;5;11;22;22125;;3;2;No inventariada;;9;10;2;;;1;1;1;;;1;998
4;4;16;22;22125;;3;2;No inventariada;;9;2;1;2;;1;1;1;;;1;998
3;1;7;22;22125;;3;2;No inventariada;;9;3;2;;;1;1;1;;;1;998
5;5;8;22;22125;;3;2;No inventariada;;9;3;1;4;;1;2;1;;;1;998
5;7;17;22;22125;;1;1;A-132;1,37;6;4;1;2;A-23;1;1;2;;;1;2
4;4;6;22;22125;;3;2;No inventariada;;9;10;2;;;8;4;1;;;18;998
5;2;8;22;22125;;3;2;No inventariada;;9;4;2;;;1;1;1;;;1;998
5;2;16;22;22125;;3;2;No inventariada;;14;4;1;4;;1;1;1;;;1;998
6;1;13;22;22125;;3;2;No inventariada;;9;16;2;;;1;1;1;;;1;998
5;5;20;22;22125;;3;2;No inventariada;;9;4;1;4;;1;2;1;;;6;998
6;5;15;22;22125;;3;2;No inventariada;;9;4;2;;;1;1;1;;;1;998
6;3;21;22;22125;;3;2;No inventariada;;9;2;1;4;;1;3;1;;;1;998
6;6;22;22;22125;;3;2;No inventariada;;9;2;1;2;;1;3;1;;;1;998
6;5;22;22;22125;;3;2;No inventariada;;9;19;2;;;1;2;1;;;1;998
6;1;13;22;22125;;1;1;N-240;206,473;6;12;2;;;1;1;1;;;1;3
6;4;20;22;22125;;3;2;No inventariada;;9;7;2;;;1;1;1;;;1;998
7;5;19;22;22125;;3;2;No inventariada;;9;2;2;;;1;1;1;;;6;998
6;7;15;22;22125;;3;2;No inventariada;;9;16;1;4;;1;1;1;;;1;998
6;3;16;22;22125;;3;2;No inventariada;;9;12;2;;;1;1;1;;;1;998
7;7;19;22;22125;;1;1;HU-V-5231;3,346;6;16;2;;;1;1;1;;;1;3
6;7;21;22;22125;;3;2;No inventariada;;9;7;2;;;3;4;4;;;5;998
6;4;15;22;22125;;1;1;N-330;1,1;6;19;1;2;;1;1;1;;;1;2
7;2;19;22;22125;;3;2;No inventariada;;9;7;2;;;1;1;1;;;1;998
7;6;9;22;22125;;3;2;No inventariada;;9;7;1;4;;1;1;1;;;1;998
7;3;11;22;22125;;3;2;No inventariada;;9;4;2;;;1;1;1;;;1;998
7;5;7;22;22125;;3;2;No inventariada;;9;2;1;4;;1;1;1;;;1;998
7;5;22;22;22125;;3;2;No inventariada;;9;16;1;4;;1;3;1;;;1;998
8;5;11;22;22125;;1;1;A-23;353,265;3;3;2;;;1;1;1;;;1;1
8;1;11;22;22125;;3;2;No inventariada;;9;7;2;;;1;1;1;1;;1;998
7;1;13;22;22125;;3;2;No inventariada;;9;2;2;;;1;1;1;;;18;998
8;4;21;22;22125;;3;2;No inventariada;;9;7;2;;;1;4;1;;;1;998
8;4;8;22;22125;;3;2;No inventariada;;9;7;2;;;1;1;1;;;1;998
8;4;14;22;22125;;3;2;No inventariada;;9;20;2;;;1;1;1;;;1;998
9;2;1;22;0;;1;1;N-240;205,476;6;18;2;;;4;6;4;;;5;2
8;6;11;22;22125;;3;2;No inventariada;;9;2;1;1;;1;1;1;;;1;998
9;2;8;22;22125;;3;2;No inventariada;;9;10;1;4;;8;1;1;;;18;998
9;4;17;22;22125;;3;2;No inventariada;;9;3;2;;;1;1;1;;;1;998
9;2;7;22;22125;;3;2;No inventariada;;9;10;1;4;;8;2;1;;;1;998
9;1;20;22;22125;;3;2;No inventariada;;9;10;2;;;1;3;1;;;1;998
9;1;14;22;22125;;3;2;No inventariada;;9;4;2;;;1;1;1;;;1;998
9;1;11;22;22125;;3;2;No inventariada;;9;7;2;;;1;1;1;;;6;998
10;5;8;22;22125;;3;2;No inventariada;;9;7;2;;;1;1;1;;;1;998
9;4;12;22;22125;;3;2;No inventariada;;9;2;2;;;1;1;1;;;1;998
9;4;8;22;22125;;3;2;No inventariada;;9;3;2;;;1;1;1;;;6;998
10;1;19;22;22125;;3;2;No inventariada;;9;7;1;2;;4;3;4;;;5;998
10;5;12;22;22125;;3;2;No inventariada;;9;4;2;;;1;1;1;;;1;998
10;4;8;22;0;;1;1;A-23;347;3;18;2;;;3;1;4;;;5;1
10;1;18;22;22125;;3;2;No inventariada;;9;7;2;;;1;2;1;;;6;998
10;7;17;22;22125;;1;1;HU-324;3;6;12;2;;;3;2;3;;;5;2
10;5;12;22;22125;;3;2;No inventariada;;9;3;1;2;;1;1;1;;;9;998
10;3;18;22;22125;;3;2;No inventariada;;9;4;2;;;3;4;3;;;1;998
10;5;18;22;22125;;1;1;A-23;354,532;3;19;2;;;3;2;3;;;1;1
9;2;11;22;22125;;3;2;No inventariada;;9;10;2;;;7;1;1;;;1;998
11;2;19;22;22125;;3;2;No inventariada;;9;4;2;;;1;4;1;;;1;998
11;1;12;22;22125;;3;2;No inventariada;;9;2;2;;;1;1;1;;;1;998
11;3;19;22;22125;;3;2;No inventariada;;9;2;1;1;;1;4;1;;;1;998
11;7;12;22;22125;;3;2;No inventariada;;9;2;1;4;;1;1;1;;;16;998
11;6;21;22;22125;;3;2;No inventariada;;9;4;2;;;1;4;1;;;1;998
12;5;15;22;22125;;1;1;N-240;206,474;6;14;2;;;1;1;1;;;1;2
12;2;7;22;22125;;1;1;A-131;100,2;6;1;2;;;1;2;1;;;1;1
12;2;16;22;22125;;3;2;No inventariada;;9;2;1;2;;1;1;1;;;9;998
12;5;7;22;22125;;1;1;N-330;575,7;6;6;1;1;;2;6;2;;;18;1
12;5;22;22;22125;;1;1;A-131;98,362;6;8;2;;;1;6;1;;;1;1
12;4;19;22;22125;;3;2;No inventariada;;9;2;2;;;3;4;3;;;1;998
12;4;21;22;22125;;3;2;No inventariada;;9;7;1;1;;3;4;3;;;5;998
12;2;12;22;22125;;3;2;No inventariada;;7;10;1;4;;7;1;1;;;1;998
12;5;17;22;0;;1;1;A-23;349,3;3;4;2;;;1;1;1;;;6;1
12;5;17;22;22125;;3;2;No inventariada;;9;2;1;1;;1;1;1;;;1;998
12;3;9;22;22125;;3;2;No inventariada;;9;10;2;;;1;1;1;;;1;998
4;2;11;22;22125;;1;1;N-330;574,3;6;16;2;;;1;1;1;;;1;3
10;4;15;22;0;;1;1;N-330;579,562;6;1;2;;;1;1;1;;;4;2
10;4;15;22;0;;1;1;A-1605;26,35;6;2;2;;;1;1;1;;;4;3
1;2;3;22;22130;;1;1;N-330;649,243;6;8;2;;;3;6;3;;;12;1
2;7;4;22;22130;;3;2;No inventariada;;9;18;2;;;1;3;1;;;1;998
2;6;14;22;22130;;1;1;N-330;648,8;6;16;2;;;1;1;1;;;1;2
2;2;9;22;22130;;1;1;N-240;285,366;6;2;1;2;;1;1;1;;;1;1
2;5;20;22;22130;;3;2;No inventariada;;9;2;2;;;3;3;4;;;5;998
2;2;10;22;22130;;3;2;No inventariada;;9;7;1;2;;1;1;1;;;1;998
3;4;8;22;22130;;3;2;No inventariada;;9;16;1;1;;8;1;2;;;1;998
6;5;20;22;22130;;1;1;A-23;418,291;3;10;2;;;8;1;1;;;18;1
3;5;19;22;22130;;3;2;No inventariada;;9;7;2;;;1;3;1;;;1;998
5;6;18;22;22130;;3;2;No inventariada;;9;4;2;;;1;3;1;;;1;998