MES;DIA_SEMANA;HORA;COD_PROVINCIA;COD_MUNICIPIO;ISLA;ZONA;ZONA_AGRUPADA;CARRETERA;KM;TIPO_VIA;TIPO_ACCIDENTE;NUDO;NUDO_INFO;CARRETERA_CRUCE;CONDICION_FIRME;CONDICION_ILUMINACION;CONDICION_METEO;CONDICION_NIEBLA;CONDICION_VIENTO;VISIB_RESTRINGIDA_POR;TRAZADO_PLANTA
6;1;13;22;22130;;3;2;No inventariada;;9;7;2;;;1;1;1;;;1;998
6;7;12;22;22130;;3;2;No inventariada;;9;8;2;;;1;1;1;;;1;998
7;3;19;22;22130;;1;1;N-240;285,344;6;2;1;2;N-240;1;1;1;;;1;1
7;5;13;22;22130;;1;1;N-330a;645,8;6;4;1;4;;1;1;1;;;1;1
7;2;13;22;22130;;1;1;N-330a;643,95;6;14;2;;;1;1;1;;;1;1
8;1;15;22;22130;;1;1;N-240;286,35;6;5;2;;;1;1;1;;;1;1
8;1;16;22;22130;;2;2;N-330a;648,35;6;2;2;;;1;1;1;;;1;1
9;6;18;22;22130;;1;1;A-1205;1,351;6;2;2;;;1;1;1;;;1;2
8;2;14;22;22130;;3;2;No inventariada;;9;7;2;;;1;1;1;;;1;998
8;3;10;22;22130;;3;2;No inventariada;;9;10;1;4;N-330a;7;1;1;;;1;998
9;7;17;22;22130;;3;2;No inventariada;;9;4;1;4;N-330a;1;1;1;;;1;998
9;3;17;22;22130;;3;2;No inventariada;;9;10;1;2;;1;1;1;;;1;998
9;7;9;22;22130;;3;2;No inventariada;;9;1;2;;;1;1;1;;;1;998
10;1;16;22;22130;;1;1;CAMINO;0;10;7;2;;;3;1;2;;;18;4
10;6;10;22;22130;;2;2;N-240;284;6;7;1;5;;1;1;1;;;1;1
10;5;18;22;22130;;2;2;N-330a;648,5;6;4;1;2;;1;1;2;;;1;1
10;3;12;22;22130;;2;2;N-330a;648,5;6;7;1;1;;3;1;4;;;5;1
10;1;11;22;22130;;2;2;N-330a;649;6;3;1;4;;1;1;1;;;1;1
10;6;20;22;22130;;2;2;N-330a;648,9;6;7;1;2;;3;3;4;;;5;1
11;6;9;22;22130;;3;2;No inventariada;;9;2;1;4;N-330b;1;1;1;;;6;998
12;2;23;22;22130;;1;1;N-330;646,5;6;18;2;;;1;6;1;;;1;2
11;2;7;22;0;;1;1;A-2605;35,128;6;8;2;;;1;2;1;;;8;1
8;1;14;22;0;;1;1;A-1213;30,5;6;16;2;;;1;1;1;;;1;1
5;7;10;22;0;;1;1;No inventariada;2,5;14;10;2;;;9;1;7;;;1;1
2;1;20;22;0;;1;1;A-129;50,4;6;18;2;;;1;6;1;;;1;2
4;7;17;22;0;;1;1;N-240;202,714;6;10;2;;;1;1;1;;;1;1
9;5;11;22;0;;1;1;A-131;96,21;6;12;2;;;1;1;2;;;1;1
10;4;6;22;0;;1;1;A-1213;3,481;6;1;2;;;1;6;1;;;10;1
12;3;21;22;0;;1;1;A-1217;0,025;6;12;2;;;1;6;1;;;1;3
2;7;17;22;0;;1;1;N-230;145,4;6;18;2;;;1;1;2;;;1;2
5;5;12;22;0;;1;1;N-260;359,495;6;16;2;;;1;1;1;;;1;2
1;7;11;22;22158;;3;2;No inventariada;;9;7;1;1;;1;1;1;;;1;998
2;3;0;22;22158;;1;1;A-1234;49;6;19;2;;;1;6;1;;;1;1
2;5;19;22;22158;;3;2;No inventariada;;9;2;1;4;;3;4;3;;;1;998
2;2;8;22;22158;;3;2;No inventariada;;9;7;1;3;;1;1;1;;;6;998
2;2;11;22;22158;;3;2;No inventariada;;9;2;1;2;;1;1;1;;;1;998
2;4;12;22;22158;;3;2;No inventariada;;9;2;2;;;1;1;1;;;1;998
4;1;19;22;22158;;3;2;No inventariada;;9;4;1;1;;1;1;1;;;1;998
4;6;11;22;22158;;3;2;No inventariada;;9;7;2;;;1;1;1;;;1;998
4;3;15;22;22158;;3;2;No inventariada;;9;4;2;;;1;1;1;;;1;998
5;6;9;22;22158;;1;1;A-130;1,4;6;18;2;;;1;1;1;;;1;1
5;4;18;22;22158;;3;2;No inventariada;;9;2;2;;;1;1;1;;;4;998
5;1;6;22;22158;;3;2;No inventariada;;9;6;2;;;1;3;1;;;1;998
8;3;13;22;0;;1;1;A-1223;9,05;6;2;1;1;;1;1;1;;;4;1
5;5;9;22;22158;;3;2;No inventariada;;9;7;1;1;;1;1;1;;;1;998
6;2;7;22;22158;;3;2;No inventariada;;9;3;2;;;1;1;2;;;1;998
6;5;9;22;22158;;3;2;No inventariada;;9;7;2;;;1;1;1;;;1;998
7;2;14;22;22158;;3;2;No inventariada;;9;2;1;1;;1;1;1;;;2;998
8;5;10;22;22158;;3;2;No inventariada;;9;7;1;2;;1;1;1;;;9;998
10;3;15;22;22158;;1;1;No inventariada;0,2;10;1;2;;;3;1;3;;;4;2
10;6;16;22;22158;;1;1;A-22;42,9;3;16;2;;;3;1;2;;;1;1
10;3;12;22;22158;;3;2;No inventariada;;9;2;1;4;;1;1;2;;;1;998
10;4;20;22;22158;;3;2;No inventariada;;9;2;1;4;;1;4;1;;;12;998
11;7;20;22;22158;;1;1;N-240;145,5;6;4;2;;;1;6;1;1;;1;1
12;1;13;22;22158;;1;1;A-1234;47,15;6;18;2;;;1;1;2;;;1;1
12;6;8;22;22158;;3;2;No inventariada;;9;12;1;1;;1;1;2;;;1;998
6;7;17;22;0;;1;1;HF22;1,965;6;13;2;;;1;1;1;;;1;2
6;7;12;22;0;;1;1;N-330;582,8;6;6;2;;;1;1;1;;;1;2
7;7;13;22;0;;1;1;N-330a;587,95;6;6;2;;;2;1;1;;1;1;3
8;2;13;22;0;;3;2;No inventariada;;9;4;2;;;1;1;1;;;1;998
9;7;7;22;0;;1;1;A-23;374,526;3;17;1;10;HU-V-3241;1;2;1;;;1;1
9;6;17;22;0;;1;1;A-23;377,609;3;12;2;;;3;1;2;;;18;1
12;6;17;22;0;;1;1;A-23;371,9;3;15;2;;;1;1;2;1;;5;1
10;6;8;22;0;;1;1;A-2606;10,163;6;6;2;;;3;2;1;;;1;1
5;5;13;22;0;;1;1;AP-2;79,5;2;20;2;;;1;1;1;;;1;1
6;7;11;22;0;;3;2;No inventariada;;9;1;1;2;;1;1;1;;;1;998
7;5;17;22;0;;1;1;N-2;400;6;2;1;2;;1;1;1;;;1;1
7;4;13;22;0;;1;1;AP-2;75;2;20;2;;;1;1;1;;;1;1
4;2;13;22;0;;1;1;HU-310;2,2;6;10;2;;;2;1;1;;;1;1
11;7;13;22;0;;1;1;A-1205;37,675;6;19;2;;;1;1;1;;;1;2
9;5;10;22;0;;2;2;A-1223;21,58;6;2;1;2;A-1217;1;1;1;;;1;1
8;4;2;22;0;;1;1;N-240;170,2;6;16;2;;;1;6;1;;;1;1
11;7;5;22;0;;1;1;N-240;171,3;6;15;2;;;3;6;3;;;1;1
11;6;17;22;0;;1;1;A-1232;8,2;6;4;2;;;1;6;1;;;1;1
11;4;13;22;0;;1;1;A-1232;7,5;6;15;2;;;1;1;1;;;1;3
2;1;10;22;0;;1;1;N-123a;22,3;6;14;2;;;1;1;1;;;1;1
6;3;18;22;0;;1;1;A-2211;12,2;6;16;2;;;1;1;1;;;6;3
6;4;18;22;0;;1;1;N-123a;22,2;6;2;2;;;3;1;4;;;4;2
10;1;11;22;0;;1;1;CAMINO;0,6;10;20;2;;;2;1;2;;;1;1
10;4;20;22;0;;1;1;N-230;94,8;6;6;2;;;3;6;4;;;5;2
6;2;17;22;0;;1;1;A-138;53;6;16;2;;;1;1;1;;;1;3
12;7;21;22;0;;1;1;N-240;205,5;6;18;2;;;3;6;1;2;;5;2
8;1;15;22;0;;1;1;A-1214;5;6;14;2;;;1;1;1;;;1;1
8;5;13;22;0;;1;1;A-1214;7,319;6;4;2;;;1;1;1;;;1;1
1;7;0;22;22199;;1;1;N-330;622,4;6;1;2;;;1;6;1;;;1;2
1;3;7;22;22199;;1;1;N-330;621,508;6;18;2;;;1;6;1;;;1;1
2;5;20;22;22199;;1;1;A-23;393,4;3;4;2;;;3;6;1;;;1;1
4;1;10;22;22199;;1;1;N-330;621,808;6;18;2;;;1;1;2;;;1;1
4;5;12;22;22199;;1;1;A-23;413,6;3;14;2;;;1;1;1;;;1;2
5;4;19;22;22199;;3;2;No inventariada;;9;7;2;;;1;1;1;;;9;998
5;3;19;22;22199;;3;2;No inventariada;;9;7;1;4;;1;1;1;;;1;998
5;1;19;22;22199;;3;2;No inventariada;;9;7;1;2;;1;1;1;;;1;998
6;2;15;22;22199;;1;1;SC-22199-0;3,2;6;10;1;2;;2;1;1;;;1;3
6;3;13;22;22199;;1;1;A-1604;16,1;6;1;2;;;1;1;1;;;1;3
4;6;10;22;22199;;3;2;No inventariada;;9;6;2;;;1;1;1;;;1;998
7;3;16;22;22199;;3;2;No inventariada;;9;3;2;;;1;1;1;;;1;998
7;1;15;22;22199;;1;1;N-330;623,35;6;16;1;4;;1;1;1;;;1;1
8;3;1;22;22199;;1;1;SC-22199-0;0,6;6;18;2;;;3;6;1;;;1;3
8;6;12;22;22199;;1;1;N-330;635,1;6;10;2;;;1;1;1;;;1;1
7;5;17;22;22199;;3;2;No inventariada;;9;16;2;;;1;1;1;;;1;998
8;6;10;22;22199;;1;1;A-23;391;3;15;2;;;3;1;4;;;18;2
11;5;16;22;22199;;1;1;A-1604;23,7;6;10;2;;;2;1;1;;;4;3
10;5;22;22;22199;;3;2;No inventariada;;9;7;2;;;1;4;1;;;1;998
11;1;14;22;0;;3;2;No inventariada;;9;2;2;;;1;1;1;;;1;998
12;1;11;22;22199;;3;2;No inventariada;;9;4;2;;;3;1;3;;;1;998
10;2;11;22;0;;1;1;A-139;54,175;6;18;2;;;1;1;1;;;1;2
1;7;4;22;0;;1;1;A-136;19,4;6;2;2;;;6;6;6;;;5;1
3;6;15;22;0;;1;1;A-136;16,841;6;1;2;;;6;1;6;;;5;1
3;7;17;22;0;;1;1;A-136;25,1;6;10;2;;;6;1;6;;;17;3
8;3;20;22;0;;1;1;A-136;20,435;6;19;2;;;1;1;2;;;1;2
3;1;17;22;0;;1;1;CV MASCARO;0;10;18;2;;;3;2;1;;;1;3
4;2;16;22;0;;1;1;A-140;20,85;6;2;1;1;;1;1;1;;;1;1
4;3;10;22;0;;1;1;A-133;4,33;6;18;2;;;1;1;1;;;1;1
7;5;20;22;0;;1;1;A-2216;1,8;6;15;2;;;1;1;1;;;1;1
8;1;4;22;0;;1;1;A-140;22,2;6;12;2;;;1;6;1;;;1;1
1;4;9;22;0;;1;1;A-1212;12,4;6;18;2;;;5;1;2;2;;5;2
5;4;14;22;22130;;1;1;A-1603;17,7;6;1;2;;;1;1;1;;;12;3
6;7;13;22;0;;1;1;A-1603;10,046;6;10;2;;;1;1;7;;;1;1
1;2;13;22;0;;1;1;A-131;53,55;6;7;2;;;1;1;1;;;1;1
1;6;19;22;0;;1;1;A-230;67;6;8;2;;;1;6;1;;;1;1
5;3;19;22;0;;1;1;A-131;54,7;6;2;1;2;;1;1;1;;;1;1
8;5;3;22;0;;1;1;CAMINO;2,2;10;18;2;;;2;6;1;;;1;3
8;4;12;22;0;;1;1;A-131;57,039;6;3;2;;;1;1;1;;;1;1
9;3;21;22;0;;1;1;CHE-1407a;4,898;6;14;2;;;1;6;1;;;1;2
12;3;19;22;0;;1;1;A-129;67,8;6;15;1;2;A-131;1;6;7;;;4;1
1;3;13;22;0;;1;1;A-22;93,5;3;3;2;;;1;1;1;;;1;1
2;1;7;22;0;;1;1;A-1218;0,674;6;4;1;4;A-22;1;2;1;;;1;2
7;3;12;22;0;;1;1;A-1218;0;6;3;1;4;;1;1;1;;;1;1
10;5;18;22;0;;1;1;N-240;199;6;1;2;;;3;6;4;;;5;2
11;4;16;22;0;;1;1;N-240;196,1;6;2;2;;;3;1;3;;;1;1
12;2;13;22;0;;1;1;A-22;88,12;3;3;2;;;1;1;1;;;1;1
3;7;11;22;0;;1;1;N-230;111,53;6;18;2;;;1;1;1;;;1;2
7;1;14;22;0;;1;1;N-230;113,3;6;17;2;;;1;1;1;;;4;2
1;4;6;22;0;;1;1;A-1241;2,1;6;3;2;;;1;6;2;2;;5;1
1;7;10;22;0;;1;1;CAMINO;2;10;18;2;;;2;1;1;;;18;3
5;3;8;22;0;;2;2;A-140;13,678;6;2;1;2;;1;1;1;;;1;1
5;5;8;22;0;;1;1;A-140;16,5;6;4;1;2;A-140;1;1;1;;;1;1
5;1;10;22;0;;2;2;A-140;13,6;6;2;1;1;;1;1;2;;;1;1
7;5;19;22;0;;3;2;No inventariada;;9;2;1;1;;1;1;1;;;1;998
7;6;15;22;0;;1;1;A-22;23,45;3;16;2;;;1;1;1;;;1;1
8;1;7;22;0;;1;1;N-240;127,35;6;2;1;2;;1;1;1;;;6;1
9;2;7;22;0;;1;1;A-1241;6,5;6;19;2;;;3;2;4;;;18;1
11;5;13;22;0;;1;1;A-140;13,8;6;2;1;2;;1;1;1;;;1;1
12;7;18;22;0;;1;1;A-22;28,9;3;4;2;;;1;6;1;;;1;1
12;7;18;22;0;;1;1;A-22;28,9;3;12;2;;;1;6;1;;;1;1
10;6;0;22;0;;1;1;A-2609;0,043;6;7;1;2;A-138;1;4;1;;;8;1
8;5;9;22;0;;1;1;N-230;74,45;6;19;2;;;1;1;1;;;1;2
9;6;21;22;0;;1;1;A-135;3,267;6;18;2;;;1;6;1;;;1;1
7;7;18;22;0;;1;1;A-1605;41,1;6;19;2;;;2;6;1;;;6;2
4;1;11;22;0;;1;1;N-230;79,4;6;12;2;;;1;1;1;;;1;1
1;5;5;22;0;;1;1;N-330;660,3;6;9;2;;;3;6;3;;;1;3
8;2;18;22;0;;1;1;N-330;656,665;6;15;2;;;1;1;1;;;1;1
8;4;12;22;0;;1;1;N-330;656,63;6;4;1;2;;1;1;2;;;1;1
6;2;0;22;0;;1;1;A-131;34,8;6;19;2;;;1;6;1;;;18;3
9;2;11;22;0;;1;1;CV VALDERR;7;10;15;2;;;2;1;3;;;1;3
11;6;15;22;0;;1;1;CAMINO;0;10;10;2;;;2;1;1;;;1;1
6;3;13;22;0;;1;1;N-260a;498,2;6;10;2;;;1;1;1;;;1;3
7;1;10;22;0;;1;1;N-260a;491,7;6;6;2;;;1;1;1;;;1;1
3;5;15;22;0;;1;1;A-1234;14,5;6;15;2;;;1;1;1;;;1;1
4;7;11;22;22112;;1;1;CAMINO VAL;4,8;10;19;2;;;1;1;1;;;1;3
4;6;7;22;0;;1;1;A-1241;20,7;6;17;2;;;1;1;1;;;1;3
5;5;19;22;0;;3;2;No inventariada;;9;1;2;;;1;1;1;;;4;998
7;1;13;22;0;;1;1;A-1234;13,021;6;4;2;;;1;1;1;;;1;1
9;2;20;22;0;;1;1;A-1234;6,6;6;4;2;;;1;1;1;;;1;1
12;1;14;22;0;;1;1;A-1234;8,5;6;19;2;;;1;1;1;;;1;3
12;7;13;22;0;;1;1;CARRETERA;5;14;14;2;;;2;1;1;;;1;3
7;6;12;22;0;;1;1;A-176;27,725;6;3;2;;;1;1;1;;;4;2
8;7;11;22;0;;1;1;A-176;9,634;6;4;2;;;1;1;1;;;18;3
3;1;12;22;0;;1;1;A-21;86,2;3;12;2;;;3;1;2;;;1;2
5;7;18;22;0;;1;1;A-21;85,574;3;13;2;;;1;1;1;;;1;2
5;4;16;22;0;;1;1;N-240;307,2;6;19;2;;;1;1;1;;1;1;2
2;3;3;22;0;;1;1;A-129;85,9;6;18;2;;;3;6;2;2;;5;2
12;7;11;22;0;;1;1;A-129;89,9;6;15;2;;;1;1;1;;;4;2
3;1;9;22;0;;1;1;A-1207;2,2;6;2;1;1;CAMINO;1;1;1;;;1;1
7;2;12;22;0;;1;1;A-132;20,7;6;14;2;;;1;1;1;;;1;1
4;6;16;22;0;;1;1;A-138;90,15;6;16;2;;;1;1;1;;;1;2
5;5;12;22;0;;1;1;N-260;436,4;6;4;2;;;1;1;1;;;9;1
5;2;16;22;0;;1;1;N-260;428,15;6;14;2;;;1;1;1;;;1;1
7;3;23;22;0;;1;1;HF-04;0,24;6;6;2;;;1;6;1;;;12;1
8;4;8;22;0;;1;1;A-2205;11;6;18;2;;;1;1;1;;;1;3
10;1;10;22;0;;2;2;A-138;47;6;13;2;;;1;1;1;;;1;1
11;7;15;22;0;;1;1;N-260;432,9;6;19;2;;;1;1;1;;;18;1
11;6;14;22;0;;1;1;C.V. AINSA;11;10;9;2;;;1;1;1;;;1;3
1;5;13;23;23002;;3;2;No inventariada;;9;2;1;1;;3;1;2;;;1;998
2;2;20;23;23002;;3;2;No inventariada;;9;2;1;1;;1;4;1;;;1;998
3;4;21;23;23002;;3;2;No inventariada;;9;2;2;;;3;6;3;;;1;998
3;4;14;23;23002;;3;2;No inventariada;;9;4;2;;;1;1;2;;;1;998
3;1;10;23;23002;;3;2;No inventariada;;9;7;1;2;;1;1;1;;;1;998
3;2;19;23;23002;;3;2;No inventariada;;9;10;1;4;;1;4;2;;;9;998
3;6;12;23;23002;;3;2;No inventariada;;9;10;2;;;3;1;4;;;5;998
4;7;12;23;23002;;1;1;JA-4303;0;6;2;1;1;;1;1;1;;;1;3
4;3;14;23;23002;;1;1;N-432;397,05;6;3;2;;;1;1;1;;;1;2
4;2;19;23;23002;;3;2;No inventariada;;9;2;2;;;1;1;1;;;1;998
5;6;3;23;23002;;1;1;No inventariada;1,7;10;15;2;;;2;6;1;;;1;1
5;5;17;23;23002;;3;2;No inventariada;;9;20;1;2;;1;1;1;;;2;998
6;5;19;23;23002;;3;2;No inventariada;;9;7;1;2;;1;2;1;;;6;998
6;6;2;23;23002;;1;1;N-432;390,693;6;16;1;4;A-403;1;6;1;;;4;2
6;6;20;23;23002;;3;2;No inventariada;;9;7;1;2;;1;1;1;;;1;998
6;7;6;23;23002;;1;1;N-432;388,5;6;1;2;;;1;3;1;;;1;3
7;1;16;23;23002;;3;2;No inventariada;;9;10;1;2;;1;1;1;;;18;998
7;2;9;23;23002;;3;2;No inventariada;;9;7;2;;;1;1;1;;;18;998
7;5;20;23;23002;;3;2;No inventariada;;9;7;1;2;;1;1;1;;;1;998
7;2;9;23;23002;;3;2;No inventariada;;9;7;1;2;;1;1;1;;;1;998
7;4;14;23;23002;;3;2;No inventariada;;9;2;1;2;;1;1;1;;;1;998
8;5;10;23;23002;;3;2;No inventariada;;9;7;2;;;1;1;1;;;6;998
8;6;5;23;23002;;1;1;N-432;391;6;20;2;;;1;6;1;;;1;3
9;6;8;23;23002;;1;1;N-432;398,8;5;14;2;;;1;1;1;;;1;2
10;2;17;23;23002;;1;1;A-403R1;1,063;6;4;1;4;A-403R1;1;1;1;;;1;2
10;5;20;23;23002;;3;2;No inventariada;;9;7;1;1;;3;4;2;;;1;998
11;6;12;23;23002;;3;2;No inventariada;;9;7;1;1;;1;1;1;;;1;998
11;5;11;23;23002;;1;1;N-432;398,1;6;3;2;;;1;1;1;;;1;1
11;4;12;23;23002;;1;1;JA-4303;3;6;18;2;;;2;1;1;;;1;1
11;6;10;23;23002;;1;1;CARRASCA;0,7;10;3;2;;;1;1;1;;;1;3
12;5;11;23;23002;;3;2;No inventariada;;9;;;;;999;999;999;;;999;998
12;4;22;23;23002;;1;1;JV-2238;7,287;6;19;2;;;3;4;2;;;1;2
12;2;14;23;23002;;1;1;JA-4305;5,5;6;12;2;;;1;1;1;;;1;3
1;2;19;23;23003;;3;2;No inventariada;;9;2;1;2;;1;4;1;;;1;998
3;2;17;23;23003;;1;1;JA-4309;0,35;6;12;2;;;1;1;2;;;1;1
4;2;15;23;23003;;1;1;JA-4308;2;6;15;2;;;1;1;1;;;4;3
4;1;17;23;23003;;1;1;JA-4309;3;6;18;2;;;1;1;1;;;1;3
7;5;11;23;23003;;3;2;No inventariada;;9;7;1;1;;1;1;1;;;1;998
7;4;16;23;23003;;3;2;No inventariada;;9;1;1;2;;1;1;1;;;9;998
7;4;14;23;23003;;3;2;No inventariada;;9;3;1;1;;1;1;1;;;1;998
9;5;4;23;23003;;1;1;N-432;360,95;6;1;2;;;1;6;1;;;1;1
9;5;8;23;23003;;1;1;N-432;356,25;5;20;1;10;;1;2;1;;;1;1
11;5;13;23;23003;;3;2;No inventariada;;9;2;1;4;;1;1;1;;;1;998
1;5;20;23;23005;;3;2;No inventariada;;9;2;2;;;1;3;1;;;1;998
1;1;9;23;23005;;1;1;JV-5011;6,5;6;3;2;;;1;1;1;;;1;3
1;4;20;23;23005;;3;2;No inventariada;;9;7;2;;;3;3;3;;;1;998
1;2;17;23;23005;;3;2;No inventariada;;9;7;2;;;1;1;1;;;1;998
2;7;18;23;23005;;1;1;A-4;322,3;3;12;2;;;1;1;1;;;1;1
2;2;14;23;23005;;3;2;No inventariada;;9;2;2;;;1;1;1;;;1;998
3;5;14;23;23005;;1;1;JA-2321;3,5;6;2;1;2;;1;1;1;;;1;1
3;5;13;23;23005;;3;2;No inventariada;;9;7;2;;;1;1;1;;;1;998
2;4;21;23;23005;;3;2;No inventariada;;9;2;2;;;1;4;1;;;1;998
3;4;14;23;23005;;3;2;No inventariada;;9;2;2;;;1;1;1;;;1;998
3;4;15;23;23005;;3;2;No inventariada;;9;7;2;;;2;1;3;;;5;998
3;3;14;23;23005;;3;2;No inventariada;;9;2;2;;;1;1;1;;;1;998
3;3;14;23;23005;;3;2;No inventariada;;9;4;2;;;1;1;1;;;1;998
3;2;21;23;23005;;3;2;No inventariada;;9;10;2;;;1;3;1;;;1;998
3;5;12;23;23005;;3;2;No inventariada;;9;2;1;2;;3;1;3;;;5;998
4;7;22;23;23005;;3;2;No inventariada;;9;6;2;;;1;4;1;;;1;998
4;4;6;23;23005;;1;1;A-4;323,65;3;18;2;;;1;6;1;;;1;1
4;3;13;23;23005;;3;2;No inventariada;;9;7;1;2;;1;1;1;;;1;998
4;5;9;23;23005;;3;2;No inventariada;;9;7;2;;;1;1;1;;;1;998
5;5;16;23;23005;;1;1;A-4;320,8;3;14;1;2;A-4;1;1;1;;;4;2
5;6;21;23;23005;;3;2;No inventariada;;14;10;2;;;1;4;1;;;1;998
5;5;14;23;23005;;3;2;No inventariada;;9;4;2;;;1;1;1;;;1;998
6;7;9;23;23005;;1;1;A-4;317,95;3;16;2;;;1;1;1;;;1;2
5;3;12;23;23005;;3;2;No inventariada;;9;3;1;4;;1;1;1;;;1;998
6;6;5;23;23005;;1;1;A-6177;9;6;14;2;;;1;6;2;;;1;2
6;6;13;23;23005;;1;1;A-6177;15,8;6;18;2;;;1;1;1;;;4;2
6;5;20;23;23005;;3;2;No inventariada;;9;7;2;;;1;1;1;;;1;998
6;3;12;23;23005;;3;2;No inventariada;;9;7;2;;;1;1;1;;;1;998
6;4;14;23;23005;;3;2;No inventariada;;9;4;2;;;1;1;1;;;1;998
7;3;8;23;23005;;3;2;No inventariada;;9;10;1;4;;1;1;1;;;1;998
7;6;7;23;23005;;1;1;A-4;319,4;3;20;2;;;1;1;1;;;1;1
6;2;21;23;23005;;3;2;No inventariada;;9;3;1;2;A-4;1;1;1;;;1;998
7;1;19;23;23005;;3;2;No inventariada;;9;7;2;;;1;1;1;;;1;998
7;2;6;23;23005;;1;1;A-305;2;6;14;2;;;1;2;1;;;1;1
7;3;18;23;23005;;1;1;A-4;325;3;16;2;;;1;1;1;;;1;1
7;6;19;23;23005;;3;2;No inventariada;;9;7;2;;;1;1;1;;;1;998
7;1;9;23;23005;;3;2;No inventariada;;9;2;1;2;;1;1;1;;;1;998
7;3;19;23;23005;;3;2;No inventariada;;9;7;2;;;1;2;1;;;1;998
8;5;15;23;23005;;1;1;A-4;328;3;4;2;;;1;1;1;;;1;1
8;4;9;23;23005;;3;2;No inventariada;;9;10;2;;;3;1;1;;;1;998
7;5;10;23;23005;;3;2;No inventariada;;9;2;1;4;;1;1;1;;;1;998
8;4;12;23;23005;;1;1;JV-5011;7;10;19;2;;;2;1;1;;;4;2
8;6;14;23;23005;;3;2;No inventariada;;9;7;2;;;1;1;1;;;18;998
8;2;19;23;23005;;3;2;No inventariada;;9;4;2;;;1;1;1;;;1;998
9;1;21;23;23005;;1;1;A-4;323,667;3;16;2;;;1;6;1;;;1;1
9;3;19;23;23005;;3;2;No inventariada;;9;7;1;1;;1;1;1;;;6;998
9;2;14;23;23005;;3;2;No inventariada;;9;2;2;;;1;1;1;;;1;998
9;2;12;23;23005;;3;2;No inventariada;;9;2;1;2;;1;1;1;;;1;998
9;5;9;23;23005;;3;2;No inventariada;;14;16;2;;;1;1;1;;;6;998
9;6;10;23;23005;;1;1;A-6177;6,749;6;1;2;;;1;1;1;;;4;2
9;6;20;23;23005;;1;1;A-4;321;3;4;1;2;A-6177;1;6;1;;;1;1
9;2;11;23;23005;;3;2;No inventariada;;9;7;2;;;1;1;1;;;18;998
10;2;12;23;23005;;3;2;No inventariada;;9;7;1;2;;1;1;1;;;1;998
11;6;23;23;23005;;1;1;A-6177;25,981;6;19;2;;;1;6;1;;;4;3
10;3;16;23;23005;;3;2;No inventariada;;9;12;2;;;1;1;1;;;1;998
11;7;12;23;23005;;3;2;No inventariada;;9;10;2;;;8;1;1;;;1;998
11;5;12;23;23005;;3;2;No inventariada;;9;4;1;1;;1;1;1;;;1;998
11;4;16;23;23005;;3;2;No inventariada;;9;6;1;2;;1;1;1;;;1;998
11;5;11;23;23005;;3;2;No inventariada;;9;4;1;4;;1;1;1;;;1;998
11;4;12;23;23005;;1;1;A-4;312,458;3;19;2;;;1;1;1;;;1;1
11;6;22;23;23005;;1;1;A-6177;21,5;6;12;2;;;1;6;1;;;1;1
12;2;13;23;23005;;3;2;No inventariada;;9;8;2;;;1;1;1;;;1;998
1;4;12;23;23006;;1;1;A-6176;2,1;6;14;2;;;3;1;3;1;;1;3
1;4;21;23;23006;;1;1;A-305;9,2;6;20;2;;;3;6;3;;;5;2
4;1;8;23;23006;;3;2;No inventariada;;9;2;1;1;;1;1;1;;;1;998
6;5;19;23;23006;;3;2;No inventariada;;9;7;2;;;1;1;1;;;6;998
7;3;19;23;23006;;1;1;A-305;10,1;6;5;1;4;;1;1;1;;;1;1
7;4;20;23;23006;;1;1;CABEZALOBO;0,5;10;1;2;;;1;1;1;;;1;3
8;5;22;23;23006;;1;1;A-6176;0,9;6;18;2;;;1;6;1;;;1;3
11;7;16;23;23006;;1;1;No inventariada;1;10;18;2;;;2;1;2;;;1;1
4;7;17;23;0;;1;1;A-301;16,85;6;18;2;;;1;1;1;;;1;2
8;2;14;23;0;;1;1;A-312;26,2;6;18;2;;;1;1;1;;;1;3
5;1;7;23;23009;;1;1;LA LAGUNA;0,5;10;12;2;;;1;1;2;;;1;1
1;1;12;23;23009;;3;2;No inventariada;;9;7;1;2;;1;1;1;;;1;998
5;1;14;23;23009;;1;1;JA-4108;1;6;2;1;2;;1;1;1;;;1;1
7;1;21;23;23009;;1;1;N-322;141,9;6;3;2;;;1;6;1;;;1;1
7;2;0;23;23092;;1;1;A-32;31,5;3;14;1;4;;1;6;1;;;1;1
7;3;4;23;23009;;1;1;JA-4109;2,5;6;16;2;;;1;6;1;;;1;2
8;4;12;23;23009;;1;1;N-322;140,35;6;5;2;;;1;1;1;;;1;1
9;7;5;23;23009;;1;1;A-316;10;3;12;2;;;1;6;1;;;1;2
10;1;19;23;23009;;1;1;JA-4109;0,4;6;4;2;;;1;6;1;;;1;1
12;5;5;23;23009;;1;1;A-32;26,975;3;12;2;;;1;6;1;;;1;1
1;4;15;23;23010;;1;1;A-44;3,9;3;14;2;;;1;1;1;;;1;1
3;4;16;23;23010;;1;1;A-44;0;3;16;2;;;3;1;4;;;1;2
3;7;12;23;23010;;1;1;A-44;4;3;4;2;;;4;1;4;;;5;1
5;6;9;23;0;;1;1;A-44;13,7;3;2;1;10;A-302;1;1;1;;;6;1
5;6;17;23;23010;;1;1;A-4;288,6;3;6;2;;;1;1;1;;;1;1
6;7;11;23;23010;;1;1;A-4;289;3;14;2;;;1;1;1;;;1;1
7;5;22;23;23010;;1;1;N-323a;3,8;6;14;2;;;1;6;1;;;1;1
8;6;19;23;23010;;1;1;A-44;10,6;3;6;2;;;1;1;1;;;1;1
9;1;13;23;23010;;1;1;A-44;1,5;3;4;2;;;1;1;1;;;1;1
10;7;5;23;23010;;1;1;A-44;5;3;18;2;;;3;6;3;;;1;3
10;2;15;23;0;;1;1;A-6100;14,2;6;12;2;;;1;1;7;;;1;2
10;6;18;23;0;;1;1;JH-5044;5;6;2;2;;;3;1;3;;;1;3
7;7;15;23;0;;1;1;A-6301;1,75;6;16;2;;;1;1;1;;;1;3
9;2;8;23;0;;1;1;JV-7007;3,5;6;2;2;;;1;1;1;;;1;2
4;7;11;23;0;;1;1;JA-4107;1;6;15;2;;;1;1;1;;;1;2
4;2;10;23;0;;1;1;No inventariada;1,2;10;20;2;;;8;1;1;;;1;1
3;5;9;23;0;;3;2;No inventariada;;9;2;1;1;;1;1;1;;;1;998
4;5;20;23;0;;1;1;JA-4107;1,1;6;12;2;;;1;1;1;;;1;3
5;1;18;23;0;;3;2;No inventariada;;9;2;2;;;1;1;1;;;1;998
2;4;15;23;23044;;1;1;A-401;41,566;6;2;1;2;JA-4202;1;1;1;;;1;1