MES;DIA_SEMANA;HORA;COD_PROVINCIA;COD_MUNICIPIO;ISLA;ZONA;ZONA_AGRUPADA;CARRETERA;KM;TIPO_VIA;TIPO_ACCIDENTE;NUDO;NUDO_INFO;CARRETERA_CRUCE;CONDICION_FIRME;CONDICION_ILUMINACION;CONDICION_METEO;CONDICION_NIEBLA;CONDICION_VIENTO;VISIB_RESTRINGIDA_POR;TRAZADO_PLANTA
6;4;10;23;0;;1;1;A-401;41,968;5;3;1;1;;1;1;1;;;1;1
3;2;8;23;0;;1;1;A-310;10,7;6;2;2;;;1;1;1;;;1;1
10;6;15;23;0;;2;2;A-6303;8;6;7;2;;;1;1;1;;;1;1
3;7;14;23;0;;1;1;JA-4200;1,018;6;18;2;;;1;1;1;;;1;2
3;6;6;23;0;;1;1;A-324;5,2;6;18;2;;;1;6;1;;;1;2
10;7;19;23;0;;1;1;A-44;60,9;3;17;2;;;3;6;3;;;5;2
12;5;10;23;0;;1;1;A-44;58,05;3;19;2;;;1;1;1;;;1;2
3;4;0;23;0;;1;1;A-44;72,7;3;14;2;;;1;6;1;;;1;2
4;7;14;23;0;;1;1;A-44;72,46;3;18;2;;;1;1;1;;;1;2
4;1;18;23;0;;1;1;A-44;71,6;3;18;2;;;1;1;1;;;1;3
11;5;14;23;0;;1;1;A-44;73,5;3;4;2;;;1;1;1;;;1;1
2;5;15;23;0;;1;1;A-4;274,792;3;18;2;;;3;1;4;;;5;2
4;6;12;23;23024;;1;1;A-4;273,3;3;15;2;;;3;1;4;;;1;1
10;6;11;23;0;;1;1;A-4;275,8;3;14;2;;;3;1;3;;;1;2
10;6;8;23;23024;;1;1;A-4;273;3;15;2;;;1;1;1;;;1;1
11;7;13;23;0;;1;1;A-4;275;3;5;2;;;1;1;1;;;1;1
11;7;13;23;0;;1;1;A-4;277,2;3;4;2;;;1;1;1;;;1;1
4;5;21;23;23024;;1;1;A-4;269,3;3;4;2;;;1;6;1;;;1;1
5;1;22;23;23024;;1;1;A-4;274,05;3;4;2;;;1;6;1;;;1;1
6;7;2;23;23024;;1;1;A-4;270;3;4;2;;;1;6;1;;;1;1
6;6;20;23;0;;3;2;No inventariada;;9;10;2;;;1;1;1;;;1;998
7;7;12;23;0;;1;1;JA-3302;14,2;5;1;2;;;1;1;1;;;4;3
9;5;21;23;0;;1;1;JA-4314;0,9;6;16;2;;;1;6;1;;;1;1
9;1;9;23;0;;3;2;No inventariada;;9;2;1;2;;1;1;1;;;1;998
6;1;21;23;0;;1;1;JA-3413;6;6;19;2;;;1;6;1;;;1;1
2;7;16;23;23028;;1;1;A-315;16,8;6;2;2;;;3;1;3;;;1;2
2;7;5;23;23088;;1;1;JF-3145;1,2;6;14;2;;;1;6;2;;;1;3
3;5;10;23;23028;;1;1;A-319;11,85;6;2;1;2;A-322;1;1;2;;;1;1
3;1;12;23;23028;;1;1;A-315;14,5;6;16;2;;;3;1;3;;;1;2
4;5;22;23;23028;;3;2;No inventariada;;9;6;1;2;;1;3;1;;;1;998
4;7;9;23;23028;;3;2;No inventariada;;9;2;1;2;;1;1;1;;;4;998
4;7;2;23;23028;;1;1;JA-7105;2,4;6;18;1;2;;1;6;1;;;1;2
4;5;16;23;23028;;1;1;A-319;9,7;6;15;2;;;1;1;1;;;1;1
4;4;10;23;23028;;3;2;No inventariada;;9;2;1;2;;1;1;1;;;10;998
5;6;22;23;23028;;1;1;A-319;8,818;6;19;2;;;1;6;1;;;1;1
5;5;19;23;23028;;3;2;No inventariada;;9;7;1;2;;1;1;1;;;1;998
5;5;11;23;23028;;1;1;A-319;8;6;1;2;;;1;1;1;;;1;1
7;3;20;23;23028;;1;1;A-319;31,4;6;15;2;;;1;1;1;;;1;1
8;5;13;23;23028;;3;2;No inventariada;;9;7;1;2;;1;1;1;;;6;998
9;5;19;23;23028;;3;2;No inventariada;;9;10;1;2;;1;1;1;;;1;998
10;6;18;23;23028;;3;2;No inventariada;;9;1;2;;;1;1;1;;;1;998
11;5;11;23;23028;;1;1;A-319;29,9;6;2;2;;;1;1;1;;;4;3
12;2;11;23;23028;;1;1;JF-7092;6;14;8;2;;;2;1;1;;;1;1
11;5;21;23;23028;;1;1;A-322;43,3;6;2;2;;;1;6;1;;;1;1
12;6;12;23;23028;;1;1;JA-6108;0;6;1;1;2;A-315;1;1;1;;;1;2
4;4;16;23;0;;1;1;A-312;68;6;2;1;2;A-312;1;1;1;;;1;2
5;3;8;23;0;;1;1;A-312;75,55;6;2;2;;;1;1;1;;;1;1
8;5;14;23;0;;1;1;A-321;9;6;18;2;;;1;1;1;;;1;1
8;5;14;23;0;;1;1;JA-4302;9,1;6;2;1;2;;1;1;1;;;1;1
1;2;15;23;0;;1;1;JA-3305;6,645;6;4;2;;;1;1;1;;;1;1
2;1;11;23;0;;3;2;No inventariada;;9;7;1;2;;3;1;2;;;18;998
10;2;13;23;0;;3;2;No inventariada;;9;3;2;;;1;1;1;;;1;998
10;4;8;23;0;;1;1;A-311;14,5;6;18;2;;;1;1;1;;;1;3
4;1;20;23;0;;1;1;N-322;238,85;6;1;2;;;8;2;3;;;1;1
5;7;15;23;0;;3;2;No inventariada;;9;7;1;2;;1;1;1;;;1;998
7;7;5;23;23038;;1;1;N-323a;41,148;6;16;2;;;1;6;1;;;1;1
7;3;19;23;23038;;1;1;A-44;44,15;3;7;2;;;1;1;1;;;1;3
8;1;13;23;23038;;1;1;A-44;45,969;3;4;2;;;1;1;1;;;1;1
8;7;20;23;23038;;1;1;A-44;46,45;3;4;1;2;;1;1;1;;;1;1
9;3;1;23;23038;;1;1;JA-3202;1,2;6;17;2;;;1;6;1;;;1;2
9;5;10;23;23038;;1;1;A-44;44,6;3;4;2;;;1;1;1;;;1;1
9;2;13;23;23050;;1;1;JA-3200;3,5;5;2;1;2;AC-1;1;1;1;;;1;1
2;5;8;23;0;;1;1;A-4;302,1;3;18;2;;;3;1;3;;;1;1
5;5;10;23;0;;1;1;A-4;279;3;4;2;;;1;1;1;;;1;2
6;5;11;23;0;;1;1;A-4;279,6;3;4;2;;;1;1;1;;;1;1
7;7;14;23;0;;1;1;A-4;285,082;3;14;2;;;1;1;1;;;1;3
10;6;20;23;0;;3;2;No inventariada;;9;2;1;1;;3;4;3;;;2;998
11;3;12;23;0;;3;2;No inventariada;;9;7;2;;;1;1;1;;;1;998
12;3;16;23;0;;1;1;A-4;283,3;3;18;2;;;1;1;2;;;1;2
12;3;9;23;0;;1;1;A-6100;9,956;6;3;1;2;;1;1;1;;;6;1
1;7;9;23;0;;1;1;A-311;22,2;6;1;2;;;1;1;2;2;;5;1
12;2;13;23;0;;1;1;A-311;28,108;6;4;2;;;8;1;1;;;1;1
12;7;17;23;0;;3;2;No inventariada;;9;1;2;;;1;1;1;;;4;998
4;1;17;23;23044;;1;1;A-324;26,8;6;16;2;;;1;1;1;;;1;1
5;6;21;23;23044;;1;1;A-324;22;6;7;2;;;1;1;1;;;1;1
3;6;14;23;0;;1;1;A-315;51,35;6;3;2;;;1;1;1;;;1;2
9;1;18;23;0;;3;2;No inventariada;;9;2;2;;;1;1;1;;;1;998
3;6;5;23;0;;1;1;A-319;39,45;6;19;2;;;3;6;3;;;5;1
4;2;18;23;0;;1;1;A-319;18,1;6;18;2;;;1;1;1;;;1;2
7;7;11;23;0;;1;1;A-319;21,5;6;2;2;;;1;1;1;;;1;1
11;5;8;23;0;;1;1;A-319;23,5;6;18;2;;;1;1;1;;;1;2
1;7;3;23;0;;3;2;No inventariada;;9;16;1;2;;1;4;1;;;1;998
4;5;16;23;0;;1;1;A-44;13,5;3;9;2;;;1;1;1;;;1;1
5;3;4;23;0;;1;1;A-44;14;3;3;2;;;1;6;1;;;1;1
12;4;0;23;0;;1;1;JA-4101;1,5;6;17;2;;;1;6;1;;;1;3
12;6;19;23;0;;1;1;N-323A;12,2;6;2;1;2;A-44;1;6;1;;;1;1
1;4;15;23;23050;;3;2;No inventariada;;9;2;1;4;;3;1;1;;;1;998
1;3;7;23;23050;;3;2;No inventariada;;9;5;2;;;1;3;1;;;1;998
1;2;23;23;23050;;1;1;N-321A;60,5;6;19;2;;;3;6;3;;;17;2
1;6;0;23;23050;;3;2;No inventariada;;9;16;2;;;1;4;1;;;1;998
1;1;8;23;23050;;3;2;No inventariada;;9;2;1;2;;1;1;1;;;17;998
1;3;15;23;23050;;3;2;No inventariada;;9;6;2;;;1;1;2;;;1;998
1;4;9;23;23050;;1;1;No inventariada;1,2;14;10;2;;;8;2;1;;;6;3
1;5;9;23;23050;;3;2;No inventariada;;14;2;1;2;;1;1;1;;;1;998
1;2;14;23;23050;;3;2;No inventariada;;9;2;1;2;;1;1;1;;;2;998
2;4;19;23;23050;;3;2;No inventariada;;9;4;1;4;;1;4;1;;;1;998
1;7;23;23;23050;;3;2;No inventariada;;9;2;1;1;;1;4;1;;;1;998
1;1;13;23;23050;;3;2;No inventariada;;9;10;2;;;1;1;1;;;9;998
1;2;21;23;23050;;3;2;No inventariada;;9;4;2;;;3;4;1;;;1;998
1;3;0;23;23050;;3;2;No inventariada;;9;2;1;1;;1;4;1;;;1;998
2;7;21;23;23050;;3;2;No inventariada;;9;2;1;1;;1;4;1;;;18;998
2;7;0;23;23050;;1;1;JA-3210;2;6;1;2;;;1;6;1;;;1;2
1;7;2;23;23050;;3;2;No inventariada;;9;2;1;2;;1;4;1;;;1;998
2;1;20;23;23050;;1;1;A-316;54,5;3;3;2;;;1;6;1;;;1;1
2;5;8;23;23050;;3;2;No inventariada;;9;4;2;;;3;1;3;;;18;998
2;4;15;23;23050;;3;2;No inventariada;;9;4;2;;;1;1;2;;;18;998
2;6;8;23;23050;;1;1;A-316;50,8;8;12;1;2;A-316;3;1;2;;;1;2
1;3;9;23;23050;;3;2;No inventariada;;9;4;2;;;1;1;1;;;1;998
1;5;7;23;23050;;3;2;No inventariada;;9;7;2;;;1;3;1;;;1;998
1;5;21;23;23050;;3;2;No inventariada;;9;2;2;;;1;4;1;;;1;998
2;5;8;23;23050;;3;2;No inventariada;;9;2;2;;;1;1;1;;;1;998
2;3;15;23;23050;;3;2;No inventariada;;9;2;1;1;;1;1;1;;;17;998
2;4;10;23;23050;;3;2;No inventariada;;9;4;2;;;1;1;1;;;1;998
2;3;10;23;23050;;1;1;N-323a;29,3;6;6;2;;;1;1;1;;;1;1
2;4;7;23;23050;;3;2;No inventariada;;9;20;2;;;1;3;1;;;1;998
1;7;20;23;23050;;3;2;No inventariada;;9;3;1;2;;1;4;1;;;1;998
1;5;12;23;23050;;3;2;No inventariada;;9;6;2;;;1;1;1;;;1;998
2;3;18;23;23050;;3;2;No inventariada;;9;6;2;;;1;1;1;;;1;998
2;3;20;23;23050;;3;2;No inventariada;;9;2;1;2;;1;1;1;;;1;998
2;4;8;23;23050;;3;2;No inventariada;;9;12;2;;;8;1;1;;;1;998
2;6;14;23;23050;;3;2;No inventariada;;9;2;2;;;1;1;1;;;1;998
2;5;13;23;23050;;3;2;No inventariada;;9;7;2;;;9;1;3;;;18;998
2;6;9;23;23050;;3;2;No inventariada;;9;6;2;;;9;1;7;;;18;998
2;5;10;23;23050;;1;1;A-316;54;3;12;2;;;1;1;1;;;1;1
1;3;9;23;23050;;3;2;No inventariada;;9;16;2;;;1;1;1;;;6;998
2;4;13;23;23050;;3;2;No inventariada;;9;4;1;4;;1;1;1;;;1;998
1;7;12;23;23050;;3;2;No inventariada;;9;9;2;;;1;1;1;;;1;998
2;2;18;23;23050;;1;1;A-316;49,3;3;12;2;;;1;1;1;;;1;1
2;6;18;23;23050;;3;2;No inventariada;;9;2;2;;;3;1;3;;;18;998
2;5;13;23;23050;;3;2;No inventariada;;9;1;1;1;;1;1;1;;;18;998
2;4;8;23;23050;;3;2;No inventariada;;9;14;2;;;8;1;1;;;1;998
2;1;9;23;23050;;3;2;No inventariada;;9;9;2;;;3;1;2;;;1;998
3;6;20;23;23050;;3;2;No inventariada;;9;9;1;4;;3;4;4;;;1;998
2;2;13;23;23050;;3;2;No inventariada;;9;4;2;;;1;1;1;;;1;998
3;1;10;23;23050;;3;2;No inventariada;;9;3;2;;;1;1;1;;;1;998
2;4;11;23;23050;;3;2;No inventariada;;9;10;2;;;7;1;1;;;1;998
2;7;0;23;23050;;3;2;No inventariada;;9;4;2;;;1;4;1;;;1;998
2;5;15;23;23050;;3;2;No inventariada;;14;3;1;4;;1;1;1;;;1;998
2;5;14;23;23050;;3;2;No inventariada;;9;3;2;;;1;1;7;;;18;998
2;4;19;23;23050;;3;2;No inventariada;;9;4;2;;;1;1;7;;;18;998
2;7;21;23;23050;;3;2;No inventariada;;9;10;2;;;1;4;1;;;1;998
2;4;23;23;23050;;3;2;No inventariada;;9;16;2;;;3;4;3;;;1;998
2;7;12;23;23050;;3;2;No inventariada;;9;7;2;;;1;1;1;;;1;998
3;4;19;23;23050;;3;2;No inventariada;;9;2;1;1;;1;4;1;;;1;998
2;5;13;23;23050;;3;2;No inventariada;;9;4;2;;;1;1;1;;;1;998
2;2;14;23;23050;;3;2;No inventariada;;9;2;1;2;;1;1;1;;;18;998
3;6;22;23;23050;;3;2;No inventariada;;9;9;2;;;3;4;4;;;5;998
2;7;21;23;23050;;3;2;No inventariada;;9;2;1;2;;1;4;1;;;1;998
3;5;17;23;23050;;3;2;No inventariada;;9;4;1;4;;1;1;1;;;1;998
3;4;20;23;23050;;3;2;No inventariada;;9;4;2;;;1;4;1;;;1;998
3;5;7;23;23050;;3;2;No inventariada;;9;2;1;4;;1;1;1;;;1;998
3;3;11;23;23050;;3;2;No inventariada;;14;7;2;;;1;1;1;;;18;998
2;6;12;23;23050;;3;2;No inventariada;;9;20;2;;;3;1;1;;;1;998
3;1;10;23;23050;;3;2;No inventariada;;9;7;2;;;3;1;4;;;1;998
3;5;21;23;23050;;3;2;No inventariada;;9;7;1;4;;1;4;1;;;1;998
3;5;9;23;23050;;3;2;No inventariada;;9;4;2;;;1;1;1;;;1;998
2;5;16;23;23050;;3;2;No inventariada;;9;2;2;;;3;1;3;;;1;998
4;4;8;23;23050;;1;1;A-311;0,8;6;10;1;4;A-316;8;1;1;;;1;1
3;7;20;23;23050;;3;2;No inventariada;;9;1;2;;;1;4;7;;;18;998
3;5;20;23;23050;;3;2;No inventariada;;9;2;1;4;;1;4;1;;;1;998
4;1;9;23;23050;;1;1;N-323a;27,482;6;4;2;;;1;1;1;;;1;1
4;1;15;23;23050;;1;1;JA-3210;1,15;6;2;1;2;;1;1;1;;;4;2
2;4;14;23;23050;;3;2;No inventariada;;9;4;1;2;;1;1;1;;;1;998
3;1;8;23;23050;;3;2;No inventariada;;9;2;1;2;;1;1;1;;;1;998
3;7;11;23;23050;;3;2;No inventariada;;9;7;1;1;;3;1;3;;;1;998
4;5;15;23;23050;;3;2;No inventariada;;9;4;2;;;1;1;1;;;1;998
2;3;10;23;23050;;3;2;No inventariada;;9;6;2;;;1;1;1;;;1;998
3;7;22;23;23050;;3;2;No inventariada;;9;2;1;1;;1;4;1;;;18;998
4;3;21;23;23050;;3;2;No inventariada;;9;2;1;2;;1;3;1;;;1;998
4;4;19;23;23050;;3;2;No inventariada;;9;10;2;;;1;1;1;;;1;998
4;4;10;23;23050;;3;2;No inventariada;;9;4;1;2;;1;1;1;;;1;998
4;4;10;23;23050;;1;1;N-323a;21,62;6;2;1;2;JA-3100;1;1;1;;;1;1
4;5;16;23;23050;;3;2;No inventariada;;9;20;1;2;;1;1;1;;;1;998
4;3;13;23;23050;;3;2;No inventariada;;9;1;1;2;;1;1;1;;;9;998
3;6;11;23;23050;;3;2;No inventariada;;9;2;1;1;;9;1;7;;;1;998
3;5;20;23;23050;;3;2;No inventariada;;9;7;2;;;1;4;2;;;1;998
4;6;11;23;23050;;3;2;No inventariada;;14;7;2;;;1;1;7;;;18;998
4;4;16;23;23050;;3;2;No inventariada;;9;7;2;;;1;1;1;;;1;998
4;3;13;23;23050;;3;2;No inventariada;;9;4;1;2;;1;1;1;;;1;998
4;4;15;23;23050;;3;2;No inventariada;;9;4;2;;;1;1;1;;;1;998
4;6;15;23;23050;;3;2;No inventariada;;9;4;2;;;1;1;1;;;1;998
5;4;19;23;23050;;3;2;No inventariada;;9;4;2;;;1;2;1;;;1;998
3;6;13;23;23050;;3;2;No inventariada;;9;2;1;1;;3;1;4;;;5;998
3;1;8;23;23050;;3;2;No inventariada;;9;5;2;;;1;1;1;;;18;998
5;6;18;23;23050;;1;1;A-316R1;0;6;12;2;;;1;1;1;;;1;2
4;5;14;23;23050;;3;2;No inventariada;;9;2;1;2;;1;1;1;;;1;998
5;2;17;23;23050;;3;2;No inventariada;;9;4;2;;;1;1;1;;;1;998
4;6;16;23;23050;;3;2;No inventariada;;9;2;1;1;;1;1;1;;;1;998
3;4;19;23;23050;;3;2;No inventariada;;9;2;1;2;;1;1;1;;;1;998
1;3;18;23;23050;;3;2;No inventariada;;9;2;2;;;3;1;3;;;18;998
2;6;13;23;23050;;3;2;No inventariada;;9;7;2;;;3;1;4;;;18;998
4;5;12;23;23050;;3;2;No inventariada;;9;4;2;;;1;1;1;;;18;998
2;7;22;23;23050;;3;2;No inventariada;;9;1;1;2;;1;4;1;;;1;998
3;4;19;23;23050;;3;2;No inventariada;;9;6;2;;;3;1;3;;;1;998
3;4;9;23;23050;;3;2;No inventariada;;9;5;2;;;1;1;1;;;1;998
4;5;13;23;23050;;3;2;No inventariada;;9;12;2;;;1;1;1;;;1;998
5;4;14;23;23050;;3;2;No inventariada;;9;2;1;2;;1;1;1;;;1;998
3;2;17;23;23050;;3;2;No inventariada;;9;9;1;2;;1;1;1;;;9;998
3;2;20;23;23050;;3;2;No inventariada;;9;10;2;;;1;4;1;;;1;998
4;1;8;23;23050;;3;2;No inventariada;;9;4;1;2;;1;1;1;;;1;998
2;2;21;23;23050;;3;2;No inventariada;;9;2;1;2;;1;4;1;;;1;998
4;3;13;23;23050;;3;2;No inventariada;;9;4;2;;;9;1;1;;;1;998
4;6;16;23;23050;;3;2;No inventariada;;9;9;1;4;;1;1;1;;;1;998
4;5;19;23;23050;;3;2;No inventariada;;9;6;2;;;1;1;1;;;1;998
5;3;16;23;23050;;3;2;No inventariada;;9;4;2;;;1;1;1;;;1;998
5;6;16;23;23050;;1;1;No inventariada;0,09;10;9;2;;;2;1;1;;;1;1
5;2;20;23;23050;;3;2;No inventariada;;9;20;1;2;;1;1;1;;;1;998
5;6;19;23;23050;;1;1;A-44;41;3;4;1;4;N-323a;1;1;1;;;1;2
5;3;18;23;23050;;3;2;No inventariada;;9;3;2;;;1;1;1;;;18;998
4;1;19;23;23050;;3;2;No inventariada;;9;3;1;4;;1;1;1;;;1;998
5;5;21;23;23050;;3;2;No inventariada;;9;4;2;;;1;4;1;;;1;998
4;3;13;23;23050;;3;2;No inventariada;;9;4;2;;;1;1;1;;;1;998
4;7;18;23;23050;;3;2;No inventariada;;9;18;2;;;1;1;1;;;1;998
4;7;14;23;23050;;3;2;No inventariada;;9;2;1;2;;1;1;1;;;1;998
5;4;19;23;23050;;3;2;No inventariada;;9;2;2;;;1;1;1;;;1;998
6;1;1;23;23050;;1;1;JA-3200;1,7;6;2;1;2;;1;4;1;;;1;1
6;1;16;23;23050;;3;2;No inventariada;;9;3;2;;;1;1;1;;;18;998
4;2;8;23;23050;;3;2;No inventariada;;9;9;1;2;;1;1;1;;;18;998
6;4;18;23;23050;;1;1;N-323a;39;6;19;1;4;;1;1;1;;;1;1
5;6;16;23;23050;;3;2;No inventariada;;11;6;2;;;1;1;1;;;1;998
2;5;8;23;23050;;3;2;No inventariada;;9;9;1;2;;2;1;1;;;1;998
3;1;8;23;23050;;3;2;No inventariada;;9;9;2;;;1;1;1;;;1;998
3;4;17;23;23050;;3;2;No inventariada;;9;20;2;;;3;1;2;;;1;998
4;1;17;23;23050;;3;2;No inventariada;;9;2;1;1;;1;1;1;;;1;998
5;4;21;23;23050;;3;2;No inventariada;;9;5;2;;;1;2;1;;;1;998
5;5;21;23;23050;;3;2;No inventariada;;9;9;2;;;1;4;1;;;1;998
5;3;16;23;23050;;3;2;No inventariada;;9;4;2;;;1;1;1;;;1;998
6;2;13;23;23050;;3;2;No inventariada;;9;2;1;1;;1;1;1;;;1;998
5;2;15;23;23050;;3;2;No inventariada;;9;4;1;4;;1;1;1;;;1;998
4;1;13;23;23050;;3;2;No inventariada;;9;9;1;1;;2;1;1;;;2;998
6;3;21;23;23050;;3;2;No inventariada;;9;4;2;;;1;3;1;;;1;998
5;4;15;23;23050;;3;2;No inventariada;;9;2;1;1;;1;1;1;;;1;998
6;4;17;23;23050;;3;2;No inventariada;;9;7;2;;;1;1;1;;;1;998
6;7;14;23;23050;;3;2;No inventariada;;9;7;2;;;9;1;1;;;18;998
4;4;13;23;23050;;3;2;No inventariada;;9;4;1;1;;1;1;1;;;1;998
6;3;18;23;23050;;3;2;No inventariada;;9;4;2;;;1;1;1;;;1;998
6;7;13;23;23050;;3;2;No inventariada;;9;2;1;2;;1;1;1;;;1;998
6;4;14;23;23050;;3;2;No inventariada;;9;9;1;2;;1;1;2;;;1;998
6;3;20;23;23050;;3;2;No inventariada;;9;2;1;1;;1;2;1;;;1;998
1;2;12;23;23050;;3;2;No inventariada;;9;7;2;;;9;1;7;;;18;998
6;5;9;23;23050;;3;2;No inventariada;;9;5;2;;;1;3;1;;;1;998
6;3;18;23;23050;;3;2;No inventariada;;9;4;2;;;1;1;1;;;1;998
6;3;14;23;23050;;3;2;No inventariada;;9;3;1;2;;1;1;1;;;1;998
6;3;20;23;23050;;3;2;No inventariada;;9;7;2;;;1;2;1;;;6;998
6;2;21;23;23050;;3;2;No inventariada;;9;7;2;;;1;4;1;;;1;998
5;1;18;23;23050;;3;2;No inventariada;;9;2;1;4;;1;1;1;;;1;998
7;3;17;23;23050;;1;1;JA-3102;3;6;2;1;1;;1;1;1;;;1;1
5;2;15;23;23050;;3;2;No inventariada;;9;2;1;4;;1;1;1;;;1;998
6;2;14;23;23050;;3;2;No inventariada;;9;4;1;4;;1;1;1;;;1;998
5;3;11;23;23050;;3;2;No inventariada;;9;7;2;;;1;1;1;;;18;998
7;1;11;23;23050;;3;2;No inventariada;;9;20;2;;;1;1;1;;;1;998
7;6;19;23;23050;;1;1;JA-3102;1,075;6;3;2;;;1;1;1;;;1;1
5;2;20;23;23050;;3;2;No inventariada;;9;2;1;4;;1;1;1;;;1;998
5;3;17;23;23050;;3;2;No inventariada;;9;12;2;;;1;1;1;;;1;998
6;4;10;23;23050;;3;2;No inventariada;;9;4;2;;;1;1;1;;;1;998
6;3;14;23;23050;;3;2;No inventariada;;9;4;2;;;1;1;1;;;1;998
7;3;19;23;23050;;1;1;A-316;54,175;3;16;2;;;1;1;1;;;1;1
6;5;10;23;23050;;3;2;No inventariada;;9;6;2;;;1;1;1;;;1;998
7;2;12;23;23050;;3;2;No inventariada;;9;9;2;;;1;1;1;;;1;998
7;7;13;23;23050;;3;2;No inventariada;;9;2;1;2;;1;1;1;;;1;998
7;7;20;23;23050;;3;2;No inventariada;;9;2;2;;;1;1;1;;;1;998
7;2;10;23;23050;;3;2;No inventariada;;9;2;2;;;1;1;1;;;1;998
7;1;11;23;23050;;1;1;A-44;35,5;3;4;2;;;1;1;1;;;1;1
6;5;20;23;23050;;3;2;No inventariada;;9;7;1;4;;1;1;1;;;18;998
6;6;13;23;23050;;3;2;No inventariada;;9;19;2;;;1;1;1;;;1;998
7;5;13;23;23050;;3;2;No inventariada;;9;2;1;1;;1;1;1;;;1;998
8;3;12;23;23050;;3;2;No inventariada;;9;9;2;;;9;1;7;;;18;998
7;3;18;23;23061;;1;1;A-44;25,1;3;18;2;;;1;1;1;;;1;3
7;6;8;23;23050;;3;2;No inventariada;;9;9;2;;;9;1;1;;;1;998
7;5;11;23;23050;;1;1;JA-3411;0,677;6;4;1;2;;1;1;1;;;1;1
6;4;10;23;23050;;3;2;No inventariada;;14;4;1;4;;1;1;2;;;1;998
7;4;11;23;23050;;3;2;No inventariada;;9;4;2;;;1;1;1;;;1;998
7;4;18;23;23050;;3;2;No inventariada;;9;2;1;1;;1;1;1;;;1;998
6;3;17;23;23050;;3;2;No inventariada;;9;9;2;;;8;1;1;;;1;998
7;5;8;23;23050;;3;2;No inventariada;;9;2;1;1;;1;1;1;;;1;998
6;4;13;23;23050;;3;2;No inventariada;;9;20;2;;;9;1;1;;;18;998
7;5;13;23;23050;;3;2;No inventariada;;9;16;2;;;1;1;1;;;1;998
5;4;20;23;23050;;3;2;No inventariada;;9;9;2;;;1;1;1;;;1;998
6;3;11;23;23050;;3;2;No inventariada;;9;4;2;;;1;1;1;;;18;998
7;2;15;23;23050;;3;2;No inventariada;;9;2;1;4;;1;1;1;;;1;998
5;5;16;23;23050;;3;2;No inventariada;;9;9;1;2;;1;1;1;;;1;998
7;5;14;23;23050;;3;2;No inventariada;;9;2;2;;;1;1;1;;;1;998
6;6;18;23;23050;;3;2;No inventariada;;9;9;1;2;;1;1;1;;;9;998
5;4;13;23;23050;;3;2;No inventariada;;9;4;2;;;1;1;1;;;1;998
8;2;18;23;23050;;3;2;No inventariada;;9;4;2;;;1;1;1;;;1;998
8;3;8;23;23050;;3;2;No inventariada;;9;10;2;;;1;1;1;;;1;998
7;2;8;23;23050;;3;2;No inventariada;;9;4;2;;;1;1;1;;;1;998
7;7;21;23;23050;;3;2;No inventariada;;9;10;2;;;9;4;7;;;18;998
8;2;7;23;23050;;3;2;No inventariada;;9;20;1;2;;1;1;1;;;1;998
8;7;23;23;23050;;1;1;A-6050 R1;5,963;6;16;1;2;;1;4;1;;;1;1
6;5;14;23;23050;;3;2;No inventariada;;9;2;1;2;;1;1;1;;;11;998
8;1;16;23;23050;;3;2;No inventariada;;9;4;2;;;1;1;1;;;1;998
7;1;13;23;23050;;3;2;No inventariada;;9;2;1;1;;1;1;1;;;1;998
7;2;17;23;23050;;3;2;No inventariada;;9;7;2;;;1;1;1;;;1;998
8;1;16;23;23050;;3;2;No inventariada;;9;4;2;;;1;1;1;;;1;998
8;1;19;23;23050;;3;2;No inventariada;;9;4;2;;;1;1;1;;;1;998
8;4;19;23;23050;;3;2;No inventariada;;14;2;1;1;;1;4;1;;;1;998
8;1;8;23;23050;;3;2;No inventariada;;14;4;2;;;1;1;1;;;1;998
8;6;12;23;23050;;3;2;No inventariada;;9;4;2;;;1;1;1;;;1;998
8;7;8;23;23050;;3;2;No inventariada;;9;7;2;;;1;1;1;;;6;998
8;4;1;23;23050;;3;2;No inventariada;;9;9;1;2;;1;4;1;;;1;998
8;2;14;23;23050;;3;2;No inventariada;;9;7;2;;;1;1;1;;;1;998
8;2;13;23;23050;;3;2;No inventariada;;9;2;1;1;;1;1;1;;;1;998
8;2;15;23;23050;;3;2;No inventariada;;9;3;1;1;;1;1;1;;;1;998
8;5;8;23;23050;;3;2;No inventariada;;9;7;2;;;1;1;1;;;6;998
8;1;8;23;23050;;3;2;No inventariada;;9;7;2;;;1;1;1;;;1;998
8;5;18;23;23050;;3;2;No inventariada;;9;4;2;;;1;1;1;;;1;998
6;7;10;23;23050;;3;2;No inventariada;;9;10;2;;;1;4;1;;;1;998
8;5;14;23;23050;;3;2;No inventariada;;9;4;1;4;;1;1;1;;;1;998
8;5;15;23;23050;;3;2;No inventariada;;9;4;1;2;;1;1;1;;;1;998
8;5;17;23;23050;;3;2;No inventariada;;9;7;2;;;1;1;1;;;1;998
8;3;19;23;23050;;3;2;No inventariada;;9;3;1;1;;1;1;1;;;1;998