MES;DIA_SEMANA;HORA;COD_PROVINCIA;COD_MUNICIPIO;ISLA;ZONA;ZONA_AGRUPADA;CARRETERA;KM;TIPO_VIA;TIPO_ACCIDENTE;NUDO;NUDO_INFO;CARRETERA_CRUCE;CONDICION_FIRME;CONDICION_ILUMINACION;CONDICION_METEO;CONDICION_NIEBLA;CONDICION_VIENTO;VISIB_RESTRINGIDA_POR;TRAZADO_PLANTA
6;7;0;23;23050;;3;2;No inventariada;;9;20;2;;;1;4;1;;;1;998
8;5;14;23;23050;;3;2;No inventariada;;9;7;2;;;1;1;1;;;1;998
9;3;18;23;23050;;3;2;No inventariada;;9;3;2;;;1;1;1;;;1;998
9;5;6;23;23050;;1;1;JA-3200;2,075;6;8;2;;;1;4;1;;;1;1
8;2;12;23;23050;;3;2;No inventariada;;9;3;2;;;1;1;1;;;1;998
6;1;13;23;23050;;3;2;No inventariada;;9;3;2;;;1;1;1;;;1;998
7;7;15;23;23050;;3;2;No inventariada;;9;16;2;;;1;1;1;;;1;998
9;1;12;23;23050;;3;2;No inventariada;;9;9;2;;;7;1;1;;;1;998
9;5;17;23;23050;;3;2;No inventariada;;9;7;1;2;;1;1;1;;;1;998
9;4;11;23;23050;;3;2;No inventariada;;9;4;1;2;;1;1;1;;;1;998
9;5;11;23;23050;;3;2;No inventariada;;9;7;2;;;1;1;7;;;1;998
9;6;22;23;23050;;3;2;No inventariada;;9;5;2;;;1;4;3;;;18;998
5;2;14;23;23050;;3;2;No inventariada;;9;7;2;;;9;1;7;;;1;998
8;7;17;23;23050;;3;2;No inventariada;;9;2;1;2;;1;1;1;;;1;998
7;4;20;23;23050;;3;2;No inventariada;;9;9;2;;;7;1;1;;;1;998
9;7;9;23;23050;;1;1;N-323a;25,9;6;10;2;;;1;1;2;;;1;1
9;1;7;23;23050;;1;1;A-316;53,7;3;4;1;2;;1;2;1;;;1;1
9;5;11;23;23050;;3;2;No inventariada;;9;4;2;;;1;1;1;;;1;998
9;5;10;23;23050;;3;2;No inventariada;;9;3;2;;;1;1;1;;;1;998
6;1;7;23;23050;;3;2;No inventariada;;9;4;2;;;1;1;1;;;1;998
9;2;8;23;23050;;3;2;No inventariada;;9;2;2;;;1;1;1;;;1;998
9;1;16;23;23050;;3;2;No inventariada;;9;2;2;;;1;1;1;;;1;998
9;6;22;23;23050;;1;1;N-323a;21,4;6;4;2;;;1;6;1;;;1;1
9;1;9;23;23050;;1;1;N-323a;38,534;6;5;2;;;1;1;1;;;1;1
9;6;22;23;23050;;3;2;No inventariada;;9;4;2;;;3;4;3;;;5;998
9;4;13;23;23050;;3;2;No inventariada;;9;7;2;;;1;1;1;;;18;998
9;4;14;23;23050;;3;2;No inventariada;;9;4;1;4;;1;1;1;;;1;998
9;2;22;23;23050;;3;2;No inventariada;;9;3;2;;;1;4;1;;;1;998
10;4;11;23;23050;;1;1;JA-3102;1,95;6;2;1;4;;1;1;1;;;1;1
9;2;14;23;23050;;3;2;No inventariada;;9;3;1;4;;1;1;1;;;1;998
9;6;22;23;23050;;3;2;No inventariada;;9;4;2;;;1;4;1;;;1;998
10;4;21;23;23050;;3;2;No inventariada;;9;2;1;4;;1;4;1;;;1;998
9;2;11;23;23050;;3;2;No inventariada;;9;2;1;2;;1;1;1;;;1;998
10;5;8;23;23050;;3;2;No inventariada;;9;3;2;;;1;1;1;;;6;998
10;7;13;23;23050;;3;2;No inventariada;;9;3;1;1;;1;1;1;;;1;998
10;5;21;23;23050;;3;2;No inventariada;;9;4;2;;;1;4;1;;;1;998
7;3;1;23;23050;;3;2;No inventariada;;9;10;1;2;;3;4;1;;;1;998
7;1;11;23;23050;;3;2;No inventariada;;9;20;1;2;;1;1;1;;;1;998
7;2;2;23;23050;;3;2;No inventariada;;9;10;1;4;;8;4;1;;;1;998
10;1;16;23;23050;;3;2;No inventariada;;7;4;1;4;;1;1;1;;;1;998
10;4;7;23;23050;;3;2;No inventariada;;9;2;1;4;;3;3;3;;;1;998
9;2;15;23;23050;;3;2;No inventariada;;9;4;1;4;;1;1;1;;;1;998
10;5;14;23;23050;;3;2;No inventariada;;9;20;2;;;1;1;1;;;1;998
10;6;23;23;23050;;3;2;No inventariada;;9;2;2;;;1;4;1;;;1;998
10;7;2;23;23050;;3;2;No inventariada;;9;4;2;;;1;4;2;;;1;998
10;4;20;23;23050;;3;2;No inventariada;;9;2;2;;;1;4;1;;;9;998
10;4;20;23;23050;;3;2;No inventariada;;9;3;2;;;1;4;1;;;1;998
10;5;19;23;23050;;3;2;No inventariada;;9;3;2;;;3;2;3;;;1;998
8;3;20;23;23050;;3;2;No inventariada;;9;2;1;1;;1;1;1;;;1;998
9;5;20;23;23050;;3;2;No inventariada;;9;4;2;;;1;1;1;;;1;998
10;4;13;23;23050;;3;2;No inventariada;;9;2;2;;;1;1;1;;;9;998
10;2;18;23;23050;;3;2;No inventariada;;9;2;2;;;1;1;1;;;1;998
10;2;15;23;23050;;3;2;No inventariada;;9;20;1;2;;1;1;1;;;1;998
9;2;18;23;23050;;3;2;No inventariada;;9;6;2;;;1;1;1;;;1;998
10;5;12;23;23050;;3;2;No inventariada;;9;4;1;4;;1;1;1;;;1;998
10;6;12;23;23050;;3;2;No inventariada;;9;4;1;1;;1;1;1;;;1;998
10;3;17;23;23050;;3;2;No inventariada;;9;12;1;1;;1;1;1;;;1;998
10;3;16;23;23050;;3;2;No inventariada;;9;4;2;;;1;1;1;;;18;998
10;6;4;23;23050;;1;1;A-44;36,2;3;14;1;2;;1;6;1;;;1;2
10;6;14;23;23050;;3;2;No inventariada;;9;4;1;2;;1;1;1;;;1;998
7;2;19;23;23050;;3;2;No inventariada;;9;20;1;4;;9;1;7;;;1;998
10;6;17;23;23050;;3;2;No inventariada;;9;2;2;;;1;1;1;;;1;998
10;2;19;23;23050;;3;2;No inventariada;;9;10;2;;;7;3;1;;;1;998
10;7;19;23;23050;;3;2;No inventariada;;9;4;2;;;1;3;1;;;1;998
10;7;14;23;23050;;3;2;No inventariada;;9;20;2;;;1;1;2;;;1;998
10;4;13;23;23050;;3;2;No inventariada;;9;3;1;2;;3;1;3;;;1;998
10;6;1;23;23050;;3;2;No inventariada;;9;3;1;1;;1;4;1;;;1;998
10;5;7;23;23050;;3;2;No inventariada;;9;4;2;;;1;4;1;;;1;998
10;2;12;23;23050;;3;2;No inventariada;;9;4;1;2;;3;1;3;;;1;998
10;7;17;23;23050;;3;2;No inventariada;;9;2;2;;;1;1;1;;;1;998
10;3;14;23;23050;;3;2;No inventariada;;9;7;2;;;1;1;1;;;1;998
10;2;21;23;23050;;3;2;No inventariada;;9;20;2;;;7;3;3;;;1;998
10;6;23;23;23050;;3;2;No inventariada;;9;3;1;2;;1;3;1;;;1;998
10;5;21;23;23050;;3;2;No inventariada;;9;2;2;;;3;4;2;;;18;998
10;4;20;23;23050;;3;2;No inventariada;;9;4;1;2;;1;1;1;;;1;998
11;5;11;23;23050;;3;2;No inventariada;;9;2;1;2;;1;1;1;;;1;998
10;4;22;23;23050;;3;2;No inventariada;;9;6;2;;;1;4;1;;;1;998
11;4;16;23;23050;;3;2;No inventariada;;9;10;1;2;;1;1;1;;;1;998
11;5;20;23;23050;;3;2;No inventariada;;9;3;2;;;3;4;3;;;18;998
11;1;19;23;23050;;3;2;No inventariada;;9;20;2;;;7;4;1;;;1;998
10;2;12;23;23050;;3;2;No inventariada;;9;4;2;;;3;1;3;;;1;998
8;2;7;23;23050;;3;2;No inventariada;;9;7;2;;;1;4;1;;;18;998
11;2;8;23;23050;;3;2;No inventariada;;9;2;2;;;1;1;1;;;1;998
10;1;8;23;23050;;3;2;No inventariada;;9;9;2;;;1;1;1;;;1;998
11;4;10;23;23050;;3;2;No inventariada;;9;3;2;;;1;1;1;;;1;998
11;6;11;23;23050;;3;2;No inventariada;;9;3;1;4;;1;1;1;;;1;998
11;2;20;23;23050;;3;2;No inventariada;;9;4;2;;;3;4;3;;;1;998
10;2;7;23;23050;;3;2;No inventariada;;9;2;1;1;;3;2;3;;;9;998
11;1;9;23;23050;;3;2;No inventariada;;9;7;1;1;;1;1;2;;;1;998
11;7;17;23;23050;;3;2;No inventariada;;9;2;2;;;1;1;2;;;1;998
10;5;9;23;23050;;3;2;No inventariada;;9;4;2;;;1;1;1;;;1;998
11;1;15;23;23050;;3;2;No inventariada;;9;1;2;;;1;1;1;;;1;998
11;1;20;23;23050;;3;2;No inventariada;;9;9;2;;;1;6;1;;;1;998
10;4;14;23;23050;;3;2;No inventariada;;9;7;1;1;;1;1;2;;;1;998
11;4;13;23;23050;;3;2;No inventariada;;9;2;1;1;;1;1;1;;;1;998
11;2;9;23;23050;;3;2;No inventariada;;9;1;2;;;1;1;1;;;18;998
11;7;15;23;23050;;3;2;No inventariada;;9;10;1;2;;1;1;1;;;9;998
11;5;8;23;23050;;3;2;No inventariada;;9;4;1;4;;1;1;1;;;1;998
11;5;15;23;23050;;3;2;No inventariada;;9;7;2;;;1;1;1;;;1;998
10;6;11;23;23050;;3;2;No inventariada;;9;7;2;;;1;1;1;;;1;998
11;1;7;23;23050;;3;2;No inventariada;;9;3;1;4;;1;1;1;;;1;998
11;6;22;23;23050;;3;2;No inventariada;;9;2;2;;;1;4;1;;;1;998
12;7;1;23;23050;;1;1;A-44;36,15;3;12;2;;;1;6;1;;;1;1
10;1;18;23;23050;;3;2;No inventariada;;9;5;2;;;1;4;1;;;1;998
11;5;9;23;23050;;3;2;No inventariada;;9;4;2;;;1;1;2;;;1;998
10;3;18;23;23050;;3;2;No inventariada;;9;5;2;;;3;4;2;;;1;998
12;7;17;23;23050;;1;1;A-44;34,75;3;5;2;;;1;1;1;;;1;1
11;7;22;23;23050;;3;2;No inventariada;;9;7;2;;;1;4;1;;;18;998
12;1;15;23;23050;;3;2;No inventariada;;9;2;1;1;;1;1;1;;;1;998
11;5;8;23;23050;;3;2;No inventariada;;9;4;2;;;1;1;1;;;1;998
11;7;14;23;23050;;3;2;No inventariada;;9;4;2;;;1;1;1;;;1;998
12;5;13;23;23050;;3;2;No inventariada;;9;3;2;;;9;1;7;;;18;998
12;5;14;23;23050;;3;2;No inventariada;;9;4;2;;;1;1;2;;;1;998
11;4;21;23;23050;;3;2;No inventariada;;9;1;2;;;1;4;1;;;1;998
12;2;12;23;23050;;3;2;No inventariada;;9;20;2;;;1;1;1;;;1;998
12;2;16;23;23050;;3;2;No inventariada;;9;4;2;;;1;1;1;;;1;998
12;7;2;23;23050;;3;2;No inventariada;;9;4;2;;;1;4;7;;;1;998
12;2;11;23;23050;;3;2;No inventariada;;9;4;2;;;1;1;1;;;1;998
12;2;21;23;23050;;3;2;No inventariada;;9;20;2;;;1;4;1;;;1;998
12;4;9;23;23050;;3;2;No inventariada;;9;2;2;;;1;1;7;;;1;998
12;3;22;23;23050;;3;2;No inventariada;;9;2;1;1;;1;3;1;;;1;998
12;5;13;23;23050;;3;2;No inventariada;;9;4;2;;;1;1;2;;;18;998
12;5;13;23;23050;;3;2;No inventariada;;9;4;1;4;;1;1;1;;;1;998
12;4;10;23;23050;;3;2;No inventariada;;9;19;2;;;1;1;1;;;1;998
12;7;22;23;23050;;3;2;No inventariada;;9;20;2;;;1;4;1;;;1;998
12;1;10;23;23050;;3;2;No inventariada;;9;2;2;;;1;1;1;;;1;998
12;1;19;23;23050;;3;2;No inventariada;;9;4;2;;;1;4;1;;;18;998
12;1;20;23;23050;;3;2;No inventariada;;9;3;2;;;1;4;1;;;1;998
12;1;11;23;23050;;3;2;No inventariada;;9;2;2;;;1;1;1;;;1;998
12;4;11;23;23050;;3;2;No inventariada;;9;4;2;;;1;1;1;;;1;998
12;1;20;23;23050;;3;2;No inventariada;;9;4;2;;;1;4;1;;;1;998
7;2;15;23;0;;1;1;A-320;20,632;6;17;2;;;1;1;1;;;1;2
1;7;4;23;23053;;1;1;A-401;19,8;6;18;1;2;;1;6;1;;;1;2
1;2;14;23;23053;;1;1;A-401;24,4;6;7;1;2;;1;1;1;;;1;3
2;5;9;23;23053;;1;1;A-322;4,5;6;18;2;;;3;1;3;;;5;2
5;2;7;23;23053;;1;1;A-401;23,4;6;19;2;;;1;2;1;;;1;3
2;5;20;23;23053;;3;2;No inventariada;;9;16;2;;;1;4;1;;;1;998
2;6;16;23;23053;;3;2;No inventariada;;9;5;1;2;;1;1;1;;;1;998
3;4;20;23;23053;;3;2;No inventariada;;9;16;1;4;;3;4;4;;;5;998
3;2;14;23;23053;;3;2;No inventariada;;9;7;2;;;1;1;1;;;1;998
5;4;22;23;23053;;3;2;No inventariada;;9;10;1;1;;1;4;1;;;1;998
6;1;21;23;23053;;3;2;No inventariada;;9;2;1;2;;1;2;1;;;1;998
12;5;10;23;23053;;1;1;A-322;4,1;6;19;2;;;1;1;1;;;4;2
6;5;20;23;23053;;3;2;No inventariada;;9;3;1;1;;1;1;1;;;1;998
7;1;16;23;23053;;3;2;No inventariada;;9;1;2;;;1;1;1;;;1;998
7;5;20;23;23053;;3;2;No inventariada;;9;4;2;;;1;1;1;;;1;998
8;4;0;23;23053;;3;2;No inventariada;;11;10;2;;;1;4;1;;;1;998
8;5;18;23;23053;;3;2;No inventariada;;9;6;1;2;;4;1;4;;;5;998
10;3;14;23;23053;;3;2;No inventariada;;9;2;1;1;;1;1;1;;;1;998
12;5;10;23;23053;;1;1;A-401;22,4;6;4;1;4;;1;1;1;;;1;2
11;5;11;23;23053;;3;2;No inventariada;;9;1;1;1;;1;1;1;;;1;998
12;1;9;23;23053;;3;2;No inventariada;;9;2;1;1;;1;1;2;;;1;998
1;2;21;23;23055;;3;2;No inventariada;;9;7;2;;;4;4;4;;;5;998
2;1;18;23;23055;;1;1;A-32;5,1;3;1;2;;;1;1;1;;;1;2
2;5;15;23;23055;;3;2;No inventariada;;9;16;2;;;1;4;1;;;1;998
2;4;8;23;23055;;3;2;No inventariada;;9;4;2;;;1;1;1;;;1;998
2;1;15;23;23055;;3;2;No inventariada;;9;4;2;;;1;1;1;;;1;998
2;3;10;23;23055;;3;2;No inventariada;;9;4;2;;;1;1;1;;;1;998
3;2;15;23;23055;;3;2;No inventariada;;9;4;2;;;1;1;1;;;1;998
3;1;19;23;23055;;3;2;No inventariada;;9;7;2;;;1;4;1;;;1;998
3;7;18;23;23055;;1;1;A-312;1,8;6;5;2;;;3;1;2;;;1;2
3;4;15;23;23055;;3;2;No inventariada;;9;4;2;;;1;1;1;;;1;998
4;4;11;23;23055;;1;1;JA-4102;4,2;6;4;2;;;1;1;1;;;1;1
4;2;12;23;23055;;3;2;No inventariada;;9;4;2;;;1;1;1;;;1;998
4;1;22;23;23055;;3;2;No inventariada;;9;16;2;;;1;4;1;;;1;998
4;1;9;23;23055;;3;2;No inventariada;;9;2;1;1;;1;1;1;;;1;998
4;3;18;23;23055;;3;2;No inventariada;;9;4;2;;;1;1;1;;;1;998
4;5;20;23;23055;;3;2;No inventariada;;9;4;2;;;1;1;1;;;1;998
4;4;10;23;23055;;3;2;No inventariada;;9;2;1;1;;1;1;1;;;1;998
4;5;18;23;23055;;3;2;No inventariada;;9;2;1;4;;1;1;1;;;1;998
5;2;14;23;23055;;1;1;A-302;0,7;6;1;2;;;1;1;1;;;1;1
4;6;4;23;23055;;3;2;No inventariada;;9;1;2;;;1;4;1;;;1;998
5;3;16;23;23055;;3;2;No inventariada;;9;7;2;;;1;1;1;;;1;998
5;7;0;23;23055;;3;2;No inventariada;;9;2;2;;;1;4;1;;;1;998
5;4;16;23;23055;;3;2;No inventariada;;9;7;2;;;1;1;1;;;1;998
5;5;10;23;23055;;3;2;No inventariada;;9;2;1;1;;1;1;1;;;1;998
5;5;18;23;23055;;3;2;No inventariada;;9;3;2;;;1;1;1;;;1;998
6;5;14;23;23055;;1;1;A-312;11,7;6;16;2;;;1;1;1;;;1;1
6;1;15;23;23055;;3;2;No inventariada;;9;1;2;;;1;1;1;;;1;998
6;7;21;23;23055;;3;2;No inventariada;;9;3;2;;;1;2;1;;;1;998
5;2;16;23;23055;;3;2;No inventariada;;9;1;2;;;1;1;1;;;1;998
5;3;10;23;23055;;3;2;No inventariada;;9;7;1;1;;1;1;1;;;1;998
6;6;2;23;23055;;3;2;No inventariada;;9;6;2;;;1;4;1;;;1;998
6;5;12;23;23055;;3;2;No inventariada;;9;2;1;1;;1;1;1;;;1;998
7;1;17;23;23055;;3;2;No inventariada;;9;3;1;4;;1;1;1;;;1;998
7;4;8;23;23055;;1;1;A-302;6,2;6;4;2;;;1;1;1;;;1;1
7;1;11;23;23055;;3;2;No inventariada;;9;2;1;1;;1;1;1;;;1;998
7;7;23;23;23055;;3;2;No inventariada;;9;4;2;;;1;1;1;;;1;998
6;5;13;23;23055;;3;2;No inventariada;;9;10;2;;;1;1;1;;;1;998
7;1;13;23;23055;;1;1;A-312;7,715;6;16;2;;;1;1;1;;;1;1
8;5;12;23;23055;;1;1;A-312;13,6;6;16;1;2;;1;1;1;;;1;1
6;7;19;23;23055;;3;2;No inventariada;;9;2;1;1;;1;1;1;;;2;998
7;2;9;23;23055;;3;2;No inventariada;;9;7;2;;;1;1;1;;;1;998
8;2;19;23;23055;;3;2;No inventariada;;9;7;2;;;1;1;1;;;1;998
8;4;15;23;23055;;3;2;No inventariada;;9;3;1;2;;1;1;1;;;1;998
8;4;16;23;23055;;3;2;No inventariada;;9;2;1;1;;1;1;1;;;1;998
6;3;21;23;23055;;3;2;No inventariada;;9;2;1;1;;1;3;1;;;1;998
7;5;8;23;23055;;3;2;No inventariada;;9;7;2;;;1;1;1;;;1;998
8;6;12;23;23055;;3;2;No inventariada;;9;2;1;1;;1;1;1;;;1;998
8;3;11;23;23055;;3;2;No inventariada;;9;7;2;;;1;1;1;;;1;998
8;3;20;23;23055;;3;2;No inventariada;;9;16;2;;;1;1;1;;;1;998
7;3;9;23;23055;;3;2;No inventariada;;9;2;1;1;;1;1;1;;;1;998
8;7;1;23;23055;;3;2;No inventariada;;9;2;1;1;;1;4;1;;;1;998
7;2;12;23;23055;;3;2;No inventariada;;9;2;1;2;;1;1;1;;;1;998
8;2;19;23;23055;;3;2;No inventariada;;9;7;2;;;1;1;1;;;1;998
7;4;14;23;23055;;3;2;No inventariada;;9;4;2;;;1;1;1;;;1;998
9;3;21;23;23055;;1;1;JA-5102;0,35;6;20;2;;;1;6;1;;;4;2
9;3;19;23;23055;;3;2;No inventariada;;9;2;1;4;;1;1;1;;;1;998
9;7;19;23;23055;;3;2;No inventariada;;9;2;2;;;1;1;1;;;1;998
8;2;13;23;23055;;3;2;No inventariada;;9;2;1;1;;1;1;1;;;1;998
9;2;12;23;23055;;3;2;No inventariada;;9;3;2;;;1;1;1;;;1;998
9;1;9;23;23055;;3;2;No inventariada;;9;2;1;1;;1;1;1;;;1;998
10;1;19;23;23055;;3;2;No inventariada;;9;6;2;;;1;1;1;;;1;998
9;6;11;23;23055;;3;2;No inventariada;;9;7;2;;;1;1;1;;;1;998
10;7;18;23;23055;;3;2;No inventariada;;9;2;1;2;;3;1;3;;;1;998
11;7;19;23;23055;;3;2;No inventariada;;9;2;1;1;;1;4;1;;;1;998
11;3;10;23;23055;;1;1;A-32;5;3;4;2;;;3;1;4;;;1;1
10;4;10;23;23055;;3;2;No inventariada;;9;2;1;1;;1;1;1;;;1;998
10;4;19;23;23055;;3;2;No inventariada;;9;3;1;4;;1;1;1;;;1;998
11;1;14;23;23055;;3;2;No inventariada;;9;7;2;;;1;1;1;;;1;998
11;5;15;23;23055;;3;2;No inventariada;;9;2;1;1;;1;1;1;;;1;998
11;4;12;23;23055;;3;2;No inventariada;;9;6;2;;;1;1;1;;;1;998
11;6;17;23;23055;;3;2;No inventariada;;9;2;1;1;;1;1;1;;;1;998
11;1;18;23;23055;;3;2;No inventariada;;9;2;1;4;;1;1;1;;;1;998
11;3;9;23;23055;;3;2;No inventariada;;9;7;2;;;1;1;1;;;1;998
12;6;0;23;23055;;3;2;No inventariada;;9;2;1;1;;1;4;1;;;1;998
11;2;18;23;23055;;3;2;No inventariada;;9;1;2;;;1;4;1;;;9;998
12;4;19;23;23055;;3;2;No inventariada;;9;6;2;;;1;4;1;;;1;998
12;6;16;23;23055;;1;1;A-302;4;6;18;2;;;1;1;1;;;1;3
1;7;22;23;0;;1;1;A-6175;7,1;6;19;2;;;1;6;1;;;1;3
3;6;9;23;0;;1;1;A-4;347,15;3;17;2;;;1;1;1;;;1;1
4;5;19;23;0;;1;1;JV-2930;2,226;6;14;2;;;1;1;1;;;1;2
10;2;6;23;0;;1;1;A-4;343;3;14;2;;;3;1;4;;;1;2
10;1;17;23;0;;1;1;A-4;344,3;3;7;2;;;1;1;1;;;10;1
12;2;12;23;0;;2;2;A-6175;8,6;6;2;2;;;1;1;1;;;1;1
3;3;6;23;23058;;3;2;No inventariada;;9;2;2;;;1;4;1;;;1;998
3;4;12;23;23058;;3;2;No inventariada;;9;7;2;;;3;1;3;;;1;998
4;7;12;23;0;;1;1;JA-3203;7,345;6;3;2;;;1;1;1;;;1;2
4;4;17;23;23058;;1;1;A-320;2,7;5;16;2;;;1;1;1;;;18;1
6;1;22;23;23058;;1;1;A-316;29,783;3;16;2;;;1;6;1;;;4;1
4;3;9;23;23058;;3;2;No inventariada;;9;7;2;;;1;1;1;;;6;998
7;1;12;23;23058;;3;2;No inventariada;;9;1;2;;;1;1;1;;;1;998
7;2;14;23;23058;;3;2;No inventariada;;9;2;1;4;;1;1;1;;;1;998
10;1;9;23;23058;;1;1;A-316;24,4;3;4;2;;;1;1;1;;;1;1
12;4;19;23;23058;;3;2;No inventariada;;9;2;1;1;;3;4;3;;;1;998
12;2;18;23;23058;;1;1;A-320;7,751;6;8;2;;;1;6;1;;;1;1
2;5;3;23;23059;;1;1;A-4;333,7;3;6;2;;;1;6;2;;;1;2
5;3;20;23;23059;;1;1;A-420;14,4;6;12;2;;;1;1;1;;;1;2
5;6;22;23;23059;;1;1;CSJ;0,1;10;16;2;;;1;6;1;;;1;3
9;1;20;23;23059;;1;1;A-4;337;3;12;2;;;1;1;1;;;1;2
11;3;11;23;23059;;1;1;A-4;334,125;3;18;2;;;3;1;4;;;1;2
11;3;15;23;23059;;1;1;A-4;340,2;3;16;2;;;3;1;3;;;1;2
1;7;17;23;23060;;3;2;No inventariada;;9;2;1;1;;1;1;1;;;1;998
1;5;17;23;23060;;3;2;No inventariada;;9;7;2;;;1;1;1;;;1;998
2;6;12;23;23060;;3;2;No inventariada;;9;2;1;1;;3;1;2;;;1;998
2;5;15;23;23060;;1;1;JA-3308;1,15;6;2;2;;;3;1;3;;;4;2
2;5;10;23;23060;;3;2;No inventariada;;9;7;2;;;1;1;1;;;1;998
2;1;13;23;23060;;3;2;No inventariada;;9;2;2;;;1;1;2;;;1;998
3;2;4;23;23060;;1;1;A-316;79,99;6;14;2;;;3;6;3;;;1;3
4;3;22;23;23060;;1;1;A-316;77,1;3;1;1;2;A-316;1;6;1;;;1;3
4;3;7;23;23060;;1;1;JA-3308;6,2;5;9;2;;;1;1;1;;;1;1
4;1;17;23;23060;;3;2;No inventariada;;14;19;2;;;1;1;1;;;1;998
4;2;11;23;23060;;3;2;No inventariada;;9;2;1;1;;1;1;1;;;1;998
6;3;16;23;23060;;1;1;A-316;72,704;5;19;2;;;1;1;2;;;1;2
7;1;15;23;23087;;1;1;A-316;71,732;3;3;2;;;1;1;1;;;1;1
7;6;0;23;23060;;3;2;No inventariada;;9;2;1;2;;1;4;1;;;1;998
7;4;22;23;23060;;3;2;No inventariada;;9;3;2;;;1;4;1;;;1;998
7;5;8;23;23060;;1;1;A-316;74,2;3;15;2;;;1;1;1;;;1;2
7;3;22;23;23060;;1;1;JA-3308;1;6;18;2;;;1;6;1;;;1;2
8;7;17;23;23060;;1;1;JA-3305;2,9;6;17;2;;;1;1;1;;;1;2
7;2;10;23;23060;;3;2;No inventariada;;9;7;2;;;1;1;1;;;1;998
8;4;13;23;23060;;3;2;No inventariada;;9;7;2;;;1;1;1;;;1;998
9;6;18;23;23060;;1;1;JA-3307;4,6;6;18;2;;;1;1;1;;;1;1
9;3;8;23;23060;;3;2;No inventariada;;9;2;2;;;1;1;1;;;1;998
10;4;10;23;23060;;3;2;No inventariada;;9;7;1;2;;3;1;2;;;1;998
9;4;14;23;23060;;3;2;No inventariada;;9;2;1;2;;1;1;1;;;1;998
11;1;12;23;23060;;1;1;A-316;78,964;6;12;2;;;1;1;1;;;1;1
11;6;16;23;23060;;3;2;No inventariada;;9;10;1;1;;1;1;1;;;1;998
12;4;16;23;23060;;1;1;JA-3306;7,1;6;1;2;;;3;1;1;;;1;2
12;6;17;23;23060;;1;1;A-316;72,6;3;4;2;;;1;2;1;;;6;2
12;1;10;23;23060;;1;1;A-316;75,8;3;4;2;;;1;1;1;;;1;1
8;7;11;23;23061;;3;2;No inventariada;;9;7;1;1;;1;1;1;;;1;998
5;3;22;23;0;;1;1;A-6203;33,5;6;19;2;;;1;6;1;;;1;1
5;6;9;23;0;;1;1;CV-1001;2,1;10;1;2;;;1;1;1;;;12;3
1;7;12;23;0;;1;1;A-312;38,5;6;2;2;;;1;1;1;;;1;1
4;3;9;23;0;;1;1;A-312;36,1;6;2;1;12;;1;1;1;;;1;1
7;6;3;23;0;;1;1;A-312;41,324;5;15;2;;;1;6;1;;;1;2
8;7;12;23;0;;1;1;A-312;41,4;6;1;2;;;1;1;1;;;1;2
10;2;14;23;0;;1;1;JA-3208;0,39;6;2;2;;;1;1;1;;;18;1
12;2;21;23;0;;1;1;A-44;77,4;3;14;2;;;1;6;1;;;1;1
4;6;17;23;0;;1;1;A-317;2,8;6;14;2;;;1;1;1;;;1;1
6;5;20;23;0;;1;1;A-6303;11;6;1;2;;;3;1;3;;;1;2
3;1;13;23;23066;;1;1;A-326;10;6;3;2;;;1;1;1;;;1;2
3;2;12;23;23066;;1;1;A-315;22;6;2;1;4;;1;1;1;;;1;1
6;7;22;23;23066;;1;1;A-319;2,8;6;1;1;2;;1;6;1;;;1;3
8;6;18;23;23066;;3;2;No inventariada;;9;16;2;;;1;1;1;;;1;998
3;3;7;23;0;;1;1;JA-3203;2,1;5;19;2;;;3;1;3;;;1;2
5;6;17;23;0;;1;1;N-323a;55,2;6;19;2;;;1;1;1;;;1;3
7;5;15;23;0;;3;2;No inventariada;;9;2;1;1;;1;1;1;;;1;998
10;5;16;23;0;;1;1;A-44;53,4;3;14;2;;;3;1;3;;;1;2
11;7;22;23;0;;1;1;N-323;55;6;12;2;;;1;6;1;;;1;2
3;1;7;23;23087;;1;1;A-306;44,726;5;19;2;;;1;3;1;;;1;2
3;4;6;23;23069;;1;1;A-306;35,7;5;15;2;;;3;4;4;;;1;2
6;5;12;23;23069;;1;1;A-305;31,924;6;19;2;;;1;1;1;;;1;2
8;6;8;23;23069;;1;1;A-6052;32,3;6;2;2;;;1;1;1;;;1;3
12;7;20;23;23069;;1;1;A-306;32;6;9;1;4;;1;6;1;;;1;2
3;2;13;23;0;;3;2;No inventariada;;9;10;2;;;1;1;1;;;1;998
1;5;19;23;0;;3;2;No inventariada;;9;7;2;;;9;4;7;;;16;998
5;5;13;23;0;;1;1;CV CAÑADA;2;10;2;1;1;;1;1;1;;;2;1