MES;DIA_SEMANA;HORA;COD_PROVINCIA;COD_MUNICIPIO;ISLA;ZONA;ZONA_AGRUPADA;CARRETERA;KM;TIPO_VIA;TIPO_ACCIDENTE;NUDO;NUDO_INFO;CARRETERA_CRUCE;CONDICION_FIRME;CONDICION_ILUMINACION;CONDICION_METEO;CONDICION_NIEBLA;CONDICION_VIENTO;VISIB_RESTRINGIDA_POR;TRAZADO_PLANTA
6;5;12;23;0;;1;1;A-315;66,5;6;2;1;2;;1;1;1;;;1;3
6;4;18;23;0;;1;1;JA-8201;0,02;6;19;1;4;A-315;1;1;1;;;1;1
11;6;19;23;0;;3;2;No inventariada;;9;13;2;;;1;4;1;;;1;998
4;5;19;23;0;;3;2;No inventariada;;9;2;2;;;1;1;1;;;1;998
9;2;12;23;0;;1;1;N-322;225,1;6;2;1;10;;1;1;1;;;1;1
2;7;16;23;0;;1;1;A-310;0,6;6;19;2;;;3;1;3;;;1;1
6;6;19;23;0;;1;1;N-322;226,9;6;12;2;;;1;1;1;;;1;1
7;6;12;23;0;;1;1;A-310;4;6;4;2;;;1;1;1;;;1;1
9;1;11;23;0;;1;1;A-310;2,1;6;3;2;;;1;1;1;;;1;1
12;3;19;23;0;;1;1;A-310;4,7;6;4;2;;;1;4;1;;;1;1
1;4;16;23;0;;1;1;A-322;36,2;6;1;2;;;3;1;2;;;4;1
9;6;19;23;0;;1;1;JA-7200;0,8;6;14;2;;;2;1;1;;;1;1
5;2;14;23;0;;3;2;No inventariada;;9;7;1;1;;1;1;1;;;1;998
5;3;9;23;23092;;1;1;A-6103;3,8;6;18;2;;;1;1;1;;;1;2
1;5;13;23;0;;1;1;A-4;250,8;3;12;2;;;4;1;4;;;5;2
1;3;17;23;0;;1;1;N-4a;254;6;19;2;;;1;1;1;;;4;2
3;7;9;23;0;;1;1;A-4;257;3;14;2;;;3;1;3;;;1;2
4;7;1;23;0;;1;1;JA-7102;1,8;6;15;2;;;1;6;1;;;1;3
4;5;19;23;0;;1;1;N-4a;246,5;6;10;2;;;1;1;1;;;4;2
5;1;18;23;0;;1;1;A-4;255,2;3;16;2;;;1;1;1;;;1;1
6;1;6;23;0;;1;1;A-4;260,604;3;6;2;;;1;6;1;;;1;1
7;5;13;23;0;;1;1;A-4;262,3;3;15;2;;;1;1;1;;;1;1
8;4;11;23;0;;1;1;A-4;257;3;4;2;;;1;1;1;;;1;1
8;6;17;23;0;;1;1;A-6200;3,975;6;1;2;;;1;1;1;;;4;3
11;2;7;23;0;;1;1;A-312;47,7;6;8;2;;;1;2;1;;;1;1
4;3;11;23;0;;1;1;A-317;8;6;18;2;;;1;1;1;;;1;1
8;2;9;23;0;;3;2;No inventariada;;9;7;1;2;;1;1;1;;;2;998
8;7;14;23;0;;1;1;A-317;5,9;6;16;2;;;1;1;1;;;1;2
9;3;14;23;0;;1;1;JA-9117;2,9;6;14;2;;;1;1;1;;;1;3
5;6;13;23;0;;1;1;A-310;26,25;6;16;2;;;1;1;1;;;1;2
8;7;10;23;0;;1;1;A-6300;6,4;6;12;2;;;1;1;1;;;1;2
10;4;9;23;0;;1;1;A-310;19,85;6;18;2;;;3;1;2;;;1;2
3;2;16;23;0;;1;1;A-6201;6,5;6;17;2;;;6;1;5;;;1;2
6;3;6;23;23097;;1;1;A-6201;4,8;6;1;2;;;1;2;2;;;1;3
11;3;8;23;0;;1;1;JH-3051;2,475;6;16;2;;;1;1;2;;;1;1
12;5;16;23;0;;3;2;No inventariada;;9;10;1;1;;1;1;1;;;1;998
1;1;19;23;23086;;1;1;A-316;64,3;3;3;2;;;1;6;1;;;1;1
2;4;18;23;23086;;3;2;No inventariada;;9;15;2;;;1;1;1;;;1;998
2;4;14;23;23086;;1;1;A-316;66,3;14;19;1;4;JA-3309;1;1;1;;;1;2
4;3;15;23;23086;;1;1;A-316;65;3;12;2;;;1;1;1;;;1;2
4;4;6;23;23086;;1;1;A-316;64,5;3;4;2;;;1;6;1;;;1;1
5;3;16;23;23086;;1;1;No inventariada;2;10;19;2;;;1;1;1;;;12;3
8;5;13;23;23086;;1;1;A-311;4,45;6;2;1;2;;1;1;1;;;1;1
8;1;16;23;23086;;1;1;A-316;61;3;6;2;;;1;1;1;;;1;1
9;6;11;23;23086;;1;1;JA-3401;4,302;6;16;2;;;1;1;1;;;1;1
2;1;9;23;23087;;3;2;No inventariada;;9;4;2;;;1;1;1;;;1;998
2;2;17;23;23087;;3;2;No inventariada;;9;7;2;;;1;1;1;;;1;998
3;2;13;23;23087;;3;2;No inventariada;;9;2;1;1;;1;1;1;;;1;998
4;1;23;23;23087;;1;1;A-306;47,7;6;12;1;2;A-321;1;6;1;;;10;1
5;1;8;23;23087;;3;2;No inventariada;;9;4;2;;;1;1;2;;;1;998
10;6;13;23;23087;;1;1;A-316;70,2;3;8;2;;;1;1;2;;;1;3
10;6;4;23;23087;;1;1;A-316;69,7;3;12;2;;;1;6;1;;;1;1
12;7;5;23;23087;;1;1;A-306;47,748;6;16;1;4;A-306;1;4;1;;;1;1
1;6;12;23;23088;;1;1;A-315;1,2;6;19;2;;;3;1;2;;;4;2
2;4;16;23;23088;;1;1;A-315;0,5;6;18;2;;;1;1;1;;;1;3
4;2;16;23;23088;;1;1;A-315;10,1;6;18;2;;;1;1;1;;;1;1
5;5;11;23;23088;;1;1;A-315;11,8;6;18;2;;;1;1;1;;;4;3
6;3;18;23;23088;;1;1;A-315;7,1;6;6;2;;;1;1;1;;;1;1
11;3;17;23;23088;;1;1;A-315;1,7;6;19;2;;;1;1;1;;;1;3
8;7;17;23;23088;;3;2;No inventariada;;9;16;2;;;1;1;1;;;1;998
12;4;21;23;23088;;3;2;No inventariada;;9;2;1;1;;1;4;1;;;1;998
12;3;7;23;23088;;1;1;A-32;44,4;3;4;2;;;1;6;1;;;1;1
12;7;19;23;23088;;3;2;No inventariada;;9;7;2;;;1;4;1;;;1;998
3;5;15;23;0;;3;2;No inventariada;;9;7;2;;;1;1;1;;;9;998
2;6;4;23;23092;;1;1;A-315;14,2;6;2;2;;;3;4;3;;;1;1
2;5;17;23;23092;;1;1;A-401;0,7;6;4;2;;;3;1;4;;;1;1
2;5;18;23;23092;;1;1;JV-3200;8,5;6;15;2;;;2;1;3;;;1;3
1;7;22;23;23092;;3;2;No inventariada;;9;2;1;1;;1;4;1;;;1;998
1;2;9;23;23092;;3;2;No inventariada;;9;7;1;2;;1;1;1;;;1;998
1;1;19;23;23092;;3;2;No inventariada;;9;7;2;;;1;4;1;;;1;998
1;3;18;23;23092;;3;2;No inventariada;;9;3;2;;;1;4;1;;;1;998
3;6;21;23;23092;;1;1;A-32;37,6;3;12;2;;;3;6;4;;;5;1
2;1;18;23;23092;;3;2;No inventariada;;9;4;2;;;1;1;1;;;6;998
3;6;9;23;23092;;1;1;A-401;4,85;6;19;2;;;1;1;2;;;1;1
4;6;17;23;23092;;1;1;A-301;39,05;6;4;1;2;;1;1;1;;;1;1
4;4;15;23;23092;;1;1;A-401;11,7;6;2;1;2;JV-3033;1;1;1;;;1;1
3;7;10;23;23092;;3;2;No inventariada;;9;10;1;2;;1;1;1;;;1;998
3;1;12;23;23092;;3;2;No inventariada;;9;7;2;;;1;1;1;;;1;998
4;1;11;23;23092;;3;2;No inventariada;;9;20;2;;;1;1;1;;;1;998
4;2;17;23;23092;;3;2;No inventariada;;9;2;2;;;1;1;1;;;1;998
5;1;18;23;23092;;1;1;N-322;150,3;6;1;2;;;1;1;1;;;18;1
6;3;13;23;23092;;1;1;A-32;35;3;12;2;;;1;1;1;;;1;1
5;3;17;23;23092;;3;2;No inventariada;;9;3;1;2;;1;1;1;;;1;998
5;3;19;23;23092;;3;2;No inventariada;;9;4;2;;;1;1;1;;;1;998
6;4;12;23;23092;;3;2;No inventariada;;9;2;1;2;;1;1;1;;;1;998
6;4;23;23;23092;;3;2;No inventariada;;9;3;1;2;;1;4;1;;;1;998
6;2;16;23;23092;;3;2;No inventariada;;9;4;2;;;1;1;1;;;18;998
8;3;3;23;23092;;1;1;A-6105;12,9;6;18;2;;;1;6;1;;;1;2
6;7;21;23;23092;;3;2;No inventariada;;9;7;1;2;;1;1;1;;;5;998
7;4;15;23;23092;;3;2;No inventariada;;9;1;1;2;;1;1;1;;;18;998
6;3;20;23;23092;;3;2;No inventariada;;9;7;2;;;1;1;1;;;1;998
6;5;11;23;23092;;3;2;No inventariada;;9;7;1;2;;1;1;1;;;1;998
9;4;14;23;23092;;3;2;No inventariada;;9;3;1;1;;1;1;1;;;1;998
10;2;16;23;23092;;1;1;A-32;34;3;3;2;;;1;1;1;;;1;1
8;3;16;23;23092;;3;2;No inventariada;;9;1;2;;;1;1;1;;;1;998
10;4;14;23;23092;;1;1;A-301;41,4;6;16;2;;;3;1;3;;;1;2
10;5;12;23;23092;;1;1;JA-5106;0;6;16;1;2;A-322;1;1;1;;;1;1
11;6;12;23;23092;;3;2;No inventariada;;9;1;2;;;1;1;1;;;1;998
8;6;0;23;23092;;3;2;No inventariada;;9;1;1;2;;1;3;1;;;18;998
7;2;21;23;23092;;3;2;No inventariada;;9;7;2;;;1;1;1;;;18;998
11;4;21;23;23092;;1;1;A-6105;0,616;5;18;2;;;1;6;1;;;1;1
9;5;11;23;23092;;3;2;No inventariada;;9;20;2;;;1;1;1;;;1;998
9;6;12;23;23092;;3;2;No inventariada;;9;2;1;1;;1;1;1;;;1;998
10;2;7;23;23092;;3;2;No inventariada;;9;3;1;4;;3;2;1;;;1;998
11;7;13;23;23092;;3;2;No inventariada;;9;5;2;;;1;1;1;;;1;998
11;7;7;23;23092;;3;2;No inventariada;;9;7;2;;;1;1;1;;;1;998
11;6;23;23;23092;;3;2;No inventariada;;9;6;1;2;;1;4;1;;;1;998
12;1;18;23;23092;;3;2;No inventariada;;9;7;1;2;;1;3;1;;;1;998
11;6;17;23;23092;;3;2;No inventariada;;14;2;1;2;;1;1;1;;;1;998
12;3;19;23;23092;;1;1;A-316;0,933;3;20;2;;;1;4;1;;;1;3
5;7;23;23;23099;;1;1;VEREDA VIL;5;10;18;2;;;1;6;1;;;1;1
2;4;14;23;0;;1;1;A-312;19,2;6;4;1;2;;1;1;1;;;1;1
5;7;12;23;0;;1;1;A-6107;2,5;6;16;2;;;1;1;1;;;1;1
5;3;13;23;0;;1;1;A-312;19,9;6;18;2;;;1;1;1;;;1;3
7;4;14;23;0;;1;1;JA-6104;0,95;6;14;2;;;1;1;1;;;1;2
8;3;10;23;0;;1;1;JA-6104;3,1;6;18;2;;;1;1;1;;;1;2
9;5;10;23;0;;1;1;A-312;16,95;6;4;1;12;;1;1;1;;;1;1
10;6;12;23;0;;1;1;A-301;24,9;6;16;2;;;3;1;3;;;1;2
11;5;17;23;0;;1;1;A-312;24,156;6;14;2;;;1;2;1;;;1;3
11;7;17;23;0;;1;1;A-301;23;6;1;2;;;1;2;1;;;1;1
12;3;9;23;23055;;1;1;A-312;13,354;6;19;2;;;1;1;1;;;1;1
1;4;15;23;23095;;3;2;No inventariada;;9;2;1;1;;1;1;2;;;1;998
3;2;13;23;23095;;1;1;A-6204;6,9;6;3;2;;;1;1;1;;;1;1
5;2;11;23;23095;;1;1;JV-6001;0,5;6;3;2;;;1;1;1;;;4;2
5;1;22;23;23095;;3;2;No inventariada;;9;10;2;;;1;4;1;;;1;998
2;6;11;23;23095;;2;2;N-322;176;6;2;1;5;;1;1;1;;;1;1
8;5;18;23;23095;;1;1;A-6204;14,8;6;17;2;;;1;1;1;;;1;2
7;6;16;23;23095;;3;2;No inventariada;;9;16;2;;;1;1;1;;;1;998
8;2;23;23;23095;;1;1;A-6204;6;6;19;2;;;1;6;1;;;4;2
2;4;23;23;0;;1;1;A-4;308,8;3;18;2;;;1;6;1;;;1;1
4;5;11;23;0;;1;1;A-4;301,67;3;16;2;;;1;1;1;;;1;3
6;4;9;23;0;;1;1;JA-2321;10,883;6;19;2;;;1;1;1;;;1;3
7;5;10;23;0;;1;1;A-4;309,05;3;18;2;;;1;1;1;;;1;1
9;7;10;23;0;;1;1;A-4;304,35;3;16;2;;;1;1;1;;;1;2
12;3;0;23;0;;1;1;A-6075;6,2;6;15;2;;;1;6;1;;;1;1
1;7;16;23;23097;;3;2;No inventariada;;9;7;2;;;1;1;1;;;18;998
3;4;19;23;23097;;1;1;A-6202;3;6;18;2;;;1;6;1;;;1;1
5;6;16;23;23097;;1;1;N-322;193,75;6;16;2;;;1;1;1;;;1;1
6;7;22;23;23097;;1;1;N-322;198,2;6;16;1;2;A-32;1;6;1;;;1;2
6;6;20;23;23097;;1;1;A-6202;15;6;13;2;;;1;1;1;;;1;2
12;5;20;23;0;;1;1;N-322;221,6;6;3;2;;;1;6;1;;;1;1
4;1;1;23;23087;;1;1;JA-3414;0,809;6;16;2;;;3;6;3;;;4;2
8;7;19;23;23050;;1;1;A-6050;5,42;6;4;2;;;1;1;1;;;1;1
11;6;16;23;23099;;1;1;A-6050;7,2;6;2;2;;;1;1;1;;;1;3
11;7;18;23;23099;;1;1;CV-1 LSV;5,5;10;12;2;;;8;6;1;;;1;1
3;3;20;23;0;;1;1;A-44;66,5;3;5;2;;;3;6;3;;;1;1
4;1;8;23;0;;1;1;A-44;66,6;3;12;2;;;3;2;2;;;1;3
5;6;17;23;0;;1;1;A-44;59,8;3;14;2;;;1;1;1;;;1;3
7;2;7;23;0;;3;2;No inventariada;;7;7;2;;;1;3;1;;;1;998
7;1;19;23;0;;1;1;JA-4110;4,3;6;18;2;;;1;1;1;;;6;2
9;7;11;23;0;;1;1;JA-3100;2,288;6;4;2;;;1;1;1;;;1;1
11;6;22;23;0;;1;1;JA-3100;3,5;6;14;2;;;1;6;1;;;1;2
11;6;15;23;0;;1;1;JA-3100;1,564;6;15;2;;;1;1;1;;;1;2
11;7;17;23;0;;1;1;A-319;59;6;2;2;;;1;1;1;;;4;1
1;5;8;23;0;;1;1;N-322;209,1;6;2;2;;;3;2;3;;;1;1
2;6;20;23;0;;1;1;CAMINO;5;14;14;2;;;1;6;1;;;1;1
9;4;4;24;0;;1;1;CL-635;9,3;6;14;2;;;3;6;3;;;18;2
3;1;11;24;0;;3;2;No inventariada;;9;7;2;;;1;1;1;;;17;998
12;4;15;24;0;;1;1;CAMINO VEC;185,818;10;19;2;;;2;1;1;;;1;1
12;6;14;24;0;;1;1;LE-114;25;6;8;2;;;1;1;1;;;1;1
8;7;12;24;0;;1;1;LE-232;40;6;14;2;;;1;1;1;;;1;1
3;6;12;24;0;;1;1;LE-412;9,7;6;2;1;1;;3;1;4;;;1;1
8;6;18;24;0;;1;1;LE-411;18,4;6;14;2;;;1;1;1;;;1;2
10;7;0;24;0;;1;1;LE-412;7,091;6;18;2;;;1;6;1;;;1;2
7;1;13;24;0;;1;1;A-66;166;3;12;2;;;1;1;1;;;1;1
5;2;10;24;0;;3;2;No inventariada;;9;20;2;;;3;1;2;;;18;998
2;6;7;24;24010;;1;1;LE-125A;2,35;6;12;2;;;1;4;1;;;1;1
4;7;5;24;0;;1;1;A-6;331,7;3;14;2;;;1;6;1;;;1;3
10;6;14;24;24008;;1;1;A-6;328,1;3;19;2;;;1;1;1;;;1;1
10;3;15;24;24008;;1;1;A-6;326,1;3;7;2;;;1;1;1;;;1;1
12;7;21;24;24008;;1;1;A-6;330;3;16;2;;;1;6;1;;;1;1
2;1;16;24;24010;;3;2;No inventariada;;9;7;2;;;1;1;1;;;18;998
2;7;6;24;24010;;3;2;No inventariada;;9;12;2;;;1;4;1;;;1;998
2;6;18;24;24010;;3;2;No inventariada;;9;20;2;;;1;1;1;;;1;998
3;5;13;24;24010;;1;1;A-6;304,7;3;16;2;;;9;1;1;;;1;3
5;5;11;24;24010;;3;2;No inventariada;;9;7;2;;;1;1;1;;;18;998
6;3;9;24;24010;;3;2;No inventariada;;9;4;2;;;1;1;1;;;1;998
7;1;22;24;24010;;1;1;LE-420;0,1;6;;;;;999;999;999;;;999;999
11;4;11;24;24010;;3;2;No inventariada;;9;7;2;;;1;1;1;;;1;998
5;6;13;24;0;;1;1;AP-66;107,4;1;3;2;;;3;1;3;;;1;3
2;7;21;24;24014;;1;1;A-6;367,287;3;16;2;;;3;6;3;;;12;1
2;1;10;24;24014;;3;2;No inventariada;;9;7;1;1;;1;1;1;;;6;998
3;7;13;24;24014;;1;1;A-6;369,2;3;16;2;;;3;1;3;;;1;3
3;1;8;24;24014;;1;1;N-6;364,5;6;18;2;;;1;1;2;;;1;2
5;1;14;24;24014;;1;1;LE-106;17,167;6;4;1;2;;1;1;1;;;1;1
6;5;22;24;24014;;3;2;No inventariada;;9;7;1;1;;1;4;1;;;1;998
7;6;2;24;24014;;1;1;N-6;370,52;6;8;2;;;1;6;1;;;1;1
10;1;16;24;24014;;3;2;No inventariada;;9;10;1;2;;1;6;1;;;2;998
11;2;13;24;24014;;1;1;LE-463;0,021;6;12;2;;;3;1;3;;;18;1
3;3;20;24;0;;1;1;LE-420;24;6;20;1;2;;1;6;1;;;1;1
6;1;12;24;0;;1;1;CL-621;42,2;6;18;2;;;1;1;1;;;1;1
7;3;19;24;0;;3;2;No inventariada;;9;7;1;2;;1;1;1;;;1;998
8;2;12;24;0;;1;1;A-231;40,5;3;19;2;;;1;1;1;;;1;1
4;3;18;24;0;;1;1;LE-715;6,186;6;2;1;5;LE-716;1;1;1;;;1;1
4;5;12;24;0;;1;1;N-621;97,302;6;19;2;;;1;1;2;;;1;2
5;5;16;24;0;;1;1;N-621;118,76;6;19;2;;;1;1;1;;;4;2
7;5;13;24;0;;1;1;LE-215;2,1;6;19;2;;;1;1;1;;;4;2
8;4;14;24;0;;1;1;LE-215;11,49;6;16;2;;;1;1;1;;;4;2
9;1;18;24;0;;1;1;N-621;118,5;6;17;2;;;1;1;1;;;1;2
9;7;13;24;0;;1;1;LE-215;10,15;6;16;2;;;1;1;1;;;4;3
10;5;15;24;0;;1;1;N-621;120,25;6;19;2;;;1;1;1;;;6;1
3;5;13;24;0;;1;1;LE-331;6,05;6;16;2;;;3;1;6;;;1;2
5;3;14;24;0;;1;1;LE-331;5;6;19;2;;;1;1;1;;;1;2
9;5;17;24;0;;1;1;LE-331;19,424;6;10;2;;;1;1;2;;;4;2
10;3;20;24;0;;3;2;No inventariada;;9;7;2;;;3;4;3;;;1;998
12;1;23;24;0;;1;1;LE-331;20;6;8;2;;;3;6;2;;;1;1
12;4;1;24;0;;1;1;LE-331;12,5;6;18;2;;;3;6;4;;;5;1
11;1;17;24;0;;1;1;PISTA F;11,4;14;6;2;;;8;1;1;;;1;1
1;1;14;24;0;;1;1;A-6;330,8;3;15;2;;;1;1;2;;;1;1
1;4;15;24;0;;1;1;A-6;338,078;3;20;2;;;1;1;1;;;1;1
8;6;16;24;0;;1;1;N-6;334,258;6;4;2;;;1;1;1;;;18;1
9;4;9;24;0;;1;1;A-6;343,9;3;18;2;;;1;1;1;;;1;1
1;5;21;24;0;;1;1;A-231;33;3;14;2;;;3;6;2;;;1;1
8;3;20;24;0;;1;1;A-231;33,35;3;4;2;;;1;1;1;;;6;1
1;7;11;24;0;;1;1;CL-621;59,7;6;10;2;;;1;1;2;;;1;1
4;3;21;24;0;;1;1;CL-621;60;6;8;2;;;1;6;1;;;1;1
11;1;21;24;0;;1;1;CL-621;57,1;6;8;2;;;1;6;1;;;12;1
12;2;14;24;0;;1;1;CL-621;60;6;19;2;;;1;1;2;;;1;1
3;6;8;24;24115;;1;1;LE-711;2,042;6;18;2;;;3;1;3;;;1;1
7;4;11;24;0;;1;1;LE-711;5,6;6;2;1;4;;1;1;1;;;1;1
6;6;11;24;0;;1;1;N-6;298,74;6;1;2;;;1;1;1;;;1;3
8;5;23;24;0;;1;1;CL-626;28,7;6;4;2;;;1;4;1;;;1;1
2;5;19;24;0;;3;2;No inventariada;;9;2;1;1;;3;6;3;;;1;998
5;6;12;24;0;;1;1;LE-713;8,95;6;7;1;4;;1;1;1;;;18;1
11;5;19;24;0;;1;1;LE-713;8,2;6;2;1;2;;1;4;1;;;1;1
12;6;16;24;0;;2;2;LE-713;8,223;6;16;2;;;1;1;1;;;1;1
12;3;19;24;0;;1;1;LE-713;8,5;6;7;2;;;1;4;1;;;1;1
3;6;10;24;0;;1;1;N-120;242,4;6;18;2;;;3;1;1;;;1;1
3;1;14;24;0;;1;1;A-231;44,7;3;14;2;;;1;1;1;;;1;1
2;2;13;24;0;;2;2;LE-713;2,547;6;5;2;;;1;1;1;;;1;1
4;3;14;24;0;;1;1;N-536;0,7;6;4;1;2;;1;1;1;;;1;1
5;7;12;24;0;;1;1;LE-5209;2,6;6;10;2;;;1;1;1;;;1;1
8;4;23;24;0;;1;1;A-6;395,739;3;8;2;;;1;6;1;;;1;1
9;7;11;24;0;;3;2;No inventariada;;9;7;2;;;1;1;1;;;1;998
4;2;11;24;0;;1;1;LE-4211;29,5;6;10;2;;;6;1;6;1;;5;1
8;2;13;24;0;;1;1;LE-4202;1,95;6;12;2;;;1;1;1;;;1;1
9;7;5;24;0;;1;1;LE-3708;0,75;6;17;2;;;3;6;2;;;4;3
9;1;9;24;0;;1;1;N-6;397,3;6;1;2;;;1;1;1;;;1;1
12;5;10;24;0;;1;1;N-6;395,5;6;2;1;2;;1;1;2;1;;5;1
6;7;6;24;0;;1;1;LE- S/N;1;10;16;2;;;1;1;1;;;1;1
8;5;19;24;0;;1;1;LE-5503;1,6;6;20;2;;;1;1;1;;;1;1
11;1;17;24;0;;3;2;No inventariada;;9;7;2;;;1;1;1;;;6;998
8;3;20;24;0;;1;1;CL-626;82,8;6;2;1;2;;1;1;1;;;1;1
12;1;6;24;0;;1;1;N-120;435,662;6;8;2;;;1;6;1;;;1;1
1;1;22;24;0;;1;1;LE-110;12;6;15;2;;;1;4;1;;;1;1
2;3;14;24;0;;1;1;LE-126;4,9;6;12;2;;;1;1;1;;;1;1
7;1;20;24;0;;3;2;No inventariada;;9;2;1;2;;1;2;1;;;6;998
4;4;9;24;0;;1;1;N-6;295,2;6;2;1;1;LE-N-006;1;1;1;;;1;1
4;5;11;24;0;;1;1;N-6;293,7;6;12;2;;;1;1;2;;;1;2
5;1;17;24;0;;1;1;A-6;294;3;14;2;;;1;1;1;;;1;1
7;4;1;24;0;;1;1;A-6;294,5;3;12;2;;;1;6;1;;;1;3
11;4;12;24;0;;1;1;LE-7506;2;6;19;2;;;1;1;1;;;1;1
7;6;4;24;0;;1;1;CL-626;149,967;6;17;2;;;1;6;1;;;1;2
11;4;12;24;0;;1;1;N-621;62,4;6;7;2;;;1;1;1;;;6;1
7;7;3;24;0;;1;1;A-6;380;3;12;2;;;1;6;1;;;1;2
10;2;12;24;0;;1;1;N-6;377,319;6;10;1;2;;1;1;1;;;12;1
12;7;18;24;0;;1;1;N-621;83,35;6;12;2;;;3;6;3;;;5;2
5;4;3;24;0;;1;1;LE-4514;9,2;6;15;2;;;1;6;1;;;1;1
11;1;12;24;0;;1;1;CL-623;7;6;10;2;;;1;1;1;;;1;2
11;2;16;24;24163;;1;1;CL-623;6,5;6;1;2;;;1;1;1;;;1;1
12;6;16;24;0;;1;1;LE-512;17,9;6;4;2;;;1;1;1;;;1;1
2;5;4;24;0;;1;1;CL-631;5,8;5;12;1;4;;3;4;3;;;1;2
8;1;11;24;0;;1;1;LE-715;1,7;6;18;2;;;1;1;1;;;1;2
12;5;12;24;0;;1;1;LE-715;0,001;6;10;2;;;1;1;2;;;1;1
12;5;21;24;0;;1;1;CL-631;7,187;5;8;2;;;1;4;1;;;1;1
6;3;17;24;0;;1;1;CL-622;7,4;6;2;2;;;1;1;1;;;1;3
7;6;14;24;0;;3;2;No inventariada;;9;2;1;2;;1;1;1;;;1;998
8;6;17;24;0;;1;1;LE-133;12,9;6;16;2;;;1;1;1;;;1;2
6;2;17;24;0;;1;1;LE-126;65,65;6;10;2;;;4;1;4;1;;5;1
5;6;20;24;0;;1;1;LE-4615;2,5;6;12;2;;;1;1;1;;;2;3
8;3;19;24;0;;1;1;LE-4606;3,325;6;7;1;2;;1;1;1;;;9;1
2;2;11;24;0;;1;1;LE-715;12,195;6;18;2;;;1;1;1;;;1;1
3;5;10;24;0;;3;2;No inventariada;;9;1;2;;;6;1;6;;;1;998
3;6;2;24;0;;1;1;LE-4212;1,159;6;4;2;;;1;6;1;;;1;2
11;1;17;24;0;;1;1;LE-715;12,874;6;15;2;;;1;2;1;;;1;1
4;7;2;24;0;;3;2;No inventariada;;9;12;2;;;1;6;2;;;1;998
6;2;18;24;0;;1;1;LE-465;1;6;19;2;;;1;1;2;;;1;2
11;7;19;24;0;;1;1;A-6;360,274;3;4;2;;;1;6;1;;;1;1
12;1;14;24;0;;1;1;No inventariada;2,1;14;14;2;;;2;1;1;;;1;1
2;1;18;24;0;;1;1;LE-512;21,3;6;4;1;2;;1;2;1;;;1;1
2;2;8;24;0;;1;1;LE-311;14,86;6;12;2;;;5;2;1;;;17;2
7;6;18;24;0;;1;1;N-630;130,7;6;18;2;;;1;1;1;;;1;1
10;2;18;24;0;;1;1;LE-311;6,8;6;12;2;;;1;1;1;;;1;1
6;1;14;24;0;;1;1;LE-8604;0,85;6;16;2;;;1;1;1;;;1;1
12;4;10;24;0;;1;1;LE-5638;9,6;6;16;2;;;3;1;1;;;1;2
9;5;14;24;0;;1;1;N-120;335,3;6;4;1;4;LE-420;1;1;2;;;1;1
10;7;3;24;0;;1;1;LE-6419;1,024;6;14;2;;;1;6;2;;;1;3
4;7;19;24;0;;1;1;LE- S/N;5,9;10;1;2;;;1;1;1;;;1;1
1;5;9;24;24089;;3;2;No inventariada;;9;7;2;;;1;1;1;;;1;998
1;4;9;24;24089;;3;2;No inventariada;;9;7;1;1;;1;1;1;;;6;998
1;5;14;24;24089;;3;2;No inventariada;;14;2;2;;;1;1;1;;;1;998
2;5;11;24;24089;;3;2;No inventariada;;9;7;1;4;;1;1;1;;;1;998
1;6;21;24;24089;;3;2;No inventariada;;9;12;1;4;;1;1;1;;;1;998
1;6;19;24;24089;;3;2;No inventariada;;9;2;1;4;;1;4;1;;;1;998
1;5;19;24;24089;;3;2;No inventariada;;9;7;2;;;1;4;1;;;1;998
2;1;11;24;24089;;3;2;No inventariada;;9;;;;;999;999;999;;;999;998
2;6;23;24;24089;;3;2;No inventariada;;9;2;1;1;;1;4;1;;;9;998
1;5;11;24;24089;;3;2;No inventariada;;9;10;2;;;1;1;1;;;1;998
1;5;14;24;24089;;3;2;No inventariada;;9;7;2;;;1;1;1;;;1;998
3;1;8;24;24089;;1;1;LE-30;4,75;3;16;2;;;3;1;2;;;1;3
2;2;21;24;24089;;3;2;No inventariada;;9;12;1;4;;1;4;1;;;1;998
3;3;19;24;24089;;3;2;No inventariada;;9;7;2;;;1;1;1;;;1;998
3;3;12;24;24089;;3;2;No inventariada;;9;7;1;1;;1;1;1;;;9;998
3;1;13;24;24089;;3;2;No inventariada;;14;16;1;2;;1;1;1;;;1;998
4;3;16;24;24089;;3;2;No inventariada;;9;12;2;;;1;1;1;;;1;998
4;2;13;24;24089;;3;2;No inventariada;;9;7;1;2;;3;1;4;;;5;998
4;1;8;24;24089;;3;2;No inventariada;;9;16;1;4;;1;1;1;;;1;998
5;1;13;24;24089;;3;2;No inventariada;;9;7;1;2;;1;1;1;;;1;998
5;5;15;24;24089;;1;1;LE-30;0,1;3;12;2;;;1;1;1;;;1;3
5;5;22;24;24089;;3;2;No inventariada;;9;2;1;2;;1;4;1;;;1;998
5;4;10;24;24089;;3;2;No inventariada;;9;7;1;4;;1;1;1;;;1;998
5;1;13;24;24089;;3;2;No inventariada;;9;7;2;;;1;1;1;;;17;998
5;3;11;24;24089;;3;2;No inventariada;;9;7;1;2;;1;1;1;;;9;998
6;2;12;24;24089;;3;2;No inventariada;;9;7;1;1;;1;1;1;;;1;998
5;6;13;24;24089;;3;2;No inventariada;;9;3;2;;;1;1;1;;;1;998
6;5;10;24;24089;;3;2;No inventariada;;9;7;1;1;;1;1;1;;;1;998
7;5;19;24;24089;;3;2;No inventariada;;9;7;1;1;;1;2;1;;;6;998
8;2;22;24;24089;;3;2;No inventariada;;9;3;2;;;1;4;1;;;1;998
8;7;12;24;24089;;3;2;No inventariada;;9;7;2;;;1;1;1;;;1;998
8;5;13;24;24089;;3;2;No inventariada;;14;3;1;4;;1;1;1;;;1;998
8;6;18;24;24089;;3;2;No inventariada;;9;7;2;;;1;1;1;;;1;998
9;3;9;24;24089;;3;2;No inventariada;;9;7;1;4;;1;1;1;;;6;998
9;3;10;24;24089;;3;2;No inventariada;;9;7;2;;;1;1;1;;;1;998
9;2;19;24;24089;;3;2;No inventariada;;9;7;2;;;1;1;1;;;18;998
9;2;19;24;24089;;3;2;No inventariada;;9;7;2;;;1;1;1;;;18;998
9;3;20;24;24089;;3;2;No inventariada;;9;2;1;4;;1;1;1;;;1;998
9;4;19;24;24089;;3;2;No inventariada;;9;7;2;;;1;1;1;;;18;998
10;3;16;24;24089;;3;2;No inventariada;;9;7;1;2;;3;1;4;;;5;998
10;3;22;24;24089;;3;2;No inventariada;;9;7;1;4;;3;4;3;;;18;998
10;3;11;24;24089;;3;2;No inventariada;;9;3;2;;;1;1;1;;;1;998
10;4;8;24;24089;;3;2;No inventariada;;9;3;2;;;1;1;2;;;1;998
10;4;19;24;24089;;3;2;No inventariada;;9;7;2;;;1;4;1;;;18;998
10;3;8;24;24089;;3;2;No inventariada;;9;7;1;1;;3;1;4;;;1;998
11;5;13;24;24089;;3;2;No inventariada;;9;3;2;;;1;1;1;;;1;998