MES;DIA_SEMANA;HORA;COD_PROVINCIA;COD_MUNICIPIO;ISLA;ZONA;ZONA_AGRUPADA;CARRETERA;KM;TIPO_VIA;TIPO_ACCIDENTE;NUDO;NUDO_INFO;CARRETERA_CRUCE;CONDICION_FIRME;CONDICION_ILUMINACION;CONDICION_METEO;CONDICION_NIEBLA;CONDICION_VIENTO;VISIB_RESTRINGIDA_POR;TRAZADO_PLANTA
11;3;18;24;24089;;3;2;No inventariada;;9;7;1;2;;1;4;1;;;18;998
11;1;19;24;24089;;3;2;No inventariada;;9;7;2;;;1;3;1;;;1;998
12;4;12;24;24089;;3;2;No inventariada;;9;7;1;2;;1;1;2;;;1;998
7;6;7;24;0;;1;1;LE-5503;7,85;14;2;2;;;1;6;1;;;2;2
4;6;21;24;0;;1;1;N-625;20,8;6;5;2;;;1;2;1;;;1;1
5;5;14;24;0;;1;1;N-625;24,9;6;2;2;;;1;1;2;;;1;3
5;6;14;24;0;;1;1;LE-6615;0,5;6;19;1;2;;1;1;2;;;1;1
3;7;16;24;0;;3;2;No inventariada;;9;9;2;;;1;1;1;;;1;998
6;4;8;24;0;;1;1;N-601;311;6;3;2;;;1;1;1;;;1;1
8;6;17;24;0;;1;1;CL-635;19,128;6;15;2;;;9;1;2;;;1;2
9;7;13;24;0;;1;1;CL-635;19,05;6;16;2;;;1;1;1;;;4;2
1;6;2;24;0;;1;1;LE-311;21,5;6;17;2;;;1;6;1;;;17;2
5;4;16;24;0;;1;1;LE-311;23,8;6;17;2;;;1;1;1;;;1;3
7;3;12;24;0;;1;1;CL-626;107,395;6;20;1;4;LE-315;1;1;1;;;1;4
7;4;10;24;0;;1;1;CL-626;109,8;6;4;2;;;1;1;1;;;1;1
7;7;8;24;0;;1;1;LE-311;24,6;6;16;2;;;1;1;1;;;1;1
9;7;10;24;0;;1;1;LE-142;44,3;6;20;2;;;1;1;1;;;1;2
8;6;19;24;0;;1;1;LE-493;41,6;6;14;2;;;1;1;1;;;1;1
1;1;16;24;0;;3;2;No inventariada;;9;12;2;;;1;1;1;;;1;998
2;3;15;24;0;;1;1;LE-5512;1,3;6;19;2;;;1;1;2;;;1;3
4;6;16;24;0;;3;2;No inventariada;;9;1;2;;;1;1;1;;;1;998
5;4;20;24;0;;3;2;No inventariada;;9;10;2;;;1;1;1;;;1;998
6;3;15;24;0;;1;1;N-630;154,8;6;4;1;2;;1;1;1;;;1;1
7;2;17;24;0;;1;1;N-625;130;6;16;2;;;1;1;2;;;1;1
7;3;18;24;0;;1;1;N-625;127,3;6;16;2;;;1;1;1;;;1;2
3;5;10;24;0;;1;1;LE-4305;2,92;6;19;2;;;6;1;6;;;5;2
8;1;15;24;0;;1;1;LE-3303;6,2;6;18;1;2;;1;1;1;;;1;1
11;5;12;24;0;;1;1;CL-631;38,38;6;16;1;12;;1;1;1;;;1;1
2;4;21;24;0;;1;1;CL-631;33,3;5;7;2;;;3;6;1;;;4;2
6;1;23;24;0;;1;1;N-630;121,35;6;9;2;;;1;6;1;;;1;2
7;7;16;24;0;;1;1;N-630;110;6;3;2;;;1;1;1;;;4;2
7;7;8;24;0;;1;1;N-630;107,2;6;16;2;;;1;1;1;;;1;1
8;6;6;24;0;;1;1;N-630;113,619;6;19;2;;;1;6;1;;;1;2
8;1;17;24;0;;1;1;N-630;111,1;6;1;2;;;1;1;1;;;4;2
9;7;5;24;0;;1;1;N-630;108,35;6;1;2;;;1;6;1;;;1;2
1;2;18;24;24115;;3;2;No inventariada;;9;7;2;;;1;4;2;;;1;998
3;4;19;24;24115;;1;1;N-6;383,93;6;12;2;;;1;1;1;;;1;2
5;3;13;24;24115;;1;1;CL-631;2,7;5;2;1;5;;1;1;1;;;1;1
3;3;17;24;24115;;3;2;No inventariada;;9;7;2;;;3;1;2;;;1;998
5;6;1;24;24115;;1;1;N-6;389,413;6;12;1;2;LE-713;3;5;3;;;1;2
3;1;11;24;24115;;3;2;No inventariada;;9;2;2;;;1;4;2;;;1;998
5;6;9;24;24115;;3;2;No inventariada;;9;7;2;;;1;1;1;;;1;998
5;1;11;24;24115;;1;1;N-6;387,3;6;1;2;;;1;1;2;;;1;1
4;6;9;24;24115;;3;2;No inventariada;;9;10;2;;;1;1;1;;;1;998
5;6;19;24;24115;;1;1;LE-5244;1,75;6;2;1;1;;3;1;2;;;2;1
6;3;10;24;24115;;1;1;A-6;384,47;3;12;2;;;1;1;1;;;1;1
5;4;16;24;24115;;3;2;No inventariada;;9;1;1;2;;1;1;1;;;4;998
6;6;20;24;24115;;3;2;No inventariada;;9;16;2;;;1;1;1;;;1;998
9;4;17;24;24115;;1;1;A-6;382,8;3;14;2;;;3;1;3;;;1;3
7;6;13;24;24115;;3;2;No inventariada;;9;2;1;1;LE-5226;1;1;1;;;12;998
8;5;20;24;24115;;3;2;No inventariada;;9;10;2;;;7;1;1;;;1;998
10;3;22;24;24115;;1;1;LE-5228;11,37;6;14;2;;;3;6;2;;;1;1
10;6;20;24;24115;;1;1;N-6;381,256;6;1;2;;;1;6;2;;;1;3
11;5;13;24;24115;;1;1;A-6;389,95;3;6;2;;;1;1;1;;;1;2
8;5;9;24;24115;;3;2;No inventariada;;9;2;1;4;;1;1;1;;;1;998
9;6;22;24;24115;;3;2;No inventariada;;9;1;1;2;;1;3;1;;;1;998
10;2;20;24;24115;;3;2;No inventariada;;9;7;2;;;3;4;3;;;1;998
10;4;18;24;24115;;3;2;No inventariada;;9;7;2;;;1;1;2;;;1;998
11;1;0;24;24115;;3;2;No inventariada;;9;2;1;1;;1;4;1;;;1;998
11;1;11;24;24115;;3;2;No inventariada;;9;7;2;;;1;1;1;;;1;998
5;6;15;24;0;;1;1;LE-2703;20,1;6;17;2;;;3;1;3;;;1;1
5;5;17;24;0;;1;1;LE-2711;8;6;12;2;;;1;1;1;;;4;3
6;6;20;24;0;;1;1;N-536;5;6;12;2;;;3;1;3;;;1;2
8;5;20;24;0;;1;1;LE-3716;0,4;6;8;2;;;1;1;1;;;12;1
9;5;19;24;0;;1;1;LE-164;2;6;19;2;;;3;1;2;;;1;1
10;3;14;24;0;;2;2;N-536;32,699;6;7;2;;;1;1;1;;;1;1
8;7;18;24;0;;2;2;LE-451;30,7;6;18;2;;;8;1;1;;;4;1
8;7;20;24;0;;1;1;LE-5333;16,2;6;2;1;1;LE-5404;1;1;1;;;6;1
12;4;6;24;0;;1;1;LE-5333;15,3;6;19;1;4;;1;6;2;;;12;1
1;6;11;24;0;;1;1;No inventariada;2;10;10;2;;;2;1;2;;;1;1
5;7;11;24;0;;1;1;LE-125;5,4;6;19;2;;;1;1;1;;;4;2
4;6;14;24;0;;1;1;N-621;86,3;6;1;2;;;1;1;1;;;4;2
5;4;11;24;0;;1;1;N-625;92,211;6;5;2;;;1;1;1;;;4;2
6;7;11;24;0;;1;1;N-621;84,7;6;19;2;;;1;1;1;;;12;2
8;2;12;24;0;;1;1;N-621;93,715;6;2;1;2;N-625;1;1;1;;;1;1
9;5;20;24;0;;1;1;N-621;90,093;6;8;2;;;3;2;3;;;4;1
10;1;10;24;0;;1;1;N-625;93,46;6;1;2;;;1;1;2;;;1;2
7;6;12;24;0;;1;1;A-6;313;3;16;2;;;1;1;1;;;1;1
8;6;17;24;0;;1;1;A-6;313,1;3;10;2;;;1;1;1;;;1;1
8;1;22;24;0;;1;1;LE-6403;0,7;6;8;2;;;1;6;1;;;1;1
10;6;14;24;0;;1;1;A-6;310,8;3;14;2;;;1;1;2;;;1;1
2;1;9;24;0;;1;1;LE-420;52,5;6;2;1;2;LE-460;1;1;1;;;2;1
5;3;15;24;0;;1;1;AP-66;118,6;1;5;2;;;5;1;5;;;5;1
8;6;12;24;0;;1;1;LE-420;52,462;6;12;2;;;1;1;1;;;4;3
8;3;22;24;0;;1;1;AP-66;124,108;1;8;2;;;1;6;1;;;1;1
1;6;18;24;0;;1;1;N-630;119,9;6;2;1;2;;1;1;1;;;1;1
4;2;11;24;0;;1;1;N-630;117,9;6;4;1;2;;1;1;1;;;1;2
4;7;5;24;0;;1;1;N-630;120,95;6;8;2;;;1;6;1;;;1;3
3;5;18;24;0;;1;1;LE-412;14,9;6;15;2;;;1;1;1;;;1;1
9;3;19;24;0;;1;1;CL-626;142,251;6;19;2;;;1;1;1;;;1;1
10;4;12;24;0;;1;1;CL-626;138;6;16;2;;;1;1;1;;;1;3
1;4;14;24;0;;1;1;A-231;48,992;3;16;2;;;1;1;2;1;;5;1
3;5;19;24;0;;1;1;CL-613;57,7;6;2;1;1;;3;2;2;;;1;3
7;4;16;24;0;;1;1;LE-232;0,2;6;2;2;;;1;1;1;;;1;1
8;4;14;24;24142;;3;2;No inventariada;;9;4;1;5;;1;1;1;;;10;998
10;2;10;24;24142;;3;2;No inventariada;;9;7;2;;;1;1;1;;;1;998
1;7;6;24;0;;2;2;LE-711;11,7;6;16;1;2;;1;4;1;;;1;3
2;4;11;24;0;;1;1;LE-420;6,691;6;2;1;2;LE-6441;1;1;1;;;1;1
12;7;21;24;0;;1;1;LE-420;9,45;6;2;1;1;LE-6426;1;4;1;;;1;1
9;7;13;24;0;;1;1;CL-626;41,15;6;2;2;;;1;1;1;;;1;1
8;3;14;24;0;;2;2;N-120a;347,8;6;7;2;;;1;1;1;;;14;1
10;2;22;24;0;;1;1;CL-622;23;6;8;2;;;1;6;2;;;1;2
3;6;18;24;0;;1;1;CL-624;19,983;6;3;1;5;LE-4609;3;1;2;;;1;1
5;7;12;24;0;;1;1;CL-624;19;6;3;1;1;N-621;1;1;1;;;1;1
9;6;12;24;0;;1;1;CL-624;19;6;2;1;5;;1;1;1;;;1;1
10;5;15;24;0;;1;1;CL-624;20;6;2;1;5;LE-4609;1;1;2;;;1;1
1;6;16;24;0;;1;1;LE-142;34,137;6;16;2;;;1;1;1;;;1;3
7;2;14;24;0;;1;1;LE-142;13,05;6;8;2;;;1;1;1;;;12;1
7;5;0;24;0;;1;1;N-601;290;6;8;2;;;1;6;1;;;1;1
7;3;5;24;0;;1;1;LE-6702;10,53;6;19;2;;;3;6;2;;;1;1
3;4;23;24;0;;1;1;CL-622;31,4;6;18;2;;;3;6;3;;;1;3
5;4;7;24;0;;1;1;CL-622;32,8;6;18;2;;;1;1;1;;;6;2
10;1;18;24;0;;2;2;LE-4508;0,35;6;1;2;;;1;1;1;;;2;3
1;3;19;24;0;;1;1;N-120;332,2;6;4;2;;;1;6;1;;;1;1
10;1;0;24;0;;1;1;AP-71;16,165;1;14;2;;;1;6;1;;;1;1
10;3;12;24;0;;1;1;LE-6502;0,4;6;19;2;;;1;1;1;;;1;1
1;4;7;24;0;;1;1;A-60;109,15;3;5;2;;;5;6;2;2;;5;1
1;4;7;24;0;;1;1;A-60;109,1;3;5;2;;;5;6;2;2;;5;1
1;6;19;24;0;;1;1;N-601;305,15;6;1;2;;;1;6;1;;;1;1
2;2;17;24;0;;3;2;No inventariada;;14;16;2;;;2;1;1;;;1;998
10;2;13;24;0;;1;1;A-231;21;3;14;2;;;1;1;1;;;1;2
11;5;11;24;0;;1;1;LE-6612;0,8;6;1;2;;;1;1;1;;;1;3
5;7;15;24;0;;1;1;A-66;146;3;19;2;;;1;1;1;;;1;1
7;2;12;24;0;;1;1;A-66;148,2;3;14;2;;;1;1;1;;;1;1
7;2;12;24;0;;1;1;A-66;148,2;3;5;2;;;1;1;1;;;1;1
1;3;16;24;24163;;1;1;CL-623;6,4;6;1;2;;;1;1;2;;;1;1
1;1;22;24;24163;;1;1;LE-5504;1,5;6;1;2;;;3;4;3;;;1;1
1;3;14;24;24163;;1;1;N-630;137,8;6;2;1;5;;3;1;3;;;1;1
3;7;15;24;24163;;1;1;CL-623;3,8;6;2;1;4;;1;1;2;;;1;1
4;5;17;24;24163;;1;1;CL-623;4,1;6;4;2;;;1;1;1;;;1;1
4;5;20;24;24163;;1;1;LE-S/N;0,2;10;9;2;;;2;1;1;;;1;1
6;3;14;24;24163;;1;1;N-630;137,805;6;2;1;5;;1;1;2;;;1;3
10;1;11;24;24163;;1;1;N-630;137,75;6;2;2;;;1;6;1;;;1;2
6;6;18;24;0;;1;1;CL-626;51,8;6;3;2;;;1;1;1;;;1;2
1;7;23;24;0;;1;1;LE-7409;0,7;6;3;2;;;1;4;2;;;1;1
2;2;12;24;0;;1;1;LE-7409;1,2;6;16;2;;;1;1;1;;;1;2
6;1;12;24;0;;1;1;CL-622;40;6;1;2;;;1;1;1;;;1;1
8;6;4;24;0;;1;1;LE-420;3,9;6;1;2;;;1;6;1;;;1;1
8;3;18;24;0;;2;2;CL-622;39,839;6;4;1;2;;1;1;1;;;6;1
11;6;18;24;0;;1;1;CL-622;40,552;6;19;2;;;1;6;1;;;2;1
2;4;8;24;0;;1;1;CL-631;21,5;6;3;2;;;1;3;2;;;1;2
3;7;6;24;0;;1;1;CL-631;24,6;6;16;2;;;1;6;1;;;1;2
5;7;9;24;0;;2;2;LE-463;13,002;6;2;1;2;;3;1;3;;;5;2
8;4;8;24;0;;1;1;LE-715;6,1;5;4;1;5;LE-716;1;1;1;;;1;1
12;1;13;24;0;;1;1;LE-715;4,9;6;14;2;;;3;1;2;;;1;2
2;4;10;24;0;;3;2;No inventariada;;9;7;2;;;1;1;2;;;1;998
7;6;18;24;0;;1;1;LE-106;9,913;6;12;2;;;1;1;1;;;4;2
7;5;19;24;0;;1;1;LE-106;13,156;6;3;1;2;;1;1;1;;;6;1
7;6;19;24;0;;1;1;A-6;354,4;3;16;2;;;1;1;2;;;1;2
8;7;21;24;0;;1;1;N-6;357,55;6;18;2;;;1;2;1;;;1;2
8;5;23;24;0;;1;1;A-6;354,4;3;16;2;;;1;6;1;;;1;2
10;1;12;24;0;;1;1;A-6;354,4;3;4;2;;;3;1;2;;;1;2
12;4;10;24;0;;1;1;LE-460;12,397;6;8;2;;;1;1;1;;;4;1
2;5;18;24;0;;1;1;LE-5228;37,65;6;14;2;;;1;2;1;;;6;2
4;4;19;24;0;;1;1;LE-126;27,7;6;2;1;1;;1;1;1;;;2;1
9;3;19;24;0;;1;1;LE-420;28,986;6;2;1;1;;1;1;1;;;1;1
7;2;16;24;0;;1;1;LE-5604;0,2;6;20;1;1;;2;1;1;;;12;1
8;1;16;24;0;;1;1;CL-624;5,1;6;12;2;;;1;1;1;;;1;3
8;6;21;24;0;;1;1;No inventariada;0,5;10;16;2;;;1;6;2;;;1;1
4;3;15;24;0;;1;1;CL-622;37,2;6;14;2;;;1;1;1;;;1;1
6;6;18;24;0;;1;1;CL-622;33,5;6;19;2;;;1;1;1;;;1;3
3;1;19;24;0;;1;1;LE-321;22,2;6;14;2;;;3;6;3;;;5;2
6;7;23;24;0;;3;2;No inventariada;;9;7;2;;;1;4;1;;;1;998
8;6;14;24;0;;1;1;N-625;33,1;6;2;2;;;1;1;1;;;1;1
11;4;9;24;0;;2;2;LE-5633;10,1;6;18;2;;;3;1;2;;;1;3
8;1;7;24;0;;1;1;LE-512;55,43;6;14;2;;;1;2;1;;;1;1
1;2;18;24;0;;1;1;LE-133;11,4;6;14;2;;;3;6;2;;;12;2
5;2;13;24;0;;1;1;A-6;321,1;3;14;2;;;1;1;2;;;1;3
2;3;10;24;0;;1;1;CL-626;160,166;6;6;2;;;1;1;2;;;1;1
5;3;19;24;0;;1;1;LE-232;47,447;6;19;2;;;1;1;2;;;1;2
11;3;17;24;0;;1;1;CL-622;14,85;6;1;2;;;1;1;1;;;1;2
1;2;8;24;24188;;1;1;LE-510;5;6;4;2;;;1;6;2;;;1;1
1;6;13;24;24188;;2;2;CL-621;25;6;16;2;;;1;1;1;;;1;3
3;2;19;24;24188;;1;1;LE-512;33;6;8;2;;;1;2;1;;;1;1
4;6;9;24;24188;;3;2;No inventariada;;7;3;2;;;1;1;1;;;1;998
6;6;20;24;24188;;3;2;No inventariada;;9;7;1;2;;1;1;1;;;1;998
8;3;13;24;24188;;1;1;LE-7603;0,723;6;2;1;2;;1;1;1;;;12;3
1;4;13;24;24189;;1;1;N-120;318,3;6;4;2;;;1;1;1;;;1;1
4;3;9;24;24189;;1;1;N-120;315,3;6;7;2;;;1;1;1;;;1;1
4;6;22;24;24189;;1;1;LE-441;13,57;6;7;2;;;1;6;2;;;17;1
7;1;17;24;24189;;1;1;LE-30;7,8;3;14;2;;;1;1;1;;;1;3
10;7;13;24;0;;1;1;N-120;255,05;6;4;1;1;;1;1;1;;;1;3
6;6;11;24;0;;1;1;CL-626;115,99;6;2;1;2;;1;1;1;;;3;3
12;1;10;24;0;;1;1;CL-626;114,5;6;12;2;;;6;1;6;;;5;2
2;6;12;24;0;;1;1;LE-3513;3,139;6;2;2;;;1;1;1;;;12;2
6;7;17;24;0;;3;2;No inventariada;;9;6;2;;;1;1;1;;;1;998
9;3;11;24;0;;1;1;LE-4211;3,225;6;16;2;;;1;1;1;;;1;1
11;5;22;24;0;;1;1;LE-4211;0,1;6;10;2;;;1;4;1;;;1;1
9;5;14;24;0;;1;1;A-231;0,95;3;4;1;12;LE-11;1;1;1;;;1;1
10;3;21;24;0;;1;1;A-6;420,5;3;18;2;;;1;6;1;;;1;3
12;4;13;24;0;;1;1;LE-5101;5,267;6;20;2;;;5;1;1;;;1;3
10;5;8;24;0;;1;1;LE-5610;13,536;6;14;2;;;1;1;1;;;1;2
4;4;20;24;24202;;3;2;No inventariada;;9;7;1;2;;1;1;1;;;6;998
8;5;20;24;24202;;1;1;CL-626;16,9;6;1;1;2;;1;1;1;;;2;2
8;6;0;24;24202;;1;1;CL-626;14,4;6;16;2;;;1;4;1;;;1;3
10;1;19;24;24202;;2;2;CL-626;17,954;6;7;2;;;1;4;1;;;1;1
2;1;8;24;24189;;1;1;N-120;318,84;6;2;1;2;;1;1;1;;;1;1
6;6;13;24;0;;1;1;LE-413;9,5;6;2;1;4;;1;1;1;;;1;1
2;7;8;24;0;;1;1;N-120;429,8;6;6;2;;;3;2;2;;;1;1
3;2;19;24;0;;3;2;No inventariada;;9;7;2;;;1;4;1;;;1;998
7;6;13;24;0;;1;1;LE-5215;4;6;2;2;;;1;1;1;;;1;1
9;1;18;24;0;;1;1;N-6;400,125;6;2;1;2;N-120;1;1;1;;;1;3
9;5;4;24;0;;1;1;LE-411;5,25;6;19;2;;;1;6;1;;;1;1
4;4;11;24;0;;1;1;LE-713;14,589;6;4;2;;;1;1;1;;;1;1
9;1;13;24;0;;1;1;N-6;406,617;6;14;1;2;LE-5220;1;1;1;;;17;1
8;7;11;24;0;;1;1;A-6;348;8;19;2;;;1;3;1;;;1;3
8;5;15;24;0;;1;1;LE-451;6,7;6;14;2;;;1;1;1;;;1;1
6;4;17;24;0;;1;1;LE-232;5,7;6;15;2;;;1;1;1;;;1;1
10;1;14;24;0;;1;1;LE-232;5,535;6;18;1;2;LE-6706;1;1;1;;;1;1
8;2;2;24;0;;1;1;LE-7406;9,4;6;12;2;;;1;6;1;;;4;3
10;7;12;24;0;;1;1;LE-125;5,45;6;18;2;;;1;1;2;;;1;2
8;3;11;24;0;;1;1;N-601;296,7;6;14;1;2;;1;1;1;;;1;1
4;7;20;24;24222;;1;1;N-621;11,4;6;1;1;2;;1;1;1;;;1;1
9;2;19;24;24222;;1;1;N-630;140;6;3;2;;;1;2;1;;;1;1
12;6;14;24;24222;;1;1;LE-311;4,94;6;3;2;;;1;1;1;;;1;1
5;7;19;24;0;;1;1;N-120;342,8;6;12;2;;;1;1;1;;;1;1
5;4;16;24;0;;1;1;N-120;340,6;6;3;2;;;1;1;1;;;1;3
3;4;14;24;0;;1;1;LE-420;19,2;6;15;2;;;1;1;1;;;1;1
3;1;11;24;0;;1;1;LE-420;19,957;6;2;1;1;;1;1;1;;;1;1
10;4;13;24;0;;3;2;No inventariada;;9;7;2;;;1;1;1;;;1;998
2;4;15;24;0;;1;1;N-601;316,7;6;12;2;;;1;1;2;;;1;1
7;7;19;24;0;;1;1;LE-6707;20,85;6;19;2;;;1;1;1;;;1;1
1;1;18;25;0;;1;1;C-12;105,4;6;2;2;2;;1;6;1;;;999;4
1;2;10;25;25003;;1;1;C-14;96,8;6;19;1;999;;1;1;1;;;999;4
1;2;16;25;0;;2;2;N-230;132;14;19;1;999;;1;1;1;;;999;4
1;2;18;25;0;;2;2;N-230;122,5;6;4;1;999;;1;4;1;;;999;4
1;3;8;25;0;;1;1;C-233;16,2;6;19;1;999;;1;2;1;;;999;4
1;3;21;25;0;;1;1;LV-9124;7;6;19;1;999;;1;6;1;;;999;4
1;4;18;25;25137;;1;1;E-23;1,1;6;2;2;4;;1;5;1;;;999;4
1;5;3;25;0;;1;1;No inventariada;4,7;6;19;1;999;;3;6;3;;;999;4
1;2;16;25;0;;1;1;C-12;113,4;6;19;1;999;;1;1;1;;;999;4
1;5;12;25;0;;1;1;N-260;258;6;19;1;999;;3;1;3;;;999;4
1;5;16;25;0;;1;1;C-53;142,5;6;4;2;2;;3;1;3;;;999;4
1;6;15;25;0;;1;1;L-200;8,2;6;2;1;999;;1;1;1;;;999;4
1;6;17;25;0;;1;1;N-230;184;6;19;1;999;;3;6;4;;;999;4
1;6;21;25;0;;1;1;LP-3322;3,2;6;2;2;1;;1;6;1;;;999;4
1;6;18;25;25120;;3;2;No inventariada;;14;6;1;999;;1;4;1;;;17;998
1;1;10;25;0;;3;2;No inventariada;;14;19;1;999;;1;1;1;;;999;998
1;1;14;25;0;;1;1;C-1412b;36,2;6;19;1;999;;1;1;1;;;999;4
1;6;9;25;25050;;1;1;LP-2015;1;6;19;1;999;;3;1;1;;;999;4
1;1;13;25;0;;1;1;C-14;126,3;6;4;1;999;;1;1;1;;;999;4
1;3;16;25;0;;1;1;C-462;83,1;6;1;1;999;;3;1;3;;;999;4
1;5;9;25;0;;1;1;C-26;39;6;19;1;999;;3;1;3;;;999;4
1;5;18;25;0;;1;1;LP-7013;0,8;6;8;1;999;;3;6;1;;;999;4
1;5;13;25;25019;;1;1;L-902;3,4;6;19;1;999;;1;1;1;;;999;4
1;6;7;25;0;;1;1;C-26;9,2;6;19;1;999;;3;6;1;;;999;4
1;6;18;25;0;;1;1;No inventariada;1,5;6;19;1;999;;1;6;1;;;999;4
1;6;20;25;0;;3;2;No inventariada;;14;6;1;999;;1;4;1;;;999;998
1;6;22;25;0;;1;1;N-240;80,5;6;20;1;999;;1;6;1;;;999;4
1;4;16;25;25120;;1;1;N-2a;459,5;6;9;1;999;;1;1;1;;;999;4
1;7;16;25;0;;3;2;No inventariada;;14;2;2;2;;1;1;1;;;999;998
1;2;17;25;25137;;3;2;No inventariada;;14;3;1;999;;1;1;1;;;1;998
1;7;18;25;0;;1;1;A-2;501,3;3;6;1;999;;1;6;1;;;999;4
1;6;20;25;0;;1;1;C-12;199;6;8;1;999;;1;5;1;;;999;4
1;1;7;25;25120;;1;1;A-2;467,9;3;4;2;;;1;6;1;;;999;4
1;2;7;25;0;;1;1;C-53;130;6;19;1;999;;3;2;1;;;999;4
1;2;11;25;0;;1;1;No inventariada;3,3;6;9;1;999;;8;1;1;;;999;4
1;5;10;25;0;;1;1;N-240;72,5;6;2;2;;;1;1;1;;;999;4
1;3;12;25;0;;1;1;C-12;148;6;4;1;999;;3;1;3;;;999;4
1;3;13;25;0;;1;1;No inventariada;0,3;6;19;1;999;;3;1;3;;;999;4
1;1;20;25;0;;1;1;L-313;28;6;8;1;999;;1;6;1;;;999;4
1;4;10;25;0;;1;1;C-233;56,9;6;19;1;999;;1;1;1;;;17;4
1;4;22;25;0;;1;1;LP-7041;10,6;6;8;1;999;;1;6;1;;;999;4
1;4;6;25;25050;;1;1;LV-3341;3,7;6;19;1;999;;3;6;1;;;999;4
1;5;19;25;25072;;3;2;No inventariada;;14;7;2;4;;3;4;1;;;999;998
1;6;9;25;0;;2;2;C-53;122,4;6;2;2;1;;3;1;1;;;999;4
1;6;10;25;0;;3;2;No inventariada;;14;3;1;999;;6;1;1;;;999;998
1;6;15;25;25120;;1;1;No inventariada;42;6;1;1;999;;1;1;1;;;17;3
1;7;11;25;25217;;1;1;A-2;505,8;3;4;1;999;;1;1;1;;;999;4
1;7;19;25;25003;;2;2;LV-3025;20;6;4;2;1;;1;5;1;;;999;4
1;1;17;25;25040;;1;1;C-12;163;6;19;1;999;;1;1;1;;;999;4
1;1;23;25;0;;1;1;C-12;183;6;19;1;999;;1;6;1;;;17;2
1;2;17;25;25058;;1;1;No inventariada;25;6;6;1;999;;1;1;1;;;999;4
1;2;8;25;0;;1;1;N-240;75,2;6;2;2;4;;1;1;1;;;999;4
1;3;17;25;0;;3;2;No inventariada;;14;7;2;4;;1;1;1;;;999;998
1;4;7;25;0;;1;1;C-13;147,5;6;19;1;999;;5;6;1;;;999;4
1;4;12;25;0;;1;1;AP-2;176,5;2;19;1;999;;1;1;1;;;999;4
1;4;20;25;0;;1;1;C-53;121,5;6;19;1;999;;3;6;3;;;999;4
1;5;7;25;0;;2;2;No inventariada;;14;7;1;999;;1;4;1;1;;17;2
1;5;10;25;0;;1;1;No inventariada;0;6;9;1;999;;3;1;3;;;999;4
1;5;14;25;0;;1;1;No inventariada;0,5;6;19;1;999;;3;1;1;1;;17;1
1;5;20;25;0;;1;1;L-310;10,5;6;3;1;999;;1;6;1;;;999;4
1;5;23;25;25120;;1;1;L-702;2,5;6;19;1;999;;1;6;1;;;999;4
1;6;14;25;25243;;1;1;N-230;169,3;6;9;1;999;;1;1;1;;;17;1
1;6;18;25;0;;1;1;No inventariada;2;6;20;2;2;;1;5;1;;;999;4
1;6;21;25;0;;1;1;N-2;528,2;6;19;1;999;;1;6;1;;;999;4
1;6;21;25;0;;1;1;LP-7041;9,2;6;19;1;999;;1;6;1;1;;5;2
1;7;13;25;0;;1;1;No inventariada;0,3;6;7;1;999;;1;1;1;;;999;4
1;7;16;25;0;;1;1;C-14;135;6;2;1;999;;1;1;1;;;999;4
1;1;11;25;25110;;1;1;L-311z;14;6;2;2;4;;1;1;1;;;999;4
1;1;14;25;0;;1;1;No inventariada;3;6;4;2;4;;1;1;1;;;999;4
1;7;6;25;25217;;3;2;No inventariada;;14;19;1;999;;1;4;1;;;17;998
1;5;8;25;25217;;3;2;No inventariada;;14;7;1;999;;3;1;3;;;17;998
1;3;20;25;0;;1;1;C-12;129,6;6;19;2;4;;3;6;1;;;999;4
1;5;16;25;0;;1;1;N-240;75,3;6;2;2;4;;1;1;1;;;999;4
1;3;15;25;0;;1;1;C-26;5;6;19;1;999;;1;1;1;;;999;4
1;2;18;25;25120;;3;2;No inventariada;;14;4;1;999;;1;2;1;;;17;998
1;3;19;25;0;;3;2;No inventariada;;14;2;2;2;;1;4;1;;;999;998
2;4;6;25;0;;1;1;N-240;75,2;6;2;2;4;;1;6;1;;;999;4
2;4;16;25;25023;;1;1;A-22;0,1;3;4;1;999;;1;1;1;;;999;4
2;5;9;25;0;;1;1;AP-2;158;2;4;1;999;;3;1;1;;;999;4
2;5;16;25;0;;1;1;C-242a;1;6;19;1;999;;1;1;1;;;17;4
2;5;16;25;0;;1;1;A-2;490,3;3;4;1;999;;1;1;1;;;999;4
2;5;16;25;25120;;1;1;No inventariada;1;6;2;2;1;;1;1;1;;;999;4
1;7;0;25;25120;;3;2;No inventariada;;14;7;1;999;;1;4;1;;;17;998
1;1;12;25;25120;;3;2;No inventariada;;14;9;1;999;;1;1;1;;;17;998
2;5;8;25;0;;1;1;L-702;7,2;6;2;1;999;;3;1;1;;;999;4
2;6;18;25;0;;1;1;C-12;154,4;6;19;2;;;3;6;1;;;999;4
2;6;23;25;25003;;3;2;No inventariada;;14;7;2;1;;1;4;1;;;999;998
1;6;14;25;0;;1;1;LP-9221;5,6;6;2;2;4;;1;1;1;;;999;4
2;4;19;25;25050;;1;1;A-2;494;3;4;1;999;;1;6;1;;;999;4
2;7;7;25;25207;;1;1;C-26;101,8;6;19;1;999;;3;1;1;;;999;4
2;7;13;25;0;;1;1;B-300;12;6;19;1;999;;1;1;1;;;17;4
2;7;16;25;0;;1;1;C-26;110,5;6;3;1;999;;1;1;1;;;999;4
2;7;19;25;0;;1;1;No inventariada;2;6;19;1;999;;1;6;1;;;4;1
2;1;11;25;25217;;1;1;C-14;83,5;6;20;1;999;;1;1;1;;;999;4
1;6;20;25;25120;;3;2;No inventariada;;14;7;1;999;;1;4;1;1;;17;998
1;4;16;25;25120;;3;2;No inventariada;;14;7;1;999;;1;4;1;;;17;998
1;6;14;25;25120;;3;2;No inventariada;;14;19;1;999;;1;1;1;;;17;998
1;4;19;25;25120;;3;2;No inventariada;;14;4;1;999;;3;5;1;1;;17;998
1;5;20;25;25120;;3;2;No inventariada;;14;9;1;999;;3;4;3;;;17;998
1;5;19;25;25120;;3;2;No inventariada;;14;7;2;2;;3;4;3;;;17;998
1;3;18;25;25120;;3;2;No inventariada;;14;9;1;999;;3;4;3;1;;17;998
2;3;16;25;0;;1;1;C-55;75,3;6;19;1;999;;1;1;1;;;999;4
1;5;19;25;25120;;3;2;No inventariada;;14;4;1;999;;3;4;4;;;17;998
1;6;13;25;25120;;3;2;No inventariada;;14;9;1;999;;3;1;3;1;;17;998
1;5;15;25;25120;;3;2;No inventariada;;14;7;1;999;;3;1;4;;;17;998
1;5;21;25;25120;;3;2;No inventariada;;14;9;1;999;;3;1;3;;;17;998
2;2;11;25;25243;;2;2;N-230;163,1;14;2;2;4;;1;1;1;;;999;4
2;4;15;25;25011;;1;1;L-800;2;6;2;2;4;;1;1;1;;;17;1
2;4;17;25;0;;1;1;C-14;108,1;6;20;1;999;;1;1;1;;;999;4
2;4;18;25;25019;;1;1;L-902;0,5;6;2;1;999;;1;6;1;;;999;4
2;4;18;25;25120;;3;2;No inventariada;;14;1;2;1;;1;4;1;;;17;998
2;5;11;25;0;;1;1;C-26;39;6;19;1;999;;3;1;3;;;999;4