MES;DIA_SEMANA;HORA;COD_PROVINCIA;COD_MUNICIPIO;ISLA;ZONA;ZONA_AGRUPADA;CARRETERA;KM;TIPO_VIA;TIPO_ACCIDENTE;NUDO;NUDO_INFO;CARRETERA_CRUCE;CONDICION_FIRME;CONDICION_ILUMINACION;CONDICION_METEO;CONDICION_NIEBLA;CONDICION_VIENTO;VISIB_RESTRINGIDA_POR;TRAZADO_PLANTA
2;5;22;25;25120;;3;2;No inventariada;;14;2;2;1;;3;4;3;;;17;998
1;3;18;25;25120;;1;1;A-2;459,5;3;4;1;999;;3;6;3;;;999;4
2;6;7;25;25217;;1;1;N-2;505,5;6;19;1;999;;3;6;3;;;999;4
1;5;23;25;25120;;3;2;No inventariada;;14;1;2;1;;1;4;1;;;1;998
2;6;10;25;0;;1;1;L-512;12,3;6;20;1;999;;1;1;1;;;999;4
2;7;5;25;0;;3;2;No inventariada;;14;19;2;1;;1;4;1;;;999;998
2;7;22;25;0;;1;1;L-512;12,5;6;19;1;999;;1;6;1;;;999;4
2;4;15;25;25217;;1;1;A-2;510;3;4;1;999;;1;1;1;;;999;4
2;5;7;25;0;;1;1;C-13;10,5;6;4;1;999;;3;2;3;;;999;4
2;3;8;25;0;;1;1;No inventariada;1;6;19;1;999;;1;1;1;;;999;4
2;3;17;25;0;;1;1;N-2;488,3;6;4;2;4;;1;1;1;;;17;3
1;4;12;25;0;;1;1;A-2;501;3;3;1;999;;3;1;1;;;999;4
2;2;12;25;25137;;3;2;No inventariada;;14;3;1;999;;1;1;1;;;17;998
2;2;12;25;25137;;2;2;L-200;0,8;14;7;1;999;;1;1;1;;;17;4
1;1;10;25;25120;;3;2;No inventariada;;14;9;1;999;;1;1;1;1;;17;998
2;5;11;25;0;;1;1;C-12;207,8;6;19;1;999;;3;1;3;;;999;4
2;5;18;25;0;;1;1;N-260;203,5;6;19;1;999;;3;2;3;;;999;4
2;5;21;25;0;;1;1;C-14;107;6;2;1;999;;3;6;3;;;999;4
2;5;12;25;0;;1;1;C-26;47,8;6;19;1;999;;3;1;3;;;999;4
2;6;15;25;0;;1;1;No inventariada;1,6;6;4;1;999;;1;1;1;;;999;4
2;6;20;25;25072;;3;2;No inventariada;;14;7;2;4;;1;4;1;;;17;998
2;4;10;25;25120;;3;2;No inventariada;;14;7;2;2;;1;1;1;;;1;998
2;5;19;25;0;;1;1;C-1412b;25,8;6;19;1;999;;3;6;3;;;999;4
2;7;15;25;0;;1;1;N-260;301,1;6;4;1;999;;1;1;1;;;999;4
2;1;12;25;0;;1;1;C-12;158,7;6;2;2;4;;1;1;1;;;999;4
2;1;15;25;0;;1;1;L-303;18,4;6;20;2;2;;1;1;1;;;999;4
1;7;18;25;25120;;3;2;No inventariada;;14;1;1;999;;1;4;1;;;17;998
2;6;11;25;0;;1;1;No inventariada;8;6;2;2;1;;1;1;1;;;999;4
2;2;12;25;25243;;2;2;N-230;163,3;6;3;2;2;;1;1;1;;;999;4
2;3;11;25;25120;;1;1;C-12;145,7;6;19;1;999;;1;1;1;;;999;4
2;3;20;25;0;;1;1;C-14;122,9;6;19;1;999;;1;6;1;;;999;4
1;2;11;25;25120;;3;2;No inventariada;;14;9;1;999;;1;1;1;;;17;998
2;1;17;25;0;;2;2;LP-9221;14,5;6;1;2;1;;1;1;1;;;999;4
2;3;18;25;25058;;1;1;No inventariada;0,1;6;19;1;999;;1;6;1;;;999;4
2;5;16;25;25137;;1;1;LV-2001;1,6;6;20;2;1;;1;1;1;;;999;4
2;5;20;25;0;;3;2;No inventariada;;14;2;2;2;;1;4;1;;;999;998
2;3;9;25;25120;;3;2;No inventariada;;14;7;1;999;;1;1;1;;;17;998
2;6;4;25;0;;1;1;No inventariada;2;6;19;2;4;;1;4;1;;;999;4
2;7;16;25;25072;;1;1;A-2;519,5;3;19;1;999;;1;1;1;;;17;1
2;1;9;25;25207;;1;1;LV-3005;4,2;6;19;1;999;;3;1;1;;;999;4
2;5;16;25;0;;1;1;C-13;9,8;6;2;2;;;1;1;1;;;999;4
2;6;9;25;25011;;1;1;L-800;1,9;6;19;2;2;;1;1;1;;;999;4
2;2;13;25;25120;;3;2;No inventariada;;14;19;1;999;;1;1;1;;;999;998
2;2;16;25;0;;3;2;No inventariada;;14;7;1;999;;1;1;1;;;999;998
2;2;18;25;0;;3;2;No inventariada;;14;6;1;999;;1;4;1;;;999;998
2;3;2;25;0;;1;1;A-2;445,7;3;6;1;999;;1;6;1;;;999;4
2;3;18;25;0;;1;1;C-233;44,7;6;9;1;999;;1;2;1;;;999;4
2;3;11;25;25050;;1;1;A-2;495,5;3;4;1;999;;1;1;1;;;999;4
2;4;4;25;0;;1;1;C-12;159,5;6;19;1;999;;1;6;1;;;999;4
2;4;13;25;25058;;1;1;C-233;63;6;9;1;999;;1;1;1;;;999;4
2;3;9;25;25137;;3;2;No inventariada;;14;4;1;999;;1;1;1;;;17;998
2;5;7;25;25120;;3;2;No inventariada;;14;7;1;999;;3;4;3;;;17;998
2;1;19;25;25120;;3;2;No inventariada;;14;3;1;999;;1;4;1;;;17;998
2;5;17;25;25120;;3;2;No inventariada;;14;4;1;999;;1;1;1;;;17;998
2;1;8;25;25120;;3;2;No inventariada;;14;7;1;999;;3;1;1;1;;17;998
2;6;16;25;25120;;3;2;No inventariada;;14;7;1;999;;1;1;1;;;17;998
2;1;9;25;0;;1;1;A-2;489;3;4;1;999;;1;1;1;;;999;4
3;5;14;25;0;;1;1;A-2;488,6;3;6;1;999;;1;1;1;;;999;4
3;5;17;25;0;;1;1;No inventariada;6;6;19;1;999;;1;1;1;;;999;4
3;6;8;25;0;;1;1;N-260;202,9;6;19;1;999;;8;1;1;;;999;4
2;2;16;25;25120;;3;2;No inventariada;;14;19;1;999;;1;1;1;;;17;998
2;1;15;25;25120;;3;2;No inventariada;;14;6;1;999;;1;1;1;;;17;998
2;7;1;25;25120;;3;2;No inventariada;;14;9;1;999;;3;4;1;1;;17;998
2;2;8;25;25120;;3;2;No inventariada;;14;4;1;999;;1;1;1;;;17;998
2;5;14;25;25120;;3;2;No inventariada;;14;4;1;999;;3;1;3;;;17;998
3;7;7;25;0;;1;1;L-702;12;6;6;1;999;;3;1;1;;;999;4
2;4;11;25;25120;;3;2;No inventariada;;14;4;1;999;;1;1;1;;;17;998
2;5;13;25;25120;;3;2;No inventariada;;14;7;2;2;;1;1;1;;;17;998
2;7;18;25;25120;;3;2;No inventariada;;14;4;1;999;;1;1;1;;;17;998
2;2;17;25;25120;;3;2;No inventariada;;14;4;1;999;;1;1;1;;;17;998
2;2;21;25;25120;;3;2;No inventariada;;14;7;1;999;;1;5;1;;;17;998
2;5;18;25;0;;2;2;N-230;7,1;6;20;1;999;;1;2;1;;;999;4
3;1;7;25;25243;;1;1;N-230;157,7;6;2;1;999;;1;1;1;;;999;4
3;1;17;25;0;;1;1;AP-2;127,6;2;19;1;999;;1;1;1;;;999;4
3;2;1;25;25120;;1;1;N-240;99,9;3;19;2;4;;1;4;1;;;999;4
2;5;13;25;25120;;3;2;No inventariada;;14;4;1;999;;1;1;1;;;17;998
2;1;21;25;25120;;3;2;No inventariada;;14;3;2;2;;1;1;1;;;17;998
2;2;19;25;25120;;3;2;No inventariada;;14;4;1;999;;1;2;1;;;17;998
2;5;5;25;25120;;3;2;No inventariada;;14;9;1;999;;1;4;1;;;17;998
2;2;19;25;25120;;3;2;No inventariada;;14;9;1;999;;1;4;1;;;17;998
2;5;9;25;25120;;3;2;No inventariada;;14;7;1;999;;3;1;3;;;17;998
3;5;9;25;25120;;1;1;N-2;458;6;4;1;999;;1;1;1;;;999;4
3;1;18;25;0;;3;2;No inventariada;;14;2;2;2;;1;4;1;;;999;998
3;2;8;25;25120;;1;1;LL-11;3,5;3;2;1;999;;1;1;1;;;999;4
3;2;12;25;0;;1;1;No inventariada;1;6;3;1;999;;1;1;1;;;999;4
2;1;12;25;25120;;3;2;No inventariada;;14;7;1;999;;1;1;1;;;17;998
2;2;13;25;0;;2;2;LP-7041;6,9;6;4;1;999;;1;1;1;;;999;4
3;3;13;25;0;;1;1;No inventariada;0,5;6;20;1;999;;8;1;1;;;999;4
2;5;16;25;25120;;3;2;No inventariada;;14;3;2;4;;3;1;3;;;17;998
3;5;17;25;0;;3;2;No inventariada;;14;7;2;1;;1;1;1;;;1;998
3;3;22;25;0;;1;1;No inventariada;0,3;6;19;1;999;;1;6;1;;;999;4
3;4;11;25;25040;;2;2;C-148a;1,5;6;3;1;999;;1;1;1;;;999;4
3;4;10;25;0;;1;1;L-902;11,2;6;19;1;999;;1;1;1;;;999;4
3;4;14;25;25120;;1;1;No inventariada;0;6;19;1;999;;1;1;1;;;999;4
3;4;14;25;25120;;3;2;No inventariada;;14;2;2;1;;1;1;1;;;17;998
3;3;17;25;25120;;3;2;No inventariada;;14;2;2;4;;1;1;1;;;17;998
3;5;6;25;0;;1;1;A-2;484;3;19;1;999;;3;5;4;;;999;4
3;5;8;25;0;;1;1;A-2;484;3;4;1;999;;3;1;3;;;999;4
3;5;13;25;25050;;3;2;No inventariada;;14;9;1;999;;3;1;1;;;999;998
3;5;15;25;0;;1;1;N-240;77,5;6;2;2;2;;1;1;1;;;999;4
3;5;14;25;0;;3;2;No inventariada;;14;1;1;999;;1;1;1;;;999;998
3;4;13;25;25137;;3;2;No inventariada;;14;7;1;999;;1;1;1;;;17;998
3;5;9;25;25137;;2;2;N-2;485,2;14;4;1;999;;1;1;1;;;17;4
3;6;6;25;25072;;1;1;L-214;0,6;6;19;1;999;;3;4;3;;;999;4
3;6;12;25;0;;1;1;N-260;269,3;6;4;1;999;;6;1;999;;;999;4
3;6;12;25;0;;1;1;C-233;73,9;6;4;1;999;;1;1;1;;;999;4
3;6;14;25;0;;2;2;N-230;8,3;6;4;2;4;;1;1;1;;;999;4
3;6;18;25;25110;;1;1;L-313;17,3;6;19;1;999;;3;2;1;;;999;4
3;6;17;25;0;;1;1;C-1412b;23,3;6;19;1;999;;1;1;1;;;17;3
3;6;18;25;0;;1;1;C-14;128,4;6;19;1;999;;3;6;3;;;999;4
3;7;6;25;25072;;1;1;A-2;518;3;19;1;999;;3;6;1;;;999;4
2;6;12;25;25120;;3;2;No inventariada;;14;7;1;999;;1;1;1;;;17;998
2;2;13;25;0;;3;2;No inventariada;;14;20;1;999;;1;1;1;;;999;998
2;1;13;25;0;;1;1;N-230;7;6;2;2;4;;1;1;1;;;999;4
2;2;12;25;0;;1;1;C-12;190;6;20;1;999;;1;1;1;;;999;4
3;1;13;25;0;;1;1;C-53;141,5;6;19;1;999;;1;1;1;;;999;4
3;1;21;25;0;;1;1;LV-2001;9,5;6;19;1;999;;1;6;1;;;17;2
2;3;13;25;25120;;3;2;No inventariada;;14;4;1;999;;1;1;1;;;17;998
2;3;9;25;25120;;3;2;No inventariada;;14;2;1;999;;1;1;1;;;17;998
3;4;15;25;25120;;1;1;No inventariada;2;6;1;1;999;;1;1;1;;;999;4
3;2;21;25;0;;1;1;N-260;297;6;8;1;999;;1;6;1;;;999;4
3;2;14;25;0;;1;1;No inventariada;2;6;9;1;999;;1;1;1;;;4;1
3;7;19;25;25217;;3;2;No inventariada;;14;7;1;999;;1;4;1;;;17;998
3;3;5;25;25120;;3;2;No inventariada;;14;2;2;1;;1;4;1;;;17;998
3;6;8;25;0;;1;1;N-230;145;6;19;1;999;;6;1;999;;;999;4
3;3;15;25;0;;1;1;N-260;300,1;6;6;1;999;;1;4;1;;;999;4
3;3;18;25;25120;;1;1;LL-11;3,5;3;9;2;4;;1;1;1;;;999;4
3;3;17;25;25120;;3;2;No inventariada;;14;7;1;999;;1;1;1;;;17;998
2;6;17;25;0;;1;1;N-2a;448,5;6;2;2;4;;1;1;1;;;999;4
3;3;15;25;0;;1;1;C-26;39,8;6;4;1;999;;1;1;1;;;999;4
3;4;15;25;0;;2;2;C-14;175,8;6;4;1;999;;1;1;1;;;6;1
3;4;15;25;0;;1;1;L-200;10,3;6;19;1;999;;1;1;1;;;999;4
3;4;21;25;0;;1;1;C-451;24,4;6;19;1;999;;1;6;1;;;999;4
3;5;11;25;0;;3;2;No inventariada;;14;2;2;1;;1;1;1;;;999;998
3;5;15;25;0;;1;1;C-462;0,4;6;19;1;999;;1;1;1;;;999;4
3;5;17;25;0;;1;1;C-53;130,7;6;4;1;999;;1;1;1;;;999;4
3;6;2;25;0;;1;1;C-14;110,9;6;19;2;2;;1;6;1;;;17;2
3;6;23;25;0;;1;1;C-14;163,5;6;19;1;999;;1;6;1;;;999;4
2;1;12;25;25120;;3;2;No inventariada;;14;19;1;999;;1;1;1;;;17;998
2;3;23;25;25120;;3;2;No inventariada;;14;7;1;999;;1;4;1;;;17;998
3;6;19;25;25120;;3;2;No inventariada;;14;4;2;1;;1;4;1;;;17;998
3;7;19;25;25120;;3;2;No inventariada;;14;4;1;999;;1;4;1;;;17;998
3;7;11;25;0;;1;1;No inventariada;0,7;6;19;1;999;;1;1;1;;;999;4
3;7;16;25;0;;1;1;C-233;35,5;6;19;1;999;;1;1;1;;;17;4
3;7;19;25;25217;;1;1;LV-2021;4,6;6;19;1;999;;1;6;1;;;999;4
3;7;21;25;0;;1;1;No inventariada;30;6;9;1;999;;1;6;1;;;999;4
3;2;10;25;25120;;3;2;No inventariada;;14;19;1;999;;1;1;1;;;17;998
2;1;12;25;25120;;3;2;No inventariada;;14;7;1;999;;1;1;1;;;17;998
3;1;23;25;0;;1;1;C-1412a;4,2;6;19;2;2;;1;6;1;;;999;4
2;7;13;25;25120;;3;2;No inventariada;;14;6;1;999;;1;1;1;;;17;998
3;2;13;25;0;;1;1;C-26;91,3;6;3;1;999;;1;1;1;;;999;4
3;3;14;25;0;;1;1;C-13;53;6;19;1;999;;1;1;1;;;999;4
3;1;9;25;0;;3;2;No inventariada;;14;7;1;999;;1;1;1;;;999;998
3;4;11;25;0;;1;1;LP-3322;1,2;6;2;2;2;;1;1;1;;;999;4
3;5;1;25;0;;1;1;C-13;147,6;6;19;1;999;;1;6;1;;;999;4
2;4;16;25;25120;;3;2;No inventariada;;14;3;1;999;;1;1;1;;;17;998
2;5;17;25;25120;;3;2;No inventariada;;14;4;1;999;;1;1;1;;;17;998
2;2;13;25;25120;;3;2;No inventariada;;14;7;1;999;;1;1;1;;;17;998
3;5;14;25;0;;1;1;C-12;104,6;6;4;1;999;;1;1;1;;;999;4
3;5;17;25;0;;3;2;No inventariada;;14;9;1;999;;1;1;1;;;999;998
3;6;12;25;0;;1;1;L-511;16;6;9;1;999;;1;1;1;;;999;4
3;6;20;25;0;;1;1;LV-2001;10,3;6;19;1;999;;1;6;1;;;17;1
3;7;5;25;25243;;1;1;N-230;166,2;6;8;1;999;;1;6;1;;;999;4
3;7;13;25;0;;3;2;No inventariada;;14;2;2;1;;1;1;1;;;999;998
3;5;9;25;25019;;1;1;N-240;117;6;4;1;999;;1;1;1;;;999;4
3;1;12;25;0;;1;1;C-14;110,7;6;19;2;2;;3;1;3;;;999;4
3;3;15;25;0;;1;1;LV-2012;11,5;6;19;1;999;;1;1;1;;;999;4
3;3;17;25;25217;;1;1;A-2;508;3;19;1;999;;1;1;1;;;999;4
3;3;20;25;25072;;3;2;No inventariada;;14;6;1;999;;3;5;3;;;999;998
3;3;22;25;25072;;3;2;No inventariada;;14;19;1;999;;1;4;1;;;999;998
3;3;22;25;25120;;1;1;No inventariada;1;6;19;1;999;;1;6;1;;;999;4
3;4;0;25;25023;;3;2;No inventariada;;14;2;2;1;;1;4;3;;;999;998
3;4;9;25;0;;1;1;No inventariada;3;6;19;1;999;;3;1;3;;;999;4
3;4;13;25;25120;;1;1;A-22;1;3;4;1;999;;1;1;1;;;999;4
3;4;23;25;0;;1;1;A-2;468,7;3;8;1;999;;1;6;1;;;999;4
3;4;8;25;25120;;3;2;No inventariada;;14;7;1;999;;3;1;3;;;17;998
3;4;14;25;0;;1;1;AP-2;122,9;2;4;1;999;;1;1;1;;;999;4
3;7;3;25;0;;1;1;C-13;134,9;6;19;1;999;;1;6;3;;;5;2
3;7;9;25;0;;1;1;C-13;152,1;6;19;1;999;;3;1;3;;;999;4
4;2;8;25;0;;1;1;AP-2;172,5;2;4;1;999;;1;1;1;;;999;4
4;2;16;25;25072;;1;1;L-311;2,6;6;3;1;999;;1;1;1;;;999;4
4;3;15;25;25203;;1;1;N-260;228,3;6;19;1;999;;1;1;1;;;999;4
4;1;16;25;0;;1;1;A-2;501;3;4;1;999;;1;1;1;;;999;4
4;4;10;25;0;;1;1;N-260;198,1;6;1;1;999;;1;1;1;;;999;4
4;4;10;25;0;;1;1;N-2;478,6;6;19;1;999;;1;1;1;;;999;4
4;4;17;25;0;;2;2;N-260;196,5;6;20;1;999;;1;1;1;;;999;4
4;5;18;25;0;;1;1;L-200;8,6;6;1;2;2;;1;1;1;;;999;4
3;6;8;25;25120;;3;2;No inventariada;;14;9;2;4;;1;1;1;;;17;998
3;1;20;25;25120;;3;2;No inventariada;;14;2;2;1;;3;4;3;;;17;998
4;1;13;25;0;;1;1;LV-3311;3,5;6;1;1;999;;1;1;1;;;999;4
4;6;9;25;0;;1;1;A-2;500;3;19;1;999;;1;1;1;;;999;4
4;6;9;25;0;;2;2;N-230;8,2;6;9;2;4;;1;1;1;;;999;4
4;6;14;25;25234;;1;1;C-1311;2,5;6;9;1;999;;1;1;1;;;999;4
4;6;14;25;0;;1;1;No inventariada;2,5;6;9;1;999;;1;1;1;;;999;4
4;7;2;25;0;;1;1;No inventariada;0,5;6;19;1;999;;1;6;1;;;999;4
4;7;19;25;0;;1;1;C-14;110,8;6;19;1;999;;1;1;1;;;999;4
4;7;21;25;25050;;3;2;No inventariada;;14;6;1;999;;4;4;1;;;17;998
4;3;20;25;25203;;1;1;C-462;88;6;2;1;999;;1;2;1;;;999;4
4;1;19;25;0;;3;2;No inventariada;;14;7;1;999;;1;1;3;;;999;998
3;3;11;25;25120;;3;2;No inventariada;;14;3;2;2;;1;1;1;;;17;998
3;5;9;25;25120;;3;2;No inventariada;;14;7;1;999;;1;1;1;;;17;998
3;4;18;25;25120;;3;2;No inventariada;;14;2;1;999;;1;1;1;;;17;998
3;6;11;25;25120;;3;2;No inventariada;;14;4;2;2;;1;1;1;;;17;998
4;1;1;25;25072;;1;1;A-2;523;3;19;1;999;;1;6;1;;;999;4
4;4;17;25;0;;3;2;No inventariada;;14;20;1;999;;1;1;1;;;999;998
4;3;8;25;25040;;3;2;No inventariada;;14;2;1;999;;1;1;1;;;999;998
4;2;21;25;0;;3;2;No inventariada;;14;19;1;999;;1;5;1;;;999;998
2;2;7;25;25120;;3;2;No inventariada;;14;2;2;4;;1;1;1;;;17;998
4;2;15;25;25120;;3;2;No inventariada;;14;4;1;999;;1;1;1;;;17;998
4;5;21;25;0;;1;1;LV-2021;0;6;19;1;999;;1;6;1;;;999;4
4;3;6;25;0;;1;1;A-2;491;3;4;1;999;;1;2;1;;;999;4
4;3;8;25;0;;1;1;LV-5004;2,3;6;3;1;999;;1;1;1;;;999;4
4;3;9;25;0;;1;1;A-2;485;3;19;1;999;;1;1;1;;;999;4
4;3;8;25;25120;;3;2;No inventariada;;14;4;2;1;;1;1;1;;;17;998
4;2;13;25;25120;;3;2;No inventariada;;14;4;2;2;;1;1;1;;;17;998
4;3;12;25;0;;1;1;LP-9221;7,7;6;4;1;999;;1;1;1;;;999;4
3;1;17;25;25120;;3;2;No inventariada;;14;2;2;1;;1;1;1;;;17;998
4;7;16;25;0;;1;1;No inventariada;1;6;19;1;999;;1;1;1;;;999;4
4;1;22;25;0;;1;1;N-260;219;6;19;1;999;;3;6;4;;;999;4
4;5;15;25;0;;1;1;N-145;2,2;6;2;2;4;;1;1;1;;;999;4
4;5;16;25;25217;;1;1;L-310;5,3;6;19;1;999;;1;1;1;;;999;4
4;5;23;25;0;;2;2;C-45;16;6;19;1;999;;1;6;1;;;999;4
4;6;7;25;0;;1;1;LP-3322;3,1;6;2;2;1;;1;1;1;;;17;4
4;6;17;25;0;;1;1;C-13;56,3;6;19;1;999;;1;1;1;;;999;4
4;7;13;25;0;;1;1;C-45;3,5;6;19;1;999;;1;1;1;;;999;4
4;7;13;25;0;;1;1;C-462;14,4;6;9;1;999;;1;1;1;;;999;4
4;7;15;25;0;;1;1;No inventariada;2;6;1;1;999;;1;1;1;;;999;4
4;4;21;25;25120;;3;2;No inventariada;;14;9;1;999;;1;4;1;;;17;998
4;6;17;25;25023;;1;1;N-240;104;6;19;1;999;;1;1;1;;;999;4
4;2;7;25;0;;1;1;A-2;513,5;3;4;1;999;;1;1;1;;;999;4
4;2;14;25;0;;1;1;N-230;125,5;6;19;1;999;;1;1;1;;;999;4
3;5;14;25;25120;;3;2;No inventariada;;14;4;1;999;;1;1;1;;;17;998
4;7;22;25;25120;;3;2;No inventariada;;14;4;2;1;;1;4;1;;;17;998
3;3;16;25;25120;;3;2;No inventariada;;14;20;1;999;;1;1;1;;;17;998
3;1;13;25;25120;;3;2;No inventariada;;14;4;1;999;;1;1;1;;;17;998
4;2;18;25;0;;1;1;C-25;92,3;3;19;1;999;;1;1;1;;;999;4
4;3;7;25;0;;1;1;C-14;135,1;6;3;1;999;;1;1;1;;;999;4
3;1;15;25;25120;;3;2;No inventariada;;14;4;1;999;;1;1;1;;;17;998
3;7;21;25;25120;;3;2;No inventariada;;14;4;1;999;;1;4;1;;;17;998
3;1;11;25;25120;;3;2;No inventariada;;14;2;2;4;;1;1;1;;;17;998
3;3;17;25;25120;;3;2;No inventariada;;14;4;1;999;;1;1;1;;;17;998
3;5;20;25;25120;;3;2;No inventariada;;14;4;1;999;;1;2;1;;;17;998
3;1;9;25;25120;;3;2;No inventariada;;14;4;1;999;;1;1;1;;;17;998
4;2;14;25;0;;1;1;C-26;25,7;6;3;2;2;;1;1;1;;;999;4
4;5;12;25;0;;1;1;No inventariada;1,8;6;2;1;999;;1;1;1;;;999;4
4;5;19;25;0;;1;1;A-2;514,4;3;3;2;2;;1;1;1;;;999;4
4;5;12;25;0;;1;1;No inventariada;0,8;6;1;1;999;;1;1;1;;;4;2
4;6;15;25;0;;1;1;L-313;26,5;6;19;1;999;;1;1;1;;;999;4
4;6;18;25;0;;1;1;C-13;58,3;6;19;1;999;;8;1;1;;;999;4
4;2;15;25;0;;1;1;A-2;502;3;4;1;999;;1;1;1;;;999;4
4;7;17;25;0;;1;1;LP-3322;1,2;6;20;1;999;;1;1;1;;;999;4
3;4;13;25;25217;;3;2;No inventariada;;14;2;1;999;;1;1;1;;;17;998
3;3;17;25;0;;1;1;N-2a;504,1;6;4;2;;;1;1;1;;;999;4
4;5;9;25;25120;;3;2;No inventariada;;14;2;2;1;;1;1;1;;;17;998
3;6;21;25;25120;;3;2;No inventariada;;14;7;1;999;;1;4;1;;;17;998
4;2;13;25;25120;;1;1;C-12;147;6;4;2;;;1;1;1;;;4;1
4;2;16;25;0;;1;1;N-260;208,7;6;4;1;999;;1;1;1;;;999;4
4;2;15;25;25110;;3;2;No inventariada;;14;19;1;999;;1;1;1;;;999;998
4;6;12;25;0;;1;1;C-26;26;6;4;1;999;;1;1;1;;;999;4
4;7;13;25;0;;1;1;LV-3025;0,1;6;19;1;999;;1;1;1;;;17;4
4;4;0;25;0;;1;1;C-13;148,8;6;19;1;999;;1;6;1;;;999;4
4;2;8;25;25137;;2;2;L-200;0,8;14;7;1;999;;1;1;1;;;17;4
3;5;13;25;25120;;3;2;No inventariada;;14;20;1;999;;1;1;1;;;17;998
4;4;15;25;0;;1;1;LV-3311;0,3;6;2;2;1;;1;1;1;;;999;4
4;5;12;25;0;;1;1;C-451;47;6;2;2;4;;1;1;1;;;17;1
4;6;13;25;0;;1;1;A-2;479;3;19;1;999;;1;1;1;;;999;4
4;6;12;25;0;;1;1;L-241;0;6;1;2;4;;1;1;1;;;17;3
4;6;13;25;0;;1;1;N-260;213,9;6;19;1;999;;1;1;3;;;4;3
4;7;0;25;25050;;1;1;LV-3341;2,6;6;19;1;999;;1;1;1;;;17;4
4;7;13;25;25023;;1;1;N-240;99,5;6;6;1;999;;1;1;1;;;1;1
4;7;14;25;25110;;3;2;No inventariada;;14;2;2;1;;1;1;1;;;999;998
4;6;11;25;25217;;3;2;No inventariada;;14;3;2;4;;1;1;1;;;17;998
4;3;6;25;25217;;1;1;A-2;505,8;3;2;1;999;;1;6;1;;;999;4
4;1;12;25;25040;;1;1;C-12;164,2;6;4;1;999;;3;1;3;;;999;4
4;1;14;25;0;;1;1;C-14;63,3;6;2;2;;;3;1;3;;;999;4
4;1;20;25;0;;1;1;A-2;474,1;6;19;1;999;;3;2;4;;;999;4
4;2;13;25;25234;;1;1;No inventariada;1;6;7;1;999;;1;1;1;;;999;4
4;2;16;25;25023;;1;1;N-2;459;6;2;2;4;;1;1;1;;;999;4
4;2;19;25;0;;1;1;L-702;9,8;6;8;1;999;;1;1;1;;;999;4
4;2;22;25;0;;1;1;C-14;93,6;6;19;1;999;;1;6;1;;;999;4
4;2;19;25;0;;3;2;No inventariada;;14;19;1;999;;1;1;1;;;999;998
4;1;13;25;25058;;1;1;N-240;71,2;6;1;1;999;;1;1;3;;;17;1
5;3;13;25;0;;1;1;C-14;125,8;6;3;2;4;;1;1;1;;;999;4
5;3;17;25;0;;1;1;C-14;148,1;6;4;1;999;;1;1;1;;;999;4
5;3;22;25;25050;;1;1;N-2;495;6;2;2;4;;1;4;1;;;999;4
4;4;14;25;0;;1;1;LV-3311;1;6;9;2;4;;8;1;1;;;999;4
4;2;9;25;25120;;3;2;No inventariada;;14;9;1;999;;1;1;1;;;17;998
4;2;9;25;25120;;3;2;No inventariada;;14;9;1;999;;1;1;1;;;17;998
4;1;18;25;0;;1;1;No inventariada;0,6;6;3;2;2;;1;1;1;;;999;4
5;5;19;25;25203;;2;2;N-260;229;6;4;1;999;;1;1;1;;;999;4
5;5;18;25;0;;1;1;LV-9047;8;6;19;1;999;;1;1;1;;;999;4
4;2;9;25;25120;;3;2;No inventariada;;14;4;1;999;;1;1;1;;;17;998
5;5;9;25;25217;;1;1;L-310;7,1;6;19;1;999;;1;1;1;;;17;4
5;6;12;25;25234;;1;1;C-1311;12,5;6;19;1;999;;1;1;1;;;999;4
5;6;18;25;0;;1;1;LP-7041;16,3;6;19;1;999;;1;1;1;;;999;4
5;6;18;25;25120;;1;1;N-2;457;6;1;1;999;;1;1;1;;;4;3
4;4;12;25;25120;;3;2;No inventariada;;14;9;1;999;;1;1;1;;;1;998
5;7;2;25;0;;1;1;C-451;28;6;19;1;999;;1;6;1;;;999;4
5;7;11;25;0;;1;1;No inventariada;2;6;9;1;999;;8;1;1;;;999;4
5;7;16;25;0;;1;1;No inventariada;4;6;19;1;999;;1;1;1;;;999;4
5;7;18;25;0;;1;1;C-14;120,5;6;1;1;999;;1;1;4;;;5;1
4;2;16;25;25120;;3;2;No inventariada;;14;3;2;4;;1;1;1;;;17;998
4;3;12;25;25120;;3;2;No inventariada;;14;2;2;2;;1;1;1;;;17;998
4;1;19;25;25120;;3;2;No inventariada;;14;2;1;999;;1;2;1;;;17;998
4;7;20;25;25120;;1;1;N-240;97,4;6;4;1;999;;1;1;1;;;999;4
5;6;16;25;25243;;1;1;No inventariada;2,5;6;19;1;999;;1;1;1;;;17;2
5;1;13;25;0;;1;1;C-12;104,9;6;1;1;999;;1;1;1;;;17;1
4;5;17;25;25120;;3;2;No inventariada;;14;9;1;999;;1;1;1;;;17;998
4;1;18;25;25120;;3;2;No inventariada;;14;19;1;999;;1;1;1;;;17;998
4;7;21;25;25120;;3;2;No inventariada;;14;19;1;999;;1;2;1;;;17;998
4;5;13;25;25120;;3;2;No inventariada;;14;7;1;999;;1;1;1;;;17;998
4;1;15;25;25217;;3;2;No inventariada;;14;3;1;999;;3;1;3;;;17;998