MES;DIA_SEMANA;HORA;COD_PROVINCIA;COD_MUNICIPIO;ISLA;ZONA;ZONA_AGRUPADA;CARRETERA;KM;TIPO_VIA;TIPO_ACCIDENTE;NUDO;NUDO_INFO;CARRETERA_CRUCE;CONDICION_FIRME;CONDICION_ILUMINACION;CONDICION_METEO;CONDICION_NIEBLA;CONDICION_VIENTO;VISIB_RESTRINGIDA_POR;TRAZADO_PLANTA
5;2;13;25;25050;;1;1;N-2;495;14;19;1;999;;1;1;1;;;999;4
4;2;9;25;25120;;3;2;No inventariada;;14;7;1;999;;1;1;1;;;17;998
4;3;18;25;25120;;3;2;No inventariada;;14;3;2;4;;1;1;1;;;17;998
4;4;14;25;25120;;3;2;No inventariada;;14;3;2;1;;1;1;1;;;17;998
4;5;14;25;25120;;3;2;No inventariada;;14;3;2;2;;1;1;1;;;17;998
4;3;22;25;25120;;3;2;No inventariada;;14;3;2;2;;1;4;1;;;17;998
4;5;15;25;25120;;3;2;No inventariada;;14;7;1;999;;1;1;1;;;17;998
4;5;15;25;0;;1;1;LV-9227;1;6;19;1;999;;1;1;1;;;999;4
4;5;13;25;25120;;3;2;No inventariada;;14;3;2;1;;1;1;1;;;17;998
5;4;9;25;0;;1;1;No inventariada;1;6;19;1;999;;1;1;1;;;999;4
5;4;11;25;0;;1;1;LV-4001;10,5;6;9;1;999;;1;1;1;;;4;2
5;4;13;25;25120;;1;1;C-230a;2,7;6;9;1;999;;1;1;1;;;999;4
4;2;8;25;25120;;3;2;No inventariada;;14;6;1;999;;1;1;1;;;17;998
4;3;17;25;25120;;3;2;No inventariada;;14;7;1;999;;1;1;1;;;17;998
4;3;17;25;25120;;3;2;No inventariada;;14;4;1;999;;1;1;1;;;17;998
5;6;18;25;0;;1;1;N-2;489;6;4;1;999;;1;1;1;;;999;4
5;5;18;25;0;;1;1;L-310;9,9;6;4;1;999;;1;1;1;;;999;4
5;6;3;25;0;;1;1;LP-3322;8,3;6;20;2;4;;1;6;1;;;999;4
5;5;17;25;25120;;2;2;C-13;8,7;6;4;1;999;;1;1;1;;;999;4
5;6;16;25;0;;1;1;No inventariada;4,5;6;9;1;999;;1;1;1;;;999;4
5;7;4;25;0;;2;2;N-260;230,5;6;6;1;999;;1;4;1;;;999;4
5;7;9;25;25040;;1;1;C-12;166,8;6;20;2;4;;1;1;1;;;17;4
5;7;10;25;0;;1;1;C-14;174;6;9;1;999;;1;1;1;;;4;1
5;7;12;25;0;;1;1;No inventariada;6;6;7;1;999;;1;1;1;;;999;4
5;7;11;25;0;;1;1;N-260;239;6;1;1;999;;1;1;1;;;4;2
4;1;11;25;25120;;3;2;No inventariada;;14;2;2;1;;1;1;1;;;17;998
4;3;8;25;25120;;3;2;No inventariada;;14;2;2;1;;1;1;1;;;17;998
4;4;14;25;25120;;3;2;No inventariada;;14;4;1;999;;1;1;1;;;17;998
4;4;10;25;25120;;3;2;No inventariada;;14;9;2;4;;1;1;1;;;1;998
4;3;11;25;25120;;3;2;No inventariada;;14;4;1;999;;1;1;1;;;17;998
4;2;4;25;0;;1;1;N-240;72,5;6;6;2;1;;1;6;1;;;999;4
5;1;7;25;0;;1;1;LP-2015;4,9;6;1;1;999;;1;1;1;;;999;4
5;1;17;25;0;;1;1;C-28;59,3;6;19;1;999;;1;1;1;;;4;2
4;6;16;25;25120;;3;2;No inventariada;;14;6;2;2;;3;1;3;;;17;998
5;5;12;25;25120;;3;2;No inventariada;;14;2;2;1;;1;1;1;;;17;998
5;2;12;25;25072;;1;1;A-2;520,5;3;4;1;999;;3;1;1;;;999;4
5;2;14;25;25120;;1;1;N-2;456,9;6;4;1;999;;1;1;1;;;999;4
4;1;19;25;25120;;3;2;No inventariada;;14;7;1;999;;1;1;1;;;17;998
5;7;18;25;25120;;2;2;LP-9221;0,6;14;2;2;2;;3;1;3;;;17;4
4;7;14;25;25120;;3;2;No inventariada;;14;2;2;2;;1;1;1;;;17;998
4;6;17;25;25040;;1;1;C-26;25,1;6;19;1;999;;3;1;3;;;999;4
5;4;9;25;0;;1;1;C-12;150,5;6;2;2;4;;1;1;1;;;999;4
5;3;8;25;25137;;1;1;LV-2001;1,6;6;2;1;999;;1;1;1;;;999;4
5;3;18;25;0;;1;1;N-240;72,6;6;2;2;4;;1;1;1;;;999;4
5;2;12;25;25217;;3;2;No inventariada;;14;7;2;4;;1;1;1;;;17;998
5;4;11;25;0;;2;2;C-1412a;18,1;6;2;2;4;;1;1;1;;;999;4
5;4;8;25;25120;;3;2;No inventariada;;14;9;2;4;;1;1;1;;;17;998
5;3;6;25;25011;;1;1;L-800;5;6;2;1;999;;1;2;1;;;999;4
5;6;12;25;0;;1;1;No inventariada;5;6;19;1;999;;1;1;1;;;999;4
5;6;13;25;0;;1;1;L-511;22,8;6;9;1;999;;1;1;1;;;999;4
5;6;14;25;0;;3;2;No inventariada;;14;20;2;2;;1;1;1;;;17;998
5;6;15;25;0;;1;1;A-2;529,7;3;19;1;999;;3;1;3;;;999;4
5;6;16;25;0;;1;1;L-303;6;6;19;1;999;;1;1;1;;;999;4
5;6;17;25;0;;1;1;LV-9123;2,7;6;19;1;999;;1;1;1;;;999;4
5;6;17;25;25137;;1;1;No inventariada;2;6;2;2;2;;1;1;1;;;999;4
5;6;20;25;25050;;3;2;No inventariada;;14;3;1;999;;1;1;1;;;999;998
4;7;20;25;25120;;3;2;No inventariada;;14;4;2;4;;1;1;1;;;17;998
5;7;16;25;0;;1;1;C-13;140,6;6;19;1;999;;3;1;1;;;999;4
5;1;15;25;0;;2;2;N-230;7,5;14;9;2;4;;1;1;1;;;999;4
5;1;18;25;0;;3;2;No inventariada;;14;9;2;2;;1;1;1;;;999;998
5;1;22;25;0;;1;1;No inventariada;0,5;6;19;1;999;;1;2;1;;;999;4
5;2;19;25;25120;;3;2;No inventariada;;14;2;2;1;;1;1;1;;;17;998
4;2;14;25;25120;;3;2;No inventariada;;14;4;1;999;;1;1;1;;;17;998
4;6;16;25;25120;;3;2;No inventariada;;14;2;2;2;;1;1;1;;;17;998
4;2;16;25;25120;;3;2;No inventariada;;14;3;1;999;;1;1;1;;;17;998
4;4;19;25;25120;;3;2;No inventariada;;14;7;1;999;;1;2;1;;;17;998
5;3;7;25;25120;;1;1;No inventariada;0,8;6;3;1;999;;1;1;1;;;999;4
5;3;12;25;25120;;3;2;No inventariada;;14;20;1;999;;1;1;1;;;17;998
5;4;19;25;25120;;3;2;No inventariada;;14;7;2;1;;1;1;1;;;1;998
5;4;14;25;0;;1;1;C-13;89,2;6;9;1;999;;1;1;1;;;999;4
5;4;18;25;25040;;1;1;C-13;29,7;6;4;1;999;;1;1;1;;;999;4
5;5;15;25;0;;1;1;C-13;134,9;6;19;1;999;;3;1;3;;;999;4
5;5;17;25;0;;1;1;C-26;35,6;6;19;1;999;;1;1;1;;;17;4
5;6;9;25;0;;1;1;N-145;2;6;9;1;999;;1;1;1;;;999;4
5;6;10;25;0;;1;1;C-149a;2,9;6;19;1;999;;1;1;1;;;999;4
5;6;11;25;0;;1;1;C-462;21;6;19;1;999;;1;1;1;;;999;4
5;6;13;25;0;;3;2;No inventariada;;14;9;1;999;;1;1;1;;;999;998
5;6;12;25;0;;1;1;C-13;61,4;6;20;1;999;;1;1;1;;;17;4
5;6;16;25;0;;1;1;LV-2001;6;6;19;1;999;;1;1;1;;;999;4
5;7;1;25;25120;;3;2;No inventariada;;14;2;1;999;;1;4;1;;;17;998
5;5;9;25;0;;3;2;No inventariada;;14;2;1;999;;1;1;1;;;999;998
5;7;11;25;0;;1;1;C-55;66;6;4;1;999;;1;1;1;;;999;4
5;7;18;25;0;;1;1;A-2;503,8;3;9;1;999;;1;1;1;;;999;4
5;7;19;25;0;;1;1;L-311;11,6;6;20;1;999;;1;1;1;;;999;4
5;3;12;25;0;;1;1;C-233;20,9;6;9;1;999;;1;1;1;;;999;4
5;1;12;25;0;;1;1;LV-9225;3;6;9;2;1;;1;1;1;;;999;4
5;4;20;25;25120;;1;1;N-2;458;6;4;1;999;;1;1;1;;;999;4
5;1;12;25;0;;3;2;No inventariada;;14;7;1;999;;1;1;1;;;999;998
5;1;13;25;0;;1;1;N-260;277;6;19;1;999;;1;1;1;;;4;3
5;2;8;25;25019;;1;1;L-902;2;6;4;1;999;;1;1;1;;;17;1
5;2;12;25;0;;1;1;No inventariada;4;6;19;1;999;;1;1;1;;;999;4
5;2;17;25;25234;;1;1;C-1311;18,8;6;9;1;999;;1;1;1;;;999;4
5;3;11;25;25120;;1;1;No inventariada;66;6;2;1;999;;1;1;1;;;999;4
5;3;18;25;0;;1;1;N-260;199,7;6;1;1;999;;1;1;1;;;17;2
5;3;21;25;25050;;3;2;No inventariada;;14;9;1;999;;1;1;1;;;999;998
5;2;20;25;25120;;1;1;N-240;103,8;6;3;2;4;;1;1;1;;;17;1
5;4;9;25;0;;3;2;No inventariada;;14;7;1;999;;1;1;1;;;17;998
5;5;11;25;25137;;1;1;E-23;1;6;4;1;999;;1;1;1;;;999;4
5;5;19;25;0;;1;1;C-1412a;5,3;6;19;1;999;;1;1;1;;;999;4
5;4;7;25;0;;1;1;No inventariada;0,5;6;9;1;999;;1;1;1;;;999;4
5;5;14;25;25243;;1;1;No inventariada;6;6;2;2;4;;1;1;1;;;999;4
6;6;19;25;0;;3;2;No inventariada;;14;19;1;999;;1;1;1;;;999;998
5;7;7;25;25137;;3;2;No inventariada;;14;9;1;999;;1;1;1;;;17;998
5;5;13;25;25011;;1;1;N-2;453,8;6;3;1;999;;1;1;1;;;999;4
6;7;10;25;0;;1;1;C-26;110;6;19;2;2;;1;1;1;;;999;4
6;7;8;25;0;;1;1;LL-12;0,1;2;19;2;4;;1;1;1;;;999;4
6;7;17;25;0;;3;2;No inventariada;;14;19;1;999;;1;1;1;;;999;998
6;7;18;25;0;;1;1;C-13;73,1;6;2;2;2;;1;1;1;;;4;1
6;7;23;25;0;;1;1;C-13;12,4;6;19;1;999;;1;6;1;;;999;4
5;1;20;25;25120;;3;2;No inventariada;;14;9;1;999;;1;1;1;;;17;998
5;6;20;25;25120;;3;2;No inventariada;;14;7;1;999;;1;1;1;;;17;998
5;5;21;25;25120;;3;2;No inventariada;;14;9;2;1;;1;4;1;;;17;998
6;1;8;25;25011;;1;1;N-2;452,5;6;1;1;999;;1;1;1;;;17;1
6;1;13;25;0;;1;1;C-1412b;58,8;6;19;1;999;;1;1;1;;;999;4
6;1;17;25;25120;;1;1;N-2a;457,8;6;1;1;999;;1;1;1;;;17;1
6;1;19;25;25072;;3;2;No inventariada;;14;20;1;999;;1;1;1;;;999;998
5;4;10;25;25120;;3;2;No inventariada;;14;7;2;1;;1;1;1;;;17;998
5;4;10;25;25120;;3;2;No inventariada;;14;9;1;999;;1;1;1;;;17;998
5;3;19;25;25120;;3;2;No inventariada;;14;9;1;999;;1;2;1;;;17;998
5;4;10;25;25120;;3;2;No inventariada;;14;4;1;999;;1;1;1;;;17;998
5;5;15;25;25120;;3;2;No inventariada;;14;7;1;999;;1;1;1;;;17;998
6;2;8;25;0;;1;1;AP-2;129,3;2;19;1;999;;1;1;1;;;999;4
5;6;16;25;25217;;3;2;No inventariada;;14;9;2;4;;1;1;1;;;17;998
5;7;2;25;25120;;3;2;No inventariada;;14;2;1;999;;1;5;1;;;17;998
6;2;23;25;25217;;1;1;C-14;74,5;6;19;2;4;;1;4;1;;;999;4
6;3;12;25;25040;;1;1;C-13;29,1;6;3;2;1;;1;1;1;;;999;4
6;3;14;25;0;;1;1;No inventariada;0;6;3;1;999;;1;1;1;;;999;4
5;6;11;25;25120;;3;2;No inventariada;;14;9;1;999;;1;1;1;;;17;998
5;1;9;25;25120;;3;2;No inventariada;;14;4;1;999;;1;1;1;;;17;998
5;7;20;25;25120;;3;2;No inventariada;;14;3;1;999;;1;1;1;;;17;998
6;4;6;25;25120;;1;1;LL-11;3,6;3;9;2;4;;1;1;1;;;999;4
6;4;7;25;0;;1;1;No inventariada;7,8;6;19;1;999;;1;1;1;;;999;4
6;4;6;25;0;;1;1;C-53;128,8;6;19;1;999;;1;1;1;;;999;4
6;4;14;25;25120;;1;1;LL-11;5;3;2;2;4;;1;1;1;;;999;4
6;4;12;25;25217;;1;1;A-2;506,5;3;4;1;999;;1;1;1;;;999;4
5;4;9;25;25120;;3;2;No inventariada;;14;7;2;1;;1;1;1;;;17;998
5;5;12;25;25120;;3;2;No inventariada;;14;7;1;999;;1;1;1;;;17;998
6;5;10;25;0;;1;1;C-13;73;6;3;2;2;;1;1;1;;;17;1
6;5;20;25;0;;1;1;LP-3322;3,8;6;19;1;999;;1;1;1;;;999;4
6;6;9;25;0;;2;2;N-230;14,6;6;2;2;4;;1;1;1;;;999;4
6;6;15;25;0;;1;1;C-462;73,5;6;9;1;999;;1;1;1;;;999;4
6;6;13;25;0;;1;1;No inventariada;13,5;6;19;1;999;;1;1;1;;;4;2
6;7;9;25;0;;1;1;L-512;1,2;6;19;1;999;;3;1;3;;;999;4
6;7;15;25;0;;1;1;N-260;298,3;6;19;1;999;;1;4;1;;;999;4
6;7;17;25;0;;1;1;B-300;11;6;19;1;999;;1;1;1;;;999;4
6;7;20;25;0;;1;1;C-462;1,9;6;19;1;999;;1;1;1;;;999;4
5;4;11;25;25120;;3;2;No inventariada;;14;19;1;999;;1;1;1;;;17;998
5;3;17;25;25120;;3;2;No inventariada;;14;4;1;999;;1;1;1;;;17;998
5;7;23;25;25120;;3;2;No inventariada;;14;2;2;1;;1;4;1;;;17;998
5;7;8;25;25120;;3;2;No inventariada;;14;3;1;999;;1;1;1;;;17;998
5;2;9;25;25120;;3;2;No inventariada;;14;7;1;999;;1;1;1;;;17;998
5;2;9;25;25120;;3;2;No inventariada;;14;20;1;999;;1;1;1;;;17;998
5;5;3;25;25050;;1;1;N-2a;495,5;6;19;1;999;;1;5;1;;;999;4
6;1;8;25;25120;;1;1;No inventariada;144;6;19;1;999;;1;1;1;;;999;4
6;1;13;25;0;;1;1;L-303;14,5;6;1;1;999;;1;1;1;;;999;4
6;1;13;25;0;;1;1;C-13;15;3;19;2;4;;1;1;1;;;999;4
6;1;17;25;0;;1;1;L-303;10;6;19;1;999;;1;1;1;;;999;4
5;4;12;25;25120;;3;2;No inventariada;;14;4;2;1;;1;1;1;;;17;998
6;1;18;25;25137;;3;2;No inventariada;;14;4;1;999;;1;1;1;;;17;998
6;1;19;25;25137;;3;2;No inventariada;;14;4;2;2;;1;1;1;;;17;998
5;5;17;25;25120;;3;2;No inventariada;;14;3;1;999;;1;1;1;;;17;998
5;1;8;25;0;;1;1;LP-7041;0,8;6;4;1;999;;1;1;1;;;999;4
5;1;22;25;0;;2;2;N-230;11;6;2;2;4;;1;1;1;;;999;4
6;3;20;25;0;;1;1;LV-7021;9;6;19;1;999;;1;2;1;;;999;4
6;2;15;25;25203;;2;2;N-260;229;6;3;1;999;;1;1;1;;;999;4
6;2;16;25;0;;1;1;C-26;124,5;6;19;1;999;;3;1;3;;;999;4
6;2;19;25;25234;;3;2;No inventariada;;14;2;1;999;;1;2;1;;;999;998
5;3;1;25;25120;;3;2;No inventariada;;14;3;1;999;;1;4;1;;;17;998
5;2;9;25;25120;;3;2;No inventariada;;14;7;1;999;;1;1;1;;;17;998
5;3;9;25;25120;;3;2;No inventariada;;14;2;1;999;;1;1;1;;;17;998
5;6;11;25;25120;;3;2;No inventariada;;14;4;1;999;;1;1;1;;;17;998
5;5;18;25;25120;;3;2;No inventariada;;14;9;1;999;;1;1;1;;;17;998
6;1;13;25;25137;;3;2;No inventariada;;14;7;2;1;;1;1;1;;;17;998
5;3;21;25;0;;1;1;C-12;152;6;19;1;999;;1;6;1;;;999;4
6;3;7;25;25120;;1;1;N-230;6,9;6;3;2;4;;1;1;1;;;999;4
6;3;10;25;0;;1;1;C-26;110,2;6;1;1;999;;1;1;1;;;17;3
6;3;15;25;0;;1;1;N-141f;3;6;19;1;999;;1;1;1;;;999;4
6;6;8;25;0;;1;1;C-233;39;6;9;1;999;;1;1;1;;;999;4
6;2;9;25;0;;1;1;C-12;110,7;6;19;1;999;;3;1;3;;;999;4
6;2;12;25;25011;;1;1;N-2;454,2;6;1;1;999;;3;1;3;;;999;4
6;4;8;25;25023;;1;1;A-22;0,2;3;2;2;4;;1;1;1;;;999;4
6;4;13;25;0;;3;2;No inventariada;;14;19;1;999;;1;1;1;;;999;998
6;4;19;25;25023;;3;2;No inventariada;;14;20;2;4;;1;1;1;;;999;998
6;2;17;25;0;;1;1;C-14;129;6;19;1;999;;3;1;3;;;999;4
6;5;17;25;25023;;3;2;No inventariada;;14;2;2;2;;1;1;1;;;999;998
6;5;16;25;25234;;1;1;C-13;83,2;6;1;1;999;;1;1;1;;;17;2
6;6;1;25;0;;1;1;No inventariada;1,6;6;19;1;999;;1;6;1;;;17;2
6;6;8;25;0;;1;1;C-233;25,2;6;20;1;999;;1;1;1;;;17;4
6;6;11;25;0;;1;1;L-303;10;6;9;1;999;;1;1;1;;;999;4
6;6;12;25;0;;1;1;LV-4241;14;6;19;1;999;;1;1;1;;;999;4
6;6;11;25;0;;1;1;No inventariada;1;6;9;1;999;;1;1;1;;;999;4
6;6;19;25;0;;1;1;L-310;12;6;19;1;999;;1;1;1;;;999;4
6;7;2;25;25040;;1;1;C-12;161;6;19;1;999;;1;6;1;;;999;4
5;3;10;25;25120;;3;2;No inventariada;;14;2;2;2;;1;1;1;;;1;998
6;7;13;25;25011;;1;1;L-800;2;6;20;2;4;;1;1;1;;;999;4
6;7;13;25;0;;1;1;N-260;220,4;6;19;1;999;;1;1;1;;;999;4
6;7;18;25;0;;1;1;No inventariada;2;6;19;1;999;;1;1;1;;;4;2
6;1;7;25;25217;;1;1;C-14;75,4;6;19;1;999;;1;1;1;;;999;4
6;1;7;25;0;;1;1;A-2;481,8;3;4;1;999;;1;1;1;;;999;4
6;1;15;25;0;;1;1;C-28;50,5;6;9;1;999;;1;1;1;;;4;3
6;7;1;25;25137;;2;2;L-200;0,8;14;4;1;999;;1;4;1;;;17;4
6;1;7;25;25137;;3;2;No inventariada;;14;7;1;999;;1;1;1;;;17;998
6;7;14;25;0;;1;1;C-462;64,8;6;9;2;2;;1;1;1;;;999;4
6;5;12;25;0;;1;1;LP-9221;7,3;6;4;1;999;;1;1;1;;;999;4
6;5;14;25;25058;;1;1;N-240;63;6;4;1;999;;1;1;1;;;999;4
6;2;14;25;0;;1;1;No inventariada;1;6;7;2;1;;1;1;1;;;999;4
6;2;19;25;0;;1;1;No inventariada;3;6;1;1;999;;1;1;1;;;999;4
6;2;19;25;25120;;1;1;C-13;0,6;3;9;2;;;1;1;1;;;999;4
6;3;10;25;0;;2;2;N-260;233,7;6;20;2;;;1;1;1;;;999;4
6;3;21;25;0;;1;1;C-12;114,3;6;6;2;2;;1;1;1;;;17;4
6;4;8;25;0;;3;2;No inventariada;;14;19;1;999;;1;1;1;;;999;998
6;5;2;25;0;;1;1;No inventariada;4;6;19;1;999;;1;6;1;;;999;4
6;1;8;25;0;;1;1;A-2;484,2;3;4;1;999;;1;1;1;;;999;4
6;6;9;25;0;;1;1;C-451;24,9;6;8;1;999;;1;1;1;;;999;4
6;6;12;25;0;;1;1;No inventariada;6;6;9;1;999;;1;1;1;;;999;4
6;6;12;25;0;;1;1;C-233;76,1;6;3;1;999;;1;1;1;;;999;4
6;6;13;25;0;;1;1;C-28;49,6;6;9;1;999;;1;1;1;;;999;4
6;6;11;25;0;;1;1;C-26;29,9;6;1;1;999;;1;1;1;;;17;2
5;7;23;25;25120;;3;2;No inventariada;;14;2;1;999;;1;4;1;;;17;998
5;7;23;25;25120;;3;2;No inventariada;;14;7;1;999;;3;4;3;;;17;998
6;6;22;25;0;;1;1;AP-2;123,5;2;19;1;999;;1;6;1;;;999;4
6;7;8;25;0;;1;1;No inventariada;38;6;9;1;999;;1;1;1;;;999;4
6;7;10;25;0;;1;1;No inventariada;0;6;9;1;999;;8;1;1;;;999;4
6;7;12;25;0;;1;1;No inventariada;9;6;9;1;999;;1;1;1;;;4;2
6;7;16;25;0;;1;1;LV-5134;1,5;14;19;1;999;;1;1;1;;;999;4
6;7;20;25;0;;1;1;N-2a;473,3;6;19;1;999;;1;1;1;;;17;2
6;1;8;25;25040;;1;1;C-12;162,6;6;19;1;999;;1;1;1;;;999;4
6;1;12;25;0;;1;1;N-260;205,7;6;2;2;2;;1;1;1;;;999;4
6;1;13;25;0;;1;1;No inventariada;0,5;6;20;1;999;;1;1;1;;;999;4
6;1;20;25;25120;;1;1;A-2;462;3;4;2;4;;1;1;1;;;999;4
6;2;4;25;0;;1;1;A-2;481,7;3;19;1;999;;1;6;1;;;999;4
6;2;14;25;0;;1;1;No inventariada;10,2;6;19;1;999;;1;1;1;;;999;4
6;2;21;25;0;;1;1;C-13;44,7;6;19;1;999;;1;2;1;;;999;4
6;2;20;25;0;;1;1;LP-7032;2,8;6;19;1;999;;1;1;1;;;17;2
6;7;16;25;25058;;1;1;AP-2;163,6;2;3;1;999;;1;1;1;;;999;4
6;3;12;25;0;;1;1;No inventariada;2;6;3;1;999;;1;1;1;;;999;4
6;3;18;25;25050;;2;2;LP-2015;0,3;14;2;1;999;;1;1;1;;;999;4
6;3;18;25;0;;3;2;No inventariada;;14;2;1;999;;1;1;1;;;999;998
6;3;21;25;0;;3;2;No inventariada;;14;9;1;999;;1;1;1;;;999;998
6;2;13;25;25217;;1;1;A-2;505,8;3;19;1;999;;3;1;3;;;999;4
6;7;13;25;0;;1;1;L-701;6,5;6;9;1;999;;1;1;1;;;999;4
6;2;7;25;0;;1;1;L-702;6;6;3;1;999;;1;1;1;;;999;4
6;4;8;25;0;;1;1;AP-2;123,4;2;4;1;999;;1;1;1;;;999;4
6;4;9;25;25234;;1;1;C-1412b;55,7;6;2;2;4;;1;1;1;;;999;4
6;5;8;25;0;;1;1;LP-9221;5,8;6;19;1;999;;1;1;1;;;999;4
6;5;10;25;0;;1;1;C-233;70,9;6;19;1;999;;1;1;1;;;999;4
6;6;1;25;25003;;3;2;No inventariada;;14;19;1;999;;1;5;1;;;999;998
6;4;13;25;25217;;3;2;No inventariada;;14;3;2;4;;1;1;1;;;17;998
6;6;6;25;0;;1;1;C-451;28,1;6;19;1;999;;1;2;1;;;999;4
6;6;10;25;25120;;1;1;No inventariada;0,1;6;2;1;999;;1;1;1;;;999;4
6;6;13;25;0;;1;1;No inventariada;1;6;9;1;999;;8;1;3;;;999;4
6;6;11;25;0;;1;1;C-14;119,5;6;1;1;999;;1;1;4;;;5;2
6;6;16;25;0;;1;1;C-233;71,8;6;19;1;999;;1;1;1;;;999;4
6;6;16;25;0;;1;1;A-2;504;3;9;2;;;1;1;1;;;999;4
6;6;4;25;25120;;3;2;No inventariada;;14;19;1;999;;1;4;1;;;17;998
6;7;6;25;0;;1;1;No inventariada;1;6;19;1;999;;1;2;1;;;999;4
6;7;8;25;25217;;1;1;LV-2021;4,8;6;20;1;999;;1;1;1;;;17;4
6;7;18;25;0;;1;1;LP-7041;5,6;6;19;1;999;;1;1;1;;;999;4
5;4;10;25;25120;;3;2;No inventariada;;14;7;1;999;;1;1;1;;;17;998
5;1;20;25;25120;;3;2;No inventariada;;14;3;1;999;;1;1;1;;;17;998
5;4;8;25;25120;;3;2;No inventariada;;14;9;1;999;;1;1;1;;;17;998
6;2;13;25;25217;;2;2;C-14;71,5;14;4;1;999;;1;1;1;;;17;4
6;3;20;25;25217;;3;2;No inventariada;;14;4;1;999;;1;1;1;;;17;998
6;2;12;25;0;;1;1;LV-4241;27,7;6;19;1;999;;1;1;1;;;999;4
7;1;15;25;0;;1;1;C-12;157,2;6;19;1;999;;1;1;1;;;999;4
7;1;16;25;0;;1;1;C-13;133,8;6;19;1;999;;1;1;1;;;999;4
7;1;18;25;0;;1;1;A-2;446;3;9;1;999;;1;1;1;;;999;4
6;2;14;25;25137;;3;2;No inventariada;;14;2;2;4;;1;1;1;;;17;998
6;4;22;25;25137;;3;2;No inventariada;;14;4;1;999;;1;4;1;;;17;998
7;1;18;25;0;;1;1;C-13;92,8;6;19;1;999;;3;1;1;;;999;4
7;2;9;25;0;;1;1;L-241;6,3;6;19;1;999;;1;1;1;;;999;4
7;2;13;25;25120;;1;1;LP-9221;4,2;6;9;2;4;;1;1;1;;;999;4
7;3;0;25;25137;;3;2;No inventariada;;14;7;2;2;;1;4;1;;;999;998
7;1;18;25;25019;;1;1;A-22;10,6;3;2;1;999;;1;1;1;;;999;4
7;3;11;25;0;;1;1;A-2;491,9;3;19;1;999;;1;1;1;;;999;4
7;3;16;25;0;;3;2;No inventariada;;14;7;2;2;;1;1;1;;;999;998
7;3;17;25;0;;1;1;C-13;92,5;6;1;1;999;;1;1;1;;;999;4
7;3;21;25;0;;1;1;No inventariada;0;6;9;1;999;;8;2;1;;;999;4
7;3;21;25;0;;1;1;LV-2021;5,4;6;19;2;2;;1;2;1;;;999;4
7;2;11;25;25110;;3;2;No inventariada;;14;6;1;999;;1;1;1;;;999;998
7;4;9;25;25023;;1;1;N-240;99,9;3;4;2;4;;1;1;1;;;17;4
7;4;11;25;25110;;1;1;L-313;15;6;4;1;999;;1;1;1;;;999;4
7;4;13;25;0;;1;1;C-13;17,1;3;20;1;999;;1;1;1;;;17;4
7;4;15;25;25120;;1;1;No inventariada;1,5;6;9;1;999;;1;1;1;;;999;4
7;4;17;25;0;;1;1;N-260;342,8;6;19;1;999;;1;1;1;;;999;4
7;4;16;25;0;;1;1;AP-2;159,3;2;20;1;999;;1;1;1;;;999;4
7;4;20;25;0;;1;1;N-145;2;6;19;1;999;;1;1;1;;;999;4
5;5;20;25;25120;;3;2;No inventariada;;14;7;2;1;;1;4;1;;;17;998
5;1;15;25;25120;;3;2;No inventariada;;14;2;1;999;;1;1;1;;;17;998
6;5;14;25;25120;;3;2;No inventariada;;14;3;2;2;;1;1;1;;;17;998
6;4;12;25;25120;;3;2;No inventariada;;14;7;1;999;;1;1;1;;;17;998
7;5;6;25;0;;3;2;No inventariada;;14;9;1;999;;1;1;1;;;999;998
7;5;12;25;0;;1;1;C-26;9,2;6;9;1;999;;1;1;1;;;999;4
7;5;15;25;25120;;1;1;N-240;83,5;6;4;1;999;;1;1;1;;;999;4
7;5;12;25;0;;1;1;C-26;46,9;6;19;1;999;;1;1;1;;;17;4
7;5;16;25;25058;;1;1;C-233;60,8;6;2;2;;;1;1;1;;;999;4
7;5;20;25;0;;1;1;N-260;231,7;6;3;1;999;;1;1;1;;;999;4
7;5;23;25;0;;1;1;LP-7041;1,2;6;3;1;999;;3;6;4;;;999;4
6;2;14;25;25120;;3;2;No inventariada;;14;2;2;4;;1;1;1;;;17;998
6;7;19;25;25120;;3;2;No inventariada;;14;2;2;4;;1;1;1;;;17;998
6;6;17;25;25120;;3;2;No inventariada;;14;2;1;999;;1;1;1;;;17;998
6;6;1;25;25120;;3;2;No inventariada;;14;2;1;999;;1;4;1;;;17;998
7;3;19;25;25137;;3;2;No inventariada;;14;7;1;999;;1;1;1;;;17;998
6;6;0;25;25120;;3;2;No inventariada;;14;6;1;999;;1;4;1;;;17;998
7;5;21;25;25137;;3;2;No inventariada;;14;7;1;999;;1;1;1;;;17;998
6;3;9;25;25120;;3;2;No inventariada;;14;7;2;2;;1;1;1;;;17;998
6;2;11;25;25120;;3;2;No inventariada;;14;2;2;4;;1;1;1;;;17;998
6;5;12;25;25120;;3;2;No inventariada;;14;9;2;2;;1;1;1;;;17;998
7;6;11;25;0;;1;1;AP-2;139,5;2;4;1;999;;1;1;1;;;999;4
7;6;18;25;25120;;1;1;A-2;467,3;3;19;1;999;;3;1;4;;1;999;4
7;2;9;25;25040;;3;2;No inventariada;;14;2;2;1;;1;1;1;;;1;998