MES;DIA_SEMANA;HORA;COD_PROVINCIA;COD_MUNICIPIO;ISLA;ZONA;ZONA_AGRUPADA;CARRETERA;KM;TIPO_VIA;TIPO_ACCIDENTE;NUDO;NUDO_INFO;CARRETERA_CRUCE;CONDICION_FIRME;CONDICION_ILUMINACION;CONDICION_METEO;CONDICION_NIEBLA;CONDICION_VIENTO;VISIB_RESTRINGIDA_POR;TRAZADO_PLANTA
7;4;17;25;25023;;3;2;No inventariada;;14;2;1;999;;1;1;1;;;999;998
7;7;6;25;0;;1;1;N-260;290,5;6;19;1;999;;3;1;1;;;999;4
7;7;8;25;0;;1;1;C-13;134;6;19;1;999;;1;1;1;;;999;4
7;7;9;25;0;;1;1;C-45;13;6;9;1;999;;8;1;1;;;999;4
7;7;7;25;25234;;1;1;C-13;83,7;6;19;1;999;;1;1;1;;;999;4
7;7;15;25;0;;1;1;C-1412b;22,7;6;9;1;999;;1;1;1;;;999;4
6;4;8;25;25120;;3;2;No inventariada;;14;2;1;999;;1;1;1;;;17;998
7;4;16;25;25120;;3;2;No inventariada;;14;3;1;999;;1;1;1;;;17;998
6;5;10;25;25120;;3;2;No inventariada;;14;2;1;999;;1;1;1;;;17;998
6;4;12;25;25120;;3;2;No inventariada;;14;9;1;999;;1;1;1;;;17;998
6;6;12;25;25120;;3;2;No inventariada;;14;4;1;999;;1;1;1;;;17;998
6;2;13;25;25120;;3;2;No inventariada;;14;7;1;999;;1;1;1;;;17;998
7;1;8;25;0;;1;1;C-12;149,2;6;4;1;999;;1;1;1;;;999;4
7;1;10;25;25243;;1;1;No inventariada;9;6;4;2;;;1;1;1;;;999;4
7;1;16;25;25040;;1;1;C-13;29,6;6;4;1;999;;1;1;1;;;999;4
6;7;11;25;0;;1;1;N-230;125,5;6;20;1;999;;1;1;1;;;999;4
7;1;9;25;0;;3;2;No inventariada;;14;7;1;999;;1;1;1;;;17;998
7;2;12;25;25137;;1;1;LV-2001;1,6;6;2;2;1;;1;1;1;;;17;2
7;2;15;25;25120;;3;2;No inventariada;;14;3;1;999;;1;1;1;;;999;998
7;1;20;25;25137;;3;2;No inventariada;;14;7;1;999;;1;2;1;;;17;998
7;2;16;25;0;;1;1;L-503;1,9;6;9;1;999;;8;1;1;;;999;4
7;3;12;25;25203;;1;1;LV-4008;2,5;6;9;1;999;;1;1;1;;;999;4
7;3;18;25;0;;1;1;C-13;144,5;6;19;1;999;;1;1;1;;;999;4
7;4;1;25;25120;;1;1;C-12;145,2;6;19;1;999;;1;6;1;;;999;4
7;4;13;25;0;;1;1;No inventariada;7,2;6;19;1;999;;1;1;1;;;17;4
7;4;15;25;0;;3;2;No inventariada;;14;2;2;2;;1;1;1;;;999;998
7;4;18;25;0;;1;1;AP-2;176,1;2;20;1;999;;1;1;1;;;999;4
7;4;19;25;25011;;1;1;L-800;2;6;2;2;4;;1;1;1;;;999;4
7;5;14;25;0;;1;1;C-13;96;6;3;1;999;;1;1;1;;;999;4
7;6;17;25;25217;;1;1;A-2;507,5;3;19;1;999;;1;1;1;;;17;1
7;6;18;25;0;;1;1;C-12;189,3;6;19;1;999;;1;1;1;;;999;4
7;6;21;25;0;;1;1;C-12;109,8;6;19;1;999;;1;2;1;;;999;4
7;7;5;25;25217;;1;1;No inventariada;3,3;6;19;1;999;;1;6;1;;;999;4
7;7;10;25;0;;1;1;No inventariada;7,4;6;9;1;999;;8;1;1;;;999;4
7;7;10;25;0;;1;1;No inventariada;5,5;6;20;1;999;;8;1;1;;;999;4
6;5;15;25;25120;;3;2;No inventariada;;14;2;2;4;;1;1;1;;;17;998
6;5;16;25;25120;;3;2;No inventariada;;14;2;2;1;;1;1;1;;;17;998
7;7;4;25;25207;;3;2;No inventariada;30;14;20;1;999;;1;1;1;;;17;998
7;1;8;25;0;;3;2;No inventariada;;14;20;2;1;;1;1;1;;;17;998
7;1;11;25;25050;;1;1;No inventariada;0,8;6;3;1;999;;1;1;1;;;999;4
7;1;14;25;25120;;1;1;LL-11;6,9;3;9;2;4;;8;1;1;;;999;4
7;1;15;25;0;;1;1;LP-9221;9,5;6;4;2;1;;1;1;1;;;999;4
7;1;17;25;0;;1;1;C-14;169,6;6;19;1;999;;1;1;1;;;999;4
5;4;18;25;25217;;3;2;No inventariada;;14;4;1;999;;1;1;1;;;17;998
5;4;18;25;25217;;3;2;No inventariada;;14;7;1;999;;1;1;1;;;17;998
6;6;22;25;25217;;3;2;No inventariada;;14;2;2;4;;1;4;1;;;17;998
7;7;13;25;0;;1;1;C-13;50;6;19;1;999;;1;1;1;;;999;4
7;2;11;25;25019;;3;2;No inventariada;;14;6;1;999;;1;1;1;;;17;998
7;2;13;25;0;;1;1;No inventariada;3,5;6;2;2;2;;1;1;1;;;999;4
7;2;14;25;0;;1;1;C-12;199;6;2;2;1;;1;1;1;;;999;4
7;2;20;25;0;;1;1;C-26;26;6;2;2;1;;1;1;1;;;999;4
7;3;18;25;0;;1;1;No inventariada;3;6;9;1;999;;8;1;1;;;999;4
7;4;5;25;0;;1;1;C-14;84,8;6;19;1;999;;1;6;1;;;999;4
7;4;9;25;0;;1;1;No inventariada;2;6;2;2;1;;1;1;1;;;999;4
7;4;22;25;0;;1;1;C-1412a;2,5;6;1;1;999;;1;6;1;;;999;4
7;5;10;25;25003;;3;2;No inventariada;;14;19;1;999;;1;1;1;;;999;998
7;5;12;25;0;;1;1;C-14;172,2;6;1;1;999;;1;1;1;;;4;2
7;5;14;25;0;;1;1;No inventariada;1;6;9;1;999;;8;1;1;;;999;4
7;5;22;25;25072;;1;1;No inventariada;0;6;19;1;999;;1;5;1;;;999;4
7;6;7;25;0;;1;1;N-230;27,5;6;9;2;4;;1;1;1;;;17;2
7;6;19;25;0;;1;1;LV-7046;5,9;6;19;1;999;;1;1;1;;;17;4
7;7;11;25;25120;;1;1;A-2;462,2;3;4;2;4;;1;1;1;;;999;4
7;7;22;25;0;;1;1;C-12;105,4;6;19;2;2;;1;4;1;;;999;4
7;1;1;25;0;;1;1;A-2;493,4;3;19;1;999;;1;6;1;;;999;4
6;7;21;25;25120;;3;2;No inventariada;;14;7;1;999;;1;4;1;;;1;998
7;7;11;25;0;;1;1;No inventariada;0;6;2;1;999;;1;1;1;;;999;4
7;1;10;25;25120;;1;1;N-230;6,8;6;9;2;4;;8;1;1;;;999;4
7;1;12;25;0;;1;1;No inventariada;3,9;6;9;1;999;;1;1;1;;;999;4
7;1;12;25;0;;1;1;LV-9225;7,2;6;2;2;1;;1;1;1;;;999;4
7;1;12;25;0;;1;1;No inventariada;9;6;20;1;999;;1;1;1;;;999;4
7;1;15;25;0;;1;1;No inventariada;1,5;6;1;1;999;;1;1;1;;;999;4
7;1;16;25;0;;1;1;No inventariada;1,2;6;4;2;1;;1;1;1;;;999;4
7;1;15;25;0;;1;1;No inventariada;4,3;6;9;1;999;;1;1;1;;;999;4
7;5;19;25;25050;;3;2;No inventariada;;14;3;1;999;;1;1;1;;;999;998
7;7;2;25;25217;;1;1;A-2;511,6;3;8;1;999;;1;4;1;;;999;4
7;1;20;25;25203;;1;1;N-145;1;6;19;1;999;;1;1;1;;;999;4
7;2;15;25;25137;;1;1;LV-2001;2;6;2;2;1;;1;1;1;;;999;4
7;2;17;25;0;;1;1;L-310;15;6;19;1;999;;1;1;1;;;999;4
7;2;17;25;0;;3;2;No inventariada;;14;7;1;999;;4;1;1;;;17;998
7;5;14;25;25120;;1;1;N-240;98,5;6;19;1;999;;1;1;1;;;999;4
7;2;18;25;0;;1;1;No inventariada;0,1;6;9;1;999;;1;1;1;;;999;4
7;3;7;25;0;;1;1;L-702;6,8;6;3;1;999;;1;1;1;;;17;4
7;3;11;25;25137;;1;1;LV-2001;1,2;6;19;1;999;;1;1;1;;;17;1
7;3;17;25;0;;1;1;L-500;14,8;6;19;1;999;;1;1;1;;;999;4
7;3;17;25;0;;1;1;No inventariada;0,9;6;9;1;999;;1;1;1;;;999;4
7;3;15;25;0;;1;1;No inventariada;8;6;9;1;999;;1;1;1;;;999;4
7;4;14;25;0;;1;1;C-13;140,5;6;19;1;999;;1;1;1;;;999;4
7;4;17;25;0;;1;1;C-13;133,1;6;19;1;999;;1;1;1;;;999;4
7;4;22;25;25120;;1;1;N-240;82,7;6;2;1;999;;1;6;1;;;999;4
6;5;21;25;25120;;3;2;No inventariada;;14;2;2;2;;1;6;1;;;17;998
6;2;15;25;25120;;3;2;No inventariada;;14;9;1;999;;1;1;1;;;17;998
7;5;7;25;0;;1;1;N-240;72;6;19;1;999;;1;1;1;;;999;4
7;5;14;25;25023;;1;1;No inventariada;3,1;6;1;1;999;;1;1;1;;;999;4
7;5;17;25;0;;1;1;N-260;275,4;6;19;1;999;;1;1;1;;;17;1
7;5;8;25;0;;1;1;N-260;294,3;6;4;1;999;;1;1;1;;;999;4
7;6;11;25;0;;1;1;No inventariada;2,4;6;19;1;999;;1;1;1;;;999;4
7;6;11;25;0;;1;1;C-14;166,5;6;19;1;999;;1;1;1;;;999;4
7;6;21;25;0;;1;1;C-53;140,2;6;4;1;999;;1;6;1;;;999;4
7;7;18;25;0;;1;1;A-2;474;3;19;1;999;;1;1;1;;;17;1
7;4;10;25;25120;;3;2;No inventariada;;14;9;1;999;;1;1;1;;;17;998
6;3;13;25;25120;;3;2;No inventariada;;14;20;1;999;;1;1;1;;;17;998
7;7;20;25;25120;;1;1;N-2a;459,3;6;19;1;999;;1;1;1;;;999;4
7;1;16;25;0;;3;2;No inventariada;;14;1;2;2;;1;1;1;;;999;998
7;1;17;25;25072;;1;1;A-2;516,7;3;4;1;999;;1;1;1;;;999;4
7;2;0;25;25120;;1;1;A-2;458;3;9;2;;;1;5;1;;;999;4
6;1;14;25;25120;;3;2;No inventariada;;14;4;1;999;;1;1;1;;;17;998
6;2;7;25;25120;;3;2;No inventariada;;14;7;1;999;;1;2;1;;;17;998
6;6;18;25;25120;;3;2;No inventariada;;14;2;2;4;;1;1;1;;;17;998
6;3;9;25;25120;;3;2;No inventariada;;14;2;1;999;;1;1;1;;;17;998
6;4;13;25;25120;;3;2;No inventariada;;14;2;2;1;;1;1;1;;;17;998
6;1;12;25;25120;;3;2;No inventariada;;14;9;2;1;;1;1;1;;;17;998
6;2;8;25;25120;;3;2;No inventariada;;14;7;2;2;;1;1;1;;;17;998
7;2;23;25;0;;1;1;C-25;93;3;8;1;999;;1;6;1;;;999;4
7;2;13;25;25058;;1;1;AP-2;166;2;9;1;999;;1;1;1;;;999;4
7;2;14;25;0;;1;1;LP-3322;11,6;6;2;2;1;;1;1;1;;;999;4
7;2;15;25;25120;;1;1;LL-11;6,5;3;19;2;4;;1;1;1;;;999;4
7;2;13;25;0;;1;1;B-400;24,2;6;18;1;999;;1;1;1;;;17;3
7;2;16;25;25120;;1;1;N-240;97,7;6;20;1;999;;1;1;1;;;17;4
7;2;22;25;0;;1;1;C-148a;0,5;6;8;1;999;;1;6;1;;;999;4
6;7;14;25;0;;1;1;C-1412a;2,5;6;19;1;999;;1;1;1;;;999;4
7;1;9;25;0;;1;1;C-148;3,7;6;2;2;1;;1;1;1;;;999;4
6;4;11;25;25120;;3;2;No inventariada;;14;4;1;999;;1;1;1;;;17;998
7;7;14;25;25120;;1;1;A-2;463;3;19;1;999;;1;1;1;;;999;4
8;4;10;25;25120;;1;1;N-2a;458,1;6;19;2;4;;1;1;1;;;999;4
8;4;12;25;0;;1;1;C-1412a;19;6;19;1;999;;1;1;1;;;999;4
8;4;19;25;0;;1;1;C-26;98,4;6;19;1;999;;1;1;1;;;999;4
8;5;18;25;25120;;1;1;N-230;6,6;6;4;2;4;;1;1;1;;;999;4
8;6;0;25;0;;1;1;N-260;339;6;8;1;999;;1;6;1;;;999;4
8;6;11;25;0;;1;1;C-13;141,8;6;3;1;999;;1;1;1;;;999;4
8;6;13;25;0;;1;1;C-462;19,8;6;20;1;999;;1;1;1;;;17;4
8;6;17;25;0;;1;1;No inventariada;2;6;9;1;999;;3;1;1;;;4;1
7;1;9;25;25120;;3;2;No inventariada;;14;7;1;999;;1;2;1;;;1;998
8;7;15;25;0;;1;1;A-2;514,1;3;4;1;999;;1;1;1;;;999;4
8;7;18;25;0;;1;1;No inventariada;0,5;6;19;1;999;;8;1;1;;;999;4
8;7;21;25;0;;1;1;L-310;13,3;6;19;2;4;;1;4;1;;;999;4
6;4;12;25;25120;;3;2;No inventariada;;14;9;1;999;;1;1;1;;;17;998
6;5;17;25;25120;;3;2;No inventariada;;14;3;2;4;;1;1;1;;;17;998
6;1;8;25;25120;;3;2;No inventariada;;14;4;2;4;;1;1;1;;;17;998
7;5;11;25;25058;;1;1;C-233;65,4;6;4;2;1;;1;1;1;;;999;4
7;1;17;25;25120;;3;2;No inventariada;;14;9;1;999;;1;1;1;;;17;998
7;1;14;25;25120;;3;2;No inventariada;;14;9;2;4;;8;1;1;;;17;998
7;7;14;25;0;;1;1;A-2;488;3;19;1;999;;1;1;1;;;999;4
6;1;10;25;25120;;3;2;No inventariada;;14;1;2;2;;1;1;1;;;17;998
6;6;21;25;25120;;3;2;No inventariada;;14;9;1;999;;1;2;1;;;17;998
7;5;11;25;25120;;3;2;No inventariada;;14;2;2;4;;1;1;1;;;17;998
7;5;11;25;25120;;3;2;No inventariada;;14;19;1;999;;1;1;1;;;17;998
7;4;9;25;25120;;3;2;No inventariada;;14;7;1;999;;1;1;1;;;17;998
8;2;15;25;0;;1;1;C-13;15,7;3;2;1;999;;1;1;1;;;999;4
8;2;15;25;25120;;1;1;A-2;459;3;19;2;4;;1;1;1;;;999;4
8;2;18;25;0;;1;1;No inventariada;13,2;6;9;1;999;;1;1;1;;;999;4
8;2;21;25;0;;3;2;No inventariada;;14;1;1;999;;1;2;1;;;999;998
7;5;10;25;25217;;3;2;No inventariada;;14;7;1;999;;1;1;1;;;17;998
7;3;13;25;25217;;3;2;No inventariada;;14;6;1;999;;1;1;1;;;17;998
8;4;21;25;25217;;3;2;No inventariada;;14;3;1;999;;1;1;1;;;17;998
8;3;4;25;0;;1;1;L-303;7,5;6;19;1;999;;1;6;1;;;999;4
8;3;13;25;0;;2;2;C-28;30,4;14;4;1;999;;1;1;1;;;999;4
8;4;16;25;0;;1;1;No inventariada;2,5;6;19;1;999;;3;1;1;;;17;2
8;3;10;25;0;;1;1;C-462;3,8;6;19;1;999;;1;1;1;;;999;4
8;5;11;25;0;;1;1;LP-7041;14;6;19;1;999;;1;1;1;;;999;4
8;5;14;25;0;;1;1;LP-9221;11;6;19;1;999;;1;1;1;;;999;4
8;5;20;25;25011;;1;1;No inventariada;0,8;6;1;1;999;;1;2;1;;;999;4
8;5;10;25;25011;;1;1;A-2;453;3;4;1;999;;1;1;1;;;999;4
8;6;2;25;0;;1;1;A-2;527,2;3;4;1;999;;1;1;1;;;17;4
8;5;22;25;0;;1;1;LV-1003;2,5;6;19;1;999;;1;1;1;;;999;4
8;6;6;25;25072;;1;1;L-311;2,6;6;1;2;2;;1;2;1;;;999;4
8;6;11;25;25040;;1;1;C-12;160,1;6;2;2;1;;1;1;1;;;999;4
8;6;12;25;0;;1;1;C-462;18,6;6;19;1;999;;1;1;1;;;17;4
8;6;19;25;0;;1;1;C-14;60,1;6;3;1;999;;1;1;1;;;999;4
8;6;6;25;25217;;1;1;C-14;75,1;6;2;2;4;;1;2;1;;;999;4
8;7;13;25;0;;1;1;C-14;163;6;4;2;2;;1;1;1;;;999;4
8;7;10;25;0;;1;1;C-14;93;6;1;1;999;;1;1;1;;;999;4
8;7;14;25;0;;1;1;N-260;243;6;9;1;999;;1;1;1;;;999;4
8;7;16;25;25120;;1;1;N-2;458;6;19;2;4;;1;1;1;;;999;4
7;2;12;25;25120;;3;2;No inventariada;;14;9;1;999;;1;1;1;;;17;998
8;5;19;25;0;;1;1;LV-3331;4;6;19;1;999;;1;1;1;;;999;4
8;1;5;25;25011;;1;1;No inventariada;0,1;6;19;1;999;;1;6;1;;;999;4
8;1;10;25;0;;1;1;N-230;129,1;6;4;2;2;;1;1;1;;;999;4
8;1;12;25;0;;2;2;C-45;16;6;8;1;999;;1;1;1;;;999;4
8;1;12;25;25243;;1;1;No inventariada;8;6;4;1;999;;1;1;1;;;999;4
8;1;12;25;0;;2;2;C-14;118;6;3;1;999;;1;1;1;;;999;4
8;1;14;25;0;;1;1;C-14;127,5;6;9;1;999;;1;1;1;;;17;2
8;1;20;25;0;;1;1;C-462;87,2;6;9;1;999;;1;1;1;;;999;4
8;1;19;25;0;;1;1;N-260;205;6;19;1;999;;3;1;3;;;999;4
8;1;20;25;0;;1;1;C-26;4,3;6;19;1;999;;1;1;1;;;999;4
8;5;14;25;25217;;3;2;No inventariada;;14;7;1;999;;1;1;1;;;17;998
7;3;12;25;25120;;3;2;No inventariada;;14;7;1;999;;1;1;1;;;17;998
7;5;12;25;25120;;3;2;No inventariada;;14;2;1;999;;1;1;1;;;17;998
5;4;9;25;25120;;3;2;No inventariada;;14;9;1;999;;1;1;1;;;17;998
8;6;21;25;25110;;1;1;L-311;13,4;6;19;2;1;;1;2;1;;;999;4
8;2;14;25;25137;;1;1;A-2;486,2;3;19;1;999;;3;1;4;;;999;4
8;2;14;25;0;;1;1;AP-2;174,5;2;4;1;999;;8;1;999;;1;999;4
8;2;16;25;0;;1;1;No inventariada;5,8;6;9;1;999;;3;1;3;;;999;4
8;2;19;25;0;;1;1;No inventariada;1;6;19;1;999;;3;1;1;;;4;1
8;3;9;25;25072;;1;1;A-2;518,5;3;19;1;999;;3;1;4;;1;999;4
8;3;12;25;0;;1;1;C-26;39,8;6;4;1;999;;1;1;1;;;999;4
8;3;15;25;0;;1;1;LP-9221;10,4;6;19;1;999;;1;1;1;;;999;4
8;3;14;25;0;;1;1;AP-2;172,7;2;19;1;999;;1;1;1;;;17;4
8;3;20;25;0;;1;1;A-2;503;3;19;1;999;;3;1;4;;;999;4
8;4;7;25;0;;1;1;No inventariada;4,2;6;19;1;999;;1;1;1;;;999;4
8;4;10;25;25243;;1;1;N-230;162,5;6;9;1;999;;1;1;1;;;999;4
8;4;13;25;0;;1;1;No inventariada;1,8;6;1;1;999;;3;1;1;;;999;4
8;5;12;25;0;;1;1;No inventariada;0,3;6;19;1;999;;1;1;1;;;999;4
8;5;14;25;0;;1;1;No inventariada;2,7;6;19;1;999;;1;1;1;;;999;4
8;5;16;25;0;;1;1;LV-3311;2,2;6;19;1;999;;1;1;1;;;999;4
8;5;20;25;25120;;1;1;N-240;87,3;6;4;1;999;;1;1;1;;;999;4
8;5;20;25;0;;1;1;LV-3344;10,9;6;2;1;999;;1;1;1;;;999;4
7;4;20;25;25120;;3;2;No inventariada;;14;2;1;999;;1;1;1;;;17;998
8;6;6;25;0;;1;1;LP-3322;1,7;6;19;1;999;;1;2;1;;;999;4
8;6;6;25;0;;1;1;C-233;66,5;6;19;1;999;;1;2;1;;;999;4
8;6;10;25;0;;1;1;No inventariada;1;6;20;2;4;;1;1;1;;;999;4
8;6;10;25;0;;1;1;No inventariada;1,9;6;19;1;999;;3;1;1;;;4;1
8;6;10;25;0;;1;1;C-45;15,3;6;2;2;1;;1;1;1;;;17;1
8;6;22;25;0;;1;1;C-53;132,3;6;2;2;4;;1;6;1;;;999;4
8;6;12;25;0;;1;1;No inventariada;0,1;6;6;1;999;;8;1;1;;;999;4
8;6;23;25;25120;;1;1;No inventariada;5;6;8;1;999;;1;6;1;;;999;4
8;7;6;25;25120;;1;1;N-240;84;6;19;1;999;;1;6;1;;;999;4
8;7;12;25;0;;1;1;C-13;36,5;6;4;1;999;;1;1;1;;;999;4
8;7;20;25;0;;1;1;L-503;9,1;6;3;1;999;;1;1;1;;;999;4
8;7;20;25;0;;1;1;No inventariada;1;6;19;1;999;;1;1;1;;;999;4
8;7;21;25;0;;1;1;C-1412b;31;6;19;1;999;;1;6;1;;;999;4
7;1;21;25;25137;;3;2;No inventariada;;14;7;2;4;;1;1;1;;;17;998
8;3;19;25;25120;;3;2;No inventariada;;14;7;1;999;;1;1;1;;;17;998
8;1;15;25;0;;1;1;N-230;169,9;6;1;2;2;;1;1;1;;;17;2
8;1;18;25;0;;1;1;C-14;162,7;6;4;2;2;;1;1;1;;;999;4
7;2;17;25;25120;;2;2;LP-9221;0,6;14;9;1;999;;1;1;1;;;1;4
8;7;18;25;0;;3;2;No inventariada;;14;6;2;1;;1;1;1;;;999;998
8;1;12;25;25243;;3;2;No inventariada;;14;9;1;999;;1;1;1;;;999;998
8;2;10;25;25243;;2;2;C-28;24,5;6;2;1;999;;1;1;1;;;999;4
8;2;13;25;0;;1;1;L-512;1;6;2;2;2;;1;1;1;;;999;4
8;2;9;25;0;;1;1;No inventariada;0;6;9;1;999;;1;1;1;;;17;1
8;4;11;25;0;;1;1;A-2;469;3;4;1;999;;1;1;1;;;999;4
8;4;22;25;0;;1;1;LP-7041;1,8;6;20;2;4;;1;4;1;;;999;4
8;4;7;25;0;;1;1;C-12;189,5;6;19;1;999;;1;1;1;;;999;4
8;3;6;25;25050;;3;2;No inventariada;;14;19;2;4;;1;2;1;;;999;998
8;4;15;25;25120;;1;1;LP-9221;4,2;6;9;2;4;;3;1;1;;;999;4
8;4;14;25;0;;1;1;LV-4241;25,6;6;19;1;999;;1;1;1;;;17;4
8;4;17;25;25217;;1;1;C-14;74;6;2;2;4;;1;1;1;;;999;4
8;4;21;25;0;;1;1;LV-9047;7;6;8;1;999;;1;6;1;;;999;4
8;4;14;25;25120;;1;1;LP-9221;4,1;6;9;2;4;;8;1;1;;;999;4
8;5;17;25;0;;1;1;No inventariada;3,4;6;2;2;1;;1;1;1;;;999;4
8;5;17;25;0;;1;1;L-503;10,3;6;19;1;999;;3;1;4;;;999;4
8;6;6;25;25110;;3;2;No inventariada;;14;19;1;999;;1;2;1;;;999;998
8;6;7;25;0;;1;1;LV-2031;0,9;6;19;1;999;;1;2;1;;;999;4
8;6;14;25;0;;1;1;C-462;46,6;6;19;1;999;;1;1;1;;;999;4
8;6;12;25;0;;1;1;No inventariada;1,8;6;9;1;999;;1;1;1;;;999;4
8;6;12;25;0;;1;1;LV-4241;36;6;9;1;999;;1;1;1;;;999;4
8;6;23;25;0;;1;1;C-14;133,5;6;6;1;999;;1;6;1;;;17;2
8;3;19;25;25120;;3;2;No inventariada;;14;7;1;999;;1;2;1;;;17;998
8;6;15;25;0;;1;1;No inventariada;0,1;6;9;1;999;;1;1;1;;;999;4
8;7;9;25;0;;3;2;No inventariada;;14;20;1;999;;1;1;1;;;999;998
8;6;16;25;0;;3;2;No inventariada;;14;19;1;999;;1;1;1;;;17;998
8;7;14;25;0;;1;1;N-260;209;6;19;1;999;;1;1;1;;;17;2
7;4;7;25;25120;;3;2;No inventariada;;14;9;1;999;;1;1;1;;;17;998
7;5;15;25;25120;;3;2;No inventariada;;14;9;1;999;;1;1;1;;;17;998
7;3;14;25;25120;;3;2;No inventariada;;14;3;2;1;;1;1;1;;;17;998
7;3;0;25;25120;;3;2;No inventariada;;14;9;1;999;;1;1;1;;;17;998
8;7;12;25;0;;1;1;C-13;138;6;9;1;999;;1;1;1;;;999;4
8;1;15;25;0;;1;1;L-303;15;6;19;1;999;;1;1;1;;;999;4
8;1;23;25;0;;1;1;C-13;23,2;6;8;1;999;;1;6;1;;;999;4
8;2;0;25;0;;1;1;C-26;35,8;6;8;1;999;;1;6;1;;;999;4
7;1;21;25;25120;;3;2;No inventariada;;14;9;2;4;;8;1;1;;;17;998
7;2;18;25;25120;;3;2;No inventariada;;14;1;1;999;;1;1;1;;;17;998
7;4;19;25;25120;;3;2;No inventariada;;14;7;1;999;;1;1;1;;;17;998
7;6;13;25;25120;;3;2;No inventariada;;14;6;1;999;;1;1;1;;;17;998
7;3;23;25;25120;;3;2;No inventariada;;14;9;1;999;;1;1;1;;;17;998
7;2;8;25;0;;1;1;LP-7041;5,9;6;2;1;999;;1;1;1;;;17;1
8;1;20;25;0;;1;1;No inventariada;9;6;4;1;999;;1;1;1;;;999;4
8;2;6;25;0;;3;2;No inventariada;;14;7;1;999;;1;2;1;;;999;998
8;2;15;25;0;;1;1;N-260;219,7;6;3;1;999;;1;1;1;;;999;4
8;3;4;25;25023;;1;1;A-2;459;3;4;1;999;;1;6;1;;;999;4
8;3;14;25;0;;1;1;L-311;5,2;6;19;1;999;;1;1;1;;;999;4
8;4;0;25;0;;1;1;A-2;476,2;3;6;1;999;;1;6;1;;;999;4
8;4;9;25;0;;1;1;C-13;141,3;6;19;1;999;;1;1;1;;;999;4
8;4;10;25;0;;2;2;C-28;30,3;6;7;2;2;;1;1;1;;;2;1
8;4;23;25;0;;1;1;N-230;126;6;6;1;999;;3;6;3;;;999;4
8;5;0;25;0;;1;1;C-55;66,4;6;19;1;999;;1;6;1;;;999;4
8;2;12;25;0;;1;1;L-701;7,1;6;20;2;1;;1;1;1;;;999;4
8;5;18;25;0;;1;1;C-13;144,4;6;9;1;999;;1;1;1;;;999;4
8;6;11;25;0;;3;2;No inventariada;;14;20;1;999;;1;1;1;;;17;998
8;6;16;25;0;;1;1;No inventariada;1,2;6;19;1;999;;1;1;1;;;999;4
8;6;19;25;0;;1;1;C-13;88,3;6;19;2;2;;1;1;1;;;999;4
9;7;13;25;0;;2;2;C-53;124;6;4;1;999;;1;1;1;;;999;4
9;7;15;25;25110;;3;2;No inventariada;;14;1;2;2;;1;1;1;;;999;998
9;7;15;25;0;;1;1;L-503;10;6;19;1;999;;3;1;3;;;999;4
9;1;13;25;0;;1;1;C-14;159,3;6;4;1;999;;1;1;1;;;999;4
9;1;16;25;25120;;1;1;C-230a;4,1;6;19;1;999;;1;1;1;;;999;4
9;1;18;25;0;;1;1;N-240;77,2;6;4;2;2;;1;1;1;;;999;4
9;1;21;25;0;;3;2;No inventariada;;14;9;2;1;;1;4;1;;;999;998
8;1;14;25;25217;;3;2;No inventariada;;14;9;2;2;;1;1;1;;;17;998
9;2;7;25;25011;;1;1;A-2;450;3;19;1;999;;3;1;3;;;999;4
9;2;9;25;0;;1;1;No inventariada;14,4;6;19;1;999;;1;1;1;;;17;4
9;3;16;25;0;;1;1;AP-2;136,5;2;4;1;999;;3;1;4;;;999;4
9;3;17;25;0;;1;1;C-26;26;6;2;2;2;;3;2;4;;;999;4
9;3;18;25;25120;;1;1;LP-9221;1;6;1;1;999;;3;1;3;;;999;4
9;3;18;25;0;;1;1;LV-7045;0,4;6;2;2;1;;3;1;1;;;999;4
9;3;19;25;0;;1;1;C-14;61,5;6;19;1;999;;3;2;4;;;999;4
7;5;10;25;25120;;3;2;No inventariada;;14;7;1;999;;1;1;1;;;17;998
9;3;16;25;0;;1;1;A-2;473;3;19;1;999;;3;1;4;;;999;4
9;4;6;25;0;;1;1;A-2;443,8;3;19;1;999;;1;6;1;;;999;4
9;4;16;25;0;;2;2;N-145;9;6;19;1;999;;1;1;1;;;999;4
9;5;13;25;25050;;1;1;LV-3344;2;6;4;2;2;;1;1;1;;;17;4
9;5;23;25;0;;3;2;No inventariada;;14;4;1;999;;1;4;1;;;999;998
9;6;13;25;0;;1;1;No inventariada;3,4;6;8;1;999;;1;1;1;;;999;4
9;6;15;25;25058;;1;1;C-233;65,2;6;19;2;1;;1;1;1;;;999;4
9;6;21;25;0;;1;1;C-12;148;6;8;1;999;;1;6;1;;;999;4
7;4;19;25;25120;;3;2;No inventariada;;14;2;2;4;;1;1;1;;;17;998
7;4;20;25;25120;;3;2;No inventariada;;14;7;2;1;;1;1;1;;;17;998
9;1;22;25;25120;;3;2;No inventariada;;14;2;2;1;;1;4;1;;;17;998
9;2;21;25;25120;;3;2;No inventariada;;14;7;2;1;;1;1;1;;;17;998
9;7;12;25;0;;1;1;N-230;129;6;19;1;999;;1;1;1;;;999;4
9;7;14;25;0;;1;1;No inventariada;2,5;6;19;1;999;;1;1;1;;;999;4
9;7;17;25;25243;;1;1;N-230;165,5;6;2;1;999;;3;1;3;;;999;4
9;7;23;25;0;;1;1;A-2;483,1;3;4;1;999;;1;6;1;;;999;4
9;1;16;25;25120;;1;1;N-240;87,8;6;2;2;4;;1;1;1;;;999;4
8;1;14;25;25023;;1;1;N-240;99,9;3;19;2;4;;1;1;1;;;999;4