MES;DIA_SEMANA;HORA;COD_PROVINCIA;COD_MUNICIPIO;ISLA;ZONA;ZONA_AGRUPADA;CARRETERA;KM;TIPO_VIA;TIPO_ACCIDENTE;NUDO;NUDO_INFO;CARRETERA_CRUCE;CONDICION_FIRME;CONDICION_ILUMINACION;CONDICION_METEO;CONDICION_NIEBLA;CONDICION_VIENTO;VISIB_RESTRINGIDA_POR;TRAZADO_PLANTA
9;2;12;25;0;;2;2;C-13;141,9;6;1;1;999;;1;1;1;;;999;4
9;2;19;25;0;;3;2;No inventariada;;14;1;2;1;;1;1;1;;;999;998
9;2;20;25;25040;;1;1;C-12;163,1;6;19;1;999;;1;6;1;;;999;4
7;2;6;25;25120;;3;2;No inventariada;;14;7;1;999;;1;4;1;;;17;998
7;4;7;25;25120;;3;2;No inventariada;;14;4;1;999;;1;1;1;;;17;998
7;4;8;25;25120;;3;2;No inventariada;;14;7;1;999;;1;1;1;;;6;998
7;6;22;25;25120;;3;2;No inventariada;;14;9;1;999;;1;4;1;;;17;998
7;6;23;25;25120;;3;2;No inventariada;;14;9;2;4;;1;4;1;;;1;998
7;4;11;25;25120;;3;2;No inventariada;;14;2;2;1;;1;1;1;;;17;998
9;3;17;25;0;;1;1;N-260;237,9;6;9;1;999;;1;1;1;;;999;4
9;3;19;25;0;;1;1;C-147;134,8;6;9;1;999;;1;2;1;;;5;2
8;6;12;25;25217;;3;2;No inventariada;;14;19;1;999;;1;1;1;;;17;998
9;1;9;25;25072;;1;1;No inventariada;1,5;6;2;1;999;;1;1;1;;;999;4
9;3;20;25;0;;3;2;No inventariada;;14;2;2;1;;1;2;1;;;999;998
9;3;18;25;0;;1;1;No inventariada;1;6;19;1;999;;4;1;1;;;4;2
9;4;7;25;0;;3;2;No inventariada;;14;2;2;2;;1;1;1;;;999;998
9;4;11;25;25120;;1;1;L-702;3;6;19;1;999;;1;1;1;;;999;4
9;4;14;25;25040;;1;1;C-12;173,4;6;19;1;999;;1;1;1;;;999;4
9;4;17;25;0;;3;2;No inventariada;;14;7;1;999;;1;1;1;;;999;998
9;3;20;25;0;;3;2;No inventariada;;14;2;2;2;;1;5;1;;;999;998
9;5;18;25;25072;;3;2;No inventariada;;14;7;2;1;;1;1;1;;;5;998
9;5;18;25;0;;1;1;No inventariada;2,1;6;1;1;999;;1;1;1;;;999;4
9;5;14;25;0;;1;1;AP-2;127,8;2;19;1;999;;1;1;1;;;999;4
9;6;14;25;0;;1;1;No inventariada;3;6;9;1;999;;1;1;1;;;999;4
9;6;16;25;25120;;1;1;No inventariada;2,4;6;2;2;1;;1;1;1;;;999;4
8;3;9;25;25120;;3;2;No inventariada;;14;7;2;2;;1;1;1;;;1;998
8;4;21;25;0;;1;1;C-1412a;22,4;6;19;1;999;;1;5;1;;;999;4
9;7;20;25;0;;1;1;C-13;141;6;9;1;999;;1;1;1;;;999;4
8;1;14;25;25110;;3;2;No inventariada;;14;20;1;999;;1;1;1;;;999;998
9;1;20;25;25011;;1;1;N-2a;453,9;6;2;2;4;;1;2;1;;;999;4
8;7;14;25;25120;;3;2;No inventariada;;14;9;1;999;;1;1;1;;;17;998
8;1;10;25;25120;;3;2;No inventariada;;14;3;2;4;;1;1;1;;;17;998
8;3;17;25;25120;;3;2;No inventariada;;14;19;1;999;;1;1;1;;;17;998
8;6;12;25;0;;1;1;No inventariada;1;6;9;1;999;;1;1;1;;;999;4
9;2;6;25;0;;1;1;C-14;126,9;6;8;1;999;;1;6;1;;;999;4
9;2;11;25;0;;1;1;No inventariada;9;6;19;1;999;;1;1;1;;;4;2
9;2;13;25;25203;;1;1;N-260;228,7;6;4;1;999;;1;1;1;;;999;4
9;2;17;25;0;;1;1;C-13;33,5;6;6;1;999;;1;1;1;;;999;4
9;2;17;25;0;;1;1;L-201;8,1;6;1;1;999;;1;1;1;;;999;4
9;2;18;25;0;;1;1;L-503;5,3;6;9;1;999;;1;1;1;;;17;2
9;3;12;25;0;;1;1;No inventariada;0;6;19;1;999;;1;1;1;;;999;4
9;3;20;25;0;;3;2;No inventariada;;14;2;2;1;;1;4;1;;;999;998
8;1;16;25;25120;;3;2;No inventariada;;14;2;2;1;;1;1;1;;;17;998
8;3;19;25;25120;;3;2;No inventariada;;14;4;1;999;;1;1;1;;;17;998
8;4;8;25;0;;1;1;No inventariada;1,5;6;19;1;999;;1;1;1;;;999;4
9;4;18;25;25023;;3;2;No inventariada;;14;2;2;4;;1;1;1;;;999;998
9;4;19;25;25023;;3;2;No inventariada;;14;3;2;1;;1;1;1;;;999;998
9;4;7;25;25120;;3;2;No inventariada;;14;2;2;2;;1;4;1;;;17;998
9;4;8;25;25120;;3;2;No inventariada;;14;9;2;1;;1;1;1;;;17;998
9;6;22;25;0;;1;1;LV-9047;7,2;6;8;1;999;;1;6;1;;;999;4
9;5;7;25;25217;;1;1;C-14;74,1;6;4;2;4;;1;1;1;;;999;4
8;5;23;25;25120;;3;2;No inventariada;;14;2;2;1;;1;4;1;;;17;998
9;1;17;25;0;;3;2;No inventariada;;14;19;1;999;;1;1;1;;;999;998
9;6;13;25;0;;1;1;N-230;121,7;6;19;1;999;;3;1;4;;;999;4
9;6;15;25;25040;;1;1;C-12;172,2;6;19;1;999;;3;1;3;;;999;4
9;3;17;25;0;;1;1;C-28;45,5;6;1;1;999;;3;1;3;;;999;4
9;2;18;25;25137;;1;1;E-23;1;6;4;1;999;;1;1;1;;;999;4
9;3;8;25;0;;1;1;C-26;3;6;4;1;999;;1;1;1;;;999;4
9;7;7;25;0;;1;1;C-14;150,2;6;6;1;999;;3;1;4;;;999;4
9;7;7;25;0;;1;1;N-230;117,7;6;19;1;999;;3;2;3;;;999;4
9;7;8;25;0;;1;1;LP-3322;6,3;6;19;1;999;;1;1;1;;;999;4
9;7;20;25;25023;;1;1;No inventariada;31;6;8;1;999;;1;4;1;;;999;4
9;7;17;25;0;;1;1;C-26;108,1;6;9;1;999;;1;1;1;;;999;4
8;3;13;25;25120;;2;2;C-13;8,3;14;2;2;1;;1;1;1;;;17;4
8;4;5;25;25120;;3;2;No inventariada;;14;7;2;4;;1;5;1;;;17;998
8;4;12;25;25120;;3;2;No inventariada;;14;3;1;999;;1;1;1;;;17;998
8;4;14;25;25120;;3;2;No inventariada;;14;9;1;999;;1;1;1;;;17;998
8;7;20;25;25120;;3;2;No inventariada;;14;7;1;999;;1;1;1;;;17;998
8;5;16;25;25137;;3;2;No inventariada;;14;2;2;4;;1;1;1;;;17;998
8;2;19;25;25137;;3;2;No inventariada;;14;4;1;999;;1;1;1;;;17;998
9;1;14;25;25040;;1;1;C-12;173,5;6;19;1;999;;1;1;1;;;999;4
9;1;20;25;25120;;3;2;No inventariada;;14;7;1;999;;1;1;1;;;17;998
8;1;20;25;25120;;3;2;No inventariada;;14;9;1;999;;1;1;1;;;17;998
8;5;11;25;25120;;3;2;No inventariada;;14;4;1;999;;1;1;1;;;17;998
9;2;8;25;0;;1;1;C-26;33,3;6;19;2;1;;1;1;1;;;17;2
9;2;10;25;0;;1;1;C-462;5;6;19;1;999;;1;1;1;;;17;4
9;2;19;25;0;;1;1;LP-3322;2,3;6;1;1;999;;1;2;1;;;999;4
9;2;20;25;0;;3;2;No inventariada;;14;6;1;999;;1;4;1;;;999;998
9;3;17;25;0;;1;1;N-260;208,5;6;9;1;999;;1;1;1;;;999;4
9;3;14;25;25243;;1;1;No inventariada;1;6;9;1;999;;1;1;1;;;999;4
9;4;6;25;0;;1;1;No inventariada;2,2;6;19;2;;;1;2;1;;;999;4
9;4;19;25;0;;1;1;A-2;500;3;3;1;999;;1;1;1;;;999;4
9;4;20;25;0;;1;1;C-1412a;4,3;6;19;2;2;;1;2;1;;;999;4
9;5;8;25;0;;1;1;LV-2031;6,8;6;2;2;1;;1;1;1;;;999;4
9;5;11;25;0;;1;1;C-26;125;6;19;1;999;;1;1;1;;;999;4
9;5;12;25;0;;1;1;L-214;5,6;6;19;1;999;;1;1;1;;;999;4
9;5;18;25;0;;3;2;No inventariada;;14;3;2;1;;1;1;1;;;999;998
9;2;7;25;0;;1;1;C-12;176,9;6;19;1;999;;1;1;1;;;999;4
9;5;4;25;0;;3;2;No inventariada;;14;6;2;1;;1;4;1;;;999;998
9;6;11;25;0;;1;1;N-260;223,2;6;9;1;999;;1;1;1;;;999;4
9;6;12;25;0;;1;1;C-462;48,4;6;9;1;999;;1;1;1;;;4;2
9;6;12;25;0;;1;1;N-260;248,5;6;1;1;999;;1;1;1;;;4;3
9;6;17;25;0;;1;1;C-13;52,1;6;9;1;999;;1;1;1;;;999;4
9;6;21;25;25120;;3;2;No inventariada;;14;4;1;999;;1;1;1;;;17;998
9;7;11;25;0;;1;1;C-26;90;6;9;1;999;;1;1;1;;;999;4
9;7;13;25;0;;1;1;LV-4241;37,6;6;19;1;999;;1;1;1;;;999;4
9;7;17;25;0;;1;1;C-14;120,7;6;19;1;999;;1;1;1;;;999;4
9;7;11;25;0;;1;1;No inventariada;0;6;19;1;999;;1;1;1;;;999;4
9;1;10;25;0;;1;1;N-230;172,8;6;4;1;999;;1;1;1;;;999;4
9;1;12;25;0;;1;1;No inventariada;0;6;19;2;2;;1;1;1;;;999;4
9;1;16;25;0;;1;1;No inventariada;4,5;6;9;1;999;;1;1;1;;;999;4
9;1;16;25;0;;1;1;L-700;16,6;6;9;1;999;;1;1;1;;;999;4
9;1;21;25;0;;1;1;LL-12;0,2;2;19;1;999;;1;4;1;;;999;4
8;7;2;25;0;;3;2;No inventariada;;14;19;2;4;;1;4;1;;;999;998
9;7;18;25;0;;1;1;N-230;128,4;6;19;1;999;;3;1;1;;;999;4
10;2;11;25;25072;;1;1;A-2;525;3;4;1;999;;1;1;1;;;999;4
10;2;15;25;0;;1;1;N-2a;486,6;6;19;1;999;;1;1;1;;;999;4
9;2;19;25;0;;1;1;C-12;184,6;6;3;1;999;;1;1;1;;;999;4
10;2;11;25;25120;;1;1;A-22;2;3;19;1;999;;1;1;1;;;999;4
10;3;10;25;0;;1;1;No inventariada;1;6;9;1;999;;1;1;1;;;999;4
10;3;17;25;25040;;1;1;C-12F;165;6;19;1;999;;3;1;3;;;999;4
10;3;23;25;25050;;1;1;A-2;495,8;3;6;1;999;;3;6;4;;;999;4
9;3;8;25;0;;1;1;C-26;4,7;6;19;1;999;;1;1;1;;;999;4
9;3;10;25;0;;1;1;LP-7041;1;6;2;1;999;;1;1;1;;;999;4
9;5;16;25;0;;1;1;C-1412b;25,8;6;6;1;999;;3;1;4;;;999;4
10;4;19;25;25072;;1;1;No inventariada;31;6;2;2;2;;1;2;1;;;6;1
9;1;8;25;0;;1;1;L-313;22,5;6;19;1;999;;1;1;1;;;999;4
10;5;8;25;0;;1;1;N-2;491,2;6;4;2;1;;1;1;1;;;999;4
10;5;14;25;0;;1;1;LV-3002;1;6;4;1;999;;1;1;1;;;999;4
10;7;1;25;0;;2;2;L-504;0,1;6;19;1;999;;1;4;1;;;999;4
10;7;17;25;0;;1;1;C-13;89,3;6;6;1;999;;1;1;1;;;17;3
10;7;19;25;0;;2;2;C-14;154,7;6;3;1;999;;1;4;1;;;999;4
10;5;18;25;25120;;3;2;No inventariada;;14;2;2;2;;1;1;1;;;17;998
10;2;8;25;0;;1;1;L-702;7,1;6;2;1;999;;1;1;1;;;999;4
10;2;13;25;25120;;1;1;N-230;6,7;6;4;2;4;;1;1;1;;;999;4
10;2;20;25;25040;;1;1;C-26;25,2;6;1;2;2;;1;5;1;;;999;4
10;3;12;25;0;;1;1;LV-3344;11;6;2;1;999;;1;1;1;;;999;4
10;3;18;25;25023;;3;2;No inventariada;;14;2;1;999;;1;1;1;;;999;998
10;3;17;25;0;;1;1;N-230;127,8;6;3;1;999;;3;1;3;;;999;4
10;4;11;25;0;;1;1;No inventariada;0;6;19;1;999;;1;1;1;;;999;4
10;4;11;25;25243;;1;1;C-28;26,1;14;19;1;999;;1;1;1;;;999;4
10;4;13;25;25120;;1;1;LL-11;6,9;3;2;2;4;;1;1;1;;;999;4
10;4;17;25;0;;1;1;A-2;490,4;3;8;1;999;;1;1;1;;;999;4
10;4;22;25;0;;1;1;L-702;11,9;6;8;1;999;;1;6;1;;;999;4
10;1;17;25;25011;;1;1;N-2;453,9;6;2;2;1;;3;1;1;;;999;4
10;5;8;25;0;;1;1;C-14;123,5;6;19;1;999;;1;1;1;;;999;4
10;5;15;25;25011;;3;2;No inventariada;;14;4;1;999;;1;1;1;;;999;998
10;5;16;25;0;;1;1;L-311;9;6;19;1;999;;1;1;1;;;999;4
10;6;11;25;0;;1;1;No inventariada;1;6;19;1;999;;3;1;3;;;999;4
10;6;11;25;0;;1;1;C-14;129,1;6;19;1;999;;3;1;3;;;999;4
10;6;15;25;0;;1;1;A-2;502,8;3;19;1;999;;3;1;3;;;999;4
10;6;12;25;25120;;1;1;C-13;4,3;6;6;1;999;;3;1;1;;;999;4
10;7;8;25;0;;3;2;No inventariada;;14;6;1;999;;1;1;1;;;999;998
10;7;11;25;0;;1;1;N-260;239;6;3;1;999;;1;1;1;;;999;4
10;7;12;25;0;;1;1;No inventariada;1,4;6;9;1;999;;1;1;1;;;999;4
10;5;20;25;25011;;1;1;A-2;450,3;3;19;1;999;;1;6;1;;;999;4
10;1;13;25;0;;1;1;N-260;217,8;6;19;1;999;;1;1;1;;;999;4
10;1;14;25;0;;3;2;No inventariada;;14;19;1;999;;1;1;1;;;999;998
10;1;17;25;25217;;1;1;L-310;4,6;6;1;1;999;;1;1;1;;;17;2
9;5;1;25;0;;1;1;No inventariada;6,9;6;19;1;999;;1;6;1;;;999;4
10;1;19;25;0;;1;1;No inventariada;0;6;19;1;999;;1;1;1;;;999;4
10;2;18;25;0;;1;1;A-2;483,1;3;19;1;999;;3;1;3;;;999;4
8;5;9;25;25120;;3;2;No inventariada;;14;7;2;1;;1;1;1;;;17;998
8;5;12;25;25120;;3;2;No inventariada;;14;4;1;999;;1;1;1;;;17;998
8;7;6;25;25120;;1;1;N-240;85;14;4;1;999;;1;1;1;;;17;4
8;7;6;25;25120;;3;2;No inventariada;;14;2;2;4;;1;2;1;;;17;998
7;4;22;25;25120;;3;2;No inventariada;;14;9;1;999;;1;4;1;;;17;998
10;3;9;25;0;;1;1;C-12;159;6;6;1;999;;3;1;3;;;999;4
10;3;8;25;0;;1;1;N-2a;491,1;6;2;2;2;;3;1;1;;;999;4
9;1;14;25;25120;;3;2;No inventariada;;14;4;1;999;;1;1;1;;;17;998
9;7;20;25;25120;;3;2;No inventariada;;14;2;2;2;;1;1;1;;;17;998
10;4;10;25;0;;1;1;LV-2014;19,7;6;19;1;999;;3;1;1;;;999;4
10;4;16;25;0;;1;1;A-2;502;3;4;1;999;;3;1;3;;;999;4
10;4;17;25;0;;1;1;No inventariada;2;6;19;1;999;;1;1;1;;;999;4
10;4;19;25;0;;1;1;N-260;231,8;6;19;1;999;;3;2;4;;;999;4
10;5;16;25;0;;3;2;No inventariada;;14;2;1;999;;1;1;1;;;999;998
10;5;17;25;25050;;1;1;N-2;494,2;6;20;1;999;;1;1;1;;;999;4
10;5;22;25;25120;;1;1;C-12;145,1;6;8;1;999;;1;6;1;;;999;4
10;5;22;25;0;;1;1;LP-9221;9,2;6;8;1;999;;1;6;1;;;999;4
10;6;9;25;25243;;1;1;N-230;160,5;6;19;1;999;;1;1;1;;;4;2
10;6;18;25;0;;1;1;C-233;71,3;6;3;2;2;;1;1;1;;;999;4
10;6;21;25;0;;1;1;A-2;483,8;3;2;1;999;;1;6;1;;;999;4
10;7;0;25;0;;3;2;No inventariada;;14;3;2;1;;1;4;1;;;999;998
10;7;13;25;0;;1;1;N-260;240,7;6;9;1;999;;1;1;1;;;999;4
10;7;11;25;25050;;1;1;LV-3341;1,6;6;4;1;999;;1;1;1;;;17;1
10;7;21;25;0;;1;1;C-13;94,7;6;8;1;999;;1;6;1;;;999;4
9;6;11;25;25120;;3;2;No inventariada;;14;6;1;999;;1;1;1;;;17;998
9;5;7;25;25120;;3;2;No inventariada;;14;7;1;999;;1;1;1;;;17;998
9;2;12;25;25120;;3;2;No inventariada;;14;3;1;999;;3;1;3;;;17;998
9;2;14;25;25217;;3;2;No inventariada;;14;7;1;999;;1;1;1;;;17;998
9;6;19;25;25120;;3;2;No inventariada;;14;7;1;999;;1;1;1;;;17;998
9;4;16;25;25120;;3;2;No inventariada;;14;2;1;999;;1;1;1;;;17;998
10;6;14;25;0;;1;1;C-45;18,5;6;19;1;999;;1;1;1;;;999;4
10;1;14;25;0;;1;1;C-14;100,2;6;19;1;999;;1;1;1;;;999;4
10;1;17;25;0;;2;2;C-1412a;23,5;6;2;2;2;;1;1;1;;;999;4
10;5;18;25;0;;3;2;No inventariada;;14;6;2;1;;1;1;1;;;999;998
10;1;21;25;0;;1;1;L-903;1,6;6;8;1;999;;1;6;1;;;999;4
10;3;19;25;0;;1;1;C-13;130,4;6;19;1;999;;1;6;1;;;999;4
10;4;15;25;25110;;3;2;No inventariada;;14;7;1;999;;1;1;1;;;999;998
10;4;16;25;0;;1;1;C-13;55;6;19;1;999;;1;1;1;;;999;4
10;4;20;25;0;;1;1;L-500;13,4;6;4;1;999;;1;6;1;;;999;4
10;5;12;25;0;;1;1;N-230;126,6;6;1;1;999;;3;1;3;;;999;4
10;5;18;25;0;;1;1;N-230;126,2;6;19;1;999;;3;5;3;;;999;4
10;6;7;25;0;;1;1;A-2;530,2;3;19;1;999;;4;6;4;;;999;4
10;6;9;25;0;;1;1;C-14;60,5;6;3;2;1;;3;1;3;;;999;4
10;6;11;25;0;;1;1;N-230;185,2;6;19;1;999;;3;1;3;;;999;4
10;6;11;25;0;;1;1;No inventariada;0,9;6;19;1;999;;3;1;3;;;999;4
10;6;19;25;0;;1;1;C-14;95,2;6;1;1;999;;3;6;3;;;999;4
10;4;16;25;25120;;3;2;No inventariada;;14;7;1;999;;3;1;3;;;17;998
10;5;22;25;0;;1;1;L-903;0,6;6;8;1;999;;1;6;1;;;999;4
10;7;12;25;0;;1;1;LV-3341;7,5;6;19;1;999;;3;1;3;;;999;4
10;7;11;25;0;;1;1;C-233;40,5;6;6;1;999;;1;1;1;;;17;1
10;7;16;25;0;;1;1;C-14;123,5;6;19;1;999;;3;1;3;;;999;4
9;6;12;25;25120;;3;2;No inventariada;;14;2;2;2;;1;1;1;;;17;998
9;2;15;25;25120;;3;2;No inventariada;;14;7;1;999;;1;1;1;;;17;998
9;2;18;25;25120;;3;2;No inventariada;;14;7;1;999;;1;1;1;;;17;998
10;1;14;25;0;;3;2;No inventariada;;14;2;1;999;;1;1;1;;;999;998
10;7;11;25;25050;;3;2;No inventariada;;14;6;1;999;;1;1;1;;;999;998
10;1;14;25;25040;;1;1;C-12;173,6;6;19;1;999;;3;1;1;;;999;4
10;1;16;25;25137;;1;1;LV-2001;2,2;6;19;1;999;;1;1;3;;;999;4
10;2;11;25;0;;1;1;C-13;36,9;6;2;1;999;;1;1;1;;;999;4
10;2;20;25;0;;1;1;No inventariada;9;6;3;1;999;;1;4;1;;;999;4
10;3;2;25;0;;1;1;LV-9046;1,3;6;19;1;999;;1;6;1;;;999;4
10;3;6;25;25120;;1;1;N-240;98,4;6;1;1;999;;1;6;1;;;17;2
10;3;19;25;0;;1;1;C-12;103;6;8;1;999;;1;6;1;;;999;4
10;4;14;25;25120;;1;1;A-2;456,4;3;19;1;999;;3;1;4;;;999;4
10;4;15;25;0;;1;1;No inventariada;0;6;19;1;999;;3;1;3;;;999;4
10;4;17;25;0;;2;2;C-13;128,4;14;7;1;999;;1;4;3;;;2;4
11;5;5;25;0;;1;1;L-902;8,5;6;19;1;999;;3;6;3;;;999;4
11;5;13;25;0;;3;2;No inventariada;;14;20;1;999;;1;1;1;;;17;998
10;5;17;25;25120;;1;1;N-240;99,3;6;4;1;999;;1;1;1;;;999;4
11;6;13;25;25137;;1;1;E-23;1,1;6;19;2;4;;3;1;3;;;999;4
11;6;18;25;0;;1;1;C-13;67,2;6;19;2;2;;1;1;1;;;17;4
11;5;7;25;25120;;3;2;No inventariada;;14;7;1;999;;1;4;1;;;17;998
11;7;8;25;0;;1;1;C-1412a;4,3;6;2;2;2;;1;1;3;;;17;2
11;7;21;25;0;;1;1;L-310;17,5;6;19;1;999;;1;6;1;;;999;4
10;6;15;25;25011;;1;1;A-2;454;3;19;1;999;;3;1;3;;;999;4
11;1;14;25;0;;1;1;C-53;141,2;6;19;1;999;;1;1;1;;;999;4
11;1;14;25;0;;1;1;C-14;173;6;19;1;999;;1;1;1;;;999;4
9;4;12;25;25137;;3;2;No inventariada;;14;2;2;4;;1;1;1;;;17;998
10;4;17;25;25137;;3;2;No inventariada;;14;7;1;999;;1;1;1;;;17;998
11;1;14;25;25137;;3;2;No inventariada;;14;7;1;999;;1;1;1;;;17;998
10;3;9;25;25217;;3;2;No inventariada;;14;2;2;1;;1;1;1;;;17;998
10;7;15;25;0;;1;1;C-12;133,2;6;19;1;999;;3;1;4;;;999;4
11;2;7;25;0;;1;1;C-13;30,4;6;20;2;1;;1;1;1;;;999;4
11;2;9;25;0;;1;1;No inventariada;0,5;6;19;1;999;;1;1;1;;;999;4
11;2;23;25;0;;1;1;C-12;110,9;6;19;1;999;;1;6;1;;;999;4
10;5;15;25;25120;;3;2;No inventariada;;14;7;1;999;;1;1;1;;;17;998
9;5;14;25;25120;;3;2;No inventariada;;14;9;2;4;;1;1;1;;;17;998
9;5;21;25;25120;;3;2;No inventariada;;14;4;1;999;;1;4;1;;;17;998
10;2;11;25;25120;;3;2;No inventariada;;14;1;1;999;;1;1;1;;;17;998
10;5;7;25;25120;;3;2;No inventariada;;14;7;2;2;;1;2;1;;;17;998
10;3;12;25;25120;;1;1;N-240;98,3;6;4;1;999;;1;1;1;;;999;4
11;3;16;25;25050;;1;1;N-2;494,8;6;20;1;999;;1;1;1;;;999;4
11;4;15;25;0;;1;1;C-13;134,7;6;19;1;999;;3;1;3;;;999;4
11;4;17;25;25110;;1;1;L-313;15,7;6;4;1;999;;1;1;1;;;999;4
11;5;16;25;25203;;1;1;N-260;229,5;6;19;1;999;;1;1;1;;;999;4
11;5;16;25;0;;3;2;No inventariada;;14;2;2;2;;1;1;1;;;999;998
11;5;17;25;0;;1;1;C-53;139,7;6;19;1;999;;1;1;1;;;999;4
10;1;19;25;25120;;1;1;N-240;88;14;3;2;2;;1;4;1;;;17;4
10;2;19;25;25120;;3;2;No inventariada;;14;3;1;999;;1;4;1;;;17;998
10;4;15;25;25120;;3;2;No inventariada;;14;4;1;999;;3;1;3;;;17;998
10;4;18;25;25120;;3;2;No inventariada;;14;4;1;999;;3;1;3;;;17;998
11;6;7;25;0;;1;1;C-13;39;6;19;1;999;;1;1;1;;;999;4
11;6;10;25;25217;;1;1;C-14;74,2;6;4;2;4;;3;1;1;;;999;4
11;6;13;25;0;;2;2;C-14;117;6;7;2;4;;1;1;1;;;999;4
11;6;14;25;25120;;1;1;No inventariada;5,2;6;19;2;;;1;1;1;;;999;4
11;6;14;25;0;;1;1;A-2;491,1;3;19;1;999;;1;1;1;;;999;4
11;6;16;25;0;;1;1;C-12;148,3;6;19;1;999;;1;1;1;;;999;4
11;6;21;25;0;;1;1;C-1412a;7,5;6;8;1;999;;1;5;1;;;999;4
11;6;19;25;0;;1;1;C-233;18,5;6;20;1;999;;1;6;1;;;999;4
11;6;12;25;25120;;1;1;No inventariada;2,9;6;2;1;999;;1;1;1;;;999;4
11;7;12;25;25050;;1;1;C-233;81,9;6;19;1;999;;1;1;1;;;999;4
11;7;14;25;25120;;1;1;No inventariada;0;6;20;2;1;;1;4;1;;;999;4
11;7;20;25;25040;;1;1;C-12;162,5;6;8;1;999;;1;5;1;;;999;4
11;7;21;25;0;;1;1;C-1412a;11,4;6;6;1;999;;1;4;1;;;999;4
10;5;19;25;0;;1;1;C-14;144;6;8;1;999;;3;6;4;;;999;4
11;7;20;25;0;;1;1;L-313;27;6;8;1;999;;3;6;1;;;999;4
11;1;16;25;0;;1;1;N-145;5,1;6;9;1;999;;1;1;1;;;999;4
11;1;17;25;0;;3;2;No inventariada;;14;19;1;999;;3;2;1;;;999;998
9;5;16;25;25120;;3;2;No inventariada;;14;3;2;2;;1;1;1;;;17;998
9;2;11;25;25120;;3;2;No inventariada;;14;7;2;1;;1;1;1;;;17;998
9;5;16;25;25120;;3;2;No inventariada;;14;9;1;999;;1;1;1;;;17;998
9;6;13;25;25120;;3;2;No inventariada;;14;9;1;999;;1;1;1;;;17;998
10;1;21;25;25120;;3;2;No inventariada;;14;7;1;999;;1;5;1;;;17;998
10;5;17;25;25120;;3;2;No inventariada;;14;7;1;999;;1;1;1;;;17;998
10;7;15;25;25120;;3;2;No inventariada;;14;9;1;999;;3;1;4;;;17;998
10;2;12;25;25120;;3;2;No inventariada;;14;2;1;999;;1;1;1;;;17;998
9;5;18;25;25120;;3;2;No inventariada;;14;9;1;999;;1;1;1;;;17;998
9;4;23;25;25120;;3;2;No inventariada;;14;9;1;999;;1;4;1;;;17;998
10;2;8;25;25120;;3;2;No inventariada;;14;2;2;1;;1;1;1;;;17;998
10;5;8;25;25120;;3;2;No inventariada;;14;7;2;1;;1;2;1;;;17;998
10;2;9;25;25120;;3;2;No inventariada;;14;2;2;1;;1;1;1;;;17;998
10;6;14;25;25120;;3;2;No inventariada;;14;2;2;2;;1;1;1;;;17;998
10;6;16;25;25120;;3;2;No inventariada;;14;7;1;999;;1;1;1;;;17;998
10;3;19;25;25120;;3;2;No inventariada;;14;3;1;999;;1;4;1;;;17;998
10;4;8;25;25120;;3;2;No inventariada;;14;4;1;999;;1;2;1;;;17;998
10;7;12;25;25120;;3;2;No inventariada;;14;3;2;2;;1;1;1;;;17;998
10;1;15;25;25120;;3;2;No inventariada;;14;6;1;999;;1;1;1;;;17;998
10;1;19;25;25120;;3;2;No inventariada;;14;4;1;999;;1;4;1;;;17;998
11;4;5;25;0;;1;1;C-148a;0,1;6;19;1;999;;3;6;1;;;999;4
11;4;8;25;0;;1;1;No inventariada;2,9;6;19;2;2;;8;1;1;;;999;4
11;7;10;25;0;;1;1;No inventariada;2,6;6;19;1;999;;1;6;1;;;17;2
11;6;9;25;0;;2;2;N-230;122,2;6;7;1;999;;1;1;1;;;999;4
11;6;11;25;0;;1;1;LV-3005;18;6;20;1;999;;1;1;1;;;17;4
11;6;13;25;0;;1;1;L-503;5,4;6;19;1;999;;1;1;1;;;999;4
10;5;21;25;25120;;3;2;No inventariada;;14;2;2;4;;1;4;1;;;17;998
10;3;18;25;25120;;3;2;No inventariada;;14;2;2;4;;1;1;1;;;17;998
11;6;17;25;0;;1;1;N-240;81,8;6;3;1;999;;1;1;1;;;999;4
11;7;10;25;0;;1;1;C-451;48,2;6;4;2;2;;1;1;1;;;999;4
11;7;12;25;0;;1;1;LV-1003;5,8;6;19;1;999;;1;1;1;;;999;4
10;4;8;25;25120;;3;2;No inventariada;;14;3;2;1;;1;1;1;;;17;998
10;5;18;25;25120;;3;2;No inventariada;;14;4;1;999;;1;1;1;;;17;998
11;1;7;25;0;;3;2;No inventariada;;14;7;1;999;;1;1;1;;;999;998
11;1;3;25;0;;1;1;A-2;489,5;3;19;1;999;;3;6;1;;;999;4
11;7;19;25;25217;;3;2;No inventariada;;14;7;1;999;;1;4;1;;;17;998
11;2;15;25;0;;1;1;No inventariada;2,6;6;19;1;999;;3;1;1;;;999;4
11;2;12;25;0;;1;1;C-13;147,9;6;1;1;999;;1;1;1;;;4;3