MES;DIA_SEMANA;HORA;COD_PROVINCIA;COD_MUNICIPIO;ISLA;ZONA;ZONA_AGRUPADA;CARRETERA;KM;TIPO_VIA;TIPO_ACCIDENTE;NUDO;NUDO_INFO;CARRETERA_CRUCE;CONDICION_FIRME;CONDICION_ILUMINACION;CONDICION_METEO;CONDICION_NIEBLA;CONDICION_VIENTO;VISIB_RESTRINGIDA_POR;TRAZADO_PLANTA
11;3;1;25;25072;;1;1;A-2;520,4;3;19;1;999;;1;5;1;;;999;4
11;2;12;25;25137;;3;2;No inventariada;;14;2;1;999;;1;1;1;;;17;998
10;3;19;25;25120;;3;2;No inventariada;;14;4;1;999;;1;4;1;;;17;998
11;2;12;25;25120;;3;2;No inventariada;;14;7;2;1;;1;1;1;;;17;998
11;3;15;25;25040;;1;1;C-12;167;6;19;1;999;;1;1;1;;;999;4
11;3;16;25;0;;3;2;No inventariada;;14;7;1;999;;1;1;1;;;999;998
11;3;19;25;25137;;3;2;No inventariada;;14;7;2;4;;1;4;1;;;17;998
11;2;13;25;25137;;3;2;No inventariada;;14;3;2;4;;1;1;1;;;17;998
10;6;14;25;25120;;3;2;No inventariada;;14;9;1;999;;1;1;1;;;17;998
11;4;5;25;0;;1;1;AP-2;153,2;2;4;1;999;;1;6;1;;;999;4
11;4;14;25;0;;2;2;C-148a;1,3;6;4;1;999;;1;1;1;;;999;4
11;4;14;25;0;;1;1;LP-9221;13,2;6;9;2;4;;8;1;1;;;999;4
11;5;11;25;0;;3;2;No inventariada;;14;7;1;999;;1;1;1;;;999;998
11;5;10;25;0;;3;2;No inventariada;;14;7;1;999;;1;1;1;;;2;998
11;5;16;25;25110;;3;2;No inventariada;;14;20;2;1;;1;1;1;;;999;998
11;5;18;25;0;;1;1;C-14;161;6;4;1;999;;1;5;1;;;999;4
11;5;20;25;0;;1;1;AP-2;139,5;2;8;1;999;;1;6;1;;;999;4
11;6;10;25;0;;1;1;C-13;149,1;6;20;1;999;;1;1;1;;;999;4
11;6;17;25;25207;;1;1;C-55;79;6;4;2;2;;1;1;1;;;999;4
11;6;18;25;25072;;1;1;A-2;521;3;3;1;999;;1;6;1;;;999;4
11;7;18;25;0;;1;1;C-53;118;6;8;1;999;;1;6;1;;;999;4
11;7;15;25;0;;1;1;LV-7031;10,1;6;19;1;999;;1;1;1;;;999;4
11;7;21;25;0;;1;1;N-230;25,1;6;1;1;999;;1;6;1;;;17;2
11;1;7;25;0;;1;1;N-260;201,4;6;19;1;999;;3;1;3;;;999;4
11;2;8;25;0;;1;1;A-2;477,3;3;4;1;999;;1;1;1;;;999;4
11;3;0;25;0;;1;1;N-230;7;6;19;2;4;;1;4;1;;;999;4
9;3;20;25;25120;;3;2;No inventariada;;14;1;1;999;;1;2;1;;;17;998
11;4;9;25;0;;1;1;C-45;1,1;6;19;2;4;;3;1;1;;;999;4
11;4;16;25;25011;;1;1;N-2;453,9;6;20;2;4;;1;1;1;;;999;4
11;4;17;25;0;;1;1;C-13;127,8;6;7;1;999;;1;2;1;;;999;4
10;4;14;25;25120;;3;2;No inventariada;;14;4;2;2;;1;1;1;;;17;998
10;1;21;25;25120;;3;2;No inventariada;;14;7;1;999;;1;4;1;;;17;998
10;3;17;25;25120;;3;2;No inventariada;;14;2;2;2;;1;1;1;;;17;998
10;4;11;25;25120;;3;2;No inventariada;;14;4;1;999;;1;1;1;;;17;998
11;5;11;25;0;;1;1;L-303;9;6;19;1;999;;3;1;1;;;999;4
11;6;12;25;0;;1;1;C-53;124,5;6;4;1;999;;3;1;1;;;999;4
12;7;1;25;0;;1;1;C-13;137,4;6;19;1;999;;1;6;1;;;999;4
10;3;21;25;25120;;3;2;No inventariada;;14;2;2;2;;1;2;1;;;17;998
12;1;21;25;25120;;3;2;No inventariada;;14;9;2;4;;3;4;1;1;;17;998
10;2;7;25;25120;;3;2;No inventariada;;14;7;1;999;;1;2;1;;;17;998
10;5;12;25;25120;;3;2;No inventariada;;14;4;1;999;;1;1;1;;;17;998
10;4;15;25;25120;;3;2;No inventariada;;14;2;1;999;;3;1;3;;;17;998
10;5;21;25;25120;;3;2;No inventariada;;14;7;1;999;;1;4;1;;;17;998
11;5;12;25;0;;1;1;LV-3025;10,5;6;3;1;999;;1;1;1;;;999;4
12;7;19;25;0;;1;1;C-1412a;9;6;19;1;999;;1;1;1;;;17;4
12;1;16;25;0;;1;1;L-512;0,9;6;2;2;2;;1;1;1;;;999;4
11;5;13;25;25120;;3;2;No inventariada;;14;9;1;999;;1;1;1;;;17;998
11;7;11;25;25120;;3;2;No inventariada;;14;9;1;999;;1;1;1;;;17;998
11;7;17;25;25120;;1;1;C-13;3;3;4;1;999;;1;2;1;;;999;4
12;1;22;25;25040;;1;1;C-12;173,3;6;19;1;999;;3;6;1;;;999;4
12;2;10;25;0;;1;1;No inventariada;4;6;19;1;999;;1;1;1;;;999;4
12;2;13;25;0;;3;2;No inventariada;;14;1;1;999;;1;1;1;;;999;998
12;2;17;25;0;;1;1;No inventariada;4;6;19;1;999;;1;6;1;;;999;4
11;3;19;25;25120;;3;2;No inventariada;;14;3;2;4;;1;4;1;;;17;998
11;7;9;25;25120;;3;2;No inventariada;;14;3;2;4;;1;1;1;;;17;998
11;2;8;25;25120;;3;2;No inventariada;;14;2;2;1;;1;1;1;;;17;998
11;4;19;25;25120;;3;2;No inventariada;;14;2;1;999;;1;1;1;;;17;998
12;3;5;25;0;;1;1;LV-2001;11,4;6;19;1;999;;1;6;1;;;999;4
12;3;10;25;0;;1;1;C-13;158,7;6;20;2;2;;1;1;1;;;999;4
12;3;17;25;25023;;1;1;A-2;459,1;3;4;1;999;;1;1;1;;;999;4
12;2;23;25;0;;1;1;A-2;479,5;3;4;1;999;;1;6;3;;;17;1
12;3;16;25;0;;1;1;N-230;186,2;6;19;1;999;;1;1;1;;;999;4
11;4;13;25;25120;;3;2;No inventariada;;14;2;2;2;;1;1;1;;;17;998
10;7;22;25;25137;;1;1;LV-2001;2,7;6;19;1;999;;3;6;1;;;999;4
12;4;5;25;0;;1;1;A-2;475;3;8;1;999;;1;6;1;;;999;4
12;4;18;25;25120;;1;1;N-240;97,1;6;4;1;999;;1;5;1;;;999;4
12;5;9;25;0;;1;1;LV-3025;5,8;6;19;1;999;;3;1;1;;;999;4
12;5;14;25;25120;;1;1;C-230a;2,9;6;19;2;4;;1;1;1;;;999;4
12;5;16;25;0;;1;1;No inventariada;2;6;1;1;999;;1;1;1;;;999;4
12;5;18;25;0;;1;1;No inventariada;2;6;2;2;2;;1;6;1;;;999;4
11;4;17;25;25040;;1;1;C-12;164;6;19;1;999;;1;1;1;;;999;4
12;6;16;25;0;;1;1;C-13;96,3;6;1;1;999;;1;1;1;;;999;4
12;6;16;25;25058;;1;1;C-233;65,5;6;2;1;999;;1;1;1;;;999;4
12;6;18;25;0;;3;2;No inventariada;;14;2;2;1;;1;4;1;;;17;998
11;4;9;25;0;;1;1;No inventariada;1,3;6;19;1;999;;3;1;1;;;999;4
12;7;13;25;0;;1;1;No inventariada;1;6;19;2;2;;1;1;999;;;4;2
12;7;18;25;0;;1;1;C-12;122,6;6;3;2;4;;1;6;1;;;999;4
12;7;16;25;25120;;3;2;No inventariada;;14;7;1;999;;1;1;1;;;17;998
12;1;21;25;25120;;3;2;No inventariada;;14;2;1;999;;1;4;1;;;17;998
12;1;12;25;0;;1;1;N-230;9,2;6;2;1;999;;1;1;1;;;17;1
12;2;7;25;0;;1;1;N-260;202;6;19;1;999;;3;2;1;;;999;4
12;2;7;25;25120;;1;1;C-12;145,4;6;20;1;999;;1;1;1;;;999;4
12;2;12;25;25003;;1;1;LV-3028;5;6;9;1;999;;1;1;1;;;999;4
12;3;9;25;25023;;3;2;No inventariada;;14;7;2;2;;1;1;1;;;2;998
12;3;16;25;0;;3;2;No inventariada;;14;2;2;2;;1;1;1;;;999;998
12;3;18;25;0;;1;1;L-200;9,2;6;19;1;999;;1;6;1;;;999;4
11;3;14;25;25217;;3;2;No inventariada;;14;2;2;4;;1;1;1;;;17;998
12;7;20;25;25120;;1;1;LL-11;5;3;4;2;4;;1;4;1;;;999;4
12;4;17;25;0;;2;2;N-230;22,9;6;19;1;999;;3;1;3;;;999;4
12;4;20;25;0;;1;1;L-311;9,2;6;8;1;999;;3;5;1;;;999;4
11;1;16;25;25217;;3;2;No inventariada;;14;3;1;999;;1;1;1;;;17;998
11;5;20;25;25120;;3;2;No inventariada;;14;4;2;1;;1;1;1;;;17;998
12;5;7;25;25120;;1;1;No inventariada;4,6;6;19;1;999;;3;2;1;;;999;4
12;5;11;25;0;;1;1;C-1311;24,5;6;1;1;999;;3;1;1;;;999;4
12;5;12;25;0;;3;2;No inventariada;;14;2;2;1;;1;1;1;;;999;998
12;5;15;25;25003;;1;1;No inventariada;3,2;6;2;2;1;;1;1;1;;;17;1
12;5;17;25;0;;1;1;LV-9223;1,9;6;19;1;999;;1;1;1;;;17;4
12;6;11;25;0;;1;1;No inventariada;4,4;6;19;1;999;;3;1;1;;;999;4
12;6;12;25;0;;1;1;LV-9121;6,7;6;20;2;1;;1;1;1;;;17;4
12;3;13;25;0;;1;1;L-303;15,5;6;19;1;999;;1;1;1;;;999;4
12;7;14;25;0;;1;1;N-260;219,5;6;8;1;999;;1;1;1;;;999;4
12;7;15;25;0;;3;2;No inventariada;;14;2;2;1;;1;1;1;;;17;998
12;7;19;25;0;;1;1;No inventariada;2;6;19;2;2;;1;4;1;;;999;4
11;4;8;25;25120;;3;2;No inventariada;;14;7;2;2;;1;1;1;1;;17;998
11;1;18;25;25120;;3;2;No inventariada;;14;7;1;999;;3;5;3;;;17;998
12;1;6;25;0;;1;1;C-55;75;6;19;1;999;;5;6;1;;;999;4
12;1;11;25;25120;;1;1;N-2a;458,9;6;9;2;4;;8;1;1;;;999;4
11;5;17;25;25120;;3;2;No inventariada;;14;9;1;999;;1;1;1;;;17;998
11;4;17;25;25120;;3;2;No inventariada;;14;4;2;1;;1;1;1;;;17;998
11;2;15;25;25120;;3;2;No inventariada;;14;7;1;999;;1;1;1;;;17;998
12;2;15;25;25217;;1;1;C-14;74,2;6;4;2;4;;1;1;1;;;999;4
12;2;15;25;25120;;1;1;N-230;6,7;6;4;2;4;;1;1;1;;;999;4
12;3;8;25;0;;1;1;No inventariada;1;6;19;1;999;;3;2;3;;;999;4
12;3;8;25;0;;1;1;LV-9047;1,1;6;19;1;999;;3;1;1;;;999;4
12;3;12;25;0;;1;1;N-260;200,7;6;3;1;999;;1;1;1;;;999;4
12;3;14;25;0;;1;1;LV-3025;8;6;19;1;999;;1;1;1;;;999;4
12;3;13;25;0;;1;1;C-13;152,2;6;19;1;999;;1;1;1;;;999;4
12;3;16;25;25120;;3;2;No inventariada;;14;2;1;999;;1;1;1;;;17;998
12;5;13;25;0;;1;1;C-13;95,2;6;4;1;999;;1;1;1;;;999;4
12;5;19;25;0;;1;1;LV-7011;6,7;6;19;1;999;;3;6;1;;;999;4
12;6;18;25;25120;;1;1;A-2;458;3;4;2;;;1;4;1;;;999;4
12;6;18;25;0;;1;1;LP-7043;0,9;6;3;1;999;;1;2;1;;;999;4
12;6;18;25;0;;1;1;No inventariada;2,6;6;9;1;999;;8;2;1;;;999;4
12;6;20;25;0;;1;1;C-55;74,2;6;19;1;999;;1;6;1;;;999;4
12;6;18;25;0;;1;1;C-45;7,5;6;19;1;999;;1;6;1;;;17;2
12;7;1;25;0;;1;1;No inventariada;2;6;3;1;999;;1;6;1;;;999;4
12;3;15;25;0;;2;2;No inventariada;;14;1;1;999;;1;1;1;;;17;1
12;1;10;25;25120;;1;1;N-230;6,9;6;4;2;4;;1;1;1;;;999;4
12;1;12;25;0;;1;1;C-26;30,2;6;19;1;999;;1;1;1;;;17;4
12;1;15;25;0;;1;1;C-1412a;4,2;6;2;2;2;;1;1;1;;;999;4
12;2;11;25;25217;;2;2;C-14;71,5;14;7;2;1;;3;1;1;;;17;4
12;2;8;25;0;;1;1;No inventariada;1,3;6;19;1;999;;1;1;1;;;17;1
12;1;16;25;0;;1;1;No inventariada;1;6;19;1;999;;1;6;999;;;4;2
12;2;14;25;0;;1;1;L-512;10,7;6;19;1;999;;1;1;1;;;999;4
12;2;16;25;0;;1;1;C-242;3,1;6;19;1;999;;1;1;1;;;999;4
12;1;9;25;0;;3;2;No inventariada;;14;7;1;999;;1;1;1;;;6;998
12;4;10;25;0;;1;1;LV-4051;0,5;6;9;1;999;;1;1;1;;;999;4
12;4;12;25;0;;1;1;N-260;233,9;6;9;2;4;;3;1;1;;;999;4
12;4;12;25;0;;1;1;L-503;12,5;6;9;1;999;;3;1;1;;;999;4
11;5;18;25;25120;;3;2;No inventariada;;14;7;2;1;;1;4;1;;;17;998
12;5;9;25;0;;1;1;N-2;490,2;6;19;1;999;;1;1;1;;;999;4
12;5;11;25;25203;;1;1;N-260;229,2;6;4;1;999;;1;1;1;;;999;4
12;5;15;25;0;;1;1;L-200;10,7;6;2;2;1;;1;1;1;;;999;4
12;5;23;25;0;;1;1;LV-2001;7,7;6;6;1;999;;3;4;1;;;999;4
12;5;7;25;25120;;1;1;N-240;87,8;6;2;2;4;;3;2;1;;;999;4
12;5;12;25;0;;1;1;No inventariada;24;6;19;2;4;;1;1;1;;;999;4
12;3;14;25;0;;1;1;No inventariada;;6;9;2;2;;8;1;1;;;999;4
12;5;20;25;25243;;1;1;N-230;162;6;19;1;999;;3;6;1;;;999;4
12;7;8;25;25243;;1;1;N-230;162,1;6;19;1;999;;5;2;1;;;999;4
12;7;15;25;0;;1;1;No inventariada;15;6;1;1;999;;1;1;1;;;999;4
12;1;21;25;25217;;3;2;No inventariada;;14;7;1;999;;1;5;1;;;17;998
12;1;8;25;25217;;3;2;No inventariada;;14;3;2;1;;1;1;1;;;17;998
12;2;20;25;25217;;3;2;No inventariada;;14;20;1;999;;1;4;1;;;17;998
12;1;13;25;0;;1;1;N-2;491,2;6;1;2;1;;3;1;1;;;999;4
12;6;21;25;25120;;3;2;No inventariada;;14;4;2;4;;1;4;1;;;1;998
12;1;2;25;0;;1;1;A-2;514,3;3;19;2;;;1;6;1;;;999;4
12;1;8;25;0;;1;1;C-14;127,5;6;19;1;999;;5;6;1;;;999;4
12;1;6;25;0;;1;1;C-14;127,7;6;19;1;999;;5;6;1;;;999;4
12;5;7;25;25120;;1;1;C-12;146,9;6;2;2;1;;1;2;1;;;999;4
12;5;12;25;0;;1;1;L-702;7,2;6;20;2;1;;1;1;1;;;999;4
12;1;17;25;25217;;1;1;A-2;507;3;4;1;999;;1;1;1;;;999;4
12;2;13;25;25120;;1;1;A-2;461;3;4;2;;;1;1;1;;;999;4
12;3;18;25;0;;1;1;LP-7041;17;6;8;1;999;;1;6;1;;;999;4
12;2;7;25;0;;1;1;LP-7013;5,6;6;19;1;999;;3;1;1;;;999;4
11;1;11;25;25120;;3;2;No inventariada;;14;2;1;999;;1;1;1;;;17;998
11;6;2;25;25120;;3;2;No inventariada;;14;9;1;999;;1;4;1;;;17;998
11;3;22;25;25120;;3;2;No inventariada;;14;4;1;999;;1;5;1;;;17;998
11;4;22;25;25120;;3;2;No inventariada;;14;2;1;999;;1;4;1;;;17;998
11;6;12;25;25120;;3;2;No inventariada;;14;7;1;999;;1;1;1;;;17;998
12;4;10;25;25120;;3;2;No inventariada;;14;2;2;1;;1;1;1;;;17;998
12;6;5;25;25120;;3;2;No inventariada;;14;3;1;999;;1;4;1;;;17;998
12;1;1;25;25120;;3;2;No inventariada;;14;9;2;4;;1;4;1;;;17;998
12;1;7;25;25120;;3;2;No inventariada;;14;7;1;999;;1;2;1;;;17;998
12;7;18;25;25120;;3;2;No inventariada;;14;1;2;2;;1;2;1;;;17;998
12;4;19;25;25120;;3;2;No inventariada;;14;7;1;999;;1;4;1;;;17;998
12;3;18;25;25120;;3;2;No inventariada;;14;7;1;999;;1;4;1;;;17;998
12;6;14;25;25120;;3;2;No inventariada;;14;3;2;2;;1;1;1;;;17;998
12;5;0;25;25120;;3;2;No inventariada;;14;9;1;999;;3;4;3;;;17;998
12;2;11;25;25120;;2;2;C-13;8,3;14;3;2;1;;1;1;1;;;17;4
12;5;8;25;25217;;3;2;No inventariada;;14;19;2;4;;1;1;1;;;17;998
10;4;13;25;25120;;3;2;No inventariada;;14;7;1;999;;1;1;1;;;1;998
12;3;21;25;25120;;3;2;No inventariada;;14;9;1;999;;1;4;1;;1;17;998
12;1;8;25;25120;;3;2;No inventariada;;14;9;1;999;;1;1;1;;;1;998
7;5;13;25;25120;;3;2;No inventariada;;14;4;1;999;;1;1;1;;;17;998
6;6;1;26;0;;1;1;N-232;399;6;16;1;4;AP-68;1;4;1;;;1;2
6;4;14;26;26089;;1;1;AP-68;138,171;1;16;2;;;3;1;4;;;1;1
7;1;18;26;0;;1;1;LR-261;0,143;6;16;2;;;1;1;7;;;1;1
9;4;21;26;0;;3;2;No inventariada;;9;10;2;;;1;4;1;;;1;998
10;3;14;26;0;;1;1;N-232;396,4;6;9;2;;;3;1;1;;;1;2
1;4;12;26;0;;1;1;LR-284;10,1;6;3;2;;;1;1;1;;;4;2
8;4;10;26;0;;1;1;LR-284;11,351;6;13;2;;;1;1;1;;;4;2
8;5;18;26;0;;1;1;N-111;313,9;6;7;2;;;1;1;2;;;1;1
8;3;7;26;0;;1;1;N-111;316,7;6;16;2;;;1;1;2;;;1;1
8;5;10;26;0;;1;1;N-111;316,502;7;20;1;4;;1;1;1;;;1;2
11;6;10;26;0;;3;2;No inventariada;;9;20;2;;;1;1;1;;;1;998
12;3;19;26;0;;3;2;No inventariada;;9;3;1;1;;1;4;1;;;1;998
2;5;17;26;0;;1;1;LR-255;3;6;7;2;;;1;1;1;;;1;1
3;1;17;26;0;;1;1;LR-344;2,5;6;10;2;;;1;1;1;;;6;1
6;4;15;26;0;;1;1;LR-250;7,619;6;4;2;;;1;1;1;;;1;1
6;3;20;26;0;;1;1;LR-254;9,9;6;3;2;;;1;1;1;;;1;1
1;3;12;26;0;;1;1;LR-131;73,8;6;18;2;;;3;1;2;;;1;1
7;5;0;26;0;;1;1;LR-131;75;6;12;2;;;1;6;1;;;17;1
10;5;22;26;0;;1;1;LR-115;45,384;6;10;2;;;3;6;1;;;1;1
11;6;11;26;0;;3;2;No inventariada;;9;7;1;2;;1;1;2;;;2;998
3;1;17;26;0;;1;1;LR-207;14,9;6;19;2;;;1;1;1;;;1;3
5;5;21;26;0;;3;2;No inventariada;;9;1;2;;;1;4;2;;;17;998
1;2;9;26;26011;;3;2;No inventariada;;9;4;2;;;1;1;1;;;18;998
1;3;14;26;26011;;3;2;No inventariada;;9;7;1;1;;1;1;1;;;18;998
2;6;13;26;26011;;3;2;No inventariada;;9;10;1;2;;2;1;1;;;1;998
2;6;18;26;26011;;3;2;No inventariada;;9;7;2;;;1;3;1;;;18;998
2;6;14;26;26011;;3;2;No inventariada;;9;7;1;2;;1;1;1;;;18;998
6;5;17;26;26011;;1;1;No inventariada;6;10;4;2;;;2;1;1;;;1;1
11;1;18;26;26011;;1;1;N-232;340,2;6;18;2;;;1;6;1;;;1;1
5;4;20;26;26011;;3;2;No inventariada;;9;3;1;2;;1;3;1;;;1;998
11;7;19;26;26011;;3;2;No inventariada;;9;3;1;4;;1;4;1;;;1;998
7;1;20;26;0;;2;2;LR-202;4,27;6;3;1;4;;1;1;1;;;6;2
8;6;8;26;0;;2;2;LR-202;3,9;6;20;2;;;1;1;1;;;2;1
8;3;11;26;0;;1;1;LR-113;48,5;6;4;2;;;1;1;1;;;1;1
9;7;12;26;0;;1;1;LR-113;41;6;10;2;;;2;1;1;;;1;1
12;7;11;26;0;;3;2;No inventariada;;14;10;2;;;1;1;1;;;1;998
1;4;13;26;26018;;1;1;LR-134;2;6;19;1;2;;1;1;1;;;1;2
7;2;3;26;26018;;1;1;LR-123;49,9;6;12;2;;;1;4;1;;;1;2
9;4;12;26;26018;;1;1;LR-123;51,5;6;2;1;2;LR-134;1;1;1;;;1;3
9;6;15;26;26018;;1;1;LR-123;40,446;6;16;2;;;2;1;1;;;1;2
9;3;9;26;26018;;3;2;No inventariada;;9;1;2;;;1;1;1;;;18;998
11;6;14;26;26018;;3;2;No inventariada;;9;16;2;;;1;1;1;;;1;998
7;3;7;26;0;;1;1;N-232;382;6;3;2;;;1;1;1;;;1;1
4;5;9;26;0;;2;2;LR-282;0,1;6;7;2;;;1;1;1;;;1;1
7;5;10;26;0;;1;1;No inventariada;0,1;10;10;2;;;2;1;1;;;1;1
12;3;20;26;0;;1;1;LR-282;6,3;6;2;1;2;;1;6;2;;;1;1
12;2;16;26;0;;1;1;LR-115;36,275;6;19;2;;;1;1;1;;;1;2
8;6;9;26;0;;1;1;A-12;116,3;3;17;2;;;1;1;1;;;1;1
12;6;19;26;0;;1;1;A-12;117,4;3;4;2;;;1;6;1;;;1;1
6;1;15;26;0;;1;1;DESCONOCID;1,8;10;15;2;;;1;1;1;;;1;1
8;2;18;26;0;;1;1;LR-111;26,812;6;16;2;;;4;1;4;;;17;2
4;6;13;26;0;;1;1;LR-207;29;5;19;2;;;1;1;1;;;1;2
12;2;14;26;0;;1;1;LR-206;10,45;6;2;1;1;;1;1;1;;;1;1
5;6;14;26;0;;1;1;LR-232;21,5;6;19;2;;;1;1;1;;;1;1
2;4;7;26;0;;1;1;LR-210;0,8;6;8;2;;;1;2;1;;;1;1
6;4;7;26;0;;1;1;LR-314;1,155;6;12;2;;;2;1;1;;;1;3
7;5;17;26;0;;1;1;LR-313;9,416;6;19;2;;;1;1;1;;;1;1
9;1;15;26;0;;1;1;LR-313;8,635;6;7;2;;;1;1;1;;;1;1
7;2;10;26;0;;1;1;LR-250;41,7;6;18;2;;;3;1;3;;;1;3
3;5;16;26;26036;;1;1;LR-134;13,477;5;2;1;4;;1;1;2;;;1;1
2;3;14;26;26036;;3;2;No inventariada;;9;4;2;;;1;1;1;;;1;998
5;1;0;26;26036;;1;1;N-232;357,554;6;4;2;;;3;4;3;;;1;1
5;5;6;26;26036;;1;1;AP-68;177;1;16;2;;;1;4;1;;;4;3
3;3;8;26;26036;;3;2;No inventariada;;9;7;1;1;;1;1;1;;;1;998
4;2;19;26;26036;;3;2;No inventariada;;9;7;2;;;1;1;1;;;1;998
5;6;18;26;26036;;3;2;No inventariada;;9;7;1;2;;1;1;1;;;1;998
7;1;14;26;26036;;1;1;LR-134;13,9;6;2;1;2;;1;1;1;;;1;1
5;5;19;26;26036;;3;2;No inventariada;;9;7;2;;;1;1;1;;;18;998
7;6;20;26;26036;;1;1;LR-134;15,15;6;3;2;;;3;1;2;;;1;3
8;6;15;26;26036;;1;1;AP-68;175,1;1;19;2;;;1;1;1;;;1;1
4;6;13;26;0;;1;1;LR-113;59,1;6;12;2;;;1;1;1;;;1;2
6;5;21;26;0;;1;1;LR-205;1,8;6;3;1;2;;1;4;1;;;2;1
9;6;9;26;0;;1;1;LR-111;37,529;6;2;1;3;LR-311;1;1;1;;;1;1
9;6;23;26;0;;1;1;LR-111;36,5;6;12;2;;;1;6;1;;;1;3
1;2;21;26;0;;1;1;LR-111;35;6;8;2;;;1;6;1;;;5;1
12;1;18;26;0;;1;1;N-232;425,1;6;18;2;;;3;6;3;;;4;2
12;1;17;26;0;;1;1;LR-512;0,186;6;4;2;;;1;1;1;;;1;1
4;3;8;26;0;;1;1;N-113;63,519;6;3;2;;;1;1;1;;;1;2
7;3;7;26;0;;1;1;N-113;64,5;6;2;2;;;1;1;1;;;1;1
8;4;18;26;0;;1;1;N-113;66,7;6;16;2;;;3;1;3;;;1;1
8;4;19;26;0;;1;1;N-113;65;6;12;2;;;3;1;3;;;1;2
6;6;14;26;0;;1;1;N-232;380;8;16;2;;;1;1;2;;;1;1
7;7;14;26;0;;1;1;LR-283;15,507;6;18;2;;;1;1;1;;;1;2
11;6;16;26;0;;3;2;No inventariada;;9;9;2;;;1;1;1;;;4;998
4;7;17;26;0;;1;1;CAMINO DE;1;10;16;2;;;2;1;1;;;1;1
7;1;13;26;0;;3;2;No inventariada;;13;10;2;;;2;1;1;;;1;998
3;5;10;26;0;;3;2;No inventariada;;9;2;1;2;;1;1;1;;;1;998
3;3;12;26;0;;3;2;No inventariada;;9;3;1;2;;1;1;1;;;1;998
8;4;8;26;0;;2;2;LR-541;1,8;6;3;2;;;1;1;1;;;1;1
5;4;20;26;0;;1;1;CAMINO DEL;3;14;19;2;;;2;1;2;;;18;3
7;4;13;26;0;;1;1;LR-416;3,1;6;10;2;;;1;1;1;;;4;1
5;7;16;26;0;;1;1;N-232;467,6;6;1;1;2;;3;1;3;;;1;1
1;7;14;26;0;;1;1;N-232;464;6;18;2;;;3;1;3;;;1;2
6;3;14;26;0;;1;1;N-232;463,3;6;16;2;;;1;1;2;;;1;2
8;2;20;26;0;;1;1;N-232;462,406;6;1;2;;;3;1;4;;;17;2
12;1;22;26;0;;1;1;N-232;463,7;6;18;2;;;1;6;1;;;1;2
1;6;16;26;0;;1;1;N-232;423;6;18;2;;;3;1;3;;;1;1
1;1;16;26;0;;1;1;N-232;425,108;5;18;2;;;3;1;1;;;1;2
2;6;7;26;0;;3;2;No inventariada;;9;16;1;1;;1;3;1;;;4;998
3;2;22;26;0;;1;1;LR-251;3,4;6;14;2;;;1;6;1;;;1;2
4;6;19;26;0;;3;2;No inventariada;;14;16;2;;;2;1;1;;;1;998
5;7;12;26;0;;1;1;AP-68;114,6;1;18;2;;;1;1;1;;;1;1
6;4;20;26;0;;1;1;N-232;425,4;6;2;2;;;3;6;3;;;1;2
7;5;16;26;0;;1;1;N-232;420,3;6;2;1;1;LR-137;1;1;1;;;1;1
7;5;16;26;0;;1;1;N-232;423,3;6;1;1;2;;1;1;1;;;1;1
8;7;22;26;0;;2;2;LR-251;0,47;6;7;2;;;1;4;1;;;3;1
9;1;14;26;0;;1;1;N-232;419,4;6;19;2;;;1;1;1;;;1;1
9;5;19;26;0;;1;1;N-232;425,042;6;12;2;;;3;1;2;;;1;2
11;2;11;26;0;;3;2;No inventariada;;9;18;2;;;1;1;1;;;1;998
12;5;19;26;0;;1;1;N-232;425,5;6;1;2;;;1;6;1;;;1;2
8;5;19;26;0;;1;1;N-232;446;6;1;2;;;3;1;2;;;1;2
1;2;11;26;0;;1;1;N-120;48,8;6;18;2;;;1;1;1;;;1;1
5;1;14;26;0;;1;1;CARRETERA;0,3;10;19;2;;;1;1;1;;;1;1
6;4;1;26;0;;1;1;LR-201;5,676;6;18;2;;;1;6;1;;;1;1
1;2;19;26;26071;;3;2;No inventariada;;9;2;1;1;;1;4;1;;;1;998
1;6;10;26;26071;;3;2;No inventariada;;9;7;1;1;;1;1;1;;;6;998
2;2;17;26;26071;;3;2;No inventariada;;9;5;1;4;;1;1;1;;;6;998
2;5;22;26;26071;;3;2;No inventariada;;9;2;1;2;;1;4;1;;;1;998
2;2;14;26;26071;;3;2;No inventariada;;9;5;2;;;1;1;1;;;1;998
5;1;15;26;26071;;1;1;AP-68;81,273;1;4;2;;;1;1;1;;;1;3
4;6;11;26;26071;;3;2;No inventariada;;9;2;1;1;;1;1;1;;;1;998
5;3;20;26;26071;;3;2;No inventariada;;9;7;1;1;;1;1;1;;;6;998
5;3;18;26;26071;;2;2;SEMA A MIR;3;10;10;2;;;1;1;1;;;1;4
6;3;8;26;26071;;3;2;No inventariada;;9;7;1;1;;1;1;1;;;6;998
7;1;18;26;26071;;1;1;N-126;1,6;6;4;2;;;1;1;1;;;1;1
7;2;15;26;26071;;1;1;LR-111;40,903;6;2;1;2;;1;1;1;;;1;1
8;2;9;26;26071;;1;1;AP-68;79,3;1;18;2;;;1;1;1;;;1;2
9;4;13;26;26071;;1;1;N-126;1,5;5;4;2;;;1;1;2;;;1;1
9;1;10;26;26071;;1;1;N-124;39;6;2;1;2;N-232;1;1;1;;;1;1
7;2;12;26;26071;;3;2;No inventariada;;9;7;2;;;1;1;1;;;1;998
8;2;13;26;26071;;3;2;No inventariada;;9;4;2;;;1;1;1;;;1;998
7;2;14;26;0;;1;1;LR-326;1,807;6;16;1;4;A-12;1;1;1;;;1;1
6;1;11;26;0;;1;1;N-120;29,35;6;2;1;1;;1;1;1;;;1;1
9;1;8;26;0;;1;1;A-12;104,85;3;4;2;;;1;1;1;;;6;1
10;6;14;26;26102;;1;1;A-12;108;3;16;2;;;3;1;3;;;1;2