MES;DIA_SEMANA;HORA;COD_PROVINCIA;COD_MUNICIPIO;ISLA;ZONA;ZONA_AGRUPADA;CARRETERA;KM;TIPO_VIA;TIPO_ACCIDENTE;NUDO;NUDO_INFO;CARRETERA_CRUCE;CONDICION_FIRME;CONDICION_ILUMINACION;CONDICION_METEO;CONDICION_NIEBLA;CONDICION_VIENTO;VISIB_RESTRINGIDA_POR;TRAZADO_PLANTA
5;3;12;26;0;;3;2;No inventariada;;9;7;2;;;1;1;1;;;2;998
1;3;20;26;26084;;3;2;No inventariada;;9;5;1;2;;1;4;1;;;1;998
2;5;6;26;26084;;3;2;No inventariada;;9;4;2;;;3;4;3;;;1;998
3;6;8;26;26089;;1;1;N-111;322,6;6;1;2;;;1;1;1;;;1;1
3;6;18;26;26084;;1;1;N-111;317,3;6;1;2;;;3;6;3;;;1;1
3;5;7;26;26084;;3;2;No inventariada;;9;7;1;2;;1;3;1;;;1;998
3;2;9;26;26084;;3;2;No inventariada;;9;4;2;;;1;1;2;;;1;998
3;6;15;26;26084;;3;2;No inventariada;;9;10;1;4;;1;1;2;;;1;998
3;4;21;26;26084;;3;2;No inventariada;;9;2;1;2;;3;4;3;;;1;998
3;5;10;26;26084;;3;2;No inventariada;;9;10;1;4;;3;1;3;;;1;998
4;7;19;26;26084;;3;2;No inventariada;;9;2;1;4;;1;1;1;;;1;998
4;5;13;26;26084;;3;2;No inventariada;;9;7;1;1;;1;1;1;;;1;998
5;3;10;26;26084;;3;2;No inventariada;;9;4;2;;;1;1;1;;;1;998
5;3;12;26;26084;;3;2;No inventariada;;9;2;1;4;;1;1;1;;;1;998
6;6;11;26;26084;;3;2;No inventariada;;9;2;1;4;;1;1;1;;;1;998
6;5;10;26;26084;;3;2;No inventariada;;9;2;1;4;;1;1;1;;;1;998
7;2;19;26;26084;;3;2;No inventariada;;9;4;1;1;;1;1;1;;;1;998
8;5;12;26;26084;;3;2;No inventariada;;9;7;1;1;;3;1;3;;;1;998
8;1;22;26;26084;;3;2;No inventariada;;9;10;1;4;;3;4;2;;;1;998
9;6;14;26;26084;;1;1;LR-254;4,5;6;2;1;2;;1;1;1;;;1;1
9;1;19;26;26084;;3;2;No inventariada;;9;10;2;;;1;1;1;;;1;998
10;4;0;26;26084;;3;2;No inventariada;;9;15;2;;;3;4;7;;;1;998
10;4;19;26;26084;;3;2;No inventariada;;9;5;2;;;1;1;1;;;1;998
11;5;15;26;26084;;3;2;No inventariada;;9;4;2;;;1;1;1;;;1;998
1;3;20;26;26089;;3;2;No inventariada;;9;10;2;;;1;4;2;;;1;998
1;5;15;26;26089;;3;2;No inventariada;;9;2;1;4;;3;1;2;;;1;998
1;5;19;26;26089;;3;2;No inventariada;;9;2;1;4;LO-20;1;4;2;;;3;998
1;2;9;26;26089;;3;2;No inventariada;;9;7;2;;;1;1;2;;;1;998
1;3;14;26;26089;;3;2;No inventariada;;9;2;1;4;;1;1;2;;;1;998
1;5;11;26;26089;;3;2;No inventariada;;9;7;2;;;1;1;1;;;1;998
1;3;16;26;26089;;3;2;No inventariada;;9;7;1;4;;1;1;2;;;6;998
1;3;14;26;26089;;3;2;No inventariada;;9;2;1;2;;1;1;1;;;1;998
1;1;1;26;26089;;3;2;No inventariada;;9;2;1;4;;1;4;1;;;1;998
1;2;10;26;26089;;3;2;No inventariada;;9;4;1;4;;1;1;1;;;18;998
1;4;10;26;26089;;3;2;No inventariada;;9;7;1;1;;1;1;1;;;1;998
1;4;10;26;26089;;3;2;No inventariada;;14;10;1;1;;3;1;1;;;1;998
1;4;8;26;26089;;3;2;No inventariada;;9;2;1;4;;1;1;1;;;1;998
1;3;8;26;26089;;3;2;No inventariada;;9;20;2;;;1;1;1;;;1;998
1;2;13;26;26089;;3;2;No inventariada;;9;20;1;4;;3;1;2;;;18;998
1;5;13;26;26089;;3;2;No inventariada;;9;2;1;1;;3;1;2;;;1;998
1;7;22;26;26089;;3;2;No inventariada;;9;6;1;2;;1;4;1;;;1;998
1;2;17;26;26089;;4;2;LO-20;9;3;4;1;10;;1;1;1;;;1;3
1;5;20;26;26089;;4;2;LO-20;9;3;20;2;;;1;4;7;;;1;1
1;3;12;26;26089;;3;2;No inventariada;;9;2;1;2;;1;1;1;;;1;998
2;5;15;26;26089;;3;2;No inventariada;;9;2;1;4;;1;1;1;;;1;998
2;5;13;26;26089;;3;2;No inventariada;;9;10;1;4;;1;1;1;;;1;998
2;4;18;26;26089;;3;2;No inventariada;;9;7;1;2;;1;1;1;;;1;998
2;5;10;26;26089;;3;2;No inventariada;;9;10;2;;;1;1;2;;;1;998
2;1;19;26;26089;;3;2;No inventariada;;9;2;1;4;;1;4;1;;;1;998
2;3;9;26;26089;;3;2;No inventariada;;9;3;1;4;;1;1;1;;;1;998
1;2;13;26;26089;;3;2;No inventariada;;9;2;1;4;;1;1;1;;;1;998
2;2;20;26;26089;;3;2;No inventariada;;9;20;1;4;;1;4;1;;;1;998
2;3;7;26;26089;;3;2;No inventariada;;9;7;2;;;1;4;1;;;1;998
1;4;19;26;26089;;3;2;No inventariada;;9;4;1;4;;1;4;1;;;1;998
2;5;22;26;26089;;3;2;No inventariada;;9;10;2;;;3;4;1;;;1;998
2;3;9;26;26089;;3;2;No inventariada;;9;3;1;4;;1;1;1;;;18;998
2;1;13;26;26089;;3;2;No inventariada;;9;10;1;4;;1;1;1;;;1;998
2;2;15;26;26089;;3;2;No inventariada;;9;2;2;;;1;1;1;;;1;998
2;3;14;26;26089;;3;2;No inventariada;;9;4;1;4;;1;1;1;;;1;998
2;3;17;26;26089;;3;2;No inventariada;;9;4;2;;;1;1;1;;;1;998
2;2;6;26;26089;;3;2;No inventariada;;9;7;1;2;;1;4;1;;;1;998
2;5;19;26;26089;;3;2;No inventariada;;9;4;1;4;;1;4;1;;;1;998
2;4;19;26;26089;;4;2;LO-20;8;3;5;2;;;1;4;1;;;1;1
2;1;0;26;26089;;3;2;No inventariada;;9;4;2;;;1;4;1;;;1;998
2;6;20;26;26089;;3;2;No inventariada;;9;10;1;4;;1;4;1;;;1;998
2;7;19;26;26089;;3;2;No inventariada;;9;7;1;1;;1;4;1;;;1;998
2;6;18;26;26089;;3;2;No inventariada;;9;7;2;;;1;1;1;;;1;998
2;5;7;26;26089;;1;1;LO-20;4;3;4;2;;;3;3;2;;;1;1
2;2;7;26;26089;;3;2;No inventariada;;9;7;1;4;;1;2;1;;;1;998
2;2;11;26;26089;;3;2;No inventariada;;9;7;1;4;A-13;1;1;1;;;1;998
2;2;16;26;26089;;3;2;No inventariada;;9;2;1;1;;1;1;1;;;1;998
2;2;20;26;26089;;3;2;No inventariada;;9;7;1;1;;1;4;1;;;1;998
2;5;2;26;26089;;3;2;No inventariada;;9;12;1;4;;3;4;2;;;1;998
2;4;7;26;26089;;3;2;No inventariada;;9;2;1;4;;1;3;2;;;1;998
2;1;15;26;26089;;3;2;No inventariada;;9;2;1;4;;1;1;1;;;1;998
2;4;13;26;26089;;3;2;No inventariada;;9;4;2;;;1;1;1;;;1;998
2;5;21;26;26089;;3;2;No inventariada;;9;2;2;;;1;4;1;;;1;998
2;5;13;26;26089;;3;2;No inventariada;;9;4;1;4;;1;1;1;;;1;998
2;2;19;26;26089;;3;2;No inventariada;;9;4;2;;;3;4;3;;;1;998
2;5;15;26;26089;;3;2;No inventariada;;9;4;2;;;1;1;1;;;1;998
2;3;17;26;26089;;3;2;No inventariada;;9;2;2;;;1;1;1;;;1;998
3;6;16;26;26089;;3;2;No inventariada;;9;7;1;2;;3;1;4;;;5;998
2;2;12;26;26089;;3;2;No inventariada;;9;7;1;2;;1;1;2;;;1;998
3;2;1;26;26089;;1;1;N-232a;400,4;6;16;1;4;AP-68;1;6;1;;;1;2
2;3;10;26;26089;;3;2;No inventariada;;9;7;1;4;;1;1;2;;;1;998
3;5;11;26;26089;;3;2;No inventariada;;9;4;2;;;1;1;2;;;1;998
3;5;17;26;26089;;3;2;No inventariada;;9;7;2;;;1;1;1;;;1;998
2;4;15;26;26089;;3;2;No inventariada;;9;7;2;;;1;1;1;;;18;998
3;6;19;26;26089;;3;2;No inventariada;;9;20;2;;;1;4;2;;;1;998
3;1;17;26;26089;;3;2;No inventariada;;9;4;2;;;1;1;1;;;1;998
3;4;14;26;26089;;3;2;No inventariada;;9;2;1;4;;1;1;1;;;1;998
3;5;12;26;26089;;3;2;No inventariada;;9;7;1;4;;1;1;1;;;1;998
3;1;17;26;26089;;1;1;LO-20;13,2;3;16;2;;;1;1;2;;;1;2
3;1;22;26;26089;;3;2;No inventariada;;9;2;1;1;;1;4;1;;;1;998
3;5;14;26;26089;;3;2;No inventariada;;9;2;1;2;;1;1;1;;;1;998
3;5;10;26;26089;;3;2;No inventariada;;9;10;1;1;;1;1;1;;;9;998
3;2;14;26;26089;;1;1;LO-20;13,95;3;5;2;;;1;1;1;;;1;3
3;7;20;26;26089;;3;2;No inventariada;;9;7;2;;;1;4;2;;;1;998
3;2;19;26;26089;;3;2;No inventariada;;9;4;2;;;1;4;1;;;18;998
3;3;13;26;26089;;3;2;No inventariada;;9;2;1;4;;1;1;1;;;1;998
3;4;9;26;26089;;3;2;No inventariada;;9;2;1;2;;1;1;1;;;1;998
3;4;11;26;26089;;3;2;No inventariada;;9;2;1;1;;1;1;1;;;1;998
3;7;23;26;26089;;3;2;No inventariada;;9;12;1;4;;1;4;1;;;1;998
3;1;8;26;26089;;3;2;No inventariada;;9;2;2;;;1;1;2;;;9;998
3;2;14;26;26089;;1;1;LO-20;13;7;20;2;;;1;1;1;;;1;4
3;5;17;26;26089;;3;2;No inventariada;;9;2;2;;;1;1;1;;;1;998
3;6;10;26;26089;;3;2;No inventariada;;9;10;2;;;1;1;1;;;1;998
3;2;10;26;26089;;3;2;No inventariada;;9;4;2;;;1;1;1;;;1;998
3;2;10;26;26089;;3;2;No inventariada;;9;4;2;;;1;1;1;;;1;998
3;2;18;26;26089;;3;2;No inventariada;;9;3;1;4;;1;1;1;;;1;998
3;1;20;26;26089;;3;2;No inventariada;;9;20;1;4;;1;3;1;;;1;998
3;1;19;26;26089;;3;2;No inventariada;;9;7;2;;;1;4;1;;;1;998
3;5;19;26;26089;;3;2;No inventariada;;14;16;2;;;1;6;2;;;1;998
3;2;19;26;26089;;3;2;No inventariada;;9;7;1;1;;1;4;1;;;18;998
3;5;12;26;26089;;3;2;No inventariada;;9;2;1;1;;1;1;2;;;1;998
3;1;11;26;26089;;3;2;No inventariada;;9;10;1;4;;1;1;1;;;1;998
4;2;13;26;26089;;3;2;No inventariada;;9;12;2;;;1;1;1;;;1;998
4;4;21;26;26089;;3;2;No inventariada;;9;2;1;4;;1;4;1;;;1;998
4;1;15;26;26089;;3;2;No inventariada;;9;2;1;4;A-13;3;1;4;;;5;998
4;2;19;26;26089;;3;2;No inventariada;;9;10;2;;;1;1;1;;;6;998
3;7;15;26;26089;;3;2;No inventariada;;9;10;1;4;;1;1;1;;;1;998
4;3;15;26;26089;;3;2;No inventariada;;9;2;1;4;;1;1;1;;;1;998
4;3;17;26;26089;;3;2;No inventariada;;9;2;1;4;;1;1;1;;;1;998
4;1;22;26;26089;;3;2;No inventariada;;9;10;2;;;3;4;4;;;1;998
4;1;21;26;26089;;3;2;No inventariada;;9;12;2;;;3;4;4;;;1;998
3;6;21;26;26089;;3;2;No inventariada;;9;7;2;;;1;4;1;;;1;998
4;1;8;26;26089;;3;2;No inventariada;;9;7;2;;;1;1;1;;;9;998
4;6;16;26;26089;;3;2;No inventariada;;9;2;1;4;;1;1;1;;;1;998
4;2;19;26;26089;;3;2;No inventariada;;9;7;1;4;;1;1;2;;;1;998
4;6;11;26;26089;;3;2;No inventariada;;14;20;2;;;2;1;1;;;1;998
4;2;13;26;26089;;4;2;A-13;0,1;3;4;2;;;1;1;1;;;1;1
4;2;9;26;26089;;3;2;No inventariada;;9;7;1;1;;1;1;1;;;1;998
4;2;8;26;26089;;3;2;No inventariada;;9;7;1;4;;1;1;1;;;6;998
4;1;13;26;26089;;3;2;No inventariada;;9;7;1;4;;1;1;1;;;1;998
4;7;20;26;26089;;3;2;No inventariada;;9;10;1;4;;7;4;1;;;1;998
4;6;18;26;26089;;3;2;No inventariada;;9;7;1;2;;1;1;1;;;6;998
4;2;7;26;26089;;3;2;No inventariada;;9;7;1;2;;1;1;1;;;1;998
4;1;10;26;26089;;3;2;No inventariada;;9;10;2;;;1;1;1;;;1;998
4;3;14;26;26089;;3;2;No inventariada;;9;10;1;4;;1;1;1;;;1;998
4;1;6;26;26089;;3;2;No inventariada;;9;7;1;4;A-13;1;3;1;;;1;998
4;3;18;26;26089;;3;2;No inventariada;;9;2;1;4;;1;1;1;;;1;998
4;5;18;26;26089;;3;2;No inventariada;;9;4;2;;;3;1;2;;;1;998
4;6;21;26;26089;;3;2;No inventariada;;9;2;1;4;;1;4;2;;;1;998
4;1;14;26;26089;;1;1;A-13;2,5;3;10;2;;;2;1;1;;;1;1
4;6;19;26;26089;;3;2;No inventariada;;9;7;1;2;;1;1;1;;;6;998
4;7;10;26;26089;;3;2;No inventariada;;9;7;1;2;;1;1;1;;;6;998
4;5;17;26;26089;;3;2;No inventariada;;9;20;1;1;;1;1;1;;;1;998
4;6;21;26;26089;;3;2;No inventariada;;9;10;1;2;;1;4;1;;;18;998
5;5;19;26;26089;;3;2;No inventariada;;9;20;1;1;;1;1;1;;;1;998
5;5;13;26;26089;;3;2;No inventariada;;9;7;1;1;;1;1;1;;;1;998
5;3;21;26;26089;;3;2;No inventariada;;9;2;1;4;;1;4;1;;;1;998
5;3;6;26;26089;;3;2;No inventariada;;9;20;1;4;;1;3;1;;;1;998
5;4;19;26;26089;;3;2;No inventariada;;9;2;1;4;;1;1;1;;;1;998
5;6;18;26;26089;;3;2;No inventariada;;9;7;1;4;;3;1;2;;;1;998
5;5;12;26;26089;;3;2;No inventariada;;9;7;2;;;1;1;1;;;1;998
5;2;20;26;26089;;3;2;No inventariada;;9;10;2;;;1;1;1;;;1;998
5;1;16;26;26089;;3;2;No inventariada;;9;4;1;4;;1;1;2;;;1;998
5;1;8;26;26089;;3;2;No inventariada;;9;2;2;;;1;1;1;;;1;998
5;3;14;26;26089;;3;2;No inventariada;;9;7;1;1;;1;1;1;;;1;998
5;2;13;26;26089;;3;2;No inventariada;;9;7;2;;;1;1;1;;;1;998
5;5;5;26;26089;;3;2;No inventariada;;9;7;2;;;3;4;1;;;1;998
5;3;16;26;26089;;3;2;No inventariada;;9;20;1;4;;1;1;1;;;1;998
5;2;15;26;26089;;3;2;No inventariada;;9;2;1;4;;1;1;1;;;1;998
5;6;22;26;26089;;3;2;No inventariada;;9;7;1;1;;3;4;3;;;1;998
5;5;15;26;26089;;3;2;No inventariada;;9;4;2;;;1;1;1;;;1;998
5;6;17;26;26089;;4;2;LO-20;8;3;6;2;;;1;1;1;;;1;1
5;4;10;26;26089;;3;2;No inventariada;;9;7;2;;;1;1;1;;;1;998
5;5;9;26;26089;;3;2;No inventariada;;9;7;2;;;1;1;1;;;1;998
5;6;11;26;26089;;3;2;No inventariada;;9;20;2;;;1;1;1;;;18;998
5;4;14;26;26089;;3;2;No inventariada;;9;2;1;4;;1;1;1;;;1;998
5;7;19;26;26089;;3;2;No inventariada;;9;2;1;4;;3;1;4;;;5;998
5;5;16;26;26089;;3;2;No inventariada;;9;4;1;1;;1;1;1;;;1;998
5;5;11;26;26089;;3;2;No inventariada;;9;2;1;2;;1;1;1;;;1;998
5;2;17;26;26089;;3;2;No inventariada;;9;2;1;2;;1;1;1;;;1;998
5;2;17;26;26089;;3;2;No inventariada;;9;7;2;;;1;1;1;;;1;998
5;5;22;26;26089;;3;2;No inventariada;;9;2;1;2;;1;4;1;;;1;998
5;2;20;26;26089;;3;2;No inventariada;;9;7;1;2;;1;1;1;;;1;998
5;7;15;26;26089;;3;2;No inventariada;;9;20;1;4;;1;1;1;;;1;998
5;4;15;26;26089;;3;2;No inventariada;;9;4;1;4;;1;1;1;;;1;998
5;4;14;26;26089;;3;2;No inventariada;;9;7;2;;;1;1;1;;;1;998
6;7;16;26;26089;;3;2;No inventariada;;9;10;1;4;;1;1;1;;;1;998
5;6;15;26;26089;;3;2;No inventariada;;9;10;2;;;1;1;1;;;1;998
5;3;20;26;26089;;3;2;No inventariada;;9;10;1;2;;1;1;1;;;1;998
6;3;14;26;26089;;3;2;No inventariada;;9;4;2;;;1;1;1;;;1;998
6;2;8;26;26089;;3;2;No inventariada;;9;7;1;1;;1;1;1;;;10;998
5;5;13;26;26089;;3;2;No inventariada;;9;7;2;;;1;1;1;;;1;998
6;7;7;26;26089;;3;2;No inventariada;;9;7;2;;;1;1;1;;;1;998
6;4;12;26;26089;;3;2;No inventariada;;9;7;2;;;1;1;1;;;1;998
6;7;2;26;26089;;3;2;No inventariada;;9;12;1;2;LO-20;4;4;4;;;1;998
6;4;21;26;26089;;3;2;No inventariada;;9;2;1;4;;1;4;1;;;1;998
6;5;6;26;26089;;3;2;No inventariada;;9;10;1;4;;7;1;1;;;1;998
6;5;14;26;26089;;3;2;No inventariada;;9;4;2;;;1;1;1;;;1;998
6;4;13;26;26089;;3;2;No inventariada;;9;7;2;;;1;1;1;;;16;998
6;1;11;26;26089;;3;2;No inventariada;;9;7;2;;;1;1;1;;;1;998
6;3;12;26;26089;;3;2;No inventariada;;9;16;2;;;1;1;1;;;1;998
6;3;10;26;26089;;3;2;No inventariada;;9;4;2;;;1;1;1;;;1;998
6;2;16;26;26089;;3;2;No inventariada;;9;12;2;;;1;1;1;;;1;998
6;1;15;26;26089;;3;2;No inventariada;;9;7;2;;;1;1;1;;;18;998
6;4;18;26;26089;;4;2;LO-20;6,5;3;7;2;;;1;1;1;;;1;2
6;2;11;26;26089;;3;2;No inventariada;;9;2;1;4;;1;1;1;;;1;998
6;3;11;26;26089;;3;2;No inventariada;;9;7;2;;;1;1;1;;;1;998
6;3;13;26;26089;;3;2;No inventariada;;9;7;1;2;;1;1;1;;;9;998
6;3;17;26;26089;;3;2;No inventariada;;9;2;1;4;;1;1;2;;;1;998
6;4;14;26;26089;;3;2;No inventariada;;9;2;2;;;1;1;1;;;1;998
6;4;16;26;26089;;3;2;No inventariada;;9;20;1;4;;1;1;1;;;1;998
6;7;5;26;26089;;3;2;No inventariada;;9;12;2;;;1;4;1;;;1;998
6;6;13;26;26089;;3;2;No inventariada;;9;4;1;1;;1;1;1;;;1;998
6;5;17;26;26089;;3;2;No inventariada;;9;10;1;1;;1;1;1;;;1;998
6;7;7;26;26089;;3;2;No inventariada;;9;7;2;;;1;2;1;;;2;998
7;1;10;26;26089;;3;2;No inventariada;;9;7;2;;;1;1;2;;;1;998
6;2;12;26;26089;;4;2;A-13;9,7;3;4;2;;;1;1;1;;;1;1
7;3;12;26;26089;;3;2;No inventariada;;9;4;1;4;;1;1;1;;;1;998
7;3;19;26;26089;;3;2;No inventariada;;9;7;1;1;;1;1;1;;;6;998
7;3;0;26;26089;;3;2;No inventariada;;9;10;2;;;1;4;1;;;1;998
7;1;9;26;26089;;3;2;No inventariada;;9;20;1;2;;1;1;1;;;1;998
7;3;23;26;26089;;3;2;No inventariada;;9;7;2;;;1;4;1;;;1;998
7;3;13;26;26089;;3;2;No inventariada;;9;2;1;1;;1;1;1;;;1;998
7;4;8;26;26089;;3;2;No inventariada;;9;2;1;4;;1;1;1;;;1;998
7;4;8;26;26089;;3;2;No inventariada;;9;2;1;4;;1;1;1;;;1;998
7;5;17;26;26089;;3;2;No inventariada;;9;4;2;;;1;1;1;;;1;998
7;4;20;26;26089;;3;2;No inventariada;;9;7;1;1;;1;1;1;;;1;998
7;1;15;26;26089;;3;2;No inventariada;;9;10;1;4;;1;1;1;;;1;998
6;2;17;26;26089;;3;2;No inventariada;;9;2;2;;;1;1;1;;;6;998
6;4;22;26;26089;;3;2;No inventariada;;9;10;1;4;;1;4;1;;;1;998
7;3;18;26;26089;;3;2;No inventariada;;9;7;1;4;;1;1;1;;;1;998
7;2;15;26;26089;;3;2;No inventariada;;9;10;1;4;;1;1;1;;;1;998
7;5;14;26;26089;;3;2;No inventariada;;9;2;1;2;;1;1;1;;;1;998
7;3;13;26;26089;;3;2;No inventariada;;9;7;1;4;;1;1;1;;;1;998
7;1;7;26;26089;;3;2;No inventariada;;9;4;1;4;;1;1;1;;;6;998
7;1;7;26;26089;;3;2;No inventariada;;9;2;1;4;;1;1;1;;;1;998
7;2;13;26;26089;;3;2;No inventariada;;9;7;1;1;;1;1;1;;;1;998
7;7;19;26;26089;;3;2;No inventariada;;9;4;1;4;;1;1;1;;;1;998
7;3;19;26;26089;;3;2;No inventariada;;9;10;1;4;;7;1;1;;;1;998
7;1;12;26;26089;;3;2;No inventariada;;9;20;2;;;1;1;2;;;18;998
7;2;21;26;26089;;3;2;No inventariada;;9;2;2;;;1;1;1;;;1;998
7;4;9;26;26089;;3;2;No inventariada;;9;2;1;2;;1;1;1;;;15;998
7;7;12;26;26089;;3;2;No inventariada;;9;2;2;;;1;1;1;;;1;998
7;6;20;26;26089;;3;2;No inventariada;;9;2;1;1;;3;2;3;;;1;998
7;2;14;26;26089;;3;2;No inventariada;;9;4;1;1;;1;1;1;;;1;998
7;3;16;26;26089;;3;2;No inventariada;;9;10;1;4;;1;1;1;;;1;998
7;3;11;26;26089;;3;2;No inventariada;;9;2;2;;;1;1;1;;;2;998
7;5;15;26;26089;;3;2;No inventariada;;9;7;2;;;1;1;1;;;1;998
8;4;11;26;26089;;3;2;No inventariada;;9;2;1;2;;1;1;1;;;6;998
8;4;19;26;26089;;3;2;No inventariada;;9;2;1;4;;1;1;1;;;1;998
8;4;17;26;26089;;3;2;No inventariada;;9;2;1;4;;1;1;1;;;1;998
8;7;11;26;26089;;3;2;No inventariada;;9;7;2;;;1;1;1;;;1;998
7;1;19;26;26089;;3;2;No inventariada;;9;10;1;4;;1;1;1;;;1;998
6;4;18;26;26089;;3;2;No inventariada;;9;7;2;;;1;1;1;;;1;998
8;3;19;26;26089;;3;2;No inventariada;;9;19;2;;;1;1;1;;;1;998
7;1;11;26;26089;;3;2;No inventariada;;9;7;1;1;;1;1;1;;;1;998
8;4;14;26;26089;;3;2;No inventariada;;9;2;1;1;;1;1;1;;;1;998
8;6;18;26;26089;;3;2;No inventariada;;9;7;1;2;;1;1;1;;;1;998
8;2;11;26;26089;;3;2;No inventariada;;9;20;1;4;;1;1;1;;;1;998
8;1;21;26;26089;;3;2;No inventariada;;9;7;2;;;1;4;1;;;1;998
8;2;8;26;26089;;3;2;No inventariada;;9;10;1;4;;1;1;1;;;2;998
7;4;15;26;26089;;3;2;No inventariada;;9;20;2;;;1;1;1;;;1;998
8;2;11;26;26089;;3;2;No inventariada;;9;4;1;4;;1;1;1;;;1;998
8;2;12;26;26089;;3;2;No inventariada;;9;4;2;;;1;1;1;;;1;998
8;4;13;26;26089;;1;1;N-111;322,1;6;4;2;;;1;1;1;;;1;1
8;6;13;26;26089;;1;1;LR-131;2,6;6;2;2;;;1;1;1;;;1;2
8;2;15;26;26089;;1;1;N-111;323;5;4;1;4;;1;1;1;;;1;1
8;4;20;26;26089;;3;2;No inventariada;;9;10;2;;;1;1;1;;;1;998
9;1;6;26;26089;;1;1;A-13;2,5;3;4;2;;;1;1;1;;;1;1
9;1;6;26;26089;;1;1;A-13;2,3;3;5;2;;;1;2;1;;;1;1
8;6;19;26;26089;;3;2;No inventariada;;9;2;1;1;;3;1;2;;;1;998
9;4;8;26;26089;;1;1;LO-20;13,2;3;12;2;;;3;1;4;;;1;3
9;1;14;26;26089;;3;2;No inventariada;;9;10;1;4;;1;1;1;;;1;998
9;4;8;26;26089;;1;1;LO-20;13,5;3;4;2;;;3;1;2;;;1;3
9;6;22;26;26089;;3;2;No inventariada;;9;4;1;4;;1;4;1;;;1;998
9;1;9;26;26089;;3;2;No inventariada;;9;2;1;4;;1;1;1;;;1;998
9;2;15;26;26089;;3;2;No inventariada;;9;4;2;;;1;1;1;;;18;998
9;2;20;26;26089;;3;2;No inventariada;;9;20;1;4;;1;3;1;;;18;998
9;7;10;26;26089;;3;2;No inventariada;;9;2;1;4;N-111;1;1;2;;;1;998
9;3;10;26;26089;;3;2;No inventariada;;9;2;1;4;;1;1;2;;;1;998
9;3;17;26;26089;;3;2;No inventariada;;9;2;1;4;;1;1;2;;;1;998
9;3;21;26;26089;;3;2;No inventariada;;9;10;2;;;1;3;2;;;1;998
9;5;13;26;26089;;3;2;No inventariada;;9;6;1;1;;1;1;1;;;1;998
8;4;19;26;26089;;3;2;No inventariada;;9;16;1;1;;1;1;1;;;1;998
9;7;19;26;26089;;3;2;No inventariada;;9;4;2;;;1;2;1;;;6;998
9;7;11;26;26089;;3;2;No inventariada;;9;10;1;4;;3;1;3;;;1;998
9;6;10;26;26089;;3;2;No inventariada;;9;2;1;4;;1;1;1;;;1;998
9;1;14;26;26089;;3;2;No inventariada;;9;2;2;;;1;1;1;;;1;998
9;1;21;26;26089;;3;2;No inventariada;;9;10;1;4;;1;4;1;;;1;998
9;5;6;26;26089;;3;2;No inventariada;;9;10;1;1;;1;4;1;;;1;998
7;3;10;26;26089;;3;2;No inventariada;;9;10;1;4;;1;1;1;;;1;998
9;5;12;26;26089;;3;2;No inventariada;;9;4;1;4;;1;1;1;;;1;998
9;7;20;26;26089;;3;2;No inventariada;;9;2;1;2;;1;4;1;;;1;998
9;1;15;26;26089;;3;2;No inventariada;;9;1;1;2;;1;1;1;;;1;998
9;1;18;26;26089;;3;2;No inventariada;;9;20;2;;;1;1;1;;;1;998
9;1;21;26;26089;;3;2;No inventariada;;9;7;1;4;;1;4;1;;;1;998
9;7;21;26;26089;;3;2;No inventariada;;9;2;1;4;;1;3;1;;;1;998
9;2;15;26;26089;;3;2;No inventariada;;9;6;2;;;1;1;1;;;1;998
9;2;14;26;26089;;3;2;No inventariada;;9;2;1;2;;1;1;1;;;1;998
9;3;22;26;26089;;3;2;No inventariada;;9;2;1;4;;1;4;1;;;1;998
9;3;20;26;26089;;3;2;No inventariada;;9;7;2;;;1;3;1;;;9;998
9;1;12;26;26089;;3;2;No inventariada;;9;2;1;4;;1;1;1;;;1;998
9;2;14;26;26089;;3;2;No inventariada;;9;7;2;;;9;4;7;;;18;998
9;5;6;26;26089;;3;2;No inventariada;;9;4;2;;;1;4;1;;;1;998
9;5;10;26;26089;;3;2;No inventariada;;9;7;2;;;1;1;1;;;6;998
9;7;4;26;26089;;1;1;LO-20;14,3;3;14;2;;;1;6;1;;;1;1