MES;DIA_SEMANA;HORA;COD_PROVINCIA;COD_MUNICIPIO;ISLA;ZONA;ZONA_AGRUPADA;CARRETERA;KM;TIPO_VIA;TIPO_ACCIDENTE;NUDO;NUDO_INFO;CARRETERA_CRUCE;CONDICION_FIRME;CONDICION_ILUMINACION;CONDICION_METEO;CONDICION_NIEBLA;CONDICION_VIENTO;VISIB_RESTRINGIDA_POR;TRAZADO_PLANTA
9;7;21;26;26089;;3;2;No inventariada;;9;4;2;;;1;4;1;;;1;998
9;1;11;26;26089;;3;2;No inventariada;;9;10;2;;;1;1;1;;;1;998
9;4;16;26;26089;;3;2;No inventariada;;9;3;2;;;1;1;1;;;18;998
9;1;19;26;26089;;4;2;A-13;1,05;3;4;2;;;1;1;1;;;1;1
10;2;17;26;26089;;1;1;LR-131;2,8;5;2;2;;;1;1;1;;;1;1
9;5;14;26;26089;;3;2;No inventariada;;9;2;1;4;;1;1;1;;;1;998
10;4;20;26;26089;;4;2;A-13;1;3;4;2;;;1;4;1;;;1;1
9;7;18;26;26089;;3;2;No inventariada;;9;10;1;5;;1;1;1;;;1;998
8;4;22;26;26089;;3;2;No inventariada;;9;10;1;4;;7;4;1;;;1;998
10;2;16;26;26089;;3;2;No inventariada;;9;4;1;1;;1;1;1;;;1;998
10;5;17;26;26089;;3;2;No inventariada;;9;16;2;;;1;1;1;;;1;998
10;1;14;26;26084;;1;1;AP-68;124,5;1;14;2;;;3;1;3;;1;1;2
10;5;15;26;26089;;3;2;No inventariada;;9;7;2;;;1;1;1;;;1;998
10;3;20;26;26089;;3;2;No inventariada;;9;2;1;2;;3;4;4;;;5;998
9;7;22;26;26089;;3;2;No inventariada;;9;10;1;2;;9;5;7;;;18;998
10;5;20;26;26089;;3;2;No inventariada;;9;7;1;4;;1;4;1;;;1;998
10;3;9;26;26089;;1;1;N-111;324;5;4;1;4;;1;1;2;;;1;1
10;4;21;26;26089;;3;2;No inventariada;;9;2;1;4;;1;4;1;;;1;998
10;2;13;26;26089;;3;2;No inventariada;;9;4;1;4;;1;1;2;;;1;998
10;1;18;26;26089;;3;2;No inventariada;;9;7;2;;;1;1;1;;;1;998
10;3;19;26;26089;;3;2;No inventariada;;9;7;2;;;4;3;4;;;5;998
10;1;8;26;26089;;3;2;No inventariada;;9;4;1;4;;1;1;1;;;1;998
10;4;13;26;26089;;3;2;No inventariada;;9;7;1;1;;1;1;1;;;6;998
10;3;13;26;26089;;3;2;No inventariada;;9;5;1;4;;1;1;1;;;1;998
10;4;13;26;26089;;3;2;No inventariada;;9;2;1;4;;1;1;1;;;1;998
10;4;18;26;26089;;3;2;No inventariada;;9;4;2;;;1;1;2;;;1;998
10;6;0;26;26089;;1;1;N-111;322;6;1;2;;;1;6;1;;;5;1
10;2;22;26;26089;;3;2;No inventariada;;9;10;1;1;;3;4;3;;;18;998
10;5;21;26;26089;;3;2;No inventariada;;14;7;2;;;1;3;2;;;1;998
10;5;20;26;26089;;3;2;No inventariada;;9;4;2;;;1;4;1;;;1;998
10;7;21;26;26089;;4;2;A-13;1,1;3;12;2;;;3;4;3;;;18;1
10;5;10;26;26089;;3;2;No inventariada;;9;2;1;1;;1;1;1;;;1;998
10;4;8;26;26089;;3;2;No inventariada;;9;20;1;4;;1;1;1;;;1;998
10;6;20;26;26089;;3;2;No inventariada;;9;7;2;;;1;4;2;;;1;998
10;5;15;26;26089;;4;2;LO-20;7,2;3;12;2;;;3;1;3;;;1;2
10;4;20;26;26089;;3;2;No inventariada;;9;2;2;;;1;2;1;;;1;998
10;7;16;26;26089;;3;2;No inventariada;;9;2;1;1;;1;1;1;;;1;998
10;5;11;26;26089;;3;2;No inventariada;;9;7;1;2;;3;1;3;;;1;998
10;6;11;26;26089;;3;2;No inventariada;;9;2;1;4;;3;1;2;;;1;998
10;6;20;26;26089;;3;2;No inventariada;;9;2;1;4;;3;4;3;;;5;998
10;3;20;26;26089;;3;2;No inventariada;;9;7;2;;;3;3;2;;;1;998
11;1;12;26;26089;;3;2;No inventariada;;9;4;2;;;1;1;1;;;1;998
11;2;14;26;26089;;3;2;No inventariada;;9;3;2;;;1;1;1;;;1;998
11;3;21;26;26168;;1;1;LR-250;1;5;4;2;;;1;6;2;;;1;1
11;1;16;26;26089;;3;2;No inventariada;;9;7;1;4;;1;2;1;;;1;998
11;1;11;26;26089;;3;2;No inventariada;;9;7;1;1;;1;1;1;;;18;998
11;3;9;26;26089;;3;2;No inventariada;;9;7;1;1;;1;1;1;;;6;998
11;3;12;26;26089;;3;2;No inventariada;;9;7;2;;;1;1;1;;;1;998
11;3;18;26;26089;;3;2;No inventariada;;9;4;1;2;;1;4;1;;;1;998
11;3;15;26;26089;;1;1;N-111a;335;6;3;1;7;;1;1;2;;;1;2
11;5;15;26;26089;;3;2;No inventariada;;9;2;1;4;;1;1;1;;;1;998
11;3;20;26;26089;;3;2;No inventariada;;9;10;1;2;;1;1;1;;;1;998
11;1;18;26;26089;;4;2;LO-20;9,6;3;4;2;;;1;4;2;;;1;1
11;3;18;26;26089;;3;2;No inventariada;;9;2;2;;;1;4;1;;;1;998
9;6;21;26;26089;;3;2;No inventariada;;9;10;2;;;8;5;1;;;18;998
9;7;23;26;26089;;3;2;No inventariada;;9;7;2;;;1;4;1;;;18;998
11;4;13;26;26089;;3;2;No inventariada;;9;20;1;4;;1;1;1;;;1;998
11;7;21;26;26089;;3;2;No inventariada;;9;2;1;2;;1;4;1;;;1;998
11;5;7;26;26089;;3;2;No inventariada;;9;2;1;4;;1;2;2;;;1;998
11;7;16;26;26089;;3;2;No inventariada;;9;2;1;4;;1;1;1;;;1;998
11;5;12;26;26089;;3;2;No inventariada;;9;7;1;1;;1;1;1;;;1;998
11;4;22;26;26089;;3;2;No inventariada;;9;2;1;4;;1;4;2;;;1;998
11;1;19;26;26089;;4;2;A-13;1;3;4;1;10;;1;3;1;;;1;1
11;2;19;26;26089;;1;1;N-111;323;5;4;2;;;1;5;1;;;1;1
11;5;15;26;26089;;3;2;No inventariada;;9;2;1;4;;1;1;1;;;1;998
11;4;19;26;26089;;3;2;No inventariada;;9;2;1;2;;1;3;1;;;1;998
11;3;13;26;26089;;3;2;No inventariada;;9;2;1;2;;1;1;1;;;1;998
11;1;7;26;26089;;3;2;No inventariada;;9;20;2;;;1;4;2;;;1;998
11;1;10;26;26089;;3;2;No inventariada;;9;7;1;2;;1;1;1;;;1;998
11;2;12;26;26089;;3;2;No inventariada;;9;7;2;;;1;1;1;;;1;998
11;1;14;26;26089;;3;2;No inventariada;;9;2;1;4;;3;1;1;;;1;998
11;5;20;26;26089;;3;2;No inventariada;;9;2;1;4;;1;3;1;;;1;998
11;2;13;26;26089;;3;2;No inventariada;;9;4;1;2;LO-20;1;1;1;;;1;998
11;3;19;26;0;;1;1;LO-20;16;3;4;2;;;1;6;1;;;1;1
11;3;8;26;26089;;3;2;No inventariada;;9;2;1;1;;1;1;1;;;1;998
11;4;15;26;26089;;3;2;No inventariada;;9;2;2;;;1;1;1;;;2;998
11;4;18;26;26089;;1;1;LO-20;7,5;3;4;2;;;1;3;1;;;1;1
11;5;8;26;26089;;3;2;No inventariada;;9;2;2;;;1;1;1;;;1;998
11;4;11;26;26089;;3;2;No inventariada;;9;7;1;1;;1;1;1;;;1;998
12;3;4;26;26089;;3;2;No inventariada;;9;10;1;1;;3;4;2;;;1;998
11;5;18;26;26089;;4;2;A-13;1,5;3;5;2;;;1;4;1;;;1;1
12;3;17;26;26089;;3;2;No inventariada;;9;2;2;;;1;3;1;;;1;998
11;5;17;26;26089;;3;2;No inventariada;;9;4;1;4;;1;1;1;;;1;998
12;3;6;26;26089;;3;2;No inventariada;;9;2;1;4;;1;4;1;;;1;998
12;3;16;26;26089;;3;2;No inventariada;;9;2;1;4;;1;1;1;;;1;998
12;7;11;26;26089;;1;1;LO-20;12;3;19;2;;;3;1;2;;;1;2
11;3;11;26;26089;;3;2;No inventariada;;9;7;2;;;1;1;1;;;11;998
12;7;11;26;26089;;3;2;No inventariada;;9;7;2;;;3;1;2;;;1;998
11;3;18;26;26089;;4;2;LO-20;8;3;5;2;;;1;3;1;;;1;1
12;1;11;26;26089;;3;2;No inventariada;;9;1;2;;;1;1;1;;;1;998
11;2;22;26;26089;;1;1;LO-20;5,85;3;2;2;;;1;4;1;;;1;1
12;5;18;26;26089;;3;2;No inventariada;;9;10;2;;;1;4;3;;;1;998
12;3;8;26;26089;;3;2;No inventariada;;9;7;2;;;3;3;2;;;5;998
12;5;11;26;26089;;3;2;No inventariada;;9;7;2;;;3;1;3;;;10;998
12;6;11;26;26089;;3;2;No inventariada;;9;10;2;;;8;1;2;;;1;998
12;1;7;26;26089;;3;2;No inventariada;;9;3;1;1;;1;4;2;;;1;998
12;4;19;26;26089;;3;2;No inventariada;;9;4;1;4;;1;4;2;;;1;998
12;3;15;26;26089;;3;2;No inventariada;;9;2;1;4;;1;1;2;;;1;998
12;7;19;26;26089;;3;2;No inventariada;;9;4;1;4;;1;4;2;;;1;998
12;1;20;26;26089;;3;2;No inventariada;;9;10;2;;;7;4;2;;;1;998
12;1;20;26;26089;;3;2;No inventariada;;9;10;1;1;;7;4;2;;;1;998
12;3;22;26;26089;;1;1;LO-20;13,195;3;12;2;;;1;6;1;;;1;1
12;3;9;26;26089;;3;2;No inventariada;;9;2;1;4;;1;1;1;;;1;998
12;4;8;26;26089;;3;2;No inventariada;;9;7;2;;;1;3;1;;;1;998
12;5;12;26;26089;;3;2;No inventariada;;9;10;2;;;3;1;3;;;1;998
12;1;17;26;26089;;4;2;LO-20;8,4;3;4;2;;;3;1;2;;;1;1
12;1;19;26;26089;;4;2;A-13;1;3;15;2;;;3;4;2;;;1;2
12;5;13;26;26089;;3;2;No inventariada;;9;7;2;;;1;1;1;;;1;998
12;5;19;26;26089;;3;2;No inventariada;;9;4;2;;;1;4;1;;;1;998
12;7;0;26;26089;;3;2;No inventariada;;9;10;2;;;3;4;2;1;;1;998
12;6;21;26;26089;;3;2;No inventariada;;9;2;2;;;1;4;1;;;9;998
12;3;12;26;26089;;3;2;No inventariada;;9;10;2;;;1;1;2;;;1;998
12;1;18;26;26089;;3;2;No inventariada;;9;4;2;;;1;1;1;;;1;998
4;6;13;26;0;;1;1;N-111;272,2;6;15;2;;;1;1;1;;;1;2
4;7;13;26;0;;1;1;N-111;275,6;6;18;2;;;1;1;1;;;1;2
4;7;11;26;0;;1;1;N-111;275,6;6;16;2;;;1;1;1;;;1;2
7;6;15;26;0;;1;1;N-111;274,05;6;3;1;1;LR-456;1;6;1;;;1;1
8;6;5;26;0;;1;1;N-111;270,7;6;8;2;;;1;6;1;;;12;1
12;7;13;26;0;;1;1;LR-113;35,5;6;10;2;;;1;1;1;;;4;2
9;7;9;26;0;;1;1;LR-331;2,8;6;18;2;;;3;1;2;;;1;2
3;7;12;26;0;;3;2;No inventariada;;14;10;2;;;2;1;1;;;1;998
9;1;16;26;0;;1;1;PISTA DE S;1,749;14;13;2;;;2;1;1;;;1;3
1;2;9;26;0;;1;1;LR-259;5,2;6;4;2;;;1;1;1;;;1;1
4;7;8;26;0;;1;1;LR-259;4,8;6;14;2;;;1;1;1;;;1;1
6;3;17;26;0;;3;2;No inventariada;;9;7;1;2;;1;1;1;;;1;998
9;6;4;26;0;;3;2;No inventariada;;9;7;2;;;1;4;1;;;1;998
9;2;5;26;0;;1;1;AP-68;150,1;1;18;2;;;1;6;1;;;1;1
9;3;19;26;0;;2;2;LR-259;8,25;6;10;1;2;LR-261;1;1;1;;;2;2
12;6;11;26;0;;1;1;LR-261;3,8;6;16;1;2;;1;1;1;;;1;1
1;3;5;26;26102;;1;1;LR-113;65,7;8;2;1;7;A-12;1;6;1;;;1;2
5;3;1;26;26102;;1;1;LR-113;65,9;6;12;1;4;;3;6;3;;;1;2
5;5;18;26;26102;;1;1;N-120;23,4;6;20;1;1;;1;1;1;;;1;1
5;1;20;26;26102;;1;1;A-12;110,388;3;16;2;;;3;1;3;;;1;3
7;1;1;26;26102;;1;1;LR-208;1,5;6;14;2;;;1;6;1;;;4;2
9;7;16;26;26102;;1;1;A-12;109,8;3;16;2;;;1;1;1;;;1;1
9;4;18;26;26102;;3;2;No inventariada;;9;7;2;;;1;1;1;;;6;998
10;2;6;26;26102;;3;2;No inventariada;;9;19;2;;;1;3;2;;;1;998
2;4;10;26;0;;1;1;N-111;313;7;4;2;;;1;1;2;;;1;1
3;3;18;26;0;;3;2;No inventariada;;9;6;2;;;8;1;1;;;1;998
7;4;12;26;0;;1;1;N-111;307,7;6;12;2;;;1;1;1;;;1;1
1;6;12;26;0;;1;1;LR-254;1,5;6;2;1;2;;1;1;1;;;1;1
1;6;12;26;0;;1;1;LR-137;12,7;6;3;1;4;A-12;1;1;1;;;16;2
6;4;13;26;0;;3;2;No inventariada;;9;2;1;2;;1;1;1;;;1;998
6;2;17;26;0;;3;2;No inventariada;;9;2;1;4;;1;1;1;;;1;998
6;7;13;26;0;;1;1;N-120;10,133;6;3;1;2;;1;1;1;;;1;1
6;1;13;26;0;;3;2;No inventariada;;9;10;2;;;2;1;1;;;4;998
5;2;21;26;0;;1;1;N-111;298,9;6;19;2;;;3;6;4;;;1;1
12;5;12;26;0;;1;1;N-111;297,7;6;1;2;;;3;1;2;;;1;2
4;7;10;26;0;;1;1;LR-201;13,35;6;18;2;;;1;1;2;;;1;1
2;3;14;26;0;;2;2;LR-111;13,526;6;12;2;;;1;1;1;;;1;1
2;4;5;26;0;;1;1;N-232;368,7;6;18;2;;;1;6;1;;;1;1
3;5;7;26;0;;3;2;No inventariada;;9;7;2;;;2;2;1;;;1;998
12;4;10;26;0;;1;1;N-232;368,823;6;2;2;;;3;1;2;;;1;2
8;7;13;26;0;;1;1;N-111;285,5;6;12;2;;;1;1;1;;;4;2
1;2;9;26;0;;1;1;LR-281;0,133;6;16;2;;;1;1;1;;;1;2
7;7;9;26;0;;3;2;No inventariada;;9;4;2;;;1;1;1;;;1;998
2;5;5;26;0;;1;1;N-232;382,7;6;1;2;;;3;6;2;;;1;1
5;1;7;26;0;;1;1;LR-250;13,9;6;3;2;;;1;1;2;;;1;1
6;7;9;26;0;;1;1;LR-250;16,275;6;16;2;;;1;1;1;;;1;2
11;6;15;26;0;;1;1;LR-346;2,4;6;15;2;;;3;1;1;;;4;2
7;3;22;26;0;;1;1;LR-115;46,613;6;19;1;4;;1;4;1;;;1;1
10;7;15;26;0;;1;1;LR-495;0,57;6;2;1;2;;1;1;1;;;1;3
10;7;15;26;0;;1;1;No inventariada;0;10;10;2;;;2;1;1;;;1;3
12;6;22;26;0;;1;1;N-232;349;6;12;2;;;3;6;3;;1;1;1
4;7;12;26;0;;1;1;N-232;448,727;6;15;2;;;1;1;1;;;1;2
7;5;16;26;0;;1;1;N-232;449,3;6;2;1;1;LR-203;1;1;1;;;1;1
10;5;12;26;0;;1;1;LR-207;4,1;6;18;2;;;1;1;1;;;1;1
1;6;22;26;0;;1;1;N-232;439,205;6;12;2;;;3;6;3;;;4;2
5;4;8;26;0;;1;1;N-232;437,1;6;12;2;;;3;1;2;;;1;1
2;4;15;26;0;;1;1;No inventariada;0,5;10;19;2;;;2;1;1;;;12;1
12;1;6;26;0;;1;1;LR-259;17;6;15;2;;;3;6;2;2;;5;2
2;4;18;26;26138;;3;2;No inventariada;;9;7;2;;;3;5;4;;;5;998
3;6;11;26;26138;;3;2;No inventariada;;9;7;1;2;;1;1;1;;;1;998
4;7;14;26;0;;1;1;N-120;43,4;6;2;1;1;;1;1;1;;;1;1
5;4;16;26;26138;;3;2;No inventariada;;14;2;1;1;;1;1;1;;;1;998
7;4;14;26;26138;;3;2;No inventariada;;14;7;1;1;;1;1;1;;;1;998
8;5;15;26;26138;;1;1;A-12;131,6;3;12;2;;;1;1;2;;;10;2
8;3;12;26;26138;;3;2;No inventariada;;9;7;2;;;1;1;1;;;11;998
8;2;17;26;26138;;3;2;No inventariada;;14;10;2;;;7;1;1;;;1;998
5;4;18;26;26138;;3;2;No inventariada;;9;2;1;1;;1;1;1;;;9;998
3;7;18;26;0;;1;1;LR-111;17,35;6;1;2;;;1;1;1;;;1;3
6;5;10;26;0;;2;2;LR-210;4,2;6;4;2;;;1;1;1;;;1;1
9;7;19;26;0;;1;1;LR-317;5,832;6;10;2;;;2;1;1;;;1;3
10;1;10;26;0;;1;1;LR-341;14,9;6;14;1;2;;2;1;3;;;1;1
6;7;13;26;0;;1;1;LR-250;23,5;6;10;2;;;1;1;1;;;1;2
8;1;18;26;0;;1;1;LR-250;21,9;6;16;2;;;1;1;1;;;4;2
9;5;22;26;0;;3;2;No inventariada;;9;7;2;;;1;4;1;;;1;998
7;6;22;26;0;;1;1;N-111;291,75;6;12;2;;;1;6;1;;;1;2
7;7;10;26;0;;1;1;N-111;291,8;6;2;2;;;1;1;1;;;1;2
8;7;16;26;0;;1;1;N-111;295,5;6;16;1;2;LR-330;1;1;1;;;1;2
8;2;17;26;0;;1;1;N-232;431,8;6;12;2;;;1;1;1;;;1;2
9;6;11;26;0;;1;1;N-232;432,6;6;17;2;;;3;1;2;;;4;2
5;3;12;26;0;;1;1;LR-304;10,422;6;2;2;;;1;1;1;;;4;3
7;1;17;26;0;;1;1;LR-429;0,968;6;16;2;;;1;1;1;;;1;3
11;5;21;26;0;;1;1;LR-111;8,053;6;8;2;;;1;6;1;;;1;1
5;4;13;26;0;;1;1;LR-113;32,821;6;2;2;;;1;1;1;;;1;2
9;3;17;26;0;;1;1;A-12;101,864;3;3;2;;;1;1;1;;;1;1
1;3;16;26;0;;1;1;N-111;301,95;6;3;1;2;;1;1;1;;;1;1
1;4;8;26;26168;;1;1;LR-250;3,5;6;1;2;;;3;1;1;;;4;1
1;7;20;26;26168;;3;2;No inventariada;;9;7;2;;;3;4;1;;;1;998
1;6;12;26;26168;;1;1;LR-250;3,955;6;20;1;4;LR-255;1;1;1;;;1;2
2;5;10;26;26168;;3;2;No inventariada;;9;2;1;2;;3;1;3;;;1;998
2;2;8;26;26089;;2;2;LR-443;0,8;6;7;2;;;1;1;1;;;6;1
3;3;14;26;26168;;3;2;No inventariada;;9;2;1;2;;1;1;2;;;1;998
6;6;10;26;26089;;1;1;LR-443;1,23;6;16;1;4;LR-443;1;1;2;;;1;2
7;3;18;26;26168;;3;2;No inventariada;;9;2;1;1;;1;1;1;;;6;998
7;7;13;26;26168;;3;2;No inventariada;;9;7;1;2;;1;1;1;;;1;998
10;6;22;26;26168;;1;1;LR-250;0,4;10;10;2;;;2;6;1;;;2;1
11;7;6;26;26168;;1;1;LR-250;1;5;10;2;;;1;6;1;;;1;1
12;7;6;26;26168;;1;1;LR-250;1;6;19;1;4;LR-443;1;4;1;1;;1;2
4;5;7;26;0;;1;1;N-232;370,3;6;4;2;;;1;1;1;;;1;1
9;3;21;26;0;;1;1;N-232;370,443;6;4;2;;;1;6;1;;;12;1
2;7;16;26;0;;1;1;LR-123;33,8;6;19;1;2;LR-488;1;1;2;;;1;2
2;7;14;26;0;;1;1;LR-113;28,762;6;19;2;;;1;1;1;;;1;3
11;7;22;26;0;;1;1;LR-203;5,5;6;18;2;;;1;6;1;;;1;3
12;3;20;26;0;;2;2;LR-203;4,3;6;14;2;;;1;6;1;;;1;1
10;1;20;27;0;;1;1;LU-P-0101;2,5;6;8;1;1;;1;6;1;;;1;1
12;1;4;27;0;;1;1;A-8;560,518;3;14;2;;;1;6;1;;;18;1
11;4;18;27;27019;;1;1;LU-P-6303;3,1;6;18;2;;;1;6;1;;;1;1
11;7;14;27;0;;1;1;LU-160;18,28;6;2;1;1;LU-P-S/N;1;1;2;;;1;1
12;2;15;27;0;;1;1;LU-161;18,15;6;3;1;12;;1;1;1;;;1;1
9;7;20;27;0;;1;1;N-640;137,547;6;4;2;;;1;1;1;;;1;1
5;7;10;27;0;;1;1;LU-530;38,545;6;15;2;;;1;1;2;;;1;3
5;5;15;27;0;;1;1;CAMINO VEC;0,5;10;7;2;;;1;1;1;;;4;1
7;2;9;27;0;;1;1;LU-530;29,562;6;2;1;4;LU-710;1;1;2;;;1;2
6;5;14;27;0;;1;1;LU-0000;0,4;14;1;1;1;;1;1;1;;;1;2
7;7;11;27;0;;1;1;LU-P-0610;5,25;6;2;2;;;1;1;1;;;1;1
7;1;17;27;0;;1;1;LU-P-0610;3,022;6;1;2;;;1;1;2;;;1;1
4;7;15;27;0;;1;1;A-6;450;3;12;2;;;1;1;1;;;1;1
2;5;7;27;0;;1;1;A-6;516,308;3;4;2;;;3;2;3;;;4;1
2;7;18;27;0;;1;1;LU-541;1,419;6;12;2;;;1;6;1;;;1;1
4;2;11;27;0;;1;1;N-6;523,4;6;3;1;5;LU-P-1611;1;1;1;;;1;1
5;7;5;27;0;;1;1;LU-P-1611;72,55;6;19;2;;;3;6;3;;;1;1
5;2;14;27;0;;1;1;A-8;592,4;3;18;1;2;A-6;3;1;3;;;1;1
5;6;0;27;0;;1;1;LU S/N;0,2;10;14;2;;;3;6;3;;;5;3
10;3;10;27;0;;1;1;N-6;523,4;6;2;1;5;LU-P-1611;3;1;4;;;1;1
11;3;11;27;0;;1;1;A-6;523,46;3;12;2;;;1;1;1;;;1;1
12;4;9;27;0;;1;1;A-6;516,45;3;14;2;;;3;1;2;2;1;5;2
1;6;17;27;0;;1;1;LU-901;10,5;6;15;2;;;1;1;1;;;1;1
2;5;15;27;0;;1;1;LU-P-1001;0,335;6;20;2;;;3;1;3;;;1;3
3;5;15;27;0;;1;1;N-540;61,1;6;9;1;4;A-56;3;1;3;;;1;2
9;1;21;27;0;;1;1;N-540;62,188;6;4;2;;;1;4;1;;;1;1
2;4;14;27;27010;;1;1;LU-P-1611;88,15;6;2;2;;;3;2;1;;;1;1
9;6;11;27;27010;;1;1;N-640;70,5;6;4;2;;;1;1;1;;;1;1
10;3;8;27;27010;;1;1;LU-P-1611;92,839;6;7;2;;;3;6;3;1;;1;1
12;2;15;27;27010;;1;1;N-640;69,1;6;2;1;1;;1;1;1;;;1;3
4;5;20;27;0;;1;1;LU-530;23,354;6;16;2;;;3;1;3;;;18;1
9;1;19;27;0;;2;2;LU-530;20,58;6;7;2;;;1;2;1;;;6;1
12;5;18;27;0;;1;1;LU-530;24,4;6;7;2;;;1;6;1;;;4;1
4;1;10;27;0;;1;1;LU-P-0702;5,918;6;1;2;;;3;1;2;;;4;3
1;3;7;27;0;;1;1;LU-0000;0,6;10;8;2;;;9;6;7;;;18;1
6;5;13;27;0;;1;1;N-642;47,711;6;2;2;;;1;1;1;;;4;3
8;4;19;27;0;;1;1;LU-0000;0,6;10;19;2;;;1;1;1;;;4;3
10;5;21;27;0;;1;1;N-642;54,5;6;2;1;2;LU-143;1;4;1;;;1;1
10;4;8;27;0;;1;1;N-642;52;6;8;2;;;1;2;1;;;1;1
12;7;12;27;0;;1;1;LU-0000;0,5;10;1;2;;;1;1;1;;;4;3
3;4;21;27;0;;1;1;A-6;475,5;3;7;2;;;3;6;3;;;1;1
3;6;22;27;0;;1;1;LU-546;10,2;6;8;2;;;3;6;4;;;1;1
6;5;23;27;0;;1;1;CG-2.2;11,15;6;12;2;;;1;6;1;;;1;1
7;5;8;27;0;;1;1;LU-546;11,025;5;14;2;;;1;1;1;;;1;1
8;3;16;27;0;;1;1;N-6;488,024;6;2;2;;;1;1;1;;;1;1
10;3;15;27;0;;1;1;LU-P-1611;4,457;6;1;2;;;3;1;3;;;1;3
10;5;12;27;0;;1;1;N-6;489;6;2;2;;;3;1;3;;;1;1
10;1;12;27;0;;1;1;N-6;481,96;6;15;2;;;1;1;1;;;1;1
10;2;19;27;0;;1;1;LU-546;9,2;6;8;2;;;1;6;1;;;1;1
12;2;6;27;0;;1;1;A-6;483,836;3;15;2;;;3;3;2;;;1;1
5;7;6;27;0;;1;1;LU-P-1701;8,8;6;19;2;;;1;4;1;;;1;2
6;7;0;27;0;;1;1;LU-111;7,4;6;18;2;;;1;6;1;;;1;3
5;4;8;27;0;;1;1;LU-P-1706;3,258;6;19;2;;;3;1;3;;;4;3
7;5;23;27;0;;1;1;LU-111;7,4;6;12;2;;;1;6;1;;;1;2
8;2;13;27;0;;1;1;LU-113;7,8;6;1;2;;;1;1;1;;;1;1
8;6;14;27;27010;;1;1;LU-P-1105;1,283;6;15;2;;;1;1;1;;;1;3
8;7;11;27;0;;1;1;LU-113;14,347;6;19;2;;;1;1;1;;;1;1
9;6;14;27;0;;1;1;LU-P-1611;74,9;6;2;1;2;;1;1;1;;;1;1
11;7;12;27;0;;1;1;LU-P-6501;4,5;6;8;2;;;1;1;1;;;1;1
3;2;14;27;27016;;1;1;LU-P-1801;11,604;6;10;2;;;1;1;2;;;1;3
3;6;16;27;27016;;1;1;LU-P-1809;3,485;6;12;2;;;1;1;1;;;1;3
3;4;11;27;27016;;1;1;LU-P-1803;1,729;6;12;2;;;3;1;4;;;4;3
1;1;9;27;27016;;3;2;No inventariada;;9;2;1;1;;1;1;1;;;1;998
5;1;7;27;27016;;1;1;LU-533;2,79;6;2;2;;;3;1;6;;;1;1
6;5;14;27;0;;1;1;LU-P-5819;1,321;6;3;2;;;1;1;1;;;4;2
9;5;16;27;27016;;1;1;N-540;59,1;6;18;2;;;3;1;3;;;1;2
10;4;20;27;27016;;1;1;LU-533;2,5;6;12;1;2;LU S/N;1;6;1;;;1;1
12;2;16;27;27016;;1;1;N-540;49,8;6;4;2;;;1;1;1;;;1;1
11;2;16;27;0;;1;1;LU S/N;0,1;10;14;1;2;;1;1;1;;;4;1
3;1;21;27;0;;1;1;LU-721;4,943;6;10;2;;;1;6;1;;;1;1
6;6;12;27;0;;1;1;LU-701;4,88;6;14;2;;;1;1;2;1;;1;2
8;5;18;27;0;;1;1;LU-530;49,391;6;19;2;;;1;1;1;;;1;1
8;1;10;27;0;;1;1;LU-530;57,567;6;7;2;;;1;1;1;;;18;1
8;6;18;27;0;;1;1;LU-530;43,2;6;10;2;;;1;1;1;;;1;2
1;3;7;27;27019;;1;1;N-642;31,55;6;2;2;;;3;6;4;;;1;2
1;1;16;27;27019;;1;1;N-642;39,5;6;2;2;;;1;1;1;;;1;1
2;7;14;27;27019;;1;1;N-642;28,9;6;16;2;;;1;1;1;;;1;2
3;5;10;27;27019;;1;1;N-642;34,6;6;4;2;;;1;1;1;;;1;1
4;2;15;27;27019;;1;1;N-642;40,7;6;4;2;;;1;1;1;;;2;1
7;1;10;27;27019;;1;1;N-642;40,95;6;2;1;1;LU-162;1;1;1;;;1;1
8;2;18;27;27019;;1;1;N-642;40,95;6;7;2;;;1;1;1;;;1;1
10;1;14;27;27019;;1;1;LU-152;10,1;6;12;2;;;1;1;1;;;1;1
2;7;18;27;0;;1;1;LU-934;7,9;6;8;2;;;1;1;1;;;12;1
6;6;22;27;0;;1;1;LU-232;14,375;6;18;2;;;1;6;1;;;1;1
6;3;11;27;0;;1;1;LU-P-0000;75,805;10;10;2;;;2;1;1;;;1;3
8;5;21;27;0;;1;1;LU-231;4,776;6;18;2;;;1;2;1;;;1;2
10;4;20;27;0;;1;1;LU-934;10,1;6;18;2;;;2;6;3;;;1;2
4;5;16;27;27065;;1;1;AG-64;46,38;3;12;2;;;3;1;3;;;1;1
8;5;20;27;0;;1;1;LU-861;18,95;6;2;2;;;1;1;1;;;1;1
10;6;11;27;0;;1;1;LU-540;36,5;6;1;1;2;LU-P-2202;3;1;4;;;5;1
2;6;4;27;27022;;1;1;A-6;526,9;3;12;2;;;3;6;3;;;1;1
2;1;12;27;27022;;1;1;A-6;530,5;3;14;2;;;3;1;3;;;1;1
3;6;11;27;27022;;1;1;LU-P-2301;3,4;6;19;2;;;3;1;4;;;18;1
3;4;9;27;27022;;1;1;A-6;536,712;3;4;2;;;1;1;1;;;1;1
4;4;8;27;27022;;1;1;LU-P-2301;5,5;6;19;2;;;1;1;2;;;1;1
4;7;11;27;27022;;1;1;N-6;535,2;6;2;1;5;;1;1;1;;;1;1
5;4;17;27;27022;;1;1;N-6;543,73;6;2;2;;;1;1;1;;;1;1
8;6;20;27;27022;;1;1;No inventariada;0,01;10;7;2;;;1;1;1;;;1;1
9;1;20;27;27022;;1;1;LU-P-2101;16,646;6;2;2;;;1;1;1;;;1;1
1;3;19;27;27028;;1;1;N-540;11,234;6;2;2;;;1;6;1;;;2;1
2;6;19;27;0;;1;1;LU-P-2405;0,435;6;16;2;;;3;6;3;;;1;3
4;5;10;27;0;;1;1;N-540;17,15;6;10;2;;;2;1;1;;;1;1
6;6;9;27;0;;1;1;LU-SN;0;14;20;2;;;1;1;1;;;1;1
11;5;16;27;0;;1;1;N-540;13,636;6;2;1;1;LU-P-1611;1;1;1;;;18;1
5;2;11;27;0;;1;1;LU-P-2505;1,662;6;18;2;;;3;1;4;1;;4;3
6;2;12;27;0;;2;2;LU-862;95,577;6;7;2;;;3;1;3;1;;1;1
1;6;22;27;0;;1;1;LU-P-000;1,1;10;12;1;1;;3;6;2;;;1;1
5;6;22;27;0;;1;1;N-634;579,171;6;1;2;;;1;6;1;;;1;2
1;5;22;27;27028;;3;2;No inventariada;;9;2;1;4;;3;4;2;1;;1;998