MES;DIA_SEMANA;HORA;COD_PROVINCIA;COD_MUNICIPIO;ISLA;ZONA;ZONA_AGRUPADA;CARRETERA;KM;TIPO_VIA;TIPO_ACCIDENTE;NUDO;NUDO_INFO;CARRETERA_CRUCE;CONDICION_FIRME;CONDICION_ILUMINACION;CONDICION_METEO;CONDICION_NIEBLA;CONDICION_VIENTO;VISIB_RESTRINGIDA_POR;TRAZADO_PLANTA
1;2;19;27;27028;;3;2;No inventariada;;9;7;1;2;;3;4;3;;;1;998
1;3;19;27;27028;;1;1;LU-530;6,5;6;15;2;;;3;6;4;;;5;2
1;4;7;27;27028;;3;2;No inventariada;;9;7;1;2;;3;4;3;;;5;998
1;5;18;27;27028;;3;2;No inventariada;;9;7;1;1;;1;1;1;;;1;998
1;2;20;27;27028;;3;2;No inventariada;;9;7;1;1;;1;4;1;;;1;998
1;5;17;27;27028;;3;2;No inventariada;;9;2;2;;;1;1;1;;;1;998
1;6;20;27;27028;;3;2;No inventariada;;9;7;1;1;;1;3;2;;;1;998
1;5;17;27;27028;;3;2;No inventariada;;9;2;1;4;;1;2;1;;;1;998
1;1;19;27;27028;;3;2;No inventariada;;9;7;2;;;3;4;3;;;1;998
2;5;14;27;27028;;3;2;No inventariada;;14;16;2;;;3;1;4;;;5;998
1;4;14;27;27028;;3;2;No inventariada;;9;2;1;1;;3;1;1;;;1;998
2;1;17;27;27028;;1;1;N-640;85,6;6;4;2;;;1;1;1;;;1;2
2;6;14;27;27028;;3;2;No inventariada;;9;2;1;2;;1;1;1;;;1;998
2;6;16;27;27028;;3;2;No inventariada;;9;2;1;1;;3;1;3;;;18;998
3;5;19;27;27028;;3;2;No inventariada;;9;2;1;1;;3;4;3;;;1;998
3;5;19;27;27028;;3;2;No inventariada;;9;2;1;4;;3;4;3;;;17;998
2;7;13;27;27028;;3;2;No inventariada;;9;4;2;;;1;1;1;;;1;998
3;6;20;27;27028;;3;2;No inventariada;;9;12;2;;;3;4;1;;;1;998
3;5;18;27;27028;;3;2;No inventariada;;9;2;1;4;;3;1;4;;;5;998
3;3;7;27;27028;;1;1;A-54;9;3;3;2;;;3;1;1;;;1;3
3;2;12;27;27028;;3;2;No inventariada;;9;3;1;4;;1;1;1;;;1;998
3;1;15;27;27028;;3;2;No inventariada;;9;2;1;1;;1;1;1;;;1;998
2;6;18;27;27028;;3;2;No inventariada;;9;7;2;;;3;1;4;;;1;998
3;1;12;27;27028;;3;2;No inventariada;;9;2;1;2;;1;1;2;;;1;998
4;5;19;27;27028;;3;2;No inventariada;;9;7;1;2;;1;1;1;;;1;998
3;2;10;27;27028;;3;2;No inventariada;;9;7;2;;;1;1;2;;;16;998
3;5;22;27;27028;;3;2;No inventariada;;9;5;1;2;;3;4;3;;;1;998
4;2;17;27;27028;;3;2;No inventariada;;9;7;1;2;;1;1;2;;;1;998
4;3;16;27;27028;;1;1;N-640;84,1;6;4;2;;;1;1;7;;;18;1
4;1;16;27;27028;;3;2;No inventariada;;9;7;1;1;;1;1;1;;;1;998
4;2;20;27;27028;;3;2;No inventariada;;9;7;1;1;;1;1;1;;;1;998
4;7;8;27;0;;1;1;LU-P-2904;5,1;6;16;2;;;1;6;1;;;1;1
4;5;22;27;27028;;3;2;No inventariada;;9;2;1;1;;1;4;1;;;3;998
4;1;18;27;27028;;3;2;No inventariada;;9;2;2;;;1;1;1;;;1;998
4;2;20;27;27028;;3;2;No inventariada;;14;7;2;;;1;1;1;;;1;998
5;6;20;27;27028;;3;2;No inventariada;;9;7;2;;;1;1;1;;;1;998
5;4;14;27;27028;;3;2;No inventariada;;9;1;1;1;;1;1;1;;;9;998
5;1;12;27;27028;;1;1;A-6;498;3;4;2;;;1;1;1;;;1;1
5;3;19;27;27028;;1;1;N-640;86,5;6;7;2;;;1;1;1;;;1;1
5;2;9;27;27028;;3;2;No inventariada;;9;2;1;1;;1;1;1;;;1;998
5;5;23;27;27028;;3;2;No inventariada;;9;2;1;2;;1;4;1;;;1;998
5;2;20;27;27028;;3;2;No inventariada;;9;7;2;;;1;1;1;;;1;998
6;6;20;27;27028;;3;2;No inventariada;;9;2;1;1;;1;2;1;;;6;998
6;1;11;27;27028;;1;1;LU S/N;2,7;10;20;2;;;1;1;1;;;1;1
5;3;11;27;27028;;3;2;No inventariada;;9;7;2;;;1;1;1;;;1;998
6;1;14;27;27028;;3;2;No inventariada;;9;7;1;4;;1;1;1;;;1;998
6;2;19;27;27028;;3;2;No inventariada;;14;7;1;2;;1;1;1;;;1;998
5;2;13;27;27028;;3;2;No inventariada;;9;5;2;;;1;1;1;;;1;998
6;3;18;27;27028;;3;2;No inventariada;;9;2;2;;;1;1;1;;;1;998
6;1;18;27;27028;;3;2;No inventariada;;9;3;2;;;1;1;1;;;1;998
6;1;9;27;27028;;3;2;No inventariada;;9;20;2;;;1;1;1;;;1;998
6;5;22;27;27028;;3;2;No inventariada;;9;12;1;4;;1;3;2;;;1;998
7;4;22;27;27028;;3;2;No inventariada;;9;16;2;;;1;4;2;;;1;998
7;4;22;27;27028;;3;2;No inventariada;;9;2;2;;;1;1;1;;;1;998
7;6;12;27;27028;;1;1;A-6;490,675;3;18;2;;;1;1;1;;;1;3
7;3;22;27;27028;;3;2;No inventariada;;9;2;2;;;1;4;1;;;2;998
8;2;18;27;27028;;1;1;LU-530;12,15;6;2;2;;;1;1;1;;;1;1
8;4;19;27;27028;;3;2;No inventariada;;14;10;1;4;;1;1;1;;;1;998
8;7;14;27;27028;;1;1;LU-530;11,857;6;18;2;;;1;1;1;;;1;1
8;3;10;27;27028;;1;1;LU-P-2922;0,87;6;3;2;;;1;1;1;;;1;3
8;3;16;27;27028;;1;1;CG-2.2;0,85;6;12;2;;;1;1;1;;;1;1
6;6;2;27;27028;;3;2;No inventariada;;9;4;2;;;1;4;1;;;1;998
9;2;19;27;27028;;1;1;LU-P-SN;0,5;10;10;2;;;8;1;2;;;1;1
5;3;18;27;27028;;3;2;No inventariada;;9;7;1;1;;1;1;1;;;1;998
4;6;12;27;27028;;3;2;No inventariada;;9;7;1;1;;1;1;1;;;1;998
6;7;22;27;27028;;3;2;No inventariada;;9;7;1;4;;1;4;2;;;1;998
9;7;23;27;27028;;3;2;No inventariada;;9;3;1;4;;1;4;1;;;1;998
9;4;19;27;27028;;1;1;N-540;3,7;6;20;1;4;LU-12;3;1;2;;;1;2
6;5;13;27;27028;;3;2;No inventariada;;9;9;2;;;8;1;1;;;12;998
9;5;6;27;27028;;1;1;LU-11;2,062;6;16;1;4;;1;4;7;1;;1;4
8;3;21;27;27028;;3;2;No inventariada;;9;3;1;4;;1;1;1;;;1;998
9;7;12;27;27028;;1;1;LU-P-2902;1;6;15;2;;;1;1;1;;;1;2
9;6;23;27;27028;;3;2;No inventariada;;9;2;1;2;;1;4;2;;;1;998
10;5;17;27;27028;;3;2;No inventariada;;9;2;1;2;;1;1;2;;;1;998
9;5;13;27;27028;;3;2;No inventariada;;9;3;2;;;3;1;3;;;1;998
9;3;10;27;27028;;3;2;No inventariada;;9;7;2;;;1;1;1;;;1;998
10;2;19;27;27028;;3;2;No inventariada;;9;7;2;;;3;2;3;;;1;998
10;6;22;27;27028;;3;2;No inventariada;;9;10;2;;;3;4;3;;;1;998
10;6;14;27;27028;;1;1;A-6;495,527;3;12;2;;;3;1;2;;;1;1
10;4;15;27;27028;;3;2;No inventariada;;9;3;1;4;;1;1;2;;;1;998
10;7;17;27;27028;;1;1;A-6;491,5;3;18;2;;;1;6;1;;;1;1
10;3;23;27;27028;;3;2;No inventariada;;9;10;1;1;;7;4;3;;;1;998
10;6;12;27;27028;;3;2;No inventariada;;9;4;2;;;1;1;1;;;1;998
10;2;16;27;27028;;3;2;No inventariada;;9;7;2;;;3;1;3;;;9;998
10;2;9;27;27028;;3;2;No inventariada;;9;1;2;;;1;1;2;1;;1;998
9;3;22;27;27028;;3;2;No inventariada;;9;10;2;;;1;4;1;;;1;998
9;1;18;27;27028;;3;2;No inventariada;;9;7;2;;;1;1;1;;;1;998
9;2;21;27;27028;;3;2;No inventariada;;9;2;2;;;1;4;1;;;18;998
10;3;22;27;27028;;3;2;No inventariada;;9;2;1;1;;1;4;1;;;1;998
11;1;20;27;27028;;3;2;No inventariada;;9;7;2;;;3;4;2;;;18;998
10;6;12;27;27028;;3;2;No inventariada;;14;7;1;2;;1;1;1;;;1;998
11;3;20;27;27028;;3;2;No inventariada;;9;7;1;1;;1;4;1;;;9;998
11;7;11;27;27028;;1;1;N-6;505,5;6;3;1;4;;1;1;1;;;1;3
11;4;8;27;27028;;3;2;No inventariada;;9;10;2;;;3;1;4;;;1;998
11;4;11;27;27028;;3;2;No inventariada;;9;12;2;;;3;1;3;;;1;998
11;2;18;27;27028;;3;2;No inventariada;;9;2;2;;;1;4;1;;;1;998
11;4;19;27;27028;;3;2;No inventariada;;9;2;1;4;;1;4;1;;;1;998
12;7;18;27;27028;;3;2;No inventariada;;9;10;2;;;3;3;3;;;1;998
11;7;22;27;27028;;3;2;No inventariada;;9;1;1;2;;3;4;2;;;1;998
11;2;19;27;27028;;3;2;No inventariada;;9;2;1;2;;1;4;1;;;1;998
11;2;14;27;27028;;3;2;No inventariada;;9;10;1;2;;1;1;1;;;1;998
11;5;14;27;27028;;3;2;No inventariada;;9;20;2;;;1;1;2;;;18;998
12;6;22;27;27028;;3;2;No inventariada;;9;10;1;2;;3;4;3;;;1;998
12;6;20;27;27028;;1;1;N-6;500,1;6;5;2;;;3;5;1;;;1;1
1;4;13;27;0;;1;1;N-634;598,404;6;18;2;;;3;1;2;;;1;3
6;2;14;27;0;;1;1;LU-122;22,224;6;1;2;;;3;6;1;2;;5;1
10;1;9;27;0;;1;1;LU-P-3104;0,134;6;20;2;;;1;1;1;;;1;1
1;4;12;27;27031;;1;1;LU S/N;0,5;10;2;2;;;3;1;3;;;4;3
1;5;11;27;27031;;3;2;No inventariada;;9;2;1;4;;3;1;3;;;1;998
1;2;19;27;27031;;3;2;No inventariada;;9;7;1;4;;3;4;3;;;5;998
1;3;15;27;27031;;3;2;No inventariada;;9;2;2;;;1;1;1;;;1;998
4;3;9;27;27031;;3;2;No inventariada;;9;2;1;1;;1;1;1;;;1;998
4;7;21;27;27031;;1;1;LU-617;3,651;6;8;2;;;1;6;1;;;1;1
5;4;22;27;27031;;1;1;LU-617;1,752;6;8;2;;;3;6;3;;;1;1
5;3;17;27;27031;;1;1;LU-P-3204;1,308;6;2;1;1;;1;1;1;;;1;1
6;4;17;27;27031;;3;2;No inventariada;;9;2;2;;;1;1;1;;;1;998
6;3;20;27;27031;;1;1;LOCAL S/D;0,4;10;20;2;;;1;1;1;;;1;1
6;5;5;27;27031;;3;2;No inventariada;;9;4;1;2;;1;4;1;;;1;998
6;5;16;27;27031;;3;2;No inventariada;;9;2;1;2;;1;1;1;;;4;998
7;1;14;27;27031;;3;2;No inventariada;;9;2;1;1;;1;1;1;;;1;998
7;1;15;27;27031;;3;2;No inventariada;;9;7;1;1;;1;1;1;;;1;998
7;6;17;27;27031;;3;2;No inventariada;;9;10;1;2;;7;1;1;;;1;998
8;2;12;27;27031;;3;2;No inventariada;;9;7;1;2;;1;1;1;;;1;998
8;6;12;27;27031;;3;2;No inventariada;;9;7;2;;;1;1;1;;;1;998
8;3;0;27;27031;;3;2;No inventariada;;9;16;2;;;1;4;1;;;1;998
9;7;14;27;27031;;3;2;No inventariada;;9;2;1;4;;1;1;1;;;1;998
10;3;13;27;27031;;1;1;LU-617;4,65;6;14;2;;;3;1;3;;;1;1
9;6;19;27;27031;;3;2;No inventariada;;9;18;1;1;;3;1;2;1;;1;998
10;1;19;27;27031;;3;2;No inventariada;;9;7;1;2;;1;3;1;;;1;998
10;3;11;27;27031;;3;2;No inventariada;;9;7;2;;;3;1;3;;;9;998
10;1;17;27;27031;;3;2;No inventariada;;9;2;1;2;;1;1;1;;;11;998
10;5;13;27;27031;;3;2;No inventariada;;14;4;2;;;1;1;1;;;1;998
11;6;18;27;27031;;3;2;No inventariada;;14;2;1;4;;1;3;1;;;1;998
11;5;9;27;27031;;3;2;No inventariada;;14;4;2;;;1;1;2;;;1;998
2;4;22;27;0;;1;1;N-640;135,225;6;2;2;;;1;6;1;;;4;2
4;6;10;27;0;;1;1;LU-221;3,517;6;16;2;;;1;1;7;;;18;1
7;5;10;27;0;;1;1;N-640;131,577;6;16;2;;;1;1;1;;;18;1
8;7;13;27;0;;1;1;LU-540;31,5;6;2;1;5;;1;1;1;;;1;1
10;3;6;27;0;;1;1;LU-P-3406;2,3;6;18;2;;;1;6;1;;;1;3
8;5;13;27;0;;1;1;LU-P-3502;10,817;6;19;2;;;1;1;1;;;1;3
4;4;8;27;0;;1;1;A-6;438,369;3;3;2;;;1;1;1;;;1;1
11;3;6;27;0;;1;1;A-6;437,644;3;4;2;;;1;6;1;2;;5;1
1;6;12;27;27039;;1;1;LU-P-3908;4,28;6;16;2;;;1;1;1;;;4;2
6;7;18;27;27039;;1;1;LU-P-3906;1,868;6;2;1;1;;1;1;1;;;12;1
9;7;19;27;27039;;1;1;A-6;505,223;3;18;2;;;1;2;2;;;1;1
11;2;15;27;27039;;1;1;N-6;511,9;6;2;1;2;;1;1;1;;;1;1
12;6;16;27;27039;;1;1;N-6;513,505;6;2;1;12;N-6;3;1;3;;;1;1
12;6;11;27;27039;;1;1;LU S/N;0,93;10;1;2;;;3;1;2;;;2;3
9;6;14;27;0;;1;1;N-547;27,5;6;18;2;;;1;1;1;;;1;1
10;2;7;27;0;;1;1;LU-221;9,016;6;15;2;;;3;2;1;;;1;3
1;1;7;27;0;;1;1;N-120;540,9;6;18;2;;;1;6;1;;;1;3
1;7;23;27;0;;1;1;N-120;540;6;8;2;;;1;6;2;;;1;1
2;5;20;27;0;;1;1;CG-2.1;9,5;7;1;2;;;1;6;1;;;1;3
4;5;18;27;0;;1;1;N-120;543,5;6;1;2;;;1;1;1;;;1;1
4;4;13;27;0;;1;1;N-120a;528,644;6;3;2;;;1;6;1;;;1;1
8;5;11;27;0;;1;1;N-120;539,833;6;12;2;;;1;1;1;;;1;2
8;6;17;27;0;;1;1;LU S/N;0,6;10;16;2;;;1;1;1;;;1;3
5;2;14;27;0;;1;1;LU-P-1106;18,2;6;19;2;;;1;1;1;;;1;1
8;6;11;27;0;;1;1;A-8;544,836;3;4;2;;;1;1;2;2;;5;1
7;5;17;27;0;;1;1;LU-P-4504;1,089;6;13;2;;;1;1;1;;;1;3
7;4;19;27;0;;1;1;LU-633;0,025;6;2;2;;;1;1;1;;;1;3
7;7;17;27;0;;1;1;LU-633;8,9;6;1;2;;;1;1;1;;;4;2
1;4;17;27;0;;1;1;N-640;65,1;6;2;1;2;N-640;1;1;1;;;1;1
3;5;17;27;0;;1;1;LU-750;5,53;6;18;2;;;3;1;4;;;1;1
11;6;19;27;0;;1;1;LU-P-1611;102,65;6;13;2;;;3;6;3;;;1;2
2;1;19;27;0;;1;1;LU-P-4701;3,444;6;6;2;;;1;6;1;;;1;1
4;7;15;27;0;;1;1;N-120;506,473;6;18;2;;;1;1;1;;;1;3
9;2;15;27;0;;1;1;N-120;508,8;6;15;2;;;1;1;1;;;1;1
11;6;19;27;0;;1;1;N-120;505,139;6;2;2;;;1;6;2;;;8;3
11;4;19;27;0;;1;1;N-120;505,3;6;2;2;;;1;5;1;;;1;3
10;7;18;27;0;;1;1;N-640;48,6;6;18;2;;;3;1;3;;;1;2
4;6;22;27;0;;1;1;N-540;23,891;6;8;2;;;1;6;1;;;18;4
5;2;18;27;0;;1;1;LU-933;31,6;6;4;2;;;1;1;1;;;1;3
5;6;1;27;0;;1;1;LU-933;34,115;6;16;2;;;1;6;1;;;1;3
6;6;18;27;0;;1;1;N-120;481,751;6;10;2;;;1;1;1;;;1;3
7;3;14;27;0;;2;2;LU-933;33,3;6;3;1;1;;1;1;1;;;1;1
8;5;21;27;0;;1;1;LU-933;28,961;6;18;2;;;1;1;1;;;1;3
10;7;9;27;0;;1;1;N-120;503,377;6;18;2;;;3;1;2;;;1;3
10;1;12;27;0;;1;1;N-120;502,2;6;12;2;;;3;1;7;;;1;3
11;7;17;27;0;;1;1;N-120;502,125;6;16;2;;;4;1;3;;;18;2
11;6;16;27;0;;1;1;LU S/N;12,7;10;13;2;;;1;1;1;;;1;1
12;3;8;27;0;;1;1;LU-933;54,15;6;13;2;;;3;6;2;2;;5;1
3;1;17;27;27051;;1;1;LU-P-5207;2,5;6;18;2;;;3;1;1;;;1;1
2;3;8;27;27051;;3;2;No inventariada;;9;7;1;1;;1;3;1;;;1;998
3;1;20;27;27051;;1;1;N-642;2,5;6;1;2;;;1;6;1;;;1;2
11;5;19;27;27051;;1;1;N-642;10,5;6;15;1;4;;1;6;1;;;1;1
4;7;11;27;0;;1;1;N-640;48,05;6;19;2;;;1;1;1;;;1;2
4;4;12;27;0;;1;1;N-640;50,038;6;15;2;;;3;1;3;;;1;2
12;5;19;27;0;;1;1;LU-124;18,561;6;8;2;;;1;6;1;;;4;2
7;7;3;27;0;;1;1;LU-633;43,05;6;14;2;;;1;6;1;;;1;2
12;7;4;27;0;;1;1;LU-633;43,184;6;14;2;;;1;6;1;;;1;3
1;3;15;27;0;;1;1;N-6;515,4;6;2;1;2;LU-107;1;1;1;;;3;2
4;1;7;27;27057;;1;1;LU-546;25,1;6;1;2;;;8;2;2;;;1;3
1;2;19;27;27057;;3;2;No inventariada;;9;7;1;2;;3;4;3;;;5;998
3;4;12;27;27057;;3;2;No inventariada;;9;7;1;2;;1;1;1;;;18;998
1;2;19;27;27057;;3;2;No inventariada;;9;7;1;2;;3;4;3;;;18;998
1;3;12;27;27057;;3;2;No inventariada;;9;7;2;;;9;1;7;;;18;998
6;3;11;27;27057;;3;2;No inventariada;;9;7;1;2;;1;1;1;;;1;998
6;1;9;27;27057;;3;2;No inventariada;;9;7;1;2;;3;1;3;;;1;998
10;6;12;27;27057;;1;1;LU-0000;0,2;10;12;2;;;3;1;2;;;1;1
7;4;13;27;27057;;3;2;No inventariada;;9;20;2;;;1;1;1;;;1;998
8;3;22;27;27057;;3;2;No inventariada;;9;1;1;1;;1;4;1;;;1;998
8;1;17;27;27057;;3;2;No inventariada;;9;10;1;1;;1;1;1;;;1;998
8;4;10;27;27057;;3;2;No inventariada;;9;7;2;;;1;1;1;;;1;998
8;4;16;27;27057;;3;2;No inventariada;;9;4;2;;;1;1;1;;;1;998
9;3;13;27;27057;;3;2;No inventariada;;9;7;1;1;;1;1;1;;;1;998
9;2;11;27;27057;;3;2;No inventariada;;9;7;2;;;3;1;3;;;11;998
11;7;0;27;27057;;1;1;LU-546;21,1;6;16;1;1;LU-536;1;6;1;;;1;1
11;6;17;27;27057;;1;1;LU-636;5,58;6;4;2;;;1;1;1;;;18;1
11;3;16;27;27057;;1;1;LU-636;2,205;6;2;2;;;1;1;1;;;1;1
1;3;14;27;0;;1;1;LU-615;1,1;6;14;2;;;3;1;4;;;1;3
4;1;12;27;0;;1;1;LU-P-4102;10,458;6;2;1;2;LU-P-5809;3;1;3;;;1;1
6;3;12;27;0;;1;1;LU-617;13,595;6;4;2;;;1;1;1;;;1;1
8;6;11;27;0;;3;2;No inventariada;;9;7;1;1;;1;1;1;;;1;998
8;2;21;27;0;;1;1;LU-P-5819;7;6;13;2;;;1;6;1;;;4;1
10;3;13;27;0;;1;1;LU-S/C;0,5;10;14;2;;;3;1;4;;;17;1
10;3;23;27;0;;1;1;LU-P-4102;22,3;6;18;2;;;3;6;3;;;1;3
10;7;13;27;0;;1;1;LU-P-4102;19,006;6;17;2;;;3;1;2;;;4;3
4;2;9;27;0;;1;1;LU-P-5901;4,275;6;13;2;;;3;1;2;;;1;3
5;7;18;27;0;;1;1;N-540;42,667;6;12;2;;;3;1;2;;;1;2
6;3;16;27;0;;1;1;LU-P-6001;5,4;6;2;2;;;1;6;1;;;1;3
9;1;11;27;0;;1;1;N-540;41,7;6;2;2;;;3;1;3;;;4;3
8;2;12;27;0;;1;1;LU-212;2,5;6;2;1;1;;1;1;1;;;1;1
5;7;6;27;0;;1;1;N-640;19;6;16;2;;;4;3;4;;;5;1
6;6;8;27;0;;1;1;LU-P-6103;5,5;6;18;2;;;1;1;1;;;1;3
8;4;20;27;0;;1;1;No inventariada;1;10;7;2;;;1;1;1;;;1;1
7;7;12;27;0;;3;2;No inventariada;;9;7;1;2;;1;1;2;;;1;998
1;5;0;27;0;;1;1;LU-862;73,433;6;18;2;;;3;4;1;;;1;2
4;7;11;27;0;;1;1;LU-862;80,15;6;8;2;;;1;1;1;;;12;1
6;1;17;27;0;;1;1;LU-862;76,404;6;1;2;;;1;1;1;;;1;3
10;7;15;27;0;;1;1;LU-0000;0,4;10;17;2;;;1;1;1;;;1;3
2;5;18;27;27065;;1;1;LU-861;7,9;6;7;2;;;1;1;2;;;1;1
3;6;21;27;27065;;1;1;N-634;623,34;6;19;2;;;1;6;1;;;1;2
4;6;9;27;27065;;1;1;N-634;613,15;6;4;1;2;LU-P-S/N;3;1;2;;;1;1
2;1;13;27;27065;;3;2;No inventariada;;14;7;1;3;;3;1;1;;;9;998
5;1;16;27;27065;;1;1;A-8;584,05;3;12;1;12;;1;1;1;;;1;1
4;7;8;27;27065;;3;2;No inventariada;;9;12;2;;;1;1;1;;;1;998
8;7;20;27;27065;;1;1;LU-861;4,59;6;16;2;;;1;1;1;;;6;2
9;6;10;27;27065;;1;1;N-634A;626,5;6;2;2;;;3;1;1;;;1;2
9;7;14;27;27065;;1;1;S/D;0,5;10;2;2;;;1;1;1;;;2;1
9;2;18;27;27065;;1;1;LU S/N;0,1;14;20;1;1;;2;1;1;;;2;3
9;4;12;27;27065;;3;2;No inventariada;;9;7;1;1;;3;1;2;;;1;998
8;2;11;27;27065;;3;2;No inventariada;;9;12;1;6;;1;1;1;;;1;998
10;5;15;27;27065;;3;2;No inventariada;;9;2;1;1;;3;1;3;;;1;998
10;4;20;27;27065;;3;2;No inventariada;;9;12;1;2;;3;4;3;;;1;998
1;1;12;27;27066;;2;2;LU-540;1,4;6;4;2;;;1;1;2;;;1;1
2;4;19;27;27066;;2;2;LU-539;0,07;6;4;2;;;3;4;3;;;1;1
3;1;14;27;27066;;1;1;LU-P-0000;0;14;7;2;;;1;1;3;;;9;3
3;5;8;27;27066;;1;1;LU-862;84,725;6;7;2;;;1;3;2;;;18;1
4;4;22;27;27066;;1;1;LU-540;2,825;6;16;2;;;3;4;2;;;1;1
5;1;16;27;27066;;1;1;LU-539;0,05;6;7;2;;;1;1;1;;;1;1
7;1;13;27;27066;;1;1;LU-862;84,8;6;2;2;;;1;1;1;;;2;1
8;3;11;27;27066;;1;1;LU-862;83,66;6;7;1;12;;1;1;1;;;1;3
10;3;14;27;27066;;1;1;LU-P-6608;0,549;6;7;2;;;1;1;1;;;1;3
11;2;19;27;27066;;1;1;LU-540;5;6;8;2;;;1;6;1;;;1;1
11;5;20;27;27066;;1;1;LU-102;0;6;7;2;;;1;4;1;;;1;1
4;1;13;27;0;;1;1;N-6;468,925;6;16;2;;;3;1;3;;;18;2
6;7;13;27;0;;1;1;N-6;473,6;6;10;2;;;2;1;2;;;3;1
8;5;17;27;0;;1;1;A-6;462,323;3;18;2;;;1;1;1;;;1;2
8;5;14;27;0;;2;2;N-6;470,425;6;2;1;2;;1;1;1;;;1;1
10;4;13;27;0;;1;1;A-6;461;3;7;2;;;1;1;1;;;1;3
1;7;15;27;27902;;3;2;No inventariada;;9;2;1;1;;1;1;1;;;1;998
3;7;17;27;27902;;3;2;No inventariada;;9;2;1;1;;9;1;7;;;18;998
5;6;18;27;27902;;3;2;No inventariada;;9;;;;;999;999;999;;;999;998
5;4;17;27;27902;;3;2;No inventariada;;9;7;1;2;;1;1;1;;;1;998
9;2;13;27;27902;;3;2;No inventariada;;9;12;1;2;;1;1;1;;;18;998
10;7;15;27;27902;;1;1;LU-P-1510;6,618;6;2;1;1;;1;1;1;;;1;1
10;1;11;27;27902;;3;2;No inventariada;;9;15;2;;;1;1;1;;;1;998
7;7;12;28;0;;1;1;M-113;6,866;6;10;2;;;1;1;1;;;1;1
7;7;18;28;0;;1;1;M-108;6,558;6;2;1;4;M-114;1;1;1;;;1;2
10;7;20;28;0;;1;1;M-108;7;6;1;2;;;3;6;2;;;1;1
10;1;21;28;0;;1;1;M-108;4,5;6;16;1;4;M-108;1;4;2;;;1;2
11;6;13;28;0;;1;1;M-113;8,1;6;4;2;;;1;1;1;;;1;1
11;7;23;28;28134;;1;1;M-50;1,5;3;14;2;;;1;6;1;1;;1;1
1;2;20;28;28004;;1;1;M-404;6,356;6;2;1;4;;1;4;1;;;1;1
1;1;9;28;28004;;3;2;No inventariada;;9;7;1;1;;1;1;1;;;18;998
10;1;11;28;28004;;1;1;M-404;5;6;16;2;;;1;1;1;;;1;2
11;5;23;28;28004;;1;1;M-404;8,564;6;7;2;;;1;4;1;;;1;1
11;6;9;28;28004;;1;1;M-404;7,272;6;1;1;10;;3;1;2;;;1;2
2;4;18;28;28004;;3;2;No inventariada;;9;7;2;;;1;1;1;;;18;998
1;1;10;28;28005;;3;2;No inventariada;;9;20;2;;;1;1;1;;;1;998
1;1;21;28;28005;;1;1;A-2;33;7;4;1;2;;1;4;1;;;1;1
1;2;17;28;28005;;1;1;A-2;26,9;3;5;2;;;3;2;3;;;1;1
1;3;8;28;28005;;1;1;A-2;26,94;3;5;2;;;3;4;3;;;1;1
1;3;13;28;28005;;1;1;M-300;29,7;5;5;2;;;3;1;2;;;1;1
1;4;18;28;28005;;3;2;No inventariada;;9;7;1;1;;3;4;3;1;;1;998
1;4;20;28;28005;;3;2;No inventariada;;9;2;1;2;;3;4;3;1;;11;998
1;7;9;28;28005;;1;1;M-300;25,5;5;3;2;;;1;1;1;;;1;1
1;7;13;28;28005;;1;1;A-2;30,56;3;4;2;;;1;1;1;;;1;1
1;1;8;28;28005;;3;2;No inventariada;;9;7;1;2;;1;1;1;1;;16;998
1;2;18;28;28005;;1;1;A-2;27,603;3;4;2;;;1;4;1;;;1;1
1;6;14;28;28005;;3;2;No inventariada;;9;3;2;;;1;1;1;;;1;998
1;3;14;28;28005;;1;1;M-300;30,789;5;4;2;;;3;1;2;;;1;1
1;6;17;28;28148;;1;1;A-2;22,623;3;4;2;;;1;3;1;;;1;1
1;1;6;28;28005;;1;1;M-300;30,578;5;2;1;4;;1;5;1;;;1;2
1;2;16;28;28005;;3;2;No inventariada;;9;12;2;;;1;1;1;;;1;998
1;3;18;28;28005;;3;2;No inventariada;;9;7;2;;;1;4;1;;;1;998
1;7;16;28;28005;;1;1;A-2;33,5;3;12;2;;;1;1;1;;;1;2
1;2;19;28;28005;;3;2;No inventariada;;9;2;1;2;;1;4;1;1;;1;998
2;4;8;28;28005;;3;2;No inventariada;;9;2;1;4;;1;1;1;;;1;998
2;5;9;28;28005;;1;1;A-2;29,149;3;5;2;;;1;1;1;;;1;1
2;6;9;28;28005;;3;2;No inventariada;;9;7;2;;;1;1;1;;;6;998
2;6;22;28;28005;;1;1;A-2;31,804;3;12;2;;;1;4;1;;;1;1
2;7;18;28;28005;;1;1;A-2;25,541;3;3;2;;;1;4;2;;;1;1
2;6;14;28;28005;;3;2;No inventariada;;9;10;2;;;3;1;4;;;1;998
2;6;17;28;28005;;3;2;No inventariada;;9;10;2;;;3;1;1;;;1;998
2;3;12;28;28005;;3;2;No inventariada;;9;4;2;;;1;1;1;;;1;998
2;3;10;28;28005;;3;2;No inventariada;;9;2;1;4;;3;1;2;;;1;998
2;4;8;28;28005;;1;1;A-2;26,8;3;3;2;;;1;1;1;;;1;1
2;4;8;28;28005;;1;1;A-2;33,964;7;15;2;;;1;1;1;;;1;2
2;2;7;28;28005;;3;2;No inventariada;;9;9;2;;;1;3;1;;;1;998
2;3;10;28;28005;;3;2;No inventariada;;9;2;1;4;;1;1;1;;;1;998
2;3;15;28;28005;;3;2;No inventariada;;9;16;1;4;;1;1;1;;;1;998
3;5;7;28;28005;;1;1;M-100;5,398;7;2;1;12;;1;1;1;;;1;1
3;5;15;28;28005;;1;1;A-2;35,629;3;4;2;;;1;1;1;;;1;1
3;5;22;28;28005;;3;2;No inventariada;;9;4;2;;;1;4;1;;;1;998
1;4;23;28;28005;;3;2;No inventariada;;9;2;1;4;;1;4;1;;;1;998
3;5;20;28;28005;;3;2;No inventariada;;9;2;1;4;;1;4;2;1;;1;998
3;6;22;28;28005;;3;2;No inventariada;;9;2;2;;;3;4;2;;;1;998