MES;DIA_SEMANA;HORA;COD_PROVINCIA;COD_MUNICIPIO;ISLA;ZONA;ZONA_AGRUPADA;CARRETERA;KM;TIPO_VIA;TIPO_ACCIDENTE;NUDO;NUDO_INFO;CARRETERA_CRUCE;CONDICION_FIRME;CONDICION_ILUMINACION;CONDICION_METEO;CONDICION_NIEBLA;CONDICION_VIENTO;VISIB_RESTRINGIDA_POR;TRAZADO_PLANTA
3;1;1;28;28005;;1;1;A-2;35,2;3;14;2;;;1;5;1;;;1;1
3;1;16;28;28005;;3;2;No inventariada;;9;7;2;;;1;1;1;;;1;998
3;2;19;28;28005;;3;2;No inventariada;;9;7;1;4;;1;3;1;;;1;998
3;2;15;28;28005;;1;1;M-100;8,75;6;12;2;;;1;1;1;;;1;3
3;1;17;28;28005;;3;2;No inventariada;;9;4;2;;;1;1;1;;;1;998
3;3;8;28;28005;;1;1;M-300;25,138;5;1;2;;;1;1;1;;;1;1
3;6;22;28;28005;;3;2;No inventariada;;9;2;1;4;;1;4;1;;;1;998
3;3;8;28;28005;;3;2;No inventariada;;9;3;2;;;1;1;1;;;1;998
3;6;14;28;28005;;3;2;No inventariada;;9;10;2;;;1;1;1;1;;1;998
3;1;19;28;28005;;3;2;No inventariada;;9;2;1;4;;3;4;2;;;1;998
4;3;8;28;28005;;3;2;No inventariada;;9;7;2;;;1;1;1;;;1;998
4;4;14;28;28005;;1;1;A-2;34,83;3;4;2;;;1;1;1;;;1;1
4;4;18;28;28005;;3;2;No inventariada;;9;7;2;;;1;1;1;;;1;998
4;2;9;28;28005;;3;2;No inventariada;;9;7;2;;;1;1;1;;;6;998
4;2;11;28;28005;;1;1;A-2;29,3;3;6;2;;;1;1;1;;;1;1
4;3;19;28;28005;;3;2;No inventariada;;9;7;2;;;1;1;1;;;6;998
5;2;9;28;28148;;1;1;A-2;24,1;3;4;2;;;1;1;1;;;1;1
5;6;1;28;28005;;3;2;No inventariada;;9;20;2;;;1;4;1;;;12;998
5;1;8;28;28005;;1;1;M-203;21,309;6;5;1;10;M-300;1;1;1;;;1;1
5;2;15;28;28005;;3;2;No inventariada;;9;2;2;;;1;1;1;;;1;998
5;6;12;28;28005;;3;2;No inventariada;;9;2;1;4;;1;1;1;;;1;998
5;6;12;28;28005;;1;1;A-2;26,8;3;16;2;;;1;1;1;;;1;2
5;4;8;28;28005;;3;2;No inventariada;;9;7;2;;;1;1;1;;;6;998
5;4;14;28;28005;;3;2;No inventariada;;9;4;2;;;1;1;1;;;1;998
5;4;18;28;28005;;3;2;No inventariada;;9;2;2;;;1;1;1;;;1;998
5;5;8;28;28005;;3;2;No inventariada;;9;7;2;;;1;1;1;;;6;998
5;5;0;28;28005;;3;2;No inventariada;;9;2;1;2;;1;4;1;;;1;998
5;3;22;28;28005;;1;1;M-119;1,095;6;15;2;;;1;6;1;;;1;1
5;4;14;28;28005;;3;2;No inventariada;;9;4;2;;;1;1;1;;;1;998
6;7;22;28;28005;;3;2;No inventariada;;9;10;2;;;8;4;1;;;1;998
6;7;5;28;28005;;3;2;No inventariada;;9;2;2;;;1;4;1;;;1;998
6;6;6;28;28005;;1;1;M-119;2,508;6;1;2;;;1;1;1;;;1;1
6;7;11;28;28005;;3;2;No inventariada;;9;4;2;;;1;1;1;;;1;998
6;7;13;28;28005;;3;2;No inventariada;;9;2;2;;;1;1;1;;;1;998
6;7;13;28;28005;;3;2;No inventariada;;9;10;2;;;1;1;1;;;1;998
6;1;4;28;28005;;1;1;A-2;28;7;18;1;2;A-2;3;6;3;;;1;1
6;4;9;28;28005;;3;2;No inventariada;;9;7;2;;;1;1;1;;;1;998
6;4;0;28;28005;;3;2;No inventariada;;9;10;2;;;1;4;1;;;1;998
6;5;12;28;28005;;3;2;No inventariada;;9;4;1;4;;1;1;1;;;1;998
6;5;13;28;28005;;1;1;A-2;31,359;3;15;2;;;1;1;1;;;1;1
6;5;13;28;28005;;1;1;M-121;2,198;6;2;2;;;1;1;1;;;1;2
6;2;20;28;28005;;3;2;No inventariada;;9;2;1;1;;1;1;1;;;1;998
6;6;13;28;28005;;3;2;No inventariada;;9;2;2;;;1;1;1;1;;1;998
6;1;9;28;28005;;1;1;A-2;24,527;3;4;2;;;1;1;1;;;1;1
6;1;17;28;28005;;3;2;No inventariada;;9;2;1;4;;1;1;1;;;1;998
6;2;17;28;28005;;3;2;No inventariada;;9;4;2;;;1;1;1;;;1;998
6;5;13;28;28005;;3;2;No inventariada;;9;2;1;1;;1;1;1;;;1;998
6;7;11;28;28005;;1;1;M-300;23,749;6;10;2;;;7;2;2;;;18;2
7;3;21;28;28005;;3;2;No inventariada;;9;2;1;4;;1;2;1;;;6;998
7;4;14;28;28005;;3;2;No inventariada;;9;4;2;;;1;1;1;;;1;998
7;1;12;28;28005;;3;2;No inventariada;;9;10;2;;;1;1;1;;;1;998
7;1;15;28;28005;;3;2;No inventariada;;9;3;2;;;1;1;1;;;1;998
7;2;12;28;28005;;3;2;No inventariada;;9;1;2;;;1;1;1;1;;1;998
7;2;15;28;28005;;3;2;No inventariada;;9;4;2;;;1;1;1;;;1;998
7;2;17;28;28005;;1;1;A-2;28;8;4;1;12;;1;1;1;;;1;1
7;4;13;28;28005;;1;1;R-2;24,95;1;12;2;;;1;1;1;;;1;1
7;3;14;28;28005;;1;1;M-300;25,8;5;2;1;4;;1;1;1;;;1;1
7;3;22;28;28005;;3;2;No inventariada;;9;10;1;4;;1;4;1;;;1;998
7;5;15;28;28005;;3;2;No inventariada;;9;10;1;2;;1;1;1;;;1;998
7;6;13;28;28005;;3;2;No inventariada;;9;4;2;;;1;1;1;;;1;998
7;5;13;28;28005;;1;1;R-2;28,6;1;16;2;;;1;1;1;;;1;1
7;6;6;28;28005;;3;2;No inventariada;;9;6;2;;;1;4;1;;;1;998
7;1;20;28;28005;;1;1;A-2;38;3;10;1;4;M-121;1;3;1;;;1;2
7;2;18;28;28005;;3;2;No inventariada;;9;2;1;4;;1;1;1;;;1;998
7;2;19;28;28005;;3;2;No inventariada;;9;2;1;4;;1;1;1;;;1;998
7;2;23;28;28005;;1;1;A-2;33,183;3;2;1;4;;1;4;1;;;1;4
8;2;10;28;28005;;3;2;No inventariada;;9;10;2;;;1;1;1;;;1;998
8;7;22;28;28005;;1;1;A-2;26,901;3;15;2;;;1;6;1;;;18;1
8;7;13;28;28005;;1;1;A-2;32;3;4;2;;;1;1;1;;;1;1
8;7;20;28;28005;;3;2;No inventariada;;9;10;2;;;1;1;1;1;;1;998
8;7;19;28;28005;;1;1;A-2;25;3;15;2;;;1;1;1;;;1;1
8;7;6;28;28005;;3;2;No inventariada;;9;12;2;;;1;3;1;;;1;998
8;1;15;28;28005;;1;1;A-2;28,1;3;12;2;;;1;1;1;;;1;1
8;1;16;28;28005;;1;1;A-2;26,606;3;4;2;;;1;1;1;;;1;1
8;3;4;28;28005;;3;2;No inventariada;;9;16;2;;;3;4;1;;;1;998
9;3;14;28;28005;;3;2;No inventariada;;9;2;1;4;;1;1;1;;;1;998
8;7;5;28;28005;;3;2;No inventariada;;9;2;2;;;1;4;1;;;1;998
9;6;0;28;28005;;3;2;No inventariada;;9;10;2;;;1;4;1;;;1;998
9;1;17;28;28005;;3;2;No inventariada;;9;10;2;;;1;1;1;;;1;998
9;3;19;28;28005;;1;1;M-121;2,277;6;19;2;;;1;1;1;;;1;2
9;4;16;28;28005;;1;1;M-300;28,018;5;5;2;;;1;1;2;;;1;1
9;2;13;28;28005;;1;1;M-300;30,116;5;4;1;4;M-203;1;1;1;;;1;1
9;2;3;28;28005;;3;2;No inventariada;;9;2;2;;;1;4;1;;;1;998
9;5;17;28;28005;;1;1;A-2;25,8;3;5;2;;;1;1;1;;;1;1
9;5;22;28;28005;;1;1;A-2;28,2;3;3;2;;;1;4;1;;;1;1
9;7;17;28;28005;;1;1;A-2;33,682;3;3;2;;;1;1;1;;;18;1
9;7;17;28;28005;;3;2;No inventariada;;9;7;2;;;1;1;1;;;1;998
9;4;21;28;28005;;3;2;No inventariada;;9;7;1;2;;1;4;1;;;2;998
10;2;18;28;28005;;1;1;M-203;21,2;6;3;2;;;1;1;1;;;1;1
10;2;17;28;28005;;3;2;No inventariada;;9;2;2;;;1;1;1;;;3;998
10;3;7;28;28005;;1;1;A-2;32,249;3;4;2;;;1;1;1;;;18;1
10;5;20;28;28005;;3;2;No inventariada;;9;2;1;4;;1;4;1;;;1;998
10;3;8;28;28005;;1;1;A-2;32;7;12;2;;;3;1;3;;;1;2
10;3;10;28;28005;;1;1;M-300;29,668;5;16;2;;;3;1;3;;;1;2
10;4;8;28;28005;;3;2;No inventariada;;9;7;2;;;3;3;3;;;18;998
10;4;15;28;28005;;3;2;No inventariada;;9;4;2;;;1;1;2;;;1;998
10;4;17;28;28005;;3;2;No inventariada;;9;2;2;;;3;3;1;;;1;998
9;4;2;28;28005;;3;2;No inventariada;;9;12;2;;;1;4;1;;;1;998
10;2;7;28;28005;;1;1;M-300;31,5;5;5;2;;;1;6;1;;;1;1
10;6;21;28;28005;;3;2;No inventariada;;9;4;2;;;3;4;2;;;1;998
10;1;23;28;28005;;1;1;A-2;28,247;3;19;2;;;1;4;1;;;1;1
10;4;18;28;28005;;1;1;A-2;34;3;5;2;;;1;4;1;;;1;1
11;1;13;28;28005;;1;1;A-2;35,361;3;12;2;;;1;1;1;;;1;1
11;2;7;28;28005;;1;1;A-2;26,46;3;3;2;;;1;1;1;;;1;1
11;2;13;28;28005;;1;1;A-2;25,2;3;4;2;;;1;1;1;;;1;1
11;2;13;28;28005;;3;2;No inventariada;;9;2;1;4;;1;1;1;;;1;998
11;6;12;28;28005;;3;2;No inventariada;;9;10;2;;;1;1;1;1;;1;998
11;6;18;28;28005;;1;1;A-2;36,6;3;4;2;;;1;4;1;;;1;1
11;7;16;28;28005;;3;2;No inventariada;;9;2;2;;;1;1;2;;;1;998
11;2;15;28;28005;;3;2;No inventariada;;9;2;2;;;1;1;2;;;1;998
11;6;20;28;28005;;3;2;No inventariada;;9;10;2;;;1;4;1;;;1;998
11;7;19;28;28005;;1;1;M-300;31,2;5;12;2;;;1;5;7;;;1;1
12;1;10;28;28005;;3;2;No inventariada;;9;6;2;;;1;1;2;;;1;998
11;3;20;28;28005;;3;2;No inventariada;;9;10;2;;;1;4;1;;;18;998
12;2;16;28;28083;;1;1;M-116;2,7;6;16;2;;;1;1;1;;;1;1
12;3;10;28;28005;;3;2;No inventariada;;9;10;2;;;1;1;1;1;;1;998
12;4;18;28;28005;;1;1;A-2;38,124;3;14;2;;;1;4;1;;;1;1
12;5;10;28;28005;;1;1;M-300;25,8;5;2;1;4;;1;1;1;;;1;2
12;4;19;28;28005;;3;2;No inventariada;;9;3;1;4;;1;4;1;;;1;998
12;5;12;28;28005;;3;2;No inventariada;;9;4;2;;;1;1;2;;;1;998
12;1;9;28;28005;;3;2;No inventariada;;9;7;2;;;1;1;1;;;1;998
12;2;5;28;28005;;1;1;A-2;29,601;3;12;2;;;1;4;1;;;1;1
12;5;14;28;28005;;1;1;A-2;38,62;3;5;2;;;1;1;1;;;1;1
12;7;5;28;28005;;1;1;A-2;31;3;4;2;;;1;4;1;;;1;1
12;5;19;28;28083;;1;1;R-2;33,412;1;19;2;;;1;4;1;;;1;1
12;6;10;28;28005;;3;2;No inventariada;;9;7;2;;;1;1;1;;;1;998
12;2;18;28;28005;;3;2;No inventariada;;9;7;2;;;1;4;1;;;1;998
1;3;13;28;28006;;3;2;No inventariada;;9;2;1;4;;1;1;2;;;1;998
1;6;15;28;28006;;3;2;No inventariada;;9;10;2;;;1;1;1;;;1;998
1;4;14;28;28006;;3;2;No inventariada;;9;7;2;;;1;1;1;;;1;998
1;5;16;28;28006;;3;2;No inventariada;;9;10;2;;;1;1;1;;;1;998
1;1;18;28;28006;;1;1;A-1;14,898;3;4;2;;;3;4;3;;;1;1
1;3;17;28;28006;;1;1;A-1;16,7;3;4;2;;;3;1;2;;;1;1
1;3;19;28;28006;;1;1;A-1;16,2;3;4;2;;;1;4;2;;;1;1
1;1;7;28;28006;;1;1;A-1;13,754;7;3;1;4;A-1;3;1;2;;;1;1
1;1;15;28;28006;;1;1;M-12;10,4;2;4;1;4;A-1;1;1;1;;;1;1
1;2;17;28;28006;;1;1;M-603;2,5;3;2;2;;;1;1;1;;;1;1
1;3;9;28;28006;;3;2;No inventariada;;9;7;1;4;;1;1;1;;;1;998
1;4;19;28;28006;;3;2;No inventariada;;9;1;2;;;1;4;1;;;1;998
1;5;12;28;28006;;3;2;No inventariada;;9;7;2;;;1;1;1;;;1;998
1;6;10;28;28006;;3;2;No inventariada;;13;19;2;;;1;1;1;;;1;998
1;6;21;28;28006;;3;2;No inventariada;;9;4;2;;;1;4;1;;;1;998
1;7;19;28;28006;;3;2;No inventariada;;9;10;1;4;;1;4;1;;;1;998
2;4;7;28;28006;;1;1;M-616;2,947;6;12;2;;;1;6;1;;;1;1
1;3;14;28;28006;;1;1;A-1;13,759;8;4;1;2;M-603;1;1;1;;;1;1
2;4;21;28;28006;;3;2;No inventariada;;9;7;1;2;;1;2;1;;;1;998
2;5;13;28;28006;;1;1;A-1;16,169;3;4;2;;;1;1;7;;;1;1
2;7;11;28;28006;;3;2;No inventariada;;9;2;2;;;1;1;1;;;1;998
2;7;18;28;28006;;1;1;M-12;8;2;19;1;4;M-12;1;6;1;;;1;1
2;7;19;28;28006;;3;2;No inventariada;;9;3;1;4;;1;4;1;;;1;998
2;3;19;28;28006;;1;1;A-1;13,87;3;4;2;;;1;4;1;;;1;1
2;4;21;28;28006;;3;2;No inventariada;;9;2;1;5;;3;4;3;;;1;998
2;5;17;28;28006;;3;2;No inventariada;;9;10;2;;;3;1;3;;;1;998
2;3;21;28;28006;;3;2;No inventariada;;9;10;2;;;1;1;1;;;1;998
2;3;10;28;28006;;3;2;No inventariada;;9;7;2;;;1;1;1;;;1;998
2;5;17;28;28006;;1;1;A-1;16,49;3;4;2;;;1;1;1;;;1;1
2;4;7;28;28006;;3;2;No inventariada;;9;7;1;2;;1;3;1;;;9;998
2;6;18;28;28006;;3;2;No inventariada;;9;7;2;;;1;1;1;;;6;998
2;7;16;28;28006;;3;2;No inventariada;;9;2;1;4;;1;1;1;;;1;998
2;3;15;28;28006;;3;2;No inventariada;;9;10;2;;;1;1;1;;;1;998
2;5;19;28;28006;;3;2;No inventariada;;9;7;2;;;3;3;3;;;1;998
2;6;12;28;28006;;3;2;No inventariada;;9;10;2;;;1;1;1;;;1;998
2;6;13;28;28006;;3;2;No inventariada;;9;2;1;4;;1;1;1;;;1;998
2;1;20;28;28006;;3;2;No inventariada;;9;10;2;;;1;3;1;;;1;998
1;4;6;28;28006;;3;2;No inventariada;;9;7;1;4;;1;3;1;;;1;998
2;3;11;28;28006;;3;2;No inventariada;;9;2;2;;;1;1;1;;;9;998
3;6;12;28;28006;;3;2;No inventariada;;9;7;2;;;3;1;3;;;18;998
3;1;18;28;28006;;3;2;No inventariada;;9;7;1;5;;1;1;1;;;1;998
3;2;17;28;28006;;3;2;No inventariada;;9;7;1;2;;1;1;1;;;6;998
3;5;13;28;28006;;3;2;No inventariada;;9;2;1;5;;1;1;1;;;1;998
3;2;18;28;28006;;3;2;No inventariada;;9;20;2;;;1;1;1;;;1;998
3;5;20;28;28006;;3;2;No inventariada;;9;2;2;;;3;3;2;;;1;998
3;1;10;28;28006;;3;2;No inventariada;;9;2;2;;;1;1;1;;;1;998
3;1;17;28;28006;;3;2;No inventariada;;9;10;2;;;1;1;1;;;1;998
3;1;10;28;28006;;3;2;No inventariada;;9;16;2;;;1;1;1;;;1;998
3;3;12;28;28006;;1;1;A-1;15,638;3;4;1;4;A-1;1;1;1;;;1;1
3;4;17;28;28006;;3;2;No inventariada;;9;3;1;4;;1;1;1;;;1;998
3;1;9;28;28006;;3;2;No inventariada;;9;3;1;4;;1;1;1;;;1;998
4;5;18;28;28006;;3;2;No inventariada;;9;4;2;;;1;1;1;;;1;998
4;1;18;28;28006;;3;2;No inventariada;;9;4;1;4;;3;1;4;;;5;998
3;3;18;28;28006;;3;2;No inventariada;;9;1;1;4;;1;1;2;;;1;998
4;3;6;28;28006;;3;2;No inventariada;;9;2;1;4;;1;5;1;;;1;998
4;2;19;28;28006;;3;2;No inventariada;;9;7;1;2;;1;1;1;;;1;998
4;4;17;28;28006;;3;2;No inventariada;;11;6;2;;;1;4;1;;;1;998
4;6;20;28;28006;;3;2;No inventariada;;9;2;1;4;;1;1;1;;;1;998
4;7;19;28;28006;;3;2;No inventariada;;9;10;1;4;;1;1;1;;;1;998
4;2;15;28;28006;;3;2;No inventariada;;9;4;2;;;1;1;1;;;1;998
4;2;20;28;28006;;1;1;A-1;17;3;4;1;4;A-1;1;1;1;;;1;1
4;7;9;28;28006;;3;2;No inventariada;;9;2;1;2;;1;1;1;;;6;998
4;6;14;28;28006;;3;2;No inventariada;;9;10;1;2;;1;1;1;;;1;998
4;4;8;28;28006;;3;2;No inventariada;;9;7;2;;;1;1;1;;;6;998
4;1;14;28;28134;;1;1;A-1;17,7;3;3;2;;;1;1;1;;;1;1
4;2;13;28;28006;;3;2;No inventariada;;9;4;2;;;1;1;1;;;1;998
4;4;22;28;28006;;3;2;No inventariada;;9;4;2;;;1;4;1;;;1;998
4;4;20;28;28006;;3;2;No inventariada;;9;3;1;4;;1;1;1;;;1;998
4;2;15;28;28006;;3;2;No inventariada;;9;2;1;5;;1;1;1;;;1;998
5;4;8;28;28006;;1;1;A-1;14,665;3;4;2;;;1;1;1;;;1;4
5;2;18;28;28006;;3;2;No inventariada;;9;4;1;5;;1;1;1;;;1;998
5;5;21;28;28006;;1;1;M-616;3,2;12;6;2;;;1;6;1;;;1;4
5;5;8;28;28006;;3;2;No inventariada;;9;2;1;4;;1;1;1;;;1;998
5;4;13;28;28006;;3;2;No inventariada;;9;7;1;4;;1;1;1;;;1;998
5;4;17;28;28006;;3;2;No inventariada;;9;2;1;7;;1;1;1;;;1;998
5;7;17;28;28006;;3;2;No inventariada;;9;2;1;4;;1;1;1;;;1;998
5;1;22;28;28006;;3;2;No inventariada;;9;2;1;4;;1;4;1;;;1;998
5;1;16;28;28006;;3;2;No inventariada;;9;7;1;1;;1;1;1;;;1;998
5;4;18;28;28006;;3;2;No inventariada;;9;2;1;4;;1;1;1;;;1;998
5;1;16;28;28006;;3;2;No inventariada;;9;10;1;2;;1;1;1;;;1;998
5;2;2;28;28006;;3;2;No inventariada;;9;10;2;;;1;4;1;;;1;998
5;5;4;28;28006;;3;2;No inventariada;;9;6;1;4;;1;4;1;;;1;998
4;7;4;28;28006;;3;2;No inventariada;;9;6;1;4;;1;4;1;;;1;998
5;4;9;28;28006;;3;2;No inventariada;;9;2;1;4;;1;1;1;;;1;998
5;4;8;28;28006;;3;2;No inventariada;;9;4;2;;;1;1;1;;;1;998
6;1;20;28;28006;;3;2;No inventariada;;9;7;2;;;1;1;1;;;1;998
6;2;16;28;28006;;3;2;No inventariada;;9;2;2;;;1;1;1;;;1;998
6;1;7;28;28006;;3;2;No inventariada;;9;2;1;4;;1;1;1;;;1;998
6;4;8;28;28006;;3;2;No inventariada;;9;7;1;1;;1;1;1;;;1;998
6;6;4;28;28006;;3;2;No inventariada;;9;10;2;;;9;4;1;;;18;998
6;1;17;28;28006;;3;2;No inventariada;;9;7;2;;;1;1;1;;;1;998
6;2;10;28;28006;;3;2;No inventariada;;9;4;2;;;1;1;1;;;1;998
6;1;17;28;28006;;3;2;No inventariada;;9;7;2;;;3;1;2;;;1;998
6;1;8;28;28006;;3;2;No inventariada;;9;4;2;;;3;1;4;;;5;998
6;3;8;28;28006;;1;1;A-1;13;3;4;2;;;1;1;2;;;1;1
6;6;12;28;28006;;3;2;No inventariada;;9;3;2;;;1;1;1;;;1;998
6;7;13;28;28006;;1;1;A-1;14,427;3;4;2;;;1;1;1;;;1;1
6;5;15;28;28006;;3;2;No inventariada;;9;2;1;4;;1;1;1;;;1;998
6;2;17;28;28006;;3;2;No inventariada;;9;2;1;4;;1;1;1;;;1;998
6;1;16;28;28006;;3;2;No inventariada;;9;10;1;4;;1;1;1;;;1;998
6;1;19;28;28006;;3;2;No inventariada;;9;7;1;4;;1;1;1;;;6;998
6;7;12;28;28006;;3;2;No inventariada;;9;4;2;;;1;1;1;;;1;998
6;6;12;28;28006;;1;1;A-1;13,8;3;4;2;;;1;1;1;;;1;1
6;2;13;28;28006;;3;2;No inventariada;;9;2;1;1;;1;1;1;;;1;998
6;6;8;28;28006;;3;2;No inventariada;;9;7;1;2;;1;1;1;;;1;998
7;3;9;28;28134;;1;1;A-1;21,607;3;4;2;;;1;1;1;;;18;1
7;4;16;28;28006;;3;2;No inventariada;;9;3;2;;;1;1;1;;;1;998
7;5;15;28;28006;;3;2;No inventariada;;9;10;2;;;1;1;1;;;1;998
7;5;22;28;28006;;3;2;No inventariada;;9;2;1;4;;1;4;1;;;1;998
7;7;3;28;28006;;3;2;No inventariada;;9;10;2;;;1;4;1;;;1;998
7;2;23;28;28006;;3;2;No inventariada;;9;2;2;;;1;4;1;;;1;998
7;3;5;28;28006;;1;1;A-1;13,5;3;4;2;;;1;4;1;;;1;3
7;3;14;28;28006;;1;1;A-1;17,218;3;4;1;4;A-1;1;1;1;;;17;1
7;2;12;28;28006;;3;2;No inventariada;;9;2;1;2;;1;1;1;;;1;998
7;5;18;28;28006;;3;2;No inventariada;;9;3;2;;;1;1;1;;;1;998
7;1;14;28;28006;;3;2;No inventariada;;9;2;1;2;;1;1;1;;;1;998
7;1;19;28;28006;;3;2;No inventariada;;9;2;2;;;1;1;1;;;6;998
7;2;18;28;28006;;3;2;No inventariada;;9;7;1;2;;1;1;1;;;1;998
7;5;2;28;28006;;3;2;No inventariada;;9;10;2;;;1;4;1;;;1;998
7;6;10;28;28006;;3;2;No inventariada;;9;2;1;4;;1;1;1;;;1;998
7;6;21;28;28006;;3;2;No inventariada;;9;10;2;;;1;1;1;;;1;998
7;3;15;28;28006;;3;2;No inventariada;;9;4;1;7;;1;1;1;;;1;998
7;4;20;28;28006;;3;2;No inventariada;;9;7;2;;;1;1;1;;;1;998
7;1;20;28;28006;;3;2;No inventariada;;9;2;1;2;;1;1;1;;;1;998
7;6;10;28;28006;;3;2;No inventariada;;9;20;2;;;1;1;1;;;1;998
7;3;17;28;28006;;3;2;No inventariada;;9;10;1;4;;1;1;1;;;1;998
7;3;16;28;28006;;3;2;No inventariada;;9;10;2;;;1;1;1;;;1;998
8;3;13;28;28006;;3;2;No inventariada;;9;3;1;2;;1;1;1;;;1;998
7;3;11;28;28006;;3;2;No inventariada;;9;10;1;4;;1;1;1;;;1;998
8;5;16;28;28006;;3;2;No inventariada;;9;2;1;7;;1;1;1;;;1;998
8;3;15;28;28006;;3;2;No inventariada;;9;4;2;;;1;1;1;;;9;998
9;1;16;28;28006;;3;2;No inventariada;;9;2;1;7;;1;1;1;;;1;998
9;3;10;28;28006;;3;2;No inventariada;;9;2;1;4;;1;1;1;;;1;998
9;4;9;28;28006;;1;1;A-1;13,78;3;3;2;;;1;1;1;;;1;1
9;4;18;28;28006;;3;2;No inventariada;;9;5;2;;;1;1;1;;;1;998
9;6;18;28;28006;;3;2;No inventariada;;9;2;1;1;;1;1;1;;;1;998
9;5;22;28;28006;;3;2;No inventariada;;9;6;1;4;;1;4;1;;;1;998
9;1;9;28;28006;;3;2;No inventariada;;9;10;2;;;1;1;1;;;1;998
10;4;17;28;28006;;3;2;No inventariada;;9;4;2;;;1;1;1;;;1;998
10;6;23;28;28006;;3;2;No inventariada;;9;10;2;;;1;4;1;;;1;998
10;1;19;28;28006;;3;2;No inventariada;;9;10;1;2;;1;5;1;;;1;998
10;3;17;28;28006;;1;1;A-1;16,6;3;5;2;;;3;1;3;;;5;1
10;3;18;28;28006;;3;2;No inventariada;;9;10;1;4;;3;1;1;;;1;998
10;7;2;28;28006;;3;2;No inventariada;;9;7;2;;;3;4;2;;;1;998
10;3;12;28;28006;;1;1;A-1;17,161;3;4;2;;;1;1;2;;;1;1
10;5;6;28;28006;;3;2;No inventariada;;9;7;1;2;;1;1;1;;;1;998
10;1;12;28;28006;;3;2;No inventariada;;9;10;2;;;1;1;1;;;1;998
10;1;13;28;28006;;3;2;No inventariada;;9;7;2;;;1;1;1;;;1;998
10;3;10;28;28006;;3;2;No inventariada;;9;7;1;2;;1;1;1;;;1;998
10;6;19;28;28006;;3;2;No inventariada;;9;7;2;;;3;1;3;;;1;998
10;3;15;28;28006;;3;2;No inventariada;;9;7;2;;;1;1;1;;;1;998
10;4;16;28;28006;;3;2;No inventariada;;9;10;2;;;1;1;1;;;1;998
10;7;13;28;28006;;3;2;No inventariada;;9;6;1;4;;1;1;1;;;1;998
10;3;14;28;28006;;3;2;No inventariada;;9;10;2;;;1;1;2;;;18;998
11;1;18;28;28006;;3;2;No inventariada;;9;7;2;;;1;4;1;;;1;998
11;1;15;28;28006;;3;2;No inventariada;;9;6;2;;;1;1;1;;;1;998
11;2;7;28;28006;;3;2;No inventariada;;9;10;2;;;2;3;1;;;17;998
11;2;10;28;28006;;3;2;No inventariada;;9;7;1;4;;1;1;1;;;6;998
10;3;7;28;28006;;3;2;No inventariada;;9;7;2;;;3;6;3;;;5;998
9;6;12;28;28006;;3;2;No inventariada;;9;10;2;;;1;1;1;;;1;998
11;2;16;28;28006;;3;2;No inventariada;;9;3;1;4;;1;1;1;;;1;998
11;3;18;28;28006;;3;2;No inventariada;;9;2;1;4;;1;1;1;;;1;998
11;2;20;28;28006;;3;2;No inventariada;;9;2;1;4;;1;4;1;;;1;998
11;5;17;28;28006;;3;2;No inventariada;;9;2;1;4;;1;1;1;;;1;998
11;6;23;28;28006;;3;2;No inventariada;;9;4;1;4;;1;4;1;;;1;998
11;1;18;28;28006;;3;2;No inventariada;;9;10;2;;;1;4;1;;;1;998
11;1;21;28;28006;;3;2;No inventariada;;9;4;2;;;1;4;1;;;1;998
11;5;19;28;28006;;3;2;No inventariada;;9;7;2;;;1;3;1;;;1;998
12;1;19;28;28006;;1;1;M-12;10,149;2;5;2;;;1;6;2;;;1;1
12;1;18;28;28006;;3;2;No inventariada;;9;2;2;;;1;5;1;;;1;998
12;1;7;28;28006;;3;2;No inventariada;;9;6;2;;;1;4;1;;;1;998
12;2;19;28;28006;;3;2;No inventariada;;9;7;1;2;;1;4;1;;;1;998
11;3;14;28;28006;;3;2;No inventariada;;9;3;2;;;3;1;3;;;1;998
11;5;14;28;28006;;3;2;No inventariada;;9;4;2;;;1;1;1;;;1;998
11;3;10;28;28006;;3;2;No inventariada;;9;10;2;;;1;1;1;;;1;998
12;5;8;28;28006;;1;1;A-1;13,719;8;4;2;;;3;1;3;;;1;1
12;3;18;28;28006;;1;1;A-1;16,295;3;5;2;;;1;4;1;;;1;1
12;3;16;28;28006;;3;2;No inventariada;;9;7;2;;;1;1;1;;;1;998
12;5;13;28;28006;;1;1;A-1;14,591;3;4;2;;;1;1;1;;;1;1
10;3;13;28;28006;;3;2;No inventariada;;9;7;2;;;1;1;1;;;1;998
12;5;11;28;28006;;3;2;No inventariada;;9;2;1;2;;1;1;1;;;1;998