MES;DIA_SEMANA;HORA;COD_PROVINCIA;COD_MUNICIPIO;ISLA;ZONA;ZONA_AGRUPADA;CARRETERA;KM;TIPO_VIA;TIPO_ACCIDENTE;NUDO;NUDO_INFO;CARRETERA_CRUCE;CONDICION_FIRME;CONDICION_ILUMINACION;CONDICION_METEO;CONDICION_NIEBLA;CONDICION_VIENTO;VISIB_RESTRINGIDA_POR;TRAZADO_PLANTA
12;5;13;28;28006;;3;2;No inventariada;;9;10;2;;;1;1;1;;;1;998
12;4;16;28;28006;;3;2;No inventariada;;9;7;2;;;1;1;1;;;6;998
12;5;12;28;28006;;3;2;No inventariada;;9;7;1;4;;1;1;1;;;1;998
1;3;13;28;28007;;1;1;M-50;64,5;2;4;2;;;3;1;3;;;1;1
1;3;18;28;28007;;1;1;M-506;6,631;5;4;2;;;3;3;2;;;1;1
1;4;15;28;28007;;1;1;M-50;66,6;2;4;2;;;3;1;3;;;1;1
1;5;11;28;28007;;1;1;M-50;60,97;2;4;1;4;;1;1;2;;;1;1
1;7;12;28;28007;;3;2;No inventariada;;9;2;1;4;;1;1;1;;;1;998
1;5;10;28;28007;;1;1;A-5;12,52;3;3;2;;;1;1;7;;;18;1
1;4;11;28;28007;;3;2;No inventariada;;9;2;1;4;;3;1;1;;;1;998
1;4;9;28;28007;;3;2;No inventariada;;9;4;1;4;;1;1;2;;;1;998
1;4;19;28;28007;;1;1;A-5R;1,501;3;4;2;;;1;4;1;;;1;3
1;3;20;28;28007;;3;2;No inventariada;;9;3;1;2;;1;4;2;;;1;998
1;6;19;28;28007;;1;1;A-5;13,8;3;18;2;;;1;4;1;;;1;1
1;2;9;28;28007;;3;2;No inventariada;;9;10;2;;;1;1;1;;;1;998
1;3;21;28;28007;;3;2;No inventariada;;9;2;1;2;;1;4;1;;;18;998
1;1;11;28;28007;;3;2;No inventariada;;9;7;2;;;1;1;1;;;1;998
1;2;14;28;28007;;1;1;A-5;12,4;3;4;2;;;1;1;1;;;1;1
1;7;11;28;28007;;3;2;No inventariada;;9;2;1;2;;1;1;1;;;1;998
2;5;18;28;28007;;3;2;No inventariada;;9;7;1;1;;1;1;1;;;1;998
2;6;13;28;28007;;3;2;No inventariada;;9;4;2;;;1;1;1;;;1;998
2;7;12;28;28007;;3;2;No inventariada;;9;2;1;4;;1;1;1;;;1;998
2;6;14;28;28007;;3;2;No inventariada;;9;10;2;;;8;1;1;;;1;998
2;4;12;28;28007;;3;2;No inventariada;;9;10;2;;;1;1;1;;;1;998
1;4;17;28;28007;;1;1;M-506;8,8;5;19;1;10;M-506;1;1;1;;;1;1
2;3;23;28;28007;;1;1;A-5;12,366;3;4;2;;;1;6;1;;;1;1
2;4;13;28;28007;;1;1;A-5;14,812;7;12;2;;;1;1;2;;;1;1
2;2;6;28;28007;;3;2;No inventariada;;9;3;1;1;;3;4;1;;;1;998
2;5;15;28;28007;;1;1;M-506;6,5;5;4;2;;;1;1;1;;;1;1
2;1;9;28;28007;;1;1;A-5R;2,3;3;3;2;;;1;1;1;;;1;2
2;3;14;28;28007;;3;2;No inventariada;;9;6;2;;;1;1;1;;;1;998
2;1;16;28;28007;;3;2;No inventariada;;9;4;1;4;;1;1;1;;;1;998
2;2;15;28;28007;;1;1;A-5;14,372;3;4;1;2;A-5;1;1;1;;;1;1
2;2;18;28;28007;;3;2;No inventariada;;9;2;1;4;;1;1;1;;;1;998
2;4;17;28;28007;;3;2;No inventariada;;9;10;2;;;3;1;3;;;1;998
2;4;17;28;28007;;3;2;No inventariada;;9;3;2;;;1;4;2;;;1;998
2;6;19;28;28007;;3;2;No inventariada;;9;7;2;;;1;4;1;;;1;998
2;1;11;28;28007;;3;2;No inventariada;;9;16;2;;;1;1;2;;;1;998
2;3;12;28;28007;;3;2;No inventariada;;9;3;1;2;;1;1;1;;;1;998
3;5;7;28;28007;;3;2;No inventariada;;7;7;1;2;;3;1;3;;;9;998
3;1;1;28;28007;;1;1;A-5;13,853;3;16;2;;;1;4;2;;;1;1
3;1;15;28;28007;;3;2;No inventariada;;9;2;1;2;;1;1;1;;;1;998
3;2;18;28;28007;;1;1;M-501;0,5;5;4;2;;;1;1;1;;;1;1
3;4;10;28;28007;;3;2;No inventariada;;9;10;2;;;1;1;1;;;1;998
3;4;13;28;28007;;3;2;No inventariada;;9;7;1;1;;1;1;1;;;1;998
3;6;19;28;28007;;1;1;A-5;12,42;3;5;2;;;1;4;1;;;1;1
3;7;11;28;28007;;3;2;No inventariada;;9;3;1;4;;1;1;1;;;1;998
3;7;13;28;28007;;3;2;No inventariada;;9;10;1;4;;1;1;1;;;1;998
3;7;14;28;28007;;3;2;No inventariada;;9;7;2;;;1;1;1;;;1;998
3;4;9;28;28007;;1;1;A-5;16,1;7;3;2;;;1;1;1;;;1;1
3;4;18;28;28007;;1;1;M-50;63,13;2;4;2;;;1;1;2;;;1;1
3;4;15;28;28007;;3;2;No inventariada;;9;6;1;2;;1;1;1;;;1;998
3;7;21;28;28007;;3;2;No inventariada;;9;2;2;;;1;4;1;;;1;998
3;7;5;28;28007;;1;1;M-506;5;5;14;1;4;;3;4;3;;;1;1
4;4;18;28;28007;;1;1;A-5R;1,642;2;4;2;;;1;1;1;;;1;4
4;6;17;28;28007;;3;2;No inventariada;;9;4;1;2;;1;1;2;;;1;998
4;5;6;28;28007;;1;1;A-5;14,9;3;3;1;12;;1;1;1;;;1;1
4;7;18;28;28007;;3;2;No inventariada;;9;10;2;;;1;1;1;;;1;998
4;7;19;28;28007;;3;2;No inventariada;;9;4;1;1;;1;1;1;;;1;998
4;5;19;28;28007;;1;1;A-5;12,05;3;6;2;;;1;1;1;;;1;1
4;3;6;28;28007;;3;2;No inventariada;;9;7;1;2;;1;4;1;;;1;998
4;3;9;28;28007;;3;2;No inventariada;;9;4;2;;;1;1;1;;;1;998
4;4;9;28;28007;;3;2;No inventariada;;9;1;1;1;;1;1;1;;;9;998
4;5;17;28;28007;;3;2;No inventariada;;9;10;2;;;1;1;1;;;1;998
4;5;18;28;28007;;3;2;No inventariada;;9;2;2;;;1;1;1;;;1;998
4;2;8;28;28007;;1;1;A-5;13,583;3;5;2;;;1;1;1;;;6;1
4;1;21;28;28007;;3;2;No inventariada;;9;2;1;1;;1;4;1;;;1;998
4;2;15;28;28058;;1;1;M-50;60,665;2;4;2;;;1;1;1;;;1;1
4;2;18;28;28007;;1;1;A-5;15,237;3;4;2;;;1;1;1;;;1;1
4;5;17;28;28007;;1;1;A-5R;1,4;2;4;2;;;1;1;1;;;1;1
4;3;19;28;28007;;1;1;M-506;9;5;4;1;4;;1;1;1;;;1;1
4;1;14;28;28007;;1;1;M-506;8;5;10;1;4;;1;1;1;;;1;2
4;3;12;28;28007;;3;2;No inventariada;;9;7;1;1;;1;1;1;;;1;998
4;4;12;28;28007;;3;2;No inventariada;;9;7;1;1;;1;1;1;;;1;998
4;3;10;28;28007;;3;2;No inventariada;;9;7;1;1;;1;1;1;;;6;998
4;5;15;28;28007;;3;2;No inventariada;;9;4;2;;;1;1;1;;;1;998
4;2;21;28;28007;;3;2;No inventariada;;9;10;2;;;1;4;1;;;1;998
4;6;12;28;28007;;3;2;No inventariada;;9;10;1;2;;1;1;2;;;1;998
5;5;14;28;28007;;1;1;A-5;14,897;7;16;1;11;;1;1;1;;;1;1
5;6;18;28;28007;;3;2;No inventariada;;9;20;2;;;1;1;1;;;1;998
5;6;23;28;28007;;3;2;No inventariada;;9;10;2;;;1;4;2;;;1;998
5;7;21;28;28007;;3;2;No inventariada;;9;10;2;;;3;4;3;;;1;998
5;7;21;28;28007;;3;2;No inventariada;;9;2;2;;;3;3;3;;;18;998
5;5;9;28;28007;;3;2;No inventariada;;9;7;1;2;;1;1;1;;;18;998
5;5;19;28;28007;;3;2;No inventariada;;9;7;2;;;1;1;1;;;1;998
5;7;15;28;28007;;1;1;M-506;6;5;12;1;10;;1;1;1;;;1;2
5;3;16;28;28007;;3;2;No inventariada;;9;9;2;;;1;1;1;;;1;998
5;4;16;28;28007;;3;2;No inventariada;;9;7;2;;;1;1;1;;;1;998
5;5;20;28;28007;;3;2;No inventariada;;9;2;2;;;1;1;1;;;1;998
5;7;0;28;28007;;1;1;A-5;12,85;3;5;1;12;;1;4;1;;;1;1
5;3;12;28;28007;;3;2;No inventariada;;9;10;1;1;;1;1;1;;;1;998
5;3;15;28;28007;;3;2;No inventariada;;9;7;1;2;;1;1;1;;;1;998
5;3;16;28;28007;;3;2;No inventariada;;9;7;2;;;1;1;1;;;9;998
5;4;15;28;28007;;1;1;A-5;14,6;3;5;2;;;1;1;1;;;1;1
5;7;4;28;28007;;1;1;M-50;61,422;2;19;2;;;1;4;1;;;1;1
5;6;4;28;28007;;1;1;M-506;6,8;5;18;2;;;1;4;1;;;1;1
5;2;16;28;28007;;3;2;No inventariada;;9;4;2;;;1;1;1;;;1;998
5;3;13;28;28007;;3;2;No inventariada;;9;7;2;;;1;1;1;;;1;998
5;5;18;28;28007;;3;2;No inventariada;;9;10;2;;;1;1;1;;;1;998
6;1;9;28;28007;;3;2;No inventariada;;9;2;1;2;;1;1;1;;;1;998
6;1;19;28;28007;;3;2;No inventariada;;9;4;2;;;1;1;1;;;1;998
6;2;16;28;28007;;3;2;No inventariada;;9;7;2;;;1;1;1;;;1;998
6;7;13;28;28007;;1;1;M-506;6;5;12;2;;;1;1;2;;;1;2
6;7;15;28;28007;;1;1;A-5;12,868;3;16;2;;;1;1;1;;;1;1
6;1;7;28;28007;;3;2;No inventariada;;9;10;2;;;3;2;4;;;5;998
6;7;9;28;28007;;3;2;No inventariada;;9;1;1;4;;1;1;1;;;1;998
6;7;17;28;28007;;3;2;No inventariada;;9;2;2;;;1;1;1;;;1;998
6;4;9;28;28007;;1;1;M-50;64,1;2;4;2;;;1;1;1;;;1;1
6;4;15;28;28007;;1;1;A-5R;2,025;2;4;2;;;1;1;1;;;1;1
6;6;11;28;28007;;3;2;No inventariada;;9;7;1;2;;1;1;1;;;9;998
6;6;13;28;28007;;3;2;No inventariada;;9;10;2;;;1;1;1;;;1;998
6;6;21;28;28007;;3;2;No inventariada;;9;20;2;;;1;1;1;;;1;998
6;2;10;28;28007;;1;1;A-5;13,757;3;4;2;;;1;1;1;;;1;1
7;1;18;28;28007;;3;2;No inventariada;;9;10;2;;;1;1;1;;;1;998
7;5;19;28;28007;;1;1;M-506;8,914;5;12;2;;;1;1;1;;;1;1
7;5;18;28;28007;;3;2;No inventariada;;9;10;2;;;1;1;1;;;1;998
7;5;19;28;28007;;3;2;No inventariada;;9;2;2;;;1;1;1;;;1;998
7;2;15;28;28007;;1;1;A-5;12;3;12;2;;;1;1;1;;;1;2
7;3;12;28;28007;;3;2;No inventariada;;9;10;1;2;;1;1;1;;;1;998
7;2;20;28;28007;;3;2;No inventariada;;9;4;2;;;1;1;1;;;1;998
7;2;14;28;28007;;3;2;No inventariada;;9;10;2;;;8;1;1;;;1;998
7;1;7;28;28007;;3;2;No inventariada;;9;2;1;1;;1;1;1;;;1;998
7;2;21;28;28007;;1;1;M-506;7,9;5;4;2;;;1;1;1;;;1;2
7;2;21;28;28007;;1;1;A-5;12,142;3;4;2;;;1;3;1;;;1;1
7;4;18;28;28007;;3;2;No inventariada;;9;7;2;;;1;1;1;;;1;998
7;5;14;28;28007;;1;1;A-5R;2,1;2;5;2;;;1;1;1;;;18;1
7;4;20;28;28007;;3;2;No inventariada;;9;2;1;1;;1;1;1;;;1;998
7;1;6;28;28007;;3;2;No inventariada;;9;10;2;;;1;3;1;;;1;998
7;1;15;28;28007;;3;2;No inventariada;;9;7;2;;;1;1;1;;;1;998
7;7;21;28;28007;;3;2;No inventariada;;9;2;1;2;;1;3;1;;;1;998
7;4;10;28;28007;;3;2;No inventariada;;9;10;2;;;1;1;1;;;1;998
7;1;18;28;28007;;1;1;A-5R;1,6;2;4;2;;;1;1;1;;;1;1
8;6;14;28;28007;;3;2;No inventariada;;9;7;1;4;;1;1;1;;;1;998
8;6;23;28;28007;;1;1;A-5;12,1;3;12;1;12;A-5R;1;4;1;;;1;1
8;3;11;28;28007;;3;2;No inventariada;;9;7;2;;;1;1;1;;;1;998
8;4;11;28;28007;;3;2;No inventariada;;9;10;2;;;1;1;1;;;1;998
8;7;13;28;28007;;1;1;M-50;65,488;2;4;1;12;M-50;1;1;1;;;1;1
8;4;3;28;28007;;3;2;No inventariada;;9;12;1;4;;3;4;3;;;18;998
8;4;17;28;28007;;3;2;No inventariada;;9;7;2;;;1;4;1;;;1;998
8;2;10;28;28007;;3;2;No inventariada;;9;7;1;2;;1;1;1;;;1;998
8;3;5;28;28007;;1;1;M-50;61,333;2;6;2;;;1;4;1;;;1;1
8;2;8;28;28007;;3;2;No inventariada;;9;10;1;4;;8;1;1;;;1;998
8;3;14;28;28007;;3;2;No inventariada;;9;10;2;;;1;1;1;;;1;998
9;2;7;28;28007;;1;1;M-50;66,5;2;4;2;;;1;3;2;;;1;1
9;5;6;28;28007;;1;1;A-5;12,282;3;4;2;;;1;4;1;;;1;1
9;5;22;28;28007;;1;1;M-506;6,728;5;10;2;;;1;4;1;;;1;1
9;6;19;28;28092;;1;1;A-5;18,4;3;4;2;;;1;1;1;;;1;1
9;2;19;28;28007;;3;2;No inventariada;;9;2;2;;;1;1;1;;;1;998
9;4;10;28;28007;;3;2;No inventariada;;9;7;2;;;1;1;1;;;1;998
6;6;15;28;28007;;3;2;No inventariada;;9;4;2;;;3;1;4;;;18;998
9;5;18;28;28079;;1;1;M-40;33,521;3;4;2;;;1;1;1;;;1;1
9;5;20;28;28007;;3;2;No inventariada;;9;2;2;;;1;2;1;;;18;998
9;5;14;28;28007;;3;2;No inventariada;;9;4;2;;;1;1;1;;;1;998
9;3;8;28;28007;;3;2;No inventariada;;9;7;1;1;;1;1;1;;;18;998
9;1;7;28;28007;;3;2;No inventariada;;9;7;2;;;1;4;1;;;1;998
9;1;10;28;28007;;3;2;No inventariada;;9;7;1;1;;1;1;1;;;6;998
9;3;13;28;28007;;1;1;M-506;6,5;5;4;2;;;1;1;2;;;1;1
9;3;14;28;28007;;3;2;No inventariada;;9;10;2;;;1;1;2;;;1;998
9;4;9;28;28007;;3;2;No inventariada;;9;4;1;2;;1;1;1;;;6;998
9;5;9;28;28007;;3;2;No inventariada;;9;10;1;4;;1;1;1;;;6;998
9;5;15;28;28058;;1;1;M-506;9,125;5;4;1;4;M-506;1;1;1;;;1;1
9;5;18;28;28007;;1;1;A-5R;2,1;2;5;2;;;1;1;1;;;1;1
10;2;12;28;28007;;3;2;No inventariada;;9;6;2;;;1;1;1;;;1;998
10;2;15;28;28007;;3;2;No inventariada;;9;4;2;;;1;1;1;;;1;998
10;3;19;28;28007;;1;1;A-5;12,53;3;4;2;;;3;3;3;;;1;1
10;2;11;28;28007;;3;2;No inventariada;;9;3;2;;;3;1;3;;;1;998
10;2;13;28;28007;;3;2;No inventariada;;9;7;2;;;3;1;3;;;5;998
10;5;14;28;28007;;1;1;A-5;11,5;3;4;2;;;1;1;1;;;18;1
10;6;22;28;28007;;3;2;No inventariada;;9;4;2;;;1;4;1;;;18;998
10;7;12;28;28007;;1;1;A-5R;1,9;2;2;2;;;1;1;1;;;1;2
10;1;13;28;28007;;3;2;No inventariada;;9;3;1;4;;1;1;1;;;1;998
10;2;19;28;28007;;3;2;No inventariada;;9;3;1;4;;1;2;1;;;1;998
10;3;8;28;28007;;3;2;No inventariada;;9;4;1;4;;1;3;1;;;1;998
10;5;10;28;28007;;3;2;No inventariada;;9;10;2;;;3;1;3;;;1;998
10;4;13;28;28007;;3;2;No inventariada;;9;3;2;;;1;1;1;;;1;998
10;4;12;28;28007;;3;2;No inventariada;;9;9;2;;;1;1;1;;;1;998
10;4;11;28;28007;;3;2;No inventariada;;11;7;2;;;1;1;1;;;1;998
10;7;11;28;28007;;3;2;No inventariada;;14;20;1;4;;1;1;1;;;12;998
10;3;13;28;28007;;3;2;No inventariada;;9;10;1;4;;1;1;1;;;1;998
11;1;18;28;28007;;1;1;A-5;12,4;3;5;2;;;1;4;2;;;1;1
11;3;18;28;28007;;1;1;A-5;12,435;3;4;2;;;1;4;1;;;1;1
11;4;14;28;28007;;1;1;M-506;4,95;5;4;2;;;1;1;1;;;1;1
11;6;0;28;28007;;1;1;A-5;13,752;3;7;2;;;1;4;1;;;1;1
11;7;1;28;28007;;3;2;No inventariada;;9;;1;1;;999;999;999;;;999;998
11;6;20;28;28007;;1;1;M-506;6,5;5;4;1;2;A-5;1;4;1;;;1;1
11;2;13;28;28007;;3;2;No inventariada;;9;3;1;4;;1;1;1;;;9;998
11;6;11;28;28007;;3;2;No inventariada;;9;7;2;;;1;1;1;;;9;998
4;4;7;28;28007;;3;2;No inventariada;;9;3;1;2;;1;1;1;;;1;998
11;5;15;28;28007;;1;1;A-5;13,5;3;4;2;;;1;1;1;;;1;1
11;7;19;28;28007;;1;1;A-5;12,3;3;4;2;;;1;3;1;;;1;1
11;2;9;28;28007;;3;2;No inventariada;;9;7;1;1;;1;1;2;;;1;998
11;7;19;28;28007;;1;1;A-5;12,2;3;4;2;;;1;4;1;;;1;1
11;3;8;28;28007;;1;1;A-5;13,277;3;4;2;;;1;1;1;;;1;2
11;6;19;28;28007;;3;2;No inventariada;;9;7;1;2;;1;4;1;;;1;998
11;6;14;28;28007;;3;2;No inventariada;;9;10;1;4;;1;1;1;;;1;998
11;4;9;28;28007;;1;1;M-50;65,5;2;3;2;;;1;1;1;;;1;1
11;4;16;28;28007;;1;1;A-5;12,6;3;4;2;;;1;2;1;;;1;1
11;4;17;28;28007;;1;1;A-5;12,8;3;4;2;;;1;1;1;;;1;1
12;3;17;28;28007;;1;1;A-5;15,374;3;4;2;;;1;1;1;;;6;1
12;4;9;28;28007;;3;2;No inventariada;;9;7;1;2;;1;1;1;;;1;998
12;5;15;28;28007;;1;1;M-50;63,135;7;5;2;;;1;1;1;;;1;1
12;5;13;28;28007;;1;1;A-5;14,783;7;5;2;;;1;1;1;;;1;1
12;6;16;28;28007;;1;1;M-506;5,428;5;12;2;;;1;1;1;;;1;3
12;2;19;28;28007;;1;1;M-506;6,592;5;4;2;;;1;4;1;;;1;1
12;5;12;28;28007;;1;1;M-506;5;5;4;1;4;;1;1;1;;;1;2
12;2;9;28;28007;;3;2;No inventariada;;9;7;2;;;1;2;1;;;5;998
12;7;17;28;28007;;1;1;M-50;63,5;2;16;2;;;1;1;1;;;1;1
12;7;20;28;28007;;3;2;No inventariada;;9;20;1;4;;1;4;1;;;1;998
12;2;13;28;28007;;1;1;M-501;0,595;5;2;1;4;;1;1;1;;;3;2
1;3;13;28;0;;1;1;M-507;16,636;6;4;2;;;3;1;3;;;1;1
7;6;0;28;0;;1;1;M-507;18,3;6;1;2;;;1;5;1;;;10;2
7;5;20;28;0;;1;1;M-507;17,295;6;7;2;;;1;1;1;;;1;1
8;4;3;28;0;;1;1;M-507;17,244;6;16;2;;;1;5;1;;;1;1
10;7;9;28;0;;2;2;M-507;17,042;6;7;2;;;1;1;1;;;1;1
10;5;15;28;0;;1;1;M-507;15,596;6;3;2;;;1;1;1;;;1;1
11;6;14;28;0;;1;1;M-507;14,1;6;3;2;;;1;1;1;;;1;1
12;1;17;28;0;;1;1;M-507;20,079;6;19;2;;;1;2;7;;;6;1
1;2;15;28;28134;;1;1;M-100;24,353;6;3;1;4;;1;1;1;;;1;2
1;7;11;28;28134;;1;1;A-1;27,624;3;10;2;;;3;1;3;1;;1;1
1;2;21;28;28009;;1;1;M-111;17,1;5;20;2;;;1;6;1;;;1;1
1;3;7;28;28009;;1;1;M-106;3,159;5;7;2;;;1;4;1;;;1;1
1;6;13;28;28134;;1;1;A-1;27,984;3;5;2;;;1;1;1;;;1;1
2;1;10;28;28009;;1;1;M-123;2,845;6;1;2;;;1;1;1;;;1;1
3;4;17;28;28009;;1;1;M-106;1,124;5;16;1;4;;1;1;1;;;1;2
1;1;7;28;28009;;1;1;M-106;3,6;5;19;1;2;;1;4;2;1;;5;1
2;1;13;28;28009;;3;2;No inventariada;;9;7;2;;;1;1;1;;;1;998
3;5;15;28;28009;;3;2;No inventariada;;9;7;2;;;1;1;1;;;1;998
4;5;20;28;28009;;3;2;No inventariada;;9;1;1;2;;1;1;1;;;1;998
4;7;10;28;28009;;3;2;No inventariada;;11;4;2;;;1;1;1;;;1;998
5;3;9;28;28009;;3;2;No inventariada;;9;4;1;2;;1;1;1;;;1;998
7;1;22;28;28009;;1;1;M-106;3,1;5;7;1;4;M-106;1;4;1;;;1;2
9;2;16;28;28009;;1;1;M-111;18;5;1;2;;;1;1;7;;;18;1
9;7;21;28;28009;;1;1;M-103;9,8;6;4;2;;;1;6;1;;;1;1
10;5;21;28;28009;;1;1;M-123;2,239;6;15;2;;;1;6;1;;;1;1
11;3;12;28;28009;;1;1;M-123;0,4;6;20;2;;;1;1;1;;;1;1
12;3;14;28;28009;;1;1;M-106;0,1;6;4;2;;;1;1;1;;;1;1
1;3;8;28;28010;;1;1;M-619;1,1;6;10;1;4;M-620;3;1;3;;;1;2
1;3;7;28;28010;;3;2;No inventariada;;9;7;2;;;1;3;7;;;1;998
1;1;13;28;28010;;3;2;No inventariada;;9;7;1;1;;1;1;1;;;18;998
2;4;17;28;28010;;1;1;M-619;1,047;6;10;2;;;1;1;1;;;1;2
4;6;12;28;28010;;1;1;M-601;2,7;6;2;1;2;;1;1;1;;;1;1
5;5;11;28;28010;;1;1;M-619;0,178;6;4;1;4;M-601;1;1;1;;;1;1
7;5;19;28;28010;;1;1;M-601;3,5;6;1;2;;;1;1;1;;;1;1
9;3;16;28;28010;;1;1;M-619;2,99;6;3;1;2;M-619;1;1;1;;;1;1
9;1;0;28;28010;;1;1;M-601;2,2;6;19;2;;;1;6;1;;;1;2
10;5;16;28;28010;;1;1;M-601;2,689;6;3;1;2;;1;1;1;;;1;1
1;1;11;28;0;;1;1;M-204;19,104;6;19;2;;;1;1;1;;;1;1
1;7;10;28;0;;1;1;M-204;18,6;6;15;2;;;1;1;1;;;1;1
2;7;11;28;0;;1;1;M-215;0,5;6;19;2;;;1;1;1;;;1;1
5;2;20;28;0;;1;1;M-204;20,2;6;18;2;;;1;2;2;;;1;2
11;2;17;28;0;;1;1;M-215;4;6;16;2;;;1;2;1;;;1;2
2;5;23;28;0;;1;1;M-213;4;6;18;2;;;1;6;1;;;1;1
1;7;14;28;28013;;1;1;N-400;15,4;6;12;2;;;1;1;1;;;1;1
1;2;15;28;28013;;3;2;No inventariada;;9;2;1;1;;1;1;1;;;1;998
1;2;11;28;28013;;3;2;No inventariada;;9;7;2;;;1;1;1;;;1;998
1;3;15;28;28013;;3;2;No inventariada;;9;7;2;;;1;1;1;;;1;998
2;1;9;28;28013;;3;2;No inventariada;;9;7;2;;;1;1;1;;;1;998
2;1;11;28;28013;;1;1;N-400;24,5;6;2;2;;;1;1;1;;;1;1
2;2;14;28;28013;;3;2;No inventariada;;9;4;2;;;1;1;1;;;1;998
2;5;14;28;28013;;1;1;CM-4006;22;3;14;2;;;1;1;1;;;1;1
3;6;1;28;28013;;3;2;No inventariada;;9;2;1;1;;1;4;1;;;1;998
3;2;17;28;28013;;3;2;No inventariada;;9;7;1;1;;1;1;1;;;1;998
3;2;8;28;28013;;3;2;No inventariada;;9;7;2;;;1;1;1;;;16;998
3;6;16;28;28013;;3;2;No inventariada;;9;19;2;;;1;1;1;;;1;998
3;1;7;28;28013;;1;1;M-305;3,358;6;3;1;4;M-305;1;1;1;;;1;2
3;1;13;28;28013;;1;1;M-305re;0,4;5;1;2;;;1;1;2;;;1;1
3;4;9;28;28013;;3;2;No inventariada;;9;7;2;;;1;1;1;;;1;998
3;3;17;28;28013;;3;2;No inventariada;;9;2;1;1;;3;1;3;;;9;998
3;7;19;45;45161;;1;1;M-305;0,354;5;17;2;;;3;1;3;;;1;1
4;5;18;28;28013;;1;1;CM-4006;22,6;6;1;2;;;1;1;1;;;1;1
4;3;11;28;28013;;3;2;No inventariada;;9;7;1;1;;1;1;1;;;1;998
4;2;9;28;28013;;3;2;No inventariada;;9;20;1;1;;1;1;1;;;1;998
4;3;9;28;28013;;3;2;No inventariada;;9;7;1;1;;1;1;1;;;1;998
4;6;20;28;28013;;3;2;No inventariada;;9;7;1;1;;1;1;1;;;1;998
5;5;12;28;28013;;1;1;M-305re;3,406;8;10;1;2;;1;1;1;;;1;1
5;5;10;28;28013;;3;2;No inventariada;;9;7;1;1;;1;1;1;;;1;998
5;7;11;28;28013;;3;2;No inventariada;;9;7;1;1;;1;1;1;;;1;998
5;2;14;28;28013;;3;2;No inventariada;;9;7;2;;;1;1;1;;;1;998
5;4;14;28;28013;;1;1;N-4A;50;6;18;2;;;1;1;1;;;1;2
5;5;8;28;28013;;3;2;No inventariada;;9;2;1;1;;1;1;1;;;1;998
5;4;15;28;28013;;1;1;R-4;32,3;1;3;2;;;1;1;1;;;1;1
6;3;11;28;28013;;3;2;No inventariada;;9;7;2;;;1;1;1;;;18;998
6;7;15;28;28013;;1;1;M-305re;4,365;6;2;1;1;;1;1;1;;;1;1
7;2;11;28;28013;;1;1;M-305re;1;5;12;2;;;1;1;1;;;1;1
6;6;19;28;28013;;3;2;No inventariada;;9;2;1;1;;1;1;1;;;1;998
7;4;15;28;28013;;1;1;N-400;25;6;2;1;1;;1;1;1;;;1;1
7;5;18;28;28013;;1;1;CM-4006;24,1;6;14;2;;;1;1;1;;;1;1
7;3;15;28;28013;;1;1;N-400;25,6;6;3;1;1;N-400;1;1;1;;;1;1
7;4;20;28;28013;;3;2;No inventariada;;9;7;2;;;1;1;1;;;11;998
7;1;23;28;28013;;3;2;No inventariada;;9;2;1;1;;1;4;1;;;1;998
6;6;21;28;28013;;3;2;No inventariada;;9;7;2;;;1;3;1;;;9;998
8;1;13;28;28013;;3;2;No inventariada;;9;2;1;1;;1;1;1;;;1;998
8;6;18;28;28013;;1;1;N-400;25,4;6;2;1;1;;1;1;2;;;1;1
9;2;14;28;28013;;1;1;N-400;25,6;6;2;1;1;;1;1;1;;;9;1
9;1;14;28;28013;;1;1;N-400;25,6;6;2;1;1;;1;1;7;;;1;1
9;4;15;28;28013;;1;1;M-305re;3,4;5;4;2;;;1;1;1;;;1;1
10;3;20;28;28013;;1;1;A-4;46,805;3;12;2;;;8;6;3;;;1;1
9;3;9;28;28013;;3;2;No inventariada;;9;7;2;;;1;2;1;;;6;998
9;5;19;28;28013;;3;2;No inventariada;;9;7;2;;;1;5;1;;;1;998
10;2;17;28;28013;;3;2;No inventariada;;9;2;2;;;1;1;1;;;1;998
10;3;11;28;28013;;1;1;M-305re;2,4;5;4;2;;;1;1;1;;;1;1
10;3;16;28;28013;;3;2;No inventariada;;9;2;1;1;;1;1;1;;;1;998
10;2;20;28;28013;;3;2;No inventariada;;9;7;2;;;1;3;1;;;1;998
10;1;19;28;28013;;3;2;No inventariada;;9;7;1;2;;1;3;1;;;1;998
11;7;22;45;45161;;1;1;M-305;3,123;5;2;2;;;1;4;1;;;1;1
11;7;22;28;28013;;1;1;N-400;33,55;6;16;2;;;1;6;1;;;1;1
11;5;20;28;28013;;1;1;N-400;25,8;6;2;1;1;;1;6;2;;;1;1
12;1;9;28;28013;;1;1;M-305re;3,545;8;19;1;4;;7;1;7;;;1;1
12;7;17;28;28013;;1;1;A-4;48;3;5;2;;;1;1;1;;;1;1
12;3;19;28;28013;;1;1;M-305re;3,087;8;2;1;2;M-305a;1;4;1;;;18;1
10;2;7;28;28013;;3;2;No inventariada;;9;2;1;4;;1;1;1;;;1;998
12;6;8;28;28013;;1;1;A-4;48,561;3;4;2;;;1;1;1;;;1;1
12;7;10;28;28013;;1;1;N-400;25,55;6;2;1;1;;1;1;1;;;1;1
12;4;17;28;28013;;1;1;R-4;33,5;1;16;2;;;3;3;2;;;1;3
12;6;20;28;28013;;1;1;A-4;51,2;3;4;2;;;1;6;1;;;1;1
12;2;16;28;28013;;1;1;M-416RE1;3,5;6;1;2;;;1;1;1;;;1;1
1;5;12;28;28014;;1;1;M-300;0,1;6;3;1;4;M-300;1;1;1;;;1;2