MES;DIA_SEMANA;HORA;COD_PROVINCIA;COD_MUNICIPIO;ISLA;ZONA;ZONA_AGRUPADA;CARRETERA;KM;TIPO_VIA;TIPO_ACCIDENTE;NUDO;NUDO_INFO;CARRETERA_CRUCE;CONDICION_FIRME;CONDICION_ILUMINACION;CONDICION_METEO;CONDICION_NIEBLA;CONDICION_VIENTO;VISIB_RESTRINGIDA_POR;TRAZADO_PLANTA
1;5;11;28;28014;;3;2;No inventariada;;9;7;2;;;1;1;1;;;1;998
1;3;8;28;28014;;1;1;A-3;20,8;3;5;2;;;3;4;4;;;5;1
1;3;16;28;28014;;1;1;M-300;0;6;2;1;4;A-3;1;1;1;;;1;2
2;1;15;28;28014;;1;1;M-300;5,985;6;1;2;;;1;1;1;;;1;2
1;7;19;28;28014;;3;2;No inventariada;;9;7;2;;;1;3;1;;;1;998
2;5;21;28;28014;;3;2;No inventariada;;9;7;2;;;1;4;1;;;1;998
2;6;11;28;28014;;1;1;A-3;22,052;8;4;2;;;1;1;1;;;1;1
2;5;15;28;28014;;1;1;M-300;0,2;6;12;2;;;1;1;1;;;1;1
2;7;20;28;28014;;3;2;No inventariada;;9;10;2;;;1;3;1;;;1;998
2;3;9;28;28014;;1;1;A-3;21,54;3;4;2;;;1;1;1;;;1;1
2;7;15;28;28014;;3;2;No inventariada;;9;10;1;2;;1;1;1;;;1;998
3;2;10;28;28014;;1;1;A-3;25;3;5;2;;;1;1;1;;;1;1
3;5;10;28;28014;;1;1;A-3;25,27;3;19;2;;;3;1;1;;;1;2
3;6;16;28;28014;;3;2;No inventariada;;9;2;1;4;;1;1;1;;;1;998
3;5;16;28;28014;;1;1;M-832;3,43;6;16;2;;;1;1;1;;;1;1
3;5;19;28;28014;;1;1;A-3;31,8;3;4;2;;;1;1;1;;;1;1
3;6;18;28;28014;;1;1;A-3;22,367;3;12;2;;;1;1;1;;;1;2
3;6;22;28;28014;;3;2;No inventariada;;9;7;2;;;1;4;1;;;1;998
3;1;15;28;28014;;1;1;M-300;1,7;6;4;2;;;1;1;1;;;1;1
3;7;13;28;28014;;3;2;No inventariada;;9;4;2;;;1;1;1;;;1;998
3;7;14;28;28014;;1;1;M-229;3,5;6;19;2;;;1;1;1;;;1;2
3;1;14;28;28014;;3;2;No inventariada;;9;7;2;;;1;1;1;;;1;998
4;1;9;28;28014;;1;1;A-3;21,074;3;5;2;;;1;1;1;;;1;1
4;1;13;28;28014;;1;1;A-3;23,2;3;4;2;;;1;1;1;;;1;1
4;4;18;28;28014;;3;2;No inventariada;;9;19;2;;;1;1;1;;;1;998
4;4;19;28;28014;;3;2;No inventariada;;9;4;2;;;1;1;1;;;1;998
4;5;10;28;28014;;1;1;M-229;3,363;6;18;2;;;1;1;1;;;1;2
4;2;19;28;28014;;3;2;No inventariada;;9;2;2;;;1;1;1;;;1;998
5;7;19;28;28014;;1;1;A-3;27,3;3;4;2;;;3;1;4;;;5;1
4;3;21;28;28014;;3;2;No inventariada;;9;2;1;3;;1;3;1;;;1;998
5;6;23;28;28014;;1;1;A-3;27,8;3;6;2;;;1;6;1;;;1;1
5;7;13;28;28014;;1;1;M-300;3,5;6;4;2;;;1;1;1;;;1;1
4;6;13;28;28014;;3;2;No inventariada;;9;1;2;;;1;1;1;;;1;998
5;4;9;28;28014;;3;2;No inventariada;;9;3;2;;;1;1;1;;;1;998
5;5;15;28;28014;;3;2;No inventariada;;9;5;2;;;1;1;1;;;1;998
5;5;20;28;28014;;3;2;No inventariada;;9;7;2;;;1;1;1;;;11;998
6;7;20;28;28123;;1;1;A-3;20,5;3;4;2;;;1;1;1;;;1;1
5;6;23;28;28014;;1;1;A-3;28;3;6;2;;;1;6;1;;;9;1
6;1;20;28;28014;;3;2;No inventariada;;9;16;2;;;1;1;1;;;1;998
6;6;14;28;28014;;1;1;M-506;49,1;6;3;1;4;M-311;1;1;1;;;1;1
6;1;14;28;28014;;1;1;A-3;20,762;3;4;2;;;1;1;1;;;1;1
6;1;17;28;28014;;1;1;M-300;4,5;6;4;2;;;1;1;1;;;1;1
6;2;7;28;28014;;1;1;M-300;3,4;6;3;1;4;;1;1;1;;;1;1
6;6;2;28;28014;;1;1;A-3;25,7;3;4;2;;;3;6;3;;;1;1
7;4;16;28;28014;;1;1;M-300;2,875;6;4;2;;;1;1;1;;;1;1
6;4;11;28;28014;;3;2;No inventariada;;9;2;2;;;1;1;1;;;1;998
6;7;14;28;28014;;3;2;No inventariada;;9;4;2;;;1;1;1;;;1;998
6;1;15;28;28014;;3;2;No inventariada;;9;10;2;;;1;1;1;;;1;998
7;7;21;28;28014;;1;1;A-3;21;3;4;2;;;1;2;1;;;1;1
8;5;19;28;28014;;1;1;M-506;49,2;6;19;1;4;M-311;1;1;1;;;1;1
8;6;23;28;28014;;1;1;A-3;23;3;4;2;;;1;6;1;;;1;1
8;1;13;28;28014;;1;1;A-3;24,805;3;4;2;;;1;1;1;;;1;1
8;7;22;28;28014;;1;1;A-3;25,609;3;4;2;;;1;6;1;;;1;2
8;5;14;28;28014;;1;1;A-3;31,435;3;4;2;;;1;1;1;;;1;1
8;6;21;28;28014;;1;1;M-506;49,2;6;4;1;4;M-311;3;4;1;;;1;1
8;6;13;28;28014;;1;1;A-3;22,869;3;5;2;;;1;1;1;;;1;1
6;2;20;28;28014;;3;2;No inventariada;;9;7;2;;;1;1;1;;;1;998
6;7;9;28;28014;;3;2;No inventariada;;9;2;1;4;;1;1;1;;;1;998
9;1;14;28;28014;;1;1;A-3;28;3;4;2;;;1;1;1;;;1;1
6;2;19;28;28014;;3;2;No inventariada;;9;2;2;;;1;1;1;;;1;998
6;5;18;28;28014;;3;2;No inventariada;;9;7;2;;;1;1;1;;;1;998
7;7;13;28;28014;;3;2;No inventariada;;9;16;2;;;1;1;1;;;1;998
7;1;16;28;28014;;3;2;No inventariada;;9;4;2;;;1;1;1;;;1;998
7;5;18;28;28014;;3;2;No inventariada;;9;2;2;;;1;1;1;;;1;998
7;4;12;28;28014;;3;2;No inventariada;;9;2;2;;;1;1;1;;;1;998
7;4;16;28;28014;;3;2;No inventariada;;9;3;2;;;1;1;1;;;1;998
8;6;3;28;28014;;3;2;No inventariada;;9;7;2;;;1;1;1;;;1;998
8;6;21;28;28014;;3;2;No inventariada;;9;4;2;;;1;1;1;;;1;998
3;4;15;28;28014;;3;2;No inventariada;;9;10;1;4;;8;1;1;;;1;998
8;3;19;28;28014;;3;2;No inventariada;;9;2;1;2;;1;1;1;;;1;998
8;4;14;28;28014;;3;2;No inventariada;;9;4;2;;;1;1;1;;;1;998
9;7;22;28;28014;;1;1;M-208;1,5;6;19;2;;;1;6;1;;;1;2
9;4;15;28;28014;;3;2;No inventariada;;9;4;1;4;;1;1;1;;;1;998
9;4;11;28;28014;;3;2;No inventariada;;9;7;2;;;1;1;1;;;1;998
9;3;13;28;28014;;3;2;No inventariada;;9;4;1;4;;1;1;1;;;1;998
9;1;9;28;28014;;1;1;R-3;20,235;1;16;2;;;1;1;1;;;1;1
10;3;7;28;28014;;1;1;A-3;21,2;3;5;2;;;1;4;1;;;1;1
9;1;22;28;28014;;3;2;No inventariada;;9;4;2;;;1;4;1;;;1;998
9;1;8;28;28014;;1;1;A-3;30;3;5;2;;;1;1;1;;;1;1
10;4;10;28;28014;;1;1;A-3;25,859;3;4;2;;;1;1;1;;;1;1
9;2;13;28;28014;;3;2;No inventariada;;9;16;2;;;1;1;1;;;1;998
9;5;18;28;28014;;3;2;No inventariada;;9;2;1;4;;1;1;1;;;1;998
10;6;22;28;28014;;1;1;A-3;25;3;4;2;;;3;4;3;;;1;1
9;1;12;28;28014;;3;2;No inventariada;;9;7;2;;;1;1;1;;;1;998
10;3;13;28;28014;;3;2;No inventariada;;9;10;2;;;1;1;1;;;1;998
10;3;19;28;28014;;3;2;No inventariada;;9;7;2;;;1;3;1;;;1;998
9;2;14;28;28014;;3;2;No inventariada;;9;20;2;;;1;1;1;;;1;998
10;4;6;28;28014;;3;2;No inventariada;;9;16;2;;;1;3;1;;;1;998
10;1;12;28;28014;;3;2;No inventariada;;9;7;2;;;3;1;2;;;1;998
10;2;12;28;28014;;1;1;M-832;2,651;6;4;1;2;;1;1;1;;;1;1
10;1;8;28;28014;;3;2;No inventariada;;9;7;2;;;1;1;1;;;1;998
11;3;8;28;28014;;1;1;M-300;1,9;6;4;1;4;;1;1;1;;;1;2
11;5;13;28;28014;;1;1;M-300;6;6;15;2;;;1;1;2;;;1;2
11;7;14;28;28014;;1;1;A-3;22,5;3;5;2;;;1;1;1;;;1;1
10;3;10;28;28014;;3;2;No inventariada;;9;7;2;;;1;1;1;;;1;998
10;3;18;28;28014;;3;2;No inventariada;;9;4;2;;;1;1;1;;;1;998
11;2;20;28;28014;;3;2;No inventariada;;9;10;2;;;1;4;1;;;1;998
11;4;6;28;28014;;3;2;No inventariada;;9;4;2;;;1;1;1;;;1;998
11;4;12;28;28014;;3;2;No inventariada;;9;2;2;;;1;1;1;;;1;998
10;1;9;28;28014;;3;2;No inventariada;;9;4;2;;;1;1;1;;;1;998
11;1;14;28;28014;;1;1;M-313RE;1,2;6;2;2;;;3;1;3;;;1;2
11;2;9;28;28014;;1;1;M-300;1,439;6;4;1;1;;1;2;1;;;1;1
11;6;12;28;28014;;3;2;No inventariada;;9;4;2;;;1;1;1;;;1;998
11;1;17;28;28014;;3;2;No inventariada;;9;7;2;;;1;1;1;;;1;998
12;1;18;28;28014;;1;1;M-300;4,703;6;2;1;4;M-209;1;1;1;;;1;2
12;2;8;28;28014;;1;1;A-3;21,6;3;3;2;;;1;2;1;;;1;1
12;2;8;28;28014;;1;1;A-3;21,6;3;4;2;;;1;3;1;;;1;1
12;6;14;28;28014;;1;1;A-3;20,8;3;4;2;;;1;1;1;;;1;1
12;7;9;28;28014;;1;1;A-3;31,6;3;4;2;;;1;1;1;;;6;1
12;3;11;28;28014;;1;1;M-208;1,6;6;1;2;;;1;1;1;;;1;1
12;6;18;28;28014;;1;1;A-3;20,8;3;4;2;;;1;4;1;;;1;1
12;7;9;28;28014;;1;1;A-3;31,621;3;5;2;;;1;2;1;;;6;1
1;4;17;28;28015;;3;2;No inventariada;;9;4;1;4;;3;1;3;;;1;998
2;2;15;28;28015;;3;2;No inventariada;;9;2;1;1;;1;1;1;;;1;998
2;3;12;28;28015;;3;2;No inventariada;;9;2;1;4;;1;1;1;;;1;998
2;3;12;28;28015;;3;2;No inventariada;;9;10;1;4;;1;1;1;;;1;998
3;5;19;28;28089;;1;1;M-413;8,922;6;2;1;4;M-413;1;6;1;;;1;2
3;5;18;28;28015;;3;2;No inventariada;;9;2;1;1;;1;1;1;;;18;998
3;4;8;28;28015;;3;2;No inventariada;;9;10;2;;;1;1;1;;;1;998
3;2;16;28;28015;;3;2;No inventariada;;9;10;2;;;1;1;1;;;1;998
3;2;13;28;28015;;3;2;No inventariada;;9;14;2;;;3;1;3;;;1;998
4;7;20;28;28015;;3;2;No inventariada;;9;7;2;;;1;1;1;;;1;998
4;5;20;28;28015;;3;2;No inventariada;;9;7;1;4;;1;2;1;;;1;998
5;2;19;28;28015;;3;2;No inventariada;;9;7;1;1;;1;1;1;;;1;998
5;4;14;28;28015;;1;1;M-413;10,7;6;3;2;;;1;1;1;;;1;3
5;4;12;28;28015;;3;2;No inventariada;;9;20;2;;;1;1;1;;;18;998
7;3;18;28;28015;;3;2;No inventariada;;9;7;2;;;1;1;1;;;1;998
7;5;21;28;28015;;3;2;No inventariada;;9;2;1;4;;1;3;1;;;1;998
7;2;3;28;28015;;3;2;No inventariada;;9;2;2;;;1;4;1;;;1;998
8;2;13;28;28015;;3;2;No inventariada;;9;7;2;;;1;1;1;;;18;998
8;3;10;28;28015;;3;2;No inventariada;;9;7;2;;;1;1;1;;;1;998
9;1;12;28;28015;;3;2;No inventariada;;9;4;2;;;1;1;1;;;18;998
9;5;21;28;28015;;3;2;No inventariada;;9;2;2;;;1;4;7;;;18;998
10;1;22;28;28015;;3;2;No inventariada;;9;2;1;2;;1;4;1;;;1;998
10;1;14;28;28015;;3;2;No inventariada;;9;10;2;;;1;1;7;;;1;998
10;2;21;28;28015;;3;2;No inventariada;;9;7;2;;;1;4;2;;;9;998
10;5;18;28;28015;;3;2;No inventariada;;9;2;1;1;;1;2;1;;;1;998
10;1;7;28;28015;;3;2;No inventariada;;9;7;2;;;3;3;2;;;18;998
11;2;6;28;28015;;3;2;No inventariada;;9;7;1;4;;1;4;1;;;8;998
11;7;19;28;28015;;3;2;No inventariada;;9;2;1;2;;1;4;1;;;1;998
11;3;20;28;28015;;3;2;No inventariada;;9;10;2;;;1;4;1;;;1;998
11;6;3;28;28092;;1;1;N-5A;22,201;6;1;2;;;1;6;1;;;1;1
12;2;9;28;28015;;3;2;No inventariada;;9;7;2;;;1;1;7;;;6;998
12;4;21;28;28015;;2;2;M-413;9,892;6;4;2;;;1;4;1;;;1;1
12;5;23;28;28015;;3;2;No inventariada;;9;7;1;1;;1;4;2;;;1;998
7;7;13;28;0;;1;1;M-133;12,9;6;19;2;;;1;1;1;;;1;2
2;5;20;28;0;;1;1;M-404;9,622;6;2;1;10;;3;5;2;;;4;2
3;3;13;28;0;;3;2;No inventariada;;9;8;2;;;1;1;1;;;11;998
5;5;14;28;0;;1;1;M-404;10,386;6;16;2;;;1;1;1;;;1;2
3;2;9;28;28018;;1;1;M-607;55,3;6;3;2;;;1;1;1;;;18;2
3;3;10;28;28018;;1;1;M-623;4,083;6;3;1;12;M-623;1;1;1;;;1;1
7;5;20;28;28018;;3;2;No inventariada;;9;7;2;;;1;1;1;;;1;998
9;7;19;28;28018;;1;1;M-623;3,298;6;5;2;;;1;1;1;;;1;1
12;6;12;28;28018;;1;1;M-623;4,195;6;4;1;2;;1;1;1;;;18;1
12;6;15;28;28018;;1;1;M-623;3,482;6;4;2;;;1;1;1;;;1;1
6;6;9;28;0;;1;1;M-404;68,8;6;10;2;;;1;1;1;;;1;2
6;6;12;28;0;;1;1;M-127;24,6;6;1;2;;;1;1;1;;;4;2
9;2;16;28;0;;1;1;M-127;22,7;6;19;2;;;1;1;1;1;;1;2
1;3;16;28;0;;1;1;M-127;14,095;6;14;2;;;3;1;3;;;1;3
2;6;19;28;0;;1;1;M-131;6,157;6;18;2;;;1;6;1;;;1;2
3;1;17;28;0;;1;1;M-131;11,2;6;19;2;;;1;1;1;;;1;2
5;7;12;28;0;;1;1;M-127;7;6;2;2;;;1;1;1;;;1;2
9;6;15;28;0;;1;1;M-127;4,1;6;19;2;;;1;1;1;;;1;4
11;6;12;28;0;;1;1;M-133;2,049;6;19;2;;;1;1;1;;;1;2
1;5;9;28;28022;;1;1;M-501;3;5;4;2;;;1;1;1;;;1;1
1;2;7;28;28080;;1;1;M-50;73,6;2;4;2;;;3;4;2;;;4;1
1;1;22;28;28022;;3;2;No inventariada;;9;2;1;4;;1;4;1;;;1;998
1;2;12;28;28022;;1;1;M-501;2,225;7;4;2;;;1;1;1;;;1;1
1;4;22;28;28022;;3;2;No inventariada;;9;2;1;1;;1;4;1;;;1;998
1;3;7;28;28181;;1;1;M-50;68,274;2;3;2;;;1;4;1;;;1;1
1;5;5;28;28022;;3;2;No inventariada;;9;16;1;1;;3;4;3;;;18;998
2;2;7;28;28022;;3;2;No inventariada;;9;12;2;;;1;4;7;;;1;998
2;2;20;28;28022;;3;2;No inventariada;;9;16;2;;;1;4;1;;;1;998
2;2;15;28;28022;;1;1;M-501;3,9;5;4;1;10;;1;1;1;;;1;1
3;2;18;28;28022;;1;1;M-513;3,35;6;3;2;;;1;1;1;;;1;2
3;1;11;28;28022;;1;1;M-501;4,407;8;10;2;;;1;1;1;;;1;2
3;4;16;28;28022;;3;2;No inventariada;;9;10;2;;;1;1;1;;;1;998
3;1;17;28;28022;;3;2;No inventariada;;9;2;2;;;1;1;1;;;1;998
3;2;20;28;28022;;3;2;No inventariada;;9;4;2;;;1;3;1;;;1;998
4;1;8;28;28022;;1;1;M-513;9,153;6;1;2;;;1;1;1;;;1;1
4;5;16;28;28022;;3;2;No inventariada;;9;2;1;1;;1;1;1;;;1;998
4;3;9;28;28022;;3;2;No inventariada;;9;7;1;1;;1;1;1;;;1;998
4;3;15;28;28022;;3;2;No inventariada;;9;7;1;1;;1;1;1;;;1;998
4;1;14;28;28022;;3;2;No inventariada;;9;7;1;1;;1;1;1;;;1;998
4;2;18;28;28022;;3;2;No inventariada;;9;7;1;1;;1;1;1;;;1;998
5;3;19;28;28022;;1;1;M-501;1,958;5;5;2;;;1;1;2;;;1;1
5;2;19;28;28022;;3;2;No inventariada;;9;2;1;1;;1;1;1;;;1;998
5;3;10;28;28022;;3;2;No inventariada;;9;2;2;;;1;1;1;;;1;998
5;2;0;28;28022;;3;2;No inventariada;;9;12;2;;;1;4;1;;;1;998
5;4;13;28;28022;;1;1;M-501;3,238;5;4;2;;;1;1;1;;;1;1
5;2;19;28;28022;;3;2;No inventariada;;9;2;1;4;;1;1;1;;;1;998
5;4;8;28;28022;;1;1;M-513;7;6;4;1;4;M-50;1;1;1;;;1;1
5;3;22;28;28022;;3;2;No inventariada;;9;2;2;;;1;4;1;;;1;998
5;3;17;28;28022;;3;2;No inventariada;;9;2;1;1;;1;1;1;;;1;998
5;4;21;28;28022;;1;1;M-513;7;6;2;1;4;M-50;1;4;1;;;1;2
5;4;8;28;28022;;3;2;No inventariada;;9;7;1;1;;1;1;1;;;1;998
5;3;10;28;28022;;3;2;No inventariada;;9;7;2;;;1;1;1;;;1;998
6;4;10;28;28022;;1;1;M-513;7,768;6;19;1;4;;1;1;1;;;1;2
6;5;7;28;28022;;1;1;M-513;6,292;6;2;1;4;M-516;1;1;1;;;1;2
6;6;8;28;28022;;1;1;M-513;5,109;6;7;1;4;M-513;1;1;1;;;1;1
6;1;0;28;28022;;3;2;No inventariada;;9;10;2;;;1;4;1;;;1;998
6;5;15;28;28080;;1;1;M-50;74,278;2;5;2;;;1;5;1;;;18;1
7;2;8;28;28080;;1;1;M-50;71,378;2;4;2;;;1;4;7;;;18;1
7;6;10;28;28022;;3;2;No inventariada;;9;7;2;;;1;1;1;;;1;998
7;5;16;28;28022;;3;2;No inventariada;;9;10;2;;;1;1;1;;;1;998
8;6;22;28;28022;;3;2;No inventariada;;9;12;2;;;1;4;1;;;1;998
8;1;14;28;28022;;1;1;M-501;2;5;16;2;;;1;1;1;;;1;1
8;1;17;28;28022;;1;1;M-501;1,321;5;18;1;2;M-40;1;1;1;;;1;1
8;4;20;28;28022;;3;2;No inventariada;;9;2;2;;;1;1;1;;;1;998
8;1;17;28;28022;;1;1;M-516;0,8;6;10;1;4;;8;1;1;;;1;2
8;5;22;28;28022;;3;2;No inventariada;;9;2;2;;;1;4;1;;;9;998
9;5;14;28;28022;;3;2;No inventariada;;9;2;1;1;;1;1;1;;;1;998
9;5;15;28;28080;;1;1;M-50;74,3;2;4;2;;;1;1;2;;;1;1
9;3;11;28;28022;;3;2;No inventariada;;9;2;1;1;;1;1;1;;;1;998
9;3;9;28;28022;;3;2;No inventariada;;9;7;2;;;1;1;1;;;1;998
9;1;8;28;28022;;3;2;No inventariada;;9;7;2;;;1;1;1;;;1;998
10;3;18;28;28080;;1;1;M-50;72,68;2;5;2;;;1;3;2;;;1;1
10;5;18;28;28022;;1;1;M-513;8,519;6;16;2;;;1;6;1;;;1;1
10;1;13;28;28022;;3;2;No inventariada;;9;4;1;1;;1;1;2;;;1;998
10;2;18;28;28022;;3;2;No inventariada;;9;2;1;1;;3;2;3;;;1;998
10;5;14;28;28022;;3;2;No inventariada;;9;7;2;;;1;1;1;;;1;998
10;1;9;28;28080;;1;1;M-50;70,371;2;4;2;;;3;1;1;;;6;1
10;2;8;28;28022;;1;1;M-501;3,6;7;4;2;;;3;1;3;;;1;1
10;6;9;28;28022;;3;2;No inventariada;;9;2;1;4;;1;1;2;;;1;998
11;3;19;28;28022;;1;1;M-501;3,5;5;5;2;;;1;5;1;;;1;1
11;1;13;28;28022;;3;2;No inventariada;;9;2;1;1;;1;1;1;;;1;998
11;5;16;28;28022;;3;2;No inventariada;;9;7;2;;;1;1;1;;;1;998
11;7;5;28;28022;;3;2;No inventariada;;9;16;2;;;1;4;1;;;1;998
11;5;12;28;28022;;3;2;No inventariada;;9;10;1;1;;1;1;1;;;18;998
12;2;13;28;28022;;3;2;No inventariada;;9;7;2;;;1;1;1;;;1;998
12;1;17;28;28022;;3;2;No inventariada;;9;7;2;;;1;1;1;;;9;998
12;4;7;28;28022;;3;2;No inventariada;;9;2;1;1;;1;1;1;;;1;998
12;5;18;28;28022;;3;2;No inventariada;;9;16;2;;;1;4;1;;;1;998
12;5;20;28;28022;;3;2;No inventariada;;9;4;1;1;;1;4;1;;;1;998
12;4;11;28;28022;;1;1;M-513;2,8;6;3;2;;;1;1;1;;;1;1
12;5;22;28;28022;;3;2;No inventariada;;9;7;1;4;;1;4;1;;;1;998
12;7;20;28;28022;;3;2;No inventariada;;9;7;1;4;;1;4;1;;;1;998
5;6;11;28;28023;;1;1;M-608;28,4;6;19;2;;;1;1;1;;;1;1
6;2;7;28;28023;;1;1;M-608;29,5;6;19;2;;;1;1;1;;;1;2
7;4;20;28;28023;;1;1;M-608;31,242;6;4;2;;;1;4;1;;;1;1
8;3;19;28;28023;;1;1;M-607;49,3;6;3;1;4;M-608;1;1;1;;;1;2
12;6;10;28;28018;;1;1;M-615;1,3;6;4;1;2;;1;1;1;;;1;1
6;7;12;28;0;;1;1;M-221;29,94;6;19;2;;;1;1;1;;;1;2
8;1;12;28;0;;3;2;No inventariada;;9;1;2;;;2;1;1;;;1;998
9;2;18;28;0;;1;1;M-229;31,1;6;10;2;;;1;1;1;;;1;1
1;1;9;28;28026;;1;1;M-501;16,775;5;15;2;;;1;1;1;;;1;1
1;1;12;28;28026;;1;1;M-600;36,694;6;3;1;4;M-501;1;1;1;;;1;2
1;3;22;28;28026;;1;1;M-501;12,988;5;8;2;;;1;6;1;;;1;3
2;7;11;28;28026;;1;1;M-600;38,477;6;4;2;;;1;1;1;;;1;1
4;1;9;28;28026;;1;1;M-600;36,7;6;2;1;4;M-600;3;1;3;;;1;2
4;6;15;28;28092;;1;1;A-5;22,23;3;16;2;;;1;1;1;;;1;2
5;3;10;28;28026;;1;1;M-600;32,22;6;10;2;;;1;1;1;;;1;1
5;6;23;28;28026;;1;1;M-501;19,3;5;3;2;;;1;6;1;;;1;1
5;6;13;28;28026;;1;1;M-501;14,1;5;12;2;;;1;1;1;;;1;2
6;5;17;28;28026;;1;1;M-501;17,7;5;12;2;;;1;1;2;;;1;1
6;6;6;28;28026;;1;1;M-501;13,6;5;4;2;;;1;6;1;;;1;1
6;6;11;28;28026;;1;1;M-600;34,489;6;3;1;4;;1;1;1;;;1;2
7;5;14;28;28026;;1;1;M-501;16,13;5;18;2;;;1;1;1;;;1;1
8;4;13;28;28026;;1;1;M-513;13,846;6;12;2;;;1;1;1;;;1;2
8;7;6;28;28026;;1;1;M-600;39,8;6;12;2;;;1;6;1;;;1;2
9;6;11;28;28026;;1;1;M-513;15,43;6;3;2;;;1;1;1;;;1;1
9;7;13;28;28026;;1;1;M-600;34,486;6;10;1;4;;1;1;1;;;1;2
10;4;15;28;28026;;1;1;M-600;34,097;6;5;2;;;1;1;1;;;1;1
10;4;22;28;28026;;1;1;M-600;34,4;6;15;2;;;1;6;1;;;1;3
12;1;11;28;28026;;1;1;M-600;36,653;6;12;1;4;M-501;1;1;1;;;1;3
2;1;9;28;0;;1;1;A-1;77,485;3;18;2;;;3;1;2;;;1;3
3;7;15;28;0;;1;1;A-1;73,15;3;2;2;;;1;1;1;;;18;1
7;1;10;28;0;;1;1;A-1;76,3;3;15;2;;;1;1;1;;;1;1
7;5;13;28;0;;1;1;A-1;77,8;3;5;1;10;A-1;1;6;1;;;1;1
9;5;5;28;0;;2;2;N-1a;75;6;10;2;;;1;4;1;;;1;1
6;6;13;28;0;;1;1;M-629;4,2;6;3;2;;;1;1;1;;;1;1
7;3;14;28;0;;1;1;M-629;5,3;6;15;2;;;1;1;1;;;1;3
7;3;11;28;0;;1;1;M-610;13,5;6;16;2;;;1;1;1;;;1;2
7;4;10;28;0;;1;1;M-631;5,2;6;19;1;2;M-631;1;1;1;;;1;1
9;7;22;28;0;;1;1;M-610;14,5;6;12;2;;;1;6;1;;;1;1
11;7;12;28;0;;1;1;M-629;6;6;5;2;;;3;1;2;;;1;2
5;4;4;28;0;;1;1;A-1;54,5;3;16;2;;;1;6;1;;;1;1
7;7;17;28;0;;1;1;A-1;53,773;3;4;2;;;1;1;1;;;1;1
8;1;12;28;0;;1;1;A-1;53,072;3;4;2;;;1;1;1;;;1;1
5;2;11;28;0;;3;2;No inventariada;;9;4;1;4;;1;1;1;;;1;998
11;2;19;28;0;;3;2;No inventariada;;9;7;2;;;1;4;1;;;1;998
5;3;13;28;0;;1;1;M-507;40,6;6;2;2;;;1;1;1;;;1;1
8;4;20;28;0;;1;1;M-541;16,3;5;18;2;;;1;1;1;;;1;2
8;1;19;28;0;;1;1;M-542;8,208;6;18;2;;;1;1;1;;;1;1
9;6;8;28;0;;1;1;M-507;44,615;6;8;2;;;1;1;1;;;1;1
9;3;10;28;0;;1;1;M-507;40,87;6;16;2;;;3;1;2;;;1;2
1;2;16;28;28032;;1;1;M-116;9,2;6;2;1;2;;1;1;1;;;1;1
6;2;20;28;28032;;3;2;No inventariada;;9;7;1;1;;1;1;1;;;1;998
8;2;18;28;28032;;1;1;M-119;3,5;6;12;2;;;1;1;1;;;18;2
11;7;18;28;28032;;1;1;M-119;4;6;5;2;;;1;2;1;;;1;1
1;5;11;28;28033;;1;1;M-209;3,59;6;18;2;;;3;1;4;;;1;2
3;5;8;28;28033;;1;1;M-220;11,219;6;18;2;;;3;1;4;;1;1;2
4;7;14;28;28033;;1;1;M-220;1,557;6;18;1;12;;1;1;1;;;1;1
5;7;4;28;28033;;1;1;M-209;6,4;6;12;1;4;M-220;1;6;1;;;1;1
5;7;10;28;28033;;1;1;M-209;1,4;6;4;2;;;1;1;1;;;1;1
5;4;9;28;28033;;1;1;M-209;4,1;6;4;2;;;1;1;1;;;1;1
9;7;8;28;28033;;3;2;No inventariada;;9;12;2;;;1;1;1;;;1;998
10;1;19;28;28033;;1;1;M-219;4,5;6;1;2;;;3;2;3;;;1;2
9;4;16;28;0;;1;1;M-629;16,74;6;10;2;;;1;1;1;;;1;2
9;4;16;28;0;;1;1;M-629;17,783;6;15;2;;;3;1;2;;;1;3
6;2;11;28;0;;1;1;M-221;17,487;6;12;2;;;1;1;1;;;1;2
7;6;10;28;0;;1;1;M-221;18,349;6;10;2;;;1;3;1;;;1;1
10;5;18;28;0;;1;1;M-221;13,4;6;18;2;;;1;2;2;;;1;1
11;7;11;28;0;;1;1;M-204;6,4;6;4;2;;;1;1;1;;;1;1
4;1;17;28;0;;1;1;M-417;4,6;6;7;2;;;1;1;1;;;1;1
9;2;16;28;0;;1;1;A-42;29,454;3;4;2;;;1;1;1;;;1;1
11;1;14;28;0;;1;1;A-42;30,079;3;4;2;;;1;1;1;;;18;1
12;1;14;28;0;;1;1;A-42;30;3;4;2;;;1;1;1;;;1;1
12;6;6;28;0;;1;1;M-417;3,5;6;15;2;;;8;5;1;;;1;3
12;7;19;28;0;;1;1;A-42;30,304;3;4;2;;;1;5;1;;;1;1
5;1;21;28;0;;1;1;M-545;4;6;10;2;;;1;5;1;;;1;4
4;1;13;28;28038;;1;1;M-622;6,936;6;16;2;;;3;1;4;;;1;1
7;2;20;28;28038;;1;1;M-966;1,99;6;19;1;2;;1;1;1;;;1;1
7;6;19;28;28038;;1;1;M-966;1,719;6;19;2;;;1;1;1;;;1;3
7;6;12;28;28038;;1;1;M-601;19,5;6;19;2;;;1;1;1;;;1;3
10;7;18;28;28038;;1;1;M-622;9,4;6;16;2;;;1;1;1;;;18;1
11;1;15;28;28038;;1;1;M-622;7,132;6;15;2;;;1;1;1;;;1;3
9;3;11;28;28038;;3;2;No inventariada;;9;2;1;2;;3;1;3;;;3;998
12;7;13;28;28038;;1;1;M-601;16,7;6;12;2;;;1;1;7;;;18;2
11;6;12;28;28038;;3;2;No inventariada;;9;2;2;;;2;1;1;;;12;998
3;6;18;28;28040;;1;1;A-4;32,613;3;4;2;;;3;1;5;;;1;1
1;7;18;28;28040;;3;2;No inventariada;;9;1;2;;;1;1;1;;;1;998
1;5;14;28;28040;;3;2;No inventariada;;9;20;2;;;1;1;1;;;1;998
4;6;11;28;28040;;1;1;M-404;45;6;10;2;;;1;1;1;;;1;1