MES;DIA_SEMANA;HORA;COD_PROVINCIA;COD_MUNICIPIO;ISLA;ZONA;ZONA_AGRUPADA;CARRETERA;KM;TIPO_VIA;TIPO_ACCIDENTE;NUDO;NUDO_INFO;CARRETERA_CRUCE;CONDICION_FIRME;CONDICION_ILUMINACION;CONDICION_METEO;CONDICION_NIEBLA;CONDICION_VIENTO;VISIB_RESTRINGIDA_POR;TRAZADO_PLANTA
4;6;19;28;28040;;1;1;M-404;46,15;6;15;1;4;M-320;1;2;1;;;6;1
5;5;15;28;28040;;1;1;M-404;40,368;6;2;1;1;;1;1;1;;;1;1
5;4;8;28;28040;;1;1;M-404;46,2;6;14;1;4;;1;1;1;;;1;2
6;2;23;28;28040;;1;1;A-4;32,8;3;19;2;;;1;6;1;;;1;1
6;4;6;28;28040;;1;1;M-404;39,466;6;4;1;4;;1;3;1;;;1;1
6;5;23;28;28040;;1;1;A-4;32,2;3;12;2;;;1;5;1;;;1;1
7;5;13;28;28040;;1;1;M-404;42,432;6;2;1;4;M-307;1;1;1;;;1;2
7;6;14;28;28040;;1;1;M-307;5,514;6;18;2;;;1;1;1;;;1;1
8;4;9;28;28040;;1;1;M-404;44,5;6;10;2;;;1;1;1;;;1;1
9;4;20;28;28040;;1;1;M-404;40,565;6;4;1;1;;1;1;1;;;1;1
10;6;19;45;45161;;1;1;A-4;34,467;3;3;2;;;3;1;4;;;1;1
10;4;16;28;28040;;3;2;No inventariada;;9;7;1;2;;1;2;1;;;9;998
12;6;20;28;28161;;1;1;A-4;30,482;3;2;2;;;1;4;1;;;1;1
5;7;5;28;28053;;1;1;M-118;7;6;16;2;;;1;4;1;;;1;2
6;2;14;28;28041;;3;2;No inventariada;;9;7;1;1;;1;1;1;;;1;998
7;5;16;28;28041;;1;1;M-103;5,703;6;2;1;2;M-118;1;1;1;;;1;1
7;1;22;28;28041;;1;1;M-103;2,2;6;19;2;;;1;2;1;;;1;1
9;3;23;28;28041;;1;1;M-118;8,9;6;18;2;;;1;6;1;;;1;2
10;6;6;28;28041;;1;1;M-103;5,698;6;19;2;;;1;5;1;;;1;2
4;3;20;28;0;;1;1;M-501;35;5;4;2;;;1;2;1;;;1;1
9;1;14;28;0;;2;2;M-510;35,692;14;7;2;;;1;1;1;;;1;1
1;6;12;28;28043;;1;1;M-318;0,5;6;12;2;;;1;1;1;;;1;2
2;7;11;28;28043;;1;1;M-318;13,512;6;19;2;;;1;1;1;;;1;2
3;5;1;28;28013;;1;1;M-305;3,3;5;14;1;4;M-305;1;4;1;;;1;2
4;7;7;28;28043;;1;1;M-305a;3,675;6;16;2;;;1;2;1;;;1;3
4;5;22;28;28043;;1;1;M-318;1,374;6;5;1;1;M-118;1;6;1;;;1;1
6;7;11;28;28043;;1;1;M-305;11,758;6;15;1;4;M-305;3;6;1;;;1;2
6;4;19;28;28043;;1;1;M-318;8,1;6;16;1;1;;1;6;1;;;1;2
6;5;14;28;28043;;1;1;M-315;15;6;3;1;1;;1;1;1;;;1;1
6;6;8;28;28043;;1;1;M-320;25,5;6;3;2;;;1;1;1;;;1;1
6;6;1;45;45161;;1;1;M-305;1,3;5;16;2;;;3;4;3;;;1;2
7;1;10;28;28043;;1;1;M-320;17,7;6;10;2;;;1;1;1;;;1;1
9;5;7;28;28043;;1;1;M-318;3,718;6;2;1;1;M-320;1;2;1;;;1;1
10;2;7;28;28043;;1;1;M-320;12;6;2;1;2;;1;6;1;;;1;1
11;6;11;28;28043;;1;1;M-320;16,288;6;19;2;;;1;1;1;;;1;2
12;2;0;28;28043;;1;1;M-318;3,49;6;12;2;;;1;5;1;;;1;1
12;7;2;28;28013;;1;1;M-305;3,1;5;12;1;4;;3;4;2;2;;5;1
12;6;6;28;28043;;1;1;M-318;2,62;6;1;2;;;1;6;1;;;1;1
1;3;19;28;28044;;1;1;M-510;11;6;4;2;;;3;4;1;;;1;1
1;2;19;28;28044;;3;2;No inventariada;;9;4;2;;;3;4;1;;;1;998
3;5;20;28;28044;;1;1;M-510;10,4;6;2;2;;;3;4;3;;;1;1
4;4;11;28;28044;;2;2;M-510;10,5;6;2;1;2;;1;1;1;;;1;1
4;4;8;28;28044;;1;1;M-505;20,049;6;2;1;2;;1;1;1;;;1;1
11;7;16;28;28044;;1;1;M-510;11,082;6;16;2;;;1;1;7;;;18;2
12;6;21;28;28044;;1;1;M-510;10,2;6;1;2;;;1;4;7;;;1;2
1;3;0;28;28045;;2;2;M-618;2;5;6;2;;;3;4;2;2;;1;1
1;4;7;28;28045;;1;1;M-104;11,171;6;12;2;;;3;6;1;;;1;2
2;4;8;28;28045;;1;1;M-104;11,15;6;18;2;;;3;1;2;1;;5;2
4;1;19;28;28045;;1;1;M-609;0,7;12;10;2;;;1;1;1;1;;1;1
4;1;19;28;28144;;1;1;M-862;0,1;6;10;2;;;1;1;3;;;1;4
4;7;19;28;28045;;1;1;M-607;28,922;3;4;2;;;1;1;1;;;1;1
1;1;6;28;28045;;3;2;No inventariada;;9;12;1;1;;1;4;1;;;1;998
1;2;17;28;28045;;3;2;No inventariada;;9;2;1;2;;1;2;1;;;1;998
1;5;15;28;28045;;3;2;No inventariada;;9;2;1;1;;1;1;1;;;1;998
2;5;18;28;28045;;3;2;No inventariada;;9;7;2;;;3;1;4;;;1;998
2;3;14;28;28045;;3;2;No inventariada;;9;2;1;2;;1;1;1;;;1;998
2;3;17;28;28045;;3;2;No inventariada;;9;7;1;5;;1;1;1;;;1;998
2;2;12;28;28045;;3;2;No inventariada;;9;3;2;;;1;1;1;;;1;998
2;5;18;28;28045;;3;2;No inventariada;;9;2;2;;;1;3;1;;;1;998
5;1;12;28;28045;;1;1;A-1;29,05;3;5;2;;;1;1;1;;;1;1
5;1;17;28;28045;;1;1;A-1;29,45;3;5;2;;;1;1;1;;;1;1
2;5;23;28;28045;;3;2;No inventariada;;9;6;1;4;;1;4;1;;;1;998
2;7;12;28;28045;;3;2;No inventariada;;9;5;2;;;1;1;1;;;1;998
3;6;15;28;28045;;3;2;No inventariada;;9;4;1;4;;1;1;1;;;1;998
3;6;10;28;28045;;3;2;No inventariada;;9;7;2;;;4;1;4;;1;1;998
3;3;16;28;28045;;3;2;No inventariada;;9;7;1;1;;1;1;1;;;1;998
3;4;10;28;28045;;3;2;No inventariada;;9;4;1;2;;1;1;1;;;1;998
3;6;11;28;28045;;3;2;No inventariada;;9;7;1;4;;1;1;1;;;1;998
3;6;11;28;28045;;3;2;No inventariada;;9;7;1;1;;1;1;1;;;1;998
6;6;19;28;28045;;1;1;M-607;33,91;3;4;2;;;1;1;1;;;1;1
4;5;12;28;28045;;3;2;No inventariada;;9;10;1;2;;1;1;1;;;1;998
4;6;7;28;28045;;3;2;No inventariada;;9;2;1;1;;1;4;1;;;1;998
5;5;17;28;28045;;3;2;No inventariada;;9;7;1;4;;1;1;1;;;1;998
4;6;13;28;28045;;3;2;No inventariada;;9;2;1;1;;1;1;1;;;2;998
4;7;20;28;28045;;3;2;No inventariada;;9;7;1;2;;1;1;1;;;1;998
4;6;19;28;28045;;3;2;No inventariada;;9;6;2;;;1;1;1;;;1;998
4;2;7;28;28045;;3;2;No inventariada;;9;7;2;;;1;1;1;;;1;998
6;6;16;28;28045;;1;1;A-1;28,745;3;3;2;;;1;1;1;;;1;1
6;2;8;28;28045;;1;1;M-607;34;3;4;2;;;1;1;1;;;1;1
7;2;7;28;28045;;1;1;M-607;30;3;4;2;;;1;1;1;;;18;1
7;6;1;28;28086;;1;1;A-1;38,8;3;4;2;;;1;6;1;;;1;1
7;6;11;28;28045;;1;1;M-607;34,4;3;5;2;;;1;1;1;;;1;1
7;7;14;28;28045;;1;1;M-607;29,656;3;15;2;;;1;1;1;;;1;2
7;2;14;28;28045;;1;1;M-625;10;6;18;2;;;1;1;1;;;1;1
7;7;17;28;28045;;1;1;M-618;2,146;6;12;2;;;1;1;1;;;1;1
8;4;21;28;28045;;1;1;M-609;0,013;5;2;1;2;M-607;1;2;1;;;1;1
8;7;12;28;28045;;1;1;M-607;32,818;3;14;2;;;1;1;1;;;1;1
9;2;0;28;28045;;1;1;M-607;28,262;3;12;2;;;1;5;1;;;1;1
9;6;10;28;28045;;1;1;M-607;35,526;3;16;1;12;M-607;1;1;1;;;1;2
9;3;8;28;28045;;1;1;M-609;0,1;6;10;1;2;M-607;1;1;1;;;1;1
9;1;7;28;28045;;1;1;M-618;0,971;6;3;1;4;M-618;1;3;1;;;1;2
10;2;16;28;28045;;1;1;M-607;35,343;3;6;2;;;1;1;1;;;1;1
10;5;8;28;28045;;1;1;M-607;28,1;3;7;2;;;1;2;2;;;1;3
5;5;21;28;28045;;3;2;No inventariada;;9;10;2;;;1;4;1;;;1;998
5;3;9;28;28045;;3;2;No inventariada;;9;2;2;;;2;1;1;;;1;998
5;4;18;28;28045;;3;2;No inventariada;;9;7;2;;;1;1;1;;;1;998
5;1;19;28;28045;;3;2;No inventariada;;9;2;2;;;3;1;4;;;1;998
5;5;19;28;28045;;3;2;No inventariada;;9;7;1;4;;1;1;1;;;1;998
5;6;15;28;28045;;3;2;No inventariada;;9;2;1;1;;1;1;1;;;2;998
5;5;13;28;28045;;3;2;No inventariada;;9;7;1;2;;1;1;1;;;1;998
6;6;8;28;28045;;3;2;No inventariada;;9;18;2;;;1;1;1;;;1;998
6;1;13;28;28045;;3;2;No inventariada;;9;2;1;1;;1;1;1;;;1;998
6;3;9;28;28045;;3;2;No inventariada;;9;4;1;4;;1;1;1;;;1;998
6;3;18;28;28045;;3;2;No inventariada;;9;2;1;2;;1;1;1;;;1;998
6;1;16;28;28045;;3;2;No inventariada;;9;7;1;4;;1;1;1;;;1;998
6;4;13;28;28045;;3;2;No inventariada;;9;5;1;2;;1;1;1;;;1;998
6;5;21;28;28045;;3;2;No inventariada;;9;10;1;1;;1;1;1;;;1;998
6;6;8;28;28045;;3;2;No inventariada;;9;6;2;;;1;1;1;;;1;998
7;1;20;28;28045;;3;2;No inventariada;;9;2;1;1;;1;1;1;;;1;998
7;5;9;28;28045;;3;2;No inventariada;;9;7;1;1;;1;1;1;;;6;998
7;6;21;28;28045;;3;2;No inventariada;;9;2;1;4;;1;1;1;;;1;998
7;3;8;28;28045;;3;2;No inventariada;;9;7;1;4;;1;1;1;;;1;998
8;4;12;28;28045;;3;2;No inventariada;;9;2;1;2;;1;1;1;;;9;998
8;2;21;28;28045;;3;2;No inventariada;;9;10;1;2;;1;2;1;;;1;998
8;1;14;28;28045;;3;2;No inventariada;;9;10;1;1;;1;1;1;;;1;998
8;3;18;28;28045;;3;2;No inventariada;;9;7;1;2;;1;1;1;;;1;998
9;6;20;28;28045;;3;2;No inventariada;;9;4;1;4;;1;3;1;;;1;998
11;7;14;28;28045;;1;1;M-618;7,89;6;3;2;;;1;1;1;;;1;3
9;3;20;28;28045;;3;2;No inventariada;;9;7;1;1;;1;1;1;;;1;998
9;5;19;28;28045;;3;2;No inventariada;;9;1;1;2;;1;1;1;;;1;998
9;6;6;28;28045;;3;2;No inventariada;;9;12;1;4;;1;4;1;;;1;998
9;1;9;28;28045;;3;2;No inventariada;;9;7;1;2;;1;1;1;;;1;998
9;2;13;28;28045;;3;2;No inventariada;;9;7;1;2;;1;1;1;;;1;998
10;1;15;28;28045;;3;2;No inventariada;;9;7;2;;;3;1;3;;;1;998
10;1;11;28;28045;;3;2;No inventariada;;9;16;2;;;1;1;1;;;1;998
10;1;18;28;28045;;3;2;No inventariada;;9;4;1;1;;1;1;1;;;1;998
10;5;16;28;28045;;3;2;No inventariada;;9;2;1;1;;1;1;1;;;2;998
12;2;15;28;28045;;1;1;M-618;2;5;10;2;;;9;1;7;;;18;1
12;3;14;28;28045;;1;1;M-607;30,16;7;19;2;;;1;1;1;;;1;2
11;7;14;28;28045;;3;2;No inventariada;;9;6;2;;;1;1;1;;;1;998
11;1;13;28;28045;;3;2;No inventariada;;9;2;1;1;;1;1;1;;;1;998
11;2;19;28;28045;;3;2;No inventariada;;9;7;1;2;;1;4;1;;;1;998
11;4;18;28;28045;;3;2;No inventariada;;9;10;1;2;;1;1;1;;;1;998
11;1;16;28;28045;;3;2;No inventariada;;9;6;1;2;;1;1;1;;;1;998
12;7;11;28;28045;;1;1;M-104;10;6;8;2;;;1;1;1;;;1;1
11;3;7;28;28045;;3;2;No inventariada;;9;7;1;4;;1;4;1;;;1;998
11;3;9;28;28045;;3;2;No inventariada;;9;7;1;4;;1;1;1;;;1;998
12;5;21;28;28045;;3;2;No inventariada;;9;14;1;2;;1;4;1;;;1;998
12;6;11;28;28045;;3;2;No inventariada;;9;6;1;2;;1;1;1;;;1;998
12;2;8;28;28045;;3;2;No inventariada;;9;2;1;2;;1;1;1;;;1;998
12;2;13;28;28045;;3;2;No inventariada;;9;7;1;1;;1;1;1;;;6;998
12;2;20;28;28045;;3;2;No inventariada;;9;7;1;1;;1;4;1;;;1;998
12;2;13;28;28045;;1;1;M-607;35,635;12;1;2;;;1;1;1;;;1;3
1;4;16;28;28046;;1;1;M-623;7,502;6;4;2;;;1;1;1;;;1;1
4;2;14;28;28046;;3;2;No inventariada;;9;2;1;1;;1;1;1;;;1;998
10;5;17;28;28046;;1;1;M-601;8,4;6;2;2;;;1;1;1;;;1;2
1;3;19;28;28047;;3;2;No inventariada;;9;7;2;;;3;4;3;;;18;998
4;5;14;28;28047;;1;1;A-6;37,27;2;4;2;;;1;1;1;;;1;1
5;6;18;28;28047;;1;1;AP-6;40,184;1;4;2;;;1;1;1;;;1;1
5;2;22;28;28047;;1;1;M-601;0,5;6;7;2;;;1;6;1;;;1;1
5;5;11;28;28047;;1;1;A-6;38,4;2;4;2;;;1;1;1;;;1;3
6;1;9;28;28047;;1;1;M-608;38,5;6;4;2;;;1;1;1;;;1;1
7;2;16;28;28047;;1;1;M-608;41,3;6;7;2;;;1;6;1;;;1;1
7;5;17;28;28047;;1;1;M-601;1,7;6;4;1;4;M-608;1;1;1;;;1;1
7;6;12;28;28047;;1;1;A-6;38,8;2;4;2;;;1;1;1;;;1;2
8;7;4;28;28047;;1;1;M-601;1,649;6;16;1;4;M-608;1;4;1;;;1;2
8;3;13;28;28047;;1;1;M-601;1,136;6;4;2;;;1;1;1;;;18;1
9;6;12;28;28047;;1;1;A-6;37,874;2;16;2;;;1;1;2;;;1;1
10;3;8;28;28047;;1;1;A-6;38,5;2;4;2;;;3;3;3;;;1;1
10;4;2;28;28047;;1;1;A-6;37;2;4;2;;;3;4;4;;;18;1
10;5;14;28;28047;;1;1;A-6;38,5;2;12;2;;;1;1;1;;;18;1
11;1;1;28;28061;;1;1;A-6;35,601;2;15;2;;;1;4;1;;;1;1
12;6;11;28;28047;;1;1;M-608;37,9;6;4;2;;;1;1;1;;;1;1
1;7;11;28;0;;1;1;M-225;19,1;6;10;2;;;3;1;2;;;1;1
2;6;14;28;0;;1;1;M-204;31,55;6;19;2;;;1;1;1;;;1;1
1;3;19;28;28049;;1;1;M-45;24,335;3;4;2;;;3;4;3;;;1;1
1;1;8;28;28049;;3;2;No inventariada;;9;7;2;;;1;1;1;;;1;998
1;4;9;28;28049;;3;2;No inventariada;;9;4;2;;;1;2;1;;;1;998
1;5;8;28;28049;;3;2;No inventariada;;9;10;2;;;1;3;1;;;1;998
1;2;6;28;28049;;3;2;No inventariada;;9;15;2;;;3;5;1;;;1;998
2;4;20;28;28049;;3;2;No inventariada;;9;2;2;;;3;4;3;;;18;998
2;5;17;28;28049;;3;2;No inventariada;;9;2;1;4;;3;1;3;;;6;998
3;6;21;28;28130;;1;1;M-21;6,063;2;5;1;12;;1;5;1;;;1;1
4;4;8;28;28049;;3;2;No inventariada;;9;7;1;2;;3;2;3;;;18;998
4;4;8;28;28049;;3;2;No inventariada;;9;20;2;;;1;3;1;;;18;998
4;1;15;28;28079;;1;1;M-45;23,845;3;15;2;;;1;1;1;;;1;2
5;3;10;28;28049;;1;1;M-50;25,286;2;4;2;;;1;1;1;;;1;1
6;2;9;28;28079;;1;1;M-21;2,4;3;5;2;;;1;1;1;;;1;1
6;3;6;28;28130;;1;1;M-50;18,7;2;19;2;;;9;2;7;;;18;4
6;7;18;28;28049;;1;1;M-50;24,9;2;3;2;;;1;1;1;;;1;3
7;1;11;28;28130;;1;1;M-21;6,5;8;7;1;4;;1;1;1;;;1;1
7;7;1;28;28079;;1;1;M-40;12,256;14;5;2;;;8;4;1;;;1;1
8;6;3;28;28079;;1;1;M-13;0,5;2;15;2;;;1;4;1;;;1;2
9;6;23;28;28130;;1;1;M-50;23,5;2;19;2;;;1;6;1;;;1;1
10;2;15;28;28130;;1;1;M-21;6,415;3;4;1;2;;1;1;1;;;1;1
10;3;7;28;28130;;1;1;M-21;6,623;3;4;2;;;3;5;4;;;5;1
11;2;22;28;28079;;1;1;M-45;21,751;3;4;2;;;1;4;1;;;1;1
11;1;9;28;28049;;3;2;No inventariada;;9;7;2;;;1;1;1;;;1;998
11;1;13;28;28049;;3;2;No inventariada;;9;2;1;4;;1;1;1;;;1;998
11;2;10;28;28049;;3;2;No inventariada;;9;2;2;;;1;1;1;;;3;998
11;2;13;28;28049;;3;2;No inventariada;;9;3;2;;;1;1;1;;;1;998
11;3;10;28;28049;;3;2;No inventariada;;9;10;2;;;1;1;1;;;1;998
11;3;17;28;28049;;3;2;No inventariada;;9;10;2;;;1;1;1;;;1;998
11;4;9;28;28049;;3;2;No inventariada;;9;7;2;;;1;1;1;;;1;998
11;7;19;28;28049;;3;2;No inventariada;;14;8;2;;;9;3;7;;;18;998
10;5;14;28;28049;;3;2;No inventariada;;9;7;1;1;;1;1;1;;;1;998
10;2;17;28;28049;;3;2;No inventariada;;9;20;1;1;;9;1;1;1;1;10;998
10;7;15;28;28049;;3;2;No inventariada;;14;20;2;;;1;1;1;;;18;998
10;6;23;28;28049;;3;2;No inventariada;;9;10;2;;;3;4;7;;;1;998
10;4;9;28;28049;;3;2;No inventariada;;9;7;1;1;;1;1;1;;;18;998
10;2;22;28;28049;;3;2;No inventariada;;9;10;2;;;1;3;7;;;18;998
10;1;21;28;28049;;3;2;No inventariada;;9;10;2;;;1;1;1;;;1;998
11;7;11;28;28049;;3;2;No inventariada;;9;15;2;;;1;4;1;;;18;998
10;4;7;28;28049;;3;2;No inventariada;;9;7;2;;;1;1;1;;;1;998
8;3;11;28;28049;;3;2;No inventariada;;9;1;2;;;1;1;1;;;1;998
5;6;10;28;28049;;3;2;No inventariada;;9;1;2;;;1;1;1;;;1;998
12;3;8;28;28084;;1;1;M-208;9,5;6;7;1;1;;1;6;1;;;1;1
12;5;12;28;28049;;3;2;No inventariada;;9;5;2;;;1;1;1;;;1;998
12;6;3;28;28049;;3;2;No inventariada;;9;16;2;;;1;3;1;;;18;998
12;7;18;28;28049;;3;2;No inventariada;;9;2;2;;;1;3;1;;;18;998
12;4;8;28;28049;;3;2;No inventariada;;9;4;2;;;3;1;2;;;1;998
12;4;14;28;28049;;3;2;No inventariada;;9;7;2;;;1;1;1;;;1;998
4;5;11;28;28050;;3;2;No inventariada;;9;6;2;;;1;1;1;;;1;998
5;3;14;28;28050;;1;1;A-42;28,8;3;4;2;;;1;1;1;;;1;1
6;4;14;28;28050;;3;2;No inventariada;;9;10;2;;;1;1;1;;;1;998
8;1;14;28;0;;1;1;M-417;3,3;6;15;2;;;1;1;1;;;1;1
9;3;1;28;28050;;1;1;A-42;29,304;3;7;2;;;1;6;1;;;1;1
4;5;14;28;0;;1;1;M-501;36,785;5;12;2;;;1;1;1;;;1;1
9;6;16;28;0;;1;1;M-501;39,1;5;12;2;;;1;1;1;;;1;1
11;5;22;28;0;;1;1;M-501;37,121;5;19;2;;;1;4;1;;;1;2
2;3;18;28;28052;;1;1;M-404;58,247;6;4;2;;;1;2;1;;;1;1
4;6;18;28;28052;;1;1;M-404;51,1;6;1;2;;;1;1;1;;;1;3
6;5;14;28;28052;;1;1;M-311;10,5;6;2;1;12;M-313;1;1;1;;;1;1
6;5;16;28;28052;;1;1;M-404;53,9;6;16;2;;;1;1;1;;;1;2
6;7;13;28;28052;;1;1;M-404;55,534;6;19;2;;;1;1;1;;;1;2
5;2;22;28;0;;1;1;M-113;9,416;6;4;1;4;M-100;1;6;1;;;1;2
7;1;23;28;28053;;1;1;M-118;5,27;6;15;2;;;1;6;1;;;18;2
9;7;4;28;28053;;1;1;M-113;10,058;6;12;2;;;1;4;1;;;1;1
1;3;19;28;28131;;1;1;M-505;31,659;6;1;2;;;3;6;4;;;1;2
2;1;17;28;28054;;1;1;M-505;22,3;6;16;2;;;1;1;1;;;1;1
2;4;13;28;28131;;1;1;M-505;32,3;6;2;1;2;;1;1;1;;;1;1
3;5;8;28;28054;;3;2;No inventariada;;9;7;2;;;1;1;1;;;1;998
4;6;13;28;28054;;1;1;M-505;26,5;6;4;2;;;1;1;1;;;1;1
4;7;16;28;28054;;3;2;No inventariada;;9;16;2;;;1;1;1;;;1;998
4;1;21;28;28054;;3;2;No inventariada;;9;7;2;;;1;3;1;;;12;998
5;6;17;28;28054;;3;2;No inventariada;;9;2;1;1;;1;1;1;;;1;998
5;4;18;28;28131;;1;1;M-600;7,174;6;10;1;4;M-600;7;1;1;;;1;1
5;3;19;28;28054;;3;2;No inventariada;;9;9;2;;;1;1;1;;;1;998
5;7;19;28;28054;;3;2;No inventariada;;9;3;2;;;1;1;1;;;1;998
6;6;17;28;28131;;1;1;M-600;8,925;6;4;1;2;;1;1;1;;;1;1
6;6;14;28;28054;;1;1;M-505;27,686;6;16;1;4;M-600;1;1;1;;;1;1
7;2;7;28;28054;;3;2;No inventariada;;9;7;2;;;1;1;1;;;1;998
10;6;15;28;28131;;1;1;M-505;31,596;6;19;2;;;3;1;3;;;1;2
10;6;14;28;28054;;3;2;No inventariada;;9;1;2;;;1;1;1;;;1;998
11;7;8;28;28131;;1;1;M-600;4,612;6;18;2;;;3;1;2;;;1;1
11;6;6;28;28054;;3;2;No inventariada;;9;12;2;;;1;4;1;;;1;998
12;5;3;28;28054;;1;1;M-505;25,658;6;18;2;;;1;6;1;;;18;1
12;1;17;28;28054;;1;1;M-533;1;6;1;2;;;1;2;1;;;1;2
1;1;10;28;0;;1;1;M-241;10,8;6;12;2;;;1;1;1;;;1;2
2;7;2;28;0;;1;1;A-3;69;3;16;2;;;1;6;1;;;1;1
3;7;17;28;0;;1;1;M-222;14,1;6;2;1;1;M-221;1;1;1;;;1;1
5;1;7;28;0;;1;1;M-241;7,2;6;1;2;;;3;1;2;;;1;1
8;6;11;28;0;;1;1;M-241;7,622;6;2;2;;;1;1;1;;;1;1
9;3;10;28;0;;1;1;M-241;11,2;6;12;2;;;3;1;2;;;1;2
1;2;8;28;0;;1;1;M-521;20,95;6;19;2;;;1;2;1;;;1;2
1;7;11;28;0;;1;1;M-521;20,921;6;19;2;;;1;1;7;;;18;4
3;1;13;28;0;;2;2;M-532;6,653;6;2;1;2;;1;1;1;;;1;1
7;4;14;28;0;;1;1;M-532;8,417;6;19;2;;;1;1;1;;;1;1
7;1;14;28;0;;1;1;M-521;21,191;6;16;2;;;1;1;1;;;1;3
7;1;18;28;0;;1;1;M-521;24,746;6;16;2;;;1;1;1;;;1;3
8;2;10;28;0;;1;1;M-521;23,4;6;15;2;;;1;1;1;;;1;2
9;2;11;28;0;;3;2;No inventariada;;9;2;1;1;;1;1;1;;;18;998
1;2;19;28;28058;;1;1;A-42;17,67;3;4;2;;;1;3;2;;;1;1
1;3;22;28;28058;;3;2;No inventariada;;9;10;2;;;3;4;3;;;1;998
1;5;15;28;28058;;1;1;A-42;17,5;3;4;2;;;1;1;1;;;1;1
1;5;14;28;28058;;3;2;No inventariada;;9;7;1;1;;1;1;1;;;1;998
1;5;12;28;28058;;3;2;No inventariada;;9;7;1;2;;1;1;1;;;1;998
1;1;12;28;28074;;1;1;M-407;2,122;5;3;1;4;M-50;1;1;1;;;1;1
1;4;15;28;28058;;3;2;No inventariada;;9;4;2;;;1;1;1;;;1;998
1;1;8;28;28058;;3;2;No inventariada;;9;3;2;;;3;1;3;;;5;998
1;2;19;28;28058;;1;1;A-42;18,3;3;2;1;4;A-42;1;1;1;;;1;2
1;3;15;28;28058;;1;1;A-42;17;3;5;2;;;3;1;2;;;18;1
1;1;17;28;28058;;3;2;No inventariada;;9;20;2;;;3;2;4;;;5;998
1;2;15;28;28058;;1;1;M-50;52,47;2;10;1;4;;1;1;1;;;1;2
1;5;7;28;28058;;1;1;A-42;19,2;3;5;2;;;1;3;1;;;1;1
1;1;18;28;28058;;3;2;No inventariada;;9;5;2;;;1;4;1;;;1;998
2;4;7;28;28058;;1;1;A-42;18;3;4;2;;;1;4;1;;;1;1
2;2;0;28;28058;;1;1;A-42;17,9;3;5;2;;;1;4;1;;;1;1
1;1;0;28;28058;;3;2;No inventariada;;9;12;1;2;;1;4;1;;;1;998
1;7;0;28;28058;;3;2;No inventariada;;9;7;2;;;1;4;1;;;1;998
2;3;15;28;28074;;1;1;M-50;55,425;2;14;2;;;1;1;1;;;1;1
2;7;2;28;28074;;1;1;M-409;1,6;5;15;2;;;1;4;1;;;1;1
2;5;12;28;28058;;3;2;No inventariada;;9;6;2;;;3;1;2;;;1;998
2;4;15;28;28058;;1;1;M-506;15,754;5;14;2;;;3;1;4;;;5;2
2;4;22;28;28058;;3;2;No inventariada;;9;4;1;4;;3;4;3;;;1;998
2;2;19;28;28058;;3;2;No inventariada;;9;7;1;1;;1;4;1;;;1;998
2;1;8;28;28058;;1;1;M-50;52,59;2;5;2;;;1;1;1;;;1;1
2;1;17;28;28058;;3;2;No inventariada;;9;5;2;;;1;1;1;;;1;998
3;2;17;28;28058;;1;1;M-419;6,6;6;4;2;;;1;1;1;;;1;1
3;5;21;28;28058;;1;1;M-506;13,4;5;4;1;2;;1;4;2;;;1;1
3;4;9;28;28058;;1;1;M-506;20,302;5;2;1;2;;1;1;1;;;1;1
3;4;10;28;28058;;1;1;A-42;18,153;3;4;2;;;1;1;1;;;1;1
3;1;12;28;28058;;1;1;M-506;19,903;5;10;2;;;7;1;1;;;1;1
3;3;8;28;28058;;1;1;A-42;17,355;3;5;2;;;1;1;1;;;1;1
3;3;20;28;28058;;3;2;No inventariada;;9;7;1;4;;1;4;1;;;1;998
2;6;10;28;28058;;3;2;No inventariada;;9;20;2;;;1;1;1;;;1;998
4;1;9;28;28058;;1;1;M-506;16,6;5;12;2;;;3;1;3;;;1;2
3;1;8;28;28058;;3;2;No inventariada;;9;4;2;;;1;1;1;;;1;998
4;1;8;28;28058;;1;1;M-506;16;5;3;2;;;3;1;3;;;1;2
4;1;15;28;28058;;1;1;M-413;0,1;6;3;1;4;;1;1;1;;1;1;4
4;1;15;28;28058;;1;1;A-42;18;3;4;2;;;1;1;1;;;1;1
4;5;11;28;28058;;1;1;M-506;14,581;5;7;2;;;1;1;1;;;1;1
2;6;11;28;28058;;3;2;No inventariada;;9;7;1;2;M-506;1;1;7;;;1;998
4;5;16;28;28058;;1;1;A-42;18,588;3;5;2;;;1;1;1;;;1;1
4;1;7;28;28058;;3;2;No inventariada;;9;3;1;4;;1;3;1;;;1;998
4;4;8;28;28058;;3;2;No inventariada;;9;7;2;;;1;1;1;;;1;998
4;5;11;28;28058;;3;2;No inventariada;;9;4;2;;;1;1;1;;;1;998
4;7;21;28;28058;;3;2;No inventariada;;9;2;1;4;;1;4;1;;;1;998
4;1;15;28;28058;;3;2;No inventariada;;9;3;1;4;;1;1;1;;;1;998
4;5;16;28;28058;;1;1;A-42;16,974;3;3;2;;;1;1;1;;;1;1
4;5;19;28;28058;;1;1;M-506;20,022;5;7;2;;;1;1;1;;;1;1
4;1;15;28;28058;;3;2;No inventariada;;9;7;2;;;1;1;1;;;1;998
4;6;11;28;28058;;1;1;M-506;10,399;5;4;2;;;3;1;2;;;1;1
4;2;13;28;28058;;1;1;A-42;16,96;3;12;2;;;1;1;1;;;18;1
5;6;20;28;28058;;1;1;M-50;59;2;4;2;;;1;1;1;;;1;1
4;6;12;28;28058;;3;2;No inventariada;;9;7;2;;;1;1;1;;;1;998
5;4;7;28;28058;;1;1;M-50;59,416;2;5;2;;;1;1;1;;;1;1
5;6;17;28;28058;;3;2;No inventariada;;9;4;2;;;1;1;1;;;1;998
5;6;0;28;28058;;3;2;No inventariada;;9;2;2;;;1;4;1;;;1;998