MES;DIA_SEMANA;HORA;COD_PROVINCIA;COD_MUNICIPIO;ISLA;ZONA;ZONA_AGRUPADA;CARRETERA;KM;TIPO_VIA;TIPO_ACCIDENTE;NUDO;NUDO_INFO;CARRETERA_CRUCE;CONDICION_FIRME;CONDICION_ILUMINACION;CONDICION_METEO;CONDICION_NIEBLA;CONDICION_VIENTO;VISIB_RESTRINGIDA_POR;TRAZADO_PLANTA
5;7;17;28;28058;;3;2;No inventariada;;9;6;2;;;1;1;1;;;1;998
5;2;14;28;28058;;1;1;A-42;19,2;3;12;2;;;1;1;1;;;1;1
5;7;19;28;28058;;3;2;No inventariada;;9;10;1;2;;1;1;1;;;1;998
6;6;20;28;28058;;1;1;M-407;3,5;5;12;2;;;1;1;1;;;1;1
6;6;20;28;28058;;1;1;M-506;20;5;19;1;4;;1;2;1;;;1;1
6;5;14;28;28058;;1;1;M-506;10,4;5;4;2;;;1;1;1;;;1;4
6;6;0;28;28058;;3;2;No inventariada;;9;20;2;;;1;4;1;;;1;998
6;1;7;28;28058;;1;1;A-42;18,462;7;1;2;;;1;1;1;;;5;2
6;6;15;28;28058;;3;2;No inventariada;;9;7;1;1;;1;1;1;;;1;998
6;1;20;28;28058;;3;2;No inventariada;;9;7;2;;;1;1;1;;;6;998
6;3;7;28;28058;;1;1;M-506;12,337;5;10;1;4;M-407;1;2;1;;;1;2
6;4;22;28;28058;;1;1;M-506;19;5;12;2;;;1;4;1;;;1;2
7;4;9;28;28065;;1;1;M-50;51,877;2;3;1;10;;1;1;1;;;1;1
7;1;15;28;28058;;1;1;A-42;17,5;3;4;2;;;1;1;1;;;1;1
7;4;9;28;28058;;1;1;M-506;21,1;5;4;2;;;1;1;1;;;1;1
7;7;7;28;28058;;1;1;M-407;6;14;3;1;4;;1;1;1;;;18;2
7;2;15;28;28058;;1;1;M-506;20,5;5;7;1;4;A-42;1;1;1;;;1;1
6;7;3;28;28058;;3;2;No inventariada;;9;10;1;4;;1;4;1;;;1;998
7;5;0;28;28058;;3;2;No inventariada;;9;10;1;4;;1;4;1;;;1;998
8;4;5;28;28058;;1;1;M-506;12,5;14;2;1;4;M-506;1;4;1;;;1;1
8;5;5;28;28058;;1;1;A-42;16,91;3;3;2;;;1;4;1;;;18;1
7;6;13;28;28058;;1;1;M-405;0,5;6;4;2;;;1;1;1;;;1;1
8;4;9;28;28058;;3;2;No inventariada;;9;7;1;4;M-506a;1;1;1;;;1;998
8;2;5;28;28058;;1;1;A-42;18,7;3;3;2;;;1;4;1;;;1;1
8;5;16;28;28058;;1;1;A-42;18,5;3;4;2;;;1;1;1;;;1;1
9;3;18;28;28058;;1;1;A-42;17,636;3;4;2;;;1;1;1;;;18;1
9;3;18;28;28058;;1;1;M-506;10;5;3;2;;;1;1;1;;;1;2
9;3;11;28;28058;;3;2;No inventariada;;9;10;1;4;;1;1;1;;;1;998
9;4;17;28;28058;;1;1;A-42;16,901;3;12;2;;;1;1;2;;;18;1
9;5;8;28;28073;;1;1;M-413;1;6;4;2;;;1;1;2;;;1;1
9;4;22;28;28058;;3;2;No inventariada;;9;4;1;2;;1;4;1;;;1;998
9;3;23;28;28058;;1;1;M-506;20;5;10;1;4;M-506;3;4;3;;;1;2
9;3;8;28;28058;;3;2;No inventariada;;9;2;1;4;;1;1;2;;;1;998
10;2;11;28;28058;;1;1;M-506;10,661;5;4;2;;;1;1;2;;;1;1
10;6;4;28;28058;;3;2;No inventariada;;9;1;2;;;1;4;1;;;1;998
10;5;23;28;28058;;1;1;M-506;18,016;5;12;2;;;3;4;3;;;1;2
10;6;11;28;28058;;1;1;M-506a;1,002;8;4;2;;;3;1;3;;;1;2
10;7;6;28;28058;;1;1;M-407;6,5;5;4;2;;;1;5;1;;;1;1
10;7;14;28;28058;;1;1;M-506;9,1;5;4;1;4;M-506;1;1;2;;;1;2
10;4;16;28;28058;;1;1;M-506;20,5;5;4;2;;;1;1;1;;;1;1
10;5;14;28;28058;;1;1;A-42;17,489;3;4;2;;;1;1;1;;;1;1
10;4;15;28;28058;;1;1;M-506;9,629;6;4;2;;;1;1;1;;;1;3
11;5;6;28;28058;;1;1;A-42;18,9;3;7;2;;;3;4;2;;;1;1
11;6;21;28;28058;;1;1;M-405;0,5;6;7;2;;;1;4;1;;;1;1
11;6;22;28;28058;;3;2;No inventariada;;9;16;1;4;;1;4;1;;;1;998
11;3;9;28;28065;;1;1;A-42;16,384;3;4;2;;;1;1;1;;;1;1
11;6;14;28;28058;;1;1;A-42;17,2;3;4;2;;;1;1;1;;;1;1
7;1;3;28;28058;;3;2;No inventariada;;9;6;1;2;;1;4;7;;;1;998
8;7;23;28;28058;;3;2;No inventariada;;9;3;2;;;1;4;7;;;1;998
9;7;19;28;28058;;3;2;No inventariada;;9;7;1;2;;1;1;7;;;1;998
8;7;15;28;28058;;3;2;No inventariada;;9;6;1;2;;1;1;1;;;1;998
9;5;9;28;28058;;3;2;No inventariada;;9;2;1;4;;1;1;1;;;1;998
9;7;20;28;28058;;3;2;No inventariada;;9;10;1;1;;1;4;1;;;1;998
11;3;18;28;28058;;1;1;M-50;60,012;2;4;2;;;3;4;2;;;1;1
8;7;23;28;28058;;3;2;No inventariada;;9;4;1;1;;1;4;1;;;1;998
11;6;9;28;28058;;1;1;M-506;9,1;5;16;2;;;3;1;1;;;1;2
11;2;15;28;28058;;1;1;A-42;18,8;3;4;2;;;1;1;1;;;1;1
11;4;20;28;28058;;3;2;No inventariada;;9;7;1;2;;1;4;1;;;1;998
12;2;20;28;28058;;3;2;No inventariada;;9;10;2;;;3;3;3;;;1;998
12;4;23;28;28058;;3;2;No inventariada;;9;10;2;;;1;4;1;;;1;998
12;4;23;28;28058;;3;2;No inventariada;;9;2;2;;;1;4;1;;;1;998
12;4;21;28;28058;;3;2;No inventariada;;14;2;1;4;;1;4;1;;;1;998
12;1;14;28;28058;;1;1;A-42;18,6;3;2;2;;;1;1;1;;;1;1
12;5;17;28;28058;;3;2;No inventariada;;9;2;1;4;;1;1;1;;;1;998
12;1;22;28;28058;;1;1;M-50;59,235;2;15;2;;;1;4;1;;;1;1
12;1;6;28;28058;;1;1;M-506;20;5;12;2;;;1;4;1;;;1;1
12;7;19;28;28058;;1;1;A-42;18,8;3;4;2;;;1;4;1;;;1;1
12;1;17;28;28058;;3;2;No inventariada;;9;7;1;1;;1;1;1;;;1;998
12;7;13;28;28058;;3;2;No inventariada;;13;10;2;;;1;1;1;;;1;998
12;6;11;28;28058;;3;2;No inventariada;;9;7;1;1;;1;1;1;;;1;998
12;1;20;28;28058;;1;1;M-506a;0,977;5;16;2;;;3;4;1;;;1;2
2;6;12;28;28059;;1;1;M-103;15,2;6;4;1;2;;1;1;1;;;1;1
4;7;4;28;28134;;1;1;M-111;15;5;14;2;;;1;4;1;;;1;1
2;4;19;28;28059;;3;2;No inventariada;;9;7;2;;;3;4;3;;;5;998
5;5;19;28;28059;;1;1;M-111;23,75;5;18;2;;;1;1;1;;;1;1
6;5;9;28;28164;;1;1;M-117;6,756;6;1;2;;;1;1;1;;;1;2
7;1;20;28;28059;;1;1;M-111;20,6;6;6;2;;;1;1;1;;;1;1
7;2;6;28;28059;;1;1;M-111;24,45;5;16;1;4;M-103;1;1;1;;;1;1
7;6;6;28;28059;;1;1;M-103;11,764;6;7;2;;;1;5;1;;;1;1
9;7;19;28;28059;;1;1;M-111;21,4;5;15;2;;;1;1;1;;;1;1
9;2;21;28;28134;;1;1;M-111;15;5;2;1;4;M-100;1;5;1;;;8;1
11;5;20;28;28059;;1;1;M-111;19,389;5;4;2;;;1;6;2;;;1;3
11;2;13;28;28164;;1;1;M-117;6,4;6;5;2;;;1;1;1;;;1;1
12;3;14;28;28059;;1;1;M-111;22,919;5;10;2;;;1;1;1;;;1;1
12;2;14;28;28059;;1;1;M-103;15,2;6;4;1;2;;1;1;1;;;1;1
1;3;16;28;0;;1;1;A-3;65,5;3;18;2;;;3;1;2;;;1;2
2;5;20;28;0;;1;1;A-3;63,981;3;9;2;;;1;6;1;;;1;1
3;5;5;28;0;;1;1;M-240;0,5;6;2;2;;;1;2;1;;;1;1
3;2;21;28;0;;1;1;A-3;58,4;3;2;2;;;3;6;3;;;1;1
3;3;12;28;0;;1;1;A-3;62,231;3;5;2;;;3;1;3;;;1;1
3;5;14;28;0;;1;1;A-3;65,5;3;19;2;;;3;1;4;;;1;1
4;1;13;28;0;;1;1;A-3;65,523;3;12;2;;;1;1;2;;;1;1
4;1;19;28;0;;1;1;A-3;61;3;2;2;;;3;1;3;;;1;1
5;3;14;28;0;;1;1;A-3;60,8;3;4;2;;;1;1;1;;;1;1
5;6;21;28;0;;1;1;A-3;60,57;3;12;2;;;1;2;1;;;6;2
6;6;21;28;0;;3;2;No inventariada;;9;2;2;;;3;5;2;;;1;998
6;5;7;28;0;;1;1;A-3;62,7;3;4;1;2;A-3;1;1;1;;;1;1
6;5;19;28;0;;1;1;A-3;62;3;12;2;;;1;1;1;;;1;1
9;7;23;28;0;;1;1;A-3;59,66;3;19;2;;;1;6;1;;;1;1
9;6;1;28;0;;1;1;A-3;64,9;3;4;2;;;1;6;2;;;1;1
11;6;9;28;0;;1;1;A-3;59,6;3;18;2;;;3;1;1;;;1;2
11;1;13;28;0;;1;1;A-3;65,5;3;18;2;;;3;1;3;;;4;2
1;4;0;28;28061;;1;1;A-6;32,835;2;15;2;;;3;4;3;;;1;2
1;2;9;28;28061;;3;2;No inventariada;;9;12;2;;;1;1;1;;;18;998
1;3;8;28;28061;;1;1;M-505;15;6;16;1;4;M-505;3;1;1;;;6;2
2;6;3;28;28061;;1;1;M-528;1,849;6;15;2;;;3;6;3;;;1;2
2;6;7;28;28061;;1;1;M-510;0,2;6;19;2;;;3;6;1;;;18;1
2;6;0;28;28061;;1;1;M-510;4,5;6;3;1;2;;1;3;1;;;18;1
2;4;14;28;28061;;1;1;M-505;10;6;15;2;;;3;1;4;;;4;2
2;3;8;28;28061;;1;1;M-528;3,4;6;19;2;;;1;1;1;;;1;2
2;5;11;28;28061;;3;2;No inventariada;;9;7;2;;;1;1;1;;;1;998
2;4;8;28;28061;;1;1;A-6;35,186;2;16;2;;;1;1;1;;;1;1
2;2;10;28;28061;;3;2;No inventariada;;9;7;2;;;1;1;1;;;18;998
3;6;17;28;28061;;1;1;A-6;33,5;2;2;2;;;6;1;6;;;5;2
3;6;11;28;28061;;1;1;M-505;11;6;19;2;;;3;1;3;;;1;2
3;6;23;28;28061;;1;1;A-6;33,7;2;4;2;;;1;4;1;;;1;2
4;2;7;28;28061;;1;1;A-6;34,2;2;5;2;;;1;3;7;;;10;1
4;7;12;28;28061;;1;1;M-505;11,28;6;2;2;;;3;1;3;;;18;2
4;2;19;28;28061;;1;1;M-505;14,4;6;4;1;4;M-505;1;1;1;;;1;2
4;3;15;28;28061;;3;2;No inventariada;;14;19;2;;;1;1;1;;;18;998
2;6;3;28;28061;;3;2;No inventariada;;9;18;2;;;3;4;3;;;18;998
5;1;18;28;28061;;1;1;M-510;1,731;6;4;2;;;1;1;1;;;1;1
6;6;9;28;28044;;1;1;M-510;12,483;6;4;2;;;1;1;1;;;18;1
6;2;19;28;28061;;3;2;No inventariada;;9;2;2;;;3;1;3;;;18;998
6;1;21;28;28061;;1;1;M-505;17,064;6;7;2;;;1;3;1;;;6;1
6;6;14;28;28061;;3;2;No inventariada;;9;1;2;;;1;1;1;;;1;998
6;7;13;28;28061;;3;2;No inventariada;;9;10;2;;;1;1;1;;;1;998
7;6;20;28;28061;;3;2;No inventariada;;9;7;2;;;1;1;1;;;18;998
8;7;9;28;28061;;1;1;M-519;5,8;6;12;2;;;1;1;1;;;1;1
8;5;10;28;28061;;3;2;No inventariada;;9;7;1;1;;1;1;1;;;18;998
8;4;9;28;28061;;1;1;A-6;36,45;2;16;1;2;A-6;1;1;1;;;1;3
8;5;13;28;28044;;1;1;M-510;9,627;6;3;1;4;M-505;1;1;1;;;1;2
8;5;18;28;28061;;1;1;A-6;33,76;2;16;2;;;1;1;1;;;1;2
9;1;11;28;28061;;3;2;No inventariada;;9;2;1;4;;1;1;1;;;18;998
8;6;21;28;28061;;3;2;No inventariada;;9;10;2;;;9;2;3;;;18;998
8;4;23;28;28061;;3;2;No inventariada;;9;2;2;;;3;3;1;;;18;998
9;4;11;28;28061;;1;1;A-6;35,154;2;3;2;;;1;1;1;;;1;1
10;5;12;28;28061;;1;1;A-6;35,5;2;10;2;;;1;1;1;;;1;1
10;3;7;28;28061;;1;1;M-505;18,189;6;7;2;;;3;4;3;;;1;1
10;2;23;28;28061;;1;1;A-6;33,6;2;16;2;;;3;4;4;;;18;2
10;5;15;28;28061;;1;1;A-6;34,761;2;6;2;;;1;1;1;;;18;1
10;6;21;28;28061;;1;1;M-505;18,2;6;7;2;;;1;4;1;;;1;1
11;7;11;28;28061;;1;1;M-510;5;6;10;2;;;1;1;2;;;1;1
11;2;10;28;28061;;1;1;M-505;15,4;6;10;2;;;1;1;1;;;1;1
11;4;14;28;28061;;3;2;No inventariada;;9;1;2;;;1;1;1;;;18;998
11;3;8;28;28061;;1;1;M-505;14,415;6;10;1;4;M-510;1;3;1;;;1;2
11;4;18;28;28061;;1;1;M-510;1,731;6;4;2;;;1;4;1;;;1;1
12;7;11;28;28044;;2;2;M-510;9,663;6;2;1;2;;1;1;1;;;1;1
11;5;22;28;28061;;3;2;No inventariada;;9;9;2;;;1;6;1;;;18;998
12;4;9;28;28061;;3;2;No inventariada;;9;2;2;;;1;1;1;;;18;998
12;3;13;28;28061;;3;2;No inventariada;;9;3;1;1;M-510;1;1;1;;;18;998
11;3;16;28;28061;;3;2;No inventariada;;9;4;2;;;1;1;1;;;18;998
9;7;17;28;0;;1;1;M-604;4,3;6;18;2;;;1;1;1;;;1;1
3;5;8;28;0;;1;1;M-635;1,7;6;15;2;;;6;1;6;;;1;1
7;4;14;28;0;;1;1;M-604;9,645;6;14;2;;;1;1;1;;;1;1
10;3;13;28;0;;1;1;M-604;8,726;6;2;1;2;M-634;1;1;1;;;1;1
1;1;8;28;28065;;1;1;M-50;47,488;2;12;1;4;M-50;3;6;1;2;;1;2
1;3;10;28;28065;;1;1;A-42;10,5;3;4;2;;;3;1;3;;;1;1
1;4;9;28;28065;;1;1;A-4;13,5;3;18;2;;;3;1;1;;;1;1
1;1;15;28;28065;;1;1;A-42;13,163;3;4;2;;;3;1;1;;;1;1
1;1;16;28;28065;;1;1;A-42;14,7;3;4;2;;;3;1;2;;;1;1
1;1;7;28;28065;;1;1;M-45;6,928;3;2;1;4;;1;6;1;;;1;2
1;1;18;28;28065;;1;1;A-4;12,675;3;4;2;;;1;4;1;;;1;1
1;3;8;28;28065;;1;1;A-4;13,065;3;5;2;;;1;1;1;;;1;1
1;1;6;28;28065;;1;1;A-42;15,751;3;4;2;;;1;3;1;;;1;1
1;1;7;28;28065;;1;1;A-42;15,852;3;4;2;;;1;3;1;;;1;1
1;3;23;28;28065;;1;1;A-42;10,5;3;3;2;;;1;4;1;;;1;2
2;4;7;28;28065;;1;1;A-4;13,122;3;5;2;;;1;4;1;;;1;1
1;1;23;28;28065;;1;1;A-42;16,3;3;4;2;;;1;4;1;;;1;1
1;5;12;28;28065;;3;2;No inventariada;;14;2;2;;;1;1;1;;;18;998
1;4;14;28;28065;;1;1;M-50;47,4;2;14;2;;;1;1;1;;;1;1
2;3;6;28;28065;;1;1;A-4;16,336;3;4;2;;;1;4;2;;;18;1
1;3;10;28;28065;;3;2;No inventariada;;9;7;2;;;1;1;1;;;1;998
1;6;19;28;28065;;3;2;No inventariada;;9;16;2;;;1;4;1;;;18;998
2;6;2;28;28065;;1;1;A-42;14,95;3;7;2;;;3;4;3;;;1;1
2;3;19;28;28079;;1;1;A-4;11,926;3;4;2;;;1;4;1;;;1;1
2;5;13;28;28065;;1;1;A-4;17;3;4;2;;;1;1;1;;;1;1
2;2;11;28;28065;;1;1;M-50;48,2;2;2;2;;;1;1;1;;;1;1
2;6;12;28;28065;;1;1;A-42;11,1;3;4;2;;;1;1;1;;;1;1
2;6;12;28;28065;;1;1;A-4;12;3;4;2;;;1;1;1;;;1;1
2;2;7;28;28065;;1;1;A-4;12,836;3;10;2;;;1;4;1;;;1;2
2;3;6;28;28065;;1;1;M-50;50,388;2;16;2;;;1;4;1;;;1;1
2;3;8;28;28058;;1;1;M-50;58,874;2;12;2;;;1;1;1;;;1;1
2;2;9;28;28065;;1;1;M-50;43;2;5;2;;;1;1;1;;;1;1
2;6;22;28;28065;;3;2;No inventariada;;9;4;2;;;1;4;1;;;1;998
1;2;23;28;28065;;3;2;No inventariada;;9;10;2;;;1;4;1;;;1;998
2;4;19;28;28065;;1;1;A-4;16,254;3;4;2;;;1;4;1;;;1;1
2;1;13;28;28065;;1;1;M-45;7;3;1;1;4;;1;1;1;;;1;1
1;7;19;28;28065;;3;2;No inventariada;;9;4;2;;;1;4;1;;;1;998
1;4;15;28;28065;;3;2;No inventariada;;9;7;2;;;3;1;3;1;;1;998
3;2;12;28;28065;;1;1;M-50;46,83;7;3;1;4;;1;1;1;;;1;1
3;2;18;28;28058;;1;1;M-50;53,093;2;3;2;;;1;1;1;;;1;1
2;1;11;28;28065;;3;2;No inventariada;;9;7;2;;;1;1;2;;;1;998
3;4;19;28;28065;;1;1;A-4;16,493;3;4;2;;;3;4;2;;;1;1
2;5;20;28;28065;;3;2;No inventariada;;9;16;2;;;3;4;3;;;1;998
2;7;14;28;28065;;3;2;No inventariada;;9;10;2;;;3;1;2;;;1;998
1;1;14;28;28065;;3;2;No inventariada;;9;5;2;;;1;1;1;;;1;998
3;1;12;28;28065;;1;1;A-4;13,25;3;4;2;;;1;1;1;;;1;1
3;4;8;28;28065;;1;1;M-50;42,8;2;4;2;;;1;1;1;;;1;1
3;1;17;28;28065;;1;1;M-406;10,6;5;4;1;1;A-42;1;1;1;;;1;4
3;1;18;28;28058;;1;1;A-42;18,461;3;4;2;;;1;1;1;;;1;1
2;7;15;28;28065;;3;2;No inventariada;;9;2;1;1;;1;1;2;;;1;998
3;5;20;28;28065;;1;1;A-42;12;3;15;2;;;1;4;1;;;1;1
3;5;6;28;28065;;3;2;No inventariada;;9;2;1;4;;3;4;3;;;18;998
2;6;14;28;28065;;3;2;No inventariada;;9;16;1;1;A-42;1;1;2;;;18;998
2;1;10;28;28065;;3;2;No inventariada;;9;2;1;2;;1;1;1;;;18;998
2;1;19;28;28065;;3;2;No inventariada;;9;5;1;4;;1;4;1;;;18;998
3;1;19;28;28065;;1;1;A-4;17,5;3;4;2;;;1;3;2;;;1;2
3;2;15;28;28065;;1;1;A-42;15,898;3;5;2;;;3;1;3;;;1;1
3;2;12;28;28065;;3;2;No inventariada;;9;4;2;;;1;1;1;;;18;998
1;5;9;28;28065;;3;2;No inventariada;;9;7;2;;;3;4;4;;;18;998
3;5;8;28;28065;;3;2;No inventariada;;9;7;2;;;1;1;1;;;1;998
2;5;9;28;28065;;3;2;No inventariada;;9;4;2;;;1;1;1;;;1;998
4;3;21;28;28058;;1;1;M-50;52,797;2;6;2;;;1;3;7;;;18;1
4;4;9;28;28065;;1;1;M-50;47,454;2;16;1;2;M-50;1;1;1;;;1;1
4;6;15;28;28065;;1;1;A-42;12,3;3;4;2;;;1;1;1;;;1;1
4;1;6;28;28065;;1;1;M-50;46,981;2;4;2;;;1;5;1;;;17;1
4;1;11;28;28065;;1;1;A-4;15,4;3;3;1;2;A-4;1;1;1;;;1;1
4;4;10;28;28065;;3;2;No inventariada;;9;7;2;;;1;2;1;;;18;998
4;4;10;28;28065;;3;2;No inventariada;;9;2;2;;;1;1;1;;;18;998
4;4;8;28;28065;;1;1;A-4;13;3;4;2;;;1;1;1;;;1;1
4;4;20;28;28065;;1;1;A-42;15,515;3;4;2;;;1;1;1;;;1;1
2;2;11;28;28065;;3;2;No inventariada;;14;4;2;;;1;1;1;;;18;998
3;6;14;28;28065;;3;2;No inventariada;;14;10;1;4;;1;1;3;;;1;998
4;5;16;28;28065;;1;1;M-50;50;2;4;2;;;1;1;1;;;1;1
3;6;12;28;28065;;3;2;No inventariada;;9;3;2;;;1;1;1;;;1;998
3;7;23;28;28065;;3;2;No inventariada;;9;7;1;4;;1;4;1;;;1;998
3;5;22;28;28065;;3;2;No inventariada;;9;16;1;4;;1;4;1;;;1;998
4;3;18;28;28065;;1;1;A-42;11,658;3;10;2;;;1;1;1;;;1;1
4;3;19;28;28065;;1;1;A-42;12,459;3;3;2;;;1;1;1;;;1;1
4;4;9;28;28074;;1;1;M-406;9,199;5;4;2;;;1;1;1;;;1;1
4;4;10;28;28065;;1;1;M-50;47,9;2;14;2;;;1;1;1;;;1;1
4;5;13;28;28065;;1;1;A-4;12,7;3;4;2;;;1;1;1;;;1;1
2;1;14;28;28065;;3;2;No inventariada;;9;2;2;;;1;1;1;;;1;998
4;6;4;28;28065;;3;2;No inventariada;;9;6;2;;;1;4;1;;;1;998
4;2;19;28;28065;;1;1;M-50;45;2;5;2;;;1;1;1;;;1;1
4;3;16;28;28065;;1;1;A-42;16,8;3;4;2;;;1;1;1;;;1;1
4;5;15;28;28065;;1;1;M-406;16,846;6;3;2;;;1;1;1;;;1;1
4;2;20;28;28065;;1;1;M-45;7,5;3;4;2;;;1;1;1;;;1;1
5;5;14;28;28065;;1;1;A-4;16,151;3;4;2;;;1;1;1;;;1;1
5;1;14;28;28065;;1;1;M-50;45,264;2;5;2;;;3;1;3;;;1;1
5;3;6;28;28065;;1;1;A-4;12;3;20;2;;;1;2;7;;;18;1
5;3;18;28;28065;;1;1;M-45;5,9;3;3;2;;;1;1;1;;;1;2
5;4;5;28;28065;;1;1;M-50;50,427;2;5;2;;;1;4;1;;;1;1
5;6;23;28;28065;;1;1;A-4;15,7;3;3;2;;;1;4;1;;;1;1
4;2;8;28;28065;;3;2;No inventariada;;9;10;2;;;1;1;1;;;1;998
4;5;17;28;28065;;3;2;No inventariada;;9;2;1;1;;1;1;1;;;1;998
5;6;12;28;28065;;3;2;No inventariada;;9;7;2;;;1;1;1;;;1;998
5;6;7;28;28065;;3;2;No inventariada;;9;6;2;;;1;1;1;;;18;998
4;2;18;28;28065;;3;2;No inventariada;;9;2;1;1;;1;1;1;;;18;998
5;5;6;28;28065;;1;1;M-301;12;6;10;2;;;1;2;1;;;1;2
5;5;16;28;28065;;1;1;A-42;13,5;3;4;2;;;1;1;1;;;1;1
6;7;21;28;28065;;1;1;M-45;6,442;7;6;2;;;1;1;1;;;1;1
6;5;22;28;28065;;1;1;A-42;10;3;12;1;12;M-45;1;4;2;;;1;2
4;4;13;28;28065;;3;2;No inventariada;;14;16;2;;;1;1;1;;;1;998
3;4;0;28;28065;;3;2;No inventariada;;9;2;1;1;;3;4;3;;;1;998
1;6;22;28;28065;;3;2;No inventariada;;9;3;2;;;1;4;1;;;16;998
5;1;0;28;28065;;3;2;No inventariada;;9;10;2;;;3;4;3;;;1;998
6;5;3;28;28065;;1;1;M-45;7,5;3;7;1;12;;1;4;1;;;1;1
6;2;14;28;28065;;3;2;No inventariada;;9;4;1;4;;1;1;1;;;1;998
6;3;9;28;28065;;1;1;M-45;7,7;3;10;1;2;M-45;1;1;1;;;1;1
6;5;18;28;28065;;1;1;A-42;11,2;3;9;1;12;;1;1;1;;;1;2
6;7;12;28;28065;;1;1;M-301;5;6;10;1;4;;2;1;1;;;1;2
6;2;17;28;28065;;1;1;A-4;12,521;3;4;2;;;1;1;1;;;1;1
5;3;14;28;28065;;3;2;No inventariada;;13;7;2;;;1;1;1;;;1;998
5;3;18;28;28065;;3;2;No inventariada;;9;2;1;1;;1;1;2;;;1;998
5;5;19;28;28065;;3;2;No inventariada;;9;2;2;;;1;1;1;;;1;998
5;7;21;28;28065;;3;2;No inventariada;;9;10;1;2;;3;4;3;;;1;998
7;3;7;28;28065;;1;1;A-42;12,428;3;3;1;5;M-406;1;2;1;;;1;1
7;1;9;28;28065;;1;1;M-50;41;2;4;1;10;M-301;1;1;1;;;1;1
7;6;20;28;28065;;1;1;M-50;44,2;2;4;2;;;1;1;1;;;18;1
4;2;14;28;28065;;3;2;No inventariada;;14;4;2;;;1;1;1;;;1;998
7;1;0;28;28074;;1;1;M-406;9;5;2;1;1;M-409;1;4;1;;;1;1
7;3;20;28;28065;;1;1;M-45;7;3;4;2;;;1;1;1;;;1;1
6;4;23;28;28065;;3;2;No inventariada;;9;3;1;4;;1;5;1;;;1;998
6;6;23;28;28065;;3;2;No inventariada;;9;2;1;1;;1;4;1;;;1;998
7;4;13;28;28065;;1;1;M-45;5,946;7;4;2;;;1;1;1;;;1;1
7;4;17;28;28065;;1;1;M-50;47,175;2;4;2;;;1;1;1;;;1;1
6;2;11;28;28065;;3;2;No inventariada;;7;15;2;;;1;1;1;;;18;998
5;2;13;28;28065;;3;2;No inventariada;;9;2;2;;;1;1;1;;;18;998
7;5;15;28;28065;;1;1;M-45;7,668;3;4;2;;;1;1;1;;;1;1
7;6;18;28;28065;;1;1;M-45;7,149;3;4;2;;;1;1;1;;;1;1
7;7;18;28;28065;;1;1;A-42;10,3;3;3;2;;;1;1;1;;;18;2
7;2;17;28;28065;;1;1;A-42;15,5;3;5;2;;;1;1;1;;;1;1
7;4;18;28;28065;;1;1;A-4;13,8;3;5;2;;;1;1;1;;;1;1
7;5;15;28;28065;;1;1;M-50;52,1;2;4;2;;;1;1;1;;;1;1
7;6;3;28;28065;;1;1;A-42;13;3;7;2;;;1;4;1;;;1;1
3;2;14;28;28065;;3;2;No inventariada;;9;20;2;;;1;1;1;;;16;998
7;3;13;28;28065;;3;2;No inventariada;;9;7;2;;;1;1;1;;;1;998
7;3;8;28;28065;;1;1;M-406;11;5;4;2;;;1;1;1;;;1;1
5;5;14;28;28065;;3;2;No inventariada;;9;2;2;;;1;1;1;;;18;998
6;5;6;28;28065;;3;2;No inventariada;;9;3;2;;;1;1;1;;;1;998
7;3;11;28;28065;;1;1;M-50;47,732;2;4;2;;;1;1;1;;;1;1
7;4;22;28;28074;;1;1;M-50;53,319;2;4;2;;;1;6;1;;;1;1
6;7;7;28;28065;;3;2;No inventariada;;7;4;2;;;1;1;1;;;1;998
7;2;17;28;28065;;1;1;M-45;6;3;3;2;;;1;1;2;;;1;2
6;4;11;28;28065;;3;2;No inventariada;;9;4;2;;;1;1;1;;;1;998
8;5;14;28;28065;;1;1;A-42;12,4;3;4;2;;;3;1;3;;;1;1
8;6;9;28;28079;;1;1;M-301;1,347;5;2;2;;;1;1;1;;;1;3
7;3;13;28;28065;;3;2;No inventariada;;9;7;2;;;9;1;7;;;1;998
7;6;9;28;28065;;3;2;No inventariada;;9;7;2;;;1;2;1;;;18;998
8;5;1;28;28065;;1;1;M-50;40;2;16;2;;;1;4;1;;;1;1
8;6;10;28;28065;;1;1;A-4;14,562;7;12;1;12;;1;1;1;;;1;3
8;6;19;28;28065;;1;1;M-301;5,091;8;10;1;7;M-50;2;1;7;;;1;2
8;1;12;28;28065;;1;1;A-4;14,682;3;18;2;;;1;1;1;;;1;1
8;1;22;28;28065;;1;1;A-42;10,8;3;4;2;;;1;4;1;;;1;1
8;2;14;28;28079;;1;1;A-4;11,9;3;4;2;;;1;1;1;;;1;1
6;5;7;28;28065;;3;2;No inventariada;;14;7;2;;;1;1;1;;;6;998
7;3;8;28;28065;;1;1;M-406;10;5;4;1;4;;1;3;1;;;1;1
9;4;16;28;28065;;1;1;M-50;52,2;2;15;2;;;1;1;1;;;1;1
9;5;8;28;28065;;1;1;A-42;10,403;3;4;2;;;1;1;1;;;1;1
9;6;11;28;28065;;1;1;M-301;5,113;6;4;1;4;M-50;1;1;1;;;1;1
9;6;19;28;28065;;1;1;A-4;12,535;3;4;2;;;1;1;1;;;1;1
9;7;7;28;28065;;1;1;A-4;16,5;3;4;2;;;1;4;1;;;1;1
9;1;8;28;28065;;1;1;A-4;12,1;3;3;2;;;1;1;1;;;1;1
6;5;20;28;28065;;3;2;No inventariada;;9;7;2;;;1;1;1;;;1;998
9;3;7;28;28065;;1;1;M-50;49,7;2;4;2;;;1;1;1;;;6;1
7;4;22;28;28065;;3;2;No inventariada;;9;7;1;2;;1;4;1;;;1;998
4;6;0;28;28065;;3;2;No inventariada;;9;7;2;;;3;4;3;1;;9;998
5;7;0;28;28065;;3;2;No inventariada;;9;10;1;1;;1;6;1;;;17;998
5;4;1;28;28065;;3;2;No inventariada;;9;7;2;;;1;4;1;;;9;998
5;2;23;28;28065;;3;2;No inventariada;;9;7;2;;;1;4;1;;;1;998
7;1;1;28;28065;;3;2;No inventariada;;9;6;2;;;1;4;1;;;1;998
5;6;1;28;28065;;3;2;No inventariada;;9;7;2;;;1;4;1;;;9;998
5;3;11;28;28065;;3;2;No inventariada;;9;7;2;;;1;1;1;;;1;998
8;6;11;28;28065;;3;2;No inventariada;;14;7;2;;;1;1;1;;;18;998
8;3;8;28;28065;;3;2;No inventariada;;9;2;2;;;1;1;1;;;1;998