MES;DIA_SEMANA;HORA;COD_PROVINCIA;COD_MUNICIPIO;ISLA;ZONA;ZONA_AGRUPADA;CARRETERA;KM;TIPO_VIA;TIPO_ACCIDENTE;NUDO;NUDO_INFO;CARRETERA_CRUCE;CONDICION_FIRME;CONDICION_ILUMINACION;CONDICION_METEO;CONDICION_NIEBLA;CONDICION_VIENTO;VISIB_RESTRINGIDA_POR;TRAZADO_PLANTA
9;4;12;28;28065;;1;1;A-4;15,799;3;10;2;;;1;1;2;;;1;1
9;5;14;28;28065;;1;1;M-50;45;2;4;2;;;1;1;2;;;1;1
9;5;20;28;28074;;1;1;M-50;55,5;2;5;2;;;1;4;1;;;1;1
9;6;18;28;28065;;1;1;A-4;12,3;3;3;2;;;1;1;1;;;1;1
9;1;7;28;28065;;1;1;M-50;47,478;2;4;2;;;1;3;1;;;18;1
9;1;15;28;28065;;1;1;A-4;17,392;8;3;2;;;1;1;1;;;1;1
9;3;0;28;28065;;1;1;A-42;11,754;3;3;2;;;1;4;1;;;1;1
9;1;12;28;28065;;1;1;A-4;12,1;3;4;2;;;1;1;1;;;1;1
6;3;15;28;28065;;3;2;No inventariada;;9;10;2;;;2;1;1;;;18;998
6;1;22;28;28065;;3;2;No inventariada;;9;10;2;;;1;6;1;;;1;998
10;3;10;28;28065;;1;1;A-4;17,4;3;3;2;;;1;1;1;;;1;1
10;3;11;28;28065;;1;1;M-50;49,725;2;5;2;;;1;1;1;;;1;1
10;6;14;28;28065;;1;1;M-50;45,9;2;10;2;;;1;1;1;;;1;1
10;6;22;28;28065;;1;1;A-42;13,6;3;3;2;;;1;4;1;;;1;1
10;7;14;28;28065;;1;1;A-4;12;3;4;2;;;1;1;1;;;1;1
10;3;8;28;28065;;1;1;A-4;13,254;3;4;2;;;1;1;2;;;18;1
10;5;7;28;28065;;1;1;M-50;44,263;2;4;2;;;1;5;1;;;18;1
10;6;22;28;28065;;1;1;A-4;12,613;3;16;1;12;;3;4;2;;;1;1
8;1;18;28;28065;;3;2;No inventariada;;9;7;2;;;1;1;1;;;18;998
9;3;18;28;28065;;3;2;No inventariada;;9;4;2;;;1;1;1;;;18;998
7;2;12;28;28065;;3;2;No inventariada;;9;2;1;4;;1;1;1;;;18;998
7;2;8;28;28065;;3;2;No inventariada;;9;3;2;;;1;1;1;;;18;998
8;3;6;28;28065;;3;2;No inventariada;;9;6;2;;;1;1;1;;;1;998
10;7;4;28;28065;;1;1;M-50;41,882;2;16;2;;;1;6;1;;;1;1
10;5;13;28;28065;;1;1;M-50;44,8;2;4;2;;;1;1;2;;;1;1
8;6;15;28;28065;;3;2;No inventariada;;9;3;1;4;;1;1;1;;;1;998
8;4;15;28;28065;;3;2;No inventariada;;9;2;1;2;;1;1;1;;;1;998
11;4;19;28;28065;;1;1;A-42;12,1;3;5;2;;;1;4;1;;;1;1
11;4;20;28;28065;;1;1;A-42;10,58;3;4;2;;;1;4;1;;;1;1
11;5;8;28;28065;;1;1;A-4;12;3;3;1;2;;1;1;2;;;1;1
11;5;20;28;28079;;1;1;A-4;11,8;3;4;2;;;1;4;1;;;1;1
11;5;20;28;28065;;1;1;A-42;16,472;3;4;2;;;1;4;1;;;1;1
11;6;14;28;28079;;1;1;A-4;11,92;3;4;2;;;1;1;1;;;1;1
11;1;17;28;28065;;1;1;A-4;12,8;3;4;2;;;1;1;1;;;1;1
11;2;7;28;28065;;1;1;A-4;12;3;3;2;;;1;4;1;;;1;1
11;2;18;28;28065;;1;1;M-50;47;2;3;2;;;1;1;1;;;1;1
10;4;18;28;28065;;3;2;No inventariada;;9;2;1;4;;1;1;1;;;18;998
11;5;19;28;28065;;1;1;A-42;10,36;3;4;2;;;1;4;1;;;1;1
11;7;19;28;28065;;1;1;M-406;17,2;5;10;2;;;7;4;1;;;5;2
11;2;17;28;28065;;1;1;M-45;7,084;3;4;2;;;1;1;1;;;1;1
11;6;6;28;28065;;3;2;No inventariada;;9;6;2;;;9;4;7;2;;18;998
11;4;12;28;28065;;1;1;A-4;12,9;3;3;2;;;1;1;2;;;1;1
10;3;14;28;28065;;3;2;No inventariada;;9;2;2;;;1;1;1;;;18;998
11;3;12;28;28065;;1;1;M-50;46,773;2;12;1;2;A-4;1;1;1;;;1;1
11;4;7;28;28065;;1;1;M-50;44,4;2;4;2;;;1;5;1;;;1;1
11;4;21;28;28065;;1;1;A-4;13,386;3;3;2;;;1;4;1;;;1;1
11;1;11;28;28065;;3;2;No inventariada;;9;5;2;;;1;2;1;;;1;998
10;1;6;28;28065;;3;2;No inventariada;;9;10;1;4;;2;1;1;;;1;998
10;4;7;28;28065;;3;2;No inventariada;;9;7;1;4;;3;4;4;;;5;998
11;3;14;28;28065;;3;2;No inventariada;;9;2;1;2;;3;1;3;;;1;998
9;2;7;28;28065;;3;2;No inventariada;;9;2;1;4;;1;1;1;;;1;998
10;2;9;28;28065;;3;2;No inventariada;;9;7;1;2;;9;1;7;;;1;998
7;4;13;28;28065;;3;2;No inventariada;;9;2;2;;;1;1;1;;;1;998
10;5;13;28;28065;;3;2;No inventariada;;9;9;1;4;;1;1;1;;;1;998
12;2;14;28;28065;;1;1;M-50;51,5;2;4;2;;;1;1;1;;;1;1
11;3;6;28;28065;;3;2;No inventariada;;9;10;2;;;1;4;1;;;18;998
11;3;7;28;28065;;3;2;No inventariada;;9;2;2;;;1;1;2;;;18;998
10;5;0;28;28065;;3;2;No inventariada;;9;4;1;4;;1;4;1;;;18;998
11;2;12;28;28065;;3;2;No inventariada;;9;16;2;;;1;1;1;;;1;998
12;5;16;28;28113;;1;1;A-4;18,5;3;4;2;;;1;1;2;;;1;1
12;7;18;28;28065;;1;1;A-4;12,385;3;10;2;;;1;4;1;;;1;1
12;7;21;28;28065;;1;1;M-50;46,9;2;14;2;;;1;4;1;;;1;1
12;1;6;28;28065;;1;1;M-50;43,7;2;3;2;;;1;5;1;;;1;1
12;3;12;28;28065;;1;1;M-50;50,349;2;4;2;;;1;1;1;;;1;1
12;4;16;28;28065;;1;1;A-42;10,517;3;4;2;;;1;1;1;;;1;1
12;4;19;28;28065;;1;1;M-50;51;8;3;2;;;3;4;1;;;1;3
12;5;20;28;28065;;1;1;A-4;12,531;3;3;2;;;1;4;1;;;1;1
12;6;11;28;28065;;1;1;A-4;12,193;3;4;2;;;1;1;1;;;1;1
12;1;6;28;28065;;1;1;M-45;6,5;3;3;2;;;1;4;1;;;1;2
12;3;4;28;28065;;1;1;M-50;45;2;3;2;;;1;5;1;;;1;1
12;4;14;28;28065;;1;1;A-4;14,7;3;4;2;;;1;1;1;;;1;1
12;6;23;28;28065;;3;2;No inventariada;;9;10;2;;;1;4;1;;;18;998
1;7;10;28;28066;;1;1;M-404;17,062;6;3;1;7;M-407;1;1;1;;;1;1
1;3;10;28;28066;;3;2;No inventariada;;7;7;2;;;1;1;1;;;1;998
1;7;9;28;28066;;1;1;M-419;1,319;6;10;2;;;3;1;3;;;1;2
2;3;6;28;28066;;1;1;M-404;20,5;6;4;2;;;1;4;1;;;1;1
3;4;14;28;28066;;3;2;No inventariada;;9;2;1;2;;3;1;3;;;1;998
4;7;9;28;28066;;1;1;M-419;0,6;6;6;2;;;1;1;1;;;1;1
5;5;10;28;28066;;1;1;M-404;20,7;6;15;2;;;1;1;1;;;1;1
5;4;19;28;28066;;1;1;M-404;21,813;6;2;1;4;M-404;1;1;1;;;1;1
6;5;18;28;28066;;1;1;M-404;20;6;5;2;;;1;1;1;;;1;1
7;3;8;28;28066;;1;1;M-407;15,147;5;16;2;;;1;1;1;;;18;1
9;3;10;28;28089;;1;1;AP-41;5,682;1;18;2;;;1;1;1;;;18;3
10;6;15;28;28066;;1;1;M-419;0,6;6;3;2;;;1;1;1;;;1;1
7;1;10;28;28066;;3;2;No inventariada;;9;3;1;2;;1;1;1;;;1;998
11;3;9;28;28066;;3;2;No inventariada;;9;7;1;2;;1;1;1;;;1;998
1;7;9;28;28045;;1;1;M-625;10,064;6;19;2;;;1;1;1;;;1;1
2;3;8;28;28067;;1;1;M-608;8,37;6;4;1;7;M-608;1;1;2;;;1;1
4;6;9;28;28067;;1;1;A-1;48,7;3;16;2;;;1;1;1;;;1;1
4;6;14;28;28067;;1;1;M-608;8,3;6;10;2;;;1;1;1;;;1;1
7;7;7;28;28067;;1;1;M-625;15,315;6;15;2;;;1;3;1;;;1;2
8;5;18;28;28067;;1;1;M-608;7;6;4;2;;;1;1;1;;;1;1
1;3;16;28;28068;;1;1;N-6;44,845;6;4;2;;;3;1;2;;;1;1
1;5;14;28;28068;;1;1;M-600;0,2;6;4;1;4;M-614;1;1;1;;;1;1
2;7;10;28;28068;;2;2;M-614;10;6;3;2;;;1;1;1;;;1;1
2;1;14;28;28068;;1;1;M-614;9,759;6;16;1;2;;3;1;2;;;5;1
3;4;15;28;28068;;1;1;N-6;45,1;6;4;2;;;3;1;4;;;18;4
4;2;17;28;28068;;1;1;M-614;9,5;6;4;2;;;1;1;1;;;1;1
4;7;6;28;28068;;1;1;N-6;46,8;6;16;2;;;1;5;1;;;1;1
5;3;10;28;28068;;1;1;AP-6;51,648;1;4;2;;;1;1;2;;;18;1
1;5;13;28;28068;;3;2;No inventariada;;9;5;1;1;;1;1;1;;;18;998
5;3;17;28;28068;;1;1;M-614;9,513;6;4;2;;;1;1;1;;;1;1
5;3;22;28;28068;;1;1;M-623;10,2;6;8;2;;;1;6;1;;;1;1
3;6;13;28;28068;;3;2;No inventariada;;9;4;2;;;1;1;2;;;1;998
5;1;13;28;28068;;1;1;M-600;0,2;6;15;1;4;M-614;1;1;1;;;1;2
6;5;8;28;28068;;2;2;M-614;9,9;6;7;1;4;N-6;1;1;1;;;1;1
5;5;7;28;28068;;3;2;No inventariada;;9;7;1;2;;1;1;1;;;18;998
8;4;18;28;28068;;1;1;N-6;56,077;6;3;2;;;1;1;1;;;1;1
8;4;19;28;28068;;1;1;N-6;56,406;6;12;2;;;1;1;1;;;1;1
9;1;7;28;28131;;1;1;AP-6;45,289;1;4;2;;;1;3;1;;;1;1
9;3;11;28;28068;;1;1;AP-6;48,2;1;3;2;;;1;1;1;;;1;1
10;3;18;28;28068;;1;1;N-6;56,229;6;2;2;;;3;1;3;;;1;2
10;6;8;28;28068;;1;1;AP-6;46,7;1;16;2;;;1;1;1;;;6;1
10;1;10;28;28068;;1;1;M-614;9,5;6;7;2;;;1;6;1;;;1;1
10;2;18;28;28068;;1;1;AP-6;47,336;1;4;2;;;3;2;3;;;18;1
11;1;8;28;28068;;1;1;N-6;47,005;6;1;2;;;1;6;1;;;6;3
11;1;8;28;28068;;1;1;N-6;46,996;6;4;2;;;1;2;1;;;6;2
9;6;13;28;28068;;3;2;No inventariada;;9;4;1;2;;1;1;1;;;9;998
10;5;20;28;28068;;3;2;No inventariada;;9;2;2;;;9;4;7;;;18;998
11;5;4;28;28068;;1;1;M-614;10,369;6;4;2;;;1;1;1;;;1;1
11;5;15;28;28068;;1;1;N-6;45,731;6;1;1;2;M-619;1;1;1;;;1;1
12;4;15;28;28068;;1;1;N-6;54,423;6;16;2;;;3;1;3;;;1;2
12;5;19;28;28068;;3;2;No inventariada;;9;7;2;;;1;4;1;;;1;998
1;1;4;28;0;;1;1;A-1;87,276;3;15;2;;;3;6;4;1;;5;1
9;6;21;28;0;;1;1;A-1;86,111;3;12;2;;;4;6;4;;;5;1
12;1;8;28;0;;1;1;A-1;87,876;3;12;2;;;5;2;3;;1;18;2
7;3;17;28;0;;1;1;A-1;87,694;3;14;2;;;1;1;1;;;1;1
1;5;21;28;28072;;2;2;M-618;17,5;6;7;2;;;3;4;2;;;1;1
2;2;18;28;28072;;1;1;M-618;17,368;6;1;1;2;;3;4;7;;;17;1
5;4;16;28;28072;;1;1;M-618;20,465;6;16;2;;;1;1;1;;;1;1
7;1;16;28;28072;;1;1;M-618;19,2;6;4;2;;;1;1;1;;;1;1
9;5;6;28;28072;;1;1;M-618;19,6;6;1;2;;;1;6;1;;;1;1
9;2;20;28;28072;;1;1;M-618;19,154;6;12;2;;;1;1;1;;;1;2
4;3;19;28;28072;;3;2;No inventariada;;9;3;2;;;1;1;1;;;18;998
10;4;18;28;28072;;3;2;No inventariada;;9;4;1;4;;1;1;1;;;1;998
10;5;7;28;28072;;3;2;No inventariada;;9;10;1;1;;1;4;1;;;1;998
11;5;8;28;28072;;3;2;No inventariada;;9;2;1;1;;1;1;1;;;1;998
11;6;13;28;28072;;3;2;No inventariada;;13;19;2;;;8;1;1;;;1;998
1;2;14;28;28073;;3;2;No inventariada;;9;2;2;;;1;1;1;;;1;998
1;5;7;28;28073;;1;1;M-413;0,5;6;7;2;;;3;4;3;;;1;1
1;4;14;28;28073;;1;1;M-410;3,081;8;15;1;12;M-407;1;1;1;;;1;2
2;5;7;28;28073;;1;1;M-405;4,2;6;2;1;2;;1;1;1;;;1;1
3;7;23;28;28073;;3;2;No inventariada;;9;2;2;;;1;4;7;;;18;998
3;7;16;28;28073;;3;2;No inventariada;;14;6;2;;;1;1;2;;;18;998
4;3;8;28;28073;;1;1;M-405;1;6;7;2;;;1;1;1;;;1;1
4;3;8;28;28073;;1;1;M-419;3,1;6;4;1;2;;1;1;2;;;1;1
5;5;14;28;28073;;1;1;M-407;9,2;5;4;2;;;1;1;1;;;1;1
5;6;21;28;28073;;1;1;M-405;2,162;6;7;2;;;1;4;1;;;1;1
5;7;10;28;28073;;1;1;M-405;4,69;6;20;1;4;M-410;1;1;1;;;18;1
6;7;17;28;28073;;1;1;M-413;3;6;19;2;;;1;1;1;;;18;1
7;1;16;28;28073;;1;1;M-410;4;5;16;2;;;1;1;1;;;1;1
7;1;12;28;28073;;1;1;M-405;3,871;6;19;2;;;3;1;3;;;1;2
7;2;17;28;28073;;3;2;No inventariada;;9;7;1;2;;1;1;1;;;1;998
7;4;11;28;28073;;3;2;No inventariada;;9;6;2;;;1;1;7;;;18;998
9;5;13;28;28073;;1;1;M-413;1,5;6;7;2;;;1;1;1;;;1;1
10;4;9;28;28073;;1;1;M-413;1,5;6;4;2;;;1;1;1;;;1;1
11;2;19;28;28073;;1;1;M-410;3;5;4;2;;;1;6;1;;;1;2
11;3;11;28;28073;;2;2;M-405;3,2;6;2;1;2;;1;1;1;;;1;1
11;5;11;28;28073;;1;1;M-405;2,17;6;4;2;;;1;1;1;;;1;1
12;4;8;28;28073;;1;1;M-405;2,154;6;7;2;;;3;1;2;;;1;1
12;5;9;28;28073;;1;1;M-405;0,8;5;4;1;4;;1;1;7;;;18;2
12;1;18;28;28073;;1;1;M-405;3;6;2;1;1;;1;4;1;;;18;1
1;3;6;28;28074;;3;2;No inventariada;;9;2;1;2;;3;4;3;;;1;998
1;4;16;28;28074;;3;2;No inventariada;;9;2;1;1;;3;1;3;;;1;998
1;2;0;28;28074;;1;1;M-40;30,017;3;3;1;4;M-40;1;4;1;;;1;1
1;3;15;28;28074;;3;2;No inventariada;;9;7;2;;;1;1;1;;;1;998
1;3;22;28;28074;;3;2;No inventariada;;9;10;2;;;3;4;3;;;1;998
1;3;13;28;28074;;3;2;No inventariada;;9;4;1;2;;1;1;1;;;1;998
1;6;19;28;28074;;3;2;No inventariada;;9;3;1;1;;1;4;1;;;1;998
1;5;7;28;28074;;3;2;No inventariada;;9;7;1;4;;3;3;4;;;5;998
1;5;7;28;28074;;3;2;No inventariada;;9;1;2;;;3;3;4;;;5;998
1;4;15;28;28074;;3;2;No inventariada;;9;7;2;;;1;1;1;;;1;998
1;3;13;28;28074;;3;2;No inventariada;;9;7;2;;;3;1;3;;;18;998
1;1;21;28;28074;;1;1;M-407;2;5;20;1;4;M-50;1;4;1;;;1;1
1;3;10;28;28074;;1;1;M-407;1;5;14;2;;;1;1;1;;;1;2
1;2;21;28;28074;;3;2;No inventariada;;9;3;1;4;;1;4;1;;;1;998
1;3;7;28;28074;;3;2;No inventariada;;9;7;1;4;;1;4;1;;;1;998
1;5;20;28;28074;;1;1;M-407;1,933;5;2;1;4;M-50;1;4;1;;;1;1
1;6;6;28;28074;;3;2;No inventariada;;9;2;1;1;;1;3;1;;;1;998
1;3;14;28;28074;;3;2;No inventariada;;9;7;1;4;;1;1;1;;;1;998
1;3;9;28;28074;;3;2;No inventariada;;9;4;1;4;;1;1;1;;;1;998
2;4;14;28;28074;;3;2;No inventariada;;9;10;2;;;1;1;1;;;1;998
2;7;7;28;28074;;1;1;M-406;8,7;5;4;2;;;1;4;1;;;1;1
2;3;19;28;28074;;1;1;M-407;2;5;4;2;;;1;4;7;;;1;1
2;4;8;28;28074;;1;1;M-425;1,814;5;3;1;4;;1;3;1;;;1;1
2;5;16;28;28074;;1;1;M-45;2,728;3;4;2;;;3;1;3;;;1;1
2;3;19;28;28074;;3;2;No inventariada;;9;10;2;;;1;4;1;;;1;998
2;5;19;28;28074;;3;2;No inventariada;;9;7;2;;;1;4;1;;;1;998
2;6;15;28;28074;;3;2;No inventariada;;9;4;1;12;;1;1;1;;;1;998
2;5;16;28;28074;;3;2;No inventariada;;9;2;1;1;;1;1;1;;;1;998
2;6;22;28;28074;;3;2;No inventariada;;9;4;1;2;;1;4;1;;;1;998
2;4;19;28;28074;;3;2;No inventariada;;9;3;2;;;3;4;3;;;1;998
2;2;8;28;28074;;1;1;M-45;5,752;3;4;2;;;1;1;1;;;1;2
1;5;23;28;28074;;3;2;No inventariada;;9;7;2;;;1;4;1;;;1;998
2;5;18;28;28074;;1;1;M-45;2,163;3;16;1;2;M-421;3;4;3;;;1;1
2;5;18;28;28074;;3;2;No inventariada;;9;2;1;4;;1;2;1;;;18;998
2;4;14;28;28074;;3;2;No inventariada;;9;10;2;;;1;1;1;;;1;998
2;4;10;28;28074;;3;2;No inventariada;;9;2;2;;;1;1;1;;;1;998
3;6;4;28;28074;;1;1;M-409;0,1;5;5;2;;;9;5;1;;;1;1
2;3;13;28;28074;;3;2;No inventariada;;9;10;2;;;1;1;1;;;1;998
3;6;10;28;28074;;3;2;No inventariada;;9;2;1;1;;1;1;2;;;2;998
1;2;13;28;28074;;3;2;No inventariada;;9;2;1;1;;1;1;1;;;1;998
3;7;13;28;28074;;3;2;No inventariada;;9;2;1;2;;1;1;2;;;1;998
2;5;19;28;28074;;3;2;No inventariada;;9;2;2;;;1;3;1;;;1;998
2;2;20;28;28074;;3;2;No inventariada;;9;7;2;;;1;4;1;;;1;998
3;4;20;28;28074;;3;2;No inventariada;;9;2;2;;;3;3;3;;;5;998
3;6;5;28;28074;;3;2;No inventariada;;9;12;1;4;;3;4;3;;;1;998
3;7;6;28;28065;;1;1;M-45;5,806;3;1;1;2;M-402;3;4;3;;;1;2
3;1;17;28;28074;;3;2;No inventariada;;9;7;2;;;1;1;1;;;1;998
3;1;19;28;28074;;3;2;No inventariada;;9;2;1;1;;1;4;1;;;1;998
3;5;14;28;28074;;3;2;No inventariada;;9;7;2;;;1;1;1;;;1;998
3;3;15;28;28074;;3;2;No inventariada;;9;1;2;;;1;4;1;;;1;998
3;3;20;28;28074;;3;2;No inventariada;;9;4;1;2;;1;1;1;;;18;998
3;4;18;28;28074;;3;2;No inventariada;;9;2;1;4;;1;1;1;;;1;998
3;6;14;28;28074;;3;2;No inventariada;;9;7;1;2;;1;1;1;;;1;998
3;3;16;28;28074;;3;2;No inventariada;;9;3;1;3;;1;1;1;;;1;998
3;5;20;28;28074;;3;2;No inventariada;;9;2;1;4;;1;4;1;;;1;998
3;5;10;28;28074;;3;2;No inventariada;;9;2;2;;;1;1;1;;;11;998
3;5;8;28;28074;;3;2;No inventariada;;9;7;1;2;;1;1;1;;;1;998
3;6;11;28;28074;;3;2;No inventariada;;9;10;2;;;1;1;1;;;1;998
2;3;16;28;28074;;3;2;No inventariada;;9;7;1;4;;1;1;1;;;1;998
2;3;6;28;28074;;3;2;No inventariada;;9;2;1;1;;1;4;1;;;1;998
3;4;9;28;28074;;1;1;M-409;0,031;5;4;1;4;M-406;1;1;7;;;18;1
3;7;4;28;28074;;1;1;M-50;58;2;9;2;;;1;4;2;;;1;1
3;2;16;28;28074;;1;1;R-5;5,628;1;4;2;;;1;1;1;;;1;1
3;3;23;28;28074;;3;2;No inventariada;;9;2;1;3;;3;4;2;;;1;998
3;5;10;28;28074;;3;2;No inventariada;;9;7;2;;;3;1;3;;;1;998
3;3;22;28;28074;;1;1;A-42;8,5;3;19;2;;;3;4;2;;;1;4
2;1;12;28;28074;;3;2;No inventariada;;9;6;2;;;1;1;1;;;1;998
3;2;20;28;28074;;3;2;No inventariada;;9;7;2;;;3;4;4;;;5;998
4;6;9;28;28074;;1;1;M-406;9;5;2;1;1;;1;1;2;;;1;1
4;2;14;28;28074;;1;1;M-407;0,4;5;4;2;;;1;1;1;;;1;1
4;5;22;28;28074;;3;2;No inventariada;;9;7;2;;;1;4;1;;;1;998
4;2;13;28;28074;;1;1;A-42;8,7;3;4;2;;;1;1;1;;;1;1
4;1;11;28;28074;;3;2;No inventariada;;9;2;1;2;;3;1;4;;;18;998
4;4;7;28;28074;;1;1;M-407;2;5;2;1;4;;1;3;1;;;1;1
4;4;23;28;28074;;3;2;No inventariada;;9;7;2;;;1;4;1;;;1;998
4;2;8;28;28074;;1;1;M-45;3,786;3;5;2;;;1;1;1;;;1;1
4;3;13;28;28074;;3;2;No inventariada;;9;10;2;;;1;1;1;;;1;998
4;4;9;28;28074;;3;2;No inventariada;;9;2;2;;;1;1;1;;;1;998
4;5;11;28;28074;;1;1;M-425;1;5;4;1;4;M-40;1;1;1;;;1;1
4;1;15;28;28074;;3;2;No inventariada;;9;3;1;4;;1;1;1;;;1;998
4;1;15;28;28074;;3;2;No inventariada;;9;10;2;;;1;1;1;;;1;998
4;4;16;28;28074;;3;2;No inventariada;;9;10;2;;;2;1;1;;;1;998
4;5;22;28;28074;;1;1;M-45;5,496;3;4;2;;;1;4;1;;;1;1
4;6;0;28;28074;;1;1;M-407;2,369;5;14;2;;;3;4;3;;;1;2
4;5;19;28;28074;;3;2;No inventariada;;9;3;1;4;;1;1;2;;;1;998
4;4;9;28;28074;;3;2;No inventariada;;9;4;2;;;1;1;1;;;1;998
4;1;15;28;28074;;1;1;M-407;2;5;4;1;4;M-50;1;1;1;;;18;2
4;2;9;28;28074;;3;2;No inventariada;;9;2;2;;;1;1;1;;;1;998
5;3;12;28;28074;;3;2;No inventariada;;9;7;2;;;1;1;1;;;1;998
4;5;20;28;28074;;3;2;No inventariada;;9;5;2;;;1;2;1;;;1;998
5;3;4;28;28074;;3;2;No inventariada;;9;10;2;;;1;4;1;;;1;998
5;4;17;28;28074;;3;2;No inventariada;;9;4;2;;;1;1;1;;;1;998
5;6;7;28;28074;;1;1;M-40;25,9;3;15;2;;;1;1;1;;;1;1
5;6;7;28;28074;;1;1;M-50;55,593;2;15;2;;;1;1;1;;;1;2
5;2;15;28;28074;;3;2;No inventariada;;9;2;1;2;;3;1;3;;;1;998
5;6;21;28;28074;;3;2;No inventariada;;9;2;1;1;;1;4;1;;;1;998
5;4;21;28;28074;;3;2;No inventariada;;9;1;2;;;1;2;1;;;1;998
5;4;16;28;28074;;3;2;No inventariada;;9;7;2;;;1;1;1;;;1;998
5;3;17;28;28074;;3;2;No inventariada;;9;3;1;2;;1;1;1;;;1;998
5;3;17;28;28074;;1;1;M-425;1,83;5;4;1;4;;1;1;1;;;1;1
5;3;11;28;28074;;1;1;M-406;1,4;5;4;2;;;1;1;1;;;1;2
5;4;17;28;28074;;1;1;M-45;5,621;3;4;2;;;1;1;1;;;6;2
5;4;14;28;28074;;1;1;M-50;54;2;19;2;;;1;1;1;;;1;1
5;3;15;28;28074;;3;2;No inventariada;;9;7;2;;;1;1;1;;;1;998
6;6;15;28;28074;;3;2;No inventariada;;9;2;2;;;1;1;1;;;1;998
5;4;11;28;28074;;3;2;No inventariada;;9;10;2;;;2;1;1;;;1;998
6;5;11;28;28074;;3;2;No inventariada;;9;4;1;4;;1;1;2;;;1;998
6;6;10;28;28074;;3;2;No inventariada;;9;2;2;;;1;1;2;;;1;998
6;1;12;28;28074;;3;2;No inventariada;;9;7;2;;;3;1;3;;;1;998
6;3;14;28;28074;;3;2;No inventariada;;9;4;2;;;1;1;1;;;1;998
6;2;9;28;28074;;3;2;No inventariada;;9;2;2;;;1;1;1;;;1;998
5;2;17;28;28074;;3;2;No inventariada;;9;5;1;2;;1;1;1;;;1;998
6;5;20;28;28074;;3;2;No inventariada;;9;7;2;;;1;1;1;;;1;998
5;1;21;28;28074;;3;2;No inventariada;;9;7;2;;;1;2;1;;;1;998
6;7;22;28;28074;;3;2;No inventariada;;9;4;2;;;1;4;1;;;1;998
6;2;15;28;28074;;3;2;No inventariada;;9;2;2;;;1;1;1;;;1;998
6;4;20;28;28074;;3;2;No inventariada;;9;10;1;4;;3;2;1;;;1;998
3;2;18;28;28074;;3;2;No inventariada;;9;7;1;6;;1;2;1;;;1;998
6;2;14;28;28074;;3;2;No inventariada;;9;2;1;4;;1;1;2;;;1;998
6;2;19;28;28074;;3;2;No inventariada;;9;4;2;;;1;1;2;;;1;998
6;3;4;28;28074;;1;1;M-406;4;5;16;2;;;1;4;1;;;1;2
6;2;20;28;28074;;3;2;No inventariada;;9;4;1;4;;1;1;1;;;1;998
6;2;15;28;28074;;3;2;No inventariada;;9;4;1;4;;1;1;1;;;1;998
6;1;18;28;28074;;3;2;No inventariada;;9;10;2;;;1;1;1;;;1;998
5;2;22;28;28074;;3;2;No inventariada;;9;4;1;4;;1;4;1;;;1;998
6;5;14;28;28074;;1;1;A-42;9,3;3;3;2;;;1;1;1;;;1;1
6;6;7;28;28074;;3;2;No inventariada;;9;7;2;;;1;1;1;;;1;998
6;6;20;28;28074;;3;2;No inventariada;;9;1;2;;;1;1;1;;;1;998
6;5;22;28;28074;;3;2;No inventariada;;9;7;2;;;1;4;1;;;1;998
6;5;10;28;28074;;3;2;No inventariada;;9;7;2;;;1;1;1;;;1;998
4;2;8;28;28074;;3;2;No inventariada;;9;10;2;;;1;1;1;;;1;998
6;2;20;28;28074;;3;2;No inventariada;;9;10;2;;;3;1;4;;;1;998
6;1;20;28;28074;;3;2;No inventariada;;9;4;2;;;1;1;1;;;1;998
6;3;1;28;28074;;1;1;M-409;0;5;2;1;1;;1;5;1;;;1;1
6;7;19;28;28074;;3;2;No inventariada;;9;2;1;2;;1;1;1;;;1;998
7;4;0;28;28079;;1;1;M-40;26,966;3;2;1;4;;1;4;1;;;1;1
7;6;15;28;28074;;3;2;No inventariada;;9;12;1;2;;1;1;1;;;1;998
7;3;18;28;28074;;1;1;M-407;2,462;5;6;2;;;1;1;1;;;1;1
7;5;8;28;28074;;3;2;No inventariada;;9;10;2;;;8;1;1;;;1;998
7;2;10;28;28074;;3;2;No inventariada;;9;7;2;;;1;1;1;;;1;998
8;6;1;28;28079;;1;1;M-40;29,759;3;12;2;;;1;4;1;;;1;1
7;4;18;28;28074;;3;2;No inventariada;;9;16;2;;;1;1;1;;;1;998
7;3;15;28;28074;;3;2;No inventariada;;9;4;1;2;;1;1;1;;;1;998
7;6;11;28;28074;;3;2;No inventariada;;9;7;1;1;;1;1;1;;;18;998
8;2;17;28;28074;;3;2;No inventariada;;9;10;2;;;1;1;1;;;1;998
8;5;8;28;28074;;1;1;A-42;6,873;3;4;1;12;A-42;1;1;1;;;18;1
8;7;14;28;28074;;1;1;M-409;0,01;5;10;1;4;M-409;1;1;1;;;1;1
8;2;15;28;28074;;1;1;M-409;1,7;5;6;2;;;1;1;1;;;1;1
8;3;7;28;28074;;1;1;M-407;1,933;5;2;1;4;M-50;1;3;1;;;1;1
8;6;17;28;28074;;3;2;No inventariada;;9;2;1;4;;1;1;1;;;1;998
8;2;14;28;28074;;3;2;No inventariada;;9;4;1;4;;1;1;1;;;1;998
5;6;19;28;28074;;3;2;No inventariada;;9;2;1;2;;1;1;1;;;1;998
8;5;0;28;28074;;1;1;M-45;5,5;3;10;2;;;1;4;1;;;1;1
8;6;10;28;28074;;3;2;No inventariada;;9;10;2;;;1;1;1;;;1;998
8;7;11;28;28074;;3;2;No inventariada;;9;10;2;;;1;1;1;;;1;998
8;3;17;28;28074;;1;1;A-42;9,1;3;4;2;;;1;1;1;;;1;1
8;6;15;28;28074;;1;1;M-409;0,01;5;4;2;;;9;1;1;;;1;1