MES;DIA_SEMANA;HORA;COD_PROVINCIA;COD_MUNICIPIO;ISLA;ZONA;ZONA_AGRUPADA;CARRETERA;KM;TIPO_VIA;TIPO_ACCIDENTE;NUDO;NUDO_INFO;CARRETERA_CRUCE;CONDICION_FIRME;CONDICION_ILUMINACION;CONDICION_METEO;CONDICION_NIEBLA;CONDICION_VIENTO;VISIB_RESTRINGIDA_POR;TRAZADO_PLANTA
8;6;21;28;28074;;3;2;No inventariada;;9;7;2;;;1;4;1;;;18;998
8;1;6;28;28074;;1;1;M-45;2,773;3;12;2;;;1;3;1;;;1;1
8;1;22;28;28074;;1;1;M-406;3,467;5;6;2;;;1;1;1;;;10;1
8;2;14;28;28074;;3;2;No inventariada;;9;2;2;;;1;1;1;;;1;998
8;4;19;28;28074;;1;1;M-406;3,136;8;4;1;12;;1;1;1;;;1;1
8;4;19;28;28074;;3;2;No inventariada;;9;6;1;2;;1;1;1;;;1;998
8;6;20;28;28074;;3;2;No inventariada;;9;2;1;2;;1;1;1;;;1;998
8;6;20;28;28074;;1;1;M-409;0,01;5;2;1;7;M-406;1;2;2;;;1;2
8;1;0;28;28074;;3;2;No inventariada;;9;10;1;4;;3;4;1;;;1;998
9;7;22;28;28074;;1;1;M-50;55,2;2;16;1;12;M-409;1;6;1;;;1;1
9;3;16;28;28074;;3;2;No inventariada;;9;7;2;;;1;1;1;;;1;998
8;6;7;28;28074;;3;2;No inventariada;;9;7;2;;;1;1;1;;;1;998
9;6;18;28;28074;;3;2;No inventariada;;9;7;2;;;1;1;1;;;1;998
8;2;20;28;28074;;3;2;No inventariada;;9;4;2;;;1;2;1;;;1;998
9;7;22;28;28074;;3;2;No inventariada;;9;4;2;;;1;4;1;;;1;998
9;2;15;28;28074;;3;2;No inventariada;;9;7;1;2;;1;1;1;;;1;998
9;3;12;28;28074;;3;2;No inventariada;;9;4;2;;;1;1;1;;;1;998
9;2;9;28;28074;;3;2;No inventariada;;9;2;1;3;;1;1;1;;;1;998
9;3;6;28;28074;;3;2;No inventariada;;9;4;2;;;1;4;1;;;1;998
9;1;18;28;28074;;1;1;M-50;55,4;2;12;2;;;1;1;1;;;1;2
7;1;20;28;28074;;3;2;No inventariada;;9;7;1;1;;1;1;1;;;1;998
7;2;14;28;28074;;3;2;No inventariada;;9;2;1;1;;1;1;1;;;1;998
7;1;19;28;28074;;3;2;No inventariada;;9;7;2;;;1;1;1;;;1;998
9;1;17;28;28074;;3;2;No inventariada;;9;7;2;;;1;1;1;;;1;998
10;2;11;28;28074;;1;1;M-45;2;3;10;1;2;;7;1;1;;;1;3
10;4;9;28;28074;;3;2;No inventariada;;9;7;2;;;1;1;1;;;1;998
10;4;10;28;28074;;3;2;No inventariada;;9;7;2;;;1;1;1;;;6;998
10;6;10;28;28074;;1;1;M-406;1,989;5;15;2;;;1;1;1;;;1;2
10;1;15;28;28074;;3;2;No inventariada;;9;2;1;1;;3;1;2;;;1;998
10;1;11;28;28074;;3;2;No inventariada;;9;10;2;;;1;1;1;;;1;998
10;3;15;28;28074;;1;1;M-45;1,939;7;16;1;2;R-5;3;1;3;;;1;2
10;5;11;28;28074;;1;1;M-406;4,7;5;4;2;;;1;4;1;;;1;1
10;3;14;28;28074;;3;2;No inventariada;;9;4;2;;;3;1;4;;;5;998
10;6;23;28;28074;;3;2;No inventariada;;9;2;1;4;;1;4;2;;;1;998
9;7;23;28;28074;;3;2;No inventariada;;9;3;2;;;1;4;1;;;1;998
9;5;23;28;28074;;3;2;No inventariada;;9;4;1;4;;1;4;1;;;1;998
10;5;14;28;28074;;1;1;M-45;3,534;3;5;2;;;1;1;1;;;1;1
10;5;9;28;28074;;3;2;No inventariada;;9;7;2;;;1;1;1;;;1;998
10;1;8;28;28074;;3;2;No inventariada;;9;10;2;;;1;3;1;;;1;998
10;1;13;28;28074;;3;2;No inventariada;;9;7;1;2;;1;1;1;;;1;998
10;5;16;28;28074;;1;1;M-409;1,878;5;4;2;;;1;1;1;;;1;1
10;4;10;28;28074;;3;2;No inventariada;;9;10;2;;;1;1;1;;;1;998
9;4;15;28;28074;;3;2;No inventariada;;9;12;2;;;1;1;1;;;1;998
10;5;15;28;28074;;3;2;No inventariada;;9;7;2;;;1;1;1;;;9;998
10;5;17;28;28074;;3;2;No inventariada;;9;7;1;2;;1;1;1;;;1;998
10;3;19;28;28074;;3;2;No inventariada;;9;2;1;4;;1;2;2;;;1;998
10;6;21;28;28074;;1;1;M-409;1;5;4;1;4;M-406;1;4;2;;;1;1
10;6;19;28;28074;;3;2;No inventariada;;9;4;1;1;;1;4;2;;;1;998
10;1;0;28;28074;;3;2;No inventariada;;9;2;1;4;;3;4;3;;;5;998
10;2;15;28;28074;;1;1;M-406;8,8;5;4;2;;;3;1;7;;;1;1
10;2;18;28;28074;;3;2;No inventariada;;9;7;2;;;3;4;2;;;1;998
10;4;20;28;28074;;3;2;No inventariada;;9;7;2;;;1;1;1;;;1;998
11;3;13;28;28074;;1;1;M-409;0,798;5;4;2;;;1;1;1;;;1;1
10;2;22;28;28074;;3;2;No inventariada;;9;1;1;1;;3;4;3;;;5;998
10;6;20;28;28074;;3;2;No inventariada;;9;1;2;;;1;4;1;;;1;998
11;4;11;28;28074;;3;2;No inventariada;;9;6;2;;;1;1;1;;;1;998
11;1;9;28;28074;;3;2;No inventariada;;9;7;2;;;1;1;1;;;1;998
11;7;17;28;28074;;3;2;No inventariada;;9;2;2;;;1;1;1;;;4;998
10;1;13;28;28074;;3;2;No inventariada;;9;10;2;;;2;1;2;;;1;998
4;2;10;28;28074;;3;2;No inventariada;;9;20;2;;;1;4;1;;;1;998
11;3;11;28;28074;;3;2;No inventariada;;9;7;1;4;;1;1;2;;;1;998
11;4;16;28;28074;;3;2;No inventariada;;9;7;2;;;1;1;2;;;1;998
7;6;22;28;28074;;3;2;No inventariada;;9;7;2;;;1;4;1;;;1;998
11;5;0;28;28074;;3;2;No inventariada;;9;7;2;;;3;4;3;;;1;998
11;2;9;28;28074;;1;1;M-50;56,331;7;4;2;;;3;1;2;1;;5;1
11;5;19;28;28074;;3;2;No inventariada;;9;2;1;2;;1;4;1;;;9;998
11;2;15;28;28074;;3;2;No inventariada;;9;10;2;;;1;1;1;;;1;998
11;2;15;28;28074;;3;2;No inventariada;;9;7;1;2;;1;1;1;;;6;998
8;1;21;28;28074;;3;2;No inventariada;;9;7;2;;;1;4;1;;;1;998
11;5;16;28;28074;;1;1;M-50;57,596;2;4;2;;;1;1;1;;;1;1
10;6;4;28;28074;;3;2;No inventariada;;9;16;2;;;3;4;3;;;1;998
11;5;18;28;28074;;3;2;No inventariada;;9;7;1;4;;1;3;1;;;1;998
7;2;19;28;28074;;3;2;No inventariada;;9;7;2;;;1;1;1;;;1;998
7;5;14;28;28074;;3;2;No inventariada;;9;4;2;;;1;1;1;;;1;998
7;1;15;28;28074;;3;2;No inventariada;;9;10;1;2;;1;1;1;;;1;998
11;2;7;28;28074;;3;2;No inventariada;;9;7;1;2;;1;2;1;;;1;998
11;2;9;28;28074;;3;2;No inventariada;;9;10;2;;;3;1;2;;;1;998
11;1;15;28;28074;;3;2;No inventariada;;9;2;2;;;1;1;1;;;1;998
11;1;12;28;28074;;3;2;No inventariada;;9;7;2;;;1;1;1;;;1;998
11;2;17;28;28074;;3;2;No inventariada;;9;7;2;;;1;1;1;;;1;998
11;2;17;28;28074;;3;2;No inventariada;;9;4;1;4;;1;4;1;;;1;998
7;1;15;28;28074;;3;2;No inventariada;;9;10;1;1;;1;1;1;;;18;998
11;3;16;28;28074;;3;2;No inventariada;;9;3;2;;;1;1;1;;;1;998
11;4;14;28;28074;;3;2;No inventariada;;9;1;1;4;;1;1;1;;;1;998
11;5;16;28;28074;;3;2;No inventariada;;9;7;1;4;;1;1;1;;;1;998
12;1;8;28;28074;;1;1;M-45;3,7;3;2;2;;;1;1;1;;;1;1
11;2;6;28;28074;;3;2;No inventariada;;9;7;2;;;1;4;1;;;1;998
12;2;14;28;28074;;3;2;No inventariada;;9;7;2;;;1;1;1;;;1;998
11;1;18;28;28074;;3;2;No inventariada;;9;10;2;;;1;4;1;;;1;998
10;2;14;28;28074;;3;2;No inventariada;;9;2;1;4;;3;1;3;;;1;998
12;4;23;28;28074;;1;1;M-406;9,077;5;4;1;2;;1;4;1;;;1;1
10;6;9;28;28074;;3;2;No inventariada;;9;7;2;;;1;1;1;;;1;998
12;5;20;28;28074;;1;1;M-406;9,2;5;3;2;;;1;4;1;;;1;2
10;5;14;28;28074;;3;2;No inventariada;;9;7;1;11;;1;1;1;;;1;998
10;5;11;28;28074;;3;2;No inventariada;;9;2;1;2;;1;1;1;;;1;998
10;7;10;28;28074;;3;2;No inventariada;;9;10;1;4;;1;1;1;;;1;998
12;6;15;28;28079;;1;1;M-40;25,166;3;20;2;;;1;1;1;;;1;1
12;4;21;28;28074;;3;2;No inventariada;;9;10;2;;;1;3;1;;;1;998
9;4;21;28;28074;;3;2;No inventariada;;9;2;1;2;;1;4;1;;;1;998
9;7;18;28;28074;;3;2;No inventariada;;9;10;2;;;1;1;1;;;1;998
10;2;14;28;28074;;3;2;No inventariada;;9;10;2;;;1;1;1;;;1;998
12;6;13;28;28074;;3;2;No inventariada;;9;2;1;2;;1;1;1;;;1;998
2;5;13;28;28074;;3;2;No inventariada;;9;2;1;1;;1;1;1;;;1;998
12;7;17;28;28074;;3;2;No inventariada;;9;9;2;;;1;1;1;;;1;998
12;1;15;28;28074;;3;2;No inventariada;;9;4;2;;;1;1;1;;;1;998
12;1;20;28;28074;;1;1;M-407;2,14;5;12;1;4;M-50;1;4;7;;;18;2
12;2;7;28;28074;;3;2;No inventariada;;9;7;2;;;1;4;1;;;1;998
11;3;5;28;28074;;3;2;No inventariada;;9;2;1;1;;1;4;1;;;1;998
12;3;18;28;28074;;1;1;M-45;3,831;3;4;2;;;1;3;1;;;1;1
12;4;7;28;28074;;1;1;M-50;54,022;2;2;2;;;1;4;1;;;1;1
12;4;14;28;28074;;3;2;No inventariada;;9;4;1;4;;1;1;1;;;1;998
12;5;19;28;28074;;1;1;M-50;56,605;7;5;2;;;1;4;1;;;1;1
12;6;18;28;28074;;3;2;No inventariada;;9;7;1;2;;1;4;1;;;1;998
12;5;20;28;28074;;3;2;No inventariada;;9;3;1;4;;1;4;1;;;1;998
12;5;14;28;28074;;1;1;M-407;0;6;4;2;;;1;1;1;;;1;1
12;2;12;28;28074;;1;1;M-50;55,7;2;4;2;;;1;1;1;;;1;1
11;7;4;28;28074;;3;2;No inventariada;;9;6;2;;;1;4;1;;;1;998
12;4;20;28;28074;;1;1;M-407;1,8;5;4;2;;;1;4;1;;;1;1
12;5;13;28;28074;;3;2;No inventariada;;9;20;2;;;1;1;1;;;1;998
12;4;20;28;28074;;3;2;No inventariada;;9;7;1;2;;3;4;2;;;5;998
12;4;15;28;28074;;3;2;No inventariada;;9;2;2;;;1;1;1;;;9;998
12;1;7;28;28074;;3;2;No inventariada;;9;2;1;1;;1;4;1;;;1;998
12;1;14;28;28074;;3;2;No inventariada;;9;4;2;;;1;1;1;;;1;998
12;2;10;28;28074;;3;2;No inventariada;;9;7;2;;;1;1;1;;;6;998
12;5;22;28;28074;;1;1;M-45;5;8;3;2;;;1;4;1;;;1;2
12;6;10;28;28074;;3;2;No inventariada;;9;4;2;;;1;1;1;;;9;998
12;1;21;28;28074;;3;2;No inventariada;;9;7;2;;;1;4;1;;;1;998
12;4;12;28;28074;;3;2;No inventariada;;9;7;1;1;;1;1;1;;;1;998
12;1;11;28;28074;;3;2;No inventariada;;9;7;2;;;1;1;1;;;1;998
11;6;14;28;28074;;3;2;No inventariada;;9;2;2;;;1;1;1;;;1;998
1;3;8;28;28075;;1;1;M-225;0,8;6;1;2;;;1;1;2;;;1;1
2;4;19;28;28075;;1;1;M-217;4,6;6;3;2;;;1;6;1;;;1;1
2;7;17;28;28075;;1;1;M-300;13,5;6;2;1;11;M-219;1;1;1;;;1;1
3;7;0;28;28075;;1;1;M-300;11;6;16;2;;;3;6;3;;;1;1
3;7;12;28;28075;;1;1;M-300;12,924;6;2;1;4;M-217;1;1;1;;;1;1
3;1;18;28;28075;;1;1;M-219;3,5;6;18;2;;;3;1;2;;;1;2
5;3;15;28;28075;;1;1;M-206;4,01;6;19;2;;;1;1;1;;;1;1
5;1;19;28;28075;;1;1;M-300;12,983;6;5;1;2;;1;1;1;;;1;1
6;4;3;28;28075;;1;1;R-3;16,142;1;4;2;;;1;6;1;;;1;1
7;5;18;28;28075;;1;1;M-217;5,373;6;14;2;;;1;1;1;;;1;1
7;3;14;28;28075;;1;1;M-219;4,064;6;19;2;;;1;1;1;;;1;2
7;2;7;28;28075;;1;1;M-300;13,4;6;1;2;;;1;2;1;;;1;2
8;6;12;28;28075;;1;1;M-217;6;6;10;1;4;;1;1;1;;;1;2
10;3;22;28;28075;;1;1;M-206;4,9;5;16;2;;;3;6;2;;;1;2
10;2;1;28;28075;;1;1;M-206;3,9;6;4;2;;;1;5;1;;;1;1
12;2;11;28;28075;;1;1;M-300;14,2;6;2;2;;;1;1;1;;;1;1
6;7;14;28;0;;1;1;M-637;9,4;6;19;2;;;1;1;1;;;1;1
7;6;13;28;0;;1;1;M-637;9,51;6;19;2;;;1;1;1;;;1;2
8;6;18;28;0;;1;1;M-637;6,517;6;19;2;;;1;1;1;;;1;2
8;6;9;28;0;;1;1;M-637;11,081;6;19;2;;;1;1;1;;;1;3
2;6;12;28;0;;1;1;M-137;9,7;6;19;2;;;1;1;1;;;1;2
6;7;11;28;0;;1;1;M-137;9,754;6;19;2;;;1;1;1;;;1;2
1;1;7;28;28079;;3;2;No inventariada;;9;7;1;2;;1;3;1;;;1;998
1;1;16;28;28079;;3;2;No inventariada;;9;4;1;4;;1;1;1;;;1;998
1;1;16;28;28079;;3;2;No inventariada;;9;2;1;2;;1;1;1;;;1;998
1;1;20;28;28079;;3;2;No inventariada;;9;2;1;1;;1;4;1;;;1;998
1;2;9;28;28079;;3;2;No inventariada;;9;10;1;4;;3;1;1;;;1;998
1;2;7;28;28079;;3;2;No inventariada;;9;7;2;;;1;5;1;;;1;998
1;2;7;28;28079;;3;2;No inventariada;;9;7;1;1;;3;4;2;;;1;998
1;2;10;28;28079;;3;2;No inventariada;;9;2;2;;;1;1;1;;;1;998
1;2;9;28;28079;;3;2;No inventariada;;9;2;2;;;1;1;2;;;1;998
1;2;11;28;28079;;3;2;No inventariada;;9;4;1;1;;1;1;1;;;1;998
1;2;11;28;28079;;3;2;No inventariada;;9;4;1;4;;1;1;1;;;1;998
1;2;12;28;28079;;3;2;No inventariada;;9;4;2;;;1;1;2;;;1;998
1;1;22;28;28079;;3;2;No inventariada;;9;2;1;2;;9;4;1;;;1;998
1;2;17;28;28079;;3;2;No inventariada;;9;10;1;1;;3;2;3;;;1;998
1;2;19;28;28079;;3;2;No inventariada;;9;4;1;1;;1;4;1;;;1;998
1;1;22;28;28079;;3;2;No inventariada;;9;3;2;;;1;4;1;;;1;998
1;2;19;28;28079;;3;2;No inventariada;;9;10;2;;;3;4;2;;;18;998
1;2;19;28;28079;;3;2;No inventariada;;9;10;1;1;;3;4;2;;;1;998
1;2;19;28;28079;;3;2;No inventariada;;9;7;2;;;1;4;2;;;1;998
1;2;19;28;28079;;3;2;No inventariada;;9;7;1;2;;1;4;1;;;1;998
1;2;23;28;28079;;3;2;No inventariada;;9;10;1;1;;3;4;3;1;;1;998
1;2;21;28;28079;;3;2;No inventariada;;9;4;2;;;1;4;1;;;1;998
1;3;8;28;28079;;3;2;No inventariada;;9;4;2;;;3;3;4;;;7;998
1;3;8;28;28079;;3;2;No inventariada;;9;3;2;;;3;3;3;;;1;998
1;3;7;28;28079;;3;2;No inventariada;;9;7;1;1;;3;4;3;;;5;998
1;3;7;28;28079;;3;2;No inventariada;;9;2;1;1;;3;3;4;;;5;998
1;3;11;28;28079;;3;2;No inventariada;;9;10;2;;;3;1;3;;;1;998
1;3;11;28;28079;;3;2;No inventariada;;9;10;2;;;3;1;3;;;1;998
1;3;13;28;28079;;3;2;No inventariada;;9;10;2;;;3;1;2;;;18;998
1;3;13;28;28079;;3;2;No inventariada;;9;7;1;2;;1;1;2;;;1;998
1;3;14;28;28079;;3;2;No inventariada;;9;2;1;2;;3;1;2;;;1;998
1;2;20;28;28079;;3;2;No inventariada;;9;4;2;;;1;3;1;;;1;998
1;3;17;28;28079;;3;2;No inventariada;;9;10;1;1;;3;2;2;;;1;998
1;3;17;28;28079;;1;1;A-3;10;8;19;2;;;3;1;1;;;1;2
1;3;16;28;28079;;3;2;No inventariada;;9;4;1;1;;3;1;3;;;1;998
1;3;18;28;28079;;1;1;A-4;7,892;3;4;2;;;3;6;3;;;1;1
1;3;15;28;28079;;3;2;No inventariada;;9;4;2;;;1;1;2;;;1;998
1;1;1;28;28079;;3;2;No inventariada;;9;5;2;;;1;4;1;;;1;998
1;3;23;28;28079;;3;2;No inventariada;;9;10;1;1;;3;4;2;;;1;998
1;3;6;28;28079;;3;2;No inventariada;;9;7;1;2;;3;4;1;;;18;998
1;4;0;28;28079;;3;2;No inventariada;;9;2;1;2;;3;4;2;;;1;998
1;3;13;28;28079;;3;2;No inventariada;;9;10;1;1;;3;1;3;;;1;998
1;4;8;28;28079;;3;2;No inventariada;;9;10;1;2;;3;2;2;;;1;998
1;4;12;28;28079;;1;1;M-45;11,978;3;3;2;;;3;1;2;;;1;1
1;4;11;28;28079;;3;2;No inventariada;;9;10;1;1;;3;1;2;;;1;998
1;4;11;28;28079;;3;2;No inventariada;;9;10;2;;;3;1;3;;;1;998
1;4;14;28;28079;;1;1;A-2;10,281;3;5;2;;;3;1;2;;;1;1
1;4;14;28;28079;;3;2;No inventariada;;9;12;1;4;;3;6;3;;;18;998
1;4;16;28;28079;;3;2;No inventariada;;9;2;1;2;;3;1;3;;;18;998
1;4;16;28;28079;;3;2;No inventariada;;9;7;2;;;3;1;3;;;18;998
1;3;21;28;28079;;3;2;No inventariada;;9;10;1;1;;3;4;3;;;1;998
1;4;18;28;28079;;3;2;No inventariada;;9;10;2;;;3;4;3;;;5;998
1;4;14;28;28079;;3;2;No inventariada;;9;7;2;;;3;1;3;;;1;998
1;2;21;28;28079;;3;2;No inventariada;;9;3;1;2;;3;4;2;;;1;998
1;4;18;28;28079;;1;1;M-40;28,4;3;4;2;;;3;4;1;;;1;1
1;4;17;28;28079;;3;2;No inventariada;;9;2;1;4;;3;3;3;;;18;998
1;4;14;28;28079;;3;2;No inventariada;;9;4;2;;;3;1;3;;;18;998
1;4;18;28;28079;;3;2;No inventariada;;9;10;1;1;;3;4;3;;;1;998
1;4;19;28;28079;;3;2;No inventariada;;9;2;2;;;8;6;3;;;5;998
1;4;18;28;28079;;3;2;No inventariada;;9;12;1;4;;3;3;3;;;18;998
1;4;20;28;28079;;3;2;No inventariada;;9;5;1;4;;3;5;4;;;17;998
1;4;20;28;28079;;3;2;No inventariada;;9;10;1;2;;3;4;3;;;5;998
1;4;20;28;28079;;3;2;No inventariada;;9;3;2;;;3;4;3;;;18;998
1;4;21;28;28079;;1;1;M-14;0,4;2;3;2;;;3;4;3;;;1;1
1;4;20;28;28079;;3;2;No inventariada;;9;2;1;2;;3;4;4;;;5;998
1;4;20;28;28079;;3;2;No inventariada;;9;7;2;;;3;4;3;;;18;998
1;4;21;28;28079;;3;2;No inventariada;;9;10;1;1;;3;4;2;;;18;998
1;4;21;28;28079;;3;2;No inventariada;;9;7;1;4;;3;4;3;;;5;998
1;4;23;28;28079;;1;1;M-11;1,795;2;19;2;;;3;4;7;;;1;1
1;4;22;28;28079;;3;2;No inventariada;;9;3;1;1;;3;3;3;;;1;998
1;4;22;28;28079;;3;2;No inventariada;;9;2;1;1;;3;4;3;;;5;998
1;4;22;28;28079;;3;2;No inventariada;;9;10;1;2;;3;4;7;;;1;998
1;4;22;28;28079;;3;2;No inventariada;;9;4;1;1;;3;4;2;;;1;998
1;4;21;28;28079;;3;2;No inventariada;;9;7;2;;;3;4;4;1;;5;998
1;4;13;28;28079;;3;2;No inventariada;;9;6;2;;;3;1;3;;;1;998
1;4;14;28;28079;;3;2;No inventariada;;9;4;1;4;;3;1;4;;;18;998
1;3;12;28;28079;;3;2;No inventariada;;9;4;2;;;1;1;2;;;1;998
1;5;10;28;28079;;3;2;No inventariada;;9;7;1;4;;3;1;1;;;1;998
1;5;9;28;28079;;3;2;No inventariada;;9;2;1;1;;1;1;2;;;1;998
1;4;13;28;28079;;3;2;No inventariada;;9;4;2;;;3;1;4;;;5;998
1;5;11;28;28079;;3;2;No inventariada;;9;2;1;2;;1;1;1;;;1;998
1;5;10;28;28079;;3;2;No inventariada;;9;4;2;;;3;1;1;;;18;998
1;4;19;28;28079;;3;2;No inventariada;;9;12;1;11;;3;3;1;;;1;998
1;5;13;28;28079;;3;2;No inventariada;;9;2;1;4;;1;1;1;;;1;998
1;4;19;28;28079;;3;2;No inventariada;;9;7;2;;;3;4;3;;;17;998
1;5;14;28;28079;;3;2;No inventariada;;9;3;1;2;;1;1;1;;;1;998
1;4;17;28;28079;;3;2;No inventariada;;9;3;1;1;;3;1;3;;;5;998
1;5;14;28;28079;;3;2;No inventariada;;9;7;2;;;1;1;1;1;;18;998
1;5;16;28;28079;;3;2;No inventariada;;9;12;1;4;;1;1;1;;;1;998
1;5;19;28;28079;;1;1;M-11;7,228;3;4;2;;;3;4;2;;;1;2
1;5;20;28;28079;;3;2;No inventariada;;9;10;2;;;1;4;1;;;1;998
1;5;20;28;28079;;3;2;No inventariada;;9;7;1;4;;1;4;1;;;1;998
1;5;22;28;28079;;3;2;No inventariada;;9;10;2;;;1;4;1;;;1;998
1;5;20;28;28079;;3;2;No inventariada;;9;3;2;;;1;4;1;;;1;998
1;5;21;28;28079;;3;2;No inventariada;;9;1;1;1;;1;4;1;;;1;998
1;5;12;28;28079;;3;2;No inventariada;;9;2;1;1;;1;1;1;;;1;998
1;6;9;28;28079;;3;2;No inventariada;;9;6;2;;;1;1;1;;;1;998
1;6;14;28;28079;;3;2;No inventariada;;9;1;1;2;;1;1;1;;;9;998
1;6;15;28;28079;;3;2;No inventariada;;9;4;1;2;;1;1;1;;;1;998
1;6;16;28;28079;;3;2;No inventariada;;9;2;2;;;1;1;1;;;1;998
1;5;21;28;28079;;3;2;No inventariada;;9;3;1;1;;1;4;1;;;18;998
1;6;16;28;28079;;3;2;No inventariada;;9;7;1;2;;1;1;1;;;1;998
1;6;18;28;28079;;1;1;M-40;15;3;4;2;;;1;4;1;;;1;1
1;6;18;28;28079;;3;2;No inventariada;;9;6;2;;;1;3;1;;;1;998
1;7;0;28;28079;;3;2;No inventariada;;9;10;2;;;1;4;1;;;17;998
1;6;0;28;28079;;3;2;No inventariada;;9;4;1;1;;1;4;1;;;1;998
1;5;12;28;28079;;3;2;No inventariada;;9;2;2;;;1;1;1;;;9;998
1;6;12;28;28079;;3;2;No inventariada;;9;6;2;;;1;1;1;;;1;998
1;6;13;28;28079;;3;2;No inventariada;;9;7;1;1;;1;1;1;;;1;998
1;6;14;28;28079;;3;2;No inventariada;;9;9;2;;;1;4;1;;;1;998
1;7;10;28;28079;;1;1;A-4;7,473;3;18;2;;;3;1;1;;;1;1
1;7;12;28;28079;;3;2;No inventariada;;9;4;2;;;1;1;1;;;1;998
1;7;11;28;28079;;3;2;No inventariada;;9;2;2;;;1;1;1;;;1;998
1;7;14;28;28079;;3;2;No inventariada;;9;2;1;5;;1;1;1;;;18;998
1;7;14;28;28079;;3;2;No inventariada;;9;7;2;;;1;1;1;;;9;998
1;7;16;28;28079;;3;2;No inventariada;;9;2;1;1;;1;1;1;;;1;998
1;5;14;28;28079;;3;2;No inventariada;;9;5;2;;;1;4;1;;;1;998
1;7;21;28;28079;;3;2;No inventariada;;9;4;2;;;1;4;1;;;1;998
1;7;13;28;28079;;3;2;No inventariada;;9;2;1;1;;1;1;7;;;1;998
1;5;12;28;28079;;3;2;No inventariada;;9;7;1;1;;1;1;1;;;1;998
1;7;13;28;28079;;3;2;No inventariada;;9;3;2;;;1;1;1;;;1;998
1;7;13;28;28079;;3;2;No inventariada;;9;10;2;;;1;1;1;;;1;998
1;7;12;28;28079;;3;2;No inventariada;;9;10;2;;;1;1;1;;;1;998
1;1;8;28;28079;;3;2;No inventariada;;9;4;2;;;1;1;1;;;1;998
1;1;9;28;28079;;3;2;No inventariada;;9;2;1;4;;1;1;1;;;1;998
1;1;8;28;28079;;3;2;No inventariada;;9;3;1;2;;1;1;1;;;1;998
1;1;11;28;28079;;3;2;No inventariada;;9;4;1;2;;1;1;1;;;1;998
1;1;7;28;28079;;3;2;No inventariada;;9;4;1;1;;1;4;1;;;1;998
1;1;9;28;28079;;3;2;No inventariada;;9;6;2;;;1;1;1;;;1;998
1;7;20;28;28079;;3;2;No inventariada;;9;12;1;1;;1;4;1;;;1;998
1;5;18;28;28079;;3;2;No inventariada;;9;4;2;;;1;4;2;;;1;998
1;1;14;28;28079;;3;2;No inventariada;;9;2;1;2;;1;1;1;;;1;998
1;1;16;28;28079;;3;2;No inventariada;;9;5;2;;;1;1;1;;;1;998
1;1;19;28;28079;;3;2;No inventariada;;9;4;2;;;1;4;1;;;1;998
1;1;21;28;28079;;1;1;M-40;17,8;3;2;2;;;1;4;1;;;1;1
1;1;23;28;28079;;3;2;No inventariada;;9;2;1;1;;1;4;1;;;1;998
1;1;22;28;28079;;3;2;No inventariada;;9;7;1;1;;1;4;1;;;1;998
1;2;6;28;28079;;1;1;M-45;13,003;3;4;2;;;1;3;1;;;1;1
1;2;8;28;28079;;3;2;No inventariada;;9;7;1;2;;1;2;2;;;1;998
1;2;9;28;28079;;1;1;M-40;32;3;4;2;;;1;1;2;;;1;1
1;2;7;28;28079;;3;2;No inventariada;;9;2;1;2;;1;4;1;;;1;998
1;2;7;28;28079;;3;2;No inventariada;;9;7;2;;;1;3;1;;;1;998
1;2;7;28;28079;;3;2;No inventariada;;9;3;2;;;1;3;1;;;1;998
1;2;8;28;28079;;3;2;No inventariada;;9;10;2;;;3;1;2;;;1;998
1;2;8;28;28079;;3;2;No inventariada;;9;12;1;2;;1;2;1;;;18;998
1;2;9;28;28079;;3;2;No inventariada;;9;1;2;;;1;1;1;;;1;998
1;2;9;28;28079;;3;2;No inventariada;;9;9;2;;;1;1;2;;;1;998
1;1;10;28;28079;;3;2;No inventariada;;9;15;1;1;;1;1;1;;;1;998
1;2;10;28;28079;;3;2;No inventariada;;9;10;1;1;;1;1;1;;;1;998
1;2;9;28;28079;;3;2;No inventariada;;9;5;2;;;1;1;1;;;1;998
1;2;14;28;28079;;3;2;No inventariada;;9;4;2;;;1;1;1;;;1;998
1;1;19;28;28079;;3;2;No inventariada;;9;4;2;;;1;4;1;;;1;998
1;7;21;28;28079;;3;2;No inventariada;;9;1;2;;;1;4;1;;;1;998