MES;DIA_SEMANA;HORA;COD_PROVINCIA;COD_MUNICIPIO;ISLA;ZONA;ZONA_AGRUPADA;CARRETERA;KM;TIPO_VIA;TIPO_ACCIDENTE;NUDO;NUDO_INFO;CARRETERA_CRUCE;CONDICION_FIRME;CONDICION_ILUMINACION;CONDICION_METEO;CONDICION_NIEBLA;CONDICION_VIENTO;VISIB_RESTRINGIDA_POR;TRAZADO_PLANTA
1;2;14;28;28079;;3;2;No inventariada;;9;4;2;;;1;1;1;;;1;998
1;1;18;28;28079;;3;2;No inventariada;;9;7;2;;;1;4;1;;;1;998
1;2;15;28;28079;;3;2;No inventariada;;9;5;2;;;1;1;2;;;1;998
1;2;16;28;28079;;3;2;No inventariada;;9;4;2;;;1;1;1;;;1;998
1;2;17;28;28079;;3;2;No inventariada;;9;4;2;;;1;1;1;;;1;998
1;2;17;28;28079;;3;2;No inventariada;;9;7;1;2;;1;1;1;;;4;998
1;2;15;28;28079;;3;2;No inventariada;;9;19;1;1;;1;1;1;;;18;998
1;2;16;28;28079;;3;2;No inventariada;;9;20;1;4;;1;1;1;;;1;998
1;1;20;28;28079;;3;2;No inventariada;;9;2;1;1;;1;4;2;;;1;998
1;2;16;28;28079;;3;2;No inventariada;;9;4;2;;;1;1;1;;;1;998
1;2;17;28;28079;;3;2;No inventariada;;9;12;1;4;;1;1;1;;;1;998
1;2;17;28;28079;;3;2;No inventariada;;9;2;2;;;1;1;1;;;1;998
1;2;19;28;28079;;3;2;No inventariada;;9;2;2;;;1;4;1;;;18;998
1;2;17;28;28079;;3;2;No inventariada;;9;3;1;2;;1;1;1;;;1;998
1;2;22;28;28079;;3;2;No inventariada;;9;4;1;11;;1;4;1;;;1;998
1;6;5;28;28079;;3;2;No inventariada;;9;12;2;;;3;4;1;;;1;998
1;2;21;28;28079;;3;2;No inventariada;;9;10;2;;;1;3;1;;;1;998
1;3;0;28;28079;;3;2;No inventariada;;9;6;1;4;;1;4;1;;;1;998
1;3;7;28;28079;;3;2;No inventariada;;9;2;1;2;;3;3;3;;;18;998
1;2;13;28;28079;;3;2;No inventariada;;9;3;1;1;;1;1;1;;;1;998
1;1;14;28;28079;;3;2;No inventariada;;9;2;2;;;1;1;2;;;1;998
1;3;8;28;28079;;3;2;No inventariada;;9;2;1;1;;1;1;2;;;1;998
1;3;8;28;28079;;3;2;No inventariada;;9;2;1;2;;1;1;2;;;1;998
1;2;14;28;28079;;3;2;No inventariada;;9;5;2;;;1;1;2;;;1;998
1;3;8;28;28079;;3;2;No inventariada;;9;10;2;;;3;3;3;;;1;998
1;3;10;28;28079;;3;2;No inventariada;;9;2;1;1;;1;1;2;;;1;998
1;3;8;28;28079;;3;2;No inventariada;;9;3;2;;;3;1;3;;;1;998
1;3;11;28;28079;;1;1;A-3;14;3;12;2;;;3;1;2;;;1;2
1;2;13;28;28079;;3;2;No inventariada;;9;2;1;1;;1;1;2;;;1;998
1;3;12;28;28079;;3;2;No inventariada;;9;4;2;;;1;4;1;;;1;998
1;3;12;28;28079;;3;2;No inventariada;;9;2;2;;;1;1;1;;;1;998
1;3;15;28;28079;;3;2;No inventariada;;9;12;1;1;;1;1;1;;;1;998
1;3;15;28;28079;;3;2;No inventariada;;9;4;1;1;;1;1;2;;;18;998
1;3;18;28;28079;;3;2;No inventariada;;9;4;1;5;;3;2;3;;;1;998
1;1;21;28;28079;;3;2;No inventariada;;9;4;2;;;1;4;1;;;18;998
1;3;20;28;28079;;1;1;A-4;6,729;3;4;2;;;3;4;3;;;1;1
1;3;19;28;28079;;3;2;No inventariada;;9;7;1;1;;3;4;3;;;1;998
1;3;19;28;28079;;3;2;No inventariada;;9;2;2;;;1;4;1;;;1;998
1;3;19;28;28079;;3;2;No inventariada;;9;2;1;5;;1;4;3;;;1;998
1;3;19;28;28079;;3;2;No inventariada;;9;11;1;12;;3;4;3;;;17;998
1;3;20;28;28079;;3;2;No inventariada;;9;15;1;2;;3;4;3;;;1;998
1;3;18;28;28079;;3;2;No inventariada;;9;2;1;2;;3;4;3;;;9;998
1;3;7;28;28079;;3;2;No inventariada;;9;12;2;;;1;4;1;;;1;998
1;3;22;28;28079;;3;2;No inventariada;;9;10;1;4;;3;4;3;;;5;998
1;1;12;28;28079;;3;2;No inventariada;;9;3;1;1;;1;1;1;;;1;998
1;4;7;28;28079;;3;2;No inventariada;;9;4;2;;;3;2;2;;;18;998
1;4;8;28;28079;;3;2;No inventariada;;9;15;1;1;;3;3;1;;;1;998
1;4;7;28;28079;;3;2;No inventariada;;9;2;1;1;;3;3;2;;;17;998
1;4;9;28;28079;;1;1;M-301;1;5;4;1;4;;3;1;1;;;1;1
1;2;10;28;28079;;3;2;No inventariada;;9;3;2;;;1;1;1;;;1;998
1;4;10;28;28079;;3;2;No inventariada;;9;2;1;1;;1;1;1;;;1;998
1;4;8;28;28079;;3;2;No inventariada;;9;5;2;;;1;2;2;;;1;998
1;4;11;28;28079;;3;2;No inventariada;;9;4;2;;;1;1;1;;;1;998
1;4;12;28;28079;;3;2;No inventariada;;9;2;2;;;1;1;1;;;1;998
1;4;13;28;28079;;3;2;No inventariada;;9;3;2;;;1;1;1;;;1;998
1;4;11;28;28079;;3;2;No inventariada;;9;4;2;;;1;1;1;;;18;998
1;4;14;28;28079;;3;2;No inventariada;;9;4;2;;;1;1;1;;;1;998
1;4;14;28;28079;;3;2;No inventariada;;9;7;2;;;1;1;1;;;1;998
1;3;21;28;28079;;3;2;No inventariada;;9;4;2;;;3;4;3;;;18;998
1;2;14;28;28079;;3;2;No inventariada;;9;10;2;;;1;1;1;;;1;998
1;4;15;28;28079;;3;2;No inventariada;;9;10;2;;;1;1;1;;;1;998
1;4;15;28;28079;;3;2;No inventariada;;9;10;2;;;1;4;1;;;1;998
1;5;21;28;28079;;3;2;No inventariada;;9;3;1;2;;3;4;2;;;1;998
1;4;15;28;28079;;3;2;No inventariada;;9;3;2;;;1;1;7;;;18;998
1;4;15;28;28079;;3;2;No inventariada;;9;3;1;2;;1;1;1;;;1;998
1;4;16;28;28079;;3;2;No inventariada;;9;2;1;1;;1;1;1;;;18;998
1;4;18;28;28079;;3;2;No inventariada;;9;2;2;;;3;4;1;;;1;998
1;4;14;28;28079;;3;2;No inventariada;;9;2;1;2;;1;1;1;;;1;998
1;4;19;28;28079;;1;1;A-2;10,355;8;4;1;2;M-14;1;4;2;;;1;1
1;3;19;28;28079;;3;2;No inventariada;;9;10;2;;;3;4;3;;;18;998
1;3;21;28;28079;;3;2;No inventariada;;9;2;1;1;;3;4;3;;;1;998
1;4;18;28;28079;;3;2;No inventariada;;9;2;1;1;;1;3;1;;;2;998
1;4;22;28;28079;;3;2;No inventariada;;9;10;2;;;1;3;1;;;1;998
1;4;21;28;28079;;3;2;No inventariada;;9;6;1;2;;1;3;1;;;18;998
1;5;7;28;28079;;3;2;No inventariada;;9;4;2;;;1;3;1;;;1;998
1;5;8;28;28079;;3;2;No inventariada;;9;2;1;2;;1;2;1;;;1;998
1;4;13;28;28079;;3;2;No inventariada;;9;7;2;;;1;1;1;;;1;998
1;6;13;28;28079;;3;2;No inventariada;;9;2;1;1;;1;1;1;;;1;998
1;5;13;28;28079;;3;2;No inventariada;;9;5;2;;;1;1;1;;;1;998
1;5;11;28;28079;;3;2;No inventariada;;9;7;2;;;1;1;1;;;1;998
1;5;12;28;28079;;3;2;No inventariada;;9;3;1;4;;1;1;1;;;18;998
1;4;20;28;28079;;3;2;No inventariada;;9;7;2;;;1;5;1;;;18;998
1;4;16;28;28079;;3;2;No inventariada;;9;2;1;4;;1;1;1;;;1;998
1;5;15;28;28079;;3;2;No inventariada;;9;7;1;1;;1;1;1;;;1;998
1;4;18;28;28079;;3;2;No inventariada;;9;3;1;1;;1;4;1;;;18;998
1;5;15;28;28079;;3;2;No inventariada;;9;10;2;;;1;1;1;;;1;998
1;5;14;28;28079;;3;2;No inventariada;;9;7;2;;;1;1;1;;;1;998
1;5;18;28;28079;;3;2;No inventariada;;9;2;1;1;;1;2;1;;;18;998
1;5;15;28;28079;;3;2;No inventariada;;9;2;2;;;1;1;1;;;1;998
1;5;19;28;28079;;3;2;No inventariada;;9;7;2;;;1;4;1;;;18;998
1;5;20;28;28079;;3;2;No inventariada;;9;12;2;;;1;4;1;;;18;998
1;5;20;28;28079;;3;2;No inventariada;;9;2;1;1;;1;4;1;;;1;998
1;6;1;28;28079;;1;1;M-14;0,7;2;3;2;;;1;4;1;;;1;1
1;5;23;28;28079;;3;2;No inventariada;;9;4;1;1;;1;4;1;;;18;998
1;6;1;28;28079;;3;2;No inventariada;;9;2;1;1;;1;4;1;;;1;998
1;6;3;28;28079;;3;2;No inventariada;;9;6;1;2;;1;4;1;;;1;998
1;6;5;28;28079;;3;2;No inventariada;;9;10;2;;;1;4;1;;;1;998
1;5;12;28;28079;;3;2;No inventariada;;9;4;2;;;1;1;1;;;1;998
1;5;11;28;28079;;3;2;No inventariada;;9;7;2;;;1;1;1;;;6;998
1;6;7;28;28079;;3;2;No inventariada;;9;4;2;;;1;4;1;;;1;998
1;6;8;28;28079;;3;2;No inventariada;;9;10;2;;;1;1;1;;;1;998
1;6;11;28;28079;;3;2;No inventariada;;9;4;1;2;;1;1;1;;;1;998
1;6;10;28;28079;;3;2;No inventariada;;9;4;2;;;1;1;1;;;1;998
1;5;20;28;28079;;3;2;No inventariada;;9;7;2;;;1;4;1;;;1;998
1;6;14;28;28079;;3;2;No inventariada;;9;4;1;1;;1;1;1;;;1;998
1;5;22;28;28079;;3;2;No inventariada;;9;4;2;;;1;4;1;;;18;998
1;5;22;28;28079;;3;2;No inventariada;;9;1;1;1;;1;4;1;;;1;998
1;5;21;28;28079;;3;2;No inventariada;;9;2;1;4;;1;4;1;;;1;998
1;6;14;28;28079;;3;2;No inventariada;;9;2;1;2;;1;1;1;;;1;998
1;5;20;28;28079;;3;2;No inventariada;;9;7;2;;;1;4;1;;;1;998
1;6;14;28;28079;;3;2;No inventariada;;9;2;1;2;;1;1;1;;;1;998
1;6;17;28;28079;;3;2;No inventariada;;9;2;1;1;;1;1;1;;;1;998
1;6;16;28;28079;;3;2;No inventariada;;9;2;1;4;;1;1;1;;;12;998
1;6;18;28;28079;;3;2;No inventariada;;9;7;1;1;;1;4;1;;;18;998
1;6;21;28;28079;;1;1;A-1;12,1;3;4;2;;;1;6;1;;;1;1
1;6;17;28;28079;;3;2;No inventariada;;9;10;2;;;2;1;1;;;1;998
1;6;3;28;28079;;1;1;M-40;9;3;3;1;12;;1;4;1;;;1;3
1;7;0;28;28079;;3;2;No inventariada;;9;2;2;;;1;4;1;;;1;998
1;7;2;28;28079;;3;2;No inventariada;;9;10;2;;;1;4;1;;;1;998
1;6;6;28;28079;;3;2;No inventariada;;9;4;1;1;;1;4;1;;;1;998
1;7;0;28;28079;;1;1;A-3;8,8;3;4;2;;;1;4;1;;;1;1
1;5;13;28;28079;;3;2;No inventariada;;9;7;1;2;;1;1;1;;;1;998
1;6;13;28;28079;;3;2;No inventariada;;9;4;2;;;1;1;2;;;1;998
1;7;9;28;28079;;3;2;No inventariada;;9;4;2;;;1;1;1;;;18;998
1;6;13;28;28079;;3;2;No inventariada;;9;10;1;4;;1;1;2;;;1;998
1;7;9;28;28079;;3;2;No inventariada;;9;7;1;2;;1;1;2;;;1;998
1;7;9;28;28079;;3;2;No inventariada;;9;4;2;;;1;1;1;;;1;998
1;7;9;28;28079;;3;2;No inventariada;;9;10;1;1;;1;1;2;;;1;998
1;7;10;28;28079;;3;2;No inventariada;;9;10;2;;;3;1;3;;;1;998
1;6;11;28;28079;;3;2;No inventariada;;9;4;1;1;;1;1;1;;;1;998
1;7;11;28;28079;;3;2;No inventariada;;9;4;2;;;3;1;3;;;1;998
1;7;10;28;28079;;3;2;No inventariada;;9;2;2;;;3;1;3;;;1;998
1;7;12;28;28079;;3;2;No inventariada;;9;10;2;;;3;1;3;;;18;998
1;7;15;28;28079;;1;1;A-6;7,701;2;12;2;;;3;1;3;;;1;1
1;6;22;28;28079;;3;2;No inventariada;;9;4;1;5;;1;3;1;;;1;998
1;6;21;28;28079;;3;2;No inventariada;;9;2;2;;;1;4;1;;;1;998
1;7;18;28;28079;;3;2;No inventariada;;9;4;2;;;3;4;7;;;18;998
1;7;16;28;28079;;3;2;No inventariada;;9;16;2;;;3;1;3;;;1;998
1;7;18;28;28079;;3;2;No inventariada;;9;10;1;1;;3;4;3;;;1;998
1;7;19;28;28079;;3;2;No inventariada;;9;10;1;4;;8;4;2;;;1;998
1;7;20;28;28079;;1;1;M-40;10,318;3;5;2;;;3;4;7;;;1;1
1;7;15;28;28079;;3;2;No inventariada;;9;3;2;;;3;1;2;;;1;998
1;7;22;28;28079;;3;2;No inventariada;;9;10;2;;;3;4;3;;;1;998
1;1;1;28;28079;;3;2;No inventariada;;9;4;1;1;;3;4;3;;;5;998
1;1;7;28;28079;;3;2;No inventariada;;9;7;2;;;3;4;2;;;1;998
1;5;15;28;28079;;3;2;No inventariada;;9;4;2;;;1;1;1;;;1;998
1;1;8;28;28079;;3;2;No inventariada;;9;10;1;1;;3;3;3;;;1;998
1;3;8;28;28079;;3;2;No inventariada;;9;10;1;2;;3;2;3;;;1;998
1;1;8;28;28079;;3;2;No inventariada;;9;10;2;;;3;4;2;1;;18;998
1;1;8;28;28079;;3;2;No inventariada;;9;7;1;2;;3;1;2;;;18;998
1;7;14;28;28079;;3;2;No inventariada;;9;10;1;1;;3;1;4;;;1;998
1;1;7;28;28079;;3;2;No inventariada;;9;10;1;12;;3;4;3;;;5;998
1;1;7;28;28079;;3;2;No inventariada;;9;4;2;;;3;3;3;;;1;998
1;1;7;28;28079;;3;2;No inventariada;;9;16;2;;;3;4;3;;;1;998
1;1;7;28;28079;;3;2;No inventariada;;9;4;2;;;3;4;3;;;18;998
1;1;10;28;28079;;1;1;M-40;24,488;3;4;2;;;3;1;3;;;1;1
1;1;11;28;28079;;1;1;A-3;14;3;12;2;;;2;1;3;1;;1;2
1;1;12;28;28079;;3;2;No inventariada;;9;10;2;;;3;1;3;;;1;998
1;1;12;28;28079;;3;2;No inventariada;;9;10;2;;;3;1;3;;;5;998
1;1;7;28;28079;;3;2;No inventariada;;9;6;2;;;3;4;2;;;1;998
1;1;15;28;28079;;3;2;No inventariada;;9;4;2;;;3;1;2;;;1;998
1;4;20;28;28079;;3;2;No inventariada;;9;3;2;;;1;4;1;;;1;998
1;3;17;28;28079;;3;2;No inventariada;;9;4;2;;;3;2;3;;;1;998
1;1;18;28;28079;;3;2;No inventariada;;9;4;2;;;3;4;3;;;1;998
1;1;17;28;28079;;3;2;No inventariada;;9;7;1;1;;3;3;3;;;18;998
1;1;20;28;28079;;3;2;No inventariada;;9;3;1;10;;3;4;3;;;5;998
1;1;19;28;28079;;3;2;No inventariada;;9;2;1;4;;3;4;3;;;18;998
1;1;22;28;28079;;1;1;M-40;28;2;2;1;4;M-40;3;4;3;;;1;4
1;1;23;28;28079;;3;2;No inventariada;;9;19;2;;;3;4;2;;;18;998
1;2;7;28;28079;;1;1;M-45;17,5;3;4;2;;;1;3;1;;;1;1
1;2;6;28;28079;;1;1;M-40;14;3;5;2;;;3;4;2;;;1;1
1;2;7;28;28079;;3;2;No inventariada;;9;4;2;;;3;4;2;;;1;998
1;1;15;28;28079;;3;2;No inventariada;;9;2;2;;;1;1;2;;;1;998
1;2;8;28;28079;;3;2;No inventariada;;9;10;1;1;;3;2;2;;;1;998
1;1;14;28;28079;;3;2;No inventariada;;9;10;1;1;;3;1;2;;;1;998
1;2;8;28;28079;;3;2;No inventariada;;9;3;2;;;3;3;3;;;1;998
1;5;13;28;28079;;3;2;No inventariada;;9;7;2;;;1;1;1;;;1;998
1;2;12;28;28079;;3;2;No inventariada;;9;19;1;2;;3;1;3;;;1;998
1;1;11;28;28079;;3;2;No inventariada;;9;2;1;1;;3;1;3;;;18;998
1;2;13;28;28079;;1;1;M-603;0,5;3;18;2;;;3;1;2;;;1;1
1;2;9;28;28079;;3;2;No inventariada;;9;4;2;;;3;1;3;;;1;998
1;1;21;28;28079;;3;2;No inventariada;;9;4;2;;;1;4;3;;;1;998
1;2;15;28;28079;;3;2;No inventariada;;9;2;1;4;;1;1;2;;;18;998
1;1;19;28;28079;;3;2;No inventariada;;9;10;1;4;;3;4;3;;;5;998
1;2;17;28;28079;;3;2;No inventariada;;9;9;2;;;3;1;2;;;1;998
1;2;14;28;28079;;3;2;No inventariada;;9;10;2;;;1;1;1;;;1;998
1;7;14;28;28079;;3;2;No inventariada;;9;3;2;;;3;1;3;;;1;998
1;2;18;28;28079;;3;2;No inventariada;;9;5;2;;;3;3;1;;;1;998
1;2;18;28;28079;;3;2;No inventariada;;9;4;2;;;1;3;2;;;1;998
1;2;18;28;28079;;3;2;No inventariada;;9;2;1;1;;1;4;1;;;1;998
1;2;17;28;28079;;3;2;No inventariada;;9;16;1;2;;1;1;2;;;1;998
1;1;21;28;28079;;3;2;No inventariada;;9;10;1;1;;3;4;3;;;18;998
1;2;14;28;28079;;3;2;No inventariada;;9;2;1;1;;3;1;1;;;9;998
1;2;15;28;28079;;3;2;No inventariada;;9;4;2;;;1;1;1;;;1;998
1;7;14;28;28079;;3;2;No inventariada;;9;2;1;1;;3;1;3;;;1;998
1;2;18;28;28079;;3;2;No inventariada;;9;4;2;;;1;4;1;;;1;998
1;2;21;28;28079;;3;2;No inventariada;;9;4;1;1;;1;3;1;;;1;998
1;1;7;28;28079;;3;2;No inventariada;;9;7;1;1;;3;3;3;1;;5;998
1;2;22;28;28079;;3;2;No inventariada;;9;3;2;;;1;4;2;;;1;998
1;3;8;28;28079;;1;1;M-607;9,7;3;3;2;;;3;3;7;;;1;1
1;3;8;28;28079;;3;2;No inventariada;;9;7;2;;;3;3;3;;;5;998
1;3;7;28;28079;;3;2;No inventariada;;9;10;2;;;3;4;4;;;1;998
1;3;8;28;28079;;3;2;No inventariada;;9;7;2;;;3;3;3;;;9;998
1;3;8;28;28079;;3;2;No inventariada;;9;2;1;1;;3;1;3;;;1;998
1;3;8;28;28079;;3;2;No inventariada;;9;10;2;;;3;3;3;;;1;998
1;3;8;28;28079;;3;2;No inventariada;;9;7;2;;;3;3;3;;;18;998
1;2;14;28;28079;;3;2;No inventariada;;9;4;2;;;3;1;2;;;1;998
1;3;8;28;28079;;3;2;No inventariada;;9;2;1;1;;3;4;3;;;5;998
1;3;9;28;28079;;3;2;No inventariada;;9;10;2;;;3;1;3;;;1;998
1;3;12;28;28079;;3;2;No inventariada;;9;10;2;;;3;1;2;;;1;998
1;3;9;28;28079;;3;2;No inventariada;;9;10;2;;;3;1;3;;;1;998
1;1;19;28;28079;;3;2;No inventariada;;9;4;1;2;;1;4;2;;;1;998
1;2;21;28;28079;;3;2;No inventariada;;9;2;1;1;;1;4;1;;;1;998
1;3;15;28;28079;;1;1;M-14;2,234;2;2;1;10;M-11;3;6;2;;;1;1
1;3;15;28;28079;;3;2;No inventariada;;9;10;1;4;;3;1;2;;;1;998
1;3;14;28;28079;;3;2;No inventariada;;9;2;1;2;;3;1;2;;;18;998
1;3;17;28;28079;;3;2;No inventariada;;9;16;1;2;;1;1;1;;;1;998
1;3;19;28;28079;;3;2;No inventariada;;9;2;1;1;;3;4;2;;;1;998
1;3;17;28;28079;;3;2;No inventariada;;9;12;1;4;;3;1;3;;;18;998
1;3;19;28;28079;;3;2;No inventariada;;9;10;1;1;;3;4;1;;;1;998
1;3;19;28;28079;;3;2;No inventariada;;9;4;1;10;;3;2;2;;;1;998
1;3;18;28;28079;;3;2;No inventariada;;9;7;2;;;3;4;3;;;17;998
1;3;19;28;28079;;3;2;No inventariada;;9;7;2;;;1;4;1;;;1;998
1;3;21;28;28079;;3;2;No inventariada;;9;7;1;2;;1;4;2;;;1;998
1;2;13;28;28079;;3;2;No inventariada;;9;1;1;1;;1;1;2;;;1;998
1;4;7;28;28079;;3;2;No inventariada;;9;4;2;;;1;3;1;;;18;998
1;4;9;28;28079;;3;2;No inventariada;;9;10;2;;;2;1;1;;;1;998
1;4;10;28;28079;;3;2;No inventariada;;9;1;2;;;1;1;1;;;1;998
1;4;10;28;28079;;3;2;No inventariada;;9;2;2;;;1;1;2;;;1;998
1;3;21;28;28079;;3;2;No inventariada;;9;4;2;;;1;4;1;;;1;998
1;4;16;28;28079;;3;2;No inventariada;;9;2;2;;;1;1;1;;;18;998
1;4;19;28;28079;;1;1;A-4;9,4;3;4;2;;;1;5;1;;;1;1
1;3;14;28;28079;;3;2;No inventariada;;9;10;1;1;;3;1;3;;;1;998
1;4;15;28;28079;;3;2;No inventariada;;9;4;2;;;1;1;1;;;1;998
1;4;19;28;28079;;3;2;No inventariada;;9;4;1;1;;1;4;1;;;1;998
1;4;19;28;28079;;3;2;No inventariada;;9;1;2;;;1;4;1;;;1;998
1;4;7;28;28079;;3;2;No inventariada;;9;5;2;;;1;3;1;;;1;998
1;4;23;28;28079;;3;2;No inventariada;;9;10;1;4;;3;4;3;;;1;998
1;5;1;28;28079;;1;1;A-3;9,684;3;4;2;;;3;4;3;;;1;1
1;5;2;28;28079;;1;1;M-40;16,485;3;12;2;;;3;4;3;;;1;1
1;5;5;28;28079;;1;1;M-40;15,2;3;16;2;;;3;4;4;;;1;1
1;5;1;28;28079;;3;2;No inventariada;;9;7;1;1;;3;4;4;;;5;998
1;5;6;28;28079;;3;2;No inventariada;;9;7;1;2;;3;4;3;;;1;998
1;4;13;28;28079;;3;2;No inventariada;;9;12;1;2;;1;1;1;;;18;998
1;5;9;28;28079;;3;2;No inventariada;;9;7;1;1;;3;2;4;;;18;998
1;5;9;28;28079;;3;2;No inventariada;;9;3;2;;;3;1;3;;;5;998
1;1;11;28;28079;;3;2;No inventariada;;9;10;1;4;;3;1;3;;;1;998
1;6;10;28;28079;;3;2;No inventariada;;9;4;2;;;1;1;2;;;1;998
1;5;9;28;28079;;3;2;No inventariada;;9;7;1;2;;3;1;3;;;18;998
1;5;10;28;28079;;3;2;No inventariada;;9;2;2;;;3;1;3;;;1;998
1;5;10;28;28079;;3;2;No inventariada;;9;7;1;4;;3;1;4;;;5;998
1;5;8;28;28079;;3;2;No inventariada;;9;10;2;;;3;4;4;;;18;998
1;5;4;28;28079;;3;2;No inventariada;;9;10;1;1;;3;4;4;;;5;998
1;5;9;28;28079;;3;2;No inventariada;;9;12;1;1;;3;1;3;;;18;998
1;5;12;28;28079;;3;2;No inventariada;;9;5;2;;;3;1;4;;;5;998
1;5;14;28;28079;;1;1;M-40;3,146;3;4;2;;;3;1;7;1;;1;1
1;5;15;28;28079;;3;2;No inventariada;;9;10;1;1;;3;1;3;;;1;998
1;5;14;28;28079;;3;2;No inventariada;;9;4;2;;;3;1;3;;;1;998
1;5;14;28;28079;;3;2;No inventariada;;9;2;1;2;;3;1;3;;;1;998
1;3;15;28;28079;;3;2;No inventariada;;9;1;2;;;3;1;3;;;1;998
1;5;15;28;28079;;3;2;No inventariada;;9;2;1;1;;3;1;3;;;1;998
1;5;14;28;28079;;3;2;No inventariada;;9;4;2;;;3;1;3;;;1;998
1;5;15;28;28079;;3;2;No inventariada;;9;10;2;;;3;1;3;;;1;998
1;5;15;28;28079;;3;2;No inventariada;;9;4;1;1;;3;1;2;;;1;998
1;5;16;28;28079;;3;2;No inventariada;;9;2;1;2;;3;1;3;;;1;998
1;3;14;28;28079;;3;2;No inventariada;;9;7;1;1;;3;1;3;;;1;998
1;2;16;28;28079;;3;2;No inventariada;;9;10;2;;;1;1;2;;;1;998
1;5;18;28;28079;;3;2;No inventariada;;9;16;1;1;;1;4;2;;;1;998
1;5;20;28;28079;;3;2;No inventariada;;9;4;1;2;;1;4;1;;;1;998
1;7;19;28;28079;;3;2;No inventariada;;9;7;1;1;;1;3;1;;;1;998
1;5;22;28;28079;;1;1;M-40;27,3;3;16;2;;;3;4;1;;;1;1
1;5;22;28;28079;;3;2;No inventariada;;9;2;1;1;;1;4;2;;;18;998
1;6;0;28;28079;;3;2;No inventariada;;9;20;1;2;;1;4;1;;;1;998
1;5;17;28;28079;;3;2;No inventariada;;9;12;2;;;8;4;2;;;1;998
1;6;1;28;28079;;3;2;No inventariada;;9;6;2;;;1;4;1;;;1;998
1;6;1;28;28079;;3;2;No inventariada;;9;10;2;;;1;4;1;;;1;998
1;6;3;28;28079;;3;2;No inventariada;;9;3;1;1;;1;4;1;;;2;998
1;6;4;28;28079;;3;2;No inventariada;;9;4;2;;;1;4;1;;;18;998
1;5;7;28;28079;;3;2;No inventariada;;9;7;1;4;;3;3;4;;;5;998
1;6;6;28;28079;;3;2;No inventariada;;9;4;2;;;1;1;1;;;1;998
1;2;13;28;28079;;3;2;No inventariada;;9;4;1;2;;1;1;1;;;1;998
1;6;10;28;28079;;3;2;No inventariada;;9;7;1;2;;3;1;1;;;1;998
1;2;10;28;28079;;3;2;No inventariada;;9;6;1;2;;3;1;3;;;1;998
1;6;11;28;28079;;3;2;No inventariada;;9;4;2;;;1;1;1;;;1;998
1;6;10;28;28079;;3;2;No inventariada;;9;7;2;;;1;1;1;;;6;998
1;6;11;28;28079;;3;2;No inventariada;;9;4;2;;;1;1;1;;;1;998
1;6;12;28;28079;;3;2;No inventariada;;9;2;2;;;1;1;1;;;18;998
1;6;11;28;28079;;3;2;No inventariada;;9;2;1;1;;1;1;1;;;1;998
1;6;12;28;28079;;3;2;No inventariada;;9;7;2;;;1;1;1;;;18;998
1;6;13;28;28079;;3;2;No inventariada;;9;4;2;;;1;1;1;;;1;998
1;6;13;28;28074;;1;1;M-40;25,7;3;19;2;;;1;1;1;;;1;1
1;6;13;28;28079;;3;2;No inventariada;;9;2;1;2;;1;1;1;;;1;998
1;5;21;28;28079;;3;2;No inventariada;;9;2;1;2;;1;4;1;;;8;998
1;6;14;28;28079;;3;2;No inventariada;;9;2;1;2;;1;1;1;;;9;998
1;6;16;28;28079;;3;2;No inventariada;;9;2;1;1;;1;1;1;;;1;998
1;6;16;28;28079;;3;2;No inventariada;;9;2;1;4;;1;2;1;;;1;998
1;6;18;28;28079;;3;2;No inventariada;;9;9;1;1;;1;1;1;;;1;998
1;6;23;28;28079;;3;2;No inventariada;;9;12;2;;;1;4;1;;;1;998
1;6;22;28;28079;;3;2;No inventariada;;9;4;2;;;1;4;1;;;1;998
1;6;13;28;28079;;3;2;No inventariada;;9;3;1;2;;1;1;1;;;1;998
1;7;7;28;28079;;3;2;No inventariada;;9;16;2;;;1;4;1;;;1;998