MES;DIA_SEMANA;HORA;COD_PROVINCIA;COD_MUNICIPIO;ISLA;ZONA;ZONA_AGRUPADA;CARRETERA;KM;TIPO_VIA;TIPO_ACCIDENTE;NUDO;NUDO_INFO;CARRETERA_CRUCE;CONDICION_FIRME;CONDICION_ILUMINACION;CONDICION_METEO;CONDICION_NIEBLA;CONDICION_VIENTO;VISIB_RESTRINGIDA_POR;TRAZADO_PLANTA
1;7;8;28;28079;;3;2;No inventariada;;9;16;1;1;;1;1;1;;;1;998
1;7;10;28;28079;;3;2;No inventariada;;9;2;1;1;;1;1;1;;;1;998
1;6;13;28;28079;;3;2;No inventariada;;9;2;1;2;;1;1;1;;;1;998
1;7;12;28;28079;;3;2;No inventariada;;9;3;1;4;;1;1;1;;;1;998
1;7;13;28;28079;;3;2;No inventariada;;9;3;1;4;;1;1;1;;;1;998
1;7;15;28;28079;;3;2;No inventariada;;9;7;1;1;;1;1;1;;;1;998
1;7;15;28;28079;;3;2;No inventariada;;9;7;2;;;1;1;1;;;1;998
1;7;15;28;28079;;3;2;No inventariada;;9;4;1;4;;1;1;1;;;6;998
1;7;16;28;28079;;3;2;No inventariada;;9;2;1;1;;1;1;1;;;1;998
1;7;15;28;28079;;3;2;No inventariada;;9;2;2;;;1;1;1;;;1;998
1;7;5;28;28079;;3;2;No inventariada;;9;4;2;;;1;4;1;;;1;998
1;7;22;28;28079;;3;2;No inventariada;;9;2;1;5;;1;4;1;;;1;998
1;7;22;28;28079;;3;2;No inventariada;;9;4;2;;;1;4;1;;;1;998
1;7;11;28;28079;;3;2;No inventariada;;9;4;1;1;;1;1;1;;;1;998
1;7;13;28;28079;;3;2;No inventariada;;9;2;1;1;;1;1;1;;;1;998
1;1;8;28;28079;;3;2;No inventariada;;9;4;1;1;;1;4;1;;;1;998
1;1;10;28;28079;;3;2;No inventariada;;9;10;2;;;1;1;2;;;1;998
1;7;13;28;28079;;3;2;No inventariada;;9;7;2;;;1;1;1;;;1;998
1;1;7;28;28079;;3;2;No inventariada;;9;7;2;;;1;4;1;;;3;998
1;7;7;28;28079;;3;2;No inventariada;;9;5;2;;;1;3;1;;;1;998
1;1;12;28;28079;;3;2;No inventariada;;9;6;2;;;1;1;1;;;1;998
1;1;15;28;28079;;3;2;No inventariada;;9;2;1;1;;1;1;1;;;1;998
1;1;14;28;28079;;3;2;No inventariada;;9;4;2;;;1;1;1;;;1;998
1;1;16;28;28079;;3;2;No inventariada;;9;10;1;1;;1;1;1;;;1;998
1;1;17;28;28079;;3;2;No inventariada;;9;15;1;2;;1;1;1;;;1;998
1;1;16;28;28079;;3;2;No inventariada;;9;7;1;1;;1;1;1;;;1;998
1;1;14;28;28079;;3;2;No inventariada;;9;2;2;;;1;1;1;;;1;998
1;1;17;28;28079;;3;2;No inventariada;;9;10;2;;;1;1;1;;;1;998
1;1;17;28;28079;;3;2;No inventariada;;9;2;1;1;;1;1;1;;;1;998
1;1;18;28;28079;;3;2;No inventariada;;9;2;1;2;;1;1;1;;;1;998
1;7;21;28;28079;;3;2;No inventariada;;9;3;2;;;1;3;1;;;1;998
1;1;17;28;28079;;3;2;No inventariada;;9;2;2;;;1;1;1;;;18;998
1;1;17;28;28079;;3;2;No inventariada;;9;3;1;4;;1;1;1;;;1;998
1;5;6;28;28079;;3;2;No inventariada;;9;4;2;;;3;3;3;;;5;998
1;2;0;28;28079;;3;2;No inventariada;;9;3;1;5;;1;4;1;;;1;998
1;2;2;28;28079;;3;2;No inventariada;;9;6;2;;;1;4;1;;;18;998
1;2;8;28;28079;;1;1;A-2;6,698;3;4;2;;;1;1;1;;;1;1
1;2;9;28;28079;;1;1;M-50;32,894;2;6;2;;;1;1;1;;;1;1
1;2;12;28;28079;;1;1;M-45;10,961;3;12;2;;;1;1;1;;;1;2
1;1;21;28;28079;;3;2;No inventariada;;9;2;1;5;;1;4;1;;;1;998
1;2;15;28;28079;;3;2;No inventariada;;9;7;1;1;;1;1;1;;;1;998
1;2;16;28;28079;;3;2;No inventariada;;9;4;2;;;1;1;1;;;1;998
1;1;19;28;28079;;3;2;No inventariada;;9;10;1;4;;1;4;1;1;;1;998
1;2;16;28;28079;;3;2;No inventariada;;9;4;2;;;1;1;1;;;1;998
1;2;18;28;28079;;3;2;No inventariada;;9;10;1;12;;2;3;1;;;1;998
1;1;21;28;28079;;3;2;No inventariada;;9;4;1;1;;1;4;1;;;1;998
1;2;18;28;28079;;3;2;No inventariada;;9;10;1;1;;1;4;1;;;1;998
1;2;18;28;28079;;3;2;No inventariada;;9;4;2;;;1;4;1;;;1;998
1;2;19;28;28079;;3;2;No inventariada;;9;4;2;;;1;4;1;;;1;998
1;2;17;28;28079;;3;2;No inventariada;;9;10;2;;;1;1;1;;;1;998
1;2;17;28;28079;;3;2;No inventariada;;9;7;2;;;1;1;1;;;1;998
1;2;20;28;28079;;3;2;No inventariada;;9;10;1;1;;1;4;1;;;1;998
1;1;21;28;28079;;3;2;No inventariada;;9;2;1;4;;1;4;1;;;1;998
1;2;20;28;28079;;3;2;No inventariada;;9;7;2;;;1;4;1;;;18;998
1;2;20;28;28079;;3;2;No inventariada;;9;3;1;4;;1;1;1;;;1;998
1;2;22;28;28079;;1;1;M-40;19,791;3;4;1;10;M-40;1;4;1;;;1;2
1;3;0;28;28079;;3;2;No inventariada;;9;2;1;4;;1;5;1;;;1;998
1;5;9;28;28079;;3;2;No inventariada;;9;10;2;;;5;1;1;;;1;998
1;3;6;28;28079;;1;1;M-45;0,5;3;4;2;;;1;4;1;;;1;1
1;2;7;28;28079;;3;2;No inventariada;;9;2;1;1;;1;2;1;;;1;998
1;2;9;28;28079;;3;2;No inventariada;;9;2;1;2;;1;1;1;;;1;998
1;1;5;28;28079;;1;1;M-40;21,1;3;1;2;;;1;4;1;;;1;2
1;3;9;28;28079;;1;1;M-40;60;3;10;1;2;A-1;1;1;1;;;18;1
1;5;12;28;28079;;3;2;No inventariada;;9;7;2;;;1;1;1;;;1;998
1;1;12;28;28079;;3;2;No inventariada;;9;7;1;4;;1;1;1;;;1;998
1;3;8;28;28079;;3;2;No inventariada;;9;7;1;1;;3;1;1;;;1;998
1;3;9;28;28079;;3;2;No inventariada;;9;4;2;;;1;1;1;;;1;998
1;5;13;28;28079;;3;2;No inventariada;;9;7;2;;;3;1;4;;;5;998
1;2;7;28;28079;;3;2;No inventariada;;9;4;1;12;;1;3;1;;;1;998
1;3;9;28;28079;;3;2;No inventariada;;9;10;1;2;;1;1;1;;;1;998
1;2;11;28;28079;;3;2;No inventariada;;9;7;2;;;1;1;1;;;1;998
1;3;9;28;28079;;3;2;No inventariada;;9;4;2;;;1;1;1;;;1;998
1;3;9;28;28079;;3;2;No inventariada;;9;2;1;5;;1;1;1;;;1;998
1;3;9;28;28079;;3;2;No inventariada;;9;2;2;;;1;1;1;;;1;998
1;3;12;28;28079;;3;2;No inventariada;;9;16;1;1;;1;1;1;;;1;998
1;3;11;28;28079;;3;2;No inventariada;;9;6;2;;;1;1;1;;;1;998
1;4;13;28;28079;;3;2;No inventariada;;9;10;2;;;3;1;3;;;1;998
1;2;20;28;28079;;3;2;No inventariada;;9;2;1;1;;1;4;1;;;1;998
1;3;15;28;28079;;3;2;No inventariada;;9;7;2;;;1;1;1;;;1;998
1;2;19;28;28079;;3;2;No inventariada;;9;7;1;1;;1;4;1;;;18;998
1;3;15;28;28079;;3;2;No inventariada;;9;2;1;1;;1;1;1;;;1;998
1;3;15;28;28079;;3;2;No inventariada;;9;2;1;1;;1;1;1;;;1;998
1;3;16;28;28079;;3;2;No inventariada;;9;4;2;;;1;1;1;;;18;998
1;2;18;28;28079;;3;2;No inventariada;;9;3;2;;;1;4;1;;;1;998
1;3;18;28;28079;;3;2;No inventariada;;9;10;2;;;1;2;1;;;1;998
1;3;15;28;28079;;3;2;No inventariada;;9;2;2;;;1;1;1;;;1;998
1;3;17;28;28079;;3;2;No inventariada;;9;2;2;;;1;1;1;;;1;998
1;3;20;28;28079;;1;1;A-6;8;2;10;2;;;3;4;1;;;1;2
1;3;20;28;28079;;3;2;No inventariada;;9;7;2;;;1;4;1;;;1;998
1;3;20;28;28079;;3;2;No inventariada;;9;4;2;;;1;4;1;;;1;998
1;2;9;28;28079;;3;2;No inventariada;;9;4;1;2;;1;1;1;;;1;998
1;3;8;28;28079;;3;2;No inventariada;;9;7;1;1;;1;2;1;;;1;998
1;2;7;28;28079;;3;2;No inventariada;;9;2;1;2;;1;3;1;;;1;998
1;3;14;28;28079;;3;2;No inventariada;;9;4;1;4;;1;1;1;;;18;998
1;4;8;28;28079;;3;2;No inventariada;;9;4;1;1;;1;2;1;;;1;998
1;2;12;28;28079;;3;2;No inventariada;;9;6;2;;;1;1;1;;;1;998
1;3;11;28;28079;;3;2;No inventariada;;9;4;1;4;;1;1;1;;;6;998
1;4;10;28;28079;;1;1;A-3;9;3;20;2;;;1;1;1;;;1;1
1;4;9;28;28079;;1;1;M-45;8,3;3;16;2;;;1;1;1;;;1;1
1;3;10;28;28079;;3;2;No inventariada;;9;16;1;2;;1;1;1;;;18;998
1;4;11;28;28079;;3;2;No inventariada;;9;10;1;2;;1;1;1;;;1;998
1;4;7;28;28079;;3;2;No inventariada;;9;4;2;;;1;2;1;;;1;998
1;4;10;28;28079;;3;2;No inventariada;;9;4;1;1;;1;1;1;;;1;998
1;4;11;28;28079;;3;2;No inventariada;;9;4;1;2;;1;1;1;;;18;998
1;4;11;28;28079;;3;2;No inventariada;;9;2;1;4;;1;1;1;;;1;998
1;4;12;28;28079;;3;2;No inventariada;;9;3;1;1;;1;1;1;;;1;998
1;4;11;28;28079;;3;2;No inventariada;;9;2;1;4;;1;1;1;;;1;998
1;3;21;28;28079;;3;2;No inventariada;;9;10;1;2;;2;4;1;;;1;998
1;3;21;28;28079;;3;2;No inventariada;;9;4;2;;;1;4;1;;;1;998
1;4;14;28;28079;;1;1;M-40;22,283;3;3;2;;;1;1;1;;;1;1
1;3;21;28;28079;;3;2;No inventariada;;9;10;2;;;3;4;1;;;18;998
1;3;21;28;28079;;3;2;No inventariada;;9;3;1;1;;1;4;1;;;1;998
1;4;14;28;28079;;3;2;No inventariada;;9;2;1;4;;1;1;1;;;1;998
1;4;14;28;28079;;3;2;No inventariada;;9;2;2;;;1;1;1;;;1;998
1;3;16;28;28079;;3;2;No inventariada;;9;4;2;;;1;1;1;;;1;998
1;4;16;28;28079;;3;2;No inventariada;;9;6;2;;;1;1;1;;;1;998
1;4;15;28;28079;;3;2;No inventariada;;9;2;1;2;;1;1;1;;;1;998
1;4;15;28;28079;;3;2;No inventariada;;9;2;1;1;;1;1;1;;;1;998
1;4;15;28;28079;;3;2;No inventariada;;9;4;2;;;1;1;1;;;1;998
1;4;17;28;28130;;1;1;A-2;15,6;3;4;2;;;1;1;1;;;1;1
1;4;16;28;28079;;3;2;No inventariada;;9;3;1;1;;1;1;1;;;1;998
1;4;16;28;28079;;3;2;No inventariada;;9;3;2;;;1;1;1;;;1;998
1;4;17;28;28079;;3;2;No inventariada;;9;4;2;;;1;1;1;;;1;998
1;4;18;28;28079;;3;2;No inventariada;;9;10;1;2;;2;1;1;;;1;998
1;4;18;28;28079;;3;2;No inventariada;;9;1;2;;;1;4;1;;;9;998
1;4;17;28;28079;;3;2;No inventariada;;9;10;1;6;;1;1;1;;;1;998
1;4;19;28;28079;;3;2;No inventariada;;9;2;2;;;1;4;1;;;1;998
1;4;6;28;28079;;3;2;No inventariada;;9;10;2;;;2;4;1;;;18;998
1;3;23;28;28079;;3;2;No inventariada;;9;2;1;1;;3;4;1;;;1;998
1;5;0;28;28079;;3;2;No inventariada;;9;6;2;;;1;4;1;;;1;998
1;7;6;28;28079;;3;2;No inventariada;;9;20;1;2;;1;4;1;;;1;998
1;5;1;28;28079;;3;2;No inventariada;;9;2;2;;;1;4;1;;;1;998
1;4;13;28;28079;;3;2;No inventariada;;9;4;1;1;;1;1;1;;;1;998
1;5;9;28;28079;;3;2;No inventariada;;9;2;2;;;1;1;1;;;1;998
1;5;10;28;28079;;3;2;No inventariada;;9;2;1;1;;3;1;4;;;1;998
1;3;11;28;28079;;3;2;No inventariada;;9;4;1;5;;1;1;1;;;18;998
1;4;13;28;28079;;3;2;No inventariada;;9;2;1;1;;1;1;1;;;1;998
1;5;7;28;28079;;3;2;No inventariada;;9;3;1;2;;1;2;1;;;1;998
1;5;9;28;28079;;3;2;No inventariada;;9;2;1;4;;1;2;1;;;18;998
1;4;13;28;28079;;3;2;No inventariada;;9;2;1;1;;1;1;1;;;1;998
1;5;11;28;28079;;3;2;No inventariada;;9;12;1;2;;1;1;1;;;1;998
1;4;20;28;28079;;3;2;No inventariada;;9;16;2;;;1;4;1;;;18;998
1;4;18;28;28079;;3;2;No inventariada;;9;10;2;;;1;1;1;;;18;998
1;4;15;28;28079;;3;2;No inventariada;;9;10;2;;;2;1;1;;;1;998
1;4;21;28;28079;;3;2;No inventariada;;9;7;2;;;1;3;1;;;1;998
1;5;15;28;28079;;3;2;No inventariada;;9;2;1;2;;1;1;1;;;1;998
1;5;14;28;28079;;3;2;No inventariada;;9;4;2;;;1;1;1;;;1;998
1;5;14;28;28079;;3;2;No inventariada;;9;3;1;5;;1;1;1;;;18;998
1;5;16;28;28079;;1;1;M-40;50,5;3;4;2;;;1;1;1;;;1;1
1;5;14;28;28079;;3;2;No inventariada;;9;10;2;;;1;1;1;;;1;998
1;5;16;28;28079;;3;2;No inventariada;;9;4;2;;;1;1;1;;;1;998
1;5;17;28;28079;;3;2;No inventariada;;9;4;1;1;;1;1;1;;;1;998
1;5;17;28;28079;;3;2;No inventariada;;9;19;1;2;;1;1;1;;;18;998
1;4;19;28;28079;;3;2;No inventariada;;9;4;2;;;9;6;1;1;;18;998
1;4;18;28;28079;;3;2;No inventariada;;9;2;1;4;;1;4;1;;;18;998
1;5;15;28;28079;;3;2;No inventariada;;9;4;2;;;1;1;1;;;1;998
1;5;18;28;28079;;3;2;No inventariada;;9;16;1;2;;1;4;1;;;1;998
1;5;20;28;28079;;3;2;No inventariada;;9;1;1;2;;1;4;1;;;1;998
1;5;20;28;28079;;3;2;No inventariada;;9;7;2;;;1;4;1;;;1;998
1;5;22;28;28079;;3;2;No inventariada;;9;2;1;2;;1;4;1;;;1;998
1;5;22;28;28079;;3;2;No inventariada;;9;4;1;2;;1;4;1;;;1;998
1;6;2;28;28079;;3;2;No inventariada;;9;15;2;;;1;4;1;;;1;998
1;6;5;28;28079;;3;2;No inventariada;;9;16;1;5;;1;3;1;;;1;998
1;5;14;28;28079;;3;2;No inventariada;;9;4;2;;;1;1;1;;;1;998
1;4;13;28;28079;;3;2;No inventariada;;9;2;1;2;;1;1;1;;;1;998
1;5;10;28;28079;;3;2;No inventariada;;9;16;2;;;1;1;1;;;1;998
1;5;13;28;28079;;3;2;No inventariada;;9;7;2;;;1;1;1;;;1;998
1;6;11;28;28079;;3;2;No inventariada;;9;2;1;2;;1;1;1;;;1;998
1;6;13;28;28079;;1;1;M-40;22,015;3;4;2;;;1;1;1;;;1;1
1;6;14;28;28079;;3;2;No inventariada;;9;4;2;;;1;1;1;;;1;998
1;6;18;28;28079;;3;2;No inventariada;;9;6;2;;;1;2;1;;;6;998
1;6;19;28;28079;;3;2;No inventariada;;9;7;2;;;1;5;1;;;1;998
1;6;20;28;28079;;3;2;No inventariada;;9;3;1;4;;1;4;1;;;1;998
1;5;21;28;28079;;3;2;No inventariada;;9;4;2;;;1;4;1;;;1;998
1;6;20;28;28079;;3;2;No inventariada;;9;2;2;;;1;4;1;;;9;998
1;6;2;28;28079;;3;2;No inventariada;;9;19;2;;;1;4;1;;;1;998
1;6;23;28;28079;;3;2;No inventariada;;9;2;1;1;;1;4;1;;;18;998
1;7;0;28;28079;;3;2;No inventariada;;9;2;2;;;1;4;1;;;1;998
1;6;22;28;28079;;3;2;No inventariada;;9;3;2;;;1;4;1;;;2;998
1;7;2;28;28079;;3;2;No inventariada;;9;4;2;;;1;4;1;;;1;998
1;7;0;28;28079;;3;2;No inventariada;;9;2;1;1;;1;4;1;;;18;998
1;5;12;28;28079;;3;2;No inventariada;;9;2;2;;;1;1;1;;;1;998
1;7;7;28;28079;;3;2;No inventariada;;9;6;2;;;1;6;1;;;1;998
1;6;10;28;28079;;3;2;No inventariada;;9;2;1;1;;1;1;1;;;1;998
1;7;11;28;28079;;3;2;No inventariada;;9;2;1;1;;1;1;1;;;1;998
1;6;20;28;28079;;3;2;No inventariada;;9;6;2;;;1;4;1;;;1;998
1;7;14;28;28079;;3;2;No inventariada;;9;5;2;;;1;1;1;;;1;998
1;7;17;28;28079;;3;2;No inventariada;;9;3;1;1;;1;1;1;;;1;998
1;7;18;28;28079;;3;2;No inventariada;;9;7;1;1;;1;3;1;;;1;998
1;7;19;28;28079;;3;2;No inventariada;;9;4;2;;;1;4;1;;;1;998
1;7;2;28;28079;;3;2;No inventariada;;9;10;1;2;;3;4;1;;;18;998
1;7;23;28;28079;;3;2;No inventariada;;9;2;1;2;;1;4;1;;;1;998
1;7;13;28;28079;;3;2;No inventariada;;9;2;1;1;;1;1;1;;;1;998
1;7;13;28;28079;;3;2;No inventariada;;9;2;1;4;;1;1;1;;;1;998
1;1;9;28;28079;;3;2;No inventariada;;9;2;1;1;;1;2;1;;;6;998
1;1;1;28;28079;;3;2;No inventariada;;9;2;2;;;1;4;1;;;1;998
1;1;8;28;28079;;3;2;No inventariada;;9;7;1;1;;1;1;1;;;1;998
1;1;9;28;28079;;3;2;No inventariada;;9;3;1;1;;1;1;1;;;1;998
1;1;10;28;28079;;3;2;No inventariada;;9;4;1;1;;1;1;1;;;1;998
1;1;14;28;28079;;3;2;No inventariada;;9;3;2;;;1;1;1;;;1;998
1;1;14;28;28079;;3;2;No inventariada;;9;4;1;5;;1;1;1;;;1;998
1;1;16;28;28079;;3;2;No inventariada;;9;4;2;;;1;1;1;;;1;998
1;7;18;28;28079;;3;2;No inventariada;;9;2;1;1;;1;3;1;;;1;998
1;1;15;28;28079;;3;2;No inventariada;;9;10;2;;;2;1;1;;;1;998
1;1;18;28;28079;;3;2;No inventariada;;9;7;2;;;1;4;1;;;1;998
1;1;19;28;28079;;3;2;No inventariada;;9;12;1;1;;1;4;1;;;1;998
1;1;20;28;28079;;3;2;No inventariada;;9;10;2;;;1;4;1;;;1;998
1;1;21;28;28079;;3;2;No inventariada;;9;2;2;;;1;4;1;;;18;998
1;5;5;28;28079;;3;2;No inventariada;;9;2;1;1;;1;4;1;;;1;998
1;2;6;28;28079;;3;2;No inventariada;;9;7;2;;;1;4;2;;;1;998
1;1;9;28;28079;;3;2;No inventariada;;9;7;2;;;1;1;1;;;1;998
1;2;8;28;28079;;1;1;R-2;3,649;1;4;2;;;1;1;1;;;1;1
1;7;13;28;28079;;3;2;No inventariada;;9;4;1;1;;1;1;1;;;1;998
1;1;13;28;28079;;3;2;No inventariada;;9;2;2;;;1;1;1;;;18;998
1;2;8;28;28079;;3;2;No inventariada;;9;5;2;;;1;2;1;;;1;998
1;2;8;28;28079;;3;2;No inventariada;;9;4;2;;;1;1;1;;;1;998
1;2;9;28;28079;;3;2;No inventariada;;9;5;2;;;1;1;1;;;1;998
1;2;8;28;28079;;3;2;No inventariada;;9;2;1;4;;1;3;1;;;1;998
1;1;19;28;28079;;3;2;No inventariada;;9;2;1;1;;1;4;1;;;1;998
1;2;8;28;28079;;3;2;No inventariada;;9;3;2;;;1;1;1;;;1;998
1;2;10;28;28079;;3;2;No inventariada;;9;4;1;4;;1;1;1;;;1;998
1;1;10;28;28079;;3;2;No inventariada;;9;5;2;;;1;1;1;;;1;998
1;1;12;28;28079;;3;2;No inventariada;;9;4;2;;;1;1;1;;;1;998
1;1;12;28;28079;;3;2;No inventariada;;9;7;1;2;;1;1;1;;;1;998
1;2;11;28;28079;;3;2;No inventariada;;9;7;1;2;;1;1;1;;;1;998
1;1;13;28;28079;;3;2;No inventariada;;9;2;2;;;1;1;1;;;1;998
1;2;12;28;28079;;3;2;No inventariada;;9;4;2;;;1;1;1;;;1;998
1;2;9;28;28079;;3;2;No inventariada;;9;10;1;4;;1;1;1;;;1;998
1;2;11;28;28079;;3;2;No inventariada;;9;16;2;;;1;1;1;;;1;998
1;2;10;28;28079;;3;2;No inventariada;;9;7;2;;;1;1;1;;;1;998
1;2;14;28;28079;;3;2;No inventariada;;9;7;2;;;1;1;1;;;1;998
1;2;15;28;28079;;1;1;A-5;10,7;3;4;2;;;1;1;1;;;1;1
1;2;14;28;28079;;3;2;No inventariada;;9;10;2;;;1;1;1;;;1;998
1;2;14;28;28079;;3;2;No inventariada;;9;7;1;2;;1;1;1;;;1;998
1;2;14;28;28079;;3;2;No inventariada;;9;4;2;;;1;1;1;;;1;998
1;2;16;28;28079;;3;2;No inventariada;;9;6;2;;;1;1;1;;;1;998
1;2;14;28;28079;;3;2;No inventariada;;9;2;2;;;1;1;1;;;1;998
1;2;17;28;28079;;3;2;No inventariada;;9;2;1;4;;1;1;1;;;1;998
1;2;19;28;28079;;1;1;A-1;10,7;3;4;2;;;1;4;1;;;1;1
1;2;17;28;28079;;3;2;No inventariada;;9;2;1;1;;1;1;1;;;2;998
1;2;18;28;28079;;3;2;No inventariada;;9;2;1;12;;1;3;1;;;1;998
1;2;19;28;28079;;3;2;No inventariada;;9;12;2;;;1;2;1;;;1;998
1;2;22;28;28079;;3;2;No inventariada;;9;10;1;1;;1;3;1;;;1;998
1;2;23;28;28079;;3;2;No inventariada;;9;4;2;;;1;4;1;;;1;998
1;2;23;28;28079;;3;2;No inventariada;;9;5;1;2;;1;3;1;;;1;998
1;3;0;28;28079;;3;2;No inventariada;;9;10;2;;;1;4;1;;;1;998
1;2;22;28;28079;;3;2;No inventariada;;9;2;1;2;;1;4;1;;;9;998
1;5;9;28;28079;;3;2;No inventariada;;9;16;1;1;;1;1;1;;;1;998
1;2;9;28;28079;;3;2;No inventariada;;9;4;2;;;1;1;1;;;1;998
1;2;12;28;28079;;3;2;No inventariada;;9;10;2;;;1;1;1;;;1;998
1;1;14;28;28079;;3;2;No inventariada;;9;4;1;1;;1;1;1;;;1;998
1;3;8;28;28079;;3;2;No inventariada;;9;2;1;2;;1;1;1;;;1;998
1;3;8;28;28079;;3;2;No inventariada;;9;7;1;2;;1;1;1;;;1;998
1;3;9;28;28079;;3;2;No inventariada;;9;15;2;;;1;1;1;;;1;998
1;3;9;28;28079;;3;2;No inventariada;;9;3;1;1;;1;1;2;;;1;998
1;2;12;28;28079;;3;2;No inventariada;;9;10;2;;;1;1;1;;;18;998
1;3;7;28;28079;;3;2;No inventariada;;9;7;1;1;;1;2;1;;;18;998
1;3;8;28;28079;;3;2;No inventariada;;9;2;1;4;;1;1;1;;;1;998
1;3;9;28;28079;;3;2;No inventariada;;9;12;1;1;;1;1;1;;;1;998
1;3;9;28;28079;;3;2;No inventariada;;9;7;2;;;1;1;1;;;1;998
1;2;7;28;28079;;3;2;No inventariada;;9;7;2;;;1;4;1;;;3;998
1;3;12;28;28079;;3;2;No inventariada;;9;3;1;1;;1;1;2;;;1;998
1;3;12;28;28079;;3;2;No inventariada;;9;2;1;4;;1;1;2;;;1;998
1;3;9;28;28079;;3;2;No inventariada;;9;16;1;1;;1;1;1;;;1;998
1;3;14;28;28079;;3;2;No inventariada;;9;10;1;1;;8;1;1;;;1;998
1;2;18;28;28079;;3;2;No inventariada;;9;10;2;;;1;3;1;;;1;998
1;3;16;28;28079;;3;2;No inventariada;;9;2;1;4;;1;1;1;;;1;998
1;3;16;28;28079;;3;2;No inventariada;;9;10;2;;;1;1;1;;;18;998
1;3;17;28;28079;;3;2;No inventariada;;9;10;2;;;2;1;1;;;1;998
1;5;21;28;28079;;3;2;No inventariada;;9;3;2;;;1;4;1;;;1;998
1;3;18;28;28079;;3;2;No inventariada;;9;4;2;;;1;3;1;;;1;998
1;3;20;28;28079;;3;2;No inventariada;;9;4;2;;;1;4;1;;;1;998
2;4;0;28;28079;;3;2;No inventariada;;9;6;2;;;1;4;1;;;1;998
1;5;12;28;28079;;3;2;No inventariada;;9;7;2;;;3;1;1;;;1;998
2;4;9;28;28079;;3;2;No inventariada;;9;2;2;;;1;1;1;;;1;998
2;4;8;28;28079;;3;2;No inventariada;;9;4;1;4;;1;1;1;;;1;998
2;4;9;28;28079;;3;2;No inventariada;;9;10;2;;;1;1;1;;;1;998
2;4;6;28;28079;;3;2;No inventariada;;9;6;2;;;1;4;1;;;1;998
2;4;7;28;28079;;3;2;No inventariada;;9;4;2;;;1;1;1;;;1;998
2;4;13;28;28079;;3;2;No inventariada;;9;2;1;2;;1;1;1;;;1;998
2;4;13;28;28079;;1;1;M-50;32,616;2;3;2;;;1;1;1;;;1;1
1;3;19;28;28079;;3;2;No inventariada;;9;2;1;1;;1;4;1;;;9;998
2;4;15;28;28079;;3;2;No inventariada;;9;2;1;1;;1;1;1;;;1;998
2;4;15;28;28079;;3;2;No inventariada;;9;2;1;2;;1;1;1;;;1;998
2;4;15;28;28079;;3;2;No inventariada;;9;2;1;4;;1;1;1;;;1;998
1;3;20;28;28079;;3;2;No inventariada;;9;4;2;;;1;4;1;;;1;998
2;4;16;28;28079;;3;2;No inventariada;;9;2;1;4;;1;1;1;;;18;998
2;4;17;28;28079;;3;2;No inventariada;;9;4;2;;;1;1;1;;;1;998
1;6;14;28;28079;;3;2;No inventariada;;9;20;1;1;;1;1;1;;;1;998
2;4;20;28;28079;;3;2;No inventariada;;9;10;2;;;1;4;1;;;1;998
2;4;20;28;28079;;1;1;A-2;12,1;3;5;2;;;1;4;1;;;1;1
2;4;20;28;28079;;3;2;No inventariada;;9;2;1;4;;2;3;1;;;1;998
2;4;19;28;28079;;3;2;No inventariada;;9;4;1;4;;1;4;1;;;1;998
2;4;21;28;28079;;3;2;No inventariada;;9;4;2;;;1;4;1;;;1;998
2;5;3;28;28079;;3;2;No inventariada;;9;7;2;;;3;4;1;;;18;998
2;5;1;28;28079;;3;2;No inventariada;;9;5;2;;;1;4;1;;;1;998
2;5;2;28;28079;;3;2;No inventariada;;9;2;1;1;;1;4;1;;;1;998
2;4;12;28;28079;;3;2;No inventariada;;9;12;1;12;;1;1;1;;;1;998
2;4;13;28;28079;;3;2;No inventariada;;9;2;1;2;;1;1;1;;;18;998
2;5;9;28;28079;;1;1;M-40;4,512;3;4;2;;;1;1;1;;;1;1
2;5;8;28;28079;;3;2;No inventariada;;9;7;1;1;;1;1;1;;;18;998