MES;DIA_SEMANA;HORA;COD_PROVINCIA;COD_MUNICIPIO;ISLA;ZONA;ZONA_AGRUPADA;CARRETERA;KM;TIPO_VIA;TIPO_ACCIDENTE;NUDO;NUDO_INFO;CARRETERA_CRUCE;CONDICION_FIRME;CONDICION_ILUMINACION;CONDICION_METEO;CONDICION_NIEBLA;CONDICION_VIENTO;VISIB_RESTRINGIDA_POR;TRAZADO_PLANTA
1;4;8;28;28079;;3;2;No inventariada;;9;12;1;7;;1;1;1;;;1;998
2;4;13;28;28079;;3;2;No inventariada;;9;3;1;5;;1;1;1;;;1;998
2;5;11;28;28079;;3;2;No inventariada;;9;7;1;1;;1;1;1;;;1;998
2;5;14;28;28079;;3;2;No inventariada;;9;4;2;;;1;1;1;;;1;998
2;5;14;28;28079;;3;2;No inventariada;;9;5;2;;;1;1;1;;;1;998
2;5;14;28;28079;;3;2;No inventariada;;9;4;2;;;1;1;1;;;1;998
2;5;15;28;28079;;3;2;No inventariada;;9;3;2;;;1;1;1;;;1;998
2;5;14;28;28079;;3;2;No inventariada;;9;12;2;;;1;1;1;;;18;998
2;5;14;28;28079;;3;2;No inventariada;;9;4;1;1;;1;1;1;;;1;998
2;5;15;28;28079;;3;2;No inventariada;;9;3;1;1;;1;1;1;;;1;998
2;5;14;28;28079;;3;2;No inventariada;;9;2;1;1;;1;1;1;;;1;998
2;5;16;28;28079;;3;2;No inventariada;;9;2;1;1;;1;1;1;;;9;998
2;5;16;28;28079;;3;2;No inventariada;;9;16;1;1;;1;1;1;;;1;998
2;5;18;28;28079;;3;2;No inventariada;;9;4;2;;;1;1;1;;;1;998
2;4;16;28;28079;;3;2;No inventariada;;9;10;2;;;1;1;1;;;1;998
1;4;20;28;28079;;3;2;No inventariada;;9;4;1;4;;1;3;1;;;1;998
2;5;16;28;28079;;3;2;No inventariada;;9;4;2;;;1;1;1;;;1;998
1;3;19;28;28079;;3;2;No inventariada;;9;4;2;;;1;4;1;;;18;998
2;5;16;28;28079;;3;2;No inventariada;;9;2;1;2;;1;1;1;;;1;998
2;5;19;28;28079;;3;2;No inventariada;;9;4;1;10;;1;4;1;;;1;998
2;5;19;28;28079;;3;2;No inventariada;;9;4;2;;;1;3;1;;;1;998
2;5;20;28;28079;;3;2;No inventariada;;9;2;2;;;1;4;1;;;1;998
2;5;20;28;28079;;3;2;No inventariada;;9;3;1;5;;1;4;1;;;1;998
2;5;22;28;28079;;3;2;No inventariada;;9;10;2;;;1;4;1;;;1;998
2;6;0;28;28079;;3;2;No inventariada;;9;7;1;4;;1;4;1;;;1;998
2;6;1;28;28079;;3;2;No inventariada;;9;2;2;;;1;3;1;;;1;998
2;5;23;28;28079;;3;2;No inventariada;;9;1;2;;;1;4;1;;;1;998
2;5;3;28;28079;;3;2;No inventariada;;9;10;1;1;;1;4;1;;;1;998
2;6;4;28;28079;;3;2;No inventariada;;9;14;2;;;1;4;1;;;1;998
2;5;12;28;28079;;3;2;No inventariada;;9;7;1;1;;1;1;1;;;17;998
2;6;4;28;28079;;3;2;No inventariada;;9;2;1;1;;1;4;1;;;1;998
2;5;14;28;28079;;3;2;No inventariada;;9;3;2;;;1;4;1;;;1;998
2;5;14;28;28079;;3;2;No inventariada;;9;4;2;;;1;1;1;;;1;998
2;6;9;28;28079;;3;2;No inventariada;;9;2;1;4;;1;3;1;;;1;998
2;5;13;28;28079;;3;2;No inventariada;;9;2;2;;;1;1;1;;;1;998
2;6;9;28;28079;;3;2;No inventariada;;9;6;1;2;;1;1;1;;;1;998
1;4;11;28;28079;;3;2;No inventariada;;9;7;1;2;;1;1;1;;;18;998
2;6;9;28;28079;;3;2;No inventariada;;9;6;1;5;;1;1;1;;;1;998
2;6;11;28;28079;;3;2;No inventariada;;9;5;2;;;1;1;1;;;18;998
2;6;11;28;28079;;3;2;No inventariada;;9;2;1;4;;1;1;1;;;1;998
2;5;14;28;28079;;3;2;No inventariada;;9;2;2;;;1;1;1;;;1;998
2;6;16;28;28079;;3;2;No inventariada;;9;2;1;1;;1;1;1;;;1;998
2;6;15;28;28079;;3;2;No inventariada;;9;7;2;;;1;2;1;;;9;998
2;6;15;28;28079;;3;2;No inventariada;;9;4;2;;;1;1;1;;;1;998
2;6;14;28;28079;;3;2;No inventariada;;9;7;1;2;;1;1;1;;;1;998
2;5;12;28;28079;;1;1;M-50;28,775;2;18;2;;;1;1;1;;;1;1
2;6;18;28;28079;;3;2;No inventariada;;9;10;1;2;;1;1;1;;;1;998
2;5;12;28;28079;;1;1;M-50;28,8;2;4;2;;;1;1;1;;;1;1
2;6;18;28;28079;;3;2;No inventariada;;9;7;1;1;;1;1;1;;;1;998
2;6;20;28;28079;;3;2;No inventariada;;9;10;2;;;1;4;1;;;1;998
2;6;6;28;28079;;3;2;No inventariada;;9;4;2;;;1;4;1;;;1;998
2;5;23;28;28079;;3;2;No inventariada;;9;5;2;;;1;4;1;;;1;998
2;6;21;28;28079;;3;2;No inventariada;;9;16;2;;;1;4;1;;;1;998
2;6;22;28;28079;;3;2;No inventariada;;9;6;2;;;1;4;1;;;1;998
2;6;21;28;28079;;3;2;No inventariada;;9;2;1;1;;1;4;1;;;1;998
2;7;1;28;28079;;3;2;No inventariada;;9;2;1;1;;1;4;1;;;1;998
2;6;5;28;28079;;3;2;No inventariada;;9;10;1;2;;3;4;1;;;1;998
2;7;3;28;28079;;3;2;No inventariada;;9;2;1;1;;1;4;1;;;1;998
2;7;2;28;28079;;3;2;No inventariada;;9;7;2;;;1;4;1;;;1;998
2;6;11;28;28079;;3;2;No inventariada;;9;2;1;1;;1;1;1;;;1;998
2;6;9;28;28079;;3;2;No inventariada;;9;7;2;;;1;1;1;;;1;998
2;7;10;28;28079;;3;2;No inventariada;;9;10;2;;;1;1;1;;;1;998
2;7;12;28;28079;;3;2;No inventariada;;9;4;2;;;1;1;1;;;1;998
1;4;11;28;28079;;3;2;No inventariada;;9;7;2;;;1;1;1;;;1;998
2;6;21;28;28079;;3;2;No inventariada;;9;7;1;4;;1;4;1;;;1;998
2;6;16;28;28079;;3;2;No inventariada;;9;10;1;2;;1;1;1;;;1;998
2;5;15;28;28079;;3;2;No inventariada;;9;10;2;;;1;1;1;;;1;998
2;7;12;28;28079;;3;2;No inventariada;;9;5;2;;;1;1;1;;;1;998
2;6;21;28;28079;;3;2;No inventariada;;9;4;1;1;;1;3;1;;;1;998
2;7;15;28;28079;;3;2;No inventariada;;9;4;1;1;;1;1;1;;;1;998
2;6;22;28;28079;;3;2;No inventariada;;9;7;1;1;;1;3;1;;;1;998
2;6;20;28;28079;;3;2;No inventariada;;9;12;1;2;;1;3;1;;;1;998
2;7;16;28;28079;;3;2;No inventariada;;9;2;1;1;;1;1;1;;;2;998
2;7;18;28;28079;;3;2;No inventariada;;9;4;2;;;1;4;1;;;1;998
2;7;17;28;28079;;3;2;No inventariada;;9;7;2;;;1;1;1;;;1;998
2;7;22;28;28079;;3;2;No inventariada;;9;1;2;;;1;4;1;;;1;998
2;7;23;28;28079;;3;2;No inventariada;;9;10;2;;;7;4;1;;;1;998
2;6;14;28;28079;;3;2;No inventariada;;9;2;1;2;;1;1;1;;;1;998
2;5;13;28;28079;;3;2;No inventariada;;9;7;2;;;1;1;1;;;1;998
2;7;13;28;28079;;3;2;No inventariada;;9;16;2;;;1;1;1;;;18;998
2;1;7;28;28079;;3;2;No inventariada;;9;4;2;;;1;3;1;;;1;998
2;4;9;28;28079;;3;2;No inventariada;;9;16;2;;;1;1;1;;;1;998
2;1;11;28;28079;;3;2;No inventariada;;9;4;2;;;1;1;1;;;1;998
2;1;9;28;28079;;3;2;No inventariada;;9;4;2;;;1;1;1;;;18;998
2;5;15;28;28079;;3;2;No inventariada;;9;2;1;1;;1;1;1;;;1;998
2;5;14;28;28079;;3;2;No inventariada;;9;6;2;;;1;1;1;;;1;998
2;7;21;28;28079;;3;2;No inventariada;;9;2;1;2;;1;3;1;;;18;998
2;1;17;28;28079;;1;1;M-40;30,465;3;19;2;;;1;3;1;;;1;2
2;1;16;28;28079;;3;2;No inventariada;;9;10;2;;;1;1;1;;;1;998
2;6;19;28;28079;;3;2;No inventariada;;9;2;2;;;1;3;1;;;1;998
2;1;17;28;28079;;3;2;No inventariada;;9;2;2;;;1;1;1;;;18;998
2;1;17;28;28079;;3;2;No inventariada;;9;10;1;2;;1;1;2;;;1;998
2;1;17;28;28079;;3;2;No inventariada;;9;2;1;1;;1;1;1;;;1;998
2;1;17;28;28079;;3;2;No inventariada;;9;2;1;2;;1;1;1;;;1;998
2;1;15;28;28079;;3;2;No inventariada;;9;12;2;;;1;1;1;;;18;998
2;5;21;28;28079;;3;2;No inventariada;;9;2;1;5;;1;4;1;;;3;998
2;1;14;28;28079;;3;2;No inventariada;;9;4;2;;;1;1;1;;;1;998
2;1;17;28;28079;;3;2;No inventariada;;9;4;2;;;1;1;1;;;1;998
2;1;19;28;28079;;3;2;No inventariada;;9;4;2;;;1;4;1;;;18;998
2;1;19;28;28079;;3;2;No inventariada;;9;1;2;;;1;4;1;;;1;998
2;1;20;28;28079;;3;2;No inventariada;;9;4;2;;;1;4;1;;;1;998
2;1;22;28;28079;;3;2;No inventariada;;9;2;1;1;;1;4;1;;;1;998
2;1;23;28;28079;;3;2;No inventariada;;9;12;1;2;;1;4;1;;;1;998
2;1;12;28;28079;;3;2;No inventariada;;9;2;2;;;1;1;1;;;1;998
2;1;13;28;28079;;3;2;No inventariada;;9;4;2;;;1;1;1;;;1;998
1;3;8;28;28079;;3;2;No inventariada;;9;12;1;4;;1;1;1;;;1;998
2;1;13;28;28079;;3;2;No inventariada;;9;4;2;;;1;1;1;;;1;998
2;2;8;28;28079;;3;2;No inventariada;;9;6;2;;;1;4;7;;;1;998
2;7;14;28;28079;;1;1;A-42;6,9;3;4;2;;;1;1;1;;;1;1
2;2;7;28;28079;;3;2;No inventariada;;9;12;2;;;1;3;1;;;1;998
2;2;7;28;28079;;3;2;No inventariada;;9;10;2;;;1;4;2;;;18;998
2;2;10;28;28079;;3;2;No inventariada;;9;7;1;1;;1;1;1;;;18;998
2;2;9;28;28079;;3;2;No inventariada;;9;9;1;4;;1;1;1;;;1;998
2;2;11;28;28079;;3;2;No inventariada;;9;16;2;;;1;1;1;;;9;998
2;2;9;28;28079;;3;2;No inventariada;;9;10;2;;;3;4;7;;;18;998
2;2;8;28;28079;;3;2;No inventariada;;9;4;1;2;;1;1;1;;;1;998
2;2;12;28;28079;;3;2;No inventariada;;9;7;2;;;1;1;1;;;1;998
2;2;10;28;28079;;3;2;No inventariada;;9;2;2;;;1;1;1;;;1;998
2;2;13;28;28005;;1;1;M-121;0,3;6;4;2;;;1;1;1;;;1;1
2;1;17;28;28079;;3;2;No inventariada;;9;2;1;1;;1;4;1;;;1;998
2;1;21;28;28079;;3;2;No inventariada;;9;3;1;1;;1;4;1;;;1;998
1;2;0;28;28079;;3;2;No inventariada;;9;4;2;;;1;4;1;;;18;998
2;1;22;28;28079;;3;2;No inventariada;;9;15;2;;;1;4;1;;;1;998
2;2;17;28;28079;;3;2;No inventariada;;9;5;1;1;;1;1;1;;;1;998
2;2;13;28;28079;;3;2;No inventariada;;9;16;2;;;1;1;1;;;1;998
2;1;19;28;28079;;3;2;No inventariada;;9;19;2;;;1;3;1;;;1;998
2;2;21;28;28079;;1;1;M-40;58,793;3;10;2;;;1;3;1;;;1;1
2;2;22;28;28079;;3;2;No inventariada;;9;10;1;5;;1;4;1;;;1;998
2;2;9;28;28079;;3;2;No inventariada;;9;2;1;5;;1;1;2;;;9;998
2;2;11;28;28079;;3;2;No inventariada;;9;2;2;;;1;1;1;;;1;998
2;3;8;28;28079;;1;1;M-40;16,358;3;4;2;;;1;1;1;;;1;1
1;3;9;28;28079;;3;2;No inventariada;;9;2;1;2;;1;1;1;;;1;998
1;1;13;28;28079;;3;2;No inventariada;;9;10;2;;;3;1;1;;;18;998
2;3;10;28;28079;;3;2;No inventariada;;9;5;1;2;;1;1;1;;;1;998
2;5;13;28;28079;;3;2;No inventariada;;9;2;2;;;1;1;1;;;1;998
2;3;8;28;28079;;3;2;No inventariada;;9;4;1;2;;1;1;2;;;1;998
2;1;21;28;28079;;3;2;No inventariada;;9;5;2;;;1;4;1;;;1;998
2;3;15;28;28079;;3;2;No inventariada;;9;2;2;;;1;1;1;;;1;998
2;3;16;28;28079;;3;2;No inventariada;;9;6;2;;;1;1;1;;;1;998
2;3;14;28;28079;;3;2;No inventariada;;9;2;1;1;;1;1;1;;;1;998
2;1;19;28;28079;;3;2;No inventariada;;9;2;2;;;1;4;1;;;1;998
2;5;15;28;28079;;3;2;No inventariada;;9;4;2;;;1;1;1;;;1;998
2;3;17;28;28079;;3;2;No inventariada;;9;2;1;1;;1;1;2;;;18;998
2;1;19;28;28079;;3;2;No inventariada;;9;4;2;;;1;4;1;;;1;998
2;3;17;28;28079;;3;2;No inventariada;;9;12;1;12;;1;1;1;;;1;998
2;3;21;28;28079;;1;1;M-40;10,5;3;4;2;;;1;4;1;;;1;1
2;3;20;28;28079;;3;2;No inventariada;;9;10;1;1;;1;4;2;;;1;998
2;4;0;28;28079;;3;2;No inventariada;;9;10;1;2;;1;4;1;;;1;998
2;3;22;28;28079;;3;2;No inventariada;;9;3;1;5;;1;4;1;;;1;998
2;5;14;28;28079;;3;2;No inventariada;;9;10;1;2;;1;1;1;;;1;998
2;4;7;28;28079;;1;1;M-14;1,3;2;14;1;2;A-2;1;3;2;;;1;1
2;4;6;28;28079;;3;2;No inventariada;;9;2;1;1;;1;4;1;;;18;998
2;3;12;28;28079;;3;2;No inventariada;;9;16;1;2;;1;1;1;;;1;998
2;4;9;28;28079;;3;2;No inventariada;;9;3;2;;;1;1;2;;;1;998
2;4;9;28;28079;;3;2;No inventariada;;9;4;1;4;;1;1;1;;;1;998
2;4;10;28;28079;;3;2;No inventariada;;9;2;1;1;;1;1;1;;;1;998
2;4;10;28;28079;;3;2;No inventariada;;9;4;2;;;1;1;2;;;1;998
2;4;8;28;28079;;3;2;No inventariada;;9;5;1;2;;1;3;2;;;1;998
2;4;10;28;28079;;3;2;No inventariada;;9;4;2;;;1;1;2;;;1;998
2;4;11;28;28079;;3;2;No inventariada;;9;3;1;1;;1;1;2;;;1;998
2;4;10;28;28079;;3;2;No inventariada;;9;12;1;1;;1;1;2;;;1;998
2;2;20;28;28079;;3;2;No inventariada;;9;2;1;1;;1;3;1;;;1;998
2;4;14;28;28079;;3;2;No inventariada;;9;10;2;;;1;1;1;;;1;998
2;3;19;28;28079;;3;2;No inventariada;;9;7;1;1;;1;4;1;;;1;998
2;3;15;28;28079;;3;2;No inventariada;;9;4;1;11;;1;1;2;;;1;998
2;4;16;28;28079;;3;2;No inventariada;;9;7;1;1;;1;1;1;;;1;998
2;4;15;28;28079;;3;2;No inventariada;;9;2;1;1;;1;1;1;;;1;998
2;3;19;28;28079;;3;2;No inventariada;;9;10;2;;;1;4;1;;;1;998
2;4;17;28;28079;;3;2;No inventariada;;9;16;1;1;;3;1;3;;;1;998
2;4;17;28;28079;;3;2;No inventariada;;9;12;2;;;3;1;3;;;1;998
2;4;19;28;28079;;3;2;No inventariada;;9;2;2;;;3;4;3;;;18;998
2;4;19;28;28079;;3;2;No inventariada;;9;4;2;;;1;4;1;;;18;998
2;4;20;28;28079;;3;2;No inventariada;;9;10;2;;;3;4;3;;;18;998
2;4;20;28;28079;;3;2;No inventariada;;9;2;2;;;3;4;3;;;1;998
2;3;20;28;28079;;3;2;No inventariada;;9;4;1;1;;1;3;1;;;1;998
2;4;20;28;28079;;3;2;No inventariada;;9;4;2;;;3;4;3;;;1;998
2;4;19;28;28079;;3;2;No inventariada;;9;2;1;1;;3;4;3;;;9;998
2;4;21;28;28079;;3;2;No inventariada;;9;3;1;2;;3;4;3;;;5;998
2;4;23;28;28079;;3;2;No inventariada;;9;2;1;1;;3;4;3;;;1;998
2;2;23;28;28079;;3;2;No inventariada;;9;12;1;2;;1;4;1;;;1;998
2;4;22;28;28079;;3;2;No inventariada;;9;10;2;;;3;4;3;;;1;998
2;4;12;28;28079;;3;2;No inventariada;;9;10;2;;;2;1;1;;;1;998
2;4;11;28;28079;;3;2;No inventariada;;9;7;2;;;1;1;2;;;1;998
2;5;7;28;28079;;3;2;No inventariada;;9;7;1;1;;3;4;3;;;5;998
2;5;7;28;28079;;1;1;A-6;13,355;2;4;2;;;3;6;3;;;1;1
2;5;8;28;28079;;3;2;No inventariada;;9;3;2;;;3;3;3;;;1;998
2;5;8;28;28079;;3;2;No inventariada;;9;10;1;4;;3;2;3;;;1;998
2;5;9;28;28079;;1;1;M-40;18,877;3;15;2;;;3;1;3;;;1;2
2;5;9;28;28079;;3;2;No inventariada;;9;3;1;2;;3;2;3;;;1;998
2;5;8;28;28079;;3;2;No inventariada;;9;4;2;;;3;1;1;;;1;998
2;5;10;28;28079;;3;2;No inventariada;;9;12;2;;;3;1;3;;;1;998
2;5;11;28;28079;;3;2;No inventariada;;9;10;1;1;;3;1;2;;;1;998
2;4;12;28;28079;;3;2;No inventariada;;9;4;2;;;1;1;2;;;1;998
2;5;10;28;28079;;3;2;No inventariada;;9;10;1;1;;1;1;3;;;1;998
2;5;9;28;28079;;3;2;No inventariada;;9;5;1;4;;3;1;3;;;1;998
2;5;13;28;28079;;3;2;No inventariada;;9;10;2;;;3;1;3;;;1;998
2;5;12;28;28079;;3;2;No inventariada;;9;10;2;;;3;1;3;;;1;998
2;5;14;28;28079;;1;1;A-2;9,3;3;4;2;;;3;1;3;;;1;1
2;4;21;28;28079;;3;2;No inventariada;;9;12;1;4;;3;5;3;;;5;998
2;1;20;28;28079;;3;2;No inventariada;;9;7;1;1;;3;3;3;;;5;998
2;4;21;28;28079;;3;2;No inventariada;;9;3;1;2;;3;5;3;;;5;998
2;5;15;28;28079;;3;2;No inventariada;;9;7;1;1;;3;1;4;;;5;998
2;4;21;28;28079;;3;2;No inventariada;;9;2;1;1;;3;6;3;;;5;998
2;5;15;28;28079;;3;2;No inventariada;;9;7;1;1;;3;1;3;;;9;998
2;4;21;28;28079;;3;2;No inventariada;;9;2;1;1;;3;4;3;;1;18;998
2;5;15;28;28079;;3;2;No inventariada;;9;10;1;4;;3;1;3;;;18;998
2;5;17;28;28079;;3;2;No inventariada;;9;4;2;;;3;1;3;;;1;998
2;5;17;28;28079;;3;2;No inventariada;;9;6;1;2;;3;1;3;;;1;998
2;5;18;28;28079;;3;2;No inventariada;;9;1;2;;;3;2;3;;;18;998
2;5;19;28;28079;;3;2;No inventariada;;9;10;1;2;;3;4;3;;;1;998
2;5;18;28;28079;;3;2;No inventariada;;9;5;2;;;1;4;1;;;1;998
2;5;15;28;28079;;3;2;No inventariada;;9;15;1;4;;3;1;2;;;1;998
2;5;21;28;28079;;3;2;No inventariada;;9;10;2;;;7;4;3;;;1;998
2;6;0;28;28079;;3;2;No inventariada;;9;10;1;2;;3;4;3;;;1;998
2;5;23;28;28079;;3;2;No inventariada;;9;4;2;;;3;4;3;;;1;998
2;6;1;28;28079;;3;2;No inventariada;;9;2;1;1;;3;4;3;;;1;998
2;5;23;28;28079;;3;2;No inventariada;;9;2;1;4;;3;4;3;;;1;998
2;6;2;28;28079;;3;2;No inventariada;;9;10;2;;;3;4;3;;;1;998
2;5;22;28;28079;;3;2;No inventariada;;9;2;2;;;3;4;3;;;5;998
2;5;9;28;28079;;3;2;No inventariada;;9;2;2;;;1;1;1;;;1;998
2;6;7;28;28079;;3;2;No inventariada;;9;1;1;1;;1;4;1;;;1;998
2;5;14;28;28079;;3;2;No inventariada;;9;2;2;;;3;1;3;;;9;998
2;5;10;28;28079;;3;2;No inventariada;;9;16;1;2;;3;1;2;;;1;998
2;5;13;28;28079;;3;2;No inventariada;;9;2;2;;;3;1;3;;;1;998
2;6;16;28;28079;;3;2;No inventariada;;9;3;2;;;1;1;1;;;1;998
2;6;10;28;28079;;3;2;No inventariada;;9;4;1;1;;1;1;1;;;18;998
2;6;10;28;28079;;3;2;No inventariada;;9;4;1;1;;1;1;2;;1;1;998
2;6;12;28;28079;;3;2;No inventariada;;9;12;2;;;1;1;1;;;1;998
2;5;21;28;28079;;3;2;No inventariada;;9;4;2;;;3;4;3;;;1;998
2;6;14;28;28079;;3;2;No inventariada;;9;2;1;1;;1;1;1;;;5;998
2;6;15;28;28079;;3;2;No inventariada;;9;6;2;;;3;1;3;;;1;998
2;6;13;28;28079;;3;2;No inventariada;;9;3;1;1;;1;1;2;;;1;998
2;6;15;28;28079;;3;2;No inventariada;;9;3;1;1;;3;1;2;;;1;998
2;6;16;28;28079;;3;2;No inventariada;;9;12;1;1;;9;1;7;;;18;998
2;6;18;28;28079;;3;2;No inventariada;;9;4;1;4;;1;1;1;;;1;998
2;6;16;28;28079;;3;2;No inventariada;;9;2;2;;;1;1;1;;;1;998
2;6;18;28;28079;;3;2;No inventariada;;9;4;2;;;1;1;1;;;1;998
2;6;21;28;28079;;3;2;No inventariada;;9;3;1;4;;1;4;1;;;1;998
2;6;21;28;28079;;3;2;No inventariada;;9;4;1;1;;1;4;1;;;16;998
2;6;0;28;28079;;3;2;No inventariada;;9;3;1;5;;3;4;3;;;1;998
2;6;22;28;28079;;3;2;No inventariada;;9;2;2;;;1;4;1;;;1;998
2;6;22;28;28079;;3;2;No inventariada;;9;2;1;1;;1;4;1;;;1;998
2;6;23;28;28079;;3;2;No inventariada;;9;10;2;;;3;4;1;;;1;998
2;7;0;28;28079;;3;2;No inventariada;;9;4;2;;;1;4;1;;;1;998
2;7;0;28;28079;;3;2;No inventariada;;9;6;2;;;1;4;1;;;1;998
2;7;2;28;28079;;3;2;No inventariada;;9;6;2;;;1;4;1;;;1;998
2;6;13;28;28079;;3;2;No inventariada;;9;4;2;;;3;1;2;;;1;998
2;6;13;28;28079;;3;2;No inventariada;;9;2;1;5;;1;1;1;;;1;998
2;7;10;28;28079;;3;2;No inventariada;;9;2;1;2;;1;1;1;;;1;998
2;6;12;28;28079;;3;2;No inventariada;;9;2;1;2;;1;1;2;;;1;998
2;7;13;28;28079;;1;1;M-14;2,462;2;3;2;;;1;1;2;;;1;1
2;6;19;28;28079;;3;2;No inventariada;;9;4;1;4;;1;4;1;;;1;998
2;6;20;28;28079;;3;2;No inventariada;;9;4;1;5;;1;2;1;;;1;998
2;6;14;28;28079;;3;2;No inventariada;;9;4;2;;;1;1;1;;;1;998
2;7;14;28;28079;;3;2;No inventariada;;9;12;1;4;;1;1;1;;;1;998
2;7;15;28;28079;;3;2;No inventariada;;9;3;1;1;;1;1;2;;;1;998
2;7;16;28;28079;;3;2;No inventariada;;9;4;1;1;;1;1;2;;;18;998
2;5;19;28;28079;;3;2;No inventariada;;9;4;2;;;1;4;1;;;1;998
2;7;17;28;28079;;3;2;No inventariada;;9;1;1;1;;1;1;1;;;1;998
2;1;0;28;28079;;3;2;No inventariada;;9;2;1;1;;1;4;2;;;1;998
2;7;21;28;28079;;3;2;No inventariada;;9;1;1;2;;3;4;1;;;1;998
2;1;1;28;28079;;3;2;No inventariada;;9;6;2;;;3;4;2;;;1;998
2;1;4;28;28079;;3;2;No inventariada;;9;7;2;;;3;4;2;;;1;998
2;1;8;28;28079;;1;1;M-603;0,611;3;4;2;;;3;1;2;;;1;1
2;7;19;28;28079;;3;2;No inventariada;;9;10;2;;;3;4;3;;;1;998
2;1;9;28;28079;;3;2;No inventariada;;9;1;2;;;3;1;2;;;1;998
2;1;8;28;28079;;3;2;No inventariada;;9;4;1;1;;1;1;1;;;1;998
2;1;11;28;28079;;3;2;No inventariada;;9;10;1;4;;1;1;2;;;1;998
2;1;8;28;28079;;3;2;No inventariada;;9;2;1;1;;1;1;1;;;9;998
2;7;21;28;28079;;3;2;No inventariada;;9;10;1;1;;3;4;3;;;5;998
2;1;15;28;28079;;3;2;No inventariada;;9;7;2;;;1;1;1;;;9;998
2;7;16;28;28079;;3;2;No inventariada;;9;2;1;1;;1;1;2;;;1;998
2;5;21;28;28079;;3;2;No inventariada;;9;2;1;5;;3;4;3;;;1;998
2;7;19;28;28079;;3;2;No inventariada;;9;5;1;11;;1;4;2;;;1;998
2;1;14;28;28079;;3;2;No inventariada;;9;10;1;4;;1;1;1;;;1;998
2;1;15;28;28079;;3;2;No inventariada;;9;16;1;2;;1;1;1;;;1;998
2;1;16;28;28079;;3;2;No inventariada;;9;2;1;4;;1;1;1;;;1;998
2;1;16;28;28079;;3;2;No inventariada;;9;6;1;5;;1;1;1;;;1;998
2;1;15;28;28079;;3;2;No inventariada;;9;4;1;1;;1;1;1;;;18;998
2;7;20;28;28079;;3;2;No inventariada;;9;10;2;;;3;4;3;;;18;998
2;1;16;28;28079;;3;2;No inventariada;;9;9;2;;;1;1;1;;;1;998
2;4;21;28;28079;;3;2;No inventariada;;9;10;2;;;1;1;1;;;1;998
2;1;17;28;28079;;3;2;No inventariada;;9;2;2;;;1;1;1;;;6;998
2;1;15;28;28079;;3;2;No inventariada;;9;2;1;2;;1;1;1;;;1;998
2;1;18;28;28079;;3;2;No inventariada;;9;10;2;;;1;3;1;;;1;998
2;5;6;28;28079;;3;2;No inventariada;;9;2;1;2;;1;4;3;;;5;998
2;1;17;28;28079;;3;2;No inventariada;;9;4;1;2;;1;1;1;;;1;998
2;1;19;28;28079;;3;2;No inventariada;;9;10;1;1;;1;4;1;;;1;998
2;5;20;28;28079;;3;2;No inventariada;;9;9;2;;;3;4;2;;;1;998
2;1;17;28;28079;;3;2;No inventariada;;9;10;1;4;;1;1;1;;;1;998
2;1;17;28;28079;;3;2;No inventariada;;9;2;1;1;;1;2;1;;;6;998
2;1;19;28;28079;;3;2;No inventariada;;9;3;2;;;1;4;1;;;1;998
2;1;20;28;28079;;3;2;No inventariada;;9;7;2;;;1;4;1;;;2;998
2;1;22;28;28079;;3;2;No inventariada;;9;10;1;4;;1;4;1;;;1;998
2;1;22;28;28079;;3;2;No inventariada;;9;3;1;4;;1;4;1;;;1;998
2;1;13;28;28079;;3;2;No inventariada;;9;10;2;;;1;1;1;;;1;998
2;7;13;28;28079;;3;2;No inventariada;;9;12;1;2;;1;1;1;;;1;998
2;2;8;28;28079;;3;2;No inventariada;;9;10;2;;;1;1;1;;;1;998
2;5;13;28;28079;;3;2;No inventariada;;9;7;2;;;3;1;3;;;1;998