MES;DIA_SEMANA;HORA;COD_PROVINCIA;COD_MUNICIPIO;ISLA;ZONA;ZONA_AGRUPADA;CARRETERA;KM;TIPO_VIA;TIPO_ACCIDENTE;NUDO;NUDO_INFO;CARRETERA_CRUCE;CONDICION_FIRME;CONDICION_ILUMINACION;CONDICION_METEO;CONDICION_NIEBLA;CONDICION_VIENTO;VISIB_RESTRINGIDA_POR;TRAZADO_PLANTA
2;2;9;28;28079;;3;2;No inventariada;;9;3;2;;;1;1;1;;;1;998
2;2;10;28;28079;;3;2;No inventariada;;9;3;1;4;;1;1;2;;;1;998
2;2;11;28;28079;;3;2;No inventariada;;9;10;1;4;;2;1;2;;;18;998
2;2;9;28;28079;;3;2;No inventariada;;9;4;2;;;1;1;1;;;1;998
2;2;11;28;28079;;3;2;No inventariada;;9;15;2;;;1;1;1;;;1;998
2;2;8;28;28079;;3;2;No inventariada;;9;4;2;;;1;1;1;;;1;998
2;7;12;28;28079;;3;2;No inventariada;;9;2;1;1;;1;1;1;;;18;998
2;1;14;28;28079;;3;2;No inventariada;;9;4;2;;;1;1;1;;;1;998
2;2;14;28;28079;;3;2;No inventariada;;9;16;1;4;;1;1;1;;;1;998
2;2;16;28;28079;;3;2;No inventariada;;9;4;2;;;1;1;1;;;1;998
2;7;17;28;28079;;3;2;No inventariada;;9;2;1;2;;1;1;2;;;1;998
2;2;15;28;28079;;3;2;No inventariada;;9;10;1;1;;1;1;1;;;1;998
2;2;15;28;28079;;3;2;No inventariada;;9;2;1;1;;1;1;1;;;1;998
2;2;15;28;28079;;3;2;No inventariada;;9;3;1;2;;1;1;2;;;1;998
2;2;16;28;28079;;3;2;No inventariada;;9;10;2;;;1;1;1;;;1;998
2;2;15;28;28079;;3;2;No inventariada;;9;4;2;;;1;1;1;;;1;998
2;2;18;28;28079;;3;2;No inventariada;;9;7;2;;;1;1;2;;;1;998
2;2;15;28;28079;;3;2;No inventariada;;9;3;2;;;1;1;1;;;1;998
2;2;19;28;28079;;3;2;No inventariada;;9;2;2;;;1;3;1;;;1;998
2;2;17;28;28079;;3;2;No inventariada;;9;4;1;1;;1;1;1;;;1;998
2;2;20;28;28079;;3;2;No inventariada;;9;4;1;2;;1;4;1;;;1;998
2;2;20;28;28079;;3;2;No inventariada;;9;2;1;2;;1;1;1;;;1;998
2;2;16;28;28079;;3;2;No inventariada;;9;7;2;;;1;1;1;;;1;998
2;2;20;28;28079;;3;2;No inventariada;;9;12;2;;;1;4;1;;;1;998
2;2;22;28;28079;;3;2;No inventariada;;9;4;2;;;1;4;1;;;1;998
2;2;22;28;28079;;3;2;No inventariada;;9;4;1;2;;1;4;1;;;1;998
2;2;13;28;28079;;3;2;No inventariada;;9;10;1;4;;1;1;1;;;1;998
2;5;13;28;28079;;3;2;No inventariada;;9;11;2;;;3;1;3;;;18;998
2;3;8;28;28079;;3;2;No inventariada;;9;4;2;;;1;1;1;;;1;998
2;3;10;28;28079;;3;2;No inventariada;;9;7;1;2;;1;1;2;;;18;998
2;3;7;28;28079;;3;2;No inventariada;;9;4;2;;;1;2;1;;;1;998
2;3;9;28;28079;;3;2;No inventariada;;9;2;1;1;;1;1;2;;;18;998
2;3;10;28;28079;;3;2;No inventariada;;9;4;2;;;1;1;2;;;1;998
2;2;9;28;28079;;3;2;No inventariada;;9;2;1;1;;1;1;1;;;18;998
2;3;12;28;28079;;3;2;No inventariada;;9;4;2;;;1;1;1;;;1;998
2;3;13;28;28079;;3;2;No inventariada;;9;10;2;;;1;1;1;;;1;998
2;3;11;28;28079;;3;2;No inventariada;;9;4;1;12;;1;1;1;;;1;998
2;3;13;28;28079;;3;2;No inventariada;;9;3;1;2;;1;1;1;;;1;998
2;3;12;28;28079;;3;2;No inventariada;;9;2;1;4;;1;1;1;;;1;998
2;2;15;28;28079;;3;2;No inventariada;;9;2;1;2;;1;1;2;;;9;998
2;2;14;28;28079;;3;2;No inventariada;;9;3;2;;;1;1;1;;;1;998
2;3;15;28;28079;;3;2;No inventariada;;9;16;2;;;1;4;1;;;1;998
2;3;16;28;28079;;3;2;No inventariada;;9;2;2;;;1;1;1;;;1;998
2;3;18;28;28079;;3;2;No inventariada;;9;10;1;1;;1;1;1;;;1;998
2;1;20;28;28079;;3;2;No inventariada;;9;2;1;2;;1;3;1;;;18;998
2;6;14;28;28079;;3;2;No inventariada;;9;4;2;;;3;1;2;;;1;998
2;3;16;28;28079;;3;2;No inventariada;;9;10;1;7;;1;1;1;;;1;998
2;3;19;28;28079;;3;2;No inventariada;;9;7;1;9;;1;2;1;;;6;998
2;3;23;28;28079;;3;2;No inventariada;;9;2;1;1;;1;4;1;;;1;998
2;3;21;28;28079;;3;2;No inventariada;;9;2;1;1;;1;4;1;;;2;998
2;4;1;28;28079;;3;2;No inventariada;;9;6;2;;;1;4;1;;;1;998
2;4;1;28;28079;;3;2;No inventariada;;9;2;2;;;1;4;1;;;1;998
2;3;23;28;28079;;3;2;No inventariada;;9;10;2;;;1;4;2;;;1;998
2;4;8;28;28079;;1;1;A-6;10,8;2;3;2;;;1;1;2;;;1;1
2;3;14;28;28079;;3;2;No inventariada;;9;3;2;;;1;1;1;;;1;998
2;4;8;28;28079;;3;2;No inventariada;;9;7;2;;;1;1;2;;;1;998
2;4;11;28;28079;;3;2;No inventariada;;9;16;2;;;1;1;2;;;1;998
2;4;12;28;28079;;3;2;No inventariada;;9;12;1;2;;3;1;2;;;1;998
2;4;14;28;28079;;1;1;M-40;15,717;3;15;2;;;3;1;2;;;1;1
2;4;14;28;28079;;3;2;No inventariada;;9;10;1;4;;3;1;3;;;1;998
2;4;14;28;28079;;1;1;M-40;21,6;3;3;2;;;3;6;3;;;1;1
2;3;21;28;28079;;3;2;No inventariada;;9;4;1;5;;1;4;1;;;1;998
2;4;16;28;28079;;3;2;No inventariada;;9;10;2;;;3;1;2;;;1;998
2;4;15;28;28079;;3;2;No inventariada;;9;3;1;2;;3;1;3;;;18;998
2;3;21;28;28079;;3;2;No inventariada;;9;3;1;1;;1;4;2;;;1;998
2;4;17;28;28079;;3;2;No inventariada;;9;4;2;;;3;1;3;;;1;998
2;4;18;28;28079;;1;1;M-203;5,562;6;2;1;4;;3;1;3;1;;1;2
2;4;15;28;28079;;3;2;No inventariada;;9;7;1;1;;3;1;3;;;5;998
2;4;19;28;28079;;1;1;M-40;27,8;3;2;1;4;;3;4;3;;;1;1
2;4;15;28;28079;;3;2;No inventariada;;9;12;1;1;;3;1;3;;;1;998
2;4;20;28;28079;;3;2;No inventariada;;9;7;1;1;;3;3;1;;;1;998
2;4;20;28;28079;;3;2;No inventariada;;9;3;1;2;;3;4;3;;;1;998
2;4;19;28;28079;;3;2;No inventariada;;9;3;1;1;;3;4;3;;;1;998
2;4;16;28;28079;;3;2;No inventariada;;9;4;1;2;;3;1;2;;;1;998
2;4;15;28;28079;;3;2;No inventariada;;9;12;1;1;;3;1;3;;;1;998
2;4;21;28;28079;;3;2;No inventariada;;9;7;1;1;;3;4;2;;;1;998
2;4;21;28;28079;;1;1;M-40;27;3;2;1;4;M-425;3;4;3;;;1;1
2;4;21;28;28079;;3;2;No inventariada;;9;2;1;1;;3;4;3;;;1;998
2;4;18;28;28079;;3;2;No inventariada;;9;4;2;;;3;4;3;;;18;998
2;4;21;28;28079;;3;2;No inventariada;;9;10;1;1;;3;4;3;;;1;998
2;5;0;28;28079;;3;2;No inventariada;;9;4;1;1;;3;4;3;;;1;998
2;4;22;28;28079;;3;2;No inventariada;;9;4;1;1;;3;4;3;;;1;998
2;4;13;28;28079;;3;2;No inventariada;;9;4;2;;;3;1;3;;;1;998
2;4;8;28;28079;;3;2;No inventariada;;9;7;2;;;1;1;1;;;18;998
2;4;9;28;28079;;3;2;No inventariada;;9;16;1;2;;1;1;1;;;1;998
2;5;8;28;28079;;3;2;No inventariada;;9;7;2;;;1;1;1;;;1;998
2;5;8;28;28079;;3;2;No inventariada;;9;2;2;;;1;2;1;;;9;998
2;5;9;28;28079;;3;2;No inventariada;;9;4;2;;;1;1;1;;;6;998
2;3;13;28;28079;;3;2;No inventariada;;9;4;1;1;;1;1;1;;;18;998
2;4;12;28;28079;;3;2;No inventariada;;9;10;1;1;;1;1;2;;;1;998
2;4;14;28;28079;;3;2;No inventariada;;9;2;1;1;;3;1;3;;;1;998
2;5;10;28;28079;;3;2;No inventariada;;9;3;2;;;1;4;1;;;1;998
2;5;11;28;28079;;3;2;No inventariada;;9;2;2;;;1;1;1;;;1;998
2;5;14;28;28079;;3;2;No inventariada;;9;3;1;1;;1;1;1;;;1;998
2;5;11;28;28079;;3;2;No inventariada;;9;3;1;1;;1;1;1;;;1;998
2;5;14;28;28079;;3;2;No inventariada;;9;5;1;1;;1;1;1;;;1;998
2;5;15;28;28079;;1;1;M-40;16,6;3;4;2;;;1;1;7;;;1;1
2;4;21;28;28079;;3;2;No inventariada;;9;10;1;2;;3;4;3;;;5;998
2;5;15;28;28079;;3;2;No inventariada;;9;2;2;;;1;1;1;;;18;998
2;5;15;28;28079;;3;2;No inventariada;;9;4;1;2;;1;1;1;;;1;998
2;5;14;28;28079;;3;2;No inventariada;;9;4;1;2;;1;1;1;;;1;998
2;5;15;28;28079;;3;2;No inventariada;;9;10;2;;;1;1;1;;;1;998
2;5;15;28;28079;;3;2;No inventariada;;9;4;2;;;1;4;1;;;18;998
2;5;13;28;28079;;3;2;No inventariada;;9;4;1;1;;1;1;1;;;1;998
2;5;17;28;28079;;3;2;No inventariada;;9;10;2;;;1;1;1;;;1;998
2;5;17;28;28079;;3;2;No inventariada;;9;2;1;5;;1;1;1;;;1;998
2;5;15;28;28079;;3;2;No inventariada;;9;4;1;2;;1;1;1;;;1;998
2;5;18;28;28079;;3;2;No inventariada;;9;7;1;1;;1;2;1;;;1;998
2;5;19;28;28079;;3;2;No inventariada;;9;12;1;2;;1;1;1;;;1;998
2;5;20;28;28079;;3;2;No inventariada;;9;4;2;;;1;4;1;;;1;998
2;5;22;28;28079;;3;2;No inventariada;;9;10;2;;;8;4;1;;;1;998
2;5;22;28;28079;;3;2;No inventariada;;9;4;2;;;1;4;1;;;1;998
2;5;23;28;28079;;3;2;No inventariada;;9;7;2;;;1;4;1;;;1;998
1;1;8;28;28079;;3;2;No inventariada;;9;4;2;;;1;1;1;;;1;998
2;6;10;28;28079;;3;2;No inventariada;;9;7;2;;;1;1;1;;;1;998
2;6;10;28;28079;;3;2;No inventariada;;9;4;1;4;;1;1;1;;;6;998
2;6;9;28;28079;;3;2;No inventariada;;9;2;1;2;;1;1;1;;;6;998
2;5;14;28;28079;;3;2;No inventariada;;9;2;2;;;1;1;1;;;1;998
2;5;20;28;28079;;3;2;No inventariada;;9;4;2;;;1;4;1;;;18;998
2;6;15;28;28079;;3;2;No inventariada;;9;10;2;;;1;1;1;;;1;998
2;6;17;28;28079;;1;1;M-40;3,296;3;13;1;2;M-11;1;1;1;;;1;2
2;7;3;28;28079;;3;2;No inventariada;;9;4;1;1;;1;4;1;;;1;998
2;6;17;28;28079;;3;2;No inventariada;;9;3;1;1;;1;1;1;;;1;998
2;6;16;28;28079;;3;2;No inventariada;;9;2;1;1;;1;1;1;;;1;998
2;6;17;28;28079;;3;2;No inventariada;;9;5;1;5;;1;1;1;;;1;998
2;6;18;28;28079;;3;2;No inventariada;;9;12;1;1;;1;2;1;;;1;998
2;6;20;28;28079;;1;1;M-40;9,387;3;5;2;;;1;4;1;;;18;1
2;6;19;28;28079;;3;2;No inventariada;;9;6;2;;;1;4;1;;;1;998
2;6;22;28;28079;;3;2;No inventariada;;9;10;2;;;1;4;1;;;1;998
2;6;23;28;28079;;3;2;No inventariada;;9;2;2;;;1;2;1;;;1;998
2;6;21;28;28079;;3;2;No inventariada;;9;4;2;;;1;4;1;;;1;998
2;7;0;28;28079;;3;2;No inventariada;;9;7;2;;;1;4;1;;;1;998
2;7;6;28;28079;;1;1;M-40;20,153;3;16;2;;;1;4;1;;;2;1
2;5;13;28;28079;;3;2;No inventariada;;9;4;1;1;;1;1;1;;;18;998
2;6;14;28;28079;;3;2;No inventariada;;9;1;2;;;1;1;1;;;1;998
2;4;13;28;28079;;3;2;No inventariada;;9;10;1;2;;3;1;3;;;1;998
2;7;11;28;28079;;3;2;No inventariada;;9;3;1;5;;1;1;1;;;1;998
2;6;13;28;28079;;3;2;No inventariada;;9;3;2;;;1;1;1;;;1;998
2;6;21;28;28079;;3;2;No inventariada;;9;2;1;1;;1;4;1;;;1;998
2;4;14;28;28079;;3;2;No inventariada;;9;5;2;;;3;1;4;;;1;998
2;7;16;28;28079;;3;2;No inventariada;;9;2;1;12;;1;1;1;;;1;998
2;7;14;28;28079;;3;2;No inventariada;;9;2;1;1;;1;1;1;;;1;998
2;7;17;28;28079;;3;2;No inventariada;;9;2;1;4;;1;1;1;;;1;998
2;7;20;28;28079;;3;2;No inventariada;;9;10;1;1;;1;3;1;;;1;998
2;7;20;28;28079;;3;2;No inventariada;;9;12;2;;;1;4;1;;;1;998
2;5;16;28;28079;;3;2;No inventariada;;9;7;1;4;;1;1;1;;;1;998
2;7;17;28;28079;;3;2;No inventariada;;9;2;2;;;1;1;1;;;1;998
2;1;0;28;28079;;3;2;No inventariada;;9;2;2;;;1;4;1;;;1;998
2;1;6;28;28079;;3;2;No inventariada;;9;11;2;;;1;4;1;;;1;998
2;4;8;28;28079;;3;2;No inventariada;;9;2;2;;;1;1;1;;;1;998
2;7;13;28;28079;;3;2;No inventariada;;9;10;1;4;;1;1;1;;;1;998
2;4;11;28;28079;;3;2;No inventariada;;9;7;1;2;;1;1;1;;;1;998
2;1;8;28;28079;;3;2;No inventariada;;9;7;2;;;1;1;1;;;1;998
2;1;8;28;28079;;1;1;A-1;9,9;3;4;2;;;1;1;1;;;18;1
2;1;13;28;28079;;3;2;No inventariada;;9;2;1;1;;1;1;1;;;1;998
2;1;9;28;28079;;3;2;No inventariada;;9;7;2;;;1;1;1;;;1;998
2;4;9;28;28079;;3;2;No inventariada;;9;4;2;;;1;1;2;;;1;998
2;7;10;28;28079;;3;2;No inventariada;;9;7;1;1;;1;1;1;;;1;998
2;1;14;28;28079;;3;2;No inventariada;;9;7;1;2;;1;1;1;;;1;998
2;7;18;28;28079;;3;2;No inventariada;;9;4;2;;;1;3;1;;;1;998
2;1;17;28;28079;;3;2;No inventariada;;9;10;2;;;1;1;1;;;1;998
2;1;17;28;28079;;3;2;No inventariada;;9;3;1;1;;1;1;1;;;1;998
2;1;15;28;28079;;3;2;No inventariada;;9;2;1;1;;1;1;1;;;1;998
2;1;15;28;28079;;3;2;No inventariada;;9;10;1;11;;1;4;1;;;1;998
2;1;15;28;28079;;3;2;No inventariada;;9;4;2;;;1;1;1;;;1;998
2;1;18;28;28079;;3;2;No inventariada;;9;7;1;1;;1;2;1;;;6;998
2;2;16;28;28079;;3;2;No inventariada;;9;7;2;;;1;1;1;;;1;998
2;2;17;28;28079;;1;1;A-5R;0,4;3;3;2;;;1;1;1;;;1;4
2;2;15;28;28079;;3;2;No inventariada;;9;3;1;1;;1;1;1;;;1;998
2;2;16;28;28079;;3;2;No inventariada;;9;7;1;1;;1;1;1;;;1;998
2;2;15;28;28079;;3;2;No inventariada;;9;3;1;2;;1;1;1;;;1;998
2;2;14;28;28079;;3;2;No inventariada;;9;16;1;1;;1;1;1;;;18;998
2;1;20;28;28079;;3;2;No inventariada;;9;7;2;;;1;4;1;;;18;998
2;2;17;28;28079;;3;2;No inventariada;;9;2;2;;;1;1;1;;;1;998
2;2;18;28;28079;;3;2;No inventariada;;9;2;2;;;1;1;1;;;1;998
2;2;17;28;28079;;3;2;No inventariada;;9;2;1;1;;1;1;1;;;1;998
2;5;14;28;28079;;3;2;No inventariada;;9;2;1;2;;1;1;1;;;1;998
2;2;20;28;28079;;3;2;No inventariada;;9;7;2;;;1;4;1;;;18;998
2;2;18;28;28079;;3;2;No inventariada;;9;2;1;1;;1;1;1;;;1;998
2;2;21;28;28079;;3;2;No inventariada;;9;2;2;;;1;4;1;;;18;998
2;2;20;28;28079;;3;2;No inventariada;;9;7;1;1;;1;4;1;;;1;998
2;2;23;28;28079;;3;2;No inventariada;;9;10;2;;;1;4;1;;;1;998
2;3;3;28;28079;;3;2;No inventariada;;9;4;1;7;;1;4;1;;;1;998
2;2;7;28;28079;;3;2;No inventariada;;9;2;1;1;;1;3;1;;;1;998
2;2;7;28;28079;;3;2;No inventariada;;9;7;1;1;;1;1;1;;;1;998
2;2;7;28;28079;;3;2;No inventariada;;9;7;2;;;1;2;1;;;18;998
2;2;9;28;28079;;3;2;No inventariada;;9;7;2;;;1;1;1;;;1;998
2;3;8;28;28079;;1;1;M-45;18;3;4;2;;;1;1;1;;;1;1
2;3;8;28;28079;;3;2;No inventariada;;9;2;1;1;;1;1;1;;;1;998
2;1;10;28;28079;;3;2;No inventariada;;9;4;2;;;1;1;1;;;1;998
2;1;9;28;28079;;3;2;No inventariada;;9;10;2;;;3;1;1;;;1;998
2;3;9;28;28079;;3;2;No inventariada;;9;4;1;5;;1;1;1;;;1;998
2;3;8;28;28079;;3;2;No inventariada;;9;3;1;4;;1;1;1;;;18;998
2;2;1;28;28079;;3;2;No inventariada;;9;2;1;1;;1;1;1;;;1;998
2;3;9;28;28079;;3;2;No inventariada;;9;7;2;;;1;1;1;;;1;998
2;2;8;28;28079;;3;2;No inventariada;;9;7;2;;;1;3;1;;;1;998
2;2;20;28;28079;;3;2;No inventariada;;9;4;1;1;;1;4;1;;;18;998
2;3;15;28;28079;;3;2;No inventariada;;9;7;1;1;;1;1;1;;;1;998
2;2;19;28;28079;;3;2;No inventariada;;9;16;1;4;;1;4;1;;;1;998
2;3;14;28;28079;;3;2;No inventariada;;9;3;2;;;1;1;1;;;1;998
2;3;18;28;28079;;3;2;No inventariada;;9;10;2;;;1;1;1;;;1;998
2;3;17;28;28079;;3;2;No inventariada;;9;3;2;;;1;1;1;;;1;998
2;1;19;28;28079;;3;2;No inventariada;;9;4;1;1;;1;4;1;;;1;998
2;3;18;28;28079;;3;2;No inventariada;;9;2;1;4;;1;1;1;;;1;998
2;2;19;28;28079;;3;2;No inventariada;;9;4;2;;;1;4;1;;;1;998
2;1;19;28;28079;;3;2;No inventariada;;9;2;1;1;;1;4;1;;;1;998
2;3;19;28;28079;;3;2;No inventariada;;9;2;1;1;;1;4;1;;;1;998
2;3;16;28;28079;;3;2;No inventariada;;9;3;2;;;1;1;1;;;1;998
2;3;21;28;28079;;3;2;No inventariada;;9;4;1;1;;1;4;7;;;1;998
2;3;6;28;28079;;3;2;No inventariada;;9;4;2;;;1;4;1;;;1;998
2;3;5;28;28079;;3;2;No inventariada;;9;12;2;;;1;4;1;;;1;998
2;3;22;28;28079;;3;2;No inventariada;;9;12;1;1;;1;4;1;;;1;998
2;4;0;28;28079;;3;2;No inventariada;;9;12;2;;;1;3;7;;;1;998
2;4;0;28;28079;;3;2;No inventariada;;9;2;1;1;;1;4;1;;;1;998
2;3;22;28;28079;;3;2;No inventariada;;9;16;1;1;;1;4;1;;;1;998
2;2;7;28;28079;;3;2;No inventariada;;9;4;1;2;;1;3;1;;;1;998
2;2;12;28;28079;;3;2;No inventariada;;9;10;2;;;1;1;1;;;1;998
2;3;13;28;28079;;3;2;No inventariada;;9;3;2;;;1;1;1;;;1;998
2;6;14;28;28079;;3;2;No inventariada;;9;16;1;2;;1;1;1;;;1;998
2;3;14;28;28079;;3;2;No inventariada;;9;7;2;;;1;1;2;;;11;998
2;3;10;28;28079;;3;2;No inventariada;;9;5;1;1;;1;1;1;;;18;998
2;1;9;28;28079;;3;2;No inventariada;;9;4;2;;;1;1;1;;;1;998
2;1;14;28;28079;;3;2;No inventariada;;9;3;2;;;1;1;1;;;18;998
2;2;12;28;28079;;3;2;No inventariada;;9;16;2;;;1;1;1;;;18;998
2;4;8;28;28079;;3;2;No inventariada;;9;16;1;1;;1;1;1;;;1;998
2;4;9;28;28079;;3;2;No inventariada;;9;2;2;;;1;1;1;;;1;998
2;4;10;28;28079;;3;2;No inventariada;;9;7;2;;;1;1;1;;;16;998
2;4;8;28;28079;;3;2;No inventariada;;9;7;2;;;1;1;1;;;1;998
2;5;14;28;28079;;3;2;No inventariada;;9;15;1;1;;1;1;1;;;1;998
2;3;20;28;28079;;3;2;No inventariada;;9;2;1;1;;1;4;1;;;1;998
2;4;15;28;28079;;3;2;No inventariada;;9;16;2;;;1;1;2;;;1;998
2;4;14;28;28079;;3;2;No inventariada;;9;11;2;;;1;1;1;;;1;998
2;4;14;28;28079;;3;2;No inventariada;;9;7;2;;;1;1;1;;;1;998
2;4;16;28;28079;;3;2;No inventariada;;9;7;1;1;;1;1;1;;;1;998
2;4;17;28;28079;;3;2;No inventariada;;9;10;2;;;1;1;1;;;1;998
2;2;19;28;28079;;3;2;No inventariada;;9;16;1;1;;1;3;1;;;1;998
2;3;17;28;28079;;3;2;No inventariada;;9;4;1;4;;1;1;1;;;1;998
2;4;16;28;28079;;3;2;No inventariada;;9;2;1;1;;1;1;1;;;1;998
2;4;19;28;28079;;1;1;A-4;8,056;3;4;2;;;3;5;3;;;1;1
2;3;21;28;28079;;3;2;No inventariada;;9;12;1;1;;1;3;1;;;1;998
2;4;18;28;28079;;3;2;No inventariada;;9;7;2;;;1;4;1;;;1;998
2;4;20;28;28079;;3;2;No inventariada;;9;10;2;;;3;4;3;;;5;998
2;4;20;28;28079;;3;2;No inventariada;;9;2;1;1;;3;4;3;;;1;998
2;4;20;28;28079;;3;2;No inventariada;;9;2;1;1;;3;4;3;;;1;998
2;4;21;28;28079;;3;2;No inventariada;;9;15;1;1;;3;4;4;;;18;998
2;4;21;28;28079;;3;2;No inventariada;;9;4;2;;;3;4;3;;;1;998
2;4;22;28;28079;;3;2;No inventariada;;9;7;1;2;;3;4;3;;;1;998
2;4;21;28;28079;;3;2;No inventariada;;9;2;1;4;;3;4;2;;;1;998
2;4;22;28;28079;;3;2;No inventariada;;9;10;2;;;3;4;3;;;1;998
2;4;21;28;28079;;3;2;No inventariada;;9;6;2;;;3;4;2;;;5;998
2;4;22;28;28079;;3;2;No inventariada;;9;10;2;;;3;4;4;;;5;998
2;5;7;28;28079;;3;2;No inventariada;;9;4;1;4;;1;1;1;1;;1;998
2;4;14;28;28079;;3;2;No inventariada;;9;2;1;1;;1;1;1;;;1;998
2;4;13;28;28079;;3;2;No inventariada;;9;7;2;;;1;1;1;;;1;998
2;5;9;28;28079;;3;2;No inventariada;;9;12;1;2;;1;1;2;;;1;998
2;7;10;28;28079;;3;2;No inventariada;;9;4;2;;;1;1;1;;;1;998
2;5;14;28;28079;;3;2;No inventariada;;9;2;1;2;;3;1;3;;;1;998
2;4;17;28;28079;;3;2;No inventariada;;9;2;1;4;;1;1;1;;;1;998
2;5;15;28;28079;;3;2;No inventariada;;9;10;2;;;3;1;3;;;1;998
2;5;14;28;28079;;3;2;No inventariada;;9;4;2;;;1;1;2;;;1;998
2;5;15;28;28079;;3;2;No inventariada;;9;15;1;1;;1;1;1;;;1;998
2;5;14;28;28079;;3;2;No inventariada;;9;2;1;4;;1;1;1;;;1;998
2;5;14;28;28079;;3;2;No inventariada;;9;10;1;4;;1;1;3;;;1;998
2;5;15;28;28079;;3;2;No inventariada;;9;2;1;2;;1;1;2;;;1;998
2;5;16;28;28079;;3;2;No inventariada;;9;10;2;;;3;1;3;;;1;998
2;5;15;28;28079;;3;2;No inventariada;;9;4;2;;;3;1;3;;;18;998
2;4;20;28;28079;;3;2;No inventariada;;9;4;2;;;3;4;4;;;1;998
2;3;15;28;28079;;3;2;No inventariada;;9;2;1;2;;1;1;1;;;1;998
2;7;19;28;28079;;3;2;No inventariada;;9;2;1;1;;3;4;1;;;1;998
2;5;18;28;28079;;3;2;No inventariada;;9;2;1;1;;3;3;3;;;1;998
2;5;16;28;28079;;3;2;No inventariada;;9;2;1;1;;1;1;2;;;18;998
2;5;19;28;28079;;3;2;No inventariada;;9;12;2;;;3;1;2;;;1;998
2;4;20;28;28079;;3;2;No inventariada;;9;3;1;2;;1;4;4;;;1;998
2;5;14;28;28079;;3;2;No inventariada;;9;12;1;1;;3;1;1;;;1;998
2;5;20;28;28079;;3;2;No inventariada;;9;12;1;4;;1;4;1;1;;1;998
2;5;14;28;28079;;3;2;No inventariada;;9;4;2;;;1;1;2;;;1;998
2;1;18;28;28079;;3;2;No inventariada;;9;4;1;2;;1;3;1;;;1;998
2;5;20;28;28079;;3;2;No inventariada;;9;5;1;2;;3;4;2;;;9;998
2;5;11;28;28079;;3;2;No inventariada;;9;10;2;;;1;1;1;;;1;998
2;1;13;28;28079;;3;2;No inventariada;;9;2;2;;;1;1;1;;;1;998
2;5;21;28;28079;;3;2;No inventariada;;9;4;1;2;;1;3;2;;;1;998
2;6;14;28;28079;;3;2;No inventariada;;9;7;2;;;1;1;1;;;18;998
2;6;14;28;28079;;3;2;No inventariada;;9;1;2;;;1;1;1;;;18;998
2;6;15;28;28079;;3;2;No inventariada;;9;4;2;;;1;1;1;;;1;998
2;6;15;28;28079;;3;2;No inventariada;;9;4;2;;;1;1;1;;;1;998
2;6;16;28;28079;;3;2;No inventariada;;9;2;1;1;;1;1;2;;;1;998
2;6;18;28;28079;;3;2;No inventariada;;9;10;2;;;1;3;2;;;18;998
2;6;14;28;28079;;3;2;No inventariada;;9;2;1;2;;1;1;1;;;1;998
2;6;19;28;28079;;3;2;No inventariada;;9;10;1;4;;1;3;1;;;1;998
2;6;17;28;28079;;3;2;No inventariada;;9;4;1;1;;1;1;1;;;1;998
2;6;21;28;28079;;3;2;No inventariada;;9;2;1;1;;1;4;1;;;1;998
2;5;22;28;28079;;3;2;No inventariada;;9;4;2;;;1;4;1;;;1;998
2;6;22;28;28079;;3;2;No inventariada;;9;4;2;;;1;3;2;;;1;998
2;7;0;28;28079;;3;2;No inventariada;;9;2;1;1;;1;4;1;;;1;998
2;7;0;28;28079;;3;2;No inventariada;;9;2;1;1;;1;4;1;;;1;998
2;7;0;28;28079;;3;2;No inventariada;;9;2;1;1;;1;4;1;;;1;998
2;6;23;28;28079;;3;2;No inventariada;;9;2;1;1;;1;4;2;;;1;998
2;6;11;28;28079;;3;2;No inventariada;;9;4;2;;;1;1;1;;;1;998
2;6;12;28;28079;;3;2;No inventariada;;9;4;2;;;1;1;1;;;1;998