MES;DIA_SEMANA;HORA;COD_PROVINCIA;COD_MUNICIPIO;ISLA;ZONA;ZONA_AGRUPADA;CARRETERA;KM;TIPO_VIA;TIPO_ACCIDENTE;NUDO;NUDO_INFO;CARRETERA_CRUCE;CONDICION_FIRME;CONDICION_ILUMINACION;CONDICION_METEO;CONDICION_NIEBLA;CONDICION_VIENTO;VISIB_RESTRINGIDA_POR;TRAZADO_PLANTA
3;5;10;28;28079;;3;2;No inventariada;;9;4;2;;;3;1;3;;;1;998
3;5;8;28;28079;;3;2;No inventariada;;9;7;2;;;3;1;3;;;5;998
3;5;12;28;28079;;3;2;No inventariada;;9;4;1;2;;1;1;1;;;1;998
3;3;14;28;28079;;3;2;No inventariada;;9;10;1;1;;1;1;1;;;1;998
3;5;10;28;28079;;3;2;No inventariada;;9;2;1;1;;3;1;3;;;1;998
3;3;18;28;28079;;3;2;No inventariada;;9;12;1;1;;1;1;1;;;18;998
3;4;19;28;28079;;3;2;No inventariada;;9;19;1;2;;3;4;3;;;5;998
3;5;14;28;28079;;3;2;No inventariada;;9;2;2;;;1;1;1;;;1;998
3;2;16;28;28079;;3;2;No inventariada;;9;2;1;4;;1;1;1;;;1;998
3;5;15;28;28079;;3;2;No inventariada;;9;3;2;;;1;1;1;;;1;998
3;5;16;28;28079;;3;2;No inventariada;;9;10;2;;;3;1;2;;;1;998
2;4;17;28;28079;;3;2;No inventariada;;9;2;1;2;;1;1;1;;;1;998
3;5;15;28;28079;;3;2;No inventariada;;9;2;1;1;;1;1;2;;;1;998
3;5;16;28;28079;;3;2;No inventariada;;9;3;1;1;;1;1;1;;;1;998
3;5;15;28;28079;;3;2;No inventariada;;9;4;1;1;;1;1;2;1;;18;998
2;4;19;28;28079;;3;2;No inventariada;;9;4;2;;;1;4;1;;;1;998
3;5;17;28;28079;;3;2;No inventariada;;9;2;1;5;;1;1;2;;;18;998
3;5;20;28;28079;;1;1;A-42;6,806;3;4;2;;;1;4;1;;;1;1
3;5;14;28;28079;;3;2;No inventariada;;9;2;1;1;;1;1;1;;;1;998
3;5;19;28;28079;;3;2;No inventariada;;9;7;1;2;;1;4;1;;;1;998
3;5;18;28;28079;;3;2;No inventariada;;9;4;2;;;1;1;2;;;18;998
3;5;15;28;28079;;3;2;No inventariada;;9;4;2;;;1;1;1;;;1;998
3;5;19;28;28079;;3;2;No inventariada;;9;2;1;1;;1;2;2;;;1;998
3;5;19;28;28079;;3;2;No inventariada;;9;2;1;1;;3;4;3;;;1;998
3;5;22;28;28079;;3;2;No inventariada;;9;3;1;1;;3;3;3;;;1;998
3;5;22;28;28079;;3;2;No inventariada;;9;10;2;;;3;4;4;;1;18;998
3;5;21;28;28079;;3;2;No inventariada;;9;2;1;12;;1;4;1;;;1;998
3;6;0;28;28079;;3;2;No inventariada;;9;4;2;;;3;4;3;;1;5;998
3;6;0;28;28079;;3;2;No inventariada;;9;11;2;;;3;4;4;;;5;998
3;6;0;28;28079;;3;2;No inventariada;;9;7;2;;;3;4;3;;;5;998
3;5;23;28;28079;;3;2;No inventariada;;9;4;2;;;3;4;3;;;1;998
3;6;1;28;28079;;3;2;No inventariada;;9;2;1;2;;3;4;3;;;5;998
3;6;1;28;28079;;3;2;No inventariada;;9;2;2;;;3;4;4;;;1;998
3;6;3;28;28079;;3;2;No inventariada;;9;6;1;1;;3;4;3;;;1;998
3;5;10;28;28079;;3;2;No inventariada;;9;10;2;;;3;1;3;;;1;998
3;6;9;28;28079;;3;2;No inventariada;;9;10;1;1;;3;1;2;;;1;998
3;6;10;28;28079;;3;2;No inventariada;;9;2;1;1;;1;1;2;;;1;998
3;6;10;28;28079;;3;2;No inventariada;;9;12;1;4;;3;1;2;;;1;998
3;5;19;28;28079;;3;2;No inventariada;;9;2;1;2;;3;4;2;;;1;998
3;6;14;28;28079;;1;1;M-45;21,85;3;3;2;;;3;1;3;;;1;1
3;6;15;28;28079;;3;2;No inventariada;;9;2;1;1;;3;1;3;;;1;998
3;5;17;28;28079;;3;2;No inventariada;;9;4;1;4;;1;1;2;;;1;998
3;6;15;28;28079;;3;2;No inventariada;;9;10;2;;;1;1;1;;;1;998
3;5;21;28;28079;;3;2;No inventariada;;9;4;2;;;3;4;3;;;1;998
3;5;18;28;28079;;3;2;No inventariada;;9;7;2;;;1;1;2;;;1;998
3;5;20;28;28079;;3;2;No inventariada;;9;12;2;;;3;4;3;;;18;998
3;6;15;28;28079;;3;2;No inventariada;;9;7;2;;;3;1;1;;;1;998
3;6;15;28;28079;;1;1;A-3;15;3;5;2;;;3;1;5;;;5;2
3;6;18;28;28079;;3;2;No inventariada;;9;2;1;1;;1;1;1;;;1;998
3;6;20;28;28079;;3;2;No inventariada;;9;10;1;4;;1;4;1;;;1;998
3;6;20;28;28079;;3;2;No inventariada;;9;7;2;;;1;1;2;;;1;998
3;7;0;28;28079;;3;2;No inventariada;;9;2;1;1;;1;4;1;;;1;998
3;5;7;28;28079;;3;2;No inventariada;;9;4;2;;;1;1;1;;;1;998
3;7;2;28;28079;;3;2;No inventariada;;9;4;1;2;;3;4;3;;;1;998
3;7;2;28;28079;;3;2;No inventariada;;9;7;1;1;;3;4;3;;;18;998
3;7;0;28;28079;;3;2;No inventariada;;9;7;2;;;3;4;3;;;1;998
3;7;2;28;28079;;3;2;No inventariada;;9;3;1;4;;3;4;3;;;1;998
3;7;5;28;28079;;3;2;No inventariada;;9;7;2;;;3;4;3;;;5;998
3;6;14;28;28079;;3;2;No inventariada;;9;16;1;1;;3;1;1;;;18;998
3;7;6;28;28092;;1;1;A-5;16,613;3;12;2;;;3;4;1;;;5;1
3;6;13;28;28079;;3;2;No inventariada;;9;10;2;;;3;1;3;;;1;998
3;6;18;28;28079;;3;2;No inventariada;;9;7;1;1;;1;2;1;;;1;998
3;7;12;28;28079;;3;2;No inventariada;;9;3;2;;;1;1;1;;;1;998
3;7;12;28;28079;;3;2;No inventariada;;9;4;2;;;1;1;2;;;1;998
3;6;21;28;28079;;3;2;No inventariada;;9;10;2;;;1;3;2;;;1;998
3;7;14;28;28079;;3;2;No inventariada;;9;4;1;2;;3;1;1;;;1;998
3;7;14;28;28079;;3;2;No inventariada;;9;10;2;;;1;1;1;;;1;998
3;5;21;28;28079;;3;2;No inventariada;;9;2;1;1;;1;4;2;;;1;998
3;7;16;28;28079;;3;2;No inventariada;;9;19;1;2;;3;1;2;;;1;998
3;7;17;28;28079;;3;2;No inventariada;;9;10;2;;;1;1;1;;;1;998
3;7;18;28;28079;;3;2;No inventariada;;9;2;2;;;3;1;3;;;1;998
3;7;20;28;28079;;3;2;No inventariada;;9;7;2;;;3;4;2;;;1;998
3;7;22;28;28079;;3;2;No inventariada;;9;2;2;;;1;4;1;;;1;998
3;7;23;28;28079;;3;2;No inventariada;;9;12;1;1;;1;4;1;;;1;998
3;1;9;28;28079;;3;2;No inventariada;;9;7;2;;;1;1;1;;;1;998
3;7;12;28;28079;;3;2;No inventariada;;9;4;2;;;1;1;2;;;1;998
3;1;10;28;28079;;3;2;No inventariada;;9;7;2;;;1;1;1;;;9;998
3;1;10;28;28079;;3;2;No inventariada;;9;7;1;2;;1;1;1;;;1;998
3;6;17;28;28079;;3;2;No inventariada;;9;4;1;12;;3;1;5;;;1;998
3;1;15;28;28079;;3;2;No inventariada;;9;4;2;;;1;1;1;;;1;998
3;1;14;28;28079;;3;2;No inventariada;;9;4;1;1;;1;1;1;;;1;998
3;1;15;28;28079;;3;2;No inventariada;;9;4;1;4;;1;1;1;;;1;998
3;6;19;28;28079;;3;2;No inventariada;;9;2;1;1;;3;4;3;;;18;998
3;5;18;28;28079;;3;2;No inventariada;;9;4;2;;;1;1;1;;;1;998
3;1;16;28;28079;;3;2;No inventariada;;9;2;1;1;;1;1;1;;;1;998
3;5;22;28;28079;;3;2;No inventariada;;9;10;2;;;3;4;4;;;17;998
3;6;14;28;28079;;3;2;No inventariada;;9;4;2;;;3;1;4;;;1;998
3;7;20;28;28079;;3;2;No inventariada;;9;10;1;1;;9;4;1;;;18;998
3;1;14;28;28079;;3;2;No inventariada;;9;4;1;1;;1;1;1;;;1;998
3;1;15;28;28079;;3;2;No inventariada;;9;4;2;;;9;1;7;;;18;998
3;1;18;28;28079;;3;2;No inventariada;;9;12;2;;;1;1;1;;;1;998
3;1;19;28;28079;;3;2;No inventariada;;9;2;2;;;1;2;1;;;1;998
3;1;19;28;28079;;3;2;No inventariada;;9;16;1;1;;1;4;1;;;1;998
3;1;18;28;28079;;3;2;No inventariada;;9;2;2;;;1;1;1;;;18;998
3;2;5;28;28079;;1;1;A-4;8,957;3;12;2;;;1;4;1;;;1;1
3;1;12;28;28079;;3;2;No inventariada;;9;2;1;1;;1;1;1;;;1;998
3;2;9;28;28079;;1;1;A-3;11,4;3;3;2;;;1;1;1;;;1;1
3;2;8;28;28079;;3;2;No inventariada;;9;16;1;2;;1;1;1;;;18;998
3;1;8;28;28079;;3;2;No inventariada;;9;5;2;;;1;1;1;;;1;998
3;1;13;28;28079;;3;2;No inventariada;;9;3;1;5;;1;1;1;;;1;998
3;2;9;28;28079;;3;2;No inventariada;;9;4;2;;;1;1;1;;;17;998
3;2;9;28;28079;;3;2;No inventariada;;9;12;1;4;;1;1;1;;;1;998
3;7;11;28;28079;;3;2;No inventariada;;9;4;1;2;;1;4;1;;;1;998
3;2;10;28;28079;;3;2;No inventariada;;9;4;2;;;1;4;1;;;1;998
3;2;8;28;28079;;3;2;No inventariada;;9;7;2;;;1;1;1;;;9;998
3;2;12;28;28079;;3;2;No inventariada;;9;2;1;4;;1;1;1;;;18;998
3;1;9;28;28079;;3;2;No inventariada;;9;4;1;2;;1;1;1;;;1;998
3;5;17;28;28079;;3;2;No inventariada;;9;4;2;;;1;1;2;;;1;998
3;4;15;28;28079;;3;2;No inventariada;;9;2;1;1;;3;1;4;;;1;998
3;2;15;28;28079;;3;2;No inventariada;;9;2;1;4;;1;1;1;;;18;998
3;2;15;28;28079;;3;2;No inventariada;;9;4;2;;;1;1;1;;;1;998
3;2;14;28;28079;;3;2;No inventariada;;9;3;1;5;;1;1;1;;;1;998
3;1;15;28;28079;;3;2;No inventariada;;9;2;2;;;1;1;1;;;1;998
3;1;13;28;28079;;3;2;No inventariada;;9;7;1;1;;1;1;1;;;1;998
3;2;13;28;28079;;3;2;No inventariada;;9;2;2;;;7;1;1;;;1;998
3;2;16;28;28079;;3;2;No inventariada;;9;2;2;;;1;1;1;;;1;998
3;2;16;28;28079;;3;2;No inventariada;;9;16;2;;;1;1;1;;;18;998
3;2;17;28;28079;;3;2;No inventariada;;9;4;1;1;;1;1;1;;;1;998
3;2;18;28;28079;;3;2;No inventariada;;9;4;2;;;1;1;1;;;1;998
3;2;18;28;28079;;3;2;No inventariada;;9;1;1;1;;1;2;1;;;1;998
3;1;6;28;28079;;3;2;No inventariada;;9;3;1;2;;1;4;1;;;1;998
3;2;22;28;28079;;3;2;No inventariada;;9;7;2;;;1;4;1;;;3;998
3;3;4;28;28079;;3;2;No inventariada;;9;4;2;;;1;4;1;;;1;998
3;2;13;28;28079;;3;2;No inventariada;;9;5;1;5;;1;1;1;;;1;998
3;3;7;28;28079;;2;2;M-50;30,323;2;4;2;;;1;1;1;;;1;1
3;6;12;28;28079;;3;2;No inventariada;;9;2;1;1;;3;6;2;;;1;998
3;3;8;28;28079;;1;1;M-40;51,8;3;4;2;;;1;4;1;;;1;1
3;3;8;28;28079;;3;2;No inventariada;;9;6;2;;;1;1;1;;;1;998
3;4;8;28;28079;;3;2;No inventariada;;9;4;2;;;1;1;1;;;1;998
3;3;8;28;28079;;3;2;No inventariada;;9;2;1;2;;1;1;1;;;9;998
3;3;9;28;28079;;3;2;No inventariada;;9;16;1;2;;1;3;1;;;18;998
3;3;10;28;28079;;1;1;A-1;11,635;3;5;2;;;1;1;1;;;1;1
3;3;10;28;28079;;3;2;No inventariada;;9;4;1;4;;2;1;1;;;1;998
3;3;8;28;28079;;3;2;No inventariada;;9;2;2;;;1;1;1;;;6;998
3;3;11;28;28079;;3;2;No inventariada;;9;2;2;;;1;1;1;;;1;998
3;3;11;28;28079;;3;2;No inventariada;;9;7;2;;;1;1;1;;;18;998
3;3;12;28;28079;;3;2;No inventariada;;9;2;1;5;;1;1;1;;;9;998
3;3;14;28;28079;;3;2;No inventariada;;9;5;1;1;;1;4;1;;;1;998
3;6;21;28;28079;;3;2;No inventariada;;9;7;1;1;;3;4;2;;;18;998
3;3;13;28;28079;;3;2;No inventariada;;9;2;1;1;;1;1;1;;;1;998
3;1;21;28;28079;;3;2;No inventariada;;9;2;1;1;;1;4;1;;;18;998
3;3;15;28;28079;;3;2;No inventariada;;9;2;1;2;;1;1;1;;;1;998
3;3;18;28;28079;;3;2;No inventariada;;9;20;1;1;;1;1;1;;;1;998
3;3;18;28;28079;;3;2;No inventariada;;9;3;2;;;1;2;1;;;1;998
3;3;17;28;28079;;3;2;No inventariada;;9;19;2;;;1;1;1;;;1;998
3;3;20;28;28079;;3;2;No inventariada;;9;3;1;2;;1;4;1;;;1;998
3;3;21;28;28079;;3;2;No inventariada;;9;19;1;1;;1;4;1;;;1;998
3;3;20;28;28079;;3;2;No inventariada;;9;3;2;;;1;4;1;;;1;998
3;3;20;28;28079;;3;2;No inventariada;;9;3;2;;;1;4;1;;;5;998
3;3;21;28;28079;;3;2;No inventariada;;9;7;1;2;;1;4;1;;;18;998
3;3;5;28;28079;;3;2;No inventariada;;9;12;2;;;1;4;1;;;1;998
3;3;23;28;28079;;3;2;No inventariada;;9;1;1;1;;1;4;1;;;16;998
3;3;23;28;28079;;3;2;No inventariada;;9;2;1;1;;1;4;1;;;1;998
3;3;13;28;28079;;3;2;No inventariada;;9;7;2;;;1;1;1;;;1;998
3;4;10;28;28079;;1;1;M-40;28;3;3;1;4;M-421;1;1;1;;;1;2
3;3;13;28;28079;;3;2;No inventariada;;9;10;2;;;1;1;1;;;18;998
3;4;9;28;28079;;3;2;No inventariada;;9;4;1;1;;1;1;1;;;1;998
3;4;9;28;28079;;3;2;No inventariada;;9;14;2;;;1;1;1;;;1;998
3;3;12;28;28079;;3;2;No inventariada;;9;2;1;1;;1;1;1;;;1;998
3;4;11;28;28079;;3;2;No inventariada;;9;2;1;2;;1;1;1;;;1;998
3;4;13;28;28079;;3;2;No inventariada;;9;10;1;1;;1;1;2;;;1;998
3;3;19;28;28079;;3;2;No inventariada;;9;4;2;;;1;3;1;;;1;998
3;4;14;28;28079;;3;2;No inventariada;;9;4;2;;;1;1;1;;;1;998
3;3;18;28;28079;;3;2;No inventariada;;9;4;2;;;1;1;1;;;18;998
3;4;17;28;28079;;3;2;No inventariada;;9;2;2;;;1;1;1;;;1;998
3;4;20;28;28079;;3;2;No inventariada;;9;7;1;1;;1;3;1;;;1;998
3;4;19;28;28079;;3;2;No inventariada;;9;12;1;1;;8;3;1;;;18;998
3;4;21;28;28079;;3;2;No inventariada;;9;2;2;;;1;4;1;;;18;998
3;4;22;28;28079;;3;2;No inventariada;;9;12;1;4;;1;4;1;;;18;998
3;4;10;28;28079;;3;2;No inventariada;;9;4;2;;;1;1;1;;;1;998
3;5;7;28;28079;;3;2;No inventariada;;9;2;2;;;1;1;2;;;1;998
3;5;8;28;28079;;3;2;No inventariada;;9;7;1;1;;1;1;1;;;1;998
3;5;9;28;28079;;3;2;No inventariada;;9;3;1;4;;1;1;1;;;1;998
3;5;9;28;28079;;3;2;No inventariada;;9;4;1;4;;1;1;1;;;1;998
3;6;9;28;28079;;3;2;No inventariada;;9;2;1;1;;3;1;2;;;1;998
3;5;10;28;28079;;3;2;No inventariada;;9;7;2;;;1;1;1;;;1;998
3;5;8;28;28079;;3;2;No inventariada;;9;12;2;;;1;1;1;;;1;998
3;4;22;28;28079;;3;2;No inventariada;;9;4;1;4;;1;4;1;;;1;998
3;3;18;28;28079;;3;2;No inventariada;;9;10;2;;;1;1;1;;;1;998
3;5;14;28;28079;;3;2;No inventariada;;9;4;2;;;1;1;1;;;1;998
3;4;14;28;28079;;3;2;No inventariada;;9;12;1;5;;1;1;1;;;1;998
3;1;20;28;28079;;3;2;No inventariada;;9;2;1;2;;1;4;1;;;1;998
3;5;18;28;28079;;3;2;No inventariada;;9;4;2;;;1;1;1;;;1;998
3;5;19;28;28079;;3;2;No inventariada;;9;3;1;4;;1;4;1;;;1;998
3;5;20;28;28079;;3;2;No inventariada;;9;3;2;;;1;4;1;;;1;998
3;5;20;28;28079;;3;2;No inventariada;;9;2;1;1;;6;4;1;;;1;998
3;5;7;28;28079;;3;2;No inventariada;;9;7;1;1;;3;3;4;;;5;998
3;5;21;28;28079;;3;2;No inventariada;;9;3;2;;;1;4;1;;;1;998
3;5;22;28;28079;;3;2;No inventariada;;9;2;2;;;1;4;2;;;1;998
3;3;22;28;28079;;3;2;No inventariada;;9;12;1;1;;1;4;1;;;1;998
3;6;1;28;28079;;3;2;No inventariada;;9;4;2;;;1;4;1;;;1;998
3;6;4;28;28079;;3;2;No inventariada;;9;5;2;;;1;4;1;;;1;998
3;5;14;28;28079;;3;2;No inventariada;;9;4;2;;;1;1;1;;;1;998
3;1;12;28;28079;;3;2;No inventariada;;9;7;2;;;1;1;1;;;1;998
3;6;7;28;28079;;3;2;No inventariada;;9;6;1;1;;1;3;1;;;1;998
3;5;19;28;28079;;1;1;M-40;29,8;3;3;2;;;1;1;1;;;1;1
3;6;11;28;28079;;3;2;No inventariada;;9;2;1;5;;1;1;1;;;1;998
3;5;21;28;28079;;3;2;No inventariada;;9;4;2;;;1;4;1;;;1;998
3;6;17;28;28079;;3;2;No inventariada;;9;1;2;;;1;1;1;;;1;998
3;6;17;28;28079;;3;2;No inventariada;;9;4;2;;;1;1;1;;;1;998
3;6;18;28;28079;;3;2;No inventariada;;9;10;1;1;;1;1;1;;;1;998
3;6;18;28;28079;;3;2;No inventariada;;9;3;1;2;;1;1;1;;;1;998
3;6;12;28;28079;;3;2;No inventariada;;9;2;1;1;;1;1;1;;;1;998
3;6;18;28;28079;;3;2;No inventariada;;9;2;1;1;;1;1;1;;;1;998
3;6;21;28;28079;;3;2;No inventariada;;9;15;2;;;1;4;1;;;1;998
3;6;22;28;28079;;3;2;No inventariada;;9;4;1;5;;1;5;1;;;1;998
3;4;21;28;28079;;3;2;No inventariada;;9;16;1;1;;3;4;3;;;2;998
3;7;0;28;28079;;3;2;No inventariada;;9;1;1;2;;1;4;1;;;1;998
3;7;1;28;28079;;3;2;No inventariada;;9;10;2;;;1;4;1;;;1;998
3;5;6;28;28079;;3;2;No inventariada;;9;2;1;1;;3;4;3;;;18;998
3;5;23;28;28079;;3;2;No inventariada;;9;2;1;1;;1;4;1;;;1;998
3;2;10;28;28079;;3;2;No inventariada;;9;4;1;4;;1;1;1;;;1;998
3;6;9;28;28079;;3;2;No inventariada;;9;16;1;1;;3;1;1;;;17;998
3;6;12;28;28079;;3;2;No inventariada;;9;2;1;1;;1;1;1;;;1;998
3;6;11;28;28079;;3;2;No inventariada;;9;10;2;;;1;1;1;;;1;998
3;7;10;28;28079;;3;2;No inventariada;;9;2;1;1;;1;1;1;;;2;998
3;7;11;28;28079;;3;2;No inventariada;;9;2;2;;;1;1;1;;;1;998
3;7;11;28;28079;;3;2;No inventariada;;9;2;1;1;;1;1;1;;;1;998
3;6;19;28;28079;;3;2;No inventariada;;9;10;1;2;;1;1;1;;;1;998
3;6;20;28;28079;;3;2;No inventariada;;9;2;1;1;;1;4;1;;;1;998
3;7;14;28;28079;;3;2;No inventariada;;9;2;1;1;;1;1;1;;;1;998
3;7;16;28;28079;;3;2;No inventariada;;9;3;2;;;1;1;1;;;1;998
3;7;17;28;28079;;3;2;No inventariada;;9;2;1;2;;1;1;1;;;1;998
3;7;15;28;28079;;3;2;No inventariada;;9;4;2;;;1;1;1;;;1;998
3;7;3;28;28079;;3;2;No inventariada;;9;10;2;;;1;4;1;;;1;998
3;7;20;28;28079;;1;1;M-14;0,3;2;5;2;;;1;3;1;;;1;1
3;6;1;28;28079;;3;2;No inventariada;;9;4;1;5;;1;1;1;;;1;998
2;3;14;28;28079;;3;2;No inventariada;;9;10;2;;;1;1;1;;;1;998
3;7;13;28;28079;;3;2;No inventariada;;9;1;1;1;;1;1;1;;;18;998
3;7;13;28;28079;;3;2;No inventariada;;9;10;1;1;;1;1;1;;;18;998
3;1;9;28;28079;;3;2;No inventariada;;9;10;1;5;;1;1;1;;;1;998
3;1;8;28;28079;;3;2;No inventariada;;9;4;2;;;1;1;1;;;1;998
3;1;8;28;28079;;3;2;No inventariada;;9;2;1;2;;1;1;1;;;18;998
3;6;13;28;28079;;3;2;No inventariada;;9;4;2;;;1;1;1;;;1;998
3;1;11;28;28079;;3;2;No inventariada;;9;2;2;;;1;1;1;;;18;998
3;1;12;28;28079;;3;2;No inventariada;;9;3;2;;;1;1;1;;;1;998
3;1;9;28;28079;;3;2;No inventariada;;9;2;2;;;1;1;1;;;1;998
3;1;14;28;28079;;1;1;M-40;16,282;3;4;2;;;1;1;1;;;1;4
3;7;9;28;28079;;3;2;No inventariada;;9;2;1;2;;1;4;1;;;1;998
3;1;14;28;28079;;3;2;No inventariada;;9;10;1;4;;1;1;1;;;18;998
3;1;10;28;28079;;3;2;No inventariada;;9;12;1;2;;1;1;1;;;1;998
3;1;16;28;28079;;1;1;M-40;27;8;4;1;4;M-40;1;1;1;;;18;4
3;1;16;28;28079;;3;2;No inventariada;;9;10;1;2;;1;1;1;;;1;998
3;7;21;28;28079;;3;2;No inventariada;;9;4;1;1;;1;4;1;;;1;998
3;7;19;28;28079;;3;2;No inventariada;;9;7;2;;;1;4;1;;;1;998
3;1;18;28;28079;;3;2;No inventariada;;9;10;2;;;1;1;1;;;18;998
3;1;15;28;28079;;3;2;No inventariada;;9;4;1;4;;1;1;1;;;1;998
2;4;19;28;28079;;3;2;No inventariada;;9;3;2;;;1;4;1;;;1;998
3;1;17;28;28079;;3;2;No inventariada;;9;10;2;;;1;1;1;;;1;998
3;1;17;28;28079;;3;2;No inventariada;;9;3;1;1;;7;1;1;;;1;998
3;7;22;28;28079;;3;2;No inventariada;;9;7;1;1;;1;4;1;;;1;998
3;1;18;28;28079;;3;2;No inventariada;;9;2;2;;;1;1;1;;;1;998
3;1;19;28;28079;;3;2;No inventariada;;9;7;1;2;;1;4;1;;;1;998
3;1;18;28;28079;;3;2;No inventariada;;9;5;1;2;;1;1;1;;;1;998
3;1;23;28;28065;;1;1;A-4;15,131;3;4;2;;;1;4;1;;;1;1
3;1;23;28;28079;;3;2;No inventariada;;9;10;2;;;1;4;1;;;1;998
3;1;13;28;28079;;3;2;No inventariada;;9;10;2;;;2;1;1;;;1;998
3;6;11;28;28079;;3;2;No inventariada;;9;12;2;;;1;1;1;;;1;998
3;2;8;28;28079;;3;2;No inventariada;;9;4;2;;;1;1;1;;;1;998
3;2;8;28;28079;;3;2;No inventariada;;9;3;1;1;;1;1;1;;;1;998
3;1;13;28;28079;;3;2;No inventariada;;9;3;2;;;1;1;1;;;1;998
3;2;7;28;28079;;3;2;No inventariada;;9;4;2;;;1;2;1;;;1;998
3;2;11;28;28079;;1;1;M-40;56,8;3;4;2;;;1;1;1;;;1;1
3;2;10;28;28079;;3;2;No inventariada;;9;6;2;;;1;1;1;;;1;998
3;2;10;28;28079;;3;2;No inventariada;;9;10;2;;;1;1;1;;;1;998
3;2;10;28;28079;;3;2;No inventariada;;9;10;1;4;;1;1;1;;;1;998
3;2;13;28;28079;;3;2;No inventariada;;9;4;1;2;;1;1;1;;;1;998
3;2;14;28;28079;;3;2;No inventariada;;9;4;1;2;;1;1;1;;;18;998
3;2;14;28;28079;;3;2;No inventariada;;9;4;2;;;1;1;1;;;1;998
3;2;15;28;28079;;3;2;No inventariada;;9;4;2;;;1;1;1;;;1;998
3;1;15;28;28079;;3;2;No inventariada;;9;4;2;;;1;1;1;;;1;998
3;2;19;28;28079;;3;2;No inventariada;;9;4;1;4;;1;1;1;;;1;998
3;1;21;28;28079;;3;2;No inventariada;;9;2;1;1;;1;4;1;;;9;998
3;2;17;28;28079;;3;2;No inventariada;;9;4;2;;;1;1;1;;;1;998
3;2;19;28;28079;;3;2;No inventariada;;9;10;1;1;;1;3;1;;;1;998
3;2;20;28;28079;;3;2;No inventariada;;9;10;2;;;1;4;1;;;1;998
3;1;6;28;28079;;3;2;No inventariada;;9;2;1;1;;1;3;1;;;1;998
3;2;20;28;28079;;3;2;No inventariada;;9;3;1;2;;1;4;1;;;18;998
3;2;23;28;28079;;3;2;No inventariada;;9;10;1;4;;1;4;1;;;1;998
3;3;3;28;28079;;3;2;No inventariada;;9;6;2;;;1;3;1;;;1;998
3;2;9;28;28079;;3;2;No inventariada;;9;4;1;1;;1;1;1;;;1;998
3;2;14;28;28079;;3;2;No inventariada;;9;4;1;1;;1;1;1;;;1;998
3;2;10;28;28079;;3;2;No inventariada;;9;2;1;2;;1;1;1;;;18;998
3;3;9;28;28079;;1;1;M-607;14,66;3;4;2;;;1;1;1;;;1;1
3;3;8;28;28079;;3;2;No inventariada;;9;2;1;1;;1;1;1;;;1;998
3;3;9;28;28079;;3;2;No inventariada;;9;10;2;;;3;1;1;;;1;998
3;3;9;28;28079;;3;2;No inventariada;;9;2;1;5;;1;1;1;;;1;998
3;3;9;28;28079;;3;2;No inventariada;;9;2;2;;;1;1;1;;;1;998
3;2;8;28;28079;;3;2;No inventariada;;9;3;1;1;;1;1;1;;;1;998
3;3;10;28;28079;;3;2;No inventariada;;9;2;1;1;;1;1;1;;;1;998
3;3;8;28;28079;;3;2;No inventariada;;9;2;1;2;;1;1;1;;;18;998
3;2;14;28;28079;;3;2;No inventariada;;9;12;1;4;;1;1;1;;;1;998
3;2;20;28;28079;;3;2;No inventariada;;9;12;2;;;1;4;7;;;1;998
3;3;14;28;28079;;3;2;No inventariada;;9;10;1;4;;1;1;1;;;1;998
3;3;14;28;28079;;3;2;No inventariada;;9;2;1;5;;1;1;1;;;1;998
3;4;15;28;28079;;3;2;No inventariada;;9;4;1;1;;1;1;2;;;1;998
3;4;19;28;28079;;3;2;No inventariada;;9;4;1;1;;1;3;1;;;1;998
3;3;14;28;28079;;3;2;No inventariada;;9;7;2;;;1;1;1;;;9;998
3;3;15;28;28079;;3;2;No inventariada;;9;5;2;;;1;1;1;;;1;998