MES;DIA_SEMANA;HORA;COD_PROVINCIA;COD_MUNICIPIO;ISLA;ZONA;ZONA_AGRUPADA;CARRETERA;KM;TIPO_VIA;TIPO_ACCIDENTE;NUDO;NUDO_INFO;CARRETERA_CRUCE;CONDICION_FIRME;CONDICION_ILUMINACION;CONDICION_METEO;CONDICION_NIEBLA;CONDICION_VIENTO;VISIB_RESTRINGIDA_POR;TRAZADO_PLANTA
3;3;17;28;28079;;3;2;No inventariada;;9;2;2;;;1;1;1;;;1;998
3;3;16;28;28079;;3;2;No inventariada;;9;4;1;5;;1;1;1;;;1;998
3;3;17;28;28079;;3;2;No inventariada;;9;2;1;1;;1;1;1;;;1;998
3;3;18;28;28079;;3;2;No inventariada;;9;12;1;1;;1;1;1;;;1;998
3;3;20;28;28079;;3;2;No inventariada;;9;4;1;1;;1;4;1;;;18;998
3;3;18;28;28079;;3;2;No inventariada;;9;7;2;;;1;1;1;;;1;998
3;3;19;28;28079;;3;2;No inventariada;;9;2;2;;;1;4;1;;;18;998
3;3;19;28;28079;;3;2;No inventariada;;9;2;2;;;1;1;1;;;1;998
3;3;19;28;28079;;3;2;No inventariada;;9;7;2;;;1;3;1;;;1;998
3;3;20;28;28079;;3;2;No inventariada;;9;12;1;2;;1;3;1;;;1;998
3;3;20;28;28079;;3;2;No inventariada;;9;4;1;1;;1;4;1;;;1;998
3;2;13;28;28079;;3;2;No inventariada;;9;2;1;1;;1;1;1;;;1;998
3;4;7;28;28079;;3;2;No inventariada;;9;1;2;;;3;3;1;;;1;998
3;4;9;28;28079;;3;2;No inventariada;;9;2;2;;;1;1;2;;;1;998
3;3;11;28;28079;;3;2;No inventariada;;9;7;2;;;1;1;1;;;1;998
3;2;13;28;28079;;3;2;No inventariada;;9;5;2;;;1;1;1;;;1;998
3;4;8;28;28079;;3;2;No inventariada;;9;10;1;4;;3;1;3;;;18;998
3;3;14;28;28079;;3;2;No inventariada;;9;4;1;2;;1;1;1;;;1;998
3;3;13;28;28079;;3;2;No inventariada;;9;7;2;;;1;1;1;;;1;998
3;4;9;28;28079;;3;2;No inventariada;;9;2;1;1;;1;1;1;;;1;998
3;4;9;28;28079;;3;2;No inventariada;;9;3;1;2;;3;1;3;;;1;998
3;3;9;28;28079;;3;2;No inventariada;;9;2;1;1;;1;1;1;;;18;998
3;1;12;28;28079;;3;2;No inventariada;;9;3;1;10;;1;1;1;;;1;998
3;4;9;28;28079;;3;2;No inventariada;;9;10;2;;;3;1;2;;;1;998
3;3;12;28;28079;;3;2;No inventariada;;9;16;2;;;1;1;1;;;1;998
3;3;15;28;28079;;3;2;No inventariada;;9;7;1;1;;1;1;1;;;1;998
3;4;15;28;28079;;3;2;No inventariada;;9;2;2;;;1;1;1;;;1;998
3;4;14;28;28079;;3;2;No inventariada;;9;2;1;1;;1;1;1;;;1;998
3;6;14;28;28079;;3;2;No inventariada;;9;10;1;1;;9;1;7;;;18;998
3;4;14;28;28079;;3;2;No inventariada;;9;4;1;1;;1;1;1;;;1;998
3;4;16;28;28079;;3;2;No inventariada;;9;4;1;2;;1;1;1;;;1;998
3;4;14;28;28079;;3;2;No inventariada;;9;16;1;2;;1;1;1;;;1;998
3;4;19;28;28079;;1;1;M-45;14,9;3;3;1;10;M-45;1;3;1;;;1;1
3;4;17;28;28079;;3;2;No inventariada;;9;5;2;;;1;1;1;;;1;998
3;4;19;28;28079;;3;2;No inventariada;;9;10;1;2;;3;4;1;;;1;998
3;4;18;28;28079;;3;2;No inventariada;;9;2;1;2;;1;1;1;;;1;998
3;4;19;28;28079;;3;2;No inventariada;;9;10;1;1;;1;3;1;;;18;998
3;4;18;28;28079;;3;2;No inventariada;;9;3;2;;;1;1;7;;;18;998
3;4;19;28;28079;;3;2;No inventariada;;9;15;2;;;1;4;1;;;1;998
3;4;19;28;28079;;3;2;No inventariada;;9;7;2;;;1;3;7;;;18;998
3;2;16;28;28079;;3;2;No inventariada;;9;12;1;12;;1;4;1;;;1;998
3;4;22;28;28079;;3;2;No inventariada;;9;4;1;10;;1;3;1;;;18;998
3;4;12;28;28079;;3;2;No inventariada;;9;4;2;;;1;1;1;;;18;998
3;4;13;28;28079;;3;2;No inventariada;;9;10;2;;;1;1;1;;;1;998
3;5;7;28;28079;;3;2;No inventariada;;9;2;2;;;1;1;1;;;1;998
3;4;14;28;28079;;3;2;No inventariada;;9;7;1;2;;1;1;1;;;9;998
3;5;8;28;28079;;3;2;No inventariada;;9;7;2;;;1;1;1;;;1;998
3;4;13;28;28079;;3;2;No inventariada;;9;3;2;;;1;1;1;;;1;998
3;5;11;28;28079;;3;2;No inventariada;;9;7;2;;;1;1;1;;;9;998
3;5;13;28;28079;;1;1;M-40;27;3;4;1;4;M-425;1;1;1;;;18;1
3;5;11;28;28079;;3;2;No inventariada;;9;10;2;;;1;1;1;;;1;998
3;5;10;28;28079;;3;2;No inventariada;;9;10;2;;;1;1;1;;;1;998
3;5;13;28;28079;;3;2;No inventariada;;9;2;1;1;;1;1;1;;;18;998
3;5;14;28;28079;;3;2;No inventariada;;9;12;1;1;;1;1;1;;;1;998
3;5;16;28;28079;;3;2;No inventariada;;9;10;1;4;;1;1;1;;;1;998
3;5;15;28;28079;;3;2;No inventariada;;9;4;2;;;1;1;1;;;1;998
3;5;16;28;28079;;3;2;No inventariada;;9;3;2;;;1;1;1;;;1;998
3;4;20;28;28079;;3;2;No inventariada;;9;3;1;2;;1;4;1;;;1;998
3;5;18;28;28079;;3;2;No inventariada;;9;2;1;2;;1;1;1;;;1;998
3;5;18;28;28079;;3;2;No inventariada;;9;4;2;;;1;1;1;;;1;998
3;4;20;28;28079;;3;2;No inventariada;;9;5;2;;;1;4;1;;;1;998
3;5;18;28;28079;;3;2;No inventariada;;9;7;1;2;;1;1;1;;;1;998
3;3;18;28;28079;;3;2;No inventariada;;9;2;1;2;;1;1;1;;;1;998
3;5;18;28;28079;;3;2;No inventariada;;9;15;1;2;;1;1;2;;;1;998
3;5;22;28;28079;;3;2;No inventariada;;9;4;1;1;;1;4;1;;;1;998
3;6;1;28;28079;;3;2;No inventariada;;9;2;1;1;;1;5;1;;;1;998
3;6;7;28;28079;;3;2;No inventariada;;9;7;1;1;;1;2;1;;;1;998
3;6;10;28;28079;;3;2;No inventariada;;9;4;1;4;;1;1;2;1;;1;998
3;5;13;28;28079;;3;2;No inventariada;;9;12;1;4;;1;1;1;;;1;998
3;6;10;28;28079;;3;2;No inventariada;;9;7;1;2;;1;1;1;;;1;998
3;6;11;28;28079;;3;2;No inventariada;;9;12;1;4;;1;1;1;;;1;998
3;5;14;28;28079;;3;2;No inventariada;;9;4;2;;;1;1;1;;;1;998
3;5;21;28;28079;;3;2;No inventariada;;9;10;1;2;;1;1;1;;;1;998
3;5;20;28;28079;;3;2;No inventariada;;9;6;2;;;1;4;1;;;1;998
3;6;17;28;28079;;3;2;No inventariada;;9;10;2;;;2;1;1;;;18;998
3;6;17;28;28079;;3;2;No inventariada;;9;2;1;1;;1;1;1;;;1;998
3;6;18;28;28079;;3;2;No inventariada;;9;12;1;2;;1;1;1;;;1;998
3;5;21;28;28079;;3;2;No inventariada;;9;2;2;;;1;4;1;;;1;998
3;6;20;28;28079;;3;2;No inventariada;;9;10;2;;;1;4;1;;;1;998
3;6;18;28;28079;;3;2;No inventariada;;9;10;2;;;1;1;1;;;1;998
3;6;21;28;28079;;3;2;No inventariada;;9;10;2;;;1;4;1;;;1;998
3;6;22;28;28079;;3;2;No inventariada;;9;3;1;1;;1;4;1;;;1;998
3;6;22;28;28079;;3;2;No inventariada;;9;4;2;;;1;4;1;;;1;998
3;6;6;28;28079;;3;2;No inventariada;;9;3;1;4;;1;4;1;;;1;998
3;5;23;28;28079;;3;2;No inventariada;;9;19;2;;;1;4;1;;;1;998
3;6;20;28;28079;;3;2;No inventariada;;9;2;1;1;;1;4;1;;;1;998
3;6;4;28;28079;;3;2;No inventariada;;9;12;1;4;;1;4;1;;;1;998
3;6;6;28;28079;;3;2;No inventariada;;9;1;2;;;1;3;1;;;1;998
3;6;22;28;28079;;3;2;No inventariada;;9;7;2;;;1;4;1;;;1;998
3;5;9;28;28079;;3;2;No inventariada;;9;2;2;;;1;1;1;;;1;998
3;7;9;28;28079;;1;1;M-40;7,995;3;10;2;;;1;1;1;;;1;1
3;7;8;28;28079;;3;2;No inventariada;;9;4;2;;;1;1;1;;;1;998
3;7;11;28;28079;;3;2;No inventariada;;9;2;2;;;1;1;1;;;1;998
3;5;21;28;28079;;3;2;No inventariada;;9;2;2;;;1;4;1;;;1;998
3;6;21;28;28079;;3;2;No inventariada;;9;10;2;;;1;4;1;;;1;998
3;6;17;28;28079;;3;2;No inventariada;;9;2;1;2;;1;1;1;;;9;998
3;7;18;28;28079;;3;2;No inventariada;;9;10;2;;;1;1;1;;;1;998
3;1;18;28;28079;;3;2;No inventariada;;9;10;2;;;1;1;1;;;1;998
3;5;21;28;28079;;3;2;No inventariada;;9;7;2;;;1;4;1;;;1;998
3;7;22;28;28079;;3;2;No inventariada;;9;10;1;1;;1;4;1;;;1;998
3;7;21;28;28079;;3;2;No inventariada;;9;6;1;2;;1;4;1;;;1;998
3;7;22;28;28079;;3;2;No inventariada;;9;2;2;;;1;4;1;;;1;998
3;6;5;28;28079;;1;1;A-42;7,6;3;16;2;;;1;4;1;;;1;1
3;7;6;28;28079;;3;2;No inventariada;;9;10;1;2;;1;4;1;;;1;998
3;1;3;28;28079;;3;2;No inventariada;;9;11;1;4;;1;4;2;;;1;998
3;1;5;28;28079;;3;2;No inventariada;;9;16;2;;;3;4;3;;;5;998
3;4;13;28;28079;;3;2;No inventariada;;9;4;1;4;;1;1;1;;;1;998
3;5;13;28;28079;;3;2;No inventariada;;9;4;2;;;1;1;1;;;1;998
3;1;9;28;28079;;3;2;No inventariada;;9;10;1;1;;3;1;3;;;1;998
3;1;8;28;28079;;3;2;No inventariada;;9;2;2;;;3;1;3;;;1;998
3;1;10;28;28079;;3;2;No inventariada;;9;2;1;2;;3;1;2;;;1;998
3;7;11;28;28079;;3;2;No inventariada;;9;7;2;;;1;1;1;;;18;998
3;1;11;28;28079;;3;2;No inventariada;;9;3;2;;;3;1;2;;;1;998
3;7;18;28;28079;;3;2;No inventariada;;9;1;1;1;;1;1;1;;;1;998
3;7;21;28;28079;;3;2;No inventariada;;9;10;1;4;;1;4;1;;;18;998
3;1;17;28;28079;;3;2;No inventariada;;9;7;2;;;1;1;2;;;2;998
3;7;17;28;28079;;3;2;No inventariada;;9;7;1;2;;1;1;1;;;1;998
3;5;14;28;28079;;3;2;No inventariada;;9;10;1;1;;9;1;7;;;18;998
3;1;17;28;28079;;3;2;No inventariada;;9;4;2;;;1;1;1;;;1;998
3;6;21;28;28079;;3;2;No inventariada;;9;12;1;1;;1;4;2;;;1;998
3;1;18;28;28079;;3;2;No inventariada;;9;11;1;4;;1;2;2;;;1;998
3;1;18;28;28079;;3;2;No inventariada;;9;2;1;2;;1;1;2;;;1;998
3;5;20;28;28079;;3;2;No inventariada;;9;7;2;;;1;4;1;;;18;998
3;6;23;28;28079;;3;2;No inventariada;;9;2;1;2;;1;4;1;;;1;998
3;1;22;28;28079;;3;2;No inventariada;;9;10;1;1;;3;4;1;;;1;998
3;3;14;28;28079;;3;2;No inventariada;;9;10;2;;;1;1;1;;;1;998
3;2;8;28;28079;;3;2;No inventariada;;9;2;2;;;1;1;2;;;18;998
3;1;13;28;28079;;3;2;No inventariada;;9;2;1;1;;1;1;2;;;4;998
3;1;19;28;28079;;3;2;No inventariada;;9;9;2;;;1;2;3;;;1;998
3;1;14;28;28079;;3;2;No inventariada;;9;4;1;2;;1;1;1;;;1;998
3;2;10;28;28079;;3;2;No inventariada;;9;2;1;2;;1;1;1;;;1;998
3;1;8;28;28079;;3;2;No inventariada;;9;4;1;4;;3;1;3;;;1;998
3;2;10;28;28079;;3;2;No inventariada;;9;7;2;;;1;1;1;;;18;998
3;2;10;28;28079;;3;2;No inventariada;;9;10;2;;;1;1;2;;;1;998
3;2;12;28;28079;;3;2;No inventariada;;9;2;2;;;1;1;1;;;1;998
3;2;13;28;28079;;1;1;M-603;1,593;3;3;1;4;;1;1;1;;;1;2
3;2;13;28;28079;;1;1;M-31;4,5;2;10;2;;;5;1;5;;;1;3
3;2;14;28;28079;;3;2;No inventariada;;9;4;2;;;1;1;1;;;1;998
3;2;15;28;28079;;3;2;No inventariada;;9;2;2;;;3;1;2;;;1;998
3;2;14;28;28079;;3;2;No inventariada;;9;4;1;2;;1;1;2;;;1;998
3;2;16;28;28079;;3;2;No inventariada;;9;7;1;1;;1;1;2;;;1;998
3;1;21;28;28079;;3;2;No inventariada;;9;2;1;1;;3;4;3;;;1;998
3;2;16;28;28079;;3;2;No inventariada;;9;10;1;1;;1;1;1;;;1;998
3;2;17;28;28079;;3;2;No inventariada;;9;2;1;2;;3;1;3;;;1;998
3;1;17;28;28079;;1;1;A-3;7,4;3;4;2;;;3;1;2;;;1;1
3;2;18;28;28079;;3;2;No inventariada;;9;4;1;2;;1;1;2;;;1;998
3;2;19;28;28079;;3;2;No inventariada;;9;7;2;;;3;4;3;;;1;998
3;2;17;28;28079;;3;2;No inventariada;;9;2;1;1;;1;1;2;;;1;998
3;2;18;28;28079;;3;2;No inventariada;;9;4;1;10;;1;1;2;;;1;998
3;2;20;28;28079;;3;2;No inventariada;;9;10;2;;;3;3;4;;;18;998
3;2;21;28;28079;;3;2;No inventariada;;9;10;2;;;3;4;3;;;18;998
3;2;20;28;28079;;3;2;No inventariada;;9;9;2;;;3;4;3;;;5;998
3;7;5;28;28079;;3;2;No inventariada;;9;10;2;;;3;4;4;;;5;998
3;2;23;28;28079;;3;2;No inventariada;;9;7;1;1;;3;4;3;;;1;998
3;2;12;28;28079;;3;2;No inventariada;;9;2;1;1;;1;1;2;;;1;998
3;2;7;28;28079;;3;2;No inventariada;;9;10;1;4;;1;1;1;;;1;998
3;3;10;28;28079;;3;2;No inventariada;;9;10;1;2;;3;1;3;;;1;998
3;1;14;28;28079;;3;2;No inventariada;;9;1;2;;;1;1;2;;;1;998
3;2;13;28;28079;;3;2;No inventariada;;9;3;1;5;;1;1;1;;;1;998
3;3;11;28;28079;;3;2;No inventariada;;9;7;2;;;1;1;2;;;11;998
3;3;12;28;28079;;3;2;No inventariada;;9;7;1;2;;1;1;1;;;1;998
3;3;12;28;28079;;3;2;No inventariada;;9;4;1;1;;3;1;2;;;1;998
3;3;11;28;28079;;3;2;No inventariada;;9;2;1;1;;3;1;1;;;2;998
3;3;13;28;28079;;3;2;No inventariada;;9;16;1;4;;3;1;3;;;1;998
3;4;22;28;28079;;3;2;No inventariada;;9;4;1;2;;1;4;1;;;1;998
3;5;20;28;28079;;3;2;No inventariada;;9;2;1;1;;1;3;1;;;1;998
3;3;16;28;28079;;3;2;No inventariada;;9;4;1;1;;3;1;3;;;1;998
3;3;15;28;28079;;3;2;No inventariada;;9;4;2;;;3;1;3;;1;1;998
3;3;14;28;28079;;3;2;No inventariada;;9;4;2;;;3;1;3;;;1;998
3;3;14;28;28079;;3;2;No inventariada;;9;2;2;;;1;1;2;;;1;998
3;3;16;28;28079;;3;2;No inventariada;;9;5;2;;;3;1;3;;;18;998
3;3;18;28;28079;;3;2;No inventariada;;9;2;1;2;;3;5;3;;;1;998
3;3;19;28;28079;;3;2;No inventariada;;9;2;1;1;;3;4;3;;;5;998
3;2;21;28;28079;;3;2;No inventariada;;9;6;2;;;3;4;3;;;1;998
3;4;0;28;28079;;3;2;No inventariada;;9;2;1;1;;3;4;3;;;18;998
3;4;0;28;28079;;3;2;No inventariada;;9;4;2;;;3;4;3;;;1;998
3;6;6;28;28079;;3;2;No inventariada;;9;9;2;;;1;4;1;;;18;998
3;4;11;28;28079;;3;2;No inventariada;;9;10;2;;;1;1;1;;;1;998
3;4;21;28;28079;;3;2;No inventariada;;9;4;2;;;1;4;1;;;1;998
3;4;18;28;28079;;3;2;No inventariada;;9;12;1;1;;3;2;3;;;1;998
3;4;22;28;28079;;1;1;A-2;12,6;3;4;2;;;4;4;3;;;5;1
3;4;22;28;28079;;3;2;No inventariada;;9;2;1;2;;3;4;4;;;18;998
3;4;23;28;28079;;3;2;No inventariada;;9;7;2;;;3;4;4;;;1;998
3;3;13;28;28079;;3;2;No inventariada;;9;2;1;2;;1;1;1;;;9;998
3;5;7;28;28079;;3;2;No inventariada;;9;12;1;4;;3;1;3;;;1;998
3;5;12;28;28079;;3;2;No inventariada;;9;2;1;1;;3;1;3;;;1;998
3;5;15;28;28079;;1;1;M-40;18,255;3;18;1;12;M-31;3;1;3;;;1;2
3;5;16;28;28079;;1;1;A-2;15,4;3;3;2;;;3;1;3;;;1;2
3;5;15;28;28079;;3;2;No inventariada;;9;10;1;4;;2;1;3;;;1;998
3;5;19;28;28079;;3;2;No inventariada;;9;9;1;1;;3;3;3;;;6;998
3;5;19;28;28079;;3;2;No inventariada;;9;2;1;1;;1;4;2;;;1;998
3;5;22;28;28079;;3;2;No inventariada;;9;6;2;;;1;4;2;;;1;998
3;2;5;28;28079;;3;2;No inventariada;;9;4;2;;;1;4;1;;;1;998
3;5;2;28;28079;;3;2;No inventariada;;9;10;2;;;1;4;1;;;1;998
3;4;0;28;28079;;3;2;No inventariada;;9;6;2;;;1;4;2;;;1;998
3;5;22;28;28079;;3;2;No inventariada;;9;10;2;;;3;4;2;;;1;998
3;5;8;28;28079;;3;2;No inventariada;;9;6;2;;;3;1;2;;;1;998
3;6;12;28;28079;;1;1;A-3;12;3;19;2;;;3;1;2;;;1;2
3;6;13;28;28079;;3;2;No inventariada;;9;12;1;1;;3;1;3;;;1;998
3;6;15;28;28079;;3;2;No inventariada;;9;7;2;;;3;1;3;;;5;998
3;6;14;28;28079;;3;2;No inventariada;;9;2;1;12;;3;1;3;;;1;998
3;6;16;28;28079;;3;2;No inventariada;;9;9;2;;;3;1;2;;;1;998
3;4;14;28;28079;;3;2;No inventariada;;9;3;2;;;3;1;3;;;1;998
3;6;14;28;28079;;3;2;No inventariada;;9;10;1;10;;3;1;2;1;;1;998
3;6;16;28;28079;;3;2;No inventariada;;9;3;1;4;;3;1;3;;;1;998
3;6;15;28;28079;;3;2;No inventariada;;9;2;1;1;;1;1;3;;;1;998
3;6;15;28;28079;;3;2;No inventariada;;9;2;1;1;;3;1;3;;;2;998
3;6;17;28;28079;;3;2;No inventariada;;9;10;1;1;;3;1;3;;;1;998
3;6;18;28;28079;;3;2;No inventariada;;9;2;1;1;;3;1;3;;;1;998
3;6;20;28;28079;;3;2;No inventariada;;9;10;2;;;3;3;2;;;1;998
3;3;19;28;28079;;3;2;No inventariada;;9;10;2;;;3;1;4;;1;5;998
3;6;13;28;28079;;3;2;No inventariada;;9;10;2;;;3;1;3;;;1;998
3;7;8;28;28079;;3;2;No inventariada;;9;9;2;;;3;2;3;;;1;998
3;6;12;28;28079;;3;2;No inventariada;;9;2;1;1;;3;1;3;;;1;998
3;7;11;28;28079;;3;2;No inventariada;;9;15;1;1;;3;1;4;;;5;998
3;7;16;28;28079;;3;2;No inventariada;;9;2;1;1;;1;1;1;;;1;998
3;7;15;28;28079;;3;2;No inventariada;;9;4;2;;;1;1;1;;;1;998
3;7;16;28;28079;;3;2;No inventariada;;9;2;1;1;;1;1;2;;;9;998
3;6;21;28;28079;;3;2;No inventariada;;9;2;1;2;;3;4;3;;;18;998
3;7;17;28;28079;;3;2;No inventariada;;9;2;1;1;;3;1;3;;;1;998
3;7;19;28;28079;;3;2;No inventariada;;9;2;1;1;;1;1;1;;;1;998
3;7;19;28;28079;;3;2;No inventariada;;9;4;1;4;;1;1;1;;;1;998
3;7;19;28;28079;;3;2;No inventariada;;9;5;1;1;;3;1;2;;;1;998
3;7;18;28;28079;;3;2;No inventariada;;9;2;1;4;;1;1;1;;;1;998
3;3;16;28;28079;;3;2;No inventariada;;9;7;2;;;9;1;7;;;18;998
3;6;22;28;28079;;3;2;No inventariada;;9;2;2;;;2;4;2;;;1;998
3;7;1;28;28079;;3;2;No inventariada;;9;3;2;;;3;5;3;;;1;998
3;5;12;28;28079;;3;2;No inventariada;;9;2;1;5;;3;1;3;;;1;998
4;1;8;28;28079;;3;2;No inventariada;;9;10;2;;;3;1;3;;;1;998
4;1;9;28;28079;;3;2;No inventariada;;9;10;2;;;3;1;3;;;1;998
4;1;11;28;28079;;3;2;No inventariada;;9;7;2;;;3;1;3;;;1;998
4;1;12;28;28079;;3;2;No inventariada;;9;12;1;4;;3;1;3;;;1;998
4;1;11;28;28079;;3;2;No inventariada;;9;10;2;;;3;1;2;;;1;998
3;5;21;28;28079;;3;2;No inventariada;;9;5;1;1;;1;4;1;;;1;998
4;1;18;28;28079;;1;1;M-40;10,685;3;4;2;;;1;1;1;;;1;1
4;1;15;28;28079;;3;2;No inventariada;;9;2;2;;;1;4;1;;;1;998
4;1;16;28;28079;;3;2;No inventariada;;9;2;1;1;;1;1;1;;;2;998
4;1;19;28;28065;;1;1;A-42;15,598;3;4;2;;;1;1;1;;;1;1
4;1;17;28;28079;;3;2;No inventariada;;9;10;2;;;1;1;1;;;1;998
3;3;19;28;28079;;3;2;No inventariada;;9;7;1;2;;9;3;7;;;18;998
4;1;14;28;28079;;3;2;No inventariada;;9;1;1;2;;1;1;1;;;6;998
4;2;7;28;28079;;3;2;No inventariada;;9;4;1;1;;1;1;1;;;18;998
3;6;11;28;28079;;3;2;No inventariada;;9;2;1;1;;3;1;7;;;1;998
4;2;8;28;28079;;1;1;M-40;21,9;3;4;2;;;1;1;2;;;2;1
4;2;8;28;28079;;3;2;No inventariada;;9;2;1;2;;1;1;1;;;1;998
4;2;9;28;28079;;3;2;No inventariada;;9;4;1;1;;1;1;1;;;1;998
4;1;14;28;28079;;3;2;No inventariada;;9;2;1;1;;1;1;1;;;9;998
4;2;8;28;28079;;3;2;No inventariada;;9;4;2;;;1;1;1;;;18;998
4;2;9;28;28079;;3;2;No inventariada;;9;2;1;1;;1;1;1;;;1;998
4;2;9;28;28079;;3;2;No inventariada;;9;4;2;;;1;1;1;;;1;998
4;2;12;28;28079;;3;2;No inventariada;;9;10;1;1;;1;1;1;;;1;998
4;2;10;28;28079;;3;2;No inventariada;;9;3;2;;;1;1;2;;;1;998
4;2;8;28;28079;;3;2;No inventariada;;9;4;2;;;1;1;1;;;1;998
4;2;11;28;28079;;3;2;No inventariada;;9;4;1;1;;1;1;1;;;1;998
4;2;13;28;28079;;3;2;No inventariada;;9;10;1;1;;1;1;1;;;1;998
4;1;21;28;28079;;3;2;No inventariada;;9;2;1;4;;1;4;1;;;1;998
4;2;15;28;28079;;3;2;No inventariada;;9;4;2;;;1;1;1;;;1;998
4;2;17;28;28079;;1;1;M-40;20,934;3;4;2;;;1;1;2;;;1;1
3;5;20;28;28079;;3;2;No inventariada;;9;10;2;;;1;3;1;;;1;998
4;2;17;28;28079;;3;2;No inventariada;;9;2;1;5;;1;1;1;;;1;998
4;2;18;28;28079;;3;2;No inventariada;;9;2;1;4;;1;1;1;;;1;998
4;2;14;28;28079;;3;2;No inventariada;;9;4;2;;;1;1;1;;;1;998
4;2;16;28;28079;;3;2;No inventariada;;9;2;2;;;1;1;1;;;18;998
4;3;0;28;28079;;3;2;No inventariada;;9;2;1;1;;1;4;1;;;1;998
4;2;23;28;28079;;3;2;No inventariada;;9;2;1;4;;1;4;1;;;1;998
4;2;12;28;28079;;3;2;No inventariada;;9;5;2;;;1;1;1;;;1;998
4;3;7;28;28079;;3;2;No inventariada;;9;4;2;;;1;3;1;;;1;998
4;3;10;28;28079;;3;2;No inventariada;;9;4;2;;;1;1;2;;;1;998
4;3;9;28;28079;;3;2;No inventariada;;9;2;2;;;1;1;1;;;1;998
4;3;8;28;28079;;3;2;No inventariada;;9;3;2;;;1;1;2;;;18;998
4;3;10;28;28079;;3;2;No inventariada;;9;4;2;;;1;1;1;;;1;998
4;3;11;28;28079;;3;2;No inventariada;;9;7;2;;;1;1;1;;;1;998
4;3;6;28;28079;;3;2;No inventariada;;9;3;2;;;1;4;1;;;1;998
4;3;12;28;28079;;3;2;No inventariada;;9;19;1;4;;1;1;1;;;1;998
4;3;12;28;28079;;3;2;No inventariada;;9;10;2;;;1;1;1;;;1;998
4;3;12;28;28079;;3;2;No inventariada;;9;12;1;1;;1;1;1;;;1;998
4;3;10;28;28079;;3;2;No inventariada;;9;4;2;;;1;1;1;;;1;998
4;2;20;28;28079;;3;2;No inventariada;;9;10;2;;;1;1;1;;;1;998
4;1;18;28;28079;;3;2;No inventariada;;9;20;2;;;1;1;1;;;1;998
4;3;13;28;28079;;3;2;No inventariada;;9;6;2;;;1;1;1;;;1;998
4;3;14;28;28079;;3;2;No inventariada;;9;2;1;1;;1;1;1;;;1;998
4;3;16;28;28079;;3;2;No inventariada;;9;7;2;;;1;1;1;;;1;998
4;3;16;28;28079;;3;2;No inventariada;;9;2;1;1;;1;1;1;;;1;998
4;3;17;28;28079;;1;1;A-4;10,1;3;4;2;;;1;1;1;;;1;1
4;3;15;28;28079;;3;2;No inventariada;;9;2;1;4;;1;1;1;;;1;998
4;2;18;28;28079;;3;2;No inventariada;;9;4;1;1;;7;1;2;;;18;998
4;1;15;28;28079;;3;2;No inventariada;;9;3;2;;;1;1;1;;;1;998
4;3;18;28;28079;;3;2;No inventariada;;9;20;2;;;1;1;1;;;1;998
4;2;18;28;28079;;3;2;No inventariada;;9;7;2;;;1;1;1;;;18;998
4;3;21;28;28079;;1;1;A-6;9,034;2;4;1;12;A-6;1;6;1;;;1;2
4;3;23;28;28079;;1;1;M-45;18,1;3;4;2;;;1;4;1;;;1;1
4;3;23;28;28079;;3;2;No inventariada;;9;4;1;1;;1;4;1;;;1;998
4;3;22;28;28079;;3;2;No inventariada;;9;4;1;1;;1;4;1;;;1;998
4;3;23;28;28079;;3;2;No inventariada;;9;7;1;2;;1;4;1;;;18;998
4;3;23;28;28079;;3;2;No inventariada;;9;9;2;;;1;4;1;;;1;998
4;4;0;28;28079;;3;2;No inventariada;;9;10;1;1;;1;4;1;;;5;998
4;3;1;28;28079;;3;2;No inventariada;;9;10;1;1;;1;4;1;;;1;998
4;4;3;28;28079;;3;2;No inventariada;;9;4;2;;;1;4;1;;;1;998
4;4;9;28;28079;;3;2;No inventariada;;9;10;2;;;1;1;1;;;1;998
4;4;10;28;28079;;3;2;No inventariada;;9;10;2;;;1;1;1;;;1;998