MES;DIA_SEMANA;HORA;COD_PROVINCIA;COD_MUNICIPIO;ISLA;ZONA;ZONA_AGRUPADA;CARRETERA;KM;TIPO_VIA;TIPO_ACCIDENTE;NUDO;NUDO_INFO;CARRETERA_CRUCE;CONDICION_FIRME;CONDICION_ILUMINACION;CONDICION_METEO;CONDICION_NIEBLA;CONDICION_VIENTO;VISIB_RESTRINGIDA_POR;TRAZADO_PLANTA
4;3;9;28;28079;;3;2;No inventariada;;9;4;1;2;;1;1;1;;;1;998
4;4;12;28;28079;;1;1;A-42;6,876;3;4;2;;;1;1;1;;;1;1
4;4;8;28;28079;;3;2;No inventariada;;9;10;2;;;1;1;1;;;1;998
4;3;11;28;28079;;3;2;No inventariada;;9;4;1;2;;1;4;1;;;1;998
4;4;13;28;28079;;3;2;No inventariada;;9;2;1;1;;1;1;1;;;1;998
4;3;20;28;28079;;3;2;No inventariada;;9;15;1;2;;1;4;1;;;1;998
4;4;14;28;28079;;3;2;No inventariada;;9;2;1;2;;1;1;1;;;1;998
4;4;14;28;28079;;3;2;No inventariada;;9;3;2;;;1;1;1;;;18;998
4;3;22;28;28079;;3;2;No inventariada;;9;4;1;1;;1;4;1;;;1;998
4;3;20;28;28079;;3;2;No inventariada;;9;4;2;;;1;2;1;;;1;998
4;4;16;28;28079;;3;2;No inventariada;;9;7;2;;;1;1;1;;;1;998
4;3;20;28;28079;;3;2;No inventariada;;9;3;2;;;1;4;1;;;1;998
4;3;17;28;28079;;3;2;No inventariada;;9;16;2;;;1;1;1;;;1;998
4;4;14;28;28079;;3;2;No inventariada;;9;2;1;1;;1;1;1;;;1;998
4;2;18;28;28079;;3;2;No inventariada;;9;4;1;4;;1;1;1;;;1;998
4;2;15;28;28079;;3;2;No inventariada;;9;16;1;1;;1;1;1;;;1;998
4;4;17;28;28079;;3;2;No inventariada;;9;2;1;2;;1;1;1;;;18;998
4;4;16;28;28079;;3;2;No inventariada;;9;2;1;4;;1;1;2;;;1;998
4;4;18;28;28079;;3;2;No inventariada;;9;4;2;;;1;1;1;;;1;998
4;4;19;28;28079;;3;2;No inventariada;;9;7;2;;;1;1;1;;;9;998
4;4;19;28;28079;;3;2;No inventariada;;9;4;2;;;1;1;1;;;1;998
4;4;20;28;28079;;3;2;No inventariada;;9;12;1;2;;1;2;1;;;1;998
4;4;20;28;28079;;3;2;No inventariada;;9;10;1;1;;1;3;1;;;1;998
4;4;18;28;28079;;3;2;No inventariada;;9;2;1;1;;1;1;1;;;1;998
4;4;22;28;28079;;3;2;No inventariada;;9;10;1;2;;1;4;1;;;1;998
4;4;20;28;28079;;3;2;No inventariada;;9;4;1;1;;1;1;1;;;1;998
4;4;22;28;28079;;3;2;No inventariada;;9;5;2;;;1;4;1;;;1;998
4;4;23;28;28079;;3;2;No inventariada;;9;2;1;1;;1;4;1;;;1;998
4;4;12;28;28079;;3;2;No inventariada;;9;12;1;4;;1;1;1;;;1;998
4;5;9;28;28079;;3;2;No inventariada;;9;6;2;;;1;1;1;;;12;998
4;2;12;28;28079;;3;2;No inventariada;;9;2;1;4;;1;1;1;;;1;998
4;5;9;28;28079;;3;2;No inventariada;;9;10;1;4;;1;1;1;;;1;998
3;3;12;28;28079;;3;2;No inventariada;;9;2;2;;;1;1;1;;;1;998
4;5;10;28;28079;;3;2;No inventariada;;9;4;2;;;1;1;1;;;1;998
4;4;13;28;28079;;3;2;No inventariada;;9;2;2;;;1;1;1;;;1;998
4;5;12;28;28079;;3;2;No inventariada;;9;3;2;;;1;1;1;;;1;998
4;5;15;28;28079;;1;1;M-40;46,354;3;3;2;;;1;1;1;;;1;4
4;4;20;28;28079;;3;2;No inventariada;;9;12;1;1;;1;4;1;;;1;998
4;4;21;28;28079;;3;2;No inventariada;;9;10;1;4;;1;3;1;;;1;998
4;5;18;28;28079;;3;2;No inventariada;;9;2;1;1;;1;4;1;;;1;998
4;5;14;28;28079;;3;2;No inventariada;;9;4;2;;;1;1;1;;;1;998
4;5;18;28;28079;;3;2;No inventariada;;9;2;2;;;1;1;1;;;1;998
4;5;16;28;28079;;3;2;No inventariada;;9;4;1;1;;1;1;1;;;1;998
4;5;19;28;28079;;1;1;M-40;11,5;3;4;2;;;1;1;7;;;18;4
4;5;14;28;28079;;3;2;No inventariada;;9;4;2;;;1;1;1;;;1;998
4;5;17;28;28079;;3;2;No inventariada;;9;4;1;4;;1;1;1;;;1;998
4;5;17;28;28079;;3;2;No inventariada;;9;4;1;4;;1;1;1;;;1;998
4;5;17;28;28079;;3;2;No inventariada;;9;10;2;;;1;1;1;;;1;998
4;5;20;28;28079;;3;2;No inventariada;;9;7;1;4;;1;2;1;;;1;998
4;5;20;28;28079;;3;2;No inventariada;;9;7;1;4;;1;3;1;;;1;998
4;5;23;28;28079;;3;2;No inventariada;;9;4;2;;;1;4;1;;;1;998
4;5;21;28;28079;;3;2;No inventariada;;9;20;1;2;;1;4;1;;;1;998
4;5;22;28;28079;;3;2;No inventariada;;9;12;1;4;;1;4;1;;;1;998
4;6;3;28;28079;;3;2;No inventariada;;9;10;2;;;1;4;1;;;1;998
4;6;8;28;28079;;3;2;No inventariada;;9;12;1;2;;1;1;1;;;1;998
4;6;11;28;28079;;3;2;No inventariada;;9;10;2;;;1;1;2;;;1;998
4;6;11;28;28079;;3;2;No inventariada;;9;10;1;2;;1;1;1;;;1;998
4;5;21;28;28079;;3;2;No inventariada;;9;6;2;;;1;3;1;;;1;998
4;6;15;28;28079;;3;2;No inventariada;;9;10;2;;;1;1;1;;;1;998
4;6;15;28;28079;;3;2;No inventariada;;9;4;1;4;;1;1;1;;;1;998
4;6;17;28;28079;;3;2;No inventariada;;9;2;2;;;1;1;1;;;1;998
4;5;21;28;28079;;3;2;No inventariada;;9;2;1;1;;1;2;1;;;1;998
4;6;20;28;28079;;3;2;No inventariada;;9;2;2;;;1;3;1;;;1;998
4;6;23;28;28079;;3;2;No inventariada;;9;12;1;2;;1;4;1;;;1;998
4;7;1;28;28079;;3;2;No inventariada;;9;3;2;;;1;4;1;;;1;998
4;6;16;28;28079;;3;2;No inventariada;;9;4;1;1;;1;1;1;;;1;998
4;7;2;28;28079;;3;2;No inventariada;;9;7;2;;;1;4;1;;;1;998
4;7;4;28;28079;;3;2;No inventariada;;9;2;1;1;;1;4;1;;;2;998
4;7;4;28;28079;;3;2;No inventariada;;9;16;1;2;;1;4;1;;;1;998
4;6;17;28;28079;;3;2;No inventariada;;9;4;1;2;;1;1;2;;;1;998
4;6;13;28;28079;;3;2;No inventariada;;9;7;2;;;1;1;2;;;3;998
4;7;10;28;28079;;3;2;No inventariada;;9;3;1;1;;1;1;2;;;18;998
4;7;12;28;28079;;3;2;No inventariada;;9;7;2;;;1;1;2;;;1;998
4;7;12;28;28079;;3;2;No inventariada;;9;10;1;1;;1;1;1;;;1;998
4;5;20;28;28079;;3;2;No inventariada;;9;10;2;;;1;4;1;;;1;998
4;7;15;28;28079;;3;2;No inventariada;;9;10;2;;;1;1;1;;;1;998
4;7;3;28;28079;;3;2;No inventariada;;9;3;1;2;;1;4;1;;;1;998
4;7;15;28;28079;;3;2;No inventariada;;9;2;1;2;;1;1;1;;;1;998
4;6;21;28;28079;;3;2;No inventariada;;9;19;1;2;;1;4;1;;;1;998
4;7;18;28;28079;;3;2;No inventariada;;9;6;2;;;1;1;1;;;1;998
2;5;19;28;28079;;3;2;No inventariada;;9;2;1;1;;1;1;1;;;1;998
4;7;17;28;28079;;3;2;No inventariada;;9;6;2;;;1;1;1;;;1;998
4;6;21;28;28079;;3;2;No inventariada;;9;4;1;1;;1;4;1;;;1;998
4;7;22;28;28079;;3;2;No inventariada;;9;7;2;;;1;4;1;;;1;998
4;7;14;28;28079;;3;2;No inventariada;;9;2;1;2;;1;1;1;;;1;998
4;1;8;28;28079;;3;2;No inventariada;;9;7;1;2;;1;1;1;;;1;998
4;1;8;28;28079;;3;2;No inventariada;;9;4;2;;;1;1;1;;;1;998
4;1;12;28;28079;;3;2;No inventariada;;9;2;1;1;;1;1;1;;;1;998
4;1;11;28;28079;;3;2;No inventariada;;9;10;1;2;;1;1;1;;;1;998
4;1;14;28;28079;;3;2;No inventariada;;9;4;2;;;1;1;1;;;1;998
4;1;15;28;28079;;3;2;No inventariada;;9;7;1;1;;1;1;1;;;1;998
4;5;14;28;28079;;3;2;No inventariada;;9;3;2;;;1;1;1;;;1;998
4;1;14;28;28079;;3;2;No inventariada;;9;7;1;6;;1;1;2;;;1;998
4;6;18;28;28079;;3;2;No inventariada;;9;4;2;;;1;1;1;;;1;998
4;7;18;28;28079;;3;2;No inventariada;;9;4;2;;;1;1;1;;;1;998
4;1;17;28;28079;;3;2;No inventariada;;9;2;1;4;;1;1;2;;;1;998
4;1;18;28;28079;;3;2;No inventariada;;9;3;1;4;;1;1;2;;;1;998
4;1;18;28;28079;;3;2;No inventariada;;9;4;2;;;3;1;3;;;1;998
4;1;16;28;28079;;3;2;No inventariada;;9;6;1;2;;1;1;1;;;1;998
4;1;19;28;28079;;3;2;No inventariada;;9;4;2;;;1;1;1;;;1;998
4;1;22;28;28079;;3;2;No inventariada;;9;4;2;;;1;4;1;;;1;998
4;1;23;28;28079;;3;2;No inventariada;;9;3;2;;;1;4;1;;;1;998
4;1;22;28;28079;;3;2;No inventariada;;9;10;2;;;1;4;1;;;1;998
4;2;0;28;28079;;3;2;No inventariada;;9;2;1;2;;1;4;1;;;1;998
4;7;14;28;28079;;3;2;No inventariada;;9;2;1;7;;1;1;1;;;1;998
4;2;7;28;28079;;3;2;No inventariada;;9;10;2;;;1;2;1;;;18;998
4;7;13;28;28079;;3;2;No inventariada;;9;7;1;1;;1;1;1;;;1;998
4;1;12;28;28079;;3;2;No inventariada;;9;4;2;;;1;1;1;;;1;998
3;7;9;28;28079;;1;1;M-40;27;3;2;1;4;;1;1;1;;;1;1
4;1;10;28;28079;;3;2;No inventariada;;9;2;2;;;1;1;1;;;1;998
4;1;13;28;28079;;3;2;No inventariada;;9;2;2;;;1;1;1;;;1;998
4;2;8;28;28079;;3;2;No inventariada;;9;15;1;4;;1;1;1;;;1;998
4;2;10;28;28079;;3;2;No inventariada;;9;4;2;;;1;4;1;;;18;998
4;2;9;28;28079;;3;2;No inventariada;;9;4;2;;;1;1;1;;;1;998
4;2;8;28;28079;;3;2;No inventariada;;9;10;1;1;;1;1;1;;;1;998
4;1;13;28;28079;;3;2;No inventariada;;9;20;2;;;1;1;1;;;1;998
4;5;10;28;28079;;3;2;No inventariada;;9;12;1;1;;1;1;1;;;1;998
4;2;11;28;28079;;3;2;No inventariada;;9;3;1;1;;1;1;1;;;18;998
4;1;13;28;28079;;3;2;No inventariada;;9;4;2;;;1;1;1;;;1;998
4;1;12;28;28079;;3;2;No inventariada;;9;2;1;1;;1;1;1;;;1;998
4;7;2;28;28079;;1;1;M-40;21,3;3;3;2;;;1;4;1;;;1;1
4;2;13;28;28079;;3;2;No inventariada;;9;4;2;;;1;1;1;;;18;998
4;2;15;28;28079;;1;1;A-4;9,1;3;19;2;;;1;1;1;;;1;1
4;2;14;28;28079;;3;2;No inventariada;;9;2;1;4;;1;1;1;;;1;998
4;1;18;28;28079;;3;2;No inventariada;;9;4;1;4;;3;1;4;;;1;998
4;7;21;28;28079;;3;2;No inventariada;;9;4;1;1;;1;4;1;;;1;998
4;2;15;28;28079;;3;2;No inventariada;;9;2;1;1;;1;1;1;;;2;998
4;2;15;28;28079;;3;2;No inventariada;;9;4;2;;;1;1;1;;;1;998
4;2;18;28;28079;;3;2;No inventariada;;9;2;1;4;;1;1;1;;;1;998
4;2;16;28;28079;;3;2;No inventariada;;9;15;1;5;;1;1;1;;;1;998
4;2;15;28;28079;;3;2;No inventariada;;9;2;2;;;1;1;1;;;1;998
4;4;21;28;28079;;3;2;No inventariada;;9;2;2;;;1;4;1;;;1;998
4;2;15;28;28079;;3;2;No inventariada;;9;2;1;1;;1;1;1;;;1;998
4;2;16;28;28079;;3;2;No inventariada;;9;4;1;12;;1;1;1;;;1;998
4;2;18;28;28079;;3;2;No inventariada;;9;2;1;1;;1;1;1;;;1;998
4;2;20;28;28079;;1;1;M-14;4;2;10;2;;;1;1;1;;;1;1
4;2;21;28;28079;;3;2;No inventariada;;9;2;1;2;;1;1;1;;;9;998
4;1;6;28;28079;;3;2;No inventariada;;9;4;2;;;1;4;1;;;1;998
4;3;2;28;28079;;1;1;A-2;5,7;3;12;2;;;1;4;1;;;1;2
4;3;3;28;28079;;3;2;No inventariada;;9;2;1;1;;1;4;1;;;1;998
4;2;14;28;28079;;3;2;No inventariada;;9;2;1;1;;1;1;1;;;1;998
4;5;13;28;28079;;3;2;No inventariada;;9;2;1;4;;1;1;1;;;1;998
4;3;8;28;28079;;1;1;M-45;11,2;3;4;2;;;1;1;1;;;1;1
4;3;8;28;28079;;3;2;No inventariada;;9;7;1;4;;1;1;1;;;1;998
4;3;7;28;28079;;3;2;No inventariada;;9;16;1;1;;1;1;1;;;1;998
4;2;13;28;28079;;3;2;No inventariada;;9;4;1;1;;1;1;1;;;1;998
4;3;9;28;28079;;3;2;No inventariada;;9;2;1;1;;1;1;1;;;1;998
4;3;8;28;28079;;3;2;No inventariada;;9;12;2;;;1;1;1;;;1;998
4;7;12;28;28079;;3;2;No inventariada;;9;4;1;1;;1;1;2;;;1;998
4;3;10;28;28079;;3;2;No inventariada;;9;3;1;1;;1;1;1;;;1;998
4;3;8;28;28079;;3;2;No inventariada;;9;10;2;;;1;1;1;;;1;998
4;3;7;28;28079;;3;2;No inventariada;;9;12;1;5;;1;2;1;;;18;998
4;1;8;28;28079;;3;2;No inventariada;;9;2;1;1;;1;1;1;;;1;998
4;2;8;28;28079;;3;2;No inventariada;;9;4;2;;;1;1;1;;;1;998
4;3;8;28;28079;;3;2;No inventariada;;9;2;1;1;;1;1;1;;;1;998
4;3;12;28;28079;;3;2;No inventariada;;9;2;1;4;;1;1;1;;;1;998
4;3;11;28;28079;;3;2;No inventariada;;9;1;2;;;1;1;1;;;1;998
4;2;20;28;28079;;3;2;No inventariada;;9;2;1;1;;1;1;1;;;1;998
4;3;15;28;28079;;3;2;No inventariada;;9;7;2;;;1;1;1;;;1;998
4;2;21;28;28079;;3;2;No inventariada;;9;3;1;1;;1;4;1;;;1;998
4;3;15;28;28079;;3;2;No inventariada;;9;4;2;;;1;1;1;;;18;998
4;3;16;28;28079;;3;2;No inventariada;;9;7;1;1;;1;1;1;;;1;998
4;3;15;28;28079;;3;2;No inventariada;;9;4;1;4;;1;1;1;;;1;998
4;3;14;28;28079;;3;2;No inventariada;;9;4;1;1;;1;1;1;;;1;998
4;2;18;28;28079;;3;2;No inventariada;;9;5;2;;;1;1;1;;;1;998
4;3;18;28;28079;;3;2;No inventariada;;9;4;1;1;;1;1;1;;;18;998
4;3;15;28;28079;;3;2;No inventariada;;9;4;2;;;1;1;1;;;1;998
4;3;18;28;28079;;3;2;No inventariada;;9;1;1;2;;1;1;1;;;1;998
4;3;18;28;28079;;3;2;No inventariada;;9;7;2;;;1;1;1;;;1;998
4;3;18;28;28079;;3;2;No inventariada;;9;4;1;2;;1;1;1;;;1;998
4;3;18;28;28079;;3;2;No inventariada;;9;7;1;1;;1;1;1;;;1;998
4;3;18;28;28079;;3;2;No inventariada;;9;7;1;2;;1;1;1;;;1;998
4;2;21;28;28079;;3;2;No inventariada;;9;4;1;4;;1;4;1;;;1;998
4;3;7;28;28079;;3;2;No inventariada;;9;3;1;2;;1;2;1;;;1;998
4;3;23;28;28079;;3;2;No inventariada;;9;12;2;;;1;4;1;;;1;998
4;4;4;28;28079;;3;2;No inventariada;;9;2;2;;;1;4;1;;;1;998
4;4;4;28;28079;;3;2;No inventariada;;9;2;1;1;;1;4;1;;;1;998
4;3;7;28;28079;;1;1;A-3;9,9;3;7;2;;;1;1;1;;;1;1
4;3;9;28;28079;;3;2;No inventariada;;9;3;2;;;1;1;1;;;1;998
4;3;14;28;28079;;3;2;No inventariada;;9;7;1;2;;1;1;1;;;1;998
4;4;8;28;28079;;3;2;No inventariada;;9;4;2;;;1;1;1;;;1;998
4;4;7;28;28079;;3;2;No inventariada;;9;2;1;1;;1;4;1;;;1;998
4;4;9;28;28079;;3;2;No inventariada;;9;2;2;;;1;1;1;;;1;998
4;4;8;28;28079;;3;2;No inventariada;;9;2;2;;;1;1;1;;;1;998
4;3;8;28;28079;;3;2;No inventariada;;9;3;2;;;1;1;1;;;1;998
4;3;11;28;28079;;3;2;No inventariada;;9;2;1;2;;1;1;1;;;1;998
4;4;11;28;28079;;3;2;No inventariada;;9;10;2;;;1;1;1;;;1;998
4;4;10;28;28079;;3;2;No inventariada;;9;7;1;1;;1;1;1;;;1;998
4;4;10;28;28079;;3;2;No inventariada;;9;4;2;;;1;1;1;;;1;998
4;4;9;28;28079;;3;2;No inventariada;;9;4;2;;;1;1;1;;;1;998
4;4;12;28;28079;;3;2;No inventariada;;9;10;1;1;;1;1;1;;;1;998
4;4;15;28;28079;;3;2;No inventariada;;9;12;1;4;;1;1;1;;;1;998
4;4;14;28;28079;;3;2;No inventariada;;9;5;2;;;1;1;1;;;1;998
4;4;15;28;28079;;3;2;No inventariada;;9;5;1;1;;1;1;1;;;1;998
4;1;19;28;28079;;3;2;No inventariada;;9;10;2;;;3;1;3;;;1;998
4;4;15;28;28079;;3;2;No inventariada;;9;10;2;;;1;1;1;;;18;998
4;4;17;28;28079;;1;1;M-40;51,616;3;5;2;;;1;4;1;;;1;1
4;4;15;28;28079;;3;2;No inventariada;;9;4;1;5;;1;1;1;;;1;998
4;4;16;28;28079;;3;2;No inventariada;;9;12;1;1;;1;1;1;;;1;998
4;5;16;28;28079;;3;2;No inventariada;;9;3;2;;;1;1;1;;;1;998
4;3;21;28;28079;;3;2;No inventariada;;9;4;2;;;1;4;1;;;1;998
4;4;19;28;28079;;1;1;M-40;8;3;3;2;;;1;1;1;;;1;1
4;7;21;28;28079;;3;2;No inventariada;;9;12;1;4;;1;4;1;;;1;998
4;3;17;28;28079;;3;2;No inventariada;;9;2;2;;;1;1;1;;;18;998
4;4;15;28;28079;;3;2;No inventariada;;9;3;2;;;1;1;1;;;1;998
4;4;17;28;28079;;3;2;No inventariada;;9;2;2;;;1;1;1;;;18;998
4;4;19;28;28079;;3;2;No inventariada;;9;4;1;1;;1;1;1;;;1;998
4;4;18;28;28079;;3;2;No inventariada;;9;4;2;;;1;1;1;;;1;998
4;4;20;28;28079;;3;2;No inventariada;;9;4;1;1;;1;4;1;;;1;998
4;4;20;28;28079;;3;2;No inventariada;;9;3;2;;;1;1;1;;;1;998
4;4;18;28;28079;;3;2;No inventariada;;9;2;2;;;1;1;1;;;1;998
4;4;20;28;28079;;3;2;No inventariada;;9;2;2;;;1;1;1;;;1;998
4;6;19;28;28079;;3;2;No inventariada;;9;3;2;;;1;4;2;;;1;998
4;4;6;28;28079;;3;2;No inventariada;;9;6;2;;;1;4;1;;;1;998
4;4;3;28;28079;;3;2;No inventariada;;9;4;2;;;1;4;1;;;1;998
4;3;10;28;28079;;3;2;No inventariada;;9;1;1;2;;1;1;1;;;1;998
4;4;22;28;28079;;3;2;No inventariada;;9;2;1;1;;1;4;1;;;18;998
4;4;11;28;28079;;3;2;No inventariada;;9;2;1;4;;1;1;1;;;1;998
4;5;9;28;28079;;3;2;No inventariada;;9;16;1;2;;1;1;1;;;1;998
4;5;10;28;28079;;3;2;No inventariada;;9;12;1;2;;1;1;1;;;1;998
4;4;12;28;28079;;3;2;No inventariada;;9;7;2;;;1;1;1;;;1;998
4;2;9;28;28079;;3;2;No inventariada;;9;7;2;;;1;1;1;;;1;998
4;4;12;28;28079;;3;2;No inventariada;;9;2;2;;;1;1;1;;;18;998
4;2;8;28;28079;;3;2;No inventariada;;9;7;1;4;;1;1;1;;;6;998
4;3;13;28;28079;;3;2;No inventariada;;9;3;2;;;1;1;1;;;1;998
4;2;12;28;28079;;3;2;No inventariada;;9;3;2;;;1;1;1;;;1;998
4;5;10;28;28079;;3;2;No inventariada;;9;4;2;;;1;1;1;;;1;998
4;5;12;28;28079;;3;2;No inventariada;;9;7;2;;;1;1;1;;;1;998
4;5;14;28;28079;;1;1;A-42;6,788;3;4;2;;;1;1;1;;;1;1
4;4;22;28;28079;;3;2;No inventariada;;9;5;2;;;1;4;1;;;18;998
4;4;15;28;28079;;3;2;No inventariada;;9;2;1;1;;1;1;1;;;1;998
4;5;15;28;28079;;3;2;No inventariada;;9;2;1;2;;1;1;1;;;1;998
4;5;14;28;28079;;3;2;No inventariada;;9;20;1;1;;1;1;1;;;1;998
4;5;15;28;28079;;3;2;No inventariada;;9;5;1;1;;1;1;1;;;1;998
4;5;15;28;28079;;3;2;No inventariada;;9;2;1;4;;1;1;1;;;1;998
4;5;15;28;28079;;3;2;No inventariada;;9;2;2;;;1;4;1;;;1;998
4;5;14;28;28079;;3;2;No inventariada;;9;4;2;;;1;1;1;;;1;998
4;5;19;28;28079;;3;2;No inventariada;;9;7;2;;;1;2;1;;;6;998
3;7;19;28;28079;;3;2;No inventariada;;9;2;1;1;;3;2;1;;;1;998
4;5;20;28;28079;;3;2;No inventariada;;9;10;1;4;;1;1;1;;;1;998
4;5;19;28;28079;;3;2;No inventariada;;9;2;2;;;1;1;1;;;1;998
4;6;0;28;28079;;3;2;No inventariada;;9;10;1;5;;1;4;1;;;1;998
4;5;1;28;28079;0;3;2;No inventariada;;9;10;2;;;1;4;1;;;1;998
4;6;0;28;28079;;3;2;No inventariada;;9;6;1;12;;1;4;1;;;1;998
4;5;23;28;28079;;3;2;No inventariada;;9;4;1;5;;1;4;1;;;1;998
4;4;6;28;28079;;3;2;No inventariada;;9;2;2;;;1;3;1;;;1;998
4;6;1;28;28079;;3;2;No inventariada;;9;10;1;1;;1;4;1;;;18;998
4;6;3;28;28079;;3;2;No inventariada;;9;2;1;4;;1;4;1;;;1;998
4;5;13;28;28079;;3;2;No inventariada;;9;3;1;2;;1;1;1;;;1;998
4;6;11;28;28079;;3;2;No inventariada;;9;4;1;4;;1;1;1;;;1;998
4;6;11;28;28079;;3;2;No inventariada;;9;10;1;2;;1;1;1;;;1;998
4;6;12;28;28079;;3;2;No inventariada;;9;3;1;2;;1;1;1;;;1;998
4;6;15;28;28079;;3;2;No inventariada;;9;10;1;1;;1;1;1;;;1;998
4;6;15;28;28079;;3;2;No inventariada;;9;2;1;1;;1;1;1;;;1;998
4;6;16;28;28079;;3;2;No inventariada;;9;10;2;;;1;1;1;;;1;998
4;6;18;28;28079;;3;2;No inventariada;;9;10;1;4;;1;1;1;;;1;998
4;6;14;28;28079;;3;2;No inventariada;;9;12;2;;;1;1;1;;;1;998
4;6;16;28;28079;;3;2;No inventariada;;9;10;1;2;;1;1;1;;;1;998
4;6;17;28;28079;;3;2;No inventariada;;9;2;1;2;;1;1;1;;;1;998
4;5;14;28;28079;;3;2;No inventariada;;9;12;2;;;1;1;1;;;1;998
4;6;22;28;28079;;3;2;No inventariada;;9;16;2;;;1;4;1;;;1;998
4;6;23;28;28079;;3;2;No inventariada;;9;2;2;;;1;4;1;;;1;998
4;6;22;28;28079;;3;2;No inventariada;;9;9;2;;;1;4;1;;;1;998
4;6;22;28;28079;;3;2;No inventariada;;9;3;2;;;1;4;1;;;1;998
4;6;22;28;28079;;3;2;No inventariada;;9;7;2;;;1;4;1;;;18;998
4;6;22;28;28079;;3;2;No inventariada;;9;3;2;;;1;4;1;;;1;998
4;7;4;28;28079;;3;2;No inventariada;;9;10;2;;;1;4;1;;;1;998
4;6;13;28;28079;;3;2;No inventariada;;9;3;2;;;1;1;1;;;1;998
4;6;12;28;28079;;3;2;No inventariada;;9;7;1;1;;1;1;1;;;1;998
4;6;14;28;28079;;3;2;No inventariada;;9;4;2;;;1;1;1;;;1;998
4;7;8;28;28079;;3;2;No inventariada;;9;2;2;;;1;1;1;;;1;998
4;7;11;28;28079;;3;2;No inventariada;;9;4;2;;;1;1;1;;;1;998
4;7;10;28;28079;;3;2;No inventariada;;9;2;1;1;;1;1;1;;;1;998
4;6;17;28;28079;;3;2;No inventariada;;9;4;2;;;1;1;1;;;1;998
4;5;17;28;28079;;3;2;No inventariada;;9;4;1;4;;1;1;1;;;1;998
4;7;15;28;28079;;3;2;No inventariada;;9;2;1;5;;1;1;1;;;1;998
4;6;20;28;28079;;3;2;No inventariada;;9;7;2;;;1;1;1;;;1;998
4;7;16;28;28079;;3;2;No inventariada;;9;5;1;1;;1;1;1;;;1;998
4;6;18;28;28079;;3;2;No inventariada;;9;7;2;;;1;1;1;;;1;998
4;7;17;28;28079;;3;2;No inventariada;;9;3;2;;;1;1;1;;;18;998
4;6;17;28;28079;;3;2;No inventariada;;9;2;1;1;;1;1;1;;;1;998
4;6;20;28;28079;;3;2;No inventariada;;9;4;1;2;;1;1;1;;;1;998
4;7;15;28;28079;;3;2;No inventariada;;9;2;1;1;;1;1;1;;;1;998
4;7;19;28;28079;;3;2;No inventariada;;9;2;1;2;;1;1;1;;;18;998
4;7;17;28;28079;;3;2;No inventariada;;9;4;1;1;;1;1;1;;;1;998
4;7;14;28;28079;;3;2;No inventariada;;9;2;1;4;;1;1;1;;;1;998
4;7;19;28;28079;;3;2;No inventariada;;9;4;2;;;1;1;1;;;1;998
4;7;19;28;28079;;3;2;No inventariada;;9;2;1;4;;1;4;1;;;1;998
4;5;14;28;28079;;1;1;M-40;14,5;3;4;2;;;1;1;1;;;1;1
4;5;12;28;28079;;3;2;No inventariada;;9;12;2;;;1;1;1;;;1;998
4;1;8;28;28079;;3;2;No inventariada;;9;2;2;;;1;1;1;;;18;998
4;1;9;28;28079;;1;1;M-40;23,5;3;3;2;;;1;1;1;;;1;1
4;1;9;28;28079;;3;2;No inventariada;;9;7;2;;;1;1;1;;;9;998
4;1;6;28;28079;;3;2;No inventariada;;9;7;2;;;1;3;1;;;11;998
4;5;13;28;28079;;3;2;No inventariada;;9;4;1;4;;1;1;1;;;1;998
4;1;11;28;28079;;3;2;No inventariada;;9;2;2;;;1;1;1;;;1;998
4;1;14;28;28079;;1;1;M-40;29,6;3;4;2;;;1;1;1;;;1;1
4;7;20;28;28079;;3;2;No inventariada;;9;19;1;1;;1;1;1;;;1;998
3;3;21;28;28079;;3;2;No inventariada;;9;10;1;4;;1;4;1;;;18;998
4;1;14;28;28079;;3;2;No inventariada;;9;2;1;10;;1;1;1;;;1;998