MES;DIA_SEMANA;HORA;COD_PROVINCIA;COD_MUNICIPIO;ISLA;ZONA;ZONA_AGRUPADA;CARRETERA;KM;TIPO_VIA;TIPO_ACCIDENTE;NUDO;NUDO_INFO;CARRETERA_CRUCE;CONDICION_FIRME;CONDICION_ILUMINACION;CONDICION_METEO;CONDICION_NIEBLA;CONDICION_VIENTO;VISIB_RESTRINGIDA_POR;TRAZADO_PLANTA
4;1;15;28;28079;;3;2;No inventariada;;9;10;1;2;;1;1;1;;;1;998
4;1;16;28;28079;;3;2;No inventariada;;9;14;2;;;1;1;1;;;1;998
4;5;14;28;28079;;3;2;No inventariada;;9;12;1;5;;1;1;1;;;1;998
4;1;15;28;28079;;3;2;No inventariada;;9;3;2;;;1;1;1;;;18;998
4;1;17;28;28079;;3;2;No inventariada;;9;5;1;2;;1;1;1;;;1;998
4;5;22;28;28079;;3;2;No inventariada;;9;7;1;1;;1;4;1;;;1;998
4;1;18;28;28079;;3;2;No inventariada;;9;7;2;;;1;1;1;;;14;998
4;1;18;28;28079;;3;2;No inventariada;;9;2;1;2;;1;1;1;;;1;998
4;1;18;28;28079;;3;2;No inventariada;;9;4;2;;;1;1;1;;;1;998
4;1;18;28;28079;;3;2;No inventariada;;9;7;2;;;1;1;1;;;1;998
4;5;21;28;28079;;3;2;No inventariada;;9;2;2;;;1;4;1;;;1;998
4;1;14;28;28079;;3;2;No inventariada;;9;2;2;;;1;1;1;;;1;998
4;1;20;28;28079;;3;2;No inventariada;;9;4;1;2;;1;2;1;;;18;998
4;1;19;28;28079;;3;2;No inventariada;;9;4;1;1;;1;1;1;;;1;998
4;1;19;28;28079;;1;1;M-40;53,2;3;4;2;;;1;1;1;;;1;1
4;1;22;28;28079;;3;2;No inventariada;;9;19;2;;;1;4;1;;;18;998
4;1;23;28;28079;;3;2;No inventariada;;9;2;2;;;1;4;1;;;1;998
4;2;0;28;28079;;3;2;No inventariada;;9;3;1;1;;1;4;1;;;1;998
4;5;13;28;28079;;3;2;No inventariada;;9;4;2;;;1;1;1;;;18;998
4;2;5;28;28079;;3;2;No inventariada;;9;3;2;;;1;3;1;;;1;998
4;7;13;28;28079;;3;2;No inventariada;;9;7;2;;;1;1;1;;;6;998
4;2;7;28;28079;;3;2;No inventariada;;9;7;2;;;1;1;1;;;1;998
4;2;8;28;28079;;3;2;No inventariada;;9;12;1;1;;1;1;1;;;1;998
4;1;13;28;28079;;3;2;No inventariada;;9;4;1;1;;1;1;1;;;1;998
4;1;12;28;28079;;3;2;No inventariada;;9;4;1;2;;1;1;1;;;1;998
4;2;7;28;28079;;3;2;No inventariada;;9;7;2;;;1;2;1;;;1;998
3;5;10;28;28079;;3;2;No inventariada;;9;16;1;1;;1;1;1;;;1;998
4;2;8;28;28079;;3;2;No inventariada;;9;4;1;1;;1;1;1;;;1;998
4;2;10;28;28079;;3;2;No inventariada;;9;2;1;1;;1;1;1;;;1;998
4;2;10;28;28079;;1;1;M-40;12,3;3;4;2;;;1;1;1;;;1;1
4;2;10;28;28079;;3;2;No inventariada;;9;2;1;2;;1;1;1;;;1;998
4;2;10;28;28079;;3;2;No inventariada;;9;4;2;;;1;1;1;;;1;998
4;2;8;28;28079;;3;2;No inventariada;;9;3;1;1;;1;1;1;;;1;998
4;2;11;28;28079;;3;2;No inventariada;;9;2;2;;;1;1;1;;;9;998
4;2;12;28;28079;;3;2;No inventariada;;9;6;1;2;;1;1;1;;;1;998
4;2;13;28;28079;;3;2;No inventariada;;9;4;1;2;;1;1;1;;;1;998
4;2;14;28;28079;;1;1;A-2;6,25;3;12;2;;;1;1;1;;;1;1
4;1;21;28;28079;;3;2;No inventariada;;9;3;2;;;1;3;1;;;1;998
4;1;20;28;28079;;3;2;No inventariada;;9;5;2;;;1;4;1;;;1;998
4;2;15;28;28079;;1;1;A-42;7,793;3;4;2;;;1;1;1;;;1;1
4;2;14;28;28079;;3;2;No inventariada;;9;4;1;1;;1;1;1;;;1;998
4;2;17;28;28079;;3;2;No inventariada;;9;4;2;;;1;1;1;;;1;998
4;2;14;28;28079;;3;2;No inventariada;;9;2;2;;;1;1;1;;;1;998
4;5;14;28;28079;;3;2;No inventariada;;9;2;1;1;;1;1;1;;;1;998
4;2;18;28;28079;;3;2;No inventariada;;9;4;2;;;1;1;1;;;1;998
4;2;19;28;28079;;3;2;No inventariada;;9;16;2;;;1;2;1;;;1;998
4;2;18;28;28079;;3;2;No inventariada;;9;4;2;;;1;1;1;;;1;998
4;2;14;28;28079;;3;2;No inventariada;;9;2;1;5;;1;1;1;;;1;998
4;2;23;28;28079;;3;2;No inventariada;;9;12;1;4;;1;4;1;;;1;998
4;3;1;28;28079;;3;2;No inventariada;;9;10;1;4;;1;4;1;;;18;998
4;7;1;28;28079;;3;2;No inventariada;;9;10;2;;;1;4;1;;;18;998
4;3;2;28;28079;;1;1;M-111;1,2;5;4;2;;;1;4;1;;;1;1
4;2;11;28;28079;;3;2;No inventariada;;9;4;2;;;1;1;1;;;1;998
4;2;12;28;28079;;3;2;No inventariada;;9;4;2;;;1;1;1;;;1;998
4;3;8;28;28079;;3;2;No inventariada;;9;2;1;1;;1;1;1;;;6;998
4;2;13;28;28079;;3;2;No inventariada;;9;7;1;1;;1;1;1;;;1;998
4;3;9;28;28079;;1;1;M-607;11,695;3;5;2;;;1;1;1;;;1;1
4;3;9;28;28079;;3;2;No inventariada;;9;3;1;4;;1;1;1;;;1;998
4;3;9;28;28079;;3;2;No inventariada;;9;2;1;1;;1;1;1;;;1;998
4;3;9;28;28079;;3;2;No inventariada;;9;7;2;;;1;1;1;;;1;998
4;3;10;28;28079;;3;2;No inventariada;;9;7;1;1;;1;1;1;;;6;998
4;3;11;28;28079;;3;2;No inventariada;;9;7;2;;;1;1;1;;;18;998
4;3;10;28;28079;;3;2;No inventariada;;9;16;2;;;1;1;1;;;1;998
4;3;11;28;28079;;3;2;No inventariada;;9;7;1;1;;1;1;1;;;6;998
4;1;8;28;28079;;3;2;No inventariada;;9;3;1;5;;1;1;1;;;1;998
4;3;11;28;28079;;3;2;No inventariada;;9;2;1;2;;1;1;1;;;18;998
4;3;11;28;28079;;3;2;No inventariada;;9;3;2;;;1;1;1;;;1;998
4;2;14;28;28079;;1;1;M-40;21,8;3;5;2;;;1;1;1;;;1;1
4;5;17;28;28079;;3;2;No inventariada;;9;3;1;1;;1;1;1;;;1;998
4;2;15;28;28079;;3;2;No inventariada;;9;4;1;4;;1;1;1;;;1;998
4;3;15;28;28079;;3;2;No inventariada;;9;6;2;;;1;1;1;;;1;998
4;3;14;28;28079;;3;2;No inventariada;;9;4;2;;;1;1;1;;;1;998
4;3;15;28;28079;;3;2;No inventariada;;9;2;2;;;1;1;1;;;1;998
4;3;17;28;28079;;3;2;No inventariada;;9;3;2;;;1;1;1;;;18;998
4;3;15;28;28079;;3;2;No inventariada;;9;12;1;2;;1;1;1;;;9;998
4;3;18;28;28079;;3;2;No inventariada;;9;4;1;1;;1;1;1;;;1;998
4;2;18;28;28079;;3;2;No inventariada;;9;4;2;;;1;1;1;;;1;998
4;3;19;28;28079;;3;2;No inventariada;;9;2;1;2;;9;1;7;;;18;998
4;3;17;28;28079;;3;2;No inventariada;;9;10;1;5;;1;1;1;;;1;998
4;3;18;28;28079;;3;2;No inventariada;;9;10;1;1;;1;1;1;;;1;998
4;3;14;28;28079;;3;2;No inventariada;;9;6;2;;;1;1;1;;;1;998
4;3;20;28;28079;;3;2;No inventariada;;9;7;2;;;1;1;1;;;1;998
4;3;22;28;28079;;3;2;No inventariada;;9;4;2;;;1;4;1;;;18;998
4;3;22;28;28079;;3;2;No inventariada;;9;10;2;;;1;4;1;;;1;998
4;3;21;28;28079;;3;2;No inventariada;;9;2;2;;;1;4;1;;;1;998
4;3;22;28;28079;;3;2;No inventariada;;9;2;1;4;;1;4;1;;;1;998
4;4;7;28;28079;;1;1;M-203;2,5;6;19;2;;;1;1;1;;;1;1
4;1;14;28;28079;;3;2;No inventariada;;9;7;2;;;1;1;1;;;1;998
4;1;13;28;28079;;3;2;No inventariada;;9;5;1;12;;1;1;1;;;1;998
4;4;9;28;28079;;3;2;No inventariada;;9;7;1;5;;1;1;1;;;6;998
4;4;7;28;28079;;3;2;No inventariada;;9;2;1;1;;1;2;1;;;1;998
4;4;9;28;28079;;3;2;No inventariada;;9;10;2;;;1;1;1;;;1;998
4;4;9;28;28079;;3;2;No inventariada;;9;10;2;;;1;1;1;;;1;998
4;4;9;28;28079;;3;2;No inventariada;;9;2;1;1;;1;1;1;;;1;998
4;4;8;28;28079;;3;2;No inventariada;;9;3;1;1;;1;1;1;;;1;998
4;4;13;28;28079;;3;2;No inventariada;;9;7;1;2;;1;1;1;;;1;998
4;3;17;28;28079;;3;2;No inventariada;;9;3;1;2;;1;1;1;;;1;998
4;4;14;28;28079;;3;2;No inventariada;;9;4;2;;;1;1;1;;;1;998
4;4;14;28;28079;;3;2;No inventariada;;9;2;1;1;;1;1;1;;;1;998
4;3;20;28;28079;;3;2;No inventariada;;9;4;2;;;1;1;1;;;1;998
4;4;18;28;28079;;3;2;No inventariada;;9;2;1;2;;1;1;1;;;1;998
4;4;19;28;28079;;3;2;No inventariada;;9;4;2;;;1;1;1;;;1;998
4;3;20;28;28079;;3;2;No inventariada;;9;2;2;;;1;2;1;;;1;998
4;4;18;28;28079;;3;2;No inventariada;;9;4;2;;;1;1;1;;;1;998
4;2;19;28;28079;;3;2;No inventariada;;9;20;2;;;1;1;1;;;1;998
4;4;18;28;28079;;3;2;No inventariada;;9;4;2;;;1;1;1;;;1;998
4;4;20;28;28079;;3;2;No inventariada;;9;4;1;10;;1;1;1;;;1;998
4;4;21;28;28079;;3;2;No inventariada;;9;2;1;4;;1;4;1;;;1;998
4;4;22;28;28079;;3;2;No inventariada;;9;2;1;1;;1;4;1;;;1;998
4;4;6;28;28079;;3;2;No inventariada;;9;4;2;;;1;1;1;;;1;998
4;4;19;28;28079;;3;2;No inventariada;;9;2;1;1;;1;1;1;;;1;998
4;4;21;28;28079;;3;2;No inventariada;;9;10;2;;;1;4;1;;;1;998
4;5;6;28;28079;;3;2;No inventariada;;9;7;2;;;1;4;1;;;1;998
4;4;12;28;28079;;3;2;No inventariada;;9;10;2;;;1;1;1;;;1;998
4;5;7;28;28079;;3;2;No inventariada;;9;4;1;1;;1;3;1;;;1;998
4;5;7;28;28079;;3;2;No inventariada;;9;7;2;;;1;3;1;;;1;998
4;5;9;28;28079;;3;2;No inventariada;;9;4;2;;;1;1;1;;;1;998
4;5;9;28;28079;;3;2;No inventariada;;9;16;1;2;;1;1;1;;;1;998
4;5;9;28;28079;;3;2;No inventariada;;9;1;1;1;;1;1;1;;;1;998
4;5;10;28;28079;;3;2;No inventariada;;9;3;2;;;1;1;1;;;1;998
4;2;9;28;28079;;3;2;No inventariada;;9;2;1;1;;1;1;1;;;9;998
4;4;12;28;28079;;3;2;No inventariada;;9;2;1;5;;1;1;1;;;1;998
4;5;9;28;28079;;3;2;No inventariada;;9;6;2;;;1;1;1;;;1;998
4;5;13;28;28079;;3;2;No inventariada;;9;7;2;;;1;1;1;;;18;998
4;5;12;28;28079;;3;2;No inventariada;;9;2;1;2;;1;1;1;;;1;998
4;5;13;28;28079;;3;2;No inventariada;;9;4;1;4;;1;1;1;;;1;998
4;5;14;28;28079;;3;2;No inventariada;;9;5;1;1;;1;1;1;;;1;998
4;5;14;28;28079;;3;2;No inventariada;;9;2;1;2;;1;1;1;;;1;998
4;5;14;28;28079;;3;2;No inventariada;;9;10;2;;;1;1;1;;;1;998
4;7;15;28;28079;;3;2;No inventariada;;9;2;1;4;;1;1;1;;;1;998
4;5;17;28;28079;;3;2;No inventariada;;9;4;2;;;1;1;1;;;1;998
4;5;17;28;28079;;3;2;No inventariada;;9;20;2;;;1;1;1;;;1;998
4;5;18;28;28079;;3;2;No inventariada;;9;10;1;1;;1;1;1;;;1;998
4;5;15;28;28079;;3;2;No inventariada;;9;4;2;;;1;1;1;;;1;998
4;4;22;28;28079;;3;2;No inventariada;;9;2;1;2;;1;4;1;;;1;998
4;5;17;28;28079;;3;2;No inventariada;;9;4;2;;;1;1;1;;;18;998
4;5;17;28;28079;;3;2;No inventariada;;9;4;2;;;1;1;1;;;18;998
4;5;18;28;28079;;3;2;No inventariada;;9;2;1;5;;1;1;1;;;1;998
4;5;15;28;28079;;3;2;No inventariada;;9;7;1;1;;1;1;1;;;1;998
4;5;18;28;28079;;3;2;No inventariada;;9;4;2;;;1;1;1;;;1;998
4;5;20;28;28079;;3;2;No inventariada;;9;2;2;;;1;1;1;;;1;998
4;5;19;28;28079;;3;2;No inventariada;;9;2;1;2;;1;1;1;;;9;998
4;5;20;28;28079;;3;2;No inventariada;;9;4;2;;;1;2;1;;;1;998
4;4;23;28;28079;;3;2;No inventariada;;9;4;2;;;1;4;1;;;18;998
4;5;21;28;28079;;3;2;No inventariada;;9;10;2;;;1;4;1;;;1;998
4;6;0;28;28079;;3;2;No inventariada;;9;7;1;2;;1;4;1;;;1;998
4;2;1;28;28079;;3;2;No inventariada;;9;10;1;12;;3;4;1;;;1;998
4;5;23;28;28079;;3;2;No inventariada;;9;2;2;;;1;4;1;;;1;998
4;6;3;28;28079;;3;2;No inventariada;;9;7;2;;;1;4;1;;;4;998
4;5;19;28;28079;;3;2;No inventariada;;9;4;2;;;1;1;1;;;1;998
4;5;12;28;28079;;3;2;No inventariada;;9;7;2;;;1;1;1;;;1;998
4;5;13;28;28079;;3;2;No inventariada;;9;7;2;;;1;1;1;;;10;998
4;5;14;28;28079;;3;2;No inventariada;;9;10;2;;;1;1;1;;;1;998
4;5;7;28;28079;;3;2;No inventariada;;9;10;2;;;1;1;2;;;1;998
4;2;13;28;28079;;3;2;No inventariada;;9;1;2;;;1;1;1;;;1;998
4;6;4;28;28079;;3;2;No inventariada;;9;4;2;;;1;4;1;;;1;998
4;5;13;28;28079;;3;2;No inventariada;;9;10;2;;;1;1;1;;;1;998
4;6;11;28;28079;;3;2;No inventariada;;9;1;2;;;1;1;1;;;3;998
4;6;12;28;28079;;3;2;No inventariada;;9;7;2;;;1;1;1;;;1;998
4;5;19;28;28079;;3;2;No inventariada;;9;7;2;;;1;1;1;;;1;998
4;6;15;28;28079;;3;2;No inventariada;;9;5;2;;;1;1;1;;;1;998
4;6;15;28;28079;;3;2;No inventariada;;9;2;1;1;;1;1;1;;;1;998
4;6;15;28;28079;;3;2;No inventariada;;9;4;2;;;1;1;1;;;1;998
4;5;19;28;28079;;3;2;No inventariada;;9;16;1;2;;1;1;1;;;1;998
4;6;15;28;28079;;3;2;No inventariada;;9;4;2;;;1;4;7;;;1;998
4;5;18;28;28079;;3;2;No inventariada;;9;12;1;4;;1;1;1;;;1;998
4;6;14;28;28079;;3;2;No inventariada;;9;3;2;;;1;1;1;;;1;998
4;6;18;28;28079;;3;2;No inventariada;;9;2;1;2;;1;1;1;;;1;998
4;6;20;28;28079;;3;2;No inventariada;;9;7;2;;;1;2;1;;;1;998
4;6;20;28;28079;;3;2;No inventariada;;9;4;2;;;1;2;1;;;1;998
4;6;17;28;28079;;3;2;No inventariada;;9;2;1;1;;1;1;1;;;18;998
4;7;1;28;28079;;3;2;No inventariada;;9;3;2;;;1;4;1;;;1;998
4;7;0;28;28079;;3;2;No inventariada;;9;10;2;;;1;4;1;;;1;998
4;5;6;28;28079;;3;2;No inventariada;;9;6;1;5;;1;4;1;;;1;998
4;6;20;28;28079;;3;2;No inventariada;;9;1;1;1;;1;1;1;;;1;998
4;6;13;28;28079;;3;2;No inventariada;;9;10;2;;;1;1;1;;;1;998
4;7;6;28;28079;;1;1;M-45;18,9;3;16;1;12;A-3;1;4;1;;;1;1
4;7;7;28;28079;;1;1;M-31;0,2;8;12;2;;;1;2;1;;;18;2
4;6;12;28;28079;;3;2;No inventariada;;9;2;1;1;;1;1;1;;;2;998
4;7;7;28;28079;;3;2;No inventariada;;9;12;2;;;1;1;1;;;1;998
4;7;10;28;28079;;3;2;No inventariada;;9;10;2;;;1;1;1;;;1;998
4;7;10;28;28079;;3;2;No inventariada;;9;10;1;2;;1;1;1;;;1;998
4;6;14;28;28079;;3;2;No inventariada;;9;10;1;1;;1;1;1;;;1;998
4;1;9;28;28079;;3;2;No inventariada;;9;2;1;2;;1;1;1;;;9;998
4;6;20;28;28079;;3;2;No inventariada;;9;4;1;4;;1;2;1;;;6;998
4;7;15;28;28079;;3;2;No inventariada;;9;2;1;1;;1;1;1;;;1;998
4;7;15;28;28079;;3;2;No inventariada;;9;2;1;1;;1;1;1;;;18;998
4;6;20;28;28079;;3;2;No inventariada;;9;2;2;;;1;1;1;;;1;998
4;1;21;28;28079;;3;2;No inventariada;;9;10;2;;;1;4;1;;;1;998
4;7;15;28;28079;;3;2;No inventariada;;9;2;1;2;;1;1;1;;;1;998
4;7;0;28;28079;;3;2;No inventariada;;9;3;2;;;1;4;1;;;1;998
4;7;21;28;28079;;3;2;No inventariada;;9;2;1;2;;1;2;1;;;18;998
4;7;1;28;28079;;3;2;No inventariada;;9;2;2;;;1;4;1;;;18;998
4;1;0;28;28079;;3;2;No inventariada;;9;10;2;;;1;4;1;;;1;998
4;7;23;28;28079;;3;2;No inventariada;;9;7;2;;;1;4;1;;;1;998
4;1;0;28;28079;;3;2;No inventariada;;9;6;1;1;;1;4;1;;;1;998
4;6;11;28;28079;;3;2;No inventariada;;9;12;2;;;1;1;1;;;1;998
4;6;12;28;28079;;3;2;No inventariada;;9;7;1;2;;1;1;1;;;1;998
4;5;13;28;28079;;3;2;No inventariada;;9;2;1;2;;1;1;1;;;1;998
4;1;8;28;28079;;3;2;No inventariada;;9;3;1;12;;1;1;1;;;1;998
4;1;7;28;28079;;3;2;No inventariada;;9;2;1;2;;1;3;1;;;1;998
4;1;9;28;28079;;3;2;No inventariada;;9;7;2;;;1;1;1;;;6;998
4;1;10;28;28079;;3;2;No inventariada;;9;7;1;5;;1;1;1;;;1;998
4;1;9;28;28079;;3;2;No inventariada;;9;7;2;;;1;1;1;;;5;998
4;1;8;28;28079;;3;2;No inventariada;;9;4;2;;;1;1;1;;;1;998
4;7;11;28;28079;;3;2;No inventariada;;9;3;2;;;1;1;1;;;1;998
4;4;9;28;28079;;3;2;No inventariada;;9;2;1;1;;1;1;1;;;1;998
4;5;13;28;28079;;3;2;No inventariada;;9;4;1;5;;1;1;1;;;1;998
4;2;9;28;28079;;3;2;No inventariada;;9;7;1;1;;1;1;1;;;6;998
4;1;11;28;28079;;3;2;No inventariada;;9;2;1;1;;1;1;1;;;1;998
4;1;10;28;28079;;3;2;No inventariada;;9;7;1;2;;1;1;1;;;1;998
4;5;18;28;28079;;3;2;No inventariada;;9;2;1;2;;1;1;1;;;1;998
4;6;20;28;28079;;3;2;No inventariada;;9;4;2;;;1;2;1;;;1;998
4;1;16;28;28079;;3;2;No inventariada;;9;6;2;;;1;1;1;;;1;998
4;1;17;28;28079;;3;2;No inventariada;;9;4;2;;;1;1;1;;;1;998
4;1;14;28;28079;;3;2;No inventariada;;9;7;1;1;;1;1;1;;;1;998
4;1;16;28;28079;;3;2;No inventariada;;9;7;2;;;1;1;1;;;1;998
4;1;18;28;28079;;3;2;No inventariada;;9;16;1;1;;1;1;1;;;18;998
4;1;15;28;28079;;3;2;No inventariada;;9;2;1;2;;1;4;1;;;1;998
4;1;19;28;28079;;3;2;No inventariada;;9;2;2;;;1;1;1;;;1;998
4;1;22;28;28079;;3;2;No inventariada;;9;3;1;1;;1;4;1;;;1;998
4;2;0;28;28079;;3;2;No inventariada;;9;10;2;;;1;4;1;;;1;998
4;1;13;28;28079;;3;2;No inventariada;;9;2;1;1;;1;1;1;;;18;998
4;1;12;28;28079;;3;2;No inventariada;;9;4;2;;;1;1;1;;;1;998
4;4;11;28;28079;;3;2;No inventariada;;9;10;2;;;2;1;1;;;1;998
4;1;11;28;28079;;3;2;No inventariada;;9;2;1;4;;1;1;1;;;1;998
4;1;9;28;28079;;3;2;No inventariada;;9;2;1;4;;1;1;1;;;1;998
4;1;8;28;28079;;3;2;No inventariada;;9;4;2;;;1;1;1;;;18;998
4;2;8;28;28079;;3;2;No inventariada;;9;2;1;4;;1;1;1;;;1;998
4;2;9;28;28079;;3;2;No inventariada;;9;4;2;;;1;1;1;;;1;998
4;6;11;28;28079;;3;2;No inventariada;;9;7;2;;;1;1;1;;;1;998
4;2;9;28;28079;;3;2;No inventariada;;9;19;2;;;1;1;1;;;1;998
4;2;11;28;28079;;3;2;No inventariada;;9;4;2;;;1;1;1;;;1;998
4;2;10;28;28079;;3;2;No inventariada;;9;4;2;;;1;1;1;;;1;998
4;1;21;28;28079;;3;2;No inventariada;;9;10;2;;;1;4;1;;;1;998
4;2;14;28;28079;;3;2;No inventariada;;9;2;1;2;;1;1;1;;;1;998
4;1;16;28;28079;;3;2;No inventariada;;9;7;1;1;;1;1;1;;;1;998
4;7;16;28;28079;;3;2;No inventariada;;9;3;1;12;;1;1;1;;;1;998
4;2;14;28;28079;;3;2;No inventariada;;9;2;1;1;;1;1;1;;;18;998
4;2;18;28;28079;;3;2;No inventariada;;9;1;2;;;1;1;1;;;1;998
4;2;18;28;28079;;3;2;No inventariada;;9;2;2;;;1;1;1;;;1;998
4;2;18;28;28079;;3;2;No inventariada;;9;10;1;2;;7;1;1;;;1;998
4;2;20;28;28079;;3;2;No inventariada;;9;2;2;;;1;1;1;;;1;998
4;5;23;28;28079;;3;2;No inventariada;;9;2;2;;;1;6;1;;;1;998
4;2;12;28;28079;;3;2;No inventariada;;9;4;2;;;1;1;1;;;1;998
4;3;7;28;28079;;3;2;No inventariada;;9;3;2;;;1;1;1;;;1;998
4;2;7;28;28079;;3;2;No inventariada;;9;2;1;4;;1;1;1;;;1;998
4;3;9;28;28079;;3;2;No inventariada;;9;3;1;4;;1;1;1;;;1;998
4;3;7;28;28079;;3;2;No inventariada;;9;2;2;;;1;1;1;;;6;998
4;3;8;28;28079;;3;2;No inventariada;;9;5;1;4;;1;1;1;;;1;998
4;3;9;28;28079;;3;2;No inventariada;;9;7;2;;;1;1;1;;;1;998
4;3;9;28;28079;;3;2;No inventariada;;9;4;1;12;;1;1;1;;;1;998
4;3;12;28;28079;;3;2;No inventariada;;9;10;1;2;;1;1;1;;;1;998
4;3;11;28;28079;;3;2;No inventariada;;9;3;2;;;1;1;1;;;1;998
4;3;11;28;28079;;3;2;No inventariada;;9;2;1;1;;1;1;1;;;1;998
4;2;19;28;28079;;3;2;No inventariada;;9;6;2;;;1;1;1;;;1;998
4;2;18;28;28079;;3;2;No inventariada;;9;3;1;5;;1;1;1;;;1;998
4;3;14;28;28079;;3;2;No inventariada;;9;4;2;;;1;1;1;;;18;998
4;2;18;28;28079;;3;2;No inventariada;;9;10;1;2;;1;1;1;;;1;998
4;3;18;28;28079;;3;2;No inventariada;;9;2;2;;;1;1;1;;;1;998
4;2;19;28;28079;;3;2;No inventariada;;9;16;1;2;;1;1;1;;;1;998
4;3;18;28;28079;;3;2;No inventariada;;9;12;1;1;;1;1;1;;;18;998
4;3;17;28;28079;;3;2;No inventariada;;9;15;2;;;1;1;1;;;1;998
4;3;15;28;28079;;3;2;No inventariada;;9;3;2;;;1;1;1;;;18;998
4;3;22;28;28079;;3;2;No inventariada;;9;2;2;;;1;4;1;;;1;998
4;3;9;28;28079;;3;2;No inventariada;;9;4;2;;;1;1;1;;;1;998
4;3;13;28;28079;;3;2;No inventariada;;9;7;1;1;;1;1;1;;;1;998
4;3;13;28;28079;;3;2;No inventariada;;9;3;1;1;;1;1;1;;;1;998
4;2;13;28;28079;;3;2;No inventariada;;9;2;1;2;;1;1;1;;;18;998
4;2;7;28;28079;;3;2;No inventariada;;9;4;2;;;1;3;1;;;1;998
4;3;13;28;28079;;3;2;No inventariada;;9;16;1;2;;1;1;1;;;1;998
4;4;8;28;28079;;3;2;No inventariada;;9;10;1;1;;3;1;1;;;1;998
4;1;12;28;28079;;3;2;No inventariada;;9;10;2;;;1;1;1;;;1;998
4;4;11;28;28079;;3;2;No inventariada;;9;10;2;;;1;1;1;;;1;998
4;4;14;28;28079;;3;2;No inventariada;;9;7;2;;;1;1;1;;;1;998
4;2;19;28;28079;;3;2;No inventariada;;9;10;2;;;1;1;1;;;1;998
4;4;14;28;28079;;3;2;No inventariada;;9;4;2;;;1;1;2;;;1;998
4;2;17;28;28079;;3;2;No inventariada;;9;4;1;1;;1;1;1;;;3;998
4;4;15;28;28079;;1;1;A-1;10,5;3;18;2;;;1;1;1;;;1;1
4;1;16;28;28079;;3;2;No inventariada;;9;7;1;2;;1;1;1;;;1;998
4;4;14;28;28079;;3;2;No inventariada;;9;4;1;1;;1;1;2;;;1;998
4;1;14;28;28079;;3;2;No inventariada;;9;7;2;;;1;1;1;;;1;998
4;4;16;28;28079;;3;2;No inventariada;;9;4;2;;;1;1;1;;;1;998
4;4;18;28;28079;;3;2;No inventariada;;9;7;2;;;1;1;1;;;1;998
4;4;15;28;28079;;3;2;No inventariada;;9;4;2;;;1;1;1;;;1;998
4;3;20;28;28079;;3;2;No inventariada;;9;2;1;2;;1;1;1;;;1;998
4;4;19;28;28079;;3;2;No inventariada;;9;7;2;;;1;1;1;;;1;998
4;4;15;28;28079;;3;2;No inventariada;;9;4;1;1;;1;1;1;;;1;998
4;4;18;28;28079;;3;2;No inventariada;;9;7;1;2;;1;1;1;;;1;998
4;4;20;28;28079;;3;2;No inventariada;;9;2;1;1;;1;3;1;;;9;998
4;4;19;28;28079;;3;2;No inventariada;;9;2;1;4;;1;1;1;;;6;998
4;5;1;28;28079;;3;2;No inventariada;;9;15;2;;;1;4;1;;;1;998
4;5;3;28;28079;;3;2;No inventariada;;9;6;2;;;1;4;1;;;1;998
4;5;2;28;28079;;3;2;No inventariada;;9;2;2;;;1;4;1;;;1;998
4;4;14;28;28079;;3;2;No inventariada;;9;10;2;;;1;4;7;;;1;998
4;3;14;28;28079;;3;2;No inventariada;;9;7;2;;;1;1;1;;;17;998
4;4;12;28;28079;;3;2;No inventariada;;9;4;1;1;;1;1;1;;;1;998
4;5;8;28;28079;;3;2;No inventariada;;9;2;1;5;;1;1;1;;;1;998
4;5;9;28;28079;;3;2;No inventariada;;9;2;1;2;;1;1;2;;;1;998