MES;DIA_SEMANA;HORA;COD_PROVINCIA;COD_MUNICIPIO;ISLA;ZONA;ZONA_AGRUPADA;CARRETERA;KM;TIPO_VIA;TIPO_ACCIDENTE;NUDO;NUDO_INFO;CARRETERA_CRUCE;CONDICION_FIRME;CONDICION_ILUMINACION;CONDICION_METEO;CONDICION_NIEBLA;CONDICION_VIENTO;VISIB_RESTRINGIDA_POR;TRAZADO_PLANTA
4;6;12;28;28079;;3;2;No inventariada;;9;6;2;;;1;1;1;;;18;998
4;5;12;28;28079;;3;2;No inventariada;;9;10;1;1;;1;1;1;;;1;998
4;5;12;28;28079;;3;2;No inventariada;;9;10;1;4;;1;1;1;;;1;998
4;5;14;28;28079;;1;1;M-40;32,8;3;4;2;;;1;1;1;;;1;1
4;4;20;28;28079;;3;2;No inventariada;;9;10;2;;;1;2;1;;;1;998
4;4;19;28;28079;;3;2;No inventariada;;9;4;2;;;1;1;1;;;1;998
4;4;18;28;28079;;3;2;No inventariada;;9;10;2;;;1;1;1;;;1;998
4;5;14;28;28079;;3;2;No inventariada;;9;5;2;;;1;1;1;;;1;998
4;5;16;28;28079;;3;2;No inventariada;;9;3;1;1;;1;1;2;;;1;998
4;5;14;28;28079;;3;2;No inventariada;;9;2;1;1;;1;1;1;;;1;998
4;4;20;28;28079;;3;2;No inventariada;;9;7;1;1;;1;2;1;;;6;998
4;4;22;28;28079;;3;2;No inventariada;;9;7;2;;;1;4;1;;;1;998
4;4;16;28;28079;;3;2;No inventariada;;9;5;2;;;1;1;1;;;1;998
4;5;17;28;28079;;3;2;No inventariada;;9;20;2;;;1;1;2;;;1;998
4;5;16;28;28079;;3;2;No inventariada;;9;4;2;;;1;1;1;;;1;998
4;3;17;28;28079;;3;2;No inventariada;;9;2;1;1;;1;1;1;;;1;998
4;4;21;28;28079;;3;2;No inventariada;;9;10;1;1;;1;4;1;;;1;998
4;5;16;28;28079;;3;2;No inventariada;;9;4;2;;;1;1;2;;;1;998
4;5;17;28;28079;;3;2;No inventariada;;9;1;1;4;;1;1;2;;;1;998
4;5;18;28;28079;;3;2;No inventariada;;9;2;1;2;;1;1;1;;;1;998
4;5;19;28;28079;;3;2;No inventariada;;9;15;2;;;1;1;1;;;9;998
4;5;4;28;28079;;3;2;No inventariada;;9;10;2;;;1;4;1;;;1;998
4;5;19;28;28079;;3;2;No inventariada;;9;7;1;1;;1;1;1;;;1;998
4;5;21;28;28079;;3;2;No inventariada;;9;7;2;;;1;4;1;;;9;998
4;5;22;28;28079;;3;2;No inventariada;;9;2;1;4;;1;4;1;;;18;998
4;5;23;28;28079;;3;2;No inventariada;;9;10;2;;;1;4;1;;;1;998
4;5;1;28;28079;;3;2;No inventariada;;9;2;1;1;;1;4;1;;;1;998
4;6;0;28;28079;;3;2;No inventariada;;9;6;1;4;;3;4;3;;;1;998
4;6;1;28;28079;;3;2;No inventariada;;9;7;2;;;3;4;3;;;1;998
4;6;1;28;28079;;3;2;No inventariada;;9;3;2;;;3;4;3;;;1;998
3;1;4;28;28079;;3;2;No inventariada;;9;12;2;;;3;4;3;;;1;998
4;6;4;28;28079;;3;2;No inventariada;;9;1;1;1;;3;4;3;;;1;998
4;5;12;28;28079;;3;2;No inventariada;;9;7;2;;;1;1;1;;;1;998
4;6;11;28;28079;;3;2;No inventariada;;9;10;2;;;3;1;3;;;1;998
4;6;11;28;28079;;3;2;No inventariada;;9;12;1;5;;1;1;1;;;18;998
4;6;14;28;28079;;1;1;M-40;11;3;4;2;;;3;1;3;;;1;1
4;5;21;28;28079;;3;2;No inventariada;;9;2;1;1;;1;4;1;;;1;998
4;6;15;28;28079;;3;2;No inventariada;;9;10;1;1;;3;1;3;;;1;998
4;6;15;28;28079;;3;2;No inventariada;;9;2;1;1;;1;1;1;;;1;998
4;6;17;28;28079;;3;2;No inventariada;;9;2;1;2;;1;1;1;;;18;998
4;6;0;28;28079;;3;2;No inventariada;;9;10;1;2;;3;4;4;;;1;998
4;3;21;28;28079;;3;2;No inventariada;;9;20;1;1;;1;4;1;;;1;998
4;7;0;28;28079;;3;2;No inventariada;;9;16;1;1;;1;4;2;;;18;998
4;7;0;28;28079;;3;2;No inventariada;;9;7;2;;;1;4;1;;;1;998
4;7;1;28;28079;;3;2;No inventariada;;9;4;2;;;1;4;1;;;1;998
4;6;13;28;28079;;3;2;No inventariada;;9;4;1;4;;3;1;3;;;1;998
4;7;8;28;28079;;1;1;M-40;22,563;3;19;2;;;1;1;1;;;1;1
4;7;7;28;28079;;3;2;No inventariada;;9;2;1;2;;1;1;1;;;1;998
4;7;10;28;28079;;3;2;No inventariada;;9;8;2;;;1;1;1;;;1;998
3;7;7;28;28079;;3;2;No inventariada;;9;10;1;1;;1;2;1;;;18;998
4;2;12;28;28079;;3;2;No inventariada;;9;12;2;;;1;1;1;;;1;998
4;6;21;28;28079;;3;2;No inventariada;;9;2;1;2;;1;4;1;;;1;998
4;7;14;28;28079;;3;2;No inventariada;;9;3;2;;;1;1;1;;;1;998
4;4;21;28;28079;;3;2;No inventariada;;9;3;1;4;;1;4;1;;;1;998
4;7;4;28;28079;;3;2;No inventariada;;9;10;2;;;1;4;1;;;1;998
4;7;17;28;28079;;1;1;A-3;12;3;3;2;;;1;1;1;;;1;1
4;7;14;28;28079;;3;2;No inventariada;;9;12;1;2;;1;1;1;;;1;998
4;7;19;28;28079;;3;2;No inventariada;;9;4;2;;;1;1;1;;;1;998
4;7;18;28;28079;;3;2;No inventariada;;9;4;1;2;;1;1;1;;;18;998
4;7;17;28;28079;;3;2;No inventariada;;9;16;1;1;;1;1;1;;;1;998
4;7;18;28;28079;;3;2;No inventariada;;9;4;2;;;1;1;1;;;1;998
4;7;18;28;28079;;3;2;No inventariada;;9;10;1;1;;1;1;1;;;12;998
4;7;20;28;28079;;3;2;No inventariada;;9;4;2;;;1;1;1;;;1;998
4;7;22;28;28079;;3;2;No inventariada;;9;3;1;4;;1;4;1;;;18;998
4;1;3;28;28079;;3;2;No inventariada;;9;10;2;;;1;4;1;;;1;998
4;1;9;28;28079;;3;2;No inventariada;;9;7;2;;;1;1;1;;;9;998
4;1;9;28;28079;;3;2;No inventariada;;9;3;1;1;;1;1;1;;;1;998
4;1;9;28;28079;;3;2;No inventariada;;9;12;1;1;;1;1;1;;;1;998
4;1;7;28;28079;;3;2;No inventariada;;9;10;1;10;;1;1;1;;;1;998
4;6;11;28;28079;;3;2;No inventariada;;9;7;1;2;;1;1;2;;;1;998
4;6;12;28;28079;;3;2;No inventariada;;9;2;1;2;;1;1;1;;;1;998
4;7;13;28;28079;;3;2;No inventariada;;9;2;1;4;;1;1;1;;;1;998
4;1;10;28;28079;;3;2;No inventariada;;9;3;1;1;;1;1;1;;;1;998
4;1;9;28;28079;;3;2;No inventariada;;9;4;2;;;1;1;1;;;1;998
4;1;10;28;28079;;3;2;No inventariada;;9;16;1;1;;1;1;1;;;1;998
4;1;10;28;28079;;3;2;No inventariada;;9;16;1;1;;1;1;1;;;1;998
4;1;12;28;28079;;3;2;No inventariada;;9;4;2;;;1;1;1;;;18;998
4;7;15;28;28079;;3;2;No inventariada;;9;10;2;;;1;1;1;;;1;998
4;1;14;28;28079;;3;2;No inventariada;;9;3;1;1;;1;1;1;;;1;998
4;1;15;28;28079;;3;2;No inventariada;;9;7;1;4;;1;1;2;;;18;998
4;1;17;28;28079;;3;2;No inventariada;;9;2;2;;;1;1;1;;;1;998
4;1;16;28;28079;;3;2;No inventariada;;9;4;1;1;;1;1;1;;;9;998
4;6;19;28;28079;;3;2;No inventariada;;9;4;1;4;;1;1;1;;;1;998
4;1;19;28;28079;;3;2;No inventariada;;9;2;1;1;;1;1;1;;;1;998
4;1;20;28;28074;;1;1;M-40;25,647;3;2;2;;;1;1;1;;;1;1
4;1;20;28;28079;;3;2;No inventariada;;9;4;2;;;1;1;1;;;1;998
4;1;20;28;28079;;3;2;No inventariada;;9;7;1;2;;3;2;3;;;1;998
4;1;22;28;28079;;3;2;No inventariada;;9;10;1;2;;1;4;2;;;18;998
4;4;11;28;28079;;3;2;No inventariada;;9;2;2;;;1;4;1;;;18;998
4;1;22;28;28079;;3;2;No inventariada;;9;2;2;;;1;4;1;;;1;998
4;2;2;28;28079;;3;2;No inventariada;;9;10;2;;;3;4;1;;;1;998
4;2;7;28;28079;;1;1;A-4;6,401;3;3;2;;;1;2;1;;;1;1
4;7;7;28;28079;;3;2;No inventariada;;9;2;1;1;;1;1;1;;;1;998
4;7;14;28;28079;;3;2;No inventariada;;9;12;1;1;;1;1;1;;;1;998
4;1;13;28;28079;;3;2;No inventariada;;9;2;1;1;;1;1;2;;;1;998
4;2;8;28;28079;;3;2;No inventariada;;9;4;1;1;;1;1;1;;;1;998
4;1;8;28;28079;;3;2;No inventariada;;9;4;2;;;1;1;1;;;1;998
4;2;9;28;28079;;3;2;No inventariada;;9;3;1;1;;1;1;1;;;1;998
4;1;13;28;28079;;3;2;No inventariada;;9;7;2;;;1;1;1;;;1;998
4;2;9;28;28079;;3;2;No inventariada;;9;2;2;;;1;1;1;;;1;998
4;1;13;28;28079;;3;2;No inventariada;;9;12;1;1;;1;1;2;;;2;998
4;2;11;28;28079;;3;2;No inventariada;;9;4;1;1;;1;1;1;;;1;998
4;2;12;28;28079;;3;2;No inventariada;;9;3;2;;;1;1;1;;;1;998
4;2;13;28;28079;;3;2;No inventariada;;9;7;2;;;1;1;1;;;1;998
4;4;12;28;28079;;3;2;No inventariada;;9;4;2;;;1;1;1;;;1;998
4;2;15;28;28079;;3;2;No inventariada;;9;10;2;;;1;1;1;;;1;998
4;5;17;28;28079;;3;2;No inventariada;;9;10;2;;;1;1;2;;;1;998
4;2;15;28;28079;;3;2;No inventariada;;9;2;2;;;1;1;1;;;1;998
4;1;22;28;28079;;3;2;No inventariada;;9;16;2;;;1;3;1;;;1;998
4;2;17;28;28079;;3;2;No inventariada;;9;4;2;;;1;1;1;;;1;998
4;2;17;28;28079;;3;2;No inventariada;;9;4;2;;;1;1;1;;;1;998
4;2;17;28;28079;;3;2;No inventariada;;9;4;2;;;1;1;1;;;1;998
4;2;15;28;28079;;3;2;No inventariada;;9;2;1;2;;1;1;1;;;1;998
4;2;16;28;28079;;3;2;No inventariada;;9;4;2;;;1;1;1;;;1;998
4;2;15;28;28079;;3;2;No inventariada;;9;10;2;;;1;1;1;;;1;998
4;2;18;28;28079;;3;2;No inventariada;;9;2;1;1;;1;1;1;;;1;998
4;2;19;28;28079;;3;2;No inventariada;;9;1;1;1;;1;1;1;;;6;998
4;1;6;28;28079;;3;2;No inventariada;;9;2;1;1;;1;1;1;;;1;998
4;2;22;28;28079;;1;1;A-3;12,04;3;3;2;;;1;4;1;;;1;1
4;2;23;28;28079;;3;2;No inventariada;;9;3;2;;;1;4;2;;;1;998
4;2;22;28;28079;;3;2;No inventariada;;9;6;2;;;1;4;1;;;1;998
4;2;22;28;28079;;3;2;No inventariada;;9;3;1;4;;1;4;1;;;1;998
4;5;22;28;28079;;3;2;No inventariada;;9;4;1;4;;1;4;2;;;1;998
4;2;23;28;28079;;3;2;No inventariada;;9;4;1;2;;1;3;1;;;1;998
4;2;23;28;28079;;3;2;No inventariada;;9;2;1;1;;1;4;2;;;1;998
4;2;13;28;28079;;3;2;No inventariada;;9;12;1;4;;1;1;1;;;1;998
4;7;13;28;28079;;3;2;No inventariada;;9;16;1;2;;1;1;1;;;1;998
5;3;11;28;28079;;3;2;No inventariada;;9;10;1;1;;1;1;1;;;1;998
4;7;13;28;28079;;1;1;A-5R;0,7;2;3;2;;;1;1;1;;;1;1
5;3;11;28;28079;;3;2;No inventariada;;9;1;2;;;1;1;1;;;1;998
5;3;14;28;28079;;3;2;No inventariada;;9;3;2;;;1;1;1;;;1;998
5;3;14;28;28079;;3;2;No inventariada;;9;4;1;2;;1;1;1;;;1;998
4;2;17;28;28079;;3;2;No inventariada;;9;2;1;1;;1;1;1;;;1;998
5;3;17;28;28079;;3;2;No inventariada;;9;10;1;4;;1;1;1;;;1;998
5;3;17;28;28079;;3;2;No inventariada;;9;4;1;1;;1;1;2;;;1;998
5;3;19;28;28079;;3;2;No inventariada;;9;2;2;;;1;1;1;;;1;998
5;3;22;28;28079;;3;2;No inventariada;;9;15;2;;;3;4;3;;;1;998
5;4;1;28;28079;;3;2;No inventariada;;9;2;2;;;1;4;1;;;1;998
5;4;1;28;28079;;3;2;No inventariada;;9;4;1;4;;1;4;1;;;1;998
5;3;21;28;28079;;3;2;No inventariada;;9;4;2;;;3;3;2;;;1;998
5;4;1;28;28079;;3;2;No inventariada;;9;9;2;;;1;4;1;;;1;998
5;4;11;28;28079;;3;2;No inventariada;;9;2;1;2;;1;1;1;;;1;998
5;4;9;28;28079;;3;2;No inventariada;;9;16;1;1;;1;1;1;;;1;998
5;4;12;28;28079;;3;2;No inventariada;;9;10;2;;;1;1;1;;;1;998
5;3;9;28;28079;;3;2;No inventariada;;9;2;2;;;1;1;1;;;1;998
5;3;19;28;28079;;3;2;No inventariada;;9;12;1;2;;1;1;1;;;1;998
5;4;18;28;28079;;3;2;No inventariada;;9;2;1;4;;1;1;1;;;1;998
5;4;21;28;28079;;3;2;No inventariada;;9;1;1;2;;1;4;1;;;1;998
5;4;21;28;28079;;3;2;No inventariada;;9;3;1;2;;1;4;1;;;1;998
5;4;3;28;28079;;3;2;No inventariada;;9;2;1;1;;1;4;1;;;1;998
5;4;16;28;28079;;3;2;No inventariada;;9;10;1;1;;1;1;1;;;1;998
5;4;22;28;28079;;3;2;No inventariada;;9;2;1;1;;1;4;1;;;1;998
5;5;1;28;28079;;3;2;No inventariada;;9;4;2;;;1;3;1;;;1;998
4;3;13;28;28079;;3;2;No inventariada;;9;3;2;;;1;1;1;;;1;998
4;4;13;28;28079;;3;2;No inventariada;;9;2;2;;;1;1;1;;;1;998
5;5;5;28;28079;;3;2;No inventariada;;9;2;1;2;;1;5;1;;;1;998
5;5;11;28;28079;;3;2;No inventariada;;9;6;2;;;1;1;1;;;1;998
5;5;11;28;28079;;3;2;No inventariada;;9;7;1;1;;1;1;1;;;1;998
5;5;13;28;28079;;3;2;No inventariada;;9;5;2;;;1;1;1;;;9;998
5;5;15;28;28079;;3;2;No inventariada;;9;16;1;1;;1;1;1;;;18;998
5;5;14;28;28079;;3;2;No inventariada;;9;5;2;;;1;1;1;;;1;998
5;5;15;28;28079;;3;2;No inventariada;;9;4;1;2;;1;1;1;;;1;998
5;5;18;28;28079;;3;2;No inventariada;;9;10;1;2;;1;1;1;;;1;998
5;5;18;28;28079;;3;2;No inventariada;;9;12;1;1;;1;1;1;;;1;998
5;4;20;28;28079;;3;2;No inventariada;;9;3;1;1;;1;4;1;;;1;998
5;5;20;28;28079;;3;2;No inventariada;;9;2;1;4;;1;1;1;;;1;998
5;5;19;28;28079;;3;2;No inventariada;;9;12;2;;;1;1;1;;;1;998
4;5;2;28;28079;;3;2;No inventariada;;9;6;2;;;1;4;1;;;1;998
5;5;23;28;28079;;3;2;No inventariada;;9;12;1;4;;1;4;1;;;1;998
5;5;23;28;28079;;3;2;No inventariada;;9;1;1;1;;1;4;1;;;1;998
5;6;1;28;28079;;3;2;No inventariada;;9;2;1;4;;1;4;1;;;1;998
4;5;9;28;28079;;3;2;No inventariada;;9;2;1;1;;1;1;1;;;1;998
5;6;8;28;28079;;3;2;No inventariada;;9;16;2;;;1;1;1;;;1;998
5;5;11;28;28079;;3;2;No inventariada;;9;3;2;;;1;1;1;;;1;998
5;6;9;28;28079;;3;2;No inventariada;;9;7;2;;;1;1;1;;;1;998
5;6;11;28;28079;;3;2;No inventariada;;9;10;2;;;1;1;1;;;1;998
5;5;21;28;28079;;3;2;No inventariada;;9;4;2;;;1;3;1;;;1;998
5;6;15;28;28079;;3;2;No inventariada;;9;2;1;1;;1;1;1;;;1;998
5;6;17;28;28079;;3;2;No inventariada;;9;10;2;;;1;1;1;;;1;998
5;6;18;28;28079;;3;2;No inventariada;;9;7;2;;;1;1;1;;;1;998
5;5;20;28;28079;;3;2;No inventariada;;9;2;1;2;;1;2;1;;;1;998
5;6;17;28;28079;;3;2;No inventariada;;9;7;1;1;;1;1;1;;;1;998
5;6;20;28;28079;;3;2;No inventariada;;9;2;1;1;;1;1;1;;;18;998
5;6;1;28;28079;;3;2;No inventariada;;9;6;2;;;1;4;1;;;1;998
5;6;22;28;28079;;3;2;No inventariada;;9;10;2;;;1;4;1;;;1;998
5;6;23;28;28079;;3;2;No inventariada;;9;10;2;;;1;4;1;;;1;998
5;7;1;28;28079;;3;2;No inventariada;;9;2;2;;;1;4;1;;;1;998
5;7;3;28;28079;;3;2;No inventariada;;9;2;1;1;;1;4;1;;;1;998
5;6;12;28;28079;;3;2;No inventariada;;9;2;2;;;1;1;1;;;12;998
5;6;13;28;28079;;3;2;No inventariada;;9;10;2;;;1;1;1;;;1;998
5;7;6;28;28079;;3;2;No inventariada;;9;3;2;;;1;4;1;;;1;998
5;6;14;28;28079;;3;2;No inventariada;;9;10;2;;;1;1;1;;;9;998
5;5;12;28;28079;;3;2;No inventariada;;9;4;1;1;;1;1;1;;;1;998
5;6;14;28;28079;;3;2;No inventariada;;9;10;1;4;;8;1;1;;;1;998
5;7;11;28;28079;;3;2;No inventariada;;9;10;2;;;1;1;1;;;1;998
5;7;9;28;28079;;3;2;No inventariada;;9;2;2;;;1;1;1;;;1;998
5;6;17;28;28079;;3;2;No inventariada;;9;10;2;;;1;1;1;;;1;998
5;7;16;28;28079;;3;2;No inventariada;;9;10;1;2;;3;1;3;;;1;998
5;6;21;28;28079;;3;2;No inventariada;;9;4;2;;;1;4;1;;;1;998
5;7;15;28;28079;;3;2;No inventariada;;9;7;1;2;;1;1;2;;;1;998
5;7;16;28;28079;;3;2;No inventariada;;9;6;2;;;1;1;2;;;1;998
5;7;19;28;28079;;3;2;No inventariada;;9;2;1;2;;1;1;1;;;1;998
5;7;21;28;28079;;3;2;No inventariada;;9;10;1;1;;3;4;4;;;1;998
5;7;20;28;28079;;3;2;No inventariada;;9;6;2;;;1;2;2;;;1;998
5;7;21;28;28079;;3;2;No inventariada;;9;5;2;;;3;3;3;;;5;998
4;4;23;28;28079;;3;2;No inventariada;;9;3;1;2;;1;4;1;;;1;998
5;7;22;28;28079;;3;2;No inventariada;;9;10;2;;;3;4;4;;;5;998
5;1;7;28;28079;;3;2;No inventariada;;9;16;1;2;;1;1;1;;;1;998
5;1;8;28;28079;;3;2;No inventariada;;9;10;2;;;3;2;2;;;18;998
5;7;8;28;28079;;3;2;No inventariada;;9;2;1;4;;1;1;1;;;18;998
5;1;8;28;28079;;3;2;No inventariada;;9;4;2;;;1;1;1;;;1;998
5;1;9;28;28079;;3;2;No inventariada;;9;4;2;;;3;1;1;;;1;998
5;1;8;28;28079;;3;2;No inventariada;;9;2;2;;;1;1;1;;;1;998
5;1;11;28;28079;;3;2;No inventariada;;9;2;1;2;;1;1;1;;;1;998
5;1;12;28;28079;;3;2;No inventariada;;9;7;2;;;1;1;1;;;1;998
5;1;9;28;28079;;3;2;No inventariada;;9;16;1;2;;1;1;1;;;1;998
5;7;12;28;28079;;3;2;No inventariada;;9;7;2;;;1;1;1;;;1;998
5;7;18;28;28079;;3;2;No inventariada;;9;6;2;;;1;1;1;;;1;998
5;5;21;28;28079;;3;2;No inventariada;;9;2;1;1;;1;4;1;;;1;998
5;1;17;28;28079;;3;2;No inventariada;;9;16;1;1;;1;1;1;;;1;998
5;1;17;28;28079;;3;2;No inventariada;;9;4;2;;;1;1;1;;;1;998
5;1;17;28;28079;;3;2;No inventariada;;9;2;1;1;;1;1;1;;;1;998
5;1;17;28;28079;;3;2;No inventariada;;9;3;1;1;;1;1;1;;;1;998
5;7;22;28;28079;;3;2;No inventariada;;9;10;1;2;;3;4;4;;;5;998
5;1;18;28;28079;;3;2;No inventariada;;9;2;2;;;1;1;1;;;1;998
5;1;16;28;28079;;3;2;No inventariada;;9;7;1;1;;1;1;1;;;1;998
5;7;20;28;28079;;3;2;No inventariada;;9;7;2;;;1;1;2;;;1;998
5;1;18;28;28079;;3;2;No inventariada;;9;2;1;1;;1;1;1;;;1;998
5;1;19;28;28079;;3;2;No inventariada;;9;7;2;;;1;1;1;;;1;998
5;7;19;28;28079;;3;2;No inventariada;;9;10;1;1;;1;1;1;;;1;998
5;1;19;28;28079;;3;2;No inventariada;;9;7;2;;;1;1;1;;;6;998
5;1;22;28;28079;;3;2;No inventariada;;9;2;1;1;;1;4;2;;;1;998
5;1;22;28;28079;;3;2;No inventariada;;9;4;2;;;1;4;1;;;1;998
5;2;8;28;28079;;3;2;No inventariada;;9;4;2;;;1;1;1;;;1;998
5;2;9;28;28079;;1;1;M-607;15,5;3;5;2;;;1;1;1;;;1;1
5;2;9;28;28079;;3;2;No inventariada;;9;10;2;;;3;1;1;;;1;998
5;2;9;28;28079;;3;2;No inventariada;;9;4;1;2;;1;1;1;;;1;998
5;2;11;28;28079;;3;2;No inventariada;;9;10;1;2;;1;1;1;;;1;998
5;2;12;28;28079;;3;2;No inventariada;;9;7;2;;;1;1;1;;;9;998
5;2;9;28;28079;;3;2;No inventariada;;9;3;1;5;;1;1;1;;;1;998
5;2;12;28;28079;;3;2;No inventariada;;9;4;2;;;1;1;1;;;1;998
5;2;8;28;28079;;3;2;No inventariada;;9;2;1;1;;1;1;1;;;12;998
5;2;15;28;28079;;1;1;M-40;31,4;3;3;2;;;1;1;1;;;1;1
4;5;16;28;28079;;3;2;No inventariada;;9;4;2;;;1;1;1;;;1;998
5;2;15;28;28079;;1;1;M-45;17,107;3;4;1;4;M-45;1;1;1;;;1;1
5;5;21;28;28079;;3;2;No inventariada;;9;7;2;;;1;3;1;;;1;998
5;2;15;28;28079;;3;2;No inventariada;;9;4;2;;;1;1;1;;;1;998
5;2;17;28;28079;;3;2;No inventariada;;9;12;1;4;;1;1;1;;;1;998
5;2;16;28;28079;;3;2;No inventariada;;9;4;1;1;;1;1;1;;;1;998
5;1;15;28;28079;;3;2;No inventariada;;9;5;2;;;1;1;1;;;1;998
5;2;17;28;28079;;3;2;No inventariada;;9;5;2;;;1;1;1;;;1;998
5;1;15;28;28079;;3;2;No inventariada;;9;2;2;;;1;1;1;;;1;998
5;1;20;28;28079;;3;2;No inventariada;;9;2;1;4;;1;1;1;;;1;998
5;2;15;28;28079;;3;2;No inventariada;;9;16;2;;;1;1;1;;;1;998
5;2;13;28;28079;;3;2;No inventariada;;9;2;1;1;;1;1;1;;;1;998
5;2;15;28;28079;;3;2;No inventariada;;9;10;2;;;1;1;1;;;1;998
5;2;19;28;28079;;3;2;No inventariada;;9;7;1;2;;1;1;1;;;1;998
5;2;18;28;28079;;3;2;No inventariada;;9;4;2;;;1;1;1;;;1;998
5;2;15;28;28079;;3;2;No inventariada;;9;2;1;2;;1;1;1;;;1;998
5;2;16;28;28079;;3;2;No inventariada;;9;4;1;1;;1;1;1;;;1;998
5;2;17;28;28079;;3;2;No inventariada;;9;2;1;1;;1;1;1;;;18;998
5;2;20;28;28079;;3;2;No inventariada;;9;7;2;;;1;1;1;;;18;998
4;5;5;28;28079;;3;2;No inventariada;;9;6;1;4;;1;4;1;;;1;998
5;2;23;28;28079;;3;2;No inventariada;;9;10;2;;;1;4;1;;;1;998
5;2;22;28;28079;;3;2;No inventariada;;9;2;1;1;;1;4;1;;;1;998
5;2;23;28;28079;;3;2;No inventariada;;9;3;1;2;;1;4;1;;;1;998
5;3;0;28;28079;;3;2;No inventariada;;9;4;2;;;1;4;1;;;1;998
4;5;8;28;28079;;3;2;No inventariada;;9;2;1;2;;1;1;1;;;18;998
5;3;7;28;28079;;3;2;No inventariada;;9;3;2;;;1;1;1;;;1;998
5;2;14;28;28079;;3;2;No inventariada;;9;1;1;2;;1;1;1;;;1;998
5;3;9;28;28079;;3;2;No inventariada;;9;4;2;;;1;1;1;;;1;998
5;3;10;28;28079;;3;2;No inventariada;;9;12;1;1;;1;1;1;;;1;998
5;2;9;28;28079;;3;2;No inventariada;;9;2;1;4;;1;1;1;;;1;998
5;3;13;28;28079;;3;2;No inventariada;;9;10;2;;;1;1;1;;;1;998
5;3;10;28;28079;;3;2;No inventariada;;9;2;2;;;1;1;1;;;1;998
5;3;10;28;28079;;3;2;No inventariada;;9;3;2;;;1;4;1;;;1;998
5;3;12;28;28079;;3;2;No inventariada;;9;7;1;2;;1;1;1;;;1;998
5;3;14;28;28079;;3;2;No inventariada;;9;2;1;1;;1;1;1;;;1;998
5;3;16;28;28079;;3;2;No inventariada;;9;12;1;1;;1;1;1;;;18;998
5;3;17;28;28079;;3;2;No inventariada;;9;2;2;;;1;1;1;;;1;998
5;3;16;28;28079;;3;2;No inventariada;;9;7;2;;;1;1;1;;;1;998
5;3;17;28;28079;;3;2;No inventariada;;9;2;1;4;;1;1;1;;;1;998
5;3;16;28;28079;;3;2;No inventariada;;9;2;1;1;;1;1;1;;;18;998
5;3;19;28;28079;;3;2;No inventariada;;9;7;2;;;1;1;1;;;1;998
5;3;17;28;28079;;3;2;No inventariada;;9;1;2;;;1;1;1;;;1;998
5;3;19;28;28079;;3;2;No inventariada;;9;2;1;1;;1;1;1;;;1;998
5;3;19;28;28079;;3;2;No inventariada;;9;20;2;;;1;1;1;;;1;998
5;3;15;28;28079;;3;2;No inventariada;;9;3;1;2;;1;1;1;;;1;998
5;3;21;28;28079;;3;2;No inventariada;;9;3;2;;;1;1;1;;;1;998
5;3;22;28;28079;;3;2;No inventariada;;9;2;1;4;;1;4;1;;;1;998
5;4;0;28;28079;;3;2;No inventariada;;9;4;2;;;1;4;1;;;18;998
5;3;2;28;28079;;3;2;No inventariada;;9;6;2;;;1;4;1;;;1;998
5;4;0;28;28079;;3;2;No inventariada;;9;2;1;4;;1;4;1;;;1;998
5;2;10;28;28079;;3;2;No inventariada;;9;10;2;;;1;1;1;;;1;998
5;3;13;28;28079;;3;2;No inventariada;;9;7;2;;;1;1;1;;;1;998
5;2;14;28;28079;;3;2;No inventariada;;9;1;2;;;1;1;1;;;1;998
5;3;9;28;28079;;3;2;No inventariada;;9;2;1;1;;1;1;1;;;1;998
5;3;8;28;28079;;3;2;No inventariada;;9;1;2;;;1;1;1;;;1;998
5;2;13;28;28079;;3;2;No inventariada;;9;2;1;1;;1;1;1;;;1;998