MES;DIA_SEMANA;HORA;COD_PROVINCIA;COD_MUNICIPIO;ISLA;ZONA;ZONA_AGRUPADA;CARRETERA;KM;TIPO_VIA;TIPO_ACCIDENTE;NUDO;NUDO_INFO;CARRETERA_CRUCE;CONDICION_FIRME;CONDICION_ILUMINACION;CONDICION_METEO;CONDICION_NIEBLA;CONDICION_VIENTO;VISIB_RESTRINGIDA_POR;TRAZADO_PLANTA
5;4;9;28;28079;;3;2;No inventariada;;9;2;1;1;;1;1;1;;;18;998
5;2;0;28;28079;;3;2;No inventariada;;9;1;1;2;;1;1;1;;;1;998
5;3;13;28;28079;;3;2;No inventariada;;9;12;1;1;;1;1;1;;;1;998
5;6;20;28;28079;;3;2;No inventariada;;9;20;2;;;9;2;7;;;1;998
5;4;10;28;28079;;3;2;No inventariada;;9;7;1;4;;1;1;1;;;1;998
5;4;11;28;28079;;3;2;No inventariada;;9;10;2;;;1;1;1;;;1;998
5;4;14;28;28079;;3;2;No inventariada;;9;1;1;1;;1;1;1;;;1;998
5;4;15;28;28079;;3;2;No inventariada;;9;7;1;2;;1;1;1;;;1;998
5;4;14;28;28079;;3;2;No inventariada;;9;1;2;;;1;1;1;;;1;998
5;3;22;28;28079;;3;2;No inventariada;;9;2;2;;;1;4;1;;;1;998
5;4;18;28;28079;;1;1;M-40;5,3;3;4;2;;;1;1;1;;;1;1
5;4;19;28;28079;;3;2;No inventariada;;9;12;1;2;;1;1;1;;;1;998
5;4;20;28;28079;;3;2;No inventariada;;9;16;1;2;;1;2;1;;;1;998
5;4;19;28;28079;;3;2;No inventariada;;9;2;1;1;;1;1;1;;;1;998
5;4;23;28;28079;;3;2;No inventariada;;9;7;2;;;1;4;1;;;1;998
5;5;7;28;28079;;1;1;M-50;36,8;2;3;2;;;1;1;1;;;1;1
5;4;12;28;28079;;3;2;No inventariada;;9;4;2;;;1;1;1;;;1;998
5;5;8;28;28079;;3;2;No inventariada;;9;7;2;;;1;1;1;;;1;998
5;5;7;28;28079;;3;2;No inventariada;;9;2;1;1;;1;2;1;;;1;998
5;3;12;28;28079;;3;2;No inventariada;;9;12;1;1;;1;1;1;;;1;998
5;5;8;28;28079;;3;2;No inventariada;;9;4;1;5;;1;1;1;;;1;998
5;5;9;28;28079;;3;2;No inventariada;;9;4;1;2;;1;1;1;;;1;998
5;5;10;28;28079;;3;2;No inventariada;;9;2;1;2;;1;1;1;;;1;998
5;5;14;28;28079;;3;2;No inventariada;;9;4;1;4;;1;1;1;;;1;998
5;3;17;28;28079;;3;2;No inventariada;;9;5;1;1;;1;1;1;;;1;998
5;5;15;28;28079;;3;2;No inventariada;;9;3;1;4;;1;1;1;;;1;998
5;4;21;28;28079;;3;2;No inventariada;;9;10;2;;;1;3;1;;;1;998
5;5;17;28;28079;;3;2;No inventariada;;9;7;2;;;1;1;1;;;1;998
5;5;17;28;28079;;3;2;No inventariada;;9;7;1;1;;1;1;1;;;18;998
5;5;16;28;28079;;3;2;No inventariada;;9;1;2;;;1;1;1;;;1;998
5;5;19;28;28079;;1;1;M-40;10,3;3;3;2;;;1;1;1;;;1;1
5;1;14;28;28079;;3;2;No inventariada;;9;12;1;2;;1;1;1;;;1;998
5;5;16;28;28079;;3;2;No inventariada;;9;4;1;1;;1;1;1;;;1;998
5;5;20;28;28079;;3;2;No inventariada;;9;10;1;6;;1;1;1;;;1;998
5;5;20;28;28079;;3;2;No inventariada;;9;1;2;;;1;2;1;;;1;998
5;4;21;28;28079;;3;2;No inventariada;;9;3;1;2;;1;3;1;;;1;998
5;5;20;28;28079;;1;1;M-40;22,007;3;4;2;;;1;1;1;;;1;1
5;5;20;28;28079;;3;2;No inventariada;;9;2;1;2;;1;1;1;;;6;998
5;5;19;28;28079;;3;2;No inventariada;;9;5;2;;;1;1;1;;;1;998
5;5;20;28;28079;;3;2;No inventariada;;9;10;1;1;;1;1;1;;;1;998
5;6;1;28;28079;;3;2;No inventariada;;9;10;1;1;;1;4;1;;;1;998
5;6;1;28;28079;;3;2;No inventariada;;9;2;1;2;;1;4;1;;;18;998
5;6;8;28;28079;;3;2;No inventariada;;9;16;2;;;1;1;1;;;1;998
5;6;8;28;28079;;3;2;No inventariada;;9;6;1;5;;1;1;1;;;1;998
5;6;10;28;28079;;1;1;M-203;4,8;6;4;2;;;1;1;1;;;1;1
5;6;10;28;28079;;3;2;No inventariada;;9;2;1;2;;1;1;1;;;1;998
5;6;10;28;28079;;3;2;No inventariada;;9;4;2;;;1;1;1;;;1;998
5;6;12;28;28079;;3;2;No inventariada;;9;1;1;2;;1;1;1;;;18;998
5;6;13;28;28079;;3;2;No inventariada;;9;1;2;;;1;1;1;;;1;998
5;6;14;28;28079;;3;2;No inventariada;;9;2;2;;;1;1;1;;;1;998
5;5;14;28;28079;;3;2;No inventariada;;9;4;2;;;1;1;1;;;1;998
5;5;16;28;28079;;3;2;No inventariada;;9;7;2;;;1;1;1;;;1;998
5;5;23;28;28079;;3;2;No inventariada;;9;18;1;2;;1;4;1;;;1;998
5;6;19;28;28079;;1;1;M-31;0,5;2;12;2;;;1;1;1;;;1;2
5;6;17;28;28079;;3;2;No inventariada;;9;3;1;2;;1;1;1;;;1;998
5;6;21;28;28079;;3;2;No inventariada;;9;4;2;;;1;2;1;;;1;998
5;4;2;28;28079;;3;2;No inventariada;;9;12;1;1;;1;4;1;;;1;998
5;6;22;28;28079;;3;2;No inventariada;;9;7;2;;;1;4;1;;;1;998
5;6;6;28;28079;;3;2;No inventariada;;9;6;2;;;1;3;1;;;1;998
5;6;17;28;28079;;3;2;No inventariada;;9;5;1;1;;1;1;1;;;1;998
5;3;4;28;28079;;3;2;No inventariada;;9;6;2;;;1;4;1;;;1;998
5;6;23;28;28079;;3;2;No inventariada;;9;10;1;2;;1;4;1;;;1;998
5;6;4;28;28079;;3;2;No inventariada;;9;10;2;;;1;4;1;;;1;998
5;6;21;28;28079;;3;2;No inventariada;;9;6;2;;;1;4;1;;;1;998
5;7;5;28;28079;;3;2;No inventariada;;9;2;1;1;;1;4;1;;;1;998
5;7;6;28;28079;;3;2;No inventariada;;9;10;2;;;1;1;1;;;1;998
5;6;13;28;28079;;3;2;No inventariada;;9;10;1;1;;1;1;1;;;1;998
5;6;13;28;28079;;3;2;No inventariada;;9;10;2;;;1;1;1;;;1;998
5;7;7;28;28079;;3;2;No inventariada;;9;10;2;;;1;1;1;;;1;998
5;7;11;28;28079;;3;2;No inventariada;;9;6;2;;;1;1;1;;;1;998
5;7;12;28;28079;;3;2;No inventariada;;9;10;1;2;;1;1;1;;;18;998
5;6;13;28;28079;;3;2;No inventariada;;9;10;1;4;;1;1;1;;;1;998
5;6;21;28;28079;;3;2;No inventariada;;9;7;2;;;1;1;1;;;1;998
5;6;22;28;28079;;3;2;No inventariada;;9;7;1;1;;1;4;1;;;1;998
5;7;14;28;28079;;3;2;No inventariada;;9;10;2;;;7;1;1;;;1;998
5;6;17;28;28079;;3;2;No inventariada;;9;2;1;4;;1;1;1;;;1;998
5;6;20;28;28079;;3;2;No inventariada;;9;4;2;;;1;1;1;;;1;998
5;7;12;28;28079;;3;2;No inventariada;;9;1;2;;;1;1;1;;;1;998
5;7;16;28;28079;;3;2;No inventariada;;9;3;2;;;1;1;1;;;1;998
5;7;19;28;28079;;3;2;No inventariada;;9;4;1;1;;1;1;1;;;1;998
5;5;21;28;28079;;3;2;No inventariada;;9;7;1;2;;1;4;1;;;1;998
5;7;0;28;28079;;3;2;No inventariada;;9;3;2;;;1;4;1;;;1;998
5;6;0;28;28079;;3;2;No inventariada;;9;12;1;2;;1;4;1;;;1;998
5;7;17;28;28079;;3;2;No inventariada;;9;16;1;2;;1;1;1;;;1;998
5;7;23;28;28079;;3;2;No inventariada;;9;4;1;2;;1;4;1;;;1;998
5;7;6;28;28079;;3;2;No inventariada;;9;6;2;;;1;3;1;;;1;998
5;2;7;28;28079;;1;1;A-42;7,4;3;4;2;;;1;1;1;;;1;1
5;6;12;28;28079;;1;1;M-40;23,9;3;4;2;;;1;1;1;;;1;1
5;7;22;28;28079;;3;2;No inventariada;;9;3;1;2;;1;4;1;;;1;998
5;7;17;28;28079;;3;2;No inventariada;;9;18;2;;;1;1;1;;;1;998
5;7;2;28;28079;;3;2;No inventariada;;9;7;2;;;1;4;1;;;18;998
5;7;23;28;28079;;3;2;No inventariada;;9;7;2;;;1;4;1;;;1;998
5;5;13;28;28079;;3;2;No inventariada;;9;10;1;1;;1;1;1;;;1;998
5;6;13;28;28079;;3;2;No inventariada;;9;2;2;;;1;1;1;;;1;998
5;6;7;28;28079;;3;2;No inventariada;;9;4;2;;;1;1;1;;;6;998
5;1;9;28;28079;;3;2;No inventariada;;9;2;1;4;;1;1;1;;;1;998
5;7;13;28;28079;;3;2;No inventariada;;9;4;1;4;;1;1;1;;;1;998
5;1;8;28;28079;;3;2;No inventariada;;9;2;1;2;;1;1;1;;;1;998
5;1;8;28;28079;;3;2;No inventariada;;9;5;2;;;1;1;1;;;1;998
5;7;13;28;28079;;3;2;No inventariada;;9;7;2;;;1;1;1;;;1;998
5;1;9;28;28079;;3;2;No inventariada;;9;19;2;;;1;1;1;;;1;998
5;7;11;28;28079;;3;2;No inventariada;;9;10;2;;;1;1;1;;;1;998
5;1;11;28;28079;;3;2;No inventariada;;9;7;2;;;1;1;1;;;1;998
5;1;11;28;28079;;3;2;No inventariada;;9;4;1;1;;1;1;1;;;1;998
5;1;13;28;28079;;1;1;M-40;26,5;3;10;2;;;1;1;1;;;1;1
5;1;12;28;28079;;3;2;No inventariada;;9;7;2;;;1;1;1;;;1;998
5;1;15;28;28079;;1;1;M-40;47,5;3;4;2;;;1;1;1;;;1;1
5;1;14;28;28079;;3;2;No inventariada;;9;4;2;;;1;1;1;;;1;998
5;1;16;28;28079;;3;2;No inventariada;;9;4;2;;;1;1;1;;;1;998
5;1;15;28;28079;;3;2;No inventariada;;9;10;2;;;8;1;1;;;1;998
5;1;16;28;28079;;3;2;No inventariada;;9;4;2;;;1;1;1;;;18;998
5;1;16;28;28079;;3;2;No inventariada;;9;4;2;;;1;1;1;;;18;998
5;5;18;28;28079;;3;2;No inventariada;;9;2;1;2;;1;1;1;;;1;998
5;7;20;28;28079;;3;2;No inventariada;;9;4;1;1;;1;1;1;;;1;998
5;1;18;28;28079;;3;2;No inventariada;;9;4;1;2;;1;1;1;;;1;998
5;1;15;28;28079;;3;2;No inventariada;;9;2;2;;;1;1;1;;;1;998
5;1;16;28;28079;;3;2;No inventariada;;9;2;1;1;;1;1;1;;;1;998
5;1;18;28;28079;;3;2;No inventariada;;9;7;1;1;;1;1;1;;;1;998
5;5;19;28;28079;;3;2;No inventariada;;9;3;2;;;1;1;1;;;1;998
5;1;16;28;28079;;3;2;No inventariada;;9;2;1;1;;1;1;1;;;1;998
5;1;21;28;28079;;3;2;No inventariada;;9;4;2;;;1;3;1;;;1;998
5;2;0;28;28079;;3;2;No inventariada;;9;10;1;2;;1;4;1;;;1;998
5;2;0;28;28079;;3;2;No inventariada;;9;12;2;;;1;4;1;;;1;998
5;2;1;28;28079;;3;2;No inventariada;;9;4;1;1;;1;4;1;;;1;998
5;3;13;28;28079;;3;2;No inventariada;;9;4;1;2;;1;1;1;;;1;998
5;5;13;28;28079;;3;2;No inventariada;;9;19;1;5;;1;1;1;;;1;998
5;2;11;28;28079;;3;2;No inventariada;;9;9;2;;;1;1;1;;;1;998
5;1;12;28;28079;;3;2;No inventariada;;9;16;1;1;;1;1;1;;;1;998
5;2;9;28;28079;;3;2;No inventariada;;9;12;1;1;;1;1;2;;;1;998
5;2;14;28;28079;;3;2;No inventariada;;9;4;2;;;1;1;1;;;1;998
5;2;14;28;28079;;3;2;No inventariada;;9;2;1;1;;1;1;1;;;18;998
5;2;15;28;28079;;3;2;No inventariada;;9;7;2;;;1;1;1;;;1;998
5;2;17;28;28079;;3;2;No inventariada;;9;4;1;2;;1;1;1;;;1;998
5;2;17;28;28079;;3;2;No inventariada;;9;2;1;1;;1;1;1;;;1;998
4;5;14;28;28079;;3;2;No inventariada;;9;3;2;;;1;1;1;;;1;998
5;2;14;28;28079;;3;2;No inventariada;;9;4;2;;;1;1;1;;;1;998
5;1;14;28;28079;;3;2;No inventariada;;9;7;2;;;1;1;1;;;1;998
5;2;17;28;28079;;3;2;No inventariada;;9;20;1;1;;1;1;2;;;1;998
5;2;17;28;28079;;3;2;No inventariada;;9;4;1;4;;1;1;1;;;1;998
5;1;15;28;28079;;3;2;No inventariada;;9;10;2;;;1;1;1;;;1;998
5;1;20;28;28079;;3;2;No inventariada;;9;10;2;;;1;1;1;;;1;998
5;2;18;28;28079;;3;2;No inventariada;;9;5;2;;;1;1;1;;;1;998
5;2;19;28;28079;;3;2;No inventariada;;9;10;2;;;3;1;3;;;1;998
5;2;23;28;28079;;3;2;No inventariada;;9;2;1;2;;1;4;1;;;1;998
5;3;0;28;28079;;3;2;No inventariada;;9;3;1;1;;1;4;2;;;1;998
5;4;19;28;28079;;3;2;No inventariada;;9;4;2;;;1;1;1;;;1;998
5;3;1;28;28079;;3;2;No inventariada;;9;10;1;2;;1;4;1;;;1;998
5;3;1;28;28079;;3;2;No inventariada;;9;9;2;;;1;3;1;;;1;998
5;3;3;28;28079;;3;2;No inventariada;;9;7;2;;;1;6;1;;;18;998
5;3;4;28;28079;;3;2;No inventariada;;9;19;2;;;1;4;1;;;1;998
5;2;12;28;28079;;3;2;No inventariada;;9;4;2;;;1;1;1;;;1;998
5;6;13;28;28079;;3;2;No inventariada;;9;7;2;;;1;1;1;;;1;998
5;2;11;28;28079;;3;2;No inventariada;;9;7;1;1;;1;1;1;;;1;998
5;2;14;28;28079;;3;2;No inventariada;;9;10;1;5;;1;1;1;;;1;998
5;2;10;28;28079;;3;2;No inventariada;;9;2;1;1;;1;1;1;;;1;998
5;2;14;28;28079;;3;2;No inventariada;;9;10;1;4;;1;1;1;;;1;998
5;2;11;28;28079;;3;2;No inventariada;;9;7;2;;;1;1;1;;;1;998
5;3;8;28;28079;;3;2;No inventariada;;9;1;1;2;;1;1;1;;;1;998
5;2;14;28;28079;;3;2;No inventariada;;9;2;1;2;;1;1;1;;;1;998
5;2;8;28;28079;;3;2;No inventariada;;9;10;2;;;1;1;1;;;1;998
5;3;13;28;28079;;3;2;No inventariada;;9;10;2;;;1;1;1;;;1;998
5;3;12;28;28079;;3;2;No inventariada;;9;4;2;;;1;4;1;;;1;998
5;5;21;28;28079;;3;2;No inventariada;;9;10;1;2;;1;4;1;;;18;998
5;2;20;28;28079;;3;2;No inventariada;;9;2;1;1;;1;1;2;;;1;998
5;1;21;28;28079;;3;2;No inventariada;;9;10;2;;;1;4;1;;;18;998
5;3;18;28;28079;;3;2;No inventariada;;9;7;1;2;;1;1;1;;;1;998
5;3;18;28;28079;;3;2;No inventariada;;9;10;1;1;;1;1;1;;;1;998
5;3;18;28;28079;;3;2;No inventariada;;9;2;1;2;;1;1;1;;;1;998
5;3;16;28;28079;;3;2;No inventariada;;9;1;1;4;;1;1;1;;;1;998
5;3;19;28;28079;;3;2;No inventariada;;9;20;1;4;;1;1;1;;;18;998
5;3;19;28;28079;;3;2;No inventariada;;9;4;1;2;;1;1;1;;;1;998
5;3;17;28;28079;;3;2;No inventariada;;9;16;1;4;;1;1;1;;;1;998
5;3;19;28;28079;;3;2;No inventariada;;9;15;1;4;;1;1;2;;;18;998
5;2;21;28;28079;;3;2;No inventariada;;9;2;1;4;;9;2;7;;;18;998
5;3;21;28;28079;;3;2;No inventariada;;9;2;1;1;;1;1;1;;;1;998
5;3;20;28;28079;;3;2;No inventariada;;9;4;1;2;;1;1;1;;;1;998
5;3;10;28;28079;;3;2;No inventariada;;9;2;1;5;;1;4;1;;;1;998
5;4;1;28;28079;;3;2;No inventariada;;9;2;1;2;;1;4;2;;;1;998
5;3;23;28;28079;;3;2;No inventariada;;9;10;2;;;1;4;1;;;1;998
5;5;14;28;28079;;3;2;No inventariada;;9;2;1;1;;1;1;1;;;18;998
5;4;8;28;28079;;1;1;A-1;9,7;3;3;2;;;1;1;1;;;10;1
5;4;9;28;28079;;3;2;No inventariada;;9;7;2;;;1;1;1;;;6;998
5;2;11;28;28079;;3;2;No inventariada;;9;3;1;4;;1;1;1;;;1;998
5;4;9;28;28079;;3;2;No inventariada;;9;4;1;4;;1;1;1;;;6;998
5;4;8;28;28079;;3;2;No inventariada;;9;2;1;1;;1;1;1;;;9;998
5;4;11;28;28079;;1;1;M-14;0,346;2;18;2;;;1;1;1;;;1;1
5;3;13;28;28079;;3;2;No inventariada;;9;10;2;;;1;1;1;;;1;998
5;4;8;28;28079;;3;2;No inventariada;;9;4;2;;;1;1;1;;;1;998
5;4;11;28;28079;;3;2;No inventariada;;9;2;1;4;;1;1;1;;;1;998
5;4;9;28;28079;;3;2;No inventariada;;9;4;1;4;;1;1;1;;;1;998
5;4;9;28;28079;;3;2;No inventariada;;9;7;2;;;1;1;1;;;6;998
5;4;12;28;28079;;3;2;No inventariada;;9;4;2;;;1;1;1;;;1;998
5;5;15;28;28079;;3;2;No inventariada;;9;4;2;;;1;1;1;;;1;998
5;4;14;28;28079;;3;2;No inventariada;;9;3;1;2;;1;1;1;;;1;998
5;4;14;28;28079;;3;2;No inventariada;;9;2;1;1;;1;1;1;;;1;998
5;4;15;28;28079;;3;2;No inventariada;;9;5;2;;;1;1;1;;;1;998
5;2;20;28;28079;;3;2;No inventariada;;9;4;2;;;1;1;1;;;4;998
5;1;14;28;28079;;3;2;No inventariada;;9;2;1;2;;1;1;1;;;1;998
5;4;17;28;28079;;3;2;No inventariada;;9;2;1;1;;1;1;1;;;18;998
5;4;15;28;28079;;3;2;No inventariada;;9;7;2;;;1;1;1;;;1;998
5;4;13;28;28079;;3;2;No inventariada;;9;2;1;2;;1;1;2;;;1;998
5;5;18;28;28079;;3;2;No inventariada;;9;2;1;1;;1;1;1;;;1;998
5;7;22;28;28079;;3;2;No inventariada;;9;7;1;4;;1;4;1;;;1;998
5;4;18;28;28079;;3;2;No inventariada;;9;3;2;;;1;1;1;;;1;998
5;4;14;28;28079;;3;2;No inventariada;;9;3;1;1;;1;1;1;;;1;998
5;4;19;28;28079;;3;2;No inventariada;;9;4;1;1;;1;1;1;;;1;998
5;4;15;28;28079;;3;2;No inventariada;;9;10;2;;;1;4;1;;;1;998
5;4;18;28;28079;;3;2;No inventariada;;9;2;1;1;;1;1;1;;;1;998
5;4;21;28;28079;;3;2;No inventariada;;9;3;2;;;1;1;1;;;1;998
5;4;21;28;28079;;3;2;No inventariada;;9;10;1;2;;1;4;1;;;1;998
5;4;22;28;28079;;3;2;No inventariada;;9;2;1;2;;1;4;1;;;1;998
5;5;1;28;28079;;3;2;No inventariada;;9;10;1;2;;1;4;1;;;1;998
5;5;0;28;28079;;3;2;No inventariada;;9;10;2;;;1;4;1;;;1;998
5;4;13;28;28079;;3;2;No inventariada;;9;12;1;1;;1;1;1;;;1;998
5;3;12;28;28079;;3;2;No inventariada;;9;4;1;2;;1;1;1;;;1;998
5;1;13;28;28079;;3;2;No inventariada;;9;2;1;5;;1;1;1;;;1;998
5;5;8;28;28079;;3;2;No inventariada;;9;4;2;;;1;1;1;;;1;998
5;4;11;28;28079;;3;2;No inventariada;;9;2;2;;;1;1;2;;;1;998
5;5;10;28;28079;;3;2;No inventariada;;9;7;2;;;1;1;1;;;1;998
5;5;11;28;28079;;3;2;No inventariada;;9;10;2;;;1;1;2;;;1;998
5;2;14;28;28079;;3;2;No inventariada;;9;4;1;2;;1;1;1;;;1;998
4;1;11;28;28079;;3;2;No inventariada;;9;5;2;;;1;1;1;;;1;998
5;4;7;28;28079;;3;2;No inventariada;;9;4;2;;;1;1;1;;;1;998
5;5;8;28;28079;;3;2;No inventariada;;9;4;2;;;1;1;1;;;1;998
5;5;12;28;28079;;3;2;No inventariada;;9;1;2;;;1;1;2;;;1;998
5;5;14;28;28079;;3;2;No inventariada;;9;2;2;;;1;1;1;;;1;998
5;5;8;28;28079;;3;2;No inventariada;;9;5;2;;;1;1;1;;;1;998
5;5;15;28;28079;;3;2;No inventariada;;9;7;1;1;;1;1;1;;;18;998
5;3;16;28;28079;;1;1;A-6;7,9;2;16;2;;;1;1;1;;;1;2
5;5;15;28;28079;;3;2;No inventariada;;9;10;2;;;1;1;1;;;1;998
5;4;21;28;28079;;3;2;No inventariada;;9;3;1;1;;1;3;1;;;1;998
5;5;15;28;28079;;3;2;No inventariada;;9;4;2;;;1;1;1;;;1;998
5;5;16;28;28079;;3;2;No inventariada;;9;10;2;;;3;1;1;;;1;998
5;5;15;28;28079;;3;2;No inventariada;;9;2;2;;;1;1;1;;;18;998
5;5;15;28;28079;;3;2;No inventariada;;9;2;2;;;1;1;1;;;1;998
5;4;15;28;28079;;3;2;No inventariada;;9;2;1;2;;1;1;1;;;1;998
5;5;14;28;28079;;3;2;No inventariada;;9;10;2;;;8;1;1;;;1;998
5;5;16;28;28079;;3;2;No inventariada;;9;4;1;4;;1;1;1;;;1;998
5;2;21;28;28079;;3;2;No inventariada;;9;4;2;;;1;2;1;;;18;998
5;4;20;28;28079;;3;2;No inventariada;;9;7;1;2;;1;2;1;;;1;998
5;5;17;28;28079;;3;2;No inventariada;;9;10;2;;;1;1;1;;;1;998
5;3;17;28;28079;;3;2;No inventariada;;9;4;2;;;1;1;1;;;1;998
5;5;14;28;28079;;3;2;No inventariada;;9;4;2;;;1;1;1;;;1;998
5;5;14;28;28079;;3;2;No inventariada;;9;3;1;4;;1;1;1;;;1;998
5;4;21;28;28079;;3;2;No inventariada;;9;1;2;;;1;4;2;;;18;998
5;5;20;28;28079;;3;2;No inventariada;;9;4;2;;;1;1;1;;;1;998
5;5;19;28;28079;;3;2;No inventariada;;9;3;2;;;1;1;1;;;1;998
5;5;23;28;28079;;3;2;No inventariada;;9;2;2;;;1;4;1;;;1;998
5;5;23;28;28079;;3;2;No inventariada;;9;2;1;5;;1;3;1;;;1;998
5;6;0;28;28079;;3;2;No inventariada;;9;2;1;4;;1;4;1;;;1;998
5;2;9;28;28079;;3;2;No inventariada;;9;9;1;4;;1;1;1;;;1;998
5;6;8;28;28079;;3;2;No inventariada;;9;10;2;;;1;1;1;;;1;998
5;6;8;28;28079;;3;2;No inventariada;;9;4;1;1;;1;1;1;;;1;998
5;6;8;28;28079;;3;2;No inventariada;;9;3;2;;;1;1;1;;;18;998
5;6;11;28;28079;;3;2;No inventariada;;9;10;1;1;;1;1;1;;;1;998
5;6;11;28;28079;;3;2;No inventariada;;9;4;2;;;1;1;1;;;1;998
5;6;12;28;28079;;3;2;No inventariada;;9;4;1;2;;1;1;1;;;1;998
5;6;11;28;28079;;3;2;No inventariada;;9;4;2;;;1;1;1;;;1;998
5;6;13;28;28079;;3;2;No inventariada;;9;10;2;;;1;1;1;;;1;998
5;6;15;28;28079;;3;2;No inventariada;;9;2;1;1;;1;1;1;;;1;998
5;6;15;28;28079;;3;2;No inventariada;;9;2;1;1;;1;1;1;;;1;998
5;6;16;28;28079;;3;2;No inventariada;;9;3;1;1;;1;1;1;;;18;998
5;6;18;28;28079;;3;2;No inventariada;;9;2;1;1;;1;1;1;;;1;998
5;5;15;28;28079;;3;2;No inventariada;;9;2;1;2;;1;1;1;;;12;998
5;6;15;28;28079;;3;2;No inventariada;;9;9;2;;;1;1;1;;;1;998
5;7;2;28;28079;;1;1;A-1;10,304;3;16;2;;;1;4;1;;;18;1
5;7;3;28;28079;;3;2;No inventariada;;9;10;2;;;1;4;1;;;1;998
5;7;5;28;28079;;3;2;No inventariada;;9;10;2;;;1;4;1;;;1;998
5;6;10;28;28079;;3;2;No inventariada;;9;9;2;;;1;1;1;;;1;998
5;6;14;28;28079;;3;2;No inventariada;;9;2;2;;;1;1;1;;;1;998
5;6;13;28;28079;;3;2;No inventariada;;9;2;1;1;;1;1;1;;;18;998
5;7;8;28;28079;;3;2;No inventariada;;9;6;2;;;1;1;1;;;1;998
5;7;7;28;28079;;3;2;No inventariada;;9;2;1;1;;1;1;1;;;9;998
5;2;10;28;28079;;3;2;No inventariada;;9;5;2;;;1;1;1;;;1;998
5;7;12;28;28079;;3;2;No inventariada;;9;16;1;1;;1;1;1;;;1;998
5;7;13;28;28079;;1;1;A-5;10,9;3;20;2;;;1;1;1;;;1;1
5;6;19;28;28079;;3;2;No inventariada;;9;7;1;1;;1;1;1;;;1;998
5;7;15;28;28079;;3;2;No inventariada;;9;7;2;;;1;1;1;;;9;998
5;6;19;28;28079;;3;2;No inventariada;;9;4;2;;;1;1;1;;;1;998
5;6;21;28;28079;;3;2;No inventariada;;9;10;1;4;;1;4;1;;;1;998
5;7;16;28;28079;;3;2;No inventariada;;9;7;2;;;1;1;1;;;1;998
5;5;19;28;28079;;3;2;No inventariada;;9;12;1;2;;1;1;1;;;1;998
5;7;15;28;28079;;3;2;No inventariada;;9;2;2;;;1;1;1;;;1;998
5;7;19;28;28079;;3;2;No inventariada;;9;2;1;2;;1;1;1;;;1;998
5;7;19;28;28079;;3;2;No inventariada;;9;3;2;;;1;1;1;;;1;998
5;6;17;28;28079;;3;2;No inventariada;;9;2;1;1;;1;1;1;;;18;998
5;6;15;28;28079;;3;2;No inventariada;;9;3;2;;;1;1;1;;;1;998
5;1;1;28;28079;;3;2;No inventariada;;9;7;1;1;;1;4;1;;;1;998
5;1;2;28;28079;;3;2;No inventariada;;9;6;1;2;;1;4;1;;;1;998
5;7;9;28;28079;;3;2;No inventariada;;9;10;2;;;3;4;1;;;1;998
5;6;12;28;28079;;3;2;No inventariada;;9;8;2;;;8;1;1;;;1;998
5;6;10;28;28079;;3;2;No inventariada;;9;2;1;1;;1;1;1;;;1;998
5;1;8;28;28079;;3;2;No inventariada;;9;3;1;5;;1;1;1;;;1;998
5;1;11;28;28079;;3;2;No inventariada;;9;4;1;1;;1;1;1;;;1;998
5;1;9;28;28079;;3;2;No inventariada;;9;2;1;1;;1;1;1;;;1;998
5;1;8;28;28079;;3;2;No inventariada;;9;2;2;;;1;2;1;;;6;998
5;4;10;28;28079;;3;2;No inventariada;;9;12;2;;;1;1;1;;;9;998
5;7;18;28;28079;;3;2;No inventariada;;9;10;2;;;1;2;1;;;1;998
5;7;21;28;28079;;3;2;No inventariada;;9;5;2;;;1;4;1;;;1;998
5;7;19;28;28079;;3;2;No inventariada;;9;2;2;;;1;1;1;;;1;998