MES;DIA_SEMANA;HORA;COD_PROVINCIA;COD_MUNICIPIO;ISLA;ZONA;ZONA_AGRUPADA;CARRETERA;KM;TIPO_VIA;TIPO_ACCIDENTE;NUDO;NUDO_INFO;CARRETERA_CRUCE;CONDICION_FIRME;CONDICION_ILUMINACION;CONDICION_METEO;CONDICION_NIEBLA;CONDICION_VIENTO;VISIB_RESTRINGIDA_POR;TRAZADO_PLANTA
5;1;15;28;28079;;3;2;No inventariada;;9;4;1;1;;3;1;2;;;1;998
5;7;22;28;28079;;3;2;No inventariada;;9;2;2;;;1;4;1;;;1;998
5;7;21;28;28079;;3;2;No inventariada;;9;2;1;1;;3;4;3;;;4;998
5;6;22;28;28079;;3;2;No inventariada;;9;2;1;2;;1;4;1;;;1;998
5;1;17;28;28079;;3;2;No inventariada;;9;6;1;12;;1;1;1;;;18;998
5;1;18;28;28079;;3;2;No inventariada;;9;5;1;2;;1;1;1;;;1;998
5;1;16;28;28079;;3;2;No inventariada;;9;7;2;;;1;1;1;;;1;998
5;1;17;28;28079;;3;2;No inventariada;;9;7;2;;;1;1;1;;;9;998
5;1;19;28;28079;;3;2;No inventariada;;9;7;2;;;1;1;1;;;1;998
5;1;17;28;28079;;3;2;No inventariada;;9;7;1;1;;1;1;1;;;1;998
5;2;4;28;28079;;3;2;No inventariada;;9;7;1;2;;1;4;1;;;1;998
5;2;7;28;28079;;1;1;M-50;29;2;4;2;;;1;1;1;;;1;1
5;2;7;28;28079;;3;2;No inventariada;;9;12;1;1;;1;2;2;;;1;998
5;2;8;28;28079;;3;2;No inventariada;;9;15;1;4;;3;1;1;;;1;998
5;2;7;28;28079;;3;2;No inventariada;;9;3;1;2;;1;1;1;;;1;998
5;2;8;28;28079;;3;2;No inventariada;;9;4;2;;;1;1;1;;;1;998
5;1;11;28;28079;;3;2;No inventariada;;9;2;1;1;;1;1;1;;;1;998
5;2;9;28;28079;;3;2;No inventariada;;9;2;2;;;1;1;1;;;1;998
5;2;9;28;28079;;3;2;No inventariada;;9;4;2;;;1;1;1;;;1;998
5;5;13;28;28079;;3;2;No inventariada;;9;6;1;1;;1;1;1;;;1;998
5;2;9;28;28079;;3;2;No inventariada;;9;4;1;1;;1;1;2;;;1;998
5;2;14;28;28079;;3;2;No inventariada;;9;4;1;1;;3;6;2;;;1;998
5;7;18;28;28079;;3;2;No inventariada;;9;12;2;;;1;1;1;;;1;998
5;2;14;28;28079;;3;2;No inventariada;;9;3;1;1;;3;1;2;;;1;998
5;2;14;28;28079;;3;2;No inventariada;;9;12;2;;;1;1;1;;;1;998
5;2;15;28;28079;;3;2;No inventariada;;9;10;1;1;;3;1;3;;;1;998
5;5;19;28;28079;;3;2;No inventariada;;9;2;2;;;1;1;1;;;1;998
5;2;17;28;28079;;3;2;No inventariada;;9;10;2;;;3;1;3;;;18;998
5;2;15;28;28079;;3;2;No inventariada;;9;4;2;;;3;1;4;;;5;998
5;2;19;28;28079;;3;2;No inventariada;;9;10;1;1;;3;1;2;;;1;998
5;7;19;28;28079;;3;2;No inventariada;;9;10;2;;;1;1;1;;;1;998
5;2;17;28;28079;;3;2;No inventariada;;9;6;1;2;;3;1;3;;;1;998
5;2;13;28;28079;;3;2;No inventariada;;9;2;1;1;;1;1;2;;;1;998
5;5;12;28;28079;;3;2;No inventariada;;9;4;2;;;1;1;1;;;1;998
5;2;13;28;28079;;3;2;No inventariada;;9;10;1;1;;1;1;2;;;1;998
5;2;12;28;28079;;3;2;No inventariada;;9;2;1;2;;1;1;2;;;1;998
5;3;8;28;28079;;1;1;M-50;35,798;2;5;2;;;1;1;1;;;1;1
5;3;9;28;28079;;3;2;No inventariada;;9;2;2;;;1;1;1;;;1;998
5;3;9;28;28079;;3;2;No inventariada;;9;3;2;;;1;1;1;;;1;998
5;3;9;28;28079;;3;2;No inventariada;;9;4;1;4;;1;1;1;;;6;998
5;3;8;28;28079;;3;2;No inventariada;;9;7;1;1;;1;1;1;;;1;998
5;3;9;28;28079;;3;2;No inventariada;;9;10;1;1;;1;1;1;;;1;998
5;3;11;28;28079;;3;2;No inventariada;;9;2;2;;;1;1;1;;;1;998
5;3;12;28;28079;;3;2;No inventariada;;9;4;2;;;1;1;1;;;1;998
5;3;11;28;28079;;3;2;No inventariada;;9;2;1;1;;1;1;1;;;9;998
5;2;14;28;28079;;3;2;No inventariada;;9;12;1;1;;1;1;1;;;1;998
5;2;15;28;28079;;3;2;No inventariada;;9;10;2;;;3;1;1;;;1;998
5;2;18;28;28079;;3;2;No inventariada;;9;10;2;;;3;1;2;;;1;998
5;2;18;28;28079;;3;2;No inventariada;;9;10;2;;;3;1;3;;;1;998
5;3;14;28;28079;;1;1;M-607;15,438;4;12;2;;;1;1;1;;;1;2
5;2;15;28;28079;;3;2;No inventariada;;9;10;2;;;1;1;3;;;1;998
5;2;19;28;28079;;3;2;No inventariada;;9;3;2;;;1;1;1;;;1;998
5;3;15;28;28079;;3;2;No inventariada;;9;4;2;;;1;1;1;;;1;998
5;2;14;28;28079;;3;2;No inventariada;;9;4;2;;;1;1;1;;;1;998
5;2;19;28;28079;;3;2;No inventariada;;9;1;2;;;1;1;2;;;1;998
5;2;15;28;28079;;3;2;No inventariada;;9;2;1;2;;3;1;3;;;1;998
5;3;17;28;28079;;3;2;No inventariada;;9;10;2;;;1;1;1;;;18;998
5;3;18;28;28079;;3;2;No inventariada;;9;10;2;;;1;1;1;;;1;998
5;3;17;28;28079;;3;2;No inventariada;;9;3;2;;;1;1;1;;;1;998
5;3;14;28;28079;;3;2;No inventariada;;9;1;1;2;;1;1;1;;;1;998
5;3;19;28;28079;;3;2;No inventariada;;9;3;2;;;1;1;1;;;1;998
5;5;3;28;28079;;3;2;No inventariada;;9;10;2;;;3;4;1;;;1;998
5;3;23;28;28079;;3;2;No inventariada;;9;2;1;1;;1;4;1;;;1;998
5;3;9;28;28079;;3;2;No inventariada;;9;2;2;;;1;1;1;;;1;998
5;1;13;28;28079;;3;2;No inventariada;;9;4;1;1;;1;1;2;;;1;998
5;4;8;28;28079;;3;2;No inventariada;;9;2;1;4;;1;1;1;;;1;998
5;4;10;28;28079;;3;2;No inventariada;;9;3;1;1;;1;1;1;;;1;998
5;3;14;28;28079;;3;2;No inventariada;;9;4;2;;;1;1;1;;;1;998
5;4;10;28;28079;;3;2;No inventariada;;9;10;1;1;;1;1;1;;;8;998
5;3;8;28;28079;;3;2;No inventariada;;9;2;2;;;1;1;1;;;1;998
5;4;9;28;28079;;3;2;No inventariada;;9;7;1;2;;1;1;1;;;1;998
5;4;8;28;28079;;3;2;No inventariada;;9;2;1;4;;1;1;1;;;1;998
5;4;10;28;28079;;3;2;No inventariada;;9;10;1;4;;1;1;1;;;1;998
5;4;5;28;28079;;3;2;No inventariada;;9;12;1;12;;1;4;1;;;17;998
5;3;13;28;28079;;3;2;No inventariada;;9;5;2;;;1;1;1;;;1;998
5;4;11;28;28079;;3;2;No inventariada;;9;2;1;1;;1;1;1;;;1;998
5;4;11;28;28079;;3;2;No inventariada;;9;4;1;1;;1;4;1;;;1;998
5;4;8;28;28079;;3;2;No inventariada;;9;10;2;;;3;1;1;;;1;998
5;4;9;28;28079;;3;2;No inventariada;;9;5;2;;;1;1;1;;;1;998
5;4;13;28;28079;;3;2;No inventariada;;9;3;1;1;;1;1;1;;;1;998
5;4;14;28;28079;;1;1;M-40;31,9;3;4;2;;;1;1;1;;;1;1
5;2;20;28;28079;;3;2;No inventariada;;9;10;1;1;;3;1;3;;;1;998
5;6;16;28;28079;;3;2;No inventariada;;9;2;1;2;;1;5;1;;;1;998
5;4;15;28;28079;;3;2;No inventariada;;9;12;2;;;1;1;1;;;1;998
5;4;14;28;28079;;3;2;No inventariada;;9;4;1;1;;1;1;1;;;1;998
5;4;15;28;28079;;3;2;No inventariada;;9;12;1;5;;1;1;1;;;1;998
5;4;18;28;28079;;3;2;No inventariada;;9;7;1;4;;1;1;1;;;1;998
5;3;15;28;28079;;3;2;No inventariada;;9;10;2;;;1;1;1;;;1;998
5;2;14;28;28079;;3;2;No inventariada;;9;2;1;2;;1;1;1;;;1;998
5;4;18;28;28079;;3;2;No inventariada;;9;3;2;;;1;1;1;;;1;998
5;4;18;28;28079;;3;2;No inventariada;;9;4;2;;;1;1;1;;;1;998
5;4;19;28;28079;;3;2;No inventariada;;9;1;1;2;;1;4;1;;;1;998
5;4;18;28;28079;;3;2;No inventariada;;9;2;1;1;;1;1;1;;;18;998
5;4;19;28;28079;;3;2;No inventariada;;9;4;1;4;;1;1;1;;;1;998
5;4;20;28;28079;;3;2;No inventariada;;9;3;2;;;1;1;1;;;1;998
5;4;17;28;28079;;3;2;No inventariada;;9;3;2;;;1;1;1;;;1;998
5;4;22;28;28079;;3;2;No inventariada;;9;10;1;1;;1;3;1;;;1;998
5;4;22;28;28079;;3;2;No inventariada;;9;19;1;1;;1;4;1;;;1;998
5;4;21;28;28079;;3;2;No inventariada;;9;10;2;;;1;3;1;;;1;998
5;4;13;28;28079;;3;2;No inventariada;;9;7;2;;;1;1;1;;;18;998
5;5;5;28;28079;;3;2;No inventariada;;9;6;1;4;;1;4;1;;;1;998
5;2;8;28;28079;;3;2;No inventariada;;9;5;2;;;1;1;1;;;1;998
5;5;8;28;28079;;3;2;No inventariada;;9;16;2;;;1;1;1;;;1;998
5;5;8;28;28079;;3;2;No inventariada;;9;2;1;2;;1;1;1;;;1;998
5;5;8;28;28079;;3;2;No inventariada;;9;2;2;;;1;1;1;;;1;998
5;5;1;28;28079;;3;2;No inventariada;;9;1;1;1;;1;4;1;;;1;998
5;3;7;28;28079;;3;2;No inventariada;;9;2;2;;;1;1;1;;;18;998
5;5;9;28;28079;;3;2;No inventariada;;9;3;1;1;;1;1;1;;;1;998
5;5;9;28;28079;;3;2;No inventariada;;9;2;1;2;;1;1;1;;;1;998
5;5;10;28;28079;;3;2;No inventariada;;9;7;2;;;1;1;1;;;18;998
5;4;9;28;28079;;3;2;No inventariada;;9;10;2;;;1;1;1;;;1;998
5;5;12;28;28079;;3;2;No inventariada;;9;5;2;;;1;1;1;;;1;998
5;5;8;28;28079;;3;2;No inventariada;;9;2;2;;;1;1;1;;;1;998
5;2;19;28;28079;;3;2;No inventariada;;9;4;2;;;1;1;1;;;1;998
5;4;15;28;28079;;3;2;No inventariada;;9;12;1;1;;1;1;1;;;1;998
5;5;15;28;28079;;1;1;M-14;1,6;2;4;2;;;1;1;1;;;1;1
5;5;15;28;28079;;3;2;No inventariada;;9;10;2;;;1;1;1;;;1;998
5;5;15;28;28079;;3;2;No inventariada;;9;2;1;1;;1;1;1;;;1;998
5;5;15;28;28079;;3;2;No inventariada;;9;2;1;2;;1;1;2;;;9;998
5;5;18;28;28079;;3;2;No inventariada;;9;7;2;;;1;1;1;;;1;998
5;5;17;28;28079;;3;2;No inventariada;;9;3;2;;;1;1;1;;;1;998
5;5;16;28;28079;;3;2;No inventariada;;9;3;1;5;;1;1;1;;;1;998
5;5;19;28;28079;;3;2;No inventariada;;9;7;1;1;;1;2;1;;;6;998
5;5;16;28;28079;;3;2;No inventariada;;9;1;1;5;;1;1;1;;;18;998
5;5;18;28;28079;;3;2;No inventariada;;9;4;2;;;1;1;1;;;1;998
5;4;19;28;28079;;3;2;No inventariada;;9;4;2;;;1;1;1;;;1;998
5;5;17;28;28079;;3;2;No inventariada;;9;4;1;4;;1;1;1;;;1;998
5;5;18;28;28079;;3;2;No inventariada;;9;4;2;;;1;1;1;;;1;998
5;5;18;28;28079;;3;2;No inventariada;;9;10;2;;;1;1;1;;;1;998
5;5;23;28;28079;;3;2;No inventariada;;9;6;2;;;1;4;1;;;1;998
5;5;22;28;28079;;3;2;No inventariada;;9;2;2;;;1;4;1;;;1;998
5;5;23;28;28079;;3;2;No inventariada;;9;2;2;;;1;4;1;;;1;998
5;6;1;28;28079;;3;2;No inventariada;;9;10;2;;;1;4;1;;;1;998
5;6;4;28;28079;;3;2;No inventariada;;9;10;2;;;1;4;1;;;1;998
5;6;6;28;28079;;1;1;R-3;4,9;1;6;2;;;1;2;1;;;1;1
5;5;13;28;28079;;3;2;No inventariada;;9;4;2;;;1;4;1;;;1;998
5;5;9;28;28079;;3;2;No inventariada;;9;2;1;4;;1;1;1;;;1;998
5;6;13;28;28079;;3;2;No inventariada;;9;16;2;;;1;1;1;;;1;998
5;6;11;28;28079;;3;2;No inventariada;;9;4;2;;;1;1;1;;;1;998
5;6;14;28;28079;;3;2;No inventariada;;9;2;1;1;;1;1;1;;;18;998
5;5;22;28;28079;;3;2;No inventariada;;9;4;2;;;1;4;1;;;1;998
5;1;15;28;28079;;3;2;No inventariada;;9;2;1;1;;1;1;1;;;1;998
5;6;20;28;28079;;1;1;A-3;10;3;18;2;;;1;1;1;;;1;2
5;6;20;28;28079;;3;2;No inventariada;;9;7;1;1;;1;1;1;;;1;998
5;6;18;28;28079;;3;2;No inventariada;;9;4;2;;;1;1;1;;;1;998
5;7;2;28;28079;;3;2;No inventariada;;9;10;2;;;1;4;1;;;1;998
5;7;1;28;28079;;3;2;No inventariada;;9;10;2;;;1;4;1;;;1;998
5;6;4;28;28079;;3;2;No inventariada;;9;4;2;;;1;4;1;;;1;998
5;7;8;28;28079;;3;2;No inventariada;;9;15;1;1;;1;1;1;;;1;998
5;7;10;28;28079;;3;2;No inventariada;;9;4;1;5;;1;1;1;;;1;998
5;7;12;28;28079;;3;2;No inventariada;;9;15;1;1;;1;1;1;;;1;998
5;7;12;28;28079;;3;2;No inventariada;;9;3;2;;;1;1;1;;;1;998
5;6;15;28;28079;;3;2;No inventariada;;9;4;1;4;;1;1;1;;;1;998
5;6;17;28;28079;;3;2;No inventariada;;9;1;2;;;1;1;1;;;1;998
5;6;16;28;28079;;3;2;No inventariada;;9;4;1;10;;1;1;1;;;1;998
5;6;21;28;28079;;3;2;No inventariada;;9;4;2;;;1;1;1;;;1;998
5;6;20;28;28079;;3;2;No inventariada;;9;2;1;2;;1;1;1;;;1;998
5;6;15;28;28079;;3;2;No inventariada;;9;7;1;2;;1;1;1;;;1;998
5;7;12;28;28079;;3;2;No inventariada;;9;10;2;;;1;1;1;;;1;998
5;7;16;28;28079;;3;2;No inventariada;;9;7;2;;;1;1;1;;;1;998
5;6;20;28;28079;;3;2;No inventariada;;9;4;2;;;1;1;1;;;1;998
5;6;13;28;28079;;3;2;No inventariada;;9;12;2;;;1;1;1;;;1;998
5;7;19;28;28079;;3;2;No inventariada;;9;2;1;2;;9;1;7;;;18;998
5;7;19;28;28079;;3;2;No inventariada;;9;7;1;1;;1;1;1;;;1;998
5;7;18;28;28079;;3;2;No inventariada;;9;3;2;;;1;1;1;;;18;998
5;7;5;28;28079;;3;2;No inventariada;;9;6;1;1;;1;3;1;;;18;998
5;6;20;28;28079;;3;2;No inventariada;;9;2;1;4;;1;1;1;;;1;998
5;7;19;28;28079;;3;2;No inventariada;;9;4;2;;;1;1;1;;;1;998
5;7;22;28;28079;;1;1;M-14;1,85;2;2;1;12;A-2;1;4;1;;;1;1
5;7;0;28;28079;;3;2;No inventariada;;9;10;1;12;;3;4;1;;;1;998
5;7;5;28;28079;;3;2;No inventariada;;9;1;2;;;1;4;1;;;1;998
5;7;0;28;28079;;3;2;No inventariada;;9;2;1;1;;1;4;1;;;1;998
5;1;0;28;28079;;3;2;No inventariada;;9;6;2;;;1;4;1;;;1;998
5;7;22;28;28079;;3;2;No inventariada;;9;2;2;;;1;4;1;;;1;998
5;1;6;28;28079;;1;1;M-203;1,5;6;10;1;4;M-45;3;1;1;;;1;2
5;1;7;28;28079;;1;1;M-40;12,5;3;4;2;;;1;1;1;;;1;1
5;1;7;28;28079;;1;1;M-425;0,179;5;10;2;;;1;1;1;;;1;1
5;4;12;28;28079;;3;2;No inventariada;;9;12;1;1;;1;1;1;;;1;998
5;1;2;28;28079;;3;2;No inventariada;;9;18;2;;;1;3;1;;;1;998
5;7;14;28;28079;;3;2;No inventariada;;9;10;2;;;1;1;1;;;1;998
5;7;10;28;28079;;1;1;M-40;14,2;3;3;2;;;1;1;1;;;1;1
5;7;13;28;28079;;3;2;No inventariada;;9;10;2;;;1;4;1;;;1;998
5;1;9;28;28079;;3;2;No inventariada;;9;2;1;2;;1;1;1;;;1;998
5;1;7;28;28079;;3;2;No inventariada;;9;5;2;;;1;1;1;;;18;998
5;1;9;28;28079;;3;2;No inventariada;;9;7;1;1;;1;1;1;;;1;998
5;1;10;28;28079;;3;2;No inventariada;;9;2;2;;;1;1;1;;;9;998
5;1;7;28;28079;;3;2;No inventariada;;9;7;2;;;1;1;1;;;9;998
5;1;9;28;28079;;3;2;No inventariada;;9;2;2;;;1;1;1;;;1;998
5;1;11;28;28079;;3;2;No inventariada;;9;10;2;;;1;1;1;;;1;998
5;1;7;28;28079;;3;2;No inventariada;;9;9;2;;;1;2;1;;;6;998
5;7;3;28;28079;;3;2;No inventariada;;9;6;1;2;;1;4;1;;;1;998
5;1;12;28;28079;;3;2;No inventariada;;9;3;2;;;1;1;1;;;18;998
5;1;12;28;28079;;3;2;No inventariada;;9;7;2;;;1;1;1;;;1;998
5;1;11;28;28079;;3;2;No inventariada;;9;4;2;;;1;1;1;;;1;998
5;7;21;28;28079;;3;2;No inventariada;;9;10;2;;;1;4;1;;;1;998
5;7;20;28;28079;;3;2;No inventariada;;9;2;1;2;;1;1;1;;;1;998
5;1;15;28;28079;;3;2;No inventariada;;9;12;1;4;;1;1;1;;;1;998
5;4;18;28;28079;;3;2;No inventariada;;9;10;2;;;1;1;1;;;1;998
5;1;15;28;28079;;3;2;No inventariada;;9;2;1;1;;1;1;1;;;1;998
5;1;14;28;28079;;3;2;No inventariada;;9;4;1;2;;1;1;1;;;1;998
5;6;17;28;28079;;3;2;No inventariada;;9;2;1;1;;1;1;1;;;1;998
5;1;17;28;28079;;3;2;No inventariada;;9;7;2;;;1;1;1;;;1;998
5;1;16;28;28079;;3;2;No inventariada;;9;4;2;;;1;1;1;;;1;998
5;1;19;28;28079;;3;2;No inventariada;;9;2;1;1;;1;1;1;;;1;998
5;1;16;28;28079;;3;2;No inventariada;;9;2;1;2;;1;1;1;;;1;998
5;1;17;28;28079;;3;2;No inventariada;;9;10;2;;;1;1;1;;;18;998
5;1;18;28;28079;;3;2;No inventariada;;9;1;1;1;;1;1;1;;;1;998
5;1;19;28;28079;;3;2;No inventariada;;9;12;2;;;1;1;1;;;1;998
5;1;16;28;28079;;3;2;No inventariada;;9;4;1;2;;1;1;1;;;18;998
5;1;20;28;28079;;3;2;No inventariada;;9;2;2;;;1;1;1;;;1;998
5;1;20;28;28079;;3;2;No inventariada;;9;10;2;;;1;1;1;;;1;998
5;1;23;28;28079;;3;2;No inventariada;;9;10;2;;;1;4;1;;;1;998
5;4;22;28;28079;;3;2;No inventariada;;9;7;2;;;1;4;1;;;1;998
5;5;0;28;28079;;3;2;No inventariada;;9;3;1;1;;1;4;1;;;18;998
5;5;4;28;28079;;3;2;No inventariada;;9;2;1;1;;1;4;1;;;1;998
5;5;3;28;28079;;3;2;No inventariada;;9;10;2;;;1;4;1;;;1;998
5;7;12;28;28079;;3;2;No inventariada;;9;4;1;2;;1;1;1;;;1;998
5;2;8;28;28079;;3;2;No inventariada;;9;2;1;2;;1;1;1;;;9;998
5;2;7;28;28079;;3;2;No inventariada;;9;2;1;5;;1;1;1;;;1;998
5;1;14;28;28079;;3;2;No inventariada;;9;7;1;1;;1;1;1;;;1;998
5;1;7;28;28079;;3;2;No inventariada;;9;12;1;2;;1;1;1;;;1;998
5;7;13;28;28079;;3;2;No inventariada;;9;10;2;;;1;1;1;;;1;998
5;2;11;28;28079;;1;1;M-50;37,5;2;4;2;;;1;1;1;;;1;1
5;4;10;28;28079;;3;2;No inventariada;;9;4;1;2;;1;1;1;;;1;998
5;2;13;28;28079;;3;2;No inventariada;;9;5;2;;;1;4;1;;;1;998
5;2;15;28;28079;;3;2;No inventariada;;9;12;2;;;1;1;1;;;1;998
5;1;18;28;28079;;3;2;No inventariada;;9;3;1;4;;1;1;1;;;1;998
5;1;20;28;28079;;3;2;No inventariada;;9;6;1;1;;1;1;1;;;1;998
5;2;15;28;28079;;3;2;No inventariada;;9;2;2;;;1;1;1;;;1;998
5;2;15;28;28079;;3;2;No inventariada;;9;10;1;2;;1;1;1;;;1;998
5;2;15;28;28079;;3;2;No inventariada;;9;2;1;5;;1;1;1;;;1;998
5;1;21;28;28079;;3;2;No inventariada;;9;5;2;;;1;3;1;;;18;998
5;2;14;28;28079;;3;2;No inventariada;;9;4;2;;;1;4;1;;;17;998
5;2;16;28;28079;;3;2;No inventariada;;9;7;1;2;;1;1;1;;;1;998
5;2;17;28;28079;;3;2;No inventariada;;9;4;1;2;;1;1;1;;;18;998
5;7;19;28;28079;;3;2;No inventariada;;9;2;1;4;;1;1;1;;;1;998
5;4;15;28;28079;;3;2;No inventariada;;9;3;1;2;;1;1;1;;;1;998
5;1;19;28;28079;;3;2;No inventariada;;9;12;1;1;;1;1;1;;;1;998
4;1;17;28;28079;;3;2;No inventariada;;9;10;2;;;1;1;1;;;1;998
5;2;17;28;28079;;3;2;No inventariada;;9;10;2;;;1;1;1;;;1;998
5;2;20;28;28079;;3;2;No inventariada;;9;7;2;;;1;1;1;;;6;998
5;2;18;28;28079;;3;2;No inventariada;;9;4;1;2;;1;2;1;;;3;998
5;7;2;28;28079;;3;2;No inventariada;;9;2;1;1;;1;4;1;;;1;998
5;2;10;28;28079;;3;2;No inventariada;;9;7;1;2;;1;1;1;;;1;998
5;3;8;28;28079;;3;2;No inventariada;;9;7;2;;;1;1;1;;;1;998
5;2;12;28;28079;;3;2;No inventariada;;9;3;1;2;;1;1;1;;;1;998
5;3;9;28;28079;;3;2;No inventariada;;9;12;1;4;;1;1;1;;;18;998
5;3;10;28;28079;;3;2;No inventariada;;9;2;2;;;1;1;1;;;1;998
5;3;9;28;28079;;3;2;No inventariada;;9;2;1;1;;1;1;1;;;1;998
5;3;15;28;28079;;1;1;M-40;22,564;3;4;2;;;1;3;1;;;1;1
5;3;14;28;28079;;3;2;No inventariada;;9;12;1;1;;1;1;1;;;1;998
5;3;15;28;28079;;3;2;No inventariada;;9;12;1;4;;1;1;1;;;1;998
5;2;18;28;28079;;3;2;No inventariada;;9;7;2;;;1;1;1;;;18;998
5;3;16;28;28079;;3;2;No inventariada;;9;2;1;2;;1;1;1;;;1;998
5;3;16;28;28079;;3;2;No inventariada;;9;6;2;;;1;1;1;;;1;998
5;3;15;28;28079;;3;2;No inventariada;;9;10;1;4;;1;1;1;;;1;998
5;3;16;28;28079;;3;2;No inventariada;;9;10;2;;;1;1;1;;;1;998
5;3;17;28;28079;;3;2;No inventariada;;9;16;1;4;;1;1;1;;;1;998
5;3;16;28;28079;;3;2;No inventariada;;9;7;1;2;;1;1;1;;;1;998
5;3;15;28;28079;;3;2;No inventariada;;9;3;2;;;1;1;1;;;1;998
5;3;15;28;28079;;3;2;No inventariada;;9;10;1;2;;1;1;1;;;18;998
5;3;17;28;28079;;3;2;No inventariada;;9;4;2;;;1;1;1;;;1;998
5;3;15;28;28079;;3;2;No inventariada;;9;10;2;;;1;1;1;;;1;998
5;3;15;28;28079;;3;2;No inventariada;;9;2;1;4;;1;1;1;;;18;998
5;3;17;28;28079;;3;2;No inventariada;;9;4;2;;;1;1;1;;;1;998
5;3;14;28;28079;;3;2;No inventariada;;9;10;1;1;;1;1;1;;;1;998
5;5;15;28;28079;;3;2;No inventariada;;9;4;2;;;1;1;1;;;1;998
5;3;18;28;28079;;3;2;No inventariada;;9;7;2;;;1;1;1;;;1;998
5;3;18;28;28079;;3;2;No inventariada;;9;2;1;4;;1;1;1;;;18;998
5;3;20;28;28079;;3;2;No inventariada;;9;4;1;1;;1;1;1;;;1;998
5;3;18;28;28079;;3;2;No inventariada;;9;5;2;;;1;1;1;;;1;998
5;3;20;28;28079;;3;2;No inventariada;;9;7;2;;;1;2;1;;;1;998
5;3;17;28;28079;;3;2;No inventariada;;9;3;2;;;1;1;1;;;1;998
5;3;21;28;28079;;3;2;No inventariada;;9;16;1;1;;1;4;1;;;1;998
5;3;23;28;28079;;3;2;No inventariada;;9;12;2;;;1;4;1;;;1;998
5;3;22;28;28079;;3;2;No inventariada;;9;10;1;1;;2;4;1;;;1;998
5;3;22;28;28079;;3;2;No inventariada;;9;16;1;4;;1;4;1;;;1;998
5;4;6;28;28079;;1;1;M-616;1,995;5;2;1;4;M-616;1;5;1;;;1;2
4;2;9;28;28079;;3;2;No inventariada;;9;3;2;;;1;1;1;;;1;998
5;6;8;28;28079;;3;2;No inventariada;;9;9;2;;;1;2;1;;;1;998
5;3;12;28;28079;;3;2;No inventariada;;9;10;2;;;1;1;1;;;1;998
5;3;12;28;28079;;3;2;No inventariada;;9;2;1;1;;1;1;1;;;1;998
5;4;8;28;28079;;3;2;No inventariada;;9;1;1;1;;1;1;1;;;1;998
5;4;8;28;28079;;1;1;M-607;15,6;3;10;2;;;1;1;1;;;1;1
5;4;9;28;28079;;3;2;No inventariada;;9;7;1;1;;1;1;1;;;9;998
5;3;10;28;28079;;3;2;No inventariada;;9;3;1;5;;1;1;1;;;1;998
5;3;9;28;28079;;3;2;No inventariada;;9;7;1;1;;1;1;1;;;18;998
5;4;8;28;28079;;3;2;No inventariada;;9;20;2;;;1;1;1;;;1;998
5;4;8;28;28079;;3;2;No inventariada;;9;4;2;;;1;1;1;;;1;998
5;4;12;28;28079;;3;2;No inventariada;;9;2;1;1;;1;1;1;;;1;998
5;4;12;28;28079;;3;2;No inventariada;;9;7;1;2;;1;1;1;;;1;998
5;4;12;28;28079;;3;2;No inventariada;;9;7;2;;;1;1;1;;;1;998
5;3;21;28;28079;;3;2;No inventariada;;9;3;1;2;;1;1;1;;;1;998
5;4;15;28;28079;;1;1;M-40;12,7;3;4;2;;;1;1;1;;;1;1
5;1;15;28;28079;;3;2;No inventariada;;9;7;2;;;1;1;1;;;1;998
5;3;18;28;28079;;3;2;No inventariada;;9;16;2;;;1;1;1;;;1;998
5;4;14;28;28079;;3;2;No inventariada;;9;4;1;1;;1;1;1;;;1;998
5;4;16;28;28079;;3;2;No inventariada;;9;10;1;4;;2;1;1;;;1;998
5;4;14;28;28079;;3;2;No inventariada;;9;2;1;1;;1;1;1;;;1;998
5;2;17;28;28079;;3;2;No inventariada;;9;2;1;4;;1;1;1;;;1;998