MES;DIA_SEMANA;HORA;COD_PROVINCIA;COD_MUNICIPIO;ISLA;ZONA;ZONA_AGRUPADA;CARRETERA;KM;TIPO_VIA;TIPO_ACCIDENTE;NUDO;NUDO_INFO;CARRETERA_CRUCE;CONDICION_FIRME;CONDICION_ILUMINACION;CONDICION_METEO;CONDICION_NIEBLA;CONDICION_VIENTO;VISIB_RESTRINGIDA_POR;TRAZADO_PLANTA
5;4;16;28;28079;;3;2;No inventariada;;9;5;2;;;1;1;1;;;9;998
5;4;16;28;28079;;3;2;No inventariada;;9;7;1;2;;1;1;1;;;1;998
5;3;20;28;28079;;3;2;No inventariada;;9;16;1;4;;1;1;1;;;1;998
5;4;14;28;28079;;3;2;No inventariada;;9;4;2;;;1;1;1;;;1;998
5;4;17;28;28079;;3;2;No inventariada;;9;4;2;;;1;1;1;;;1;998
5;4;18;28;28079;;3;2;No inventariada;;9;6;2;;;1;1;1;;;1;998
5;4;17;28;28079;;3;2;No inventariada;;9;2;1;2;;1;1;1;;;1;998
5;4;19;28;28079;;3;2;No inventariada;;9;4;2;;;1;1;1;;;1;998
5;4;18;28;28079;;3;2;No inventariada;;9;12;1;1;;1;1;1;;;1;998
5;4;17;28;28079;;3;2;No inventariada;;9;6;2;;;1;1;1;;;1;998
5;4;19;28;28079;;3;2;No inventariada;;9;4;2;;;1;1;1;;;1;998
5;4;21;28;28079;;3;2;No inventariada;;9;7;2;;;8;2;1;;;1;998
5;4;22;28;28079;;3;2;No inventariada;;9;4;2;;;1;4;1;;;1;998
5;4;22;28;28079;;3;2;No inventariada;;9;3;2;;;1;4;1;;;1;998
5;5;1;28;28079;;3;2;No inventariada;;9;10;1;1;;1;3;1;;;1;998
5;5;1;28;28079;;3;2;No inventariada;;9;2;1;1;;1;4;1;;;1;998
5;5;6;28;28079;;1;1;M-45;8,5;3;5;2;;;1;3;1;;;1;1
5;5;6;28;28079;;1;1;M-45;8,5;3;4;1;2;A-4;1;3;1;;;1;1
5;5;6;28;28079;;1;1;M-111;0,8;5;14;2;;;1;4;1;;;1;1
5;5;9;28;28079;;1;1;M-45;11,182;3;16;2;;;1;1;1;;;1;2
5;5;9;28;28079;;3;2;No inventariada;;9;7;2;;;1;1;1;;;1;998
5;5;7;28;28079;;3;2;No inventariada;;9;7;2;;;1;1;1;;;6;998
5;5;10;28;28079;;3;2;No inventariada;;9;4;1;5;;1;1;1;;;1;998
5;5;9;28;28079;;3;2;No inventariada;;9;7;1;1;;1;1;1;;;6;998
5;5;10;28;28079;;3;2;No inventariada;;9;4;2;;;1;1;1;;;9;998
5;5;11;28;28079;;3;2;No inventariada;;9;7;2;;;1;1;1;;;9;998
5;5;9;28;28079;;3;2;No inventariada;;9;20;1;5;;1;1;1;;;1;998
5;5;11;28;28065;;1;1;M-50;44;2;6;2;;;1;1;1;;;1;1
5;5;12;28;28079;;3;2;No inventariada;;9;10;2;;;1;1;1;;;1;998
5;4;12;28;28079;;3;2;No inventariada;;9;2;1;1;;1;1;1;;;1;998
5;5;12;28;28079;;3;2;No inventariada;;9;7;2;;;1;1;1;;;1;998
5;5;13;28;28079;;3;2;No inventariada;;9;3;2;;;1;1;1;;;1;998
5;5;13;28;28079;;3;2;No inventariada;;9;3;2;;;1;1;1;;;1;998
5;5;15;28;28079;;3;2;No inventariada;;9;10;2;;;1;1;1;;;1;998
5;4;20;28;28079;;3;2;No inventariada;;9;2;1;2;;1;1;1;;;1;998
5;5;14;28;28079;;3;2;No inventariada;;9;10;2;;;7;1;1;;;1;998
5;5;15;28;28079;;3;2;No inventariada;;9;3;1;2;;1;1;1;;;1;998
5;4;20;28;28079;;3;2;No inventariada;;9;4;1;1;;1;3;1;;;1;998
5;5;14;28;28079;;3;2;No inventariada;;9;6;2;;;1;1;1;;;1;998
5;5;14;28;28079;;3;2;No inventariada;;9;7;1;1;;1;1;1;;;1;998
5;2;20;28;28079;;3;2;No inventariada;;9;6;2;;;1;1;1;;;1;998
5;5;15;28;28079;;3;2;No inventariada;;9;4;2;;;1;1;1;;;1;998
5;5;17;28;28079;;3;2;No inventariada;;9;4;1;1;;1;1;1;;;1;998
5;4;20;28;28079;;3;2;No inventariada;;9;4;2;;;1;2;1;;;1;998
5;5;16;28;28079;;3;2;No inventariada;;9;2;1;4;;1;1;1;;;1;998
5;5;18;28;28079;;3;2;No inventariada;;9;10;1;5;;1;1;1;;;1;998
5;5;16;28;28079;;3;2;No inventariada;;9;12;1;1;;1;1;1;;;18;998
5;5;15;28;28130;;1;1;M-21;7;3;14;1;2;M-50;1;1;1;;;1;2
5;5;17;28;28079;;3;2;No inventariada;;9;2;1;1;;1;1;1;;;18;998
5;5;16;28;28079;;3;2;No inventariada;;9;4;1;10;;1;1;1;;;1;998
5;5;16;28;28079;;3;2;No inventariada;;9;10;1;4;;2;1;1;;;1;998
5;5;20;28;28079;;1;1;A-42;6,7;3;4;1;12;M-40;1;2;1;;;1;2
5;5;19;28;28079;;1;1;M-203;7;6;2;2;;;1;1;1;;;1;1
5;5;20;28;28079;;3;2;No inventariada;;9;7;1;1;;1;1;1;;;1;998
5;5;19;28;28079;;3;2;No inventariada;;9;12;2;;;1;1;1;;;1;998
5;5;20;28;28079;;3;2;No inventariada;;9;7;1;1;;1;2;1;;;6;998
5;2;6;28;28079;;3;2;No inventariada;;9;10;2;;;1;1;1;;;1;998
5;2;6;28;28079;;3;2;No inventariada;;9;10;1;2;;1;1;1;;;1;998
5;5;22;28;28079;;3;2;No inventariada;;9;10;2;;;1;4;1;;;18;998
5;5;23;28;28079;;3;2;No inventariada;;9;10;2;;;1;4;1;;;18;998
6;6;1;28;28079;;3;2;No inventariada;;9;3;1;1;;1;4;1;;;1;998
6;6;0;28;28079;;3;2;No inventariada;;9;7;2;;;1;4;1;;;1;998
6;6;3;28;28079;;3;2;No inventariada;;9;10;2;;;3;4;1;;;1;998
6;6;0;28;28079;;3;2;No inventariada;;9;4;2;;;1;3;1;;;1;998
6;6;3;28;28079;;3;2;No inventariada;;9;16;1;1;;1;4;1;;;1;998
6;6;5;28;28079;;3;2;No inventariada;;9;16;2;;;1;4;1;;;1;998
6;6;0;28;28079;;3;2;No inventariada;;9;2;2;;;1;4;1;;;1;998
5;5;14;28;28079;;3;2;No inventariada;;9;10;1;1;;8;1;1;;;1;998
5;5;13;28;28079;;3;2;No inventariada;;9;4;2;;;1;1;1;;;1;998
5;5;11;28;28079;;3;2;No inventariada;;9;10;2;;;1;1;1;;;1;998
6;6;8;28;28079;;3;2;No inventariada;;9;10;1;1;;1;1;1;;;1;998
6;6;13;28;28079;;3;2;No inventariada;;9;2;1;2;;1;1;1;;;1;998
6;6;13;28;28079;;3;2;No inventariada;;9;4;1;2;;1;1;1;;;1;998
5;5;20;28;28079;;3;2;No inventariada;;9;2;1;1;;1;1;1;;;1;998
6;6;14;28;28079;;1;1;M-40;53,967;3;4;2;;;1;1;1;;;1;1
6;6;15;28;28079;;3;2;No inventariada;;9;10;1;1;;1;1;1;;;1;998
6;6;15;28;28079;;3;2;No inventariada;;9;2;1;2;;1;1;1;;;1;998
6;6;17;28;28079;;1;1;M-607;17;3;4;2;;;1;1;1;;;1;1
6;6;18;28;28079;;3;2;No inventariada;;9;4;1;4;;1;1;1;;;1;998
6;6;19;28;28079;;3;2;No inventariada;;9;10;2;;;1;1;1;;;1;998
6;6;18;28;28079;;3;2;No inventariada;;9;10;2;;;1;1;1;;;1;998
6;6;5;28;28079;;3;2;No inventariada;;9;10;2;;;1;4;1;;;1;998
6;6;21;28;28079;;1;1;M-40;19,859;3;5;2;;;1;1;1;;;1;1
6;6;3;28;28079;;3;2;No inventariada;;9;9;2;;;1;4;1;;;1;998
6;6;21;28;28079;;3;2;No inventariada;;9;2;1;4;;1;2;1;;;1;998
6;7;0;28;28079;;3;2;No inventariada;;9;10;2;;;1;4;1;;;1;998
6;6;4;28;28079;;3;2;No inventariada;;9;6;1;1;;1;4;1;;;1;998
6;7;2;28;28079;;3;2;No inventariada;;9;2;1;1;;1;4;1;;;9;998
6;7;5;28;28079;;1;1;M-31;1,9;8;16;2;;;1;2;1;;;1;3
6;7;8;28;28079;;3;2;No inventariada;;9;1;1;2;;1;2;1;;;6;998
5;3;19;28;28079;;3;2;No inventariada;;9;5;2;;;1;1;1;;;1;998
6;7;10;28;28079;;3;2;No inventariada;;9;4;1;1;;1;1;1;;;1;998
6;6;11;28;28079;;3;2;No inventariada;;9;4;1;10;;1;1;1;;;1;998
6;7;9;28;28079;;3;2;No inventariada;;9;7;1;4;;1;1;1;;;1;998
6;6;19;28;28079;;3;2;No inventariada;;9;4;2;;;1;1;1;;;6;998
6;7;16;28;28079;;3;2;No inventariada;;9;2;1;1;;1;1;1;;;1;998
6;7;15;28;28079;;3;2;No inventariada;;9;4;1;4;;1;1;1;;;18;998
6;7;16;28;28079;;3;2;No inventariada;;9;4;2;;;1;1;1;;;1;998
6;7;14;28;28079;;3;2;No inventariada;;9;2;1;4;;1;1;1;;;1;998
6;6;22;28;28079;;3;2;No inventariada;;9;2;1;2;;1;4;1;;;1;998
6;6;21;28;28079;;3;2;No inventariada;;9;2;1;1;;1;2;1;;;1;998
6;6;15;28;28079;;3;2;No inventariada;;9;4;2;;;1;1;1;;;1;998
6;7;5;28;28079;;3;2;No inventariada;;9;4;2;;;1;4;1;;;1;998
6;7;21;28;28079;;3;2;No inventariada;;9;6;2;;;1;4;1;;;1;998
6;7;23;28;28079;;3;2;No inventariada;;9;1;1;5;;1;4;1;;;1;998
6;7;6;28;28079;;3;2;No inventariada;;9;10;2;;;1;2;1;;;1;998
6;7;22;28;28079;;3;2;No inventariada;;9;10;1;2;;3;4;1;;;1;998
6;6;13;28;28079;;3;2;No inventariada;;9;2;1;2;;1;1;1;;;3;998
6;7;9;28;28079;;3;2;No inventariada;;9;10;2;;;8;1;1;;;1;998
5;4;12;28;28079;;3;2;No inventariada;;9;4;2;;;1;1;1;;;1;998
6;7;14;28;28079;;3;2;No inventariada;;9;1;1;4;;1;1;1;;;1;998
5;5;11;28;28079;;3;2;No inventariada;;9;7;1;2;;1;1;1;;;1;998
5;4;8;28;28079;;3;2;No inventariada;;9;4;1;2;;1;1;1;;;1;998
6;6;5;28;28079;;1;1;M-203;7,4;6;16;2;;;1;6;1;;;1;2
6;7;12;28;28079;;3;2;No inventariada;;9;2;1;5;;1;1;1;;;1;998
6;1;8;28;28079;;3;2;No inventariada;;9;2;1;2;;1;1;1;;;1;998
6;1;8;28;28079;;3;2;No inventariada;;9;5;2;;;1;1;1;;;1;998
6;1;10;28;28079;;3;2;No inventariada;;9;7;2;;;1;1;1;;;1;998
6;1;8;28;28079;;3;2;No inventariada;;9;3;2;;;1;2;1;;;18;998
6;1;9;28;28079;;3;2;No inventariada;;9;4;1;2;;1;1;1;;;1;998
6;1;10;28;28079;;3;2;No inventariada;;9;10;1;4;;1;1;1;;;1;998
6;1;11;28;28079;;3;2;No inventariada;;9;1;1;1;;1;1;1;;;1;998
6;1;8;28;28079;;3;2;No inventariada;;9;4;2;;;1;1;1;;;1;998
6;1;10;28;28079;;3;2;No inventariada;;9;4;2;;;1;1;1;;;1;998
5;4;19;28;28079;;3;2;No inventariada;;9;7;2;;;1;1;1;;;1;998
5;3;18;28;28079;;3;2;No inventariada;;9;4;1;12;;1;1;1;;;1;998
6;1;14;28;28079;;3;2;No inventariada;;9;6;2;;;1;1;1;;;1;998
5;3;21;28;28079;;3;2;No inventariada;;9;4;2;;;1;2;1;;;1;998
6;1;15;28;28079;;3;2;No inventariada;;9;4;1;4;;1;1;1;;;1;998
5;1;18;28;28079;;3;2;No inventariada;;9;7;1;2;;1;1;1;;;18;998
6;1;18;28;28079;;3;2;No inventariada;;9;10;1;1;;1;1;1;;;1;998
6;1;17;28;28079;;3;2;No inventariada;;9;4;2;;;1;1;1;;;1;998
6;1;19;28;28079;;3;2;No inventariada;;9;10;1;4;;1;1;1;;;1;998
6;1;18;28;28079;;3;2;No inventariada;;9;4;2;;;1;1;1;;;1;998
6;1;16;28;28079;;3;2;No inventariada;;9;7;1;2;;1;1;1;;;1;998
6;1;17;28;28079;;3;2;No inventariada;;9;10;2;;;8;1;1;;;1;998
6;1;19;28;28079;;3;2;No inventariada;;9;2;1;2;;1;1;1;;;1;998
4;4;1;28;28079;;3;2;No inventariada;;9;2;1;1;;1;4;1;;;1;998
6;1;19;28;28079;;3;2;No inventariada;;9;16;2;;;1;1;1;;;1;998
5;4;22;28;28079;;3;2;No inventariada;;9;2;1;1;;1;4;1;;;1;998
5;7;1;28;28079;;3;2;No inventariada;;9;2;1;1;;1;4;1;;;1;998
6;1;22;28;28079;;3;2;No inventariada;;9;4;2;;;1;4;1;;;1;998
6;1;10;28;28079;;3;2;No inventariada;;9;4;1;2;;1;1;1;;;6;998
6;1;13;28;28079;;3;2;No inventariada;;9;3;1;4;;1;1;1;;;1;998
6;1;11;28;28079;;3;2;No inventariada;;9;7;2;;;1;1;1;;;1;998
6;7;13;28;28079;;3;2;No inventariada;;9;2;1;1;;1;1;1;;;1;998
6;2;10;28;28079;;1;1;A-3;11,3;3;12;2;;;1;1;1;;;1;1
6;2;9;28;28079;;3;2;No inventariada;;9;7;1;1;;1;1;1;;;18;998
6;6;11;28;28079;;3;2;No inventariada;;9;3;2;;;1;1;1;;;1;998
6;7;13;28;28079;;3;2;No inventariada;;9;10;2;;;1;1;1;;;18;998
6;2;7;28;28079;;3;2;No inventariada;;9;4;1;2;;1;1;1;;;1;998
6;2;12;28;28079;;3;2;No inventariada;;9;10;1;2;;1;1;1;;;1;998
5;3;16;28;28079;;3;2;No inventariada;;9;2;1;2;;1;1;1;;;1;998
6;2;17;28;28079;;3;2;No inventariada;;9;5;2;;;1;1;1;;;1;998
6;2;15;28;28079;;3;2;No inventariada;;9;7;2;;;1;1;1;;;1;998
6;2;18;28;28079;;3;2;No inventariada;;9;4;1;5;;1;1;1;;;1;998
6;2;18;28;28079;;1;1;M-11;3,7;2;12;2;;;1;1;1;;;1;2
6;2;17;28;28079;;3;2;No inventariada;;9;10;2;;;1;1;1;;;1;998
6;2;16;28;28079;;3;2;No inventariada;;9;4;2;;;1;1;1;;;1;998
6;1;19;28;28079;;3;2;No inventariada;;9;4;2;;;1;1;1;;;1;998
6;2;17;28;28079;;3;2;No inventariada;;9;4;2;;;1;1;1;;;1;998
6;2;17;28;28079;;3;2;No inventariada;;9;12;1;2;;1;1;1;;;18;998
6;2;18;28;28079;;3;2;No inventariada;;9;4;1;2;;1;1;1;;;1;998
6;2;17;28;28079;;3;2;No inventariada;;9;10;1;1;;1;1;1;;;1;998
6;2;19;28;28079;;3;2;No inventariada;;9;7;2;;;1;1;1;;;1;998
6;2;19;28;28079;;3;2;No inventariada;;9;3;1;12;;1;1;1;;;1;998
6;7;15;28;28079;;3;2;No inventariada;;9;7;1;1;;1;1;1;;;1;998
6;3;2;28;28079;;3;2;No inventariada;;9;10;2;;;3;4;1;;;1;998
6;2;0;28;28079;;3;2;No inventariada;;9;3;2;;;1;4;1;;;1;998
6;2;12;28;28079;;3;2;No inventariada;;9;7;1;2;;1;1;1;;;10;998
6;2;13;28;28079;;3;2;No inventariada;;9;2;1;1;;1;1;1;;;18;998
6;2;12;28;28079;;3;2;No inventariada;;9;2;1;1;;1;1;1;;;1;998
6;3;7;28;28079;;3;2;No inventariada;;9;12;1;4;;1;1;1;;;1;998
6;1;13;28;28079;;3;2;No inventariada;;9;4;2;;;1;1;1;;;1;998
6;1;14;28;28079;;3;2;No inventariada;;9;4;2;;;1;1;1;;;18;998
5;3;12;28;28079;;3;2;No inventariada;;9;2;1;2;;1;1;1;;;1;998
6;3;10;28;28079;;3;2;No inventariada;;9;2;2;;;1;1;1;;;1;998
6;3;8;28;28079;;3;2;No inventariada;;9;3;1;2;;1;1;1;;;1;998
6;3;11;28;28079;;3;2;No inventariada;;9;2;1;1;;1;1;1;;;1;998
6;3;9;28;28079;;3;2;No inventariada;;9;2;2;;;1;1;1;;;1;998
6;3;11;28;28079;;3;2;No inventariada;;9;4;2;;;1;1;1;;;9;998
6;3;14;28;28079;;3;2;No inventariada;;9;19;1;2;;1;1;1;;;18;998
6;3;14;28;28079;;3;2;No inventariada;;9;10;1;4;;1;1;1;;;1;998
6;6;20;28;28079;;3;2;No inventariada;;9;4;2;;;1;1;1;;;1;998
6;3;14;28;28079;;3;2;No inventariada;;9;2;1;4;;1;1;1;;;1;998
6;3;14;28;28079;;3;2;No inventariada;;9;4;2;;;1;1;1;;;1;998
6;3;15;28;28079;;3;2;No inventariada;;9;5;2;;;1;1;1;;;1;998
6;3;14;28;28079;;3;2;No inventariada;;9;3;1;1;;1;1;1;;;1;998
6;2;18;28;28079;;3;2;No inventariada;;9;10;1;2;;7;1;1;;;1;998
6;3;15;28;28079;;3;2;No inventariada;;9;12;1;5;;1;1;1;;;1;998
6;3;18;28;28079;;3;2;No inventariada;;9;10;2;;;1;1;1;;;9;998
6;3;18;28;28079;;3;2;No inventariada;;9;2;1;1;;1;1;1;;;1;998
6;3;21;28;28079;;1;1;M-203;5,3;6;16;2;;;1;1;1;;;1;1
6;3;20;28;28079;;3;2;No inventariada;;9;16;1;1;;1;1;1;;;1;998
6;3;18;28;28079;;3;2;No inventariada;;9;6;1;1;;1;1;1;;;1;998
6;4;0;28;28079;;3;2;No inventariada;;9;2;1;1;;1;6;1;;;1;998
6;3;21;28;28079;;3;2;No inventariada;;9;2;2;;;1;1;1;;;1;998
6;3;23;28;28079;;3;2;No inventariada;;9;2;1;1;;1;4;1;;;1;998
6;4;2;28;28079;;3;2;No inventariada;;9;2;2;;;1;4;1;;;1;998
6;4;5;28;28079;;3;2;No inventariada;;9;10;1;1;;3;4;1;;;1;998
6;3;13;28;28079;;3;2;No inventariada;;9;3;2;;;1;1;1;;;1;998
6;3;11;28;28079;;3;2;No inventariada;;9;2;1;1;;1;1;1;;;1;998
6;4;8;28;28079;;3;2;No inventariada;;9;3;2;;;1;1;1;;;1;998
6;4;9;28;28079;;1;1;A-3;7,352;3;4;2;;;1;1;1;;;1;1
6;4;10;28;28079;;1;1;M-40;5,65;3;5;2;;;1;1;1;;;1;1
6;1;10;28;28079;;3;2;No inventariada;;9;10;1;1;;1;1;1;;;1;998
6;4;7;28;28079;;3;2;No inventariada;;9;2;1;5;;1;1;1;;;18;998
5;4;8;28;28079;;3;2;No inventariada;;9;7;1;1;;1;1;1;;;1;998
6;4;7;28;28079;;3;2;No inventariada;;9;3;2;;;1;4;1;;;1;998
6;4;9;28;28079;;3;2;No inventariada;;9;5;1;1;;1;1;1;;;1;998
6;3;14;28;28079;;3;2;No inventariada;;9;2;2;;;1;1;1;;;1;998
6;3;11;28;28079;;3;2;No inventariada;;9;4;1;1;;1;1;1;;;1;998
6;2;9;28;28079;;3;2;No inventariada;;9;2;1;1;;1;1;1;;;1;998
6;3;8;28;28079;;3;2;No inventariada;;9;4;2;;;1;1;1;;;1;998
6;4;10;28;28079;;3;2;No inventariada;;9;12;1;1;;1;1;1;;;1;998
6;4;11;28;28079;;3;2;No inventariada;;9;4;2;;;1;1;1;;;1;998
6;4;12;28;28079;;3;2;No inventariada;;9;3;2;;;1;1;1;;;1;998
5;1;17;28;28079;;3;2;No inventariada;;9;4;2;;;1;1;1;;;1;998
6;3;18;28;28079;;3;2;No inventariada;;9;3;1;2;;1;1;1;;;18;998
6;4;15;28;28079;;3;2;No inventariada;;9;2;1;2;;1;1;1;;;1;998
6;4;14;28;28079;;3;2;No inventariada;;9;4;2;;;1;1;1;;;1;998
6;3;21;28;28079;;3;2;No inventariada;;9;1;1;4;;1;2;1;;;1;998
6;3;19;28;28079;;3;2;No inventariada;;9;2;1;2;;1;1;1;;;1;998
6;4;15;28;28079;;3;2;No inventariada;;9;4;2;;;1;1;1;;;1;998
6;4;15;28;28079;;3;2;No inventariada;;9;10;2;;;1;1;1;;;1;998
6;3;20;28;28079;;3;2;No inventariada;;9;7;2;;;1;2;1;;;1;998
6;4;14;28;28079;;3;2;No inventariada;;9;3;2;;;1;1;1;;;1;998
6;4;17;28;28079;;3;2;No inventariada;;9;4;1;2;;1;1;1;;;1;998
6;2;15;28;28079;;3;2;No inventariada;;9;4;1;5;;1;1;1;;;1;998
6;3;18;28;28079;;3;2;No inventariada;;9;16;1;1;;1;1;1;;;1;998
6;4;16;28;28079;;3;2;No inventariada;;9;4;1;1;;1;1;1;;;1;998
6;4;17;28;28079;;3;2;No inventariada;;9;10;1;1;;1;1;1;;;1;998
6;4;14;28;28079;;3;2;No inventariada;;9;4;2;;;1;1;1;;;1;998
6;3;21;28;28079;;3;2;No inventariada;;9;4;2;;;1;4;1;;;18;998
6;4;19;28;28079;;3;2;No inventariada;;9;2;1;5;;1;1;1;;;1;998
6;4;20;28;28079;;3;2;No inventariada;;9;10;2;;;3;2;4;;;18;998
6;4;20;28;28079;;3;2;No inventariada;;9;10;1;2;;3;1;4;;;1;998
6;4;20;28;28079;;3;2;No inventariada;;9;2;1;1;;3;1;3;;;18;998
6;4;20;28;28079;;3;2;No inventariada;;9;2;1;1;;3;2;4;;;1;998
6;4;20;28;28079;;3;2;No inventariada;;9;2;1;4;;3;1;2;;;1;998
6;4;22;28;28079;;3;2;No inventariada;;9;7;1;2;;1;4;1;;;1;998
6;4;23;28;28079;;3;2;No inventariada;;9;2;2;;;1;4;1;;;1;998
6;5;0;28;28079;;3;2;No inventariada;;9;4;1;4;;1;4;1;;;1;998
6;5;0;28;28079;;3;2;No inventariada;;9;2;1;1;;1;4;1;;;1;998
5;3;18;28;28079;;3;2;No inventariada;;9;7;1;2;;8;1;1;;;18;998
6;7;14;28;28079;;3;2;No inventariada;;9;4;2;;;1;1;1;;;1;998
6;4;22;28;28079;;3;2;No inventariada;;9;3;1;1;;1;4;1;;;1;998
6;4;11;28;28079;;3;2;No inventariada;;9;16;1;2;;1;1;1;;;1;998
6;4;14;28;28079;;3;2;No inventariada;;9;10;2;;;1;1;1;;;1;998
6;5;4;28;28079;;3;2;No inventariada;;9;2;1;1;;1;4;1;;;2;998
6;4;13;28;28079;;3;2;No inventariada;;9;2;2;;;1;1;1;;;1;998
6;1;9;28;28079;;3;2;No inventariada;;9;16;2;;;1;1;1;;;1;998
6;4;13;28;28079;;3;2;No inventariada;;9;12;2;;;1;1;1;;;1;998
6;5;12;28;28079;;3;2;No inventariada;;9;3;1;1;;1;1;1;;;1;998
6;5;15;28;28079;;3;2;No inventariada;;9;4;1;4;;1;1;2;;;1;998
6;5;14;28;28084;;1;1;M-208;8;6;2;1;4;R-3;1;1;1;;;1;2
6;5;15;28;28079;;3;2;No inventariada;;9;1;2;;;1;1;1;;;1;998
5;4;15;28;28079;;3;2;No inventariada;;9;3;2;;;6;1;1;;;2;998
6;5;14;28;28079;;3;2;No inventariada;;9;5;2;;;1;1;1;;;18;998
6;5;17;28;28074;;1;1;M-40;25,588;3;4;2;;;1;1;1;;;1;1
6;5;16;28;28079;;3;2;No inventariada;;9;16;1;12;;1;1;1;;;1;998
6;5;15;28;28079;;3;2;No inventariada;;9;2;1;1;;1;1;1;;;1;998
6;5;15;28;28079;;3;2;No inventariada;;9;4;2;;;1;1;1;;;1;998
6;5;17;28;28079;;3;2;No inventariada;;9;4;1;4;;1;1;2;;;1;998
6;5;18;28;28079;;3;2;No inventariada;;9;4;2;;;1;1;1;;;1;998
6;4;19;28;28079;;3;2;No inventariada;;9;4;2;;;1;4;1;;;1;998
6;5;18;28;28079;;3;2;No inventariada;;9;10;1;1;;1;1;2;;;1;998
6;5;18;28;28079;;3;2;No inventariada;;9;15;1;1;;1;1;1;;;1;998
6;4;21;28;28079;;3;2;No inventariada;;9;3;1;1;;1;4;1;;;1;998
6;5;18;28;28079;;3;2;No inventariada;;9;5;2;;;1;1;2;;;1;998
6;5;16;28;28079;;3;2;No inventariada;;9;7;2;;;1;1;1;;;1;998
6;5;16;28;28079;;3;2;No inventariada;;9;4;2;;;1;1;1;;;1;998
6;6;17;28;28079;;3;2;No inventariada;;9;1;2;;;1;1;2;;;1;998
6;5;19;28;28079;;3;2;No inventariada;;9;4;1;4;;1;1;1;;;1;998
6;5;20;28;28079;;3;2;No inventariada;;9;7;2;;;1;1;2;;;1;998
6;5;19;28;28079;;3;2;No inventariada;;9;2;2;;;1;1;1;;;1;998
5;3;21;28;28079;;3;2;No inventariada;;9;19;1;4;;1;4;1;;;1;998
5;3;19;28;28079;;3;2;No inventariada;;9;4;1;1;;1;1;1;;;1;998
6;5;22;28;28079;;3;2;No inventariada;;9;2;1;1;;1;4;1;;;1;998
6;2;0;28;28079;;3;2;No inventariada;;9;12;2;;;1;4;1;;;1;998
6;5;22;28;28079;;3;2;No inventariada;;9;5;2;;;1;3;1;;;1;998
6;6;0;28;28079;;3;2;No inventariada;;9;3;2;;;1;4;1;;;1;998
6;6;1;28;28079;;3;2;No inventariada;;9;3;2;;;1;4;2;;;1;998
6;6;3;28;28079;;3;2;No inventariada;;9;10;2;;;1;4;1;;;1;998
6;6;0;28;28079;;3;2;No inventariada;;9;1;1;2;;1;3;1;;;1;998
5;6;22;28;28079;;3;2;No inventariada;;9;2;1;1;;1;4;1;;;12;998
6;6;5;28;28079;;3;2;No inventariada;;9;3;2;;;1;4;1;;;1;998
6;5;13;28;28079;;3;2;No inventariada;;9;3;1;2;;1;1;1;;;18;998
6;4;14;28;28079;;3;2;No inventariada;;9;4;1;1;;1;1;1;;;1;998
6;4;13;28;28079;;3;2;No inventariada;;9;2;1;1;;1;1;1;;;1;998
6;5;14;28;28079;;3;2;No inventariada;;9;4;1;3;;1;1;1;;;1;998
6;6;10;28;28079;;3;2;No inventariada;;9;10;1;2;;1;1;1;;;1;998
6;6;11;28;28079;;3;2;No inventariada;;9;7;2;;;3;1;2;;;1;998
6;6;11;28;28079;;3;2;No inventariada;;9;10;2;;;3;1;2;;;1;998
6;6;12;28;28079;;3;2;No inventariada;;9;2;2;;;1;1;2;;;1;998
6;7;18;28;28079;;3;2;No inventariada;;9;7;1;2;;1;1;1;;;18;998
6;6;13;28;28079;;3;2;No inventariada;;9;3;1;1;;1;1;1;;;1;998
6;6;12;28;28079;;3;2;No inventariada;;9;7;2;;;1;1;3;;;1;998
6;6;14;28;28079;;3;2;No inventariada;;9;10;1;4;;3;1;4;;;1;998
6;5;14;28;28079;;3;2;No inventariada;;9;7;2;;;1;1;1;;;1;998