MES;DIA_SEMANA;HORA;COD_PROVINCIA;COD_MUNICIPIO;ISLA;ZONA;ZONA_AGRUPADA;CARRETERA;KM;TIPO_VIA;TIPO_ACCIDENTE;NUDO;NUDO_INFO;CARRETERA_CRUCE;CONDICION_FIRME;CONDICION_ILUMINACION;CONDICION_METEO;CONDICION_NIEBLA;CONDICION_VIENTO;VISIB_RESTRINGIDA_POR;TRAZADO_PLANTA
6;4;12;28;28079;;3;2;No inventariada;;9;4;2;;;1;1;1;;;1;998
6;3;8;28;28079;;3;2;No inventariada;;9;4;2;;;1;1;1;;;1;998
6;2;10;28;28079;;3;2;No inventariada;;9;10;2;;;2;1;1;;;1;998
6;2;13;28;28079;;3;2;No inventariada;;9;7;2;;;1;1;1;;;1;998
6;7;13;28;28079;;3;2;No inventariada;;9;2;2;;;1;1;1;;;1;998
6;3;14;28;28079;;3;2;No inventariada;;9;2;1;1;;1;1;1;;;18;998
6;2;21;28;28079;;3;2;No inventariada;;9;10;2;;;3;1;2;;;18;998
6;2;20;28;28079;;3;2;No inventariada;;9;3;1;2;;3;1;3;;;1;998
6;3;16;28;28079;;3;2;No inventariada;;9;12;1;12;;1;1;1;;;1;998
6;3;14;28;28079;;3;2;No inventariada;;9;3;1;4;;1;1;1;;;1;998
6;3;15;28;28079;;3;2;No inventariada;;9;4;1;1;;1;1;1;;;1;998
6;3;18;28;28115;;1;1;M-40;38;3;4;2;;;1;1;7;;;1;1
6;5;16;28;28079;;3;2;No inventariada;;9;7;2;;;1;1;1;;;1;998
6;3;18;28;28079;;3;2;No inventariada;;9;10;2;;;1;1;1;;;18;998
6;3;19;28;28079;;3;2;No inventariada;;9;19;2;;;1;1;1;;;1;998
6;5;20;28;28079;;3;2;No inventariada;;9;3;1;2;;1;1;1;;;1;998
6;3;19;28;28079;;3;2;No inventariada;;9;10;2;;;1;1;1;;;1;998
6;3;19;28;28079;;3;2;No inventariada;;9;4;2;;;1;1;1;;;1;998
6;2;21;28;28079;;3;2;No inventariada;;9;7;1;1;;1;2;1;;;18;998
6;3;18;28;28079;;3;2;No inventariada;;9;2;1;1;;1;1;1;;;1;998
6;3;21;28;28079;;3;2;No inventariada;;9;10;2;;;1;3;1;;;14;998
6;3;22;28;28079;;3;2;No inventariada;;9;10;1;1;;1;1;1;;;1;998
6;3;22;28;28079;;1;1;M-50;30,381;2;12;1;10;A-3;1;5;1;;;1;1
6;3;21;28;28079;;3;2;No inventariada;;9;2;1;1;;1;3;2;;;1;998
6;3;1;28;28079;;3;2;No inventariada;;9;12;1;2;;3;4;3;;;18;998
6;3;23;28;28079;;3;2;No inventariada;;9;10;2;;;1;4;7;;;1;998
6;3;23;28;28079;;3;2;No inventariada;;9;2;1;1;;1;4;1;;;1;998
6;4;4;28;28079;;3;2;No inventariada;;9;7;1;1;;1;4;1;;;18;998
6;4;2;28;28079;;3;2;No inventariada;;9;12;2;;;1;4;1;;;1;998
6;3;1;28;28079;;3;2;No inventariada;;9;5;2;;;1;3;1;;;18;998
6;2;10;28;28079;;3;2;No inventariada;;9;2;1;1;;1;1;1;;;9;998
6;3;12;28;28079;;3;2;No inventariada;;9;3;2;;;1;1;1;;;1;998
6;5;13;28;28079;;3;2;No inventariada;;9;2;1;1;;1;1;1;;;1;998
6;4;8;28;28079;;1;1;M-40;50,355;3;10;2;;;3;1;2;;;1;1
6;4;6;28;28079;;3;2;No inventariada;;9;4;2;;;1;2;1;;;1;998
6;3;14;28;28079;;3;2;No inventariada;;9;2;2;;;1;1;2;;;1;998
6;3;18;28;28079;;3;2;No inventariada;;9;20;2;;;1;1;1;;;1;998
6;4;9;28;28079;;3;2;No inventariada;;9;2;1;1;;1;1;1;;;18;998
6;4;14;28;28079;;1;1;M-40;31,9;3;3;2;;;3;6;3;;;1;1
6;2;21;28;28079;;3;2;No inventariada;;9;5;1;4;;1;3;1;;;1;998
6;4;15;28;28079;;3;2;No inventariada;;9;10;2;;;3;1;3;;;1;998
6;3;16;28;28079;;3;2;No inventariada;;9;10;2;;;1;1;1;;;1;998
6;3;20;28;28079;;3;2;No inventariada;;9;3;2;;;1;1;2;;;1;998
6;4;18;28;28079;;3;2;No inventariada;;9;3;1;1;;1;1;1;;;1;998
6;4;16;28;28079;;3;2;No inventariada;;9;2;2;;;3;1;3;;;1;998
6;3;19;28;28079;;3;2;No inventariada;;9;16;2;;;1;1;1;;;1;998
6;4;18;28;28079;;1;1;A-6;7,8;2;4;2;;;3;1;2;;;1;1
6;4;19;28;28079;;3;2;No inventariada;;9;4;1;1;;1;1;2;;;1;998
6;4;19;28;28079;;3;2;No inventariada;;9;4;1;4;;1;1;1;;;1;998
6;1;22;28;28079;;3;2;No inventariada;;9;6;2;;;1;4;1;;;1;998
6;4;22;28;28079;;3;2;No inventariada;;9;2;2;;;1;4;1;;;1;998
6;5;0;28;28079;;3;2;No inventariada;;9;2;2;;;1;4;2;;;1;998
6;3;23;28;28079;;3;2;No inventariada;;9;10;2;;;1;4;1;;;1;998
6;5;1;28;28079;;3;2;No inventariada;;9;12;1;2;;1;4;1;;;1;998
6;2;9;28;28079;;3;2;No inventariada;;9;10;2;;;1;1;1;;;1;998
6;4;12;28;28079;;3;2;No inventariada;;9;16;1;2;;1;1;1;;;1;998
6;4;13;28;28079;;3;2;No inventariada;;9;16;2;;;1;1;2;;;1;998
6;6;4;28;28079;;3;2;No inventariada;;9;10;2;;;1;4;1;;;1;998
6;4;13;28;28079;;3;2;No inventariada;;9;1;2;;;1;1;1;;;1;998
6;5;8;28;28079;;3;2;No inventariada;;9;10;1;1;;1;1;1;;;1;998
6;4;11;28;28079;;3;2;No inventariada;;9;4;2;;;1;1;1;;;1;998
6;4;10;28;28079;;3;2;No inventariada;;9;4;2;;;1;1;1;;;1;998
6;3;13;28;28079;;3;2;No inventariada;;9;3;2;;;1;1;1;;;1;998
6;5;11;28;28079;;3;2;No inventariada;;9;7;2;;;1;1;1;;;1;998
6;5;11;28;28079;;3;2;No inventariada;;9;3;1;1;;1;1;1;;;1;998
6;5;8;28;28079;;3;2;No inventariada;;9;5;2;;;1;1;1;;;1;998
6;5;12;28;28079;;3;2;No inventariada;;9;7;2;;;1;1;1;;;1;998
6;5;12;28;28079;;3;2;No inventariada;;9;6;2;;;1;1;1;;;1;998
6;5;14;28;28079;;3;2;No inventariada;;9;4;2;;;1;1;1;;;1;998
6;4;19;28;28079;;3;2;No inventariada;;9;2;1;1;;1;1;1;;;1;998
6;5;14;28;28079;;3;2;No inventariada;;9;12;1;1;;1;1;1;;;1;998
6;5;15;28;28079;;3;2;No inventariada;;9;10;1;1;;1;1;1;;;1;998
6;4;14;28;28079;;3;2;No inventariada;;9;6;2;;;3;1;4;;;5;998
6;5;16;28;28079;;3;2;No inventariada;;9;7;1;1;;1;1;1;;;1;998
6;5;15;28;28079;;3;2;No inventariada;;9;4;2;;;1;1;1;;;1;998
6;5;16;28;28079;;3;2;No inventariada;;9;4;2;;;1;1;1;;;1;998
6;5;14;28;28079;;3;2;No inventariada;;9;3;1;4;;1;1;1;;;1;998
6;5;16;28;28079;;3;2;No inventariada;;9;10;1;2;;1;1;1;;;1;998
6;5;18;28;28079;;1;1;A-3;9,336;3;4;2;;;1;1;1;;;1;2
6;5;14;28;28079;;3;2;No inventariada;;9;4;2;;;1;4;7;;;1;998
6;5;18;28;28079;;3;2;No inventariada;;9;5;1;2;;1;1;1;;;18;998
6;5;17;28;28079;;3;2;No inventariada;;9;2;1;1;;1;1;1;;;1;998
6;5;17;28;28079;;3;2;No inventariada;;9;7;2;;;1;1;1;;;1;998
6;5;17;28;28079;;3;2;No inventariada;;9;10;2;;;1;1;1;;;1;998
6;5;18;28;28079;;3;2;No inventariada;;9;10;1;1;;1;1;1;;;2;998
6;5;22;28;28079;;3;2;No inventariada;;9;4;1;2;;1;3;1;;;1;998
6;6;3;28;28079;;3;2;No inventariada;;9;10;2;;;1;4;1;;;1;998
6;5;22;28;28079;;3;2;No inventariada;;9;10;2;;;1;4;1;;;1;998
6;6;6;28;28079;;3;2;No inventariada;;9;15;1;2;;1;2;1;;;18;998
6;5;11;28;28079;;3;2;No inventariada;;9;4;2;;;1;1;1;;;1;998
6;6;6;28;28079;;3;2;No inventariada;;9;12;2;;;1;1;1;;;1;998
6;6;9;28;28079;;3;2;No inventariada;;9;1;1;5;;1;1;1;;;1;998
6;6;14;28;28079;;3;2;No inventariada;;9;2;1;1;;1;1;1;;;1;998
6;6;15;28;28079;;3;2;No inventariada;;9;4;1;4;;1;1;1;;;1;998
6;6;21;28;28079;;3;2;No inventariada;;9;4;2;;;1;1;1;;;1;998
6;7;0;28;28079;;3;2;No inventariada;;9;10;1;2;;1;4;1;;;1;998
6;7;2;28;28079;;3;2;No inventariada;;9;2;2;;;1;4;1;;;1;998
6;6;22;28;28079;;3;2;No inventariada;;9;6;2;;;1;3;1;;;1;998
6;6;17;28;28079;;3;2;No inventariada;;9;12;1;4;;1;1;1;;;1;998
6;7;1;28;28079;;3;2;No inventariada;;9;2;1;1;;1;4;1;;;1;998
6;7;3;28;28079;;3;2;No inventariada;;9;10;2;;;1;4;1;;;1;998
6;6;13;28;28079;;3;2;No inventariada;;9;2;1;2;;1;1;1;;;1;998
6;6;12;28;28079;;3;2;No inventariada;;9;4;2;;;1;1;1;;;1;998
6;6;13;28;28079;;3;2;No inventariada;;9;4;2;;;1;1;1;;;1;998
6;4;13;28;28079;;3;2;No inventariada;;9;3;2;;;1;1;2;;;1;998
6;7;8;28;28079;;3;2;No inventariada;;9;12;1;1;;1;1;1;;;1;998
6;2;11;28;28079;;3;2;No inventariada;;9;7;1;2;;1;1;1;;;18;998
6;7;8;28;28079;;3;2;No inventariada;;9;6;2;;;8;1;1;;;1;998
6;6;15;28;28079;;3;2;No inventariada;;9;2;1;1;;1;1;1;;;1;998
6;6;15;28;28079;;3;2;No inventariada;;9;2;1;4;;1;1;1;;;1;998
6;7;14;28;28079;;3;2;No inventariada;;9;1;1;1;;1;1;1;;;1;998
6;6;16;28;28079;;3;2;No inventariada;;9;10;2;;;1;1;1;;;1;998
6;7;15;28;28079;;3;2;No inventariada;;9;16;2;;;1;1;1;;;1;998
6;7;19;28;28079;;3;2;No inventariada;;9;10;2;;;1;1;1;;;1;998
6;7;19;28;28079;;3;2;No inventariada;;9;5;2;;;1;1;1;;;1;998
6;1;15;28;28079;;3;2;No inventariada;;9;7;2;;;1;1;1;;;1;998
6;7;17;28;28079;;3;2;No inventariada;;9;19;1;1;;1;1;1;;;1;998
6;7;17;28;28079;;3;2;No inventariada;;9;10;1;2;;1;1;1;;;1;998
6;7;20;28;28079;;3;2;No inventariada;;9;4;2;;;1;1;1;;;1;998
6;7;22;28;28079;;3;2;No inventariada;;9;4;1;1;;1;4;1;;;1;998
6;7;2;28;28079;;3;2;No inventariada;;9;7;2;;;1;4;1;;;1;998
6;7;7;28;28079;;3;2;No inventariada;;9;4;1;1;;1;1;1;;;1;998
6;1;2;28;28079;;3;2;No inventariada;;9;12;2;;;1;4;1;;;1;998
6;1;5;28;28079;;3;2;No inventariada;;9;2;1;4;;1;4;1;;;1;998
6;7;13;28;28079;;3;2;No inventariada;;9;2;1;1;;1;1;1;;;1;998
6;6;9;28;28079;;3;2;No inventariada;;9;2;1;1;;1;1;1;;;1;998
6;7;11;28;28079;;3;2;No inventariada;;9;4;1;1;;1;1;1;;;18;998
6;7;13;28;28079;;3;2;No inventariada;;9;4;2;;;1;1;1;;;1;998
6;1;8;28;28079;;3;2;No inventariada;;9;10;2;;;1;1;1;;;6;998
6;4;11;28;28079;;3;2;No inventariada;;9;10;2;;;1;1;2;;;1;998
6;1;9;28;28079;;1;1;M-50;32,059;2;4;2;;;1;1;1;;;1;1
6;6;11;28;28079;;3;2;No inventariada;;9;4;1;4;;1;1;1;;;1;998
6;1;7;28;28079;;3;2;No inventariada;;9;4;2;;;1;1;1;;;1;998
6;1;9;28;28079;;3;2;No inventariada;;9;2;1;1;;1;1;1;;;1;998
6;1;9;28;28079;;3;2;No inventariada;;9;4;2;;;1;1;1;;;1;998
6;4;11;28;28079;;3;2;No inventariada;;9;12;2;;;1;1;1;;;1;998
6;7;13;28;28079;;3;2;No inventariada;;9;4;2;;;1;1;1;;;1;998
6;1;11;28;28079;;3;2;No inventariada;;9;4;2;;;1;1;1;;;1;998
6;1;10;28;28079;;3;2;No inventariada;;9;7;2;;;1;1;1;;;1;998
6;1;13;28;28079;;1;1;M-40;27;14;2;1;1;M-425;1;1;1;;;1;1
6;1;11;28;28079;;3;2;No inventariada;;9;16;1;1;;1;1;1;;;1;998
6;7;21;28;28079;;3;2;No inventariada;;9;15;2;;;1;3;1;;;18;998
6;1;15;28;28079;;3;2;No inventariada;;9;10;2;;;1;1;1;;;1;998
6;1;14;28;28079;;3;2;No inventariada;;9;4;2;;;1;1;1;;;1;998
6;1;16;28;28079;;3;2;No inventariada;;9;4;2;;;1;1;1;;;1;998
6;1;16;28;28079;;3;2;No inventariada;;9;6;1;2;;1;1;1;;;18;998
6;1;15;28;28079;;3;2;No inventariada;;9;2;1;5;;1;1;1;;;1;998
6;1;16;28;28079;;3;2;No inventariada;;9;5;2;;;1;1;1;;;1;998
6;1;17;28;28079;;3;2;No inventariada;;9;2;2;;;1;1;1;;;1;998
6;1;16;28;28079;;3;2;No inventariada;;9;2;1;1;;1;1;1;;;1;998
6;1;20;28;28079;;3;2;No inventariada;;9;7;2;;;1;1;1;;;1;998
6;1;18;28;28079;;3;2;No inventariada;;9;5;2;;;1;1;1;;;1;998
6;1;15;28;28079;;3;2;No inventariada;;9;4;1;2;;1;4;1;;;18;998
6;1;20;28;28079;;3;2;No inventariada;;9;10;2;;;1;1;1;;;1;998
6;1;19;28;28079;;3;2;No inventariada;;9;3;2;;;1;1;1;;;1;998
6;1;19;28;28079;;3;2;No inventariada;;9;10;2;;;1;4;1;;;1;998
6;1;19;28;28079;;3;2;No inventariada;;9;2;1;2;;1;1;1;;;1;998
6;6;21;28;28079;;3;2;No inventariada;;9;2;1;1;;1;4;1;;;1;998
6;1;19;28;28079;;3;2;No inventariada;;9;7;1;1;;1;1;1;;;1;998
6;1;20;28;28079;;3;2;No inventariada;;9;7;2;;;1;1;1;;;2;998
6;1;20;28;28079;;3;2;No inventariada;;9;2;1;1;;1;4;1;;;1;998
6;1;22;28;28079;;3;2;No inventariada;;9;4;2;;;1;4;1;;;1;998
6;1;12;28;28079;;3;2;No inventariada;;9;12;2;;;1;1;1;;;1;998
6;1;12;28;28079;;3;2;No inventariada;;9;2;1;1;;1;1;1;;;1;998
6;1;13;28;28079;;3;2;No inventariada;;9;10;2;;;1;1;1;;;1;998
6;1;8;28;28079;;3;2;No inventariada;;9;10;2;;;1;1;1;;;1;998
6;2;10;28;28079;;3;2;No inventariada;;9;4;1;4;;1;1;1;;;1;998
6;2;12;28;28079;;3;2;No inventariada;;9;2;1;2;;1;1;1;;;1;998
6;2;12;28;28079;;3;2;No inventariada;;9;4;1;1;;1;1;1;;;18;998
6;2;19;28;28079;;1;1;A-1;11,334;3;10;2;;;1;1;7;;;18;4
6;2;20;28;28079;;1;1;A-1;10,3;3;4;2;;;3;1;3;;;18;4
6;2;20;28;28079;;1;1;M-607;12,5;3;15;2;;;4;1;4;;;5;2
6;3;0;28;28079;;1;1;M-40;27,777;3;15;1;4;M-421;3;4;3;;;1;2
6;2;18;28;28079;;3;2;No inventariada;;9;4;2;;;1;1;1;;;18;998
6;1;17;28;28079;;3;2;No inventariada;;9;4;2;;;1;1;1;;;1;998
6;2;22;28;28079;;3;2;No inventariada;;9;10;2;;;1;4;1;;;1;998
6;2;20;28;28079;;3;2;No inventariada;;9;4;2;;;3;1;4;;;5;998
6;2;17;28;28079;;3;2;No inventariada;;9;10;2;;;1;1;1;;;1;998
6;2;14;28;28079;;3;2;No inventariada;;9;4;2;;;1;1;1;;;1;998
6;3;14;28;28079;;3;2;No inventariada;;9;15;2;;;1;1;1;;;1;998
6;3;16;28;28079;;3;2;No inventariada;;9;10;1;1;;3;1;3;;;1;998
6;3;12;28;28079;;1;1;M-40;11,9;3;5;2;;;1;1;1;;;1;3
6;3;15;28;28079;;3;2;No inventariada;;9;2;1;4;;1;1;2;;;1;998
6;2;17;28;28079;;3;2;No inventariada;;9;7;1;1;;1;1;1;;;1;998
6;3;16;28;28079;;3;2;No inventariada;;9;10;2;;;3;1;3;;;1;998
6;3;15;28;28079;;3;2;No inventariada;;9;2;2;;;3;1;3;;;5;998
6;3;14;28;28079;;3;2;No inventariada;;9;10;1;4;;3;1;3;;;18;998
6;2;18;28;28079;;3;2;No inventariada;;9;16;1;1;;1;1;1;;;1;998
6;3;17;28;28079;;3;2;No inventariada;;9;10;2;;;3;1;3;;;1;998
6;3;16;28;28079;;3;2;No inventariada;;9;10;2;;;1;1;2;;;1;998
6;2;19;28;28079;;3;2;No inventariada;;9;2;1;1;;1;1;1;;;1;998
6;3;17;28;28079;;3;2;No inventariada;;9;2;1;1;;1;1;2;;;1;998
6;2;14;28;28079;;3;2;No inventariada;;9;2;1;1;;1;1;1;;;1;998
6;3;19;28;28079;;3;2;No inventariada;;9;4;1;2;;9;1;7;;;18;998
6;3;15;28;28079;;3;2;No inventariada;;9;5;2;;;1;1;2;;;1;998
6;3;18;28;28079;;3;2;No inventariada;;9;16;1;2;;1;1;1;;;1;998
6;3;23;28;28079;;3;2;No inventariada;;9;2;2;;;1;4;1;;;1;998
6;3;22;28;28079;;3;2;No inventariada;;9;7;2;;;1;4;2;;;1;998
6;3;23;28;28079;;3;2;No inventariada;;9;2;2;;;1;4;1;;;1;998
6;4;1;28;28079;;3;2;No inventariada;;9;3;2;;;1;4;1;;;1;998
6;3;14;28;28079;;3;2;No inventariada;;9;4;2;;;1;1;2;;;1;998
6;4;7;28;28079;;1;1;M-45;19,926;3;5;2;;;1;1;1;;;18;1
6;2;13;28;28079;;3;2;No inventariada;;9;12;1;4;;1;1;1;;;1;998
6;4;8;28;28079;;3;2;No inventariada;;9;2;1;4;;1;1;1;;;9;998
6;4;14;28;28079;;3;2;No inventariada;;9;10;2;;;3;1;3;;;1;998
6;3;14;28;28079;;3;2;No inventariada;;9;1;2;;;1;1;2;;;9;998
6;3;11;28;28079;;3;2;No inventariada;;9;4;1;1;;1;1;1;;;1;998
6;4;10;28;28079;;3;2;No inventariada;;9;2;1;1;;1;1;2;;;1;998
6;3;11;28;28079;;3;2;No inventariada;;9;10;2;;;2;1;1;;;1;998
6;4;12;28;28079;;3;2;No inventariada;;9;2;1;1;;1;1;1;;;1;998
6;4;11;28;28079;;3;2;No inventariada;;9;12;2;;;1;1;1;;;1;998
6;2;12;28;28079;;3;2;No inventariada;;9;10;2;;;1;1;1;;;1;998
6;3;10;28;28079;;3;2;No inventariada;;9;3;2;;;1;1;1;;;18;998
6;3;12;28;28079;;3;2;No inventariada;;9;3;2;;;1;1;1;;;1;998
6;4;11;28;28079;;3;2;No inventariada;;9;2;2;;;1;1;1;;;1;998
6;2;13;28;28079;;3;2;No inventariada;;9;7;1;2;;1;1;1;;;1;998
6;3;9;28;28079;;3;2;No inventariada;;9;5;1;2;;1;1;1;;;1;998
6;4;16;28;28079;;3;2;No inventariada;;9;2;1;2;;1;1;1;;;1;998
6;4;13;28;28079;;3;2;No inventariada;;9;7;2;;;1;1;1;;;1;998
6;4;14;28;28079;;3;2;No inventariada;;9;3;1;1;;1;1;1;;;18;998
6;4;17;28;28079;;3;2;No inventariada;;9;7;2;;;1;1;1;;;1;998
6;4;17;28;28079;;1;1;M-40;18,643;3;5;2;;;1;1;1;;;1;2
6;1;18;28;28079;;3;2;No inventariada;;9;16;2;;;1;1;1;;;1;998
6;4;18;28;28079;;3;2;No inventariada;;9;2;1;2;;1;1;1;;;1;998
6;1;17;28;28079;;3;2;No inventariada;;9;2;2;;;1;1;1;;;1;998
6;4;18;28;28079;;3;2;No inventariada;;9;3;2;;;1;1;1;;;1;998
6;4;19;28;28079;;3;2;No inventariada;;9;10;2;;;1;1;1;;;1;998
6;4;19;28;28079;;3;2;No inventariada;;9;7;1;1;;1;1;1;;;18;998
6;4;18;28;28079;;3;2;No inventariada;;9;10;1;1;;1;1;1;;;1;998
6;4;18;28;28079;;3;2;No inventariada;;9;2;1;1;;1;1;2;;;1;998
6;4;22;28;28079;;3;2;No inventariada;;9;10;1;4;;1;4;1;;;1;998
6;5;0;28;28079;;3;2;No inventariada;;9;19;2;;;1;4;1;;;1;998
6;4;5;28;28079;;3;2;No inventariada;;9;2;1;4;;1;3;1;;;1;998
6;5;2;28;28079;;3;2;No inventariada;;9;2;1;1;;1;4;1;;;1;998
6;4;11;28;28079;;3;2;No inventariada;;9;7;2;;;1;1;1;;;1;998
6;4;13;28;28079;;3;2;No inventariada;;9;10;2;;;1;1;1;;;1;998
6;4;13;28;28079;;3;2;No inventariada;;9;4;2;;;1;1;1;;;1;998
6;5;7;28;28079;;3;2;No inventariada;;9;3;2;;;1;1;1;;;1;998
6;5;7;28;28079;;3;2;No inventariada;;9;2;1;1;;1;1;1;;;1;998
6;3;9;28;28079;;3;2;No inventariada;;9;7;2;;;1;1;1;;;1;998
6;5;8;28;28079;;3;2;No inventariada;;9;6;2;;;1;1;1;;;1;998
6;3;11;28;28079;;3;2;No inventariada;;9;7;2;;;1;1;1;;;1;998
6;5;9;28;28079;;3;2;No inventariada;;9;1;2;;;1;1;1;;;1;998
6;5;11;28;28079;;3;2;No inventariada;;9;2;1;1;;1;1;1;;;1;998
6;3;23;28;28079;;3;2;No inventariada;;9;2;1;1;;1;2;1;;;1;998
6;4;13;28;28079;;3;2;No inventariada;;9;3;2;;;1;1;1;;;1;998
6;5;13;28;28079;;3;2;No inventariada;;9;20;2;;;1;1;2;;;1;998
6;7;19;28;28079;;3;2;No inventariada;;9;2;1;1;;1;1;1;;;1;998
6;4;19;28;28079;;3;2;No inventariada;;9;4;2;;;1;1;1;;;1;998
6;5;15;28;28079;;3;2;No inventariada;;9;4;1;1;;1;1;2;;;1;998
6;5;16;28;28079;;3;2;No inventariada;;9;2;1;2;;1;1;2;;;2;998
6;5;15;28;28079;;3;2;No inventariada;;9;10;2;;;1;1;2;;;1;998
6;5;15;28;28079;;3;2;No inventariada;;9;2;1;1;;1;1;1;;;9;998
6;5;18;28;28079;;3;2;No inventariada;;9;2;1;5;;1;1;1;;;1;998
6;2;20;28;28079;;3;2;No inventariada;;9;4;2;;;3;1;3;;;1;998
6;5;18;28;28079;;3;2;No inventariada;;9;4;1;2;;1;1;1;;;1;998
6;4;20;28;28079;;3;2;No inventariada;;9;2;1;1;;1;1;1;;;1;998
6;5;19;28;28079;;3;2;No inventariada;;9;10;2;;;2;1;1;;;1;998
6;5;19;28;28079;;3;2;No inventariada;;9;4;1;4;;1;1;1;;;6;998
6;5;19;28;28079;;3;2;No inventariada;;9;2;1;1;;1;1;2;;;1;998
6;5;18;28;28079;;3;2;No inventariada;;9;7;2;;;1;1;1;;;1;998
6;5;6;28;28079;;3;2;No inventariada;;9;10;2;;;1;4;1;;;1;998
6;5;14;28;28079;;3;2;No inventariada;;9;12;2;;;1;1;1;;;1;998
6;5;18;28;28079;;3;2;No inventariada;;9;9;2;;;1;1;2;;;1;998
6;5;22;28;28079;;3;2;No inventariada;;9;10;1;1;;7;4;2;;;1;998
6;5;23;28;28079;;3;2;No inventariada;;9;4;2;;;1;4;1;;;1;998
6;6;0;28;28079;;3;2;No inventariada;;9;2;2;;;1;4;2;;;1;998
6;6;1;28;28079;;3;2;No inventariada;;9;10;1;2;;3;4;4;;;17;998
6;5;22;28;28079;;3;2;No inventariada;;9;7;1;2;;1;4;1;;;1;998
6;5;14;28;28079;;3;2;No inventariada;;9;2;1;2;;1;1;1;;;1;998
6;4;13;28;28079;;3;2;No inventariada;;9;10;2;;;1;1;1;;;1;998
6;4;13;28;28079;;3;2;No inventariada;;9;10;2;;;1;1;1;;;1;998
6;5;12;28;28079;;3;2;No inventariada;;9;4;2;;;1;1;1;;;1;998
6;6;7;28;28079;;3;2;No inventariada;;9;2;1;1;;1;1;2;;;1;998
6;6;10;28;28079;;3;2;No inventariada;;9;7;1;5;;1;1;2;;;1;998
6;6;13;28;28079;;3;2;No inventariada;;9;7;1;1;;1;1;1;;;1;998
6;5;19;28;28079;;3;2;No inventariada;;9;7;2;;;1;1;1;;;1;998
6;5;20;28;28079;;3;2;No inventariada;;9;2;1;5;;1;1;1;;;18;998
6;5;19;28;28079;;3;2;No inventariada;;9;7;1;1;;1;1;1;;;1;998
6;5;21;28;28079;;3;2;No inventariada;;9;2;1;1;;1;3;2;;;2;998
6;6;17;28;28079;;3;2;No inventariada;;9;2;2;;;1;1;1;;;1;998
6;1;16;28;28079;;3;2;No inventariada;;9;10;1;1;;1;1;1;;;1;998
6;6;17;28;28079;;3;2;No inventariada;;9;7;2;;;1;1;1;;;1;998
6;6;19;28;28079;;3;2;No inventariada;;9;4;1;2;;1;1;1;;;1;998
6;1;18;28;28079;;3;2;No inventariada;;9;10;2;;;1;1;1;;;1;998
6;6;19;28;28079;;3;2;No inventariada;;9;2;1;1;;1;1;1;;;1;998
6;6;20;28;28079;;3;2;No inventariada;;9;2;1;1;;1;1;1;;;18;998
6;6;20;28;28079;;3;2;No inventariada;;9;5;1;2;;1;1;1;;;1;998
6;6;6;28;28079;;3;2;No inventariada;;9;1;1;2;;3;4;2;;;1;998
6;7;0;28;28079;;3;2;No inventariada;;9;10;2;;;1;4;1;;;1;998
6;7;2;28;28079;;3;2;No inventariada;;9;10;2;;;1;4;1;;;1;998
6;7;2;28;28079;;3;2;No inventariada;;9;2;2;;;1;4;1;;;1;998
6;7;6;28;28079;;3;2;No inventariada;;9;10;2;;;1;2;1;;;1;998
6;7;5;28;28079;;3;2;No inventariada;;9;6;2;;;1;4;1;;;1;998
6;7;4;28;28079;;3;2;No inventariada;;9;2;1;4;;1;4;1;;;18;998
6;7;7;28;28079;;1;1;A-6;9,5;2;12;2;;;1;2;1;;;1;1
6;6;14;28;28079;;3;2;No inventariada;;9;2;1;1;;1;1;2;;;1;998
6;7;6;28;28079;;3;2;No inventariada;;9;6;2;;;1;4;2;;;1;998
6;7;7;28;28079;;3;2;No inventariada;;9;3;2;;;1;2;2;;;1;998