MES;DIA_SEMANA;HORA;COD_PROVINCIA;COD_MUNICIPIO;ISLA;ZONA;ZONA_AGRUPADA;CARRETERA;KM;TIPO_VIA;TIPO_ACCIDENTE;NUDO;NUDO_INFO;CARRETERA_CRUCE;CONDICION_FIRME;CONDICION_ILUMINACION;CONDICION_METEO;CONDICION_NIEBLA;CONDICION_VIENTO;VISIB_RESTRINGIDA_POR;TRAZADO_PLANTA
6;7;10;28;28079;;3;2;No inventariada;;9;4;2;;;1;1;1;;;18;998
6;6;15;28;28079;;3;2;No inventariada;;9;6;2;;;1;1;1;;;1;998
6;6;17;28;28079;;3;2;No inventariada;;9;4;2;;;1;1;1;;;1;998
6;6;20;28;28079;;3;2;No inventariada;;9;2;1;2;;1;1;2;;;1;998
6;7;15;28;28079;;3;2;No inventariada;;9;10;2;;;1;1;1;;;1;998
6;7;17;28;28079;;3;2;No inventariada;;9;10;2;;;1;1;1;;;1;998
6;7;16;28;28079;;3;2;No inventariada;;9;9;1;1;;1;1;1;;;1;998
6;5;19;28;28079;;3;2;No inventariada;;9;10;2;;;1;1;1;;;1;998
6;7;20;28;28079;;3;2;No inventariada;;9;10;2;;;1;1;1;;;1;998
6;7;20;28;28079;;3;2;No inventariada;;9;4;2;;;1;1;1;;;1;998
6;7;20;28;28079;;3;2;No inventariada;;9;10;1;4;;1;1;1;;;1;998
6;7;22;28;28079;;3;2;No inventariada;;9;4;2;;;1;4;1;;;1;998
6;7;22;28;28079;;3;2;No inventariada;;9;3;1;12;;1;3;1;;;1;998
7;1;0;28;28079;;3;2;No inventariada;;9;10;2;;;1;4;1;;;1;998
7;1;0;28;28079;;3;2;No inventariada;;9;2;1;2;;1;4;1;;;1;998
7;1;1;28;28079;;3;2;No inventariada;;9;2;1;2;;1;6;1;;;1;998
7;1;6;28;28079;;3;2;No inventariada;;9;2;1;1;;1;2;1;;;1;998
7;1;8;28;28079;;3;2;No inventariada;;9;4;2;;;1;1;1;;;1;998
6;5;12;28;28079;;3;2;No inventariada;;9;2;2;;;1;1;1;;;1;998
6;6;13;28;28079;;3;2;No inventariada;;9;2;1;5;;1;1;1;;;1;998
6;1;13;28;28079;;3;2;No inventariada;;9;7;2;;;8;1;1;;;1;998
7;1;8;28;28079;;3;2;No inventariada;;9;3;1;1;;1;1;1;;;1;998
7;1;9;28;28079;;3;2;No inventariada;;9;7;2;;;3;1;1;;;1;998
7;1;11;28;28079;;3;2;No inventariada;;9;3;2;;;1;1;1;;;1;998
7;1;10;28;28079;;3;2;No inventariada;;9;7;1;2;;1;1;1;;;1;998
7;1;12;28;28079;;3;2;No inventariada;;9;4;2;;;1;1;1;;;1;998
7;1;12;28;28079;;3;2;No inventariada;;9;5;2;;;1;1;1;;;1;998
7;1;15;28;28079;;1;1;A-3;9,2;3;15;1;10;;1;1;1;;;1;2
7;1;14;28;28079;;3;2;No inventariada;;9;3;1;2;;1;1;1;;;1;998
6;7;21;28;28079;;3;2;No inventariada;;9;7;2;;;1;3;1;;;1;998
6;7;20;28;28079;;3;2;No inventariada;;9;10;1;4;;1;1;1;;;1;998
7;1;14;28;28079;;3;2;No inventariada;;9;4;2;;;1;1;1;;;1;998
6;1;18;28;28079;;3;2;No inventariada;;9;5;2;;;1;1;1;;;1;998
7;1;15;28;28079;;3;2;No inventariada;;9;2;1;1;;1;1;1;;;9;998
7;1;18;28;28079;;1;1;A-2;9,815;3;4;2;;;1;1;1;;;1;1
7;1;17;28;28079;;3;2;No inventariada;;9;7;2;;;1;1;1;;;18;998
7;1;16;28;28079;;3;2;No inventariada;;9;6;1;4;;1;1;1;;;1;998
7;1;20;28;28079;;1;1;M-607;18,9;12;10;2;;;2;1;1;;;1;1
7;1;18;28;28079;;3;2;No inventariada;;9;4;1;4;;1;1;1;;;1;998
7;1;19;28;28079;;3;2;No inventariada;;9;10;1;1;;1;1;1;;;1;998
7;1;18;28;28079;;3;2;No inventariada;;9;19;2;;;1;1;1;;;1;998
7;1;18;28;28079;;3;2;No inventariada;;9;2;1;2;;1;1;1;;;18;998
7;1;16;28;28079;;3;2;No inventariada;;9;12;2;;;1;1;1;;;1;998
7;1;18;28;28079;;3;2;No inventariada;;9;4;2;;;1;1;1;;;1;998
6;7;16;28;28079;;3;2;No inventariada;;9;4;1;12;;1;1;1;;;18;998
7;1;20;28;28079;;3;2;No inventariada;;9;7;2;;;1;1;1;;;6;998
6;4;3;28;28079;;3;2;No inventariada;;9;10;2;;;1;3;1;;;18;998
7;1;23;28;28079;;1;1;M-607;18;3;4;2;;;1;4;1;;;18;1
7;1;22;28;28079;;3;2;No inventariada;;9;2;1;1;;1;2;1;;;1;998
7;2;1;28;28079;;3;2;No inventariada;;9;2;1;4;;1;4;1;;;1;998
7;2;0;28;28079;;3;2;No inventariada;;9;2;1;1;;1;4;1;;;1;998
7;1;23;28;28079;;3;2;No inventariada;;9;2;1;1;;1;4;1;;;18;998
7;2;7;28;28079;;3;2;No inventariada;;9;10;2;;;1;1;1;;;18;998
7;1;14;28;28079;;3;2;No inventariada;;9;3;1;1;;1;1;1;;;1;998
7;1;9;28;28079;;3;2;No inventariada;;9;12;1;5;;1;1;1;;;1;998
7;2;8;28;28079;;3;2;No inventariada;;9;10;1;4;;1;1;1;;;18;998
7;2;10;28;28079;;3;2;No inventariada;;9;7;1;1;;1;1;1;;;1;998
7;1;13;28;28079;;3;2;No inventariada;;9;12;1;1;;1;1;1;;;1;998
7;1;13;28;28079;;3;2;No inventariada;;9;4;1;4;;1;1;1;;;1;998
6;6;12;28;28079;;3;2;No inventariada;;9;4;1;1;;1;1;1;;;18;998
7;2;11;28;28079;;3;2;No inventariada;;9;7;2;;;1;1;1;;;1;998
7;2;12;28;28079;;3;2;No inventariada;;9;4;1;1;;1;1;1;;;1;998
7;1;8;28;28079;;3;2;No inventariada;;9;2;1;2;;1;1;1;;;9;998
7;2;9;28;28079;;3;2;No inventariada;;9;4;2;;;1;1;1;;;1;998
7;2;11;28;28079;;3;2;No inventariada;;9;2;1;10;;1;1;1;;;1;998
7;2;12;28;28079;;3;2;No inventariada;;9;7;2;;;1;1;1;;;1;998
7;1;12;28;28079;;3;2;No inventariada;;9;10;2;;;1;1;1;;;1;998
7;1;11;28;28079;;3;2;No inventariada;;9;7;1;2;;1;1;1;;;1;998
7;1;10;28;28079;;3;2;No inventariada;;9;3;1;1;;1;1;1;;;1;998
7;2;14;28;28079;;1;1;M-40;8,7;3;4;2;;;1;1;1;;;1;1
7;1;22;28;28079;;3;2;No inventariada;;9;12;1;2;;1;4;1;;;1;998
7;2;14;28;28079;;1;1;M-40;19;3;4;2;;;1;1;1;;;1;2
7;1;21;28;28079;;3;2;No inventariada;;9;10;1;1;;1;1;1;;;1;998
7;2;15;28;28079;;3;2;No inventariada;;9;10;2;;;1;1;1;;;1;998
7;2;15;28;28079;;3;2;No inventariada;;9;4;2;;;1;1;1;;;1;998
7;2;16;28;28079;;3;2;No inventariada;;9;4;2;;;1;1;1;;;1;998
7;2;14;28;28079;;3;2;No inventariada;;9;3;2;;;1;1;1;;;1;998
7;2;15;28;28079;;3;2;No inventariada;;9;10;2;;;1;1;1;;;1;998
7;2;18;28;28079;;3;2;No inventariada;;9;2;2;;;1;1;1;;;1;998
6;5;22;28;28079;;3;2;No inventariada;;9;10;1;1;;3;4;3;;;1;998
7;2;18;28;28079;;3;2;No inventariada;;9;3;1;12;;1;1;1;;;18;998
7;2;19;28;28079;;3;2;No inventariada;;9;10;1;1;;1;1;1;;;1;998
7;2;18;28;28079;;3;2;No inventariada;;9;2;1;4;;1;1;1;;;1;998
7;1;20;28;28079;;3;2;No inventariada;;9;4;1;2;;1;2;1;;;17;998
7;2;20;28;28079;;3;2;No inventariada;;9;2;1;1;;1;1;1;;;1;998
7;2;19;28;28079;;3;2;No inventariada;;9;10;2;;;1;1;1;;;1;998
7;2;19;28;28079;;3;2;No inventariada;;9;2;1;2;;1;1;1;;;1;998
7;2;21;28;28079;;3;2;No inventariada;;9;4;2;;;1;1;1;;;1;998
7;2;22;28;28079;;3;2;No inventariada;;9;10;1;1;;1;4;1;;;1;998
6;7;22;28;28079;;3;2;No inventariada;;9;2;1;5;;1;4;1;;;1;998
7;2;22;28;28079;;3;2;No inventariada;;9;10;2;;;1;4;1;;;1;998
7;2;14;28;28079;;3;2;No inventariada;;9;10;2;;;1;1;1;;;1;998
6;5;10;28;28079;;3;2;No inventariada;;9;2;1;2;;1;1;1;;;1;998
7;2;12;28;28079;;3;2;No inventariada;;9;10;1;1;;1;1;1;;;1;998
6;2;12;28;28079;;3;2;No inventariada;;9;16;1;2;;1;1;1;;;1;998
7;3;10;28;28079;;3;2;No inventariada;;9;4;1;4;;1;1;1;;;1;998
7;3;9;28;28079;;3;2;No inventariada;;9;4;2;;;1;1;1;;;1;998
7;3;8;28;28079;;3;2;No inventariada;;9;2;1;2;;1;1;1;;;1;998
7;3;9;28;28079;;3;2;No inventariada;;9;4;2;;;1;1;1;;;1;998
7;2;9;28;28079;;3;2;No inventariada;;9;2;1;5;;1;1;1;;;1;998
7;3;11;28;28079;;3;2;No inventariada;;9;2;1;1;;1;1;1;;;1;998
7;3;11;28;28079;;3;2;No inventariada;;9;2;1;1;;1;1;1;;;1;998
7;3;13;28;28079;;3;2;No inventariada;;9;10;2;;;1;1;1;;;1;998
7;3;12;28;28079;;3;2;No inventariada;;9;7;2;;;9;1;1;;;18;998
7;2;21;28;28079;;3;2;No inventariada;;9;10;2;;;1;3;1;;;1;998
7;2;19;28;28079;;3;2;No inventariada;;9;2;2;;;1;1;1;;;1;998
7;3;15;28;28079;;3;2;No inventariada;;9;3;2;;;1;1;1;;;1;998
7;3;15;28;28079;;3;2;No inventariada;;9;2;1;1;;1;1;1;;;1;998
7;3;16;28;28079;;3;2;No inventariada;;9;4;2;;;1;1;1;;;1;998
7;3;17;28;28079;;3;2;No inventariada;;9;16;1;1;;1;1;1;;;1;998
7;3;17;28;28079;;1;1;M-40;30,209;3;4;1;4;;1;1;1;;;1;1
7;3;15;28;28079;;3;2;No inventariada;;9;3;2;;;1;1;1;;;1;998
7;3;17;28;28079;;3;2;No inventariada;;9;2;1;1;;1;1;1;;;18;998
7;3;19;28;28079;;3;2;No inventariada;;9;10;2;;;1;1;1;;;1;998
7;3;14;28;28079;;3;2;No inventariada;;9;3;2;;;1;1;1;;;1;998
7;3;19;28;28079;;3;2;No inventariada;;9;6;1;2;;1;1;1;;;1;998
7;3;22;28;28079;;3;2;No inventariada;;9;10;1;2;;1;4;1;;;1;998
7;3;13;28;28079;;3;2;No inventariada;;9;2;1;1;;1;1;1;;;1;998
7;1;9;28;28079;;3;2;No inventariada;;9;12;2;;;1;1;1;;;1;998
7;3;13;28;28079;;3;2;No inventariada;;9;2;1;2;;1;1;1;;;1;998
7;4;8;28;28079;;3;2;No inventariada;;9;5;1;2;;1;1;1;;;1;998
7;4;9;28;28079;;3;2;No inventariada;;9;10;2;;;3;1;1;;;1;998
7;4;10;28;28079;;3;2;No inventariada;;9;2;2;;;1;1;1;;;1;998
7;4;9;28;28079;;3;2;No inventariada;;9;2;1;4;;1;1;1;;;18;998
7;4;9;28;28079;;3;2;No inventariada;;9;4;2;;;1;1;1;;;1;998
7;3;14;28;28079;;3;2;No inventariada;;9;10;2;;;1;1;1;;;1;998
7;4;8;28;28079;;3;2;No inventariada;;9;10;1;2;;8;1;1;;;1;998
7;4;15;28;28079;;3;2;No inventariada;;9;12;1;2;;1;1;1;;;1;998
7;4;15;28;28079;;3;2;No inventariada;;9;4;2;;;1;1;1;;;1;998
7;4;14;28;28079;;3;2;No inventariada;;9;7;2;;;1;1;1;;;1;998
7;1;14;28;28079;;3;2;No inventariada;;9;7;2;;;1;1;1;;;18;998
7;4;15;28;28079;;3;2;No inventariada;;9;7;1;2;;1;1;1;;;1;998
7;4;17;28;28079;;3;2;No inventariada;;9;4;1;5;;1;1;1;;;1;998
7;3;20;28;28079;;3;2;No inventariada;;9;6;2;;;1;1;1;;;1;998
7;4;19;28;28079;;1;1;M-40;5,837;3;9;2;;;1;1;1;;;1;1
7;4;17;28;28079;;3;2;No inventariada;;9;4;2;;;1;1;1;;;1;998
7;4;16;28;28079;;3;2;No inventariada;;9;3;2;;;1;1;1;;;1;998
7;4;17;28;28079;;3;2;No inventariada;;9;5;1;4;;1;1;1;;;1;998
7;4;19;28;28079;;3;2;No inventariada;;9;3;1;2;;1;1;1;;;1;998
7;4;17;28;28079;;3;2;No inventariada;;9;4;2;;;1;1;1;;;1;998
7;4;19;28;28079;;3;2;No inventariada;;9;12;1;1;;1;1;1;;;1;998
7;4;19;28;28079;;3;2;No inventariada;;9;2;1;1;;1;1;1;;;1;998
7;4;20;28;28079;;3;2;No inventariada;;9;10;2;;;1;1;1;;;1;998
7;4;17;28;28079;;3;2;No inventariada;;9;4;2;;;1;1;1;;;1;998
7;4;20;28;28079;;3;2;No inventariada;;9;7;1;4;;1;2;1;;;1;998
7;4;22;28;28079;;3;2;No inventariada;;9;4;2;;;1;4;1;;;1;998
7;4;22;28;28079;;1;1;A-1;10,589;8;19;2;;;1;4;1;;;1;2
7;4;20;28;28079;;3;2;No inventariada;;9;1;1;2;;1;2;1;;;1;998
7;4;22;28;28079;;3;2;No inventariada;;9;10;1;4;;1;4;1;;;18;998
7;4;23;28;28079;;3;2;No inventariada;;9;10;2;;;1;4;1;;;18;998
7;5;1;28;28079;;3;2;No inventariada;;9;10;2;;;1;4;1;;;1;998
7;4;22;28;28079;;3;2;No inventariada;;9;2;2;;;1;4;1;;;1;998
7;5;1;28;28079;;3;2;No inventariada;;9;2;1;1;;1;4;1;;;1;998
7;4;23;28;28079;;3;2;No inventariada;;9;7;1;2;;1;4;1;;;1;998
7;5;3;28;28079;;3;2;No inventariada;;9;2;1;2;;1;3;1;;;18;998
7;5;5;28;28079;;3;2;No inventariada;;9;6;2;;;1;4;1;;;1;998
7;5;5;28;28079;;3;2;No inventariada;;9;10;2;;;1;4;1;;;1;998
6;5;14;28;28079;;3;2;No inventariada;;9;4;2;;;1;1;2;;;1;998
7;5;7;28;28079;;3;2;No inventariada;;9;2;1;2;;1;1;1;;;9;998
7;4;13;28;28079;;3;2;No inventariada;;9;10;2;;;1;1;1;;;1;998
7;5;12;28;28079;;3;2;No inventariada;;9;7;2;;;1;1;1;;;1;998
7;5;11;28;28079;;3;2;No inventariada;;9;4;1;1;;1;1;1;;;1;998
7;4;20;28;28079;;3;2;No inventariada;;9;10;2;;;1;1;1;;;1;998
7;5;12;28;28079;;3;2;No inventariada;;9;7;1;1;;1;1;1;;;17;998
7;5;17;28;28079;;3;2;No inventariada;;9;4;2;;;1;1;1;;;1;998
7;5;17;28;28079;;3;2;No inventariada;;9;10;2;;;1;1;1;;;1;998
7;5;16;28;28079;;3;2;No inventariada;;9;2;1;1;;1;1;1;;;1;998
7;5;18;28;28079;;3;2;No inventariada;;9;10;1;5;;1;1;1;;;1;998
7;5;16;28;28079;;3;2;No inventariada;;9;3;2;;;1;1;1;;;1;998
7;5;19;28;28079;;3;2;No inventariada;;9;6;1;2;;1;1;1;;;1;998
7;5;17;28;28079;;3;2;No inventariada;;9;4;2;;;1;1;1;;;1;998
7;5;17;28;28079;;3;2;No inventariada;;9;4;2;;;1;1;1;;;1;998
7;5;15;28;28079;;3;2;No inventariada;;9;2;1;1;;1;1;1;;;1;998
6;5;0;28;28079;;3;2;No inventariada;;9;3;1;4;;1;3;1;;;1;998
7;6;0;28;28079;;3;2;No inventariada;;9;2;1;1;;1;4;1;;;1;998
7;5;22;28;28079;;3;2;No inventariada;;9;4;1;4;;1;4;1;;;1;998
7;5;13;28;28079;;3;2;No inventariada;;9;10;1;1;;1;1;1;;;1;998
7;6;9;28;28079;;3;2;No inventariada;;9;2;1;4;;1;1;1;;;1;998
7;6;10;28;28079;;3;2;No inventariada;;9;4;2;;;1;1;1;;;1;998
7;6;7;28;28079;;3;2;No inventariada;;9;9;2;;;1;1;1;;;1;998
7;6;12;28;28079;;3;2;No inventariada;;9;3;2;;;1;1;1;;;1;998
7;6;11;28;28079;;3;2;No inventariada;;9;2;1;4;;1;1;1;;;1;998
7;6;7;28;28079;;3;2;No inventariada;;9;6;2;;;1;1;1;;;1;998
7;5;9;28;28079;;3;2;No inventariada;;9;7;1;2;;1;1;1;;;1;998
7;4;18;28;28079;;3;2;No inventariada;;9;7;2;;;1;1;1;;;1;998
7;6;18;28;28079;;3;2;No inventariada;;9;10;1;2;;1;1;1;;;1;998
7;6;17;28;28079;;3;2;No inventariada;;9;2;1;4;;1;1;1;;;1;998
7;6;19;28;28079;;3;2;No inventariada;;9;10;1;4;;1;1;1;;;1;998
7;6;22;28;28079;;3;2;No inventariada;;9;2;1;2;;1;4;1;;;1;998
7;5;14;28;28079;;3;2;No inventariada;;9;12;1;1;;1;1;1;;;1;998
7;7;0;28;28079;;3;2;No inventariada;;9;4;2;;;1;4;1;;;1;998
7;6;23;28;28079;;3;2;No inventariada;;9;2;1;4;;1;4;1;;;1;998
7;7;0;28;28079;;3;2;No inventariada;;9;4;1;1;;1;4;1;;;1;998
7;7;3;28;28079;;3;2;No inventariada;;9;4;2;;;1;4;1;;;1;998
7;6;13;28;28079;;3;2;No inventariada;;9;7;2;;;1;1;1;;;1;998
7;6;11;28;28079;;3;2;No inventariada;;9;12;1;5;;1;1;1;;;1;998
7;6;10;28;28079;;3;2;No inventariada;;9;9;1;4;;1;1;1;;;1;998
7;7;1;28;28079;;3;2;No inventariada;;9;7;2;;;1;4;1;;;1;998
7;7;11;28;28079;;3;2;No inventariada;;9;2;1;1;;1;1;1;;;1;998
7;7;11;28;28079;;3;2;No inventariada;;9;2;1;2;;1;1;1;;;1;998
7;7;13;28;28079;;3;2;No inventariada;;9;4;1;5;;1;1;1;;;1;998
7;6;18;28;28079;;3;2;No inventariada;;9;3;2;;;1;1;1;;;1;998
7;6;19;28;28079;;3;2;No inventariada;;9;5;2;;;1;1;1;;;1;998
7;6;21;28;28079;;3;2;No inventariada;;9;10;1;1;;1;1;1;;;18;998
7;6;21;28;28079;;3;2;No inventariada;;9;4;1;10;;1;1;1;;;18;998
7;6;19;28;28079;;3;2;No inventariada;;9;2;1;1;;1;1;1;;;1;998
7;7;15;28;28079;;3;2;No inventariada;;9;10;1;11;;2;1;1;;;1;998
7;7;15;28;28079;;3;2;No inventariada;;9;7;1;1;;1;1;1;;;1;998
7;5;14;28;28079;;3;2;No inventariada;;9;2;1;1;;1;1;1;;;1;998
7;7;18;28;28079;;1;1;R-3;4,9;1;6;2;;;1;1;1;;;1;1
7;7;19;28;28079;;3;2;No inventariada;;9;10;2;;;1;1;1;;;18;998
7;7;14;28;28079;;3;2;No inventariada;;9;4;1;1;;1;1;1;;;1;998
7;7;20;28;28079;;3;2;No inventariada;;9;4;1;1;;1;1;1;;;1;998
7;7;20;28;28079;;3;2;No inventariada;;9;7;2;;;1;1;1;;;9;998
7;7;21;28;28079;;3;2;No inventariada;;9;10;2;;;3;2;1;;;1;998
7;1;23;28;28079;;3;2;No inventariada;;9;3;1;1;;1;4;1;;;1;998
7;7;23;28;28079;;3;2;No inventariada;;9;10;2;;;1;4;1;;;1;998
7;1;4;28;28079;;3;2;No inventariada;;9;7;2;;;1;4;1;;;1;998
7;7;23;28;28079;;3;2;No inventariada;;9;2;1;1;;1;4;1;;;1;998
7;1;6;28;28079;;1;1;M-45;19,9;3;15;2;;;1;3;1;;;1;1
7;1;6;28;28079;;3;2;No inventariada;;9;10;2;;;1;4;1;;;1;998
7;5;13;28;28079;;3;2;No inventariada;;9;2;1;4;;1;1;1;;;1;998
7;1;9;28;28079;;3;2;No inventariada;;9;2;2;;;1;1;1;;;1;998
7;5;13;28;28079;;3;2;No inventariada;;9;3;1;1;;1;1;1;;;2;998
7;1;8;28;28079;;3;2;No inventariada;;9;2;1;1;;1;1;1;;;1;998
7;7;13;28;28079;;3;2;No inventariada;;9;12;1;1;;1;1;1;;;1;998
7;1;9;28;28079;;3;2;No inventariada;;9;5;2;;;1;1;1;;;1;998
7;1;9;28;28079;;3;2;No inventariada;;9;7;1;1;;1;1;1;;;1;998
7;1;12;28;28079;;3;2;No inventariada;;9;4;2;;;1;1;1;;;1;998
7;2;13;28;28079;;3;2;No inventariada;;9;10;2;;;1;1;1;;;1;998
7;1;13;28;28079;;3;2;No inventariada;;9;3;2;;;1;1;1;;;1;998
7;1;11;28;28079;;3;2;No inventariada;;9;5;2;;;1;1;1;;;1;998
7;1;16;28;28079;;3;2;No inventariada;;9;4;1;2;;1;1;1;;;1;998
7;1;16;28;28079;;3;2;No inventariada;;9;10;2;;;1;1;1;;;1;998
7;4;18;28;28079;;3;2;No inventariada;;9;2;2;;;1;1;1;;;9;998
7;1;16;28;28079;;3;2;No inventariada;;9;10;1;1;;1;1;7;;;1;998
7;1;16;28;28079;;3;2;No inventariada;;9;1;1;1;;1;1;1;;;1;998
7;5;14;28;28079;;3;2;No inventariada;;9;10;2;;;1;1;1;;;1;998
7;1;18;28;28079;;3;2;No inventariada;;9;2;1;1;;1;1;1;;;1;998
7;1;17;28;28092;;1;1;A-5;18,236;3;4;2;;;1;1;1;;;1;1
7;1;15;28;28079;;3;2;No inventariada;;9;2;2;;;1;1;1;;;1;998
7;1;20;28;28079;;3;2;No inventariada;;9;1;2;;;1;1;1;;;1;998
7;1;18;28;28079;;3;2;No inventariada;;9;4;2;;;1;1;1;;;1;998
7;1;19;28;28079;;3;2;No inventariada;;9;12;1;4;;1;1;1;;;1;998
7;1;22;28;28079;;3;2;No inventariada;;9;2;2;;;1;5;1;;;18;998
7;1;23;28;28079;;3;2;No inventariada;;9;16;1;12;;1;4;1;;;1;998
7;1;23;28;28079;;3;2;No inventariada;;9;10;2;;;1;4;1;;;1;998
7;2;0;28;28079;;3;2;No inventariada;;9;18;2;;;1;4;1;;;1;998
7;2;4;28;28079;;3;2;No inventariada;;9;10;1;2;;1;4;1;;;1;998
7;7;12;28;28079;;3;2;No inventariada;;9;10;2;;;1;1;1;;;12;998
7;1;13;28;28079;;3;2;No inventariada;;9;10;2;;;8;1;1;;;1;998
7;2;8;28;28079;;3;2;No inventariada;;9;4;1;2;;1;1;1;;;1;998
7;1;14;28;28079;;3;2;No inventariada;;9;7;1;2;;1;1;1;;;1;998
7;5;14;28;28079;;3;2;No inventariada;;9;2;1;1;;1;1;1;;;1;998
7;2;10;28;28079;;3;2;No inventariada;;9;10;2;;;1;1;1;;;1;998
7;5;14;28;28079;;3;2;No inventariada;;9;4;2;;;1;1;1;;;1;998
7;6;12;28;28079;;3;2;No inventariada;;9;12;1;1;;1;1;1;;;1;998
7;2;12;28;28079;;3;2;No inventariada;;9;3;1;2;;1;1;1;;;1;998
7;2;12;28;28079;;3;2;No inventariada;;9;15;1;2;;1;1;1;;;1;998
7;2;13;28;28079;;1;1;A-3;13,4;7;19;2;;;1;1;1;;;1;2
7;1;20;28;28079;;3;2;No inventariada;;9;4;1;4;;1;1;1;;;6;998
7;1;20;28;28079;;3;2;No inventariada;;9;2;2;;;1;1;1;;;1;998
7;2;17;28;28079;;1;1;M-45;8,6;3;5;2;;;1;1;1;;;1;1
7;2;15;28;28079;;3;2;No inventariada;;9;2;2;;;1;1;1;;;1;998
7;2;15;28;28079;;3;2;No inventariada;;9;10;1;1;;1;1;1;;;1;998
7;2;18;28;28079;;3;2;No inventariada;;9;2;1;1;;1;1;1;;;18;998
7;1;22;28;28079;;3;2;No inventariada;;9;2;1;2;;1;4;1;;;1;998
7;2;18;28;28079;;3;2;No inventariada;;9;4;1;2;;1;1;1;;;1;998
7;2;20;28;28079;;3;2;No inventariada;;9;2;1;1;;1;1;1;;;1;998
7;2;20;28;28079;;3;2;No inventariada;;9;3;1;1;;1;2;1;;;1;998
7;2;23;28;28079;;3;2;No inventariada;;9;12;1;1;;1;4;1;;;1;998
7;3;1;28;28079;;3;2;No inventariada;;9;10;2;;;1;4;1;;;1;998
7;7;7;28;28079;;3;2;No inventariada;;9;10;2;;;1;1;1;;;1;998
7;2;23;28;28079;;3;2;No inventariada;;9;10;2;;;1;5;1;;;18;998
7;3;0;28;28079;;3;2;No inventariada;;9;6;2;;;1;4;1;;;1;998
7;3;3;28;28079;;3;2;No inventariada;;9;7;2;;;1;4;1;;;1;998
7;2;12;28;28079;;3;2;No inventariada;;9;12;1;1;;1;1;1;;;1;998
7;1;10;28;28079;;3;2;No inventariada;;9;4;1;4;;1;1;1;;;1;998
7;3;8;28;28079;;3;2;No inventariada;;9;4;2;;;3;1;1;;;1;998
7;3;9;28;28079;;3;2;No inventariada;;9;12;2;;;1;1;1;;;1;998
7;3;8;28;28079;;3;2;No inventariada;;9;2;1;4;;1;1;1;;;1;998
7;2;22;28;28079;;3;2;No inventariada;;9;10;2;;;1;1;1;;;1;998
7;3;10;28;28079;;3;2;No inventariada;;9;4;1;1;;1;1;1;;;1;998
7;3;9;28;28079;;3;2;No inventariada;;9;4;2;;;1;1;1;;;1;998
7;3;11;28;28079;;3;2;No inventariada;;9;4;1;4;;1;1;1;;;1;998
7;3;12;28;28079;;3;2;No inventariada;;9;4;2;;;1;1;1;;;1;998
7;3;14;28;28079;;1;1;M-607;14,84;3;5;2;;;1;1;1;;;18;1
7;3;17;28;28079;;3;2;No inventariada;;9;3;1;2;;1;1;1;;;1;998
7;7;21;28;28079;;3;2;No inventariada;;9;10;2;;;1;1;1;;;1;998
7;2;17;28;28079;;3;2;No inventariada;;9;2;1;1;;1;1;1;;;1;998
7;5;19;28;28079;;3;2;No inventariada;;9;2;1;2;;1;1;1;;;1;998
7;3;14;28;28079;;3;2;No inventariada;;9;10;2;;;1;1;1;;;1;998
7;3;15;28;28079;;3;2;No inventariada;;9;2;1;4;;1;1;1;;;1;998
7;2;20;28;28079;;3;2;No inventariada;;9;2;1;1;;1;1;1;;;1;998
7;2;21;28;28079;;3;2;No inventariada;;9;7;2;;;1;4;1;;;1;998
7;3;17;28;28079;;3;2;No inventariada;;9;4;1;2;;1;1;1;;;18;998
7;3;18;28;28079;;3;2;No inventariada;;9;2;2;;;1;1;1;;;1;998
7;3;17;28;28079;;3;2;No inventariada;;9;2;1;1;;1;1;1;;;1;998
7;3;18;28;28079;;3;2;No inventariada;;9;2;2;;;1;1;1;;;1;998