MES;DIA_SEMANA;HORA;COD_PROVINCIA;COD_MUNICIPIO;ISLA;ZONA;ZONA_AGRUPADA;CARRETERA;KM;TIPO_VIA;TIPO_ACCIDENTE;NUDO;NUDO_INFO;CARRETERA_CRUCE;CONDICION_FIRME;CONDICION_ILUMINACION;CONDICION_METEO;CONDICION_NIEBLA;CONDICION_VIENTO;VISIB_RESTRINGIDA_POR;TRAZADO_PLANTA
7;3;20;28;28079;;3;2;No inventariada;;9;4;2;;;1;1;1;;;1;998
7;3;20;28;28079;;3;2;No inventariada;;9;2;1;1;;1;1;1;;;1;998
7;5;17;28;28079;;3;2;No inventariada;;9;4;2;;;1;1;1;;;1;998
7;4;0;28;28079;;3;2;No inventariada;;9;2;2;;;1;4;1;;;1;998
7;3;4;28;28079;;3;2;No inventariada;;9;2;1;4;;1;4;1;;;12;998
7;3;9;28;28079;;3;2;No inventariada;;9;3;2;;;1;1;1;;;1;998
7;3;7;28;28079;;3;2;No inventariada;;9;7;2;;;1;1;1;;;1;998
7;3;8;28;28079;;3;2;No inventariada;;9;7;1;2;;1;1;1;;;1;998
7;3;14;28;28079;;3;2;No inventariada;;9;4;1;4;;1;1;1;;;1;998
7;4;7;28;28079;;3;2;No inventariada;;9;7;2;;;1;1;1;;;9;998
6;5;7;28;28079;;3;2;No inventariada;;9;2;1;2;;1;1;1;;;1;998
7;4;7;28;28079;;3;2;No inventariada;;9;4;2;;;1;1;1;;;1;998
7;1;9;28;28079;;3;2;No inventariada;;9;3;2;;;1;1;1;;;1;998
7;4;8;28;28079;;3;2;No inventariada;;9;3;1;4;;1;1;1;;;1;998
7;4;10;28;28079;;3;2;No inventariada;;9;7;1;1;;1;1;1;;;6;998
7;4;9;28;28079;;3;2;No inventariada;;9;2;1;2;;1;1;1;;;18;998
7;4;10;28;28079;;1;1;A-6;11,27;2;10;1;10;M-40;1;1;1;;;1;2
7;3;14;28;28079;;3;2;No inventariada;;9;5;2;;;1;1;1;;;1;998
7;4;10;28;28079;;3;2;No inventariada;;9;4;1;1;;1;1;1;;;1;998
7;1;14;28;28079;;3;2;No inventariada;;9;10;1;10;;7;1;1;;;1;998
7;4;12;28;28079;;3;2;No inventariada;;9;12;2;;;1;1;1;;;1;998
7;4;9;28;28079;;3;2;No inventariada;;9;4;2;;;1;1;1;;;6;998
7;3;19;28;28079;;3;2;No inventariada;;9;2;1;1;;1;1;1;;;18;998
7;4;14;28;28079;;3;2;No inventariada;;9;4;2;;;1;1;1;;;18;998
7;3;20;28;28079;;3;2;No inventariada;;9;7;2;;;1;1;1;;;1;998
7;4;16;28;28079;;3;2;No inventariada;;9;4;2;;;1;1;1;;;1;998
7;4;15;28;28079;;3;2;No inventariada;;9;7;1;1;;1;1;1;;;1;998
7;6;18;28;28079;;3;2;No inventariada;;9;10;1;4;;1;1;1;;;1;998
7;4;17;28;28079;;3;2;No inventariada;;9;10;1;2;;1;1;1;;;1;998
7;1;18;28;28079;;3;2;No inventariada;;9;4;2;;;1;1;1;;;1;998
7;1;21;28;28079;;3;2;No inventariada;;9;2;2;;;1;4;1;;;1;998
7;2;21;28;28079;;3;2;No inventariada;;9;12;1;2;;1;1;1;;;1;998
7;4;17;28;28079;;3;2;No inventariada;;9;15;1;4;;1;1;1;;;1;998
7;4;16;28;28079;;3;2;No inventariada;;9;2;1;1;;1;1;1;;;11;998
7;4;19;28;28079;;3;2;No inventariada;;9;10;1;2;;1;1;1;;;1;998
7;4;20;28;28079;;3;2;No inventariada;;9;7;1;1;;1;1;1;;;1;998
7;4;19;28;28079;;3;2;No inventariada;;9;7;1;2;;1;1;1;;;18;998
7;4;20;28;28079;;3;2;No inventariada;;9;2;1;5;;1;2;1;;;1;998
7;5;17;28;28079;;3;2;No inventariada;;9;5;1;10;;1;4;1;;;1;998
7;5;1;28;28079;;1;1;M-40;27,4;3;1;2;;;1;4;1;;;1;1
7;4;8;28;28079;;3;2;No inventariada;;9;10;1;12;;1;4;1;;;1;998
7;4;12;28;28079;;3;2;No inventariada;;9;2;1;1;;1;1;1;;;1;998
7;4;14;28;28079;;3;2;No inventariada;;9;10;2;;;1;1;1;;;1;998
7;5;7;28;28079;;3;2;No inventariada;;9;2;1;4;;1;1;1;;;1;998
7;1;14;28;28079;;3;2;No inventariada;;9;2;1;5;;1;1;1;;;1;998
6;7;11;28;28079;;3;2;No inventariada;;9;19;2;;;1;1;1;;;1;998
7;5;8;28;28079;;3;2;No inventariada;;9;2;1;4;;1;1;1;;;1;998
7;5;8;28;28079;;3;2;No inventariada;;9;10;2;;;1;1;1;;;18;998
5;3;9;28;28079;;3;2;No inventariada;;9;4;2;;;1;1;1;;;1;998
7;4;14;28;28079;;3;2;No inventariada;;9;3;2;;;1;1;1;;;1;998
7;5;7;28;28079;;3;2;No inventariada;;9;12;1;4;;1;1;1;;;1;998
7;5;11;28;28079;;3;2;No inventariada;;9;10;2;;;1;1;1;;;1;998
7;5;10;28;28079;;3;2;No inventariada;;9;10;2;;;1;1;1;;;1;998
7;5;10;28;28079;;3;2;No inventariada;;9;10;2;;;1;1;1;;;1;998
7;5;12;28;28079;;3;2;No inventariada;;9;2;2;;;1;1;1;;;1;998
7;5;12;28;28079;;1;1;A-3;8;3;1;2;;;1;1;1;;;1;1
7;5;7;28;28079;;3;2;No inventariada;;9;3;1;12;;1;1;1;;;1;998
7;5;10;28;28079;;3;2;No inventariada;;9;10;2;;;1;1;1;;;1;998
7;5;12;28;28079;;3;2;No inventariada;;9;3;1;12;;1;1;1;;;1;998
7;5;14;28;28079;;3;2;No inventariada;;9;4;1;1;;1;1;1;;;1;998
7;1;15;28;28079;;3;2;No inventariada;;9;5;2;;;1;1;1;;;1;998
7;5;14;28;28079;;3;2;No inventariada;;9;10;2;;;1;1;1;;;1;998
7;5;14;28;28079;;3;2;No inventariada;;9;3;2;;;1;1;1;;;18;998
7;5;15;28;28079;;3;2;No inventariada;;9;4;1;1;;9;1;1;;;18;998
7;5;17;28;28079;;3;2;No inventariada;;9;4;2;;;1;1;1;;;18;998
7;5;15;28;28079;;3;2;No inventariada;;9;2;1;4;;1;1;1;;;1;998
7;5;14;28;28079;;3;2;No inventariada;;9;2;1;1;;1;1;1;;;1;998
7;5;20;28;28079;;3;2;No inventariada;;9;4;1;4;;1;2;1;;;1;998
7;5;15;28;28079;;3;2;No inventariada;;9;10;2;;;1;1;1;;;1;998
7;5;19;28;28079;;3;2;No inventariada;;9;2;1;4;;1;1;1;;;1;998
7;5;18;28;28079;;3;2;No inventariada;;9;7;2;;;1;1;1;;;1;998
7;2;6;28;28079;;3;2;No inventariada;;9;6;2;;;1;4;1;;;1;998
7;5;23;28;28079;;3;2;No inventariada;;9;7;1;1;;1;4;1;;;1;998
7;5;22;28;28079;;3;2;No inventariada;;9;3;2;;;1;6;1;;;1;998
7;6;1;28;28079;;3;2;No inventariada;;9;10;2;;;1;4;1;;;1;998
7;6;7;28;28079;;1;1;M-40;5,6;3;3;2;;;1;1;1;;;1;1
7;5;14;28;28079;;3;2;No inventariada;;9;4;2;;;1;1;1;;;1;998
7;6;7;28;28079;;1;1;A-5R;1,2;2;5;2;;;1;1;1;;;1;2
7;6;8;28;28079;;3;2;No inventariada;;9;2;1;1;;1;1;1;;;1;998
7;6;10;28;28079;;3;2;No inventariada;;9;3;1;2;;1;1;1;;;1;998
7;6;11;28;28079;;3;2;No inventariada;;9;5;2;;;1;1;1;;;18;998
7;3;17;28;28079;;3;2;No inventariada;;9;1;1;1;;1;1;1;;;1;998
7;5;21;28;28079;;3;2;No inventariada;;9;10;2;;;1;1;1;;;1;998
7;6;14;28;28079;;3;2;No inventariada;;9;10;2;;;2;1;1;;;1;998
7;6;15;28;28079;;3;2;No inventariada;;9;10;1;1;;1;1;1;;;1;998
7;5;22;28;28079;;3;2;No inventariada;;9;10;1;4;;7;4;1;;;1;998
6;5;18;28;28079;;3;2;No inventariada;;9;10;2;;;1;1;1;;;1;998
7;5;17;28;28079;;3;2;No inventariada;;9;4;1;2;;1;1;1;;;18;998
7;6;15;28;28079;;3;2;No inventariada;;9;5;1;10;;1;1;1;;;1;998
7;6;22;28;28079;;3;2;No inventariada;;9;10;2;;;1;4;1;;;1;998
7;7;0;28;28079;;3;2;No inventariada;;9;10;2;;;1;4;1;;;18;998
7;7;0;28;28079;;3;2;No inventariada;;9;6;2;;;1;4;1;;;1;998
7;6;22;28;28079;;3;2;No inventariada;;9;2;1;1;;1;3;1;;;1;998
7;7;3;28;28079;;3;2;No inventariada;;9;16;2;;;1;4;1;;;1;998
7;7;4;28;28079;;3;2;No inventariada;;9;2;1;1;;1;4;1;;;1;998
7;6;10;28;28079;;3;2;No inventariada;;9;5;1;12;;1;1;1;;;18;998
7;7;16;28;28079;;3;2;No inventariada;;9;2;1;1;;1;1;1;;;9;998
7;6;21;28;28079;;3;2;No inventariada;;9;3;2;;;1;5;1;;;1;998
7;7;17;28;28079;;3;2;No inventariada;;9;2;1;1;;1;1;1;;;1;998
7;7;15;28;28079;;3;2;No inventariada;;9;7;2;;;1;1;1;;;9;998
7;7;18;28;28079;;3;2;No inventariada;;9;2;1;1;;1;1;1;;;9;998
7;7;18;28;28079;;3;2;No inventariada;;9;3;1;1;;1;1;1;;;8;998
7;7;20;28;28079;;3;2;No inventariada;;9;2;2;;;1;1;1;;;1;998
7;6;15;28;28079;;3;2;No inventariada;;9;7;1;2;;1;1;1;;;9;998
7;7;22;28;28079;;3;2;No inventariada;;9;2;1;2;;1;4;1;;;1;998
7;1;0;28;28079;;3;2;No inventariada;;9;10;1;2;;1;4;1;;;1;998
7;1;0;28;28079;;3;2;No inventariada;;9;10;1;1;;1;4;1;;;1;998
7;7;23;28;28079;;3;2;No inventariada;;9;2;1;2;;1;4;1;;;1;998
7;7;23;28;28079;;3;2;No inventariada;;9;10;1;4;;1;4;1;;;1;998
7;1;0;28;28079;;3;2;No inventariada;;9;2;1;4;;1;4;1;;;1;998
7;1;3;28;28079;;3;2;No inventariada;;9;10;2;;;1;4;1;;;1;998
6;7;6;28;28079;;3;2;No inventariada;;9;9;2;;;1;3;1;;;1;998
7;7;9;28;28079;;3;2;No inventariada;;9;12;1;1;;1;1;1;;;1;998
7;7;12;28;28079;;3;2;No inventariada;;9;2;1;1;;1;1;1;;;1;998
7;7;13;28;28079;;3;2;No inventariada;;9;7;2;;;1;1;1;;;1;998
7;7;14;28;28079;;3;2;No inventariada;;9;4;2;;;1;1;1;;;1;998
7;7;13;28;28079;;3;2;No inventariada;;9;4;1;5;;1;1;1;;;1;998
7;7;13;28;28079;;3;2;No inventariada;;9;4;2;;;1;1;1;;;1;998
7;5;11;28;28079;;3;2;No inventariada;;9;3;2;;;1;1;1;;;18;998
7;1;9;28;28079;;3;2;No inventariada;;9;2;1;1;;1;1;1;;;1;998
7;4;9;28;28079;;3;2;No inventariada;;9;9;2;;;3;1;1;;;1;998
7;7;14;28;28079;;3;2;No inventariada;;9;7;2;;;1;1;1;;;1;998
7;7;22;28;28079;;3;2;No inventariada;;9;10;2;;;1;4;1;;;18;998
7;5;10;28;28079;;3;2;No inventariada;;9;3;1;2;;1;1;1;;;18;998
7;1;12;28;28079;;3;2;No inventariada;;9;2;1;4;;1;1;1;;;1;998
7;1;12;28;28079;;3;2;No inventariada;;9;2;1;2;;1;1;1;;;1;998
7;1;11;28;28079;;3;2;No inventariada;;9;3;1;5;;1;1;1;;;1;998
7;1;8;28;28079;;3;2;No inventariada;;9;10;1;1;;1;1;1;;;1;998
7;1;15;28;28079;;3;2;No inventariada;;9;2;2;;;1;1;1;;;1;998
7;1;16;28;28079;;3;2;No inventariada;;9;4;2;;;1;1;1;;;1;998
7;1;14;28;28079;;3;2;No inventariada;;9;5;2;;;1;1;1;;;1;998
7;1;16;28;28079;;3;2;No inventariada;;9;3;2;;;1;1;1;;;1;998
7;6;16;28;28079;;3;2;No inventariada;;9;3;2;;;1;1;1;;;1;998
7;7;20;28;28079;;3;2;No inventariada;;9;4;2;;;1;1;1;;;1;998
7;6;20;28;28079;;3;2;No inventariada;;9;4;1;1;;1;1;1;;;1;998
7;1;15;28;28079;;3;2;No inventariada;;9;2;1;2;;1;1;1;;;1;998
7;1;18;28;28079;;3;2;No inventariada;;9;18;2;;;1;1;1;;;1;998
7;1;18;28;28079;;3;2;No inventariada;;9;7;1;2;;1;1;1;;;6;998
7;1;18;28;28079;;3;2;No inventariada;;9;3;2;;;1;1;1;;;1;998
7;1;18;28;28079;;3;2;No inventariada;;9;4;2;;;1;1;1;;;1;998
7;1;20;28;28079;;3;2;No inventariada;;9;1;1;1;;1;1;1;;;1;998
7;1;20;28;28079;;3;2;No inventariada;;9;5;1;1;;1;1;1;;;1;998
7;2;0;28;28079;;3;2;No inventariada;;9;7;2;;;1;4;1;;;1;998
7;1;22;28;28079;;3;2;No inventariada;;9;2;1;1;;1;4;1;;;9;998
7;1;22;28;28079;;3;2;No inventariada;;9;2;1;2;;1;4;1;;;1;998
7;2;7;28;28079;;3;2;No inventariada;;9;10;2;;;1;1;1;;;1;998
7;2;7;28;28079;;3;2;No inventariada;;9;4;2;;;1;1;1;;;1;998
7;2;9;28;28079;;3;2;No inventariada;;9;7;1;4;;1;1;1;;;1;998
7;5;9;28;28079;;3;2;No inventariada;;9;2;1;1;;1;1;1;;;1;998
7;2;10;28;28079;;3;2;No inventariada;;9;4;1;4;;1;1;1;;;1;998
7;2;10;28;28079;;3;2;No inventariada;;9;2;1;1;;1;1;1;;;1;998
7;2;10;28;28079;;3;2;No inventariada;;9;5;2;;;1;1;1;;;1;998
7;2;12;28;28079;;3;2;No inventariada;;9;4;1;1;;1;1;1;;;1;998
7;2;12;28;28079;;1;1;M-11;3,7;2;12;2;;;1;1;1;;;1;2
7;2;11;28;28079;;3;2;No inventariada;;9;3;2;;;1;1;1;;;1;998
7;3;10;28;28079;;1;1;A-1;12;3;16;2;;;1;1;1;;;1;1
7;2;14;28;28079;;3;2;No inventariada;;9;2;2;;;1;1;1;;;18;998
7;2;15;28;28079;;3;2;No inventariada;;9;10;1;1;;1;1;1;;;1;998
7;2;15;28;28079;;3;2;No inventariada;;9;3;2;;;1;1;1;;;1;998
7;2;15;28;28079;;3;2;No inventariada;;9;4;1;2;;1;1;1;;;1;998
7;2;18;28;28079;;3;2;No inventariada;;9;10;1;2;;1;1;1;;;1;998
7;2;19;28;28079;;3;2;No inventariada;;9;2;2;;;1;1;1;;;1;998
7;2;19;28;28079;;3;2;No inventariada;;9;2;1;1;;1;1;1;;;18;998
7;2;20;28;28079;;3;2;No inventariada;;9;4;1;1;;1;1;1;;;1;998
7;2;20;28;28079;;3;2;No inventariada;;9;12;1;4;;1;1;1;;;1;998
7;1;23;28;28079;;3;2;No inventariada;;9;10;2;;;3;4;1;1;;1;998
7;3;0;28;28079;;3;2;No inventariada;;9;7;1;4;;1;4;1;;;1;998
7;3;2;28;28079;;3;2;No inventariada;;9;7;2;;;1;4;1;;;1;998
7;3;4;28;28079;;3;2;No inventariada;;9;10;2;;;1;4;1;;;3;998
7;1;11;28;28079;;3;2;No inventariada;;9;7;1;2;;1;1;1;;;1;998
7;2;12;28;28079;;3;2;No inventariada;;9;12;2;;;1;1;1;;;1;998
7;2;14;28;28079;;3;2;No inventariada;;9;7;2;;;1;1;1;;;1;998
7;2;14;28;28079;;3;2;No inventariada;;9;4;2;;;1;1;1;;;1;998
6;5;8;28;28079;;3;2;No inventariada;;9;4;1;1;;1;1;1;;;1;998
7;2;12;28;28079;;3;2;No inventariada;;9;4;2;;;1;1;1;;;1;998
7;2;8;28;28079;;3;2;No inventariada;;9;4;2;;;1;1;1;;;1;998
7;2;10;28;28079;;3;2;No inventariada;;9;7;1;2;;1;1;1;;;1;998
6;2;7;28;28079;;3;2;No inventariada;;9;3;2;;;1;1;1;;;1;998
7;3;8;28;28079;;3;2;No inventariada;;9;7;1;1;;1;1;1;;;18;998
7;3;11;28;28079;;3;2;No inventariada;;9;10;2;;;1;1;1;;;1;998
7;3;7;28;28079;;3;2;No inventariada;;9;16;2;;;1;3;1;;;1;998
7;2;14;28;28079;;3;2;No inventariada;;9;2;1;2;;1;1;1;;;1;998
7;2;21;28;28079;;3;2;No inventariada;;9;2;1;1;;1;1;1;;;1;998
7;2;21;28;28079;;3;2;No inventariada;;9;19;2;;;1;1;1;;;1;998
7;2;16;28;28079;;3;2;No inventariada;;9;10;2;;;8;1;1;;;1;998
7;2;16;28;28079;;3;2;No inventariada;;9;10;2;;;8;1;1;;;1;998
6;6;14;28;28079;;3;2;No inventariada;;9;3;2;;;1;1;1;;;1;998
7;3;15;28;28079;;3;2;No inventariada;;9;4;1;4;;1;1;1;;;1;998
7;3;15;28;28079;;3;2;No inventariada;;9;3;2;;;1;1;1;;;1;998
7;2;19;28;28079;;3;2;No inventariada;;9;12;1;1;;1;1;1;;;1;998
7;3;16;28;28079;;3;2;No inventariada;;9;7;1;1;;1;1;1;;;1;998
7;3;17;28;28079;;3;2;No inventariada;;9;2;1;2;;1;1;1;;;1;998
7;3;18;28;28079;;3;2;No inventariada;;9;10;2;;;1;1;1;;;1;998
7;3;15;28;28079;;3;2;No inventariada;;9;10;1;5;;1;1;1;;;1;998
7;3;19;28;28079;;3;2;No inventariada;;9;10;2;;;2;1;1;;;1;998
7;3;14;28;28079;;3;2;No inventariada;;9;3;1;4;;1;1;1;;;1;998
7;3;19;28;28079;;3;2;No inventariada;;9;10;2;;;1;1;1;;;1;998
7;3;18;28;28079;;3;2;No inventariada;;9;5;2;;;1;1;1;;;1;998
7;3;20;28;28079;;3;2;No inventariada;;9;1;1;1;;1;3;1;;;1;998
7;3;19;28;28079;;3;2;No inventariada;;9;7;2;;;1;1;1;;;1;998
7;1;14;28;28079;;3;2;No inventariada;;9;4;1;5;;1;1;1;;;1;998
7;4;8;28;28079;;3;2;No inventariada;;9;10;2;;;1;1;1;;;1;998
7;3;14;28;28079;;3;2;No inventariada;;9;4;2;;;1;1;1;;;1;998
7;4;9;28;28079;;3;2;No inventariada;;9;7;2;;;1;1;1;;;1;998
7;4;9;28;28079;;3;2;No inventariada;;9;4;1;2;;1;1;1;;;1;998
7;4;10;28;28079;;3;2;No inventariada;;9;2;1;1;;1;1;1;;;1;998
7;1;8;28;28079;;3;2;No inventariada;;9;2;2;;;1;1;1;;;1;998
7;4;10;28;28079;;3;2;No inventariada;;9;2;2;;;1;1;1;;;1;998
7;7;14;28;28079;;3;2;No inventariada;;9;10;1;1;;1;1;1;;;1;998
7;7;11;28;28079;;3;2;No inventariada;;9;7;2;;;1;1;1;;;1;998
7;4;12;28;28079;;3;2;No inventariada;;9;7;2;;;1;1;1;;;18;998
7;4;3;28;28079;;3;2;No inventariada;;9;10;2;;;1;4;1;;;1;998
7;4;13;28;28079;;3;2;No inventariada;;9;4;2;;;1;1;1;;;1;998
7;3;21;28;28079;;3;2;No inventariada;;9;15;2;;;1;2;1;;;1;998
7;3;21;28;28079;;3;2;No inventariada;;9;19;2;;;1;3;1;;;1;998
7;4;15;28;28079;;3;2;No inventariada;;9;7;2;;;1;1;1;;;1;998
7;4;15;28;28079;;3;2;No inventariada;;9;10;2;;;1;1;2;;;1;998
7;4;16;28;28079;;3;2;No inventariada;;9;4;1;4;;1;1;1;;;1;998
7;4;14;28;28079;;3;2;No inventariada;;9;12;1;5;;1;1;1;;;1;998
7;4;17;28;28079;;3;2;No inventariada;;9;10;1;5;;1;1;1;;;1;998
7;4;15;28;28079;;3;2;No inventariada;;9;2;2;;;1;1;2;;;1;998
7;4;19;28;28079;;3;2;No inventariada;;9;1;2;;;1;2;1;;;1;998
7;5;22;28;28079;;3;2;No inventariada;;9;2;2;;;1;4;1;;;1;998
7;4;19;28;28079;;3;2;No inventariada;;9;10;2;;;1;1;1;;;1;998
7;4;0;28;28079;;3;2;No inventariada;;9;4;2;;;1;4;1;;;1;998
7;4;21;28;28079;;3;2;No inventariada;;9;10;2;;;1;4;1;;;1;998
7;4;3;28;28079;;3;2;No inventariada;;9;12;2;;;1;4;1;;;1;998
7;4;23;28;28079;;3;2;No inventariada;;9;2;2;;;1;4;1;;;18;998
7;5;0;28;28079;;3;2;No inventariada;;9;2;2;;;1;4;1;;;1;998
7;3;2;28;28079;;3;2;No inventariada;;9;2;1;1;;1;4;1;;;1;998
7;5;5;28;28079;;3;2;No inventariada;;9;2;1;5;;1;4;1;;;1;998
7;5;8;28;28079;;3;2;No inventariada;;9;10;1;4;;1;1;1;;;1;998
7;5;8;28;28079;;3;2;No inventariada;;9;4;2;;;1;1;1;;;1;998
7;5;10;28;28079;;3;2;No inventariada;;9;4;2;;;1;1;1;;;6;998
7;5;11;28;28079;;3;2;No inventariada;;9;10;2;;;1;1;1;;;1;998
7;5;9;28;28079;;3;2;No inventariada;;9;2;1;1;;1;1;1;;;2;998
7;5;13;28;28079;;3;2;No inventariada;;9;16;1;2;;1;1;1;;;18;998
7;5;12;28;28079;;3;2;No inventariada;;9;1;1;4;;1;1;1;;;1;998
7;5;14;28;28079;;3;2;No inventariada;;9;2;1;2;;1;1;1;;;1;998
7;5;15;28;28079;;1;1;M-40;52;3;5;2;;;1;4;1;;;1;1
7;5;14;28;28079;;3;2;No inventariada;;9;2;1;2;;1;1;1;;;1;998
7;3;20;28;28079;;3;2;No inventariada;;9;10;1;1;;2;1;1;;;1;998
7;5;15;28;28079;;3;2;No inventariada;;9;10;2;;;1;1;1;;;1;998
7;4;7;28;28079;;3;2;No inventariada;;9;2;1;1;;1;1;1;;;1;998
7;5;15;28;28079;;3;2;No inventariada;;9;4;2;;;1;1;1;;;1;998
7;5;15;28;28079;;3;2;No inventariada;;9;2;1;2;;1;1;1;;;1;998
7;4;20;28;28079;;3;2;No inventariada;;9;12;1;1;;1;1;1;;;1;998
7;5;14;28;28079;;3;2;No inventariada;;9;2;2;;;1;1;1;;;1;998
7;5;16;28;28079;;3;2;No inventariada;;9;7;2;;;1;1;1;;;1;998
7;5;17;28;28079;;3;2;No inventariada;;9;2;1;2;;1;1;1;;;1;998
7;5;19;28;28079;;3;2;No inventariada;;9;10;1;4;;1;1;1;;;1;998
7;5;18;28;28079;;3;2;No inventariada;;9;2;1;1;;1;1;1;;;9;998
7;3;15;28;28079;;3;2;No inventariada;;9;3;1;2;;1;1;1;;;1;998
7;5;19;28;28079;;3;2;No inventariada;;9;7;2;;;1;1;1;;;9;998
7;5;20;28;28079;;3;2;No inventariada;;9;4;2;;;1;1;1;;;1;998
7;5;22;28;28079;;3;2;No inventariada;;9;4;1;1;;1;4;1;;;1;998
7;5;23;28;28079;;3;2;No inventariada;;9;4;1;5;;1;4;1;;;1;998
7;5;22;28;28079;;3;2;No inventariada;;9;7;2;;;1;4;1;;;18;998
6;6;6;28;28079;;3;2;No inventariada;;9;7;2;;;1;4;1;;;1;998
7;5;22;28;28079;;3;2;No inventariada;;9;4;2;;;1;4;1;;;1;998
7;5;13;28;28079;;3;2;No inventariada;;9;2;1;1;;1;1;1;;;1;998
7;6;11;28;28079;;3;2;No inventariada;;9;3;1;5;;1;1;1;;;1;998
7;6;12;28;28079;;3;2;No inventariada;;9;4;1;4;;1;1;1;;;1;998
7;6;12;28;28079;;3;2;No inventariada;;9;6;2;;;1;1;1;;;1;998
7;6;15;28;28079;;3;2;No inventariada;;9;4;1;2;;1;1;1;;;1;998
7;6;14;28;28079;;3;2;No inventariada;;9;3;1;2;;1;1;1;;;1;998
7;6;17;28;28079;;3;2;No inventariada;;9;3;1;2;;1;1;1;;;18;998
7;6;17;28;28079;;3;2;No inventariada;;9;2;1;1;;1;1;1;;;1;998
7;6;20;28;28079;;1;1;M-11;10,1;2;12;2;;;1;1;1;;;1;1
7;6;0;28;28079;;3;2;No inventariada;;9;7;2;;;1;4;1;;;1;998
7;7;0;28;28079;;3;2;No inventariada;;9;3;2;;;1;4;1;;;1;998
7;6;23;28;28079;;3;2;No inventariada;;9;4;2;;;1;4;1;;;1;998
7;6;22;28;28079;;3;2;No inventariada;;9;10;1;2;;1;4;1;;;18;998
7;6;22;28;28079;;3;2;No inventariada;;9;7;2;;;1;4;1;;;1;998
7;7;4;28;28079;;1;1;M-500;0,2;5;15;2;;;1;4;1;;;1;2
7;7;2;28;28079;;3;2;No inventariada;;9;2;1;5;;1;4;1;;;1;998
7;6;8;28;28079;;3;2;No inventariada;;9;7;2;;;1;1;1;;;1;998
7;5;10;28;28079;;3;2;No inventariada;;9;2;1;1;;1;1;1;;;1;998
7;7;11;28;28079;;3;2;No inventariada;;9;3;1;1;;1;1;1;;;1;998
7;7;12;28;28079;;3;2;No inventariada;;9;6;2;;;1;1;1;;;18;998
7;7;13;28;28079;;3;2;No inventariada;;9;7;2;;;1;1;1;;;1;998
7;6;16;28;28079;;3;2;No inventariada;;9;10;2;;;1;1;1;;;1;998
7;7;16;28;28079;;3;2;No inventariada;;9;10;1;1;;1;1;1;;;1;998
7;7;14;28;28079;;3;2;No inventariada;;9;10;2;;;2;1;1;;;10;998
7;7;13;28;28079;;3;2;No inventariada;;9;7;2;;;1;1;1;;;1;998
7;7;18;28;28079;;3;2;No inventariada;;9;10;2;;;1;1;1;;;1;998
7;6;19;28;28079;;3;2;No inventariada;;9;2;1;2;;1;1;1;;;1;998
7;7;19;28;28079;;3;2;No inventariada;;9;10;1;2;;1;1;1;;;1;998
7;7;18;28;28079;;3;2;No inventariada;;9;7;2;;;1;1;1;;;1;998
7;1;0;28;28079;;3;2;No inventariada;;9;10;2;;;1;6;1;;;18;998
7;6;20;28;28079;;3;2;No inventariada;;9;4;2;;;1;1;1;;;1;998
7;7;23;28;28079;;3;2;No inventariada;;9;10;2;;;1;4;1;;;1;998
7;7;0;28;28079;;3;2;No inventariada;;9;2;1;1;;1;4;1;;;1;998
7;7;14;28;28079;;3;2;No inventariada;;9;4;1;2;;1;1;1;;;1;998
7;7;8;28;28079;;3;2;No inventariada;;9;10;2;;;1;1;1;;;18;998
7;7;13;28;28079;;3;2;No inventariada;;9;4;1;4;;1;1;1;;;1;998
7;5;13;28;28079;;3;2;No inventariada;;9;4;2;;;1;1;1;;;1;998
7;7;14;28;28079;;3;2;No inventariada;;9;5;2;;;1;4;1;;;1;998
7;7;14;28;28079;;3;2;No inventariada;;9;2;1;1;;1;1;1;;;1;998
7;1;8;28;28079;;3;2;No inventariada;;9;4;2;;;1;1;1;;;1;998