MES;DIA_SEMANA;HORA;COD_PROVINCIA;COD_MUNICIPIO;ISLA;ZONA;ZONA_AGRUPADA;CARRETERA;KM;TIPO_VIA;TIPO_ACCIDENTE;NUDO;NUDO_INFO;CARRETERA_CRUCE;CONDICION_FIRME;CONDICION_ILUMINACION;CONDICION_METEO;CONDICION_NIEBLA;CONDICION_VIENTO;VISIB_RESTRINGIDA_POR;TRAZADO_PLANTA
7;1;11;28;28079;;3;2;No inventariada;;9;4;2;;;1;1;1;;;1;998
7;1;12;28;28079;;3;2;No inventariada;;9;7;1;4;;1;1;1;;;1;998
7;5;19;28;28079;;3;2;No inventariada;;9;10;2;;;1;1;1;;;1;998
7;1;13;28;28079;;3;2;No inventariada;;9;2;2;;;1;1;1;;;1;998
7;1;8;28;28079;;3;2;No inventariada;;9;2;2;;;1;1;1;;;9;998
7;1;15;28;28079;;1;1;M-301;0,939;5;3;2;;;1;1;1;;;1;2
7;1;14;28;28079;;3;2;No inventariada;;9;2;1;4;;1;1;1;;;1;998
7;7;21;28;28079;;3;2;No inventariada;;9;2;1;1;;1;2;1;;;18;998
7;1;15;28;28079;;3;2;No inventariada;;9;10;2;;;1;1;1;;;18;998
7;1;14;28;28079;;1;1;A-5;9,9;3;3;2;;;1;1;1;;;1;1
7;1;14;28;28079;;3;2;No inventariada;;9;12;1;2;;1;1;1;;;1;998
6;6;1;28;28079;;3;2;No inventariada;;9;12;1;2;;1;4;1;;;1;998
7;1;15;28;28079;;3;2;No inventariada;;9;2;2;;;1;1;1;;;1;998
7;1;17;28;28079;;3;2;No inventariada;;9;10;1;4;;1;1;1;;;1;998
7;1;19;28;28079;;3;2;No inventariada;;9;10;2;;;2;1;1;;;18;998
7;1;19;28;28079;;3;2;No inventariada;;9;10;1;1;;1;1;1;;;1;998
7;1;19;28;28079;;3;2;No inventariada;;9;7;2;;;1;1;1;;;18;998
7;1;19;28;28079;;3;2;No inventariada;;9;2;1;1;;1;1;1;;;1;998
7;5;0;28;28079;;3;2;No inventariada;;9;2;2;;;1;4;1;;;18;998
7;1;22;28;28079;;3;2;No inventariada;;9;7;1;1;;1;4;1;;;1;998
7;2;0;28;28079;;3;2;No inventariada;;9;2;1;1;;1;4;1;;;1;998
7;2;1;28;28079;;3;2;No inventariada;;9;4;2;;;1;4;1;;;1;998
7;1;6;28;28079;;3;2;No inventariada;;9;4;2;;;1;3;1;;;18;998
7;2;7;28;28079;;3;2;No inventariada;;9;10;1;2;;1;1;1;;;1;998
7;1;14;28;28079;;3;2;No inventariada;;9;7;1;2;;1;1;1;;;1;998
7;3;8;28;28079;;3;2;No inventariada;;9;7;2;;;1;1;1;;;1;998
7;2;9;28;28079;;1;1;A-1;11,7;8;4;2;;;1;1;1;;;1;1
7;2;8;28;28079;;3;2;No inventariada;;9;3;1;1;;1;1;1;;;1;998
7;1;11;28;28079;;3;2;No inventariada;;9;3;1;2;;1;1;1;;;1;998
7;2;7;28;28079;;3;2;No inventariada;;9;4;1;2;;1;1;1;;;1;998
7;2;8;28;28079;;3;2;No inventariada;;9;2;1;1;;1;1;1;;;1;998
6;5;6;28;28079;;3;2;No inventariada;;9;2;1;1;;1;1;1;;;18;998
7;2;11;28;28079;;1;1;A-3;11,7;3;3;2;;;1;1;1;;;1;1
7;2;12;28;28079;;3;2;No inventariada;;9;12;2;;;1;1;1;;;1;998
7;2;12;28;28079;;3;2;No inventariada;;9;2;1;1;;1;1;1;;;1;998
7;2;15;28;28079;;3;2;No inventariada;;9;2;1;2;;1;1;1;;;1;998
7;2;15;28;28079;;3;2;No inventariada;;9;1;2;;;1;1;1;;;1;998
7;1;20;28;28079;;3;2;No inventariada;;9;4;1;4;;1;1;1;;;1;998
7;1;21;28;28079;;3;2;No inventariada;;9;10;2;;;1;3;1;;;18;998
7;5;14;28;28079;;3;2;No inventariada;;9;2;1;2;;1;1;1;;;1;998
7;7;20;28;28079;;3;2;No inventariada;;9;7;1;2;;1;2;1;;;1;998
7;2;15;28;28079;;3;2;No inventariada;;9;10;1;4;;1;1;1;;;18;998
7;2;17;28;28079;;3;2;No inventariada;;9;6;1;1;;1;1;1;;;18;998
7;7;15;28;28079;;3;2;No inventariada;;9;2;1;2;;1;1;1;;;1;998
7;2;17;28;28079;;3;2;No inventariada;;9;4;2;;;1;1;1;;;1;998
7;2;19;28;28079;;3;2;No inventariada;;9;7;2;;;1;1;1;;;1;998
7;2;19;28;28079;;3;2;No inventariada;;9;2;1;2;;1;1;1;;;1;998
7;2;18;28;28079;;3;2;No inventariada;;9;10;2;;;1;1;1;;;1;998
7;2;18;28;28079;;3;2;No inventariada;;9;12;1;5;;1;1;1;;;1;998
7;2;20;28;28079;;3;2;No inventariada;;9;5;2;;;1;1;1;;;1;998
7;2;22;28;28079;;3;2;No inventariada;;9;12;1;1;;1;4;1;;;1;998
7;2;3;28;28079;;3;2;No inventariada;;9;4;2;;;1;4;1;;;1;998
7;2;0;28;28079;;3;2;No inventariada;;9;11;1;1;;1;4;1;;;1;998
7;7;0;28;28079;;3;2;No inventariada;;9;2;1;1;;1;4;1;;;1;998
7;3;0;28;28079;;3;2;No inventariada;;9;10;2;;;1;4;1;;;1;998
6;1;13;28;28079;;3;2;No inventariada;;9;12;2;;;1;1;1;;;1;998
7;2;12;28;28079;;3;2;No inventariada;;9;4;1;4;;1;1;1;;;1;998
7;2;12;28;28079;;3;2;No inventariada;;9;4;2;;;1;1;1;;;1;998
7;3;4;28;28079;;3;2;No inventariada;;9;2;2;;;1;4;1;;;18;998
7;3;8;28;28079;;3;2;No inventariada;;9;2;1;4;;1;1;1;;;1;998
7;3;15;28;28079;;3;2;No inventariada;;9;2;1;2;;1;1;1;;;1;998
7;2;19;28;28079;;3;2;No inventariada;;9;10;2;;;1;1;1;;;1;998
7;3;15;28;28079;;3;2;No inventariada;;9;3;2;;;1;1;1;;;1;998
7;2;18;28;28079;;3;2;No inventariada;;9;2;2;;;1;1;1;;;1;998
7;1;17;28;28079;;3;2;No inventariada;;9;4;1;1;;1;1;1;;;1;998
7;3;18;28;28079;;3;2;No inventariada;;9;10;1;1;;1;1;1;;;1;998
7;3;15;28;28079;;3;2;No inventariada;;9;2;1;1;;1;1;1;;;1;998
7;3;14;28;28079;;3;2;No inventariada;;9;20;1;1;;1;1;1;;;1;998
7;2;18;28;28079;;1;1;M-40;27;3;2;1;1;M-425;1;1;1;;;1;1
7;3;15;28;28079;;3;2;No inventariada;;9;2;1;1;;1;1;1;;;1;998
7;3;18;28;28079;;3;2;No inventariada;;9;4;2;;;1;1;1;;;1;998
7;3;14;28;28079;;3;2;No inventariada;;9;4;2;;;1;1;1;;;1;998
7;3;20;28;28079;;3;2;No inventariada;;9;2;1;2;;1;1;1;;;1;998
7;4;19;28;28079;;3;2;No inventariada;;9;2;1;4;;1;1;1;;;1;998
7;3;17;28;28079;;3;2;No inventariada;;9;7;2;;;1;1;1;;;18;998
7;3;15;28;28079;;3;2;No inventariada;;9;2;1;5;;1;1;1;;;1;998
7;3;18;28;28079;;3;2;No inventariada;;9;10;1;1;;1;1;1;;;18;998
7;1;5;28;28079;;3;2;No inventariada;;9;10;2;;;1;4;1;;;1;998
7;3;6;28;28079;;3;2;No inventariada;;9;2;1;1;;1;3;1;;;18;998
7;3;3;28;28079;;3;2;No inventariada;;9;6;1;1;;1;4;1;;;1;998
7;4;0;28;28079;;3;2;No inventariada;;9;10;2;;;1;4;1;;;1;998
7;3;7;28;28079;;3;2;No inventariada;;9;3;2;;;1;1;1;;;1;998
7;4;0;28;28079;;3;2;No inventariada;;9;6;2;;;1;4;1;;;18;998
7;4;3;28;28079;;3;2;No inventariada;;9;10;2;;;1;6;1;;;1;998
7;4;9;28;28079;;3;2;No inventariada;;9;3;1;2;;1;1;1;;;1;998
7;3;13;28;28079;;3;2;No inventariada;;9;2;2;;;1;1;1;;;1;998
7;4;10;28;28079;;3;2;No inventariada;;9;10;2;;;1;1;1;;;1;998
7;3;10;28;28079;;3;2;No inventariada;;9;7;2;;;1;4;1;;;1;998
7;4;9;28;28079;;3;2;No inventariada;;9;12;1;2;;1;1;1;;;1;998
7;4;9;28;28079;;3;2;No inventariada;;9;6;2;;;1;1;1;;;1;998
7;1;20;28;28079;;3;2;No inventariada;;9;4;2;;;1;1;1;;;1;998
7;4;14;28;28079;;3;2;No inventariada;;9;2;1;1;;1;1;1;;;1;998
7;4;16;28;28079;;3;2;No inventariada;;9;10;2;;;1;1;1;;;1;998
7;4;14;28;28079;;3;2;No inventariada;;9;7;2;;;1;1;1;;;1;998
7;4;17;28;28079;;3;2;No inventariada;;9;2;1;2;;1;1;1;;;1;998
7;5;22;28;28079;;3;2;No inventariada;;9;10;2;;;1;4;1;;;1;998
7;3;0;28;28079;;3;2;No inventariada;;9;10;2;;;1;6;1;;;1;998
7;4;12;28;28079;;3;2;No inventariada;;9;4;2;;;1;1;1;;;1;998
7;3;10;28;28079;;3;2;No inventariada;;9;2;1;2;;1;1;1;;;9;998
7;3;13;28;28079;;3;2;No inventariada;;9;4;2;;;1;1;1;;;1;998
7;2;12;28;28079;;3;2;No inventariada;;9;1;2;;;1;1;1;;;1;998
7;4;13;28;28079;;3;2;No inventariada;;9;1;1;12;;1;1;1;;;1;998
7;1;6;28;28079;;1;1;M-40;18;3;5;2;;;1;1;1;;;1;1
7;5;9;28;28079;;3;2;No inventariada;;9;2;1;2;;1;1;1;;;1;998
7;5;10;28;28079;;3;2;No inventariada;;9;4;2;;;1;1;1;;;1;998
7;5;12;28;28079;;3;2;No inventariada;;9;6;2;;;1;1;1;;;1;998
7;5;11;28;28079;;3;2;No inventariada;;9;2;1;1;;1;1;1;;;1;998
7;7;18;28;28079;;3;2;No inventariada;;9;2;1;1;;1;1;1;;;18;998
7;5;13;28;28079;;3;2;No inventariada;;9;12;1;2;;1;1;1;;;1;998
7;5;15;28;28079;;3;2;No inventariada;;9;4;1;2;;1;1;1;;;1;998
7;5;15;28;28079;;3;2;No inventariada;;9;10;1;4;;1;1;1;;;1;998
7;3;22;28;28079;;3;2;No inventariada;;9;1;2;;;1;2;1;;;1;998
7;4;14;28;28079;;3;2;No inventariada;;9;2;1;1;;1;1;1;;;1;998
7;5;17;28;28079;;3;2;No inventariada;;9;3;1;5;;1;1;1;;;1;998
7;5;20;28;28079;;3;2;No inventariada;;9;10;2;;;1;1;1;;;1;998
7;5;23;28;28079;;3;2;No inventariada;;9;2;1;2;;1;4;1;;;1;998
7;5;22;28;28079;;3;2;No inventariada;;9;2;2;;;1;4;1;;;1;998
7;5;14;28;28079;;3;2;No inventariada;;9;3;2;;;1;1;1;;;1;998
7;5;14;28;28079;;3;2;No inventariada;;9;4;2;;;1;1;1;;;18;998
7;6;12;28;28079;;3;2;No inventariada;;9;10;2;;;1;1;1;;;1;998
7;6;13;28;28079;;3;2;No inventariada;;9;7;1;2;;1;1;1;;;1;998
7;5;19;28;28079;;3;2;No inventariada;;9;12;1;5;;1;1;1;;;1;998
7;5;17;28;28079;;3;2;No inventariada;;9;10;2;;;1;1;1;;;1;998
7;6;14;28;28079;;3;2;No inventariada;;9;2;1;5;;1;1;1;;;1;998
7;6;15;28;28079;;3;2;No inventariada;;9;10;1;2;;1;1;1;;;1;998
7;6;18;28;28079;;3;2;No inventariada;;9;7;1;12;;1;1;1;;;17;998
7;6;18;28;28079;;3;2;No inventariada;;9;16;1;1;;1;1;1;;;1;998
7;6;19;28;28079;;3;2;No inventariada;;9;4;2;;;1;1;1;;;1;998
7;7;0;28;28079;;3;2;No inventariada;;9;9;2;;;1;4;1;;;1;998
7;7;1;28;28079;;3;2;No inventariada;;9;5;2;;;1;3;1;;;1;998
7;7;4;28;28079;;3;2;No inventariada;;9;10;2;;;1;4;1;1;;1;998
7;6;14;28;28079;;3;2;No inventariada;;9;7;1;1;;1;1;1;;;1;998
7;6;14;28;28079;;3;2;No inventariada;;9;3;2;;;1;1;1;;;1;998
7;6;11;28;28079;;3;2;No inventariada;;9;6;2;;;1;1;1;;;1;998
7;6;14;28;28079;;3;2;No inventariada;;9;2;2;;;1;1;1;;;1;998
7;6;21;28;28079;;3;2;No inventariada;;9;2;2;;;1;3;1;;;1;998
7;6;21;28;28079;;3;2;No inventariada;;9;2;1;2;;1;4;1;;;1;998
7;6;20;28;28079;;3;2;No inventariada;;9;16;1;2;;9;1;1;;;18;998
7;7;16;28;28079;;3;2;No inventariada;;9;10;1;1;;8;1;1;;;18;998
7;7;15;28;28079;;3;2;No inventariada;;9;7;2;;;1;1;1;;;1;998
7;7;19;28;28079;;3;2;No inventariada;;9;10;2;;;1;1;1;;;1;998
7;7;18;28;28079;;3;2;No inventariada;;9;2;2;;;1;1;1;;;1;998
7;7;20;28;28079;;3;2;No inventariada;;9;10;1;1;;1;1;1;;;1;998
7;7;20;28;28079;;3;2;No inventariada;;9;2;2;;;1;1;1;;;1;998
7;7;2;28;28079;;3;2;No inventariada;;9;3;2;;;1;4;1;;;1;998
7;7;22;28;28079;;3;2;No inventariada;;9;3;2;;;1;4;1;;;1;998
7;7;19;28;28079;;3;2;No inventariada;;9;2;1;1;;1;1;1;;;1;998
7;3;13;28;28079;;3;2;No inventariada;;9;10;1;1;;1;1;1;;;1;998
7;5;13;28;28079;;3;2;No inventariada;;9;4;1;1;;1;1;1;;;1;998
7;1;9;28;28079;;3;2;No inventariada;;9;15;2;;;1;1;1;;;1;998
7;5;12;28;28079;;3;2;No inventariada;;9;1;2;;;1;1;1;;;1;998
7;1;9;28;28079;;3;2;No inventariada;;9;2;1;2;;1;1;1;;;1;998
7;1;12;28;28079;;3;2;No inventariada;;9;15;1;1;;1;1;1;;;1;998
7;1;7;28;28079;;3;2;No inventariada;;9;10;2;;;1;1;1;;;1;998
7;1;11;28;28079;;3;2;No inventariada;;9;4;2;;;1;1;1;;;1;998
7;1;13;28;28079;;3;2;No inventariada;;9;2;2;;;1;1;1;;;1;998
7;7;20;28;28079;;3;2;No inventariada;;9;2;2;;;1;1;1;;;1;998
7;1;15;28;28079;;1;1;M-40;27;3;2;1;4;M-425;1;1;1;;;1;1
7;6;22;28;28079;;3;2;No inventariada;;9;2;1;5;;1;3;1;;;1;998
7;7;21;28;28079;;3;2;No inventariada;;9;2;1;1;;1;2;1;;;1;998
7;7;18;28;28079;;3;2;No inventariada;;9;6;2;;;1;1;1;;;1;998
7;7;20;28;28079;;3;2;No inventariada;;9;7;1;2;;1;2;1;;;6;998
7;1;16;28;28079;;3;2;No inventariada;;9;2;2;;;1;1;1;;;1;998
7;1;18;28;28079;;3;2;No inventariada;;9;10;2;;;1;1;1;;;1;998
7;1;20;28;28079;;3;2;No inventariada;;9;1;2;;;1;1;1;;;1;998
7;1;19;28;28079;;3;2;No inventariada;;9;10;2;;;2;1;2;;;1;998
7;2;3;28;28079;;3;2;No inventariada;;9;10;1;1;;3;4;3;;;1;998
7;2;0;28;28079;;3;2;No inventariada;;9;10;2;;;1;4;2;;;1;998
7;2;4;28;28079;;3;2;No inventariada;;9;4;2;;;1;4;1;;;18;998
7;5;12;28;28079;;3;2;No inventariada;;9;12;1;1;;3;1;1;;;1;998
7;1;12;28;28079;;3;2;No inventariada;;9;4;2;;;1;1;1;;;1;998
7;2;7;28;28079;;3;2;No inventariada;;9;2;2;;;1;1;1;;;1;998
7;1;13;28;28079;;3;2;No inventariada;;9;10;2;;;1;1;1;;;1;998
7;7;12;28;28079;;3;2;No inventariada;;9;2;2;;;1;1;1;;;1;998
7;2;10;28;28079;;3;2;No inventariada;;9;2;2;;;1;1;1;;;18;998
7;2;12;28;28079;;3;2;No inventariada;;9;2;2;;;1;1;1;;;1;998
7;1;19;28;28079;;3;2;No inventariada;;9;2;1;4;;1;1;1;;;1;998
7;2;15;28;28079;;1;1;A-1;10,8;3;4;2;;;1;1;1;;;1;1
7;1;22;28;28079;;3;2;No inventariada;;9;2;1;1;;1;4;1;;;1;998
7;2;14;28;28079;;3;2;No inventariada;;9;4;2;;;1;1;1;;;1;998
7;2;17;28;28079;;3;2;No inventariada;;9;10;2;;;1;4;1;;;1;998
7;1;17;28;28079;;3;2;No inventariada;;9;10;2;;;1;1;1;;;18;998
7;2;18;28;28079;;3;2;No inventariada;;9;4;1;1;;1;1;1;;;1;998
7;2;20;28;28079;;3;2;No inventariada;;9;2;1;1;;1;2;1;;;1;998
7;2;6;28;28079;;3;2;No inventariada;;9;10;2;;;3;4;1;;;1;998
7;2;20;28;28079;;3;2;No inventariada;;9;2;1;1;;1;1;1;;;1;998
7;2;23;28;28079;;3;2;No inventariada;;9;7;1;1;;1;3;1;;;1;998
7;7;1;28;28079;;3;2;No inventariada;;9;6;2;;;1;4;1;;;1;998
7;3;1;28;28079;;3;2;No inventariada;;9;10;1;1;;1;4;1;;;1;998
7;2;22;28;28079;;3;2;No inventariada;;9;2;1;1;;1;4;1;;;1;998
7;3;2;28;28079;;3;2;No inventariada;;9;3;2;;;1;4;1;;;1;998
7;2;23;28;28079;;3;2;No inventariada;;9;10;2;;;1;4;1;;;1;998
7;2;8;28;28079;;3;2;No inventariada;;9;7;1;1;;1;1;1;;;1;998
7;2;10;28;28079;;3;2;No inventariada;;9;19;2;;;1;1;1;;;1;998
7;2;13;28;28079;;3;2;No inventariada;;9;7;1;1;;1;1;1;;;1;998
7;3;7;28;28079;;3;2;No inventariada;;9;10;2;;;3;1;1;;;1;998
7;2;13;28;28079;;3;2;No inventariada;;9;4;1;1;;1;1;1;;;1;998
7;3;8;28;28079;;3;2;No inventariada;;9;4;2;;;1;1;1;;;1;998
7;3;11;28;28079;;3;2;No inventariada;;9;4;1;1;;1;1;1;;;1;998
7;3;9;28;28079;;3;2;No inventariada;;9;2;1;2;;1;1;1;;;1;998
7;3;11;28;28079;;3;2;No inventariada;;9;10;1;2;;3;1;1;;;1;998
7;3;11;28;28079;;3;2;No inventariada;;9;4;2;;;1;1;1;;;1;998
7;3;11;28;28079;;3;2;No inventariada;;9;3;2;;;1;1;1;;;1;998
7;3;8;28;28079;;3;2;No inventariada;;9;2;1;1;;1;1;1;;;1;998
7;3;10;28;28079;;3;2;No inventariada;;9;4;1;4;;1;1;1;;;1;998
7;3;12;28;28079;;3;2;No inventariada;;9;2;1;2;;1;1;1;;;1;998
7;2;18;28;28079;;3;2;No inventariada;;9;7;2;;;1;1;1;;;1;998
7;2;21;28;28079;;3;2;No inventariada;;9;3;2;;;1;3;1;;;1;998
7;2;18;28;28079;;3;2;No inventariada;;9;2;1;1;;1;1;1;;;1;998
7;3;15;28;28079;;3;2;No inventariada;;9;2;2;;;1;1;1;;;1;998
7;2;14;28;28079;;3;2;No inventariada;;9;4;1;4;;1;1;1;;;1;998
7;1;22;28;28079;;3;2;No inventariada;;9;10;2;;;1;3;1;;;1;998
7;3;14;28;28079;;3;2;No inventariada;;9;10;2;;;1;1;1;;;1;998
7;3;19;28;28079;;1;1;M-40;21,9;3;5;2;;;1;1;1;;;1;1
7;3;19;28;28079;;3;2;No inventariada;;9;2;1;1;;1;1;1;;;5;998
7;3;20;28;28079;;3;2;No inventariada;;9;2;1;1;;1;1;1;;;1;998
7;3;18;28;28079;;3;2;No inventariada;;9;16;2;;;1;1;1;;;1;998
7;3;15;28;28079;;3;2;No inventariada;;9;2;1;1;;1;1;1;;;1;998
7;3;20;28;28079;;3;2;No inventariada;;9;4;1;1;;1;1;1;;;1;998
7;3;22;28;28079;;3;2;No inventariada;;9;10;2;;;1;4;1;;;1;998
8;4;4;28;28079;;3;2;No inventariada;;9;6;1;2;;1;4;1;;;1;998
7;3;13;28;28079;;3;2;No inventariada;;9;4;1;4;;1;1;1;;;1;998
8;4;9;28;28079;;3;2;No inventariada;;9;2;1;1;;1;1;1;;;6;998
8;4;12;28;28079;;3;2;No inventariada;;9;10;1;2;;1;1;1;;;1;998
7;3;21;28;28079;;3;2;No inventariada;;9;10;1;6;;1;1;1;;;18;998
7;2;20;28;28079;;3;2;No inventariada;;9;2;1;2;;1;2;1;;;6;998
7;3;19;28;28079;;3;2;No inventariada;;9;4;2;;;1;1;1;;;1;998
8;4;15;28;28079;;3;2;No inventariada;;9;10;1;4;;1;1;1;;;1;998
7;3;19;28;28079;;3;2;No inventariada;;9;7;2;;;1;1;1;;;1;998
7;3;20;28;28079;;3;2;No inventariada;;9;4;1;4;;1;1;1;;;18;998
8;4;16;28;28079;;3;2;No inventariada;;9;15;1;4;;1;1;1;;;1;998
8;4;15;28;28079;;3;2;No inventariada;;9;4;2;;;1;1;1;;;1;998
8;4;16;28;28079;;3;2;No inventariada;;9;4;2;;;1;4;1;;;1;998
8;4;14;28;28079;;3;2;No inventariada;;9;2;1;1;;1;1;1;;;1;998
8;4;18;28;28079;;1;1;A-2;15;3;15;2;;;1;1;1;;;1;2
7;2;20;28;28079;;3;2;No inventariada;;9;2;1;1;;1;1;1;;;2;998
8;4;17;28;28079;;3;2;No inventariada;;9;12;1;1;;1;1;1;;;1;998
8;4;16;28;28079;;3;2;No inventariada;;9;2;1;1;;1;1;1;;;1;998
8;4;20;28;28079;;3;2;No inventariada;;9;3;2;;;1;1;1;;;1;998
8;4;17;28;28079;;3;2;No inventariada;;9;2;1;1;;1;1;1;;;1;998
8;4;18;28;28079;;3;2;No inventariada;;9;2;1;2;;1;1;1;;;1;998
8;4;22;28;28079;;3;2;No inventariada;;9;4;2;;;1;4;1;;;18;998
8;4;22;28;28079;;3;2;No inventariada;;9;5;1;5;;1;4;1;;;1;998
8;4;22;28;28079;;3;2;No inventariada;;9;2;1;2;;1;3;1;;;18;998
8;4;1;28;28079;;3;2;No inventariada;;9;1;2;;;1;4;1;;;1;998
8;4;12;28;28079;;3;2;No inventariada;;9;7;2;;;1;1;1;;;18;998
8;4;13;28;28079;;3;2;No inventariada;;9;2;1;1;;1;1;1;;;1;998
8;4;11;28;28079;;3;2;No inventariada;;9;4;1;4;;1;1;1;;;18;998
8;4;14;28;28079;;3;2;No inventariada;;9;20;2;;;1;1;1;;;1;998
8;4;11;28;28079;;3;2;No inventariada;;9;10;1;4;;1;1;1;;;1;998
8;5;8;28;28079;;3;2;No inventariada;;9;2;1;2;;1;1;1;;;3;998
8;5;10;28;28079;;3;2;No inventariada;;9;10;2;;;1;1;1;;;1;998
8;5;9;28;28079;;3;2;No inventariada;;9;4;1;2;;1;1;1;;;1;998
8;5;8;28;28079;;3;2;No inventariada;;9;2;1;4;;1;1;1;;;1;998
8;5;11;28;28079;;3;2;No inventariada;;9;12;2;;;1;1;1;;;1;998
8;5;12;28;28079;;3;2;No inventariada;;9;4;2;;;1;1;1;1;;1;998
8;5;10;28;28079;;3;2;No inventariada;;9;2;1;1;;1;1;1;;;1;998
8;5;7;28;28079;;3;2;No inventariada;;9;10;1;4;;2;1;1;;;1;998
8;5;12;28;28079;;3;2;No inventariada;;9;12;1;1;;1;1;1;;;1;998
8;5;10;28;28079;;3;2;No inventariada;;9;2;1;2;;1;1;1;;;18;998
8;5;10;28;28079;;3;2;No inventariada;;9;7;2;;;1;1;1;;;1;998
8;5;14;28;28079;;3;2;No inventariada;;9;15;1;1;;4;1;4;;;10;998
7;2;20;28;28079;;3;2;No inventariada;;9;4;2;;;1;1;1;;;1;998
8;5;15;28;28079;;3;2;No inventariada;;9;7;2;;;3;1;4;;;1;998
8;5;15;28;28079;;3;2;No inventariada;;9;10;2;;;3;4;1;;;1;998
8;5;14;28;28079;;3;2;No inventariada;;9;4;2;;;4;1;4;;;11;998
8;5;16;28;28079;;3;2;No inventariada;;9;10;2;;;3;1;4;;;1;998
8;4;18;28;28079;;3;2;No inventariada;;9;12;1;2;;1;4;1;;;1;998
8;5;14;28;28079;;3;2;No inventariada;;9;10;2;;;4;1;4;;;5;998
8;5;13;28;28079;;3;2;No inventariada;;9;7;1;1;;1;1;2;;;1;998
8;4;15;28;28079;;3;2;No inventariada;;9;4;2;;;1;1;1;;;1;998
8;5;15;28;28079;;3;2;No inventariada;;9;6;2;;;4;1;4;;;5;998
8;5;17;28;28079;;3;2;No inventariada;;9;4;1;1;;1;1;1;;;1;998
8;5;19;28;28079;;3;2;No inventariada;;9;3;1;2;;1;1;1;;;1;998
8;5;19;28;28079;;3;2;No inventariada;;9;2;1;1;;1;1;1;;;1;998
8;6;1;28;28079;;3;2;No inventariada;;9;7;2;;;1;4;1;;;18;998
8;6;6;28;28079;;3;2;No inventariada;;9;2;1;4;;1;4;1;;;18;998
8;5;14;28;28079;;3;2;No inventariada;;9;15;1;2;;4;1;4;;;5;998
8;6;8;28;28079;;3;2;No inventariada;;9;4;1;2;;1;1;1;;;1;998
8;5;9;28;28079;;3;2;No inventariada;;9;7;2;;;1;1;1;;;6;998
8;6;12;28;28079;;3;2;No inventariada;;9;7;1;2;;1;1;1;;;1;998
8;6;10;28;28079;;3;2;No inventariada;;9;7;2;;;1;1;1;;;9;998
8;6;15;28;28079;;3;2;No inventariada;;9;3;1;4;;1;1;1;;;1;998
8;6;18;28;28079;;3;2;No inventariada;;9;2;1;4;;1;1;1;;;1;998
8;6;20;28;28079;;3;2;No inventariada;;9;3;1;12;;1;1;1;;;18;998
8;6;21;28;28079;;3;2;No inventariada;;9;1;1;4;;1;1;1;;;1;998
8;5;22;28;28079;;3;2;No inventariada;;9;2;1;1;;1;4;1;;;1;998
8;6;23;28;28079;;3;2;No inventariada;;9;10;1;2;;1;4;1;;;9;998
8;7;2;28;28079;;3;2;No inventariada;;9;6;2;;;1;4;1;;;1;998
8;6;12;28;28079;;3;2;No inventariada;;9;2;1;1;;1;1;1;;;1;998
8;7;9;28;28079;;3;2;No inventariada;;9;5;1;1;;1;1;1;;;1;998
8;7;8;28;28079;;3;2;No inventariada;;9;4;1;1;;1;1;1;;;1;998
8;7;11;28;28079;;3;2;No inventariada;;9;2;1;1;;1;1;1;;;1;998
8;6;20;28;28079;;3;2;No inventariada;;9;2;1;1;;1;1;1;;;1;998
8;7;15;28;28079;;3;2;No inventariada;;9;19;2;;;1;1;1;;;1;998
8;7;15;28;28079;;3;2;No inventariada;;9;2;1;2;;1;1;1;;;1;998
8;7;19;28;28079;;3;2;No inventariada;;9;4;2;;;1;1;1;;;1;998
8;7;20;28;28079;;3;2;No inventariada;;9;10;1;4;;1;1;1;;;1;998