MES;DIA_SEMANA;HORA;COD_PROVINCIA;COD_MUNICIPIO;ISLA;ZONA;ZONA_AGRUPADA;CARRETERA;KM;TIPO_VIA;TIPO_ACCIDENTE;NUDO;NUDO_INFO;CARRETERA_CRUCE;CONDICION_FIRME;CONDICION_ILUMINACION;CONDICION_METEO;CONDICION_NIEBLA;CONDICION_VIENTO;VISIB_RESTRINGIDA_POR;TRAZADO_PLANTA
8;7;6;28;28079;;3;2;No inventariada;;9;7;2;;;1;4;1;;;1;998
8;7;19;28;28079;;3;2;No inventariada;;9;19;2;;;1;1;1;;;18;998
8;1;4;28;28079;;3;2;No inventariada;;9;10;2;;;1;4;1;;;1;998
8;1;7;28;28079;;1;1;M-40;27;3;2;1;4;M-425;1;3;1;;;18;1
8;7;13;28;28079;;3;2;No inventariada;;9;4;2;;;1;1;1;;;1;998
8;7;13;28;28079;;3;2;No inventariada;;9;5;1;2;;1;1;1;;;1;998
8;5;13;28;28079;;3;2;No inventariada;;9;2;1;12;;1;1;1;;;1;998
8;1;4;28;28079;;3;2;No inventariada;;9;3;2;;;1;4;1;;;1;998
8;1;7;28;28079;;3;2;No inventariada;;9;10;1;5;;7;1;1;;;1;998
8;1;9;28;28079;;3;2;No inventariada;;9;2;1;5;;1;1;1;;;1;998
8;1;8;28;28079;;3;2;No inventariada;;9;4;1;1;;1;1;1;;;1;998
8;1;10;28;28079;;3;2;No inventariada;;9;4;2;;;1;1;1;;;1;998
8;1;10;28;28079;;3;2;No inventariada;;9;7;2;;;1;1;1;;;1;998
8;1;12;28;28079;;3;2;No inventariada;;9;10;1;1;;1;1;1;;;1;998
8;7;21;28;28079;;3;2;No inventariada;;9;10;2;;;8;1;1;;;1;998
8;1;14;28;28079;;3;2;No inventariada;;9;4;2;;;1;1;1;;;1;998
8;4;19;28;28079;;3;2;No inventariada;;9;2;1;2;;1;4;7;;;1;998
8;1;15;28;28079;;3;2;No inventariada;;9;9;1;4;;1;1;1;;;1;998
8;1;16;28;28079;;3;2;No inventariada;;9;10;1;1;;1;1;1;;;1;998
8;1;15;28;28079;;3;2;No inventariada;;9;3;2;;;1;1;1;;;1;998
8;7;20;28;28079;;3;2;No inventariada;;9;7;2;;;1;1;1;;;1;998
8;1;16;28;28079;;3;2;No inventariada;;9;2;2;;;1;1;1;;;1;998
8;5;14;28;28079;;3;2;No inventariada;;9;10;2;;;3;1;4;1;;5;998
8;1;16;28;28079;;3;2;No inventariada;;9;2;1;4;;1;1;1;;;1;998
8;1;15;28;28079;;3;2;No inventariada;;9;2;1;2;;1;1;1;;;1;998
8;1;18;28;28079;;3;2;No inventariada;;9;2;2;;;1;1;1;;;1;998
8;1;17;28;28079;;3;2;No inventariada;;9;6;2;;;1;1;1;;;1;998
8;1;16;28;28079;;3;2;No inventariada;;9;4;2;;;1;1;1;;;18;998
8;7;2;28;28079;;3;2;No inventariada;;9;10;2;;;1;4;1;;;18;998
8;1;18;28;28079;;3;2;No inventariada;;9;10;2;;;1;1;1;;;1;998
8;1;18;28;28079;;3;2;No inventariada;;9;4;1;1;;1;1;1;;;18;998
8;1;22;28;28079;;3;2;No inventariada;;9;2;1;1;;1;4;1;;;1;998
8;1;23;28;28079;;3;2;No inventariada;;9;4;1;2;;1;4;1;;;1;998
8;1;23;28;28079;;3;2;No inventariada;;9;4;2;;;1;4;1;;;1;998
8;1;11;28;28079;;3;2;No inventariada;;9;5;2;;;1;1;1;;;1;998
8;2;8;28;28079;;3;2;No inventariada;;9;4;2;;;1;1;1;;;1;998
8;2;8;28;28079;;3;2;No inventariada;;9;1;1;5;;1;1;1;;;18;998
8;1;14;28;28079;;3;2;No inventariada;;9;3;1;12;;1;1;1;;;1;998
8;2;9;28;28079;;3;2;No inventariada;;9;10;1;2;;1;1;1;;;1;998
8;2;8;28;28079;;3;2;No inventariada;;9;10;1;2;;1;1;1;;;1;998
8;1;13;28;28079;;3;2;No inventariada;;9;2;1;2;;1;1;1;;;1;998
8;2;7;28;28079;;3;2;No inventariada;;9;4;2;;;1;1;1;;;1;998
8;2;12;28;28079;;3;2;No inventariada;;9;10;2;;;3;1;1;;;1;998
8;2;15;28;28079;;3;2;No inventariada;;9;5;2;;;1;1;1;;;1;998
8;2;15;28;28079;;3;2;No inventariada;;9;3;1;5;;1;1;1;;;1;998
8;2;15;28;28079;;3;2;No inventariada;;9;2;1;2;;1;1;1;;;1;998
8;2;15;28;28079;;3;2;No inventariada;;9;4;2;;;1;1;1;;;1;998
8;2;16;28;28079;;3;2;No inventariada;;9;6;2;;;1;1;1;;;18;998
8;1;19;28;28079;;3;2;No inventariada;;9;10;2;;;1;1;1;;;1;998
8;2;15;28;28079;;3;2;No inventariada;;9;2;2;;;1;1;1;;;1;998
8;2;16;28;28079;;3;2;No inventariada;;9;2;2;;;1;1;2;;;1;998
8;2;15;28;28079;;3;2;No inventariada;;9;7;1;12;;1;1;1;;;1;998
8;1;19;28;28079;;3;2;No inventariada;;9;2;1;1;;1;1;1;;;1;998
8;2;18;28;28079;;3;2;No inventariada;;9;2;1;1;;1;1;1;;;9;998
8;2;16;28;28079;;3;2;No inventariada;;9;4;2;;;1;1;1;;;1;998
8;2;17;28;28079;;3;2;No inventariada;;9;3;2;;;1;1;1;;;1;998
8;2;5;28;28079;;3;2;No inventariada;;9;2;1;1;;1;4;1;;;1;998
8;3;0;28;28079;;1;1;M-40;19,5;3;3;2;;;1;4;1;;;18;1
8;3;7;28;28079;;3;2;No inventariada;;9;2;2;;;1;2;1;;;1;998
8;3;8;28;28079;;3;2;No inventariada;;9;4;2;;;1;1;1;;;1;998
8;2;12;28;28079;;3;2;No inventariada;;9;2;1;1;;1;1;1;;;4;998
8;2;14;28;28079;;3;2;No inventariada;;9;7;2;;;1;1;1;;;1;998
8;3;8;28;28079;;3;2;No inventariada;;9;4;2;;;1;1;1;;;1;998
8;2;13;28;28079;;3;2;No inventariada;;9;5;1;2;;1;1;1;;;1;998
8;3;14;28;28079;;3;2;No inventariada;;9;2;1;2;;1;1;1;;;1;998
8;3;15;28;28079;;3;2;No inventariada;;9;3;1;2;;1;1;1;;;1;998
8;3;16;28;28079;;3;2;No inventariada;;9;7;2;;;1;1;1;;;1;998
8;3;15;28;28079;;3;2;No inventariada;;9;6;2;;;1;1;1;;;1;998
8;3;18;28;28079;;3;2;No inventariada;;9;3;2;;;1;1;1;;;1;998
8;3;18;28;28079;;3;2;No inventariada;;9;4;1;1;;9;1;1;;;1;998
8;3;22;28;28079;;3;2;No inventariada;;9;16;1;1;;1;4;1;;;1;998
8;4;0;28;28079;;3;2;No inventariada;;9;6;1;1;;1;4;1;;;1;998
7;3;13;28;28079;;3;2;No inventariada;;9;2;2;;;1;1;1;;;1;998
8;4;7;28;28079;;3;2;No inventariada;;9;10;1;4;;3;1;1;;;1;998
8;4;8;28;28079;;3;2;No inventariada;;9;2;1;5;;1;1;1;;;1;998
8;4;11;28;28079;;3;2;No inventariada;;9;4;2;;;1;1;1;;;1;998
8;4;13;28;28079;;1;1;A-4;8,5;3;5;2;;;1;1;1;;;1;1
8;4;13;28;28079;;3;2;No inventariada;;9;10;2;;;1;1;1;;;1;998
8;4;14;28;28079;;1;1;M-45;15,131;3;4;2;;;1;1;1;;;1;1
8;3;21;28;28079;;3;2;No inventariada;;9;2;1;4;;1;4;1;;;1;998
8;3;20;28;28079;;3;2;No inventariada;;9;2;1;1;;1;1;1;;;1;998
8;3;21;28;28079;;3;2;No inventariada;;9;4;2;;;1;4;1;;;1;998
8;2;20;28;28079;;3;2;No inventariada;;9;10;1;4;;1;1;1;;;1;998
8;4;17;28;28079;;3;2;No inventariada;;9;10;1;5;;1;1;1;;;1;998
8;4;16;28;28079;;3;2;No inventariada;;9;4;1;1;;1;1;1;;;1;998
8;4;17;28;28079;;3;2;No inventariada;;9;2;2;;;1;1;1;;;1;998
8;7;20;28;28079;;3;2;No inventariada;;9;10;2;;;2;1;1;;;1;998
8;4;18;28;28079;;3;2;No inventariada;;9;4;2;;;1;1;1;;;1;998
8;4;17;28;28079;;3;2;No inventariada;;9;10;1;2;;1;1;1;;;1;998
8;4;20;28;28079;;3;2;No inventariada;;9;1;2;;;1;1;1;;;1;998
8;5;0;28;28079;;3;2;No inventariada;;9;10;2;;;1;6;1;;;1;998
8;5;6;28;28079;;1;1;M-111;0,1;5;2;1;4;M-13;1;4;1;;;1;1
8;5;7;28;28079;;1;1;M-301;1;5;10;2;;;7;1;1;;;1;2
8;3;13;28;28079;;3;2;No inventariada;;9;10;2;;;1;1;1;;;1;998
8;5;11;28;28079;;1;1;M-23;2,5;3;3;2;;;1;1;1;;;1;1
8;5;11;28;28079;;3;2;No inventariada;;9;2;1;2;;1;1;1;;;1;998
8;5;12;28;28079;;3;2;No inventariada;;9;7;2;;;1;1;1;;;1;998
8;5;14;28;28079;;1;1;M-40;22,323;3;3;2;;;1;1;1;;;1;1
8;5;15;28;28079;;3;2;No inventariada;;9;7;2;;;1;1;1;;;1;998
7;5;16;28;28079;;3;2;No inventariada;;9;4;1;4;;1;1;1;;;18;998
8;5;17;28;28079;;3;2;No inventariada;;9;3;1;4;;1;1;1;;;1;998
8;5;17;28;28079;;3;2;No inventariada;;9;1;2;;;1;1;1;;;1;998
8;5;18;28;28079;;3;2;No inventariada;;9;2;1;2;;1;1;1;;;1;998
7;3;21;28;28079;;3;2;No inventariada;;9;4;2;;;1;4;1;;;1;998
8;5;16;28;28079;;3;2;No inventariada;;9;2;1;1;;1;1;1;;;1;998
8;5;15;28;28079;;3;2;No inventariada;;9;4;2;;;1;1;1;;;1;998
8;5;14;28;28079;;3;2;No inventariada;;9;3;1;1;;1;1;1;;;1;998
8;5;20;28;28079;;3;2;No inventariada;;9;10;1;2;;7;1;1;;;1;998
8;5;23;28;28079;;1;1;M-45;22,729;3;4;2;;;9;4;1;;;1;1
8;2;5;28;28079;;3;2;No inventariada;;9;10;2;;;1;4;1;;;1;998
8;5;22;28;28079;;3;2;No inventariada;;9;10;1;1;;1;4;1;;;1;998
8;6;8;28;28079;;1;1;M-301;0,905;5;2;1;4;M-45;1;1;1;;;6;2
7;1;12;28;28079;;3;2;No inventariada;;9;4;1;5;;1;1;1;;;1;998
8;6;7;28;28079;;3;2;No inventariada;;9;10;2;;;1;1;1;;;1;998
8;6;7;28;28079;;3;2;No inventariada;;9;2;1;1;;1;1;1;;;1;998
8;5;13;28;28079;;3;2;No inventariada;;9;3;1;1;;1;1;1;;;1;998
8;6;9;28;28079;;3;2;No inventariada;;9;7;2;;;1;1;1;;;9;998
8;6;10;28;28079;;3;2;No inventariada;;9;4;1;4;;1;1;1;;;1;998
8;6;13;28;28079;;3;2;No inventariada;;9;10;2;;;1;1;1;;;1;998
8;5;6;28;28079;;3;2;No inventariada;;9;4;2;;;1;3;1;;;1;998
8;6;15;28;28079;;3;2;No inventariada;;9;3;1;2;;1;1;1;;;1;998
8;6;19;28;28079;;3;2;No inventariada;;9;10;2;;;1;1;1;;;6;998
8;6;16;28;28079;;3;2;No inventariada;;9;12;1;1;;7;1;1;;;1;998
8;6;19;28;28079;;3;2;No inventariada;;9;4;2;;;1;1;1;;;1;998
8;6;7;28;28079;;3;2;No inventariada;;9;10;2;;;1;2;1;;;1;998
8;6;20;28;28079;;3;2;No inventariada;;9;16;1;1;;1;1;1;;;1;998
8;7;2;28;28006;;1;1;A-1;13,129;3;6;1;10;M-40;1;3;1;;;1;1
8;7;3;28;28079;;1;1;M-40;61;3;14;1;12;A-1;1;6;1;;;1;2
8;6;6;28;28079;;3;2;No inventariada;;9;2;2;;;1;3;1;;;1;998
8;6;9;28;28079;;3;2;No inventariada;;9;7;2;;;1;1;1;;;1;998
8;7;8;28;28079;;3;2;No inventariada;;9;6;1;11;;1;1;1;;;1;998
8;7;7;28;28079;;3;2;No inventariada;;9;16;2;;;1;1;1;;;1;998
8;7;12;28;28079;;3;2;No inventariada;;9;16;1;4;;1;1;1;;;1;998
8;7;13;28;28079;;3;2;No inventariada;;9;2;1;2;;1;1;1;;;1;998
8;6;16;28;28079;;3;2;No inventariada;;9;1;2;;;1;1;1;;;18;998
8;6;20;28;28079;;3;2;No inventariada;;9;7;1;12;;1;1;1;1;;1;998
8;7;16;28;28079;;3;2;No inventariada;;9;7;1;1;;1;1;1;;;1;998
8;6;22;28;28079;;3;2;No inventariada;;9;4;1;2;;1;4;1;;;1;998
8;7;19;28;28079;;3;2;No inventariada;;9;2;1;4;;1;1;1;;;1;998
8;7;19;28;28079;;3;2;No inventariada;;9;4;2;;;1;1;1;;;18;998
8;7;20;28;28079;;3;2;No inventariada;;9;4;2;;;1;1;1;;;1;998
8;7;6;28;28079;;3;2;No inventariada;;9;2;1;2;;1;4;1;;;1;998
8;1;0;28;28079;;1;1;M-21;2,035;14;12;2;;;1;6;7;;;1;1
8;1;0;28;28079;;3;2;No inventariada;;9;2;1;2;;1;4;1;;;1;998
8;1;1;28;28079;;3;2;No inventariada;;9;6;1;1;;1;4;1;;;1;998
8;1;2;28;28079;;3;2;No inventariada;;9;10;2;;;1;4;1;;;1;998
8;7;14;28;28079;;3;2;No inventariada;;9;2;1;1;;1;1;1;;;1;998
8;7;12;28;28079;;3;2;No inventariada;;9;7;2;;;1;1;1;;;1;998
8;7;13;28;28079;;3;2;No inventariada;;9;10;1;2;;1;1;1;;;18;998
8;1;9;28;28079;;3;2;No inventariada;;9;4;1;4;;1;1;1;;;6;998
8;1;8;28;28079;;1;1;A-2;12,6;3;4;2;;;1;1;1;;;1;1
8;1;9;28;28079;;3;2;No inventariada;;9;4;2;;;1;1;1;;;1;998
8;1;10;28;28079;;3;2;No inventariada;;9;7;1;2;;1;1;1;;;18;998
8;1;11;28;28079;;3;2;No inventariada;;9;4;1;1;;1;1;1;;;1;998
8;1;10;28;28079;;3;2;No inventariada;;9;10;2;;;1;1;1;;;18;998
8;1;11;28;28079;;3;2;No inventariada;;9;7;1;1;;1;1;1;;;1;998
8;1;12;28;28079;;3;2;No inventariada;;9;19;1;4;;1;1;1;;;1;998
8;7;13;28;28079;;3;2;No inventariada;;9;16;1;2;;1;1;1;;;1;998
8;4;20;28;28079;;3;2;No inventariada;;9;4;2;;;1;1;1;;;1;998
8;7;21;28;28079;;3;2;No inventariada;;9;10;2;;;2;4;1;;;1;998
8;7;20;28;28079;;3;2;No inventariada;;9;5;2;;;1;1;1;;;1;998
7;2;17;28;28079;;3;2;No inventariada;;9;2;1;1;;1;1;1;;;18;998
8;1;16;28;28079;;3;2;No inventariada;;9;4;1;1;;1;1;1;;;1;998
8;1;17;28;28079;;3;2;No inventariada;;9;3;1;2;;1;1;1;;;1;998
8;1;15;28;28079;;3;2;No inventariada;;9;4;2;;;1;1;1;;;1;998
8;1;17;28;28079;;3;2;No inventariada;;9;9;2;;;1;1;1;;;1;998
8;1;18;28;28079;;3;2;No inventariada;;9;2;1;1;;1;1;1;;;18;998
8;1;22;28;28079;;3;2;No inventariada;;9;4;1;2;;1;4;1;;;1;998
8;5;6;28;28079;;3;2;No inventariada;;9;2;1;1;;1;3;1;;;1;998
8;2;1;28;28079;;3;2;No inventariada;;9;10;2;;;1;4;1;;;1;998
8;1;23;28;28079;;3;2;No inventariada;;9;10;1;2;;1;4;1;;;1;998
8;1;13;28;28079;;3;2;No inventariada;;9;4;2;;;1;1;1;;;1;998
8;2;8;28;28079;;3;2;No inventariada;;9;10;1;2;;2;1;1;;;1;998
8;2;7;28;28079;;3;2;No inventariada;;9;10;1;4;;1;1;1;;;1;998
8;2;9;28;28079;;3;2;No inventariada;;9;7;2;;;1;1;1;;;1;998
8;2;12;28;28079;;3;2;No inventariada;;9;7;1;1;;1;1;1;;;1;998
8;2;11;28;28079;;3;2;No inventariada;;9;3;1;1;;1;1;1;;;1;998
8;2;12;28;28079;;3;2;No inventariada;;9;19;2;;;1;1;1;;;1;998
8;1;21;28;28079;;3;2;No inventariada;;9;7;2;;;1;4;1;;;18;998
8;2;15;28;28079;;3;2;No inventariada;;9;2;1;2;;1;1;1;;;1;998
7;4;21;28;28079;;3;2;No inventariada;;9;7;2;;;1;1;1;;;1;998
7;4;22;28;28079;;3;2;No inventariada;;9;2;1;4;;1;4;1;;;1;998
8;2;15;28;28079;;3;2;No inventariada;;9;4;2;;;1;1;1;;;1;998
8;2;15;28;28079;;3;2;No inventariada;;9;2;1;1;;1;1;1;;;1;998
8;2;18;28;28079;;3;2;No inventariada;;9;1;2;;;1;1;1;;;1;998
8;2;20;28;28079;;3;2;No inventariada;;9;10;1;2;;8;3;1;;;1;998
8;2;19;28;28079;;3;2;No inventariada;;9;12;2;;;1;1;1;;;1;998
8;2;10;28;28079;;3;2;No inventariada;;9;6;2;;;8;1;1;;;1;998
8;3;9;28;28079;;3;2;No inventariada;;9;12;2;;;1;1;1;;;18;998
8;1;14;28;28079;;3;2;No inventariada;;9;5;2;;;1;1;1;;;1;998
8;2;14;28;28079;;3;2;No inventariada;;9;2;1;2;;1;1;1;;;1;998
8;3;9;28;28079;;3;2;No inventariada;;9;3;2;;;1;1;1;;;1;998
8;3;12;28;28079;;3;2;No inventariada;;9;4;2;;;1;1;1;;;1;998
8;3;13;28;28079;;3;2;No inventariada;;9;2;1;2;;1;1;1;;;1;998
8;3;13;28;28079;;3;2;No inventariada;;9;2;2;;;1;1;1;;;1;998
8;3;14;28;28079;;3;2;No inventariada;;9;2;1;1;;1;1;1;;;1;998
8;3;19;28;28079;;3;2;No inventariada;;9;3;2;;;1;1;1;;;1;998
8;3;19;28;28079;;3;2;No inventariada;;9;7;1;1;;1;1;1;;;1;998
8;3;21;28;28079;;3;2;No inventariada;;9;4;2;;;1;3;1;;;1;998
8;4;1;28;28079;;1;1;A-3;12,9;3;4;2;;;1;4;1;;;1;1
8;4;5;28;28079;;3;2;No inventariada;;9;7;1;2;;1;4;1;;;1;998
8;4;8;28;28079;;3;2;No inventariada;;9;12;1;2;;1;1;1;;;1;998
8;4;11;28;28079;;3;2;No inventariada;;9;2;2;;;1;1;1;;;1;998
8;3;21;28;28079;;3;2;No inventariada;;9;10;2;;;1;3;1;;;18;998
8;3;16;28;28079;;3;2;No inventariada;;9;7;2;;;1;1;1;;;1;998
8;4;15;28;28079;;3;2;No inventariada;;9;2;1;1;;1;1;1;;;2;998
8;4;16;28;28079;;3;2;No inventariada;;9;2;1;1;;1;1;1;;;1;998
8;3;19;28;28079;;3;2;No inventariada;;9;4;2;;;1;1;1;;;1;998
8;4;22;28;28079;;3;2;No inventariada;;9;2;1;1;;1;4;1;;;1;998
8;4;22;28;28079;;3;2;No inventariada;;9;10;2;;;1;4;1;;;1;998
8;4;13;28;28079;;3;2;No inventariada;;9;4;2;;;1;1;1;;;17;998
8;4;19;28;28079;;3;2;No inventariada;;9;2;1;1;;1;2;1;;;6;998
8;5;8;28;28079;;3;2;No inventariada;;9;6;1;2;;1;1;1;;;1;998
8;5;10;28;28079;;3;2;No inventariada;;9;3;2;;;1;1;1;;;1;998
8;5;11;28;28079;;3;2;No inventariada;;9;4;1;1;;1;1;1;;;1;998
8;5;9;28;28079;;3;2;No inventariada;;9;7;2;;;1;2;1;;;6;998
8;4;17;28;28079;;1;1;M-40;51;3;12;2;;;1;1;1;;;1;1
8;5;15;28;28079;;3;2;No inventariada;;9;10;1;1;;3;1;1;;;1;998
8;5;14;28;28079;;3;2;No inventariada;;9;4;1;1;;1;1;1;;;1;998
8;5;15;28;28079;;3;2;No inventariada;;9;4;2;;;1;1;1;;;1;998
8;5;17;28;28079;;3;2;No inventariada;;9;1;2;;;1;1;1;;;1;998
8;5;14;28;28079;;3;2;No inventariada;;9;3;1;1;;1;1;1;;;1;998
8;6;15;28;28079;;3;2;No inventariada;;9;2;1;1;;1;1;1;;;1;998
8;5;17;28;28079;;3;2;No inventariada;;9;10;2;;;1;1;1;;;1;998
8;5;13;28;28079;;3;2;No inventariada;;9;10;1;5;;1;1;1;;;1;998
8;5;19;28;28079;;3;2;No inventariada;;9;10;2;;;1;1;1;;;1;998
8;5;20;28;28079;;3;2;No inventariada;;9;2;1;1;;1;1;1;;;6;998
8;5;23;28;28079;;3;2;No inventariada;;9;4;1;1;;1;4;1;;;1;998
8;6;0;28;28079;;1;1;M-40;29,587;3;9;2;;;1;4;1;;;1;1
8;3;21;28;28079;;3;2;No inventariada;;9;2;1;5;;1;3;1;;;1;998
8;6;3;28;28079;;3;2;No inventariada;;9;10;2;;;1;4;1;;;1;998
8;5;23;28;28079;;3;2;No inventariada;;9;10;1;4;;1;4;1;;;18;998
8;6;6;28;28079;;3;2;No inventariada;;9;1;2;;;1;3;1;;;1;998
8;6;9;28;28079;;3;2;No inventariada;;9;4;1;2;;1;1;1;;;1;998
8;5;12;28;28079;;3;2;No inventariada;;9;4;2;;;1;1;1;;;1;998
8;6;12;28;28079;;3;2;No inventariada;;9;7;2;;;1;1;1;;;1;998
8;6;16;28;28079;;3;2;No inventariada;;9;10;1;1;;8;1;1;;;1;998
8;5;1;28;28079;;3;2;No inventariada;;9;3;1;4;;1;4;1;;;1;998
8;6;21;28;28079;;3;2;No inventariada;;9;7;2;;;1;3;1;;;1;998
8;5;19;28;28079;;3;2;No inventariada;;9;7;1;4;;1;2;1;;;6;998
8;6;19;28;28079;;3;2;No inventariada;;9;12;1;2;;1;1;1;;;1;998
8;6;23;28;28079;;3;2;No inventariada;;9;4;1;2;;1;4;1;;;1;998
8;7;0;28;28079;;3;2;No inventariada;;9;10;1;1;;1;4;1;;;1;998
8;7;3;28;28079;;3;2;No inventariada;;9;6;2;;;1;4;1;;;1;998
8;6;18;28;28079;;3;2;No inventariada;;9;2;2;;;1;1;1;;;6;998
8;5;9;28;28079;;3;2;No inventariada;;9;2;1;1;;1;1;1;;;1;998
8;7;11;28;28079;;3;2;No inventariada;;9;4;1;1;;1;1;1;;;1;998
8;7;13;28;28079;;3;2;No inventariada;;9;7;2;;;1;1;1;;;1;998
8;7;16;28;28079;;3;2;No inventariada;;9;10;2;;;1;1;1;;;1;998
8;7;16;28;28079;;1;1;A-3;10,7;3;19;2;;;1;1;1;;;1;2
8;7;20;28;28079;;3;2;No inventariada;;9;3;1;1;;1;1;1;;;1;998
8;7;20;28;28079;;3;2;No inventariada;;9;3;2;;;1;1;1;;;1;998
8;1;0;28;28079;;3;2;No inventariada;;9;10;1;2;;1;4;1;;;1;998
8;1;1;28;28079;;1;1;M-203;5,5;6;14;1;4;M-203;1;6;1;;;18;1
8;7;23;28;28079;;3;2;No inventariada;;9;11;2;;;1;4;1;;;1;998
8;2;6;28;28079;;3;2;No inventariada;;9;10;1;4;;1;1;1;;;1;998
8;7;13;28;28079;;3;2;No inventariada;;9;2;1;1;;1;1;1;;;1;998
8;1;7;28;28079;;3;2;No inventariada;;9;2;1;2;;1;1;1;;;1;998
8;1;8;28;28079;;3;2;No inventariada;;9;3;1;2;;1;1;1;;;1;998
8;4;13;28;28079;;3;2;No inventariada;;9;10;2;;;1;1;1;;;1;998
8;1;8;28;28079;;3;2;No inventariada;;9;16;2;;;1;1;1;;;6;998
8;1;9;28;28079;;3;2;No inventariada;;9;2;1;1;;1;1;1;;;18;998
8;7;14;28;28079;;3;2;No inventariada;;9;10;1;2;;1;1;1;;;1;998
8;7;21;28;28079;;3;2;No inventariada;;9;10;2;;;1;4;1;;;1;998
8;1;14;28;28079;;3;2;No inventariada;;9;2;1;4;;1;1;1;;;1;998
8;1;18;28;28079;;3;2;No inventariada;;9;2;1;1;;1;1;1;;;1;998
8;1;17;28;28079;;3;2;No inventariada;;9;10;1;2;;1;1;1;;;1;998
8;1;17;28;28079;;3;2;No inventariada;;9;10;2;;;1;1;1;;;1;998
8;1;23;28;28079;;3;2;No inventariada;;9;4;2;;;1;4;1;;;1;998
8;2;0;28;28079;;3;2;No inventariada;;9;10;1;2;;1;4;1;;;10;998
8;5;12;28;28079;;3;2;No inventariada;;9;2;1;1;;1;1;1;;;1;998
8;1;14;28;28079;;3;2;No inventariada;;9;4;2;;;1;1;1;;;1;998
8;1;14;28;28079;;3;2;No inventariada;;9;4;2;;;1;1;1;;;1;998
8;1;13;28;28079;;3;2;No inventariada;;9;2;1;2;;1;1;1;;;1;998
8;7;14;28;28079;;3;2;No inventariada;;9;7;2;;;1;1;1;;;18;998
8;2;10;28;28079;;3;2;No inventariada;;9;7;2;;;1;1;1;;;1;998
8;1;14;28;28079;;3;2;No inventariada;;9;4;1;4;;1;1;1;;;18;998
8;2;7;28;28079;;3;2;No inventariada;;9;3;1;2;;1;1;1;;;1;998
8;2;13;28;28079;;3;2;No inventariada;;9;10;1;2;;1;1;1;;;1;998
8;2;13;28;28079;;3;2;No inventariada;;9;12;1;1;;1;1;1;;;15;998
8;1;21;28;28079;;3;2;No inventariada;;9;4;2;;;1;3;1;;;1;998
8;2;16;28;28079;;3;2;No inventariada;;9;2;2;;;1;1;1;;;1;998
8;1;19;28;28079;;3;2;No inventariada;;9;19;1;2;;2;1;1;;;1;998
7;3;21;28;28079;;3;2;No inventariada;;9;10;1;2;;2;4;1;;;1;998
8;2;17;28;28079;;3;2;No inventariada;;9;16;1;1;;1;1;1;;;1;998
8;1;20;28;28079;;3;2;No inventariada;;9;4;2;;;1;1;1;;;1;998
8;2;19;28;28079;;3;2;No inventariada;;9;2;1;2;;1;1;1;;;1;998
8;2;11;28;28079;;3;2;No inventariada;;9;2;1;5;;1;1;1;;;1;998
8;3;8;28;28079;;3;2;No inventariada;;9;3;2;;;1;1;1;;;1;998
8;2;14;28;28079;;3;2;No inventariada;;9;15;1;5;;1;1;1;;;1;998
8;2;13;28;28079;;3;2;No inventariada;;9;3;2;;;1;1;1;;;1;998
8;3;10;28;28079;;3;2;No inventariada;;9;4;2;;;1;1;1;;;1;998
8;2;10;28;28079;;3;2;No inventariada;;9;10;1;4;;7;1;1;;;1;998
8;3;10;28;28079;;3;2;No inventariada;;9;10;2;;;1;1;1;;;1;998
8;3;11;28;28079;;3;2;No inventariada;;9;3;2;;;1;1;1;;;1;998
8;3;8;28;28079;;3;2;No inventariada;;9;2;2;;;1;1;1;;;1;998
8;2;20;28;28079;;3;2;No inventariada;;9;10;2;;;1;2;1;;;1;998
8;3;15;28;28079;;1;1;M-13;0,1;2;4;2;;;1;1;1;;;1;1
8;3;15;28;28079;;1;1;A-3;13,8;3;4;1;10;M-50;1;1;1;;;1;1
8;3;15;28;28079;;3;2;No inventariada;;9;2;2;;;1;1;1;;;1;998