MES;DIA_SEMANA;HORA;COD_PROVINCIA;COD_MUNICIPIO;ISLA;ZONA;ZONA_AGRUPADA;CARRETERA;KM;TIPO_VIA;TIPO_ACCIDENTE;NUDO;NUDO_INFO;CARRETERA_CRUCE;CONDICION_FIRME;CONDICION_ILUMINACION;CONDICION_METEO;CONDICION_NIEBLA;CONDICION_VIENTO;VISIB_RESTRINGIDA_POR;TRAZADO_PLANTA
8;3;18;28;28079;;3;2;No inventariada;;9;4;1;1;;1;1;1;;;1;998
8;3;18;28;28079;;3;2;No inventariada;;9;1;2;;;1;1;1;;;1;998
7;3;22;28;28079;;3;2;No inventariada;;9;20;2;;;1;3;1;;;1;998
8;3;21;28;28079;;3;2;No inventariada;;9;9;1;10;;1;4;1;;;1;998
8;1;1;28;28079;;3;2;No inventariada;;9;2;2;;;1;4;1;;;1;998
8;2;13;28;28079;;3;2;No inventariada;;9;4;2;;;1;1;1;;;18;998
8;4;9;28;28079;;3;2;No inventariada;;9;4;1;4;;1;1;1;;;18;998
8;4;9;28;28079;;3;2;No inventariada;;9;4;1;1;;1;1;1;;;1;998
8;4;10;28;28079;;3;2;No inventariada;;9;2;1;1;;1;1;1;;;1;998
8;3;13;28;28079;;3;2;No inventariada;;9;2;1;1;;1;1;1;;;1;998
8;4;13;28;28079;;1;1;M-13;0,724;2;4;2;;;1;1;1;;;1;1
8;7;20;28;28079;;3;2;No inventariada;;9;2;2;;;1;1;1;;;6;998
8;3;18;28;28079;;3;2;No inventariada;;9;3;1;12;;1;1;1;;;1;998
8;4;15;28;28079;;3;2;No inventariada;;9;5;2;;;1;1;1;;;1;998
8;3;17;28;28079;;3;2;No inventariada;;9;6;2;;;1;1;1;;;1;998
8;4;14;28;28079;;3;2;No inventariada;;9;2;1;2;;1;1;1;;;18;998
8;4;17;28;28079;;3;2;No inventariada;;9;2;1;1;;1;1;1;;;1;998
8;4;18;28;28079;;3;2;No inventariada;;9;2;1;4;;1;1;1;;;1;998
8;4;19;28;28079;;3;2;No inventariada;;9;2;1;2;;1;1;1;;;1;998
8;4;16;28;28079;;3;2;No inventariada;;9;12;1;4;;1;1;1;;;1;998
8;4;6;28;28079;;3;2;No inventariada;;9;4;2;;;1;2;1;;;1;998
8;4;13;28;28079;;3;2;No inventariada;;9;6;2;;;1;1;1;;;1;998
8;5;9;28;28079;;3;2;No inventariada;;9;3;1;4;;1;1;1;;;1;998
8;4;13;28;28079;;3;2;No inventariada;;9;2;1;5;;1;1;1;;;1;998
8;5;14;28;28079;;3;2;No inventariada;;9;10;1;2;;1;1;1;;;1;998
8;5;14;28;28079;;1;1;M-40;23,8;3;4;2;;;1;1;1;;;1;1
8;5;14;28;28079;;3;2;No inventariada;;9;7;1;1;;1;1;1;;;1;998
8;4;21;28;28079;;3;2;No inventariada;;9;7;2;;;1;3;1;;;1;998
8;5;16;28;28079;;3;2;No inventariada;;9;2;1;1;;1;1;1;;;1;998
8;5;17;28;28079;;3;2;No inventariada;;9;10;1;2;;1;1;1;;;1;998
8;5;17;28;28079;;1;1;M-40;21;3;4;2;;;1;1;1;;;1;2
8;5;20;28;28079;;3;2;No inventariada;;9;10;2;;;1;1;1;;;1;998
8;5;23;28;28079;;3;2;No inventariada;;9;10;2;;;8;4;1;;;1;998
8;6;0;28;28079;;3;2;No inventariada;;9;2;1;1;;1;4;1;;;1;998
8;6;10;28;28079;;3;2;No inventariada;;9;10;1;1;;1;1;1;;;1;998
8;6;10;28;28079;;3;2;No inventariada;;9;10;2;;;3;4;1;;;1;998
8;6;12;28;28079;;3;2;No inventariada;;9;4;1;4;;1;1;1;;;1;998
8;2;18;28;28079;;3;2;No inventariada;;9;6;1;2;;1;1;1;;;1;998
8;5;22;28;28079;;3;2;No inventariada;;9;3;2;;;1;4;1;;;1;998
8;5;22;28;28079;;3;2;No inventariada;;9;10;2;;;1;4;1;;;1;998
8;6;16;28;28079;;3;2;No inventariada;;9;4;1;5;;1;1;1;;;1;998
8;5;17;28;28079;;1;1;M-425;0,01;5;4;2;;;1;1;1;;;1;1
8;6;16;28;28079;;1;1;M-40;28,3;3;7;2;;;1;1;1;;;1;1
8;6;19;28;28079;;3;2;No inventariada;;9;12;1;4;;1;1;1;;;1;998
8;6;22;28;28079;;3;2;No inventariada;;9;4;1;1;;1;4;1;;;1;998
8;7;0;28;28079;;3;2;No inventariada;;9;10;2;;;1;4;1;;;1;998
8;7;6;28;28079;;1;1;M-40;21,361;3;12;2;;;1;4;1;;;18;2
8;7;5;28;28079;;3;2;No inventariada;;9;6;2;;;1;4;1;;;1;998
8;3;13;28;28079;;3;2;No inventariada;;9;2;1;1;;1;1;1;;;9;998
8;6;12;28;28079;;3;2;No inventariada;;9;12;1;2;;1;1;1;;;1;998
8;7;10;28;28079;;3;2;No inventariada;;9;7;1;1;;1;1;1;;;6;998
8;7;9;28;28079;;3;2;No inventariada;;9;7;2;;;1;4;1;;;1;998
8;7;12;28;28079;;3;2;No inventariada;;9;7;2;;;1;1;1;;;1;998
8;7;3;28;28079;;3;2;No inventariada;;9;2;1;1;;1;4;1;;;1;998
8;7;18;28;28079;;3;2;No inventariada;;9;10;2;;;1;1;1;;;1;998
8;7;17;28;28079;;3;2;No inventariada;;9;4;2;;;1;1;1;;;1;998
8;7;20;28;28079;;3;2;No inventariada;;9;9;2;;;1;1;1;;;1;998
8;7;22;28;28079;;3;2;No inventariada;;9;10;2;;;1;4;1;;;1;998
7;3;2;28;28079;;3;2;No inventariada;;9;16;2;;;1;4;1;;;1;998
8;1;0;28;28079;;3;2;No inventariada;;9;4;1;1;;1;4;1;;;1;998
8;1;0;28;28079;;3;2;No inventariada;;9;6;1;1;;1;4;1;;;1;998
8;5;12;28;28079;;3;2;No inventariada;;9;6;2;;;1;1;1;;;1;998
8;1;7;28;28079;;3;2;No inventariada;;9;4;1;1;;1;3;1;;;1;998
8;7;12;28;28079;;3;2;No inventariada;;9;7;2;;;1;1;1;;;1;998
8;1;11;28;28079;;3;2;No inventariada;;9;15;2;;;1;1;1;;;1;998
8;1;12;28;28079;;3;2;No inventariada;;9;2;1;1;;1;1;1;;;1;998
8;1;10;28;28079;;3;2;No inventariada;;9;2;1;1;;1;1;1;;;1;998
8;1;15;28;28079;;3;2;No inventariada;;9;10;1;5;;7;1;1;;;1;998
8;7;5;28;28079;;3;2;No inventariada;;9;5;2;;;1;5;1;;;1;998
8;1;15;28;28079;;3;2;No inventariada;;9;16;1;2;;1;1;1;;;1;998
8;5;15;28;28079;;3;2;No inventariada;;9;10;2;;;1;1;1;;;18;998
8;1;19;28;28079;;3;2;No inventariada;;9;10;2;;;1;1;1;;;1;998
8;1;17;28;28079;;3;2;No inventariada;;9;2;1;5;;1;1;1;;;1;998
8;1;14;28;28079;;3;2;No inventariada;;9;2;2;;;1;1;1;;;1;998
8;4;21;28;28079;;3;2;No inventariada;;9;10;2;;;1;4;1;;;18;998
8;1;19;28;28079;;3;2;No inventariada;;9;1;1;4;;1;1;1;;;1;998
8;1;20;28;28079;;3;2;No inventariada;;9;4;2;;;1;4;1;;;1;998
8;1;0;28;28079;;3;2;No inventariada;;9;10;2;;;1;4;1;;;18;998
8;1;19;28;28079;;3;2;No inventariada;;9;7;1;1;;1;1;1;;;1;998
8;2;0;28;28079;;3;2;No inventariada;;9;10;2;;;8;4;1;;;1;998
8;1;12;28;28079;;3;2;No inventariada;;9;7;2;;;1;1;1;;;1;998
8;2;8;28;28079;;3;2;No inventariada;;9;12;1;2;;1;1;1;;;18;998
8;2;9;28;28079;;3;2;No inventariada;;9;4;2;;;1;1;1;;;1;998
8;1;14;28;28079;;3;2;No inventariada;;9;3;2;;;1;1;1;;;1;998
8;2;8;28;28079;;3;2;No inventariada;;9;3;2;;;1;1;1;;;18;998
8;2;11;28;28079;;3;2;No inventariada;;9;10;1;1;;1;1;1;;;1;998
8;2;9;28;28079;;3;2;No inventariada;;9;10;2;;;1;1;1;;;1;998
8;2;10;28;28079;;3;2;No inventariada;;9;7;2;;;1;1;1;;;1;998
8;2;11;28;28079;;3;2;No inventariada;;9;7;1;1;;1;1;1;;;1;998
8;2;11;28;28079;;3;2;No inventariada;;9;4;2;;;1;1;1;;;1;998
8;1;22;28;28079;;3;2;No inventariada;;9;10;2;;;1;4;1;;;1;998
8;2;14;28;28079;;1;1;M-22;0,3;3;3;1;4;;1;1;1;;;1;2
8;1;21;28;28079;;3;2;No inventariada;;9;2;1;2;;1;4;1;;;1;998
8;2;15;28;28079;;3;2;No inventariada;;9;2;2;;;1;1;1;;;1;998
8;1;15;28;28079;;3;2;No inventariada;;9;10;1;2;;1;1;1;;;1;998
8;2;19;28;28079;;1;1;M-40;59,96;3;4;2;;;1;1;1;;;1;1
8;2;19;28;28079;;3;2;No inventariada;;9;15;1;2;;1;1;1;;;1;998
8;2;19;28;28079;;3;2;No inventariada;;9;3;1;4;;1;1;1;;;1;998
8;2;18;28;28079;;3;2;No inventariada;;9;3;1;1;;1;1;1;;;1;998
8;2;21;28;28079;;3;2;No inventariada;;9;12;1;1;;1;3;1;;;1;998
8;2;23;28;28079;;3;2;No inventariada;;9;10;1;2;;1;4;1;;;1;998
8;2;13;28;28079;;3;2;No inventariada;;9;7;1;1;;1;1;1;;;1;998
8;2;10;28;28079;;3;2;No inventariada;;9;4;1;1;;1;1;1;;;1;998
8;3;10;28;28079;;3;2;No inventariada;;9;7;2;;;1;1;1;;;6;998
8;3;10;28;28079;;3;2;No inventariada;;9;7;1;1;;1;1;1;;;1;998
8;3;11;28;28079;;3;2;No inventariada;;9;7;2;;;1;1;1;;;18;998
8;3;10;28;28079;;3;2;No inventariada;;9;5;2;;;1;1;1;;;1;998
8;3;11;28;28079;;3;2;No inventariada;;9;16;1;1;;1;1;1;;;1;998
8;3;12;28;28079;;3;2;No inventariada;;9;4;1;2;;1;1;1;;;1;998
8;2;21;28;28079;;3;2;No inventariada;;9;2;1;1;;1;4;1;;;1;998
8;3;16;28;28079;;3;2;No inventariada;;9;7;1;2;;1;1;1;;;1;998
8;3;16;28;28079;;3;2;No inventariada;;9;2;1;1;;1;1;1;;;1;998
8;3;14;28;28079;;3;2;No inventariada;;9;10;1;2;;3;1;1;;;1;998
8;3;16;28;28079;;3;2;No inventariada;;9;2;1;2;;1;1;1;;;1;998
8;3;16;28;28079;;3;2;No inventariada;;9;4;2;;;1;1;1;;;1;998
8;7;16;28;28079;;3;2;No inventariada;;9;16;2;;;1;1;1;;;1;998
8;3;14;28;28079;;3;2;No inventariada;;9;2;1;1;;1;1;1;;;1;998
8;3;18;28;28079;;3;2;No inventariada;;9;2;1;5;;1;4;1;;;1;998
8;3;18;28;28079;;1;1;M-40;10,741;3;5;2;;;1;1;1;;;1;1
8;3;19;28;28079;;3;2;No inventariada;;9;10;1;1;;7;1;1;;;1;998
8;3;19;28;28079;;3;2;No inventariada;;9;10;2;;;1;1;1;;;1;998
8;3;21;28;28079;;3;2;No inventariada;;9;7;2;;;1;4;1;;;1;998
8;1;0;28;28079;;1;1;A-1;10,461;3;4;2;;;1;4;1;;;1;1
8;4;0;28;28079;;3;2;No inventariada;;9;10;1;1;;1;4;1;;;1;998
8;4;0;28;28079;;3;2;No inventariada;;9;18;2;;;1;4;1;;;1;998
8;3;5;28;28079;;3;2;No inventariada;;9;2;1;1;;1;4;1;;;1;998
8;4;5;28;28079;;3;2;No inventariada;;9;10;2;;;3;4;3;;;5;998
8;4;5;28;28079;;3;2;No inventariada;;9;6;2;;;3;4;4;;;1;998
8;4;6;28;28079;;3;2;No inventariada;;9;1;1;4;;3;4;3;;;18;998
8;4;7;28;28079;;1;1;M-45;23,803;3;2;2;;;3;4;3;;;5;1
8;4;7;28;28079;;3;2;No inventariada;;9;10;2;;;3;3;3;;;18;998
8;4;7;28;28079;;3;2;No inventariada;;9;2;1;1;;3;1;3;;;1;998
8;4;7;28;28079;;3;2;No inventariada;;9;10;2;;;3;4;3;;;18;998
8;3;12;28;28079;;3;2;No inventariada;;9;7;1;2;;1;1;1;;;1;998
8;4;9;28;28079;;3;2;No inventariada;;9;4;1;4;;3;3;4;;;5;998
8;4;7;28;28079;;3;2;No inventariada;;9;5;2;;;3;3;3;;;5;998
8;2;12;28;28079;;3;2;No inventariada;;9;2;1;2;;1;1;1;;;1;998
8;4;9;28;28079;;3;2;No inventariada;;9;10;2;;;3;1;2;;;1;998
8;3;12;28;28079;;3;2;No inventariada;;9;7;2;;;1;1;1;;;1;998
8;4;11;28;28079;;1;1;M-40;13,7;3;4;2;;;1;1;1;;;1;1
8;4;12;28;28079;;1;1;M-40;23,026;3;4;2;;;1;1;1;;;1;1
8;4;12;28;28079;;3;2;No inventariada;;9;4;1;2;;1;1;2;;;1;998
8;4;7;28;28079;;3;2;No inventariada;;9;6;2;;;3;1;3;;;1;998
8;4;12;28;28079;;3;2;No inventariada;;9;10;2;;;7;1;2;;;1;998
8;4;12;28;28079;;3;2;No inventariada;;9;10;2;;;7;1;2;;;1;998
8;6;17;28;28079;;3;2;No inventariada;;9;2;1;1;;1;1;1;;;1;998
8;4;15;28;28079;;3;2;No inventariada;;9;16;1;1;;3;1;3;;;1;998
8;4;0;28;28079;;3;2;No inventariada;;9;4;2;;;1;4;1;;;1;998
8;1;21;28;28079;;3;2;No inventariada;;9;9;2;;;1;3;1;;;1;998
8;4;6;28;28079;;3;2;No inventariada;;9;10;1;2;;3;3;3;;;5;998
8;4;20;28;28079;;3;2;No inventariada;;9;12;2;;;1;2;1;;;1;998
8;4;19;28;28079;;3;2;No inventariada;;9;2;1;1;;1;1;1;;;1;998
8;4;23;28;28079;;3;2;No inventariada;;9;2;1;4;;1;4;2;;;1;998
8;5;1;28;28079;;3;2;No inventariada;;9;10;2;;;1;4;1;;;1;998
8;4;13;28;28079;;3;2;No inventariada;;9;4;2;;;1;1;1;;;1;998
8;4;12;28;28079;;3;2;No inventariada;;9;12;1;1;;1;1;1;;;1;998
8;7;14;28;28079;;3;2;No inventariada;;9;12;1;10;;1;1;1;;;1;998
8;2;13;28;28079;;3;2;No inventariada;;9;16;1;1;;1;1;1;;;1;998
8;4;11;28;28079;;3;2;No inventariada;;9;2;2;;;3;1;2;;;1;998
8;5;10;28;28079;;3;2;No inventariada;;9;2;1;2;;1;1;1;;;1;998
8;5;12;28;28079;;3;2;No inventariada;;9;2;1;1;;1;1;1;;;1;998
8;4;15;28;28079;;1;1;M-40;5,8;3;3;2;;;1;1;2;;;1;1
8;5;14;28;28079;;3;2;No inventariada;;9;4;2;;;1;1;1;;;1;998
8;5;15;28;28079;;3;2;No inventariada;;9;3;1;4;;1;1;1;;;1;998
8;5;15;28;28079;;3;2;No inventariada;;9;3;2;;;1;1;1;;;1;998
8;5;17;28;28079;;3;2;No inventariada;;9;10;1;2;;1;1;1;;;1;998
8;5;15;28;28079;;3;2;No inventariada;;9;2;1;1;;1;1;1;;;1;998
8;5;15;28;28079;;3;2;No inventariada;;9;7;1;1;;1;1;1;;;1;998
8;5;16;28;28079;;3;2;No inventariada;;9;2;1;1;;1;1;1;;;1;998
8;5;14;28;28079;;3;2;No inventariada;;9;15;1;2;;1;1;1;;;1;998
8;5;19;28;28079;;3;2;No inventariada;;9;7;2;;;1;1;1;;;1;998
8;5;19;28;28079;;1;1;M-40;31,212;3;12;2;;;1;1;2;;;1;2
8;5;18;28;28079;;3;2;No inventariada;;9;2;1;1;;1;1;1;;;1;998
8;5;20;28;28079;;3;2;No inventariada;;9;7;2;;;1;1;1;;;1;998
8;5;19;28;28079;;3;2;No inventariada;;9;4;1;1;;1;1;2;;;1;998
8;5;22;28;28079;;3;2;No inventariada;;9;7;1;2;;1;4;2;;;1;998
8;5;22;28;28079;;3;2;No inventariada;;9;15;2;;;3;4;3;;;1;998
8;5;22;28;28079;;3;2;No inventariada;;9;2;1;1;;1;4;2;;;1;998
8;6;23;28;28079;;3;2;No inventariada;;9;3;1;1;;1;4;1;;;18;998
8;5;23;28;28079;;3;2;No inventariada;;9;2;2;;;1;4;2;;;1;998
8;6;1;28;28079;;3;2;No inventariada;;9;3;2;;;1;3;1;;;1;998
8;5;22;28;28079;;1;1;M-40;47;3;7;1;11;;3;4;2;;;1;1
8;2;5;28;28079;;3;2;No inventariada;;9;2;1;1;;1;4;1;;;1;998
8;6;1;28;28079;;3;2;No inventariada;;9;10;2;;;3;4;2;;;18;998
8;5;23;28;28079;;3;2;No inventariada;;9;10;2;;;4;4;4;;;1;998
8;6;7;28;28079;;3;2;No inventariada;;9;16;2;;;1;1;1;;;1;998
8;6;9;28;28079;;3;2;No inventariada;;9;10;1;1;;3;1;3;;;1;998
8;6;9;28;28079;;3;2;No inventariada;;9;5;1;2;;1;1;2;;;1;998
8;6;11;28;28079;;3;2;No inventariada;;9;10;2;;;3;1;3;;;1;998
8;6;13;28;28079;;3;2;No inventariada;;9;12;2;;;1;1;1;;;1;998
8;5;20;28;28079;0;3;2;No inventariada;;9;12;1;2;;1;1;1;;;18;998
8;6;18;28;28079;;3;2;No inventariada;;9;2;1;1;;1;1;1;;;1;998
8;6;14;28;28079;;3;2;No inventariada;;9;7;2;;;1;1;1;;;1;998
8;6;17;28;28079;;3;2;No inventariada;;9;19;2;;;1;1;1;;;1;998
8;6;18;28;28079;;3;2;No inventariada;;9;2;2;;;1;1;2;;;1;998
8;6;4;28;28079;;3;2;No inventariada;;9;6;2;;;1;4;2;;;18;998
8;6;22;28;28079;;3;2;No inventariada;;9;16;1;1;;1;4;1;;;18;998
9;7;1;28;28079;;3;2;No inventariada;;9;2;1;1;;1;3;1;;;1;998
8;6;23;28;28079;;3;2;No inventariada;;9;10;2;;;1;4;1;;;18;998
9;7;2;28;28079;;3;2;No inventariada;;9;2;1;1;;1;4;1;;;1;998
9;7;2;28;28079;;3;2;No inventariada;;9;4;1;5;;1;4;1;;;1;998
8;6;13;28;28079;;3;2;No inventariada;;9;3;1;1;;1;1;1;;;18;998
9;7;9;28;28079;;3;2;No inventariada;;9;7;2;;;1;1;2;;;18;998
8;6;13;28;28079;;3;2;No inventariada;;9;4;2;;;3;1;2;;;1;998
9;7;10;28;28079;;3;2;No inventariada;;9;10;2;;;3;1;1;;;1;998
9;7;8;28;28079;;3;2;No inventariada;;9;6;1;12;;1;4;2;;;1;998
8;6;22;28;28079;;3;2;No inventariada;;9;10;1;1;;1;4;1;;;1;998
9;7;14;28;28079;;3;2;No inventariada;;9;2;1;4;;1;1;1;;;1;998
8;6;19;28;28079;;3;2;No inventariada;;9;2;1;1;;1;1;2;;;1;998
9;7;13;28;28079;;1;1;A-2;12;3;5;1;10;M-40;1;1;1;;;1;1
9;7;16;28;28079;;3;2;No inventariada;;9;7;1;1;;1;1;1;;;1;998
9;7;4;28;28079;;3;2;No inventariada;;9;10;2;;;1;4;1;;;18;998
9;7;17;28;28079;;3;2;No inventariada;;9;7;2;;;1;1;1;;;1;998
9;7;23;28;28079;;3;2;No inventariada;;9;10;2;;;1;4;1;;;1;998
9;7;6;28;28079;;3;2;No inventariada;;9;10;2;;;3;4;2;;;18;998
9;7;23;28;28079;;3;2;No inventariada;;9;7;1;1;;1;4;1;;;1;998
9;7;6;28;28079;;3;2;No inventariada;;9;2;1;1;;3;4;3;;;1;998
9;7;20;28;28079;;3;2;No inventariada;;9;2;2;;;1;3;1;;;1;998
9;1;8;28;28079;;3;2;No inventariada;;9;2;1;1;;1;1;1;;;1;998
9;1;9;28;28079;;3;2;No inventariada;;9;4;1;4;;1;1;1;;;1;998
9;1;9;28;28079;;3;2;No inventariada;;9;2;1;2;;1;1;1;;;1;998
9;1;8;28;28079;;3;2;No inventariada;;9;3;1;5;;1;1;1;;;1;998
9;1;11;28;28079;;3;2;No inventariada;;9;10;1;1;;1;1;1;;;1;998
9;1;10;28;28079;;3;2;No inventariada;;9;3;2;;;1;1;1;;;1;998
9;1;8;28;28079;;3;2;No inventariada;;9;2;2;;;1;1;1;;;1;998
9;1;12;28;28079;;3;2;No inventariada;;9;4;2;;;1;1;1;;;1;998
9;1;18;28;28079;;3;2;No inventariada;;9;4;2;;;1;1;1;;;1;998
9;1;17;28;28079;;3;2;No inventariada;;9;10;1;1;;1;1;1;;;9;998
9;1;21;28;28079;;3;2;No inventariada;;9;1;1;1;;1;4;1;;;1;998
9;2;1;28;28079;;3;2;No inventariada;;9;10;1;1;;1;4;1;;;1;998
9;1;10;28;28079;;3;2;No inventariada;;9;2;1;4;;1;1;1;;;1;998
9;2;8;28;28079;;3;2;No inventariada;;9;3;2;;;1;1;1;;;1;998
9;2;9;28;28079;;1;1;M-40;21,672;3;4;2;;;1;1;1;;;1;1
9;2;9;28;28079;;3;2;No inventariada;;9;4;2;;;3;1;1;;;6;998
9;2;10;28;28079;;3;2;No inventariada;;9;7;2;;;1;1;1;;;1;998
9;1;13;28;28079;;3;2;No inventariada;;9;2;1;1;;1;1;1;;;1;998
9;2;11;28;28079;;3;2;No inventariada;;9;12;1;1;;1;1;1;;;1;998
9;2;10;28;28079;;3;2;No inventariada;;9;4;2;;;1;1;1;;;1;998
9;2;14;28;28079;;1;1;M-45;16,987;3;10;1;4;;2;1;1;;;1;2
9;2;14;28;28079;;3;2;No inventariada;;9;4;2;;;1;1;1;;;1;998
9;1;15;28;28079;;3;2;No inventariada;;9;3;2;;;1;1;1;;;1;998
9;2;17;28;28079;;3;2;No inventariada;;9;7;2;;;1;1;1;;;1;998
9;1;19;28;28079;;3;2;No inventariada;;9;2;1;1;;1;1;1;;;1;998
8;3;20;28;28079;;3;2;No inventariada;;9;4;2;;;1;1;1;;;1;998
9;2;14;28;28079;;3;2;No inventariada;;9;4;2;;;1;1;1;;;1;998
9;1;22;28;28079;;3;2;No inventariada;;9;2;1;1;;1;4;1;;;10;998
9;7;15;28;28079;;3;2;No inventariada;;9;10;1;2;;1;1;1;;;1;998
9;2;19;28;28079;;3;2;No inventariada;;9;2;1;4;;1;2;1;;;3;998
9;2;20;28;28079;;3;2;No inventariada;;9;10;2;;;1;1;1;;;1;998
9;2;21;28;28079;;3;2;No inventariada;;9;3;1;2;;1;1;1;;;1;998
7;3;20;28;28079;;3;2;No inventariada;;9;10;1;5;;1;1;1;;;1;998
7;5;21;28;28079;;3;2;No inventariada;;9;1;2;;;1;4;1;;;1;998
6;6;23;28;28079;;3;2;No inventariada;;9;14;2;;;1;4;1;;;1;998
9;2;13;28;28079;;3;2;No inventariada;;9;4;1;2;;1;1;1;;;1;998
9;2;13;28;28079;;3;2;No inventariada;;9;4;2;;;1;1;1;;;1;998
9;3;7;28;28079;;3;2;No inventariada;;9;10;2;;;1;1;1;;;1;998
9;3;8;28;28079;;3;2;No inventariada;;9;10;2;;;1;1;1;;;1;998
9;3;7;28;28079;;3;2;No inventariada;;9;10;1;10;;8;6;1;;;18;998
9;2;11;28;28079;;3;2;No inventariada;;9;1;1;2;;1;1;1;;;1;998
9;2;12;28;28079;;3;2;No inventariada;;9;7;1;2;;1;1;1;;;1;998
9;3;9;28;28079;;3;2;No inventariada;;9;2;1;1;;1;1;1;;;1;998
9;3;10;28;28079;;3;2;No inventariada;;9;10;2;;;1;1;1;;;1;998
9;3;11;28;28079;;3;2;No inventariada;;9;4;1;2;;1;1;1;;;1;998
9;2;11;28;28079;;3;2;No inventariada;;9;2;2;;;1;1;1;;;1;998
9;3;10;28;28079;;3;2;No inventariada;;9;4;1;1;;1;1;1;;;1;998
9;3;7;28;28079;;3;2;No inventariada;;9;4;1;2;;1;2;1;;;1;998
9;2;12;28;28079;;1;1;M-40;11,3;3;4;2;;;1;1;1;;;1;1
8;5;14;28;28079;;3;2;No inventariada;;9;4;2;;;1;1;1;;;18;998
9;3;8;28;28079;;3;2;No inventariada;;9;8;2;;;1;2;1;;;12;998
9;3;12;28;28079;;3;2;No inventariada;;9;7;2;;;1;1;1;;;1;998
9;3;11;28;28079;;3;2;No inventariada;;9;10;1;1;;3;1;1;;;1;998
9;3;14;28;28079;;3;2;No inventariada;;9;7;2;;;1;1;1;;;1;998
9;1;20;28;28079;;3;2;No inventariada;;9;10;1;1;;1;1;1;;;1;998
9;2;19;28;28079;;3;2;No inventariada;;9;4;2;;;1;1;1;;;1;998
9;2;20;28;28079;;3;2;No inventariada;;9;10;2;;;2;1;1;;;1;998
9;3;15;28;28079;;3;2;No inventariada;;9;4;1;2;;1;1;1;;;1;998
9;3;14;28;28079;;3;2;No inventariada;;9;4;2;;;1;1;1;;;1;998
9;3;15;28;28079;;3;2;No inventariada;;9;10;1;1;;1;1;1;;;1;998
9;3;16;28;28079;;3;2;No inventariada;;9;5;2;;;1;1;1;;;1;998
9;2;21;28;28079;;3;2;No inventariada;;9;2;1;1;;1;4;1;;;1;998
9;3;14;28;28079;;3;2;No inventariada;;9;7;2;;;1;1;1;;;1;998
9;3;17;28;28079;;3;2;No inventariada;;9;7;1;1;;1;1;1;;;1;998
9;3;16;28;28079;;3;2;No inventariada;;9;5;1;1;;1;1;1;;;1;998
9;3;14;28;28079;;3;2;No inventariada;;9;2;2;;;1;1;1;;;1;998
9;3;17;28;28079;;3;2;No inventariada;;9;10;2;;;1;1;1;;;1;998
9;3;14;28;28079;;3;2;No inventariada;;9;4;2;;;1;1;1;;;1;998
9;3;15;28;28079;;3;2;No inventariada;;9;2;1;2;;1;1;1;;;1;998
9;3;18;28;28079;;3;2;No inventariada;;9;15;1;2;;1;1;1;;;1;998
9;3;14;28;28079;;3;2;No inventariada;;9;5;2;;;1;1;1;;;1;998
9;3;19;28;28079;;3;2;No inventariada;;9;1;1;2;;1;1;1;;;1;998
9;3;19;28;28079;;3;2;No inventariada;;9;2;1;2;;1;1;1;;;1;998
9;3;20;28;28079;;1;1;A-6;11,778;2;2;1;10;M-40;1;1;1;;;1;1
9;3;20;28;28079;;3;2;No inventariada;;9;3;2;;;1;4;1;;;1;998
8;6;18;28;28079;;3;2;No inventariada;;9;4;2;;;1;1;1;;;1;998
9;3;22;28;28079;;3;2;No inventariada;;9;10;1;1;;1;4;1;;;1;998
9;4;0;28;28079;;3;2;No inventariada;;9;6;2;;;1;4;1;;;1;998
9;3;14;28;28079;;3;2;No inventariada;;9;3;1;1;;1;1;1;;;1;998
9;4;7;28;28079;;1;1;A-3;11,7;3;10;2;;;1;1;1;;;1;1
9;3;12;28;28079;;3;2;No inventariada;;9;7;2;;;1;1;1;;;1;998
9;3;21;28;28079;;1;1;M-11;2,79;2;4;2;;;1;3;1;;;1;1
9;4;9;28;28079;;3;2;No inventariada;;9;10;2;;;1;1;1;;;1;998