MES;DIA_SEMANA;HORA;COD_PROVINCIA;COD_MUNICIPIO;ISLA;ZONA;ZONA_AGRUPADA;CARRETERA;KM;TIPO_VIA;TIPO_ACCIDENTE;NUDO;NUDO_INFO;CARRETERA_CRUCE;CONDICION_FIRME;CONDICION_ILUMINACION;CONDICION_METEO;CONDICION_NIEBLA;CONDICION_VIENTO;VISIB_RESTRINGIDA_POR;TRAZADO_PLANTA
9;4;9;28;28079;;1;1;M-40;21,1;3;5;2;;;1;1;1;;;3;1
9;4;11;28;28079;;3;2;No inventariada;;9;4;1;1;;1;1;1;;;1;998
9;4;12;28;28079;;3;2;No inventariada;;9;3;1;2;;1;1;1;;;1;998
9;4;12;28;28079;;3;2;No inventariada;;9;2;1;2;;1;1;1;;;1;998
9;3;19;28;28079;;3;2;No inventariada;;9;1;1;1;;1;1;1;;;1;998
9;4;14;28;28079;;3;2;No inventariada;;9;12;2;;;1;1;1;;;1;998
9;4;15;28;28079;;3;2;No inventariada;;9;3;1;1;;1;1;1;;;1;998
9;4;18;28;28079;;1;1;A-2;14,2;3;5;2;;;1;1;2;;;18;1
9;1;18;28;28079;;3;2;No inventariada;;9;16;1;1;;1;1;1;;;18;998
9;4;15;28;28079;;3;2;No inventariada;;9;2;2;;;1;1;1;;;1;998
9;4;18;28;28079;;3;2;No inventariada;;9;10;2;;;2;1;1;;;1;998
9;4;18;28;28079;;3;2;No inventariada;;9;7;1;1;;1;1;1;;;1;998
9;4;18;28;28079;;3;2;No inventariada;;9;10;1;1;;1;1;1;;;1;998
9;4;19;28;28079;;3;2;No inventariada;;9;7;2;;;1;1;1;;;1;998
9;4;18;28;28079;;3;2;No inventariada;;9;7;2;;;1;1;1;;;9;998
9;4;20;28;28079;;3;2;No inventariada;;9;10;2;;;1;1;1;;;1;998
9;4;20;28;28079;;3;2;No inventariada;;9;2;2;;;1;1;1;;;18;998
9;4;22;28;28079;;3;2;No inventariada;;9;3;2;;;1;4;1;;;1;998
9;5;1;28;28079;;3;2;No inventariada;;9;12;1;4;;1;4;1;;;18;998
9;5;0;28;28079;;3;2;No inventariada;;9;2;1;1;;1;5;1;;;18;998
9;5;1;28;28079;;3;2;No inventariada;;9;15;1;1;;1;4;1;;;1;998
9;5;7;28;28079;;3;2;No inventariada;;9;3;2;;;1;1;1;;;1;998
9;5;6;28;28079;;3;2;No inventariada;;9;4;2;;;1;4;1;;;1;998
9;5;11;28;28079;;1;1;M-40;12,2;3;3;2;;;1;1;1;;;18;4
9;1;12;28;28079;;3;2;No inventariada;;9;12;1;5;;1;1;1;;;1;998
9;3;12;28;28079;;3;2;No inventariada;;9;8;2;;;1;1;1;;;12;998
9;5;8;28;28079;;3;2;No inventariada;;9;2;2;;;1;1;1;;;1;998
9;5;10;28;28079;;3;2;No inventariada;;9;10;2;;;1;1;1;;;1;998
9;5;9;28;28079;;3;2;No inventariada;;9;6;1;12;;1;1;1;;;1;998
9;5;9;28;28079;;3;2;No inventariada;;9;3;2;;;1;1;1;;;1;998
8;7;8;28;28079;;3;2;No inventariada;;9;9;2;;;1;2;1;;;1;998
9;5;14;28;28079;;1;1;A-2;12,5;3;4;2;;;1;1;1;;;18;4
9;4;22;28;28079;;3;2;No inventariada;;9;2;1;1;;1;4;1;;;1;998
9;4;21;28;28079;;3;2;No inventariada;;9;2;1;5;;1;4;1;;;1;998
9;5;16;28;28079;;3;2;No inventariada;;9;2;1;1;;1;1;1;;;1;998
9;5;15;28;28079;;3;2;No inventariada;;9;4;1;4;;1;1;1;;;1;998
9;4;17;28;28079;;3;2;No inventariada;;9;2;1;1;;1;1;1;;;1;998
9;5;16;28;28079;;3;2;No inventariada;;9;6;2;;;1;1;1;;;1;998
9;5;15;28;28079;;3;2;No inventariada;;9;4;2;;;1;1;1;;;1;998
9;5;18;28;28079;;3;2;No inventariada;;9;4;2;;;1;1;1;;;1;998
9;5;17;28;28079;;3;2;No inventariada;;9;4;2;;;1;1;1;;;1;998
9;5;15;28;28079;;3;2;No inventariada;;9;10;1;2;;1;1;1;;;1;998
9;5;20;28;28079;;3;2;No inventariada;;9;7;2;;;1;4;1;;;1;998
9;4;21;28;28079;;3;2;No inventariada;;9;4;2;;;1;4;1;;;1;998
9;5;20;28;28079;;3;2;No inventariada;;9;4;2;;;1;1;1;;;1;998
9;5;20;28;28079;;3;2;No inventariada;;9;1;1;1;;1;1;1;;;1;998
9;5;18;28;28079;;3;2;No inventariada;;9;7;2;;;1;1;1;;;18;998
9;5;22;28;28079;;3;2;No inventariada;;9;10;2;;;2;4;1;;;1;998
9;5;23;28;28079;;3;2;No inventariada;;9;16;2;;;1;4;7;;;1;998
9;6;3;28;28079;;3;2;No inventariada;;9;20;2;;;1;4;1;;;1;998
9;5;14;28;28079;;3;2;No inventariada;;9;10;1;1;;1;1;1;;;1;998
8;4;12;28;28079;;3;2;No inventariada;;9;3;2;;;1;1;1;;;1;998
9;5;12;28;28079;;3;2;No inventariada;;9;2;1;1;;1;1;1;;;1;998
9;6;11;28;28079;;3;2;No inventariada;;9;3;2;;;1;1;1;;;1;998
9;6;11;28;28079;;3;2;No inventariada;;9;7;1;2;;1;1;1;;;6;998
9;6;11;28;28079;;3;2;No inventariada;;9;4;2;;;1;1;1;;;1;998
9;6;10;28;28079;;3;2;No inventariada;;9;2;1;1;;1;1;1;;;1;998
9;6;9;28;28079;;3;2;No inventariada;;9;4;1;12;;1;1;1;;;1;998
9;6;12;28;28079;;3;2;No inventariada;;9;12;1;4;;1;1;1;;;1;998
9;5;18;28;28079;;3;2;No inventariada;;9;2;1;4;;1;1;1;;;1;998
9;6;16;28;28079;;3;2;No inventariada;;9;10;2;;;1;1;1;;;1;998
9;6;2;28;28079;;3;2;No inventariada;;9;2;2;;;1;4;1;;;1;998
8;4;22;28;28079;;3;2;No inventariada;;9;10;1;4;;1;4;1;;;1;998
9;6;19;28;28079;;3;2;No inventariada;;9;10;1;2;;1;1;1;;;1;998
9;6;19;28;28079;;3;2;No inventariada;;9;4;2;;;1;1;1;;;1;998
9;6;19;28;28079;;3;2;No inventariada;;9;12;2;;;1;1;1;;;1;998
9;6;19;28;28079;;3;2;No inventariada;;9;12;1;1;;1;1;1;;;1;998
9;6;19;28;28079;;3;2;No inventariada;;9;4;1;4;;1;1;1;;;1;998
9;6;4;28;28079;;3;2;No inventariada;;9;4;1;10;;1;4;1;;;18;998
9;6;6;28;28079;;3;2;No inventariada;;9;6;2;;;1;4;1;;;1;998
9;7;1;28;28079;;3;2;No inventariada;;9;10;2;;;1;4;1;;;1;998
9;6;23;28;28079;;3;2;No inventariada;;9;2;1;1;;1;4;1;;;1;998
9;7;1;28;28079;;3;2;No inventariada;;9;7;2;;;1;4;1;;;1;998
9;7;3;28;28079;;3;2;No inventariada;;9;2;1;1;;1;4;1;;;1;998
9;7;3;28;28079;;1;1;A-2;7,8;3;4;2;;;1;5;1;;;1;1
9;6;2;28;28079;;3;2;No inventariada;;9;10;2;;;1;4;1;;;1;998
9;7;10;28;28079;;3;2;No inventariada;;9;7;2;;;1;1;1;;;1;998
9;7;10;28;28079;;3;2;No inventariada;;9;2;1;5;;1;1;1;;;12;998
9;7;10;28;28079;;3;2;No inventariada;;9;2;2;;;1;1;1;;;1;998
9;7;11;28;28079;;3;2;No inventariada;;9;3;2;;;1;1;1;;;1;998
9;7;13;28;28079;;3;2;No inventariada;;9;10;2;;;1;1;1;;;1;998
9;6;19;28;28079;;3;2;No inventariada;;9;1;1;1;;1;1;1;;;1;998
9;6;19;28;28079;;3;2;No inventariada;;9;3;1;1;;1;1;1;;;1;998
9;6;14;28;28079;;3;2;No inventariada;;9;2;1;1;;1;1;1;;;1;998
9;7;15;28;28079;;3;2;No inventariada;;9;12;1;2;;1;1;1;;;1;998
9;7;18;28;28079;;3;2;No inventariada;;9;4;1;1;;1;1;1;;;1;998
9;7;19;28;28079;;3;2;No inventariada;;9;10;2;;;1;1;1;;;1;998
9;7;16;28;28079;;3;2;No inventariada;;9;12;1;2;;1;1;1;;;1;998
9;7;6;28;28079;;3;2;No inventariada;;9;10;1;1;;1;4;1;;;1;998
9;7;11;28;28079;;3;2;No inventariada;;9;2;2;;;1;1;1;;;1;998
9;1;7;28;28049;;1;1;M-45;24,377;3;20;2;;;1;4;7;;;18;1
9;1;7;28;28079;;3;2;No inventariada;;9;3;2;;;1;1;1;;;18;998
9;1;8;28;28079;;3;2;No inventariada;;9;4;1;4;;1;2;1;;;18;998
9;5;14;28;28079;;3;2;No inventariada;;9;3;2;;;1;1;1;;;1;998
9;1;7;28;28079;;3;2;No inventariada;;9;4;2;;;1;1;1;;;1;998
9;1;9;28;28079;;3;2;No inventariada;;9;4;2;;;1;1;1;;;1;998
9;1;11;28;28079;;1;1;M-40;15,9;3;5;2;;;1;1;1;;;1;1
9;1;11;28;28079;;3;2;No inventariada;;9;3;2;;;1;1;1;;;1;998
9;1;8;28;28079;;3;2;No inventariada;;9;2;1;2;;1;1;1;;;1;998
9;1;12;28;28079;;3;2;No inventariada;;9;2;1;1;;1;1;1;;;1;998
9;1;12;28;28079;;3;2;No inventariada;;9;6;2;;;1;1;1;;;18;998
9;5;21;28;28079;;3;2;No inventariada;;9;2;2;;;1;4;1;;;1;998
9;5;20;28;28079;;3;2;No inventariada;;9;16;1;1;;1;1;1;;;1;998
9;1;14;28;28079;;3;2;No inventariada;;9;4;1;4;;1;1;1;;;1;998
9;1;14;28;28079;;3;2;No inventariada;;9;4;2;;;1;1;1;;;1;998
9;1;18;28;28079;;3;2;No inventariada;;9;10;2;;;1;1;1;;;1;998
9;1;17;28;28079;;3;2;No inventariada;;9;16;1;1;;1;1;1;;;1;998
9;1;16;28;28079;;3;2;No inventariada;;9;12;1;4;;1;1;1;;;1;998
9;1;18;28;28079;;3;2;No inventariada;;9;3;1;2;;1;1;1;;;18;998
9;4;20;28;28079;;3;2;No inventariada;;9;2;1;2;;1;1;1;;;1;998
9;1;19;28;28079;;3;2;No inventariada;;9;2;1;1;;1;1;1;;;1;998
9;1;19;28;28079;;3;2;No inventariada;;9;4;2;;;1;1;1;;;1;998
9;1;19;28;28079;;3;2;No inventariada;;9;4;1;2;;1;1;1;;;1;998
9;1;20;28;28079;;3;2;No inventariada;;9;10;2;;;1;1;1;;;1;998
9;1;18;28;28079;;3;2;No inventariada;;9;2;1;1;;1;1;1;;;1;998
9;1;17;28;28079;;3;2;No inventariada;;9;4;1;7;;1;1;1;;;1;998
9;1;22;28;28079;;3;2;No inventariada;;9;2;1;1;;1;4;1;;;9;998
9;1;23;28;28079;;3;2;No inventariada;;9;3;2;;;1;4;1;;;1;998
9;1;21;28;28079;;3;2;No inventariada;;9;3;2;;;1;4;1;;;1;998
9;1;12;28;28079;;3;2;No inventariada;;9;7;1;1;;1;1;1;;;1;998
9;1;10;28;28079;;3;2;No inventariada;;9;4;2;;;1;1;1;;;1;998
9;1;9;28;28079;;3;2;No inventariada;;9;2;1;1;;1;1;1;;;1;998
9;1;12;28;28079;;3;2;No inventariada;;9;12;1;2;;1;1;1;;;1;998
9;1;13;28;28079;;3;2;No inventariada;;9;3;2;;;1;1;1;;;1;998
9;1;13;28;28079;;3;2;No inventariada;;9;10;2;;;1;1;1;;;1;998
9;1;14;28;28079;;3;2;No inventariada;;9;3;2;;;1;4;7;;;1;998
9;1;12;28;28079;;3;2;No inventariada;;9;16;1;2;;1;1;1;;;1;998
9;1;9;28;28079;;3;2;No inventariada;;9;4;1;4;;1;1;1;;;1;998
9;2;9;28;28079;;3;2;No inventariada;;9;3;2;;;1;1;1;;;1;998
9;7;7;28;28079;;3;2;No inventariada;;9;10;1;2;;3;1;1;;;1;998
9;2;7;28;28079;;3;2;No inventariada;;9;7;2;;;1;3;2;;;1;998
9;1;11;28;28079;;3;2;No inventariada;;9;4;1;10;;1;1;1;;;1;998
9;2;9;28;28079;;3;2;No inventariada;;9;12;1;2;;1;1;1;;;1;998
9;2;9;28;28079;;3;2;No inventariada;;9;2;1;4;;1;1;1;;;1;998
9;2;10;28;28079;;3;2;No inventariada;;9;4;2;;;1;1;1;;;1;998
9;2;10;28;28079;;3;2;No inventariada;;9;4;2;;;1;1;1;;;1;998
9;2;13;28;28079;;1;1;A-42;9,076;3;4;2;;;1;1;1;;;1;1
9;1;17;28;28079;;3;2;No inventariada;;9;2;1;2;;1;1;1;;;1;998
9;2;14;28;28079;;1;1;M-425;0,005;5;4;2;;;1;1;1;;;1;1
9;5;19;28;28079;;3;2;No inventariada;;9;10;2;;;1;1;1;;;1;998
9;1;18;28;28079;;3;2;No inventariada;;9;4;1;1;;1;1;1;;;1;998
7;5;21;28;28079;;3;2;No inventariada;;9;20;2;;;1;1;1;;;1;998
9;1;20;28;28079;;3;2;No inventariada;;9;7;1;2;;1;1;1;;;6;998
9;7;17;28;28079;;3;2;No inventariada;;9;3;2;;;1;1;1;;;18;998
9;2;15;28;28079;;3;2;No inventariada;;9;3;1;1;;1;1;1;;;1;998
9;2;16;28;28079;;3;2;No inventariada;;9;5;2;;;1;1;1;;;1;998
9;2;14;28;28079;;3;2;No inventariada;;9;7;1;2;;1;1;1;;;1;998
9;2;18;28;28079;;3;2;No inventariada;;9;10;2;;;1;1;1;;;1;998
9;1;19;28;28079;;3;2;No inventariada;;9;3;1;4;;1;1;1;;;1;998
9;2;18;28;28079;;3;2;No inventariada;;9;4;1;4;;1;1;1;;;1;998
9;2;15;28;28079;;3;2;No inventariada;;9;2;1;4;;1;1;1;;;1;998
9;2;16;28;28079;;3;2;No inventariada;;9;2;1;1;;1;1;1;;;1;998
9;5;22;28;28079;;3;2;No inventariada;;9;7;2;;;1;4;1;;;1;998
9;2;17;28;28079;;3;2;No inventariada;;9;4;1;2;;1;1;1;;;18;998
9;2;20;28;28079;;3;2;No inventariada;;9;7;1;1;;1;1;1;;;1;998
9;2;20;28;28079;;3;2;No inventariada;;9;11;2;;;1;2;1;;;1;998
9;1;6;28;28079;;3;2;No inventariada;;9;2;1;1;;1;3;1;;;1;998
9;2;23;28;28079;;3;2;No inventariada;;9;10;2;;;1;4;1;;;1;998
9;7;13;28;28079;;3;2;No inventariada;;9;2;1;1;;1;1;1;;;1;998
9;3;5;28;28079;;3;2;No inventariada;;9;16;1;12;;1;4;1;;;1;998
9;3;9;28;28079;;1;1;M-40;23;3;4;2;;;1;1;1;;;18;1
9;6;8;28;28079;;3;2;No inventariada;;9;4;2;;;1;1;1;;;18;998
9;5;13;28;28079;;3;2;No inventariada;;9;3;2;;;1;1;1;;;1;998
9;2;10;28;28079;;3;2;No inventariada;;9;3;1;1;;1;1;1;;;1;998
9;3;10;28;28079;;3;2;No inventariada;;9;2;1;1;;1;1;1;;;2;998
9;3;9;28;28079;;3;2;No inventariada;;9;7;2;;;1;1;1;;;1;998
9;3;8;28;28079;;3;2;No inventariada;;9;2;1;1;;1;1;1;;;1;998
9;3;12;28;28079;;3;2;No inventariada;;9;10;2;;;1;1;1;;;1;998
9;3;12;28;28079;;3;2;No inventariada;;9;4;1;1;;1;1;1;;;1;998
9;3;11;28;28079;;3;2;No inventariada;;9;7;2;;;1;1;1;;;9;998
9;2;22;28;28079;;3;2;No inventariada;;9;2;1;4;;1;4;1;;;1;998
9;3;15;28;28079;;3;2;No inventariada;;9;6;1;5;;1;1;1;;;1;998
9;2;15;28;28079;;3;2;No inventariada;;9;12;2;;;1;1;1;;;1;998
9;3;17;28;28079;;3;2;No inventariada;;9;16;1;2;;1;1;1;;;1;998
9;2;21;28;28079;;3;2;No inventariada;;9;4;2;;;1;4;1;;;1;998
9;5;17;28;28079;;3;2;No inventariada;;9;4;2;;;1;1;1;;;1;998
9;3;19;28;28079;;3;2;No inventariada;;9;10;2;;;2;2;1;;;1;998
9;3;17;28;28079;;3;2;No inventariada;;9;16;1;1;;1;1;1;;;1;998
9;3;19;28;28079;;3;2;No inventariada;;9;4;1;1;;1;2;1;;;1;998
9;3;18;28;28079;;3;2;No inventariada;;9;7;2;;;1;3;1;;;1;998
9;3;17;28;28079;;3;2;No inventariada;;9;3;2;;;1;1;1;;;1;998
9;3;18;28;28079;;3;2;No inventariada;;9;1;2;;;1;1;1;;;9;998
9;3;15;28;28079;;3;2;No inventariada;;9;4;2;;;1;1;1;;;1;998
9;3;19;28;28079;;3;2;No inventariada;;9;2;1;1;;1;1;1;;;1;998
9;3;15;28;28079;;3;2;No inventariada;;9;3;1;4;;1;1;1;;;1;998
9;3;21;28;28079;;3;2;No inventariada;;9;10;1;1;;1;4;1;;;1;998
9;3;20;28;28079;;3;2;No inventariada;;9;16;1;2;;1;4;1;;;1;998
9;3;22;28;28079;;3;2;No inventariada;;9;10;1;1;;1;4;1;;;1;998
9;4;2;28;28079;;3;2;No inventariada;;9;4;2;;;1;4;1;;;1;998
9;3;7;28;28079;;3;2;No inventariada;;9;4;1;4;;1;3;1;;;1;998
9;3;13;28;28079;;3;2;No inventariada;;9;10;2;;;1;1;1;;;1;998
9;3;13;28;28079;;3;2;No inventariada;;9;2;1;2;;1;1;1;;;1;998
9;4;8;28;28079;;3;2;No inventariada;;9;4;1;2;;1;1;1;;;1;998
9;4;8;28;28079;;3;2;No inventariada;;9;3;2;;;1;1;1;;;1;998
9;4;8;28;28079;;3;2;No inventariada;;9;5;2;;;1;1;1;;;1;998
9;4;9;28;28079;;3;2;No inventariada;;9;12;2;;;1;4;1;;;1;998
9;4;10;28;28079;;3;2;No inventariada;;9;7;2;;;1;1;1;;;1;998
9;4;9;28;28079;;3;2;No inventariada;;9;4;2;;;1;1;1;;;1;998
9;4;10;28;28079;;3;2;No inventariada;;9;4;2;;;1;4;1;;;1;998
9;4;10;28;28079;;3;2;No inventariada;;9;4;1;2;;1;1;1;;;1;998
9;4;11;28;28079;;3;2;No inventariada;;9;2;1;1;;1;1;1;;;18;998
9;4;10;28;28079;;3;2;No inventariada;;9;6;2;;;1;4;1;;;1;998
9;4;10;28;28079;;3;2;No inventariada;;9;12;1;2;;1;1;1;;;1;998
9;4;10;28;28079;;3;2;No inventariada;;9;4;2;;;1;1;1;;;1;998
9;4;10;28;28079;;3;2;No inventariada;;9;10;1;1;;1;1;1;;;2;998
9;4;12;28;28079;;3;2;No inventariada;;9;4;1;4;;1;1;1;;;1;998
9;4;12;28;28079;;3;2;No inventariada;;9;6;2;;;1;1;1;;;1;998
9;4;11;28;28079;;3;2;No inventariada;;9;3;1;1;;1;1;1;;;1;998
9;4;14;28;28079;;3;2;No inventariada;;9;10;1;4;;1;1;1;;;1;998
9;3;19;28;28079;;3;2;No inventariada;;9;2;2;;;1;1;1;;;1;998
9;4;14;28;28079;;3;2;No inventariada;;9;2;1;1;;1;1;1;;;18;998
9;3;21;28;28079;;3;2;No inventariada;;9;2;1;1;;1;4;1;;;1;998
9;4;14;28;28079;;3;2;No inventariada;;9;4;2;;;1;1;1;;;1;998
9;4;15;28;28079;;3;2;No inventariada;;9;3;2;;;1;1;1;;;18;998
9;3;20;28;28079;;3;2;No inventariada;;9;3;2;;;1;4;1;;;1;998
9;4;14;28;28079;;3;2;No inventariada;;9;2;1;1;;1;1;1;;;1;998
9;4;15;28;28079;;3;2;No inventariada;;9;6;1;2;;1;1;1;;;1;998
9;4;15;28;28079;;3;2;No inventariada;;9;4;1;1;;1;1;1;;;1;998
9;4;14;28;28079;;3;2;No inventariada;;9;2;1;2;;1;1;1;;;1;998
9;3;18;28;28079;;3;2;No inventariada;;9;1;1;4;;1;1;1;;;1;998
9;4;19;28;28079;;1;1;M-40;52,236;14;4;2;;;1;1;1;;;1;1
9;4;19;28;28079;;3;2;No inventariada;;9;10;2;;;1;1;1;;;1;998
9;4;19;28;28079;;3;2;No inventariada;;9;2;1;2;;1;1;1;;;1;998
9;4;19;28;28079;;3;2;No inventariada;;9;7;1;4;;1;1;1;;;1;998
9;4;20;28;28079;;3;2;No inventariada;;9;3;2;;;1;4;1;;;1;998
9;4;21;28;28079;;3;2;No inventariada;;9;7;2;;;1;4;1;;;1;998
9;4;21;28;28079;;3;2;No inventariada;;9;2;1;4;;1;4;1;;;1;998
9;4;6;28;28079;;3;2;No inventariada;;9;4;2;;;1;4;1;;;18;998
9;4;23;28;28079;;3;2;No inventariada;;9;2;1;4;;1;4;1;;;1;998
9;4;23;28;28079;;3;2;No inventariada;;9;1;1;1;;1;4;1;;;18;998
9;4;23;28;28079;;3;2;No inventariada;;9;7;2;;;1;4;1;;;1;998
9;4;13;28;28079;;3;2;No inventariada;;9;7;1;2;;1;1;1;;;1;998
9;4;13;28;28079;;3;2;No inventariada;;9;2;1;4;;1;1;1;;;1;998
9;1;11;28;28079;;3;2;No inventariada;;9;4;2;;;1;1;1;;;1;998
9;3;11;28;28079;;3;2;No inventariada;;9;12;1;4;;1;1;1;;;18;998
9;5;8;28;28079;;3;2;No inventariada;;9;7;1;1;;1;1;1;;;1;998
9;5;9;28;28079;;3;2;No inventariada;;9;4;1;10;;1;1;1;;;1;998
9;2;11;28;28079;;3;2;No inventariada;;9;14;1;4;;1;1;1;;;1;998
9;5;9;28;28079;;3;2;No inventariada;;9;7;1;1;;1;1;1;;;6;998
9;4;9;28;28079;;3;2;No inventariada;;9;16;1;1;;1;1;1;;;1;998
9;2;13;28;28079;;3;2;No inventariada;;9;3;1;2;;1;1;1;;;9;998
8;6;12;28;28079;;3;2;No inventariada;;9;2;1;4;;1;1;1;;;1;998
9;5;11;28;28079;;3;2;No inventariada;;9;10;1;1;;1;1;1;;;1;998
9;5;12;28;28079;;3;2;No inventariada;;9;4;1;4;;1;1;1;;;1;998
9;5;12;28;28079;;3;2;No inventariada;;9;4;1;12;;1;1;1;;;1;998
9;5;12;28;28079;;3;2;No inventariada;;9;2;2;;;1;1;1;;;1;998
9;4;17;28;28079;;3;2;No inventariada;;9;10;2;;;1;1;1;;;1;998
9;5;13;28;28079;;3;2;No inventariada;;9;6;2;;;1;1;1;;;1;998
9;5;16;28;28079;;3;2;No inventariada;;9;4;2;;;1;1;1;;;1;998
9;5;15;28;28079;;3;2;No inventariada;;9;4;2;;;1;1;1;;;1;998
9;5;14;28;28079;;3;2;No inventariada;;9;5;2;;;1;1;1;;;1;998
9;5;17;28;28079;;3;2;No inventariada;;9;4;2;;;1;1;1;;;1;998
9;5;18;28;28079;;3;2;No inventariada;;9;7;2;;;1;1;1;;;18;998
9;5;17;28;28079;;3;2;No inventariada;;9;4;2;;;1;1;1;;;1;998
9;5;19;28;28079;;3;2;No inventariada;;9;7;2;;;1;2;1;;;6;998
9;1;19;28;28079;;3;2;No inventariada;;9;4;2;;;1;1;1;;;1;998
9;5;19;28;28079;;3;2;No inventariada;;9;7;2;;;1;1;1;;;1;998
9;5;20;28;28079;;3;2;No inventariada;;9;10;2;;;1;1;1;;;4;998
9;5;22;28;28079;;3;2;No inventariada;;9;2;1;2;;1;4;1;;;1;998
9;6;0;28;28079;;3;2;No inventariada;;9;12;1;1;;1;4;1;;;1;998
9;5;23;28;28079;;3;2;No inventariada;;9;2;1;1;;1;4;1;;;1;998
9;5;23;28;28079;;3;2;No inventariada;;9;10;1;1;;3;3;1;;;1;998
9;2;6;28;28079;;3;2;No inventariada;;9;3;1;1;;1;4;1;;;1;998
9;6;2;28;28079;;3;2;No inventariada;;9;4;2;;;1;4;1;;;1;998
9;6;0;28;28079;;3;2;No inventariada;;9;5;2;;;1;4;1;;;1;998
9;6;0;28;28079;;3;2;No inventariada;;9;10;2;;;1;4;1;;;1;998
9;6;6;28;28079;;3;2;No inventariada;;9;2;1;1;;1;4;1;;;1;998
9;5;13;28;28079;;3;2;No inventariada;;9;7;2;;;1;1;1;;;1;998
9;6;19;28;28079;;3;2;No inventariada;;9;7;1;1;;1;1;1;;;1;998
9;5;13;28;28079;;3;2;No inventariada;;9;7;2;;;1;1;1;;;1;998
9;5;13;28;28079;;3;2;No inventariada;;9;2;1;2;;1;1;1;;;18;998
9;6;7;28;28079;;3;2;No inventariada;;9;10;2;;;1;3;1;;;1;998
9;6;11;28;28079;;3;2;No inventariada;;9;4;1;5;;1;1;1;;;10;998
9;6;11;28;28079;;1;1;M-40;22,1;3;5;2;;;1;1;1;;;1;1
9;6;11;28;28079;;3;2;No inventariada;;9;4;1;4;;1;1;1;;;1;998
9;6;12;28;28079;;3;2;No inventariada;;9;10;1;4;;1;1;1;;;18;998
9;6;15;28;28079;;3;2;No inventariada;;9;2;1;1;;1;1;1;;;1;998
9;6;5;28;28079;;3;2;No inventariada;;9;19;2;;;1;4;1;;;1;998
9;6;16;28;28079;;3;2;No inventariada;;9;2;1;5;;1;1;1;;;1;998
9;6;17;28;28079;;3;2;No inventariada;;9;7;2;;;1;1;1;;;1;998
9;6;23;28;28079;;3;2;No inventariada;;9;6;1;2;;1;4;1;;;1;998
9;7;0;28;28079;;3;2;No inventariada;;9;3;1;2;;1;4;1;;;1;998
9;6;0;28;28079;;3;2;No inventariada;;9;10;2;;;1;4;1;;;1;998
9;6;23;28;28079;;3;2;No inventariada;;9;10;2;;;1;4;1;;;1;998
9;7;3;28;28079;;3;2;No inventariada;;9;3;2;;;1;4;1;;;1;998
9;7;5;28;28079;;3;2;No inventariada;;9;10;1;1;;3;4;1;;;1;998
9;7;4;28;28079;;3;2;No inventariada;;9;1;2;;;1;4;1;;;1;998
9;7;5;28;28079;;3;2;No inventariada;;9;10;2;;;1;4;1;;;1;998
9;6;0;28;28079;;3;2;No inventariada;;9;15;1;4;;1;3;1;;;1;998
9;7;9;28;28079;;3;2;No inventariada;;9;2;1;1;;1;1;1;;;6;998
9;7;11;28;28079;;3;2;No inventariada;;9;10;2;;;2;1;1;;;1;998
9;7;11;28;28079;;3;2;No inventariada;;9;4;1;5;;1;1;1;;;1;998
9;7;12;28;28079;;3;2;No inventariada;;9;10;2;;;1;1;1;;;1;998
9;7;11;28;28079;;3;2;No inventariada;;9;10;2;;;1;1;1;;;1;998
9;7;12;28;28079;;3;2;No inventariada;;9;2;1;1;;1;1;1;;;1;998
9;7;13;28;28079;;3;2;No inventariada;;9;4;1;2;;1;1;1;;;1;998
9;7;10;28;28079;;3;2;No inventariada;;9;7;2;;;1;1;1;;;1;998
9;7;11;28;28079;;3;2;No inventariada;;9;16;1;1;;1;1;1;;;1;998
9;7;11;28;28079;;3;2;No inventariada;;9;16;2;;;1;1;1;;;1;998