MES;DIA_SEMANA;HORA;COD_PROVINCIA;COD_MUNICIPIO;ISLA;ZONA;ZONA_AGRUPADA;CARRETERA;KM;TIPO_VIA;TIPO_ACCIDENTE;NUDO;NUDO_INFO;CARRETERA_CRUCE;CONDICION_FIRME;CONDICION_ILUMINACION;CONDICION_METEO;CONDICION_NIEBLA;CONDICION_VIENTO;VISIB_RESTRINGIDA_POR;TRAZADO_PLANTA
9;7;12;28;28079;;3;2;No inventariada;;9;10;1;1;;1;1;1;;;1;998
9;7;14;28;28079;;3;2;No inventariada;;9;2;1;2;;1;1;1;;;1;998
9;6;21;28;28079;;3;2;No inventariada;;9;19;1;1;;1;4;1;;;1;998
9;7;14;28;28079;;3;2;No inventariada;;9;2;2;;;1;1;1;;;1;998
9;7;16;28;28079;;3;2;No inventariada;;9;2;1;1;;1;1;1;;;18;998
9;7;16;28;28079;;3;2;No inventariada;;9;10;1;2;;1;1;1;;;1;998
9;7;18;28;28079;;3;2;No inventariada;;9;10;2;;;1;1;1;;;1;998
9;6;21;28;28079;;3;2;No inventariada;;9;10;1;2;;1;4;1;;;1;998
9;7;18;28;28079;;3;2;No inventariada;;9;10;1;1;;1;1;1;;;1;998
9;7;19;28;28079;;3;2;No inventariada;;9;10;2;;;1;1;1;;;1;998
9;7;18;28;28079;;3;2;No inventariada;;9;2;1;1;;1;1;1;;;9;998
9;1;0;28;28079;;3;2;No inventariada;;9;10;2;;;1;4;1;;;1;998
9;7;23;28;28079;;3;2;No inventariada;;9;7;1;2;;1;4;1;;;1;998
9;1;0;28;28079;;3;2;No inventariada;;9;5;2;;;1;4;1;;;1;998
9;5;8;28;28079;;3;2;No inventariada;;9;7;2;;;1;1;1;;;1;998
9;5;11;28;28079;;3;2;No inventariada;;9;2;2;;;1;1;1;;;18;998
9;3;23;28;28079;;3;2;No inventariada;;9;12;2;;;1;4;1;;;1;998
9;1;7;28;28079;;3;2;No inventariada;;9;3;1;4;;1;2;1;;;1;998
9;1;8;28;28079;;3;2;No inventariada;;9;4;2;;;1;1;1;;;1;998
9;1;9;28;28079;;3;2;No inventariada;;9;2;1;1;;1;1;1;;;1;998
9;1;9;28;28079;;3;2;No inventariada;;9;2;2;;;1;1;1;;;9;998
9;7;12;28;28079;;3;2;No inventariada;;9;1;2;;;1;1;1;;;1;998
9;1;12;28;28079;;1;1;M-40;23;3;4;2;;;1;1;1;;;1;1
9;1;10;28;28079;;3;2;No inventariada;;9;2;2;;;1;1;1;;;1;998
9;1;8;28;28079;;3;2;No inventariada;;9;2;1;2;;1;1;1;;;1;998
9;1;12;28;28079;;3;2;No inventariada;;9;10;2;;;1;1;1;;;1;998
9;1;10;28;28079;;3;2;No inventariada;;9;10;1;1;;1;1;1;;;1;998
9;1;15;28;28079;;3;2;No inventariada;;9;10;2;;;1;1;1;;;1;998
9;1;15;28;28079;;3;2;No inventariada;;9;2;2;;;1;1;1;;;1;998
9;6;16;28;28079;;3;2;No inventariada;;9;5;2;;;1;1;1;;;18;998
9;5;17;28;28079;;3;2;No inventariada;;9;7;2;;;1;1;1;;;18;998
9;6;21;28;28079;;3;2;No inventariada;;9;2;2;;;1;1;1;;;18;998
9;1;19;28;28079;;3;2;No inventariada;;9;5;1;1;;1;1;1;;;1;998
9;1;19;28;28079;;3;2;No inventariada;;9;2;1;2;;1;1;1;;;1;998
9;4;20;28;28079;;3;2;No inventariada;;9;4;1;2;;1;4;1;;;1;998
9;1;18;28;28079;;3;2;No inventariada;;9;10;2;;;1;1;1;;;1;998
9;1;17;28;28079;;3;2;No inventariada;;9;4;2;;;1;1;1;;;1;998
9;7;12;28;28079;;3;2;No inventariada;;9;10;2;;;1;1;1;;;11;998
9;7;13;28;28079;;3;2;No inventariada;;9;4;2;;;1;1;1;;;1;998
9;1;13;28;28079;;3;2;No inventariada;;9;4;2;;;1;1;1;;;1;998
9;1;8;28;28079;;3;2;No inventariada;;9;2;1;2;;1;1;1;;;9;998
9;2;8;28;28079;;3;2;No inventariada;;9;4;1;2;;1;1;1;;;1;998
9;2;8;28;28079;;3;2;No inventariada;;9;3;1;1;;1;1;1;;;18;998
9;2;8;28;28079;;3;2;No inventariada;;9;12;1;1;;1;1;1;;;1;998
9;2;8;28;28079;;3;2;No inventariada;;9;7;2;;;1;1;1;;;6;998
9;2;8;28;28079;;3;2;No inventariada;;9;10;2;;;1;4;1;;;1;998
9;2;9;28;28079;;3;2;No inventariada;;9;16;1;1;;1;1;1;;;1;998
9;2;8;28;28079;;3;2;No inventariada;;9;6;1;2;;1;1;1;;;1;998
6;5;14;28;28079;;3;2;No inventariada;;9;15;1;12;;1;3;1;;;1;998
9;2;10;28;28079;;3;2;No inventariada;;9;7;2;;;1;1;1;;;1;998
9;2;8;28;28079;;3;2;No inventariada;;9;12;1;1;;1;1;1;;;1;998
9;5;12;28;28079;;3;2;No inventariada;;9;2;1;2;;1;1;1;;;1;998
9;2;9;28;28079;;3;2;No inventariada;;9;3;1;2;;1;1;1;;;1;998
9;2;12;28;28079;;3;2;No inventariada;;9;10;2;;;1;1;1;;;1;998
9;2;13;28;28079;;3;2;No inventariada;;9;2;2;;;1;1;1;;;1;998
9;1;21;28;28079;;3;2;No inventariada;;9;8;2;;;1;4;1;;;1;998
9;2;14;28;28079;;3;2;No inventariada;;9;2;1;2;;1;1;1;;;1;998
9;6;23;28;28079;;3;2;No inventariada;;9;4;2;;;1;4;1;;;1;998
9;2;15;28;28079;;3;2;No inventariada;;9;2;1;1;;1;1;1;;;1;998
9;2;15;28;28079;;3;2;No inventariada;;9;7;2;;;1;1;1;;;1;998
9;1;20;28;28079;;3;2;No inventariada;;9;2;1;1;;1;4;1;;;1;998
9;2;16;28;28079;;3;2;No inventariada;;9;7;2;;;1;1;1;;;1;998
9;2;17;28;28079;;3;2;No inventariada;;9;7;2;;;1;1;1;;;9;998
9;2;15;28;28079;;3;2;No inventariada;;9;3;2;;;1;1;1;;;1;998
9;2;15;28;28079;;3;2;No inventariada;;9;10;2;;;1;1;1;;;1;998
9;1;19;28;28079;;3;2;No inventariada;;9;10;2;;;1;1;1;;;18;998
9;2;14;28;28079;;3;2;No inventariada;;9;7;2;;;1;1;1;;;18;998
9;2;18;28;28079;;3;2;No inventariada;;9;5;2;;;1;1;1;;;1;998
9;2;18;28;28079;;3;2;No inventariada;;9;12;1;4;;1;1;1;;;1;998
9;2;21;28;28079;;3;2;No inventariada;;9;10;2;;;1;4;1;;;18;998
9;6;22;28;28079;;3;2;No inventariada;;9;4;1;5;;1;4;1;;;1;998
9;2;23;28;28079;;3;2;No inventariada;;9;10;2;;;1;4;1;;;1;998
9;2;12;28;28079;;3;2;No inventariada;;9;4;2;;;1;1;1;;;1;998
9;2;12;28;28079;;3;2;No inventariada;;9;10;1;2;;1;1;1;;;1;998
9;1;8;28;28079;;3;2;No inventariada;;9;2;2;;;1;1;1;;;1;998
9;2;14;28;28079;;3;2;No inventariada;;9;12;1;2;;1;1;1;;;1;998
9;3;10;28;28079;;3;2;No inventariada;;9;4;2;;;1;1;1;;;1;998
9;5;11;28;28079;;3;2;No inventariada;;9;7;2;;;1;1;1;;;1;998
9;2;10;28;28079;;3;2;No inventariada;;9;5;2;;;1;1;1;;;1;998
9;3;8;28;28079;;3;2;No inventariada;;9;4;1;2;;1;1;1;;;1;998
9;3;9;28;28079;;3;2;No inventariada;;9;4;2;;;1;1;1;;;1;998
9;3;12;28;28079;;3;2;No inventariada;;9;7;2;;;1;1;1;;;9;998
9;2;14;28;28079;;3;2;No inventariada;;9;7;2;;;1;1;1;;;1;998
9;2;20;28;28079;;3;2;No inventariada;;9;3;2;;;1;1;1;;;1;998
9;2;19;28;28079;;3;2;No inventariada;;9;12;2;;;1;1;1;;;18;998
9;3;15;28;28079;;3;2;No inventariada;;9;10;2;;;1;1;1;;;1;998
9;3;15;28;28079;;3;2;No inventariada;;9;5;1;1;;1;1;1;;;1;998
9;3;17;28;28079;;3;2;No inventariada;;9;15;2;;;1;1;1;;;1;998
9;2;20;28;28079;;3;2;No inventariada;;9;7;1;2;;1;1;1;;;1;998
9;3;17;28;28079;;3;2;No inventariada;;9;4;1;1;;1;1;1;;;1;998
9;3;16;28;28079;;3;2;No inventariada;;9;2;1;4;;1;1;1;;;1;998
9;3;19;28;28079;;3;2;No inventariada;;9;6;2;;;1;1;1;;;1;998
9;3;17;28;28079;;3;2;No inventariada;;9;2;1;1;;1;1;1;;;1;998
9;3;19;28;28079;;3;2;No inventariada;;9;2;2;;;1;1;1;;;1;998
9;3;20;28;28079;;3;2;No inventariada;;9;16;1;10;;1;3;1;;;1;998
9;5;16;28;28079;;1;1;A-5;11;3;4;2;;;1;1;1;;;1;1
9;3;20;28;28079;;3;2;No inventariada;;9;16;2;;;1;1;1;1;;18;998
9;2;5;28;28079;;3;2;No inventariada;;9;1;1;12;;1;4;1;;;18;998
9;4;0;28;28079;;3;2;No inventariada;;9;10;2;;;1;4;1;;;1;998
9;2;14;28;28079;;3;2;No inventariada;;9;2;1;1;;1;1;1;;;2;998
9;2;8;28;28079;;3;2;No inventariada;;9;6;2;;;1;1;1;;;1;998
9;3;12;28;28079;;3;2;No inventariada;;9;12;1;2;;1;1;1;;;1;998
9;4;9;28;28079;;3;2;No inventariada;;9;10;1;1;;1;1;1;;;1;998
9;4;10;28;28079;;3;2;No inventariada;;9;8;2;;;1;1;1;;;1;998
9;3;7;28;28079;;3;2;No inventariada;;9;11;1;5;;1;3;1;;;1;998
9;4;9;28;28079;;3;2;No inventariada;;9;4;2;;;1;1;1;;;1;998
9;4;11;28;28079;;3;2;No inventariada;;9;6;2;;;1;4;1;;;18;998
9;4;9;28;28079;;3;2;No inventariada;;9;3;2;;;1;1;2;;;1;998
9;3;19;28;28079;;3;2;No inventariada;;9;3;1;2;;1;1;1;;;1;998
9;3;20;28;28079;;3;2;No inventariada;;9;3;2;;;1;1;1;;;18;998
9;4;13;28;28079;;3;2;No inventariada;;9;10;1;2;;1;1;2;;;1;998
9;4;14;28;28079;;3;2;No inventariada;;9;2;2;;;1;1;2;;;1;998
9;4;16;28;28079;;3;2;No inventariada;;9;3;2;;;1;1;1;;;1;998
9;3;17;28;28079;;3;2;No inventariada;;9;10;2;;;1;1;1;;;1;998
9;4;17;28;28079;;1;1;M-40;34,465;3;5;2;;;1;1;2;;;18;1
9;4;17;28;28079;;3;2;No inventariada;;9;7;1;2;;1;1;2;;;1;998
9;4;18;28;28079;;3;2;No inventariada;;9;4;1;1;;3;3;4;;;5;998
9;4;19;28;28079;;1;1;A-2;12,6;3;5;2;;;3;2;1;;;1;1
9;4;19;28;28079;;1;1;A-42;8,25;3;10;2;;;3;1;3;;;18;1
9;4;18;28;28079;;3;2;No inventariada;;9;2;1;1;;3;2;4;;;5;998
9;4;19;28;28079;;3;2;No inventariada;;9;4;2;;;3;3;4;;;18;998
9;4;18;28;28079;;3;2;No inventariada;;9;4;1;2;;3;2;4;;;5;998
9;4;21;28;28079;;3;2;No inventariada;;9;4;1;4;;3;4;2;;;1;998
9;4;22;28;28079;;3;2;No inventariada;;9;10;2;;;3;4;3;;;1;998
9;2;3;28;28079;;3;2;No inventariada;;9;12;1;2;;1;4;1;;;1;998
9;4;23;28;28079;;3;2;No inventariada;;9;4;2;;;1;4;1;;;1;998
9;4;21;28;28079;;3;2;No inventariada;;9;16;1;2;;1;4;1;;;1;998
9;4;23;28;28079;;3;2;No inventariada;;9;18;2;;;3;4;2;;;1;998
9;4;23;28;28079;;3;2;No inventariada;;9;4;2;;;9;4;2;;;1;998
9;4;23;28;28079;;3;2;No inventariada;;9;3;2;;;3;4;3;;;1;998
9;3;9;28;28079;;3;2;No inventariada;;9;10;2;;;1;1;1;;;1;998
9;4;8;28;28079;;3;2;No inventariada;;9;10;1;10;;7;1;2;;;1;998
9;5;8;28;28079;;3;2;No inventariada;;9;2;1;1;;3;2;3;;;1;998
9;5;10;28;28079;;3;2;No inventariada;;9;2;1;1;;3;1;2;;;18;998
9;4;8;28;28079;;3;2;No inventariada;;9;2;1;1;;1;1;1;;;18;998
9;5;8;28;28079;;3;2;No inventariada;;9;10;1;1;;1;1;1;;;1;998
9;4;14;28;28079;;3;2;No inventariada;;9;7;2;;;1;1;2;;;9;998
9;5;9;28;28079;;3;2;No inventariada;;9;2;1;2;;1;1;1;;;18;998
9;5;14;28;28079;;3;2;No inventariada;;9;7;2;;;1;1;1;;;1;998
9;5;15;28;28079;;3;2;No inventariada;;9;10;1;1;;1;1;2;;;1;998
9;4;20;28;28079;;3;2;No inventariada;;9;2;2;;;1;2;1;;;1;998
9;5;15;28;28079;;3;2;No inventariada;;9;12;1;1;;1;1;1;;;1;998
9;5;15;28;28079;;3;2;No inventariada;;9;4;2;;;1;1;1;;;1;998
9;5;15;28;28079;;3;2;No inventariada;;9;4;2;;;3;1;2;;;1;998
9;5;15;28;28079;;3;2;No inventariada;;9;7;2;;;1;1;1;;;1;998
9;4;18;28;28079;;3;2;No inventariada;;9;3;2;;;3;2;4;;;1;998
9;5;18;28;28079;;1;1;M-40;10,6;3;5;2;;;1;1;1;;;1;1
9;1;16;28;28079;;3;2;No inventariada;;9;1;2;;;1;1;1;;;1;998
9;5;14;28;28079;;3;2;No inventariada;;9;2;1;2;;1;1;1;;;1;998
9;4;18;28;28079;;3;2;No inventariada;;9;4;1;2;;3;1;3;;;18;998
9;5;18;28;28079;;3;2;No inventariada;;9;4;2;;;1;1;1;;;1;998
9;3;16;28;28079;;3;2;No inventariada;;9;3;1;4;;1;1;1;;;1;998
9;5;18;28;28079;;3;2;No inventariada;;9;4;1;12;;1;1;2;;;1;998
9;5;18;28;28079;;3;2;No inventariada;;9;4;2;;;1;1;1;;;1;998
9;5;19;28;28079;;3;2;No inventariada;;9;12;1;1;;1;1;1;;;18;998
9;5;19;28;28079;;3;2;No inventariada;;9;10;2;;;1;1;2;;;1;998
9;5;19;28;28079;;3;2;No inventariada;;9;4;2;;;1;1;2;;;1;998
9;5;23;28;28079;;3;2;No inventariada;;9;4;1;1;;3;4;3;;;1;998
9;5;22;28;28079;;3;2;No inventariada;;9;5;1;5;;1;4;1;;;10;998
9;6;2;28;28079;;3;2;No inventariada;;9;2;1;5;;1;4;1;;;1;998
9;6;3;28;28079;;3;2;No inventariada;;9;10;2;;;1;3;1;;;1;998
9;6;1;28;28079;;3;2;No inventariada;;9;10;2;;;8;4;2;;;1;998
9;6;3;28;28079;;3;2;No inventariada;;9;7;2;;;1;4;1;;;14;998
9;6;3;28;28079;;3;2;No inventariada;;9;12;1;1;;1;3;1;;;1;998
9;4;14;28;28079;;3;2;No inventariada;;9;10;2;;;1;1;1;;;1;998
9;6;9;28;28079;;1;1;M-50;29,163;2;4;2;;;1;1;2;;;1;1
9;6;10;28;28079;;3;2;No inventariada;;9;10;1;1;;3;1;2;;;1;998
9;6;10;28;28079;;3;2;No inventariada;;9;7;2;;;1;1;1;;;1;998
9;6;11;28;28079;;3;2;No inventariada;;9;6;1;2;;1;1;1;;;1;998
9;4;18;28;28079;;3;2;No inventariada;;9;4;2;;;1;4;7;;;1;998
9;6;19;28;28079;;3;2;No inventariada;;9;2;1;1;;1;1;1;;;3;998
9;6;20;28;28079;;3;2;No inventariada;;9;10;2;;;2;1;1;;;1;998
9;6;6;28;28079;;3;2;No inventariada;;9;2;1;1;;3;4;2;;;1;998
9;6;23;28;28079;;3;2;No inventariada;;9;10;2;;;2;3;1;;;1;998
9;6;22;28;28074;;1;1;M-40;25,686;3;16;2;;;1;4;1;;;1;4
9;6;23;28;28079;;3;2;No inventariada;;9;4;1;1;;1;4;2;;;1;998
9;7;1;28;28079;;3;2;No inventariada;;9;2;1;4;;1;4;1;;;1;998
9;6;5;28;28079;;3;2;No inventariada;;9;2;1;1;;1;4;1;;;1;998
9;7;3;28;28079;;3;2;No inventariada;;9;10;2;;;3;4;1;;;1;998
9;7;1;28;28079;;3;2;No inventariada;;9;2;1;1;;1;4;1;;;1;998
9;6;23;28;28079;;3;2;No inventariada;;9;10;2;;;1;4;1;;;1;998
9;7;3;28;28079;;3;2;No inventariada;;9;7;2;;;1;4;1;;;1;998
9;7;7;28;28079;;3;2;No inventariada;;9;3;2;;;1;4;1;;;1;998
9;6;9;28;28079;;3;2;No inventariada;;9;10;2;;;1;1;1;;;1;998
9;6;14;28;28079;;3;2;No inventariada;;9;4;2;;;1;1;7;;;18;998
9;7;10;28;28079;;3;2;No inventariada;;9;2;2;;;1;1;1;;;1;998
9;7;11;28;28079;;3;2;No inventariada;;9;3;1;12;;1;1;1;;;18;998
9;7;8;28;28079;;3;2;No inventariada;;9;4;1;4;;1;1;1;;;1;998
9;7;11;28;28079;;3;2;No inventariada;;9;4;1;2;;1;1;1;;;1;998
9;7;14;28;0;;1;1;M-221;29,907;6;1;2;;;1;1;1;;;1;2
9;7;14;28;28079;;3;2;No inventariada;;9;10;1;1;;1;1;1;;;1;998
9;7;16;28;28079;;3;2;No inventariada;;9;10;1;5;;1;1;1;;;1;998
9;7;15;28;28079;;3;2;No inventariada;;9;2;1;1;;1;1;1;;;1;998
9;7;17;28;28079;;3;2;No inventariada;;9;2;1;5;;1;1;1;;;1;998
9;6;20;28;28079;;3;2;No inventariada;;9;6;2;;;1;4;1;;;18;998
9;4;16;28;28079;;3;2;No inventariada;;9;10;2;;;1;1;2;;;1;998
9;7;17;28;28079;;3;2;No inventariada;;9;2;2;;;1;1;1;;;1;998
9;6;20;28;28079;;3;2;No inventariada;;9;2;1;2;;1;4;7;;;1;998
9;7;13;28;28079;;3;2;No inventariada;;9;7;1;1;;1;1;1;;;12;998
9;7;18;28;28079;;3;2;No inventariada;;9;10;2;;;1;1;1;;;18;998
9;7;14;28;28079;;3;2;No inventariada;;9;7;2;;;1;1;1;;;1;998
9;6;18;28;28079;;3;2;No inventariada;;9;12;2;;;1;1;1;;;1;998
9;6;18;28;28079;;3;2;No inventariada;;9;2;1;2;;1;1;1;;;1;998
9;7;22;28;28079;;3;2;No inventariada;;9;4;2;;;1;4;1;;;1;998
9;1;7;28;28079;;3;2;No inventariada;;9;10;1;4;;1;3;1;;;2;998
9;1;9;28;28079;;3;2;No inventariada;;9;7;2;;;1;1;1;;;16;998
9;1;9;28;28079;;3;2;No inventariada;;9;4;1;2;;1;1;1;;;2;998
9;7;10;28;28079;;3;2;No inventariada;;9;6;2;;;1;1;1;;;1;998
9;7;13;28;28079;;3;2;No inventariada;;9;2;1;2;;1;1;1;;;18;998
9;7;11;28;28079;;3;2;No inventariada;;9;1;2;;;1;1;1;;;1;998
9;1;12;28;28079;;3;2;No inventariada;;9;10;1;2;;1;1;1;;;1;998
9;5;13;28;28079;;3;2;No inventariada;;9;3;2;;;1;1;1;;;1;998
9;4;23;28;28079;;3;2;No inventariada;;9;12;1;2;;1;3;1;;;1;998
9;1;8;28;28079;;3;2;No inventariada;;9;5;2;;;1;1;1;;;1;998
9;7;21;28;28079;;3;2;No inventariada;;9;2;1;1;;1;4;1;;;18;998
9;1;14;28;28079;;3;2;No inventariada;;9;4;1;4;;1;1;1;;;1;998
9;1;15;28;28079;;3;2;No inventariada;;9;4;2;;;1;1;1;;;1;998
9;1;15;28;28079;;3;2;No inventariada;;9;2;1;1;;1;1;1;;;1;998
9;7;21;28;28079;;3;2;No inventariada;;9;10;1;1;;1;4;1;;;1;998
9;3;18;28;28079;;3;2;No inventariada;;9;10;1;1;;1;1;1;;;1;998
9;1;14;28;28079;;3;2;No inventariada;;9;4;1;1;;1;1;1;;;1;998
9;1;17;28;28079;;3;2;No inventariada;;9;2;1;1;;1;1;1;;;1;998
9;1;16;28;28079;;3;2;No inventariada;;9;4;2;;;1;1;1;;;1;998
9;1;17;28;28079;;3;2;No inventariada;;9;7;2;;;1;1;1;;;18;998
9;1;18;28;28079;;3;2;No inventariada;;9;2;2;;;1;1;1;;;9;998
9;1;14;28;28079;;3;2;No inventariada;;9;12;1;1;;1;1;1;;;1;998
9;1;15;28;28079;;3;2;No inventariada;;9;19;1;2;;1;1;1;;;1;998
9;1;18;28;28079;;3;2;No inventariada;;9;10;2;;;1;1;7;1;;1;998
9;1;19;28;28079;;3;2;No inventariada;;9;4;1;2;;1;1;1;;;1;998
9;1;18;28;28079;;3;2;No inventariada;;9;2;1;1;;1;1;1;;;1;998
9;1;16;28;28079;;3;2;No inventariada;;9;2;1;1;;1;1;1;;;1;998
9;1;18;28;28079;;3;2;No inventariada;;9;4;2;;;1;1;1;;;18;998
9;1;20;28;28079;;3;2;No inventariada;;9;4;1;4;;1;4;1;;;1;998
9;1;19;28;28079;;3;2;No inventariada;;9;2;1;1;;1;1;2;;;18;998
9;7;21;28;28079;;3;2;No inventariada;;9;7;2;;;1;4;1;;;1;998
9;1;22;28;28079;;3;2;No inventariada;;9;10;2;;;1;4;1;;;1;998
9;2;2;28;28079;;3;2;No inventariada;;9;4;1;1;;1;4;1;;;1;998
9;1;7;28;28079;;3;2;No inventariada;;9;3;2;;;1;2;1;;;1;998
9;1;13;28;28079;;3;2;No inventariada;;9;3;1;1;;1;1;1;;;1;998
9;2;8;28;28079;;3;2;No inventariada;;9;4;1;1;;1;1;1;;;1;998
9;1;13;28;28079;;3;2;No inventariada;;9;2;1;2;;1;1;1;;;18;998
9;2;9;28;28079;;3;2;No inventariada;;9;3;2;;;1;1;1;;;18;998
9;2;11;28;28079;;3;2;No inventariada;;9;2;1;4;;1;1;1;;;1;998
9;2;8;28;28079;;3;2;No inventariada;;9;2;1;2;;1;1;1;;;1;998
9;7;21;28;28079;;3;2;No inventariada;;9;2;1;2;;1;4;1;;;1;998
9;2;15;28;28079;;3;2;No inventariada;;9;4;2;;;1;1;2;;;1;998
9;2;16;28;28079;;3;2;No inventariada;;9;7;1;1;;1;1;2;;;1;998
9;2;16;28;28079;;3;2;No inventariada;;9;4;2;;;1;4;1;;;1;998
9;2;18;28;28079;;3;2;No inventariada;;9;2;1;2;;1;1;1;;;1;998
9;2;14;28;28079;;3;2;No inventariada;;9;1;1;1;;1;1;1;;;1;998
9;2;17;28;28079;;3;2;No inventariada;;9;2;1;1;;1;1;1;;;6;998
9;1;20;28;28079;;3;2;No inventariada;;9;10;1;2;;1;3;1;;;18;998
9;1;18;28;28079;;3;2;No inventariada;;9;12;2;;;1;1;1;;;1;998
9;2;18;28;28079;;3;2;No inventariada;;9;2;1;1;;1;1;1;;;1;998
9;2;21;28;28079;;1;1;M-40;10,519;3;4;2;;;1;4;7;;;1;1
9;2;23;28;28079;;3;2;No inventariada;;9;3;2;;;1;4;1;;;17;998
9;1;6;28;28079;;3;2;No inventariada;;9;2;1;1;;1;4;1;;;1;998
9;3;7;28;28079;;3;2;No inventariada;;9;10;1;4;;1;3;2;;;1;998
9;2;12;28;28079;;1;1;M-40;18,649;3;10;2;;;8;6;1;;;1;2
9;2;13;28;28079;;3;2;No inventariada;;9;2;2;;;1;1;1;;;1;998
9;3;9;28;28079;;1;1;M-40;18,586;8;18;2;;;1;1;1;;;18;2
9;3;8;28;28079;;3;2;No inventariada;;9;4;2;;;1;1;2;;;1;998
9;3;7;28;28079;;3;2;No inventariada;;9;3;2;;;1;2;1;;;1;998
9;3;9;28;28079;;3;2;No inventariada;;9;2;1;1;;1;1;1;;;1;998
9;3;11;28;28079;;3;2;No inventariada;;9;4;2;;;1;1;2;;;1;998
9;5;12;28;28079;;3;2;No inventariada;;9;2;1;2;;1;1;1;;;18;998
9;3;10;28;28079;;3;2;No inventariada;;9;4;1;12;;1;1;2;;;10;998
9;3;8;28;28079;;3;2;No inventariada;;9;2;1;1;;1;1;2;;;1;998
9;3;11;28;28079;;3;2;No inventariada;;9;7;2;;;1;1;1;;;1;998
9;2;14;28;28079;;3;2;No inventariada;;9;6;2;;;1;1;1;;;1;998
9;3;11;28;28079;;3;2;No inventariada;;9;4;2;;;1;1;1;;;1;998
9;3;9;28;28079;;3;2;No inventariada;;9;3;2;;;1;1;1;;;1;998
9;1;12;28;28079;;3;2;No inventariada;;9;3;2;;;1;1;1;;;1;998
9;2;22;28;28079;;3;2;No inventariada;;9;4;2;;;1;4;1;;;18;998
9;7;20;28;28079;;3;2;No inventariada;;9;7;2;;;1;3;1;;;1;998
9;2;22;28;28079;;3;2;No inventariada;;9;10;2;;;2;4;1;;;1;998
9;4;19;28;28079;;3;2;No inventariada;;9;4;2;;;8;3;3;;;18;998
9;3;15;28;28079;;2;2;M-40;32,5;3;4;2;;;1;1;2;;;1;1
9;3;15;28;28079;;3;2;No inventariada;;9;2;2;;;1;4;1;;;1;998
9;3;17;28;28079;;3;2;No inventariada;;9;7;2;;;1;1;1;;;1;998
9;3;17;28;28079;;3;2;No inventariada;;9;4;1;1;;1;1;1;;;1;998
9;3;16;28;28079;;3;2;No inventariada;;9;4;2;;;1;1;2;;;1;998
9;3;17;28;28079;;3;2;No inventariada;;9;5;2;;;1;1;1;;;1;998
9;2;19;28;28079;;3;2;No inventariada;;9;5;2;;;1;1;1;;;1;998
9;3;15;28;28079;;3;2;No inventariada;;9;12;2;;;1;1;1;;;1;998
9;3;18;28;28079;;3;2;No inventariada;;9;5;2;;;1;2;1;;;1;998
9;3;19;28;28079;;3;2;No inventariada;;9;3;1;5;;1;1;1;;;1;998
9;3;17;28;28079;;3;2;No inventariada;;9;2;1;1;;1;1;1;;;1;998
9;3;18;28;28079;;3;2;No inventariada;;9;10;1;1;;8;1;2;;;1;998
9;3;18;28;28079;;3;2;No inventariada;;9;2;2;;;1;1;1;;;1;998
9;3;23;28;28079;;3;2;No inventariada;;9;10;1;4;;3;4;3;;;1;998
9;3;22;28;28079;;3;2;No inventariada;;9;10;2;;;1;4;2;;;1;998
9;3;12;28;28079;;3;2;No inventariada;;9;7;1;2;;1;1;1;;;1;998
9;4;7;28;28079;;3;2;No inventariada;;9;10;2;;;1;3;1;;;1;998
9;4;9;28;28079;;3;2;No inventariada;;9;4;1;2;;1;1;1;;;1;998
9;4;7;28;28079;;3;2;No inventariada;;9;5;2;;;1;3;2;;;1;998
9;4;9;28;28079;;3;2;No inventariada;;9;2;1;1;;1;1;1;;1;1;998
9;4;9;28;28079;;3;2;No inventariada;;9;7;1;2;;1;1;1;;;6;998
9;4;11;28;28079;;3;2;No inventariada;;9;2;1;1;;1;1;2;;;1;998