MES;DIA_SEMANA;HORA;COD_PROVINCIA;COD_MUNICIPIO;ISLA;ZONA;ZONA_AGRUPADA;CARRETERA;KM;TIPO_VIA;TIPO_ACCIDENTE;NUDO;NUDO_INFO;CARRETERA_CRUCE;CONDICION_FIRME;CONDICION_ILUMINACION;CONDICION_METEO;CONDICION_NIEBLA;CONDICION_VIENTO;VISIB_RESTRINGIDA_POR;TRAZADO_PLANTA
9;4;8;28;28079;;3;2;No inventariada;;9;12;2;;;1;1;1;;;1;998
9;3;10;28;28079;;1;1;M-40;27,3;3;3;2;;;1;1;1;;;1;1
9;4;11;28;28079;;3;2;No inventariada;;9;4;2;;;1;1;1;;;1;998
9;2;17;28;28079;;3;2;No inventariada;;9;2;1;4;;1;1;1;;;1;998
9;4;15;28;28079;;3;2;No inventariada;;9;2;1;5;;1;1;1;;;1;998
9;4;16;28;28079;;3;2;No inventariada;;9;2;1;2;;1;1;1;;;1;998
9;4;16;28;28079;;3;2;No inventariada;;9;7;2;;;1;1;2;;;17;998
9;4;14;28;28079;;3;2;No inventariada;;9;2;2;;;6;1;1;;;1;998
9;5;14;28;28079;;3;2;No inventariada;;9;2;2;;;1;1;2;;;1;998
9;4;16;28;28079;;3;2;No inventariada;;9;19;2;;;1;1;1;;1;1;998
9;4;14;28;28079;0;3;2;No inventariada;;9;3;1;4;;1;1;1;;;1;998
9;4;14;28;28079;;3;2;No inventariada;;9;10;1;2;;1;1;1;;;1;998
9;4;20;28;28079;;3;2;No inventariada;;9;10;2;;;1;2;1;;;1;998
9;4;16;28;28079;;3;2;No inventariada;;9;2;2;;;1;1;1;;;1;998
9;4;18;28;28079;;3;2;No inventariada;;9;2;1;1;;1;1;1;;;1;998
9;4;16;28;28079;;3;2;No inventariada;;9;16;1;2;;1;1;2;;1;1;998
9;4;19;28;28079;;3;2;No inventariada;;9;2;1;1;;1;2;1;;;1;998
9;4;18;28;28079;;3;2;No inventariada;;9;4;2;;;1;1;1;;;1;998
9;5;1;28;28079;;1;1;A-5;10,7;3;4;2;;;1;4;1;;;1;1
9;5;2;28;28079;;3;2;No inventariada;;9;15;2;;;1;4;1;;;18;998
9;5;5;28;28079;;3;2;No inventariada;;9;10;2;;;1;4;1;;;1;998
9;4;14;28;28079;;3;2;No inventariada;;9;2;2;;;1;1;1;;;1;998
9;4;8;28;28079;;3;2;No inventariada;;9;2;1;1;;1;1;1;;;1;998
9;4;14;28;28079;;3;2;No inventariada;;9;2;1;2;;1;1;1;;;18;998
9;5;7;28;28079;;3;2;No inventariada;;9;4;1;11;;1;4;1;;;18;998
9;5;8;28;28079;;3;2;No inventariada;;9;12;1;2;;1;1;1;;;1;998
9;5;9;28;28079;;3;2;No inventariada;;9;4;1;4;;1;1;1;;;6;998
9;5;7;28;28079;;3;2;No inventariada;;9;2;1;5;;1;4;1;;;1;998
9;5;11;28;28079;;3;2;No inventariada;;9;7;2;;;1;1;1;;;1;998
9;5;10;28;28079;;3;2;No inventariada;;9;4;1;1;;1;1;1;;;1;998
9;5;10;28;28079;;3;2;No inventariada;;9;2;2;;;1;1;1;;;1;998
9;4;20;28;28079;;3;2;No inventariada;;9;7;1;1;;1;1;1;;;1;998
9;5;12;28;28079;;3;2;No inventariada;;9;7;2;;;1;1;1;;;1;998
9;5;14;28;28079;;3;2;No inventariada;;9;10;1;1;;1;1;1;;;1;998
9;4;18;28;28079;;3;2;No inventariada;;9;2;1;5;;1;2;1;;;1;998
9;5;14;28;28079;;3;2;No inventariada;;9;4;2;;;1;4;1;;;1;998
9;4;21;28;28079;;3;2;No inventariada;;9;4;1;2;;1;4;1;;;9;998
9;4;19;28;28079;;3;2;No inventariada;;9;3;1;1;;1;3;1;;;1;998
9;5;14;28;28079;;3;2;No inventariada;;9;3;2;;;1;1;1;;;1;998
9;5;17;28;28079;;3;2;No inventariada;;9;10;2;;;1;1;1;;;1;998
9;5;15;28;28079;;3;2;No inventariada;;9;7;2;;;1;1;1;;;1;998
9;5;14;28;28079;;3;2;No inventariada;;9;2;1;1;;1;1;1;;;1;998
9;5;15;28;28079;;3;2;No inventariada;;9;4;2;;;1;1;1;;;1;998
9;4;21;28;28079;;3;2;No inventariada;;9;12;2;;;1;4;1;;;18;998
9;5;18;28;28079;;1;1;A-2;8,9;3;5;1;2;;1;1;1;;;1;1
9;5;18;28;28079;;3;2;No inventariada;;9;4;2;;;1;1;1;;;1;998
9;5;18;28;28079;;3;2;No inventariada;;9;10;2;;;2;1;1;;;1;998
9;5;17;28;28079;;3;2;No inventariada;;9;2;1;1;;1;1;1;;;1;998
9;5;19;28;28079;;3;2;No inventariada;;9;4;2;;;1;3;1;;;6;998
9;5;19;28;28079;;3;2;No inventariada;;9;4;1;2;;1;1;1;;;1;998
9;5;18;28;28079;;3;2;No inventariada;;9;7;2;;;1;1;1;;;1;998
9;7;22;28;28079;;3;2;No inventariada;;9;4;2;;;1;4;1;;;18;998
9;6;2;28;28079;;3;2;No inventariada;;9;2;2;;;1;4;1;;;1;998
9;5;14;28;28079;;3;2;No inventariada;;9;3;1;1;;1;1;1;;;1;998
9;5;14;28;28079;;3;2;No inventariada;;9;5;2;;;1;1;1;;;1;998
9;6;9;28;28079;;3;2;No inventariada;;9;2;1;1;;1;1;1;;;1;998
9;4;13;28;28079;;3;2;No inventariada;;9;4;2;;;1;1;1;;;1;998
9;6;7;28;28079;;3;2;No inventariada;;9;2;1;1;;1;4;1;;;1;998
9;6;13;28;28079;;1;1;M-203;1,5;6;4;1;4;M-203;1;1;1;;;1;2
9;6;12;28;28079;;3;2;No inventariada;;9;10;2;;;1;1;1;;;12;998
9;6;13;28;28079;;3;2;No inventariada;;9;10;1;4;;1;1;1;;;1;998
9;6;6;28;28079;;3;2;No inventariada;;9;7;1;2;;1;4;1;;;1;998
9;6;14;28;28079;;1;1;M-40;24,9;3;4;2;;;1;1;1;;;1;1
9;6;15;28;28079;;3;2;No inventariada;;9;3;1;4;;1;1;1;;;1;998
9;6;16;28;28079;;1;1;M-40;14,643;3;4;2;;;1;1;1;;;1;1
9;6;16;28;28079;;3;2;No inventariada;;9;7;2;;;1;1;1;;;1;998
9;5;16;28;28079;;3;2;No inventariada;;9;2;1;1;;1;1;1;;;1;998
9;6;19;28;28079;;3;2;No inventariada;;9;10;1;5;;1;1;1;;;1;998
9;6;18;28;28079;;3;2;No inventariada;;9;2;1;4;;1;1;1;;;1;998
9;6;12;28;28079;;1;1;M-40;11,266;3;4;2;;;1;1;1;;;1;1
9;6;16;28;28079;;3;2;No inventariada;;9;10;1;1;;1;1;1;;;1;998
9;6;20;28;28079;;1;1;M-40;21,6;3;5;2;;;1;3;1;;;18;1
9;6;19;28;28079;;3;2;No inventariada;;9;7;2;;;1;3;1;;;1;998
9;6;22;28;28079;;3;2;No inventariada;;9;7;1;2;;1;4;1;;;1;998
9;7;3;28;28079;;3;2;No inventariada;;9;1;2;;;1;4;1;;;18;998
9;7;3;28;28079;;3;2;No inventariada;;9;10;2;;;1;4;1;;;1;998
8;7;20;28;28079;;3;2;No inventariada;;9;3;1;1;;1;1;1;;;1;998
9;7;6;28;28079;;3;2;No inventariada;;9;2;1;1;;1;4;1;;;1;998
9;5;14;28;28079;;3;2;No inventariada;;9;2;1;2;;1;1;1;;;1;998
9;6;9;28;28079;;3;2;No inventariada;;9;7;2;;;1;1;1;;;1;998
9;6;13;28;28079;;3;2;No inventariada;;9;7;1;2;;1;1;1;;;18;998
9;7;9;28;28079;;3;2;No inventariada;;9;2;1;4;;1;1;1;;;6;998
9;6;14;28;28079;;3;2;No inventariada;;9;4;2;;;1;1;1;;;1;998
9;6;12;28;28079;;3;2;No inventariada;;9;7;2;;;1;1;1;;;1;998
9;6;7;28;28079;;3;2;No inventariada;;9;12;2;;;1;3;1;;;1;998
9;3;11;28;28079;;3;2;No inventariada;;9;3;2;;;1;1;2;;;1;998
9;7;12;28;28079;;3;2;No inventariada;;9;3;1;1;;1;1;1;;;1;998
9;7;15;28;28079;;3;2;No inventariada;;9;4;2;;;1;1;1;;;18;998
9;7;15;28;28079;;3;2;No inventariada;;9;10;1;11;;2;1;1;;;1;998
9;7;16;28;28079;;1;1;M-203;7,5;6;3;2;;;1;1;1;;;1;1
9;7;15;28;28079;;3;2;No inventariada;;9;7;1;1;;1;1;1;;;1;998
9;7;16;28;28079;;3;2;No inventariada;;9;4;2;;;1;1;1;;;1;998
9;7;15;28;28079;;3;2;No inventariada;;9;4;1;4;;2;1;1;;;1;998
9;7;15;28;28079;;3;2;No inventariada;;9;7;2;;;1;1;1;;;18;998
9;6;22;28;28079;;3;2;No inventariada;;9;10;1;2;;1;4;1;;;1;998
9;6;22;28;28079;;3;2;No inventariada;;9;2;2;;;1;4;1;;;1;998
9;7;12;28;28079;;3;2;No inventariada;;9;4;2;;;1;1;1;;;1;998
9;7;12;28;28079;;3;2;No inventariada;;9;4;1;2;;1;1;1;;;1;998
9;5;12;28;28079;;3;2;No inventariada;;9;2;1;1;;1;1;1;;;1;998
9;1;7;28;28079;;3;2;No inventariada;;9;10;1;1;;1;2;1;;;1;998
9;1;8;28;28079;;3;2;No inventariada;;9;4;2;;;1;1;1;;;6;998
9;5;12;28;28079;;3;2;No inventariada;;9;1;1;2;;1;1;1;;;1;998
9;1;8;28;28079;;3;2;No inventariada;;9;3;2;;;1;1;1;;;1;998
9;1;8;28;28079;;3;2;No inventariada;;9;2;1;4;;1;1;1;;;1;998
9;1;10;28;28079;;3;2;No inventariada;;9;10;1;1;;3;1;1;;;18;998
9;1;9;28;28079;;3;2;No inventariada;;9;1;2;;;2;1;1;;;18;998
9;1;9;28;28079;;3;2;No inventariada;;9;7;2;;;1;1;1;;;1;998
9;7;14;28;28079;;3;2;No inventariada;;9;1;2;;;1;1;1;;;9;998
9;1;10;28;28079;;3;2;No inventariada;;9;2;2;;;1;1;1;;;1;998
9;1;12;28;28079;;3;2;No inventariada;;9;4;1;2;;1;1;1;;;1;998
9;1;8;28;28079;;3;2;No inventariada;;9;5;1;1;;1;1;1;;;1;998
9;1;8;28;28079;;3;2;No inventariada;;9;4;2;;;1;3;1;;;1;998
9;1;9;28;28079;;3;2;No inventariada;;9;10;2;;;1;1;1;;;1;998
9;7;21;28;28079;;3;2;No inventariada;;9;7;1;1;;1;4;1;;;1;998
9;1;14;28;28079;;3;2;No inventariada;;9;3;2;;;1;1;1;;;1;998
9;1;15;28;28079;;3;2;No inventariada;;9;12;1;2;;1;1;1;;;1;998
9;1;14;28;28079;;3;2;No inventariada;;9;2;1;1;;1;1;1;;;1;998
9;1;17;28;28079;;3;2;No inventariada;;9;5;1;1;;1;1;1;;;6;998
9;1;17;28;28079;;3;2;No inventariada;;9;2;1;2;;1;1;1;;;1;998
9;1;16;28;28079;;3;2;No inventariada;;9;2;2;;;1;1;1;;;1;998
9;1;18;28;28079;;3;2;No inventariada;;9;2;1;2;;1;1;1;;;1;998
9;1;14;28;28079;;3;2;No inventariada;;9;7;2;;;1;1;1;;;18;998
9;1;17;28;28079;;3;2;No inventariada;;9;7;2;;;1;1;1;;;18;998
9;1;19;28;28079;;1;1;M-11;1,3;2;4;2;;;1;1;1;;;6;1
9;1;18;28;28079;;3;2;No inventariada;;9;7;2;;;1;1;1;;;9;998
9;7;20;28;28079;;3;2;No inventariada;;9;4;2;;;1;4;1;;;1;998
9;1;20;28;28079;;3;2;No inventariada;;9;4;2;;;1;3;1;;;1;998
9;1;18;28;28079;;3;2;No inventariada;;9;4;1;2;;1;1;1;;;1;998
9;1;19;28;28079;;3;2;No inventariada;;9;10;1;2;;1;4;1;;;1;998
9;3;6;28;28079;;3;2;No inventariada;;9;2;1;5;;1;3;1;;;1;998
10;2;0;28;28079;;3;2;No inventariada;;9;10;2;;;1;4;1;;;1;998
10;2;0;28;28079;;3;2;No inventariada;;9;9;2;;;1;3;1;;;1;998
9;1;22;28;28079;;3;2;No inventariada;;9;2;1;4;;1;4;1;;;1;998
9;4;6;28;28079;;3;2;No inventariada;;9;4;2;;;1;2;1;;;1;998
9;1;13;28;28079;;1;1;M-40;57,7;3;12;1;10;M-607;1;1;1;;;1;1
9;7;13;28;28079;;3;2;No inventariada;;9;20;1;4;;1;1;1;;;1;998
10;2;6;28;28079;;1;1;A-3;10,1;3;10;2;;;1;4;1;;;1;1
9;1;9;28;28079;;3;2;No inventariada;;9;2;2;;;1;1;1;;;1;998
9;1;11;28;28079;;3;2;No inventariada;;9;2;1;2;;1;1;1;;;1;998
10;2;7;28;28079;;3;2;No inventariada;;9;10;2;;;1;2;1;;;1;998
10;2;8;28;28079;;3;2;No inventariada;;9;4;2;;;1;1;1;;;9;998
10;2;8;28;28079;;3;2;No inventariada;;9;3;1;2;;1;1;1;;;18;998
10;2;12;28;28079;;1;1;A-6;14,202;2;15;2;;;1;1;1;;;1;1
9;1;9;28;28079;;3;2;No inventariada;;9;7;2;;;1;1;1;;;6;998
10;2;11;28;28079;;3;2;No inventariada;;9;4;1;1;;1;1;1;;;1;998
10;2;12;28;28079;;3;2;No inventariada;;9;7;1;1;;1;1;1;;;1;998
10;2;8;28;28079;;3;2;No inventariada;;9;7;2;;;1;1;1;;;1;998
9;1;21;28;28079;;3;2;No inventariada;;9;7;1;1;;1;3;1;;;1;998
10;2;14;28;28079;;3;2;No inventariada;;9;7;1;2;;1;1;1;;;1;998
9;1;17;28;28079;;3;2;No inventariada;;9;4;2;;;1;1;1;;;1;998
9;1;20;28;28079;;3;2;No inventariada;;9;2;2;;;1;4;1;;;1;998
10;2;15;28;28079;;3;2;No inventariada;;9;2;1;2;;1;1;1;;;1;998
10;2;15;28;28079;;3;2;No inventariada;;9;3;1;2;;1;1;1;;;1;998
10;2;15;28;28079;;3;2;No inventariada;;9;3;1;2;;1;1;1;;;18;998
10;2;17;28;28079;;3;2;No inventariada;;9;16;2;;;1;1;1;;;6;998
9;2;18;28;28079;;3;2;No inventariada;;9;5;2;;;1;1;1;;;1;998
9;6;20;28;28079;;3;2;No inventariada;;9;10;2;;;1;4;1;;;1;998
10;2;18;28;28079;;3;2;No inventariada;;9;2;2;;;1;1;1;;;1;998
10;2;16;28;28079;;3;2;No inventariada;;9;3;1;1;;1;1;1;;;1;998
10;2;17;28;28079;;3;2;No inventariada;;9;2;2;;;1;1;1;;;1;998
10;2;14;28;28079;;3;2;No inventariada;;9;7;2;;;1;1;1;;;1;998
9;2;16;28;28079;;3;2;No inventariada;;9;4;1;4;;1;1;1;;;1;998
10;2;18;28;28079;;3;2;No inventariada;;9;10;2;;;1;1;1;;;1;998
9;7;16;28;28079;;3;2;No inventariada;;9;2;1;12;;1;1;1;;;9;998
10;2;16;28;28079;;3;2;No inventariada;;9;10;2;;;1;1;1;;;1;998
9;1;21;28;28079;;3;2;No inventariada;;9;2;1;4;;1;4;1;;;1;998
10;2;14;28;28079;;3;2;No inventariada;;9;16;1;4;;1;1;1;;;1;998
9;6;21;28;28079;;3;2;No inventariada;;9;5;2;;;1;4;1;;;18;998
10;2;19;28;28079;;3;2;No inventariada;;9;7;2;;;1;3;1;;;18;998
10;2;18;28;28079;;3;2;No inventariada;;9;3;2;;;1;1;1;;;1;998
10;2;17;28;28079;;3;2;No inventariada;;9;4;2;;;1;1;1;;;6;998
10;2;17;28;28079;;3;2;No inventariada;;9;16;1;2;;1;1;1;;;18;998
10;2;20;28;28079;;3;2;No inventariada;;9;4;2;;;1;4;1;;;18;998
10;2;18;28;28079;;1;1;M-500;2,5;5;4;2;;;1;2;1;;;1;1
9;7;6;28;28079;;3;2;No inventariada;;9;3;1;5;;1;3;1;;;1;998
10;2;23;28;28079;;3;2;No inventariada;;9;6;2;;;1;4;1;;;1;998
10;2;23;28;28079;;3;2;No inventariada;;9;2;1;2;;1;4;1;;;1;998
9;1;11;28;28079;;3;2;No inventariada;;9;4;2;;;1;1;1;;;1;998
9;1;14;28;28079;;1;1;M-40;11,3;3;5;2;;;1;1;1;;;1;1
10;2;11;28;28079;;3;2;No inventariada;;9;10;1;1;;1;1;1;;;1;998
10;3;7;28;28079;;3;2;No inventariada;;9;10;1;1;;1;4;1;;;1;998
10;3;7;28;28079;;3;2;No inventariada;;9;2;1;4;;1;3;1;;;1;998
10;3;9;28;28079;;3;2;No inventariada;;9;2;2;;;1;1;1;;;1;998
10;2;12;28;28079;;3;2;No inventariada;;9;4;1;5;;1;1;1;;;1;998
10;3;9;28;28079;;3;2;No inventariada;;9;7;1;2;;1;1;1;;;6;998
10;3;7;28;28079;;3;2;No inventariada;;9;4;1;2;;1;3;1;;;1;998
10;3;9;28;28079;;3;2;No inventariada;;9;2;1;2;;1;1;1;;;1;998
10;3;9;28;28079;;3;2;No inventariada;;9;4;2;;;1;1;1;;;18;998
10;3;10;28;28079;;3;2;No inventariada;;9;7;2;;;1;1;1;;;1;998
9;1;12;28;28079;;3;2;No inventariada;;9;7;1;2;;1;1;1;;;1;998
10;3;12;28;28079;;3;2;No inventariada;;9;4;1;1;;1;1;1;;;18;998
9;7;11;28;28079;;3;2;No inventariada;;9;4;2;;;1;1;1;;;1;998
10;3;12;28;28079;;3;2;No inventariada;;9;5;1;2;;1;1;1;;;18;998
10;3;12;28;28079;;3;2;No inventariada;;9;6;2;;;1;1;1;;;1;998
10;2;21;28;28079;;3;2;No inventariada;;9;4;1;1;;1;4;1;;;1;998
10;2;20;28;28079;;3;2;No inventariada;;9;2;1;1;;1;4;1;;;18;998
10;3;15;28;28079;;3;2;No inventariada;;9;4;1;2;;1;1;2;;;1;998
10;3;15;28;28079;;3;2;No inventariada;;9;10;1;2;;1;1;2;;;1;998
10;3;15;28;28079;;3;2;No inventariada;;9;4;2;;;1;1;1;;;1;998
10;2;21;28;28079;;3;2;No inventariada;;9;12;1;1;;1;3;1;;;1;998
10;2;19;28;28079;;3;2;No inventariada;;9;7;1;1;;1;1;1;;;1;998
10;3;15;28;28079;;3;2;No inventariada;;9;4;1;2;;1;1;2;;;1;998
10;2;17;28;28079;;3;2;No inventariada;;9;4;2;;;1;1;1;;;1;998
10;3;19;28;28079;;3;2;No inventariada;;9;10;2;;;3;1;3;;;1;998
10;3;17;28;28079;;3;2;No inventariada;;9;4;2;;;1;1;2;;;1;998
10;3;14;28;28079;;3;2;No inventariada;;9;3;2;;;1;1;1;;;1;998
10;3;20;28;28079;;3;2;No inventariada;;9;10;1;2;;3;4;3;;;1;998
10;3;19;28;28079;;3;2;No inventariada;;9;10;2;;;3;3;3;;;1;998
10;3;19;28;28079;;3;2;No inventariada;;9;10;1;4;;3;2;3;;;1;998
10;3;14;28;28079;;3;2;No inventariada;;9;4;2;;;1;1;1;;;1;998
10;3;17;28;28079;;3;2;No inventariada;;9;10;2;;;1;4;2;;;1;998
10;3;5;28;28079;;3;2;No inventariada;;9;4;1;2;;1;4;1;;;1;998
9;1;5;28;28079;;3;2;No inventariada;;9;7;2;;;1;4;1;;;1;998
10;3;13;28;28079;;3;2;No inventariada;;9;2;2;;;1;1;1;;;1;998
10;2;11;28;28079;;3;2;No inventariada;;9;2;1;2;;1;1;1;;;1;998
10;3;9;28;28079;;3;2;No inventariada;;9;10;2;;;1;1;1;;;9;998
10;3;13;28;28079;;3;2;No inventariada;;9;12;1;1;;1;1;1;;;1;998
10;3;12;28;28079;;3;2;No inventariada;;9;6;2;;;1;1;2;;;1;998
10;3;12;28;28079;;3;2;No inventariada;;9;7;2;;;1;1;1;;;1;998
9;2;12;28;28079;;3;2;No inventariada;;9;4;2;;;1;1;1;;;1;998
10;3;20;28;28079;;3;2;No inventariada;;9;12;1;1;;1;1;1;;;1;998
10;4;15;28;28006;;1;1;A-1;13,094;3;10;2;;;1;1;1;;;1;2
10;4;15;28;28079;;3;2;No inventariada;;9;2;1;1;;1;1;1;;;1;998
10;4;15;28;28079;;3;2;No inventariada;;9;16;1;1;;1;1;1;;;18;998
10;3;19;28;28079;;3;2;No inventariada;;9;10;2;;;3;2;3;;;1;998
10;4;14;28;28079;;3;2;No inventariada;;9;2;1;2;;1;1;1;;;1;998
10;2;20;28;28079;;3;2;No inventariada;;9;2;1;2;;1;1;1;;;1;998
10;2;20;28;28079;;3;2;No inventariada;;9;7;1;1;;1;4;1;;;1;998
10;4;18;28;28079;;3;2;No inventariada;;9;7;1;2;;1;1;1;;;18;998
10;4;15;28;28079;;3;2;No inventariada;;9;2;1;11;;1;1;1;;;1;998
10;3;19;28;28079;;3;2;No inventariada;;9;2;2;;;3;3;3;;;1;998
10;4;17;28;28079;;3;2;No inventariada;;9;7;2;;;1;1;1;;;9;998
10;4;19;28;28079;;3;2;No inventariada;;9;2;1;1;;1;1;1;;;1;998
10;4;16;28;28079;;3;2;No inventariada;;9;4;2;;;1;1;1;;;1;998
9;2;20;28;28079;;3;2;No inventariada;;9;4;2;;;1;3;1;;;1;998
10;3;19;28;28079;;3;2;No inventariada;;9;5;2;;;3;4;3;;;1;998
10;4;20;28;28079;;3;2;No inventariada;;9;4;2;;;1;4;1;;;18;998
10;4;15;28;28079;;3;2;No inventariada;;9;6;1;2;;1;1;1;;;1;998
9;1;4;28;28079;;3;2;No inventariada;;9;9;2;;;1;4;1;;;1;998
9;5;20;28;28079;;3;2;No inventariada;;9;6;2;;;1;4;1;;;1;998
10;4;5;28;28079;;3;2;No inventariada;;9;7;2;;;1;4;1;;;1;998
10;5;4;28;28079;;3;2;No inventariada;;9;10;1;4;;1;4;1;;;1;998
10;3;23;28;28079;;3;2;No inventariada;;9;2;1;1;;1;3;1;;;1;998
10;4;9;28;28079;;3;2;No inventariada;;9;4;2;;;1;1;1;;;1;998
10;4;14;28;28079;;3;2;No inventariada;;9;4;2;;;1;1;1;;;1;998
9;2;9;28;28079;;3;2;No inventariada;;9;1;1;1;;1;1;1;;;9;998
10;5;5;28;28079;;1;1;M-500;0,5;5;16;1;12;A-6;1;4;1;;;1;3
10;5;9;28;28079;;3;2;No inventariada;;9;14;2;;;1;1;1;;;1;998
10;5;10;28;28079;;3;2;No inventariada;;9;2;1;2;;1;1;1;;;1;998
10;5;9;28;28079;;3;2;No inventariada;;9;2;1;2;;1;1;1;;;6;998
10;5;9;28;28079;;3;2;No inventariada;;9;2;1;2;;1;1;1;;;6;998
10;3;12;28;28079;;3;2;No inventariada;;9;7;2;;;1;1;1;;;1;998
10;5;10;28;28079;;3;2;No inventariada;;9;4;1;1;;1;1;1;;;1;998
10;5;8;28;28079;;3;2;No inventariada;;9;1;1;1;;1;1;1;;;1;998
10;4;10;28;28079;;3;2;No inventariada;;9;10;2;;;1;1;1;;;1;998
10;4;21;28;28079;;3;2;No inventariada;;9;12;1;2;;1;4;1;;;1;998
9;1;20;28;28079;;3;2;No inventariada;;9;2;1;1;;1;4;1;;;1;998
10;5;14;28;28079;;1;1;M-40;23,847;3;3;2;;;1;1;2;;;1;1
10;5;15;28;28079;;3;2;No inventariada;;9;4;2;;;1;1;1;;;1;998
10;3;20;28;28079;;3;2;No inventariada;;9;3;1;1;;1;3;1;;;1;998
10;5;15;28;28079;;3;2;No inventariada;;9;3;2;;;1;1;1;;;1;998
10;5;14;28;28079;;3;2;No inventariada;;9;4;1;4;;1;1;1;;;1;998
10;5;14;28;28079;;1;1;A-2;13,5;3;4;2;;;1;1;1;;;1;1
10;5;17;28;28079;;3;2;No inventariada;;9;10;2;;;2;1;1;;;1;998
10;5;15;28;28079;;3;2;No inventariada;;9;4;1;2;;1;1;1;;;1;998
10;5;17;28;28079;;3;2;No inventariada;;9;2;2;;;1;1;1;;;1;998
10;5;14;28;28079;;3;2;No inventariada;;9;4;2;;;1;1;1;;;9;998
10;5;17;28;28079;;3;2;No inventariada;;9;4;2;;;1;1;1;;;1;998
10;5;18;28;28079;;3;2;No inventariada;;9;2;1;3;;1;1;1;;;1;998
10;5;20;28;28079;;3;2;No inventariada;;9;4;2;;;1;4;1;;;1;998
10;5;21;28;28079;;3;2;No inventariada;;9;4;2;;;1;4;1;;;1;998
10;5;22;28;28079;;3;2;No inventariada;;9;10;1;4;;1;3;1;;;1;998
10;6;0;28;28079;;3;2;No inventariada;;9;7;2;;;1;4;1;;;1;998
10;6;3;28;28079;;3;2;No inventariada;;9;10;2;;;1;4;1;;;1;998
10;5;22;28;28079;;3;2;No inventariada;;9;2;1;2;;1;4;1;;;1;998
10;6;3;28;28079;;3;2;No inventariada;;9;2;1;4;;1;3;1;;;1;998
10;6;4;28;28079;;3;2;No inventariada;;9;10;2;;;3;4;1;;;1;998
10;6;1;28;28079;;3;2;No inventariada;;9;2;1;1;;1;4;1;;;1;998
9;2;9;28;28079;;3;2;No inventariada;;9;4;2;;;1;4;1;;;1;998
10;6;3;28;28079;;3;2;No inventariada;;9;12;2;;;1;4;1;;;1;998
9;3;8;28;28079;;3;2;No inventariada;;9;7;2;;;1;1;2;;;1;998
10;6;7;28;28079;;3;2;No inventariada;;9;3;2;;;1;4;1;;;1;998
10;5;13;28;28079;;3;2;No inventariada;;9;4;1;2;;1;1;1;;;1;998
10;4;13;28;28079;;3;2;No inventariada;;9;10;2;;;1;1;1;;;1;998
10;6;10;28;28079;;3;2;No inventariada;;9;12;1;4;;1;1;1;;;6;998
10;6;13;28;28079;;3;2;No inventariada;;9;2;1;1;;1;1;1;;;1;998
10;6;18;28;28079;;3;2;No inventariada;;9;10;1;1;;1;1;1;;;1;998
10;4;21;28;28079;;3;2;No inventariada;;9;4;2;;;1;1;1;;;18;998
10;6;19;28;28079;;3;2;No inventariada;;9;10;2;;;8;1;1;;;1;998
10;6;18;28;28079;;3;2;No inventariada;;9;4;2;;;1;1;1;;;1;998
10;6;2;28;28079;;3;2;No inventariada;;9;6;2;;;1;4;1;;;1;998
10;6;23;28;28079;;3;2;No inventariada;;9;10;1;1;;1;4;1;;;18;998
10;7;0;28;28079;;3;2;No inventariada;;9;4;2;;;1;4;1;;;1;998
10;7;2;28;28079;;1;1;M-40;27;7;2;1;4;M-425;1;4;1;;;1;1
10;7;0;28;28079;;3;2;No inventariada;;9;4;1;1;;1;4;1;;;1;998
10;7;1;28;28079;;3;2;No inventariada;;9;2;1;1;;1;4;1;;;1;998
10;7;0;28;28079;;3;2;No inventariada;;9;3;1;2;;1;4;1;;;1;998
10;5;22;28;28079;;3;2;No inventariada;;9;2;2;;;1;4;1;;;1;998