MES;DIA_SEMANA;HORA;COD_PROVINCIA;COD_MUNICIPIO;ISLA;ZONA;ZONA_AGRUPADA;CARRETERA;KM;TIPO_VIA;TIPO_ACCIDENTE;NUDO;NUDO_INFO;CARRETERA_CRUCE;CONDICION_FIRME;CONDICION_ILUMINACION;CONDICION_METEO;CONDICION_NIEBLA;CONDICION_VIENTO;VISIB_RESTRINGIDA_POR;TRAZADO_PLANTA
10;7;6;28;28079;;3;2;No inventariada;;9;12;1;4;;1;4;1;;;1;998
10;6;12;28;28079;;3;2;No inventariada;;9;4;1;2;;1;1;1;;;1;998
10;7;5;28;28079;;3;2;No inventariada;;9;1;2;;;1;4;1;;;1;998
10;7;7;28;28079;;3;2;No inventariada;;9;16;2;;;1;4;1;;;1;998
10;6;13;28;28079;;3;2;No inventariada;;9;4;1;5;;1;1;1;;;1;998
10;7;11;28;28079;;3;2;No inventariada;;9;2;1;1;;1;1;2;;;1;998
10;7;12;28;28079;;3;2;No inventariada;;9;4;2;;;1;1;1;;;1;998
10;7;14;28;28079;;3;2;No inventariada;;9;4;2;;;1;1;1;;;1;998
10;2;20;28;28079;;3;2;No inventariada;;9;10;2;;;1;1;1;;;1;998
10;2;19;28;28079;;3;2;No inventariada;;9;16;2;;;1;2;1;;;1;998
10;5;16;28;28079;;3;2;No inventariada;;9;4;1;12;;1;1;1;;;1;998
10;7;17;28;28079;;3;2;No inventariada;;9;2;1;4;;1;1;1;;;1;998
10;6;20;28;28079;;3;2;No inventariada;;9;10;2;;;1;3;1;;;18;998
10;7;16;28;28079;;3;2;No inventariada;;9;10;2;;;1;1;2;;;1;998
10;6;22;28;28079;;3;2;No inventariada;;9;4;2;;;1;4;1;;;1;998
10;7;18;28;28079;;3;2;No inventariada;;9;10;1;1;;1;2;1;;;1;998
10;7;21;28;28079;;3;2;No inventariada;;9;20;1;1;;1;3;1;;;1;998
10;7;22;28;28079;;3;2;No inventariada;;9;4;1;5;;1;4;1;;;1;998
10;7;23;28;28079;;3;2;No inventariada;;9;10;1;2;;1;4;1;;;1;998
10;7;6;28;28079;;3;2;No inventariada;;9;4;2;;;1;4;1;;;1;998
10;1;4;28;28079;;3;2;No inventariada;;9;2;1;2;;1;4;1;;;1;998
10;1;6;28;28079;;1;1;M-14;1,807;2;18;2;;;1;5;1;;;10;2
10;7;11;28;28079;;3;2;No inventariada;;9;10;1;4;;1;1;2;;;18;998
10;7;13;28;28079;;3;2;No inventariada;;9;7;2;;;1;1;1;;;1;998
10;2;22;28;28079;;3;2;No inventariada;;9;2;1;1;;1;4;1;;;1;998
10;6;9;28;28079;;3;2;No inventariada;;9;2;1;4;;1;1;2;;;1;998
10;1;8;28;28079;;3;2;No inventariada;;9;2;1;1;;1;1;1;;;1;998
10;1;8;28;28079;;3;2;No inventariada;;9;3;1;2;;9;3;7;;;18;998
10;1;9;28;28079;;3;2;No inventariada;;9;2;2;;;1;1;1;;;1;998
10;1;9;28;28079;;3;2;No inventariada;;9;10;1;1;;1;1;1;;;10;998
10;1;9;28;28079;;3;2;No inventariada;;9;7;2;;;1;1;2;;;1;998
10;5;12;28;28079;;3;2;No inventariada;;9;4;2;;;1;1;1;;;1;998
10;1;12;28;28079;;3;2;No inventariada;;9;7;2;;;1;1;1;;;1;998
10;1;10;28;28079;;3;2;No inventariada;;9;10;1;5;;1;1;1;;;1;998
10;1;9;28;28079;;3;2;No inventariada;;9;4;2;;;1;1;2;;;18;998
10;1;12;28;28079;;3;2;No inventariada;;9;2;1;4;;1;1;1;;;1;998
10;1;15;28;28079;;1;1;M-31;2;3;16;1;10;M-45;3;1;2;;;1;3
10;4;17;28;28079;;3;2;No inventariada;;9;2;1;4;;1;1;1;;;1;998
10;1;16;28;28079;;3;2;No inventariada;;9;10;1;1;;3;1;4;;;1;998
10;1;15;28;28079;;3;2;No inventariada;;9;10;1;2;;3;1;3;;;1;998
10;7;21;28;28079;;3;2;No inventariada;;9;4;2;;;1;4;2;;;1;998
10;1;17;28;28079;;3;2;No inventariada;;9;2;2;;;3;1;4;;;5;998
10;1;16;28;28079;;3;2;No inventariada;;9;7;2;;;3;1;4;;;1;998
10;1;16;28;28079;;3;2;No inventariada;;9;4;2;;;3;1;4;;;5;998
10;1;18;28;28079;;3;2;No inventariada;;9;10;1;1;;3;1;3;;;18;998
10;1;18;28;28079;;3;2;No inventariada;;9;10;1;2;;3;1;3;;;1;998
10;1;18;28;28079;;3;2;No inventariada;;9;10;2;;;3;1;2;;;1;998
10;7;22;28;28079;;3;2;No inventariada;;9;10;1;2;;1;4;1;;;7;998
10;1;19;28;28079;;3;2;No inventariada;;9;12;1;4;;3;1;2;;;18;998
10;5;20;28;28079;;3;2;No inventariada;;9;4;2;;;1;4;1;;;1;998
10;1;15;28;28079;;3;2;No inventariada;;9;10;1;1;;3;1;4;;;5;998
10;1;18;28;28079;;3;2;No inventariada;;9;2;2;;;3;1;3;;;17;998
10;1;18;28;28079;;3;2;No inventariada;;9;2;1;4;;3;1;3;;;1;998
10;1;20;28;28079;;3;2;No inventariada;;9;7;2;;;3;4;3;;;5;998
10;1;21;28;28079;;3;2;No inventariada;;9;10;1;2;;3;4;3;;;1;998
10;1;17;28;28079;;3;2;No inventariada;;9;6;2;;;3;1;3;;;1;998
10;2;0;28;28079;;1;1;M-607;12,4;3;16;2;;;3;4;3;;;1;2
10;1;23;28;28079;;3;2;No inventariada;;9;10;2;;;1;4;1;;;1;998
10;2;5;28;28079;;3;2;No inventariada;;9;3;2;;;1;4;1;;;1;998
10;2;9;28;28079;;3;2;No inventariada;;9;2;1;1;;1;1;2;;;1;998
10;1;12;28;28079;;3;2;No inventariada;;9;2;2;;;1;1;2;;;1;998
10;2;10;28;28079;;3;2;No inventariada;;9;7;1;1;;1;1;2;;;1;998
10;2;12;28;28079;;3;2;No inventariada;;9;12;2;;;3;1;2;;;1;998
10;7;13;28;28079;;3;2;No inventariada;;9;3;2;;;1;1;1;;;1;998
10;2;8;28;28079;;3;2;No inventariada;;9;4;2;;;1;1;2;;;1;998
10;1;22;28;28079;;3;2;No inventariada;;9;4;1;2;;3;4;3;;;18;998
10;2;14;28;28079;;3;2;No inventariada;;9;10;2;;;3;1;3;;;1;998
10;1;22;28;28079;;3;2;No inventariada;;9;10;2;;;3;4;3;;;18;998
9;3;15;28;28079;;3;2;No inventariada;;9;2;2;;;1;1;1;;;1;998
10;2;15;28;28079;;3;2;No inventariada;;9;4;2;;;3;1;3;;;1;998
10;7;17;28;28079;;3;2;No inventariada;;9;2;1;1;;1;1;1;;;2;998
10;2;16;28;28079;;3;2;No inventariada;;9;16;2;;;1;1;2;;;1;998
10;1;20;28;28079;;3;2;No inventariada;;9;12;2;;;3;4;3;;;18;998
10;2;15;28;28079;;3;2;No inventariada;;9;2;1;1;;3;1;3;;;1;998
10;1;21;28;28079;;3;2;No inventariada;;9;4;1;2;;3;4;3;;;1;998
10;2;18;28;28079;;3;2;No inventariada;;9;3;2;;;1;1;2;;;1;998
10;2;18;28;28079;;3;2;No inventariada;;9;10;1;1;;3;1;2;;;1;998
10;2;19;28;28079;;3;2;No inventariada;;9;10;1;1;;3;1;2;;;1;998
10;2;19;28;28079;;3;2;No inventariada;;9;6;2;;;3;3;3;;;1;998
10;2;20;28;28079;;3;2;No inventariada;;9;10;2;;;3;4;3;;;5;998
10;2;19;28;28079;;3;2;No inventariada;;9;10;2;;;3;4;3;;;1;998
10;2;16;28;28079;;3;2;No inventariada;;9;16;1;1;;3;1;2;;;9;998
10;2;15;28;28079;;3;2;No inventariada;;9;4;2;;;3;1;2;;;1;998
10;3;3;28;28079;;3;2;No inventariada;;9;10;1;4;;3;4;3;;;1;998
10;7;9;28;28079;;3;2;No inventariada;;9;2;1;1;;1;1;1;;;1;998
10;2;13;28;28079;;3;2;No inventariada;;9;2;2;;;1;1;1;;;12;998
10;3;9;28;28079;;3;2;No inventariada;;9;10;2;;;3;1;2;;;1;998
10;3;9;28;28079;;3;2;No inventariada;;9;3;2;;;9;4;3;;;18;998
10;3;9;28;28079;;3;2;No inventariada;;9;7;1;4;;3;1;3;;;18;998
10;2;13;28;28079;;3;2;No inventariada;;9;4;2;;;1;1;2;;;1;998
10;5;13;28;28079;;3;2;No inventariada;;9;3;2;;;1;1;1;;;1;998
10;3;9;28;28079;;3;2;No inventariada;;9;12;1;2;;3;1;3;;;1;998
10;2;13;28;28079;;3;2;No inventariada;;9;2;1;4;;1;1;2;;;1;998
10;3;13;28;28079;;3;2;No inventariada;;9;7;1;2;;1;1;3;;;1;998
10;3;14;28;28079;;1;1;M-45;8,5;3;4;1;10;;3;1;3;;;1;1
10;3;13;28;28079;;1;1;M-40;21,181;3;16;2;;;3;1;3;;;1;2
10;3;14;28;28079;;3;2;No inventariada;;9;10;2;;;3;1;4;;;18;998
10;2;22;28;28079;;3;2;No inventariada;;9;3;2;;;3;4;2;;;1;998
10;2;22;28;28079;;3;2;No inventariada;;9;12;1;2;;1;4;1;;;1;998
10;3;16;28;28079;;3;2;No inventariada;;9;2;2;;;3;1;3;;;1;998
10;3;15;28;28079;;3;2;No inventariada;;9;10;1;1;;3;1;4;;;5;998
10;3;16;28;28079;;3;2;No inventariada;;9;10;2;;;3;1;4;;;1;998
10;3;16;28;28079;;3;2;No inventariada;;9;4;1;4;;3;1;3;;;1;998
10;2;21;28;28079;;3;2;No inventariada;;9;4;2;;;3;4;2;;;1;998
10;3;17;28;28079;;3;2;No inventariada;;9;7;1;1;;3;1;3;;;1;998
10;3;16;28;28079;;3;2;No inventariada;;9;10;1;1;;3;1;3;;;5;998
10;3;16;28;28079;;3;2;No inventariada;;9;4;2;;;3;1;3;;;1;998
10;3;14;28;28079;;3;2;No inventariada;;9;12;2;;;3;1;3;;;18;998
10;3;14;28;28079;;3;2;No inventariada;;9;10;1;4;;3;1;3;;;1;998
10;3;14;28;28079;;3;2;No inventariada;;9;2;1;1;;3;1;4;;;17;998
10;5;16;28;28079;;3;2;No inventariada;;9;7;1;2;;1;1;1;;;1;998
10;5;16;28;28079;;3;2;No inventariada;;9;4;2;;;1;1;1;;;1;998
10;3;14;28;28079;;3;2;No inventariada;;9;15;2;;;3;1;3;;;1;998
10;3;17;28;28079;;3;2;No inventariada;;9;2;1;2;;3;1;3;;;1;998
10;3;15;28;28079;;3;2;No inventariada;;9;7;2;;;3;1;2;;;1;998
10;3;19;28;28079;;3;2;No inventariada;;9;2;2;;;3;3;3;;;1;998
10;3;16;28;28079;;3;2;No inventariada;;9;4;2;;;3;1;1;;;18;998
10;3;18;28;28079;;3;2;No inventariada;;9;10;2;;;3;1;3;;;1;998
10;3;17;28;28079;;3;2;No inventariada;;9;10;2;;;3;1;4;;;5;998
10;1;18;28;28079;;3;2;No inventariada;;9;4;1;4;;3;1;2;;;1;998
10;3;19;28;28079;;3;2;No inventariada;;9;4;1;2;;3;3;3;;;1;998
10;3;22;28;28079;;3;2;No inventariada;;9;10;2;;;3;4;2;;;1;998
10;3;21;28;28079;;3;2;No inventariada;;9;3;1;5;;3;4;3;;;1;998
10;3;6;28;28079;;3;2;No inventariada;;9;4;2;;;1;4;2;;;1;998
10;3;22;28;28079;;3;2;No inventariada;;9;2;1;2;;3;4;1;;;1;998
10;3;22;28;28079;;3;2;No inventariada;;9;2;1;2;;3;4;1;;;1;998
10;4;1;28;28079;;3;2;No inventariada;;9;2;1;2;;3;4;1;;;1;998
10;4;0;28;28079;;3;2;No inventariada;;9;12;1;4;;3;4;3;;;1;998
10;3;14;28;28079;;3;2;No inventariada;;9;2;2;;;3;1;3;;;5;998
10;4;7;28;28079;;3;2;No inventariada;;9;4;2;;;1;3;2;;;1;998
10;4;9;28;28079;;3;2;No inventariada;;9;2;1;2;;1;1;1;;;1;998
10;4;9;28;28079;;3;2;No inventariada;;9;10;1;1;;3;1;2;;;1;998
10;4;7;28;28079;;3;2;No inventariada;;9;4;2;;;1;2;1;;;1;998
10;4;7;28;28079;;3;2;No inventariada;;9;7;2;;;1;1;1;;;1;998
10;4;7;28;28079;;3;2;No inventariada;;9;10;1;4;;1;1;1;;;1;998
10;4;11;28;28079;;3;2;No inventariada;;9;10;2;;;1;1;1;;;1;998
10;3;12;28;28079;;3;2;No inventariada;;9;2;1;1;;3;1;2;;;1;998
10;3;13;28;28079;;3;2;No inventariada;;9;7;1;1;;3;1;4;;;1;998
10;2;12;28;28079;;3;2;No inventariada;;9;2;1;1;;1;1;1;;;1;998
10;4;12;28;28079;;3;2;No inventariada;;9;7;2;;;1;1;1;;;1;998
10;4;13;28;28079;;3;2;No inventariada;;9;2;1;5;;1;1;1;;;1;998
10;4;11;28;28079;;3;2;No inventariada;;9;10;1;3;;1;1;1;;;1;998
10;3;18;28;28079;;3;2;No inventariada;;9;10;1;2;;3;1;2;;;1;998
10;3;20;28;28079;;3;2;No inventariada;;9;1;2;;;3;2;3;;;1;998
10;4;14;28;28079;;3;2;No inventariada;;9;3;1;1;;1;1;1;;;18;998
9;4;20;28;28079;;3;2;No inventariada;;9;3;2;;;1;2;1;;;1;998
10;4;16;28;28079;;3;2;No inventariada;;9;12;1;4;;1;1;1;;;1;998
10;4;16;28;28079;;3;2;No inventariada;;9;2;1;1;;1;1;1;;;18;998
10;4;16;28;28079;;3;2;No inventariada;;9;7;1;1;;1;1;1;;;1;998
10;4;17;28;28079;;3;2;No inventariada;;9;4;1;4;;1;1;1;;;1;998
10;4;18;28;28079;;3;2;No inventariada;;9;10;2;;;1;1;1;;;1;998
10;4;16;28;28079;;3;2;No inventariada;;9;2;1;1;;1;1;1;;;1;998
10;4;15;28;28079;;3;2;No inventariada;;9;7;2;;;1;1;1;;;1;998
10;4;14;28;28079;;3;2;No inventariada;;9;3;2;;;1;1;1;;;1;998
10;4;19;28;28074;;1;1;M-40;25,9;3;15;2;;;1;4;1;;;1;1
10;4;18;28;28079;;3;2;No inventariada;;9;7;2;;;1;1;1;;;1;998
10;4;17;28;28079;;3;2;No inventariada;;9;7;2;;;1;1;1;;;9;998
10;4;19;28;28079;;3;2;No inventariada;;9;2;1;1;;1;3;1;;;1;998
10;4;18;28;28079;;3;2;No inventariada;;9;2;1;1;;1;1;1;;;1;998
10;4;17;28;28079;;3;2;No inventariada;;9;4;2;;;1;1;1;;;1;998
10;4;20;28;28079;;3;2;No inventariada;;9;10;2;;;1;4;1;;;1;998
10;4;15;28;28079;;3;2;No inventariada;;9;3;2;;;1;1;1;;;1;998
10;4;19;28;28079;;3;2;No inventariada;;9;2;1;1;;1;3;1;;;1;998
10;4;18;28;28079;;3;2;No inventariada;;9;10;2;;;1;1;1;;;6;998
10;4;20;28;28079;;3;2;No inventariada;;9;7;1;1;;1;4;1;;;18;998
10;4;20;28;28079;;3;2;No inventariada;;9;2;1;1;;1;4;1;;;1;998
10;4;18;28;28079;;3;2;No inventariada;;9;2;1;5;;1;1;1;;;1;998
10;3;23;28;28079;;3;2;No inventariada;;9;5;2;;;1;4;2;;;1;998
10;4;22;28;28079;;3;2;No inventariada;;9;10;1;1;;1;4;1;;;1;998
10;5;10;28;28079;;1;1;A-1;11,128;3;4;2;;;1;1;1;;;1;1
10;5;11;28;28079;;3;2;No inventariada;;9;4;2;;;1;1;1;;;1;998
10;4;18;28;28079;;3;2;No inventariada;;9;2;1;1;;1;1;1;;;1;998
10;5;15;28;28079;;1;1;M-40;14,4;3;4;2;;;1;1;1;;;1;4
10;3;19;28;28079;;3;2;No inventariada;;9;10;2;;;3;1;3;;;1;998
10;5;2;28;28079;;3;2;No inventariada;;9;2;1;1;;1;4;1;;;9;998
10;5;15;28;28079;;1;1;M-40;16,452;3;4;2;;;1;1;1;;;1;1
10;5;14;28;28079;;3;2;No inventariada;;9;2;1;2;;1;1;1;;;1;998
10;5;16;28;28079;;3;2;No inventariada;;9;2;1;1;;1;1;2;;;1;998
10;5;14;28;28079;;3;2;No inventariada;;9;12;1;5;;1;1;1;;;1;998
10;5;17;28;28079;;1;1;M-607;13,6;3;18;2;;;1;1;1;;;1;4
10;5;17;28;28079;;1;1;M-607;14;3;4;2;;;3;1;2;;;1;1
10;4;21;28;28079;;3;2;No inventariada;;9;10;2;;;1;4;1;;;1;998
10;5;15;28;28079;;3;2;No inventariada;;9;2;1;2;;1;1;2;;;1;998
10;5;17;28;28079;;3;2;No inventariada;;9;10;1;2;;1;1;1;;;1;998
10;5;17;28;28079;;3;2;No inventariada;;9;7;2;;;1;1;2;;;1;998
10;5;14;28;28079;;3;2;No inventariada;;9;6;2;;;1;1;1;;;1;998
10;5;19;28;28079;;3;2;No inventariada;;9;4;2;;;1;1;2;;;1;998
10;5;16;28;28079;;3;2;No inventariada;;9;2;1;2;;1;1;1;;;1;998
10;5;18;28;28079;;3;2;No inventariada;;9;2;1;2;;1;1;1;;;1;998
10;5;19;28;28079;;3;2;No inventariada;;9;16;1;2;;1;1;2;;;1;998
10;5;19;28;28079;;3;2;No inventariada;;9;19;1;2;;1;3;1;;;1;998
10;5;20;28;28079;;3;2;No inventariada;;9;10;1;4;;1;4;1;;;1;998
10;5;19;28;28079;;3;2;No inventariada;;9;7;2;;;1;2;1;;;1;998
10;5;23;28;28079;;3;2;No inventariada;;9;1;1;4;;3;4;4;;;18;998
9;4;22;28;28079;;3;2;No inventariada;;9;2;2;;;1;3;1;;;1;998
10;5;23;28;28079;;3;2;No inventariada;;9;2;1;1;;3;4;2;;;1;998
10;5;23;28;28079;;3;2;No inventariada;;9;2;2;;;3;4;3;;;1;998
10;6;0;28;28079;;3;2;No inventariada;;9;6;1;2;;3;4;2;;;1;998
10;6;2;28;28079;;3;2;No inventariada;;9;3;2;;;3;4;3;;;1;998
10;6;3;28;28079;;3;2;No inventariada;;9;10;1;2;;3;4;4;;;1;998
10;6;4;28;28079;;3;2;No inventariada;;9;9;2;;;1;4;4;;;1;998
10;5;9;28;28079;;3;2;No inventariada;;9;4;1;4;;1;1;1;;;1;998
10;5;11;28;28079;;3;2;No inventariada;;9;4;1;2;;1;1;1;;;1;998
10;6;9;28;28079;;3;2;No inventariada;;9;6;1;2;;3;1;3;;;1;998
10;6;8;28;28079;;3;2;No inventariada;;9;6;2;;;3;1;3;;;18;998
10;6;7;28;28079;;3;2;No inventariada;;9;10;1;2;;3;4;3;;;1;998
10;6;13;28;28079;;3;2;No inventariada;;9;10;2;;;3;1;3;;;1;998
10;6;9;28;28079;;1;1;M-607;12,5;3;16;1;2;M-603;3;1;4;;;1;2
10;6;15;28;28079;;3;2;No inventariada;;9;10;2;;;3;1;3;;;1;998
10;6;16;28;28079;;1;1;A-3;14,056;3;16;2;;;3;1;2;;;1;1
10;4;19;28;28079;;3;2;No inventariada;;9;4;2;;;1;4;7;;;1;998
10;6;16;28;28079;;3;2;No inventariada;;9;3;2;;;3;1;2;;;1;998
10;6;21;28;28079;;3;2;No inventariada;;9;10;1;1;;3;4;3;;;1;998
10;7;0;28;28079;;3;2;No inventariada;;9;4;2;;;1;4;2;;;18;998
10;6;1;28;28079;;1;1;M-40;8,4;3;2;2;;;3;4;1;;;1;2
10;6;23;28;28079;;3;2;No inventariada;;9;2;1;1;;1;4;2;;;1;998
10;7;3;28;28079;;3;2;No inventariada;;9;7;1;12;;1;4;1;;;1;998
10;7;2;28;28079;;3;2;No inventariada;;9;7;2;;;1;4;1;;;1;998
10;7;6;28;28079;;3;2;No inventariada;;9;10;2;;;3;4;3;;;1;998
10;7;2;28;28079;;3;2;No inventariada;;9;2;1;2;;1;4;1;;;2;998
10;7;4;28;28079;;3;2;No inventariada;;9;2;1;1;;3;4;1;;;1;998
10;7;9;28;28079;;3;2;No inventariada;;9;4;2;;;3;1;2;;;1;998
10;7;11;28;28079;;3;2;No inventariada;;9;10;2;;;3;1;1;;;1;998
10;7;11;28;28079;;3;2;No inventariada;;9;15;2;;;1;1;1;;;1;998
10;7;12;28;28079;;3;2;No inventariada;;9;10;2;;;1;1;1;;;1;998
10;7;11;28;28079;;3;2;No inventariada;;9;2;2;;;1;1;2;;;1;998
10;7;13;28;28079;;3;2;No inventariada;;9;4;1;2;;1;1;1;;;1;998
10;7;9;28;28079;;3;2;No inventariada;;9;12;1;2;;1;1;1;;;1;998
10;7;13;28;28079;;3;2;No inventariada;;9;7;2;;;1;1;2;;;1;998
10;6;19;28;28079;;3;2;No inventariada;;9;16;1;4;;1;1;1;;;1;998
10;7;16;28;28079;;3;2;No inventariada;;9;10;1;4;;1;1;1;;;1;998
10;7;18;28;28079;;3;2;No inventariada;;9;12;1;1;;1;1;1;;;1;998
10;7;18;28;28079;;3;2;No inventariada;;9;2;1;1;;1;1;1;;;1;998
10;7;21;28;28079;;3;2;No inventariada;;9;4;1;1;;1;4;1;;;1;998
10;7;23;28;28079;;3;2;No inventariada;;9;10;1;2;;1;4;1;;;1;998
10;1;0;28;28079;;3;2;No inventariada;;9;3;2;;;1;4;1;;;18;998
10;7;23;28;28079;;3;2;No inventariada;;9;16;1;1;;1;4;1;;;1;998
10;1;2;28;28079;;3;2;No inventariada;;9;12;1;4;;1;4;1;;;1;998
10;7;14;28;28079;;3;2;No inventariada;;9;4;2;;;1;1;1;;;1;998
10;1;7;28;28079;;1;1;M-14;1,787;2;18;1;10;M-14;1;5;1;;;1;2
10;1;8;28;28079;;3;2;No inventariada;;9;7;2;;;1;2;2;;;1;998
10;1;8;28;28079;;3;2;No inventariada;;9;4;2;;;9;1;1;;;18;998
10;1;8;28;28079;;3;2;No inventariada;;9;16;1;2;;1;1;2;;;18;998
10;5;12;28;28079;;1;1;M-203;6,246;6;15;2;;;2;1;1;;;1;2
10;7;12;28;28079;;3;2;No inventariada;;9;4;2;;;1;1;1;;;1;998
10;4;12;28;28079;;3;2;No inventariada;;9;5;2;;;1;1;1;;;18;998
10;1;11;28;28079;;3;2;No inventariada;;9;4;2;;;1;1;1;;;1;998
10;7;12;28;28079;;3;2;No inventariada;;9;4;2;;;1;1;1;;;1;998
10;1;13;28;28079;;3;2;No inventariada;;9;4;1;1;;1;1;2;;;1;998
10;5;20;28;28079;;3;2;No inventariada;;9;4;2;;;1;3;2;;;1;998
10;7;19;28;28079;;3;2;No inventariada;;9;2;1;1;;1;1;2;;;1;998
10;1;14;28;28079;;1;1;M-14;3,9;2;4;2;;;1;1;1;;;1;3
10;6;15;28;28079;;3;2;No inventariada;;9;10;1;1;;1;1;2;;;1;998
10;1;15;28;28079;;3;2;No inventariada;;9;3;1;1;;1;1;1;;;1;998
10;1;5;28;28079;;3;2;No inventariada;;9;6;2;;;1;4;1;;;1;998
9;7;10;28;28079;;3;2;No inventariada;;9;6;2;;;1;4;7;;;1;998
10;1;15;28;28079;;3;2;No inventariada;;9;4;2;;;1;1;1;;;1;998
10;1;17;28;28079;;3;2;No inventariada;;9;4;1;1;;1;1;1;;;1;998
10;7;20;28;28079;;3;2;No inventariada;;9;4;2;;;1;4;1;;;1;998
10;1;17;28;28079;;3;2;No inventariada;;9;7;1;2;;1;1;1;;;1;998
10;1;18;28;28079;;3;2;No inventariada;;9;7;2;;;1;1;1;;;1;998
10;1;19;28;28079;;3;2;No inventariada;;9;4;1;2;;1;1;1;;;1;998
10;1;18;28;28079;;3;2;No inventariada;;9;10;1;1;;1;1;1;;;1;998
10;1;20;28;28079;;3;2;No inventariada;;9;10;2;;;1;4;2;;;1;998
10;1;15;28;28079;;3;2;No inventariada;;9;3;2;;;1;1;2;;;18;998
10;1;17;28;28079;;3;2;No inventariada;;9;4;2;;;1;1;2;;;18;998
10;1;20;28;28079;;3;2;No inventariada;;9;4;2;;;1;4;2;;;1;998
10;1;16;28;28079;;3;2;No inventariada;;9;4;2;;;1;1;1;;;1;998
10;1;23;28;28079;;3;2;No inventariada;;9;3;1;2;;1;4;1;;;18;998
10;1;23;28;28079;;3;2;No inventariada;;9;3;2;;;1;3;1;;;18;998
10;2;0;28;28079;;3;2;No inventariada;;9;6;1;1;;1;4;1;;;1;998
10;1;7;28;28079;;3;2;No inventariada;;9;4;2;;;1;1;2;;;1;998
10;1;13;28;28079;;3;2;No inventariada;;9;4;2;;;1;1;1;;;1;998
10;2;7;28;28079;;3;2;No inventariada;;9;2;1;1;;1;4;1;;;1;998
10;1;13;28;28079;;3;2;No inventariada;;9;2;1;1;;1;1;1;;;1;998
10;1;12;28;28079;;3;2;No inventariada;;9;15;1;12;;8;1;1;;;1;998
10;2;7;28;28079;;3;2;No inventariada;;9;4;1;2;;1;3;2;;;1;998
10;2;8;28;28079;;3;2;No inventariada;;9;12;2;;;1;2;2;;;1;998
10;2;9;28;28079;;3;2;No inventariada;;9;3;1;2;;3;1;3;;;1;998
10;5;7;28;28079;;3;2;No inventariada;;9;3;2;;;1;2;1;;;1;998
10;2;10;28;28079;;3;2;No inventariada;;9;10;2;;;3;1;3;;;1;998
10;2;11;28;28079;;3;2;No inventariada;;9;2;1;1;;1;1;2;;;1;998
10;2;9;28;28079;;3;2;No inventariada;;9;10;2;;;3;1;4;;;5;998
10;2;11;28;28079;;3;2;No inventariada;;9;2;2;;;1;1;2;;;1;998
10;2;11;28;28079;;3;2;No inventariada;;9;7;2;;;1;1;1;;;1;998
10;2;8;28;28079;;3;2;No inventariada;;9;2;2;;;1;1;2;;;9;998
10;2;15;28;28079;;3;2;No inventariada;;9;10;1;2;;3;1;3;;;18;998
10;4;14;28;28079;;3;2;No inventariada;;9;4;1;4;;1;1;2;;;18;998
10;2;14;28;28079;;3;2;No inventariada;;9;10;2;;;3;1;3;;;1;998
10;5;21;28;28079;;3;2;No inventariada;;9;10;1;1;;1;4;1;;;1;998
10;2;14;28;28079;;3;2;No inventariada;;9;15;1;1;;3;1;3;;;1;998
10;2;14;28;28079;;3;2;No inventariada;;9;4;2;;;3;1;3;;;1;998
10;2;16;28;28079;;3;2;No inventariada;;9;4;1;5;;3;1;2;;;1;998
10;1;21;28;28079;;3;2;No inventariada;;9;2;2;;;1;4;1;;;1;998