MES;DIA_SEMANA;HORA;COD_PROVINCIA;COD_MUNICIPIO;ISLA;ZONA;ZONA_AGRUPADA;CARRETERA;KM;TIPO_VIA;TIPO_ACCIDENTE;NUDO;NUDO_INFO;CARRETERA_CRUCE;CONDICION_FIRME;CONDICION_ILUMINACION;CONDICION_METEO;CONDICION_NIEBLA;CONDICION_VIENTO;VISIB_RESTRINGIDA_POR;TRAZADO_PLANTA
11;1;8;28;28079;;3;2;No inventariada;;9;10;1;12;;1;1;2;;;1;998
11;7;21;28;28079;;3;2;No inventariada;;9;12;1;1;;1;4;1;;;1;998
11;7;20;28;28079;;3;2;No inventariada;;9;10;2;;;1;3;1;;;1;998
11;1;17;28;28079;;3;2;No inventariada;;9;2;2;;;1;1;1;;;6;998
11;1;17;28;28079;;3;2;No inventariada;;9;7;2;;;1;1;2;;;1;998
11;1;18;28;28079;;3;2;No inventariada;;9;7;2;;;1;4;1;;;1;998
11;1;19;28;28079;;3;2;No inventariada;;9;4;2;;;1;4;1;;;1;998
11;1;19;28;28079;;3;2;No inventariada;;9;10;2;;;1;4;1;;;1;998
11;1;18;28;28079;;3;2;No inventariada;;9;2;2;;;1;4;1;;;1;998
11;1;22;28;28079;;1;1;M-40;7,127;3;4;2;;;1;4;1;;;1;1
11;2;18;28;28079;;3;2;No inventariada;;9;7;1;1;;1;3;1;;;1;998
11;1;8;28;28079;;1;1;M-40;13,1;3;3;1;2;;1;1;1;;;1;1
11;2;9;28;28079;;3;2;No inventariada;;9;4;1;1;;1;1;1;;;1;998
11;1;7;28;28079;;3;2;No inventariada;;9;12;2;;;1;1;1;;;1;998
11;2;8;28;28079;;3;2;No inventariada;;9;8;1;2;;1;1;1;;;1;998
11;2;9;28;28079;;3;2;No inventariada;;9;4;2;;;1;1;1;;;1;998
11;1;11;28;28079;;3;2;No inventariada;;9;2;2;;;3;1;4;;;1;998
11;2;11;28;28079;;3;2;No inventariada;;9;4;2;;;1;1;1;;;18;998
11;2;8;28;28079;;3;2;No inventariada;;9;7;1;1;;1;1;1;;;1;998
11;2;13;28;28079;;3;2;No inventariada;;9;10;1;1;;1;1;1;;;1;998
11;7;20;28;28079;;3;2;No inventariada;;9;16;2;;;1;4;1;;;1;998
11;2;15;28;28079;;3;2;No inventariada;;9;4;2;;;1;4;2;;;1;998
11;2;14;28;28079;;3;2;No inventariada;;9;2;2;;;1;1;1;;;18;998
11;2;14;28;28079;;3;2;No inventariada;;9;2;2;;;1;1;1;;;1;998
11;2;18;28;28079;;1;1;A-4;10;3;4;2;;;1;4;1;;;1;1
11;5;20;28;28079;;3;2;No inventariada;;9;10;2;;;1;3;1;;;1;998
11;7;20;28;28079;;3;2;No inventariada;;9;5;2;;;1;6;1;;;1;998
11;2;18;28;28079;;3;2;No inventariada;;9;6;2;;;1;4;1;;;1;998
11;2;22;28;28079;;3;2;No inventariada;;9;2;1;1;;1;4;1;;;1;998
11;2;23;28;28079;;3;2;No inventariada;;9;16;2;;;1;4;1;;;1;998
11;3;1;28;28079;;3;2;No inventariada;;9;2;1;1;;1;4;1;;;1;998
11;3;7;28;28079;;1;1;M-45;10,844;3;5;2;;;1;3;1;;;1;1
11;3;7;28;28079;;3;2;No inventariada;;9;10;2;;;1;3;1;;;1;998
11;3;9;28;28079;;3;2;No inventariada;;9;2;2;;;1;1;1;;;1;998
11;2;13;28;28079;;3;2;No inventariada;;9;4;2;;;1;1;1;;;1;998
11;2;12;28;28079;;3;2;No inventariada;;9;10;1;4;;1;1;1;;;18;998
11;3;9;28;28079;;3;2;No inventariada;;9;7;2;;;1;1;1;;;1;998
11;3;9;28;28079;;3;2;No inventariada;;9;4;2;;;1;1;1;;;1;998
11;3;9;28;28079;;3;2;No inventariada;;9;2;1;1;;1;1;1;;;1;998
11;3;9;28;28079;;3;2;No inventariada;;9;3;2;;;1;1;1;;;1;998
11;3;12;28;28079;;3;2;No inventariada;;9;3;2;;;1;1;1;;;1;998
11;3;13;28;28079;;3;2;No inventariada;;9;7;1;1;;1;1;1;;;1;998
11;3;9;28;28079;;3;2;No inventariada;;9;2;1;1;;1;1;1;;;1;998
11;3;12;28;28079;;3;2;No inventariada;;9;2;1;1;;1;1;1;;;18;998
11;3;14;28;28079;;3;2;No inventariada;;9;4;2;;;1;1;1;;;1;998
11;3;15;28;28079;;3;2;No inventariada;;9;10;2;;;1;1;1;;;1;998
11;3;16;28;28079;;1;1;A-6;10,5;2;4;2;;;1;1;1;;;1;1
11;1;15;28;28079;;3;2;No inventariada;;9;5;2;;;1;2;1;;;6;998
11;2;18;28;28079;;3;2;No inventariada;;9;4;2;;;1;3;1;;;18;998
11;3;17;28;28079;;3;2;No inventariada;;9;2;1;4;;1;2;1;;;1;998
11;3;19;28;28079;;3;2;No inventariada;;9;4;2;;;1;4;1;;;1;998
11;3;19;28;28079;;3;2;No inventariada;;9;7;2;;;1;4;1;;;17;998
11;3;14;28;28079;;3;2;No inventariada;;9;7;1;2;;1;1;1;;;1;998
11;3;19;28;28079;;3;2;No inventariada;;9;10;1;12;;1;6;1;;;18;998
11;1;16;28;28079;;3;2;No inventariada;;9;4;2;;;1;1;1;;;18;998
11;3;19;28;28079;;3;2;No inventariada;;9;2;1;4;;1;3;1;;;1;998
11;3;21;28;28079;;3;2;No inventariada;;9;10;1;2;;3;4;1;;;2;998
11;3;7;28;28079;;3;2;No inventariada;;9;2;2;;;1;4;1;;;1;998
11;3;22;28;28079;;3;2;No inventariada;;9;7;2;;;1;4;1;;;18;998
11;3;23;28;28079;;3;2;No inventariada;;9;4;1;1;;1;4;1;;;1;998
11;4;2;28;28079;;3;2;No inventariada;;9;2;2;;;1;4;1;;;1;998
11;3;21;28;28079;;3;2;No inventariada;;9;10;2;;;1;5;1;;;1;998
11;4;3;28;28079;;3;2;No inventariada;;9;7;2;;;1;4;1;;;1;998
11;4;5;28;28079;;3;2;No inventariada;;9;11;2;;;1;4;1;;;1;998
11;7;12;28;28079;;3;2;No inventariada;;9;4;1;1;;1;1;2;;;1;998
11;4;7;28;28079;;1;1;M-45;10,706;3;4;2;;;1;4;1;;;1;1
11;4;8;28;28079;;3;2;No inventariada;;9;7;2;;;1;1;1;;;17;998
11;4;6;28;28079;;3;2;No inventariada;;9;2;2;;;1;4;1;;;1;998
11;3;13;28;28079;;3;2;No inventariada;;9;19;1;1;;1;1;1;;;1;998
11;3;13;28;28079;;3;2;No inventariada;;9;15;1;4;;1;1;1;;;1;998
11;4;9;28;28079;;3;2;No inventariada;;9;2;1;2;;1;1;1;;;9;998
11;1;13;28;28079;;3;2;No inventariada;;9;2;2;;;1;1;1;;;18;998
11;1;13;28;28079;;3;2;No inventariada;;9;3;1;12;;1;1;2;;;1;998
11;4;9;28;28079;;3;2;No inventariada;;9;2;1;1;;1;1;1;;;18;998
11;4;8;28;28079;;3;2;No inventariada;;9;7;1;4;;1;1;1;;;1;998
11;4;9;28;28079;;3;2;No inventariada;;9;4;2;;;1;1;1;;;1;998
11;4;9;28;28079;;3;2;No inventariada;;9;2;2;;;1;1;1;;;1;998
11;4;9;28;28079;;3;2;No inventariada;;9;7;1;2;;1;1;1;;;1;998
11;4;8;28;28079;;3;2;No inventariada;;9;3;2;;;1;1;1;;;1;998
11;4;12;28;28079;;3;2;No inventariada;;9;3;2;;;1;1;1;;;1;998
11;4;9;28;28079;;3;2;No inventariada;;9;2;1;1;;1;1;1;;;18;998
11;3;15;28;28079;;3;2;No inventariada;;9;7;2;;;1;1;1;;;1;998
11;4;15;28;28079;;3;2;No inventariada;;9;10;2;;;1;1;1;;;1;998
11;4;16;28;28079;;3;2;No inventariada;;9;3;2;;;1;1;1;;;1;998
11;4;14;28;28079;;3;2;No inventariada;;9;2;1;2;;1;1;1;;;1;998
11;4;17;28;28079;;1;1;A-3;8,416;3;4;2;;;1;3;1;;;1;1
11;4;17;28;28079;;3;2;No inventariada;;9;12;1;1;;1;1;1;;;9;998
11;4;18;28;28079;;3;2;No inventariada;;9;2;1;2;;1;4;1;;;1;998
11;3;20;28;28079;;3;2;No inventariada;;9;2;1;4;;1;4;1;;;1;998
11;4;19;28;28079;;1;1;M-40;16,996;3;4;2;;;1;4;1;;;1;1
11;4;18;28;28079;;3;2;No inventariada;;9;10;1;1;;1;4;1;;;1;998
11;4;17;28;28079;;3;2;No inventariada;;9;2;2;;;1;1;1;;;6;998
11;4;14;28;28079;;3;2;No inventariada;;9;2;2;;;1;1;1;;;18;998
11;4;16;28;28079;;3;2;No inventariada;;9;4;2;;;1;1;1;;;1;998
11;4;18;28;28079;;3;2;No inventariada;;9;4;2;;;1;4;1;;;1;998
11;4;19;28;28079;;3;2;No inventariada;;9;4;1;4;;1;4;1;;;1;998
11;7;21;28;28079;;3;2;No inventariada;;9;2;1;1;;1;4;1;;;1;998
11;4;20;28;28079;;3;2;No inventariada;;9;2;1;1;;1;4;7;;;18;998
11;4;21;28;28079;;3;2;No inventariada;;9;3;2;;;1;4;1;;;1;998
11;4;21;28;28079;;3;2;No inventariada;;9;6;1;4;;1;4;1;;;1;998
11;2;6;28;28079;;3;2;No inventariada;;9;2;1;4;;1;4;1;;;18;998
11;4;23;28;28079;;3;2;No inventariada;;9;4;2;;;1;4;1;;;1;998
11;5;1;28;28079;;1;1;A-6;9,6;2;4;2;;;3;4;1;;;1;1
11;5;0;28;28079;;3;2;No inventariada;;9;2;1;5;;1;4;1;;;1;998
11;5;2;28;28079;;3;2;No inventariada;;9;7;1;1;;1;4;1;;;9;998
11;4;23;28;28079;;3;2;No inventariada;;9;4;2;;;1;4;1;;;1;998
11;5;4;28;28079;;3;2;No inventariada;;9;1;1;1;;1;4;1;;;1;998
11;5;3;28;28079;;3;2;No inventariada;;9;7;2;;;1;4;1;;;1;998
11;4;13;28;28079;;3;2;No inventariada;;9;4;2;;;1;1;1;;;1;998
11;5;8;28;28079;;3;2;No inventariada;;9;12;1;2;;1;1;1;;;1;998
11;4;11;28;28079;;3;2;No inventariada;;9;15;2;;;1;1;1;;;1;998
11;5;8;28;28079;;3;2;No inventariada;;9;3;1;2;;1;1;1;;;18;998
11;5;9;28;28079;;3;2;No inventariada;;9;7;1;4;;1;1;1;;;3;998
11;5;11;28;28079;;3;2;No inventariada;;9;10;2;;;1;1;1;;;1;998
11;5;9;28;28079;;3;2;No inventariada;;9;7;2;;;1;1;1;;;18;998
11;5;11;28;28079;;3;2;No inventariada;;9;12;2;;;1;1;1;;;1;998
11;3;13;28;28079;;3;2;No inventariada;;9;10;2;;;2;1;1;;;1;998
11;5;11;28;28079;;3;2;No inventariada;;9;4;2;;;1;1;1;;;1;998
11;5;10;28;28079;;3;2;No inventariada;;9;20;2;;;1;1;1;;;1;998
11;4;17;28;28079;;3;2;No inventariada;;9;7;2;;;1;1;1;;;1;998
11;4;20;28;28079;;3;2;No inventariada;;9;4;1;4;;1;4;1;;;1;998
11;5;14;28;28079;;3;2;No inventariada;;9;10;2;;;1;1;1;;;1;998
11;5;15;28;28079;;3;2;No inventariada;;9;7;2;;;1;1;1;;;9;998
11;4;22;28;28079;;3;2;No inventariada;;9;10;1;1;;1;4;1;;;18;998
11;4;20;28;28079;;3;2;No inventariada;;9;2;1;1;;1;4;1;;;1;998
11;5;15;28;28079;;3;2;No inventariada;;9;2;1;4;;1;1;2;;;1;998
11;5;15;28;28079;;3;2;No inventariada;;9;4;2;;;1;1;1;;;1;998
11;5;14;28;28079;;3;2;No inventariada;;9;3;1;1;;1;1;1;;;18;998
11;5;14;28;28079;;3;2;No inventariada;;9;4;2;;;1;1;1;;;1;998
11;5;16;28;28079;;3;2;No inventariada;;9;2;1;1;;1;1;1;;;18;998
11;5;15;28;28079;;3;2;No inventariada;;9;4;2;;;1;1;1;;;1;998
11;5;15;28;28079;;3;2;No inventariada;;9;4;1;2;;1;1;1;;;1;998
11;5;20;28;28079;;3;2;No inventariada;;9;10;2;;;1;4;1;;;1;998
11;5;15;28;28079;;3;2;No inventariada;;9;4;2;;;1;1;1;;;1;998
11;5;19;28;28079;;3;2;No inventariada;;9;2;2;;;1;3;1;;;1;998
11;5;18;28;28079;;3;2;No inventariada;;9;6;2;;;1;3;1;;;1;998
11;5;21;28;28079;;3;2;No inventariada;;9;10;1;1;;2;4;1;;;1;998
11;5;21;28;28079;;3;2;No inventariada;;9;4;2;;;1;4;1;;;1;998
11;6;1;28;28079;;3;2;No inventariada;;9;2;1;1;;1;4;1;;;1;998
11;6;0;28;28079;;3;2;No inventariada;;9;10;2;;;1;4;1;;;1;998
11;5;22;28;28079;;3;2;No inventariada;;9;10;1;2;;1;4;1;;;1;998
11;6;1;28;28079;;3;2;No inventariada;;9;2;2;;;1;4;1;;;1;998
11;6;1;28;28079;;3;2;No inventariada;;9;12;2;;;1;3;1;;;1;998
11;6;1;28;28079;;3;2;No inventariada;;9;4;2;;;1;4;1;;;18;998
11;5;12;28;28079;;3;2;No inventariada;;9;4;2;;;1;1;1;;;1;998
11;6;5;28;28079;;1;1;R-3;5,3;1;6;2;;;1;4;1;;;8;1
11;5;7;28;28079;;3;2;No inventariada;;9;2;1;1;;1;4;1;;;18;998
11;6;11;28;28079;;3;2;No inventariada;;9;16;1;2;;1;1;1;;;1;998
11;6;12;28;28079;;3;2;No inventariada;;9;2;2;;;1;1;1;;;1;998
11;6;11;28;28079;;3;2;No inventariada;;9;4;2;;;1;1;1;;;1;998
11;6;12;28;28079;;3;2;No inventariada;;9;7;2;;;1;1;1;;;18;998
11;2;16;28;28079;;3;2;No inventariada;;9;5;2;;;1;1;1;;;1;998
11;6;15;28;28079;;3;2;No inventariada;;9;16;1;1;;1;1;1;;;1;998
11;6;15;28;28079;;1;1;M-40;56,794;3;10;2;;;1;1;1;;;1;1
11;6;15;28;28079;;3;2;No inventariada;;9;4;1;2;;1;1;1;;;1;998
11;6;16;28;28079;;3;2;No inventariada;;9;1;2;;;1;1;1;;;1;998
11;6;16;28;28079;;3;2;No inventariada;;9;7;1;1;;1;1;1;;;1;998
11;6;15;28;28079;;3;2;No inventariada;;9;2;1;4;;1;1;1;;;1;998
11;5;19;28;28079;;3;2;No inventariada;;9;5;1;1;;1;4;1;;;1;998
11;6;15;28;28079;;3;2;No inventariada;;9;4;2;;;1;1;1;;;1;998
11;6;18;28;28079;;3;2;No inventariada;;9;10;2;;;1;3;1;;;1;998
11;6;20;28;28079;;3;2;No inventariada;;9;12;1;2;;1;4;1;;;1;998
11;6;23;28;28079;;1;1;A-6;7,001;2;12;2;;;1;4;1;;;4;3
11;6;22;28;28079;;3;2;No inventariada;;9;4;2;;;1;4;1;;;1;998
11;6;6;28;28079;;3;2;No inventariada;;9;6;2;;;1;4;1;;;1;998
11;6;23;28;28079;;3;2;No inventariada;;9;4;2;;;1;4;1;;;1;998
12;7;2;28;28079;;3;2;No inventariada;;9;2;1;2;;1;4;1;;;1;998
12;7;0;28;28079;;3;2;No inventariada;;9;10;2;;;1;4;1;;;18;998
11;6;22;28;28079;;3;2;No inventariada;;9;2;1;1;;1;4;1;;;1;998
12;7;0;28;28079;;3;2;No inventariada;;9;3;1;2;;1;5;1;;;1;998
12;7;1;28;28079;;3;2;No inventariada;;9;2;2;;;1;4;1;;;1;998
12;7;3;28;28079;;3;2;No inventariada;;9;2;1;1;;1;4;1;;;1;998
11;6;12;28;28079;;3;2;No inventariada;;9;7;2;;;1;1;1;;;1;998
12;7;5;28;28079;;3;2;No inventariada;;9;5;2;;;1;4;1;;;1;998
11;6;12;28;28079;;3;2;No inventariada;;9;4;2;;;1;1;1;;;1;998
11;6;13;28;28079;;3;2;No inventariada;;9;3;1;1;;1;1;1;;;1;998
11;5;8;28;28079;;3;2;No inventariada;;9;2;1;2;;1;1;1;;;18;998
11;6;12;28;28079;;3;2;No inventariada;;9;10;1;4;;1;1;1;;;1;998
11;6;9;28;28079;;3;2;No inventariada;;9;4;2;;;1;1;1;;;18;998
12;7;6;28;28079;;3;2;No inventariada;;9;15;2;;;1;4;1;;;1;998
11;6;12;28;28079;;3;2;No inventariada;;9;4;2;;;1;1;1;;;1;998
12;7;7;28;28079;;3;2;No inventariada;;9;10;2;;;1;2;1;;;1;998
12;7;7;28;28079;;3;2;No inventariada;;9;6;2;;;1;3;1;;;1;998
11;6;13;28;28079;;3;2;No inventariada;;9;4;2;;;1;1;1;;;1;998
11;6;14;28;28079;;3;2;No inventariada;;9;4;1;1;;1;1;1;;;1;998
12;7;9;28;28079;;3;2;No inventariada;;9;1;1;12;;1;1;1;;;1;998
12;7;13;28;28079;;1;1;M-40;16,479;3;4;2;;;1;1;1;;;1;1
12;7;12;28;28079;;3;2;No inventariada;;9;5;1;1;;1;1;2;;;1;998
11;6;19;28;28079;;3;2;No inventariada;;9;4;1;1;;1;4;1;;;1;998
12;7;1;28;28079;;3;2;No inventariada;;9;12;1;5;;1;4;1;;;1;998
12;7;15;28;28079;;3;2;No inventariada;;9;4;1;5;;1;1;1;;;1;998
11;6;22;28;28079;;3;2;No inventariada;;9;10;2;;;1;4;1;;;1;998
12;7;14;28;28079;;3;2;No inventariada;;9;3;2;;;1;1;1;;;1;998
11;6;14;28;28079;;3;2;No inventariada;;9;4;2;;;1;1;1;;;1;998
12;7;18;28;28079;;3;2;No inventariada;;9;10;2;;;8;4;3;;;18;998
11;6;17;28;28079;;3;2;No inventariada;;9;7;2;;;1;2;1;;;18;998
12;7;19;28;28079;;3;2;No inventariada;;9;2;1;2;;1;4;1;;;1;998
12;7;20;28;28079;;3;2;No inventariada;;9;11;2;;;1;3;1;;;18;998
12;7;21;28;28079;;3;2;No inventariada;;9;2;1;2;;1;4;1;;;1;998
12;7;22;28;28079;;3;2;No inventariada;;9;4;2;;;1;4;1;;;1;998
12;1;6;28;28079;;3;2;No inventariada;;9;7;2;;;1;4;2;;;1;998
12;1;8;28;28079;;3;2;No inventariada;;9;2;1;4;;1;1;2;;;1;998
12;1;8;28;28079;;3;2;No inventariada;;9;7;1;2;;1;4;1;;;18;998
12;1;9;28;28079;;3;2;No inventariada;;9;16;1;1;;1;1;2;;;1;998
12;1;11;28;28079;;3;2;No inventariada;;9;10;2;;;3;1;3;;;9;998
12;1;9;28;28079;;3;2;No inventariada;;9;4;2;;;3;1;3;;;1;998
12;1;11;28;28079;;1;1;M-21;0,9;8;4;2;;;3;1;3;;;1;1
12;1;11;28;28079;;3;2;No inventariada;;9;10;2;;;3;1;3;;;18;998
12;1;11;28;28079;;3;2;No inventariada;;9;10;2;;;3;1;3;;;9;998
12;1;10;28;28079;;3;2;No inventariada;;9;10;1;1;;3;1;3;;;1;998
12;1;13;28;28079;;1;1;M-40;11,291;2;4;2;;;1;1;1;;;1;1
11;6;18;28;28079;;3;2;No inventariada;;9;4;2;;;1;4;1;;;1;998
11;6;14;28;28079;;3;2;No inventariada;;9;2;2;;;9;1;1;;;18;998
12;1;15;28;28079;;3;2;No inventariada;;9;1;2;;;1;1;1;;;1;998
11;5;15;28;28079;;3;2;No inventariada;;9;3;1;1;;1;1;1;;;1;998
12;1;15;28;28079;;3;2;No inventariada;;9;2;1;1;;1;1;1;;;1;998
12;1;18;28;28079;;1;1;M-40;3,95;3;10;2;;;1;4;2;;;1;1
12;1;18;28;28079;;3;2;No inventariada;;9;10;1;1;;1;4;1;;;1;998
12;1;17;28;28079;;3;2;No inventariada;;9;2;2;;;1;1;1;;;1;998
12;1;18;28;28079;;3;2;No inventariada;;9;4;1;1;;1;4;1;;;1;998
11;5;14;28;28079;;3;2;No inventariada;;9;7;1;1;;1;1;1;;;18;998
12;1;17;28;28079;;3;2;No inventariada;;9;2;1;2;;1;1;1;;;1;998
12;1;19;28;28079;;3;2;No inventariada;;9;4;2;;;1;4;1;;;1;998
12;1;15;28;28079;;3;2;No inventariada;;9;2;1;1;;1;1;1;;;18;998
12;1;19;28;28079;;3;2;No inventariada;;9;4;2;;;1;4;2;;;1;998
12;1;18;28;28079;;3;2;No inventariada;;9;7;1;12;;1;3;1;;;1;998
12;1;21;28;28079;;3;2;No inventariada;;9;2;1;1;;1;3;1;;;1;998
12;1;22;28;28079;;3;2;No inventariada;;9;10;2;;;3;4;1;;;18;998
11;5;6;28;28079;;3;2;No inventariada;;9;2;2;;;1;3;1;;;1;998
12;1;21;28;28079;;3;2;No inventariada;;9;2;2;;;1;4;2;;;1;998
12;1;22;28;28079;;3;2;No inventariada;;9;2;2;;;1;4;1;;;1;998
12;2;0;28;28079;;3;2;No inventariada;;9;10;1;2;;1;4;1;;;1;998
12;2;2;28;28079;;3;2;No inventariada;;9;9;2;;;1;4;1;;;1;998
12;2;7;28;28079;;1;1;M-607;12,941;3;12;2;;;1;4;1;;;1;1
12;1;7;28;28079;;1;1;A-3;11,2;3;10;2;;;1;4;1;;;1;1
12;2;7;28;28079;;3;2;No inventariada;;9;7;2;;;1;4;1;;;7;998
12;2;7;28;28079;;3;2;No inventariada;;9;3;1;4;;1;4;1;;;1;998
11;6;12;28;28079;;3;2;No inventariada;;9;2;1;1;;1;1;2;;;1;998
12;1;13;28;28079;;3;2;No inventariada;;9;4;2;;;1;1;2;;;1;998
12;2;8;28;28079;;3;2;No inventariada;;9;2;1;5;;1;1;1;;;1;998
11;2;13;28;28079;;3;2;No inventariada;;9;4;2;;;1;1;1;;;1;998
12;2;11;28;28079;;3;2;No inventariada;;9;2;2;;;1;1;1;;;9;998
12;2;11;28;28079;;3;2;No inventariada;;9;7;1;2;;1;1;1;;;1;998
11;5;9;28;28079;;3;2;No inventariada;;9;4;2;;;1;1;1;;;1;998
12;2;7;28;28079;;3;2;No inventariada;;9;3;2;;;1;4;1;;;18;998
11;6;13;28;28079;;3;2;No inventariada;;9;4;2;;;1;1;1;;;1;998
12;2;12;28;28079;;3;2;No inventariada;;9;10;2;;;1;1;1;;;1;998
12;2;12;28;28079;;3;2;No inventariada;;9;20;1;2;;1;1;1;;;1;998
12;2;12;28;28079;;3;2;No inventariada;;9;2;1;2;;1;1;1;;;1;998
11;4;10;28;28079;;3;2;No inventariada;;9;16;1;5;;1;1;1;;;1;998
12;1;19;28;28079;;3;2;No inventariada;;9;4;2;;;1;6;1;;;17;998
11;4;18;28;28079;;3;2;No inventariada;;9;4;2;;;1;3;1;;;1;998
12;7;21;28;28079;;3;2;No inventariada;;9;10;2;;;3;3;1;;;1;998
12;1;14;28;28079;;3;2;No inventariada;;9;10;1;1;;3;1;2;;;1;998
12;2;16;28;28079;;3;2;No inventariada;;9;7;2;;;1;1;1;;;11;998
12;2;14;28;28079;;3;2;No inventariada;;9;4;2;;;1;1;1;;;1;998
12;2;14;28;28079;;3;2;No inventariada;;9;7;2;;;1;1;1;;;1;998
12;1;18;28;28079;;3;2;No inventariada;;9;5;2;;;1;4;1;;;1;998
12;2;17;28;28079;;3;2;No inventariada;;9;4;1;2;;1;1;1;;;1;998
12;2;20;28;28079;;3;2;No inventariada;;9;7;1;1;;3;4;3;;;1;998
12;2;18;28;28079;;3;2;No inventariada;;9;2;1;1;;3;4;3;;;1;998
12;2;19;28;28079;;3;2;No inventariada;;9;2;2;;;3;4;3;;;1;998
12;2;19;28;28079;;3;2;No inventariada;;9;10;2;;;3;4;3;;;5;998
12;2;20;28;28079;;3;2;No inventariada;;9;2;2;;;3;4;3;;;1;998
12;2;19;28;28079;;3;2;No inventariada;;9;7;1;2;;1;4;3;;;1;998
12;2;20;28;28079;;3;2;No inventariada;;9;7;1;2;;1;1;1;;;1;998
11;5;22;28;28079;;3;2;No inventariada;;9;1;2;;;1;4;1;;;1;998
12;2;22;28;28079;;3;2;No inventariada;;9;6;1;2;;1;4;1;;;1;998
12;2;21;28;28079;;3;2;No inventariada;;9;2;1;4;;3;4;1;;;1;998
12;3;2;28;28079;;3;2;No inventariada;;9;10;2;;;1;4;1;;;1;998
12;2;17;28;28079;;3;2;No inventariada;;9;7;2;;;9;2;7;;;9;998
12;2;13;28;28079;;3;2;No inventariada;;9;4;1;11;;1;1;1;;;1;998
12;2;6;28;28079;;3;2;No inventariada;;9;7;1;1;;1;4;1;;;1;998
12;3;7;28;28079;;3;2;No inventariada;;9;10;2;;;1;4;1;;;18;998
12;3;8;28;28079;;3;2;No inventariada;;9;12;2;;;1;4;1;;;18;998
12;2;13;28;28079;;3;2;No inventariada;;9;2;1;1;;1;1;1;;;1;998
12;2;13;28;28079;;3;2;No inventariada;;9;4;1;1;;1;1;1;;;1;998
12;2;12;28;28079;;3;2;No inventariada;;9;7;1;1;;1;1;1;;;6;998
12;3;8;28;28079;;1;1;M-40;52,307;3;4;2;;;1;1;1;;;1;1
12;1;8;28;28079;;3;2;No inventariada;;9;4;2;;;3;1;2;;;1;998
12;3;11;28;28079;;3;2;No inventariada;;9;7;2;;;1;1;1;;;9;998
12;2;9;28;28079;;3;2;No inventariada;;9;7;1;1;;1;1;1;;;1;998
12;3;9;28;28079;;3;2;No inventariada;;9;7;2;;;1;1;1;;;1;998
12;3;12;28;28079;;1;1;M-40;57,2;3;5;2;;;1;1;1;;;1;1
12;3;9;28;28079;0;3;2;No inventariada;;9;2;1;1;;1;1;1;;;1;998
12;3;10;28;28079;;3;2;No inventariada;;9;19;1;4;;1;1;1;;;1;998
12;3;10;28;28079;;3;2;No inventariada;;9;4;2;;;1;1;1;;;1;998
12;2;17;28;28079;;3;2;No inventariada;;9;4;2;;;1;1;1;;;1;998
12;3;16;28;28079;;1;1;A-3;13,505;3;5;2;;;1;1;1;;;1;1
12;3;15;28;28079;;3;2;No inventariada;;9;4;2;;;1;1;1;;;1;998
12;3;15;28;28079;;3;2;No inventariada;;9;7;2;;;1;1;1;;;1;998
12;2;21;28;28079;;3;2;No inventariada;;9;4;1;2;;3;4;3;;;1;998
12;3;17;28;28079;;3;2;No inventariada;;9;10;1;1;;1;1;1;;;18;998
12;3;16;28;28079;;3;2;No inventariada;;9;10;2;;;1;1;1;;;9;998
12;3;14;28;28079;;3;2;No inventariada;;9;3;2;;;1;1;1;;;1;998
12;1;18;28;28079;;3;2;No inventariada;;9;10;2;;;1;4;1;;;1;998