MES;DIA_SEMANA;HORA;COD_PROVINCIA;COD_MUNICIPIO;ISLA;ZONA;ZONA_AGRUPADA;CARRETERA;KM;TIPO_VIA;TIPO_ACCIDENTE;NUDO;NUDO_INFO;CARRETERA_CRUCE;CONDICION_FIRME;CONDICION_ILUMINACION;CONDICION_METEO;CONDICION_NIEBLA;CONDICION_VIENTO;VISIB_RESTRINGIDA_POR;TRAZADO_PLANTA
12;3;17;28;28079;;3;2;No inventariada;;9;1;2;;;9;1;7;;;18;998
12;3;17;28;28079;;3;2;No inventariada;;9;10;2;;;1;4;1;;;1;998
12;3;15;28;28079;;3;2;No inventariada;;9;10;2;;;1;1;1;;;1;998
12;2;21;28;28079;;3;2;No inventariada;;9;10;1;1;;3;4;2;;;1;998
12;3;15;28;28079;;3;2;No inventariada;;9;4;2;;;1;1;1;;;1;998
12;3;16;28;28079;;3;2;No inventariada;;9;4;2;;;1;1;7;;;1;998
12;3;16;28;28079;;3;2;No inventariada;;9;4;2;;;1;1;1;;;6;998
12;3;18;28;28079;;3;2;No inventariada;;9;4;1;1;;1;4;1;;;1;998
12;3;18;28;28079;;3;2;No inventariada;;9;2;1;1;;1;4;1;;;1;998
11;2;9;28;28079;;1;1;A-2;12;3;3;2;;;1;1;2;;;1;1
12;3;22;28;28079;;3;2;No inventariada;;9;10;2;;;1;4;1;;;1;998
12;4;0;28;28079;;3;2;No inventariada;;9;7;1;1;;1;4;1;;;9;998
12;3;7;28;28079;;3;2;No inventariada;;9;2;2;;;3;4;2;;;1;998
12;4;12;28;28079;;3;2;No inventariada;;9;10;2;;;2;1;1;;;1;998
12;4;9;28;28079;;3;2;No inventariada;;9;4;2;;;1;4;1;;;1;998
12;4;11;28;28079;;3;2;No inventariada;;9;7;2;;;1;1;1;;;1;998
12;4;11;28;28079;;3;2;No inventariada;;9;2;2;;;1;1;1;;;18;998
12;4;13;28;28079;;3;2;No inventariada;;9;10;2;;;1;1;1;;;18;998
12;4;12;28;28079;;3;2;No inventariada;;9;12;1;2;;1;1;1;;;1;998
11;7;3;28;28079;;3;2;No inventariada;;9;6;1;2;;1;4;1;;;1;998
11;2;3;28;28079;;3;2;No inventariada;;9;15;1;4;;1;4;1;;;1;998
12;4;15;28;28079;;3;2;No inventariada;;9;10;1;1;;1;1;1;;;1;998
12;4;14;28;28079;;3;2;No inventariada;;9;10;1;2;;1;1;1;;;1;998
12;3;14;28;28079;;3;2;No inventariada;;9;7;2;;;1;1;1;;;1;998
12;4;15;28;28079;;3;2;No inventariada;;9;4;1;1;;1;1;1;;;1;998
12;4;15;28;28079;;3;2;No inventariada;;9;4;1;2;;1;1;1;;;1;998
12;3;18;28;28079;;3;2;No inventariada;;9;5;2;;;1;2;1;;;1;998
12;7;17;28;28079;;3;2;No inventariada;;9;2;1;1;;1;1;2;;;18;998
12;4;19;28;28079;;3;2;No inventariada;;9;3;2;;;1;4;1;;;1;998
12;4;18;28;28079;;3;2;No inventariada;;9;2;1;2;;1;4;1;;;1;998
12;4;17;28;28079;;3;2;No inventariada;;9;2;1;1;;1;1;1;;;1;998
12;4;17;28;28079;;3;2;No inventariada;;9;3;2;;;1;1;1;;;12;998
12;4;18;28;28079;;3;2;No inventariada;;9;10;2;;;1;4;1;;;1;998
12;4;20;28;28079;;3;2;No inventariada;;9;3;1;1;;1;4;1;;;1;998
12;4;20;28;28079;;3;2;No inventariada;;9;3;1;2;;1;4;1;;;1;998
12;4;20;28;28079;;3;2;No inventariada;;9;2;1;1;;1;4;1;;;1;998
12;4;13;28;28079;;3;2;No inventariada;;9;3;1;1;;1;1;1;;;1;998
12;4;23;28;28079;;3;2;No inventariada;;9;3;1;1;;1;4;1;;;1;998
12;4;5;28;28079;;3;2;No inventariada;;9;12;1;4;;1;3;1;;;1;998
12;4;22;28;28079;;3;2;No inventariada;;9;1;2;;;1;4;1;;;1;998
12;4;5;28;28079;;3;2;No inventariada;;9;10;1;2;;1;4;1;;;1;998
12;5;6;28;28079;;3;2;No inventariada;;9;10;1;1;;1;4;1;;;18;998
12;3;10;28;28079;;3;2;No inventariada;;9;10;1;2;;8;1;1;;;1;998
12;5;13;28;28079;;3;2;No inventariada;;9;9;2;;;1;1;1;;;1;998
12;5;13;28;28014;;1;1;A-3;22,51;3;2;1;2;M-300;1;1;1;;;1;1
12;4;15;28;28079;;3;2;No inventariada;;9;10;1;1;;1;1;1;;;1;998
12;5;18;28;28115;;1;1;M-40;43,633;3;14;2;;;8;4;1;;;18;4
12;5;17;28;28079;;3;2;No inventariada;;9;2;1;2;;1;1;1;;;18;998
12;5;20;28;28079;;1;1;A-6;13;2;4;2;;;1;4;7;;;18;4
12;5;16;28;28079;;3;2;No inventariada;;9;2;1;1;;1;1;1;;;1;998
10;5;23;28;28079;;3;2;No inventariada;;9;10;2;;;1;4;1;;;1;998
12;5;23;28;28079;;3;2;No inventariada;;9;2;1;5;;1;4;1;;;1;998
12;6;2;28;28079;;3;2;No inventariada;;9;10;2;;;3;4;1;;;1;998
12;6;1;28;28079;;3;2;No inventariada;;9;1;1;1;;1;4;1;;;1;998
12;6;2;28;28079;;3;2;No inventariada;;9;2;1;1;;1;4;1;;;1;998
12;5;11;28;28079;;3;2;No inventariada;;9;2;1;1;;1;1;1;;;1;998
12;6;10;28;28079;;3;2;No inventariada;;9;3;2;;;1;1;1;;;1;998
12;6;11;28;28079;;3;2;No inventariada;;9;7;1;2;;1;1;1;;;6;998
12;6;12;28;28079;;3;2;No inventariada;;9;7;2;;;1;1;1;;;1;998
12;6;9;28;28079;;3;2;No inventariada;;9;4;2;;;1;1;1;;;1;998
12;5;21;28;28079;;3;2;No inventariada;;9;12;2;;;1;4;1;;;1;998
12;6;15;28;28079;;3;2;No inventariada;;9;12;1;2;;1;1;1;;;1;998
12;6;15;28;28079;;3;2;No inventariada;;9;6;2;;;9;1;1;;;18;998
12;5;19;28;28079;;3;2;No inventariada;;9;2;1;2;;1;4;1;;;1;998
12;6;18;28;28079;;3;2;No inventariada;;9;2;1;2;;1;3;1;;;1;998
12;6;18;28;28079;;3;2;No inventariada;;9;4;1;2;;1;4;1;;;1;998
12;6;19;28;28079;;3;2;No inventariada;;9;10;2;;;1;4;1;;;18;998
12;5;21;28;28079;;3;2;No inventariada;;9;2;1;1;;1;4;1;;;1;998
12;5;20;28;28079;;3;2;No inventariada;;9;2;1;1;;1;3;1;;;1;998
12;6;21;28;28079;;3;2;No inventariada;;9;3;2;;;1;3;1;;;1;998
12;7;0;28;28079;;3;2;No inventariada;;9;2;1;4;;1;4;1;;;1;998
12;6;22;28;28079;;3;2;No inventariada;;9;4;2;;;1;4;1;;;1;998
12;7;0;28;28079;;3;2;No inventariada;;9;4;1;5;;1;4;1;;;1;998
12;7;3;28;28079;;3;2;No inventariada;;9;6;2;;;1;4;1;;;1;998
12;6;13;28;28079;;3;2;No inventariada;;9;12;1;2;;1;1;1;;;1;998
12;6;11;28;28079;;3;2;No inventariada;;9;12;1;4;;1;1;2;1;;18;998
12;6;13;28;28079;;3;2;No inventariada;;9;12;1;5;;1;1;1;;;1;998
12;7;12;28;28079;;3;2;No inventariada;;9;10;2;;;1;1;1;;;1;998
12;6;20;28;28079;;3;2;No inventariada;;9;7;1;1;;1;4;1;;;18;998
12;7;13;28;28079;;3;2;No inventariada;;9;10;2;;;1;1;1;;;1;998
12;7;15;28;28079;;3;2;No inventariada;;9;4;2;;;1;1;1;;;1;998
12;7;16;28;28079;;3;2;No inventariada;;9;10;1;2;;1;1;1;;;1;998
12;7;14;28;28079;;3;2;No inventariada;;9;6;2;;;1;1;1;;;1;998
12;7;19;28;28079;;3;2;No inventariada;;9;2;1;2;;1;4;1;;;9;998
12;7;22;28;28079;;3;2;No inventariada;;9;3;2;;;1;4;1;;;1;998
12;1;0;28;28079;;3;2;No inventariada;;9;2;1;2;;1;4;2;;;1;998
12;1;1;28;28079;;3;2;No inventariada;;9;2;1;4;;1;4;1;;;1;998
12;7;5;28;28079;;3;2;No inventariada;;9;12;2;;;1;4;1;;;1;998
12;1;6;28;28079;;1;1;M-605;3,5;6;13;2;;;1;6;1;;;1;1
12;1;8;28;28079;;3;2;No inventariada;;9;2;1;2;;1;1;1;;;1;998
12;7;13;28;28079;;3;2;No inventariada;;9;2;1;1;;1;1;1;;;1;998
12;1;9;28;28079;;3;2;No inventariada;;9;2;1;1;;1;3;1;;;9;998
12;1;10;28;28079;;1;1;M-607;19,2;3;4;2;;;1;1;1;;;18;4
12;1;10;28;28079;;3;2;No inventariada;;9;3;2;;;1;1;1;;;1;998
12;1;8;28;28079;;3;2;No inventariada;;9;10;1;2;;1;4;1;;;1;998
12;1;10;28;28079;;3;2;No inventariada;;9;7;2;;;1;1;1;;;1;998
12;1;9;28;28079;;3;2;No inventariada;;9;5;2;;;1;1;1;;;1;998
11;5;14;28;28079;;3;2;No inventariada;;9;4;2;;;1;1;1;;;1;998
12;1;13;28;28079;;3;2;No inventariada;;9;2;1;2;;1;1;1;;;1;998
11;5;19;28;28079;;3;2;No inventariada;;9;7;2;;;1;4;1;;;18;998
12;2;17;28;28079;;3;2;No inventariada;;9;4;1;11;;3;4;2;;;1;998
12;1;15;28;28079;;3;2;No inventariada;;9;3;1;10;;1;1;1;;;1;998
12;1;16;28;28079;;3;2;No inventariada;;9;10;2;;;1;1;1;;;1;998
11;4;20;28;28079;;3;2;No inventariada;;9;4;1;12;;1;4;2;;1;1;998
12;1;18;28;28079;;3;2;No inventariada;;9;3;1;1;;1;4;2;;;1;998
11;7;19;28;28079;;3;2;No inventariada;;9;4;2;;;1;4;2;;;1;998
12;5;20;28;28079;;3;2;No inventariada;;9;2;2;;;1;4;1;;;1;998
12;7;15;28;28079;;3;2;No inventariada;;9;7;1;1;;1;1;1;;;1;998
12;7;20;28;28079;;3;2;No inventariada;;9;2;1;4;;1;4;1;;;9;998
12;1;19;28;28079;;3;2;No inventariada;;9;10;2;;;1;4;1;;;1;998
12;1;20;28;28079;;3;2;No inventariada;;9;2;2;;;1;4;1;;;1;998
12;4;3;28;28079;;3;2;No inventariada;;9;7;1;12;;1;4;1;;;1;998
12;2;18;28;28079;;3;2;No inventariada;;9;3;2;;;1;4;2;;;1;998
12;2;0;28;28079;;3;2;No inventariada;;9;10;2;;;1;4;1;;;1;998
12;1;12;28;28079;;3;2;No inventariada;;9;2;1;1;;1;1;1;;;1;998
12;4;13;28;28079;;1;1;M-40;13;3;4;2;;;1;1;1;;;1;1
12;2;9;28;28079;;3;2;No inventariada;;9;16;1;2;;1;1;1;;;1;998
12;2;9;28;28079;;3;2;No inventariada;;9;10;2;;;8;1;1;;;1;998
12;2;10;28;28079;;3;2;No inventariada;;9;4;2;;;1;1;1;;;1;998
12;2;11;28;28079;;1;1;A-2;10,75;3;20;1;2;M-14;1;1;1;;;1;1
12;2;10;28;28079;;3;2;No inventariada;;9;2;1;2;;1;1;1;;;6;998
12;2;11;28;28079;;3;2;No inventariada;;9;4;2;;;1;1;1;;;1;998
12;2;10;28;28079;;3;2;No inventariada;;9;7;1;4;;1;1;1;;;1;998
12;4;13;28;28079;;3;2;No inventariada;;9;2;1;5;;1;1;1;;;1;998
12;2;7;28;28079;;3;2;No inventariada;;9;7;1;4;;1;3;1;;;1;998
12;7;12;28;28079;;3;2;No inventariada;;9;7;1;2;;1;1;1;;;1;998
12;1;20;28;28079;;3;2;No inventariada;;9;2;1;2;;1;4;1;;;1;998
12;2;15;28;28079;;3;2;No inventariada;;9;4;1;4;;1;1;1;;;1;998
12;2;14;28;28079;;3;2;No inventariada;;9;2;1;4;;1;1;1;;;1;998
12;2;17;28;28079;;3;2;No inventariada;;9;12;1;5;;1;1;1;;;1;998
12;2;18;28;28079;;3;2;No inventariada;;9;10;1;5;;7;4;1;;;5;998
12;2;15;28;28079;;3;2;No inventariada;;9;7;2;;;1;1;1;;;1;998
12;2;18;28;28079;;3;2;No inventariada;;9;10;1;1;;1;4;1;;;1;998
12;2;19;28;28079;;3;2;No inventariada;;9;2;1;2;;1;4;1;;;18;998
12;2;15;28;28079;;3;2;No inventariada;;9;4;1;1;;1;1;1;;;1;998
12;2;18;28;28079;;3;2;No inventariada;;9;1;2;;;1;3;2;;;18;998
12;1;21;28;28079;;3;2;No inventariada;;9;3;1;1;;1;4;1;;;10;998
12;2;18;28;28079;;3;2;No inventariada;;9;2;1;5;;1;4;1;;;1;998
12;2;22;28;28079;;3;2;No inventariada;;9;2;2;;;1;4;1;;;1;998
12;3;0;28;28079;;3;2;No inventariada;;9;10;1;4;;1;4;1;;;1;998
12;3;0;28;28079;;3;2;No inventariada;;9;2;1;1;;1;4;1;;;1;998
12;7;2;28;28079;;3;2;No inventariada;;9;16;2;;;2;5;1;;;18;998
12;2;9;28;28079;;3;2;No inventariada;;9;3;2;;;1;1;1;;;1;998
12;2;12;28;28079;;3;2;No inventariada;;9;7;1;2;;9;1;7;;;18;998
12;3;9;28;28079;;3;2;No inventariada;;9;1;1;2;;1;1;1;;;18;998
12;3;8;28;28079;;3;2;No inventariada;;9;2;1;5;;1;1;1;;;1;998
12;3;8;28;28079;;3;2;No inventariada;;9;4;1;1;;1;2;1;;;1;998
12;3;11;28;28079;;3;2;No inventariada;;9;2;1;4;;1;1;2;;;1;998
12;3;11;28;28079;;3;2;No inventariada;;9;3;2;;;1;1;2;;;18;998
12;2;21;28;28079;;3;2;No inventariada;;9;4;1;1;;1;3;1;;;1;998
12;4;14;28;28079;;3;2;No inventariada;;9;4;1;5;;1;1;1;;;18;998
12;2;16;28;28079;;3;2;No inventariada;;9;2;1;1;;1;1;1;;;1;998
12;3;14;28;28079;;3;2;No inventariada;;9;2;1;1;;1;1;1;;;1;998
12;3;18;28;28079;;3;2;No inventariada;;9;4;1;4;;1;4;1;;;1;998
12;3;17;28;28079;;3;2;No inventariada;;9;2;1;2;;1;3;1;;;9;998
12;3;18;28;28079;;3;2;No inventariada;;9;15;1;4;;2;4;1;;;1;998
12;3;18;28;28079;;3;2;No inventariada;;9;6;2;;;1;3;1;;;18;998
12;3;15;28;28079;;3;2;No inventariada;;9;2;2;;;1;1;1;;;9;998
12;3;19;28;28079;;3;2;No inventariada;;9;10;2;;;1;4;1;;;1;998
12;3;20;28;28079;;3;2;No inventariada;;9;7;1;2;;1;4;1;;;1;998
12;3;16;28;28079;;3;2;No inventariada;;9;2;1;2;;1;1;1;;;18;998
12;2;6;28;28079;;3;2;No inventariada;;9;2;1;1;;1;4;1;;;1;998
12;4;0;28;28079;;3;2;No inventariada;;9;2;1;1;;1;4;1;;;9;998
12;3;23;28;28079;;3;2;No inventariada;;9;2;1;1;;1;4;1;;;1;998
12;3;23;28;28079;;3;2;No inventariada;;9;5;1;2;;1;4;1;;;1;998
12;4;8;28;28079;;3;2;No inventariada;;9;4;2;;;1;3;1;;;1;998
12;3;11;28;28079;;3;2;No inventariada;;9;3;1;1;;1;1;1;;;1;998
12;4;8;28;28079;;3;2;No inventariada;;9;2;2;;;1;1;1;;;1;998
12;3;12;28;28079;;3;2;No inventariada;;9;4;2;;;1;1;1;;;1;998
12;4;9;28;28079;;3;2;No inventariada;;9;2;1;2;;1;1;1;;;1;998
12;4;11;28;28079;;3;2;No inventariada;;9;6;2;;;1;1;1;;;18;998
12;4;11;28;28079;;3;2;No inventariada;;9;4;2;;;1;1;1;;;1;998
12;4;10;28;28079;;3;2;No inventariada;;9;7;1;2;;1;1;1;;;1;998
12;4;12;28;28079;;3;2;No inventariada;;9;2;1;4;;1;1;1;;;1;998
12;4;9;28;28079;;3;2;No inventariada;;9;2;2;;;1;1;2;;;1;998
12;5;22;28;28079;;3;2;No inventariada;;9;3;1;1;;1;3;1;;;1;998
12;4;14;28;28079;;3;2;No inventariada;;9;10;2;;;1;1;1;;;1;998
12;2;14;28;28079;;3;2;No inventariada;;9;10;2;;;1;1;1;;;18;998
12;4;15;28;28079;;1;1;M-50;31,631;2;16;2;;;1;1;1;;;1;1
11;5;20;28;28079;;3;2;No inventariada;;9;4;2;;;1;4;1;;;1;998
12;4;14;28;28079;;3;2;No inventariada;;9;4;2;;;1;1;1;;;1;998
12;4;15;28;28079;;3;2;No inventariada;;9;2;1;1;;1;1;1;;;1;998
12;4;15;28;28079;;3;2;No inventariada;;9;12;1;4;;3;1;2;;;1;998
12;4;16;28;28079;;3;2;No inventariada;;9;6;2;;;1;1;1;;;1;998
12;4;19;28;28079;;3;2;No inventariada;;9;2;1;1;;1;3;1;;;1;998
12;4;19;28;28079;;3;2;No inventariada;;9;2;1;1;;1;3;1;;;18;998
12;4;19;28;28079;;3;2;No inventariada;;9;3;2;;;1;4;1;;;1;998
12;4;19;28;28079;;3;2;No inventariada;;9;7;1;2;;1;3;1;;;1;998
12;4;18;28;28079;;3;2;No inventariada;;9;7;2;;;1;4;1;;;1;998
12;4;19;28;28079;;3;2;No inventariada;;9;2;1;1;;1;4;1;;;1;998
12;4;20;28;28079;;3;2;No inventariada;;9;10;2;;;1;4;1;;;18;998
12;4;20;28;28079;;3;2;No inventariada;;9;4;1;1;;1;4;1;;;18;998
12;4;19;28;28079;;3;2;No inventariada;;9;2;1;2;;1;4;2;;;1;998
12;4;22;28;28006;;1;1;A-1;13;3;15;2;;;3;4;1;;;1;2
12;4;22;28;28079;;3;2;No inventariada;;9;10;1;2;;7;4;1;;;1;998
12;4;21;28;28079;;3;2;No inventariada;;9;2;1;2;;1;4;1;;;1;998
12;4;20;28;28079;;3;2;No inventariada;;9;4;2;;;1;4;1;;;1;998
12;4;23;28;28079;;3;2;No inventariada;;9;10;2;;;3;4;3;;;1;998
12;5;0;28;28079;;3;2;No inventariada;;9;2;1;4;;1;4;1;;;10;998
12;5;3;28;28079;;3;2;No inventariada;;9;4;2;;;1;4;3;;;1;998
12;4;13;28;28079;;3;2;No inventariada;;9;10;2;;;1;1;1;;;18;998
12;3;14;28;28079;;3;2;No inventariada;;9;10;1;1;;7;1;2;;;18;998
12;5;7;28;28079;;3;2;No inventariada;;9;12;1;4;;1;4;1;;;1;998
12;4;13;28;28079;;3;2;No inventariada;;9;2;2;;;1;1;1;;;1;998
12;4;12;28;28079;;3;2;No inventariada;;9;4;1;12;;1;1;1;;;1;998
12;5;8;28;28079;;3;2;No inventariada;;9;7;1;2;;3;6;3;;;5;998
12;5;8;28;28079;;3;2;No inventariada;;9;7;2;;;3;1;2;;;1;998
12;5;8;28;28079;;3;2;No inventariada;;9;2;1;1;;3;1;2;;;17;998
12;4;14;28;28079;;3;2;No inventariada;;9;19;1;2;;2;1;1;;;1;998
12;5;9;28;28079;;3;2;No inventariada;;9;15;1;2;;3;1;3;;;1;998
12;5;7;28;28079;;3;2;No inventariada;;9;4;1;2;;3;3;2;;;1;998
12;5;12;28;28079;;1;1;M-607;16,5;3;15;2;;;3;1;3;;;18;2
12;5;10;28;28079;;3;2;No inventariada;;9;10;2;;;3;1;2;;;1;998
12;5;11;28;28079;;3;2;No inventariada;;9;4;2;;;3;1;3;;;1;998
12;5;12;28;28079;;3;2;No inventariada;;9;7;2;;;3;1;3;;;1;998
12;5;14;28;28079;;3;2;No inventariada;;9;3;1;1;;1;1;1;;;1;998
12;5;13;28;28079;;3;2;No inventariada;;9;3;1;4;;1;4;2;;;1;998
12;5;14;28;28079;;3;2;No inventariada;;9;10;2;;;3;1;2;;;1;998
12;5;14;28;28079;;3;2;No inventariada;;9;4;2;;;3;1;2;;;1;998
12;5;16;28;28079;;3;2;No inventariada;;9;16;1;2;;1;1;2;;;1;998
12;5;18;28;28079;;3;2;No inventariada;;9;7;1;1;;1;4;1;;;1;998
12;5;16;28;28079;;3;2;No inventariada;;9;1;1;6;;1;1;1;;;1;998
12;5;18;28;28079;;3;2;No inventariada;;9;7;2;;;1;4;1;;;1;998
12;5;19;28;28079;;3;2;No inventariada;;9;10;2;;;8;3;1;;;1;998
12;5;19;28;28079;;3;2;No inventariada;;9;16;1;1;;1;3;1;;;1;998
12;5;19;28;28079;;3;2;No inventariada;;9;10;2;;;1;4;1;;;1;998
12;4;21;28;28079;;3;2;No inventariada;;9;2;2;;;1;4;1;;;1;998
12;5;19;28;28079;;3;2;No inventariada;;9;3;2;;;1;4;1;;;1;998
12;5;20;28;28079;;3;2;No inventariada;;9;3;1;5;;1;3;1;;;1;998
12;5;19;28;28079;;3;2;No inventariada;;9;7;1;1;;1;3;1;;;1;998
12;5;20;28;28079;;3;2;No inventariada;;9;1;1;1;;1;4;1;;;1;998
12;5;20;28;28079;;3;2;No inventariada;;9;7;2;;;1;4;1;;;1;998
12;5;21;28;28079;;3;2;No inventariada;;9;4;2;;;1;3;1;;;1;998
12;5;1;28;28079;;1;1;M-45;9,9;3;1;2;;;1;4;1;;;1;1
12;6;0;28;28079;;3;2;No inventariada;;9;4;2;;;1;4;1;;;1;998
12;6;1;28;28079;;3;2;No inventariada;;9;4;1;1;;1;4;1;;;1;998
12;6;0;28;28079;;3;2;No inventariada;;9;10;1;2;;9;4;7;;;17;998
12;6;4;28;28079;;3;2;No inventariada;;9;10;2;;;8;4;1;;;1;998
12;6;3;28;28079;;3;2;No inventariada;;9;4;2;;;1;3;1;;;1;998
12;6;1;28;28079;;3;2;No inventariada;;9;1;2;;;3;4;1;;;18;998
12;6;4;28;28079;;3;2;No inventariada;;9;2;1;1;;1;4;1;;;1;998
12;6;2;28;28079;;3;2;No inventariada;;9;4;1;4;;1;4;1;;;1;998
12;6;2;28;28079;;3;2;No inventariada;;9;2;1;4;;1;4;1;;;1;998
12;5;14;28;28079;;3;2;No inventariada;;9;3;1;2;;1;1;1;;;1;998
12;6;6;28;28079;;3;2;No inventariada;;9;2;1;5;;1;4;1;;;1;998
12;6;12;28;28079;;3;2;No inventariada;;9;2;2;;;1;1;1;;;18;998
12;6;12;28;28079;;3;2;No inventariada;;9;7;2;;;1;1;2;;;1;998
12;6;12;28;28079;;3;2;No inventariada;;9;7;1;2;;1;1;1;;;1;998
12;5;21;28;28079;;3;2;No inventariada;;9;4;1;4;;1;4;1;;;18;998
12;6;14;28;28079;;3;2;No inventariada;;9;7;2;;;1;1;1;;;1;998
12;6;17;28;28079;;3;2;No inventariada;;9;10;2;;;1;1;1;;;1;998
12;3;22;28;28079;;3;2;No inventariada;;9;7;2;;;1;4;1;;;1;998
12;6;14;28;28079;;3;2;No inventariada;;9;6;2;;;1;1;1;;;1;998
12;6;17;28;28079;;3;2;No inventariada;;9;7;2;;;1;1;1;;;1;998
12;6;15;28;28079;;3;2;No inventariada;;9;10;2;;;1;1;1;;;1;998
12;5;17;28;28079;;3;2;No inventariada;;9;4;1;2;;1;1;2;;;1;998
12;6;20;28;28079;;3;2;No inventariada;;9;4;2;;;1;4;1;;;1;998
12;6;20;28;28079;;1;1;M-50;34,15;2;15;2;;;1;6;7;;;18;4
12;6;22;28;28079;;3;2;No inventariada;;9;10;2;;;1;4;1;;;18;998
12;6;20;28;28079;;3;2;No inventariada;;9;2;1;4;;1;4;1;;;1;998
12;6;22;28;28079;;3;2;No inventariada;;9;10;2;;;1;4;1;;;1;998
12;6;22;28;28079;;3;2;No inventariada;;9;7;2;;;1;4;2;;;1;998
12;6;23;28;28079;;3;2;No inventariada;;9;2;2;;;1;4;1;;;18;998
12;7;1;28;28079;;3;2;No inventariada;;9;7;1;2;;1;4;1;;;1;998
12;7;1;28;28079;;3;2;No inventariada;;9;2;1;1;;1;4;1;1;;1;998
12;6;13;28;28079;;3;2;No inventariada;;9;4;2;;;1;1;2;;;1;998
12;6;14;28;28079;;3;2;No inventariada;;9;2;1;1;;1;1;1;;;1;998
12;6;13;28;28079;;3;2;No inventariada;;9;4;2;;;1;4;1;;;1;998
12;7;9;28;28079;;3;2;No inventariada;;9;10;1;1;;3;1;2;;;1;998
12;7;9;28;28079;;3;2;No inventariada;;9;4;2;;;1;1;1;;;6;998
12;7;13;28;28079;;3;2;No inventariada;;9;10;1;1;;8;1;1;;;1;998
12;6;18;28;28079;;3;2;No inventariada;;9;4;1;1;;1;4;1;;;1;998
12;7;14;28;28079;;3;2;No inventariada;;9;6;2;;;1;1;1;;;1;998
12;6;20;28;28079;;3;2;No inventariada;;9;4;1;1;;1;3;1;;;1;998
12;7;15;28;28079;;3;2;No inventariada;;9;10;2;;;1;1;1;;;1;998
12;7;15;28;28079;;3;2;No inventariada;;9;3;1;1;;1;1;1;;;18;998
12;7;12;28;28079;;3;2;No inventariada;;9;3;1;2;;1;1;1;;;1;998
12;5;20;28;28079;;3;2;No inventariada;;9;4;2;;;1;3;2;;;1;998
12;7;16;28;28079;;3;2;No inventariada;;9;7;2;;;1;1;1;;;1;998
12;6;19;28;28079;;3;2;No inventariada;;9;2;2;;;1;4;1;;;1;998
12;7;14;28;28079;;3;2;No inventariada;;9;7;2;;;1;1;1;;;1;998
12;7;17;28;28079;;3;2;No inventariada;;9;7;2;;;1;1;1;;;1;998
12;7;18;28;28079;;3;2;No inventariada;;9;3;2;;;1;4;1;;;1;998
12;7;18;28;28079;;3;2;No inventariada;;9;12;1;1;;1;4;1;;;1;998
12;7;20;28;28079;;3;2;No inventariada;;9;7;2;;;1;4;1;;;1;998
12;7;21;28;28079;;3;2;No inventariada;;9;2;1;2;;1;4;1;;;1;998
12;7;6;28;28079;;3;2;No inventariada;;9;7;2;;;1;4;1;;;18;998
12;1;2;28;28079;;3;2;No inventariada;;9;10;2;;;2;4;1;;;1;998
12;1;1;28;28079;;3;2;No inventariada;;9;2;1;4;;1;4;1;;;1;998
12;7;22;28;28079;;3;2;No inventariada;;9;4;2;;;1;3;1;;;1;998
12;7;23;28;28079;;3;2;No inventariada;;9;10;2;;;1;4;1;;;1;998
12;7;22;28;28079;;3;2;No inventariada;;9;10;2;;;1;4;1;;;1;998
12;1;5;28;28079;;3;2;No inventariada;;9;2;2;;;1;4;1;;;1;998
12;1;7;28;28079;;1;1;M-45;21,5;3;5;2;;;1;4;1;;;1;1