MES;DIA_SEMANA;HORA;COD_PROVINCIA;COD_MUNICIPIO;ISLA;ZONA;ZONA_AGRUPADA;CARRETERA;KM;TIPO_VIA;TIPO_ACCIDENTE;NUDO;NUDO_INFO;CARRETERA_CRUCE;CONDICION_FIRME;CONDICION_ILUMINACION;CONDICION_METEO;CONDICION_NIEBLA;CONDICION_VIENTO;VISIB_RESTRINGIDA_POR;TRAZADO_PLANTA
12;7;13;28;28079;;3;2;No inventariada;;9;12;1;11;;1;1;1;;;18;998
12;1;9;28;28079;;1;1;M-40;46,5;3;5;1;12;A-6;3;1;1;;;1;1
12;2;10;28;28079;;3;2;No inventariada;;9;10;2;;;1;1;1;;;1;998
12;1;8;28;28079;;3;2;No inventariada;;9;7;1;1;;1;1;1;;;1;998
12;1;8;28;28079;;3;2;No inventariada;;9;3;1;4;;1;1;2;;;18;998
12;1;2;28;28079;0;3;2;No inventariada;;9;16;1;2;;1;4;1;;;1;998
12;2;11;28;28079;;3;2;No inventariada;;9;3;2;;;1;1;1;;;1;998
12;7;13;28;28079;;3;2;No inventariada;;9;2;2;;;1;1;1;;;1;998
12;1;10;28;28079;;3;2;No inventariada;;9;4;2;;;1;1;1;;;1;998
12;1;6;28;28079;;3;2;No inventariada;;9;7;2;;;1;4;1;;;1;998
12;1;13;28;28079;;1;1;M-40;17,275;3;2;2;;;1;1;1;;;1;1
12;1;8;28;28079;;3;2;No inventariada;;9;4;1;4;;1;2;1;;;1;998
12;1;12;28;28079;;3;2;No inventariada;;9;10;2;;;1;1;1;;;1;998
12;7;19;28;28079;;3;2;No inventariada;;9;4;2;;;1;4;2;;;1;998
12;1;15;28;28079;;3;2;No inventariada;;9;4;1;2;;1;1;1;;;1;998
12;1;14;28;28079;;3;2;No inventariada;;9;3;1;1;;1;1;1;;;1;998
12;1;17;28;28079;;3;2;No inventariada;;9;2;1;1;;1;1;1;;;1;998
12;1;17;28;28079;;3;2;No inventariada;;9;2;1;4;;1;1;1;;;1;998
12;1;18;28;28079;;3;2;No inventariada;;9;4;2;;;1;4;1;;;1;998
12;1;19;28;28079;;3;2;No inventariada;;9;10;1;2;;1;4;1;;;1;998
12;1;16;28;28079;;3;2;No inventariada;;9;2;1;2;;1;1;1;;;1;998
12;1;17;28;28079;;3;2;No inventariada;;9;3;1;2;;1;1;1;;;1;998
12;7;19;28;28079;;3;2;No inventariada;;9;2;1;1;;1;4;1;;;1;998
12;1;20;28;28079;;3;2;No inventariada;;9;2;2;;;1;4;1;;;18;998
12;1;19;28;28079;;3;2;No inventariada;;9;5;2;;;1;4;1;;;18;998
12;1;20;28;28065;;1;1;M-45;6,133;3;2;2;;;1;4;1;;;1;1
12;1;16;28;28079;;3;2;No inventariada;;9;5;2;;;1;1;1;;;1;998
12;1;20;28;28079;;3;2;No inventariada;;9;2;2;;;1;4;1;;;1;998
12;1;21;28;28079;;1;1;M-40;21,668;3;4;2;;;1;4;1;;;1;1
12;1;23;28;28079;;3;2;No inventariada;;9;2;1;2;;1;4;1;;;1;998
12;1;13;28;28079;;3;2;No inventariada;;9;4;2;;;1;1;1;;;1;998
12;7;4;28;28079;;3;2;No inventariada;;9;4;1;1;;1;1;1;;;1;998
12;2;8;28;28079;;3;2;No inventariada;;9;2;1;1;;1;4;1;;;1;998
12;2;9;28;28079;;1;1;M-45;17,002;3;3;1;4;M-45;1;1;1;;;1;2
12;1;9;28;28079;;3;2;No inventariada;;9;7;2;;;1;1;1;;;18;998
12;2;10;28;28079;;3;2;No inventariada;;9;16;1;4;;1;1;1;;;18;998
12;2;10;28;28079;;3;2;No inventariada;;9;2;1;1;;1;1;1;;;1;998
12;2;12;28;28079;;3;2;No inventariada;;9;7;1;4;;1;1;1;;;1;998
12;2;12;28;28079;;3;2;No inventariada;;9;2;1;1;;1;1;1;;;1;998
12;1;15;28;28079;;3;2;No inventariada;;9;2;2;;;1;1;1;;;1;998
12;6;21;28;28079;;3;2;No inventariada;;9;2;1;1;;1;4;1;;;2;998
12;2;14;28;28079;;1;1;M-40;4,702;3;5;2;;;1;1;1;;;1;1
12;2;15;28;28079;;1;1;M-40;49,6;3;2;2;;;1;1;1;;;1;1
12;2;14;28;28079;;3;2;No inventariada;;9;16;1;1;;1;1;1;;;1;998
12;6;20;28;28079;;3;2;No inventariada;;9;6;1;2;;1;4;1;;;1;998
12;2;16;28;28079;;3;2;No inventariada;;9;4;1;10;;1;1;1;;;1;998
12;2;14;28;28079;;3;2;No inventariada;;9;4;2;;;1;1;1;;;1;998
12;2;18;28;28134;;1;1;A-1;21;3;4;2;;;1;4;1;;;1;1
12;5;18;28;28079;;3;2;No inventariada;;9;4;2;;;1;4;1;;;1;998
12;2;18;28;28079;;3;2;No inventariada;;9;7;2;;;1;3;1;;;18;998
12;2;15;28;28079;;3;2;No inventariada;;9;1;1;1;;1;1;1;;;1;998
12;1;21;28;28079;;3;2;No inventariada;;9;4;1;1;;1;4;1;;;1;998
12;2;20;28;28079;;3;2;No inventariada;;9;3;1;10;;1;4;1;;;1;998
12;2;17;28;28079;;3;2;No inventariada;;9;4;1;1;;1;1;1;;;18;998
12;4;23;28;28079;;3;2;No inventariada;;9;4;2;;;1;5;1;;;18;998
12;3;0;28;28079;;3;2;No inventariada;;9;2;1;1;;1;4;1;;;1;998
12;2;22;28;28079;;3;2;No inventariada;;9;12;2;;;1;4;1;;;1;998
12;3;6;28;28079;;3;2;No inventariada;;9;3;2;;;3;4;1;;;1;998
12;3;5;28;28079;;3;2;No inventariada;;9;6;1;1;;1;4;1;;;18;998
12;3;14;28;28079;;3;2;No inventariada;;9;10;1;1;;1;1;2;;;1;998
12;2;14;28;28079;;3;2;No inventariada;;9;4;2;;;1;1;1;;;1;998
12;2;13;28;28079;;3;2;No inventariada;;9;1;2;;;1;1;1;;;1;998
12;3;9;28;28079;;3;2;No inventariada;;9;4;2;;;1;1;1;;;1;998
12;3;13;28;28079;;3;2;No inventariada;;9;4;2;;;1;1;1;;;1;998
12;2;19;28;28079;;3;2;No inventariada;;9;2;2;;;1;4;1;;;1;998
12;3;14;28;28079;;3;2;No inventariada;;9;4;1;4;;1;1;1;;;1;998
12;3;15;28;28079;;3;2;No inventariada;;9;19;2;;;1;1;1;;;1;998
12;3;15;28;28079;;3;2;No inventariada;;9;2;2;;;1;1;1;;;1;998
12;3;16;28;28079;;3;2;No inventariada;;9;2;1;2;;1;1;1;;;1;998
12;2;19;28;28079;;3;2;No inventariada;;9;10;1;1;;1;4;1;;;18;998
12;5;2;28;28079;;3;2;No inventariada;;9;9;2;;;1;4;1;;;1;998
12;3;18;28;28079;;3;2;No inventariada;;9;2;1;1;;1;2;1;;;2;998
12;2;16;28;28079;;3;2;No inventariada;;9;12;2;;;1;1;1;;;1;998
12;3;16;28;28079;;3;2;No inventariada;;9;7;2;;;1;1;1;;;1;998
12;3;16;28;28079;;3;2;No inventariada;;9;3;1;1;;1;1;1;;;1;998
11;2;19;28;28079;;3;2;No inventariada;;9;3;2;;;1;3;1;;;1;998
12;3;19;28;28079;;3;2;No inventariada;;9;10;1;2;;1;4;1;;;1;998
12;3;20;28;28006;;1;1;M-603;2,8;5;1;2;;;1;4;1;;;1;1
12;3;18;28;28079;;3;2;No inventariada;;9;10;2;;;1;4;1;;;1;998
12;4;20;28;28079;;3;2;No inventariada;;9;2;1;2;;1;4;1;;;1;998
12;3;19;28;28079;;3;2;No inventariada;;9;4;2;;;1;4;1;;;1;998
12;3;19;28;28079;;3;2;No inventariada;;9;3;2;;;1;4;1;;;1;998
12;3;19;28;28079;;3;2;No inventariada;;9;4;2;;;1;4;1;;;1;998
12;3;20;28;28079;;3;2;No inventariada;;9;7;1;2;;1;5;1;;;1;998
12;3;19;28;28079;;3;2;No inventariada;;9;4;1;1;;1;4;1;;;1;998
12;3;19;28;28079;;3;2;No inventariada;;9;1;2;;;1;3;1;;;1;998
12;3;21;28;28079;;3;2;No inventariada;;9;3;1;4;;1;4;1;;;1;998
12;3;22;28;28079;;3;2;No inventariada;;9;10;1;11;;1;4;1;;;1;998
12;4;0;28;28079;;3;2;No inventariada;;9;3;1;1;;1;4;1;;;1;998
12;1;7;28;28079;;3;2;No inventariada;;9;10;1;4;;3;4;1;;;18;998
12;4;1;28;28079;;3;2;No inventariada;;9;10;1;1;;1;4;2;;;1;998
12;4;5;28;28079;;3;2;No inventariada;;9;4;2;;;1;4;1;;;1;998
12;3;12;28;28079;;3;2;No inventariada;;9;2;1;2;;1;1;1;;;18;998
12;1;8;28;28079;;3;2;No inventariada;;9;7;2;;;1;2;1;;;1;998
12;3;13;28;28079;;3;2;No inventariada;;9;7;2;;;1;1;1;;;1;998
12;4;8;28;28079;;3;2;No inventariada;;9;4;1;2;;1;3;3;;;1;998
12;4;8;28;28079;;3;2;No inventariada;;9;10;1;2;;3;3;3;;;1;998
12;3;13;28;28079;;3;2;No inventariada;;9;10;2;;;1;1;1;;;1;998
12;4;9;28;28079;;3;2;No inventariada;;9;10;1;1;;3;1;3;;;18;998
12;4;8;28;28079;;3;2;No inventariada;;9;16;1;2;;3;1;3;;;18;998
12;3;13;28;28079;;3;2;No inventariada;;9;10;1;2;;1;1;1;;;1;998
12;4;8;28;28079;;3;2;No inventariada;;9;10;2;;;1;1;1;;;1;998
12;4;8;28;28079;;3;2;No inventariada;;9;4;2;;;1;2;2;;;1;998
12;4;10;28;28079;;3;2;No inventariada;;9;7;1;1;;3;4;2;;;1;998
12;4;10;28;28079;;3;2;No inventariada;;9;15;1;12;;3;1;2;;;1;998
12;4;10;28;28079;;3;2;No inventariada;;9;10;2;;;3;1;3;;;1;998
12;4;10;28;28079;;3;2;No inventariada;;9;3;1;2;;3;1;2;;;1;998
12;3;8;28;28079;;3;2;No inventariada;;9;10;2;;;2;4;7;;;18;998
12;4;10;28;28079;;3;2;No inventariada;;9;7;2;;;1;1;2;;;1;998
12;4;8;28;28079;;3;2;No inventariada;;9;10;1;1;;3;3;3;;;5;998
12;2;14;28;28079;;3;2;No inventariada;;9;3;2;;;1;1;1;;;1;998
12;4;10;28;28079;;3;2;No inventariada;;9;2;1;4;;3;1;1;;;1;998
12;4;11;28;28079;;3;2;No inventariada;;9;3;2;;;3;1;1;;;1;998
12;4;12;28;28079;;3;2;No inventariada;;9;2;2;;;1;1;1;;;1;998
12;4;10;28;28079;;3;2;No inventariada;;9;10;2;;;3;1;2;;;1;998
12;4;12;28;28079;;3;2;No inventariada;;9;7;1;2;;1;1;1;;;1;998
12;5;17;28;28079;;3;2;No inventariada;;9;3;1;5;;1;1;2;;;1;998
12;1;19;28;28079;;3;2;No inventariada;;9;2;2;;;1;4;1;;;1;998
12;4;15;28;28079;;3;2;No inventariada;;9;2;1;5;;1;1;1;;;1;998
12;3;18;28;28079;;3;2;No inventariada;;9;2;1;1;;1;4;1;;;18;998
12;3;17;28;28079;;3;2;No inventariada;;9;4;2;;;1;1;1;;;1;998
12;1;16;28;28079;;3;2;No inventariada;;9;4;1;11;;1;2;2;;;1;998
12;4;13;28;28079;;3;2;No inventariada;;9;10;2;;;1;1;1;;;1;998
12;3;20;28;28079;;3;2;No inventariada;;9;3;2;;;1;4;2;;;1;998
12;4;14;28;28079;;3;2;No inventariada;;9;2;1;1;;1;1;1;;;1;998
12;4;14;28;28079;;3;2;No inventariada;;9;4;2;;;1;1;1;;;1;998
12;4;15;28;28079;;3;2;No inventariada;;9;2;2;;;1;1;1;;;18;998
12;3;19;28;28079;;3;2;No inventariada;;9;4;2;;;1;4;2;;;18;998
12;3;19;28;28079;;3;2;No inventariada;;9;4;2;;;1;4;1;;;1;998
12;3;17;28;28079;;3;2;No inventariada;;9;7;2;;;1;1;1;;;1;998
12;4;15;28;28079;;3;2;No inventariada;;9;12;1;1;;1;1;1;;;6;998
12;4;15;28;28079;;3;2;No inventariada;;9;4;1;1;;1;1;1;;;18;998
12;4;16;28;28079;;3;2;No inventariada;;9;2;1;1;;1;1;2;;;1;998
12;4;17;28;28079;;3;2;No inventariada;;9;10;1;1;;3;3;3;;;1;998
12;4;17;28;28079;;3;2;No inventariada;;9;10;2;;;3;1;2;;;18;998
12;4;19;28;28079;;1;1;A-3;6,85;3;5;2;;;1;4;1;;;1;1
12;4;18;28;28079;;3;2;No inventariada;;9;12;1;1;;3;4;3;;;18;998
12;4;19;28;28079;;3;2;No inventariada;;9;7;2;;;1;3;1;;;9;998
12;4;16;28;28079;;3;2;No inventariada;;9;16;2;;;1;1;1;;;1;998
12;4;19;28;28079;;1;1;M-40;24,875;3;4;1;2;A-42;1;4;1;;;1;2
12;1;21;28;28079;;3;2;No inventariada;;9;10;1;1;;1;3;1;;;1;998
12;4;18;28;28079;;3;2;No inventariada;;9;3;2;;;1;3;2;;;1;998
12;4;17;28;28079;;3;2;No inventariada;;9;4;2;;;1;4;1;;;1;998
12;4;16;28;28079;;3;2;No inventariada;;9;2;1;4;;3;1;3;;;1;998
12;4;18;28;28079;;3;2;No inventariada;;9;5;2;;;1;3;1;;;1;998
12;4;20;28;28079;;3;2;No inventariada;;9;4;2;;;3;4;7;;;1;998
12;4;20;28;28079;;3;2;No inventariada;;9;10;1;2;;1;4;1;;;1;998
12;4;22;28;28079;;3;2;No inventariada;;9;10;2;;;1;4;1;;;1;998
12;4;22;28;28079;;1;1;M-40;20,4;3;12;2;;;3;4;2;;;1;2
12;5;0;28;28079;;3;2;No inventariada;;9;12;1;5;;1;4;1;;;1;998
12;5;1;28;28079;;3;2;No inventariada;;9;12;1;1;;1;4;1;;;1;998
12;5;3;28;28079;;3;2;No inventariada;;9;2;1;1;;1;4;1;;;1;998
12;4;13;28;28079;;3;2;No inventariada;;9;2;1;2;;1;1;1;;;1;998
12;4;14;28;28079;;3;2;No inventariada;;9;2;1;2;;1;1;1;;;1;998
12;5;9;28;28079;;3;2;No inventariada;;9;4;1;5;;1;1;1;;;1;998
12;5;9;28;28079;;3;2;No inventariada;;9;6;2;;;1;1;1;;;1;998
12;3;12;28;28079;;3;2;No inventariada;;9;2;2;;;1;1;1;;;1;998
12;3;11;28;28079;;3;2;No inventariada;;9;7;2;;;1;1;1;;;18;998
12;5;9;28;28079;;3;2;No inventariada;;9;10;2;;;8;1;1;;;1;998
12;5;9;28;28079;;3;2;No inventariada;;9;12;1;1;;1;1;1;;;1;998
12;5;9;28;28079;;3;2;No inventariada;;9;10;2;;;1;1;1;;;1;998
12;5;10;28;28079;;3;2;No inventariada;;9;2;2;;;1;1;1;;;1;998
12;5;13;28;28079;;3;2;No inventariada;;9;10;2;;;1;1;1;;;18;998
12;5;12;28;28079;;1;1;M-45;8,353;3;4;2;;;1;1;1;;;1;1
12;5;11;28;28079;;3;2;No inventariada;;9;2;1;1;;1;1;1;;;1;998
12;5;9;28;28079;;3;2;No inventariada;;9;10;2;;;1;1;1;;;1;998
12;5;8;28;28079;;3;2;No inventariada;;9;2;2;;;1;1;1;;;9;998
12;5;13;28;28079;;3;2;No inventariada;;9;3;2;;;1;1;1;;;1;998
12;5;11;28;28079;;3;2;No inventariada;;9;7;2;;;1;1;1;;;1;998
12;5;12;28;28079;;3;2;No inventariada;;9;7;1;2;;1;1;1;;;18;998
12;5;13;28;28079;;3;2;No inventariada;;9;7;2;;;1;1;1;;;6;998
12;5;14;28;28079;;3;2;No inventariada;;9;2;1;4;;1;1;1;;;1;998
12;2;19;28;28079;;3;2;No inventariada;;9;4;2;;;1;4;1;;;1;998
12;4;19;28;28079;;3;2;No inventariada;;9;2;1;2;;3;4;1;;;18;998
12;4;18;28;28079;;3;2;No inventariada;;9;4;2;;;3;3;2;;;1;998
12;2;20;28;28079;;3;2;No inventariada;;9;10;2;;;1;5;1;;;1;998
12;7;6;28;28079;;3;2;No inventariada;;9;16;2;;;1;4;1;;;1;998
12;5;16;28;28079;;3;2;No inventariada;;9;2;2;;;1;1;1;;;18;998
12;2;20;28;28079;;3;2;No inventariada;;9;10;2;;;3;4;3;;;1;998
12;4;21;28;28079;;3;2;No inventariada;;9;10;1;1;;1;4;1;;;1;998
12;5;17;28;28079;;3;2;No inventariada;;9;7;2;;;1;4;1;;;18;998
12;5;18;28;28079;;3;2;No inventariada;;9;2;2;;;1;1;1;;;9;998
12;5;15;28;28079;;3;2;No inventariada;;9;7;2;;;1;1;1;;;6;998
12;5;18;28;28079;;3;2;No inventariada;;9;7;2;;;1;4;1;;;1;998
12;5;18;28;28079;;3;2;No inventariada;;9;7;2;;;1;4;1;;;1;998
12;5;19;28;28079;;3;2;No inventariada;;9;6;1;1;;1;3;1;;;1;998
12;5;15;28;28079;;3;2;No inventariada;;9;2;2;;;1;1;1;;;1;998
12;3;21;28;28079;;3;2;No inventariada;;9;3;2;;;1;4;1;;;1;998
12;5;20;28;28079;;3;2;No inventariada;;9;10;1;2;;1;4;1;;;16;998
12;5;21;28;28079;;3;2;No inventariada;;9;7;2;;;1;4;1;;;1;998
12;5;20;28;28079;;3;2;No inventariada;;9;2;2;;;1;4;1;;;18;998
12;5;19;28;28079;;3;2;No inventariada;;9;4;2;;;1;4;1;;;1;998
12;5;20;28;28079;;3;2;No inventariada;;9;2;2;;;1;4;1;;;18;998
12;5;19;28;28079;;1;1;A-6;14,69;2;4;2;;;1;4;1;;;1;1
12;5;20;28;28079;;3;2;No inventariada;;9;10;2;;;1;4;1;;;1;998
12;5;21;28;28079;;1;1;M-45;0,555;3;4;2;;;1;4;1;;;1;1
12;5;23;28;28079;;3;2;No inventariada;;9;10;2;;;1;4;7;;;18;998
12;7;0;28;28079;;3;2;No inventariada;;9;2;2;;;1;4;1;;;1;998
12;5;22;28;28079;;3;2;No inventariada;;9;12;1;1;;1;4;1;;;1;998
12;5;23;28;28079;;3;2;No inventariada;;9;12;1;1;;1;4;1;;;1;998
12;5;23;28;28079;;3;2;No inventariada;;9;12;1;1;;1;4;1;;;1;998
12;6;1;28;28079;;3;2;No inventariada;;9;19;2;;;1;4;2;;;1;998
12;6;0;28;28079;;3;2;No inventariada;;9;7;2;;;1;4;1;;;1;998
12;6;0;28;28079;;3;2;No inventariada;;9;7;1;1;;1;4;1;;;1;998
12;5;22;28;28079;;3;2;No inventariada;;9;2;2;;;1;4;1;;;1;998
12;6;0;28;28079;;3;2;No inventariada;;9;7;2;;;1;4;1;;;1;998
12;6;2;28;28079;;3;2;No inventariada;;9;16;2;;;1;4;1;;;1;998
12;5;12;28;28079;;3;2;No inventariada;;9;4;1;1;;3;1;2;;;18;998
12;5;13;28;28079;;3;2;No inventariada;;9;4;1;1;;1;1;1;;;1;998
12;5;14;28;28079;;3;2;No inventariada;;9;7;2;;;1;1;1;;;1;998
12;6;10;28;28079;;3;2;No inventariada;;9;2;1;4;;1;1;1;;;6;998
12;6;11;28;28079;;1;1;M-607;13,1;3;5;2;;;1;1;1;;;1;1
12;6;11;28;0;;1;1;M-224;14,2;6;4;2;;;1;1;1;;;1;1
12;6;12;28;28079;;3;2;No inventariada;;9;4;2;;;1;1;1;;;1;998
12;5;17;28;28079;;3;2;No inventariada;;9;3;1;1;;1;1;1;;;1;998
12;6;15;28;28079;;3;2;No inventariada;;9;4;2;;;6;1;1;;;1;998
12;6;14;28;28079;;3;2;No inventariada;;9;12;1;2;;1;1;1;;;1;998
12;6;15;28;28079;;3;2;No inventariada;;9;3;2;;;1;1;1;;;1;998
12;6;20;28;28079;;3;2;No inventariada;;9;6;2;;;1;4;1;;;1;998
12;6;14;28;28079;;3;2;No inventariada;;9;10;2;;;1;1;1;;;1;998
11;6;22;28;28079;;3;2;No inventariada;;9;7;2;;;1;4;1;;;1;998
12;6;22;28;28079;;3;2;No inventariada;;9;3;2;;;1;4;1;;;1;998
11;4;22;28;28079;;3;2;No inventariada;;9;4;2;;;1;4;1;;;1;998
12;7;0;28;28079;;3;2;No inventariada;;9;7;2;;;1;6;1;;;17;998
12;7;2;28;28079;;3;2;No inventariada;;9;10;2;;;1;4;1;;;18;998
12;7;1;28;28079;;3;2;No inventariada;;9;2;1;5;;1;4;1;;;1;998
12;2;5;28;28079;;3;2;No inventariada;;9;6;1;1;;1;4;1;;;18;998
12;6;9;28;28079;;3;2;No inventariada;;9;10;2;;;1;4;1;;;1;998
12;7;7;28;28079;;1;1;M-14;2,131;2;10;2;;;1;4;1;;;1;1
12;6;11;28;28079;;3;2;No inventariada;;9;10;1;1;;1;1;1;;;1;998
12;6;14;28;28079;;3;2;No inventariada;;9;10;1;12;;1;1;1;;;18;998
12;5;13;28;28079;;3;2;No inventariada;;9;7;2;;;1;1;1;;;1;998
12;7;6;28;28079;;3;2;No inventariada;;9;2;2;;;1;4;1;;;1;998
12;6;14;28;28079;;3;2;No inventariada;;9;1;1;1;;1;1;1;;;18;998
12;6;14;28;28079;;3;2;No inventariada;;9;2;1;5;;1;1;1;;;1;998
12;6;14;28;28079;;3;2;No inventariada;;9;4;1;2;;1;1;1;;;1;998
12;7;10;28;28079;;3;2;No inventariada;;9;4;2;;;1;1;1;;;18;998
12;7;7;28;28079;;3;2;No inventariada;;9;3;1;5;;1;4;1;;;1;998
12;2;21;28;28079;;3;2;No inventariada;;9;2;1;1;;1;3;1;;;1;998
12;7;15;28;28079;;3;2;No inventariada;;9;10;1;4;;1;1;1;;;18;998
12;7;17;28;28079;;1;1;M-40;35,353;3;4;2;;;1;1;1;;;1;1
12;7;14;28;28079;;3;2;No inventariada;;9;4;2;;;1;1;1;;;1;998
12;6;22;28;28079;;3;2;No inventariada;;9;2;1;2;;1;4;1;;;18;998
12;7;19;28;28079;;3;2;No inventariada;;9;7;1;1;;1;4;1;;;18;998
12;7;17;28;28079;;3;2;No inventariada;;9;5;2;;;1;3;1;;;1;998
12;7;19;28;28079;;3;2;No inventariada;;9;2;1;1;;1;4;1;;;18;998
12;7;22;28;28079;;3;2;No inventariada;;9;4;2;;;1;4;1;;;1;998
12;1;2;28;28079;;1;1;M-11;9,8;2;17;2;;;1;4;1;;;1;3
12;1;4;28;28079;;3;2;No inventariada;;9;10;2;;;1;4;1;;;1;998
12;7;11;28;28079;;3;2;No inventariada;;9;2;1;1;;1;1;1;;;18;998
12;1;7;28;28079;;3;2;No inventariada;;9;7;2;;;1;4;1;;;1;998
12;6;13;28;28079;;3;2;No inventariada;;9;7;2;;;1;1;1;;;9;998
12;5;9;28;28079;;3;2;No inventariada;;9;19;1;1;;2;1;2;;;1;998
12;7;13;28;28079;;3;2;No inventariada;;9;4;2;;;1;1;1;;;1;998
12;6;12;28;28079;;3;2;No inventariada;;9;4;2;;;1;1;1;;;1;998
12;7;12;28;28079;;3;2;No inventariada;;9;2;1;2;;1;1;1;;;18;998
12;6;13;28;28079;;3;2;No inventariada;;9;2;1;1;;1;1;1;;;18;998
12;7;14;28;28079;;3;2;No inventariada;;9;3;2;;;1;1;1;;;1;998
12;7;10;28;28079;;3;2;No inventariada;;9;6;2;;;1;1;1;;;1;998
12;1;7;28;28079;;3;2;No inventariada;;9;3;2;;;1;3;1;;;1;998
12;1;10;28;28079;;3;2;No inventariada;;9;6;2;;;1;1;1;;;1;998
12;1;9;28;28079;;3;2;No inventariada;;9;2;2;;;1;1;1;;;18;998
12;3;7;28;28079;;3;2;No inventariada;;9;9;2;;;1;4;1;;;1;998
12;1;11;28;28079;;3;2;No inventariada;;9;3;1;1;;1;1;1;;;18;998
12;1;11;28;28079;;3;2;No inventariada;;9;4;1;1;;1;1;1;;;6;998
12;1;12;28;28079;;3;2;No inventariada;;9;4;2;;;1;1;1;;;1;998
12;1;13;28;28079;;3;2;No inventariada;;9;7;2;;;1;1;1;;;1;998
12;1;15;28;28079;;3;2;No inventariada;;9;6;2;;;1;1;1;;;1;998
12;7;16;28;28079;;1;1;M-40;15,4;3;5;2;;;1;1;1;;;1;1
12;1;16;28;28079;;3;2;No inventariada;;9;12;1;1;;1;1;1;;;1;998
12;1;16;28;28079;;3;2;No inventariada;;9;10;2;;;1;4;1;;;18;998
12;7;21;28;28079;;3;2;No inventariada;;9;2;1;4;;1;4;1;;;18;998
12;1;15;28;28079;;3;2;No inventariada;;9;3;1;2;;1;1;1;;;1;998
12;1;17;28;28079;;3;2;No inventariada;;9;10;1;1;;1;1;1;;;1;998
12;1;19;28;28079;;1;1;A-3;9,827;3;5;2;;;1;3;1;;;1;1
12;1;19;28;28079;;3;2;No inventariada;;9;10;1;5;;1;4;1;;;1;998
12;1;20;28;28079;;3;2;No inventariada;;9;7;1;2;;1;4;1;;;1;998
12;1;19;28;28079;;3;2;No inventariada;;9;12;1;4;;1;4;1;;;1;998
11;6;19;28;28079;;3;2;No inventariada;;9;4;2;;;1;4;1;;;1;998
12;1;20;28;28079;;3;2;No inventariada;;9;7;1;1;;1;4;1;;;18;998
12;7;21;28;28079;;3;2;No inventariada;;9;10;2;;;2;4;1;;;12;998
12;1;21;28;28079;;3;2;No inventariada;;9;2;1;11;;1;4;1;;;18;998
12;1;19;28;28079;;3;2;No inventariada;;9;15;1;4;;1;4;1;;;1;998
12;6;20;28;28079;;3;2;No inventariada;;9;3;2;;;1;4;1;;;1;998
12;1;22;28;28079;;3;2;No inventariada;;9;2;1;2;;1;4;1;;;18;998
12;1;22;28;28079;;3;2;No inventariada;;9;4;2;;;1;4;1;;;1;998
12;2;0;28;28079;;3;2;No inventariada;;9;4;1;2;;1;4;1;;;1;998
11;6;2;28;28079;;3;2;No inventariada;;9;6;2;;;1;4;1;;;1;998
12;2;1;28;28079;;3;2;No inventariada;;9;16;2;;;1;4;1;;;18;998
12;1;11;28;28079;;3;2;No inventariada;;9;4;2;;;1;1;1;;;1;998
12;1;12;28;28079;;3;2;No inventariada;;9;7;2;;;1;1;1;;;1;998
12;2;7;28;28079;;3;2;No inventariada;;9;6;2;;;1;4;1;;;1;998
12;2;10;28;28079;;3;2;No inventariada;;9;2;1;1;;1;1;1;;;1;998
12;2;11;28;28079;;3;2;No inventariada;;9;10;2;;;1;1;1;;;18;998
12;2;10;28;28079;;3;2;No inventariada;;9;4;2;;;1;1;1;;;6;998
11;6;11;28;28079;;3;2;No inventariada;;9;10;2;;;1;1;1;;;1;998