MES;DIA_SEMANA;HORA;COD_PROVINCIA;COD_MUNICIPIO;ISLA;ZONA;ZONA_AGRUPADA;CARRETERA;KM;TIPO_VIA;TIPO_ACCIDENTE;NUDO;NUDO_INFO;CARRETERA_CRUCE;CONDICION_FIRME;CONDICION_ILUMINACION;CONDICION_METEO;CONDICION_NIEBLA;CONDICION_VIENTO;VISIB_RESTRINGIDA_POR;TRAZADO_PLANTA
12;2;11;28;28079;;3;2;No inventariada;;9;7;1;1;;1;1;1;;;1;998
12;2;10;28;28079;;3;2;No inventariada;;9;12;1;1;;1;1;1;;;1;998
12;2;12;28;28079;;3;2;No inventariada;;9;10;2;;;1;1;1;;;1;998
12;2;12;28;28079;;3;2;No inventariada;;9;2;1;1;;1;1;1;;;1;998
12;1;8;28;28079;;3;2;No inventariada;;9;2;1;4;;1;1;1;;;1;998
12;2;11;28;28079;;3;2;No inventariada;;9;10;2;;;1;1;1;;;1;998
12;7;13;28;28079;;3;2;No inventariada;;9;4;1;1;;1;1;1;;;1;998
12;2;14;28;28079;;3;2;No inventariada;;9;7;1;12;;1;1;1;;;1;998
12;2;16;28;28079;;1;1;M-50;37,5;2;12;2;;;1;1;1;;;1;1
12;5;16;28;28079;;3;2;No inventariada;;9;4;2;;;1;1;1;;;1;998
12;2;11;28;28079;;3;2;No inventariada;;9;4;1;2;;1;1;1;;;1;998
12;2;16;28;28079;;3;2;No inventariada;;9;3;1;1;;1;1;1;;;1;998
12;2;16;28;28079;;3;2;No inventariada;;9;6;1;1;;1;1;1;;;1;998
12;2;15;28;28079;;3;2;No inventariada;;9;10;2;;;1;1;1;;;1;998
12;2;17;28;28079;;3;2;No inventariada;;9;4;1;12;;1;1;1;;;1;998
12;2;14;28;28079;;3;2;No inventariada;;9;12;1;4;;1;1;1;;;1;998
12;2;19;28;28079;;3;2;No inventariada;;9;7;1;2;;1;4;1;;;1;998
12;2;22;28;28079;;3;2;No inventariada;;9;6;1;2;;1;4;1;;;1;998
12;2;23;28;28079;;3;2;No inventariada;;9;16;2;;;1;4;1;;;1;998
12;3;2;28;28079;;3;2;No inventariada;;9;2;1;1;;1;4;1;;;1;998
12;6;6;28;28079;;1;1;M-40;16,023;3;4;2;;;1;4;1;;;1;1
12;3;8;28;28079;;1;1;M-40;21,89;3;16;2;;;1;4;1;;;1;1
12;2;14;28;28079;;3;2;No inventariada;;9;7;2;;;1;1;1;;;1;998
12;2;12;28;28079;;3;2;No inventariada;;9;2;1;4;;1;1;1;;;1;998
12;3;7;28;28079;;3;2;No inventariada;;9;4;1;2;;1;4;1;;;1;998
12;2;12;28;28079;;3;2;No inventariada;;9;7;2;;;1;1;1;;;1;998
12;7;21;28;28079;;3;2;No inventariada;;9;2;1;4;;1;4;1;;;1;998
12;3;15;28;28079;;3;2;No inventariada;;9;20;1;1;;1;1;1;;;1;998
12;3;15;28;28079;;3;2;No inventariada;;9;2;1;1;;1;1;1;;;18;998
11;6;15;28;28079;;3;2;No inventariada;;9;12;1;2;;1;1;1;;;1;998
12;1;15;28;28079;;3;2;No inventariada;;9;4;2;;;1;1;1;;1;18;998
12;2;20;28;28079;;3;2;No inventariada;;9;7;2;;;1;4;1;;;1;998
12;2;18;28;28079;;3;2;No inventariada;;9;4;2;;;1;4;1;;;1;998
12;2;20;28;28079;;3;2;No inventariada;;9;12;2;;;1;4;1;;;1;998
12;1;16;28;28079;;3;2;No inventariada;;9;4;1;4;;1;2;1;;;1;998
12;3;16;28;28079;;3;2;No inventariada;;9;2;1;4;;1;1;1;;;1;998
12;7;22;28;28079;;3;2;No inventariada;;9;2;1;4;;1;4;1;;;1;998
12;3;17;28;28079;;3;2;No inventariada;;9;12;1;4;;1;2;1;;;6;998
12;3;20;28;28079;;3;2;No inventariada;;9;12;2;;;1;4;1;;;1;998
12;3;6;28;28079;;3;2;No inventariada;;9;16;1;2;;1;4;1;;;1;998
12;3;22;28;28079;;3;2;No inventariada;;9;10;2;;;1;4;1;;;1;998
12;3;23;28;28079;;3;2;No inventariada;;9;4;1;1;;1;4;1;;;18;998
12;3;10;28;28079;;3;2;No inventariada;;9;2;2;;;1;1;1;;;1;998
12;7;17;28;28079;;3;2;No inventariada;;9;4;1;1;;1;2;1;;;1;998
12;4;8;28;28079;;1;1;M-14;0,4;2;3;2;;;1;3;1;;;1;1
12;3;14;28;28079;;3;2;No inventariada;;9;4;2;;;1;1;1;;;1;998
12;1;13;28;28079;;3;2;No inventariada;;9;4;2;;;1;1;1;;;1;998
12;3;12;28;28079;;3;2;No inventariada;;9;15;2;;;1;1;1;;;1;998
12;4;8;28;28079;;3;2;No inventariada;;9;4;1;2;;1;1;1;;;1;998
12;1;13;28;28079;;3;2;No inventariada;;9;3;1;2;;1;1;1;;;1;998
12;4;11;28;28079;;3;2;No inventariada;;9;7;1;1;;1;1;1;;;6;998
12;4;14;28;28079;;3;2;No inventariada;;9;7;1;2;;1;1;1;;;1;998
12;3;22;28;28079;;3;2;No inventariada;;9;10;1;11;;1;4;1;;;1;998
12;4;15;28;28079;;3;2;No inventariada;;9;4;1;2;;1;1;1;;;1;998
12;4;16;28;28079;;3;2;No inventariada;;9;10;2;;;1;1;1;;;1;998
12;4;15;28;28079;;3;2;No inventariada;;9;2;1;1;;1;1;1;;;1;998
12;4;15;28;28079;;3;2;No inventariada;;9;12;1;1;;1;1;1;;;1;998
12;4;16;28;28079;;3;2;No inventariada;;9;3;1;2;;1;1;1;;;1;998
12;4;18;28;28079;;1;1;M-40;7,5;3;3;2;;;1;4;1;;;1;1
12;4;19;28;28079;;3;2;No inventariada;;9;7;2;;;1;4;1;;;1;998
12;3;14;28;28079;;3;2;No inventariada;;9;10;2;;;1;1;1;;;1;998
12;4;18;28;28079;;3;2;No inventariada;;9;2;1;1;;1;4;1;;;1;998
12;4;19;28;28079;;3;2;No inventariada;;9;5;2;;;1;4;1;;;1;998
12;4;19;28;28079;;3;2;No inventariada;;9;2;1;4;;1;4;1;;;1;998
12;4;19;28;28079;;3;2;No inventariada;;9;4;1;4;;1;4;1;;;1;998
12;4;18;28;28079;;3;2;No inventariada;;9;9;1;2;;1;4;1;;;1;998
12;4;18;28;28079;;3;2;No inventariada;;9;3;2;;;1;6;1;;;1;998
12;4;19;28;28079;;3;2;No inventariada;;9;7;2;;;1;4;1;;;1;998
12;5;0;28;28079;;3;2;No inventariada;;9;2;1;1;;1;4;1;;;1;998
12;5;6;28;28079;;3;2;No inventariada;;9;2;1;2;;1;4;1;;;1;998
12;3;13;28;28079;;3;2;No inventariada;;9;2;1;2;;1;1;1;;;18;998
12;5;7;28;28079;;3;2;No inventariada;;9;12;2;;;1;6;1;;;1;998
12;5;8;28;28079;;3;2;No inventariada;;9;10;1;1;;3;3;1;;;1;998
12;5;9;28;28079;;3;2;No inventariada;;9;3;1;1;;1;1;2;;;1;998
12;5;7;28;28079;;3;2;No inventariada;;9;10;1;1;;3;3;1;;;1;998
12;4;12;28;28079;;3;2;No inventariada;;9;2;1;1;;1;1;1;;;1;998
12;5;10;28;28079;;3;2;No inventariada;;9;10;2;;;1;1;2;;;1;998
12;5;11;28;28079;;3;2;No inventariada;;9;10;1;4;;1;1;1;;;1;998
12;5;13;28;28079;;3;2;No inventariada;;9;1;2;;;1;1;1;;;1;998
12;5;15;28;28079;;3;2;No inventariada;;9;7;1;2;;1;1;1;;;6;998
12;5;17;28;28079;;3;2;No inventariada;;9;2;1;2;;3;1;1;;;18;998
12;5;18;28;28079;;3;2;No inventariada;;9;2;2;;;1;4;1;;;1;998
12;5;15;28;28079;;3;2;No inventariada;;9;10;2;;;7;1;1;;;1;998
12;5;18;28;28079;;3;2;No inventariada;;9;14;1;2;;1;4;1;;;18;998
12;5;20;28;28079;;3;2;No inventariada;;9;6;2;;;9;4;1;;;18;998
12;5;18;28;28079;;3;2;No inventariada;;9;2;1;1;;1;4;1;;;1;998
12;5;20;28;28079;;3;2;No inventariada;;9;4;1;1;;1;4;1;;;1;998
12;5;21;28;28079;;1;1;M-40;21,5;3;5;2;;;1;4;1;;;1;2
12;6;1;28;28079;;1;1;A-2;10,369;3;12;1;2;M-14;7;4;1;;;1;2
12;6;3;28;28079;;3;2;No inventariada;;9;6;1;10;;3;4;1;;;18;998
12;4;15;28;28079;;3;2;No inventariada;;9;12;2;;;1;1;1;;;1;998
12;6;11;28;28079;;3;2;No inventariada;;9;7;1;1;;1;1;1;;;1;998
12;6;13;28;28079;;3;2;No inventariada;;9;2;2;;;1;1;1;;;1;998
12;6;12;28;28079;;3;2;No inventariada;;9;7;2;;;1;1;1;;;1;998
12;5;19;28;28079;;3;2;No inventariada;;9;7;1;2;;1;4;1;;;1;998
12;5;21;28;28079;;3;2;No inventariada;;9;2;1;4;;3;3;1;;;18;998
12;6;14;28;28079;;3;2;No inventariada;;9;1;1;1;;1;1;1;;;18;998
12;6;15;28;28079;;3;2;No inventariada;;9;2;1;4;;1;1;1;;;6;998
12;5;18;28;28079;;1;1;M-40;47;3;18;2;;;1;4;1;;;18;1
12;6;6;28;28079;;3;2;No inventariada;;9;6;2;;;1;4;1;;;1;998
12;6;18;28;28079;;3;2;No inventariada;;9;2;1;1;;1;4;1;;;18;998
12;6;0;28;28079;;3;2;No inventariada;;9;2;1;1;;1;4;1;;;1;998
12;7;0;28;28079;;3;2;No inventariada;;9;10;2;;;1;4;1;;;1;998
12;6;3;28;28079;;3;2;No inventariada;;9;10;1;1;;1;4;1;;;18;998
12;7;0;28;28079;;3;2;No inventariada;;9;6;2;;;1;3;1;;;1;998
12;6;5;28;28079;;3;2;No inventariada;;9;2;1;4;;1;4;1;;;1;998
12;5;8;28;28079;;3;2;No inventariada;;9;10;1;4;;1;3;1;;;18;998
12;7;4;28;28079;;3;2;No inventariada;;9;2;1;1;;1;4;1;;;1;998
12;7;7;28;28134;;1;1;A-1;20;3;1;2;;;3;4;2;1;;1;2
12;6;13;28;28079;;3;2;No inventariada;;9;2;1;4;;1;1;1;;;1;998
12;6;14;28;28079;;3;2;No inventariada;;9;2;1;2;;1;1;1;;;12;998
12;6;19;28;28079;;3;2;No inventariada;;9;7;1;2;;1;4;1;;;1;998
12;7;16;28;28079;;3;2;No inventariada;;9;2;1;1;;1;1;1;;;18;998
12;7;16;28;28079;;3;2;No inventariada;;9;10;1;2;;1;1;1;;;1;998
12;7;17;28;28079;;3;2;No inventariada;;9;10;2;;;1;4;1;;;18;998
12;7;20;28;28079;;3;2;No inventariada;;9;2;1;5;;1;4;1;;;9;998
12;1;1;28;28079;;3;2;No inventariada;;9;12;1;1;;1;4;1;;;1;998
12;1;2;28;28079;;3;2;No inventariada;;9;2;1;1;;1;4;1;;;18;998
12;7;13;28;28079;;3;2;No inventariada;;9;1;2;;;1;1;1;;;1;998
12;1;7;28;28079;;3;2;No inventariada;;9;15;2;;;3;2;1;;;1;998
12;1;7;28;28079;;3;2;No inventariada;;9;2;1;4;;1;4;1;;;9;998
12;7;12;28;28079;;3;2;No inventariada;;9;2;1;4;;1;1;1;;;1;998
12;1;11;28;28079;;3;2;No inventariada;;9;10;1;2;;1;1;1;;;1;998
12;6;15;28;28079;;3;2;No inventariada;;9;4;2;;;1;1;1;;;1;998
12;1;10;28;28079;;3;2;No inventariada;;9;2;2;;;1;1;1;;;6;998
12;1;12;28;28079;;3;2;No inventariada;;9;10;1;2;;1;1;1;;;1;998
12;1;7;28;28079;;3;2;No inventariada;;9;7;1;1;;1;2;1;;;1;998
12;1;14;28;28079;;3;2;No inventariada;;9;12;1;1;;1;1;1;;;1;998
12;1;14;28;28079;;3;2;No inventariada;;9;4;2;;;1;1;1;;;1;998
12;7;21;28;28079;;3;2;No inventariada;;9;3;1;2;;1;4;1;;;1;998
12;1;17;28;28079;;3;2;No inventariada;;9;12;2;;;1;1;1;;;1;998
12;1;19;28;28079;;3;2;No inventariada;;9;16;1;1;;1;4;1;;;1;998
12;1;18;28;28079;;3;2;No inventariada;;9;7;2;;;1;3;1;;;1;998
12;1;20;28;28079;;3;2;No inventariada;;9;3;1;2;;1;3;1;;;1;998
12;1;21;28;28079;;3;2;No inventariada;;9;2;1;1;;1;4;1;;;18;998
12;5;22;28;28079;;3;2;No inventariada;;9;7;2;;;1;4;1;;;1;998
12;7;14;28;28079;;3;2;No inventariada;;9;12;1;1;;1;1;1;;;1;998
12;2;4;28;28079;;3;2;No inventariada;;9;10;2;;;9;4;1;;;18;998
12;2;5;28;28079;;3;2;No inventariada;;9;2;2;;;1;4;1;;;1;998
12;2;6;28;28079;;3;2;No inventariada;;9;2;1;4;;1;3;1;;;1;998
12;1;11;28;28079;;3;2;No inventariada;;9;16;2;;;1;1;1;;;1;998
12;2;9;28;28079;;3;2;No inventariada;;9;12;1;4;;1;1;1;;;1;998
12;2;12;28;28079;;3;2;No inventariada;;9;7;1;1;;1;1;1;;;1;998
12;2;12;28;28074;;1;1;M-45;1,716;3;5;2;;;1;1;1;;;1;2
12;2;12;28;28079;;3;2;No inventariada;;9;2;1;1;;1;1;1;;;1;998
12;2;13;28;28079;;3;2;No inventariada;;9;7;2;;;1;1;1;;;1;998
12;2;14;28;28079;;3;2;No inventariada;;9;10;1;4;;7;1;1;;;1;998
12;2;14;28;28079;;3;2;No inventariada;;9;2;1;4;;1;1;1;;;1;998
12;2;17;28;28079;;3;2;No inventariada;;9;4;1;4;;1;1;1;;;6;998
12;2;15;28;28079;;3;2;No inventariada;;9;4;2;;;1;1;1;;;1;998
12;2;19;28;28079;;3;2;No inventariada;;9;4;1;5;;1;5;1;;;18;998
1;1;7;28;28080;;1;1;M-50;75,4;2;5;2;;;1;6;1;;;1;1
1;2;19;28;28080;;3;2;No inventariada;;9;7;2;;;1;4;1;;;1;998
1;4;22;28;28080;;1;1;M-516;0,247;6;2;1;4;M-516;1;4;1;;;1;4
1;3;12;28;28080;;3;2;No inventariada;;9;3;2;;;1;1;1;;;1;998
1;3;17;28;28080;;1;1;M-50;77,4;2;4;2;;;1;1;2;;;1;1
1;2;22;28;28080;;3;2;No inventariada;;9;20;1;1;;1;4;1;;;1;998
1;6;19;28;28080;;3;2;No inventariada;;9;7;1;2;;1;4;1;;;1;998
1;7;19;28;28080;;1;1;M-50;77,731;2;16;2;;;1;4;1;;;1;1
1;7;20;28;28080;;1;1;M-50;75,448;2;5;2;;;1;4;1;;;1;1
1;7;12;28;28080;;1;1;M-50;80,9;2;3;1;12;;1;1;1;;;1;1
1;1;9;28;28080;;3;2;No inventariada;;9;4;1;1;;3;1;2;;;1;998
1;4;22;28;28080;;1;1;M-503;12,4;3;15;1;4;M-503;1;4;1;;;1;2
1;5;22;28;28080;;3;2;No inventariada;;9;2;2;;;1;4;1;;;1;998
1;1;14;28;28080;;3;2;No inventariada;;9;7;2;;;1;1;1;;;1;998
1;3;12;28;28080;;3;2;No inventariada;;9;3;1;4;;1;1;2;;;1;998
2;4;18;28;28080;;3;2;No inventariada;;9;4;1;4;;1;3;1;;;1;998
2;3;15;28;28080;;1;1;M-50;77,804;2;4;2;;;1;1;1;;;1;1
2;1;14;28;28080;;3;2;No inventariada;;9;10;2;;;1;1;1;;;9;998
2;5;14;28;28080;;1;1;M-50;74,278;2;5;2;;;3;1;3;;;1;1
2;5;17;28;28080;;1;1;M-50;75,766;14;5;2;;;3;1;3;;;1;1
2;6;9;28;28080;;3;2;No inventariada;;9;10;1;4;;1;1;2;;;1;998
2;2;20;28;28080;;3;2;No inventariada;;9;7;2;;;1;4;1;;;1;998
2;6;2;28;28080;;2;2;M-509;0,2;8;14;1;4;M-50;1;4;1;;;14;2
2;5;10;28;28080;;3;2;No inventariada;;9;20;2;;;1;1;1;;;1;998
2;5;17;28;28080;;3;2;No inventariada;;9;7;1;4;;3;1;5;;;5;998
2;4;19;28;28080;;3;2;No inventariada;;9;7;2;;;1;1;1;;;9;998
3;6;17;28;28080;;3;2;No inventariada;;9;10;2;;;3;1;3;;;1;998
3;2;21;28;28080;;3;2;No inventariada;;9;2;1;2;;1;3;1;;;1;998
3;5;21;28;28080;;3;2;No inventariada;;9;2;1;4;;1;3;1;;;18;998
3;6;21;28;28080;;1;1;M-50;72,3;2;5;2;;;3;4;3;;;1;1
3;6;22;28;28080;;1;1;M-50;77,504;2;5;1;12;M-503;3;4;3;;;1;1
3;1;15;28;28080;;1;1;M-503;12,4;3;5;1;4;M-516;1;1;1;;;1;2
3;2;14;28;28080;;3;2;No inventariada;;9;4;1;4;;1;1;1;;;1;998
3;1;9;28;28080;;3;2;No inventariada;;11;7;2;;;1;1;1;;;1;998
3;6;19;28;28080;;3;2;No inventariada;;14;10;2;;;1;4;7;;;3;998
3;2;11;28;28080;;3;2;No inventariada;;9;2;1;1;;1;1;2;;;1;998
3;3;20;28;28080;;3;2;No inventariada;;9;7;2;;;3;4;3;;;1;998
4;5;18;28;28080;;3;2;No inventariada;;9;6;2;;;1;1;1;;;1;998
4;5;17;28;28080;;3;2;No inventariada;;9;4;1;4;;1;1;1;;;1;998
4;2;19;28;28080;;3;2;No inventariada;;9;7;2;;;1;2;1;;;6;998
4;2;20;28;28080;;3;2;No inventariada;;9;10;2;;;1;2;1;;;1;998
4;3;16;28;28080;;1;1;M-50;78,441;2;4;2;;;1;1;1;;;1;1
4;3;14;28;28080;;3;2;No inventariada;;9;4;2;;;1;1;1;;;1;998
4;4;20;28;28080;;3;2;No inventariada;;9;7;2;;;1;2;1;;;6;998
4;5;12;28;28080;;3;2;No inventariada;;9;5;2;;;1;1;1;;;1;998
4;1;21;28;28080;;3;2;No inventariada;;9;20;1;4;;1;1;1;;;1;998
4;5;10;28;28080;;3;2;No inventariada;;9;9;2;;;1;1;1;;;1;998
4;3;23;28;28080;;3;2;No inventariada;;9;2;1;4;;1;4;1;;;1;998
4;5;15;28;28080;;3;2;No inventariada;;9;2;1;2;;1;1;1;;;1;998
4;1;12;28;28080;;3;2;No inventariada;;9;4;2;;;1;1;1;;;1;998
4;2;15;28;28080;;3;2;No inventariada;;9;12;1;4;;1;1;2;;;1;998
5;5;18;28;28080;;3;2;No inventariada;;9;2;1;4;;1;1;1;;;6;998
5;2;9;28;28080;;3;2;No inventariada;;9;7;2;;;1;1;1;;;1;998
5;2;15;28;28080;;3;2;No inventariada;;9;7;2;;;1;1;1;;;9;998
5;5;13;28;28115;;1;1;M-503;8,432;3;4;2;;;1;1;1;;;1;1
5;5;19;28;28080;;3;2;No inventariada;;9;7;2;;;1;1;1;;;1;998
5;1;11;28;28080;;1;1;M-503;12,5;3;4;2;;;1;1;1;;;1;1
5;4;9;28;28080;;3;2;No inventariada;;9;2;1;4;;1;1;1;;;1;998
5;5;18;28;28080;;3;2;No inventariada;;9;10;1;4;;1;1;1;;;1;998
5;5;21;28;28080;;3;2;No inventariada;;14;18;2;;;8;1;1;;;1;998
6;6;16;28;28080;;3;2;No inventariada;;9;2;1;4;;1;1;1;;;1;998
6;6;19;28;28080;;3;2;No inventariada;;9;6;2;;;1;1;1;;;6;998
6;7;22;28;28080;;3;2;No inventariada;;9;7;1;4;;1;4;1;;;1;998
6;2;14;28;28022;;1;1;M-516;1;5;3;2;;;1;1;1;;;1;3
6;2;12;28;28080;;3;2;No inventariada;;9;4;1;4;;1;1;1;;;1;998
6;4;18;28;28127;;1;1;A-6;16,714;2;4;2;;;1;1;1;;;1;1
6;2;8;28;28080;;3;2;No inventariada;;9;7;2;;;1;1;1;;;1;998
6;2;9;28;28080;;3;2;No inventariada;;9;4;2;;;1;1;1;;;1;998
6;6;14;28;28080;;1;1;M-503;12,7;3;4;2;;;1;1;1;;;1;1
6;4;8;28;28080;;3;2;No inventariada;;9;2;1;4;;3;1;2;;;1;998
6;5;11;28;28080;;3;2;No inventariada;;9;10;2;;;1;1;1;;;1;998
6;1;19;28;28080;;3;2;No inventariada;;9;7;1;1;;1;1;1;;;6;998
6;6;16;28;28127;;1;1;M-50;81,788;14;6;2;;;1;1;1;;;1;2
6;3;19;28;28080;;3;2;No inventariada;;9;7;2;;;1;1;1;;;1;998
7;1;16;28;28080;;3;2;No inventariada;;9;16;2;;;1;1;2;;;1;998
7;2;14;28;28080;;3;2;No inventariada;;9;7;2;;;1;1;1;;;1;998
7;6;1;28;28080;;3;2;No inventariada;;9;10;2;;;2;4;1;;;1;998
7;1;7;28;28080;;3;2;No inventariada;;9;1;1;1;;1;1;1;;;6;998
7;1;21;28;28080;;3;2;No inventariada;;9;3;1;4;;1;1;1;;;1;998
7;4;11;28;28080;;3;2;No inventariada;;9;7;1;4;;1;1;1;;;1;998
7;4;16;28;28080;;3;2;No inventariada;;9;3;1;4;;1;1;1;;;1;998
7;1;11;28;28080;;3;2;No inventariada;;9;2;1;2;;1;1;1;;;1;998
7;1;22;28;28080;;3;2;No inventariada;;9;10;1;4;;3;4;1;;;1;998
7;5;21;28;28080;;3;2;No inventariada;;9;16;1;4;;1;1;1;;;1;998
7;6;12;28;28080;;3;2;No inventariada;;9;20;2;;;1;1;1;;;1;998
7;7;11;28;28080;;3;2;No inventariada;;9;10;2;;;1;1;1;;;1;998
7;7;23;28;28080;;3;2;No inventariada;;9;10;1;4;;1;4;1;;;1;998
7;1;14;28;28080;;1;1;M-503;12,4;3;4;1;4;M-516;1;1;1;;;1;1
7;2;14;28;28080;;3;2;No inventariada;;9;4;1;1;;1;1;1;;;1;998
7;2;15;28;28080;;3;2;No inventariada;;9;4;2;;;1;1;1;;;1;998
7;5;11;28;28080;;3;2;No inventariada;;9;7;2;;;1;1;1;;;1;998
7;7;19;28;28080;;3;2;No inventariada;;9;4;2;;;1;1;1;;;1;998
7;1;16;28;28080;;1;1;M-503;12,344;3;4;1;4;M-516;1;1;1;;;1;1
8;4;23;28;28080;;3;2;No inventariada;;9;7;2;;;1;4;1;;;1;998
8;5;17;28;28080;;3;2;No inventariada;;9;10;2;;;1;1;1;;;1;998
8;3;9;28;28080;;3;2;No inventariada;;9;7;1;4;;1;1;1;;;1;998
8;1;11;28;28080;;3;2;No inventariada;;9;4;1;4;;1;1;1;;;1;998
8;5;18;28;28080;;1;1;M-50;75,666;14;5;2;;;7;1;1;;;1;1
8;5;23;28;28080;;1;1;M-516;0,32;6;15;1;4;;2;4;1;;;10;2
8;7;19;28;28080;;1;1;M-50;76,383;2;16;2;;;1;1;1;;;1;1
8;7;14;28;28080;;3;2;No inventariada;;9;2;1;4;;1;1;1;;;1;998
8;2;2;28;28080;;1;1;M-509;0,25;5;12;2;;;1;1;1;;;1;1
8;6;14;28;28080;;1;1;M-509;2,6;8;12;1;12;M-851;1;1;1;;;1;2
9;7;22;28;28080;;3;2;No inventariada;;9;6;2;;;1;4;1;;;1;998
9;1;13;28;28080;;3;2;No inventariada;;9;3;1;4;;1;1;1;;;1;998
9;4;12;28;28080;;3;2;No inventariada;;9;4;1;4;;1;1;1;;;1;998
9;6;12;28;28080;;1;1;M-50;80,9;2;15;2;;;1;1;1;;;1;1
9;1;16;28;28080;;3;2;No inventariada;;9;2;1;4;;1;1;1;;;1;998
9;2;8;28;28080;;3;2;No inventariada;;9;6;2;;;1;1;1;;;1;998
9;1;14;28;28080;;3;2;No inventariada;;9;4;1;4;;1;1;1;;;1;998
9;3;18;28;28080;;3;2;No inventariada;;9;10;1;2;;1;1;1;;;1;998
9;5;11;28;28080;;3;2;No inventariada;;9;7;1;2;;1;1;2;;;18;998
9;5;17;28;28127;;1;1;A-6;15,157;2;4;2;;;1;1;2;;;1;1
9;6;20;28;28080;;1;1;M-50;79,618;2;4;2;;;1;4;1;;;18;1
9;1;8;28;28080;;3;2;No inventariada;;9;7;2;;;1;2;1;;;9;998
10;2;14;28;28080;;3;2;No inventariada;;9;1;1;2;;1;1;1;;;1;998
10;6;9;28;28080;;3;2;No inventariada;;9;20;2;;;1;1;1;;;1;998
10;7;18;28;28080;;3;2;No inventariada;;9;6;2;;;1;1;1;;;1;998
10;2;14;28;28080;;3;2;No inventariada;;9;7;2;;;1;1;1;;;1;998
10;4;14;28;28080;;3;2;No inventariada;;9;4;2;;;1;1;1;;;1;998
10;1;19;28;28080;;3;2;No inventariada;;9;4;2;;;1;1;1;;;1;998
10;2;15;28;28080;;3;2;No inventariada;;9;10;2;;;3;1;2;;;1;998
10;5;7;28;28080;;3;2;No inventariada;;9;7;1;4;;1;4;1;;;18;998
10;4;8;28;28080;;3;2;No inventariada;;9;7;2;;;3;5;4;;;5;998
10;5;21;28;28080;;3;2;No inventariada;;9;2;2;;;1;3;1;;;1;998
10;6;12;28;28080;;3;2;No inventariada;;14;3;1;4;;1;1;1;;;1;998
10;4;7;28;28127;;1;1;A-6;15,5;2;4;2;;;1;4;7;;;18;1
10;4;11;28;28080;;3;2;No inventariada;;9;2;2;;;1;1;1;;;1;998
10;6;20;28;28127;;1;1;A-6;15,792;2;4;2;;;1;4;1;;;1;1
10;6;20;28;28080;;3;2;No inventariada;;9;2;1;4;;1;3;1;;;18;998
10;2;10;28;28080;;3;2;No inventariada;;9;7;2;;;3;1;4;;;5;998
10;1;9;28;28080;;3;2;No inventariada;;9;7;1;1;;1;1;1;;;6;998
10;3;10;28;28080;;3;2;No inventariada;;9;4;1;2;;1;1;1;;;1;998
10;4;12;28;28080;;3;2;No inventariada;;9;3;1;1;;1;1;1;;;1;998
11;3;19;28;28080;;3;2;No inventariada;;9;4;2;;;1;4;1;;;1;998
11;3;19;28;28080;;3;2;No inventariada;;9;2;1;4;;1;4;1;;;1;998
11;5;16;28;28080;;1;1;M-50;78,401;14;4;2;;;1;1;7;;;18;4
11;6;22;28;28080;;3;2;No inventariada;;9;2;1;4;;1;4;1;;;1;998
11;1;17;28;28080;;3;2;No inventariada;;9;2;1;4;;1;1;1;;;1;998
11;1;19;28;28080;;3;2;No inventariada;;9;7;2;;;1;3;1;;;18;998
11;1;8;28;28080;;3;2;No inventariada;;9;2;1;1;;1;1;1;;;6;998
11;3;12;28;28080;;3;2;No inventariada;;9;10;2;;;3;1;3;;;1;998
11;4;7;28;28080;;3;2;No inventariada;;9;10;2;;;1;1;2;;;1;998
11;4;13;28;28080;;3;2;No inventariada;;9;6;2;;;1;1;1;;;1;998
11;4;19;28;28080;;3;2;No inventariada;;9;16;1;4;;1;3;1;;;1;998
11;1;14;28;28080;;3;2;No inventariada;;9;4;2;;;1;1;1;;;1;998
11;2;9;28;28080;;3;2;No inventariada;;9;20;2;;;1;1;2;;;1;998
11;2;12;28;28080;;3;2;No inventariada;;9;10;2;;;1;1;2;;;1;998