MES;DIA_SEMANA;HORA;COD_PROVINCIA;COD_MUNICIPIO;ISLA;ZONA;ZONA_AGRUPADA;CARRETERA;KM;TIPO_VIA;TIPO_ACCIDENTE;NUDO;NUDO_INFO;CARRETERA_CRUCE;CONDICION_FIRME;CONDICION_ILUMINACION;CONDICION_METEO;CONDICION_NIEBLA;CONDICION_VIENTO;VISIB_RESTRINGIDA_POR;TRAZADO_PLANTA
11;4;16;28;28080;;1;1;M-503;13,451;14;4;2;;;1;1;1;;;1;1
10;3;17;28;28080;;3;2;No inventariada;;9;7;2;;;1;1;1;;;1;998
11;5;13;28;28080;;3;2;No inventariada;;9;10;2;;;1;1;2;;;1;998
12;3;10;28;28080;;1;1;M-50;77;2;4;2;;;1;1;1;;;1;1
12;5;19;28;28080;;3;2;No inventariada;;9;7;1;2;;1;1;1;;;1;998
12;1;15;28;28080;;3;2;No inventariada;;9;2;2;;;1;1;1;;;1;998
12;1;18;28;28080;;3;2;No inventariada;;9;2;1;2;;1;3;1;;;1;998
12;2;18;28;28080;;3;2;No inventariada;;9;2;1;4;;1;4;1;;;1;998
12;3;20;28;28080;;3;2;No inventariada;;9;10;2;;;1;3;1;;;1;998
12;4;9;28;28080;;3;2;No inventariada;;9;10;2;;;1;1;2;;;1;998
12;5;9;28;28080;;3;2;No inventariada;;9;3;1;4;;1;1;1;;;18;998
12;4;14;28;28080;;3;2;No inventariada;;9;10;1;4;;1;1;1;;;1;998
12;1;19;28;28080;;3;2;No inventariada;;9;3;1;4;;1;3;1;;;1;998
12;3;15;28;28080;;3;2;No inventariada;;9;2;1;4;;1;1;1;;;1;998
12;5;19;28;28080;;3;2;No inventariada;;9;20;1;4;;1;4;1;;;1;998
5;7;10;28;28082;;1;1;M-608;23;6;19;2;;;1;1;1;;;1;1
5;4;12;28;28082;;1;1;M-608;25,3;6;20;1;4;;1;1;1;;;1;2
6;7;11;28;28082;;1;1;M-608;20,4;6;4;2;;;1;6;2;;;18;1
6;6;8;28;28082;;1;1;M-608;21,5;6;8;2;;;1;1;1;;;1;3
7;1;10;28;28082;;1;1;M-608;25,2;6;2;2;;;1;1;1;;;1;1
7;7;15;28;28082;;1;1;M-608;24,625;6;18;2;;;1;1;1;;;1;1
9;7;11;28;28082;;1;1;M-608;24,9;6;6;2;;;1;1;2;;;12;1
9;2;14;28;28082;;1;1;M-608;21,5;6;18;2;;;1;1;1;;;1;2
9;6;21;28;28082;;1;1;M-607;42,662;6;2;2;;;1;2;1;;;1;1
11;5;2;28;28082;;3;2;No inventariada;;9;7;2;;;4;4;4;;;1;998
11;5;9;28;28082;;1;1;M-608;21,739;6;1;2;;;1;1;2;;;1;2
12;7;11;28;28082;;1;1;M-608;21,8;6;6;2;;;1;1;1;;;1;2
2;2;20;28;28083;;1;1;M-116;4,57;6;7;2;;;1;4;1;;;1;1
8;7;20;28;28005;;1;1;A-2;38,076;3;12;2;;;1;1;1;;;1;1
1;2;19;28;28123;;1;1;R-3;10;1;4;2;;;1;6;1;;;1;1
3;2;18;28;28084;;1;1;M-203;9;6;4;2;;;1;1;1;;;1;1
3;5;14;28;28084;;1;1;M-208;7,7;5;2;1;4;R-3;1;1;1;;;1;2
3;2;18;28;28084;;3;2;No inventariada;;9;2;1;4;;1;1;1;;;1;998
3;7;22;28;28084;;3;2;No inventariada;;9;2;1;4;;1;4;1;;;1;998
4;6;12;28;28084;;1;1;M-203;9,6;6;2;1;4;M-208;1;1;1;;;1;2
4;4;19;28;28084;;1;1;M-208;8;6;4;2;;;1;1;1;;;1;1
5;7;11;28;28084;;1;1;M-203;9;6;10;2;;;1;1;1;;;1;1
5;4;10;28;28084;;1;1;M-203;9,288;6;4;2;;;1;1;1;;;1;1
5;3;15;28;28084;;3;2;No inventariada;;9;10;2;;;1;1;1;;;1;998
6;6;13;28;28084;;1;1;M-208;9,718;6;2;1;1;;1;1;3;;;1;2
6;3;15;28;28084;;1;1;M-208;10;6;16;2;;;1;1;1;;;1;2
7;2;22;28;28084;;3;2;No inventariada;;9;7;2;;;1;4;1;;;1;998
8;4;12;28;28084;;1;1;M-208;8;6;4;1;4;M-208;1;1;1;;;1;1
8;7;21;28;28084;;3;2;No inventariada;;9;7;1;4;;1;1;1;;;1;998
9;5;14;28;28084;;1;1;M-208;9;6;2;1;4;M-208;1;1;1;;;1;2
9;3;18;28;28084;;1;1;M-208;8,9;6;4;1;4;M-208;1;1;1;;;1;1
9;4;9;28;28084;;1;1;M-208;8,046;6;10;1;4;R-3;7;1;1;;;1;2
9;6;17;28;28084;;1;1;M-208;10,234;6;18;2;;;1;1;2;;;1;3
10;3;20;28;28084;;1;1;M-208;9,726;6;2;1;2;;1;6;1;;;1;2
10;1;6;28;28084;;1;1;M-208;8,9;6;2;1;4;;3;4;1;;;1;2
11;5;21;28;28084;;3;2;No inventariada;;9;7;2;;;1;4;1;;;16;998
12;3;23;28;28084;;3;2;No inventariada;;9;10;2;;;1;4;1;;;4;998
12;1;12;28;28084;;3;2;No inventariada;;9;2;1;2;;1;1;1;;;9;998
2;2;15;28;28085;;1;1;M-611;7,65;6;4;2;;;1;1;1;;;1;1
3;2;14;28;28085;;1;1;M-611;2,8;6;5;2;;;1;1;1;;;1;1
5;7;12;28;28085;;1;1;M-611;15,859;6;19;2;;;1;1;1;;;1;2
5;7;21;28;28085;;1;1;M-626;6;6;19;2;;;1;6;1;1;;1;2
5;2;9;28;28085;;1;1;M-608;13,223;6;5;2;;;1;1;1;;;1;1
6;1;21;28;28085;;3;2;No inventariada;;9;7;2;;;1;1;1;;;9;998
7;4;20;28;28085;;1;1;M-611;1,798;6;2;1;4;M-611;1;1;1;;;6;2
7;7;12;28;28085;;1;1;M-626;5;6;1;2;;;1;1;1;;;1;2
9;1;16;28;28085;;1;1;M-611;3,5;6;4;2;;;1;1;1;1;;1;1
10;1;16;28;28085;;1;1;M-611;5,5;6;4;2;;;3;1;3;1;;1;1
10;4;12;28;28085;;1;1;M-611;7,663;6;2;1;12;;1;1;1;;;1;2
10;6;20;28;28085;;1;1;M-611;11,1;6;19;2;;;1;6;1;;;1;2
11;7;11;28;28085;;1;1;M-611;7,5;6;19;2;;;1;1;1;;;1;2
1;1;18;28;28086;;1;1;A-1;38;3;4;2;;;3;1;2;;;1;1
1;7;19;28;28086;;1;1;A-1;38,642;3;4;2;;;1;6;1;;;1;2
2;6;20;28;28108;;1;1;A-1a;45,111;3;7;2;;;1;6;1;;;1;1
2;7;17;28;28086;;1;1;A-1;40,964;3;4;2;;;1;1;1;;;1;1
2;4;10;28;28086;;1;1;A-1;42,8;3;4;2;;;1;1;2;;;1;1
2;3;12;28;28086;;1;1;A-1;39,9;3;4;2;;;1;1;1;;;1;1
3;3;13;28;28086;;1;1;M-129;1,65;6;2;1;4;A-1;1;1;1;;;1;1
3;6;10;28;28108;;1;1;A-1;47,5;3;4;2;;;1;1;1;;;1;1
4;5;23;28;28086;;1;1;A-1;39,495;3;3;2;;;1;6;1;;;1;1
5;3;11;28;28086;;1;1;A-1;39,5;3;16;2;;;1;1;1;;;1;1
5;7;17;28;28086;;1;1;A-1;38,61;3;4;2;;;1;1;1;;;1;1
5;2;9;28;28086;;1;1;A-1;36,85;3;4;2;;;1;1;1;;;1;1
7;1;16;28;28086;;1;1;A-1;41;3;15;2;;;1;1;1;;;1;1
6;6;4;28;28086;;1;1;A-1;44,1;3;3;2;;;1;4;1;;;1;1
8;2;9;28;28086;;1;1;A-1;37,5;3;4;2;;;1;1;1;;;1;2
9;4;18;28;28086;;3;2;No inventariada;;9;7;2;;;1;3;1;;;6;998
11;6;19;28;28086;;1;1;A-1a;43,207;6;14;1;12;N-1a;1;6;1;;;1;2
12;4;19;28;28086;;1;1;A-1;41,032;3;4;2;;;1;6;1;;;1;1
4;5;21;28;0;;1;1;M-622;4,926;6;4;1;2;;1;4;1;;;1;4
12;3;20;28;0;;1;1;M-614;5,849;5;2;2;;;1;4;1;;;1;1
7;7;6;28;0;;1;1;M-137;13,5;6;7;2;;;1;2;1;;;1;1
2;4;23;28;28089;;1;1;M-407;11,2;8;12;1;11;M-410;1;5;1;;;1;2
2;6;14;28;28089;;1;1;M-407;10,6;5;15;2;;;3;1;3;;;12;1
8;5;6;28;28089;;1;1;R-5;20;1;6;2;;;1;6;1;;;7;3
10;5;6;28;28089;;1;1;R-5;16,1;1;16;2;;;1;6;1;;;1;1
2;2;9;28;28090;;1;1;M-608;36,446;5;3;2;;;1;1;1;;;1;1
2;1;13;28;28090;;1;1;M-615;3,5;6;1;2;;;1;1;1;;;1;3
3;3;17;28;28090;;3;2;No inventariada;;9;4;1;7;M-607;1;1;1;;;1;998
2;2;7;28;28090;;3;2;No inventariada;;9;7;1;6;;1;3;1;;;1;998
3;1;12;28;28090;;3;2;No inventariada;;9;4;1;1;;1;1;2;;;1;998
3;6;6;28;28090;;1;1;M-608;36,847;6;16;1;11;;3;5;4;;;1;1
4;5;8;28;28090;;3;2;No inventariada;;9;2;1;2;;1;1;1;;;1;998
5;3;18;28;28090;;1;1;M-608;36,636;6;4;2;;;1;1;1;;;1;1
7;1;2;28;28090;;3;2;No inventariada;;9;7;2;;;1;4;1;;;1;998
8;7;23;28;28090;;1;1;M-608;36,47;6;16;1;4;;1;4;1;;;1;2
11;7;1;28;28090;;1;1;M-608;34,05;6;1;2;;;1;6;1;;;1;1
11;2;15;28;28090;;1;1;M-608;36;6;4;2;;;1;1;1;;;1;1
12;6;15;28;28090;;1;1;M-623;0,1;6;19;2;;;1;1;1;;1;1;2
12;7;6;28;28090;;1;1;M-608;34,766;6;16;2;;;1;6;1;;;1;2
1;5;10;28;28091;;1;1;M-302;5,86;6;16;2;;;3;1;4;;;5;1
1;4;11;28;28091;;3;2;No inventariada;;9;7;1;2;;1;1;2;;;1;998
4;7;21;28;28091;;1;1;M-313;9,5;6;2;1;2;M-313;1;1;1;;;1;1
5;5;0;28;28091;;1;1;M-313;9,5;6;16;2;;;8;6;1;;;1;1
6;5;18;28;28091;;1;1;M-311;4,5;6;4;2;;;1;1;1;;;1;1
6;3;18;28;28091;;2;2;M-313;6,2;6;7;2;;;1;1;1;;;1;1
6;2;11;28;28091;;2;2;M-313;6,3;6;7;1;1;M-302;1;1;1;;;1;1
6;7;8;28;28091;;2;2;M-313;6,3;6;2;1;1;M-313;1;1;1;;;18;1
7;2;19;28;0;;1;1;M-302;12,518;6;3;2;;;1;1;1;;;1;2
8;2;18;28;28091;;3;2;No inventariada;;9;10;1;2;;1;1;1;;;1;998
1;1;5;28;28092;;1;1;A-5;17,841;3;12;2;;;3;4;1;;;1;1
1;2;19;28;28092;;3;2;No inventariada;;9;7;1;1;;3;4;3;;;1;998
1;2;14;28;28092;;3;2;No inventariada;;9;6;1;1;;1;1;1;;;1;998
1;2;21;28;28092;;3;2;No inventariada;;9;10;1;4;;3;4;1;;;1;998
1;5;9;28;28092;;1;1;A-5;18,569;3;4;2;;;3;1;1;;;1;1
1;6;14;28;28092;;1;1;A-5;21,634;3;16;2;;;1;1;1;;;1;1
1;1;13;28;28092;;3;2;No inventariada;;9;10;2;;;1;1;1;;;1;998
1;7;12;28;28092;;1;1;A-5;23,3;3;5;2;;;1;1;1;;;1;1
1;2;17;28;28092;;1;1;M-856;0,01;6;9;1;4;A-5;1;1;1;;;1;2
1;2;6;28;28092;;3;2;No inventariada;;9;12;1;2;;1;3;1;;;9;998
1;2;13;28;28092;;3;2;No inventariada;;9;10;2;;;1;1;1;;;1;998
1;4;9;28;28092;;3;2;No inventariada;;9;10;2;;;1;1;1;;;1;998
1;4;8;28;28092;;3;2;No inventariada;;9;3;2;;;1;1;1;;;1;998
1;3;18;28;28092;;3;2;No inventariada;;9;4;2;;;3;4;2;;;1;998
1;4;14;28;28092;;3;2;No inventariada;;9;4;2;;;1;1;1;;;1;998
1;4;19;28;28092;;1;1;A-5;18,6;3;5;1;2;;1;1;1;;;1;1
1;5;7;28;28092;;3;2;No inventariada;;9;7;2;;;1;4;1;;;1;998
1;5;14;28;28092;;3;2;No inventariada;;9;4;2;;;1;1;1;;;1;998
1;5;13;28;28092;;3;2;No inventariada;;9;4;1;4;M-506;1;1;1;;;1;998
1;6;13;28;28092;;3;2;No inventariada;;9;4;1;4;;1;1;1;;;1;998
1;7;15;28;28092;;3;2;No inventariada;;9;4;2;;;3;1;2;;;1;998
1;7;15;28;28092;;3;2;No inventariada;;9;7;2;;;3;1;2;;;1;998
1;2;10;28;28092;;3;2;No inventariada;;9;7;1;2;;3;1;3;;;1;998
1;2;18;28;28092;;3;2;No inventariada;;9;7;2;;;3;1;2;;;1;998
1;4;18;28;28092;;1;1;A-5;19,083;3;4;1;12;;1;4;2;;;1;2
1;2;13;28;28092;;1;1;A-5;16,812;3;4;2;;;1;1;1;;;1;1
1;6;23;28;28092;;1;1;A-5;23,1;3;19;2;;;1;5;1;;;1;1
1;4;13;28;28092;;3;2;No inventariada;;9;10;2;;;3;1;1;;;1;998
1;1;13;28;28092;;3;2;No inventariada;;9;2;1;4;;1;1;1;;;1;998
1;1;13;28;28092;;3;2;No inventariada;;9;7;1;2;;1;1;1;;;1;998
1;3;14;28;28092;;3;2;No inventariada;;9;6;2;;;1;1;1;;;1;998
1;3;17;28;28092;;3;2;No inventariada;;9;1;2;;;1;1;1;;;1;998
1;7;20;28;28092;;3;2;No inventariada;;9;2;1;4;;1;4;1;;;1;998
1;2;23;28;28092;;3;2;No inventariada;;9;2;1;4;;1;4;1;;;1;998
1;4;16;28;28092;;3;2;No inventariada;;9;4;1;4;;1;1;1;;;1;998
1;5;19;28;28092;;1;1;A-5;16,63;3;5;2;;;1;4;1;;;1;1
1;6;16;28;28092;;3;2;No inventariada;;9;7;2;;;1;1;1;;;1;998
1;5;21;28;28092;;3;2;No inventariada;;9;4;2;;;1;4;1;;;1;998
1;7;12;28;28092;;3;2;No inventariada;;9;10;2;;;2;1;1;;;1;998
1;1;8;28;28092;;3;2;No inventariada;;9;4;1;4;;1;1;1;;;1;998
1;1;15;28;28092;;1;1;M-856;0,7;6;18;2;;;1;1;1;;;1;1
1;3;17;28;28092;;3;2;No inventariada;;9;10;2;;;1;1;1;;;1;998
1;3;14;28;28092;;3;2;No inventariada;;9;7;2;;;1;1;1;;;1;998
2;4;12;28;28092;;1;1;N-5A;21,967;6;4;2;;;9;2;1;;;1;1
2;5;9;28;28092;;3;2;No inventariada;;9;2;2;;;1;1;1;;;1;998
2;6;20;28;28092;;3;2;No inventariada;;9;7;2;;;1;4;1;;;1;998
2;7;20;28;28092;;3;2;No inventariada;;9;2;1;1;;1;4;1;;;1;998
2;1;13;28;28092;;3;2;No inventariada;;9;12;1;4;;1;1;1;;;1;998
2;3;7;28;28092;;3;2;No inventariada;;9;7;1;1;;1;4;1;;;1;998
2;2;13;28;28092;;3;2;No inventariada;;9;7;2;;;1;1;1;;;1;998
2;3;7;28;28092;;3;2;No inventariada;;9;3;1;4;;1;4;1;;;1;998
2;4;7;28;28092;;1;1;A-5;20;3;5;2;;;1;3;1;;;1;1
2;5;7;28;28092;;3;2;No inventariada;;9;7;1;2;;1;2;3;1;;1;998
2;7;19;28;28092;;3;2;No inventariada;;9;10;1;2;;3;4;3;;;1;998
2;1;11;28;28092;;3;2;No inventariada;;9;10;1;1;;1;1;1;;;1;998
2;3;7;28;28092;;3;2;No inventariada;;9;2;2;;;1;4;1;;;1;998
2;3;16;28;28092;;1;1;A-5;18,2;3;3;2;;;1;1;1;;;1;1
2;5;20;28;28092;;3;2;No inventariada;;9;4;2;;;1;4;1;;;1;998
2;2;15;28;28092;;1;1;A-5;21,4;3;2;2;;;1;1;1;;;1;1
2;2;17;28;28092;;3;2;No inventariada;;9;4;1;1;;1;1;1;;;1;998
2;3;15;28;28092;;1;1;A-5;21,365;3;4;2;;;1;1;1;;;1;1
2;4;13;28;28092;;3;2;No inventariada;;9;2;1;4;;1;1;1;;;1;998
2;5;14;28;28092;;3;2;No inventariada;;9;10;1;4;;1;1;1;;;1;998
2;3;16;28;28092;;3;2;No inventariada;;9;7;1;1;;1;1;1;;;6;998
2;3;17;28;28092;;3;2;No inventariada;;9;2;1;1;;1;1;1;;;1;998
2;4;14;28;28092;;3;2;No inventariada;;9;10;2;;;1;1;1;;;1;998
2;4;11;28;28092;;3;2;No inventariada;;9;4;2;;;1;1;1;;;1;998
3;6;15;28;28092;;3;2;No inventariada;;9;2;1;1;;3;1;3;;;5;998
3;2;7;28;28092;;3;2;No inventariada;;9;7;2;;;1;1;1;;;1;998
3;3;9;28;28092;;1;1;A-5;16,5;3;4;2;;;1;1;1;;;1;1
3;2;13;28;28092;;3;2;No inventariada;;9;7;1;1;;1;1;1;;;1;998
3;3;13;28;28092;;3;2;No inventariada;;9;6;2;;;1;1;1;;;1;998
3;2;21;28;28092;;3;2;No inventariada;;9;7;1;4;;3;4;4;;;1;998
3;1;18;28;28092;;3;2;No inventariada;;9;20;1;1;;1;1;1;;;1;998
3;3;12;28;28092;;3;2;No inventariada;;9;1;1;2;;1;1;1;;;1;998
3;4;12;28;28092;;3;2;No inventariada;;9;7;2;;;1;1;1;;;1;998
3;6;16;28;28092;;3;2;No inventariada;;9;4;2;;;1;1;1;;;1;998
3;7;15;28;28092;;3;2;No inventariada;;9;7;2;;;1;1;1;1;;1;998
3;7;19;28;28092;;3;2;No inventariada;;9;7;1;2;;1;4;1;;;9;998
3;2;8;28;28092;;3;2;No inventariada;;9;2;1;4;;1;1;1;;;1;998
3;2;11;28;28092;;3;2;No inventariada;;9;7;2;;;1;1;1;;;2;998
3;3;17;28;28092;;3;2;No inventariada;;9;7;2;;;1;1;1;;;9;998
3;4;16;28;28092;;1;1;A-5;18,556;3;5;2;;;1;1;2;;;1;1
3;5;10;28;28092;;1;1;A-5;23,7;3;4;2;;;1;1;1;;;1;1
3;1;13;28;28092;;3;2;No inventariada;;9;2;1;4;;1;1;2;;;1;998
3;3;23;28;28092;;3;2;No inventariada;;9;10;2;;;3;4;3;;;1;998
3;7;0;28;28092;;3;2;No inventariada;;9;6;1;4;;3;4;3;;;5;998
4;3;8;28;28092;;3;2;No inventariada;;9;7;2;;;1;1;2;;;1;998
4;3;15;28;28092;;3;2;No inventariada;;9;10;1;2;;1;1;1;;;1;998
4;3;17;28;28092;;3;2;No inventariada;;9;7;2;;;1;1;1;;;1;998
4;6;17;28;28092;;3;2;No inventariada;;9;2;1;4;;1;1;1;;;1;998
4;1;14;28;28092;;1;1;M-856;0,1;6;12;2;;;1;1;2;;;18;1
4;4;22;28;28092;;3;2;No inventariada;;9;7;1;1;;1;4;1;;;1;998
4;1;12;28;28092;;3;2;No inventariada;;9;10;2;;;2;1;1;;;1;998
4;2;13;28;28092;;3;2;No inventariada;;9;7;2;;;1;1;1;;;1;998
4;3;9;28;28092;;3;2;No inventariada;;9;2;1;2;;1;1;1;;;1;998
4;3;11;28;28092;;3;2;No inventariada;;9;12;2;;;1;1;1;;;1;998
4;5;10;28;28092;;3;2;No inventariada;;9;7;2;;;1;1;1;;;1;998
4;6;13;28;28092;;3;2;No inventariada;;9;7;2;;;1;1;1;;;1;998
4;1;17;28;28092;;3;2;No inventariada;;9;4;2;;;1;1;1;;;1;998
4;2;16;28;28092;;1;1;A-5;20,461;3;2;2;;;1;1;1;;;1;1
4;2;18;28;28092;;3;2;No inventariada;;9;2;2;;;1;1;1;;;1;998
4;3;15;28;28092;;3;2;No inventariada;;9;1;1;1;;1;1;1;;;1;998
4;5;15;28;28092;;3;2;No inventariada;;9;2;1;2;;1;1;1;;;1;998
4;6;13;28;28092;;3;2;No inventariada;;9;2;2;;;1;1;1;;;1;998
4;6;21;28;28092;;3;2;No inventariada;;9;6;2;;;1;3;1;;;1;998
4;1;17;28;28092;;1;1;N-5A;21,338;6;16;2;;;1;1;1;;;1;3
4;1;13;28;28092;;3;2;No inventariada;;9;10;1;1;;1;1;1;;;1;998
4;1;21;28;28092;;3;2;No inventariada;;9;2;1;1;;1;4;1;;;1;998
4;5;12;28;28092;;3;2;No inventariada;;9;2;1;1;;1;1;1;;;1;998
4;6;18;28;28092;;3;2;No inventariada;;9;7;2;;;1;1;1;;;1;998
4;6;21;28;28092;;3;2;No inventariada;;9;10;2;;;1;4;1;;;1;998
4;2;18;28;28092;;1;1;A-5;20,5;3;5;2;;;1;1;1;;;1;1
4;7;20;28;28092;;3;2;No inventariada;;9;6;2;;;1;1;1;;;6;998
4;1;15;28;28092;;3;2;No inventariada;;9;4;2;;;1;1;1;;;1;998
4;1;15;28;28092;;3;2;No inventariada;;9;2;1;4;;1;1;2;;;1;998
4;2;10;28;28092;;3;2;No inventariada;;9;2;1;2;;1;1;1;;;1;998
5;1;6;28;28092;;3;2;No inventariada;;9;16;1;2;;3;4;2;;;1;998
5;1;10;28;28092;;1;1;A-5;21,643;3;18;2;;;1;1;1;;;1;1
5;1;15;28;28092;;3;2;No inventariada;;9;4;2;;;1;1;1;;;1;998
5;1;21;28;28092;;3;2;No inventariada;;9;7;2;;;1;4;1;;;1;998
5;2;18;28;28092;;3;2;No inventariada;;9;7;2;;;1;1;1;;;1;998
5;2;22;28;28092;;3;2;No inventariada;;9;7;2;;;1;4;1;;;1;998
5;4;12;28;28092;;3;2;No inventariada;;9;4;1;1;;1;1;1;;;1;998
5;4;12;28;28092;;1;1;A-5;18,327;3;5;2;;;1;1;1;;;1;1
5;6;9;28;28092;;3;2;No inventariada;;9;7;2;;;1;1;1;;;1;998
5;6;23;28;28092;;3;2;No inventariada;;9;2;1;2;;1;4;1;;;1;998
5;7;16;28;28092;;3;2;No inventariada;;9;10;1;2;;1;1;1;;;1;998
5;4;12;28;28092;;3;2;No inventariada;;9;10;2;;;1;1;1;;;18;998
5;2;18;28;28092;;1;1;A-5;21,668;3;5;2;;;1;1;2;;;1;1
5;4;10;28;28092;;3;2;No inventariada;;9;4;2;;;1;1;1;;;1;998
5;4;15;28;28092;;3;2;No inventariada;;9;2;1;4;;1;1;1;;;1;998
5;3;22;28;28092;;3;2;No inventariada;;9;7;2;;;1;4;1;;;1;998
5;2;14;28;28092;;1;1;A-5;16,9;3;2;2;;;1;1;1;;;1;1
5;6;14;28;28092;;1;1;A-5;24,7;3;4;1;10;A-5;1;1;1;;;1;1
5;6;15;28;28092;;3;2;No inventariada;;9;7;2;;;1;1;1;;;9;998
5;6;19;28;28092;;3;2;No inventariada;;9;4;2;;;1;1;1;;;1;998
5;6;23;28;28092;;3;2;No inventariada;;9;7;1;2;;1;4;1;;;1;998
5;5;12;28;28092;;1;1;A-5;18,2;3;5;2;;;1;1;1;;;1;1
5;2;15;28;28092;;3;2;No inventariada;;9;7;2;;;3;1;3;;;17;998
5;3;12;28;28092;;1;1;A-5;24,9;3;4;2;;;1;1;1;;;1;1
5;3;19;28;28092;;3;2;No inventariada;;9;10;2;;;1;1;1;;;1;998
5;2;16;28;28092;;3;2;No inventariada;;9;7;1;4;;1;1;1;;;1;998
5;5;13;28;28092;;3;2;No inventariada;;9;4;2;;;1;1;1;;;1;998
5;6;11;28;28092;;3;2;No inventariada;;9;7;1;2;;1;1;1;;;12;998
5;1;11;28;28092;;3;2;No inventariada;;9;7;1;2;;1;1;1;;;1;998
5;1;19;28;28092;;3;2;No inventariada;;9;4;2;;;1;1;1;;;1;998
5;2;18;28;28092;;3;2;No inventariada;;9;7;2;;;1;1;1;;;1;998
5;4;11;28;28092;;3;2;No inventariada;;9;2;2;;;1;1;1;;;1;998
5;4;17;28;28092;;1;1;A-5;22,965;3;4;2;;;1;1;1;;;1;1
5;5;13;28;28092;;3;2;No inventariada;;9;6;2;;;1;1;1;;;1;998
6;7;5;28;28092;;1;1;A-5;20,465;3;4;2;;;1;2;1;;;1;1
6;6;16;28;28092;;3;2;No inventariada;;9;2;1;1;;1;1;1;;;1;998
6;7;15;28;28092;;3;2;No inventariada;;9;10;1;1;;1;1;1;;;1;998
6;2;10;28;28092;;3;2;No inventariada;;9;7;2;;;1;1;1;;;1;998
6;2;12;28;28092;;1;1;A-5;22,729;7;4;2;;;1;1;1;;;1;1
6;2;20;28;28092;;3;2;No inventariada;;9;10;2;;;3;1;1;;;1;998
6;4;8;28;28092;;1;1;A-5;18,767;3;2;1;4;M-856;1;1;1;;;1;2
6;5;11;28;28058;;1;1;M-506;10,2;8;10;2;;;7;1;1;;;1;2
6;6;22;28;28092;;1;1;A-5;19,8;3;5;2;;;1;5;1;;;1;1
6;3;14;28;28092;;1;1;M-856;0,5;6;2;1;4;;1;1;1;;;1;2
6;2;19;28;28092;;3;2;No inventariada;;14;7;2;;;1;1;1;;;12;998
6;2;19;28;28092;;3;2;No inventariada;;9;7;1;4;;1;1;1;;;1;998
6;3;20;28;28092;;3;2;No inventariada;;9;7;2;;;1;1;1;;;1;998
6;4;23;28;28092;;1;1;N-5A;20,301;6;18;2;;;1;4;1;;;1;1
6;5;9;28;28092;;1;1;A-5;25,024;3;4;2;;;1;1;1;;;1;1
6;5;22;28;28092;;3;2;No inventariada;;9;2;1;1;;1;5;1;;;1;998
6;5;13;28;28092;;3;2;No inventariada;;9;20;2;;;1;1;1;;;1;998
6;6;12;28;28092;;3;2;No inventariada;;9;2;1;4;;1;1;1;;;1;998
6;7;8;28;28092;;3;2;No inventariada;;9;4;2;;;1;1;1;;;1;998
6;7;16;28;28092;;3;2;No inventariada;;9;2;1;4;;1;1;1;;;1;998
6;1;15;28;28092;;3;2;No inventariada;;9;2;2;;;1;1;1;;;1;998
6;2;11;28;28092;;1;1;A-5;22,438;8;4;2;;;1;1;2;;;1;1
6;3;15;28;28092;;3;2;No inventariada;;9;10;2;;;1;1;1;;;1;998
6;3;19;28;28092;;1;1;A-5;22,409;7;4;1;4;A-5;1;1;1;;;1;3
6;4;11;28;28092;;3;2;No inventariada;;9;2;1;4;;1;1;1;;;1;998
6;4;17;28;28092;;3;2;No inventariada;;9;7;2;;;1;1;1;;;1;998
6;5;20;28;28092;;3;2;No inventariada;;9;10;2;;;1;1;1;;;1;998
6;6;18;28;28092;;3;2;No inventariada;;9;7;2;;;1;1;1;;;1;998
6;2;16;28;28092;;1;1;A-5;17,4;3;4;2;;;1;1;1;;;1;1
6;2;16;28;28092;;3;2;No inventariada;;9;10;1;2;;1;1;1;;;9;998
6;3;7;28;28092;;3;2;No inventariada;;9;2;1;4;;1;1;1;;;1;998
6;2;22;28;28092;;3;2;No inventariada;;9;10;2;;;1;4;1;;;1;998
6;4;14;28;28092;;1;1;A-5;22,804;3;5;2;;;1;1;1;;;1;1
6;4;15;28;28092;;3;2;No inventariada;;9;2;2;;;1;1;1;;;1;998
6;6;0;28;28092;;3;2;No inventariada;;9;7;2;;;1;4;1;;;1;998
6;6;21;28;28092;;3;2;No inventariada;;9;10;1;4;;1;1;1;;;1;998
7;2;6;28;28092;;1;1;A-5;17,03;3;12;2;;;1;3;1;;;1;2
7;6;19;28;28092;;3;2;No inventariada;;9;3;2;;;1;1;1;;;1;998
7;2;17;28;28092;;3;2;No inventariada;;9;10;2;;;1;1;1;;;1;998
7;2;20;28;28092;;3;2;No inventariada;;9;2;1;1;;1;1;1;;;1;998
7;4;7;28;28092;;1;1;A-5;19,447;3;3;2;;;1;1;1;;;1;1
7;3;20;28;28092;;3;2;No inventariada;;9;3;1;2;;1;1;1;;;1;998
7;6;8;28;28092;;1;1;A-5;18,744;3;4;2;;;1;1;1;;;1;1
7;6;11;28;28092;;3;2;No inventariada;;9;7;1;2;;1;1;1;;;17;998
7;2;14;28;28092;;1;1;A-5;17,394;3;4;1;12;A-5;1;1;1;;;1;1
6;6;13;28;28092;;3;2;No inventariada;;9;2;1;4;;1;1;1;;;1;998
7;7;20;28;28092;;3;2;No inventariada;;9;7;2;;;1;1;1;;;6;998
7;1;9;28;28092;;3;2;No inventariada;;9;4;2;;;1;1;1;;;6;998
7;3;9;28;28092;;3;2;No inventariada;;9;2;1;1;;1;1;1;;;1;998