MES;DIA_SEMANA;HORA;COD_PROVINCIA;COD_MUNICIPIO;ISLA;ZONA;ZONA_AGRUPADA;CARRETERA;KM;TIPO_VIA;TIPO_ACCIDENTE;NUDO;NUDO_INFO;CARRETERA_CRUCE;CONDICION_FIRME;CONDICION_ILUMINACION;CONDICION_METEO;CONDICION_NIEBLA;CONDICION_VIENTO;VISIB_RESTRINGIDA_POR;TRAZADO_PLANTA
7;2;20;28;28092;;3;2;No inventariada;;9;4;2;;;1;1;1;;;1;998
7;6;14;28;28092;;1;1;A-5;20,5;3;16;1;2;;1;1;1;;;18;1
7;1;10;28;28092;;3;2;No inventariada;;9;4;2;;;1;1;1;;;1;998
8;4;19;28;28092;;3;2;No inventariada;;9;2;1;1;;1;1;1;1;;1;998
8;5;11;28;28092;;3;2;No inventariada;;9;7;1;4;;1;1;1;;;1;998
8;1;10;28;28092;;3;2;No inventariada;;9;2;1;1;;1;1;1;;;1;998
8;1;21;28;28092;;3;2;No inventariada;;9;10;2;;;2;3;1;;;1;998
8;3;19;28;28092;;3;2;No inventariada;;9;2;1;4;;1;1;1;;;6;998
8;3;21;28;28092;;3;2;No inventariada;;9;10;2;;;1;3;1;;;1;998
8;3;21;28;28092;;3;2;No inventariada;;9;4;1;4;;1;3;1;;;1;998
8;4;22;28;28092;;3;2;No inventariada;;9;2;1;4;;1;4;1;;;1;998
8;2;21;28;28092;;3;2;No inventariada;;9;7;2;;;1;2;1;;;1;998
8;3;21;28;28092;;1;1;A-5;18,692;3;16;2;;;1;3;1;;;1;1
8;4;10;28;28092;;3;2;No inventariada;;9;4;2;;;1;1;1;;;1;998
8;5;15;28;28092;;1;1;A-5;22,4;8;4;2;;;1;1;1;;;1;1
8;1;13;28;28092;;1;1;M-856;1,3;6;1;2;;;1;1;1;;;1;2
8;5;19;28;28092;;3;2;No inventariada;;14;10;2;;;8;1;1;;;1;998
8;4;15;28;28092;;3;2;No inventariada;;9;4;1;1;;1;1;1;;;1;998
8;3;17;28;28092;;3;2;No inventariada;;9;2;2;;;1;1;1;;;1;998
8;3;12;28;28092;;3;2;No inventariada;;9;10;1;4;;1;1;1;;;1;998
8;4;21;28;28092;;3;2;No inventariada;;9;20;1;4;;1;4;1;;;1;998
9;1;10;28;28092;;1;1;A-5;17;3;2;1;4;;1;1;1;;;1;2
9;1;14;28;28092;;3;2;No inventariada;;9;3;1;4;;1;1;1;;;18;998
9;1;22;28;28092;;3;2;No inventariada;;9;7;1;1;;1;4;1;;;1;998
9;3;18;28;28092;;3;2;No inventariada;;9;2;1;1;;1;1;1;;;1;998
9;4;10;28;28092;;1;1;A-5;16,793;3;5;2;;;1;1;1;;;1;1
9;5;10;28;28092;;3;2;No inventariada;;9;4;2;;;1;1;1;;;1;998
9;6;8;28;28092;;3;2;No inventariada;;9;2;1;1;;1;1;1;;;1;998
9;2;13;28;28092;;3;2;No inventariada;;9;7;1;2;;1;1;1;;;1;998
9;3;21;28;28092;;3;2;No inventariada;;9;10;2;;;1;4;1;;;1;998
9;5;11;28;28092;;3;2;No inventariada;;9;4;1;4;;1;1;1;;;9;998
9;5;14;28;28092;;3;2;No inventariada;;9;4;1;2;;1;1;1;;;1;998
9;7;10;28;28092;;3;2;No inventariada;;13;10;2;;;1;1;1;;;1;998
9;1;14;28;28092;;3;2;No inventariada;;9;2;1;4;;1;1;1;;;1;998
9;2;9;28;28092;;3;2;No inventariada;;9;4;1;4;;1;1;1;;;1;998
9;2;15;28;28092;;3;2;No inventariada;;9;7;2;;;1;1;1;;;1;998
9;2;18;28;28092;;3;2;No inventariada;;9;4;1;4;;1;1;1;;;1;998
9;3;11;28;28092;;3;2;No inventariada;;9;4;2;;;1;1;1;;;1;998
9;3;14;28;28092;;3;2;No inventariada;;9;10;2;;;1;1;1;;;1;998
9;5;13;28;28092;;3;2;No inventariada;;9;7;2;;;1;1;2;;;1;998
9;6;19;28;28092;;3;2;No inventariada;;9;7;2;;;1;1;1;;;1;998
9;1;11;28;28092;;3;2;No inventariada;;9;7;2;;;1;1;1;;;1;998
9;1;21;28;28092;;3;2;No inventariada;;9;10;2;;;1;4;1;;;1;998
9;5;17;28;28092;;1;1;N-5A;22,3;6;20;1;4;A-5;1;1;1;;;1;2
9;5;20;28;28092;;3;2;No inventariada;;9;10;2;;;1;4;1;;;1;998
9;7;18;28;28092;;3;2;No inventariada;;9;7;1;4;;1;1;1;;;1;998
9;7;0;28;28092;;3;2;No inventariada;;9;7;2;;;1;4;1;;;9;998
9;1;22;28;28092;;3;2;No inventariada;;9;2;2;;;1;3;1;;;1;998
9;1;13;28;28092;;3;2;No inventariada;;9;3;1;4;;1;1;1;;;1;998
9;1;18;28;28092;;3;2;No inventariada;;9;7;1;1;;1;1;1;;;1;998
10;2;13;28;28092;;3;2;No inventariada;;9;10;2;;;1;1;1;;;1;998
10;2;20;28;28092;;3;2;No inventariada;;9;4;2;;;1;3;1;;;1;998
10;3;17;28;28092;;3;2;No inventariada;;9;4;1;4;;1;1;1;;;1;998
10;3;20;28;28092;;3;2;No inventariada;;9;4;2;;;3;6;1;;;1;998
10;4;11;28;28092;;3;2;No inventariada;;9;2;2;;;1;1;1;;;1;998
10;5;13;28;28092;;3;2;No inventariada;;9;10;2;;;1;1;1;;;1;998
10;5;12;28;28092;;3;2;No inventariada;;9;7;2;;;1;1;1;;;1;998
10;5;9;28;28092;;3;2;No inventariada;;9;4;2;;;1;1;1;;;1;998
10;6;15;28;28092;;3;2;No inventariada;;9;7;1;2;;1;1;1;;;1;998
10;6;10;28;28092;;3;2;No inventariada;;13;10;2;;;2;1;1;;;1;998
10;6;17;28;28092;;3;2;No inventariada;;9;3;1;1;;1;1;1;;;1;998
10;7;12;28;28092;;3;2;No inventariada;;9;2;1;1;;1;1;1;;;9;998
10;1;22;28;28092;;3;2;No inventariada;;9;10;2;;;3;4;3;;;1;998
10;1;20;28;28092;;3;2;No inventariada;;9;7;2;;;1;4;2;;;1;998
10;2;17;28;28092;;3;2;No inventariada;;9;2;1;2;;3;1;2;;;1;998
10;1;10;28;28092;;3;2;No inventariada;;9;7;2;;;1;1;1;;;1;998
10;3;18;28;28092;;1;1;A-5;24,57;3;4;2;;;3;1;2;;;1;1
10;4;13;28;28092;;3;2;No inventariada;;9;2;2;;;1;1;1;;;9;998
10;4;17;28;28092;;3;2;No inventariada;;9;7;1;4;;1;1;1;;;1;998
10;6;2;28;28092;;3;2;No inventariada;;9;2;1;1;;3;3;3;;;1;998
10;6;0;28;28092;;3;2;No inventariada;;9;2;1;1;;3;4;1;;;1;998
10;7;20;28;28092;;3;2;No inventariada;;9;4;2;;;1;5;1;;;1;998
10;2;11;28;28092;;3;2;No inventariada;;9;10;1;4;;3;1;2;;;1;998
10;3;10;28;28092;;3;2;No inventariada;;9;2;1;4;;3;1;2;;;1;998
10;2;16;28;28092;;3;2;No inventariada;;9;2;1;2;;3;1;3;;;1;998
10;3;6;28;28092;;3;2;No inventariada;;9;7;2;;;3;4;4;;;5;998
10;3;13;28;28092;;3;2;No inventariada;;9;2;1;1;;3;1;1;;;1;998
10;3;20;28;28092;;3;2;No inventariada;;9;9;1;4;;1;4;2;;;1;998
10;5;11;28;28092;;3;2;No inventariada;;9;7;1;2;;1;1;1;;;1;998
10;6;7;28;28092;;3;2;No inventariada;;9;7;2;;;1;3;1;;;1;998
10;6;15;28;28092;;3;2;No inventariada;;9;15;2;;;1;1;1;;;1;998
10;7;17;28;28092;;3;2;No inventariada;;9;2;1;4;;1;1;1;;;1;998
10;1;22;28;28092;;1;1;A-5;17,4;3;5;1;10;A-5;1;4;1;;;1;1
10;3;18;28;28092;;3;2;No inventariada;;9;4;2;;;1;1;1;;;1;998
10;4;9;28;28092;;3;2;No inventariada;;9;20;2;;;1;1;1;;;1;998
10;4;19;28;28092;;1;1;A-5;17,5;2;4;2;;;1;4;1;;;1;1
11;5;13;28;28092;;1;1;M-506;3,694;5;2;1;4;;1;1;1;;;1;1
10;4;17;28;28092;;3;2;No inventariada;;9;3;1;2;;1;2;1;;;1;998
11;6;16;28;28092;;3;2;No inventariada;;9;4;2;;;1;1;1;;;1;998
11;7;18;28;28092;;3;2;No inventariada;;9;7;1;4;;1;4;1;;;1;998
11;1;7;28;28092;;3;2;No inventariada;;9;1;1;1;;1;3;2;;;1;998
11;1;6;28;28092;;3;2;No inventariada;;9;2;1;4;;1;3;1;;;1;998
11;2;0;28;28092;;1;1;A-5;18,5;3;4;2;;;1;4;1;;;1;1
11;1;19;28;28092;;3;2;No inventariada;;9;10;2;;;3;4;1;;;1;998
11;3;15;28;28092;;3;2;No inventariada;;9;2;2;;;1;1;1;;;1;998
11;3;7;28;28092;;3;2;No inventariada;;9;3;1;4;;1;3;1;;;1;998
11;3;18;28;28092;;3;2;No inventariada;;9;7;1;2;;1;3;1;;;1;998
11;4;20;28;28092;;3;2;No inventariada;;9;6;2;;;1;4;1;;;1;998
11;5;5;28;28092;;3;2;No inventariada;;9;7;1;4;;3;4;3;;;5;998
11;6;10;28;28092;;3;2;No inventariada;;9;7;2;;;1;1;1;;;9;998
11;6;13;28;28092;;3;2;No inventariada;;9;20;2;;;1;1;1;;;1;998
11;6;19;28;28092;;3;2;No inventariada;;9;3;2;;;1;4;1;;;1;998
11;1;11;28;28092;;3;2;No inventariada;;9;4;1;4;;1;1;1;;;1;998
10;3;15;28;28092;;3;2;No inventariada;;9;10;1;5;;1;1;1;;;1;998
11;1;11;28;28092;;3;2;No inventariada;;9;7;1;2;;1;1;1;;;9;998
11;1;21;28;28092;;3;2;No inventariada;;9;7;2;;;1;4;1;;;9;998
11;2;9;28;28092;;3;2;No inventariada;;9;10;2;;;1;1;1;;;6;998
11;3;9;28;28092;;3;2;No inventariada;;9;10;1;4;;3;1;3;;;1;998
11;7;4;28;28092;;3;2;No inventariada;;9;20;2;;;1;5;1;;;1;998
11;4;15;28;28092;;1;1;A-5;18,092;3;5;2;;;1;1;1;;;1;1
11;5;14;28;28092;;3;2;No inventariada;;9;7;1;4;;1;1;2;;;1;998
11;6;12;28;28092;;1;1;A-5;23,6;7;15;1;2;A-5;3;1;2;;;1;2
11;6;13;28;28092;;1;1;A-5;22,3;3;3;1;4;;1;1;1;;;1;4
11;7;13;28;28058;;1;1;M-506;9,391;5;4;1;10;;1;1;2;;;1;1
11;1;8;28;28092;;3;2;No inventariada;;9;10;2;;;1;1;1;;;1;998
11;3;7;28;28092;;3;2;No inventariada;;9;4;2;;;1;4;1;;;1;998
11;3;11;28;28092;;1;1;A-5;20,12;3;4;2;;;1;1;1;;;1;1
11;3;16;28;28092;;3;2;No inventariada;;9;7;2;;;9;4;1;;;1;998
11;4;11;28;28092;;1;1;A-5;24,996;3;4;2;;;1;1;1;;;1;1
11;4;18;28;28092;;1;1;A-5;19,148;3;5;2;;;1;6;1;;;1;1
11;5;7;28;28092;;3;2;No inventariada;;9;7;1;2;;1;4;1;;;1;998
11;5;20;28;28092;;3;2;No inventariada;;9;4;2;;;1;4;1;;;1;998
11;6;18;28;28092;;1;1;A-5;21,468;3;5;2;;;1;6;1;;;1;1
11;6;4;28;28092;;3;2;No inventariada;;9;1;1;1;;1;4;1;;;1;998
11;6;11;28;28092;;3;2;No inventariada;;9;7;1;1;;1;1;1;;;1;998
11;4;15;28;28092;;1;1;A-5;18,3;3;5;2;;;1;1;1;;;1;1
12;1;16;28;28092;;3;2;No inventariada;;9;7;2;;;1;1;1;;;17;998
12;4;21;28;28092;;3;2;No inventariada;;9;4;2;;;1;4;1;;;1;998
12;7;23;28;28092;;1;1;A-5;20,5;3;3;2;;;1;4;1;;;1;1
12;7;9;28;28092;;3;2;No inventariada;;9;7;2;;;1;1;1;;;6;998
12;1;7;28;28092;;1;1;M-856;1,8;6;2;1;2;;1;2;1;;;1;1
12;7;16;28;28092;;3;2;No inventariada;;9;7;2;;;1;1;1;;;1;998
12;7;17;28;28092;;3;2;No inventariada;;9;3;1;4;;1;3;1;;;1;998
12;1;13;28;28092;;3;2;No inventariada;;9;3;1;4;;1;1;1;;;1;998
12;3;7;28;28092;;3;2;No inventariada;;9;4;2;;;1;3;1;;;18;998
12;2;19;28;28092;;3;2;No inventariada;;9;10;2;;;1;4;1;;;1;998
12;4;10;28;28092;;3;2;No inventariada;;9;2;1;1;;1;1;1;;;1;998
12;5;11;28;28092;;3;2;No inventariada;;9;2;1;1;;3;1;1;;;1;998
12;5;14;28;28092;;1;1;A-5;18,243;3;5;2;;;1;1;1;;;1;1
12;4;18;28;28092;;3;2;No inventariada;;9;2;1;1;;1;4;1;;;1;998
12;5;15;28;28092;;3;2;No inventariada;;9;10;2;;;1;4;1;;;1;998
12;6;20;28;28092;;1;1;A-5;18,3;3;5;2;;;1;4;1;;;1;1
12;6;21;28;28092;;3;2;No inventariada;;9;7;1;2;;1;4;1;;;1;998
12;7;19;28;28092;;1;1;A-5;17,3;3;4;2;;;1;4;1;;;1;1
12;1;6;28;28092;;3;2;No inventariada;;9;4;1;4;;1;4;1;;;1;998
12;2;4;28;28092;;1;1;A-5;18,525;3;6;2;;;1;5;1;;;1;1
12;3;19;28;28092;;3;2;No inventariada;;9;10;2;;;1;4;1;;;1;998
12;3;14;28;28092;;3;2;No inventariada;;9;4;1;2;;1;1;1;;;1;998
12;4;15;28;28092;;3;2;No inventariada;;9;7;2;;;1;1;1;;;1;998
12;4;17;28;28092;;3;2;No inventariada;;9;2;2;;;1;1;2;;;1;998
12;5;15;28;28092;;3;2;No inventariada;;9;2;1;1;;1;1;1;;;1;998
12;5;13;28;28092;;3;2;No inventariada;;9;2;1;1;;1;1;1;;;1;998
12;7;12;28;28092;;3;2;No inventariada;;9;10;2;;;1;1;1;;;1;998
12;1;11;28;28092;;3;2;No inventariada;;9;10;1;4;;1;1;1;;;1;998
12;1;12;28;28092;;3;2;No inventariada;;9;7;1;2;;1;1;1;;;6;998
12;2;15;28;28092;;3;2;No inventariada;;9;4;1;2;;1;1;1;;;1;998
12;3;20;28;28092;;3;2;No inventariada;;9;2;1;4;;1;4;1;;;1;998
12;1;17;28;28092;;3;2;No inventariada;;9;10;2;;;1;3;1;;;1;998
12;5;22;28;28092;;1;1;A-5;24,824;3;5;1;12;A-5;1;6;1;;;1;1
12;4;14;28;28092;;3;2;No inventariada;;9;10;2;;;1;1;1;;;1;998
12;7;19;28;28092;;1;1;A-5;23,252;3;5;2;;;1;6;1;;;1;1
12;1;18;28;28092;;3;2;No inventariada;;9;1;1;2;;1;4;1;;;1;998
12;2;14;28;28092;;3;2;No inventariada;;9;2;1;2;;1;1;1;;;1;998
12;1;18;28;28092;;3;2;No inventariada;;9;7;2;;;1;3;1;;;9;998
12;2;17;28;28092;;1;1;A-5;22;3;16;2;;;1;1;1;;;1;1
1;7;16;28;28018;;1;1;M-607;54;6;2;2;;;3;1;3;;;1;1
2;6;17;28;28038;;1;1;M-601;18,125;6;1;2;;;6;1;6;;;1;1
3;6;12;28;28038;;1;1;M-601;18;6;2;2;;;1;1;1;;;1;1
4;7;3;28;0;;1;1;M-601;10,6;6;19;2;;;1;5;1;;;1;1
4;7;11;28;0;;1;1;M-607;55,666;6;7;2;;;1;1;1;;;1;1
5;1;20;28;0;;1;1;M-601;9;6;2;1;1;;1;1;1;;;1;2
6;1;18;28;0;;1;1;M-601;12,7;6;15;1;1;M-607;1;1;1;;;1;3
7;1;3;28;0;;1;1;M-607;57,49;6;3;2;;;1;6;1;;;1;1
8;4;6;28;0;;1;1;M-601;11,9;6;4;2;;;1;1;1;;;1;1
8;5;3;28;0;;1;1;M-601;12,636;6;15;2;;;1;6;1;;;1;2
10;3;1;28;0;;1;1;M-601;11,883;6;17;2;;;1;6;1;;;4;2
2;5;6;28;0;;1;1;M-631;2,4;6;12;2;;;3;6;1;;;1;2
7;3;14;28;0;;2;2;M-625;20,506;6;4;2;;;1;1;1;;;1;1
1;2;7;28;0;;1;1;M-521;20,336;6;19;2;;;1;2;1;;;1;2
1;6;14;28;0;;1;1;M-521;12,9;6;17;2;;;2;1;1;;;1;2
4;6;13;28;0;;1;1;M-521;15;6;12;2;;;1;1;1;;;1;1
5;7;14;28;0;;1;1;M-521;13,9;6;15;2;;;1;1;1;;;1;2
6;6;8;28;0;;1;1;M-521;13,776;6;17;2;;;1;1;1;;;1;2
6;7;16;28;0;;1;1;M-521;13,816;6;19;2;;;1;1;1;;;1;2
6;7;13;28;0;;1;1;M-521;12,799;6;16;2;;;1;1;1;;;1;2
9;4;19;28;0;;1;1;M-521;17;6;15;2;;;1;2;1;;;1;2
10;3;10;28;0;;1;1;M-521;16,534;6;12;2;;;3;1;3;;;1;2
11;7;13;28;0;;1;1;M-521;18;6;17;2;;;1;1;2;;;4;2
1;3;13;28;28096;;1;1;A-5;25,4;3;4;2;;;3;1;3;;;1;1
1;4;7;28;28096;;1;1;A-5;25,967;3;3;2;;;3;6;2;1;;5;1
1;7;14;28;28096;;1;1;A-5;30,4;3;4;2;;;1;1;1;;;1;1
1;6;13;28;28096;;1;1;M-507;1,03;6;3;2;;;1;1;1;;;1;1
1;6;11;28;28096;;1;1;A-5;25,3;3;5;2;;;1;1;1;;;1;1
1;4;15;28;28096;;3;2;No inventariada;;9;2;1;4;;1;1;1;;;1;998
2;7;13;28;28096;;1;1;A-5;28;3;4;2;;;1;1;1;;;1;1
2;5;19;28;28096;;1;1;A-5;32,664;3;12;1;12;M-600;3;5;3;;;1;2
2;7;20;28;28096;;1;1;A-5;31,3;3;4;1;10;A-5;3;4;1;;;18;1
2;3;8;28;28096;;1;1;A-5;33,2;3;4;2;;;3;1;2;;;1;1
2;6;12;28;28096;;1;1;A-5;25,469;3;4;2;;;1;1;1;;;1;1
2;1;8;28;28096;;1;1;A-5;27;3;4;2;;;1;1;1;;;1;1
2;4;23;28;28096;;1;1;M-404;0,3;6;1;1;2;;1;6;1;;;1;1
3;6;17;28;28096;;1;1;M-600;47,523;6;18;2;;;4;1;5;;;1;2
3;7;8;28;28096;;1;1;A-5;29,589;8;14;2;;;3;1;1;;;1;1
3;7;16;28;28096;;1;1;M-507;4,865;6;2;1;2;;1;1;1;;;1;1
3;4;14;28;28096;;1;1;M-600;48,8;6;3;1;4;;3;1;4;;;1;2
3;7;17;28;28096;;1;1;A-5;27,845;3;5;2;;;3;1;4;;;1;1
3;6;11;28;28096;;1;1;A-5;31,5;3;15;2;;;3;1;3;;;1;2
2;6;20;28;28096;;3;2;No inventariada;;9;7;2;;;1;4;1;;;1;998
3;3;9;28;28096;;1;1;A-5;31,308;3;4;2;;;1;1;1;;;18;1
3;3;17;28;28096;;1;1;R-5;26,8;1;4;2;;;3;1;2;;;1;3
4;1;10;28;28096;;1;1;A-5;28,6;3;4;2;;;3;1;3;;;1;1
4;5;7;28;28096;;1;1;A-5;31,588;3;4;2;;;1;1;1;;;1;1
4;5;7;28;28096;;1;1;A-5;35,545;3;3;2;;;1;1;1;;;18;1
4;6;9;28;28096;;1;1;A-5;28,1;3;5;2;;;1;1;1;;;1;1
3;7;3;28;28096;;3;2;No inventariada;;9;4;1;2;;1;4;7;;;18;998
3;2;17;28;28096;;3;2;No inventariada;;9;2;1;2;;1;1;1;;;1;998
3;3;16;28;28096;;3;2;No inventariada;;9;7;2;;;1;1;1;;;1;998
5;5;5;28;28096;;1;1;A-5;31,1;3;3;2;;;1;4;1;;;1;1
4;5;17;28;28096;;3;2;No inventariada;;9;10;1;4;;1;1;1;;;1;998
5;6;18;28;28096;;1;1;A-5;32,2;3;3;1;10;M-600;1;1;1;;;1;1
5;3;6;28;28096;;1;1;A-5;28,448;7;14;1;2;;1;2;1;;;1;1
5;3;7;28;28096;;1;1;M-404;0,1;6;1;1;2;A-5;1;2;1;;;1;4
6;6;13;28;28096;;1;1;A-5;28,528;3;4;2;;;1;1;1;;;1;1
6;1;8;28;28096;;1;1;A-5;28,547;3;4;2;;;1;1;1;;;1;1
5;5;16;28;28096;;3;2;No inventariada;;9;2;1;1;;1;1;1;;;18;998
5;4;9;28;28096;;3;2;No inventariada;;9;19;1;4;;3;1;7;;;18;998
5;4;12;28;28096;;3;2;No inventariada;;9;7;2;;;1;1;1;;;18;998
7;4;10;28;28096;;1;1;A-5;31;3;4;2;;;1;1;1;;;1;1
6;6;13;28;28096;;3;2;No inventariada;;9;7;2;;;1;1;1;;;1;998
6;5;23;28;28096;;3;2;No inventariada;;9;16;1;1;;1;4;1;;;18;998
6;1;13;28;28096;;3;2;No inventariada;;9;4;2;;;1;1;1;;;1;998
6;5;17;28;28096;;3;2;No inventariada;;9;7;2;;;1;1;1;;;18;998
7;5;17;28;28096;;1;1;A-5;27,427;3;4;2;;;1;1;1;;;1;1
7;7;19;28;28096;;1;1;A-5;31,3;3;4;2;;;1;1;1;;;1;1
7;4;19;28;28096;;1;1;A-5;28;3;4;2;;;1;1;1;;;1;1
8;6;18;28;28096;;1;1;A-5;34;3;4;2;;;1;1;1;;;1;1
8;1;19;28;28096;;1;1;A-5;29,333;3;4;1;12;;1;1;1;;;1;1
9;7;13;28;28096;;1;1;A-5;32,385;3;4;2;;;1;1;1;;;1;1
6;4;21;28;28096;;3;2;No inventariada;;9;2;1;2;;1;2;1;;;18;998
9;1;12;28;28096;;1;1;A-5;30,129;3;4;2;;;1;1;1;;;1;1
9;4;7;28;28096;;1;1;A-5;30,5;3;5;2;;;1;5;1;;;1;1
8;1;8;28;28096;;3;2;No inventariada;;9;2;1;1;;1;1;1;;;18;998
10;2;8;28;28096;;1;1;A-5;27;3;4;2;;;1;6;2;;;1;1
10;7;16;28;28096;;1;1;M-404;0,1;6;1;1;2;;1;1;1;;;1;1
10;4;18;28;28096;;1;1;A-5;25,259;3;5;2;;;1;1;1;;;1;1
10;7;17;28;28096;;1;1;A-5;27,816;3;5;2;;;1;1;1;;;1;1
10;7;10;28;28096;;1;1;A-5;29;3;16;2;;;1;1;1;;;1;2
9;4;18;28;28096;;3;2;No inventariada;;9;7;1;4;;1;1;1;;;18;998
10;2;6;28;28096;;1;1;A-5;25,3;3;5;2;;;1;3;2;;;1;1
11;7;20;28;28096;;1;1;A-5;28,139;3;5;2;;;1;6;1;;;1;1
11;3;6;28;28096;;1;1;A-5;26;3;4;2;;;1;5;1;;;1;1
11;7;20;28;28096;;1;1;A-5;32,2;3;4;2;;;1;2;1;;;1;1
11;2;11;28;28096;;1;1;A-5;30,867;3;17;2;;;1;1;1;;;1;1
11;2;21;28;28096;;1;1;A-5;27,351;3;5;2;;;1;6;1;;;1;1
10;5;14;28;28096;;3;2;No inventariada;;9;4;2;;;1;1;1;;;18;998
10;4;21;28;28096;;3;2;No inventariada;;9;2;1;1;;1;4;1;;;18;998
12;4;19;28;28096;;1;1;A-5;33,892;3;5;2;;;1;6;1;;;1;1
12;1;16;28;28096;;1;1;A-5;25,6;3;5;2;;;1;1;1;;;1;1
12;5;17;28;28096;;1;1;R-5;28,103;1;16;2;;;1;1;1;;;1;1
2;3;6;28;0;;1;1;M-855;4,5;6;16;2;;;1;5;2;1;;4;2
3;3;19;28;0;;1;1;M-501;47,266;6;13;2;;;3;1;3;;;4;2
8;4;22;28;0;;1;1;M-855;3,2;6;12;2;;;1;6;1;;;1;2
8;5;13;28;0;;1;1;M-501;46,7;6;1;2;;;1;1;1;;;1;2
9;6;13;28;0;;1;1;M-501;47;6;4;2;;;1;1;1;;;1;1
10;7;17;28;0;;1;1;M-501;43,575;6;2;1;2;M-512;1;1;1;;;1;2
10;2;15;28;0;;1;1;M-501;46,715;6;1;2;;;3;1;2;;;1;2
10;1;7;28;0;;1;1;M-501;46,835;6;15;2;;;3;1;2;;;1;2
12;7;22;28;0;;1;1;M-855;4,895;6;18;2;;;3;6;1;;;1;2
12;4;17;28;0;;1;1;M-501;44,984;6;1;2;;;1;2;1;;;1;2
6;5;11;28;28100;;1;1;M-204;27;6;2;1;2;M-219;1;1;1;;;1;1
3;7;11;28;0;;1;1;M-234;4,922;6;2;1;2;;1;1;1;;;1;3
2;5;22;28;28104;;1;1;M-113;0,5;6;18;2;;;3;5;3;;;1;2
2;4;18;28;28104;;1;1;M-111;11,8;6;4;1;4;;3;2;2;;;1;1
4;4;18;28;28104;;1;1;M-50;11,7;2;3;1;10;R-2;1;1;1;;;1;1
5;7;16;28;28104;;1;1;M-113;4,446;6;1;2;;;1;1;1;;;1;1
8;3;13;28;28104;;1;1;M-50;9,6;2;4;2;;;1;1;1;;;1;1
11;4;23;28;28104;;2;2;M-113;2,4;6;2;1;1;;1;4;1;;;1;3
11;6;4;28;28104;;1;1;M-113;0,3;6;1;2;;;1;6;1;;;1;2
12;3;8;28;28059;;1;1;M-103;14,5;6;15;1;4;M-111;1;1;1;;;1;1
1;3;0;28;28106;;3;2;No inventariada;;9;10;1;2;;3;4;1;1;;1;998
1;2;9;28;28106;;3;2;No inventariada;;9;20;1;4;;1;1;1;;;1;998
1;2;13;28;28106;;3;2;No inventariada;;9;2;1;1;;1;1;1;;;9;998
1;4;18;28;28106;;1;1;A-42;21,11;3;4;2;;;3;3;3;;;1;1
1;7;11;28;28106;;3;2;No inventariada;;9;3;1;1;;1;1;1;;;1;998
1;6;16;28;28106;;3;2;No inventariada;;9;7;2;;;1;1;1;;;6;998
1;4;22;28;28106;;3;2;No inventariada;;9;4;1;4;;1;4;1;;;1;998
1;1;15;28;28106;;3;2;No inventariada;;9;2;1;1;;1;1;1;;;1;998
1;2;16;28;28106;;3;2;No inventariada;;9;2;2;;;1;1;1;;;1;998
1;7;19;28;28106;;3;2;No inventariada;;14;20;1;4;;1;4;1;;;1;998
1;3;14;28;28106;;3;2;No inventariada;;9;6;2;;;1;1;1;;;1;998
1;4;10;28;28106;;3;2;No inventariada;;9;7;2;;;1;1;1;;;6;998
1;4;17;28;28106;;3;2;No inventariada;;9;4;1;4;;1;1;1;;;1;998
1;6;15;28;28106;;3;2;No inventariada;;9;2;1;1;;1;1;1;;;1;998
1;1;17;28;28106;;3;2;No inventariada;;9;3;1;1;;3;1;3;;;18;998
1;3;7;28;28106;;1;1;A-42;20,4;3;3;2;;;3;1;4;;;1;1
1;2;20;28;28106;;3;2;No inventariada;;9;7;2;;;3;4;3;;;1;998
1;5;19;28;28106;;1;1;M-408;1,9;6;5;2;;;3;6;4;;;5;1
1;2;20;28;28106;;3;2;No inventariada;;9;7;2;;;1;4;1;;;1;998
1;2;15;28;28106;;1;1;M-408;0,093;6;5;2;;;1;1;1;;;1;1
1;7;21;28;28106;;3;2;No inventariada;;9;7;2;;;1;4;1;;;1;998
1;5;21;28;28106;;3;2;No inventariada;;9;3;1;2;;1;4;1;;;1;998
1;2;7;28;28106;;3;2;No inventariada;;9;10;2;;;1;4;1;;;1;998
1;1;20;28;28106;;3;2;No inventariada;;9;7;1;2;;1;4;1;;;1;998
2;6;8;28;28106;;3;2;No inventariada;;9;19;2;;;1;3;1;;;1;998
2;6;3;28;28106;;3;2;No inventariada;;9;1;1;4;;1;4;1;;;18;998
2;4;9;28;28106;;3;2;No inventariada;;9;2;1;2;;1;1;1;;;18;998
2;4;19;28;28106;;3;2;No inventariada;;9;3;1;4;;1;4;2;;;1;998
2;7;15;28;28106;;3;2;No inventariada;;9;16;2;;;1;1;2;;;1;998
2;7;22;28;28106;;3;2;No inventariada;;9;2;1;1;;1;4;1;;;1;998
2;5;19;28;28106;;3;2;No inventariada;;9;3;1;2;;1;1;1;;;9;998
2;6;17;28;28106;;3;2;No inventariada;;9;4;1;4;;1;1;1;;;1;998
2;4;21;28;28106;;3;2;No inventariada;;9;3;1;1;;3;4;3;;;1;998
2;5;11;28;28106;;3;2;No inventariada;;9;4;1;4;;1;1;1;;;1;998
2;5;17;28;28106;;3;2;No inventariada;;9;15;2;;;3;1;4;;;1;998
2;2;17;28;28106;;3;2;No inventariada;;9;4;2;;;1;1;1;;;1;998