MES;DIA_SEMANA;HORA;COD_PROVINCIA;COD_MUNICIPIO;ISLA;ZONA;ZONA_AGRUPADA;CARRETERA;KM;TIPO_VIA;TIPO_ACCIDENTE;NUDO;NUDO_INFO;CARRETERA_CRUCE;CONDICION_FIRME;CONDICION_ILUMINACION;CONDICION_METEO;CONDICION_NIEBLA;CONDICION_VIENTO;VISIB_RESTRINGIDA_POR;TRAZADO_PLANTA
2;2;17;28;28106;;3;2;No inventariada;;9;7;2;;;1;1;1;;;1;998
2;3;15;28;28106;;3;2;No inventariada;;9;7;2;;;1;1;1;;;6;998
3;5;8;28;28106;;1;1;A-42;23,877;3;4;2;;;3;1;3;;;1;1
3;5;16;28;28113;;1;1;M-408;3,408;6;2;1;2;;1;1;3;;;1;1
3;7;19;28;28106;;3;2;No inventariada;;11;2;2;;;3;1;2;;;1;998
3;2;22;28;28106;;1;1;A-42;23,9;7;4;2;;;1;4;1;;;1;1
3;5;21;28;28106;;3;2;No inventariada;;9;4;1;2;;1;4;1;;;18;998
3;3;18;28;28106;;3;2;No inventariada;;9;4;2;;;1;1;1;;;1;998
3;5;21;28;28106;;3;2;No inventariada;;9;2;1;2;;1;4;1;;;18;998
3;6;16;28;28106;;3;2;No inventariada;;9;2;2;;;1;1;1;;;18;998
3;7;13;28;28106;;3;2;No inventariada;;9;7;2;;;1;1;1;;;18;998
4;2;21;28;28106;;3;2;No inventariada;;9;10;1;2;;1;4;1;;;1;998
4;4;14;28;28106;;3;2;No inventariada;;9;4;2;;;1;1;1;;;1;998
4;4;19;28;28106;;3;2;No inventariada;;9;2;1;1;;1;1;1;;;1;998
4;4;19;28;28106;;3;2;No inventariada;;9;2;2;;;1;1;1;;;18;998
4;5;20;28;28106;;3;2;No inventariada;;9;16;1;4;;1;2;1;;;1;998
4;1;15;28;28106;;3;2;No inventariada;;9;2;1;1;;1;1;1;;;1;998
4;1;16;28;28106;;3;2;No inventariada;;9;7;2;;;3;1;3;;;18;998
4;2;16;28;28106;;3;2;No inventariada;;9;4;2;;;1;1;1;;;1;998
4;4;9;28;28106;;3;2;No inventariada;;9;7;1;1;;1;1;1;;;6;998
4;5;9;28;28106;;3;2;No inventariada;;9;7;2;;;1;1;1;;;6;998
4;5;19;28;28106;;3;2;No inventariada;;9;2;2;;;1;1;1;;;1;998
4;3;20;28;28106;;3;2;No inventariada;;9;7;1;4;;1;2;1;;;1;998
4;6;20;28;28106;;3;2;No inventariada;;9;10;2;;;1;2;1;;;1;998
4;1;12;28;28106;;3;2;No inventariada;;9;16;1;1;;1;1;1;;;1;998
4;2;20;28;28106;;3;2;No inventariada;;9;2;1;2;;1;3;1;;;18;998
4;3;14;28;28106;;3;2;No inventariada;;9;4;1;1;;1;1;1;;;1;998
4;4;10;28;28106;;3;2;No inventariada;;9;4;2;;;1;1;1;;;1;998
4;4;9;28;28106;;3;2;No inventariada;;9;2;1;4;;1;1;1;;;1;998
4;7;19;28;28106;;1;1;A-42;21,864;3;5;2;;;1;1;1;;;1;1
4;7;21;28;28106;;1;1;A-42;22,4;3;5;2;;;9;4;1;;;1;1
4;3;20;28;28106;;3;2;No inventariada;;9;10;1;2;;1;1;1;;;18;998
5;3;11;28;28106;;3;2;No inventariada;;9;4;1;4;;1;1;1;;;1;998
5;4;17;28;28106;;3;2;No inventariada;;9;2;1;1;;1;1;1;;;1;998
5;1;15;28;28106;;3;2;No inventariada;;9;4;1;4;;3;1;2;;;18;998
5;7;18;28;28106;;3;2;No inventariada;;9;3;2;;;1;1;1;;;1;998
5;6;17;28;28106;;3;2;No inventariada;;9;4;1;1;;1;1;1;;;1;998
5;5;2;28;28106;;1;1;R-4;4,403;1;16;2;;;1;4;1;;;1;1
5;5;20;28;28106;;3;2;No inventariada;;9;4;1;4;;1;1;1;;;1;998
5;5;16;28;28106;;3;2;No inventariada;;9;2;1;4;;1;1;1;;;1;998
5;5;19;28;28106;;3;2;No inventariada;;9;5;1;2;;1;1;1;;;1;998
5;3;0;28;28106;;3;2;No inventariada;;9;3;1;4;;1;4;1;;;1;998
5;2;14;28;28106;;3;2;No inventariada;;9;2;1;1;;1;1;1;;;1;998
5;2;9;28;28106;;3;2;No inventariada;;9;2;1;1;;1;1;1;;;1;998
5;7;13;28;28106;;3;2;No inventariada;;9;10;2;;;1;1;1;;;18;998
5;5;10;28;28106;;3;2;No inventariada;;9;7;1;1;;1;1;1;;;18;998
5;6;8;28;28106;;3;2;No inventariada;;9;7;1;1;;1;1;1;;;1;998
5;2;23;28;28106;;3;2;No inventariada;;9;9;2;;;1;5;1;;;1;998
5;3;19;28;28106;;3;2;No inventariada;;9;3;1;4;;1;1;1;;;18;998
6;3;21;28;28106;;3;2;No inventariada;;9;4;1;1;;1;2;1;;;1;998
6;5;15;28;28106;;3;2;No inventariada;;9;2;1;1;;1;1;1;;;18;998
6;4;19;28;28106;;3;2;No inventariada;;9;10;2;;;1;1;1;;;1;998
6;5;9;28;28106;;3;2;No inventariada;;9;7;1;1;;1;1;1;;;1;998
6;5;11;28;28106;;3;2;No inventariada;;9;10;2;;;1;1;1;;;1;998
6;6;23;28;28106;;3;2;No inventariada;;9;7;1;2;;1;3;1;;;1;998
6;6;20;28;28106;;3;2;No inventariada;;9;2;1;2;;1;1;1;;;1;998
6;6;12;28;28106;;3;2;No inventariada;;9;2;1;6;;3;1;3;;;1;998
6;1;12;28;28106;;3;2;No inventariada;;9;7;1;2;;3;1;3;;;18;998
6;1;18;28;28106;;3;2;No inventariada;;9;4;2;;;1;1;2;;;18;998
6;5;13;28;28106;;3;2;No inventariada;;9;7;1;2;;1;1;1;;;1;998
6;6;12;28;28106;;1;1;M-408;1,936;6;4;2;;;1;1;1;;;1;1
6;2;13;28;28106;;3;2;No inventariada;;9;4;2;;;1;1;1;;;18;998
6;5;9;28;28106;;3;2;No inventariada;;9;16;2;;;1;1;1;;;18;998
6;6;0;28;28113;;1;1;M-408;3,18;5;20;2;;;1;6;1;;;1;1
6;6;0;28;28106;;3;2;No inventariada;;9;10;1;2;;1;4;1;;;1;998
6;4;17;28;28106;;3;2;No inventariada;;9;2;1;1;;1;1;1;;;1;998
6;7;22;28;28106;;3;2;No inventariada;;9;1;1;1;;1;4;1;;;1;998
6;6;6;28;28106;;1;1;A-42;20;3;4;2;;;1;1;1;;;1;1
7;4;12;28;28106;;3;2;No inventariada;;9;6;2;;;1;1;1;;;1;998
7;1;20;28;28106;;3;2;No inventariada;;9;2;1;6;;1;1;1;;;6;998
7;3;11;28;28106;;3;2;No inventariada;;9;7;2;;;1;1;1;;;6;998
7;2;20;28;28106;;3;2;No inventariada;;9;2;1;1;;1;1;1;;;1;998
7;5;12;28;28106;;3;2;No inventariada;;9;7;2;;;1;1;1;;;18;998
7;5;14;28;28106;;3;2;No inventariada;;9;7;1;1;;1;1;1;;;1;998
7;6;11;28;28106;;3;2;No inventariada;;9;7;1;2;;1;1;1;;;1;998
7;3;7;28;28106;;3;2;No inventariada;;9;2;2;;;1;1;1;;;1;998
7;2;19;28;28106;;3;2;No inventariada;;9;7;1;1;;1;1;1;;;1;998
7;1;10;28;28106;;3;2;No inventariada;;9;4;2;;;1;1;1;;;1;998
8;1;10;28;28106;;3;2;No inventariada;;9;3;1;2;;1;1;1;;;18;998
8;3;23;28;28106;;3;2;No inventariada;;9;6;2;;;1;4;1;;;1;998
8;1;16;28;28113;;1;1;M-408;3,9;6;15;2;;;8;1;1;;;1;2
8;4;20;28;28106;;3;2;No inventariada;;7;7;1;4;;1;1;1;;;6;998
8;1;7;28;28106;;3;2;No inventariada;;9;7;1;2;;1;1;2;;;1;998
8;1;18;28;28106;;3;2;No inventariada;;9;2;2;;;1;1;1;;;18;998
8;7;18;28;28106;;3;2;No inventariada;;9;2;1;1;;1;1;1;;;1;998
9;5;8;28;28106;;1;1;A-42;22,2;3;3;2;;;1;1;1;;;1;1
9;3;13;28;28106;;3;2;No inventariada;;9;3;1;4;;1;1;1;;;1;998
9;5;12;28;28106;;3;2;No inventariada;;9;7;1;1;;1;1;1;;;1;998
9;2;13;28;28106;;3;2;No inventariada;;9;3;1;2;;1;1;1;;;18;998
9;7;7;28;28106;;3;2;No inventariada;;9;2;1;1;;1;4;1;;;1;998
9;2;12;28;28106;;3;2;No inventariada;;9;7;2;;;1;1;1;;;18;998
9;2;16;28;28106;;3;2;No inventariada;;9;4;2;;;1;1;1;;;1;998
9;4;18;28;28106;;3;2;No inventariada;;9;7;2;;;1;1;1;;;18;998
9;3;21;28;28106;;3;2;No inventariada;;9;1;2;;;1;4;1;;;18;998
9;7;16;28;28106;;3;2;No inventariada;;9;2;1;2;;1;1;1;;;1;998
9;6;19;28;28106;;3;2;No inventariada;;9;4;1;1;;1;3;1;;;1;998
9;1;17;28;28106;;1;1;M-408;1,8;6;1;2;;;1;1;1;;;1;1
9;2;8;28;28106;;3;2;No inventariada;;9;3;1;4;;1;1;1;;;1;998
9;6;13;28;28106;;3;2;No inventariada;;9;2;2;;;1;1;1;;;1;998
9;5;21;28;28106;;3;2;No inventariada;;9;2;1;1;;1;4;1;;;18;998
9;7;17;28;28106;;3;2;No inventariada;;9;10;1;1;;1;1;1;;;1;998
10;2;21;28;28106;;3;2;No inventariada;;9;3;1;1;;1;4;1;;;2;998
10;7;18;28;28106;;1;1;A-42;22,954;3;4;2;;;1;1;1;;;18;1
10;4;15;28;28106;;1;1;M-408;1,82;6;4;2;;;1;1;1;;;1;1
10;7;12;28;28106;;1;1;M-410;8,446;6;6;2;;;1;1;2;;;1;1
10;5;12;28;28106;;3;2;No inventariada;;9;5;2;;;1;1;1;;;1;998
10;4;10;28;28106;;1;1;M-410;10,16;6;14;2;;;3;1;3;;;18;2
10;4;9;28;28106;;1;1;R-4;7;1;18;2;;;1;1;2;;;1;1
10;5;8;28;28106;;3;2;No inventariada;;9;7;2;;;1;1;1;;;1;998
10;1;18;28;28106;;3;2;No inventariada;;9;7;2;;;1;1;1;;;1;998
10;4;17;28;28106;;3;2;No inventariada;;9;7;2;;;1;1;1;;;1;998
10;4;11;28;28106;;3;2;No inventariada;;9;4;2;;;1;1;1;;;1;998
10;1;9;28;28106;;3;2;No inventariada;;9;7;2;;;1;1;1;;;1;998
11;3;23;28;28106;;1;1;M-408;0,1;6;4;2;;;1;4;1;;;1;2
11;4;17;28;28106;;1;1;A-42;23,264;3;5;2;;;8;1;1;;;1;1
11;5;8;28;28106;;3;2;No inventariada;;9;7;2;;;1;1;1;;;1;998
11;6;13;28;28106;;3;2;No inventariada;;9;7;1;1;;1;1;1;;;9;998
11;5;23;28;28106;;3;2;No inventariada;;9;2;1;1;;1;4;1;;;1;998
8;4;20;28;28106;;3;2;No inventariada;;9;7;1;2;;1;2;1;;;6;998
11;6;4;28;28106;;1;1;A-42;22,6;3;19;2;;;1;4;1;;;1;1
11;6;8;28;28058;;1;1;A-42;19;3;16;2;;;1;3;1;;;1;2
11;3;15;28;28106;;3;2;No inventariada;;9;6;2;;;1;1;1;;;1;998
11;6;17;28;28106;;3;2;No inventariada;;9;7;2;;;1;1;1;;;1;998
12;7;14;28;28106;;1;1;M-408;1,1;6;4;2;;;1;1;1;;;1;1
11;6;18;28;28106;;3;2;No inventariada;;9;7;2;;;1;4;1;;;18;998
12;6;9;28;28106;;1;1;A-42;19,568;3;16;2;;;3;1;2;;;1;2
7;2;10;28;28106;;3;2;No inventariada;;11;7;1;1;;1;1;1;;;1;998
12;1;16;28;28106;;3;2;No inventariada;;9;20;1;2;;1;1;1;;;1;998
12;1;23;28;28106;;3;2;No inventariada;;9;2;2;;;1;4;1;;;18;998
12;1;20;28;28106;;3;2;No inventariada;;9;20;2;;;1;4;1;;;1;998
12;5;13;28;28106;;1;1;A-42;21,59;3;4;2;;;1;1;1;;;1;1
12;6;4;28;28106;;1;1;A-42;21,5;3;4;2;;;1;4;1;;;1;1
12;1;14;28;28106;;3;2;No inventariada;;9;14;1;2;;1;1;1;;;1;998
12;7;16;28;28106;;3;2;No inventariada;;9;10;1;2;;5;1;1;;;1;998
2;4;17;28;0;;1;1;M-102;7,828;6;18;2;;;1;1;2;1;;1;2
5;4;21;28;0;;1;1;M-134;4,043;14;18;2;;;1;1;1;;;1;3
6;7;12;28;0;;1;1;M-133;3,55;6;16;2;;;1;1;1;;;1;2
6;7;17;28;0;;1;1;M-134;3,844;6;19;2;;;1;1;1;;;1;3
8;4;20;28;0;;1;1;M-134;6,597;6;10;2;;;1;2;1;;;1;1
9;7;13;28;0;;1;1;M-102;6,901;6;4;2;;;1;1;1;;;1;1
4;4;12;28;28108;;3;2;No inventariada;;9;7;2;;;1;1;1;;;18;998
4;6;10;28;28108;;3;2;No inventariada;;14;16;2;;;1;1;1;;;1;998
7;4;21;28;28108;;1;1;M-627;1,223;6;18;2;;;1;2;1;;;18;1
8;5;18;28;28108;;1;1;A-1;47,7;3;5;2;;;1;1;1;;;1;1
8;5;22;28;28108;;1;1;A-1;46,5;3;18;2;;;3;6;4;;;5;1
1;2;7;28;0;;3;2;No inventariada;;9;16;1;4;;1;1;1;;;18;998
8;6;11;28;0;;1;1;M-501;52,4;6;1;2;;;1;1;1;;;1;3
1;1;20;28;0;;1;1;A-3;34,785;3;15;2;;;1;6;1;;;1;3
2;5;5;28;0;;1;1;M-302;13,45;6;2;2;;;3;6;3;;;1;1
2;7;19;28;0;;1;1;A-3;37,221;3;4;2;;;1;2;1;;;1;1
3;6;16;28;0;;1;1;A-3;41,823;3;18;2;;;3;1;3;;;1;2
4;3;9;28;0;;1;1;A-3;41,492;3;16;2;;;1;1;1;;;1;1
5;5;20;28;0;;1;1;A-3;45,2;3;10;2;;;1;1;1;;;1;1
6;6;18;28;0;;1;1;A-3;41,722;3;4;2;;;1;1;1;;;1;1
6;7;21;28;0;;1;1;A-3;36,21;3;12;2;;;1;1;1;;;1;1
7;5;16;28;0;;1;1;A-3;37,272;3;5;2;;;1;1;1;;;1;1
8;6;20;28;0;;1;1;A-3;44,479;3;19;2;;;3;2;2;;;1;2
9;5;11;28;0;;1;1;A-3;45,2;3;15;2;;;1;1;1;;;1;2
9;7;2;28;0;;1;1;A-3;41,381;3;15;2;;;1;6;1;;;1;1
10;5;7;28;0;;1;1;M-220;0,011;6;2;1;4;N-3a;1;6;1;;;1;1
11;7;6;28;0;;1;1;A-3;40,9;3;19;2;;;1;6;1;;;1;2
11;3;15;28;0;;1;1;A-3;43,617;3;14;2;;;1;1;1;;;1;2
11;6;3;28;0;;1;1;A-3;41;3;12;1;4;;3;5;3;;;9;2
1;2;11;28;0;;1;1;M-237;27,6;6;4;2;;;1;1;2;;;1;1
1;3;18;28;28113;;1;1;M-506;28,211;8;4;1;10;A-4;3;4;3;;;1;2
1;1;13;28;28113;;1;1;A-4;21,5;3;12;1;2;A-4;3;1;2;;;1;2
1;1;18;28;28113;;3;2;No inventariada;;9;7;2;;;3;4;4;;;5;998
1;4;10;28;28113;;1;1;M-506;24,5;5;3;1;10;;1;1;2;;;1;1
1;5;7;28;28113;;1;1;M-506;23,169;5;19;2;;;3;4;4;;;1;2
2;4;13;28;28113;;1;1;M-506;28,24;5;10;2;;;1;1;1;;;1;3
2;1;11;28;28113;;1;1;A-4;21,2;3;4;2;;;1;1;1;;;1;1
2;6;5;28;28113;;1;1;A-4;19,7;3;4;2;;;1;3;1;;;1;2
1;1;17;28;28113;;3;2;No inventariada;;9;7;2;;;1;1;1;;;2;998
2;5;15;28;28113;;1;1;M-506;26,758;5;5;2;;;3;1;3;;;1;1
2;5;22;28;28113;;1;1;A-4;20,5;3;3;2;;;1;4;1;;;1;1
2;2;8;28;28113;;1;1;A-4;22,5;3;4;2;;;1;1;1;;;1;1
3;2;9;28;28113;;1;1;M-841;0,1;6;2;1;2;A-4;1;1;1;;;1;1
3;3;13;28;28113;;3;2;No inventariada;;9;7;2;;;1;1;1;;;1;998
3;4;18;28;28058;;1;1;M-506;21,615;5;4;1;4;;1;1;1;;;1;1
3;3;12;28;28113;;1;1;A-4;20;3;4;2;;;3;1;3;;;1;1
4;5;15;28;28113;;1;1;A-4;18,697;3;4;2;;;1;1;1;;;1;1
4;1;6;28;28113;;1;1;A-4;22;3;5;2;;;1;4;1;;;1;1
4;1;7;28;28113;;1;1;A-4;23,3;3;3;2;;;1;1;1;;;1;1
4;5;8;28;28113;;1;1;A-4;21;3;2;2;;;1;1;1;;;1;1
5;5;20;28;28113;;3;2;No inventariada;;9;7;2;;;1;1;1;;;1;998
5;3;17;28;28113;;1;1;A-4;18,7;3;4;2;;;1;1;1;;;1;1
5;6;1;28;28113;;1;1;M-841;0,048;6;2;1;2;A-4;1;4;1;;;1;1
5;2;18;28;28113;;1;1;A-4;19,107;3;4;2;;;1;1;1;;;1;1
5;2;23;28;28113;;1;1;A-4;18,512;7;16;2;;;8;5;1;;;1;1
5;3;8;28;28113;;1;1;A-4;21;3;4;2;;;1;1;1;;;1;1
5;1;6;28;28113;;1;1;A-4;20,622;3;3;2;;;1;3;1;;;1;1
5;5;12;28;28113;;1;1;A-4;18,347;3;12;2;;;1;1;1;;;1;1
6;6;18;28;28113;;1;1;A-4;21,56;3;10;2;;;3;1;3;;;1;2
6;3;17;28;28113;;1;1;A-4;22,5;3;3;2;;;1;1;1;;;1;1
7;4;15;28;28113;;1;1;A-4;20,232;3;3;2;;;1;1;1;;;1;1
8;2;13;28;28113;;1;1;A-4;21,671;3;2;2;;;1;1;1;;;1;1
8;3;15;28;28113;;1;1;A-4;20,527;3;5;2;;;1;1;1;;;1;1
9;4;20;28;28113;;1;1;A-4;19,666;3;4;2;;;1;4;1;;;1;1
9;1;15;28;28113;;1;1;A-4;21,969;3;4;2;;;1;1;1;;;1;1
9;5;10;28;28113;;1;1;A-4;20,5;3;4;2;;;3;1;3;;;1;1
9;6;7;28;28113;;1;1;A-4;21,5;3;12;2;;;3;3;2;;;1;2
9;1;6;28;28113;;1;1;M-408;3,395;6;4;2;;;1;6;1;;;1;1
9;6;11;28;28113;;1;1;A-4;18;3;4;2;;;1;1;1;;;1;1
9;7;20;28;28113;;1;1;A-4;19,9;3;4;2;;;1;4;1;;;1;1
10;5;15;28;28113;;1;1;A-4;21,674;3;4;2;;;1;1;1;;;1;1
10;1;17;28;28113;;1;1;M-408;3,608;6;5;2;;;3;1;3;;;1;1
10;3;7;28;28113;;1;1;A-4;22,5;3;4;2;;;1;1;1;;;1;1
10;3;18;28;28113;;1;1;M-506;28,2;5;12;2;;;3;1;1;;;1;2
10;4;20;28;28113;;1;1;M-841;0,1;6;2;1;12;;1;4;1;;;1;1
10;6;6;28;28113;;1;1;A-4;22,296;3;12;2;;;4;4;4;;;5;1
10;6;15;28;28113;;2;2;M-841;0,5;6;4;1;5;M-841;3;1;2;;;1;2
10;3;13;28;28113;;1;1;A-4;17,8;3;4;2;;;1;1;1;;;1;1
10;4;19;28;28113;;1;1;A-4;23;3;4;2;;;1;4;1;;;1;1
11;5;10;28;28113;;1;1;M-506;25,279;5;12;2;;;3;1;1;;;1;1
11;7;14;28;28113;;1;1;A-4;22,152;3;4;2;;;1;1;1;;;1;1
11;4;19;28;28113;;1;1;A-4;20,935;3;4;2;;;1;4;1;;;1;1
11;4;13;28;28113;;1;1;A-4;20,9;3;3;2;;;1;1;2;;;1;1
11;3;10;28;28113;;1;1;M-506;27,5;5;4;2;;;1;1;1;;;1;1
11;3;14;28;28113;;1;1;A-4;21,4;3;10;2;;;1;1;1;;;1;1
12;1;13;28;28113;;1;1;A-4;20,082;3;3;2;;;1;1;1;;;1;1
12;1;7;28;28113;;1;1;A-4;22,9;3;4;2;;;1;5;1;;;1;1
12;1;15;28;28113;;1;1;A-4;20,1;3;4;2;;;1;1;1;;;1;1
12;1;19;28;28113;;1;1;A-4;19,728;3;4;2;;;1;4;1;;;1;1
12;6;12;28;28113;;1;1;A-4;18,669;3;4;2;;;1;1;1;;;1;1
12;6;12;28;28113;;1;1;A-4;23,1;3;5;2;;;1;1;1;;;1;1
12;6;13;28;28113;;1;1;A-4;20,675;3;4;2;;;1;1;1;;;1;1
12;3;18;28;28113;;1;1;A-4;20,668;3;4;2;;;1;4;1;;;1;1
12;5;13;28;28113;;1;1;A-4;22,505;3;4;2;;;1;1;1;;;1;1
9;7;17;28;0;;1;1;M-132;0,1;6;19;2;;;1;1;1;;;1;2
1;2;9;28;28115;;1;1;M-503;2,1;3;2;1;4;M-508;1;1;2;;;3;2
1;2;7;28;28115;;1;1;M-40;39,263;3;4;2;;;1;5;2;;;1;1
1;2;12;28;28115;;1;1;M-502;3,676;5;4;1;4;;1;1;2;;;1;1
1;1;9;28;28115;;1;1;M-40;39,573;3;3;2;;;3;1;3;1;;1;1
1;1;14;28;28115;;3;2;No inventariada;;9;7;2;;;3;1;3;;;1;998
1;5;9;28;28115;;1;1;M-503;7,5;3;4;2;;;3;1;3;;;1;1
1;4;10;28;28115;;1;1;M-502;2,4;5;3;1;4;;1;1;1;;;1;1
1;2;23;28;28115;;1;1;M-503;6,402;3;12;1;4;M-513;1;4;1;;;1;2
1;7;1;28;28115;;3;2;No inventariada;;9;7;2;;;1;4;1;;;18;998
2;4;18;28;28115;;3;2;No inventariada;;9;12;2;;;1;1;1;;;1;998
2;6;6;28;28115;;1;1;M-502;5,3;5;12;1;4;M-503;1;4;1;;;1;3
2;5;11;28;28115;;3;2;No inventariada;;9;10;2;;;1;1;1;;;1;998
2;5;13;28;28115;;3;2;No inventariada;;9;4;2;;;1;1;1;;;1;998
2;1;10;28;28115;;3;2;No inventariada;;9;10;2;;;1;1;1;;;1;998
2;2;6;28;28115;;3;2;No inventariada;;9;1;1;2;;1;4;1;;;9;998
2;1;22;28;28115;;1;1;M-503;7,9;3;5;1;2;M-40;1;1;1;;;1;2
3;7;9;28;28115;;3;2;No inventariada;;9;7;1;4;;1;1;1;;;1;998
2;3;18;28;28115;;3;2;No inventariada;;9;7;1;4;;1;4;1;;;1;998
3;1;8;28;28115;;3;2;No inventariada;;9;7;2;;;1;1;1;;;1;998
3;1;9;28;28115;;3;2;No inventariada;;9;10;1;1;;1;1;1;;;1;998
3;1;12;28;28115;;3;2;No inventariada;;9;2;1;2;;1;1;1;;;9;998
3;1;16;28;28115;;3;2;No inventariada;;9;10;2;;;1;1;1;;;1;998
3;3;17;28;28115;;1;1;M-40;37,603;3;3;2;;;1;1;1;;;1;4
3;2;14;28;28115;;1;1;M-502;1,4;5;7;1;7;M-502;1;1;1;;;1;2
3;7;20;28;28115;;1;1;M-511;3;5;15;1;4;M-511;3;6;2;;;1;2
3;4;17;28;28115;;3;2;No inventariada;;9;2;1;4;;1;1;1;;;1;998
3;7;5;28;28115;;3;2;No inventariada;;9;6;1;4;;1;4;1;;;1;998
3;6;9;28;28115;;1;1;M-513;1,2;6;5;2;;;1;1;1;;;1;1
1;2;20;28;28115;;3;2;No inventariada;;9;10;2;;;1;4;1;;;1;998
1;2;18;28;28115;;3;2;No inventariada;;9;4;2;;;1;1;1;;;18;998
3;2;12;28;28115;;3;2;No inventariada;;9;2;1;1;;1;1;1;;;1;998
3;2;19;28;28115;;3;2;No inventariada;;9;10;1;4;;1;1;1;;;1;998
4;2;7;28;28115;;3;2;No inventariada;;9;10;2;;;3;4;1;;;1;998
4;4;0;28;28115;;3;2;No inventariada;;9;10;2;;;1;4;1;;;1;998
4;4;10;28;28079;;1;1;M-40;47,772;3;5;2;;;1;1;1;;;1;1
4;5;15;28;28115;;3;2;No inventariada;;9;10;1;4;;7;1;1;;;18;998
4;4;19;28;28115;;3;2;No inventariada;;9;4;1;4;;1;1;1;;;1;998
3;6;15;28;28115;;3;2;No inventariada;;9;2;1;1;;1;1;1;;;1;998
2;4;15;28;28115;;3;2;No inventariada;;9;2;2;;;1;1;1;;;1;998
2;1;20;28;28115;;3;2;No inventariada;;9;4;2;;;1;4;1;;;1;998
2;5;22;28;28115;;3;2;No inventariada;;9;4;1;4;;1;4;3;;;1;998
2;5;22;28;28115;;3;2;No inventariada;;9;4;2;;;3;4;3;;;1;998
1;2;20;28;28115;;3;2;No inventariada;;9;10;2;;;1;4;1;;;1;998
4;5;14;28;28115;;3;2;No inventariada;;9;16;2;;;1;1;1;;;1;998
4;6;15;28;28115;;3;2;No inventariada;;9;10;2;;;1;1;1;;;1;998
4;4;14;28;28115;;3;2;No inventariada;;9;10;2;;;1;1;1;;;1;998
4;5;21;28;28115;;3;2;No inventariada;;9;1;1;4;;1;4;1;;;1;998
4;2;18;28;28115;;3;2;No inventariada;;9;7;2;;;1;1;1;;;1;998
4;5;15;28;28115;;3;2;No inventariada;;9;1;2;;;1;1;1;;;9;998
4;2;22;28;28115;;3;2;No inventariada;;9;17;2;;;4;5;1;;;12;998
5;1;7;28;28115;;1;1;M-502;1,492;5;4;1;4;;1;1;1;;;1;1
5;5;16;28;28115;;3;2;No inventariada;;9;7;1;4;;1;1;1;;;1;998
5;3;20;28;28115;;3;2;No inventariada;;9;10;1;4;;1;1;1;;;1;998
5;7;14;28;28115;;3;2;No inventariada;;9;20;1;4;;1;1;1;;;9;998
6;6;12;28;28115;;3;2;No inventariada;;9;7;2;;;1;1;1;;;1;998
6;4;18;28;28115;;3;2;No inventariada;;9;2;1;1;;1;1;1;;;2;998
6;2;15;28;28115;;1;1;M-40;45;3;19;2;;;1;1;1;;;1;3
6;1;23;28;28115;;3;2;No inventariada;;9;10;2;;;1;4;1;;;1;998
6;2;23;28;28115;;3;2;No inventariada;;9;2;1;4;;3;4;1;;;1;998
6;2;16;28;28115;;3;2;No inventariada;;9;2;1;4;;1;1;1;;;1;998
6;4;19;28;28115;;3;2;No inventariada;;9;4;2;;;1;1;1;;;1;998
6;7;18;28;28115;;3;2;No inventariada;;9;7;2;;;1;1;1;;;1;998
6;5;9;28;28115;;3;2;No inventariada;;9;7;2;;;1;1;1;;;12;998
7;1;9;28;28115;;3;2;No inventariada;;9;7;2;;;1;1;1;;;1;998
7;5;7;28;28115;;3;2;No inventariada;;9;7;2;;;1;1;1;;;6;998
7;3;20;28;28115;;3;2;No inventariada;;9;7;2;;;1;1;1;;;6;998
7;2;20;28;28115;;3;2;No inventariada;;9;10;1;4;;2;1;1;;;1;998
7;1;14;28;28115;;3;2;No inventariada;;9;2;1;2;;1;1;1;;;1;998
7;5;21;28;28115;;3;2;No inventariada;;9;7;1;1;;1;1;1;;;1;998
7;5;22;28;28115;;3;2;No inventariada;;9;7;1;2;;1;4;1;;;1;998
7;3;1;28;28115;;1;1;M-511;2,887;5;15;1;4;;1;5;1;;;1;1
7;1;10;28;28115;;1;1;M-502;1,52;4;2;2;;;1;1;1;;;1;1
7;3;15;28;28115;;1;1;M-502;2,346;5;4;1;4;;1;1;1;;;1;1
8;1;0;28;28115;;3;2;No inventariada;;9;10;1;4;;3;4;1;;;1;998
8;3;19;28;28115;;3;2;No inventariada;;14;10;1;4;;1;1;1;;;1;998
8;1;10;28;28115;;1;1;M-40;38,67;3;2;2;;;1;1;1;;;1;1
8;2;7;28;28115;;3;2;No inventariada;;9;10;2;;;1;1;1;;;18;998
8;3;16;28;28115;;3;2;No inventariada;;9;10;1;4;;1;1;1;;;1;998
8;2;8;28;28115;;3;2;No inventariada;;9;7;2;;;1;1;1;;;6;998
9;5;15;28;28115;;3;2;No inventariada;;9;1;1;2;;1;1;1;;;1;998
9;6;21;28;28115;;3;2;No inventariada;;9;7;1;2;;1;4;1;;;1;998
9;3;7;28;28115;;1;1;M-502;2,4;5;4;1;4;M-502;1;3;1;;;1;1
9;2;12;28;28115;;3;2;No inventariada;;9;6;2;;;1;1;1;;;1;998
9;3;17;28;28115;;1;1;M-503;6,8;3;6;2;;;1;1;1;;;1;1
9;3;21;28;28115;;3;2;No inventariada;;9;7;1;1;;1;4;1;;;1;998
9;3;16;28;28115;;1;1;M-503;6,963;8;16;1;11;M-503;1;1;2;;;1;2
9;7;20;28;28115;;3;2;No inventariada;;9;2;2;;;1;1;1;;;1;998
9;6;11;28;28115;;3;2;No inventariada;;9;7;1;4;;1;1;1;;;1;998