MES;DIA_SEMANA;HORA;COD_PROVINCIA;COD_MUNICIPIO;ISLA;ZONA;ZONA_AGRUPADA;CARRETERA;KM;TIPO_VIA;TIPO_ACCIDENTE;NUDO;NUDO_INFO;CARRETERA_CRUCE;CONDICION_FIRME;CONDICION_ILUMINACION;CONDICION_METEO;CONDICION_NIEBLA;CONDICION_VIENTO;VISIB_RESTRINGIDA_POR;TRAZADO_PLANTA
8;2;13;28;28115;;3;2;No inventariada;;9;2;1;4;;1;1;1;;;1;998
9;2;12;28;28115;;3;2;No inventariada;;9;7;2;;;1;1;1;;;1;998
9;7;14;28;28115;;3;2;No inventariada;;9;6;2;;;1;1;1;;;1;998
9;1;11;28;28115;;3;2;No inventariada;;9;20;2;;;1;1;1;;;1;998
9;7;12;28;28115;;1;1;M-503;4,374;3;4;2;;;1;1;1;;;1;1
10;5;15;28;28115;;1;1;M-503;9;3;4;2;;;1;1;2;;;1;1
10;5;15;28;28115;;1;1;M-511;3,4;5;19;2;;;1;1;2;;;1;1
10;6;4;28;28115;;1;1;M-503;8,069;3;12;2;;;3;6;3;;;1;2
10;6;5;28;28115;;1;1;M-511;2,925;5;14;2;;;3;4;3;;;1;2
10;5;15;28;28115;;1;1;M-40;39,4;3;4;2;;;1;1;1;;;1;1
10;3;17;28;28115;;1;1;M-503;6,3;3;2;1;4;M-503;1;1;1;;;6;1
10;4;8;28;28115;;3;2;No inventariada;;9;7;1;4;;3;5;4;;;5;998
10;4;9;28;28115;;3;2;No inventariada;;9;7;2;;;3;1;3;;;5;998
10;4;22;28;28115;;3;2;No inventariada;;9;10;2;;;3;4;2;;;1;998
10;1;10;28;28115;;3;2;No inventariada;;9;2;1;2;;1;1;1;;;1;998
10;3;8;28;28115;;3;2;No inventariada;;9;6;2;;;3;1;4;;;1;998
10;2;19;28;28115;;1;1;M-503;8,889;3;15;2;;;3;6;1;;;5;1
11;5;1;28;28115;;3;2;No inventariada;;9;2;1;4;;1;4;1;;;1;998
11;3;9;28;28115;;3;2;No inventariada;;9;4;2;;;1;1;1;;;1;998
10;5;12;28;28115;;3;2;No inventariada;;9;7;1;2;;1;1;3;;;1;998
10;3;18;28;28115;;3;2;No inventariada;;14;10;2;;;3;1;2;;;1;998
11;4;16;28;28115;;3;2;No inventariada;;9;10;2;;;1;1;1;;;1;998
11;4;16;28;28115;;3;2;No inventariada;;9;10;1;4;;1;1;1;;;1;998
11;1;8;28;28115;;1;1;M-503;9,213;3;4;2;;;1;1;1;;;1;1
11;2;9;28;28115;;1;1;M-503;4,654;3;5;1;10;;1;1;1;;;1;1
11;3;13;28;28115;;1;1;M-503;9,2;3;4;2;;;3;1;4;;;1;1
11;3;14;28;28115;;1;1;M-511;0,4;5;10;2;;;3;1;3;;;1;1
11;3;13;28;28115;;3;2;No inventariada;;9;10;2;;;1;1;1;;;12;998
11;3;13;28;28115;;3;2;No inventariada;;9;6;2;;;1;1;1;;;1;998
10;4;20;28;28115;;1;1;M-502;1,4;5;4;1;4;;1;4;2;;;4;2
11;5;19;28;28115;;1;1;M-501;0,1;5;12;2;;;1;4;1;;;1;1
11;1;8;28;28115;;3;2;No inventariada;;9;7;2;;;1;1;1;;;1;998
11;2;17;28;28115;;3;2;No inventariada;;9;10;2;;;1;1;1;;;1;998
11;4;18;28;28115;;3;2;No inventariada;;9;10;2;;;1;2;1;;;1;998
11;4;18;28;28115;;1;1;M-503;3,7;3;4;2;;;1;3;1;;;1;1
11;4;14;28;28115;;3;2;No inventariada;;9;2;1;4;;1;1;1;;;1;998
11;3;8;28;28115;;1;1;M-40;36,7;3;3;1;2;M-501;1;1;1;;;1;1
11;4;15;28;28115;;3;2;No inventariada;;9;6;2;;;1;1;1;;;1;998
12;2;19;28;28115;;1;1;M-40;43,85;3;5;2;;;3;4;3;;;1;1
12;4;10;28;28115;;1;1;M-511;1,6;5;19;2;;;1;1;1;;;1;1
12;5;12;28;28115;;3;2;No inventariada;;9;12;2;;;1;1;1;;;1;998
12;2;9;28;28115;;1;1;M-40;40,181;3;3;2;;;1;1;1;;;1;1
11;3;8;28;28115;;3;2;No inventariada;;9;7;1;2;;1;1;1;;;6;998
11;1;18;28;28115;;3;2;No inventariada;;9;7;1;4;;1;4;1;;;1;998
12;6;13;28;28115;;3;2;No inventariada;;9;7;2;;;1;1;1;;;1;998
12;2;10;28;28115;;1;1;M-503;1,05;3;12;2;;;1;1;2;;;1;1
12;2;14;28;28115;;1;1;M-503;2,109;3;2;1;4;M-508;1;1;1;;;1;1
12;2;15;28;28115;;3;2;No inventariada;;9;7;1;1;;1;1;1;;;1;998
12;3;15;28;28115;;3;2;No inventariada;;9;6;2;;;1;1;1;;;1;998
12;3;17;28;28115;;1;1;M-503;9,02;3;4;2;;;1;1;1;;;1;1
12;4;19;28;28115;;3;2;No inventariada;;9;7;2;;;1;1;1;;;1;998
12;1;14;28;28115;;3;2;No inventariada;;9;10;1;2;;1;1;1;;;1;998
12;2;18;28;28115;;3;2;No inventariada;;9;16;1;4;;1;4;1;;;1;998
12;7;13;28;28115;;1;1;M-502;4,308;5;19;1;7;M-502;1;1;1;;;18;4
12;5;10;28;28115;;1;1;M-40;39,637;3;5;2;;;1;1;1;;;18;1
1;7;20;28;0;;1;1;M-209;11,7;6;19;1;4;M-224;1;6;1;;;1;2
4;4;6;28;0;;1;1;M-224;16;6;8;2;;;1;2;1;;;12;1
5;4;14;28;0;;1;1;M-224;15;6;19;1;1;M-219;1;1;1;;;1;1
6;6;7;28;0;;1;1;M-219;11;6;19;2;;;1;2;1;;;1;1
6;5;10;28;0;;3;2;No inventariada;;14;10;2;;;8;1;1;;;1;998
10;2;14;28;28115;;1;1;M-513;1,907;6;2;2;;;1;1;2;;;18;4
12;4;11;28;0;;1;1;M-224;12,5;6;20;2;;;1;1;1;;;1;1
5;7;13;28;0;;1;1;M-137;9,75;6;19;2;;;1;1;1;;;1;2
5;7;17;28;0;;1;1;M-130;23,904;6;16;2;;;1;1;1;;;4;3
4;1;12;28;0;;1;1;M-130;25,457;6;10;2;;;3;1;1;;;1;2
5;6;14;28;0;;1;1;M-130;7,5;10;10;2;;;8;1;1;;;1;1
8;5;14;28;0;;1;1;M-130;11;6;19;2;;;1;1;1;;;1;1
1;3;9;28;0;;1;1;M-522;2,514;6;1;2;;;3;1;3;;;1;3
3;5;20;28;0;;1;1;M-521;4,301;6;19;2;;;1;6;1;;;1;2
5;4;20;28;0;;3;2;No inventariada;;9;12;2;;;1;1;1;;;1;998
9;3;17;28;0;;1;1;M-521;3,417;6;19;2;;;1;1;1;;;1;2
10;2;22;28;0;;1;1;M-521;3,392;6;2;2;;;1;6;1;;;1;2
10;7;16;28;0;;1;1;M-521;6,649;6;12;2;;;1;1;1;;;1;2
10;1;16;28;0;;1;1;M-501;22,5;5;16;2;;;1;1;1;;;1;3
12;7;11;28;0;;1;1;M-521;6,424;6;19;2;;;1;1;1;;;1;2
4;6;17;28;0;;1;1;M-604;33,7;6;19;2;;;1;1;1;;;1;2
5;7;10;28;0;;1;1;M-611;27,2;6;15;2;;;1;1;1;;;1;2
5;6;10;28;0;;1;1;M-611;19,3;6;4;2;;;1;1;1;;;1;1
5;1;14;28;0;;1;1;M-611;25,1;6;10;2;;;1;1;1;;;4;2
6;6;15;28;0;;1;1;M-604;38,5;6;16;2;;;3;1;4;;;18;3
6;7;11;28;0;;1;1;M-611;25,486;6;20;2;;;7;1;1;;;1;2
7;4;12;28;0;;1;1;M-611;25,5;6;19;2;;;1;1;1;;;1;1
8;4;9;28;0;;1;1;M-611;25,466;6;19;2;;;1;1;1;;;1;2
8;7;12;28;0;;1;1;M-604;29,2;6;19;2;;;1;1;1;;;1;2
9;6;12;28;0;;1;1;M-611;25,062;6;12;2;;;3;1;2;;;1;2
9;7;12;28;0;;1;1;M-604;38,802;6;16;2;;;1;1;1;;;1;2
10;5;16;28;0;;1;1;M-604;27,5;6;19;2;;;1;1;1;;;1;1
10;5;21;28;0;;1;1;M-611;25,745;6;19;2;;;1;6;1;;;1;2
11;6;16;28;0;;1;1;M-611;25,481;6;19;2;;;3;1;1;;;1;2
1;4;7;28;28123;;1;1;M-203;7,8;6;4;1;4;M-206;3;3;3;;;1;1
1;6;13;28;28123;;3;2;No inventariada;;9;2;1;10;;1;1;1;;;1;998
1;1;10;28;28123;;3;2;No inventariada;;9;7;1;3;;1;1;1;;;1;998
1;6;18;28;28123;;1;1;A-3;16,3;3;4;2;;;1;4;1;;;1;1
1;1;7;28;28123;;1;1;A-3;18,6;3;4;2;;;3;3;3;;;1;1
1;5;7;28;28123;;1;1;A-3;15,8;3;3;2;;;1;4;1;;;1;1
1;6;5;28;28123;;1;1;A-3;18,158;3;1;2;;;1;4;1;;;1;1
2;5;12;28;28123;;1;1;A-3;16,731;3;4;2;;;1;1;1;;;1;1
2;7;11;28;28123;;1;1;A-3;16,758;3;4;2;;;1;1;1;;;1;1
2;2;20;28;28123;;1;1;M-823;4,311;6;4;2;;;1;6;1;;;1;1
2;5;14;28;28123;;1;1;M-206;18;5;4;2;;;1;1;1;;;1;3
2;4;15;28;28123;;3;2;No inventariada;;9;2;2;;;1;1;1;;;1;998
3;6;17;28;28123;;1;1;A-3;19,4;3;4;2;;;3;1;2;;;1;1
1;3;21;28;28123;;3;2;No inventariada;;9;7;2;;;1;4;1;;;1;998
3;3;15;28;28123;;1;1;A-3;15,1;3;4;2;;;1;1;1;;;1;2
3;2;7;28;28123;;3;2;No inventariada;;9;12;2;;;1;1;1;;;1;998
3;4;7;28;28123;;1;1;M-50;27,452;2;10;2;;;1;2;2;;;1;1
3;4;12;28;28123;;3;2;No inventariada;;9;7;2;;;1;1;1;;;1;998
1;5;23;28;28123;;3;2;No inventariada;;9;4;2;;;1;4;1;;;1;998
3;5;23;28;28123;;3;2;No inventariada;;9;2;1;3;;1;4;1;;;1;998
3;6;13;28;28123;;3;2;No inventariada;;9;7;1;10;;1;1;1;;;1;998
3;2;9;28;28123;;1;1;A-3;19,4;3;12;2;;;1;1;1;;;1;1
3;5;13;28;28123;;1;1;A-3;17,674;3;9;2;;;3;1;3;;;1;3
4;3;9;28;28123;;3;2;No inventariada;;9;2;2;;;1;1;1;;;9;998
4;3;18;28;28123;;1;1;M-206;17,7;6;4;2;;;1;1;1;;;1;3
4;7;22;28;28123;;1;1;M-203;8,8;6;16;2;;;1;6;1;;;8;2
4;2;17;28;28123;;1;1;A-3;15,214;3;4;2;;;1;1;2;;;1;1
4;7;14;28;28123;;3;2;No inventariada;;9;10;2;;;1;1;1;;;1;998
4;1;15;28;28123;;1;1;A-3;20,312;3;16;1;12;M-832;3;2;3;;;1;2
4;1;9;28;28123;;3;2;No inventariada;;9;1;1;10;;1;1;1;;;1;998
4;1;10;28;28123;;3;2;No inventariada;;9;7;2;;;1;1;1;;;1;998
5;4;1;28;28123;;3;2;No inventariada;;9;10;1;3;;1;4;1;;;1;998
5;4;15;28;28123;;1;1;M-50;26,775;2;4;2;;;1;1;1;;;1;1
5;5;14;28;28123;;1;1;A-3;17,4;3;4;2;;;1;1;1;;;1;1
6;6;4;28;28123;;1;1;M-206;16,5;6;19;1;4;;1;6;1;;;1;2
5;3;10;28;28123;;3;2;No inventariada;;9;3;1;3;;1;1;1;;;1;998
6;5;19;28;28123;;3;2;No inventariada;;9;7;1;3;;1;1;1;;;1;998
6;6;12;28;28123;;3;2;No inventariada;;9;2;2;;;1;1;1;;;1;998
6;2;15;28;28123;;3;2;No inventariada;;9;10;1;10;;1;1;1;;;1;998
6;7;17;28;28123;;1;1;A-3;19;14;19;2;;;2;1;1;;;1;2
7;3;14;28;28123;;1;1;A-3;18,315;3;6;2;;;1;1;1;;;1;1
7;3;21;28;28123;;3;2;No inventariada;;9;7;1;3;;1;3;1;;;1;998
8;6;14;28;28079;;1;1;R-3;9;1;15;2;;;1;1;1;;;1;2
8;1;8;28;28123;;3;2;No inventariada;;9;1;2;;;1;1;1;;;1;998
8;3;17;28;28123;;1;1;A-3;19,7;3;16;1;10;M-832;1;1;1;;;1;2
8;6;3;28;28123;;1;1;A-3;15,229;8;12;2;;;1;4;1;;;1;2
8;5;16;28;28123;;3;2;No inventariada;;9;6;2;;;1;1;1;;;1;998
9;2;4;28;28123;;1;1;A-3;18,912;3;3;2;;;1;4;1;;;1;1
9;1;13;28;28123;;3;2;No inventariada;;9;2;1;10;;1;1;1;;;1;998
9;5;10;28;28123;;3;2;No inventariada;;9;7;1;10;;1;1;1;;;1;998
9;6;6;28;28123;;1;1;A-3;17,941;3;14;2;;;1;4;1;;;1;2
10;4;7;28;28123;;3;2;No inventariada;;9;2;1;3;;1;1;1;;;1;998
10;5;14;28;28123;;1;1;A-3;15,329;3;4;2;;;1;1;1;;;1;1
10;7;13;28;28123;;3;2;No inventariada;;9;4;2;;;1;1;1;;;1;998
10;6;6;28;28123;;1;1;A-3;15,2;3;2;2;;;3;6;4;;;1;2
10;6;13;28;28123;;1;1;A-3;17,506;3;12;2;;;3;1;3;;;1;3
10;3;10;28;28123;;1;1;M-203;8,764;6;5;2;;;3;1;3;;;1;1
10;3;11;28;28123;;1;1;A-3;17,1;3;19;2;;;3;1;3;;;1;2
10;1;22;28;28123;;3;2;No inventariada;;9;2;1;3;;1;4;2;;;1;998
10;3;6;28;28123;;1;1;A-3;18,2;3;4;2;;;3;4;4;;;1;1
10;1;12;28;28123;;3;2;No inventariada;;9;2;1;1;;1;1;1;;;1;998
10;4;21;28;28123;;1;1;M-206;16,625;5;7;2;;;1;6;2;;;4;1
11;2;11;28;28123;;1;1;M-206;16,3;5;3;1;4;M-50;1;1;1;;;1;2
11;4;7;28;28123;;3;2;No inventariada;;9;2;1;3;;1;1;1;;;1;998
11;1;13;28;28123;;3;2;No inventariada;;9;7;2;;;1;1;1;;;1;998
11;1;14;28;28123;;3;2;No inventariada;;9;5;1;3;;1;1;1;;;1;998
11;2;8;28;28123;;1;1;A-3;16,7;3;19;2;;;3;1;1;;;1;1
11;6;15;28;28123;;1;1;A-3;15,4;3;4;2;;;1;1;1;;;1;1
12;4;8;28;28123;;1;1;A-3;17,3;3;5;2;;;1;1;1;;;1;1
12;3;13;28;28123;;1;1;A-3;18,8;3;3;2;;;1;1;1;;;1;1
12;6;14;28;28123;;1;1;A-3;15,958;3;4;2;;;1;1;1;;;1;1
1;5;10;28;0;;1;1;M-512;17,649;6;1;2;;;3;1;3;;;1;2
4;7;17;28;0;;1;1;M-539;2,649;6;16;2;;;1;1;1;;;1;2
5;7;11;28;0;;1;1;M-512;14,454;6;16;2;;;1;1;1;;;1;2
6;7;9;28;0;;1;1;M-512;1,2;6;19;2;;;1;1;1;;;1;1
6;7;19;28;0;;1;1;M-539;2,614;6;16;2;;;2;1;1;;;1;2
6;6;14;28;0;;1;1;M-512;18,359;6;10;2;;;1;1;1;;;1;2
6;6;17;28;0;;1;1;M-521;28;6;15;2;;;1;1;1;;;4;2
6;6;14;28;0;;1;1;M-521;28,5;6;19;2;;;1;1;1;;;4;2
8;7;12;28;0;;1;1;M-521;27,2;6;15;2;;;1;1;1;;;1;2
9;7;12;28;0;;1;1;M-521;27;6;1;2;;;1;1;1;;;1;2
9;6;12;28;0;;1;1;M-512;0,7;6;2;2;;;1;1;1;;;1;1
10;3;11;28;0;;1;1;M-521;27,36;6;8;2;;;1;1;1;;;1;2
10;1;6;28;0;;1;1;M-521;27,241;6;15;2;;;3;6;2;;;1;2
12;6;12;28;0;;1;1;M-512;3,649;6;12;2;;;1;1;1;;;1;2
9;3;9;28;0;;1;1;A-1;90,39;3;16;2;;;3;1;3;;;4;3
1;2;0;28;28127;;1;1;M-505;2,881;5;16;2;;;1;4;1;;;1;1
1;4;14;28;28127;;1;1;A-6;20,9;2;4;2;;;1;1;1;;;1;1
1;7;18;28;28127;;1;1;M-50;81,422;2;3;2;;;3;4;3;;;1;1
1;6;10;28;28127;;1;1;A-6;23,049;2;4;2;;;1;1;1;;;1;1
1;6;12;28;28127;;1;1;M-50;84,5;2;4;2;;;1;1;1;;;1;1
1;6;14;28;28127;;1;1;A-6;16,855;3;4;2;;;1;1;1;;;1;1
1;2;8;28;28127;;1;1;A-6;17,7;3;2;2;;;3;2;1;;;1;1
1;2;15;28;28127;;1;1;M-50;82,3;2;3;2;;;1;1;1;;;1;1
1;2;9;28;28127;;1;1;A-6;15,758;2;5;2;;;1;1;1;;;1;1
1;3;17;28;28127;;3;2;No inventariada;;9;2;2;;;1;1;1;;;6;998
1;7;13;28;28127;;1;1;M-50;81,4;7;4;2;;;1;1;1;;;1;1
2;6;4;28;28127;;1;1;M-505;1,341;5;16;1;5;;1;4;1;;;1;1
2;6;14;28;28127;;1;1;M-50;83,5;2;5;2;;;1;1;1;;;1;1
2;2;8;28;28127;;3;2;No inventariada;;9;5;2;;;1;1;1;;;1;998
2;4;22;28;28127;;3;2;No inventariada;;9;3;1;4;;1;4;1;;1;1;998
3;6;16;28;28127;;3;2;No inventariada;;9;7;2;;;3;1;3;;;1;998
3;7;9;28;28127;;1;1;M-50;83,498;2;4;2;;;1;2;1;;;1;1
3;1;7;28;28127;;3;2;No inventariada;;9;2;1;1;;1;3;2;;;18;998
3;2;8;28;28127;;3;2;No inventariada;;9;3;2;;;1;1;7;;;18;998
3;3;20;28;28127;;3;2;No inventariada;;9;7;2;;;1;4;1;;;18;998
3;5;18;28;28127;;3;2;No inventariada;;9;7;1;2;;3;1;3;;;1;998
3;4;19;28;28127;;3;2;No inventariada;;9;6;2;;;1;4;1;;1;1;998
3;5;14;28;28127;;1;1;A-6;22,8;2;4;1;2;M-50;1;1;1;;;1;1
3;6;17;28;28127;;1;1;M-505;1,057;5;20;2;;;1;1;1;;;1;1
3;3;13;28;28127;;1;1;M-50;84,203;2;5;2;;;1;1;1;;;1;1
3;5;14;28;28127;;1;1;M-505;7,337;5;19;1;4;M-505;3;1;3;;;1;2
3;5;14;28;28127;;3;2;No inventariada;;9;9;1;2;;1;1;7;;;1;998
3;5;18;28;28127;;3;2;No inventariada;;9;2;1;4;;1;1;1;;;1;998
4;7;16;28;28127;;3;2;No inventariada;;9;2;1;2;;1;1;1;;;1;998
4;3;18;28;28127;;1;1;M-505;3,7;5;4;2;;;1;1;1;;;1;1
4;5;11;28;28127;;3;2;No inventariada;;9;7;2;;;1;1;1;;;1;998
4;7;13;28;28127;;3;2;No inventariada;;9;2;1;1;;1;1;1;;;1;998
4;3;17;28;28127;;3;2;No inventariada;;9;7;2;;;1;1;1;;;1;998
4;3;20;28;28127;;3;2;No inventariada;;9;2;2;;;1;3;1;;;1;998
4;4;8;28;28127;;3;2;No inventariada;;9;2;2;;;1;1;1;;;1;998
4;5;2;28;28127;;1;1;M-505;2,795;5;16;2;;;3;6;3;;;1;1
4;6;22;28;28127;;3;2;No inventariada;;9;10;2;;;1;4;2;;;1;998
4;7;14;28;28127;;3;2;No inventariada;;9;3;2;;;1;1;1;;;1;998
5;1;19;28;28127;;1;1;A-6;16,6;2;4;2;;;1;1;1;;;1;1
5;1;19;28;28127;;3;2;No inventariada;;9;2;2;;;1;1;1;;;6;998
5;2;22;28;28127;;3;2;No inventariada;;9;2;2;;;1;4;1;;;1;998
5;3;19;28;28127;;1;1;M-505;2,7;6;15;2;;;1;1;1;;;18;2
5;4;16;28;28127;;1;1;A-6;15,198;2;5;2;;;1;1;1;;;1;1
5;3;13;28;28127;;3;2;No inventariada;;9;7;2;;;1;1;1;;;18;998
5;6;14;28;28127;;1;1;M-50;82,2;2;4;2;;;1;1;1;;;1;1
5;6;18;28;28127;;1;1;A-6;22,164;2;12;2;;;1;1;1;;;1;1
5;1;13;28;28127;;1;1;M-505;3,446;5;4;2;;;1;1;1;;;1;1
5;3;16;28;28127;;3;2;No inventariada;;9;2;1;1;;1;1;1;;;1;998
5;1;16;28;28127;;3;2;No inventariada;;9;2;2;;;1;1;1;;;1;998
5;4;9;28;28127;;1;1;A-6;25,349;2;14;2;;;1;1;1;;;1;1
6;6;12;28;28127;;1;1;M-505;5,533;5;4;2;;;1;1;1;;;1;1
6;3;11;28;28127;;3;2;No inventariada;;9;7;2;;;1;1;1;;;1;998
6;4;13;28;28127;;3;2;No inventariada;;9;7;2;;;1;1;1;;;1;998
6;6;11;28;28127;;1;1;A-6;26,6;7;2;1;4;;1;6;2;;;18;2
4;1;22;28;28127;;1;1;M-50;82;2;3;2;;;1;5;1;;;1;1
6;2;20;28;28127;;3;2;No inventariada;;9;7;1;3;;1;1;1;;;1;998
6;6;19;28;28127;;3;2;No inventariada;;9;2;2;;;1;1;1;;;1;998
6;3;10;28;28127;;1;1;A-6;20,844;2;4;2;;;1;1;1;;;1;1
6;6;20;28;28127;;3;2;No inventariada;;9;16;2;;;1;1;1;;;1;998
6;4;13;28;28127;;1;1;A-6;15,5;2;4;2;;;1;1;1;;;1;1
7;1;23;28;28127;;1;1;M-505;2,55;5;4;2;;;1;6;1;;;1;1
7;4;16;28;28127;;1;1;A-6;26,2;7;10;1;4;A-6;1;1;1;;;18;2
7;6;16;28;28127;;1;1;M-50;84,5;2;4;1;9;A-6;1;1;1;;;1;2
7;7;1;28;28127;;3;2;No inventariada;;9;12;1;4;;1;4;1;;;1;998
7;2;20;28;28127;;3;2;No inventariada;;9;2;1;2;;1;1;1;;;1;998
7;4;8;28;28127;;1;1;M-505;3;5;4;1;2;M-50;1;1;1;;;1;2
7;4;23;28;28127;;3;2;No inventariada;;9;3;1;4;;1;4;1;;;1;998
7;1;16;28;28127;;3;2;No inventariada;;9;3;1;4;;1;1;1;;;1;998
7;3;3;28;28127;;3;2;No inventariada;;9;2;1;1;;1;1;1;;;1;998
7;2;18;28;28127;;3;2;No inventariada;;9;2;1;1;;1;1;1;;;1;998
7;3;15;28;28127;;3;2;No inventariada;;9;15;2;;;1;1;1;;;1;998
8;1;10;28;28127;;1;1;M-505;4;6;2;1;4;;1;1;1;;;1;1
8;6;0;28;28127;;1;1;M-505;2,223;5;4;2;;;1;4;1;;;1;4
8;1;19;28;28127;;3;2;No inventariada;;9;2;1;2;;1;1;1;;;4;998
8;6;11;28;28127;;3;2;No inventariada;;9;7;1;4;;1;1;1;;;1;998
8;2;12;28;28127;;1;1;A-6;22;2;4;2;;;1;1;1;;;1;1
9;7;6;28;28127;;1;1;A-6;20,7;3;5;2;;;1;4;1;;;1;1
9;6;13;28;28127;;1;1;A-6;16,1;2;4;2;;;1;1;1;;;1;1
9;6;3;28;28127;;3;2;No inventariada;;9;16;2;;;1;4;1;;;1;998
9;1;19;28;28127;;3;2;No inventariada;;9;7;2;;;1;1;1;;;6;998
9;2;20;28;28127;;1;1;A-6;22,728;2;2;2;;;1;6;1;;;1;1
9;4;13;28;28127;;1;1;M-505;1,968;5;18;2;;;1;1;1;;;1;1
9;4;15;28;28127;;3;2;No inventariada;;9;7;2;;;1;1;1;;;1;998
9;6;10;28;28127;;3;2;No inventariada;;9;10;1;2;;1;1;1;;;1;998
9;1;9;28;28127;;3;2;No inventariada;;9;4;2;;;1;1;1;;;1;998
9;1;20;28;28127;;3;2;No inventariada;;9;7;2;;;1;1;1;;;6;998
9;6;12;28;28127;;1;1;M-505;1,366;5;3;1;10;;1;1;1;;;1;1
9;7;10;28;28061;;1;1;M-505;8,166;5;10;2;;;1;1;1;;;1;2
10;4;15;28;28127;;1;1;A-6;16,132;2;5;2;;;1;1;1;;;1;1
10;4;19;28;28127;;3;2;No inventariada;;9;7;2;;;1;1;1;;;1;998
10;5;9;28;28127;;1;1;A-6;24,174;2;5;2;;;1;1;1;;;1;1
9;7;9;28;28127;;3;2;No inventariada;;7;7;1;2;;1;1;1;;;6;998
10;2;7;28;28127;;1;1;A-6;27,7;2;10;2;;;1;3;2;;;1;1
10;3;19;28;28127;;1;1;M-50;82;14;12;1;12;M-505;1;1;2;;;1;2
10;5;11;28;28127;;1;1;M-505;1,5;5;3;2;;;1;1;1;;;1;1
10;7;0;28;28127;;3;2;No inventariada;;9;2;2;;;1;4;1;;;1;998
10;7;19;28;28127;;3;2;No inventariada;;9;4;2;;;1;2;1;;;1;998
10;1;15;28;28127;;3;2;No inventariada;;9;9;2;;;1;1;1;;;18;998
10;6;14;28;28127;;1;1;A-6;22,582;2;5;1;12;A-6;1;1;1;;;18;1
10;1;12;28;28127;;1;1;M-505;7,3;5;3;1;4;;3;1;2;;;1;2
11;5;11;28;28127;;1;1;A-6;26,6;2;4;2;;;1;1;2;;;1;2
11;3;19;28;28127;;3;2;No inventariada;;9;2;1;1;;1;4;1;;;1;998
11;4;13;28;28127;;3;2;No inventariada;;9;6;2;;;1;1;1;;;1;998
11;3;13;28;28127;;3;2;No inventariada;;9;7;2;;;1;1;1;;;1;998
11;5;16;28;28080;;1;1;M-50;77;2;5;2;;;1;1;1;;;1;1
11;1;14;28;28127;;1;1;A-6;24,898;2;6;2;;;1;1;1;;;1;1
11;3;9;28;28127;;1;1;M-50;84,5;2;5;2;;;1;1;1;;;1;1
11;4;17;28;28127;;1;1;A-6;15,9;2;5;2;;;1;2;1;;;1;1
11;7;15;28;28127;;1;1;A-6;17;2;2;1;2;;3;1;3;;;1;1
10;1;13;28;28127;;3;2;No inventariada;;9;7;1;2;;1;1;1;;;6;998
11;2;9;28;28127;;3;2;No inventariada;;9;7;2;;;1;1;1;;;6;998
12;1;16;28;28127;;1;1;A-6;18,9;2;4;1;12;;1;1;1;;;1;1
12;5;9;28;28127;;1;1;M-50;84,5;2;5;2;;;1;1;1;;;1;1
12;6;12;28;28127;;1;1;A-6;15,438;2;5;2;;;1;1;1;;;1;1
12;1;11;28;28127;;1;1;A-6;23,9;2;4;2;;;1;1;1;;;1;1
12;1;13;28;28127;;1;1;A-6;27,6;2;14;2;;;1;1;1;;;1;1
12;2;13;28;28127;;1;1;A-6;16,771;2;4;2;;;1;1;1;;;1;1
12;2;17;28;28127;;1;1;A-6;15,6;2;4;2;;;1;1;1;;;1;1
11;5;12;28;28127;;3;2;No inventariada;;9;3;2;;;1;1;1;;;1;998
12;6;18;28;28127;;1;1;M-50;83,849;2;7;2;;;1;3;1;;;1;1
12;5;8;28;28127;;3;2;No inventariada;;9;7;1;2;;3;1;3;;;1;998
12;2;19;28;28127;;1;1;A-6;15,5;2;4;2;;;1;4;1;;;1;1
12;3;17;28;28127;;3;2;No inventariada;;9;4;2;;;1;1;1;;;1;998
12;3;11;28;28127;;3;2;No inventariada;;9;4;2;;;1;1;1;1;;18;998
12;4;17;28;28127;;1;1;M-505;7,304;5;16;1;4;M-505;3;1;1;;;1;2
12;6;10;28;28127;;1;1;A-6;26,3;2;3;2;;;1;1;1;;;1;1
12;7;18;28;28127;;1;1;M-505;2,35;5;3;2;;;1;4;1;;;18;1
12;1;15;28;28127;;1;1;A-6;24,602;2;4;2;;;1;1;7;;;1;1
12;4;20;28;28127;;1;1;A-6;25,044;2;2;2;;;1;4;1;;;1;1
12;5;11;28;28127;;1;1;A-6;22,1;2;5;2;;;1;1;2;;;18;4
4;6;16;28;0;;1;1;M-501;67,809;6;2;1;2;;1;1;1;;;1;1
5;3;17;28;28127;;1;1;A-6;16,6;2;4;2;;;1;1;1;;;1;1
6;2;20;28;0;;1;1;M-501;68,846;6;2;2;;;1;1;1;;;4;2
1;3;18;28;28129;;1;1;A-1;34,3;3;15;2;;;1;2;1;;;1;2
2;4;15;28;28129;;1;1;A-1;34,9;3;3;2;;;1;1;1;;;1;1
2;7;15;28;28129;;1;1;A-1;34,1;3;12;2;;;1;1;1;;;1;3
2;7;10;28;28045;;1;1;M-104;5,925;6;10;2;;;1;1;1;;;1;4
3;6;23;28;28129;;1;1;A-1;33,25;3;18;2;;;3;6;3;;;1;1
5;3;9;28;28129;;1;1;A-1;35,098;3;5;2;;;1;1;1;;;1;2
5;3;7;28;28129;;1;1;A-1;34,2;3;4;2;;;1;1;1;;;1;1
7;3;2;28;28129;;1;1;A-1;32,337;3;12;2;;;1;4;1;;;1;1
8;3;11;28;28045;;1;1;A-1;30,716;3;4;2;;;1;1;1;;;1;1
8;7;14;28;28129;;1;1;A-1;34,209;3;5;2;;;1;1;1;;;1;1
8;7;15;28;28129;;1;1;A-1;34,2;3;5;2;;;1;1;1;;;1;1
10;2;9;28;28086;;1;1;A-1;38,272;3;3;2;;;3;1;3;;;1;1
11;4;16;28;28129;;1;1;M-104;0,1;6;4;1;2;;9;1;1;;;18;1
11;7;20;28;28129;;1;1;A-1;35,083;3;4;1;10;M-104;1;6;1;;;18;1
12;7;14;28;28129;;1;1;A-1;32,2;3;4;2;;;1;1;7;;;1;1
1;2;8;28;28130;;1;1;A-2;18,5;7;3;2;;;1;1;1;;;1;1
1;4;6;28;28130;;1;1;M-206;12,815;5;2;1;4;M-50;1;4;1;;;1;2
1;4;16;28;28130;;3;2;No inventariada;;9;1;2;;;1;1;1;;;1;998