MES;DIA_SEMANA;HORA;COD_PROVINCIA;COD_MUNICIPIO;ISLA;ZONA;ZONA_AGRUPADA;CARRETERA;KM;TIPO_VIA;TIPO_ACCIDENTE;NUDO;NUDO_INFO;CARRETERA_CRUCE;CONDICION_FIRME;CONDICION_ILUMINACION;CONDICION_METEO;CONDICION_NIEBLA;CONDICION_VIENTO;VISIB_RESTRINGIDA_POR;TRAZADO_PLANTA
2;4;8;28;28130;;3;2;No inventariada;;9;7;2;;;1;4;1;;;1;998
2;7;15;28;28130;;1;1;A-2;15,807;3;18;1;10;;1;1;2;;;1;1
2;4;15;28;28130;;1;1;M-21;5,798;3;4;2;;;3;1;4;;;1;1
2;3;19;28;28130;;3;2;No inventariada;;9;4;2;;;1;4;1;;;1;998
2;4;18;28;28130;;1;1;A-2;17,849;3;4;2;;;1;1;1;;;1;1
2;2;12;28;28130;;3;2;No inventariada;;9;7;2;;;1;1;1;;;1;998
3;1;7;28;28130;;1;1;M-45;32,538;3;5;2;;;1;4;2;;;1;1
3;6;12;28;28130;;3;2;No inventariada;;9;7;2;;;3;1;3;;;1;998
3;1;14;28;28130;;3;2;No inventariada;;9;1;1;1;;1;1;2;;;1;998
3;3;14;28;28130;;1;1;M-21;5,7;3;4;1;4;;1;1;1;;;1;1
3;3;17;28;28130;;1;1;M-21;7;3;3;2;;;1;1;1;;;1;2
3;2;9;28;28130;;1;1;M-21;6,389;3;5;2;;;1;1;1;;;1;1
1;7;21;28;28130;;3;2;No inventariada;;9;10;2;;;3;4;3;;;1;998
2;4;13;28;28130;;3;2;No inventariada;;9;7;2;;;1;1;1;;;1;998
2;2;8;28;28130;;3;2;No inventariada;;9;16;2;;;1;1;1;;;1;998
3;4;19;28;28130;;3;2;No inventariada;;9;10;1;1;;1;1;1;;;1;998
3;5;15;28;28130;;3;2;No inventariada;;9;2;2;;;1;1;1;;;1;998
3;4;18;28;28130;;1;1;M-203;17,859;6;20;2;;;1;1;1;;;1;1
3;5;20;28;28130;;3;2;No inventariada;;9;2;1;2;;1;4;1;;;1;998
3;6;8;28;28130;;3;2;No inventariada;;9;10;2;;;1;1;1;;;1;998
4;2;17;28;28130;;3;2;No inventariada;;9;4;2;;;1;1;2;;;2;998
4;2;17;28;28130;;3;2;No inventariada;;9;4;2;;;1;1;2;;;1;998
4;1;12;28;28130;;1;1;A-2;17;3;3;2;;;1;1;1;;;1;1
4;3;10;28;28130;;3;2;No inventariada;;9;3;1;2;;1;1;1;;;1;998
4;4;8;28;28130;;1;1;M-21;5,937;3;5;2;;;1;1;1;;;1;1
4;5;3;28;28130;;1;1;M-21;7;3;1;2;;;1;6;1;;;1;2
4;4;7;28;28130;;1;1;M-45;28,3;3;16;2;;;1;2;1;;;18;1
4;1;7;28;28130;;1;1;M-45;29,9;3;4;2;;;1;1;1;;;1;1
4;2;8;28;28130;;1;1;M-206;16,293;5;2;1;4;M-50;1;1;1;;;1;2
4;2;13;28;28130;;3;2;No inventariada;;9;16;2;;;1;1;1;;;1;998
4;3;9;28;28130;;3;2;No inventariada;;9;7;2;;;1;1;1;;;1;998
4;5;9;28;28130;;3;2;No inventariada;;9;3;1;2;;1;1;1;;;1;998
5;1;13;28;28104;;1;1;M-50;14,532;2;4;2;;;1;1;1;;;1;1
5;5;14;28;28130;;1;1;M-206;12,547;5;4;1;4;;1;1;1;;;1;2
6;4;17;28;28130;;1;1;M-50;23,516;2;16;2;;;1;1;1;;;1;1
6;4;19;28;28130;;1;1;M-45;31,9;3;4;2;;;1;1;1;;;1;1
5;5;15;28;28130;;3;2;No inventariada;;9;7;1;2;;1;1;1;;;1;998
5;5;19;28;28130;;3;2;No inventariada;;9;4;2;;;1;1;1;;;1;998
5;1;14;28;28130;;3;2;No inventariada;;9;7;2;;;1;1;1;;;1;998
5;5;7;28;28130;;3;2;No inventariada;;9;10;2;;;7;1;1;;;1;998
5;3;17;28;28130;;3;2;No inventariada;;9;10;2;;;1;1;1;;;1;998
6;7;18;28;28130;;3;2;No inventariada;;9;10;2;;;1;1;1;;;1;998
6;4;21;28;28130;;1;1;M-50;19;2;3;2;;;1;1;1;;;1;1
6;5;18;28;28130;;3;2;No inventariada;;9;4;2;;;1;1;1;;;1;998
6;2;18;28;28130;;3;2;No inventariada;;9;7;2;;;1;1;1;;;1;998
6;2;22;28;28079;;1;1;A-2;14,8;3;4;1;2;A-2;3;4;1;;;1;1
5;5;16;28;28130;;3;2;No inventariada;;9;10;2;;;1;1;1;;;1;998
6;5;19;28;28130;;3;2;No inventariada;;9;2;1;2;;1;1;1;;;1;998
6;1;6;28;28130;;3;2;No inventariada;;9;2;1;1;;1;1;1;;;1;998
6;4;12;28;28130;;3;2;No inventariada;;9;5;2;;;1;1;1;;;1;998
7;3;15;28;28130;;3;2;No inventariada;;9;10;2;;;1;1;1;;;1;998
7;5;14;28;28130;;3;2;No inventariada;;9;10;2;;;1;1;1;;;1;998
7;7;11;28;28130;;1;1;M-206;12,794;8;2;1;4;M-50;1;1;1;;;1;2
7;3;2;28;28130;;1;1;M-45;28,8;3;4;1;10;M-50;1;4;1;;;1;1
7;5;7;28;28130;;3;2;No inventariada;;9;10;1;2;;1;1;1;;;1;998
7;7;7;28;28130;;3;2;No inventariada;;9;10;2;;;1;1;1;;;1;998
7;3;9;28;28130;;3;2;No inventariada;;9;3;2;;;8;1;1;;;1;998
7;4;5;28;28130;;3;2;No inventariada;;9;19;2;;;1;4;1;;;1;998
7;5;21;28;28130;;3;2;No inventariada;;9;10;2;;;1;1;1;;;1;998
8;6;6;28;28130;;3;2;No inventariada;;9;5;2;;;1;4;1;;;1;998
8;7;9;28;28130;;3;2;No inventariada;;9;10;2;;;1;1;1;;;1;998
8;5;13;28;28130;;3;2;No inventariada;;9;10;2;;;2;1;1;;;1;998
8;7;14;28;28130;;3;2;No inventariada;;9;10;2;;;1;1;1;;;1;998
8;1;19;28;28130;;3;2;No inventariada;;9;3;2;;;1;1;1;;;1;998
8;4;8;28;28130;;1;1;M-50;23,4;2;3;2;;;3;1;1;;;1;1
9;2;6;28;28130;;1;1;M-21;6,578;3;5;2;;;1;5;1;;;1;1
9;4;9;28;28130;;1;1;A-2;15,784;7;4;2;;;1;1;1;;;1;1
9;4;10;28;28079;;1;1;M-45;27,267;3;9;2;;;1;1;1;;;1;1
9;4;11;28;28130;;3;2;No inventariada;;9;4;2;;;1;1;1;;;1;998
9;5;9;28;28130;;1;1;M-206;16,3;5;19;1;4;M-50;1;1;1;;;1;2
9;7;21;28;28130;;1;1;M-203;16,094;6;2;1;4;M-206;1;6;1;;;18;2
9;2;16;28;28130;;3;2;No inventariada;;9;4;2;;;1;1;1;;;1;998
9;4;13;28;28130;;3;2;No inventariada;;9;5;2;;;1;1;1;;;1;998
9;4;19;28;28130;;3;2;No inventariada;;9;7;2;;;1;1;1;;;1;998
10;4;18;28;28130;;1;1;A-2;18,365;3;4;2;;;1;1;1;;;1;1
10;5;9;28;28130;;1;1;M-50;21;2;4;2;;;1;1;1;;;18;1
10;5;14;28;28130;;1;1;M-50;16,802;8;4;2;;;1;1;1;;;18;1
10;1;7;28;28130;;1;1;A-2;17,609;3;5;2;;;1;1;1;;;1;1
10;4;14;28;28130;;3;2;No inventariada;;9;7;2;;;1;1;1;;;1;998
10;4;19;28;28130;;3;2;No inventariada;;9;7;1;1;;1;1;1;;;1;998
10;4;8;28;28130;;3;2;No inventariada;;9;2;2;;;1;1;1;;;1;998
10;5;18;28;28130;;3;2;No inventariada;;9;3;2;;;1;1;1;;;1;998
10;4;10;28;28130;;3;2;No inventariada;;9;7;2;;;1;1;1;;;1;998
10;4;16;28;28130;;3;2;No inventariada;;9;10;2;;;1;1;1;;;1;998
10;4;22;28;28130;;3;2;No inventariada;;9;10;2;;;1;4;1;;;1;998
10;2;14;28;28130;;1;1;M-206;14,5;5;10;2;;;3;1;3;;;1;1
11;6;12;28;28130;;1;1;M-50;20,333;2;20;2;;;1;1;1;;;1;1
11;6;3;28;28130;;1;1;M-50;18,612;2;14;1;10;M-21;1;4;1;;;1;2
10;3;13;28;28130;;3;2;No inventariada;;9;1;1;1;;1;1;1;;;1;998
11;5;20;28;28130;;3;2;No inventariada;;9;10;2;;;8;4;2;;;1;998
11;5;15;28;28130;;3;2;No inventariada;;9;2;2;;;1;1;1;;;17;998
11;3;6;28;28130;;1;1;M-45;33,7;3;19;2;;;1;4;2;2;;1;1
11;6;22;28;28130;;3;2;No inventariada;;9;7;2;;;1;4;1;;;1;998
11;4;22;28;28130;;3;2;No inventariada;;9;3;1;2;;1;4;1;;;1;998
11;6;18;28;28130;;3;2;No inventariada;;9;2;2;;;1;4;1;;;1;998
12;2;18;28;28130;;1;1;A-2;15,72;3;4;2;;;1;4;1;;;1;1
12;3;16;28;28130;;1;1;A-2;15,811;3;14;1;12;;1;1;1;;;1;1
12;4;21;28;28130;;1;1;M-45;31,1;3;10;2;;;7;4;1;;;1;1
12;4;21;28;28130;;1;1;M-45;31,05;3;4;2;;;1;4;1;;;1;1
12;4;15;28;28130;;3;2;No inventariada;;9;7;1;2;;1;1;1;;;1;998
12;4;14;28;28130;;3;2;No inventariada;;9;1;2;;;1;1;1;;;1;998
12;6;20;28;28130;;1;1;M-50;16;2;4;2;;;1;5;1;;;1;1
12;1;17;28;28130;;1;1;A-2;18;3;4;2;;;1;4;1;;;1;2
12;2;5;28;28130;;1;1;M-50;17,3;2;16;1;12;;1;4;1;;;1;1
12;2;19;28;28130;;1;1;A-2;18,704;3;4;2;;;1;4;1;;;1;1
12;2;12;28;28130;;3;2;No inventariada;;9;10;2;;;7;1;1;;;1;998
12;6;12;28;28130;;1;1;M-206;11,9;5;10;2;;;1;1;1;;;1;3
12;4;8;28;28130;;3;2;No inventariada;;9;7;2;;;3;1;3;;;1;998
12;4;10;28;28130;;3;2;No inventariada;;9;2;2;;;1;1;2;;;18;998
12;4;22;28;28130;;3;2;No inventariada;;9;7;2;;;1;4;1;;;1;998
12;2;17;28;28130;;3;2;No inventariada;;9;3;2;;;1;1;1;;;1;998
1;4;6;28;28131;;1;1;M-600;6,95;6;4;2;;;1;4;1;;;1;1
2;5;17;28;28131;;1;1;M-600;12,6;6;1;2;;;3;1;3;;;1;2
4;2;8;28;28131;;1;1;M-600;4,199;6;4;2;;;1;1;1;;;18;1
5;5;10;28;28131;;1;1;M-600;9,2;6;3;1;2;;1;6;3;;;18;1
6;4;13;28;28131;;1;1;M-505;32,5;6;4;1;2;M-505;1;1;1;;;1;1
9;5;14;28;28131;;1;1;M-600;9,846;6;2;1;2;;1;1;2;;;1;1
10;1;23;28;0;;1;1;M-505;34,05;6;2;2;;;3;6;7;;;18;2
10;4;21;28;28131;;1;1;M-600;5;6;5;1;2;;1;4;7;;;1;1
11;5;15;28;28131;;1;1;M-600;1,8;6;4;2;;;1;1;2;;;18;1
11;6;2;28;28131;;1;1;M-600;7,7;6;10;1;2;M-600;1;4;1;;;18;4
11;3;12;28;28131;;1;1;M-600;7,1;6;4;2;;;1;1;1;;;1;1
12;7;15;28;28131;;1;1;M-505;33,2;6;19;2;;;1;1;1;;;1;2
2;6;22;28;28132;;1;1;M-506;35,919;5;2;1;4;M-841;1;4;1;;;1;2
2;3;8;28;28132;;1;1;M-841;4,5;6;3;1;4;M-841;1;1;1;;;1;1
4;2;20;28;28132;;1;1;M-506;37,741;6;4;1;4;;1;2;1;;;1;1
4;7;22;28;28132;;1;1;M-301;14;6;6;2;;;1;6;1;;;1;1
4;3;22;28;28132;;1;1;M-301;16,8;6;19;2;;;1;6;1;;;1;2
5;5;10;28;28132;;1;1;M-301;12,9;6;16;2;;;1;1;1;;;1;2
5;3;8;28;28132;;1;1;M-506;37,656;6;2;1;4;M-307;1;1;1;;;1;1
5;6;12;28;28132;;1;1;M-506;39,736;6;10;2;;;1;1;1;;;1;1
5;1;18;28;28132;;1;1;M-301;14,9;6;12;2;;;1;1;1;;;1;2
1;5;8;28;28132;;3;2;No inventariada;;9;7;2;;;3;3;4;;;18;998
1;3;20;28;28132;;3;2;No inventariada;;9;7;2;;;1;4;1;;;1;998
4;2;18;28;28132;;3;2;No inventariada;;9;7;2;;;1;1;1;;;1;998
4;5;7;28;28132;;3;2;No inventariada;;9;7;2;;;1;1;1;;;1;998
5;7;22;28;28132;;3;2;No inventariada;;9;7;2;;;1;3;1;;;18;998
6;1;8;28;28132;;1;1;M-506;37,5;6;2;1;4;M-307;1;1;1;;;1;1
7;2;10;28;28132;;1;1;M-506;35,812;5;12;1;4;M-841;1;1;1;;;1;1
7;6;15;28;28132;;1;1;M-506;35,3;5;18;1;4;;1;1;1;;;18;1
7;7;8;28;28132;;1;1;M-506;36,733;5;20;2;;;1;1;1;;;1;1
7;5;11;28;28132;;1;1;M-301;12,849;6;10;2;;;1;1;1;;;1;1
7;7;10;28;28132;;1;1;M-506;41;6;3;2;;;1;1;1;;;18;1
7;4;8;28;28132;;1;1;M-307;2,86;6;10;2;;;1;1;1;;;1;1
7;6;11;28;28132;;1;1;M-506;47,9;6;4;2;;;1;1;1;;;1;1
8;6;12;28;28132;;1;1;M-302;1,162;6;19;2;;;1;1;1;;;1;2
8;2;19;28;28132;;1;1;M-506;37,947;6;2;2;;;1;1;1;;;1;2
9;2;17;28;28132;;1;1;M-841;5,166;6;10;2;;;1;1;1;;;1;1
2;4;9;28;28133;;1;1;N-403;72,41;6;16;2;;;1;1;2;;;4;2
4;1;21;28;28133;;1;1;M-957;2,858;6;14;2;;;1;6;1;;;8;2
4;6;13;28;28133;;1;1;M-501;49,123;6;5;2;;;3;1;3;;;1;1
6;6;10;28;28133;;1;1;M-501;55,798;6;4;2;;;1;1;1;;;1;1
8;2;7;28;28133;;1;1;N-403;75,5;6;14;2;;;1;2;1;;;1;2
9;6;10;28;28133;;1;1;M-501;49,131;6;4;2;;;1;1;1;;;1;1
9;7;13;28;28133;;1;1;M-501;56,5;6;3;2;;;1;1;1;;;1;1
9;1;17;28;28133;;1;1;M-957;3,8;6;15;2;;;1;1;1;;;1;2
10;2;13;28;28133;;1;1;N-403;74,5;6;18;2;;;3;1;3;;;1;2
1;5;14;28;28133;;3;2;No inventariada;;9;20;1;2;;3;1;2;;;1;998
1;3;13;28;28134;;3;2;No inventariada;;14;3;1;1;;3;5;2;;;1;998
1;3;15;28;28134;;3;2;No inventariada;;9;6;2;;;1;1;2;;;1;998
1;3;20;28;28134;;3;2;No inventariada;;9;4;1;2;;3;4;3;;;1;998
1;4;16;28;28134;;3;2;No inventariada;;14;20;1;1;;1;1;7;;;1;998
1;1;19;28;28134;;1;1;A-1;18,2;3;9;2;;;3;4;1;;;1;1
1;1;23;28;28134;;3;2;No inventariada;;9;7;2;;;3;4;3;;;3;998
1;6;14;28;28134;;3;2;No inventariada;;9;10;2;;;1;1;1;;;1;998
1;2;8;28;28134;;3;2;No inventariada;;9;4;1;4;;1;1;1;;;1;998
1;2;17;28;28134;;3;2;No inventariada;;9;4;1;4;;1;1;1;;;1;998
1;1;18;28;28134;;3;2;No inventariada;;9;10;2;;;1;1;1;;;1;998
1;1;12;28;28134;;1;1;N-1a;23;6;12;2;;;1;1;1;;;1;2
1;2;0;28;28134;;1;1;A-1;20,5;3;16;2;;;1;4;1;;;1;1
1;2;14;28;28134;;3;2;No inventariada;;9;4;2;;;1;1;1;;;1;998
2;5;11;28;28134;;3;2;No inventariada;;9;7;2;;;1;1;2;;;18;998
2;6;14;28;28134;;3;2;No inventariada;;9;2;1;1;;1;1;1;;;9;998
2;5;19;28;28134;;3;2;No inventariada;;9;10;1;4;;3;4;2;;;1;998
2;3;19;28;28006;;1;1;A-1;17;3;4;1;4;M-12;1;4;1;;;1;1
2;5;20;28;28134;;3;2;No inventariada;;9;4;2;;;1;4;1;;;1;998
2;7;14;28;28134;;3;2;No inventariada;;9;2;1;4;;1;1;2;;1;1;998
3;5;19;28;28006;;1;1;A-1;17,277;3;5;1;4;M-12;1;3;1;;;1;4
2;4;16;28;28134;;3;2;No inventariada;;9;20;2;;;1;1;1;;;1;998
3;6;23;28;28134;;3;2;No inventariada;;9;7;1;4;;1;4;7;;;18;998
3;2;17;28;28134;;3;2;No inventariada;;9;7;2;;;1;1;1;;;6;998
3;3;15;28;28134;;3;2;No inventariada;;9;3;1;4;;1;1;1;;;1;998
3;4;21;28;28134;;3;2;No inventariada;;9;7;2;;;3;4;2;;;5;998
3;1;7;28;28134;;3;2;No inventariada;;9;10;1;4;;1;3;1;;;1;998
3;6;13;28;28134;;3;2;No inventariada;;9;15;1;2;;1;1;1;;;1;998
3;5;12;28;28134;;3;2;No inventariada;;9;2;2;;;1;1;1;;;18;998
3;7;12;28;28134;;3;2;No inventariada;;9;3;1;1;;1;1;1;;;1;998
3;1;14;28;28134;;3;2;No inventariada;;9;7;2;;;3;1;2;;;18;998
3;1;20;28;28134;;3;2;No inventariada;;9;2;1;1;;3;4;3;;;5;998
4;1;17;28;28134;;3;2;No inventariada;;9;2;1;4;;1;1;1;;;1;998
3;5;18;28;28134;;3;2;No inventariada;;9;10;2;;;1;1;1;;;1;998
4;3;10;28;28134;;3;2;No inventariada;;9;2;1;1;;1;1;1;;;1;998
4;4;17;28;28134;;3;2;No inventariada;;9;16;2;;;1;1;1;;;1;998
4;7;19;28;28134;;3;2;No inventariada;;9;3;2;;;1;1;1;;;1;998
4;1;7;28;28134;;1;1;M-50;0,851;3;3;2;;;1;1;1;;;1;1
4;3;16;28;28134;;1;1;M-100;24,454;6;2;2;;;1;1;1;;;1;1
4;4;9;28;28134;;3;2;No inventariada;;9;20;1;4;;1;1;1;;;1;998
4;1;8;28;28134;;3;2;No inventariada;;9;20;2;;;1;1;1;;;1;998
4;4;14;28;28134;;3;2;No inventariada;;14;4;2;;;1;1;1;;;1;998
4;6;12;28;28134;;1;1;A-1;18;3;5;2;;;1;1;1;;;1;1
4;3;18;28;28134;;3;2;No inventariada;;9;4;2;;;1;1;1;;;1;998
4;4;15;28;28134;;3;2;No inventariada;;9;3;2;;;1;1;1;;;1;998
4;2;17;28;28134;;3;2;No inventariada;;9;2;1;1;;1;1;1;;;1;998
4;7;20;28;28134;;3;2;No inventariada;;9;1;2;;;1;1;1;;;1;998
5;6;13;28;28134;;3;2;No inventariada;;9;7;1;2;;1;1;1;;;1;998
5;1;18;28;28134;;3;2;No inventariada;;9;6;2;;;1;1;1;;;1;998
5;4;22;28;28134;;3;2;No inventariada;;9;10;1;4;;7;4;1;;;1;998
5;5;17;28;28006;;1;1;M-12;10,394;2;3;2;;;1;1;1;;;1;1
5;4;14;28;28134;;3;2;No inventariada;;11;20;1;1;;1;1;1;;;1;998
5;5;21;28;28134;;3;2;No inventariada;;9;7;1;4;;9;2;7;;;18;998
5;4;21;28;28134;;3;2;No inventariada;;14;15;1;9;;1;1;1;;;18;998
5;4;11;28;28134;;1;1;A-1;19;3;19;1;4;A-1;1;1;1;;;1;1
5;4;18;28;28134;;3;2;No inventariada;;9;10;1;4;;1;1;1;;;1;998
5;5;17;28;28134;;3;2;No inventariada;;9;10;2;;;2;1;1;;;1;998
5;1;10;28;28134;;3;2;No inventariada;;9;7;1;4;;1;1;1;;;1;998
6;3;8;28;28134;;3;2;No inventariada;;9;1;2;;;1;1;1;;;1;998
6;3;14;28;28134;;3;2;No inventariada;;9;10;2;;;1;1;1;;;1;998
6;6;2;28;28134;;3;2;No inventariada;;9;6;2;;;1;4;1;;;1;998
6;1;9;28;28134;;3;2;No inventariada;;9;7;1;4;;1;1;1;;;1;998
6;2;14;28;28134;;3;2;No inventariada;;9;4;2;;;1;1;1;;;1;998
6;4;17;28;28134;;3;2;No inventariada;;9;2;1;4;;1;1;1;;;1;998
6;1;12;28;28134;;1;1;M-100;24,5;6;4;2;;;1;1;1;;;1;1
6;5;10;28;28134;;3;2;No inventariada;;9;2;1;1;;1;1;1;;;12;998
6;4;16;28;28006;;1;1;A-1;17,284;3;4;1;4;;1;1;1;;;1;1
7;5;22;28;28134;;4;2;N-1a;1;3;12;2;;;1;6;1;;;1;1
7;1;21;28;28134;;3;2;No inventariada;;9;7;2;;;1;1;1;;;1;998
7;6;22;28;28134;;3;2;No inventariada;;9;3;1;4;;1;4;1;;;1;998
7;6;19;28;28134;;1;1;A-1;25,45;3;6;2;;;1;1;1;;;18;1
7;5;17;28;28134;;3;2;No inventariada;;9;3;1;4;;1;1;1;;;1;998
7;6;17;28;28134;;3;2;No inventariada;;9;20;1;4;;1;1;1;;;1;998
7;1;14;28;28134;;3;2;No inventariada;;9;7;2;;;1;1;1;;;1;998
7;3;12;28;28134;;3;2;No inventariada;;9;7;1;1;;1;1;1;;;1;998
7;5;20;28;28134;;3;2;No inventariada;;9;2;1;1;;1;1;1;;;1;998
7;1;10;28;28134;;3;2;No inventariada;;9;2;2;;;1;1;1;;;1;998
8;2;9;28;28134;;3;2;No inventariada;;9;19;2;;;3;1;1;;;1;998
8;7;20;28;28134;;3;2;No inventariada;;9;2;1;2;;1;2;1;;;9;998
8;4;18;28;28134;;3;2;No inventariada;;9;4;2;;;1;1;1;;;1;998
8;7;19;28;28134;;1;1;A-1;27,85;3;4;2;;;1;1;1;;;1;1
8;2;10;28;28134;;3;2;No inventariada;;9;2;2;;;1;1;1;;;1;998
8;6;13;28;28134;;3;2;No inventariada;;9;2;1;1;;1;2;1;;;1;998
8;2;0;28;28134;;3;2;No inventariada;;9;19;1;4;;1;4;1;;;18;998
8;6;13;28;28134;;3;2;No inventariada;;9;20;1;1;;1;1;1;;;1;998
8;2;18;28;28134;;3;2;No inventariada;;9;2;1;4;;1;1;1;;;1;998
9;1;7;28;28134;;3;2;No inventariada;;9;7;2;;;1;4;1;;;1;998
8;5;15;28;28134;;3;2;No inventariada;;9;7;2;;;1;1;1;;;17;998
8;5;19;28;28134;;3;2;No inventariada;;9;10;2;;;3;1;3;;;1;998
9;3;18;28;28134;;3;2;No inventariada;;9;10;2;;;1;1;1;;;1;998
9;7;21;28;28134;;3;2;No inventariada;;9;10;2;;;1;4;1;;;1;998
9;2;18;28;28134;;1;1;A-1;25,1;3;4;2;;;1;1;1;;;18;1
9;2;21;28;28134;;3;2;No inventariada;;9;5;1;5;;1;4;1;;;1;998
9;3;8;28;28134;;3;2;No inventariada;;9;7;2;;;1;2;1;;;6;998
9;7;19;28;28134;;3;2;No inventariada;;9;3;2;;;9;1;1;;;1;998
9;1;11;28;28134;;3;2;No inventariada;;9;2;1;4;;1;1;1;;;1;998
9;4;9;28;28134;;3;2;No inventariada;;9;3;2;;;1;1;1;;;1;998
9;5;8;28;28134;;3;2;No inventariada;;9;7;1;4;;1;2;1;;;6;998
9;5;13;28;28134;;3;2;No inventariada;;9;2;1;4;;1;1;1;;;1;998
9;5;15;28;28134;;3;2;No inventariada;;9;7;2;;;1;1;1;;;1;998
9;1;9;28;28134;;3;2;No inventariada;;9;4;1;4;;1;1;1;;;1;998
9;6;21;28;28134;;3;2;No inventariada;;9;4;2;;;1;4;1;;;1;998
9;1;17;28;28134;;3;2;No inventariada;;9;20;1;4;;1;1;1;;;6;998
10;3;19;28;28134;;3;2;No inventariada;;9;10;1;1;;3;1;3;;;1;998
10;5;9;28;28134;;3;2;No inventariada;;9;7;1;2;;1;3;1;;;6;998
10;1;21;28;28134;;3;2;No inventariada;;14;4;1;4;;3;4;1;;;1;998
10;1;15;28;28134;;1;1;A-1;25,2;3;3;2;;;1;1;1;;;1;1
10;1;17;28;28134;;3;2;No inventariada;;9;3;2;;;1;1;1;;;17;998
10;2;8;28;28134;;1;1;M-111;14,756;6;3;2;;;1;1;1;;;1;1
10;5;12;28;28134;;3;2;No inventariada;;9;7;2;;;1;1;1;;;2;998
10;7;9;28;28134;;3;2;No inventariada;;9;7;1;4;;1;2;1;;;6;998
10;7;20;28;28134;;3;2;No inventariada;;14;19;2;;;1;5;4;1;;5;998
10;1;13;28;28134;;3;2;No inventariada;;9;6;2;;;1;1;1;;;1;998
11;6;20;28;28134;;3;2;No inventariada;;9;10;2;;;1;4;1;;;1;998
11;7;19;28;28134;;3;2;No inventariada;;9;7;2;;;1;4;1;;;1;998
11;1;20;28;28134;;3;2;No inventariada;;9;4;2;;;1;4;1;;;1;998
11;2;14;28;28134;;3;2;No inventariada;;9;10;2;;;2;1;1;;;1;998
11;3;7;28;28134;;3;2;No inventariada;;9;10;1;4;;1;1;1;;;1;998
11;7;14;28;28134;;3;2;No inventariada;;9;19;1;4;;1;1;1;;;1;998
11;2;17;28;28134;;1;1;M-100;24,628;6;3;2;;;1;2;1;;;1;1
11;6;19;28;28134;;3;2;No inventariada;;14;1;2;;;1;1;1;;;1;998
10;1;17;28;28134;;3;2;No inventariada;;9;7;2;;;1;1;1;;;18;998
11;6;15;28;28134;;3;2;No inventariada;;9;16;2;;;1;1;1;;;1;998
11;1;10;28;28134;;3;2;No inventariada;;9;1;2;;;1;1;1;;;1;998
11;4;17;28;28134;;3;2;No inventariada;;9;20;2;;;1;1;1;;;18;998
11;3;14;28;28134;;1;1;M-100;23,867;5;4;1;4;M-100;1;1;1;;;18;2
11;3;22;28;28134;;3;2;No inventariada;;9;7;2;;;1;6;1;;;1;998
11;3;22;28;28134;;3;2;No inventariada;;9;7;2;;;1;4;1;;;1;998
12;1;6;28;28134;;3;2;No inventariada;;9;7;2;;;3;4;1;;;1;998
12;2;16;28;28134;;3;2;No inventariada;;9;2;1;1;;1;1;2;;;1;998
12;3;13;28;28134;;3;2;No inventariada;;9;2;1;1;;1;1;1;;;1;998
12;3;16;28;28134;;3;2;No inventariada;;9;7;1;4;;1;1;1;;;18;998
12;2;11;28;28134;;3;2;No inventariada;;9;10;2;;;8;1;1;;;1;998
12;4;16;28;28134;;1;1;A-1;18,286;3;5;2;;;1;1;2;;;1;1
12;3;11;28;28134;;3;2;No inventariada;;9;3;2;;;1;1;1;;;1;998
5;6;17;28;0;;1;1;M-505;44,219;6;15;2;;;1;1;1;;;4;2
6;4;19;28;0;;1;1;M-954;1,868;6;18;2;;;1;1;1;;;1;2
8;7;12;28;0;;1;1;M-505;34,03;6;15;2;;;1;1;1;;;1;2
12;6;11;28;0;;1;1;M-505;35,4;6;10;2;;;1;1;2;;;1;2
12;6;14;28;0;;1;1;M-505;36,86;6;15;2;;;1;1;1;;;1;2
2;4;16;28;0;;1;1;M-226;1,627;6;1;2;;;1;1;1;;;1;1
7;4;11;28;0;;1;1;M-213;10,7;6;1;2;;;1;1;1;;;1;2
7;4;11;28;0;;1;1;M-213;10,5;6;10;2;;;1;1;1;;;1;2
3;3;5;28;0;;1;1;M-235;3,78;6;1;2;;;1;6;1;;;1;1
3;2;20;28;0;;1;1;M-226;5;6;18;2;;;3;5;3;;;1;2
8;2;1;28;0;;1;1;M-226;1,9;6;10;2;;;1;6;1;;;1;2
12;2;14;28;0;;1;1;M-235;1,731;6;16;2;;;1;1;1;;;1;1
12;4;13;28;0;;1;1;A-1;81,192;3;5;2;;;1;1;1;;;1;1
2;4;16;28;28066;;1;1;M-404;16,922;5;4;1;4;M-40;1;1;1;;;1;4
2;6;9;28;0;;1;1;M-415;2,389;6;2;2;;;1;1;1;;;1;1
6;7;11;28;0;;1;1;M-415;1,064;6;3;2;;;1;1;1;;;1;1
7;1;8;28;28066;;1;1;M-404;16,953;5;4;2;;;1;1;1;;;1;1
11;2;7;28;0;;1;1;M-415;0,2;6;4;2;;;1;1;1;;;1;1
1;3;12;28;28141;;1;1;M-600;40,711;6;2;2;;;1;1;2;;;1;1
12;5;19;28;28096;;1;1;M-600;43,236;6;16;1;4;M-523;1;4;1;;;1;2
9;2;8;28;0;;1;1;A-1;92,558;3;12;2;;;1;4;1;;;1;1
10;3;6;28;0;;1;1;A-1;95,5;2;12;2;;;3;6;3;1;;5;3