MES;DIA_SEMANA;HORA;COD_PROVINCIA;COD_MUNICIPIO;ISLA;ZONA;ZONA_AGRUPADA;CARRETERA;KM;TIPO_VIA;TIPO_ACCIDENTE;NUDO;NUDO_INFO;CARRETERA_CRUCE;CONDICION_FIRME;CONDICION_ILUMINACION;CONDICION_METEO;CONDICION_NIEBLA;CONDICION_VIENTO;VISIB_RESTRINGIDA_POR;TRAZADO_PLANTA
10;3;8;28;0;;1;1;A-1;94,4;3;6;2;;;3;2;4;;;5;1
2;3;4;28;28144;;1;1;M-608;16,5;6;8;2;;;1;6;1;;;1;1
3;5;1;28;28144;;1;1;M-862;1,171;6;16;2;;;4;6;4;;;5;1
9;6;4;28;28144;;1;1;M-609;5;6;12;1;4;;3;4;1;;;1;2
12;2;17;28;28144;;1;1;M-608;18,2;6;12;2;;;1;2;7;;;18;1
1;3;14;28;0;;1;1;N-320;325,329;6;16;2;;;3;1;2;;;1;1
1;4;9;28;0;;1;1;N-320;326;6;18;2;;;1;1;1;;;1;1
2;5;14;28;0;;1;1;M-103;24,984;6;4;2;;;1;1;1;;;1;1
6;1;19;28;0;;1;1;N-320;323,558;6;2;1;1;M-120;1;1;1;;;1;1
6;5;22;28;0;;1;1;N-320;326;6;16;2;;;1;1;1;;;1;1
8;4;11;28;0;;1;1;M-103;22,802;5;16;2;;;1;1;1;;;1;1
7;7;21;28;0;;3;2;No inventariada;;9;1;1;2;;1;1;1;;;1;998
11;6;23;28;0;;1;1;N-320;322;6;18;2;;;3;6;2;;;1;2
7;1;4;28;0;;1;1;M-204;9,201;6;18;2;;;1;6;1;;;1;1
10;6;15;28;0;;1;1;M-204;5,219;6;18;2;;;3;1;2;;;1;2
11;7;20;28;0;;1;1;M-204;5;6;8;2;;;1;6;1;;;1;1
11;3;11;28;0;;1;1;M-204;5,4;6;1;2;;;3;1;3;;;1;2
10;4;11;28;0;;1;1;M-320;0,6;6;4;2;;;1;1;1;;;1;1
12;3;14;28;0;;1;1;M-404;49,482;6;2;2;;;1;1;1;;;1;1
1;1;16;28;28148;;3;2;No inventariada;;9;6;2;;;1;1;1;;;1;998
1;7;10;28;28148;;3;2;No inventariada;;9;7;1;1;;1;1;1;;;1;998
1;1;16;28;28148;;1;1;A-2;20,924;3;5;1;2;;1;1;1;;;1;1
1;1;18;28;28148;;1;1;A-2;24;3;4;2;;;1;4;1;;;1;1
1;4;14;28;28148;;1;1;A-2;19,597;3;4;2;;;1;1;1;;;1;1
1;6;16;28;28148;;1;1;M-206;9,8;5;4;1;4;;1;1;1;;;1;2
1;3;9;28;28148;;3;2;No inventariada;;9;4;2;;;3;1;3;;;1;998
1;4;15;28;28148;;3;2;No inventariada;;9;4;2;;;1;1;1;;;1;998
1;1;6;28;28148;;1;1;A-2;23,496;3;4;2;;;1;4;1;;;1;1
1;1;19;28;28148;;3;2;No inventariada;;9;2;2;;;1;4;1;;;1;998
1;2;8;28;28148;;3;2;No inventariada;;9;7;2;;;1;1;1;;;1;998
2;5;16;28;28148;;1;1;A-2;21,5;3;3;2;;;1;1;1;;;1;1
2;2;18;28;28148;;3;2;No inventariada;;9;2;1;4;;1;1;1;;;1;998
2;2;21;28;28148;;3;2;No inventariada;;9;2;1;1;;1;4;1;;;1;998
2;5;23;28;28148;;3;2;No inventariada;;9;2;1;6;;3;4;3;;;18;998
2;1;21;28;28148;;3;2;No inventariada;;9;2;1;4;;1;4;1;;;18;998
2;2;20;28;28148;;1;1;M-300;31,782;5;4;2;;;1;6;1;;;1;1
2;5;19;28;28148;;3;2;No inventariada;;9;7;1;1;;1;4;1;;;1;998
2;2;17;28;28148;;3;2;No inventariada;;9;4;1;4;;1;1;1;;;1;998
2;3;17;28;28148;;3;2;No inventariada;;9;10;2;;;1;1;1;;;1;998
2;3;20;28;28148;;3;2;No inventariada;;9;7;2;;;1;4;1;;;1;998
2;4;14;28;28148;;3;2;No inventariada;;9;10;2;;;1;1;1;;;1;998
2;6;21;28;28148;;3;2;No inventariada;;9;2;1;4;;1;4;1;;;1;998
2;1;8;28;28148;;1;1;A-2;24,03;3;4;2;;;1;1;1;;;1;1
2;1;16;28;28148;;3;2;No inventariada;;9;6;1;1;;1;1;2;;;1;998
2;4;15;28;28148;;3;2;No inventariada;;9;10;1;4;;1;1;2;;;1;998
2;4;23;28;28148;;3;2;No inventariada;;9;7;1;2;;1;4;1;;;1;998
2;4;21;28;28148;;3;2;No inventariada;;9;2;1;1;;1;4;2;;;1;998
2;1;14;28;28148;;1;1;M-206;10;5;3;2;;;1;1;1;;;1;4
3;3;19;28;28148;;3;2;No inventariada;;9;4;1;2;;1;4;1;;;1;998
3;7;20;28;28148;;3;2;No inventariada;;9;10;2;;;1;4;2;;;1;998
3;1;16;28;28148;;3;2;No inventariada;;9;7;1;2;;1;1;1;;;1;998
3;1;15;28;28148;;3;2;No inventariada;;9;2;2;;;1;1;1;;;1;998
3;2;18;28;28148;;1;1;A-2;19,3;3;5;2;;;1;1;1;;;1;1
3;4;21;28;28148;;3;2;No inventariada;;9;10;1;4;;1;1;1;;;1;998
3;6;12;28;28148;;3;2;No inventariada;;9;7;1;2;;1;1;1;;;1;998
3;1;6;28;28148;;3;2;No inventariada;;9;10;2;;;8;3;1;;;1;998
3;1;12;28;28148;;3;2;No inventariada;;9;4;1;4;;1;1;1;;;1;998
3;1;15;28;28148;;3;2;No inventariada;;9;2;2;;;1;1;1;;;1;998
3;2;7;28;28130;;1;1;A-2;18;3;5;1;11;M-50;1;6;1;;;1;1
3;3;19;28;28148;;3;2;No inventariada;;9;4;1;2;;1;1;2;;;1;998
3;3;19;28;28148;;3;2;No inventariada;;9;10;1;4;;7;1;2;;;1;998
3;3;21;28;28148;;3;2;No inventariada;;9;10;2;;;3;4;3;;;1;998
3;5;20;28;28148;;3;2;No inventariada;;9;7;2;;;1;4;1;;;1;998
3;6;18;28;28148;;3;2;No inventariada;;9;20;1;2;;1;1;1;;;1;998
3;6;20;28;28148;;1;1;A-2;21,634;7;5;2;;;1;4;1;;;1;1
3;3;20;28;28148;;3;2;No inventariada;;9;2;1;4;;3;4;3;;;1;998
3;5;0;28;28148;;3;2;No inventariada;;9;7;2;;;3;4;2;;1;1;998
4;1;20;28;28148;;3;2;No inventariada;;9;10;2;;;1;4;1;;;1;998
4;4;15;28;28148;;3;2;No inventariada;;9;3;1;4;;1;1;1;;;1;998
4;4;17;28;28148;;3;2;No inventariada;;9;2;1;4;;1;1;1;;;1;998
4;5;14;28;28148;;3;2;No inventariada;;9;20;2;;;1;1;1;;;9;998
4;1;9;28;28148;;1;1;A-2;19,8;3;4;2;;;1;1;1;;;1;1
4;3;19;28;28148;;3;2;No inventariada;;9;4;1;4;;1;1;1;;;1;998
4;4;16;28;28148;;3;2;No inventariada;;9;10;2;;;1;1;1;;;1;998
4;7;6;28;28148;;3;2;No inventariada;;9;7;1;4;;1;4;1;;;1;998
4;5;22;28;28148;;3;2;No inventariada;;9;4;1;4;;1;4;7;;;1;998
4;1;19;28;28148;;3;2;No inventariada;;9;7;2;;;1;1;1;;;1;998
4;5;14;28;28148;;3;2;No inventariada;;9;10;1;4;;1;1;1;;;1;998
4;3;15;28;28148;;3;2;No inventariada;;9;4;2;;;1;1;1;;;1;998
4;3;20;28;28148;;3;2;No inventariada;;9;10;1;2;;1;4;1;;;1;998
4;4;22;28;28148;;3;2;No inventariada;;9;3;2;;;1;4;1;;;1;998
4;1;9;28;28148;;3;2;No inventariada;;9;7;2;;;1;1;1;;;6;998
4;2;8;28;28148;;3;2;No inventariada;;9;7;2;;;1;1;1;;;6;998
4;3;7;28;28148;;3;2;No inventariada;;9;7;2;;;1;1;1;;;1;998
4;4;7;28;28148;;3;2;No inventariada;;9;10;1;4;;7;3;1;;;1;998
4;4;12;28;28148;;3;2;No inventariada;;9;1;2;;;1;1;1;;;1;998
4;4;18;28;28148;;3;2;No inventariada;;9;2;1;2;;1;1;1;;;1;998
4;4;20;28;28148;;3;2;No inventariada;;9;10;2;;;1;1;1;;;1;998
4;6;16;28;28148;;3;2;No inventariada;;9;4;1;4;;1;1;2;;;1;998
4;7;15;28;28148;;3;2;No inventariada;;9;2;1;1;;1;1;1;;;1;998
4;7;15;28;28148;;3;2;No inventariada;;9;2;1;2;;1;1;1;;;1;998
4;2;6;28;28148;;1;1;A-2;21,671;3;3;2;;;1;4;1;;;1;1
5;3;19;28;28148;;3;2;No inventariada;;9;6;1;4;;3;1;3;;;1;998
5;4;22;28;28148;;3;2;No inventariada;;9;10;1;4;;1;4;1;;;1;998
5;4;10;28;28148;;3;2;No inventariada;;9;7;2;;;1;1;1;;;6;998
5;5;17;28;28148;;3;2;No inventariada;;9;4;2;;;1;1;2;;;1;998
5;2;13;28;28148;;3;2;No inventariada;;9;10;1;2;;2;1;1;;;1;998
5;2;20;28;28148;;3;2;No inventariada;;9;4;1;4;;1;1;1;;;1;998
5;5;16;28;28148;;3;2;No inventariada;;9;4;2;;;1;1;1;;;1;998
5;6;13;28;28148;;3;2;No inventariada;;9;10;2;;;1;1;1;;;1;998
5;4;13;28;28148;;3;2;No inventariada;;9;4;1;2;;1;1;1;;;1;998
6;6;21;28;28148;;3;2;No inventariada;;9;10;2;;;1;1;1;;;1;998
6;4;15;28;28148;;3;2;No inventariada;;9;2;1;4;;1;1;1;;;1;998
6;5;14;28;28148;;3;2;No inventariada;;9;2;2;;;1;1;1;;;1;998
6;5;20;28;28148;;3;2;No inventariada;;9;10;1;4;;8;1;3;;;1;998
6;7;10;28;28148;;3;2;No inventariada;;9;7;2;;;1;1;1;;;14;998
6;6;21;28;28148;;3;2;No inventariada;;9;6;1;4;;3;1;2;;;1;998
6;1;15;28;28148;;1;1;M-206;9,3;5;5;2;;;3;1;3;;;1;1
6;4;18;28;28148;;3;2;No inventariada;;9;2;2;;;1;1;1;;;1;998
6;7;14;28;28148;;3;2;No inventariada;;9;2;1;4;;1;1;1;;;1;998
6;1;16;28;28148;;1;1;A-2;21,478;3;5;2;;;1;1;1;;;1;1
6;4;15;28;28148;;1;1;A-2;23,6;3;5;2;;;3;1;3;;;18;1
6;4;23;28;28148;;3;2;No inventariada;;9;10;2;;;8;4;1;;;10;998
6;5;19;28;28148;;3;2;No inventariada;;9;7;2;;;1;1;1;;;1;998
6;6;23;28;28148;;3;2;No inventariada;;9;4;2;;;1;4;1;;;1;998
7;2;21;28;28148;;3;2;No inventariada;;9;2;2;;;1;1;1;;;1;998
7;3;21;28;28148;;3;2;No inventariada;;9;7;1;1;;1;1;1;;;1;998
7;5;17;28;28148;;1;1;A-2;22,4;3;5;2;;;1;1;1;;;1;1
7;3;14;28;28148;;3;2;No inventariada;;9;4;1;4;;1;1;1;;;1;998
7;6;15;28;28148;;3;2;No inventariada;;9;6;2;;;1;1;1;;;1;998
7;1;14;28;28148;;3;2;No inventariada;;9;2;1;4;;1;1;1;;;1;998
7;4;13;28;28148;;3;2;No inventariada;;9;2;2;;;1;1;1;;;1;998
7;7;13;28;28148;;3;2;No inventariada;;9;4;1;4;;1;1;1;;;1;998
7;1;14;28;28148;;3;2;No inventariada;;9;2;1;4;;1;1;1;;;1;998
7;1;20;28;28148;;3;2;No inventariada;;9;4;1;4;;1;1;1;;;1;998
7;1;20;28;28148;;3;2;No inventariada;;9;2;1;4;;1;1;1;;;1;998
7;3;8;28;28148;;3;2;No inventariada;;9;7;2;;;1;1;1;;;6;998
7;3;21;28;28148;;3;2;No inventariada;;9;6;2;;;1;4;1;;;1;998
7;5;22;28;28148;;3;2;No inventariada;;9;2;1;4;;1;4;1;;;1;998
7;7;18;28;28148;;3;2;No inventariada;;9;2;1;4;;9;4;7;;;18;998
7;1;14;28;28148;;3;2;No inventariada;;9;4;1;4;;1;1;2;;;1;998
8;5;16;28;28148;;3;2;No inventariada;;9;10;1;4;;8;1;1;;;1;998
8;5;21;28;28148;;3;2;No inventariada;;9;2;1;4;;1;4;1;;;1;998
8;7;13;28;28148;;1;1;A-2;20,54;3;2;2;;;1;1;1;;;1;1
8;7;14;28;28148;;3;2;No inventariada;;9;10;1;4;;8;1;1;;;1;998
8;6;19;28;28148;;3;2;No inventariada;;9;2;1;1;;1;1;1;;;1;998
8;1;15;28;28148;;3;2;No inventariada;;9;10;1;1;;1;1;1;;;1;998
8;2;12;28;28148;;3;2;No inventariada;;9;7;2;;;1;1;1;;;1;998
8;2;18;28;28148;;3;2;No inventariada;;9;4;2;;;1;1;1;;;1;998
8;5;21;28;28148;;3;2;No inventariada;;9;12;2;;;1;1;1;;;1;998
8;7;20;28;28148;;3;2;No inventariada;;9;6;2;;;1;1;1;;;1;998
8;1;0;28;28148;;3;2;No inventariada;;9;2;1;4;;1;4;1;;;1;998
8;7;15;28;28148;;3;2;No inventariada;;9;2;1;1;;1;1;1;;;1;998
8;2;11;28;28148;;3;2;No inventariada;;9;5;2;;;1;1;1;;;1;998
8;5;14;28;28148;;1;1;M-108;2,04;5;16;1;4;;1;1;1;;;1;2
8;7;15;28;28148;;3;2;No inventariada;;9;2;1;4;;1;1;1;;;1;998
8;7;19;28;28148;;3;2;No inventariada;;9;10;2;;;1;1;1;;;1;998
8;3;22;28;28148;;3;2;No inventariada;;9;2;1;4;;1;4;1;;;1;998
8;4;22;28;28148;;3;2;No inventariada;;9;2;1;4;;1;4;1;;;1;998
8;5;18;28;28148;;3;2;No inventariada;;9;10;1;2;;3;1;2;;;18;998
9;1;18;28;28079;;1;1;A-2;10,9;3;4;2;;;1;1;2;;;1;1
9;1;18;28;28148;;3;2;No inventariada;;9;6;1;2;;1;1;1;;;1;998
9;6;11;28;28148;;1;1;A-2;22,76;3;4;2;;;9;1;1;;;1;1
9;1;0;28;28148;;1;1;A-2;24,445;3;16;2;;;1;4;1;;;1;1
9;7;17;28;28148;;3;2;No inventariada;;9;7;2;;;1;2;1;;;6;998
9;7;23;28;28148;;3;2;No inventariada;;9;16;1;4;;1;4;1;;;17;998
9;1;20;28;28148;;3;2;No inventariada;;9;4;1;1;;1;4;1;;;1;998
9;3;18;28;28148;;3;2;No inventariada;;9;10;1;4;;1;1;1;;;1;998
9;4;17;28;28148;;3;2;No inventariada;;9;10;1;4;;3;1;3;;;1;998
9;6;14;28;28148;;3;2;No inventariada;;9;2;1;1;;1;1;1;;;1;998
9;1;19;28;28148;;3;2;No inventariada;;9;4;2;;;1;1;1;;;1;998
9;5;17;28;28148;;3;2;No inventariada;;9;2;1;4;;1;1;1;;;1;998
9;6;1;28;28148;;3;2;No inventariada;;9;2;1;4;;1;4;1;;;1;998
9;5;13;28;28148;;3;2;No inventariada;;9;10;2;;;1;1;1;;;1;998
9;1;17;28;28148;;3;2;No inventariada;;9;7;2;;;1;1;1;;;6;998
9;1;11;28;28148;;3;2;No inventariada;;9;4;1;1;;1;1;1;;;1;998
10;3;21;28;28005;;1;1;M-300;30,7;5;4;2;;;3;6;2;;;18;1
10;4;15;28;28130;;1;1;A-2;18,676;3;4;2;;;1;1;1;;;18;1
10;5;20;28;28148;;3;2;No inventariada;;9;4;2;;;1;4;1;;;1;998
10;3;18;28;28148;;3;2;No inventariada;;9;4;2;;;3;1;3;;;1;998
10;4;15;28;28148;;3;2;No inventariada;;9;2;1;4;;1;1;1;;;1;998
9;1;19;28;28148;;3;2;No inventariada;;9;2;1;4;;1;1;1;;;1;998
10;1;14;28;28148;;3;2;No inventariada;;9;7;2;;;1;1;2;;;1;998
10;4;15;28;28148;;3;2;No inventariada;;9;4;2;;;1;1;1;;;1;998
10;3;21;28;28148;;3;2;No inventariada;;9;2;1;2;;3;4;1;;;17;998
10;4;22;28;28148;;3;2;No inventariada;;9;10;1;4;;1;4;1;;;1;998
10;6;11;28;28148;;3;2;No inventariada;;9;3;2;;;1;1;1;;;1;998
10;6;14;28;28148;;3;2;No inventariada;;9;4;2;;;1;1;1;;;1;998
10;6;17;28;28148;;3;2;No inventariada;;9;6;2;;;1;1;1;;;1;998
10;1;14;28;28148;;3;2;No inventariada;;9;7;2;;;1;1;1;;;1;998
10;1;22;28;28148;;1;1;M-300;31,978;8;1;2;;;1;6;1;;;1;3
10;2;20;28;28148;;1;1;M-300;32,3;5;4;2;;;3;5;3;;;18;1
10;3;10;28;28005;;1;1;M-118;1,8;6;19;2;;;1;1;1;;;1;1
10;2;21;28;28148;;3;2;No inventariada;;9;2;1;4;;3;4;3;;;5;998
10;4;18;28;28148;;3;2;No inventariada;;9;10;1;4;;2;1;1;;;1;998
11;5;1;28;28148;;3;2;No inventariada;;9;7;2;;;3;4;4;;;5;998
11;6;13;28;28075;;1;1;M-206;2,971;5;5;2;;;1;1;2;;;1;1
11;1;7;28;28148;;3;2;No inventariada;;9;2;1;4;;1;3;1;;;1;998
11;2;6;28;28130;;1;1;A-2;18,88;3;12;2;;;1;4;1;;;1;1
11;3;16;28;28148;;3;2;No inventariada;;9;2;1;4;;1;1;1;;;1;998
11;3;21;28;28148;;3;2;No inventariada;;9;4;2;;;1;1;1;;;1;998
11;6;17;28;28148;;3;2;No inventariada;;9;7;2;;;1;1;1;;;6;998
11;6;21;28;28148;;3;2;No inventariada;;9;2;1;2;;1;4;1;;;1;998
11;3;13;28;28148;;3;2;No inventariada;;9;7;1;4;;3;1;4;;;5;998
11;5;18;28;28148;;3;2;No inventariada;;9;2;2;;;1;4;1;;;1;998
11;6;4;28;28148;;3;2;No inventariada;;9;2;1;4;;1;4;1;;;1;998
11;1;12;28;28148;;3;2;No inventariada;;9;6;2;;;1;1;1;;;1;998
11;2;11;28;28148;;3;2;No inventariada;;9;7;2;;;1;1;2;;;1;998
11;2;17;28;28148;;3;2;No inventariada;;9;10;2;;;2;1;1;;;18;998
11;3;0;28;28148;;3;2;No inventariada;;9;6;2;;;1;4;1;;;1;998
11;3;17;28;28148;;3;2;No inventariada;;9;4;2;;;1;1;1;;;1;998
11;5;14;28;28148;;3;2;No inventariada;;9;4;2;;;1;1;1;;;1;998
11;5;13;28;28148;;1;1;A-2;20,848;3;4;2;;;1;1;1;;;1;1
11;3;16;28;28148;;3;2;No inventariada;;9;4;1;4;;1;1;1;;;6;998
11;2;17;28;28148;;3;2;No inventariada;;9;2;1;4;;9;3;7;;;18;998
11;2;19;28;28148;;3;2;No inventariada;;9;7;2;;;1;3;1;;;1;998
11;5;15;28;28148;;3;2;No inventariada;;9;4;2;;;9;1;1;;;18;998
11;5;21;28;28148;;3;2;No inventariada;;9;2;1;4;;1;4;1;;;1;998
12;1;15;28;28148;;3;2;No inventariada;;9;4;2;;;3;1;2;;;1;998
11;6;11;28;28148;;3;2;No inventariada;;9;7;2;;;1;1;1;;;1;998
12;4;9;28;28148;;3;2;No inventariada;;9;2;1;4;;1;1;1;;;1;998
12;5;18;28;28148;;3;2;No inventariada;;9;7;2;;;1;4;1;;;1;998
12;6;21;28;28148;;3;2;No inventariada;;9;2;1;4;;1;4;1;;;1;998
12;2;12;28;28148;;3;2;No inventariada;;9;10;2;;;1;1;1;;;1;998
12;2;16;28;28148;;3;2;No inventariada;;9;9;2;;;1;1;1;;;1;998
12;6;11;28;28148;;3;2;No inventariada;;9;3;1;4;;1;1;1;;;1;998
12;1;15;28;28148;;3;2;No inventariada;;9;2;2;;;1;1;1;;;1;998
12;2;23;28;28148;;3;2;No inventariada;;9;6;2;;;1;4;1;;;1;998
12;5;7;28;28148;;1;1;M-108;1,304;6;3;1;4;;1;4;1;;;1;2
12;5;19;28;28148;;3;2;No inventariada;;9;7;2;;;1;4;1;;;1;998
12;2;17;28;28148;;3;2;No inventariada;;9;7;2;;;1;1;1;;;1;998
12;3;23;28;28148;;3;2;No inventariada;;9;6;2;;;3;4;1;;;1;998
12;3;21;28;28148;;3;2;No inventariada;;9;10;2;;;1;4;1;;;1;998
12;5;18;28;28148;;3;2;No inventariada;;9;6;2;;;1;4;1;;;1;998
12;5;15;28;28148;;3;2;No inventariada;;9;7;2;;;1;1;1;;;9;998
12;1;11;28;28148;;3;2;No inventariada;;9;10;2;;;5;1;1;;;17;998
12;1;23;28;28148;;3;2;No inventariada;;9;10;1;4;;1;4;1;;;1;998
1;5;19;28;28149;;3;2;No inventariada;;9;7;1;4;;1;3;1;;;1;998
2;5;14;28;28149;;1;1;A-42;24,9;3;5;2;;;1;1;1;;;1;1
3;7;7;28;28149;;1;1;A-42;28;3;16;2;;;1;4;1;;;1;2
3;5;18;28;28149;;1;1;A-42;26,2;3;4;2;;;1;1;1;;;1;1
4;1;12;28;28149;;1;1;A-42;25,5;3;5;2;;;3;1;3;;;1;1
3;2;13;28;28149;;3;2;No inventariada;;9;7;2;;;1;1;1;;;18;998
4;5;22;28;28149;;3;2;No inventariada;;9;6;1;4;;1;4;1;;;1;998
9;1;2;28;0;;1;1;R-4;9,4;1;4;2;;;1;6;1;;;1;1
9;5;11;28;28149;;1;1;A-42;27,6;3;3;2;;;3;1;3;;;1;1
9;5;21;28;28149;;1;1;A-42;27;3;4;2;;;1;1;1;;;1;1
5;2;8;28;28149;;3;2;No inventariada;;9;2;1;1;;1;1;1;;;1;998
7;2;10;28;28149;;3;2;No inventariada;;9;2;1;2;;1;1;1;;;1;998
7;3;10;28;28149;;3;2;No inventariada;;9;6;2;;;1;1;1;;;1;998
9;5;10;28;28149;;3;2;No inventariada;;9;7;2;;;1;1;1;;;1;998
10;5;13;28;28149;;1;1;M-404;23,616;6;4;2;;;3;1;1;;;1;1
10;5;13;28;28149;;1;1;A-42;27,8;3;4;2;;;1;1;2;;;1;1
11;3;17;28;28149;;1;1;A-42;27,561;3;5;2;;;1;2;1;;;1;1
12;3;13;28;28149;;1;1;A-42;27;3;4;2;;;1;1;1;;;1;1
1;5;10;28;0;;1;1;M-404;29,309;6;12;2;;;3;1;4;;;1;1
1;3;12;28;28149;;1;1;A-42;26,159;3;3;2;;;1;1;1;;;1;1
2;5;10;28;0;;1;1;M-404;32,3;6;18;2;;;1;1;1;;;1;2
3;5;16;28;0;;1;1;R-4;9,118;1;16;2;;;1;1;1;;;1;3
4;4;20;28;0;;1;1;M-404;30,9;6;19;2;;;1;2;1;;;18;2
4;4;8;28;0;;1;1;R-4;8,2;1;18;2;;;1;1;1;;;1;1
5;6;15;28;0;;1;1;M-404;25,5;6;3;1;2;;1;1;1;;;1;1
7;5;11;28;0;;1;1;M-404;28,337;6;4;2;;;1;1;1;;;1;1
8;3;7;28;0;;1;1;M-404;32,427;6;10;1;4;M-423;3;1;1;;;1;2
9;2;11;28;28149;;1;1;M-410;9;6;19;2;;;1;1;1;;;1;1
9;2;17;28;0;;1;1;M-404;29,5;6;4;1;1;;1;1;1;;;1;1
10;2;6;28;0;;1;1;M-404;25,709;6;2;1;2;;1;4;1;;;1;1
11;1;20;28;0;;1;1;M-404;32,392;6;4;1;7;M-423;1;6;1;;;1;1
2;7;12;28;0;;1;1;M-131;4,9;6;19;2;;;1;1;1;;;1;2
4;7;11;28;0;;1;1;M-133;6,354;6;4;2;;;1;1;1;;;1;1
8;6;13;28;0;;1;1;M-131;0,5;6;10;2;;;1;1;1;;;1;1
9;7;13;28;0;;1;1;A-1;52;3;15;2;;;1;1;2;1;;1;2
9;1;17;28;0;;1;1;N-320;332,434;6;2;1;2;M-131;1;1;1;;;1;1
9;7;10;28;0;;1;1;M-124;3,89;6;12;2;;;1;1;1;;;1;2
9;5;23;28;0;;1;1;N-320;339,095;6;4;2;;;1;6;1;;;1;1
1;5;12;28;28127;;1;1;A-6;26,319;2;6;2;;;3;1;3;;;18;1
1;6;15;28;28061;;1;1;A-6;33,471;2;16;2;;;1;1;2;;;1;2
1;5;16;28;28061;;1;1;M-519;3,313;6;4;1;2;M-852;1;1;3;;;1;1
1;3;21;28;28152;;3;2;No inventariada;;9;7;2;;;1;4;1;;;1;998
2;5;9;28;28152;;1;1;A-6;32,628;2;16;2;;;1;1;1;;;1;3
3;3;14;28;28152;;3;2;No inventariada;;9;2;1;1;;1;1;1;;;1;998
4;3;7;28;28152;;3;2;No inventariada;;9;2;1;2;;1;1;2;;;1;998
4;4;14;28;28152;;3;2;No inventariada;;9;2;1;1;;1;1;1;;;1;998
4;1;11;28;28152;;3;2;No inventariada;;9;7;1;2;;1;1;1;;;1;998
5;7;6;28;28152;;1;1;A-6 VIA SE;30,093;14;16;2;;;1;4;1;;;1;1
9;4;6;28;28152;;1;1;A-6;31,9;2;7;2;;;1;5;1;;;1;1
10;2;15;28;28152;;1;1;A-6;29,6;7;4;2;;;1;1;1;;;18;1
7;3;14;28;28152;;3;2;No inventariada;;9;2;1;2;;1;1;1;;;1;998
10;4;0;28;28152;;1;1;A-6;29,1;2;12;2;;;3;4;3;;;1;2
8;6;1;28;28152;;3;2;No inventariada;;9;16;2;;;1;4;1;;;1;998
10;7;20;28;28152;;1;1;A-6;28,068;2;5;2;;;1;4;1;;;1;1
10;1;11;28;28152;;1;1;A-6;29;2;2;1;7;M-519;1;1;1;;;1;4
7;7;22;28;28152;;3;2;No inventariada;;9;12;2;;;1;4;1;;;1;998
9;5;16;28;28152;;3;2;No inventariada;;9;6;1;4;;1;1;1;;;1;998
10;2;7;28;28152;;3;2;No inventariada;;9;7;1;4;;1;2;1;;;17;998
11;7;20;28;28152;;1;1;A-6;28,412;2;4;1;4;;1;4;7;;;18;1
12;3;14;28;28152;;1;1;A-6;30,3;7;2;1;4;M-519;1;1;2;;;18;1
12;4;11;28;28152;;1;1;A-6;32,633;2;4;2;;;1;1;1;;;1;2
5;3;21;28;0;;3;2;No inventariada;;14;15;2;;;1;6;1;;;1;998
1;4;15;28;28154;;1;1;M-203;19,5;6;14;2;;;1;1;1;;;1;1
4;7;21;28;28154;;1;1;M-224;22,8;6;2;1;5;;1;6;1;;;1;4
5;1;17;28;28033;;1;1;M-220;12,7;6;16;2;;;1;1;1;;;1;2
6;3;7;28;28154;;1;1;M-225;8;6;15;2;;;1;1;1;;;1;1
7;7;6;28;28154;;1;1;M-220;18,8;6;12;2;;;1;3;1;;;1;3
7;7;9;28;28154;;1;1;M-224;24,2;6;2;1;2;M-300;1;1;1;;;4;3
8;5;12;28;28154;;1;1;M-220;18,224;6;7;2;;;3;1;3;;;18;1
11;5;7;28;28154;;1;1;M-224;23,22;6;1;2;;;1;1;2;;;1;3
11;3;7;28;28154;;1;1;M-224;22,9;6;4;2;;;1;2;1;;;1;1
8;6;1;28;0;;1;1;M-221;24,9;6;18;2;;;1;6;1;;;1;1
10;6;12;28;0;;1;1;M-222;3,166;6;3;2;;;1;1;1;;;1;2
3;7;13;28;0;;1;1;M-317;3,6;6;2;2;;;1;1;1;;;1;1
5;6;4;28;0;;1;1;M-610;4,901;6;15;2;;;1;6;1;;;4;2
7;1;13;28;0;;1;1;M-505;46,75;6;1;2;;;3;1;3;;;1;2
8;6;20;28;0;;1;1;M-505;46,5;6;1;2;;;3;2;3;;;18;2
9;4;13;28;0;;1;1;M-505;46,322;6;16;2;;;1;1;2;;;1;2
11;4;8;28;0;;1;1;M-505;45,2;6;18;2;;;3;1;3;;;1;2
1;7;12;28;0;;1;1;M-521;13,578;6;16;2;;;1;1;1;;;1;2
3;2;12;28;28160;;1;1;M-959;0,3;6;4;2;;;1;1;1;;;1;1
4;2;19;28;28160;;1;1;M-959;2,65;6;16;2;;;1;1;2;;;1;3
4;7;20;28;28160;;1;1;M-600;16,161;6;4;2;;;1;1;1;;;1;1
6;6;5;28;28160;;1;1;M-600;23,866;6;4;2;;;1;6;1;;;1;1
6;5;23;28;28160;;1;1;M-959;1,3;6;12;2;;;1;6;1;;;1;3
6;4;16;28;28160;;1;1;M-510;22,48;6;17;2;;;1;1;1;;;1;1
7;1;7;28;28160;;1;1;M-600;18,5;6;1;2;;;1;1;1;;;1;1
7;3;9;28;28160;;1;1;M-600;16,4;6;19;2;;;1;1;1;;;1;1