MES;DIA_SEMANA;HORA;COD_PROVINCIA;COD_MUNICIPIO;ISLA;ZONA;ZONA_AGRUPADA;CARRETERA;KM;TIPO_VIA;TIPO_ACCIDENTE;NUDO;NUDO_INFO;CARRETERA_CRUCE;CONDICION_FIRME;CONDICION_ILUMINACION;CONDICION_METEO;CONDICION_NIEBLA;CONDICION_VIENTO;VISIB_RESTRINGIDA_POR;TRAZADO_PLANTA
9;3;14;28;28160;;3;2;No inventariada;;9;1;1;2;;1;1;1;;;1;998
10;4;18;28;28160;;1;1;M-600;23,913;6;4;2;;;1;1;1;;;1;1
10;5;19;28;28160;;3;2;No inventariada;;9;7;2;;;1;3;2;;;1;998
12;7;0;28;28160;;1;1;M-959;3,3;6;7;2;;;1;6;1;;;1;1
12;2;16;28;28160;;1;1;M-600;23,931;6;16;1;2;;1;1;1;;;1;1
1;5;22;28;28161;;1;1;A-4;25,335;3;4;2;;;1;4;1;;;1;1
1;4;14;28;28161;;1;1;A-4;28,5;3;4;2;;;1;1;1;;;1;1
1;5;6;28;28161;;1;1;A-4;25,527;3;3;1;10;;1;4;1;;;1;1
1;2;15;28;28161;;3;2;No inventariada;;9;7;2;;;1;1;1;;;1;998
3;7;2;28;28161;;1;1;A-4;25,131;3;4;2;;;3;4;3;;;1;1
1;7;15;28;28161;;3;2;No inventariada;;9;5;2;;;1;1;1;;;1;998
2;2;9;28;28161;;3;2;No inventariada;;9;7;2;;;1;1;1;;;1;998
2;4;20;28;28161;;3;2;No inventariada;;9;7;1;2;;3;4;3;;;5;998
2;1;9;28;28161;;3;2;No inventariada;;9;7;2;;;1;1;1;;;6;998
2;1;19;28;28161;;3;2;No inventariada;;9;7;2;;;1;4;7;;;1;998
2;2;7;28;28161;;3;2;No inventariada;;9;2;2;;;1;1;1;;;1;998
2;7;20;28;28161;;3;2;No inventariada;;9;7;1;1;;3;4;3;;;1;998
2;1;9;28;28161;;3;2;No inventariada;;9;2;1;4;;1;1;2;;;1;998
3;6;6;28;28161;;3;2;No inventariada;;9;1;2;;;1;4;1;;;1;998
3;3;8;28;28161;;3;2;No inventariada;;9;7;2;;;1;1;1;;;1;998
3;7;20;28;28161;;3;2;No inventariada;;9;7;2;;;3;4;4;;;5;998
3;1;13;28;28161;;1;1;A-4;24,555;3;4;2;;;1;1;1;;;18;1
3;7;6;28;28161;;3;2;No inventariada;;9;4;1;4;;1;4;1;;;1;998
3;5;2;28;28161;;1;1;A-4;26,7;3;19;2;;;3;4;4;;;5;2
4;4;20;28;28161;;1;1;A-4;29,488;3;6;2;;;1;4;1;;;1;1
3;2;20;28;28161;;3;2;No inventariada;;9;2;2;;;1;4;1;;;17;998
4;2;14;28;28161;;1;1;M-506;34,313;5;4;2;;;1;1;1;;;1;1
4;6;6;28;28161;;1;1;A-4;30;3;15;2;;;1;3;1;;;1;1
4;7;2;28;28161;;1;1;A-4;25,4;3;3;2;;;1;5;1;;;1;1
4;2;10;28;28161;;1;1;M-404;37,1;6;5;2;;;1;1;1;;;1;1
4;3;17;28;28161;;1;1;A-4;28,633;3;4;2;;;1;1;1;;;1;1
5;5;1;28;28161;;1;1;A-4;29,43;3;14;2;;;1;4;1;;;1;1
5;3;13;28;28161;;1;1;A-4;24,2;3;2;1;1;;1;1;1;;;1;1
5;5;14;28;28161;;1;1;A-4;24,21;3;4;2;;;1;1;1;;;1;1
5;1;17;28;28161;;1;1;A-4;27,4;3;18;2;;;1;1;1;;;1;1
5;2;0;28;28161;;1;1;A-4;27,7;3;4;2;;;1;4;1;;;1;1
6;2;17;28;28161;;1;1;M-404;36,8;6;2;1;4;;1;1;1;;;1;2
6;3;14;28;28161;;1;1;A-4;25,646;3;4;1;10;;3;1;1;;;1;2
6;5;15;28;28161;;1;1;A-4;24,267;3;4;2;;;1;1;1;;;1;1
6;1;7;28;28161;;1;1;A-4;26,898;3;18;2;;;1;1;1;;;1;2
6;3;10;28;28161;;1;1;R-4;15,9;1;12;2;;;1;1;1;;;1;3
7;1;6;28;28161;;1;1;A-4;28,5;3;4;2;;;1;3;1;;;1;1
7;2;10;28;28161;;1;1;M-404;35,03;6;4;2;;;1;1;1;;;1;1
7;2;9;28;28161;;1;1;A-4;25,3;3;3;2;;;1;1;1;;;1;1
7;1;18;28;28161;;3;2;No inventariada;;9;2;1;4;;1;1;1;;;6;998
8;2;17;28;28161;;1;1;A-4;25;3;12;2;;;1;1;1;;;1;1
8;5;0;28;28161;;1;1;A-4;27,7;3;4;2;;;1;4;1;;;1;1
8;3;20;28;0;;1;1;M-423;5,5;6;3;1;7;M-404;1;1;1;;;1;2
8;2;15;28;28161;;1;1;A-4;24,356;3;2;2;;;1;1;1;;;1;1
8;6;19;28;28161;;1;1;M-404;38,4;6;19;2;;;3;1;3;;;5;1
9;2;8;28;28161;;1;1;A-4;25,794;3;3;2;;;1;3;1;;;1;1
9;3;14;28;28161;;1;1;M-404;36,6;6;4;2;;;1;1;1;;;1;1
9;4;16;28;28161;;1;1;A-4;24,405;3;3;2;;;1;1;1;;;1;1
9;6;14;28;28161;;1;1;A-4;24,7;3;4;2;;;1;1;1;;;1;1
10;3;16;28;28161;;1;1;A-4;27,018;3;10;2;;;1;1;2;;;1;1
10;3;7;45;45161;;1;1;A-4;36;3;16;2;;;3;4;4;;;1;2
10;3;12;28;28161;;1;1;A-4;27,54;3;3;2;;;3;1;3;;;1;2
11;6;13;28;28113;;1;1;A-4;21,138;3;4;2;;;1;1;1;;;1;1
11;7;19;28;28113;;1;1;A-4;23;3;5;2;;;1;4;1;;;1;1
11;3;7;28;28161;;1;1;M-423;4,047;5;15;2;;;1;4;1;;;1;1
11;3;12;28;28161;;1;1;A-4;28,958;3;3;2;;;1;1;1;;;1;1
11;1;18;28;28161;;1;1;M-404;36,8;6;4;2;;;1;6;1;;;1;1
11;4;6;28;28113;;1;1;M-423;0;5;6;1;4;M-506;1;4;1;;;1;2
11;4;10;28;28113;;1;1;A-4;23,6;3;3;2;;;1;1;1;;;1;1
11;6;7;28;28161;;1;1;A-4;25;3;5;2;;;1;4;1;;;1;1
12;1;6;28;28161;;1;1;A-4;26,739;3;5;2;;;1;4;2;;;1;1
12;6;12;28;28161;;1;1;M-404;37,4;6;12;1;4;;1;1;1;;;1;2
12;2;6;28;28161;;1;1;A-4;30,471;3;4;2;;;1;4;1;;;1;1
12;6;11;28;28161;;1;1;M-404;35,047;6;1;2;;;1;1;1;;;1;1
9;4;18;28;0;;1;1;M-123;8,56;6;14;2;;;3;1;4;;;1;2
12;6;9;28;0;;1;1;M-123;7,8;6;19;2;;;3;1;2;1;;1;2
1;6;14;28;28059;;1;1;M-103;15,526;6;3;2;;;1;1;1;;;1;1
2;1;19;28;28164;;1;1;M-103;20,108;6;7;1;4;;3;4;2;;;1;1
3;2;13;28;28164;;1;1;M-103;21,45;6;4;1;2;;1;1;2;;;1;1
5;5;14;28;28164;;1;1;M-103;18,615;6;19;2;;;1;1;1;;;1;1
9;7;11;28;28164;;1;1;M-103;21,441;6;10;2;;;1;1;1;;;1;1
9;7;6;28;28164;;3;2;No inventariada;;9;7;2;;;1;4;1;;;1;998
9;6;23;28;28164;;1;1;M-117;4,6;6;4;2;;;1;6;1;;;1;1
11;2;18;28;28164;;1;1;M-103;20,205;5;19;1;4;;1;1;1;;1;1;2
11;2;14;28;0;;1;1;M-120;3,5;6;19;2;;;1;1;1;;;1;1
4;1;15;28;0;;1;1;M-224;7;6;18;2;;;1;1;1;;;1;2
12;2;13;28;0;;1;1;M-221;6,2;6;14;2;;;1;1;1;;;1;1
6;2;20;28;28154;;1;1;M-225;8,5;6;2;2;;;1;1;1;;;1;2
2;5;7;28;28084;;1;1;M-208;7,426;6;10;1;4;M-208;3;4;3;;;1;2
2;1;6;28;28167;;1;1;M-208;6,296;5;3;1;4;M-208;1;6;1;;;1;2
7;4;15;28;28084;;1;1;M-208;7,447;6;4;1;4;;1;1;1;;;1;1
8;1;6;28;28167;;1;1;M-208;4,4;6;19;1;4;M-208;1;1;1;;;1;2
9;1;21;28;28167;;1;1;M-208;4,4;6;15;1;4;;1;4;1;;;1;1
1;3;17;28;0;;2;2;M-122;1,752;6;2;1;2;;1;1;1;;;1;3
2;7;2;28;0;;1;1;M-129;6,1;6;15;2;;;1;6;1;;;1;2
2;6;15;28;0;;1;1;M-129;6,5;6;13;2;;;1;1;1;;;1;2
3;5;13;28;28108;;1;1;A-1;47,032;3;4;2;;;1;1;1;;;1;1
6;3;19;28;0;;1;1;M-129;6,147;6;19;2;;;1;1;1;;;1;2
6;4;16;28;0;;1;1;N-320;327;6;2;2;;;3;1;3;;;1;3
7;6;11;28;0;;1;1;M-122;0,829;6;10;2;;;1;1;1;;;1;1
2;5;12;28;0;;1;1;A-1;57,052;3;18;2;;;1;1;1;;;1;1
5;4;11;28;0;;1;1;A-1;51,9;3;16;2;;;1;1;2;;;1;2
9;1;12;28;0;;1;1;A-1;50,25;3;4;2;;;1;1;1;;;1;1
5;6;21;28;0;;1;1;M-320;5,5;6;14;2;;;1;1;1;;;1;2
5;5;2;28;0;;1;1;M-320;5,643;6;15;2;;;1;6;1;;;1;1
9;4;14;28;0;;1;1;M-320;5,917;6;14;2;;;1;1;2;;;1;1
12;4;22;28;0;;1;1;M-320;9,846;6;1;1;1;M-305;1;3;1;;;1;1
1;2;12;28;28171;;1;1;M-507;34,249;6;12;2;;;3;1;2;;;1;2
3;1;10;28;28171;;1;1;M-507;24,215;6;14;2;;;1;1;1;;;4;1
6;5;15;28;28171;;1;1;M-507;28;6;4;2;;;1;1;1;;;1;1
7;6;2;28;28171;;1;1;M-507;26,441;6;19;2;;;1;6;1;;;1;1
7;7;18;28;28171;;1;1;M-952;2,864;6;19;2;;;1;1;1;;;1;2
8;7;16;28;28171;;1;1;M-507;29,591;5;10;2;;;1;1;1;;;1;2
12;6;12;28;28171;;1;1;M-507;25,925;6;4;1;2;M-507;1;1;1;;;1;1
2;3;14;28;28172;;1;1;M-300;21;5;2;2;;;1;1;2;;;1;1
3;6;13;28;28172;;1;1;M-204;39;6;4;2;;;3;1;3;;1;1;1
6;5;14;28;28172;;1;1;M-300;20,5;5;12;1;4;;1;1;1;;;1;1
8;3;13;28;28172;;1;1;M-300;22,729;6;2;1;4;M-300;1;1;1;;;1;2
10;6;17;28;28172;;1;1;M-233;4,597;6;2;1;1;;1;1;1;;;1;1
11;2;7;28;28172;;1;1;M-204;40,984;6;10;2;;;1;2;2;;;1;1
1;4;6;28;0;;1;1;M-321;9,3;6;14;2;;;1;6;1;;;1;2
2;4;12;28;0;;1;1;M-321;9,126;6;14;2;;;1;1;1;;;1;1
5;3;18;28;0;;1;1;M-530;6,449;6;19;2;;;1;1;1;;;1;2
6;7;13;28;0;;1;1;M-530;6,5;6;19;2;;;1;1;2;;;1;2
9;5;18;28;0;;1;1;M-507;7,344;6;16;2;;;1;1;1;;;1;2
9;1;16;28;0;;1;1;M-507;11;6;1;2;;;1;1;1;;;1;1
11;6;16;28;0;;1;1;M-507;6,604;6;4;2;;;1;1;1;;;1;1
12;5;11;28;0;;1;1;M-507;10,3;6;4;1;2;;1;1;2;;;1;1
12;1;15;28;0;;1;1;M-530;9,122;6;20;2;;;3;1;1;;;1;1
6;4;7;28;0;;1;1;M-530;1,258;6;8;2;;;1;1;1;;;1;1
1;3;11;28;28176;;1;1;M-521;1,687;6;2;2;;;3;4;2;1;;5;2
1;3;12;28;28080;;1;1;M-503;18,123;3;12;2;;;3;1;3;;;1;2
1;2;7;28;28176;;1;1;M-521;1,831;6;18;2;;;3;2;2;;;1;2
3;2;11;28;28176;;3;2;No inventariada;;9;6;2;;;1;1;1;;;9;998
7;7;6;28;28176;;1;1;M-503;19,848;3;18;2;;;1;1;1;;;1;3
6;3;19;28;28176;;3;2;No inventariada;;9;7;2;;;1;1;1;;;1;998
8;6;22;28;28176;;1;1;M-600;32;6;2;1;4;M-600;1;4;1;;;1;1
9;5;9;28;28176;;3;2;No inventariada;;9;7;2;;;1;2;7;;;9;998
12;3;6;28;28160;;1;1;M-600;25,2;6;19;2;;;1;2;1;;;12;2
12;2;7;28;28160;;1;1;M-503;25;3;4;2;;;1;4;1;;;1;1
1;3;19;28;28177;;1;1;M-509;6,135;6;7;2;;;1;4;1;;;9;1
2;7;15;28;28177;;1;1;M-503;22,8;3;4;2;;;1;1;1;;;1;2
2;3;7;28;28177;;2;2;M-509;5,88;6;7;2;;;3;4;3;;;12;1
3;5;10;28;28177;;1;1;M-509;4,5;5;7;1;2;;3;1;3;;;1;3
5;5;8;28;28177;;2;2;M-509;5,901;14;7;2;;;1;1;1;;;1;1
9;4;18;28;28080;;1;1;M-509;2,645;5;12;2;;;1;1;1;;;18;2
11;5;7;28;28177;;1;1;M-503;22,8;3;4;1;4;;1;2;2;;;1;1
11;4;19;28;28177;;2;2;M-509;6,333;6;7;2;;;1;4;1;;;1;1
12;5;5;28;28080;;1;1;M-851;2,427;6;18;2;;;1;6;1;;;1;1
6;5;22;28;28026;;1;1;M-501;20,8;5;18;2;;;1;6;1;;;1;3
9;7;13;28;0;;1;1;M-501;26,495;5;14;2;;;1;1;1;;;1;1
9;4;12;28;0;;1;1;M-523;6,7;6;10;2;;;1;1;1;;;1;2
9;2;8;28;0;;1;1;M-501;28,7;5;4;2;;;1;1;1;;;1;1
10;4;6;28;0;;1;1;M-501;27,905;5;4;2;;;1;6;1;;;1;1
10;1;16;28;0;;1;1;M-524;4,27;6;2;1;2;;1;1;1;;;1;1
12;2;14;28;0;;1;1;M-524;4,513;6;16;2;;;1;1;1;;;1;2
1;7;11;28;0;;1;1;M-234;2,1;6;13;2;;;1;1;1;;;4;2
4;6;10;28;0;;1;1;M-204;21,47;6;4;2;;;1;1;1;;;1;1
6;4;9;28;0;;1;1;M-209;18,6;6;1;2;;;3;1;2;;;1;2
7;1;15;28;0;;1;1;M-209;15,7;6;19;2;;;1;1;1;;;1;1
9;5;1;28;0;;1;1;M-209;14,9;6;14;2;;;1;6;1;;;1;1
10;3;14;28;0;;1;1;M-204;20,346;6;19;2;;;1;1;1;;;1;2
1;4;11;28;28180;;3;2;No inventariada;;9;;;;;999;999;999;;;999;998
2;6;7;28;28180;;1;1;A-3;47,3;3;4;2;;;1;2;1;;;1;1
3;1;12;28;28180;;1;1;M-321;4,982;6;3;1;2;;1;1;1;;;1;1
3;5;16;28;28180;;1;1;A-3;48;3;18;2;;;3;1;3;;;1;1
4;6;11;28;28180;;1;1;M-321;2,558;6;15;2;;;1;1;1;;;1;1
4;7;22;28;28180;;1;1;A-3;49;3;6;2;;;1;6;1;;;1;1
4;2;8;28;28180;;1;1;A-3;48,3;7;12;1;4;M-316;1;1;1;;;1;1
5;6;14;28;28180;;1;1;A-3;46,95;3;10;2;;;1;1;1;;;1;1
5;7;20;28;28180;;1;1;A-3;47,5;3;4;2;;;1;1;1;;;1;1
7;1;13;28;28180;;1;1;M-231;9,5;6;2;2;;;1;1;1;;;12;2
7;4;14;28;28180;;1;1;A-3;52,4;3;4;2;;;1;1;1;;;1;1
7;1;8;28;28180;;3;2;No inventariada;;9;1;1;2;;1;1;1;;;6;998
8;3;18;28;0;;1;1;A-3;45,583;3;4;2;;;1;1;1;;;1;1
10;5;17;28;28180;;3;2;No inventariada;;9;7;2;;;1;1;1;;;6;998
12;7;21;28;28180;;1;1;A-3;48,5;3;5;2;;;1;6;1;;;1;1
12;1;10;28;28180;;1;1;A-3;46,5;3;19;2;;;1;1;1;;;1;1
12;1;15;28;28180;;1;1;A-3;50;3;2;2;;;1;1;1;;;1;4
1;2;12;28;28181;;1;1;M-506;2;5;16;1;4;M-506;3;1;1;;;1;2
1;7;11;28;28181;;3;2;No inventariada;;9;4;1;1;;1;1;1;;;1;998
1;3;13;28;28181;;1;1;M-506;1,746;5;2;1;4;M-856;3;1;3;;;1;2
1;3;15;28;28181;;3;2;No inventariada;;9;2;2;;;1;1;1;;;1;998
2;7;15;28;28181;;1;1;M-501;5,3;5;4;1;2;M-50;1;1;1;;;1;1
2;2;12;28;28181;;1;1;M-501;8,437;8;3;1;4;;1;1;1;;;1;1
2;3;9;28;28181;;1;1;M-506;2,739;5;19;1;4;;1;1;1;;;1;2
3;2;14;28;28181;;3;2;No inventariada;;9;2;1;2;;1;1;1;;;1;998
3;1;21;28;28181;;1;1;M-501;4,9;5;5;2;;;1;5;1;;;1;1
3;7;7;28;28181;;3;2;No inventariada;;9;16;2;;;1;1;1;;;1;998
3;6;12;28;28181;;3;2;No inventariada;;9;10;2;;;1;1;1;;;1;998
3;5;11;28;28181;;1;1;M-501;10,8;5;16;2;;;3;1;3;;;1;2
4;4;17;28;28181;;1;1;M-501;10,675;5;10;2;;;1;1;2;;;1;1
4;5;8;28;28181;;3;2;No inventariada;;9;7;2;;;1;1;1;;;1;998
4;4;0;28;28181;;3;2;No inventariada;;9;3;1;1;;1;4;1;;;1;998
4;5;14;28;28181;;1;1;M-50;67,8;2;5;2;;;1;1;1;;;1;1
5;5;20;28;28181;;3;2;No inventariada;;9;10;2;;;1;1;1;;;18;998
5;6;16;28;28181;;1;1;M-501;11,291;5;12;1;4;;1;1;1;;;1;3
5;6;13;28;28181;;3;2;No inventariada;;14;10;2;;;4;1;1;;;1;998
5;4;7;28;28181;;1;1;M-506;2,751;5;2;1;4;;1;1;1;;;1;2
5;1;12;28;28181;;3;2;No inventariada;;9;2;1;2;;1;1;1;;;1;998
5;5;9;28;28181;;3;2;No inventariada;;9;7;1;1;;1;1;1;;;6;998
6;2;14;28;28181;;1;1;M-501;11,076;5;12;2;;;1;1;1;;;1;2
6;1;18;28;28007;;1;1;M-506;4,93;5;4;2;;;1;1;2;;;1;1
6;2;13;28;28181;;3;2;No inventariada;;9;7;2;;;1;1;1;;;1;998
7;2;12;28;28181;;3;2;No inventariada;;9;9;2;;;1;1;1;;;1;998
7;3;9;28;28181;;3;2;No inventariada;;9;7;2;;;1;1;1;;;1;998
7;3;7;28;28181;;1;1;M-506;1,785;5;3;1;4;M-856;1;1;1;;;1;1
7;1;14;28;28181;;3;2;No inventariada;;9;7;2;;;1;1;1;;;9;998
8;4;10;28;28007;;1;1;M-506;5,066;5;19;1;4;M-506;7;1;1;;;1;2
9;7;6;28;28181;;1;1;M-50;67,8;2;4;2;;;3;3;2;;;1;1
9;4;9;28;28181;;1;1;M-856;2,5;6;4;1;4;M-506;1;1;1;;;1;1
10;4;16;28;28181;;1;1;M-501;8,2;5;5;2;;;1;1;1;;;1;1
10;6;15;28;28181;;3;2;No inventariada;;9;1;2;;;2;1;1;;;12;998
9;7;10;28;28181;;3;2;No inventariada;;14;10;2;;;2;1;1;;;1;998
11;2;18;28;28181;;1;1;M-506;1,012;5;4;2;;;1;4;1;;;1;1
11;1;12;28;28181;;3;2;No inventariada;;9;7;2;;;1;1;1;;;18;998
11;3;13;28;28181;;3;2;No inventariada;;9;2;1;1;;1;1;1;;;1;998
11;7;10;28;28181;;3;2;No inventariada;;9;20;2;;;1;1;1;;;1;998
11;6;21;28;28181;;1;1;M-501;5,9;5;4;2;;;1;6;1;;;1;1
12;4;18;28;28181;;1;1;M-501;8,584;5;4;1;4;;1;3;1;;;1;1
12;7;14;28;28181;;1;1;M-506;1,685;5;4;1;4;M-856;1;1;1;;;1;1
4;2;9;28;28054;;1;1;M-533;2,455;6;18;2;;;1;1;1;;;1;2
4;7;13;28;0;;1;1;M-533;6,756;6;2;2;;;1;1;1;;;1;2
8;6;8;28;0;;1;1;M-533;8,1;6;10;2;;;1;1;1;;;1;1
5;7;15;28;0;;1;1;A-1;66,973;3;3;2;;;1;1;2;;;1;1
7;7;20;28;0;;1;1;A-1;69,301;3;5;2;;;1;1;1;;;1;1
8;5;15;28;0;;1;1;A-1;67,539;3;16;2;;;1;1;2;;;1;1
5;6;19;28;0;;1;1;M-127;12,24;6;2;1;2;M-126;1;1;1;;;1;2
7;2;14;28;0;;1;1;M-135;4,8;6;19;2;;;1;1;1;;;1;3
1;4;3;28;28903;;3;2;No inventariada;;9;2;1;2;;1;3;1;;;1;998
1;6;10;28;28903;;3;2;No inventariada;;9;4;2;;;1;1;1;;;1;998
1;1;11;28;28903;;1;1;M-607;25,403;3;12;2;;;3;1;3;1;;1;1
1;3;8;28;28903;;1;1;M-607;26;3;4;2;;;3;6;3;;;1;1
1;4;14;28;28903;;3;2;No inventariada;;9;3;2;;;1;1;1;;;1;998
1;2;8;28;28903;;3;2;No inventariada;;9;2;1;4;;1;1;1;;;1;998
1;4;21;28;28903;;3;2;No inventariada;;9;1;2;;;1;4;1;;;1;998
1;5;9;28;28903;;3;2;No inventariada;;9;7;2;;;1;1;1;;;1;998
1;6;3;28;28903;;3;2;No inventariada;;9;10;2;;;1;4;1;;;1;998
2;3;13;28;28903;;3;2;No inventariada;;9;2;1;1;;1;1;2;;;1;998
2;3;8;28;28903;;3;2;No inventariada;;9;2;1;1;;1;2;2;;;1;998
2;1;18;28;28903;;3;2;No inventariada;;9;4;2;;;1;3;1;;;1;998
2;3;12;28;28903;;3;2;No inventariada;;9;7;1;1;;1;1;1;;;1;998
3;5;11;28;28903;;3;2;No inventariada;;9;7;2;;;1;1;2;;;1;998
3;6;14;28;28903;;3;2;No inventariada;;9;16;2;;;3;1;3;;;1;998
3;7;10;28;28903;;3;2;No inventariada;;9;12;2;;;1;1;2;;;1;998
3;4;8;28;28903;;3;2;No inventariada;;9;2;1;1;;1;1;1;;;1;998
3;1;12;28;28903;;3;2;No inventariada;;9;2;1;2;;1;1;1;;;1;998
3;6;14;28;28903;;3;2;No inventariada;;9;6;2;;;1;1;1;;;1;998
3;1;9;28;28903;;3;2;No inventariada;;9;6;2;;;3;1;3;;;1;998
3;3;7;28;28903;;3;2;No inventariada;;9;16;2;;;3;1;3;;;1;998
3;3;20;28;28903;;3;2;No inventariada;;9;10;2;;;3;4;3;;;1;998
4;4;15;28;28903;;3;2;No inventariada;;9;2;1;2;;1;1;1;;;4;998
4;2;18;28;28903;;3;2;No inventariada;;9;2;1;5;;1;1;1;;;1;998
4;3;18;28;28903;;3;2;No inventariada;;9;10;1;4;;1;1;1;;;1;998
4;4;8;28;28903;;3;2;No inventariada;;9;2;1;4;;1;2;1;;;1;998
4;3;22;28;28903;;3;2;No inventariada;;9;12;2;;;1;4;1;;;1;998
4;5;7;28;28903;;3;2;No inventariada;;9;4;2;;;1;3;2;;;1;998
5;3;17;28;28903;;3;2;No inventariada;;9;2;1;4;;1;1;1;;;1;998
5;5;19;28;28903;;3;2;No inventariada;;9;10;2;;;1;1;1;;;1;998
5;7;11;28;28903;;3;2;No inventariada;;9;3;1;2;;1;1;1;;;1;998
5;1;15;28;28903;;3;2;No inventariada;;9;16;2;;;1;1;1;;;1;998
5;3;18;28;28903;;3;2;No inventariada;;9;2;2;;;1;1;1;;;1;998
5;1;10;28;28903;;3;2;No inventariada;;9;7;1;4;;1;1;1;;;1;998
5;4;19;28;28903;;3;2;No inventariada;;9;7;2;;;1;1;1;;;1;998
5;5;12;28;28903;;3;2;No inventariada;;9;7;2;;;1;1;1;;;1;998
5;1;9;28;28903;;3;2;No inventariada;;9;6;2;;;1;1;1;;;6;998
5;1;16;28;28903;;3;2;No inventariada;;9;2;2;;;1;1;1;;;1;998
6;2;10;28;28903;;3;2;No inventariada;;9;3;2;;;1;1;1;;;1;998
6;4;7;28;28045;;1;1;M-607;29,379;3;4;2;;;1;1;1;;;1;2
6;6;15;28;28903;;3;2;No inventariada;;9;2;1;4;;1;1;2;;;1;998
6;7;15;28;28903;;3;2;No inventariada;;9;6;1;2;;1;1;1;;;1;998
6;6;20;28;28903;;3;2;No inventariada;;9;10;2;;;1;1;1;;;1;998
6;4;14;28;28903;;3;2;No inventariada;;9;12;2;;;4;1;4;;;1;998
6;2;11;28;28903;;3;2;No inventariada;;9;2;1;5;;1;1;1;;;1;998
6;4;15;28;28903;;3;2;No inventariada;;9;2;1;4;;1;1;1;;;1;998
6;5;18;28;28903;;3;2;No inventariada;;9;10;2;;;1;1;1;;;1;998
7;4;16;28;28903;;1;1;M-607;26;3;3;2;;;1;1;1;;;1;1
7;6;7;28;28903;;3;2;No inventariada;;9;10;2;;;1;1;1;;;1;998
7;5;15;28;28079;;1;1;M-607;15,136;3;4;2;;;1;1;1;;;1;1
7;2;21;28;28903;;3;2;No inventariada;;9;4;2;;;1;2;1;;;1;998
7;3;19;28;28903;;3;2;No inventariada;;9;6;2;;;1;1;1;;;6;998
8;6;18;28;28903;;3;2;No inventariada;;14;10;2;;;9;1;1;;;18;998
8;3;12;28;28903;;3;2;No inventariada;;9;2;1;5;;1;1;1;;;1;998
9;3;21;28;28903;;3;2;No inventariada;;9;10;1;2;;2;4;1;;;1;998
9;4;16;28;28903;;3;2;No inventariada;;9;7;2;;;1;1;1;;;4;998
9;5;18;28;28903;;3;2;No inventariada;;9;7;2;;;1;1;1;;;6;998
9;1;9;28;28903;;3;2;No inventariada;;9;4;1;4;;1;1;1;;;1;998
9;2;9;28;28903;;3;2;No inventariada;;9;10;2;;;8;1;1;;;1;998
9;4;11;28;28903;;3;2;No inventariada;;9;6;2;;;1;1;1;;;1;998
9;5;22;28;28903;;3;2;No inventariada;;9;6;2;;;1;4;1;;;1;998
9;1;7;28;28903;;3;2;No inventariada;;9;2;1;4;;1;3;1;;;1;998
9;1;8;28;28903;;3;2;No inventariada;;9;7;2;;;1;1;1;;;1;998
9;3;14;28;28903;;3;2;No inventariada;;9;4;2;;;1;1;1;;;1;998
9;3;18;28;28903;;3;2;No inventariada;;9;2;1;5;;1;1;1;;;1;998
9;4;19;28;28903;;3;2;No inventariada;;9;1;2;;;1;3;1;;;3;998
10;4;12;28;28903;;3;2;No inventariada;;9;7;1;4;;1;1;1;;;1;998
10;5;7;28;28903;;3;2;No inventariada;;9;10;1;4;;7;4;1;;;1;998
10;5;14;28;28903;;3;2;No inventariada;;9;7;2;;;1;1;1;;;1;998
10;5;20;28;28903;;3;2;No inventariada;;9;4;2;;;1;4;1;;;1;998
10;6;13;28;28903;;1;1;M-607;25,6;3;19;2;;;4;1;3;;;1;2
10;1;8;28;28903;;3;2;No inventariada;;9;2;2;;;1;1;2;;;4;998
10;3;9;28;28903;;3;2;No inventariada;;9;16;2;;;3;1;3;;;1;998
10;2;8;28;28903;;3;2;No inventariada;;9;4;1;1;;1;3;1;;;1;998
10;2;11;28;28903;;3;2;No inventariada;;9;1;2;;;1;1;1;;;1;998
10;4;11;28;28903;;3;2;No inventariada;;9;2;1;2;;1;1;1;;;1;998
10;5;10;28;28903;;3;2;No inventariada;;9;4;2;;;1;1;1;;;1;998
11;2;19;28;28903;;3;2;No inventariada;;9;3;2;;;1;4;2;;;1;998
11;4;8;28;28903;;3;2;No inventariada;;9;16;2;;;1;1;2;;;1;998
11;4;11;28;28903;;3;2;No inventariada;;9;5;2;;;1;1;1;;;1;998
11;5;0;28;28903;;1;1;M-607;25,7;3;18;2;;;1;4;1;;;1;1
11;6;12;28;28903;;3;2;No inventariada;;9;7;2;;;1;1;1;;;1;998
11;3;7;28;28903;;3;2;No inventariada;;9;7;2;;;1;4;1;;;1;998
12;4;12;28;28903;;3;2;No inventariada;;9;2;1;5;;1;1;1;;;1;998
9;7;14;29;29072;;1;1;MA-6415;6,478;6;15;2;;;9;1;2;;;1;3
9;3;18;29;29001;;3;2;No inventariada;;9;2;1;2;;1;1;1;;;1;998
11;7;15;29;29001;;1;1;MA-6409;1,422;6;16;2;;;1;1;2;;;1;1
2;4;0;29;0;;1;1;A-402;50,236;6;16;2;;;1;6;1;;;1;1
5;1;17;29;0;;1;1;A-402;56,142;6;2;1;2;A-7205;1;1;1;;;18;1
7;1;16;29;0;;1;1;A-402;52,3;6;2;1;2;A-7205;1;1;1;;;1;1
7;3;23;29;0;;1;1;A-402;56,25;6;7;2;;;1;6;1;;;1;1
9;7;11;29;0;;1;1;A-7204;0,3;6;12;2;;;1;1;1;;;1;3
1;4;12;29;29005;;1;1;A-7206;12,989;6;12;2;;;3;1;1;;;1;2
1;2;8;29;29005;;1;1;A-7206;15,813;6;4;2;;;1;3;1;;;1;1
3;2;16;29;29005;;3;2;No inventariada;;9;7;2;;;1;1;1;;;1;998
4;7;3;29;29005;;1;1;A-7;947,95;3;16;2;;;1;6;1;;;4;3
5;6;17;29;29005;;1;1;A-7;948,947;3;12;2;;;1;1;1;;;1;1
8;5;22;29;29005;;1;1;A-7206;17,03;6;7;2;;;1;4;1;;;1;1
8;1;13;29;29091;;2;2;CAMINO RIO;0,45;10;1;2;;;1;1;1;;;10;1
8;6;15;29;29005;;1;1;A-7206;14,776;6;18;2;;;1;1;1;;;1;3
9;1;13;29;29005;;1;1;N-340;275,765;6;7;2;;;1;1;1;;;1;1
9;6;23;29;29005;;1;1;A-7206;13;6;15;2;;;3;6;2;;;1;3