MES;DIA_SEMANA;HORA;COD_PROVINCIA;COD_MUNICIPIO;ISLA;ZONA;ZONA_AGRUPADA;CARRETERA;KM;TIPO_VIA;TIPO_ACCIDENTE;NUDO;NUDO_INFO;CARRETERA_CRUCE;CONDICION_FIRME;CONDICION_ILUMINACION;CONDICION_METEO;CONDICION_NIEBLA;CONDICION_VIENTO;VISIB_RESTRINGIDA_POR;TRAZADO_PLANTA
9;7;21;29;29005;;1;1;A-7206;17;6;2;1;2;;1;3;1;;;1;1
9;2;13;29;29094;;1;1;A-7;946,506;3;2;2;;;1;1;1;1;;1;1
10;4;17;29;0;;1;1;A-7206;10,5;6;3;2;;;1;1;1;;;1;1
10;1;16;29;29005;;1;1;A-7206;15,8;6;2;1;2;;1;1;1;;;1;1
10;4;17;29;29005;;1;1;N-340;274,52;6;2;1;4;N-340;1;1;1;;;1;1
11;1;20;29;29005;;1;1;A-7206;17;6;10;1;5;;1;4;1;;;1;1
2;1;18;29;0;;1;1;A-369;27,5;6;17;2;;;2;1;1;;;1;3
5;7;18;29;0;;1;1;A-369;29,903;6;2;2;;;1;1;1;;;1;1
6;6;10;29;0;;1;1;A-369;29,199;6;19;2;;;1;1;1;;;4;2
2;5;14;29;29038;;1;1;A-7052;5,745;6;4;1;2;;1;1;1;;;4;1
1;7;13;29;29007;;3;2;No inventariada;;9;2;1;1;;1;1;1;;;1;998
1;2;17;29;29007;;3;2;No inventariada;;9;16;2;;;8;1;1;;;1;998
2;1;23;29;29007;;1;1;A-7052;1;6;2;2;;;1;5;1;;;1;1
1;2;12;29;29007;;3;2;No inventariada;;9;2;1;1;;1;1;1;;;1;998
1;5;13;29;29007;;3;2;No inventariada;;9;7;2;;;1;3;1;;;1;998
1;7;9;29;29007;;3;2;No inventariada;;9;7;1;2;;1;1;1;;;6;998
1;2;12;29;29007;;3;2;No inventariada;;9;7;2;;;1;1;1;;;1;998
2;6;21;29;29007;;1;1;A-7;995;8;10;1;4;;1;6;1;;;1;3
1;4;7;29;29007;;3;2;No inventariada;;9;2;1;1;;1;2;1;;;1;998
2;2;10;29;29007;;3;2;No inventariada;;9;7;2;;;1;1;1;;;1;998
2;4;22;29;29007;;1;1;A-7052;3,194;5;4;1;2;A-7052;1;6;1;;;18;1
2;3;13;29;29007;;3;2;No inventariada;;9;4;1;1;;1;1;1;;;1;998
3;4;20;29;29007;;3;2;No inventariada;;9;7;2;;;1;3;1;;;1;998
2;7;17;29;29007;;3;2;No inventariada;;9;4;2;;;1;1;1;;;1;998
2;2;17;29;29007;;3;2;No inventariada;;9;2;1;1;;1;1;1;;;1;998
2;2;18;29;29007;;3;2;No inventariada;;9;2;1;1;;1;1;1;;;1;998
2;2;17;29;29007;;3;2;No inventariada;;9;4;2;;;1;1;1;;;1;998
1;7;20;29;29007;;3;2;No inventariada;;9;10;2;;;9;4;1;;;1;998
3;4;14;29;29007;;3;2;No inventariada;;9;10;2;;;1;1;1;;;1;998
3;6;9;29;29007;;2;2;TORRE ALQU;0,5;10;2;2;;;1;1;1;;;1;1
3;6;6;29;29007;;1;1;A-7;995;3;4;2;;;3;6;2;;;1;1
4;2;21;29;29007;;3;2;No inventariada;;9;7;2;;;1;3;1;;;1;998
4;1;8;29;29007;;1;1;A-404;22,915;6;3;1;2;;1;1;1;;;1;1
4;1;8;29;29007;;3;2;No inventariada;;9;7;1;4;;1;2;1;;;6;998
5;4;16;29;29007;;1;1;A-404;22,3;6;4;2;;;1;1;1;;;1;1
4;2;9;29;29007;;3;2;No inventariada;;9;2;1;2;;1;1;1;;;1;998
4;3;8;29;29007;;3;2;No inventariada;;9;2;2;;;1;1;1;;;1;998
4;7;21;29;29007;;3;2;No inventariada;;9;3;2;;;1;3;1;;;1;998
4;7;5;29;29007;;3;2;No inventariada;;9;16;2;;;1;4;1;;;1;998
5;5;8;29;29007;;1;1;A-7052;4,7;6;3;2;;;1;1;1;;;1;1
5;6;11;29;29007;;1;1;A-7052;5,423;6;4;2;;;1;1;1;;;1;1
5;6;13;29;29007;;1;1;A-7;996,309;3;6;2;;;1;1;1;;;1;1
5;1;18;29;29007;;3;2;No inventariada;;9;2;1;1;;1;2;1;;;1;998
5;7;17;29;29007;;3;2;No inventariada;;9;2;2;;;1;1;1;;;1;998
5;2;20;29;29007;;3;2;No inventariada;;9;2;1;1;;1;1;1;;;1;998
5;4;19;29;29007;;3;2;No inventariada;;9;7;2;;;1;3;1;;;1;998
5;4;17;29;29007;;3;2;No inventariada;;9;12;2;;;1;1;1;;;1;998
5;4;18;29;29007;;3;2;No inventariada;;9;4;2;;;1;1;7;;;1;998
5;7;2;29;29007;;3;2;No inventariada;;9;10;2;;;1;4;1;;;1;998
5;1;13;29;29007;;3;2;No inventariada;;9;7;1;2;;1;1;1;;;1;998
6;6;9;29;29007;;1;1;A-7052;3,5;6;4;2;;;1;1;1;;;1;1
6;6;20;29;29007;;1;1;A-404;23,031;6;3;1;4;A-404;1;1;1;;;1;1
6;2;14;29;29007;;1;1;A-7052;1,05;6;1;2;;;1;1;1;;;1;1
5;4;20;29;29007;;3;2;No inventariada;;9;7;2;;;1;3;1;;;1;998
6;2;16;29;29007;;3;2;No inventariada;;9;4;2;;;1;1;1;;;1;998
6;1;18;29;29007;;3;2;No inventariada;;9;2;1;4;;1;1;1;;;18;998
6;5;13;29;29007;;3;2;No inventariada;;9;2;2;;;1;1;1;;;1;998
6;1;20;29;29007;;3;2;No inventariada;;9;2;1;1;;1;3;1;;;1;998
6;3;17;29;29007;;3;2;No inventariada;;9;2;2;;;1;1;1;;;1;998
6;1;9;29;29007;;3;2;No inventariada;;9;1;2;;;1;1;1;;;1;998
6;7;18;29;29007;;1;1;MA-3300;4,627;6;18;2;;;1;1;1;1;;1;1
6;6;13;29;29067;;1;1;A-7;997,75;3;4;2;;;1;4;1;;;1;3
7;5;11;29;29007;;1;1;A-7052;3,795;6;2;1;2;;1;1;1;;;1;1
6;1;9;29;29007;;3;2;No inventariada;;9;2;2;;;1;1;1;;;1;998
7;1;13;29;29007;;3;2;No inventariada;;9;2;1;1;;1;1;1;;;1;998
7;5;7;29;29007;;3;2;No inventariada;;9;10;2;;;1;3;1;;;1;998
7;3;20;29;29007;;3;2;No inventariada;;9;2;2;;;1;1;1;;;1;998
6;3;23;29;29007;;3;2;No inventariada;;9;7;2;;;1;4;1;;;1;998
7;2;6;29;29007;;1;1;A-7052;0,9;6;7;2;;;1;4;1;;;1;1
8;5;14;29;29007;;1;1;A-7052;4,1;6;7;1;4;;1;1;1;;;1;1
7;5;9;29;29007;;3;2;No inventariada;;9;3;2;;;1;1;1;;;1;998
7;7;22;29;29007;;3;2;No inventariada;;9;7;2;;;1;3;1;;;1;998
8;2;18;29;29007;;3;2;No inventariada;;9;4;2;;;1;1;1;;;1;998
8;2;15;29;29007;;1;1;A-7;995,8;3;4;2;;;1;1;1;;;1;1
8;3;10;29;29007;;1;1;A-404;21,131;6;18;1;4;;1;1;1;;;1;2
9;4;18;29;29007;;1;1;A-404;24,601;6;4;1;4;A-7052;1;1;7;;;18;1
9;2;7;29;29007;;1;1;A-404;15,534;6;17;2;;;1;2;1;;;4;1
9;3;14;29;29007;;1;1;A-7052;5,2;6;4;1;2;A-7052;1;1;1;;;1;1
6;5;19;29;29007;;3;2;No inventariada;;9;4;2;;;1;2;1;;;1;998
8;4;11;29;29007;;3;2;No inventariada;;9;20;2;;;1;1;1;;;1;998
8;3;11;29;29007;;3;2;No inventariada;;9;10;2;;;1;1;1;;;1;998
9;4;19;29;29007;;3;2;No inventariada;;9;2;1;1;;1;2;1;;;1;998
9;2;12;29;29007;;3;2;No inventariada;;9;3;2;;;1;1;1;;;18;998
9;6;2;29;29007;;3;2;No inventariada;;9;4;2;;;1;4;1;;;1;998
9;3;2;29;29007;;3;2;No inventariada;;9;2;1;2;;1;1;1;;;1;998
9;6;14;29;29007;;3;2;No inventariada;;7;10;2;;;3;1;3;;;1;998
10;3;22;29;29007;;1;1;A-404;17,294;6;12;2;;;1;6;1;1;;4;2
9;3;4;29;29007;;3;2;No inventariada;;9;20;2;;;1;4;1;;;1;998
9;4;9;29;29007;;3;2;No inventariada;;9;4;2;;;1;1;1;;;1;998
10;3;16;29;29007;;1;1;A-404;22,601;6;3;1;2;;1;1;1;;;1;1
10;4;19;29;29067;;1;1;A-357;64,965;6;4;2;;;1;1;2;;;1;2
10;7;13;29;29007;;1;1;A-7052;3,261;6;2;1;2;;1;1;1;;;1;1
10;5;16;29;29007;;1;1;A-7;995,631;3;2;1;4;A-404;1;1;1;;;1;2
10;6;21;29;29007;;3;2;No inventariada;;9;3;2;;;1;3;3;;;1;998
10;2;6;29;29007;;1;1;A-404;13,8;6;2;1;2;;3;6;4;;;18;1
11;4;12;29;29007;;1;1;A-7052;5,435;6;2;2;;;1;1;1;;;1;1
11;7;14;29;29007;;3;2;No inventariada;;9;16;2;;;1;1;1;;;1;998
11;4;7;29;29007;;1;1;A-7052;3,125;6;17;2;;;1;2;1;;;1;1
11;2;15;29;29007;;3;2;No inventariada;;9;4;2;;;1;1;1;;;18;998
11;7;14;29;29007;;3;2;No inventariada;;9;20;2;;;1;1;1;;;18;998
11;6;10;29;29007;;3;2;No inventariada;;9;8;2;;;1;1;1;;;1;998
11;7;20;29;29007;;3;2;No inventariada;;9;2;2;;;1;3;1;;;18;998
12;4;13;29;29007;;1;1;A-7;995,688;3;3;2;;;3;6;2;;;1;1
12;5;5;29;29007;;1;1;A-7;995;3;15;2;;;3;5;3;;;1;1
12;1;3;29;29007;;3;2;No inventariada;;9;4;1;4;;9;4;7;;;18;998
11;4;11;29;29007;;1;1;No inventariada;1;10;8;2;;;1;1;2;;;18;1
12;7;13;29;29007;;1;1;A-404;24,521;6;3;1;4;A-7052;1;1;1;;;1;1
2;3;14;29;29008;;1;1;A-404;5,45;6;2;2;;;1;1;1;;;1;1
4;2;9;29;29008;;1;1;A-404;5;6;18;2;;;1;1;1;;;1;3
4;5;9;29;29008;;1;1;A-404;12,5;6;19;2;;;1;1;1;;;1;3
4;5;12;29;29008;;1;1;A-7059;5,5;6;4;2;;;1;1;1;;;1;1
5;3;21;29;29008;;1;1;A-404;11,3;6;17;2;;;1;6;1;;;1;1
5;4;11;29;29008;;1;1;MA-3304;3,583;6;15;2;;;1;1;1;;;1;2
5;2;14;29;29008;;1;1;A-404;4,176;6;12;2;;;1;1;1;;;1;1
6;4;23;29;29008;;1;1;A-404;5,5;6;4;2;;;1;6;1;;;1;1
7;6;3;29;29008;;1;1;MA-3300;9;6;19;2;;;1;6;1;;;1;3
9;6;3;29;29008;;1;1;A-7053;2,05;6;18;2;;;1;6;1;;;1;2
1;6;19;29;29008;;3;2;No inventariada;;9;3;1;2;;1;1;1;;;1;998
1;6;9;29;29008;;3;2;No inventariada;;9;4;2;;;1;1;1;;;1;998
1;6;22;29;29008;;3;2;No inventariada;;9;1;2;;;1;4;1;;;18;998
1;4;7;29;29008;;3;2;No inventariada;;9;2;1;1;;1;4;1;;;1;998
2;5;20;29;29008;;3;2;No inventariada;;9;7;2;;;1;4;1;;;18;998
2;6;1;29;29008;;3;2;No inventariada;;9;7;1;4;;1;4;1;;;1;998
2;5;10;29;29008;;3;2;No inventariada;;9;2;1;1;;1;1;1;;;1;998
2;7;22;29;29008;;3;2;No inventariada;;9;1;2;;;1;4;1;;;1;998
2;3;15;29;29008;;1;1;A-387;1,6;6;2;1;2;;1;1;1;;;1;1
10;5;11;29;29008;;1;1;MA-3303;6,56;6;4;1;4;A-7053;1;1;1;;;1;1
4;3;15;29;29008;;3;2;No inventariada;;9;8;2;;;1;1;1;;;1;998
5;3;9;29;29008;;3;2;No inventariada;;9;4;1;2;;1;1;1;;;9;998
5;3;21;29;29008;;1;1;A-387;1,5;6;6;2;;;1;1;1;;;1;1
5;2;18;29;29008;;3;2;No inventariada;;9;2;1;2;;1;1;1;;;1;998
5;2;19;29;29008;;3;2;No inventariada;;9;7;2;;;1;1;1;;;1;998
6;2;20;29;29008;;3;2;No inventariada;;9;4;1;4;;1;1;1;;;1;998
6;1;10;29;29008;;3;2;No inventariada;;9;20;2;;;1;1;1;;;18;998
6;5;14;29;29008;;3;2;No inventariada;;9;4;2;;;1;1;1;;;1;998
7;6;21;29;29008;;3;2;No inventariada;;9;4;2;;;1;1;1;;;1;998
7;2;16;29;29008;;3;2;No inventariada;;9;2;2;;;1;1;1;;;1;998
8;6;7;29;29008;;3;2;No inventariada;;9;10;1;2;;3;1;1;;;1;998
8;2;21;29;29008;;1;1;MA-3300;11,1;6;8;2;;;1;6;1;;;18;1
9;5;12;29;29008;;3;2;No inventariada;;9;12;2;;;1;1;1;;;1;998
9;2;14;29;29008;;3;2;No inventariada;;9;8;2;;;1;1;1;;;1;998
9;7;23;29;29008;;3;2;No inventariada;;9;2;2;;;1;4;1;;;18;998
9;2;16;29;29008;;3;2;No inventariada;;14;4;1;2;;1;1;1;;;1;998
10;1;10;29;29008;;1;1;A-404;10,967;6;1;2;;;1;1;1;;;1;1
9;3;14;29;29008;;3;2;No inventariada;;9;4;2;;;1;1;1;;;1;998
10;6;12;29;29008;;3;2;No inventariada;;9;2;1;1;;1;1;1;;;2;998
10;3;9;29;29008;;3;2;No inventariada;;9;7;2;;;1;1;1;;;1;998
10;2;8;29;29008;;3;2;No inventariada;;9;7;2;;;1;1;3;;;1;998
10;1;7;29;29008;;3;2;No inventariada;;9;2;1;4;;1;4;2;;;1;998
10;5;21;29;29008;;1;1;A-404;11,614;6;12;2;;;1;6;2;;;4;2
10;4;20;29;29008;;3;2;No inventariada;;9;2;1;1;;1;4;1;;;1;998
10;1;3;29;29008;;3;2;No inventariada;;9;2;2;;;1;4;1;;;1;998
12;6;16;29;29008;;1;1;A-387;2,1;6;1;2;;;1;1;1;;;4;2
1;2;11;29;0;;1;1;MA-3112;0,1;6;3;2;;;1;1;7;;;4;2
6;7;7;29;0;;1;1;A-384;87,8;6;13;2;;;1;1;1;;;1;3
5;5;8;29;29067;;1;1;A-7075;5,052;5;3;2;;;1;1;1;;;1;2
10;7;11;29;0;;1;1;No inventariada;1,3;10;17;2;;;3;1;3;;;5;3
12;3;8;29;0;;1;1;A-7075;30,404;6;18;2;;;1;2;1;;;1;3
12;4;17;29;0;;1;1;MA-3402;6,933;6;4;1;4;;3;1;4;;;5;1
7;5;22;29;29012;;1;1;A-357;36,45;6;4;1;12;;1;6;1;;;1;1
10;2;15;29;29012;;1;1;A-343;36,5;6;10;2;;;2;1;3;;;1;1
12;2;1;29;29012;;1;1;MA-5005;1,41;6;12;2;;;1;6;1;;;1;3
9;4;16;29;0;;1;1;A-366;43,9;6;1;2;;;1;1;1;;;1;2
10;7;11;29;0;;1;1;A-366;38,4;6;16;2;;;1;1;1;;;1;2
3;6;12;29;0;;1;1;A-369;10,5;6;19;2;;;1;1;2;;;4;2
9;7;15;29;0;;1;1;A-369;12;6;3;2;;;1;1;1;;;1;2
1;3;6;29;29015;;1;1;A-45;97;3;3;2;;;1;6;1;;;1;1
1;2;7;29;29015;;1;1;N-331;132,3;6;2;1;2;;3;6;3;1;;1;1
1;5;12;29;29015;;1;1;No inventariada;0,15;10;16;2;;;1;1;1;;;1;1
1;1;21;29;29015;;1;1;MA-4403;12,693;6;14;2;;;1;6;1;;;4;2
1;3;10;29;29015;;3;2;No inventariada;;9;7;2;;;1;1;1;;;6;998
2;1;18;29;29015;;1;1;A-45;90;3;15;2;;;1;1;1;;;1;1
2;3;8;29;29015;;1;1;A-45;114,15;3;1;2;;;3;1;2;2;;5;1
2;4;21;29;29015;;1;1;A-343;5,1;6;4;2;;;1;6;2;;;1;1
2;1;2;29;29015;;1;1;A-45;114,4;3;12;2;;;3;6;3;;;1;3
2;3;11;29;29015;;1;1;A-45;89;3;3;2;;;1;1;1;;;1;1
2;3;13;29;29015;;3;2;No inventariada;;9;7;2;;;1;1;1;;;18;998
2;5;6;29;29015;;1;1;A-45;103,05;3;4;2;;;1;6;1;;;1;1
2;3;14;29;29015;;1;1;A-343;15,1;6;3;2;;;1;1;1;;;1;1
3;6;23;29;29015;;1;1;A-45;109,687;3;18;2;;;3;6;3;;;1;2
1;2;8;29;29015;;3;2;No inventariada;;9;7;2;;;1;1;1;;;1;998
2;1;10;29;29015;;3;2;No inventariada;;9;7;2;;;1;1;1;;;1;998
3;4;8;29;29015;;3;2;No inventariada;;9;4;2;;;1;1;1;;;1;998
3;4;9;29;29015;;1;1;A-45;91,6;3;16;2;;;1;1;1;;;1;1
3;4;19;29;29015;;1;1;A-45;87,921;3;18;2;;;1;1;1;;;18;1
3;6;0;29;29015;;1;1;A-45;115,546;3;16;2;;;1;6;1;;;1;1
3;6;16;29;29015;;3;2;No inventariada;;9;2;1;2;;1;1;1;;;1;998
3;6;18;29;29015;;1;1;A-45;113,394;3;15;2;;;3;1;3;;;1;2
4;3;8;29;29015;;1;1;A-45;116,337;3;18;2;;;1;1;1;;;1;2
4;1;21;29;29015;;3;2;No inventariada;;9;2;1;1;;1;3;1;;;1;998
4;5;7;29;29015;;1;1;A-7282;12,6;5;2;1;4;;1;1;1;;;1;1
4;1;8;29;29015;;3;2;No inventariada;;9;4;2;;;1;1;1;;;18;998
5;5;11;29;29015;;1;1;A-92M;24,8;3;3;2;;;1;1;1;;;1;1
4;2;13;29;29015;;3;2;No inventariada;;9;2;1;1;;1;1;1;;;1;998
5;1;14;29;29015;;3;2;No inventariada;;9;2;2;;;1;1;1;;;1;998
5;2;17;29;29015;;1;1;A-92M;23,229;3;4;2;;;1;1;1;;;1;1
5;1;20;29;29015;;3;2;No inventariada;;9;7;2;;;1;2;1;;;6;998
4;6;3;29;29015;;3;2;No inventariada;;9;10;1;1;;1;3;1;;;1;998
5;3;10;29;29015;;1;1;A-45;120;3;3;2;;;1;1;1;;;1;1
5;2;14;29;29015;;3;2;No inventariada;;9;2;2;;;1;1;1;;;1;998
6;1;12;29;29015;;3;2;No inventariada;;9;4;1;4;;1;1;1;;;1;998
6;6;19;29;29015;;3;2;No inventariada;;9;4;1;2;;1;1;1;;;1;998
6;5;3;29;29015;;3;2;No inventariada;;9;6;1;2;;1;4;1;;;1;998
6;6;18;29;29015;;1;1;A-45;105,386;3;4;2;;;1;1;7;;;18;4
5;4;13;29;29015;;3;2;No inventariada;;9;4;1;1;;1;1;1;;;1;998
5;1;12;29;29015;;3;2;No inventariada;;9;2;1;4;;1;1;1;;;1;998
6;3;11;29;29015;;1;1;A-7281;4,9;6;10;1;1;A-7282;1;1;1;;;1;1
6;7;11;29;29015;;1;1;A-92;146,5;3;12;1;12;A-384;1;1;1;;;1;2
6;1;20;29;29015;;3;2;No inventariada;;9;12;2;;;1;1;1;;;18;998
6;4;5;29;29015;;1;1;MA-6413;2,376;6;18;2;;;3;6;2;;;1;2
6;5;9;29;29015;;1;1;A-7281;1,1;6;1;2;;;1;1;1;;;1;1
7;7;3;29;29015;;1;1;A-45;88,1;3;18;2;;;1;6;7;;;1;1
6;2;14;29;29015;;3;2;No inventariada;;11;7;2;;;1;1;1;;;18;998
6;4;23;29;29015;;3;2;No inventariada;;9;7;2;;;1;4;1;;;18;998
6;2;23;29;29015;;3;2;No inventariada;;9;2;1;1;;1;4;1;;;18;998
7;5;18;29;29015;;3;2;No inventariada;;9;10;2;;;1;1;1;;;18;998
7;2;9;29;29015;;1;1;A-343;9,5;6;17;2;;;1;1;1;;;1;3
7;3;15;29;29015;;1;1;A-92;146,437;3;4;2;;;1;1;1;;;1;4
7;1;13;29;29015;;1;1;A-7283;4,394;6;16;2;;;1;1;2;;;1;2
7;1;14;29;29015;;1;1;MA-4403;3,819;6;19;2;;;1;6;1;;;1;1
8;4;1;29;29015;;1;1;No inventariada;5,2;10;14;2;;;1;6;1;1;;4;1
8;6;5;29;29015;;1;1;A-92;150,5;3;18;2;;;1;6;1;;;1;1
8;1;11;29;29015;;3;2;No inventariada;;9;2;1;1;;1;1;1;;;1;998
8;5;7;29;29015;;1;1;No inventariada;1;10;19;2;;;1;2;1;;;1;3
8;1;15;29;29015;;2;2;CAMINO DE;3,616;10;12;1;2;;2;1;1;;;1;1
8;3;14;29;29015;;1;1;A-7282;12,6;5;3;1;4;;1;1;1;;;1;3
8;3;21;29;29015;;1;1;A-7204;34,578;6;1;2;;;1;6;1;;;1;2
9;5;13;29;29015;;1;1;A-7282;3,2;5;12;2;;;1;1;1;;;1;1
7;5;8;29;29015;;3;2;No inventariada;;9;2;2;;;1;1;1;;;1;998
9;5;23;29;29015;;1;1;A-7282;10,5;5;3;1;4;A-7282;1;4;1;;;1;2
9;5;12;29;29015;;3;2;No inventariada;;9;10;1;2;;1;1;1;;;1;998
9;3;14;29;29015;;3;2;No inventariada;;9;10;1;1;;1;1;1;;;1;998
9;7;16;29;29015;;3;2;No inventariada;;14;10;2;;;1;1;1;;;18;998
8;2;20;29;29015;;3;2;No inventariada;;9;10;1;2;;1;2;1;;;1;998
10;5;13;29;29015;;1;1;A-45;117,5;3;4;2;;;1;1;1;;;1;1
10;2;12;29;29015;;3;2;No inventariada;;9;;;;;999;999;999;;;999;998
10;7;14;29;29015;;1;1;A-343;10,2;6;16;2;;;1;1;1;;;1;2
10;6;23;29;29015;;3;2;No inventariada;;9;4;2;;;1;4;1;;;1;998
10;6;14;29;29015;;1;1;MA-5408;3,887;5;12;2;;;1;1;1;;;1;1
9;2;12;29;29015;;3;2;No inventariada;;9;7;1;2;;1;1;1;;;1;998
10;3;15;29;29015;;1;1;A-343;10,95;6;19;2;;;1;1;7;;;18;2
10;5;19;29;29015;;1;1;A-45;103,45;3;12;2;;;3;2;4;;;5;1
10;5;15;29;29015;;3;2;No inventariada;;9;2;2;;;1;1;2;;;1;998
11;7;10;29;29015;;1;1;MA-5406;5,8;6;2;1;5;MA-5406;1;1;1;1;;5;1
11;6;9;29;29015;;1;1;AP-46;2,8;1;16;2;;;1;1;1;;;1;1
10;5;15;29;29015;;3;2;No inventariada;;9;3;1;1;;1;1;1;;;1;998
11;6;19;29;0;;1;1;A-7075;39,6;6;9;2;;;1;6;1;;1;4;2
11;1;11;29;0;;1;1;A-7075;39,785;6;15;2;;;1;1;1;;;4;2
11;3;22;29;29015;;3;2;No inventariada;;9;3;1;1;;3;4;2;;;1;998
11;1;14;29;29015;;3;2;No inventariada;;9;1;1;2;;3;1;2;;;1;998
12;2;11;29;29015;;1;1;MA-5101;10,4;6;2;1;2;MA-5101;1;1;1;;;1;1
12;1;14;29;0;;1;1;AP-46;5,9;1;4;2;;;1;1;1;;;1;1
12;1;19;29;29015;;1;1;A-45;115,7;3;6;2;;;1;6;1;;;14;1
1;5;10;29;29017;;1;1;A-92M;4,3;3;4;2;;;5;1;4;1;;5;1
2;5;12;29;29017;;1;1;A-7200;5;6;2;1;2;;3;1;3;;;1;1
2;7;23;29;29017;;1;1;A-92M;2;3;4;2;;;3;6;3;;;9;1
3;4;10;29;29017;;1;1;MA-5101;8,3;6;2;1;1;;1;1;1;;;1;1
4;4;20;29;29017;;1;1;A-7200;12,1;6;4;2;;;1;1;1;;;1;1
4;7;14;29;29017;;1;1;LAS MONTOR;1,7;10;3;2;;;1;1;1;;;1;1
6;7;18;29;29017;;1;1;A-92;168,944;3;19;2;;;2;1;1;;;18;3
6;4;12;29;29017;;1;1;A-92M;3,065;3;4;2;;;1;1;2;;;1;1
10;2;19;29;29017;;1;1;A-7200;2,8;6;4;2;;;1;5;1;;;18;1
11;2;14;29;29017;;1;1;A-7202;3,983;5;17;2;;;1;1;1;;;1;1
12;6;0;29;29017;;1;1;A-92;167,2;3;6;2;;;1;6;1;;;1;2
1;6;10;29;0;;1;1;A-357;22,966;6;3;2;;;1;1;1;;;1;3
1;5;9;29;0;;1;1;A-357;19,8;6;14;2;;;1;1;1;;;1;1
3;4;13;29;0;;1;1;MA-5403;0,8;6;2;2;;;3;1;4;;;4;2
8;5;17;29;0;;1;1;MA-5403;8,95;6;16;2;;;1;1;1;;;4;1
9;5;14;29;0;;1;1;MA-5403;1,5;6;19;2;;;1;1;1;;;12;2
10;7;12;29;0;;1;1;MA-5403;3,7;6;16;2;;;1;1;1;;;1;2
10;5;12;29;0;;1;1;MA-5403;0,9;6;2;2;;;3;1;3;;;1;2
10;7;18;29;0;;1;1;MA-4400;3,5;6;13;2;;;1;6;1;;;12;1
3;4;13;29;0;;1;1;MA-4111;5,186;6;10;2;;;1;1;1;;;1;2
6;1;2;29;0;;1;1;MA-4109;0,284;6;20;2;;;3;4;1;;;1;1
7;1;9;29;29094;;1;1;MA-4111;1;6;16;2;;;1;1;1;;;1;2
5;5;14;29;29084;;1;1;MA-7403;2,394;6;14;2;;;1;1;1;;;4;1
9;4;8;29;0;;1;1;MA-8307;1,316;6;2;2;;;1;2;1;;;12;2
2;6;6;29;29023;;1;1;A-397;29;6;2;2;;;3;6;4;;;5;1
4;6;17;29;29023;;1;1;A-397;36,2;6;18;2;;;1;1;1;;;1;2
5;1;19;29;29023;;1;1;A-397;39,9;6;19;2;;;1;1;1;;;1;3
7;5;20;29;29023;;1;1;A-397;31,8;6;16;2;;;1;1;1;;;1;1
8;2;1;29;29069;;1;1;A-7;1055;3;4;2;;;1;3;1;;;1;1
9;6;11;29;29023;;1;1;A-397;39,717;6;10;2;;;3;1;2;;;1;2
10;6;17;29;29023;;1;1;A-397;43,114;6;19;2;;;3;1;3;;;1;3
10;7;15;29;29023;;1;1;A-397;41;6;18;2;;;1;1;1;;;1;2
10;7;10;29;29023;;1;1;AP-7;169,8;1;8;2;;;1;1;1;;;1;3
12;4;10;29;29051;;1;1;A-7175;1,561;6;7;1;1;;1;1;2;;;1;1
1;7;11;29;29025;;1;1;A-7;1003,9;2;4;2;;;1;1;1;;;1;1
1;1;9;29;29901;;1;1;AP-7;224,627;1;3;1;12;A-7;1;1;1;;;1;3
1;3;18;29;29025;;3;2;No inventariada;;9;2;2;;;1;4;1;;;1;998
1;1;18;29;29901;;1;1;A-7;1001,9;3;4;2;;;1;1;1;;;1;1
1;4;16;29;29025;;3;2;No inventariada;;9;3;2;;;1;1;1;;;1;998
2;1;7;29;29025;;1;1;A-7;1004,5;3;5;2;;;1;2;1;;;1;1
2;6;12;29;29025;;3;2;No inventariada;;9;7;2;;;1;1;1;;;1;998
1;4;13;29;29025;;3;2;No inventariada;;9;7;2;;;1;1;1;;;1;998
2;1;20;29;29025;;1;1;A-368;4,914;6;2;1;12;;1;6;1;1;;4;4
2;6;15;29;29025;;3;2;No inventariada;;9;20;1;4;;1;1;1;;;1;998
2;3;18;29;29901;;1;1;A-7;1003,42;3;2;1;7;;1;1;1;1;;1;4
3;2;9;29;29025;;3;2;No inventariada;;9;6;2;;;1;1;1;;;1;998
3;2;11;29;29025;;3;2;No inventariada;;9;16;2;;;1;1;1;;;1;998
2;4;18;29;29025;;3;2;No inventariada;;9;3;1;4;;1;1;1;;;1;998
3;3;14;29;29025;;3;2;No inventariada;;9;20;2;;;1;1;1;;;1;998
4;1;7;29;29025;;1;1;AP-7;217;1;4;2;;;1;6;1;;;1;1
3;6;9;29;29025;;3;2;No inventariada;;9;16;1;2;;1;1;1;;;18;998
3;7;11;29;29025;;3;2;No inventariada;;9;2;1;2;;1;1;1;;;18;998
4;2;8;29;29025;;1;1;A-7;1008,5;2;4;2;;;1;5;1;;;1;1
4;4;23;29;29025;;3;2;No inventariada;;9;7;2;;;1;4;1;;;1;998
4;6;9;29;29901;;1;1;A-7;1003,421;3;4;1;4;A-7;1;1;1;;;1;1
3;2;14;29;29025;;3;2;No inventariada;;9;10;1;2;;1;1;1;;;1;998
3;1;14;29;29025;;3;2;No inventariada;;9;3;2;;;1;1;1;;;1;998
4;6;19;29;29025;;3;2;No inventariada;;9;4;2;;;1;1;1;;;1;998
5;5;17;29;29054;;1;1;A-7;1010,258;3;4;2;;;1;2;1;1;;1;1
5;1;10;29;29025;;3;2;No inventariada;;9;18;2;;;1;1;1;;;1;998
5;1;12;29;29025;;3;2;No inventariada;;9;20;2;;;1;1;1;;;1;998
5;6;10;29;29025;;1;1;A-7;1005,733;3;5;2;;;1;1;1;;;1;1
5;2;15;29;29025;;3;2;No inventariada;;9;20;1;4;;1;1;1;;;1;998
6;3;19;29;29025;;3;2;No inventariada;;9;7;2;;;1;1;1;;;6;998