MES;DIA_SEMANA;HORA;COD_PROVINCIA;COD_MUNICIPIO;ISLA;ZONA;ZONA_AGRUPADA;CARRETERA;KM;TIPO_VIA;TIPO_ACCIDENTE;NUDO;NUDO_INFO;CARRETERA_CRUCE;CONDICION_FIRME;CONDICION_ILUMINACION;CONDICION_METEO;CONDICION_NIEBLA;CONDICION_VIENTO;VISIB_RESTRINGIDA_POR;TRAZADO_PLANTA
5;3;16;29;29025;;3;2;No inventariada;;9;2;1;2;;1;1;1;;;1;998
6;6;19;29;29025;;1;1;A-7;1007;3;4;2;;;1;1;1;;;1;1
6;7;16;29;29025;;3;2;No inventariada;;9;7;2;;;1;1;1;;;18;998
6;1;14;29;29025;;1;1;A-368;4,6;6;10;1;4;;7;1;1;;;1;2
5;4;10;29;29025;;3;2;No inventariada;;9;4;2;;;1;1;1;;;1;998
6;6;13;29;29025;;3;2;No inventariada;;9;4;2;;;1;1;1;;;1;998
6;7;20;29;29025;;3;2;No inventariada;;9;10;2;;;1;1;1;;;1;998
6;6;14;29;29025;;3;2;No inventariada;;9;2;2;;;1;1;1;;;1;998
5;3;14;29;29025;;3;2;No inventariada;;9;7;1;1;;1;1;1;;;1;998
6;6;10;29;29025;;3;2;No inventariada;;9;7;2;;;1;1;1;;;1;998
6;6;17;29;29025;;3;2;No inventariada;;14;7;1;2;;1;1;1;;;1;998
6;6;13;29;29025;;3;2;No inventariada;;9;4;2;;;1;1;1;;;1;998
4;7;12;29;29025;;3;2;No inventariada;;9;10;2;;;1;1;1;;;1;998
6;5;18;29;29025;;1;1;AP-7;218;1;4;2;;;1;1;1;;;1;1
7;4;10;29;29025;;3;2;No inventariada;;9;16;1;4;;1;1;1;;;1;998
7;6;16;29;29025;;1;1;A-7;1003,5;3;4;2;;;1;1;1;;;18;1
6;6;12;29;29025;;3;2;No inventariada;;9;7;2;;;1;1;1;;;1;998
7;6;14;29;29025;;3;2;No inventariada;;9;2;2;;;1;1;1;;;1;998
6;1;15;29;29025;;3;2;No inventariada;;9;10;2;;;1;1;1;;;1;998
7;5;16;29;29025;;1;1;AP-7;220;1;4;2;;;1;6;1;;;1;1
7;2;5;29;29025;;1;1;A-7;1004,8;3;18;2;;;1;6;1;;;1;1
7;6;3;29;29025;;3;2;No inventariada;;9;19;2;;;1;3;1;;;1;998
8;6;13;29;29901;;1;1;A-7;1002;3;5;2;;;2;1;1;;;1;1
8;7;3;29;29025;;1;1;A-7;1007,173;3;12;2;;;1;6;1;;;1;1
8;3;22;29;29901;;1;1;A-7;1002,2;3;6;2;;;1;6;1;;;1;1
8;3;15;29;29025;;3;2;No inventariada;;9;20;2;;;1;1;1;;;1;998
8;4;17;29;29025;;1;1;A-7;1009,3;3;5;2;;;1;1;1;;;1;1
9;3;15;29;29025;;1;1;A-7;1008,7;3;4;2;;;1;1;1;;;18;1
9;3;17;29;29025;;1;1;A-7;1006,7;3;5;2;;;1;1;1;;;1;1
9;2;14;29;29025;;3;2;No inventariada;;14;4;2;;;1;1;1;;;1;998
9;3;9;29;29025;;3;2;No inventariada;;9;7;1;2;;1;1;1;;;1;998
9;2;13;29;29025;;3;2;No inventariada;;9;3;1;4;;1;1;1;;;1;998
9;7;20;29;29025;;1;1;A-7;1008;3;15;1;12;;1;2;1;;;1;2
10;2;9;29;29025;;1;1;A-7;1005,8;3;10;2;;;1;1;1;;;1;3
10;1;18;29;29025;;3;2;No inventariada;;9;20;1;4;;1;1;1;;;1;998
10;1;17;29;29025;;3;2;No inventariada;;9;4;2;;;1;1;1;;;1;998
10;6;21;29;29025;;3;2;No inventariada;;14;19;1;4;;1;3;2;;;1;998
10;6;10;29;29025;;3;2;No inventariada;;9;2;2;;;1;1;1;;;1;998
11;7;9;29;29025;;3;2;No inventariada;;9;10;1;4;;8;1;2;;;1;998
11;2;10;29;29025;;3;2;No inventariada;;9;10;1;4;;7;1;1;;;1;998
11;1;8;29;29025;;3;2;No inventariada;;9;7;2;;;1;1;1;;;6;998
11;3;19;29;29025;;3;2;No inventariada;;9;10;1;4;;1;4;1;;;1;998
11;5;14;29;29025;;3;2;No inventariada;;9;7;2;;;1;1;1;;;1;998
11;6;17;29;29025;;3;2;No inventariada;;9;15;1;2;;1;1;1;;;1;998
11;5;15;29;29901;;1;1;A-7;1003,1;3;10;2;;;1;1;1;;;1;1
11;5;18;29;29025;;3;2;No inventariada;;9;4;2;;;1;4;1;;;1;998
11;7;8;29;29025;;3;2;No inventariada;;9;4;2;;;1;1;1;;;1;998
12;1;12;29;29901;;1;1;A-7;1002,9;3;3;2;;;1;1;1;;;1;1
12;3;16;29;29025;;1;1;A-7;1008,3;3;5;2;;;1;1;1;;;1;1
12;6;19;29;29025;;3;2;No inventariada;;9;10;2;;;8;4;1;;;1;998
12;2;16;29;29025;;3;2;No inventariada;;9;1;2;;;1;2;1;;;1;998
12;1;9;29;29025;;3;2;No inventariada;;9;10;2;;;1;1;1;;;1;998
12;6;1;29;29025;;3;2;No inventariada;;9;1;2;;;1;6;1;;;5;998
12;1;14;29;29025;;3;2;No inventariada;;9;4;2;;;1;1;1;;;1;998
12;1;23;29;29070;;1;1;A-7;1011,557;3;5;2;;;3;6;3;;;18;2
2;6;9;29;29094;;1;1;MA-3112;7,4;6;18;2;;;1;1;1;;;1;1
8;5;18;29;29094;;1;1;MA-3116;2,706;6;18;2;;;1;1;1;;;1;2
9;6;19;29;0;;2;2;MA-3116;3,757;6;12;1;4;;1;1;1;;;1;2
10;4;11;29;29094;;1;1;MA-3112;9,217;6;18;2;;;1;1;1;;;1;2
11;3;17;29;0;;3;2;No inventariada;;9;7;2;;;1;1;1;;;1;998
1;4;22;29;0;;1;1;MA-7401;7,1;6;19;2;;;3;6;3;;;1;1
5;1;7;29;0;;1;1;A-366;18;6;12;2;;;1;2;1;;;1;3
11;6;11;29;0;;1;1;MA-5401;4,6;6;19;2;;;1;1;1;;;1;2
2;4;2;29;29032;;1;1;A-384;106,476;6;12;1;2;;1;4;1;;;1;1
3;6;20;29;29032;;1;1;MA-6404;8;6;2;2;;;3;6;3;;;1;1
4;2;16;29;29032;;1;1;A-357;4,3;6;19;2;;;1;1;1;;;1;1
6;2;11;29;29032;;2;2;A-384;106,2;6;2;1;1;A-384;1;1;1;;;1;1
6;4;15;29;29032;;1;1;A-357;0,157;6;3;1;2;A-384;1;1;1;;;1;2
7;1;7;29;29032;;1;1;A-384;105,35;6;6;1;4;MA-6407;1;3;1;;;1;1
7;4;14;29;29032;;1;1;A-384;100,5;6;10;2;;;1;1;1;;;1;2
9;7;8;29;29032;;1;1;A-384;102,25;6;18;2;;;1;1;1;;;1;1
3;6;14;29;0;;1;1;A-367;20;6;1;2;;;3;1;4;;;1;3
3;3;3;29;0;;1;1;MA-6400;0,3;6;17;2;;;3;6;3;;;4;3
7;6;8;29;0;;1;1;A-367;17,6;6;18;2;;;1;1;1;;;1;3
8;6;16;29;0;;1;1;A-367;11,471;6;14;2;;;1;4;1;;;1;1
9;1;0;29;0;;1;1;A-367;21,4;6;12;2;;;1;6;1;;;1;3
10;1;18;29;0;;1;1;A-384;86,8;6;10;2;;;1;1;1;;;1;1
1;4;10;29;0;;1;1;A-357;25,674;6;2;1;1;A-357R2;3;1;3;;;1;2
11;4;4;29;0;;1;1;A-357;25,593;6;1;1;10;;3;6;3;;;1;1
11;3;15;29;29038;;2;2;A-7057;0,8;6;2;1;2;;1;1;1;;;1;3
1;5;20;29;29038;;1;1;A-357;53,7;6;4;2;;;1;6;2;;;1;1
2;2;12;29;29038;;1;1;A-7057;0,498;6;2;1;2;A-7057;1;1;7;;;1;1
3;3;8;29;29038;;1;1;A-7057;4,076;6;7;2;;;1;1;1;;;1;2
3;3;7;29;29038;;1;1;A-357;49,473;6;4;2;;;1;2;1;;;18;1
4;5;15;29;29038;;1;1;A-7054;12,9;6;4;1;2;;1;1;1;;;1;1
4;7;11;29;29038;;1;1;A-357;45,95;6;4;2;;;1;1;2;;;1;1
4;1;4;29;29038;;1;1;A-7052;7,656;6;13;2;;;1;6;1;;;1;2
4;4;23;29;29038;;1;1;A-7054;12,5;6;10;1;4;;1;4;1;;;1;1
5;5;8;29;29038;;1;1;A-357;55,986;6;4;2;;;1;1;1;;;1;1
5;1;11;29;29067;;1;1;A-357;59,166;6;4;2;;;1;1;1;;;1;1
5;4;17;29;29038;;1;1;A-7057;3,8;6;2;1;4;;1;1;1;;;1;1
5;5;3;29;29038;;1;1;A-7054;12,258;6;4;2;;;1;4;1;;;1;2
5;3;19;29;29038;;1;1;No inventariada;6;10;2;2;;;1;1;1;;;18;4
6;2;15;29;29038;;1;1;A-7054;9,95;6;16;2;;;1;1;1;;;1;1
6;4;17;29;29038;;1;1;A-357;45,7;6;5;2;;;1;1;1;;;1;1
6;5;7;29;29038;;1;1;MA-3304;2,52;6;4;2;;;1;2;1;;;1;1
6;2;11;29;29038;;2;2;A-7054;11,9;6;7;1;1;;1;1;1;;;3;1
7;2;9;29;29038;;1;1;A-7059;2,3;6;4;1;2;;1;1;1;;;1;1
7;6;17;29;29038;;1;1;A-357;57,3;6;12;2;;;1;1;1;;;1;1
7;2;7;29;29038;;1;1;A-357;48;6;18;1;4;A-355;1;1;1;;;1;2
7;7;9;29;29038;;1;1;A-357;48;6;19;1;4;A-355;1;1;1;;;1;2
7;5;11;29;29038;;1;1;A-357;47,777;6;9;1;4;A-357;7;1;1;;;1;2
8;5;14;29;29038;;1;1;A-357;45;6;4;2;;;1;1;1;;;1;1
8;3;22;29;29038;;1;1;A-7057;1,522;6;1;2;;;1;4;1;;;1;1
8;6;10;29;29038;;1;1;A-7057;0,5;6;2;1;2;;1;1;1;;;1;1
9;7;17;29;29038;;1;1;A-357;44,9;6;4;2;;;1;1;1;;;1;1
9;1;5;29;29038;;1;1;A-7059;1,65;6;8;2;;;1;6;1;;;4;1
10;2;20;29;29038;;1;1;A-7057;3,9;6;1;2;;;1;1;1;;;1;2
10;4;16;29;29038;;1;1;A-7054;11,837;6;2;1;2;;1;1;1;;;1;1
11;5;21;29;29038;;1;1;A-7057;1,6;6;4;1;4;A-7057;1;4;1;;;1;1
12;1;20;29;29038;;1;1;A-357;57,326;6;4;2;;;1;6;1;;;1;1
12;5;14;29;29038;;1;1;A-7054;11,5;6;3;2;;;1;1;1;;;1;1
12;6;2;29;29038;;1;1;A-7054;12,5;6;2;1;1;A-7057;1;4;1;;;1;1
12;7;0;29;29038;;1;1;A-357;46;6;18;2;;;1;6;1;;;4;2
12;2;8;29;29038;;1;1;A-7057;0,5;6;2;1;2;MA-3304;1;3;1;;;1;1
12;3;18;29;29038;;1;1;A-7057;0,505;6;1;1;4;A-7057;1;2;1;;;1;1
1;2;15;29;0;;1;1;A-45;130,367;3;16;2;;;3;1;3;;;5;1
2;1;10;29;0;;1;1;A-45;129,3;3;12;2;;;3;1;3;;;1;3
2;2;16;29;0;;1;1;A-45;128,968;3;3;2;;;1;1;1;;;1;1
3;2;7;29;29067;;1;1;AP-46;21,856;1;16;2;;;1;6;1;;;1;1
6;7;20;29;29015;;1;1;AP-46;4;1;9;2;;;1;1;1;;;1;3
7;3;8;29;0;;1;1;MA-3100;0,2;6;3;2;;;1;1;1;;;1;1
8;6;13;29;0;;1;1;A-356;4,98;6;1;2;;;1;1;1;;;1;2
8;4;21;29;0;;1;1;A-45;122,3;3;20;2;;;1;6;1;;;4;3
8;6;6;29;0;;1;1;A-45;124,599;3;4;2;;;1;6;1;;;1;2
8;1;15;29;0;;1;1;A-45;127;3;5;2;;;1;1;1;;;1;1
12;5;23;29;0;;1;1;MA-3404;4,8;6;12;2;;;1;6;1;;;4;2
12;3;13;29;0;;1;1;AP-46;5,1;1;2;2;;;1;1;1;;;1;1
4;2;17;29;0;;1;1;A-357;31,45;6;18;2;;;1;1;1;;;1;3
7;5;12;29;0;;1;1;A-357;35,4;6;17;2;;;1;1;1;;;1;1
7;4;11;29;0;;1;1;A-357;29,9;6;3;2;;;1;1;1;;;1;2
1;2;7;29;29041;;1;1;A-377;8,3;6;19;2;;;3;6;3;;;1;3
3;5;10;29;29041;;1;1;MA-8300;0,5;6;4;2;;;3;1;3;;;1;1
11;2;13;29;29041;;1;1;MA-8300;11,8;6;1;2;;;1;1;1;;;1;2
12;7;8;29;29041;;1;1;MA-8300;10,052;6;19;2;;;3;1;3;;;1;2
1;5;14;29;29042;;1;1;A-404;0,9;6;7;1;2;;1;1;1;;;1;2
1;7;0;29;29042;;1;1;A-404;1;6;2;1;2;;3;6;3;;;1;1
1;6;14;29;29042;;2;2;A-7059;0;6;4;1;2;;1;1;1;;;1;1
1;3;13;29;29042;;3;2;No inventariada;;9;7;1;2;;1;1;1;;;1;998
1;7;19;29;29042;;1;1;A-7102;1;6;12;2;;;1;6;1;;;18;3
2;1;16;29;29042;;3;2;No inventariada;;9;4;2;;;1;1;2;;;1;998
3;4;13;29;29042;;3;2;No inventariada;;9;2;1;1;;3;1;3;;;2;998
4;7;12;29;29008;;1;1;MA-3303;4,2;6;4;1;2;;1;1;1;;;1;3
5;3;0;29;29042;;3;2;No inventariada;;14;2;1;2;;1;4;1;;;1;998
5;6;22;29;29042;;1;1;A-7059;12,3;6;7;1;4;A-404;1;4;1;;;1;3
5;4;22;29;29042;;1;1;A-366;59,9;6;2;2;;;1;6;1;;;4;3
4;2;16;29;29042;;3;2;No inventariada;;9;4;2;;;1;1;1;;;1;998
5;4;8;29;29042;;3;2;No inventariada;;9;2;2;;;1;1;1;;;1;998
6;2;13;29;29042;;1;1;MA-3303;0,8;6;2;1;1;A-355;1;1;1;;;1;1
6;6;10;29;29042;;1;1;CARRIL DE;5;10;15;2;;;2;1;1;;;1;1
6;1;18;29;29008;;1;1;A-7053;2;6;9;2;;;1;1;1;;;1;2
6;5;15;29;29042;;3;2;No inventariada;;9;4;1;4;;1;1;1;;;1;998
7;6;23;29;29042;;1;1;MA-3303;3,5;6;8;2;;;1;6;1;;;1;1
9;7;11;29;29042;;1;1;A-366;57,3;6;2;2;;;1;1;1;;;1;1
9;2;7;29;29042;;1;1;A-404;2,007;6;4;2;;;1;2;1;;;1;1
9;5;19;29;29042;;1;1;A-366;59,1;6;15;2;;;7;2;1;;;1;2
10;5;15;29;29042;;1;1;A-355;17,8;6;1;2;;;3;1;3;;;4;2
10;1;8;29;0;;1;1;A-356;5;6;19;2;;;3;3;2;;;1;2
8;6;16;29;0;;1;1;MA-3105;2,5;6;16;2;;;1;1;1;;;1;2
10;7;11;29;0;;1;1;MA-3107;11,455;6;18;2;;;3;1;3;;;1;1
8;3;22;29;0;;1;1;A-7207;2,5;6;7;2;;;1;4;1;;;17;3
9;6;20;29;0;;1;1;A-7207;8,109;6;10;2;;;1;3;1;1;;1;2
10;1;8;29;0;;1;1;A-7207;11;6;1;2;;;3;1;1;;;18;3
9;7;21;29;0;;3;2;No inventariada;;9;16;2;;;1;4;1;;;1;998
11;5;8;29;0;;1;1;CA-8201;19,9;6;1;2;;;1;1;1;;;18;2
3;5;7;29;0;;1;1;A-7300;8,7;6;2;1;1;A-7201;1;2;1;;;1;1
1;2;16;29;0;;1;1;A-367;23,726;6;19;2;;;1;1;1;;;18;3
6;1;14;29;0;;1;1;A-367;22,866;6;4;1;2;A-7276;1;1;1;;;1;1
11;4;16;29;0;;1;1;C.  REAL C;1,5;14;14;2;;;1;1;1;;;4;3
1;5;18;29;0;;1;1;A-7376;3,2;6;1;2;;;3;2;3;;;18;2
2;5;19;29;0;;3;2;No inventariada;;9;2;1;2;;1;4;1;;;17;998
3;7;5;29;0;;1;1;A-7300;1,9;6;15;2;;;3;6;4;;;1;2
9;3;21;29;0;;1;1;MA-9009;0,3;6;2;2;;;1;6;1;;;17;1
1;6;16;29;29051;;1;1;A-7;1056,5;8;4;1;2;;1;1;1;;;1;3
1;3;16;29;29051;;1;1;A-7;1075,45;3;16;2;;;3;1;3;;;1;3
1;1;10;29;29051;;3;2;No inventariada;;9;2;2;;;1;1;1;;;1;998
1;2;12;29;29051;;3;2;No inventariada;;9;4;2;;;1;1;1;;;1;998
2;4;21;29;29051;;1;1;A-7;1073,5;3;4;2;;;1;6;1;;;1;1
2;3;16;29;29051;;3;2;No inventariada;;9;10;2;;;1;1;1;;;1;998
2;5;12;29;29051;;1;1;A-7;1069,53;3;12;2;;;1;1;1;;;1;1
2;3;17;29;29051;;1;1;A-7175;0,5;6;4;2;;;1;1;1;;;1;1
2;4;17;29;29051;;3;2;No inventariada;;9;6;2;;;1;1;1;;;1;998
3;1;0;29;29051;;1;1;A-7;1060,12;3;4;2;;;1;4;1;;;1;1
3;5;23;29;29051;;1;1;A-7;1061;3;16;2;;;3;4;3;;;1;1
3;3;14;29;29069;;1;1;A-7;1055,95;3;10;2;;;2;1;1;;;1;3
3;4;12;29;29051;;1;1;A-7;1062;3;4;1;2;A-7;1;1;1;;;1;3
3;5;16;29;29051;;3;2;No inventariada;;9;7;2;;;1;1;1;;;1;998
3;1;22;29;29051;;3;2;No inventariada;;9;2;1;2;;1;4;1;;;1;998
3;1;13;29;29051;;3;2;No inventariada;;9;10;2;;;1;1;1;;;1;998
3;3;19;29;29051;;3;2;No inventariada;;9;3;2;;;1;1;1;;;1;998
2;4;16;29;29051;;3;2;No inventariada;;9;2;2;;;1;1;1;;;9;998
2;4;20;29;29051;;3;2;No inventariada;;9;10;2;;;3;4;3;;;5;998
2;2;8;29;29051;;3;2;No inventariada;;9;2;1;4;;1;1;1;;;1;998
3;5;11;29;29051;;3;2;No inventariada;;9;2;2;;;3;1;3;;;1;998
3;2;6;29;29051;;3;2;No inventariada;;9;7;2;;;3;3;4;;;5;998
3;1;15;29;29051;;3;2;No inventariada;;9;2;1;2;;1;1;2;;;1;998
2;4;10;29;29051;;3;2;No inventariada;;9;2;1;1;;1;1;1;;;1;998
4;3;9;29;29051;;1;1;A-7;1072,835;3;2;1;4;A-7;1;1;1;;;1;1
4;3;12;29;29051;;3;2;No inventariada;;9;2;2;;;1;1;1;;;1;998
4;4;9;29;29051;;3;2;No inventariada;;9;19;1;2;;3;1;1;;;1;998
5;6;15;29;29051;;3;2;No inventariada;;9;6;2;;;1;1;1;;;1;998
5;2;9;29;29051;;3;2;No inventariada;;9;2;2;;;1;1;1;;;1;998
4;2;16;29;29051;;3;2;No inventariada;;9;7;2;;;1;1;1;;;1;998
4;2;12;29;29051;;3;2;No inventariada;;9;20;2;;;1;1;1;;;1;998
5;3;13;29;29051;;1;1;A-7;1059,7;3;5;2;;;1;1;1;;;1;1
5;3;18;29;29051;;1;1;A-7;1065,9;5;3;2;;;1;1;1;;;1;1
5;1;20;29;29051;;3;2;No inventariada;;9;2;2;;;1;1;1;;;1;998
5;2;14;29;29051;;3;2;No inventariada;;9;7;2;;;1;1;1;;;1;998
5;1;13;29;29051;;3;2;No inventariada;;9;10;2;;;1;1;1;;;1;998
5;6;11;29;29051;;3;2;No inventariada;;9;7;2;;;1;1;1;;;1;998
5;5;23;29;29051;;1;1;A-7;1075;3;12;2;;;1;6;1;;;1;1
5;7;17;29;29051;;3;2;No inventariada;;9;15;2;;;1;1;1;;;1;998
5;5;23;29;29051;;1;1;A-7;1074,812;3;6;1;4;;1;6;1;;;18;1
5;2;18;29;29051;;3;2;No inventariada;;9;10;2;;;1;1;1;;;1;998
5;4;20;29;29051;;3;2;No inventariada;;9;2;1;4;;1;1;1;;;1;998
5;1;6;29;29051;;3;2;No inventariada;;9;7;2;;;1;1;1;;;1;998
6;6;1;29;29051;;3;2;No inventariada;;9;6;2;;;1;4;1;;;1;998
5;4;13;29;29051;;3;2;No inventariada;;9;4;2;;;1;1;1;;;1;998
6;4;17;29;29051;;1;1;MA-8301;1,95;6;15;2;;;1;1;1;;;4;2
6;2;19;29;29051;;1;1;A-7;1074,1;3;4;1;4;;1;1;1;;;1;1
6;2;13;29;29051;;1;1;A-7;1065;3;4;2;;;1;1;1;;;1;1
6;3;15;29;29051;;1;1;MA-8301;0,9;6;15;2;;;1;1;1;;;1;2
6;5;1;29;29051;;1;1;A-7;1064,942;3;4;2;;;1;4;1;;;1;1
6;6;22;29;29051;;3;2;No inventariada;;9;16;2;;;1;2;1;;;1;998
6;3;23;29;29051;;3;2;No inventariada;;9;2;2;;;1;5;1;;;1;998
6;4;22;29;29051;;3;2;No inventariada;;9;10;2;;;1;5;1;;;1;998
7;2;12;29;29051;;1;1;A-7;1057,187;3;4;2;;;1;1;1;;;1;1
7;5;14;29;29023;;1;1;AP-7;166;1;8;2;;;1;1;1;;;1;1
7;1;19;29;29051;;1;1;A-7;1062,5;3;3;2;;;1;1;1;;;1;1
6;1;17;29;29051;;3;2;No inventariada;;9;10;2;;;1;1;1;;;1;998
6;2;14;29;29051;;3;2;No inventariada;;9;10;2;;;2;1;1;;;18;998
6;6;17;29;29051;;3;2;No inventariada;;9;7;2;;;1;1;1;;;1;998
7;3;11;29;29051;;3;2;No inventariada;;9;2;2;;;1;1;1;;;18;998
7;3;8;29;29051;;3;2;No inventariada;;9;10;2;;;1;1;1;;;1;998
7;3;12;29;29051;;3;2;No inventariada;;9;9;2;;;1;1;1;;;1;998
7;7;18;29;29051;;1;1;AP-7;164,602;1;17;2;;;1;1;1;;;1;1
7;5;16;29;29051;;3;2;No inventariada;;9;4;2;;;1;1;1;;;1;998
7;2;15;29;29051;;3;2;No inventariada;;9;2;2;;;1;1;1;;;1;998
8;4;14;29;29051;;3;2;No inventariada;;9;10;2;;;1;1;1;;;1;998
7;2;13;29;29051;;3;2;No inventariada;;9;7;2;;;1;1;1;;;1;998
7;1;9;29;29051;;3;2;No inventariada;;14;2;1;1;;1;1;1;;;1;998
7;1;9;29;29051;;3;2;No inventariada;;9;6;2;;;1;1;1;;;1;998
7;7;23;29;29051;;3;2;No inventariada;;9;2;1;1;;1;4;7;;;1;998
8;3;19;29;29051;;1;1;AP-7;156;1;15;1;12;A-7;1;1;1;;;1;1
8;5;16;29;29051;;3;2;No inventariada;;9;1;2;;;1;1;1;;;1;998
7;2;9;29;29051;;3;2;No inventariada;;9;7;2;;;1;1;1;;;6;998
8;2;14;29;29051;;1;1;A-7;1056,832;8;3;2;;;1;1;1;;;1;1
8;1;14;29;29051;;1;1;A-7;1072,8;3;2;1;2;;1;1;1;;;1;1
8;5;11;29;29051;;3;2;No inventariada;;9;3;2;;;1;1;1;;;1;998
8;1;20;29;29051;;1;1;A-7;1072,8;3;3;1;2;;1;2;1;;;1;1
8;5;8;29;29051;;1;1;A-7;1067,106;3;16;2;;;1;1;1;;;1;3
8;7;23;29;29051;;3;2;No inventariada;;9;3;2;;;1;1;1;;;1;998
9;3;21;29;29051;;1;1;A-7;1075;3;19;1;4;;1;6;1;;;1;2
9;6;23;29;29051;;3;2;No inventariada;;9;7;2;;;3;4;3;;;7;998
9;3;8;29;29051;;3;2;No inventariada;;9;5;2;;;1;1;1;;;1;998
9;3;12;29;29051;;3;2;No inventariada;;9;2;2;;;1;1;1;;;1;998
9;5;12;29;29051;;1;1;A-7;1074,3;3;2;1;4;A-7;1;1;1;;;1;2
9;6;12;29;29051;;1;1;A-7;1075,3;3;5;2;;;1;1;2;;;1;1
9;2;23;29;29051;;3;2;No inventariada;;9;10;2;;;1;4;1;;;1;998
9;1;15;29;29051;;3;2;No inventariada;;9;3;2;;;1;1;1;;;1;998
10;5;16;29;29068;;1;1;A-7;1084,7;3;4;2;;;1;1;1;;;1;1
10;6;9;29;29051;;3;2;No inventariada;;9;7;2;;;1;1;1;;;18;998
10;2;23;29;29051;;3;2;No inventariada;;9;10;1;2;;1;5;1;;;1;998
10;4;17;29;29051;;3;2;No inventariada;;9;4;2;;;1;1;1;;;1;998
10;2;8;29;29051;;1;1;A-7;1072,844;3;3;1;4;;1;1;1;;;1;1
10;5;8;29;29051;;1;1;A-7;1069,3;3;16;2;;;1;3;1;;;1;1
10;3;17;29;29051;;1;1;A-7;1059;3;4;2;;;1;1;1;;;1;1
10;2;17;29;29051;;3;2;No inventariada;;9;1;2;;;3;1;2;;;1;998
10;7;5;29;29051;;3;2;No inventariada;;9;11;2;;;3;4;3;;;5;998
11;7;2;29;29051;;1;1;AP-7;162,418;1;12;2;;;1;4;2;;;1;1
11;4;13;29;29051;;1;1;A-7;1066;3;5;2;;;1;1;1;;;1;1
11;2;15;29;29051;;3;2;No inventariada;;9;2;2;;;1;1;1;;;1;998
11;1;16;29;29051;;1;1;A-7;1064;3;4;2;;;1;2;1;;;1;2
11;7;14;29;29051;;3;2;No inventariada;;9;4;2;;;1;1;1;;;1;998
11;5;20;29;29051;;3;2;No inventariada;;9;10;2;;;3;1;1;;;1;998
11;1;12;29;29051;;3;2;No inventariada;;9;7;2;;;1;1;1;;;1;998
11;7;20;29;29051;;3;2;No inventariada;;9;3;2;;;1;4;1;1;;1;998
11;7;11;29;29041;;1;1;AP-7;149,3;1;19;2;;;1;1;2;;;1;3
11;1;12;29;29051;;1;1;AP-7;150,35;1;6;2;;;1;1;1;;;1;1
12;1;19;29;29051;;1;1;A-7;1059;3;18;2;;;1;4;1;;;1;1
12;4;19;29;29051;;1;1;A-7;1067,5;3;4;2;;;1;3;1;;;1;2
11;1;16;29;29051;;3;2;No inventariada;;9;7;2;;;1;1;1;;;1;998
12;3;16;29;29051;;3;2;No inventariada;;9;7;2;;;1;1;1;;;6;998
12;3;9;29;29051;;1;1;A-7;1062;3;3;2;;;1;1;1;;;1;1
12;5;13;29;29051;;3;2;No inventariada;;9;2;2;;;1;1;1;;;1;998
12;1;20;29;29051;;1;1;A-7;1076;3;18;1;4;;3;4;3;;;1;1
6;2;7;29;0;;1;1;MA-5105;0,1;6;4;2;;;1;1;1;;;1;1
1;2;7;29;29054;;1;1;A-7;1016,9;3;4;2;;;1;6;1;;;1;2
1;2;11;29;29054;;1;1;A-7;1014,2;3;6;2;;;1;1;1;;;1;1
1;2;13;29;29054;;3;2;No inventariada;;9;7;1;2;;1;1;1;;;1;998
1;3;19;29;29054;;1;1;A-7;1014,568;3;4;2;;;1;6;1;;;1;1
1;6;15;29;29054;;3;2;No inventariada;;9;6;2;;;1;1;1;;;1;998
1;2;14;29;29054;;3;2;No inventariada;;9;10;2;;;7;1;1;;;1;998
1;3;13;29;29054;;3;2;No inventariada;;9;7;2;;;1;1;1;;;1;998
2;4;15;29;29054;;3;2;No inventariada;;9;2;2;;;1;1;1;;;1;998
2;6;19;29;29054;;3;2;No inventariada;;9;4;1;4;;1;4;1;;;1;998
2;7;4;29;29054;;3;2;No inventariada;;9;6;2;;;1;4;1;;;1;998
2;4;22;29;29054;;3;2;No inventariada;;9;2;2;;;1;4;1;;;1;998
2;6;14;29;29054;;3;2;No inventariada;;9;3;2;;;1;1;1;;;1;998
2;2;17;29;29054;;3;2;No inventariada;;9;7;2;;;1;1;1;;;1;998
2;4;20;29;29054;;3;2;No inventariada;;9;2;1;2;;3;4;3;;;1;998
2;1;10;29;29054;;3;2;No inventariada;;9;4;2;;;1;1;1;;;1;998
2;4;20;29;29054;;3;2;No inventariada;;9;10;2;;;1;4;1;;;1;998
2;5;8;29;29054;;3;2;No inventariada;;9;11;2;;;1;1;1;;;1;998
2;7;1;29;29025;;1;1;A-7;1009;3;6;2;;;1;4;1;;;1;1
2;7;17;29;29054;;1;1;A-7;1014,282;3;4;2;;;1;1;1;;;4;1
2;1;20;29;29054;;3;2;No inventariada;;9;3;2;;;1;3;1;;;1;998
2;7;16;29;29054;;3;2;No inventariada;;9;2;1;2;;3;1;3;;;1;998
3;6;22;29;29054;;3;2;No inventariada;;9;2;1;1;;1;4;1;;;1;998
3;7;14;29;29054;;3;2;No inventariada;;9;10;1;4;;1;1;1;;;1;998
3;2;15;29;29054;;3;2;No inventariada;;9;7;2;;;1;1;1;;;1;998
3;4;18;29;29054;;3;2;No inventariada;;9;10;2;;;3;3;2;;;1;998
3;4;9;29;29054;;3;2;No inventariada;;9;4;2;;;1;1;1;;;1;998
3;4;16;29;29054;;3;2;No inventariada;;9;7;2;;;1;1;1;;;1;998
4;6;3;29;29025;;1;1;AP-7;215,7;1;17;2;;;1;6;1;;;1;3
4;1;15;29;29054;;1;1;A-7;1013,718;3;4;2;;;1;1;1;;;1;1
4;1;16;29;29054;;3;2;No inventariada;;9;1;2;;;1;1;1;;;1;998
4;3;23;29;29054;;3;2;No inventariada;;9;2;2;;;1;4;1;;;1;998
4;1;11;29;29054;;3;2;No inventariada;;9;10;2;;;1;1;1;;;1;998
4;2;12;29;29054;;3;2;No inventariada;;9;7;2;;;1;1;1;;;16;998
4;3;12;29;29054;;3;2;No inventariada;;9;7;1;2;;1;1;1;;;18;998