MES;DIA_SEMANA;HORA;COD_PROVINCIA;COD_MUNICIPIO;ISLA;ZONA;ZONA_AGRUPADA;CARRETERA;KM;TIPO_VIA;TIPO_ACCIDENTE;NUDO;NUDO_INFO;CARRETERA_CRUCE;CONDICION_FIRME;CONDICION_ILUMINACION;CONDICION_METEO;CONDICION_NIEBLA;CONDICION_VIENTO;VISIB_RESTRINGIDA_POR;TRAZADO_PLANTA
4;4;19;29;29054;;3;2;No inventariada;;9;7;2;;;1;1;1;;;1;998
3;5;15;29;29054;;3;2;No inventariada;;9;7;2;;;1;1;1;;;1;998
4;6;17;29;29070;;1;1;A-7;1012,885;3;14;2;;;1;1;1;;;1;1
4;5;16;29;29054;;3;2;No inventariada;;9;2;1;1;;1;1;1;;;1;998
5;5;9;29;29054;;1;1;A-7;1014,596;3;4;2;;;1;1;1;;;1;1
4;7;11;29;29054;;3;2;No inventariada;;9;3;2;;;1;1;1;;;1;998
5;6;19;29;29054;;3;2;No inventariada;;9;4;2;;;1;1;1;;;1;998
4;1;14;29;29054;;3;2;No inventariada;;9;10;2;;;7;1;1;;;1;998
4;4;7;29;29054;;3;2;No inventariada;;9;2;1;4;;1;3;1;;;1;998
5;1;8;29;29054;;3;2;No inventariada;;9;2;1;2;;1;1;1;;;6;998
5;5;13;29;29054;;3;2;No inventariada;;9;2;2;;;1;1;1;;;1;998
5;6;11;29;29054;;3;2;No inventariada;;9;20;2;;;1;1;1;;;18;998
6;6;14;29;29025;;1;1;A-7;1009,4;3;4;2;;;1;1;1;;;1;1
6;1;11;29;29054;;3;2;No inventariada;;9;10;2;;;1;1;1;;;1;998
6;7;16;29;29054;;3;2;No inventariada;;9;2;2;;;1;1;1;;;1;998
5;1;8;29;29054;;3;2;No inventariada;;9;7;2;;;1;1;1;;;1;998
6;1;21;29;29054;;3;2;No inventariada;;9;2;2;;;1;3;1;;;1;998
5;5;16;29;29054;;3;2;No inventariada;;9;6;2;;;1;1;1;;;1;998
5;4;20;29;29054;;3;2;No inventariada;;9;2;1;2;;1;1;1;;;1;998
6;3;18;29;29054;;3;2;No inventariada;;9;10;2;;;7;1;1;;;1;998
6;3;12;29;29054;;3;2;No inventariada;;9;10;2;;;1;1;1;;;1;998
6;2;12;29;29054;;3;2;No inventariada;;9;4;2;;;1;1;1;;;1;998
6;5;3;29;29054;;3;2;No inventariada;;9;10;2;;;1;4;1;;;1;998
6;1;15;29;29054;;3;2;No inventariada;;9;4;1;4;;1;1;1;;;1;998
6;6;23;29;29054;;3;2;No inventariada;;9;3;2;;;1;4;1;;;1;998
6;6;10;29;29054;;3;2;No inventariada;;9;2;2;;;1;1;1;;;1;998
6;6;12;29;29054;;3;2;No inventariada;;9;10;1;2;;1;1;1;;;1;998
6;7;12;29;29054;;1;1;A-7;1017,252;3;4;1;2;;1;1;1;;;1;1
6;7;20;29;29054;;3;2;No inventariada;;9;3;1;2;;1;1;1;;;1;998
7;1;13;29;29054;;1;1;A-7;1014,098;3;4;2;;;1;1;1;;;1;1
7;4;14;29;29054;;3;2;No inventariada;;9;10;2;;;7;1;1;;;1;998
7;4;21;29;29054;;3;2;No inventariada;;9;10;2;;;1;1;1;;;1;998
7;3;6;29;29054;;3;2;No inventariada;;9;6;2;;;1;2;1;;;1;998
7;4;7;29;29054;;3;2;No inventariada;;9;2;2;;;1;1;1;;;1;998
7;7;20;29;29054;;3;2;No inventariada;;9;3;2;;;1;1;1;;;1;998
7;2;2;29;29054;;3;2;No inventariada;;9;10;2;;;3;4;1;;;1;998
7;2;6;29;29054;;3;2;No inventariada;;9;2;2;;;1;3;1;;;9;998
7;4;0;29;29054;;1;1;A-7;1016,705;3;4;2;;;1;4;1;;;4;1
7;3;15;29;29054;;3;2;No inventariada;;9;7;2;;;1;1;1;;;1;998
7;6;10;29;29025;;1;1;A-7;1008,887;2;16;2;;;1;1;1;;;1;1
7;7;22;29;29054;;3;2;No inventariada;;9;4;2;;;1;4;1;;;1;998
8;4;14;29;29070;;1;1;A-387;16,2;6;1;2;;;1;1;1;;;1;1
7;5;0;29;29054;;3;2;No inventariada;;9;2;2;;;1;4;1;;;1;998
6;5;12;29;29054;;3;2;No inventariada;;9;7;2;;;1;1;1;;;1;998
8;6;17;29;29054;;3;2;No inventariada;;9;2;2;;;1;4;1;;;1;998
8;7;7;29;29054;;3;2;No inventariada;;9;2;2;;;9;1;1;;;18;998
8;7;19;29;29070;;1;1;AP-7;213,6;1;4;2;;;1;1;1;;;1;1
8;1;16;29;29054;;1;1;A-7;1018;3;5;2;;;1;1;1;;;1;1
8;4;16;29;29054;;1;1;A-7;1017;3;4;2;;;1;1;1;;;1;3
6;5;12;29;29054;;3;2;No inventariada;;9;7;1;2;;1;1;1;;;18;998
6;5;15;29;29054;;3;2;No inventariada;;9;2;2;;;1;1;1;;;1;998
6;6;22;29;29054;;3;2;No inventariada;;9;10;2;;;1;4;1;;;1;998
6;1;15;29;29054;;3;2;No inventariada;;9;10;2;;;1;1;1;;;1;998
6;4;21;29;29054;;3;2;No inventariada;;9;4;2;;;1;1;1;;;1;998
6;5;14;29;29054;;3;2;No inventariada;;9;4;1;4;;1;1;1;;;1;998
7;3;18;29;29054;;3;2;No inventariada;;9;10;2;;;3;1;1;;;1;998
7;6;14;29;29054;;3;2;No inventariada;;9;20;2;;;1;1;1;;;1;998
7;2;18;29;29054;;3;2;No inventariada;;9;2;1;4;;1;1;1;;;1;998
8;5;2;29;29054;;3;2;No inventariada;;9;7;2;;;1;4;1;;;1;998
8;7;13;29;29054;;3;2;No inventariada;;9;2;1;2;;1;1;1;;;1;998
8;6;3;29;29054;;3;2;No inventariada;;9;4;1;2;;1;4;1;;;1;998
5;1;11;29;29054;;3;2;No inventariada;;9;7;2;;;1;1;1;;;1;998
4;7;18;29;29054;;3;2;No inventariada;;9;7;2;;;1;1;1;;;1;998
8;2;14;29;29054;;3;2;No inventariada;;9;7;1;2;;1;1;1;;;1;998
8;7;2;29;29025;;1;1;A-7;1009,341;3;12;2;;;1;6;1;;;1;3
8;7;1;29;29054;;1;1;A-7;1017,1;3;7;2;;;1;5;1;;;1;2
8;3;4;29;29054;;1;1;A-7;1016,85;3;3;1;2;;1;4;1;;;1;1
8;7;5;29;29054;;3;2;No inventariada;;9;7;1;1;;1;4;1;;;1;998
8;2;18;29;29054;;3;2;No inventariada;;9;7;2;;;1;1;1;;;1;998
8;3;13;29;29054;;3;2;No inventariada;;9;20;2;;;1;1;1;;;1;998
8;2;19;29;29054;;3;2;No inventariada;;9;2;2;;;1;1;1;;;1;998
8;3;15;29;29054;;3;2;No inventariada;;9;7;2;;;1;1;1;;;1;998
9;7;22;29;29054;;3;2;No inventariada;;9;6;2;;;1;4;1;;;1;998
9;3;18;29;29054;;1;1;A-7;1017;3;4;2;;;1;1;1;;;1;1
9;5;3;29;29054;;3;2;No inventariada;;9;10;2;;;3;4;1;;;1;998
9;4;21;29;29054;;1;1;A-7;1017;3;2;1;2;;1;4;1;;;1;1
9;1;7;29;29054;;3;2;No inventariada;;9;2;2;;;1;3;1;;;1;998
4;1;13;29;29054;;3;2;No inventariada;;9;2;1;4;;1;1;1;;;1;998
9;3;15;29;29070;;1;1;A-7;1022,5;3;4;2;;;1;1;1;;;9;1
6;5;3;29;29054;;3;2;No inventariada;;9;10;2;;;1;4;1;;;1;998
9;4;18;29;29054;;3;2;No inventariada;;9;2;2;;;1;1;1;;;1;998
9;7;6;29;29054;;1;1;A-7;1018,5;3;4;2;;;1;5;1;;;1;1
9;5;13;29;29054;;3;2;No inventariada;;9;2;1;4;;1;1;1;;;1;998
10;6;0;29;29054;;3;2;No inventariada;;9;2;2;;;1;4;1;;;1;998
10;7;0;29;29054;;1;1;A-7;1009,9;3;17;2;;;3;6;3;;;5;1
10;4;18;29;29054;;3;2;No inventariada;;9;10;1;2;;1;1;2;;;1;998
10;1;12;29;29054;;3;2;No inventariada;;9;3;1;4;;1;1;1;;;1;998
9;4;15;29;29054;;3;2;No inventariada;;9;2;1;1;;1;1;1;;;1;998
9;2;18;29;29054;;3;2;No inventariada;;9;2;1;2;;1;1;1;;;1;998
9;5;13;29;29054;;3;2;No inventariada;;9;7;2;;;1;1;1;;;1;998
9;4;19;29;29054;;3;2;No inventariada;;9;10;1;4;;1;1;1;;;1;998
9;2;23;29;29054;;3;2;No inventariada;;9;2;1;1;;1;1;2;;;1;998
9;4;19;29;29054;;3;2;No inventariada;;9;6;2;;;1;1;1;;;1;998
8;4;11;29;29054;;3;2;No inventariada;;9;7;2;;;1;1;1;;;1;998
10;7;5;29;29054;;3;2;No inventariada;;9;2;2;;;1;4;1;;;1;998
11;2;10;29;29054;;3;2;No inventariada;;9;10;1;4;;1;1;1;;;18;998
11;1;13;29;29054;;3;2;No inventariada;;9;2;1;2;;1;1;1;;;1;998
11;3;0;29;29054;;3;2;No inventariada;;9;11;2;;;1;4;1;;;1;998
11;4;13;29;29070;;1;1;A-387;16,5;6;4;2;;;1;1;1;;;1;1
11;7;14;29;29054;;3;2;No inventariada;;9;2;2;;;1;1;1;;;1;998
10;1;14;29;29054;;3;2;No inventariada;;9;2;1;3;;1;1;1;;;1;998
11;5;16;29;29054;;3;2;No inventariada;;9;7;2;;;1;1;1;;;1;998
11;5;19;29;29054;;1;1;A-7;1013,681;3;4;2;;;1;6;1;;;1;1
12;4;19;29;29054;;1;1;A-7;1014,223;3;5;2;;;1;4;1;;;1;1
12;6;22;29;29054;;1;1;A-7;1016,285;3;4;2;;;1;4;1;;;1;1
9;2;15;29;0;;1;1;A-92;132,2;3;15;2;;;1;1;1;;;1;1
5;5;17;29;0;;1;1;A-377;22,58;6;2;2;;;1;1;1;;;1;2
6;7;8;29;0;;1;1;A-377;27,816;6;4;2;;;1;1;1;;;1;2
9;6;11;29;0;;1;1;A-377;19,5;6;4;2;;;1;1;1;;;1;2
10;7;9;29;0;;1;1;A-405;3,1;6;19;2;;;1;1;1;;;1;1
10;3;18;29;0;;1;1;MA-8301;16,185;6;6;2;;;1;1;1;;;1;2
2;6;8;29;0;;1;1;A-366;53;6;1;2;;;1;1;1;;;4;3
4;6;10;29;0;;1;1;A-366;50;6;2;2;;;1;1;1;;;1;1
12;3;12;29;0;;1;1;A-366;48;6;16;2;;;3;1;3;;;1;2
12;3;6;29;29042;;1;1;A-366;54,8;6;3;1;2;A-7100;1;6;1;;;1;1
1;7;13;29;0;;1;1;A-397;25,9;6;16;2;;;1;1;1;;;1;2
4;4;8;29;0;;1;1;A-397;20;6;2;2;;;1;1;1;;;1;2
6;7;17;29;0;;1;1;A-397;18,069;6;19;2;;;1;1;2;;;1;2
6;6;11;29;0;;1;1;A-397;21,311;6;1;2;;;1;1;1;;;4;2
6;6;19;29;0;;1;1;A-397;15,2;6;19;2;;;2;1;1;;;1;2
8;4;9;29;0;;1;1;A-397;17,5;6;18;2;;;1;1;1;;;1;2
10;6;17;29;0;;1;1;A-397;23,5;6;3;2;;;1;1;1;;;12;2
11;6;16;29;0;;1;1;A-397;22;6;19;2;;;1;1;1;;;1;1
8;5;17;29;0;;1;1;MA-3115;2,6;6;10;2;;;1;1;1;;;1;3
12;6;22;29;0;;1;1;MA-8401;9,1;6;8;2;;;1;6;1;;;1;1
4;6;23;29;0;;1;1;MA-8301;19,907;6;6;2;;;8;6;1;;;1;1
5;1;20;29;29094;;1;1;MA-3201;5,3;6;15;2;;;2;2;1;;;1;3
12;5;4;29;29082;;1;1;MA-3201;3,317;6;15;2;;;3;6;3;;;18;2
1;2;22;29;29067;;3;2;No inventariada;;9;2;1;1;;1;4;1;;;1;998
1;1;8;29;29067;;3;2;No inventariada;;9;3;2;;;1;1;1;;;1;998
1;3;18;29;29067;;3;2;No inventariada;;9;20;2;;;1;4;1;;;1;998
1;1;12;29;29067;;3;2;No inventariada;;9;10;2;;;7;1;1;;;1;998
1;2;12;29;29067;;3;2;No inventariada;;9;10;2;;;1;1;1;;;1;998
1;2;20;29;29067;;3;2;No inventariada;;9;2;1;3;;1;4;1;;;1;998
1;3;11;29;29067;;3;2;No inventariada;;9;7;2;;;1;1;1;;;1;998
1;4;11;29;29067;;3;2;No inventariada;;9;2;1;3;;3;1;3;;;1;998
1;4;14;29;29067;;3;2;No inventariada;;9;4;2;;;1;1;1;;;1;998
1;5;20;29;29067;;3;2;No inventariada;;9;2;1;2;;1;4;1;;;1;998
1;6;1;29;29067;;3;2;No inventariada;;9;7;2;;;1;4;1;;;1;998
1;6;21;29;29067;;3;2;No inventariada;;9;3;2;;;1;4;1;;;1;998
1;2;23;29;29067;;3;2;No inventariada;;9;2;1;4;;1;4;1;;;1;998
1;3;20;29;29067;;3;2;No inventariada;;9;6;1;1;;1;5;1;;;1;998
1;5;14;29;29067;;3;2;No inventariada;;9;3;2;;;1;1;1;;;1;998
1;5;0;29;29067;;3;2;No inventariada;;9;10;1;4;;3;4;1;;;1;998
1;1;7;29;29067;;3;2;No inventariada;;9;4;2;;;1;1;1;;;1;998
1;2;13;29;29067;;3;2;No inventariada;;9;2;2;;;1;1;1;;;1;998
1;4;18;29;29067;;3;2;No inventariada;;9;3;1;4;;1;1;1;;;1;998
1;4;19;29;29067;;3;2;No inventariada;;9;4;2;;;1;4;1;;;1;998
1;4;22;29;29067;;3;2;No inventariada;;9;1;1;2;;3;4;3;;;1;998
1;3;15;29;29067;;3;2;No inventariada;;9;7;2;;;1;1;1;;;1;998
1;5;17;29;29067;;3;2;No inventariada;;9;4;2;;;1;1;1;;;1;998
1;4;13;29;29067;;3;2;No inventariada;;9;2;1;2;;1;1;1;;;1;998
1;1;19;29;29067;;3;2;No inventariada;;9;2;1;2;;1;4;1;;;1;998
1;6;12;29;29067;;3;2;No inventariada;;9;2;1;4;;1;1;1;;;1;998
1;2;12;29;29067;;3;2;No inventariada;;9;2;1;2;;1;4;1;;;1;998
1;2;19;29;29067;;3;2;No inventariada;;9;2;1;4;;1;3;2;;;17;998
1;2;16;29;29067;;3;2;No inventariada;;9;2;1;2;;1;4;1;;;1;998
1;5;20;29;29067;;3;2;No inventariada;;9;7;2;;;1;4;1;;;17;998
1;1;9;29;29067;;3;2;No inventariada;;9;3;2;;;1;1;1;;;2;998
1;1;18;29;29067;;3;2;No inventariada;;9;10;2;;;1;1;1;;;1;998
1;5;13;29;29067;;3;2;No inventariada;;9;2;1;1;;1;1;1;;;9;998
1;7;15;29;29067;;3;2;No inventariada;;9;2;1;1;;1;1;1;;;1;998
1;5;19;29;29067;;3;2;No inventariada;;9;10;2;;;8;1;1;;;1;998
1;1;22;29;29067;;3;2;No inventariada;;9;1;2;;;1;4;1;;;1;998
1;4;11;29;29067;;3;2;No inventariada;;9;20;2;;;8;1;3;;;1;998
1;2;8;29;29067;;3;2;No inventariada;;9;1;2;;;1;1;1;;;1;998
1;1;11;29;29067;;3;2;No inventariada;;9;2;1;4;;1;1;1;;;1;998
1;1;9;29;29067;;3;2;No inventariada;;9;2;1;3;;1;1;1;;;1;998
1;2;15;29;29067;;3;2;No inventariada;;9;7;1;3;;3;1;3;;;1;998
1;1;23;29;29067;;3;2;No inventariada;;9;15;1;1;;1;6;1;;;1;998
1;1;15;29;29067;;3;2;No inventariada;;9;3;2;;;1;1;1;;;1;998
1;5;17;29;29067;;3;2;No inventariada;;9;20;2;;;1;1;1;;;1;998
1;3;1;29;29067;;3;2;No inventariada;;9;2;1;3;;1;4;1;;;17;998
1;3;10;29;29067;;3;2;No inventariada;;9;2;1;2;;1;1;1;;;1;998
1;2;21;29;29067;;3;2;No inventariada;;9;2;1;2;;1;6;1;;;3;998
1;3;19;29;29067;;3;2;No inventariada;;9;4;2;;;1;3;1;;;1;998
1;2;16;29;29067;;3;2;No inventariada;;9;4;2;;;2;1;3;;;1;998
1;4;10;29;29067;;1;1;No inventariada;10,8;10;17;2;;;2;1;1;;;1;3
1;3;13;29;29067;;3;2;No inventariada;;9;3;1;1;;1;1;1;;;1;998
1;7;15;29;29067;;3;2;No inventariada;;9;2;1;1;;1;4;1;;;1;998
1;1;18;29;29067;;3;2;No inventariada;;9;10;2;;;1;4;1;;;1;998
1;4;10;29;29067;;3;2;No inventariada;;9;3;2;;;1;1;1;;;1;998
1;2;15;29;29067;;3;2;No inventariada;;9;2;1;4;;3;1;2;;;1;998
1;4;12;29;29067;;3;2;No inventariada;;9;4;2;;;3;1;3;;;1;998
1;3;8;29;29067;;3;2;No inventariada;;9;2;2;;;1;1;1;;;1;998
1;4;15;29;29067;;3;2;No inventariada;;9;1;2;;;1;1;1;;;1;998
1;2;15;29;29067;;3;2;No inventariada;;9;3;2;;;1;1;2;;;1;998
1;4;20;29;29067;;3;2;No inventariada;;9;2;1;1;;1;1;1;;;1;998
1;6;6;29;29067;;3;2;No inventariada;;9;10;2;;;1;3;1;;;1;998
1;5;10;29;29067;;3;2;No inventariada;;9;10;2;;;1;1;1;;;1;998
1;1;15;29;29067;;3;2;No inventariada;;9;2;1;5;;1;1;1;;;1;998
1;4;11;29;29067;;3;2;No inventariada;;9;2;1;2;;1;1;1;;;1;998
1;4;18;29;29067;;3;2;No inventariada;;9;1;2;;;1;1;1;;;1;998
1;5;16;29;29067;;3;2;No inventariada;;9;10;2;;;1;1;1;;;1;998
1;5;19;29;29067;;3;2;No inventariada;;9;2;2;;;1;3;1;;;1;998
1;5;12;29;29067;;3;2;No inventariada;;9;20;2;;;1;1;1;;;1;998
1;6;20;29;29067;;1;1;A-7054;1,7;6;2;1;4;A-7054;1;6;1;;;1;2
1;2;16;29;29067;;3;2;No inventariada;;9;4;2;;;3;1;3;;;1;998
1;3;16;29;29067;;3;2;No inventariada;;9;2;1;1;;1;1;1;;;1;998
1;4;12;29;29067;;3;2;No inventariada;;9;2;1;1;;1;1;1;;;1;998
1;7;14;29;29067;;3;2;No inventariada;;9;11;1;4;;1;1;1;;;1;998
1;7;17;29;29067;;3;2;No inventariada;;9;10;1;4;;7;1;1;;;1;998
1;1;23;29;29067;;3;2;No inventariada;;9;1;2;;;3;1;3;;;1;998
1;3;17;29;29067;;3;2;No inventariada;;9;2;1;4;;1;1;1;;;1;998
1;7;0;29;29067;;3;2;No inventariada;;9;14;1;5;;1;4;1;;;1;998
1;7;21;29;29067;;3;2;No inventariada;;9;3;1;1;;1;4;1;;;1;998
1;5;23;29;29067;;3;2;No inventariada;;9;4;2;;;1;4;1;;;1;998
1;6;11;29;29067;;3;2;No inventariada;;9;2;2;;;1;1;1;;;1;998
1;6;14;29;29067;;3;2;No inventariada;;9;2;1;2;;1;1;1;;;1;998
1;4;22;29;29067;;3;2;No inventariada;;9;4;2;;;4;4;4;;;5;998
1;1;13;29;29067;;1;1;A-7054;4,145;6;1;1;2;A-7076;1;1;1;;;1;1
1;4;21;29;29067;;3;2;No inventariada;;9;4;2;;;1;4;1;;;1;998
1;5;8;29;29067;;3;2;No inventariada;;9;2;2;;;1;1;1;;;1;998
1;5;16;29;29067;;3;2;No inventariada;;9;2;1;5;;1;1;1;;;1;998
1;5;14;29;29067;;3;2;No inventariada;;9;2;2;;;1;1;1;;;1;998
1;5;16;29;29067;;3;2;No inventariada;;9;3;1;5;;1;1;1;;;1;998
1;7;17;29;29067;;3;2;No inventariada;;9;10;2;;;3;1;1;;;1;998
1;7;17;29;29067;;3;2;No inventariada;;9;3;2;;;1;1;1;;;1;998
1;7;17;29;29067;;3;2;No inventariada;;9;10;1;2;;1;1;1;;;1;998
1;4;0;29;29067;;3;2;No inventariada;;9;2;2;;;1;4;1;;;1;998
1;1;18;29;29067;;3;2;No inventariada;;9;5;2;;;1;4;2;;;1;998
1;2;14;29;29067;;3;2;No inventariada;;9;4;2;;;1;1;1;;;1;998
1;6;19;29;29067;;3;2;No inventariada;;9;16;1;4;;1;4;1;;;1;998
1;5;14;29;29067;;3;2;No inventariada;;9;4;2;;;1;1;2;;;1;998
1;3;9;29;29067;;1;1;A-7;983;3;4;2;;;3;3;3;;;1;1
1;2;14;29;29067;;3;2;No inventariada;;9;4;2;;;1;1;1;;;1;998
1;4;14;29;29067;;3;2;No inventariada;;9;2;1;1;;1;1;1;;;9;998
1;4;18;29;29067;;3;2;No inventariada;;9;4;2;;;1;1;1;;;1;998
1;5;8;29;29067;;3;2;No inventariada;;9;4;2;;;1;1;1;;;1;998
1;5;20;29;29067;;3;2;No inventariada;;9;4;2;;;1;6;1;;;1;998
1;6;14;29;29067;;3;2;No inventariada;;9;2;1;1;;1;1;1;;;1;998
1;2;11;29;29067;;3;2;No inventariada;;9;2;1;1;;1;1;1;;;1;998
1;3;19;29;29067;;3;2;No inventariada;;9;2;1;5;;1;4;1;;;1;998
1;2;19;29;29067;;3;2;No inventariada;;9;4;1;5;;3;4;3;;;5;998
1;3;13;29;29067;;3;2;No inventariada;;9;4;2;;;3;1;2;;;1;998
1;7;13;29;29067;;3;2;No inventariada;;9;4;2;;;1;1;1;;;1;998
1;2;9;29;29067;;3;2;No inventariada;;9;2;1;2;;1;1;1;;;1;998
1;7;19;29;29067;;3;2;No inventariada;;9;4;2;;;1;4;1;;;1;998
1;2;23;29;29067;;3;2;No inventariada;;9;2;1;2;;1;4;1;;;1;998
1;4;22;29;29067;;3;2;No inventariada;;9;7;2;;;1;4;2;;;9;998
1;6;23;29;29067;;3;2;No inventariada;;9;4;1;1;;1;1;1;;;1;998
1;4;9;29;29067;;3;2;No inventariada;;9;10;1;1;;1;1;1;;;9;998
1;4;21;29;29067;;3;2;No inventariada;;9;4;2;;;1;4;1;;;1;998
1;1;14;29;29067;;3;2;No inventariada;;9;4;1;4;;1;1;1;;;1;998
1;3;10;29;29067;;3;2;No inventariada;;9;10;1;1;;3;1;3;;;1;998
1;3;16;29;29067;;3;2;No inventariada;;9;2;1;4;;1;1;1;;;1;998
1;1;14;29;29067;;3;2;No inventariada;;9;4;2;;;1;1;1;;;1;998
1;2;0;29;29067;;3;2;No inventariada;;9;2;1;5;;1;4;1;;;1;998
1;4;14;29;29067;;3;2;No inventariada;;9;2;1;4;;1;1;1;;;1;998
1;3;13;29;29067;;3;2;No inventariada;;9;20;2;;;3;1;3;;;1;998
1;4;22;29;29067;;3;2;No inventariada;;9;2;1;1;;1;4;1;;;1;998
1;7;5;29;29067;;3;2;No inventariada;;9;19;2;;;1;4;1;;;1;998
1;6;21;29;29067;;3;2;No inventariada;;9;2;1;3;;3;4;3;;;5;998
1;4;15;29;29067;;3;2;No inventariada;;9;2;1;1;;1;1;1;;;1;998
1;1;12;29;29067;;3;2;No inventariada;;9;7;1;5;;1;1;1;;;1;998
1;6;13;29;29067;;3;2;No inventariada;;9;20;2;;;2;1;1;;;1;998
1;5;2;29;29067;;3;2;No inventariada;;9;1;2;;;3;4;2;;;1;998
1;2;20;29;29067;;3;2;No inventariada;;9;5;2;;;3;4;3;;;1;998
1;4;14;29;29067;;3;2;No inventariada;;9;2;1;3;;1;1;1;;;1;998
1;4;23;29;29067;;3;2;No inventariada;;9;2;1;2;;1;4;1;;;1;998
1;1;11;29;29067;;3;2;No inventariada;;9;4;2;;;1;1;1;;;1;998
1;5;12;29;29067;;3;2;No inventariada;;9;2;1;3;;1;1;2;;;1;998
1;6;15;29;29067;;3;2;No inventariada;;9;4;1;2;;3;1;3;;;5;998
1;6;14;29;29067;;3;2;No inventariada;;9;4;2;;;1;1;1;;;1;998
1;1;19;29;29067;;3;2;No inventariada;;9;2;1;2;;1;1;1;;;1;998
1;6;21;29;29067;;3;2;No inventariada;;9;2;1;1;;3;4;3;;;1;998
1;5;15;29;29067;;3;2;No inventariada;;9;4;2;;;3;1;4;;;5;998
1;6;18;29;29067;;3;2;No inventariada;;9;2;1;4;;3;4;3;;;1;998
1;5;14;29;29067;;3;2;No inventariada;;9;4;2;;;3;1;2;;;1;998
1;7;0;29;29067;;3;2;No inventariada;;9;2;1;1;;1;4;2;;;1;998
1;7;11;29;29067;;3;2;No inventariada;;9;2;2;;;1;1;1;;;1;998
1;1;11;29;29067;;3;2;No inventariada;;9;7;2;;;1;1;1;;;9;998
1;7;12;29;29067;;3;2;No inventariada;;9;4;1;1;;1;1;1;;;1;998
1;1;20;29;29067;;3;2;No inventariada;;9;4;2;;;1;1;1;;;1;998
1;1;12;29;29067;;3;2;No inventariada;;9;10;2;;;1;1;1;;;1;998
1;2;15;29;29067;;3;2;No inventariada;;9;2;2;;;1;1;1;;;1;998
1;2;8;29;29067;;3;2;No inventariada;;9;2;2;;;1;1;1;;;1;998
1;1;14;29;29067;;3;2;No inventariada;;9;4;2;;;1;1;1;;;1;998
1;1;18;29;29067;;3;2;No inventariada;;9;4;2;;;1;4;1;;;1;998
1;7;12;29;29067;;3;2;No inventariada;;9;19;2;;;1;1;1;;;1;998
1;1;17;29;29067;;3;2;No inventariada;;9;2;1;1;;1;1;1;;;1;998
1;7;20;29;29067;;3;2;No inventariada;;9;4;2;;;1;4;1;;;1;998
1;5;20;29;29067;;3;2;No inventariada;;9;7;2;;;3;4;3;;;8;998
1;7;12;29;29067;;3;2;No inventariada;;9;2;2;;;1;1;1;;;1;998
1;4;12;29;29067;;3;2;No inventariada;;9;4;1;4;;1;1;1;;;1;998
1;2;10;29;29067;;3;2;No inventariada;;9;4;1;1;;1;1;1;;;1;998
1;2;16;29;29067;;3;2;No inventariada;;9;6;1;4;;1;1;1;;;1;998
1;3;22;29;29067;;3;2;No inventariada;;9;7;2;;;1;3;1;;;1;998
1;2;16;29;29067;;3;2;No inventariada;;9;2;1;5;;1;1;1;;;1;998
1;3;19;29;29067;;3;2;No inventariada;;9;7;2;;;1;1;1;;;1;998
1;3;11;29;29067;;3;2;No inventariada;;9;10;2;;;1;1;1;;;1;998
1;2;20;29;29067;;3;2;No inventariada;;9;3;1;1;;1;4;1;;;1;998
1;5;15;29;29067;;3;2;No inventariada;;9;2;2;;;1;1;1;;;1;998
1;6;9;29;29067;;3;2;No inventariada;;9;2;1;2;;1;1;1;;;1;998
1;3;14;29;29067;;3;2;No inventariada;;9;4;2;;;1;1;1;;;1;998
1;4;9;29;29067;;3;2;No inventariada;;9;10;2;;;1;1;1;;;1;998
1;2;11;29;29067;;3;2;No inventariada;;9;16;2;;;1;1;1;;;1;998
1;7;0;29;29067;;3;2;No inventariada;;9;2;1;1;;1;1;1;;;1;998
1;1;10;29;29067;;3;2;No inventariada;;9;10;2;;;1;1;1;;;1;998
1;4;19;29;29067;;3;2;No inventariada;;9;4;1;4;;1;4;1;;;1;998
1;5;15;29;29067;;1;1;A-7;983,518;3;2;2;;;1;1;1;;;1;1
1;3;7;29;29067;;3;2;No inventariada;;9;2;1;1;;1;4;1;;;17;998
1;3;9;29;29067;;3;2;No inventariada;;9;4;1;4;;1;1;1;;;1;998
1;3;11;29;29067;;3;2;No inventariada;;9;2;1;5;;1;1;1;;;1;998
1;4;18;29;29067;;3;2;No inventariada;;9;2;1;4;;1;1;1;;;1;998