MES;DIA_SEMANA;HORA;COD_PROVINCIA;COD_MUNICIPIO;ISLA;ZONA;ZONA_AGRUPADA;CARRETERA;KM;TIPO_VIA;TIPO_ACCIDENTE;NUDO;NUDO_INFO;CARRETERA_CRUCE;CONDICION_FIRME;CONDICION_ILUMINACION;CONDICION_METEO;CONDICION_NIEBLA;CONDICION_VIENTO;VISIB_RESTRINGIDA_POR;TRAZADO_PLANTA
1;4;11;29;29067;;3;2;No inventariada;;9;6;2;;;1;1;1;;;6;998
1;5;10;29;29067;;3;2;No inventariada;;9;20;1;9;;1;1;1;;;1;998
1;3;11;29;29067;;3;2;No inventariada;;9;20;2;;;1;1;1;;;1;998
1;4;17;29;29067;;3;2;No inventariada;;9;4;1;1;;1;2;1;;;1;998
1;6;0;29;29067;;3;2;No inventariada;;9;2;2;;;1;4;1;;;1;998
1;6;16;29;29067;;3;2;No inventariada;;9;2;1;2;;1;1;1;;;1;998
1;5;10;29;29067;;3;2;No inventariada;;9;7;2;;;1;1;1;;;9;998
1;5;14;29;29067;;3;2;No inventariada;;9;2;1;3;;1;1;1;;;1;998
1;5;18;29;29067;;3;2;No inventariada;;9;2;1;3;;1;1;1;;;1;998
1;5;21;29;29067;;3;2;No inventariada;;9;16;2;;;1;4;1;;;1;998
1;1;17;29;29067;;3;2;No inventariada;;9;2;2;;;1;1;1;;;1;998
1;3;8;29;29067;;3;2;No inventariada;;9;2;1;5;;1;1;1;;;1;998
1;4;19;29;29067;;3;2;No inventariada;;9;4;2;;;1;4;1;;;1;998
1;2;15;29;29067;;3;2;No inventariada;;9;2;2;;;1;1;1;;;1;998
1;4;17;29;29067;;3;2;No inventariada;;9;2;1;2;;1;1;1;;;1;998
1;3;19;29;29067;;3;2;No inventariada;;9;3;1;4;;1;4;1;;;17;998
1;6;22;29;29067;;3;2;No inventariada;;9;2;1;3;;1;4;1;;;1;998
1;6;7;29;29067;;3;2;No inventariada;;9;4;2;;;1;4;1;;;1;998
1;6;12;29;29067;;3;2;No inventariada;;9;10;1;3;;3;1;1;;;1;998
1;1;11;29;29067;;3;2;No inventariada;;9;4;1;3;;1;1;1;;;1;998
1;1;18;29;29067;;3;2;No inventariada;;9;10;1;3;;8;2;2;;;1;998
1;3;13;29;29067;;3;2;No inventariada;;9;10;2;;;1;1;1;;;1;998
1;1;13;29;29067;;3;2;No inventariada;;9;7;2;;;1;1;1;;;1;998
1;1;20;29;29067;;3;2;No inventariada;;9;2;1;2;;1;4;1;;;1;998
1;6;11;29;29067;;3;2;No inventariada;;9;4;2;;;1;1;1;;;1;998
1;1;19;29;29067;;3;2;No inventariada;;9;4;2;;;1;3;1;;;1;998
1;4;14;29;29067;;3;2;No inventariada;;9;3;2;;;1;1;1;;;1;998
1;5;19;29;29067;;3;2;No inventariada;;9;11;2;;;1;4;1;;;1;998
1;5;17;29;29067;;3;2;No inventariada;;9;4;2;;;1;1;1;;;6;998
1;2;15;29;29067;;3;2;No inventariada;;9;2;1;5;;1;1;1;;;1;998
1;1;14;29;29067;;3;2;No inventariada;;9;2;2;;;1;1;1;;;1;998
1;1;14;29;29067;;3;2;No inventariada;;9;2;1;4;;1;1;1;;;1;998
1;1;17;29;29067;;3;2;No inventariada;;9;2;2;;;1;1;1;;;1;998
1;1;13;29;29067;;3;2;No inventariada;;9;4;1;1;;1;1;1;;;1;998
1;6;22;29;29067;;3;2;No inventariada;;9;2;1;1;;9;4;1;;;1;998
1;2;14;29;29067;;3;2;No inventariada;;9;16;2;;;1;1;1;;;1;998
1;6;21;29;29067;;3;2;No inventariada;;9;5;2;;;1;4;1;;;1;998
1;2;11;29;29067;;3;2;No inventariada;;9;2;1;3;;1;1;1;;;1;998
2;4;7;29;29007;;1;1;A-404;24,5;6;2;1;4;A-404;1;6;2;;;1;1
2;4;8;29;29067;;1;1;MA-20;9;3;4;2;;;1;4;1;;;1;1
1;3;9;29;29067;;3;2;No inventariada;;9;2;1;3;;1;1;1;;;1;998
1;3;14;29;29067;;3;2;No inventariada;;9;4;1;3;;1;1;1;;;1;998
1;1;21;29;29067;;3;2;No inventariada;;9;2;2;;;1;4;1;;;1;998
1;3;23;29;29067;;3;2;No inventariada;;9;2;1;6;;1;4;1;;;1;998
1;2;17;29;29067;;3;2;No inventariada;;9;20;1;1;;1;1;2;;;1;998
1;2;15;29;29067;;3;2;No inventariada;;9;1;1;2;;1;1;2;;;1;998
2;5;8;29;29067;;1;1;A-7054;7,2;6;7;2;;;1;1;1;;;6;1
1;2;11;29;29067;;3;2;No inventariada;;9;7;2;;;1;1;1;;;9;998
1;1;14;29;29067;;3;2;No inventariada;;9;4;2;;;1;1;1;;;1;998
2;4;21;29;29067;;3;2;No inventariada;;9;4;2;;;1;4;1;;;1;998
1;3;7;29;29067;;3;2;No inventariada;;9;6;2;;;1;1;2;;;1;998
2;6;12;29;29067;;3;2;No inventariada;;9;3;2;;;1;1;1;;;1;998
2;5;11;29;29067;;3;2;No inventariada;;9;1;1;2;;1;1;1;;;1;998
2;7;9;29;29067;;3;2;No inventariada;;9;2;1;2;;1;1;1;;;1;998
1;7;16;29;29067;;3;2;No inventariada;;9;2;1;1;;1;1;1;;;1;998
1;7;21;29;29067;;3;2;No inventariada;;9;3;1;2;;1;4;1;;;1;998
1;2;14;29;29067;;3;2;No inventariada;;9;2;1;2;;1;1;1;;;1;998
1;3;11;29;29067;;3;2;No inventariada;;9;7;1;2;;1;1;1;;;1;998
1;1;19;29;29067;;3;2;No inventariada;;9;4;2;;;1;5;1;;;1;998
1;3;17;29;29067;;3;2;No inventariada;;9;3;2;;;1;1;1;;;1;998
1;3;16;29;29067;;3;2;No inventariada;;9;10;2;;;1;1;1;;;1;998
2;6;18;29;29067;;3;2;No inventariada;;9;12;2;;;1;1;1;;;1;998
2;6;14;29;29067;;3;2;No inventariada;;9;10;1;2;;1;1;1;;;1;998
2;1;12;29;29067;;3;2;No inventariada;;9;3;2;;;1;1;1;;;1;998
2;4;16;29;29067;;3;2;No inventariada;;9;6;2;;;1;1;1;;;1;998
2;5;18;29;29067;;3;2;No inventariada;;9;2;1;3;;1;1;1;;;1;998
1;4;1;29;29067;;3;2;No inventariada;;9;4;2;;;1;4;1;;;1;998
2;6;11;29;29067;;3;2;No inventariada;;9;10;2;;;1;1;1;;;1;998
2;6;13;29;29067;;3;2;No inventariada;;9;10;1;2;;1;1;1;;;1;998
2;6;16;29;29067;;3;2;No inventariada;;9;5;2;;;1;1;1;;;1;998
2;4;8;29;29067;;3;2;No inventariada;;9;4;2;;;1;4;1;;;1;998
2;4;15;29;29067;;3;2;No inventariada;;9;3;1;4;;1;1;1;;;1;998
2;5;6;29;29067;;3;2;No inventariada;;9;19;2;;;1;4;1;;;1;998
2;5;14;29;29067;;3;2;No inventariada;;9;4;2;;;1;1;1;;;1;998
2;5;17;29;29067;;3;2;No inventariada;;9;4;2;;;1;1;1;;;1;998
2;6;22;29;29067;;3;2;No inventariada;;9;2;2;;;1;4;1;;;1;998
2;7;4;29;29067;;3;2;No inventariada;;9;15;2;;;1;4;1;;;1;998
2;1;12;29;29067;;3;2;No inventariada;;9;20;2;;;1;1;1;;;1;998
1;2;23;29;29067;;3;2;No inventariada;;9;1;1;2;;1;4;1;;;1;998
2;2;20;29;29067;;3;2;No inventariada;;9;7;2;;;1;4;1;;;1;998
2;3;21;29;29067;;1;1;A-7;981,744;3;3;2;;;1;4;1;;;1;1
2;5;20;29;29067;;3;2;No inventariada;;9;3;1;1;;1;6;1;;;1;998
2;1;14;29;29067;;3;2;No inventariada;;9;3;2;;;1;1;1;;;1;998
2;1;15;29;29067;;3;2;No inventariada;;9;7;2;;;1;1;1;;;1;998
2;1;16;29;29067;;3;2;No inventariada;;9;2;1;1;;1;1;1;;;1;998
2;3;12;29;29067;;3;2;No inventariada;;9;10;1;1;;1;1;1;;;1;998
2;6;14;29;29067;;3;2;No inventariada;;9;5;1;5;;1;1;1;;;1;998
2;3;8;29;29067;;3;2;No inventariada;;9;10;2;;;7;1;1;;;1;998
2;3;8;29;29067;;3;2;No inventariada;;9;3;2;;;1;1;1;;;1;998
2;3;4;29;29067;;3;2;No inventariada;;9;10;1;4;;1;4;1;;;1;998
2;1;12;29;29067;;3;2;No inventariada;;9;3;2;;;1;1;1;;;1;998
2;2;13;29;29067;;3;2;No inventariada;;9;5;1;2;;1;1;1;;;1;998
2;7;7;29;29067;;3;2;No inventariada;;9;2;1;2;;1;3;1;;;1;998
2;4;8;29;29067;;3;2;No inventariada;;9;20;1;1;;1;1;1;;;1;998
2;6;8;29;29067;;3;2;No inventariada;;9;2;2;;;1;1;1;;;1;998
2;5;6;29;29067;;1;1;A-7054;1,3;6;1;2;;;3;6;3;;;1;1
2;2;9;29;29067;;3;2;No inventariada;;9;4;2;;;1;1;1;;;1;998
2;3;16;29;29067;;3;2;No inventariada;;9;10;2;;;1;1;1;;;1;998
2;3;18;29;29067;;3;2;No inventariada;;9;10;2;;;1;1;1;;;1;998
2;5;23;29;29067;;1;1;MA-20;9,935;3;4;2;;;3;4;2;;;1;3
2;5;20;29;29067;;3;2;No inventariada;;9;4;2;;;1;4;3;;;1;998
2;5;22;29;29067;;3;2;No inventariada;;9;16;1;2;;3;4;3;;;5;998
2;5;20;29;29067;;3;2;No inventariada;;9;5;2;;;3;4;3;;;5;998
2;5;22;29;29067;;3;2;No inventariada;;9;5;2;;;3;6;3;;;17;998
2;7;19;29;29067;;3;2;No inventariada;;9;2;1;2;;1;1;1;;;1;998
2;7;21;29;29067;;3;2;No inventariada;;9;9;2;;;1;3;1;;;1;998
2;4;11;29;29067;;3;2;No inventariada;;9;7;1;2;;1;1;1;;;1;998
2;5;19;29;29067;;3;2;No inventariada;;9;7;1;2;;3;4;3;;;1;998
2;7;21;29;29067;;3;2;No inventariada;;9;19;2;;;1;5;1;;;1;998
2;2;14;29;29067;;3;2;No inventariada;;9;7;1;3;;1;1;1;;;1;998
2;4;14;29;29067;;3;2;No inventariada;;9;3;2;;;1;1;1;;;1;998
2;6;15;29;29067;;3;2;No inventariada;;9;7;2;;;1;1;2;;;1;998
2;6;20;29;29067;;3;2;No inventariada;;9;2;1;3;;1;4;1;;;1;998
2;6;20;29;29067;;3;2;No inventariada;;9;10;2;;;1;4;2;;;1;998
2;4;19;29;29067;;3;2;No inventariada;;9;20;1;2;;1;4;2;;;1;998
2;4;13;29;29067;;3;2;No inventariada;;9;3;2;;;1;1;7;;;1;998
2;4;13;29;29067;;3;2;No inventariada;;9;10;1;4;;9;4;7;;;18;998
2;3;16;29;29067;;3;2;No inventariada;;9;16;2;;;1;1;1;;;1;998
2;5;12;29;29067;;3;2;No inventariada;;9;3;1;1;;1;1;1;;;1;998
2;4;14;29;29067;;3;2;No inventariada;;9;10;2;;;1;1;2;;;1;998
2;1;16;29;29067;;3;2;No inventariada;;9;1;2;;;1;1;1;;;1;998
2;1;19;29;29067;;3;2;No inventariada;;9;16;2;;;1;4;1;;;1;998
2;2;0;29;29067;;3;2;No inventariada;;9;2;1;1;;1;1;1;;;1;998
2;5;13;29;29067;;3;2;No inventariada;;9;2;1;4;;3;1;3;;;1;998
2;5;22;29;29067;;3;2;No inventariada;;9;10;2;;;3;4;3;;;1;998
2;6;13;29;29067;;3;2;No inventariada;;9;2;1;1;;1;1;1;;;1;998
2;1;16;29;29067;;3;2;No inventariada;;9;4;2;;;1;1;1;;;1;998
2;2;17;29;29067;;3;2;No inventariada;;9;7;2;;;1;2;1;;;1;998
2;5;10;29;29067;;3;2;No inventariada;;9;10;1;2;;3;1;3;;;5;998
2;1;19;29;29067;;3;2;No inventariada;;9;3;2;;;1;3;1;;;1;998
2;2;8;29;29067;;3;2;No inventariada;;9;3;1;1;;1;1;1;;;1;998
2;2;10;29;29067;;3;2;No inventariada;;9;2;1;2;;1;1;1;;;1;998
2;1;22;29;29067;;3;2;No inventariada;;9;1;2;;;1;4;1;;;1;998
2;2;18;29;29067;;3;2;No inventariada;;9;7;2;;;1;1;1;;;1;998
2;1;20;29;29067;;3;2;No inventariada;;9;2;1;4;;1;1;1;;;1;998
2;5;15;29;29067;;3;2;No inventariada;;9;7;1;1;;3;1;3;;;5;998
2;5;8;29;29067;;3;2;No inventariada;;9;4;2;;;3;1;3;;;1;998
2;7;7;29;29067;;3;2;No inventariada;;9;2;1;1;;1;4;1;;;1;998
2;1;18;29;29067;;3;2;No inventariada;;9;2;2;;;1;1;7;;;1;998
1;3;8;29;29067;;3;2;No inventariada;;9;7;2;;;1;1;1;;;1;998
2;2;16;29;29067;;3;2;No inventariada;;9;2;1;1;;1;1;1;;;1;998
2;2;15;29;29067;;3;2;No inventariada;;9;2;1;1;;1;1;1;;;9;998
2;1;11;29;29067;;3;2;No inventariada;;9;3;2;;;3;1;3;;;1;998
2;3;18;29;29067;;3;2;No inventariada;;9;10;2;;;8;1;1;;;1;998
2;4;10;29;29067;;3;2;No inventariada;;9;10;2;;;1;1;1;;;1;998
2;2;15;29;29067;;3;2;No inventariada;;9;2;1;4;;1;1;1;;;1;998
2;6;14;29;29082;;1;1;A-7;972,717;8;3;2;;;1;1;1;;;1;3
2;4;7;29;29067;;3;2;No inventariada;;9;2;1;3;;1;1;1;;;1;998
2;4;15;29;29067;;3;2;No inventariada;;9;10;2;;;1;1;1;;;1;998
2;5;13;29;29067;;3;2;No inventariada;;9;10;1;2;;1;1;2;;;1;998
2;4;10;29;29067;;3;2;No inventariada;;9;3;2;;;1;1;1;;;1;998
2;5;20;29;29067;;3;2;No inventariada;;9;10;1;4;;3;4;3;;;5;998
2;5;23;29;29067;;3;2;No inventariada;;9;2;1;5;;1;4;1;;;12;998
2;3;13;29;29067;;3;2;No inventariada;;9;3;2;;;1;1;1;;;1;998
2;3;9;29;29067;;3;2;No inventariada;;9;3;2;;;1;1;1;;;1;998
2;4;23;29;29067;;3;2;No inventariada;;9;4;2;;;3;4;1;;;1;998
2;5;17;29;29067;;3;2;No inventariada;;9;2;1;4;;1;1;1;;;1;998
2;7;13;29;29067;;3;2;No inventariada;;9;3;2;;;1;1;1;;;1;998
1;3;10;29;29067;;3;2;No inventariada;;9;7;2;;;1;1;1;;;1;998
2;7;15;29;29067;;3;2;No inventariada;;9;4;2;;;1;1;1;;;6;998
2;7;20;29;29067;;3;2;No inventariada;;9;2;1;2;;1;4;1;;;1;998
2;2;10;29;29067;;1;1;MA-22;0,2;3;2;1;4;;1;1;1;;;1;2
2;6;22;29;29067;;3;2;No inventariada;;9;4;2;;;1;4;1;;;1;998
2;4;19;29;29067;;3;2;No inventariada;;9;3;1;2;;1;4;2;;;1;998
2;5;8;29;29067;;3;2;No inventariada;;9;4;1;2;;1;2;3;;;1;998
2;5;14;29;29067;;3;2;No inventariada;;9;2;1;2;;1;1;1;;;1;998
2;3;11;29;29067;;3;2;No inventariada;;9;7;2;;;1;1;1;;;1;998
2;1;14;29;29067;;3;2;No inventariada;;9;2;1;2;;1;1;1;;;1;998
2;2;11;29;29067;;3;2;No inventariada;;9;4;2;;;1;1;1;;;1;998
2;2;18;29;29067;;3;2;No inventariada;;9;2;1;3;;1;1;1;;;1;998
2;5;14;29;29067;;3;2;No inventariada;;9;3;2;;;1;1;1;;;1;998
2;5;19;29;29067;;3;2;No inventariada;;9;2;2;;;1;1;1;;;1;998
2;7;13;29;29067;;3;2;No inventariada;;9;2;1;4;;1;1;1;;;1;998
2;1;12;29;29067;;3;2;No inventariada;;9;20;2;;;1;1;1;;;1;998
2;1;13;29;29067;;3;2;No inventariada;;9;2;1;2;;1;1;1;;;1;998
2;1;18;29;29067;;3;2;No inventariada;;9;4;2;;;1;1;1;;;1;998
2;2;9;29;29067;;3;2;No inventariada;;9;2;1;1;;1;1;1;;;1;998
2;3;16;29;29067;;3;2;No inventariada;;9;3;2;;;1;1;1;;;1;998
2;1;21;29;29067;;3;2;No inventariada;;9;2;1;2;;1;4;1;;;1;998
2;3;16;29;29067;;3;2;No inventariada;;9;4;2;;;1;1;1;;;1;998
2;1;8;29;29067;;3;2;No inventariada;;9;2;1;4;;1;1;1;;;1;998
2;5;1;29;29067;;3;2;No inventariada;;9;12;2;;;4;6;3;;;1;998
2;2;14;29;29067;;3;2;No inventariada;;9;2;1;1;;1;1;1;;;1;998
2;5;14;29;29067;;3;2;No inventariada;;9;2;1;2;;1;1;1;;;1;998
2;3;18;29;29067;;3;2;No inventariada;;9;2;2;;;1;1;1;;;1;998
2;1;11;29;29067;;3;2;No inventariada;;9;2;1;1;;1;1;1;;;1;998
2;4;15;29;29067;;3;2;No inventariada;;9;12;2;;;1;1;1;;;1;998
2;1;0;29;29067;;3;2;No inventariada;;9;7;1;2;;1;4;1;;;1;998
2;4;19;29;29067;;3;2;No inventariada;;9;4;2;;;1;4;1;;;1;998
2;4;15;29;29067;;3;2;No inventariada;;9;2;2;;;1;1;1;;;1;998
2;4;20;29;29067;;3;2;No inventariada;;9;10;2;;;1;4;1;;;1;998
2;4;12;29;29067;;3;2;No inventariada;;9;2;1;3;;1;1;1;;;1;998
2;5;22;29;29067;;3;2;No inventariada;;9;3;2;;;1;4;1;;;1;998
2;4;9;29;29067;;3;2;No inventariada;;9;3;1;4;;1;1;1;;;1;998
2;5;17;29;29067;;3;2;No inventariada;;9;2;2;;;1;1;1;;;1;998
2;5;19;29;29067;;3;2;No inventariada;;9;4;2;;;1;4;1;;;1;998
2;3;18;29;29067;;3;2;No inventariada;;9;2;2;;;1;1;1;;;1;998
2;6;0;29;29067;;1;1;MA-20;1,485;3;2;1;4;MA-20;3;4;3;;;1;1
2;3;14;29;29067;;3;2;No inventariada;;9;3;2;;;1;1;1;;;1;998
2;5;4;29;29067;;3;2;No inventariada;;9;4;2;;;1;4;1;;;1;998
2;2;18;29;29067;;3;2;No inventariada;;9;2;1;4;;1;1;1;;;9;998
2;6;12;29;29067;;3;2;No inventariada;;9;2;1;2;;1;1;1;;;1;998
2;6;12;29;29067;;3;2;No inventariada;;9;4;2;;;1;1;1;;;1;998
2;2;17;29;29067;;3;2;No inventariada;;9;2;1;4;;1;1;1;;;1;998
2;3;21;29;29067;;3;2;No inventariada;;9;4;2;;;1;4;1;;;1;998
2;5;20;29;29067;;3;2;No inventariada;;9;2;1;2;;1;4;1;;;1;998
2;5;12;29;29067;;3;2;No inventariada;;9;2;1;2;;1;1;1;;;1;998
2;5;20;29;29067;;3;2;No inventariada;;9;7;1;1;;1;4;1;;;1;998
2;5;10;29;29067;;3;2;No inventariada;;9;4;2;;;1;1;1;;;1;998
2;4;20;29;29067;;3;2;No inventariada;;9;2;1;2;;3;5;3;;;5;998
2;4;7;29;29067;;3;2;No inventariada;;9;6;2;;;1;4;1;;;1;998
2;4;18;29;29067;;3;2;No inventariada;;9;2;1;2;;1;1;1;;;1;998
2;5;13;29;29067;;3;2;No inventariada;;9;2;1;2;;1;1;1;;;9;998
2;1;18;29;29067;;3;2;No inventariada;;9;10;2;;;1;1;2;;;1;998
2;7;14;29;29067;;3;2;No inventariada;;9;19;2;;;1;1;7;;;1;998
2;5;20;29;29067;;1;1;MA-20;9,2;3;4;2;;;1;4;1;;;1;1
2;2;8;29;29067;;3;2;No inventariada;;9;3;2;;;1;1;1;;;1;998
1;2;22;29;29067;;3;2;No inventariada;;9;1;1;9;;1;4;1;;;1;998
2;2;23;29;29067;;3;2;No inventariada;;9;16;1;1;;1;4;1;;;14;998
2;5;17;29;29067;;3;2;No inventariada;;9;4;2;;;1;1;1;;;1;998
2;1;11;29;29067;;3;2;No inventariada;;9;10;2;;;8;1;1;;;1;998
2;3;13;29;29067;;3;2;No inventariada;;9;2;2;;;1;1;1;;;1;998
2;2;19;29;29067;;3;2;No inventariada;;9;2;2;;;1;4;1;;;1;998
2;6;21;29;29067;;3;2;No inventariada;;9;2;2;;;1;3;1;;;1;998
2;7;10;29;29067;;3;2;No inventariada;;9;2;1;4;;1;1;1;;;1;998
2;1;11;29;29067;;3;2;No inventariada;;9;7;2;;;1;1;1;;;1;998
2;3;15;29;29067;;3;2;No inventariada;;9;1;1;2;;1;1;1;;;1;998
2;2;17;29;29067;;3;2;No inventariada;;9;4;2;;;1;1;1;;;1;998
2;4;18;29;29067;;3;2;No inventariada;;9;2;1;2;;1;1;1;;;17;998
2;1;13;29;29067;;3;2;No inventariada;;9;2;1;1;;1;1;1;;;1;998
2;3;23;29;29067;;3;2;No inventariada;;9;10;1;1;;1;4;1;;;1;998
2;1;20;29;29067;;3;2;No inventariada;;9;4;2;;;1;4;2;;;1;998
2;2;9;29;29067;;3;2;No inventariada;;14;4;2;;;1;4;1;;;1;998
2;2;10;29;29067;;3;2;No inventariada;;9;2;2;;;1;1;1;;;1;998
2;2;12;29;29067;;3;2;No inventariada;;9;2;1;1;;1;1;1;;;1;998
2;3;8;29;29067;;3;2;No inventariada;;9;4;2;;;1;1;1;;;1;998
2;3;9;29;29067;;3;2;No inventariada;;9;2;1;2;;1;1;1;;;15;998
2;3;12;29;29067;;3;2;No inventariada;;9;10;1;4;;1;1;1;;;1;998
3;6;3;29;29067;;1;1;A-7054;1,8;6;4;2;;;1;4;1;;;1;1
3;5;18;29;29067;;3;2;No inventariada;;9;2;2;;;1;1;1;;;1;998
3;6;7;29;29067;;3;2;No inventariada;;9;10;2;;;1;4;1;;;1;998
2;4;16;29;29067;;3;2;No inventariada;;9;7;2;;;1;1;1;;;1;998
3;5;17;29;29067;;3;2;No inventariada;;9;5;2;;;1;1;1;;;1;998
3;6;12;29;29067;;3;2;No inventariada;;9;7;1;2;;1;1;1;;;1;998
3;5;19;29;29067;;3;2;No inventariada;;9;1;1;1;;1;4;1;;;1;998
2;2;19;29;29067;;3;2;No inventariada;;9;4;2;;;1;1;1;;;1;998
2;4;15;29;29067;;3;2;No inventariada;;9;4;2;;;1;1;1;;;1;998
2;4;18;29;29067;;3;2;No inventariada;;9;10;2;;;1;1;1;;;1;998
2;4;15;29;29067;;3;2;No inventariada;;9;3;2;;;1;1;1;;;16;998
2;4;18;29;29067;;3;2;No inventariada;;9;4;1;4;;1;1;1;;;1;998
3;7;0;29;29067;;3;2;No inventariada;;9;2;1;3;;3;4;3;;;1;998
3;6;11;29;29067;;3;2;No inventariada;;9;2;2;;;1;1;1;;;1;998
3;7;12;29;29067;;3;2;No inventariada;;9;2;1;2;;1;1;1;;;1;998
3;1;11;29;29067;;3;2;No inventariada;;9;18;2;;;1;1;1;;;1;998
3;1;20;29;29067;;3;2;No inventariada;;9;2;2;;;1;1;1;;;1;998
2;6;10;29;29067;;3;2;No inventariada;;9;2;1;1;;1;1;1;;;1;998
2;5;13;29;29067;;3;2;No inventariada;;9;2;1;4;;1;4;1;;;1;998
2;5;13;29;29067;;3;2;No inventariada;;9;3;2;;;1;1;1;;;1;998
2;7;10;29;29067;;3;2;No inventariada;;9;2;1;1;;1;1;1;;;1;998
3;7;18;29;29067;;3;2;No inventariada;;9;2;1;3;;1;1;1;;;4;998
2;5;20;29;29067;;3;2;No inventariada;;9;20;2;;;1;1;1;;;1;998
2;2;17;29;29067;;3;2;No inventariada;;9;1;2;;;1;1;1;;;1;998
2;1;19;29;29067;;3;2;No inventariada;;9;4;1;2;;1;2;1;;;1;998
3;2;14;29;29067;;3;2;No inventariada;;9;3;2;;;1;1;1;;;1;998
2;5;21;29;29067;;3;2;No inventariada;;9;4;1;4;;1;4;1;;;1;998
3;5;14;29;29067;;3;2;No inventariada;;9;2;1;1;;1;1;1;;;1;998
3;6;20;29;29067;;3;2;No inventariada;;9;10;1;4;;1;4;1;;;1;998
2;1;12;29;29067;;3;2;No inventariada;;9;10;1;1;;1;1;1;;;1;998
3;1;2;29;29067;;3;2;No inventariada;;9;2;1;4;;3;4;3;;;1;998
2;3;20;29;29067;;3;2;No inventariada;;9;1;1;1;;1;4;1;;;1;998
3;2;22;29;29067;;1;1;A-7;985,2;3;17;1;2;MA-20;1;4;1;;;1;3
2;1;9;29;29067;;3;2;No inventariada;;9;12;2;;;3;1;4;;;1;998
2;3;1;29;29067;;3;2;No inventariada;;9;2;1;1;;1;4;1;;;1;998
3;3;0;29;29067;;3;2;No inventariada;;9;4;2;;;1;4;1;;;1;998
2;1;11;29;29067;;3;2;No inventariada;;9;4;2;;;3;1;3;;;1;998
2;1;9;29;29067;;3;2;No inventariada;;9;7;1;2;;3;1;3;;;5;998
2;7;20;29;29067;;3;2;No inventariada;;9;4;2;;;1;4;1;;;1;998
2;2;15;29;29067;;3;2;No inventariada;;9;2;1;1;;1;1;1;;;1;998
3;5;15;29;29067;;3;2;No inventariada;;9;2;1;1;;1;1;1;;;1;998
2;4;19;29;29067;;3;2;No inventariada;;14;2;1;1;;1;4;1;;;1;998
3;7;14;29;29067;;3;2;No inventariada;;9;2;1;4;;1;1;3;;;1;998
2;4;16;29;29067;;3;2;No inventariada;;9;4;2;;;1;1;1;;;1;998
3;2;13;29;29067;;3;2;No inventariada;;9;15;2;;;1;1;1;;;1;998
3;7;21;29;29067;;3;2;No inventariada;;9;20;2;;;1;1;1;;;1;998
3;2;19;29;29067;;3;2;No inventariada;;9;4;2;;;1;1;1;;;1;998
3;6;7;29;29067;;3;2;No inventariada;;9;3;2;;;1;1;1;;;1;998
3;1;20;29;29067;;3;2;No inventariada;;9;7;2;;;1;4;1;;;1;998
3;1;13;29;29067;;3;2;No inventariada;;9;3;1;1;;1;1;1;;;1;998
3;1;7;29;29067;;3;2;No inventariada;;9;4;2;;;1;1;1;;;1;998
3;1;14;29;29067;;3;2;No inventariada;;9;3;2;;;1;1;1;;;1;998
3;2;21;29;29067;;3;2;No inventariada;;9;1;2;;;1;4;1;;;1;998
3;1;12;29;29067;;3;2;No inventariada;;9;4;1;1;;1;1;1;;;1;998
3;5;21;29;29067;;3;2;No inventariada;;9;4;2;;;1;4;1;;;1;998
3;2;23;29;29067;;3;2;No inventariada;;9;9;2;;;1;4;1;;;1;998
3;1;14;29;29067;;3;2;No inventariada;;9;20;2;;;1;1;1;;;1;998
3;2;11;29;29067;;3;2;No inventariada;;9;7;2;;;1;1;1;;;1;998
3;7;8;29;29067;;3;2;No inventariada;;9;1;2;;;1;1;1;;;1;998
3;1;12;29;29067;;3;2;No inventariada;;9;10;2;;;1;1;1;;;1;998
3;1;21;29;29067;;3;2;No inventariada;;9;1;2;;;1;4;1;;;1;998
3;1;20;29;29067;;3;2;No inventariada;;9;4;2;;;1;4;1;;;1;998