MES;DIA_SEMANA;HORA;COD_PROVINCIA;COD_MUNICIPIO;ISLA;ZONA;ZONA_AGRUPADA;CARRETERA;KM;TIPO_VIA;TIPO_ACCIDENTE;NUDO;NUDO_INFO;CARRETERA_CRUCE;CONDICION_FIRME;CONDICION_ILUMINACION;CONDICION_METEO;CONDICION_NIEBLA;CONDICION_VIENTO;VISIB_RESTRINGIDA_POR;TRAZADO_PLANTA
3;3;18;29;29067;;3;2;No inventariada;;9;2;2;;;1;1;1;;;1;998
3;2;11;29;29067;;3;2;No inventariada;;9;10;2;;;1;1;1;;;1;998
3;2;18;29;29067;;3;2;No inventariada;;9;4;2;;;1;1;1;;;1;998
3;4;18;29;29067;;1;1;A-45;134,516;3;12;2;;;3;3;3;1;;1;2
2;2;12;29;29067;;3;2;No inventariada;;9;10;2;;;1;1;1;;;1;998
2;1;16;29;29067;;3;2;No inventariada;;9;7;1;1;;1;1;1;;;1;998
2;3;13;29;29067;;3;2;No inventariada;;9;4;2;;;1;1;1;;;1;998
3;2;11;29;29067;;3;2;No inventariada;;9;2;2;;;1;1;1;;;9;998
3;2;8;29;29067;;3;2;No inventariada;;9;2;1;4;;1;1;1;;;1;998
2;3;19;29;29067;;3;2;No inventariada;;9;2;2;;;1;1;1;;;1;998
3;3;11;29;29067;;3;2;No inventariada;;9;4;2;;;1;1;1;;;1;998
3;4;18;29;29067;;3;2;No inventariada;;9;4;2;;;3;1;3;;;1;998
3;4;15;29;29067;;3;2;No inventariada;;9;2;1;4;;3;1;3;;;5;998
3;6;7;29;29067;;1;1;A-7;981,2;3;16;2;;;3;3;4;;;1;2
3;6;9;29;29067;;1;1;A-7;992;3;18;2;;;3;1;3;;;5;2
3;7;15;29;29067;;3;2;No inventariada;;9;4;2;;;3;1;3;;;17;998
3;5;16;29;29067;;3;2;No inventariada;;9;20;1;4;;1;1;2;;;1;998
3;4;2;29;29067;;3;2;No inventariada;;9;2;1;1;;3;4;1;;;1;998
3;5;17;29;29067;;3;2;No inventariada;;9;4;1;4;;1;1;1;;;1;998
3;5;22;29;29067;;3;2;No inventariada;;9;4;1;2;;3;4;3;;;17;998
3;3;13;29;29067;;3;2;No inventariada;;9;2;2;;;1;1;1;;;1;998
3;1;9;29;29067;;3;2;No inventariada;;9;20;2;;;1;1;1;;;1;998
3;5;13;29;29067;;3;2;No inventariada;;9;4;1;4;;1;1;2;;;1;998
3;6;13;29;29067;;3;2;No inventariada;;9;10;1;4;;3;1;3;;;5;998
3;6;23;29;29067;;3;2;No inventariada;;9;9;1;4;;1;4;2;;;1;998
3;4;15;29;29067;;3;2;No inventariada;;9;4;1;5;;1;1;3;;;1;998
3;6;23;29;29067;;3;2;No inventariada;;9;2;1;3;;1;4;2;;;1;998
2;2;19;29;29067;;3;2;No inventariada;;9;2;2;;;1;2;1;;;6;998
3;2;16;29;29067;;1;1;A-7058;1,508;6;4;1;2;;1;1;1;;;1;1
3;6;11;29;29067;;3;2;No inventariada;;9;4;2;;;3;1;3;;;1;998
3;6;16;29;29067;;3;2;No inventariada;;9;4;2;;;3;1;3;;;1;998
3;6;20;29;29067;;3;2;No inventariada;;9;2;2;;;1;4;1;;;1;998
3;5;11;29;29067;;3;2;No inventariada;;9;10;1;4;;1;1;1;;;1;998
3;6;17;29;29067;;3;2;No inventariada;;9;16;2;;;7;1;1;;;1;998
3;1;12;29;29067;;3;2;No inventariada;;9;7;2;;;1;1;1;;;1;998
3;1;20;29;29067;;3;2;No inventariada;;9;3;2;;;1;4;1;;;1;998
3;4;20;29;29067;;3;2;No inventariada;;9;20;1;1;;3;1;2;;;1;998
3;5;11;29;29067;;3;2;No inventariada;;9;2;1;1;;1;1;1;;;1;998
3;3;7;29;29067;;1;1;A-7;982,209;3;10;2;;;1;1;1;;;1;1
3;5;15;29;29067;;3;2;No inventariada;;9;4;1;4;;1;1;2;;;1;998
3;3;11;29;29067;;3;2;No inventariada;;9;7;2;;;1;1;1;;;1;998
3;5;21;29;29067;;3;2;No inventariada;;9;2;1;4;;1;4;1;;;1;998
3;3;17;29;29067;;1;1;A-357;64,784;6;4;2;;;1;1;1;;;1;1
3;4;12;29;29067;;3;2;No inventariada;;9;20;1;1;;1;1;1;;;1;998
3;4;20;29;29067;;3;2;No inventariada;;9;4;1;1;;3;4;3;;;1;998
3;4;15;29;29067;;3;2;No inventariada;;9;2;2;;;3;1;3;;;5;998
3;5;2;29;29067;;3;2;No inventariada;;9;19;1;4;;3;4;3;;;1;998
3;4;18;29;29067;;3;2;No inventariada;;9;4;1;4;;3;1;2;;;1;998
3;4;15;29;29067;;3;2;No inventariada;;9;2;1;1;;3;1;4;;;5;998
3;1;11;29;29067;;3;2;No inventariada;;9;7;2;;;1;1;1;;;1;998
3;1;15;29;29067;;3;2;No inventariada;;9;4;2;;;1;1;1;;;1;998
3;1;21;29;29067;;3;2;No inventariada;;9;3;1;4;;1;4;1;;;1;998
3;2;13;29;29067;;3;2;No inventariada;;9;4;2;;;1;1;1;;;1;998
3;2;10;29;29067;;3;2;No inventariada;;9;7;2;;;1;1;1;;;1;998
3;2;8;29;29067;;3;2;No inventariada;;9;5;2;;;1;1;1;;;1;998
3;1;13;29;29067;;3;2;No inventariada;;9;4;2;;;1;1;1;;;1;998
3;1;21;29;29067;;3;2;No inventariada;;9;2;1;1;;1;4;1;;;1;998
3;1;22;29;29067;;3;2;No inventariada;;9;3;2;;;1;4;1;;;1;998
3;2;8;29;29067;;3;2;No inventariada;;9;10;2;;;1;1;1;;;1;998
3;2;22;29;29067;;3;2;No inventariada;;9;4;2;;;1;4;1;;;1;998
3;2;11;29;29067;;3;2;No inventariada;;9;2;1;1;;1;4;1;;;1;998
3;2;19;29;29067;;3;2;No inventariada;;9;16;2;;;1;4;1;;;1;998
3;4;23;29;29067;;3;2;No inventariada;;9;3;1;1;;1;4;1;;;1;998
3;3;11;29;29067;;3;2;No inventariada;;9;12;1;2;;1;1;1;;;1;998
3;4;1;29;29067;;3;2;No inventariada;;9;2;1;2;;1;4;1;;;1;998
3;7;20;29;29067;;3;2;No inventariada;;9;10;2;;;1;4;1;;;1;998
3;4;11;29;29067;;3;2;No inventariada;;9;2;1;5;;1;1;1;;;1;998
3;2;16;29;29067;;3;2;No inventariada;;9;7;2;;;1;1;1;;;1;998
3;4;18;29;29067;;3;2;No inventariada;;9;2;1;3;;1;4;1;;;1;998
3;4;13;29;29067;;3;2;No inventariada;;9;2;1;3;;1;1;1;;;17;998
3;4;19;29;29067;;3;2;No inventariada;;9;2;1;5;;1;2;1;;;1;998
3;5;12;29;29067;;1;1;A-7;983,788;3;2;2;;;1;1;1;;;1;1
3;5;18;29;29067;;1;1;A-357;64,3;6;4;1;4;;1;1;1;;;1;1
3;4;10;29;29067;;3;2;No inventariada;;9;6;1;1;;1;1;1;;;1;998
3;3;18;29;29067;;3;2;No inventariada;;9;7;2;;;1;1;1;;;1;998
3;5;19;29;29067;;3;2;No inventariada;;9;2;1;5;;1;4;1;;;1;998
3;5;21;29;29067;;3;2;No inventariada;;9;2;1;2;;1;4;1;;;1;998
3;5;23;29;29067;;3;2;No inventariada;;9;3;1;2;;1;4;1;;;1;998
3;2;23;29;29067;;3;2;No inventariada;;9;2;1;1;;1;4;1;;;1;998
3;6;21;29;29067;;3;2;No inventariada;;9;2;1;5;;1;1;1;;;1;998
3;6;13;29;29067;;3;2;No inventariada;;9;2;1;4;;1;1;1;;;1;998
3;5;20;29;29067;;3;2;No inventariada;;9;20;2;;;1;1;1;;;17;998
3;5;9;29;29067;;3;2;No inventariada;;9;10;1;3;;8;1;1;;;1;998
3;7;17;29;29067;;3;2;No inventariada;;9;1;2;;;1;1;1;;;1;998
3;1;17;29;29067;;3;2;No inventariada;;9;2;1;5;;1;1;1;;;1;998
3;7;8;29;29067;;3;2;No inventariada;;9;10;1;1;;1;1;1;;;1;998
3;6;15;29;29067;;3;2;No inventariada;;9;10;2;;;2;1;1;;;1;998
2;3;12;29;29067;;3;2;No inventariada;;9;2;1;2;;1;1;1;;;1;998
3;1;15;29;29067;;3;2;No inventariada;;9;3;2;;;1;1;1;;;1;998
3;1;11;29;29067;;3;2;No inventariada;;9;20;1;4;;1;1;1;;;1;998
3;3;15;29;29067;;3;2;No inventariada;;9;10;2;;;1;1;2;;;1;998
3;5;11;29;29067;;3;2;No inventariada;;9;10;1;2;;1;1;1;;;1;998
2;2;14;29;29067;;3;2;No inventariada;;9;20;2;;;1;1;1;;;1;998
3;7;14;29;29067;;3;2;No inventariada;;9;2;1;2;;1;1;1;;;1;998
3;4;13;29;29067;;3;2;No inventariada;;9;3;1;4;;1;1;1;;;1;998
3;7;3;29;29067;;3;2;No inventariada;;9;19;2;;;1;4;1;;;1;998
3;7;22;29;29067;;3;2;No inventariada;;9;2;2;;;1;4;1;;;1;998
3;1;12;29;29067;;3;2;No inventariada;;9;2;2;;;1;1;1;;;1;998
3;1;16;29;29067;;3;2;No inventariada;;9;2;1;1;;1;4;1;;;1;998
3;1;18;29;29067;;3;2;No inventariada;;9;6;2;;;1;1;1;;;1;998
3;7;15;29;29067;;3;2;No inventariada;;9;3;2;;;1;1;1;;;1;998
3;1;22;29;29067;;3;2;No inventariada;;9;2;2;;;1;4;1;;;1;998
3;1;14;29;29067;;3;2;No inventariada;;9;3;2;;;1;1;1;;;1;998
3;2;13;29;29067;;3;2;No inventariada;;9;4;2;;;1;1;1;;;1;998
3;2;18;29;29067;;3;2;No inventariada;;9;9;2;;;1;1;1;;;1;998
3;1;17;29;29067;;3;2;No inventariada;;9;5;1;2;;1;1;1;;;1;998
3;2;11;29;29067;;3;2;No inventariada;;9;5;2;;;1;1;1;;;1;998
3;2;17;29;29067;;3;2;No inventariada;;9;2;1;3;;1;1;1;;;1;998
3;2;19;29;29067;;3;2;No inventariada;;9;2;1;3;;1;1;1;;;1;998
3;4;21;29;29067;;3;2;No inventariada;;14;2;1;2;;1;4;1;;;1;998
3;2;11;29;29067;;3;2;No inventariada;;9;20;1;4;;1;1;1;;;1;998
3;1;16;29;29067;;3;2;No inventariada;;9;2;1;4;;1;1;1;;;1;998
3;3;14;29;29067;;3;2;No inventariada;;9;5;2;;;1;1;1;;;1;998
3;3;16;29;29067;;3;2;No inventariada;;9;2;1;3;;1;1;1;;;1;998
3;1;14;29;29067;;3;2;No inventariada;;9;2;2;;;1;1;1;;;1;998
3;2;8;29;29067;;3;2;No inventariada;;9;4;2;;;1;1;1;;;1;998
3;2;20;29;29067;;3;2;No inventariada;;9;4;2;;;1;4;1;;;1;998
3;2;12;29;29067;;3;2;No inventariada;;9;4;2;;;1;1;1;;;1;998
3;2;14;29;29067;;3;2;No inventariada;;9;4;2;;;1;1;1;;;1;998
3;1;19;29;29067;;3;2;No inventariada;;9;2;1;1;;1;1;1;;;1;998
3;1;12;29;29067;;3;2;No inventariada;;9;3;2;;;1;1;2;;;1;998
3;2;20;29;29067;;3;2;No inventariada;;9;4;2;;;1;4;1;;;1;998
3;2;19;29;29067;;3;2;No inventariada;;9;7;2;;;1;5;1;;;17;998
3;3;14;29;29067;;3;2;No inventariada;;9;7;2;;;1;1;7;;;1;998
3;7;22;29;29067;;3;2;No inventariada;;9;2;1;2;;1;4;1;;;1;998
3;4;23;29;29067;;3;2;No inventariada;;9;2;2;;;1;4;1;;;1;998
3;4;18;29;29067;;3;2;No inventariada;;9;2;1;1;;1;1;1;;;1;998
3;3;20;29;29067;;3;2;No inventariada;;9;3;2;;;1;1;1;;;1;998
3;7;19;29;29067;;3;2;No inventariada;;9;20;1;1;;3;1;1;;;1;998
3;2;15;29;29067;;3;2;No inventariada;;9;2;2;;;1;1;1;;;1;998
3;2;9;29;29067;;3;2;No inventariada;;9;4;2;;;1;1;1;;;1;998
3;5;23;29;29067;;3;2;No inventariada;;9;4;2;;;1;4;1;;;1;998
3;6;9;29;29067;;1;1;A-7075;5,866;6;19;2;;;2;1;1;;;1;2
3;6;11;29;29007;;1;1;A-7;995,635;3;2;1;4;A-404;1;1;1;;;1;1
3;3;20;29;29067;;3;2;No inventariada;;9;2;1;4;;1;1;1;;;1;998
3;4;2;29;29067;;3;2;No inventariada;;9;5;1;5;;3;4;3;;;1;998
3;6;15;29;29067;;3;2;No inventariada;;9;4;2;;;1;1;1;;;1;998
3;5;0;29;29067;;3;2;No inventariada;;9;10;2;;;8;4;1;;;1;998
3;5;9;29;29067;;3;2;No inventariada;;9;10;2;;;7;1;1;;;1;998
3;5;15;29;29067;;3;2;No inventariada;;9;10;2;;;1;1;1;;;1;998
3;2;15;29;29067;;3;2;No inventariada;;9;3;1;4;;1;1;1;;;1;998
3;7;21;29;29067;;3;2;No inventariada;;9;10;2;;;3;4;4;;;5;998
3;6;15;29;29067;;3;2;No inventariada;;9;4;1;1;;1;1;1;;;1;998
3;5;17;29;29067;;3;2;No inventariada;;9;3;2;;;1;1;1;;;17;998
3;6;15;29;29067;;3;2;No inventariada;;9;2;1;5;;1;1;1;;;1;998
3;7;13;29;29067;;3;2;No inventariada;;9;2;1;3;;1;1;1;;;3;998
3;1;13;29;29067;;3;2;No inventariada;;9;4;2;;;3;1;3;;;5;998
3;7;19;29;29067;;1;1;AP-46;24;1;12;1;2;A-7;3;5;4;;;5;3
3;1;19;29;29067;;3;2;No inventariada;;9;2;1;2;;3;1;2;;;1;998
3;2;20;29;29067;;3;2;No inventariada;;9;4;2;;;1;4;1;;;1;998
3;5;20;29;29067;;3;2;No inventariada;;9;2;1;1;;1;1;1;;;1;998
3;4;12;29;29067;;3;2;No inventariada;;9;3;1;2;;1;1;1;;;1;998
3;5;19;29;29067;;3;2;No inventariada;;9;6;2;;;1;4;1;;;1;998
3;1;16;29;29067;;3;2;No inventariada;;9;4;2;;;3;1;3;;;1;998
3;1;15;29;29067;;3;2;No inventariada;;9;10;2;;;3;1;3;;;1;998
3;3;10;29;29067;;3;2;No inventariada;;9;10;2;;;1;1;1;;;1;998
3;7;22;29;29067;;3;2;No inventariada;;9;20;2;;;1;4;1;;;1;998
2;4;15;29;29067;;3;2;No inventariada;;9;2;1;1;;1;1;1;;;1;998
3;5;13;29;29067;;3;2;No inventariada;;9;2;1;1;;1;1;1;;;1;998
3;6;15;29;29067;;3;2;No inventariada;;9;4;2;;;1;1;1;;;1;998
3;1;15;29;29067;;3;2;No inventariada;;9;3;2;;;3;1;3;;;1;998
3;6;23;29;29067;;3;2;No inventariada;;9;7;2;;;8;4;2;;;1;998
3;3;18;29;29067;;3;2;No inventariada;;9;2;1;5;;1;1;1;;;1;998
3;3;23;29;29067;;3;2;No inventariada;;9;20;1;1;;1;1;1;;;1;998
3;5;15;29;29067;;3;2;No inventariada;;9;9;2;;;1;1;2;;;1;998
3;3;20;29;29067;;3;2;No inventariada;;9;7;2;;;1;4;1;;;1;998
3;1;14;29;29067;;3;2;No inventariada;;9;2;1;1;;3;1;3;;;1;998
3;7;19;29;29067;;3;2;No inventariada;;9;2;1;1;;3;4;7;;;5;998
3;6;0;29;29067;;3;2;No inventariada;;9;20;2;;;1;4;1;;;1;998
3;1;22;29;29067;;3;2;No inventariada;;9;7;2;;;1;4;1;;;1;998
3;2;13;29;29067;;3;2;No inventariada;;9;4;2;;;8;1;1;;;1;998
3;2;14;29;29067;;3;2;No inventariada;;9;2;1;4;;1;1;1;;;1;998
3;4;1;29;29067;;3;2;No inventariada;;9;10;2;;;3;4;3;;;1;998
3;7;23;29;29067;;3;2;No inventariada;;9;4;2;;;1;4;1;;;1;998
3;3;9;29;29067;;3;2;No inventariada;;9;10;2;;;1;1;1;;;1;998
3;2;14;29;29067;;3;2;No inventariada;;9;4;2;;;3;1;3;;;1;998
3;3;11;29;29067;;3;2;No inventariada;;9;10;1;4;;7;1;1;;;1;998
3;2;11;29;29067;;3;2;No inventariada;;9;20;1;2;;1;1;1;;;1;998
3;5;20;29;29067;;1;1;A-357;63;6;7;2;;;1;6;2;;;1;1
3;3;11;29;29067;;3;2;No inventariada;;9;2;1;4;;1;1;1;;;1;998
3;7;4;29;29067;;3;2;No inventariada;;9;2;1;1;;1;4;1;;;1;998
3;6;18;29;29067;;3;2;No inventariada;;9;10;1;3;;3;1;2;;;1;998
3;5;3;29;29067;;3;2;No inventariada;;9;3;2;;;3;4;2;;;1;998
3;1;9;29;29067;;3;2;No inventariada;;9;7;2;;;1;1;1;;;9;998
3;5;22;29;29067;;3;2;No inventariada;;9;20;2;;;1;1;2;;;17;998
3;7;22;29;29067;;1;1;A-45;138,6;3;14;2;;;3;6;3;;;1;2
3;3;21;29;29067;;3;2;No inventariada;;9;7;2;;;1;1;1;;;1;998
3;2;17;29;29067;;3;2;No inventariada;;9;10;2;;;1;1;1;;;1;998
3;1;18;29;29067;;3;2;No inventariada;;9;4;1;5;;3;1;3;;;5;998
3;4;9;29;29067;;3;2;No inventariada;;9;10;2;;;7;1;1;;;1;998
3;4;14;29;29067;;3;2;No inventariada;;9;2;1;5;;1;1;1;;;1;998
3;5;18;29;29067;;3;2;No inventariada;;9;2;2;;;1;1;1;;;1;998
3;5;17;29;29067;;3;2;No inventariada;;9;4;2;;;1;1;1;;;1;998
3;3;0;29;29067;;3;2;No inventariada;;9;4;2;;;1;4;1;;;1;998
3;3;10;29;29067;;3;2;No inventariada;;9;4;1;4;;1;1;1;;;1;998
3;3;14;29;29067;;3;2;No inventariada;;9;2;1;4;;1;1;1;;;1;998
3;3;20;29;29067;;3;2;No inventariada;;9;4;1;2;;1;4;1;;;1;998
3;4;10;29;29067;;3;2;No inventariada;;9;2;2;;;1;1;1;;;1;998
3;4;10;29;29067;;3;2;No inventariada;;9;20;2;;;1;1;1;;;1;998
3;4;16;29;29067;;3;2;No inventariada;;9;4;2;;;1;1;1;;;1;998
3;4;20;29;29067;;3;2;No inventariada;;9;2;1;4;;1;2;1;;;1;998
3;5;10;29;29067;;3;2;No inventariada;;9;10;2;;;1;1;1;;;1;998
4;1;8;29;29067;;3;2;No inventariada;;9;2;2;;;1;1;1;;;1;998
3;5;10;29;29067;;3;2;No inventariada;;9;2;2;;;1;1;1;;;1;998
3;5;11;29;29067;;3;2;No inventariada;;9;2;2;;;1;1;1;;;1;998
3;5;13;29;29067;;3;2;No inventariada;;9;7;2;;;1;1;2;;;1;998
3;5;15;29;29067;;3;2;No inventariada;;9;4;2;;;1;1;1;;;1;998
3;5;19;29;29067;;3;2;No inventariada;;9;2;1;4;;1;4;1;;;1;998
3;7;15;29;29067;;3;2;No inventariada;;9;2;1;2;;1;1;2;;;1;998
3;2;13;29;29067;;3;2;No inventariada;;9;10;2;;;7;1;1;;;1;998
4;1;18;29;29067;;3;2;No inventariada;;9;10;2;;;1;1;1;;;1;998
3;4;17;29;29067;;3;2;No inventariada;;9;2;1;1;;1;1;2;;;1;998
3;4;23;29;29067;;3;2;No inventariada;;9;10;2;;;1;4;1;;;1;998
3;1;16;29;29067;;3;2;No inventariada;;9;4;2;;;3;1;3;;;5;998
3;3;22;29;29067;;3;2;No inventariada;;9;10;2;;;3;4;3;;;5;998
3;6;11;29;29067;;3;2;No inventariada;;9;2;1;4;;3;1;3;;;5;998
4;2;7;29;29067;;3;2;No inventariada;;9;4;1;4;;1;1;1;;;1;998
4;2;16;29;29067;;3;2;No inventariada;;9;3;2;;;1;1;1;;;9;998
1;4;8;29;29067;;3;2;No inventariada;;9;4;2;;;1;4;1;;;1;998
3;7;7;29;29067;;3;2;No inventariada;;9;5;1;4;;1;1;1;;;1;998
4;1;19;29;29067;;3;2;No inventariada;;9;4;2;;;1;1;1;;;1;998
3;5;23;29;29067;;3;2;No inventariada;;9;10;2;;;1;4;1;;;1;998
3;6;13;29;29067;;3;2;No inventariada;;9;4;2;;;1;1;2;;;1;998
3;7;2;29;29067;;3;2;No inventariada;;9;4;2;;;1;4;1;;;1;998
3;1;5;29;29067;;3;2;No inventariada;;9;2;1;4;;1;6;1;;;17;998
3;1;14;29;29067;;3;2;No inventariada;;9;9;2;;;3;1;3;;;5;998
3;3;23;29;29067;;3;2;No inventariada;;9;2;1;2;;1;6;2;;;1;998
3;6;0;29;29067;;3;2;No inventariada;;9;2;1;5;;3;6;4;;;5;998
3;7;14;29;29067;;3;2;No inventariada;;9;2;1;1;;1;1;1;;;1;998
3;7;14;29;29067;;3;2;No inventariada;;9;4;2;;;3;1;3;;;5;998
4;1;7;29;29067;;3;2;No inventariada;;9;4;2;;;1;2;1;;;1;998
4;1;18;29;29067;;3;2;No inventariada;;9;7;2;;;1;1;1;;;1;998
4;1;13;29;29067;;3;2;No inventariada;;9;4;2;;;1;1;1;;;1;998
3;4;22;29;29067;;3;2;No inventariada;;9;4;2;;;1;4;1;;;1;998
3;6;13;29;29067;;3;2;No inventariada;;9;3;2;;;1;1;1;;;1;998
4;3;10;29;29067;;3;2;No inventariada;;9;4;2;;;1;1;1;;;1;998
4;3;18;29;29067;;3;2;No inventariada;;9;2;2;;;1;1;1;;;1;998
4;4;9;29;29067;;1;1;MA-20;1,3;3;2;1;4;MA-20;1;1;2;;;1;1
3;7;4;29;29067;;3;2;No inventariada;;9;12;1;4;;1;2;1;;;1;998
4;4;17;29;29067;;1;1;MA-20;6,317;3;4;2;;;1;1;1;;;1;1
3;1;19;29;29067;;3;2;No inventariada;;9;2;1;4;;1;1;1;;;1;998
4;2;22;29;29067;;3;2;No inventariada;;9;2;2;;;1;5;1;;;1;998
4;1;14;29;29067;;3;2;No inventariada;;9;4;2;;;1;1;1;;;1;998
4;4;19;29;29067;;3;2;No inventariada;;9;3;2;;;1;1;1;;;1;998
4;4;23;29;29067;;3;2;No inventariada;;9;20;1;2;;1;4;1;;;1;998
3;5;18;29;29067;;3;2;No inventariada;;9;12;1;4;;1;1;1;;;1;998
4;5;7;29;29067;;3;2;No inventariada;;9;2;1;2;;1;1;1;;;1;998
3;4;3;29;29067;;3;2;No inventariada;;9;2;2;;;3;4;3;;;1;998
2;5;19;29;29067;;3;2;No inventariada;;9;2;2;;;1;4;1;;;1;998
4;5;15;29;29067;;1;1;MA-20;6,287;3;3;2;;;1;1;1;;;1;1
4;4;14;29;29067;;3;2;No inventariada;;9;2;2;;;1;1;1;;;1;998
3;4;13;29;29067;;3;2;No inventariada;;9;3;2;;;1;1;1;;;1;998
4;5;22;29;29067;;1;1;A-7;985,5;3;16;2;;;1;6;1;;;1;1
3;1;14;29;29067;;3;2;No inventariada;;9;4;2;;;3;1;3;;;1;998
4;3;6;29;29067;;3;2;No inventariada;;9;2;1;1;;1;2;1;;;1;998
3;5;9;29;29067;;3;2;No inventariada;;9;20;2;;;1;1;1;;;1;998
4;2;10;29;29067;;3;2;No inventariada;;9;4;2;;;1;1;1;;;1;998
4;6;17;29;29067;;3;2;No inventariada;;9;6;2;;;1;1;1;;;1;998
4;5;11;29;29067;;3;2;No inventariada;;9;7;2;;;1;1;1;;;1;998
4;4;9;29;29067;;3;2;No inventariada;;9;3;1;2;;1;1;1;;;1;998
4;4;18;29;29067;;3;2;No inventariada;;9;19;2;;;1;1;1;;;1;998
4;5;19;29;29067;;3;2;No inventariada;;9;7;1;1;;1;1;1;;;1;998
4;6;17;29;29067;;3;2;No inventariada;;9;9;1;4;;1;1;1;;;1;998
4;4;18;29;29067;;3;2;No inventariada;;9;2;2;;;1;1;1;;;1;998
4;4;10;29;29067;;3;2;No inventariada;;9;2;1;5;;1;1;1;;;1;998
4;5;22;29;29067;;3;2;No inventariada;;9;3;2;;;1;1;1;;;1;998
4;5;1;29;29067;;3;2;No inventariada;;9;10;2;;;1;4;1;;;1;998
3;6;20;29;29067;;3;2;No inventariada;;9;2;1;12;;1;3;1;;;1;998
4;3;18;29;29067;;3;2;No inventariada;;9;2;1;2;;1;1;1;;;9;998
4;4;16;29;29067;;3;2;No inventariada;;9;5;2;;;1;1;1;;;1;998
4;4;13;29;29067;;3;2;No inventariada;;9;9;2;;;1;1;1;;;1;998
2;7;20;29;29067;;3;2;No inventariada;;9;7;2;;;1;4;1;;;1;998
4;5;20;29;29067;;1;1;No inventariada;1,5;10;12;2;;;1;2;1;;;1;2
3;7;15;29;29067;;3;2;No inventariada;;9;2;1;1;;3;1;3;;;1;998
3;7;21;29;29067;;3;2;No inventariada;;9;16;1;2;;3;4;1;;;1;998
4;1;10;29;29067;;3;2;No inventariada;;9;2;2;;;1;1;1;;;1;998
4;4;9;29;29067;;3;2;No inventariada;;9;20;1;1;;1;1;1;;;1;998
4;4;13;29;29067;;3;2;No inventariada;;9;10;2;;;1;1;1;;;1;998
4;6;14;29;29067;;3;2;No inventariada;;9;2;2;;;1;1;1;;;1;998
4;6;20;29;29067;;3;2;No inventariada;;9;20;2;;;1;3;1;;;1;998
4;7;14;29;29067;;3;2;No inventariada;;9;2;2;;;1;1;1;;;1;998
4;1;5;29;29067;;3;2;No inventariada;;9;2;1;2;;1;4;1;;;1;998
4;2;8;29;29067;;3;2;No inventariada;;9;4;1;5;;1;1;1;;;1;998
3;6;20;29;29067;;3;2;No inventariada;;9;7;2;;;3;4;3;;;1;998
4;3;7;29;29067;;1;1;MA-20;10,516;3;3;2;;;1;1;1;1;;1;1
4;1;14;29;29067;;3;2;No inventariada;;9;2;2;;;1;1;1;;;1;998
4;1;21;29;29067;;3;2;No inventariada;;9;2;2;;;1;4;1;;;1;998
4;2;12;29;29067;;3;2;No inventariada;;9;2;1;1;;1;1;1;;;1;998
4;6;10;29;29067;;3;2;No inventariada;;9;4;2;;;1;1;1;;;1;998
4;1;9;29;29067;;3;2;No inventariada;;9;7;2;;;1;1;1;;;1;998
4;1;19;29;29067;;3;2;No inventariada;;9;7;1;1;;1;1;1;;;6;998
4;1;16;29;29067;;3;2;No inventariada;;9;2;2;;;1;1;1;;;1;998
4;2;15;29;29067;;3;2;No inventariada;;9;5;2;;;1;1;1;;;1;998
4;2;9;29;29067;;3;2;No inventariada;;9;10;1;2;;1;1;1;;;1;998
4;6;18;29;29067;;3;2;No inventariada;;9;2;1;4;;1;1;1;;;1;998
4;1;9;29;29067;;3;2;No inventariada;;9;10;2;;;3;1;1;;;1;998
2;2;11;29;29067;;3;2;No inventariada;;9;16;2;;;1;1;1;;;1;998
4;1;16;29;29067;;3;2;No inventariada;;9;5;2;;;1;1;1;;;1;998
4;3;16;29;29067;;3;2;No inventariada;;9;10;2;;;7;1;1;;;1;998
4;3;16;29;29067;;3;2;No inventariada;;9;7;1;1;;1;1;1;;;1;998