MES;DIA_SEMANA;HORA;COD_PROVINCIA;COD_MUNICIPIO;ISLA;ZONA;ZONA_AGRUPADA;CARRETERA;KM;TIPO_VIA;TIPO_ACCIDENTE;NUDO;NUDO_INFO;CARRETERA_CRUCE;CONDICION_FIRME;CONDICION_ILUMINACION;CONDICION_METEO;CONDICION_NIEBLA;CONDICION_VIENTO;VISIB_RESTRINGIDA_POR;TRAZADO_PLANTA
4;4;15;29;29067;;3;2;No inventariada;;9;4;2;;;1;1;1;;;1;998
4;4;14;29;29067;;3;2;No inventariada;;9;3;2;;;1;1;1;;;1;998
4;5;19;29;29067;;3;2;No inventariada;;9;7;2;;;1;1;1;;;1;998
4;1;15;29;29067;;3;2;No inventariada;;9;19;2;;;1;1;1;;;1;998
4;2;13;29;29067;;3;2;No inventariada;;9;4;2;;;1;1;1;;;1;998
4;2;15;29;29067;;3;2;No inventariada;;9;3;2;;;1;1;1;;;9;998
4;2;15;29;29067;;3;2;No inventariada;;9;20;2;;;1;1;1;;;1;998
4;3;10;29;29067;;3;2;No inventariada;;9;4;2;;;1;1;1;;;1;998
4;3;12;29;29067;;3;2;No inventariada;;9;4;2;;;1;1;1;;;1;998
4;5;21;29;29067;;3;2;No inventariada;;9;3;1;1;;1;4;1;;;1;998
4;6;12;29;29067;;3;2;No inventariada;;9;3;2;;;1;1;1;;;1;998
4;3;17;29;29067;;3;2;No inventariada;;9;4;2;;;1;1;1;;;1;998
4;4;10;29;29067;;3;2;No inventariada;;9;3;1;1;;1;1;1;;;1;998
4;4;19;29;29067;;3;2;No inventariada;;9;7;2;;;1;1;1;;;1;998
4;3;23;29;29067;;3;2;No inventariada;;9;5;2;;;1;4;1;;;1;998
4;3;19;29;29067;;3;2;No inventariada;;9;4;2;;;1;1;1;;;1;998
4;4;14;29;29067;;3;2;No inventariada;;9;10;1;3;;1;1;1;;;1;998
4;4;15;29;29067;;3;2;No inventariada;;9;9;2;;;1;1;2;;;1;998
4;4;17;29;29067;;3;2;No inventariada;;9;2;1;2;;1;1;1;;;1;998
4;4;19;29;29067;;3;2;No inventariada;;9;4;2;;;1;1;1;;;1;998
4;4;21;29;29067;;3;2;No inventariada;;9;3;2;;;1;4;1;;;1;998
4;6;22;29;29067;;1;1;MA-20;7,4;3;7;2;;;1;3;1;;;1;1
4;5;15;29;29067;;3;2;No inventariada;;9;2;1;3;;1;1;1;;;1;998
4;5;15;29;29067;;3;2;No inventariada;;9;5;2;;;1;1;1;;;1;998
4;5;18;29;29067;;3;2;No inventariada;;9;3;2;;;1;1;1;;;1;998
4;6;16;29;29067;;3;2;No inventariada;;9;3;2;;;1;1;1;;;1;998
4;6;16;29;29067;;3;2;No inventariada;;9;10;2;;;1;1;1;;;1;998
3;7;0;29;29067;;3;2;No inventariada;;9;2;1;2;;1;4;1;;;1;998
4;3;18;29;29067;;3;2;No inventariada;;9;19;2;;;1;1;1;;;1;998
4;5;9;29;29067;;3;2;No inventariada;;9;2;2;;;1;1;1;;;6;998
4;4;22;29;29067;;3;2;No inventariada;;9;4;2;;;1;4;1;;;1;998
4;4;21;29;29067;;3;2;No inventariada;;9;4;1;2;;1;1;7;;;1;998
4;4;13;29;29067;;3;2;No inventariada;;9;4;2;;;1;1;1;;;1;998
4;6;4;29;29067;;3;2;No inventariada;;9;2;1;3;;1;1;1;;;1;998
4;7;16;29;29067;;3;2;No inventariada;;9;10;1;4;;1;1;1;;;1;998
3;5;14;29;29067;;3;2;No inventariada;;9;7;2;;;1;1;1;;;1;998
4;7;17;29;29067;;3;2;No inventariada;;9;4;1;3;;1;1;1;;;1;998
4;1;23;29;29067;;3;2;No inventariada;;9;20;2;;;1;4;1;;;1;998
4;1;12;29;29067;;1;1;A-45;140,5;3;1;2;;;1;1;1;;;3;3
3;2;11;29;29067;;3;2;No inventariada;;9;2;1;4;;1;1;1;;;1;998
4;1;12;29;29067;;3;2;No inventariada;;9;2;1;4;;1;1;1;;;1;998
4;4;18;29;29067;;3;2;No inventariada;;9;2;1;1;;1;1;1;;;1;998
4;4;16;29;29067;;3;2;No inventariada;;9;20;2;;;2;1;1;;;1;998
4;4;13;29;29067;;3;2;No inventariada;;9;2;1;1;;1;1;1;;;1;998
4;4;11;29;29067;;3;2;No inventariada;;9;2;1;4;;1;1;1;;;1;998
4;4;10;29;29067;;3;2;No inventariada;;9;2;1;1;;1;1;1;;;1;998
4;4;12;29;29067;;3;2;No inventariada;;9;2;2;;;1;1;1;;;1;998
4;3;15;29;29067;;3;2;No inventariada;;9;7;2;;;1;1;1;;;1;998
4;4;22;29;29067;;3;2;No inventariada;;9;20;2;;;1;4;1;;;1;998
4;1;15;29;29067;;3;2;No inventariada;;9;4;2;;;1;1;1;;;1;998
4;5;11;29;29067;;3;2;No inventariada;;9;2;1;1;;1;1;1;;;1;998
4;1;14;29;29067;;3;2;No inventariada;;9;4;2;;;1;1;1;;;1;998
4;5;14;29;29067;;3;2;No inventariada;;9;2;1;4;;1;1;1;;;1;998
4;1;20;29;29067;;3;2;No inventariada;;9;4;2;;;1;4;1;;;1;998
4;3;15;29;29067;;3;2;No inventariada;;9;7;2;;;1;1;1;;;1;998
4;5;15;29;29067;;3;2;No inventariada;;9;4;2;;;1;1;1;;;1;998
4;5;13;29;29067;;3;2;No inventariada;;9;10;2;;;1;1;1;;;1;998
4;1;13;29;29067;;3;2;No inventariada;;9;2;1;2;;1;1;1;;;1;998
3;7;0;29;29067;;3;2;No inventariada;;9;18;1;2;;1;4;1;;;1;998
4;5;8;29;29067;;3;2;No inventariada;;9;7;2;;;1;1;1;;;6;998
3;4;19;29;29067;;3;2;No inventariada;;9;16;2;;;1;4;1;;;1;998
3;5;23;29;29067;;3;2;No inventariada;;9;4;2;;;1;4;1;;;1;998
4;6;23;29;29067;;3;2;No inventariada;;9;1;2;;;1;4;1;;;1;998
4;5;21;29;29067;;3;2;No inventariada;;9;3;2;;;1;4;1;;;1;998
4;5;11;29;29067;;3;2;No inventariada;;9;3;1;2;;1;1;1;;;1;998
4;1;16;29;29067;;3;2;No inventariada;;9;2;2;;;1;1;1;;;1;998
4;7;0;29;29067;;3;2;No inventariada;;9;4;2;;;1;1;1;;;1;998
4;1;16;29;29067;;3;2;No inventariada;;9;2;2;;;1;1;1;;;1;998
4;1;9;29;29067;;3;2;No inventariada;;9;2;1;5;;1;1;1;;;1;998
4;1;14;29;29067;;3;2;No inventariada;;9;10;1;1;;1;1;1;;;1;998
4;1;9;29;29067;;3;2;No inventariada;;9;2;1;1;;1;1;1;;;1;998
4;1;17;29;29067;;3;2;No inventariada;;9;2;1;1;;1;1;1;;;1;998
4;7;16;29;29067;;3;2;No inventariada;;9;10;2;;;7;1;1;;;1;998
4;6;21;29;29067;;3;2;No inventariada;;9;4;2;;;1;4;1;;;1;998
4;5;11;29;29067;;1;1;A-357;60,5;6;3;2;;;1;1;1;;;1;1
4;3;17;29;29067;;3;2;No inventariada;;9;2;1;5;;1;1;1;;;1;998
4;3;12;29;29067;;3;2;No inventariada;;9;3;1;4;;1;1;1;;;1;998
4;2;9;29;29067;;3;2;No inventariada;;9;7;1;2;;1;1;1;;;1;998
4;3;18;29;29067;;3;2;No inventariada;;9;4;2;;;1;1;1;;;1;998
4;3;17;29;29067;;3;2;No inventariada;;9;4;2;;;1;1;1;;;1;998
4;2;12;29;29067;;3;2;No inventariada;;9;4;2;;;1;1;1;;;1;998
4;5;17;29;29067;;3;2;No inventariada;;9;2;1;4;;1;1;1;;;1;998
4;5;22;29;29067;;3;2;No inventariada;;9;7;2;;;1;5;1;;;5;998
4;2;23;29;29067;;3;2;No inventariada;;9;10;2;;;1;4;1;;;1;998
4;6;12;29;29067;;3;2;No inventariada;;9;2;1;5;;1;1;1;;;1;998
4;4;15;29;29067;;3;2;No inventariada;;9;2;1;2;;1;1;1;;;1;998
4;6;17;29;29067;;1;1;A-7;990;3;12;2;;;1;1;1;;;1;3
4;3;17;29;29067;;3;2;No inventariada;;9;4;2;;;1;1;1;;;1;998
4;5;18;29;29067;;3;2;No inventariada;;9;2;1;1;;1;1;1;;;1;998
4;5;23;29;29067;;3;2;No inventariada;;9;2;1;4;;1;4;1;;;1;998
4;7;12;29;29067;;1;1;A-7054;0,2;6;1;2;;;1;1;1;;;1;1
4;6;12;29;29067;;3;2;No inventariada;;9;4;2;;;1;1;1;;;1;998
4;4;12;29;29067;;3;2;No inventariada;;9;2;1;2;;1;1;1;;;1;998
4;2;16;29;29067;;3;2;No inventariada;;9;2;1;3;;1;1;1;;;1;998
4;4;9;29;29067;;3;2;No inventariada;;9;4;2;;;1;1;1;;;1;998
4;4;12;29;29067;;3;2;No inventariada;;9;2;1;2;;1;1;1;;;1;998
4;1;9;29;29067;;1;1;A-7054;3,369;6;10;1;2;A-7054;1;1;1;;;9;1
4;1;11;29;29067;;1;1;A-45;140,171;3;1;2;;;1;1;1;;;1;2
4;6;7;29;29067;;3;2;No inventariada;;9;5;2;;;1;4;1;;;1;998
4;6;9;29;29067;;3;2;No inventariada;;9;3;2;;;1;1;1;;;1;998
4;6;9;29;29067;;3;2;No inventariada;;9;7;2;;;1;1;1;;;9;998
4;4;15;29;29067;;3;2;No inventariada;;9;3;2;;;1;1;1;;;1;998
4;4;20;29;29067;;3;2;No inventariada;;9;4;2;;;1;3;1;;;1;998
4;1;18;29;29067;;3;2;No inventariada;;9;3;2;;;1;1;1;;;1;998
4;1;8;29;29067;;3;2;No inventariada;;9;4;2;;;1;1;1;;;1;998
4;3;10;29;29067;;3;2;No inventariada;;9;3;2;;;1;1;1;;;1;998
4;5;8;29;29067;;3;2;No inventariada;;9;2;2;;;1;1;1;;;1;998
4;7;0;29;29067;;3;2;No inventariada;;9;4;2;;;1;4;1;;;1;998
4;6;17;29;29067;;3;2;No inventariada;;9;2;2;;;1;1;7;;;1;998
4;6;15;29;29067;;3;2;No inventariada;;9;4;2;;;1;1;1;;;1;998
4;6;19;29;29067;;3;2;No inventariada;;9;10;1;2;;1;1;1;;;1;998
4;6;21;29;29067;;3;2;No inventariada;;9;6;2;;;1;4;1;;;1;998
1;6;7;29;29067;;3;2;No inventariada;;9;6;1;5;;1;2;1;;;1;998
2;6;22;29;29067;;3;2;No inventariada;;9;7;2;;;1;4;1;;;1;998
4;2;16;29;29067;;3;2;No inventariada;;9;4;2;;;1;1;1;;;1;998
3;1;11;29;29067;;3;2;No inventariada;;9;4;2;;;1;1;1;;;1;998
4;2;14;29;29067;;3;2;No inventariada;;9;4;2;;;1;1;1;;;1;998
4;2;16;29;29067;;3;2;No inventariada;;9;4;2;;;1;1;1;;;1;998
4;7;18;29;29067;;3;2;No inventariada;;9;2;1;2;;1;1;1;;;1;998
4;1;16;29;29067;;3;2;No inventariada;;9;4;2;;;1;1;1;;;1;998
4;1;12;29;29067;;3;2;No inventariada;;9;10;1;2;;1;1;1;;;9;998
4;3;14;29;29067;;3;2;No inventariada;;9;4;2;;;1;4;1;;;1;998
4;5;19;29;29067;;3;2;No inventariada;;9;2;1;1;;1;1;1;;;1;998
4;5;11;29;29067;;3;2;No inventariada;;9;6;2;;;1;1;1;;;1;998
4;5;15;29;29067;;3;2;No inventariada;;9;4;2;;;1;1;1;;;1;998
4;6;14;29;29067;;3;2;No inventariada;;9;4;2;;;1;1;1;;;1;998
4;2;23;29;29067;;1;1;A-7;977,071;3;18;1;2;;1;4;1;;;1;1
4;3;9;29;29067;;3;2;No inventariada;;9;10;1;2;;1;4;1;;;1;998
4;1;14;29;29067;;3;2;No inventariada;;9;2;1;2;;1;1;1;;;1;998
4;6;12;29;29067;;3;2;No inventariada;;9;1;1;1;;1;1;1;;;1;998
4;4;18;29;29067;;3;2;No inventariada;;9;7;2;;;1;1;1;;;1;998
4;3;19;29;29067;;3;2;No inventariada;;9;2;1;5;;1;1;1;;;1;998
4;4;12;29;29067;;3;2;No inventariada;;9;4;1;4;;1;1;1;;;1;998
4;3;13;29;29067;;1;1;MA-20;9,203;3;4;2;;;1;4;1;;;1;1
4;3;10;29;29067;;1;1;A-7;998,2;3;5;2;;;1;1;1;;;1;1
4;5;4;29;29067;;3;2;No inventariada;;9;5;2;;;1;4;1;;;1;998
4;2;17;29;29067;;3;2;No inventariada;;9;10;2;;;1;1;1;;;1;998
4;4;15;29;29067;;3;2;No inventariada;;9;3;2;;;1;1;1;;;1;998
4;5;14;29;29067;;3;2;No inventariada;;9;4;2;;;1;1;1;;;1;998
4;7;12;29;29067;;3;2;No inventariada;;9;16;2;;;7;1;2;;;1;998
4;4;10;29;29067;;1;1;A-357;64,991;6;12;2;;;1;1;1;;;1;2
4;2;8;29;29067;;3;2;No inventariada;;9;7;2;;;3;1;3;;;1;998
4;4;20;29;29067;;1;1;A-7054;6,45;6;3;1;4;A-7056;1;1;1;;;1;1
4;1;15;29;29067;;3;2;No inventariada;;9;4;2;;;1;1;1;;;1;998
4;4;2;29;29067;;3;2;No inventariada;;9;16;2;;;1;4;1;;;1;998
4;7;16;29;29067;;3;2;No inventariada;;9;7;2;;;1;1;1;;;1;998
4;2;13;29;29067;;3;2;No inventariada;;9;4;2;;;1;1;1;;;1;998
4;1;13;29;29067;;3;2;No inventariada;;9;4;2;;;1;1;1;;;1;998
1;4;12;29;29067;;3;2;No inventariada;;9;7;2;;;1;1;1;;;1;998
4;3;12;29;29067;;3;2;No inventariada;;9;2;2;;;1;1;1;;;1;998
4;7;17;29;29067;;1;1;A-45;138,143;3;3;2;;;1;1;1;;;1;1
4;4;8;29;29067;;3;2;No inventariada;;9;19;2;;;1;1;1;;;1;998
4;5;18;29;29067;;3;2;No inventariada;;9;10;2;;;1;1;1;;;1;998
4;4;17;29;29067;;3;2;No inventariada;;9;4;2;;;1;1;1;;;1;998
4;4;7;29;29067;;3;2;No inventariada;;9;10;1;2;;1;1;1;;;1;998
4;5;10;29;29067;;3;2;No inventariada;;9;7;2;;;1;1;1;;;9;998
4;5;8;29;29067;;3;2;No inventariada;;9;3;1;2;;1;1;1;;;1;998
4;1;19;29;29067;;3;2;No inventariada;;9;2;1;1;;1;1;1;;;1;998
4;5;14;29;29067;;3;2;No inventariada;;9;10;1;4;;1;1;1;;;1;998
4;7;21;29;29067;;3;2;No inventariada;;9;7;2;;;1;4;1;;;1;998
4;4;6;29;29067;;3;2;No inventariada;;9;10;1;4;;7;4;1;;;1;998
4;3;14;29;29067;;3;2;No inventariada;;9;1;2;;;1;1;1;;;1;998
4;3;18;29;29067;;3;2;No inventariada;;9;4;2;;;1;1;1;;;1;998
4;6;20;29;29067;;3;2;No inventariada;;9;4;2;;;1;1;1;;;1;998
4;5;10;29;29067;;3;2;No inventariada;;9;10;2;;;1;1;1;;;1;998
4;3;19;29;29067;;3;2;No inventariada;;9;2;1;5;;1;1;1;;;1;998
4;6;3;29;29067;;3;2;No inventariada;;9;6;1;2;;1;4;1;;;18;998
4;6;13;29;29067;;3;2;No inventariada;;9;10;1;3;;3;1;3;;;1;998
3;4;7;29;29067;;3;2;No inventariada;;9;4;2;;;1;1;1;;;1;998
4;5;15;29;29067;;3;2;No inventariada;;9;10;2;;;1;1;1;;;1;998
4;6;13;29;29067;;3;2;No inventariada;;9;4;2;;;3;1;3;;;1;998
4;6;20;29;29067;;3;2;No inventariada;;9;2;1;2;;1;1;1;;;1;998
4;4;8;29;29067;;3;2;No inventariada;;9;2;1;2;;1;1;1;;;1;998
4;4;18;29;29067;;3;2;No inventariada;;9;7;2;;;1;1;1;;;1;998
4;7;18;29;29067;;3;2;No inventariada;;9;2;1;3;;3;1;1;;;1;998
4;1;7;29;29067;;3;2;No inventariada;;9;2;2;;;1;4;1;;;1;998
4;1;9;29;29067;;3;2;No inventariada;;9;2;1;3;;1;1;1;;;1;998
4;1;11;29;29067;;3;2;No inventariada;;9;2;1;3;;1;1;1;;;1;998
4;1;15;29;29067;;3;2;No inventariada;;9;4;2;;;4;1;4;;;5;998
4;2;19;29;29007;;1;1;A-7;995,6;3;4;1;2;A-404;1;1;1;;;1;1
4;5;6;29;29067;;3;2;No inventariada;;9;2;1;4;;1;4;1;;;1;998
4;5;7;29;29067;;3;2;No inventariada;;9;2;2;;;1;1;1;;;1;998
4;5;12;29;29067;;3;2;No inventariada;;9;2;1;4;;1;4;1;;;1;998
4;6;10;29;29067;;3;2;No inventariada;;9;4;2;;;3;1;3;;;1;998
4;6;10;29;29067;;3;2;No inventariada;;9;4;2;;;3;1;3;;;1;998
4;7;13;29;29067;;3;2;No inventariada;;9;3;1;2;;1;1;1;;;1;998
4;7;18;29;29067;;3;2;No inventariada;;9;16;1;1;;1;1;3;;;1;998
4;7;18;29;29067;;3;2;No inventariada;;9;4;2;;;3;1;3;;;5;998
4;5;14;29;29067;;3;2;No inventariada;;9;10;1;1;;1;1;1;;;1;998
4;1;18;29;29067;;3;2;No inventariada;;9;4;2;;;3;1;3;;;1;998
4;5;17;29;29067;;3;2;No inventariada;;9;4;2;;;1;1;1;;;1;998
4;2;15;29;29067;;3;2;No inventariada;;9;5;1;1;;1;1;1;;;1;998
4;2;12;29;29067;;3;2;No inventariada;;9;10;2;;;1;1;1;;;1;998
4;1;10;29;29067;;3;2;No inventariada;;9;7;2;;;1;1;1;;;1;998
4;2;18;29;29067;;3;2;No inventariada;;9;4;1;4;;1;1;1;;;1;998
4;4;5;29;29067;;3;2;No inventariada;;9;12;1;5;;1;4;1;;;1;998
4;1;18;29;29067;;3;2;No inventariada;;9;20;2;;;3;1;3;;;1;998
5;3;22;29;29067;;3;2;No inventariada;;9;10;2;;;1;4;1;;;1;998
5;4;8;29;29067;;3;2;No inventariada;;9;7;2;;;1;1;1;;;1;998
5;3;9;29;29067;;3;2;No inventariada;;9;10;2;;;1;1;1;;;1;998
5;4;15;29;29067;;3;2;No inventariada;;9;3;1;2;;1;1;1;;;1;998
5;3;13;29;29067;;3;2;No inventariada;;9;3;1;2;;1;1;1;;;1;998
5;5;17;29;29067;;1;1;MA-20;7;3;3;2;;;1;1;1;;;1;1
4;2;17;29;29067;;3;2;No inventariada;;9;10;2;;;1;1;1;;;1;998
4;2;19;29;29067;;3;2;No inventariada;;9;20;2;;;1;1;1;;;1;998
5;3;12;29;29067;;3;2;No inventariada;;9;2;1;1;;3;1;2;;;1;998
5;4;14;29;29067;;3;2;No inventariada;;9;5;2;;;1;1;1;;;1;998
4;7;4;29;29067;;3;2;No inventariada;;9;14;1;5;;1;4;1;;;1;998
4;2;11;29;29067;;3;2;No inventariada;;9;10;2;;;1;1;1;;;1;998
5;3;5;29;29067;;3;2;No inventariada;;9;19;1;3;;1;4;1;;;17;998
5;4;17;29;29067;;3;2;No inventariada;;9;5;2;;;1;1;1;;;1;998
5;4;15;29;29067;;3;2;No inventariada;;9;4;2;;;1;1;2;;;1;998
5;4;12;29;29067;;3;2;No inventariada;;9;7;2;;;1;1;1;;;1;998
4;7;22;29;29067;;3;2;No inventariada;;9;16;2;;;1;4;1;;;1;998
5;7;22;29;29067;;1;1;A-7;982,1;3;4;2;;;1;4;1;;;1;1
5;5;14;29;29067;;3;2;No inventariada;;9;7;2;;;1;1;1;;;1;998
5;4;17;29;29067;;3;2;No inventariada;;9;2;1;2;;1;1;2;;;1;998
4;2;14;29;29067;;3;2;No inventariada;;9;4;2;;;1;1;1;;;1;998
5;7;7;29;29067;;3;2;No inventariada;;9;10;2;;;1;1;1;;;1;998
5;4;7;29;29067;;3;2;No inventariada;;9;2;1;1;;1;1;1;;;1;998
5;4;11;29;29067;;3;2;No inventariada;;9;10;1;2;;1;1;1;;;1;998
5;1;14;29;29067;;3;2;No inventariada;;9;7;2;;;1;1;1;;;1;998
4;3;8;29;29067;;3;2;No inventariada;;9;12;1;4;;1;1;1;;;1;998
4;2;12;29;29067;;3;2;No inventariada;;9;3;2;;;1;1;1;;;1;998
4;1;6;29;29067;;3;2;No inventariada;;9;4;2;;;1;4;1;;;1;998
5;1;18;29;29067;;1;1;MA-20;1,3;3;4;2;;;1;1;1;;;1;1
4;3;8;29;29067;;3;2;No inventariada;;9;4;2;;;1;1;1;;;1;998
5;7;13;29;29067;;3;2;No inventariada;;9;4;2;;;1;1;1;;;1;998
5;2;20;29;29067;;3;2;No inventariada;;9;3;1;5;;1;4;1;;;1;998
5;5;15;29;29067;;3;2;No inventariada;;9;3;1;1;;1;1;1;;;1;998
4;2;10;29;29067;;3;2;No inventariada;;9;2;1;1;;1;1;1;;;1;998
5;5;17;29;29067;;3;2;No inventariada;;9;20;1;1;;1;1;1;;;1;998
5;5;20;29;29067;;3;2;No inventariada;;9;2;1;1;;1;1;1;;;1;998
4;1;20;29;29067;;3;2;No inventariada;;9;4;2;;;1;3;1;;;1;998
4;4;20;29;29067;;3;2;No inventariada;;9;2;1;2;;1;3;1;;;1;998
5;5;19;29;29067;;3;2;No inventariada;;9;1;2;;;1;1;1;;;1;998
5;6;15;29;29067;;3;2;No inventariada;;9;2;1;1;;1;4;1;;;1;998
5;1;11;29;29067;;3;2;No inventariada;;9;7;2;;;1;1;1;;;1;998
5;3;11;29;29067;;3;2;No inventariada;;9;4;1;2;;1;1;1;;;1;998
5;3;14;29;29067;;3;2;No inventariada;;9;2;1;3;;1;1;1;;;1;998
5;5;15;29;29067;;3;2;No inventariada;;9;2;1;5;;1;1;1;;;1;998
4;5;14;29;29067;;3;2;No inventariada;;9;2;2;;;1;1;1;;;1;998
4;7;16;29;29067;;3;2;No inventariada;;9;4;2;;;1;1;1;;;1;998
5;4;16;29;29067;;3;2;No inventariada;;9;2;1;2;;1;1;1;;;1;998
5;5;14;29;29067;;3;2;No inventariada;;9;2;1;2;;1;1;1;;;1;998
5;2;12;29;29067;;3;2;No inventariada;;9;2;2;;;1;1;1;;;1;998
5;4;19;29;29067;;3;2;No inventariada;;9;7;2;;;1;1;1;;;1;998
5;7;20;29;29067;;3;2;No inventariada;;9;2;2;;;1;1;1;;;1;998
5;2;16;29;29067;;3;2;No inventariada;;9;3;2;;;1;1;1;;;1;998
4;2;10;29;29067;;3;2;No inventariada;;9;7;2;;;1;1;1;;;1;998
4;2;19;29;29067;;3;2;No inventariada;;9;4;2;;;1;1;1;;;1;998
5;5;14;29;29067;;1;1;A-357;61,517;6;4;2;;;1;1;1;;;1;1
5;7;1;29;29067;;3;2;No inventariada;;9;13;1;4;;1;4;2;;;1;998
4;3;19;29;29067;;3;2;No inventariada;;9;3;1;4;;1;1;1;;;1;998
5;3;13;29;29067;;3;2;No inventariada;;9;2;1;5;;1;1;7;;;1;998
5;4;10;29;29067;;3;2;No inventariada;;9;4;1;4;;1;1;1;;;1;998
4;6;13;29;29067;;3;2;No inventariada;;9;2;1;1;;3;1;3;;;9;998
5;4;21;29;29067;;3;2;No inventariada;;9;6;2;;;1;4;1;;;1;998
4;2;11;29;29067;;3;2;No inventariada;;9;3;1;4;;1;1;1;;;1;998
5;2;15;29;29067;;3;2;No inventariada;;9;4;1;3;;1;1;1;;;1;998
5;5;16;29;29067;;3;2;No inventariada;;9;4;1;4;;1;1;1;;;1;998
5;1;13;29;29067;;3;2;No inventariada;;9;4;1;4;;1;1;1;;;1;998
5;1;13;29;29067;;3;2;No inventariada;;9;2;1;1;;1;1;1;;;1;998
5;3;7;29;29067;;3;2;No inventariada;;9;7;1;2;;1;1;1;;;1;998
5;3;19;29;29067;;3;2;No inventariada;;9;4;2;;;1;1;1;;;6;998
5;1;23;29;29067;;3;2;No inventariada;;9;4;2;;;1;3;1;;;1;998
4;4;14;29;29067;;3;2;No inventariada;;9;10;2;;;1;1;1;;;1;998
5;5;20;29;29067;;3;2;No inventariada;;9;10;2;;;1;1;1;;;1;998
5;5;21;29;29067;;3;2;No inventariada;;9;3;2;;;1;1;1;;;1;998
5;5;17;29;29067;;3;2;No inventariada;;9;4;2;;;1;1;1;;;1;998
5;6;12;29;29067;;3;2;No inventariada;;9;2;1;3;;1;1;1;;;1;998
5;7;20;29;29067;;3;2;No inventariada;;9;7;1;2;;1;1;1;;;1;998
5;7;18;29;29067;;3;2;No inventariada;;9;4;2;;;1;1;1;;;1;998
4;7;15;29;29067;;3;2;No inventariada;;9;10;2;;;1;1;1;;;1;998
5;2;20;29;29067;;3;2;No inventariada;;9;2;2;;;9;1;1;;;1;998
5;7;0;29;29067;;3;2;No inventariada;;9;10;1;2;;1;4;1;;;1;998
5;1;19;29;29067;;3;2;No inventariada;;9;10;2;;;1;1;1;;;1;998
5;1;14;29;29067;;3;2;No inventariada;;9;6;2;;;1;1;1;;;1;998
4;1;10;29;29067;;3;2;No inventariada;;9;2;1;4;;1;1;1;;;1;998
5;5;12;29;29067;;3;2;No inventariada;;9;4;2;;;1;1;1;;;1;998
5;6;18;29;29067;;3;2;No inventariada;;9;20;1;4;;1;1;1;;;1;998
4;5;20;29;29067;;3;2;No inventariada;;9;3;2;;;1;4;1;;;1;998
4;5;23;29;29067;;3;2;No inventariada;;9;10;1;4;;1;4;1;;;1;998
5;3;17;29;29067;;3;2;No inventariada;;9;10;2;;;1;1;1;;;1;998
4;4;18;29;29067;;3;2;No inventariada;;9;7;2;;;1;1;1;;;1;998
5;1;15;29;29067;;3;2;No inventariada;;9;10;2;;;1;1;1;;;1;998
5;3;18;29;29067;;3;2;No inventariada;;9;4;2;;;1;1;1;;;1;998
5;3;15;29;29067;;3;2;No inventariada;;9;20;2;;;1;1;1;;;1;998
5;3;20;29;29067;;3;2;No inventariada;;9;2;1;5;;1;1;1;;;1;998
5;2;20;29;29067;;3;2;No inventariada;;9;2;1;5;;1;1;1;;;1;998
5;2;11;29;29067;;3;2;No inventariada;;9;4;2;;;1;1;1;;;1;998
5;2;13;29;29067;;3;2;No inventariada;;9;2;1;4;;1;1;1;;;1;998
5;3;8;29;29067;;1;1;A-7;979,715;3;5;2;;;1;1;1;;;1;1
4;2;19;29;29067;;3;2;No inventariada;;9;7;2;;;1;3;1;;;1;998
5;1;17;29;29067;;3;2;No inventariada;;9;4;1;1;;1;1;1;;;1;998
5;1;18;29;29067;;3;2;No inventariada;;9;2;2;;;1;1;1;;;1;998
5;1;20;29;29067;;3;2;No inventariada;;9;4;2;;;1;1;1;;;1;998
4;2;20;29;29067;;3;2;No inventariada;;9;2;1;1;;1;1;1;;;1;998
5;4;10;29;29067;;3;2;No inventariada;;9;2;1;2;;1;1;1;;;1;998
5;4;9;29;29067;;3;2;No inventariada;;9;7;2;;;1;1;1;;;6;998