MES;DIA_SEMANA;HORA;COD_PROVINCIA;COD_MUNICIPIO;ISLA;ZONA;ZONA_AGRUPADA;CARRETERA;KM;TIPO_VIA;TIPO_ACCIDENTE;NUDO;NUDO_INFO;CARRETERA_CRUCE;CONDICION_FIRME;CONDICION_ILUMINACION;CONDICION_METEO;CONDICION_NIEBLA;CONDICION_VIENTO;VISIB_RESTRINGIDA_POR;TRAZADO_PLANTA
5;7;7;29;29067;;3;2;No inventariada;;9;2;1;1;;1;1;1;;;1;998
5;3;20;29;29067;;1;1;MA-24;3,2;3;4;2;;;1;1;1;;;6;1
5;3;19;29;29067;;3;2;No inventariada;;9;2;2;;;1;1;1;;;1;998
5;6;1;29;29067;;3;2;No inventariada;;9;4;2;;;1;4;1;;;1;998
5;2;9;29;29067;;3;2;No inventariada;;9;20;1;2;;3;1;1;;;1;998
5;2;13;29;29067;;3;2;No inventariada;;9;2;2;;;1;1;1;;;1;998
5;7;8;29;29067;;3;2;No inventariada;;9;3;2;;;1;1;1;;;1;998
5;2;17;29;29067;;3;2;No inventariada;;9;4;2;;;1;1;1;;;1;998
5;2;19;29;29067;;3;2;No inventariada;;9;2;2;;;1;1;1;;;9;998
5;5;9;29;29067;;3;2;No inventariada;;9;20;1;5;;1;1;1;;;1;998
5;4;0;29;29067;;3;2;No inventariada;;9;1;1;1;;1;4;1;;;1;998
5;2;7;29;29067;;3;2;No inventariada;;9;2;1;2;;1;1;1;;;1;998
5;2;8;29;29067;;3;2;No inventariada;;9;10;2;;;1;1;1;;;1;998
5;2;16;29;29067;;3;2;No inventariada;;9;2;1;2;;1;1;1;;;1;998
5;4;20;29;29067;;3;2;No inventariada;;9;7;2;;;1;1;1;;;6;998
4;1;8;29;29067;;3;2;No inventariada;;14;20;2;;;1;1;1;;;1;998
3;7;19;29;29067;;3;2;No inventariada;;9;3;1;1;;1;1;1;;;1;998
5;4;11;29;29067;;3;2;No inventariada;;9;7;1;1;;1;1;1;;;1;998
4;6;13;29;29067;;3;2;No inventariada;;9;2;1;4;;1;1;1;;;1;998
5;2;11;29;29067;;3;2;No inventariada;;9;2;1;1;;1;1;1;;;1;998
5;5;15;29;29067;;3;2;No inventariada;;9;10;1;1;;1;1;1;;;1;998
5;3;11;29;29067;;3;2;No inventariada;;9;4;2;;;1;1;1;;;1;998
5;4;14;29;29067;;3;2;No inventariada;;9;7;2;;;1;1;1;;;1;998
4;5;7;29;29067;;3;2;No inventariada;;9;4;2;;;1;5;1;;;1;998
4;6;19;29;29067;;3;2;No inventariada;;9;2;1;4;;1;1;1;;;1;998
4;5;6;29;29067;;3;2;No inventariada;;9;10;1;4;;3;4;1;;;17;998
5;3;13;29;29067;;3;2;No inventariada;;9;1;2;;;1;1;1;;;9;998
4;4;18;29;29067;;3;2;No inventariada;;9;19;2;;;1;1;1;;;1;998
4;1;18;29;29067;;3;2;No inventariada;;9;2;2;;;1;1;1;;;1;998
4;5;13;29;29067;;3;2;No inventariada;;9;4;1;4;;1;1;1;;;1;998
5;2;14;29;29067;;3;2;No inventariada;;9;2;2;;;1;1;1;;;2;998
4;4;11;29;29067;;3;2;No inventariada;;9;4;1;2;;1;1;1;;;1;998
4;1;0;29;29067;;3;2;No inventariada;;9;4;1;5;;1;4;1;;;1;998
5;5;16;29;29067;;3;2;No inventariada;;9;4;2;;;1;1;1;;;1;998
5;3;14;29;29067;;3;2;No inventariada;;9;20;2;;;1;1;1;;;1;998
4;6;13;29;29067;;3;2;No inventariada;;9;2;1;3;;1;1;1;;;1;998
5;1;22;29;29067;;3;2;No inventariada;;9;10;2;;;1;4;1;;;1;998
5;3;18;29;29067;;3;2;No inventariada;;9;4;2;;;1;1;1;;;1;998
5;1;9;29;29067;;3;2;No inventariada;;9;2;1;4;;1;1;1;;;1;998
5;4;20;29;29067;;3;2;No inventariada;;9;2;2;;;1;1;1;;;1;998
5;6;11;29;29067;;3;2;No inventariada;;9;2;1;5;;1;1;1;;;1;998
5;2;18;29;29067;;3;2;No inventariada;;9;2;2;;;1;1;1;;;1;998
5;6;17;29;29067;;3;2;No inventariada;;9;4;2;;;1;1;1;;;1;998
5;1;18;29;29067;;3;2;No inventariada;;9;7;1;2;;1;1;1;;;1;998
5;1;13;29;29067;;3;2;No inventariada;;9;3;1;2;;1;1;1;;;1;998
5;2;6;29;29067;;3;2;No inventariada;;9;7;1;1;1;1;2;1;;;16;998
5;4;10;29;29067;;3;2;No inventariada;;9;2;1;3;;1;1;1;;;1;998
5;3;16;29;29067;;3;2;No inventariada;;9;2;1;2;;1;1;1;;;1;998
5;3;21;29;29067;;3;2;No inventariada;;9;20;2;;;1;2;1;;;1;998
5;3;8;29;29067;;3;2;No inventariada;;9;2;2;;;1;1;1;;;1;998
5;3;14;29;29067;;3;2;No inventariada;;9;20;2;;;1;1;1;;;1;998
5;5;16;29;29067;;3;2;No inventariada;;9;2;2;;;1;1;1;;;1;998
5;5;18;29;29067;;3;2;No inventariada;;9;2;1;1;;1;1;1;;;1;998
5;5;21;29;29067;;3;2;No inventariada;;9;20;1;1;;1;2;1;;;1;998
5;7;19;29;29067;;3;2;No inventariada;;9;4;1;5;;1;1;1;;;1;998
5;2;21;29;29067;;3;2;No inventariada;;9;10;1;4;;8;4;1;;;1;998
5;2;0;29;29067;;3;2;No inventariada;;9;3;2;;;1;4;1;;;1;998
5;6;21;29;29067;;3;2;No inventariada;;9;2;1;1;;1;1;1;;;1;998
5;4;11;29;29067;;3;2;No inventariada;;9;2;1;2;;1;1;1;;;1;998
5;4;15;29;29067;;3;2;No inventariada;;9;3;2;;;1;1;1;;;1;998
5;7;18;29;29067;;3;2;No inventariada;;9;7;1;2;;1;1;1;;;13;998
5;7;11;29;29067;;3;2;No inventariada;;9;2;1;3;;1;1;1;;;1;998
5;2;13;29;29067;;3;2;No inventariada;;9;15;2;;;1;1;1;;;1;998
5;5;21;29;29067;;3;2;No inventariada;;9;4;2;;;1;1;1;;;6;998
5;6;22;29;29067;;3;2;No inventariada;;9;2;1;1;;1;4;1;;;1;998
5;7;22;29;29067;;3;2;No inventariada;;9;2;1;1;;1;4;1;;;1;998
5;1;1;29;29067;;3;2;No inventariada;;9;4;1;5;;1;4;1;;;1;998
5;1;13;29;29067;;3;2;No inventariada;;9;2;1;1;;1;1;1;;;1;998
5;3;9;29;29067;;3;2;No inventariada;;9;7;2;;;1;1;1;;;1;998
5;2;19;29;29067;;3;2;No inventariada;;9;4;2;;;1;1;1;;;1;998
5;1;14;29;29067;;3;2;No inventariada;;9;4;2;;;1;1;1;;;1;998
5;3;21;29;29067;;3;2;No inventariada;;9;4;2;;;1;1;1;;;1;998
5;7;9;29;29067;;3;2;No inventariada;;9;10;2;;;8;1;1;;;1;998
5;1;19;29;29067;;3;2;No inventariada;;9;10;2;;;1;1;1;;;1;998
4;7;20;29;29067;;3;2;No inventariada;;9;4;2;;;1;1;1;;;1;998
5;3;18;29;29067;;3;2;No inventariada;;9;2;2;;;1;1;1;;;1;998
5;6;13;29;29067;;3;2;No inventariada;;9;10;2;;;1;1;1;;;1;998
5;5;10;29;29067;;3;2;No inventariada;;9;7;2;;;1;1;1;;;1;998
5;1;13;29;29067;;3;2;No inventariada;;9;4;1;2;;1;1;1;;;1;998
5;2;18;29;29067;;3;2;No inventariada;;9;2;1;1;;1;1;1;;;1;998
5;4;10;29;29067;;3;2;No inventariada;;9;4;2;;;1;1;1;;;1;998
5;4;16;29;29067;;3;2;No inventariada;;9;2;2;;;1;1;1;;;1;998
5;3;14;29;29067;;3;2;No inventariada;;9;2;2;;;1;1;1;;;1;998
5;3;17;29;29067;;3;2;No inventariada;;9;2;1;2;;1;1;1;;;1;998
5;4;18;29;29067;;3;2;No inventariada;;9;2;2;;;1;1;1;;;1;998
5;1;10;29;29067;;3;2;No inventariada;;9;10;1;4;;1;1;1;;;1;998
5;5;11;29;29067;;3;2;No inventariada;;9;7;2;;;1;1;1;;;1;998
5;5;14;29;29067;;1;1;A-7;976,109;3;12;2;;;1;1;1;;;1;1
5;3;18;29;29067;;3;2;No inventariada;;9;7;2;;;1;1;1;;;9;998
5;2;18;29;29067;;3;2;No inventariada;;9;7;2;;;1;1;1;;;1;998
5;2;15;29;29067;;3;2;No inventariada;;9;4;2;;;1;1;1;;;1;998
5;3;9;29;29067;;3;2;No inventariada;;9;3;2;;;1;1;1;;;1;998
5;3;0;29;29067;;3;2;No inventariada;;9;4;2;;;1;4;1;;;1;998
5;2;18;29;29067;;3;2;No inventariada;;9;7;1;2;;1;1;1;;;1;998
5;5;15;29;29067;;3;2;No inventariada;;9;4;1;4;;1;1;1;;;1;998
5;6;9;29;29067;;3;2;No inventariada;;9;10;2;;;1;1;1;;;1;998
5;3;9;29;29067;;3;2;No inventariada;;9;1;2;;;1;1;1;;;1;998
5;5;10;29;29067;;3;2;No inventariada;;9;4;2;;;1;1;1;;;1;998
5;5;22;29;29067;;3;2;No inventariada;;9;3;1;4;;1;4;1;;;1;998
5;7;4;29;29067;;3;2;No inventariada;;9;12;2;;;1;4;1;;;1;998
3;4;16;29;29067;;3;2;No inventariada;;9;4;2;;;1;1;1;;;1;998
5;7;13;29;29067;;3;2;No inventariada;;9;2;1;3;;8;1;1;;;1;998
5;4;19;29;29067;;3;2;No inventariada;;9;3;2;;;1;1;1;;;1;998
5;7;13;29;29067;;3;2;No inventariada;;9;10;2;;;8;1;1;;;1;998
5;7;13;29;29067;;3;2;No inventariada;;9;10;2;;;8;1;1;;;1;998
5;4;16;29;29067;;3;2;No inventariada;;9;2;1;1;;1;1;1;;;1;998
5;1;7;29;29067;;3;2;No inventariada;;9;2;2;;;1;3;1;;;1;998
5;1;13;29;29067;;3;2;No inventariada;;9;10;1;1;;7;1;1;;;1;998
5;3;23;29;29067;;3;2;No inventariada;;9;6;2;;;1;4;1;;;1;998
5;6;16;29;29067;;3;2;No inventariada;;9;10;2;;;1;1;1;;;1;998
5;4;18;29;29067;;3;2;No inventariada;;9;20;2;;;1;1;1;;;1;998
5;4;8;29;29067;;3;2;No inventariada;;9;20;1;2;;3;1;1;;;1;998
4;7;9;29;29067;;3;2;No inventariada;;9;2;2;;;1;1;1;;;1;998
5;2;11;29;29067;;3;2;No inventariada;;9;3;2;;;1;1;1;;;1;998
5;1;13;29;29067;;3;2;No inventariada;;9;10;2;;;1;1;1;;;1;998
5;2;14;29;29067;;3;2;No inventariada;;9;3;2;;;1;1;1;;;1;998
5;3;22;29;29067;;3;2;No inventariada;;9;2;2;;;1;4;1;;;1;998
5;2;8;29;29067;;3;2;No inventariada;;9;7;1;1;;1;1;1;;;6;998
5;4;7;29;29067;;3;2;No inventariada;;9;2;1;5;;1;1;1;;;17;998
5;7;14;29;29067;;3;2;No inventariada;;9;10;1;1;;1;1;1;;;1;998
5;2;9;29;29067;;1;1;MA-20;6,198;3;6;2;;;1;1;1;;;1;1
5;2;18;29;29067;;1;1;MA-20;9,013;3;4;2;;;1;1;1;;;1;1
5;4;14;29;29067;;3;2;No inventariada;;9;4;1;2;;1;1;1;;;1;998
5;5;13;29;29067;;3;2;No inventariada;;9;4;2;;;1;1;1;;;1;998
5;5;16;29;29067;;3;2;No inventariada;;9;2;1;5;;1;1;1;;;1;998
5;3;1;29;29067;;3;2;No inventariada;;9;2;1;2;;1;4;1;;;1;998
5;4;11;29;29067;;3;2;No inventariada;;9;20;2;;;1;1;1;;;1;998
5;1;20;29;29067;;3;2;No inventariada;;9;2;2;;;1;2;1;;;1;998
5;2;21;29;29067;;3;2;No inventariada;;9;10;2;;;7;2;1;;;1;998
5;4;23;29;29067;;3;2;No inventariada;;9;15;1;2;;1;4;1;;;1;998
5;1;8;29;29067;;3;2;No inventariada;;9;2;1;2;;1;1;1;;;1;998
5;7;12;29;29067;;3;2;No inventariada;;9;10;2;;;1;1;1;;;1;998
5;3;9;29;29067;;1;1;A-45;135,4;3;4;2;;;1;1;1;;;1;1
5;3;11;29;29067;;3;2;No inventariada;;9;7;2;;;1;1;1;;;1;998
5;7;18;29;29067;;3;2;No inventariada;;9;2;1;1;;1;1;1;;;1;998
5;3;16;29;29067;;3;2;No inventariada;;9;4;2;;;1;1;1;;;1;998
5;4;17;29;29067;;3;2;No inventariada;;9;2;1;6;;1;1;1;;;1;998
5;4;5;29;29067;;3;2;No inventariada;;9;19;2;;;7;4;1;;;17;998
5;1;20;29;29067;;3;2;No inventariada;;9;10;1;1;;7;1;1;;;1;998
5;1;9;29;29067;;3;2;No inventariada;;9;2;1;2;;1;1;1;;;1;998
5;6;9;29;29067;;3;2;No inventariada;;9;20;2;;;8;1;1;;;1;998
5;1;17;29;29067;;3;2;No inventariada;;9;4;2;;;1;1;1;;;1;998
5;1;20;29;29067;;3;2;No inventariada;;9;2;1;1;;1;1;1;;;1;998
5;6;12;29;29067;;3;2;No inventariada;;9;20;2;;;1;1;1;;;1;998
5;5;18;29;29067;;3;2;No inventariada;;9;16;2;;;1;1;1;;;1;998
5;6;23;29;29067;;3;2;No inventariada;;9;10;1;2;;1;4;1;;;1;998
5;4;2;29;29067;;3;2;No inventariada;;9;4;2;;;1;4;1;;;1;998
5;6;12;29;29067;;3;2;No inventariada;;9;2;1;1;;1;1;1;;;17;998
5;2;13;29;29067;;3;2;No inventariada;;9;2;2;;;1;1;1;;;1;998
5;2;18;29;29067;;3;2;No inventariada;;9;10;2;;;1;1;1;;;1;998
5;3;10;29;29067;;3;2;No inventariada;;9;3;2;;;1;1;1;;;1;998
5;4;15;29;29067;;3;2;No inventariada;;9;10;2;;;1;1;1;;;1;998
5;4;10;29;29067;;3;2;No inventariada;;9;3;2;;;1;1;1;;;1;998
6;6;17;29;29067;;1;1;A-7000;25,829;6;19;2;;;1;1;1;;;1;1
6;6;18;29;29067;;1;1;A-7054;2,3;6;10;1;4;;7;1;1;;;1;1
6;6;16;29;29067;;3;2;No inventariada;;9;7;1;2;;1;1;1;;;1;998
5;4;19;29;29067;;3;2;No inventariada;;9;7;2;;;1;1;1;;;1;998
5;3;18;29;29067;;3;2;No inventariada;;9;4;2;;;1;1;1;;;1;998
5;2;15;29;29067;;3;2;No inventariada;;9;20;2;;;1;1;1;;;1;998
5;4;23;29;29067;;3;2;No inventariada;;9;20;2;;;1;4;1;;;1;998
5;4;15;29;29067;;3;2;No inventariada;;9;7;2;;;1;1;1;;;1;998
3;3;11;29;29067;;3;2;No inventariada;;9;10;1;4;;7;1;1;;;1;998
6;6;16;29;29067;;3;2;No inventariada;;9;10;2;;;1;1;1;;;1;998
5;1;15;29;29067;;3;2;No inventariada;;9;2;1;1;;1;1;1;;;17;998
5;2;16;29;29067;;3;2;No inventariada;;9;4;1;4;;1;1;1;;;1;998
5;5;8;29;29067;;3;2;No inventariada;;9;2;1;2;;1;1;1;;;1;998
5;5;8;29;29067;;3;2;No inventariada;;9;20;2;;;1;1;1;;;1;998
4;2;16;29;29067;;3;2;No inventariada;;9;2;1;4;;1;1;1;;;1;998
4;7;18;29;29067;;3;2;No inventariada;;9;20;1;4;;1;1;1;;;1;998
5;4;13;29;29067;;3;2;No inventariada;;9;10;2;;;7;1;1;;;1;998
6;6;0;29;29067;;3;2;No inventariada;;9;10;2;;;3;4;3;;;1;998
5;4;13;29;29067;;3;2;No inventariada;;9;4;2;;;1;1;1;;;1;998
5;1;16;29;29067;;3;2;No inventariada;;9;2;1;1;;1;1;1;;;1;998
5;1;20;29;29067;;3;2;No inventariada;;9;7;1;5;;1;1;1;;;1;998
5;1;15;29;29067;;3;2;No inventariada;;9;20;2;;;1;1;1;;;1;998
4;1;8;29;29067;;3;2;No inventariada;;9;3;1;5;;1;1;1;;;1;998
6;7;6;29;29067;;3;2;No inventariada;;9;6;2;;;1;4;2;;;1;998
5;5;12;29;29067;;3;2;No inventariada;;9;4;2;;;1;1;1;;;1;998
5;5;19;29;29067;;3;2;No inventariada;;9;20;2;;;1;1;1;;;1;998
5;5;20;29;29067;;3;2;No inventariada;;9;1;1;4;;1;1;1;;;1;998
5;1;9;29;29067;;3;2;No inventariada;;9;3;2;;;1;4;1;;;1;998
6;6;19;29;29067;;3;2;No inventariada;;9;2;1;1;;1;1;2;;;1;998
6;7;14;29;29067;;3;2;No inventariada;;9;2;1;4;;1;1;1;;;1;998
6;1;12;29;29067;;3;2;No inventariada;;9;2;1;1;;1;1;1;;;2;998
6;1;11;29;29067;;3;2;No inventariada;;9;10;1;4;;1;1;1;;;1;998
6;1;17;29;29067;;3;2;No inventariada;;9;10;2;;;1;1;1;;;1;998
5;5;18;29;29067;;3;2;No inventariada;;9;2;1;4;;1;1;1;;;1;998
5;1;13;29;29067;;3;2;No inventariada;;9;1;1;2;;1;1;1;;;1;998
5;5;18;29;29067;;3;2;No inventariada;;9;5;2;;;1;1;1;;;1;998
4;1;13;29;29067;;3;2;No inventariada;;9;2;1;5;;1;1;1;;;1;998
5;5;23;29;29067;;3;2;No inventariada;;9;2;1;3;;1;4;1;;;17;998
6;7;16;29;29067;;3;2;No inventariada;;9;1;2;;;1;1;1;;;1;998
6;7;2;29;29067;;3;2;No inventariada;;9;10;1;2;;7;4;1;;;1;998
5;1;16;29;29067;;3;2;No inventariada;;9;2;1;1;;1;1;1;;;1;998
5;3;9;29;29067;;3;2;No inventariada;;9;10;2;;;1;1;1;;;1;998
5;4;17;29;29067;;3;2;No inventariada;;9;2;1;1;;1;1;1;;;1;998
5;2;20;29;29067;;3;2;No inventariada;;9;3;1;5;;1;1;1;;;1;998
5;2;18;29;29067;;3;2;No inventariada;;9;4;2;;;1;1;1;;;1;998
5;2;19;29;29067;;3;2;No inventariada;;9;10;2;;;3;1;1;;;1;998
6;7;20;29;29067;;3;2;No inventariada;;9;4;2;;;1;1;1;;;1;998
5;5;17;29;29067;;3;2;No inventariada;;9;4;1;1;;1;1;1;;;1;998
6;1;14;29;29067;;3;2;No inventariada;;9;2;2;;;1;1;1;;;1;998
6;1;17;29;29067;;3;2;No inventariada;;9;2;2;;;1;1;1;;;1;998
6;3;13;29;29067;;3;2;No inventariada;;9;20;2;;;1;1;1;;;1;998
5;1;15;29;29067;;3;2;No inventariada;;9;2;1;4;;1;1;1;;;1;998
5;5;18;29;29067;;3;2;No inventariada;;9;2;1;4;;1;1;1;;;1;998
5;3;15;29;29067;;3;2;No inventariada;;9;4;2;;;1;1;1;;;1;998
5;2;12;29;29067;;3;2;No inventariada;;9;2;1;1;;1;4;1;;;1;998
5;2;10;29;29067;;3;2;No inventariada;;9;7;2;;;1;4;1;;;1;998
5;3;19;29;29067;;3;2;No inventariada;;9;3;1;2;;1;1;1;;;1;998
5;3;11;29;29067;;3;2;No inventariada;;9;6;2;;;1;1;1;;;1;998
5;3;10;29;29067;;3;2;No inventariada;;9;10;2;;;1;1;1;;;1;998
5;4;8;29;29067;;3;2;No inventariada;;9;2;2;;;1;1;1;;;1;998
5;5;10;29;29067;;3;2;No inventariada;;9;4;1;3;;1;1;1;;;1;998
6;4;17;29;29067;;1;1;A-7054;0,001;6;15;2;;;1;1;1;;;1;1
5;1;8;29;29067;;3;2;No inventariada;;9;7;2;;;1;1;1;;;6;998
6;2;13;29;29067;;3;2;No inventariada;;9;2;1;4;;1;1;1;;;1;998
6;2;20;29;29067;;3;2;No inventariada;;9;10;1;2;;3;2;1;;;1;998
5;3;15;29;29067;;3;2;No inventariada;;9;4;2;;;1;1;1;;;1;998
5;4;9;29;29067;;3;2;No inventariada;;9;10;1;5;;3;4;1;;;1;998
5;3;13;29;29067;;3;2;No inventariada;;9;5;2;;;1;1;1;;;1;998
4;1;22;29;29067;;3;2;No inventariada;;9;2;1;5;;1;5;1;;;1;998
5;7;19;29;29067;;3;2;No inventariada;;9;2;1;1;;1;1;1;;;1;998
5;5;20;29;29067;;3;2;No inventariada;;9;4;2;;;1;1;1;;;1;998
6;1;13;29;29067;;3;2;No inventariada;;9;2;1;3;;1;1;1;;;1;998
6;5;14;29;29067;;1;1;MA-20;9,4;3;4;2;;;1;1;1;;;1;1
6;2;14;29;29067;;3;2;No inventariada;;9;2;1;3;;1;1;1;;;1;998
6;3;17;29;29067;;3;2;No inventariada;;9;4;2;;;1;1;1;;;1;998
5;2;8;29;29067;;3;2;No inventariada;;9;2;2;;;1;1;1;;;9;998
5;5;10;29;29067;;3;2;No inventariada;;9;10;2;;;1;1;1;;;1;998
5;4;18;29;29067;;3;2;No inventariada;;9;10;1;2;;3;1;1;;;1;998
6;5;4;29;29067;;3;2;No inventariada;;9;18;2;;;1;4;1;;;1;998
4;2;18;29;29067;;3;2;No inventariada;;9;2;2;;;1;1;1;;;1;998
6;6;13;29;29067;;1;1;MA-3111;4,5;6;15;1;2;MA-3103;1;1;1;;;1;1
6;5;12;29;29067;;3;2;No inventariada;;9;12;1;3;;1;1;2;;;1;998
6;5;17;29;29067;;3;2;No inventariada;;9;10;2;;;1;1;1;;;1;998
6;4;17;29;29067;;3;2;No inventariada;;9;10;1;3;;1;1;1;;;1;998
6;2;9;29;29067;;3;2;No inventariada;;9;10;1;5;;1;1;1;;;1;998
5;3;19;29;29067;;3;2;No inventariada;;9;2;1;4;;1;1;1;;;1;998
6;5;13;29;29067;;3;2;No inventariada;;9;6;2;;;1;1;2;;;1;998
6;6;0;29;29067;;3;2;No inventariada;;9;2;1;2;;1;4;1;;;1;998
4;1;16;29;29067;;3;2;No inventariada;;9;5;2;;;3;1;3;;;5;998
6;7;15;29;29067;;1;1;A-7054;3,5;6;2;1;2;;1;1;1;;;1;1
6;4;16;29;29067;;3;2;No inventariada;;9;2;1;3;;1;1;1;;;1;998
6;1;16;29;29067;;3;2;No inventariada;;9;3;2;;;1;1;1;;;1;998
5;3;17;29;29067;;3;2;No inventariada;;9;2;1;4;;1;1;1;;;1;998
5;7;4;29;29067;;3;2;No inventariada;;9;7;1;1;;1;4;1;;;1;998
4;4;10;29;29067;;3;2;No inventariada;;9;10;1;1;;7;1;1;;;1;998
5;4;23;29;29067;;3;2;No inventariada;;9;2;1;1;;1;4;1;;;1;998
6;7;23;29;29067;;3;2;No inventariada;;9;19;1;4;;1;4;1;;;1;998
6;7;11;29;29067;;3;2;No inventariada;;9;2;2;;;1;1;1;;;1;998
6;1;20;29;29067;;1;1;MA-24;4,1;3;4;2;;;1;1;1;;;1;1
6;3;12;29;29067;;3;2;No inventariada;;9;2;2;;;1;1;1;;;1;998
6;5;16;29;29067;;3;2;No inventariada;;9;10;2;;;1;1;1;;;1;998
6;7;18;29;29067;;3;2;No inventariada;;9;4;2;;;1;1;1;;;1;998
5;6;2;29;29067;;3;2;No inventariada;;9;12;2;;;1;4;1;;;1;998
6;7;4;29;29067;;3;2;No inventariada;;9;5;2;;;1;4;1;;;1;998
6;7;14;29;29067;;3;2;No inventariada;;9;2;2;;;1;1;1;;;1;998
6;5;19;29;29067;;3;2;No inventariada;;9;4;1;1;;1;1;1;;;1;998
6;2;4;29;29067;;1;1;A-7;984;3;8;2;;;1;6;1;;;1;3
6;2;17;29;29067;;3;2;No inventariada;;9;4;2;;;1;1;1;;;1;998
6;3;20;29;29067;;3;2;No inventariada;;9;1;1;2;;1;1;1;;;1;998
6;2;12;29;29067;;3;2;No inventariada;;9;2;1;1;;1;1;1;;;1;998
6;4;20;29;29067;;3;2;No inventariada;;9;4;2;;;1;1;1;;;1;998
6;5;7;29;29067;;3;2;No inventariada;;9;2;1;2;;1;1;1;;;1;998
6;5;9;29;29067;;3;2;No inventariada;;9;10;1;4;;1;1;1;;;1;998
6;7;2;29;29067;;3;2;No inventariada;;9;20;2;;;1;4;1;;;1;998
6;7;20;29;29067;;3;2;No inventariada;;9;1;2;;;1;1;1;;;1;998
6;7;17;29;29067;;3;2;No inventariada;;9;12;1;2;;1;1;1;;;1;998
6;1;9;29;29067;;3;2;No inventariada;;9;1;1;1;;1;1;1;;;1;998
6;2;9;29;29067;;3;2;No inventariada;;9;2;1;1;;1;1;1;;;9;998
6;1;12;29;29067;;3;2;No inventariada;;9;3;2;;;1;1;1;;;1;998
6;1;11;29;29067;;3;2;No inventariada;;9;7;1;1;;1;1;1;;;9;998
6;6;18;29;29067;;3;2;No inventariada;;9;2;2;;;1;1;1;;;1;998
5;2;15;29;29067;;3;2;No inventariada;;9;2;2;;;1;1;1;;;1;998
6;5;6;29;29067;;3;2;No inventariada;;9;2;1;5;;1;4;1;;;1;998
6;4;21;29;29067;;3;2;No inventariada;;9;2;1;1;;1;4;1;;;1;998
5;6;20;29;29067;;3;2;No inventariada;;9;10;2;;;1;1;1;;;1;998
6;5;13;29;29067;;3;2;No inventariada;;9;3;1;1;;1;1;1;;;1;998
6;2;15;29;29067;;3;2;No inventariada;;9;4;2;;;1;1;1;;;1;998
6;3;15;29;29067;;3;2;No inventariada;;9;1;2;;;1;1;1;;;2;998
6;5;15;29;29067;;3;2;No inventariada;;9;4;2;;;1;1;1;;;1;998
6;1;17;29;29067;;3;2;No inventariada;;9;2;1;4;;1;1;1;;;1;998
6;3;17;29;29067;;3;2;No inventariada;;9;12;2;;;1;1;1;;;1;998
6;3;17;29;29067;;3;2;No inventariada;;9;2;1;5;;1;1;1;;;1;998
6;3;12;29;29067;;3;2;No inventariada;;9;10;2;;;2;1;1;;;1;998
6;3;9;29;29067;;3;2;No inventariada;;9;4;2;;;1;1;1;;;1;998
6;7;19;29;29067;;3;2;No inventariada;;9;4;2;;;1;1;1;;;1;998
5;4;9;29;29067;;3;2;No inventariada;;9;3;2;;;1;1;1;;;1;998
5;3;8;29;29067;;3;2;No inventariada;;9;2;1;1;;1;1;1;;;1;998
6;6;10;29;29067;;3;2;No inventariada;;9;10;2;;;1;1;1;;;1;998
6;4;15;29;29067;;3;2;No inventariada;;9;2;2;;;1;1;1;;;1;998
6;1;11;29;29067;;3;2;No inventariada;;9;20;2;;;1;1;1;;;17;998
6;1;19;29;29067;;3;2;No inventariada;;9;2;1;4;;1;1;1;;;1;998
6;2;10;29;29067;;3;2;No inventariada;;9;3;2;;;1;1;1;;;1;998
6;2;16;29;29067;;3;2;No inventariada;;9;2;1;2;;1;1;1;;;1;998
6;2;18;29;29067;;3;2;No inventariada;;9;10;1;5;;3;1;3;;;5;998
6;2;19;29;29067;;3;2;No inventariada;;9;5;2;;;3;1;3;;;5;998
6;2;20;29;29067;;3;2;No inventariada;;9;10;1;1;;3;4;3;;;1;998
6;5;10;29;29067;;3;2;No inventariada;;9;10;1;4;;1;1;1;;;1;998