MES;DIA_SEMANA;HORA;COD_PROVINCIA;COD_MUNICIPIO;ISLA;ZONA;ZONA_AGRUPADA;CARRETERA;KM;TIPO_VIA;TIPO_ACCIDENTE;NUDO;NUDO_INFO;CARRETERA_CRUCE;CONDICION_FIRME;CONDICION_ILUMINACION;CONDICION_METEO;CONDICION_NIEBLA;CONDICION_VIENTO;VISIB_RESTRINGIDA_POR;TRAZADO_PLANTA
6;5;22;29;29067;;3;2;No inventariada;;9;20;2;;;1;4;2;;;1;998
6;4;11;29;29067;;3;2;No inventariada;;9;2;1;2;;1;1;1;;;1;998
6;6;21;29;29067;;3;2;No inventariada;;9;2;2;;;1;1;1;;;1;998
6;3;16;29;29067;;3;2;No inventariada;;9;4;2;;;1;1;1;;;1;998
5;2;20;29;29067;;3;2;No inventariada;;9;7;2;;;1;1;1;;;1;998
6;1;17;29;29067;;3;2;No inventariada;;9;7;2;;;1;1;1;;;1;998
6;2;20;29;29067;;3;2;No inventariada;;9;7;2;;;1;1;1;;;1;998
6;3;12;29;29067;;3;2;No inventariada;;9;2;1;4;;1;1;1;;;1;998
6;3;12;29;29067;;3;2;No inventariada;;9;3;2;;;1;1;1;;;1;998
6;3;18;29;29067;;3;2;No inventariada;;9;4;2;;;1;1;1;;;1;998
6;5;10;29;29067;;3;2;No inventariada;;9;3;1;1;;1;1;1;;;1;998
6;6;10;29;29067;;3;2;No inventariada;;9;10;1;1;;1;1;1;;;1;998
6;6;13;29;29067;;1;1;MA-20;7,3;3;4;2;;;1;1;1;;;1;1
6;1;18;29;29067;;3;2;No inventariada;;9;2;1;1;;1;1;1;;;1;998
6;7;2;29;29067;;1;1;A-7;982,3;3;16;2;;;1;5;1;;;1;1
6;1;17;29;29067;;3;2;No inventariada;;9;1;1;4;;1;1;1;;;1;998
6;2;16;29;29067;;3;2;No inventariada;;9;5;2;;;1;1;1;;;1;998
6;2;15;29;29067;;3;2;No inventariada;;9;2;2;;;1;1;1;;;1;998
6;2;9;29;29067;;3;2;No inventariada;;9;10;1;2;;3;1;1;;;1;998
6;5;12;29;29067;;3;2;No inventariada;;9;2;1;4;;1;1;1;;;1;998
6;5;19;29;29067;;1;1;MA-20;9,4;3;4;1;2;;1;4;1;;;1;1
6;2;19;29;29067;;3;2;No inventariada;;9;2;1;2;;3;1;3;;;1;998
6;7;22;29;29067;;3;2;No inventariada;;9;10;2;;;1;4;1;;;1;998
6;1;8;29;29067;;3;2;No inventariada;;9;2;2;;;1;1;1;;;1;998
6;1;11;29;29067;;3;2;No inventariada;;9;4;2;;;1;1;1;;;1;998
6;3;9;29;29067;;3;2;No inventariada;;9;4;2;;;1;1;1;;;1;998
6;3;13;29;29067;;3;2;No inventariada;;9;7;1;3;;1;1;1;;;1;998
6;3;20;29;29067;;3;2;No inventariada;;9;5;2;;;1;1;1;;;1;998
6;6;10;29;29067;;3;2;No inventariada;;9;16;2;;;1;1;1;;;1;998
6;3;18;29;29067;;3;2;No inventariada;;9;2;1;4;;1;1;1;;;1;998
6;3;14;29;29067;;3;2;No inventariada;;9;2;1;4;;1;1;1;;;1;998
5;2;16;29;29067;;3;2;No inventariada;;9;3;1;4;;1;1;1;;;1;998
6;1;8;29;29067;;3;2;No inventariada;;9;4;2;;;1;1;1;;;1;998
6;6;1;29;29067;;3;2;No inventariada;;9;4;2;;;1;4;1;;;1;998
6;4;10;29;29067;;3;2;No inventariada;;9;10;2;;;1;1;1;;;1;998
6;5;10;29;29067;;3;2;No inventariada;;9;2;1;2;;1;1;1;;;1;998
6;5;22;29;29067;;3;2;No inventariada;;9;2;1;5;;1;4;1;;;1;998
6;3;11;29;29067;;3;2;No inventariada;;9;3;2;;;1;1;1;;;1;998
6;2;7;29;29067;;1;1;A-7;987,527;3;3;2;;;1;2;1;;;1;1
6;2;16;29;29067;;3;2;No inventariada;;9;15;2;;;2;1;1;;;1;998
4;4;9;29;29067;;3;2;No inventariada;;9;10;2;;;7;1;1;;;1;998
6;6;16;29;29067;;3;2;No inventariada;;9;10;1;3;;1;1;1;;;1;998
6;1;9;29;29067;;3;2;No inventariada;;9;4;2;;;1;1;1;;;1;998
6;1;14;29;29067;;3;2;No inventariada;;9;2;1;3;;1;1;1;;;10;998
6;2;13;29;29067;;3;2;No inventariada;;9;16;2;;;1;1;1;;;1;998
6;4;13;29;29067;;3;2;No inventariada;;9;3;1;2;;1;1;1;;;1;998
6;5;20;29;29067;;3;2;No inventariada;;9;7;2;;;1;1;1;;;1;998
6;6;22;29;29067;;3;2;No inventariada;;9;2;1;1;;1;4;1;;;1;998
6;7;19;29;29067;;3;2;No inventariada;;9;7;2;;;1;1;1;;;1;998
6;7;19;29;29067;;3;2;No inventariada;;9;19;2;;;1;1;1;;;1;998
6;7;22;29;29067;;3;2;No inventariada;;9;12;2;;;1;4;1;;;1;998
5;2;20;29;29067;;3;2;No inventariada;;9;3;2;;;1;1;1;;;1;998
5;2;17;29;29067;;3;2;No inventariada;;9;4;2;;;1;1;1;;;1;998
5;4;18;29;29067;;3;2;No inventariada;;9;4;1;7;;1;1;1;;;1;998
6;3;16;29;29067;;3;2;No inventariada;;9;20;2;;;1;1;1;;;1;998
6;1;17;29;29067;;3;2;No inventariada;;9;2;1;3;;1;1;1;;;1;998
6;2;8;29;29067;;3;2;No inventariada;;9;10;1;3;;1;1;1;;;1;998
6;2;22;29;29067;;3;2;No inventariada;;9;2;2;;;1;4;1;;;11;998
6;1;20;29;29067;;3;2;No inventariada;;9;4;2;;;1;1;1;;;1;998
6;1;20;29;29067;;3;2;No inventariada;;9;4;1;5;;1;1;1;;;1;998
6;2;10;29;29067;;3;2;No inventariada;;9;2;2;;;1;1;1;;;1;998
6;3;23;29;29067;;3;2;No inventariada;;9;2;2;;;1;4;1;;;1;998
6;6;1;29;29067;;3;2;No inventariada;;9;16;1;1;;1;4;1;;;2;998
6;4;17;29;29067;;3;2;No inventariada;;9;4;2;;;1;1;1;;;1;998
6;5;11;29;29067;;3;2;No inventariada;;9;10;2;;;7;1;1;;;1;998
6;4;14;29;29067;;1;1;MA-20;3,662;3;4;2;;;1;1;1;;;1;3
6;3;10;29;29067;;3;2;No inventariada;;9;2;1;2;;1;1;1;;;1;998
6;3;23;29;29067;;3;2;No inventariada;;9;4;1;3;;1;4;1;;;1;998
6;1;18;29;29067;;3;2;No inventariada;;9;2;1;1;;1;1;1;;;1;998
6;2;9;29;29067;;3;2;No inventariada;;9;2;2;;;1;1;1;;;1;998
5;5;15;29;29067;;3;2;No inventariada;;9;10;1;4;;8;1;1;;;1;998
6;3;14;29;29067;;3;2;No inventariada;;9;2;1;1;;1;1;1;;;1;998
6;3;13;29;29067;;3;2;No inventariada;;9;4;2;;;1;4;1;;;1;998
6;4;15;29;29067;;3;2;No inventariada;;9;4;2;;;1;1;1;;;1;998
6;4;9;29;29067;;3;2;No inventariada;;9;2;1;2;;1;1;1;;;1;998
6;7;19;29;29067;;3;2;No inventariada;;9;2;2;;;1;1;1;;;1;998
6;4;4;29;29067;;3;2;No inventariada;;9;1;2;;;1;4;1;;;1;998
6;3;17;29;29067;;3;2;No inventariada;;9;10;2;;;8;1;1;;;1;998
6;4;11;29;29067;;3;2;No inventariada;;9;16;2;;;1;1;1;;;1;998
6;5;11;29;29067;;3;2;No inventariada;;9;10;2;;;7;1;1;;;1;998
6;1;5;29;29067;;3;2;No inventariada;;9;19;2;;;1;4;1;;;1;998
6;5;23;29;29067;;3;2;No inventariada;;9;4;1;1;;1;4;1;;;1;998
6;1;8;29;29067;;3;2;No inventariada;;9;19;2;;;1;1;1;;;1;998
6;4;21;29;29067;;3;2;No inventariada;;9;2;1;2;;1;1;1;;;1;998
6;6;23;29;29067;;3;2;No inventariada;;9;2;1;2;;1;4;1;;;1;998
6;2;19;29;29067;;3;2;No inventariada;;9;2;1;3;;1;1;1;;;1;998
6;2;19;29;29067;;3;2;No inventariada;;9;10;2;;;7;1;1;;;1;998
6;5;19;29;29067;;3;2;No inventariada;;9;16;1;5;;1;1;1;;;1;998
6;1;19;29;29067;;3;2;No inventariada;;9;2;2;;;1;1;1;;;1;998
6;7;3;29;29067;;3;2;No inventariada;;9;19;2;;;1;4;1;;;18;998
6;7;0;29;29067;;3;2;No inventariada;;9;7;2;;;1;4;1;;;1;998
6;6;22;29;29067;;3;2;No inventariada;;9;3;1;5;;1;4;1;;;1;998
6;1;20;29;29067;;1;1;MA-3101;3,5;6;16;2;;;1;1;1;;;1;2
6;7;14;29;29067;;3;2;No inventariada;;9;4;1;2;;1;1;1;;;1;998
5;1;20;29;29067;;3;2;No inventariada;;9;2;1;1;;1;1;1;;;1;998
6;5;10;29;29067;;3;2;No inventariada;;9;20;1;2;;1;1;1;;;1;998
6;5;8;29;29067;;3;2;No inventariada;;9;4;1;9;;1;1;1;;;1;998
6;5;22;29;29067;;3;2;No inventariada;;9;4;2;;;1;4;1;;;1;998
6;1;15;29;29067;;3;2;No inventariada;;9;20;1;1;;1;1;1;;;1;998
6;5;16;29;29067;;3;2;No inventariada;;9;3;1;1;;1;5;1;;;1;998
6;4;20;29;29067;;3;2;No inventariada;;9;3;1;4;;1;1;1;;;1;998
6;5;18;29;29067;;3;2;No inventariada;;9;10;2;;;1;1;1;;;1;998
6;2;15;29;29067;;3;2;No inventariada;;9;3;2;;;1;1;1;;;1;998
6;5;13;29;29067;;3;2;No inventariada;;9;2;1;1;;1;1;1;;;1;998
6;3;5;29;29067;;1;1;A-7;993,673;2;12;2;;;1;2;1;;;1;1
6;2;15;29;29067;;3;2;No inventariada;;9;3;1;2;;1;1;1;;;1;998
6;7;10;29;29067;;3;2;No inventariada;;9;2;1;5;;1;1;1;;;1;998
6;1;9;29;29067;;3;2;No inventariada;;9;7;1;4;;1;1;1;;;1;998
6;6;15;29;29067;;3;2;No inventariada;;9;2;2;;;1;1;1;;;1;998
6;4;9;29;29067;;1;1;A-7054;3,369;6;2;1;2;A-357;1;1;1;;;1;1
6;7;4;29;29067;;3;2;No inventariada;;9;7;2;;;1;4;1;;;1;998
6;6;13;29;29067;;3;2;No inventariada;;9;4;2;;;1;1;1;;;1;998
6;5;23;29;29067;;1;1;A-7054;1,8;6;4;2;;;1;6;1;;;1;1
6;6;8;29;29067;;3;2;No inventariada;;9;6;2;;;1;1;1;;;1;998
6;6;20;29;29067;;1;1;MA-20;12,335;3;4;2;;;1;1;1;;;1;1
6;1;22;29;29067;;3;2;No inventariada;;9;10;2;;;1;4;1;;;1;998
5;4;21;29;29067;;3;2;No inventariada;;9;3;2;;;1;4;1;;;1;998
6;6;19;29;29067;;3;2;No inventariada;;9;16;2;;;1;1;1;;;1;998
6;5;16;29;29067;;3;2;No inventariada;;9;20;2;;;1;1;1;;;1;998
6;7;20;29;29067;;3;2;No inventariada;;9;7;2;;;1;1;1;;;1;998
6;1;14;29;29067;;3;2;No inventariada;;9;7;1;2;;1;1;1;;;1;998
6;5;19;29;29067;;3;2;No inventariada;;9;10;2;;;1;1;1;;;1;998
6;6;22;29;29067;;3;2;No inventariada;;9;7;1;2;;1;4;1;;;1;998
6;3;15;29;29067;;3;2;No inventariada;;9;2;1;4;;1;1;1;;;1;998
6;5;8;29;29067;;3;2;No inventariada;;9;12;2;;;1;1;2;;;1;998
6;5;12;29;29067;;3;2;No inventariada;;9;2;1;5;;1;1;1;;;1;998
6;6;19;29;29067;;3;2;No inventariada;;9;2;2;;;1;1;1;;;1;998
6;6;0;29;29067;;3;2;No inventariada;;9;4;2;;;1;5;1;;;1;998
6;5;18;29;29067;;3;2;No inventariada;;9;2;1;5;;1;1;1;;;1;998
6;3;13;29;29067;;3;2;No inventariada;;9;4;2;;;1;1;7;;;1;998
6;3;20;29;29067;;3;2;No inventariada;;9;4;2;;;1;1;1;;;1;998
6;3;13;29;29067;;3;2;No inventariada;;9;1;2;;;1;1;1;;;1;998
6;7;11;29;29067;;3;2;No inventariada;;9;3;1;4;;1;1;1;;;1;998
6;2;19;29;29067;;3;2;No inventariada;;9;4;2;;;3;1;3;;;1;998
6;5;9;29;29067;;3;2;No inventariada;;9;4;2;;;1;1;1;;;1;998
7;2;15;29;29067;;1;1;MA-20;8,3;3;4;2;;;1;1;1;;;1;1
7;2;17;29;29067;;1;1;A-357;63;6;15;2;;;1;1;1;;;1;2
6;1;19;29;29067;;3;2;No inventariada;;9;1;2;;;1;1;1;;;1;998
6;2;11;29;29067;;3;2;No inventariada;;9;4;2;;;1;1;1;;;1;998
6;6;15;29;29067;;3;2;No inventariada;;9;10;2;;;1;1;1;;;1;998
6;5;19;29;29067;;3;2;No inventariada;;9;2;1;1;;1;4;1;;;1;998
6;5;22;29;29067;;3;2;No inventariada;;9;10;1;5;;1;4;1;;;1;998
6;5;22;29;29067;;3;2;No inventariada;;9;2;1;1;;1;3;1;;;1;998
6;3;12;29;29067;;3;2;No inventariada;;9;1;2;;;1;1;1;;;1;998
6;3;14;29;29067;;3;2;No inventariada;;9;4;2;;;1;1;1;;;1;998
6;6;23;29;29067;;3;2;No inventariada;;9;4;2;;;1;1;1;;;1;998
6;4;18;29;29067;;3;2;No inventariada;;9;4;2;;;1;1;1;;;1;998
6;4;21;29;29067;;3;2;No inventariada;;9;10;2;;;1;1;1;;;1;998
6;4;23;29;29067;;3;2;No inventariada;;9;10;2;;;1;4;1;;;1;998
6;5;8;29;29067;;3;2;No inventariada;;9;2;2;;;1;1;1;;;1;998
6;3;16;29;29067;;3;2;No inventariada;;9;4;2;;;1;1;1;;;1;998
6;2;10;29;29067;;3;2;No inventariada;;9;3;1;2;;1;1;1;;;1;998
6;2;8;29;29067;;3;2;No inventariada;;9;2;1;2;;1;1;1;;;1;998
6;5;9;29;29067;;3;2;No inventariada;;9;2;2;;;1;1;1;;;1;998
6;7;19;29;29067;;3;2;No inventariada;;9;2;1;4;;1;1;1;;;1;998
6;6;11;29;29067;;3;2;No inventariada;;9;7;2;;;1;1;1;;;1;998
7;3;19;29;29067;;3;2;No inventariada;;9;20;2;;;1;1;1;;;1;998
6;7;23;29;29067;;3;2;No inventariada;;9;7;2;;;1;4;1;;;1;998
6;6;14;29;29067;;3;2;No inventariada;;9;2;2;;;1;1;1;;;1;998
5;5;11;29;29067;;3;2;No inventariada;;9;7;2;;;1;1;1;;;1;998
6;5;14;29;29067;;3;2;No inventariada;;9;3;2;;;1;1;1;;;1;998
6;6;15;29;29067;;3;2;No inventariada;;9;4;2;;;1;1;1;;;1;998
6;7;16;29;29067;;3;2;No inventariada;;9;2;2;;;1;1;1;;;1;998
6;4;16;29;29067;;3;2;No inventariada;;9;2;2;;;1;1;1;;;1;998
6;3;23;29;29067;;3;2;No inventariada;;9;4;1;1;;1;4;1;;;1;998
7;1;21;29;29067;;3;2;No inventariada;;9;10;1;4;;8;1;1;;;1;998
7;1;12;29;29067;;3;2;No inventariada;;9;7;2;;;1;1;1;;;1;998
7;1;14;29;29067;;3;2;No inventariada;;9;2;2;;;1;1;1;;;1;998
6;1;14;29;29067;;3;2;No inventariada;;9;3;1;2;;1;1;1;;;1;998
6;5;23;29;29067;;3;2;No inventariada;;9;2;1;1;;1;4;1;;;1;998
6;5;1;29;29067;;3;2;No inventariada;;9;10;2;;;3;4;3;;;5;998
6;6;17;29;29067;;3;2;No inventariada;;9;20;2;;;1;1;1;;;1;998
7;2;8;29;29067;;3;2;No inventariada;;9;12;2;;;1;1;1;;;6;998
7;3;13;29;29067;;3;2;No inventariada;;9;2;1;2;;1;1;1;;;1;998
6;3;9;29;29067;;3;2;No inventariada;;9;1;2;;;1;1;1;;;1;998
7;6;5;29;29067;;3;2;No inventariada;;9;19;2;;;1;4;1;;;1;998
6;4;15;29;29067;;3;2;No inventariada;;9;4;2;;;1;1;1;;;1;998
6;6;9;29;29067;;3;2;No inventariada;;9;2;1;1;;1;1;1;;;1;998
6;6;7;29;29067;;3;2;No inventariada;;9;3;1;1;;1;1;1;;;1;998
4;7;12;29;29067;;3;2;No inventariada;;9;7;2;;;1;1;1;;;11;998
6;7;22;29;29067;;3;2;No inventariada;;9;3;1;4;;1;4;1;;;1;998
6;6;14;29;29067;;3;2;No inventariada;;9;10;1;4;;1;1;1;;;1;998
7;7;7;29;29067;;3;2;No inventariada;;9;2;1;7;;1;2;1;;;1;998
6;6;20;29;29067;;3;2;No inventariada;;9;4;2;;;1;3;1;;;6;998
7;2;21;29;29067;;3;2;No inventariada;;9;2;1;4;;1;1;1;;;1;998
7;3;14;29;29067;;3;2;No inventariada;;9;3;1;1;;1;1;1;;;1;998
7;3;17;29;29067;;3;2;No inventariada;;9;4;1;4;;1;1;1;;;1;998
7;3;15;29;29067;;3;2;No inventariada;;9;2;1;4;;1;1;1;;;1;998
7;3;16;29;29067;;3;2;No inventariada;;9;4;2;;;1;1;1;;;1;998
7;3;13;29;29067;;3;2;No inventariada;;9;2;2;;;1;1;1;;;1;998
6;6;15;29;29067;;3;2;No inventariada;;14;4;2;;;1;1;1;;;1;998
7;2;14;29;29067;;3;2;No inventariada;;9;2;2;;;1;1;1;;;1;998
7;4;13;29;29067;;3;2;No inventariada;;9;3;1;1;;1;1;1;;;1;998
6;7;21;29;29067;;3;2;No inventariada;;9;2;2;;;1;4;1;;;1;998
6;7;2;29;29067;;3;2;No inventariada;;9;2;1;1;;1;1;1;;;1;998
7;4;17;29;29067;;3;2;No inventariada;;9;2;1;2;;1;1;1;;;1;998
6;5;15;29;29067;;3;2;No inventariada;;9;7;2;;;1;1;1;;;1;998
7;1;18;29;29067;;3;2;No inventariada;;9;2;1;2;;1;1;1;;;1;998
7;1;23;29;29067;;3;2;No inventariada;;9;2;2;;;1;4;1;;;1;998
6;3;10;29;29067;;3;2;No inventariada;;9;2;1;4;;1;1;1;;;1;998
7;4;7;29;29067;;3;2;No inventariada;;9;10;2;;;1;1;1;;;1;998
7;6;12;29;29067;;3;2;No inventariada;;9;4;2;;;1;1;1;;;1;998
7;4;12;29;29067;;3;2;No inventariada;;9;3;2;;;1;1;1;;;1;998
7;1;11;29;29067;;3;2;No inventariada;;9;3;2;;;1;1;1;;;1;998
7;5;21;29;29067;;3;2;No inventariada;;9;4;2;;;1;1;1;;;1;998
6;1;10;29;29067;;3;2;No inventariada;;9;7;1;3;;1;1;1;;;10;998
7;2;9;29;29067;;1;1;MA-20;9,7;3;4;2;;;1;4;1;;;1;1
7;1;9;29;29067;;3;2;No inventariada;;9;2;2;;;1;1;1;;;1;998
6;6;12;29;29067;;3;2;No inventariada;;9;4;2;;;1;1;1;;;1;998
7;7;13;29;29067;;3;2;No inventariada;;9;2;2;;;1;1;1;;;1;998
7;6;15;29;29067;;3;2;No inventariada;;9;4;2;;;1;1;1;;;1;998
6;4;20;29;29067;;3;2;No inventariada;;9;2;1;1;;1;1;1;;;1;998
7;1;11;29;29067;;3;2;No inventariada;;9;10;2;;;1;1;1;;;1;998
6;6;1;29;29067;;3;2;No inventariada;;9;3;2;;;1;4;1;;;1;998
7;3;16;29;29067;;3;2;No inventariada;;9;20;1;1;;1;1;1;;;1;998
6;2;13;29;29067;;3;2;No inventariada;;9;10;2;;;7;1;1;;;1;998
6;2;9;29;29067;;3;2;No inventariada;;9;2;1;3;;1;1;1;;;1;998
6;3;0;29;29067;;3;2;No inventariada;;9;2;1;4;;1;4;1;;;1;998
5;5;15;29;29067;;3;2;No inventariada;;9;10;2;;;1;1;1;;;1;998
6;3;17;29;29067;;3;2;No inventariada;;9;4;2;;;1;1;1;;;1;998
6;3;12;29;29067;;3;2;No inventariada;;9;2;1;5;;1;1;1;;;1;998
6;1;9;29;29067;;3;2;No inventariada;;9;7;2;;;1;1;1;;;1;998
7;4;11;29;29067;;3;2;No inventariada;;9;11;1;1;;1;1;1;;;1;998
7;6;1;29;29067;;3;2;No inventariada;;9;2;1;5;;1;4;1;;;1;998
7;3;18;29;29067;;3;2;No inventariada;;9;4;2;;;1;1;1;;;1;998
7;2;16;29;29067;;3;2;No inventariada;;9;2;1;1;;1;1;1;;;1;998
6;4;21;29;29067;;3;2;No inventariada;;9;2;1;2;;1;4;1;;;17;998
6;4;15;29;29067;;3;2;No inventariada;;9;2;1;3;;1;1;1;;;9;998
6;4;14;29;29067;;3;2;No inventariada;;9;2;2;;;1;1;1;;;1;998
6;7;23;29;29067;;3;2;No inventariada;;9;10;1;3;;1;4;1;;;1;998
6;7;9;29;29067;;3;2;No inventariada;;9;2;1;4;;1;1;1;;;1;998
7;2;15;29;29067;;3;2;No inventariada;;9;4;2;;;1;1;1;;;1;998
7;2;15;29;29067;;3;2;No inventariada;;9;2;1;3;;1;1;1;;;1;998
6;4;7;29;29067;;3;2;No inventariada;;9;4;2;;;1;1;1;;;1;998
7;1;21;29;29067;;3;2;No inventariada;;9;10;2;;;1;1;1;;;1;998
6;3;19;29;29067;;3;2;No inventariada;;9;4;2;;;1;1;1;;;1;998
7;1;15;29;29067;;3;2;No inventariada;;9;7;2;;;1;1;1;;;1;998
7;2;13;29;29067;;3;2;No inventariada;;9;4;1;5;;1;1;1;;;1;998
7;1;1;29;29067;;3;2;No inventariada;;9;19;2;;;1;4;1;;;1;998
7;4;15;29;29067;;3;2;No inventariada;;9;5;1;5;;1;1;1;;;1;998
7;3;19;29;29067;;3;2;No inventariada;;9;4;2;;;1;1;1;;;1;998
7;3;18;29;29067;;3;2;No inventariada;;9;3;2;;;1;1;1;;;1;998
7;5;15;29;29067;;1;1;MA-20;6,259;3;4;2;;;1;1;1;;;1;1
7;2;10;29;29067;;3;2;No inventariada;;9;2;1;2;;1;1;1;;;1;998
6;7;22;29;29067;;3;2;No inventariada;;9;10;1;5;;1;1;1;;;1;998
7;1;22;29;29067;;3;2;No inventariada;;9;2;1;1;;1;1;1;;;1;998
7;1;23;29;29067;;3;2;No inventariada;;9;2;2;;;1;4;1;;;1;998
6;6;20;29;29067;;3;2;No inventariada;;9;7;1;4;;1;1;1;;;1;998
7;3;9;29;29067;;3;2;No inventariada;;9;2;1;5;;1;1;1;;;1;998
7;4;8;29;29067;;3;2;No inventariada;;9;3;2;;;1;1;1;;;1;998
7;4;10;29;29067;;3;2;No inventariada;;9;4;1;2;;1;1;1;;;1;998
7;4;21;29;29067;;3;2;No inventariada;;9;10;2;;;3;1;1;;;1;998
7;4;16;29;29067;;3;2;No inventariada;;9;10;2;;;1;1;1;;;1;998
5;5;0;29;29067;;3;2;No inventariada;;9;4;2;;;1;1;1;;;1;998
7;5;15;29;29067;;3;2;No inventariada;;9;5;2;;;1;1;2;;;1;998
7;5;16;29;29067;;3;2;No inventariada;;9;2;1;3;;1;1;1;;;1;998
7;6;14;29;29067;;3;2;No inventariada;;9;10;2;;;1;1;1;;;1;998
7;1;12;29;29067;;3;2;No inventariada;;9;2;1;3;;1;1;1;;;2;998
7;5;23;29;29067;;3;2;No inventariada;;9;12;1;3;;1;4;1;;;1;998
7;7;10;29;29067;;3;2;No inventariada;;9;10;1;1;;9;1;1;;;18;998
7;7;22;29;29067;;3;2;No inventariada;;9;3;1;4;;1;4;1;;;1;998
7;1;14;29;29067;;3;2;No inventariada;;9;4;2;;;1;1;1;;;1;998
6;7;4;29;29067;;3;2;No inventariada;;9;2;1;3;;1;4;1;;;1;998
7;2;8;29;29067;;3;2;No inventariada;;9;2;1;1;;1;1;1;;;17;998
7;2;12;29;29067;;3;2;No inventariada;;9;4;1;1;;1;1;1;;;1;998
7;3;16;29;29067;;3;2;No inventariada;;9;4;2;;;1;1;1;;;1;998
7;4;12;29;29067;;3;2;No inventariada;;9;2;1;5;;1;1;1;;;9;998
7;6;19;29;29067;;3;2;No inventariada;;9;2;1;2;;1;1;1;;;1;998
7;4;12;29;29067;;3;2;No inventariada;;9;4;2;;;1;1;1;;;1;998
7;1;11;29;29067;;3;2;No inventariada;;9;10;2;;;1;1;1;;;1;998
7;7;13;29;29067;;3;2;No inventariada;;9;10;2;;;1;1;1;;;1;998
7;1;16;29;29067;;3;2;No inventariada;;9;2;2;;;1;1;1;;;1;998
7;4;14;29;29067;;3;2;No inventariada;;9;3;2;;;1;1;1;;;1;998
7;1;9;29;29067;;3;2;No inventariada;;9;4;2;;;1;1;1;;;1;998
7;7;12;29;29067;;3;2;No inventariada;;9;10;1;2;;1;1;1;;;1;998
7;4;18;29;29067;;3;2;No inventariada;;9;2;1;4;;1;1;1;;;1;998
6;7;9;29;29067;;3;2;No inventariada;;9;2;1;5;;1;1;1;;;1;998
7;1;8;29;29067;;3;2;No inventariada;;9;7;2;;;1;1;1;;;6;998
7;2;17;29;29067;;3;2;No inventariada;;9;2;2;;;1;1;1;;;1;998
7;1;16;29;29067;;3;2;No inventariada;;9;3;1;4;;1;1;1;;;1;998
7;2;8;29;29067;;3;2;No inventariada;;9;4;2;;;1;1;1;;;1;998
7;2;11;29;29067;;3;2;No inventariada;;9;7;1;3;;1;1;1;;;9;998
7;1;18;29;29067;;3;2;No inventariada;;9;10;2;;;1;1;1;;;1;998
7;5;15;29;29067;;3;2;No inventariada;;9;4;2;;;1;1;1;;;1;998
7;4;17;29;29067;;3;2;No inventariada;;9;20;2;;;1;1;1;;;1;998
7;3;19;29;29067;;3;2;No inventariada;;9;2;2;;;1;1;1;;;1;998
7;2;10;29;29067;;3;2;No inventariada;;9;5;2;;;1;1;1;;;1;998
6;7;5;29;29067;;3;2;No inventariada;;9;2;1;1;;1;4;1;;;1;998
7;3;19;29;29067;;3;2;No inventariada;;9;2;1;3;;1;1;1;;;1;998
7;3;13;29;29067;;3;2;No inventariada;;9;4;1;4;;1;1;1;;;1;998
7;5;8;29;29067;;3;2;No inventariada;;9;10;2;;;1;1;1;;;1;998
7;4;13;29;29067;;3;2;No inventariada;;9;1;1;3;;1;1;1;;;1;998
7;5;9;29;29067;;3;2;No inventariada;;9;2;1;5;;1;1;1;;;6;998
7;5;11;29;29067;;3;2;No inventariada;;9;3;1;5;;1;1;1;;;1;998
7;6;22;29;29067;;3;2;No inventariada;;9;20;2;;;1;4;1;;;1;998
7;5;19;29;29067;;3;2;No inventariada;;9;4;2;;;1;1;1;;;1;998
7;5;8;29;29067;;3;2;No inventariada;;9;4;2;;;1;1;1;;;1;998
6;4;20;29;29067;;3;2;No inventariada;;9;7;2;;;1;1;1;;;1;998
7;3;19;29;29067;;3;2;No inventariada;;9;2;2;;;1;1;1;;;1;998
7;1;14;29;29067;;3;2;No inventariada;;9;4;2;;;1;1;1;;;1;998