MES;DIA_SEMANA;HORA;COD_PROVINCIA;COD_MUNICIPIO;ISLA;ZONA;ZONA_AGRUPADA;CARRETERA;KM;TIPO_VIA;TIPO_ACCIDENTE;NUDO;NUDO_INFO;CARRETERA_CRUCE;CONDICION_FIRME;CONDICION_ILUMINACION;CONDICION_METEO;CONDICION_NIEBLA;CONDICION_VIENTO;VISIB_RESTRINGIDA_POR;TRAZADO_PLANTA
7;1;18;29;29067;;3;2;No inventariada;;9;2;1;1;;1;1;1;;;1;998
7;4;14;29;29067;;3;2;No inventariada;;9;4;2;;;1;1;1;;;1;998
7;7;15;29;29067;;3;2;No inventariada;;9;2;1;5;;1;1;1;;;1;998
7;6;22;29;29067;;3;2;No inventariada;;9;2;2;;;1;4;1;;;1;998
7;2;11;29;29067;;3;2;No inventariada;;9;2;1;1;;1;1;1;;;1;998
7;4;20;29;29067;;3;2;No inventariada;;9;4;2;;;1;1;1;;;1;998
7;5;12;29;29067;;3;2;No inventariada;;9;20;1;3;;1;1;1;;;1;998
7;5;13;29;29067;;3;2;No inventariada;;9;20;2;;;1;1;1;;;1;998
7;6;0;29;29067;;3;2;No inventariada;;9;2;1;3;;1;4;1;;;1;998
7;3;21;29;29067;;3;2;No inventariada;;9;10;2;;;1;1;1;;;1;998
7;6;9;29;29067;;3;2;No inventariada;;9;2;1;2;;1;1;1;;;1;998
7;7;15;29;29067;;3;2;No inventariada;;9;4;2;;;1;1;1;;;1;998
7;1;18;29;29067;;3;2;No inventariada;;9;7;2;;;1;1;1;;;1;998
7;1;16;29;29067;;3;2;No inventariada;;9;4;2;;;1;1;1;;;1;998
7;2;13;29;29067;;3;2;No inventariada;;9;10;2;;;1;1;1;;;1;998
7;3;10;29;29067;;3;2;No inventariada;;9;4;2;;;1;1;1;;;1;998
7;2;21;29;29067;;3;2;No inventariada;;9;10;1;2;;1;1;1;;;1;998
7;2;14;29;29067;;3;2;No inventariada;;9;20;1;4;;1;1;1;;;1;998
7;6;17;29;29067;;3;2;No inventariada;;9;4;2;;;1;4;1;;;1;998
7;7;15;29;29067;;3;2;No inventariada;;9;2;1;1;;1;1;1;;;1;998
7;2;22;29;29067;;3;2;No inventariada;;9;2;1;1;;1;1;1;;;1;998
7;1;10;29;29067;;3;2;No inventariada;;9;2;1;1;;1;1;1;;;1;998
7;1;8;29;29067;;3;2;No inventariada;;9;2;1;1;;1;1;1;;;1;998
7;4;20;29;29067;;3;2;No inventariada;;9;10;2;;;1;2;1;;;1;998
7;4;1;29;29067;;3;2;No inventariada;;9;4;1;4;;1;4;1;;;1;998
7;2;20;29;29067;;3;2;No inventariada;;9;4;2;;;1;1;1;;;1;998
7;3;14;29;29067;;3;2;No inventariada;;9;4;2;;;1;1;1;;;1;998
7;4;22;29;29067;;3;2;No inventariada;;9;20;2;;;1;4;1;;;1;998
7;5;19;29;29067;;3;2;No inventariada;;9;4;1;1;;1;1;1;;;1;998
7;6;17;29;29067;;3;2;No inventariada;;9;7;2;;;1;1;1;;;1;998
7;7;16;29;29067;;3;2;No inventariada;;9;20;2;;;1;1;1;;;1;998
7;7;23;29;29067;;3;2;No inventariada;;9;4;2;;;1;4;1;;;1;998
7;1;15;29;29067;;3;2;No inventariada;;9;10;2;;;8;1;1;;;1;998
7;3;9;29;29067;;3;2;No inventariada;;9;3;2;;;1;1;1;;;1;998
7;4;21;29;29067;;3;2;No inventariada;;9;1;2;;;1;1;1;;;1;998
7;5;1;29;29067;;3;2;No inventariada;;9;10;2;;;1;4;1;;;1;998
7;2;16;29;29067;;3;2;No inventariada;;9;2;2;;;1;1;1;;;1;998
7;4;14;29;29067;;3;2;No inventariada;;9;2;2;;;1;1;1;;;1;998
7;6;19;29;29067;;3;2;No inventariada;;9;4;2;;;1;1;1;;;1;998
7;5;20;29;29067;;3;2;No inventariada;;9;3;1;5;;1;1;1;;;1;998
7;7;7;29;29067;;3;2;No inventariada;;9;19;2;;;1;1;1;;;1;998
7;1;17;29;29067;;3;2;No inventariada;;9;2;2;;;1;1;1;;;1;998
7;3;13;29;29067;;3;2;No inventariada;;9;4;2;;;1;1;1;;;1;998
7;3;15;29;29067;;3;2;No inventariada;;9;2;1;1;;1;1;1;;;1;998
7;4;15;29;29067;;3;2;No inventariada;;9;4;2;;;1;1;1;;;1;998
7;5;6;29;29067;;3;2;No inventariada;;9;3;1;5;;1;1;1;;;1;998
7;7;19;29;29067;;3;2;No inventariada;;9;20;2;;;1;1;1;;;1;998
7;1;19;29;29067;;3;2;No inventariada;;9;2;1;1;;1;1;1;;;6;998
7;1;11;29;29067;;3;2;No inventariada;;9;20;2;;;1;1;1;;;1;998
7;7;0;29;29067;;3;2;No inventariada;;9;10;1;1;;1;1;1;;;1;998
7;7;13;29;29067;;3;2;No inventariada;;9;2;1;1;;1;1;1;;;1;998
7;2;15;29;29067;;3;2;No inventariada;;9;2;1;1;;1;1;1;;;1;998
7;3;8;29;29067;;3;2;No inventariada;;9;2;1;1;;1;1;1;;;1;998
7;3;11;29;29067;;3;2;No inventariada;;9;4;1;5;;1;1;1;;;1;998
7;3;21;29;29067;;3;2;No inventariada;;9;2;2;;;1;4;1;;;1;998
7;4;17;29;29067;;3;2;No inventariada;;9;3;2;;;1;1;1;;;1;998
7;4;18;29;29067;;3;2;No inventariada;;9;4;1;4;;1;1;1;;;1;998
7;1;14;29;29067;;3;2;No inventariada;;9;20;1;5;;1;1;1;;;1;998
7;5;22;29;29067;;3;2;No inventariada;;9;2;1;1;;1;1;1;;;1;998
7;1;1;29;29067;;3;2;No inventariada;;9;2;1;1;;1;1;1;;;1;998
7;7;11;29;29067;;3;2;No inventariada;;9;7;1;3;;1;1;1;;;1;998
7;2;13;29;29067;;3;2;No inventariada;;9;10;2;;;7;1;1;;;1;998
7;4;13;29;29067;;3;2;No inventariada;;9;2;1;1;;1;1;1;;;1;998
7;5;23;29;29067;;3;2;No inventariada;;9;3;2;;;1;4;1;;;1;998
7;6;16;29;29067;;3;2;No inventariada;;9;10;2;;;1;1;1;;;1;998
7;6;22;29;29067;;3;2;No inventariada;;9;2;2;;;1;4;1;;;1;998
7;1;8;29;29067;;3;2;No inventariada;;9;7;2;;;1;1;1;;;1;998
7;1;11;29;29067;;3;2;No inventariada;;9;10;1;5;;1;1;1;;;1;998
7;5;13;29;29067;;3;2;No inventariada;;9;2;1;1;;1;1;1;;;1;998
7;5;23;29;29067;;3;2;No inventariada;;9;4;2;;;1;4;1;;;1;998
7;2;14;29;29067;;3;2;No inventariada;;9;2;1;1;;1;1;1;;;1;998
6;2;18;29;29067;;3;2;No inventariada;;9;2;1;2;;1;1;1;;;1;998
7;2;10;29;29067;;3;2;No inventariada;;9;4;2;;;1;1;1;;;1;998
7;1;14;29;29067;;3;2;No inventariada;;9;4;1;3;;1;1;1;;;1;998
7;3;20;29;29067;;3;2;No inventariada;;9;5;1;3;;1;1;1;;;1;998
7;7;23;29;29067;;3;2;No inventariada;;9;4;1;5;;1;4;1;;;1;998
7;1;18;29;29067;;3;2;No inventariada;;9;7;2;;;1;1;1;;;1;998
7;4;12;29;29067;;3;2;No inventariada;;9;2;1;1;;1;1;1;;;1;998
7;1;13;29;29067;;3;2;No inventariada;;9;10;1;1;;1;1;1;;;1;998
7;7;1;29;29067;;3;2;No inventariada;;9;2;2;;;1;4;1;;;1;998
7;3;6;29;29067;;3;2;No inventariada;;9;1;2;;;1;1;1;;;1;998
7;3;14;29;29067;;3;2;No inventariada;;9;2;1;5;;1;1;1;;;1;998
7;4;20;29;29067;;3;2;No inventariada;;9;7;1;1;;1;1;1;;;1;998
7;2;11;29;29067;;3;2;No inventariada;;9;2;2;;;1;1;1;;;1;998
7;1;18;29;29067;;3;2;No inventariada;;9;2;1;3;;1;1;1;;;1;998
7;5;12;29;29067;;3;2;No inventariada;;9;2;2;;;1;1;1;;;1;998
7;1;11;29;29067;;3;2;No inventariada;;9;2;1;3;;1;1;1;;;1;998
7;3;15;29;29067;;3;2;No inventariada;;9;7;2;;;1;1;1;;;17;998
7;3;15;29;29067;;3;2;No inventariada;;9;1;1;3;;1;1;1;;;1;998
7;5;0;29;29067;;3;2;No inventariada;;9;3;1;2;;1;4;1;;;1;998
5;1;10;29;29067;;3;2;No inventariada;;11;7;2;;;1;4;1;;;1;998
7;5;15;29;29067;;1;1;A-7054;3,318;6;2;1;2;A-357;1;1;1;;;1;1
7;2;16;29;29067;;3;2;No inventariada;;9;7;2;;;1;1;1;;;1;998
7;4;16;29;29067;;3;2;No inventariada;;9;2;1;4;;1;1;1;;;1;998
7;3;9;29;29067;;3;2;No inventariada;;9;3;2;;;1;1;1;;;1;998
7;3;23;29;29067;;3;2;No inventariada;;9;2;1;2;;1;1;1;;;1;998
7;5;12;29;29067;;3;2;No inventariada;;9;20;2;;;1;1;1;;;1;998
7;7;21;29;29067;;3;2;No inventariada;;9;2;1;1;;1;4;1;;;17;998
7;1;1;29;29067;;1;1;A-357;65,7;6;15;2;;;1;6;2;;;1;1
7;1;6;29;29067;;3;2;No inventariada;;9;15;2;;;1;5;2;;;18;998
7;2;23;29;29067;;3;2;No inventariada;;9;4;1;2;;1;4;1;;;1;998
7;4;14;29;29067;;3;2;No inventariada;;9;10;2;;;1;1;1;;;1;998
7;1;6;29;29067;;3;2;No inventariada;;9;2;1;1;;1;4;2;;;1;998
7;5;18;29;29067;;3;2;No inventariada;;9;10;2;;;1;1;1;;;1;998
7;5;19;29;29067;;3;2;No inventariada;;9;2;1;3;;1;1;1;;;9;998
7;4;11;29;29067;;3;2;No inventariada;;9;10;2;;;7;1;1;;;1;998
7;3;21;29;29067;;3;2;No inventariada;;9;2;1;1;;1;2;1;;;1;998
7;4;14;29;29067;;3;2;No inventariada;;9;3;2;;;1;1;1;;;1;998
7;4;16;29;29067;;3;2;No inventariada;;9;2;2;;;1;1;1;;;1;998
7;3;7;29;29067;;3;2;No inventariada;;9;13;2;;;1;1;1;;;1;998
7;5;21;29;29067;;3;2;No inventariada;;9;3;2;;;1;1;1;;;1;998
7;4;18;29;29067;;3;2;No inventariada;;9;4;2;;;1;1;7;;;1;998
7;4;20;29;29067;;3;2;No inventariada;;9;2;1;4;;1;1;1;;;1;998
7;3;21;29;29067;;3;2;No inventariada;;9;4;2;;;1;1;1;;;1;998
7;4;21;29;29067;;3;2;No inventariada;;9;2;2;;;1;4;1;;;1;998
7;4;23;29;29067;;3;2;No inventariada;;9;2;1;2;;1;4;1;;;1;998
7;2;12;29;29067;;1;1;MA-20;5,3;3;15;2;;;1;1;1;;;1;2
7;6;20;29;29067;;3;2;No inventariada;;9;10;2;;;1;1;1;;;1;998
7;6;22;29;29067;;3;2;No inventariada;;9;2;1;2;;1;4;1;;;17;998
7;2;18;29;29067;;1;1;A-45;140,306;3;19;2;;;1;1;1;1;;1;1
7;7;9;29;29067;;3;2;No inventariada;;9;4;2;;;1;1;1;;;1;998
7;7;10;29;29067;;3;2;No inventariada;;9;2;1;2;;1;1;1;;;1;998
7;7;16;29;29067;;3;2;No inventariada;;9;2;2;;;1;1;2;;;1;998
7;1;13;29;29067;;3;2;No inventariada;;9;2;2;;;1;1;1;;;1;998
7;6;22;29;29067;;3;2;No inventariada;;9;4;2;;;1;1;1;;;1;998
7;6;15;29;29067;;3;2;No inventariada;;9;3;2;;;1;1;1;;;1;998
7;3;17;29;29067;;1;1;A-7;990,206;3;16;2;;;1;1;1;;;1;1
7;6;13;29;29067;;3;2;No inventariada;;9;2;2;;;1;1;1;;;1;998
7;7;12;29;29067;;3;2;No inventariada;;9;4;1;5;;1;1;1;;;1;998
7;7;20;29;29067;;3;2;No inventariada;;9;15;2;;;1;1;2;;;1;998
7;1;8;29;29067;;3;2;No inventariada;;9;10;1;2;;3;1;3;;;1;998
7;3;18;29;29067;;3;2;No inventariada;;9;10;2;;;1;1;1;;;1;998
7;3;20;29;29067;;3;2;No inventariada;;9;2;2;;;1;1;1;;;1;998
7;2;10;29;29067;;3;2;No inventariada;;9;19;2;;;1;1;1;;;1;998
7;2;23;29;29067;;3;2;No inventariada;;9;4;2;;;1;1;1;;;1;998
7;4;10;29;29067;;3;2;No inventariada;;9;7;2;;;1;1;1;;;1;998
7;3;16;29;29067;;3;2;No inventariada;;9;3;2;;;1;1;1;;;1;998
8;4;10;29;29067;;1;1;A-7;992,599;3;14;2;;;1;6;1;;;1;1
8;4;14;29;29067;;1;1;A-357;63,9;6;4;2;;;1;1;1;;;1;1
7;1;14;29;29067;;3;2;No inventariada;;9;3;2;;;1;1;1;;;1;998
7;7;20;29;29067;;3;2;No inventariada;;9;4;1;1;;1;1;1;;;1;998
7;7;21;29;29067;;3;2;No inventariada;;9;4;1;4;;1;1;2;;;1;998
7;3;14;29;29067;;3;2;No inventariada;;9;7;2;;;1;1;1;;;1;998
7;5;16;29;29067;;3;2;No inventariada;;9;4;2;;;1;1;1;;;1;998
7;2;23;29;29067;;3;2;No inventariada;;9;4;1;1;;1;1;1;;;1;998
7;5;13;29;29067;;3;2;No inventariada;;9;4;2;;;1;1;1;;;1;998
7;1;16;29;29067;;3;2;No inventariada;;9;4;2;;;1;4;1;;;1;998
7;1;8;29;29067;;3;2;No inventariada;;9;16;2;;;3;1;3;;;1;998
8;4;12;29;29067;;3;2;No inventariada;;9;10;1;3;;1;1;1;;;1;998
8;5;17;29;29067;;3;2;No inventariada;;9;4;2;;;1;1;1;;;1;998
7;2;12;29;29067;;3;2;No inventariada;;9;2;1;2;;1;1;1;;;1;998
7;7;20;29;29067;;3;2;No inventariada;;9;2;2;;;1;1;1;;;1;998
7;1;13;29;29067;;3;2;No inventariada;;14;10;1;1;;1;4;1;;;1;998
7;2;13;29;29067;;3;2;No inventariada;;9;4;2;;;1;1;1;;;1;998
7;1;15;29;29067;;3;2;No inventariada;;9;4;2;;;1;1;1;;;1;998
7;2;13;29;29067;;3;2;No inventariada;;9;10;2;;;7;1;1;;;1;998
7;2;14;29;29067;;3;2;No inventariada;;9;2;1;2;;1;1;1;;;1;998
7;3;10;29;29067;;3;2;No inventariada;;9;2;2;;;1;1;1;;;1;998
8;4;14;29;29067;;3;2;No inventariada;;9;2;1;1;;1;1;1;;;1;998
7;6;6;29;29067;;3;2;No inventariada;;9;2;1;2;;1;4;1;;;1;998
7;1;15;29;29067;;3;2;No inventariada;;9;4;2;;;1;1;1;;;1;998
7;7;0;29;29067;;3;2;No inventariada;;9;3;2;;;1;4;1;;;1;998
7;7;12;29;29067;;3;2;No inventariada;;9;9;1;2;;1;1;1;;;1;998
7;5;10;29;29067;0;3;2;No inventariada;;9;2;1;2;;1;1;1;;;1;998
8;5;8;29;29067;;3;2;No inventariada;;9;4;1;4;;1;1;1;;;1;998
8;5;14;29;29067;;3;2;No inventariada;;9;2;1;2;;1;1;1;;;1;998
8;5;15;29;29067;;3;2;No inventariada;;9;2;1;2;;1;1;1;;;1;998
7;6;22;29;29067;;3;2;No inventariada;;9;20;2;;;1;4;1;;;1;998
7;1;16;29;29067;;3;2;No inventariada;;9;10;1;1;;1;1;1;;;1;998
7;1;0;29;29067;;3;2;No inventariada;;9;7;2;;;1;4;1;;;1;998
7;5;14;29;29067;;3;2;No inventariada;;9;15;2;;;1;1;1;;;1;998
7;6;6;29;29067;;3;2;No inventariada;;9;2;1;2;;1;4;1;;;1;998
7;6;22;29;29067;;3;2;No inventariada;;9;2;1;5;;1;4;1;;;1;998
7;7;0;29;29067;;3;2;No inventariada;;9;2;1;1;;1;4;1;;;1;998
8;7;13;29;29067;;1;1;A-7;980;3;4;2;;;1;1;1;;;1;1
7;3;21;29;29067;;3;2;No inventariada;;9;1;2;;;1;3;1;;;1;998
7;2;8;29;29067;;3;2;No inventariada;;9;10;2;;;1;1;1;;;1;998
8;6;16;29;29067;;3;2;No inventariada;;9;20;2;;;1;1;1;;;1;998
6;5;14;29;29067;;3;2;No inventariada;;9;7;1;1;;1;1;1;;;1;998
7;1;17;29;29067;;3;2;No inventariada;;9;7;1;1;;1;1;1;;;1;998
8;5;6;29;29067;;3;2;No inventariada;;9;2;2;;;1;4;1;;;1;998
7;7;12;29;29067;;3;2;No inventariada;;9;10;1;2;;1;1;1;;;9;998
7;2;16;29;29067;;3;2;No inventariada;;9;10;1;1;;1;1;1;;;1;998
7;4;20;29;29067;;3;2;No inventariada;;9;4;2;;;1;1;1;;;1;998
7;6;13;29;29067;;3;2;No inventariada;;9;15;2;;;1;1;1;;;1;998
6;7;21;29;29067;;3;2;No inventariada;;9;10;2;;;1;4;1;;;1;998
6;6;23;29;29067;;3;2;No inventariada;;9;10;1;4;;1;4;1;;;1;998
7;1;13;29;29067;;3;2;No inventariada;;9;2;1;1;;1;1;1;;;1;998
7;2;12;29;29067;;3;2;No inventariada;;14;20;2;;;1;1;1;;;1;998
7;2;14;29;29067;;3;2;No inventariada;;9;10;2;;;1;1;1;;;1;998
6;2;9;29;29067;;3;2;No inventariada;;9;7;2;;;1;1;1;;;6;998
6;4;23;29;29067;;3;2;No inventariada;;9;4;2;;;1;4;2;;;1;998
7;3;13;29;29067;;3;2;No inventariada;;9;2;2;;;1;1;1;;;1;998
8;4;11;29;29067;;3;2;No inventariada;;9;4;1;2;;1;1;1;;;1;998
8;4;13;29;29067;;3;2;No inventariada;;9;10;2;;;2;1;1;;;1;998
8;4;15;29;29067;;3;2;No inventariada;;9;2;2;;;1;1;1;;;1;998
8;4;16;29;29067;;3;2;No inventariada;;9;3;2;;;1;1;1;;;1;998
8;4;15;29;29067;;3;2;No inventariada;;9;4;2;;;1;1;1;;;1;998
7;2;11;29;29067;;3;2;No inventariada;;9;2;1;1;;1;1;1;;;1;998
8;5;13;29;29067;;3;2;No inventariada;;9;3;1;1;;1;1;1;;;1;998
8;2;0;29;29067;;3;2;No inventariada;;9;10;2;;;3;4;1;;;1;998
8;4;23;29;29067;;1;1;A-7054;2,2;6;16;2;;;1;6;1;;;1;1
7;2;22;29;29067;;3;2;No inventariada;;9;4;2;;;1;1;1;;;1;998
8;5;11;29;29067;;3;2;No inventariada;;9;4;2;;;1;1;1;;;1;998
7;3;8;29;29067;;3;2;No inventariada;;9;19;2;;;1;1;1;;;1;998
7;3;17;29;29067;;3;2;No inventariada;;9;4;2;;;1;1;1;;;1;998
7;3;21;29;29067;;3;2;No inventariada;;9;4;2;;;1;4;1;;;1;998
8;7;19;29;29067;;3;2;No inventariada;;9;20;1;2;;1;1;1;;;1;998
7;6;4;29;29067;;3;2;No inventariada;;9;2;1;5;;1;1;1;;;1;998
8;1;14;29;29067;;3;2;No inventariada;;9;3;2;;;1;1;1;;;1;998
8;2;17;29;29067;;3;2;No inventariada;;9;10;2;;;1;1;1;;;1;998
8;1;15;29;29067;;3;2;No inventariada;;9;4;2;;;1;1;1;;;1;998
7;3;9;29;29067;;3;2;No inventariada;;9;10;1;4;;3;1;1;;;1;998
8;1;15;29;29067;;3;2;No inventariada;;9;4;2;;;1;1;1;;;1;998
8;3;10;29;29067;;1;1;MA-20;4,2;3;4;2;;;1;1;1;;;1;1
8;1;11;29;29067;;3;2;No inventariada;;9;7;2;;;1;1;1;;;1;998
8;2;14;29;29067;;3;2;No inventariada;;9;4;2;;;1;1;1;;;1;998
8;2;15;29;29067;;3;2;No inventariada;;9;4;1;1;;1;1;1;;;1;998
8;5;15;29;29067;;3;2;No inventariada;;9;3;2;;;1;1;1;;;1;998
8;5;16;29;29067;;3;2;No inventariada;;9;6;1;1;;1;1;1;;;1;998
8;5;19;29;29067;;3;2;No inventariada;;9;7;1;1;;1;1;1;;;1;998
8;5;20;29;29067;;3;2;No inventariada;;9;2;2;;;1;1;1;;;1;998
8;7;13;29;29067;;3;2;No inventariada;;9;2;2;;;1;1;1;;;1;998
8;5;15;29;29067;;3;2;No inventariada;;9;2;2;;;1;1;1;;;1;998
7;2;21;29;29067;;3;2;No inventariada;;9;2;1;1;;1;2;1;;;17;998
8;1;14;29;29067;;3;2;No inventariada;;9;2;1;2;;1;1;1;;;1;998
8;4;1;29;29067;;1;1;A-7;983,3;3;16;2;;;1;6;1;;;1;1
7;3;12;29;29067;;3;2;No inventariada;;9;4;2;;;1;1;1;;;1;998
7;3;15;29;29067;;3;2;No inventariada;;9;4;2;;;1;1;1;;;1;998
7;5;9;29;29067;;3;2;No inventariada;;9;2;2;;;1;1;1;;;1;998
8;6;19;29;29067;;3;2;No inventariada;;9;4;2;;;1;1;1;;;1;998
6;6;21;29;29067;;3;2;No inventariada;;9;3;2;;;1;1;1;;;1;998
7;4;20;29;29067;;3;2;No inventariada;;9;4;2;;;1;1;1;;;1;998
6;5;16;29;29067;;3;2;No inventariada;;9;10;2;;;1;1;1;;;1;998
8;2;15;29;29067;;3;2;No inventariada;;9;4;1;1;;1;1;1;;;1;998
8;7;8;29;29067;;3;2;No inventariada;;9;2;1;4;;1;1;2;;;1;998
8;5;1;29;29067;;3;2;No inventariada;;9;16;2;;;1;4;1;;;1;998
6;3;18;29;29067;;3;2;No inventariada;;9;2;2;;;1;1;1;;;1;998
8;4;11;29;29067;;3;2;No inventariada;;9;10;1;2;;1;1;1;;;1;998
5;5;19;29;29067;;3;2;No inventariada;;9;2;2;;;1;1;1;;;1;998
8;5;15;29;29067;;3;2;No inventariada;;9;2;1;5;;1;1;1;;;1;998
8;6;4;29;29067;;3;2;No inventariada;;9;7;1;3;;1;4;1;;;1;998
8;5;16;29;29067;;3;2;No inventariada;;9;4;2;;;1;1;1;;;1;998
8;3;18;29;29067;;3;2;No inventariada;;9;2;1;1;;1;1;1;;;1;998
8;4;20;29;29067;;3;2;No inventariada;;9;2;1;1;;1;1;1;;;1;998
8;1;1;29;29067;;3;2;No inventariada;;9;10;1;3;;3;4;1;;;1;998
8;1;15;29;29067;;3;2;No inventariada;;9;2;1;3;;1;1;1;;;1;998
8;2;9;29;29067;;3;2;No inventariada;;9;7;1;2;;1;1;1;;;1;998
8;2;13;29;29067;;3;2;No inventariada;;9;10;2;;;1;1;1;;;3;998
8;4;12;29;29067;;3;2;No inventariada;;9;10;1;4;;4;1;1;;;1;998
8;4;15;29;29067;;3;2;No inventariada;;9;4;2;;;1;1;1;;;1;998
8;4;16;29;29067;;3;2;No inventariada;;9;7;2;;;1;1;1;;;1;998
8;5;3;29;29067;;3;2;No inventariada;;9;12;2;;;1;4;1;;;1;998
8;5;14;29;29067;;3;2;No inventariada;;9;2;1;3;;1;1;1;;;1;998
8;5;17;29;29067;;3;2;No inventariada;;9;10;2;;;1;1;1;;;1;998
6;5;12;29;29067;;3;2;No inventariada;;9;2;1;2;;1;1;1;;;1;998
6;1;22;29;29067;;3;2;No inventariada;;9;10;1;2;;1;4;1;;;1;998
6;6;18;29;29067;;3;2;No inventariada;;9;2;1;2;;1;1;1;;;1;998
7;3;5;29;29067;;3;2;No inventariada;;9;5;1;2;;1;4;1;;;1;998
6;2;21;29;29067;;3;2;No inventariada;;9;2;1;1;;1;1;1;;;1;998
7;4;16;29;29067;;3;2;No inventariada;;9;10;2;;;3;1;1;;;1;998
8;5;23;29;29067;;3;2;No inventariada;;9;1;2;;;1;1;1;;;1;998
7;6;1;29;29067;;3;2;No inventariada;;9;4;2;;;1;4;1;;;1;998
8;6;3;29;29067;;3;2;No inventariada;;9;2;1;1;;1;1;1;;;1;998
7;5;16;29;29067;;3;2;No inventariada;;9;3;1;4;;1;1;1;;;1;998
8;2;19;29;29067;;3;2;No inventariada;;9;7;2;;;1;1;1;;;1;998
8;1;11;29;29067;;3;2;No inventariada;;9;2;2;;;1;1;1;;;1;998
8;1;8;29;29067;;3;2;No inventariada;;9;4;1;5;;1;1;1;;;1;998
6;5;20;29;29067;;3;2;No inventariada;;9;16;1;4;;1;1;1;;;1;998
6;6;12;29;29067;;3;2;No inventariada;;9;2;1;1;;1;1;1;;;17;998
6;6;19;29;29067;;3;2;No inventariada;;9;7;1;4;;1;1;1;;;1;998
8;5;14;29;29067;;1;1;MA-24;3,562;3;10;2;;;1;1;1;;;1;1
7;3;17;29;29067;;3;2;No inventariada;;9;2;2;;;1;1;1;;;1;998
8;5;22;29;29067;;3;2;No inventariada;;9;4;2;;;1;1;1;;;1;998
8;7;0;29;29067;;3;2;No inventariada;;9;2;1;4;;1;4;1;;;1;998
8;1;22;29;29067;;3;2;No inventariada;;9;2;2;;;1;4;1;;;1;998
8;2;14;29;29067;;3;2;No inventariada;;9;2;1;4;;1;1;1;;;1;998
8;3;17;29;29067;;3;2;No inventariada;;9;2;1;1;;1;1;1;;;1;998
7;6;17;29;29067;;3;2;No inventariada;;9;2;2;;;1;1;1;;;1;998
8;5;11;29;29067;;3;2;No inventariada;;9;7;2;;;1;1;1;;;1;998
6;5;9;29;29067;;3;2;No inventariada;;9;3;2;;;1;1;1;;;1;998
6;1;17;29;29067;;3;2;No inventariada;;9;3;2;;;1;1;1;;;1;998
8;3;13;29;29067;;3;2;No inventariada;;9;10;1;4;;7;1;1;;;1;998
8;3;17;29;29067;;3;2;No inventariada;;9;20;1;4;;1;1;1;;;1;998
8;5;13;29;29067;;3;2;No inventariada;;9;10;2;;;1;1;1;;;1;998
8;4;0;29;29067;;3;2;No inventariada;;9;20;1;4;;1;4;1;;;1;998
8;7;23;29;29067;;3;2;No inventariada;;9;10;2;;;3;4;1;;;1;998
8;4;16;29;29067;;3;2;No inventariada;;9;10;2;;;1;1;1;;;1;998
8;5;0;29;29067;;3;2;No inventariada;;9;1;1;1;;1;4;1;;;1;998
7;3;15;29;29067;;3;2;No inventariada;;9;4;2;;;1;1;1;;;1;998
6;1;21;29;29067;;3;2;No inventariada;;9;2;1;1;;1;4;1;;;1;998
8;4;20;29;29067;;3;2;No inventariada;;9;2;1;5;;1;1;1;;;1;998
7;1;20;29;29067;;3;2;No inventariada;;9;2;1;4;;1;1;1;;;1;998
4;1;16;29;29067;;3;2;No inventariada;;9;9;2;;;1;1;1;;;1;998
8;5;12;29;29067;;3;2;No inventariada;;9;3;2;;;1;1;1;;;1;998
8;5;17;29;29067;;3;2;No inventariada;;9;2;1;1;;1;1;1;;;1;998
8;6;19;29;29067;;3;2;No inventariada;;9;2;2;;;1;1;1;;;1;998
8;6;19;29;29067;;3;2;No inventariada;;9;2;1;5;;1;1;1;;;1;998
8;6;21;29;29067;;3;2;No inventariada;;9;1;2;;;1;1;1;;;1;998