MES;DIA_SEMANA;HORA;COD_PROVINCIA;COD_MUNICIPIO;ISLA;ZONA;ZONA_AGRUPADA;CARRETERA;KM;TIPO_VIA;TIPO_ACCIDENTE;NUDO;NUDO_INFO;CARRETERA_CRUCE;CONDICION_FIRME;CONDICION_ILUMINACION;CONDICION_METEO;CONDICION_NIEBLA;CONDICION_VIENTO;VISIB_RESTRINGIDA_POR;TRAZADO_PLANTA
8;7;9;29;29067;;3;2;No inventariada;;9;4;2;;;1;1;1;;;1;998
8;6;20;29;29067;;3;2;No inventariada;;9;7;2;;;1;1;1;;;6;998
8;3;8;29;29067;;3;2;No inventariada;;9;4;2;;;1;1;1;;;1;998
7;4;10;29;29067;;3;2;No inventariada;;9;2;2;;;1;1;1;;;1;998
8;3;17;29;29067;;3;2;No inventariada;;9;10;2;;;1;1;1;;;1;998
8;5;8;29;29067;;3;2;No inventariada;;9;15;1;4;;7;1;1;;;1;998
8;6;15;29;29067;;3;2;No inventariada;;9;2;1;4;;1;1;1;;;1;998
8;5;17;29;29067;;3;2;No inventariada;;9;2;2;;;1;1;1;;;1;998
8;1;16;29;29067;;3;2;No inventariada;;9;2;1;4;;1;1;1;;;1;998
8;6;13;29;29067;;3;2;No inventariada;;9;3;2;;;1;1;1;;;1;998
7;5;17;29;29067;;3;2;No inventariada;;9;2;2;;;1;1;1;;;1;998
8;1;10;29;29067;;3;2;No inventariada;;9;20;2;;;1;1;1;;;1;998
8;1;11;29;29067;;3;2;No inventariada;;9;10;1;1;;1;1;1;;;1;998
8;4;16;29;29067;;3;2;No inventariada;;9;2;1;4;;1;1;1;;;1;998
8;1;12;29;29067;;3;2;No inventariada;;9;3;1;4;;1;1;1;;;1;998
8;1;20;29;29067;;3;2;No inventariada;;9;3;1;1;;1;1;1;;;1;998
8;1;12;29;29067;;3;2;No inventariada;;9;2;2;;;1;1;1;;;1;998
8;1;19;29;29067;;3;2;No inventariada;;9;2;1;4;;1;1;1;;;1;998
8;2;18;29;29067;;3;2;No inventariada;;9;2;2;;;1;1;1;;;1;998
8;2;17;29;29067;;3;2;No inventariada;;9;4;2;;;1;1;1;;;1;998
8;4;12;29;29067;;1;1;A-45;141,845;3;4;2;;;1;1;1;;;1;1
8;3;10;29;29067;;3;2;No inventariada;;9;2;2;;;1;1;1;;;1;998
8;4;22;29;29067;;3;2;No inventariada;;9;4;1;5;;1;4;1;;;1;998
8;4;20;29;29067;;3;2;No inventariada;;9;2;1;4;;1;1;1;;;1;998
8;5;9;29;29067;;1;1;MA-20;1,5;3;2;1;4;MA-20;1;1;1;;;1;1
6;6;16;29;29067;;3;2;No inventariada;;9;7;2;;;1;1;1;;;1;998
8;6;2;29;29067;;3;2;No inventariada;;9;2;2;;;1;4;1;;;1;998
8;6;1;29;29067;;3;2;No inventariada;;9;5;1;2;;1;4;1;;;1;998
8;6;21;29;29067;;3;2;No inventariada;;9;10;2;;;1;1;1;;;1;998
8;7;9;29;29067;;3;2;No inventariada;;9;4;2;;;1;1;1;;;1;998
8;7;16;29;29067;;3;2;No inventariada;;9;2;1;3;;1;1;1;;;1;998
8;1;13;29;29067;;3;2;No inventariada;;9;2;1;3;;1;1;1;;;1;998
8;6;17;29;29067;;3;2;No inventariada;;9;4;2;;;1;1;1;;;1;998
8;3;14;29;29067;;3;2;No inventariada;;9;4;1;2;;1;1;1;;;1;998
8;1;21;29;29067;;3;2;No inventariada;;9;2;1;5;;1;4;1;;;1;998
8;2;11;29;29067;;3;2;No inventariada;;9;4;1;2;;1;1;1;;;1;998
8;2;16;29;29067;;3;2;No inventariada;;9;4;2;;;1;1;1;;;1;998
8;7;13;29;29067;;3;2;No inventariada;;9;4;2;;;1;1;1;;;1;998
8;1;21;29;29067;;3;2;No inventariada;;9;2;1;2;;1;4;1;;;1;998
8;2;12;29;29067;;3;2;No inventariada;;9;7;2;;;1;1;1;;;1;998
8;6;3;29;29067;;1;1;A-7000;25;6;18;2;;;1;6;1;;;1;2
8;2;15;29;29067;;3;2;No inventariada;;9;6;2;;;1;1;1;;;1;998
8;3;14;29;29067;;3;2;No inventariada;;9;2;2;;;1;1;1;;;1;998
8;6;12;29;29067;;3;2;No inventariada;;9;2;1;3;;1;1;1;;;1;998
8;2;19;29;29067;;3;2;No inventariada;;9;10;2;;;1;1;2;;;1;998
8;3;21;29;29067;;3;2;No inventariada;;9;2;2;;;1;4;1;;;1;998
8;2;11;29;29067;;3;2;No inventariada;;9;4;1;1;;1;1;1;;;1;998
8;2;23;29;29067;;3;2;No inventariada;;9;10;2;;;1;4;1;;;1;998
8;3;19;29;29067;;3;2;No inventariada;;9;3;2;;;1;1;1;;;1;998
8;6;15;29;29067;;3;2;No inventariada;;9;4;1;3;;1;1;1;;;1;998
8;7;4;29;29067;;3;2;No inventariada;;9;2;1;3;;1;4;1;;;1;998
8;3;7;29;29067;;1;1;MA-24;5,1;3;19;2;;;1;1;1;;;1;2
8;7;12;29;29067;;3;2;No inventariada;;9;2;1;3;;1;1;1;;;1;998
8;2;17;29;29067;;3;2;No inventariada;;9;1;2;;;1;1;1;;;1;998
8;3;1;29;29067;;3;2;No inventariada;;9;7;2;;;1;4;1;;;1;998
8;5;15;29;29067;;3;2;No inventariada;;9;2;1;1;;1;1;1;;;9;998
8;5;15;29;29067;;3;2;No inventariada;;9;2;2;;;1;1;1;;;1;998
8;3;3;29;29067;;3;2;No inventariada;;9;5;2;;;1;3;1;;;1;998
8;5;15;29;29067;;3;2;No inventariada;;9;12;2;;;1;1;1;;;1;998
8;6;23;29;29067;;3;2;No inventariada;;9;2;1;1;;1;4;1;;;1;998
8;2;19;29;29067;;3;2;No inventariada;;9;7;1;1;;1;1;1;;;1;998
8;2;10;29;29067;;3;2;No inventariada;;9;4;1;3;;1;1;1;;;1;998
8;5;13;29;29067;;3;2;No inventariada;;9;3;2;;;1;1;1;;;1;998
8;2;14;29;29067;;3;2;No inventariada;;9;10;1;4;;7;1;1;;;1;998
8;3;18;29;29067;;3;2;No inventariada;;9;3;1;2;;1;1;1;;;1;998
8;7;20;29;29067;;3;2;No inventariada;;9;10;1;2;;1;1;1;;;1;998
8;3;3;29;29067;;3;2;No inventariada;;9;3;1;1;;1;4;1;;;1;998
8;2;13;29;29067;;3;2;No inventariada;;9;4;2;;;1;1;1;;;1;998
8;3;0;29;29067;;3;2;No inventariada;;9;10;1;2;;1;3;1;;;1;998
7;1;1;29;29067;;3;2;No inventariada;;9;2;1;1;;1;3;1;;;1;998
8;1;0;29;29067;;3;2;No inventariada;;9;2;1;3;;1;4;1;;;1;998
8;4;12;29;29067;;3;2;No inventariada;;9;2;1;2;;1;1;1;;;1;998
8;5;16;29;29067;;3;2;No inventariada;;9;2;2;;;1;1;1;;;1;998
8;5;11;29;29067;;3;2;No inventariada;;9;7;2;;;1;1;1;;;1;998
8;5;9;29;29067;;3;2;No inventariada;;9;2;1;3;;1;1;1;;;6;998
8;5;14;29;29067;;3;2;No inventariada;;9;7;1;2;;1;1;1;;;2;998
8;4;9;29;29067;;3;2;No inventariada;;9;2;1;4;;1;1;1;;;1;998
8;5;16;29;29067;;3;2;No inventariada;;9;4;2;;;1;1;1;;;1;998
8;7;1;29;29067;;3;2;No inventariada;;9;4;1;5;;1;4;1;;;1;998
8;1;13;29;29067;;3;2;No inventariada;;9;2;1;1;;1;1;1;;;1;998
8;1;22;29;29067;;3;2;No inventariada;;9;2;1;2;;1;4;1;;;1;998
8;3;22;29;29067;;3;2;No inventariada;;9;2;1;4;;1;4;1;;;1;998
8;2;11;29;29067;;3;2;No inventariada;;9;10;2;;;3;1;1;;;1;998
8;2;13;29;29067;;3;2;No inventariada;;9;10;2;;;3;1;1;;;1;998
8;2;14;29;29067;;3;2;No inventariada;;9;3;2;;;1;1;1;;;1;998
8;3;1;29;29067;;3;2;No inventariada;;9;4;1;1;;1;4;1;;;1;998
8;3;15;29;29067;;3;2;No inventariada;;9;3;2;;;1;1;1;;;1;998
8;4;19;29;29067;;3;2;No inventariada;;9;2;1;1;;1;1;1;;;1;998
8;7;10;29;29067;;1;1;A-7;988,567;3;4;2;;;1;1;1;;;1;1
8;5;13;29;29067;;3;2;No inventariada;;9;7;1;1;;1;1;1;;;1;998
8;7;19;29;29067;;1;1;MA-20;9,286;3;12;2;;;1;4;1;;;1;1
8;3;6;29;29067;;3;2;No inventariada;;9;10;1;4;;2;3;1;;;1;998
8;7;19;29;29067;;3;2;No inventariada;;9;4;2;;;1;1;1;;;1;998
8;7;21;29;29067;;3;2;No inventariada;;9;10;2;;;1;3;1;;;1;998
8;3;19;29;29067;;3;2;No inventariada;;9;3;1;2;;1;2;1;;;6;998
8;2;0;29;29067;;3;2;No inventariada;;9;19;2;;;1;4;1;;;1;998
8;4;19;29;29067;;3;2;No inventariada;;9;6;2;;;1;1;1;;;1;998
8;6;22;29;29067;;3;2;No inventariada;;9;4;2;;;1;5;1;;;1;998
8;7;14;29;29067;;3;2;No inventariada;;9;2;2;;;1;1;1;;;1;998
8;5;23;29;29067;;3;2;No inventariada;;9;2;1;1;;1;4;1;;;1;998
8;1;15;29;29067;;3;2;No inventariada;;9;2;1;3;;1;1;1;;;1;998
8;1;10;29;29067;;3;2;No inventariada;;9;10;1;4;;3;1;3;;;1;998
7;6;20;29;29067;;3;2;No inventariada;;9;16;1;4;;1;1;1;;;1;998
8;1;18;29;29067;;3;2;No inventariada;;9;4;2;;;1;1;1;;;1;998
8;1;14;29;29067;;3;2;No inventariada;;9;3;1;4;;1;1;1;;;1;998
8;1;15;29;29067;;3;2;No inventariada;;9;19;2;;;1;1;1;;;1;998
8;2;0;29;29067;;3;2;No inventariada;;9;1;1;1;;1;4;1;;;1;998
8;6;6;29;29067;;3;2;No inventariada;;9;2;1;4;;1;4;1;;;17;998
8;5;17;29;29067;;3;2;No inventariada;;9;19;2;;;1;1;1;;;1;998
8;3;1;29;29067;;3;2;No inventariada;;9;2;1;1;;1;4;1;;;9;998
8;3;14;29;29067;;3;2;No inventariada;;9;4;1;1;;1;1;1;;;1;998
8;3;20;29;29067;;3;2;No inventariada;;9;7;2;;;1;1;1;;;1;998
8;3;22;29;29067;;3;2;No inventariada;;9;2;1;1;;1;4;1;;;9;998
8;4;7;29;29067;;3;2;No inventariada;;9;20;2;;;1;2;1;;;1;998
8;4;23;29;29067;;3;2;No inventariada;;9;7;2;;;1;4;1;;;1;998
8;7;1;29;29067;;3;2;No inventariada;;9;4;1;4;;1;4;1;;;1;998
8;7;7;29;29067;;3;2;No inventariada;;9;7;2;;;1;1;1;;;1;998
8;1;18;29;29067;;3;2;No inventariada;;9;20;2;;;1;1;1;;;1;998
8;3;9;29;29067;;3;2;No inventariada;;9;12;2;;;1;1;1;;;1;998
8;1;17;29;29067;;3;2;No inventariada;;9;2;1;4;;1;1;1;;;1;998
8;1;0;29;29067;;3;2;No inventariada;;9;7;2;;;1;4;1;;;1;998
8;5;20;29;29067;;3;2;No inventariada;;9;4;2;;;1;1;1;;;1;998
8;3;14;29;29067;;3;2;No inventariada;;9;4;1;4;;1;1;1;;;1;998
8;1;3;29;29067;;3;2;No inventariada;;9;10;2;;;1;4;1;;;1;998
8;7;14;29;29067;;3;2;No inventariada;;9;2;2;;;1;1;1;;;1;998
8;5;4;29;29067;;3;2;No inventariada;;9;6;1;4;;1;4;1;;;17;998
8;5;15;29;29067;;1;1;A-7054;3,346;6;2;1;1;A-357;1;1;1;;;1;3
8;5;8;29;29067;;3;2;No inventariada;;9;2;1;3;;1;1;1;;;1;998
8;5;17;29;29067;;3;2;No inventariada;;9;10;1;2;;1;1;1;;;1;998
8;5;18;29;29067;;1;1;MA-20;9,8;3;4;2;;;1;4;1;;;1;1
8;4;20;29;29067;;3;2;No inventariada;;9;10;2;;;1;1;1;;;1;998
7;3;22;29;29067;;3;2;No inventariada;;9;2;2;;;1;4;1;;;1;998
8;6;14;29;29067;;3;2;No inventariada;;9;2;1;3;;1;1;1;;;1;998
8;5;11;29;29067;;3;2;No inventariada;;9;10;1;3;;7;1;1;;;1;998
8;4;2;29;29067;;3;2;No inventariada;;9;6;2;;;1;4;1;;;1;998
8;5;9;29;29067;;3;2;No inventariada;;9;10;2;;;2;1;1;;;1;998
8;5;14;29;29067;;3;2;No inventariada;;9;2;2;;;1;1;1;;;1;998
8;6;22;29;29067;;3;2;No inventariada;;9;2;1;5;;1;1;1;;;1;998
8;5;15;29;29067;;3;2;No inventariada;;9;4;2;;;1;1;1;;;1;998
8;2;13;29;29067;;3;2;No inventariada;;9;3;2;;;1;1;1;;;1;998
8;2;13;29;29067;;3;2;No inventariada;;9;1;1;2;;1;1;1;;;1;998
8;4;14;29;29067;;3;2;No inventariada;;9;3;2;;;1;1;1;;;1;998
8;5;14;29;29067;;3;2;No inventariada;;9;2;2;;;1;1;1;;;1;998
8;6;16;29;29067;;3;2;No inventariada;;9;2;2;;;1;1;1;;;1;998
9;1;12;29;29067;;3;2;No inventariada;;9;3;2;;;1;1;1;;;1;998
8;5;19;29;29067;;3;2;No inventariada;;9;19;2;;;1;1;1;;;1;998
8;1;14;29;29067;;3;2;No inventariada;;9;2;2;;;1;1;7;;;1;998
8;2;9;29;29067;;3;2;No inventariada;;9;10;1;1;;3;1;1;;;1;998
8;2;9;29;29067;;3;2;No inventariada;;9;10;1;1;;3;1;1;;;1;998
8;2;9;29;29067;;3;2;No inventariada;;9;20;2;;;3;1;1;;;1;998
8;7;16;29;29067;;3;2;No inventariada;;9;3;2;;;1;1;1;;;1;998
8;6;16;29;29067;;3;2;No inventariada;;9;10;1;1;;1;1;1;;;1;998
8;1;14;29;29067;;3;2;No inventariada;;9;3;2;;;1;1;1;;;1;998
8;2;20;29;29067;;3;2;No inventariada;;9;4;2;;;1;1;1;;;1;998
8;3;16;29;29067;;3;2;No inventariada;;9;2;1;4;;1;1;1;;;1;998
8;3;16;29;29067;;3;2;No inventariada;;9;10;2;;;7;1;1;;;1;998
9;1;9;29;29067;;3;2;No inventariada;;9;2;2;;;1;1;1;;;1;998
8;4;13;29;29067;;3;2;No inventariada;;9;10;1;4;;1;1;1;;;1;998
8;3;12;29;29067;;3;2;No inventariada;;9;4;2;;;1;1;1;;;1;998
8;6;10;29;29067;;3;2;No inventariada;;9;2;2;;;1;1;1;;;1;998
8;2;17;29;29067;;3;2;No inventariada;;9;7;2;;;1;1;1;;;1;998
9;1;13;29;29067;;3;2;No inventariada;;9;4;2;;;1;1;1;;;1;998
8;5;5;29;29067;;3;2;No inventariada;;9;10;1;1;;3;4;3;;;1;998
8;3;12;29;29067;;3;2;No inventariada;;9;2;2;;;1;1;1;;;1;998
9;3;2;29;29067;;3;2;No inventariada;;9;4;2;;;1;4;1;;;1;998
8;6;19;29;29067;;3;2;No inventariada;;9;4;2;;;1;1;1;;;1;998
8;5;1;29;29067;;3;2;No inventariada;;9;2;1;4;;1;4;1;;;1;998
8;4;20;29;29067;;3;2;No inventariada;;9;12;1;5;;1;1;1;;;1;998
8;3;20;29;29067;;3;2;No inventariada;;9;2;2;;;1;1;1;;;1;998
8;5;22;29;29067;;3;2;No inventariada;;9;4;1;1;;1;4;1;;;1;998
8;7;9;29;29067;;3;2;No inventariada;;9;10;2;;;7;1;1;;;1;998
8;3;13;29;29067;;3;2;No inventariada;;9;4;2;;;1;1;7;;;1;998
8;5;11;29;29067;;3;2;No inventariada;;9;1;2;;;1;1;1;;;1;998
7;2;20;29;29067;;3;2;No inventariada;;9;10;2;;;1;1;1;;;1;998
9;4;12;29;29067;;1;1;A-7;985,205;3;3;2;;;1;1;1;;;18;1
8;2;8;29;29067;;3;2;No inventariada;;9;7;2;;;1;1;1;;;6;998
8;1;7;29;29067;;3;2;No inventariada;;9;7;2;;;1;2;1;;;1;998
8;6;19;29;29067;;3;2;No inventariada;;9;2;1;4;;1;1;1;;;1;998
9;1;13;29;29067;;3;2;No inventariada;;14;7;2;;;1;4;1;;;1;998
9;1;18;29;29067;;3;2;No inventariada;;9;2;1;1;;1;1;1;;;1;998
9;1;12;29;29067;;3;2;No inventariada;;9;20;2;;;1;1;1;;;1;998
9;3;11;29;29067;;3;2;No inventariada;;9;19;2;;;1;1;1;;;1;998
9;7;17;29;29067;;3;2;No inventariada;;9;3;2;;;1;1;1;;;1;998
8;7;15;29;29067;;3;2;No inventariada;;9;5;2;;;1;1;1;;;1;998
8;4;11;29;29067;;3;2;No inventariada;;9;2;2;;;1;1;1;;;1;998
8;1;19;29;29067;;3;2;No inventariada;;9;3;2;;;1;1;1;;;1;998
9;4;11;29;29067;;3;2;No inventariada;;9;5;2;;;1;1;1;;;1;998
9;1;1;29;29067;;3;2;No inventariada;;9;2;1;3;;1;4;1;;;1;998
8;2;10;29;29067;;3;2;No inventariada;;9;3;2;;;1;1;1;;;1;998
9;5;20;29;29067;;3;2;No inventariada;;9;2;2;;;1;1;1;;;1;998
9;1;10;29;29067;;3;2;No inventariada;;9;2;1;3;;1;1;1;;;1;998
9;2;13;29;29067;;3;2;No inventariada;;9;2;2;;;1;1;1;;;1;998
9;2;18;29;29067;;3;2;No inventariada;;9;2;2;;;1;1;1;;;1;998
9;3;12;29;29067;;3;2;No inventariada;;9;2;2;;;1;1;1;;;1;998
9;1;11;29;29067;;3;2;No inventariada;;9;2;1;3;;1;1;1;;;1;998
9;3;22;29;29067;;3;2;No inventariada;;9;4;1;1;;1;5;1;;;17;998
9;1;11;29;29067;;3;2;No inventariada;;9;2;1;3;;1;1;1;;;1;998
9;2;15;29;29067;;3;2;No inventariada;;9;2;1;3;;1;1;1;;;1;998
8;2;11;29;29067;;3;2;No inventariada;;9;3;2;;;1;1;1;;;1;998
8;1;23;29;29067;;3;2;No inventariada;;9;2;1;2;;1;1;1;;;1;998
8;6;6;29;29067;;3;2;No inventariada;;9;4;2;;;1;5;1;;;1;998
9;3;12;29;29067;;3;2;No inventariada;;9;2;1;3;;1;1;1;;;1;998
9;6;10;29;29067;;3;2;No inventariada;;9;4;2;;;1;1;1;;;1;998
9;5;13;29;29067;;3;2;No inventariada;;9;16;2;;;1;1;1;;;1;998
8;2;23;29;29067;;3;2;No inventariada;;9;4;2;;;1;4;1;;;1;998
8;3;21;29;29067;;3;2;No inventariada;;9;4;2;;;1;4;1;;;1;998
8;3;16;29;29067;;3;2;No inventariada;;9;10;1;2;;3;1;1;;;1;998
8;3;13;29;29067;;3;2;No inventariada;;9;10;2;;;1;1;1;;;1;998
9;6;21;29;29067;;1;1;A-7;976,9;3;9;2;;;3;6;3;;;1;1
9;7;1;29;29067;;3;2;No inventariada;;9;2;1;3;;3;4;3;;;17;998
9;6;13;29;29067;;3;2;No inventariada;;9;2;2;;;1;1;2;;;1;998
8;4;11;29;29067;;3;2;No inventariada;;9;2;1;1;;1;1;1;;;1;998
9;1;1;29;29067;;3;2;No inventariada;;9;12;2;;;3;4;1;;;1;998
9;2;9;29;29067;;1;1;MA-20;12,5;3;4;1;11;A-7;1;1;1;;;1;2
9;2;8;29;29067;;3;2;No inventariada;;9;4;2;;;1;1;1;;;6;998
9;3;16;29;29067;;3;2;No inventariada;;9;2;1;2;;1;1;1;;;1;998
9;4;12;29;29067;;3;2;No inventariada;;9;4;2;;;1;1;1;;;1;998
9;4;20;29;29067;;3;2;No inventariada;;9;4;1;4;;1;1;1;;;1;998
9;5;6;29;29067;;3;2;No inventariada;;9;2;1;1;;1;4;1;;;1;998
9;7;4;29;29067;;3;2;No inventariada;;9;12;2;;;1;4;1;;;1;998
1;4;15;29;29067;;3;2;No inventariada;;9;4;2;;;1;1;1;;;1;998
9;1;15;29;29067;;3;2;No inventariada;;9;4;2;;;1;1;1;;;1;998
8;4;20;29;29067;;3;2;No inventariada;;11;4;1;2;;1;1;1;;;1;998
9;6;21;29;29067;;3;2;No inventariada;;9;1;2;;;3;4;3;;;1;998
8;6;20;29;29067;;3;2;No inventariada;;9;4;2;;;1;1;1;;;1;998
9;1;14;29;29067;;3;2;No inventariada;;9;2;1;1;;1;1;1;;;1;998
9;5;14;29;29067;;3;2;No inventariada;;9;4;2;;;1;1;1;;;1;998
9;2;15;29;29067;;3;2;No inventariada;;9;4;2;;;1;1;1;;;1;998
9;3;14;29;29067;;3;2;No inventariada;;9;2;1;1;;1;1;1;;;1;998
8;3;20;29;29067;;3;2;No inventariada;;9;1;2;;;1;1;1;;;1;998
9;2;15;29;29067;;3;2;No inventariada;;9;7;2;;;1;1;1;;;1;998
8;2;19;29;29067;;3;2;No inventariada;;9;4;1;1;;1;1;1;;;1;998
9;1;16;29;29067;;3;2;No inventariada;;9;2;1;1;;1;1;1;;;1;998
8;6;16;29;29067;;3;2;No inventariada;;9;3;2;;;1;1;1;;;18;998
9;6;22;29;29067;;3;2;No inventariada;;9;5;2;;;3;4;2;;;1;998
9;4;14;29;29067;;3;2;No inventariada;;9;2;2;;;1;1;1;;;1;998
8;7;21;29;29067;;3;2;No inventariada;;9;4;2;;;1;4;1;;;1;998
9;5;12;29;29067;;3;2;No inventariada;;9;3;2;;;1;1;1;;;1;998
9;2;18;29;29067;;3;2;No inventariada;;9;19;2;;;1;1;1;;;1;998
9;5;20;29;29067;;3;2;No inventariada;;9;1;2;;;1;4;1;;;1;998
9;6;2;29;29067;;3;2;No inventariada;;9;9;1;4;;1;4;1;;;1;998
9;3;20;29;29067;;3;2;No inventariada;;9;4;2;;;1;1;1;;;1;998
9;4;21;29;29067;;3;2;No inventariada;;9;4;2;;;1;4;1;;;1;998
9;4;22;29;29067;;3;2;No inventariada;;9;10;2;;;1;4;1;;;1;998
9;5;15;29;29067;;3;2;No inventariada;;9;2;1;3;;1;1;1;;;1;998
9;5;18;29;29067;;3;2;No inventariada;;9;10;2;;;1;1;1;;;1;998
9;5;20;29;29067;;3;2;No inventariada;;9;4;2;;;1;4;1;;;1;998
9;3;11;29;29067;;3;2;No inventariada;;9;4;2;;;1;1;1;;;1;998
9;6;4;29;29067;;3;2;No inventariada;;9;16;2;;;3;4;1;;;1;998
8;1;18;29;29067;;3;2;No inventariada;;9;2;1;4;;1;1;1;;;1;998
9;7;17;29;29067;;3;2;No inventariada;;9;12;1;1;;1;1;1;;;1;998
9;4;18;29;29067;;3;2;No inventariada;;9;7;2;;;1;1;1;;;6;998
9;2;10;29;29067;;3;2;No inventariada;;9;10;2;;;7;1;1;;;1;998
9;2;18;29;29067;;3;2;No inventariada;;9;3;1;2;;1;1;1;;;1;998
9;3;19;29;29067;;3;2;No inventariada;;9;2;1;4;;1;2;1;;;1;998
8;7;18;29;29067;;3;2;No inventariada;;9;10;1;2;;1;1;1;;;1;998
9;7;18;29;29067;;3;2;No inventariada;;9;2;1;2;;1;1;1;;;1;998
9;4;0;29;29067;;3;2;No inventariada;;9;4;2;;;1;4;1;;;1;998
8;6;0;29;29067;;3;2;No inventariada;;9;7;2;;;1;4;1;;;1;998
9;1;19;29;29067;;3;2;No inventariada;;9;7;2;;;1;1;1;;;1;998
9;2;7;29;29067;;1;1;A-7054;3,2;6;2;1;2;A-357;1;2;1;;;1;1
9;1;19;29;29067;;3;2;No inventariada;;9;2;2;;;1;1;1;;;1;998
9;4;12;29;29067;;3;2;No inventariada;;9;4;2;;;1;1;1;;;1;998
9;4;18;29;29067;;3;2;No inventariada;;9;4;2;;;1;1;1;;;1;998
9;5;14;29;29067;;3;2;No inventariada;;9;2;2;;;1;1;1;;;1;998
9;6;14;29;29067;;3;2;No inventariada;;9;7;2;;;1;1;1;;;1;998
9;3;19;29;29067;;3;2;No inventariada;;9;4;2;;;1;1;1;;;1;998
9;3;12;29;29067;;3;2;No inventariada;;9;4;2;;;1;1;1;;;1;998
9;2;20;29;29067;;3;2;No inventariada;;9;7;1;1;;3;2;3;;;5;998
8;6;8;29;29067;;3;2;No inventariada;;9;16;1;2;;1;1;1;;;1;998
9;2;15;29;29067;;3;2;No inventariada;;9;4;2;;;1;1;1;;;1;998
9;5;13;29;29067;;3;2;No inventariada;;9;4;2;;;1;1;1;;;1;998
9;1;19;29;29067;;3;2;No inventariada;;9;10;2;;;1;1;1;;;1;998
9;1;19;29;29067;;3;2;No inventariada;;9;6;1;2;;1;1;1;;;1;998
9;6;17;29;29067;;3;2;No inventariada;;9;4;2;;;1;1;3;;;1;998
9;7;21;29;29067;;3;2;No inventariada;;9;20;2;;;1;1;1;;;1;998
9;4;14;29;29067;;3;2;No inventariada;;9;2;1;2;;1;1;1;;;1;998
9;4;9;29;29067;;3;2;No inventariada;;9;7;2;;;1;1;1;;;6;998
9;6;20;29;29067;;3;2;No inventariada;;9;4;2;;;3;1;2;;;1;998
9;2;14;29;29067;;3;2;No inventariada;;9;7;2;;;1;1;1;;;1;998
9;4;13;29;29067;;3;2;No inventariada;;9;4;1;2;;1;1;1;;;1;998
9;1;15;29;29067;;3;2;No inventariada;;9;4;2;;;1;1;1;;;1;998
9;1;9;29;29067;;3;2;No inventariada;;9;12;2;;;1;1;1;;;1;998
9;1;13;29;29067;;3;2;No inventariada;;9;10;1;4;;1;1;1;;;1;998
9;2;19;29;29067;;3;2;No inventariada;;9;2;1;2;;1;3;2;;;1;998
9;3;7;29;29067;;3;2;No inventariada;;9;2;1;1;;1;1;1;;;1;998
9;3;23;29;29067;;3;2;No inventariada;;9;2;1;4;;1;4;1;;;9;998
9;1;11;29;29067;;3;2;No inventariada;;9;3;1;4;;1;1;1;;;1;998
9;1;14;29;29067;;3;2;No inventariada;;9;7;2;;;1;1;1;;;1;998
9;2;13;29;29067;;3;2;No inventariada;;9;2;1;1;;1;4;1;;;1;998
9;2;19;29;29067;;3;2;No inventariada;;9;2;2;;;1;1;1;;;1;998
9;1;14;29;29067;;3;2;No inventariada;;9;3;1;4;;1;1;1;;;1;998
9;4;21;29;29067;;3;2;No inventariada;;9;4;2;;;1;4;1;;;1;998
9;2;15;29;29067;;3;2;No inventariada;;9;10;1;1;;1;1;1;;;1;998
9;3;23;29;29067;;3;2;No inventariada;;9;3;1;2;;1;4;1;;;1;998
9;3;20;29;29067;;3;2;No inventariada;;9;2;1;3;;1;4;1;;;1;998
9;5;15;29;29067;;3;2;No inventariada;;9;4;2;;;1;1;1;;;1;998
8;5;1;29;29067;;3;2;No inventariada;;9;2;1;2;;1;4;1;;;1;998
4;5;11;29;29067;;3;2;No inventariada;;9;7;2;;;1;1;1;;;1;998
9;3;10;29;29067;;3;2;No inventariada;;9;7;2;;;1;1;1;;;1;998