MES;DIA_SEMANA;HORA;COD_PROVINCIA;COD_MUNICIPIO;ISLA;ZONA;ZONA_AGRUPADA;CARRETERA;KM;TIPO_VIA;TIPO_ACCIDENTE;NUDO;NUDO_INFO;CARRETERA_CRUCE;CONDICION_FIRME;CONDICION_ILUMINACION;CONDICION_METEO;CONDICION_NIEBLA;CONDICION_VIENTO;VISIB_RESTRINGIDA_POR;TRAZADO_PLANTA
9;6;11;29;29067;;1;1;A-7000;19,1;6;2;2;;;3;1;3;1;;4;2
9;4;21;29;29067;;3;2;No inventariada;;9;7;2;;;1;1;1;;;1;998
9;6;11;29;29067;;3;2;No inventariada;;9;10;1;2;;3;1;3;;;5;998
9;3;20;29;29067;;3;2;No inventariada;;11;6;2;;;1;4;1;;;1;998
9;1;19;29;29067;;3;2;No inventariada;;9;10;1;4;;3;1;1;;;1;998
9;7;8;29;29067;;3;2;No inventariada;;9;7;2;;;1;1;1;;;1;998
9;7;18;29;29067;;3;2;No inventariada;;9;7;1;1;;1;1;1;;;1;998
9;5;12;29;29067;;3;2;No inventariada;;9;3;2;;;1;1;1;;;1;998
9;1;14;29;29067;;1;1;MA-20;9,698;3;4;2;;;1;4;1;;;1;1
9;1;21;29;29067;;1;1;MA-20;8,924;3;3;2;;;1;4;1;;;1;1
9;2;14;29;29067;;3;2;No inventariada;;9;2;1;2;;1;1;1;;;1;998
9;2;13;29;29067;;3;2;No inventariada;;9;10;2;;;1;1;1;;;1;998
9;1;15;29;29067;;3;2;No inventariada;;9;10;1;1;;1;1;1;;;1;998
9;1;18;29;29067;;3;2;No inventariada;;9;2;1;4;;1;1;1;;;1;998
8;1;20;29;29067;;3;2;No inventariada;;9;9;2;;;1;4;1;;;1;998
9;5;1;29;29067;;3;2;No inventariada;;9;2;1;1;;1;4;1;;;1;998
9;3;7;29;29067;;3;2;No inventariada;;9;4;1;2;;1;1;1;;;9;998
9;3;12;29;29067;;3;2;No inventariada;;9;4;2;;;1;1;1;;;1;998
9;4;13;29;29067;;3;2;No inventariada;;9;2;1;1;;1;1;1;;;1;998
9;4;19;29;29067;;3;2;No inventariada;;9;2;1;5;;1;1;1;;;1;998
9;5;18;29;29067;;3;2;No inventariada;;9;7;2;;;1;1;1;;;1;998
9;6;16;29;29067;;3;2;No inventariada;;9;2;1;1;;1;1;2;;;1;998
9;7;0;29;29067;;3;2;No inventariada;;9;3;2;;;1;4;1;;;1;998
9;1;22;29;29067;;3;2;No inventariada;;9;2;1;2;;1;4;1;;;1;998
9;5;12;29;29067;;3;2;No inventariada;;9;10;1;5;;1;1;1;;;1;998
9;5;15;29;29067;;3;2;No inventariada;;9;2;1;1;;1;1;1;;;1;998
8;4;23;29;29067;;3;2;No inventariada;;9;7;2;;;1;4;1;;;1;998
9;5;17;29;29067;;3;2;No inventariada;;9;2;1;1;;1;1;1;;;2;998
9;1;17;29;29067;;3;2;No inventariada;;9;4;2;;;1;1;1;;;1;998
9;3;19;29;29067;;3;2;No inventariada;;9;2;2;;;1;4;1;;;1;998
9;2;9;29;29067;;3;2;No inventariada;;9;10;1;5;;1;1;1;;;1;998
9;1;12;29;29067;;3;2;No inventariada;;9;2;1;1;;1;1;1;;;1;998
9;4;12;29;29067;;3;2;No inventariada;;9;2;2;;;1;1;1;;;1;998
8;7;23;29;29067;;3;2;No inventariada;;9;19;2;;;1;4;1;;;1;998
9;3;23;29;29067;;3;2;No inventariada;;9;10;2;;;1;4;1;;;1;998
9;2;11;29;29067;;3;2;No inventariada;;9;2;1;1;;1;1;1;;;1;998
9;2;20;29;29067;;3;2;No inventariada;;9;3;2;;;1;4;1;;;1;998
9;2;14;29;29067;;3;2;No inventariada;;9;20;2;;;1;1;7;;;1;998
9;5;11;29;29067;;3;2;No inventariada;;9;3;2;;;1;1;1;;;1;998
9;2;10;29;29067;;3;2;No inventariada;;9;7;2;;;1;1;1;;;1;998
9;1;18;29;29067;;3;2;No inventariada;;9;4;2;;;1;1;1;;;1;998
9;3;19;29;29067;;3;2;No inventariada;;9;4;2;;;1;1;1;;;1;998
9;7;11;29;29067;;3;2;No inventariada;;9;2;1;2;;1;1;1;;;1;998
9;5;16;29;29067;;1;1;MA-23;0,07;3;12;2;;;1;1;1;;;18;2
9;6;3;29;29067;;1;1;A-7;981;3;4;2;;;1;4;1;;;1;1
9;7;20;29;29067;;3;2;No inventariada;;9;4;2;;;1;4;1;;;1;998
9;4;13;29;29067;;3;2;No inventariada;;9;2;2;;;1;1;1;;;1;998
8;7;8;29;29067;;3;2;No inventariada;;9;4;2;;;1;1;1;;;1;998
9;1;16;29;29067;;3;2;No inventariada;;9;3;1;5;;1;4;1;;;1;998
9;3;15;29;29067;;3;2;No inventariada;;9;12;2;;;1;1;1;;;1;998
9;4;4;29;29067;;3;2;No inventariada;;9;4;2;;;1;6;1;;;1;998
9;4;9;29;29067;;3;2;No inventariada;;9;2;1;2;;1;1;1;;;1;998
9;6;18;29;29067;;3;2;No inventariada;;9;4;2;;;1;1;1;;;1;998
9;5;15;29;29067;;3;2;No inventariada;;9;7;2;;;1;1;1;;;1;998
9;5;18;29;29067;;3;2;No inventariada;;9;4;1;5;;1;1;1;;;1;998
9;5;10;29;29067;;3;2;No inventariada;;9;2;1;3;;1;1;1;;;1;998
9;5;21;29;29067;;3;2;No inventariada;;9;2;2;;;1;4;1;;;2;998
9;6;12;29;29067;;3;2;No inventariada;;9;2;1;3;;1;1;1;;;1;998
8;6;23;29;29067;;3;2;No inventariada;;9;7;2;;;1;1;1;;;1;998
9;3;9;29;29067;;3;2;No inventariada;;9;4;2;;;1;1;1;;;1;998
9;3;10;29;29067;;3;2;No inventariada;;9;2;1;1;;1;1;1;;;1;998
9;4;14;29;29067;;3;2;No inventariada;;9;7;2;;;1;1;1;;;1;998
9;5;14;29;29067;;3;2;No inventariada;;9;2;1;2;;1;1;1;;;1;998
9;4;22;29;29067;;3;2;No inventariada;;9;19;2;;;1;4;1;;;1;998
9;6;22;29;29067;;3;2;No inventariada;;9;4;2;;;1;4;1;;;1;998
9;5;21;29;29067;;3;2;No inventariada;;9;4;1;4;;1;3;1;;;1;998
9;1;15;29;29067;;3;2;No inventariada;;9;3;2;;;1;1;1;;;1;998
9;1;16;29;29067;;3;2;No inventariada;;9;2;1;3;;1;1;1;;;1;998
9;1;15;29;29067;;3;2;No inventariada;;9;20;2;;;1;1;1;;;1;998
9;4;23;29;29067;;3;2;No inventariada;;9;2;1;1;;1;5;1;;;17;998
9;6;20;29;29067;;3;2;No inventariada;;9;10;1;4;;3;4;3;;;5;998
10;2;11;29;29067;;1;1;A-7;988,551;3;18;1;12;AP-46;1;1;1;;;1;1
9;1;0;29;29067;;3;2;No inventariada;;9;12;2;;;1;4;1;;;1;998
9;2;21;29;29067;;3;2;No inventariada;;9;4;2;;;1;5;1;;;1;998
9;5;15;29;29067;;3;2;No inventariada;;9;2;1;2;;1;1;1;;;9;998
10;2;9;29;29067;;3;2;No inventariada;;9;3;1;5;;1;1;1;;;1;998
9;6;12;29;29067;;3;2;No inventariada;;9;7;2;;;1;1;1;;;1;998
9;3;16;29;29067;;3;2;No inventariada;;9;2;2;;;1;1;1;;;1;998
8;5;20;29;29067;;3;2;No inventariada;;9;7;2;;;1;1;1;;;1;998
9;6;1;29;29067;;3;2;No inventariada;;9;2;1;1;;1;4;1;;;1;998
9;7;17;29;29067;;3;2;No inventariada;;9;4;2;;;1;1;1;;;1;998
9;6;18;29;29067;;3;2;No inventariada;;9;2;1;5;;1;1;1;;;1;998
9;1;17;29;29067;;3;2;No inventariada;;9;4;2;;;1;1;1;;;1;998
10;3;6;29;29067;;1;1;MA-20;7,047;3;3;2;;;1;4;1;;;1;1
9;2;15;29;29067;;3;2;No inventariada;;9;2;1;3;;1;1;1;;;1;998
9;3;20;29;29067;;3;2;No inventariada;;9;4;2;;;1;1;1;;;1;998
9;3;12;29;29067;;3;2;No inventariada;;9;4;2;;;1;1;1;;;1;998
9;4;13;29;29067;;3;2;No inventariada;;9;10;2;;;1;1;1;;;1;998
9;5;20;29;29067;;3;2;No inventariada;;9;2;2;;;1;1;1;;;1;998
9;7;0;29;29067;;3;2;No inventariada;;9;2;1;2;;1;4;1;;;1;998
9;1;17;29;29067;;3;2;No inventariada;;9;7;2;;;1;1;1;;;1;998
10;3;10;29;29067;;3;2;No inventariada;;9;4;2;;;1;1;1;;;1;998
9;1;13;29;29067;;3;2;No inventariada;;9;4;2;;;1;1;1;;;1;998
9;2;9;29;29067;;3;2;No inventariada;;9;20;2;;;1;1;1;;;1;998
9;3;14;29;29067;;3;2;No inventariada;;9;4;2;;;1;1;1;;;1;998
9;6;14;29;29067;;3;2;No inventariada;;9;3;1;3;;1;1;1;;;1;998
9;1;18;29;29067;;3;2;No inventariada;;9;2;1;2;;1;1;1;;;1;998
9;1;17;29;29067;;3;2;No inventariada;;9;4;2;;;1;1;1;;;1;998
10;3;15;29;29067;;1;1;A-7;982,5;3;4;2;;;1;4;1;;;1;3
9;5;17;29;29067;;3;2;No inventariada;;9;2;1;1;;1;1;1;;;1;998
10;2;10;29;29067;;3;2;No inventariada;;9;10;2;;;1;1;1;;;1;998
10;4;13;29;29067;;3;2;No inventariada;;9;2;1;1;;1;1;1;;;1;998
9;5;2;29;29067;;3;2;No inventariada;;9;4;2;;;1;4;1;;;1;998
9;6;10;29;29067;;3;2;No inventariada;;9;10;2;;;1;1;1;;;1;998
9;5;17;29;29067;;3;2;No inventariada;;9;3;2;;;1;1;1;;;1;998
10;4;9;29;29067;;3;2;No inventariada;;9;3;1;4;;1;1;1;;;1;998
10;4;21;29;29067;;3;2;No inventariada;;9;2;2;;;1;4;1;;;1;998
10;5;15;29;29067;;1;1;MA-20;2,979;3;4;2;;;1;1;1;;;1;1
9;5;22;29;29067;;3;2;No inventariada;;9;2;1;3;;1;4;1;;;1;998
10;2;13;29;29067;;3;2;No inventariada;;9;4;2;;;1;1;1;;;1;998
10;3;10;29;29067;;3;2;No inventariada;;9;7;2;;;1;1;1;;;1;998
10;3;21;29;29067;;3;2;No inventariada;;9;4;2;;;1;4;1;;;1;998
10;2;23;29;29067;;3;2;No inventariada;;9;2;1;3;;1;4;1;;;9;998
10;3;9;29;29067;;3;2;No inventariada;;9;20;2;;;1;1;1;;;1;998
10;3;12;29;29067;;3;2;No inventariada;;9;2;2;;;1;1;1;;;1;998
10;2;7;29;29067;;3;2;No inventariada;;9;10;2;;;1;2;1;;;1;998
10;2;18;29;29067;;3;2;No inventariada;;9;3;2;;;1;1;1;;;1;998
10;3;15;29;29067;;3;2;No inventariada;;9;4;2;;;1;1;1;;;1;998
10;5;17;29;29067;;3;2;No inventariada;;9;7;2;;;1;1;1;;;1;998
10;4;20;29;29067;;3;2;No inventariada;;9;20;2;;;1;1;1;;;1;998
9;1;11;29;29067;;3;2;No inventariada;;9;10;2;;;1;1;1;;;1;998
10;2;18;29;29067;;3;2;No inventariada;;9;4;2;;;1;4;1;;;1;998
9;7;0;29;29067;;3;2;No inventariada;;9;7;2;;;1;4;1;;;9;998
10;4;9;29;29067;;3;2;No inventariada;;9;9;2;;;1;1;1;;;1;998
10;4;11;29;29067;;3;2;No inventariada;;9;2;1;1;;1;1;1;;;1;998
10;5;9;29;29067;;3;2;No inventariada;;9;4;1;3;;1;1;1;;;1;998
10;5;16;29;29067;;3;2;No inventariada;;9;2;1;3;;1;1;1;;;6;998
10;4;4;29;29067;;3;2;No inventariada;;9;10;2;;;7;6;1;;;14;998
10;4;20;29;29067;;3;2;No inventariada;;9;10;2;;;7;4;1;;;1;998
10;5;16;29;29067;;3;2;No inventariada;;9;12;1;1;;1;1;1;;;1;998
10;3;23;29;29067;;3;2;No inventariada;;9;7;2;;;1;4;1;;;1;998
10;7;11;29;29067;;3;2;No inventariada;;9;2;1;5;;1;1;1;;;1;998
9;3;18;29;29067;;3;2;No inventariada;;9;3;2;;;1;1;1;;;1;998
10;6;12;29;29067;;1;1;MA-22;0,27;3;3;2;;;1;1;1;;;1;1
10;4;7;29;29067;;3;2;No inventariada;;9;4;1;4;;1;2;1;;;1;998
9;1;20;29;29067;;3;2;No inventariada;;9;5;2;;;1;1;1;;;1;998
10;5;23;29;29067;;3;2;No inventariada;;9;7;2;;;1;4;1;;;9;998
9;6;11;29;29067;;3;2;No inventariada;;9;7;2;;;1;1;1;;;1;998
10;6;1;29;29067;;3;2;No inventariada;;9;10;2;;;1;1;1;;;1;998
9;5;12;29;29067;;3;2;No inventariada;;9;2;1;4;;1;1;1;;;1;998
10;4;21;29;29067;;3;2;No inventariada;;9;2;2;;;1;4;1;;;1;998
10;5;0;29;29067;;3;2;No inventariada;;9;4;2;;;1;4;1;;;1;998
8;5;20;29;29067;;3;2;No inventariada;;9;2;1;1;;1;4;1;;;1;998
9;1;16;29;29067;;3;2;No inventariada;;9;7;1;2;;1;1;1;;;1;998
9;7;19;29;29067;;3;2;No inventariada;;9;5;2;;;1;1;1;;;1;998
8;6;20;29;29067;;3;2;No inventariada;;9;4;2;;;1;1;1;;;1;998
9;6;19;29;29067;;3;2;No inventariada;;9;7;2;;;1;1;1;;;1;998
10;5;18;29;29067;;3;2;No inventariada;;9;6;2;;;1;1;1;;;1;998
10;1;22;29;29067;;3;2;No inventariada;;9;2;1;1;;1;4;3;;;1;998
10;5;2;29;29067;;3;2;No inventariada;;9;16;2;;;1;4;1;;;1;998
10;3;21;29;29067;;3;2;No inventariada;;9;10;1;1;;1;4;1;;;1;998
9;3;19;29;29067;;3;2;No inventariada;;9;4;1;4;;1;1;1;;;1;998
10;3;14;29;29067;;3;2;No inventariada;;9;2;1;5;;1;1;1;;;1;998
10;1;22;29;29067;;3;2;No inventariada;;9;9;2;;;1;4;1;;;1;998
10;3;12;29;29067;;1;1;A-7;982,5;3;4;2;;;1;4;1;;;1;2
10;4;13;29;29067;;3;2;No inventariada;;9;2;2;;;1;1;1;;;1;998
9;6;13;29;29067;;3;2;No inventariada;;9;7;2;;;1;1;2;;;1;998
10;1;19;29;29067;;3;2;No inventariada;;9;4;2;;;1;4;1;;;1;998
10;7;19;29;29067;;3;2;No inventariada;;9;3;1;4;;1;1;1;;;1;998
10;5;8;29;29067;;3;2;No inventariada;;9;4;2;;;1;4;1;;;1;998
10;5;6;29;29067;;3;2;No inventariada;;9;1;1;1;;1;4;1;;;1;998
10;2;16;29;29067;;3;2;No inventariada;;9;2;1;1;;1;1;1;;;1;998
10;7;15;29;29067;;3;2;No inventariada;;9;4;2;;;1;1;1;;;1;998
10;1;0;29;29067;;3;2;No inventariada;;9;10;1;4;;3;4;1;;;1;998
10;1;12;29;29067;;3;2;No inventariada;;9;4;2;;;1;1;1;;;1;998
10;1;13;29;29067;;3;2;No inventariada;;9;7;2;;;1;1;1;;;1;998
10;1;15;29;29067;;3;2;No inventariada;;9;4;2;;;1;1;1;;;1;998
10;5;10;29;29067;;3;2;No inventariada;;9;4;2;;;1;1;1;;;1;998
10;3;23;29;29067;;3;2;No inventariada;;9;10;2;;;1;4;1;;;1;998
10;2;16;29;29067;;3;2;No inventariada;;9;2;1;5;;1;1;1;;;1;998
10;2;18;29;29067;;3;2;No inventariada;;9;4;2;;;1;1;1;;;1;998
10;1;13;29;29067;;3;2;No inventariada;;9;4;2;;;1;1;1;;;1;998
10;4;23;29;29067;;3;2;No inventariada;;9;3;2;;;1;4;1;;;1;998
10;1;15;29;29067;;3;2;No inventariada;;9;2;1;4;;1;1;1;;;1;998
10;4;15;29;29067;;3;2;No inventariada;;9;4;1;4;;1;1;1;;;1;998
10;2;19;29;29067;;3;2;No inventariada;;9;6;2;;;1;1;1;;;1;998
10;3;10;29;29067;;3;2;No inventariada;;9;4;2;;;1;1;1;;;1;998
10;3;11;29;29067;;3;2;No inventariada;;9;4;1;3;;1;1;1;;;1;998
10;3;13;29;29067;;3;2;No inventariada;;9;10;2;;;1;1;1;;;1;998
10;3;15;29;29067;;3;2;No inventariada;;9;4;2;;;1;1;1;;;1;998
10;4;18;29;29067;;3;2;No inventariada;;9;10;2;;;8;1;1;;;1;998
10;2;16;29;29067;;3;2;No inventariada;;9;3;1;4;;1;1;1;;;1;998
9;6;13;29;29067;;3;2;No inventariada;;9;3;1;1;;1;1;1;;;1;998
10;4;7;29;29067;;3;2;No inventariada;;9;2;2;;;1;1;1;;;1;998
10;4;19;29;29067;;3;2;No inventariada;;9;19;2;;;1;1;1;;;1;998
10;6;15;29;29067;;3;2;No inventariada;;9;3;2;;;1;1;1;;;1;998
10;1;18;29;29067;;3;2;No inventariada;;9;4;2;;;1;1;1;;;1;998
10;7;6;29;29067;;1;1;MA-20;5,2;3;12;2;;;3;6;3;;;1;3
10;5;13;29;29067;;3;2;No inventariada;;9;4;2;;;1;1;1;;;1;998
10;2;22;29;29067;;3;2;No inventariada;;9;2;2;;;1;4;2;;;1;998
10;3;10;29;29067;;3;2;No inventariada;;9;4;2;;;1;1;1;;;1;998
10;4;9;29;29067;;3;2;No inventariada;;9;10;1;3;;1;1;1;;;1;998
9;6;21;29;29067;;3;2;No inventariada;;14;7;2;;;1;1;1;;;1;998
10;7;22;29;29067;;3;2;No inventariada;;9;2;1;5;;1;4;1;;;1;998
10;6;2;29;29067;;3;2;No inventariada;;9;10;1;2;;1;4;1;;;1;998
9;2;10;29;29067;;3;2;No inventariada;;9;10;1;2;;1;1;1;;;1;998
10;6;16;29;29067;;3;2;No inventariada;;9;2;1;4;;1;1;1;;;1;998
10;5;18;29;29067;;3;2;No inventariada;;9;2;1;1;;1;1;2;;;1;998
10;5;9;29;29067;;3;2;No inventariada;;9;2;1;1;;1;4;1;;;1;998
10;4;18;29;29067;;3;2;No inventariada;;9;2;1;5;;1;1;1;;;1;998
10;4;20;29;29067;;3;2;No inventariada;;14;16;2;;;1;4;2;;;1;998
10;3;17;29;29067;;3;2;No inventariada;;9;10;1;1;;1;1;1;;;1;998
10;6;3;29;29067;;3;2;No inventariada;;9;10;2;;;1;4;1;;;1;998
10;6;15;29;29067;;3;2;No inventariada;;9;4;2;;;1;1;7;;;1;998
10;5;13;29;29067;;3;2;No inventariada;;9;7;2;;;1;1;1;;;6;998
10;1;12;29;29067;;3;2;No inventariada;;9;20;2;;;1;1;7;;;1;998
10;4;20;29;29067;;3;2;No inventariada;;9;1;2;;;1;4;1;;;17;998
10;5;15;29;29067;;3;2;No inventariada;;9;20;2;;;1;1;1;;;1;998
10;2;13;29;29067;;3;2;No inventariada;;9;5;1;1;;1;1;1;;;1;998
10;3;9;29;29067;;3;2;No inventariada;;9;2;1;5;;1;1;1;;;1;998
10;3;14;29;29067;;3;2;No inventariada;;9;2;2;;;1;1;1;;;1;998
10;4;18;29;29067;;3;2;No inventariada;;9;2;1;4;;1;1;1;;;1;998
10;4;21;29;29067;;3;2;No inventariada;;9;3;1;4;;1;4;1;;;1;998
10;5;11;29;29067;;3;2;No inventariada;;9;10;2;;;8;1;2;;;1;998
10;4;12;29;29067;;3;2;No inventariada;;9;5;1;5;;1;1;1;;;1;998
10;4;14;29;29067;;3;2;No inventariada;;9;4;2;;;1;1;1;;;1;998
10;1;20;29;29067;;3;2;No inventariada;;9;2;1;5;;1;4;2;;;1;998
10;2;15;29;29067;;3;2;No inventariada;;9;2;1;1;;1;1;1;;;1;998
10;2;22;29;29067;;3;2;No inventariada;;9;3;1;4;;1;4;1;;;1;998
10;3;7;29;29067;;3;2;No inventariada;;9;7;2;;;3;4;3;;;5;998
10;2;1;29;29067;;3;2;No inventariada;;9;10;1;1;;3;4;1;;;1;998
10;1;19;29;29067;;3;2;No inventariada;;9;3;1;1;;3;4;3;;;1;998
10;1;21;29;29067;;3;2;No inventariada;;9;19;2;;;3;4;3;;;1;998
10;3;10;29;29067;;3;2;No inventariada;;9;2;2;;;3;1;3;;;1;998
10;3;15;29;29067;;3;2;No inventariada;;9;2;1;1;;1;1;1;;;1;998
10;6;22;29;29067;;3;2;No inventariada;;9;2;1;5;;1;4;2;;;1;998
10;5;10;29;29067;;3;2;No inventariada;;9;10;1;1;;7;1;1;;;1;998
10;2;18;29;29067;;3;2;No inventariada;;9;10;1;4;;3;1;3;;;1;998
10;6;18;29;29067;;3;2;No inventariada;;9;2;1;4;;1;1;2;;;1;998
10;6;21;29;29067;;3;2;No inventariada;;9;2;1;1;;1;4;1;;;1;998
10;2;12;29;29067;;3;2;No inventariada;;9;2;1;4;;1;1;1;;;1;998
10;1;22;29;29067;;3;2;No inventariada;;9;2;1;2;;3;4;3;;;5;998
10;2;8;29;29067;;3;2;No inventariada;;9;4;2;;;1;1;2;;;1;998
10;3;9;29;29067;;3;2;No inventariada;;9;7;2;;;3;1;3;;;1;998
10;3;20;29;29067;;3;2;No inventariada;;9;2;2;;;1;5;1;;;17;998
10;1;9;29;29067;;3;2;No inventariada;;9;3;2;;;1;1;1;;;1;998
10;1;7;29;29067;;3;2;No inventariada;;9;2;1;1;;3;4;2;;;1;998
10;1;8;29;29067;;3;2;No inventariada;;9;1;1;2;;1;1;3;;;1;998
9;2;12;29;29067;;3;2;No inventariada;;9;7;2;;;1;1;7;;;1;998
10;5;19;29;29067;;1;1;MA-20;1,1;3;4;1;4;;1;4;1;;;1;2
10;5;19;29;29067;;3;2;No inventariada;;9;10;2;;;1;2;1;;;1;998
10;4;15;29;29067;;3;2;No inventariada;;9;4;1;2;;1;1;1;;;1;998
10;6;5;29;29067;;1;1;A-357;62,6;6;12;2;;;1;6;1;;;1;1
10;3;18;29;29067;;3;2;No inventariada;;9;7;2;;;1;1;1;;;6;998
10;1;17;29;29067;;3;2;No inventariada;;9;4;2;;;1;1;1;;;1;998
10;5;12;29;29067;;3;2;No inventariada;;9;5;2;;;1;1;1;;;1;998
10;7;21;29;29067;;1;1;MA-20;4;3;20;2;;;1;4;1;;;1;3
10;7;19;29;29067;;1;1;MA-24;4,6;3;1;2;;;1;4;1;;;4;3
10;3;14;29;29067;;3;2;No inventariada;;9;2;1;2;;1;1;1;;;1;998
10;3;16;29;29067;;3;2;No inventariada;;9;3;2;;;1;1;2;;;1;998
10;2;15;29;29067;;3;2;No inventariada;;9;2;1;2;;1;4;2;;;1;998
10;6;10;29;29067;;3;2;No inventariada;;9;3;1;2;;1;1;1;;;1;998
10;4;14;29;29067;;3;2;No inventariada;;9;20;2;;;1;1;1;;;1;998
10;5;19;29;29067;;3;2;No inventariada;;9;2;1;4;;1;1;1;;;1;998
10;4;17;29;29067;;3;2;No inventariada;;9;3;2;;;1;1;1;;;1;998
10;6;18;29;29067;;3;2;No inventariada;;9;2;1;2;;1;1;1;;;1;998
7;1;19;29;29067;;3;2;No inventariada;;9;7;1;2;;1;1;1;;;1;998
10;4;15;29;29067;;3;2;No inventariada;;9;4;2;;;1;1;1;;;1;998
10;6;6;29;29067;;3;2;No inventariada;;9;4;1;1;;1;1;1;;;1;998
10;4;13;29;29067;;3;2;No inventariada;;9;2;1;3;;1;1;1;;;1;998
10;7;13;29;29067;;3;2;No inventariada;;9;2;1;5;;1;1;1;;;1;998
10;5;5;29;29067;;3;2;No inventariada;;9;2;1;4;;1;4;1;;;1;998
10;7;12;29;29067;;3;2;No inventariada;;9;2;2;;;1;1;1;;;1;998
10;5;15;29;29067;;3;2;No inventariada;;9;4;2;;;1;1;7;;;1;998
10;4;19;29;29067;;3;2;No inventariada;;9;2;2;;;1;1;1;;;1;998
10;7;18;29;29067;;3;2;No inventariada;;9;2;2;;;1;1;1;;;1;998
10;5;11;29;29067;;3;2;No inventariada;;9;3;2;;;1;1;1;;;1;998
10;4;21;29;29067;;3;2;No inventariada;;9;2;1;1;;1;5;2;;;17;998
10;3;15;29;29067;;3;2;No inventariada;;9;3;1;4;;1;1;1;;;1;998
10;1;18;29;29067;;3;2;No inventariada;;9;4;1;4;;1;1;1;;;1;998
10;5;16;29;29067;;3;2;No inventariada;;9;16;2;;;1;1;1;;;1;998
10;1;21;29;29067;;3;2;No inventariada;;9;2;1;5;;1;4;1;;;17;998
10;1;12;29;29067;;3;2;No inventariada;;9;2;2;;;1;1;1;;;1;998
10;2;12;29;29067;;3;2;No inventariada;;9;10;1;1;;1;1;1;;;1;998
10;2;15;29;29067;;3;2;No inventariada;;9;7;2;;;1;1;1;;;1;998
10;3;14;29;29067;;3;2;No inventariada;;9;4;2;;;1;1;1;;;1;998
10;3;21;29;0;;1;1;A-45;130,416;3;17;2;;;1;6;1;;;1;1
10;1;14;29;29067;;3;2;No inventariada;;9;2;2;;;1;1;1;;;1;998
10;7;22;29;29067;;3;2;No inventariada;;9;20;2;;;1;4;1;;;1;998
10;1;14;29;29067;;3;2;No inventariada;;9;4;2;;;1;1;1;;;1;998
10;4;12;29;29067;;1;1;A-7;980;3;4;2;;;1;1;1;;;1;2
10;2;21;29;29067;;3;2;No inventariada;;9;10;2;;;2;4;1;;;3;998
10;5;9;29;29067;;3;2;No inventariada;;9;7;2;;;1;1;1;;;1;998
10;5;17;29;29015;;2;2;A-45;87,339;3;4;2;;;1;1;2;;;18;1
10;2;18;29;29067;;3;2;No inventariada;;9;10;2;;;3;1;3;;;1;998
10;4;18;29;29067;;3;2;No inventariada;;9;16;1;1;;1;1;1;;;1;998
10;5;20;29;29067;;3;2;No inventariada;;9;2;2;;;1;4;1;;;1;998
10;6;18;29;29067;;3;2;No inventariada;;9;6;2;;;1;1;1;;;1;998
10;3;14;29;29067;;3;2;No inventariada;;9;2;1;4;;1;1;1;;;1;998
10;4;8;29;29067;;3;2;No inventariada;;9;2;1;1;;1;1;1;;;1;998
10;7;3;29;29067;;3;2;No inventariada;;9;15;2;;;3;4;2;;;1;998
10;5;13;29;29067;;3;2;No inventariada;;9;2;2;;;1;1;1;;;1;998
10;5;16;29;29067;;3;2;No inventariada;;9;3;2;;;1;1;1;;;1;998
10;1;14;29;29067;;1;1;A-7054;3,1;6;2;1;2;;1;1;2;;;1;1
10;4;14;29;29067;;3;2;No inventariada;;9;2;1;5;;1;1;1;;;1;998
10;4;10;29;29067;;3;2;No inventariada;;9;3;2;;;1;1;1;;;1;998
10;5;11;29;29067;;3;2;No inventariada;;9;20;2;;;1;1;1;;;1;998
9;7;0;29;29067;;3;2;No inventariada;;9;19;2;;;1;4;1;;;1;998