MES;DIA_SEMANA;HORA;COD_PROVINCIA;COD_MUNICIPIO;ISLA;ZONA;ZONA_AGRUPADA;CARRETERA;KM;TIPO_VIA;TIPO_ACCIDENTE;NUDO;NUDO_INFO;CARRETERA_CRUCE;CONDICION_FIRME;CONDICION_ILUMINACION;CONDICION_METEO;CONDICION_NIEBLA;CONDICION_VIENTO;VISIB_RESTRINGIDA_POR;TRAZADO_PLANTA
10;7;11;29;29067;;3;2;No inventariada;;9;16;2;;;3;1;3;;;1;998
10;5;17;29;29067;;3;2;No inventariada;;9;2;1;4;;1;1;1;;;1;998
10;5;18;29;29067;;3;2;No inventariada;;9;2;1;4;;1;1;1;;;1;998
10;1;17;29;29067;;3;2;No inventariada;;9;19;1;2;;1;1;1;;;1;998
10;6;0;29;29067;;3;2;No inventariada;;9;4;2;;;1;4;1;;;1;998
10;3;14;29;29067;;3;2;No inventariada;;9;4;2;;;1;4;1;;;1;998
10;4;20;29;29067;;3;2;No inventariada;;9;3;1;2;;1;1;1;;;1;998
10;4;11;29;29067;;3;2;No inventariada;;9;3;2;;;1;1;1;;;1;998
10;6;4;29;29067;;3;2;No inventariada;;9;10;2;;;1;4;1;;;1;998
10;5;21;29;29067;;3;2;No inventariada;;9;2;1;1;;1;4;2;;;1;998
10;7;14;29;29067;;3;2;No inventariada;;9;2;1;3;;1;1;1;;;1;998
9;1;13;29;29067;;3;2;No inventariada;;9;2;1;4;;1;1;1;;;1;998
10;5;11;29;29067;;3;2;No inventariada;;9;2;1;2;;1;1;1;;;1;998
10;5;13;29;29067;;3;2;No inventariada;;9;2;1;2;;1;1;1;;;1;998
10;5;14;29;29067;;3;2;No inventariada;;9;4;2;;;1;4;1;;;1;998
10;5;18;29;29067;;3;2;No inventariada;;9;2;1;1;;1;1;1;;;1;998
10;6;17;29;29067;;3;2;No inventariada;;9;2;2;;;1;1;1;;;1;998
10;1;16;29;29067;;3;2;No inventariada;;9;7;2;;;3;1;3;;;5;998
10;7;13;29;29067;;3;2;No inventariada;;9;10;1;5;;7;1;1;;;1;998
10;7;15;29;29067;;3;2;No inventariada;;9;2;1;5;;1;1;1;;;1;998
10;1;2;29;29067;;3;2;No inventariada;;9;10;2;;;3;4;3;;;5;998
10;3;18;29;29067;;3;2;No inventariada;;9;7;2;;;1;1;1;;;1;998
10;1;16;29;29067;;3;2;No inventariada;;9;2;1;1;;3;1;3;;;1;998
10;1;17;29;29067;;3;2;No inventariada;;9;4;2;;;3;2;3;;;1;998
10;1;12;29;29067;;3;2;No inventariada;;9;2;1;5;;1;1;1;;;1;998
10;1;21;29;29067;;3;2;No inventariada;;9;7;2;;;1;4;1;;;12;998
10;2;21;29;29067;;3;2;No inventariada;;9;10;2;;;3;4;3;;;5;998
10;1;20;29;29067;;3;2;No inventariada;;9;7;2;;;1;2;1;;;1;998
9;3;22;29;29067;;3;2;No inventariada;;9;2;1;5;;1;4;1;;;1;998
10;1;19;29;29067;;3;2;No inventariada;;9;2;1;4;;3;4;3;;;5;998
10;6;22;29;29067;;3;2;No inventariada;;9;10;2;;;4;4;3;;;5;998
10;3;16;29;29067;;3;2;No inventariada;;9;2;1;1;;1;1;1;;;1;998
10;2;16;29;29067;;3;2;No inventariada;;9;2;1;1;;1;1;1;;;1;998
10;2;15;29;29067;;3;2;No inventariada;;9;2;1;1;;1;1;1;;;1;998
10;2;19;29;29067;;3;2;No inventariada;;9;15;2;;;7;1;1;;;1;998
10;6;20;29;29067;;3;2;No inventariada;;9;4;2;;;1;4;1;;;1;998
10;3;14;29;29067;;3;2;No inventariada;;9;4;2;;;3;1;4;;;1;998
10;3;14;29;29067;;3;2;No inventariada;;9;2;1;2;;1;1;1;;;1;998
10;3;19;29;29067;;3;2;No inventariada;;9;2;1;5;;1;4;1;;;1;998
10;5;9;29;29067;;3;2;No inventariada;;9;7;2;;;1;1;2;;;1;998
10;4;13;29;29067;;3;2;No inventariada;;9;4;1;4;;1;1;1;;;1;998
11;5;14;29;29067;;3;2;No inventariada;;9;2;1;1;;1;1;1;;;1;998
10;5;7;29;29067;;3;2;No inventariada;;9;10;2;;;1;4;1;;;1;998
10;4;18;29;29067;;3;2;No inventariada;;9;7;2;;;1;1;1;;;4;998
10;4;18;29;29067;;3;2;No inventariada;;9;20;2;;;1;1;1;;;1;998
10;5;15;29;29067;;3;2;No inventariada;;9;4;1;2;;1;4;1;;;1;998
11;6;2;29;29067;;3;2;No inventariada;;9;19;1;4;;1;4;1;;;1;998
10;4;14;29;29067;;3;2;No inventariada;;9;4;2;;;1;1;1;;;1;998
11;6;19;29;29067;;3;2;No inventariada;;9;2;1;3;;1;4;2;;;5;998
10;3;17;29;29067;;3;2;No inventariada;;9;2;1;2;;1;1;1;;;2;998
10;2;12;29;29067;;3;2;No inventariada;;9;2;2;;;1;1;1;;;9;998
11;5;13;29;29067;;3;2;No inventariada;;9;3;1;1;;1;1;1;;;1;998
10;1;9;29;29067;;3;2;No inventariada;;9;7;2;;;1;1;1;;;1;998
11;6;21;29;29067;;3;2;No inventariada;;9;1;1;1;;1;1;1;;;1;998
6;3;20;29;29067;;3;2;No inventariada;;9;4;1;5;;1;1;1;;;1;998
10;5;4;29;29067;;3;2;No inventariada;;9;6;2;;;1;4;1;;;1;998
9;3;9;29;29067;;3;2;No inventariada;;9;2;1;1;;1;1;1;;;1;998
10;4;13;29;29067;;3;2;No inventariada;;9;2;2;;;1;1;1;;;1;998
10;4;23;29;29067;;3;2;No inventariada;;9;10;2;;;1;4;1;;;1;998
10;6;15;29;29067;;3;2;No inventariada;;9;7;2;;;1;1;1;;;1;998
10;6;17;29;29067;;3;2;No inventariada;;9;4;2;;;1;1;2;;;1;998
10;6;13;29;29067;;3;2;No inventariada;;9;7;2;;;1;1;1;;;1;998
10;6;15;29;29067;;3;2;No inventariada;;9;2;1;5;;1;1;1;;;1;998
10;2;16;29;29067;;3;2;No inventariada;;9;9;2;;;1;1;1;;;1;998
10;3;18;29;29067;;3;2;No inventariada;;9;2;2;;;1;6;1;;;1;998
11;6;20;29;29067;;3;2;No inventariada;;9;2;1;4;;1;4;1;;;1;998
11;1;19;29;29067;;3;2;No inventariada;;9;20;2;;;1;1;1;;;1;998
11;6;8;29;29067;;3;2;No inventariada;;9;10;2;;;1;3;1;;;1;998
11;2;17;29;29067;;3;2;No inventariada;;9;7;2;;;1;1;1;;;1;998
11;2;16;29;29067;;3;2;No inventariada;;9;10;2;;;2;1;1;;;1;998
10;3;18;29;29067;;3;2;No inventariada;;9;2;2;;;1;1;1;;;10;998
11;7;12;29;29067;;3;2;No inventariada;;9;4;2;;;1;1;1;;;1;998
10;3;9;29;29067;;3;2;No inventariada;;9;2;1;1;;3;1;3;;;1;998
10;2;7;29;29067;;3;2;No inventariada;;9;10;1;2;;4;2;4;;;1;998
10;1;18;29;29067;;3;2;No inventariada;;9;10;2;;;3;4;3;;;1;998
6;2;11;29;29067;;3;2;No inventariada;;9;10;1;3;;1;1;1;;;1;998
10;6;19;29;29067;;3;2;No inventariada;;9;2;1;1;;3;4;3;;;5;998
10;6;14;29;29067;;3;2;No inventariada;;9;2;2;;;1;1;1;;;1;998
11;1;14;29;29067;;3;2;No inventariada;;9;2;1;1;;1;1;1;;;1;998
11;1;17;29;29067;;3;2;No inventariada;;9;2;1;2;;1;1;1;;;1;998
11;1;19;29;29067;;3;2;No inventariada;;9;3;1;4;;1;4;1;;;1;998
11;7;22;29;29067;;3;2;No inventariada;;9;1;1;4;;1;4;1;;;1;998
11;5;14;29;29067;;3;2;No inventariada;;9;6;2;;;1;1;1;;;1;998
10;3;16;29;29067;;3;2;No inventariada;;9;7;2;;;1;1;2;;;1;998
10;6;12;29;29067;;3;2;No inventariada;;9;2;1;2;;9;1;7;;;18;998
11;4;9;29;29067;;1;1;A-357;63,156;6;4;2;;;1;1;1;;;1;1
11;2;22;29;29067;;3;2;No inventariada;;9;3;1;2;;1;4;1;;;1;998
11;1;17;29;29067;;3;2;No inventariada;;9;2;1;4;;1;1;1;;;1;998
11;2;16;29;29067;;3;2;No inventariada;;9;2;1;1;;1;1;1;;;1;998
11;2;19;29;29067;;3;2;No inventariada;;9;3;2;;;1;5;1;;;1;998
11;2;23;29;29067;;3;2;No inventariada;;9;20;1;4;;1;4;1;;;3;998
11;3;22;29;29067;;3;2;No inventariada;;9;4;1;4;;1;4;1;;;1;998
11;2;12;29;29067;;3;2;No inventariada;;9;2;1;1;;1;1;1;;;1;998
11;1;21;29;29067;;3;2;No inventariada;;9;1;2;;;1;4;1;;;1;998
11;3;9;29;29067;;3;2;No inventariada;;9;20;2;;;1;1;1;;;1;998
10;2;15;29;29067;;3;2;No inventariada;;9;4;2;;;1;1;1;;;1;998
10;2;21;29;29067;;3;2;No inventariada;;9;1;2;;;1;1;1;;;1;998
10;1;15;29;29067;;3;2;No inventariada;;9;4;2;;;3;1;3;;;1;998
11;5;7;29;29067;;3;2;No inventariada;;9;2;1;3;;1;4;1;;;1;998
11;4;7;29;29067;;3;2;No inventariada;;9;2;2;;;1;1;2;;;1;998
11;5;20;29;29067;;3;2;No inventariada;;9;3;1;1;;1;4;1;;;1;998
11;2;11;29;29067;;3;2;No inventariada;;9;4;2;;;1;1;1;;;1;998
11;5;8;29;29067;;3;2;No inventariada;;9;2;2;;;1;1;1;;;1;998
11;5;13;29;29067;;3;2;No inventariada;;9;2;1;3;;1;1;1;;;1;998
11;5;20;29;29067;;3;2;No inventariada;;9;2;1;4;;1;4;1;;;1;998
11;6;19;29;29067;;3;2;No inventariada;;9;10;1;2;;1;2;1;;;1;998
11;1;22;29;29067;;1;1;A-7;994,3;3;14;2;;;1;6;1;;;1;1
11;5;22;29;29067;;3;2;No inventariada;;9;10;1;4;;1;4;1;;;1;998
11;6;20;29;29067;;3;2;No inventariada;;9;2;1;1;;1;4;1;;;1;998
11;4;11;29;29067;;3;2;No inventariada;;9;4;1;1;;1;1;1;;;1;998
10;3;7;29;29067;;3;2;No inventariada;;9;7;1;1;;3;3;3;;;5;998
11;6;23;29;29067;;3;2;No inventariada;;9;2;2;;;1;4;1;;;1;998
11;4;19;29;29067;;3;2;No inventariada;;9;7;2;;;1;4;2;;;1;998
11;4;10;29;29067;;3;2;No inventariada;;9;10;2;;;1;1;1;;;1;998
9;5;2;29;29067;;3;2;No inventariada;;9;4;2;;;1;4;1;;;1;998
11;7;19;29;29067;;3;2;No inventariada;;9;10;2;;;1;4;1;;;1;998
10;4;16;29;29067;;3;2;No inventariada;;9;20;2;;;1;1;1;;;1;998
11;5;21;29;29067;;3;2;No inventariada;;9;2;2;;;1;4;1;;;1;998
11;1;17;29;29067;;3;2;No inventariada;;9;4;1;1;;1;1;1;;;1;998
11;5;22;29;29067;;3;2;No inventariada;;9;2;2;;;1;4;1;;;1;998
11;5;16;29;29067;;3;2;No inventariada;;9;4;2;;;9;1;7;;;1;998
11;1;12;29;29067;;3;2;No inventariada;;9;2;1;1;;1;1;1;;;1;998
11;5;19;29;29067;;3;2;No inventariada;;9;2;2;;;1;4;2;;;1;998
11;4;12;29;29067;;3;2;No inventariada;;9;2;1;1;;1;1;1;;;1;998
11;5;18;29;29067;;3;2;No inventariada;;9;3;1;1;;1;4;1;;;1;998
11;4;13;29;29067;;3;2;No inventariada;;9;4;2;;;1;1;1;;;1;998
11;4;18;29;29067;;3;2;No inventariada;;9;2;2;;;1;1;1;;;1;998
11;4;19;29;29067;;3;2;No inventariada;;9;7;2;;;1;4;1;;;1;998
11;4;21;29;29067;;3;2;No inventariada;;9;4;2;;;1;4;1;;;1;998
11;7;20;29;29067;;3;2;No inventariada;;9;20;2;;;1;4;1;;;1;998
10;1;10;29;29067;;3;2;No inventariada;;9;7;1;2;;1;1;1;;;1;998
11;1;15;29;29067;;3;2;No inventariada;;9;4;2;;;1;1;1;;;1;998
11;2;19;29;29067;;3;2;No inventariada;;9;20;2;;;1;4;1;;;1;998
11;2;13;29;29067;;3;2;No inventariada;;9;10;2;;;1;1;1;;;1;998
11;3;11;29;29067;;1;1;A-357;65,153;6;12;2;;;3;1;4;;;1;1
11;7;5;29;29067;;3;2;No inventariada;;9;3;1;1;;1;4;1;;;9;998
11;7;18;29;29067;;3;2;No inventariada;;9;4;2;;;1;1;7;;;1;998
11;1;19;29;29067;;3;2;No inventariada;;9;4;2;;;1;4;1;;;1;998
11;6;22;29;29067;;3;2;No inventariada;;9;2;1;2;;1;4;1;;;1;998
11;5;18;29;29067;;3;2;No inventariada;;9;16;2;;;1;2;1;;;1;998
11;5;15;29;29067;0;3;2;No inventariada;;9;3;1;1;;1;1;1;;;1;998
11;5;13;29;29067;;3;2;No inventariada;;9;20;2;;;1;1;1;;;1;998
11;2;19;29;29067;;3;2;No inventariada;;9;3;2;;;1;4;1;;;1;998
11;2;20;29;29067;;3;2;No inventariada;;9;2;1;4;;1;4;1;;;5;998
11;1;13;29;29067;;3;2;No inventariada;;9;10;2;;;7;1;1;;;1;998
11;4;10;29;29067;;3;2;No inventariada;;9;2;1;4;;1;1;1;;;1;998
11;1;10;29;29067;;3;2;No inventariada;;9;4;2;;;1;1;1;;;1;998
11;2;12;29;29067;;3;2;No inventariada;;9;2;1;1;;1;1;1;;;1;998
11;3;22;29;29067;;3;2;No inventariada;;9;2;1;2;;1;4;1;;;1;998
11;4;15;29;29067;;3;2;No inventariada;;9;4;2;;;1;1;1;;;1;998
11;4;20;29;29067;;3;2;No inventariada;;9;4;1;1;;1;4;1;;;1;998
11;1;18;29;29067;;3;2;No inventariada;;9;20;1;2;;1;4;1;;;1;998
11;3;10;29;29067;;3;2;No inventariada;;9;3;2;;;1;1;1;;;2;998
11;5;13;29;29067;;3;2;No inventariada;;9;4;2;;;1;1;1;;;1;998
11;3;14;29;29067;;3;2;No inventariada;;9;4;2;;;1;1;1;;;1;998
11;2;9;29;29067;;3;2;No inventariada;;9;3;1;4;;1;1;1;;;1;998
11;4;21;29;29067;;3;2;No inventariada;;9;7;1;1;;1;4;1;;;1;998
11;5;22;29;29067;;3;2;No inventariada;;9;7;1;1;;1;4;1;;;1;998
10;1;9;29;29067;;3;2;No inventariada;;9;3;2;;;1;1;1;;;1;998
11;2;12;29;29067;;3;2;No inventariada;;9;2;1;1;;1;1;1;;;1;998
11;1;7;29;29067;;1;1;MA-20;2,947;3;4;2;;;1;1;1;;;1;1
11;1;7;29;29067;;1;1;A-7;982,719;3;4;2;;;1;4;1;;;1;1
11;1;9;29;29067;;1;1;MA-20;3,637;3;4;2;;;1;1;1;;;1;1
11;1;13;29;29067;;3;2;No inventariada;;9;2;1;3;;1;1;1;;;1;998
11;1;6;29;29067;;3;2;No inventariada;;9;2;2;;;1;3;1;;;1;998
11;1;15;29;29067;;3;2;No inventariada;;9;4;2;;;1;1;1;;;1;998
10;4;19;29;29067;;3;2;No inventariada;;9;2;2;;;1;3;1;;;1;998
11;7;20;29;29067;;3;2;No inventariada;;9;2;1;2;;1;1;1;;;1;998
11;1;15;29;29067;;3;2;No inventariada;;9;2;2;;;1;1;1;;;1;998
11;1;16;29;29067;;3;2;No inventariada;;9;4;2;;;1;1;1;;;1;998
11;2;15;29;29067;;3;2;No inventariada;;9;2;2;;;1;1;1;;;1;998
11;5;8;29;29067;;3;2;No inventariada;;9;3;2;;;1;1;1;;;1;998
11;5;15;29;29067;;3;2;No inventariada;;9;2;1;1;;1;1;1;;;1;998
11;5;22;29;29067;;3;2;No inventariada;;9;4;2;;;1;4;1;;;1;998
11;6;19;29;29067;;3;2;No inventariada;;9;7;2;;;1;4;1;;;1;998
11;6;21;29;29067;;3;2;No inventariada;;9;2;1;4;;1;4;1;;;1;998
11;7;21;29;29067;;3;2;No inventariada;;9;10;1;2;;1;4;1;;;1;998
11;1;6;29;29067;;3;2;No inventariada;;9;2;2;;;1;4;1;;;1;998
10;1;15;29;29067;;3;2;No inventariada;;9;2;1;4;;3;2;2;;;5;998
11;5;15;29;29067;;3;2;No inventariada;;9;10;2;;;1;1;2;;;1;998
11;1;19;29;29067;;3;2;No inventariada;;9;4;2;;;9;4;1;;;1;998
11;1;18;29;29067;;3;2;No inventariada;;9;7;1;1;;1;2;1;;;1;998
11;1;14;29;29067;;3;2;No inventariada;;9;2;1;1;;1;1;1;;;1;998
11;2;18;29;29067;;3;2;No inventariada;;9;3;1;3;;1;1;1;;;1;998
11;3;7;29;29067;;1;1;MA-20;6,82;3;6;2;;;2;1;7;;;1;1
11;7;15;29;29067;;3;2;No inventariada;;9;2;1;3;;1;1;1;;;1;998
11;3;19;29;29067;;3;2;No inventariada;;9;2;1;2;;1;1;1;;;1;998
11;5;11;29;29067;;3;2;No inventariada;;9;10;2;;;1;1;1;;;1;998
11;4;13;29;29067;;3;2;No inventariada;;9;10;2;;;1;1;1;;;1;998
11;4;11;29;29067;;3;2;No inventariada;;9;10;2;;;1;1;1;;;1;998
11;2;8;29;29067;;3;2;No inventariada;;9;2;1;4;;1;1;1;;;6;998
11;2;21;29;29067;;3;2;No inventariada;;9;4;2;;;1;4;1;;;1;998
11;5;9;29;29067;;3;2;No inventariada;;9;7;2;;;1;1;1;;;1;998
11;2;18;29;29067;;3;2;No inventariada;;9;7;2;;;1;3;1;;;1;998
11;5;16;29;29067;;3;2;No inventariada;;9;7;1;2;;1;1;1;;;1;998
11;1;12;29;29067;;3;2;No inventariada;;9;7;1;2;;1;1;1;;;1;998
11;2;13;29;29067;;3;2;No inventariada;;9;7;2;;;1;1;1;;;1;998
11;3;0;29;29067;;3;2;No inventariada;;9;7;2;;;1;4;1;;;1;998
11;5;13;29;29067;;3;2;No inventariada;;9;2;1;1;;1;1;1;;;9;998
11;1;10;29;29067;;3;2;No inventariada;;9;6;2;;;1;1;1;;;1;998
11;7;13;29;29067;;3;2;No inventariada;;9;7;1;2;;1;1;2;;;1;998
11;3;16;29;29067;;3;2;No inventariada;;9;2;1;1;;1;1;1;;;1;998
11;4;8;29;29067;;3;2;No inventariada;;9;10;2;;;1;1;1;;;1;998
11;4;15;29;29067;;3;2;No inventariada;;9;2;1;3;;1;1;1;;;17;998
1;7;18;29;29067;;3;2;No inventariada;;9;4;2;;;1;1;1;;;1;998
11;2;19;29;29067;;3;2;No inventariada;;9;2;1;1;;1;1;1;;;1;998
11;1;19;29;29067;;3;2;No inventariada;;9;2;1;1;;1;5;1;;;1;998
11;5;18;29;29067;;1;1;MA-20;7;3;4;2;;;1;3;1;;;1;1
11;5;18;29;29067;;3;2;No inventariada;;9;4;2;;;1;1;1;;;1;998
11;6;7;29;29067;;3;2;No inventariada;;9;2;1;2;;1;4;1;;;1;998
11;5;12;29;29067;;3;2;No inventariada;;9;2;1;1;;1;1;1;;;1;998
10;1;21;29;29067;;3;2;No inventariada;;9;19;2;;;1;4;2;;;1;998
11;6;23;29;29067;;3;2;No inventariada;;9;2;1;3;;1;4;1;;;1;998
11;7;0;29;29067;;3;2;No inventariada;;9;2;2;;;1;4;1;;;1;998
11;3;10;29;29067;;3;2;No inventariada;;9;7;2;;;1;1;1;;;1;998
11;4;14;29;29067;;3;2;No inventariada;;9;2;2;;;1;1;1;;;1;998
11;5;9;29;29067;;3;2;No inventariada;;9;4;2;;;1;1;1;;;1;998
10;1;15;29;29067;;3;2;No inventariada;;9;2;2;;;3;1;3;;;1;998
11;6;0;29;29067;;3;2;No inventariada;;9;4;2;;;1;4;1;;;1;998
11;1;17;29;29067;;3;2;No inventariada;;9;4;2;;;1;1;1;;;1;998
11;5;8;29;29067;;3;2;No inventariada;;9;7;2;;;1;1;1;;;1;998
11;5;14;29;29067;;3;2;No inventariada;;9;3;1;4;;1;1;1;;;1;998
11;5;16;29;29067;;3;2;No inventariada;;9;2;1;2;;1;1;1;;;1;998
11;1;22;29;29067;;1;1;A-7;983;3;4;2;;;1;3;1;;;1;2
11;2;10;29;29067;;3;2;No inventariada;;9;5;2;;;1;1;1;;;1;998
11;2;16;29;29067;;3;2;No inventariada;;9;2;1;1;;1;1;1;;;1;998
11;3;8;29;29067;;3;2;No inventariada;;9;7;2;;;1;1;1;;;6;998
11;3;12;29;29067;;3;2;No inventariada;;9;2;2;;;1;1;1;;;1;998
10;4;17;29;29067;;3;2;No inventariada;;9;4;2;;;8;4;3;;;1;998
11;1;15;29;29067;;3;2;No inventariada;;9;2;1;2;;1;1;1;;;1;998
11;1;13;29;29067;;3;2;No inventariada;;9;2;1;4;;1;1;1;;;1;998
11;4;12;29;29067;;3;2;No inventariada;;9;10;2;;;1;1;1;;;1;998
11;1;12;29;29067;;3;2;No inventariada;;9;4;1;4;;1;1;1;;;1;998
11;4;15;29;29067;;3;2;No inventariada;;9;2;1;1;;1;1;1;;;1;998
11;4;16;29;29067;;3;2;No inventariada;;9;3;1;1;;1;1;1;;;1;998
11;4;18;29;29067;;3;2;No inventariada;;9;3;1;4;;1;4;1;;;1;998
11;5;6;29;29067;;3;2;No inventariada;;9;6;1;4;;1;4;1;;;1;998
11;2;20;29;29067;;3;2;No inventariada;;9;2;1;1;;1;4;1;;;1;998
11;1;8;29;29067;;3;2;No inventariada;;9;10;2;;;1;1;1;;;1;998
11;5;22;29;29067;;3;2;No inventariada;;9;2;1;2;;1;4;1;;;1;998
11;1;10;29;29067;;3;2;No inventariada;;9;2;1;1;;1;1;1;;;1;998
11;6;21;29;29067;;3;2;No inventariada;;9;7;2;;;1;4;1;;;1;998
11;4;13;29;29067;;3;2;No inventariada;;9;4;2;;;1;1;1;;;1;998
11;4;17;29;29067;;3;2;No inventariada;;9;2;1;5;;1;1;1;;;1;998
11;3;21;29;29067;;3;2;No inventariada;;9;2;1;1;;1;4;1;;;1;998
11;1;11;29;29067;;3;2;No inventariada;;9;2;2;;;1;5;1;;;1;998
11;3;19;29;29067;;1;1;MA-20;7,228;3;4;2;;;1;4;1;;;1;1
11;5;16;29;29067;;3;2;No inventariada;;9;4;2;;;1;1;1;;;1;998
11;5;17;29;29067;;3;2;No inventariada;;9;10;2;;;1;1;1;;;1;998
11;7;20;29;29067;;3;2;No inventariada;;9;2;2;;;1;4;1;;;1;998
11;1;13;29;29067;;3;2;No inventariada;;9;3;1;1;;1;1;1;;;1;998
11;1;17;29;29067;;3;2;No inventariada;;9;4;1;2;;1;1;1;;;1;998
11;1;21;29;29067;;3;2;No inventariada;;9;2;1;1;;1;4;1;;;1;998
11;5;17;29;29067;;3;2;No inventariada;;14;2;2;;;1;1;1;;;1;998
11;6;6;29;29067;;3;2;No inventariada;;9;4;2;;;1;4;1;;;1;998
11;4;18;29;29067;;3;2;No inventariada;;9;7;2;;;1;1;1;;;1;998
10;5;12;29;29067;;3;2;No inventariada;;9;10;2;;;1;1;1;;;1;998
11;1;15;29;29067;;3;2;No inventariada;;9;4;2;;;1;1;1;;;1;998
11;2;14;29;29067;;3;2;No inventariada;;9;19;2;;;1;1;1;;;1;998
11;2;13;29;29067;;3;2;No inventariada;;9;4;2;;;1;1;1;;;1;998
11;2;10;29;29067;;3;2;No inventariada;;9;20;1;4;;1;1;1;;;1;998
11;2;18;29;29067;;3;2;No inventariada;;9;7;1;1;;1;1;1;;;1;998
11;6;19;29;29067;;3;2;No inventariada;;9;7;2;;;1;4;1;;;1;998
11;1;20;29;29067;;3;2;No inventariada;;9;4;1;2;;1;4;1;;;1;998
11;7;9;29;29067;;3;2;No inventariada;;9;2;2;;;1;1;1;;;1;998
11;5;8;29;29067;;1;1;A-7;982,647;3;6;2;;;1;1;1;;;1;2
10;4;19;29;29067;;3;2;No inventariada;;9;2;1;4;;1;1;1;;;1;998
11;1;13;29;29067;;3;2;No inventariada;;9;4;2;;;1;1;1;;;1;998
11;5;22;29;29067;;3;2;No inventariada;;9;10;2;;;1;4;1;;;1;998
11;5;19;29;29067;;3;2;No inventariada;;9;4;2;;;1;4;1;;;17;998
11;2;17;29;29067;;3;2;No inventariada;;9;7;2;;;1;1;1;;;1;998
11;5;19;29;29067;;3;2;No inventariada;;9;2;1;1;;1;4;1;;;17;998
11;6;1;29;29067;;1;1;MA-20;9,95;3;7;2;;;1;4;1;;;1;3
11;6;2;29;29067;;3;2;No inventariada;;9;19;2;;;1;4;1;;;1;998
11;5;15;29;29067;;3;2;No inventariada;;9;4;2;;;1;1;1;;;1;998
11;3;11;29;29067;;3;2;No inventariada;;9;10;2;;;7;1;1;;;1;998
11;4;19;29;29067;;3;2;No inventariada;;9;2;1;3;;1;6;1;;;1;998
11;7;13;29;29067;;3;2;No inventariada;;9;1;1;3;;1;1;1;;;1;998
11;1;11;29;29067;;3;2;No inventariada;;9;2;1;5;;1;1;1;;;1;998
11;1;12;29;29067;;3;2;No inventariada;;9;10;2;;;1;1;1;;;1;998
11;2;17;29;29067;;3;2;No inventariada;;9;4;1;3;;1;1;1;;;1;998
11;3;20;29;29067;;3;2;No inventariada;;9;7;2;;;1;4;1;;;1;998
11;4;10;29;29067;;3;2;No inventariada;;9;2;1;1;;1;1;2;;;1;998
11;5;21;29;29067;;3;2;No inventariada;;9;2;1;5;;1;4;1;;;1;998
11;3;6;29;29067;;3;2;No inventariada;;9;4;1;1;;1;4;2;;;1;998
11;2;18;29;29067;;3;2;No inventariada;;9;3;2;;;1;4;1;;;1;998
11;2;8;29;29067;;3;2;No inventariada;;9;3;1;4;;1;1;7;;;1;998
11;5;14;29;29067;;3;2;No inventariada;;9;10;1;3;;1;1;1;;;1;998
11;5;12;29;29067;;3;2;No inventariada;;9;10;2;;;1;1;1;;;1;998
11;4;20;29;29067;;3;2;No inventariada;;9;4;1;4;;1;4;1;;;1;998
11;1;16;29;29067;;3;2;No inventariada;;9;2;2;;;1;1;1;;;1;998
11;1;12;29;29067;;3;2;No inventariada;;9;4;2;;;1;1;1;;;1;998
11;1;9;29;29067;;3;2;No inventariada;;9;4;2;;;1;1;1;;;1;998
11;2;21;29;29067;;3;2;No inventariada;;9;2;1;3;;1;4;1;;;1;998
11;1;14;29;29067;;3;2;No inventariada;;9;20;2;;;1;1;1;;;1;998