MES;DIA_SEMANA;HORA;COD_PROVINCIA;COD_MUNICIPIO;ISLA;ZONA;ZONA_AGRUPADA;CARRETERA;KM;TIPO_VIA;TIPO_ACCIDENTE;NUDO;NUDO_INFO;CARRETERA_CRUCE;CONDICION_FIRME;CONDICION_ILUMINACION;CONDICION_METEO;CONDICION_NIEBLA;CONDICION_VIENTO;VISIB_RESTRINGIDA_POR;TRAZADO_PLANTA
11;4;8;29;29067;;3;2;No inventariada;;9;2;2;;;3;1;1;;;1;998
11;1;10;29;29067;;3;2;No inventariada;;9;7;1;1;;1;1;1;;;18;998
11;4;12;29;29067;;3;2;No inventariada;;9;2;1;4;;1;1;1;;;1;998
11;6;21;29;29067;;3;2;No inventariada;;9;4;2;;;1;4;1;;;1;998
11;1;14;29;29067;;3;2;No inventariada;;9;3;2;;;1;1;1;;;1;998
11;5;10;29;29067;;3;2;No inventariada;;9;2;1;4;;1;1;1;;;1;998
11;2;23;29;29067;;3;2;No inventariada;;9;2;2;;;1;4;1;;;1;998
11;7;15;29;29067;;3;2;No inventariada;;9;10;2;;;1;1;1;;;1;998
11;3;20;29;29067;;3;2;No inventariada;;9;10;1;4;;1;4;1;;;1;998
12;7;15;29;29067;;3;2;No inventariada;;9;1;2;;;1;4;1;;;1;998
11;5;9;29;29067;;3;2;No inventariada;;9;2;2;;;1;1;1;;;1;998
11;6;20;29;29067;;3;2;No inventariada;;9;2;1;5;;1;4;1;;;1;998
12;2;11;29;29067;;3;2;No inventariada;;9;20;2;;;1;1;1;;;1;998
11;5;12;29;29067;;3;2;No inventariada;;9;3;2;;;1;1;7;;;1;998
12;2;14;29;29067;;3;2;No inventariada;;9;2;1;3;;1;1;1;;;1;998
11;6;21;29;29067;;3;2;No inventariada;;9;20;2;;;1;2;1;;;1;998
12;2;19;29;29067;;3;2;No inventariada;;9;2;2;;;1;4;1;;;1;998
11;4;18;29;29067;;3;2;No inventariada;;9;2;2;;;1;1;1;;;1;998
11;6;21;29;29067;;3;2;No inventariada;;9;20;1;1;;1;4;1;;;1;998
12;1;15;29;29067;;3;2;No inventariada;;9;7;2;;;1;1;1;;;1;998
12;1;13;29;29067;;3;2;No inventariada;;9;9;1;4;;1;1;1;;;1;998
12;3;12;29;29067;;3;2;No inventariada;;9;7;1;2;;1;1;1;;;1;998
12;3;10;29;29067;;3;2;No inventariada;;9;2;2;;;1;1;1;;;1;998
12;1;10;29;29067;;3;2;No inventariada;;9;4;2;;;1;1;1;;;1;998
12;4;12;29;29067;;1;1;MA-20;1,3;3;4;1;4;MA-20;1;1;1;;;1;2
12;1;16;29;29067;;3;2;No inventariada;;9;10;1;4;;2;1;1;;;1;998
12;3;19;29;29067;;3;2;No inventariada;;9;4;1;4;;1;4;1;;;1;998
12;4;19;29;29067;;1;1;MA-20;6,506;3;4;2;;;1;4;1;;;1;1
11;5;4;29;29067;;3;2;No inventariada;;9;15;2;;;1;4;1;;;1;998
11;6;21;29;29067;;3;2;No inventariada;;9;1;2;;;1;4;1;;;1;998
11;6;22;29;29067;;3;2;No inventariada;;9;4;2;;;1;4;1;;;1;998
10;3;18;29;29067;;3;2;No inventariada;;9;7;2;;;1;3;1;;;3;998
12;3;8;29;29067;;3;2;No inventariada;;9;2;1;1;;1;1;1;;;1;998
12;2;16;29;29067;;3;2;No inventariada;;9;6;1;2;;1;1;1;;;17;998
11;6;13;29;29067;;3;2;No inventariada;;9;7;2;;;1;1;1;;;1;998
11;4;12;29;29067;;3;2;No inventariada;;9;7;2;;;1;1;1;;;1;998
12;5;4;29;29067;;3;2;No inventariada;;9;2;1;4;;1;4;1;;;1;998
11;5;21;29;29067;;3;2;No inventariada;;9;10;2;;;1;4;1;;;1;998
11;4;15;29;29067;;3;2;No inventariada;;9;2;2;;;1;1;1;;;1;998
11;5;18;29;29067;;3;2;No inventariada;;9;2;2;;;1;4;1;;;1;998
11;5;19;29;29067;;3;2;No inventariada;;9;4;2;;;1;4;1;;;1;998
11;5;14;29;29067;;3;2;No inventariada;;9;2;1;4;;1;1;1;;;1;998
12;7;16;29;29067;;3;2;No inventariada;;9;20;2;;;1;1;1;;;1;998
12;1;9;29;29067;;3;2;No inventariada;;9;2;1;2;;1;1;1;;;1;998
12;1;13;29;29067;;3;2;No inventariada;;9;7;2;;;1;1;1;;;2;998
11;7;4;29;29067;;3;2;No inventariada;;9;19;2;;;1;4;1;;;1;998
12;1;13;29;29067;;3;2;No inventariada;;9;2;2;;;1;1;1;;;1;998
12;1;19;29;29067;;3;2;No inventariada;;9;4;2;;;1;4;1;;;1;998
12;4;13;29;29067;;3;2;No inventariada;;9;7;1;1;;1;4;1;;;1;998
12;5;9;29;29067;;3;2;No inventariada;;9;20;2;;;1;1;1;;;1;998
12;4;9;29;29067;;3;2;No inventariada;;9;4;1;5;;1;1;1;;;1;998
12;7;19;29;29067;;3;2;No inventariada;;9;3;1;2;;1;1;1;;;1;998
12;7;20;29;29067;;3;2;No inventariada;;9;2;1;1;;1;4;1;;;1;998
11;4;9;29;29067;;3;2;No inventariada;;9;1;1;2;;3;1;3;;;9;998
11;3;8;29;29067;;3;2;No inventariada;;9;2;2;;;1;1;1;;;1;998
12;1;14;29;29067;;3;2;No inventariada;;9;4;2;;;1;1;1;;;1;998
12;2;11;29;29067;;3;2;No inventariada;;9;4;2;;;1;1;1;;;1;998
12;2;12;29;29067;;3;2;No inventariada;;9;2;1;5;;1;1;1;;;1;998
12;2;12;29;29067;;3;2;No inventariada;;9;4;2;;;1;1;1;;;1;998
12;3;13;29;29067;;3;2;No inventariada;;9;2;1;2;;1;1;1;;;1;998
12;3;15;29;29067;;3;2;No inventariada;;9;3;2;;;1;1;1;;;1;998
12;3;17;29;29067;;3;2;No inventariada;;9;7;2;;;1;1;1;;;6;998
12;3;20;29;29067;;3;2;No inventariada;;9;7;2;;;1;4;1;;;1;998
12;2;22;29;29067;;1;1;A-7;976,9;3;2;2;;;1;4;1;;;1;1
12;7;19;29;29067;;3;2;No inventariada;;9;2;1;4;;1;4;1;;;1;998
12;4;11;29;29067;;3;2;No inventariada;;9;2;1;4;;1;1;1;;;1;998
12;1;21;29;29067;;3;2;No inventariada;;9;10;2;;;1;4;1;;;1;998
11;6;19;29;29067;;3;2;No inventariada;;9;2;2;;;1;4;1;;;1;998
11;5;15;29;29067;;3;2;No inventariada;;9;2;1;2;;1;1;1;;;1;998
11;4;12;29;29067;;3;2;No inventariada;;9;3;2;;;1;1;1;;;1;998
12;4;23;29;29067;;3;2;No inventariada;;9;3;1;4;;1;4;1;;;1;998
12;1;21;29;29067;;3;2;No inventariada;;9;4;2;;;1;4;1;;;1;998
12;2;11;29;29067;;3;2;No inventariada;;9;7;2;;;1;1;1;;;1;998
12;5;18;29;29067;;3;2;No inventariada;;9;2;2;;;1;1;1;;;1;998
12;5;20;29;29067;;3;2;No inventariada;;9;20;2;;;1;4;1;;;1;998
12;6;14;29;29067;;3;2;No inventariada;;9;2;1;4;;1;1;1;;;1;998
12;6;15;29;29067;;3;2;No inventariada;;9;2;1;1;;1;1;1;;;1;998
12;7;11;29;29067;;3;2;No inventariada;;9;4;2;;;1;1;1;;;1;998
12;1;14;29;29067;;3;2;No inventariada;;9;20;2;;;1;1;1;;;1;998
12;1;22;29;29067;;3;2;No inventariada;;9;2;1;4;;1;4;1;;;1;998
12;2;17;29;29067;;1;1;MA-20;9;3;3;1;10;MA-20;1;3;1;;;1;1
12;7;21;29;29067;;3;2;No inventariada;;9;20;2;;;1;4;1;;;1;998
12;3;3;29;29067;;3;2;No inventariada;;9;10;1;4;;1;4;1;;;18;998
12;3;15;29;29067;;3;2;No inventariada;;9;3;2;;;1;1;1;;;1;998
12;3;18;29;29067;;3;2;No inventariada;;9;2;1;4;;1;3;1;;;1;998
12;3;14;29;29067;;3;2;No inventariada;;9;2;1;4;;1;1;1;;;1;998
10;6;20;29;29067;;3;2;No inventariada;;9;1;2;;;1;4;1;;;1;998
12;3;20;29;29067;;3;2;No inventariada;;9;10;2;;;1;4;1;;;1;998
12;4;7;29;29067;;3;2;No inventariada;;9;10;2;;;3;1;2;;;1;998
12;7;18;29;29067;;3;2;No inventariada;;9;6;2;;;1;2;1;;;1;998
12;7;10;29;29067;;3;2;No inventariada;;9;7;2;;;1;1;1;;;1;998
12;1;18;29;29067;;3;2;No inventariada;;9;7;2;;;1;4;1;;;1;998
12;2;23;29;29067;;3;2;No inventariada;;9;2;1;1;;1;4;1;;;1;998
12;4;17;29;29067;;3;2;No inventariada;;9;19;2;;;1;1;1;;;1;998
12;5;15;29;29067;;1;1;MA-20;7,962;3;4;2;;;1;1;1;;;1;1
12;4;7;29;29067;;3;2;No inventariada;;9;7;2;;;3;4;4;;;5;998
12;4;14;29;29067;;3;2;No inventariada;;9;5;1;1;;3;1;4;;;5;998
12;3;6;29;29067;;3;2;No inventariada;;9;3;1;4;;1;1;1;;;17;998
12;2;20;29;29067;;3;2;No inventariada;;9;4;1;1;;1;1;1;;;1;998
12;4;14;29;29067;;3;2;No inventariada;;9;4;2;;;1;1;1;;;1;998
12;4;15;29;29067;;3;2;No inventariada;;9;3;2;;;1;1;1;;;1;998
12;4;16;29;29067;;3;2;No inventariada;;9;2;2;;;1;1;1;;;1;998
11;6;14;29;29067;;3;2;No inventariada;;9;7;2;;;1;1;1;;;1;998
12;4;19;29;29067;;3;2;No inventariada;;9;4;1;4;;1;4;1;;;1;998
12;6;8;29;29067;;3;2;No inventariada;;9;2;1;5;;1;1;1;;;1;998
12;6;17;29;29067;;3;2;No inventariada;;9;20;2;;;1;1;1;;;1;998
12;4;0;29;29067;;3;2;No inventariada;;9;14;2;;;1;4;1;;;1;998
12;4;22;29;29067;;3;2;No inventariada;;9;3;2;;;1;4;1;;;1;998
12;5;13;29;29067;;3;2;No inventariada;;9;10;2;;;8;1;1;;;1;998
12;6;14;29;29067;;3;2;No inventariada;;9;2;2;;;1;1;1;;;1;998
12;7;17;29;29067;;3;2;No inventariada;;9;2;1;3;;1;1;1;;;1;998
12;7;13;29;29067;;3;2;No inventariada;;9;4;2;;;1;1;1;;;1;998
12;7;14;29;29067;;3;2;No inventariada;;9;4;2;;;1;1;1;;;1;998
12;1;13;29;29067;;3;2;No inventariada;;9;10;2;;;1;1;1;;;1;998
12;1;13;29;29067;;3;2;No inventariada;;9;10;2;;;1;1;1;;;1;998
12;2;16;29;29067;;3;2;No inventariada;;9;7;2;;;1;1;1;;;1;998
12;3;20;29;29067;;3;2;No inventariada;;9;2;1;3;;1;4;1;;;9;998
12;3;20;29;29067;;3;2;No inventariada;;9;2;1;3;;1;4;1;;;1;998
12;2;9;29;29067;;3;2;No inventariada;;9;2;1;1;;1;1;1;;;1;998
12;2;18;29;29067;;3;2;No inventariada;;9;1;2;;;1;4;1;;;9;998
12;3;14;29;29067;;3;2;No inventariada;;9;2;1;4;;1;1;1;;;1;998
12;3;18;29;29067;;3;2;No inventariada;;9;4;2;;;1;4;2;;;1;998
12;3;20;29;29067;;3;2;No inventariada;;9;10;2;;;1;4;2;;;1;998
12;2;18;29;29067;;3;2;No inventariada;;9;4;2;;;1;1;1;;;1;998
12;2;12;29;29067;;3;2;No inventariada;;9;4;2;;;1;1;1;;;1;998
12;2;14;29;29067;;3;2;No inventariada;;9;2;1;2;;1;1;1;;;1;998
10;5;10;29;29067;;3;2;No inventariada;;9;2;1;4;;1;1;1;;;1;998
12;4;7;29;29067;;3;2;No inventariada;;9;7;1;1;;3;4;4;;;5;998
12;4;10;29;29067;;3;2;No inventariada;;9;3;1;1;;3;1;3;;;5;998
11;4;19;29;29067;;3;2;No inventariada;;9;4;2;;;1;4;1;;;1;998
12;1;19;29;29067;;3;2;No inventariada;;9;4;2;;;1;1;1;;;1;998
12;1;16;29;29067;;3;2;No inventariada;;9;7;2;;;1;1;1;;;1;998
11;5;5;29;29067;;3;2;No inventariada;;9;4;2;;;1;4;1;;;1;998
12;3;12;29;29067;;3;2;No inventariada;;9;7;2;;;3;1;3;;;9;998
12;2;13;29;29067;;3;2;No inventariada;;9;4;2;;;1;1;1;;;1;998
12;2;15;29;29067;0;3;2;No inventariada;;9;2;2;;;1;1;1;;;1;998
12;2;14;29;29067;;3;2;No inventariada;;9;2;2;;;1;1;1;;;1;998
12;2;17;29;29067;;3;2;No inventariada;;9;10;1;2;;1;1;1;;;1;998
12;2;20;29;29067;;3;2;No inventariada;;9;4;2;;;1;4;1;;;1;998
12;5;12;29;29067;;3;2;No inventariada;;9;20;2;;;1;1;1;;;1;998
12;6;19;29;29067;;3;2;No inventariada;;9;4;2;;;1;4;1;;;1;998
12;6;20;29;29067;;3;2;No inventariada;;9;7;2;;;1;4;1;;;1;998
12;1;7;29;29067;;3;2;No inventariada;;9;7;2;;;1;4;1;;;1;998
12;1;20;29;29067;;3;2;No inventariada;;9;2;1;1;;1;1;1;;;1;998
2;6;18;29;29067;;3;2;No inventariada;;9;20;2;;;1;1;1;;;1;998
12;7;13;29;29067;;3;2;No inventariada;;9;5;2;;;1;1;1;;;1;998
12;3;7;29;29067;;1;1;MA-20;3,6;3;2;1;4;;1;4;1;;;3;1
12;2;15;29;29067;;3;2;No inventariada;;9;4;1;2;;1;1;1;;;1;998
12;2;15;29;29067;;3;2;No inventariada;;9;10;1;1;;7;1;1;;;1;998
12;4;14;29;29067;;3;2;No inventariada;;9;4;2;;;3;1;3;;;5;998
12;4;14;29;29067;;3;2;No inventariada;;9;4;2;;;3;1;3;;;5;998
12;3;17;29;29067;;3;2;No inventariada;;9;2;2;;;1;1;1;;;1;998
12;2;19;29;29067;;3;2;No inventariada;;9;5;2;;;1;4;1;;;1;998
12;3;12;29;29067;;3;2;No inventariada;;9;2;1;1;;1;1;1;;;1;998
12;4;17;29;29067;;3;2;No inventariada;;9;2;1;1;;3;1;2;;;1;998
12;5;8;29;29067;;3;2;No inventariada;;9;2;1;3;;3;1;2;;;1;998
12;4;21;29;29067;;3;2;No inventariada;;9;1;1;1;;3;4;2;;;1;998
12;5;23;29;29067;;3;2;No inventariada;;9;3;2;;;1;4;1;;;1;998
12;5;16;29;29067;;3;2;No inventariada;;9;4;1;2;;1;1;1;;;1;998
12;5;19;29;29067;;3;2;No inventariada;;9;2;2;;;1;4;1;;;1;998
12;6;9;29;29067;;3;2;No inventariada;;9;7;2;;;1;1;1;;;1;998
12;6;4;29;29067;;3;2;No inventariada;;9;10;2;;;1;1;1;;;1;998
12;7;11;29;29067;;3;2;No inventariada;;9;2;1;4;;1;1;1;;;1;998
12;6;15;29;29067;;3;2;No inventariada;;9;10;2;;;1;1;1;;;1;998
12;4;17;29;29067;;1;1;MA-20;3,043;3;5;2;;;3;1;3;;;1;1
12;2;17;29;29067;;3;2;No inventariada;;9;4;2;;;1;2;1;;;1;998
12;4;19;29;29067;;3;2;No inventariada;;9;4;1;1;;1;4;1;;;1;998
12;4;22;29;29067;;1;1;A-357;62;6;18;2;;;1;6;1;;;1;1
12;1;22;29;29067;;3;2;No inventariada;;9;10;2;;;8;4;1;;;17;998
12;6;21;29;29067;;3;2;No inventariada;;9;5;2;;;1;4;1;;;1;998
12;1;12;29;29067;;3;2;No inventariada;;9;4;2;;;1;1;1;;;1;998
12;3;10;29;29067;;3;2;No inventariada;;9;7;2;;;1;1;1;;;6;998
12;7;19;29;29067;;3;2;No inventariada;;9;4;1;5;;1;4;1;;;1;998
12;3;13;29;29067;;3;2;No inventariada;;9;4;2;;;1;1;1;;;1;998
12;1;12;29;29067;;3;2;No inventariada;;9;3;1;3;;1;1;1;;;1;998
12;3;17;29;29067;;3;2;No inventariada;;9;4;2;;;1;1;1;;;1;998
12;3;19;29;29067;;3;2;No inventariada;;9;2;1;1;;1;4;1;;;9;998
12;1;12;29;29067;;3;2;No inventariada;;9;10;2;;;1;1;1;;;1;998
12;1;15;29;29067;;3;2;No inventariada;;9;2;2;;;1;1;1;;;1;998
12;2;13;29;29067;;3;2;No inventariada;;9;2;2;;;1;1;1;;;1;998
12;2;9;29;29067;;3;2;No inventariada;;9;5;2;;;1;1;1;;;1;998
12;3;12;29;29067;;3;2;No inventariada;;9;2;1;1;;1;1;1;;;1;998
12;4;11;29;29067;;3;2;No inventariada;;9;2;2;;;1;1;1;;;1;998
12;4;11;29;29067;;3;2;No inventariada;;9;4;2;;;1;1;2;;;1;998
12;4;13;29;29067;;3;2;No inventariada;;9;2;1;5;;1;1;1;;;1;998
12;5;22;29;29067;;1;1;A-7;979,002;3;16;2;;;1;4;1;;;3;3
12;2;10;29;29067;;3;2;No inventariada;;9;10;1;4;;1;1;1;;;1;998
12;5;16;29;29067;;3;2;No inventariada;;9;2;1;5;;1;1;1;;;1;998
12;7;16;29;29067;;3;2;No inventariada;;9;4;1;2;;1;1;1;;;1;998
12;7;21;29;29067;;3;2;No inventariada;;9;2;2;;;1;4;1;;;1;998
12;6;3;29;29067;;1;1;MA-20;3,693;3;15;2;;;1;4;1;;;1;3
12;7;1;29;29067;;3;2;No inventariada;;9;7;2;;;1;4;1;;;1;998
12;2;17;29;29067;;3;2;No inventariada;;9;10;2;;;1;1;1;;;1;998
12;2;17;29;29067;;3;2;No inventariada;;9;2;2;;;1;1;1;;;1;998
12;2;19;29;29067;;3;2;No inventariada;;9;3;1;3;;1;4;1;;;1;998
12;5;17;29;29067;;3;2;No inventariada;;9;7;2;;;1;2;1;;;1;998
12;1;14;29;29067;;1;1;MA-20;9;3;5;2;;;1;1;1;;;1;1
12;1;17;29;29067;;1;1;MA-20;6,52;3;4;2;;;1;3;1;;;1;1
12;5;14;29;29067;;3;2;No inventariada;;9;2;1;1;;1;1;1;;;1;998
12;4;15;29;29067;;3;2;No inventariada;;9;2;1;2;;3;1;3;;;1;998
12;4;19;29;29067;;3;2;No inventariada;;9;10;1;2;;3;4;1;;;1;998
12;7;14;29;29067;;3;2;No inventariada;;9;2;1;4;;1;1;1;;;1;998
12;5;16;29;29067;;3;2;No inventariada;;9;4;1;1;;1;1;1;;;1;998
12;6;22;29;29067;;3;2;No inventariada;;9;3;1;2;;1;4;1;;;1;998
12;5;14;29;29067;;3;2;No inventariada;;9;2;1;2;;1;1;1;;;1;998
12;7;10;29;29067;;3;2;No inventariada;;9;10;2;;;1;1;1;;;1;998
12;3;6;29;29067;;1;1;A-7054;7,453;6;1;2;;;1;4;1;;;1;1
12;1;12;29;29067;;3;2;No inventariada;;9;10;2;;;1;1;1;;;1;998
12;3;20;29;29067;;3;2;No inventariada;;9;4;1;2;;1;4;1;;;1;998
11;6;11;29;29067;;3;2;No inventariada;;9;2;1;1;;1;1;1;;;9;998
12;6;22;29;29067;;3;2;No inventariada;;9;4;1;5;;1;4;1;;;1;998
4;3;14;29;29067;;3;2;No inventariada;;9;10;2;;;1;1;1;;;1;998
12;2;19;29;29067;;3;2;No inventariada;;9;4;2;;;1;4;1;;;1;998
12;2;12;29;29067;;3;2;No inventariada;;9;2;1;2;;1;1;1;;;1;998
12;1;12;29;29067;;3;2;No inventariada;;9;2;1;2;;1;1;1;;;1;998
12;3;17;29;29067;;3;2;No inventariada;;9;2;1;1;;1;1;1;;;1;998
12;7;0;29;29067;;3;2;No inventariada;;9;20;2;;;1;4;1;;;1;998
12;4;21;29;29067;;3;2;No inventariada;;9;1;2;;;1;4;1;;;1;998
12;5;10;29;29067;;3;2;No inventariada;;9;2;1;4;;1;1;1;;;1;998
12;2;18;29;29067;;3;2;No inventariada;;9;9;2;;;1;4;1;;;1;998
12;5;18;29;29067;;1;1;MA-20;9,325;3;5;2;;;1;4;1;;;1;1
12;5;0;29;29067;;3;2;No inventariada;;9;2;1;3;;1;4;1;;;1;998
12;5;11;29;29067;;3;2;No inventariada;;9;4;2;;;1;1;1;;;1;998
12;5;17;29;29067;;3;2;No inventariada;;9;2;1;2;;1;1;1;;;1;998
12;1;17;29;29067;;3;2;No inventariada;;9;10;1;1;;1;1;1;;;1;998
12;7;0;29;29067;;3;2;No inventariada;;9;2;1;1;;1;4;1;;;1;998
12;2;15;29;29067;;3;2;No inventariada;;9;2;1;2;;1;1;1;;;1;998
12;5;22;29;29067;;1;1;MA-20;4,091;3;15;2;;;3;4;4;;;1;1
12;3;15;29;29067;;3;2;No inventariada;;9;20;2;;;1;1;1;;;1;998
12;1;12;29;29067;;3;2;No inventariada;;9;2;1;5;;1;1;1;;;1;998
12;2;13;29;29067;;3;2;No inventariada;;9;2;1;1;;1;1;1;;;1;998
12;2;12;29;29067;;3;2;No inventariada;;9;16;2;;;1;1;1;;;1;998
12;7;0;29;29067;;3;2;No inventariada;;9;2;1;1;;1;4;1;;;1;998
12;3;17;29;29067;;3;2;No inventariada;;9;4;2;;;1;3;1;;;1;998
12;7;12;29;29067;;3;2;No inventariada;;9;12;1;1;;1;1;1;;;1;998
12;6;9;29;29067;;3;2;No inventariada;;9;4;2;;;1;1;1;;;1;998
12;2;14;29;29067;;3;2;No inventariada;;9;2;2;;;1;1;1;;;1;998
12;2;22;29;29067;;3;2;No inventariada;;9;2;1;1;;1;4;1;;;1;998
12;5;14;29;29067;;3;2;No inventariada;;9;4;2;;;1;1;2;;;1;998
12;6;23;29;29067;;3;2;No inventariada;;9;2;1;1;;1;4;1;;;1;998
12;6;20;29;29067;;3;2;No inventariada;;9;4;2;;;1;4;1;;;17;998
12;2;13;29;29067;;3;2;No inventariada;;9;2;1;2;;1;1;1;;;1;998
12;3;14;29;29067;;3;2;No inventariada;;9;4;2;;;1;1;1;;;1;998
12;1;9;29;29067;;3;2;No inventariada;;9;2;1;4;;1;1;1;;;1;998
12;4;16;29;29067;;3;2;No inventariada;;9;4;2;;;1;1;1;;;1;998
12;2;15;29;29067;;1;1;A-7;998;3;4;2;;;1;4;2;;;1;3
12;1;18;29;29067;;3;2;No inventariada;;9;4;2;;;1;3;1;;;1;998
12;7;15;29;29067;;3;2;No inventariada;;9;4;1;2;;1;1;7;;;1;998
1;2;22;29;29068;;1;1;A-377;1,2;6;2;2;;;3;4;2;;;18;4
3;6;13;29;29068;;1;1;A-7;1087,5;3;15;2;;;3;1;4;;;1;2
3;2;14;29;29068;;3;2;No inventariada;;9;7;2;;;1;1;1;1;;9;998
4;7;11;29;29068;;3;2;No inventariada;;9;1;2;;;1;1;1;1;;1;998
5;7;14;29;29068;;1;1;A-377;1,484;6;3;2;;;1;1;1;;;1;2
5;7;15;29;29068;;1;1;A-7;1080,5;3;4;2;;;1;1;1;;;1;1
5;3;20;29;29068;;3;2;No inventariada;;9;4;2;;;1;2;1;1;;1;998
6;7;0;29;29068;;1;1;A-7;1083,5;5;3;2;;;1;6;1;;;1;1
6;1;13;29;29068;;1;1;A-377;1,9;6;2;2;;;1;1;1;;;4;2
6;7;21;29;29068;;3;2;No inventariada;;9;7;2;;;1;3;1;1;;1;998
6;7;21;29;29068;;3;2;No inventariada;;9;7;2;;;1;3;1;1;;1;998
7;1;21;29;29068;;3;2;No inventariada;;9;2;2;;;1;2;1;1;;6;998
7;7;21;29;29068;;3;2;No inventariada;;9;2;2;;;1;2;1;1;;1;998
8;1;17;29;29068;;3;2;No inventariada;;9;1;2;;;1;1;1;1;;1;998
8;5;13;29;29068;;3;2;No inventariada;;9;7;2;;;1;1;1;1;;18;998
8;1;20;29;29068;;3;2;No inventariada;;9;4;2;;;1;2;1;1;;1;998
9;7;21;29;29068;;1;1;A-377;0,3;6;2;2;;;1;6;1;;;1;1
9;3;6;29;29068;;1;1;A-377;3,6;6;1;2;;;1;4;1;;;4;2
9;1;22;29;29068;;1;1;A-377;0,1;6;4;2;;;1;5;1;;;1;1
10;6;17;29;29068;;1;1;A-377;2;6;2;2;;;3;1;3;;;1;2
10;7;20;29;29068;;1;1;AP-7;139,927;1;4;2;;;1;6;1;;;1;1
8;6;14;29;29068;;3;2;No inventariada;;13;10;2;;;1;1;1;1;;1;998
9;5;15;29;29068;;3;2;No inventariada;;9;15;2;;;1;1;1;1;;1;998
9;7;17;29;29068;;3;2;No inventariada;;14;10;2;;;7;1;1;1;;1;998
9;7;17;29;29068;;3;2;No inventariada;;9;16;2;;;1;1;1;1;;1;998
9;3;14;29;29068;;3;2;No inventariada;;9;10;2;;;1;1;1;1;;1;998
10;5;19;29;29068;;1;1;MA-3203;1085,2;6;4;2;;;1;2;1;1;;1;1
10;5;17;29;29068;;4;2;A-377;0;6;4;2;;;1;1;1;1;;1;1
10;2;10;29;29068;;1;1;A-377;4;6;1;1;4;;1;1;1;1;;1;2
10;7;12;29;29068;;3;2;No inventariada;;14;5;2;;;1;1;1;1;;1;998
11;7;20;29;29068;;3;2;No inventariada;;14;7;2;;;1;4;1;;;18;998
11;5;9;29;29068;;3;2;No inventariada;;9;7;2;;;1;1;1;1;;1;998
11;5;8;29;29068;;1;1;A-377;1,4;6;2;2;;;1;1;1;1;;1;4
12;7;17;29;29068;;1;1;A-7;1082,471;3;3;1;4;;1;1;1;;;1;1
12;6;10;29;29068;;3;2;No inventariada;;14;2;2;;;1;1;1;;;1;998
1;3;14;29;29069;;3;2;No inventariada;;9;7;1;2;;1;1;1;;;1;998
1;1;13;29;29069;;3;2;No inventariada;;9;20;1;4;;1;1;1;;;1;998
1;4;10;29;29069;;3;2;No inventariada;;9;3;2;;;3;1;3;;;1;998
1;2;17;29;29069;;1;1;A-7;1049;3;5;2;;;3;1;3;;;1;1
1;2;9;29;29069;;3;2;No inventariada;;9;4;1;2;;3;1;3;;;1;998
1;2;9;29;29069;;3;2;No inventariada;;9;15;2;;;3;1;3;;;5;998
1;2;10;29;29069;;3;2;No inventariada;;9;4;1;1;;3;1;3;;;1;998
1;2;17;29;29069;;3;2;No inventariada;;9;3;1;1;;3;1;1;;;1;998
1;5;18;29;29069;;1;1;A-7;1042;3;4;2;;;1;1;1;;;1;1
1;1;17;29;29069;;1;1;A-7;1052;3;4;2;;;1;1;1;;;1;1
1;1;11;29;29069;;3;2;No inventariada;;9;4;1;1;;1;1;1;;;1;998
1;2;15;29;29069;;3;2;No inventariada;;9;4;1;2;;1;1;1;;;1;998
1;2;20;29;29069;;3;2;No inventariada;;9;7;1;2;;3;4;7;;;5;998
1;5;21;29;29069;;3;2;No inventariada;;9;7;2;;;1;4;1;;;1;998
1;3;16;29;29069;;3;2;No inventariada;;9;7;1;2;;1;1;1;;;1;998
1;4;12;29;29069;;3;2;No inventariada;;9;19;1;4;;1;1;1;;;1;998