MES;DIA_SEMANA;HORA;COD_PROVINCIA;COD_MUNICIPIO;ISLA;ZONA;ZONA_AGRUPADA;CARRETERA;KM;TIPO_VIA;TIPO_ACCIDENTE;NUDO;NUDO_INFO;CARRETERA_CRUCE;CONDICION_FIRME;CONDICION_ILUMINACION;CONDICION_METEO;CONDICION_NIEBLA;CONDICION_VIENTO;VISIB_RESTRINGIDA_POR;TRAZADO_PLANTA
1;1;17;29;29069;;3;2;No inventariada;;9;20;2;;;1;1;1;;;1;998
1;2;18;29;29069;;3;2;No inventariada;;9;7;1;1;;1;4;1;;;1;998
1;1;19;29;29069;;3;2;No inventariada;;9;3;1;2;;1;4;1;;;17;998
1;4;23;29;29069;;3;2;No inventariada;;9;3;2;;;1;6;1;;;1;998
1;3;20;29;29069;;3;2;No inventariada;;9;7;1;2;;1;4;1;;;1;998
1;5;9;29;29069;;3;2;No inventariada;;9;15;2;;;3;1;3;;;5;998
1;3;7;29;29069;;3;2;No inventariada;;9;15;1;2;;3;1;1;;;1;998
1;2;19;29;29069;;3;2;No inventariada;;9;7;1;2;;1;5;1;;;17;998
1;1;15;29;29069;;3;2;No inventariada;;9;3;1;2;;1;1;2;;;1;998
1;3;12;29;29069;;3;2;No inventariada;;9;5;2;;;1;1;1;;;1;998
2;4;15;29;29069;;3;2;No inventariada;;14;20;1;5;;1;1;1;;;1;998
2;6;14;29;29069;;3;2;No inventariada;;9;3;2;;;1;1;1;;;1;998
2;6;15;29;29069;;3;2;No inventariada;;9;10;1;4;;1;1;1;;;1;998
1;3;8;29;29069;;3;2;No inventariada;;9;7;1;1;;3;1;3;;;5;998
1;3;9;29;29069;;3;2;No inventariada;;9;4;1;2;;1;1;1;;;1;998
2;4;3;29;29069;;3;2;No inventariada;;9;3;2;;;1;4;1;;;1;998
2;3;23;29;29069;;3;2;No inventariada;;7;4;2;;;1;4;1;;;1;998
2;3;14;29;29069;;3;2;No inventariada;;9;3;1;4;;1;1;1;;;1;998
1;2;16;29;29069;;3;2;No inventariada;;9;20;2;;;1;1;1;;;1;998
2;2;12;29;29069;;3;2;No inventariada;;9;3;1;1;;1;1;1;;;1;998
2;5;13;29;29069;;1;1;A-7;1045,8;3;16;2;;;3;1;4;;;5;1
1;1;9;29;29069;;3;2;No inventariada;;9;3;1;2;;1;1;1;;;1;998
2;3;8;29;29069;;3;2;No inventariada;;9;3;1;2;;1;1;1;;;1;998
2;1;23;29;29069;;3;2;No inventariada;;9;16;1;4;;1;4;1;;;1;998
2;3;1;29;29069;;1;1;A-7;1055,5;3;16;2;;;1;4;1;;;1;1
2;4;16;29;29069;;3;2;No inventariada;;9;3;2;;;1;1;1;;;1;998
2;2;8;29;29069;;1;1;A-7;1041;3;5;2;;;1;1;1;;;6;1
2;5;23;29;29069;;1;1;A-7;1041;3;5;2;;;1;4;1;;;1;2
2;1;16;29;29069;;1;1;A-7;1033;8;4;1;2;A-7;1;1;1;;;1;1
2;4;15;29;29069;;3;2;No inventariada;;9;3;1;1;;1;1;1;;;1;998
2;1;16;29;29069;;1;1;A-7;1051;3;4;2;;;1;1;1;;;18;4
2;3;17;29;29069;;3;2;No inventariada;;9;3;1;4;;1;1;1;;;1;998
2;4;14;29;29069;;3;2;No inventariada;;9;3;1;4;;1;1;1;;;1;998
2;7;10;29;29069;;3;2;No inventariada;;9;20;2;;;3;1;1;;;1;998
1;4;9;29;29069;;3;2;No inventariada;;9;4;1;2;;3;1;2;;;1;998
2;2;13;29;29069;;3;2;No inventariada;;9;4;2;;;1;1;1;;;1;998
2;4;23;29;29069;;1;1;AP-7;179;1;3;2;;;3;4;3;;;1;1
2;2;21;29;29069;;3;2;No inventariada;;9;7;1;2;;1;4;1;;;1;998
2;6;3;29;29069;;1;1;A-7;1043;3;7;1;4;;1;3;1;;;1;1
2;5;2;29;29069;;1;1;A-7;1044;3;18;2;;;3;6;1;;;1;1
2;3;17;29;29069;;3;2;No inventariada;;9;3;1;5;;1;1;1;;;1;998
2;7;18;29;29069;;3;2;No inventariada;;9;4;2;;;1;1;2;;;5;998
2;5;13;29;29069;;3;2;No inventariada;;9;7;1;2;;1;1;1;;;1;998
2;6;10;29;29069;;3;2;No inventariada;;9;20;1;2;;1;1;1;;;1;998
2;3;20;29;29069;;3;2;No inventariada;;9;3;2;;;1;4;1;;;1;998
2;4;21;29;29069;;3;2;No inventariada;;9;6;1;2;;1;4;1;;;1;998
3;1;20;29;29069;;1;1;A-7;1055,6;3;4;2;;;1;4;1;;;1;1
3;6;22;29;29069;;3;2;No inventariada;;9;20;1;2;;3;4;1;;;1;998
3;6;15;29;29069;;3;2;No inventariada;;9;15;1;4;;3;1;3;;;1;998
3;2;12;29;29051;;1;1;AP-7;153,1;1;4;2;;;1;1;1;;;1;1
3;2;13;29;29069;;1;1;A-7;1054;3;4;2;;;1;1;1;;;1;1
3;1;8;29;29069;;3;2;No inventariada;;9;7;1;1;;1;1;1;;;1;998
3;5;16;29;29069;;3;2;No inventariada;;9;10;1;4;;1;1;1;;;1;998
3;2;10;29;29069;;3;2;No inventariada;;9;3;1;1;;1;1;1;;;1;998
2;5;18;29;29069;;3;2;No inventariada;;9;12;2;;;1;3;2;;;1;998
3;4;15;29;29069;;3;2;No inventariada;;9;10;2;;;3;1;3;;;1;998
3;3;18;29;29069;;3;2;No inventariada;;9;4;1;2;;1;1;1;;;1;998
3;5;23;29;29069;;3;2;No inventariada;;9;3;1;1;;4;4;7;;;1;998
3;4;13;29;29069;;1;1;A-7;1041,501;3;4;2;;;1;1;1;;;1;1
3;4;18;29;29069;;3;2;No inventariada;;9;7;1;2;;3;1;2;;;1;998
3;7;7;29;29070;;1;1;A-7;1030;3;16;2;;;1;4;1;;;1;1
3;7;11;29;29069;;1;1;A-7;1055;3;4;2;;;1;1;1;;;1;1
3;4;19;29;29069;;1;1;A-7;1052;3;4;2;;;1;1;1;;;1;1
3;7;22;29;29069;;1;1;A-7;1042,4;3;12;2;;;3;4;3;;;1;2
3;3;14;29;29069;;1;1;A-7;1049,404;3;5;2;;;3;1;3;;;1;1
3;6;13;29;29069;;1;1;A-7;1039;3;4;1;2;;3;1;3;;;1;1
3;5;22;29;29069;;3;2;No inventariada;;9;12;2;;;4;5;7;;;1;998
3;2;21;29;29069;;3;2;No inventariada;;9;7;1;1;;3;4;2;;;5;998
3;6;21;29;29069;;3;2;No inventariada;;9;3;1;2;;3;4;3;;;1;998
3;7;23;29;29069;;3;2;No inventariada;;9;7;1;2;;1;4;1;;;1;998
3;6;14;29;29069;;3;2;No inventariada;;9;3;2;;;1;1;1;;;1;998
3;6;12;29;29069;;3;2;No inventariada;;9;15;1;2;;8;1;1;;;1;998
3;4;17;29;29069;;3;2;No inventariada;;9;20;2;;;1;1;1;;;1;998
4;1;8;29;29069;;3;2;No inventariada;;9;7;1;2;;3;1;2;;;1;998
3;5;18;29;29069;;3;2;No inventariada;;9;4;1;1;;1;1;1;;;1;998
4;5;13;29;29069;;3;2;No inventariada;;9;1;1;1;;1;1;1;;;1;998
4;6;12;29;29069;;3;2;No inventariada;;9;3;1;4;;1;1;1;;;1;998
4;7;9;29;29069;;3;2;No inventariada;;9;20;1;2;;1;1;1;;;1;998
4;5;7;29;29069;;3;2;No inventariada;;9;15;2;;;1;1;1;;;1;998
4;1;11;29;29069;;3;2;No inventariada;;9;7;2;;;1;1;1;;;1;998
4;2;13;29;29069;;3;2;No inventariada;;9;7;1;1;;4;1;1;;;1;998
4;1;9;29;29069;;1;1;A-7;1038,9;3;4;2;;;1;1;1;;;1;1
4;1;11;29;29069;;1;1;A-7;1036,7;3;4;2;;;1;1;1;;;1;1
4;2;13;29;29069;;1;1;A-7;1040,1;3;5;2;;;1;1;1;;;1;1
1;1;0;29;29069;;3;2;No inventariada;;9;16;1;2;;1;4;1;;;1;998
4;3;17;29;29069;;3;2;No inventariada;;9;3;1;1;;1;1;1;;;1;998
4;5;21;29;29069;;3;2;No inventariada;;9;3;1;4;;1;4;1;;;1;998
4;2;8;29;29069;;1;1;A-7;1047;3;4;2;;;1;1;1;;;1;1
4;1;8;29;29069;;1;1;A-7;1046;3;4;2;;;1;1;1;;;1;1
4;1;19;29;29069;;3;2;No inventariada;;9;4;1;2;;1;1;1;;;1;998
4;1;19;29;29069;;1;1;A-7;1050;3;3;2;;;1;1;1;;;1;1
4;4;9;29;29069;;3;2;No inventariada;;9;4;1;2;;1;1;1;;;1;998
4;5;19;29;29069;;3;2;No inventariada;;9;4;2;;;1;1;1;;;1;998
4;1;19;29;29069;;3;2;No inventariada;;9;2;1;2;;1;1;1;;;1;998
4;3;8;29;29069;;3;2;No inventariada;;9;7;2;;;1;1;1;;;1;998
4;5;23;29;29069;;3;2;No inventariada;;9;1;2;;;1;4;1;;;1;998
4;6;18;29;29069;;1;1;A-7;1051,8;3;4;2;;;1;1;1;;;1;1
4;3;20;29;29069;;3;2;No inventariada;;9;3;1;1;;1;4;1;;;1;998
5;5;14;29;29069;;1;1;A-7;1045,97;3;5;2;;;1;1;1;;;1;1
4;4;17;29;29069;;3;2;No inventariada;;9;20;1;1;;1;1;1;;;1;998
5;6;20;29;29069;;3;2;No inventariada;;9;14;1;2;;3;4;1;;;1;998
5;7;15;29;29069;;1;1;A-7;1037,813;3;9;2;;;1;1;1;;;1;1
5;3;9;29;29069;;1;1;A-7;1039;3;5;2;;;1;1;1;;;1;1
5;1;18;29;29069;;1;1;A-7;1046;3;3;2;;;1;1;1;;;1;1
3;5;19;29;29069;;3;2;No inventariada;;11;7;2;;;1;1;1;;;1;998
5;1;18;29;29069;;1;1;A-7;1044;3;5;2;;;1;1;1;;;1;1
5;1;22;29;29069;;1;1;A-7;1035,5;3;4;2;;;1;4;1;;;1;1
5;2;6;29;29069;;1;1;A-7;1035;3;3;2;;;1;3;1;;;1;1
5;1;8;29;29069;;1;1;A-7;1053,5;3;5;2;;;1;4;1;;;17;1
5;4;11;29;29069;;1;1;AP-7;177;1;12;2;;;1;1;1;;;1;2
5;2;18;29;29069;;3;2;No inventariada;;9;7;1;1;;1;1;1;;;1;998
5;6;17;29;29069;;3;2;No inventariada;;9;3;1;2;;1;1;1;;;1;998
5;6;21;29;29069;;3;2;No inventariada;;9;3;1;5;;1;3;1;;;1;998
5;2;9;29;29069;;3;2;No inventariada;;9;4;1;2;;1;1;1;;;1;998
5;1;11;29;29069;;3;2;No inventariada;;9;7;1;1;;1;1;1;;;1;998
5;4;14;29;29069;;3;2;No inventariada;;9;7;2;;;1;1;1;;;1;998
5;3;12;29;29069;;3;2;No inventariada;;9;7;1;4;;1;1;1;;;1;998
5;7;19;29;29069;;3;2;No inventariada;;9;19;2;;;3;1;1;;;1;998
5;4;10;29;29069;;3;2;No inventariada;;9;7;1;4;;1;1;1;;;1;998
5;1;19;29;29069;;3;2;No inventariada;;9;4;1;2;;1;1;1;;;1;998
5;4;15;29;29069;;3;2;No inventariada;;9;20;1;1;;1;1;1;;;1;998
5;4;17;29;29069;;1;1;A-7;1048,2;2;5;2;;;1;1;1;;;1;1
5;3;14;29;29069;;3;2;No inventariada;;9;2;1;2;;1;1;1;;;1;998
6;6;7;29;29069;;1;1;A-7;1046,8;3;4;2;;;1;1;1;;;1;1
6;7;0;29;29069;;1;1;A-7;1034,825;3;3;1;2;;1;4;1;;;1;1
6;7;17;29;29069;;1;1;AP-7;190,1;1;14;2;;;1;1;1;;;1;1
6;1;13;29;29069;;1;1;A-7;1047,5;3;3;2;;;1;1;1;;;1;1
5;6;1;29;29069;;3;2;No inventariada;;7;7;2;;;1;5;1;;;1;998
6;6;19;29;29069;;1;1;A-7;1035,9;3;9;2;;;1;1;1;;;1;1
6;3;17;29;29069;;1;1;A-7;1044;3;4;2;;;1;1;1;;;1;1
6;3;11;29;29069;;1;1;A-7;1038;3;4;2;;;1;1;1;;;1;1
6;4;11;29;29069;;1;1;A-7;1053;3;4;2;;;1;4;1;;;17;1
6;2;18;29;29069;;1;1;A-7;1039;3;3;1;2;;1;1;1;;;1;1
6;7;19;29;29069;;1;1;A-7;1050,3;3;4;2;;;1;1;1;;;1;1
6;7;19;29;29069;;1;1;A-7;1050,3;3;4;2;;;1;1;1;;;9;1
6;7;5;29;29069;;3;2;No inventariada;;9;9;1;5;;1;4;1;;;1;998
6;5;16;29;29069;;3;2;No inventariada;;9;3;1;1;;1;1;1;;;1;998
6;5;12;29;29069;;3;2;No inventariada;;9;4;1;5;;3;1;3;;;17;998
6;3;15;29;29069;;3;2;No inventariada;;9;3;1;2;;1;1;1;;;1;998
5;5;13;29;29069;;3;2;No inventariada;;9;19;2;;;1;1;1;;;1;998
6;6;17;29;29069;;3;2;No inventariada;;9;20;2;;;1;1;1;;;1;998
5;4;22;29;29069;;3;2;No inventariada;;9;7;1;4;;1;4;1;;;1;998
5;2;20;29;29069;;3;2;No inventariada;;9;3;2;;;1;3;1;;;1;998
6;5;12;29;29069;;3;2;No inventariada;;9;7;1;2;;1;1;1;;;1;998
6;1;15;29;29069;;3;2;No inventariada;;9;4;1;2;;1;1;1;;;1;998
6;4;13;29;29069;;3;2;No inventariada;;9;4;1;2;;1;1;1;;;1;998
6;7;17;29;29069;;3;2;No inventariada;;9;20;1;2;;1;1;1;;;1;998
5;4;20;29;29069;;3;2;No inventariada;;9;7;2;;;1;1;1;;;1;998
6;6;12;29;29069;;3;2;No inventariada;;9;3;1;2;;1;1;1;;;1;998
6;2;13;29;29069;;3;2;No inventariada;;9;3;1;4;;1;1;1;;;1;998
6;5;5;29;29069;;3;2;No inventariada;;9;6;1;2;;1;4;1;;;1;998
6;1;13;29;29069;;3;2;No inventariada;;9;5;1;5;;1;1;1;;;1;998
5;3;9;29;29069;;3;2;No inventariada;;9;3;1;1;;1;1;1;;;1;998
6;6;15;29;29069;;3;2;No inventariada;;9;2;2;;;1;1;1;;;1;998
6;5;3;29;29069;;1;1;A-7;1044,125;3;1;2;;;1;4;1;;;1;1
6;3;13;29;29069;;1;1;A-7;1048,5;3;4;2;;;1;1;1;;;1;1
6;7;11;29;29069;;3;2;No inventariada;;14;20;1;2;;1;1;1;;;1;998
6;7;11;29;29069;;3;2;No inventariada;;9;19;1;4;;1;1;1;;;1;998
6;4;13;29;29069;;3;2;No inventariada;;9;7;1;2;;1;1;1;;;1;998
6;5;9;29;29069;;3;2;No inventariada;;9;7;2;;;1;1;1;;;1;998
6;1;4;29;29069;;3;2;No inventariada;;9;3;2;;;1;4;1;;;5;998
7;2;14;29;29069;;1;1;A-7;1038,237;3;2;1;2;;1;1;1;;;1;1
7;2;20;29;29069;;1;1;AP-7;177,6;1;3;1;2;A-7;1;1;1;;;1;1
6;5;10;29;29069;;3;2;No inventariada;;9;3;2;;;1;1;1;;;1;998
6;5;10;29;29069;;3;2;No inventariada;;9;10;1;2;;3;1;3;;;1;998
6;4;16;29;29069;;3;2;No inventariada;;9;20;1;2;;1;1;1;;;1;998
6;4;19;29;29069;;3;2;No inventariada;;9;7;2;;;1;1;1;;;1;998
6;7;20;29;29069;;3;2;No inventariada;;9;4;2;;;1;1;1;;;1;998
6;2;19;29;29069;;3;2;No inventariada;;9;10;1;1;;1;1;1;;;6;998
6;2;9;29;29069;;3;2;No inventariada;;9;4;1;1;;1;1;1;;;1;998
6;6;12;29;29069;;3;2;No inventariada;;9;3;1;2;;1;1;1;;;1;998
7;6;15;29;29069;;1;1;A-7;1049;3;4;2;;;1;1;1;;;1;1
7;6;19;29;29070;;1;1;A-7;1030;3;12;2;;;1;1;1;;;1;1
7;6;13;29;29069;;1;1;A-7;1049,5;3;4;2;;;1;1;1;;;1;2
7;4;18;29;29069;;1;1;A-7;1040,1;3;3;2;;;1;1;1;;;1;1
7;1;19;29;29069;;1;1;A-7;1038;3;5;2;;;1;1;1;;;1;1
7;3;8;29;29069;;1;1;A-7;1031,7;3;3;2;;;1;1;1;;;1;1
7;2;11;29;29069;;1;1;AP-7;172;1;4;1;2;;1;1;1;;;1;1
7;4;17;29;29069;;1;1;A-7;1050;3;4;2;;;1;1;1;;;1;1
7;5;17;29;29069;;1;1;A-7;1049,9;3;3;2;;;1;1;1;;;1;1
7;5;7;29;29069;;1;1;A-7;1042;3;3;2;;;1;1;1;;;1;1
7;6;19;29;29069;;1;1;A-7;1050;3;4;2;;;1;1;1;;;1;1
7;7;8;29;29069;;1;1;A-7;1032,5;3;16;1;12;A-7;1;2;1;;;6;2
7;3;20;29;29069;;1;1;A-7;1039,573;3;4;2;;;1;1;1;;;1;1
7;2;10;29;29069;;1;1;A-7;1038;3;4;1;2;;1;1;1;;;1;1
7;1;12;29;29069;;1;1;A-7;1031;3;4;2;;;1;1;1;;;1;1
7;1;6;29;29069;;1;1;A-7;1042;3;4;2;;;1;3;1;;;1;3
7;3;5;29;29069;;1;1;A-7;1037;3;7;2;;;1;1;1;;;1;1
7;3;16;29;29069;;1;1;A-7;1047,276;3;4;2;;;1;1;1;;;1;1
8;4;1;29;29069;;1;1;A-7;1039;3;4;2;;;1;4;1;;;1;1
8;4;6;29;29069;;1;1;A-7;1048,5;3;4;2;;;1;3;1;;;1;1
8;1;16;29;29069;;1;1;A-7;1048,7;3;4;2;;;1;1;1;;;1;1
8;1;14;29;29069;;1;1;A-7;1037;3;4;2;;;1;1;1;;;1;1
8;1;14;29;29069;;1;1;A-7;1037,9;3;4;2;;;1;1;1;;;9;1
8;1;16;29;29069;;1;1;A-7;1033,2;3;4;1;2;;1;1;1;;;1;1
8;5;22;29;29069;;1;1;A-7;1050,5;3;5;2;;;1;4;1;;;1;1
8;3;10;29;29069;;1;1;A-7;1045,2;3;4;2;;;1;1;1;;;1;1
8;4;10;29;29069;;1;1;A-7;1053;3;4;2;;;1;1;1;;;1;1
8;1;21;29;29069;;1;1;A-7;1054,5;3;4;2;;;1;4;1;;;1;1
8;3;12;29;29069;;1;1;A-7;1031,3;3;5;2;;;1;1;1;;;1;3
8;3;12;29;29069;;1;1;A-7;1052,3;3;4;2;;;1;1;1;;;1;1
8;5;16;29;29069;;1;1;A-7;1043;3;3;2;;;1;1;1;;;1;1
8;4;22;29;29069;;1;1;A-7;1045,2;3;3;2;;;1;4;1;;;1;1
9;3;17;29;29069;;1;1;A-7;1036;3;2;2;;;1;1;1;;;1;1
9;3;9;29;29070;;1;1;A-7;1030;3;4;2;;;1;1;1;;;1;1
9;7;10;29;29069;;1;1;A-7;1036,325;3;4;2;;;1;1;1;;;1;1
9;2;15;29;29069;;1;1;A-7;1054,8;3;4;2;;;1;1;1;;;1;1
9;4;22;29;29069;;1;1;A-7;1031;3;4;2;;;1;4;1;;;1;1
9;1;22;29;29069;;1;1;A-7;1046,325;1;4;2;;;1;4;1;;;1;1
9;7;6;29;29069;;1;1;AP-7;189,9;1;14;2;;;1;4;1;;;1;1
7;2;11;29;29069;;3;2;No inventariada;;9;7;1;2;;1;1;1;;;1;998
7;2;22;29;29069;;3;2;No inventariada;;9;8;2;;;1;4;7;;;1;998
7;3;20;29;29069;;3;2;No inventariada;;9;1;2;;;1;1;1;;;1;998
7;5;14;29;29069;;3;2;No inventariada;;9;4;1;4;;1;1;1;;;1;998
7;4;18;29;29069;;3;2;No inventariada;;9;20;1;4;;1;1;1;;;1;998
7;3;17;29;29069;;3;2;No inventariada;;9;7;1;4;;1;1;1;;;1;998
7;2;17;29;29069;;3;2;No inventariada;;9;2;1;1;;1;1;1;;;1;998
7;3;7;29;29069;;3;2;No inventariada;;9;1;1;2;;1;1;1;;;1;998
8;3;13;29;29069;;3;2;No inventariada;;9;10;1;4;;1;1;1;;;1;998
7;1;13;29;29069;;3;2;No inventariada;;14;2;1;2;;1;1;1;;;1;998
10;1;18;29;29069;;1;1;A-7;1038;3;3;2;;;1;1;1;;;1;1
8;4;15;29;29069;;3;2;No inventariada;;9;16;2;;;1;1;1;;;1;998
7;4;22;29;29069;;3;2;No inventariada;;9;2;1;2;;1;3;7;;;1;998
8;6;6;29;29069;;3;2;No inventariada;;9;19;2;;;1;6;1;;;5;998
10;3;10;29;29070;;1;1;A-7;1029,556;3;5;2;;;1;1;1;;;1;1
8;6;8;29;29069;;3;2;No inventariada;;9;19;1;2;;1;1;1;;;18;998
10;5;1;29;29069;;1;1;A-7;1051,77;3;3;2;;;1;4;1;;;1;1
10;5;14;29;29069;;1;1;A-7;1043,7;3;12;2;;;1;1;2;;;1;1
10;5;17;29;29069;;1;1;A-7;1053;3;5;2;;;1;1;1;;;1;1
10;7;20;29;29069;;1;1;A-7;1050,6;3;7;2;;;1;4;1;;;1;1
10;2;14;29;29069;;1;1;A-7;1032;3;16;2;;;1;1;2;;;1;1
10;4;3;29;29069;;1;1;A-7;1051,696;3;18;2;;;3;6;2;;;1;3
10;4;9;29;29069;;1;1;A-7;1030,7;3;4;2;;;1;1;1;;;1;1
10;4;22;29;29069;;1;1;A-7;1053,4;3;3;2;;;1;4;1;;;1;1
10;7;14;29;29069;;1;1;AP-7;191;1;12;2;;;1;1;1;;;1;1
10;1;19;29;29069;;1;1;A-7;1052;3;3;2;;;1;1;1;;;1;1
10;4;8;29;29069;;1;1;A-7;1051,4;3;4;2;;;1;1;1;;;1;1
10;4;17;29;29069;;3;2;No inventariada;;9;7;2;;;1;1;1;1;;1;998
10;5;4;29;29069;;3;2;No inventariada;;9;16;1;4;;1;4;1;;;17;998
11;5;7;29;29069;;1;1;A-7;1055,9;3;5;1;2;;1;3;2;;;1;3
10;3;16;29;29069;;3;2;No inventariada;;9;4;1;2;;1;1;1;;;1;998
7;2;10;29;29069;;3;2;No inventariada;;9;4;2;;;1;1;1;;;1;998
7;2;10;29;29069;;3;2;No inventariada;;9;4;2;;;1;1;1;;;1;998
7;3;18;29;29069;;3;2;No inventariada;;9;20;2;;;1;1;1;;;1;998
7;1;9;29;29069;;3;2;No inventariada;;9;3;1;1;;1;1;1;;;1;998
6;7;12;29;29069;;3;2;No inventariada;;9;2;2;;;1;1;1;;;1;998
7;6;20;29;29069;;3;2;No inventariada;;9;2;2;;;1;3;1;;;1;998
7;3;9;29;29069;;3;2;No inventariada;;9;7;2;;;1;1;1;;;1;998
7;3;11;29;29069;;3;2;No inventariada;;9;4;2;;;1;1;1;;;1;998
7;3;16;29;29069;;3;2;No inventariada;;7;3;1;2;;1;1;1;;;1;998
9;4;7;29;29069;;3;2;No inventariada;;9;2;2;;;1;1;1;;;1;998
10;1;7;29;29069;;3;2;No inventariada;;9;10;2;;;7;2;1;;;1;998
10;4;13;29;29069;;3;2;No inventariada;;9;4;1;1;;1;1;1;;;1;998
7;4;11;29;29069;;3;2;No inventariada;;9;7;2;;;1;1;1;;;1;998
7;7;19;29;29069;;3;2;No inventariada;;9;17;2;;;1;1;1;;;1;998
7;2;14;29;29069;;3;2;No inventariada;;9;6;1;2;;1;1;1;;;1;998
7;5;20;29;29069;;3;2;No inventariada;;9;3;1;2;;1;1;1;;;1;998
7;1;16;29;29069;;3;2;No inventariada;;9;10;2;;;1;1;1;;;1;998
7;4;7;29;29069;;3;2;No inventariada;;9;6;2;;;1;1;1;;;1;998
7;2;20;29;29069;;3;2;No inventariada;;9;3;1;2;;1;1;1;;;1;998
7;3;12;29;29069;;3;2;No inventariada;;9;3;1;2;;1;1;1;;;1;998
7;3;21;29;29069;;3;2;No inventariada;;9;4;1;2;;1;4;1;;;1;998
11;2;2;29;29069;;3;2;No inventariada;;9;19;2;;;1;4;1;;;1;998
9;1;12;29;29069;;3;2;No inventariada;;9;4;2;;;1;1;1;;;1;998
9;6;20;29;29069;;3;2;No inventariada;;9;6;1;2;;3;3;3;;;1;998
9;6;21;29;29069;;3;2;No inventariada;;9;7;2;;;3;3;3;;;5;998
9;7;18;29;29069;;3;2;No inventariada;;9;3;1;1;;1;1;1;;;1;998
9;2;18;29;29069;;3;2;No inventariada;;9;3;1;4;;1;1;1;;;1;998
9;4;3;29;29069;;3;2;No inventariada;;9;3;1;4;;1;4;1;;;1;998
9;4;18;29;29069;;3;2;No inventariada;;9;7;1;1;;1;1;1;;;1;998
9;1;13;29;29069;;3;2;No inventariada;;9;4;2;;;1;1;1;;;1;998
3;6;1;29;29069;;3;2;No inventariada;;9;4;1;1;;1;4;1;;;1;998
10;2;18;29;29069;;3;2;No inventariada;;9;7;1;2;;1;1;1;;;1;998
9;1;17;29;29069;;3;2;No inventariada;;9;4;1;2;;1;1;1;;;1;998
10;7;4;29;29069;;3;2;No inventariada;;9;3;1;1;;1;5;1;;;1;998
10;2;17;29;29069;;3;2;No inventariada;;9;1;1;2;;1;1;1;;;1;998
9;6;12;29;29069;;3;2;No inventariada;;9;7;1;1;;1;1;1;;;1;998
8;4;20;29;29069;;3;2;No inventariada;;9;20;2;;;1;1;1;;;1;998
10;2;0;29;29069;;3;2;No inventariada;;9;3;1;1;;1;4;1;;;1;998
8;6;14;29;29069;;3;2;No inventariada;;9;3;1;1;;1;1;1;;;1;998
9;4;9;29;29069;;3;2;No inventariada;;9;3;1;1;;1;1;1;;;1;998
9;3;19;29;29069;;3;2;No inventariada;;9;7;2;;;1;1;1;;;1;998
11;5;23;29;29069;;3;2;No inventariada;;9;3;1;2;;3;4;3;;;5;998
10;4;23;29;29069;;3;2;No inventariada;;9;2;1;1;;3;4;1;;;1;998
10;4;17;29;29069;;3;2;No inventariada;;9;10;2;;;4;1;1;;;1;998
9;6;21;29;29069;;3;2;No inventariada;;9;4;2;;;1;4;1;;;1;998
9;3;7;29;29069;;3;2;No inventariada;;9;3;2;;;1;1;1;;;1;998
9;2;20;29;29069;;3;2;No inventariada;;9;7;2;;;1;3;1;;;1;998
10;3;17;29;29069;;3;2;No inventariada;;9;2;1;2;;3;1;2;;;1;998
8;7;17;29;29069;;3;2;No inventariada;;9;20;1;2;;1;1;1;;;1;998
6;6;20;29;29069;;3;2;No inventariada;;9;7;1;1;;1;1;1;;;1;998
6;1;20;29;29069;;3;2;No inventariada;;9;7;1;4;;1;1;1;;;1;998
5;3;14;29;29069;;3;2;No inventariada;;9;4;1;1;;1;1;1;;;1;998
5;5;21;29;29069;;3;2;No inventariada;;9;3;1;2;;1;1;1;;;1;998
8;6;12;29;29069;;3;2;No inventariada;;9;20;1;2;;1;1;1;;;1;998
8;3;4;29;29069;;3;2;No inventariada;;9;7;2;;;1;4;1;;;1;998
8;4;18;29;29069;;3;2;No inventariada;;9;4;1;2;;1;1;1;;;1;998
8;5;15;29;29069;;3;2;No inventariada;;9;7;1;1;;1;1;1;;;1;998
8;4;9;29;29069;;3;2;No inventariada;;9;15;2;;;1;1;1;;;1;998
8;6;11;29;29069;;3;2;No inventariada;;9;20;1;4;;1;1;1;;;1;998
9;2;22;29;29069;;3;2;No inventariada;;9;7;1;2;;1;4;1;;;1;998
8;3;22;29;29069;;3;2;No inventariada;;11;3;1;2;;1;3;1;;;18;998
8;3;9;29;29069;;3;2;No inventariada;;9;19;1;2;;1;1;1;;;1;998
8;4;15;29;29069;;3;2;No inventariada;;9;3;1;2;;1;1;1;;;1;998
8;5;12;29;29069;;3;2;No inventariada;;9;2;1;2;;1;1;1;;;1;998
8;4;12;29;29069;;3;2;No inventariada;;9;7;1;1;;1;1;1;;;1;998
9;3;17;29;29069;;3;2;No inventariada;;9;3;2;;;1;1;1;;;1;998
9;4;18;29;29069;;3;2;No inventariada;;9;4;1;1;;1;1;1;;;1;998
8;6;11;29;29069;;3;2;No inventariada;;9;7;1;2;;1;1;1;;;1;998
8;6;16;29;29069;;3;2;No inventariada;;9;4;1;2;;1;1;1;;;1;998
8;5;20;29;29069;;3;2;No inventariada;;9;20;1;2;;1;1;1;;;1;998
9;3;7;29;29069;;3;2;No inventariada;;9;20;1;1;;1;1;1;;;1;998