MES;DIA_SEMANA;HORA;COD_PROVINCIA;COD_MUNICIPIO;ISLA;ZONA;ZONA_AGRUPADA;CARRETERA;KM;TIPO_VIA;TIPO_ACCIDENTE;NUDO;NUDO_INFO;CARRETERA_CRUCE;CONDICION_FIRME;CONDICION_ILUMINACION;CONDICION_METEO;CONDICION_NIEBLA;CONDICION_VIENTO;VISIB_RESTRINGIDA_POR;TRAZADO_PLANTA
8;5;17;29;29069;;3;2;No inventariada;;9;2;1;2;;1;1;1;;;1;998
8;6;0;29;29069;;3;2;No inventariada;;9;19;2;;;1;4;1;;;1;998
8;7;11;29;29069;;3;2;No inventariada;;9;19;1;2;;1;1;1;;;1;998
9;2;20;29;29069;;3;2;No inventariada;;9;1;1;2;;1;3;1;;;1;998
9;2;19;29;29069;;3;2;No inventariada;;9;10;1;1;;7;1;1;;;1;998
9;2;19;29;29069;;3;2;No inventariada;;9;15;1;2;;1;1;1;;;1;998
9;6;3;29;29069;;3;2;No inventariada;;9;19;2;;;1;4;1;;;1;998
8;3;17;29;29069;;3;2;No inventariada;;9;7;1;1;;1;1;1;;;1;998
8;7;8;29;29069;;3;2;No inventariada;;9;5;1;1;;1;1;1;;;1;998
11;3;18;29;29069;;1;1;A-7;1050,6;3;16;2;;;3;1;3;;;1;1
11;5;18;29;29069;;1;1;A-7;1042;3;4;2;;;1;1;1;;;1;1
11;1;17;29;29069;;1;1;A-7;1049,6;3;4;2;;;1;1;1;;;1;1
11;5;14;29;29069;;1;1;A-7;1041,232;3;12;2;;;1;1;1;;;1;1
11;5;20;29;29069;;3;2;No inventariada;;9;3;1;1;;1;4;1;;;1;998
11;5;14;29;29069;;3;2;No inventariada;;9;4;1;1;;1;1;2;;;1;998
11;5;12;29;29069;;3;2;No inventariada;;9;3;1;2;;1;1;1;;;1;998
11;4;12;29;29069;;3;2;No inventariada;;9;4;1;4;;1;1;2;;;1;998
10;1;12;29;29069;;3;2;No inventariada;;9;2;2;;;1;1;2;;;1;998
11;5;22;29;29069;;3;2;No inventariada;;9;20;1;2;;1;4;1;;;1;998
11;1;18;29;29069;;3;2;No inventariada;;9;20;2;;;1;3;1;;;1;998
11;6;16;29;29069;;3;2;No inventariada;;9;3;1;2;;1;1;1;;;1;998
11;1;18;29;29069;;3;2;No inventariada;;9;19;1;4;;1;3;1;;;1;998
11;7;11;29;29069;;3;2;No inventariada;;9;7;1;2;;1;1;1;;;1;998
10;3;19;29;29069;;3;2;No inventariada;;9;7;2;;;1;4;1;;;1;998
10;7;18;29;29069;;3;2;No inventariada;;9;3;1;2;;1;3;1;;;1;998
10;5;18;29;29069;;3;2;No inventariada;;9;4;1;2;;1;3;1;;;1;998
10;1;12;29;29069;;3;2;No inventariada;;9;4;1;2;;3;1;3;;;1;998
10;4;22;29;29069;;3;2;No inventariada;;9;7;1;2;;1;4;1;;;5;998
10;7;10;29;29069;;3;2;No inventariada;;9;3;1;1;;1;1;1;;;1;998
10;5;13;29;29069;;3;2;No inventariada;;9;4;1;4;;1;1;1;;;1;998
10;2;10;29;29069;;3;2;No inventariada;;9;3;1;1;;1;1;1;;;1;998
10;4;18;29;29069;;3;2;No inventariada;;9;4;1;4;;1;1;1;;;1;998
11;2;12;29;29069;;3;2;No inventariada;;9;3;1;2;;1;1;1;;;1;998
10;3;23;29;29069;;3;2;No inventariada;;9;12;1;2;;3;4;1;;;5;998
12;7;7;29;29069;;3;2;No inventariada;;9;14;1;2;;1;2;1;;;1;998
11;4;16;29;29069;;1;1;A-7;1037,12;3;2;1;2;;1;1;1;;;1;1
11;6;13;29;29069;;3;2;No inventariada;;9;15;1;4;;1;1;1;;;1;998
10;1;12;29;29069;;3;2;No inventariada;;9;7;1;1;;1;1;1;;;1;998
11;6;15;29;29069;;3;2;No inventariada;;9;3;1;4;;1;1;1;;;1;998
11;4;10;29;29069;;3;2;No inventariada;;9;20;1;2;;1;1;1;;;1;998
11;2;16;29;29069;;3;2;No inventariada;;9;4;1;4;;1;1;1;;;1;998
11;7;20;29;29069;;3;2;No inventariada;;9;3;1;2;;1;4;1;;;1;998
11;4;15;29;29069;;3;2;No inventariada;;9;20;2;;;1;1;1;;;1;998
11;4;17;29;29069;;3;2;No inventariada;;9;3;1;2;;1;1;1;;;1;998
11;3;19;29;29069;;3;2;No inventariada;;9;15;1;4;;4;3;1;;;1;998
12;1;10;29;29069;;3;2;No inventariada;;9;7;1;2;;1;1;1;;;1;998
2;6;20;29;29069;;3;2;No inventariada;;9;3;2;;;1;4;1;;;1;998
11;5;19;29;29069;;3;2;No inventariada;;9;3;1;1;;1;3;1;;;1;998
11;5;10;29;29069;;3;2;No inventariada;;9;4;2;;;1;1;1;;;1;998
12;4;10;29;29069;;1;1;A-355;33,4;6;5;2;;;3;1;3;;;5;1
12;1;17;29;29069;;1;1;A-7;1034,6;3;4;2;;;1;1;1;;;1;1
12;2;9;29;29069;;1;1;A-7;1052;3;16;2;;;1;1;1;;;1;1
12;3;7;29;29069;;1;1;A-7;1052;3;16;1;2;;1;4;1;;;1;2
12;7;2;29;29069;;3;2;No inventariada;;9;15;1;1;;1;4;1;;;1;998
12;3;19;29;29069;;3;2;No inventariada;;9;2;1;4;;1;3;1;;;1;998
12;7;14;29;29069;;3;2;No inventariada;;9;4;1;1;;1;1;1;;;1;998
12;4;19;29;29069;;3;2;No inventariada;;9;20;1;1;;1;3;1;;;1;998
12;3;11;29;29069;;3;2;No inventariada;;9;7;2;;;1;1;1;;;1;998
12;1;9;29;29069;;3;2;No inventariada;;9;3;2;;;3;1;7;;;1;998
12;6;0;29;29069;;3;2;No inventariada;;9;3;1;4;;1;4;1;;;1;998
12;2;18;29;29069;;3;2;No inventariada;;9;7;1;2;;1;3;1;;;1;998
10;1;21;29;29069;;3;2;No inventariada;;9;7;1;1;;3;4;3;;;5;998
12;5;8;29;29069;;1;1;A-7;1047;3;4;2;;;1;1;1;;;6;1
11;3;22;29;29069;;3;2;No inventariada;;9;3;1;1;;1;4;1;;;1;998
12;5;8;29;29069;;3;2;No inventariada;;9;10;1;1;;3;3;2;;;1;998
12;4;10;29;29069;;3;2;No inventariada;;9;3;1;1;;3;1;2;;;1;998
12;2;15;29;29069;;3;2;No inventariada;;9;4;2;;;1;1;1;;;1;998
12;6;14;29;29069;;3;2;No inventariada;;9;4;2;;;1;1;1;;;1;998
12;3;23;29;29069;;3;2;No inventariada;;9;19;1;2;;3;4;1;;;1;998
12;7;22;29;29069;;1;1;A-7;1033,5;3;5;1;2;;1;4;1;;;1;1
12;4;11;29;29069;;1;1;A-7;1052;3;3;2;;;1;1;1;;;1;1
1;6;12;29;29070;;3;2;No inventariada;;9;1;2;;;1;1;1;;;1;998
1;3;11;29;29070;;1;1;A-7;1020;3;4;1;12;A-7;1;1;1;;;1;3
1;3;17;29;29070;;3;2;No inventariada;;9;7;2;;;1;1;1;;;1;998
1;3;8;29;29070;;3;2;No inventariada;;9;2;1;2;;3;2;4;;;5;998
1;2;15;29;29070;;3;2;No inventariada;;9;2;2;;;1;1;1;;;1;998
1;1;15;29;29070;;3;2;No inventariada;;9;10;2;;;1;1;1;;;1;998
1;2;7;29;29070;;3;2;No inventariada;;9;2;2;;;1;2;1;;;1;998
1;6;12;29;29070;;3;2;No inventariada;;9;10;2;;;1;1;1;;;1;998
2;7;22;29;29070;;1;1;AP-7;200;1;4;2;;;1;4;1;;;1;1
2;6;9;29;29070;;3;2;No inventariada;;9;7;1;1;;1;1;1;;;1;998
1;4;0;29;29070;;3;2;No inventariada;;9;10;2;;;1;4;1;;;1;998
2;3;18;29;29070;;3;2;No inventariada;;9;7;2;;;1;1;1;;;9;998
2;4;11;29;29070;;3;2;No inventariada;;9;4;2;;;1;1;1;;;1;998
2;2;17;29;29070;;1;1;A-368;2,211;6;3;2;;;1;1;1;;;4;3
2;6;13;29;29070;;1;1;A-387;14,2;6;2;1;2;;1;6;1;;;1;1
1;4;12;29;29070;;3;2;No inventariada;;9;10;1;4;;1;1;1;;;1;998
2;7;21;29;29070;;3;2;No inventariada;;9;2;1;1;;1;4;1;;;1;998
2;2;7;29;29070;;1;1;A-7;1022,5;3;4;2;;;1;3;1;;;1;1
2;1;9;29;29070;;3;2;No inventariada;;9;3;1;1;;3;1;2;;;1;998
3;5;15;29;29070;;1;1;A-7;1024,596;3;4;2;;;1;1;1;;;1;1
2;6;18;29;29070;;3;2;No inventariada;;9;2;1;2;;1;1;1;;;1;998
3;5;15;29;29070;;1;1;A-7;1028,03;3;4;2;;;3;1;3;;;1;1
2;4;9;29;29070;;3;2;No inventariada;;9;20;2;;;1;1;1;;;1;998
3;2;15;29;29070;;1;1;A-7;1024;3;20;2;;;1;1;1;;;1;1
3;7;20;29;29070;;3;2;No inventariada;;9;10;2;;;1;4;1;;;1;998
3;5;12;29;29070;;3;2;No inventariada;;9;2;1;2;;1;1;1;;;1;998
3;1;18;29;29070;;3;2;No inventariada;;9;2;2;;;1;1;1;;;1;998
3;7;16;29;29070;;3;2;No inventariada;;9;10;2;;;1;1;1;;;1;998
3;3;8;29;29070;;3;2;No inventariada;;9;7;2;;;1;1;1;;;6;998
3;6;13;29;29070;;3;2;No inventariada;;9;4;2;;;1;1;1;;;1;998
3;3;8;29;29070;;3;2;No inventariada;;9;2;1;4;;1;1;1;;;1;998
3;3;12;29;29070;;3;2;No inventariada;;9;7;2;;;1;1;1;;;1;998
3;7;3;29;29070;;3;2;No inventariada;;14;16;1;2;;1;6;1;;;1;998
3;3;11;29;29070;;3;2;No inventariada;;9;4;2;;;1;1;1;;;1;998
3;6;15;29;29070;;3;2;No inventariada;;9;3;2;;;3;1;3;;;1;998
4;2;17;29;29070;;1;1;AP-7;200,5;1;1;2;;;1;1;1;;;1;1
4;2;20;29;29070;;3;2;No inventariada;;9;4;1;4;;1;1;1;;;1;998
4;5;12;29;29070;;3;2;No inventariada;;9;2;1;2;;1;1;1;;;1;998
4;6;20;29;29070;;1;1;A-387;5;6;16;2;;;1;2;1;;;1;2
4;1;9;29;29070;;1;1;A-7;1027,7;3;4;2;;;1;1;1;;;1;1
4;5;12;29;29070;;3;2;No inventariada;;9;7;1;4;;1;1;1;;;1;998
4;2;15;29;29070;;1;1;A-387;17;6;7;2;;;1;1;1;;;1;1
4;3;18;29;29070;;1;1;A-387;7,89;6;12;2;;;1;1;1;;;1;2
4;3;17;29;29070;;3;2;No inventariada;;9;2;1;1;;1;1;1;;;1;998
4;1;8;29;29070;;3;2;No inventariada;;9;2;1;4;;1;1;1;;;1;998
4;2;14;29;29070;;3;2;No inventariada;;9;2;1;1;;1;1;1;;;1;998
4;5;11;29;29070;;3;2;No inventariada;;14;2;1;1;;1;1;1;;;1;998
4;4;14;29;29070;;3;2;No inventariada;;9;2;1;4;;1;1;1;;;1;998
4;7;6;29;29070;;1;1;A-7053;6,8;6;19;2;;;1;6;1;;;1;2
4;3;19;29;29070;;3;2;No inventariada;;9;7;1;1;;1;1;1;;;1;998
4;7;11;29;29070;;1;1;A-387;15,7;6;10;1;4;A-387;1;1;1;;;1;1
4;6;17;29;29070;;3;2;No inventariada;;9;4;2;;;1;1;1;;;1;998
4;1;12;29;29070;;3;2;No inventariada;;9;2;1;1;;1;1;1;;;1;998
5;3;13;29;29070;;3;2;No inventariada;;9;2;1;2;;1;1;1;;;1;998
5;7;7;29;29070;;3;2;No inventariada;;9;2;2;;;1;1;1;;;1;998
4;3;19;29;29070;;3;2;No inventariada;;14;4;2;;;1;1;1;;;1;998
5;4;8;29;29070;;1;1;A-387;10;6;2;2;;;1;1;1;;;1;1
4;1;15;29;29070;;3;2;No inventariada;;9;10;2;;;1;1;1;;;9;998
5;6;9;29;29070;;3;2;No inventariada;;14;2;1;4;;1;1;1;;;1;998
4;6;9;29;29070;;3;2;No inventariada;;9;2;1;1;;3;1;2;;;18;998
4;1;18;29;29070;;3;2;No inventariada;;9;2;1;4;;3;1;2;;;18;998
4;1;21;29;29070;;3;2;No inventariada;;9;2;1;1;;1;4;1;;;18;998
5;1;14;29;29070;;3;2;No inventariada;;9;2;1;1;;1;1;1;;;12;998
5;3;16;29;29070;;3;2;No inventariada;;9;4;2;;;1;1;1;;;1;998
5;4;20;29;29070;;3;2;No inventariada;;13;10;2;;;1;1;1;;;1;998
5;2;14;29;29070;;3;2;No inventariada;;9;3;2;;;1;1;1;;;1;998
5;2;18;29;29070;;3;2;No inventariada;;9;3;1;4;;1;1;1;;;1;998
5;6;12;29;29070;;3;2;No inventariada;;9;2;1;2;;1;1;1;;;2;998
5;5;14;29;29070;;1;1;A-7;1022,5;3;2;2;;;1;1;1;;;1;1
5;7;12;29;29070;;3;2;No inventariada;;14;3;1;5;;1;1;1;;;1;998
5;2;13;29;29070;;1;1;A-7;1024;3;3;1;2;;1;1;1;;;1;1
5;6;9;29;29070;;3;2;No inventariada;;9;7;2;;;1;1;1;;;6;998
5;7;19;29;29070;;3;2;No inventariada;;9;2;2;;;1;1;1;;;1;998
5;3;16;29;29070;;3;2;No inventariada;;9;6;2;;;1;1;1;;;1;998
5;5;15;29;29070;;3;2;No inventariada;;9;4;2;;;1;1;1;;;18;998
6;6;2;29;29070;;1;1;A-7;1024,2;3;7;2;;;1;4;1;;;14;1
6;6;15;29;29070;;3;2;No inventariada;;9;2;1;2;;1;1;1;;;1;998
5;1;16;29;29070;;3;2;No inventariada;;14;10;1;2;;1;1;1;;;9;998
6;6;9;29;29070;;1;1;AP-7;209,3;1;13;2;;;1;1;1;;;1;1
6;1;8;29;29070;;3;2;No inventariada;;9;2;1;5;;1;1;1;;;6;998
6;6;5;29;29070;;1;1;A-387;10,5;6;12;2;;;1;6;1;;;1;2
6;1;8;29;29070;;1;1;A-7;1023,5;3;4;2;;;1;1;1;;;1;1
6;2;0;29;29070;;1;1;CAMINO ACE;0,1;10;19;2;;;1;6;1;;;1;1
6;4;17;29;29070;;3;2;No inventariada;;9;2;1;4;;1;1;1;;;1;998
6;1;11;29;29070;;3;2;No inventariada;;9;7;2;;;1;1;1;;;1;998
5;3;14;29;29070;;3;2;No inventariada;;9;4;2;;;1;1;1;;;1;998
5;4;19;29;29070;;3;2;No inventariada;;9;4;2;;;1;1;1;;;1;998
6;5;21;29;29070;;3;2;No inventariada;;9;4;2;;;1;1;1;;;1;998
6;7;18;29;29070;;3;2;No inventariada;;9;1;2;;;1;1;1;;;1;998
7;3;14;29;29070;;1;1;A-7;1016,035;3;4;2;;;1;1;1;;;1;1
6;6;14;29;29070;;3;2;No inventariada;;9;2;1;4;;1;1;1;;;1;998
7;5;12;29;29070;;3;2;No inventariada;;9;2;1;1;;1;1;1;;;1;998
7;5;9;29;29070;;3;2;No inventariada;;9;3;1;4;;1;1;1;;;1;998
7;1;17;29;29070;;1;1;A-7;1027,8;3;5;2;;;1;1;1;;;1;1
7;7;11;29;29070;;1;1;A-7;1027,114;3;2;2;;;1;1;1;;;1;1
5;3;18;29;29070;;3;2;No inventariada;;9;7;1;4;;1;1;1;;;1;998
6;3;14;29;29070;;3;2;No inventariada;;9;2;2;;;1;1;1;;;1;998
7;3;20;29;29070;;3;2;No inventariada;;9;3;1;4;;1;1;1;;;1;998
7;2;4;29;29070;;1;1;No inventariada;0,58;10;3;2;;;1;6;1;;;1;3
7;1;15;29;29070;;3;2;No inventariada;;9;1;1;1;;1;1;1;;;1;998
7;3;17;29;29070;;3;2;No inventariada;;9;4;2;;;1;1;1;;;1;998
7;5;20;29;29070;;1;1;A-7;1027,8;3;4;1;10;A-7;1;1;1;;;1;1
7;1;16;29;29070;;1;1;A-7;1028,7;3;10;2;;;1;1;1;;;1;1
7;4;9;29;29070;;1;1;A-7;1026;3;4;2;;;1;1;1;;;1;1
7;1;20;29;29070;;3;2;No inventariada;;9;7;2;;;1;1;1;;;1;998
7;5;10;29;29070;;1;1;A-7;1020,3;8;18;2;;;1;1;1;;;1;3
7;5;10;29;29070;;3;2;No inventariada;;9;1;2;;;1;1;1;;;1;998
7;1;15;29;29070;;3;2;No inventariada;;9;7;2;;;1;1;1;;;1;998
7;1;7;29;29070;;1;1;A-7053;3,9;6;4;2;;;1;1;1;;;1;1
8;5;9;29;29070;;3;2;No inventariada;;9;10;1;4;;1;1;1;;;1;998
7;3;14;29;29070;;3;2;No inventariada;;9;3;1;1;;1;1;1;;;3;998
7;4;14;29;29070;;3;2;No inventariada;;9;10;2;;;1;1;1;;;1;998
8;2;7;29;29070;;3;2;No inventariada;;9;2;1;2;;1;1;7;;;1;998
8;5;15;29;29070;;3;2;No inventariada;;9;16;2;;;1;1;1;;;1;998
8;6;3;29;29070;;1;1;A-7;1028;3;12;1;4;A-7;1;4;1;;;1;2
8;2;13;29;29070;;3;2;No inventariada;;9;6;2;;;1;1;1;;;1;998
8;1;11;29;29070;;1;1;A-7;1020,95;3;4;2;;;1;1;1;;;1;1
8;1;9;29;29070;;3;2;No inventariada;;9;2;2;;;1;1;1;;;1;998
8;1;11;29;29070;;3;2;No inventariada;;9;7;2;;;1;1;1;;;1;998
8;7;12;29;29070;;3;2;No inventariada;;9;10;1;4;;3;1;1;;;1;998
8;7;13;29;29070;;3;2;No inventariada;;9;1;2;;;1;1;1;;;1;998
8;2;18;29;29070;;3;2;No inventariada;;9;10;2;;;1;1;1;;;1;998
8;2;19;29;29070;;3;2;No inventariada;;9;7;1;2;;1;1;1;;;1;998
8;5;16;29;29070;;1;1;No inventariada;3;10;17;1;2;;1;1;1;;;12;3
8;5;22;29;29070;;1;1;A-387;17;6;4;1;4;;1;4;1;;;1;2
8;6;23;29;29070;;3;2;No inventariada;;9;20;2;;;1;5;1;;;1;998
9;1;2;29;29070;;1;1;A-7;1019,932;3;19;2;;;1;4;1;;;18;2
9;2;10;29;29070;;3;2;No inventariada;;9;2;1;1;;1;1;1;;;1;998
9;6;18;29;29070;;1;1;A-387;14,5;6;16;1;4;;3;1;3;;;1;3
9;5;7;29;29070;;3;2;No inventariada;;9;10;2;;;3;3;1;;;1;998
9;3;16;29;29070;;3;2;No inventariada;;9;3;1;4;;1;1;1;;;1;998
9;5;15;29;29070;;1;1;A-7;1027,7;3;4;1;2;;1;1;1;;;1;1
9;3;23;29;29070;;3;2;No inventariada;;9;7;2;;;1;4;1;;;1;998
9;2;14;29;29070;;1;1;No inventariada;0;10;12;1;2;;1;1;1;;;1;3
9;4;19;29;29070;;3;2;No inventariada;;9;10;2;;;7;2;1;;;1;998
9;3;8;29;29070;;3;2;No inventariada;;9;4;2;;;1;1;1;;;1;998
9;3;16;29;29070;;3;2;No inventariada;;9;2;1;4;;1;1;1;;;1;998
9;5;9;29;29070;;1;1;A-7;1030;3;4;2;;;1;1;1;;;1;1
10;6;15;29;29070;;3;2;No inventariada;;9;10;1;2;;1;1;1;;;9;998
10;3;0;29;29070;;3;2;No inventariada;;9;10;1;1;;1;4;1;;;1;998
10;1;19;29;29070;;3;2;No inventariada;;9;4;2;;;1;1;1;;;18;998
10;5;12;29;29070;;3;2;No inventariada;;9;4;1;4;;3;1;3;;;1;998
10;4;17;29;29070;;3;2;No inventariada;;9;2;2;;;1;1;1;;;1;998
10;7;8;29;29070;;3;2;No inventariada;;9;7;1;2;;3;5;3;;;1;998
10;4;19;29;29070;;3;2;No inventariada;;9;2;1;6;;1;1;1;;;2;998
10;3;8;29;29070;;1;1;A-7;1028;3;3;2;;;3;1;3;;;5;1
10;3;18;29;29070;;1;1;A-7053;5,898;6;19;2;;;2;1;1;;;1;3
10;5;16;29;29070;;3;2;No inventariada;;9;2;1;4;;1;1;1;;;18;998
10;6;22;29;29070;;1;1;A-7;1016;3;2;1;4;;1;4;1;;;1;1
10;3;7;29;29070;;3;2;No inventariada;;9;7;2;;;3;3;3;;;5;998
10;1;8;29;29070;;3;2;No inventariada;;9;2;1;4;;1;1;1;;;1;998
10;7;20;29;29070;;3;2;No inventariada;;9;7;1;2;;1;3;1;;;6;998
10;1;18;29;29070;;3;2;No inventariada;;9;2;1;1;;3;3;3;;;5;998
10;3;14;29;29070;;3;2;No inventariada;;9;6;2;;;1;1;7;;;18;998
11;7;13;29;29070;;3;2;No inventariada;;9;7;2;;;1;1;1;;;16;998
11;5;14;29;29070;;1;1;A-7;1022,3;3;5;2;;;1;1;1;;;1;1
11;5;7;29;29070;;1;1;A-7;1026;3;4;2;;;1;1;1;;;1;1
11;4;11;29;29070;;3;2;No inventariada;;9;7;1;4;;1;1;1;;;1;998
10;5;9;29;29070;;3;2;No inventariada;;9;4;2;;;1;1;1;;;1;998
10;3;10;29;29070;;3;2;No inventariada;;9;2;1;4;;1;1;1;;;1;998
11;5;15;29;29054;;1;1;A-7;1015;3;3;1;4;A-7;1;1;2;;;1;2
11;3;18;29;29070;;3;2;No inventariada;;9;2;1;2;;1;2;1;;;1;998
11;6;0;29;29070;;3;2;No inventariada;;9;2;1;1;;1;4;1;;;18;998
12;2;18;29;29070;;3;2;No inventariada;;9;3;1;1;;1;4;1;;;1;998
12;3;13;29;29070;;3;2;No inventariada;;9;2;1;4;;1;1;1;;;1;998
12;4;14;29;29070;;1;1;A-387;15,475;6;2;2;;;1;1;1;;;1;1
12;1;12;29;29070;;3;2;No inventariada;;9;7;1;2;;1;1;1;;;1;998
12;4;21;29;29054;;1;1;A-7;1010,304;3;12;2;;;1;6;1;;;1;1
12;3;18;29;29070;;3;2;No inventariada;;9;7;2;;;1;4;1;;;1;998
12;4;13;29;29070;;3;2;No inventariada;;9;7;2;;;1;1;1;;;3;998
12;4;9;29;29070;;1;1;A-7;1025;3;3;1;2;A-7;3;1;3;;;5;1
12;1;19;29;29070;;1;1;A-7;1024;3;4;2;;;1;4;1;;;1;1
11;3;9;29;29070;;3;2;No inventariada;;11;7;2;;;1;1;1;;;6;998
12;4;23;29;29070;;3;2;No inventariada;;9;10;1;1;;1;4;1;;;1;998
12;2;19;29;29070;;3;2;No inventariada;;9;3;2;;;1;4;1;;;1;998
12;5;16;29;29070;;3;2;No inventariada;;9;7;1;1;;1;1;1;;;1;998
12;3;19;29;29070;;3;2;No inventariada;;9;4;1;4;;1;4;1;;;1;998
10;6;19;29;29070;;3;2;No inventariada;;9;2;1;2;;1;2;2;;;18;998
12;1;19;29;29070;;3;2;No inventariada;;14;2;1;2;;1;4;1;;;1;998
12;5;17;29;29070;;3;2;No inventariada;;9;3;1;2;;1;1;1;;;1;998
1;3;19;29;29072;;1;1;A-92;144,2;3;4;2;;;1;6;1;;;1;3
1;7;14;29;29072;;1;1;A-92;143,9;3;19;2;;;2;1;1;;;1;3
4;3;13;29;29072;;1;1;A-7280;2,6;6;16;2;;;1;1;1;;;1;3
4;5;18;29;29072;;1;1;A-92;141;3;19;2;;;1;1;1;;;18;1
7;3;10;29;29072;;1;1;A-92;140,5;3;4;2;;;1;1;1;;;18;1
8;5;17;29;29015;;1;1;MA-5407;7,7;6;17;2;;;1;1;1;;;1;1
10;1;9;29;29072;;1;1;A-92;140,4;3;16;2;;;1;1;1;;;1;1
11;6;19;29;29072;;1;1;A-92;141,887;3;16;2;;;1;6;1;;;1;3
12;6;7;29;29015;;1;1;MA-5407;9,055;6;19;2;;;1;6;1;;;1;2
2;1;8;29;0;;1;1;A-355;21,5;6;2;2;;;3;1;3;;;1;2
2;7;15;29;29042;;1;1;A-355;16,59;6;2;2;;;1;1;1;;;18;1
5;3;11;29;0;;3;2;No inventariada;;9;7;1;2;;1;1;1;;;1;998
8;4;8;29;0;;1;1;A-355;21,2;6;1;2;;;1;1;1;;;1;2
8;6;16;29;0;;1;1;A-355;22,156;6;5;2;;;1;1;1;;;1;1
3;6;12;29;29084;;1;1;A-374;17,8;6;2;1;10;A-372;1;1;1;;;1;1
1;2;15;29;29075;;3;2;No inventariada;;9;1;1;1;;1;1;1;;;1;998
1;2;15;29;29075;;3;2;No inventariada;;9;5;2;;;1;1;1;;;18;998
3;5;12;29;29075;;3;2;No inventariada;;9;10;2;;;3;1;3;;;5;998
3;4;14;29;29075;;3;2;No inventariada;;9;10;1;2;;1;1;1;;;18;998
4;7;20;29;29075;;3;2;No inventariada;;9;3;1;1;;1;1;1;;;2;998
5;7;19;29;29075;;3;2;No inventariada;;9;10;2;;;1;1;1;;;18;998
5;2;16;29;29075;;3;2;No inventariada;;9;4;2;;;1;1;1;;;18;998
6;7;15;29;29075;;1;1;A-7;932,249;3;12;2;;;1;1;1;;;1;3
7;4;20;29;29075;;1;1;N-340;300,97;6;19;2;;;1;1;1;;;1;2
6;7;12;29;29075;;3;2;No inventariada;;9;2;2;;;1;1;1;;;18;998
7;3;13;29;29075;;3;2;No inventariada;;14;1;2;;;1;1;1;;;18;998
7;5;16;29;29075;;3;2;No inventariada;;9;4;2;;;1;1;1;;;18;998
6;3;18;29;29075;;3;2;No inventariada;;9;3;2;;;1;1;1;;;18;998
8;6;12;29;29075;;1;1;No inventariada;290,7;6;4;2;;;1;1;1;;;1;1
8;4;18;29;29075;;3;2;No inventariada;;9;3;1;4;;1;1;1;;;1;998
5;6;17;29;29075;;3;2;No inventariada;;14;16;1;4;;1;1;1;;;1;998
9;3;15;29;29075;;3;2;No inventariada;;9;2;1;4;;1;1;1;;;18;998
9;6;1;29;29075;;1;1;A-7;928;3;4;2;;;3;5;3;;;1;1
9;3;9;29;29075;;3;2;No inventariada;;9;4;2;;;1;1;1;;;18;998
9;2;16;29;29075;;3;2;No inventariada;;9;2;2;;;1;1;1;;;1;998
10;5;18;29;29075;;3;2;No inventariada;;14;4;1;4;;1;1;1;;;6;998
11;5;14;29;29075;;1;1;N-340;302,608;6;9;2;;;1;1;1;;;1;2
11;1;10;29;29075;;3;2;No inventariada;;14;15;2;;;1;1;1;;;1;998
11;6;18;29;29075;;3;2;No inventariada;;14;10;2;;;1;4;1;;;18;998
11;2;9;29;29075;;3;2;No inventariada;;14;4;1;4;;1;1;1;;;1;998
12;1;9;29;29075;;3;2;No inventariada;;9;2;1;4;;1;1;2;;;1;998
11;4;17;29;29075;;3;2;No inventariada;;9;4;2;;;1;1;1;;;1;998
1;2;4;29;0;;1;1;A-355R1;1,3;5;12;2;;;1;5;1;;;1;1
5;6;6;29;0;;1;1;A-355;26,4;6;1;2;;;1;6;1;;;4;2
7;2;17;29;0;;1;1;A-355;25,9;6;4;2;;;1;1;1;;;1;3
12;3;15;29;0;;1;1;A-355;25,8;6;19;2;;;1;1;1;;;1;1
12;4;17;29;0;;1;1;A-397;10,9;6;14;2;;;1;1;1;;;1;1
2;1;7;29;0;;1;1;A-356;27;6;16;2;;;3;1;3;;;1;2
10;3;9;29;0;;1;1;A-7204;8,5;6;7;2;;;1;2;1;;;6;1
11;1;17;29;0;;1;1;A-356;24,851;6;4;2;;;1;1;1;;;1;3
1;5;11;29;29080;;1;1;A-357;39,7;6;4;1;1;;1;1;1;;;1;3
2;7;7;29;29080;;1;1;A-7077;1,8;6;2;2;;;1;6;1;;;1;2
2;1;6;29;29080;;1;1;A-357;43,253;6;2;1;2;DESCONOCID;1;2;1;;;1;3
4;6;11;29;29080;;1;1;A-7054;21,767;6;14;2;;;1;1;1;;;1;2
5;3;20;29;29038;;1;1;A-357;44,624;6;4;2;;;1;3;1;1;;1;1
5;6;19;29;29080;;3;2;No inventariada;;9;1;2;;;1;1;1;;;1;998
5;5;19;29;29080;;1;1;A-357;43,1;6;2;1;2;;1;1;1;;;1;2