MES;DIA_SEMANA;HORA;COD_PROVINCIA;COD_MUNICIPIO;ISLA;ZONA;ZONA_AGRUPADA;CARRETERA;KM;TIPO_VIA;TIPO_ACCIDENTE;NUDO;NUDO_INFO;CARRETERA_CRUCE;CONDICION_FIRME;CONDICION_ILUMINACION;CONDICION_METEO;CONDICION_NIEBLA;CONDICION_VIENTO;VISIB_RESTRINGIDA_POR;TRAZADO_PLANTA
5;5;7;29;29080;;1;1;A-7054;23,373;6;2;1;2;;1;2;1;;;1;1
6;4;18;29;29080;;1;1;A-7054;19,5;6;14;2;;;1;1;1;;;4;2
6;6;3;29;29080;;1;1;A-7054;21,3;6;14;2;;;3;6;2;;;1;1
7;5;20;29;29080;;1;1;A-357;39,604;6;2;1;2;A-343;1;2;1;;;1;1
7;7;17;29;29080;;1;1;A-7077;0,4;6;19;2;;;1;1;1;;;1;2
7;6;12;29;29080;;1;1;A-357;37,7;6;1;2;;;1;1;1;;;1;3
8;6;23;29;29080;;1;1;A-357;39,5;6;2;1;2;A-354;1;6;1;;;1;1
8;2;9;29;29080;;1;1;A-357;42,27;6;2;1;2;;1;1;1;;;1;1
8;7;19;29;29080;;1;1;A-357;43,22;6;2;1;2;A-357;1;1;1;;;1;1
10;5;7;29;29080;;1;1;A-7054;23,335;6;2;1;2;;1;2;1;;;18;1
10;7;18;29;29080;;1;1;A-357;42;6;5;1;2;;1;1;1;;;1;1
11;6;9;29;29080;;1;1;A-357;36,9;6;18;2;;;1;1;1;;;1;2
12;7;9;29;29080;;1;1;A-357;41,5;6;3;2;;;1;1;1;;;1;2
12;6;14;29;29080;;1;1;A-7077;2;6;1;2;;;1;1;1;;;4;2
12;1;18;29;29080;;1;1;A-354;17,861;6;1;1;1;A-354;1;2;1;;;1;1
1;3;8;29;29082;;1;1;A-7;972,296;3;5;2;;;3;4;3;;;18;1
1;1;15;29;29082;;1;1;A-7;968,779;3;4;2;;;1;1;1;;;1;2
2;7;1;29;29082;;1;1;MA-3200;2,1;6;3;2;;;1;6;1;;;4;2
2;6;13;29;29067;;1;1;MA-24;1,554;3;10;2;;;1;1;1;;;1;1
3;6;4;29;29082;;1;1;A-7;972,936;3;12;2;;;1;6;1;;;1;3
4;6;19;29;29082;;3;2;No inventariada;;9;7;2;;;1;1;1;;;1;998
4;6;14;29;29082;;1;1;MA-3119;1;6;2;2;;;3;1;3;;;5;2
5;7;23;29;29082;;1;1;A-7;972;3;5;2;;;1;4;1;;;1;1
5;4;15;29;29067;;1;1;MA-24;2,5;3;19;2;;;1;1;1;;;1;2
6;1;11;29;29067;;1;1;A-7;977,21;3;4;2;;;1;1;1;;;1;1
6;2;20;29;29082;;1;1;A-7;971,573;3;10;2;;;1;1;1;;;1;1
7;3;8;29;29082;;1;1;A-7;968,261;3;2;2;;;1;1;1;;;1;2
7;2;14;29;29082;;1;1;A-7;971,858;3;4;2;;;1;1;1;;;1;1
7;6;14;29;29082;;3;2;No inventariada;;14;3;2;;;1;1;1;;;1;998
3;2;12;29;29082;;3;2;No inventariada;;9;3;1;2;;1;1;1;;;1;998
2;4;19;29;29082;;3;2;No inventariada;;9;3;1;2;;1;3;1;;;1;998
8;4;15;29;29082;;1;1;A-7;973,2;3;4;2;;;1;1;1;;;1;1
3;6;23;29;29082;;3;2;No inventariada;;9;1;2;;;1;4;1;;;1;998
2;3;9;29;29082;;3;2;No inventariada;;9;4;1;1;;1;1;1;;;1;998
2;2;17;29;29082;;3;2;No inventariada;;9;4;2;;;1;1;1;;;1;998
2;4;8;29;29082;;3;2;No inventariada;;9;3;1;1;;1;2;1;;;1;998
1;4;19;29;29082;;3;2;No inventariada;;9;2;1;2;;1;4;1;;;1;998
2;4;10;29;29082;;3;2;No inventariada;;9;4;1;2;;1;1;1;;;1;998
2;7;10;29;29082;;3;2;No inventariada;;9;4;2;;;1;1;1;;;1;998
9;2;2;29;29082;;1;1;MA-3201;3,317;6;13;2;;;1;6;1;;;1;1
3;6;23;29;29082;;3;2;No inventariada;;9;4;2;;;1;4;1;;;1;998
10;7;5;29;29094;;1;1;A-7;965,511;3;14;2;;;1;6;7;;;1;1
10;7;15;29;29094;;1;1;A-7;966,897;3;10;2;;;4;1;4;;;1;2
2;3;9;29;29082;;3;2;No inventariada;;9;4;1;1;;1;1;1;;;1;998
2;7;10;29;29082;;3;2;No inventariada;;9;4;2;;;1;1;1;;;1;998
11;5;7;29;29082;;1;1;A-7;971,5;3;6;2;;;1;1;2;;;1;1
1;4;19;29;29082;;3;2;No inventariada;;9;2;1;2;;1;2;1;;;18;998
2;4;10;29;29082;;3;2;No inventariada;;9;4;2;;;1;1;1;;;1;998
2;2;17;29;29082;;3;2;No inventariada;;9;4;2;;;1;1;1;;;1;998
12;2;16;29;29067;;1;1;A-7;975,108;3;3;2;;;1;1;7;;;1;1
12;3;20;29;29082;;1;1;MA-24;0,4;3;4;2;;;1;4;1;;;1;1
1;7;12;29;0;;2;2;A-7204;22,255;5;19;1;2;;1;1;1;;;2;1
3;2;19;29;0;;1;1;MA-3107;16,7;6;16;2;;;3;6;2;;;1;1
7;6;17;29;0;;1;1;A-356;17,3;6;18;2;;;1;1;1;;;1;1
10;2;16;29;0;;1;1;A-356;15,7;6;18;2;;;3;1;3;;;1;3
12;2;16;29;0;;1;1;MAGIAZA;1;10;19;2;;;1;1;1;;;1;3
1;6;11;29;29084;;1;1;A-366;11,8;6;17;2;;;1;1;1;;;1;2
1;3;13;29;29084;;1;1;A-397;2,367;6;4;2;;;1;1;1;;;1;1
2;2;14;29;0;;1;1;A-7377;1,3;4;6;2;;;1;1;1;;;1;1
2;6;11;29;29084;;1;1;A-397;6,4;6;10;2;;;1;1;2;;;1;2
3;2;14;29;29084;;1;1;A-367;40,6;6;4;2;;;3;1;3;;;4;2
3;2;16;29;29084;;1;1;A-374;33,443;6;1;2;;;3;1;3;;;1;1
1;7;18;29;29084;;3;2;No inventariada;;9;7;2;;;1;1;1;;;1;998
2;1;13;29;29084;;3;2;No inventariada;;9;7;2;;;1;1;1;;;1;998
2;2;18;29;29084;;3;2;No inventariada;;9;2;1;4;;1;1;1;;;1;998
4;6;13;29;29084;;1;1;A-369;7,9;6;14;2;;;1;1;1;;;12;2
4;4;13;29;29084;;1;1;A-367;40,8;6;4;1;2;;1;1;1;;;1;1
4;7;13;29;29084;;1;1;A-366;6,7;6;19;2;;;1;1;1;;;1;2
4;7;13;29;29084;;1;1;A-397;2,7;6;5;2;;;1;1;1;;;1;1
4;4;8;29;29084;;1;1;A-374;27,95;6;4;1;12;;1;1;1;;;4;2
4;3;20;29;29084;;3;2;No inventariada;;9;7;2;;;1;1;1;;;1;998
4;5;18;29;29084;;1;1;A-367;33;6;3;2;;;9;1;1;;;1;1
5;3;17;29;29084;;1;1;A-367;28,1;6;16;2;;;1;1;1;;;4;2
6;7;18;29;29084;;1;1;A-366;6,716;6;19;2;;;1;1;1;;;4;2
6;6;13;29;29084;;1;1;A-366;8,5;6;12;2;;;1;1;1;;;1;2
6;7;10;29;0;;1;1;A-397;9,5;6;16;2;;;1;1;1;;;1;2
7;5;17;29;29084;;1;1;MA-7400;1,184;6;2;2;;;1;1;1;;;4;2
7;5;9;29;29084;;1;1;A-397;1,032;6;19;2;;;1;1;1;;;1;1
8;6;1;29;0;;1;1;A-367;14,8;6;19;2;;;1;6;1;;;1;3
8;3;7;29;29084;;1;1;CA-9113;8,6;6;1;2;;;1;1;1;;;1;2
9;3;8;29;29084;;1;1;A-367;29,6;6;5;2;;;1;1;1;;;6;1
9;7;14;29;29084;;1;1;A-366;6,795;6;16;2;;;1;1;1;;;4;2
9;3;7;29;29084;;1;1;A-374;19,09;6;2;1;10;A-374;1;6;1;;;1;1
9;3;13;29;29084;;1;1;A-366;1,15;6;13;2;;;1;1;1;;;1;2
4;1;12;29;29084;;3;2;No inventariada;;9;7;2;;;1;1;1;;;1;998
6;6;14;29;29084;;3;2;No inventariada;;9;2;1;2;;1;1;1;;;1;998
6;6;16;29;29084;;3;2;No inventariada;;9;7;2;;;1;1;1;;;1;998
7;6;13;29;29084;;3;2;No inventariada;;9;7;2;;;1;1;1;;;1;998
7;3;21;29;29084;;3;2;No inventariada;;9;10;2;;;7;1;1;;;1;998
8;5;7;29;29084;;3;2;No inventariada;;9;7;2;;;1;1;1;;;1;998
8;5;16;29;29084;;3;2;No inventariada;;9;2;1;2;;1;1;1;;;1;998
9;4;11;29;29084;;3;2;No inventariada;;9;2;1;2;;1;1;1;;;1;998
9;6;21;29;29084;;3;2;No inventariada;;9;2;1;2;;1;4;1;;;1;998
9;5;19;29;29084;;3;2;No inventariada;;9;4;2;;;1;1;1;;;1;998
9;4;20;29;29084;;3;2;No inventariada;;9;10;1;1;;1;1;1;;;1;998
10;5;12;29;29084;;1;1;MA-7400;1;6;16;2;;;3;1;3;;;4;2
10;5;18;29;29084;;3;2;No inventariada;;9;2;1;2;;1;1;1;;;1;998
10;2;10;29;29084;;1;1;A-397;2,353;6;3;2;;;3;1;4;;;1;1
10;4;14;29;29084;;1;1;A-397;2,422;6;4;2;;;3;1;3;;;1;1
10;4;16;29;29084;;1;1;A-367;40,3;6;4;2;;;3;1;2;;;1;1
11;5;13;29;29084;;1;1;A-397;2,1;6;5;2;;;1;1;1;;;1;1
11;3;9;29;29084;;1;1;MA-7401;3,8;6;17;2;;;3;1;2;;;1;2
11;7;22;29;29084;;1;1;A-367;35,2;6;16;1;2;;1;6;1;;;1;1
11;1;20;29;29084;;1;1;A-367;40,7;6;4;1;4;A-367;1;4;1;;;1;1
12;7;12;29;29084;;1;1;A-367;40,697;6;3;2;;;1;1;1;;;1;1
10;4;22;29;29084;;3;2;No inventariada;;9;2;1;2;;1;4;1;;;1;998
11;7;1;29;29084;;3;2;No inventariada;;9;16;2;;;1;4;1;;;1;998
8;4;16;29;0;;1;1;A-7206;4,876;6;18;2;;;3;1;3;;;1;3
12;1;11;29;0;;3;2;No inventariada;;9;7;2;;;1;1;1;;;4;998
5;7;13;29;0;;1;1;A-406;64,456;6;15;2;;;1;1;1;;;1;1
1;3;17;29;0;;1;1;A-367;10,497;6;14;2;;;1;1;1;;;1;2
3;3;19;29;0;;1;1;A-384;98,7;6;3;1;5;A-7278;1;1;1;;;1;1
5;4;14;29;0;;1;1;A-367;6,85;6;2;2;;;1;1;1;;;4;2
6;4;5;29;0;;1;1;A-357;16,2;6;19;2;;;1;6;1;;;1;1
8;3;10;29;0;;1;1;MA-7400;3,9;6;18;2;;;1;1;1;;;1;2
9;1;10;29;0;;1;1;A-384;92,88;6;3;2;;;1;1;1;;;1;1
10;6;2;29;0;;1;1;A-7278;10,508;6;18;2;;;1;6;1;;;4;1
10;3;9;29;0;;1;1;MA-6405;1,6;6;2;2;;;1;6;1;;;1;3
10;7;17;29;0;;1;1;A-367;4,333;6;4;2;;;1;1;1;;;1;1
11;1;7;29;0;;1;1;A-367;3,3;6;4;2;;;1;6;1;;;18;1
11;2;12;29;0;;1;1;MA-6404;0,5;6;17;2;;;1;1;1;;;1;1
12;5;14;29;0;;1;1;MA-6404;2,5;6;15;2;;;2;1;1;;;1;1
8;6;11;29;29094;;1;1;N-340;280,081;6;4;2;;;1;1;1;;;1;1
1;5;16;29;29091;;1;1;N-340;283,036;6;10;2;;;1;1;1;;;1;1
1;2;22;29;29091;;1;1;A-7207;20;6;12;1;7;A-7207;3;4;1;;;1;1
1;1;10;29;29091;;1;1;N-340;282,019;6;2;1;2;;1;1;1;;;1;1
2;4;9;29;29094;;1;1;N-340;280,5;6;10;2;;;1;1;1;;;1;1
2;2;11;29;29091;;1;1;N-340;284,8;6;2;1;2;;1;1;1;;;1;1
3;5;9;29;29091;;1;1;N-340;283,117;6;3;1;12;N-340;1;3;1;1;;1;1
4;5;13;29;29091;;1;1;CARRIL DE;1,1;10;1;2;;;1;1;1;;;1;3
6;4;19;29;29091;;1;1;N-340;282,848;6;2;1;2;;1;1;1;1;;1;1
6;6;8;29;29091;;1;1;N-340;282;6;10;2;;;1;1;1;;;1;1
6;2;14;29;29091;;1;1;N-340;281,061;6;2;1;1;;1;1;1;;;1;1
7;1;9;29;29091;;1;1;N-340;282,21;6;4;1;4;;1;1;1;;;1;1
7;4;12;29;29091;;1;1;N-340;282,738;6;2;1;2;;1;1;1;;;1;1
7;3;0;29;29091;;1;1;N-340;284,282;6;12;1;4;N-340a;1;4;1;;;1;2
7;2;9;29;29091;;1;1;N-340;287,4;6;3;2;;;1;1;1;;;1;1
7;6;11;29;29091;;1;1;N-340;282,6;6;4;2;;;1;1;1;;;1;1
8;7;12;29;29091;;1;1;N-340;286,184;6;2;1;4;;1;1;1;;;1;2
7;2;6;29;29091;;1;1;A-7;943,9;3;15;2;;;1;4;1;;;1;1
8;4;12;29;29091;;2;2;N-340;281,264;6;4;2;;;1;1;1;;;1;1
8;4;13;29;29091;;1;1;N-340;285,652;6;2;2;;;1;1;1;;;1;1
9;5;12;29;29094;;2;2;N-340;280,2;6;7;2;;;1;1;1;;;1;1
10;3;14;29;29091;;1;1;N-340;281,466;6;4;2;;;1;1;1;;;1;1
10;1;12;29;29091;;1;1;N-340;281,1;6;7;2;;;1;1;1;;;1;1
11;1;15;29;29091;;1;1;A-7207;21,01;6;4;2;;;1;1;1;;;1;1
11;2;18;29;29091;;1;1;A-7207;20,346;6;7;2;;;1;4;1;;;1;1
12;1;8;29;29091;;2;2;N-340a;283,5;6;2;1;1;N-340;1;1;1;;;1;1
12;5;11;29;29091;;1;1;A-7;940;3;4;2;;;1;1;1;;;1;1
10;7;17;29;0;;1;1;A-343;26,1;6;14;2;;;1;1;1;;;1;1
12;7;10;29;0;;1;1;A-343;25,844;6;13;2;;;1;1;7;;;18;1
1;3;18;29;29094;;1;1;A-7;954,872;3;4;2;;;1;2;1;;;1;1
1;2;18;29;29094;;3;2;No inventariada;;9;7;2;;;1;4;1;;;1;998
1;5;6;29;29094;;1;1;A-7;956,5;3;4;2;;;1;6;1;;;1;1
1;5;10;29;29094;;3;2;No inventariada;;9;2;1;4;;1;1;1;;;1;998
1;5;11;29;29094;;3;2;No inventariada;;9;2;1;4;;1;1;1;;;1;998
1;6;5;29;29094;;3;2;No inventariada;;9;2;1;4;;1;4;1;;;1;998
1;3;19;29;29094;;1;1;N-340;259,8;6;19;2;;;1;6;1;;;1;1
1;4;17;29;29094;;1;1;N-340;269,25;6;7;2;;;1;1;1;;;6;1
1;3;12;29;29094;;3;2;No inventariada;;9;20;1;2;;1;1;1;;;1;998
1;6;20;29;29094;;1;1;N-340;269,1;6;2;1;2;;1;6;1;;;1;1
1;5;20;29;29094;;3;2;No inventariada;;9;3;1;4;;1;4;1;;;1;998
1;5;14;29;29094;;3;2;No inventariada;;9;7;1;2;;1;1;1;;;1;998
1;4;12;29;29094;;3;2;No inventariada;;9;10;1;4;;3;1;3;;;1;998
1;2;18;29;29094;;3;2;No inventariada;;9;3;2;;;1;1;1;;;1;998
1;5;17;29;29094;;3;2;No inventariada;;9;7;2;;;1;1;1;;;1;998
1;3;9;29;29094;;3;2;No inventariada;;9;7;2;;;1;1;1;;;18;998
2;6;12;29;29094;;1;1;MA-3116;2;6;2;2;;;1;1;1;;;4;2
2;1;14;29;29094;;3;2;No inventariada;;9;3;1;2;;1;1;1;;;3;998
2;2;7;29;29094;;1;1;A-356;48,54;6;4;1;4;A-7;1;3;1;;;1;1
2;3;11;29;29094;;3;2;No inventariada;;9;16;2;;;1;1;1;;;1;998
2;5;16;29;29094;;1;1;N-340;258,6;6;4;2;;;3;1;3;;;1;1
2;1;12;29;29094;;3;2;No inventariada;;9;4;1;2;;1;1;1;;;1;998
2;7;3;29;29094;;3;2;No inventariada;;9;16;2;;;1;4;1;;;1;998
2;7;12;29;29094;;3;2;No inventariada;;9;10;2;;;1;1;1;;;1;998
2;2;8;29;29094;;1;1;MA-3203;2,98;6;2;2;;;1;1;1;;;4;2
2;7;13;29;29094;;3;2;No inventariada;;14;2;2;;;1;1;1;;;1;998
2;6;11;29;29094;;2;2;N-340;260,911;6;3;2;;;1;1;1;;;1;1
1;1;12;29;29094;;3;2;No inventariada;;9;4;1;4;;1;1;1;;;1;998
2;5;13;29;29094;;3;2;No inventariada;;9;2;1;1;;1;1;1;;;1;998
2;5;20;29;29094;;3;2;No inventariada;;9;2;2;;;1;4;1;;;1;998
2;4;12;29;29094;;3;2;No inventariada;;9;10;2;;;1;1;1;;;1;998
3;6;0;29;29094;;1;1;A-7205;12,888;6;6;1;2;MA-3116;1;5;1;;;18;1
3;5;14;29;29094;;3;2;No inventariada;;9;4;2;;;1;1;1;;;1;998
3;7;14;29;29094;;3;2;No inventariada;;9;2;1;1;;1;1;1;;;1;998
3;1;13;29;29094;;3;2;No inventariada;;9;2;2;;;1;1;1;;;1;998
2;1;17;29;29094;;3;2;No inventariada;;14;10;2;;;1;1;1;;1;1;998
2;7;21;29;29094;;3;2;No inventariada;;9;2;1;2;;1;4;1;;;1;998
2;4;19;29;29094;;3;2;No inventariada;;9;10;2;;;3;3;4;;;1;998
3;4;19;29;29094;;3;2;No inventariada;;9;2;1;1;;3;1;3;;;5;998
3;4;20;29;29094;;3;2;No inventariada;;9;10;1;4;;4;4;4;;;1;998
3;1;9;29;29094;;1;1;A-356;48,5;6;2;1;4;A-7;1;1;1;;;1;1
3;4;11;29;29094;;1;1;MA-3203;1,7;6;12;2;;;1;1;1;;;1;1
3;6;13;29;29094;;3;2;No inventariada;;9;1;1;2;;3;1;2;;;1;998
3;4;18;29;29094;;1;1;MA-3116;1,653;6;16;2;;;1;6;2;;;1;2
3;7;15;29;29094;;1;1;A-356;40,96;6;12;2;;;1;1;1;;;1;3
3;2;12;29;29094;;1;1;No inventariada;0,58;10;1;2;;;1;1;1;;;4;2
3;6;1;29;29094;;1;1;MA-3112;6,577;6;14;2;;;3;6;3;;;1;2
4;1;6;29;29094;;1;1;A-356;45,88;6;14;1;4;;1;3;1;;;1;1
4;6;18;29;29094;;1;1;N-340;258,9;6;5;1;4;N-340;1;1;1;;;1;1
3;3;14;29;29094;;3;2;No inventariada;;9;3;2;;;1;1;1;;;1;998
4;6;11;29;29094;;3;2;No inventariada;;9;7;1;1;;1;1;1;;;1;998
4;1;19;29;29094;;3;2;No inventariada;;9;1;1;1;;1;1;1;;;1;998
4;3;22;29;29094;;3;2;No inventariada;;11;2;1;1;;1;4;1;;;1;998
4;7;18;29;29094;;3;2;No inventariada;;9;10;2;;;1;1;1;;;1;998
3;6;14;29;29094;;3;2;No inventariada;;9;2;2;;;1;1;1;;;1;998
4;1;19;29;29094;;3;2;No inventariada;;9;4;2;;;1;1;1;;;1;998
4;2;18;29;29094;;1;1;MA-3203;0,1;6;10;2;;;1;1;1;;;1;1
3;3;8;29;29094;;3;2;No inventariada;;9;15;2;;;1;1;1;;;1;998
4;5;16;29;29094;;1;1;A-356;48,54;6;4;1;4;A-7;1;1;1;;;1;1
4;5;19;29;29094;;3;2;No inventariada;;9;7;2;;;1;1;1;;;1;998
4;6;17;29;29094;;3;2;No inventariada;;7;10;2;;;1;1;1;;;1;998
4;5;14;29;29094;;3;2;No inventariada;;9;2;1;1;;1;1;1;;;1;998
4;4;17;29;29094;;3;2;No inventariada;;9;2;1;4;;1;1;1;;;1;998
4;5;22;29;29094;;1;1;A-356;48,162;6;2;1;4;;1;6;1;;;1;1
4;6;20;29;29094;;3;2;No inventariada;;9;16;2;;;1;4;1;;;1;998
4;2;11;29;29094;;1;1;N-340;264,563;6;4;2;;;1;1;1;;;1;1
4;5;13;29;29094;;3;2;No inventariada;;9;7;2;;;1;1;1;;;1;998
5;3;23;29;29094;;3;2;No inventariada;;9;2;1;1;;1;4;1;;;1;998
5;4;12;29;29094;;3;2;No inventariada;;9;4;2;;;1;1;1;;;1;998
4;2;7;29;29094;;3;2;No inventariada;;9;2;1;1;;1;1;1;;;1;998
5;6;11;29;29094;;3;2;No inventariada;;9;1;1;4;;1;1;1;;;1;998
5;1;21;29;29094;;3;2;No inventariada;;9;2;1;4;;1;4;1;;;1;998
5;4;14;29;29094;;1;1;A-356;46,436;6;4;2;;;1;1;1;;;1;1
5;3;11;29;29094;;3;2;No inventariada;;9;2;1;1;;1;1;1;;;1;998
5;7;16;29;29094;;3;2;No inventariada;;9;4;2;;;1;1;1;;;1;998
5;7;20;29;29094;;3;2;No inventariada;;9;12;2;;;1;1;1;;;1;998
4;1;19;29;29094;;3;2;No inventariada;;14;10;2;;;3;1;2;;;1;998
5;6;0;29;29094;;1;1;N-340;265,95;6;19;2;;;1;6;1;;;1;1
5;7;6;29;29094;;1;1;A-7;957,7;3;14;2;;;1;1;1;;;1;1
5;6;11;29;29094;;3;2;No inventariada;;9;2;1;4;;1;1;1;;;1;998
4;3;16;29;29094;;3;2;No inventariada;;9;1;2;;;1;1;1;;;1;998
5;1;8;29;29094;;3;2;No inventariada;;9;2;1;2;;1;1;1;;;1;998
5;3;17;29;29094;;3;2;No inventariada;;9;10;1;4;;7;1;1;;;1;998
1;2;8;29;29094;;3;2;No inventariada;;9;3;2;;;1;2;7;;;18;998
5;4;20;29;29094;;3;2;No inventariada;;9;7;2;;;1;1;1;;;1;998
5;3;14;29;29094;;3;2;No inventariada;;9;2;1;1;;1;1;1;;;18;998
5;3;18;29;29094;;3;2;No inventariada;;9;10;2;;;1;1;1;;;1;998
6;1;9;29;29094;;1;1;N-340;267,3;6;2;2;;;1;1;1;;;1;1
5;5;14;29;29094;;3;2;No inventariada;;9;14;1;1;;1;1;1;;;1;998
5;5;19;29;29094;;3;2;No inventariada;;9;10;2;;;1;1;1;;;1;998
6;7;12;29;29094;;1;1;N-340;267,736;6;1;1;12;;1;1;1;;;1;1
4;5;13;29;29094;;3;2;No inventariada;;9;7;2;;;1;1;1;;;1;998
6;3;21;29;29094;;1;1;MA-3113;3,1;6;3;2;;;1;2;1;;;4;2
6;3;11;29;29094;;3;2;No inventariada;;9;2;1;4;;1;1;1;;;1;998
5;6;13;29;29094;;3;2;No inventariada;;9;4;2;;;1;1;1;;;1;998
6;7;10;29;0;;1;1;A-356;34,445;6;13;2;;;1;1;1;;;1;3
6;7;14;29;29094;;1;1;N-340;263,85;6;2;2;;;1;1;1;;;1;1
6;3;18;29;29094;;3;2;No inventariada;;9;2;1;4;;1;1;1;;;1;998
6;1;19;29;29094;;3;2;No inventariada;;9;4;2;;;1;1;1;;;1;998
6;1;19;29;29094;;3;2;No inventariada;;9;4;2;;;1;1;1;;;1;998
6;5;20;29;29094;;3;2;No inventariada;;9;4;1;4;;1;2;1;;;1;998
6;6;21;29;29094;;3;2;No inventariada;;9;7;2;;;1;3;1;;;1;998
6;6;12;29;29094;;1;1;N-340;266,33;6;2;2;;;1;1;1;;;1;1
6;1;4;29;29094;;3;2;No inventariada;;9;18;1;4;;1;4;1;;;1;998
6;7;8;29;29094;;1;1;MA-3116;1,433;6;1;2;;;1;1;1;;;1;1
6;4;19;29;29094;;3;2;No inventariada;;9;14;2;;;1;1;1;;;1;998
7;1;17;29;29094;;1;1;A-7;952,5;3;10;2;;;1;1;1;;;1;1
7;2;7;29;29094;;1;1;A-7;964,8;3;10;2;;;1;1;1;;;1;1
6;2;11;29;29094;;3;2;No inventariada;;9;7;1;2;;1;1;1;;;1;998
7;3;13;29;29094;;3;2;No inventariada;;9;10;2;;;1;1;1;;;1;998
7;5;10;29;29094;;3;2;No inventariada;;9;2;1;4;;1;1;1;;;1;998
6;6;14;29;29094;;3;2;No inventariada;;9;2;1;1;;1;1;1;;;1;998
6;7;16;29;29094;;3;2;No inventariada;;9;2;1;4;;1;1;1;;;1;998
7;5;20;29;29094;;1;1;A-356;48,161;6;2;2;;;1;1;1;;;1;1
6;6;20;29;29094;;3;2;No inventariada;;9;3;2;;;1;1;1;;;1;998
7;7;21;29;29094;;1;1;A-7;951,8;3;18;2;;;1;2;1;;;1;1
7;3;15;29;29094;;1;1;N-340;264,577;6;2;2;;;1;1;1;;;1;1
7;7;11;29;29094;;3;2;No inventariada;;14;10;2;;;1;1;1;;;1;998
7;7;13;29;29094;;3;2;No inventariada;;9;2;2;;;1;1;1;;;1;998
7;3;17;29;29094;;1;1;MA-3116;0,485;6;20;2;;;1;1;1;;;1;2
7;4;1;29;29094;;1;1;N-340;265;6;10;2;;;1;5;1;;;1;1
7;3;10;29;29094;;3;2;No inventariada;;9;2;1;1;;1;1;1;;;1;998
7;7;15;29;29094;;1;1;N-340;258,95;6;4;2;;;1;1;1;;;1;1
7;3;19;29;29094;;1;1;MA-3203;0,3;6;1;2;;;1;1;1;;;4;2
7;7;23;29;29094;;3;2;No inventariada;;9;4;2;;;1;4;1;;;1;998
7;4;15;29;29094;;3;2;No inventariada;;9;16;2;;;1;1;1;;;1;998
6;5;10;29;29094;;3;2;No inventariada;;9;20;2;;;1;1;1;;;1;998
7;6;2;29;29094;;3;2;No inventariada;;9;7;2;;;1;3;1;;;1;998
7;6;2;29;29094;;3;2;No inventariada;;14;7;2;;;1;3;1;;;1;998
7;4;23;29;29094;;3;2;No inventariada;;9;4;2;;;1;4;1;;;1;998
7;6;9;29;29094;;3;2;No inventariada;;9;2;1;2;;1;1;1;;;1;998
7;3;9;29;29094;;1;1;N-340;258,443;6;2;1;1;N-340a;1;1;1;;;1;1
7;1;23;29;29094;;3;2;No inventariada;;14;7;2;;;1;4;1;;;1;998
7;6;7;29;29094;;3;2;No inventariada;;9;9;2;;;1;1;1;;;1;998
7;6;21;29;29094;;1;1;MA-3118;1,629;6;1;2;;;1;1;1;;;1;2
7;2;8;29;29094;;3;2;No inventariada;;9;7;1;2;;1;1;1;;;6;998
7;2;8;29;29094;;1;1;A-356;48,5;6;4;1;4;A-7;1;1;1;;;1;3
5;5;10;29;29094;;3;2;No inventariada;;9;10;2;;;1;1;1;;;1;998
5;5;12;29;29094;;3;2;No inventariada;;9;3;2;;;1;1;1;;;1;998
8;5;19;29;29094;;1;1;A-356;48,2;6;2;1;4;N-340a;1;1;1;;;1;1
7;3;21;29;29094;;3;2;No inventariada;;9;6;1;1;;1;2;1;;;1;998
7;2;13;29;29094;;3;2;No inventariada;;9;4;1;4;;1;1;1;;;1;998
8;1;14;29;29094;;3;2;No inventariada;;9;2;1;1;;1;1;1;;;1;998
7;7;17;29;29094;;3;2;No inventariada;;9;10;2;;;3;1;3;;;1;998
7;6;20;29;29094;;3;2;No inventariada;;9;2;1;2;;1;1;1;;;1;998
8;3;15;29;29094;;3;2;No inventariada;;9;1;2;;;1;1;1;;;1;998
8;4;14;29;29094;;1;1;MA-3113;3,5;6;1;2;;;1;1;1;;;1;1
8;4;19;29;29094;;1;1;N-340;258,58;6;2;2;;;1;1;1;;;1;1
8;4;14;29;29094;;3;2;No inventariada;;9;2;1;4;;1;1;1;;;1;998
8;5;23;29;29094;;3;2;No inventariada;;9;2;2;;;1;4;1;;;1;998
8;7;2;29;29094;;3;2;No inventariada;;9;19;2;;;1;4;1;;;1;998
8;2;17;29;29094;;1;1;N-340;260;6;7;2;;;1;1;1;;;1;1
8;3;14;29;29094;;1;1;A-7;952,779;3;4;2;;;1;1;1;;;1;1
7;1;20;29;29094;;3;2;No inventariada;;9;2;2;;;1;1;1;;;1;998
7;2;11;29;29094;;3;2;No inventariada;;9;2;1;4;;1;1;1;;;1;998
8;5;18;29;29094;;3;2;No inventariada;;9;10;2;;;1;1;1;;;1;998
8;1;17;29;29094;;3;2;No inventariada;;9;2;1;1;;1;1;1;;;1;998
8;2;23;29;29094;;3;2;No inventariada;;9;7;1;1;;1;4;1;;;1;998
8;3;23;29;29094;;3;2;No inventariada;;9;10;2;;;1;4;1;;;1;998
8;6;22;29;29094;;3;2;No inventariada;;9;7;2;;;1;4;1;;;1;998
8;7;6;29;29094;;3;2;No inventariada;;9;19;2;;;1;4;1;;;1;998
8;2;19;29;29094;;3;2;No inventariada;;9;7;2;;;1;1;1;;;1;998
8;4;13;29;29094;;3;2;No inventariada;;9;2;1;2;;1;1;1;;;1;998
9;2;20;29;29094;;1;1;N-340;258,4;6;2;1;1;N-340a;1;1;1;;;6;1
8;6;12;29;29094;;3;2;No inventariada;;9;16;2;;;1;1;1;;;1;998