MES;DIA_SEMANA;HORA;COD_PROVINCIA;COD_MUNICIPIO;ISLA;ZONA;ZONA_AGRUPADA;CARRETERA;KM;TIPO_VIA;TIPO_ACCIDENTE;NUDO;NUDO_INFO;CARRETERA_CRUCE;CONDICION_FIRME;CONDICION_ILUMINACION;CONDICION_METEO;CONDICION_NIEBLA;CONDICION_VIENTO;VISIB_RESTRINGIDA_POR;TRAZADO_PLANTA
9;7;11;29;29094;;1;1;A-7;954,938;3;5;2;;;1;1;1;;;1;1
9;1;19;29;29094;;1;1;N-340;258,277;6;3;1;2;A-7;1;1;1;;;1;1
8;6;18;29;29094;;3;2;No inventariada;;9;2;2;;;1;1;1;;;1;998
8;3;21;29;29094;;3;2;No inventariada;;9;2;1;1;;1;4;1;;;1;998
9;3;16;29;29094;;3;2;No inventariada;;9;2;1;2;;1;1;1;;;1;998
9;7;0;29;29094;;1;1;N-340;264,784;6;19;2;;;1;6;1;1;;4;3
9;2;20;29;29094;;3;2;No inventariada;;9;4;2;;;3;1;1;;;1;998
7;2;20;29;29094;;3;2;No inventariada;;9;1;2;;;1;1;7;;;18;998
8;5;7;29;29094;;3;2;No inventariada;;9;3;2;;;1;4;1;;;18;998
9;2;12;29;29094;;3;2;No inventariada;;9;4;2;;;1;1;1;;;18;998
9;4;17;29;29094;;3;2;No inventariada;;9;3;1;1;;1;1;1;;;1;998
9;5;13;29;29094;;3;2;No inventariada;;9;7;1;1;;1;1;1;;;1;998
9;4;20;29;29094;;3;2;No inventariada;;9;5;2;;;1;4;1;;;1;998
9;6;23;29;29094;;3;2;No inventariada;;9;10;2;;;7;4;1;;;1;998
9;7;0;29;29094;;3;2;No inventariada;;9;10;2;;;7;4;1;;;1;998
9;4;13;29;29094;;3;2;No inventariada;;9;1;1;1;;1;1;1;;;1;998
9;4;11;29;29094;;3;2;No inventariada;;9;2;2;;;1;1;1;;;1;998
9;4;16;29;29094;;3;2;No inventariada;;9;2;1;1;;1;1;1;;;1;998
10;2;7;29;29094;;1;1;A-356;43,925;6;12;2;;;1;2;1;;;1;4
10;1;12;29;29094;;1;1;A-356R1;1;8;18;2;;;1;1;1;;;1;1
10;7;1;29;29094;;3;2;No inventariada;;9;2;1;2;;1;4;1;;;1;998
9;1;9;29;29094;;3;2;No inventariada;;9;2;1;1;;1;1;1;;;1;998
10;1;9;29;29094;;3;2;No inventariada;;9;2;2;;;1;1;1;;;1;998
10;6;20;29;29094;;3;2;No inventariada;;9;2;1;2;;1;1;1;;;1;998
10;4;9;29;29094;;3;2;No inventariada;;9;2;2;;;1;1;1;;;1;998
10;4;11;29;29094;;3;2;No inventariada;;9;2;2;;;1;1;1;;;1;998
10;5;8;29;29094;;3;2;No inventariada;;9;4;1;1;;1;1;1;;;1;998
10;7;0;29;29094;;3;2;No inventariada;;9;2;1;1;;1;4;1;;;1;998
10;7;1;29;29094;;1;1;A-356R1;0,5;8;12;2;;;3;4;2;;;1;3
9;5;9;29;29094;;3;2;No inventariada;;9;7;2;;;1;1;1;;;1;998
9;7;20;29;29094;;3;2;No inventariada;;9;2;1;1;;1;3;1;;;1;998
9;1;10;29;29094;;3;2;No inventariada;;9;3;1;1;;1;1;1;;;1;998
10;2;20;29;29094;;1;1;A-7;960;3;5;2;;;3;6;3;;;4;1
10;5;17;29;29094;;3;2;No inventariada;;9;20;2;;;1;1;1;;;1;998
8;4;2;29;29094;;3;2;No inventariada;;9;10;2;;;3;4;3;;;18;998
10;1;10;29;29094;;3;2;No inventariada;;9;2;1;1;;1;1;1;;;1;998
10;4;12;29;29094;;3;2;No inventariada;;9;7;2;;;1;1;1;;;1;998
10;1;12;29;29094;;3;2;No inventariada;;9;2;1;1;;1;1;1;;;1;998
10;3;14;29;29094;;3;2;No inventariada;;9;2;1;4;;1;1;1;;;1;998
10;3;15;29;29094;;3;2;No inventariada;;9;7;2;;;1;1;1;;;1;998
10;3;7;29;29094;;3;2;No inventariada;;9;7;2;;;3;2;3;;;1;998
9;2;12;29;29094;;3;2;No inventariada;;9;7;2;;;1;1;1;;;1;998
10;1;20;29;29094;;3;2;No inventariada;;9;2;1;2;;3;1;3;;;1;998
10;1;9;29;29094;;3;2;No inventariada;;7;4;2;;;1;1;1;;;1;998
10;4;12;29;29094;;3;2;No inventariada;;9;10;1;2;;3;1;3;;;1;998
11;7;19;29;29094;;1;1;A-7;950,1;3;7;2;;;1;6;1;;;1;1
11;2;20;29;29094;;3;2;No inventariada;;9;7;2;;;1;4;1;;;1;998
11;6;6;29;29094;;1;1;A-356R1;1;8;12;1;4;A-357;1;6;1;;;1;1
10;1;16;29;29094;;3;2;No inventariada;;9;2;1;1;;1;1;1;;;1;998
11;1;16;29;29094;;3;2;No inventariada;;9;2;1;4;;1;1;1;;;1;998
11;5;18;29;29094;;3;2;No inventariada;;9;2;1;2;;1;1;1;;;1;998
9;2;21;29;29094;;3;2;No inventariada;;9;2;1;1;;1;4;1;;;18;998
11;5;15;29;29094;;1;1;A-7;953,51;3;4;2;;;1;1;1;;;1;1
11;5;16;29;29094;;3;2;No inventariada;;9;7;2;;;1;1;1;;;1;998
11;3;10;29;29094;;3;2;No inventariada;;9;2;1;1;;1;1;1;;;1;998
11;7;12;29;29094;;3;2;No inventariada;;9;2;2;;;1;1;1;;;1;998
11;3;14;29;29094;;3;2;No inventariada;;9;2;1;1;;1;1;1;;;1;998
11;4;18;29;29094;;3;2;No inventariada;;9;7;2;;;1;4;1;;;1;998
11;4;20;29;29094;;3;2;No inventariada;;9;2;2;;;1;4;1;;;12;998
12;2;6;29;29094;;1;1;A-356;48,1;6;2;1;4;;1;5;1;;;1;1
12;2;11;29;29094;;1;1;MA-3113;4,8;6;4;2;;;1;1;1;;;1;2
12;1;19;29;29094;;3;2;No inventariada;;9;4;2;;;1;4;1;;;1;998
12;2;12;29;29094;;3;2;No inventariada;;9;7;2;;;1;1;1;;;1;998
12;2;15;29;29094;;3;2;No inventariada;;9;4;2;;;1;1;1;;;1;998
12;3;11;29;29094;;3;2;No inventariada;;9;2;1;1;;1;1;1;;;1;998
12;3;13;29;29094;;3;2;No inventariada;;9;2;1;4;;1;1;1;;;1;998
12;4;9;29;29094;;3;2;No inventariada;;9;2;1;4;;1;1;1;;;1;998
12;5;16;29;29094;;3;2;No inventariada;;9;10;2;;;1;1;1;;;1;998
12;5;0;29;29094;;3;2;No inventariada;;11;18;2;;;3;6;1;;;18;998
12;6;11;29;29094;;3;2;No inventariada;;9;7;2;;;1;1;1;;;1;998
12;6;17;29;29094;;1;1;MA-3203;2,452;6;18;2;;;1;1;1;;;1;2
12;7;6;29;29094;;1;1;A-7;960,2;3;16;2;;;1;6;1;;;1;1
10;5;14;29;29094;;3;2;No inventariada;;9;4;1;2;;1;1;1;;;1;998
11;1;9;29;29094;;3;2;No inventariada;;9;19;1;2;;1;1;1;;;1;998
12;6;15;29;29094;;3;2;No inventariada;;9;7;1;5;;1;1;1;;;1;998
12;3;8;29;29094;;3;2;No inventariada;;9;10;2;;;3;1;3;;;1;998
9;4;21;29;29094;;3;2;No inventariada;;14;7;2;;;1;4;1;;;18;998
12;4;11;29;29094;;3;2;No inventariada;;9;3;2;;;1;1;1;;;1;998
12;7;23;29;29094;;3;2;No inventariada;;9;2;1;4;;1;4;1;;;1;998
12;5;12;29;29094;;3;2;No inventariada;;9;2;1;2;;1;1;1;;;1;998
12;2;8;29;29094;;3;2;No inventariada;;9;20;2;;;1;2;1;;;1;998
12;3;0;29;29094;;1;1;N-340;268,097;6;7;2;;;1;4;7;;;1;1
12;1;9;29;29094;;3;2;No inventariada;;9;2;1;2;;1;1;1;;;1;998
12;7;22;29;29094;;1;1;A-7;959,4;3;16;2;;;1;6;1;;;1;1
12;4;11;29;29094;;3;2;No inventariada;;9;10;1;4;;1;1;1;;;1;998
12;1;14;29;29094;;1;1;N-340;267,5;6;4;2;;;1;1;1;;;1;1
12;6;10;29;29094;;3;2;No inventariada;;9;4;2;;;1;1;1;;;1;998
2;5;14;29;0;;3;2;No inventariada;;9;7;1;2;;1;1;1;1;;1;998
6;3;14;29;29015;;1;1;MA-6414;6,25;6;1;2;;;1;1;1;;;1;1
9;7;2;29;0;;1;1;A-7201;12,5;6;16;2;;;1;6;1;;;18;2
10;3;12;29;0;;1;1;A-7201;17,7;6;1;2;;;1;1;1;;;4;3
11;6;23;29;0;;1;1;A-7203;7,4;6;19;2;;;1;6;1;;;1;2
5;6;1;29;29097;;1;1;MA-4100;0,155;6;3;2;;;1;6;1;;;1;3
8;1;12;29;29097;;1;1;A-7203;6;6;14;2;;;1;1;1;;;1;3
9;7;23;29;29097;;1;1;A-92M;8,158;3;6;2;;;1;6;1;;;1;1
10;5;6;29;0;;1;1;A-7203;7,3;6;18;2;;;1;6;1;;;4;3
1;4;12;29;0;;1;1;A-7075;36,757;6;12;2;;;3;1;1;;;1;2
3;6;22;29;0;;1;1;A-7205;6,5;6;12;2;;;3;6;3;;;4;3
4;3;15;29;0;;1;1;A-356;38,9;6;2;1;2;MA-4106;1;1;1;;;1;1
4;2;16;29;29094;;1;1;A-356;38,1;6;4;2;;;1;1;1;;;1;1
5;7;14;29;0;;1;1;A-7205;7,66;6;19;2;;;1;1;1;;;1;1
6;4;14;29;0;;1;1;A-7205;2,217;6;18;2;;;1;1;1;;;1;3
9;1;1;29;0;;1;1;A-356;34,564;6;14;2;;;1;6;1;;;18;3
10;5;7;29;0;;1;1;A-402;55,801;6;7;1;2;A-7204;1;6;1;;;1;1
1;2;12;29;0;;1;1;A-366;30,451;6;3;2;;;1;1;1;;;1;1
2;6;12;29;0;;1;1;A-366;36,2;6;16;2;;;1;1;1;;;4;2
3;7;13;29;0;;1;1;A-366;36,422;6;2;2;;;1;1;1;;;1;2
10;6;12;29;0;;1;1;A-366;37,2;6;6;2;;;1;1;2;;;4;2
1;4;22;29;29901;;3;2;No inventariada;;9;2;1;1;;3;4;4;;;2;998
1;6;15;29;29901;;3;2;No inventariada;;9;2;2;;;1;1;1;;;1;998
1;2;11;29;29901;;3;2;No inventariada;;9;2;2;;;1;1;1;;;1;998
1;4;9;29;29901;;3;2;No inventariada;;9;2;1;2;;1;1;1;;;1;998
1;6;15;29;29901;;3;2;No inventariada;;9;3;1;4;;1;1;1;;;1;998
2;6;15;29;29901;;3;2;No inventariada;;9;2;1;1;;1;1;1;;;2;998
1;1;16;29;29901;;3;2;No inventariada;;9;2;1;2;;1;1;1;;;1;998
1;3;10;29;29901;;3;2;No inventariada;;9;2;1;4;;1;1;1;;;1;998
3;4;9;29;29901;;3;2;No inventariada;;9;10;2;;;3;1;3;;;1;998
4;5;21;29;29901;;1;1;A-7;999,9;3;3;2;;;1;6;1;;;1;1
4;7;10;29;29901;;3;2;No inventariada;;9;4;1;4;;1;1;1;;;1;998
4;5;9;29;29901;;3;2;No inventariada;;9;10;2;;;7;1;1;;;1;998
3;7;21;29;29901;;3;2;No inventariada;;9;2;1;5;;1;4;1;;;1;998
2;6;21;29;29901;;3;2;No inventariada;;9;2;1;1;;1;4;1;;;9;998
4;7;20;29;29067;;1;1;A-7;998;3;4;1;2;MA-20;1;1;2;;;1;1
5;6;4;29;29901;;1;1;A-7;1001;3;12;2;;;1;6;1;;;1;1
5;2;13;29;29901;;3;2;No inventariada;;9;7;2;;;1;1;1;;;1;998
4;2;20;29;29901;;3;2;No inventariada;;9;10;2;;;1;1;1;;;1;998
5;6;12;29;29901;;3;2;No inventariada;;9;2;1;1;;1;1;1;;;1;998
5;6;22;29;29901;;3;2;No inventariada;;9;2;1;1;;1;4;1;;;2;998
5;7;15;29;29901;;3;2;No inventariada;;9;7;2;;;1;1;1;;;1;998
3;7;18;29;29901;;3;2;No inventariada;;9;4;2;;;1;1;1;;;1;998
4;2;11;29;29901;;3;2;No inventariada;;9;2;1;1;;1;1;1;;;1;998
5;5;10;29;29901;;3;2;No inventariada;;9;4;1;2;;1;1;1;;;1;998
5;5;0;29;29901;;3;2;No inventariada;;9;4;1;5;;1;4;1;;;1;998
5;2;16;29;29901;;3;2;No inventariada;;9;4;2;;;1;1;1;;;1;998
5;5;16;29;29901;;3;2;No inventariada;;9;5;2;;;1;1;1;;;1;998
5;3;17;29;29901;;3;2;No inventariada;;9;7;2;;;1;1;1;;;12;998
6;6;16;29;29901;;3;2;No inventariada;;9;16;1;4;;1;1;1;;;1;998
6;6;16;29;29901;;3;2;No inventariada;;9;2;1;2;;1;1;1;;;1;998
6;2;0;29;29901;;3;2;No inventariada;;9;16;1;4;;1;4;1;;;1;998
6;2;8;29;29067;;1;1;A-7;998,3;3;4;2;;;1;1;1;;;1;1
6;7;17;29;29901;;3;2;No inventariada;;9;2;1;2;;1;1;1;;;1;998
6;5;18;29;29901;;3;2;No inventariada;;9;2;1;5;;1;1;1;;;1;998
1;6;18;29;29901;;3;2;No inventariada;;9;4;1;4;;3;4;3;;;5;998
7;5;0;29;29901;;3;2;No inventariada;;9;5;1;2;;1;4;1;;;1;998
6;6;9;29;29901;;3;2;No inventariada;;9;2;1;1;;1;1;1;;;1;998
7;5;20;29;29901;;3;2;No inventariada;;9;10;2;;;1;1;1;;;1;998
7;1;6;29;29901;;1;1;AP-7;227;1;4;2;;;1;1;1;;;1;1
7;3;5;29;29901;;1;1;A-7;1002;3;6;2;;;1;6;1;;;1;1
6;3;11;29;29901;;3;2;No inventariada;;9;2;2;;;1;1;1;;;1;998
7;7;15;29;29901;;3;2;No inventariada;;9;2;1;5;;1;1;1;;;1;998
7;3;18;29;29901;;3;2;No inventariada;;9;3;1;4;;1;1;1;;;1;998
8;5;11;29;29901;;3;2;No inventariada;;9;4;1;2;;1;1;1;;;1;998
8;7;22;29;29901;;3;2;No inventariada;;9;4;2;;;1;4;1;;;1;998
8;6;14;29;29901;;3;2;No inventariada;;9;2;1;2;;1;1;1;;;1;998
7;7;4;29;29901;;3;2;No inventariada;;9;2;1;1;;1;4;1;;;2;998
8;2;20;29;29901;;3;2;No inventariada;;9;3;1;2;;1;1;1;;;1;998
8;2;1;29;29901;;1;1;A-7;1000;3;4;1;2;AP-7;1;6;1;;;1;1
8;4;15;29;29901;;3;2;No inventariada;;9;2;1;2;;1;1;1;;;1;998
9;3;20;29;29901;;3;2;No inventariada;;9;3;1;2;;1;1;1;;;1;998
9;6;7;29;29067;;1;1;A-7;998;3;15;1;4;MA-20;1;2;1;;;1;1
9;1;10;29;29901;;3;2;No inventariada;;9;2;1;4;;1;1;1;;;9;998
9;6;11;29;29901;;3;2;No inventariada;;9;3;1;4;;1;1;1;;;1;998
8;7;18;29;29901;;3;2;No inventariada;;9;7;1;2;;1;1;1;;;9;998
9;5;19;29;29901;;3;2;No inventariada;;9;2;1;4;;1;1;1;;;1;998
9;4;21;29;29901;;3;2;No inventariada;;9;2;1;4;;1;4;1;;;1;998
9;1;21;29;29901;;3;2;No inventariada;;9;2;1;1;;1;4;1;;;4;998
9;5;16;29;29901;;3;2;No inventariada;;9;10;2;;;1;1;1;;;9;998
9;3;22;29;29901;;1;1;A-7;999,281;2;6;2;;;1;6;1;;;1;1
8;4;18;29;29901;;3;2;No inventariada;;9;10;2;;;1;1;1;;;1;998
10;3;11;29;29901;;3;2;No inventariada;;9;4;2;;;1;1;1;;;1;998
10;7;7;29;29901;;3;2;No inventariada;;9;10;1;4;;1;4;1;;;1;998
8;5;4;29;29901;;3;2;No inventariada;;9;10;2;;;3;4;1;;;1;998
10;4;18;29;29901;;3;2;No inventariada;;9;2;1;2;;1;1;1;;;4;998
9;5;16;29;29901;;3;2;No inventariada;;7;7;2;;;1;1;1;;;2;998
10;6;14;29;29901;;3;2;No inventariada;;9;3;1;4;;1;1;1;;;1;998
10;1;11;29;29901;;1;1;A-7;1001,162;3;3;2;;;1;1;1;;;1;1
9;5;17;29;29901;;3;2;No inventariada;;9;2;1;4;;1;1;1;;;1;998
9;7;17;29;29901;;3;2;No inventariada;;9;2;1;4;;1;1;1;;;1;998
10;3;10;29;29901;;3;2;No inventariada;;9;7;2;;;1;4;1;;;1;998
11;3;15;29;29901;;3;2;No inventariada;;9;2;1;4;;1;1;1;;;1;998
11;7;7;29;29067;;1;1;A-7;999;3;4;2;;;1;2;1;;;1;1
11;7;20;29;29067;;1;1;A-7;999;3;4;2;;;1;6;1;;;1;1
11;4;6;29;29901;;3;2;No inventariada;;9;7;1;4;;3;3;3;;;3;998
11;2;15;29;29901;;3;2;No inventariada;;9;4;2;;;1;1;1;;;1;998
10;7;3;29;29901;;3;2;No inventariada;;9;4;2;;;3;4;3;;;1;998
11;3;8;29;29901;;3;2;No inventariada;;9;2;1;4;;1;1;1;;;1;998
11;4;12;29;29901;;3;2;No inventariada;;9;4;1;2;;1;1;1;;;1;998
11;2;18;29;29901;;3;2;No inventariada;;9;7;2;;;1;3;1;;;14;998
11;6;15;29;29067;;1;1;A-7;999,1;3;6;2;;;1;1;1;;;1;1
11;3;21;29;29901;;3;2;No inventariada;;9;2;1;1;;1;4;1;;;3;998
12;2;14;29;29901;;3;2;No inventariada;;9;2;1;4;;1;1;1;;;1;998
11;6;10;29;29901;;3;2;No inventariada;;9;2;2;;;1;1;1;;;9;998
12;7;16;29;29901;;3;2;No inventariada;;9;1;1;2;;1;1;1;;;4;998
12;6;16;29;29901;;3;2;No inventariada;;9;4;1;4;;1;1;1;;;1;998
12;7;22;29;29901;;3;2;No inventariada;;9;6;2;;;1;4;1;;;1;998
12;3;13;29;29901;;3;2;No inventariada;;9;10;2;;;1;1;1;;;1;998
12;6;12;29;29901;;3;2;No inventariada;;9;16;2;;;1;1;1;;;1;998
1;4;17;29;0;;1;1;A-7075;42,7;6;4;2;;;1;1;1;;;6;1
3;5;17;29;0;;1;1;A-7075;40,9;6;2;2;;;1;1;2;;;1;1
8;6;13;29;0;;1;1;MA-3403;5,293;6;2;1;2;;1;1;1;;;12;3
4;7;14;29;29084;;1;1;A-2300;17,633;6;17;2;;;1;1;1;;;1;2
6;6;21;29;29084;;1;1;MA-8407;4,467;6;15;2;;;1;1;1;;;4;1
7;1;6;29;29084;;1;1;A-374;17;6;8;2;;;1;6;1;;;1;1
2;7;9;30;30001;;1;1;RM-413;3,4;6;2;1;1;;1;1;1;;;1;1
2;6;11;30;30001;;1;1;RM-423;25,2;6;10;2;;;1;1;1;;1;1;3
3;6;20;30;30001;;3;2;No inventariada;;9;16;2;;;1;3;1;;;1;998
4;6;17;30;30001;;1;1;RM-423;24,35;6;4;2;;;1;1;1;;;1;1
4;6;4;30;30001;;1;1;RM-A7;1,9;6;16;2;;;1;6;1;;;1;3
5;7;4;30;30001;;1;1;RM-410;1,1;6;18;2;;;1;6;1;;;1;2
7;1;7;30;30001;;1;1;RM-413;1,2;6;16;1;4;;1;1;1;;;1;2
8;7;12;30;30001;;1;1;RM-414;11;6;18;2;;;1;1;1;;;1;1
8;5;10;30;30001;;1;1;RM-414;4;6;18;2;;;1;1;1;;;1;2
9;1;15;30;30001;;1;1;RM-A29;2,62;6;12;2;;;1;1;1;;;1;1
8;1;11;30;30001;;3;2;No inventariada;;9;10;1;2;;1;1;1;;;11;998
9;1;15;30;30001;;1;1;RM-A6;1,349;6;14;2;;;1;1;1;;;1;3
9;7;18;30;30001;;3;2;No inventariada;;9;7;2;;;1;1;1;;;1;998
10;7;10;30;30001;;3;2;No inventariada;;11;20;2;;;1;1;1;;;1;998
10;2;13;30;30001;;3;2;No inventariada;;9;7;2;;;1;1;1;;;1;998
10;2;12;30;30001;;1;1;RM-412;6,144;7;16;2;;;1;1;1;;;1;2
1;4;12;30;30002;;3;2;No inventariada;;9;7;1;1;;1;1;1;;;1;998
1;4;19;30;30002;;3;2;No inventariada;;9;16;2;;;1;4;1;;;1;998
5;5;6;30;30002;;1;1;N-301;359,361;6;2;2;;;1;2;1;;;18;1
2;6;15;30;30002;;3;2;No inventariada;;9;2;2;;;1;1;1;;;1;998
3;2;20;30;30002;;3;2;No inventariada;;9;2;2;;;1;4;1;;;1;998
4;2;9;30;30002;;3;2;No inventariada;;9;1;2;;;1;1;1;;;4;998
4;3;19;30;30002;;3;2;No inventariada;;9;7;2;;;1;1;1;;;1;998
5;2;19;30;30002;;3;2;No inventariada;;9;2;2;;;1;1;1;;;1;998
6;3;23;30;30002;;1;1;RM-B17;4,1;6;13;2;;;1;6;1;;;1;2
6;7;11;30;30002;;1;1;RM-A10;17,3;6;1;2;;;1;1;1;;;4;2
6;6;16;30;30002;;3;2;No inventariada;;9;4;2;;;1;1;1;;;1;998
7;6;10;30;30002;;3;2;No inventariada;;9;7;1;1;;1;1;1;;;1;998
7;2;13;30;30002;;3;2;No inventariada;;9;20;2;;;1;1;1;;;1;998
9;4;13;30;30002;;3;2;No inventariada;;9;4;2;;;1;1;3;;;1;998
11;7;2;30;30002;;3;2;No inventariada;;9;10;2;;;1;4;1;;;1;998
12;2;15;30;30002;;1;1;A-33;8,5;3;4;2;;;1;1;1;;;4;3
12;4;11;30;30002;;1;1;RM-A10;20,383;6;10;2;;;1;1;2;;;1;1
1;2;17;30;30003;;1;1;RM-333;2,108;6;2;1;4;;1;1;1;;;1;2
3;7;14;30;30003;;1;1;RM-D14;8;6;1;2;;;1;1;1;;;1;2
4;7;22;30;30003;;1;1;RM-11;31,3;5;4;2;;;1;6;1;;;1;1
4;2;13;30;30003;;1;1;RM-11;33;5;5;2;;;1;1;3;;;1;1
5;7;9;30;30003;;1;1;RM-332;62,8;6;12;2;;;1;1;1;;;1;2
5;5;8;30;30003;;1;1;RM-11;33,3;5;2;1;4;;1;1;1;;;1;1
6;3;12;30;30003;;1;1;RM-D14;0,05;6;4;1;4;RM-11;1;1;2;;;1;1
7;6;17;30;30003;;1;1;RM-D14;3,8;6;14;2;;;1;1;1;;;4;1
7;2;1;30;30003;;1;1;AP-7;879,807;1;19;2;;;1;6;1;;;1;1
7;6;14;30;30003;;1;1;RM-11;32,1;5;4;2;;;1;1;1;;;1;1
8;4;10;30;30003;;1;1;RM-D14;3,435;6;10;1;4;RM-D14;1;1;1;;;1;4
8;4;12;30;30003;;1;1;RM-11;33,2;5;3;1;4;RM-D14;1;1;1;;;1;4
8;7;7;30;30003;;1;1;No inventariada;2;10;1;2;;;1;1;1;;;1;3
8;1;21;30;30003;;1;1;RM-D14;1,1;6;2;1;4;;1;3;1;;;1;1
6;2;11;30;30003;;3;2;No inventariada;;9;10;1;2;;1;1;1;;;1;998
4;1;16;30;30003;;3;2;No inventariada;;9;2;1;1;;1;1;1;;;1;998
4;7;19;30;30003;;3;2;No inventariada;;9;10;1;2;;1;4;1;;;1;998
8;4;14;30;30003;;3;2;No inventariada;;9;2;1;1;;1;1;1;;;9;998
9;5;23;30;30003;;3;2;No inventariada;;9;2;1;1;;2;4;1;;;1;998
1;7;18;30;30003;;3;2;No inventariada;;9;2;1;1;;1;2;1;;;1;998
1;1;19;30;30003;;3;2;No inventariada;;9;7;1;4;;1;4;1;;;1;998
1;1;22;30;30003;;3;2;No inventariada;;9;2;1;2;;1;4;1;;;1;998
1;1;17;30;30003;;3;2;No inventariada;;9;7;2;;;1;1;1;;;1;998
1;6;11;30;30003;;3;2;No inventariada;;9;7;2;;;1;1;1;;;1;998
1;1;19;30;30003;;3;2;No inventariada;;9;19;2;;;1;3;1;;;18;998
2;1;11;30;30003;;3;2;No inventariada;;9;20;2;;;9;1;7;;;1;998
2;3;14;30;30003;;3;2;No inventariada;;9;2;2;;;1;1;7;;;1;998
2;3;17;30;30003;;3;2;No inventariada;;9;10;2;;;1;1;7;;;1;998
2;5;15;30;30003;;3;2;No inventariada;;9;1;2;;;1;1;7;;;1;998
2;6;23;30;30003;;3;2;No inventariada;;9;4;2;;;1;4;1;;;1;998
2;6;22;30;30003;;3;2;No inventariada;;9;7;2;;;1;4;1;;;1;998
2;3;22;30;30003;;3;2;No inventariada;;9;4;2;;;1;4;1;;;1;998
2;4;14;30;30003;;3;2;No inventariada;;9;10;2;;;1;1;7;;;1;998
3;6;13;30;30003;;3;2;No inventariada;;9;20;2;;;1;1;1;;;1;998
3;2;11;30;30003;;3;2;No inventariada;;9;20;2;;;1;1;1;;;1;998
3;4;0;30;30003;;3;2;No inventariada;;9;2;2;;;1;4;1;;;18;998
3;6;9;30;30003;;3;2;No inventariada;;9;7;2;;;1;2;7;;;18;998
3;6;13;30;30003;;3;2;No inventariada;;9;4;2;;;1;1;1;;;1;998
4;3;17;30;30003;;3;2;No inventariada;;9;2;1;1;;1;1;1;;;1;998
4;5;12;30;30003;;3;2;No inventariada;;9;2;1;2;;1;1;1;;;1;998
9;3;15;30;30003;;3;2;No inventariada;;9;15;2;;;1;1;1;;;1;998
3;4;14;30;30003;;3;2;No inventariada;;9;3;2;;;1;1;1;;;1;998
4;5;17;30;30003;;3;2;No inventariada;;9;20;2;;;1;1;1;;;1;998
9;4;8;30;30003;;1;1;CAMINO LAB;2;10;19;2;;;1;1;1;;;1;1
4;5;23;30;30003;;3;2;No inventariada;;9;2;1;1;;1;4;1;;;1;998
4;5;23;30;30003;;3;2;No inventariada;;9;2;1;1;;1;4;1;;;1;998
4;3;10;30;30003;;3;2;No inventariada;;9;2;1;4;;1;1;1;;;1;998
4;6;9;30;30003;;3;2;No inventariada;;9;2;1;2;;1;1;1;;;1;998
4;5;15;30;30003;;3;2;No inventariada;;9;2;1;1;;1;1;1;;;1;998
4;2;6;30;30003;;3;2;No inventariada;;9;2;1;1;;1;4;1;;;1;998
5;4;0;30;30003;;3;2;No inventariada;;9;1;1;1;;1;4;1;;;1;998
5;4;9;30;30003;;3;2;No inventariada;;9;1;1;2;;1;1;1;;;1;998
5;5;13;30;30003;;3;2;No inventariada;;9;7;2;;;1;1;1;;;1;998
5;1;18;30;30003;;3;2;No inventariada;;9;4;2;;;1;1;1;;;1;998
9;5;18;30;30003;;3;2;No inventariada;;9;19;1;4;;1;3;1;;;1;998
1;6;23;30;30003;;3;2;No inventariada;;9;2;1;1;;1;4;1;;;1;998
3;2;13;30;30003;;3;2;No inventariada;;9;2;1;1;;1;1;1;;;1;998
3;3;16;30;30003;;3;2;No inventariada;;9;7;2;;;1;1;1;;;1;998
5;2;16;30;30003;;3;2;No inventariada;;9;2;1;1;;1;1;1;;;1;998
7;7;22;30;30003;;3;2;No inventariada;;9;2;1;1;;1;4;1;;;1;998
7;6;9;30;30003;;3;2;No inventariada;;9;2;1;1;;1;2;1;;;1;998
8;1;12;30;30003;;3;2;No inventariada;;9;2;1;1;;1;1;1;;;1;998
8;4;13;30;30003;;3;2;No inventariada;;9;2;1;1;;1;1;1;;;1;998
8;1;20;30;30003;;3;2;No inventariada;;7;10;2;;;1;3;1;;;1;998
9;5;9;30;30003;;3;2;No inventariada;;9;7;2;;;1;1;1;;;1;998
5;2;12;30;30003;;3;2;No inventariada;;9;4;1;4;;1;1;1;;;1;998
5;5;20;30;30003;;3;2;No inventariada;;9;4;2;;;1;3;1;;;1;998
5;3;17;30;30003;;3;2;No inventariada;;9;2;1;1;;1;1;1;;;1;998
5;5;8;30;30003;;3;2;No inventariada;;9;2;2;;;1;1;1;;;1;998
5;1;14;30;30003;;3;2;No inventariada;;9;3;1;2;;1;1;1;;;1;998
5;2;13;30;30003;;3;2;No inventariada;;9;4;2;;;1;1;1;;;1;998
9;5;19;30;30003;;3;2;No inventariada;;9;10;2;;;1;4;1;;;1;998