MES;DIA_SEMANA;HORA;COD_PROVINCIA;COD_MUNICIPIO;ISLA;ZONA;ZONA_AGRUPADA;CARRETERA;KM;TIPO_VIA;TIPO_ACCIDENTE;NUDO;NUDO_INFO;CARRETERA_CRUCE;CONDICION_FIRME;CONDICION_ILUMINACION;CONDICION_METEO;CONDICION_NIEBLA;CONDICION_VIENTO;VISIB_RESTRINGIDA_POR;TRAZADO_PLANTA
6;4;18;30;30003;;3;2;No inventariada;;9;4;2;;;1;1;1;;;1;998
6;4;9;30;30003;;3;2;No inventariada;;9;20;1;1;;1;1;1;;;1;998
6;7;17;30;30003;;3;2;No inventariada;;9;4;1;1;;1;1;1;;;1;998
6;7;17;30;30003;;3;2;No inventariada;;9;2;1;1;;1;1;1;;;1;998
6;1;9;30;30003;;3;2;No inventariada;;14;10;2;;;1;1;1;;;1;998
6;1;11;30;30003;;3;2;No inventariada;;9;4;2;;;1;1;1;;;1;998
6;5;20;30;30003;;3;2;No inventariada;;9;7;2;;;1;1;1;;;1;998
6;4;20;30;30003;;3;2;No inventariada;;9;4;2;;;1;1;1;;;1;998
7;1;9;30;30003;;3;2;No inventariada;;14;6;2;;;1;1;1;;;1;998
6;6;13;30;30003;;3;2;No inventariada;;9;10;1;4;;3;1;1;;;1;998
7;1;13;30;30003;;3;2;No inventariada;;9;2;2;;;1;1;1;;;1;998
7;6;19;30;30003;;3;2;No inventariada;;9;10;2;;;1;1;1;;;1;998
7;6;15;30;30003;;3;2;No inventariada;;9;2;2;;;1;1;1;;;1;998
7;5;21;30;30003;;3;2;No inventariada;;9;2;1;1;;1;4;1;;;1;998
7;6;19;30;30003;;3;2;No inventariada;;9;2;1;1;;1;2;1;;;1;998
7;4;20;30;30003;;3;2;No inventariada;;9;3;1;1;;1;3;1;;;1;998
7;6;20;30;30003;;3;2;No inventariada;;9;3;2;;;1;3;1;;;1;998
7;3;17;30;30003;;3;2;No inventariada;;9;2;2;;;1;1;1;;;1;998
8;5;14;30;30003;;3;2;No inventariada;;9;4;2;;;1;1;1;;;1;998
7;3;18;30;30003;;3;2;No inventariada;;9;10;1;1;;1;1;1;;;1;998
7;6;19;30;30003;;3;2;No inventariada;;9;6;2;;;1;1;1;;;1;998
8;5;17;30;30003;;3;2;No inventariada;;9;1;2;;;1;1;1;;;1;998
8;3;23;30;30003;;3;2;No inventariada;;9;10;2;;;1;4;1;;;1;998
8;5;13;30;30003;;3;2;No inventariada;;9;2;1;1;;1;1;1;;;1;998
8;1;20;30;30003;;3;2;No inventariada;;9;2;1;1;;1;3;1;;;1;998
8;4;12;30;30003;;3;2;No inventariada;;9;10;2;;;7;1;1;;;1;998
8;4;13;30;30003;;3;2;No inventariada;;9;2;2;;;1;1;1;;;1;998
5;2;15;30;30003;;3;2;No inventariada;;9;2;1;4;;1;1;1;;;1;998
8;4;12;30;30003;;3;2;No inventariada;;9;2;1;4;;1;1;1;;;1;998
1;5;7;30;30003;;3;2;No inventariada;;9;2;1;1;;1;3;1;;;1;998
8;6;17;30;30003;;3;2;No inventariada;;7;2;1;1;;1;1;1;;;1;998
1;2;18;30;30003;;3;2;No inventariada;;9;7;2;;;1;1;1;;;1;998
9;5;10;30;30003;;3;2;No inventariada;;9;14;2;;;1;1;1;;;1;998
3;3;13;30;30003;;3;2;No inventariada;;9;4;2;;;1;1;1;;;1;998
7;5;0;30;30003;;3;2;No inventariada;;9;4;2;;;1;4;1;;;1;998
9;5;14;30;30003;;3;2;No inventariada;;9;10;2;;;1;1;1;;;1;998
8;7;23;30;30003;;3;2;No inventariada;;9;10;1;4;;3;4;1;;;1;998
8;5;10;30;30003;;3;2;No inventariada;;9;7;2;;;1;1;1;;;1;998
9;4;9;30;30003;;3;2;No inventariada;;9;2;1;1;;1;1;1;;;1;998
2;6;6;30;30003;;3;2;No inventariada;;9;5;1;2;;1;4;1;;;1;998
2;6;9;30;30003;;3;2;No inventariada;;9;10;2;;;1;1;1;;;1;998
10;4;0;30;30003;;1;1;RM-D14;2,2;6;16;2;;;1;4;1;;;1;1
10;2;11;30;30003;;3;2;No inventariada;;9;10;1;1;;1;1;1;;;1;998
10;4;12;30;30003;;3;2;No inventariada;;9;2;1;4;;1;1;1;;;1;998
10;5;10;30;30003;;3;2;No inventariada;;9;2;1;1;;1;1;1;;;1;998
9;1;20;30;30003;;3;2;No inventariada;;9;4;1;1;;1;3;1;;;1;998
10;2;19;30;30003;;3;2;No inventariada;;9;2;1;2;;1;1;1;;;1;998
10;3;18;30;30003;;3;2;No inventariada;;9;2;1;2;;1;3;1;;;1;998
10;2;13;30;30003;;3;2;No inventariada;;9;7;2;;;1;1;1;;;1;998
10;4;18;30;30003;;3;2;No inventariada;;9;2;1;1;;1;1;1;;;1;998
11;2;20;30;30003;;3;2;No inventariada;;9;3;2;;;1;3;1;;;1;998
11;5;12;30;30003;;3;2;No inventariada;;9;7;2;;;1;1;1;;;1;998
11;3;10;30;30003;;1;1;RM-D14;3,437;6;2;1;4;;1;1;1;;;1;2
11;6;15;30;30003;;1;1;RM-D14;4,85;13;1;2;;;1;1;1;;;4;1
11;2;14;30;30003;;3;2;No inventariada;;9;2;1;1;;1;1;1;;;1;998
11;1;8;30;30003;;3;2;No inventariada;;9;2;1;1;;1;1;1;;;1;998
11;2;13;30;30003;;3;2;No inventariada;;9;2;1;1;;1;1;1;;;1;998
11;4;13;30;30003;;3;2;No inventariada;;9;2;1;1;;1;1;1;;;1;998
2;4;13;30;0;;1;1;RM-15;14,317;3;14;2;;;1;1;1;;;1;3
12;6;5;30;0;;1;1;RM-15;15,3;3;19;2;;;1;6;1;;;1;3
1;5;16;30;30005;;1;1;MU-30;5,5;3;4;2;;;1;1;1;;;1;1
1;7;23;30;30030;;1;1;MU-30;6,025;3;4;2;;;1;6;1;;;1;1
2;3;10;30;30005;;1;1;MU-30;2,178;3;4;2;;;1;1;1;;;1;1
2;2;20;30;30005;;1;1;RM-15;1,4;3;1;2;;;1;2;1;;;1;1
3;1;14;30;30005;;1;1;A-7;580,575;3;16;2;;;3;1;3;;;1;1
3;7;0;30;30030;;1;1;RM-C1;2,817;6;15;2;;;1;6;1;;;1;1
5;6;15;30;30005;;1;1;A-7;579,997;3;18;2;;;1;1;1;;;1;3
6;4;11;30;30005;;1;1;MU-30;1,5;3;10;2;;;1;1;1;;;1;1
6;5;18;30;30005;;1;1;A-7;578;3;4;2;;;1;1;1;;;1;1
6;5;2;30;30005;;3;2;No inventariada;;9;15;2;;;1;4;1;;;18;998
8;4;14;30;30005;;3;2;No inventariada;;9;7;2;;;1;1;1;;;1;998
9;1;11;30;30005;;1;1;MU-30;4;3;4;1;4;;1;1;1;;;1;1
8;6;5;30;30005;;3;2;No inventariada;;9;19;1;4;;3;4;2;;;1;998
1;4;21;30;30005;;3;2;No inventariada;;9;19;1;4;;1;4;1;;;18;998
1;3;15;30;30005;;3;2;No inventariada;;9;2;1;1;;1;1;7;;;2;998
2;5;13;30;30005;;3;2;No inventariada;;9;2;1;1;;1;1;7;;;2;998
3;3;14;30;30005;;3;2;No inventariada;;9;2;1;2;;1;1;7;;;18;998
3;6;11;30;30005;;3;2;No inventariada;;9;7;1;4;;1;1;7;;;1;998
4;3;20;30;30005;;3;2;No inventariada;;9;4;1;1;;1;4;1;;;1;998
5;4;11;30;30005;;3;2;No inventariada;;9;10;1;1;;1;1;1;;;1;998
5;3;7;30;30005;;3;2;No inventariada;;9;14;1;1;;1;1;1;;;18;998
5;2;15;30;30005;;3;2;No inventariada;;9;10;1;1;;1;1;7;;;18;998
9;4;6;30;30005;;1;1;MU-30;3,65;3;15;2;;;1;6;1;;;1;1
9;3;14;30;30005;;3;2;No inventariada;;7;2;1;2;;1;1;1;;;1;998
9;1;22;30;30030;;1;1;RM-15;2,248;3;12;2;;;1;6;1;;;1;2
7;3;14;30;30005;;3;2;No inventariada;;9;7;1;1;;1;1;1;;;1;998
8;4;14;30;30005;;3;2;No inventariada;;9;7;1;2;;1;1;1;;;18;998
8;4;19;30;30005;;3;2;No inventariada;;9;10;1;1;;1;1;1;;;1;998
8;3;3;30;30005;;3;2;No inventariada;;9;16;1;4;;1;4;1;;;18;998
8;5;14;30;30005;;3;2;No inventariada;;9;7;2;;;1;1;1;;;1;998
8;1;10;30;30005;;3;2;No inventariada;;9;16;1;4;;1;1;1;;;18;998
8;5;0;30;30005;;3;2;No inventariada;;9;2;1;2;;1;4;1;;;18;998
11;5;21;30;30005;;1;1;A-7;578;3;4;2;;;1;6;1;;;1;1
11;4;12;30;30005;;1;1;RM-15;1,383;3;10;2;;;1;1;1;;;1;1
10;4;18;30;30005;;3;2;No inventariada;;9;2;2;;;1;1;1;;;18;998
11;4;7;30;30005;;3;2;No inventariada;;9;7;1;1;;1;1;1;;;18;998
11;5;6;30;30005;;3;2;No inventariada;;9;7;1;4;;1;4;1;;;18;998
10;4;10;30;30005;;3;2;No inventariada;;9;4;1;4;;1;1;1;;;18;998
10;1;10;30;30005;;3;2;No inventariada;;9;7;1;4;;1;1;1;;;18;998
11;6;0;30;30005;;3;2;No inventariada;;9;7;2;;;1;4;1;;;9;998
1;7;4;30;30007;;1;1;RM-531;12,1;6;18;2;;;2;6;1;;;1;1
1;4;22;30;30007;;1;1;RM-533;8,5;6;8;2;;;1;4;1;;;1;2
3;2;21;30;30007;;1;1;RM-533;8,4;6;3;2;;;1;4;1;;;1;2
1;1;18;30;30007;;3;2;No inventariada;;9;2;1;2;;1;1;1;;;1;998
1;5;13;30;30007;;3;2;No inventariada;;9;2;1;1;;1;1;1;;;1;998
2;6;8;30;30007;;1;1;N-344;9,1;6;2;1;4;;1;1;1;;;1;1
4;4;20;30;30007;;3;2;No inventariada;;9;2;2;;;1;1;1;;;9;998
3;2;18;30;30007;;3;2;No inventariada;;9;3;1;2;;1;1;1;;;2;998
6;3;12;30;30007;;3;2;No inventariada;;9;7;2;;;1;1;1;;;1;998
6;5;17;30;30007;;3;2;No inventariada;;9;7;2;;;1;1;1;;;1;998
6;2;20;30;30007;;3;2;No inventariada;;9;10;2;;;1;1;1;;;1;998
6;7;2;30;30007;;3;2;No inventariada;;9;15;1;4;;1;4;1;;;1;998
6;1;13;30;30007;;3;2;No inventariada;;9;7;2;;;1;1;1;;;18;998
8;6;12;30;30007;;3;2;No inventariada;;9;7;1;1;;1;1;1;;;1;998
9;1;19;30;30007;;1;1;CAMINO LAS;0,1;10;18;2;;;2;1;1;;;1;2
10;4;18;30;30007;;1;1;N-344;9,555;6;18;2;;;1;1;1;;;6;1
11;1;17;30;30007;;1;1;N-344;9,144;6;4;2;;;1;1;1;;;1;1
12;6;13;30;30007;;1;1;RM-533;9,418;6;4;2;;;1;1;1;;;1;1
1;5;5;30;30008;;1;1;N-340a;630,433;6;7;2;;;3;4;3;;;1;1
2;6;2;30;30008;;1;1;A-7;597,8;3;1;2;;;3;6;1;;;1;1
2;2;23;30;30008;;1;1;A-7;595,252;3;12;2;;;1;6;1;;;1;1
2;1;13;30;30008;;3;2;No inventariada;;9;1;2;;;1;1;1;;;9;998
3;1;18;30;30008;;1;1;RM-608;0,761;6;2;1;2;;1;2;1;;;1;1
1;7;13;30;30008;;3;2;No inventariada;;9;2;1;2;;9;1;1;;;2;998
1;5;16;30;30008;;3;2;No inventariada;;9;2;1;1;;9;1;7;;;18;998
3;5;14;30;30008;;1;1;A-7;596,322;3;5;2;;;1;1;1;;;1;1
3;5;17;30;30008;;1;1;A-7;596;3;5;2;;;1;1;1;;;1;1
3;6;0;30;30008;;3;2;No inventariada;;9;1;1;1;;1;1;1;;;2;998
3;4;13;30;30008;;1;1;A-7;597,4;3;9;2;;;1;1;2;;;1;1
4;5;12;30;30008;;1;1;A-7;597,8;3;18;1;12;N-340a;1;1;1;;;1;2
5;2;22;30;30008;;3;2;No inventariada;;9;7;2;;;1;4;1;;;1;998
5;2;6;30;30008;;1;1;RM-E10;1,732;6;2;1;2;;1;2;1;;;1;1
3;2;8;30;30008;;3;2;No inventariada;;9;1;1;2;;1;1;1;;;1;998
3;3;10;30;30008;;3;2;No inventariada;;9;2;1;1;;1;1;1;;;1;998
5;5;18;30;30008;;1;1;PARKIN SIE;606;14;2;2;;;1;1;1;;;1;1
5;4;6;30;30008;;1;1;RM-2;1,654;3;2;1;4;;1;5;1;;;1;2
6;6;7;30;30008;;1;1;RM-E24;0,85;6;8;2;;;1;1;1;;;1;1
6;7;1;30;30008;;1;1;RM-515;25,95;6;19;2;;;1;6;1;;;1;2
7;2;21;30;30008;;1;1;RM-515;20,452;6;1;2;;;1;6;1;;;4;3
7;6;10;30;30008;;1;1;RM-515;23,9;6;3;2;;;1;1;1;;;1;1
8;5;6;30;30008;;1;1;N-340a;622,879;6;2;2;;;1;2;1;;;1;1
8;6;15;30;30008;;1;1;A-7;603;3;6;2;;;1;1;1;;;1;1
8;6;15;30;30008;;1;1;A-7;603,2;3;5;2;;;1;1;1;;;1;1
9;5;13;30;30008;;1;1;A-7;597,3;3;4;2;;;1;1;1;;;1;1
9;4;17;30;30008;;1;1;RM-2;0,742;3;4;2;;;1;1;1;;;1;1
4;3;6;30;30008;;3;2;No inventariada;;9;2;1;4;;1;3;1;;;1;998
4;4;15;30;30008;;3;2;No inventariada;;9;2;1;2;;1;1;1;;;1;998
4;1;5;30;30008;;3;2;No inventariada;;9;2;2;;;1;3;1;;;1;998
5;3;12;30;30008;;3;2;No inventariada;;9;2;1;4;;1;1;1;;;1;998
5;3;14;30;30008;;3;2;No inventariada;;9;1;2;;;1;1;1;;;1;998
5;5;9;30;30008;;3;2;No inventariada;;9;2;1;1;;1;1;1;;;1;998
9;5;12;30;30008;;1;1;RM-603;21,441;6;4;2;;;9;1;1;;;1;1
10;4;6;30;30008;;1;1;RM-2;6,8;3;16;2;;;1;6;1;;;1;1
11;4;10;30;30008;;1;1;A-7;595,9;7;10;1;4;;4;1;2;;;1;4
7;3;10;30;30008;;3;2;No inventariada;;9;1;2;;;1;1;1;;;1;998
7;5;21;30;30008;;3;2;No inventariada;;9;1;1;1;;1;1;1;;;1;998
7;6;13;30;30008;;3;2;No inventariada;;9;2;1;1;;1;1;1;;;2;998
7;2;20;30;30008;;3;2;No inventariada;;9;2;1;1;;1;1;1;;;2;998
8;5;14;30;30008;;3;2;No inventariada;;9;2;1;1;;1;1;1;;;2;998
8;2;20;30;30008;;3;2;No inventariada;;9;2;1;1;;1;1;1;;;18;998
8;5;12;30;30008;;3;2;No inventariada;;9;16;2;;;1;1;1;;;1;998
8;3;20;30;30008;;3;2;No inventariada;;9;4;2;;;1;1;1;;;1;998
8;3;19;30;30008;;3;2;No inventariada;;9;2;1;2;;1;1;1;;;1;998
9;6;11;30;30008;;3;2;No inventariada;;9;1;1;2;;1;1;1;;;1;998
9;1;2;30;30008;;3;2;No inventariada;;9;2;1;4;;1;4;1;;;1;998
12;3;19;30;30008;;1;1;RM-603;16,5;6;14;2;;;1;6;1;;;1;2
10;7;5;30;30008;;3;2;No inventariada;;9;19;2;;;1;4;1;;;1;998
11;6;18;30;30008;;3;2;No inventariada;;9;2;1;2;;1;3;1;;;1;998
11;4;18;30;30008;;3;2;No inventariada;;9;2;1;4;;1;3;1;;;1;998
12;4;14;30;30008;;3;2;No inventariada;;9;7;1;2;;1;1;1;;;1;998
12;2;19;30;30008;;3;2;No inventariada;;9;20;1;2;;1;4;1;;;1;998
4;3;8;30;30009;;1;1;RM-554;1,896;6;5;2;;;1;1;1;;;1;1
6;6;1;30;30009;;1;1;RM-554;4,381;6;1;2;;;1;6;1;;;1;1
8;7;13;30;30009;;1;1;T-554;0,1;6;1;2;;;1;1;1;;;1;1
9;1;22;30;0;;1;1;RM-530;2,728;6;19;2;;;1;6;2;;;1;2
1;7;16;30;30009;;3;2;No inventariada;;9;3;1;1;;1;1;1;;;1;998
2;2;18;30;30009;;3;2;No inventariada;;9;2;1;1;;1;1;1;;;1;998
7;5;22;30;30009;;3;2;No inventariada;;9;7;2;;;1;4;1;;;1;998
8;4;21;30;30009;;3;2;No inventariada;;9;7;1;1;;1;3;1;;;1;998
9;5;23;30;30009;;3;2;No inventariada;;9;16;2;;;1;4;1;;;1;998
12;1;0;30;30009;;1;1;RM-554;1,323;6;12;1;4;;1;6;1;;1;1;1
1;6;8;30;30010;;1;1;RM-F17;2,09;6;2;1;1;;1;3;2;;;1;1
3;1;19;30;30010;;1;1;RM-F17;1,412;6;2;1;1;;1;4;1;;;1;1
4;6;12;30;30010;;3;2;No inventariada;;9;5;1;2;;1;1;1;;;9;998
5;3;9;30;30010;;1;1;RM-F17;1,315;6;2;1;2;;1;1;2;;;1;1
6;7;11;30;30010;;1;1;RM-F17;1,9;6;4;1;2;DESCONOCID;1;1;1;;;1;1
4;1;17;30;30010;;3;2;No inventariada;;9;4;1;4;;1;1;1;;;1;998
7;4;14;30;30010;;3;2;No inventariada;;14;16;2;;;1;1;1;;;1;998
4;3;11;30;30010;;3;2;No inventariada;;9;4;1;1;;1;1;1;;;3;998
5;6;13;30;30010;;3;2;No inventariada;;9;3;1;2;;1;1;1;;;2;998
9;3;16;30;30010;;3;2;No inventariada;;9;16;2;;;1;1;1;;;1;998
10;7;11;30;30010;;1;1;RM-F52;1,644;6;10;2;;;1;1;2;;;1;1
10;7;17;30;30010;;3;2;No inventariada;;9;1;1;1;;1;1;1;;;1;998
10;6;17;30;30010;;3;2;No inventariada;;9;1;1;1;;1;1;1;;;1;998
10;1;11;30;30010;;3;2;No inventariada;;9;7;1;1;;1;1;1;;;17;998
12;1;10;30;30010;;1;1;RM-F17;0,9;6;4;2;;;1;1;1;;;1;1
2;6;17;30;30011;;1;1;A-30;109,5;3;4;2;;;1;1;1;;;1;1
2;6;4;30;30011;;1;1;A-33;2,5;3;4;2;;;1;6;1;;;1;1
3;1;18;30;30011;;1;1;A-33;3,5;3;17;2;;;1;1;1;;;1;1
6;3;9;30;30011;;1;1;A-33;4,132;3;16;2;;;1;1;1;;;18;1
11;4;18;30;30011;;1;1;A-30;110;3;4;2;;;1;6;1;;;1;1
1;2;21;30;30012;;3;2;No inventariada;;9;12;2;;;1;4;1;;;1;998
3;6;15;30;30012;;3;2;No inventariada;;9;2;1;1;;1;1;1;;;2;998
5;6;9;30;30012;;1;1;RM-15;42,136;3;18;2;;;1;1;1;;;1;1
5;2;19;30;30012;;1;1;RM-15;39;3;18;2;;;1;1;1;;;1;1
5;4;19;30;30012;;3;2;No inventariada;;9;3;1;1;;1;1;1;;;2;998
6;4;10;30;30012;;3;2;No inventariada;;9;2;1;1;;1;1;1;;;2;998
7;3;7;30;30012;;1;1;RM-15;40,711;3;19;2;;;1;2;1;;;1;2
7;4;13;30;30012;;3;2;No inventariada;;9;2;1;2;;1;1;1;;;1;998
7;2;13;30;30012;;1;1;RM-15;38,8;3;4;2;;;1;1;1;;;1;1
10;3;12;30;30012;;3;2;No inventariada;;9;7;1;1;;1;1;1;;;1;998
4;6;17;30;30013;;1;1;RM-714;43,5;6;10;2;;;1;1;1;;;1;1
4;7;5;30;30013;;1;1;RM-714;40,943;6;19;2;;;1;6;1;;;1;2
11;3;9;30;30013;;1;1;RM-714;36,2;6;1;2;;;1;1;1;;;1;1
3;1;7;30;0;;1;1;RM-B11;1,3;6;18;2;;;3;2;3;;;1;2
2;1;17;30;30015;;1;1;RM-730;4,097;6;4;1;2;RM-711;1;1;1;;;1;1
3;6;21;30;30015;;1;1;RM-730;31,1;6;12;2;;;9;6;2;;;4;1
3;2;9;30;30015;;1;1;T-730;2,3;6;15;2;;;1;1;1;;;1;3
3;7;18;30;30015;;2;2;RM-715;1,1;6;2;1;10;;1;1;1;;;1;1
5;3;13;30;30015;;1;1;RM-730;17,2;6;12;2;;;1;1;1;;;12;1
5;5;19;30;30028;;1;1;RM-703;0,3;6;1;2;;;1;1;1;;;1;2
6;6;21;30;30015;;1;1;RM-15;61;3;4;1;4;RM-15;1;5;1;;;1;1
6;6;3;30;30015;;1;1;RM-517;4,5;6;16;2;;;1;6;1;;;1;1
8;3;23;30;30015;;1;1;RM-B24;2,681;6;14;2;;;2;6;1;;;1;1
8;1;22;30;30028;;1;1;RM-510;9,58;6;1;2;;;1;6;1;;;1;2
5;4;10;30;30015;;3;2;No inventariada;;9;7;2;;;1;1;1;;;1;998
11;3;7;30;30015;;1;1;RM-730;0,8;6;4;1;2;RM-730;1;2;1;;;18;1
12;2;11;30;30015;;1;1;CAMN VIEJ;2,5;10;14;2;;;1;1;1;1;;4;3
1;1;22;30;30016;;3;2;No inventariada;;9;4;2;;;1;4;1;;;1;998
1;2;14;30;30016;;3;2;No inventariada;;9;2;1;1;;1;1;1;;;1;998
1;4;10;30;30016;;3;2;No inventariada;;9;4;2;;;1;1;1;;;1;998
1;7;21;30;30016;;3;2;No inventariada;;9;7;2;;;1;3;1;;;1;998
1;1;8;30;30016;;1;1;RM-F36;8,684;5;4;1;2;;1;2;1;;;1;1
1;1;11;30;30016;;3;2;No inventariada;;9;7;2;;;1;1;1;;;1;998
1;4;18;30;30016;;3;2;No inventariada;;9;2;1;1;;1;3;1;;;1;998
1;1;18;30;30016;;3;2;No inventariada;;9;2;2;;;1;3;1;;;1;998
1;5;15;30;30016;;3;2;No inventariada;;9;2;1;1;;1;1;1;;;1;998
1;1;20;30;30016;;3;2;No inventariada;;9;2;1;2;;1;3;1;;;1;998
1;1;13;30;30016;;3;2;No inventariada;;9;2;1;1;;1;1;1;;;1;998
1;2;12;30;30016;;3;2;No inventariada;;9;7;2;;;1;1;1;;;1;998
1;2;19;30;30016;;3;2;No inventariada;;9;10;2;;;1;4;1;;;18;998
1;4;18;30;30016;;3;2;No inventariada;;9;2;2;;;1;3;1;;;1;998
1;4;15;30;30016;;3;2;No inventariada;;9;4;1;1;;1;1;1;;;1;998
1;3;1;30;30016;;3;2;No inventariada;;9;6;1;5;;1;4;1;;;18;998
1;3;11;30;30016;;3;2;No inventariada;;9;2;1;1;;1;4;1;;;18;998
1;5;20;30;30016;;3;2;No inventariada;;9;2;1;1;;1;4;1;;;1;998
1;5;8;30;30016;;3;2;No inventariada;;9;10;2;;;1;1;1;;;1;998
1;2;20;30;30016;;3;2;No inventariada;;9;16;1;1;;1;4;1;;;1;998
1;2;21;30;30016;;3;2;No inventariada;;9;2;1;1;;1;4;1;;;1;998
1;3;13;30;30016;;1;1;A-30;189,85;3;16;2;;;1;1;1;;1;4;3
1;4;19;30;30016;;3;2;No inventariada;;9;2;1;2;;1;4;1;;;1;998
1;5;20;30;30016;;1;1;RM-F35;22,245;6;1;1;1;;1;4;7;;;1;1
1;2;19;30;30016;;3;2;No inventariada;;9;15;2;;;1;4;1;;;1;998
1;7;14;30;30016;;3;2;No inventariada;;9;4;2;;;1;1;1;;;1;998
1;5;11;30;30016;;3;2;No inventariada;;9;4;2;;;1;1;1;;;1;998
1;1;9;30;30016;;3;2;No inventariada;;9;7;2;;;1;1;1;;;6;998
1;1;14;30;30016;;3;2;No inventariada;;9;5;2;;;1;1;1;;;1;998
1;1;22;30;30016;;3;2;No inventariada;;9;2;1;2;;1;4;1;;;1;998
1;4;20;30;30016;;3;2;No inventariada;;9;2;1;2;;1;4;1;;;1;998
1;7;15;30;30016;;3;2;No inventariada;;9;10;1;4;;1;1;2;;;1;998
1;1;13;30;30016;;3;2;No inventariada;;9;10;1;1;;7;1;1;;;1;998
1;1;14;30;30016;;3;2;No inventariada;;9;2;1;2;;1;1;1;;;1;998
1;3;21;30;30016;;3;2;No inventariada;;9;2;1;4;;1;4;1;;;18;998
1;6;23;30;30016;;1;1;RM-F35;13,2;6;1;2;;;1;6;1;;;1;1
1;5;14;30;30016;;3;2;No inventariada;;9;2;1;1;;1;1;1;;;9;998
1;3;20;30;30016;;3;2;No inventariada;;9;2;2;;;1;4;1;;;1;998
1;5;20;30;30016;;3;2;No inventariada;;9;12;2;;;1;4;1;;;18;998
1;5;12;30;30016;;3;2;No inventariada;;9;4;1;2;;1;1;1;;;1;998
1;5;20;30;30016;;3;2;No inventariada;;9;4;2;;;1;4;1;;;1;998
1;3;13;30;30016;;3;2;No inventariada;;9;4;2;;;1;1;1;;;1;998
1;1;12;30;30016;;3;2;No inventariada;;9;7;1;1;;1;1;1;;;1;998
1;3;7;30;30016;;3;2;No inventariada;;9;2;1;5;;1;3;1;;;1;998
1;2;15;30;30016;;3;2;No inventariada;;9;4;2;;;1;1;1;;;1;998
1;2;17;30;30016;;3;2;No inventariada;;9;2;1;2;;1;1;1;;;1;998
2;4;13;30;30016;;3;2;No inventariada;;9;3;1;2;;1;1;1;;;1;998
2;5;20;30;30016;;3;2;No inventariada;;9;2;1;1;;1;1;1;;;9;998
1;5;9;30;30016;;3;2;No inventariada;;9;2;1;1;;1;1;1;;;1;998
2;7;7;30;30016;;1;1;CT-34;3,1;5;8;1;10;;1;6;1;;;1;1
2;1;5;30;30016;;1;1;N-301;430,838;6;2;1;1;;1;6;1;;;1;1
2;1;17;30;30016;;3;2;No inventariada;;9;7;2;;;1;1;1;;;1;998
2;5;11;30;30016;;1;1;RM-E22;12,65;6;2;2;;;1;1;1;;;1;1
2;5;13;30;30016;;3;2;No inventariada;;9;10;2;;;1;1;1;;;1;998
2;7;19;30;30016;;3;2;No inventariada;;9;4;2;;;1;4;1;;;1;998
2;2;16;30;30016;;3;2;No inventariada;;9;2;1;1;;1;1;1;;;1;998
2;1;19;30;30016;;3;2;No inventariada;;9;2;1;4;;1;2;1;;;1;998
2;2;18;30;30016;;3;2;No inventariada;;9;2;1;2;;1;2;1;;;1;998
2;2;10;30;30016;;3;2;No inventariada;;9;4;2;;;1;1;1;;;1;998
2;6;11;30;30016;;3;2;No inventariada;;9;4;1;4;;1;1;1;;;1;998
2;6;23;30;30016;;3;2;No inventariada;;9;10;2;;;1;3;1;;;1;998
2;6;21;30;30016;;3;2;No inventariada;;9;16;2;;;1;5;1;;;1;998
2;1;8;30;30016;;3;2;No inventariada;;9;12;2;;;3;1;1;;;1;998
2;4;9;30;30016;;3;2;No inventariada;;9;4;1;4;;1;1;1;;;18;998
2;3;1;30;30016;;3;2;No inventariada;;9;2;1;1;;1;1;1;;;18;998
2;2;13;30;30016;;1;1;RM-F35;22,106;6;2;1;1;;1;1;1;;;9;1
2;4;13;30;30016;;3;2;No inventariada;;9;7;2;;;1;1;1;;;18;998
2;4;12;30;30016;;3;2;No inventariada;;9;4;2;;;1;1;1;;;1;998
2;3;22;30;30016;;3;2;No inventariada;;9;2;1;1;;1;4;1;;;1;998
2;4;13;30;30016;;1;1;RM-F35;22,2;6;1;1;2;;1;1;1;;;1;1
2;6;11;30;30016;;1;1;AP-7;810,6;2;4;2;;;1;1;1;;;1;1
2;7;16;30;30016;;1;1;RM-E35;0,1;6;2;1;2;;1;1;1;;;1;1
2;1;14;30;30016;;3;2;No inventariada;;9;2;1;1;;1;1;1;;;1;998
2;1;13;30;30016;;3;2;No inventariada;;9;7;2;;;1;1;1;;;1;998
2;4;17;30;30016;;1;1;RM-F36;10,691;6;14;2;;;1;1;1;;;1;1
1;3;17;30;30016;;3;2;No inventariada;;9;10;2;;;1;1;1;;1;1;998
1;1;12;30;30016;;3;2;No inventariada;;9;4;2;;;1;1;2;;;1;998
2;4;19;30;30016;;3;2;No inventariada;;9;2;1;1;;1;4;1;;;2;998
2;5;20;30;30016;;3;2;No inventariada;;9;10;1;4;;1;4;1;;;1;998
2;7;13;30;30016;;3;2;No inventariada;;9;7;2;;;1;1;2;;;18;998