MES;DIA_SEMANA;HORA;COD_PROVINCIA;COD_MUNICIPIO;ISLA;ZONA;ZONA_AGRUPADA;CARRETERA;KM;TIPO_VIA;TIPO_ACCIDENTE;NUDO;NUDO_INFO;CARRETERA_CRUCE;CONDICION_FIRME;CONDICION_ILUMINACION;CONDICION_METEO;CONDICION_NIEBLA;CONDICION_VIENTO;VISIB_RESTRINGIDA_POR;TRAZADO_PLANTA
2;7;0;30;30016;;3;2;No inventariada;;9;2;1;1;;1;4;1;;;1;998
1;3;0;30;30016;;3;2;No inventariada;;9;10;1;5;;3;4;3;;;18;998
1;1;18;30;30016;;3;2;No inventariada;;9;7;2;;;1;1;1;;;1;998
2;2;17;30;30016;;3;2;No inventariada;;9;7;2;;;1;1;1;;;1;998
2;7;18;30;30016;;3;2;No inventariada;;9;2;1;1;;1;3;1;;;1;998
2;1;10;30;30016;;1;1;CAMINO VEC;0,1;10;19;2;;;3;1;3;;;1;3
2;1;12;30;30016;;3;2;No inventariada;;9;2;1;2;;1;1;1;;;1;998
2;5;19;30;30016;;3;2;No inventariada;;9;2;1;4;;1;4;1;;;1;998
2;5;16;30;30016;;3;2;No inventariada;;9;2;1;2;;1;1;1;;;1;998
2;7;13;30;30016;;3;2;No inventariada;;9;2;1;1;;1;1;1;;;16;998
2;3;12;30;30016;;1;1;RM-F46;1,3;6;9;2;;;2;1;1;;;4;3
2;4;13;30;30016;;3;2;No inventariada;;9;20;2;;;1;1;1;;;1;998
2;1;11;30;30016;;3;2;No inventariada;;9;2;1;5;;3;1;3;;;1;998
2;1;7;30;30016;;3;2;No inventariada;;9;2;1;4;;1;3;1;;;1;998
2;2;6;30;30016;;3;2;No inventariada;;9;15;2;;;1;5;1;;;1;998
3;5;14;30;30016;;1;1;No inventariada;1;14;4;1;2;;1;1;1;;;1;1
2;4;11;30;30016;;3;2;No inventariada;;9;4;1;1;;1;1;1;;;1;998
3;5;13;30;30016;;3;2;No inventariada;;9;10;1;4;;1;1;1;;;1;998
2;3;18;30;30016;;3;2;No inventariada;;9;2;1;2;;1;2;1;;;6;998
2;5;18;30;30016;;3;2;No inventariada;;9;2;2;;;1;3;1;;;1;998
2;4;14;30;30016;;3;2;No inventariada;;9;10;1;2;;1;1;1;;;1;998
2;3;16;30;30016;;3;2;No inventariada;;9;2;1;2;;1;1;1;;;1;998
3;5;9;30;30016;;3;2;No inventariada;;9;2;1;1;;1;1;1;;;1;998
3;5;20;30;30016;;3;2;No inventariada;;9;7;2;;;1;4;1;;;1;998
3;6;18;30;30016;;3;2;No inventariada;;9;2;1;1;;1;2;1;;;1;998
3;3;9;30;30016;;3;2;No inventariada;;9;2;1;4;;1;1;1;;;12;998
3;6;11;30;30016;;3;2;No inventariada;;9;2;1;1;;1;1;1;;;9;998
3;6;19;30;30016;;3;2;No inventariada;;9;2;1;2;;1;4;1;;;1;998
3;2;12;30;30016;;3;2;No inventariada;;9;2;1;4;;1;1;1;;;18;998
3;3;17;30;30016;;3;2;No inventariada;;9;1;1;2;;1;1;1;;;18;998
3;6;11;30;30016;;3;2;No inventariada;;9;7;2;;;1;1;1;;;1;998
3;3;11;30;30016;;3;2;No inventariada;;9;4;1;5;;1;1;1;;;1;998
3;5;13;30;30016;;1;1;RM-F36;11,35;5;4;2;;;1;1;1;;;1;1
3;5;15;30;30016;;3;2;No inventariada;;9;2;1;4;;1;1;1;;;1;998
3;5;13;30;30016;;3;2;No inventariada;;9;2;1;1;;1;1;1;;;1;998
3;6;7;30;30016;;1;1;CT-34;0,536;8;12;2;;;1;2;2;;;1;2
3;6;14;30;30016;;3;2;No inventariada;;9;2;1;4;;3;1;3;;;1;998
3;7;13;30;30016;;3;2;No inventariada;;9;2;1;1;;1;1;1;;;1;998
3;4;17;30;30016;;3;2;No inventariada;;9;2;2;;;1;1;1;;;1;998
3;5;14;30;30016;;3;2;No inventariada;;9;4;2;;;1;1;1;;;1;998
3;2;19;30;30016;;1;1;RM-332;1,73;6;2;2;;;1;3;1;;;9;1
3;7;14;30;30016;;3;2;No inventariada;;9;2;1;2;;1;1;1;;;1;998
1;7;17;30;30016;;3;2;No inventariada;;9;2;1;4;;1;1;1;;;1;998
3;3;17;30;30016;;1;1;RM-314;1,8;6;1;2;;;1;1;1;;;1;2
3;2;20;30;30016;;3;2;No inventariada;;9;2;1;2;;1;4;1;;;1;998
3;7;0;30;30016;;3;2;No inventariada;;9;10;1;2;;1;4;1;;;1;998
3;1;13;30;30016;;3;2;No inventariada;;9;2;1;4;;1;1;1;;;1;998
3;5;15;30;30016;;3;2;No inventariada;;9;2;2;;;1;1;1;;;1;998
3;1;21;30;30016;;3;2;No inventariada;;9;2;1;4;;1;4;1;;;1;998
3;5;12;30;30016;;3;2;No inventariada;;9;4;2;;;1;1;1;;;1;998
3;7;17;30;30016;;3;2;No inventariada;;9;10;2;;;1;1;1;;;1;998
3;7;7;30;30016;;1;1;RM-F35;14,628;5;2;1;2;;1;2;1;;;4;1
3;5;7;30;30016;;3;2;No inventariada;;9;2;1;2;;1;1;1;;;1;998
3;4;13;30;30016;;3;2;No inventariada;;9;15;2;;;1;1;1;;;1;998
3;2;13;30;30016;;3;2;No inventariada;;9;2;1;2;;1;1;1;;;1;998
3;5;14;30;30016;;3;2;No inventariada;;9;2;1;4;;1;1;1;;;1;998
3;1;12;30;30016;;3;2;No inventariada;;9;4;2;;;1;1;1;;;1;998
2;4;13;30;30016;;3;2;No inventariada;;9;4;2;;;1;1;1;;;1;998
3;3;21;30;30016;;3;2;No inventariada;;9;7;2;;;1;4;1;;;1;998
3;1;13;30;30016;;3;2;No inventariada;;9;12;2;;;1;1;1;;;1;998
3;1;16;30;30016;;3;2;No inventariada;;9;2;1;2;;1;1;1;;;1;998
3;1;19;30;30016;;3;2;No inventariada;;9;2;1;1;;1;4;1;;;1;998
3;5;13;30;30016;;1;1;RM-F36;5,216;6;18;2;;;1;1;1;;;1;1
3;6;1;30;30016;;1;1;AP-7;810;7;1;2;;;1;6;1;;;1;2
3;6;13;30;30016;;3;2;No inventariada;;9;2;2;;;1;1;1;;;1;998
3;7;12;30;30016;;1;1;RM-12;16,206;7;2;1;1;RM-12;1;1;2;;;1;1
3;2;18;30;30016;;3;2;No inventariada;;9;2;1;5;;1;1;1;;;1;998
3;4;14;30;30016;;3;2;No inventariada;;9;16;1;1;;1;1;1;;;1;998
3;2;18;30;30016;;3;2;No inventariada;;9;5;1;2;;1;1;1;;;1;998
3;3;21;30;30016;;3;2;No inventariada;;9;19;1;1;;1;4;1;;;1;998
3;3;19;30;30016;;3;2;No inventariada;;9;4;1;4;;1;4;1;;;1;998
3;7;13;30;30016;;3;2;No inventariada;;9;3;2;;;1;1;1;;;1;998
3;5;17;30;30016;;3;2;No inventariada;;9;7;1;4;;1;1;2;;;11;998
3;6;4;30;30016;;1;1;RM-F36;3,1;6;18;2;;;1;6;1;;;1;3
3;7;11;30;30016;;3;2;No inventariada;;9;12;1;1;;1;1;1;;;1;998
4;2;9;30;30016;;3;2;No inventariada;;9;7;2;;;1;1;1;;;6;998
4;1;14;30;30016;;3;2;No inventariada;;9;4;2;;;1;1;1;;;1;998
4;1;22;30;30016;;3;2;No inventariada;;9;12;2;;;1;5;1;;;17;998
4;1;14;30;30016;;3;2;No inventariada;;9;4;2;;;1;1;1;;;1;998
4;2;11;30;30016;;3;2;No inventariada;;9;4;2;;;1;1;1;;;1;998
4;4;7;30;30016;;3;2;No inventariada;;9;12;2;;;1;1;1;;;1;998
4;4;18;30;30016;;3;2;No inventariada;;9;12;1;2;;1;1;1;;;1;998
4;1;10;30;30016;;1;1;N-301;435,864;6;2;1;4;;1;1;1;;;1;1
4;5;21;30;30016;;3;2;No inventariada;;9;4;1;1;;1;4;1;;;1;998
4;2;10;30;30016;;3;2;No inventariada;;9;4;2;;;1;1;1;;;1;998
4;3;11;30;30016;;1;1;RM-F39;1,805;6;3;1;4;RM-F39;1;1;1;;;1;1
4;3;13;30;30016;;1;1;A-30;189,078;3;4;2;;;1;6;1;;;1;1
4;3;10;30;30016;;3;2;No inventariada;;9;3;1;4;;1;1;1;;;1;998
4;4;19;30;30016;;3;2;No inventariada;;9;2;1;2;;1;1;1;;;1;998
4;6;10;30;30016;;3;2;No inventariada;;9;12;1;1;;1;1;1;;;1;998
4;6;0;30;30016;;1;1;RM-311;12;6;18;2;;;1;6;1;;;1;1
4;5;19;30;30016;;3;2;No inventariada;;9;16;1;1;;1;1;1;;;1;998
4;7;11;30;30016;;3;2;No inventariada;;9;2;1;1;;1;1;1;;;1;998
4;7;23;30;30016;;3;2;No inventariada;;9;2;1;1;;1;4;1;;;1;998
4;1;7;30;30016;;1;1;RM-311;13,174;6;2;2;;;1;1;1;;;1;1
4;2;20;30;30016;;3;2;No inventariada;;9;15;1;2;;1;3;1;;;1;998
4;1;7;30;30016;;3;2;No inventariada;;9;15;2;;;1;1;1;;;6;998
4;3;13;30;30016;;3;2;No inventariada;;9;4;1;1;;1;1;1;;;1;998
4;3;19;30;30016;;3;2;No inventariada;;9;7;1;1;;1;1;1;;;6;998
4;1;20;30;30016;;3;2;No inventariada;;9;7;2;;;1;2;1;;;1;998
4;6;21;30;30016;;3;2;No inventariada;;9;2;1;2;;1;4;1;;;18;998
4;2;11;30;30016;;1;1;RM-F35;14,752;6;16;2;;;1;1;1;;;1;1
4;2;16;30;30041;;1;1;RM-F41;3,895;8;16;2;;;1;1;1;;;1;2
4;6;15;30;30016;;3;2;No inventariada;;9;2;1;1;;1;1;1;;;1;998
4;3;19;30;30016;;3;2;No inventariada;;9;2;1;1;;1;1;1;;;1;998
4;3;13;30;30016;;3;2;No inventariada;;9;6;1;1;;1;1;1;;;1;998
4;5;4;30;30016;;1;1;CT-34;7;7;18;2;;;8;6;1;;;1;1
4;2;9;30;30016;;3;2;No inventariada;;9;2;1;1;;1;1;1;;;18;998
4;4;15;30;30016;;3;2;No inventariada;;9;2;1;1;;1;1;1;;;1;998
4;6;14;30;30016;;3;2;No inventariada;;9;2;1;11;;1;1;1;;;1;998
2;3;8;30;30016;;3;2;No inventariada;;9;20;1;2;;1;1;1;;;1;998
4;2;7;30;30016;;1;1;CS LOS GAL;1;10;2;1;2;;1;1;1;;;6;1
4;5;7;30;30016;;3;2;No inventariada;;9;3;2;;;1;1;2;;;1;998
4;5;15;30;30016;;3;2;No inventariada;;9;4;2;;;1;1;1;;;1;998
4;2;11;30;30016;;3;2;No inventariada;;9;7;2;;;1;1;2;;;1;998
4;2;18;30;30016;;3;2;No inventariada;;9;10;1;4;;1;1;1;;;1;998
4;4;14;30;30016;;1;1;RM-F36;11,605;6;4;1;1;;1;1;1;;;1;1
4;3;11;30;30016;;3;2;No inventariada;;9;2;1;4;;1;1;1;;;1;998
4;3;19;30;30016;;3;2;No inventariada;;9;16;1;2;;1;1;1;;;1;998
4;1;12;30;30016;;3;2;No inventariada;;9;16;1;1;;1;1;1;;;1;998
4;7;13;30;30016;;3;2;No inventariada;;9;2;1;1;;3;1;3;;;1;998
4;6;21;30;30016;;3;2;No inventariada;;9;2;1;1;;1;4;1;;;1;998
4;5;10;30;30016;;3;2;No inventariada;;9;4;1;1;;1;1;1;;;1;998
4;1;14;30;30016;;3;2;No inventariada;;9;7;1;2;;3;1;3;;;1;998
5;3;12;30;30016;;3;2;No inventariada;;9;10;1;2;;1;1;1;;;1;998
2;7;12;30;30016;;3;2;No inventariada;;9;7;2;;;1;1;1;;;1;998
5;5;9;30;30016;;3;2;No inventariada;;9;7;2;;;1;1;1;;;1;998
5;4;17;30;30016;;3;2;No inventariada;;9;7;2;;;1;1;1;;;1;998
5;6;9;30;30016;;1;1;RM-F36;10;6;10;1;4;A-30;7;1;1;;;1;2
5;7;2;30;30016;;1;1;No inventariada;0,1;10;16;2;;;1;6;1;;;1;1
4;1;14;30;30016;;3;2;No inventariada;;9;2;1;4;;1;1;1;;;1;998
5;4;8;30;30016;;3;2;No inventariada;;9;2;1;4;;1;1;1;;;1;998
5;1;7;30;30016;;1;1;RM-F36;4,2;6;2;1;1;;1;2;1;;;1;1
4;4;17;30;30016;;3;2;No inventariada;;9;2;2;;;1;1;1;;;1;998
4;5;19;30;30016;;3;2;No inventariada;;9;7;2;;;1;1;1;;;1;998
5;4;13;30;30016;;3;2;No inventariada;;9;6;2;;;1;1;1;;;1;998
5;5;8;30;30016;;3;2;No inventariada;;9;2;1;4;;1;1;1;;;1;998
5;7;14;30;30016;;3;2;No inventariada;;9;2;1;1;;1;1;1;;;1;998
5;1;19;30;30016;;3;2;No inventariada;;9;2;1;1;;1;1;1;;;1;998
4;2;22;30;30016;;3;2;No inventariada;;9;15;1;1;;1;4;1;;;1;998
5;6;11;30;30016;;3;2;No inventariada;;9;7;2;;;1;1;1;;;11;998
5;7;21;30;30016;;3;2;No inventariada;;9;2;1;6;;1;4;1;;;1;998
5;2;9;30;30016;;3;2;No inventariada;;9;12;1;1;;1;1;1;;;1;998
5;2;7;30;30016;;3;2;No inventariada;;9;2;2;;;1;2;1;;;1;998
5;4;14;30;30016;;3;2;No inventariada;;9;5;2;;;1;1;1;;;1;998
5;3;13;30;30016;;3;2;No inventariada;;9;7;2;;;1;1;1;;;1;998
5;5;6;30;30016;;1;1;RM-602;5,94;6;2;1;2;;1;1;1;;;1;1
5;4;13;30;30016;;1;1;CT-32;3,2;3;12;1;10;A-30;1;1;1;;;1;2
5;1;19;30;30016;;3;2;No inventariada;;9;2;1;2;;1;1;1;;;1;998
5;5;20;30;30016;;1;1;CRTA. PORT;2,4;14;1;2;;;1;1;1;;;1;2
5;5;10;30;30016;;3;2;No inventariada;;9;7;2;;;1;1;1;;;1;998
5;4;9;30;30016;;3;2;No inventariada;;9;7;1;2;;1;1;1;;;6;998
5;7;11;30;30016;;1;1;AP-7;800,719;2;12;2;;;1;1;1;;;1;1
5;7;12;30;30016;;1;1;CAMISO SIF;1;14;2;1;1;;1;1;1;;;1;1
5;6;18;30;30016;;3;2;No inventariada;;9;2;1;1;;1;1;1;;;1;998
5;7;21;30;30016;;3;2;No inventariada;;9;2;1;4;;1;4;1;;;1;998
3;1;7;30;30016;;3;2;No inventariada;;9;10;2;;;7;4;4;;;1;998
3;7;17;30;30016;;3;2;No inventariada;;9;12;2;;;1;1;1;;;1;998
2;1;17;30;30016;;3;2;No inventariada;;9;10;1;4;;7;1;1;;;1;998
5;1;15;30;30016;;3;2;No inventariada;;9;7;1;4;;1;1;1;;;1;998
1;2;12;30;30016;;3;2;No inventariada;;9;20;2;;;1;1;1;;;18;998
5;6;22;30;30016;;3;2;No inventariada;;9;2;1;1;;1;4;1;;;1;998
5;5;22;30;30016;;3;2;No inventariada;;9;7;1;2;;1;4;1;;;1;998
5;3;10;30;30016;;3;2;No inventariada;;9;4;2;;;1;1;1;;;1;998
5;6;17;30;30016;;3;2;No inventariada;;9;2;1;1;;1;4;1;;;1;998
5;4;8;30;30016;;3;2;No inventariada;;9;2;2;;;1;1;1;;;18;998
5;6;22;30;30016;;3;2;No inventariada;;9;2;2;;;1;4;1;;;1;998
5;4;19;30;30016;;3;2;No inventariada;;9;15;2;;;8;1;1;;;1;998
5;5;8;30;30016;;3;2;No inventariada;;9;4;2;;;1;1;1;;;1;998
5;7;12;30;30016;;1;1;No inventariada;1;10;7;1;1;;1;1;1;;;1;1
5;2;10;30;30016;;3;2;No inventariada;;9;7;2;;;1;1;1;;;1;998
5;7;2;30;30016;;3;2;No inventariada;;9;2;1;4;;1;4;1;;;18;998
5;1;22;30;30016;;3;2;No inventariada;;9;2;1;1;;1;4;1;;;10;998
5;1;7;30;30016;;1;1;No inventariada;1;10;2;1;4;;1;1;2;;;1;1
5;2;12;30;30016;;3;2;No inventariada;;9;6;2;;;1;1;1;;;1;998
5;3;7;30;30016;;3;2;No inventariada;;9;2;1;4;;1;1;1;;;1;998
5;1;9;30;30016;;3;2;No inventariada;;9;10;1;1;;1;1;1;;;1;998
3;7;21;30;30016;;3;2;No inventariada;;9;4;2;;;3;4;2;;;1;998
3;4;8;30;30016;;3;2;No inventariada;;9;2;2;;;1;1;1;;;1;998
5;5;11;30;30016;;3;2;No inventariada;;9;7;1;1;;1;1;1;;;9;998
5;4;13;30;30016;;1;1;T-312-1;2,8;6;2;1;2;;1;1;1;;;1;1
5;4;16;30;30016;;1;1;RM-F43;4,275;6;2;1;2;;1;1;1;;;1;1
5;4;15;30;30016;;3;2;No inventariada;;9;10;1;4;;7;1;1;;;18;998
5;5;12;30;30016;;3;2;No inventariada;;9;1;2;;;1;1;1;;;18;998
6;7;16;30;30016;;3;2;No inventariada;;9;12;2;;;1;1;1;;;18;998
5;4;21;30;30016;;3;2;No inventariada;;9;2;1;2;;1;1;1;;;1;998
5;4;15;30;30016;;3;2;No inventariada;;9;2;2;;;1;1;1;;;1;998
6;7;13;30;30016;;3;2;No inventariada;;9;3;1;4;;1;1;1;;;1;998
5;1;18;30;30016;;3;2;No inventariada;;9;16;2;;;1;1;1;;;1;998
5;4;15;30;30016;;3;2;No inventariada;;9;2;1;1;;1;1;1;;;1;998
6;1;12;30;30016;;3;2;No inventariada;;9;7;2;;;1;1;1;;;6;998
6;3;17;30;30016;;3;2;No inventariada;;9;1;2;;;1;1;1;;;18;998
6;3;19;30;30016;;3;2;No inventariada;;9;2;1;1;;1;1;1;;;1;998
6;1;13;30;30016;;1;1;No inventariada;1;10;9;1;4;;1;1;1;;;1;1
6;2;20;30;30016;;3;2;No inventariada;;9;2;1;1;;3;1;2;;;1;998
6;6;19;30;30016;;3;2;No inventariada;;9;4;1;1;;1;3;1;2;;1;998
6;5;14;30;30016;;1;1;A-30;190,5;3;12;2;;;1;1;1;;;1;1
6;7;17;30;30016;;3;2;No inventariada;;9;7;2;;;1;1;1;;;8;998
6;1;2;30;30016;;1;1;RM-12;12,35;5;14;2;;;1;6;1;;;1;2
6;2;9;30;30016;;3;2;No inventariada;;9;4;1;4;;1;1;1;;;1;998
6;6;17;30;30016;;3;2;No inventariada;;9;1;2;;;1;1;1;;;1;998
6;7;21;30;30016;;3;2;No inventariada;;9;7;2;;;1;1;1;;;1;998
6;1;23;30;30016;;3;2;No inventariada;;9;2;1;1;;1;4;1;;;1;998
6;5;21;30;30016;;3;2;No inventariada;;9;2;1;1;;1;1;1;;;18;998
6;5;13;30;30016;;1;1;RM-332;18;6;1;2;;;1;1;1;;;1;2
6;7;10;30;30026;;1;1;RM-E22;18,5;6;4;2;;;1;1;1;;;1;1
6;6;14;30;30016;;3;2;No inventariada;;9;20;2;;;1;1;1;;;1;998
6;6;14;30;30016;;3;2;No inventariada;;9;4;1;4;;1;1;1;;;1;998
6;6;19;30;30016;;3;2;No inventariada;;9;2;1;1;;1;1;1;;;1;998
6;4;9;30;30016;;3;2;No inventariada;;9;2;1;1;;1;1;1;;;1;998
6;7;15;30;30016;;3;2;No inventariada;;9;15;2;;;1;1;1;;;1;998
6;7;20;30;30016;;3;2;No inventariada;;9;10;2;;;1;1;1;;;1;998
6;2;13;30;30016;;3;2;No inventariada;;9;4;1;4;;1;1;1;;;1;998
6;2;21;30;30016;;1;1;N-332;6,2;5;4;1;9;;1;6;1;;;1;1
6;6;11;30;30016;;3;2;No inventariada;;9;4;2;;;1;1;1;;;1;998
6;5;23;30;30016;;3;2;No inventariada;;9;2;1;4;;1;3;1;;;1;998
6;4;23;30;30016;;3;2;No inventariada;;9;10;2;;;1;3;1;;;1;998
6;7;19;30;30016;;3;2;No inventariada;;9;12;2;;;1;1;1;;;1;998
6;6;12;30;30016;;3;2;No inventariada;;9;12;1;4;;1;1;1;;;1;998
6;6;20;30;30016;;3;2;No inventariada;;9;19;2;;;1;1;1;;;1;998
6;6;13;30;30016;;3;2;No inventariada;;9;5;2;;;1;1;1;;;1;998
7;1;12;30;30016;;3;2;No inventariada;;9;5;1;4;;1;1;1;;;1;998
7;3;20;30;30016;;1;1;RM-12;17,1;5;1;2;;;1;1;1;;;1;1
7;3;23;30;30016;;3;2;No inventariada;;9;4;2;;;1;4;1;;;1;998
7;2;0;30;30016;;3;2;No inventariada;;9;10;1;2;;1;4;1;;;1;998
7;5;14;30;30016;;3;2;No inventariada;;9;2;1;1;;1;1;1;;;1;998
7;5;20;30;30035;;1;1;N-332;30,2;6;1;2;;;1;1;1;;;1;1
5;4;22;30;30016;;3;2;No inventariada;;9;7;2;;;1;4;1;;;18;998
7;6;22;30;30016;;3;2;No inventariada;;9;5;2;;;1;3;1;;;1;998
7;4;13;30;30016;;3;2;No inventariada;;9;10;1;2;;1;1;1;;;1;998
5;1;18;30;30016;;3;2;No inventariada;;9;5;2;;;1;1;1;;;18;998
7;1;17;30;30016;;3;2;No inventariada;;9;2;1;1;;1;1;1;;;1;998
7;5;7;30;30016;;3;2;No inventariada;;9;10;1;4;;7;1;1;;;1;998
7;3;12;30;30016;;3;2;No inventariada;;9;7;2;;;1;1;1;;;1;998
7;3;11;30;30016;;3;2;No inventariada;;9;4;1;4;;1;1;1;;;1;998
7;3;20;30;30016;;3;2;No inventariada;;9;2;1;1;;1;1;1;;;1;998
6;2;10;30;30016;;3;2;No inventariada;;9;2;1;1;;3;1;3;;;1;998
7;6;21;30;30016;;3;2;No inventariada;;9;3;1;2;;1;4;1;;;1;998
7;7;20;30;30016;;1;1;RM-12;1,597;5;5;2;;;1;1;1;;;1;1
7;1;8;30;30016;;3;2;No inventariada;;9;2;1;1;;1;1;1;;;1;998
7;3;14;30;30016;;3;2;No inventariada;;9;10;2;;;1;1;1;;;1;998
7;4;16;30;30016;;3;2;No inventariada;;9;15;1;4;;1;1;1;;;1;998
7;6;23;30;30016;;3;2;No inventariada;;9;7;2;;;1;4;1;;;11;998
7;5;14;30;30016;;3;2;No inventariada;;9;6;1;2;;1;1;1;;;1;998
7;5;21;30;30016;;3;2;No inventariada;;9;2;1;1;;1;1;1;;;1;998
7;1;16;30;30016;;3;2;No inventariada;;9;2;1;5;;1;1;1;;;1;998
7;1;20;30;30016;;3;2;No inventariada;;9;12;1;1;;1;1;1;;;1;998
7;5;11;30;30016;;1;1;RM-332;6,03;5;10;1;6;RM-332;1;1;1;;;1;1
7;3;19;30;30016;;1;1;RM-F15;3,188;6;19;2;;;1;1;1;;;1;1
7;7;23;30;30016;;3;2;No inventariada;;9;4;2;;;1;1;1;;;1;998
7;5;20;30;30016;;3;2;No inventariada;;9;2;1;1;;1;1;1;;;1;998
7;5;23;30;30016;;1;1;RM-E22;10,1;6;1;2;;;1;6;1;;;1;2
7;6;14;30;30016;;3;2;No inventariada;;9;2;1;1;;1;1;1;;;1;998
7;6;18;30;30016;;3;2;No inventariada;;9;10;1;1;;1;1;1;;;1;998
7;7;6;30;30016;;1;1;RM-12;13,3;5;4;2;;;1;2;1;;;1;2
7;7;8;30;30016;;3;2;No inventariada;;9;2;1;2;;1;1;1;;;18;998
7;7;13;30;30016;;1;1;RM-F54;6,9;6;19;2;;;1;1;1;;1;1;3
7;7;20;30;30016;;3;2;No inventariada;;9;20;2;;;1;2;1;;;1;998
7;4;20;30;30016;;3;2;No inventariada;;9;10;2;;;1;1;1;;;1;998
7;6;17;30;30016;;3;2;No inventariada;;9;2;1;2;;1;1;1;;;9;998
7;1;17;30;30016;;3;2;No inventariada;;9;2;1;4;;1;1;1;;;1;998
7;2;10;30;30016;;3;2;No inventariada;;9;7;2;;;1;1;1;;;1;998
7;2;14;30;30016;;3;2;No inventariada;;9;10;2;;;1;1;1;;;1;998
7;3;21;30;30016;;3;2;No inventariada;;9;15;1;4;;1;1;1;;;1;998
7;6;14;30;30016;;3;2;No inventariada;;9;10;1;4;;1;1;1;;;1;998
7;1;21;30;30016;;3;2;No inventariada;;9;2;1;2;;1;1;1;;;1;998
7;2;8;30;30016;;3;2;No inventariada;;9;2;1;1;;1;1;1;;;1;998
8;1;19;30;30016;;1;1;RM-F43;5,9;6;16;2;;;1;1;1;;;1;1
8;4;2;30;30016;;3;2;No inventariada;;9;2;1;2;;1;3;1;;;1;998
7;3;16;30;30016;;3;2;No inventariada;;9;2;1;4;;1;1;1;;;1;998
8;4;10;30;30016;;3;2;No inventariada;;9;2;2;;;1;1;1;;;1;998
8;2;11;30;30016;;3;2;No inventariada;;9;2;1;2;;1;4;1;;;1;998
8;7;12;30;30016;;3;2;No inventariada;;9;2;2;;;1;1;1;;;1;998
8;3;23;30;30016;;3;2;No inventariada;;9;4;2;;;1;4;1;;;1;998
8;4;12;30;30016;;3;2;No inventariada;;9;2;1;1;;1;1;1;;;2;998
8;4;10;30;30016;;3;2;No inventariada;;9;2;2;;;1;1;1;;;18;998
8;7;1;30;30016;;3;2;No inventariada;;9;2;2;;;1;4;1;;;1;998
8;4;15;30;30016;;3;2;No inventariada;;9;2;1;1;;1;1;1;;;1;998
8;1;3;30;30016;;3;2;No inventariada;;9;10;2;;;1;4;1;;;1;998
8;1;19;30;30016;;3;2;No inventariada;;9;4;2;;;1;1;1;;;1;998
8;7;19;30;30016;;3;2;No inventariada;;9;2;1;1;;1;1;1;;;1;998
8;3;6;30;30016;;1;1;N-332;15,148;14;12;2;;;1;6;1;;;1;3
8;3;15;30;30016;;3;2;No inventariada;;9;12;2;;;1;1;3;;;18;998
8;5;8;30;30016;;3;2;No inventariada;;9;7;1;1;;1;1;1;;;1;998
8;5;11;30;30016;;3;2;No inventariada;;9;3;2;;;1;1;1;;;1;998
8;6;12;30;30016;;3;2;No inventariada;;9;7;2;;;1;1;1;;;1;998
8;6;18;30;30016;;3;2;No inventariada;;9;7;2;;;1;1;1;;;9;998
7;3;22;30;30016;;3;2;No inventariada;;9;2;1;2;;1;4;1;;;2;998
8;7;11;30;30016;;3;2;No inventariada;;9;6;2;;;1;1;1;;;1;998
8;7;20;30;30016;;1;1;No inventariada;3;10;12;1;2;;1;2;1;;;6;1
8;4;22;30;30016;;3;2;No inventariada;;9;2;1;2;;1;4;1;;;1;998
8;4;3;30;30016;;3;2;No inventariada;;9;16;2;;;1;4;1;;;1;998
8;5;8;30;30016;;3;2;No inventariada;;9;4;1;2;;1;1;1;;;1;998
8;1;1;30;30016;;3;2;No inventariada;;9;2;1;1;;1;4;1;;;1;998
8;1;22;30;30016;;3;2;No inventariada;;9;7;2;;;1;4;1;;;1;998
8;2;21;30;30016;;1;1;RM-605;1,117;6;2;1;6;;1;6;1;;;1;1
8;2;20;30;30016;;3;2;No inventariada;;9;12;1;4;;1;2;1;;;1;998
8;7;21;30;30016;;3;2;No inventariada;;9;10;1;2;;1;4;1;;;1;998
8;5;17;30;30016;;3;2;No inventariada;;9;7;2;;;1;1;1;;;1;998
8;3;14;30;30016;;3;2;No inventariada;;9;4;2;;;1;1;1;;;1;998
8;4;19;30;30016;;3;2;No inventariada;;9;2;1;2;;1;1;1;;;1;998
8;4;7;30;30016;;3;2;No inventariada;;9;1;1;2;;1;3;1;;;9;998