MES;DIA_SEMANA;HORA;COD_PROVINCIA;COD_MUNICIPIO;ISLA;ZONA;ZONA_AGRUPADA;CARRETERA;KM;TIPO_VIA;TIPO_ACCIDENTE;NUDO;NUDO_INFO;CARRETERA_CRUCE;CONDICION_FIRME;CONDICION_ILUMINACION;CONDICION_METEO;CONDICION_NIEBLA;CONDICION_VIENTO;VISIB_RESTRINGIDA_POR;TRAZADO_PLANTA
8;5;21;30;30016;;3;2;No inventariada;;9;15;1;4;;3;4;3;;;1;998
8;6;0;30;30016;;3;2;No inventariada;;9;7;2;;;1;4;2;;;9;998
8;1;15;30;30016;;3;2;No inventariada;;9;12;1;5;;1;1;1;;;1;998
9;1;11;30;30016;;3;2;No inventariada;;9;2;1;4;;1;1;1;;;1;998
9;1;13;30;30016;;3;2;No inventariada;;9;5;2;;;1;1;1;;;1;998
8;3;9;30;30016;;3;2;No inventariada;;9;2;1;1;;1;1;1;;;1;998
8;6;1;30;30016;;3;2;No inventariada;;9;6;2;;;1;4;1;;;1;998
9;4;10;30;30016;;3;2;No inventariada;;9;7;2;;;1;1;2;;;1;998
9;2;2;30;30016;;3;2;No inventariada;;9;12;1;2;;1;4;1;;;1;998
9;3;11;30;30016;;3;2;No inventariada;;9;7;2;;;1;1;1;;;9;998
9;5;21;30;30016;;3;2;No inventariada;;9;7;2;;;1;4;1;;;1;998
6;2;22;30;30016;;3;2;No inventariada;;9;4;1;1;;1;4;1;;;1;998
9;4;8;30;30016;;3;2;No inventariada;;9;12;1;1;;1;1;1;;;1;998
9;1;13;30;30016;;3;2;No inventariada;;9;12;1;10;;1;1;1;;;1;998
9;1;22;30;30016;;1;1;C. MEDICOS;2;10;12;2;;;1;6;1;;;1;2
9;7;21;30;30016;;3;2;No inventariada;;9;3;2;;;1;4;1;;;1;998
9;5;15;30;30016;;3;2;No inventariada;;9;2;1;1;;1;1;1;;;1;998
9;7;15;30;30016;;3;2;No inventariada;;9;2;2;;;1;1;1;;;1;998
9;4;20;30;30016;;3;2;No inventariada;;9;7;2;;;1;1;1;;;1;998
9;2;19;30;30016;;3;2;No inventariada;;9;7;2;;;1;1;1;;;6;998
9;2;20;30;30016;;3;2;No inventariada;;9;3;2;;;1;1;1;;;1;998
9;1;19;30;30016;;3;2;No inventariada;;9;2;1;1;;1;1;1;;;1;998
6;2;16;30;30016;;3;2;No inventariada;;9;5;1;5;;1;1;1;;;1;998
9;6;22;30;30016;;1;1;N-332;5,7;6;7;2;;;1;6;1;;;5;1
9;7;16;30;30016;;3;2;No inventariada;;9;10;1;2;;1;1;1;;;1;998
9;1;8;30;30016;;3;2;No inventariada;;9;4;1;4;;1;1;1;;;6;998
9;3;11;30;30016;;3;2;No inventariada;;9;2;1;1;;1;1;1;;;1;998
9;3;6;30;30016;;3;2;No inventariada;;9;2;1;4;;1;4;1;;;1;998
9;5;13;30;30016;;3;2;No inventariada;;9;10;1;2;;1;1;1;;;1;998
9;2;13;30;30016;;3;2;No inventariada;;9;12;1;2;;1;1;1;;;1;998
9;3;22;30;30016;;3;2;No inventariada;;9;12;2;;;1;4;1;;;1;998
9;1;14;30;30016;;3;2;No inventariada;;9;2;1;2;;1;4;1;;;1;998
9;3;14;30;30016;;3;2;No inventariada;;9;4;1;4;;1;1;1;;;13;998
9;6;22;30;30016;;3;2;No inventariada;;9;5;2;;;1;4;1;;;1;998
9;6;21;30;30016;;3;2;No inventariada;;9;10;1;2;;1;4;1;;;1;998
9;1;0;30;30016;;3;2;No inventariada;;9;2;1;4;;1;4;1;;;5;998
9;2;9;30;30016;;3;2;No inventariada;;9;2;1;2;;1;1;1;;;1;998
9;4;14;30;30016;;3;2;No inventariada;;9;2;1;5;;1;1;1;;;1;998
9;1;17;30;30016;;3;2;No inventariada;;9;7;1;1;;1;1;1;;;1;998
9;7;22;30;30016;;3;2;No inventariada;;9;10;2;;;1;2;1;;;1;998
9;3;14;30;30016;;3;2;No inventariada;;9;2;1;2;;1;1;1;;;1;998
10;3;14;30;30016;;3;2;No inventariada;;9;10;2;;;1;1;1;;;1;998
10;2;17;30;30016;;3;2;No inventariada;;9;2;1;2;;1;1;1;;;1;998
9;5;18;30;30016;;3;2;No inventariada;;9;2;2;;;1;1;1;;;1;998
10;4;12;30;30016;;3;2;No inventariada;;9;2;2;;;1;1;1;;;18;998
10;2;6;30;30016;;3;2;No inventariada;;9;12;1;4;;1;4;1;;;1;998
9;1;19;30;30016;;3;2;No inventariada;;9;2;1;5;;1;1;1;;;1;998
7;5;14;30;30016;;3;2;No inventariada;;9;10;1;1;;1;1;1;;;1;998
10;5;19;30;30016;;1;1;RM-605;6,7;6;1;2;;;1;2;1;;;1;1
10;6;10;30;30016;;3;2;No inventariada;;9;2;1;4;;1;1;1;;;1;998
10;5;13;30;30016;;1;1;RM-F35;19,5;6;2;1;4;RM-F37;1;1;1;;;1;1
10;1;23;30;30016;;3;2;No inventariada;;9;2;1;2;;1;4;1;;;1;998
10;2;9;30;30016;;3;2;No inventariada;;9;7;1;1;;1;1;1;;;6;998
10;1;11;30;30016;;3;2;No inventariada;;9;4;1;5;;1;1;1;;;1;998
10;2;16;30;30016;;3;2;No inventariada;;9;2;1;1;;6;1;1;;;1;998
10;2;11;30;30016;;3;2;No inventariada;;9;10;2;;;3;1;1;;;1;998
9;1;12;30;30016;;3;2;No inventariada;;9;4;2;;;1;1;1;;;1;998
10;3;6;30;30016;;3;2;No inventariada;;9;19;1;1;;1;3;1;;;1;998
10;1;11;30;30016;;3;2;No inventariada;;9;2;1;4;;1;1;1;;;1;998
10;4;18;30;30016;;3;2;No inventariada;;9;7;2;;;1;1;1;;;1;998
10;4;22;30;30016;;3;2;No inventariada;;9;10;1;4;;2;4;1;;;1;998
10;4;14;30;30016;;3;2;No inventariada;;9;2;1;2;;1;1;1;;;1;998
8;4;19;30;30016;;3;2;No inventariada;;9;3;1;1;;1;2;1;;;18;998
10;3;18;30;30016;;3;2;No inventariada;;9;2;1;2;;1;1;1;;;1;998
9;6;21;30;30016;;3;2;No inventariada;;9;2;1;1;;1;4;1;;;2;998
10;4;10;30;30016;;3;2;No inventariada;;9;2;1;1;;1;1;1;;;1;998
10;2;13;30;30016;;3;2;No inventariada;;9;2;1;1;;6;1;1;2;;1;998
10;2;14;30;30016;;3;2;No inventariada;;9;4;2;;;1;1;1;;;1;998
10;1;14;30;30016;;3;2;No inventariada;;9;5;2;;;1;1;1;;;1;998
10;3;19;30;30016;;3;2;No inventariada;;9;7;2;;;1;1;1;;;6;998
10;4;14;30;30016;;3;2;No inventariada;;9;2;1;4;;1;1;1;;;1;998
10;4;18;30;30016;;3;2;No inventariada;;9;20;2;;;1;1;1;;;1;998
10;6;15;30;30016;;3;2;No inventariada;;9;16;1;2;;1;1;1;;;1;998
10;6;12;30;30016;;3;2;No inventariada;;9;2;1;2;;1;1;1;;;1;998
10;6;20;30;30016;;3;2;No inventariada;;9;2;1;1;;1;4;1;;;18;998
10;7;0;30;30016;;3;2;No inventariada;;9;2;1;1;;1;4;1;;;18;998
10;7;12;30;30016;;3;2;No inventariada;;9;10;2;;;1;1;1;;;1;998
10;7;19;30;30016;;1;1;RM-332;22,842;6;16;2;;;1;2;1;;;1;1
10;1;16;30;30016;;1;1;RM-F35;14,643;6;2;1;1;;1;1;1;;;1;1
10;5;21;30;30016;;3;2;No inventariada;;9;2;1;1;;1;4;1;;;1;998
10;5;18;30;30016;;3;2;No inventariada;;9;4;1;4;;1;1;1;;;1;998
10;2;15;30;30016;;1;1;RM-F35;22,255;6;4;1;1;;1;1;1;;;1;1
10;3;7;30;30016;;1;1;RM-332;18,656;6;16;2;;;3;2;3;;;1;2
10;4;16;30;30016;;3;2;No inventariada;;9;4;2;;;1;1;1;;;1;998
10;4;21;30;30016;;1;1;CT-34;0,5;3;6;2;;;1;6;1;;;1;1
10;3;9;30;30016;;3;2;No inventariada;;9;7;1;1;;1;1;1;;;4;998
9;4;20;30;30016;;3;2;No inventariada;;9;3;2;;;1;1;1;;;1;998
10;3;10;30;30016;;3;2;No inventariada;;9;15;2;;;3;1;2;;;1;998
10;5;12;30;30016;;3;2;No inventariada;;9;4;2;;;1;1;1;;;1;998
10;4;17;30;30016;;3;2;No inventariada;;9;4;2;;;1;1;1;;;1;998
10;5;7;30;30016;;3;2;No inventariada;;9;4;1;1;;1;4;1;;;1;998
10;1;18;30;30016;;3;2;No inventariada;;9;4;2;;;3;4;2;;;1;998
10;2;7;30;30016;;1;1;CT-32;3,819;3;12;1;10;A-30;1;2;1;;;1;2
10;1;19;30;30016;;3;2;No inventariada;;9;7;1;1;;3;4;3;;;1;998
10;1;15;30;30016;;3;2;No inventariada;;9;2;1;1;;3;1;3;;;1;998
10;3;9;30;30016;;1;1;No inventariada;0,1;10;5;2;;;1;1;1;;;1;1
10;4;8;30;30016;;3;2;No inventariada;;9;7;1;2;;1;1;1;;;1;998
10;7;3;30;30016;;3;2;No inventariada;;9;4;1;2;;3;4;2;;;1;998
11;5;12;30;30016;;3;2;No inventariada;;9;3;2;;;1;1;1;;;1;998
6;6;22;30;30016;;3;2;No inventariada;;9;2;1;1;;1;4;1;;;18;998
9;4;12;30;30016;;3;2;No inventariada;;9;2;1;4;;1;1;1;;;1;998
11;6;12;30;30016;;3;2;No inventariada;;9;2;1;1;;1;1;1;;;1;998
11;6;16;30;30016;;3;2;No inventariada;;9;2;1;1;;1;1;1;;;1;998
11;6;23;30;30016;;3;2;No inventariada;;9;2;1;2;;1;4;1;;;1;998
10;3;19;30;30016;;3;2;No inventariada;;9;5;2;;;1;4;1;;;1;998
10;2;14;30;30016;;3;2;No inventariada;;9;2;2;;;1;1;1;;;1;998
10;2;14;30;30016;;3;2;No inventariada;;9;2;1;4;;1;1;2;;;1;998
11;1;9;30;30016;;3;2;No inventariada;;9;12;2;;;1;1;2;;;1;998
11;3;12;30;30016;;3;2;No inventariada;;9;5;1;4;;1;1;1;;;1;998
11;1;11;30;30016;;3;2;No inventariada;;9;2;1;4;;1;1;1;;;1;998
11;6;12;30;30016;;3;2;No inventariada;;9;16;2;;;1;1;1;;;1;998
11;3;14;30;30016;;3;2;No inventariada;;9;2;1;4;;1;1;1;;;1;998
11;4;23;30;30016;;3;2;No inventariada;;9;2;1;1;;1;4;1;;;1;998
11;3;18;30;30016;;3;2;No inventariada;;9;1;2;;;1;1;1;;;1;998
10;6;17;30;30016;;3;2;No inventariada;;9;7;1;1;;1;1;1;;;6;998
10;4;17;30;30016;;3;2;No inventariada;;9;10;1;2;;1;1;1;;;1;998
11;1;19;30;30016;;3;2;No inventariada;;9;2;1;4;;1;5;1;;;12;998
10;3;6;30;30016;;3;2;No inventariada;;9;3;2;;;1;4;1;;;1;998
11;2;11;30;30016;;1;1;RM-332;11,444;6;6;2;;;1;1;1;;;1;4
9;5;20;30;30016;;3;2;No inventariada;;9;4;1;4;;1;4;1;;;1;998
11;4;14;30;30016;;3;2;No inventariada;;9;2;1;1;;1;1;1;;;1;998
11;1;8;30;30016;;3;2;No inventariada;;9;3;1;1;;1;1;1;;;1;998
9;5;21;30;30016;;3;2;No inventariada;;9;2;1;1;;1;4;1;;;1;998
11;1;14;30;30016;;3;2;No inventariada;;9;2;2;;;1;1;1;;;1;998
7;7;18;30;30016;;3;2;No inventariada;;9;4;2;;;1;1;1;;;1;998
7;5;21;30;30016;;3;2;No inventariada;;9;4;2;;;1;1;1;;;1;998
9;6;12;30;30016;;3;2;No inventariada;;9;2;1;1;;3;1;1;;;1;998
9;1;19;30;30016;;3;2;No inventariada;;9;1;2;;;1;1;1;;;1;998
9;5;16;30;30016;;3;2;No inventariada;;9;2;1;2;;1;1;1;;;1;998
9;5;9;30;30016;;3;2;No inventariada;;9;2;2;;;1;1;1;;;1;998
8;7;11;30;30016;;3;2;No inventariada;;9;4;2;;;1;1;2;;;1;998
7;3;19;30;30016;;3;2;No inventariada;;9;4;2;;;1;1;1;;;1;998
8;6;7;30;30016;;3;2;No inventariada;;9;6;2;;;1;1;1;;;18;998
8;5;8;30;30016;;3;2;No inventariada;;9;2;1;1;;1;1;1;;;1;998
7;5;0;30;30016;;3;2;No inventariada;;9;2;1;4;;1;4;1;;;1;998
7;5;14;30;30016;;3;2;No inventariada;;9;2;1;1;;1;1;1;;;2;998
7;5;16;30;30016;;3;2;No inventariada;;9;4;2;;;1;1;1;;;1;998
7;1;15;30;30016;;3;2;No inventariada;;9;10;2;;;1;1;1;;;1;998
8;5;17;30;30016;;3;2;No inventariada;;9;15;2;;;1;1;1;;;1;998
8;4;11;30;30016;;3;2;No inventariada;;9;7;2;;;1;1;1;;;1;998
7;4;13;30;30016;;3;2;No inventariada;;9;2;1;1;;1;1;1;;;13;998
8;6;20;30;30016;;3;2;No inventariada;;9;2;2;;;1;4;1;;;1;998
7;5;2;30;30016;;3;2;No inventariada;;9;16;1;1;;1;3;1;;;1;998
7;1;14;30;30016;;3;2;No inventariada;;9;2;1;2;;1;1;1;;;1;998
7;4;23;30;30016;;3;2;No inventariada;;9;3;1;4;;1;4;1;;;1;998
9;7;0;30;30016;;3;2;No inventariada;;9;7;2;;;1;4;1;;;1;998
9;1;21;30;30016;;3;2;No inventariada;;9;2;1;2;;1;4;1;;;1;998
11;2;20;30;30016;;3;2;No inventariada;;9;2;1;2;;1;4;1;;;1;998
9;6;19;30;30016;;3;2;No inventariada;;9;2;1;2;;1;1;1;;;1;998
7;3;13;30;30016;;3;2;No inventariada;;9;1;1;2;;1;1;1;;;2;998
11;5;13;30;30016;;1;1;CS XIV;1;10;2;1;2;;2;1;1;;;1;1
11;4;18;30;30016;;3;2;No inventariada;;9;3;1;4;;1;4;2;;;1;998
11;6;9;30;30016;;3;2;No inventariada;;9;2;1;4;;1;1;1;;;1;998
11;6;12;30;30016;;1;1;RM-314;1,517;6;19;2;;;1;1;2;;1;1;2
11;6;21;30;30016;;1;1;RM-12;9;5;20;2;;;1;6;1;;;14;1
11;1;20;30;30016;;1;1;N-332;4,3;6;8;2;;;1;6;1;;;1;1
11;1;19;30;30016;;3;2;No inventariada;;9;4;1;4;;1;4;1;;;1;998
11;1;20;30;30016;;3;2;No inventariada;;9;7;2;;;1;4;1;;;1;998
11;7;20;30;30016;;3;2;No inventariada;;9;7;2;;;1;4;1;;;1;998
11;3;20;30;30016;;3;2;No inventariada;;9;10;2;;;1;4;1;;;1;998
11;4;12;30;30016;;3;2;No inventariada;;9;2;1;4;;1;1;1;;;1;998
11;4;19;30;30016;;3;2;No inventariada;;9;5;2;;;1;4;1;;;1;998
10;3;18;30;30016;;3;2;No inventariada;;9;7;1;2;;1;1;1;;;6;998
11;5;14;30;30016;;1;1;RM-F36;12,2;6;4;1;4;;1;1;1;;;1;1
11;5;23;30;30016;;3;2;No inventariada;;9;2;2;;;1;4;1;;;1;998
11;6;7;30;30016;;3;2;No inventariada;;9;1;2;;;2;5;1;;;1;998
11;1;2;30;30016;;3;2;No inventariada;;9;10;1;1;;1;4;1;;;1;998
11;7;22;30;30016;;3;2;No inventariada;;9;2;1;4;;1;4;1;;;1;998
11;1;21;30;30016;;3;2;No inventariada;;9;10;2;;;1;4;1;;;1;998
11;2;12;30;30016;;3;2;No inventariada;;9;4;1;2;;1;1;1;;;1;998
4;1;9;30;30016;;3;2;No inventariada;;9;7;1;2;;1;1;1;;;1;998
11;2;14;30;30016;;3;2;No inventariada;;9;3;2;;;1;1;1;;;1;998
11;4;18;30;30016;;3;2;No inventariada;;9;7;1;2;;1;1;1;;;18;998
11;4;16;30;30016;;3;2;No inventariada;;9;10;1;4;;1;1;1;;;1;998
11;5;10;30;30016;;3;2;No inventariada;;9;12;2;;;1;1;1;;;1;998
11;5;22;30;30016;;3;2;No inventariada;;9;2;1;1;;1;4;1;;;1;998
11;6;12;30;30016;;1;1;RM-E22;9,696;6;1;2;;;1;1;1;;;1;2
11;6;12;30;30016;;3;2;No inventariada;;9;7;2;;;1;1;1;;;11;998
11;2;21;30;30016;;3;2;No inventariada;;9;10;2;;;1;4;1;;;1;998
11;6;12;30;30016;;3;2;No inventariada;;9;4;2;;;1;1;1;;;1;998
11;6;23;30;30016;;3;2;No inventariada;;9;2;1;1;;1;4;1;;;1;998
10;5;20;30;30016;;3;2;No inventariada;;9;2;1;2;;1;4;1;;;1;998
12;5;11;30;30016;;3;2;No inventariada;;9;2;2;;;1;1;1;;;1;998
12;5;18;30;30016;;1;1;AP-7;814,554;2;18;1;2;CT-31;1;6;1;;;1;2
12;6;3;30;30016;;1;1;CT-32;2,8;3;10;2;;;1;6;1;;;1;1
12;5;23;30;30016;;3;2;No inventariada;;9;12;1;4;;1;4;1;;;1;998
12;6;12;30;30016;;3;2;No inventariada;;9;7;2;;;1;1;1;;;18;998
12;3;10;30;30016;;3;2;No inventariada;;9;10;2;;;1;1;1;;;1;998
11;3;14;30;30016;;3;2;No inventariada;;9;10;2;;;3;1;2;;;1;998
12;6;10;30;30016;;3;2;No inventariada;;9;2;1;1;;1;1;1;;;1;998
12;4;7;30;30016;;3;2;No inventariada;;9;2;1;4;;1;4;1;;;1;998
12;7;10;30;30016;;3;2;No inventariada;;9;16;2;;;1;1;1;;;1;998
11;1;19;30;30016;;3;2;No inventariada;;9;3;1;1;;1;4;1;;;1;998
11;2;21;30;30016;;3;2;No inventariada;;9;3;1;2;;3;4;4;;;8;998
12;3;13;30;30016;;3;2;No inventariada;;9;2;1;4;;1;1;1;;;1;998
12;4;14;30;30016;;3;2;No inventariada;;9;1;1;2;;1;1;1;;;4;998
12;5;18;30;30016;;3;2;No inventariada;;9;3;2;;;1;4;1;;;1;998
12;1;20;30;30016;;3;2;No inventariada;;9;3;1;4;;1;4;1;;;1;998
12;1;21;30;30016;;3;2;No inventariada;;9;1;2;;;1;4;1;;;1;998
12;1;16;30;30016;;3;2;No inventariada;;9;4;2;;;1;1;1;;;1;998
12;2;10;30;30016;;3;2;No inventariada;;9;7;1;2;;1;1;1;;;1;998
12;3;8;30;30016;;3;2;No inventariada;;9;14;2;;;1;1;1;;;1;998
12;4;9;30;30016;;3;2;No inventariada;;9;4;2;;;1;1;1;;;1;998
12;5;17;30;30016;;3;2;No inventariada;;9;3;1;4;;1;2;1;;;1;998
12;6;10;30;30016;;3;2;No inventariada;;9;2;1;2;;1;1;1;;;1;998
12;7;12;30;30016;;3;2;No inventariada;;9;2;1;4;;1;1;1;;;1;998
12;7;22;30;30016;;3;2;No inventariada;;9;2;1;1;;1;4;1;;;1;998
12;5;7;30;30016;;3;2;No inventariada;;9;3;1;4;;1;4;1;;;1;998
12;1;10;30;30016;;3;2;No inventariada;;9;2;1;1;;1;1;1;;;1;998
12;1;19;30;30016;;1;1;RM-F37;4,8;6;18;2;;;1;6;1;;;1;2
12;3;13;30;30016;;3;2;No inventariada;;9;15;2;;;1;1;1;;;1;998
12;3;21;30;30016;;3;2;No inventariada;;9;2;1;1;;1;4;1;;;1;998
12;4;7;30;30016;;3;2;No inventariada;;9;10;1;5;;3;4;1;;;1;998
12;5;16;30;30016;;3;2;No inventariada;;9;2;1;4;;1;1;1;;;1;998
12;6;13;30;30016;;3;2;No inventariada;;9;7;2;;;1;1;1;;;1;998
12;7;13;30;30016;;3;2;No inventariada;;9;2;1;2;;1;1;1;;;1;998
12;5;21;30;30016;;1;1;RM-F28;11,4;6;12;2;;;1;6;1;;;1;1
10;1;13;30;30016;;3;2;No inventariada;;9;7;2;;;1;1;2;;;18;998
12;1;12;30;30016;;3;2;No inventariada;;9;4;1;1;;1;1;1;;;1;998
12;3;10;30;30016;;3;2;No inventariada;;9;2;1;1;;1;1;1;;;1;998
10;5;17;30;30016;;3;2;No inventariada;;9;4;2;;;1;1;1;;;1;998
12;4;10;30;30016;;3;2;No inventariada;;9;7;1;2;;1;1;1;;;1;998
12;2;10;30;30016;;3;2;No inventariada;;9;2;1;1;;3;1;2;;;1;998
2;7;13;30;30017;;3;2;No inventariada;;9;3;2;;;1;1;1;;;1;998
3;6;15;30;30017;;3;2;No inventariada;;9;3;2;;;1;1;1;;;1;998
3;5;22;30;30017;;1;1;SAN GINES;1,2;10;12;2;;;1;6;1;;;1;3
4;1;19;30;30017;;1;1;RM-15;49,3;3;17;2;;;1;1;1;;;1;1
3;1;18;30;30017;;3;2;No inventariada;;9;5;2;;;1;1;2;;;1;998
5;3;8;30;30017;;1;1;RM-517;0,9;6;17;2;;;1;1;1;;;1;2
4;4;14;30;30017;;3;2;No inventariada;;9;3;2;;;1;1;1;;;1;998
4;1;9;30;30017;;3;2;No inventariada;;9;10;2;;;7;1;1;;;1;998
6;2;8;30;30017;;1;1;RM-B16;1,296;6;12;2;;;1;1;1;;;1;1
6;3;20;30;30017;;3;2;No inventariada;;9;7;2;;;1;1;1;;;1;998
6;6;20;30;30017;;3;2;No inventariada;;9;4;2;;;1;1;1;;;1;998
7;2;19;30;30017;;1;1;RM-B16;0,6;6;3;1;1;;1;1;1;;;1;1
8;2;4;30;30017;;1;1;RM-B20;10,594;6;15;2;;;1;6;1;1;;1;2
8;4;13;30;30017;;3;2;No inventariada;;9;3;2;;;1;1;1;;;1;998
9;1;8;30;30017;;3;2;No inventariada;;9;1;2;;;1;1;1;;;1;998
8;2;19;30;30017;;3;2;No inventariada;;9;4;2;;;1;1;1;;;1;998
9;5;13;30;30017;;3;2;No inventariada;;9;3;2;;;1;1;1;;;1;998
9;7;17;30;30017;;1;1;FUENTE DE;3,5;10;2;2;;;1;1;1;;;2;3
11;7;20;30;30017;;1;1;RM-B20;0,2;6;19;1;4;;3;4;2;;;5;4
10;3;12;30;30017;;3;2;No inventariada;;9;7;2;;;1;1;1;;;1;998
10;4;18;30;30017;;3;2;No inventariada;;9;7;2;;;1;1;1;;;1;998
12;7;10;30;30017;;3;2;No inventariada;;9;7;2;;;1;1;1;;;1;998
4;5;11;30;30018;;1;1;RM-533;6,892;6;2;1;5;RM-B9;1;1;1;;;1;1
9;5;13;30;30018;;1;1;RM-533;4,463;6;10;2;;;1;1;1;;;1;1
9;5;21;30;30018;;3;2;No inventariada;;9;2;1;2;;1;3;1;;;18;998
10;6;21;30;30018;;3;2;No inventariada;;9;9;2;;;1;5;1;;;1;998
1;1;13;30;30019;;3;2;No inventariada;;9;2;1;2;;1;1;1;;;1;998
2;4;18;30;30019;;1;1;No inventariada;4;10;18;2;;;1;2;1;;;1;1
3;2;13;30;30019;;1;1;RM-532;0,9;6;1;2;;;3;1;2;;;12;2
4;2;21;30;30019;;1;1;N-301;357,4;6;1;2;;;1;6;1;;;1;1
4;2;13;30;30019;;1;1;A-30;102,3;3;4;2;;;1;1;1;;;1;1
1;3;19;30;30019;;3;2;No inventariada;;9;7;1;1;;1;3;1;;;1;998
2;7;11;30;30019;;3;2;No inventariada;;9;2;1;1;;1;1;1;;;2;998
2;5;20;30;30019;;3;2;No inventariada;;9;20;2;;;3;4;3;;;1;998
2;7;22;30;30019;;3;2;No inventariada;;9;2;1;1;;3;4;3;;;1;998
2;5;10;30;30019;;3;2;No inventariada;;9;4;2;;;1;1;1;;;1;998
3;1;16;30;30019;;3;2;No inventariada;;9;1;1;2;;1;1;1;;;1;998
3;4;20;30;30019;;3;2;No inventariada;;9;4;1;1;;1;3;1;;;1;998
4;4;18;30;30019;;3;2;No inventariada;;9;16;2;;;1;1;1;;;1;998
3;5;22;30;30019;;3;2;No inventariada;;9;12;2;;;1;4;1;;;1;998
4;6;17;30;30019;;3;2;No inventariada;;9;16;1;1;;1;1;1;;;1;998
4;4;7;30;30019;;3;2;No inventariada;;9;1;2;;;1;3;1;;;1;998
4;3;18;30;30019;;3;2;No inventariada;;9;4;2;;;1;1;1;;;1;998
5;5;7;30;30019;;1;1;A-30;99,75;3;4;2;;;1;1;1;;;1;1
5;6;12;30;30019;;3;2;No inventariada;;7;12;2;;;1;1;1;;;1;998
5;7;15;30;30019;;3;2;No inventariada;;9;2;1;1;;1;1;1;;;2;998
5;2;14;30;30019;;1;1;CARRETERA;1;10;12;2;;;1;1;1;;;1;2
5;6;21;30;30019;;3;2;No inventariada;;9;2;1;1;;1;4;1;;;1;998
5;2;15;30;30019;;1;1;CAMINO LA;1;10;1;2;;;1;1;1;;;18;3
5;4;16;30;30019;;3;2;No inventariada;;9;4;2;;;1;1;1;;;1;998
5;2;19;30;30019;;3;2;No inventariada;;9;1;1;2;;1;1;1;;;6;998
5;3;6;30;30019;;3;2;No inventariada;;9;2;1;1;;1;1;1;;;1;998
6;7;21;30;30019;;3;2;No inventariada;;9;2;1;3;;1;3;1;;;1;998
5;1;20;30;30019;;3;2;No inventariada;;9;7;1;1;;1;1;1;;;1;998
4;4;14;30;30019;;3;2;No inventariada;;9;1;1;1;;1;1;1;;;1;998
6;5;14;30;30019;;3;2;No inventariada;;9;20;2;;;1;1;1;;;1;998
6;1;6;30;30019;;3;2;No inventariada;;9;2;1;1;;1;4;1;;;1;998
6;1;13;30;30019;;3;2;No inventariada;;9;7;2;;;1;1;1;;;9;998
6;4;22;30;30019;;1;1;N-301;357;6;8;2;;;1;6;1;;;1;1
7;3;21;30;30019;;1;1;A-30;101,5;3;14;2;;;1;2;1;;;1;1
6;6;18;30;30019;;3;2;No inventariada;;9;6;2;;;1;1;1;;;1;998
7;5;14;30;30019;;3;2;No inventariada;;9;4;2;;;1;1;1;;;1;998
6;5;19;30;30019;;3;2;No inventariada;;9;2;1;2;;1;1;1;;;9;998
6;2;16;30;30019;;3;2;No inventariada;;9;10;2;;;1;1;1;;;1;998
7;3;13;30;30019;;3;2;No inventariada;;9;2;1;3;;1;1;1;;;1;998
7;5;19;30;30019;;3;2;No inventariada;;9;7;2;;;1;1;1;;;1;998
8;4;16;30;30019;;1;1;A-30;86,418;3;4;2;;;1;1;1;;;1;1
8;7;21;30;30019;;3;2;No inventariada;;9;3;2;;;1;4;1;;;1;998
8;5;13;30;30019;;3;2;No inventariada;;9;4;2;;;1;1;1;;;1;998
9;1;3;30;30019;;1;1;A-30;103,3;3;5;2;;;1;6;1;;;5;1
9;6;11;30;30019;;1;1;RM-512;2,5;6;2;2;;;1;1;1;;;1;2
8;5;16;30;30019;;3;2;No inventariada;;9;2;2;;;1;1;1;;;12;998
9;1;12;30;30019;;3;2;No inventariada;;9;4;2;;;1;1;1;;;1;998
8;6;17;30;30019;;3;2;No inventariada;;9;2;1;1;;1;1;1;;;1;998
9;6;16;30;30019;;3;2;No inventariada;;9;2;1;1;;1;1;1;;;1;998
9;3;13;30;30019;;3;2;No inventariada;;9;2;1;2;;1;1;1;;;1;998