MES;DIA_SEMANA;HORA;COD_PROVINCIA;COD_MUNICIPIO;ISLA;ZONA;ZONA_AGRUPADA;CARRETERA;KM;TIPO_VIA;TIPO_ACCIDENTE;NUDO;NUDO_INFO;CARRETERA_CRUCE;CONDICION_FIRME;CONDICION_ILUMINACION;CONDICION_METEO;CONDICION_NIEBLA;CONDICION_VIENTO;VISIB_RESTRINGIDA_POR;TRAZADO_PLANTA
9;1;13;30;30019;;3;2;No inventariada;;9;7;2;;;1;1;1;;;9;998
9;1;11;30;30019;;3;2;No inventariada;;9;7;2;;;1;1;1;;;1;998
11;3;14;30;30019;;1;1;A-30;95,406;3;4;2;;;1;1;1;;;1;1
10;4;20;30;30019;;3;2;No inventariada;;9;2;1;1;;1;4;1;;;1;998
11;7;20;30;30019;;3;2;No inventariada;;9;1;1;2;;1;4;1;;;1;998
11;5;18;30;30019;;3;2;No inventariada;;9;4;2;;;1;2;1;;;1;998
12;6;12;30;30019;;3;2;No inventariada;;9;2;1;2;;1;1;1;;;1;998
12;4;18;30;30019;;1;1;A-30;92,3;3;4;2;;;1;2;1;;;1;2
12;6;15;30;30019;;3;2;No inventariada;;9;2;1;1;;1;1;1;;;1;998
12;4;18;30;30019;;1;1;A-30;90,8;3;7;2;;;1;6;2;;;1;1
2;2;17;30;30020;;1;1;T-423;5,434;6;18;2;;;1;1;1;;;1;1
2;5;17;30;30020;;1;1;RM-423;8,377;6;19;2;;;1;1;1;;;1;2
4;1;18;30;30020;;1;1;RM-423;12,5;6;10;1;4;;7;1;1;;;1;2
4;5;12;30;30020;;1;1;RM-411;12,35;6;1;2;;;1;1;1;;;1;3
5;6;18;30;30020;;1;1;RM-A5;1,8;6;19;2;;;1;1;1;;;1;2
6;6;12;30;30020;;1;1;RM-A17;2,6;6;1;2;;;1;1;1;;;1;2
8;6;16;30;30020;;1;1;RM-423;8,85;6;15;2;;;1;1;1;;;1;1
9;7;2;30;30020;;1;1;RM-423;9;6;14;2;;;1;5;2;;;1;1
10;4;7;30;30020;;1;1;RM-423;10;6;5;1;2;;1;1;1;;;1;1
12;1;11;30;30001;;1;1;RM-423;22,024;6;10;2;;;1;1;1;;;1;1
1;2;7;30;30030;;1;1;A-30;171,1;3;5;2;;;1;6;1;;;1;1
2;2;7;30;30016;;1;1;RM-E21;1,6;6;3;2;;;1;1;1;;;1;1
4;4;14;30;30021;;1;1;RM-602;15,9;6;2;1;2;;1;1;1;;;1;1
4;1;23;30;30021;;1;1;RM-2;26,798;3;14;2;;;3;6;3;;;1;1
1;4;11;30;30021;;3;2;No inventariada;;9;2;1;4;;1;1;1;;;1;998
1;5;14;30;30021;;3;2;No inventariada;;9;2;1;1;;1;1;1;;;1;998
2;2;18;30;30021;;3;2;No inventariada;;9;2;1;2;;1;4;1;;;1;998
6;1;17;30;30021;;1;1;RM-602;14,04;6;2;1;1;;1;1;1;;;1;1
6;4;12;30;30021;;1;1;RM-2;15,5;3;14;2;;;1;1;1;;;1;1
7;1;12;30;30021;;1;1;RM-602;19,228;6;2;2;;;1;1;1;;;1;1
7;4;22;30;30008;;1;1;RM-515;18,02;6;16;2;;;1;6;1;;;1;2
8;5;22;30;30021;;1;1;RM-602;16,2;6;4;2;;;1;6;1;;;1;1
8;4;8;30;30021;;1;1;RM-E12;3,053;6;1;2;;;1;1;1;;;1;1
7;4;14;30;30021;;3;2;No inventariada;;9;16;2;;;1;1;1;;;1;998
4;4;19;30;30021;;3;2;No inventariada;;9;16;1;1;;1;1;1;;;1;998
6;1;11;30;30021;;3;2;No inventariada;;9;2;1;4;;1;1;1;;;1;998
6;5;22;30;30021;;3;2;No inventariada;;9;7;2;;;1;1;1;;;1;998
8;4;18;30;30021;;3;2;No inventariada;;9;16;2;;;1;1;1;;;1;998
8;5;9;30;30021;;3;2;No inventariada;;9;7;1;2;;1;1;7;;;1;998
6;7;11;30;30021;;3;2;No inventariada;;9;7;2;;;1;1;1;;;1;998
6;7;11;30;30021;;3;2;No inventariada;;9;2;1;1;;1;1;1;;;1;998
9;1;18;30;30021;;3;2;No inventariada;;9;1;1;2;;1;1;1;;;1;998
9;6;7;30;30021;;1;1;RM-E15;4,6;6;4;2;;;1;2;1;;;1;1
9;7;18;30;30021;;1;1;No inventariada;9;10;2;1;1;;1;1;1;;;1;1
10;5;11;30;30021;;1;1;RM-E11;8,7;6;1;2;;;1;1;1;;;1;3
11;2;10;30;30021;;1;1;RM-602;18,5;6;2;1;1;;1;1;1;;;4;1
11;5;22;30;30016;;1;1;AP-7;822,5;1;19;2;;;1;6;1;;;1;1
11;5;7;30;30021;;1;1;CARRETERA;0,1;6;14;2;;;3;2;1;;;1;3
9;5;19;30;30021;;3;2;No inventariada;;9;7;1;2;;1;1;1;;;1;998
7;4;21;30;30021;;3;2;No inventariada;;9;2;1;1;;1;2;1;;;1;998
9;6;21;30;30021;;3;2;No inventariada;;9;16;2;;;1;4;1;;;1;998
9;1;17;30;30021;;3;2;No inventariada;;9;2;1;1;;1;1;1;;;1;998
11;5;17;30;30021;;3;2;No inventariada;;9;1;1;2;;1;3;1;;;1;998
11;7;20;30;30021;;3;2;No inventariada;;9;16;1;1;;1;4;1;;;1;998
12;2;9;30;30016;;1;1;No inventariada;1;10;2;2;;;1;1;1;;;1;3
1;6;20;30;30022;;1;1;A-33;31,4;3;3;2;;;1;6;1;;;1;1
2;5;20;30;30022;;1;1;RM-427;3,139;6;14;2;;;3;6;3;;;18;2
2;7;6;30;30022;;1;1;A-33;30,8;3;4;2;;;1;6;1;;;1;1
3;6;2;30;30022;;1;1;RM-403;6,5;6;14;2;;;1;6;1;;;1;2
3;6;22;30;30022;;1;1;RM-404;25,8;6;19;2;;;1;6;1;;;18;2
3;2;14;30;30022;;1;1;N-344;65,9;6;14;2;;;1;1;2;;;1;1
4;1;22;30;30022;;1;1;A-33;22,4;3;5;2;;;3;6;3;;;1;1
2;5;20;30;30022;;3;2;No inventariada;;9;7;1;2;;1;4;1;;;1;998
2;7;19;30;30022;;3;2;No inventariada;;9;2;1;2;;1;4;1;;;1;998
2;7;4;30;30022;;3;2;No inventariada;;9;2;1;2;;1;4;1;;;1;998
3;5;12;30;30022;;3;2;No inventariada;;9;7;1;2;;1;1;1;;;1;998
6;2;15;30;30022;;1;1;RM-403;2,071;6;2;2;;;1;1;1;;;1;1
7;5;13;30;30022;;1;1;A-33;34;3;12;2;;;1;1;1;;;1;1
7;1;12;30;30022;;1;1;N-344;68,25;6;1;2;;;1;1;1;;;1;1
7;1;7;30;30022;;1;1;N-344;78;6;7;2;;;1;2;1;;;6;1
7;6;4;30;30022;;1;1;A-33;36,85;3;20;2;;;1;6;1;;;1;1
7;3;9;30;30022;;1;1;A-33;17,3;3;13;2;;;1;1;1;;;1;1
9;7;7;30;30022;;1;1;N-344;65,5;6;1;2;;;3;1;3;;;1;1
5;5;11;30;30022;;3;2;No inventariada;;9;7;1;2;;1;1;1;;;1;998
6;3;14;30;30022;;3;2;No inventariada;;9;2;1;2;;1;1;1;;;1;998
6;7;18;30;30022;;3;2;No inventariada;;9;2;1;2;;1;1;1;;;1;998
6;5;18;30;30022;0;3;2;No inventariada;;9;2;1;2;;1;1;1;;;1;998
6;6;6;30;30022;;3;2;No inventariada;;9;2;1;2;;1;1;1;;;1;998
6;6;19;30;30022;;3;2;No inventariada;;9;7;1;1;;1;1;1;;;1;998
7;6;5;30;30022;;3;2;No inventariada;;9;2;1;2;;1;4;1;;;1;998
7;1;15;30;30022;;3;2;No inventariada;;9;1;1;4;;1;1;1;;;1;998
7;4;22;30;30022;;3;2;No inventariada;;9;10;2;;;1;4;1;;;1;998
8;4;19;30;30022;;3;2;No inventariada;;9;7;2;;;1;1;1;;;1;998
9;7;8;30;30022;;1;1;RM-428;13,1;6;13;2;;;1;1;1;;;1;2
10;6;9;30;30022;;1;1;N-344;61,8;6;16;1;4;N-344;1;1;1;;;18;2
10;5;12;30;30043;;1;1;A-33;44,853;3;17;2;;;1;1;1;;;1;1
12;6;8;30;30022;;1;1;N-344;70,1;6;4;2;;;1;1;1;;;6;1
12;3;5;30;30022;;1;1;RM-714;6,9;6;14;2;;;1;2;1;;;1;2
1;4;19;30;30023;;1;1;A-7;587,6;3;5;2;;;1;2;1;;;1;1
3;1;9;30;30023;;1;1;A-7;594;3;4;2;;;1;1;1;;;1;1
6;6;13;30;30023;;1;1;A-7;594,2;3;4;2;;;1;1;1;;;18;1
6;6;14;30;30023;;1;1;RM-604;0,4;6;16;2;;;1;1;1;;;1;1
7;5;10;30;30023;;1;1;RM-C2;27,065;6;1;1;1;;1;1;1;;;18;3
8;5;18;30;30023;;1;1;A-7;593,6;3;4;2;;;1;1;1;;;18;1
8;6;10;30;30023;;1;1;A-7;591,1;7;10;2;;;8;1;1;;;1;1
8;5;15;30;30023;;1;1;A-7;586,75;3;18;2;;;1;1;1;;;1;1
10;4;7;30;30023;;1;1;A-7;591,517;3;12;2;;;1;6;1;;;1;1
10;5;14;30;30023;;1;1;A-7;588,51;3;4;2;;;1;1;1;;;18;1
1;3;16;30;30024;;1;1;RM-621;0,7;6;2;1;4;;1;1;1;;;1;1
1;5;14;30;30024;;1;1;N-340a;588,6;6;10;1;4;;1;1;2;;;1;1
1;1;12;30;30024;;1;1;RM-620;13,5;6;3;2;;;1;1;1;;;1;1
1;2;10;30;30024;;3;2;No inventariada;;9;16;2;;;1;1;1;;;1;998
1;2;8;30;30024;;1;1;RM-D11;2,6;6;3;2;;;1;1;1;;;1;1
1;2;10;30;30024;;1;1;RM-D11;3,3;6;2;1;1;;1;1;1;;;1;1
1;3;15;30;30024;;1;1;RM-11;1,6;7;7;1;2;;1;1;1;;;1;1
1;4;8;30;30024;;3;2;No inventariada;;9;2;2;;;1;1;1;;;1;998
1;4;17;30;30024;;1;1;CAMINO CAS;1;10;12;2;;;1;1;1;;;1;3
1;2;7;30;30024;;1;1;A-7;639,5;3;6;2;;;1;2;1;;;1;1
2;6;22;30;30024;;1;1;RM-621;10;5;13;2;;;1;6;1;;;18;2
2;1;17;30;30024;;1;1;RM-D11;3,72;6;19;2;;;1;1;1;;;1;2
2;2;14;30;30024;;1;1;RM-D3;3,609;6;18;2;;;1;1;1;;;1;1
2;5;22;30;30024;;1;1;No inventariada;2,653;10;4;1;1;;1;4;1;;;1;1
2;2;19;30;30024;;1;1;RM-D10;10,8;6;7;1;2;;1;4;1;;;1;2
2;4;20;30;30024;;3;2;No inventariada;;9;7;2;;;1;4;1;;;9;998
3;6;13;30;30024;;1;1;RM-D10;5,1;6;18;2;;;3;1;3;;;1;1
3;5;15;30;30024;;3;2;No inventariada;;9;2;2;;;1;1;1;;;18;998
3;2;8;30;30024;;1;1;C. VEREDA;2,5;10;2;1;2;;1;1;1;;;1;1
3;3;16;30;30024;;1;1;RM-D7;5,575;6;2;1;2;;1;1;1;;;1;1
3;5;23;30;30024;;3;2;No inventariada;;9;4;2;;;1;4;1;;;1;998
3;1;12;30;30024;;3;2;No inventariada;;9;4;2;;;1;1;1;;;1;998
3;1;13;30;30024;;3;2;No inventariada;;9;3;2;;;1;1;1;;;1;998
4;4;19;30;30024;;1;1;CNO. SELVA;2,5;10;2;2;;;1;1;1;;;1;1
4;7;12;30;30024;;1;1;CAMINO REA;6;14;19;2;;;1;1;1;;;1;1
4;1;9;30;30024;;1;1;RM-11;3,148;5;4;1;1;RM-D10;1;1;1;;;1;1
3;3;20;30;30024;;3;2;No inventariada;;9;2;2;;;1;4;1;;;1;998
4;6;11;30;30024;;1;1;RM-11;10;5;12;2;;;1;1;1;;;4;2
4;1;15;30;30024;;1;1;A-7;622,1;3;4;2;;;1;1;1;;;1;1
4;2;17;30;30024;;1;1;RM-620;2,456;6;2;1;4;;1;1;1;;;1;1
4;4;11;30;30024;;1;1;RM-620;7,96;6;2;2;;;1;1;1;;;1;1
4;7;8;30;30024;;1;1;RM-701;11,3;6;13;2;;;1;1;1;;;1;2
4;5;18;30;30024;;1;1;A-7;641,236;3;4;2;;;1;1;1;;;1;1
4;7;11;30;30024;;1;1;No inventariada;3;10;14;2;;;3;1;3;;;1;1
4;2;5;30;30024;;1;1;RM-11;5,5;5;16;2;;;3;6;3;;;1;1
5;4;19;30;30024;;1;1;RM-D10;11,8;6;20;2;;;1;1;1;;;1;1
5;5;19;30;30024;;1;1;A-7;627,6;3;4;2;;;1;1;1;;;1;1
5;7;20;30;30024;;1;1;No inventariada;1,6;10;18;2;;;1;1;1;;;1;3
5;3;6;30;30024;;1;1;RM-711;47,526;6;4;2;;;1;2;1;;;1;1
5;4;16;30;30024;;1;1;A-7;630,2;3;4;2;;;1;1;1;;;1;1
5;5;14;30;30024;;1;1;RM-D17;6,65;6;2;1;2;;1;1;1;;;1;1
4;5;9;30;30024;;3;2;No inventariada;;9;7;2;;;1;1;1;;;1;998
4;5;20;30;30024;;3;2;No inventariada;;9;7;2;;;1;1;1;;;1;998
5;2;7;30;30024;;1;1;CV;1,3;10;2;1;2;;1;1;1;;;1;1
5;3;15;30;30024;;1;1;N-340a;604;6;2;1;4;;1;1;1;;;12;1
5;3;14;30;30024;;1;1;RM-D8;3,624;6;2;1;4;;1;1;1;;;2;1
5;3;15;30;30024;;1;1;MOLINO DE;5;10;10;2;;;1;1;1;;;1;1
5;5;10;30;30024;;3;2;No inventariada;;9;20;2;;;1;1;1;;;1;998
5;7;22;30;30024;;1;1;CAMINO;3,6;10;16;2;;;1;6;1;;;1;3
5;3;6;30;30024;;1;1;RM-711;17,407;6;4;1;2;;1;6;1;;;1;1
5;5;18;30;30024;;1;1;RM-11;1,9;5;2;1;1;;1;1;1;;;1;1
6;5;6;30;30024;;1;1;A-7;637;3;4;2;;;1;2;1;;;1;1
6;4;18;30;30024;;1;1;RM-D8;6,27;6;4;2;;;1;1;1;;;1;1
6;5;18;30;30024;;1;1;A-7;621,045;3;5;2;;;1;1;1;;;1;1
6;5;19;30;30024;;1;1;A-7;620,986;3;5;2;;;1;1;1;;;1;1
6;3;8;30;30024;;1;1;No inventariada;4;10;10;2;;;1;1;1;;;1;1
6;3;19;30;30024;;1;1;No inventariada;1;10;19;2;;;1;1;1;;;1;1
6;3;19;30;30024;;1;1;RM-621;0,729;6;2;2;;;1;1;1;;;1;1
7;3;7;30;30024;;1;1;RM-C14;3,5;6;18;2;;;1;1;1;;;1;1
7;2;13;30;30024;;1;1;RM-701;2;6;2;1;2;;1;1;1;;;4;4
7;5;10;30;30024;;3;2;No inventariada;;9;2;1;4;;1;1;1;;;1;998
7;4;6;30;30024;;1;1;RM-11;12,5;5;6;2;;;1;6;1;;;1;3
7;4;23;30;30024;;1;1;RM-11;7,3;5;12;2;;;1;6;1;;;1;3
7;2;18;30;30024;;1;1;RM-C15;3,2;6;18;2;;;1;1;1;;;1;1
7;3;15;30;30024;;1;1;RM-11;12,6;5;17;2;;;1;1;1;;;1;1
7;4;14;30;30024;;1;1;CAMINO PUE;3;10;12;2;;;1;1;1;;;1;1
7;5;21;30;30024;;1;1;CAMINO FEL;0,9;10;12;2;;;1;6;1;;;1;1
7;3;6;30;30024;;1;1;AP-7;860,006;1;4;2;;;1;2;1;;;1;1
8;5;22;30;30024;;1;1;No inventariada;1;10;15;2;;;2;4;1;;;1;1
8;6;8;30;30024;;1;1;RM-11;3,2;5;4;1;5;RM-D10;1;1;1;;;1;1
8;7;9;30;30024;;1;1;CAMINO DE;2,5;10;12;2;;;1;1;1;;;1;1
8;1;10;30;30024;;1;1;RM-11;13,9;5;4;2;;;1;1;1;;;1;1
8;7;11;30;30024;;1;1;RM-D20;9,2;6;10;2;;;2;1;1;;;1;2
8;1;13;30;30024;;1;1;RM-11;3,2;5;4;1;5;RM-D10;1;1;1;;;1;1
7;1;21;30;30024;;3;2;No inventariada;;9;10;2;;;1;4;1;;;1;998
8;3;18;30;30024;;1;1;A-7;640;3;2;2;;;1;1;1;;;1;1
8;6;17;30;30024;;1;1;RM-D10;9,4;6;1;2;;;1;1;1;;;1;1
9;1;13;30;30024;;1;1;A-7;623;3;4;2;;;1;1;1;;;1;1
9;4;17;30;30024;;1;1;CABALGADOR;1,5;10;3;2;;;1;1;1;;;1;1
9;4;22;30;30024;;1;1;RM-620;18,1;6;4;2;;;1;6;1;;;1;1
9;3;14;30;30024;;1;1;RM-D7;5,6;6;16;2;;;1;1;1;;;9;1
9;7;2;30;30024;;1;1;RM-D7;0,6;6;12;1;4;;1;4;1;;;1;2
9;6;19;30;30024;;1;1;RM-711;36,2;6;2;2;;;1;6;1;;;8;1
10;4;17;30;30024;;1;1;A-7;620,709;3;10;2;;;1;1;1;;;1;1
10;7;6;30;30024;;1;1;RM-620;7,1;6;19;2;;;1;6;1;;;1;1
10;1;15;30;30024;;1;1;RM-11;3,2;5;4;1;5;RM-D10;1;1;1;;;1;1
10;6;12;30;30024;;3;2;No inventariada;;9;4;2;;;1;1;1;;;1;998
10;6;14;30;30024;;3;2;No inventariada;;9;2;1;6;;1;1;1;;;1;998
10;6;22;30;30024;;3;2;No inventariada;;9;3;1;2;;1;4;1;;;1;998
10;1;20;30;30024;;1;1;RM-11;1,817;5;16;2;;;3;4;4;;;5;1
10;3;7;30;30024;;3;2;No inventariada;;9;15;2;;;1;6;2;;;1;998
10;4;1;30;30024;;1;1;CAMINO DE;1;10;16;2;;;1;6;1;;;1;1
10;4;9;30;30024;;1;1;RM-D11;2,5;6;2;1;2;Cº VIEJO P;1;1;1;;;1;2
10;1;18;30;30033;;1;1;A-7;647,25;3;7;2;;;1;2;1;;;1;1
10;2;13;30;30024;;1;1;RM-621;9,527;6;2;1;2;;1;1;2;;;1;1
11;6;17;30;30024;;1;1;RM-D7;2,835;6;10;2;;;1;1;1;;;1;1
11;3;14;30;30024;;1;1;CMNO DE VI;0,6;6;4;2;;;1;1;1;;;2;1
11;6;14;30;30024;;3;2;No inventariada;;9;2;1;4;;1;1;1;;;1;998
11;2;7;30;30024;;1;1;RM-D3;4,153;6;2;1;2;;1;1;1;;;1;1
11;2;14;30;30024;;1;1;RM-D11;6,675;6;4;1;2;;1;1;1;;;1;1
11;3;7;30;30024;;1;1;A-7;628,624;3;4;2;;;1;2;1;;;1;1
11;5;8;30;30024;;1;1;No inventariada;0,08;10;1;2;;;1;1;1;;;1;3
11;6;20;30;30024;;1;1;N-340a;586;6;7;2;;;1;4;1;;;1;1
12;1;9;30;30024;;1;1;RM-711;39,2;6;14;2;;;1;1;1;;;1;1
12;1;18;30;30024;;1;1;RM-620;14,896;6;16;2;;;1;2;1;;;1;1
12;5;18;30;30024;;1;1;RM-D10;3,241;6;1;1;1;;1;6;1;;;12;1
12;6;13;30;30024;;1;1;RM-11;1,788;5;12;2;;;1;1;1;;;9;1
12;6;0;30;30024;;3;2;No inventariada;;9;7;2;;;1;4;1;;;1;998
12;6;12;30;30024;;1;1;RM-D17;6,3;6;1;2;;;1;1;1;;;1;2
12;6;5;30;30024;;1;1;RM-11;5,5;5;12;1;12;RM-621;1;6;1;;;1;1
12;1;17;30;30024;;3;2;No inventariada;;9;16;2;;;1;1;1;;;1;998
2;5;21;30;30025;;1;1;A-30;124,218;3;20;2;;;8;6;1;;;18;1
4;1;10;30;30025;;3;2;No inventariada;;9;3;1;2;;1;1;1;;;18;998
8;4;9;30;30025;;1;1;RM-B33;2,18;6;3;1;4;;1;1;1;;;1;3
7;5;9;30;30025;;3;2;No inventariada;;9;7;2;;;1;1;1;;;1;998
9;2;16;30;30025;;1;1;RM-B33;2,162;6;10;1;4;RM-B8;8;1;1;;;1;2
10;3;7;30;30025;;1;1;RM-B33;1,37;6;12;2;;;1;3;1;;;1;1
10;1;7;30;30025;;1;1;RM-554;0,48;6;4;2;;;1;2;1;;;1;1
12;1;13;30;30025;;1;1;RM-B33;0,073;6;4;2;;;1;1;1;;;1;1
1;7;10;30;30026;;1;1;RM-332;31;6;3;2;;;1;1;2;;;4;2
1;6;12;30;30026;;1;1;N-332;45,5;6;15;2;;;1;1;1;;;1;2
2;2;20;30;30026;;1;1;RM-332;38,656;6;12;2;;;1;6;1;;;1;2
2;4;7;30;30026;;1;1;RM-332;30,1;6;16;2;;;1;1;1;;;1;1
3;3;16;30;30026;;3;2;No inventariada;;9;2;1;2;;1;1;1;;;1;998
2;6;0;30;30026;;3;2;No inventariada;;9;2;1;2;;1;4;1;;;1;998
5;6;19;30;30026;;1;1;RM-D6;3,14;6;1;2;;;1;1;1;;;1;2
6;3;14;30;30026;;1;1;RM-D4;1,8;6;1;2;;;1;1;1;;;1;1
7;4;23;30;30026;;1;1;RM-E22;18,45;6;15;2;;;1;6;1;;;1;2
7;5;17;30;30026;;1;1;AP-7;854,4;1;4;2;;;1;1;1;;;1;1
8;3;7;30;30026;;1;1;CAMINO DE;0,8;10;20;2;;;1;2;1;;;1;1
7;7;17;30;30026;;3;2;No inventariada;;9;2;1;1;;1;1;1;;;1;998
8;2;9;30;30026;;3;2;No inventariada;;9;2;1;2;;1;1;1;;;1;998
9;7;8;30;30026;;1;1;RM-3;13,3;3;18;2;;;1;1;1;;;1;1
9;7;17;30;30026;;1;1;RM-E22;18,316;6;3;2;;;1;1;1;;;1;2
10;2;12;30;30026;;1;1;RM-332;47,05;6;2;2;;;1;1;1;;;1;2
10;5;22;30;30024;;1;1;RM-D21;6,748;6;2;2;;;2;6;1;;;1;1
11;2;17;30;30026;;1;1;PROLOG. CA;0,108;10;7;2;;;1;2;1;;;1;1
11;5;20;30;30026;;3;2;No inventariada;;9;2;1;2;;1;4;1;;;1;998
11;5;11;30;30026;;3;2;No inventariada;;9;7;2;;;1;1;1;;;1;998
10;1;20;30;30026;;3;2;No inventariada;;9;7;2;;;3;4;4;;;5;998
1;1;15;30;30027;;1;1;A-30;128;3;3;2;;;1;1;1;;;1;2
1;4;22;30;30027;;3;2;No inventariada;;9;2;2;;;1;4;1;;;1;998
2;6;23;30;30027;;3;2;No inventariada;;9;7;2;;;1;4;1;;;1;998
2;1;8;30;30025;;1;1;A-30;124,38;3;4;2;;;1;1;1;;;1;1
2;3;10;30;30027;;3;2;No inventariada;;9;7;1;1;;1;1;1;;;1;998
2;2;15;30;30027;;3;2;No inventariada;;9;7;1;2;;1;1;1;;;6;998
2;6;6;30;30027;;1;1;RM-A5;11,1;8;3;1;4;RM-A5;1;4;1;;;1;2
2;6;20;30;30027;;3;2;No inventariada;;9;7;1;2;;1;3;1;;;1;998
2;4;17;30;30027;;3;2;No inventariada;;9;2;1;1;;1;1;1;;;1;998
2;7;11;30;30027;;3;2;No inventariada;;9;4;1;1;;1;1;1;;;1;998
3;7;13;30;30027;;3;2;No inventariada;;9;2;1;4;;1;1;1;;;1;998
3;5;15;30;30027;;1;1;A-30;128,437;3;4;2;;;1;1;1;;;1;1
3;5;14;30;30027;;3;2;No inventariada;;9;2;1;4;;1;1;1;;;1;998
4;1;17;30;30027;;3;2;No inventariada;;9;2;1;1;;1;1;1;;;1;998
4;3;23;30;30027;;1;1;RM-A5;5;6;15;2;;;1;6;1;;;18;2
4;6;18;30;30027;;1;1;A-30;121,1;3;9;1;10;RM-554;1;1;1;;;1;1
4;5;17;30;30027;;3;2;No inventariada;;9;3;1;4;;1;1;1;;;1;998
4;2;10;30;30027;;1;1;A-30;128;3;19;1;12;RM-A5;3;1;3;;;1;2
4;2;13;30;30027;;3;2;No inventariada;;9;4;2;;;1;1;1;;;1;998
5;6;9;30;30027;;1;1;N-301;381;5;2;1;4;;1;1;1;;;1;1
3;2;14;30;30027;;3;2;No inventariada;;9;2;1;1;;1;1;1;;;1;998
5;5;8;30;30027;;3;2;No inventariada;;9;2;1;4;;1;1;1;;;1;998
5;2;21;30;30027;;2;2;N-301;381;5;19;1;4;N-301;1;3;1;;;1;2
5;3;14;30;30027;;1;1;A-30;132,121;3;5;2;;;1;1;1;;;1;1
5;4;6;30;30027;;1;1;A-30;126,5;3;4;2;;;1;2;1;;;1;1
5;4;6;30;30027;;1;1;A-30;126;3;5;2;;;1;2;1;;;1;1
5;5;23;30;30027;;3;2;No inventariada;;9;2;1;2;;1;4;1;;;1;998
5;4;16;30;30027;;3;2;No inventariada;;9;7;2;;;1;1;1;;;1;998
6;3;19;30;30027;;1;1;A-30;130;3;12;1;12;;3;1;3;;;1;2
6;2;18;30;30027;;3;2;No inventariada;;9;2;1;4;;1;1;1;;;1;998
6;2;8;30;30027;;1;1;A-30;120;3;16;2;;;1;1;1;;;1;2
6;2;19;30;30027;;1;1;A-30;125,9;3;4;2;;;1;1;1;;;18;1
6;4;20;30;30027;;3;2;No inventariada;;9;7;2;;;1;2;1;;;1;998
6;3;12;30;30027;;1;1;A-30;126,7;3;2;1;2;A-30;1;1;1;;;1;1
6;2;16;30;30027;;3;2;No inventariada;;9;2;1;1;;1;1;1;;;1;998
6;2;21;30;30027;;1;1;RM-A5;9,4;5;7;1;4;;1;1;1;;;18;1
7;2;23;30;30027;;3;2;No inventariada;;9;2;1;1;;1;4;1;;;1;998
7;6;10;30;30025;;1;1;RM-B33;0,1;6;4;1;4;A-30;1;1;1;;;1;1
7;2;22;30;30027;;3;2;No inventariada;;9;4;1;4;;1;4;1;;;1;998
7;3;7;30;30027;;1;1;N-301;379,8;5;2;1;4;;1;1;1;;;1;4
7;6;16;30;30027;;1;1;A-30;128,3;3;9;2;;;1;1;1;;;9;1
7;1;6;30;30027;;3;2;No inventariada;;9;7;1;2;;1;3;1;;;1;998
6;4;9;30;30027;;3;2;No inventariada;;9;4;2;;;1;1;1;;;1;998
7;7;6;30;30027;;3;2;No inventariada;;9;6;2;;;1;2;1;;;1;998
8;2;10;30;30027;;3;2;No inventariada;;9;2;1;1;;1;1;1;;;9;998
8;3;15;30;30027;;1;1;RM-411;5,28;6;2;1;1;;1;1;2;;;1;1
8;1;12;30;30027;;1;1;A-30;128;3;4;2;;;1;1;1;;;1;1
8;1;23;30;30027;;3;2;No inventariada;;9;6;2;;;1;4;1;;;1;998
9;6;9;30;30027;;1;1;A-30;125,559;3;4;2;;;1;1;1;;;1;1
9;3;17;30;30027;;3;2;No inventariada;;9;2;1;1;;1;1;1;;;1;998
9;4;7;30;30027;;1;1;A-30;129,3;3;4;2;;;1;1;2;;;1;1
9;2;16;30;30027;;3;2;No inventariada;;9;2;1;4;;1;1;1;;;1;998
10;3;12;30;30027;;3;2;No inventariada;;9;10;2;;;1;1;1;;;1;998
9;4;10;30;30027;;3;2;No inventariada;;9;7;2;;;1;1;1;;;1;998
10;6;17;30;30027;;1;1;A-30;120,85;3;3;2;;;1;1;1;;;1;1
10;4;18;30;30027;;3;2;No inventariada;;9;2;1;1;;1;1;1;;;1;998
10;6;13;30;30027;;1;1;A-30;129,6;3;10;2;;;1;1;1;;;1;1
10;1;16;30;30027;;3;2;No inventariada;;9;2;1;1;;1;1;1;;;1;998
10;4;14;30;30027;;3;2;No inventariada;;9;1;2;;;1;1;1;;;1;998
11;5;13;30;30027;;3;2;No inventariada;;9;2;1;1;;1;1;1;;;1;998
11;3;9;30;30027;;1;1;A-30;131,627;3;4;2;;;1;1;1;;;1;1
11;5;19;30;30027;;3;2;No inventariada;;14;19;2;;;1;6;1;;;1;998
11;2;7;30;30027;;3;2;No inventariada;;9;7;1;2;;1;1;1;;;1;998
11;5;22;30;30027;;3;2;No inventariada;;9;2;1;1;;1;4;1;;;1;998
10;6;9;30;30027;;3;2;No inventariada;;9;7;1;2;;1;1;1;;;1;998
11;6;13;30;30027;;3;2;No inventariada;;14;2;2;;;1;1;1;;;1;998
11;4;16;30;30027;;3;2;No inventariada;;9;2;2;;;1;1;1;;;1;998
12;1;15;30;30027;;1;1;A-30;132,262;3;4;2;;;1;1;1;;;1;1
12;7;14;30;30027;;1;1;RM-A5;4,9;6;19;2;;;1;1;1;;;1;2
12;5;14;30;30027;;1;1;A-30;131,5;3;4;2;;;1;1;1;;;1;1
12;1;7;30;30027;;1;1;A-30;132,7;3;5;2;;;1;2;1;;;1;1
12;1;18;30;30027;;1;1;A-30;128,331;3;5;2;;;1;6;1;;;1;1
4;2;13;30;30028;;1;1;RM-715;18,312;5;4;1;2;;1;1;2;;;1;1
10;2;11;30;30028;;1;1;No inventariada;3;10;16;2;;;2;1;1;1;;1;3
10;6;17;30;30028;;1;1;RM-702;24,3;6;4;2;;;1;1;1;;;1;1
1;2;14;30;30029;;1;1;RM-15;16,95;3;12;2;;;1;1;1;;;1;1
1;6;7;30;30029;;1;1;RM-15;23,4;3;14;2;;;1;6;1;;;1;1
3;1;8;30;30029;;1;1;RM-15;31,75;3;14;2;;;1;1;1;;;1;2
1;5;21;30;30029;;3;2;No inventariada;;9;2;1;1;;1;1;1;;;1;998
1;4;10;30;30029;;1;1;No inventariada;1;4;16;2;;;1;1;1;;;1;1
1;6;11;30;30029;;1;1;No inventariada;10;6;10;2;;;1;1;1;;;1;1
3;5;18;30;30029;;3;2;No inventariada;;9;7;1;1;;1;1;1;;;1;998