MES;DIA_SEMANA;HORA;COD_PROVINCIA;COD_MUNICIPIO;ISLA;ZONA;ZONA_AGRUPADA;CARRETERA;KM;TIPO_VIA;TIPO_ACCIDENTE;NUDO;NUDO_INFO;CARRETERA_CRUCE;CONDICION_FIRME;CONDICION_ILUMINACION;CONDICION_METEO;CONDICION_NIEBLA;CONDICION_VIENTO;VISIB_RESTRINGIDA_POR;TRAZADO_PLANTA
3;4;20;30;30029;;3;2;No inventariada;;9;2;1;4;;1;3;1;;;1;998
4;3;9;30;30029;;2;2;No inventariada;1;9;3;2;;;1;1;1;;;1;1
4;3;10;30;30029;;2;2;No inventariada;1;9;3;1;4;;1;1;1;;;1;1
4;6;13;30;30029;;3;2;No inventariada;;9;7;1;1;;1;1;1;;;1;998
4;4;13;30;30029;;3;2;No inventariada;;9;7;1;1;;1;1;1;;;2;998
5;1;20;30;30029;;3;2;No inventariada;;9;1;2;;;1;2;1;;;1;998
6;6;13;30;30029;;2;2;No inventariada;1;9;4;2;;;1;1;1;;;9;1
7;5;6;30;30029;;1;1;RM-516;4,057;6;19;2;;;1;6;1;;;18;1
7;1;6;30;30029;;1;1;RM-530;11,6;6;2;1;2;;1;2;1;;;1;1
8;3;16;30;30029;;1;1;CAMINO FUE;5;10;18;2;;;2;1;1;;;18;3
9;2;13;30;30029;;1;1;RM-516;4,7;6;1;2;;;1;1;1;;;1;1
8;4;21;30;30029;;2;2;PLIEGO;1;9;2;1;1;;1;3;1;;;2;1
10;4;6;30;30029;;1;1;RM-C1;16,6;6;8;1;2;;1;6;1;;;4;1
10;7;12;30;30029;;1;1;CV PALMA;0,8;10;2;2;;;1;1;1;;;12;1
10;7;1;30;30029;;1;1;RM-C25;1;6;8;2;;;1;6;1;;;1;1
10;7;1;30;30035;;1;1;AP-7;777;2;14;2;;;1;4;1;;;1;1
11;3;7;30;30029;;1;1;RM-530;15,6;6;1;2;;;3;1;4;;;1;2
11;1;8;30;30029;;1;1;RM-516;7,1;6;7;2;;;1;1;1;;;1;1
12;5;5;30;30012;;1;1;RM-15;37,55;3;4;2;;;1;6;1;;;1;1
12;5;22;30;30029;;1;1;RM-516;8;6;19;2;;;1;6;1;;;1;2
10;1;13;30;30029;;3;2;No inventariada;;9;4;1;1;;1;1;1;;;1;998
12;7;7;30;30029;;1;1;RM-515;0,541;6;16;2;;;1;6;1;;;1;1
10;4;20;30;30029;;3;2;No inventariada;;9;2;2;;;1;1;1;;;1;998
1;2;21;30;30030;;3;2;No inventariada;;9;4;2;;;1;4;1;;;1;998
1;3;15;30;30030;;3;2;No inventariada;;9;2;1;2;;1;1;1;;;1;998
1;4;9;30;30030;;3;2;No inventariada;;9;1;1;2;;1;1;1;;;1;998
1;3;19;30;30030;;3;2;No inventariada;;9;4;2;;;1;3;1;;;1;998
1;3;17;30;30030;;3;2;No inventariada;;9;2;2;;;1;4;1;;;1;998
1;3;14;30;30030;;3;2;No inventariada;;9;2;1;1;;1;1;1;;;1;998
1;5;7;30;30030;;3;2;No inventariada;;9;4;2;;;3;4;3;;;1;998
1;2;14;30;30030;;3;2;No inventariada;;9;10;1;1;;1;1;1;;;1;998
1;5;16;30;30030;;3;2;No inventariada;;9;3;1;4;;1;1;1;;1;1;998
1;6;11;30;30030;;3;2;No inventariada;;9;2;2;;;1;1;1;;;1;998
1;5;20;30;30030;;3;2;No inventariada;;9;10;1;2;;1;4;2;;;1;998
1;6;10;30;30030;;3;2;No inventariada;;9;2;1;4;;1;1;1;;;1;998
1;3;13;30;30030;;3;2;No inventariada;;9;2;1;1;;1;1;1;;;1;998
1;7;4;30;30030;;3;2;No inventariada;;9;19;2;;;1;4;1;;;1;998
1;1;15;30;30030;;3;2;No inventariada;;9;4;2;;;1;1;1;;;1;998
1;7;11;30;30030;;3;2;No inventariada;;9;6;2;;;1;1;2;;;1;998
1;1;14;30;30030;;3;2;No inventariada;;9;2;1;1;;1;1;1;;;1;998
1;2;19;30;30030;;3;2;No inventariada;;9;4;2;;;1;3;1;;;1;998
1;6;21;30;30030;;3;2;No inventariada;;9;2;1;2;;1;4;1;;;1;998
1;3;14;30;30030;;3;2;No inventariada;;9;2;1;2;;1;1;1;;;9;998
1;1;0;30;30030;;3;2;No inventariada;;9;2;1;2;;1;4;1;;;1;998
1;7;14;30;30030;;3;2;No inventariada;;9;2;1;1;;1;1;1;;;1;998
1;1;9;30;30030;;3;2;No inventariada;;9;15;2;;;1;1;1;;;1;998
1;2;11;30;30030;;1;1;A-7;575,276;3;3;2;;;1;1;1;;;1;1
1;1;14;30;30030;;3;2;No inventariada;;9;6;1;2;;1;1;1;;;1;998
1;2;15;30;30030;;3;2;No inventariada;;9;4;2;;;1;1;1;;;1;998
1;2;18;30;30030;;3;2;No inventariada;;9;7;1;1;;1;4;1;;;1;998
1;2;20;30;30030;;3;2;No inventariada;;9;4;2;;;1;3;3;;;1;998
1;3;9;30;30030;;3;2;No inventariada;;9;10;1;1;;3;6;3;;;1;998
1;1;13;30;30030;;3;2;No inventariada;;9;2;1;1;;1;1;1;;;1;998
1;1;20;30;30030;;3;2;No inventariada;;9;16;1;2;;1;4;1;;;1;998
1;3;14;30;30030;;3;2;No inventariada;;9;4;2;;;1;1;1;;;1;998
1;3;20;30;30030;;3;2;No inventariada;;9;20;2;;;2;6;2;;;12;998
1;1;21;30;30030;;3;2;No inventariada;;9;1;2;;;1;4;1;;;1;998
1;3;8;30;30030;;3;2;No inventariada;;9;10;1;2;;3;2;3;;;1;998
1;4;10;30;30030;;3;2;No inventariada;;9;2;2;;;1;1;1;;;1;998
1;5;9;30;30030;;3;2;No inventariada;;9;7;1;4;;1;1;1;;;6;998
1;3;13;30;30030;;3;2;No inventariada;;9;4;1;4;;1;1;1;;;1;998
1;4;17;30;30030;;3;2;No inventariada;;9;2;1;1;;1;1;1;;;1;998
1;5;10;30;30030;;3;2;No inventariada;;9;10;1;2;;3;1;3;;;18;998
1;4;10;30;30030;;3;2;No inventariada;;9;2;1;2;;1;1;1;;;1;998
1;3;7;30;30030;;3;2;No inventariada;;9;2;1;2;;3;3;1;1;;1;998
1;1;7;30;30030;;3;2;No inventariada;;9;15;2;;;3;2;1;;;1;998
1;5;20;30;30030;;1;1;A-30;143;3;4;2;;;1;6;1;;;18;1
1;5;20;30;30030;;3;2;No inventariada;;9;2;2;;;1;3;1;;;1;998
1;2;15;30;30030;;3;2;No inventariada;;9;4;2;;;1;1;1;;;1;998
1;6;14;30;30030;;3;2;No inventariada;;9;4;1;2;;1;1;1;;;2;998
1;6;19;30;30030;;1;1;RM-F13;7,75;6;18;2;;;1;6;1;;;1;2
1;6;23;30;30030;;3;2;No inventariada;;9;12;2;;;1;4;1;;;1;998
1;6;20;30;30030;;3;2;No inventariada;;9;2;2;;;1;4;1;;;1;998
1;7;14;30;30030;;3;2;No inventariada;;9;2;1;5;;1;1;1;;;1;998
1;7;5;30;30030;;3;2;No inventariada;;9;2;1;2;;1;4;1;;;1;998
1;6;21;30;30030;;1;1;RM-19;9;7;19;2;;;1;6;1;;;1;1
1;6;17;30;30030;;3;2;No inventariada;;9;20;2;;;1;1;1;;;1;998
1;5;19;30;30030;;3;2;No inventariada;;9;4;2;;;1;3;1;;;1;998
1;5;11;30;30030;;3;2;No inventariada;;9;10;2;;;1;1;1;;;1;998
1;1;9;30;30030;;3;2;No inventariada;;9;2;1;4;;1;1;2;;;1;998
1;1;8;30;30030;;3;2;No inventariada;;9;4;2;;;1;1;1;;;1;998
1;7;12;30;30030;;3;2;No inventariada;;9;7;1;1;;1;1;1;;;1;998
1;7;20;30;30030;;3;2;No inventariada;;9;4;2;;;1;4;1;;;1;998
1;1;22;30;30030;;3;2;No inventariada;;9;10;1;1;;1;4;1;;;1;998
1;1;14;30;30030;;3;2;No inventariada;;9;4;2;;;1;1;1;;;1;998
1;6;11;30;30030;;3;2;No inventariada;;9;4;2;;;1;1;1;;;1;998
1;2;16;30;30030;;3;2;No inventariada;;9;10;2;;;1;1;1;;;1;998
1;7;8;30;30030;;3;2;No inventariada;;9;4;2;;;1;1;1;;;1;998
1;5;21;30;30030;;3;2;No inventariada;;9;2;1;2;;1;4;1;;;1;998
1;2;18;30;30030;;3;2;No inventariada;;9;20;2;;;1;4;1;;;9;998
1;3;12;30;30030;;3;2;No inventariada;;9;2;1;1;;1;1;1;;;1;998
1;3;13;30;30030;;3;2;No inventariada;;9;4;2;;;1;1;1;;;1;998
1;5;13;30;30030;;3;2;No inventariada;;9;2;1;2;;1;1;1;;;1;998
1;2;19;30;30030;;3;2;No inventariada;;9;4;2;;;1;4;1;;;1;998
1;4;9;30;30030;;3;2;No inventariada;;9;2;1;2;;1;1;1;;;1;998
1;5;10;30;30030;;3;2;No inventariada;;9;2;1;2;;1;1;1;;;1;998
1;3;21;30;30030;;3;2;No inventariada;;9;2;1;2;;1;3;1;;;1;998
1;3;18;30;30030;;3;2;No inventariada;;9;7;2;;;1;3;1;;;1;998
1;3;12;30;30030;;3;2;No inventariada;;9;2;1;2;;1;1;1;;;9;998
1;4;23;30;30030;;3;2;No inventariada;;9;19;2;;;1;4;1;;;1;998
1;1;21;30;30030;;3;2;No inventariada;;9;3;1;1;;1;4;1;;;2;998
1;2;13;30;30030;;3;2;No inventariada;;9;2;2;;;1;1;1;;;1;998
1;4;3;30;30030;;3;2;No inventariada;;9;10;1;4;;1;4;1;;;1;998
1;2;11;30;30030;;3;2;No inventariada;;9;2;1;2;;1;1;1;;;1;998
1;1;1;30;30030;;3;2;No inventariada;;9;4;2;;;1;4;1;;;1;998
1;2;9;30;30030;;3;2;No inventariada;;9;1;1;2;;1;1;1;;;2;998
1;6;14;30;30030;;3;2;No inventariada;;9;2;1;1;;1;1;1;;;1;998
1;6;14;30;30030;;3;2;No inventariada;;9;4;1;2;;1;1;2;;;1;998
1;2;22;30;30030;;3;2;No inventariada;;9;15;2;;;3;3;3;;;1;998
1;7;16;30;30030;;3;2;No inventariada;;9;10;2;;;1;1;1;;;1;998
1;7;16;30;30030;;3;2;No inventariada;;9;16;2;;;1;1;1;;;1;998
1;6;4;30;30030;;3;2;No inventariada;;9;6;2;;;1;4;1;;;1;998
1;7;7;30;30030;;3;2;No inventariada;;9;15;1;2;;1;2;1;;;1;998
1;7;1;30;30030;;3;2;No inventariada;;9;10;2;;;1;4;1;;;1;998
1;6;0;30;30030;;3;2;No inventariada;;9;3;1;2;;1;4;1;;;1;998
1;6;14;30;30030;;3;2;No inventariada;;9;2;2;;;1;1;1;;;1;998
1;4;14;30;30030;;3;2;No inventariada;;9;2;1;1;;1;1;1;;;1;998
1;3;14;30;30030;;3;2;No inventariada;;9;2;1;2;;1;1;1;;;1;998
1;1;1;30;30030;;3;2;No inventariada;;9;7;2;;;1;4;1;;;1;998
1;6;12;30;30030;;3;2;No inventariada;;9;7;2;;;1;1;1;;;1;998
1;2;7;30;30030;;3;2;No inventariada;;9;2;2;;;1;2;1;;;1;998
1;5;15;30;30030;;3;2;No inventariada;;9;3;1;4;;1;1;2;;;1;998
1;3;16;30;30030;;3;2;No inventariada;;9;2;1;2;;1;1;1;;;12;998
1;5;16;30;30030;;3;2;No inventariada;;9;4;1;4;;1;1;1;;;1;998
1;6;21;30;30030;;3;2;No inventariada;;9;15;2;;;1;4;2;;;1;998
1;7;15;30;30030;;3;2;No inventariada;;9;8;2;;;1;1;1;;;1;998
1;7;12;30;30030;;3;2;No inventariada;;9;2;1;1;;1;1;1;;;1;998
1;7;7;30;30030;;3;2;No inventariada;;9;2;2;;;1;3;1;;;1;998
1;1;14;30;30030;;3;2;No inventariada;;9;2;1;1;;1;1;1;;;2;998
1;5;10;30;30030;;3;2;No inventariada;;9;2;1;2;;1;1;1;;;1;998
1;2;0;30;30030;;3;2;No inventariada;;9;10;1;4;;1;4;1;;;1;998
1;2;15;30;30030;;3;2;No inventariada;;9;4;2;;;1;1;1;;;1;998
1;2;14;30;30030;;3;2;No inventariada;;9;10;2;;;1;1;1;;;1;998
1;4;11;30;30030;;3;2;No inventariada;;9;10;2;;;1;1;1;;;1;998
1;3;8;30;30030;;3;2;No inventariada;;9;1;1;2;;1;3;1;;;1;998
1;3;15;30;30030;;1;1;A-30;136,819;3;4;2;;;1;1;1;;;1;1
1;3;16;30;30030;;3;2;No inventariada;;9;10;2;;;1;1;1;;;1;998
1;4;8;30;30030;;1;1;A-7;573,635;3;4;2;;;1;1;1;;;1;1
1;1;8;30;30030;;3;2;No inventariada;;9;15;1;1;;1;1;1;;;1;998
1;4;12;30;30030;;1;1;A-30;145,95;3;5;2;;;1;1;1;;;1;4
1;2;1;30;30030;;3;2;No inventariada;;9;19;2;;;1;4;1;;;1;998
1;5;7;30;30030;;3;2;No inventariada;;9;2;1;2;;1;4;1;;;1;998
1;6;20;30;30030;;3;2;No inventariada;;9;2;2;;;1;4;1;;;1;998
1;5;8;30;30030;;3;2;No inventariada;;9;10;1;2;;1;1;1;;;1;998
1;2;16;30;30030;;3;2;No inventariada;;9;2;1;2;;1;1;2;;;1;998
1;5;23;30;30030;;3;2;No inventariada;;9;2;1;2;;1;4;1;;;1;998
1;3;18;30;30030;;3;2;No inventariada;;9;10;2;;;1;1;1;;;1;998
1;6;14;30;30030;;3;2;No inventariada;;9;2;1;1;;1;1;1;;;2;998
1;6;23;30;30030;;3;2;No inventariada;;9;2;1;4;;1;4;1;;;1;998
1;4;14;30;30030;;3;2;No inventariada;;9;2;1;1;;1;1;1;;;1;998
1;6;13;30;30030;;3;2;No inventariada;;9;4;1;4;;1;1;1;;;1;998
1;6;20;30;30030;;3;2;No inventariada;;9;5;1;4;;1;4;1;;;1;998
1;6;14;30;30030;;3;2;No inventariada;;9;2;1;2;;1;1;2;;;1;998
1;3;9;30;30030;;3;2;No inventariada;;9;10;1;1;;2;1;1;;;1;998
1;1;15;30;30030;;3;2;No inventariada;;9;10;2;;;1;1;1;;;1;998
1;4;9;30;30030;;3;2;No inventariada;;9;4;1;2;;1;1;1;;;1;998
1;1;18;30;30030;;1;1;MU-31;1,46;3;4;1;4;;1;1;2;;;1;4
1;7;20;30;30030;;3;2;No inventariada;;9;3;2;;;1;4;2;;;1;998
1;4;16;30;30030;;3;2;No inventariada;;9;4;1;4;;1;1;1;;;1;998
1;1;16;30;30030;;3;2;No inventariada;;9;2;1;2;;1;1;1;;;1;998
1;6;16;30;30030;;3;2;No inventariada;;9;4;2;;;1;1;1;;;1;998
1;6;14;30;30030;;3;2;No inventariada;;9;1;2;;;1;1;1;;;1;998
2;4;8;30;30030;;3;2;No inventariada;;9;2;1;1;;1;1;1;;;1;998
2;4;13;30;30030;;3;2;No inventariada;;9;4;1;2;;1;1;1;;;1;998
1;1;12;30;30030;;3;2;No inventariada;;9;12;2;;;1;1;2;;;1;998
1;3;7;30;30030;;3;2;No inventariada;;9;4;2;;;1;4;2;;;1;998
1;1;17;30;30030;;3;2;No inventariada;;9;2;1;1;;1;1;1;;;1;998
2;4;19;30;30030;;3;2;No inventariada;;9;16;2;;;1;4;1;;;9;998
1;4;13;30;30030;;3;2;No inventariada;;9;2;2;;;1;1;1;;;1;998
2;4;12;30;30030;;3;2;No inventariada;;9;2;1;1;;1;1;1;;;1;998
2;5;16;30;30030;;3;2;No inventariada;;9;3;1;4;;1;1;1;;;1;998
2;5;16;30;30030;;3;2;No inventariada;;9;10;1;4;;1;1;1;;;1;998
2;5;19;30;30030;;3;2;No inventariada;;9;2;1;1;;1;1;1;;;1;998
2;5;22;30;30030;;3;2;No inventariada;;9;7;1;2;;1;4;1;;;1;998
1;5;7;30;30030;;3;2;No inventariada;;9;10;2;;;1;3;1;;;1;998
1;5;13;30;30030;;3;2;No inventariada;;9;7;2;;;1;1;1;;;1;998
2;5;22;30;30030;;3;2;No inventariada;;9;2;1;4;;1;4;1;;;1;998
2;6;21;30;30030;;3;2;No inventariada;;9;3;1;2;;1;4;1;;;1;998
2;1;9;30;30030;;3;2;No inventariada;;9;10;1;2;;1;1;1;;;1;998
2;1;9;30;30030;;3;2;No inventariada;;9;2;1;1;;1;1;1;;;1;998
1;3;13;30;30030;;3;2;No inventariada;;9;4;2;;;1;1;1;;;1;998
2;4;8;30;30030;;3;2;No inventariada;;9;2;1;2;;1;1;1;;;1;998
1;7;2;30;30030;;3;2;No inventariada;;9;10;2;;;1;4;1;1;;1;998
2;1;17;30;30030;;3;2;No inventariada;;9;4;2;;;1;1;1;;;1;998
2;1;14;30;30030;;3;2;No inventariada;;9;4;1;1;;1;1;1;;;1;998
2;2;6;30;30030;;1;1;A-30;147,785;3;16;2;;;1;6;1;;;1;1
1;4;13;30;30030;;3;2;No inventariada;;9;10;2;;;1;1;1;;;1;998
2;5;13;30;30030;;3;2;No inventariada;;9;5;1;2;;1;1;1;;;1;998
2;2;10;30;30030;;1;1;A-30;160,95;3;5;2;;;1;1;1;;;1;1
1;1;12;30;30030;;3;2;No inventariada;;9;6;1;2;;1;1;1;;;1;998
2;2;14;30;30030;;3;2;No inventariada;;9;4;2;;;1;1;1;;;1;998
2;1;10;30;30030;;3;2;No inventariada;;9;10;1;4;;7;1;1;;;1;998
2;3;7;30;30030;;3;2;No inventariada;;9;4;2;;;1;3;1;;;1;998
2;4;15;30;30030;;3;2;No inventariada;;9;4;1;4;;1;1;1;;;1;998
2;1;13;30;30030;;3;2;No inventariada;;9;4;1;5;;1;1;1;;;1;998
2;2;12;30;30030;;3;2;No inventariada;;9;2;1;1;;1;1;1;;;1;998
2;3;7;30;30030;;3;2;No inventariada;;9;2;1;1;;1;3;1;;;1;998
2;4;13;30;30030;;3;2;No inventariada;;9;2;2;;;1;1;1;;;1;998
2;1;12;30;30030;;3;2;No inventariada;;9;7;1;1;;1;1;1;;;1;998
2;3;11;30;30030;;3;2;No inventariada;;9;2;1;4;;1;1;1;;;1;998
2;1;14;30;30030;;3;2;No inventariada;;9;4;1;1;;1;1;1;;;1;998
1;2;8;30;30030;;3;2;No inventariada;;9;2;1;4;;1;1;1;;;1;998
2;1;21;30;30030;;3;2;No inventariada;;9;2;1;1;;1;4;1;;;4;998
2;4;19;30;30030;;3;2;No inventariada;;9;2;1;2;;1;4;1;;;1;998
2;6;19;30;30030;;3;2;No inventariada;;9;2;1;2;;1;4;1;;;1;998
1;4;8;30;30030;;3;2;No inventariada;;9;2;2;;;1;1;1;;;1;998
2;4;9;30;30030;;1;1;MU-30;7;3;5;2;;;1;1;1;;;1;1
2;6;22;30;30030;;3;2;No inventariada;;9;2;1;1;;1;4;1;;;1;998
2;4;7;30;30030;;3;2;No inventariada;;9;3;2;;;1;1;1;;;1;998
2;3;10;30;30030;;3;2;No inventariada;;9;12;2;;;1;1;1;;;1;998
2;4;11;30;30030;;3;2;No inventariada;;9;20;1;2;;1;1;1;;;1;998
1;1;7;30;30030;;3;2;No inventariada;;9;2;1;2;;1;2;1;;;1;998
2;5;2;30;30030;;3;2;No inventariada;;9;10;1;2;;1;4;1;;;1;998
1;3;11;30;30030;;3;2;No inventariada;;9;10;1;2;;1;1;1;;;1;998
2;5;17;30;30030;;3;2;No inventariada;;9;2;2;;;3;1;3;;;1;998
2;5;18;30;30030;;3;2;No inventariada;;9;15;2;;;3;1;3;;;1;998
2;2;9;30;30030;;3;2;No inventariada;;9;10;2;;;1;1;2;;;18;998
2;5;13;30;30030;;3;2;No inventariada;;9;4;2;;;3;1;1;;;1;998
1;6;11;30;30030;;3;2;No inventariada;;9;7;2;;;1;1;1;;;6;998
2;2;16;30;30030;;3;2;No inventariada;;9;2;1;2;;1;1;1;;;2;998
2;6;6;30;30030;;3;2;No inventariada;;9;4;2;;;1;3;1;;;1;998
2;5;6;30;30030;;3;2;No inventariada;;9;2;1;5;;1;4;1;;;1;998
1;3;12;30;30030;;3;2;No inventariada;;9;2;1;1;;1;1;1;;;1;998
2;3;9;30;30030;;3;2;No inventariada;;9;2;1;1;;1;1;1;;;1;998
2;6;18;30;30030;;3;2;No inventariada;;9;2;1;4;;1;1;1;;1;1;998
2;4;6;30;30030;;3;2;No inventariada;;9;10;2;;;1;3;1;;;17;998
2;5;9;30;30030;;3;2;No inventariada;;9;7;2;;;1;1;1;;;1;998
2;1;8;30;30030;;1;1;RM-601;4,488;6;17;2;;;3;1;3;;;1;2
2;2;9;30;30030;;3;2;No inventariada;;9;1;2;;;1;1;1;;;1;998
2;5;13;30;30030;;3;2;No inventariada;;9;2;1;2;;3;1;3;;;5;998
2;1;19;30;30030;;1;1;A-30;140,17;3;4;2;;;1;6;1;;;1;1
2;5;23;30;30030;;3;2;No inventariada;;9;2;1;1;;3;4;2;;;1;998
2;1;6;30;30030;;3;2;No inventariada;;9;4;1;4;;3;4;2;;;1;998
2;2;8;30;30030;;3;2;No inventariada;;9;20;2;;;1;1;1;;;1;998
2;2;13;30;30030;;1;1;RM-15;2,85;3;19;2;;;1;1;1;;;1;1
2;2;23;30;30030;;3;2;No inventariada;;9;12;2;;;1;6;1;;;18;998
2;2;18;30;30030;;3;2;No inventariada;;9;4;2;;;1;1;1;;;1;998
2;4;19;30;30030;;3;2;No inventariada;;9;4;2;;;1;3;1;;;18;998
2;3;9;30;30030;;3;2;No inventariada;;9;10;2;;;1;1;1;;;1;998
2;3;14;30;30030;;1;1;MU-31;5;3;16;1;11;MU-31;1;1;1;;;1;1
2;1;14;30;30030;;3;2;No inventariada;;9;2;1;4;;1;1;1;;;1;998
2;2;13;30;30030;;3;2;No inventariada;;9;20;2;;;1;1;1;;;1;998
2;4;11;30;30030;;1;1;RM-17;1;5;4;2;;;1;1;1;;;1;1
2;7;22;30;30030;;3;2;No inventariada;;9;2;1;1;;1;4;2;;;1;998
2;7;21;30;30030;;3;2;No inventariada;;9;15;2;;;1;4;1;;;1;998
2;4;22;30;30030;;3;2;No inventariada;;9;4;2;;;1;3;2;;;1;998
2;3;13;30;30030;;3;2;No inventariada;;9;2;1;1;;1;1;1;;;1;998
2;5;17;30;30030;;3;2;No inventariada;;9;2;1;1;;1;1;1;;;1;998
1;1;21;30;30030;;3;2;No inventariada;;9;7;2;;;1;4;1;;;1;998
2;7;12;30;30030;;3;2;No inventariada;;9;15;2;;;8;1;1;;;1;998
2;6;4;30;30030;;1;1;A-30;138,8;3;4;2;;;1;6;1;;;1;3
2;3;15;30;30030;;3;2;No inventariada;;9;2;1;2;;1;1;2;;;1;998
2;2;12;30;30030;;3;2;No inventariada;;9;2;1;2;;1;1;1;;;12;998
2;1;9;30;30030;;3;2;No inventariada;;9;2;1;2;;3;1;2;;;1;998
2;5;18;30;30030;;3;2;No inventariada;;9;4;1;1;;3;1;3;;;1;998
2;4;11;30;30030;;3;2;No inventariada;;9;20;2;;;1;1;1;;;1;998
2;2;17;30;30030;;3;2;No inventariada;;9;2;1;2;;1;1;1;;;2;998
2;1;9;30;30030;;3;2;No inventariada;;9;10;2;;;3;1;1;;;1;998
2;7;1;30;30030;;3;2;No inventariada;;9;10;1;1;;1;4;1;;;1;998
2;6;6;30;30030;;3;2;No inventariada;;9;6;1;2;;1;4;1;1;;1;998
2;6;12;30;30030;;3;2;No inventariada;;9;10;1;1;;1;1;1;;;1;998
2;2;19;30;30030;;3;2;No inventariada;;9;2;1;1;;1;3;1;;;1;998
2;1;7;30;30030;;1;1;A-30;144,7;3;4;2;;;1;1;1;;;1;1
2;5;18;30;30030;;3;2;No inventariada;;9;10;1;4;;8;1;2;;;1;998
2;5;22;30;30030;;3;2;No inventariada;;9;4;2;;;1;4;1;;;1;998
1;1;17;30;30030;;3;2;No inventariada;;9;7;2;;;1;1;1;;;1;998
2;1;23;30;30030;;1;1;RM-2;35,9;3;14;1;4;A-30;1;6;1;;;1;1
1;1;11;30;30030;;3;2;No inventariada;;9;10;1;4;;1;1;2;1;;1;998
2;2;9;30;30030;;3;2;No inventariada;;9;2;1;2;;1;1;1;;;1;998
2;2;11;30;30030;;3;2;No inventariada;;9;2;1;4;;1;1;1;;;1;998
2;2;12;30;30030;;3;2;No inventariada;;9;2;1;5;;1;1;1;;;9;998
2;1;20;30;30030;;3;2;No inventariada;;9;10;2;;;1;4;1;;;1;998
2;3;6;30;30030;;3;2;No inventariada;;9;4;2;;;1;3;1;;;1;998
1;7;9;30;30030;;3;2;No inventariada;;9;15;2;;;1;1;1;;;1;998
1;3;9;30;30030;;3;2;No inventariada;;9;2;2;;;1;1;2;;;1;998
2;1;16;30;30030;;3;2;No inventariada;;9;2;1;2;;1;1;1;;;2;998
2;3;15;30;30029;;1;1;No inventariada;0,1;10;19;2;;;1;1;1;;;1;1
2;4;15;30;30030;;3;2;No inventariada;;9;6;2;;;1;1;1;;;1;998
2;1;18;30;30030;;3;2;No inventariada;;9;4;2;;;1;1;1;;;1;998
2;6;20;30;30030;;3;2;No inventariada;;9;10;2;;;1;4;1;;;1;998
2;5;0;30;30030;;3;2;No inventariada;;9;2;1;1;;1;1;1;;;1;998
2;7;8;30;30030;;3;2;No inventariada;;9;4;1;2;;8;1;1;;;1;998
2;1;8;30;30030;;3;2;No inventariada;;9;2;1;2;;1;1;1;;;1;998
2;1;12;30;30030;;3;2;No inventariada;;9;10;2;;;8;1;1;;;1;998
2;1;6;30;30030;;3;2;No inventariada;;9;1;1;1;;1;3;1;;;1;998
2;5;13;30;30030;;3;2;No inventariada;;9;2;1;5;;1;1;1;;;1;998
2;4;14;30;30030;;1;1;RM-F56;13,4;6;15;2;;;1;1;1;;;1;2
2;4;20;30;30030;;3;2;No inventariada;;9;7;2;;;3;4;3;;;1;998
2;4;19;30;30030;;3;2;No inventariada;;9;2;1;2;;1;4;1;;;1;998
1;3;15;30;30030;;3;2;No inventariada;;9;7;2;;;1;1;1;;;1;998
2;5;10;30;30030;;3;2;No inventariada;;9;2;1;2;;1;1;1;;;1;998
2;5;14;30;30030;;1;1;A-30;134,3;3;4;2;;;1;1;1;;;18;1
2;5;19;30;30030;;3;2;No inventariada;;9;7;2;;;3;4;3;;;1;998
2;5;16;30;30030;;2;2;RM-301;0,409;6;3;1;4;RM-301;1;1;1;;;1;1
2;5;15;30;30030;;3;2;No inventariada;;9;2;1;2;;1;1;1;;;18;998
2;4;14;30;30030;;3;2;No inventariada;;9;6;2;;;1;1;1;;;1;998
2;1;15;30;30030;;3;2;No inventariada;;9;4;2;;;1;1;1;;;1;998
2;5;11;30;30030;;3;2;No inventariada;;9;2;2;;;1;1;1;;;1;998
2;2;10;30;30030;;3;2;No inventariada;;9;2;2;;;1;1;1;;;1;998
2;7;17;30;30030;;3;2;No inventariada;;9;10;2;;;1;1;1;;;1;998
2;3;11;30;30030;;3;2;No inventariada;;9;12;1;2;;1;1;1;;;1;998
2;7;4;30;30030;;3;2;No inventariada;;9;16;1;5;;1;4;1;;;1;998
2;7;23;30;30030;;1;1;A-30;142,7;3;5;2;;;1;6;1;;;1;1