MES;DIA_SEMANA;HORA;COD_PROVINCIA;COD_MUNICIPIO;ISLA;ZONA;ZONA_AGRUPADA;CARRETERA;KM;TIPO_VIA;TIPO_ACCIDENTE;NUDO;NUDO_INFO;CARRETERA_CRUCE;CONDICION_FIRME;CONDICION_ILUMINACION;CONDICION_METEO;CONDICION_NIEBLA;CONDICION_VIENTO;VISIB_RESTRINGIDA_POR;TRAZADO_PLANTA
2;1;9;30;30030;;3;2;No inventariada;;9;4;2;;;1;1;1;;;1;998
2;1;22;30;30030;;3;2;No inventariada;;9;2;1;1;;1;4;1;;;1;998
2;4;10;30;30030;;3;2;No inventariada;;9;4;2;;;1;1;1;;;1;998
2;7;20;30;30030;;3;2;No inventariada;;9;7;2;;;1;4;1;;;18;998
2;1;12;30;30030;;3;2;No inventariada;;9;10;1;2;;3;1;3;;;1;998
2;5;9;30;30030;;3;2;No inventariada;;9;2;1;4;;1;1;1;;;1;998
2;7;21;30;30030;;3;2;No inventariada;;9;10;2;;;1;6;1;;;1;998
2;1;18;30;30030;;3;2;No inventariada;;9;2;1;1;;1;3;1;;;1;998
2;1;14;30;30030;;3;2;No inventariada;;9;4;1;2;;1;1;1;;;1;998
2;7;20;30;30030;;3;2;No inventariada;;9;2;1;5;;1;3;1;;;1;998
2;1;9;30;30030;;3;2;No inventariada;;9;2;2;;;1;1;1;;;1;998
2;2;15;30;30030;;3;2;No inventariada;;9;16;1;2;;1;1;1;;;1;998
2;2;13;30;30030;;3;2;No inventariada;;9;15;2;;;1;1;1;;;1;998
2;2;18;30;30030;;3;2;No inventariada;;9;2;1;2;;1;1;1;;;1;998
2;3;15;30;30030;;3;2;No inventariada;;9;4;2;;;1;1;1;;;1;998
2;1;8;30;30030;;3;2;No inventariada;;9;10;1;1;;3;1;3;;;1;998
2;2;20;30;30030;;3;2;No inventariada;;9;7;2;;;1;4;1;;;1;998
2;3;16;30;30030;;3;2;No inventariada;;9;2;1;2;;1;1;1;;;1;998
1;3;21;30;30030;;3;2;No inventariada;;9;10;1;2;;1;4;1;;;1;998
2;4;11;30;30030;;3;2;No inventariada;;9;3;1;2;;1;1;1;;;1;998
2;4;7;30;30030;;3;2;No inventariada;;9;2;1;4;;1;2;1;;;1;998
2;3;18;30;30030;;3;2;No inventariada;;9;10;2;;;2;2;1;;;1;998
2;3;7;30;30030;;3;2;No inventariada;;9;3;1;2;;1;1;2;1;;1;998
2;6;17;30;30030;;3;2;No inventariada;;9;10;2;;;1;1;1;;;1;998
3;5;16;30;30030;;3;2;No inventariada;;9;2;2;;;1;1;1;;;1;998
1;1;10;30;30030;;3;2;No inventariada;;9;10;2;;;1;1;2;;;1;998
3;5;17;30;30030;;3;2;No inventariada;;9;2;1;1;;1;1;1;;;2;998
2;1;10;30;30030;;3;2;No inventariada;;9;16;2;;;3;1;2;;;1;998
2;4;18;30;30030;;3;2;No inventariada;;9;2;1;5;;1;1;1;;;1;998
3;6;14;30;30030;;3;2;No inventariada;;9;7;2;;;1;1;1;;;1;998
3;7;12;30;30030;;3;2;No inventariada;;9;4;1;4;;1;1;1;;;1;998
3;7;15;30;30030;;3;2;No inventariada;;9;16;1;2;;1;1;1;;;1;998
3;7;17;30;30030;;3;2;No inventariada;;9;4;1;1;;1;1;2;;;1;998
2;3;15;30;30030;;3;2;No inventariada;;9;4;1;12;;1;1;1;;;1;998
2;2;15;30;30030;;3;2;No inventariada;;9;4;2;;;1;1;1;;;1;998
3;5;11;30;30030;;3;2;No inventariada;;9;2;1;4;;1;1;1;;;1;998
3;1;14;30;30030;;3;2;No inventariada;;9;4;2;;;1;1;1;;;1;998
3;1;18;30;30030;;3;2;No inventariada;;9;12;1;2;;1;4;1;;;1;998
2;4;20;30;30030;;3;2;No inventariada;;9;2;1;4;;1;3;1;;;1;998
2;6;22;30;30030;;3;2;No inventariada;;9;7;1;2;;1;4;1;;;1;998
2;1;20;30;30030;;3;2;No inventariada;;9;6;1;4;;1;1;1;;;1;998
2;2;15;30;30030;;3;2;No inventariada;;9;2;1;1;;1;1;1;;;1;998
3;1;18;30;30030;;3;2;No inventariada;;9;3;1;2;;1;1;1;;;1;998
2;2;17;30;30030;;3;2;No inventariada;;9;2;1;1;;1;1;1;;;1;998
3;1;13;30;30030;;3;2;No inventariada;;9;2;1;2;;1;1;1;;;1;998
3;5;20;30;30030;;3;2;No inventariada;;9;5;2;;;1;4;1;;;1;998
2;3;9;30;30030;;3;2;No inventariada;;9;2;1;2;;1;1;1;;;1;998
2;3;13;30;30030;;3;2;No inventariada;;9;10;2;;;1;1;1;;;1;998
3;3;13;30;30030;0;3;2;No inventariada;;9;7;2;;;1;1;1;;;16;998
3;4;0;30;30030;;3;2;No inventariada;;9;9;2;;;1;4;1;;;1;998
3;2;22;30;30030;;3;2;No inventariada;;9;2;1;5;;1;4;1;;;1;998
3;4;11;30;30030;;3;2;No inventariada;;9;7;2;;;1;1;1;;;1;998
3;5;8;30;30030;;1;1;VIA PECUAR;13,5;10;12;2;;;1;3;1;;;6;3
3;7;22;30;30030;;3;2;No inventariada;;9;10;2;;;1;4;1;;;1;998
2;7;12;30;30030;;3;2;No inventariada;;9;6;2;;;1;1;1;;;1;998
2;4;20;30;30030;;3;2;No inventariada;;9;4;2;;;1;3;1;;;1;998
3;5;20;30;30030;;1;1;RM-301;1,35;6;4;2;;;1;6;1;;;1;1
2;1;11;30;30030;;3;2;No inventariada;;9;10;1;1;;1;1;1;;;1;998
2;5;14;30;30030;;3;2;No inventariada;;9;2;2;;;1;1;1;;;1;998
3;6;1;30;30030;;1;1;RM-F13;3,09;6;18;2;;;1;6;1;;;4;2
2;3;14;30;30030;;3;2;No inventariada;;9;2;1;2;;1;1;1;;;18;998
2;1;19;30;30030;;3;2;No inventariada;;9;2;1;11;;1;4;1;;;1;998
3;3;16;30;30030;;3;2;No inventariada;;9;2;1;2;;1;1;1;;;1;998
3;6;10;30;30030;;3;2;No inventariada;;9;2;2;;;1;1;1;;;1;998
3;6;14;30;30030;;3;2;No inventariada;;9;4;1;2;;3;1;3;;;1;998
3;6;20;30;30030;;3;2;No inventariada;;9;10;2;;;1;4;1;;;1;998
3;1;7;30;30030;;3;2;No inventariada;;9;2;2;;;1;1;2;;;12;998
3;2;20;30;30030;;3;2;No inventariada;;9;2;1;2;;1;3;2;;;1;998
3;7;14;30;30030;0;3;2;No inventariada;;9;19;1;1;;3;1;3;;1;1;998
3;6;11;30;30030;;3;2;No inventariada;;9;1;1;2;;1;1;1;;;1;998
2;6;13;30;30030;;3;2;No inventariada;;9;2;1;1;;1;1;1;;;1;998
3;5;13;30;30030;;3;2;No inventariada;;9;2;1;1;;1;1;1;;;1;998
3;1;8;30;30030;;3;2;No inventariada;;9;4;2;;;1;1;1;;;1;998
3;1;16;30;30030;;3;2;No inventariada;;9;2;1;5;;1;1;1;;;1;998
3;3;17;30;30030;;3;2;No inventariada;;9;4;1;1;;1;1;1;;;1;998
3;2;10;30;30030;;1;1;A-30;134,97;3;4;2;;;1;1;1;;;1;2
2;6;16;30;30030;;3;2;No inventariada;;9;2;1;2;;1;1;1;;;1;998
3;3;14;30;30030;;3;2;No inventariada;;9;4;1;1;;1;1;1;;;1;998
3;5;10;30;30030;;3;2;No inventariada;;9;2;1;1;;1;1;1;;;1;998
2;4;23;30;30030;;3;2;No inventariada;;9;4;2;;;1;4;1;;;1;998
3;6;10;30;30030;;3;2;No inventariada;;9;2;2;;;1;1;2;;;1;998
3;7;21;30;30030;;3;2;No inventariada;;9;12;2;;;1;4;1;;;1;998
3;3;1;30;30030;0;3;2;No inventariada;;9;19;2;;;1;4;1;;;1;998
3;2;8;30;30030;;3;2;No inventariada;;9;2;1;2;;1;1;1;;;1;998
3;3;7;30;30030;;3;2;No inventariada;;9;2;2;;;1;1;1;;;1;998
3;3;10;30;30030;;3;2;No inventariada;;9;2;2;;;1;1;1;;;1;998
3;3;8;30;30030;;3;2;No inventariada;;9;4;2;;;1;1;1;;;1;998
3;4;11;30;30030;;3;2;No inventariada;;9;2;1;2;;1;1;1;;;1;998
3;4;13;30;30030;;3;2;No inventariada;;9;7;1;1;;1;1;1;;;1;998
3;4;14;30;30030;;3;2;No inventariada;;9;4;2;;;1;1;1;;;1;998
3;4;18;30;30030;;1;1;A-30;134,2;3;12;2;;;1;1;1;;;1;2
3;7;9;30;30030;;3;2;No inventariada;;9;4;1;2;;1;1;1;;;1;998
3;3;8;30;30030;;3;2;No inventariada;;9;10;2;;;1;1;1;;;1;998
3;2;19;30;30030;;3;2;No inventariada;;9;10;1;4;;1;4;1;;;1;998
3;4;18;30;30030;;3;2;No inventariada;;9;16;1;4;;1;1;1;;;1;998
3;5;8;30;30030;;3;2;No inventariada;;9;2;1;2;;1;1;1;;;1;998
3;5;9;30;30030;;1;1;A-30;137,087;3;2;2;;;1;1;1;;;1;1
2;4;0;30;30030;;3;2;No inventariada;;9;7;1;2;;1;4;1;;;18;998
3;3;20;30;30030;;3;2;No inventariada;;9;2;1;2;;1;3;1;;;1;998
2;7;19;30;30030;;3;2;No inventariada;;9;7;2;;;1;4;1;;;1;998
3;5;15;30;30030;;3;2;No inventariada;;9;2;1;1;;1;1;1;;;1;998
3;5;16;30;30030;;1;1;A-7;566,72;3;4;2;;;1;1;1;;;1;1
3;3;8;30;30030;;3;2;No inventariada;;9;2;1;1;;1;1;1;;;18;998
3;5;16;30;30030;;3;2;No inventariada;;9;4;2;;;1;1;1;;;1;998
2;4;8;30;30030;;3;2;No inventariada;;9;10;1;1;;1;1;1;;;1;998
3;5;17;30;30030;;3;2;No inventariada;;9;16;1;2;;1;1;1;;;1;998
3;6;16;30;30030;;3;2;No inventariada;;9;2;2;;;1;1;1;;;9;998
3;7;2;30;30030;;3;2;No inventariada;;9;2;1;5;;1;4;1;;;1;998
3;2;14;30;30030;;3;2;No inventariada;;9;2;1;1;;1;1;1;;;9;998
2;3;8;30;30030;;3;2;No inventariada;;9;6;2;;;1;1;1;;;1;998
3;7;20;30;30030;;3;2;No inventariada;;9;4;2;;;1;3;2;;;1;998
3;4;10;30;30030;;3;2;No inventariada;;9;10;2;;;1;1;1;;;1;998
2;5;21;30;30030;;3;2;No inventariada;;9;2;1;2;;1;4;2;;;2;998
2;1;11;30;30030;;3;2;No inventariada;;9;4;2;;;1;1;1;;;1;998
3;1;14;30;30030;;3;2;No inventariada;;9;2;1;1;;1;1;1;;;1;998
3;5;11;30;30030;;3;2;No inventariada;;9;2;1;4;;1;1;1;;;1;998
3;2;13;30;30030;;1;1;A-30;135,973;3;4;2;;;1;1;1;;;1;1
3;2;10;30;30030;;3;2;No inventariada;;9;2;1;2;;1;1;1;;;1;998
3;5;8;30;30030;;3;2;No inventariada;;9;10;2;;;1;1;1;;;1;998
3;6;10;30;30030;;3;2;No inventariada;;9;2;1;5;;1;1;1;;;1;998
3;5;18;30;30030;;3;2;No inventariada;;9;4;2;;;1;1;2;;;1;998
3;4;22;30;30030;;3;2;No inventariada;;9;2;1;1;;1;4;1;;;1;998
3;6;23;30;30030;;3;2;No inventariada;;9;20;2;;;1;4;1;;;1;998
3;3;14;30;30030;;3;2;No inventariada;;9;2;1;2;;1;1;1;;;15;998
3;3;18;30;30030;;3;2;No inventariada;;9;2;1;4;;1;1;1;;;1;998
3;1;11;30;30030;;3;2;No inventariada;;9;1;1;2;;1;1;1;;;9;998
3;7;15;30;30030;;3;2;No inventariada;;9;15;2;;;1;1;2;;;1;998
2;6;14;30;30030;;3;2;No inventariada;;9;10;2;;;1;1;2;;;1;998
3;6;14;30;30030;;3;2;No inventariada;;9;7;2;;;3;1;1;;;1;998
3;4;22;30;30030;;3;2;No inventariada;;9;1;2;;;1;4;1;;;1;998
3;5;18;30;30030;;3;2;No inventariada;;9;2;1;2;;1;1;1;;;1;998
2;6;8;30;30030;;3;2;No inventariada;;9;2;1;1;;1;1;1;;;1;998
1;2;13;30;30030;;3;2;No inventariada;;9;2;1;5;;1;1;1;;;12;998
3;4;17;30;30030;;3;2;No inventariada;;9;5;1;1;;1;1;1;;;1;998
3;3;21;30;30030;;3;2;No inventariada;;9;2;1;2;;1;4;1;;;1;998
3;4;8;30;30030;;3;2;No inventariada;;9;3;2;;;1;1;1;;;1;998
3;4;12;30;30030;;3;2;No inventariada;;9;1;2;;;1;1;1;;;1;998
3;1;15;30;30030;;3;2;No inventariada;;9;2;1;4;;1;1;1;;;1;998
3;3;11;30;30030;;3;2;No inventariada;;9;10;2;;;1;1;1;;;1;998
3;4;14;30;30030;;3;2;No inventariada;;9;2;1;3;;1;1;1;;;1;998
3;1;16;30;30030;;3;2;No inventariada;;9;16;1;2;;1;1;1;;;1;998
3;6;11;30;30030;;3;2;No inventariada;;9;10;2;;;1;1;1;;;1;998
3;2;16;30;30030;;3;2;No inventariada;;9;3;1;1;;1;1;1;;;1;998
2;2;13;30;30030;;3;2;No inventariada;;9;2;1;2;;1;1;1;;;1;998
3;7;22;30;30030;;3;2;No inventariada;;9;2;1;5;;3;4;2;;;1;998
3;5;9;30;30030;;3;2;No inventariada;;9;2;1;4;;1;1;1;;;1;998
3;1;8;30;30030;;1;1;A-30;152,4;3;12;2;;;3;2;3;;;1;1
3;1;13;30;30030;;3;2;No inventariada;;9;4;2;;;3;1;2;;;1;998
3;1;14;30;30030;;3;2;No inventariada;;9;2;1;1;;3;1;3;;;1;998
3;7;20;30;30030;;3;2;No inventariada;;9;12;2;;;3;3;4;;;5;998
3;1;14;30;30030;;1;1;A-30;134;3;4;2;;;3;1;3;;;1;1
2;1;9;30;30030;;3;2;No inventariada;;9;20;1;2;;3;1;3;;;9;998
2;6;14;30;30030;;3;2;No inventariada;;9;4;2;;;1;1;1;;;1;998
3;5;4;30;30030;;3;2;No inventariada;;9;10;2;;;1;4;1;;;1;998
3;7;21;30;30030;;3;2;No inventariada;;9;10;2;;;3;4;3;;;1;998
3;1;17;30;30030;;3;2;No inventariada;;9;10;1;2;;3;1;2;;;1;998
3;1;10;30;30030;;3;2;No inventariada;;9;12;1;1;;3;1;2;;;2;998
3;2;23;30;30030;;3;2;No inventariada;;9;4;2;;;1;4;1;;;1;998
3;2;13;30;30030;;3;2;No inventariada;;9;2;1;2;;3;1;2;;;1;998
3;3;6;30;30030;;3;2;No inventariada;;9;4;2;;;1;4;1;;;1;998
3;7;22;30;30030;;3;2;No inventariada;;9;10;1;1;;3;4;3;;;1;998
3;3;14;30;30030;;3;2;No inventariada;;9;1;2;;;1;1;1;;;1;998
3;2;14;30;30030;;3;2;No inventariada;;9;5;2;;;1;1;2;;;1;998
3;5;15;30;30030;;3;2;No inventariada;;9;15;2;;;1;1;1;;;6;998
3;2;22;30;30030;;3;2;No inventariada;;9;10;1;5;;1;4;1;;;1;998
3;3;10;30;30030;;3;2;No inventariada;;9;2;1;2;;1;1;1;;;1;998
3;1;9;30;30030;;3;2;No inventariada;;9;4;2;;;1;1;1;;;1;998
3;4;17;30;30030;;3;2;No inventariada;;9;2;1;1;;1;1;1;;;2;998
3;5;0;30;30030;;3;2;No inventariada;;9;10;1;5;;1;6;1;;;1;998
3;5;6;30;30030;;3;2;No inventariada;;9;12;2;;;1;1;1;;;1;998
3;3;19;30;30030;;3;2;No inventariada;;9;10;2;;;1;3;2;;;1;998
3;5;15;30;30030;;3;2;No inventariada;;9;10;2;;;2;1;2;;;8;998
3;5;18;30;30030;;1;1;RM-601;11,754;6;10;2;;;2;1;1;;;1;1
3;5;18;30;30030;;1;1;A-30;143,066;3;4;2;;;1;1;1;;;1;1
3;4;18;30;30030;;3;2;No inventariada;;9;10;1;2;;1;1;1;;;1;998
3;6;11;30;30030;;3;2;No inventariada;;9;15;1;2;;1;1;2;;;1;998
3;3;17;30;30030;;3;2;No inventariada;;9;2;1;1;;1;1;1;1;;1;998
3;6;16;30;30030;;1;1;MU-30;23,453;3;16;1;12;RM-1;1;1;2;;;1;2
3;4;14;30;30030;;3;2;No inventariada;;9;2;1;1;;1;1;1;;;1;998
3;2;15;30;30030;;3;2;No inventariada;;9;4;2;;;1;1;1;;;1;998
3;6;11;30;30030;;3;2;No inventariada;;9;2;1;2;;1;1;1;;;1;998
3;7;19;30;30030;;3;2;No inventariada;;9;2;1;2;;3;1;3;;;2;998
3;4;16;30;30030;;3;2;No inventariada;;9;2;1;4;;1;1;1;;;1;998
3;7;21;30;30030;;3;2;No inventariada;;9;12;1;2;;1;4;2;;;1;998
3;1;21;30;30030;;3;2;No inventariada;;9;2;1;1;;1;4;1;;;1;998
4;1;14;30;30030;;3;2;No inventariada;;9;2;1;1;;1;1;1;;;1;998
4;1;22;30;30030;;3;2;No inventariada;;9;2;1;1;;1;4;1;;;2;998
3;5;18;30;30030;;3;2;No inventariada;;9;10;1;2;;1;1;1;;;2;998
4;1;13;30;30030;;3;2;No inventariada;;9;7;1;2;;1;1;1;;;1;998
3;5;8;30;30030;;3;2;No inventariada;;9;20;2;;;1;1;1;;;1;998
4;1;15;30;30030;;3;2;No inventariada;;9;10;2;;;8;1;1;;;1;998
3;5;6;30;30030;;3;2;No inventariada;;9;7;2;;;1;3;1;;;1;998
4;2;14;30;30030;;3;2;No inventariada;;9;7;1;1;;1;1;1;;;17;998
3;6;22;30;30030;;3;2;No inventariada;;9;10;1;2;;1;4;1;;;1;998
4;1;22;30;30030;;3;2;No inventariada;;9;2;1;2;;1;4;1;;;1;998
4;2;21;30;30030;;3;2;No inventariada;;9;4;2;;;1;4;1;;;1;998
3;1;18;30;30030;;3;2;No inventariada;;9;2;1;4;;3;1;3;;;9;998
4;3;18;30;30030;;3;2;No inventariada;;9;4;2;;;1;1;1;;;1;998
4;4;0;30;30030;;3;2;No inventariada;;9;2;1;4;;1;4;1;;;1;998
3;5;0;30;30030;;3;2;No inventariada;;9;12;2;;;1;4;1;;;1;998
4;1;11;30;30030;;3;2;No inventariada;;9;10;2;;;1;1;1;;;1;998
3;5;9;30;30030;0;3;2;No inventariada;;9;7;1;2;;1;1;1;;;1;998
4;1;8;30;30030;;3;2;No inventariada;;9;5;1;2;;1;1;1;;;1;998
4;4;8;30;30030;;3;2;No inventariada;;9;2;2;;;2;1;1;;;6;998
3;6;15;30;30030;;3;2;No inventariada;;9;2;2;;;1;1;1;;;1;998
4;4;18;30;30030;;3;2;No inventariada;;9;2;1;2;;1;1;1;;;1;998
3;7;23;30;30030;;3;2;No inventariada;;9;4;1;4;;3;4;3;;;1;998
4;5;10;30;30030;;3;2;No inventariada;;9;2;1;1;;1;1;1;;;2;998
3;5;22;30;30030;;3;2;No inventariada;;9;2;1;5;;1;4;1;;;1;998
3;1;20;30;30030;;3;2;No inventariada;;9;4;2;;;1;4;1;;;1;998
4;1;13;30;30030;;3;2;No inventariada;;9;10;2;;;1;1;1;;;1;998
4;5;10;30;30030;0;3;2;No inventariada;;9;20;2;;;1;1;1;;;1;998
2;7;21;30;30030;;3;2;No inventariada;;9;2;2;;;1;4;1;;;1;998
4;6;9;30;30030;;1;1;RM-F18;3,098;6;3;2;;;1;1;1;;;1;1
4;1;18;30;30030;;3;2;No inventariada;;9;2;2;;;1;1;1;;;1;998
2;3;10;30;30030;;3;2;No inventariada;;9;10;1;1;;1;1;1;;;1;998
4;6;17;30;30030;;3;2;No inventariada;;9;20;2;;;1;1;1;;;1;998
3;1;14;30;30030;;3;2;No inventariada;;9;2;1;4;;3;1;3;;;1;998
4;7;16;30;30030;;3;2;No inventariada;;9;16;2;;;1;1;1;;;1;998
4;7;21;30;30030;;3;2;No inventariada;;9;10;1;1;;1;4;1;;;18;998
4;3;12;30;30030;;3;2;No inventariada;;9;4;2;;;1;1;1;;;1;998
4;6;13;30;30030;;3;2;No inventariada;;9;16;2;;;1;1;1;;;1;998
4;6;21;30;30030;;1;1;A-7;572,1;3;12;2;;;1;6;1;;;1;1
4;1;11;30;30030;;3;2;No inventariada;;9;4;1;4;;1;1;1;;;1;998
4;3;7;30;30030;;3;2;No inventariada;;9;3;1;4;;1;2;1;;;1;998
4;1;19;30;30030;;3;2;No inventariada;;9;2;1;1;;1;1;1;;;2;998
3;1;16;30;30030;;3;2;No inventariada;;9;4;2;;;1;1;1;;;1;998
4;2;0;30;30030;;3;2;No inventariada;;9;4;2;;;1;4;1;;;1;998
4;3;19;30;30030;;3;2;No inventariada;;9;16;1;1;;1;2;1;;;2;998
3;4;17;30;30030;;3;2;No inventariada;;9;2;1;1;;1;1;2;;;1;998
4;2;7;30;30030;;3;2;No inventariada;;9;2;2;;;1;1;1;;;1;998
4;1;12;30;30030;;3;2;No inventariada;;9;10;2;;;1;1;1;;;1;998
4;1;20;30;30030;;3;2;No inventariada;;9;2;1;2;;1;4;1;;;1;998
3;5;14;30;30030;;3;2;No inventariada;;9;20;2;;;1;1;2;;;1;998
4;1;18;30;30030;;3;2;No inventariada;;9;2;1;2;;1;1;1;;;1;998
4;2;19;30;30030;;3;2;No inventariada;;9;2;1;2;;1;1;1;;;1;998
4;3;0;30;30030;;3;2;No inventariada;;9;12;2;;;1;4;1;;;1;998
4;2;14;30;30030;;3;2;No inventariada;;9;4;2;;;1;1;1;;;1;998
4;5;5;30;30030;;3;2;No inventariada;;9;20;2;;;1;4;1;;;1;998
4;1;14;30;30030;;3;2;No inventariada;;9;20;2;;;1;1;1;;;1;998
4;2;16;30;30030;;3;2;No inventariada;;9;2;2;;;1;1;1;;;1;998
4;2;19;30;30030;;3;2;No inventariada;;9;1;2;;;1;1;1;;;2;998
4;2;16;30;30030;;3;2;No inventariada;;9;4;1;2;;1;1;1;;1;1;998
4;3;15;30;30030;;1;1;A-30;150,8;3;16;2;;;1;1;1;;;1;2
4;7;11;30;30030;;3;2;No inventariada;;9;12;2;;;1;1;1;;;1;998
4;4;8;30;30030;;1;1;MU-30;7,3;3;5;2;;;1;1;1;;;1;1
4;5;20;30;30030;;3;2;No inventariada;;9;10;1;2;;1;4;1;;;1;998
4;4;14;30;30030;;1;1;MU-30;9,5;3;3;2;;;1;1;1;;;1;1
4;2;13;30;30030;;3;2;No inventariada;;9;4;1;1;;1;1;1;;;1;998
3;2;20;30;30030;;3;2;No inventariada;;9;4;1;1;;3;4;2;;;1;998
4;1;16;30;30030;;3;2;No inventariada;;9;10;1;4;;7;1;1;;;1;998
4;5;13;30;30030;;3;2;No inventariada;;9;2;2;;;1;1;1;;;9;998
4;5;15;30;30030;;3;2;No inventariada;;9;4;2;;;1;1;1;;;1;998
4;5;16;30;30030;;3;2;No inventariada;;9;2;1;1;;1;1;1;;;1;998
4;4;19;30;30030;;3;2;No inventariada;;9;3;1;1;;1;1;1;;;1;998
4;4;10;30;30030;;3;2;No inventariada;;9;12;2;;;1;1;1;;;1;998
4;2;7;30;30030;;3;2;No inventariada;;9;7;2;;;1;1;1;;;1;998
4;5;22;30;30030;;3;2;No inventariada;;9;10;2;;;1;4;1;;;1;998
4;4;18;30;30030;;3;2;No inventariada;;9;3;1;2;;1;1;1;;;1;998
4;6;12;30;30030;;3;2;No inventariada;;9;4;2;;;1;1;1;;;1;998
4;6;14;30;30030;;3;2;No inventariada;;9;2;2;;;1;1;1;;;1;998
4;6;12;30;30030;;3;2;No inventariada;;9;1;2;;;1;1;1;;;1;998
4;4;18;30;30030;;3;2;No inventariada;;9;7;1;1;;1;1;1;;;6;998
3;1;23;30;30030;;3;2;No inventariada;;9;10;1;2;;1;4;1;;;1;998
4;3;9;30;30030;;3;2;No inventariada;;9;2;2;;;1;1;1;;;1;998
4;6;18;30;30030;;3;2;No inventariada;;9;4;2;;;1;1;1;;;1;998
3;5;10;30;30030;;3;2;No inventariada;;9;3;1;2;;1;1;1;;;1;998
4;6;20;30;30030;;3;2;No inventariada;;9;2;1;2;;1;1;1;;;1;998
4;6;21;30;30030;;3;2;No inventariada;;9;7;1;2;;1;4;1;;;1;998
4;6;14;30;30030;;3;2;No inventariada;;9;2;1;2;;1;1;1;;;1;998
4;5;9;30;30030;;3;2;No inventariada;;9;7;2;;;1;1;1;;;1;998
4;6;11;30;30030;;3;2;No inventariada;;9;3;1;4;;1;1;1;;;1;998
4;1;8;30;30030;;3;2;No inventariada;;9;2;1;2;;1;1;1;;;1;998
3;2;20;30;30030;;3;2;No inventariada;;9;2;1;1;;1;4;1;;;1;998
4;1;15;30;30030;;3;2;No inventariada;;9;4;1;4;;1;1;1;;;1;998
4;5;10;30;30030;;3;2;No inventariada;;9;4;2;;;1;1;1;;;1;998
3;1;14;30;30030;;3;2;No inventariada;;9;2;1;1;;1;1;1;;;1;998
4;3;17;30;30030;;3;2;No inventariada;;9;10;2;;;1;1;1;;;1;998
4;2;14;30;30030;;1;1;A-30;135,5;3;5;2;;;1;1;1;;;1;1
3;5;19;30;30030;;3;2;No inventariada;;9;7;2;;;1;3;1;;;1;998
3;2;21;30;30030;;3;2;No inventariada;;9;2;1;2;;1;4;1;;;1;998
4;3;15;30;30030;;3;2;No inventariada;;9;20;2;;;1;4;7;;;1;998
4;3;12;30;30030;;3;2;No inventariada;;9;4;2;;;1;1;1;;;1;998
3;1;17;30;30030;;3;2;No inventariada;;9;2;2;;;1;1;1;;;9;998
3;3;15;30;30030;;3;2;No inventariada;;9;3;2;;;1;1;1;;;1;998
4;3;23;30;30030;;3;2;No inventariada;;9;2;1;2;;1;4;1;;;1;998
4;7;3;30;30030;;3;2;No inventariada;;9;10;2;;;1;6;1;;;1;998
4;6;12;30;30030;;3;2;No inventariada;;9;4;2;;;1;1;1;;;1;998
4;3;7;30;30030;;3;2;No inventariada;;9;4;1;1;;1;3;1;;;1;998
4;4;15;30;30030;;3;2;No inventariada;;9;16;2;;;8;1;1;;;1;998
3;2;16;30;30030;;3;2;No inventariada;;9;15;2;;;2;1;1;;;1;998
4;1;14;30;30030;;3;2;No inventariada;;9;4;1;4;;1;1;1;;;18;998
4;3;10;30;30030;;3;2;No inventariada;;9;10;1;4;;1;1;1;;;1;998
4;4;19;30;30030;;3;2;No inventariada;;9;2;1;2;;1;1;1;;;9;998
4;6;11;30;30030;;3;2;No inventariada;;9;7;1;1;;1;1;1;;;1;998
4;2;8;30;30030;;3;2;No inventariada;;9;4;1;5;;1;1;1;;;1;998
4;1;21;30;30030;;3;2;No inventariada;;9;10;2;;;1;4;1;;;1;998
4;1;15;30;30030;;3;2;No inventariada;;9;2;1;5;;1;1;1;;;1;998
4;5;14;30;30030;;3;2;No inventariada;;9;20;1;1;;1;1;1;;;1;998