MES;DIA_SEMANA;HORA;COD_PROVINCIA;COD_MUNICIPIO;ISLA;ZONA;ZONA_AGRUPADA;CARRETERA;KM;TIPO_VIA;TIPO_ACCIDENTE;NUDO;NUDO_INFO;CARRETERA_CRUCE;CONDICION_FIRME;CONDICION_ILUMINACION;CONDICION_METEO;CONDICION_NIEBLA;CONDICION_VIENTO;VISIB_RESTRINGIDA_POR;TRAZADO_PLANTA
4;5;13;30;30030;;1;1;A-7;570;3;15;2;;;1;1;1;;;1;2
4;4;17;30;30030;;3;2;No inventariada;;9;15;2;;;1;1;1;;;1;998
4;6;11;30;30030;;3;2;No inventariada;;9;2;1;2;;1;1;1;;;1;998
4;2;19;30;30030;;3;2;No inventariada;;9;2;1;1;;1;1;1;;;9;998
4;7;17;30;30030;;3;2;No inventariada;;9;2;2;;;1;1;1;;;1;998
4;7;0;30;30030;;3;2;No inventariada;;9;7;2;;;1;3;1;;;1;998
4;6;17;30;30030;;3;2;No inventariada;;9;2;1;1;;1;1;2;;;1;998
4;1;18;30;30030;;3;2;No inventariada;;9;7;2;;;1;1;2;;;18;998
4;7;14;30;30030;;3;2;No inventariada;;9;2;1;1;;1;1;1;;;1;998
3;1;10;30;30030;;3;2;No inventariada;;9;10;1;1;;1;1;1;;;1;998
3;1;15;30;30030;;3;2;No inventariada;;9;10;2;;;7;1;1;;;1;998
4;1;7;30;30030;;1;1;N-301;388,5;5;10;1;4;;7;1;1;;;1;1
4;6;13;30;30030;;3;2;No inventariada;;9;4;1;2;;1;1;1;;;1;998
4;1;8;30;30030;;3;2;No inventariada;;9;2;1;4;;1;1;1;;;1;998
4;5;9;30;30030;;3;2;No inventariada;;9;2;1;1;;1;1;2;;;1;998
3;5;13;30;30030;;3;2;No inventariada;;9;4;2;;;1;1;1;;;1;998
4;2;20;30;30030;;3;2;No inventariada;;9;2;1;4;;1;1;1;;;1;998
4;7;20;30;30030;;3;2;No inventariada;;9;1;1;1;;1;4;1;;;1;998
4;6;23;30;30030;;3;2;No inventariada;;9;1;2;;;1;4;1;;;1;998
4;1;22;30;30008;;1;1;RM-603;14;6;12;1;4;RM-603;3;4;3;;;1;1
3;1;18;30;30030;;3;2;No inventariada;;9;20;1;4;;1;1;1;;;1;998
3;2;15;30;30030;;3;2;No inventariada;;9;11;2;;;1;1;1;;;1;998
4;1;18;30;30030;;3;2;No inventariada;;9;4;1;2;;3;1;3;;;1;998
4;2;16;30;30030;;3;2;No inventariada;;9;12;2;;;1;1;1;;;2;998
4;2;9;30;30030;;3;2;No inventariada;;9;2;1;6;;1;1;1;;;1;998
3;3;18;30;30030;;3;2;No inventariada;;9;20;1;4;;1;1;1;;;1;998
4;2;18;30;30030;;3;2;No inventariada;;9;2;2;;;1;1;1;;;1;998
4;3;14;30;30030;;3;2;No inventariada;;9;2;2;;;1;1;1;;;9;998
4;3;18;30;30030;;3;2;No inventariada;;9;2;2;;;1;1;1;;;3;998
3;1;6;30;30030;;3;2;No inventariada;;9;2;2;;;3;5;3;;;5;998
4;3;8;30;30030;;3;2;No inventariada;;9;2;1;1;;1;1;1;;;1;998
4;2;19;30;30030;;3;2;No inventariada;;9;10;2;;;1;1;1;;;1;998
4;3;13;30;30030;;3;2;No inventariada;;9;2;1;1;;1;1;1;;;1;998
4;5;15;30;30030;;3;2;No inventariada;;9;4;2;;;1;1;1;;;1;998
4;3;18;30;30030;;3;2;No inventariada;;9;2;1;2;;1;1;1;;;18;998
4;5;9;30;30030;;3;2;No inventariada;;9;7;2;;;1;1;2;;;1;998
4;1;15;30;30030;;3;2;No inventariada;;9;12;1;4;;1;1;1;;;1;998
4;2;14;30;30030;;3;2;No inventariada;;9;2;1;1;;1;1;1;;;2;998
4;7;2;30;30030;;3;2;No inventariada;;9;10;2;;;1;4;1;;;1;998
4;1;19;30;30030;;3;2;No inventariada;;9;2;1;2;;1;1;1;;;1;998
3;3;14;30;30030;;3;2;No inventariada;;9;4;2;;;1;1;1;;;1;998
3;5;19;30;30030;;3;2;No inventariada;;9;2;2;;;1;3;1;;;1;998
4;3;15;30;30030;;3;2;No inventariada;;9;3;2;;;1;1;1;;;1;998
3;3;13;30;30030;;3;2;No inventariada;;9;10;2;;;1;1;1;;;1;998
3;3;10;30;30030;;3;2;No inventariada;;9;2;1;2;;1;1;1;;;1;998
4;3;11;30;30030;;3;2;No inventariada;;9;19;2;;;1;1;1;;;1;998
4;1;6;30;30030;;3;2;No inventariada;;9;3;1;4;;1;3;1;;;1;998
4;6;15;30;30030;;3;2;No inventariada;;9;10;2;;;1;1;1;;;1;998
4;2;13;30;30030;;3;2;No inventariada;;9;4;1;4;;1;1;1;;;1;998
4;3;12;30;30030;;3;2;No inventariada;;9;2;2;;;1;1;1;;;1;998
3;1;13;30;30030;;3;2;No inventariada;;9;4;2;;;1;1;1;;;1;998
4;6;20;30;30030;;3;2;No inventariada;;9;2;2;;;1;2;1;;;1;998
4;7;11;30;30030;;1;1;A-30;165,898;3;4;2;;;3;1;4;1;;5;1
4;6;19;30;30030;;3;2;No inventariada;;9;4;1;5;;1;1;2;;;1;998
4;7;22;30;30030;;1;1;A-30;152,505;3;12;2;;;3;6;3;;;1;2
4;7;21;30;30030;;3;2;No inventariada;;9;10;1;2;;3;4;1;;;1;998
4;5;22;30;30030;;3;2;No inventariada;;9;4;2;;;1;4;1;;;1;998
4;4;11;30;30030;;3;2;No inventariada;;9;2;1;2;;1;1;1;;;18;998
4;3;9;30;30030;;3;2;No inventariada;;9;4;2;;;1;1;1;;;1;998
4;1;11;30;30030;;3;2;No inventariada;;9;10;1;4;;8;1;1;;;1;998
4;3;8;30;30030;;3;2;No inventariada;;9;7;1;2;;1;1;1;;;1;998
4;5;16;30;30030;;3;2;No inventariada;;9;6;2;;;1;1;1;;;1;998
4;6;20;30;30030;;3;2;No inventariada;;9;3;2;;;1;1;1;;;2;998
4;1;14;30;30030;;3;2;No inventariada;;9;4;2;;;1;1;1;;;1;998
4;4;10;30;30030;;3;2;No inventariada;;9;2;1;2;;1;1;1;;;1;998
4;1;20;30;30030;;3;2;No inventariada;;9;10;2;;;9;3;7;;;18;998
4;1;14;30;30030;;3;2;No inventariada;;9;4;2;;;1;1;2;;;1;998
4;2;14;30;30030;;3;2;No inventariada;;9;15;2;;;1;1;1;;;1;998
4;1;18;30;30030;;3;2;No inventariada;;9;16;2;;;3;1;2;;;1;998
4;2;8;30;30030;;3;2;No inventariada;;9;7;1;1;;1;1;1;;;1;998
4;2;17;30;30030;;3;2;No inventariada;;9;2;1;1;;1;1;1;;;1;998
4;5;12;30;30030;;3;2;No inventariada;;9;7;2;;;1;1;1;;;1;998
4;3;17;30;30030;;3;2;No inventariada;;9;2;1;4;;1;1;1;;;1;998
4;5;11;30;30030;;3;2;No inventariada;;9;4;2;;;1;1;1;;;1;998
4;6;9;30;30030;;3;2;No inventariada;;9;2;1;5;;1;1;1;;;1;998
5;3;18;30;30030;;3;2;No inventariada;;9;16;2;;;1;1;1;;;1;998
4;7;10;30;30030;;3;2;No inventariada;;9;16;1;1;;3;1;2;;;1;998
5;3;22;30;30030;;3;2;No inventariada;;9;4;1;2;;1;4;1;;;1;998
4;2;21;30;30030;;3;2;No inventariada;;9;2;1;4;;1;4;1;;;1;998
5;4;16;30;30030;;3;2;No inventariada;;9;2;2;;;1;1;1;;;1;998
5;3;14;30;30030;;3;2;No inventariada;;9;10;2;;;3;1;3;;;1;998
4;4;19;30;30030;;3;2;No inventariada;;9;7;2;;;1;1;1;;;1;998
4;1;6;30;30030;;3;2;No inventariada;;9;2;1;4;;1;4;2;;;1;998
4;3;20;30;30030;;3;2;No inventariada;;9;4;2;;;1;1;1;;;1;998
3;6;11;30;30030;;3;2;No inventariada;;9;10;1;2;;1;1;1;;;1;998
4;2;10;30;30030;;3;2;No inventariada;;9;10;1;2;;3;1;3;;;1;998
4;2;16;30;30030;;3;2;No inventariada;;9;3;1;4;;1;1;1;;;1;998
4;5;7;30;30030;;3;2;No inventariada;;9;2;2;;;1;2;1;;;1;998
5;5;14;30;30030;;1;1;A-30;142,1;3;5;2;;;1;1;1;;;1;1
4;2;18;30;30030;;3;2;No inventariada;;9;4;1;4;;1;1;1;;;1;998
4;5;22;30;30030;;3;2;No inventariada;;9;10;2;;;1;4;1;;;1;998
4;1;14;30;30030;;3;2;No inventariada;;9;1;2;;;1;1;1;;;1;998
5;6;17;30;30030;;3;2;No inventariada;;9;5;2;;;1;1;1;;;1;998
4;3;16;30;30030;;3;2;No inventariada;;9;2;1;2;;1;1;1;;;1;998
5;6;21;30;30030;;1;1;N-301;388,1;5;4;1;1;;1;4;1;;;1;1
3;5;18;30;30030;;3;2;No inventariada;;9;7;2;;;1;1;1;;;1;998
5;6;18;30;30030;;3;2;No inventariada;;9;7;1;1;;1;1;1;;;9;998
5;4;17;30;30030;;3;2;No inventariada;;9;2;2;;;1;1;1;;;1;998
5;1;9;30;30030;;3;2;No inventariada;;9;2;1;5;;1;1;1;;;1;998
5;3;15;30;30030;;3;2;No inventariada;;9;7;2;;;3;1;1;;;1;998
4;6;12;30;30030;;3;2;No inventariada;;9;3;2;;;1;1;1;;;1;998
4;1;11;30;30030;;3;2;No inventariada;;9;2;1;2;;1;1;2;;;1;998
5;2;10;30;30030;;3;2;No inventariada;;9;4;1;1;;1;1;1;;;1;998
5;2;16;30;30030;;3;2;No inventariada;;9;10;2;;;1;1;1;;;1;998
3;1;13;30;30030;;3;2;No inventariada;;9;20;2;;;3;1;2;;;1;998
5;5;15;30;30030;;3;2;No inventariada;;9;4;1;4;;1;1;1;;;1;998
4;6;23;30;30030;;3;2;No inventariada;;9;7;1;2;;1;4;2;;;1;998
4;2;7;30;30030;;3;2;No inventariada;;9;2;1;2;;1;1;1;;;1;998
4;7;2;30;30030;;3;2;No inventariada;;9;7;2;;;1;4;1;;;1;998
5;5;9;30;30030;;3;2;No inventariada;;9;2;1;2;;1;1;1;;;1;998
5;3;8;30;30030;;3;2;No inventariada;;9;3;2;;;1;1;1;;;1;998
5;7;2;30;30030;;3;2;No inventariada;;9;4;2;;;1;4;1;;;4;998
5;7;15;30;30030;;3;2;No inventariada;;9;6;2;;;1;1;1;;;1;998
5;1;10;30;30030;;3;2;No inventariada;;9;2;1;4;;1;1;1;;;1;998
5;4;14;30;30030;;3;2;No inventariada;;9;7;2;;;1;1;1;;;1;998
5;3;8;30;30030;;3;2;No inventariada;;9;7;1;2;;1;1;1;;;6;998
5;4;5;30;30030;;3;2;No inventariada;;9;2;1;1;;1;4;1;;;2;998
4;2;14;30;30030;;3;2;No inventariada;;9;10;2;;;1;1;1;;;1;998
5;5;8;30;30030;;3;2;No inventariada;;9;3;1;5;;1;1;1;;;1;998
4;4;11;30;30030;;3;2;No inventariada;;9;4;2;;;1;1;1;;;1;998
5;5;9;30;30030;;3;2;No inventariada;;9;4;2;;;1;1;1;;;1;998
5;5;7;30;30030;;3;2;No inventariada;;9;2;1;5;;1;1;1;;;1;998
5;3;14;30;30030;;3;2;No inventariada;;9;2;1;2;;1;1;1;;;1;998
5;5;14;30;30030;;3;2;No inventariada;;9;2;1;1;;1;1;1;;;1;998
4;5;16;30;30030;;3;2;No inventariada;;9;4;2;;;1;1;1;;;1;998
5;5;16;30;30030;;3;2;No inventariada;;9;2;1;1;;1;1;1;;;1;998
5;5;20;30;30030;;1;1;A-7;573;3;3;2;;;1;2;1;;;6;1
4;6;23;30;30030;;3;2;No inventariada;;9;4;2;;;1;4;1;;;1;998
5;4;10;30;30030;;1;1;RM-423;1;6;4;2;;;1;1;1;;;1;1
5;6;14;30;30030;;3;2;No inventariada;;9;2;1;5;;1;1;1;;;1;998
4;3;12;30;30030;;3;2;No inventariada;;9;2;1;4;;1;1;1;;;1;998
5;5;21;30;30030;;3;2;No inventariada;;9;20;2;;;1;4;1;;;17;998
5;4;3;30;30030;;3;2;No inventariada;;9;10;2;;;1;4;1;;;1;998
5;5;9;30;30030;;3;2;No inventariada;;9;2;1;4;;1;1;1;;;1;998
5;5;11;30;30030;;3;2;No inventariada;;9;10;2;;;1;1;1;;;1;998
5;3;13;30;30030;;3;2;No inventariada;;9;7;2;;;1;1;1;;;1;998
5;4;9;30;30030;;3;2;No inventariada;;9;19;1;2;;1;1;1;;;1;998
5;1;0;30;30030;;3;2;No inventariada;;9;4;2;;;1;4;1;;;1;998
2;4;22;30;30030;;3;2;No inventariada;;9;4;2;;;1;4;1;;;1;998
5;3;12;30;30030;;3;2;No inventariada;;9;2;1;5;;3;1;3;;;1;998
5;1;23;30;30030;;3;2;No inventariada;;9;15;2;;;1;4;1;;;1;998
5;2;3;30;30030;;1;1;RM-423;7,497;6;17;2;;;1;6;1;;;1;2
4;5;0;30;30030;;3;2;No inventariada;;9;1;2;;;1;4;1;;;1;998
5;3;16;30;30030;;3;2;No inventariada;;9;10;1;1;;1;1;1;;;1;998
5;4;14;30;30030;;3;2;No inventariada;;9;2;1;4;;1;1;1;;;1;998
5;7;21;30;30030;;3;2;No inventariada;;9;10;1;4;;1;4;1;;;1;998
5;6;17;30;30030;;3;2;No inventariada;;9;15;2;;;1;1;1;;;1;998
5;6;11;30;30030;;3;2;No inventariada;;9;3;1;2;;1;1;2;;;1;998
5;4;13;30;30030;;3;2;No inventariada;;9;7;2;;;1;1;1;;;1;998
5;6;0;30;30030;;3;2;No inventariada;;9;4;2;;;1;4;1;;;1;998
4;4;14;30;30030;;3;2;No inventariada;;9;3;2;;;1;1;1;;;1;998
4;7;20;30;30030;;3;2;No inventariada;;9;7;2;;;1;1;1;;;1;998
5;2;11;30;30030;;1;1;A-30;168,8;3;4;2;;;1;1;1;;;1;1
5;1;19;30;30030;;3;2;No inventariada;;9;3;1;2;;1;2;1;;;1;998
5;6;9;30;30030;;3;2;No inventariada;;9;7;2;;;1;1;1;;;15;998
3;4;8;30;30030;;3;2;No inventariada;;9;3;1;1;;1;1;1;;;1;998
5;6;14;30;30030;;3;2;No inventariada;;9;2;1;2;;1;1;1;;;9;998
3;6;19;30;30030;;3;2;No inventariada;;9;3;1;2;;1;1;1;;;1;998
5;2;8;30;30030;;3;2;No inventariada;;9;7;1;1;;1;1;1;;;6;998
4;2;10;30;30030;;3;2;No inventariada;;9;4;2;;;1;1;2;;;1;998
5;2;8;30;30030;;3;2;No inventariada;;9;2;2;;;1;1;1;;;12;998
5;3;7;30;30030;;3;2;No inventariada;;9;2;1;1;;1;1;1;;;1;998
5;6;17;30;30030;;3;2;No inventariada;;9;10;2;;;1;1;1;;;1;998
5;3;20;30;30030;;3;2;No inventariada;;9;1;2;;;1;1;1;;;1;998
4;1;8;30;30030;;3;2;No inventariada;;9;1;1;5;;1;2;1;;;1;998
5;7;23;30;30030;;3;2;No inventariada;;9;3;1;4;;1;4;1;;;1;998
5;5;20;30;30030;;3;2;No inventariada;;9;3;1;1;;1;2;1;;;1;998
5;6;15;30;30030;;3;2;No inventariada;;9;3;2;;;1;1;1;;;1;998
5;4;12;30;30030;;3;2;No inventariada;;9;4;2;;;1;1;1;;;1;998
5;2;15;30;30030;;3;2;No inventariada;;9;4;1;2;;1;1;1;;;1;998
5;4;17;30;30030;;1;1;RM-423;0,75;6;2;1;2;RM-423;1;1;1;;;1;1
5;3;10;30;30030;;3;2;No inventariada;;9;2;1;1;;1;1;1;;;2;998
5;5;2;30;30030;;3;2;No inventariada;;9;6;2;;;1;4;1;;;1;998
5;5;5;30;30030;;3;2;No inventariada;;9;10;1;4;;1;4;1;;;1;998
5;2;15;30;30030;;3;2;No inventariada;;9;2;2;;;1;1;1;;;12;998
5;1;14;30;30030;;3;2;No inventariada;;9;8;1;2;;1;1;1;;;1;998
5;4;13;30;30030;;3;2;No inventariada;;9;20;1;1;;1;1;1;;;1;998
5;6;13;30;30030;;3;2;No inventariada;;9;2;1;2;;1;1;1;;;12;998
5;5;10;30;30030;;3;2;No inventariada;;9;2;2;;;1;4;1;;;1;998
5;5;9;30;30030;;3;2;No inventariada;;9;10;2;;;1;1;1;;;17;998
4;2;5;30;30030;;3;2;No inventariada;;9;10;1;1;;3;4;3;;;1;998
5;5;11;30;30030;;3;2;No inventariada;;9;15;2;;;1;1;1;;;1;998
4;5;17;30;30030;;3;2;No inventariada;;9;2;1;4;;1;1;1;;;1;998
5;5;20;30;30030;;3;2;No inventariada;;9;2;1;2;;1;2;1;;;1;998
5;1;20;30;30030;;3;2;No inventariada;;9;20;2;;;1;1;1;;;1;998
5;5;17;30;30030;;3;2;No inventariada;;9;12;1;2;;1;1;1;;;1;998
5;6;15;30;30030;;3;2;No inventariada;;9;10;2;;;1;1;1;;;1;998
5;4;15;30;30030;;3;2;No inventariada;;9;10;2;;;2;1;1;;;1;998
5;1;13;30;30030;;3;2;No inventariada;;9;4;2;;;1;1;1;;;1;998
5;7;7;30;30030;;3;2;No inventariada;;9;2;1;1;;1;1;1;;;1;998
5;1;19;30;30030;;3;2;No inventariada;;9;7;2;;;1;1;1;;;1;998
5;5;17;30;30030;;3;2;No inventariada;;9;7;2;;;1;1;1;;;1;998
5;4;13;30;30030;;3;2;No inventariada;;9;3;1;2;;1;1;1;;;1;998
5;5;14;30;30030;;3;2;No inventariada;;9;2;1;1;;1;1;1;;;2;998
5;2;7;30;30030;;3;2;No inventariada;;9;3;2;;;1;1;1;;;1;998
5;2;18;30;30030;;3;2;No inventariada;;9;4;1;1;;1;1;2;;;1;998
4;2;20;30;30030;;3;2;No inventariada;;9;20;2;;;1;3;1;;;1;998
5;2;20;30;30030;;3;2;No inventariada;;9;2;1;4;;1;1;1;;;1;998
5;5;12;30;30030;;3;2;No inventariada;;9;7;2;;;1;1;1;;;1;998
5;1;13;30;30030;;3;2;No inventariada;;9;16;2;;;1;1;1;;;1;998
5;1;17;30;30030;;3;2;No inventariada;;9;3;1;4;;1;1;1;;;1;998
4;1;19;30;30030;;3;2;No inventariada;;9;2;2;;;3;1;3;;;1;998
4;7;23;30;30030;;3;2;No inventariada;;9;15;1;2;;1;4;1;;;1;998
5;2;8;30;30030;;3;2;No inventariada;;9;7;1;2;;1;1;1;;;1;998
5;2;13;30;30030;;3;2;No inventariada;;9;10;2;;;8;1;1;;;1;998
5;7;21;30;30030;;3;2;No inventariada;;9;2;1;4;;1;4;1;;;1;998
5;2;17;30;30030;;3;2;No inventariada;;9;3;1;2;;1;1;1;;;1;998
5;1;19;30;30030;;3;2;No inventariada;;9;2;1;4;;1;1;1;;;1;998
4;2;17;30;30030;;3;2;No inventariada;;9;3;1;4;;1;1;1;;;1;998
5;2;13;30;30030;;3;2;No inventariada;;9;2;1;1;;1;1;1;;;1;998
5;6;12;30;30030;;3;2;No inventariada;;9;10;1;1;;1;1;2;;;1;998
5;2;15;30;30030;;3;2;No inventariada;;9;2;1;1;;1;1;1;;;1;998
5;3;18;30;30030;;1;1;RM-F56;2,384;5;3;1;2;;2;1;1;;;1;1
5;3;14;30;30030;;3;2;No inventariada;;9;5;2;;;1;1;1;;;1;998
5;3;14;30;30030;;3;2;No inventariada;;9;2;1;4;;1;1;1;;;1;998
4;1;11;30;30030;;3;2;No inventariada;;9;4;2;;;1;1;2;;;1;998
5;4;9;30;30030;;3;2;No inventariada;;9;2;1;1;;1;1;1;;;1;998
5;5;13;30;30030;;3;2;No inventariada;;9;2;1;1;;1;1;1;;;1;998
5;3;9;30;30030;;3;2;No inventariada;;9;4;1;2;;1;1;1;;;1;998
5;2;9;30;30030;;3;2;No inventariada;;9;10;2;;;1;1;1;;;1;998
5;3;13;30;30030;;3;2;No inventariada;;9;2;1;2;;1;1;1;;;1;998
5;4;15;30;30030;;3;2;No inventariada;;9;4;1;4;;1;1;2;;;1;998
5;4;18;30;30030;;3;2;No inventariada;;9;10;2;;;8;1;2;;;1;998
5;4;18;30;30030;;3;2;No inventariada;;9;2;1;4;;1;1;1;;;1;998
5;2;16;30;30030;;1;1;A-30;147;3;16;1;4;;1;1;1;;;1;2
5;1;16;30;30030;;3;2;No inventariada;;9;2;2;;;1;1;1;;;9;998
5;4;9;30;30030;;3;2;No inventariada;;9;2;1;2;;1;1;1;;;1;998
5;1;14;30;30030;;3;2;No inventariada;;9;1;1;2;;1;1;1;;;1;998
5;6;7;30;30030;;3;2;No inventariada;;9;2;2;;;1;1;1;;;1;998
5;2;16;30;30030;;3;2;No inventariada;;9;5;2;;;1;1;1;;;1;998
5;5;0;30;30030;;3;2;No inventariada;;9;2;1;5;;1;4;2;;;1;998
5;5;9;30;30030;;3;2;No inventariada;;9;4;2;;;1;1;1;;;1;998
5;5;8;30;30030;;3;2;No inventariada;;9;3;2;;;1;1;1;;;1;998
5;6;17;30;30030;;3;2;No inventariada;;9;2;1;1;;1;1;1;;;1;998
5;5;9;30;30030;;3;2;No inventariada;;9;10;1;2;;1;1;1;;;1;998
5;5;19;30;30030;;3;2;No inventariada;;9;10;2;;;1;1;1;;;1;998
5;5;9;30;30030;;3;2;No inventariada;;9;20;1;4;;1;1;1;;;1;998
5;3;17;30;30030;;3;2;No inventariada;;9;2;1;1;;1;1;1;;;1;998
5;7;11;30;30030;;3;2;No inventariada;;9;19;2;;;1;1;1;;;1;998
5;7;7;30;30030;;3;2;No inventariada;;9;2;1;2;;1;1;1;;;1;998
3;5;17;30;30030;;3;2;No inventariada;;9;12;2;;;1;1;1;;;1;998
3;3;16;30;30030;;3;2;No inventariada;;9;1;1;2;;1;1;1;;;1;998
5;6;22;30;30030;;3;2;No inventariada;;9;2;1;2;;1;4;1;;;1;998
5;1;6;30;30030;;3;2;No inventariada;;9;12;2;;;1;4;1;;;1;998
5;6;11;30;30030;;3;2;No inventariada;;9;3;1;2;;1;1;1;;;1;998
4;6;23;30;30030;;3;2;No inventariada;;9;19;1;3;;1;4;1;;;1;998
5;7;20;30;30030;;3;2;No inventariada;;9;4;2;;;1;1;1;;;1;998
5;6;18;30;30030;;3;2;No inventariada;;9;4;2;;;1;1;1;;;1;998
5;6;22;30;30030;;3;2;No inventariada;;9;2;1;2;;1;4;1;;;1;998
5;5;19;30;30030;;3;2;No inventariada;;9;2;2;;;1;2;1;;;6;998
5;1;19;30;30030;;3;2;No inventariada;;9;2;2;;;1;1;1;;;2;998
5;4;8;30;30030;;1;1;RM-423;4,7;6;2;1;2;;1;1;1;;;1;2
5;1;5;30;30030;;3;2;No inventariada;;9;15;2;;;1;4;1;;;1;998
5;4;21;30;30030;;3;2;No inventariada;;9;16;2;;;1;4;1;;;1;998
5;6;22;30;30030;;3;2;No inventariada;;9;12;2;;;1;4;1;;;1;998
5;5;8;30;30030;;3;2;No inventariada;;9;4;2;;;1;1;1;;;1;998
5;2;9;30;30030;;3;2;No inventariada;;9;5;2;;;1;1;1;;;1;998
5;2;19;30;30030;;3;2;No inventariada;;9;3;1;1;;1;1;1;;;1;998
5;5;20;30;30030;;3;2;No inventariada;;9;10;2;;;1;1;1;;;1;998
5;3;12;30;30030;;3;2;No inventariada;;9;4;2;;;1;1;1;;;1;998
6;6;14;30;30030;;3;2;No inventariada;;9;4;2;;;1;1;1;;;1;998
6;6;17;30;30030;;3;2;No inventariada;;9;4;2;;;1;1;1;;;1;998
5;2;17;30;30030;;3;2;No inventariada;;9;2;2;;;1;1;1;;;1;998
5;7;16;30;30030;;3;2;No inventariada;;9;2;2;;;1;1;1;;;1;998
5;7;13;30;30030;;3;2;No inventariada;;9;10;1;1;;1;1;1;;;1;998
6;6;19;30;30030;;3;2;No inventariada;;9;2;1;1;;1;1;1;;;1;998
6;7;11;30;30030;;3;2;No inventariada;;9;19;2;;;3;1;1;;;1;998
6;6;14;30;30030;;3;2;No inventariada;;9;10;2;;;1;1;1;;;1;998
6;1;3;30;30030;;3;2;No inventariada;;9;10;2;;;1;4;1;;;1;998
5;4;20;30;30030;;3;2;No inventariada;;9;10;2;;;1;1;1;;;1;998
5;2;8;30;30030;;3;2;No inventariada;;9;10;1;4;;1;1;1;;;1;998
6;7;14;30;30030;;1;1;RM-15;9,6;3;12;2;;;1;1;1;;;1;1
5;3;21;30;30030;;3;2;No inventariada;;9;12;1;2;;1;2;1;;;1;998
5;3;13;30;30030;;3;2;No inventariada;;9;3;2;;;1;1;1;;;1;998
4;1;11;30;30030;;3;2;No inventariada;;9;19;2;;;1;1;1;;;1;998
5;1;14;30;30030;;3;2;No inventariada;;9;2;2;;;1;1;1;;;1;998
6;1;16;30;30030;;3;2;No inventariada;;9;4;1;4;;1;1;1;;;1;998
6;6;11;30;30030;;3;2;No inventariada;;9;1;1;2;;1;1;1;;;1;998
5;5;22;30;30030;;3;2;No inventariada;;9;15;2;;;1;4;1;1;;1;998
5;4;14;30;30030;;3;2;No inventariada;;9;10;2;;;1;1;1;;;1;998
6;1;14;30;30030;;3;2;No inventariada;;9;20;1;2;;1;1;1;;;1;998
6;1;9;30;30030;;3;2;No inventariada;;9;7;1;2;;1;1;1;;;6;998
5;4;20;30;30030;;3;2;No inventariada;;9;2;1;2;;1;1;1;;;1;998
6;2;17;30;30030;;3;2;No inventariada;;9;2;1;1;;1;1;1;;;1;998
5;3;13;30;30030;;3;2;No inventariada;;9;10;1;2;;1;1;1;;;18;998
5;2;10;30;30030;;3;2;No inventariada;;9;2;1;2;;1;1;1;;;1;998
6;1;0;30;30030;;3;2;No inventariada;;9;4;2;;;1;4;1;;;1;998
5;4;16;30;30030;;3;2;No inventariada;;9;10;2;;;1;1;1;;;1;998
5;4;20;30;30030;;3;2;No inventariada;;9;4;1;2;;1;1;1;;;1;998
6;3;19;30;30030;;3;2;No inventariada;;9;10;2;;;1;1;1;;;1;998
5;6;20;30;30030;;3;2;No inventariada;;9;7;1;2;;1;1;1;;;1;998
6;4;1;30;30030;;3;2;No inventariada;;9;10;2;;;1;4;1;;;4;998
6;3;12;30;30030;;3;2;No inventariada;;9;7;1;1;;1;1;1;;;1;998
6;2;21;30;30030;;3;2;No inventariada;;9;7;2;;;1;4;1;;;1;998
5;5;11;30;30030;;3;2;No inventariada;;9;2;1;1;;1;1;1;;;1;998
6;3;19;30;30030;;3;2;No inventariada;;9;10;2;;;1;1;1;;;1;998
6;4;14;30;30030;;1;1;A-30;141;3;3;2;;;1;1;2;;;1;1
5;3;1;30;30030;;3;2;No inventariada;;9;10;2;;;1;4;1;;;1;998
6;4;8;30;30030;;3;2;No inventariada;;9;4;2;;;1;1;1;;;1;998
6;5;7;30;30030;;3;2;No inventariada;;9;1;1;2;;1;1;1;;;1;998