MES;DIA_SEMANA;HORA;COD_PROVINCIA;COD_MUNICIPIO;ISLA;ZONA;ZONA_AGRUPADA;CARRETERA;KM;TIPO_VIA;TIPO_ACCIDENTE;NUDO;NUDO_INFO;CARRETERA_CRUCE;CONDICION_FIRME;CONDICION_ILUMINACION;CONDICION_METEO;CONDICION_NIEBLA;CONDICION_VIENTO;VISIB_RESTRINGIDA_POR;TRAZADO_PLANTA
6;5;11;30;30030;;3;2;No inventariada;;9;10;2;;;1;1;1;;;1;998
6;3;15;30;30030;;3;2;No inventariada;;9;2;1;2;;1;1;1;;;1;998
6;3;9;30;30030;;3;2;No inventariada;;9;7;2;;;1;1;1;;;1;998
5;4;20;30;30030;;3;2;No inventariada;;9;2;2;;;1;1;1;;;1;998
6;7;21;30;30030;;3;2;No inventariada;;9;10;2;;;1;2;1;;;1;998
6;3;11;30;30030;;3;2;No inventariada;;9;10;2;;;1;1;1;;;1;998
5;2;12;30;30030;;3;2;No inventariada;;9;10;2;;;1;1;1;;;1;998
6;4;15;30;30030;;3;2;No inventariada;;9;2;1;2;;1;1;1;;;1;998
6;4;18;30;30030;;3;2;No inventariada;;9;2;1;1;;1;6;1;;;3;998
6;6;1;30;30030;;3;2;No inventariada;;9;12;1;4;;1;4;1;;;18;998
5;5;18;30;30030;;3;2;No inventariada;;9;2;1;1;;1;1;1;;;1;998
6;6;12;30;30030;;3;2;No inventariada;;9;2;1;1;;1;1;1;;;1;998
6;3;16;30;30030;;3;2;No inventariada;;9;10;2;;;1;1;1;;;1;998
6;2;19;30;30030;;3;2;No inventariada;;9;1;1;2;;1;1;1;;;9;998
6;6;20;30;30030;0;3;2;No inventariada;;9;7;1;1;;1;1;1;;;1;998
6;1;9;30;30030;;3;2;No inventariada;;9;2;1;4;;1;1;1;;;1;998
5;6;21;30;30030;;3;2;No inventariada;;9;7;2;;;1;4;1;;;1;998
5;5;15;30;30030;;3;2;No inventariada;;9;3;1;1;;1;1;1;;;1;998
4;5;10;30;30030;;3;2;No inventariada;;9;2;1;2;;1;1;1;;;12;998
6;1;14;30;30030;;3;2;No inventariada;;9;10;1;2;;1;1;1;;;1;998
6;5;16;30;30030;;3;2;No inventariada;;9;2;1;2;;1;1;1;;;1;998
5;5;8;30;30030;;3;2;No inventariada;;9;10;2;;;1;1;1;;;1;998
5;7;11;30;30030;;3;2;No inventariada;;9;12;2;;;1;1;1;;;1;998
6;1;16;30;30030;;3;2;No inventariada;;9;10;1;1;;1;1;1;;;2;998
6;2;7;30;30030;;3;2;No inventariada;;9;20;2;;;1;1;1;;;1;998
6;7;12;30;30030;;3;2;No inventariada;;9;2;1;1;;1;1;1;;;1;998
5;4;8;30;30030;;3;2;No inventariada;;9;4;2;;;1;4;1;;;1;998
5;7;12;30;30030;;3;2;No inventariada;;9;10;2;;;8;1;1;;;1;998
6;6;22;30;30030;;3;2;No inventariada;;9;4;1;5;;1;4;1;;;1;998
6;6;20;30;30030;;3;2;No inventariada;;9;7;2;;;1;2;1;;;1;998
6;3;15;30;30030;;3;2;No inventariada;;9;4;2;;;1;1;1;;;1;998
5;2;15;30;30030;;3;2;No inventariada;;9;4;2;;;1;1;1;;;1;998
4;3;13;30;30030;;3;2;No inventariada;;9;2;1;5;;1;1;1;;;1;998
5;3;17;30;30030;;3;2;No inventariada;;9;2;1;4;;1;1;1;;;1;998
6;2;13;30;30030;;1;1;A-30;151,4;3;12;2;;;3;1;4;;;1;2
6;2;14;30;30030;;3;2;No inventariada;;9;20;2;;;1;1;2;;;1;998
5;3;18;30;30030;;3;2;No inventariada;;9;3;2;;;1;1;1;;;1;998
5;6;14;30;30030;;3;2;No inventariada;;9;10;2;;;1;1;1;;;1;998
6;2;15;30;30030;;3;2;No inventariada;;9;4;2;;;1;1;2;;;1;998
5;3;8;30;30030;;3;2;No inventariada;;9;2;2;;;1;1;1;;;1;998
6;6;10;30;30030;;3;2;No inventariada;;9;4;2;;;1;1;1;;;1;998
6;1;12;30;30030;;3;2;No inventariada;;9;4;1;2;;1;1;1;;;1;998
6;4;8;30;30030;;3;2;No inventariada;;9;2;1;5;;3;1;2;;;1;998
6;4;8;30;30030;;3;2;No inventariada;;9;3;1;4;;1;1;1;;;6;998
6;4;10;30;30030;;3;2;No inventariada;;9;16;2;;;1;1;2;;;1;998
6;7;0;30;30030;;3;2;No inventariada;;9;7;2;;;1;4;1;;;1;998
6;5;10;30;30030;;3;2;No inventariada;;9;16;2;;;1;1;1;;;2;998
6;5;20;30;30030;;3;2;No inventariada;;9;1;1;2;;1;1;2;;;9;998
5;5;9;30;30030;;3;2;No inventariada;;9;2;1;2;;1;1;1;;;1;998
5;6;22;30;30030;;3;2;No inventariada;;9;2;1;2;;1;4;1;;;1;998
6;4;21;30;30030;;3;2;No inventariada;;9;20;1;2;;1;4;2;;;1;998
6;1;9;30;30030;;3;2;No inventariada;;9;10;2;;;1;1;1;;;1;998
6;5;7;30;30030;;3;2;No inventariada;;9;10;2;;;8;1;1;;;1;998
6;5;9;30;30030;;3;2;No inventariada;;9;4;1;4;;1;1;1;;;1;998
6;5;10;30;30030;;3;2;No inventariada;;9;2;1;4;;1;1;1;;;1;998
6;1;9;30;30030;;3;2;No inventariada;;9;2;1;1;;1;1;1;;;1;998
5;5;12;30;30030;;3;2;No inventariada;;9;7;1;1;;1;1;1;;;1;998
5;7;21;30;30030;;3;2;No inventariada;;9;2;1;4;;1;3;1;;;1;998
5;4;15;30;30030;;3;2;No inventariada;;9;4;1;2;;1;1;1;;;1;998
5;5;13;30;30030;;3;2;No inventariada;;9;4;2;;;1;1;1;;;1;998
6;3;17;30;30030;;3;2;No inventariada;;9;12;2;;;1;1;1;;;1;998
6;3;20;30;30030;;3;2;No inventariada;;9;2;2;;;1;1;1;;;1;998
6;7;22;30;30030;;3;2;No inventariada;;9;2;1;2;;1;4;1;;;1;998
6;1;15;30;30030;;3;2;No inventariada;;9;2;1;1;;1;1;1;;;3;998
5;4;16;30;30030;;3;2;No inventariada;;9;1;1;2;;1;1;1;;;1;998
6;5;11;30;30030;;3;2;No inventariada;;9;19;2;;;1;1;1;;;1;998
6;5;11;30;30030;;3;2;No inventariada;;9;7;1;2;;1;1;1;;;6;998
5;5;7;30;30030;;3;2;No inventariada;;9;10;2;;;1;1;1;;;9;998
6;7;17;30;30030;;3;2;No inventariada;;9;7;2;;;1;1;1;;;1;998
6;2;15;30;30030;;3;2;No inventariada;;9;7;2;;;1;1;1;;;1;998
6;3;15;30;30030;;3;2;No inventariada;;9;4;2;;;3;1;2;;;1;998
5;7;17;30;30030;;3;2;No inventariada;;9;7;2;;;1;1;1;;;1;998
5;1;16;30;30030;;3;2;No inventariada;;9;19;2;;;2;1;1;;;1;998
6;4;21;30;30030;;3;2;No inventariada;;9;2;1;12;;1;1;1;;;17;998
6;1;10;30;30030;;3;2;No inventariada;;9;7;2;;;1;1;1;;;1;998
4;5;15;30;30030;;3;2;No inventariada;;9;4;2;;;1;1;1;;;1;998
5;6;0;30;30030;;3;2;No inventariada;;9;10;2;;;3;4;1;;;1;998
6;2;11;30;30030;;3;2;No inventariada;;9;2;1;4;;1;1;1;;;1;998
5;4;19;30;30030;;3;2;No inventariada;;9;2;1;2;;1;1;1;;;1;998
6;3;13;30;30030;;3;2;No inventariada;;9;4;2;;;1;1;1;;;1;998
5;5;16;30;30030;;3;2;No inventariada;;9;20;2;;;1;1;1;;;1;998
6;4;16;30;30030;;1;1;A-7;570,4;3;20;2;;;1;1;1;;;1;2
6;5;20;30;30030;;3;2;No inventariada;;9;3;2;;;1;1;1;;;1;998
6;7;23;30;30030;;3;2;No inventariada;;9;4;1;2;;3;4;1;;;1;998
6;3;10;30;30030;;3;2;No inventariada;;9;2;1;2;;1;1;1;;;1;998
5;6;15;30;30030;;3;2;No inventariada;;9;7;1;4;;1;1;1;;;9;998
6;4;11;30;30030;;3;2;No inventariada;;9;7;1;2;;1;1;1;;;1;998
6;4;18;30;30030;;3;2;No inventariada;;9;4;2;;;1;1;1;;;1;998
5;3;21;30;30030;;3;2;No inventariada;;9;10;2;;;1;4;1;;;1;998
6;4;8;30;30030;;3;2;No inventariada;;9;4;2;;;1;1;1;;;1;998
5;4;16;30;30030;;3;2;No inventariada;;9;6;2;;;1;1;1;;;1;998
6;6;10;30;30030;;3;2;No inventariada;;9;1;1;2;;1;1;1;;;2;998
6;3;20;30;30030;;3;2;No inventariada;;9;2;1;2;;1;1;1;;;1;998
6;2;12;30;30030;;3;2;No inventariada;;9;7;1;1;;1;1;1;;;1;998
6;5;10;30;30030;;3;2;No inventariada;;9;3;2;;;1;1;1;;;1;998
5;5;8;30;30030;;3;2;No inventariada;;9;2;1;4;;1;1;1;;;1;998
6;2;11;30;30030;;3;2;No inventariada;;9;5;2;;;1;1;1;;;1;998
6;5;18;30;30030;;3;2;No inventariada;;9;2;1;1;;1;1;1;;;18;998
6;5;20;30;30030;;3;2;No inventariada;;9;2;2;;;1;1;1;;;1;998
5;6;10;30;30030;;3;2;No inventariada;;9;2;1;5;;1;1;1;;;11;998
6;6;10;30;30030;;3;2;No inventariada;;9;20;2;;;1;1;1;;;1;998
5;1;8;30;30030;;3;2;No inventariada;;9;2;2;;;1;1;1;;;1;998
5;2;19;30;30030;;3;2;No inventariada;;9;10;1;2;;1;1;1;;;1;998
6;1;15;30;30030;;3;2;No inventariada;;9;2;1;2;;1;1;1;;;1;998
6;5;16;30;30030;;3;2;No inventariada;;9;4;1;4;;1;1;1;;;1;998
6;1;22;30;30030;;3;2;No inventariada;;9;10;2;;;1;4;1;;;1;998
6;1;23;30;30030;;3;2;No inventariada;;9;3;2;;;1;4;1;;;1;998
6;2;6;30;30030;;3;2;No inventariada;;9;19;1;4;;1;1;1;;;1;998
6;2;8;30;30030;;3;2;No inventariada;;9;4;2;;;1;1;1;;;1;998
5;2;16;30;30030;;3;2;No inventariada;;9;4;1;2;;1;1;1;;;1;998
6;2;10;30;30030;;3;2;No inventariada;;9;4;2;;;1;1;1;;;1;998
6;2;22;30;30030;;3;2;No inventariada;;9;2;2;;;1;4;1;;;1;998
6;5;15;30;30030;;3;2;No inventariada;;9;2;1;1;;1;1;1;;;1;998
6;3;14;30;30030;;3;2;No inventariada;;9;2;1;4;;1;1;1;;;1;998
6;3;16;30;30030;;3;2;No inventariada;;9;10;2;;;2;1;1;;;1;998
6;5;16;30;30030;;3;2;No inventariada;;9;1;1;2;;1;1;1;;;1;998
6;2;14;30;30030;;3;2;No inventariada;;9;2;1;2;;1;1;1;;;1;998
6;3;1;30;30030;;3;2;No inventariada;;9;10;2;;;1;3;1;;;1;998
4;5;20;30;30030;;3;2;No inventariada;;9;3;2;;;1;4;1;;;1;998
6;2;8;30;30030;;3;2;No inventariada;;9;4;2;;;1;1;1;;;1;998
6;4;18;30;30030;;3;2;No inventariada;;9;2;1;2;;1;1;1;;;1;998
5;5;21;30;30030;;3;2;No inventariada;;9;4;2;;;1;3;1;;;1;998
6;3;10;30;30030;;3;2;No inventariada;;9;1;2;;;1;1;1;;;1;998
5;6;13;30;30030;;3;2;No inventariada;;9;10;2;;;8;1;1;;;1;998
6;4;12;30;30030;;1;1;A-30;134;3;4;2;;;1;1;1;;;1;1
6;4;20;30;30030;;3;2;No inventariada;;9;1;1;2;;1;1;1;;;9;998
6;5;18;30;30030;;3;2;No inventariada;;9;12;1;2;;1;1;1;;;1;998
5;5;19;30;30030;;3;2;No inventariada;;9;2;1;2;;1;1;1;;;1;998
6;5;14;30;30030;;3;2;No inventariada;;9;2;2;;;1;1;1;;;1;998
6;7;21;30;30030;;3;2;No inventariada;;9;3;1;5;;1;4;1;;;1;998
6;5;21;30;30030;;3;2;No inventariada;;9;3;1;2;;1;4;1;;;1;998
6;5;13;30;30030;;3;2;No inventariada;;9;2;1;2;;1;1;1;;;1;998
6;6;13;30;30030;;3;2;No inventariada;;9;10;2;;;1;1;1;;;1;998
6;6;13;30;30030;;3;2;No inventariada;;9;2;2;;;1;1;1;;;1;998
6;6;22;30;30030;;1;1;RM-F20;2,2;6;19;2;;;1;6;1;;;1;3
6;1;19;30;30030;;3;2;No inventariada;;9;1;2;;;1;1;1;;;1;998
6;1;12;30;30030;;3;2;No inventariada;;9;7;2;;;1;1;1;;;1;998
6;7;22;30;30030;;3;2;No inventariada;;9;1;1;2;;1;4;1;;;1;998
6;2;20;30;30030;;3;2;No inventariada;;9;7;1;1;;1;1;1;;;1;998
7;1;16;30;30030;;1;1;RM-16;0,001;3;12;1;4;A-30;1;1;1;;;1;2
6;5;17;30;30030;;3;2;No inventariada;;9;4;1;4;;1;1;1;;;1;998
7;1;19;30;30030;;3;2;No inventariada;;9;2;2;;;1;1;1;;;1;998
6;4;20;30;30030;;3;2;No inventariada;;9;7;1;1;;1;1;1;;;2;998
7;2;22;30;30030;;3;2;No inventariada;;9;7;2;;;1;4;1;;;1;998
7;3;14;30;30030;;1;1;A-30;137;3;4;2;;;1;1;1;;;1;1
6;6;17;30;30030;;3;2;No inventariada;;9;10;2;;;1;1;1;;;1;998
7;4;16;30;30030;;3;2;No inventariada;;9;4;2;;;1;1;1;;;1;998
6;6;12;30;30030;;3;2;No inventariada;;9;7;2;;;1;1;1;;;1;998
7;1;16;30;30030;;3;2;No inventariada;;9;7;2;;;1;1;1;;;1;998
6;6;15;30;30030;;3;2;No inventariada;;9;2;1;5;;1;1;1;;;1;998
6;3;12;30;30030;;3;2;No inventariada;;9;15;2;;;1;1;1;;;1;998
6;6;16;30;30030;;3;2;No inventariada;;9;10;2;;;1;1;1;;;1;998
6;5;13;30;30030;;3;2;No inventariada;;9;10;2;;;1;1;1;;;1;998
6;1;13;30;30030;;3;2;No inventariada;;9;4;1;2;;1;1;1;;;1;998
6;5;12;30;30030;;3;2;No inventariada;;9;2;1;2;;1;1;1;;;1;998
6;1;16;30;30030;;3;2;No inventariada;;9;15;2;;;1;1;1;;;12;998
7;6;23;30;30030;;3;2;No inventariada;;9;2;1;1;;1;4;1;;;1;998
7;7;4;30;30030;;1;1;RM-19;7;5;4;2;;;1;6;1;;;1;1
7;6;12;30;30030;;3;2;No inventariada;;9;15;1;4;;7;1;1;;;1;998
7;7;13;30;30030;;1;1;A-7;574,025;3;4;2;;;1;6;1;;;1;1
7;2;22;30;30030;;3;2;No inventariada;;9;7;1;2;;1;3;1;;;1;998
5;3;9;30;30030;;3;2;No inventariada;;9;2;1;2;;1;1;1;;;1;998
7;1;14;30;30030;;1;1;A-7;581;3;2;1;1;;1;1;1;;;1;1
6;4;7;30;30030;;3;2;No inventariada;;9;4;1;5;;1;1;1;;;1;998
7;4;12;30;30030;;3;2;No inventariada;;9;2;1;1;;1;1;1;;;1;998
7;2;10;30;30030;;3;2;No inventariada;;9;2;1;4;;1;1;1;;;1;998
7;1;16;30;30030;;3;2;No inventariada;;9;2;1;1;;1;1;1;;;1;998
7;5;8;30;30030;;3;2;No inventariada;;9;10;2;;;1;1;1;;;1;998
7;2;5;30;30030;;1;1;A-30;139,9;3;4;2;;;1;4;1;;;1;1
5;4;8;30;30030;;3;2;No inventariada;;9;2;1;4;;1;1;1;;;1;998
7;3;15;30;30030;;1;1;RM-423;0,4;6;4;2;;;1;1;1;;;1;1
7;4;0;30;30030;;3;2;No inventariada;;9;10;2;;;1;4;1;;;1;998
5;1;19;30;30030;;3;2;No inventariada;;9;2;1;2;;1;1;1;;;1;998
7;4;11;30;30030;;3;2;No inventariada;;9;4;1;4;;1;1;1;1;;1;998
7;3;14;30;30030;;3;2;No inventariada;;9;2;2;;;1;1;1;;;1;998
7;4;13;30;30030;;1;1;A-30;137,5;3;4;2;;;1;1;1;;;1;1
6;6;12;30;30030;;3;2;No inventariada;;9;6;2;;;1;1;1;;;1;998
6;2;11;30;30030;;3;2;No inventariada;;9;7;2;;;1;1;1;;;1;998
7;4;21;30;30030;;3;2;No inventariada;;9;2;1;2;;1;1;1;;;1;998
7;4;10;30;30030;;1;1;A-30;148;3;4;2;;;1;1;1;;;1;1
7;5;14;30;30030;;1;1;RM-F19;4,5;6;2;1;2;;1;1;1;;;1;4
7;4;20;30;30030;;3;2;No inventariada;;9;3;2;;;1;1;1;;;1;998
7;5;21;30;30030;;3;2;No inventariada;;9;2;2;;;1;1;1;;;1;998
7;2;14;30;30030;;3;2;No inventariada;;9;3;1;2;;1;1;1;;;1;998
6;5;14;30;30030;;3;2;No inventariada;;9;15;1;4;;2;1;1;;;8;998
5;1;10;30;30030;;3;2;No inventariada;;9;7;1;2;;1;1;1;;;6;998
7;4;9;30;30030;;3;2;No inventariada;;9;3;2;;;1;1;1;;;1;998
7;6;11;30;30030;;3;2;No inventariada;;9;2;2;;;1;1;1;;;1;998
7;1;2;30;30030;0;3;2;No inventariada;;9;2;1;1;;1;3;1;;;1;998
7;3;23;30;30030;;3;2;No inventariada;;9;2;1;1;;1;4;1;;;1;998
7;1;13;30;30030;;3;2;No inventariada;;9;12;2;;;1;1;1;;;1;998
7;2;18;30;30030;;3;2;No inventariada;;9;2;1;1;;1;1;1;;;1;998
7;1;1;30;30030;;3;2;No inventariada;;9;12;2;;;1;4;1;;;1;998
7;1;14;30;30030;;3;2;No inventariada;;9;10;2;;;1;1;1;;;1;998
7;2;11;30;30030;;1;1;A-7;566,5;3;5;2;;;1;1;1;;;18;1
7;2;11;30;30030;;3;2;No inventariada;;9;3;2;;;1;1;1;;;1;998
6;5;0;30;30030;;3;2;No inventariada;;9;19;1;2;;2;4;2;1;;1;998
7;2;15;30;30030;;3;2;No inventariada;;9;1;1;2;;1;1;1;;;1;998
7;2;4;30;30030;;3;2;No inventariada;;9;15;2;;;1;4;1;;;1;998
7;2;10;30;30030;;3;2;No inventariada;;9;10;2;;;1;1;1;;;1;998
7;3;18;30;30030;;3;2;No inventariada;;9;10;1;4;;9;1;1;;;1;998
7;3;15;30;30030;;3;2;No inventariada;;9;20;2;;;1;1;1;;;1;998
6;4;20;30;30030;;3;2;No inventariada;;9;2;1;1;;1;1;1;;;1;998
7;1;16;30;30030;;3;2;No inventariada;;9;7;2;;;1;1;1;;;1;998
7;1;15;30;30030;;3;2;No inventariada;;9;4;2;;;1;1;1;;;1;998
7;4;12;30;30030;;1;1;RM-15;2,398;3;12;1;12;;1;1;1;;;1;1
7;7;13;30;30030;;3;2;No inventariada;;9;4;2;;;1;1;1;;;1;998
7;4;15;30;30030;;3;2;No inventariada;;9;10;2;;;1;1;1;;;1;998
7;4;19;30;30030;;3;2;No inventariada;;9;10;2;;;1;1;1;;;1;998
7;4;9;30;30030;;3;2;No inventariada;;9;7;2;;;1;1;1;;;1;998
7;5;8;30;30030;;3;2;No inventariada;;9;16;2;;;1;1;1;;;1;998
7;5;18;30;30030;;3;2;No inventariada;;9;2;1;4;;1;1;1;;;1;998
7;5;22;30;30030;;3;2;No inventariada;;9;1;1;1;;1;4;1;;;1;998
6;3;14;30;30030;;3;2;No inventariada;;9;10;2;;;1;1;1;;;1;998
7;2;22;30;30030;;3;2;No inventariada;;9;2;1;2;;1;4;1;;;1;998
7;5;13;30;30030;;3;2;No inventariada;;9;10;1;4;;2;1;1;;;1;998
6;4;8;30;30030;;3;2;No inventariada;;9;2;1;2;;1;1;1;;;1;998
7;4;13;30;30030;;3;2;No inventariada;;9;10;1;1;;1;1;1;;;1;998
6;1;16;30;30030;;3;2;No inventariada;;9;10;1;2;;1;1;1;;;1;998
7;3;15;30;30030;;3;2;No inventariada;;9;10;1;2;;1;1;1;;;1;998
7;6;18;30;30030;;3;2;No inventariada;;9;6;1;1;;1;1;1;;;1;998
7;6;19;30;30030;;3;2;No inventariada;;9;1;2;;;1;1;1;;;1;998
7;7;20;30;30030;;3;2;No inventariada;;9;15;2;;;2;1;1;;;1;998
7;1;10;30;30030;;3;2;No inventariada;;9;10;1;4;;7;1;1;;;1;998
7;2;12;30;30030;;3;2;No inventariada;;9;2;1;2;;1;1;1;;;1;998
7;5;19;30;30030;;3;2;No inventariada;;9;4;2;;;1;1;1;;;1;998
7;6;8;30;30030;;3;2;No inventariada;;9;19;2;;;1;1;1;;;1;998
5;3;19;30;30030;;3;2;No inventariada;;9;4;2;;;1;1;1;;;1;998
5;5;14;30;30030;;3;2;No inventariada;;9;4;2;;;1;1;1;;;1;998
7;2;4;30;30030;;1;1;A-30;138,152;3;4;2;;;1;6;1;;;1;1
7;5;9;30;30030;;3;2;No inventariada;;9;10;1;1;;1;1;1;;;1;998
7;1;17;30;30030;;3;2;No inventariada;;9;2;1;1;;1;1;1;;;1;998
7;4;15;30;30030;;3;2;No inventariada;;9;2;2;;;1;1;1;;;1;998
6;3;20;30;30030;;3;2;No inventariada;;9;10;1;1;;1;1;1;;;2;998
7;5;16;30;30030;;3;2;No inventariada;;9;20;2;;;1;1;1;;;1;998
7;2;16;30;30030;;3;2;No inventariada;;9;15;2;;;1;1;1;;;1;998
7;3;19;30;30030;;3;2;No inventariada;;9;2;1;1;;1;1;1;;;1;998
7;1;13;30;30030;;1;1;RM-15;6,6;3;4;2;;;1;1;1;;;1;1
7;2;7;30;30030;;3;2;No inventariada;;9;10;2;;;1;1;1;;;1;998
7;4;20;30;30030;;3;2;No inventariada;;9;1;2;;;1;1;1;;;1;998
7;2;22;30;30030;;3;2;No inventariada;;9;7;2;;;1;4;1;;;1;998
7;1;11;30;30030;;3;2;No inventariada;;9;2;1;4;;1;1;1;;;1;998
7;4;19;30;30030;;3;2;No inventariada;;9;12;1;2;;1;1;1;;;1;998
7;2;22;30;30030;;3;2;No inventariada;;9;10;2;;;1;4;1;;;1;998
7;3;16;30;30030;;3;2;No inventariada;;9;3;1;2;;1;1;1;;;1;998
7;7;20;30;30030;;3;2;No inventariada;;9;2;1;2;;1;1;1;;;1;998
6;5;15;30;30030;;3;2;No inventariada;;9;2;1;2;;1;1;1;;;9;998
6;7;9;30;30030;;3;2;No inventariada;;9;3;2;;;1;1;1;;;1;998
7;3;8;30;30030;;3;2;No inventariada;;9;2;1;2;;1;1;1;;;6;998
7;2;11;30;30030;;3;2;No inventariada;;9;2;1;1;;1;1;1;;;1;998
7;4;8;30;30030;;3;2;No inventariada;;9;2;1;1;;1;1;1;;;1;998
7;1;19;30;30030;;3;2;No inventariada;;9;4;2;;;1;1;1;;;1;998
7;4;11;30;30030;;1;1;RM-301;5,284;6;15;2;;;1;1;1;;;1;1
7;3;18;30;30030;;3;2;No inventariada;;9;2;1;4;;1;1;1;;;1;998
7;4;13;30;30027;;1;1;A-30;131;3;4;2;;;1;1;1;;;1;1
7;3;14;30;30030;;3;2;No inventariada;;9;4;2;;;1;1;1;;;1;998
7;3;17;30;30030;;3;2;No inventariada;;9;12;2;;;1;1;1;;;1;998
7;4;20;30;30030;;3;2;No inventariada;;9;7;2;;;1;1;1;;;1;998
7;3;11;30;30030;;3;2;No inventariada;;9;7;2;;;1;1;1;;;1;998
6;6;1;30;30030;;3;2;No inventariada;;9;10;2;;;1;4;1;;;1;998
7;4;10;30;30030;;3;2;No inventariada;;9;10;2;;;1;1;1;;;1;998
7;6;11;30;30030;;3;2;No inventariada;;9;3;2;;;1;1;1;;;1;998
7;5;18;30;30030;;3;2;No inventariada;;9;2;1;4;;1;1;1;;;1;998
7;7;16;30;30030;;3;2;No inventariada;;9;2;1;1;;1;1;1;;;9;998
7;5;22;30;30030;;3;2;No inventariada;;9;2;1;1;;1;4;1;;;1;998
7;6;7;30;30030;;3;2;No inventariada;;9;15;2;;;1;1;1;;;1;998
7;1;6;30;30030;;3;2;No inventariada;;9;15;1;1;;1;3;1;;;1;998
7;5;17;30;30030;;3;2;No inventariada;;9;1;1;1;;1;1;1;;;1;998
7;6;13;30;30030;;1;1;A-30;148;3;2;1;4;;1;1;1;;;1;1
6;3;18;30;30030;;3;2;No inventariada;;9;8;2;;;1;1;1;;;1;998
7;6;23;30;30030;;3;2;No inventariada;;9;2;1;1;;1;4;1;;;1;998
7;1;20;30;30030;;3;2;No inventariada;;9;2;1;2;;1;1;1;;;1;998
7;5;15;30;30030;;3;2;No inventariada;;9;2;1;2;;1;1;1;;;1;998
7;3;18;30;30030;;3;2;No inventariada;;9;2;1;1;;1;1;1;;;1;998
7;7;20;30;30030;;3;2;No inventariada;;9;19;2;;;1;1;1;;;1;998
6;2;11;30;30030;;3;2;No inventariada;;9;5;2;;;1;1;1;;;1;998
7;3;20;30;30030;;3;2;No inventariada;;9;2;1;5;;1;2;1;;;1;998
7;1;7;30;30030;;3;2;No inventariada;;9;4;2;;;1;1;1;;;1;998
7;5;19;30;30030;;3;2;No inventariada;;9;2;1;2;;1;1;1;;;1;998
7;1;10;30;30030;;3;2;No inventariada;;9;10;1;2;;1;1;1;;;1;998
7;7;20;30;30030;;3;2;No inventariada;;9;15;1;2;;1;2;1;;;1;998
7;5;18;30;30030;;3;2;No inventariada;;9;1;1;2;;1;1;1;;;1;998
7;1;12;30;30030;;3;2;No inventariada;;9;4;2;;;1;1;1;;;1;998
6;6;13;30;30030;;3;2;No inventariada;;9;2;1;5;;1;1;1;;;1;998
7;1;22;30;30030;;3;2;No inventariada;;9;4;1;2;;1;4;1;;;1;998
7;5;20;30;30030;;3;2;No inventariada;;9;2;1;1;;1;1;1;;;1;998
6;5;16;30;30030;;3;2;No inventariada;;9;10;2;;;1;1;1;;;1;998
6;5;18;30;30030;;3;2;No inventariada;;9;2;1;2;;1;1;1;;;1;998
7;7;21;30;30030;;3;2;No inventariada;;9;2;1;2;;1;2;1;;;2;998
6;7;14;30;30030;;3;2;No inventariada;;9;10;1;2;;1;1;1;;;1;998
7;3;0;30;30030;;3;2;No inventariada;;9;2;2;;;1;4;1;;;1;998
8;4;7;30;30030;;1;1;A-30;135,626;3;4;1;12;N-301;1;1;1;;;18;3
6;4;1;30;30030;;3;2;No inventariada;;9;4;1;1;;1;3;1;;;1;998
8;4;11;30;30030;;3;2;No inventariada;;9;2;1;2;;1;1;1;;;1;998
7;3;8;30;30030;;3;2;No inventariada;;9;2;2;;;1;1;1;;;1;998
7;5;17;30;30030;;3;2;No inventariada;;9;2;1;1;;1;1;1;;;1;998
7;2;10;30;30030;;3;2;No inventariada;;9;10;1;1;;1;1;1;;;1;998
7;3;11;30;30030;;3;2;No inventariada;;9;2;2;;;1;1;1;;;1;998
6;2;16;30;30030;;3;2;No inventariada;;9;2;1;4;;1;1;1;;;1;998
7;3;11;30;30030;;3;2;No inventariada;;9;4;2;;;1;1;1;;;1;998