MES;DIA_SEMANA;HORA;COD_PROVINCIA;COD_MUNICIPIO;ISLA;ZONA;ZONA_AGRUPADA;CARRETERA;KM;TIPO_VIA;TIPO_ACCIDENTE;NUDO;NUDO_INFO;CARRETERA_CRUCE;CONDICION_FIRME;CONDICION_ILUMINACION;CONDICION_METEO;CONDICION_NIEBLA;CONDICION_VIENTO;VISIB_RESTRINGIDA_POR;TRAZADO_PLANTA
8;5;19;30;30030;;1;1;A-30;143,4;3;4;2;;;1;1;1;;;1;1
7;3;7;30;30030;;3;2;No inventariada;;9;2;1;4;;1;1;1;;;1;998
7;3;10;30;30030;;3;2;No inventariada;;9;4;2;;;1;1;1;;;1;998
7;4;11;30;30030;;3;2;No inventariada;;9;2;1;1;;1;1;1;;;1;998
7;2;10;30;30030;;3;2;No inventariada;;9;10;1;4;;1;1;1;;;1;998
7;2;14;30;30030;;3;2;No inventariada;;9;2;1;1;;1;1;1;;;1;998
8;6;12;30;30030;;3;2;No inventariada;;9;2;1;1;;1;1;1;;;2;998
7;4;9;30;30030;;3;2;No inventariada;;9;10;2;;;1;1;1;;;1;998
7;7;14;30;30030;;3;2;No inventariada;;9;10;2;;;1;1;1;;;1;998
7;6;13;30;30030;;3;2;No inventariada;;9;2;1;2;;1;1;1;;;1;998
7;1;20;30;30030;;3;2;No inventariada;;9;2;1;1;;1;3;1;;;1;998
7;1;18;30;30030;;3;2;No inventariada;;9;1;2;;;1;1;1;;;1;998
7;5;21;30;30030;;3;2;No inventariada;;9;16;2;;;1;1;1;;;1;998
8;1;13;30;30030;0;3;2;No inventariada;;9;15;2;;;1;1;1;;;1;998
6;5;17;30;30030;;3;2;No inventariada;;9;10;1;1;;1;1;1;;;2;998
6;4;7;30;30030;;3;2;No inventariada;;9;2;1;4;;1;1;1;;;1;998
8;6;14;30;30030;;3;2;No inventariada;;9;2;1;2;;1;1;1;;;1;998
8;2;10;30;30030;;3;2;No inventariada;;9;2;2;;;1;1;1;;;1;998
8;2;10;30;30030;;3;2;No inventariada;;9;2;1;2;;1;1;1;;;2;998
6;4;18;30;30030;;3;2;No inventariada;;9;3;1;5;;1;1;1;;;1;998
6;4;14;30;30030;;3;2;No inventariada;;9;16;2;;;1;1;1;;;1;998
8;2;22;30;30030;;1;1;A-30;162,8;3;1;2;;;1;6;1;;;1;1
8;1;15;30;30030;;3;2;No inventariada;;9;7;1;1;;1;1;1;;;1;998
8;2;9;30;30030;;3;2;No inventariada;;9;2;1;5;;1;1;1;;;1;998
8;3;11;30;30030;;3;2;No inventariada;;9;2;2;;;1;1;1;;;1;998
8;6;19;30;30030;;3;2;No inventariada;;9;18;2;;;1;1;1;;;1;998
8;3;22;30;30030;;3;2;No inventariada;;9;19;2;;;1;4;1;;;1;998
7;1;12;30;30030;;3;2;No inventariada;;9;4;2;;;1;1;1;;;1;998
7;2;14;30;30030;;3;2;No inventariada;;9;2;1;1;;1;1;1;;;18;998
8;7;22;30;30030;;3;2;No inventariada;;9;2;1;2;;1;4;1;;;1;998
6;2;15;30;30030;;3;2;No inventariada;;9;2;1;4;;1;1;1;;;1;998
8;5;12;30;30030;;3;2;No inventariada;;9;20;2;;;1;1;1;;;1;998
6;1;7;30;30030;;3;2;No inventariada;;9;2;1;4;;1;1;1;;;1;998
8;4;20;30;30030;;3;2;No inventariada;;9;2;1;4;;1;3;1;;;1;998
8;6;7;30;30030;;3;2;No inventariada;;9;6;2;;;1;1;1;;;1;998
8;4;19;30;30030;;3;2;No inventariada;;9;2;2;;;1;1;1;;;1;998
8;4;17;30;30030;;3;2;No inventariada;;9;4;2;;;1;1;1;;;1;998
8;5;15;30;30030;;3;2;No inventariada;;9;19;2;;;1;1;1;;;1;998
8;2;19;30;30030;;3;2;No inventariada;;9;1;2;;;1;1;1;;;1;998
8;6;12;30;30030;;3;2;No inventariada;;9;10;2;;;1;1;1;;;1;998
7;2;14;30;30030;;3;2;No inventariada;;9;10;2;;;7;1;1;;;1;998
8;1;10;30;30030;;3;2;No inventariada;;9;2;2;;;1;1;1;;;1;998
8;1;14;30;30030;;3;2;No inventariada;;9;4;2;;;1;1;1;;;1;998
8;6;21;30;30030;;3;2;No inventariada;;9;4;2;;;1;4;1;;;1;998
5;1;3;30;30030;;3;2;No inventariada;;9;16;2;;;1;6;1;;;17;998
8;2;1;30;30030;;3;2;No inventariada;;9;2;1;5;;1;4;1;;;1;998
3;2;12;30;30030;;3;2;No inventariada;;9;4;2;;;1;1;1;;;1;998
7;7;21;30;30030;;3;2;No inventariada;;9;2;1;7;;1;4;1;;;18;998
8;1;15;30;30030;;3;2;No inventariada;;9;11;2;;;1;1;1;;;1;998
8;5;18;30;30030;;3;2;No inventariada;;9;12;1;2;;1;1;1;;;1;998
7;2;14;30;30030;;3;2;No inventariada;;9;10;2;;;2;1;1;;;1;998
8;4;13;30;30030;;3;2;No inventariada;;9;20;2;;;1;1;1;;;1;998
8;4;13;30;30030;;3;2;No inventariada;;9;3;2;;;1;1;1;;;1;998
8;5;1;30;30030;;3;2;No inventariada;;9;10;1;2;;1;4;1;;;1;998
8;3;14;30;30030;;3;2;No inventariada;;9;10;1;2;;1;1;1;;;1;998
8;3;12;30;30030;;3;2;No inventariada;;9;10;1;4;;8;1;2;;;1;998
8;6;10;30;30030;;3;2;No inventariada;;9;4;2;;;1;1;1;;;1;998
7;3;12;30;30030;;3;2;No inventariada;;9;2;1;2;;1;1;1;;;1;998
6;4;15;30;30030;;3;2;No inventariada;;9;2;1;2;;1;1;1;;;1;998
8;5;23;30;30030;;3;2;No inventariada;;9;10;2;;;1;4;1;;;1;998
8;6;23;30;30030;;3;2;No inventariada;;9;7;2;;;1;4;1;;;8;998
8;7;13;30;30030;;1;1;A-7;585;3;4;2;;;1;1;1;;;1;1
8;7;13;30;30030;;1;1;RM-1;27,152;3;3;2;;;1;1;1;;;1;1
8;6;20;30;30030;;3;2;No inventariada;;9;4;1;4;;1;4;1;;;1;998
8;6;8;30;30030;;3;2;No inventariada;;9;3;1;4;;1;1;1;;;1;998
7;5;12;30;30030;;3;2;No inventariada;;9;10;2;;;1;1;1;;;1;998
8;1;11;30;30030;;3;2;No inventariada;;9;10;1;2;;1;1;1;;;18;998
8;4;18;30;30030;;3;2;No inventariada;;9;10;1;4;;7;1;1;;;1;998
8;2;14;30;30030;;1;1;A-7;573,5;3;12;2;;;1;1;1;;;1;1
8;2;21;30;30030;;3;2;No inventariada;;9;10;2;;;1;4;1;;;1;998
8;3;12;30;30030;;3;2;No inventariada;;9;4;2;;;1;1;1;;;1;998
8;1;18;30;30030;;3;2;No inventariada;;9;10;1;5;;1;1;1;;;1;998
8;5;10;30;30030;;3;2;No inventariada;;9;4;2;;;1;1;1;;;1;998
8;4;6;30;30030;;3;2;No inventariada;;9;10;2;;;1;6;1;;;1;998
8;3;8;30;30030;;3;2;No inventariada;;9;4;1;4;;1;1;1;;;1;998
8;6;16;30;30030;;3;2;No inventariada;;9;2;1;2;;1;1;1;;;1;998
8;5;18;30;30030;;3;2;No inventariada;;9;20;1;2;;1;1;1;;;1;998
8;6;2;30;30030;;3;2;No inventariada;;9;10;1;2;;1;4;1;;;1;998
8;6;2;30;30030;;3;2;No inventariada;;9;10;1;4;;1;4;1;;;1;998
8;4;18;30;30030;;3;2;No inventariada;;9;10;2;;;1;1;1;;;1;998
8;6;10;30;30030;;1;1;RM-F18;3,119;6;10;2;;;8;1;1;;;1;1
8;2;19;30;30030;;3;2;No inventariada;;9;1;1;2;;1;2;1;;;18;998
8;6;12;30;30030;;3;2;No inventariada;;9;10;2;;;1;1;1;;;1;998
8;5;20;30;30030;;3;2;No inventariada;;9;10;2;;;1;1;1;;;1;998
8;6;12;30;30030;;3;2;No inventariada;;9;10;2;;;1;1;1;;;18;998
8;5;9;30;30030;;1;1;MU-30;10,4;3;2;2;;;1;1;1;;;1;2
8;6;1;30;30030;;3;2;No inventariada;;9;10;2;;;1;4;1;;;1;998
8;7;13;30;30030;;3;2;No inventariada;;9;4;1;4;;1;1;1;;;1;998
8;6;4;30;30030;;3;2;No inventariada;;9;10;2;;;1;4;1;;;1;998
8;2;22;30;30030;;3;2;No inventariada;;9;2;1;1;;1;4;1;;;1;998
8;1;15;30;30030;;1;1;A-30;139,5;3;4;2;;;1;1;1;;;1;1
8;1;14;30;30030;;3;2;No inventariada;;9;6;2;;;1;1;1;;;1;998
8;2;6;30;30030;;3;2;No inventariada;;9;19;2;;;1;4;1;;;1;998
8;3;9;30;30030;;3;2;No inventariada;;9;10;2;;;1;1;1;;;1;998
8;1;12;30;30030;;3;2;No inventariada;;9;4;2;;;1;1;1;;;1;998
8;2;14;30;30030;;3;2;No inventariada;;9;2;2;;;1;1;1;;;1;998
8;4;16;30;30030;;3;2;No inventariada;;9;10;2;;;1;1;1;;;1;998
8;2;21;30;30030;;3;2;No inventariada;;9;2;1;1;;1;4;1;;;1;998
8;7;14;30;30030;;3;2;No inventariada;;9;2;2;;;1;1;1;;;1;998
8;5;8;30;30030;;3;2;No inventariada;;9;2;1;1;;1;1;1;;;1;998
8;3;12;30;30030;;1;1;RM-601;9;6;1;2;;;1;1;1;;;1;2
8;3;14;30;30030;;3;2;No inventariada;;9;1;1;1;;1;1;1;;;1;998
6;1;9;30;30030;;3;2;No inventariada;;9;2;1;2;;1;1;1;;;1;998
6;2;20;30;30030;;3;2;No inventariada;;9;1;2;;;1;1;1;;;9;998
8;2;20;30;30030;;3;2;No inventariada;;9;10;1;5;;1;2;1;;;9;998
8;4;12;30;30030;;3;2;No inventariada;;9;2;1;2;;1;1;1;;;9;998
7;2;0;30;30030;;3;2;No inventariada;;9;12;1;1;;1;3;1;;;1;998
7;3;14;30;30030;;3;2;No inventariada;;9;2;1;2;;1;1;1;;;2;998
8;4;17;30;30030;;3;2;No inventariada;;9;10;1;4;;1;1;1;;;1;998
8;4;20;30;30030;;3;2;No inventariada;;9;10;2;;;2;2;1;;;1;998
8;5;10;30;30030;;3;2;No inventariada;;9;20;2;;;1;1;1;;;1;998
4;2;6;30;30030;;3;2;No inventariada;;9;2;1;2;;1;3;2;;;1;998
8;2;14;30;30030;;3;2;No inventariada;;9;16;2;;;1;1;1;;;1;998
8;7;3;30;30030;;3;2;No inventariada;;9;11;2;;;1;4;1;;;1;998
8;5;20;30;30030;;1;1;A-30;134,56;3;4;2;;;1;2;1;;;1;1
6;2;17;30;30030;;3;2;No inventariada;;9;4;1;2;;3;1;2;;;1;998
8;4;17;30;30030;;3;2;No inventariada;;9;4;2;;;1;1;1;;;1;998
6;7;14;30;30030;;3;2;No inventariada;;9;10;1;2;;1;1;1;;;1;998
8;6;5;30;30030;;1;1;RN-340;0,5;8;18;2;;;3;3;1;;;18;1
8;6;13;30;30030;;3;2;No inventariada;;9;1;1;12;;1;1;1;;;12;998
8;2;13;30;30030;;3;2;No inventariada;;9;4;2;;;1;1;1;;;1;998
8;3;18;30;30030;;3;2;No inventariada;;9;3;2;;;1;1;1;;;1;998
6;6;12;30;30030;;3;2;No inventariada;;9;10;2;;;1;1;1;;;1;998
8;6;2;30;30030;;3;2;No inventariada;;9;2;1;4;;1;4;1;;;1;998
9;1;12;30;30005;;1;1;A-7;578,775;3;4;2;;;1;1;1;;;1;1
9;1;20;30;30030;;1;1;RM-603;5,781;6;15;1;4;;1;1;1;;;1;2
8;6;13;30;30030;;3;2;No inventariada;;9;4;2;;;1;1;1;;;1;998
7;7;23;30;30030;;3;2;No inventariada;;9;10;2;;;1;4;1;;;1;998
8;1;17;30;30030;;3;2;No inventariada;;9;4;2;;;1;1;1;;;1;998
8;6;16;30;30030;;3;2;No inventariada;;9;4;1;2;;1;1;1;;;1;998
8;2;8;30;30030;;3;2;No inventariada;;9;12;1;2;;1;1;2;;;1;998
8;3;13;30;30030;;3;2;No inventariada;;9;2;1;5;;1;1;1;;;1;998
9;2;19;30;30030;;3;2;No inventariada;;9;16;1;2;;1;1;1;;;1;998
9;2;18;30;30030;;1;1;A-30;146,2;3;19;2;;;1;1;1;;;1;1
8;4;6;30;30030;;3;2;No inventariada;;9;3;1;4;;1;2;1;;;1;998
9;3;16;30;30030;;3;2;No inventariada;;9;10;2;;;1;1;1;;;1;998
8;1;6;30;30030;;3;2;No inventariada;;9;2;1;1;;1;2;1;;;1;998
9;1;2;30;30030;;3;2;No inventariada;;9;10;1;2;;1;4;1;;;1;998
9;4;0;30;30030;;3;2;No inventariada;;9;10;2;;;1;4;2;;;1;998
8;7;21;30;30030;;3;2;No inventariada;;9;4;2;;;1;4;1;;;1;998
9;4;14;30;30030;;1;1;A-7;574,414;3;4;2;;;1;1;1;;;1;1
9;4;15;30;30030;;3;2;No inventariada;;9;2;1;1;;1;1;1;;;2;998
7;3;19;30;30030;;3;2;No inventariada;;9;2;1;4;;1;1;1;;;1;998
9;4;22;30;30030;;3;2;No inventariada;;9;6;2;;;1;5;1;;;1;998
8;5;11;30;30030;;3;2;No inventariada;;9;5;2;;;1;1;1;;;1;998
9;2;19;30;30030;;3;2;No inventariada;;9;4;2;;;1;1;1;;;1;998
7;5;12;30;30030;;3;2;No inventariada;;9;2;1;1;;1;1;1;;;1;998
9;6;0;30;30030;;3;2;No inventariada;;9;2;1;1;;1;3;1;;;9;998
8;5;19;30;30030;;3;2;No inventariada;;9;2;1;1;;1;1;1;;;1;998
7;1;8;30;30030;;3;2;No inventariada;;9;3;1;2;;1;1;1;;;1;998
7;2;22;30;30030;;3;2;No inventariada;;9;2;1;4;;1;4;1;;;1;998
9;6;17;30;30030;;3;2;No inventariada;;9;6;2;;;1;1;1;;;1;998
9;7;21;30;30030;;3;2;No inventariada;;9;19;2;;;1;4;1;;;18;998
9;5;12;30;30030;;3;2;No inventariada;;9;10;1;2;;6;1;1;;;1;998
5;3;9;30;30030;;3;2;No inventariada;;9;2;1;5;;1;1;1;;;1;998
7;5;9;30;30030;;3;2;No inventariada;;9;2;2;;;1;1;1;;;1;998
9;5;10;30;30030;;3;2;No inventariada;;9;4;2;;;1;1;1;;;1;998
9;1;15;30;30030;;3;2;No inventariada;;9;10;2;;;2;1;1;;;1;998
9;5;21;30;30030;;3;2;No inventariada;;9;2;1;2;;1;4;1;;;1;998
9;1;14;30;30030;;3;2;No inventariada;;9;2;1;2;;1;1;1;1;;1;998
9;1;16;30;30030;;3;2;No inventariada;;9;2;2;;;1;1;1;;;1;998
9;1;1;30;30030;;3;2;No inventariada;;9;10;2;;;1;4;1;;;1;998
9;1;18;30;30030;;3;2;No inventariada;;9;4;1;2;;1;1;1;;;1;998
8;1;9;30;30030;;3;2;No inventariada;;9;2;1;2;;1;1;1;;;1;998
9;2;14;30;30030;;3;2;No inventariada;;9;7;2;;;1;1;1;;;1;998
9;2;14;30;30030;;3;2;No inventariada;;9;1;2;;;1;1;1;;;1;998
9;2;22;30;30030;;3;2;No inventariada;;9;2;2;;;1;4;1;;;1;998
8;7;7;30;30030;;3;2;No inventariada;;9;15;2;;;1;1;1;;;1;998
9;1;20;30;30030;;3;2;No inventariada;;9;2;1;2;;1;2;1;;;3;998
9;6;12;30;30030;;3;2;No inventariada;;9;4;2;;;1;1;1;;;1;998
9;7;20;30;30030;;3;2;No inventariada;;9;6;2;;;1;1;1;;;1;998
9;3;12;30;30030;;1;1;A-30;138;3;4;2;;;1;1;1;;;1;1
9;3;7;30;30030;;3;2;No inventariada;;9;2;1;5;;3;1;2;;;1;998
9;2;14;30;30030;;3;2;No inventariada;;9;16;1;2;;1;1;1;;;6;998
9;3;13;30;30030;;1;1;A-30;136,176;3;4;2;;;1;1;1;;;1;1
7;1;21;30;30030;;3;2;No inventariada;;9;20;2;;;1;1;1;;;1;998
7;4;10;30;30030;;3;2;No inventariada;;9;6;2;;;1;1;1;;;1;998
9;3;22;30;30030;;3;2;No inventariada;;9;2;1;2;;1;4;1;;;1;998
8;5;11;30;30030;;3;2;No inventariada;;9;10;2;;;1;1;1;;;1;998
9;4;7;30;30030;;1;1;A-7;575,643;3;15;2;;;1;1;1;;;1;2
7;4;15;30;30030;;3;2;No inventariada;;9;10;1;4;;1;1;1;;;1;998
9;7;13;30;30030;;3;2;No inventariada;;9;4;2;;;1;1;1;;;1;998
9;1;5;30;30030;;3;2;No inventariada;;9;2;1;2;;1;2;1;;;1;998
9;4;15;30;30030;;3;2;No inventariada;;9;1;2;;;1;1;1;;;12;998
9;4;18;30;30030;;3;2;No inventariada;;9;7;2;;;1;1;1;;;1;998
7;2;10;30;30030;;3;2;No inventariada;;9;7;2;;;1;1;1;;;1;998
9;1;4;30;30030;;3;2;No inventariada;;9;6;2;;;1;4;1;;;1;998
9;4;23;30;30030;;3;2;No inventariada;;9;2;1;1;;1;4;1;;;1;998
8;2;13;30;30030;;3;2;No inventariada;;9;1;2;;;1;1;1;;;1;998
4;2;1;30;30030;;3;2;No inventariada;;9;12;2;;;3;4;3;;;1;998
9;2;18;30;30030;;3;2;No inventariada;;9;2;1;2;;1;1;1;;;1;998
9;6;13;30;30030;;3;2;No inventariada;;9;7;2;;;1;1;1;;;1;998
9;4;18;30;30030;;3;2;No inventariada;;9;2;1;1;;1;1;1;;;1;998
9;5;21;30;30030;;3;2;No inventariada;;9;2;1;5;;1;4;1;;;17;998
9;4;21;30;30030;;3;2;No inventariada;;9;2;1;1;;1;3;1;;;1;998
9;5;22;30;30030;;3;2;No inventariada;;9;10;2;;;1;4;2;;;1;998
8;5;19;30;30030;;3;2;No inventariada;;9;7;2;;;1;1;1;;;1;998
9;3;12;30;30030;;3;2;No inventariada;;9;4;2;;;1;1;1;;;1;998
9;6;4;30;30030;;3;2;No inventariada;;9;19;2;;;1;4;2;;;1;998
9;5;23;30;30030;;3;2;No inventariada;;9;7;2;;;3;4;3;;;1;998
9;3;20;30;30030;;3;2;No inventariada;;9;2;1;1;;1;1;1;;;1;998
9;6;19;30;30030;;3;2;No inventariada;;9;7;2;;;1;1;1;;;1;998
8;7;1;30;30030;;3;2;No inventariada;;9;1;2;;;1;4;1;;;12;998
9;2;13;30;30030;;3;2;No inventariada;;9;6;2;;;1;1;1;;;18;998
7;6;3;30;30030;;3;2;No inventariada;;9;6;2;;;1;4;1;;;1;998
9;5;23;30;30030;;3;2;No inventariada;;9;20;2;;;1;4;1;;;1;998
7;5;18;30;30030;;3;2;No inventariada;;9;1;2;;;1;1;1;;;1;998
8;3;17;30;30030;;3;2;No inventariada;;9;10;2;;;1;1;1;;;1;998
7;5;13;30;30030;;3;2;No inventariada;;9;10;2;;;1;1;1;;;1;998
8;1;19;30;30030;;3;2;No inventariada;;9;2;2;;;1;1;1;;;2;998
8;4;8;30;30030;;3;2;No inventariada;;9;10;2;;;1;1;1;;;1;998
9;5;8;30;30030;;3;2;No inventariada;;9;5;2;;;1;1;2;;;1;998
9;7;23;30;30030;;3;2;No inventariada;;9;10;2;;;1;4;1;;;1;998
9;7;3;30;30030;;3;2;No inventariada;;9;10;2;;;1;4;1;;;18;998
9;3;10;30;30030;;3;2;No inventariada;;9;2;2;;;3;1;2;;;11;998
9;1;17;30;30030;;3;2;No inventariada;;9;20;2;;;1;1;1;;;1;998
7;6;19;30;30030;;3;2;No inventariada;;9;7;2;;;1;1;1;;;1;998
9;4;1;30;30030;;3;2;No inventariada;;9;10;1;5;;2;4;1;;;1;998
8;6;19;30;30030;;3;2;No inventariada;;9;7;2;;;1;1;1;;;1;998
9;5;9;30;30030;;3;2;No inventariada;;9;20;2;;;1;1;1;;;1;998
9;6;17;30;30030;;3;2;No inventariada;;9;2;1;4;;1;1;1;;;1;998
9;7;15;30;30030;;3;2;No inventariada;;9;10;2;;;1;1;2;;;1;998
9;5;13;30;30030;;3;2;No inventariada;;9;3;1;2;;1;1;1;;;1;998
9;4;14;30;30030;;3;2;No inventariada;;9;2;1;4;;1;1;1;;;1;998
9;2;20;30;30030;;3;2;No inventariada;;9;2;1;4;;1;4;1;;;1;998
9;7;20;30;30030;;3;2;No inventariada;;9;12;2;;;1;4;1;;;1;998
7;2;21;30;30030;;3;2;No inventariada;;9;4;1;4;;1;1;1;;;1;998
9;4;16;30;30030;;3;2;No inventariada;;9;2;1;4;;1;1;1;;;1;998
9;3;9;30;30030;;1;1;MU-30;7,5;3;4;2;;;1;1;1;;;18;1
9;5;15;30;30030;;3;2;No inventariada;;9;3;2;;;1;1;1;;;1;998
9;3;11;30;30030;;3;2;No inventariada;;9;7;2;;;1;1;1;;;1;998
9;2;21;30;30030;;3;2;No inventariada;;9;2;1;4;;1;3;1;;;1;998
6;1;20;30;30030;;3;2;No inventariada;;9;10;2;;;3;3;3;;;1;998
8;2;15;30;30030;;3;2;No inventariada;;9;10;2;;;1;1;1;;;1;998
8;3;19;30;30030;;3;2;No inventariada;;9;2;1;1;;1;1;1;;;1;998
9;4;9;30;30030;;1;1;A-7;571;3;4;2;;;1;1;1;;;1;1
9;4;9;30;30030;;1;1;MU-30;8;3;4;2;;;3;1;3;;;1;1
9;6;17;30;30030;;3;2;No inventariada;;9;16;2;;;1;1;1;;;1;998
9;2;9;30;30030;;3;2;No inventariada;;9;12;2;;;1;1;1;;;1;998
7;3;18;30;30030;;3;2;No inventariada;;9;10;2;;;1;1;1;;;1;998
7;1;13;30;30030;;3;2;No inventariada;;9;1;1;1;;1;1;1;;;1;998
9;5;19;30;30030;;3;2;No inventariada;;9;10;2;;;1;2;2;;;1;998
7;5;20;30;30030;;3;2;No inventariada;;9;2;1;4;;1;1;1;;;1;998
7;1;9;30;30030;;3;2;No inventariada;;9;10;1;5;;1;1;1;;;1;998
9;5;21;30;30030;;3;2;No inventariada;;9;10;2;;;1;4;1;;;1;998
9;6;4;30;30030;;3;2;No inventariada;;9;10;2;;;1;4;1;;;1;998
9;6;6;30;30030;;1;1;RM-560;8,147;6;18;2;;;1;4;1;;;1;2
9;6;9;30;30030;;1;1;A-7;564,7;3;3;2;;;3;1;3;;;1;1
9;6;16;30;30030;;1;1;A-7;567,176;3;3;2;;;1;1;1;;;1;1
9;6;12;30;30030;0;3;2;No inventariada;;9;2;1;2;;1;1;1;;;1;998
9;5;15;30;30030;;3;2;No inventariada;;9;2;1;2;;1;1;1;;;1;998
9;3;18;30;30030;;3;2;No inventariada;;9;4;1;5;;1;1;1;;;1;998
9;3;16;30;30030;;3;2;No inventariada;;9;15;2;;;1;1;1;;;1;998
7;5;8;30;30030;;3;2;No inventariada;;9;7;1;2;;1;1;1;;;6;998
9;1;7;30;30030;;1;1;A-30;141;3;5;2;;;1;1;1;;;1;1
9;5;8;30;30030;;3;2;No inventariada;;9;2;1;4;;1;1;2;;;9;998
7;1;13;30;30030;;3;2;No inventariada;;9;2;2;;;1;1;1;;;1;998
9;4;8;30;30030;;3;2;No inventariada;;9;10;1;4;;7;2;1;;;1;998
8;2;1;30;30030;;3;2;No inventariada;;9;10;2;;;1;4;1;;;1;998
9;3;11;30;30030;;3;2;No inventariada;;9;1;1;2;;1;1;1;;;1;998
9;2;14;30;30030;;1;1;A-30;146,2;3;4;2;;;1;1;1;;;1;1
9;2;15;30;30030;;3;2;No inventariada;;9;4;1;4;;1;1;1;;;1;998
9;2;17;30;30030;;3;2;No inventariada;;9;2;1;1;;1;1;1;;;1;998
8;3;10;30;30030;;3;2;No inventariada;;9;2;1;4;;1;1;1;;;1;998
9;2;23;30;30030;;1;1;RM-15;2,5;3;1;2;;;1;6;1;;;10;2
9;3;11;30;30030;;1;1;N-301;388,5;5;10;1;4;A-30;7;1;1;;;1;1
9;3;13;30;30030;;1;1;N-301;388,5;7;10;2;;;8;1;1;;;1;2
6;1;23;30;30030;;3;2;No inventariada;;9;15;2;;;1;4;1;;;1;998
6;3;14;30;30030;;3;2;No inventariada;;9;4;1;4;;1;1;1;;;1;998
5;7;6;30;30030;;3;2;No inventariada;;9;16;1;4;;1;4;1;;;1;998
6;1;21;30;30030;;3;2;No inventariada;;9;2;2;;;1;2;1;;;9;998
9;3;12;30;30030;;3;2;No inventariada;;9;15;1;4;;1;1;1;;;1;998
9;7;14;30;30030;;3;2;No inventariada;;9;2;2;;;1;1;1;;;1;998
9;4;12;30;30030;;3;2;No inventariada;;9;3;1;2;;1;1;1;;;1;998
9;1;16;30;30030;;3;2;No inventariada;;9;2;1;2;;1;1;1;;;1;998
9;6;2;30;30030;;3;2;No inventariada;;9;2;2;;;1;4;1;;;1;998
9;4;18;30;30030;;3;2;No inventariada;;9;10;1;2;;1;1;1;;;1;998
9;4;18;30;30030;;1;1;A-30;141,865;3;2;2;;;1;1;1;;;1;1
7;3;10;30;30030;;3;2;No inventariada;;9;10;2;;;1;1;1;;;1;998
9;4;13;30;30030;;3;2;No inventariada;;9;2;1;2;;1;1;1;;;1;998
9;3;20;30;30030;;3;2;No inventariada;;9;1;1;2;;1;3;1;;;1;998
6;5;20;30;30030;;3;2;No inventariada;;9;7;2;;;1;1;1;;;1;998
9;3;9;30;30030;;3;2;No inventariada;;9;2;1;1;;1;1;1;;;1;998
9;5;12;30;30030;;3;2;No inventariada;;9;2;1;1;;1;1;1;;;2;998
9;5;14;30;30030;;1;1;RM-603;4,855;6;15;2;;;1;1;1;;;1;1
9;2;17;30;30030;;3;2;No inventariada;;9;6;2;;;1;1;1;;;1;998
9;4;20;30;30030;;3;2;No inventariada;;9;10;1;4;;1;3;1;;;1;998
7;4;10;30;30030;;3;2;No inventariada;;9;10;2;;;1;1;1;;;1;998
7;4;22;30;30030;;3;2;No inventariada;;9;10;1;5;;2;4;1;;;1;998
9;5;17;30;30030;;3;2;No inventariada;;9;10;1;2;;1;1;1;;;1;998
9;7;3;30;30030;;1;1;RM-601;5,4;6;19;2;;;1;6;1;;;1;2
9;3;11;30;30030;;3;2;No inventariada;;9;2;1;1;;1;1;1;;;1;998
8;1;23;30;30030;;3;2;No inventariada;;9;3;2;;;1;4;1;;;1;998
9;2;10;30;30030;;3;2;No inventariada;;9;2;1;4;;1;1;1;;;1;998
9;2;20;30;30030;;3;2;No inventariada;;9;4;1;1;;1;4;1;;;1;998
9;2;17;30;30030;;3;2;No inventariada;;9;10;1;1;;1;1;1;;;1;998
9;3;15;30;30030;;3;2;No inventariada;;9;2;1;4;;1;1;1;;;18;998
9;1;7;30;30030;;1;1;A-7;567;3;4;2;;;1;1;1;;;1;1
9;5;20;30;30030;;3;2;No inventariada;;9;4;2;;;1;4;1;;;1;998
9;1;7;30;30030;;3;2;No inventariada;;9;4;2;;;1;1;1;;;1;998
9;1;15;30;30030;;3;2;No inventariada;;9;2;1;1;;1;1;1;;;2;998
9;1;16;30;30030;;1;1;A-30;134,937;3;15;2;;;1;1;1;;;1;2