MES;DIA_SEMANA;HORA;COD_PROVINCIA;COD_MUNICIPIO;ISLA;ZONA;ZONA_AGRUPADA;CARRETERA;KM;TIPO_VIA;TIPO_ACCIDENTE;NUDO;NUDO_INFO;CARRETERA_CRUCE;CONDICION_FIRME;CONDICION_ILUMINACION;CONDICION_METEO;CONDICION_NIEBLA;CONDICION_VIENTO;VISIB_RESTRINGIDA_POR;TRAZADO_PLANTA
9;2;17;30;30030;;3;2;No inventariada;;9;2;1;4;;1;1;1;;;1;998
9;5;11;30;30030;;3;2;No inventariada;;9;6;2;;;1;1;1;;;1;998
9;2;18;30;30030;;3;2;No inventariada;;9;2;1;2;;1;1;1;;;2;998
9;4;18;30;30030;;3;2;No inventariada;;9;10;2;;;1;1;1;;;6;998
10;2;7;30;30030;;3;2;No inventariada;;9;7;2;;;1;3;1;;;1;998
10;2;23;30;30030;;1;1;A-30;134,5;3;14;1;12;;1;6;1;;;1;2
9;3;16;30;30030;;3;2;No inventariada;;9;10;2;;;1;1;1;;;1;998
10;3;8;30;30030;;1;1;A-7;574,2;3;4;2;;;1;1;1;;;18;1
10;3;8;30;30030;;1;1;MU-30;7,4;3;4;2;;;1;1;1;;;1;1
10;2;9;30;30030;;3;2;No inventariada;;9;7;1;2;;1;1;1;;;1;998
9;2;18;30;30030;;3;2;No inventariada;;9;1;1;1;;1;1;1;;;1;998
9;5;13;30;30030;;3;2;No inventariada;;9;4;2;;;1;1;1;;;1;998
9;4;15;30;30030;;3;2;No inventariada;;9;7;2;;;1;1;1;;;1;998
9;5;19;30;30030;;3;2;No inventariada;;9;4;1;1;;1;1;1;;;1;998
9;2;17;30;30030;;3;2;No inventariada;;9;2;1;5;;1;1;1;;;9;998
9;5;17;30;30030;;3;2;No inventariada;;9;2;2;;;1;1;1;;;1;998
9;1;15;30;30030;;3;2;No inventariada;;9;4;2;;;1;1;1;;;1;998
9;3;22;30;30030;;3;2;No inventariada;;9;10;2;;;1;4;1;;;1;998
9;6;14;30;30030;;3;2;No inventariada;;9;2;1;2;;1;1;1;;;1;998
10;4;5;30;30030;;3;2;No inventariada;;9;3;1;5;;1;4;1;;;1;998
9;4;7;30;30030;;3;2;No inventariada;;9;1;2;;;1;2;1;;;1;998
9;6;12;30;30030;;3;2;No inventariada;;9;2;1;4;;1;1;2;;;1;998
9;6;22;30;30030;;3;2;No inventariada;;9;20;1;2;;1;4;1;;;1;998
10;4;19;30;30030;;3;2;No inventariada;;9;10;1;2;;1;1;1;;;1;998
10;4;23;30;30030;0;3;2;No inventariada;;9;15;2;;;3;4;1;;;1;998
10;5;8;30;30030;;3;2;No inventariada;;9;3;2;;;1;1;1;;;1;998
10;5;14;30;30027;;1;1;A-30;130;3;4;2;;;1;1;1;;;18;1
10;5;12;30;30030;;3;2;No inventariada;;9;7;2;;;1;1;1;;;1;998
10;3;11;30;30030;;3;2;No inventariada;;9;1;2;;;1;1;1;;;1;998
10;6;13;30;30030;;3;2;No inventariada;;9;3;2;;;1;1;1;;;1;998
10;6;14;30;30030;;3;2;No inventariada;;9;4;1;4;;1;1;1;;;1;998
9;1;17;30;30030;;3;2;No inventariada;;9;2;1;2;;1;1;1;;;1;998
10;5;16;30;30030;;1;1;A-30;171;3;5;2;;;1;1;1;;;1;1
9;7;19;30;30030;;3;2;No inventariada;;9;2;2;;;1;1;1;;;1;998
9;1;16;30;30030;;3;2;No inventariada;;9;1;2;;;1;1;1;;;1;998
9;2;10;30;30030;;3;2;No inventariada;;9;2;1;1;;1;1;1;;;1;998
10;6;15;30;30030;;3;2;No inventariada;;9;2;1;1;;1;1;1;;;1;998
9;3;13;30;30030;;3;2;No inventariada;;9;2;2;;;1;1;1;;;1;998
9;3;12;30;30030;;3;2;No inventariada;;9;4;2;;;1;1;1;;;1;998
10;1;9;30;30030;;3;2;No inventariada;;9;2;1;2;;1;1;1;;;2;998
9;5;14;30;30030;;3;2;No inventariada;;9;10;2;;;1;1;1;;;1;998
10;2;9;30;30030;;3;2;No inventariada;;9;2;2;;;1;1;1;1;;1;998
9;4;19;30;30030;;3;2;No inventariada;;9;2;1;4;;1;1;1;;;1;998
9;7;10;30;30030;;3;2;No inventariada;;9;2;1;1;;1;1;1;;;1;998
9;1;12;30;30030;;3;2;No inventariada;;9;10;2;;;1;1;1;;;1;998
9;2;7;30;30030;;3;2;No inventariada;;9;2;2;;;1;1;1;;;2;998
10;6;3;30;30030;;3;2;No inventariada;;9;4;2;;;1;4;1;;;1;998
10;3;13;30;30030;;3;2;No inventariada;;9;2;1;1;;1;1;1;;;1;998
9;4;20;30;30030;;3;2;No inventariada;;9;2;1;1;;1;4;1;;;1;998
9;4;17;30;30030;;3;2;No inventariada;;9;3;1;5;;1;1;1;;;1;998
9;3;18;30;30030;;3;2;No inventariada;;9;4;1;1;;1;1;1;;;6;998
7;5;23;30;30030;;3;2;No inventariada;;9;2;1;4;;1;4;1;;;1;998
9;4;18;30;30030;;3;2;No inventariada;;9;2;1;4;;1;1;3;;;1;998
10;4;10;30;30030;;1;1;A-7;563;3;4;2;;;1;1;1;;;1;1
10;2;22;30;30030;;3;2;No inventariada;;9;2;2;;;1;5;1;;;1;998
10;6;18;30;30030;;3;2;No inventariada;;9;4;2;;;1;1;1;;;6;998
10;4;18;30;30030;;1;1;A-30;143,771;3;16;2;;;1;1;1;;;1;2
10;4;16;30;30030;;3;2;No inventariada;;9;2;1;4;;1;1;1;;;1;998
9;2;12;30;30030;;3;2;No inventariada;;9;3;1;1;;1;1;1;;;1;998
10;5;15;30;30030;;1;1;N-301;388,3;5;4;2;;;1;1;1;;;1;1
10;6;17;30;30030;;3;2;No inventariada;;9;10;1;4;;1;1;1;;;1;998
9;6;14;30;30030;;3;2;No inventariada;;9;4;1;7;;1;1;1;;;1;998
10;1;17;30;30030;;3;2;No inventariada;;9;3;2;;;1;1;1;;;1;998
10;5;9;30;30030;;3;2;No inventariada;;9;2;1;1;;1;1;1;;;6;998
9;5;0;30;30030;;3;2;No inventariada;;9;4;1;2;;3;4;3;;;1;998
10;4;11;30;30030;;3;2;No inventariada;;9;2;2;;;1;1;1;;;1;998
10;7;1;30;30030;;3;2;No inventariada;;9;4;1;1;;1;4;1;;;1;998
10;1;14;30;30030;;3;2;No inventariada;;9;4;2;;;1;1;1;;;1;998
10;1;8;30;30030;;3;2;No inventariada;;9;4;2;;;1;1;1;;;1;998
9;5;15;30;30030;;3;2;No inventariada;;9;2;1;4;;1;1;1;;;1;998
10;1;21;30;30030;;3;2;No inventariada;;9;4;2;;;3;4;2;;;1;998
9;1;14;30;30030;;3;2;No inventariada;;9;4;2;;;1;1;1;;;1;998
10;1;19;30;30030;;3;2;No inventariada;;9;2;2;;;1;3;1;;;1;998
10;1;18;30;30030;;3;2;No inventariada;;9;10;1;2;;1;1;1;;;1;998
10;1;16;30;30030;;3;2;No inventariada;;9;2;1;1;;1;1;1;;;1;998
10;1;20;30;30030;;3;2;No inventariada;;9;10;2;;;1;4;1;;;1;998
9;2;13;30;30030;;3;2;No inventariada;;9;10;2;;;1;1;1;;;1;998
10;2;21;30;30030;;3;2;No inventariada;;9;1;1;2;;1;4;1;;;2;998
10;5;9;30;30030;;3;2;No inventariada;;9;10;2;;;1;1;1;;;1;998
10;3;8;30;30030;;3;2;No inventariada;;9;10;2;;;1;1;1;;;1;998
10;3;15;30;30030;;3;2;No inventariada;;9;2;1;1;;1;1;1;;;1;998
10;3;13;30;30030;;3;2;No inventariada;;9;12;2;;;1;1;1;;;1;998
10;4;13;30;30030;;3;2;No inventariada;;9;2;1;1;;1;1;1;;;1;998
10;1;14;30;30030;;3;2;No inventariada;;9;10;2;;;1;1;1;;;1;998
7;2;4;30;30030;;3;2;No inventariada;;9;3;2;;;1;4;1;;;1;998
9;6;14;30;30030;;3;2;No inventariada;;9;2;2;;;1;1;1;;;1;998
10;2;17;30;30030;;3;2;No inventariada;;9;2;1;2;;1;1;1;;;1;998
10;3;18;30;30030;;3;2;No inventariada;;9;3;1;2;;1;1;1;;;1;998
9;3;14;30;30030;;3;2;No inventariada;;9;7;2;;;1;1;1;;;9;998
10;3;21;30;30030;;3;2;No inventariada;;9;20;2;;;1;3;1;;;1;998
10;5;20;30;30030;;3;2;No inventariada;;9;3;2;;;1;4;1;;;9;998
10;3;12;30;30030;;3;2;No inventariada;;9;2;2;;;1;1;1;;;1;998
10;5;19;30;30030;;3;2;No inventariada;;9;2;1;1;;1;1;1;;;1;998
10;5;17;30;30030;;3;2;No inventariada;;9;4;2;;;1;1;1;;;1;998
10;3;8;30;30030;;3;2;No inventariada;;9;2;1;2;;1;2;1;;;1;998
10;5;9;30;30030;;3;2;No inventariada;;9;3;1;4;;1;1;1;;;1;998
10;4;20;30;30030;;3;2;No inventariada;;9;3;1;4;;1;3;1;;;1;998
10;5;20;30;30030;;1;1;A-30;140,206;3;4;2;;;1;4;1;;;1;1
10;5;11;30;30030;;3;2;No inventariada;;9;16;1;2;;1;1;1;;;1;998
10;6;4;30;30038;;1;1;N-344;4,56;6;16;2;;;1;6;1;;;1;1
10;3;16;30;30030;0;3;2;No inventariada;;9;4;2;;;1;1;1;;;6;998
10;5;21;30;30030;;3;2;No inventariada;;9;10;2;;;1;4;1;;;1;998
10;2;23;30;30030;;3;2;No inventariada;;9;2;1;4;;1;4;1;;;1;998
10;3;19;30;30030;;3;2;No inventariada;;9;4;1;5;;1;3;1;;;1;998
10;6;21;30;30030;;3;2;No inventariada;;9;1;2;;;1;4;1;;;1;998
10;5;22;30;30030;;3;2;No inventariada;;9;10;1;1;;1;4;1;;;1;998
10;2;19;30;30030;;3;2;No inventariada;;9;2;1;4;;1;1;1;;;1;998
10;2;21;30;30030;;3;2;No inventariada;;9;5;1;2;;1;3;1;;;1;998
9;1;12;30;30030;;3;2;No inventariada;;9;2;1;4;;1;1;1;;;1;998
10;1;10;30;30030;;3;2;No inventariada;;9;5;2;;;1;1;1;;;1;998
9;7;1;30;30030;;3;2;No inventariada;;9;2;2;;;1;4;1;;;1;998
10;7;8;30;30030;;3;2;No inventariada;;9;2;1;1;;1;1;1;;;1;998
10;2;18;30;30030;;3;2;No inventariada;;9;2;1;2;;1;1;1;;;1;998
10;1;9;30;30030;;3;2;No inventariada;;9;2;2;;;1;1;1;;;1;998
10;7;16;30;30030;;1;1;A-7;566,3;3;4;2;;;1;1;1;;;1;1
10;7;16;30;30030;;1;1;MU-31;5;3;4;2;;;1;1;1;;;1;1
10;4;13;30;30030;;3;2;No inventariada;;9;4;2;;;1;1;1;;;1;998
10;6;21;30;30030;;3;2;No inventariada;;9;7;1;1;;1;4;1;;;1;998
10;1;5;30;30030;;3;2;No inventariada;;9;15;1;4;;1;4;1;;;1;998
10;4;20;30;30030;;3;2;No inventariada;;9;2;2;;;1;3;1;;;1;998
10;4;8;30;30030;;3;2;No inventariada;;9;3;1;2;;1;1;1;;;1;998
10;7;21;30;30030;;3;2;No inventariada;;9;12;2;;;1;4;1;;;1;998
10;1;14;30;30030;;3;2;No inventariada;;9;7;1;1;;1;1;1;;;1;998
10;4;0;30;30030;;3;2;No inventariada;;9;4;1;1;;1;4;1;;;1;998
10;2;8;30;30030;;3;2;No inventariada;;9;2;1;2;;1;3;1;;;1;998
10;2;9;30;30030;;1;1;A-30;162,2;3;1;2;;;1;1;1;;;1;1
10;2;13;30;30030;;3;2;No inventariada;;9;2;1;1;;1;1;1;;;18;998
10;2;14;30;30030;;3;2;No inventariada;;9;4;1;4;;1;1;1;;;1;998
10;6;17;30;30030;;3;2;No inventariada;;9;2;1;2;;1;1;1;;;1;998
10;2;9;30;30030;;1;1;A-30;141,3;3;4;2;;;1;1;1;;;1;1
10;1;9;30;30030;;3;2;No inventariada;;9;2;1;4;;1;1;1;;;1;998
9;5;23;30;30030;;3;2;No inventariada;;9;16;1;1;;1;3;1;;;1;998
10;2;22;30;30030;;3;2;No inventariada;;9;2;1;4;;1;4;1;;;1;998
9;1;19;30;30030;;3;2;No inventariada;;9;2;1;1;;1;1;1;;;1;998
10;3;7;30;30030;;1;1;A-7;565,786;3;12;2;;;3;6;3;;;1;1
10;3;7;30;30030;;3;2;No inventariada;;9;20;1;4;;3;4;4;;;5;998
9;5;16;30;30030;;3;2;No inventariada;;9;2;1;2;;1;1;1;;;2;998
9;4;7;30;30030;;3;2;No inventariada;;9;2;1;1;;1;1;1;;;1;998
9;5;19;30;30030;;3;2;No inventariada;;9;7;1;1;;1;2;2;;;1;998
9;5;14;30;30030;;3;2;No inventariada;;9;4;2;;;1;1;1;;;1;998
10;4;18;30;30030;;3;2;No inventariada;;9;2;1;1;;1;1;1;;;5;998
9;6;14;30;30030;;3;2;No inventariada;;9;4;1;2;;1;1;1;;;1;998
10;3;15;30;30030;;3;2;No inventariada;;9;2;2;;;1;1;1;;;1;998
9;4;13;30;30030;;3;2;No inventariada;;9;4;2;;;3;1;2;;;1;998
10;4;19;30;30030;;1;1;MU-30;7,505;3;4;2;;;1;6;1;;;1;1
10;5;13;30;30030;;3;2;No inventariada;;9;5;2;;;1;1;1;;;1;998
10;3;13;30;30030;;3;2;No inventariada;;9;10;2;;;2;1;2;;;1;998
9;7;16;30;30030;;3;2;No inventariada;;9;10;2;;;1;1;1;;;1;998
7;1;16;30;30030;;3;2;No inventariada;;9;10;1;1;;2;1;1;;;1;998
10;3;19;30;30030;;3;2;No inventariada;;9;2;2;;;3;4;3;;;1;998
10;2;21;30;30030;;3;2;No inventariada;;9;6;2;;;1;4;1;;;1;998
10;2;12;30;30030;;3;2;No inventariada;;9;2;1;2;;1;1;1;;;1;998
10;6;10;30;30030;;3;2;No inventariada;;9;10;2;;;1;1;1;;;1;998
10;7;9;30;30030;;1;1;RM-E5;1,862;6;14;2;;;2;1;2;;;1;2
10;7;20;30;30030;;3;2;No inventariada;;9;7;2;;;3;4;3;;;1;998
10;1;7;30;30030;;3;2;No inventariada;;9;1;2;;;1;1;2;;;1;998
10;2;15;30;30030;;3;2;No inventariada;;9;12;1;5;;1;1;2;;;1;998
10;5;13;30;30030;;3;2;No inventariada;;9;10;2;;;1;1;1;;;1;998
10;7;17;30;30030;;3;2;No inventariada;;9;3;1;2;;1;1;1;;;1;998
10;1;18;30;30030;;3;2;No inventariada;;9;3;1;2;;1;1;1;;;1;998
10;1;15;30;30030;;3;2;No inventariada;;9;4;2;;;1;1;1;;;1;998
9;3;9;30;30030;;3;2;No inventariada;;9;12;2;;;1;1;1;;;12;998
9;3;10;30;30030;;3;2;No inventariada;;9;3;1;2;;1;1;1;;;1;998
10;3;20;30;30030;;3;2;No inventariada;;9;7;1;2;;1;4;1;;;1;998
9;2;20;30;30030;;3;2;No inventariada;;9;10;2;;;1;3;1;;;1;998
10;2;12;30;30030;;3;2;No inventariada;;9;16;1;5;;1;1;1;;;1;998
10;6;12;30;30030;;3;2;No inventariada;;9;2;1;2;;1;1;1;;;1;998
8;5;19;30;30030;;3;2;No inventariada;;9;2;1;1;;1;1;1;;;1;998
10;1;14;30;30030;;3;2;No inventariada;;9;2;1;1;;1;1;2;;;1;998
9;6;16;30;30030;;3;2;No inventariada;;9;20;1;2;;1;1;1;;;2;998
10;3;14;30;30030;;3;2;No inventariada;;9;20;1;2;;1;1;1;;;2;998
10;1;18;30;30030;;3;2;No inventariada;;9;4;1;4;;1;2;1;;;1;998
10;1;15;30;30030;;3;2;No inventariada;;9;10;1;2;;3;1;2;;;1;998
10;5;5;30;30030;;3;2;No inventariada;;9;1;2;;;1;4;1;;;1;998
9;7;1;30;30030;;3;2;No inventariada;;9;16;1;2;;1;4;1;;;1;998
10;4;9;30;30030;;3;2;No inventariada;;9;7;1;1;;1;1;1;;;9;998
10;4;10;30;30030;;3;2;No inventariada;;9;7;1;2;;1;1;1;;;1;998
10;7;20;30;30030;;3;2;No inventariada;;9;3;1;4;;3;4;3;;;1;998
10;1;8;30;30030;;3;2;No inventariada;;9;4;2;;;1;1;1;;;1;998
10;6;9;30;30030;;3;2;No inventariada;;9;10;2;;;1;1;1;;;1;998
10;4;16;30;30030;;3;2;No inventariada;;9;6;2;;;1;4;1;;;1;998
10;3;19;30;30030;;1;1;A-7;563,725;3;4;2;;;1;6;1;;;1;1
10;4;17;30;30030;;3;2;No inventariada;;9;4;1;2;;1;1;1;;;6;998
10;4;16;30;30030;;3;2;No inventariada;;9;7;2;;;1;1;1;;;1;998
11;5;3;30;30030;;1;1;A-30;139,5;3;14;2;;;1;6;1;;;18;1
8;3;22;30;30030;;3;2;No inventariada;;9;2;1;1;;1;4;1;;;1;998
11;5;6;30;30030;;3;2;No inventariada;;9;16;2;;;1;4;1;;;1;998
9;3;16;30;30030;;3;2;No inventariada;;9;10;2;;;1;1;1;;;1;998
10;3;14;30;30030;;3;2;No inventariada;;9;2;2;;;1;1;1;;;1;998
10;5;19;30;30030;;3;2;No inventariada;;9;2;2;;;1;4;1;;;1;998
11;5;19;30;30030;;3;2;No inventariada;;9;2;1;4;;1;4;1;;;1;998
4;7;1;30;30030;;3;2;No inventariada;;9;10;2;;;1;4;1;;;1;998
9;7;9;30;30030;;3;2;No inventariada;;9;2;1;2;;1;1;1;;;1;998
10;2;10;30;30030;;3;2;No inventariada;;9;2;1;2;;3;1;1;;;1;998
9;4;20;30;30030;;3;2;No inventariada;;9;20;1;2;;1;1;1;;;1;998
9;3;17;30;30030;;3;2;No inventariada;;9;2;2;;;1;1;1;;;7;998
9;1;12;30;30030;;3;2;No inventariada;;9;4;1;5;;1;1;1;;;1;998
11;7;4;30;30030;;3;2;No inventariada;;9;19;1;2;;1;4;1;;;1;998
10;3;18;30;30030;;3;2;No inventariada;;9;4;1;1;;1;3;1;;;1;998
10;4;15;30;30030;;3;2;No inventariada;;9;4;2;;;1;1;1;;;1;998
10;4;12;30;30030;;3;2;No inventariada;;9;20;2;;;1;1;1;;;1;998
10;1;9;30;30030;;3;2;No inventariada;;9;4;1;5;;1;1;1;;;1;998
10;6;9;30;30030;;3;2;No inventariada;;9;16;1;4;;1;1;1;;;1;998
10;2;18;30;30030;;3;2;No inventariada;;9;2;1;1;;3;1;1;;;1;998
11;2;8;30;30030;;3;2;No inventariada;;9;2;1;4;;1;1;1;;;9;998
10;4;20;30;30030;;3;2;No inventariada;;9;7;2;;;1;4;1;;;1;998
9;1;9;30;30030;;3;2;No inventariada;;9;2;1;11;;1;1;1;;;1;998
9;3;13;30;30030;;3;2;No inventariada;;9;20;2;;;1;1;1;;;1;998
9;7;20;30;30030;;3;2;No inventariada;;9;10;2;;;1;3;1;;;1;998
9;1;14;30;30030;;3;2;No inventariada;;9;2;2;;;1;1;1;;;1;998
10;6;19;30;30030;;3;2;No inventariada;;9;2;1;1;;1;4;1;;;1;998
10;3;18;30;30030;;3;2;No inventariada;;9;1;2;;;1;1;1;;;1;998
11;2;18;30;30030;;3;2;No inventariada;;9;7;1;2;;1;4;1;;;1;998
10;3;21;30;30030;;3;2;No inventariada;;9;2;1;1;;1;4;1;;;1;998
10;2;13;30;30030;;3;2;No inventariada;;9;1;2;;;1;1;1;;;1;998
10;4;20;30;30030;;3;2;No inventariada;;9;10;2;;;1;4;1;;;1;998
10;5;11;30;30030;;3;2;No inventariada;;9;2;1;1;;1;1;1;;;1;998
10;1;7;30;30030;;3;2;No inventariada;;9;2;1;4;;1;3;1;;;1;998
11;3;11;30;30030;;3;2;No inventariada;;9;15;2;;;1;1;2;;;1;998
10;7;14;30;30030;;3;2;No inventariada;;9;2;1;2;;1;1;1;;;1;998
10;3;14;30;30030;;3;2;No inventariada;;9;2;1;1;;1;1;1;;;1;998
11;3;16;30;30030;;3;2;No inventariada;;9;4;1;4;;1;1;1;;;1;998
9;7;11;30;30030;;3;2;No inventariada;;9;12;1;5;;1;1;1;;;1;998
7;6;14;30;30030;;3;2;No inventariada;;9;2;1;4;;1;1;1;;;1;998
11;1;12;30;30030;;3;2;No inventariada;;9;10;2;;;1;1;1;;;1;998
9;3;10;30;30030;;3;2;No inventariada;;9;2;1;1;;1;4;1;;;1;998
11;5;10;30;30030;;3;2;No inventariada;;9;2;1;4;;1;1;1;;;1;998
11;7;19;30;30030;;3;2;No inventariada;;9;10;2;;;1;4;1;;;1;998
9;7;20;30;30030;;3;2;No inventariada;;9;2;1;2;;1;3;1;;;1;998
9;7;21;30;30030;;3;2;No inventariada;;9;1;1;1;;1;4;1;;;1;998
9;4;13;30;30030;;3;2;No inventariada;;9;7;2;;;1;1;1;;;1;998
9;3;12;30;30030;;3;2;No inventariada;;9;2;1;5;;1;1;1;;;1;998
11;4;17;30;30030;;3;2;No inventariada;;9;2;1;4;;1;1;1;;;1;998
10;3;9;30;30030;;3;2;No inventariada;;9;2;1;2;;3;1;3;;;1;998
11;5;13;30;30030;;3;2;No inventariada;;9;4;2;;;1;1;1;;;1;998
10;5;22;30;30030;;1;1;A-30;140,6;3;3;2;;;1;4;1;;;1;1
11;6;8;30;30030;;3;2;No inventariada;;9;16;1;4;;1;1;1;;;1;998
11;2;17;30;30030;;3;2;No inventariada;;9;6;2;;;1;4;1;;;1;998
11;6;9;30;30030;;3;2;No inventariada;;9;12;2;;;1;1;1;;;1;998
11;3;15;30;30030;;3;2;No inventariada;;9;16;1;4;;1;1;1;;;1;998
10;5;7;30;30030;;3;2;No inventariada;;9;15;2;;;1;3;2;1;;18;998
11;7;5;30;30030;;1;1;A-7;571,78;3;15;1;12;A-7;1;6;1;;;4;2
11;4;13;30;30030;;3;2;No inventariada;;9;15;2;;;8;1;1;;;1;998
11;6;11;30;30030;;3;2;No inventariada;;9;5;2;;;1;1;1;;;1;998
10;4;16;30;30030;;3;2;No inventariada;;9;2;1;4;;1;1;1;;;1;998
11;6;15;30;30030;;3;2;No inventariada;;9;7;2;;;1;1;1;;;6;998
11;7;18;30;30030;;3;2;No inventariada;;9;10;2;;;1;3;1;;;1;998
10;1;20;30;30030;;3;2;No inventariada;;9;2;1;5;;1;4;1;;;1;998
9;5;13;30;30030;;3;2;No inventariada;;9;2;1;4;;1;1;1;;;18;998
7;2;11;30;30030;;3;2;No inventariada;;9;4;1;4;;1;1;1;;;1;998
11;7;23;30;30030;;3;2;No inventariada;;9;2;1;1;;1;4;1;;;1;998
6;1;1;30;30030;;3;2;No inventariada;;9;10;2;;;1;4;1;;;1;998
11;1;15;30;30030;;3;2;No inventariada;;9;4;2;;;1;1;1;;;6;998
11;6;8;30;30030;;3;2;No inventariada;;9;7;1;2;;1;1;1;;;1;998
10;4;12;30;30030;;3;2;No inventariada;;9;2;1;4;;1;1;1;;;1;998
10;5;20;30;30030;;3;2;No inventariada;;9;2;1;4;;1;4;1;;;1;998
8;2;7;30;30030;;3;2;No inventariada;;9;10;1;2;;1;1;1;;;1;998
11;5;21;30;30030;;3;2;No inventariada;;9;10;1;2;;1;4;1;;;1;998
11;7;14;30;30030;;3;2;No inventariada;;9;4;2;;;3;1;2;;;1;998
11;1;17;30;30030;;3;2;No inventariada;;9;15;2;;;1;2;1;;;1;998
9;1;10;30;30030;;3;2;No inventariada;;9;7;1;2;;1;1;1;;;1;998
7;3;19;30;30030;;3;2;No inventariada;;9;2;1;2;;1;1;1;;;1;998
9;3;17;30;30030;;3;2;No inventariada;;9;2;1;5;;1;1;1;;;1;998
9;2;16;30;30030;;3;2;No inventariada;;9;4;2;;;1;1;1;;;1;998
7;4;23;30;30030;;3;2;No inventariada;;9;4;2;;;1;4;1;;;1;998
10;4;20;30;30030;;3;2;No inventariada;;9;3;1;1;;1;4;1;;;1;998
7;2;12;30;30030;;3;2;No inventariada;;9;4;1;1;;1;1;1;;;1;998
10;1;0;30;30030;;3;2;No inventariada;;9;4;2;;;3;4;3;1;;1;998
11;6;19;30;30030;;3;2;No inventariada;;9;4;2;;;1;4;1;;;1;998
9;4;14;30;30030;;3;2;No inventariada;;9;2;1;2;;1;1;1;;;1;998
10;4;14;30;30030;;3;2;No inventariada;;9;16;1;2;;1;1;1;;;1;998
11;3;20;30;30030;;3;2;No inventariada;;9;2;1;2;;1;4;2;;;2;998
11;7;19;30;30030;;3;2;No inventariada;;9;2;2;;;1;3;2;;;1;998
10;6;14;30;30030;;3;2;No inventariada;;9;7;2;;;1;1;1;;;6;998
10;3;9;30;30030;;3;2;No inventariada;;9;7;2;;;1;1;1;;;9;998
10;4;15;30;30030;;3;2;No inventariada;;9;10;1;2;;1;1;1;;;1;998
11;2;13;30;30030;;3;2;No inventariada;;9;3;1;4;;1;1;1;;;1;998
11;5;18;30;30030;;3;2;No inventariada;;9;4;1;4;;1;4;1;;;1;998
11;3;7;30;30030;;3;2;No inventariada;;9;2;1;1;;1;1;2;;;1;998
10;4;11;30;30030;;3;2;No inventariada;;9;2;1;2;;1;1;1;;;1;998
11;6;3;30;30030;;3;2;No inventariada;;9;19;2;;;1;6;1;;;1;998
11;1;6;30;30030;;3;2;No inventariada;;9;19;1;4;;1;4;1;;;1;998
11;5;19;30;30030;;3;2;No inventariada;;9;2;1;1;;1;4;1;;;1;998
11;6;23;30;30030;;3;2;No inventariada;;9;7;2;;;1;4;1;;;1;998
11;5;12;30;30030;;3;2;No inventariada;;9;2;1;4;;1;1;1;;;1;998
11;5;10;30;30030;;3;2;No inventariada;;9;10;1;1;;2;1;1;;;1;998
11;6;5;30;30030;;3;2;No inventariada;;9;2;1;5;;1;4;1;;;1;998
11;1;21;30;30030;;1;1;MU-30;19,3;3;4;2;;;1;6;1;;;1;1
11;5;15;30;30030;;3;2;No inventariada;;9;10;1;5;;1;1;1;;;1;998
11;6;16;30;30030;;3;2;No inventariada;;9;10;1;1;;1;1;1;;;1;998
11;6;13;30;30030;;3;2;No inventariada;;9;2;2;;;1;1;1;;;1;998
10;1;10;30;30030;;3;2;No inventariada;;9;3;2;;;1;1;1;;;1;998
11;2;14;30;30030;;3;2;No inventariada;;9;2;1;2;;1;1;2;;;1;998
11;2;19;30;30030;;1;1;A-7;566,768;3;4;2;;;1;6;1;;;1;1
10;7;11;30;30030;;3;2;No inventariada;;9;10;2;;;1;1;1;;;1;998
10;4;20;30;30030;;3;2;No inventariada;;9;10;2;;;1;4;1;;;1;998
11;2;14;30;30030;;3;2;No inventariada;;9;2;1;2;;1;1;1;;;1;998