MES;DIA_SEMANA;HORA;COD_PROVINCIA;COD_MUNICIPIO;ISLA;ZONA;ZONA_AGRUPADA;CARRETERA;KM;TIPO_VIA;TIPO_ACCIDENTE;NUDO;NUDO_INFO;CARRETERA_CRUCE;CONDICION_FIRME;CONDICION_ILUMINACION;CONDICION_METEO;CONDICION_NIEBLA;CONDICION_VIENTO;VISIB_RESTRINGIDA_POR;TRAZADO_PLANTA
9;1;19;30;30030;;3;2;No inventariada;;9;2;2;;;1;1;1;;;1;998
11;7;21;30;30030;;3;2;No inventariada;;9;2;1;1;;1;4;1;;;1;998
11;1;10;30;30030;;3;2;No inventariada;;9;10;2;;;1;1;1;;;1;998
11;3;19;30;30030;;3;2;No inventariada;;9;2;1;2;;1;4;1;;;1;998
11;1;22;30;30030;;3;2;No inventariada;;9;2;1;4;;1;4;1;;;1;998
11;4;15;30;30030;;3;2;No inventariada;;9;3;2;;;1;1;1;;;1;998
11;4;15;30;30030;;1;1;A-30;136;3;3;2;;;1;1;1;;;1;1
11;4;16;30;30030;;1;1;A-7;560,8;3;5;2;;;1;1;1;;;1;1
11;4;23;30;30030;;3;2;No inventariada;;9;10;2;;;1;4;1;;;1;998
10;4;13;30;30030;;3;2;No inventariada;;9;10;1;4;;1;1;1;;;1;998
11;3;18;30;30030;;3;2;No inventariada;;9;2;1;2;;1;3;1;;;1;998
11;1;17;30;30030;;3;2;No inventariada;;9;2;2;;;1;4;1;1;;1;998
11;5;14;30;30030;;1;1;A-30;140,25;3;4;2;;;1;1;1;;;1;1
11;5;16;30;30030;;3;2;No inventariada;;9;10;2;;;1;1;2;;;1;998
11;5;17;30;30030;;3;2;No inventariada;;9;4;2;;;1;1;1;;;1;998
11;5;19;30;30030;;3;2;No inventariada;;9;2;2;;;1;4;1;;;1;998
11;5;16;30;30030;;3;2;No inventariada;;9;20;2;;;7;1;1;;;1;998
11;2;8;30;30030;;3;2;No inventariada;;9;7;2;;;1;1;1;;;1;998
10;2;13;30;30030;;3;2;No inventariada;;9;7;1;2;;1;1;1;;;2;998
11;6;2;30;30030;;3;2;No inventariada;;9;12;2;;;1;4;1;;;1;998
11;5;11;30;30030;;3;2;No inventariada;;9;15;1;2;;1;1;1;;;1;998
11;4;10;30;30030;;3;2;No inventariada;;9;15;2;;;1;1;1;;;1;998
10;6;18;30;30030;;3;2;No inventariada;;9;10;1;2;;1;1;1;;;1;998
11;7;10;30;30030;;3;2;No inventariada;;9;4;2;;;1;1;2;;;1;998
11;6;18;30;30030;;3;2;No inventariada;;9;2;2;;;1;4;1;;;1;998
10;2;17;30;30030;;3;2;No inventariada;;9;2;1;2;;1;1;1;;;1;998
11;1;9;30;30030;;3;2;No inventariada;;9;2;1;1;;1;1;1;;;18;998
11;1;7;30;30030;;3;2;No inventariada;;9;7;2;;;1;3;2;;;1;998
11;6;20;30;30030;;3;2;No inventariada;;9;10;2;;;1;3;1;;;1;998
10;3;16;30;30030;;3;2;No inventariada;;9;7;2;;;1;1;1;;;1;998
11;7;11;30;30030;;3;2;No inventariada;;9;2;1;2;;1;1;1;;;15;998
11;7;4;30;30030;;3;2;No inventariada;;9;2;2;;;1;4;1;;;1;998
11;3;10;30;30030;;3;2;No inventariada;;9;4;2;;;1;1;1;;;1;998
11;4;7;30;30030;;3;2;No inventariada;;9;2;1;2;;1;1;1;;;1;998
11;1;7;30;30030;;3;2;No inventariada;;9;10;2;;;3;2;1;;;1;998
11;2;18;30;30030;;3;2;No inventariada;;9;7;1;1;;1;4;1;;;1;998
11;1;20;30;30030;;3;2;No inventariada;;9;4;1;2;;1;4;1;;;1;998
11;1;21;30;30030;;3;2;No inventariada;;9;10;1;1;;1;3;1;;;1;998
11;2;15;30;30030;;3;2;No inventariada;;9;2;1;2;;1;1;1;;;2;998
11;5;16;30;30030;;3;2;No inventariada;;9;2;1;1;;1;1;1;;;1;998
11;1;14;30;30030;;3;2;No inventariada;;9;2;1;4;;1;1;1;;;1;998
11;6;2;30;30030;;3;2;No inventariada;;9;12;2;;;1;6;1;;;1;998
10;1;8;30;30030;;3;2;No inventariada;;9;3;1;4;;1;1;1;;;1;998
11;4;16;30;30030;;3;2;No inventariada;;9;7;1;2;;1;1;1;;;1;998
11;4;18;30;30030;;3;2;No inventariada;;9;2;1;4;;1;1;1;;;1;998
11;1;5;30;30030;;3;2;No inventariada;;9;10;2;;;1;4;2;;;1;998
11;7;19;30;30030;;3;2;No inventariada;;9;6;2;;;1;4;1;;;1;998
10;2;7;30;30030;;3;2;No inventariada;;9;12;1;12;;1;3;1;;;1;998
11;1;11;30;30030;;3;2;No inventariada;;9;16;1;5;;1;1;1;;;1;998
11;7;19;30;30030;;3;2;No inventariada;;9;10;1;4;;1;4;1;;;1;998
11;5;19;30;30030;;3;2;No inventariada;;9;4;1;2;;1;4;1;;;1;998
11;5;19;30;30030;;3;2;No inventariada;;9;2;1;5;;1;4;1;;;1;998
11;3;13;30;30030;;3;2;No inventariada;;9;7;1;2;;1;1;2;;;1;998
11;5;23;30;30030;;1;1;A-30;144,25;3;3;2;;;1;6;1;;;18;1
11;2;15;30;30030;;3;2;No inventariada;;9;2;1;2;;1;1;1;;;1;998
10;4;15;30;30030;;3;2;No inventariada;;9;10;2;;;7;1;1;;;1;998
10;7;18;30;30030;;3;2;No inventariada;;9;6;2;;;3;3;3;;;18;998
11;3;17;30;30030;;3;2;No inventariada;;9;10;1;2;;1;2;1;;;1;998
11;3;14;30;30030;;3;2;No inventariada;;9;2;2;;;1;1;1;;;2;998
11;6;20;30;30030;;3;2;No inventariada;;9;4;2;;;1;4;1;;;1;998
11;6;17;30;30030;;3;2;No inventariada;;9;2;1;4;;1;1;1;;;1;998
11;5;21;30;30030;;3;2;No inventariada;;9;12;2;;;1;4;1;;;1;998
12;7;20;30;30030;;3;2;No inventariada;;9;10;2;;;1;4;1;;;1;998
11;4;18;30;30030;;3;2;No inventariada;;9;10;1;4;;1;1;1;;;1;998
10;3;8;30;30030;;3;2;No inventariada;;9;2;1;4;;1;2;1;;;1;998
11;3;7;30;30030;;3;2;No inventariada;;9;7;1;2;;1;2;1;;;2;998
10;1;14;30;30030;;3;2;No inventariada;;9;2;1;2;;1;1;1;;;1;998
10;2;18;30;30030;;3;2;No inventariada;;9;2;1;1;;1;1;1;;;1;998
11;3;8;30;30030;;3;2;No inventariada;;9;3;1;4;;1;1;1;;;1;998
11;6;20;30;30030;;3;2;No inventariada;;9;2;1;1;;1;4;1;;;1;998
12;1;7;30;30030;;3;2;No inventariada;;9;5;1;2;;1;3;1;;;1;998
11;5;18;30;30030;;3;2;No inventariada;;9;3;1;2;;1;4;1;;;1;998
11;6;14;30;30030;;3;2;No inventariada;;9;6;2;;;1;4;1;;;1;998
11;2;23;30;30030;;3;2;No inventariada;;9;12;1;2;;1;4;1;;;1;998
12;1;13;30;30030;;3;2;No inventariada;;9;7;2;;;1;1;1;;;1;998
12;1;14;30;30030;;3;2;No inventariada;;9;2;1;4;;1;1;1;;;1;998
11;5;14;30;30030;;3;2;No inventariada;;9;2;1;2;;1;1;1;;;1;998
11;1;12;30;30030;;3;2;No inventariada;;9;2;2;;;1;1;2;;;1;998
11;2;7;30;30030;;3;2;No inventariada;;9;3;1;4;;1;1;1;;;1;998
12;1;22;30;30030;;3;2;No inventariada;;9;3;1;4;;1;4;1;;;1;998
11;6;12;30;30030;;3;2;No inventariada;;9;2;2;;;9;1;1;;;1;998
10;5;14;30;30030;;3;2;No inventariada;;9;2;1;1;;1;1;1;;;1;998
11;6;11;30;30030;;3;2;No inventariada;;9;2;1;2;;1;1;1;;;1;998
10;3;12;30;30030;;3;2;No inventariada;;9;4;2;;;1;1;1;;;1;998
10;4;22;30;30030;;3;2;No inventariada;;9;19;1;2;;3;4;4;;;1;998
10;5;11;30;30030;;3;2;No inventariada;;9;10;2;;;1;1;2;1;;1;998
11;6;12;30;30030;;3;2;No inventariada;;9;4;1;2;;1;1;1;;;1;998
10;3;18;30;30030;;3;2;No inventariada;;9;2;1;1;;1;1;1;;;1;998
12;3;7;30;30030;;3;2;No inventariada;;9;6;2;;;1;4;1;;;1;998
12;3;9;30;30030;;1;1;A-30;151;3;4;2;;;1;2;2;1;;1;2
12;2;12;30;30030;;3;2;No inventariada;;9;2;2;;;1;1;1;;;18;998
11;1;13;30;30030;;3;2;No inventariada;;9;1;1;2;;1;1;1;;;1;998
12;3;18;30;30030;;3;2;No inventariada;;9;16;2;;;1;5;1;;;1;998
12;4;14;30;30030;;3;2;No inventariada;;9;2;1;4;;1;1;1;;;1;998
12;4;14;30;30030;;3;2;No inventariada;;9;4;1;2;;1;1;1;;;1;998
12;4;18;30;30030;;3;2;No inventariada;;9;4;1;5;;1;4;1;;;18;998
12;4;20;30;30030;;1;1;A-30;139;3;4;2;;;1;6;1;;;1;1
11;4;19;30;30030;;3;2;No inventariada;;9;20;1;2;;1;4;2;;;1;998
10;4;18;30;30030;;3;2;No inventariada;;9;4;1;5;;1;1;1;;;6;998
12;4;20;30;30030;;3;2;No inventariada;;9;4;2;;;1;4;1;;;1;998
10;5;15;30;30030;;3;2;No inventariada;;9;19;2;;;1;1;1;;;1;998
10;1;14;30;30030;;3;2;No inventariada;;9;2;2;;;1;1;1;;;1;998
12;3;18;30;30030;;3;2;No inventariada;;9;2;1;1;;1;4;1;;;1;998
12;4;19;30;30030;;3;2;No inventariada;;9;2;2;;;1;4;1;;;1;998
12;5;10;30;30030;;1;1;A-30;136,25;3;4;2;;;1;1;1;;;1;1
12;5;11;30;30030;;3;2;No inventariada;;9;2;1;2;;1;1;1;;;1;998
10;4;17;30;30030;;3;2;No inventariada;;9;15;2;;;1;1;1;;;1;998
12;4;12;30;30030;;1;1;A-30;146,8;3;3;2;;;1;1;1;;;1;1
12;4;17;30;30030;;3;2;No inventariada;;9;2;1;2;;1;3;1;;;11;998
12;5;19;30;30030;;3;2;No inventariada;;9;2;1;2;;1;4;1;;;1;998
12;5;22;30;30030;;3;2;No inventariada;;9;10;2;;;1;4;1;;;1;998
12;3;12;30;30030;;3;2;No inventariada;;9;10;1;2;;1;1;2;;;4;998
10;6;12;30;30030;;3;2;No inventariada;;9;2;1;1;;1;1;1;;;1;998
11;2;14;30;30030;;3;2;No inventariada;;9;7;2;;;1;1;1;;;9;998
11;6;13;30;30030;;3;2;No inventariada;;9;2;1;2;;1;1;1;;;1;998
12;6;16;30;30030;;3;2;No inventariada;;9;4;1;4;;1;1;1;;;1;998
12;6;19;30;30030;;3;2;No inventariada;;9;10;1;2;;1;4;1;;;11;998
12;5;21;30;30030;;3;2;No inventariada;;9;2;1;2;;1;4;1;;;1;998
12;6;20;30;30030;;3;2;No inventariada;;9;4;2;;;1;4;1;;;1;998
12;7;11;30;30030;;1;1;MU-30;9,205;3;10;2;;;1;1;1;;;1;1
12;5;19;30;30030;;3;2;No inventariada;;9;2;1;5;;1;4;1;;;1;998
10;5;9;30;30030;;3;2;No inventariada;;9;10;2;;;1;1;2;;;1;998
10;2;10;30;30030;;3;2;No inventariada;;9;7;2;;;1;1;1;;;9;998
11;4;16;30;30030;;3;2;No inventariada;;9;2;1;2;;1;1;1;;;1;998
11;1;7;30;30030;;3;2;No inventariada;;9;2;1;4;;1;1;2;;;1;998
12;2;18;30;30030;;3;2;No inventariada;;9;7;2;;;1;3;1;;;1;998
12;2;18;30;30030;;3;2;No inventariada;;9;4;1;2;;1;5;1;;;1;998
12;5;23;30;30030;;3;2;No inventariada;;9;2;1;4;;1;3;1;;;1;998
12;3;8;30;30030;;3;2;No inventariada;;9;10;1;4;;1;1;1;;;1;998
12;1;19;30;30030;;3;2;No inventariada;;9;4;1;2;;1;4;1;;;1;998
12;2;12;30;30030;;3;2;No inventariada;;9;2;1;2;;1;1;1;;;1;998
11;5;20;30;30030;;3;2;No inventariada;;9;10;2;;;1;4;1;;;1;998
11;7;14;30;30030;;3;2;No inventariada;;9;10;1;2;;1;1;1;;;1;998
12;2;11;30;30030;;3;2;No inventariada;;9;7;2;;;1;4;1;;;17;998
12;3;18;30;30037;;1;1;RM-F21;10,1;6;4;2;;;1;6;1;;;1;1
12;2;21;30;30030;;3;2;No inventariada;;9;7;2;;;1;4;1;;;1;998
12;2;18;30;30030;;3;2;No inventariada;;9;7;1;1;;1;4;1;;;1;998
12;2;17;30;30030;;3;2;No inventariada;;9;10;2;;;1;3;1;;;1;998
10;4;11;30;30030;;3;2;No inventariada;;9;11;1;2;;9;1;7;;;1;998
12;4;8;30;30030;;3;2;No inventariada;;9;2;1;4;;1;1;1;;;1;998
12;3;13;30;30030;;3;2;No inventariada;;9;10;1;2;;7;1;2;;;1;998
12;4;19;30;30030;;3;2;No inventariada;;9;2;2;;;1;4;1;;;18;998
12;4;15;30;30030;;3;2;No inventariada;;9;16;1;2;;1;1;1;;;1;998
12;4;9;30;30030;;3;2;No inventariada;;9;4;2;;;1;1;1;;;1;998
12;3;12;30;30030;;3;2;No inventariada;;9;3;2;;;1;1;1;;;1;998
11;7;16;30;30030;;3;2;No inventariada;;9;19;2;;;1;1;1;;;1;998
11;1;16;30;30030;;3;2;No inventariada;;9;3;2;;;1;2;1;;;1;998
12;6;0;30;30030;;3;2;No inventariada;;9;16;2;;;1;4;1;;;1;998
12;5;21;30;30030;;3;2;No inventariada;;9;19;2;;;1;4;1;;;1;998
12;3;18;30;30030;;3;2;No inventariada;;9;2;1;1;;1;4;1;;;1;998
12;5;21;30;30030;;1;1;A-30;146;3;5;2;;;1;6;1;;;1;1
10;5;11;30;30030;;3;2;No inventariada;;9;7;2;;;1;1;1;;;1;998
12;2;2;30;30030;;3;2;No inventariada;;9;20;2;;;1;4;1;;;1;998
12;6;12;30;30030;;1;1;N-344;3,5;6;16;2;;;1;1;1;;;4;2
12;6;14;30;30030;;1;1;A-7;576,184;3;5;2;;;1;1;1;;;1;1
12;2;19;30;30030;;3;2;No inventariada;;9;2;2;;;1;4;1;;;1;998
12;3;16;30;30030;;3;2;No inventariada;;9;2;1;2;;1;1;1;;;1;998
10;4;8;30;30030;;3;2;No inventariada;;9;2;1;1;;1;1;1;;;1;998
12;6;2;30;30030;;3;2;No inventariada;;9;4;2;;;1;4;1;;;1;998
12;3;8;30;30030;;3;2;No inventariada;;9;3;1;1;;1;1;1;;;1;998
12;7;10;30;30030;;1;1;RM-601;4,525;6;12;2;;;1;1;1;;;1;2
10;6;17;30;30030;;3;2;No inventariada;;9;4;1;4;;1;2;1;;;6;998
12;1;18;30;30030;;1;1;A-7;566,823;3;4;2;;;1;6;1;;;1;1
12;1;18;30;30030;;3;2;No inventariada;;9;5;2;;;1;4;1;;;1;998
12;3;21;30;30030;;3;2;No inventariada;;9;2;2;;;1;4;1;;;1;998
12;4;15;30;30030;;3;2;No inventariada;;9;12;1;4;;1;1;1;;;1;998
12;1;23;30;30030;;1;1;A-30;150,168;3;4;2;;;1;6;1;;;1;1
12;4;17;30;30030;;3;2;No inventariada;;9;7;2;;;1;1;1;;;1;998
11;4;8;30;30030;;3;2;No inventariada;;9;3;2;;;1;4;1;;;1;998
12;2;11;30;30030;;3;2;No inventariada;;9;7;2;;;1;1;1;;1;1;998
11;1;13;30;30030;;3;2;No inventariada;;9;2;1;5;;1;1;1;;;1;998
11;4;19;30;30030;;3;2;No inventariada;;9;4;2;;;1;4;1;;;1;998
11;1;19;30;30030;;3;2;No inventariada;;9;7;1;2;;1;4;1;;;1;998
11;3;16;30;30030;;3;2;No inventariada;;9;2;1;2;;1;1;1;;;6;998
11;7;19;30;30030;;3;2;No inventariada;;9;7;2;;;1;4;1;;;1;998
12;1;15;30;30030;;3;2;No inventariada;;9;4;2;;;1;1;1;;;1;998
12;2;18;30;30030;;3;2;No inventariada;;9;2;1;2;;1;4;1;;;18;998
11;2;18;30;30030;;3;2;No inventariada;;9;7;2;;;1;3;1;;;18;998
10;6;14;30;30030;;3;2;No inventariada;;9;10;2;;;1;1;1;;;1;998
12;6;13;30;30030;;3;2;No inventariada;;9;4;2;;;1;1;1;;;1;998
12;2;16;30;30030;;3;2;No inventariada;;9;5;2;;;1;1;1;;;1;998
12;4;13;30;30030;;3;2;No inventariada;;9;2;1;1;;1;1;1;;;1;998
11;4;16;30;30030;;3;2;No inventariada;;9;3;1;5;;1;1;1;;;1;998
12;2;0;30;30030;;3;2;No inventariada;;9;2;1;2;;1;1;1;;;1;998
11;1;11;30;30030;;3;2;No inventariada;;9;2;1;4;;1;1;1;;;1;998
12;5;7;30;30030;;3;2;No inventariada;;9;15;2;;;1;1;1;;;1;998
12;5;7;30;30030;;1;1;N-301;388,2;5;16;2;;;1;5;1;;;1;1
12;4;20;30;30030;;3;2;No inventariada;;9;12;2;;;1;4;1;;;1;998
12;5;11;30;30030;;1;1;A-30;163,903;3;18;2;;;1;1;1;;;1;1
12;6;11;30;30030;;3;2;No inventariada;;9;4;2;;;1;1;1;;;1;998
12;5;14;30;30030;;3;2;No inventariada;;9;4;2;;;1;1;1;;;1;998
12;2;17;30;30030;;3;2;No inventariada;;9;2;1;2;;1;2;1;;;2;998
12;1;13;30;30030;;3;2;No inventariada;;9;20;2;;;1;1;1;;;1;998
12;4;14;30;30030;;3;2;No inventariada;;9;12;2;;;1;1;1;;;1;998
12;4;7;30;30030;;3;2;No inventariada;;9;2;1;2;;1;1;1;;;1;998
12;5;10;30;30030;;3;2;No inventariada;;9;20;2;;;1;1;1;;;1;998
12;5;19;30;30030;;3;2;No inventariada;;9;4;2;;;1;4;1;;;1;998
12;2;14;30;30030;;3;2;No inventariada;;9;4;1;5;;1;1;1;;;1;998
12;5;22;30;30030;;3;2;No inventariada;;9;10;1;2;;1;4;1;;;1;998
12;3;18;30;30030;;3;2;No inventariada;;9;7;2;;;1;3;1;;;17;998
11;5;8;30;30030;;3;2;No inventariada;;9;4;1;4;;3;1;3;;;1;998
12;7;11;30;30030;;3;2;No inventariada;;9;2;1;2;;1;1;1;;;1;998
12;7;5;30;30030;;3;2;No inventariada;;9;19;2;;;1;3;1;;;1;998
12;6;16;30;30030;;3;2;No inventariada;;9;4;1;4;;1;1;1;;;6;998
12;7;7;30;30030;;3;2;No inventariada;;9;7;2;;;1;4;1;;;1;998
12;7;11;30;30030;;3;2;No inventariada;;9;2;1;4;;1;1;1;;;1;998
12;7;21;30;30030;;3;2;No inventariada;;9;1;1;2;;1;4;1;;;9;998
12;7;14;30;30030;;3;2;No inventariada;;9;2;1;4;;1;1;1;;;1;998
12;5;7;30;30030;;3;2;No inventariada;;9;2;1;5;;1;3;1;;;1;998
12;6;2;30;30030;;3;2;No inventariada;;9;4;1;2;;1;4;1;;;1;998
12;7;22;30;30030;;3;2;No inventariada;;9;10;2;;;1;4;1;;;1;998
12;5;19;30;30030;;3;2;No inventariada;;9;11;2;;;7;4;1;;;1;998
12;1;20;30;30030;;3;2;No inventariada;;9;10;2;;;1;4;1;;;1;998
12;3;10;30;30030;;3;2;No inventariada;;9;4;1;4;;1;1;1;;;1;998
10;7;0;30;30030;;3;2;No inventariada;;9;2;1;1;;1;4;1;;;1;998
11;3;21;30;30030;;3;2;No inventariada;;9;1;2;;;1;3;1;;;18;998
12;2;10;30;30030;;1;1;RM-603;5,794;6;2;1;4;RM-603;1;1;1;;;18;1
12;5;6;30;30030;;3;2;No inventariada;;9;2;1;4;;1;3;1;;;1;998
11;5;19;30;30030;;3;2;No inventariada;;9;15;2;;;1;3;1;;;1;998
12;2;12;30;30030;;3;2;No inventariada;;9;2;2;;;1;1;1;;;1;998
12;2;10;30;30030;0;3;2;No inventariada;;9;2;1;1;;1;1;1;;;1;998
10;2;16;30;30030;;3;2;No inventariada;;9;10;2;;;4;1;2;;;1;998
12;5;12;30;30030;;3;2;No inventariada;;9;7;2;;;1;1;1;;;1;998
11;7;9;30;30030;;3;2;No inventariada;;9;12;1;1;;1;1;1;;;1;998
12;5;19;30;30030;;3;2;No inventariada;;9;16;2;;;1;3;1;;;1;998
12;4;17;30;30030;;3;2;No inventariada;;9;2;1;5;;1;1;1;;;1;998
12;4;22;30;30030;;3;2;No inventariada;;9;2;1;4;;1;4;1;;;1;998
12;5;14;30;30030;;3;2;No inventariada;;9;10;1;1;;1;1;1;;;1;998
12;5;13;30;30030;;1;1;A-30;137;3;2;2;;;1;1;2;;;1;1
10;5;16;30;30030;;3;2;No inventariada;;9;2;1;4;;1;1;1;;;1;998
12;2;19;30;30030;;3;2;No inventariada;;9;4;1;2;;1;4;1;;;18;998
12;7;9;30;30030;;3;2;No inventariada;;9;2;1;1;;1;1;1;;;1;998
12;3;19;30;30030;;3;2;No inventariada;;9;4;2;;;1;4;1;;;1;998
12;2;17;30;30030;;3;2;No inventariada;;9;2;1;1;;1;2;1;;;1;998
12;3;13;30;30030;;3;2;No inventariada;;9;16;2;;;1;1;1;;;18;998
11;2;8;30;30030;;3;2;No inventariada;;9;2;1;1;;1;1;1;;;1;998
11;4;18;30;30030;;3;2;No inventariada;;9;7;1;2;;1;4;1;;;1;998
12;6;14;30;30030;;1;1;A-7;585,298;8;13;1;2;RM-C19;1;1;1;;;1;1
12;1;16;30;30030;;3;2;No inventariada;;9;7;2;;;1;1;1;;;1;998
11;3;14;30;30030;;3;2;No inventariada;;9;4;2;;;1;1;2;;;1;998
12;1;9;30;30030;;3;2;No inventariada;;9;4;2;;;1;1;1;;;1;998
12;4;19;30;30030;;3;2;No inventariada;;9;4;2;;;1;4;1;;;1;998
12;4;11;30;30030;;3;2;No inventariada;;9;10;2;;;1;1;1;;;1;998
12;6;21;30;30030;;3;2;No inventariada;;9;12;1;1;;1;4;1;;;1;998
12;7;20;30;30030;;3;2;No inventariada;;9;2;1;4;;1;3;1;;;1;998
12;1;17;30;30030;;3;2;No inventariada;;9;1;1;2;;1;1;1;;;1;998
11;3;19;30;30030;;3;2;No inventariada;;9;7;2;;;1;3;1;;;1;998
11;5;4;30;30030;;3;2;No inventariada;;9;7;2;;;1;4;7;;;1;998
12;7;10;30;30030;;3;2;No inventariada;;9;19;1;4;;3;1;2;;;1;998
12;6;23;30;30030;;3;2;No inventariada;;9;2;2;;;1;4;1;;;1;998
12;1;13;30;30030;;3;2;No inventariada;;9;7;1;1;;1;1;1;;;1;998
12;2;16;30;30030;;1;1;A-7;583,4;3;6;2;;;3;1;2;;;1;1
4;7;12;30;0;;1;1;RM-522;5,2;6;3;2;;;1;1;1;;;1;2
6;6;17;30;0;;1;1;RM-530;4,327;6;2;1;1;;1;1;1;;;1;1
7;4;23;30;0;;1;1;RM-520;0,4;6;12;2;;;1;6;1;;;1;2
11;7;11;30;0;;1;1;RM-530;7,5;6;2;1;5;RM-B12;1;1;1;;;1;1
7;3;7;30;0;;1;1;RM-C5;0,5;5;2;1;2;;1;1;1;;;6;2
1;5;21;30;30024;;1;1;A-91;2,144;3;4;2;;;1;6;1;;;1;1
1;2;0;30;30033;;1;1;A-7;653,997;3;4;2;;;1;6;1;;;1;1
2;7;1;30;30033;;3;2;No inventariada;;9;1;1;4;;1;4;1;;;1;998
2;7;19;30;30024;;1;1;A-91;4,103;3;4;2;;;1;6;1;;;1;1
3;6;3;30;30033;;1;1;No inventariada;2,426;10;16;2;;;1;6;1;;;1;1
5;7;14;30;30033;;1;1;A-7;661,485;3;10;2;;;1;1;1;;;1;1
7;7;18;30;30033;;1;1;RM-D19;1,8;6;19;2;;;1;1;1;;;1;2
8;4;14;30;30033;;3;2;No inventariada;;14;2;2;;;1;1;1;;;1;998
8;2;17;30;30033;;1;1;CAMINO LA;1,5;10;2;1;2;;1;1;1;;;1;3
9;1;7;30;30024;;1;1;RM-D19;6,6;6;4;2;;;1;1;1;;;1;1
9;6;23;30;30033;;1;1;RM-D16;5;6;2;2;;;1;4;1;;;1;2
11;5;16;30;30033;;1;1;A-91;16,3;3;3;1;11;A-7;1;1;2;;;1;1
12;4;17;30;30033;;1;1;A-7;651,299;3;4;1;11;A-91;1;1;1;;;1;1
1;5;11;30;30035;;1;1;RM-19;25,45;8;2;1;4;T-3319-2;1;1;1;;;1;1
1;6;13;30;30035;;3;2;No inventariada;;9;4;1;2;;1;1;1;;;1;998
1;3;14;30;30035;;3;2;No inventariada;;9;3;1;2;;1;1;1;;;1;998
2;5;16;30;30035;;3;2;No inventariada;;9;1;1;2;;1;1;1;;;1;998
2;2;10;30;30035;;3;2;No inventariada;;9;4;1;2;;1;1;1;;;1;998
2;6;15;30;30035;;3;2;No inventariada;;9;2;1;2;;1;1;1;;;1;998
2;6;14;30;30035;;3;2;No inventariada;;7;2;1;1;;1;1;1;;;1;998
3;1;14;30;30035;;3;2;No inventariada;;9;2;1;2;;1;1;1;;;2;998
3;1;9;30;30035;;3;2;No inventariada;;9;2;1;1;;1;1;1;;;18;998
3;3;10;30;30035;;1;1;RM-F24;0,229;6;1;2;;;1;1;1;;;1;1
3;6;23;30;30035;;1;1;RM-F34;2;6;15;1;4;;1;6;1;;;1;1
3;1;12;30;30035;;1;1;RM-19;25,4;5;2;1;4;;1;1;1;;;1;1
3;2;22;30;30035;;3;2;No inventariada;;9;19;2;;;1;4;1;;;18;998
3;6;18;30;30035;;3;2;No inventariada;;9;2;1;1;;1;1;1;;;1;998
3;2;16;30;30035;;3;2;No inventariada;;9;20;1;2;;1;1;1;;;1;998
3;5;9;30;30035;;1;1;AP-7;777;2;15;2;;;1;1;1;;;1;1
3;3;5;30;30035;;1;1;AP-7;781,42;2;7;2;;;1;2;1;;;1;1
4;1;18;30;30035;;3;2;No inventariada;;9;7;1;2;;1;1;1;;;1;998
3;3;20;30;30035;;3;2;No inventariada;;9;12;1;2;;9;3;7;;;1;998
4;1;20;30;30035;;3;2;No inventariada;;9;2;1;2;;1;1;1;;;1;998
4;5;20;30;30035;;3;2;No inventariada;;9;3;1;2;;1;2;7;;;1;998
4;6;0;30;30035;;3;2;No inventariada;;9;16;2;;;1;4;1;;;1;998
5;4;0;30;30035;;3;2;No inventariada;;9;16;2;;;1;4;1;;;1;998
4;6;16;30;30035;;3;2;No inventariada;;9;4;2;;;1;1;1;;;1;998
4;5;19;30;30035;;3;2;No inventariada;;9;4;2;;;1;1;1;;;1;998
5;3;15;30;30035;;3;2;No inventariada;;9;3;2;;;1;1;1;;;1;998
5;3;18;30;30035;;3;2;No inventariada;;9;7;1;1;;1;1;1;;;1;998
5;1;13;30;30035;;3;2;No inventariada;;11;4;2;;;8;1;1;;;1;998
5;4;15;30;30035;;3;2;No inventariada;;9;20;1;1;;1;1;1;;;1;998