MES;DIA_SEMANA;HORA;COD_PROVINCIA;COD_MUNICIPIO;ISLA;ZONA;ZONA_AGRUPADA;CARRETERA;KM;TIPO_VIA;TIPO_ACCIDENTE;NUDO;NUDO_INFO;CARRETERA_CRUCE;CONDICION_FIRME;CONDICION_ILUMINACION;CONDICION_METEO;CONDICION_NIEBLA;CONDICION_VIENTO;VISIB_RESTRINGIDA_POR;TRAZADO_PLANTA
5;5;16;30;30035;;3;2;No inventariada;;9;7;2;;;1;1;1;;;18;998
5;7;0;30;30035;;1;1;RM-19;24;5;12;2;;;1;4;1;;;1;1
5;7;11;30;30035;;1;1;N-332;34,82;6;7;2;;;1;1;1;;;1;1
5;1;8;30;30035;;1;1;AP-7;780,579;2;5;2;;;1;1;1;;;1;1
6;6;7;30;30035;;1;1;RM-1;1,32;3;18;2;;;1;1;1;;;1;1
6;7;0;30;30037;;1;1;RM-F35;5,079;6;2;1;2;;1;6;1;;;1;1
6;6;7;30;30037;;1;1;RM-F22;5;7;19;2;;;1;2;1;;;1;2
6;6;10;30;30035;;3;2;No inventariada;;9;7;2;;;1;1;1;;;18;998
6;7;23;30;30035;;1;1;AP-7;782,5;2;14;2;;;1;6;1;;;1;1
6;5;23;30;30035;;1;1;N-332;34,306;6;1;1;2;;1;4;1;;;1;1
6;6;16;30;30035;;3;2;No inventariada;;9;12;1;1;;1;1;1;;;1;998
6;6;18;30;30035;;3;2;No inventariada;;9;4;2;;;1;1;7;;;1;998
6;2;6;30;30035;;3;2;No inventariada;;9;12;2;;;1;3;1;;;1;998
6;6;14;30;30035;;3;2;No inventariada;;9;2;1;5;;1;1;1;;;1;998
7;2;19;30;30035;;3;2;No inventariada;;14;10;2;;;1;1;7;;;1;998
7;5;14;30;30035;;1;1;RM-F24;0,575;6;1;1;2;AP-7;1;1;1;;;1;1
7;5;17;30;30035;;1;1;RM-F24;0,5;6;2;1;1;DESCONOCID;1;1;1;;;1;1
7;7;0;30;30035;;1;1;RM-1;1,309;3;2;2;;;1;6;1;;;1;1
7;7;20;30;30035;;3;2;No inventariada;;9;7;1;2;;1;1;1;;;1;998
7;7;19;30;30037;;1;1;RM-19;17,983;5;5;2;;;1;1;1;;;1;1
7;5;23;30;30035;;3;2;No inventariada;;9;7;2;;;9;4;7;;;1;998
7;6;22;30;30035;;3;2;No inventariada;;9;7;2;;;1;4;1;;;1;998
7;5;22;30;30035;;3;2;No inventariada;;9;4;2;;;9;4;1;;;1;998
7;3;13;30;30035;;3;2;No inventariada;;9;2;1;4;;1;1;1;;;11;998
8;5;15;30;30035;;3;2;No inventariada;;9;7;2;;;1;1;1;;;1;998
8;6;12;30;30035;;3;2;No inventariada;;9;2;1;1;;1;1;1;;;1;998
8;5;1;30;30035;;3;2;No inventariada;;9;4;2;;;1;4;1;;;1;998
8;6;20;30;30035;;3;2;No inventariada;;9;7;1;1;;1;2;1;;;1;998
8;7;9;30;30037;;1;1;RM-19;22,2;5;4;2;;;1;1;1;;;1;1
8;1;20;30;30035;;1;1;RM-F28;0,17;6;2;1;1;;1;1;1;;;1;1
8;2;7;30;30035;;3;2;No inventariada;;9;2;1;4;;1;1;1;;;1;998
8;6;9;30;30035;;3;2;No inventariada;;9;4;2;;;1;1;1;;;1;998
8;2;8;30;30035;;1;1;N-332;34,7;6;10;1;4;;7;1;1;;;1;1
9;4;6;30;30035;;1;1;AP-7;781,1;2;12;2;;;1;6;1;;;1;1
9;3;11;30;30035;;3;2;No inventariada;;9;10;1;2;;1;1;1;;;1;998
9;5;10;30;30035;;3;2;No inventariada;;9;3;1;1;;1;1;1;;;1;998
9;4;19;30;30035;;3;2;No inventariada;;9;2;1;2;;1;1;1;;;1;998
9;4;22;30;30035;;1;1;AP-7;786,874;2;15;2;;;1;6;1;;;1;2
10;4;13;30;30035;;1;1;RM-F24;0,9;6;15;2;;;1;1;1;;;1;2
10;5;9;30;30035;;3;2;No inventariada;;9;7;2;;;1;1;1;;;6;998
10;2;14;30;30035;;3;2;No inventariada;;9;2;1;1;;1;1;1;;;1;998
10;3;14;30;30035;;3;2;No inventariada;;9;2;1;2;;1;1;1;;;1;998
10;4;10;30;30035;;3;2;No inventariada;;9;10;1;2;;1;1;1;;;1;998
10;4;14;30;30035;;3;2;No inventariada;;9;3;2;;;1;1;1;;;1;998
10;7;16;30;30035;;3;2;No inventariada;;9;10;1;4;;1;1;1;;;1;998
10;1;12;30;30035;;3;2;No inventariada;;9;2;1;1;;1;1;1;;;1;998
10;2;13;30;30035;;3;2;No inventariada;;9;7;2;;;1;1;1;;;1;998
10;6;12;30;30035;;1;1;N-332;29,7;6;2;1;2;;1;1;1;;;1;1
10;6;16;30;30035;;3;2;No inventariada;;9;10;2;;;1;1;1;;;1;998
10;6;12;30;30035;;3;2;No inventariada;;9;7;2;;;1;1;1;;;1;998
10;4;7;30;30035;;1;1;AP-7;780,474;2;12;1;2;RM-1;1;3;1;;;1;2
10;4;14;30;30035;;3;2;No inventariada;;9;4;2;;;1;1;1;;;1;998
11;2;14;30;30037;;1;1;RM-F28;2,7;6;9;1;4;RM-F27;9;1;1;;;1;2
11;6;21;30;30035;;1;1;AP-7;777,8;2;2;1;12;RM-F24;1;6;1;;;1;1
12;5;20;30;30035;;3;2;No inventariada;;14;20;2;;;1;4;1;;;1;998
12;5;22;30;30035;;1;1;RM-F23;3,4;6;15;1;2;;1;4;1;;;1;1
12;1;17;30;30035;;1;1;RM-F48;1;6;7;2;;;1;1;1;;;6;1
3;1;9;30;30036;;3;2;No inventariada;;9;7;2;;;1;1;1;;;1;998
7;2;1;30;30036;;3;2;No inventariada;;14;2;2;;;1;4;1;;;1;998
12;2;14;30;30036;;1;1;N-332;38,8;6;4;2;;;1;1;1;;;1;3
1;1;23;30;30030;;1;1;RM-2;35,9;3;13;1;4;;1;6;1;;;1;2
1;2;15;30;30037;;1;1;RM-F12;0,8;6;2;1;1;;1;1;1;;;1;1
1;6;7;30;30037;;1;1;RM-F35;7,1;6;19;2;;;1;1;1;;;1;2
1;2;7;30;30037;;1;1;RM-F30;2,982;6;2;1;4;RM-F28;1;2;1;;;1;1
1;1;8;30;30037;;3;2;No inventariada;;9;2;1;1;;1;1;1;;;1;998
1;7;11;30;30037;;3;2;No inventariada;;9;3;1;2;;1;1;1;;;1;998
2;2;17;30;30902;;1;1;RM-F26;8,785;6;2;2;;;1;1;1;;;1;1
2;6;9;30;30037;;1;1;RM-F22;0,875;6;2;1;2;;1;1;2;;;1;1
2;6;12;30;30037;;1;1;RM-F21;3,262;6;12;2;;;1;1;1;;;1;1
2;1;13;30;30037;;1;1;RM-F21;1,5;6;4;1;2;;1;1;1;;;1;1
2;4;8;30;30037;;3;2;No inventariada;;9;4;2;;;1;1;1;;;1;998
2;2;11;30;30037;;3;2;No inventariada;;9;3;1;4;;1;1;1;;;1;998
3;1;8;30;30037;;1;1;RM-F21;5,302;6;4;1;2;;1;1;1;;;1;1
3;7;13;30;30037;;1;1;RM-19;15,25;5;9;2;;;1;1;1;;;1;1
3;2;4;30;30037;;1;1;RM-F22;6,251;5;18;2;;;1;6;1;;;1;1
3;2;13;30;30037;;1;1;RM-19;18,513;7;1;1;2;;2;1;2;;;4;3
4;5;10;30;30037;;1;1;No inventariada;0,05;10;1;2;;;2;1;1;;;1;1
4;3;12;30;30037;;1;1;RM-F28;6,63;6;2;2;;;1;1;1;;;1;3
4;1;15;30;30037;;1;1;RM-F30;1,642;7;12;2;;;1;1;1;;;1;2
4;1;17;30;30016;;1;1;RM-F36;4,19;6;2;1;1;;1;1;1;;;1;1
5;7;19;30;30037;;1;1;RM-F14;0,1;6;2;1;5;;1;1;1;;;1;1
5;4;15;30;30037;;1;1;RM-F23;0,01;6;2;1;4;RM-19;1;1;1;;;1;1
5;4;19;30;30037;;1;1;RM-F14;7,959;6;3;1;2;;1;1;1;;;1;1
6;5;19;30;30037;;1;1;RM-F22;0,381;6;2;1;2;RM-19;1;1;1;;;1;1
6;3;18;30;30030;;1;1;A-30;171,1;3;16;2;;;1;1;1;;;1;1
6;3;23;30;30037;;1;1;RM-F21;3,8;6;19;2;;;1;6;1;;;1;2
6;5;20;30;30037;;1;1;RM-F35;4,901;6;17;2;;;1;1;1;;;1;2
7;4;18;30;30037;;1;1;RM-F22;4,911;6;2;1;1;;1;1;1;;;1;1
8;1;12;30;30037;;1;1;RM-F22;0,352;6;2;1;1;RM-19;1;1;1;;;1;1
8;7;0;30;30037;;1;1;RM-F21;1,9;6;19;2;;;1;6;1;;;1;1
8;3;7;30;30037;;1;1;CAMINO DE;1;10;18;2;;;1;6;1;;;1;3
8;3;9;30;30037;;1;1;RM-19;11,679;5;19;2;;;1;1;1;;;1;1
9;5;9;30;30037;;1;1;RM-F36;0,5;6;2;1;1;;1;1;1;;;1;1
9;5;23;30;30037;;1;1;RM-F29;10,55;6;19;2;;;1;6;1;;;1;1
7;6;14;30;30037;;3;2;No inventariada;;9;2;1;4;;1;1;1;;;1;998
9;4;16;30;30037;;1;1;RM-F21;6,103;6;2;1;4;;1;1;1;;;1;1
8;5;18;30;30037;;3;2;No inventariada;;9;2;1;1;;1;1;1;;;1;998
10;4;15;30;30037;;1;1;RM-F14;5,568;6;4;2;;;1;1;1;;;1;1
10;1;10;30;30037;;1;1;No inventariada;41,3;7;19;2;;;1;1;1;;;1;1
10;1;12;30;30037;;1;1;RM-F35;5,2;6;3;1;1;;1;1;1;;;1;1
9;2;21;30;30037;;3;2;No inventariada;;9;2;1;2;;1;2;1;;;1;998
7;1;13;30;30037;;3;2;No inventariada;;9;2;1;1;;1;1;1;;;1;998
11;7;19;30;30037;;1;1;RM-F26;5,428;6;2;1;1;RM-F28;1;6;1;;;1;1
10;3;18;30;30037;;3;2;No inventariada;;9;2;1;1;;1;1;1;;;1;998
10;4;18;30;30037;;3;2;No inventariada;;9;4;2;;;1;1;1;;;1;998
10;3;14;30;30037;;3;2;No inventariada;;9;7;2;;;1;1;1;;;1;998
11;3;19;30;30037;;3;2;No inventariada;;9;2;2;;;1;4;1;;;1;998
4;2;0;30;30037;;3;2;No inventariada;;9;16;2;;;1;4;1;;;1;998
5;6;20;30;30037;;3;2;No inventariada;;9;7;2;;;1;3;1;;;1;998
5;4;14;30;30037;;3;2;No inventariada;;9;4;2;;;1;1;1;;;1;998
6;5;13;30;30037;;3;2;No inventariada;;9;4;2;;;1;1;1;;;1;998
6;4;20;30;30037;;3;2;No inventariada;;9;2;1;2;;1;1;1;;;2;998
12;4;11;30;30037;;3;2;No inventariada;;9;7;1;1;;1;1;1;;;1;998
12;1;12;30;30037;;3;2;No inventariada;;9;2;1;1;;1;1;1;;;1;998
12;2;17;30;30037;;1;1;RM-19;17;6;12;2;;;9;6;1;;;1;2
12;5;10;30;30037;;1;1;RM-F21;4,795;6;1;1;1;;1;1;1;;;1;1
2;5;14;30;30007;;1;1;N-344;8,872;6;4;2;;;3;1;3;;;1;1
2;5;14;30;30038;;1;1;N-344;8,6;6;4;2;;;1;1;1;;;1;1
3;4;15;30;30038;;3;2;No inventariada;;9;2;1;1;;1;1;2;;;1;998
3;3;12;30;30038;;3;2;No inventariada;;9;7;2;;;1;1;1;;;1;998
4;1;13;30;30030;;1;1;N-344;4,3;6;3;2;;;1;1;1;;;18;1
4;3;21;30;30038;;3;2;No inventariada;;9;16;2;;;1;4;1;;;1;998
8;5;6;30;30030;;1;1;N-344;4,4;6;10;1;4;N-344a;8;4;1;;;1;2
8;5;6;30;30038;;1;1;N-344;6;5;2;1;4;;1;4;1;;;1;1
8;7;11;30;30038;;1;1;N-344;7,008;6;4;2;;;1;1;1;;;1;1
10;4;19;30;30038;;1;1;N-344;5,209;6;5;1;10;;1;4;1;;;1;1
10;2;17;30;30030;;1;1;A-7;575,8;3;3;2;;;3;2;3;;;1;1
2;7;5;30;30039;;1;1;A-7;609,5;3;15;2;;;1;6;1;;;1;1
2;3;16;30;30039;;1;1;A-7;618,9;3;16;2;;;1;1;1;;;1;2
2;3;13;30;30039;;1;1;RM-E27;3;6;10;2;;;1;1;1;;;1;1
2;6;10;30;30039;;1;1;RM-3;9,076;3;12;2;;;1;1;1;;;1;1
3;5;15;30;30039;;1;1;N-340a;611,3;6;4;1;2;N-340a;1;1;1;;;1;1
4;6;5;30;30039;;1;1;N-340a;620;6;13;2;;;1;6;1;;;1;1
1;2;22;30;30039;;3;2;No inventariada;;9;7;1;1;;3;3;3;;;5;998
1;6;21;30;30039;;3;2;No inventariada;;9;10;2;;;1;3;1;;;1;998
2;4;21;30;30039;;3;2;No inventariada;;9;2;1;2;;1;3;1;;;1;998
5;1;18;30;30039;;1;1;RM-D22;3,3;6;2;1;1;;1;1;1;;;1;1
5;3;20;30;30039;;1;1;No inventariada;1,2;10;18;2;;;1;1;1;;;1;3
2;6;11;30;30039;;3;2;No inventariada;;9;7;1;1;;1;1;1;;;1;998
5;1;8;30;30039;;1;1;No inventariada;0,01;10;4;1;2;;1;1;1;;;2;1
5;5;11;30;30024;;1;1;A-7;620,4;3;4;2;;;1;1;1;;;1;1
5;1;9;30;30039;;1;1;A-7;619,387;3;4;2;;;1;1;1;;;1;1
5;1;10;30;30039;;1;1;A-7;618,25;3;4;2;;;1;1;1;;;1;2
2;3;5;30;30039;;3;2;No inventariada;;9;2;2;;;1;4;1;;;1;998
2;5;8;30;30039;;3;2;No inventariada;;9;16;2;;;1;1;1;;;1;998
2;5;23;30;30039;;3;2;No inventariada;;9;2;1;2;;1;4;1;;;1;998
3;2;19;30;30039;;3;2;No inventariada;;9;7;2;;;1;4;1;;;1;998
3;4;15;30;30039;;3;2;No inventariada;;9;2;1;1;;1;1;1;;;1;998
3;1;9;30;30039;;3;2;No inventariada;;9;4;1;4;;1;1;1;;;1;998
6;3;12;30;30039;;1;1;RM-609;1,2;6;4;1;2;;1;1;1;;;1;1
6;2;20;30;30039;;3;2;No inventariada;;9;2;2;;;1;1;1;;;1;998
6;4;3;30;30039;;1;1;No inventariada;1,3;10;19;2;;;1;6;1;;;18;3
6;2;18;30;30039;;1;1;CAMINO JUA;1,5;10;2;1;1;;1;1;1;;;12;1
6;4;15;30;30039;;1;1;CMNO DE YE;0,3;10;2;1;2;;1;6;1;;;3;1
3;3;11;30;30039;;3;2;No inventariada;;9;2;1;1;;1;1;1;;;1;998
3;7;23;30;30039;;3;2;No inventariada;;9;2;1;4;;1;4;1;;;1;998
7;4;12;30;30039;;1;1;A-7;612;3;16;2;;;1;1;1;;;1;1
7;3;20;30;30039;;1;1;CMINO JABO;2;10;2;1;1;;1;1;1;;;1;1
4;4;14;30;30039;;3;2;No inventariada;;9;7;2;;;1;1;1;;;1;998
4;7;1;30;30039;;3;2;No inventariada;;9;7;1;4;;1;4;1;;;1;998
4;3;10;30;30039;;3;2;No inventariada;;9;2;1;4;;1;1;1;;;1;998
4;5;17;30;30039;;3;2;No inventariada;;9;2;1;4;;1;1;1;;;1;998
5;1;21;30;30039;;3;2;No inventariada;;9;10;2;;;1;4;1;;;1;998
5;1;13;30;30039;;3;2;No inventariada;;9;2;2;;;1;1;1;;;1;998
11;7;6;30;30039;;3;2;No inventariada;;9;12;2;;;1;4;1;;;1;998
11;5;19;30;30039;;3;2;No inventariada;;9;7;2;;;1;4;1;;;1;998
11;6;17;30;30039;;1;1;RM-315;2,5;6;2;1;2;;1;1;1;;;1;1
11;6;17;30;30039;;1;1;RM-3;0,01;3;12;1;4;RM-609;1;1;1;1;;1;1
12;5;6;30;30039;;1;1;N-340a;614,75;6;7;2;;;1;6;1;;;1;1
12;7;2;30;30039;;1;1;RM-502;2,6;6;2;1;4;;1;4;1;;;1;1
12;7;9;30;30039;;1;1;RM-315;4,9;6;14;2;;;2;1;1;;;1;2
12;6;1;30;30039;;1;1;No inventariada;10;10;10;2;;;1;6;1;;;1;2
1;4;10;30;0;;1;1;A-30;117,7;3;4;2;;;1;1;1;;;1;1
5;2;6;30;0;;1;1;A-30;117;3;5;2;;;1;2;1;;;1;1
8;4;16;30;0;;1;1;A-30;114,1;3;3;2;;;1;1;1;;;1;1
8;2;14;30;0;;1;1;A-30;113,75;3;16;2;;;1;1;1;;;1;1
5;2;14;30;0;;2;2;RM-523;0,5;6;13;2;;;1;1;1;;;1;1
12;7;21;30;0;;1;1;A-30;116;3;4;2;;;1;6;1;;;1;1
12;2;19;30;0;;1;1;RM-523;2,671;6;8;2;;;3;4;3;;;1;1
3;4;13;30;30041;;3;2;No inventariada;;9;2;1;2;;1;1;1;;;1;998
3;3;10;30;30041;;3;2;No inventariada;;9;2;1;1;;1;1;1;;;2;998
4;5;14;30;30041;;1;1;N-345;5,949;6;1;2;;;1;1;1;;;1;2
5;7;21;30;30041;;3;2;No inventariada;;9;7;2;;;1;4;1;;;1;998
5;3;9;30;30041;;3;2;No inventariada;;9;7;2;;;1;1;1;;;1;998
7;4;7;30;30041;;3;2;No inventariada;;9;3;1;4;;1;1;1;;;1;998
10;3;8;30;30041;;1;1;RM-F40;2,7;6;10;1;4;;8;3;1;;;1;2
12;3;7;30;30016;;1;1;RM-F43;2;6;16;2;;;3;2;2;;;1;2
4;2;13;30;0;;1;1;RM-522;1,9;6;19;2;;;1;1;1;;;1;1
6;7;19;30;0;;1;1;RM-522;2,032;6;2;1;2;RM-B14;1;1;1;;;1;2
8;4;13;30;0;;1;1;RM-522;2,044;6;1;1;1;RM-B14;1;1;1;;;18;1
9;5;22;30;0;;1;1;RM-522;1,453;6;1;2;;;1;4;1;;;1;1
1;5;16;30;30043;;1;1;RM-404;3,7;6;4;2;;;1;1;1;;;1;1
2;4;6;30;30043;;1;1;RM-426;4,4;6;12;2;;;1;6;1;;;1;1
3;1;23;30;30043;;1;1;A-33;62,2;3;19;2;;;3;6;3;;;1;1
1;7;20;30;30043;;1;1;RM-A18;2;6;18;2;;;1;6;1;;;1;1
1;3;18;30;30043;;3;2;No inventariada;;9;7;1;3;;1;4;1;;;1;998
2;3;8;30;30043;;3;2;No inventariada;;14;2;1;1;;1;2;1;;;1;998
5;6;12;30;30043;;1;1;RM-A18;12,1;6;12;2;;;1;1;1;;;1;2
1;5;21;30;30043;;3;2;No inventariada;;9;7;1;1;;1;4;1;;;1;998
2;7;1;30;30043;;3;2;No inventariada;;9;2;1;1;;1;4;1;;;1;998
3;7;14;30;30043;;3;2;No inventariada;;9;12;1;1;;1;1;1;;;1;998
3;5;13;30;30043;;3;2;No inventariada;;9;7;1;1;;1;1;1;;;1;998
4;5;19;30;30043;;1;1;N-344a;98;6;18;2;;;1;1;1;;;1;1
6;7;18;30;30043;;1;1;RM-424;2,413;6;2;1;1;;1;1;1;;;1;1
6;1;7;30;30043;;1;1;RM-404;9,95;6;2;1;2;;1;1;1;;;1;1
7;6;14;30;30043;;1;1;N-344;92;6;14;2;;;1;1;1;;;1;1
7;6;12;30;30043;;1;1;RM-426;10,7;6;12;2;;;1;1;1;;;1;1
8;5;10;30;30022;;1;1;N-344;81;6;2;2;;;1;1;1;;;1;1
4;7;12;30;30043;;3;2;No inventariada;;9;15;2;;;1;1;1;;;1;998
4;2;22;30;30043;;3;2;No inventariada;;9;2;1;1;;1;4;1;;;1;998
5;2;17;30;30043;;3;2;No inventariada;;9;1;2;;;1;1;1;;;2;998
9;6;9;30;30043;;1;1;A-33;48;3;16;2;;;1;1;1;;;1;1
5;1;19;30;30043;;3;2;No inventariada;;9;2;1;1;;1;1;1;;;1;998
5;5;10;30;30043;;3;2;No inventariada;;9;7;1;1;;1;1;1;;;1;998
6;1;9;30;30043;;3;2;No inventariada;;9;7;2;;;1;1;1;;;1;998
6;1;7;30;30043;;3;2;No inventariada;;9;2;1;1;;1;1;1;;;1;998
6;3;6;30;30043;;3;2;No inventariada;;9;3;1;4;;1;3;1;;;1;998
7;3;13;30;30043;;3;2;No inventariada;;9;7;1;2;;1;1;1;;;1;998
7;7;6;30;30043;;3;2;No inventariada;;9;12;1;4;;1;4;1;;;1;998
8;5;13;30;30043;;3;2;No inventariada;;9;2;1;1;;1;1;1;;;1;998
9;5;11;30;30043;;3;2;No inventariada;;9;2;1;5;;1;1;1;;;1;998
9;4;17;30;30043;;3;2;No inventariada;;9;7;1;2;;1;1;1;;;1;998
10;3;14;30;30043;;1;1;N-344;88,034;6;2;2;;;1;1;1;;;1;1
10;3;13;30;30043;;3;2;No inventariada;;9;4;1;1;;1;1;1;;;1;998
10;6;5;30;30043;;3;2;No inventariada;;9;12;1;2;;1;3;1;;;1;998
10;2;10;30;30043;;3;2;No inventariada;;9;4;2;;;1;1;1;;;1;998
10;3;13;30;30043;;3;2;No inventariada;;9;7;2;;;1;1;1;;;9;998
10;6;20;30;30043;;3;2;No inventariada;;9;4;2;;;1;3;1;;;1;998
11;1;14;30;30043;;3;2;No inventariada;;9;4;2;;;1;1;1;;;1;998
10;4;16;30;30043;;3;2;No inventariada;;9;2;1;1;;1;1;1;;;1;998
11;7;19;30;30043;;3;2;No inventariada;;9;2;1;1;;1;3;1;;;1;998
2;3;19;30;30901;;1;1;N-340a;677,5;6;7;2;;;1;4;1;;;1;1
3;5;14;30;30901;;1;1;RM-303;1,873;6;4;2;;;1;1;1;;;1;1
1;7;17;30;30901;;3;2;No inventariada;;9;2;1;1;;1;1;1;;;2;998
2;5;14;30;30901;;3;2;No inventariada;;9;2;1;2;;1;1;1;;;1;998
3;7;9;30;30901;;3;2;No inventariada;;9;4;1;2;;1;1;1;;;1;998
3;7;22;30;30901;;3;2;No inventariada;;9;2;1;1;;1;4;1;;;2;998
3;3;18;30;30901;;3;2;No inventariada;;9;4;2;;;1;1;1;;;1;998
4;6;15;30;30901;;1;1;A-7;553,6;3;4;2;;;1;1;1;;;1;1
4;5;17;30;30901;;3;2;No inventariada;;9;2;1;2;;1;1;1;;;2;998
5;3;7;30;30901;;1;1;A-7;555;3;4;2;;;1;1;1;;;1;1
5;1;17;30;30901;;1;1;RM-303;0,95;6;1;1;2;;1;1;1;;;1;2
6;6;10;30;30901;;1;1;N-340a;676,899;6;2;1;4;;1;1;1;;;1;4
6;1;8;30;30901;;1;1;RM-414;3,3;6;1;2;;;1;1;1;;;1;1
7;7;15;30;30901;;1;1;A-7;555;3;4;1;2;RM-414;1;1;1;;;1;1
8;4;12;30;30901;;1;1;RM-303;1,4;6;5;2;;;1;1;1;;;1;1
4;5;14;30;30901;;3;2;No inventariada;;9;2;2;;;1;1;1;;;1;998
4;4;14;30;30901;;3;2;No inventariada;;9;2;2;;;1;1;1;;;9;998
4;4;11;30;30901;;3;2;No inventariada;;9;4;2;;;1;1;1;;;1;998
5;7;16;30;30901;;3;2;No inventariada;;9;10;2;;;1;1;1;;;18;998
4;5;14;30;30901;;3;2;No inventariada;;9;7;2;;;1;1;1;;;17;998
5;2;19;30;30901;;3;2;No inventariada;;9;19;2;;;1;1;1;;;1;998
5;4;7;30;30901;;3;2;No inventariada;;9;2;1;1;;1;1;1;;;1;998
5;1;19;30;30901;;3;2;No inventariada;;9;2;1;1;;1;1;1;;;1;998
6;3;15;30;30901;;3;2;No inventariada;;9;2;1;1;;1;1;1;;;2;998
6;5;14;30;30901;;3;2;No inventariada;;9;7;1;2;;1;1;1;;;2;998
6;6;15;30;30901;;3;2;No inventariada;;9;2;1;1;;1;1;1;;;2;998
6;5;22;30;30901;;3;2;No inventariada;;9;2;1;2;;1;4;1;;;2;998
6;7;21;30;30901;;3;2;No inventariada;;9;7;2;;;1;4;1;;;2;998
7;1;21;30;30901;;3;2;No inventariada;;9;7;2;;;1;4;1;;;2;998
7;4;11;30;30901;;3;2;No inventariada;;9;4;2;;;1;1;1;;;1;998
7;1;13;30;30901;;3;2;No inventariada;;9;10;1;2;;7;1;1;;;1;998
8;4;22;30;30901;;3;2;No inventariada;;9;2;1;1;;1;1;1;;;2;998
8;1;15;30;30901;;3;2;No inventariada;;9;20;2;;;1;1;1;;;1;998
9;6;19;30;30901;;1;1;A-7;553,6;3;4;2;;;1;1;2;;;1;1
10;5;18;30;30901;;1;1;A-7;554,786;3;4;2;;;1;1;1;;;1;1
11;5;6;30;30901;;1;1;A-7;557,9;3;16;2;;;1;6;1;;;1;1
11;2;8;30;30901;;1;1;RM-303;1,297;6;2;2;;;1;1;1;;;1;1
9;3;20;30;30901;;3;2;No inventariada;;9;7;2;;;1;1;1;;;2;998
11;1;8;30;30901;;1;1;RM-303;0,2;6;4;2;;;1;1;1;;;1;1
9;1;14;30;30901;;3;2;No inventariada;;9;2;1;2;;1;1;1;;;1;998
11;3;13;30;30901;;3;2;No inventariada;;9;2;1;1;;1;1;1;;;2;998
10;7;22;30;30901;;3;2;No inventariada;;9;7;2;;;1;4;1;;;1;998
9;4;18;30;30901;;3;2;No inventariada;;9;7;2;;;1;1;1;;;1;998
10;4;14;30;30901;;3;2;No inventariada;;9;2;1;1;;1;1;1;;;2;998
12;5;20;30;30901;;1;1;RM-303;1,9;6;2;2;;;1;3;1;;;1;1
12;6;0;30;30901;;1;1;A-7;557,05;3;15;2;;;1;6;1;;;1;1
10;2;12;30;30901;;3;2;No inventariada;;9;3;1;1;;1;1;1;;;1;998
10;4;13;30;30901;;3;2;No inventariada;;9;10;2;;;1;1;1;;;1;998
11;3;13;30;30901;;3;2;No inventariada;;9;2;1;1;;1;1;1;;;1;998
11;3;14;30;30901;;3;2;No inventariada;;9;2;1;1;;1;1;1;;;1;998
11;6;15;30;30901;;3;2;No inventariada;;9;2;1;1;;1;1;1;;;2;998
12;2;13;30;30901;;3;2;No inventariada;;9;7;2;;;1;1;1;;;1;998
12;2;13;30;30901;;3;2;No inventariada;;7;10;2;;;1;1;1;;;1;998
12;3;18;30;30901;;3;2;No inventariada;;9;7;2;;;1;4;1;;;1;998
12;5;10;30;30901;;3;2;No inventariada;;9;2;2;;;1;1;1;;;1;998
12;4;14;30;30901;;3;2;No inventariada;;9;10;2;;;1;1;1;;;1;998
12;5;13;30;30901;;3;2;No inventariada;;9;2;1;2;;1;1;1;;;1;998
2;1;19;30;30016;;1;1;AP-7;793,185;2;4;2;;;1;6;1;;;1;1
1;7;17;30;30902;;3;2;No inventariada;;9;3;1;1;;1;1;1;;;1;998
1;6;15;30;30902;;3;2;No inventariada;;9;10;1;4;;1;1;1;;;1;998
2;1;11;30;30902;;3;2;No inventariada;;9;6;2;;;1;1;1;;;1;998
2;7;14;30;30902;;3;2;No inventariada;;9;20;2;;;1;1;1;;;1;998
2;3;14;30;30902;;3;2;No inventariada;;9;3;1;4;;1;1;1;;;1;998
2;5;11;30;30902;;3;2;No inventariada;;9;3;1;4;;1;1;1;;;1;998
2;2;14;30;30902;;3;2;No inventariada;;9;3;1;1;;1;1;1;;;1;998
2;2;19;30;30902;;3;2;No inventariada;;9;7;1;1;;1;4;1;;;1;998
2;3;15;30;30902;;3;2;No inventariada;;9;7;2;;;1;1;1;;;1;998
3;2;18;30;30902;;3;2;No inventariada;;9;5;2;;;1;1;1;;;1;998
3;1;15;30;30902;;3;2;No inventariada;;9;1;2;;;1;1;1;;;1;998
3;5;1;30;30902;;3;2;No inventariada;;9;10;2;;;1;4;1;;;1;998
3;2;21;30;30902;;3;2;No inventariada;;9;3;1;1;;1;4;1;;;1;998
4;3;9;30;30902;;3;2;No inventariada;;9;2;1;1;;1;1;1;;;1;998
4;6;17;30;30902;;3;2;No inventariada;;9;3;1;4;;1;1;1;;;1;998
4;5;10;30;30902;;3;2;No inventariada;;9;4;2;;;1;1;1;;;1;998
5;6;21;30;30902;;3;2;No inventariada;;9;3;1;1;;1;4;1;;;1;998
5;3;11;30;30902;;3;2;No inventariada;;9;3;1;4;;1;1;1;;;1;998
5;7;20;30;30902;;3;2;No inventariada;;9;4;2;;;1;1;1;;;1;998
5;2;9;30;30902;;3;2;No inventariada;;9;4;2;;;1;1;1;;;1;998
5;6;20;30;30902;;3;2;No inventariada;;9;10;2;;;1;1;1;;;1;998
5;4;11;30;30902;;3;2;No inventariada;;9;3;1;4;;1;1;1;;;1;998
5;3;19;30;30902;;3;2;No inventariada;;9;3;1;1;;1;1;1;;;1;998