MES;DIA_SEMANA;HORA;COD_PROVINCIA;COD_MUNICIPIO;ISLA;ZONA;ZONA_AGRUPADA;CARRETERA;KM;TIPO_VIA;TIPO_ACCIDENTE;NUDO;NUDO_INFO;CARRETERA_CRUCE;CONDICION_FIRME;CONDICION_ILUMINACION;CONDICION_METEO;CONDICION_NIEBLA;CONDICION_VIENTO;VISIB_RESTRINGIDA_POR;TRAZADO_PLANTA
6;4;20;30;30902;;1;1;AP-7;787,875;2;16;2;;;1;1;1;;;1;1
6;6;11;30;30902;;3;2;No inventariada;;9;3;2;;;1;1;1;;;1;998
7;2;23;30;30902;;3;2;No inventariada;;9;7;2;;;1;4;1;;;1;998
4;2;11;30;30902;;3;2;No inventariada;;9;3;2;;;1;1;1;;;1;998
6;2;15;30;30902;;3;2;No inventariada;;9;3;1;4;;1;1;1;;;1;998
6;3;12;30;30902;;3;2;No inventariada;;9;10;2;;;1;1;1;;;1;998
6;2;20;30;30902;;3;2;No inventariada;;9;7;1;2;;1;1;1;;;6;998
7;2;11;30;30902;;3;2;No inventariada;;9;3;2;;;1;1;1;;;1;998
7;7;16;30;30902;;3;2;No inventariada;;9;2;1;1;;1;1;1;;;1;998
7;7;21;30;30902;;3;2;No inventariada;;9;7;2;;;1;4;1;;;1;998
7;3;21;30;30902;;3;2;No inventariada;;9;3;1;4;;1;4;1;;;1;998
8;4;11;30;30902;;3;2;No inventariada;;9;2;1;2;;1;1;1;;;1;998
8;6;10;30;30902;;3;2;No inventariada;;9;3;1;1;;1;1;1;;;1;998
7;3;8;30;30902;;3;2;No inventariada;;9;3;1;1;;1;1;1;;;1;998
12;5;15;30;30902;;1;1;RM-F26;8,787;6;4;1;1;;1;1;1;;;1;1
5;3;7;31;0;;1;1;NA-3042;7,296;6;18;2;;;1;1;1;;;1;2
11;5;13;31;0;;1;1;NA-3042;5,5;6;8;2;;;1;1;1;;;1;1
8;2;17;31;0;;1;1;NA-132;71,4;6;12;2;;;1;1;1;;;1;2
2;7;0;31;31010;;1;1;A-1;400,4;3;14;2;;;1;6;1;;;1;3
12;2;8;31;31010;;1;1;A-10;28,1;3;16;2;;;3;2;4;;;5;3
10;4;11;31;0;;1;1;NA-718;11,15;6;18;2;;;3;1;3;;;1;3
1;7;23;31;0;;1;1;NA-134;57,107;6;20;2;;;3;6;1;;;1;1
6;4;9;31;0;;1;1;NA-134;53,9;6;20;2;;;1;1;1;;;1;1
11;1;13;31;0;;1;1;NA-8715;5,1;6;5;1;2;NA-8715;1;1;1;;;1;1
2;4;19;31;31016;;1;1;PA-30;16,2;5;4;1;4;PA-30;3;5;3;;;1;1
2;4;13;31;31016;;1;1;PA-30;16,5;5;2;1;4;;1;1;1;;;1;2
2;2;13;31;31016;;1;1;PA-30;15,4;5;4;2;;;3;1;3;;;1;1
5;5;14;31;31016;;1;1;PA-30;16,2;5;10;1;4;;1;1;1;;;1;2
7;6;18;31;31016;;1;1;PA-30;15,91;5;2;2;;;1;1;2;;;1;3
4;4;8;31;0;;1;1;N-121-A;19;6;12;2;;;3;1;3;;;1;1
1;2;18;31;0;;1;1;NA-1720;2,975;6;7;2;;;1;1;1;;;6;1
1;5;14;31;31023;;1;1;PA-30;0,001;5;4;1;4;PA-31;1;1;1;;;1;2
2;3;11;31;31023;;1;1;A-15;83,1;2;3;2;;;1;1;1;;;1;1
6;7;13;31;31023;;1;1;PA-30;0,5;5;2;1;4;A-15;1;1;1;;;1;1
7;1;16;31;31023;;1;1;PA-30;2;5;3;2;;;1;1;2;;;1;1
8;4;17;31;31023;;1;1;PA-30;0,2;5;4;2;;;1;1;1;;;1;1
8;4;1;31;31023;;1;1;NA-2310;5,2;6;12;1;2;;1;6;1;;;1;2
11;5;19;31;31023;;1;1;PA-30;0,9;5;4;1;4;PA-33;1;4;1;;;18;1
11;4;20;31;31088;;1;1;PA-31;2,502;5;3;1;4;PA-30;1;4;2;;;1;2
8;5;15;31;0;;1;1;A-10;0,6;3;14;2;;;1;1;1;;;1;3
7;4;11;31;0;;3;2;No inventariada;;9;10;2;;;1;1;1;;;1;998
9;7;18;31;0;;1;1;NA-1720;13,5;6;16;2;;;1;1;1;;;6;2
1;3;15;31;0;;3;2;No inventariada;;9;10;1;2;;3;1;3;;;2;998
7;6;7;31;0;;1;1;A-15;131;3;4;2;;;1;1;2;1;;5;1
1;5;9;31;31232;;1;1;DEL CRISTO;9;14;18;2;;;2;1;1;;;1;1
12;1;20;31;0;;3;2;No inventariada;;9;2;1;1;;1;4;2;;;9;998
11;7;10;31;0;;1;1;NA-140;9;6;10;2;;;1;1;1;;;1;2
7;2;7;31;0;;1;1;A-12;69,7;3;4;2;;;1;1;1;;;6;1
7;2;7;31;0;;1;1;A-12;69,8;3;5;2;;;1;1;1;;;6;1
12;6;14;31;0;;3;2;No inventariada;;14;18;2;;;3;1;1;;;18;998
11;6;16;31;0;;3;2;No inventariada;;14;1;2;;;2;1;1;;;1;998
3;2;17;31;0;;1;1;A-12;42,9;3;4;2;;;1;1;1;;;6;1
4;5;11;31;0;;2;2;NA-1110;39;6;2;1;2;;1;1;1;;;1;1
10;5;18;31;0;;1;1;No inventariada;1;13;7;2;;;2;1;1;;;1;1
11;6;12;31;0;;1;1;A-12;42,2;3;16;2;;;1;1;1;;;1;1
5;6;17;31;0;;1;1;NA-134;42,8;6;19;2;;;1;1;1;;;1;2
10;2;10;31;0;;1;1;NA-134;41,35;6;16;2;;;1;1;2;;;1;1
11;5;16;31;31215;;1;1;NA-134;49;6;1;1;2;NA-8706;1;2;1;;;1;3
3;7;13;31;0;;1;1;NA-120;26,7;5;16;2;;;1;1;1;;;1;2
12;6;16;31;0;;3;2;No inventariada;;9;2;2;;;1;1;1;;;1;998
4;5;17;31;0;;1;1;NA-4114;3,7;6;15;2;;;1;1;2;;;1;3
4;7;11;31;31050;;1;1;NA-1210;4,985;6;15;2;;;1;1;1;;;1;2
5;6;8;31;31050;;1;1;NA-8303;0,482;6;16;2;;;1;1;1;;;1;1
5;4;16;31;31050;;1;1;N-121B;67;6;19;2;;;1;1;2;;;1;3
9;1;11;31;31050;;1;1;NA-1740;4,511;6;10;2;;;1;1;1;;;1;1
10;7;16;31;31050;;1;1;N-121-A;36,828;6;10;2;;;1;1;1;;;1;1
10;2;11;31;31050;;1;1;N-121B;55,1;6;7;1;1;;1;1;1;;;1;1
10;1;13;31;31050;;1;1;N-121-A;38;6;18;2;;;1;1;1;;;1;3
12;4;18;31;0;;1;1;N-121-A;42;6;5;2;;;1;5;1;;;3;2
12;5;13;31;31050;;1;1;N-121-A;37,2;6;19;2;;;3;1;2;;;1;3
2;3;11;31;0;;1;1;NA-7015;15,1;6;10;2;;;3;1;1;;;1;2
2;2;10;31;0;;1;1;NA-5200;5,697;6;2;1;5;NA-5210;1;1;1;;;1;1
6;1;17;31;0;;1;1;A-68;112,858;3;3;2;;;1;1;1;;;1;1
1;4;18;31;31060;;3;2;No inventariada;;14;7;1;4;;1;3;1;;;1;998
1;2;12;31;31060;;3;2;No inventariada;;9;7;2;;;1;1;1;;;1;998
2;1;18;31;31060;;3;2;No inventariada;;9;7;2;;;3;3;4;;;1;998
3;7;20;31;31060;;3;2;No inventariada;;9;3;1;4;;3;3;3;;;1;998
2;1;19;31;31060;;3;2;No inventariada;;9;4;2;;;3;1;4;;;1;998
3;1;20;31;31060;;3;2;No inventariada;;9;7;1;4;;3;4;3;;;1;998
4;1;8;31;31060;;3;2;No inventariada;;9;2;2;;;1;1;1;;;6;998
3;5;6;31;31060;;3;2;No inventariada;;9;2;2;;;1;2;1;;;1;998
4;1;15;31;31060;;3;2;No inventariada;;9;2;1;4;;1;1;1;;;1;998
4;3;8;31;31060;;3;2;No inventariada;;9;2;1;2;;1;1;1;;;1;998
5;3;17;31;31060;;3;2;No inventariada;;9;7;2;;;1;1;1;;;1;998
5;5;10;31;31060;;3;2;No inventariada;;9;7;2;;;1;1;1;;;11;998
6;2;11;31;31060;;3;2;No inventariada;;14;7;2;;;1;1;1;;;1;998
5;5;16;31;31060;;3;2;No inventariada;;9;7;2;;;1;1;1;;;1;998
7;5;12;31;31060;;1;1;PA-35;0,2;5;7;1;4;;1;1;1;;;1;2
7;2;17;31;31060;;3;2;No inventariada;;9;2;1;4;;1;1;1;;;1;998
6;1;13;31;31060;;3;2;No inventariada;;9;2;2;;;1;1;1;;;1;998
6;3;12;31;31060;;3;2;No inventariada;;9;5;2;;;1;1;1;;;1;998
8;4;15;31;31060;;3;2;No inventariada;;9;2;1;4;;1;1;1;;;1;998
7;1;7;31;31060;;3;2;No inventariada;;9;2;1;4;;1;1;1;;;1;998
9;5;20;31;31060;;3;2;No inventariada;;9;7;2;;;1;3;1;;;1;998
9;1;15;31;31060;;3;2;No inventariada;;9;7;2;;;1;1;2;;;1;998
10;3;12;31;31060;;3;2;No inventariada;;9;7;1;2;;1;1;1;;;1;998
11;5;15;31;31060;;3;2;No inventariada;;9;4;1;4;;1;1;1;;;1;998
10;5;19;31;31060;;3;2;No inventariada;;9;7;2;;;1;3;1;;;1;998
10;3;16;31;31060;;3;2;No inventariada;;9;7;2;;;1;1;1;;;1;998
12;1;12;31;31060;;3;2;No inventariada;;9;7;2;;;1;1;1;;;1;998
12;6;18;31;31060;;3;2;No inventariada;;9;7;2;;;1;3;1;;;1;998
5;1;10;31;0;;1;1;A-12;64;3;16;2;;;1;1;1;;;1;1
1;3;8;31;0;;1;1;N-121;70,3;6;12;2;;;1;2;1;;;1;1
2;3;9;31;0;;1;1;N-121;66;6;2;1;1;;1;1;1;;;9;1
6;2;12;31;0;;1;1;AP-15;15,6;1;15;2;;;1;1;1;;;1;1
6;4;5;31;0;;1;1;N-121;55,526;6;1;1;2;NA-128;1;6;1;;;1;1
9;3;18;31;0;;1;1;N-121;53,7;6;4;2;;;1;1;1;;;1;1
9;7;6;31;0;;1;1;NA-122;28,05;6;14;2;;;3;6;1;;;1;2
7;6;12;31;0;;2;2;NA-128;31,547;6;2;1;1;;1;1;1;;;1;1
4;3;8;31;0;;2;2;NA-6900;0,5;6;7;2;;;1;1;1;;;6;3
9;7;9;31;0;;1;1;N-121C;7,886;6;12;2;;;3;1;2;;;1;2
12;4;21;31;0;;1;1;N-121C;4,421;6;8;2;;;1;6;1;;;1;1
2;7;17;31;0;;3;2;No inventariada;;9;4;2;;;1;2;2;;;1;998
7;7;11;31;0;;1;1;AP-15;6,34;1;6;2;;;1;1;1;;;1;1
1;5;12;31;31072;;3;2;No inventariada;;9;5;1;1;;1;1;1;;;1;998
2;2;8;31;31072;;3;2;No inventariada;;9;3;1;1;;1;1;1;;;6;998
1;3;12;31;31072;;3;2;No inventariada;;9;7;2;;;1;1;1;;;1;998
4;4;13;31;31072;;3;2;No inventariada;;9;2;1;1;;1;1;1;;;1;998
5;4;16;31;31072;;3;2;No inventariada;;9;7;1;2;;1;1;1;;;1;998
5;5;10;31;31072;;3;2;No inventariada;;9;12;1;1;;1;4;1;;;1;998
6;1;17;31;31072;;3;2;No inventariada;;11;7;2;;;1;1;1;;;1;998
9;1;9;31;31072;;3;2;No inventariada;;9;20;2;;;1;1;1;;;1;998
1;3;16;31;0;;1;1;NA-7010;2,8;6;19;2;;;1;1;1;;;1;3
9;4;16;31;31077;;1;1;NA-161;4;6;2;2;;;1;1;2;;;12;1
10;3;20;31;31077;;1;1;NA-161;1,1;6;19;2;;;3;6;4;;;18;3
3;5;16;31;0;;1;1;N-232;116,8;6;5;1;10;NA-5222;1;1;1;;;1;1
6;3;5;31;0;;1;1;A-68;115,9;3;6;2;;;1;6;1;;;1;1
7;4;14;31;0;;1;1;A-68;116;3;4;1;10;NA-5222;1;1;1;;;1;1
12;1;14;31;0;;1;1;NA-5200;15,15;5;19;1;4;;1;1;1;;;1;2
9;4;17;31;0;;1;1;NA-4042;0,4;6;2;2;;;1;1;1;;;2;1
8;7;19;31;0;;1;1;No inventariada;1;14;13;2;;;2;1;1;;;1;1
12;7;5;31;0;;1;1;N-121-A;59,575;6;6;2;;;3;5;4;;1;4;2
1;2;19;31;0;;3;2;No inventariada;;9;7;1;2;;3;4;3;;;18;998
10;3;10;31;0;;3;2;No inventariada;;9;7;2;;;1;1;1;;;9;998
1;3;14;31;31086;;3;2;No inventariada;;9;7;2;;;3;1;3;;;1;998
1;3;15;31;31086;;3;2;No inventariada;;9;7;1;2;;9;1;7;;;18;998
2;3;10;31;31086;;3;2;No inventariada;;9;7;1;4;;1;1;1;;;1;998
2;5;14;31;31086;;3;2;No inventariada;;9;7;2;;;1;1;1;;;9;998
5;6;13;31;31086;;3;2;No inventariada;;14;3;2;;;9;1;7;;;18;998
5;7;15;31;31086;;3;2;No inventariada;;9;4;1;4;;1;1;1;;;18;998
8;3;1;31;31086;;3;2;No inventariada;;9;6;2;;;1;4;1;;;1;998
5;2;14;31;31086;;3;2;No inventariada;;9;4;2;;;1;1;1;;;18;998
10;5;11;31;31086;;1;1;NA-2310;18,7;6;10;2;;;8;1;1;;;1;1
10;2;15;31;31086;;1;1;PA-33;0,9;5;2;1;4;;1;1;1;;;1;3
6;5;14;31;31086;;3;2;No inventariada;;9;4;2;;;1;1;1;;;1;998
11;6;0;31;31086;;1;1;PA-30;5,7;5;19;2;;;1;4;1;;;17;3
11;1;17;31;31086;;1;1;NA-150;4,4;6;6;2;;;1;1;1;;;1;3
11;1;21;31;31086;;3;2;No inventariada;;9;7;2;;;1;3;1;;;1;998
11;7;14;31;31086;;3;2;No inventariada;;14;8;2;;;1;1;1;;;1;998
4;4;20;31;31088;;1;1;N-121;8,2;6;1;2;;;1;1;1;;;1;1
8;1;14;31;31088;;1;1;AP-15;82,2;1;12;2;;;1;1;1;;;1;1
10;2;14;31;31088;;1;1;N-121;8,1;6;5;2;;;3;1;2;;;1;1
6;7;7;31;0;;3;2;No inventariada;;9;12;2;;;1;1;1;;;1;998
6;4;11;31;0;;1;1;NA-120;38,8;6;4;2;;;1;1;1;;;1;1
4;2;10;31;0;;1;1;N-135;37,8;5;19;2;;;3;1;6;1;;1;1
7;2;16;31;0;;1;1;N-135;37;6;19;2;;;1;1;1;;;1;2
7;4;11;31;0;;1;1;N-135;38,3;6;17;2;;;1;1;1;;;1;2
9;5;17;31;0;;1;1;N-135;28,6;6;19;2;;;1;1;2;;;1;2
2;3;4;31;31097;;3;2;No inventariada;;9;4;2;;;1;4;1;;;1;998
3;3;18;31;31097;;3;2;No inventariada;;11;19;2;;;1;1;1;;;18;998
5;7;9;31;31097;;3;2;No inventariada;;9;2;1;1;;1;1;3;;;1;998
5;1;19;31;31097;;3;2;No inventariada;;9;3;1;2;;1;1;1;;;1;998
6;6;20;31;31097;;3;2;No inventariada;;9;7;1;2;;1;1;1;;;1;998
9;3;13;31;31097;;3;2;No inventariada;;9;7;2;;;1;1;1;;;18;998
11;6;11;31;31097;;3;2;No inventariada;;9;7;1;1;;1;1;1;;;6;998
12;2;10;31;31097;;3;2;No inventariada;;9;7;2;;;1;1;2;;;1;998
1;2;15;31;0;;1;1;N-135;22,2;6;19;2;;;1;1;1;;;1;3
3;3;11;31;0;;1;1;NA-1740;16,9;6;16;2;;;1;1;1;;;1;2
8;2;11;31;0;;1;1;N-135;7,6;6;10;1;4;;2;1;1;;;1;2
9;3;14;31;0;;1;1;N-135;24,74;6;18;2;;;1;1;1;;;1;2
1;7;16;31;0;;1;1;PA-30;11,3;6;1;2;;;1;1;2;;;1;1
4;1;7;31;0;;1;1;PA-30;11;6;3;2;;;1;1;1;;;1;3
5;2;20;31;0;;3;2;No inventariada;;9;7;1;2;;1;1;1;;;2;998
11;6;18;31;0;;1;1;N-135;8,043;6;12;2;;;1;6;1;;;1;3
11;2;12;31;0;;1;1;NA-160;23,039;6;4;2;;;1;1;1;;;1;1
1;3;11;31;0;;1;1;NA-134;39,4;10;14;2;;;2;1;2;;;1;1
1;2;5;31;0;;1;1;NA-115;33,69;6;20;1;1;NA-134;3;6;2;2;;5;1
1;1;16;31;0;;3;2;No inventariada;;9;2;1;4;;1;1;2;;;1;998
2;5;18;31;0;;1;1;PA-31;1,5;5;14;1;2;PA-30;3;3;3;;;1;2
5;1;16;31;0;;1;1;PA-31;0,8;5;4;2;;;1;1;1;;;1;1
5;1;16;31;0;;1;1;NA-6000;4,8;6;1;2;;;1;1;1;;;1;3
6;2;22;31;0;;1;1;A-15;85,85;2;4;1;10;;1;6;1;;;1;1
10;4;13;31;0;;1;1;NA-6001;2,3;6;2;1;5;A-15;1;1;1;;;1;1
10;4;18;31;0;;1;1;PA-31;0,55;5;4;2;;;3;4;3;;;1;1
11;3;8;31;0;;3;2;No inventariada;;9;3;1;2;;3;1;3;;;1;998
7;6;16;31;0;;1;1;NA-5320;5,2;6;10;2;;;1;1;1;;;1;3
7;2;20;31;0;;1;1;NA-140;12;6;2;1;1;;1;1;1;;;2;3
9;6;16;31;0;;1;1;NA-4150;18,6;6;15;2;;;3;1;4;;;4;3
1;1;16;31;31122;;1;1;PA-30;8,5;6;2;1;7;;1;1;1;;;1;1
4;3;20;31;31122;;1;1;PA-30;8,5;6;2;1;4;;1;1;1;;;1;4
8;6;16;31;31122;;3;2;No inventariada;;9;20;1;2;;1;1;2;;;1;998
5;6;10;31;0;;1;1;NA-2420;16;6;19;2;;;1;1;1;;;1;1
4;7;14;31;0;;1;1;A-15;120,19;3;12;2;;;1;1;1;;;1;3
5;4;19;31;0;;1;1;A-15;120,5;3;19;2;;;1;1;1;;;1;2
7;6;17;31;0;;1;1;A-15;119,545;3;17;2;;;1;1;1;;;1;1
7;1;13;31;0;;1;1;NA-137;40,5;6;19;2;;;1;1;1;;;1;1
3;4;19;31;0;;3;2;No inventariada;;14;14;2;;;3;6;4;;;1;998
7;2;13;31;0;;1;1;NA-2409;17;6;2;1;2;N-240A;1;1;2;;;1;1
8;3;19;31;0;;1;1;AP-15;102,82;1;4;2;;;1;1;1;;;1;1
9;7;1;31;0;;3;2;No inventariada;;9;10;2;;;1;4;1;;;1;998
10;1;15;31;0;;1;1;N-240A;14,2;6;1;2;;;1;1;1;;;1;3
12;5;20;31;0;;1;1;N-240A;13;6;16;2;;;3;6;3;;;18;2
6;6;19;31;0;;1;1;A-15;119,584;3;16;2;;;1;1;1;;;18;1
2;7;12;31;0;;1;1;NA-4100;6,34;6;7;2;;;1;1;1;;;2;2
8;5;2;31;0;;1;1;NA-4100;7,4;6;14;2;;;1;6;1;;;1;2
10;5;18;31;0;;1;1;NA-2410;17,6;6;2;1;2;;1;1;1;;;1;1
9;2;15;31;0;;1;1;A-15;131;3;16;2;;;1;1;1;;;1;1
10;4;19;31;0;;1;1;A-15;134,5;3;16;2;;;1;2;2;;;1;2
11;6;9;31;0;;1;1;A-15;123,5;3;18;2;;;1;1;1;;;1;2
12;7;17;31;0;;1;1;A-15;124;3;16;2;;;8;6;5;;;5;3
6;4;12;31;0;;1;1;A-12;16,443;3;12;2;;;1;1;1;;;1;2
9;6;16;31;0;;1;1;NA-170;0,49;6;1;1;2;;3;1;3;;;1;2
4;5;8;31;0;;1;1;NA-122;18;6;4;2;;;1;1;1;;;1;1
8;5;19;31;0;;1;1;NA-122;23,4;6;2;2;;;1;1;1;;;4;3
11;3;11;31;0;;1;1;NA-122;20,7;6;1;2;;;1;1;1;;;1;2
11;1;22;31;0;;1;1;NA-122;23,34;6;14;2;;;9;6;1;;;1;2
7;3;14;31;0;;1;1;NA-4000;11,2;6;12;2;;;1;1;1;;;1;2
4;7;9;31;0;;1;1;NA-120;20,3;6;4;2;;;1;1;1;;;1;1
11;5;17;31;0;;1;1;A-21;43,9;3;4;2;;;1;4;1;;;1;1
9;4;14;31;0;;1;1;NA-150;9,4;6;12;2;;;1;1;2;;;1;2
2;7;11;31;0;;3;2;No inventariada;;9;10;2;;;2;1;1;;;1;998
4;1;12;31;0;;1;1;NA-123;6,4;6;16;2;;;1;1;1;;;1;1
8;1;22;31;0;;1;1;AP-68;164,1;1;6;1;10;;1;3;2;;;1;1
9;4;13;31;0;;1;1;NA-134;68,3;6;20;2;;;1;1;1;;;1;3
1;7;13;31;0;;1;1;A-21;34,5;3;4;2;;;1;1;1;;;1;3
4;6;19;31;0;;1;1;NA-150;37,8;6;2;1;5;;1;1;1;;;6;3
5;1;12;31;0;;3;2;No inventariada;;9;19;2;;;1;1;1;;;1;998
6;2;12;31;0;;1;1;A-21;39;3;12;1;11;;1;1;1;;;1;2
7;4;14;31;0;;1;1;A-21;35;3;4;1;4;NA-2420;1;1;1;;;1;3
8;4;10;31;0;;1;1;NA-150;37,5;6;7;1;2;;1;1;1;;;1;1
2;3;11;31;0;;1;1;A-12;52;3;5;2;;;1;1;1;;;1;1
5;1;17;31;0;;1;1;A-12;25,5;3;16;2;;;1;1;1;;;1;1
7;2;19;31;0;;1;1;NA-128;23,373;6;7;2;;;1;1;1;;;1;1
5;3;13;31;0;;1;1;NA-8411;1,358;6;7;2;;;1;1;1;;;1;1
5;1;14;31;0;;1;1;NA-134;78,4;6;12;2;;;1;1;2;;;1;1
3;7;16;31;0;;1;1;NA-132A;20,8;6;14;2;;;5;1;5;;;1;2
9;4;11;31;0;;1;1;NA-129;3,791;6;15;2;;;3;1;3;;;1;2
1;2;12;31;0;;1;1;NA-601;26,5;6;4;2;;;3;1;1;;;1;2
2;7;17;31;0;;1;1;NA-6100;26,5;6;14;2;;;1;1;1;;;1;1
6;3;1;31;0;;1;1;NA-6140;12,8;6;12;2;;;1;6;1;;;1;3
7;3;1;31;0;;1;1;N-121C;14,08;6;15;2;;;1;4;1;;;1;1
2;5;15;31;0;;1;1;NA-122;6,854;6;4;1;2;;1;1;1;;;1;2
6;4;8;31;0;;3;2;No inventariada;;9;2;2;;;1;1;1;;;1;998
8;5;15;31;0;;1;1;NA-160;6,5;6;1;2;;;1;1;1;;;18;1
5;6;22;31;0;;1;1;NA-132A;11,4;6;7;2;;;1;4;1;;;1;1
7;2;11;31;0;;1;1;N-121;48,96;6;18;2;;;1;1;1;;;1;1
8;4;21;31;0;;1;1;NA-214;4,9;6;8;2;;;1;6;1;;;1;1
6;6;21;31;0;;1;1;NA-6064;1,3;6;2;1;5;;1;2;2;;;1;1
3;5;14;31;0;;1;1;NA-2012;13;6;16;2;;;6;2;6;;;5;3
2;4;19;31;0;;1;1;N-121;42,1;6;2;2;;;4;6;4;;;5;2
4;3;18;31;0;;1;1;AP-15;46,4;1;12;2;;;1;1;1;;;1;1
7;7;12;31;0;;1;1;AP-15;38,8;1;12;2;;;1;1;1;;;1;1
10;1;10;31;0;;1;1;N-121;44,2;6;18;2;;;1;1;1;;;1;1
3;4;20;31;0;;1;1;NA-7010;8,96;6;1;1;2;NA-7061;1;6;1;;;1;3
11;5;13;31;0;;1;1;NA-700;9,8;6;18;2;;;1;1;1;;;1;2
1;4;14;31;31201;;1;1;PA-30;4,9;5;4;2;;;1;1;2;;;1;3
1;1;0;31;31201;;3;2;No inventariada;;9;7;1;4;;1;4;1;;;1;998
1;1;6;31;31201;;3;2;No inventariada;;9;10;1;4;;1;4;1;;;1;998
1;1;19;31;31201;;3;2;No inventariada;;9;7;2;;;1;4;1;;;1;998
1;2;7;31;31201;;3;2;No inventariada;;9;2;2;;;1;4;1;;;1;998
1;2;15;31;31201;;3;2;No inventariada;;9;1;1;1;;1;1;2;;;1;998
1;4;19;31;31201;;3;2;No inventariada;;9;10;2;;;1;4;2;;;1;998
1;5;14;31;31201;;3;2;No inventariada;;9;11;1;2;;1;1;2;;;1;998
1;5;16;31;31201;;3;2;No inventariada;;9;7;2;;;3;1;3;;;1;998
1;1;11;31;31201;;3;2;No inventariada;;9;10;1;4;;1;1;1;;;1;998
1;2;7;31;31201;;3;2;No inventariada;;9;7;1;4;;1;4;1;;;1;998
1;3;16;31;31201;;3;2;No inventariada;;9;10;2;;;3;1;3;;;1;998
1;3;10;31;31201;;3;2;No inventariada;;9;4;1;1;;3;1;2;;;1;998
1;2;7;31;31201;;3;2;No inventariada;;9;2;1;2;;3;4;2;;;1;998
1;5;10;31;31201;;3;2;No inventariada;;9;10;2;;;1;1;1;;;1;998
1;4;16;31;31201;;3;2;No inventariada;;9;2;2;;;1;1;2;;;1;998
1;6;23;31;31201;;3;2;No inventariada;;9;10;1;1;;1;4;2;;;1;998
1;2;19;31;31201;;3;2;No inventariada;;9;10;2;;;1;4;2;;;1;998
1;5;8;31;31201;;3;2;No inventariada;;9;2;1;4;;1;3;2;;;1;998
1;5;11;31;31201;;3;2;No inventariada;;9;2;1;4;;1;1;2;;;1;998
1;5;1;31;31201;;3;2;No inventariada;;9;10;2;;;1;4;2;;;1;998
1;4;22;31;31201;;3;2;No inventariada;;9;2;1;4;;1;4;1;;;1;998
1;4;7;31;31201;;3;2;No inventariada;;9;2;1;4;;1;4;1;;;1;998
1;2;20;31;31201;;3;2;No inventariada;;9;10;2;;;3;4;2;;;17;998
1;2;7;31;31201;;3;2;No inventariada;;9;7;2;;;1;3;1;;;1;998
1;5;11;31;31201;;3;2;No inventariada;;9;4;1;1;;1;1;1;;;1;998
1;2;13;31;31201;;3;2;No inventariada;;9;10;2;;;1;1;1;;;1;998
1;4;10;31;31201;;3;2;No inventariada;;9;7;2;;;1;1;1;;;1;998
1;5;9;31;31201;;3;2;No inventariada;;9;2;1;4;;1;2;1;;;6;998
1;6;12;31;31201;;3;2;No inventariada;;9;2;2;;;1;1;1;;;1;998
1;6;19;31;31201;;3;2;No inventariada;;9;2;1;4;;1;4;1;;;1;998
1;7;12;31;31201;;3;2;No inventariada;;9;10;1;4;;1;1;1;;;1;998
1;7;18;31;31201;;3;2;No inventariada;;9;19;2;;;1;3;1;;;1;998
2;7;17;31;31201;;3;2;No inventariada;;9;7;1;1;;1;2;1;;;1;998
1;2;11;31;31201;;3;2;No inventariada;;9;7;1;4;;1;1;2;;;1;998
2;4;9;31;31201;;3;2;No inventariada;;9;2;2;;;1;1;2;;;1;998
2;4;15;31;31201;;3;2;No inventariada;;9;7;2;;;1;1;2;;;1;998
2;4;14;31;31201;;3;2;No inventariada;;9;10;1;4;;1;2;2;;;1;998
2;4;21;31;31201;;3;2;No inventariada;;9;7;2;;;1;4;2;;;1;998
2;4;17;31;31201;;3;2;No inventariada;;9;2;1;2;;1;1;2;;;1;998
1;3;11;31;31201;;3;2;No inventariada;;9;4;1;4;;1;1;1;;;1;998
2;2;14;31;31201;;3;2;No inventariada;;9;2;1;4;;1;1;1;;;1;998
2;6;13;31;31201;;3;2;No inventariada;;9;7;1;6;;1;1;1;;;1;998
2;3;7;31;31201;;3;2;No inventariada;;9;2;1;6;;1;3;1;;;1;998
2;3;22;31;31201;;3;2;No inventariada;;9;10;1;1;;1;4;1;;;1;998
2;5;7;31;31201;;3;2;No inventariada;;9;7;2;;;3;4;2;;;1;998
2;7;22;31;31201;;3;2;No inventariada;;9;12;2;;;1;4;1;;;1;998
2;1;11;31;31201;;3;2;No inventariada;;9;2;1;4;;3;1;1;;;1;998
2;1;17;31;31201;;3;2;No inventariada;;9;1;2;;;1;1;2;;;1;998
2;2;10;31;31201;;3;2;No inventariada;;9;2;2;;;1;1;1;;;1;998
2;2;12;31;31201;;3;2;No inventariada;;9;10;1;1;;1;1;1;;;1;998
2;3;10;31;31201;;3;2;No inventariada;;9;4;1;4;;1;1;1;;;1;998
2;4;9;31;31201;;3;2;No inventariada;;9;2;1;6;;1;1;2;;;1;998
3;5;11;31;0;;1;1;PA-31;0,5;5;2;2;;;1;1;1;;;1;1
2;5;19;31;31201;;3;2;No inventariada;;9;10;2;;;1;3;2;;;1;998
2;5;12;31;31201;;3;2;No inventariada;;9;7;2;;;3;1;2;;;1;998
2;7;16;31;31201;;3;2;No inventariada;;9;10;1;2;;1;1;1;;;1;998
2;1;14;31;31201;;3;2;No inventariada;;9;10;1;6;;1;1;1;;;1;998
2;2;19;31;31201;;3;2;No inventariada;;9;7;1;2;;1;2;1;;;1;998
2;3;7;31;31201;;3;2;No inventariada;;9;7;2;;;1;2;1;;;1;998
2;4;12;31;31201;;3;2;No inventariada;;9;2;1;2;;1;1;2;;;1;998
2;1;12;31;31201;;3;2;No inventariada;;9;7;2;;;1;1;2;;;1;998
2;1;20;31;31201;;3;2;No inventariada;;9;2;1;4;;3;4;4;;;9;998
2;2;20;31;31201;;3;2;No inventariada;;9;2;1;1;;3;4;2;;;9;998
2;3;8;31;31201;;3;2;No inventariada;;9;2;1;2;;1;1;1;;;1;998
2;4;17;31;31201;;3;2;No inventariada;;9;2;1;6;;3;1;3;;;1;998
3;5;10;31;31201;;3;2;No inventariada;;9;2;1;1;;1;1;1;;;1;998
3;5;17;31;31201;;3;2;No inventariada;;9;10;2;;;1;1;1;;;1;998
3;5;23;31;31201;;3;2;No inventariada;;9;10;2;;;1;4;1;;;1;998
3;6;23;31;31201;;3;2;No inventariada;;9;4;1;2;;3;4;4;;;1;998