MES;DIA_SEMANA;HORA;COD_PROVINCIA;COD_MUNICIPIO;ISLA;ZONA;ZONA_AGRUPADA;CARRETERA;KM;TIPO_VIA;TIPO_ACCIDENTE;NUDO;NUDO_INFO;CARRETERA_CRUCE;CONDICION_FIRME;CONDICION_ILUMINACION;CONDICION_METEO;CONDICION_NIEBLA;CONDICION_VIENTO;VISIB_RESTRINGIDA_POR;TRAZADO_PLANTA
3;7;16;31;31201;;3;2;No inventariada;;9;4;2;;;3;1;2;;;1;998
3;1;14;31;31201;;3;2;No inventariada;;9;10;1;1;;1;1;2;;;1;998
3;1;15;31;31201;;3;2;No inventariada;;9;7;2;;;1;1;1;;;9;998
3;2;20;31;31201;;3;2;No inventariada;;9;2;1;4;;1;4;1;;;1;998
3;3;17;31;31201;;3;2;No inventariada;;9;10;2;;;1;4;1;;;1;998
3;7;19;31;31201;;3;2;No inventariada;;9;10;2;;;1;4;2;;;1;998
3;6;0;31;31201;;3;2;No inventariada;;9;2;1;2;;1;4;2;;;1;998
3;1;21;31;31201;;3;2;No inventariada;;9;2;1;4;;3;4;2;;;1;998
3;1;9;31;31201;;3;2;No inventariada;;9;2;1;1;;1;2;2;;;1;998
3;3;13;31;31201;;3;2;No inventariada;;9;2;1;4;;1;1;1;;;1;998
3;3;13;31;31201;;3;2;No inventariada;;9;2;1;2;;1;1;1;;;1;998
3;4;7;31;31201;;3;2;No inventariada;;9;2;1;4;;1;3;2;;;1;998
3;7;12;31;31201;;3;2;No inventariada;;9;7;1;2;;1;1;2;;;1;998
3;3;7;31;31201;;3;2;No inventariada;;9;2;2;;;1;2;1;;;6;998
3;3;18;31;31201;;3;2;No inventariada;;9;2;2;;;1;3;1;;;6;998
3;4;14;31;31201;;3;2;No inventariada;;9;2;1;4;;1;1;1;;;1;998
3;4;17;31;31201;;3;2;No inventariada;;9;4;1;4;;1;1;1;;;1;998
3;5;12;31;31201;;3;2;No inventariada;;9;2;2;;;1;1;1;;;1;998
3;1;20;31;31201;;3;2;No inventariada;;9;2;1;4;;1;4;1;;;1;998
3;3;9;31;31201;;3;2;No inventariada;;9;10;2;;;1;1;1;;;1;998
3;2;21;31;31201;;3;2;No inventariada;;9;20;2;;;1;4;1;;;1;998
3;4;9;31;31201;;3;2;No inventariada;;9;2;2;;;1;1;2;;;1;998
3;7;21;31;31201;;3;2;No inventariada;;9;9;2;;;1;4;1;;;1;998
3;5;12;31;31201;;3;2;No inventariada;;9;10;1;4;;1;1;1;;;1;998
3;4;21;31;31201;;3;2;No inventariada;;9;10;2;;;1;4;1;;;1;998
3;3;16;31;31201;;3;2;No inventariada;;9;7;2;;;1;1;2;;;1;998
1;1;17;31;31201;;3;2;No inventariada;;9;2;1;5;;1;2;1;;;1;998
1;4;16;31;31201;;3;2;No inventariada;;9;6;1;4;;1;1;1;;;1;998
1;3;17;31;31201;;3;2;No inventariada;;9;7;2;;;1;1;1;;;1;998
2;4;18;31;31201;;3;2;No inventariada;;9;3;1;4;;1;2;2;;;1;998
2;5;9;31;31201;;3;2;No inventariada;;9;4;2;;;1;1;1;;;1;998
2;3;12;31;31201;;3;2;No inventariada;;9;2;1;1;;1;1;1;;;1;998
2;6;6;31;31201;;3;2;No inventariada;;9;7;1;1;;1;4;1;;;1;998
2;1;16;31;31201;;3;2;No inventariada;;9;4;1;2;;1;1;1;;;1;998
1;2;8;31;31201;;3;2;No inventariada;;9;10;2;;;1;3;2;;;1;998
3;4;13;31;31201;;3;2;No inventariada;;9;5;2;;;1;1;1;;;1;998
3;2;8;31;31201;;3;2;No inventariada;;9;10;2;;;3;3;4;;;1;998
4;3;13;31;31201;;1;1;PA-30;4,5;5;9;2;;;1;1;2;;;1;1
5;4;17;31;31201;;3;2;No inventariada;;9;4;2;;;1;1;1;;;1;998
4;3;11;31;31201;;3;2;No inventariada;;9;10;2;;;1;1;1;;;1;998
4;3;13;31;31201;;3;2;No inventariada;;9;7;2;;;1;1;2;;;1;998
4;5;14;31;31201;;3;2;No inventariada;;9;4;1;4;;1;1;1;;;1;998
4;5;16;31;31201;;3;2;No inventariada;;9;2;1;4;;1;1;2;;;1;998
4;6;13;31;31201;;3;2;No inventariada;;9;4;2;;;1;1;1;;;1;998
4;7;3;31;31201;;3;2;No inventariada;;9;7;1;4;;1;1;1;;;1;998
4;2;19;31;31201;;3;2;No inventariada;;9;4;1;4;;1;1;1;;;1;998
4;2;23;31;31201;;3;2;No inventariada;;9;10;2;;;1;4;2;;;1;998
4;7;9;31;31201;;3;2;No inventariada;;9;10;2;;;1;1;1;;;1;998
4;3;18;31;31201;;3;2;No inventariada;;9;1;2;;;1;1;1;;;2;998
4;4;10;31;31201;;3;2;No inventariada;;9;2;1;4;;1;1;1;;;1;998
5;1;8;31;31023;;1;1;PA-30;0,01;5;3;1;7;PA-30;1;1;1;;;1;2
4;4;18;31;31201;;3;2;No inventariada;;9;2;2;;;1;1;1;;;1;998
4;6;19;31;31201;;3;2;No inventariada;;9;2;2;;;1;1;1;;;1;998
4;6;21;31;31201;;3;2;No inventariada;;9;2;1;1;;1;4;2;;;1;998
4;7;19;31;31201;;3;2;No inventariada;;9;7;2;;;1;1;1;;;9;998
4;7;20;31;31201;;3;2;No inventariada;;9;7;1;2;;1;2;2;;;1;998
4;1;18;31;31201;;3;2;No inventariada;;9;10;2;;;1;1;1;;;2;998
4;5;8;31;31201;;3;2;No inventariada;;9;10;1;4;;1;1;1;;;1;998
4;1;15;31;31201;;3;2;No inventariada;;9;2;1;4;;1;1;1;;;1;998
4;1;19;31;31201;;3;2;No inventariada;;9;10;2;;;8;2;1;;;1;998
4;2;10;31;31201;;3;2;No inventariada;;9;10;1;2;;1;1;1;;;1;998
4;1;8;31;31201;;3;2;No inventariada;;9;2;1;4;;1;4;1;;;1;998
4;3;12;31;31201;;3;2;No inventariada;;9;2;2;;;1;1;1;;;1;998
4;3;21;31;31201;;3;2;No inventariada;;9;7;2;;;1;4;1;;;9;998
4;5;6;31;31201;;3;2;No inventariada;;9;10;2;;;1;4;1;;;1;998
4;5;17;31;31201;;3;2;No inventariada;;9;3;2;;;1;1;1;;;1;998
4;6;12;31;31201;;3;2;No inventariada;;9;2;1;4;;1;1;1;;;1;998
4;1;7;31;31201;;3;2;No inventariada;;9;16;2;;;1;1;1;;;1;998
4;1;14;31;31201;;3;2;No inventariada;;9;4;2;;;1;1;1;1;;1;998
4;2;8;31;31201;;3;2;No inventariada;;9;7;1;1;;3;1;2;;;1;998
4;2;14;31;31201;;3;2;No inventariada;;9;10;1;2;;3;1;3;;;1;998
4;2;14;31;31201;;3;2;No inventariada;;9;3;2;;;3;1;3;;;1;998
4;2;2;31;31201;;3;2;No inventariada;;9;2;1;4;;1;4;2;;;1;998
4;4;17;31;31201;;3;2;No inventariada;;9;2;1;4;;1;1;2;;;1;998
4;5;9;31;31201;;3;2;No inventariada;;9;2;2;;;1;1;1;;;1;998
4;6;23;31;31201;;3;2;No inventariada;;9;10;2;;;1;4;1;;;1;998
4;1;2;31;31201;;3;2;No inventariada;;9;10;2;;;1;4;1;;;1;998
4;1;14;31;31201;;3;2;No inventariada;;9;2;1;4;;1;1;2;;;1;998
4;2;7;31;31201;;3;2;No inventariada;;9;2;1;2;;1;1;1;;;1;998
4;2;23;31;31201;;3;2;No inventariada;;9;7;2;;;1;4;1;;;1;998
4;1;9;31;31201;;3;2;No inventariada;;9;10;2;;;1;1;1;;;1;998
4;3;15;31;31201;;3;2;No inventariada;;9;4;1;4;;1;1;2;;;1;998
4;3;15;31;31201;;3;2;No inventariada;;9;10;1;1;;1;1;1;;;13;998
5;4;18;31;31201;;3;2;No inventariada;;9;7;1;1;;1;1;1;;;1;998
5;4;14;31;31201;;3;2;No inventariada;;9;10;2;;;1;1;2;;;1;998
5;7;11;31;31201;;3;2;No inventariada;;9;7;1;2;;1;1;1;;;1;998
5;3;0;31;31201;;3;2;No inventariada;;9;10;2;;;1;4;1;;;1;998
5;3;14;31;31201;;3;2;No inventariada;;9;2;1;4;;1;1;1;;;1;998
5;5;12;31;31201;;3;2;No inventariada;;9;10;2;;;1;1;1;;;1;998
5;5;16;31;31201;;3;2;No inventariada;;9;2;1;4;;1;1;1;;;1;998
5;5;15;31;31201;;3;2;No inventariada;;9;2;2;;;1;1;1;;;1;998
5;6;14;31;31201;;3;2;No inventariada;;9;3;2;;;1;1;1;;;1;998
5;1;2;31;31201;;3;2;No inventariada;;9;2;1;1;;1;4;1;;;1;998
5;1;11;31;31201;;3;2;No inventariada;;9;4;1;2;;1;1;1;;;1;998
5;1;17;31;31201;;3;2;No inventariada;;9;3;2;;;1;1;2;;;1;998
5;1;19;31;31201;;3;2;No inventariada;;9;3;2;;;1;1;2;;;1;998
5;2;9;31;31201;;3;2;No inventariada;;9;2;1;2;;1;1;2;;;1;998
5;4;15;31;31201;;3;2;No inventariada;;9;10;2;;;1;1;2;;;1;998
5;5;10;31;31201;;3;2;No inventariada;;9;10;2;;;3;1;2;;;1;998
5;2;13;31;31201;;3;2;No inventariada;;9;7;2;;;1;1;2;;;1;998
5;5;23;31;31201;;3;2;No inventariada;;9;10;2;;;1;4;1;;;1;998
5;6;11;31;31201;;3;2;No inventariada;;9;7;2;;;1;1;1;;;1;998
5;6;1;31;31201;;3;2;No inventariada;;9;7;2;;;1;4;1;;;1;998
5;7;20;31;31201;;3;2;No inventariada;;9;10;2;;;3;1;2;;;1;998
5;2;10;31;31201;;3;2;No inventariada;;9;7;2;;;1;1;1;;;1;998
5;3;8;31;31201;;3;2;No inventariada;;9;2;1;2;;1;1;1;;;1;998
5;3;16;31;31201;;3;2;No inventariada;;9;7;2;;;1;1;2;;;1;998
5;3;19;31;31201;;3;2;No inventariada;;9;4;2;;;3;1;4;;;1;998
5;2;19;31;31201;;3;2;No inventariada;;9;2;2;;;1;1;1;;;1;998
5;3;13;31;31201;;3;2;No inventariada;;9;2;2;;;1;1;1;;;1;998
5;4;20;31;31201;;3;2;No inventariada;;9;10;1;1;;1;1;1;;;1;998
5;5;11;31;31201;;3;2;No inventariada;;9;3;1;4;;1;1;1;;;1;998
5;5;11;31;31201;;3;2;No inventariada;;9;2;1;6;;1;1;2;;;1;998
5;5;13;31;31201;;3;2;No inventariada;;9;5;2;;;1;1;1;;;1;998
5;5;20;31;31201;;3;2;No inventariada;;9;7;2;;;1;1;1;;;1;998
5;6;12;31;31201;;3;2;No inventariada;;9;10;2;;;1;1;1;;;1;998
5;6;8;31;31201;;3;2;No inventariada;;9;10;2;;;1;2;1;;;1;998
5;6;12;31;31201;;3;2;No inventariada;;9;4;1;2;;1;1;1;;;1;998
5;1;12;31;31201;;3;2;No inventariada;;9;16;2;;;1;1;1;;;1;998
5;1;22;31;31201;;3;2;No inventariada;;9;10;2;;;1;4;1;;;1;998
5;2;7;31;31201;;3;2;No inventariada;;9;3;1;4;;1;1;1;;;1;998
5;2;9;31;31201;;3;2;No inventariada;;9;5;1;2;;1;1;1;;;1;998
6;6;7;31;31201;;3;2;No inventariada;;9;10;1;2;;1;1;1;;;1;998
5;2;16;31;31201;;3;2;No inventariada;;9;10;1;4;;1;1;1;;;1;998
5;2;19;31;31201;;3;2;No inventariada;;9;2;1;4;;1;1;1;;;1;998
5;3;18;31;31201;;3;2;No inventariada;;9;10;1;4;;1;1;1;;;1;998
5;3;19;31;31201;;3;2;No inventariada;;9;7;2;;;1;1;1;;;1;998
5;4;18;31;31201;;3;2;No inventariada;;9;2;1;2;;1;1;1;;;1;998
5;5;10;31;31201;;3;2;No inventariada;;9;2;1;1;;1;1;1;;;1;998
5;5;16;31;31201;;3;2;No inventariada;;9;7;2;;;1;1;2;;;1;998
5;5;17;31;31201;;3;2;No inventariada;;9;10;2;;;1;1;1;;;1;998
6;6;21;31;31201;;3;2;No inventariada;;9;10;2;;;1;3;1;;;1;998
6;7;13;31;31201;;3;2;No inventariada;;9;4;2;;;1;1;2;;;1;998
6;7;18;31;31201;;3;2;No inventariada;;9;2;2;;;1;1;2;;;1;998
6;2;8;31;31201;;3;2;No inventariada;;9;4;1;4;;1;1;1;;;1;998
6;2;12;31;31201;;3;2;No inventariada;;9;7;2;;;1;1;1;;;1;998
6;2;15;31;31201;;3;2;No inventariada;;9;4;2;;;1;1;1;;;1;998
5;3;16;31;31201;;3;2;No inventariada;;9;2;2;;;1;1;1;;;2;998
6;3;14;31;31201;;3;2;No inventariada;;9;2;1;1;;1;1;1;;;1;998
6;3;11;31;31201;;3;2;No inventariada;;9;10;1;5;;1;1;1;;;1;998
6;1;12;31;31201;;3;2;No inventariada;;9;7;2;;;1;1;2;;;1;998
6;2;17;31;31201;;3;2;No inventariada;;9;7;1;4;;1;1;2;;;1;998
6;4;19;31;31201;;3;2;No inventariada;;9;7;2;;;1;1;1;;;2;998
6;5;23;31;31201;;3;2;No inventariada;;9;10;1;4;;3;4;2;;;1;998
6;6;9;31;31201;;3;2;No inventariada;;9;20;2;;;1;1;1;;;9;998
6;7;13;31;31201;;3;2;No inventariada;;9;6;2;;;1;4;1;;;1;998
6;7;14;31;31201;;3;2;No inventariada;;9;2;1;4;;1;1;1;;;1;998
6;7;19;31;31201;;3;2;No inventariada;;9;2;2;;;1;1;1;1;;1;998
6;2;7;31;31201;;3;2;No inventariada;;9;2;1;4;;1;2;2;;;1;998
6;2;13;31;31201;;3;2;No inventariada;;9;7;2;;;1;1;1;;;1;998
6;2;20;31;31201;;3;2;No inventariada;;9;7;1;2;;1;1;1;;;9;998
6;4;17;31;31201;;3;2;No inventariada;;9;4;2;;;1;1;1;;;1;998
6;2;14;31;31201;;3;2;No inventariada;;9;10;2;;;1;1;1;;;1;998
6;5;15;31;31201;;3;2;No inventariada;;9;4;1;4;;1;1;1;;;1;998
6;5;19;31;31201;;3;2;No inventariada;;9;10;2;;;1;1;1;;;1;998
6;5;17;31;31201;;3;2;No inventariada;;9;10;2;;;1;1;1;;;1;998
6;7;11;31;31201;;3;2;No inventariada;;9;10;1;4;;3;1;2;;;1;998
6;6;12;31;31201;;3;2;No inventariada;;9;2;1;1;;1;1;1;;;1;998
6;6;9;31;31201;;3;2;No inventariada;;9;18;2;;;1;1;1;;;1;998
6;1;16;31;31201;;3;2;No inventariada;;9;2;1;4;;1;1;1;;;1;998
6;3;11;31;31201;;3;2;No inventariada;;9;10;1;4;;3;1;2;;;1;998
6;5;15;31;31201;;3;2;No inventariada;;9;2;1;4;;1;1;1;;;1;998
6;5;18;31;31201;;3;2;No inventariada;;9;7;2;;;1;1;2;;;1;998
6;6;13;31;31201;;3;2;No inventariada;;9;3;2;;;1;1;1;;;1;998
6;6;23;31;31201;;3;2;No inventariada;;9;10;1;1;;1;4;1;;;1;998
6;7;20;31;31201;;3;2;No inventariada;;9;2;1;4;;3;1;2;;;1;998
7;2;19;31;31201;;3;2;No inventariada;;9;10;1;4;;1;1;2;;;1;998
7;3;5;31;31201;;3;2;No inventariada;;9;2;1;1;;1;4;2;;;1;998
7;3;9;31;31201;;3;2;No inventariada;;9;10;2;;;1;1;1;;;1;998
7;3;16;31;31201;;3;2;No inventariada;;9;2;1;1;;1;1;1;;;1;998
7;3;20;31;31201;;3;2;No inventariada;;9;10;2;;;1;2;1;;;1;998
7;6;14;31;31201;;3;2;No inventariada;;9;4;2;;;1;1;2;;;1;998
7;3;21;31;31201;;3;2;No inventariada;;9;7;2;;;1;2;1;;;6;998
7;4;16;31;31201;;3;2;No inventariada;;9;6;2;;;1;1;1;;;1;998
7;4;19;31;31201;;3;2;No inventariada;;9;10;2;;;1;1;1;;;1;998
7;5;11;31;31201;;3;2;No inventariada;;9;2;1;1;;1;1;1;;;1;998
7;6;14;31;31201;;3;2;No inventariada;;9;2;1;1;;1;1;1;;;1;998
7;7;12;31;31201;;3;2;No inventariada;;9;7;2;;;1;1;1;;;1;998
6;1;10;31;31201;;3;2;No inventariada;;9;1;2;;;1;4;1;;;1;998
7;7;18;31;31201;;3;2;No inventariada;;9;10;2;;;1;1;1;;;1;998
7;3;15;31;31201;;3;2;No inventariada;;9;5;2;;;1;1;1;;;1;998
5;5;18;31;31201;;3;2;No inventariada;;9;10;1;4;;1;1;1;;;1;998
7;2;18;31;31201;;3;2;No inventariada;;9;2;2;;;1;1;1;;;1;998
7;2;14;31;31201;;3;2;No inventariada;;9;2;1;1;;1;1;1;;;1;998
7;2;19;31;31201;;3;2;No inventariada;;9;10;2;;;1;1;1;;;1;998
7;3;16;31;31201;;3;2;No inventariada;;9;2;1;4;;1;1;1;;;1;998
7;4;11;31;31201;;3;2;No inventariada;;9;10;2;;;1;1;1;;;1;998
7;5;13;31;31201;;3;2;No inventariada;;9;2;2;;;1;1;1;;;1;998
7;1;8;31;31201;;3;2;No inventariada;;9;4;2;;;1;2;1;;;6;998
7;2;19;31;31201;;3;2;No inventariada;;9;7;2;;;1;1;1;;;1;998
7;4;8;31;31201;;3;2;No inventariada;;9;19;2;;;1;1;1;;;1;998
7;5;13;31;31201;;3;2;No inventariada;;9;10;2;;;1;1;1;;;1;998
7;5;18;31;31201;;3;2;No inventariada;;9;10;1;2;;1;1;1;;;1;998
7;6;10;31;31201;;3;2;No inventariada;;9;10;2;;;1;1;1;;;4;998
7;6;18;31;31201;;3;2;No inventariada;;9;2;1;1;;3;1;2;;;1;998
7;1;17;31;31201;;3;2;No inventariada;;9;4;2;;;1;1;2;;;1;998
8;2;11;31;31201;;3;2;No inventariada;;9;10;2;;;1;1;1;;;1;998
7;4;20;31;31201;;3;2;No inventariada;;9;4;2;;;1;2;1;;;6;998
7;5;5;31;31201;;3;2;No inventariada;;9;2;1;4;;1;4;1;;;1;998
8;5;11;31;31201;;3;2;No inventariada;;9;10;2;;;1;1;1;;;1;998
7;4;21;31;31201;;3;2;No inventariada;;9;10;2;;;1;4;1;;;1;998
8;6;12;31;31201;;3;2;No inventariada;;9;2;1;2;;1;1;1;;;1;998
8;1;14;31;31201;;3;2;No inventariada;;9;4;1;5;;1;1;1;;;1;998
8;3;7;31;31201;;3;2;No inventariada;;9;10;1;4;;1;1;2;;;1;998
8;3;15;31;31201;;3;2;No inventariada;;9;6;2;;;1;1;1;;;1;998
8;3;16;31;31201;;3;2;No inventariada;;9;5;2;;;1;1;1;;;1;998
8;1;21;31;31201;;3;2;No inventariada;;9;10;2;;;1;4;1;;;1;998
8;5;12;31;31201;;3;2;No inventariada;;9;2;1;1;;1;1;1;;;1;998
8;7;16;31;31201;;3;2;No inventariada;;9;10;2;;;1;1;1;;;1;998
8;6;22;31;31201;;3;2;No inventariada;;9;2;2;;;1;4;1;;;1;998
8;2;19;31;31201;;3;2;No inventariada;;9;7;1;4;;3;3;4;;;5;998
8;3;13;31;31201;;3;2;No inventariada;;9;10;1;4;;1;1;1;;;1;998
8;5;14;31;31201;;3;2;No inventariada;;9;2;1;4;;1;4;1;;;1;998
8;1;12;31;31201;;3;2;No inventariada;;9;1;2;;;1;1;1;;;1;998
8;1;13;31;31201;;3;2;No inventariada;;9;4;2;;;1;1;1;;;1;998
8;2;13;31;31201;;3;2;No inventariada;;9;10;2;;;1;1;1;;;1;998
8;2;17;31;31201;;3;2;No inventariada;;9;10;1;1;;1;1;1;;;1;998
8;6;14;31;31201;;3;2;No inventariada;;9;4;2;;;1;1;1;;;1;998
8;7;0;31;31201;;3;2;No inventariada;;9;10;1;1;;1;4;1;;;1;998
8;1;15;31;31201;;3;2;No inventariada;;9;2;1;4;;1;1;1;;;1;998
8;1;17;31;31201;;3;2;No inventariada;;9;4;2;;;1;1;1;;;1;998
8;6;6;31;31201;;3;2;No inventariada;;9;7;2;;;1;4;1;;;4;998
8;7;16;31;31201;;3;2;No inventariada;;9;16;2;;;1;1;1;;;1;998
9;2;12;31;31201;;3;2;No inventariada;;9;7;2;;;1;1;2;;;1;998
8;3;19;31;31201;;3;2;No inventariada;;9;2;2;;;1;1;1;;;1;998
8;4;13;31;31201;;3;2;No inventariada;;9;7;2;;;1;1;1;;;1;998
10;2;12;31;31023;;1;1;NA-2310;2,83;6;2;1;6;NA-2310;1;1;2;;;18;1
9;3;17;31;31201;;3;2;No inventariada;;9;3;2;;;1;1;2;;;1;998
10;6;20;31;31201;;3;2;No inventariada;;9;7;2;;;3;4;3;;;1;998
10;6;3;31;31201;;1;1;NA-6001;0,7;6;3;2;;;3;6;4;;;4;1
9;2;12;31;31201;;3;2;No inventariada;;9;4;1;5;;3;1;2;;;1;998
9;5;5;31;31201;;3;2;No inventariada;;9;7;2;;;3;4;3;;;1;998
9;6;9;31;31201;;3;2;No inventariada;;9;7;2;;;1;1;1;;;1;998
9;5;19;31;31201;;3;2;No inventariada;;9;2;2;;;1;2;1;;;1;998
9;6;12;31;31201;;3;2;No inventariada;;9;10;2;;;1;1;1;;;1;998
9;6;19;31;31201;;3;2;No inventariada;;9;10;2;;;1;1;1;;;1;998
9;6;15;31;31201;;3;2;No inventariada;;9;7;1;1;;1;1;1;;;1;998
9;1;14;31;31201;;3;2;No inventariada;;9;7;1;1;;1;1;1;;;1;998
9;1;18;31;31201;;3;2;No inventariada;;9;4;1;4;;1;1;1;;;1;998
9;2;8;31;31201;;3;2;No inventariada;;9;4;2;;;1;2;1;;;6;998
9;3;6;31;31201;;3;2;No inventariada;;9;2;1;4;;1;4;1;;;1;998
9;6;20;31;31201;;3;2;No inventariada;;9;2;2;;;1;2;2;;;1;998
9;1;9;31;31201;;3;2;No inventariada;;9;10;2;;;1;1;1;;;1;998
9;1;15;31;31201;;3;2;No inventariada;;9;4;2;;;1;1;2;;;1;998
9;1;16;31;31201;;3;2;No inventariada;;9;2;1;4;;1;1;2;;;9;998
9;3;15;31;31201;;3;2;No inventariada;;9;7;2;;;1;1;2;;;1;998
9;4;8;31;31201;;3;2;No inventariada;;9;4;1;2;;1;1;2;;;1;998
9;4;16;31;31201;;3;2;No inventariada;;9;4;1;2;;1;1;1;;;1;998
9;5;8;31;31201;;3;2;No inventariada;;9;4;2;;;1;1;2;;;1;998
9;6;22;31;31201;;3;2;No inventariada;;9;10;2;;;3;4;2;;;1;998
10;3;12;31;31201;;3;2;No inventariada;;9;16;2;;;3;1;2;;;1;998
10;3;21;31;31201;;3;2;No inventariada;;9;2;1;4;;3;4;3;;;1;998
10;4;21;31;31201;;3;2;No inventariada;;9;2;1;4;;1;4;1;;;1;998
9;4;8;31;31201;;3;2;No inventariada;;9;2;2;;;1;1;2;;;2;998
10;5;5;31;31201;;3;2;No inventariada;;9;7;1;4;;1;4;2;;;1;998
9;4;20;31;31201;;3;2;No inventariada;;9;4;1;4;;1;3;1;;;1;998
9;5;15;31;31201;;3;2;No inventariada;;9;3;2;;;1;1;1;;;1;998
10;5;20;31;31201;;3;2;No inventariada;;9;4;2;;;1;4;1;;;1;998
10;6;15;31;31201;;3;2;No inventariada;;9;7;2;;;1;1;1;;;1;998
10;7;20;31;31201;;3;2;No inventariada;;9;2;2;;;3;4;3;;;1;998
10;3;7;31;31201;;3;2;No inventariada;;9;7;2;;;1;4;2;;;1;998
10;4;16;31;31201;;3;2;No inventariada;;9;10;1;4;;1;1;2;;;1;998
10;3;15;31;31201;;3;2;No inventariada;;9;3;2;;;1;1;2;;;1;998
10;6;17;31;31201;;3;2;No inventariada;;9;7;1;4;;1;1;2;;;1;998
10;7;20;31;31201;;3;2;No inventariada;;9;10;2;;;1;4;1;;;1;998
10;3;19;31;31201;;3;2;No inventariada;;9;2;1;2;;1;4;2;;;1;998
10;3;20;31;31201;;3;2;No inventariada;;9;2;2;;;1;4;1;;;9;998
11;3;18;31;31201;;3;2;No inventariada;;9;7;2;;;3;4;3;1;;5;998
10;5;10;31;31201;;3;2;No inventariada;;9;10;1;4;;3;1;3;;;1;998
11;3;17;31;31201;;3;2;No inventariada;;9;7;2;;;3;4;3;1;;5;998
11;1;11;31;31201;;3;2;No inventariada;;9;7;2;;;3;1;3;1;;5;998
11;7;13;31;31201;;3;2;No inventariada;;9;2;1;4;;1;1;1;;;1;998
10;5;12;31;31201;;3;2;No inventariada;;9;4;2;;;3;1;2;;;1;998
11;6;2;31;31201;;3;2;No inventariada;;9;10;2;;;1;4;1;;;18;998
10;3;18;31;31201;;3;2;No inventariada;;9;2;2;;;3;1;2;;;1;998
11;6;15;31;31201;;3;2;No inventariada;;9;2;1;2;;1;1;1;;;1;998
10;5;15;31;31201;;3;2;No inventariada;;9;2;2;;;1;1;2;;;1;998
11;2;18;31;31201;;3;2;No inventariada;;9;7;2;;;1;4;1;;;5;998
11;3;12;31;31201;;3;2;No inventariada;;9;10;2;;;3;1;2;;;1;998
11;5;9;31;31201;;3;2;No inventariada;;9;4;2;;;3;1;2;;;1;998
11;5;12;31;31201;;3;2;No inventariada;;9;4;2;;;3;1;2;;;1;998
11;1;15;31;31201;;3;2;No inventariada;;9;7;2;;;3;1;2;;;3;998
11;1;22;31;31201;;3;2;No inventariada;;9;11;2;;;1;4;1;;;5;998
11;1;11;31;31201;;3;2;No inventariada;;9;2;1;4;;1;1;2;;;1;998
10;2;9;31;31201;;3;2;No inventariada;;9;10;2;;;3;1;2;;;1;998
10;1;15;31;31201;;3;2;No inventariada;;9;6;2;;;1;1;2;;;1;998
10;7;17;31;31201;;3;2;No inventariada;;9;10;2;;;1;1;1;;;1;998
10;1;8;31;31201;;3;2;No inventariada;;9;2;2;;;1;3;2;;;1;998
11;7;13;31;31201;;3;2;No inventariada;;9;7;2;;;1;1;1;;;1;998
10;6;14;31;31201;;3;2;No inventariada;;9;2;1;4;;1;1;2;;;1;998
11;5;7;31;31201;;3;2;No inventariada;;9;4;1;1;;1;2;7;;;18;998
10;1;13;31;31201;;3;2;No inventariada;;9;7;2;;;1;1;1;;;1;998
11;5;9;31;31201;;3;2;No inventariada;;9;2;2;;;1;1;1;;;1;998
11;5;9;31;31201;;3;2;No inventariada;;9;4;2;;;1;1;1;;;1;998
10;1;12;31;31201;;3;2;No inventariada;;9;2;1;4;;1;1;1;;;1;998
11;5;7;31;31201;;3;2;No inventariada;;9;4;1;1;;1;3;1;;;5;998
11;4;16;31;31201;;3;2;No inventariada;;9;2;1;1;;1;1;1;;;1;998
10;1;18;31;31201;;3;2;No inventariada;;9;20;2;;;1;1;2;;;1;998