MES;DIA_SEMANA;HORA;COD_PROVINCIA;COD_MUNICIPIO;ISLA;ZONA;ZONA_AGRUPADA;CARRETERA;KM;TIPO_VIA;TIPO_ACCIDENTE;NUDO;NUDO_INFO;CARRETERA_CRUCE;CONDICION_FIRME;CONDICION_ILUMINACION;CONDICION_METEO;CONDICION_NIEBLA;CONDICION_VIENTO;VISIB_RESTRINGIDA_POR;TRAZADO_PLANTA
10;1;20;31;31201;;3;2;No inventariada;;9;2;2;;;1;4;1;;;1;998
11;3;18;31;31201;;3;2;No inventariada;;9;4;2;;;1;4;1;;;5;998
11;3;19;31;31201;;3;2;No inventariada;;9;2;2;;;1;4;1;;;1;998
11;3;15;31;31201;;3;2;No inventariada;;9;4;2;;;1;1;1;;;1;998
11;2;16;31;31201;;3;2;No inventariada;;9;10;2;;;1;1;1;;;1;998
10;1;23;31;31201;;3;2;No inventariada;;9;10;2;;;1;4;1;;;1;998
10;2;19;31;31201;;3;2;No inventariada;;9;7;2;;;1;4;1;;;1;998
11;2;7;31;31201;;3;2;No inventariada;;9;1;2;;;1;3;1;;;1;998
11;2;7;31;31201;;3;2;No inventariada;;9;7;2;;;1;3;1;;;1;998
11;7;1;31;31201;;3;2;No inventariada;;9;7;1;1;;1;4;1;;;1;998
11;1;9;31;31201;;3;2;No inventariada;;9;2;2;;;3;1;2;;;1;998
11;1;11;31;31201;;3;2;No inventariada;;9;10;1;4;;1;1;1;;;1;998
11;1;14;31;31201;;3;2;No inventariada;;9;10;2;;;3;1;2;;;1;998
11;4;10;31;31201;;3;2;No inventariada;;9;2;1;1;;1;1;1;;;1;998
11;5;9;31;31201;;3;2;No inventariada;;9;10;2;;;2;1;1;;;1;998
11;5;14;31;31201;;3;2;No inventariada;;9;7;2;;;1;1;2;;;1;998
11;5;20;31;31201;;3;2;No inventariada;;9;2;2;;;1;4;1;;;1;998
11;6;16;31;31201;;3;2;No inventariada;;9;10;2;;;1;1;1;;;1;998
10;2;20;31;31201;;3;2;No inventariada;;9;2;2;;;1;4;1;;;1;998
11;3;18;31;31201;;3;2;No inventariada;;9;4;2;;;1;4;1;;;1;998
11;3;0;31;31201;;3;2;No inventariada;;9;10;2;;;1;4;1;;;1;998
10;2;22;31;31201;;3;2;No inventariada;;9;2;1;4;;1;4;1;;;1;998
11;4;13;31;31201;;3;2;No inventariada;;9;2;1;2;;1;1;1;;;1;998
11;4;19;31;31201;;3;2;No inventariada;;9;3;2;;;1;3;1;;;1;998
11;4;19;31;31201;;3;2;No inventariada;;9;3;1;4;;1;3;1;;;1;998
11;5;13;31;31201;;3;2;No inventariada;;9;4;2;;;1;1;1;;;1;998
10;3;9;31;31201;;3;2;No inventariada;;9;2;2;;;1;1;1;;;1;998
11;6;13;31;31201;;3;2;No inventariada;;9;2;1;2;;1;1;1;;;1;998
10;3;19;31;31201;;3;2;No inventariada;;9;7;2;;;1;4;1;;;1;998
10;5;11;31;31201;;3;2;No inventariada;;9;7;2;;;3;1;3;;;5;998
10;3;7;31;31201;;3;2;No inventariada;;9;2;2;;;3;3;3;;;18;998
10;2;13;31;31201;;3;2;No inventariada;;9;2;1;2;;1;1;1;;;1;998
9;4;18;31;31201;;3;2;No inventariada;;9;10;1;1;;1;1;1;;;1;998
9;4;22;31;31201;;3;2;No inventariada;;9;2;1;5;;1;4;1;;;1;998
9;5;7;31;31201;;3;2;No inventariada;;9;2;1;1;;1;4;1;;;9;998
9;5;22;31;31201;;3;2;No inventariada;;9;7;1;2;;1;4;1;;;1;998
12;4;12;31;31201;;1;1;PA-30;20,807;6;4;1;4;PA-30;1;1;1;;;1;1
10;4;17;31;31201;;3;2;No inventariada;;9;1;2;;;1;1;1;;;1;998
10;4;21;31;31201;;3;2;No inventariada;;9;2;2;;;1;4;1;;;1;998
9;3;9;31;31201;;3;2;No inventariada;;9;10;2;;;1;1;1;;;1;998
9;3;13;31;31201;;3;2;No inventariada;;9;2;1;2;;1;1;1;;;1;998
10;2;6;31;31201;;3;2;No inventariada;;9;2;2;;;1;4;1;;;1;998
10;2;13;31;31201;;3;2;No inventariada;;9;1;1;1;;1;1;2;;;10;998
12;1;17;31;31201;;3;2;No inventariada;;9;6;2;;;1;2;2;;;1;998
12;2;19;31;31201;;3;2;No inventariada;;9;2;2;;;3;4;3;;;1;998
12;3;9;31;31201;;3;2;No inventariada;;9;2;2;;;1;1;1;;;1;998
12;2;13;31;31201;;3;2;No inventariada;;9;4;2;;;1;1;1;;;1;998
2;3;8;31;31202;;1;1;NA-115;27,165;5;20;2;;;1;1;2;2;;7;2
7;3;15;31;31202;;1;1;NA-624;1;5;19;2;;;1;1;1;;;1;2
11;2;11;31;31202;;1;1;NA-115;18,135;6;2;1;5;NA-6100;1;1;1;;;1;1
8;4;11;31;0;;1;1;N-121;29,2;6;2;1;2;NA-6400;1;1;1;;;1;1
8;2;12;31;0;;1;1;N-121;27,5;6;4;2;;;1;1;1;;;1;1
8;7;22;31;0;;1;1;N-121;30,1;6;2;2;;;1;6;1;;;1;1
12;3;7;31;0;;1;1;AP-15;55,3;1;14;2;;;1;6;1;;;1;3
7;2;16;31;31215;;1;1;NA-134;51,5;6;1;2;;;1;1;1;;;1;1
8;7;22;31;31215;;1;1;NA-6531;1,05;6;2;1;1;;1;6;1;;;1;1
11;2;8;31;31215;;1;1;NA-134;52;6;2;1;4;NA-6531;1;1;1;;;1;2
10;1;15;31;31215;;1;1;NA-8710;0,5;6;4;1;7;NA-134;1;1;1;;;1;1
1;7;6;31;0;;3;2;No inventariada;;9;18;2;;;1;4;1;;;1;998
11;7;15;31;0;;1;1;NA-5340;4,2;6;14;2;;;1;1;1;;;1;2
10;2;15;31;0;;1;1;NA-5330;7,892;6;14;2;;;3;1;3;;;1;2
4;2;16;31;0;;1;1;NA-129;25,6;6;2;1;2;;1;1;2;;;18;1
5;5;14;31;0;;3;2;No inventariada;;9;2;1;2;;1;1;2;;;1;998
1;6;15;31;31227;;1;1;NA-6140;7,632;6;19;2;;;3;1;3;;;1;2
7;6;13;31;31227;;1;1;AP-15;51,2;1;15;2;;;1;1;1;;;1;3
8;5;19;31;31227;;3;2;No inventariada;;9;7;2;;;1;1;1;;;1;998
12;1;6;31;0;;1;1;AP-15;55;1;3;2;;;6;6;6;;;5;1
12;3;7;31;31227;;1;1;NA-6030;1,7;6;1;2;;;1;6;1;;;4;2
1;6;3;31;0;;1;1;NA-6013;0,8;6;12;1;2;NA-6014;1;6;1;;;18;2
7;5;1;31;0;;1;1;A-12;69,4;3;14;2;;;1;6;1;;;1;1
1;2;18;31;31232;;3;2;No inventariada;;11;2;1;1;;1;4;1;;;1;998
1;4;20;31;31232;;3;2;No inventariada;;9;7;1;1;;3;4;2;1;;5;998
2;5;12;31;31232;;3;2;No inventariada;;9;4;2;;;1;1;1;;;1;998
3;2;10;31;31232;;1;1;NA-8703;1,1;6;12;2;;;1;1;1;;;1;1
2;4;19;31;31232;;3;2;No inventariada;;9;7;1;4;;3;4;3;;;7;998
4;7;15;31;31232;;3;2;No inventariada;;7;16;2;;;1;1;1;;;1;998
4;1;13;31;31232;;3;2;No inventariada;;7;2;2;;;1;1;1;;;1;998
4;1;11;31;31232;;3;2;No inventariada;;9;3;1;4;;1;1;1;;;1;998
4;7;9;31;31232;;3;2;No inventariada;;9;2;1;4;;1;1;1;;;1;998
5;5;13;31;31232;;1;1;NA-134;8,7;6;19;2;;;1;1;1;;;1;1
4;5;17;31;31232;;3;2;No inventariada;;9;3;1;5;;1;1;1;;;1;998
5;6;20;31;31232;;3;2;No inventariada;;9;7;1;4;;1;1;1;;;1;998
5;2;22;31;31232;;3;2;No inventariada;;9;3;1;4;;3;4;3;;;5;998
5;1;13;31;31232;;3;2;No inventariada;;9;2;1;1;;1;1;1;;;1;998
5;3;13;31;31232;;3;2;No inventariada;;9;19;2;;;1;1;1;;1;1;998
5;1;9;31;31232;;3;2;No inventariada;;14;2;1;1;;1;1;2;;;1;998
5;2;22;31;31232;;3;2;No inventariada;;9;6;2;;;1;4;1;;;1;998
5;4;12;31;31232;;3;2;No inventariada;;14;3;1;4;;1;1;1;;;1;998
5;2;22;31;31232;;3;2;No inventariada;;9;3;1;4;;3;4;3;;;5;998
5;7;14;31;31232;;3;2;No inventariada;;9;4;2;;;1;1;1;;;1;998
6;7;21;31;31232;;1;1;A-68;87;3;12;2;;;3;2;4;;;5;1
6;4;9;31;31232;;3;2;No inventariada;;9;10;1;4;;3;1;3;;;1;998
8;6;12;31;31232;;3;2;No inventariada;;7;6;2;;;1;1;1;;;1;998
8;5;6;31;31232;;3;2;No inventariada;;9;10;1;4;;1;4;1;;;1;998
8;6;19;31;31232;;3;2;No inventariada;;9;3;1;4;;1;1;1;;;1;998
7;2;9;31;31232;;3;2;No inventariada;;9;6;2;;;1;1;1;;;1;998
7;7;12;31;31232;;3;2;No inventariada;;9;7;1;2;;1;1;1;;;6;998
8;1;12;31;31232;;3;2;No inventariada;;9;1;2;;;1;1;1;;;1;998
9;5;23;31;31232;;3;2;No inventariada;;9;7;1;4;;1;4;1;;;1;998
9;6;19;31;31232;;3;2;No inventariada;;9;7;1;4;;3;5;3;;;5;998
8;1;11;31;31232;;3;2;No inventariada;;14;10;2;;;1;1;1;;;1;998
8;2;14;31;31232;;3;2;No inventariada;;9;7;2;;;1;1;1;;;1;998
10;5;17;31;31232;;3;2;No inventariada;;9;2;1;4;;1;1;1;;;1;998
10;4;18;31;31232;;3;2;No inventariada;;9;6;2;;;1;1;1;;;1;998
10;4;18;31;31232;;3;2;No inventariada;;9;3;2;;;1;1;1;;;1;998
7;2;7;31;31232;;3;2;No inventariada;;9;10;1;1;;8;2;1;;;10;998
11;3;10;31;31232;;3;2;No inventariada;;9;7;1;4;;1;1;1;;;1;998
12;1;17;31;31232;;3;2;No inventariada;;7;2;1;2;;1;1;2;;;9;998
12;1;14;31;31232;;3;2;No inventariada;;9;10;2;;;1;1;1;;;1;998
12;1;22;31;31232;;3;2;No inventariada;;7;15;2;;;1;4;1;;;1;998
10;1;16;31;0;;1;1;NA-1210;2,15;6;18;2;;;1;1;2;;;1;2
2;7;13;31;0;;1;1;NA-234;13;6;7;1;1;NA-2343;1;1;1;;;1;1
3;4;15;31;0;;1;1;NA-234;15;6;7;1;2;NA-2400;1;1;2;;;1;1
3;7;17;31;0;;1;1;N-121B;70;6;16;2;;;1;1;1;;;1;2
9;1;17;31;31050;;1;1;N-121B;66,953;6;19;2;;;1;1;2;;;1;2
9;6;18;31;0;;1;1;N-121B;72,095;6;19;1;1;;1;1;1;;;1;1
2;1;7;31;0;;1;1;NA-2410;29,2;6;16;2;;;3;6;1;;;1;3
4;6;17;31;0;;1;1;NA-2103;5;6;19;2;;;1;1;1;;;1;2
7;1;9;31;0;;1;1;NA-150;15,9;6;2;1;5;NA-234;1;1;1;;;1;1
9;5;6;31;0;;1;1;NA-150;13,5;6;2;1;1;NA-234;1;2;2;1;;5;1
4;7;14;31;0;;1;1;N-135;54,3;5;15;2;;;1;1;1;;;1;2
5;7;18;31;0;;1;1;N-121;72,53;6;2;1;1;NA-134;1;1;2;;;1;2
9;7;17;31;0;;1;1;N-113;73,8;6;19;1;2;N-121;1;1;2;;;1;2
9;5;9;31;0;;1;1;N-121;72,53;5;3;1;2;N-121;1;1;1;;;1;2
11;3;10;31;0;;1;1;N-113;72,55;6;2;1;1;NA-134;1;1;2;1;;1;3
12;1;8;31;0;;1;1;N-121;71,68;6;3;2;;;3;1;1;1;;1;2
1;3;14;31;0;;1;1;NA-4410;2,64;6;19;2;;;8;1;1;;;1;2
2;6;6;31;0;;1;1;N-121-A;63;6;6;2;;;3;6;4;;;5;2
4;1;15;31;0;;1;1;N-121-A;65;6;4;2;;;3;1;3;;;1;2
6;7;17;31;0;;1;1;NA-1310;4,219;6;1;2;;;1;1;1;;;4;2
10;6;12;31;0;;1;1;N-121-A;68,2;6;4;2;;;3;1;4;;;1;3
4;7;13;31;0;;1;1;NA-134;98,433;6;4;1;2;;1;1;1;;;1;1
5;2;23;31;0;;1;1;N-111;83,9;6;16;2;;;3;6;3;;;18;3
6;7;14;31;0;;1;1;NA-6320;3;6;10;2;;;1;1;1;;;1;2
8;6;9;31;0;;1;1;NA-1110;70,5;6;1;2;;;1;1;1;;;1;2
10;2;9;31;0;;1;1;NA-134;98,8;6;2;1;2;;1;1;2;;;1;1
11;7;13;31;0;;1;1;No inventariada;4;10;12;2;;;3;1;1;;;1;1
11;5;6;31;0;;1;1;NA-134;97,846;6;7;2;;;3;4;3;;;1;1
1;7;4;31;0;;3;2;No inventariada;;14;16;1;2;;1;6;2;2;;5;998
10;1;8;31;0;;1;1;NA-132;4,5;6;7;2;;;1;1;2;;;1;1
11;6;15;31;0;;1;1;NA-1110;33,199;6;19;2;;;1;1;1;;;1;1
3;4;15;31;0;;1;1;N-121-A;56,6;6;6;2;;;1;1;1;;1;1;1
4;5;11;31;0;;1;1;NA-7320;3,3;6;16;2;;;2;1;2;;;1;2
10;7;11;31;0;;1;1;NA-120;11,4;6;16;2;;;3;1;1;;;18;2
1;6;9;31;31901;;3;2;No inventariada;;9;7;2;;;3;1;4;;;1;998
1;3;12;31;31901;;3;2;No inventariada;;9;7;2;;;1;1;1;;;1;998
5;4;8;31;31901;;3;2;No inventariada;;9;2;1;2;;1;1;1;;;1;998
5;7;17;31;31901;;3;2;No inventariada;;9;7;2;;;1;1;1;;;1;998
5;2;8;31;31901;;3;2;No inventariada;;9;7;2;;;1;1;1;;;6;998
5;2;19;31;31901;;3;2;No inventariada;;9;7;1;4;;3;1;3;;;1;998
7;5;7;31;31901;;3;2;No inventariada;;9;7;2;;;1;1;1;;;6;998
8;4;8;31;31901;;3;2;No inventariada;;9;7;1;2;;1;1;1;;;1;998
8;2;12;31;31902;;1;1;PA-34;2,2;5;4;1;4;;1;1;1;;;1;4
8;5;8;31;31902;;1;1;PA-34;2;5;10;1;4;;3;1;2;1;;1;2
9;1;11;31;31902;;3;2;No inventariada;;9;7;2;;;1;1;1;;;1;998
2;1;19;31;31903;;3;2;No inventariada;;9;4;2;;;1;4;1;;;1;998
4;4;8;31;31903;;3;2;No inventariada;;9;3;2;;;1;1;7;;;1;998
4;1;17;31;31903;;3;2;No inventariada;;9;5;1;2;;1;1;1;;;1;998
4;2;10;31;31903;;3;2;No inventariada;;9;7;1;1;;1;1;7;;;1;998
6;4;14;31;31903;;3;2;No inventariada;;9;7;1;1;;1;1;1;;;1;998
7;1;10;31;31903;;3;2;No inventariada;;9;7;1;1;;1;1;1;;;1;998
7;3;18;31;31903;;3;2;No inventariada;;9;10;1;2;;1;1;1;;;1;998
8;5;21;31;31903;;3;2;No inventariada;;9;7;2;;;1;4;7;;;1;998
8;1;19;31;31903;;3;2;No inventariada;;9;7;1;2;;1;1;1;;;6;998
9;6;17;31;31903;;3;2;No inventariada;;9;7;1;1;;1;1;1;;;1;998
10;4;18;31;31903;;3;2;No inventariada;;9;7;1;2;;1;1;7;;;1;998
10;2;14;31;31903;;1;1;PA-30;18,5;5;10;1;4;;7;1;1;;;1;1
12;5;13;31;31903;;3;2;No inventariada;;9;15;2;;;3;1;3;;;1;998
12;1;15;31;31903;;3;2;No inventariada;;9;2;1;1;;1;1;1;;;6;998
1;6;13;31;0;;3;2;No inventariada;;9;2;1;2;;1;1;1;;;3;998
6;7;12;31;0;;3;2;No inventariada;;9;12;1;2;;1;1;2;;;1;998
7;1;20;31;0;;1;1;A-15;113,1;3;18;1;12;NA-2410;1;3;1;;;1;1
9;5;8;31;0;;1;1;A-15;114,331;3;18;2;;;3;1;4;;;1;2
10;3;9;31;0;;1;1;A-15;117,477;3;19;2;;;3;1;4;;;5;1
10;7;18;31;0;;1;1;AP-15;108,7;1;3;2;;;1;1;1;;;1;1
11;2;14;31;31088;;1;1;N-121;8,391;6;4;1;2;;1;1;1;;;1;1
1;3;12;31;0;;1;1;A-15;93,5;2;16;2;;;1;1;1;;;1;3
3;6;1;31;0;;1;1;PA-30;22,808;5;4;1;4;;3;4;2;;;1;2
4;1;14;31;31201;;1;1;PA-30;20,764;6;12;1;4;NA-700;1;1;1;;;1;1
6;3;13;31;0;;1;1;PA-30;22,867;5;3;1;4;PA-30;1;1;1;;;1;4
11;4;12;31;0;;1;1;PA-30;21,3;5;4;1;7;;1;1;1;;;1;4
4;1;15;31;31907;;1;1;A-12;5,3;3;4;1;10;;1;1;1;;;1;1
4;2;12;31;31907;;3;2;No inventariada;;9;7;2;;;1;1;1;;;1;998
6;6;20;31;31907;;3;2;No inventariada;;9;7;1;4;;1;1;1;;;1;998
6;2;13;31;31907;;3;2;No inventariada;;14;19;2;;;1;1;2;;;1;998
4;6;20;31;31907;;3;2;No inventariada;;9;18;2;;;1;3;2;;;1;998
4;6;12;31;31907;;3;2;No inventariada;;9;4;2;;;1;1;1;;;1;998
10;5;19;31;31907;;1;1;A-12;4,7;3;4;2;;;1;1;1;;;6;1
11;1;13;31;31907;;1;1;A-15;89,5;2;4;2;;;1;1;2;;;1;1
10;4;9;31;31907;;3;2;No inventariada;;9;4;2;;;1;1;1;;;18;998
10;5;16;31;31907;;3;2;No inventariada;;9;3;1;4;;1;1;1;;;1;998
9;3;15;31;31907;;3;2;No inventariada;;9;20;2;;;1;1;1;;;18;998
9;1;13;31;31907;;3;2;No inventariada;;9;4;1;4;;1;1;1;;;1;998
7;3;12;31;0;;1;1;NA-1300;16,534;6;12;2;;;1;1;1;;;1;2
4;2;18;32;32001;;1;1;A-52;208,74;3;12;2;;;4;1;4;;;1;1
4;4;19;32;32001;;1;1;OU-320;8,6;6;2;1;2;;1;1;1;;;2;1
6;3;8;32;32001;;1;1;OU-P-0000;1;10;2;1;2;;1;1;1;;;4;3
6;2;0;32;32001;;1;1;OU-320;12,1;6;19;2;;;1;6;1;;;1;1
7;2;11;32;32001;;3;2;No inventariada;;9;7;2;;;1;1;2;;;1;998
7;1;21;32;32001;;1;1;N-525;216,326;6;2;2;;;1;1;1;;;1;1
8;5;9;32;32001;;1;1;N-525;214,6;6;3;2;;;1;1;1;;;6;1
9;6;21;32;32001;;3;2;No inventariada;;9;7;2;;;1;4;1;;;2;998
9;1;13;32;32001;;1;1;A-52;204,692;3;5;2;;;1;1;1;;;10;1
11;7;18;32;32001;;1;1;A-52;206,6;3;4;2;;;1;2;1;;;1;1
11;7;18;32;32001;;1;1;A-52;205;3;5;2;;;1;6;1;;;1;1
12;6;14;32;32001;;1;1;N-525;215;6;19;2;;;1;1;1;;;1;3
1;1;9;32;0;;1;1;OU-0526;10,2;6;1;2;;;3;1;2;;;4;3
6;2;8;32;0;;1;1;OU-0524;3,325;6;2;1;12;;1;1;1;;;1;1
1;6;19;32;0;;1;1;OU-212;8,053;6;1;2;;;3;6;3;;;5;1
2;2;11;32;0;;1;1;OU-212;23,5;6;19;2;;;3;6;3;;;4;2
8;6;13;32;0;;1;1;OU-212;23,364;6;17;2;;;1;1;1;;;1;2
5;6;18;32;0;;1;1;OU-540;44,8;6;16;2;;;1;1;1;;;1;2
5;1;14;32;0;;1;1;OU-540;40,8;5;17;2;;;1;1;2;;;1;3
6;3;16;32;0;;1;1;OU-P-0000;2;10;4;1;2;;1;1;1;;;1;1
9;4;18;32;0;;1;1;OU-0108;7,683;6;13;2;;;3;1;3;;;4;2
11;1;18;32;0;;1;1;OU-P-0000;2,1;10;16;2;;;1;6;1;;;1;3
1;2;14;32;32008;;3;2;No inventariada;;9;7;2;;;3;1;2;;;1;998
2;6;12;32;32008;;3;2;No inventariada;;9;7;2;;;3;1;3;;;1;998
4;4;19;32;32008;;3;2;No inventariada;;9;2;2;;;1;1;1;;;1;998
4;1;9;32;32008;;3;2;No inventariada;;9;10;2;;;1;1;1;;;1;998
6;4;19;32;32008;;1;1;A-52;225,4;3;5;2;;;1;1;1;;;4;2
7;5;14;32;32008;;1;1;OU-540;4,2;6;2;1;4;;1;1;1;;;1;1
9;1;21;32;32008;;1;1;OU-540;4,6;6;8;2;;;1;1;1;;;17;1
9;3;8;32;32008;;3;2;No inventariada;;9;4;2;;;3;1;3;;;1;998
10;5;15;32;32008;;3;2;No inventariada;;9;3;2;;;3;1;3;;;1;998
10;1;12;32;32008;;3;2;No inventariada;;9;7;2;;;1;1;1;;;1;998
10;1;16;32;32008;;3;2;No inventariada;;9;2;2;;;1;1;1;;;1;998
10;2;19;32;32008;;3;2;No inventariada;;9;4;2;;;1;4;1;;;1;998
11;6;19;32;32008;;3;2;No inventariada;;9;2;2;;;1;3;1;;;1;998
1;4;10;32;32009;;3;2;No inventariada;;9;7;1;1;;1;1;1;;;1;998
1;7;16;32;32009;;1;1;N-120;453,6;6;15;2;;;3;1;2;;;1;1
1;3;11;32;32009;;1;1;OU-121;0,5;6;1;1;2;OU-P-0000;1;1;1;;;1;1
1;7;15;32;32009;;3;2;No inventariada;;9;15;2;;;1;1;1;;;1;998
1;3;19;32;32009;;3;2;No inventariada;;9;7;2;;;1;3;1;;;1;998
4;4;9;32;32009;;1;1;N-536;51,5;6;4;1;4;N-120;1;1;1;;;1;2
5;1;0;32;32009;;3;2;No inventariada;;9;15;1;1;;1;4;1;;;1;998
6;7;20;32;32009;;3;2;No inventariada;;9;10;2;;;1;3;1;;;1;998
7;1;13;32;32009;;1;1;OU-P-0000;3,4;10;15;2;;;1;1;1;;;1;3
8;2;19;32;32009;;1;1;N-120;457,258;6;2;2;;;1;1;1;;;1;2
9;7;1;32;32009;;1;1;OU-0801;0,3;6;13;2;;;1;6;1;;;1;2
8;2;10;32;32009;;3;2;No inventariada;;9;3;1;4;;1;1;1;;;1;998
4;3;13;32;0;;1;1;OU-212;40,8;6;16;2;;;1;1;1;;;1;1
7;1;20;32;0;;1;1;N-541;50,1;6;2;1;2;OU-212;1;1;1;;;1;1
7;6;12;32;0;;1;1;OU-212;11,1;6;1;2;;;1;1;1;;;4;2
10;1;16;32;0;;1;1;OU-1112;13,431;6;2;2;;;1;1;1;;;1;1
5;6;18;32;0;;1;1;N-541;34,6;6;18;2;;;3;1;2;;;1;1
6;1;10;32;0;;1;1;N-541;41,978;6;1;2;;;1;1;1;;;1;2
6;6;5;32;0;;1;1;N-541;38,36;6;18;2;;;1;5;1;;;1;3
9;7;1;32;0;;1;1;N-541;33,783;6;8;2;;;1;4;1;;;1;1
10;6;14;32;0;;1;1;OU-0414;5,32;6;1;2;;;3;1;3;;;1;3
5;5;15;32;0;;1;1;OU-P-0000;0,4;10;10;2;;;1;1;1;;;4;3
8;6;12;32;0;;1;1;OU-531;16,8;6;2;2;;;1;1;1;;;1;1
8;6;5;32;0;;1;1;OU-533;29,67;6;16;2;;;1;6;1;;;4;3
9;1;17;32;0;;1;1;OU-533;39,75;6;1;2;;;1;1;2;;;4;2
10;2;17;32;0;;1;1;OU-0805;4,5;6;1;2;;;1;1;2;;;4;4
5;6;12;32;0;;1;1;OU-303;1,4;6;8;2;;;1;1;1;;;1;1
7;4;22;32;0;;1;1;OU-302;14,8;6;19;2;;;1;3;1;;;18;1
10;1;15;32;0;;1;1;OU-303;2,5;6;19;2;;;1;1;1;;;1;1
4;2;1;32;0;;1;1;OU-122;2,1;6;12;2;;;1;6;1;;;1;2
2;4;10;32;0;;1;1;OU-0306;3;6;1;1;2;;3;1;3;;;4;3
4;1;15;32;0;;1;1;OU-212;29,869;6;19;2;;;1;1;2;;;1;1
9;4;0;32;0;;1;1;OU-0306;2,1;6;19;2;;;1;6;1;;;1;2
4;5;9;32;32019;;1;1;OU-902;26,4;6;16;1;2;OU-173;1;1;2;;;1;1
7;6;22;32;32019;;1;1;S/C-OU;1,2;10;3;2;;;1;1;1;;;1;1
9;2;23;32;32019;;1;1;OU-208;1,6;6;16;2;;;1;4;1;;;1;1
2;2;15;32;0;;1;1;OU-P-0000;0,7;10;18;2;;;2;1;1;;;1;3
12;2;13;32;0;;1;1;OU-P-0000;0,75;10;14;2;;;3;1;3;;;17;4
12;2;14;32;0;;1;1;OU-404;10,7;6;13;2;;;3;1;3;;;1;3
8;3;11;32;0;;1;1;OU-0304;10;6;4;2;;;1;1;1;;;4;3
5;4;13;32;32024;;3;2;No inventariada;;9;6;2;;;3;1;2;;;1;998
10;3;13;32;32024;;1;1;OU-531;27,962;6;17;2;;;3;1;3;;;1;1
10;4;21;32;32024;;3;2;No inventariada;;9;16;1;2;OU-0208;3;6;2;;;1;998
11;2;13;32;32024;;1;1;OU-0204;5,238;6;1;2;;;1;1;2;;;4;3
3;2;5;32;0;;1;1;A-52;240,2;3;6;2;;;1;6;1;;;1;1
4;4;16;32;0;;2;2;OU-0303;5,158;6;12;2;;;1;1;1;;;1;1
8;6;2;32;0;;1;1;OU-504;8;6;4;2;;;1;6;1;;;4;3
9;5;11;32;0;;1;1;A-52;240,2;3;12;2;;;1;1;1;;;1;2
11;3;12;32;0;;1;1;A-52;240,8;3;2;1;2;;1;1;2;;;4;1
6;3;13;32;32054;;1;1;N-525;242,1;6;7;2;;;1;1;1;;;1;1
7;6;14;32;0;;1;1;N-525;244,85;6;1;2;;;1;1;1;;;4;2
9;4;13;32;0;;1;1;N-525;246,432;6;4;2;;;1;1;1;;;1;1
12;1;11;32;0;;1;1;N-525;244,9;6;1;2;;;3;1;1;;;4;2
2;6;14;32;0;;1;1;OU-531;48,3;6;16;1;2;;1;1;1;;;4;2
5;5;11;32;0;;3;2;No inventariada;;9;18;2;;;1;1;1;;;1;998
6;4;17;32;0;;1;1;OU-801;11,8;6;19;2;;;1;1;1;;;1;1
7;3;21;32;0;;1;1;A-52;172,97;3;18;2;;;1;2;1;;;1;1
8;6;13;32;0;;1;1;OU-1020;7,3;6;19;2;;;1;1;1;;;1;1
9;1;7;32;0;;1;1;N-525;181,841;6;8;2;;;1;2;1;;;1;3
11;2;20;32;0;;1;1;A-52;176,921;3;8;2;;;1;6;1;;;5;1
12;4;15;32;0;;1;1;A-52;174,574;3;4;2;;;1;1;2;;;1;3
7;2;21;32;0;;1;1;OU-P-00;0,1;10;19;2;;;2;2;1;;;1;1
12;5;16;32;0;;1;1;OU-1212;23,7;6;7;2;;;1;1;1;;;9;1
9;4;22;32;0;;1;1;OU-0509;8,3;6;8;2;;;1;5;1;;;1;1
1;5;22;32;32032;;1;1;OU-1102;0,8;6;19;2;;;3;4;1;;;1;2
1;2;16;32;32032;;1;1;OU-304;3;6;14;2;;;3;1;3;;;1;3
3;3;14;32;32032;;3;2;No inventariada;;9;1;2;;;1;1;1;;;1;998
4;5;13;32;32032;;3;2;No inventariada;;9;3;2;;;1;1;1;;;1;998
6;3;22;32;32032;;3;2;No inventariada;;9;7;2;;;1;3;1;;;3;998
8;2;15;32;32032;;1;1;A-52;188,412;3;4;2;;;1;1;1;;;1;1
6;5;21;32;32032;;3;2;No inventariada;;9;16;2;;;1;1;1;;;1;998
9;1;14;32;32032;;1;1;OU-1112;0,9;6;16;2;;;1;1;1;;;1;1
11;7;3;32;32032;;1;1;OU-301;3,8;6;18;2;;;1;4;1;;;1;3
12;6;9;32;32032;;1;1;OU-304;1,553;6;19;2;;;3;1;2;;;1;3
8;7;23;32;0;;1;1;OU-531;41,3;6;2;1;2;;1;5;1;;;2;1
10;2;7;32;0;;1;1;OU-531;42,3;6;19;2;;;3;4;2;;;1;1
1;2;11;32;0;;1;1;N-525;131;6;7;2;;;3;1;3;;;5;1
3;3;21;32;0;;1;1;A-52;124,75;3;4;2;;;1;6;1;;;1;1
4;1;0;32;0;;1;1;OU-P-0000;3;10;17;2;;;1;6;1;;;4;3
7;5;23;32;0;;1;1;A-52;124,85;3;4;1;12;;1;6;1;;;17;1
8;3;15;32;0;;1;1;A-52;126,692;3;16;2;;;1;1;1;;;1;3
10;3;9;32;0;;1;1;CAMINO DE;1;10;18;2;;;1;1;1;;;1;3
12;6;7;32;0;;1;1;A-52;122,937;3;4;2;;;1;6;1;;;1;1
12;7;15;32;0;;1;1;OU-P-0000;7,5;10;18;2;;;3;1;3;2;;12;3
1;2;12;32;0;;1;1;N-541;44,3;6;1;2;;;3;1;2;;;4;2
9;3;17;32;0;;1;1;OUP000 DES;0,2;10;14;2;;;1;1;1;;;1;1
8;2;16;32;0;;1;1;OU-504;11,7;6;1;2;;;1;1;1;;;1;1
12;1;20;32;0;;1;1;OU-209;3,85;6;1;2;;;1;4;1;;;3;3
11;2;12;32;0;;1;1;OU-1216;6,2;6;1;2;;;1;1;1;;;4;1
7;7;8;32;0;;1;1;OU-312;1,492;6;16;2;;;1;1;1;;;1;3
2;6;15;32;0;;1;1;OU-103;1,7;6;2;1;2;;1;1;1;;;4;3
8;2;17;32;0;;1;1;OU-P000;0,3;10;2;2;;;1;1;1;;;2;1
9;2;14;32;0;;3;2;No inventariada;;9;3;2;;;1;1;1;;;1;998