MES;DIA_SEMANA;HORA;COD_PROVINCIA;COD_MUNICIPIO;ISLA;ZONA;ZONA_AGRUPADA;CARRETERA;KM;TIPO_VIA;TIPO_ACCIDENTE;NUDO;NUDO_INFO;CARRETERA_CRUCE;CONDICION_FIRME;CONDICION_ILUMINACION;CONDICION_METEO;CONDICION_NIEBLA;CONDICION_VIENTO;VISIB_RESTRINGIDA_POR;TRAZADO_PLANTA
3;6;0;32;0;;1;1;AG-54;2,1;3;18;2;;;3;6;3;;;1;3
4;1;8;32;0;;1;1;OU-0405;4,5;6;2;1;2;;1;1;2;;;12;1
5;6;18;32;0;;1;1;AG-54;2,4;3;19;2;;;1;1;1;;;1;1
5;3;15;32;0;;1;1;N-541;20,1;6;2;2;;;1;1;1;;;1;1
10;4;0;32;0;;1;1;AG-54;0,1;3;18;2;;;1;6;1;;;1;1
5;5;18;32;0;;1;1;A-52;258,6;3;14;2;;;3;6;3;;;1;3
8;4;18;32;0;;1;1;A-52;116,5;3;3;2;;;1;1;1;;;1;3
11;2;6;32;0;;1;1;A-52;114,35;3;4;2;;;1;6;1;;;1;1
12;4;11;32;0;;1;1;A-52;115,187;3;4;2;;;8;1;1;;;1;3
4;7;19;32;0;;1;1;OU-536;32,2;6;14;2;;;1;1;1;;;4;2
8;7;11;32;0;;1;1;OU-536;35,758;6;16;2;;;1;1;7;;;1;2
1;4;8;32;0;;1;1;OU-1021;1,7;6;8;2;;;3;6;1;;;12;1
3;4;15;32;0;;1;1;A-52;168,5;3;17;2;;;4;1;4;1;1;1;1
6;5;13;32;0;;3;2;No inventariada;;9;7;2;;;1;1;1;;;9;998
7;7;18;32;0;;1;1;OU-1015;6,4;6;15;2;;;1;1;1;;;12;1
9;2;14;32;0;;1;1;OU-1021;3;5;12;2;;;3;1;3;;;4;2
12;2;15;32;0;;1;1;N-525;171,743;6;16;2;;;1;1;1;;;1;1
3;7;13;32;0;;1;1;OU-302;4,7;6;19;2;;;1;1;1;;;1;2
6;6;20;32;0;;1;1;OU-1254;0,7;6;10;2;;;1;1;2;;;1;1
7;7;15;32;0;;1;1;OU-540;55,1;6;14;2;;;1;1;1;;;1;3
8;6;13;32;0;;1;1;OU-302;9,5;6;19;2;;;1;6;1;;;4;2
3;4;20;32;0;;1;1;N-120;551,9;6;1;2;;;1;6;1;;;4;1
5;6;12;32;0;;1;1;OU-0508;9,9;6;12;2;;;3;1;3;;;1;1
5;4;18;32;0;;2;2;OU-0508;13,293;6;7;1;4;OU-0508;1;1;1;;;1;1
7;4;17;32;0;;1;1;OU-0510;6,09;6;19;2;;;1;1;1;;;1;2
8;6;11;32;0;;1;1;OU-P-0000;0,6;10;19;2;;;1;1;1;;;12;3
8;5;14;32;0;;3;2;No inventariada;;9;2;2;;;1;1;1;;;9;998
12;7;5;32;0;;1;1;N-532;9,45;6;14;2;;;1;6;1;;;1;1
1;2;22;32;32054;;3;2;No inventariada;;9;2;2;;;3;4;2;1;;1;998
1;3;13;32;32054;;1;1;ENLACE;0,98;3;12;2;;;3;1;4;;;5;3
1;7;20;32;32054;;1;1;N-120;577,715;6;3;2;;;1;3;1;;;1;1
1;1;21;32;32054;;3;2;No inventariada;;9;7;2;;;1;4;1;;;1;998
1;4;15;32;32054;;3;2;No inventariada;;9;3;1;2;;1;1;1;;;1;998
1;5;19;32;32054;;3;2;No inventariada;;9;7;2;;;3;4;3;;;1;998
1;5;16;32;32054;;3;2;No inventariada;;9;2;1;4;;3;1;3;;;1;998
1;7;22;32;32054;;3;2;No inventariada;;9;2;1;2;;3;4;3;;;1;998
1;5;8;32;32054;;3;2;No inventariada;;9;10;2;;;1;1;1;;;1;998
2;5;12;32;32054;;1;1;N-120;574,1;6;19;2;;;1;1;2;;;1;3
2;2;6;32;32054;;3;2;No inventariada;;9;19;2;;;1;4;1;;;1;998
2;3;14;32;32054;;3;2;No inventariada;;7;7;2;;;1;1;1;;;1;998
1;5;18;32;32054;;1;1;N-120;0;6;3;1;4;N-120;1;1;1;;;1;2
2;1;7;32;32054;;3;2;No inventariada;;9;7;2;;;1;3;1;;;1;998
2;7;11;32;32054;;3;2;No inventariada;;9;2;1;1;;3;1;3;;;1;998
2;1;0;32;32054;;3;2;No inventariada;;9;10;2;;;3;4;2;;;1;998
1;6;14;32;32054;;3;2;No inventariada;;9;10;2;;;1;1;1;;;1;998
3;2;13;32;32054;;3;2;No inventariada;;9;7;2;;;1;1;1;;;10;998
3;4;16;32;32054;;3;2;No inventariada;;9;3;2;;;3;1;2;;;1;998
2;6;21;32;32054;;3;2;No inventariada;;9;10;2;;;1;4;1;;;1;998
3;3;17;32;32054;;3;2;No inventariada;;9;7;1;4;;1;1;1;;;1;998
3;7;0;32;32054;;3;2;No inventariada;;9;12;2;;;1;4;1;;;1;998
3;5;23;32;32054;;3;2;No inventariada;;9;10;1;4;;3;4;4;;;5;998
3;7;20;32;32054;;3;2;No inventariada;;9;3;2;;;1;4;1;;;1;998
3;3;8;32;32054;;3;2;No inventariada;;9;7;2;;;1;1;1;;;1;998
3;3;14;32;32054;;3;2;No inventariada;;9;7;2;;;1;1;1;;;1;998
3;3;21;32;32054;;3;2;No inventariada;;9;2;1;4;;1;4;1;;;1;998
3;5;13;32;32054;;1;1;OU-105;3,3;6;2;2;;;1;1;1;;;4;1
3;6;23;32;32054;;3;2;No inventariada;;9;7;2;;;1;4;1;;;1;998
3;1;12;32;32054;;3;2;No inventariada;;9;7;1;1;;1;1;1;;;1;998
3;6;13;32;32054;;3;2;No inventariada;;9;3;2;;;1;1;1;;;1;998
3;2;17;32;32054;;3;2;No inventariada;;9;7;2;;;1;1;1;;;1;998
3;4;15;32;32054;;3;2;No inventariada;;9;2;1;1;;1;1;1;;;9;998
3;5;12;32;32054;;3;2;No inventariada;;9;3;2;;;1;1;1;;;1;998
4;3;16;32;32054;;1;1;OU-11;0;5;20;1;4;A-52;1;1;1;;;1;1
3;5;17;32;32054;;3;2;No inventariada;;9;7;2;;;1;1;1;;;1;998
3;6;9;32;32054;;3;2;No inventariada;;9;4;2;;;1;1;1;;;1;998
3;1;19;32;32054;;3;2;No inventariada;;9;7;2;;;3;3;3;;;1;998
3;3;20;32;32054;;3;2;No inventariada;;9;5;2;;;3;3;3;;;1;998
4;5;19;32;32054;;3;2;No inventariada;;9;7;2;;;1;1;1;;;1;998
4;2;15;32;32054;;3;2;No inventariada;;9;4;2;;;1;1;1;;;1;998
4;3;20;32;32054;;3;2;No inventariada;;9;4;2;;;1;2;1;;;1;998
4;4;11;32;32054;;3;2;No inventariada;;9;2;2;;;1;1;1;;;1;998
4;1;8;32;32054;;3;2;No inventariada;;14;1;2;;;3;2;3;;;1;998
4;2;1;32;32054;;3;2;No inventariada;;9;10;2;;;1;4;1;;;1;998
4;3;7;32;32054;;3;2;No inventariada;;9;3;2;;;1;2;1;;;1;998
4;1;7;32;32054;;3;2;No inventariada;;9;7;2;;;1;2;1;;;1;998
4;5;15;32;32054;;3;2;No inventariada;;9;1;2;;;1;1;1;;;1;998
4;5;14;32;32054;;3;2;No inventariada;;9;20;1;4;N-120a;3;1;2;;;1;998
5;6;18;32;32054;;3;2;No inventariada;;9;4;2;;;1;1;1;;;1;998
4;4;14;32;32054;;3;2;No inventariada;;9;7;1;1;;1;1;1;;;1;998
4;4;20;32;32054;;3;2;No inventariada;;9;15;2;;;1;1;1;;;1;998
4;5;17;32;32054;;3;2;No inventariada;;9;10;2;;;7;1;1;;;1;998
4;1;9;32;32054;;3;2;No inventariada;;9;3;2;;;1;1;1;;;1;998
4;6;21;32;32054;;3;2;No inventariada;;9;2;1;1;;1;2;1;;;1;998
5;7;20;32;32054;;3;2;No inventariada;;9;16;2;;;3;1;1;;;1;998
5;3;20;32;32054;;3;2;No inventariada;;9;12;2;;;3;2;2;;;1;998
5;2;19;32;32054;;3;2;No inventariada;;14;4;2;;;1;1;1;;;1;998
5;2;11;32;32054;;3;2;No inventariada;;9;3;2;;;1;1;1;;;1;998
6;2;12;32;32054;;3;2;No inventariada;;14;4;2;;;1;1;1;;;1;998
6;6;8;32;32054;;1;1;N-120;581,3;6;2;2;;;1;1;1;;;1;1
5;7;12;32;32054;;3;2;No inventariada;;9;7;2;;;1;1;1;;;9;998
6;2;5;32;32054;;1;1;OU-536;2,2;6;14;2;;;3;6;2;;;1;3
6;1;14;32;32054;;3;2;No inventariada;;9;4;2;;;3;1;3;;;1;998
6;6;9;32;32075;;1;1;OU-0514;0,3;6;7;2;;;1;1;1;;;1;1
5;3;15;32;32054;;3;2;No inventariada;;9;7;1;1;;1;1;1;;;10;998
6;6;21;32;32054;;3;2;No inventariada;;9;4;2;;;1;1;1;;;1;998
6;6;16;32;32054;;1;1;N-120a;0;6;4;2;;;1;1;1;;;1;1
6;7;2;32;32054;;1;1;N-525;0;6;10;2;;;1;4;1;;;1;1
7;1;10;32;32054;;1;1;N-120;577,95;6;2;1;2;;1;1;1;;;1;1
7;7;14;32;32054;;3;2;No inventariada;;9;3;2;;;1;1;1;;;1;998
7;4;18;32;32054;;3;2;No inventariada;;9;4;2;;;1;1;1;;;1;998
7;1;9;32;32054;;3;2;No inventariada;;9;7;2;;;1;1;1;;;1;998
7;2;4;32;32054;;3;2;No inventariada;;9;12;2;;;1;4;1;;;1;998
9;1;5;32;32054;;1;1;OU-105;3,741;6;12;2;;;1;4;1;;;4;2
7;7;15;32;32054;;3;2;No inventariada;;9;16;2;;;2;1;1;;;1;998
7;1;22;32;32054;;3;2;No inventariada;;9;12;2;;;1;3;1;;;1;998
8;6;12;32;32054;;3;2;No inventariada;;9;10;1;1;;1;1;1;;;1;998
8;1;14;32;32054;;3;2;No inventariada;;9;2;2;;;1;1;1;;;1;998
9;7;12;32;32054;;3;2;No inventariada;;9;7;1;2;;1;1;1;;;1;998
8;1;21;32;32054;;3;2;No inventariada;;9;1;2;;;1;3;1;;;1;998
8;6;11;32;32054;;3;2;No inventariada;;9;7;2;;;1;1;1;;;9;998
8;2;0;32;32054;;3;2;No inventariada;;9;4;2;;;1;4;1;;;1;998
9;4;6;32;32054;;3;2;No inventariada;;9;7;2;;;1;3;1;;;1;998
9;1;16;32;32054;;3;2;No inventariada;;9;7;1;2;;1;1;1;;;1;998
9;2;19;32;32054;;3;2;No inventariada;;9;10;2;;;1;1;1;;;1;998
10;7;13;32;32054;;3;2;No inventariada;;9;4;2;;;1;1;1;;;1;998
10;1;0;32;32054;;3;2;No inventariada;;9;10;2;;;3;4;1;;;1;998
10;2;11;32;32054;;3;2;No inventariada;;9;7;2;;;1;1;1;;;1;998
10;3;8;32;32054;;3;2;No inventariada;;9;7;2;;;3;3;4;;;5;998
10;3;8;32;32054;;3;2;No inventariada;;9;7;2;;;3;2;4;;;5;998
10;4;18;32;32054;;3;2;No inventariada;;9;3;1;4;;1;1;1;;;1;998
10;2;14;32;32054;;1;1;N-120a;0;6;5;2;;;1;1;1;;;1;1
10;3;17;32;32054;;1;1;N-120;0;6;16;2;;;1;1;1;;;1;1
11;5;18;32;32054;;1;1;N-120a;572,3;6;3;2;;;1;1;1;;;1;1
11;6;22;32;32054;;1;1;OU-536;3,3;6;1;1;2;OU-137;1;4;1;;;1;1
11;7;13;32;32054;;3;2;No inventariada;;9;4;2;;;3;1;2;;;1;998
12;7;13;32;32054;;1;1;OU-0504;0,9;6;1;2;;;3;1;3;;;1;3
11;2;14;32;32054;;3;2;No inventariada;;9;4;2;;;1;1;1;;;1;998
11;7;18;32;32054;;3;2;No inventariada;;9;7;1;1;;1;4;1;;;1;998
12;4;21;32;32054;;1;1;N-120;577,9;6;16;1;2;;1;4;1;;;1;1
11;3;17;32;32054;;3;2;No inventariada;;9;7;1;2;;1;1;1;;;1;998
11;6;22;32;32054;;3;2;No inventariada;;9;7;2;;;1;4;1;;;1;998
11;6;22;32;32054;;3;2;No inventariada;;9;7;2;;;1;4;1;;;1;998
11;5;20;32;32054;;3;2;No inventariada;;9;5;1;1;;1;4;1;;;1;998
12;3;21;32;32054;;3;2;No inventariada;;9;3;2;;;1;4;1;;;1;998
12;4;19;32;32054;;3;2;No inventariada;;9;7;2;;;1;4;1;;;1;998
9;4;16;32;0;;1;1;OU-P-0000;0,3;10;19;2;;;1;1;2;;;1;3
2;2;8;32;32058;;1;1;OR-P0000;0,9;10;2;1;2;;8;1;2;;;1;1
3;2;14;32;32058;;1;1;OU-536;8;6;12;2;;;1;1;2;;;1;1
6;1;21;32;32058;;1;1;OU-0510;2,3;6;2;2;;;1;1;1;;;4;2
9;7;11;32;32058;;1;1;OU-0507;0,266;6;19;2;;;1;1;1;;;1;2
9;5;17;32;32058;;1;1;N-120a;94,2;6;10;2;;;3;1;1;;;1;2
9;2;10;32;32058;;1;1;OU-536;3,8;6;4;2;;;1;1;1;;;1;1
10;5;15;32;32058;;3;2;No inventariada;;9;4;2;;;1;1;1;;;1;998
11;6;12;32;32058;;1;1;OU-536;8,75;4;2;1;4;;1;1;1;;;1;1
8;5;3;32;0;;1;1;N-540;71,05;6;2;2;;;1;6;1;;;1;1
7;6;14;32;0;;1;1;OU-533;47,586;6;4;1;2;OU-636;1;1;1;;;1;1
8;3;13;32;0;;1;1;OU-0863;2,8;6;1;2;;;1;1;1;;;1;1
8;5;18;32;0;;1;1;OU-533;47,574;6;1;1;2;OU-636;1;1;1;;;1;1
7;3;20;32;0;;1;1;AG-53;63,5;3;12;2;;;1;1;1;;;1;1
11;7;10;32;0;;1;1;OU-301;12,691;6;2;1;1;;1;1;1;;;1;1
8;3;21;32;0;;1;1;OU-P-0000;1,05;10;10;2;;;1;2;1;;;1;1
12;4;14;32;0;;1;1;OU-1114;3,5;6;18;2;;;3;1;3;;;1;3
3;5;11;32;0;;1;1;OU-531;39,6;6;18;2;;;3;1;3;;;1;3
8;5;2;32;0;;1;1;OU-531;30,5;6;13;2;;;1;6;1;;;1;1
12;7;22;32;0;;1;1;OU-531;33,4;6;18;2;;;5;4;1;;;5;3
1;4;10;32;0;;1;1;OU-190;0,64;6;1;2;;;3;1;2;;;4;3
2;3;20;32;0;;1;1;OU-801;1,2;6;7;1;2;;1;4;1;;;1;1
8;6;21;32;0;;1;1;A-52;249,55;3;7;2;;;1;6;1;;;1;1
11;3;19;32;0;;1;1;A-52;251;3;4;2;;;1;6;1;;;1;1
2;6;18;32;0;;1;1;OU-602;0,2;6;19;1;2;;3;1;2;;;1;1
2;3;19;32;0;;3;2;No inventariada;;9;4;1;2;;1;4;1;;;1;998
8;6;8;32;0;;3;2;No inventariada;;9;7;2;;;1;1;1;;;1;998
8;6;13;32;0;;1;1;N-120;464,65;6;12;2;;;1;1;1;;;1;1
10;7;20;32;0;;1;1;OU-603;1,54;6;7;2;;;3;4;2;;;1;1
1;2;19;32;0;;1;1;OU-0410;2,16;6;16;2;;;1;4;1;;;1;1
1;4;17;32;32075;;1;1;OU-0103;5,1;6;15;2;;;1;1;1;;;1;4
2;7;22;32;32075;;1;1;A-52;220,5;3;16;2;;;1;6;1;;;1;1
3;2;18;32;32075;;1;1;N-525;233,8;6;7;1;2;OU-0517;1;1;1;;;3;1
4;6;4;32;32054;;1;1;OU-101;6,17;6;10;2;;;1;6;1;;;1;1
4;4;15;32;32075;;1;1;OU-0514;0,36;6;4;1;2;;1;1;1;;;1;1
4;5;15;32;32075;;1;1;OU-0103;5,1;6;19;2;;;3;1;4;;;5;3
5;1;10;32;32075;;1;1;OU-0514;1,519;6;2;1;2;;1;1;2;;;1;1
5;1;12;32;32075;;1;1;OU-P-0000;0,3;10;3;2;;;1;1;1;;;9;3
7;5;11;32;32075;;1;1;OU-525;232,7;6;7;2;;;1;1;1;;;1;2
8;1;10;32;32075;;1;1;N-525;233,1;6;1;2;;;1;6;1;;;1;3
10;2;11;32;32075;;1;1;A-52;224;3;19;2;;;3;1;2;;;4;2
10;7;5;32;32075;;1;1;A-52;223,907;3;16;2;;;3;5;2;;;1;1
10;7;13;32;32075;;1;1;OU-0517;4,2;6;16;2;;;1;1;1;;;1;1
11;1;0;32;32075;;1;1;OU-525;229,042;6;16;1;12;OU-538;1;4;1;;;4;3
8;5;12;32;0;;1;1;A-52;193,336;3;16;2;;;1;1;1;;;1;1
10;6;11;32;0;;1;1;OU-531;3;6;2;1;2;OU-P-000;1;1;2;;;1;1
12;5;21;32;0;;1;1;A-52;196,9;3;4;2;;;1;6;1;;;1;1
3;3;19;32;0;;1;1;OU-525;225,7;6;7;2;;;1;4;1;;;9;1
6;2;9;32;0;;1;1;OU-S/N;0,25;10;16;2;;;1;1;1;;;1;3
8;3;17;32;0;;1;1;A-52;214,99;3;6;2;;;1;1;1;;;4;3
9;4;8;32;0;;1;1;OU-525;226,495;6;4;1;4;OU-0517;3;6;4;;;1;1
10;2;0;32;0;;1;1;OU-P-0000;0,9;10;17;2;;;1;4;1;;;1;1
3;3;14;32;0;;1;1;A-52;236;3;18;2;;;3;1;4;;;1;4
4;2;13;32;0;;1;1;A-52;241,1;3;12;2;;;3;1;4;;;5;3
5;6;11;32;0;;1;1;A-52;233,7;3;14;2;;;3;1;4;;;5;3
6;6;19;32;0;;1;1;OU-402;10;6;16;2;;;1;1;1;;;1;3
7;3;22;32;0;;1;1;OU-0518;1;6;16;2;;;1;6;1;;;1;3
7;5;8;32;0;;1;1;A-52;238,3;3;3;2;;;1;6;1;;;1;1
9;5;23;32;0;;1;1;A-52;237,5;3;7;2;;;3;6;1;;;4;3
11;4;11;32;0;;1;1;OU-P-0000;0,5;10;17;2;;;1;1;1;;;1;3
8;5;8;32;0;;1;1;A-52;178,814;3;4;2;;;1;1;1;;;6;1
2;1;12;32;0;;1;1;OU-0803;7,5;6;7;2;;;1;1;1;;;1;1
7;3;9;32;0;;1;1;OU-540;31,9;4;2;1;1;OU-0206;1;1;2;;;1;3
8;1;18;32;0;;1;1;OU-540;31,9;6;7;2;;;1;1;1;;;1;1
8;1;5;32;0;;1;1;AG-31;18,09;3;12;2;;;1;4;1;;;1;3
12;3;14;32;0;;1;1;OU-540;34,4;6;2;1;2;OU-P-0000;3;1;2;;;1;1
1;5;17;32;32085;;3;2;No inventariada;;9;2;1;2;;3;1;2;;;2;998
1;4;16;32;32085;;3;2;No inventariada;;9;3;2;;;1;1;1;;;1;998
2;7;18;32;32085;;1;1;N-532;13;6;1;2;;;3;1;3;;;1;1
2;1;7;32;32085;;3;2;No inventariada;;9;2;1;2;;3;4;2;;;1;998
3;2;20;32;32085;;1;1;N-532;6,6;6;16;1;2;;1;4;1;;;1;2
3;6;13;32;32085;;3;2;No inventariada;;9;2;1;2;;1;1;2;;;1;998
3;5;13;32;32085;;3;2;No inventariada;;9;7;2;;;1;1;1;;;1;998
4;1;16;32;32085;;1;1;N-532;1,6;6;6;1;4;;1;1;1;;;1;2
4;1;18;32;32085;;3;2;No inventariada;;9;7;2;;;1;1;1;;;1;998
5;6;21;32;32085;;1;1;N-525;169,441;6;3;1;2;OU-1014;1;4;1;;;1;1
5;6;20;32;32085;;3;2;No inventariada;;9;2;1;1;;1;1;1;;;2;998
5;7;16;32;32085;;1;1;N-525;167,781;6;7;2;;;1;1;1;;;13;1
5;3;7;32;32085;;3;2;No inventariada;;9;12;2;;;1;3;2;;;2;998
5;4;9;32;32085;;3;2;No inventariada;;9;7;1;2;;1;1;2;;;1;998
5;4;13;32;32085;;3;2;No inventariada;;9;4;2;;;1;1;1;;;1;998
6;3;17;32;32085;;3;2;No inventariada;;9;20;2;;;1;1;1;;;1;998
6;4;9;32;32085;;1;1;OU-113;4,128;6;16;2;;;1;1;1;;;1;1
6;5;10;32;32085;;3;2;No inventariada;;9;7;2;;;1;1;1;;;1;998
6;7;12;32;32085;;1;1;N-525;166,87;6;2;1;2;OU-310;1;1;1;;;1;1
6;6;20;32;32085;;1;1;OU-113;1,3;6;4;2;;;1;1;1;;;1;1
7;2;1;32;32085;;3;2;No inventariada;;9;2;1;1;;1;4;1;;;4;998
7;2;14;32;32085;;1;1;N-532;1,612;6;16;1;4;;3;1;4;;;1;1
7;2;21;32;32085;;3;2;No inventariada;;9;4;2;;;1;1;1;;;1;998
7;6;5;32;32085;;1;1;N-532;14,25;6;15;2;;;1;4;1;;;1;1
8;2;20;32;32085;;3;2;No inventariada;;9;7;2;;;1;1;1;;;1;998
8;6;10;32;32085;;3;2;No inventariada;;9;7;2;;;1;1;1;;;1;998
8;1;10;32;32085;;1;1;N-525;165,2;6;2;1;1;;1;1;1;;;1;1
9;6;19;32;32085;;3;2;No inventariada;;9;7;2;;;1;1;1;;;1;998
10;2;18;32;32085;;3;2;No inventariada;;9;10;2;;;1;1;1;;;1;998
10;3;17;32;32085;;3;2;No inventariada;;9;2;1;2;;1;1;1;;;1;998
10;1;12;32;32085;;3;2;No inventariada;;9;5;2;;;1;1;1;;;1;998
11;1;11;32;32085;;3;2;No inventariada;;9;1;2;;;1;1;1;;;2;998
11;2;9;32;32085;;1;1;OU-113;2,22;6;2;2;;;3;1;2;2;;5;1
11;2;10;32;32085;;3;2;No inventariada;;9;3;2;;;1;1;2;;;1;998
12;3;14;32;32085;;3;2;No inventariada;;9;6;2;;;3;1;2;;;1;998
1;2;18;32;0;;1;1;OU-533;19,6;6;7;2;;;3;4;3;;;1;1
3;7;18;32;0;;1;1;OU-533;13,1;6;19;2;;;1;1;1;;;1;3
4;2;7;32;0;;1;1;OU-533;14,95;6;13;2;;;1;2;1;;;1;2
7;4;13;32;0;;1;1;OU-533;11,2;6;3;2;;;1;1;1;;;1;2
8;2;16;32;0;;1;1;OU-533;15,5;6;18;2;;;1;1;1;;;4;3
8;1;17;32;0;;1;1;OU-533;17,672;6;19;2;;;1;1;1;;;1;1
10;7;20;32;0;;1;1;OU-533;14,353;6;2;2;;;3;6;3;;;4;3
10;4;11;32;0;;1;1;OU-533;17,7;6;18;2;;;1;1;2;;;4;2
11;4;18;32;0;;1;1;OU-533;16,7;6;2;1;1;;3;6;3;;;5;1
2;5;21;32;0;;1;1;N-525;251,9;6;7;2;;;3;4;3;;;9;1
7;3;16;32;0;;1;1;N-525;252,325;6;3;2;;;1;1;1;;;1;1
2;7;20;32;0;;1;1;N-120;458,633;6;3;2;;;1;6;1;;;1;1
2;2;8;32;0;;1;1;OU-P-00000;2,5;10;13;2;;;1;2;1;1;;1;1
4;3;14;32;0;;1;1;N-120;460,9;6;19;2;;;1;1;1;;;1;1
7;3;11;32;0;;1;1;N-120;458,8;6;20;2;;;1;1;1;;;1;1
8;5;8;32;0;;2;2;N-536;56,5;6;7;2;;;1;1;1;;;3;1
4;2;9;32;0;;1;1;S/C-OU;9;10;4;2;;;3;1;3;;;1;1
9;1;13;32;0;;1;1;GUMAREITE;1,5;10;19;1;1;;1;1;1;;;12;1
1;4;9;32;0;;1;1;OU-310;11,3;6;2;1;2;OU-P-0000;1;1;1;;;6;3
2;5;20;32;0;;1;1;N-525;157,05;6;19;2;;;3;6;3;;;1;1
4;5;20;32;0;;1;1;A-52;153,46;3;4;2;;;3;1;3;;;1;1
7;4;3;32;32085;;1;1;N-525;159,1;6;17;2;;;1;6;1;;;4;2
7;2;15;32;0;;1;1;OU-310;5,6;6;3;2;;;3;1;7;;;18;1
8;2;17;32;0;;1;1;A-52;152;3;12;2;;;1;1;1;;;1;1
9;7;5;32;0;;1;1;OU-310;5,585;4;15;2;;;1;4;1;;;2;2
5;4;7;33;0;;1;1;AS-14;23,211;6;16;2;;;1;1;1;;;4;2
6;6;19;33;0;;1;1;AS-14;19,2;6;15;2;;;1;1;1;;;1;2
6;6;14;33;0;;1;1;AS-34;29,05;6;10;2;;;2;1;1;;;4;3
9;7;5;33;0;;1;1;AS-14;42,019;6;13;2;;;9;6;7;;;1;1
10;1;10;33;0;;1;1;AS-14;19,001;6;16;2;;;2;1;2;;;4;3
11;7;17;33;0;;1;1;C.V.S.D.;3;10;13;2;;;8;2;2;1;;1;1
12;2;17;33;0;;2;2;AS-14;44,1;6;16;2;;;1;6;2;;;1;1
2;1;23;33;33002;;1;1;AS-112;3,4;6;1;2;;;1;6;1;;;1;2
4;5;10;33;33002;;3;2;No inventariada;;9;1;2;;;1;1;1;;;1;998
6;6;13;33;33002;;1;1;C.V.S.D.;2;10;1;2;;;3;1;3;;;5;3
9;4;23;33;33002;;1;1;AS-112;27,2;6;6;2;;;3;5;3;;;5;1
9;5;17;33;33002;;1;1;P.F.S.D.;0,1;14;18;2;;;2;1;3;1;;4;4
10;7;7;33;33002;;1;1;AS-112;10,9;6;16;2;;;1;6;1;;;1;3
10;6;16;33;33002;;1;1;AS-252;15,8;6;16;2;;;1;1;1;;;1;3
11;4;10;33;33002;;1;1;AS-386;13,7;6;13;2;;;1;1;1;;;1;3
12;7;19;33;33002;;1;1;AS-112;25,2;6;7;2;;;3;5;3;;;1;1
6;2;18;33;33002;;3;2;No inventariada;;9;4;2;;;1;1;2;;;18;998
7;3;8;33;0;;1;1;N-625;141,1;6;3;2;;;1;1;1;;;4;2
1;2;20;33;33004;;3;2;No inventariada;;9;7;1;2;;3;4;2;;;18;998
1;3;15;33;33004;;3;2;No inventariada;;9;2;2;;;1;1;1;;;1;998
1;1;12;33;33004;;3;2;No inventariada;;9;7;2;;;3;1;3;;;16;998
1;6;23;33;33004;;3;2;No inventariada;;9;10;2;;;3;4;3;;;1;998
1;2;13;33;33004;;3;2;No inventariada;;9;7;1;1;;3;1;1;;;1;998
1;2;7;33;33004;;3;2;No inventariada;;9;2;1;2;;3;4;2;;;1;998
1;4;8;33;33004;;1;1;N-632;99,938;6;7;2;;;1;2;1;;;1;3
1;2;16;33;33004;;3;2;No inventariada;;9;7;1;1;;1;1;1;;;6;998
1;2;17;33;33004;;1;1;AS-237;25;6;7;1;2;;1;1;1;;;6;1
1;7;14;33;33004;;3;2;No inventariada;;9;3;1;1;;1;1;1;;;1;998
1;7;21;33;33004;;3;2;No inventariada;;9;2;1;2;;2;5;1;1;;1;998
1;3;15;33;33004;;3;2;No inventariada;;9;4;1;2;;1;1;1;;;1;998
2;2;13;33;33004;;3;2;No inventariada;;9;20;1;2;;1;1;1;;;1;998
2;3;13;33;33004;;3;2;No inventariada;;9;4;2;;;1;1;1;;;1;998
2;4;9;33;33004;;1;1;N-633;0;6;2;1;2;;1;1;2;;;18;1
2;5;19;33;33004;;3;2;No inventariada;;9;7;1;1;;3;4;3;;;18;998
2;5;21;33;33004;;3;2;No inventariada;;9;10;2;;;3;4;3;;;5;998
2;6;19;33;33004;;3;2;No inventariada;;9;7;2;;;3;4;7;;;1;998
2;5;20;33;33004;;3;2;No inventariada;;9;7;1;1;;3;4;4;;;5;998
2;6;10;33;33004;;3;2;No inventariada;;9;2;1;2;;1;1;1;;;1;998
2;5;14;33;33004;;3;2;No inventariada;;9;2;1;2;;1;1;1;;;18;998
2;6;17;33;33004;;3;2;No inventariada;;9;1;2;;;1;1;1;;;1;998
2;6;6;33;33004;;1;1;AS-238;0,8;6;16;1;4;;3;4;3;;;1;2
2;4;14;33;33004;;3;2;No inventariada;;9;4;2;;;1;1;2;;;1;998
2;4;18;33;33004;;3;2;No inventariada;;9;2;1;1;;1;2;1;;;1;998
2;2;10;33;33004;;3;2;No inventariada;;9;10;1;1;;1;1;1;;;1;998
2;4;16;33;33004;;1;1;N-632;98;6;4;2;;;3;1;3;;;1;1
2;1;12;33;33004;;3;2;No inventariada;;9;10;1;2;;1;1;1;;;1;998
3;4;19;33;33004;;3;2;No inventariada;;9;4;1;1;;1;4;1;;;1;998
3;5;18;33;33004;;3;2;No inventariada;;9;4;1;2;N-632;1;1;1;;;1;998
3;3;11;33;33004;;3;2;No inventariada;;9;20;2;;;1;1;1;;;9;998
2;4;15;33;33004;;3;2;No inventariada;;9;2;1;2;;3;1;4;;;5;998
3;3;13;33;33004;;3;2;No inventariada;;9;7;1;1;;1;1;2;;;18;998
3;4;10;33;33004;;3;2;No inventariada;;9;2;1;2;;1;1;1;;;18;998
3;7;9;33;33004;;3;2;No inventariada;;9;2;1;2;;1;1;1;;;1;998
3;3;12;33;33004;;3;2;No inventariada;;9;4;2;;;1;1;1;;;1;998
3;2;14;33;33004;;3;2;No inventariada;;9;10;1;2;;1;1;1;;;1;998
3;1;21;33;33004;;1;1;C.S.D.;0,02;6;1;1;12;N-632;1;6;2;;;1;3
3;3;17;33;33004;;3;2;No inventariada;;9;7;1;2;;3;1;4;;;5;998
3;5;13;33;33004;;3;2;No inventariada;;9;2;1;4;;1;1;1;;;1;998
4;3;16;33;33004;;3;2;No inventariada;;9;1;1;2;;1;1;1;;;1;998
4;4;9;33;33004;;1;1;AS-238;0,3;6;4;1;4;;1;1;1;;;1;1
4;1;10;33;33004;;3;2;No inventariada;;9;7;1;2;;1;1;1;;;1;998