MES;DIA_SEMANA;HORA;COD_PROVINCIA;COD_MUNICIPIO;ISLA;ZONA;ZONA_AGRUPADA;CARRETERA;KM;TIPO_VIA;TIPO_ACCIDENTE;NUDO;NUDO_INFO;CARRETERA_CRUCE;CONDICION_FIRME;CONDICION_ILUMINACION;CONDICION_METEO;CONDICION_NIEBLA;CONDICION_VIENTO;VISIB_RESTRINGIDA_POR;TRAZADO_PLANTA
3;3;16;33;33004;;3;2;No inventariada;;9;10;1;2;;3;1;4;;;1;998
4;3;19;33;33004;;3;2;No inventariada;;9;19;1;2;;1;1;2;;;1;998
4;3;21;33;33004;;3;2;No inventariada;;9;7;2;;;1;4;1;;;1;998
4;4;12;33;33004;;3;2;No inventariada;;9;7;2;;;1;1;1;;;1;998
5;1;16;33;33004;;3;2;No inventariada;;9;7;1;4;;3;1;4;;;9;998
4;2;8;33;33004;;3;2;No inventariada;;9;16;2;;;1;1;1;;;6;998
4;7;19;33;33004;;3;2;No inventariada;;9;10;1;4;;1;1;1;;;1;998
5;5;13;33;33004;;3;2;No inventariada;;9;10;2;;;1;1;1;;;1;998
5;5;13;33;33004;;3;2;No inventariada;;9;3;1;1;;1;1;1;;;1;998
5;4;1;33;33004;;3;2;No inventariada;;9;4;2;;;1;4;1;;;1;998
5;6;20;33;33004;;3;2;No inventariada;;9;2;2;;;1;2;2;;;1;998
5;4;18;33;33004;;3;2;No inventariada;;14;4;1;2;;1;1;1;;;1;998
4;2;20;33;33004;;3;2;No inventariada;;9;7;1;1;;3;3;3;;;3;998
4;6;18;33;33004;;3;2;No inventariada;;9;3;2;;;1;1;1;;;1;998
6;2;6;33;33004;;3;2;No inventariada;;9;10;2;;;1;1;1;;;1;998
5;6;8;33;33004;;3;2;No inventariada;;9;2;1;1;;1;1;1;;;18;998
6;5;19;33;33004;;1;1;N-633;0,3;6;2;1;2;AS-238;1;1;1;;;1;1
6;4;8;33;33004;;3;2;No inventariada;;9;3;1;4;;1;1;2;;;1;998
6;3;22;33;33004;;3;2;No inventariada;;9;19;2;;;1;4;1;;;1;998
6;7;12;33;33004;;3;2;No inventariada;;9;2;1;2;;1;1;1;;;1;998
6;5;10;33;33004;;3;2;No inventariada;;9;2;1;2;;1;1;2;;;1;998
6;4;15;33;33004;;3;2;No inventariada;;9;4;2;;;3;1;3;;;1;998
6;6;20;33;33004;;3;2;No inventariada;;9;10;2;;;1;2;2;;;1;998
6;3;16;33;33004;;3;2;No inventariada;;9;10;1;2;;1;1;1;;;1;998
5;7;14;33;33004;;3;2;No inventariada;;9;1;1;1;;1;1;1;;;1;998
6;1;13;33;33004;;3;2;No inventariada;;9;4;2;;;1;1;1;;;1;998
6;1;18;33;33004;;3;2;No inventariada;;9;7;1;2;;1;1;1;;;1;998
6;2;9;33;33004;;3;2;No inventariada;;9;2;1;2;;1;1;1;;;1;998
6;6;17;33;33004;;3;2;No inventariada;;14;12;1;2;;1;1;2;;;1;998
7;1;10;33;33004;;3;2;No inventariada;;9;7;1;1;;1;1;1;;;1;998
6;3;16;33;33004;;3;2;No inventariada;;9;4;2;;;1;1;1;;;1;998
6;7;14;33;33004;;3;2;No inventariada;;9;4;1;1;;1;1;1;;;1;998
7;4;14;33;33004;;3;2;No inventariada;;9;10;1;4;;3;1;3;;;1;998
7;6;9;33;33004;;3;2;No inventariada;;9;2;1;2;;3;1;3;;;1;998
6;5;10;33;33004;;3;2;No inventariada;;9;2;2;;;1;1;1;;;1;998
7;1;15;33;33004;;3;2;No inventariada;;9;2;1;1;;1;1;1;;;1;998
7;7;19;33;33020;;1;1;A-8;403,308;3;3;2;;;1;1;1;;;1;1
7;1;12;33;33004;;3;2;No inventariada;;9;2;1;4;;1;1;1;;;1;998
7;4;4;33;33004;;3;2;No inventariada;;9;10;1;1;;1;4;1;;;1;998
7;6;9;33;33004;;3;2;No inventariada;;9;7;1;2;;1;2;1;;;1;998
7;5;14;33;33004;;3;2;No inventariada;;9;4;1;1;;1;1;1;;;1;998
7;1;18;33;33020;;1;1;A-8;399,177;3;4;2;;;3;1;3;;;18;1
7;2;17;33;33004;;1;1;AS-237;26;6;16;1;4;;3;1;3;;;1;1
7;7;17;33;33004;;3;2;No inventariada;;9;4;2;;;1;1;1;;;1;998
7;4;11;33;33004;;3;2;No inventariada;;9;4;2;;;1;1;1;;;1;998
8;1;14;33;33004;;1;1;AS-392;1,535;6;3;2;;;1;1;1;;;1;1
7;1;14;33;33004;;1;1;AS-238;0,1;6;5;1;4;AS-238;1;1;2;;;1;1
8;3;17;33;33004;;3;2;No inventariada;;14;4;2;;;1;1;1;;;1;998
7;6;17;33;33004;;3;2;No inventariada;;9;2;1;4;;1;1;1;;;1;998
7;1;20;33;33004;;3;2;No inventariada;;9;2;1;4;;1;1;1;;;1;998
6;5;21;33;33004;;3;2;No inventariada;;9;10;2;;;2;2;3;;;1;998
7;2;10;33;33004;;3;2;No inventariada;;9;7;1;1;;1;1;1;;;1;998
8;3;15;33;33004;;3;2;No inventariada;;9;4;2;;;1;1;1;;;1;998
7;6;1;33;33004;;3;2;No inventariada;;14;2;2;;;1;4;1;;;1;998
8;5;6;33;33004;;3;2;No inventariada;;9;4;2;;;2;3;1;;;1;998
7;1;6;33;33004;;3;2;No inventariada;;9;10;1;4;;8;3;2;;;1;998
7;2;18;33;33004;;3;2;No inventariada;;9;7;2;;;1;1;2;;;1;998
8;5;12;33;33004;;3;2;No inventariada;;9;4;1;1;AS-328;1;1;1;;;1;998
7;1;23;33;33004;;3;2;No inventariada;;9;10;2;;;1;4;1;;;1;998
8;5;23;33;33004;;3;2;No inventariada;;9;10;1;1;;1;4;2;;;18;998
8;6;9;33;33004;;3;2;No inventariada;;9;10;2;;;3;1;1;;;1;998
8;6;11;33;33004;;3;2;No inventariada;;9;7;1;2;;1;1;1;;;1;998
9;1;12;33;33004;;3;2;No inventariada;;9;3;1;4;;3;1;3;;;1;998
9;1;14;33;33004;;3;2;No inventariada;;9;4;1;4;;3;1;4;;;18;998
8;4;13;33;33004;;3;2;No inventariada;;9;4;1;1;;1;1;1;;;1;998
9;6;14;33;33004;;3;2;No inventariada;;9;16;1;2;;1;1;1;;;6;998
9;5;13;33;33004;;1;1;AS-238;0,4;6;2;1;4;;1;1;1;;;1;1
9;2;9;33;33004;;3;2;No inventariada;;9;3;1;1;;1;1;1;;;1;998
8;2;21;33;33004;;3;2;No inventariada;;9;4;2;;;1;4;1;;;1;998
9;1;14;33;33004;;3;2;No inventariada;;9;4;1;2;;1;1;1;;;1;998
10;3;19;33;33020;;1;1;A-8;406;3;16;1;12;AS-321;3;1;4;;;1;2
10;3;17;33;33004;;3;2;No inventariada;;14;5;2;;;4;1;4;;;1;998
9;1;7;33;33004;;3;2;No inventariada;;9;2;1;4;;1;1;2;;;1;998
9;4;10;33;33004;;3;2;No inventariada;;9;2;1;2;;3;1;3;;;6;998
10;3;21;33;33004;;1;1;N-633;1,3;6;2;1;2;;3;3;3;;;1;1
9;5;14;33;33004;;3;2;No inventariada;;9;3;1;2;;1;1;1;;;18;998
10;6;22;33;33004;;3;2;No inventariada;;9;7;1;1;;1;4;1;;;18;998
10;1;8;33;33004;;3;2;No inventariada;;9;2;1;2;;2;3;1;;;12;998
10;6;14;33;33004;;3;2;No inventariada;;9;7;2;;;1;1;1;;;1;998
10;3;21;33;33004;;3;2;No inventariada;;9;2;1;4;;3;4;4;;;5;998
10;6;13;33;33004;;3;2;No inventariada;;9;4;2;;;1;1;1;;;14;998
10;2;14;33;33004;;3;2;No inventariada;;9;7;1;2;;1;1;1;;;1;998
10;3;10;33;33004;;3;2;No inventariada;;9;7;1;1;;1;1;1;;;1;998
10;1;9;33;33004;;3;2;No inventariada;;9;7;1;1;;3;1;1;;;6;998
10;2;10;33;33004;;3;2;No inventariada;;9;7;2;;;1;1;1;;;1;998
11;6;23;33;33025;;1;1;AS-328;4,875;6;16;2;;;2;6;1;;;1;3
10;7;15;33;33004;;3;2;No inventariada;;9;4;1;2;;1;1;2;;;1;998
10;7;22;33;33004;;3;2;No inventariada;;9;10;1;1;;3;4;4;;;5;998
10;7;13;33;33004;;1;1;AS-237;25,5;6;4;2;;;1;1;1;;;1;1
11;1;12;33;33004;;3;2;No inventariada;;9;10;2;;;3;1;2;;;1;998
11;1;13;33;33004;;3;2;No inventariada;;9;4;1;2;;1;1;2;;;1;998
11;2;10;33;33004;;3;2;No inventariada;;9;12;2;;;1;4;1;;;1;998
10;3;14;33;33004;;3;2;No inventariada;;9;4;1;2;;1;1;1;;;1;998
11;6;1;33;33004;;3;2;No inventariada;;9;4;1;1;;1;4;1;;;1;998
9;4;0;33;33004;;3;2;No inventariada;;9;7;2;;;1;5;7;;;17;998
11;6;23;33;33004;;3;2;No inventariada;;9;10;2;;;3;4;2;;;1;998
11;1;11;33;33004;;3;2;No inventariada;;14;16;1;2;;1;1;1;;;1;998
11;3;9;33;33004;;3;2;No inventariada;;9;10;2;;;1;1;1;;;1;998
11;5;13;33;33004;;3;2;No inventariada;;9;2;1;1;;1;1;1;;;1;998
11;3;11;33;33004;;1;1;N-633;0,3;6;10;2;;;1;1;1;;;1;3
11;3;13;33;33004;;1;1;N-632;97;6;7;1;4;;1;1;1;;;6;1
11;6;11;33;33004;;3;2;No inventariada;;9;4;2;;;1;1;1;;;1;998
11;4;12;33;33004;;3;2;No inventariada;;9;10;2;;;1;1;1;;;1;998
11;5;16;33;33004;;1;1;AS-237;25,8;6;4;1;2;N-632;1;1;1;;;1;1
11;2;17;33;33004;;3;2;No inventariada;;9;7;1;2;;1;1;2;;;1;998
11;1;7;33;33004;;3;2;No inventariada;;9;10;1;2;;4;3;1;;;5;998
12;3;14;33;33004;;3;2;No inventariada;;9;6;1;2;;3;1;2;;;1;998
12;1;12;33;33004;;3;2;No inventariada;;9;10;2;;;3;1;3;;;1;998
12;3;13;33;33004;;3;2;No inventariada;;9;2;1;4;;1;1;1;;;1;998
12;2;17;33;33004;;1;1;AS-392;0,1;6;4;2;;;1;1;1;;;1;1
12;1;21;33;33004;;3;2;No inventariada;;9;2;2;;;3;4;2;;;18;998
12;6;9;33;33004;;3;2;No inventariada;;9;4;2;;;1;1;1;;;1;998
12;1;18;33;33004;;3;2;No inventariada;;14;2;1;4;;1;4;1;;;1;998
12;6;10;33;33004;;3;2;No inventariada;;9;6;2;;;1;1;1;;;1;998
12;7;20;33;33004;;1;1;N-632;97,5;6;4;1;2;;1;4;1;;;1;3
1;5;19;33;0;;1;1;AS-15;7,5;6;15;2;;;3;4;5;;;2;3
4;7;17;33;0;;1;1;AS-227;5,77;6;18;2;;;1;1;1;;;1;1
6;6;10;33;0;;1;1;AS-227;25,561;6;19;2;;;1;1;2;;;4;2
6;7;16;33;0;;1;1;AS-227;10,5;6;1;2;;;1;1;2;;;1;1
9;6;9;33;0;;1;1;C.S.D.;4,7;6;17;2;;;1;2;1;;;1;3
10;4;14;33;0;;1;1;AS-227;5,2;6;9;2;;;1;1;1;;;1;2
11;7;11;33;0;;1;1;AS-227;8,2;6;2;1;2;AS-310;3;1;1;;;1;1
11;7;19;33;0;;1;1;AS-227;2,263;6;17;2;;;1;6;2;;;4;2
12;7;19;33;0;;1;1;AS-310;22,619;6;4;2;;;3;6;2;;;4;3
1;2;16;33;0;;1;1;AS-12;22,5;6;16;2;;;3;1;4;;;1;3
8;5;17;33;0;;1;1;AS-12;17,703;6;13;2;;;1;1;1;;;1;1
9;1;15;33;0;;1;1;AS-12;18,25;6;17;2;;;3;1;3;;;1;1
12;1;13;33;0;;1;1;AS-12;29,723;6;19;2;;;3;1;2;;;18;3
7;2;10;33;0;;1;1;C.SD.;0,22;6;18;2;;;1;1;2;;;1;1
10;4;16;33;0;;1;1;AS-114;30,349;6;4;1;2;DESCONOCID;1;1;1;;;1;3
12;1;13;33;0;;1;1;CARRETERA;2,5;6;17;2;;;1;1;1;;;1;1
3;3;18;33;0;;1;1;AS-255;4,821;6;4;2;;;1;1;1;;;1;3
5;7;1;33;33076;;1;1;AS-255;4,7;6;18;2;;;3;6;3;;;4;2
12;5;19;33;0;;1;1;AS-255;10,9;6;13;2;;;1;4;2;;;1;3
9;4;13;33;0;;1;1;AS-237;5,673;6;19;2;;;3;1;3;;;12;1
1;3;11;33;33011;;3;2;No inventariada;;9;7;2;;;1;1;1;;;18;998
2;1;9;33;33011;;1;1;AS-15;56,9;6;15;2;;;3;1;2;;;1;1
2;6;14;33;33011;;1;1;AS-15;53,7;6;14;2;;;3;6;1;;;18;2
3;4;17;33;33011;;2;2;AS-213;3,4;6;10;2;;;1;1;1;;;1;1
4;5;14;33;33011;;3;2;No inventariada;;9;7;2;;;1;1;1;;;18;998
4;2;19;33;33011;;1;1;AS-14;56,855;6;12;2;;;3;1;3;;;1;2
5;3;12;33;33011;;1;1;AS-213;2,5;6;4;2;;;1;1;1;;;1;1
5;4;10;33;33011;;3;2;No inventariada;;9;7;2;;;1;1;1;;;18;998
5;4;17;33;33011;;1;1;AS-14;57,7;6;17;2;;;1;1;1;;;4;2
6;3;11;33;33011;;1;1;LOCAL ONON;1,5;10;19;2;;;2;1;1;;;1;3
9;5;18;33;33011;;1;1;AS-15;63,6;6;15;2;;;3;1;3;;;1;3
8;4;8;33;33011;;1;1;AS-213;1,5;6;1;2;;;1;1;1;;;18;2
9;2;13;33;33011;;3;2;No inventariada;;9;7;1;2;;1;1;1;;;1;998
10;5;12;33;33011;;1;1;AS-213;2,5;6;10;2;;;1;1;1;;;1;1
10;7;15;33;33011;;1;1;AS-213;20,7;6;19;2;;;1;1;1;;;1;2
11;6;14;33;33011;;1;1;AS-15;45,7;6;19;2;;;1;1;2;;;1;2
11;2;17;33;33011;;1;1;CRTA. DEL;7,3;6;18;2;;;1;1;2;;;1;3
12;4;20;33;33011;;1;1;AS-15;42,9;6;8;2;;;1;6;2;;;1;1
1;1;10;33;33012;;1;1;N-634;334,25;6;18;2;;;3;1;2;;;1;2
2;4;21;33;33012;;1;1;CO-2;1,5;6;18;2;;;3;6;4;;;5;1
2;3;14;33;33012;;1;1;AS-114;6,15;6;2;1;2;AS-114;1;1;2;;;1;2
3;5;12;33;33012;;3;2;No inventariada;;9;4;2;;;1;1;2;;;1;998
4;5;18;33;33012;;1;1;AS-114;3,1;6;18;2;;;1;1;1;;;1;3
5;6;23;33;33012;;1;1;N-634;336,85;6;18;2;;;3;6;3;;;4;2
6;6;4;33;33012;;1;1;AS-114;10,15;6;14;2;;;3;6;3;;;1;1
6;2;7;33;33012;;1;1;CAM TORIO/;2,2;10;17;2;;;2;1;1;;;1;1
6;6;5;33;33012;;1;1;AS-114;12,3;6;2;2;;;3;6;3;;;4;2
6;4;10;33;33012;;1;1;CO-4;1,5;6;10;2;;;1;1;2;;;4;1
8;7;10;33;33012;;1;1;N-634;338;6;4;2;;;1;1;1;;;1;1
8;7;18;33;33012;;1;1;N-634;334,9;6;4;1;2;;1;1;1;;;1;3
8;1;16;33;33012;;1;1;N-625;161,498;6;19;1;2;DESCONOCID;1;1;1;;;1;1
9;4;17;33;33012;;3;2;No inventariada;;7;10;2;;;3;1;1;;;1;998
9;6;5;33;33045;;1;1;N-625;158,707;6;16;2;;;3;6;2;;;1;2
10;3;13;33;33012;;3;2;No inventariada;;9;7;2;;;1;1;1;;;18;998
11;1;17;33;33012;;1;1;AS-114;2,031;6;4;1;2;;1;1;2;;;1;1
11;5;18;33;33012;;1;1;AS-114;2,75;6;1;2;;;1;2;1;;;1;1
4;1;8;33;0;;1;1;A-8;330,1;3;3;2;;;1;1;1;;;1;3
5;3;12;33;0;;1;1;N-632;16,45;6;17;2;;;1;1;1;;;1;3
8;1;16;33;0;;1;1;N-632;18,5;6;3;1;2;;1;1;1;;;1;3
1;3;7;33;33014;;1;1;GJ-10;4,5;6;10;2;;;3;4;1;;;1;3
2;2;18;33;33014;;3;2;No inventariada;;9;7;2;;;1;1;1;;;1;998
3;4;11;33;33014;;1;1;A-8;395;3;4;2;;;1;1;1;;;1;3
3;3;14;33;33020;;1;1;AS-19;14,04;6;9;2;;;8;1;2;;;1;1
3;7;20;33;33014;;3;2;No inventariada;;9;7;2;;;3;4;3;;;1;998
4;2;18;33;33014;;1;1;CE-7;2,649;6;3;2;;;1;6;1;;;1;3
4;1;13;33;33014;;3;2;No inventariada;;9;4;1;2;;1;1;1;;;1;998
4;4;8;33;33024;;1;1;A-8;390,478;3;4;2;;;1;1;1;;;1;1
4;7;10;33;33014;;1;1;AS-326;0,715;6;8;2;;;1;1;1;;;1;1
4;2;8;33;33020;;1;1;AS-19;12,119;6;19;2;;;1;1;1;;;1;1
5;6;18;33;33014;;1;1;AS-110;4,223;6;19;2;;;3;1;3;;;1;3
5;1;17;33;33014;;1;1;A-8;397,3;3;4;1;10;AS-327;1;1;1;;;1;2
5;1;17;33;33014;;1;1;AS-388;6,3;6;19;2;;;1;1;1;;;1;1
7;2;14;33;33014;;1;1;A-8;394,315;3;4;2;;;1;6;2;;;1;1
6;5;22;33;33014;;3;2;No inventariada;;9;7;2;;;1;4;2;;;1;998
7;4;9;33;33014;;1;1;AS-19;7,4;6;10;2;;;1;1;2;;;1;1
7;7;19;33;33014;;1;1;AS-110;9,68;6;5;2;;;1;1;1;;;1;3
7;1;21;33;33014;;1;1;GJ-10;4,1;5;16;1;2;;1;2;1;;;1;1
8;6;18;33;33014;;3;2;No inventariada;;9;7;2;;;1;1;1;;;1;998
8;2;11;33;33014;;1;1;AS-118;11,2;6;12;1;4;AS-19;3;1;3;;;1;3
8;2;14;33;33014;;1;1;AS-388;5,835;6;18;2;;;3;1;3;;;1;1
8;7;5;33;33014;;1;1;AS-388;7;6;14;2;;;3;6;2;;;1;1
10;2;15;33;33014;;1;1;AS-19;6,9;6;5;1;1;;3;1;3;;;1;1
10;4;14;33;33014;;3;2;No inventariada;;9;7;1;2;;1;1;1;;;1;998
10;5;5;33;33014;;1;1;AS-118;5;6;12;1;4;;3;4;2;;;1;2
11;5;12;33;33014;;1;1;AS-19;10,3;6;10;2;;;1;1;1;;;1;1
12;3;8;33;33014;;1;1;AS-19;2,9;6;4;1;2;CE-3;3;1;2;;;1;1
1;7;3;33;0;;1;1;AS-117;37,3;6;1;2;;;1;5;1;;;1;3
4;5;18;33;0;;1;1;AS-254;29,9;6;4;2;;;1;1;1;;;4;1
4;6;17;33;0;;1;1;AS-117;65,3;6;15;1;2;;3;1;5;1;;1;3
5;7;18;33;0;;1;1;AS-117;37,7;6;18;2;;;3;1;3;;;1;3
6;5;11;33;0;;1;1;AS-117;45,4;6;2;2;;;1;1;1;;;1;1
8;5;16;33;0;;1;1;AS-117;34,973;6;14;2;;;1;1;2;;;1;3
1;1;21;33;33016;;3;2;No inventariada;;9;2;1;2;;1;3;1;;;1;998
1;4;14;33;33016;;1;1;A-8;414;3;16;1;12;N-632;8;1;5;;;4;3
1;3;13;33;0;;1;1;N-632;109,653;6;3;1;1;N-643;1;3;1;;;1;1
1;5;15;33;33016;;1;1;AS-320;5,5;6;10;2;;;3;1;1;;;4;2
2;7;14;33;33016;;3;2;No inventariada;;9;7;1;2;;1;1;1;;;1;998
3;2;8;33;33016;;3;2;No inventariada;;9;10;1;2;;1;1;7;;;18;998
2;5;17;33;33016;;3;2;No inventariada;;9;7;2;;;9;1;7;;;1;998
3;6;8;33;33016;;3;2;No inventariada;;9;3;1;4;;1;1;1;;;18;998
4;6;12;33;33016;;1;1;N-632;102,2;6;4;2;;;3;1;3;;;1;1
4;7;15;33;33016;;3;2;No inventariada;;9;7;1;2;;1;1;1;;;11;998
4;6;13;33;33016;;1;1;A-8;409,659;3;1;2;;;3;1;4;;;4;1
4;3;19;33;33016;;3;2;No inventariada;;9;2;1;2;;1;1;1;;;13;998
5;2;16;33;33016;;1;1;N-632;107,3;6;16;2;;;1;1;1;;;1;2
5;6;11;33;33016;;3;2;No inventariada;;9;7;1;2;;9;1;7;;;1;998
5;4;16;33;33016;;3;2;No inventariada;;9;7;1;1;;9;1;7;;;18;998
6;3;7;33;33016;;1;1;N-643;2,04;6;14;1;4;AI-82;1;2;1;1;;5;2
7;1;8;33;33016;;2;2;CT-6;2,448;6;12;2;;;1;1;1;;;1;3
7;5;13;33;33016;;3;2;No inventariada;;9;2;2;;;9;1;1;;;1;998
7;1;12;33;33016;;3;2;No inventariada;;9;2;1;2;;1;1;1;;;1;998
7;7;12;33;33016;;3;2;No inventariada;;9;2;1;2;;1;1;1;;;18;998
7;2;13;33;33016;;1;1;PILLARNO-R;0,6;10;1;2;;;1;1;1;;;1;1
7;6;18;33;33016;;3;2;No inventariada;;9;6;2;;;1;1;7;;;1;998
7;2;22;33;33016;;3;2;No inventariada;;9;10;2;;;1;4;1;;;1;998
7;6;10;33;33016;;3;2;No inventariada;;9;10;2;;;9;1;7;;;1;998
8;6;12;33;33016;;1;1;N-632;107;6;3;1;4;A-8;1;1;1;;;1;1
8;5;14;33;33016;;3;2;No inventariada;;9;10;1;4;;1;1;1;;;1;998
8;3;11;33;33016;;3;2;No inventariada;;9;3;1;1;;1;1;1;;;1;998
9;1;23;33;33016;;1;1;A-8;413,8;3;16;1;12;N-632;1;4;1;;;1;1
10;1;13;33;33016;;1;1;AS-320;3,7;6;15;2;;;3;1;3;;;1;2
10;5;13;33;33016;;1;1;N-632;102,5;8;4;2;;;1;1;1;;;1;1
11;4;8;33;33016;;1;1;N-632;101,75;6;4;2;;;1;1;1;;;6;2
10;1;15;33;33016;;3;2;No inventariada;;9;4;2;;;1;1;1;;;1;998
12;1;20;33;33016;;3;2;No inventariada;;9;7;1;1;;9;4;7;;;18;998
12;3;12;33;33016;;3;2;No inventariada;;9;20;2;;;9;1;7;;;1;998
12;6;14;33;33016;;1;1;A-8;409,2;3;4;2;;;1;1;2;;;1;3
5;3;12;33;0;;1;1;N-640;3,3;6;17;2;;;1;1;1;;;1;1
6;7;6;33;0;;1;1;N-640;5,302;6;16;2;;;1;2;1;;;4;2
8;1;18;33;0;;1;1;AS-31;8,4;6;2;1;2;;1;1;2;;;1;1
8;1;11;33;0;;1;1;AS-22;8,1;6;15;2;;;1;1;1;;;1;1
3;7;18;33;0;;1;1;CÑ-2;0,1;6;16;2;;;1;1;1;;;6;1
10;2;11;33;0;;1;1;N-634;525,1;6;1;2;;;1;1;1;;;1;1
12;1;13;33;0;;1;1;A-8;485;3;16;2;;;1;1;1;;;1;1
3;5;11;33;0;;1;1;A-8;336,4;3;6;2;;;1;1;2;;;4;3
5;5;21;33;0;;1;1;AS-257;2,2;6;3;2;;;1;6;1;;;1;2
8;5;19;33;0;;1;1;N-632;26,324;6;16;2;;;1;1;1;;;1;1
8;6;7;33;0;;1;1;A-8;343,834;3;12;2;;;1;1;1;;;1;3
9;2;13;33;0;;1;1;A-8;335,477;3;12;2;;;1;1;1;;;1;1
10;3;20;33;0;;1;1;A-8;343,05;3;4;2;;;3;6;3;;;1;1
11;5;16;33;0;;1;1;C.V.S.D.;0,1;10;18;1;2;;1;1;1;;;1;1
1;5;18;33;33020;;1;1;A-8;406;3;15;1;4;;1;6;1;;;1;1
1;6;21;33;33020;;1;1;A-8;399,953;3;16;1;2;AI-81;1;6;1;;;1;1
1;3;20;33;33020;;3;2;No inventariada;;9;2;1;2;;1;4;1;;;18;998
2;4;11;33;33020;;1;1;AS-17;6,2;6;4;2;;;1;1;1;;;1;1
2;5;14;33;33020;;1;1;AS-389;2,05;6;1;2;;;3;1;3;;;4;3
2;3;18;33;33020;;1;1;CSD;0,03;14;7;2;;;1;1;2;;;1;3
2;6;14;33;33020;;1;1;AS-19;17;6;2;1;2;;1;1;1;;;1;1
3;3;17;33;33020;;1;1;AS-389;2,14;6;1;2;;;3;1;2;;;1;2
4;2;10;33;33020;;1;1;A-8;402,2;3;4;2;;;3;1;2;;;1;1
4;2;10;33;33020;;1;1;AS-17;4,1;6;10;2;;;1;1;2;;;1;1
4;3;6;33;33020;;1;1;A-8;403,874;3;4;2;;;1;5;1;;;1;3
4;4;12;33;33020;;3;2;No inventariada;;9;2;1;2;;1;1;1;;;1;998
4;4;18;33;33020;;3;2;No inventariada;;9;2;2;;;1;1;1;;;1;998
2;2;20;33;33020;;3;2;No inventariada;;9;3;1;2;;1;4;1;;;12;998
5;5;2;33;33020;;1;1;AS-389;2,106;6;18;2;;;1;4;1;;;1;2
4;6;21;33;33020;;3;2;No inventariada;;14;2;1;2;;1;3;1;;;1;998
4;2;11;33;33020;;3;2;No inventariada;;9;5;2;;;1;1;1;;;1;998
3;5;20;33;33020;;3;2;No inventariada;;9;7;1;4;;3;4;4;;;16;998
5;1;13;33;33020;;1;1;AS-19;17,5;6;4;2;;;1;1;1;;;1;1
4;2;10;33;33020;;3;2;No inventariada;;9;2;1;2;;1;1;2;;;1;998
5;3;21;33;33020;;1;1;AS-389;2,1;6;2;2;;;1;1;1;;;1;3
6;3;7;33;33020;;1;1;AS-17;4,443;6;16;2;;;1;1;2;;;4;2
6;6;16;33;33020;;1;1;AS-17;9,36;6;2;1;1;;1;1;1;;;1;1
6;1;17;33;33020;;3;2;No inventariada;;9;4;2;;;1;1;1;;;1;998
6;2;19;33;33020;;1;1;A-8;407,123;3;16;2;;;1;1;2;;;1;1
9;2;9;33;33020;;1;1;A-8;402,85;3;12;2;;;1;1;1;;;1;1
9;6;11;33;33020;;1;1;C.V.S.D;0,04;10;4;2;;;3;1;2;;;1;1
10;3;18;33;33020;;1;1;AS-389;2,32;6;20;1;4;;1;1;1;;;1;1
10;6;10;33;33014;;1;1;AS-19;15,035;6;10;2;;;8;1;1;;;1;1
9;6;17;33;33020;;2;2;AS-19;18;6;4;1;2;;1;1;1;;;1;1
11;4;8;33;33020;;1;1;AI-81;4;3;5;2;;;1;1;1;;;1;1
11;4;12;33;33020;;3;2;No inventariada;;9;7;2;;;1;1;1;;;17;998
2;2;14;33;0;;1;1;A-8;430,715;3;12;1;10;N-632;1;1;1;;;1;3
4;6;11;33;0;;1;1;AS-317;2,9;6;10;2;;;1;1;1;;;4;3
6;1;17;33;0;;1;1;N-632;124,104;6;2;1;4;A-8;1;1;1;;;1;2
6;7;3;33;0;;1;1;N-632a;126,6;6;16;1;1;CU-4;1;6;2;;;1;3
7;5;9;33;0;;1;1;N-632a;133,25;6;3;1;4;A-8;1;1;1;;;1;2
7;6;4;33;0;;1;1;N-632a;136,1;6;13;2;;;9;6;7;;;4;3
8;6;16;33;0;;1;1;C.S.D.;5,5;6;3;2;;;9;1;1;;;4;3
8;3;19;33;0;;1;1;CU-3;0,05;6;20;1;2;;1;2;1;;;4;1
8;7;12;33;0;;1;1;N-632;122,3;6;2;1;1;;1;1;1;;;1;3
8;4;11;33;0;;1;1;N-632a;144,398;6;19;2;;;1;1;2;;;1;1
9;1;16;33;0;;1;1;A-8;430,6;3;3;2;;;1;1;1;;;1;1
9;1;18;33;0;;1;1;N-632a;141,155;6;10;1;1;;1;1;1;;;1;2
10;4;8;33;0;;1;1;C.S.D.;0,9;10;7;2;;;1;1;2;;;4;3
12;4;19;33;0;;1;1;CU-1;1,462;6;12;2;;;3;4;2;;;1;2
12;2;19;33;0;;1;1;N-632;119,889;6;8;2;;;1;6;1;;;1;3
11;4;15;33;0;;3;2;No inventariada;;9;2;1;2;;3;1;4;;;2;998
2;7;10;33;0;;1;1;CSD;1,9;10;8;2;;;1;1;1;;;1;1
5;2;17;33;0;;1;1;CSD;0,5;6;17;2;;;1;1;1;;;1;3
7;4;19;33;0;;1;1;N-634;537,028;6;5;2;;;1;1;2;;;1;1
10;1;9;33;0;;1;1;C.S.D.;0,5;6;17;2;;;3;1;1;;;1;3
1;2;6;33;33024;;1;1;AS-395;3,1;6;8;2;;;3;6;2;;;1;1
1;2;16;33;33024;;3;2;No inventariada;;9;7;1;1;;3;1;3;;;1;998
1;3;14;33;33024;;1;1;A-66;12,742;2;19;2;;;1;1;1;;;1;4
1;2;17;33;33024;;3;2;No inventariada;;9;4;2;;;3;4;3;;;1;998
1;4;16;33;33024;;1;1;AS-II;20,9;3;4;2;;;3;1;3;;;1;1
1;4;18;33;33024;;3;2;No inventariada;;9;4;2;;;3;4;3;;;1;998
1;4;21;33;33024;;1;1;GJ-10;1;6;14;2;;;3;6;3;;;4;2
1;4;13;33;33024;;3;2;No inventariada;;9;4;2;;;3;1;4;;;1;998
1;5;18;33;33024;;3;2;No inventariada;;9;3;1;2;;3;4;3;;;1;998
1;7;12;33;33024;;1;1;AS-II;23,2;3;4;1;10;;3;1;2;;;1;1