MES;DIA_SEMANA;HORA;COD_PROVINCIA;COD_MUNICIPIO;ISLA;ZONA;ZONA_AGRUPADA;CARRETERA;KM;TIPO_VIA;TIPO_ACCIDENTE;NUDO;NUDO_INFO;CARRETERA_CRUCE;CONDICION_FIRME;CONDICION_ILUMINACION;CONDICION_METEO;CONDICION_NIEBLA;CONDICION_VIENTO;VISIB_RESTRINGIDA_POR;TRAZADO_PLANTA
1;2;11;33;33024;;3;2;No inventariada;;9;12;1;1;;1;1;2;;;1;998
1;6;13;33;33024;;3;2;No inventariada;;9;7;1;1;;3;1;3;;;1;998
1;2;8;33;33024;;3;2;No inventariada;;9;7;1;1;;1;1;1;;;1;998
1;4;8;33;33024;;3;2;No inventariada;;9;7;2;;;3;4;3;;;5;998
1;5;12;33;33024;;3;2;No inventariada;;9;7;2;;;1;1;1;;;1;998
1;5;13;33;33024;;3;2;No inventariada;;9;5;2;;;3;1;4;;;1;998
1;5;19;33;33024;;3;2;No inventariada;;9;2;2;;;1;4;2;;;1;998
1;6;17;33;33024;;3;2;No inventariada;;9;7;1;1;;3;1;3;;;1;998
1;1;9;33;33024;;3;2;No inventariada;;9;2;2;;;3;1;3;;;1;998
1;1;18;33;33024;;3;2;No inventariada;;9;7;1;2;;3;4;3;;;5;998
1;1;17;33;33024;;3;2;No inventariada;;9;7;1;1;;3;1;3;;;2;998
1;5;1;33;33024;;3;2;No inventariada;;9;6;1;4;;3;4;2;;;1;998
1;4;21;33;33024;;3;2;No inventariada;;9;2;1;1;;3;3;1;;;1;998
1;3;6;33;33024;;3;2;No inventariada;;9;7;1;5;;3;3;3;;1;5;998
1;1;12;33;33024;;1;1;AS-395;1,8;6;19;1;4;AS-326;1;1;1;;;5;1
1;2;15;33;33024;;3;2;No inventariada;;9;2;1;4;;1;1;1;;;1;998
1;3;15;33;33024;;1;1;CAMIN DE H;0,3;6;2;1;2;;1;1;1;;;4;1
1;2;9;33;33024;;3;2;No inventariada;;9;10;1;4;;3;1;3;;;1;998
1;2;12;33;33024;;3;2;No inventariada;;9;7;1;1;;3;1;3;;;1;998
1;4;10;33;33024;;3;2;No inventariada;;9;10;2;;;1;1;1;;;1;998
1;6;1;33;33024;;3;2;No inventariada;;9;19;1;1;;1;4;2;;;1;998
1;6;17;33;33024;;3;2;No inventariada;;9;4;2;;;1;1;2;;;1;998
1;7;11;33;33024;;3;2;No inventariada;;9;2;1;2;;1;1;1;;;1;998
1;7;21;33;33035;;1;1;A-66;16,55;3;4;2;;;1;6;1;;;5;3
1;7;12;33;33024;;3;2;No inventariada;;9;7;2;;;1;1;1;;;1;998
1;2;13;33;33024;;3;2;No inventariada;;9;2;1;5;;1;1;1;;;1;998
1;2;13;33;33024;;3;2;No inventariada;;9;10;2;;;1;1;1;;;1;998
1;2;22;33;33024;;3;2;No inventariada;;9;2;1;4;;1;4;1;;;9;998
1;3;18;33;33024;;3;2;No inventariada;;9;7;1;1;;1;4;1;;;1;998
1;3;18;33;33024;;3;2;No inventariada;;9;6;2;;;1;1;1;;;1;998
1;3;10;33;33024;;3;2;No inventariada;;9;1;1;2;;1;1;1;;;1;998
2;5;18;33;33024;;3;2;No inventariada;;9;7;1;1;;1;3;1;;;1;998
2;6;22;33;33024;;3;2;No inventariada;;9;10;1;5;;1;4;1;;;1;998
2;7;19;33;33024;;3;2;No inventariada;;9;7;2;;;1;4;1;;;1;998
1;1;16;33;33024;;3;2;No inventariada;;9;2;1;1;;1;1;2;;;1;998
2;1;7;33;33024;;3;2;No inventariada;;9;10;1;2;;1;4;1;;;1;998
1;1;21;33;33024;;3;2;No inventariada;;9;10;1;4;;8;4;2;;;1;998
2;2;11;33;33024;;3;2;No inventariada;;9;3;2;;;1;1;2;;;1;998
2;5;21;33;33024;;1;1;AS-326;5,361;6;2;1;2;AS-325;3;4;3;;;1;1
2;5;9;33;33024;;3;2;No inventariada;;9;7;1;1;;1;1;1;;;6;998
2;2;20;33;33024;;3;2;No inventariada;;9;1;1;1;;1;4;1;;;1;998
2;6;3;33;33024;;3;2;No inventariada;;9;20;2;;;3;4;2;;;1;998
2;7;9;33;33024;;3;2;No inventariada;;9;6;1;2;;9;1;7;;;1;998
2;1;17;33;33024;;3;2;No inventariada;;9;2;1;4;;1;1;1;;;1;998
1;2;13;33;33024;;3;2;No inventariada;;9;7;1;2;;1;1;1;;;1;998
2;5;7;33;33024;;3;2;No inventariada;;9;7;1;4;;1;4;2;;;5;998
2;4;13;33;33024;;3;2;No inventariada;;9;10;2;;;1;1;1;;;1;998
2;5;20;33;33024;;1;1;A-8;379,9;3;10;2;;;1;5;1;;;1;1
2;5;19;33;33024;;3;2;No inventariada;;9;2;1;4;;1;4;1;;;1;998
2;5;19;33;33024;;3;2;No inventariada;;9;3;1;4;;1;3;1;;;1;998
2;2;16;33;33024;;3;2;No inventariada;;9;20;2;;;1;1;1;;;1;998
2;2;21;33;33024;;3;2;No inventariada;;9;3;1;1;;1;4;2;;;1;998
2;6;12;33;33024;;3;2;No inventariada;;9;7;2;;;3;1;3;;;1;998
2;6;14;33;33024;;3;2;No inventariada;;9;7;1;2;;1;1;1;;;1;998
2;7;21;33;33024;;1;1;AS-I;32,13;3;12;2;;;3;6;4;;;5;1
2;4;21;33;33024;;3;2;No inventariada;;9;4;2;;;1;4;2;;;1;998
2;1;22;33;33024;;3;2;No inventariada;;9;2;1;2;;1;4;1;;;1;998
2;3;7;33;33024;;3;2;No inventariada;;9;4;2;;;1;3;1;;;1;998
2;3;15;33;33024;;3;2;No inventariada;;9;12;2;;;1;1;2;;;3;998
2;1;14;33;33024;;3;2;No inventariada;;9;3;1;2;;1;1;2;;;2;998
2;5;15;33;33024;;3;2;No inventariada;;9;10;1;2;;3;1;4;;;1;998
2;3;12;33;33024;;3;2;No inventariada;;9;7;2;;;1;1;1;;;17;998
2;5;7;33;33024;;3;2;No inventariada;;9;7;2;;;3;4;3;;;1;998
2;6;10;33;33024;;3;2;No inventariada;;9;7;2;;;3;1;3;;;5;998
2;4;21;33;33024;;3;2;No inventariada;;9;7;2;;;3;3;3;;;5;998
2;6;2;33;33024;;3;2;No inventariada;;9;20;2;;;3;4;4;;;5;998
2;5;9;33;33024;;3;2;No inventariada;;9;3;2;;;3;1;4;;;1;998
2;7;17;33;33024;;3;2;No inventariada;;9;2;1;2;;3;1;1;;;1;998
2;4;17;33;33024;;3;2;No inventariada;;9;2;1;1;;3;1;3;;;1;998
3;5;14;33;33024;;3;2;No inventariada;;9;7;2;;;3;1;3;;;1;998
3;5;13;33;33024;;3;2;No inventariada;;9;7;2;;;3;1;3;;;1;998
3;6;13;33;33024;;3;2;No inventariada;;9;7;2;;;3;1;4;;;5;998
3;6;14;33;33024;;3;2;No inventariada;;9;10;2;;;3;1;4;;;1;998
3;3;15;33;33024;;1;1;GJ-10;0,005;6;5;2;;;1;1;1;;;1;1
2;2;11;33;33024;;3;2;No inventariada;;9;3;1;1;;3;1;3;;;1;998
2;1;7;33;33024;;3;2;No inventariada;;9;7;2;;;3;2;4;;;5;998
3;3;12;33;33024;;3;2;No inventariada;;9;7;2;;;1;1;1;;;1;998
3;5;15;33;33024;;3;2;No inventariada;;9;15;1;2;;3;1;2;;;1;998
3;7;0;33;33024;;3;2;No inventariada;;9;20;1;1;;1;4;2;;;1;998
3;7;12;33;33024;;3;2;No inventariada;;9;2;1;1;;3;1;4;;;1;998
3;3;18;33;33024;;3;2;No inventariada;;9;11;1;2;;1;1;1;;;1;998
3;2;22;33;33024;;3;2;No inventariada;;9;2;1;1;;3;4;2;;;1;998
3;2;23;33;33024;;3;2;No inventariada;;9;2;1;1;;1;4;1;;;1;998
3;3;17;33;33024;;1;1;AS-376;1,23;6;2;1;2;;1;1;1;;;1;1
3;1;11;33;33024;;3;2;No inventariada;;9;4;1;1;;3;1;2;;;1;998
3;3;13;33;33024;;3;2;No inventariada;;9;7;1;1;;1;1;1;;;1;998
3;2;10;33;33024;;3;2;No inventariada;;9;7;1;2;;1;1;1;;;1;998
3;4;10;33;33024;;3;2;No inventariada;;9;4;2;;;1;1;1;;;1;998
2;6;8;33;33024;;3;2;No inventariada;;9;4;1;2;;3;4;2;;;1;998
3;5;17;33;33024;;3;2;No inventariada;;9;7;2;;;1;1;1;;;1;998
3;1;16;33;33024;;3;2;No inventariada;;9;4;2;;;1;1;1;;;1;998
2;7;20;33;33024;;3;2;No inventariada;;9;4;2;;;3;3;1;;;1;998
3;4;9;33;33024;;3;2;No inventariada;;9;6;2;;;8;1;1;;;1;998
2;6;20;33;33024;;3;2;No inventariada;;9;7;1;1;;3;4;3;;;1;998
3;4;17;33;33024;;3;2;No inventariada;;9;4;2;;;1;1;1;;;1;998
3;4;19;33;33024;;3;2;No inventariada;;9;20;1;5;;1;1;1;;;1;998
3;2;12;33;33024;;3;2;No inventariada;;9;20;2;;;1;1;1;;;1;998
3;3;7;33;33024;;1;1;A-66;13;3;4;2;;;1;1;2;;;1;1
3;3;18;33;33024;;3;2;No inventariada;;9;2;1;1;;1;1;2;;;1;998
3;6;13;33;33024;;3;2;No inventariada;;9;10;2;;;1;1;1;;;1;998
3;2;22;33;33024;;3;2;No inventariada;;9;19;2;;;1;4;1;;;1;998
3;7;20;33;33024;;3;2;No inventariada;;9;2;1;1;;1;4;2;;;1;998
3;2;10;33;33024;;3;2;No inventariada;;9;2;1;2;;1;1;1;;;1;998
3;3;12;33;33024;;1;1;AS-377;4,35;6;19;2;;;1;1;1;;;1;1
3;2;21;33;33024;;3;2;No inventariada;;9;10;2;;;1;4;3;;;10;998
3;3;17;33;33024;;3;2;No inventariada;;9;7;2;;;3;1;3;;;9;998
3;3;14;33;33024;;3;2;No inventariada;;9;7;2;;;1;1;1;;;1;998
3;1;21;33;33024;;1;1;A-66;12;2;8;1;12;A-8;1;6;1;;;1;3
3;5;22;33;33024;;3;2;No inventariada;;9;1;1;1;;3;4;3;;;1;998
3;1;18;33;33024;;3;2;No inventariada;;9;4;2;;;1;1;2;;;1;998
3;6;18;33;33024;;3;2;No inventariada;;9;10;2;;;3;1;3;;;1;998
3;7;17;33;33024;;3;2;No inventariada;;9;2;1;1;;1;1;1;;;1;998
4;6;18;33;33024;;3;2;No inventariada;;9;10;2;;;1;1;1;;;1;998
4;6;11;33;33024;;3;2;No inventariada;;9;2;1;2;;1;1;1;;;1;998
4;7;16;33;33024;;3;2;No inventariada;;9;7;2;;;1;1;2;;;1;998
4;2;0;33;33024;;3;2;No inventariada;;9;10;2;;;3;4;3;;;1;998
4;3;1;33;33024;;3;2;No inventariada;;9;3;1;5;;1;4;2;;;1;998
4;7;13;33;33024;;3;2;No inventariada;;9;2;1;1;;1;1;1;;;1;998
4;2;9;33;33024;;3;2;No inventariada;;9;7;1;1;;1;1;2;;;1;998
4;3;7;33;33024;;3;2;No inventariada;;9;10;2;;;1;4;1;;;1;998
4;4;17;33;33024;;3;2;No inventariada;;9;2;1;4;;1;1;2;;;1;998
4;5;15;33;33024;;1;1;A-66;12,029;3;4;2;;;1;1;1;;;1;1
4;3;18;33;33024;;3;2;No inventariada;;9;20;2;;;1;1;1;;;1;998
4;4;20;33;33024;;3;2;No inventariada;;9;7;2;;;1;1;1;;;1;998
4;4;19;33;33024;;3;2;No inventariada;;9;4;1;5;;1;1;1;;;1;998
3;6;20;33;33024;;3;2;No inventariada;;9;7;2;;;1;3;1;;;1;998
4;5;8;33;33024;;3;2;No inventariada;;9;4;2;;;1;1;1;;;1;998
4;7;16;33;33024;;3;2;No inventariada;;9;10;2;;;1;1;1;;;1;998
3;4;13;33;33024;;3;2;No inventariada;;9;20;2;;;1;1;1;;;1;998
4;2;12;33;33024;;3;2;No inventariada;;9;10;1;1;;3;1;4;;;5;998
3;6;14;33;33024;;3;2;No inventariada;;9;10;2;;;7;1;1;;;1;998
4;7;14;33;33024;;3;2;No inventariada;;9;3;2;;;1;1;1;;;1;998
3;7;18;33;33024;;3;2;No inventariada;;9;2;2;;;1;1;1;;;1;998
4;1;22;33;33024;;3;2;No inventariada;;9;10;2;;;7;4;2;;;1;998
4;1;9;33;33024;;3;2;No inventariada;;9;7;2;;;1;1;1;;;1;998
4;4;12;33;33024;;3;2;No inventariada;;9;4;2;;;1;1;1;;;1;998
4;3;9;33;33024;;3;2;No inventariada;;9;7;2;;;1;1;1;;;1;998
4;1;13;33;33024;;3;2;No inventariada;;9;12;2;;;1;1;2;;;1;998
4;1;12;33;33024;;3;2;No inventariada;;9;2;1;2;;3;1;3;;;1;998
4;1;12;33;33024;;3;2;No inventariada;;9;7;2;;;1;1;2;;;9;998
4;6;18;33;33024;;3;2;No inventariada;;9;2;1;2;;1;1;1;;;1;998
4;3;17;33;33024;;3;2;No inventariada;;9;20;2;;;1;1;1;;;1;998
4;3;18;33;33024;;3;2;No inventariada;;9;2;2;;;1;1;2;;;1;998
4;4;10;33;33024;;3;2;No inventariada;;9;7;2;;;1;1;1;;;9;998
4;4;13;33;33024;;3;2;No inventariada;;9;6;2;;;1;1;1;;;1;998
4;3;18;33;33024;;3;2;No inventariada;;9;10;1;1;;1;1;1;;;1;998
4;5;13;33;33024;;1;1;GJ-10;0,509;6;5;2;;;1;1;1;;;1;1
4;5;14;33;33024;;3;2;No inventariada;;9;2;1;1;;1;1;1;;;1;998
4;6;22;33;33024;;3;2;No inventariada;;9;10;1;4;;2;4;2;;;4;998
4;7;18;33;33024;;3;2;No inventariada;;9;2;1;2;;1;1;1;;;1;998
4;5;11;33;33024;;3;2;No inventariada;;9;20;2;;;1;1;1;;;1;998
4;1;11;33;33024;;3;2;No inventariada;;9;3;2;;;1;1;1;;;1;998
4;7;18;33;33024;;3;2;No inventariada;;9;16;2;;;1;1;1;;;1;998
4;1;16;33;33024;;3;2;No inventariada;;9;7;2;;;2;1;1;;;1;998
4;1;17;33;33024;;3;2;No inventariada;;9;2;1;1;;1;1;1;;;1;998
4;2;10;33;33024;;3;2;No inventariada;;9;4;1;11;;1;1;2;;;1;998
4;3;21;33;33024;;3;2;No inventariada;;9;6;2;;;1;4;2;;;1;998
4;6;4;33;33024;;3;2;No inventariada;;9;3;2;;;1;4;1;;;1;998
4;3;0;33;33024;;3;2;No inventariada;;9;6;1;12;;1;4;1;;;1;998
4;3;14;33;33024;;3;2;No inventariada;;9;2;1;1;;1;1;2;;;18;998
4;3;20;33;33024;;3;2;No inventariada;;9;2;1;2;;1;1;1;;;1;998
4;5;6;33;33024;;3;2;No inventariada;;9;1;1;1;;3;2;2;;;18;998
4;4;9;33;33024;;3;2;No inventariada;;9;2;1;4;;3;1;3;;;1;998
4;5;21;33;33024;;3;2;No inventariada;;9;10;2;;;3;4;3;;;1;998
4;6;4;33;33024;;3;2;No inventariada;;9;10;1;4;;3;4;3;;;1;998
4;1;8;33;33024;;3;2;No inventariada;;9;4;1;4;;1;1;1;;;1;998
4;7;16;33;33024;;3;2;No inventariada;;9;1;2;;;1;1;2;;;1;998
5;4;17;33;33024;;3;2;No inventariada;;9;10;2;;;3;1;2;;;1;998
5;5;20;33;33024;;3;2;No inventariada;;9;7;1;1;;3;1;3;;;1;998
5;6;16;33;33024;;1;1;No inventariada;0,75;10;13;2;;;1;1;2;;;1;3
4;5;23;33;33024;;3;2;No inventariada;;9;2;1;2;;3;4;3;;;1;998
4;1;9;33;33024;;3;2;No inventariada;;9;2;1;1;;9;1;7;;;18;998
5;1;19;33;33024;;3;2;No inventariada;;9;2;2;;;1;1;1;;;1;998
5;2;21;33;33024;;1;1;AS-376;7,95;6;8;2;;;1;6;1;;;4;3
5;1;20;33;33024;;1;1;C.V.S.D;1,87;10;2;1;1;;1;1;1;;;4;3
5;2;19;33;33024;;3;2;No inventariada;;9;2;1;1;;1;1;1;;;9;998
5;4;16;33;33024;;1;1;GJ-10;1,5;6;2;1;2;;1;1;1;;;1;1
5;6;22;33;33024;;3;2;No inventariada;;9;2;1;2;;1;4;2;;;9;998
4;1;15;33;33024;;3;2;No inventariada;;9;19;1;12;;3;1;4;;;1;998
5;3;12;33;33024;;3;2;No inventariada;;9;4;2;;;1;1;1;;;1;998
5;1;13;33;33024;;3;2;No inventariada;;9;10;2;;;3;1;3;;;1;998
5;1;9;33;33024;;3;2;No inventariada;;9;3;1;4;;1;1;2;;;1;998
5;6;19;33;33024;;3;2;No inventariada;;9;4;1;1;;3;1;2;;;1;998
5;1;19;33;33024;;3;2;No inventariada;;9;4;1;1;;3;1;3;;;1;998
5;3;16;33;33024;;3;2;No inventariada;;9;4;1;2;;1;1;1;;;1;998
5;5;18;33;33024;;3;2;No inventariada;;9;20;2;;;1;1;1;;;1;998
5;1;17;33;33024;;3;2;No inventariada;;9;4;1;1;;1;1;1;;;1;998
5;1;11;33;33024;;3;2;No inventariada;;9;4;1;3;;1;1;1;;;1;998
5;5;17;33;33024;;3;2;No inventariada;;9;20;1;1;;1;1;1;;;1;998
5;2;17;33;33024;;3;2;No inventariada;;9;7;2;;;3;1;2;;;1;998
5;5;11;33;33024;;3;2;No inventariada;;9;10;2;;;1;1;1;;;18;998
5;3;10;33;33024;;3;2;No inventariada;;9;20;2;;;1;1;1;;;1;998
5;4;21;33;33024;;3;2;No inventariada;;9;10;1;1;;3;3;1;;;1;998
5;5;19;33;33024;;3;2;No inventariada;;9;2;1;4;;1;1;1;;;1;998
5;7;2;33;33024;;3;2;No inventariada;;9;4;1;1;;3;4;3;;;1;998
5;4;17;33;33024;;3;2;No inventariada;;9;2;1;12;;1;1;1;;;1;998
5;4;13;33;33024;;3;2;No inventariada;;9;20;2;;;1;1;1;;;1;998
5;2;17;33;33024;;3;2;No inventariada;;9;4;1;2;;1;6;1;;;1;998
5;2;12;33;33024;;3;2;No inventariada;;9;4;2;;;1;1;1;;;9;998
5;2;12;33;33024;;3;2;No inventariada;;9;20;2;;;1;1;1;;;1;998
5;1;12;33;33024;;1;1;AS-395;1,1;6;2;2;;;1;1;1;;;1;1
5;5;13;33;33024;;3;2;No inventariada;;9;7;1;2;;1;1;1;;;1;998
6;6;17;33;33024;;1;1;CAMIN DE L;1,2;6;17;2;;;1;1;1;;;4;3
5;4;23;33;33024;;3;2;No inventariada;;9;7;1;1;;1;4;1;;;1;998
5;1;14;33;33024;;3;2;No inventariada;;9;4;2;;;1;1;1;;;1;998
6;7;17;33;33024;;3;2;No inventariada;;9;7;2;;;1;1;1;;;18;998
6;2;11;33;33024;;3;2;No inventariada;;9;7;2;;;1;1;1;;;1;998
6;2;14;33;33024;;3;2;No inventariada;;9;4;2;;;1;1;1;;;1;998
5;5;22;33;33024;;3;2;No inventariada;;9;7;2;;;1;4;2;;;3;998
6;2;19;33;33024;;3;2;No inventariada;;9;8;2;;;1;1;1;;;1;998
6;4;13;33;33024;;1;1;AS-376;4;6;2;1;2;C.V.S.D;3;1;3;;;4;2
6;3;14;33;33024;;3;2;No inventariada;;9;7;2;;;1;1;1;;;1;998
6;4;0;33;33024;;3;2;No inventariada;;9;10;2;;;1;4;1;;;1;998
6;4;12;33;33024;;3;2;No inventariada;;9;1;1;2;;1;1;2;;;1;998
6;1;16;33;33024;;3;2;No inventariada;;9;3;2;;;1;1;1;;;1;998
5;4;15;33;33024;;3;2;No inventariada;;9;7;1;1;;1;1;1;;;18;998
5;3;9;33;33024;;3;2;No inventariada;;9;2;2;;;1;1;1;;;1;998
5;5;17;33;33024;;3;2;No inventariada;;9;2;1;2;;1;1;1;;;18;998
6;1;18;33;33024;;3;2;No inventariada;;9;15;2;;;1;1;1;;;1;998
6;6;20;33;33024;;3;2;No inventariada;;9;2;1;2;;1;1;1;;;18;998
6;1;19;33;33024;;3;2;No inventariada;;9;2;1;1;;1;1;1;;;1;998
6;1;21;33;33024;;3;2;No inventariada;;9;2;1;2;;1;1;1;;;1;998
6;6;14;33;33024;;1;1;CVCD;0,5;10;1;2;;;1;1;1;;;4;3
6;1;20;33;33076;;1;1;N-632;61,3;6;3;2;;;1;1;1;;;4;2
6;7;18;33;33024;;3;2;No inventariada;;9;2;1;1;;1;1;2;;;4;998
6;7;18;33;33024;;3;2;No inventariada;;9;4;1;5;;1;1;1;;;1;998
6;7;14;33;33024;;3;2;No inventariada;;9;10;1;1;;1;1;1;;;1;998
6;2;16;33;33024;;3;2;No inventariada;;9;3;1;1;;1;1;1;;;1;998
6;1;22;33;33024;;3;2;No inventariada;;9;2;1;1;;3;4;4;;;1;998
5;7;19;33;33024;;3;2;No inventariada;;9;15;2;;;3;1;2;;;1;998
6;1;13;33;33024;;3;2;No inventariada;;9;2;2;;;1;1;1;;;1;998
6;3;7;33;33024;;3;2;No inventariada;;9;19;2;;;3;1;3;;;1;998
6;3;15;33;33024;;3;2;No inventariada;;9;12;1;4;;1;1;2;;;1;998
6;4;8;33;33024;;3;2;No inventariada;;9;4;1;2;;1;1;2;;;1;998
6;5;15;33;33024;;1;1;A-66;13,412;3;5;2;;;1;1;2;;;1;1
6;6;0;33;33024;;3;2;No inventariada;;9;7;1;2;;1;4;2;;;1;998
6;6;21;33;33024;;3;2;No inventariada;;9;15;2;;;1;1;1;;;1;998
6;1;13;33;33024;;1;1;AS-377;10;6;1;1;2;;1;1;1;;;1;1
6;1;11;33;33024;;3;2;No inventariada;;9;7;2;;;1;1;2;;;1;998
6;2;18;33;33024;;3;2;No inventariada;;9;10;1;2;;1;1;1;;;1;998
6;3;8;33;33024;;3;2;No inventariada;;9;7;1;1;;1;1;1;;;1;998
6;4;21;33;33024;;3;2;No inventariada;;9;2;1;1;;1;1;1;;;1;998
6;5;14;33;33024;;3;2;No inventariada;;9;7;2;;;1;1;2;;;1;998
6;5;13;33;33024;;3;2;No inventariada;;9;2;1;2;;1;1;2;;;1;998
6;7;17;33;33024;;3;2;No inventariada;;9;4;1;4;;1;1;2;;;1;998
7;1;14;33;33024;;3;2;No inventariada;;9;1;1;1;;1;1;1;;;1;998
6;7;21;33;33024;;3;2;No inventariada;;9;2;2;;;1;1;1;;;1;998
7;1;18;33;33024;;3;2;No inventariada;;9;4;2;;;1;1;1;;;1;998
6;7;0;33;33024;;3;2;No inventariada;;9;1;1;2;;1;4;1;;;1;998
7;2;23;33;33024;;3;2;No inventariada;;9;2;1;1;;1;4;2;;;1;998
7;1;18;33;33024;;3;2;No inventariada;;9;7;2;;;1;1;1;;;6;998
7;1;13;33;33024;;3;2;No inventariada;;9;10;2;;;1;1;1;;;1;998
6;5;4;33;33024;;3;2;No inventariada;;9;6;2;;;1;4;2;;;1;998
6;3;20;33;33024;;3;2;No inventariada;;9;10;1;1;;1;1;2;;;9;998
6;4;13;33;33024;;3;2;No inventariada;;9;2;1;1;;1;1;1;;;1;998
7;4;13;33;33024;;3;2;No inventariada;;9;4;2;;;1;1;2;;;1;998
6;5;20;33;33024;;3;2;No inventariada;;9;7;1;1;;1;1;1;;;1;998
7;5;9;33;33024;;3;2;No inventariada;;9;2;1;1;;1;1;2;;;1;998
7;6;13;33;33024;;1;1;AS-II;20,9;3;18;1;4;;3;1;3;;;1;3
7;1;0;33;33024;;3;2;No inventariada;;9;10;2;;;1;4;2;;;12;998
7;4;16;33;33024;;3;2;No inventariada;;9;3;1;2;;1;1;1;;;1;998
7;1;15;33;33024;;1;1;A-8;386,4;3;3;2;;;1;1;1;;;1;1
7;4;15;33;33024;;3;2;No inventariada;;9;2;1;1;;1;1;2;;;1;998
7;2;16;33;33024;;3;2;No inventariada;;9;20;1;1;;1;1;3;;;1;998
7;6;15;33;33024;;3;2;No inventariada;;9;4;1;1;;3;1;2;;;18;998
7;7;11;33;33024;;3;2;No inventariada;;9;6;1;2;;1;1;2;;;1;998
7;3;10;33;33024;;3;2;No inventariada;;9;7;1;2;;1;1;1;;;1;998
7;1;13;33;33024;;1;1;A-66;13;3;4;2;;;1;1;1;;;1;1
7;3;23;33;33024;;3;2;No inventariada;;9;7;2;;;1;4;1;;;1;998
7;3;13;33;33024;;3;2;No inventariada;;9;7;1;1;;1;1;2;;;1;998
6;6;21;33;33024;;3;2;No inventariada;;9;20;1;2;;1;1;2;;;1;998
6;3;10;33;33024;;3;2;No inventariada;;9;11;1;2;;1;1;1;;;1;998
6;4;5;33;33024;;3;2;No inventariada;;9;10;2;;;3;3;3;;;1;998
7;3;21;33;33024;;3;2;No inventariada;;9;4;1;2;;1;1;1;;;1;998
7;5;10;33;33024;;1;1;AS-II;23,7;3;4;1;5;A-8;1;1;2;;;1;3
7;5;9;33;33024;;3;2;No inventariada;;9;2;2;;;3;1;3;;;1;998
7;4;17;33;33024;;3;2;No inventariada;;9;4;1;1;;1;1;2;;;1;998
7;6;18;33;33024;;3;2;No inventariada;;9;19;2;;;1;1;1;;;1;998
7;7;20;33;33024;;3;2;No inventariada;;9;7;2;;;1;1;1;;;1;998
7;6;19;33;33024;;3;2;No inventariada;;9;1;2;;;1;1;1;;;1;998
7;1;15;33;33024;;3;2;No inventariada;;9;2;1;1;;1;1;1;;;1;998
7;4;19;33;33024;;3;2;No inventariada;;9;4;2;;;1;1;1;;;1;998
7;3;14;33;33024;;1;1;GJ-10;1,041;6;4;1;4;;1;1;1;;;1;1
7;4;15;33;33024;;1;1;C.S.D.;264;6;12;2;;;1;1;1;;;1;3
7;5;18;33;33024;;3;2;No inventariada;;9;2;1;1;;1;1;1;;;1;998
7;6;5;33;33024;;3;2;No inventariada;;9;7;2;;;1;4;1;;;1;998
7;4;19;33;33024;;3;2;No inventariada;;9;10;2;;;1;1;1;;;1;998
7;6;14;33;33024;;3;2;No inventariada;;9;10;2;;;1;1;7;;;18;998
7;1;20;33;33024;;1;1;GJ-81;2,744;3;10;2;;;1;1;1;;;1;1
7;2;14;33;33024;;3;2;No inventariada;;9;2;1;1;;1;1;1;;;1;998
7;3;11;33;33024;;3;2;No inventariada;;9;2;2;;;1;1;2;;;1;998
7;2;18;33;33024;;3;2;No inventariada;;9;5;1;2;;1;1;1;;;9;998
7;2;20;33;33024;;3;2;No inventariada;;9;7;2;;;1;1;1;;;6;998
7;2;22;33;33024;;3;2;No inventariada;;9;2;1;1;;1;4;1;;;1;998
7;4;10;33;33024;;3;2;No inventariada;;9;10;2;;;3;1;3;;;1;998
7;5;10;33;33024;;3;2;No inventariada;;9;4;2;;;1;1;1;;;1;998
7;5;13;33;33024;;3;2;No inventariada;;9;1;2;;;1;1;1;;;1;998
7;2;22;33;33024;;3;2;No inventariada;;9;1;1;1;;1;4;1;;;1;998
7;7;7;33;33024;;3;2;No inventariada;;9;20;2;;;3;2;3;;;1;998
7;4;18;33;33024;;3;2;No inventariada;;9;7;1;1;;1;1;2;;;18;998
7;4;13;33;33024;;3;2;No inventariada;;9;2;1;2;;1;1;1;;;1;998