MES;DIA_SEMANA;HORA;COD_PROVINCIA;COD_MUNICIPIO;ISLA;ZONA;ZONA_AGRUPADA;CARRETERA;KM;TIPO_VIA;TIPO_ACCIDENTE;NUDO;NUDO_INFO;CARRETERA_CRUCE;CONDICION_FIRME;CONDICION_ILUMINACION;CONDICION_METEO;CONDICION_NIEBLA;CONDICION_VIENTO;VISIB_RESTRINGIDA_POR;TRAZADO_PLANTA
7;5;20;33;33024;;3;2;No inventariada;;9;10;1;1;;1;1;2;;;1;998
7;2;11;33;33024;;3;2;No inventariada;;9;12;2;;;1;5;7;;;17;998
7;2;17;33;33024;;3;2;No inventariada;;9;10;2;;;3;1;4;;;1;998
7;1;10;33;33024;;3;2;No inventariada;;9;7;2;;;1;1;1;;;1;998
7;2;23;33;33024;;3;2;No inventariada;;9;2;1;2;;1;4;1;;;18;998
7;1;3;33;33024;;3;2;No inventariada;;9;2;2;;;1;4;1;;;18;998
8;4;8;33;33024;;3;2;No inventariada;;9;2;1;4;;3;1;1;;;1;998
7;3;19;33;33024;;3;2;No inventariada;;9;4;2;;;1;1;2;;;18;998
7;2;18;33;33024;;3;2;No inventariada;;9;20;2;;;1;1;2;;;1;998
7;6;19;33;33024;;3;2;No inventariada;;9;2;2;;;1;1;2;;;1;998
8;6;13;33;33024;;3;2;No inventariada;;9;3;1;2;;1;1;1;;;1;998
8;6;18;33;33024;;3;2;No inventariada;;9;2;1;1;;1;1;1;;;1;998
8;6;23;33;33024;;3;2;No inventariada;;9;3;1;2;;1;4;2;;;1;998
8;1;1;33;33024;;3;2;No inventariada;;9;7;2;;;1;1;1;;;1;998
8;1;18;33;33024;;3;2;No inventariada;;9;7;2;;;1;1;1;;;1;998
8;2;11;33;33024;;3;2;No inventariada;;9;2;1;1;;1;1;2;;;1;998
8;3;15;33;33024;;3;2;No inventariada;;9;10;2;;;1;1;2;;;1;998
8;4;21;33;33024;;3;2;No inventariada;;9;7;2;;;1;4;2;;;1;998
8;5;0;33;33024;;3;2;No inventariada;;9;4;2;;;1;4;1;;;1;998
7;3;14;33;33024;;3;2;No inventariada;;9;7;1;1;;1;1;1;;;1;998
7;3;19;33;33024;;3;2;No inventariada;;9;10;2;;;1;1;1;;;1;998
7;3;18;33;33024;;3;2;No inventariada;;9;4;1;1;;1;1;2;;;1;998
8;5;12;33;33024;;3;2;No inventariada;;9;4;1;1;;9;1;1;;;1;998
8;5;9;33;33024;;3;2;No inventariada;;9;20;2;;;1;1;1;;;1;998
8;7;12;33;33024;;3;2;No inventariada;;9;10;2;;;1;1;1;;;1;998
8;1;12;33;33024;;1;1;AS-377;1;6;3;2;;;1;1;1;;;1;1
8;2;11;33;33024;;3;2;No inventariada;;9;14;2;;;3;1;3;;;1;998
8;2;11;33;33024;;3;2;No inventariada;;9;4;2;;;1;1;3;;;1;998
8;2;14;33;33024;;1;1;A-8;380,1;3;5;2;;;1;1;1;;;1;1
8;3;22;33;33024;;3;2;No inventariada;;9;2;1;2;;1;3;2;;;1;998
8;4;21;33;33024;;3;2;No inventariada;;9;7;2;;;1;1;2;;;1;998
8;4;17;33;33024;;1;1;CSD;0,4;6;16;2;;;1;1;1;;;1;1
8;5;11;33;33024;;1;1;A-8;377,5;3;4;2;;;1;1;1;;;1;1
8;5;15;33;33024;;3;2;No inventariada;;9;2;1;1;;1;1;1;;;1;998
8;6;22;33;33024;;3;2;No inventariada;;9;10;2;;;3;4;3;;;1;998
8;7;12;33;33024;;3;2;No inventariada;;9;3;1;1;;3;1;3;;;1;998
8;5;15;33;33024;;3;2;No inventariada;;9;2;1;1;;1;1;2;;;1;998
8;4;20;33;33024;;3;2;No inventariada;;9;12;1;12;;1;1;2;;;1;998
8;4;12;33;33024;;3;2;No inventariada;;9;4;2;;;1;1;1;;;1;998
8;1;0;33;33024;;3;2;No inventariada;;9;4;1;2;;1;4;1;;;1;998
8;7;12;33;33024;;3;2;No inventariada;;9;7;1;1;;3;1;3;;;1;998
7;3;16;33;33024;;3;2;No inventariada;;9;3;1;1;;1;1;1;;;1;998
7;3;21;33;33024;;3;2;No inventariada;;9;7;2;;;1;1;1;;;1;998
7;6;14;33;33024;;3;2;No inventariada;;9;7;2;;;1;1;1;;;18;998
8;4;0;33;33024;;3;2;No inventariada;;9;4;2;;;1;4;1;;;1;998
8;3;11;33;33024;;3;2;No inventariada;;9;20;2;;;1;1;1;;;18;998
8;5;11;33;33024;;3;2;No inventariada;;9;2;1;1;;1;1;1;;;1;998
8;5;18;33;33024;;3;2;No inventariada;;9;7;2;;;1;1;1;;;1;998
8;4;17;33;33024;;3;2;No inventariada;;9;2;1;1;;1;1;1;;;1;998
8;7;12;33;33024;;1;1;C.S.D.;0,35;6;9;1;2;;3;1;2;;;4;1
8;1;17;33;33024;;3;2;No inventariada;;9;2;1;1;;1;1;1;;;1;998
8;5;19;33;33024;;3;2;No inventariada;;9;2;1;1;;1;1;1;;;1;998
8;6;15;33;33024;;3;2;No inventariada;;9;10;2;;;3;1;2;;;1;998
8;1;12;33;33024;;3;2;No inventariada;;9;7;2;;;1;1;1;;;1;998
8;2;13;33;33024;;3;2;No inventariada;;9;3;1;2;;1;1;1;;;1;998
8;5;15;33;33024;;3;2;No inventariada;;9;4;1;1;;1;1;2;;;1;998
8;2;14;33;33024;;3;2;No inventariada;;9;3;1;1;;1;1;2;;;1;998
8;6;13;33;33024;;3;2;No inventariada;;9;20;1;1;;3;1;3;;;1;998
7;5;18;33;33024;;3;2;No inventariada;;9;10;2;;;1;1;1;;;1;998
8;2;22;33;33024;;3;2;No inventariada;;9;2;1;2;;1;4;3;;;1;998
9;1;15;33;33024;;3;2;No inventariada;;9;20;2;;;3;1;4;;;1;998
9;3;16;33;33024;;1;1;AS-381;13;6;2;1;2;;1;1;2;;;1;1
9;5;7;33;33024;;3;2;No inventariada;;9;10;1;1;;1;2;1;;;1;998
9;2;18;33;33024;;3;2;No inventariada;;9;20;2;;;1;1;2;;;1;998
9;7;18;33;33024;;1;1;C.S.D.;0,598;6;16;2;;;1;1;1;;;1;3
9;7;15;33;33024;;3;2;No inventariada;;9;20;1;2;;1;1;1;;;1;998
9;2;19;33;33024;;1;1;CAMIN LLOM;9999;10;16;2;;;1;1;2;;;1;1
9;2;18;33;33024;;3;2;No inventariada;;9;2;1;1;;1;1;1;;;1;998
9;3;11;33;33024;;3;2;No inventariada;;9;4;1;4;;1;1;2;;;1;998
9;4;15;33;33024;;3;2;No inventariada;;9;3;1;5;;3;1;3;;;1;998
9;4;12;33;33024;;3;2;No inventariada;;9;10;2;;;3;1;2;;;1;998
9;4;13;33;33024;;3;2;No inventariada;;9;3;1;1;;3;1;2;;;9;998
9;4;12;33;33024;;3;2;No inventariada;;9;7;2;;;3;1;3;;;1;998
9;5;21;33;33024;;3;2;No inventariada;;9;4;1;2;;1;4;2;;;1;998
8;6;2;33;33024;;3;2;No inventariada;;9;10;2;;;1;4;1;;;1;998
8;1;18;33;33024;;3;2;No inventariada;;9;10;2;;;1;1;1;;;1;998
9;6;9;33;33024;;1;1;A-8;377,626;3;18;1;12;A-8;1;1;1;;;1;1
9;6;12;33;33024;;3;2;No inventariada;;9;3;1;2;;1;1;1;;;1;998
9;7;17;33;33024;;1;1;AS-377;0,621;6;12;2;;;1;1;1;;;1;1
8;4;22;33;33024;;3;2;No inventariada;;9;2;2;;;1;4;1;;;1;998
9;1;9;33;33024;;1;1;A-8;377,991;3;5;2;;;1;1;1;;;6;1
9;5;9;33;33024;;3;2;No inventariada;;9;7;1;1;;1;1;2;;;1;998
9;5;14;33;33024;;1;1;AS-326;8,698;6;4;1;1;;1;1;1;;;1;1
9;6;14;33;33024;;3;2;No inventariada;;9;7;1;1;;3;1;3;;;1;998
9;4;22;33;33024;;3;2;No inventariada;;9;10;1;2;;3;4;3;;;1;998
9;4;17;33;33024;;3;2;No inventariada;;9;20;2;;;1;1;2;;;1;998
9;1;16;33;33024;;3;2;No inventariada;;9;7;2;;;1;1;1;;;1;998
8;2;19;33;33024;;3;2;No inventariada;;9;4;1;1;;1;1;1;;;1;998
9;5;14;33;33024;;3;2;No inventariada;;9;2;1;1;;1;1;1;;;1;998
9;2;13;33;33024;;3;2;No inventariada;;9;7;2;;;1;1;1;;;1;998
9;1;19;33;33024;;3;2;No inventariada;;9;4;2;;;1;1;1;;;1;998
9;6;15;33;33024;;3;2;No inventariada;;9;4;2;;;3;1;4;;;1;998
9;5;19;33;33024;;3;2;No inventariada;;9;7;2;;;3;1;3;;;1;998
9;2;16;33;33024;;3;2;No inventariada;;9;10;1;4;;1;1;1;;;9;998
9;3;20;33;33024;;3;2;No inventariada;;9;2;1;1;;3;1;4;;;1;998
7;3;13;33;33024;;3;2;No inventariada;;9;20;2;;;1;1;1;;;1;998
9;5;10;33;33024;;3;2;No inventariada;;9;2;1;2;;1;1;2;;;9;998
9;4;22;33;33024;;3;2;No inventariada;;9;10;1;2;;3;4;2;;;1;998
9;4;19;33;33024;;3;2;No inventariada;;9;2;1;2;;1;1;1;;;1;998
9;1;12;33;33024;;3;2;No inventariada;;9;4;1;2;;1;1;1;;;18;998
9;3;19;33;33024;;3;2;No inventariada;;9;2;1;1;;3;1;3;;;1;998
10;3;14;33;33024;;3;2;No inventariada;;9;2;2;;;4;1;4;;;5;998
10;4;6;33;33024;;1;1;AS-II;14,47;3;5;2;;;3;5;2;;;1;3
10;4;17;33;33024;;3;2;No inventariada;;9;7;2;;;1;1;1;;;1;998
10;5;10;33;33024;;3;2;No inventariada;;9;3;2;;;1;1;1;;;1;998
10;7;12;33;33024;;1;1;CAMINO DE;0,5;6;10;2;;;1;1;1;;;1;1
10;5;21;33;33024;;3;2;No inventariada;;9;2;1;1;;1;4;1;;;1;998
9;2;9;33;33024;;3;2;No inventariada;;9;2;1;1;;1;1;1;;;1;998
9;1;18;33;33024;;3;2;No inventariada;;9;7;2;;;1;1;1;;;2;998
10;2;15;33;33024;;3;2;No inventariada;;9;2;1;2;;1;1;2;;;2;998
10;2;17;33;33024;;3;2;No inventariada;;9;7;1;2;;1;2;2;;;1;998
10;2;10;33;33024;;3;2;No inventariada;;9;4;2;;;1;1;1;;;18;998
10;3;15;33;33024;;3;2;No inventariada;;9;1;1;2;;3;1;4;;;9;998
10;2;14;33;33024;;3;2;No inventariada;;9;2;1;1;;3;1;1;;;18;998
10;2;13;33;33024;;3;2;No inventariada;;9;2;2;;;1;1;1;;;1;998
8;1;22;33;33024;;3;2;No inventariada;;9;3;2;;;3;3;3;;;18;998
10;1;13;33;33024;;1;1;AS-II;14,95;3;6;2;;;1;1;1;;;1;1
10;1;20;33;33024;;1;1;A-8;378,541;3;4;1;12;AS-I;1;2;2;;;1;1
10;1;13;33;33024;;3;2;No inventariada;;9;2;1;4;;1;1;1;;;6;998
10;1;17;33;33024;;3;2;No inventariada;;9;7;1;2;;1;1;1;;;1;998
10;3;16;33;33024;;3;2;No inventariada;;9;10;2;;;1;1;2;;;1;998
10;3;20;33;33024;;3;2;No inventariada;;9;2;1;1;;3;4;4;;;1;998
10;1;10;33;33024;;3;2;No inventariada;;9;20;2;;;1;1;1;;;1;998
10;3;11;33;33024;;3;2;No inventariada;;9;3;1;4;;3;1;3;;;5;998
10;5;10;33;33024;;3;2;No inventariada;;9;16;1;1;;1;1;2;;;1;998
10;4;5;33;33024;;3;2;No inventariada;;9;3;2;;;3;4;2;;;1;998
9;1;23;33;33024;;3;2;No inventariada;;9;4;1;2;;1;4;2;;;1;998
9;5;6;33;33024;;3;2;No inventariada;;9;7;2;;;9;3;7;;;1;998
10;1;13;33;33024;;3;2;No inventariada;;9;2;1;1;;3;1;3;;;1;998
10;6;15;33;33024;;3;2;No inventariada;;9;2;1;1;;1;1;1;;;1;998
10;4;17;33;33024;;1;1;AS-I;26,81;3;4;2;;;1;1;1;;;1;1
10;4;20;33;33024;;1;1;A-8;377,5;3;4;1;10;;1;6;1;;;1;1
10;1;11;33;33024;;3;2;No inventariada;;9;7;2;;;3;1;1;;;1;998
9;1;19;33;33024;;3;2;No inventariada;;9;2;2;;;1;1;1;;;18;998
10;1;0;33;33024;;3;2;No inventariada;;9;2;1;1;;3;4;3;;;1;998
10;1;14;33;33024;;3;2;No inventariada;;9;7;1;2;;1;1;2;;;16;998
10;2;18;33;33024;;3;2;No inventariada;;9;12;1;2;;1;4;2;;;1;998
10;4;19;33;33024;;1;1;No inventariada;0,2;10;2;1;2;;1;2;1;;;1;1
11;5;19;33;33024;;3;2;No inventariada;;9;2;1;11;;1;4;1;;;1;998
10;7;18;33;33024;;3;2;No inventariada;;9;16;2;;;1;1;2;;;1;998
11;7;16;33;33024;;1;1;AS-325;5,76;6;7;2;;;1;1;1;;;6;3
11;6;20;33;33024;;3;2;No inventariada;;9;2;1;2;;1;4;1;;;1;998
10;5;13;33;33024;;3;2;No inventariada;;9;7;1;2;;1;1;1;;;1;998
10;4;10;33;33024;;3;2;No inventariada;;9;7;2;;;1;1;1;;;17;998
11;2;14;33;33024;;3;2;No inventariada;;9;4;2;;;1;1;1;;;1;998
10;5;22;33;33024;;3;2;No inventariada;;9;20;2;;;3;3;3;;;18;998
11;2;19;33;33024;;3;2;No inventariada;;9;7;1;2;;1;4;1;;;1;998
11;6;17;33;33024;;3;2;No inventariada;;9;20;2;;;1;1;1;;;1;998
11;2;22;33;33024;;3;2;No inventariada;;9;7;2;;;1;4;2;;;4;998
10;3;11;33;33024;;3;2;No inventariada;;9;7;1;1;;1;1;1;;;6;998
10;3;20;33;33024;;3;2;No inventariada;;9;7;2;;;1;4;1;;;1;998
11;5;17;33;33024;;3;2;No inventariada;;9;2;1;2;;1;1;2;;;18;998
11;5;22;33;33024;;3;2;No inventariada;;9;10;2;;;3;4;3;;;9;998
11;5;19;33;33024;;3;2;No inventariada;;9;7;1;4;;3;4;4;;;5;998
11;6;18;33;33024;;3;2;No inventariada;;9;2;2;;;3;4;3;;;5;998
11;6;19;33;33024;;1;1;A-8;379,5;3;4;2;;;3;6;3;;;1;1
11;1;21;33;33024;;1;1;GJ-81;3,405;3;19;2;;;1;6;1;;;1;1
11;3;20;33;33024;;3;2;No inventariada;;9;2;1;2;;1;4;1;;;1;998
11;2;11;33;33024;;3;2;No inventariada;;9;2;2;;;1;1;2;;;1;998
11;1;2;33;33024;;3;2;No inventariada;;9;2;1;2;;3;4;2;;;1;998
11;6;17;33;33024;;3;2;No inventariada;;9;7;1;2;;1;1;1;;;1;998
10;7;12;33;33024;;3;2;No inventariada;;9;4;2;;;1;1;1;;;1;998
10;5;7;33;33024;;3;2;No inventariada;;9;2;1;1;;1;4;1;;;18;998
11;1;19;33;33024;;3;2;No inventariada;;9;2;1;1;;1;4;1;;;1;998
11;6;0;33;33024;;3;2;No inventariada;;9;10;1;1;;1;4;1;;;1;998
11;4;14;33;33024;;3;2;No inventariada;;9;7;1;1;;1;1;1;;;9;998
11;5;12;33;33024;;3;2;No inventariada;;9;4;2;;;1;1;1;;;1;998
11;6;7;33;33024;;3;2;No inventariada;;9;6;2;;;1;4;1;;;1;998
11;6;20;33;33024;;3;2;No inventariada;;9;4;1;12;;1;4;1;;;1;998
11;5;14;33;33024;;3;2;No inventariada;;9;10;2;;;3;1;3;;;1;998
11;7;19;33;33024;;3;2;No inventariada;;9;7;1;2;;1;4;2;;;1;998
11;2;15;33;33024;;3;2;No inventariada;;9;7;1;2;;1;1;2;;;1;998
11;3;13;33;33024;;3;2;No inventariada;;9;4;2;;;1;1;2;;;1;998
11;4;10;33;33024;;1;1;C.V.S.D;1,2;10;9;1;2;;2;1;2;;;1;1
11;3;12;33;33024;;3;2;No inventariada;;9;7;2;;;1;1;2;;;1;998
11;5;0;33;33024;;3;2;No inventariada;;9;2;2;;;3;4;2;;;1;998
11;5;15;33;33024;;3;2;No inventariada;;9;2;2;;;1;1;1;;;1;998
11;4;20;33;33024;;3;2;No inventariada;;9;7;2;;;3;4;4;;;5;998
11;4;19;33;33024;;3;2;No inventariada;;9;7;2;;;3;4;4;;;5;998
11;5;23;33;33024;;3;2;No inventariada;;9;3;1;5;;1;4;2;;;1;998
11;5;12;33;33024;;3;2;No inventariada;;9;7;2;;;1;1;1;;;6;998
11;5;14;33;33024;;3;2;No inventariada;;9;7;2;;;1;1;1;;;1;998
11;6;12;33;33024;;1;1;A-8;388,525;3;9;2;;;8;1;1;;;4;1
11;4;20;33;33024;;3;2;No inventariada;;9;16;2;;;3;4;4;;;5;998
11;7;10;33;33024;;3;2;No inventariada;;9;7;1;2;;1;1;2;;;18;998
11;6;13;33;33024;;3;2;No inventariada;;9;2;1;2;;1;1;2;;;1;998
11;3;0;33;33024;;3;2;No inventariada;;9;7;2;;;3;4;3;;;1;998
11;5;8;33;33024;;3;2;No inventariada;;9;19;2;;;1;1;2;;;1;998
11;6;12;33;33024;;3;2;No inventariada;;9;2;2;;;1;1;1;;;6;998
11;4;18;33;33024;;3;2;No inventariada;;9;7;2;;;1;4;1;;;1;998
11;6;20;33;33024;;3;2;No inventariada;;9;2;1;4;;1;3;2;;;1;998
11;2;10;33;33024;;1;1;AS-II;23,025;3;4;2;;;1;1;1;;;1;1
11;1;19;33;33024;;3;2;No inventariada;;9;10;1;1;;1;4;1;;;1;998
11;1;11;33;33024;;3;2;No inventariada;;9;7;2;;;1;1;1;;;1;998
11;6;18;33;33024;;3;2;No inventariada;;9;3;1;1;;1;4;2;;;1;998
11;3;11;33;33024;;3;2;No inventariada;;9;7;2;;;1;4;1;;;1;998
11;3;18;33;33024;;1;1;GJ-81;3;3;5;1;10;GJ-10;1;6;2;;;1;1
11;2;12;33;33024;;3;2;No inventariada;;9;7;1;2;;1;1;1;;;1;998
11;3;14;33;33024;;3;2;No inventariada;;9;4;1;2;;1;1;1;;;1;998
11;6;1;33;33024;;1;1;A-8;379,8;3;18;1;2;;1;5;1;;;1;3
11;5;14;33;33024;;3;2;No inventariada;;9;7;2;;;1;1;1;;;1;998
11;2;16;33;33024;;3;2;No inventariada;;9;7;1;2;;1;1;1;;;1;998
11;3;21;33;33024;;3;2;No inventariada;;9;7;1;2;;1;4;1;;;1;998
11;5;16;33;33024;;1;1;AS-377;10,1;6;18;2;;;1;1;1;;;1;1
11;2;14;33;33024;;3;2;No inventariada;;9;7;2;;;1;1;1;;;1;998
11;6;1;33;33024;;3;2;No inventariada;;9;2;1;1;;1;4;1;;;1;998
11;4;8;33;33024;;3;2;No inventariada;;9;7;2;;;1;3;1;;;1;998
11;4;8;33;33024;;3;2;No inventariada;;9;1;1;1;;1;1;2;;;1;998
12;2;8;33;33024;;3;2;No inventariada;;9;4;2;;;3;1;2;;;1;998
12;2;9;33;33024;;3;2;No inventariada;;9;4;1;1;;3;1;2;;;1;998
12;1;12;33;33024;;3;2;No inventariada;;9;4;2;;;3;1;2;;;1;998
12;3;14;33;33024;;3;2;No inventariada;;9;2;1;4;;1;1;2;;;1;998
12;7;23;33;33024;;3;2;No inventariada;;9;19;2;;;3;4;2;;;1;998
12;1;19;33;33024;;3;2;No inventariada;;9;3;1;1;;3;4;7;;;1;998
11;4;20;33;33024;;3;2;No inventariada;;9;10;2;;;1;4;1;;;18;998
12;6;21;33;33024;;3;2;No inventariada;;9;20;2;;;3;4;2;;;18;998
11;4;19;33;33024;;3;2;No inventariada;;9;4;2;;;1;4;1;;;18;998
12;1;15;33;33024;;1;1;A-8;379,531;3;12;1;10;AS-I;3;1;2;;;1;3
12;1;22;33;33024;;3;2;No inventariada;;9;2;1;2;;3;4;3;;;5;998
12;7;3;33;33024;;3;2;No inventariada;;9;12;2;;;3;4;3;;;1;998
11;6;16;33;33024;;3;2;No inventariada;;9;20;2;;;1;1;1;;;1;998
11;5;20;33;33024;;3;2;No inventariada;;9;7;2;;;1;4;1;;;1;998
11;2;15;33;33024;;3;2;No inventariada;;9;3;2;;;6;1;1;;;18;998
11;6;11;33;33024;;3;2;No inventariada;;9;10;2;;;1;1;2;;;1;998
12;7;17;33;33024;;3;2;No inventariada;;9;2;1;1;;3;1;2;;;18;998
11;3;21;33;33024;;3;2;No inventariada;;9;2;2;;;1;4;1;;;18;998
12;1;12;33;33024;;3;2;No inventariada;;9;3;1;1;;1;1;3;;;1;998
11;4;18;33;33024;;3;2;No inventariada;;9;7;2;;;1;1;7;;;18;998
12;6;16;33;33024;;3;2;No inventariada;;9;7;1;2;;3;1;3;;;5;998
12;6;13;33;33024;;3;2;No inventariada;;9;1;1;1;;1;1;1;;;1;998
12;4;19;33;33024;;3;2;No inventariada;;9;2;2;;;1;4;2;;;1;998
12;6;11;33;33024;;3;2;No inventariada;;9;2;1;2;;1;1;1;;;1;998
12;6;12;33;33024;;1;1;AS-376;1,8;6;2;1;1;AS-376;3;6;1;;;6;1
12;6;13;33;33024;;1;1;AS-376;2,2;6;10;1;2;;3;1;1;;;18;1
12;6;22;33;33024;;3;2;No inventariada;;9;2;2;;;3;4;4;;;1;998
12;6;15;33;33024;;3;2;No inventariada;;9;2;1;1;;1;1;2;;;1;998
12;6;12;33;33024;;3;2;No inventariada;;9;7;2;;;1;1;1;;;1;998
12;2;18;33;33024;;3;2;No inventariada;;9;2;1;2;;1;4;2;;;1;998
12;3;18;33;33024;;3;2;No inventariada;;9;7;2;;;3;4;3;;;1;998
12;7;21;33;33024;;3;2;No inventariada;;9;7;1;1;;3;4;1;;;1;998
11;5;21;33;33024;;3;2;No inventariada;;9;2;1;1;;1;4;1;;;9;998
12;4;18;33;33024;;3;2;No inventariada;;9;20;2;;;1;4;2;;;1;998
12;4;14;33;33024;;3;2;No inventariada;;9;7;2;;;1;1;1;;;6;998
12;3;19;33;33024;;3;2;No inventariada;;9;2;1;1;;3;4;2;;;5;998
12;5;9;33;33024;;3;2;No inventariada;;9;3;1;1;;1;1;2;;;1;998
12;5;9;33;33024;;3;2;No inventariada;;9;2;1;1;;3;1;1;;;1;998
12;5;12;33;33024;;3;2;No inventariada;;9;16;1;11;;1;1;2;;;9;998
12;5;20;33;33024;;3;2;No inventariada;;9;3;1;1;;1;4;2;;;1;998
12;1;19;33;33024;;3;2;No inventariada;;9;15;2;;;1;4;1;;;1;998
12;2;10;33;33024;;3;2;No inventariada;;9;7;2;;;1;1;1;;;1;998
12;5;5;33;33024;;3;2;No inventariada;;9;4;1;1;;1;4;1;;;1;998
12;5;21;33;33024;;3;2;No inventariada;;9;11;1;2;;1;4;1;;;1;998
12;4;20;33;33024;;3;2;No inventariada;;9;7;1;1;;1;4;1;;;1;998
12;4;20;33;33024;;3;2;No inventariada;;9;4;2;;;1;4;2;;;1;998
12;5;19;33;33024;;3;2;No inventariada;;9;20;2;;;1;4;1;;;1;998
12;6;13;33;33024;;3;2;No inventariada;;9;2;1;1;;1;1;1;;;1;998
12;5;12;33;33024;;3;2;No inventariada;;9;7;2;;;1;1;2;;;1;998
12;7;19;33;33024;;3;2;No inventariada;;9;6;2;;;1;4;2;;;1;998
12;7;12;33;33024;;3;2;No inventariada;;9;4;2;;;1;1;2;;;1;998
12;1;15;33;33024;;3;2;No inventariada;;9;9;2;;;1;1;1;;;6;998
12;1;16;33;33024;;3;2;No inventariada;;9;7;2;;;1;1;1;;;6;998
12;4;21;33;33024;;3;2;No inventariada;;9;2;1;2;;1;4;1;;;1;998
12;2;16;33;33024;;3;2;No inventariada;;9;12;2;;;1;1;1;;;1;998
12;2;11;33;33024;;3;2;No inventariada;;9;2;1;1;;1;1;1;;;1;998
12;6;21;33;33024;;1;1;C.S.D.;1;10;10;2;;;1;6;2;;;1;1
12;2;22;33;33024;;1;1;AS-377;2,796;6;18;2;;;1;4;1;;;1;2
1;7;16;33;33025;;1;1;AS-329;4,244;6;14;2;;;1;1;1;;;1;3
1;2;14;33;33025;;1;1;AS-118;0,8;6;1;2;;;3;1;2;;;1;1
1;7;14;33;33025;;1;1;AS-328;9;6;2;1;1;GO-13;1;1;1;;;4;2
5;3;6;33;33025;;1;1;AS-329;1,605;6;1;2;;;1;2;1;;;4;3
7;2;19;33;33025;;1;1;AS-238;8,95;6;1;1;2;GO-3;1;1;2;;;1;1
7;7;20;33;33014;;1;1;AS-118;6;6;2;1;1;;1;1;1;;;1;1
10;3;15;33;33025;;1;1;AS-118;0,571;6;2;1;2;;3;1;4;;;1;1
11;4;9;33;33025;;1;1;GO-7;1,08;6;2;1;1;;1;1;1;;;1;1
12;2;9;33;33025;;1;1;AS-238;8,5;6;4;1;1;;3;1;2;;;1;1
3;2;13;33;33026;;3;2;No inventariada;;9;7;2;;;1;1;1;;;1;998
3;4;12;33;33026;;1;1;CTA LLANTR;0,5;14;6;2;;;1;1;1;;;4;3
3;7;12;33;33026;;3;2;No inventariada;;9;2;2;;;1;1;1;;;1;998
4;3;9;33;33026;;1;1;AS-313;1,7;6;13;2;;;1;1;1;;;1;2
4;7;11;33;33026;;1;1;N-634;430,436;6;4;2;;;1;1;1;;;1;1
4;6;17;33;33026;;1;1;N-634;433,6;6;10;1;4;A-63;2;1;1;;;1;3
4;6;2;33;33026;;2;2;CAMINO;0,1;10;9;2;;;1;6;1;;;1;1
4;3;13;33;33026;;2;2;AS-311;0;9;7;1;4;;9;1;7;;;9;1
6;4;9;33;33026;;1;1;AS-311;1,343;6;8;2;;;1;1;1;;;1;1
7;3;1;33;33026;;1;1;AS-311;16,7;6;16;2;;;1;6;1;;;4;3
7;4;12;33;33026;;1;1;N-634;434,833;6;2;2;;;1;1;1;;;1;2
8;4;19;33;0;;1;1;AS-312;4,267;6;14;2;;;3;1;3;;;1;3
12;5;19;33;33026;;2;2;N-634;431,811;6;7;2;;;1;3;1;;;1;1
8;6;3;33;0;;1;1;C.S.D.;4,7;6;13;2;;;3;6;2;;;12;2
9;1;17;33;0;;1;1;AS-14;1,8;6;19;2;;;1;1;2;;;1;3
10;3;18;33;0;;1;1;C.S.D.;1,6;6;1;2;;;1;1;1;;;1;3
6;6;13;33;0;;1;1;AS-29;3,5;6;9;2;;;1;1;2;;;4;2
8;6;21;33;0;;1;1;AS-212;31,94;6;1;2;;;1;6;1;;;1;1
8;1;15;33;0;;1;1;DE SENA A;0,8;10;13;2;;;1;1;1;;;1;1
8;4;14;33;0;;1;1;AS-212;27;6;16;2;;;1;1;2;;;1;3
7;7;14;33;0;;1;1;AS-12;37,034;6;2;1;2;;1;1;1;;;12;3
2;5;21;33;0;;1;1;AS-237;15,25;6;1;2;;;1;6;1;;;1;2
3;6;11;33;0;;1;1;AS-237;19;6;4;2;;;1;1;1;;;1;1
12;4;16;33;0;;1;1;AS-237;19,2;6;18;2;;;1;1;1;;;1;3
1;5;11;33;33031;;1;1;AS-I;10,5;3;4;2;;;1;1;1;;;1;1
1;7;12;33;33031;;3;2;No inventariada;;9;10;1;9;;3;1;2;;;2;998
1;3;12;33;33031;;1;1;AS-117;5,25;6;1;2;;;1;1;1;;;12;1
1;3;12;33;33031;;1;1;AS-117;5,251;6;4;2;;;1;1;1;;;1;1