MES;DIA_SEMANA;HORA;COD_PROVINCIA;COD_MUNICIPIO;ISLA;ZONA;ZONA_AGRUPADA;CARRETERA;KM;TIPO_VIA;TIPO_ACCIDENTE;NUDO;NUDO_INFO;CARRETERA_CRUCE;CONDICION_FIRME;CONDICION_ILUMINACION;CONDICION_METEO;CONDICION_NIEBLA;CONDICION_VIENTO;VISIB_RESTRINGIDA_POR;TRAZADO_PLANTA
2;6;21;33;33031;;3;2;No inventariada;;9;3;1;4;;1;3;1;;;1;998
2;1;14;33;33031;;1;1;LA-8;0,5;6;10;2;;;3;1;1;;;1;3
2;3;20;33;33031;;3;2;No inventariada;;9;1;1;2;;1;4;1;;;1;998
2;2;17;33;33031;;3;2;No inventariada;;9;19;1;1;;1;1;1;;;1;998
3;3;13;33;33031;;1;1;AS-116;9,704;6;2;1;2;AS-355;1;1;1;;;1;1
3;5;7;33;33031;;1;1;C.S.D.;3,2;6;16;1;4;AS-117;1;1;2;;;1;2
3;3;10;33;33031;;1;1;AS-I;11;3;4;2;;;1;1;1;;;1;1
3;4;11;33;33031;;1;1;AS-117;2,8;3;16;2;;;1;1;1;;;1;1
3;6;13;33;33031;;1;1;LA-2;0,9;6;1;2;;;1;1;2;;;1;2
4;6;21;33;33031;;1;1;AS-117;6,2;6;4;1;12;;1;6;2;;;1;1
4;5;15;33;33031;;3;2;No inventariada;;9;2;2;;;1;1;1;;;17;998
4;1;8;33;33031;;1;1;AS-117;0,7;3;3;2;;;3;1;2;;;18;1
4;5;14;33;33031;;3;2;No inventariada;;9;7;1;1;;1;1;1;;;1;998
4;4;9;33;33031;;3;2;No inventariada;;9;7;2;;;1;1;1;;;1;998
4;1;17;33;33031;;3;2;No inventariada;;9;4;2;;;1;1;1;;;1;998
5;6;20;33;33031;;3;2;No inventariada;;9;2;1;4;;1;1;1;;;18;998
5;5;13;33;33031;;3;2;No inventariada;;9;3;1;1;;1;1;1;;;1;998
6;2;20;33;33031;;1;1;AS-117;1;3;5;2;;;4;1;4;;;1;3
6;6;16;33;33031;;1;1;LA-4;3,15;6;2;2;;;1;1;1;;;4;3
7;1;15;33;33031;;1;1;AS-I;10;3;6;2;;;1;1;1;;;1;1
7;1;18;33;33031;;1;1;AS-269;1,418;5;8;2;;;3;1;4;;;1;1
7;3;18;33;33031;;3;2;No inventariada;;9;2;1;2;;1;1;1;;;18;998
7;1;14;33;33031;;3;2;No inventariada;;9;2;1;1;;1;1;1;;;1;998
7;3;12;33;33031;;1;1;AS-117;0,2;3;4;1;10;;1;1;1;;;1;1
8;6;0;33;33031;;3;2;No inventariada;;9;2;1;1;;1;4;1;;;1;998
8;5;13;33;33031;;3;2;No inventariada;;9;3;2;;;1;1;1;;;12;998
8;1;16;33;33031;;3;2;No inventariada;;9;7;1;2;;1;1;1;;;1;998
8;1;15;33;33031;;1;1;AS-I;7,4;3;14;2;;;1;1;1;;;1;3
8;1;21;33;33031;;3;2;No inventariada;;9;12;1;2;;1;1;1;;;1;998
8;3;14;33;33031;;1;1;AS-117;1,81;3;15;2;;;1;1;1;;;1;1
9;1;19;33;33031;;1;1;AS-17;36,251;3;16;2;;;3;1;3;;;1;1
9;7;0;33;33031;;3;2;No inventariada;;9;16;2;;;1;4;1;;;2;998
8;5;11;33;33031;;3;2;No inventariada;;14;7;2;;;1;1;1;;;6;998
9;4;18;33;33031;;1;1;AS-117;3,315;8;4;1;4;AS-117a;3;1;4;;;1;1
9;3;17;33;33031;;1;1;AS-117;1,241;3;2;1;4;AS-17;1;1;1;;;4;2
9;4;21;33;33031;;1;1;AS-116;7,9;6;8;2;;;1;5;1;;;1;1
9;7;16;33;33031;;1;1;AS-117;7,8;6;5;2;;;3;1;3;;;1;1
9;4;13;33;33031;;3;2;No inventariada;;9;7;1;1;;3;1;1;;;1;998
9;1;15;33;33031;;1;1;AS-I;9,5;3;3;1;10;;1;1;1;;;6;3
10;3;17;33;33031;;1;1;AS-117;1,2;3;15;2;;;3;1;4;;;1;3
10;7;13;33;33031;;1;1;LA-1;2;6;19;2;;;1;1;1;;;1;1
10;4;13;33;33031;;3;2;No inventariada;;9;7;1;1;;1;1;1;;;1;998
10;3;22;33;33031;;1;1;AS-I;7,096;3;16;2;;;1;6;1;;;18;1
10;6;9;33;33031;;3;2;No inventariada;;9;7;2;;;1;1;2;;;1;998
10;3;11;33;33031;;1;1;AS-269;0,2;6;4;1;4;AS-269;1;1;1;;;1;1
10;3;15;33;33031;;1;1;AS-17;36;3;4;2;;;1;1;1;;;1;3
11;6;0;33;33031;;1;1;AS-117;2,4;3;8;1;2;;1;5;1;;;1;1
11;4;16;33;33031;;1;1;AS-17;37;6;7;1;10;;1;1;2;;;1;1
11;7;7;33;33031;;1;1;AS-17;37,318;6;2;2;;;3;6;3;;;1;3
11;5;9;33;33031;;1;1;AS-117;3,7;3;19;2;;;3;1;1;;;1;2
12;4;9;33;33031;;3;2;No inventariada;;9;7;2;;;1;1;1;;;1;998
12;2;16;33;33031;;1;1;AS-376;30;6;1;2;;;1;1;1;;;4;2
4;7;22;33;33032;;3;2;No inventariada;;9;20;1;1;;3;4;2;;;1;998
6;2;19;33;33032;;1;1;C.S.D.;1;10;10;2;;;3;1;1;;;1;1
6;3;17;33;33032;;1;1;C.V.S.D.;0,5;10;2;2;;;3;1;4;;;1;1
3;6;4;33;33033;;1;1;A-66;65;3;8;2;;;1;4;1;;;1;1
3;6;8;33;33033;;1;1;N-630;79,8;6;1;2;;;8;3;1;;;4;2
4;5;15;33;33033;;1;1;N-630;79,492;6;19;2;;;1;1;1;;;1;2
4;7;15;33;33033;;1;1;AS-230;15,2;6;15;2;;;1;1;7;;;1;3
5;3;17;33;33033;;1;1;A-66;56,052;3;16;2;;;3;1;1;;;18;3
5;1;12;33;33033;;1;1;A-66;57,3;3;16;2;;;3;1;4;;;5;1
5;3;15;33;33033;;1;1;AS-375;34,9;6;16;2;;;3;1;3;;;1;2
5;2;12;33;33033;;3;2;No inventariada;;9;7;2;;;1;1;1;;;1;998
5;4;20;33;33033;;1;1;A-66;59;3;4;1;12;;3;1;3;;;1;1
6;2;14;33;33033;;1;1;CSD;0,3;6;10;2;;;3;1;1;;;1;3
6;2;11;33;33033;;1;1;LN-7;1,473;6;1;2;;;1;1;1;;;4;3
5;5;19;33;33033;;1;1;C.V.S.D.;0;10;9;2;;;8;1;1;;;1;1
6;1;21;33;33033;;1;1;A-66;64;3;15;2;;;4;6;4;;;5;2
7;1;12;33;33033;;1;1;AP-66;70,18;1;19;2;;;1;1;1;;;1;3
7;2;0;33;33033;;1;1;N-630;66,7;6;15;2;;;1;4;7;;;1;3
7;4;18;33;33033;;1;1;A-66;65,2;3;12;1;2;N-630;1;1;1;;;1;3
7;5;20;33;33033;;1;1;C.V.S.D.;0,02;10;17;2;;;2;1;1;;;4;3
8;6;15;33;33033;;1;1;N-630;72,1;6;2;2;;;1;1;1;;;1;2
8;2;21;33;33033;;1;1;N-630;80,8;6;10;2;;;3;2;3;;;1;2
9;4;12;33;33033;;1;1;AP-66;68,792;1;18;2;;;3;1;4;;;1;2
9;4;16;33;33033;;1;1;AP-66;68,8;1;18;2;;;3;1;3;;;4;2
10;3;15;33;33033;;1;1;AP-66;73,3;1;14;2;;;4;1;4;;;5;3
10;6;12;33;33033;;1;1;AS-230;16,15;6;16;2;;;1;1;1;;;1;2
10;3;17;33;33033;;1;1;C.V.S.D.;1;10;9;2;;;1;1;1;;;1;4
11;5;19;33;33033;;1;1;C.V.S.D.;0,3;10;9;2;;;1;4;1;;;1;3
11;6;20;33;33033;;1;1;N-630;76,3;6;18;2;;;3;6;2;;;4;2
11;3;19;33;33033;;3;2;No inventariada;;9;16;2;;;1;4;1;;;1;998
3;3;15;33;33034;;1;1;N-634;512,693;6;2;1;2;;3;1;3;;;1;1
3;4;11;33;33034;;1;1;N-634;511,2;6;4;2;;;1;1;2;;;1;1
5;5;18;33;33034;;1;1;N-634;486,2;6;4;2;;;1;1;1;;;1;3
5;1;15;33;33034;;1;1;A-8;453,7;3;4;2;;;1;1;1;;;1;1
6;1;16;33;33034;;1;1;C.S.D.;0,1;10;12;2;;;2;1;4;;;12;1
6;2;19;33;33034;;1;1;A-8;456,153;3;12;2;;;4;1;4;;;5;1
6;3;17;33;33034;;1;1;A-8;463,19;3;12;2;;;1;1;1;;;1;3
7;7;18;33;33034;;1;1;A-8;470,678;3;12;2;;;1;1;1;;;1;1
7;4;20;33;33034;;1;1;AS-359;3,7;6;4;1;2;;1;1;2;;;4;2
8;5;10;33;33034;;1;1;C.S.D.;3,4;6;10;2;;;1;1;1;;;1;1
8;2;12;33;33034;;1;1;AS-366;0,3;6;10;2;;;1;1;2;;;1;1
9;4;15;33;33034;;1;1;AS-367;28,651;6;18;2;;;1;1;1;;;1;2
10;5;20;33;33034;;1;1;A-8;462,145;3;4;2;;;1;6;2;;;1;1
12;6;18;33;33034;;1;1;A-8;462,7;3;4;2;;;3;6;2;;;1;1
12;1;15;33;33034;;1;1;N-634;501,935;6;4;2;;;1;1;1;;;1;1
12;6;19;33;33034;;1;1;N-632;145,5;6;8;2;;;1;6;1;;;1;1
12;4;13;33;33034;;1;1;N-634;501,5;6;7;2;;;1;1;1;;;1;1
1;2;22;33;33066;;1;1;AS-II;5;6;2;1;4;;1;5;1;1;;1;1
2;6;1;33;33035;;1;1;AS-17;15,9;6;16;2;;;8;6;1;;;1;1
3;1;11;33;33035;;1;1;C.S.D.;0;14;20;1;2;;3;1;2;;;1;1
4;2;20;33;33035;;1;1;CMNO. CADA;0,3;6;2;2;;;1;1;1;;;4;3
4;1;11;33;33035;;1;1;A-66;19,113;3;5;2;;;1;1;1;;;1;1
2;2;14;33;33035;;3;2;No inventariada;;9;4;1;2;;1;1;1;;;1;998
5;2;20;33;33035;;1;1;CAMINO DE;0,54;6;19;1;2;;1;1;1;;;18;3
5;7;11;33;33035;;1;1;AS-17;14,19;6;19;2;;;2;1;2;;;1;2
5;2;6;33;33035;;1;1;AS-II;6,7;3;16;2;;;3;6;2;;;1;1
2;1;18;33;33035;;3;2;No inventariada;;14;2;1;1;;1;1;2;;;18;998
5;3;8;33;33035;;1;1;AS-381;4,297;6;2;1;2;;1;1;1;;;1;1
6;6;17;33;33035;;1;1;AS-381;3,328;6;4;2;;;3;1;3;;;5;1
6;2;13;33;33035;;1;1;LL-4;2,177;6;3;2;;;1;1;2;;;3;3
6;5;19;33;33035;;1;1;LL-3;1,735;6;12;1;4;;1;1;1;;;1;2
6;7;14;33;33035;;1;1;AS-374;0,62;6;2;2;;;1;1;1;;;18;1
6;7;18;33;33035;;1;1;AS-374;5,081;6;4;1;2;;1;1;2;;;1;1
6;6;17;33;33035;;3;2;No inventariada;;11;2;2;;;1;1;2;;;1;998
7;3;17;33;33035;;1;1;AS-373;1,449;6;2;1;2;;1;1;1;;;1;1
7;5;15;33;33035;;1;1;A-66;21,358;3;5;2;;;1;1;1;;;1;1
7;2;19;33;33035;;1;1;AS-17;12,489;6;19;2;;;1;1;1;;;18;2
7;3;20;33;33035;;1;1;AS-381;6,45;6;19;2;;;1;1;2;;;1;1
8;6;17;33;33035;;1;1;LL-11;2,408;6;1;1;2;;1;1;1;;;1;1
8;5;13;33;33035;;1;1;AS-17;20,2;3;14;1;11;LL-3;2;1;1;;;1;2
8;7;15;33;33035;;1;1;C.S.D.;9;11;6;2;;;1;1;1;;;1;1
8;3;22;33;33035;;1;1;AS-374;3,822;6;2;1;2;LL-10;1;4;1;;;1;1
8;5;19;33;33035;;1;1;PISTA LAS;0,001;14;10;2;;;2;1;2;;;1;4
9;3;10;33;33035;;1;1;AS-381;7,096;6;19;1;4;AS-II;8;1;1;;;1;3
9;5;15;33;33035;;3;2;No inventariada;;9;4;2;;;1;1;1;;;1;998
9;1;14;33;33035;;1;1;AS-373;3,026;6;2;1;2;;1;1;1;;;4;1
10;3;15;33;33035;;1;1;A-66;19,839;3;4;2;;;3;1;4;;;5;1
10;5;12;33;33035;;1;1;AS-17;14,218;6;16;2;;;1;1;1;;;18;2
10;4;10;33;33035;;1;1;AS-233;7,394;6;2;2;;;1;1;1;;;2;1
11;6;8;33;33035;;1;1;AS-17;16,727;6;19;2;;;3;1;3;;;1;1
12;2;5;33;33035;;1;1;AS-17;17,7;6;2;1;2;AS-373;1;4;1;;;2;1
12;4;17;33;33020;;1;1;AS-17;4,95;6;17;2;;;3;4;2;;;1;3
12;5;8;33;33035;;1;1;CALLE;19;14;7;2;;;1;6;2;;;1;1
12;5;23;33;33035;;1;1;AS-II;6,3;3;12;2;;;1;4;1;;;1;3
12;5;5;33;33035;;1;1;LL-4;2,3;6;12;2;;;8;4;1;;;1;3
12;1;17;33;33035;;1;1;AS-374;1,9;6;1;2;;;1;1;1;;;6;3
1;7;14;33;33036;;3;2;No inventariada;;9;3;2;;;1;1;2;;;1;998
1;6;17;33;33036;;3;2;No inventariada;;9;;1;6;;999;999;999;;;999;998
3;4;10;33;33036;;1;1;AS-115;1,523;6;1;2;;;1;1;1;;;1;1
3;4;18;33;33036;;1;1;AS-379;18,3;6;3;2;;;1;1;1;;;4;3
3;3;16;33;33036;;1;1;A-8;287;3;4;2;;;1;1;2;;;1;1
4;1;22;33;33036;;1;1;A-8;304,7;3;16;2;;;1;6;1;;;1;2
4;6;11;33;33036;;1;1;LLN-11;1;6;10;1;2;C.S.D.;1;1;2;;;1;1
4;5;16;33;33036;;1;1;AS-115;10;6;18;2;;;1;1;1;;;1;1
5;7;11;33;33036;;1;1;LLN-16;5,5;6;15;2;;;3;1;1;;;1;3
5;3;12;33;33036;;1;1;AS-115;7,2;6;4;2;;;1;1;2;;;1;1
6;1;15;33;33036;;3;2;No inventariada;;11;7;2;;;1;1;2;;;18;998
6;2;11;33;33036;;3;2;No inventariada;;14;4;1;2;;1;1;1;;;9;998
7;1;13;33;33036;;1;1;AS-115;6,044;6;16;2;;;1;1;1;;;1;1
7;6;18;33;33036;;1;1;N-634;294,8;6;2;1;9;;1;1;1;;;1;1
8;6;13;33;33036;;1;1;N-634;289,105;6;2;2;;;1;1;1;;;1;1
8;7;12;33;33036;;1;1;AS-379;23,6;6;2;1;5;LLN-8;1;1;1;;;9;1
8;5;14;33;33036;;1;1;AS-379;17,517;6;3;2;;;1;1;1;;;1;2
8;1;13;33;33036;;1;1;AS-115;1,6;6;3;1;2;;1;1;1;;;1;1
8;5;9;33;33036;;1;1;A-8;303,326;3;3;2;;;1;1;1;;;1;1
9;4;10;33;33036;;1;1;AS-379;25,8;6;2;1;2;;3;1;3;;;1;1
9;5;10;33;33036;;1;1;AS-379;23,604;6;2;1;1;LLN-11;1;1;1;;;1;1
9;7;10;33;33036;;1;1;AS-379;7;6;4;2;;;1;1;1;;;1;1
9;4;18;33;33036;;3;2;No inventariada;;9;4;2;;;1;1;1;;;1;998
10;1;13;33;33036;;1;1;A-8;304,7;3;3;2;;;1;1;1;;;1;2
10;2;19;33;33036;;1;1;A-8;297,74;3;18;2;;;1;2;2;;;1;1
11;6;22;33;33036;;1;1;LLN-11;4,457;6;15;2;;;1;5;2;;;1;3
11;7;17;33;33036;;1;1;AS-379;22,4;6;10;2;;;1;1;1;;;1;1
12;6;15;33;33036;;1;1;A-8;294,5;3;4;2;;;3;1;2;;;1;1
12;7;12;33;33036;;2;2;AS-379;29,226;6;2;1;4;AS-379;1;1;1;;;1;4
1;1;16;33;33037;;1;1;AS-112;2,005;6;16;2;;;3;1;1;;;4;2
1;5;23;33;33037;;1;1;AS-I;0;3;16;1;12;AS-I;1;6;1;;;1;2
1;3;14;33;33037;;1;1;MI-8;2,7;6;2;1;5;;1;1;1;;;1;1
2;4;12;33;33037;;1;1;A-66;53,2;3;3;2;;;1;1;1;;1;1;1
2;6;0;33;33037;;3;2;No inventariada;;9;7;1;1;;3;4;4;;;5;998
2;7;13;33;33037;;1;1;AS-337;20,1;6;18;2;;;1;1;1;;;1;3
2;5;9;33;33037;;1;1;AS-269;7,2;6;18;2;;;1;1;2;;;1;2
3;5;15;33;33037;;1;1;AS-337;22,05;6;16;1;2;;1;1;2;;1;1;3
3;7;12;33;33037;;3;2;No inventariada;;9;4;2;;;1;1;1;;;1;998
4;1;16;33;33037;;3;2;No inventariada;;9;16;2;;;1;1;1;;;1;998
4;6;14;33;33037;;1;1;AS-375;25,3;6;16;2;;;1;1;1;;;1;1
5;6;20;33;33037;;1;1;N-630;45,6;6;4;1;4;N-630;1;1;1;;;1;1
5;6;18;33;33037;;3;2;No inventariada;;9;7;2;;;1;1;1;;;9;998
5;5;22;33;33037;;3;2;No inventariada;;9;10;2;;;3;4;3;;;1;998
5;1;11;33;33037;;1;1;MI-2;1,5;6;10;2;;;2;1;1;;;1;1
5;4;14;33;33037;;2;2;AS-337;22,2;6;7;1;2;;1;1;2;;;2;1
5;1;13;33;33037;;1;1;AS-337;14,4;6;10;2;;;1;1;1;;;4;1
7;4;16;33;33037;;3;2;No inventariada;;9;12;2;;;1;1;1;;;1;998
7;1;18;33;33037;;1;1;MI-3;0,3;6;2;1;2;;1;1;1;;;3;3
7;4;20;33;33037;;1;1;AS-337;19,737;6;16;1;2;;1;1;2;;;1;1
7;5;19;33;33037;;3;2;No inventariada;;9;4;1;4;;1;1;1;;;1;998
8;2;10;33;33037;;1;1;A-66;44,601;3;12;2;;;1;1;1;;;1;3
8;1;12;33;33037;;1;1;AS-I;0,05;3;4;2;;;3;1;1;;;1;2
8;7;16;33;33037;;3;2;No inventariada;;9;2;1;1;;1;1;1;;;1;998
8;5;21;33;33037;;1;1;AS-375;24,1;6;7;2;;;1;4;1;;;3;1
9;1;19;33;33037;;1;1;AS-112;2,25;6;1;2;;;3;2;3;;;4;2
9;1;13;33;33037;;3;2;No inventariada;;9;4;2;;;3;1;3;;;18;998
9;3;11;33;33037;;3;2;No inventariada;;9;7;2;;;1;1;2;;;18;998
8;1;18;33;33037;;3;2;No inventariada;;13;10;2;;;8;1;1;;;1;998
9;1;20;33;33037;;3;2;No inventariada;;9;7;1;1;;1;3;1;;;1;998
9;1;11;33;33037;;3;2;No inventariada;;9;7;1;1;;1;1;1;;;1;998
10;3;13;33;33037;;1;1;MI-3;2,3;6;7;1;2;;3;1;3;;;2;3
10;3;20;33;33037;;3;2;No inventariada;;9;7;2;;;3;4;3;;;5;998
10;2;11;33;33037;;1;1;C.S.D.;0,7;6;10;2;;;8;1;2;;;4;3
10;3;16;33;33037;;1;1;AS-337;23,771;6;4;2;;;1;1;1;;;1;1
10;5;10;33;33037;;1;1;AS-355;1,7;6;10;1;2;;1;1;1;;;4;3
10;2;14;33;33037;;3;2;No inventariada;;9;7;2;;;1;1;1;;;1;998
11;6;12;33;33037;;3;2;No inventariada;;9;7;2;;;1;1;1;;;1;998
11;4;10;33;33037;;1;1;AS-337;24,1;6;3;2;;;1;1;1;;;1;3
11;3;13;33;33037;;3;2;No inventariada;;9;4;2;;;1;1;2;;;1;998
11;5;0;33;33037;;3;2;No inventariada;;9;16;2;;;1;4;1;;;1;998
11;3;13;33;33037;;1;1;N-630;46,484;6;19;2;;;1;1;1;;;1;1
11;5;11;33;33037;;1;1;AS-375;20,652;6;2;1;2;;1;1;1;;;1;1
12;1;12;33;33037;;1;1;A-66;46,141;3;12;2;;;4;2;4;;;18;1
12;7;16;33;33037;;1;1;A-66;48,1;3;3;2;;;1;1;1;;;1;1
12;4;8;33;33037;;1;1;AS-337;22,143;6;7;2;;;3;2;4;;;1;1
12;7;17;33;33037;;3;2;No inventariada;;9;2;2;;;3;1;3;;;1;998
12;4;14;33;33037;;1;1;N-630;41,8;6;16;2;;;2;1;1;;;4;3
1;6;16;33;0;;1;1;AS-231;0,9;6;18;2;;;3;1;3;;;4;3
2;6;18;33;0;;1;1;AS-231;2,629;6;19;2;;;1;3;1;;;1;3
2;6;9;33;0;;1;1;N-630;39,757;6;14;2;;;3;1;3;;;4;2
5;4;20;33;0;;1;1;AS-231;1,1;6;16;2;;;3;1;2;;;1;1
5;3;11;33;0;;1;1;AS-231;2,67;6;10;2;;;1;1;1;;;1;1
7;7;12;33;0;;1;1;N-630;40,75;6;2;1;2;;1;1;1;;;1;1
10;2;18;33;0;;1;1;N-630;37,5;6;19;2;;;1;1;1;;;1;1
6;7;6;33;0;;1;1;MU-2;1,5;6;16;2;;;1;4;1;;;4;3
11;5;13;33;0;;3;2;No inventariada;;9;3;2;;;1;1;1;;;1;998
1;1;13;33;33040;;1;1;N-634;371,657;6;19;2;;;3;1;1;;;1;2
1;5;7;33;33040;;1;1;AS-357;4;6;13;2;;;1;6;1;;;4;3
1;3;19;33;33040;;1;1;AS-335;2,8;6;7;2;;;1;5;1;;;4;3
2;5;16;33;33040;;1;1;N-634;377,069;6;4;1;10;N-634;1;1;1;;;4;3
4;1;17;33;0;;1;1;C.V.S.D;0,8;10;2;1;2;;3;1;3;;;4;1
5;7;16;33;33040;;3;2;No inventariada;;9;12;1;1;;3;1;2;;;1;998
6;3;16;33;33040;;1;1;N-634;374,044;6;4;2;;;1;1;1;;;1;3
7;5;20;33;33040;;1;1;C.S.D.;0,7;6;1;2;;;3;1;3;;;4;3
8;4;10;33;33040;;1;1;N-634;372,2;6;18;2;;;3;1;3;;;4;2
8;2;12;33;33040;;1;1;N-634;379,95;6;3;1;1;;1;1;2;;;1;1
8;2;17;33;33040;;1;1;N-634;378,732;6;16;2;;;3;1;3;;;1;2
8;5;20;33;33060;;1;1;AS-338;6,8;6;13;2;;;1;1;1;;;4;2
9;4;7;33;33040;;1;1;N-634;371,235;6;1;2;;;3;6;3;;;1;2
9;4;7;33;33040;;1;1;NA-4;0,45;6;15;1;2;;3;2;3;;;1;3
10;5;7;33;33040;;1;1;N-634;379,851;6;2;1;2;NA-4;3;6;2;1;1;1;1
10;2;20;33;33040;;2;2;AS-251;7,9;6;7;2;;;3;4;4;;;5;1
11;6;3;33;33040;;1;1;N-634;373,222;5;19;2;;;3;6;1;;;18;1
5;2;19;33;33041;;1;1;NV-4;0,155;6;2;2;;;1;1;1;;;2;1
7;7;23;33;33041;;1;1;NV-2;1,1;6;1;2;;;1;6;7;;;1;1
8;1;11;33;33041;;1;1;A-8;471,772;3;4;2;;;1;1;1;;;1;1
10;6;12;33;33041;;1;1;NV-2;4,825;6;2;2;;;3;1;3;;;1;2
11;7;14;33;33041;;1;1;NV-2;3,809;6;2;1;2;;9;1;1;;;17;1
1;4;22;33;33042;;3;2;No inventariada;;9;7;1;2;;3;3;2;;;1;998
2;6;17;33;33042;;1;1;AS-376;18,975;6;19;2;;;1;1;1;;;1;1
3;3;17;33;33042;;1;1;AS-376;17,6;6;4;1;2;;1;1;1;;;6;3
5;2;10;33;33042;;1;1;AS-376;18,6;6;6;1;10;;1;1;1;;;1;1
7;2;19;33;33042;;1;1;AS-376;19;6;3;1;12;;1;1;1;;;1;1
7;3;16;33;33042;;1;1;AS-376;17,1;6;1;1;1;;1;1;2;;;4;3
11;2;14;33;33066;;1;1;N-634;394,515;6;4;1;2;;1;1;1;;;1;1
11;5;15;33;33066;;1;1;N-634;395,1;6;16;1;4;;1;1;1;;;1;2
4;3;16;33;0;;1;1;AS-114;15,42;6;16;1;2;;1;1;1;;;1;1
1;1;19;33;33044;;3;2;No inventariada;;9;4;2;;;1;4;1;;;1;998
1;2;22;33;33044;;1;1;A-66;41,1;3;3;2;;;3;4;3;;;1;2
1;5;7;33;33044;;3;2;No inventariada;;9;7;2;;;3;3;3;;;18;998
1;4;12;33;33044;;3;2;No inventariada;;9;2;1;4;;1;1;1;;;1;998
1;3;13;33;33044;;3;2;No inventariada;;9;7;2;;;1;1;1;;;1;998
1;5;19;33;33044;;1;1;N-634R;402;6;5;2;;;1;3;1;;;1;1
1;1;8;33;33044;;3;2;No inventariada;;9;7;1;1;;3;4;3;;;1;998
1;1;21;33;33044;;3;2;No inventariada;;9;2;1;4;;3;3;2;;;18;998
1;1;15;33;33044;;3;2;No inventariada;;9;7;2;;;1;1;1;;;1;998
1;1;9;33;33044;;3;2;No inventariada;;9;12;1;4;;8;1;3;;;1;998
1;2;14;33;33044;;3;2;No inventariada;;9;4;2;;;1;1;1;;;1;998
1;2;19;33;33044;;3;2;No inventariada;;9;4;2;;;1;4;1;;;1;998
2;5;22;33;33044;;3;2;No inventariada;;9;2;1;4;;1;4;1;;;1;998
1;2;17;33;33044;;3;2;No inventariada;;9;10;2;;;1;1;1;;;1;998
2;2;8;33;33044;;3;2;No inventariada;;9;7;1;1;;1;4;1;;;14;998
2;3;7;33;33044;;3;2;No inventariada;;9;7;2;;;1;4;1;;;1;998
2;2;10;33;33044;;3;2;No inventariada;;9;12;2;;;1;1;1;;;1;998
2;6;3;33;33044;;3;2;No inventariada;;9;7;2;;;3;4;3;;;1;998
2;5;16;33;33044;;1;1;N-634;418,598;6;2;1;2;AS-228;1;1;1;;;2;4
2;5;10;33;33044;;3;2;No inventariada;;9;16;2;;;1;1;1;;;1;998
2;2;8;33;33044;;3;2;No inventariada;;9;7;2;;;3;1;4;;;18;998
2;2;13;33;33044;;1;1;AS-II;1,5;8;16;1;10;;1;1;1;;;1;3
2;4;20;33;33044;;1;1;A-63;3,35;3;12;2;;;3;6;4;;;5;1
2;4;19;33;33044;;3;2;No inventariada;;9;7;2;;;3;4;4;;;18;998
3;1;21;33;33044;;3;2;No inventariada;;14;4;1;4;;1;4;1;;;1;998
3;3;19;33;33044;;1;1;A-63;7,878;3;12;2;;;1;6;1;;;18;1
3;3;20;33;33044;;3;2;No inventariada;;9;4;2;;;1;4;2;;;1;998
3;2;13;33;33044;;3;2;No inventariada;;9;7;1;1;;1;1;1;;;6;998
3;5;22;33;33044;;3;2;No inventariada;;9;10;1;2;;8;4;1;;;1;998
3;6;17;33;33044;;3;2;No inventariada;;9;20;1;1;;1;1;1;;;1;998
3;5;12;33;33044;;3;2;No inventariada;;9;2;2;;;3;1;3;;;1;998
3;2;17;33;33044;;3;2;No inventariada;;9;7;2;;;3;1;4;;;1;998
3;5;21;33;33044;;3;2;No inventariada;;9;20;1;4;;3;4;3;;;1;998
3;4;11;33;33044;;3;2;No inventariada;;9;2;1;4;N-634a;1;1;1;;;1;998
3;4;20;33;33044;;3;2;No inventariada;;9;4;2;;;3;4;3;;;1;998
3;5;16;33;33044;;3;2;No inventariada;;9;7;2;;;1;1;1;;;18;998
3;3;11;33;33044;;3;2;No inventariada;;9;20;1;2;;1;1;1;;;1;998
3;7;16;33;33044;;3;2;No inventariada;;9;16;2;;;1;1;1;;;1;998
4;3;7;33;33044;;1;1;A-66;32,5;3;2;2;;;1;2;2;;;1;1
4;1;18;33;33044;;1;1;AS-II;0,45;3;4;2;;;3;1;3;;;1;1
4;1;12;33;33044;;3;2;No inventariada;;9;4;1;4;;3;1;3;;;1;998
4;1;17;33;33044;;3;2;No inventariada;;9;10;2;;;3;1;4;;;5;998
4;3;0;33;33044;;3;2;No inventariada;;9;2;1;4;;1;4;1;;;5;998
4;2;22;33;33044;;3;2;No inventariada;;9;20;2;;;1;4;1;;;1;998
4;1;19;33;33044;;3;2;No inventariada;;9;7;2;;;1;1;1;;;1;998
4;2;15;33;33044;;3;2;No inventariada;;9;10;2;;;1;1;1;;;1;998
4;6;16;33;33044;;3;2;No inventariada;;9;4;2;;;1;1;7;;;1;998
4;5;9;33;33044;;3;2;No inventariada;;9;6;2;;;1;1;1;;;1;998
4;5;1;33;33044;;1;1;AS-354;3,5;6;10;2;;;1;6;1;;;4;1
4;5;11;33;33044;;3;2;No inventariada;;9;7;1;2;;1;1;1;;;1;998
4;1;14;33;33044;;3;2;No inventariada;;9;2;1;4;;1;1;1;;;1;998
4;2;7;33;33044;;3;2;No inventariada;;9;7;1;2;;1;1;1;;;6;998
4;1;12;33;33044;;3;2;No inventariada;;9;7;2;;;1;1;1;;;1;998
4;3;15;33;33044;;3;2;No inventariada;;9;4;1;2;;1;1;1;;;1;998
4;3;15;33;33044;;3;2;No inventariada;;9;2;1;4;;1;1;1;;;1;998
4;6;23;33;33044;;3;2;No inventariada;;9;4;2;;;1;4;1;;;18;998
4;4;23;33;33044;;3;2;No inventariada;;9;10;2;;;3;4;3;;;1;998
4;5;18;33;33044;;3;2;No inventariada;;9;14;2;;;3;1;3;;;18;998
4;6;14;33;33044;;3;2;No inventariada;;9;20;1;1;;3;1;4;;;1;998
4;5;22;33;33044;;3;2;No inventariada;;9;10;1;4;;3;4;3;;;1;998
4;2;15;33;33044;;1;1;A-63;1;8;4;1;12;N-630;3;1;4;;;4;2
5;5;21;33;33044;;3;2;No inventariada;;9;7;1;4;;3;4;7;;;18;998
5;1;12;33;33044;;3;2;No inventariada;;9;6;1;2;;1;1;1;;;18;998
5;3;10;33;33044;;3;2;No inventariada;;9;7;2;;;1;1;1;;;18;998
5;4;7;33;33044;;3;2;No inventariada;;9;10;2;;;1;1;1;;;1;998