MES;DIA_SEMANA;HORA;COD_PROVINCIA;COD_MUNICIPIO;ISLA;ZONA;ZONA_AGRUPADA;CARRETERA;KM;TIPO_VIA;TIPO_ACCIDENTE;NUDO;NUDO_INFO;CARRETERA_CRUCE;CONDICION_FIRME;CONDICION_ILUMINACION;CONDICION_METEO;CONDICION_NIEBLA;CONDICION_VIENTO;VISIB_RESTRINGIDA_POR;TRAZADO_PLANTA
5;3;15;33;33044;;3;2;No inventariada;;9;7;1;2;;1;1;1;;;1;998
5;5;9;33;33044;;3;2;No inventariada;;9;10;2;;;1;1;1;;;1;998
5;5;17;33;33044;;3;2;No inventariada;;9;2;1;2;;1;1;1;;;1;998
5;6;16;33;33044;;3;2;No inventariada;;9;16;2;;;1;1;1;;;1;998
5;2;7;33;33044;;3;2;No inventariada;;9;4;2;;;3;3;1;;;1;998
5;6;19;33;33044;;3;2;No inventariada;;9;10;2;;;3;1;3;;;3;998
5;3;10;33;33044;;3;2;No inventariada;;9;20;2;;;1;1;1;;;1;998
5;3;12;33;33044;;3;2;No inventariada;;9;7;1;2;;1;1;1;;;1;998
5;7;17;33;33044;;3;2;No inventariada;;9;2;1;1;;1;1;2;;;1;998
5;4;18;33;33044;;3;2;No inventariada;;9;10;2;;;3;1;3;;;1;998
5;1;19;33;33044;;1;1;AS-322;0,769;6;4;2;;;1;6;1;;;1;2
5;5;9;33;33044;;3;2;No inventariada;;9;7;2;;;1;1;1;;;1;998
5;7;15;33;33044;;3;2;No inventariada;;9;10;1;4;;3;1;3;;;1;998
5;1;10;33;33044;;3;2;No inventariada;;9;7;2;;;1;1;1;;;1;998
5;3;18;33;33044;;3;2;No inventariada;;9;1;2;;;1;1;1;;;4;998
5;5;21;33;33066;;1;1;A-66;24,25;3;4;2;;;1;1;1;;;1;1
5;5;12;33;33044;;3;2;No inventariada;;9;7;2;;;1;1;1;;;1;998
6;1;18;33;33044;;3;2;No inventariada;;9;4;2;;;1;1;1;;;1;998
6;5;8;33;33044;;3;2;No inventariada;;9;12;2;;;1;1;1;1;;1;998
6;6;15;33;33044;;3;2;No inventariada;;9;10;2;;;3;1;3;;;1;998
6;7;15;33;33044;;3;2;No inventariada;;9;10;2;;;1;1;1;;;1;998
6;7;19;33;33044;;3;2;No inventariada;;9;7;1;2;;1;1;1;;;1;998
6;3;9;33;33044;;3;2;No inventariada;;9;10;2;;;3;1;2;;;1;998
6;3;17;33;33044;;3;2;No inventariada;;9;2;1;4;;1;1;2;;;1;998
6;7;22;33;33044;;1;1;A-66;40,2;3;18;1;10;AS-116;1;4;1;;;4;2
6;7;15;33;33044;;3;2;No inventariada;;9;7;2;;;1;1;1;;;1;998
1;1;10;33;33044;;3;2;No inventariada;;9;7;1;1;;1;1;1;;;1;998
6;1;17;33;33044;;3;2;No inventariada;;9;2;1;1;;3;1;4;;;5;998
6;3;22;33;33044;;3;2;No inventariada;;9;4;1;4;;3;4;1;;;18;998
6;3;14;33;33044;;3;2;No inventariada;;9;10;1;4;;3;1;3;;;18;998
6;5;15;33;33044;;3;2;No inventariada;;9;10;1;2;;1;1;1;;;1;998
6;4;13;33;33044;;3;2;No inventariada;;9;2;1;4;;3;1;7;;;1;998
6;3;14;33;33044;;3;2;No inventariada;;9;2;1;4;;3;1;7;;;1;998
6;3;13;33;33044;;3;2;No inventariada;;9;3;2;;;3;1;7;;;1;998
6;7;0;33;33044;;3;2;No inventariada;;9;7;2;;;1;4;1;;;1;998
6;7;14;33;33044;;3;2;No inventariada;;9;4;2;;;1;1;1;;;1;998
4;3;21;33;33044;;3;2;No inventariada;;9;3;2;;;1;4;1;;;1;998
4;5;21;33;33044;;3;2;No inventariada;;9;4;2;;;1;4;1;;;1;998
6;2;14;33;33044;;3;2;No inventariada;;9;7;1;2;;1;1;1;;;1;998
4;2;7;33;33044;;3;2;No inventariada;;9;2;1;1;;3;1;2;;;1;998
5;5;21;33;33044;;3;2;No inventariada;;9;10;2;;;1;1;1;;;1;998
5;4;19;33;33044;;3;2;No inventariada;;9;4;2;;;1;1;1;;;1;998
4;1;19;33;33044;;3;2;No inventariada;;9;7;2;;;1;1;1;;;1;998
4;2;14;33;33044;;3;2;No inventariada;;9;7;1;2;;1;1;1;;;1;998
4;2;19;33;33044;;3;2;No inventariada;;9;4;1;4;;1;1;1;;;1;998
6;1;7;33;33044;;3;2;No inventariada;;9;2;1;4;;1;1;2;;;1;998
6;4;19;33;33044;;3;2;No inventariada;;9;5;2;;;1;1;2;;;1;998
6;1;9;33;33044;;3;2;No inventariada;;9;2;1;4;;1;1;1;;;1;998
6;4;20;33;33044;;3;2;No inventariada;;9;3;1;4;;3;1;3;;;1;998
7;1;15;33;33044;;3;2;No inventariada;;9;4;2;;;1;1;1;;;1;998
7;3;22;33;33044;;3;2;No inventariada;;9;7;2;;;1;2;1;;;1;998
7;2;12;33;33044;;3;2;No inventariada;;9;2;1;4;;1;1;1;;;18;998
7;3;7;33;33044;;3;2;No inventariada;;9;2;1;1;;1;1;1;;;18;998
6;5;8;33;33044;;3;2;No inventariada;;9;10;1;4;;3;1;3;;;1;998
7;1;9;33;33044;;3;2;No inventariada;;9;3;2;;;1;1;1;;;1;998
7;3;15;33;33044;;3;2;No inventariada;;9;16;2;;;1;1;1;;;4;998
7;6;19;33;33044;;1;1;SAN FRECHO;0,8;6;14;2;;;3;1;1;;;1;1
7;5;11;33;33044;;3;2;No inventariada;;9;2;1;4;;3;1;3;;;1;998
7;2;13;33;33044;;3;2;No inventariada;;9;4;2;;;1;1;1;;;1;998
7;2;15;33;33044;;3;2;No inventariada;;9;12;2;;;1;1;1;;;1;998
7;1;18;33;33044;;3;2;No inventariada;;9;10;2;;;1;1;1;;;1;998
7;7;19;33;33044;;3;2;No inventariada;;9;3;1;1;;1;1;1;;;1;998
7;3;7;33;33044;;3;2;No inventariada;;9;2;1;1;;1;1;2;;;1;998
7;3;12;33;33044;;3;2;No inventariada;;11;7;2;;;1;4;1;;;17;998
7;5;20;33;33044;;3;2;No inventariada;;9;7;2;;;1;1;1;;;1;998
7;6;19;33;33044;;3;2;No inventariada;;9;10;2;;;1;1;1;;;1;998
7;1;10;33;33044;;3;2;No inventariada;;9;7;2;;;1;1;1;;;1;998
7;2;18;33;33044;;1;1;AS-II;2;3;4;1;4;;3;1;3;;;18;1
7;1;13;33;33044;;3;2;No inventariada;;9;19;1;1;;1;1;1;;;1;998
7;1;20;33;33044;;3;2;No inventariada;;9;10;2;;;3;1;3;;;5;998
7;2;20;33;33044;;3;2;No inventariada;;9;4;2;;;1;1;1;;;1;998
8;5;15;33;33044;;3;2;No inventariada;;9;2;2;;;1;1;1;;;1;998
8;4;4;33;33044;;3;2;No inventariada;;9;10;2;;;3;4;3;1;;5;998
8;1;4;33;33044;;3;2;No inventariada;;9;15;2;;;1;3;1;;;1;998
8;1;15;33;33044;;3;2;No inventariada;;9;4;1;2;;1;1;1;;;1;998
8;5;16;33;33044;;1;1;C.S.D.;0,2;6;15;2;;;2;1;1;;;1;3
8;5;8;33;33044;;3;2;No inventariada;;9;7;2;;;1;1;1;;;1;998
8;6;17;33;33044;;3;2;No inventariada;;9;2;1;4;;1;1;1;;;1;998
1;2;21;33;33044;;3;2;No inventariada;;9;16;2;;;1;3;1;;;1;998
1;4;21;33;33044;;3;2;No inventariada;;9;6;2;;;1;4;1;;;1;998
2;1;14;33;33044;;3;2;No inventariada;;9;2;1;4;;1;1;1;;;1;998
2;6;1;33;33044;;3;2;No inventariada;;9;10;1;2;;1;4;7;;;1;998
6;6;6;33;33044;;1;1;N-634;402;6;1;1;4;;1;3;1;;;1;4
5;6;3;33;33044;;3;2;No inventariada;;9;10;1;1;;1;4;1;;;1;998
1;5;20;33;33044;;3;2;No inventariada;;9;4;2;;;1;4;1;;;1;998
2;5;21;33;33044;;3;2;No inventariada;;9;7;2;;;3;4;4;;;1;998
1;1;10;33;33044;;3;2;No inventariada;;9;7;2;;;1;1;1;;;1;998
1;3;8;33;33044;;3;2;No inventariada;;9;7;2;;;1;3;1;;;1;998
1;3;11;33;33044;;3;2;No inventariada;;9;7;1;1;;1;1;1;;;1;998
2;5;21;33;33044;;3;2;No inventariada;;9;4;2;;;1;4;1;;;1;998
2;6;17;33;33044;;3;2;No inventariada;;9;4;1;4;;1;1;1;;;1;998
2;7;19;33;33044;;3;2;No inventariada;;9;2;2;;;1;3;1;;;1;998
2;4;11;33;33044;;3;2;No inventariada;;14;2;1;4;;1;1;1;;;1;998
8;5;19;33;33044;;3;2;No inventariada;;9;10;1;5;;1;1;1;;;1;998
3;2;15;33;33044;;3;2;No inventariada;;9;7;2;;;1;1;1;;;1;998
3;3;19;33;33044;;3;2;No inventariada;;9;15;2;;;1;6;1;;;1;998
3;5;15;33;33044;;3;2;No inventariada;;9;7;1;4;;1;1;1;;;1;998
3;6;16;33;33044;;3;2;No inventariada;;9;7;2;;;1;1;1;;;1;998
3;1;10;33;33044;;3;2;No inventariada;;9;10;2;;;1;1;1;;;1;998
3;2;12;33;33044;;3;2;No inventariada;;9;10;2;;;1;1;1;;;1;998
3;4;7;33;33044;;3;2;No inventariada;;9;6;1;2;;1;1;1;;;1;998
3;4;13;33;33044;;3;2;No inventariada;;9;7;2;;;1;1;1;;;1;998
3;5;8;33;33044;;3;2;No inventariada;;9;10;1;4;;3;1;3;;;1;998
2;7;2;33;33044;;3;2;No inventariada;;14;12;2;;;9;3;7;;;18;998
8;1;7;33;33044;;3;2;No inventariada;;9;2;1;2;;1;1;1;;;1;998
8;1;0;33;33044;;3;2;No inventariada;;9;2;2;;;8;4;1;;;1;998
8;5;12;33;33044;;3;2;No inventariada;;9;7;2;;;1;1;1;;;1;998
1;6;20;33;33044;;3;2;No inventariada;;9;7;1;1;;3;3;3;;;18;998
1;6;12;33;33044;;3;2;No inventariada;;9;4;2;;;1;1;1;;;18;998
1;6;13;33;33044;;3;2;No inventariada;;9;7;1;1;;1;1;1;;;18;998
8;4;9;33;33044;;3;2;No inventariada;;9;4;2;;;1;1;1;;;18;998
8;1;16;33;33044;;3;2;No inventariada;;9;7;2;;;1;1;1;;;1;998
6;2;22;33;33044;;3;2;No inventariada;;14;2;1;2;;9;2;7;;;18;998
9;1;1;33;33044;;1;1;A-63;2,6;3;12;2;;;1;6;1;;;1;1
9;1;12;33;33044;;1;1;A-66;27,198;3;20;2;;;3;1;3;;;1;1
9;4;15;33;33044;;1;1;AS-375;7,95;5;12;2;;;3;1;3;;;1;2
9;2;10;33;33044;;3;2;No inventariada;;14;10;2;;;3;1;3;;;1;998
9;5;19;33;33044;;1;1;OV-1;3,95;6;16;1;1;;3;1;3;;;1;2
9;5;22;33;33044;;3;2;No inventariada;;9;10;1;2;;3;4;3;;;1;998
9;4;10;33;33044;;3;2;No inventariada;;9;7;2;;;3;1;3;;;1;998
8;4;18;33;33044;;3;2;No inventariada;;9;10;2;;;1;1;1;;;1;998
8;5;20;33;33044;;3;2;No inventariada;;9;7;2;;;1;1;1;;;1;998
8;5;12;33;33044;;3;2;No inventariada;;9;10;2;;;1;1;1;;;1;998
9;7;6;33;33044;;1;1;A-63;10,227;3;4;2;;;3;6;2;1;;1;3
6;2;23;33;33044;;3;2;No inventariada;;9;4;2;;;9;3;7;;;18;998
2;7;18;33;33044;;3;2;No inventariada;;9;7;1;1;;3;4;4;;;18;998
1;5;7;33;33044;;3;2;No inventariada;;9;7;2;;;9;3;7;;;1;998
7;7;21;33;33044;;3;2;No inventariada;;9;7;1;1;;1;1;1;;;1;998
9;5;8;33;33044;;3;2;No inventariada;;9;20;2;;;1;1;1;;;1;998
8;5;22;33;33044;;3;2;No inventariada;;14;3;2;;;1;3;1;;;1;998
9;2;14;33;33044;;3;2;No inventariada;;9;4;2;;;3;1;2;;;1;998
9;2;10;33;33044;;3;2;No inventariada;;9;3;1;4;;1;1;1;;;1;998
9;3;11;33;33044;;3;2;No inventariada;;9;10;1;2;;1;1;1;;;1;998
9;3;13;33;33044;;3;2;No inventariada;;9;4;2;;;3;1;3;;;1;998
9;5;18;33;33044;;3;2;No inventariada;;9;4;1;4;;1;1;1;;;1;998
9;1;21;33;33044;;1;1;A-66;33;3;6;2;;;1;6;1;;;1;3
9;2;17;33;33044;;3;2;No inventariada;;9;10;2;;;1;1;1;;;1;998
9;5;14;33;33044;;3;2;No inventariada;;9;7;1;2;;3;1;1;;;1;998
9;5;21;33;33044;;3;2;No inventariada;;9;7;2;;;3;4;3;;;1;998
9;4;21;33;33044;;3;2;No inventariada;;9;6;2;;;1;4;1;;;1;998
9;1;20;33;33044;;3;2;No inventariada;;9;7;2;;;1;3;1;;;1;998
9;5;1;33;33044;;3;2;No inventariada;;9;7;1;2;;1;4;1;;;1;998
9;3;22;33;33044;;1;1;AS-228;3,615;6;13;2;;;3;6;3;;;1;3
9;5;11;33;33044;;3;2;No inventariada;;14;2;2;;;1;1;1;;;1;998
9;5;8;33;33044;;3;2;No inventariada;;9;2;1;4;;1;1;1;;;1;998
9;5;14;33;33044;;3;2;No inventariada;;9;10;2;;;1;1;1;;;1;998
9;7;14;33;33044;;3;2;No inventariada;;9;2;1;1;;1;1;1;;;1;998
10;2;8;33;33044;;3;2;No inventariada;;9;5;2;;;1;1;1;;;1;998
2;6;14;33;33044;;3;2;No inventariada;;9;4;2;;;3;1;2;;;1;998
3;5;8;33;33044;;3;2;No inventariada;;9;3;1;1;;1;1;1;;;1;998
3;1;18;33;33044;;3;2;No inventariada;;9;4;1;4;;1;1;1;;;1;998
10;5;8;33;33044;;3;2;No inventariada;;9;7;1;2;;1;1;1;;;1;998
10;5;21;33;33044;;3;2;No inventariada;;9;7;2;;;1;4;1;;;1;998
10;2;20;33;33044;;1;1;A-66;41,5;3;2;2;;;3;4;3;;;1;1
10;2;10;33;33044;;3;2;No inventariada;;9;7;1;2;;1;1;1;;;1;998
9;7;18;33;33044;;1;1;C.S.D.;3,2;13;8;2;;;1;1;2;;;1;1
10;3;14;33;33044;;3;2;No inventariada;;9;2;1;4;;3;1;4;;;1;998
10;3;19;33;33044;;3;2;No inventariada;;9;7;2;;;3;1;3;;;1;998
10;4;10;33;33044;;3;2;No inventariada;;9;7;1;2;;1;1;1;;;1;998
10;3;9;33;33044;;3;2;No inventariada;;9;7;1;4;;9;3;7;;;18;998
10;2;13;33;33044;;3;2;No inventariada;;9;2;1;4;;1;1;1;;;1;998
10;6;20;33;33044;;1;1;A-66;41,5;3;16;2;;;1;4;2;;;1;3
10;4;9;33;33044;;3;2;No inventariada;;9;2;1;2;;1;1;1;;;18;998
10;6;22;33;33044;;3;2;No inventariada;;9;3;1;4;;1;4;1;;;1;998
10;3;18;33;33044;;1;1;C.V.S.D.;7;10;18;2;;;2;1;3;;;4;1
10;4;22;33;33044;;3;2;No inventariada;;9;2;1;1;;3;4;3;;;18;998
10;6;1;33;33044;;3;2;No inventariada;;14;10;2;;;3;4;3;;;1;998
10;2;11;33;33044;;3;2;No inventariada;;9;4;2;;;1;1;1;;;1;998
10;2;11;33;33044;;3;2;No inventariada;;9;10;2;;;3;1;3;;;1;998
10;5;17;33;33044;;3;2;No inventariada;;9;2;1;2;;1;1;1;;;1;998
10;5;16;33;33044;;3;2;No inventariada;;9;12;1;2;;1;1;2;;;1;998
10;4;22;33;33044;;3;2;No inventariada;;9;2;1;4;;3;4;1;;;1;998
10;2;13;33;33044;;3;2;No inventariada;;9;2;2;;;1;1;1;;;1;998
10;2;10;33;33044;;3;2;No inventariada;;9;3;1;2;;1;1;1;;;1;998
10;3;11;33;33044;;3;2;No inventariada;;9;4;1;4;;1;1;1;;;1;998
10;4;14;33;33044;;3;2;No inventariada;;14;2;1;4;;1;1;1;;;1;998
10;4;23;33;33044;;3;2;No inventariada;;9;6;1;2;;3;4;4;;;18;998
10;5;7;33;33044;;3;2;No inventariada;;9;7;2;;;1;1;1;;;3;998
10;6;20;33;33044;;1;1;A-63;9;8;8;2;;;1;6;2;;;1;1
10;7;16;33;33044;;3;2;No inventariada;;9;20;1;4;;1;1;1;;;1;998
10;1;8;33;33044;;3;2;No inventariada;;9;1;1;1;;1;1;1;;;1;998
10;2;9;33;33044;;3;2;No inventariada;;9;4;2;;;1;1;2;;;18;998
10;1;12;33;33044;;3;2;No inventariada;;9;5;1;1;;1;2;2;;;1;998
10;3;15;33;33044;;3;2;No inventariada;;9;2;1;4;;1;1;1;;;1;998
11;1;2;33;33044;;3;2;No inventariada;;9;10;2;;;1;4;1;;;18;998
11;1;10;33;33044;;3;2;No inventariada;;9;10;2;;;1;1;1;;;1;998
11;1;11;33;33044;;3;2;No inventariada;;9;7;2;;;1;1;1;;;1;998
11;2;8;33;33044;;3;2;No inventariada;;9;4;2;;;1;1;1;;;1;998
11;2;18;33;33044;;3;2;No inventariada;;9;7;2;;;1;3;1;;;1;998
11;2;9;33;33044;;3;2;No inventariada;;9;20;2;;;1;1;1;;;1;998
11;4;15;33;33044;;3;2;No inventariada;;9;2;2;;;1;1;1;;;1;998
11;4;18;33;33044;;3;2;No inventariada;;9;7;2;;;1;1;1;;;18;998
11;6;12;33;33044;;3;2;No inventariada;;9;7;2;;;1;1;1;;;1;998
11;6;13;33;33044;;3;2;No inventariada;;9;10;1;2;;3;1;2;;;1;998
10;4;17;33;33044;;3;2;No inventariada;;9;14;2;;;1;1;1;;;1;998
11;7;17;33;33044;;3;2;No inventariada;;9;12;2;;;1;1;1;;;1;998
11;6;11;33;33044;;3;2;No inventariada;;9;20;1;1;;1;1;1;;;1;998
11;4;0;33;33044;;3;2;No inventariada;;9;10;2;;;1;3;7;;;1;998
11;6;15;33;33044;;3;2;No inventariada;;9;3;1;1;;1;1;1;;;1;998
11;6;11;33;33044;;3;2;No inventariada;;9;7;1;2;;1;1;1;;;1;998
11;6;9;33;33044;;3;2;No inventariada;;9;7;2;;;1;1;1;;;1;998
11;3;10;33;33044;;3;2;No inventariada;;9;3;2;;;1;1;1;;;1;998
11;5;6;33;33044;;1;1;A-66;32,9;3;19;2;;;3;6;3;;;1;1
11;4;16;33;33044;;3;2;No inventariada;;9;2;1;4;;3;1;3;;;1;998
11;4;20;33;33044;;3;2;No inventariada;;9;7;1;4;;3;4;4;;;5;998
11;7;20;33;33044;;1;1;A-66;28,2;3;12;2;;;1;6;1;;;1;1
11;3;14;33;0;;1;1;A-66;38,768;3;15;2;;;1;1;1;;;1;2
11;2;9;33;33044;;3;2;No inventariada;;9;6;2;;;8;1;1;;;1;998
11;2;15;33;33044;;3;2;No inventariada;;9;7;2;;;1;4;1;;;1;998
11;4;17;33;0;;1;1;A-66;35;3;4;2;;;1;1;1;;;18;2
11;4;7;33;33044;;3;2;No inventariada;;9;7;2;;;1;4;1;;;1;998
11;2;19;33;33044;;3;2;No inventariada;;9;3;1;2;;1;1;1;;;1;998
11;4;13;33;33044;;3;2;No inventariada;;9;4;1;4;;1;1;1;;;1;998
11;4;17;33;33044;;3;2;No inventariada;;9;3;1;1;;1;1;1;;;1;998
11;6;19;33;33044;;1;1;A-63;1,035;3;18;2;;;1;6;1;;;18;3
11;5;8;33;33044;;3;2;No inventariada;;9;7;2;;;1;1;1;;;6;998
11;5;19;33;33044;;3;2;No inventariada;;9;4;2;;;1;4;1;;;1;998
12;2;15;33;33044;;3;2;No inventariada;;9;2;1;4;;3;1;3;;;1;998
12;3;8;33;33044;;3;2;No inventariada;;9;7;2;;;3;1;2;;;9;998
12;3;18;33;33044;;3;2;No inventariada;;9;4;2;;;1;4;1;;;1;998
11;7;22;33;33044;;3;2;No inventariada;;9;2;1;2;;1;4;1;;;18;998
12;4;12;33;33044;;3;2;No inventariada;;9;2;1;4;;1;1;1;;;1;998
12;5;12;33;33044;;3;2;No inventariada;;9;2;1;1;;1;1;1;;;1;998
12;6;14;33;33044;;3;2;No inventariada;;9;4;1;4;;3;1;3;;;18;998
12;7;15;33;33044;;1;1;A-66;28,224;2;16;2;;;3;1;4;;;1;1
12;3;12;33;33044;;2;2;N-634;0;6;4;2;;;1;1;1;;;1;1
11;6;12;33;33044;;3;2;No inventariada;;9;5;2;;;1;1;1;;;1;998
12;2;13;33;33044;;3;2;No inventariada;;9;2;1;4;;1;1;1;;;18;998
12;3;19;33;33044;;1;1;AS-II;0,8;3;4;2;;;1;5;2;;;1;1
12;4;0;33;33044;;3;2;No inventariada;;9;4;2;;;3;4;4;;;1;998
12;3;20;33;33044;;3;2;No inventariada;;9;7;1;4;;3;4;3;;;1;998
12;3;15;33;33044;;3;2;No inventariada;;9;7;1;2;;1;1;1;;;1;998
12;5;10;33;33044;;3;2;No inventariada;;9;2;1;4;;1;1;1;;;1;998
12;3;19;33;33044;;3;2;No inventariada;;9;7;2;;;1;4;3;;;1;998
12;5;16;33;33044;;3;2;No inventariada;;9;4;2;;;1;1;1;;;1;998
12;2;17;33;33044;;1;1;N-634;418,885;6;2;2;;;1;1;2;;;1;1
12;1;16;33;33044;;3;2;No inventariada;;9;20;2;;;3;1;3;;;1;998
12;2;6;33;33044;;3;2;No inventariada;;14;2;1;4;;1;4;1;;;1;998
3;6;21;33;33044;;3;2;No inventariada;;9;3;1;4;;3;4;4;;;18;998
12;7;23;33;33044;;3;2;No inventariada;;9;10;2;;;3;4;3;;;1;998
12;5;15;33;33044;;3;2;No inventariada;;9;7;2;;;1;1;1;;;1;998
12;1;20;33;33044;;1;1;A-63;6,35;3;4;2;;;1;4;1;;;1;1
12;7;12;33;33044;;3;2;No inventariada;;9;16;2;;;1;1;1;1;;1;998
12;5;20;33;33044;;3;2;No inventariada;;9;6;2;;;1;4;1;1;;18;998
12;6;16;33;33044;;3;2;No inventariada;;9;2;1;4;;1;1;1;;;1;998
12;1;12;33;33044;;3;2;No inventariada;;14;10;2;;;1;1;1;;;1;998
3;5;11;33;33045;;3;2;No inventariada;;9;7;2;;;3;1;2;;;1;998
6;7;20;33;33045;;1;1;PR-5;5,8;5;2;2;;;1;1;1;;;4;3
7;1;16;33;33045;;1;1;N-634;349,4;6;2;2;;;1;1;1;;;1;2
7;4;14;33;33012;;1;1;N-634;340,709;6;4;2;;;1;1;2;;;1;1
8;6;14;33;33045;;1;1;N-634;349,8;6;4;2;;;1;1;1;;;1;3
9;1;14;33;33045;;1;1;N-634;344,75;6;2;1;2;PR-5;1;1;1;;;2;3
10;5;14;33;33045;;1;1;N-625;157,3;6;3;1;2;;1;1;1;;;1;1
10;1;0;33;33045;;1;1;PR-4;0,182;6;17;2;;;3;4;1;;;1;1
9;1;8;33;33045;;3;2;No inventariada;;9;9;1;4;;1;1;2;1;;1;998
9;4;18;33;33045;;3;2;No inventariada;;9;7;2;;;1;1;1;1;;1;998
12;2;16;33;33045;;1;1;AS-260;4,928;6;19;2;;;8;1;1;;;1;2
7;1;17;33;0;;1;1;AS-114;46,6;6;6;2;;;3;1;3;;;1;1
7;1;18;33;0;;1;1;AS-114;46,6;6;6;2;;;3;1;3;;;18;1
2;2;13;33;0;;1;1;N-621;167,6;6;16;2;;;1;1;1;;;1;1
3;4;16;33;0;;1;1;N-621;179,561;6;7;2;;;1;1;2;;;1;1
5;6;14;33;0;;1;1;N-621;173,8;6;17;2;;;1;1;1;;;1;2
6;4;12;33;0;;2;2;SIN DENOMI;0,6;10;13;2;;;1;1;2;;;1;1
11;6;23;33;0;;1;1;N-621;176,081;6;19;1;2;AS-114;3;4;3;;;2;2
9;1;13;33;0;;1;1;AS-12;55,4;6;16;2;;;1;1;1;;;4;3
3;1;15;33;33049;;1;1;N-634;351,24;6;2;2;;;1;1;1;;;1;1
3;5;13;33;33049;;1;1;N-634;352,543;6;2;2;;;1;1;2;;;1;1
3;5;12;33;33049;;2;2;N-634;356,85;6;4;2;;;1;1;1;;;1;1
5;3;14;33;33049;;3;2;No inventariada;;9;10;1;1;;8;1;3;;;1;998
5;2;19;33;33049;;1;1;C.S.D.;363,5;6;16;2;;;1;1;1;;;1;2
5;4;23;33;33049;;1;1;N-634;365,125;6;2;1;2;AS-255;1;6;1;;;1;1
6;1;15;33;33049;;1;1;N-634;365,104;6;2;1;2;AS-255;1;1;1;;;1;1
6;6;6;33;33049;;1;1;C.S.D.;1,445;14;18;2;;;3;6;3;;;4;3
6;2;16;33;33049;;1;1;N-634;367,8;6;1;2;;;1;1;1;;;1;3
7;7;18;33;33049;;1;1;AS-258;22,7;6;4;2;;;1;1;1;;;4;2
8;5;11;33;33049;;1;1;AS-258;23,272;6;4;2;;;1;1;1;;;1;1
9;7;18;33;33049;;1;1;AS-255;15,019;6;18;2;;;1;1;1;;;1;3
9;6;9;33;0;;1;1;AS-255;12,151;6;10;2;;;3;1;2;;;1;3
9;1;15;33;33049;;1;1;PI-7;0,6;6;18;2;;;1;1;1;;;1;1
11;4;18;33;33049;;1;1;CARRETERA;1,4;6;19;2;;;3;6;1;;;1;3
11;3;17;33;33049;;1;1;N-634;360,309;6;2;1;2;PI-5;1;2;1;;;1;2
12;4;15;33;33049;;1;1;N-634;366,492;6;4;2;;;1;1;2;;;1;1
12;3;14;33;33049;;1;1;PI-5;2,338;6;1;2;;;3;1;2;;;4;2
12;6;20;33;33049;;1;1;C.S.D;1,4;6;13;2;;;1;6;2;;;1;1
12;6;17;33;33049;;3;2;No inventariada;;9;16;1;2;;1;4;2;;;1;998
2;5;18;33;0;;1;1;PO-2;11,8;6;16;2;;;1;3;1;;;1;2
8;6;17;33;0;;1;1;N-625;134,25;6;20;2;;;3;1;4;;;5;1
1;3;15;33;33051;;1;1;AS-369;23,8;6;20;2;;;1;1;1;;;1;2
2;6;13;33;33051;;3;2;No inventariada;;9;3;2;;;3;1;4;;;18;998
3;1;15;33;33051;;1;1;AS-368;1,5;6;1;2;;;1;1;1;;;12;2
3;4;20;33;33051;;3;2;No inventariada;;9;7;1;2;;3;3;7;;;18;998
4;4;7;33;33051;;1;1;AS-347;0,2;6;7;2;;;1;1;7;;;5;1
4;7;20;33;33051;;1;1;C.S.D.;0,8;6;17;2;;;1;1;2;2;;5;1
4;4;10;33;33051;;3;2;No inventariada;;9;7;1;4;;1;1;2;;;1;998
5;4;16;33;33051;;1;1;AS-236;8,35;6;17;2;;;1;1;2;;;1;3
6;5;15;33;33051;;1;1;CSD;1;6;2;1;2;;3;1;2;;;12;1
7;2;11;33;33051;;1;1;AS-16;7,164;6;10;2;;;1;1;1;;;1;1
8;1;10;33;33051;;1;1;AS-16;4,954;6;18;2;;;1;1;1;;;1;3
9;5;22;33;33051;;1;1;AS-347;0,1;6;7;1;2;;3;4;3;;;1;1
9;1;21;33;33051;;1;1;AS-16;16,3;6;8;2;;;1;6;1;;;12;3
9;5;15;33;33051;;1;1;AS-16;11,174;6;15;2;;;1;1;1;;;1;1
10;1;0;33;0;;1;1;N-632;110,242;6;3;2;;;1;5;1;;;1;2
12;4;15;33;33051;;1;1;PV-2;2,1;6;18;2;;;3;1;1;;;1;3
12;4;19;33;33051;;1;1;AS-16;7,4;6;1;1;2;;1;4;2;;;1;3
12;5;14;33;33051;;1;1;AS-236;10,39;6;2;1;2;;1;1;1;;;2;3
12;5;21;33;33051;;1;1;AS-16;11;6;8;2;;;9;6;7;;;18;1