MES;DIA_SEMANA;HORA;COD_PROVINCIA;COD_MUNICIPIO;ISLA;ZONA;ZONA_AGRUPADA;CARRETERA;KM;TIPO_VIA;TIPO_ACCIDENTE;NUDO;NUDO_INFO;CARRETERA_CRUCE;CONDICION_FIRME;CONDICION_ILUMINACION;CONDICION_METEO;CONDICION_NIEBLA;CONDICION_VIENTO;VISIB_RESTRINGIDA_POR;TRAZADO_PLANTA
5;6;12;33;0;;1;1;AS-228;13,8;6;10;2;;;1;1;1;;;1;1
7;1;13;33;0;;1;1;AS-228;17;6;10;2;;;1;1;1;;;1;1
7;3;9;33;0;;1;1;AS-228;17;6;6;2;;;1;1;1;;;1;2
8;6;17;33;0;;1;1;AS-230;8,161;6;15;2;;;1;1;1;;;1;2
9;7;12;33;0;;1;1;AS-229;5,8;6;2;1;2;;1;1;1;;;1;1
9;2;17;33;0;;1;1;AS-229;9,4;6;16;2;;;1;1;1;;;1;1
1;2;14;33;0;;1;1;AS-372;0,5;6;2;1;1;;1;1;1;;;1;3
3;5;17;33;0;;1;1;AS-233;13,331;6;18;2;;;3;1;3;;;4;3
4;4;12;33;33035;;1;1;AS-233;12,9;6;8;2;;;1;1;1;;;4;1
6;2;15;33;0;;1;1;AS-371;7,8;6;19;2;;;9;1;2;;;1;3
7;6;13;33;0;;1;1;AS-233;17,9;6;10;2;;;2;1;1;;;18;1
9;2;9;33;0;;1;1;AS-371;7,7;6;15;2;;;8;1;2;;;18;2
3;1;13;33;0;;1;1;RD-3;1,9;6;19;2;;;1;1;2;;;1;1
3;4;12;33;0;;1;1;N-634;283,441;6;3;1;2;RD-1;1;1;2;;;1;1
7;2;18;33;0;;1;1;AS-344;0,8;6;17;2;;;3;1;2;;;1;3
7;5;17;33;0;;1;1;N-634;284,5;6;4;2;;;1;1;2;;;1;1
7;6;11;33;0;;1;1;N-634;283,3;6;1;1;2;RD-2;1;1;1;;;1;1
9;1;18;33;0;;2;2;AS-344;0,001;6;10;2;;;1;1;1;;;1;1
2;5;21;33;33056;;1;1;C.V.S.D.;0,5;10;16;2;;;3;6;3;;;1;1
2;1;12;33;33056;;1;1;N-634;327;8;10;1;4;N-632;8;1;2;;;1;4
3;6;19;33;33056;;2;2;N-632;3,1;6;4;2;;;1;4;1;;;1;1
5;3;19;33;33056;;3;2;No inventariada;;9;10;2;;;1;1;1;;;6;998
5;6;23;33;33056;;1;1;N-634;328,1;6;10;2;;;3;6;2;;;1;2
5;6;17;33;33056;;1;1;N-634;328,1;6;2;1;2;;1;1;1;;;1;1
5;2;16;33;33056;;2;2;N-632;3;6;7;2;;;1;1;1;;;1;1
6;4;9;33;33056;;1;1;A-8;318,1;3;4;2;;;1;1;1;;;1;1
7;7;15;33;33056;;1;1;AS-341;6,7;6;1;2;;;1;1;2;;;12;3
7;3;11;33;33056;;1;1;A-8;326;3;4;1;4;;1;1;2;;;1;3
8;3;16;33;33056;;1;1;A CASERÍO;0,1;10;17;2;;;2;1;2;;;1;1
8;4;14;33;33056;;1;1;N-632;12,468;6;19;2;;;1;1;1;;;1;1
8;1;10;33;33056;;1;1;A-8;316,8;3;4;2;;;1;1;1;;;1;1
11;3;11;33;33056;;3;2;No inventariada;;9;7;1;1;;1;1;1;;;18;998
11;4;13;33;33056;;2;2;N-632;2,5;5;7;2;;;1;1;1;;;6;1
11;2;10;33;33056;;1;1;C.S.D.;0,5;10;1;2;;;3;1;2;;;1;1
12;3;10;33;33056;;3;2;No inventariada;;14;7;1;2;;3;1;1;;;18;998
2;4;9;33;0;;1;1;CSV;0,2;14;2;1;2;;1;1;2;;;4;1
3;6;15;33;0;;1;1;A-66;35,52;3;12;1;10;N-630;3;1;4;;;5;3
3;4;12;33;0;;1;1;N-630;35,566;6;3;1;4;N-630;1;1;1;;;1;1
5;6;16;33;0;;1;1;CARRETERA;0,1;6;10;2;;;1;1;1;;;4;3
7;2;13;33;0;;1;1;C.S.D.;0;6;7;2;;;1;1;1;;;1;1
7;3;14;33;33044;;1;1;AS-360;1,143;6;10;2;;;1;1;1;;;1;1
8;1;10;33;0;;1;1;A-66;36,377;3;15;2;;;3;1;3;;;1;2
10;3;10;33;0;;1;1;CALLE CARL;36;10;10;2;;;1;1;1;;;1;1
3;4;10;33;0;;1;1;AS-231;9,5;5;19;2;;;2;1;1;;;1;2
1;1;18;33;0;;1;1;N-634;442,809;6;2;1;1;AS-16;3;4;3;;;1;3
4;7;10;33;0;;1;1;AS-15;22,3;6;19;2;;;1;1;1;;;18;2
4;2;19;33;0;;1;1;S/D VILLAZ;0,1;6;2;2;;;3;1;2;;;4;3
5;4;17;33;0;;1;1;AS-15;4,744;6;2;2;;;1;1;1;;;4;3
6;6;10;33;0;;1;1;AS-216;0,5;6;19;2;;;1;1;1;;;1;1
6;3;16;33;0;;1;1;AS-15;3,8;6;18;2;;;1;1;1;;;1;3
6;4;16;33;0;;1;1;N-634;460,5;6;2;2;;;3;1;3;2;;5;2
7;2;17;33;0;;1;1;N-634;450,21;6;16;2;;;1;1;2;;;1;2
7;2;10;33;0;;1;1;N-634;461,421;6;4;2;;;1;1;1;;;1;1
7;4;16;33;0;;1;1;AS-369;11,2;6;17;2;;;1;1;2;;;1;1
8;4;16;33;0;;1;1;N-634;462,3;6;12;2;;;3;1;3;1;;1;3
9;7;12;33;0;;1;1;N-634;442;6;19;2;;;1;1;1;;;1;3
9;7;17;33;0;;1;1;N-634a;451,2;6;14;2;;;1;1;1;;;1;1
10;4;10;33;0;;1;1;AS-216;0,5;6;4;2;;;1;1;2;;;1;3
12;5;14;33;0;;1;1;N-634;450,361;6;4;2;;;1;1;1;;;1;1
12;6;20;33;0;;1;1;AS-15;14,6;6;16;1;2;;1;6;2;;;1;1
1;4;8;33;33060;;3;2;No inventariada;;9;7;2;;;3;1;3;;;1;998
1;5;11;33;33060;;1;1;AS-387;3,3;6;2;1;2;;3;1;1;;;1;1
1;5;17;33;33060;;2;2;AS-387;0,5;6;7;2;;;1;1;1;;;1;1
2;1;16;33;33060;;1;1;SM-2;0,05;6;18;2;;;1;1;1;;;1;3
4;2;21;33;33060;;2;2;AS-387;4,7;6;7;2;;;1;3;1;;;1;1
5;5;21;33;33060;;2;2;AS-387;1,42;6;2;1;2;;3;4;3;;;1;1
5;4;20;33;33060;;3;2;No inventariada;;9;10;2;;;1;3;7;;;1;998
5;4;12;33;33060;;3;2;No inventariada;;9;4;2;;;3;1;2;;;1;998
6;4;21;33;33060;;2;2;AS-387;6,5;6;10;1;2;;3;4;2;;;1;1
6;1;17;33;33060;;1;1;AS-338;0,8;6;19;2;;;1;1;2;;;4;1
6;4;13;33;33060;;3;2;No inventariada;;9;20;2;;;3;1;3;;;1;998
6;3;7;33;33060;;1;1;SM-1;1,8;6;16;2;;;1;2;1;;;1;1
7;2;13;33;33060;;2;2;AS-387;0,6;6;2;1;2;;1;1;1;;;1;1
7;5;9;33;33060;;1;1;AS-117;12,9;6;16;2;;;1;1;1;;;1;1
8;5;12;33;33060;;1;1;AS-119;0,5;6;10;2;;;7;1;3;;;18;2
7;4;20;33;33060;;2;2;AS-387;4,5;6;4;2;;;1;1;1;;;1;1
9;5;13;33;33060;;1;1;SM-5;0,4;6;2;1;2;;1;1;1;;;3;1
10;1;2;33;33060;;2;2;AS-387;6,2;6;6;1;4;;1;4;1;;;1;1
10;1;16;33;33060;;2;2;AS-387;2,936;6;2;2;;;1;1;1;;;18;2
12;3;3;33;33060;;2;2;AS-387;1,042;6;3;1;1;;1;4;2;1;;1;1
8;5;20;33;0;;1;1;AS-11;30,424;6;17;2;;;1;1;1;;;4;3
4;7;12;33;0;;1;1;C.S.D.;2,75;6;9;2;;;2;1;1;;;4;3
6;7;20;33;0;;3;2;No inventariada;;14;7;2;;;1;1;1;;;1;998
8;2;23;33;0;;1;1;ST-1;0,678;6;17;2;;;1;4;1;;;1;1
2;7;19;33;0;;1;1;AS-380;2,586;6;8;1;1;A-64;3;4;3;;;1;1
7;3;15;33;0;;1;1;AS-380;5,6;6;7;2;;;1;1;1;;;1;1
7;3;12;33;33076;;1;1;AS-380;8;6;9;2;;;1;1;1;;;1;1
8;7;12;33;0;;1;1;AS-380;7,496;6;6;2;;;1;1;2;;;1;3
12;1;14;33;0;;1;1;C.S.D.;1,1;6;13;2;;;2;1;1;;;1;3
1;4;14;33;33066;;1;1;AS-17;31,5;5;7;2;;;8;1;3;;;1;1
1;4;12;33;33066;;1;1;N-634;399,92;6;4;1;4;AS-383;3;1;3;;;1;1
2;5;16;33;33066;;1;1;AS-377;16,975;6;18;2;;;1;1;1;;;1;3
2;4;17;33;33066;;1;1;AS-17;23;5;4;1;4;;1;1;1;;;1;1
2;1;18;33;33066;;1;1;AS-17;23,05;6;2;1;4;;1;2;1;;;1;1
2;4;16;33;33066;;3;2;No inventariada;;14;7;1;2;;1;1;1;;;18;998
1;1;21;33;33066;;3;2;No inventariada;;9;7;1;1;;3;4;3;;;1;998
2;2;8;33;33066;;1;1;A-64;26,133;3;4;2;;;1;1;1;;;6;1
2;2;8;33;33066;;1;1;A-64;26,244;3;4;2;;;1;2;1;;;6;1
2;3;7;33;33066;;1;1;AS-17;22,9;6;2;1;4;AS-381;1;2;2;;;1;2
2;2;14;33;33066;;3;2;No inventariada;;9;20;2;;;9;1;7;;;1;998
2;4;15;33;33066;;3;2;No inventariada;;9;7;2;;;3;1;4;;;5;998
2;6;7;33;33066;;1;1;AS-I;24,9;3;12;2;;;3;6;3;;;5;1
2;1;9;33;33066;;1;1;A-64;29,5;3;15;2;;;3;1;4;;;5;1
3;5;9;33;33066;;1;1;N-634;391,7;6;2;1;2;;1;1;1;;;1;1
3;2;22;33;33066;;1;1;SI-16;1,2;6;8;2;;;1;6;1;;;1;1
3;2;15;33;33066;;1;1;AS-I;14;3;19;1;4;;1;1;1;;;1;2
3;4;13;33;33066;;1;1;AS-378;5,2;6;3;2;;;1;1;1;;;2;3
3;4;12;33;33066;;1;1;CSD;2,1;14;10;1;4;;1;1;2;;;1;3
3;7;18;33;33066;;1;1;C.S.D.;1,3;6;12;1;2;;1;1;1;;;1;3
3;1;8;33;33066;;3;2;No inventariada;;9;2;1;4;;1;1;1;;;18;998
3;3;18;33;33066;;3;2;No inventariada;;11;7;1;1;;3;2;4;;;5;998
4;6;12;33;33066;;1;1;AS-324;9,161;6;2;1;2;AS-378;1;1;2;;;1;1
4;1;9;33;33066;;1;1;AS-378;10,3;6;2;2;;;1;1;2;;;1;3
4;5;19;33;33066;;1;1;AS-381;0,05;6;4;2;;;1;1;1;;;1;1
4;1;9;33;33066;;3;2;No inventariada;;9;20;1;2;;3;1;2;;;1;998
4;5;10;33;33066;;1;1;N-634;395,229;6;3;1;4;N-634a;1;1;1;;;1;1
4;2;15;33;33066;;1;1;N-634;392,442;5;1;1;2;;3;1;3;;;1;1
4;5;20;33;33066;;1;1;AS-376;20,2;6;10;1;4;;1;1;1;;;1;2
4;2;17;33;33066;;1;1;AS-378;0,3;6;16;2;;;3;1;3;;;4;3
4;7;3;33;33066;;1;1;AS-376;11,5;6;14;2;;;1;6;1;;;1;1
5;5;10;33;33066;;1;1;A-64;29,251;3;4;2;;;1;1;1;;;1;1
5;6;19;33;33066;;1;1;A-64;30;3;4;1;2;C.S.D;1;1;2;;;1;1
5;5;10;33;33066;;1;1;A-64;29,1;3;5;2;;;1;1;1;;;1;1
5;2;5;33;33066;;1;1;A-64;26,8;3;8;2;;;1;6;2;;;4;1
5;6;13;33;33066;;3;2;No inventariada;;9;2;2;;;1;1;1;;;1;998
5;2;13;33;33066;;1;1;AS-381;0,6;6;4;1;2;AS-17;1;1;2;;;1;1
5;6;14;33;33066;;1;1;A-64;18,9;3;4;2;;;3;1;4;;;5;1
5;5;19;33;33066;;1;1;A-64;30,7;3;5;1;10;C.S.D.;1;1;2;;;1;1
5;2;13;33;33066;;1;1;N-634;395,231;6;2;1;4;N-634;3;1;4;;;1;1
5;3;18;33;33066;;1;1;C.V.S.D.;2,2;10;9;2;;;2;1;2;;;1;3
5;3;11;33;33066;;3;2;No inventariada;;9;7;1;2;;9;1;2;;;18;998
6;6;14;33;33066;;1;1;AS-385;1,95;6;2;1;4;;1;1;1;;;1;2
5;5;15;33;33066;;3;2;No inventariada;;11;2;1;1;;1;1;1;;;1;998
6;1;18;33;33066;;1;1;N-634;395,524;6;20;2;;;1;1;1;;;1;1
6;3;16;33;33066;;1;1;AS-17;27;6;2;1;1;C.S.D.;1;1;1;;;1;1
6;7;12;33;33066;;1;1;AS-376;9,8;6;3;2;;;1;1;1;;;1;1
6;1;19;33;33066;;1;1;CVSD;0,8;10;19;2;;;8;1;2;;;1;1
6;7;14;33;33066;;1;1;C.S.D;1,6;6;2;2;;;1;1;1;;;4;3
6;3;18;33;33066;;1;1;N-634;399,008;6;4;1;2;;3;1;3;;;1;1
6;6;21;33;33066;;1;1;N-634;384,906;6;4;1;2;AS-380;1;1;1;;;1;1
6;3;0;33;33066;;1;1;AS-I;22;3;4;2;;;3;6;3;;;5;1
6;4;19;33;33066;;1;1;AS-17;23,3;6;3;2;;;9;1;3;;;18;1
7;2;5;33;33066;;1;1;A-64;30,6;3;15;2;;;1;5;1;;;18;1
7;1;22;33;33066;;3;2;No inventariada;;7;20;1;4;;1;5;1;;;1;998
7;3;12;33;33066;;1;1;N-634;390,441;6;3;1;4;A-64;1;1;1;;;1;2
6;6;20;33;33066;;1;1;AS-376;20,3;6;2;1;6;;1;1;2;;;1;2
7;2;17;33;33066;;1;1;CAMINO VAL;0,06;6;19;2;;;1;1;1;;;1;3
7;1;9;33;33066;;3;2;No inventariada;;9;10;2;;;1;1;7;;;1;998
7;7;23;33;33066;;1;1;SI-8;2,8;6;8;2;;;1;6;1;;;18;1
7;5;19;33;33066;;1;1;A-66;24,118;3;15;1;10;A-64;1;1;1;;;1;3
7;7;17;33;33066;;1;1;N-634;392,4;6;4;2;;;1;1;1;;;1;1
7;7;9;33;33066;;3;2;No inventariada;;9;7;1;2;;1;1;1;;;1;998
8;3;19;33;33066;;1;1;LEROY MERL;0,1;11;7;2;;;1;1;2;;;1;1
8;4;20;33;33066;;1;1;A-66;23,7;3;4;2;;;1;1;2;;;1;1
8;4;7;33;33066;;1;1;AS-I;23;3;12;2;;;1;2;1;;;1;3
8;2;11;33;33066;;1;1;C.S.D.;0;6;14;2;;;3;1;3;;;1;3
8;4;12;33;33066;;1;1;AS-376;12,95;6;2;1;5;SI-15;1;1;1;;;1;1
8;4;22;33;33066;;1;1;SI-11;0,25;6;3;2;;;1;6;1;;;1;1
8;4;16;33;33066;;1;1;AS-17;22,931;6;4;2;;;1;1;1;;;1;1
8;7;1;33;33066;;1;1;N-634;391,512;5;16;2;;;1;6;2;;;1;1
8;5;18;33;33066;;1;1;AS-377;16,724;6;16;2;;;1;1;1;;;1;2
9;1;8;33;33066;;1;1;AS-383;3,497;6;12;2;;;1;1;2;;;18;1
8;2;13;33;33066;;3;2;No inventariada;;9;10;2;;;9;1;7;;;1;998
8;5;8;33;33066;;3;2;No inventariada;;11;10;2;;;1;1;1;;;1;998
9;4;18;33;33066;;1;1;N-634;396,75;6;12;2;;;3;1;2;;;4;3
9;7;20;33;33066;;1;1;SI-8;0,849;6;2;1;2;SI-8;1;1;1;;;1;1
9;2;12;33;33066;;3;2;No inventariada;;9;7;2;;;1;1;7;;;1;998
9;1;11;33;33066;;1;1;A-64;20,5;3;10;2;;;3;1;4;;;5;3
9;6;11;33;33066;;1;1;AS-383;2,1;6;2;1;4;SI-2;1;1;1;;;1;2
9;7;23;33;33066;;3;2;No inventariada;;9;10;1;2;;1;4;1;;;1;998
10;4;18;33;33066;;1;1;A-64;30;8;4;1;2;;1;1;1;;;1;3
10;6;8;33;33044;;1;1;AS-II;2,8;3;18;2;;;1;6;1;;;1;1
10;5;21;33;33066;;1;1;A-64;23,91;3;4;2;;;1;6;2;;;1;1
10;2;10;33;33066;;1;1;AS-II;4;8;12;2;;;3;1;3;;;1;2
10;2;7;33;33066;;1;1;A-64;29,6;3;5;2;;;1;2;2;;;1;1
10;6;11;33;33066;;1;1;A-64;31,526;3;4;2;;;1;1;1;;;4;1
11;5;12;33;33066;;1;1;AS-376;8,6;6;10;2;;;1;1;1;;;1;1
11;7;18;33;33066;;1;1;N-634;381,09;6;4;1;2;;1;6;1;;;1;1
10;3;11;33;33066;;3;2;No inventariada;;9;7;2;;;1;1;1;;;1;998
11;3;8;33;33066;;1;1;AS-17;22,718;3;5;2;;;1;1;1;;;1;1
11;3;19;33;33066;;3;2;No inventariada;;9;10;2;;;9;4;7;;;1;998
11;3;13;33;33066;;1;1;N-634;392,4;4;3;1;2;;1;1;2;;;1;1
11;5;14;33;33066;;1;1;SI-14;3,045;6;10;2;;;8;1;1;;;1;1
11;5;23;33;33066;;1;1;AS-381;0,665;6;14;2;;;1;4;1;;;1;1
11;6;12;33;33066;;1;1;A-64;29,9;3;4;2;;;1;1;2;;;18;1
11;1;12;33;33066;;3;2;No inventariada;;11;2;1;1;;1;1;1;;;1;998
11;4;20;33;33066;;3;2;No inventariada;;9;7;2;;;3;4;4;;;5;998
12;1;19;33;33066;;1;1;N-634;395,235;6;2;1;4;N-634a;1;6;1;;;1;1
12;5;20;33;33066;;3;2;No inventariada;;9;7;1;1;;1;4;1;;;1;998
12;7;8;33;33066;;1;1;AS-331;4,1;6;19;2;;;3;6;1;;;1;1
12;5;8;33;33066;;1;1;A-64;26,559;3;4;1;2;AS-17;3;1;1;;;4;2
12;4;13;33;33066;;1;1;N-634;383,8;6;4;2;;;1;1;1;;;1;1
12;5;19;33;33066;;1;1;SI-14;2,943;6;19;2;;;1;6;2;;;5;3
1;4;15;33;0;;1;1;AS-117;27;6;19;2;;;3;1;3;;;1;3
4;1;21;33;0;;1;1;AS-117;27;6;18;2;;;3;4;2;;;1;2
7;3;11;33;0;;1;1;AS-117;28,1;6;19;2;;;1;1;1;;;18;1
8;1;9;33;0;;1;1;AS-117;30,02;6;19;2;;;3;1;1;;;1;3
9;1;19;33;0;;1;1;AS-117;27;6;1;2;;;3;1;3;;;1;2
10;7;17;33;0;;1;1;AS-117;27,021;6;18;2;;;3;1;3;;;1;3
8;6;9;33;0;;1;1;C.S.D.;8,2;6;10;2;;;1;1;1;;;1;1
8;6;12;33;0;;1;1;AS-227;37,75;6;16;2;;;1;1;1;;;4;3
9;6;20;33;0;;1;1;AS-227;26,15;6;19;2;;;1;6;2;;;1;3
11;7;12;33;0;;1;1;SD-1;4,2;6;19;2;;;1;1;1;;;1;3
1;5;20;33;0;;1;1;SB-1;1;6;19;2;;;8;6;1;;;1;1
2;4;15;33;0;;3;2;No inventariada;;9;2;2;;;3;1;3;;;1;998
2;4;18;33;33016;;1;1;A-8;414,933;3;15;2;;;7;2;3;;;4;3
3;2;15;33;0;;1;1;AS-16;1,382;6;4;1;2;;1;1;1;;;1;1
5;7;22;33;0;;1;1;A-8;420,9;3;3;2;;;1;6;2;;;1;1
5;2;16;33;0;;1;1;AS-16;2,2;6;1;2;;;1;1;1;;;1;1
5;3;17;33;0;;1;1;AS-16;1,8;6;1;1;4;A-8;1;1;1;;;1;1
6;7;18;33;0;;1;1;N-632;111,9;6;16;2;;;3;1;2;;;1;2
11;5;9;33;0;;1;1;N-632;113,39;6;18;2;;;1;1;1;;;1;2
11;6;11;33;0;;1;1;AS-16;3,6;6;18;2;;;1;1;1;;;1;3
12;2;13;33;0;;1;1;AS-16;2,338;6;16;2;;;3;1;3;;;1;3
12;4;11;33;0;;1;1;AS-16;0,127;6;2;2;;;1;1;1;;;1;1
1;2;9;33;0;;1;1;N-634;547,295;6;4;1;2;;3;1;3;;;1;1
1;2;17;33;0;;3;2;No inventariada;;9;7;2;;;1;1;1;;;1;998
2;2;16;33;0;;1;1;A-8;501,2;8;12;1;10;;1;1;2;;;1;3
7;4;19;33;0;;1;1;AS-23;2,5;6;4;1;4;;1;1;1;;;1;1
8;2;22;33;0;;1;1;A-8;501,1;3;2;2;;;1;5;1;;;1;1
9;2;8;33;0;;1;1;C.S.D.;5,861;6;1;2;;;3;1;2;;;12;3
8;4;19;33;0;;1;1;C.S.D.;1,1;6;19;2;;;2;1;1;;;4;3
9;6;17;33;0;;1;1;AS-21;8,98;6;19;2;;;1;1;1;;;1;2
6;6;11;33;0;;1;1;AS-265;4,2;6;8;2;;;1;1;1;;;1;1
7;5;21;33;0;;1;1;AS-265;7,133;6;14;2;;;3;1;2;1;;18;1
7;7;18;33;0;;1;1;AS-228;39,087;6;2;2;;;1;1;1;;;12;3
8;5;20;33;0;;1;1;AS-265;10,598;6;18;2;;;3;2;3;2;;5;1
1;1;11;33;33073;;1;1;AS-217;1,1;6;2;1;2;;1;1;1;;;4;3
1;6;11;33;33073;;3;2;No inventariada;;9;7;1;1;;3;1;3;;;18;998
2;2;18;33;33073;;1;1;AS-216;6,571;6;6;2;;;1;2;1;;;1;1
2;7;19;33;33073;;1;1;AS-216;6,3;6;18;2;;;3;6;3;;;4;3
3;4;7;33;33073;;1;1;AS-359;10,873;6;17;2;;;3;6;1;;;1;1
4;6;18;33;33073;;1;1;AS-15;39,7;6;1;1;2;;1;1;1;;;1;3
4;7;11;33;33073;;1;1;AS-15;37,432;6;4;2;;;1;1;1;;;1;1
4;7;18;33;33073;;1;1;AS-350;6,1;6;12;2;;;1;1;1;;;1;3
5;5;9;33;33073;;1;1;AS-217;3,5;6;12;2;;;1;1;1;;;4;2
5;2;18;33;33073;;3;2;No inventariada;;14;9;2;;;1;1;1;;;1;998
6;6;14;33;33073;;1;1;AS-359;23,9;6;18;2;;;1;1;1;;;1;3
7;7;19;33;33073;;1;1;ESTRELLA-F;0,2;10;2;1;1;;1;1;1;;;2;1
7;3;20;33;33073;;1;1;AS-15;32,8;6;2;1;2;;1;1;1;;;1;3
7;3;23;33;33073;;1;1;AS-350;12,284;6;8;2;;;1;6;1;;;1;1
8;4;18;33;33073;;1;1;AS-217;25,1;6;13;2;;;1;1;1;;;1;3
8;2;19;33;33073;;1;1;TI-3;2,1;6;4;1;2;TI-3;1;1;1;;;1;1
9;4;8;33;33073;;1;1;AS-15;28,016;6;18;2;;;3;2;3;;;5;3
9;7;14;33;33073;;1;1;AS-15;26,344;6;15;2;;;1;1;1;;;18;2
9;1;17;33;33073;;1;1;AS-15;30,95;6;19;2;;;1;1;2;;;1;1
9;5;0;33;33073;;1;1;AS-15;25,9;6;14;2;;;3;6;1;;;17;2
9;7;18;33;33073;;1;1;AS-15;40,3;6;19;2;;;1;1;1;;;1;3
9;6;18;33;33073;;3;2;No inventariada;;9;7;2;;;1;1;1;;;2;998
9;7;16;33;33073;;3;2;No inventariada;;9;6;2;;;1;1;1;;;1;998
9;1;16;33;33073;;1;1;AS-215;1,235;6;2;1;1;AS-216;1;1;1;;;4;3
10;3;12;33;33073;;1;1;AS-350;0,9;6;20;2;;;3;1;4;;;5;3
9;7;11;33;33073;;1;1;C.V.S.D.;0,2;10;7;2;;;1;1;1;;;1;1
10;7;17;33;33073;;1;1;TI-3;5,058;6;12;2;;;1;1;1;;;1;2
10;5;14;33;33073;;1;1;AS-215;4,5;6;1;2;;;1;1;1;;;1;2
10;3;13;33;33073;;1;1;AS-350;1,159;6;2;2;;;1;1;1;;;4;3
12;2;11;33;33073;;1;1;AS-350;2,975;6;2;1;1;;1;1;2;;;18;3
12;7;21;33;33073;;1;1;AS-15;39,1;6;2;2;;;3;6;3;;;1;2
4;6;17;33;0;;1;1;AS-21;9,392;6;19;2;;;1;1;1;;;1;2
12;7;19;33;0;;3;2;No inventariada;;9;7;2;;;3;4;3;;;9;998
12;6;17;33;0;;1;1;AS-11;20,422;6;19;2;;;3;1;4;1;;5;3
1;7;5;33;33076;;1;1;A-8;349,937;3;18;2;;;1;6;1;;;1;1
1;7;17;33;33076;;1;1;VV-5;2,7;6;19;2;;;1;1;1;;;1;3
1;3;17;33;33076;;1;1;VV-5;7,6;6;1;1;2;;1;1;1;;;1;3
2;1;7;33;33076;;2;2;N-632;42,01;9;7;1;1;N-632;1;4;1;;;18;3
2;1;7;33;33076;;3;2;No inventariada;;9;7;1;1;;1;4;1;;;18;998
2;7;15;33;33076;;1;1;AS-332;5,132;6;10;2;;;1;1;1;;;1;3
3;5;14;33;33076;;1;1;N-632;58,8;6;2;2;;;3;1;2;;;1;2
3;2;12;33;33076;;1;1;VV-8;4,1;6;2;2;;;1;1;1;;;4;3
3;2;0;33;33076;;1;1;A-8;353,188;3;9;2;;;1;6;2;;;1;1
3;2;13;33;33076;;1;1;AS-255;0,2;6;10;2;;;1;1;1;;;1;1
3;1;15;33;33024;;1;1;A-8;371;6;2;2;;;1;1;2;;;1;3
5;5;12;33;33076;;1;1;A-8;346,7;3;4;2;;;1;1;2;;;1;1
5;6;10;33;33076;;1;1;VV-5;0,5;6;9;2;;;1;1;1;;;1;2
5;1;11;33;33076;;1;1;A-64;7,667;3;4;2;;;1;4;1;;;1;1
6;1;14;33;33076;;1;1;N-632;32,9;6;16;2;;;1;1;1;;;1;2
7;2;23;33;33076;;1;1;VV-4;2,03;6;18;2;;;1;6;1;;;1;1
7;4;14;33;33024;;1;1;A-8;371;8;4;1;1;;1;1;1;;;1;1
7;7;19;33;33076;;1;1;A-8;353,3;3;4;2;;;1;1;1;;;1;1
7;4;20;33;33076;;1;1;N-632;56,3;6;10;2;;;1;1;1;;;1;3
7;7;13;33;33076;;1;1;A-64;4,9;3;2;2;;;1;1;2;;;1;1
7;3;10;33;33076;;1;1;AS-330;8,111;6;10;2;;;2;1;1;;;1;3
8;4;17;33;33076;;1;1;N-632;59,4;6;2;1;2;A-8;1;1;1;;;1;1
8;5;13;33;33076;;3;2;No inventariada;;9;2;2;;;1;1;1;;;1;998
8;2;13;33;0;;1;1;A-8;345,933;3;2;2;;;1;1;1;;;1;3
8;5;19;33;33076;;1;1;VV-4;2,03;6;4;2;;;1;1;2;;;1;1
8;5;18;33;33076;;1;1;N-632;37,85;6;3;1;2;;1;1;2;;;1;1
8;6;19;33;33076;;1;1;N-632;43,352;6;14;2;;;1;1;1;;;1;2
8;1;10;33;33076;;1;1;A-8;359,5;3;3;2;;;1;1;2;;;1;1
8;6;11;33;0;;1;1;A-8;346,086;3;4;2;;;1;1;1;;;1;3
8;3;12;33;33076;;1;1;AS-255;2,667;6;19;2;;;3;1;3;;;1;2
8;2;22;33;33076;;1;1;N-632;57,525;6;9;2;;;1;6;1;;;18;2
8;2;8;33;33076;;1;1;AS-331;24,1;6;7;2;;;1;1;1;;;1;3
8;3;18;33;33076;;1;1;A-8;356,415;8;12;2;;;1;1;1;;;1;3
8;4;13;33;33076;;1;1;VV-1;2;6;2;1;2;;1;1;1;;;12;3
8;2;21;33;33076;;1;1;N-632;59,4;6;2;1;2;;1;2;2;;;1;1
9;2;21;33;33076;;1;1;VV-5;3,15;6;10;2;;;3;6;2;;;4;3
9;1;19;33;33076;;1;1;AS-256;2,682;6;19;2;;;1;1;2;;;1;1
9;2;19;33;33076;;1;1;N-632;55;6;7;2;;;1;2;1;;;4;2
10;6;18;33;33024;;1;1;A-8;371;3;10;2;;;3;1;3;;;5;2
10;1;13;33;33076;;3;2;No inventariada;;9;7;2;;;1;1;1;;;1;998
11;5;12;33;33076;;1;1;N-632;59,046;6;2;1;2;;1;1;1;;;1;1
11;4;11;33;33076;;1;1;CAMINO REG;0,4;10;3;2;;;1;1;1;;;1;1
11;3;12;33;33076;;3;2;No inventariada;;11;20;1;2;;1;1;1;;;18;998
11;3;13;33;33076;;1;1;N-632;36,972;6;2;1;2;;1;1;1;;;4;3
11;6;19;33;33076;;1;1;N-632;55,761;6;16;2;;;1;4;1;;;1;2
11;4;20;33;33076;;3;2;No inventariada;;9;16;2;;;3;4;3;;;1;998
11;1;9;33;33076;;3;2;No inventariada;;9;1;2;;;3;1;1;;;4;998
11;7;17;33;33076;;1;1;VV-6;0,5;6;18;2;;;1;2;1;;;6;3
12;4;8;33;33076;;1;1;A-64;5,029;3;16;2;;;3;1;4;;;18;1
12;2;19;33;33076;;1;1;VV-2;1,5;6;18;2;;;1;4;1;;;1;3
6;6;13;33;0;;1;1;AS-25;15;6;3;2;;;1;1;1;;;1;1
1;5;23;34;34004;;1;1;P-220;4,736;6;19;2;;;1;6;1;;;1;2
2;3;21;34;34004;;3;2;No inventariada;;9;7;2;;;1;4;1;;;1;998
6;3;19;34;34004;;3;2;No inventariada;;13;10;2;;;1;1;1;;;1;998
7;5;8;34;34004;;3;2;No inventariada;;9;2;1;1;;1;1;1;;;6;998
7;2;21;34;34004;;3;2;No inventariada;;9;4;2;;;3;5;3;;;18;998
8;5;20;34;34004;;1;1;P-220;1,85;6;18;2;;;1;1;1;;;1;1
8;7;13;34;34004;;1;1;N-611;111;6;1;2;;;1;1;1;;;1;3
8;7;20;34;34004;;1;1;N-611;107,6;6;18;2;;;1;1;1;;;1;2
8;6;11;34;34004;;3;2;No inventariada;;9;7;1;2;;1;1;1;;;2;998
8;1;6;34;34004;;3;2;No inventariada;;9;2;1;4;;1;1;1;;;18;998
8;5;20;34;34004;;1;1;N-611;110,934;6;18;2;;;1;1;1;;;1;3
8;5;20;34;34004;;3;2;No inventariada;;9;3;1;4;;4;2;4;;;5;998
12;3;14;34;34004;;3;2;No inventariada;;9;3;1;1;;1;1;2;;;1;998
4;6;14;34;0;;1;1;P-901;23,7;6;4;2;;;1;1;1;;;1;1
6;3;19;34;0;;1;1;A-67;25,3;3;19;2;;;3;1;3;;;1;1
9;3;11;34;0;;1;1;N-611;28,9;6;2;1;1;N-611;1;1;1;;;1;1
3;4;20;34;0;;1;1;P-405;24,45;6;16;2;;;1;6;1;;;1;1
4;2;15;34;0;;1;1;P-141;3,7;6;18;2;;;1;1;1;;;1;2
6;6;11;34;0;;1;1;P-131;28,5;6;15;2;;;1;1;1;;;1;2
7;7;21;34;0;;1;1;CL-619;11,75;6;6;2;;;1;1;1;;;1;1
10;3;22;34;0;;1;1;PP-2404;2,3;6;16;2;;;1;6;1;;;1;1
8;1;10;34;0;;1;1;P-220;11,439;6;15;2;;;1;1;1;;;1;1
12;1;7;34;0;;1;1;P-220;15,8;6;7;2;;;6;2;6;;;5;1