MES;DIA_SEMANA;HORA;COD_PROVINCIA;COD_MUNICIPIO;ISLA;ZONA;ZONA_AGRUPADA;CARRETERA;KM;TIPO_VIA;TIPO_ACCIDENTE;NUDO;NUDO_INFO;CARRETERA_CRUCE;CONDICION_FIRME;CONDICION_ILUMINACION;CONDICION_METEO;CONDICION_NIEBLA;CONDICION_VIENTO;VISIB_RESTRINGIDA_POR;TRAZADO_PLANTA
3;7;15;34;0;;1;1;CL-615;13,75;6;12;2;;;1;1;1;;;1;3
12;4;8;34;0;;1;1;CL-613;13,9;6;14;2;;;3;2;1;;;1;2
10;5;16;34;0;;1;1;P-403;5,8;6;15;2;;;1;1;1;;;1;1
2;7;12;34;0;;3;2;No inventariada;;9;7;1;2;;1;1;1;;;1;998
3;6;20;34;0;;1;1;CL-615;31,9;6;4;2;;;1;6;1;;;1;1
7;5;12;34;0;;1;1;CL-615;38,202;6;1;1;7;CL-615;1;1;1;;;1;1
8;1;10;34;0;;1;1;A-231;84,3;3;4;2;;;1;1;1;;;1;1
8;6;19;34;0;;1;1;N-120;197,8;6;10;2;;;2;1;1;;;1;1
8;6;5;34;0;;1;1;CL-615;39,65;6;14;2;;;1;6;1;;;1;1
8;7;1;34;0;;1;1;CAS-001;0,166;10;18;2;;;1;6;1;;;4;3
10;1;12;34;0;;1;1;P-225;0,8;6;16;2;;;1;1;1;;;1;1
1;1;9;34;0;;1;1;P-227;6,624;6;16;2;;;1;1;1;;;1;2
6;7;20;34;0;;1;1;CL-627;10,9;5;19;2;;;1;1;1;;;1;1
7;6;17;34;0;;1;1;CL-627;8,6;6;10;2;;;8;1;1;;;1;2
10;7;15;34;0;;1;1;CL-627;4,7;6;19;2;;;1;1;1;;;1;2
10;5;18;34;0;;1;1;PP-1222;7,8;6;19;2;;;1;1;1;;;1;3
10;7;8;34;0;;1;1;PP-1222;10,8;6;8;2;;;1;1;1;;;18;1
6;3;12;34;0;;1;1;P-225;18,84;6;15;2;;;1;1;1;;;18;1
2;1;14;34;0;;1;1;P-227;2,336;6;16;2;;;6;1;6;;;18;1
6;3;18;34;0;;1;1;CL-626;206,9;6;18;2;;;1;1;1;;;1;1
1;2;19;34;0;;1;1;A-62;94,459;3;12;2;;;3;6;4;;;5;2
1;4;17;34;0;;1;1;A-62;94,25;3;19;2;;;3;1;3;;;1;3
3;5;15;34;0;;1;1;P-903;10,95;6;12;2;;;1;1;1;;;1;2
8;5;13;34;0;;1;1;A-62;91,8;3;16;2;;;1;1;1;;;18;1
8;1;13;34;0;;1;1;A-62;96,25;3;12;2;;;1;1;1;;;1;2
11;7;3;34;0;;1;1;A-62;95,8;3;7;2;;;1;6;1;;;10;3
11;2;17;34;0;;1;1;P-110;1,9;6;2;1;2;DESCONOCID;1;1;1;;;1;1
11;4;21;34;0;;1;1;A-62;94,5;3;16;2;;;1;6;2;;;1;1
9;2;6;34;0;;1;1;A-67;62,165;3;6;2;;;1;6;1;;;1;3
7;6;5;34;0;;1;1;CAMINO PIN;1,8;10;12;2;;;1;2;1;;;1;3
10;5;21;34;0;;1;1;FR 1;3,65;10;12;2;;;1;6;2;;;12;1
9;3;11;34;0;;1;1;A-67;43,45;3;5;2;;;1;1;1;;;1;1
7;1;21;34;0;;1;1;N-611;17,787;6;16;2;;;1;1;1;;;1;1
3;5;16;34;0;;1;1;CL-615;3,56;6;4;1;2;;1;1;1;;;1;1
7;5;14;34;0;;1;1;CL-615;5,1;6;16;2;;;1;1;1;;;1;1
1;5;10;34;34080;;1;1;CL-626;180,82;6;2;1;5;PP-2245;1;1;1;;;1;1
7;3;18;34;34080;;1;1;CL-626;181,1;6;1;2;;;1;1;1;;;1;1
9;4;11;34;34080;;1;1;CL-626;172,59;6;2;1;5;;1;1;2;;;1;1
7;5;9;34;34080;;3;2;No inventariada;;9;7;2;;;1;1;1;;;6;998
1;2;15;34;0;;1;1;P-227;34,2;6;10;1;2;;3;1;2;;;1;1
4;2;0;34;0;;1;1;N-611;65,886;6;8;2;;;1;6;1;;;1;1
8;5;19;34;0;;1;1;CL-615;7,15;6;2;1;5;;1;1;1;;;1;1
9;3;17;34;0;;1;1;CL-615;10,422;6;2;1;1;;1;1;1;;;1;1
11;2;9;34;0;;1;1;No inventariada;1;10;2;1;9;;9;1;1;;;1;1
12;1;14;34;0;;1;1;P-227;27,977;6;15;2;;;1;1;1;;;1;1
12;6;11;34;0;;1;1;A-231;65,93;3;20;2;;;1;1;1;;;1;1
3;7;18;34;0;;1;1;N-620;78,1;6;3;1;4;A-610;1;1;1;;;1;2
7;3;19;34;0;;1;1;PP-9832;1,4;6;2;2;;;1;1;1;;;18;2
2;7;23;34;0;;1;1;N-611;45,73;6;16;2;;;1;6;1;;;18;2
7;5;15;34;0;;1;1;N-611;46,9;6;18;2;;;1;1;1;;;1;3
10;7;10;34;0;;3;2;No inventariada;;9;16;2;;;1;1;1;;;1;998
3;2;16;34;0;;1;1;P-405;13,4;6;14;2;;;1;1;1;;;1;2
5;4;15;34;0;;1;1;P-405;10,1;6;15;2;;;1;1;1;;;1;1
7;2;15;34;0;;1;1;N-611;27,295;6;4;1;1;;1;1;1;;;1;1
4;2;11;34;0;;1;1;PP-2223;5,5;6;10;2;;;1;1;1;;;1;1
1;1;11;34;34120;;3;2;No inventariada;;9;7;1;1;;3;1;3;;;1;998
1;3;10;34;34120;;1;1;P-901;6,922;6;14;2;;;3;1;1;;;1;1
1;2;11;34;34120;;3;2;No inventariada;;9;15;2;;;3;1;2;;;1;998
1;4;19;34;34120;;3;2;No inventariada;;9;7;1;2;;1;4;1;;;2;998
1;3;5;34;34120;;1;1;A-65;1,578;3;18;2;;;3;6;2;2;;5;1
2;4;16;34;34120;;3;2;No inventariada;;9;7;1;4;;3;5;4;;;5;998
3;3;9;34;34120;;1;1;A-67;8,05;3;3;1;12;A-65;1;1;1;;;1;1
3;4;20;34;34120;;3;2;No inventariada;;9;2;1;1;;1;4;1;;;1;998
3;6;13;34;34120;;3;2;No inventariada;;9;7;1;2;;3;1;2;;;1;998
4;3;10;34;34120;;3;2;No inventariada;;9;7;2;;;1;1;1;;;1;998
4;3;13;34;34120;;3;2;No inventariada;;9;4;2;;;1;1;1;;;1;998
6;4;10;34;34120;;3;2;No inventariada;;9;7;1;2;;1;1;1;;;1;998
7;3;13;34;34120;;3;2;No inventariada;;9;7;1;1;;1;1;1;;;1;998
6;7;20;34;34120;;3;2;No inventariada;;9;7;1;2;;1;1;1;;;9;998
7;3;9;34;34120;;1;1;P-901;1,8;6;3;2;;;1;1;1;;;18;1
8;5;11;34;34120;;3;2;No inventariada;;9;4;1;1;;1;1;1;;;1;998
10;4;10;34;34120;;1;1;P-901;1,6;6;2;1;5;;1;1;1;;;1;1
11;2;15;34;34120;;1;1;N-610a;3,1;6;19;2;;;1;1;1;;;1;1
9;5;19;34;0;;1;1;P-961;11,1;6;2;1;2;P-963;1;1;1;;;1;1
11;2;17;34;0;;3;2;No inventariada;;9;10;1;2;;1;1;1;;;2;998
12;2;12;34;0;;1;1;CL-615;23,5;6;18;2;;;1;1;1;;;1;1
9;6;22;34;0;;1;1;PP-2233;10;6;10;2;;;1;6;1;;;1;1
4;2;10;34;0;;1;1;CL-615;76,1;6;1;2;;;1;1;1;;;1;1
10;2;13;34;0;;1;1;P-103;15,3;6;14;2;;;1;1;1;;;4;3
2;7;20;34;0;;1;1;N-627;73,3;6;8;2;;;3;6;3;;;1;1
4;7;20;34;0;;1;1;PP-1321;3,1;6;16;2;;;1;1;1;;;1;2
2;2;19;34;0;;3;2;No inventariada;;9;2;1;1;;1;4;1;;;1;998
6;4;12;34;0;;1;1;PP-2451;1,5;6;18;2;;;1;1;1;;;1;2
7;3;11;34;0;;3;2;No inventariada;;9;2;1;1;;1;1;1;;;1;998
9;5;21;34;0;;1;1;P-225;39,4;6;4;1;1;;1;6;1;;;1;1
6;1;17;34;0;;1;1;P-903;1,5;6;2;1;1;VP-4001;1;1;1;;;1;1
7;1;19;34;0;;1;1;P-903;1,5;6;2;1;1;;1;1;1;;;1;1
7;5;5;34;0;;1;1;CL-626;183,709;6;18;2;;;1;6;1;;;1;1
11;3;19;34;0;;1;1;CL-626;182,7;6;1;2;;;1;6;1;;;1;1
12;1;13;34;0;;1;1;P-431;3,9;6;3;2;;;3;1;2;1;;5;1
2;5;6;34;0;;1;1;CL-615;45,88;6;2;1;5;CL-615;1;6;1;;;1;1
1;4;17;34;0;;1;1;A-67;70;3;14;2;;;1;1;2;;;1;1
1;2;9;34;0;;1;1;PP-4302;0;6;2;1;1;P-430;3;1;3;;;1;1
1;5;21;34;0;;2;2;PP-1222;2,7;6;10;2;;;1;4;1;;;1;3
10;1;7;34;0;;1;1;A-62;64,332;3;16;2;;;3;6;4;;;5;1
7;2;14;34;0;;1;1;P-210;38,5;6;10;2;;;1;1;1;;;1;1
5;2;14;34;0;;1;1;P-210;51,5;6;19;2;;;1;1;1;;;1;2
2;6;11;34;0;;1;1;P-110;21,141;6;10;2;;;1;1;1;;;1;1
2;4;22;34;0;;1;1;P-905;13;6;18;2;;;1;6;1;;;1;1
8;7;10;34;0;;3;2;No inventariada;;9;16;2;;;1;1;1;;;1;998
10;2;17;34;0;;1;1;CL-613;42,3;6;16;2;;;1;1;1;;;1;1
11;4;8;34;0;;1;1;CL-613;41,05;6;14;2;;;1;2;1;;;1;1
1;2;10;34;0;;1;1;P-230;17,5;6;16;2;;;3;1;1;;;1;1
5;7;14;34;0;;1;1;A-231;98,8;3;15;2;;;1;1;1;;;1;1
9;3;12;34;0;;1;1;P-980;4;6;3;2;;;1;1;2;;;18;1
4;1;18;34;0;;1;1;P-410;2,2;6;14;2;;;1;1;1;;;1;2
7;5;13;34;0;;1;1;P-12;3,5;6;3;1;4;;1;1;1;;;1;2
11;2;14;34;0;;1;1;P-405;1,3;6;2;1;1;;1;1;2;;;1;1
2;5;11;34;34225;;1;1;P-900;3,2;6;4;2;;;1;1;1;;;1;1
3;5;23;34;34225;;1;1;P-900;4,3;6;2;1;4;;3;6;4;;;5;2
5;2;5;34;34225;;1;1;A-67;2;3;16;1;10;P-11;1;6;1;;;1;1
6;5;17;34;34225;;1;1;A-67;5,7;3;12;2;;;1;1;1;;;1;2
8;5;17;34;34225;;1;1;P-900;3,668;6;4;2;;;1;1;1;;;1;1
6;2;19;34;0;;2;2;P-236;15,516;5;15;2;;;1;1;1;;;1;1
1;5;13;34;0;;1;1;A-67;67,85;3;14;2;;;1;1;1;;;1;1
10;2;14;34;0;;1;1;CL-615;41,8;6;2;1;5;PP-2412;1;1;1;;;18;1
3;7;18;34;0;;1;1;CL-613;6,1;6;16;2;;;1;1;1;;;1;1
2;3;12;34;0;;1;1;CL-619;7,95;6;18;2;;;1;1;1;;;1;1
6;4;13;34;0;;1;1;CAMINO BAL;0,3;10;10;1;2;;2;1;1;;;12;3
8;4;14;34;0;;1;1;CL-619;5,8;6;16;2;;;1;1;1;;;1;2
7;4;9;34;0;;1;1;A-62;41,25;3;5;2;;;1;1;1;;;1;1
11;1;17;34;0;;3;2;No inventariada;;9;3;1;2;;2;2;1;;;1;998
12;2;16;34;0;;1;1;CL-615;29,909;6;16;2;;;1;1;1;;;1;1
11;4;9;34;0;;1;1;PP-2462;5,985;6;18;2;;;1;1;1;;;1;1
6;5;18;34;0;;1;1;A-67;55;3;16;2;;;1;1;1;;;1;1
12;4;6;34;0;;1;1;A-231;108;3;14;1;12;N-611;1;6;1;;;1;2
12;7;15;34;0;;1;1;A-231;108,346;3;14;2;;;1;1;1;;;1;1
7;6;11;34;0;;1;1;P-240;12,2;6;8;2;;;1;1;1;;;1;1
2;2;8;35;35001;;1;1;GC-200;12,2;6;10;2;;;7;1;1;;;18;4
8;7;20;35;35001;;1;1;GC-231;0,6;6;16;2;;;1;4;1;;;3;1
8;7;15;35;35001;0;1;1;GC-200;8,658;6;1;2;;;1;1;1;;;4;2
9;7;18;35;35001;0;1;1;GC-200;3,33;6;4;2;;;1;1;1;;;4;1
9;7;14;35;35001;7;1;1;GC-200;1,25;6;4;1;2;;1;1;1;;;4;3
11;7;15;35;35001;0;1;1;GC-200;12,345;6;2;2;;;1;1;1;;;1;2
12;7;9;35;0;7;1;1;GC-200;14,384;6;12;2;;;1;1;1;;;4;2
1;4;19;35;35011;7;1;1;GC-1;20,155;2;5;2;;;1;4;1;;;1;1
1;1;12;35;35002;0;1;1;GC-550;11,2;6;10;2;;;1;1;2;;;1;3
2;3;11;35;35002;;1;1;GC-100;28,6;6;3;1;4;GC-1;1;1;1;;;1;1
2;7;13;35;35002;0;1;1;GC-550;11,6;6;10;2;;;1;1;1;;;1;2
2;4;21;35;35002;7;1;1;GC-104;2,64;6;1;2;;;1;6;1;;;1;1
3;3;13;35;35002;7;1;1;GC-1;23,481;2;16;2;;;1;1;1;;;1;1
4;2;19;35;35002;0;1;1;GC-1;23,891;2;4;2;;;1;1;1;;;1;1
4;4;7;35;35002;;1;1;GC-100;28,286;6;2;1;4;;1;1;1;;;1;1
5;7;16;35;35002;;1;1;GC-550;18,04;6;12;2;;;1;1;1;;;1;2
5;3;14;35;35002;0;1;1;GC-1;24,033;2;3;1;4;;1;1;1;;1;1;1
5;5;23;35;35002;0;1;1;GC-1;22,066;2;19;2;;;1;4;1;;;1;1
1;4;17;35;35002;7;3;2;No inventariada;;9;7;1;4;;1;1;1;;;1;998
2;1;10;35;35002;7;3;2;No inventariada;;9;2;1;1;;1;1;1;;;1;998
2;5;12;35;35002;7;3;2;No inventariada;;9;7;2;;;1;1;1;;;1;998
1;7;8;35;35002;7;3;2;No inventariada;;9;7;1;1;;1;1;1;;;1;998
2;7;21;35;35002;7;3;2;No inventariada;;9;14;2;;;1;4;1;;;1;998
3;7;16;35;35002;7;3;2;No inventariada;;9;2;1;1;;1;1;1;;;1;998
3;6;9;35;35002;7;3;2;No inventariada;;9;7;2;;;1;1;1;;;1;998
2;5;14;35;35002;7;3;2;No inventariada;;9;2;1;1;;1;1;1;;;1;998
1;3;15;35;35002;7;3;2;No inventariada;;9;2;1;1;;1;1;1;;;1;998
6;3;13;35;35002;0;1;1;GC-551;6,832;6;19;2;;;1;1;1;;;1;3
6;5;12;35;35002;;1;1;GC-551;4,3;6;19;2;;;1;1;1;;1;1;1
6;1;16;35;35022;0;1;1;GC-1;28;2;4;2;;;1;1;1;;;1;1
7;4;19;35;35002;7;1;1;GC-100;28;6;4;1;4;GC-191;1;1;1;;;1;1
7;6;10;35;35002;;1;1;GC-551;4;6;15;2;;;1;1;1;;;1;3
8;4;17;35;35002;0;1;1;GC-100;28,551;6;12;1;4;;1;1;1;;;1;1
8;4;1;35;35002;;1;1;GC-1;23;2;10;2;;;2;4;1;;;1;1
4;3;14;35;35002;7;3;2;No inventariada;;9;7;2;;;1;1;1;;;1;998
5;3;15;35;35002;7;3;2;No inventariada;;9;16;1;4;;1;1;1;;;1;998
5;6;12;35;35002;7;3;2;No inventariada;;9;2;1;4;;1;1;1;;;1;998
4;2;17;35;35002;7;3;2;No inventariada;;9;2;1;1;;1;1;1;;;1;998
6;3;8;35;35002;7;3;2;No inventariada;;9;7;2;;;1;1;1;;;1;998
5;5;11;35;35002;7;3;2;No inventariada;;9;7;2;;;1;1;1;;;1;998
6;1;20;35;35002;7;3;2;No inventariada;;9;7;2;;;1;3;1;;;1;998
5;5;16;35;35002;7;3;2;No inventariada;;9;2;1;2;;1;1;1;;;1;998
5;5;13;35;35002;7;3;2;No inventariada;;9;4;2;;;1;1;1;;;1;998
6;5;19;35;35002;7;3;2;No inventariada;;9;4;2;;;1;1;1;;;1;998
6;1;19;35;35002;7;3;2;No inventariada;;9;7;1;2;;1;2;1;;;9;998
5;1;13;35;35002;7;3;2;No inventariada;;9;2;2;;;1;1;1;;;1;998
8;1;14;35;35002;0;1;1;GC-103;2,9;6;19;2;;;1;1;1;;;18;2
6;1;9;35;35002;7;3;2;No inventariada;;9;4;2;;;1;1;1;;;1;998
6;4;13;35;35002;7;3;2;No inventariada;;9;5;2;;;1;1;1;;;1;998
9;7;17;35;35002;;1;1;GC-550;12,87;6;16;2;;;1;1;1;;;1;2
9;5;18;35;35002;0;1;1;GC-191;6,2;6;4;2;;;1;1;1;;;1;1
10;2;13;35;35002;;1;1;GC-191;6,3;6;4;2;;;1;1;1;;;1;1
10;2;6;35;35002;0;1;1;GC-100;28,05;6;7;2;;;1;4;1;;;1;1
7;3;14;35;35002;7;3;2;No inventariada;;9;2;1;2;;1;1;1;;;9;998
10;6;6;35;35002;0;1;1;GC-1;23,604;2;14;2;;;3;6;3;;;18;2
7;7;4;35;35002;7;3;2;No inventariada;;9;16;2;;;1;4;1;;;1;998
7;2;17;35;35002;7;3;2;No inventariada;;9;2;1;2;;1;1;1;;;1;998
11;3;19;35;35002;0;1;1;GC-100;24,114;6;4;2;;;1;6;1;;;1;1
11;5;15;35;35002;;1;1;GC-1;22,302;2;4;2;;;1;1;1;;;1;1
11;5;19;35;35002;0;1;1;GC-191;5,656;6;4;2;;;1;4;1;;;1;1
11;7;16;35;35002;7;1;1;GC-191;3,8;6;1;2;;;1;1;1;;;1;1
11;6;10;35;35002;;1;1;GC-191;3,726;6;2;1;2;GC-191;1;1;2;;;1;1
12;1;21;35;35002;7;1;1;GC-191;6,877;6;7;2;;;1;6;1;;;4;1
12;6;11;35;35002;0;1;1;GC-550;10,4;6;12;2;;;1;1;2;;;1;2
12;7;11;35;35002;7;1;1;GC-550;10,66;6;16;2;;;1;1;1;;;1;1
12;4;9;35;35002;;1;1;GC-100;29,531;6;1;2;;;1;1;1;;;1;1
1;1;12;35;35003;;1;1;FV-2;11,243;6;4;2;;;1;1;2;;;1;1
2;7;1;35;35017;8;1;1;FV-20;15,2;6;12;1;4;;1;4;1;;;1;1
2;7;19;35;35003;8;1;1;FV-2;16,5;6;8;2;;;1;6;1;;;1;1
3;6;22;35;35003;0;1;1;FV-2;10,3;6;2;1;4;;1;4;1;;;1;1
3;1;13;35;35003;;1;1;FV-20;24;6;4;1;2;;1;1;2;;;1;1
4;1;10;35;35003;;1;1;FV-20;26,3;6;4;2;;;1;1;1;;;1;1
4;4;16;35;35003;;1;1;FV-20;26,556;6;18;2;;;1;1;1;;;1;2
5;1;7;35;35017;8;1;1;FV-430;9,7;6;2;1;4;FV-430;1;2;1;;;1;1
5;1;12;35;35003;;1;1;FV-413;5,05;6;18;2;;;1;1;1;;;1;1
7;6;9;35;35003;8;1;1;FV-20;22,3;6;1;2;;;1;1;2;;;1;1
7;7;21;35;35003;0;1;1;FV-2;13,546;6;4;2;;;1;6;1;;1;1;1
8;2;1;35;35003;;1;1;FV-2;13,942;6;12;1;2;;3;6;7;;;1;1
8;2;17;35;35003;;1;1;FV-2;24,5;6;16;2;;;1;1;1;;;1;1
8;2;15;35;35003;;1;1;FV-20;25,58;6;4;2;;;1;6;1;;;1;1
8;3;21;35;35003;;1;1;FV-2;14,026;6;2;2;;;1;6;1;;;10;1
10;3;12;35;35003;;1;1;FV-20;24,5;6;2;1;2;;1;1;1;;;1;1
11;4;8;35;35003;;1;1;FV-2;10,3;6;4;2;;;1;1;1;;;1;1
12;5;5;35;35003;;1;1;FV-2;23,451;6;16;2;;;1;6;1;;;1;2
12;6;12;35;35003;;1;1;FV-20;20,332;6;2;1;2;FV-413;1;1;1;;;1;1
12;6;19;35;35003;;1;1;FV-2;18;6;4;2;;;1;6;1;;;1;1
12;7;1;35;35003;0;1;1;FV-20;19,691;6;16;2;;;3;5;3;;;1;1
12;5;7;35;35003;;1;1;FV-20;19,3;6;4;2;;;1;2;1;;;1;1
1;2;14;35;35004;;1;1;LZ-2;1,094;5;5;2;;;1;1;1;;;1;1
1;2;14;35;35004;;1;1;LZ-3;5,2;5;3;2;;;1;1;1;;;1;1
1;5;15;35;35004;;1;1;LZ-2;1,483;5;5;2;;;1;1;1;;;1;1
2;1;17;35;35004;0;1;1;LZ-2;1,463;5;20;2;;;1;1;1;;;1;1
2;6;19;35;35004;9;1;1;LZ-20;0,966;6;7;2;;;1;4;1;;;1;1
2;2;6;35;35004;;1;1;LZ-101;1;6;2;1;2;;1;4;2;;;5;1
3;6;7;35;35004;9;1;1;LZ-1;0,2;6;12;1;12;LZ-3;3;1;2;;;1;2
3;3;18;35;35018;9;1;1;LZ-2;2;5;12;1;10;;1;1;1;;;1;1
4;2;14;35;35004;0;1;1;LZ-3;5,06;5;6;2;;;1;1;1;;;1;1
4;6;5;35;35004;0;1;1;LZ-14;0,3;6;14;2;;;1;6;1;;;1;3
4;2;15;35;35004;9;1;1;LZ-2;0,9;5;4;2;;;1;1;1;;;1;1
4;4;20;35;35004;;1;1;LZ-3;2,065;5;12;1;4;;1;1;1;;;1;2
4;3;6;35;35004;;1;1;LZ-1;0,255;6;4;1;4;LZ-3;1;3;1;;;1;1
5;4;16;35;35018;9;1;1;LZ-2;2;5;5;2;;;1;1;1;;;1;1
5;6;11;35;35004;;1;1;LZ-3;3,216;5;14;2;;;1;1;1;;;1;1
6;1;7;35;35004;;1;1;LZ-2;1,293;5;4;2;;;1;2;1;;;5;1
6;7;0;35;35004;;1;1;LZ-3;0,5;5;10;1;4;LZ-101;1;4;1;;;1;2
7;2;21;35;35004;0;1;1;LZ-3;4,249;5;4;1;4;LZ-20;1;3;1;;;1;1
1;1;4;35;35004;9;3;2;No inventariada;;9;16;2;;;1;4;2;;;1;998
1;3;17;35;35004;9;3;2;No inventariada;;9;7;2;;;1;1;1;;;1;998
1;4;8;35;35004;9;3;2;No inventariada;;9;6;2;;;1;1;1;;;1;998
1;6;0;35;35004;9;3;2;No inventariada;;9;10;2;;;1;5;2;;;1;998
1;4;20;35;35004;9;3;2;No inventariada;;7;2;1;4;;1;3;1;;;1;998
1;4;16;35;35004;9;3;2;No inventariada;;9;3;2;;;1;1;1;;;1;998
2;5;11;35;35004;9;3;2;No inventariada;;9;2;1;1;;1;1;1;;;2;998
2;5;16;35;35004;9;3;2;No inventariada;;9;2;1;1;;2;1;1;;;1;998
7;2;12;35;35004;9;1;1;LZ-2;0,6;5;4;2;;;1;1;1;;;1;1
2;1;9;35;35004;9;3;2;No inventariada;;9;7;1;2;;1;1;1;;;1;998
2;1;10;35;35004;9;3;2;No inventariada;;9;7;2;;;1;1;1;;;2;998
2;7;19;35;35004;9;3;2;No inventariada;;9;7;2;;;1;4;2;;;1;998
3;1;15;35;35004;9;3;2;No inventariada;;9;2;2;;;1;1;7;;;1;998
3;2;13;35;35004;9;3;2;No inventariada;;9;2;1;1;;1;1;1;;;1;998
3;5;12;35;35004;9;3;2;No inventariada;;9;4;2;;;1;1;1;;;1;998
4;7;9;35;35004;9;3;2;No inventariada;;9;2;1;1;;1;1;1;;;2;998
4;3;9;35;35004;9;3;2;No inventariada;;7;7;2;;;1;1;1;;;1;998
4;2;7;35;35004;9;3;2;No inventariada;;9;10;2;;;1;1;1;;;1;998
5;2;16;35;35004;9;3;2;No inventariada;;7;2;1;1;;1;1;1;;;2;998
5;3;19;35;35004;9;3;2;No inventariada;;9;10;1;2;;1;1;1;;;2;998
5;4;15;35;35004;9;3;2;No inventariada;;9;2;2;;;1;1;1;;;1;998
6;1;12;35;35004;9;3;2;No inventariada;;9;2;2;;;1;1;1;;;1;998
7;4;15;35;35004;;1;1;LZ-2;1,147;5;4;2;;;1;1;1;;1;1;1
6;4;8;35;35004;9;3;2;No inventariada;;7;3;1;4;;1;1;1;;;1;998
7;1;22;35;35004;9;3;2;No inventariada;;9;2;1;1;;1;4;7;;;9;998
7;1;17;35;35004;9;3;2;No inventariada;;7;4;2;;;1;1;1;;;1;998
7;2;0;35;35004;9;3;2;No inventariada;;14;3;2;;;1;4;7;;;1;998
7;3;0;35;35004;9;3;2;No inventariada;;9;10;2;;;1;4;7;;;18;998
7;4;11;35;35004;9;3;2;No inventariada;;9;19;2;;;1;1;1;;;1;998
7;2;14;35;35004;9;3;2;No inventariada;;9;7;2;;;1;1;1;;;1;998
7;3;10;35;35004;9;3;2;No inventariada;;9;3;1;4;;1;1;1;;;1;998
8;6;11;35;35004;9;1;1;LZ-20;0,3;6;3;2;;;1;1;1;;;1;1
8;1;14;35;35004;;1;1;LZ-2;0,716;5;4;2;;;1;1;1;;;1;1
7;4;8;35;35004;9;3;2;No inventariada;;9;7;2;;;1;1;1;;;18;998
7;2;16;35;35004;9;3;2;No inventariada;;9;3;2;;;1;1;1;;;1;998
7;7;21;35;35004;9;3;2;No inventariada;;9;20;2;;;1;4;7;;;18;998
7;6;16;35;35004;9;3;2;No inventariada;;9;2;1;1;;1;1;1;;;18;998
7;1;11;35;35004;9;3;2;No inventariada;;9;16;2;;;1;1;1;;;18;998
7;2;18;35;35004;9;3;2;No inventariada;;9;2;2;;;1;1;1;;;1;998
8;7;14;35;35004;9;3;2;No inventariada;;9;4;2;;;1;1;1;;;1;998
8;3;22;35;35004;9;3;2;No inventariada;;9;3;1;4;;1;4;7;;;1;998
9;7;21;35;35004;;1;1;LZ-101;1,1;6;2;1;4;LZ-3;1;4;1;;;1;2
9;2;1;35;35004;0;1;1;LZ-3;0;5;15;1;4;LZ-3;1;4;1;;;1;1
8;3;21;35;35004;9;3;2;No inventariada;;9;2;1;4;;1;4;1;;;1;998
9;2;15;35;35004;;1;1;LZ-2;1,315;5;4;2;;;1;1;1;;;1;1
8;1;11;35;35004;9;3;2;No inventariada;;9;3;2;;;1;1;1;;;1;998
8;3;21;35;35004;9;3;2;No inventariada;;9;5;2;;;1;4;7;;;1;998
8;7;7;35;35004;9;3;2;No inventariada;;9;3;2;;;1;1;1;;;1;998
8;1;7;35;35004;9;3;2;No inventariada;;9;7;2;;;1;1;1;;;18;998
8;1;12;35;35004;9;3;2;No inventariada;;9;2;1;4;;1;1;1;;;18;998
8;5;8;35;35004;9;3;2;No inventariada;;9;10;2;;;1;1;1;;;1;998
9;7;16;35;35004;9;3;2;No inventariada;;9;1;2;;;1;1;1;;;1;998
10;3;16;35;35004;;1;1;LZ-2;1;5;4;2;;;1;1;2;;;1;1
10;1;9;35;35004;;1;1;LZ-2;0,313;5;16;2;;;3;1;3;;;1;2
10;1;9;35;35004;;1;1;LZ-2;0,307;5;16;1;2;LZ-3;3;1;3;;;1;2
10;3;18;35;35004;0;1;1;LZ-20;0;6;4;2;;;1;4;1;;;1;1
11;2;14;35;35004;0;1;1;LZ-101;0,1;6;4;2;;;1;1;1;;;1;1
11;4;9;35;35004;0;1;1;LZ-2;1,774;5;4;2;;;1;1;1;;;1;1
12;2;16;35;35004;;1;1;LZ-3;0,6;5;4;2;;;1;1;1;;;1;1
12;1;4;35;35004;0;1;1;LZ-3;0,5;5;18;1;4;LZ-14;1;4;1;;;1;2
12;3;13;35;35004;0;1;1;LZ-20;1;6;3;2;;;1;1;1;;;1;1
12;2;12;35;35004;0;1;1;LZ-101;0,1;6;3;1;4;LZ-3;1;1;1;;;1;2
4;7;14;35;0;7;1;1;GC-210;13,88;6;12;2;;;1;1;1;;;1;1
11;3;6;35;0;0;1;1;GC-21;36,844;6;4;2;;;1;2;1;;;1;2
1;2;14;35;35006;7;1;1;GC-300;8,2;6;16;2;;;1;1;1;;;4;3
1;1;16;35;35006;;1;1;GC-2;9,47;3;10;2;;;1;1;1;;;1;1
1;3;9;35;35006;0;1;1;GC-20;3,045;6;4;2;;;1;1;1;;;1;1
1;4;7;35;35006;7;1;1;GC-2;7,87;3;4;2;;;1;1;1;;;1;1
1;4;17;35;35006;7;1;1;GC-2;12,4;3;7;2;;;1;1;1;;;1;1
2;7;10;35;35006;;1;1;GC-330;4,392;6;2;2;;;1;1;1;;;1;1
2;5;14;35;35006;;1;1;GC-300;10,4;5;1;2;;;1;1;1;;;1;1
2;6;22;35;35006;0;1;1;GC-301;5,681;6;2;2;;;1;4;1;;;1;1
3;6;22;35;35027;7;1;1;GC-43;6,637;6;1;2;;;3;6;1;;;1;1
3;5;18;35;35006;;1;1;GC-3;15,5;3;12;2;;;3;2;4;;;1;1
4;2;21;35;35006;;1;1;GC-20;0,2;6;4;2;;;1;6;1;;;1;1
4;6;15;35;35006;0;1;1;GC-3;14,8;3;10;2;;;1;1;1;;;1;1
4;1;1;35;35006;;1;1;GC-3;18,5;3;10;2;;;1;6;1;;;1;1
4;1;8;35;35006;7;1;1;GC-2;9,142;3;4;2;;;1;1;1;;;1;1
5;2;7;35;35006;7;1;1;GC-2;10,611;3;4;2;;;1;1;1;;;1;1
5;5;11;35;35006;0;1;1;GC-20;2,099;6;19;2;;;1;1;1;;;1;2
6;1;18;35;35006;;1;1;GC-2;8,5;3;10;2;;;1;1;1;;;1;1
2;7;20;35;35006;7;3;2;No inventariada;;9;12;2;;;1;4;1;;;1;998
6;2;20;35;35006;0;2;2;GC-2;13,812;3;5;2;;;1;2;1;;;1;1
2;3;19;35;35006;7;3;2;No inventariada;;9;7;2;;;1;2;1;;;1;998
1;7;21;35;35006;7;3;2;No inventariada;;9;1;1;2;;1;4;1;;;1;998
1;2;17;35;35006;7;3;2;No inventariada;;9;16;2;;;1;2;1;;;1;998
3;2;15;35;35006;7;3;2;No inventariada;;9;7;1;2;;1;1;1;;;2;998
3;1;9;35;35006;7;3;2;No inventariada;;9;7;2;;;1;1;1;;;1;998
6;1;8;35;35006;;1;1;GC-2;8,127;3;16;2;;;1;1;2;;;18;1
6;2;13;35;35006;7;1;1;GC-43;1,317;6;10;2;;;1;1;2;;;2;1
7;1;9;35;35006;;1;1;GC-3;15,6;3;10;1;4;GC-302;3;1;3;;;1;2
7;6;17;35;35006;0;1;1;GC-20;0,142;6;3;1;2;;1;1;1;;;18;1
7;6;22;35;35006;0;1;1;GC-2;14;3;4;2;;;1;4;1;;;1;1
8;1;19;35;35006;0;1;1;GC-43;0,5;6;3;2;;;1;1;1;;;1;1
8;6;22;35;35006;;1;1;GC-3;16;3;4;2;;;1;2;1;;;1;1