MES;DIA_SEMANA;HORA;COD_PROVINCIA;COD_MUNICIPIO;ISLA;ZONA;ZONA_AGRUPADA;CARRETERA;KM;TIPO_VIA;TIPO_ACCIDENTE;NUDO;NUDO_INFO;CARRETERA_CRUCE;CONDICION_FIRME;CONDICION_ILUMINACION;CONDICION_METEO;CONDICION_NIEBLA;CONDICION_VIENTO;VISIB_RESTRINGIDA_POR;TRAZADO_PLANTA
8;7;17;35;35006;;1;1;GC-2;12,987;3;12;2;;;1;1;1;;;1;3
9;3;22;35;35006;0;1;1;GC-300;13,9;6;20;2;;;1;6;1;;;1;1
9;5;19;35;35006;0;1;1;GC-2;8,024;3;12;2;;;1;1;1;;;1;1
9;4;8;35;35006;;1;1;GC-2;9,096;3;5;2;;;1;1;1;;;4;2
9;4;16;35;35006;;1;1;GC-43;1,073;6;3;1;2;;1;1;1;;;1;1
9;6;7;35;35006;;1;1;GC-20;3,737;6;1;2;;;3;2;2;;;10;1
10;2;9;35;35006;;1;1;GC-2;8,464;3;4;1;12;GC-20;1;1;1;;;6;1
10;3;16;35;35006;0;1;1;GC-3;17,1;3;12;2;;;1;2;2;1;;1;1
10;2;8;35;35006;0;1;1;GC-331;1,8;6;10;2;;;3;1;2;;;18;3
11;1;21;35;35006;0;1;1;GC-2;12,011;3;4;2;;;1;4;1;;;1;1
11;7;11;35;35006;0;1;1;GC-43;2,761;6;16;2;;;1;1;1;;;1;2
11;2;7;35;35006;0;1;1;GC-2;6,168;3;5;2;;;1;1;1;;;6;1
11;5;20;35;35006;;1;1;GC-2;10,471;3;4;2;;;1;4;1;;;1;1
12;1;19;35;35006;0;1;1;GC-2;12,603;3;19;2;;;1;4;1;;;1;1
11;2;8;35;35006;7;3;2;No inventariada;;9;7;1;1;;1;1;1;;;1;998
12;4;7;35;35006;;1;1;GC-330;2,102;6;10;2;;;3;1;3;;;1;2
12;5;17;35;35006;0;1;1;GC330;2,5;6;10;2;;;1;1;1;;;18;2
12;6;13;35;35006;;1;1;GC-43;2,988;6;2;2;;;3;1;3;;;1;2
12;7;0;35;35006;;1;1;GC-330;1,3;6;3;2;;;1;6;1;;;1;2
12;5;15;35;35006;0;1;1;GC-2;9,511;3;4;1;12;GC-3;1;1;1;;;1;3
1;2;17;35;0;;1;1;FV-30;13,936;6;1;2;;;1;1;1;;;6;2
2;5;16;35;0;;1;1;FV-30;10;6;17;2;;;1;1;1;;;6;2
3;6;12;35;0;8;1;1;FV-30;12,5;6;19;2;;;1;1;2;;;1;2
6;6;6;35;0;;1;1;FV-30;9,662;6;15;2;;;3;3;3;1;;5;2
7;7;18;35;0;;1;1;FV-30;19;6;19;2;;;1;1;1;;;1;3
7;2;15;35;0;;1;1;FV-30;9,7;6;19;2;;;1;1;1;;;1;2
12;7;10;35;35017;7;1;1;FV-20;6,4;6;19;2;;;1;1;1;;;1;1
4;3;11;35;35008;;1;1;GC-300;17,6;6;2;2;;;1;1;1;;;1;1
7;3;22;35;35008;;1;1;GC-300;18,017;6;14;2;;;3;6;3;;;4;1
8;4;7;35;35008;;1;1;GC-30;1,784;6;2;2;;;1;2;1;;;1;1
10;3;17;35;35008;0;1;1;GC-30;1,779;6;10;2;;;3;1;7;1;;1;1
10;1;14;35;35008;0;1;1;GC-300;18,215;6;7;1;6;GC-350;1;1;1;;;1;1
10;6;16;35;35008;0;3;2;No inventariada;;9;4;2;;;1;1;1;;;1;998
12;4;16;35;35008;;1;1;GC-300;15,578;6;3;1;2;;1;1;1;;;1;1
12;3;13;35;35008;0;3;2;No inventariada;;9;2;2;;;1;1;1;;;1;998
1;6;19;35;35009;0;1;1;GC-202;0,7;6;4;2;;;1;4;7;;;18;1
1;5;14;35;35009;;1;1;GC-202;2,989;6;5;2;;;1;1;1;;;1;1
2;5;11;35;35009;7;3;2;No inventariada;;14;16;2;;;1;1;1;;;1;998
3;6;14;35;35009;;1;1;GC-220;16,8;6;19;2;;;1;1;1;;;1;2
3;7;17;35;35009;7;3;2;No inventariada;;9;2;2;;;1;1;1;;;4;998
3;2;21;35;35009;;1;1;GC-2;24,422;3;18;2;;;3;4;7;;;1;2
3;6;12;35;35009;0;1;1;GC-202;3,845;6;5;1;2;;1;1;1;;;1;1
4;1;15;35;35009;7;1;1;GC-202;1,636;6;15;2;;;1;1;2;;;1;2
4;4;22;35;35009;;1;1;GC-292;4,298;6;2;1;4;GC-292;1;4;1;;;1;1
4;7;9;35;35009;7;3;2;No inventariada;;9;7;2;;;1;1;1;;;1;998
5;2;19;35;35009;7;3;2;No inventariada;;9;2;1;1;;1;1;1;;;2;998
5;6;23;35;35009;7;3;2;No inventariada;;9;20;2;;;1;3;1;;;1;998
6;3;17;35;35009;0;1;1;GC-220;2,954;6;3;2;;;1;1;1;;;1;2
6;6;13;35;35009;7;3;2;No inventariada;;9;10;2;;;1;1;1;;;1;998
5;1;10;35;35009;7;3;2;No inventariada;;9;7;1;2;;1;1;1;;;1;998
6;4;16;35;35009;0;1;1;GC-2;24,431;3;3;2;;;3;1;2;;;1;2
7;1;22;35;35023;7;1;1;GC-2;23,184;3;15;2;;;1;4;1;;;1;2
6;5;7;35;35009;7;3;2;No inventariada;;9;20;2;;;1;1;1;;;1;998
6;6;19;35;35009;7;3;2;No inventariada;;9;3;1;1;;1;1;1;;;1;998
7;3;14;35;35009;7;3;2;No inventariada;;14;10;2;;;1;1;1;;;1;998
7;3;6;35;35009;0;1;1;GC-292;4,295;6;10;2;;;1;3;1;;;18;2
8;4;10;35;35009;;1;1;GC-2;24,4;3;2;2;;;3;1;3;;;5;2
6;3;10;35;35009;7;3;2;No inventariada;;14;14;2;;;9;1;1;;;1;998
8;6;13;35;35009;7;3;2;No inventariada;;9;16;1;1;;1;1;1;;;1;998
8;3;13;35;35009;7;3;2;No inventariada;;9;4;1;2;;1;1;1;;;1;998
10;5;19;35;35009;7;3;2;No inventariada;;9;18;2;;;1;3;1;;;1;998
9;6;17;35;35009;7;3;2;No inventariada;;9;7;2;;;1;1;1;;;1;998
10;1;6;35;35009;7;3;2;No inventariada;;9;20;2;;;1;3;1;;;1;998
10;7;0;35;35009;7;3;2;No inventariada;;9;7;1;2;;1;3;1;;;1;998
11;6;18;35;35009;7;1;1;GC-220;0,3;6;4;2;;;1;4;1;;;1;1
12;5;16;35;35009;0;1;1;GC-202;0,001;6;3;1;4;GC-2;1;1;2;;;4;1
11;4;14;35;35009;7;3;2;No inventariada;;9;12;2;;;1;1;1;;;1;998
12;3;19;35;35009;0;1;1;GC-2;25,726;3;1;2;;;1;4;1;;;1;1
1;4;9;35;35010;;1;1;LZ-42;5,8;6;3;2;;;1;1;1;;;1;1
2;5;14;35;35010;9;1;1;LZ-1;19;6;5;2;;;1;1;1;;;1;1
2;5;18;35;35010;9;1;1;LZ-201;1,5;6;17;2;;;1;2;1;;;1;1
3;5;11;35;35010;;1;1;LZ-1;22,4;6;4;1;2;LZ-1;1;1;1;;;1;1
4;7;9;35;35010;9;1;1;LZ-1;15,547;6;1;2;;;1;1;1;;;1;1
4;6;19;35;35010;9;1;1;LZ-10;19,8;6;18;2;;;3;1;2;;;1;1
4;2;20;35;35010;9;1;1;LZ-203;2;6;17;1;2;LZ-202;1;2;1;;;1;1
6;6;19;35;35010;;1;1;LZ-10;16,479;6;4;2;;;1;1;1;;;1;1
8;5;17;35;35010;9;1;1;LZ-201;0,106;6;16;2;;;1;1;1;;;1;1
8;1;2;35;35010;9;1;1;LZ-10;19,236;6;16;2;;;1;6;1;;;1;1
10;5;16;35;35010;;1;1;LZ-1;18,5;6;19;2;;;1;1;1;;;1;2
10;6;14;35;35010;9;1;1;LZ-208;3,5;6;16;2;;;1;1;1;;;1;2
11;5;15;35;35010;;1;1;LZ-201;6,3;6;19;2;;;1;1;1;;;1;1
12;7;12;35;35010;9;1;1;LZ-1;24,7;6;19;1;1;;2;1;1;;;1;1
1;4;15;35;35011;0;1;1;GC-1;20,165;2;12;2;;;1;2;1;;;1;1
1;1;15;35;35011;7;1;1;GC-191;0,3;6;7;2;;;1;1;1;;;1;1
1;6;9;35;35011;;1;1;GC-1;16,922;2;20;2;;;1;1;1;;;1;1
1;3;15;35;35011;0;1;1;GC-100;18,766;6;3;1;1;;1;1;1;;;1;1
2;2;13;35;35026;7;1;1;GC-100;16,4;6;19;2;;;1;1;1;;;18;2
2;4;17;35;35011;;1;1;GC-1;17,329;2;4;2;;;3;1;3;;;1;1
3;1;7;35;35011;0;1;1;GC-1;17,363;2;3;2;;;1;1;1;;;1;1
4;2;13;35;35011;0;1;1;GC-191;0,3;6;10;1;2;GC-191;1;1;1;;;1;1
1;2;12;35;35011;7;3;2;No inventariada;;9;4;2;;;9;1;1;;;1;998
7;1;10;35;35011;;1;1;GC-191;0,01;6;3;1;4;GC-191;1;1;1;;;1;2
7;1;13;35;35011;;1;1;GC-191;0,01;6;4;2;;;1;1;1;;;1;4
3;1;14;35;35011;7;3;2;No inventariada;;9;7;2;;;1;1;1;;;1;998
4;4;18;35;35011;7;3;2;No inventariada;;9;5;2;;;1;1;1;;;1;998
4;2;19;35;35011;7;3;2;No inventariada;;9;7;2;;;1;2;1;;;1;998
5;6;11;35;35011;7;3;2;No inventariada;;9;2;2;;;1;1;1;;;1;998
6;7;9;35;35011;7;3;2;No inventariada;;9;4;2;;;1;1;1;;;1;998
6;1;21;35;35011;7;3;2;No inventariada;;9;7;2;;;9;4;1;;;1;998
8;1;20;35;35002;7;1;1;GC-1;20,7;2;12;2;;;1;1;1;;;1;1
8;5;13;35;35011;7;1;1;GC-189;2,133;6;16;2;;;1;1;1;;;1;2
9;5;10;35;35011;0;1;1;GC-1;17,706;2;4;2;;;1;1;1;;;1;1
10;2;10;35;35011;0;1;1;GC-1;18,238;3;4;2;;;1;1;1;;;1;1
10;3;17;35;35011;0;1;1;GC-1;17,235;2;4;2;;;1;1;1;;;1;1
10;5;21;35;35011;;1;1;GC-1;20,1;2;5;2;;;1;4;1;;;1;1
10;7;16;35;35011;0;1;1;GC-120;9,164;6;2;2;;;3;1;3;;;1;2
10;4;15;35;35011;0;1;1;GC-1;17,1;2;5;2;;;1;1;1;;;1;1
10;6;8;35;35011;;1;1;GC-189;0,121;6;2;1;4;;1;1;1;;;1;2
11;1;15;35;35011;;1;1;GC-1;19,482;2;4;2;;;1;1;1;;;18;1
11;3;9;35;35011;0;1;1;GC-1;18,503;2;5;2;;;3;3;3;;;1;1
1;3;16;35;35012;;1;1;GC-1;61,8;2;4;2;;;1;1;1;;;1;1
1;3;13;35;35012;7;1;1;GC-200;59,4;6;16;2;;;1;1;1;;;1;1
1;2;18;35;35012;0;1;1;GC-605;17,5;6;7;2;;;1;2;1;;;4;1
1;5;13;35;35012;0;1;1;GC-200;65,2;6;10;2;;;1;1;1;;;1;1
1;3;19;35;35012;0;1;1;GC-500;41,187;6;19;2;;;1;6;1;;;1;2
1;7;11;35;35012;0;1;1;GC-200;56,536;6;2;2;;;1;1;1;;;4;2
2;5;10;35;35019;7;1;1;GC-505;10,586;6;3;1;2;;1;2;1;;;4;2
2;2;17;35;35012;7;3;2;No inventariada;;9;10;2;;;1;1;1;;;1;998
2;4;12;35;35012;;1;1;GC-500;29,88;6;4;2;;;1;1;1;;;1;3
2;3;15;35;35012;7;3;2;No inventariada;;9;20;1;2;;1;1;1;;;1;998
3;7;18;35;35012;;1;1;GC-500;36,05;6;10;2;;;1;1;1;;;1;1
3;1;11;35;35012;;1;1;GC-500;28,8;6;4;2;;;1;1;1;;;1;1
3;4;22;35;35019;0;1;1;GC-1;52,468;2;4;2;;;1;6;7;;;4;1
3;1;11;35;35012;;1;1;GC-200;46,1;6;4;2;;;1;1;1;;;4;2
3;6;12;35;35012;0;1;1;GC-200;49;6;1;2;;;1;1;1;;;4;1
4;6;12;35;35012;7;1;1;GC-1;61,742;2;5;2;;;1;4;1;;;1;1
4;7;0;35;35012;0;1;1;GC-605;19,5;6;16;2;;;1;6;1;;;4;2
4;2;15;35;35012;;1;1;GC-200;62,787;6;4;2;;;1;1;1;;;1;1
5;1;10;35;35012;0;1;1;GC-200;62,203;6;4;2;;;1;1;1;;;1;1
6;2;12;35;35019;7;1;1;GC-1;54;2;20;2;;;1;1;1;;;1;1
6;5;16;35;35012;0;1;1;GC-500;29,1;6;3;2;;;1;1;1;;;1;1
6;2;20;35;35012;;1;1;GC-1;61,654;2;2;2;;;1;2;1;;;1;1
8;4;21;35;35012;7;1;1;GC-500;34,2;6;4;2;;;1;6;1;;;1;2
9;7;3;35;35012;0;1;1;GC-505;6,015;6;18;2;;;1;6;1;;;1;2
10;6;7;35;35012;7;1;1;GC-1;59;2;4;2;;;1;3;1;;;18;1
10;1;14;35;35012;0;1;1;GC-500;30,7;6;6;1;4;GC-500;1;1;1;;;1;2
10;5;12;35;35012;0;1;1;CAMINO COR;12;6;9;2;;;2;1;1;;;1;1
10;4;15;35;35012;0;1;1;GC-200;62,676;6;18;2;;;1;1;1;;;1;3
12;4;10;35;35012;0;1;1;GC-500;35;6;3;1;2;;1;1;1;;;1;1
12;7;12;35;35012;0;1;1;GC-1;61,5;2;4;2;;;1;1;1;;;1;1
1;6;18;35;35013;7;1;1;GC-75;2,584;6;12;2;;;1;2;1;;;1;1
3;4;9;35;35013;;1;1;GC-2;14,751;3;4;2;;;1;1;1;;;1;1
5;5;8;35;35013;;1;1;GC-2;16,899;3;3;2;;;1;1;1;;;1;2
5;6;7;35;35013;;1;1;GC-2;14,173;3;19;1;4;GC-2;8;1;2;;;1;2
6;6;14;35;35013;;1;1;GC-2;16;3;12;2;;;1;1;1;;;1;1
6;3;13;35;35013;0;1;1;GC-2;15,939;3;15;2;;;3;1;3;;;1;3
7;7;11;35;35023;7;1;1;GC-70;17,35;6;16;2;;;1;1;1;;;1;3
7;1;18;35;35013;;1;1;GC-75;6,64;6;19;2;;;1;1;1;;;18;1
7;5;21;35;35013;7;1;1;GC-2;14,202;3;2;1;4;;1;4;1;;;1;1
8;3;11;35;35013;7;1;1;GC-75;7,511;6;7;2;;;1;1;2;;;4;2
9;2;9;35;35013;;1;1;GC-752;0,029;6;19;2;;;3;1;3;;;1;2
9;7;9;35;35013;;1;1;GC-350;1,785;6;17;2;;;1;1;7;;;4;2
10;4;15;35;35013;0;1;1;GC-75;6;6;4;2;;;1;1;1;;;1;1
10;2;6;35;35013;0;1;1;GC-2;14,215;3;4;2;;;1;4;1;;;1;1
10;2;11;35;35013;0;1;1;GC-751;0,897;6;5;1;2;GC-751;1;1;2;;;18;1
11;5;11;35;35013;0;1;1;GC-75;1,748;6;18;2;;;1;1;1;;;1;2
11;2;16;35;35013;0;1;1;GC-751;0,065;6;9;1;4;;1;3;2;;;1;2
12;3;14;35;35013;;1;1;GC-2;14,451;3;4;2;;;1;1;1;;;1;1
1;7;15;35;35014;8;1;1;FV-103;6;6;17;2;;;1;1;1;;;1;3
2;7;8;35;35014;;1;1;CAMINO MAJ;2;6;10;2;;;2;1;2;;;1;1
2;4;0;35;35014;;1;1;FV-1;32;6;12;2;;;1;6;1;;;1;1
2;1;0;35;35014;;1;1;FV-104;20,9;6;1;2;;;1;6;1;;;1;2
3;1;14;35;35014;;1;1;FV-1;29,2;6;10;1;10;FV-101;1;1;1;;;1;2
4;1;0;35;35014;;1;1;FV-104;8,6;6;14;1;4;FV-102;1;6;1;;;1;1
5;4;4;35;35014;;1;1;FV-109;0,002;6;16;1;4;FV-1;1;6;1;;;1;1
5;7;17;35;35014;;1;1;FV-1;23,6;6;4;2;;;1;1;1;;;1;1
5;6;19;35;35014;;1;1;FV-104;10,4;6;2;1;2;FV-104;1;1;1;;;1;1
5;4;15;35;35014;;1;1;FV-104;18,3;6;13;2;;;1;1;1;;;1;1
5;5;23;35;35014;;1;1;FV-101;9,2;6;12;1;4;FV-109;1;6;1;;;1;2
5;5;21;35;35014;;1;1;FV-1;25,3;6;4;2;;;3;6;3;;;1;1
6;1;19;35;35014;;1;1;FV-104;12,5;6;18;2;;;1;1;1;;;1;1
6;7;18;35;35014;;2;2;FV-109;4,7;6;2;2;;;1;1;1;;;1;1
6;7;2;35;35014;;1;1;FV-1;33,5;6;18;1;4;;1;6;1;;;1;1
7;3;13;35;35014;8;1;1;FV-1;22,1;6;3;2;;;1;1;1;;;1;1
8;6;9;35;35014;;1;1;FV-101;5;6;5;2;;;1;1;1;;;1;1
8;6;21;35;35017;8;1;1;FV-10;14;6;1;2;;;1;6;1;;;1;2
8;2;21;35;35014;;1;1;FV-101;5,6;6;2;1;12;;1;6;1;;;1;3
8;5;14;35;35014;;1;1;FV-102;6;6;19;2;;;1;1;1;;;1;1
8;5;23;35;35014;;1;1;FV-101;4,5;6;2;1;1;;1;4;7;;;1;1
8;6;17;35;35014;;1;1;FV-104;13,3;6;18;2;;;1;1;1;;;1;1
9;7;11;35;35014;;1;1;FV-1;32,9;6;9;2;;;1;1;1;;;1;1
9;3;21;35;35017;8;1;1;FV-1;14,5;6;4;2;;;1;6;1;;;1;1
10;5;19;35;35014;;1;1;FV-109;4,5;6;7;2;;;1;3;1;;;1;1
10;7;1;35;35014;;1;1;FV-1;33,5;6;16;1;4;;1;6;1;;;1;1
11;3;22;35;35014;8;1;1;FV-109;5,3;6;15;2;;;1;6;1;;;1;2
11;7;13;35;35014;;1;1;FV-104;8;6;4;2;;;1;1;1;;;1;1
11;6;2;35;35014;;2;2;FV-109;4,512;6;10;2;;;1;4;1;;;1;1
11;6;14;35;35014;;1;1;FV-1;20,8;6;3;2;;;1;1;1;;;1;1
12;2;0;35;35014;0;1;1;FV-101;1,407;6;16;2;;;1;3;1;;;1;1
12;5;16;35;35014;;2;2;FV-109;4,632;6;12;2;;;1;2;1;;;6;2
1;4;9;35;35015;;1;1;FV-2;82,7;6;7;2;;;1;1;1;;;1;3
1;5;7;35;35015;;1;1;FV-2;82,3;6;18;2;;;1;6;1;;;1;3
1;5;7;35;35015;8;3;2;No inventariada;;9;6;2;;;1;3;1;;;1;998
2;3;22;35;35015;;1;1;FV-2;73,789;6;4;2;;;1;6;1;;;1;1
3;6;11;35;35015;7;1;1;FV-2;73,8;6;18;2;;;3;1;3;;;1;1
3;1;13;35;35015;;1;1;FV-605;9,85;6;12;2;;;1;1;1;;;1;2
3;7;8;35;35015;;1;1;FV-2;73,8;6;12;2;;;3;1;4;;;1;1
3;4;14;35;35015;8;1;1;FV-602;3,881;6;1;1;4;FV-2;1;1;2;;;1;1
5;6;13;35;35015;;1;1;FV-30;33,2;6;1;2;;;1;1;1;;;1;1
5;6;17;35;35015;;1;1;FV-2;75,9;6;12;2;;;1;1;1;;;1;2
5;3;13;35;35030;8;1;1;FV-618;2,8;6;14;2;;;1;1;1;;;1;2
6;6;5;35;35015;;1;1;FV-2;76;6;16;2;;;3;4;3;;;1;2
6;1;8;35;35015;;1;1;FV-2;67,5;6;4;2;;;1;3;1;;;1;1
8;7;6;35;35015;;1;1;FV-2;59,9;6;7;2;;;1;6;1;;;1;1
8;3;13;35;35015;8;3;2;No inventariada;;9;7;2;;;1;1;1;;;1;998
8;5;13;35;35015;;1;1;FV-30;35,138;6;2;1;2;;1;1;1;;;1;1
9;6;11;35;35015;;1;1;FV-30;29,781;6;4;2;;;1;1;1;;;1;2
9;7;18;35;35015;;1;1;FV-2;54,35;6;15;2;;;1;2;1;;1;1;1
9;1;13;35;35015;;1;1;FV-2;54,46;6;5;1;1;DESCONOCID;1;1;1;;;1;1
9;6;18;35;35015;8;3;2;No inventariada;;9;7;1;2;;1;1;1;;;1;998
9;5;16;35;35015;;1;1;FV-56;4,2;6;12;2;;;1;1;1;;;1;2
10;3;16;35;35015;8;1;1;FV-2;76,819;6;18;2;;;1;1;1;;;1;2
12;7;13;35;35015;;1;1;FV-605;19,2;6;3;2;;;1;1;1;;;1;1
12;7;4;35;35015;;1;1;FV-2;68;6;12;2;;;3;6;3;;;1;1
12;1;16;35;35015;;1;1;FV-605;23,9;6;2;2;;;1;1;1;;;1;1
1;2;17;35;35016;7;1;1;GC-1;5,54;3;4;2;;;1;1;1;;;1;1
1;3;10;35;35016;;1;1;GC-3;8,335;3;3;2;;;1;1;1;;;1;1
1;3;23;35;35026;0;1;1;GC-1;5,743;3;18;2;;;1;4;1;;;1;1
1;4;10;35;35016;0;1;1;GC-3;8,501;3;4;2;;;1;1;1;;;1;1
1;4;11;35;35016;0;1;1;GC-1;4,2;3;4;2;;;1;1;1;;;1;1
1;5;7;35;35016;;1;1;GC-31;3,611;3;19;2;;;3;1;3;;;1;2
1;5;14;35;35016;0;1;1;GC-110;7,282;6;4;1;4;;1;1;1;;;1;2
1;7;2;35;35016;;1;1;GC-2;1,817;3;14;2;;;1;4;7;;;18;2
1;3;7;35;35016;7;3;2;No inventariada;;9;9;2;;;1;2;7;;;18;998
1;1;17;35;35016;;1;1;GC-3;1,332;3;4;2;;;1;1;7;;;1;1
1;7;16;35;35016;7;3;2;No inventariada;;9;7;2;;;9;1;1;;;18;998
1;4;14;35;35016;7;3;2;No inventariada;;9;3;1;1;;1;1;1;;;18;998
1;4;12;35;35016;7;3;2;No inventariada;;9;4;1;2;;1;1;1;;;18;998
1;4;13;35;35016;7;3;2;No inventariada;;9;4;2;;;1;1;1;;;1;998
1;3;16;35;35016;7;3;2;No inventariada;;9;2;1;1;;1;1;1;;;1;998
1;5;14;35;35016;7;3;2;No inventariada;;9;2;2;;;1;1;1;;;1;998
1;4;20;35;35016;7;3;2;No inventariada;;9;2;1;2;;1;5;1;;;18;998
1;3;18;35;35016;7;1;1;GC-23;0,388;3;5;2;;;1;4;1;;;1;1
1;5;13;35;35016;7;3;2;No inventariada;;9;3;2;;;3;1;2;;;18;998
1;2;15;35;35016;7;3;2;No inventariada;;9;4;2;;;1;1;1;;;1;998
1;1;15;35;35016;7;3;2;No inventariada;;9;4;1;2;;1;1;1;;;18;998
1;5;19;35;35016;0;1;1;GC-3;9;3;4;2;;;1;4;1;;;1;1
1;5;10;35;35016;0;1;1;GC-3;12,922;3;4;2;;;1;1;1;;;1;1
1;2;13;35;35016;7;3;2;No inventariada;;9;2;1;2;;1;1;1;;;1;998
1;3;9;35;35016;7;3;2;No inventariada;;9;7;2;;;1;1;1;;;1;998
1;5;18;35;35016;7;3;2;No inventariada;;9;3;2;;;1;4;1;;;1;998
1;7;14;35;35016;7;3;2;No inventariada;;9;2;2;;;1;1;1;;;1;998
1;2;19;35;35016;7;3;2;No inventariada;;9;7;2;;;1;4;1;;;1;998
1;2;10;35;35016;7;3;2;No inventariada;;14;4;2;;;1;1;1;;;1;998
1;5;20;35;35016;7;3;2;No inventariada;;9;7;2;;;1;4;1;;;1;998
1;7;1;35;35016;7;3;2;No inventariada;;14;10;2;;;1;4;1;;;1;998
1;1;14;35;35016;7;3;2;No inventariada;;9;2;1;1;;1;1;1;;;1;998
1;2;14;35;35016;0;1;1;GC-3;1,962;3;4;2;;;1;1;1;;;1;1
1;4;10;35;35016;7;3;2;No inventariada;;9;2;1;1;;1;1;1;;;1;998
1;5;7;35;35016;7;3;2;No inventariada;;9;4;2;;;1;1;1;;;1;998
1;3;13;35;35016;7;3;2;No inventariada;;9;2;1;1;;1;1;1;;;1;998
1;5;9;35;35026;7;1;1;GC-140;4,205;6;10;1;4;;7;1;1;;;1;2
1;1;11;35;35016;7;3;2;No inventariada;;9;2;1;1;;1;1;1;;;9;998
1;5;10;35;35016;;1;1;GC-110;6,4;6;4;1;4;GC-31;1;1;1;;;1;1
1;4;18;35;35016;7;3;2;No inventariada;;9;7;2;;;1;1;1;;;1;998
1;2;19;35;35016;7;3;2;No inventariada;;9;4;2;;;1;4;1;;;1;998
1;5;19;35;35016;7;3;2;No inventariada;;9;2;2;;;1;4;1;;;1;998
1;2;15;35;35016;7;3;2;No inventariada;;9;19;2;;;1;1;1;;;1;998
1;5;14;35;35016;7;3;2;No inventariada;;9;2;1;1;;1;1;1;;;1;998
1;1;19;35;35016;0;1;1;GC-3;9,293;3;3;2;;;1;4;1;;;1;1
1;7;2;35;35016;7;3;2;No inventariada;;9;2;1;2;;1;4;1;;;1;998
1;2;18;35;35016;7;3;2;No inventariada;;9;2;1;2;;1;2;1;;;1;998
1;4;21;35;35016;7;3;2;No inventariada;;9;7;1;1;;1;4;1;;;1;998
1;3;10;35;35016;7;1;1;GC-1;0,303;3;5;2;;;1;1;1;;;1;1
1;2;9;35;35016;7;3;2;No inventariada;;9;2;2;;;1;1;1;;;9;998
1;1;14;35;35016;7;3;2;No inventariada;;9;2;2;;;1;1;1;;;1;998
1;3;15;35;35016;0;1;1;GC-1;5,014;3;4;2;;;1;1;1;;;1;1
1;2;20;35;35016;7;3;2;No inventariada;;9;4;2;;;1;4;1;;;1;998
1;2;7;35;35016;7;3;2;No inventariada;;9;7;2;;;1;1;1;;;1;998
1;1;19;35;35016;7;3;2;No inventariada;;9;2;2;;;1;4;1;;;18;998
1;2;12;35;35016;7;3;2;No inventariada;;9;10;2;;;1;1;1;;;1;998
1;3;10;35;35016;7;3;2;No inventariada;;9;2;2;;;1;1;1;;;1;998
2;5;13;35;35016;0;1;1;GC-3;8,3;3;4;2;;;1;1;1;;;1;1
1;2;20;35;35016;7;3;2;No inventariada;;9;4;1;4;;1;4;1;;;1;998
1;1;15;35;35016;7;3;2;No inventariada;;9;7;2;;;1;1;1;;;1;998
2;1;9;35;35016;;1;1;GC-2;1,912;3;3;2;;;1;1;7;;;18;1
2;1;12;35;35016;;1;1;GC-300;4,4;6;10;2;;;7;1;1;;;18;2
2;2;19;35;35016;7;1;1;GC-3;9,3;3;12;2;;;1;4;1;;;1;3
2;5;21;35;35016;7;3;2;No inventariada;;9;2;1;1;;1;4;1;;;1;998
1;4;7;35;35016;7;3;2;No inventariada;;9;7;2;;;9;1;7;;;1;998
2;4;7;35;35026;7;1;1;GC-1;9,8;3;4;2;;;1;1;1;;;1;1
2;5;11;35;35016;;1;1;GC-1;4,414;3;10;2;;;7;1;1;;;1;1
2;5;15;35;35026;7;1;1;GC-1;10,274;3;4;2;;;1;1;1;;;18;1
2;5;21;35;35006;7;1;1;GC-2;7,3;3;4;2;;;1;4;1;;;1;1
2;4;18;35;35016;7;3;2;No inventariada;;9;2;2;;;1;1;1;;;1;998
2;2;17;35;35016;7;3;2;No inventariada;;9;7;2;;;1;1;1;;;18;998
2;3;12;35;35016;7;3;2;No inventariada;;9;2;2;;;9;1;7;;;18;998
1;6;11;35;35016;7;3;2;No inventariada;;9;10;2;;;1;1;1;;;18;998
1;3;18;35;35016;7;3;2;No inventariada;;9;2;1;1;;1;1;1;;;9;998
2;4;10;35;35016;7;3;2;No inventariada;;9;16;1;2;;1;1;1;;;18;998
2;3;15;35;35016;7;3;2;No inventariada;;9;4;2;;;1;1;1;;;18;998
2;5;14;35;35016;7;3;2;No inventariada;;9;7;2;;;1;1;1;;;9;998
2;4;18;35;35016;7;3;2;No inventariada;;9;10;2;;;1;1;1;;;18;998
2;4;10;35;35016;7;3;2;No inventariada;;9;4;2;;;1;1;1;;;1;998
2;1;7;35;35016;0;1;1;GC-3;10,595;3;4;2;;;1;3;1;;;1;1
2;1;9;35;35016;0;1;1;GC-3;0,65;3;15;2;;;1;1;1;;;1;1
2;3;13;35;35016;7;1;1;GC-110;2,5;6;16;2;;;1;1;1;;;1;1
2;4;8;35;35016;0;1;1;GC-23;3,812;3;4;2;;;1;1;2;;;1;2
2;5;16;35;35016;0;1;1;GC-31;0,15;3;4;2;;;3;4;3;;;1;2
2;5;16;35;35016;0;1;1;GC-3;8;3;4;2;;;3;1;3;;;1;2
1;2;13;35;35016;7;3;2;No inventariada;;14;19;2;;;1;1;1;;;1;998
1;2;8;35;35016;7;3;2;No inventariada;;14;4;2;;;1;1;1;;;1;998
1;3;17;35;35016;7;3;2;No inventariada;;9;4;2;;;1;1;1;;;18;998
2;7;15;35;35016;7;3;2;No inventariada;;9;3;1;2;;1;1;1;;;18;998
1;3;12;35;35016;7;3;2;No inventariada;;9;7;2;;;1;1;1;;;1;998
2;1;17;35;35016;7;3;2;No inventariada;;9;2;2;;;1;1;1;;;1;998
2;7;12;35;35016;7;3;2;No inventariada;;9;10;2;;;1;1;1;;;18;998
2;3;8;35;35016;7;3;2;No inventariada;;9;2;1;1;;1;1;1;;;18;998
2;3;9;35;35016;7;3;2;No inventariada;;9;10;2;;;3;1;1;;;18;998
2;3;9;35;35016;7;3;2;No inventariada;;9;3;2;;;1;1;1;;;18;998
2;7;21;35;35016;7;3;2;No inventariada;;9;10;1;2;;3;4;3;;;18;998
2;4;12;35;35016;7;3;2;No inventariada;;9;7;2;;;1;1;1;;;18;998
2;3;17;35;35016;;1;1;GC-3;7;3;4;2;;;1;1;1;;;1;1
2;4;1;35;35016;;1;1;GC-23;3,839;3;15;2;;;1;4;1;;;1;1
2;1;11;35;35016;7;2;2;GC-1 AM;7;3;6;2;;;1;1;1;;;1;1
2;4;14;35;35016;7;3;2;No inventariada;;9;7;2;;;1;1;1;;;1;998
1;3;9;35;35016;7;4;2;GC-1 AM;0,3;3;3;2;;;1;1;1;;;1;1
2;4;21;35;35016;7;3;2;No inventariada;;9;10;2;;;1;4;7;;;18;998
3;7;5;35;35016;;1;1;GC-3;12,505;3;12;2;;;3;4;7;;;1;3
2;1;14;35;35016;7;3;2;No inventariada;;14;4;2;;;1;1;1;;;1;998