MES;DIA_SEMANA;HORA;COD_PROVINCIA;COD_MUNICIPIO;ISLA;ZONA;ZONA_AGRUPADA;CARRETERA;KM;TIPO_VIA;TIPO_ACCIDENTE;NUDO;NUDO_INFO;CARRETERA_CRUCE;CONDICION_FIRME;CONDICION_ILUMINACION;CONDICION_METEO;CONDICION_NIEBLA;CONDICION_VIENTO;VISIB_RESTRINGIDA_POR;TRAZADO_PLANTA
2;2;21;35;35016;7;3;2;No inventariada;;9;2;1;1;;1;4;1;;;1;998
2;3;7;35;35016;7;3;2;No inventariada;;9;4;2;;;1;1;2;;;18;998
2;5;13;35;35016;7;3;2;No inventariada;;9;4;2;;;1;1;1;;;18;998
2;3;13;35;35016;7;3;2;No inventariada;;9;12;2;;;1;1;1;;;18;998
2;1;9;35;35016;7;3;2;No inventariada;;9;18;2;;;3;1;3;;;18;998
2;2;20;35;35016;7;3;2;No inventariada;;9;7;2;;;1;4;1;;;18;998
2;3;20;35;35016;7;3;2;No inventariada;;9;7;2;;;1;2;1;;;18;998
2;4;21;35;35016;7;3;2;No inventariada;;9;18;2;;;2;6;2;;;12;998
2;7;14;35;35016;7;3;2;No inventariada;;9;2;2;;;1;1;1;;;18;998
2;4;14;35;35016;7;3;2;No inventariada;;9;1;2;;;1;1;1;;;18;998
2;4;12;35;35016;7;3;2;No inventariada;;9;4;1;4;;1;1;1;;;18;998
2;2;14;35;35016;7;3;2;No inventariada;;9;2;1;4;;1;1;1;;;18;998
3;1;13;35;35016;7;3;2;No inventariada;;9;7;2;;;1;1;2;;;18;998
2;2;8;35;35016;7;3;2;No inventariada;;9;10;2;;;1;1;1;;;1;998
2;5;15;35;35016;7;3;2;No inventariada;;9;2;1;2;;3;1;4;;;18;998
2;4;9;35;35016;7;3;2;No inventariada;;9;7;1;2;;1;1;1;;;18;998
2;3;9;35;35016;7;3;2;No inventariada;;9;2;1;2;;1;1;1;;;18;998
2;7;12;35;35016;7;3;2;No inventariada;;9;3;2;;;9;1;7;;;18;998
2;3;7;35;35016;7;3;2;No inventariada;;9;2;2;;;1;1;1;;;18;998
2;2;15;35;35016;7;3;2;No inventariada;;9;4;2;;;1;1;1;;;18;998
1;5;12;35;35016;7;3;2;No inventariada;;9;3;1;4;;1;1;1;;;18;998
3;2;8;35;35016;7;3;2;No inventariada;;9;4;2;;;1;1;1;;;1;998
3;3;19;35;35016;;1;1;GC-1;1,167;3;4;2;;;1;4;1;;;1;1
2;1;19;35;35016;7;3;2;No inventariada;;9;20;2;;;7;2;1;;;18;998
2;3;7;35;35016;7;3;2;No inventariada;;9;3;1;1;;1;1;1;;;18;998
2;3;8;35;35016;7;3;2;No inventariada;;9;4;2;;;1;4;7;;;18;998
2;6;19;35;35016;7;3;2;No inventariada;;9;10;2;;;1;1;1;;;18;998
2;3;11;35;35016;7;3;2;No inventariada;;9;7;2;;;1;1;1;;;18;998
3;4;14;35;35016;;1;1;GC-1;1,4;3;5;2;;;3;1;3;;;1;1
2;1;19;35;35016;7;3;2;No inventariada;;9;4;2;;;1;1;1;;;1;998
3;4;14;35;35016;;1;1;GC-3;9,709;3;5;2;;;3;1;3;;;1;1
2;3;13;35;35016;7;3;2;No inventariada;;9;10;2;;;1;1;1;;;1;998
3;5;15;35;35016;;1;1;GC-2;3,259;3;10;2;;;1;1;1;;;1;1
2;1;14;35;35016;7;3;2;No inventariada;;9;12;2;;;1;1;1;;;1;998
3;3;19;35;35016;7;3;2;No inventariada;;9;7;2;;;1;1;1;;;1;998
3;1;9;35;35016;;1;1;GC-31;3,65;3;19;2;;;3;1;3;;;18;2
2;4;8;35;35016;7;3;2;No inventariada;;9;2;1;1;;1;1;1;;;1;998
3;5;20;35;35016;7;3;2;No inventariada;;9;2;1;1;;1;3;2;;;1;998
2;1;12;35;35016;7;3;2;No inventariada;;9;7;2;;;1;1;7;;;1;998
3;2;8;35;35016;;1;1;GC-2;2,007;3;4;2;;;1;1;1;;;18;1
2;4;8;35;35016;7;3;2;No inventariada;;9;1;2;;;1;1;1;;;1;998
3;3;11;35;35016;0;1;1;GC-2;5,516;3;20;2;;;1;1;1;;;1;2
3;1;19;35;35016;7;3;2;No inventariada;;9;7;2;;;1;1;1;;;9;998
2;1;20;35;35016;7;3;2;No inventariada;;9;1;2;;;1;1;7;;;18;998
3;1;12;35;35016;7;3;2;No inventariada;;9;2;1;1;;1;1;1;;;18;998
3;5;7;35;35016;7;3;2;No inventariada;;9;2;1;2;;1;3;2;;;18;998
3;2;17;35;35016;7;3;2;No inventariada;;9;4;2;;;1;1;1;;;18;998
3;4;17;35;35016;7;3;2;No inventariada;;9;10;2;;;1;1;1;;;18;998
2;7;14;35;35016;7;3;2;No inventariada;;9;10;2;;;1;1;1;;;1;998
3;4;9;35;35016;0;1;1;GC-1;5,5;3;1;2;;;1;1;1;;;1;1
3;6;21;35;35016;7;3;2;No inventariada;;9;7;2;;;1;4;1;;;1;998
3;7;10;35;35016;7;3;2;No inventariada;;9;2;1;1;;1;1;1;;;1;998
3;1;22;35;35016;7;3;2;No inventariada;;9;2;1;1;;1;4;1;;;1;998
3;6;16;35;35016;7;1;1;GC-4;0,1;3;12;2;;;1;4;1;;;1;2
3;7;7;35;35016;;1;1;GC-3;10,778;3;12;2;;;1;1;1;;;1;1
3;2;16;35;35016;7;3;2;No inventariada;;9;4;1;2;;1;1;1;;;1;998
2;1;13;35;35016;7;3;2;No inventariada;;9;4;2;;;1;1;1;;;1;998
2;2;12;35;35016;7;3;2;No inventariada;;9;4;2;;;1;1;1;;;1;998
1;2;8;35;35016;7;3;2;No inventariada;;9;7;2;;;1;1;1;;;9;998
2;2;13;35;35016;7;3;2;No inventariada;;9;7;2;;;1;1;1;;;1;998
3;1;14;35;35016;0;1;1;GC-23;3,182;3;4;2;;;1;1;1;;;1;1
3;5;14;35;35016;7;4;2;GC-1 AM;2,8;3;4;2;;;1;1;1;;;1;1
3;3;9;35;35016;7;3;2;No inventariada;;9;2;1;1;;1;1;1;;;1;998
3;5;14;35;35016;7;3;2;No inventariada;;9;3;2;;;1;1;1;;;1;998
3;5;6;35;35016;;1;1;GC-3;8,2;3;5;1;12;GC-23;3;3;3;;;1;1
3;6;23;35;35016;;1;1;GC-3;12,708;3;12;2;;;3;6;2;;;5;3
3;7;20;35;35016;7;1;1;GC-3;9,44;3;3;2;;;3;4;3;;;1;3
3;1;17;35;35016;;1;1;GC-3;5,958;3;15;2;;;1;1;1;;;18;1
3;2;11;35;35016;7;3;2;No inventariada;;9;7;1;1;;1;1;1;;;1;998
3;5;22;35;35016;7;3;2;No inventariada;;9;2;2;;;1;4;2;;;1;998
3;5;18;35;35016;7;1;1;GC-308;4,1;6;16;2;;;1;1;2;;;1;1
3;1;21;35;35016;7;3;2;No inventariada;;9;17;2;;;1;4;1;;;1;998
1;3;17;35;35016;7;3;2;No inventariada;;9;3;2;;;1;1;1;;;18;998
3;3;17;35;35016;7;3;2;No inventariada;;9;2;2;;;1;1;1;;;18;998
3;4;8;35;35016;7;3;2;No inventariada;;9;2;1;4;;1;1;1;;;18;998
3;4;14;35;35016;7;3;2;No inventariada;;9;3;2;;;1;1;1;;;18;998
3;4;17;35;35016;7;3;2;No inventariada;;9;7;2;;;1;1;2;;;1;998
3;5;11;35;35016;7;3;2;No inventariada;;9;2;2;;;1;1;1;;;1;998
4;1;11;35;35016;0;1;1;GC-3;8,752;3;4;2;;;1;2;7;;;1;1
3;6;21;35;35016;7;3;2;No inventariada;;14;4;1;2;;9;3;7;;;4;998
3;2;20;35;35016;7;3;2;No inventariada;;9;10;2;;;4;4;4;;;18;998
4;2;21;35;35016;;1;1;GC-2;1,334;3;19;2;;;8;4;1;;;1;2
3;4;14;35;35016;7;4;2;GC-1 AM;7,2;3;3;2;;;1;1;1;;;1;1
3;6;22;35;35016;7;3;2;No inventariada;;9;2;1;1;;3;4;2;;;1;998
3;3;17;35;35016;7;3;2;No inventariada;;14;5;2;;;1;1;1;;;1;998
2;2;16;35;35016;7;3;2;No inventariada;;9;4;2;;;1;1;2;;;1;998
3;5;19;35;35016;7;3;2;No inventariada;;9;4;2;;;1;4;1;;;1;998
3;4;13;35;35016;7;3;2;No inventariada;;9;4;2;;;9;1;7;;;1;998
3;1;14;35;35016;7;3;2;No inventariada;;14;4;2;;;1;1;2;;;1;998
3;3;15;35;35016;7;3;2;No inventariada;;9;3;2;;;1;1;1;;;1;998
3;1;12;35;35016;7;3;2;No inventariada;;9;4;1;4;;1;1;1;;;1;998
3;2;9;35;35016;7;3;2;No inventariada;;9;3;1;4;;3;1;2;;;1;998
4;6;12;35;35016;0;1;1;GC-3;12,868;3;16;2;;;3;1;3;;;1;1
3;6;2;35;35016;7;3;2;No inventariada;;9;20;2;;;3;4;4;;;18;998
3;1;12;35;35016;7;3;2;No inventariada;;9;16;2;;;1;1;1;;;18;998
3;4;15;35;35016;7;3;2;No inventariada;;9;10;1;2;;3;1;7;;;18;998
3;3;8;35;35016;7;3;2;No inventariada;;9;7;2;;;1;1;1;;;18;998
3;3;15;35;35016;7;3;2;No inventariada;;9;2;1;1;;1;1;1;;;18;998
3;2;12;35;35016;7;3;2;No inventariada;;9;10;1;2;;1;1;2;;;18;998
3;7;16;35;35016;7;3;2;No inventariada;;9;4;2;;;1;1;1;;;18;998
3;4;23;35;35016;7;3;2;No inventariada;;9;2;1;1;;1;4;7;;;18;998
3;2;1;35;35016;7;3;2;No inventariada;;9;2;1;4;;1;4;2;;;18;998
3;5;19;35;35016;7;3;2;No inventariada;;9;2;1;2;;3;4;2;;;18;998
4;3;17;35;35016;7;3;2;No inventariada;;9;3;2;;;9;1;7;;;17;998
3;7;14;35;35016;7;3;2;No inventariada;;9;4;2;;;1;1;2;;;1;998
4;1;16;35;35016;7;1;1;GC-23;4,4;3;3;2;;;1;1;2;;;1;2
4;4;21;35;35016;7;3;2;No inventariada;;9;3;1;4;;1;6;1;;;18;998
4;6;12;35;35016;7;3;2;No inventariada;;9;10;2;;;3;1;3;;;18;998
4;4;17;35;35016;7;3;2;No inventariada;;9;4;1;5;;1;1;2;;;18;998
4;3;13;35;35016;7;3;2;No inventariada;;9;2;1;4;;1;1;1;;;18;998
4;4;16;35;35016;7;3;2;No inventariada;;7;4;2;;;9;1;7;;;18;998
4;1;7;35;35016;7;3;2;No inventariada;;9;4;2;;;1;2;2;;;18;998
4;2;15;35;35016;7;3;2;No inventariada;;9;3;2;;;1;4;7;;;18;998
4;5;8;35;35016;7;3;2;No inventariada;;9;7;2;;;1;1;1;;;1;998
4;1;21;35;35016;7;3;2;No inventariada;;9;10;2;;;1;4;1;;;1;998
4;5;11;35;35016;7;3;2;No inventariada;;9;2;1;1;;9;1;7;;;1;998
3;2;10;35;35016;7;3;2;No inventariada;;9;7;1;1;;1;1;2;;;1;998
4;2;15;35;35016;7;3;2;No inventariada;;9;2;1;1;;1;1;1;;;1;998
3;6;16;35;35016;7;3;2;No inventariada;;9;10;2;;;2;1;2;;;1;998
4;2;21;35;35016;7;3;2;No inventariada;;14;7;2;;;1;4;1;;;18;998
4;1;14;35;35016;7;3;2;No inventariada;;9;10;2;;;1;1;1;;;1;998
4;3;13;35;35016;7;3;2;No inventariada;;9;5;2;;;1;1;1;;;1;998
4;2;12;35;35016;7;3;2;No inventariada;;9;4;2;;;1;1;1;;;1;998
4;6;14;35;35016;0;1;1;GC-110;5,051;6;10;2;;;7;1;1;;;4;2
4;1;11;35;35016;0;1;1;GC-3;6,999;3;19;2;;;2;1;1;;;1;1
4;2;15;35;35016;0;1;1;GC-3;7,29;3;4;2;;;1;1;1;;;1;1
4;2;17;35;35016;0;1;1;GC-2;5,808;3;19;2;;;1;1;1;;;1;2
4;3;7;35;35016;0;1;1;GC-21;2,434;6;10;2;;;7;1;1;;;1;2
2;6;14;35;35016;7;3;2;No inventariada;;9;2;1;1;;1;1;1;;;1;998
4;2;19;35;35016;7;3;2;No inventariada;;9;10;2;;;1;2;1;;;1;998
4;4;9;35;35016;;1;1;GC-3;0,7;3;5;2;;;1;1;1;;;1;1
4;4;15;35;35026;7;1;1;GC-1;9,8;3;4;2;;;1;1;1;;;1;1
4;4;16;35;35016;0;1;1;GC-3;7,566;3;10;2;;;8;1;2;;;1;1
4;5;18;35;35016;7;4;2;GC-1 AM;2,9;3;7;2;;;1;1;1;;;1;1
4;6;20;35;35026;7;1;1;GC-1;7,016;3;4;2;;;1;4;2;;;1;1
4;7;1;35;35016;;1;1;GC-3;1,738;3;12;2;;;1;3;1;;;1;1
4;1;15;35;35016;7;3;2;No inventariada;;14;7;2;;;1;1;1;;;9;998
4;3;14;35;35016;7;1;1;GC-23;3,165;3;4;2;;;1;1;1;;;1;1
4;6;8;35;35016;7;3;2;No inventariada;;9;2;1;1;;1;1;1;;;9;998
4;5;14;35;35016;7;3;2;No inventariada;;14;4;2;;;1;1;1;;;1;998
3;7;13;35;35016;7;3;2;No inventariada;;9;4;2;;;1;1;1;;;1;998
4;3;7;35;35016;7;3;2;No inventariada;;14;2;2;;;1;1;1;;;9;998
4;5;8;35;35016;7;3;2;No inventariada;;9;2;1;4;;1;2;1;;;1;998
4;7;5;35;35016;0;1;1;GC-110;7,305;6;15;2;;;1;4;2;;;1;1
5;4;13;35;35016;;1;1;GC-300;3;6;2;2;;;1;1;2;;;1;1
4;4;19;35;35016;7;3;2;No inventariada;;9;7;2;;;1;1;1;;;1;998
4;5;7;35;35016;7;3;2;No inventariada;;9;3;1;2;;1;1;1;;;18;998
4;3;15;35;35016;7;3;2;No inventariada;;9;7;2;;;1;1;1;;;18;998
4;5;14;35;35016;7;3;2;No inventariada;;9;4;2;;;2;1;1;;;18;998
4;3;13;35;35016;7;3;2;No inventariada;;9;3;2;;;1;1;1;;;18;998
3;1;8;35;35016;7;3;2;No inventariada;;9;7;2;;;3;1;2;;;18;998
4;3;16;35;35016;7;3;2;No inventariada;;9;2;1;2;;1;1;1;;;18;998
4;3;12;35;35016;7;3;2;No inventariada;;9;4;2;;;1;4;1;;;18;998
4;6;20;35;35016;7;3;2;No inventariada;;9;2;1;2;;1;1;1;;;18;998
3;4;19;35;35016;7;3;2;No inventariada;;9;3;2;;;1;3;1;;;1;998
4;3;9;35;35016;7;3;2;No inventariada;;14;7;2;;;1;1;1;;;14;998
5;3;15;35;35016;;1;1;GC-31;2,998;3;5;2;;;1;1;1;;;1;1
4;7;15;35;35016;7;3;2;No inventariada;;9;16;2;;;1;1;1;;;18;998
4;3;6;35;35016;7;3;2;No inventariada;;9;16;2;;;1;3;2;;;18;998
4;2;8;35;35016;7;3;2;No inventariada;;14;10;2;;;1;1;1;;;18;998
4;7;22;35;35016;7;3;2;No inventariada;;9;3;1;2;;1;4;1;;;18;998
4;1;18;35;35016;7;3;2;No inventariada;;9;2;1;6;;1;1;1;;;18;998
5;4;4;35;35016;;1;1;GC-300;4;6;19;1;4;;1;4;1;;;1;2
4;2;14;35;35016;7;3;2;No inventariada;;9;7;2;;;1;1;1;;;1;998
5;2;14;35;35016;7;3;2;No inventariada;;9;7;2;;;1;1;1;;;1;998
5;5;17;35;35016;;1;1;GC-310;0,82;6;2;1;2;GC-320;1;1;1;;;4;2
4;6;10;35;35016;7;4;2;GC-1 AM;3,5;3;7;2;;;1;1;1;;;9;1
5;7;15;35;35016;7;1;1;GC-320;0,53;6;4;2;;;1;1;1;;;1;1
5;4;15;35;35016;7;3;2;No inventariada;;9;7;2;;;1;1;1;;;1;998
5;1;15;35;35016;;1;1;GC-1;3,442;3;3;2;;;1;1;1;;;18;2
4;3;15;35;35016;7;4;2;GC-1 AM;7,7;3;4;2;;;1;1;1;;;1;1
5;2;15;35;35016;7;1;1;GC-21;2,4;6;1;2;;;1;1;1;;;1;1
5;5;22;35;35016;7;3;2;No inventariada;;9;2;1;1;;1;4;1;;;1;998
5;5;15;35;35016;7;1;1;GC-23;2,772;3;3;2;;;1;1;1;;;1;1
5;5;16;35;35016;7;1;1;GC-23;3,603;3;4;2;;;1;1;1;;;1;1
4;3;8;35;35016;7;3;2;No inventariada;;9;7;2;;;1;1;1;;;1;998
5;6;10;35;35016;;1;1;GC-3;5,933;3;12;2;;;3;1;4;;;1;2
5;6;18;35;35016;;1;1;GC-100;0,858;6;19;2;;;1;1;1;;;18;1
5;4;11;35;35016;7;3;2;No inventariada;;9;7;1;1;;1;1;1;;;1;998
4;3;18;35;35016;7;3;2;No inventariada;;9;4;2;;;1;4;1;;;1;998
5;5;19;35;35016;7;3;2;No inventariada;;9;2;2;;;1;1;1;;;1;998
5;2;16;35;35016;7;3;2;No inventariada;;9;10;2;;;3;4;3;;;1;998
2;4;19;35;35016;7;3;2;No inventariada;;9;7;2;;;1;4;1;;;1;998
5;4;22;35;35016;7;3;2;No inventariada;;9;2;1;1;;1;4;1;;;1;998
5;3;8;35;35016;7;3;2;No inventariada;;9;20;2;;;1;1;1;;;1;998
5;2;14;35;35016;7;3;2;No inventariada;;9;4;2;;;1;1;2;;;1;998
5;2;19;35;35016;7;3;2;No inventariada;;9;2;2;;;1;1;1;;;1;998
5;7;16;35;35016;7;3;2;No inventariada;;14;16;2;;;1;1;1;;;1;998
5;4;17;35;35016;7;3;2;No inventariada;;9;1;2;;;1;1;7;;;1;998
3;6;6;35;35016;7;3;2;No inventariada;;9;2;2;;;1;1;1;;;1;998
5;3;10;35;35016;7;3;2;No inventariada;;9;2;2;;;1;1;1;;;1;998
5;2;14;35;35016;7;3;2;No inventariada;;9;2;1;1;;1;1;1;;;1;998
5;1;19;35;35016;7;3;2;No inventariada;;7;16;2;;;1;3;1;;;1;998
5;4;16;35;35016;7;3;2;No inventariada;;14;4;2;;;1;1;1;;;1;998
5;5;19;35;35016;7;3;2;No inventariada;;9;3;1;1;;1;1;1;;;18;998
5;3;9;35;35016;7;3;2;No inventariada;;9;10;2;;;3;1;2;;;1;998
4;3;8;35;35016;7;3;2;No inventariada;;9;7;2;;;1;1;1;;;18;998
5;7;18;35;35016;;1;1;GC-3;8,5;3;5;2;;;1;1;2;;;1;1
5;7;5;35;35016;7;3;2;No inventariada;;9;9;2;;;1;6;1;;;1;998
5;6;23;35;35016;0;1;1;GC-23;0,055;3;12;2;;;1;4;1;;;1;2
5;3;7;35;35016;0;1;1;GC-1;4;3;5;2;;;1;1;1;;;1;1
6;6;1;35;35016;7;3;2;No inventariada;;9;16;2;;;1;4;1;;;1;998
4;1;6;35;35016;7;3;2;No inventariada;;14;2;1;4;;3;3;2;;;1;998
6;3;8;35;35016;;1;1;GC-3;3;3;4;2;;;1;2;7;;;1;1
6;3;14;35;35016;;1;1;GC-31;1,516;3;4;2;;;1;1;1;;;1;1
6;3;18;35;35016;;1;1;GC-3;8,61;14;4;2;;;1;1;1;;;1;1
6;4;16;35;35021;7;1;1;GC-15;0,5;6;5;2;;;1;1;2;;;18;1
6;3;15;35;35016;7;3;2;No inventariada;;9;2;1;2;;1;1;1;;;1;998
6;2;12;35;35016;;1;1;GC-110;0,1;6;2;1;4;GC-4;1;1;1;;;3;2
6;1;12;35;35016;7;4;2;GC-1 AM;3;3;3;2;;;1;1;1;;;1;1
6;2;16;35;35016;7;3;2;No inventariada;;9;10;1;4;;2;1;1;;;1;998
6;4;22;35;35016;0;1;1;GC-3;3,7;3;15;2;;;1;4;1;;;1;1
6;3;7;35;35016;7;4;2;GC-2;0,5;3;4;2;;;1;4;1;;;1;1
5;3;18;35;35016;7;4;2;GC-1 AM;3,3;3;7;2;;;1;1;1;;;1;1
6;7;5;35;35016;7;3;2;No inventariada;;9;19;2;;;1;4;1;;;1;998
5;3;13;35;35016;7;3;2;No inventariada;;9;7;1;1;;1;1;1;;;18;998
5;7;11;35;35016;7;3;2;No inventariada;;9;10;2;;;3;4;2;;;4;998
6;4;7;35;35016;7;3;2;No inventariada;;9;2;1;2;;1;2;1;;;9;998
6;5;17;35;35016;7;3;2;No inventariada;;9;3;2;;;1;1;1;;;18;998
6;3;19;35;35016;7;3;2;No inventariada;;9;7;1;1;;1;1;1;;;18;998
6;5;19;35;35016;7;1;1;GC-2;2,1;3;4;2;;;1;1;1;;;1;1
5;5;14;35;35016;7;3;2;No inventariada;;9;3;1;1;;1;1;1;;;18;998
6;3;17;35;35016;7;3;2;No inventariada;;9;20;2;;;1;1;1;;;1;998
5;3;14;35;35016;7;3;2;No inventariada;;9;10;1;4;;1;1;7;;;18;998
6;2;17;35;35016;7;3;2;No inventariada;;9;4;2;;;1;1;1;;;18;998
5;3;7;35;35016;7;3;2;No inventariada;;9;2;1;4;;1;1;1;;;18;998
6;4;14;35;35016;7;1;1;GC-3;8,7;3;10;2;;;1;1;1;;;1;3
5;4;18;35;35016;7;3;2;No inventariada;;9;20;2;;;1;1;1;;;18;998
5;4;16;35;35016;7;3;2;No inventariada;;9;19;2;;;8;1;1;;;18;998
6;2;0;35;35016;7;3;2;No inventariada;;9;2;1;1;;1;4;1;;;1;998
6;1;7;35;35016;7;3;2;No inventariada;;9;7;2;;;1;1;1;;;18;998
6;4;0;35;35016;7;3;2;No inventariada;;9;10;2;;;1;4;1;;;1;998
6;1;15;35;35016;7;3;2;No inventariada;;9;2;2;;;1;1;1;;;18;998
6;7;19;35;35016;7;3;2;No inventariada;;9;16;1;4;;1;1;1;;;18;998
6;7;21;35;35016;7;3;2;No inventariada;;9;9;2;;;1;2;1;;;18;998
6;7;0;35;35016;7;3;2;No inventariada;;9;10;2;;;3;4;3;;;18;998
6;3;11;35;35016;7;3;2;No inventariada;;9;7;2;;;1;1;1;;;18;998
6;5;18;35;35016;7;3;2;No inventariada;;9;4;2;;;1;2;1;;;1;998
6;3;4;35;35026;7;1;1;GC-1;6,6;3;19;2;;;1;4;1;;;1;2
6;4;20;35;35016;7;3;2;No inventariada;;9;2;2;;;1;4;1;;;1;998
6;3;0;35;35016;7;3;2;No inventariada;;9;2;2;;;1;1;1;;;1;998
6;7;15;35;35016;7;3;2;No inventariada;;9;2;1;1;;1;1;1;;;1;998
6;3;19;35;35016;7;3;2;No inventariada;;9;20;2;;;1;1;1;;;1;998
6;6;22;35;35016;;1;1;GC-2;3,235;3;4;2;;;3;4;7;;;1;1
6;6;22;35;35016;7;1;1;GC-3;8,86;3;4;2;;;3;4;3;;;1;1
6;7;4;35;35016;7;1;1;GC-3;12,65;3;16;2;;;3;4;3;;;1;2
6;4;7;35;35016;7;3;2;No inventariada;;9;10;1;4;;1;2;1;;;1;998
6;6;15;35;35016;7;3;2;No inventariada;;9;2;1;1;;1;1;1;;;1;998
6;5;14;35;35016;7;3;2;No inventariada;;9;2;2;;;1;1;1;;;1;998
7;1;17;35;35016;0;1;1;GC-3;8,406;3;5;2;;;1;1;3;;;1;1
7;1;12;35;35016;7;3;2;No inventariada;;9;2;1;1;;1;1;1;;;1;998
7;2;10;35;35016;;1;1;GC-1;4,71;3;4;2;;;1;1;2;;;18;1
6;7;20;35;35016;7;3;2;No inventariada;;9;4;2;;;1;3;1;;;18;998
5;5;13;35;35016;7;3;2;No inventariada;;9;2;1;1;;1;1;1;;;1;998
5;3;7;35;35016;7;3;2;No inventariada;;9;7;2;;;1;1;1;;;1;998
5;1;18;35;35016;7;3;2;No inventariada;;9;7;2;;;1;2;1;;;1;998
6;4;9;35;35016;7;3;2;No inventariada;;9;4;2;;;1;1;1;;;1;998
6;6;14;35;35016;7;3;2;No inventariada;;9;2;2;;;1;1;1;;;1;998
6;6;16;35;35016;7;3;2;No inventariada;;14;9;2;;;3;4;7;;;1;998
6;7;18;35;35016;7;3;2;No inventariada;;9;2;2;;;1;1;1;;;1;998
6;2;19;35;35016;7;3;2;No inventariada;;9;2;1;1;;1;1;1;;;1;998
6;2;18;35;35016;7;3;2;No inventariada;;9;10;2;;;1;1;1;;;1;998
6;2;21;35;35016;7;3;2;No inventariada;;9;2;1;1;;1;4;2;;;1;998
6;6;14;35;35016;7;3;2;No inventariada;;9;7;2;;;1;1;7;;;9;998
6;7;14;35;35016;7;3;2;No inventariada;;9;20;1;1;;1;1;2;;;1;998
6;1;11;35;35016;7;3;2;No inventariada;;9;10;2;;;7;1;1;;;1;998
6;3;8;35;35016;7;3;2;No inventariada;;9;7;2;;;1;1;1;;;1;998
7;6;19;35;35016;7;3;2;No inventariada;;9;4;2;;;1;1;1;;;1;998
7;1;10;35;35016;7;3;2;No inventariada;;9;7;2;;;1;1;1;;;1;998
7;4;6;35;35016;7;4;2;GC-1 AM;8,9;3;4;2;;;1;4;1;;;1;1
7;4;4;35;35016;;1;1;GC-3;12,268;3;18;2;;;3;4;3;;;1;2
7;5;15;35;35016;;1;1;GC-3;7,923;3;12;2;;;1;1;2;;;1;2
7;2;10;35;35016;7;3;2;No inventariada;;9;3;2;;;1;1;1;;;1;998
7;7;7;35;35016;7;3;2;No inventariada;;9;4;2;;;3;1;3;;;1;998
7;6;18;35;35016;7;3;2;No inventariada;;14;10;2;;;7;1;2;;;1;998
7;4;17;35;35016;0;3;2;No inventariada;;9;1;2;;;1;1;1;;;1;998
7;3;7;35;35016;0;1;1;GC-1;4,4;3;4;2;;;1;1;1;;;1;1
7;3;18;35;35016;0;1;1;GC-1;4,7;3;19;2;;;1;1;1;;;1;3
7;6;19;35;35016;7;3;2;No inventariada;;9;2;1;1;;1;1;1;;;1;998
7;3;8;35;35016;7;3;2;No inventariada;;9;10;2;;;2;1;2;;;1;998
7;2;13;35;35016;0;1;1;GC-110;7,334;6;3;1;4;GC-110;1;1;1;;;1;1
7;3;8;35;35016;;1;1;GC-3;0,188;3;12;1;2;;1;1;1;;;1;1
7;3;15;35;35016;0;1;1;GC-31;2,381;3;3;2;;;1;1;1;;;1;2
7;5;7;35;35016;7;3;2;No inventariada;;9;10;2;;;7;2;1;;;1;998
7;7;15;35;35016;7;3;2;No inventariada;;9;2;1;1;;1;1;1;;;1;998
7;1;15;35;35016;;1;1;GC-110;6,391;6;4;1;4;GC-110;1;1;1;;;1;2
7;6;23;35;35016;7;1;1;GC-800;1,7;6;13;2;;;1;4;1;;;1;2
7;3;12;35;35016;;1;1;GC-4;0,5;3;4;2;;;1;1;1;;;18;2
8;5;15;35;35016;7;1;1;GC-1;4,718;3;4;2;;;1;1;1;;;1;1
8;6;23;35;35016;7;3;2;No inventariada;;9;3;2;;;1;1;1;;;18;998
7;4;16;35;35016;7;3;2;No inventariada;;9;10;2;;;1;1;1;;;1;998
7;3;14;35;35016;7;3;2;No inventariada;;9;3;2;;;1;1;1;;;1;998
8;6;19;35;35016;7;1;1;GC-211;1,55;6;4;1;2;;1;1;1;;;1;3
8;7;14;35;35016;7;3;2;No inventariada;;9;4;2;;;1;1;2;;;1;998
8;4;14;35;35016;7;1;1;GC-23;3,158;3;4;2;;;1;1;1;;;1;1
8;4;19;35;35016;7;1;1;GC-300;6,15;6;10;2;;;1;1;1;;;4;3
8;5;14;35;35016;;1;1;GC-3;10,023;3;4;2;;;1;1;1;;;1;1
8;5;14;35;35016;7;3;2;No inventariada;;9;10;1;1;;1;1;1;;;1;998
8;5;14;35;35016;7;3;2;No inventariada;;14;3;2;;;1;1;2;;;1;998
7;5;10;35;35016;7;3;2;No inventariada;;9;7;2;;;1;1;2;;;1;998
8;2;22;35;35016;7;1;1;GC-1;3,38;3;4;2;;;1;2;1;;;1;1
8;3;11;35;35016;0;1;1;GC-23;0,3;3;7;2;;;1;1;1;;;1;1
8;2;5;35;35016;7;3;2;No inventariada;;9;12;2;;;1;4;1;;;18;998
8;2;14;35;35016;7;3;2;No inventariada;;9;10;2;;;1;1;1;;;1;998