MES;DIA_SEMANA;HORA;COD_PROVINCIA;COD_MUNICIPIO;ISLA;ZONA;ZONA_AGRUPADA;CARRETERA;KM;TIPO_VIA;TIPO_ACCIDENTE;NUDO;NUDO_INFO;CARRETERA_CRUCE;CONDICION_FIRME;CONDICION_ILUMINACION;CONDICION_METEO;CONDICION_NIEBLA;CONDICION_VIENTO;VISIB_RESTRINGIDA_POR;TRAZADO_PLANTA
8;3;17;35;35016;0;1;1;GC-310;2,9;6;2;2;;;1;1;1;;;1;1
8;6;5;35;35016;7;3;2;No inventariada;;9;10;2;;;1;4;1;;;1;998
8;6;11;35;35016;7;1;1;GC-308;5,4;6;4;1;2;;1;1;1;;;1;1
8;1;11;35;35016;7;3;2;No inventariada;;9;2;1;1;;1;1;1;;;1;998
8;3;12;35;35016;7;3;2;No inventariada;;9;2;2;;;1;1;1;;;1;998
8;4;13;35;35016;7;3;2;No inventariada;;9;7;2;;;1;1;1;;;1;998
8;5;14;35;35016;0;1;1;GC-3;10,268;3;4;2;;;1;1;1;;;1;1
8;2;13;35;35016;7;3;2;No inventariada;;9;1;2;;;1;1;1;;;1;998
8;7;0;35;35016;;1;1;GC-1;4,026;3;4;2;;;1;4;1;;;18;1
8;2;7;35;35016;7;1;1;GC-110;1,125;6;19;2;;;1;3;1;;;1;1
8;2;18;35;35016;0;1;1;GC-3;8,331;3;4;2;;;1;1;2;;;18;1
8;3;14;35;35016;0;1;1;GC-320;0,7;6;2;1;2;;1;6;1;;;1;1
8;5;15;35;35016;7;1;1;GC-3;8,197;3;4;2;;;1;1;1;;;1;1
9;7;13;35;35016;7;1;1;GC-23;4,05;3;16;2;;;1;1;1;;;1;1
9;7;4;35;35016;7;3;2;No inventariada;;9;16;2;;;1;4;1;;;1;998
7;6;0;35;35016;7;3;2;No inventariada;;9;2;2;;;1;4;1;;;18;998
9;2;12;35;35016;0;1;1;GC-23;4,212;3;5;2;;;1;1;2;;;4;1
9;3;7;35;35016;;1;1;GC-3;9,544;3;4;2;;;1;4;1;;;1;2
9;4;8;35;35016;0;1;1;GC-23;4,383;3;4;2;;;1;1;2;;;1;1
9;5;10;35;35016;0;1;1;GC-1;3,311;3;5;2;;;1;1;1;;;1;1
9;5;19;35;35016;0;1;1;GC-3;9,256;3;4;2;;;1;1;1;;;1;2
9;6;17;35;35016;0;1;1;GC-3;2,731;3;9;2;;;1;1;1;;;1;3
9;1;16;35;35016;0;1;1;GC-3;4,388;3;4;2;;;1;1;1;;;1;1
9;2;17;35;35016;7;3;2;No inventariada;;9;2;1;2;;1;1;1;;;1;998
9;4;11;35;35016;7;3;2;No inventariada;;14;4;1;4;;1;1;1;;;1;998
7;1;10;35;35016;7;3;2;No inventariada;;9;10;2;;;1;1;1;;;1;998
9;1;21;35;35016;7;3;2;No inventariada;;9;7;2;;;1;3;1;;;1;998
7;2;17;35;35016;7;3;2;No inventariada;;14;10;2;;;1;1;2;;;1;998
7;4;17;35;35016;7;3;2;No inventariada;;9;2;1;1;;1;1;1;;;1;998
8;2;13;35;35016;7;3;2;No inventariada;;9;3;2;;;1;1;1;;;1;998
7;5;15;35;35016;7;3;2;No inventariada;;9;1;2;;;1;1;1;;;1;998
7;6;7;35;35016;7;3;2;No inventariada;;9;10;2;;;1;2;1;;;1;998
7;1;10;35;35016;7;3;2;No inventariada;;11;7;2;;;1;4;1;;;1;998
9;5;15;35;35016;7;3;2;No inventariada;;9;4;1;1;;1;1;1;;;1;998
9;1;14;35;35016;0;1;1;GC-3;8,3;3;15;2;;;1;1;1;;;1;1
9;2;19;35;35016;0;1;1;GC-23;1,552;3;10;2;;;1;1;1;;;1;1
9;3;7;35;35016;0;1;1;GC-800;3,114;6;10;2;;;2;6;1;;;1;2
9;3;19;35;35016;7;3;2;No inventariada;;9;2;1;1;;1;1;1;;;18;998
8;6;20;35;35016;7;3;2;No inventariada;;9;2;2;;;1;1;1;;;1;998
8;2;7;35;35016;7;3;2;No inventariada;;14;7;2;;;1;4;2;;;1;998
8;6;22;35;35016;7;3;2;No inventariada;;9;10;2;;;1;4;1;;;1;998
9;7;15;35;35016;7;3;2;No inventariada;;9;10;2;;;1;1;2;;;1;998
9;1;19;35;35016;7;3;2;No inventariada;;9;7;2;;;1;1;1;;;1;998
9;4;21;35;35016;;1;1;GC-3;0,25;3;4;2;;;1;4;1;;;1;2
9;6;14;35;35016;;1;1;GC-21;4,738;6;2;2;;;1;1;2;;;1;3
9;1;7;35;35016;0;1;1;GC-3;0,2;3;10;2;;;1;4;1;;;1;1
9;2;12;35;35016;7;3;2;No inventariada;;9;7;2;;;1;1;1;;;1;998
10;2;17;35;35016;;1;1;GC-3;8,5;3;4;2;;;1;1;1;;;1;1
9;3;14;35;35016;7;3;2;No inventariada;;9;3;2;;;1;1;1;;;1;998
9;3;20;35;35016;7;3;2;No inventariada;;9;3;2;;;1;1;1;;;1;998
9;6;17;35;35016;7;3;2;No inventariada;;9;2;2;;;1;1;1;;;18;998
9;1;14;35;35016;7;3;2;No inventariada;;9;4;2;;;1;1;1;;;1;998
9;2;9;35;35016;7;3;2;No inventariada;;9;2;2;;;1;1;2;;;1;998
9;2;15;35;35016;7;3;2;No inventariada;;14;10;2;;;1;1;1;;;1;998
9;3;9;35;35016;7;3;2;No inventariada;;9;2;2;;;1;1;7;;;11;998
9;1;8;35;35016;7;3;2;No inventariada;;9;20;2;;;1;1;1;;;1;998
9;4;9;35;35016;7;3;2;No inventariada;;9;10;1;1;;2;1;1;;;18;998
10;1;19;35;35016;;1;1;GC-3;8,314;3;4;2;;;1;1;1;;;18;1
9;3;16;35;35016;7;3;2;No inventariada;;9;3;2;;;1;1;1;;;1;998
9;3;7;35;35016;7;3;2;No inventariada;;9;2;1;2;;1;3;2;;;1;998
9;2;13;35;35016;7;3;2;No inventariada;;9;7;2;;;1;1;1;;;1;998
10;4;18;35;35016;;1;1;GC-3;6,673;3;19;2;;;1;4;1;;;1;1
10;1;12;35;35016;0;1;1;GC-23;0,976;3;10;2;;;1;1;1;;;1;1
10;6;14;35;35016;7;3;2;No inventariada;;9;7;2;;;1;1;1;;;9;998
9;1;11;35;35016;7;3;2;No inventariada;;9;2;2;;;1;1;1;;;1;998
10;2;21;35;35016;7;3;2;No inventariada;;9;4;2;;;1;4;1;;;1;998
10;2;8;35;35016;7;3;2;No inventariada;;9;2;1;2;;1;1;1;;;1;998
10;6;20;35;35016;7;3;2;No inventariada;;9;7;1;1;;3;4;3;;;18;998
9;7;17;35;35016;7;3;2;No inventariada;;9;10;2;;;1;1;1;;;1;998
9;3;11;35;35016;7;3;2;No inventariada;;9;7;2;;;1;1;1;;;1;998
9;4;21;35;35016;7;3;2;No inventariada;;9;3;1;1;;1;4;7;;;18;998
9;5;12;35;35016;7;3;2;No inventariada;;7;4;2;;;1;1;1;;;1;998
10;6;22;35;35016;7;3;2;No inventariada;;9;2;1;1;;9;4;7;;;18;998
10;3;18;35;35016;0;1;1;GC-2;4,64;3;19;2;;;1;2;2;;;1;2
10;4;12;35;35016;7;3;2;No inventariada;;9;10;2;;;9;1;7;;;18;998
10;4;11;35;35016;7;3;2;No inventariada;;9;16;1;2;;9;1;1;;;18;998
9;5;15;35;35016;7;3;2;No inventariada;;9;3;2;;;1;1;1;;;1;998
9;3;17;35;35016;7;4;2;GC-1 AM;5,5;3;3;2;;;1;4;1;;;1;1
9;4;2;35;35016;7;3;2;No inventariada;;9;2;1;1;;1;4;1;;;1;998
9;3;6;35;35016;7;3;2;No inventariada;;9;10;2;;;8;4;1;;;1;998
9;2;8;35;35016;7;3;2;No inventariada;;9;7;2;;;1;1;1;;;1;998
9;4;20;35;35016;7;3;2;No inventariada;;9;7;2;;;1;3;1;;;1;998
9;7;22;35;35016;7;3;2;No inventariada;;9;7;2;;;1;4;1;;;1;998
9;5;21;35;35016;7;3;2;No inventariada;;9;16;2;;;1;3;1;;;1;998
10;3;9;35;35016;7;3;2;No inventariada;;9;3;1;4;;1;1;2;;;1;998
10;4;23;35;35016;7;3;2;No inventariada;;9;2;1;2;;1;4;1;;;18;998
10;6;18;35;35016;0;1;1;GC-23;3,049;3;3;2;;;1;1;1;;;1;1
10;1;18;35;35016;;1;1;GC-2;2,212;3;6;2;;;1;1;1;;;1;2
10;4;17;35;35016;7;3;2;No inventariada;;14;2;2;;;1;1;1;;;9;998
10;3;15;35;35016;7;3;2;No inventariada;;14;4;2;;;1;1;2;;;1;998
10;5;10;35;35016;7;3;2;No inventariada;;9;4;1;2;;1;1;2;;;1;998
10;4;11;35;35016;7;3;2;No inventariada;;7;4;2;;;1;1;1;;;1;998
10;3;14;35;35016;7;3;2;No inventariada;;9;4;2;;;1;1;1;;;1;998
10;7;1;35;35016;7;3;2;No inventariada;;9;4;2;;;1;4;1;;;1;998
10;3;14;35;35016;7;3;2;No inventariada;;9;7;2;;;1;1;1;;;1;998
10;1;12;35;35016;7;3;2;No inventariada;;9;2;2;;;1;1;1;;;1;998
10;3;21;35;35016;7;3;2;No inventariada;;9;2;2;;;1;4;1;;;1;998
10;7;15;35;35016;7;3;2;No inventariada;;9;2;1;2;;1;1;1;;;1;998
10;7;18;35;35016;7;3;2;No inventariada;;9;2;1;2;;1;1;1;;;1;998
10;4;12;35;35016;7;3;2;No inventariada;;14;4;2;;;1;1;1;;;1;998
10;4;12;35;35016;7;3;2;No inventariada;;9;7;2;;;1;1;2;;;18;998
10;5;12;35;35016;7;3;2;No inventariada;;9;10;2;;;1;1;1;;;1;998
10;1;9;35;35006;7;1;1;GC-2;12,2;3;4;2;;;3;1;1;;;18;3
10;4;9;35;35016;7;3;2;No inventariada;;9;4;2;;;1;1;1;;;1;998
10;1;9;35;35016;;1;1;GC-3;12,2;3;4;2;;;3;1;2;;;1;3
10;1;7;35;35016;7;1;1;GC-3;13,3;3;4;2;;;3;1;3;;;1;1
10;5;0;35;35016;7;3;2;No inventariada;;9;16;2;;;1;3;1;;;1;998
10;5;14;35;35016;7;3;2;No inventariada;;9;7;2;;;1;1;1;;;1;998
10;2;2;35;35016;7;4;2;GC-1 AM;9,3;3;16;2;;;3;4;3;;;1;2
10;6;22;35;35016;7;3;2;No inventariada;;9;6;1;1;;9;3;7;;;18;998
10;7;16;35;35016;7;1;1;GC-110;0,5;6;4;2;;;1;1;1;;;1;1
10;7;15;35;35016;7;3;2;No inventariada;;9;20;2;;;1;1;1;;;1;998
10;1;16;35;35016;7;3;2;No inventariada;;9;2;2;;;1;1;1;;;1;998
10;1;14;35;35016;7;3;2;No inventariada;;9;3;1;1;;1;1;1;;;1;998
10;3;15;35;35016;;1;1;GC-3;5,716;3;4;2;;;1;1;1;;;1;1
10;4;19;35;35026;7;1;1;GC-1;6,556;3;4;2;;;1;4;1;;;1;1
10;4;20;35;35016;0;1;1;GC-1;5;3;5;2;;;1;4;1;;;1;1
10;5;12;35;35016;7;3;2;No inventariada;;9;2;1;2;;1;1;1;;;18;998
10;3;23;35;35016;7;3;2;No inventariada;;9;9;1;4;;1;4;1;;;1;998
10;4;9;35;35016;7;3;2;No inventariada;;9;2;1;4;;1;1;1;;;1;998
10;3;17;35;35016;7;3;2;No inventariada;;9;2;2;;;1;1;1;;;1;998
10;2;14;35;35016;7;3;2;No inventariada;;9;7;2;;;1;1;1;;;1;998
10;4;8;35;35016;7;3;2;No inventariada;;9;4;2;;;1;1;2;;;1;998
9;1;10;35;35016;7;3;2;No inventariada;;9;2;2;;;1;1;1;;;1;998
10;3;3;35;35016;7;3;2;No inventariada;;9;3;2;;;1;4;7;;;18;998
9;4;8;35;35016;7;3;2;No inventariada;;9;7;2;;;1;1;1;;;1;998
10;5;18;35;35016;7;3;2;No inventariada;;9;20;2;;;1;1;1;;;1;998
11;1;11;35;35016;;1;1;GC-23;4,359;3;16;2;;;1;1;1;;;1;1
10;2;16;35;35016;7;3;2;No inventariada;;9;3;1;1;;1;1;1;;;1;998
10;2;17;35;35016;7;1;1;GC-2;1;3;4;2;;;1;4;1;;;1;3
10;1;11;35;35016;7;3;2;No inventariada;;9;7;2;;;1;1;1;;;1;998
10;1;19;35;35016;7;3;2;No inventariada;;9;10;1;2;;1;3;1;;;1;998
10;6;9;35;35016;7;3;2;No inventariada;;9;4;2;;;1;1;1;;;1;998
10;6;21;35;35016;7;3;2;No inventariada;;9;10;2;;;1;4;1;;;1;998
10;5;16;35;35016;7;3;2;No inventariada;;9;2;1;1;;1;1;1;;;1;998
10;4;18;35;35016;7;3;2;No inventariada;;9;2;2;;;1;1;1;;;1;998
10;4;8;35;35016;7;3;2;No inventariada;;9;2;2;;;1;1;1;;;1;998
10;1;21;35;35016;7;3;2;No inventariada;;9;7;2;;;1;4;1;;;1;998
9;5;15;35;35016;7;3;2;No inventariada;;9;3;2;;;1;1;1;;;9;998
10;1;19;35;35016;7;3;2;No inventariada;;9;4;2;;;1;1;1;;;1;998
11;1;10;35;35016;7;3;2;No inventariada;;9;2;2;;;1;1;1;;;1;998
11;3;10;35;35016;0;1;1;GC-3;13,027;3;5;2;;;1;1;1;;;18;1
11;3;16;35;35016;0;1;1;GC-3;0,1;3;15;2;;;1;1;1;;;1;1
10;2;12;35;35016;7;3;2;No inventariada;;9;19;2;;;7;1;1;;;1;998
11;5;18;35;35016;;1;1;GC-21;2,513;6;7;2;;;1;4;1;;;12;1
11;6;0;35;35016;7;3;2;No inventariada;;9;1;2;;;1;4;1;;;18;998
11;3;7;35;35016;7;1;1;GC-21;1;6;2;2;;;1;1;1;;;1;1
11;4;7;35;35016;7;3;2;No inventariada;;9;4;2;;;1;1;1;;;1;998
11;7;11;35;35016;0;1;1;GC-3;13,027;3;4;1;4;GC-300;1;1;1;;;1;1
11;5;10;35;35016;0;1;1;GC-3;3,639;3;4;1;12;GC-4;1;1;1;;;1;1
11;1;17;35;35016;7;3;2;No inventariada;;9;2;1;1;;1;1;1;;;1;998
11;1;14;35;35016;7;3;2;No inventariada;;9;2;1;1;;1;1;1;;;1;998
11;4;7;35;35016;0;1;1;GC-3;6,886;3;4;2;;;1;1;1;;;1;1
11;1;17;35;35016;7;3;2;No inventariada;;9;2;2;;;1;1;1;;;1;998
11;1;16;35;35016;7;3;2;No inventariada;;9;2;1;4;GC-23;1;1;1;;;1;998
11;3;9;35;35016;7;4;2;GC-1 AM;7;3;4;2;;;1;1;1;;;18;1
4;4;8;35;35016;7;3;2;No inventariada;;14;4;2;;;1;1;1;;;18;998
11;3;18;35;35016;7;3;2;No inventariada;;9;2;2;;;1;4;1;;;1;998
11;7;10;35;35016;7;3;2;No inventariada;;9;10;2;;;1;1;1;;;1;998
11;1;20;35;35016;0;1;1;GC-3;9,329;3;5;2;;;1;4;1;;;1;1
11;1;20;35;35016;0;1;1;GC-23;4,4;3;4;1;2;GC-3;1;4;1;;;1;1
9;2;10;35;35016;7;3;2;No inventariada;;9;7;2;;;1;1;1;;;1;998
11;4;8;35;35016;7;3;2;No inventariada;;9;3;2;;;1;1;1;;;1;998
10;5;19;35;35016;7;3;2;No inventariada;;9;10;2;;;1;1;2;;;1;998
10;2;18;35;35016;7;4;2;GC-1 AM;8;3;4;2;;;1;1;1;;;1;1
11;3;16;35;35016;0;1;1;GC-310;2,041;6;3;2;;;1;1;2;;;1;2
11;3;18;35;35016;0;1;1;GC-23;3,6;3;5;2;;;1;4;2;;;1;1
11;5;10;35;35016;;1;1;GC-2;2,073;3;5;2;;;1;1;1;;;1;1
12;7;14;35;35016;;1;1;GC-3;13,3;3;4;1;4;GC-300;1;1;1;;;18;1
12;2;13;35;35016;0;1;1;GC-110;5,1;6;15;2;;;7;1;1;;;4;2
11;4;10;35;35016;7;3;2;No inventariada;;9;4;1;4;;1;1;1;;;1;998
12;3;21;35;35016;;1;1;GC-2;0,1;3;12;2;;;1;4;1;;;1;2
11;3;14;35;35016;7;3;2;No inventariada;;9;4;1;1;;1;1;1;;;1;998
11;2;10;35;35016;7;1;1;GC-320;0,3;6;2;2;;;1;1;1;;;2;1
12;2;14;35;35016;;1;1;GC-23;3,808;3;5;2;;;3;1;3;;;1;1
11;3;20;35;35016;7;3;2;No inventariada;;9;2;1;1;;1;4;1;;;1;998
12;4;15;35;35016;0;1;1;GC-23;1,223;3;4;2;;;1;1;2;;;4;3
12;4;18;35;35016;0;1;1;GC-23;3,696;3;4;2;;;1;4;2;;;1;1
12;7;6;35;35016;0;1;1;GC-1;2,583;3;18;2;;;3;4;3;;;1;2
10;2;11;35;35016;7;3;2;No inventariada;;14;2;2;;;1;1;2;;;4;998
10;4;18;35;35016;7;3;2;No inventariada;;9;17;2;;;1;2;1;;;1;998
11;2;18;35;35016;7;4;2;GC-1 AM;9,4;3;4;2;;;3;2;1;;;1;1
11;3;18;35;35016;7;3;2;No inventariada;;9;4;2;;;1;2;1;;;1;998
11;6;15;35;35016;7;1;1;GC-310;0,93;6;3;2;;;1;1;1;;;1;1
11;4;16;35;35016;7;3;2;No inventariada;;9;7;2;;;1;1;1;;;4;998
11;5;14;35;35016;7;3;2;No inventariada;;9;2;1;1;;1;1;1;;;1;998
11;2;12;35;35016;7;3;2;No inventariada;;9;3;2;;;1;1;1;;;1;998
12;3;13;35;35016;7;3;2;No inventariada;;9;3;1;4;;1;1;1;;;18;998
11;5;15;35;35016;7;3;2;No inventariada;;9;2;1;2;;1;1;1;;;18;998
11;5;15;35;35016;7;3;2;No inventariada;;9;2;2;;;1;1;1;;;18;998
11;1;11;35;35016;7;3;2;No inventariada;;9;10;2;;;7;1;1;;;18;998
12;3;8;35;35016;7;3;2;No inventariada;;9;2;1;1;;1;1;1;;;18;998
11;5;12;35;35016;7;3;2;No inventariada;;9;4;2;;;1;1;1;;;18;998
12;1;9;35;35016;;1;1;GC-112;0;6;3;2;;;1;1;1;;;1;1
11;4;23;35;35016;7;3;2;No inventariada;;9;2;1;4;;1;4;1;;;18;998
11;4;20;35;35016;7;3;2;No inventariada;;9;2;1;2;;1;3;1;;;18;998
12;2;3;35;35016;;3;2;No inventariada;;9;4;2;;;1;1;1;;;18;998
11;2;3;35;35016;;3;2;No inventariada;;9;4;2;;;1;4;1;;;1;998
12;5;5;35;35016;7;3;2;No inventariada;;9;13;2;;;1;4;7;;;1;998
12;6;16;35;35016;0;1;1;GC-110;6,25;6;4;1;4;GC-31;1;1;2;;;4;1
12;3;16;35;35016;7;3;2;No inventariada;;9;7;1;2;;1;1;1;;;6;998
11;5;15;35;35016;7;4;2;GC-1 AM;1,3;3;5;2;;;1;1;1;;;1;1
12;2;3;35;35016;7;3;2;No inventariada;;9;12;1;4;;1;4;1;;;18;998
12;7;18;35;35016;;1;1;GC-110;0,801;6;19;2;;;1;4;2;;;18;3
12;7;20;35;35016;;1;1;GC-3;8,681;3;4;2;;;3;4;3;;;1;1
11;6;12;35;35016;7;3;2;No inventariada;;9;1;1;2;;1;1;1;;;1;998
12;1;15;35;35026;7;1;1;GC-1;6,926;3;4;2;;;1;1;1;;;18;1
12;5;7;35;35016;0;1;1;GC-2;2,602;3;15;2;;;1;4;1;;;1;2
12;6;23;35;35016;7;3;2;No inventariada;;9;12;2;;;3;4;3;;;18;998
12;1;7;35;35016;7;3;2;No inventariada;;9;1;2;;;1;1;1;;;1;998
12;5;21;35;35016;0;1;1;GC-3;10,412;3;5;2;;;1;4;1;;;1;1
12;4;8;35;35016;;3;2;No inventariada;;9;3;2;;;1;1;1;;;1;998
11;5;18;35;35016;7;3;2;No inventariada;;14;7;2;;;1;3;1;;;18;998
12;3;15;35;35016;7;3;2;No inventariada;;14;16;2;;;3;1;3;;;1;998
12;6;15;35;35016;7;3;2;No inventariada;;14;2;2;;;1;1;1;;;1;998
12;7;22;35;35016;7;3;2;No inventariada;;14;10;2;;;1;3;1;;;1;998
1;4;12;35;35017;;1;1;FV-2;4,8;6;5;2;;;1;6;1;;;1;1
1;2;14;35;35017;0;1;1;FV-20;11,198;6;5;1;2;;1;1;1;;;1;2
1;1;18;35;35017;8;3;2;No inventariada;;9;2;1;2;;1;1;1;;;1;998
1;4;16;35;35017;0;1;1;FV-20;2,3;6;4;1;4;FV-3;1;1;1;;;1;2
1;7;14;35;35017;8;3;2;No inventariada;;9;5;1;1;;1;1;1;;;1;998
1;7;15;35;35017;8;3;2;No inventariada;;9;2;1;1;;1;1;1;;;1;998
1;6;3;35;35017;0;1;1;FV-30;2;6;15;2;;;1;6;1;;;1;1
1;2;18;35;35017;8;3;2;No inventariada;;9;4;1;4;;1;1;1;;;1;998
1;2;21;35;35017;8;3;2;No inventariada;;9;2;1;1;;1;4;1;;;1;998
1;4;14;35;35017;8;3;2;No inventariada;;9;2;1;1;;1;1;1;;;1;998
1;2;3;35;35017;8;3;2;No inventariada;;9;6;1;1;;1;4;1;;;1;998
1;2;19;35;35017;8;3;2;No inventariada;;9;2;1;1;;1;4;1;;;1;998
1;4;10;35;35017;8;3;2;No inventariada;;9;2;1;1;;1;1;1;;;1;998
1;4;14;35;35017;8;3;2;No inventariada;;9;2;1;1;;1;1;1;;;1;998
2;4;17;35;35017;8;1;1;FV-20;11,879;6;16;2;;;1;1;1;;;1;1
1;2;22;35;35017;;1;1;FV-1;1,5;6;16;2;;;1;4;1;;;1;1
2;4;19;35;35017;;1;1;FV-1;1,465;6;3;2;;;1;6;1;;;1;1
2;5;19;35;35017;;1;1;FV-1;4,048;6;14;2;;;1;6;1;;;1;1
2;5;15;35;35017;;1;1;FV-2;3,5;6;4;2;;;1;1;1;;;1;1
2;1;21;35;35017;;1;1;FV-3;4,786;6;19;2;;;1;6;1;;1;1;1
3;6;10;35;35017;8;1;1;FV-225;3;6;18;2;;;1;1;2;;;1;2
1;2;19;35;35017;8;3;2;No inventariada;;9;4;1;2;;1;4;1;;;1;998
2;4;17;35;35017;8;3;2;No inventariada;;9;2;1;1;;1;1;1;;;1;998
2;5;8;35;35017;8;3;2;No inventariada;;9;2;1;1;;1;1;1;;;1;998
2;7;23;35;35017;8;3;2;No inventariada;;9;2;1;1;;1;4;1;;;1;998
2;6;0;35;35017;8;3;2;No inventariada;;9;2;1;4;;1;4;1;;;1;998
2;4;21;35;35017;8;3;2;No inventariada;;9;10;1;4;;1;4;1;;;1;998
2;4;10;35;35017;8;3;2;No inventariada;;9;2;1;1;;1;1;1;;;1;998
3;6;19;35;35017;0;1;1;FV-2;1;6;17;2;;;3;2;3;;;1;1
2;3;15;35;35017;8;3;2;No inventariada;;9;3;1;1;;1;1;1;;;1;998
2;3;10;35;35017;8;3;2;No inventariada;;9;7;1;1;;1;1;1;;;1;998
3;4;8;35;35017;8;3;2;No inventariada;;9;3;1;1;;1;1;1;;;1;998
3;7;15;35;35017;8;3;2;No inventariada;;9;2;1;1;;1;1;1;;;1;998
3;5;14;35;35017;;1;1;FV-10;8,591;6;19;2;;;1;1;1;;;1;1
3;6;16;35;35017;8;3;2;No inventariada;;9;10;1;4;;3;1;1;;;1;998
3;1;15;35;35017;8;3;2;No inventariada;;9;20;1;1;;1;1;1;;;1;998
3;2;8;35;35017;8;3;2;No inventariada;;9;4;1;1;;1;1;1;;;1;998
3;2;10;35;35017;8;3;2;No inventariada;;9;2;1;1;;1;1;1;;;1;998
3;3;18;35;35017;8;3;2;No inventariada;;9;7;1;1;;1;1;1;;;1;998
3;5;11;35;35017;8;3;2;No inventariada;;9;2;1;1;;1;1;1;;;1;998
3;1;15;35;35017;;1;1;FV-10;1,9;6;4;1;4;FV-3;1;1;1;;1;1;1
3;4;15;35;35017;;1;1;FV-20;2,1;6;4;1;4;FV-3;1;1;2;;;1;1
4;1;18;35;35017;;1;1;FV-20;5,9;6;2;1;4;FV-430;1;1;1;;;1;2
4;5;9;35;35017;;1;1;FV-10;6;6;12;2;;;1;1;1;;;1;1
3;5;13;35;35017;8;3;2;No inventariada;;9;4;1;1;;1;1;1;;;1;998
3;2;17;35;35017;8;3;2;No inventariada;;9;4;1;1;;1;1;1;;;1;998
3;3;17;35;35017;8;3;2;No inventariada;;9;4;1;1;;1;1;1;;;1;998
4;5;19;35;35017;;1;1;FV-20;5,581;6;4;2;;;1;1;1;;1;1;1
4;5;21;35;35017;;1;1;FV-10;9,241;6;17;1;4;;1;6;1;;1;1;1
3;5;14;35;35017;8;3;2;No inventariada;;9;7;1;2;;1;1;1;;;16;998
4;1;12;35;35017;8;3;2;No inventariada;;9;5;1;1;;1;1;1;;;1;998
3;1;12;35;35017;8;3;2;No inventariada;;9;2;1;1;;1;1;1;;;1;998
3;6;11;35;35017;8;3;2;No inventariada;;9;3;1;4;;1;1;1;;;1;998
3;3;23;35;35017;8;3;2;No inventariada;;9;10;1;4;;1;4;1;;;1;998
4;1;8;35;35017;8;3;2;No inventariada;;9;3;1;1;;1;1;1;;;1;998
4;2;13;35;35017;8;3;2;No inventariada;;9;2;1;1;;1;1;1;;;1;998
4;1;13;35;35017;8;3;2;No inventariada;;9;2;1;4;;1;1;1;;;1;998
4;6;9;35;35017;;1;1;FV-20;8,514;6;3;1;2;;1;1;1;;;1;1
4;7;21;35;35017;8;1;1;FV-10;9,5;6;18;2;;;1;6;1;;;1;1
4;2;6;35;35017;8;1;1;FV-2;6;6;2;1;4;;1;4;1;;;1;1
4;2;14;35;35017;;1;1;FV-10;1,8;6;4;1;4;FV-3;1;1;1;;;1;1
4;3;16;35;35017;0;1;1;FV-2;1,7;6;4;2;;;1;1;1;;;1;1
4;1;16;35;35017;;1;1;FV-10;6,461;6;4;2;;;1;2;1;;;1;1
5;4;14;35;35017;8;1;1;FV-2;3,545;6;4;2;;;1;1;1;;;1;1
4;4;14;35;35017;8;3;2;No inventariada;;9;2;1;1;;1;1;1;;;1;998
4;1;16;35;35017;8;3;2;No inventariada;;9;2;1;1;;1;1;1;;;1;998
4;2;16;35;35017;8;3;2;No inventariada;;9;2;1;1;;1;1;1;;;1;998
4;6;10;35;35017;8;3;2;No inventariada;;9;4;1;1;;1;1;1;;;1;998
4;5;7;35;35017;8;3;2;No inventariada;;9;2;1;4;;1;1;1;;;1;998
5;5;5;35;35017;;1;1;FV-104;6,8;6;2;2;;;1;6;1;;;1;1
4;4;8;35;35017;8;3;2;No inventariada;;9;10;1;1;;1;1;1;;;1;998
4;4;9;35;35017;8;3;2;No inventariada;;9;2;1;4;;1;1;1;;;1;998
4;2;20;35;35017;8;3;2;No inventariada;;9;2;1;1;;1;4;1;;;1;998
5;5;18;35;35017;8;1;1;FV-20;0,5;6;4;1;1;;1;1;1;;;1;1
5;4;9;35;35017;8;3;2;No inventariada;;9;4;1;1;;1;1;1;;;1;998
5;5;18;35;35017;8;1;1;FV-20;0,1;6;4;1;2;;1;1;1;;;1;1
5;5;19;35;35017;8;3;2;No inventariada;;9;2;1;1;;1;1;1;;;1;998
4;1;17;35;35017;8;3;2;No inventariada;;9;2;1;1;;1;1;1;;;1;998
5;7;22;35;35017;;3;2;No inventariada;;9;4;2;;;1;4;1;;;1;998
5;2;16;35;35017;;1;1;FV-1;3,394;6;16;2;;;1;1;1;;1;1;2
5;7;22;35;35017;8;3;2;No inventariada;;9;4;1;1;;1;1;1;;;1;998
5;7;22;35;35017;8;3;2;No inventariada;;9;2;1;4;;1;4;1;;;1;998
5;2;16;35;35017;8;3;2;No inventariada;;9;2;1;4;;1;1;1;;;1;998
5;4;6;35;35017;8;3;2;No inventariada;;9;16;1;4;;1;1;1;;;1;998
5;3;9;35;35017;8;3;2;No inventariada;;9;7;1;1;;1;1;1;;;1;998
6;1;13;35;35017;;1;1;FV-10;5,5;6;16;2;;;1;1;1;;;1;1
6;4;20;35;35017;;1;1;FV-10;1,8;6;4;1;4;FV-10;1;1;1;;;1;1
6;7;15;35;35017;8;3;2;No inventariada;;9;2;1;4;;1;1;1;;;1;998