MES;DIA_SEMANA;HORA;COD_PROVINCIA;COD_MUNICIPIO;ISLA;ZONA;ZONA_AGRUPADA;CARRETERA;KM;TIPO_VIA;TIPO_ACCIDENTE;NUDO;NUDO_INFO;CARRETERA_CRUCE;CONDICION_FIRME;CONDICION_ILUMINACION;CONDICION_METEO;CONDICION_NIEBLA;CONDICION_VIENTO;VISIB_RESTRINGIDA_POR;TRAZADO_PLANTA
6;2;14;35;35017;8;3;2;No inventariada;;9;2;1;1;;1;1;1;;;1;998
6;3;18;35;35017;8;3;2;No inventariada;;9;2;1;2;;1;1;1;;;1;998
6;3;9;35;35017;8;3;2;No inventariada;;9;4;1;1;;1;1;1;;;1;998
6;6;6;35;35017;8;3;2;No inventariada;;9;2;1;1;;1;2;1;;;1;998
6;5;9;35;35017;8;3;2;No inventariada;;9;3;1;2;;1;1;1;;;1;998
6;7;20;35;35017;8;3;2;No inventariada;;9;7;1;2;;1;1;1;;;1;998
6;1;18;35;35017;8;3;2;No inventariada;;9;4;1;1;;1;1;1;;;1;998
6;4;13;35;35017;8;3;2;No inventariada;;9;2;1;1;;1;1;1;;;1;998
6;4;23;35;35017;;1;1;FV-214;0,534;6;14;1;4;FV-1;1;6;1;;;1;1
6;5;12;35;35017;;1;1;FV-20;2,1;6;4;1;4;FV-3;1;1;1;;;1;1
6;1;15;35;35017;8;3;2;No inventariada;;9;4;1;1;;1;1;1;;;1;998
6;4;22;35;35017;8;3;2;No inventariada;;9;7;1;1;;1;4;1;;;1;998
6;4;12;35;35017;8;3;2;No inventariada;;9;2;1;4;;1;1;1;;;1;998
6;3;8;35;35017;8;3;2;No inventariada;;9;7;1;1;;1;1;1;;;1;998
6;3;12;35;35017;8;3;2;No inventariada;;9;2;1;4;;1;1;1;;;1;998
7;3;18;35;35017;8;3;2;No inventariada;;9;7;1;1;;1;1;1;;;6;998
7;3;11;35;35017;8;3;2;No inventariada;;9;2;1;1;;1;1;1;;;1;998
7;6;16;35;35017;8;3;2;No inventariada;;9;4;1;2;;1;1;1;;;1;998
7;6;21;35;35017;8;3;2;No inventariada;;9;18;1;1;;1;6;1;;;1;998
7;4;11;35;35017;8;3;2;No inventariada;;9;5;1;1;;1;1;1;;;1;998
7;1;17;35;35017;8;3;2;No inventariada;;9;4;1;1;;1;1;1;;;1;998
6;3;20;35;35017;8;3;2;No inventariada;;9;2;1;1;;1;1;1;;;1;998
7;3;22;35;35017;8;3;2;No inventariada;;9;2;1;4;;1;4;1;;;1;998
7;4;13;35;35017;8;3;2;No inventariada;;9;10;1;1;;1;1;1;;;1;998
7;5;12;35;35017;8;1;1;FV-10;3,37;6;4;2;;;1;1;1;;;1;2
7;1;16;35;35017;8;3;2;No inventariada;;9;10;1;1;;7;1;1;;;1;998
7;3;7;35;35017;8;3;2;No inventariada;;9;4;1;1;;1;1;1;;;1;998
7;4;13;35;35017;8;3;2;No inventariada;;9;4;1;1;;1;1;1;;;1;998
7;4;10;35;35017;8;3;2;No inventariada;;9;2;1;1;;1;1;1;;;1;998
7;1;7;35;35017;8;3;2;No inventariada;;9;10;1;1;;1;1;1;;;1;998
8;5;11;35;35017;;1;1;FV-1;13;6;15;1;4;FV-214;1;1;1;;;1;2
7;6;13;35;35017;8;3;2;No inventariada;;9;7;1;1;;1;1;1;;;1;998
8;7;20;35;35017;8;3;2;No inventariada;;9;2;1;1;;1;1;1;;;1;998
8;5;18;35;35017;8;3;2;No inventariada;;9;7;1;2;;1;1;1;;;1;998
8;2;12;35;35017;8;1;1;FV-20;0,8;6;4;1;1;;1;1;1;;;1;1
8;4;4;35;35017;8;3;2;No inventariada;;9;2;1;1;;1;4;1;;;1;998
8;5;11;35;35017;8;3;2;No inventariada;;9;2;1;4;;1;1;1;;;1;998
8;7;23;35;35017;8;3;2;No inventariada;;9;2;1;1;;1;5;1;;;1;998
8;5;12;35;35017;8;3;2;No inventariada;;9;4;1;4;;1;1;1;;;1;998
8;3;23;35;35017;8;3;2;No inventariada;;9;4;1;1;;1;4;1;;;1;998
8;5;7;35;35017;;1;1;FV-220;0,093;6;2;1;4;FV-10;1;2;2;;;1;1
9;3;13;35;35017;8;1;1;FV-1;2,065;6;4;2;;;1;1;1;;;1;1
9;3;6;35;35017;;1;1;FV-1;1,9;6;2;1;4;;1;4;1;;;1;1
8;1;12;35;35017;8;3;2;No inventariada;;9;5;1;1;;1;1;1;;;1;998
8;1;21;35;35017;8;3;2;No inventariada;;9;2;1;1;;1;1;1;;;1;998
8;3;19;35;35017;8;3;2;No inventariada;;9;4;1;4;;1;1;1;;;1;998
9;3;12;35;35017;;1;1;FV-1;1,9;6;4;1;4;;1;1;1;;;1;1
9;1;9;35;35017;0;1;1;FV-1;4,956;6;1;2;;;1;1;1;;;1;1
10;2;6;35;35017;;1;1;FV-10;10,295;6;12;2;;;3;6;3;;;1;2
8;5;12;35;35017;8;3;2;No inventariada;;9;4;1;1;;1;1;1;;;1;998
10;4;12;35;35017;;1;1;FV-2;4,624;6;2;2;;;1;1;1;;;1;1
10;1;21;35;35017;;1;1;FV-10;15,04;6;3;2;;;3;6;3;;;1;2
11;5;6;35;35017;;1;1;FV-2;0,65;6;16;2;;;1;3;1;;;1;1
9;2;13;35;35017;8;3;2;No inventariada;;9;4;1;1;;1;1;1;;;1;998
9;2;16;35;35017;8;3;2;No inventariada;;9;4;1;2;;1;1;1;;;1;998
9;1;17;35;35017;8;3;2;No inventariada;;9;2;1;1;;1;1;1;;;1;998
9;3;18;35;35017;8;3;2;No inventariada;;9;4;1;1;;1;1;1;;;1;998
9;1;9;35;35017;8;3;2;No inventariada;;9;4;1;1;;1;1;1;;;1;998
9;3;11;35;35017;8;3;2;No inventariada;;9;2;1;1;;1;1;1;;;1;998
11;1;18;35;35017;;1;1;FV-221;5,5;6;14;2;;;1;1;1;;;1;2
10;2;18;35;35017;8;3;2;No inventariada;;9;7;1;1;;1;1;1;;;1;998
10;6;19;35;35017;8;3;2;No inventariada;;9;2;1;1;;1;1;1;;;1;998
10;1;17;35;35017;8;3;2;No inventariada;;9;2;1;1;;1;1;1;;;1;998
11;3;10;35;35017;;1;1;FV-2;7;6;12;2;;;1;2;1;;;1;1
10;1;18;35;35017;8;3;2;No inventariada;;9;2;1;1;;1;1;1;;;12;998
10;4;18;35;35017;8;3;2;No inventariada;;9;4;1;4;;1;1;1;;;1;998
11;3;20;35;35017;;1;1;FV-2;7,1;6;19;2;;;1;6;1;;;1;1
10;3;8;35;35017;8;3;2;No inventariada;;9;7;1;1;;1;1;1;;;6;998
10;3;12;35;35017;8;3;2;No inventariada;;9;4;1;4;;1;1;1;;;1;998
10;2;19;35;35017;8;3;2;No inventariada;;9;2;1;1;;1;4;1;;;1;998
11;6;14;35;35017;8;3;2;No inventariada;;9;2;1;1;;1;1;1;;;1;998
11;5;14;35;35017;0;1;1;FV-430;3,2;6;10;2;;;1;1;1;;;1;1
11;5;20;35;35017;0;1;1;FV-2;5,6;6;7;2;;;1;4;1;;;1;1
12;7;15;35;35017;;1;1;FV-10;2,3;6;3;2;;;1;1;1;;;1;1
11;4;11;35;35017;8;3;2;No inventariada;;9;2;1;1;;1;1;1;;;1;998
11;3;20;35;35017;8;3;2;No inventariada;;9;7;1;1;;1;1;1;;;1;998
11;2;10;35;35017;8;3;2;No inventariada;;9;4;1;1;;1;1;1;;;1;998
11;3;17;35;35017;8;3;2;No inventariada;;9;3;1;1;;1;1;1;;;1;998
11;5;15;35;35017;8;3;2;No inventariada;;9;2;1;1;;1;1;1;;;1;998
12;3;12;35;35017;;1;1;FV-20;2,322;6;4;1;4;FV-3;1;1;1;;;1;1
12;1;8;35;35017;8;3;2;No inventariada;;9;7;1;1;;1;1;1;;;1;998
12;3;9;35;35017;8;3;2;No inventariada;;9;4;1;1;;1;1;1;;;1;998
12;5;20;35;35017;;1;1;FV-2;1;6;4;2;;;1;4;1;;;1;1
12;1;16;35;35017;8;1;1;FV-10;3,5;6;19;2;;;1;1;1;;;1;2
1;4;19;35;35018;;1;1;LZ-35;1,676;6;20;2;;;1;6;1;;;1;1
2;2;7;35;35018;9;3;2;No inventariada;;9;12;1;2;;1;2;1;;;1;998
3;2;7;35;35018;0;1;1;LZ-20;7,257;6;4;2;;;1;1;1;;;1;1
3;5;19;35;35018;9;1;1;LZ-40;0,1;6;9;2;;;3;6;1;;;1;2
4;1;17;35;35024;7;1;1;LZ-409;2,9;6;10;2;;;1;1;2;;;1;1
5;5;7;35;35018;9;1;1;LZ-20;6;6;4;2;;;3;1;3;;;1;1
5;3;8;35;35018;;1;1;LZ-2;2,857;5;4;2;;;1;1;1;;;1;1
6;1;18;35;35018;;1;1;LZ-2;2,34;5;12;2;;;1;1;1;;;1;1
6;4;7;35;35018;9;1;1;LZ-35;2,2;6;14;2;;;1;1;1;;;1;1
6;4;14;35;35018;;1;1;LZ-2;4,149;5;5;2;;;1;1;1;;;1;1
6;5;15;35;35018;;1;1;LZ-2;3,616;5;4;2;;;1;1;1;;;1;1
7;5;15;35;35018;0;1;1;LZ-302;0,4;6;10;2;;;1;1;1;;;1;1
7;1;5;35;35018;9;1;1;LZ-20;7,9;6;18;2;;;3;6;2;;;1;1
8;4;19;35;35018;0;1;1;LZ-2;2,3;5;4;2;;;1;1;1;;;1;1
8;6;1;35;35019;;1;1;GC-1;32,899;2;18;2;;;1;4;7;;;1;1
8;7;11;35;35018;9;1;1;LZ-2;4,95;5;19;2;;;1;1;1;;;1;1
9;5;22;35;35018;;1;1;LZ-20;6,494;6;6;1;4;LZ-34;1;4;1;;;1;1
9;6;20;35;35018;9;1;1;LZ-302;1;6;18;2;;;1;6;1;;;1;1
9;2;16;35;35018;9;1;1;LZ-2;2;5;5;2;;;1;1;1;;;1;1
10;7;22;35;35018;9;1;1;LZ-20;7,9;6;16;1;4;LZ-30;3;6;3;;;1;2
10;3;16;35;35004;9;1;1;LZ-2;1;5;4;2;;;1;1;1;;;1;1
10;4;12;35;35018;9;1;1;LZ-20;6,9;6;4;2;;;1;1;1;;;1;1
12;5;12;35;35004;9;1;1;LZ-2;1,598;5;4;2;;;1;1;1;;;1;1
1;7;3;35;35019;;1;1;GC-500;1,01;6;18;2;;;1;6;1;;;1;1
1;6;16;35;35019;7;3;2;No inventariada;;9;1;2;;;1;1;3;;;1;998
1;1;13;35;35019;0;1;1;GC-1;46,4;2;15;2;;;1;1;7;;;18;1
1;4;14;35;35019;0;1;1;GC-500;23,011;6;19;2;;;1;1;7;;;18;3
1;1;12;35;35019;0;1;1;GC-60;31;6;3;2;;;1;1;1;;;4;3
1;1;17;35;35019;7;3;2;No inventariada;;9;2;2;;;1;1;1;;;1;998
1;7;11;35;35019;0;1;1;GC-60;23,6;6;20;2;;;1;1;1;;;1;1
1;3;17;35;35019;7;3;2;No inventariada;;9;4;2;;;1;1;1;;;1;998
1;3;15;35;35019;;1;1;GC-60;24,379;6;10;2;;;1;1;1;;;1;3
2;5;10;35;35019;0;1;1;GC-1;47,859;2;15;2;;;1;1;1;;;1;2
2;7;17;35;35019;7;1;1;GC-500;19,4;6;16;2;;;1;1;1;;;1;1
2;4;9;35;35019;7;1;1;GC-500;0,3;6;4;2;;;1;1;1;;;1;1
2;2;16;35;35019;7;3;2;No inventariada;;9;10;2;;;1;1;1;;;1;998
2;5;20;35;35019;0;1;1;GC-1;46,871;2;12;2;;;1;6;1;;;1;1
2;3;15;35;35019;7;3;2;No inventariada;;9;2;1;2;;1;1;1;;;1;998
2;5;16;35;35019;7;3;2;No inventariada;;9;4;2;;;1;1;1;;;1;998
2;7;10;35;35019;;1;1;GC-500;1,714;6;2;2;;;1;1;1;;;1;1
2;2;11;35;35019;;1;1;GC-501;0,3;6;5;2;;;1;1;1;;;18;4
2;4;13;35;35019;0;1;1;GC-65;0,8;6;10;2;;;1;1;1;;;1;2
3;4;22;35;35019;;1;1;GC-1;52,9;2;4;2;;;1;6;1;;;1;1
3;5;8;35;35019;;1;1;GC-1;35,074;2;5;2;;;1;1;7;;;18;1
3;5;14;35;35019;;1;1;GC-1;36;2;4;2;;;1;1;1;;;1;1
3;6;15;35;35019;0;1;1;GC-500;25,112;6;19;2;;;1;1;2;;;1;2
3;5;18;35;35019;0;1;1;GC-1;38,9;2;4;2;;;3;1;3;;;5;1
3;5;17;35;35019;0;1;1;GC-1;43;2;1;2;;;1;1;1;;;1;1
3;7;13;35;35019;7;1;1;GC-500;26;6;10;2;;;1;1;1;;;1;3
4;1;13;35;35019;7;3;2;No inventariada;;9;4;1;4;;1;1;1;;;1;998
4;3;18;35;35019;7;3;2;No inventariada;;9;20;2;;;1;1;1;;;1;998
4;6;13;35;35019;7;3;2;No inventariada;;9;10;2;;;1;1;1;;;1;998
4;5;17;35;35019;7;3;2;No inventariada;;9;10;2;;;1;1;1;;;1;998
4;3;14;35;35019;7;3;2;No inventariada;;9;7;2;;;1;1;1;;;1;998
4;3;15;35;35019;7;3;2;No inventariada;;9;2;1;1;;1;1;1;;;1;998
4;7;15;35;35019;0;1;1;GC-1;46,221;2;16;2;;;1;1;1;;;1;1
4;2;23;35;35019;7;1;1;GC-60;46,66;6;14;2;;;1;6;1;;;1;1
5;3;12;35;35019;7;3;2;No inventariada;;9;4;2;;;1;1;1;;;1;998
5;3;14;35;35019;7;3;2;No inventariada;;9;10;2;;;1;1;1;;;1;998
5;6;21;35;35019;7;1;1;GC-1;55,103;2;16;2;;;1;6;1;;;1;1
4;1;18;35;35019;7;3;2;No inventariada;;9;20;2;;;1;1;1;1;;1;998
2;7;17;35;35019;7;3;2;No inventariada;;9;16;2;;;1;1;1;;;1;998
5;1;11;35;35019;;1;1;GC-1;41,2;2;3;2;;;1;1;1;;;1;1
5;6;22;35;35019;7;3;2;No inventariada;;9;2;1;1;;1;4;1;;;1;998
5;7;15;35;35019;7;3;2;No inventariada;;9;10;2;;;1;1;1;;;1;998
5;2;7;35;35019;7;1;1;GC-1;34,9;2;5;2;;;1;2;1;;;1;1
5;3;16;35;35019;0;1;1;GC-500;2,323;6;16;2;;;1;2;1;;;1;1
5;3;19;35;35019;0;1;1;GC-1;32,87;2;4;2;;;1;1;1;;;1;1
5;3;13;35;35019;0;1;1;GC-1;43;2;12;1;10;GC-500;1;1;1;;;1;2
6;7;16;35;35019;7;3;2;No inventariada;;9;2;2;;;1;1;1;;;1;998
6;4;8;35;35019;0;1;1;GC-504;1,187;6;19;2;;;3;1;2;;;1;2
6;6;9;35;35019;;1;1;GC-500;24,4;6;10;2;;;1;1;1;;;1;1
6;5;18;35;35019;7;3;2;No inventariada;;9;2;2;;;1;1;1;;;1;998
6;7;2;35;35019;7;1;1;GC-1;31,6;2;5;2;;;1;4;1;;;1;1
6;3;4;35;35019;7;3;2;No inventariada;;14;6;2;;;1;4;1;;;1;998
2;1;4;35;35019;7;3;2;No inventariada;;9;6;2;;;1;4;1;;;1;998
6;3;6;35;35019;7;3;2;No inventariada;;9;10;1;4;;1;2;1;;;1;998
6;3;8;35;35019;7;3;2;No inventariada;;9;2;2;;;1;1;1;;;1;998
6;5;11;35;35019;;1;1;GC-1;53,895;2;4;2;;;1;4;1;;;3;1
6;5;20;35;35019;0;1;1;GC-60;19;6;12;2;;;1;2;1;;;1;2
6;1;13;35;35019;;1;1;CAMINO VEC;2,5;6;1;2;;;1;1;1;;;1;1
6;2;9;35;35019;7;3;2;No inventariada;;9;3;1;4;;1;1;1;;;1;998
6;4;10;35;35019;7;3;2;No inventariada;;9;4;1;2;;1;1;1;;;1;998
6;7;10;35;35019;7;3;2;No inventariada;;9;;;;;999;999;999;;;999;998
6;5;22;35;35019;;1;1;GC-500;6,958;6;14;1;4;;1;6;1;;;1;1
6;5;6;35;35019;7;3;2;No inventariada;;9;7;1;2;;1;2;1;;;5;998
6;1;21;35;35019;7;3;2;No inventariada;;9;20;2;;;1;1;1;;;1;998
6;6;9;35;35019;7;3;2;No inventariada;;9;3;1;1;;1;1;1;;;1;998
6;6;15;35;35019;7;3;2;No inventariada;;9;1;1;1;;1;1;1;;;1;998
6;5;21;35;35019;7;3;2;No inventariada;;9;2;1;1;;1;4;1;;;1;998
7;4;20;35;35019;7;3;2;No inventariada;;9;2;2;;;1;2;1;;;1;998
7;3;17;35;35019;7;3;2;No inventariada;;9;2;1;1;;1;1;1;;;1;998
7;3;18;35;35019;7;3;2;No inventariada;;9;4;2;;;1;1;1;;;1;998
7;1;7;35;35019;0;1;1;GC-1;41,4;2;5;2;;;1;1;1;;;1;1
7;7;19;35;35019;7;3;2;No inventariada;;9;4;2;;;1;1;1;;;1;998
7;1;20;35;35019;7;3;2;No inventariada;;9;20;2;;;1;1;1;;;1;998
7;4;12;35;35019;0;1;1;GC-1;34,578;2;19;2;;;1;1;1;;;1;1
7;4;18;35;35019;;1;1;GC-60;43,135;6;16;2;;;1;2;1;;;4;2
7;4;13;35;35019;7;3;2;No inventariada;;9;10;1;4;;1;1;1;;;1;998
7;5;18;35;35019;7;3;2;No inventariada;;9;4;2;;;1;1;1;;;1;998
7;2;21;35;35019;0;1;1;GC-505;0,38;6;15;2;;;1;1;1;;;1;1
7;3;18;35;35019;7;1;1;GC-65;3,061;6;1;2;;;1;1;1;;;1;2
7;3;20;35;35019;7;3;2;No inventariada;;7;10;2;;;1;1;1;;;1;998
7;3;12;35;35019;7;3;2;No inventariada;;9;2;1;4;;1;1;1;;;1;998
7;2;6;35;35019;7;3;2;No inventariada;;9;2;2;;;1;4;1;;;1;998
7;6;16;35;35019;7;3;2;No inventariada;;9;3;1;1;;1;1;1;;;1;998
7;4;13;35;35019;;1;1;GC-1;34,8;2;10;2;;;1;1;1;;;1;1
7;1;16;35;35019;7;1;1;GC-604;1;6;1;2;;;1;1;2;;;18;3
7;1;0;35;35019;7;3;2;No inventariada;;9;7;2;;;1;4;1;;;1;998
7;3;13;35;35019;0;1;1;GC-500;23,605;6;16;2;;;1;1;1;;;1;1
7;2;7;35;35019;7;3;2;No inventariada;;9;10;1;1;;1;2;1;;;1;998
8;6;18;35;35019;7;3;2;No inventariada;;9;3;2;;;1;1;1;;;1;998
7;7;18;35;35019;7;3;2;No inventariada;;9;2;1;1;;1;1;1;;;1;998
8;1;18;35;35019;7;3;2;No inventariada;;9;2;1;1;;1;1;1;;;1;998
8;2;20;35;35019;0;1;1;GC-500;0,05;6;2;1;4;GC-501;1;2;1;;;1;2
7;7;14;35;35019;7;3;2;No inventariada;;9;3;1;4;;1;1;1;;;1;998
8;4;11;35;35019;7;3;2;No inventariada;;14;3;2;;;1;1;1;;;1;998
8;6;20;35;35019;7;3;2;No inventariada;;9;2;1;1;;1;1;1;;;1;998
8;4;10;35;35019;0;1;1;GC-500;24,385;6;10;2;;;1;1;1;;;1;1
8;4;14;35;35019;0;1;1;GC-1;46,4;2;10;2;;;1;1;1;;;1;2
8;7;20;35;35019;0;1;1;GC-60;37,149;6;19;2;;;1;1;1;;;1;1
8;6;14;35;35019;7;3;2;No inventariada;;14;19;1;2;;1;1;1;;;1;998
8;3;13;35;35019;7;3;2;No inventariada;;9;1;2;;;1;1;1;;;1;998
8;7;16;35;35019;7;3;2;No inventariada;;9;2;2;;;1;1;1;;;1;998
8;3;7;35;35019;0;1;1;GC-1;47,868;2;3;2;;;1;1;1;;;1;1
8;7;12;35;35019;7;3;2;No inventariada;;9;4;2;;;1;1;1;;;1;998
8;7;14;35;35019;7;3;2;No inventariada;;14;4;2;;;1;1;1;;;1;998
9;7;15;35;35019;;1;1;GC-500;2,783;6;5;2;;;1;1;1;;;1;1
8;6;21;35;35019;7;3;2;No inventariada;;9;2;1;1;;1;4;1;;;1;998
9;4;10;35;35019;;1;1;GC-604;12,549;6;17;2;;;1;1;1;;;1;3
9;3;15;35;35019;7;3;2;No inventariada;;9;4;1;1;;1;1;1;;;1;998
9;7;11;35;35019;0;1;1;GC-504;6,496;6;10;2;;;1;1;1;;;1;2
9;4;0;35;35019;7;1;1;GC-1;49,95;2;14;2;;;1;6;1;;;1;1
9;5;17;35;35019;7;3;2;No inventariada;;9;2;2;;;1;1;1;;;9;998
9;2;14;35;35019;0;1;1;GC-60;27,8;6;19;2;;;1;1;1;;;1;3
9;2;18;35;35019;0;1;1;GC-500;23,7;6;12;2;;;1;1;1;;;1;2
9;4;19;35;35019;7;3;2;No inventariada;;9;10;2;;;1;3;1;;;1;998
9;5;15;35;35019;7;3;2;No inventariada;;9;7;2;;;1;1;1;;;1;998
9;1;16;35;35019;0;1;1;GC-1;53,844;2;4;2;;;1;1;1;;;1;1
9;7;8;35;35019;7;3;2;No inventariada;;14;19;2;;;1;1;1;;;1;998
9;5;22;35;35019;7;3;2;No inventariada;;9;3;1;4;;1;4;1;;;1;998
9;3;13;35;35019;7;3;2;No inventariada;;9;16;2;;;1;1;1;;;1;998
9;4;11;35;35019;7;3;2;No inventariada;;14;3;2;;;1;1;1;;;1;998
9;7;13;35;35019;7;3;2;No inventariada;;9;3;2;;;1;1;1;;;9;998
10;3;9;35;35019;7;3;2;No inventariada;;9;4;1;4;;1;1;1;;;1;998
10;5;21;35;35019;0;1;1;GC-1;35,133;2;16;2;;;1;4;1;;;1;1
10;4;11;35;35019;7;3;2;No inventariada;;9;7;2;;;1;1;1;;;1;998
10;4;11;35;35019;7;3;2;No inventariada;;9;7;2;;;1;1;1;;;1;998
10;4;22;35;35019;7;1;1;GC-500;10;6;7;2;;;1;4;1;;;1;1
10;5;8;35;35019;7;3;2;No inventariada;;9;4;1;4;;1;1;1;;;1;998
10;4;14;35;35019;7;3;2;No inventariada;;9;3;2;;;1;1;1;;;1;998
10;1;15;35;35019;7;3;2;No inventariada;;9;10;2;;;9;1;1;;;1;998
10;6;18;35;35019;7;3;2;No inventariada;;9;5;2;;;1;1;1;;;1;998
10;3;16;35;35019;7;3;2;No inventariada;;9;4;2;;;1;1;1;;;1;998
10;4;21;35;35019;0;1;1;GC-1;44,5;2;12;2;;;1;4;1;;;18;3
11;5;9;35;35019;7;3;2;No inventariada;;9;2;1;4;;1;1;1;;;3;998
10;3;13;35;35019;7;3;2;No inventariada;;14;7;2;;;1;1;1;;;1;998
11;6;13;35;35019;7;3;2;No inventariada;;9;4;1;4;;1;1;1;;;1;998
10;2;19;35;35019;7;3;2;No inventariada;;9;10;1;4;;1;4;1;;;1;998
10;2;20;35;35019;7;3;2;No inventariada;;9;7;2;;;1;4;1;;;1;998
11;1;7;35;35019;;1;1;GC-1;46,491;2;15;2;;;9;1;1;;;4;2
11;1;16;35;35019;;1;1;GC-1;42,726;2;4;2;;;1;1;2;;;1;1
11;2;15;35;35019;0;1;1;GC-1;41,07;2;2;2;;;1;1;1;;;1;1
11;6;15;35;35019;;1;1;GC-60;46,977;6;2;2;;;1;1;1;;;1;1
11;1;9;35;35019;7;3;2;No inventariada;;14;3;1;4;;1;1;1;;;1;998
11;4;15;35;35019;0;1;1;GC-1;40,063;2;5;2;;;1;1;1;;;1;1
11;5;9;35;35019;0;1;1;GC-505;0,154;6;5;2;;;1;1;1;;;1;1
11;6;13;35;35019;7;1;1;GC-60;39,05;6;2;2;;;1;1;1;;;1;1
11;1;19;35;35019;7;3;2;No inventariada;;9;2;1;4;;1;3;1;;;1;998
11;1;10;35;35019;7;3;2;No inventariada;;9;10;2;;;1;1;1;;;1;998
11;3;13;35;35019;;1;1;GC-1;43,056;2;15;1;10;;1;1;1;;;1;2
11;1;8;35;35019;7;3;2;No inventariada;;9;10;1;4;;1;1;1;;;1;998
11;4;13;35;35019;;1;1;GC-1;54,923;2;12;2;;;1;4;1;;;1;1
11;5;23;35;35019;;1;1;GC-60;27,412;6;16;2;;;1;2;1;;;4;1
12;2;15;35;35019;;1;1;GC-1;31,191;2;4;2;;;1;1;1;;;1;1
12;1;12;35;35019;7;3;2;No inventariada;;14;7;2;;;8;1;1;;;1;998
12;3;15;35;35019;;1;1;GC-1;42,936;2;19;2;;;1;1;1;;;1;2
12;3;13;35;35019;;1;1;GC-505;10,6;6;3;2;;;1;1;1;;;1;1
12;1;9;35;35019;0;1;1;GC-500;25,325;6;10;2;;;8;1;1;;;1;1
12;7;9;35;35019;7;3;2;No inventariada;;14;10;2;;;1;1;1;;;1;998
12;7;14;35;35019;7;3;2;No inventariada;;14;3;2;;;1;1;1;;;1;998
12;5;12;35;35019;7;1;1;GC-1;31;2;15;2;;;7;1;1;;;1;2
12;7;6;35;35019;7;3;2;No inventariada;;9;4;1;2;GC-503;1;4;1;;;18;998
12;2;8;35;35019;;1;1;GC-1;33,105;2;12;2;;;1;1;1;;;1;1
12;2;11;35;35019;0;1;1;GC-1;55,244;2;5;2;;;1;1;1;;;1;1
12;4;10;35;35019;;1;1;GC-1;42,999;2;2;1;9;;1;1;1;;;1;3
12;5;11;35;35019;7;3;2;No inventariada;;9;2;1;4;;1;1;1;;;18;998
12;3;7;35;35019;7;3;2;No inventariada;;9;7;2;;;1;3;1;;;1;998
12;3;21;35;35019;;1;1;GC-1;43;2;3;1;2;;1;5;1;;;1;1
12;1;16;35;35019;7;3;2;No inventariada;;9;4;2;;;1;1;1;;;1;998
4;4;5;35;35020;7;1;1;GC-200;31;6;4;2;;;1;5;1;;;1;2
5;1;0;35;35020;;1;1;GC-200;33;6;18;2;;;1;4;1;;;1;1
9;1;12;35;35020;7;1;1;GC-205;3;6;15;2;;;1;1;1;;;1;2
12;6;14;35;35012;0;1;1;GC-200;46,623;6;15;2;;;1;1;1;;;1;2
12;7;13;35;35020;;1;1;GC-200;43,5;6;4;2;;;1;1;1;;;1;1
12;5;15;35;35020;;1;1;GC-200;33,678;6;2;2;;;1;1;1;;;1;1
1;1;14;35;35021;;1;1;GC-15;5,587;6;2;2;;;1;1;1;;;1;2
1;6;18;35;35016;7;1;1;GC-4;2;3;12;2;;;1;1;1;;;1;2
1;7;1;35;35021;0;1;1;GC-15;1,035;6;2;2;;;1;4;1;;;1;2
1;6;19;35;35021;0;1;1;GC-15;8,088;6;1;2;;;1;4;1;;;1;1
3;3;13;35;35021;7;1;1;GC-15;3;6;19;2;;;3;1;2;;;1;3
5;1;11;35;35021;;1;1;GC-15;0,197;6;4;2;;;1;1;2;;;18;1
5;3;11;35;35021;0;1;1;GC-15;3,387;6;4;2;;;1;1;1;;;1;1
6;1;13;35;35021;;1;1;GC-321;1,3;6;1;2;;;1;1;1;;;1;3
7;4;8;35;35021;;1;1;GC-15;1,55;6;12;2;;;1;1;2;;;1;1
7;5;20;35;35021;0;1;1;GC-324;3,893;6;3;1;1;;1;1;1;;;1;2
8;5;22;35;35021;;1;1;GC-15;0,1;6;19;2;;;1;4;1;;;17;3
8;3;10;35;35021;;1;1;GC-15;5,815;6;10;2;;;7;1;2;;;4;2
10;5;13;35;35021;0;1;1;GC-15;7,45;6;4;2;;;1;1;1;;;1;1
10;3;7;35;35021;;1;1;GC-151;0,1;6;12;2;;;1;1;1;;;1;2
11;5;19;35;35021;0;1;1;GC-15;3,905;6;16;2;;;1;4;1;;;1;2
1;1;6;35;35022;7;3;2;No inventariada;;9;9;2;;;1;3;1;;;1;998
1;4;11;35;35022;0;1;1;GC-65;10,7;6;10;2;;;1;1;1;;;4;2
1;5;14;35;35022;0;1;1;GC-65;17;6;19;2;;;1;1;1;;;1;1
1;7;11;35;35022;7;3;2;No inventariada;;9;2;1;4;;1;1;1;;;1;998
1;3;13;35;35002;7;1;1;GC-1;25,67;2;10;2;;;1;1;1;;;1;1
1;3;15;35;35022;7;3;2;No inventariada;;9;4;2;;;1;1;1;;;1;998
1;3;17;35;35022;7;3;2;No inventariada;;9;4;2;;;1;1;1;;;1;998
1;4;18;35;35022;7;3;2;No inventariada;;9;7;1;4;;1;4;1;;;1;998
1;4;19;35;35022;7;3;2;No inventariada;;9;7;1;4;;1;4;1;;;1;998
1;5;19;35;35022;;1;1;GC-1;27,7;2;5;2;;;1;4;1;;;1;1
1;3;21;35;35022;7;1;1;GC-1;26,7;2;14;2;;;1;4;1;;;1;1
1;7;3;35;35022;7;3;2;No inventariada;;9;7;2;;;1;4;1;;;1;998
2;5;7;35;35022;7;3;2;No inventariada;;9;2;1;4;;1;4;1;;;1;998
3;7;10;35;35019;7;1;1;GC-65;3,69;6;2;2;;;1;1;1;;;1;1
2;1;19;35;35022;7;3;2;No inventariada;;9;2;1;4;;1;4;1;;;1;998
2;6;17;35;35022;7;3;2;No inventariada;;9;7;2;;;1;1;1;;;1;998