MES;DIA_SEMANA;HORA;COD_PROVINCIA;COD_MUNICIPIO;ISLA;ZONA;ZONA_AGRUPADA;CARRETERA;KM;TIPO_VIA;TIPO_ACCIDENTE;NUDO;NUDO_INFO;CARRETERA_CRUCE;CONDICION_FIRME;CONDICION_ILUMINACION;CONDICION_METEO;CONDICION_NIEBLA;CONDICION_VIENTO;VISIB_RESTRINGIDA_POR;TRAZADO_PLANTA
3;6;21;35;35022;7;3;2;No inventariada;;9;6;2;;;1;3;1;;;1;998
3;2;20;35;35022;7;3;2;No inventariada;;9;7;2;;;1;3;1;;;1;998
3;5;21;35;35022;7;3;2;No inventariada;;9;6;2;;;3;3;2;;;1;998
3;7;11;35;35022;7;3;2;No inventariada;;9;16;2;;;1;1;1;;;1;998
4;2;8;35;35022;7;3;2;No inventariada;;9;10;2;;;2;1;1;;;1;998
4;5;22;35;35022;7;1;1;GC-191;1;6;7;2;;;1;4;1;;;1;1
4;3;23;35;35022;7;3;2;No inventariada;;9;7;2;;;1;4;1;;;1;998
4;2;8;35;35022;7;3;2;No inventariada;;9;7;2;;;1;1;1;;;1;998
4;5;19;35;35022;7;1;1;GC-1;28,25;2;5;2;;;1;1;1;;;1;1
4;3;20;35;35022;;1;1;GC-65;8,2;6;1;2;;;1;6;1;;;1;2
4;7;13;35;35022;7;3;2;No inventariada;;9;2;1;1;;1;1;1;;;1;998
4;6;11;35;35022;7;3;2;No inventariada;;9;19;2;;;1;1;1;;;1;998
5;7;17;35;35022;;1;1;GC-1;25,94;2;4;2;;;1;1;2;;;1;1
5;1;4;35;35022;;1;1;GC-65;15,46;6;19;2;;;1;6;1;;;1;2
4;3;7;35;35022;7;3;2;No inventariada;;9;2;2;;;1;2;1;;;1;998
4;5;8;35;35022;7;3;2;No inventariada;;9;1;2;;;1;2;1;;;12;998
5;4;12;35;35022;7;3;2;No inventariada;;9;7;2;;;1;1;1;;;1;998
4;1;9;35;35022;7;3;2;No inventariada;;9;2;2;;;1;1;1;;;1;998
4;3;16;35;35022;7;3;2;No inventariada;;9;3;1;4;;1;1;1;;;1;998
5;6;21;35;35022;;1;1;GC-1;28,498;2;14;2;;;1;3;1;;;1;1
5;6;11;35;35022;7;3;2;No inventariada;;9;2;1;1;;1;1;1;;;2;998
5;3;19;35;35022;0;1;1;GC-1;28,908;2;14;2;;;1;1;1;;;1;1
5;3;13;35;35022;7;3;2;No inventariada;;9;7;1;1;;1;1;1;;;2;998
4;7;20;35;35022;7;3;2;No inventariada;;9;4;1;4;;1;3;1;;;1;998
5;6;13;35;35022;7;3;2;No inventariada;;9;4;1;4;;1;1;1;;;1;998
5;2;16;35;35022;7;3;2;No inventariada;;9;7;2;;;1;1;1;;;1;998
5;6;14;35;35022;7;3;2;No inventariada;;9;2;2;;;1;1;1;;;1;998
5;2;19;35;35022;7;3;2;No inventariada;;9;7;1;1;;1;1;1;;;1;998
5;6;16;35;35022;7;3;2;No inventariada;;9;2;1;1;;1;1;1;;;1;998
5;6;19;35;35022;7;3;2;No inventariada;;9;7;2;;;1;1;1;;;1;998
6;1;20;35;35022;;1;1;GC-1;26,299;2;2;2;;;1;4;1;;;1;1
6;3;15;35;35022;0;1;1;GC-1;28,364;2;4;2;;;1;1;1;;;1;1
6;1;8;35;35022;7;3;2;No inventariada;;9;7;1;1;;1;1;1;;;6;998
6;7;10;35;35022;7;3;2;No inventariada;;9;7;2;;;1;1;1;;;1;998
5;2;20;35;35022;7;3;2;No inventariada;;9;7;2;;;1;1;1;;;6;998
7;2;18;35;35022;0;1;1;GC-1;27,5;2;4;2;;;1;1;1;;;1;1
6;2;16;35;35022;7;3;2;No inventariada;;9;2;1;4;;1;1;1;;;1;998
8;4;14;35;35002;0;1;1;GC-1;25,5;2;19;1;12;;1;1;1;;1;1;3
8;2;18;35;35022;0;1;1;GC-65;7,558;6;16;2;;;1;1;1;;;1;1
8;7;21;35;35022;7;1;1;GC-1;28,7;2;3;2;;;1;4;1;;;1;1
8;5;11;35;35022;0;1;1;GC-65;10,873;6;6;2;;;1;1;1;;;1;2
8;6;11;35;35022;;1;1;GC-550;2,104;6;15;2;;;1;1;1;;;1;2
7;5;8;35;35022;7;3;2;No inventariada;;7;2;1;4;;1;1;1;;;1;998
8;1;16;35;35022;7;3;2;No inventariada;;9;7;1;2;;1;1;1;;;1;998
8;1;14;35;35022;7;3;2;No inventariada;;9;7;2;;;1;1;1;;;1;998
8;1;18;35;35022;7;3;2;No inventariada;;9;2;1;1;;1;1;1;;;1;998
8;7;22;35;35022;7;3;2;No inventariada;;9;2;1;1;;1;4;1;;;1;998
9;6;18;35;35022;7;3;2;No inventariada;;9;19;2;;;1;1;1;;;1;998
8;3;16;35;35022;7;3;2;No inventariada;;9;7;1;1;;1;1;1;;;1;998
8;6;20;35;35022;7;3;2;No inventariada;;9;7;1;1;;1;4;1;;;1;998
8;4;12;35;35022;7;3;2;No inventariada;;9;3;1;4;;1;1;1;;;1;998
8;5;12;35;35022;7;3;2;No inventariada;;9;2;1;1;;1;1;1;;;1;998
8;4;6;35;35022;7;3;2;No inventariada;;9;2;1;4;;1;3;1;;;1;998
8;1;9;35;35022;7;3;2;No inventariada;;9;3;2;;;1;1;1;;;1;998
9;2;16;35;35022;7;3;2;No inventariada;;9;2;1;1;;1;1;1;;;1;998
9;5;12;35;35022;7;3;2;No inventariada;;9;1;2;;;1;1;1;;;1;998
2;1;18;35;35022;7;3;2;No inventariada;;9;2;1;4;;1;1;1;;;1;998
4;3;12;35;35022;7;3;2;No inventariada;;9;4;2;;;1;1;1;;;1;998
9;3;20;35;35022;7;3;2;No inventariada;;9;2;1;1;;1;4;1;;;1;998
4;5;11;35;35022;7;3;2;No inventariada;;9;4;2;;;1;1;1;;;18;998
8;4;20;35;35022;7;3;2;No inventariada;;9;2;1;4;;1;4;1;;;18;998
10;7;16;35;35022;0;1;1;GC-65;20,4;6;3;2;;;3;1;4;;;1;2
9;1;9;35;35022;7;3;2;No inventariada;;9;10;2;;;1;1;1;;;18;998
10;1;9;35;35022;7;3;2;No inventariada;;9;20;2;;;1;1;1;;;1;998
11;5;7;35;35022;;1;1;GC-1;29,84;2;18;2;;;1;2;1;;;1;1
11;3;13;35;35022;0;1;1;GC-65;7,905;6;19;2;;;8;1;2;;;1;3
11;7;9;35;35022;7;3;2;No inventariada;;9;2;1;4;;1;1;1;;;1;998
12;7;20;35;35022;7;3;2;No inventariada;;9;10;2;;;1;4;1;;;1;998
12;6;11;35;35022;;1;1;GC-65;9,466;6;2;2;;;1;1;2;;;1;1
12;6;23;35;35022;7;3;2;No inventariada;;9;7;2;;;3;4;3;;;1;998
12;5;18;35;35022;7;3;2;No inventariada;;9;7;1;1;;1;4;1;;;1;998
1;2;16;35;35023;0;1;1;GC-2;17,857;3;12;2;;;1;1;1;;;1;1
2;3;15;35;35023;;1;1;GC-2;22,9;3;12;2;;;1;1;1;;;1;1
3;7;4;35;35023;0;1;1;GC-2;22,1;3;18;2;;;1;4;1;;;1;1
4;1;17;35;35023;;1;1;GC-2;23,024;3;4;2;;;1;3;1;;;1;2
6;6;2;35;35023;;1;1;GC-291;6,833;6;14;2;;;1;6;1;;;1;3
6;4;13;35;35023;0;1;1;GC-70;2,1;6;18;2;;;1;1;1;;;18;1
8;5;19;35;35023;;1;1;GC-70;10,95;6;10;2;;;1;1;1;;;12;2
1;4;14;35;35023;7;3;2;No inventariada;;9;4;1;2;;1;1;1;;;1;998
1;7;14;35;35023;7;3;2;No inventariada;;9;2;2;;;1;1;1;;;1;998
2;6;14;35;35023;7;3;2;No inventariada;;9;2;1;2;;1;1;1;;;1;998
2;2;14;35;35023;7;3;2;No inventariada;;9;2;2;;;1;1;1;;;18;998
3;6;14;35;35023;7;3;2;No inventariada;;9;2;1;2;;1;1;1;;;1;998
4;2;23;35;35023;7;3;2;No inventariada;;9;2;1;4;;1;1;1;;;18;998
10;3;13;35;35023;0;1;1;GC-292;1,796;6;4;1;4;;1;1;1;;;1;1
10;6;12;35;35023;;1;1;GC-70;15,975;6;20;2;;;1;1;1;;;1;2
11;4;0;35;35023;0;1;1;GC-2;22,1;3;12;2;;;1;4;1;;;1;1
7;2;18;35;35023;7;3;2;No inventariada;;9;20;2;;;1;1;1;;;1;998
7;6;9;35;35023;7;3;2;No inventariada;;9;2;2;;;1;1;1;;;18;998
9;5;14;35;35023;7;3;2;No inventariada;;9;7;2;;;1;1;1;;;1;998
10;3;8;35;35023;7;3;2;No inventariada;;9;20;1;4;;1;1;1;;;1;998
9;1;10;35;35023;7;3;2;No inventariada;;9;7;2;;;1;1;1;;;1;998
12;2;16;35;35023;0;1;1;GC-2;18,9;3;4;2;;;1;1;1;;;1;3
12;7;2;35;35023;;1;1;GC-2;22,271;3;16;2;;;1;4;1;;;1;2
1;3;11;35;35024;9;1;1;LZ-46;0,3;6;15;2;;;1;1;1;;;1;1
1;6;14;35;35024;;1;1;LZ-10;12,6;6;18;2;;;1;1;1;;;1;1
1;3;17;35;35024;9;3;2;No inventariada;;9;2;2;;;1;1;1;;;1;998
1;4;13;35;35024;9;1;1;LZ-42;3;6;20;2;;;1;1;1;;;1;1
2;5;22;35;35024;;1;1;LZ-20;13;6;16;2;;;3;4;3;;1;5;2
2;4;18;35;35024;9;1;1;LZ-10;9,9;6;4;2;;;1;2;1;;;1;1
2;3;9;35;35024;9;3;2;No inventariada;;9;7;1;2;;1;1;1;;;1;998
2;1;22;35;35024;9;3;2;No inventariada;;9;2;1;2;;1;4;1;;;1;998
3;5;22;35;35004;9;1;1;LZ-14;0,249;6;12;2;;;1;6;1;;;1;1
4;1;7;35;35024;;1;1;LZ-1;10,8;6;2;1;2;LZ-404;1;1;1;;;9;1
4;5;11;35;35024;0;1;1;LZ-42;3;6;19;2;;;1;1;1;;;1;1
4;5;18;35;35024;;1;1;LZ-402;6,614;6;15;2;;;1;1;1;;;1;2
5;6;21;35;35024;;1;1;LZ-10;1;6;20;2;;;1;4;1;;;1;1
4;1;10;35;35024;9;3;2;No inventariada;;9;1;1;2;;1;1;1;;;1;998
3;7;15;35;35024;9;3;2;No inventariada;;9;7;1;2;;1;1;1;;;1;998
5;3;13;35;35024;9;3;2;No inventariada;;9;12;2;;;1;1;1;;;1;998
6;7;9;35;35024;9;1;1;LZ-30;1,5;6;2;1;4;;1;1;1;;;1;2
5;7;20;35;35024;9;3;2;No inventariada;;9;2;1;1;;1;4;1;;;1;998
5;1;17;35;35024;9;3;2;No inventariada;;9;7;2;;;1;1;1;;;9;998
7;6;12;35;35024;;1;1;LZ-30;4,92;6;3;2;;;1;1;1;;;1;1
7;1;7;35;35024;;1;1;LZ-1;7,019;6;20;1;4;LZ-1;9;1;1;;;1;2
7;4;22;35;35024;9;3;2;No inventariada;;9;7;1;2;;1;4;1;;;1;998
7;5;20;35;35024;9;3;2;No inventariada;;9;7;2;;;1;3;1;;;1;998
8;3;12;35;35024;;2;2;C.TEUISE A;0,1;6;3;1;2;;8;1;1;;;1;1
8;3;12;35;35024;;1;1;LZ-20;12,665;6;2;1;1;;1;1;1;;;1;1
8;3;19;35;35024;;1;1;LZ-402;2,173;6;10;2;;;1;1;1;;;1;2
8;3;10;35;35024;;1;1;LZ-10;9,27;6;16;2;;;1;1;1;;;1;2
9;2;13;35;35024;0;1;1;LZ-1;7,2;6;1;2;;;1;1;1;;;1;1
7;3;23;35;35024;9;3;2;No inventariada;;9;7;1;2;;1;4;1;;;1;998
7;7;23;35;35024;9;3;2;No inventariada;;9;4;2;;;1;4;1;;;1;998
9;4;13;35;35024;;1;1;LZ-1;2,462;6;4;2;;;1;1;1;;;1;1
10;6;22;35;35024;9;1;1;LZ-10;2;6;18;2;;;1;6;1;;;1;1
9;2;23;35;35024;9;3;2;No inventariada;;9;20;2;;;1;4;1;;;1;998
9;5;11;35;35024;9;3;2;No inventariada;;9;7;2;;;1;1;1;;;1;998
11;2;12;35;35024;9;1;1;CAMINO VEC;2;6;1;2;;;1;1;1;;;1;3
11;6;16;35;35024;9;3;2;No inventariada;;9;4;1;2;;1;1;1;;;1;998
11;6;21;35;35024;9;1;1;LZ-1;2,4;6;16;2;;;1;6;1;;;1;2
11;1;18;35;35024;9;3;2;No inventariada;;9;7;2;;;1;3;1;;;1;998
11;6;18;35;35024;;1;1;LZ-402;2,761;6;2;2;;;1;6;1;;;1;1
12;7;4;35;35024;;1;1;LZ-30;2,9;6;19;2;;;1;6;1;;;1;1
11;1;12;35;35024;9;3;2;No inventariada;;9;2;1;2;;1;1;1;;;1;998
12;7;12;35;35024;9;3;2;No inventariada;;9;2;1;2;;1;1;1;;;1;998
12;1;13;35;35024;;1;1;LZ-1;3,137;6;6;1;4;LZ-1;2;1;1;;;1;2
12;4;14;35;35024;0;1;1;LZ-10;1,6;6;15;2;;;1;1;1;;;1;2
3;5;4;35;0;;1;1;GC-60;7;6;19;2;;;3;5;3;;;1;2
3;5;15;35;0;0;1;1;GC-15;27,7;6;1;2;;;1;1;1;;;18;3
4;7;12;35;0;7;1;1;GC-60;8,76;6;10;2;;;1;1;2;;;1;2
7;1;6;35;0;;1;1;GC-60;10,8;6;10;2;;;1;6;1;;;18;2
9;6;18;35;0;0;1;1;GC-60;8,047;6;1;2;;;1;6;2;;;1;2
9;6;14;35;0;;1;1;GC-60;7,3;6;1;2;;;1;1;1;;;4;2
1;3;11;35;35026;0;1;1;GC-1;8,476;3;10;2;;;1;1;1;;;1;1
1;3;16;35;35011;0;1;1;GC-1;16,044;2;3;2;;;1;1;1;;;1;1
1;5;15;35;35026;;1;1;GC-1;11,7;3;4;2;;;1;1;7;;;1;1
1;6;11;35;35026;0;1;1;GC-1;11,025;3;18;2;;;1;1;1;;;1;2
1;2;14;35;35026;0;1;1;GC-1;7;3;19;2;;;1;1;1;;;1;1
2;4;5;35;35026;0;1;1;GC-1;6,091;3;6;2;;;1;4;1;;;4;1
2;5;14;35;35026;0;1;1;GC-1;10,458;3;4;2;;;1;1;1;;;1;1
2;4;16;35;35026;;1;1;GC-1;11,372;3;4;2;;;1;1;1;;;1;1
2;6;10;35;35026;0;1;1;GC-1;6,357;3;4;2;;;1;1;1;;;1;1
2;3;8;35;35026;0;1;1;GC-1;11;3;4;2;;;1;1;1;;;1;1
2;3;10;35;35026;0;1;1;GC-1;11;3;5;2;;;1;1;1;;;18;1
2;5;7;35;35026;;1;1;GC-1;6,903;3;4;2;;;1;2;7;;;1;1
2;1;8;35;35026;;1;1;GC-1;11,336;3;4;2;;;1;1;1;;;1;1
3;2;12;35;35026;0;1;1;GC-1;14,39;3;5;2;;;1;1;1;;;1;1
3;2;13;35;35011;7;1;1;GC-1;15,572;3;4;2;;;1;1;1;;;1;1
3;2;9;35;35026;7;1;1;GC-1;12,764;3;4;2;;;1;1;1;;;1;1
3;3;5;35;35011;7;1;1;GC-1;16,436;2;4;2;;;1;4;1;;;1;1
4;5;20;35;35026;0;1;1;GC-1;10,272;3;4;2;;;1;5;1;;;1;1
4;1;0;35;35026;0;1;1;GC-1;15,384;3;3;2;;;1;4;1;;;1;1
4;5;13;35;35026;7;1;1;GC-1;6,9;3;4;2;;;1;1;1;;;1;1
4;7;10;35;35011;7;1;1;GC-1;16,283;2;12;2;;;1;1;1;;;1;1
4;1;15;35;35026;0;1;1;GC-1;6,907;3;4;2;;;1;1;1;;;1;1
1;6;14;35;35026;7;3;2;No inventariada;;9;2;2;;;1;1;1;;;1;998
4;1;17;35;35026;;1;1;GC-1;12,1;3;4;2;;;1;1;1;;;18;2
4;1;17;35;35026;;1;1;GC-1;14,106;3;4;2;;;1;1;2;;;1;1
4;7;11;35;35026;7;2;2;GC-10;4;3;7;2;;;1;1;1;;;1;1
5;6;19;35;35026;;1;1;GC-100;16,294;6;1;2;;;1;1;1;;;18;2
5;5;11;35;35026;;1;1;GC-1;14,45;3;10;2;;;1;1;1;;;1;1
5;6;19;35;35026;;1;1;GC-1;10,216;3;12;2;;;1;1;1;;;1;1
5;3;12;35;35026;7;1;1;GC-1;11;3;5;2;;;1;1;1;;;1;1
5;4;16;35;35026;7;1;1;GC-140;4,4;6;2;1;4;GC-140;1;1;1;;;1;2
3;5;20;35;35026;7;3;2;No inventariada;;9;1;1;1;;1;4;1;;;1;998
6;4;7;35;35026;0;1;1;GC-1;6,661;3;4;2;;;1;1;1;;;1;1
6;4;10;35;35026;0;1;1;GC-1;13,595;3;4;2;;;1;1;1;;;1;1
6;5;14;35;35026;0;1;1;GC-1;5,985;3;4;2;;;1;1;2;;;18;1
1;2;19;35;35026;7;3;2;No inventariada;;9;2;2;;;1;1;1;;;1;998
2;5;14;35;35026;7;3;2;No inventariada;;9;2;1;2;;1;1;1;;;1;998
5;5;15;35;35016;7;1;1;GC-1;5,2;3;3;2;;;1;1;1;;;1;1
6;2;8;35;35026;;1;1;GC-1;13,163;3;4;2;;;1;1;2;;;1;1
2;3;18;35;35026;7;1;1;GC-131;4;6;1;2;;;1;1;1;;;12;2
6;1;15;35;35026;0;1;1;GC-1;7,853;3;4;2;;;1;1;1;;;1;1
3;4;7;35;35026;7;1;1;GC-41;21;6;2;2;;;1;1;1;;;1;1
7;4;16;35;35026;7;1;1;GC-1;9,45;3;3;2;;;1;1;1;;;1;1
7;1;12;35;35026;;1;1;GC-1;9,5;3;4;2;;;1;1;1;;;1;1
7;7;4;35;35011;7;1;1;GC-1;16,5;2;4;2;;;1;4;1;;;1;1
7;4;16;35;35026;;1;1;GC-1;10,083;3;4;2;;;1;1;1;;;1;1
7;6;16;35;35026;7;3;2;No inventariada;;9;10;1;4;;1;1;1;;;1;998
7;4;8;35;35026;0;1;1;GC-100;3,861;6;10;1;4;;7;1;1;;;1;4
7;4;14;35;35026;;1;1;GC-1;6,87;3;4;2;;;1;1;1;;;1;1
7;5;22;35;35026;;1;1;GC-1;6,3;3;4;2;;;1;4;1;;;1;1
7;6;10;35;35026;0;1;1;GC-100;13,272;6;12;2;;;1;2;1;;;1;2
7;1;6;35;35026;0;1;1;GC-1;12,4;3;18;2;;;1;4;1;;;1;2
7;3;17;35;35026;7;1;1;GC-100;4,857;6;16;2;;;1;1;1;;;1;2
8;6;19;35;35026;7;1;1;GC-100;11,709;6;18;2;;;1;1;1;;;1;2
8;2;14;35;35026;;1;1;GC-1;10,268;3;4;2;;;1;1;1;;;18;2
8;2;15;35;35026;0;1;1;GC-100;10,1;6;4;2;;;1;1;1;;;1;1
8;6;15;35;35026;;1;1;GC-1;6,948;3;12;2;;;1;1;1;;;18;2
8;1;7;35;35026;;1;1;GC-100;10,327;6;16;2;;;2;3;1;;;12;2
8;4;12;35;35026;0;1;1;GC-1;7,412;3;4;2;;;1;1;1;;;1;1
8;1;15;35;35026;0;1;1;GC-1;6,66;3;5;2;;;1;1;1;;;1;1
8;5;6;35;35026;0;1;1;GC-140;1,746;6;19;2;;;1;6;1;;;1;1
9;7;1;35;35026;0;1;1;GC-1;8;3;2;1;2;GC-1;1;4;1;;;1;1
8;5;11;35;35011;7;1;1;GC-1;16,5;2;6;2;;;1;1;1;;;1;1
9;6;11;35;35026;0;1;1;GC-1;5,941;3;4;2;;;1;1;2;;;1;1
9;6;19;35;35026;0;1;1;GC-1;6,023;3;5;2;;;1;1;2;;;4;1
9;1;11;35;35026;;1;1;GC-1;6,587;3;12;2;;;1;1;1;;;1;1
9;5;14;35;35026;;1;1;GC-1;7,323;3;4;2;;;1;1;1;;;1;2
7;3;22;35;35026;7;3;2;No inventariada;;9;3;1;1;;1;3;1;;;2;998
9;5;21;35;35002;7;1;1;GC-130;8,7;6;17;2;;;1;6;1;;;1;2
10;4;6;35;35026;0;1;1;GC-80;11,2;6;2;1;2;GC-810;1;4;1;;;12;2
10;5;14;35;35026;0;1;1;GC-1;12,5;3;5;2;;;1;1;1;;;18;1
10;6;15;35;35026;0;1;1;GC-140;0,809;6;18;2;;;1;1;1;;;1;2
10;1;9;35;35026;;1;1;GC-100;3,178;6;19;2;;;1;1;1;;;1;2
10;2;9;35;35011;7;1;1;GC-1;16,513;2;5;2;;;1;1;1;;;1;1
10;2;15;35;35026;0;1;1;GC-1;8,031;3;5;2;;;1;1;1;;;1;1
5;5;21;35;35026;7;3;2;No inventariada;;14;10;2;;;8;6;1;;;17;998
8;7;16;35;35026;7;3;2;No inventariada;;9;7;2;;;1;1;1;;;1;998
10;7;17;35;35026;7;1;1;GC-100;11;6;10;2;;;3;1;2;;;1;3
10;1;21;35;35026;0;1;1;GC-100;5,043;6;1;2;;;1;4;1;;;1;2
10;4;8;35;35026;0;1;1;GC-1;10,182;3;4;2;;;1;1;2;;;18;1
10;5;7;35;35026;0;1;1;GC-1;6,4;3;4;2;;;1;4;1;;;1;1
10;6;19;35;35026;0;1;1;GC-1;6,2;3;5;2;;;1;3;1;;;1;1
10;7;5;35;35026;0;1;1;GC-1;11,06;3;12;2;;;1;3;1;;;1;2
11;7;8;35;35026;;1;1;GC-1;5,801;3;5;2;;;1;1;1;;;4;1
11;4;6;35;35026;;1;1;GC-1;6,593;3;4;2;;;1;1;1;;;1;1
11;2;11;35;35026;;1;1;GC-1;11,838;3;3;2;;;1;1;1;;;1;1
11;4;9;35;35016;7;1;1;GC-1;5,6;3;5;2;;;1;1;1;;;1;1
11;4;11;35;35026;0;1;1;GC-1;11,95;3;4;2;;;1;1;1;;;1;2
11;5;19;35;35026;7;1;1;GC-1;9,5;3;4;2;;;1;4;1;;;1;1
11;5;19;35;35026;;1;1;GC-1;9,603;3;5;2;;;1;4;1;;;1;1
11;6;13;35;35026;0;1;1;GC-1;6,688;3;5;2;;;1;1;1;;;18;1
11;3;10;35;35026;0;1;1;GC-140;3,4;6;1;2;;;3;1;3;;;1;2
11;3;19;35;35026;0;1;1;GC-1;9,453;3;4;2;;;1;4;1;;;1;1
11;5;1;35;35026;0;1;1;GC-1;14,905;3;15;2;;;1;4;1;;;1;1
11;3;16;35;35026;0;1;1;GC-1;6,489;3;4;2;;;1;1;2;;;1;1
11;3;19;35;35026;0;1;1;GC-1;6,788;3;5;2;;;1;4;1;;;1;1
11;4;15;35;35011;7;1;1;GC-1;17,263;2;5;2;;;1;1;1;;;1;1
12;7;12;35;35026;;1;1;GC-80;9,216;6;19;2;;;1;1;1;;;1;2
12;2;13;35;35026;;1;1;GC-1;5,929;3;5;2;;;1;1;1;;;1;1
12;2;16;35;35011;7;1;1;GC-1;16,149;2;3;2;;;1;1;1;;;1;1
12;1;14;35;35026;0;1;1;GC-1;9,624;3;4;2;;;1;1;2;;;1;1
12;5;11;35;35026;0;1;1;GC-1;6,2;3;5;2;;;1;1;1;;;1;1
12;3;11;35;35026;;1;1;GC-1;8,858;3;4;1;10;GC-10;1;1;1;;;1;1
12;1;18;35;35026;;1;1;GC-100;3,535;6;2;1;2;;1;2;1;;;4;1
12;5;17;35;35026;;1;1;GC-1;11,03;3;4;2;;;1;1;1;;;1;1
12;5;21;35;35026;0;1;1;GC-1;12,4;3;4;2;;;1;4;1;;;1;1
12;1;10;35;35026;;1;1;GC-1;7,836;3;5;2;;;1;1;1;;1;1;1
12;1;19;35;35026;0;1;1;GC-1;10,783;3;4;2;;;1;4;1;;;1;1
12;5;10;35;35026;0;1;1;GC-1;11,66;3;4;2;;;1;1;1;;;1;1
12;5;14;35;35026;0;1;1;GC-1;8,252;3;4;2;;;1;1;1;;;1;1
12;6;11;35;35026;0;1;1;GC-1;6,434;3;5;2;;;1;1;1;;;1;1
12;6;19;35;35026;0;1;1;GC-1;6,724;3;5;2;;;1;4;1;;;1;1
12;7;10;35;35026;0;1;1;GC-1;6,068;3;5;2;;;1;1;1;;;1;1
12;6;14;35;35026;7;1;1;GC-1;11,8;3;4;2;;;1;1;1;;;1;1
12;7;19;35;35026;7;1;1;GC-1;9,4;3;5;2;;;1;4;1;;;1;1
3;4;9;35;35027;0;1;1;GC-21;14,703;6;1;2;;;1;1;1;;;1;2
3;6;8;35;35027;0;1;1;GC-42;2,429;6;12;2;;;1;1;1;;;1;2
4;1;18;35;35027;7;3;2;No inventariada;;9;2;2;;;1;1;1;;;17;998
4;7;17;35;35027;7;3;2;No inventariada;;9;10;2;;;1;1;1;;;1;998
5;7;19;35;35027;;1;1;GC-21;8,055;6;4;2;;;1;1;1;;;18;2
5;3;15;35;35027;7;3;2;No inventariada;;9;4;1;2;;1;1;1;;;1;998
6;5;22;35;35027;;1;1;GC-42;1,416;6;20;2;;;1;6;1;;;1;2
6;4;11;35;35016;7;1;1;GC-211;4,336;6;2;2;;;1;1;1;;;9;1
8;4;18;35;35027;7;1;1;GC-21;7,871;6;4;2;;;1;1;1;;;1;1
9;7;4;35;35027;;1;1;GC-42;2,3;6;19;2;;;1;6;1;;;18;2
10;6;15;35;35027;0;1;1;GC-21;5,5;6;1;2;;;1;1;2;;;4;3
11;2;12;35;35027;;1;1;GC-43;7,65;6;2;2;;;1;1;1;;;1;1
12;2;16;35;35027;;1;1;GC-21;14,827;6;2;2;;;1;1;1;;;1;3
1;3;17;35;35028;9;3;2;No inventariada;;13;10;2;;;1;1;1;;;1;998
1;3;9;35;35028;9;3;2;No inventariada;;7;7;2;;;1;1;1;;;9;998
1;2;14;35;35028;9;3;2;No inventariada;;13;10;2;;;1;1;1;;;1;998
1;7;12;35;35028;9;3;2;No inventariada;;9;12;2;;;1;1;1;;;18;998
1;5;14;35;35028;9;3;2;No inventariada;;14;19;2;;;1;1;1;;;1;998
2;5;12;35;35028;9;3;2;No inventariada;;9;7;1;2;;1;1;1;;;1;998
2;3;16;35;35028;;1;1;LZ-30;11,962;6;20;2;;;1;1;1;;;1;1
2;6;20;35;35028;9;3;2;No inventariada;;9;10;2;;;1;4;7;;;1;998
2;3;15;35;35028;9;3;2;No inventariada;;9;10;1;2;;1;1;1;;;1;998
3;3;9;35;35028;9;3;2;No inventariada;;9;10;2;;;7;1;1;;;1;998
3;2;16;35;35028;9;2;2;LZ-2;10;6;4;1;4;LZ-504;1;1;1;;;1;2
3;3;11;35;35028;;1;1;LZ-505;0,8;6;4;2;;;1;1;1;;1;1;1
3;7;1;35;35028;9;1;1;LZ-2;10,8;6;14;2;;;1;6;2;;;1;1
4;2;18;35;35028;0;1;1;LZ-40;1,2;6;10;1;11;;1;1;1;;1;1;3
4;1;20;35;35028;9;3;2;No inventariada;;14;1;2;;;1;1;1;;;1;998
4;6;16;35;35028;9;3;2;No inventariada;;14;15;2;;;1;1;1;;;1;998
5;4;11;35;35028;0;1;1;LZ-2;10;6;5;2;;;1;1;1;;;1;1
5;1;2;35;35028;9;3;2;No inventariada;;9;9;2;;;1;4;1;;;1;998
6;7;22;35;35028;9;3;2;No inventariada;;9;2;1;4;;1;1;1;;;1;998
6;2;7;35;35028;;1;1;LZ-40;7,505;6;18;2;;;1;1;1;;;1;3
6;1;5;35;35018;9;1;1;LZ-2;4,5;5;7;2;;;1;6;1;;;1;1
6;6;3;35;35028;0;1;1;LZ-30;15,3;6;15;1;2;LZ-30;1;6;1;;;18;1
6;7;23;35;35028;9;1;1;LZ-30;15,3;6;14;2;;;1;6;1;;;1;1
7;5;9;35;35028;9;3;2;No inventariada;;9;7;2;;;1;1;1;;;1;998
7;5;23;35;35028;;1;1;LZ-40;6,179;6;4;2;;;1;6;1;;;1;1
7;3;21;35;35028;0;1;1;LZ-504;1,45;6;19;2;;;1;2;1;;;1;2
8;5;14;35;35028;9;1;1;LZ-40;1,1;6;2;2;;;1;1;1;;;1;1
9;3;4;35;35028;9;3;2;No inventariada;;13;10;2;;;1;4;1;;;1;998
9;4;16;35;35028;9;3;2;No inventariada;;14;7;2;;;1;1;1;;;1;998
9;4;12;35;35028;9;3;2;No inventariada;;9;4;1;4;;1;1;1;;;1;998
9;3;14;35;35028;9;3;2;No inventariada;;14;19;2;;;1;1;1;;;1;998
9;5;10;35;35028;9;3;2;No inventariada;;9;3;2;;;1;1;1;;;1;998
9;3;9;35;35028;9;3;2;No inventariada;;14;3;1;4;;1;1;1;;;1;998
9;4;18;35;35028;9;1;1;LZ-30;15,5;6;19;2;;;1;1;1;;;1;3
9;1;12;35;35028;9;3;2;No inventariada;;13;10;2;;;1;4;7;;;1;998
10;6;16;35;35028;0;1;1;LZ-30;15,3;6;19;1;2;LZ-56;1;1;1;;;4;1
10;4;17;35;35028;9;3;2;No inventariada;;9;3;2;;;1;1;1;;;1;998
10;6;0;35;35034;9;1;1;LZ-501;4,537;6;16;2;;;1;6;1;;;1;3
10;2;9;35;35028;9;3;2;No inventariada;;9;7;1;2;;3;1;1;;;1;998
11;6;0;35;35028;9;3;2;No inventariada;;9;10;2;;;1;4;1;;;1;998
11;6;16;35;35028;9;3;2;No inventariada;;9;10;2;;;1;1;1;;;1;998
11;6;19;35;35028;9;3;2;No inventariada;;9;3;2;;;1;4;7;;;1;998
11;2;16;35;35028;0;1;1;LZ-2;10;6;16;2;;;1;1;1;;;1;1
11;5;22;35;35028;;1;1;LZ-40;7,067;6;1;2;;;1;6;1;;;1;3
11;3;14;35;35028;9;1;1;LZ-30;12,6;6;2;2;;;1;1;1;;;1;1
12;1;12;35;35028;9;1;1;LZ-40;2,3;6;20;2;;;1;1;2;;;1;1
12;6;10;35;35028;9;3;2;No inventariada;;9;4;2;;;1;1;1;;;16;998