MES;DIA_SEMANA;HORA;COD_PROVINCIA;COD_MUNICIPIO;ISLA;ZONA;ZONA_AGRUPADA;CARRETERA;KM;TIPO_VIA;TIPO_ACCIDENTE;NUDO;NUDO_INFO;CARRETERA_CRUCE;CONDICION_FIRME;CONDICION_ILUMINACION;CONDICION_METEO;CONDICION_NIEBLA;CONDICION_VIENTO;VISIB_RESTRINGIDA_POR;TRAZADO_PLANTA
12;6;0;35;35028;9;3;2;No inventariada;;9;2;1;4;;1;4;1;;;1;998
12;4;12;35;35028;9;1;1;LZ-40;1,1;6;5;2;;;1;1;1;;;1;1
12;4;12;35;35028;9;3;2;No inventariada;;14;2;1;1;;1;1;1;;;1;998
12;6;21;35;35028;9;3;2;No inventariada;;9;7;2;;;1;4;1;;;1;998
4;1;11;35;35029;9;1;1;LZ-20;16,451;6;4;1;2;;1;1;1;;;1;1
7;5;21;35;35029;9;1;1;LZ-58;3,2;6;17;2;;;1;2;1;;;1;1
7;5;14;35;35029;;1;1;LZ-56;2,201;6;18;2;;;1;1;1;;;1;2
8;7;14;35;35029;;1;1;LZ-67;2,5;6;4;1;2;;1;1;1;;;1;1
8;3;0;35;35028;9;1;1;LZ-30;15,3;6;18;1;2;LZ-56;1;6;1;;;1;1
9;3;21;35;35029;;1;1;LZ-67;1,42;6;15;2;;;1;6;1;;;1;1
10;3;7;35;35029;0;1;1;LZ-56;3,266;6;14;2;;;3;1;4;;;5;2
1;2;14;35;35030;8;2;2;FV-20;29;6;;;;;999;999;999;;;999;999
1;2;16;35;35030;;1;1;FV-56;8,4;6;4;1;2;FV-56;1;1;1;;;1;1
1;4;11;35;35030;0;1;1;FV-20;28,829;6;12;2;;;1;1;2;;;1;2
2;6;10;35;35030;;1;1;FV-2;48,5;6;2;1;4;FV-511;1;1;1;;;1;1
2;2;13;35;35003;8;1;1;FV-20;27,468;6;1;2;;;1;1;1;;;1;2
2;7;12;35;35030;8;1;1;FV-512;3,8;6;16;2;;;1;1;1;;;1;3
2;7;20;35;35030;;1;1;FV-20;38,2;6;18;2;;;1;6;1;;;1;2
3;5;17;35;35030;;1;1;FV-2;45,3;6;18;1;4;FV-525;3;1;3;;;1;1
3;5;15;35;35030;;1;1;FV-2;45,8;6;5;2;;;1;1;1;;;1;1
3;1;9;35;35030;;1;1;FV-2;41,1;6;12;1;4;FV-511;1;1;1;;;1;1
3;1;11;35;35030;;1;1;FV-20;28,917;6;4;1;2;;1;1;1;;;1;1
3;7;20;35;35030;;1;1;FV-511;0,5;6;19;2;;;1;4;1;;;1;3
4;6;16;35;35030;;1;1;FV-20;33,7;6;19;2;;;1;1;1;;;1;2
4;4;12;35;35030;8;3;2;No inventariada;;9;;;;;999;999;999;;;999;998
4;2;14;35;35030;;1;1;FV-2;30,688;6;3;2;;;1;1;1;;;1;1
5;5;16;35;35030;8;1;1;FV-20;28,5;6;1;2;;;1;1;1;;;1;3
5;1;6;35;35030;;1;1;FV-512;0;6;15;2;;;1;1;1;;;1;2
5;1;8;35;35030;;1;1;FV-2;39,218;6;2;1;4;FV-4;1;1;1;;;1;1
6;1;22;35;35030;;1;1;FV-20;39,7;6;2;1;2;;1;6;1;;;1;1
6;7;11;35;35030;8;1;1;FV-4;3,5;6;2;2;;;1;1;1;;;1;1
7;1;22;35;35030;8;1;1;FV-20;31,503;6;12;2;;;1;6;1;;;3;2
7;1;14;35;35030;8;1;1;FV-4;3,7;6;2;2;;;1;1;1;;;1;1
9;5;1;35;35030;8;1;1;FV-2;44,6;6;12;2;;;1;6;1;;;1;2
9;7;16;35;35030;;1;1;FV-2;45,3;6;2;1;4;FV-525;1;1;1;;;1;1
9;7;17;35;35030;8;1;1;No inventariada;0,3;6;14;2;;;1;1;1;;;1;1
10;5;12;35;35030;8;1;1;FV-2;45,8;6;18;2;;;1;1;1;;;1;3
10;5;19;35;35030;8;1;1;FV-511;5,4;6;1;1;2;FV-56;1;2;1;;;1;1
10;2;8;35;35030;8;1;1;FV-2;45,239;6;10;1;4;FV-525;8;2;1;;;18;2
11;5;13;35;35030;;1;1;FV-30;38,1;6;16;2;;;1;1;1;;;1;1
11;4;10;35;35015;8;1;1;FV-2;60,8;6;19;2;;;1;1;1;;;1;1
11;7;17;35;35030;;1;1;FV-2;48,686;6;3;1;2;;1;1;1;;;1;1
12;7;15;35;35030;;1;1;FV-2;49,5;6;16;2;;;1;1;2;;;1;1
12;6;15;35;35030;;1;1;FV-4;2,75;6;4;1;2;;1;6;1;;;1;1
3;1;22;35;35031;;1;1;GC-41;16,722;6;14;2;;;1;6;1;;;1;2
4;3;17;35;35031;0;1;1;GC-41;7,808;6;12;2;;;1;1;1;;;1;4
6;6;1;35;35031;7;1;1;GC-41;12,9;6;19;2;;;1;5;1;;;1;2
8;1;12;35;35026;7;1;1;GC-810;2,959;6;2;2;;;1;1;1;;;1;2
9;3;11;35;35026;7;1;1;GC-41;18,501;6;12;2;;;3;1;3;;;1;2
10;7;19;35;35031;0;1;1;GC-41;14,937;6;2;1;2;;1;4;1;;;1;1
1;7;1;35;35013;7;1;1;GC-21;31,282;6;17;2;;;1;6;1;;;1;2
2;3;13;35;0;0;1;1;GC-21;21,69;6;2;2;;;1;1;1;;;1;2
3;6;16;35;0;;1;1;GC-21;21,407;6;2;2;;;3;1;3;;;1;1
10;1;17;35;0;0;3;2;No inventariada;;9;12;2;;;1;1;1;;;1;998
1;4;18;35;35033;0;1;1;GC-42;9,65;6;2;1;2;GC-212;1;2;1;;;1;1
1;7;18;35;35033;0;3;2;No inventariada;;9;1;2;;;1;1;1;;;1;998
1;6;14;35;35033;0;1;1;GC-151;5,597;6;4;2;;;1;1;1;;;1;2
2;1;10;35;35033;;1;1;GC-41;2,831;6;18;2;;;1;1;1;;;1;2
3;4;15;35;35021;7;1;1;GC-15;8,814;6;4;2;;;1;1;1;;;1;1
4;2;19;35;35033;;1;1;GC-15;10,628;6;1;1;2;GC-15;1;1;1;;;6;1
5;5;17;35;35033;0;1;1;GC-400;0,617;6;18;2;;;1;1;1;;;1;2
5;5;14;35;35033;0;1;1;GC-15;9,365;6;1;2;;;1;1;1;;;18;1
5;4;10;35;35033;0;1;1;GC-15;14,648;6;2;2;;;1;1;1;;;4;3
6;1;10;35;35033;;1;1;GC-15;15,863;6;2;2;;;1;1;1;;;1;2
7;5;17;35;35033;0;1;1;GC-15;10,014;6;15;2;;;1;1;1;;;18;2
8;3;21;35;35016;7;1;1;GC-15;13,3;6;2;2;;;1;5;1;;;4;2
9;1;18;35;35033;0;1;1;GC-130;0,01;6;1;1;1;GC-600;1;1;1;;;1;1
9;6;9;35;35021;7;1;1;GC-15;7,518;6;16;2;;;3;1;3;;;1;2
10;4;12;35;35033;0;1;1;GC-41;3,4;6;20;2;;;1;1;1;;;18;1
10;7;12;35;35033;;1;1;GC-42;11,386;6;2;2;;;8;3;3;;;18;2
1;3;10;35;35034;9;1;1;LZ-2;24,2;6;4;1;4;;1;1;1;;;1;2
2;6;11;35;35034;;1;1;LZ-703;7,8;6;10;2;;;1;1;1;;;1;1
2;4;10;35;35034;;1;1;LZ-702;4;6;20;2;;;1;1;1;;;1;1
2;2;8;35;35034;;1;1;LZ-2;36,075;6;4;1;4;LZ-2;1;1;1;;;1;2
3;2;11;35;35034;9;1;1;LZ-67;17,5;6;2;2;;;1;1;1;;;1;1
3;5;4;35;35034;;1;1;LZ-2;32,811;6;14;2;;;1;6;1;;;1;1
3;1;18;35;35034;9;3;2;No inventariada;;9;16;2;;;1;3;1;;;1;998
3;4;10;35;35034;9;1;1;LZ-2;35,5;6;3;2;;;1;1;2;;;1;1
3;5;12;35;35034;;1;1;LZ-701;0,036;6;3;1;4;LZ-701;1;1;1;;;1;2
4;5;12;35;35034;9;1;1;LZ-701;2,5;6;3;2;;;1;1;1;;;1;3
7;6;13;35;35034;9;1;1;LZ-2;32,3;6;20;2;;;1;1;1;;1;1;1
9;2;19;35;35034;9;3;2;No inventariada;;14;18;2;;;1;1;1;;;1;998
10;7;23;35;35034;0;1;1;LZ-2;33,95;6;16;2;;;1;6;1;;;1;1
10;5;12;35;35004;9;1;1;LZ-2;0,9;5;18;2;;;1;1;1;;;1;1
10;6;20;35;35034;9;1;1;LZ-703;7,8;6;18;2;;;1;6;1;;;1;2
10;1;10;35;35034;;1;1;LZ-2;20,286;6;15;1;4;LZ-2;3;1;1;;;1;2
12;7;13;35;35028;9;1;1;LZ-506;1,5;6;4;2;;;1;1;1;;;1;1
2;4;10;36;0;;1;1;EP-5003;10,2;6;1;2;;;3;1;3;;;1;3
5;3;9;36;0;;1;1;PO-400;19,9;6;19;2;;;3;1;3;;;1;3
1;3;16;36;0;;1;1;PO-226;10,035;6;3;1;2;EP-0503;1;1;1;;;1;1
1;4;17;36;0;;1;1;EP-9407;4,426;6;2;1;4;;1;1;2;;;1;1
1;3;15;36;36038;;1;1;PO-531;7,5;6;3;2;;;1;1;1;;;1;1
2;4;21;36;0;;1;1;EP-0506;1,042;6;4;2;;;1;6;1;;;1;1
3;3;16;36;0;;1;1;N-550;104,03;6;4;1;2;;1;1;1;;;1;1
3;5;6;36;0;;1;1;EP-9407;4,8;6;16;2;;;1;4;1;;;1;3
4;5;23;36;0;;1;1;N-550;105,5;6;19;1;2;;1;4;1;;;1;1
4;4;12;36;0;;1;1;S/C-PO3601;0;14;7;2;;;2;1;1;;;16;1
6;6;12;36;0;;1;1;PO-531;10,1;6;1;1;2;EP-0506;1;1;1;;;1;1
7;4;7;36;0;;1;1;AP-9;119,6;1;4;2;;;3;2;3;;;1;1
8;3;17;36;0;;1;1;N-550;104,1;6;4;1;2;;1;1;1;;;1;1
8;7;7;36;0;;1;1;EP-0506;1,6;6;15;2;;;1;2;1;;;1;1
9;1;15;36;0;;1;1;N-550;109,6;6;2;1;1;;1;1;2;;;1;1
4;7;20;36;0;;1;1;PO-531;9,3;6;4;1;1;;1;1;1;;;1;1
9;1;12;36;0;;1;1;N-550;105,5;6;4;2;;;1;1;1;;;1;1
9;7;12;36;0;;1;1;N-550;107,5;6;4;1;1;;1;1;1;;;1;1
9;4;19;36;0;;1;1;N-550;108;6;2;2;;;1;1;1;;;1;3
10;2;11;36;0;;1;1;N-550;106,3;6;2;1;2;EP-9704;3;1;2;;;1;1
11;1;15;36;0;;1;1;PO-531;8,9;6;18;2;;;1;1;1;;;1;1
12;7;20;36;0;;1;1;N-550;108,6;6;4;2;;;3;6;2;;;1;1
1;3;18;36;36003;;1;1;PO-552;14,1;6;2;1;4;;1;4;1;;;1;1
4;1;10;36;36003;;1;1;PO-552;13,759;6;4;2;;;1;1;1;;;1;1
4;7;17;36;36003;;1;1;AG-57;0,8;1;2;2;;;1;1;1;;;1;1
5;6;20;36;36003;;1;1;EP-2202;9,8;6;16;2;;;1;1;2;2;;5;3
6;7;4;36;36003;;1;1;PO-552;18,3;6;16;2;;;1;4;1;;;4;3
6;1;20;36;36003;;1;1;PO-552;19,9;6;12;2;;;1;1;1;;;1;2
9;6;11;36;36003;;1;1;PO-552;13,8;6;2;1;4;;1;1;1;;;1;2
9;1;16;36;36003;;1;1;EP-2204;5;6;1;2;;;1;1;1;;;2;3
10;7;2;36;36003;;1;1;EP-2201;1,8;6;9;2;;;1;4;1;;;1;2
12;7;10;36;36003;;1;1;EP-2202;6,466;6;14;2;;;3;1;2;;;1;3
12;2;10;36;36003;;1;1;PO-552;13,28;6;4;2;;;1;1;1;;;1;1
1;7;0;36;36004;;1;1;PO-315;4,7;6;18;2;;;1;6;1;;;4;3
2;3;15;36;36004;;1;1;EP-1305;3,6;6;3;2;;;1;1;1;;;4;1
4;2;10;36;36004;;1;1;SC/PO;0;11;4;2;;;2;1;1;;;1;1
5;7;20;36;36004;;1;1;PO-315;2,9;6;16;2;;;1;1;1;;;1;3
9;1;20;36;36004;;1;1;PO-315;2,7;6;19;2;;;1;2;1;;;1;3
9;1;11;36;36004;;1;1;PO-551;9,4;6;4;2;;;1;1;1;;;1;1
10;3;17;36;36004;;1;1;PO-315;1,4;6;15;2;;;3;1;3;;;1;3
10;2;18;36;36004;;1;1;PO-551;13,6;6;5;2;;;3;3;3;;;1;1
7;7;9;36;36004;;3;2;No inventariada;;9;7;2;;;1;1;1;;;1;998
11;6;6;36;36004;;1;1;PO-551;8,1;6;16;2;;;3;4;3;;;1;3
9;2;21;36;36004;;3;2;No inventariada;;9;2;1;2;;1;1;1;;;1;998
10;5;13;36;36004;;3;2;No inventariada;;9;10;1;1;;3;1;3;;;18;998
10;2;20;36;36004;;3;2;No inventariada;;9;4;2;;;1;4;1;;;1;998
10;4;11;36;36004;;3;2;No inventariada;;9;7;2;;;1;1;1;;;1;998
1;5;11;36;36005;;1;1;N-640;222,7;6;2;1;2;N-550;1;1;1;;;1;3
2;2;3;36;36005;;1;1;N-640;233,341;6;12;1;4;N-640a;3;4;3;;;1;2
4;1;1;36;36005;;1;1;AP-9;105,2;1;16;2;;;5;6;2;;;1;1
5;3;14;36;0;;1;1;AP-9;113,5;1;5;2;;;8;1;5;;;4;3
4;5;17;36;36005;;1;1;N-640;225,25;6;7;2;;;3;1;3;;;1;1
6;1;15;36;36005;;1;1;N-640;227,1;6;2;2;;;4;1;4;;;5;1
7;7;19;36;36005;;3;2;No inventariada;;9;7;2;;;1;1;1;;;1;998
7;3;20;36;36005;;1;1;N-550a;100,5;6;19;2;;;1;1;1;;;1;2
8;7;10;36;36005;;1;1;N-640;226,8;6;16;2;;;1;1;1;;;1;1
8;6;18;36;36005;;2;2;N-640;225;6;4;1;1;;1;1;1;;;1;2
8;7;22;36;36005;;1;1;N-550;99,65;6;8;2;;;1;4;1;;;1;1
11;5;10;36;36005;;1;1;N-640;224,1;6;20;2;;;1;1;1;;;1;3
11;6;19;36;36005;;1;1;AP-9;108,9;1;4;2;;;3;6;3;;;1;3
11;7;14;36;36005;;1;1;N-640;222,8;8;16;1;10;N-550;3;1;3;;;1;2
11;4;9;36;36005;;1;1;N-640;227,6;6;2;2;;;1;1;1;;;1;1
11;5;16;36;36005;;1;1;N-550;102,117;6;4;2;;;1;1;1;;;1;1
11;6;7;36;36005;;1;1;PO-531;18,8;6;12;1;4;N-640;3;6;3;;;5;2
12;7;16;36;36005;;1;1;N-640;231,8;6;19;2;;;1;1;1;;;1;1
1;7;4;36;36006;;1;1;PO-550;3,5;6;16;2;;;1;4;1;;;4;3
1;2;12;36;36006;;1;1;PO-300;11,5;6;2;1;2;;3;1;2;;;1;1
3;4;4;36;36006;;1;1;C. S.ANTÓN;0,25;10;16;1;2;EP-9002;1;4;1;;;5;1
3;4;19;36;36006;;1;1;EP-9006;0,8;6;20;2;;;1;1;1;;;1;1
4;2;21;36;36006;;1;1;PO-549;9,047;6;3;1;4;EP-9004;1;4;1;;;2;1
4;7;23;36;36061;;1;1;PO-549;8,3;6;7;2;;;1;4;1;;;1;1
6;6;19;36;36006;;3;2;No inventariada;;9;2;1;1;;1;1;1;;;1;998
7;3;17;36;36006;;1;1;PO-550;5,4;6;1;1;2;EP-9006;1;1;2;;;1;1
7;5;12;36;36006;;1;1;PO-300;11,6;6;4;1;4;VG-4.3;1;1;1;;;1;3
7;7;19;36;36006;;1;1;PO-549;8,5;6;18;2;;;1;1;1;;;1;1
8;5;20;36;36006;;1;1;VG-4.3;1,1;4;5;2;;;1;1;1;;;1;1
8;5;16;36;36006;;1;1;PO-550;6;6;1;2;;;1;1;1;;;1;1
8;7;19;36;36006;;1;1;VG-4.2;3,5;4;5;2;;;1;1;1;;;1;1
10;1;8;36;36006;;1;1;PO-300;10,374;5;2;1;2;PO-300;1;2;1;;;1;1
4;4;11;36;36006;;3;2;No inventariada;;9;20;1;2;;1;1;1;;;9;998
10;2;12;36;36006;;3;2;No inventariada;;9;7;2;;;1;1;1;;;1;998
11;5;19;36;36006;;1;1;PO-549;9,4;6;10;1;4;;1;4;2;;;1;3
12;4;15;36;36006;;3;2;No inventariada;;9;20;1;4;PO-300;3;1;3;;;1;998
12;1;3;36;36006;;1;1;EP-9001;1,057;6;15;2;;;3;6;3;1;;4;1
12;1;12;36;36006;;1;1;VG-4.3;0,1;4;4;1;4;VG-4.2;1;1;1;;;1;2
12;5;12;36;36006;;1;1;EP-9001;0,6;6;2;1;1;;1;1;1;;;2;1
9;4;13;36;0;;1;1;PO-223;9,2;6;19;2;;;1;1;1;;;1;3
10;6;19;36;0;;1;1;PO-221;12,5;6;15;2;;;1;4;1;;;2;2
1;7;23;36;36029;;1;1;AG-46;0,2;3;16;2;;;3;4;3;;;1;3
1;6;12;36;36008;;1;1;EP-1002;0,4;6;18;2;;;1;1;1;;;1;1
1;1;7;36;36004;;1;1;VG-4.6;0,6;4;8;2;;;1;6;1;;;1;3
1;1;21;36;36008;;1;1;PO-315;11,9;6;20;2;;;1;6;1;;;1;2
3;5;17;36;36008;;1;1;EP-1006;0,8;6;10;2;;;1;1;2;;;1;3
3;7;12;36;36008;;1;1;PO-315;8,4;6;19;2;;;3;1;3;1;;1;3
1;3;16;36;36008;;3;2;No inventariada;;9;16;2;;;1;1;1;;;1;998
2;3;19;36;36008;;3;2;No inventariada;;9;1;2;;;1;1;2;;;1;998
4;7;9;36;36008;;1;1;CG-4.1;14,88;4;8;1;10;;1;1;1;;;1;1
3;2;13;36;36008;;3;2;No inventariada;;9;10;2;;;1;1;1;;;1;998
3;7;13;36;36008;;3;2;No inventariada;;14;20;2;;;1;1;2;;;1;998
4;4;15;36;36008;;1;1;S/C-PO3604;0,8;10;19;2;;;1;1;1;;;1;1
4;2;20;36;36008;;3;2;No inventariada;;9;10;1;2;EP-1001;2;1;1;;;1;998
4;7;23;36;36008;;1;1;CG-4.1;14,7;4;1;2;;;1;6;1;;;1;3
4;6;11;36;36008;;1;1;CG-4.1;12,9;4;1;2;;;3;1;3;;;1;3
6;5;20;36;36029;;1;1;CG-4.1;11,5;4;4;2;;;3;1;4;;;5;1
7;4;13;36;36008;;1;1;PO-315;9,177;6;2;1;2;EP-1002;1;1;1;;;1;1
7;2;12;36;36008;;3;2;No inventariada;;9;7;1;2;;1;1;1;;;18;998
7;5;6;36;36008;;2;2;PO-551;19,7;6;1;2;;;1;3;1;;;1;1
8;6;15;36;36008;;1;1;PO-315;11,5;6;2;1;2;;1;1;1;;;1;3
8;6;16;36;36008;;3;2;No inventariada;;9;3;2;;;1;1;1;;;2;998
9;7;14;36;36008;;1;1;EP-1002;4,6;6;2;2;;;1;1;1;;;4;3
9;6;22;36;36008;;1;1;SC/PO;0,1;10;15;2;;;1;6;1;;;1;3
9;1;14;36;36008;;1;1;POSD36031;0;10;1;2;;;1;1;1;;;4;2
5;2;8;36;36008;;3;2;No inventariada;;9;3;2;;;1;1;1;;;1;998
9;3;9;36;36008;;1;1;PO-551;15,2;6;4;2;;;1;1;1;;;1;1
9;3;7;36;36008;;3;2;No inventariada;;9;7;2;;;1;4;2;;;1;998
9;6;5;36;36008;;1;1;SC-PO-3603;0,1;10;7;2;;;3;4;3;;;1;1
10;4;19;36;36008;;1;1;EP-1002;3,2;6;19;2;;;1;6;1;;;1;1
11;4;9;36;36008;;1;1;PO-551;14,5;6;2;2;;;1;1;1;;;9;1
11;5;22;36;36008;;1;1;SC/PO-3604;1,1;10;19;2;;;8;4;1;;;1;3
11;6;11;36;36008;;1;1;PO-315;14;6;2;1;2;;3;1;1;;;9;1
12;7;21;36;36008;;1;1;PO-315;14,145;6;7;1;2;;1;4;1;;;9;1
12;1;13;36;36026;;1;1;PO-551;5;6;6;2;;;1;1;1;;;1;1
12;1;17;36;36008;;1;1;PO-315;11,8;6;1;2;;;1;1;1;;;1;3
1;5;20;36;36009;;1;1;N-120;614,7;6;4;2;;;1;4;1;;;9;1
2;6;13;36;36009;;1;1;A-52;275,4;3;5;2;;;5;1;5;;;5;1
4;5;16;36;36009;;1;1;EP-5005;2,1;6;19;2;;;1;1;2;;;1;3
5;7;15;36;36009;;1;1;A-52;271,6;3;18;2;;;3;1;4;;;1;1
8;3;10;36;36009;;1;1;EP-5005;2;6;4;2;;;1;1;1;;;1;1
8;4;22;36;36009;;1;1;A-52;278,1;3;3;2;;;1;4;1;;;1;1
9;7;14;36;36009;;1;1;A-52;274,8;3;1;2;;;1;1;1;;;1;3
1;4;14;36;0;;1;1;PO-548;8,9;6;16;1;4;EP-8704;1;1;1;;;1;2
1;6;21;36;0;;1;1;PO-548;7,8;6;2;1;4;EP-8001;1;4;1;;;1;2
2;4;14;36;0;;1;1;PO-548;7,6;6;2;1;4;EP-8001;1;1;1;;;1;1
4;7;8;36;0;;1;1;PO-548;5,9;6;16;2;;;3;1;2;;;1;2
5;3;8;36;0;;1;1;EP-8001;4,07;6;13;2;;;3;2;3;;;1;2
6;2;15;36;0;;1;1;PO-548;8,1;6;16;2;;;1;1;1;;;1;1
6;7;0;36;0;;1;1;EP-8001;7,1;6;18;2;;;1;6;1;;;1;2
6;5;18;36;0;;1;1;PO-548;10,15;6;5;1;2;;1;1;1;;;1;1
5;6;11;36;0;;1;1;EP-8001;7,8;6;8;2;;;1;1;1;;;1;3
7;1;8;36;36038;;1;1;EP-0001;4,2;6;18;2;;;3;1;3;;;1;3
7;6;7;36;0;;1;1;EP-8001;9,1;6;15;2;;;3;1;3;;;1;2
8;1;13;36;36060;;1;1;PO-548;12,8;6;4;2;;;1;1;1;;;1;2
9;6;10;36;0;;1;1;PO-548;9;6;4;1;4;;1;1;1;;;1;3
9;1;15;36;0;;1;1;PO-548;5,6;6;18;2;;;3;1;2;1;;5;3
10;1;22;36;0;;1;1;PO-548;11,1;6;19;2;;;1;4;1;;;1;3
11;5;17;36;0;;1;1;PO-548;11,3;6;4;2;;;3;1;2;;;1;3
11;7;22;36;0;;1;1;PO-548;9;6;4;2;;;3;4;4;;;5;1
11;7;19;36;0;;1;1;PO-548;11,3;6;1;2;;;3;6;4;;;5;3
7;5;18;36;36902;;1;1;N-541;63,7;6;4;2;;;1;1;1;;;1;1
7;7;14;36;36902;;1;1;N-541;68;6;18;2;;;1;1;1;;;1;2
10;1;16;36;36902;;1;1;N-541;64,09;6;20;1;4;;1;1;1;;;1;3
2;1;16;36;36902;;1;1;N-541;84,8;6;1;1;2;;3;1;2;;;1;1
6;6;16;36;36902;;1;1;PO-233;3,96;5;16;2;;;1;1;1;;;1;2
1;6;12;36;0;;1;1;S/C-PO3603;0,4;10;16;2;;;5;1;1;;;1;1
7;3;19;36;0;;1;1;N-120;631,116;6;2;1;2;;1;1;1;;;1;1
6;1;16;36;0;;1;1;N-120;634,2;6;1;1;10;EP-4303;1;1;1;;;1;1
11;7;17;36;0;;1;1;PO-261;11;6;12;2;;;3;1;2;;;4;2
5;6;11;36;0;;1;1;PO-400;26,1;6;4;2;;;1;1;1;;;1;3
5;7;0;36;0;;1;1;PO-801;9,2;6;8;2;;;1;6;1;;;1;2
3;6;14;36;0;;1;1;N-640;220,8;6;15;2;;;3;1;4;;;1;2
8;3;14;36;0;;1;1;EP-8401;0,4;6;9;2;;;1;1;1;;;1;2
8;3;18;36;0;;1;1;S/D;1,1;14;3;2;;;1;1;2;;;1;1
11;5;12;36;0;;1;1;SC/PO;3;14;10;2;;;8;1;1;;;1;1
12;3;13;36;0;;1;1;N-640;212,665;6;2;2;;;1;1;1;;;1;1
12;4;20;36;0;;1;1;N-640;210,2;6;1;2;;;3;6;2;1;;5;2
12;5;18;36;0;;1;1;N-640;208,645;6;1;2;;;3;6;1;1;;5;2
10;1;16;36;0;;1;1;AG-53;61,2;3;19;2;;;1;1;1;;;1;1
1;2;19;36;36017;;2;2;N-640;205;6;4;2;;;3;4;3;;;18;1
1;3;18;36;36017;;1;1;EP-7017;1,6;6;1;2;;;3;5;2;;;1;1
1;2;15;36;36017;;1;1;N-525;315,9;6;19;2;;;3;1;1;;;1;2
3;5;18;36;36017;;1;1;N-640;203,6;6;8;2;;;3;1;4;;;5;1
3;7;16;36;36017;;1;1;PO-841;15,471;6;1;2;;;3;1;3;;;1;2
4;1;12;36;36017;;2;2;N-640;204,9;6;7;2;;;1;1;3;;;18;1
4;6;17;36;36017;;1;1;EP-7017;7,121;6;1;2;;;9;1;7;;;4;3
4;6;9;36;36017;;3;2;No inventariada;;9;3;2;;;1;1;1;;;1;998
4;2;7;36;36017;;1;1;PO-841;15,7;6;1;2;;;1;1;1;;;1;3
4;7;21;36;36017;;1;1;N-640;197,6;6;19;2;;;1;5;1;;;1;2
5;3;0;36;36017;;1;1;EP-7005;7,5;6;19;2;;;1;4;1;;;1;3
5;7;16;36;36017;;1;1;EP-7022;6,2;6;13;2;;;3;1;2;;;4;3
5;5;22;36;36017;;1;1;N-640;200,109;6;19;2;;;1;1;5;;;4;2
4;3;14;36;36017;;2;2;N-640;204,8;6;2;2;;;1;1;1;;;1;1
5;3;20;36;36017;;1;1;PO-213;1,3;6;2;1;2;;1;1;1;;;12;3
6;1;14;36;36017;;1;1;TABEIROS-P;1;10;2;2;;;1;1;1;;;4;3
6;7;17;36;36017;;1;1;PO-841;19,83;6;2;2;;;3;1;2;;;1;2
6;1;7;36;36017;;1;1;N-640;201,2;6;4;1;2;;3;2;3;;;5;1
5;3;13;36;36017;;2;2;N-640;204,5;6;4;2;;;3;1;3;;;1;1
7;2;10;36;36017;;1;1;N-525;317,8;6;15;2;;;1;1;1;;;1;1
7;2;23;36;36017;;1;1;PO-213;5,5;6;14;2;;;1;6;1;;;4;1
7;7;18;36;36017;;1;1;EP-7022;6,6;6;19;2;;;1;1;1;;;1;3
8;7;10;36;36017;;1;1;SC-PO;1;10;19;2;;;1;1;1;;;1;3
8;4;19;36;36017;;1;1;EP-7003;0,7;6;19;2;;;1;1;1;;;1;1
8;1;22;36;36017;;1;1;SC-PO-000;0,3;10;2;1;2;;1;3;1;;;4;1
8;3;23;36;36017;;1;1;PO-841;18,885;6;2;1;1;EP-7004;1;6;1;;;1;1
7;7;7;36;36017;;1;1;S/C-PO3602;1,7;10;2;1;1;;1;2;1;;;4;1
9;6;13;36;36017;;3;2;No inventariada;;9;7;2;;;1;1;1;;;1;998
9;7;19;36;36017;;1;1;N-525;315,6;6;3;1;2;;1;1;1;;;1;1
10;7;22;36;36017;;1;1;EP-7019;1,598;6;15;2;;;3;6;3;;;1;3
10;2;23;36;36017;;1;1;EP-7004;0,675;6;18;2;;;1;4;7;;;1;1
5;5;7;36;36017;;3;2;No inventariada;;9;5;1;4;;1;1;1;;;1;998
6;6;10;36;36017;;3;2;No inventariada;;9;2;1;1;;1;1;1;;;18;998
7;3;9;36;36017;;2;2;N-640;204,3;6;7;2;;;1;1;1;;;1;1
7;3;11;36;36017;;3;2;No inventariada;;9;4;2;;;1;1;1;;;1;998
7;4;17;36;36017;;2;2;N-640;204,5;6;4;2;;;1;1;1;;;1;1
9;3;18;36;36017;;3;2;No inventariada;;9;7;1;1;;3;1;4;;;18;998
9;1;11;36;36017;;2;2;N-640;204,8;6;2;2;;;3;1;3;;;18;1
11;6;21;36;36017;;3;2;No inventariada;;9;16;2;;;3;4;7;;;18;998
1;6;20;36;0;;1;1;N-541;54,3;6;8;2;;;1;6;1;;;1;1
9;6;19;36;0;;1;1;EP-7201;0;6;12;1;4;PO-534;1;1;1;;;1;3
9;4;21;36;0;;1;1;N-541;55;6;7;2;;;1;4;1;;;1;1
2;7;19;36;0;;1;1;PO-250;17,085;5;12;1;2;;3;4;4;;;5;1
5;7;20;36;0;;1;1;PO-250;17,1;6;7;2;;;3;1;1;;;1;1
1;1;9;36;0;;1;1;PO-840;68,091;6;18;2;;;1;1;1;;;1;1
3;1;4;36;0;;1;1;N-640;147,2;6;7;2;;;1;6;1;2;;5;1
4;3;19;36;0;;1;1;N-640;145,605;6;7;1;2;;1;1;1;;;1;3
5;4;8;36;0;;1;1;N-640;150;6;19;2;;;3;1;3;;;4;2
8;7;19;36;0;;1;1;EP-6306;2,05;6;18;2;;;1;1;1;;;1;1
10;2;7;36;0;;1;1;N-640;150,065;6;18;2;;;3;6;3;;;4;2
2;6;21;36;36021;;1;1;PO-340;18,6;6;4;2;;;1;4;1;;;1;1
2;4;7;36;36021;;1;1;PO-331;11,9;6;4;2;;;3;4;3;;;1;1
2;4;20;36;36021;;1;1;PO-331;14;6;4;2;;;3;4;3;;;1;1
3;3;20;36;36021;;1;1;EP-2102;7,6;6;7;2;;;1;6;1;;;5;1
3;5;21;36;36021;;1;1;PO-331;14,5;6;10;2;;;1;6;1;;;1;1
3;3;8;36;36021;;1;1;AG-57;16,7;1;4;2;;;1;1;1;;;6;1
4;4;0;36;36021;;1;1;PO-340;18;6;1;2;;;1;4;1;;;1;1
5;3;22;36;36021;;1;1;PO-331;15;6;4;2;;;1;4;2;;;1;1
5;1;8;36;36021;;1;1;PO-331;14,4;6;2;1;2;;1;1;1;;;1;1
6;7;19;36;36021;;1;1;PO-331;15,3;6;4;2;;;1;1;1;;;1;1
7;3;15;36;36021;;1;1;PO-331;12,5;6;3;1;4;PO-330;1;1;1;;;1;2
8;2;8;36;36035;;1;1;PO-340;19,6;6;1;1;7;AG-57;1;1;1;;;1;2
9;1;17;36;36021;;1;1;PO-331;13,929;6;4;2;;;1;1;2;;;1;1
5;5;10;36;36021;;3;2;No inventariada;;9;14;2;;;1;1;1;;;1;998
10;4;19;36;36021;;1;1;PO-331;13,9;6;7;2;;;3;4;4;;;9;1
11;7;0;36;36021;;1;1;PO-340;18;6;12;2;;;1;4;1;;;1;1
12;7;3;36;36035;;1;1;AG-57;10;1;12;2;;;1;4;1;;;1;1
12;7;22;36;36021;;1;1;PO-340;18,219;6;2;1;2;;1;4;1;;;1;1
1;2;17;36;36022;;3;2;No inventariada;;14;16;2;;;1;1;1;;;1;998
1;7;16;36;36022;;3;2;No inventariada;;9;10;2;;;1;1;1;;;1;998
1;4;19;36;36022;;1;1;PO-317;3;6;19;2;;;1;4;1;;;4;3
1;3;17;36;36022;;3;2;No inventariada;;9;2;1;2;;1;1;1;;;1;998
2;5;22;36;36022;;3;2;No inventariada;;9;10;1;2;;8;4;1;;;1;998
2;3;14;36;36022;;3;2;No inventariada;;9;20;1;2;;1;1;1;;;2;998
3;4;5;36;36022;;3;2;No inventariada;;9;12;2;;;9;4;7;;;18;998
4;5;13;36;36022;;3;2;No inventariada;;9;10;2;;;1;1;1;;;1;998