MES;DIA_SEMANA;HORA;COD_PROVINCIA;COD_MUNICIPIO;ISLA;ZONA;ZONA_AGRUPADA;CARRETERA;KM;TIPO_VIA;TIPO_ACCIDENTE;NUDO;NUDO_INFO;CARRETERA_CRUCE;CONDICION_FIRME;CONDICION_ILUMINACION;CONDICION_METEO;CONDICION_NIEBLA;CONDICION_VIENTO;VISIB_RESTRINGIDA_POR;TRAZADO_PLANTA
5;3;0;36;36022;;1;1;PO-316;0;6;3;1;4;PO-550;1;6;1;;;1;2
5;3;13;36;36022;;1;1;EP-9101;5,2;6;16;2;;;1;1;1;;;1;1
5;4;19;36;36022;;3;2;No inventariada;;9;4;2;;;1;1;1;;;18;998
4;6;13;36;36022;;3;2;No inventariada;;9;2;1;2;;1;1;1;;;2;998
5;1;16;36;36022;;3;2;No inventariada;;9;4;2;;;1;1;1;;;1;998
7;4;13;36;36022;;3;2;No inventariada;;9;4;2;;;1;1;1;;;1;998
7;3;12;36;36022;;3;2;No inventariada;;9;2;1;2;;1;1;1;;;1;998
7;6;15;36;36022;;3;2;No inventariada;;9;4;1;4;;1;1;1;;;1;998
8;3;4;36;36022;;1;1;PO-317;3;6;2;2;;;1;4;1;;;1;3
8;2;17;36;36022;;3;2;No inventariada;;9;2;1;4;;3;1;3;;;1;998
8;5;20;36;36022;;3;2;No inventariada;;9;7;1;4;;1;1;1;;;2;998
7;6;21;36;36022;;3;2;No inventariada;;9;2;2;;;1;1;1;;;1;998
10;5;17;36;36022;;3;2;No inventariada;;9;3;1;2;;1;1;1;;;1;998
11;1;20;36;36022;;1;1;EP-9101;5,3;6;16;2;;;1;4;1;;;1;1
11;2;15;36;36022;;3;2;No inventariada;;9;4;2;;;1;1;2;;;1;998
12;5;7;36;36022;;1;1;PO-316;4,4;6;16;1;4;;3;4;1;;;1;1
3;6;13;36;36023;;1;1;PO-552;44,3;6;2;2;;;1;1;1;;;1;1
6;3;20;36;36023;;1;1;PO-352;2,3;6;14;2;;;1;1;1;;;1;1
10;6;22;36;36023;;1;1;PO-552;47;6;1;1;2;;1;4;1;;;1;1
10;2;16;36;36023;;3;2;No inventariada;;9;10;2;;;1;1;1;;;1;998
12;6;11;36;36023;;1;1;PO-552;48,5;6;2;1;4;PO-552;1;1;1;;;1;1
1;4;18;36;36024;;1;1;EP-6004;6,4;6;1;2;;;1;6;2;;;1;1
1;2;16;36;36024;;1;1;N-525;295,579;6;5;2;;;3;1;3;;;1;1
1;3;11;36;36024;;1;1;S/C-PO3602;1,4;10;1;2;;;3;1;2;;;4;3
1;5;22;36;36059;;1;1;PO-206;14,183;6;18;2;;;1;6;1;;;1;2
2;7;12;36;36024;;3;2;No inventariada;;9;20;2;;;1;1;1;;;1;998
2;3;18;36;36024;;1;1;S/C-PO3602;7,5;10;13;2;;;1;2;1;;;1;1
3;6;18;36;36024;;1;1;AP-53;44,951;1;16;2;;;3;1;4;;;1;3
3;2;12;36;36024;;1;1;N-525;287;6;16;2;;;1;1;1;;;1;2
3;3;14;36;36024;;1;1;PO-534;2,8;6;2;1;4;AP-53;1;1;1;;;1;1
4;2;17;36;36024;;1;1;AP-53;42,3;1;4;1;10;;3;1;3;;;5;3
4;6;14;36;36024;;3;2;No inventariada;;14;3;1;1;;1;1;1;;;6;998
4;5;14;36;36024;;1;1;PO-533;10,1;6;18;2;;;1;1;1;;;1;3
5;4;18;36;36024;;1;1;PO-902;2,3;6;16;2;;;1;1;1;;;1;2
6;4;20;36;36024;;1;1;PO-533;10,1;6;16;2;;;1;2;1;;;1;3
6;4;23;36;36024;;1;1;N-525;291;6;7;1;4;N-525;1;4;1;;;1;1
7;2;9;36;36024;;1;1;PO-206;5;6;4;1;2;;1;1;1;;;1;1
7;1;20;36;36024;;1;1;PO-203;7,637;6;14;2;;;1;1;1;;;1;1
7;7;8;36;36024;;1;1;PO-533;4,2;6;4;2;;;1;1;1;;;1;1
6;1;10;36;36024;;3;2;No inventariada;;9;7;1;1;;1;1;1;;;1;998
7;5;20;36;36024;;1;1;PO-534;2,354;6;4;2;;;1;1;1;;;1;1
7;3;17;36;36024;;1;1;N-525;295,681;6;4;2;;;1;1;1;;;1;1
8;1;13;36;36024;;1;1;PO-902;4,6;6;4;1;2;;1;1;1;;;1;1
9;5;12;36;36024;;1;1;PO-206;8,6;6;2;2;;;3;1;3;;;12;2
9;7;7;36;36024;;1;1;PO-534;9,788;6;8;2;;;1;6;1;;;4;1
10;2;8;36;36024;;3;2;No inventariada;;9;7;2;;;3;1;3;;;1;998
10;1;6;36;36024;;1;1;PO-206;13,1;6;15;2;;;3;2;3;;;1;3
10;5;14;36;36024;;1;1;PO-534;9,1;6;15;2;;;1;1;2;;;1;1
10;6;17;36;36024;;1;1;N-640;152,9;6;15;2;;;3;1;4;;;4;2
10;6;18;36;36024;;1;1;AP-53;37,7;1;16;2;;;3;1;3;;;1;3
11;7;14;36;36024;;1;1;PO-206;11,483;6;10;2;;;1;1;1;;;12;3
11;3;8;36;36024;;1;1;PO-206;2,165;6;15;2;;;8;1;1;;;4;3
11;2;17;36;36024;;1;1;AP-53;44,509;1;4;2;;;1;3;2;;;1;1
12;2;21;36;36024;;1;1;SC/PO;0,2;10;16;2;;;3;6;1;;;1;3
12;3;18;36;36024;;3;2;No inventariada;;11;17;2;;;3;2;3;;;4;998
12;2;9;36;36024;;3;2;No inventariada;;9;2;1;4;;1;1;1;;;1;998
12;1;16;36;36024;;1;1;PO-533;5,854;6;3;1;2;S/C-PO;1;1;1;;;1;2
7;6;17;36;0;;1;1;PO-241;2;6;16;2;;;1;1;1;;;2;2
9;4;23;36;0;;3;2;No inventariada;;9;7;1;2;PO-255;3;4;2;;;2;998
10;7;14;36;0;;1;1;SC/PO;7,2;10;1;2;;;1;1;1;;;4;3
12;2;14;36;0;;1;1;PO-241;4,2;6;1;2;;;1;1;2;;;4;2
1;3;18;36;36038;;1;1;PO-11;4,099;5;7;2;;;1;1;1;;;1;1
2;5;16;36;36026;;1;1;PO-551;6,2;6;4;2;;;1;1;1;;;1;1
3;7;7;36;36026;;1;1;PO-313;5,1;6;16;2;;;3;2;2;;;1;2
3;6;18;36;36026;;1;1;PO-313;3,2;6;2;1;4;AG-46;3;1;2;;;1;1
5;4;21;36;36026;;1;1;S/C-PO3604;1;10;4;2;;;1;2;1;;;6;1
6;2;12;36;36026;;1;1;PO-551;6,7;6;3;1;2;;1;1;1;;;1;1
6;5;13;36;36026;;1;1;PO-551;6,7;6;4;2;;;1;1;1;;;1;1
8;4;5;36;36026;;1;1;PO-551;2,6;6;16;2;;;1;4;1;;;1;2
8;3;14;36;36026;;1;1;EP-1202;1,2;6;12;1;2;VG-4.4;1;1;1;;;1;1
6;7;5;36;36026;;3;2;No inventariada;;9;2;1;2;;3;4;3;;;1;998
9;6;22;36;36026;;1;1;PO-313;4;6;15;2;;;1;4;1;;;1;1
9;2;11;36;36026;;1;1;VG-4.4;7,8;4;3;2;;;1;1;1;;;1;1
9;6;17;36;36026;;1;1;VG-4.4;6,9;4;1;2;;;1;1;1;;;1;3
10;5;15;36;36026;;1;1;No inventariada;1,1;14;2;2;;;3;1;4;;;4;3
11;4;22;36;36026;;1;1;PO-313;2,9;6;12;2;;;1;4;1;;;1;1
11;3;7;36;36026;;1;1;PO-551;7,65;6;4;2;;;3;6;3;;;1;1
12;4;13;36;36026;;1;1;PO-313;5;6;2;1;2;;3;1;2;;;4;3
12;1;14;36;36026;;1;1;PO-551;6,2;6;16;2;;;1;1;1;;;1;1
1;3;12;36;36027;;1;1;PO-303;12;6;18;2;;;3;1;4;;;1;1
2;5;9;36;36027;;1;1;EP-9303;2,05;6;1;2;;;1;1;1;;;2;3
4;5;18;36;36027;;1;1;PO-550;8,5;6;20;2;;;1;1;1;;;1;1
4;6;6;36;36027;;1;1;PO-303;7,2;6;6;2;;;3;4;3;;;1;1
5;7;13;36;36006;;1;1;PO-550;7,2;6;2;1;4;EP-9305;3;1;2;;;1;2
5;6;10;36;36027;;1;1;PO-303;10;6;18;1;2;;1;1;1;;;1;1
5;6;8;36;36027;;1;1;EP-9207;1,9;6;18;2;;;1;1;1;;;1;3
5;3;17;36;36027;;1;1;PO-550;9,1;6;2;1;2;;1;1;1;;;9;1
6;5;16;36;36027;;1;1;EP-9205;6,3;6;17;2;;;1;1;1;;;1;3
6;7;8;36;36027;;1;1;EP-9305;1,825;6;16;2;;;3;4;3;;;1;1
7;3;18;36;36027;;1;1;PO-303;9,5;6;2;1;1;;1;1;1;;;1;1
8;3;2;36;36027;;1;1;PO-550;8,234;6;18;2;;;1;4;1;;;1;2
8;5;7;36;36027;;1;1;EP-9305;1;6;1;2;;;1;3;1;;;1;1
11;1;18;36;36027;;1;1;EP-9207;2,2;6;9;2;;;1;4;1;;;1;3
11;7;17;36;36027;;1;1;EP-9305;2,05;6;1;2;;;3;1;4;;;1;3
12;3;7;36;36027;;1;1;AG-41;12;3;15;2;;;3;6;1;;;1;3
12;6;19;36;36027;;1;1;EP-9305;0,8;6;3;2;;;1;5;2;;;1;3
1;4;16;36;0;;1;1;PO-531;13,931;6;4;2;;;1;1;1;;;1;1
2;2;4;36;0;;3;2;No inventariada;;9;19;2;;;3;4;3;;;1;998
3;7;10;36;0;;1;1;EP-9402;0,9;6;2;1;2;;1;1;1;;;1;3
4;7;13;36;0;;1;1;AG-41;5,1;3;4;2;;;1;1;1;;;1;1
4;2;21;36;0;;1;1;S/D IGLESI;1,83;10;19;2;;;1;4;1;;;1;1
4;7;19;36;0;;1;1;AG-41;2,35;3;4;1;2;PO-531;1;1;1;;;1;1
5;4;12;36;36046;;1;1;PO-300;5,5;6;12;2;;;1;1;1;;;1;1
6;7;2;36;0;;1;1;EP-9403;4,593;6;16;2;;;1;4;1;;;1;1
6;5;9;36;0;;1;1;PO-531;13,9;6;4;2;;;1;1;1;;;1;1
6;2;10;36;0;;1;1;AG-41;2,9;3;1;2;;;1;1;1;;;1;1
7;2;7;36;0;;1;1;EP-9401;0,2;6;12;2;;;1;1;1;;;1;1
7;3;17;36;0;;1;1;AG-41;6,4;3;18;2;;;1;1;1;;;1;1
8;1;14;36;0;;1;1;PO-531;16,2;6;1;2;;;1;1;1;;;1;1
8;3;14;36;0;;1;1;EP-9402;0;6;2;1;2;PO-531;1;1;1;;;1;1
9;5;0;36;0;;1;1;AG-41;5,5;3;4;2;;;3;6;4;;;1;3
10;5;18;36;0;;1;1;PO-531;14,7;6;8;2;;;1;1;2;;;1;1
10;1;9;36;0;;1;1;PO-531;16;6;3;1;4;EP-8004;1;1;1;;;1;1
12;1;15;36;0;;1;1;PO-531;14,559;6;5;2;;;1;1;1;;;1;1
1;4;18;36;36029;;3;2;No inventariada;;9;7;2;;;3;4;4;;;5;998
1;3;11;36;36029;;1;1;EP-1104;2,6;6;2;1;2;;3;1;3;;;1;1
1;4;8;36;36029;;1;1;AG-46;0,4;3;4;2;;;3;3;2;;;1;1
1;3;21;36;36029;;1;1;AG-46;3,2;3;12;2;;;4;6;4;;;4;3
1;6;11;36;36029;;1;1;PO-551;31,7;6;3;2;;;1;1;1;;;9;1
1;1;9;36;36029;;1;1;PO-551;23,244;6;2;1;2;;1;1;1;;;1;1
2;7;17;36;36029;;1;1;No inventariada;1,8;10;10;2;;;8;1;1;;;12;3
2;7;18;36;36029;;2;2;PO-551;26,2;6;7;2;;;1;1;1;;;1;1
2;2;21;36;36029;;3;2;No inventariada;;9;7;1;2;;1;4;1;;;18;998
2;6;6;36;36029;;1;1;AG-46;3;3;14;2;;;3;6;3;;;1;2
3;5;5;36;36029;;1;1;AG-46;5,95;3;18;2;;;3;6;4;;;1;1
3;4;7;36;36029;;1;1;AG-46;6,5;3;3;2;;;3;1;1;;;1;3
3;4;7;36;36029;;1;1;AG-46;6,5;3;4;2;;;3;1;1;;;1;3
4;3;21;36;36029;;3;2;No inventariada;;9;4;1;4;;1;1;1;;;1;998
4;6;0;36;36029;;1;1;CG-4.1;12,1;4;8;2;;;1;6;1;;;4;3
4;5;22;36;36029;;3;2;No inventariada;;9;4;2;;;1;4;1;;;18;998
4;7;6;36;36029;;3;2;No inventariada;;9;16;2;;;1;4;1;;;1;998
4;6;20;36;36029;;1;1;PO-313;13;6;10;2;;;1;1;1;;;1;1
5;1;8;36;36029;;1;1;PO-551;23,9;6;17;2;;;3;1;3;;;1;2
6;3;19;36;36029;;3;2;No inventariada;;9;4;2;;;1;1;1;;;1;998
6;2;12;36;36029;;1;1;AG-46;5,5;3;4;2;;;1;1;1;;;1;1
6;3;12;36;36029;;3;2;No inventariada;;9;7;2;;;1;1;2;1;;1;998
6;6;16;36;36029;;1;1;PO-551;29,3;6;3;2;;;1;1;1;;;1;1
7;4;10;36;36029;;3;2;No inventariada;;9;2;1;4;;1;1;1;;;9;998
7;4;10;36;36029;;1;1;PO-551;30,843;6;2;1;2;;1;1;1;;;1;1
7;6;15;36;36029;;1;1;PO-551;27,2;6;4;1;2;EP-1102;1;1;1;;;1;1
8;7;19;36;36029;;1;1;AG-46;0,463;3;4;2;;;1;1;1;;;1;1
8;2;11;36;36029;;1;1;AP-9;147,5;1;3;2;;;1;1;1;;;1;1
8;1;10;36;36029;;3;2;No inventariada;;9;7;2;;;1;1;1;;;1;998
9;6;20;36;36029;;1;1;PO-313;15,1;6;19;2;;;1;1;1;;;1;3
9;5;14;36;36029;;3;2;No inventariada;;9;10;2;;;1;1;1;;;1;998
9;6;23;36;36029;;3;2;No inventariada;;14;2;1;2;;1;4;1;;;1;998
9;2;13;36;36029;;3;2;No inventariada;;9;7;2;;;1;1;1;;;9;998
10;2;21;36;36029;;1;1;AG-46;2,5;3;12;2;;;3;6;3;1;;5;1
9;1;13;36;36029;;3;2;No inventariada;;9;4;2;;;3;1;3;;;18;998
10;3;17;36;36029;;3;2;No inventariada;;9;7;2;;;3;1;3;;;18;998
10;2;16;36;36029;;1;1;AG-46;0;3;16;1;10;AP-9V;3;1;4;;;1;2
10;2;19;36;36029;;1;1;PO-551;32,2;6;18;2;;;1;4;1;;;1;3
1;6;12;36;0;;1;1;PO-262;1,065;6;15;2;;;3;1;1;;;1;3
1;1;14;36;0;;1;1;PO-262;3,7;6;2;1;2;;1;1;1;;;1;1
2;6;7;36;0;;1;1;PO-261;1;6;16;2;;;1;6;1;;;1;1
2;3;4;36;0;;1;1;N-559;1,9;6;8;2;;;1;6;1;;;1;1
3;3;17;36;0;;1;1;PO-254;9,2;6;10;1;2;;1;1;1;;;1;1
11;6;12;36;0;;1;1;PO-261;1,6;6;19;2;;;1;1;1;;;1;2
5;7;22;36;0;;1;1;PO-261;0,3;6;16;1;2;;1;1;1;;;1;2
1;4;12;36;0;;1;1;PO-226;3,534;6;4;2;;;3;1;1;;;1;1
5;6;4;36;0;;1;1;EP-0503;2,7;6;18;2;;;1;6;1;;;4;3
6;6;18;36;0;;1;1;EP-0018;13,6;6;2;1;1;;1;1;1;;;1;2
7;3;14;36;36038;;1;1;EP-0018;6,2;6;16;2;;;1;1;2;;;1;1
11;4;12;36;0;;1;1;PO-226;2;6;8;2;;;1;1;1;;;1;1
1;4;15;36;36033;;1;1;N-550;150,4;6;5;2;;;1;1;1;;;1;3
1;5;14;36;36033;;1;1;A-55;14,4;3;4;2;;;1;1;1;;;1;1
1;4;8;36;36033;;1;1;A-55;9,8;3;4;2;;;1;1;1;;;1;2
1;5;11;36;36033;;1;1;A-55;9,8;3;4;2;;;1;1;1;;;1;2
1;1;8;36;36033;;1;1;A-55;14,5;3;4;1;10;;3;6;2;;;1;1
1;2;8;36;36033;;1;1;A-55;12,3;3;4;2;;;3;5;3;;;1;1
1;3;15;36;36033;;1;1;N-550;151,192;6;4;2;;;1;1;1;;;1;1
2;5;16;36;36033;;1;1;A-55;14,1;3;5;2;;;1;1;1;;;1;1
2;6;7;36;36033;;1;1;A-55;10;3;16;2;;;1;6;1;;;1;2
2;6;6;36;36033;;1;1;A-55;14,4;3;4;1;12;A-52;3;6;3;;;1;1
2;6;22;36;36033;;1;1;PO-511;0;6;10;2;;;3;6;3;;;4;3
2;6;19;36;36033;;1;1;A-55;9,329;3;18;2;;;1;2;1;;;1;2
2;1;16;36;36033;;1;1;PO-511;0,15;6;5;2;;;1;1;1;;;1;1
2;4;12;36;36033;;1;1;A-55;11,6;3;4;2;;;3;1;4;;;1;2
2;5;14;36;36033;;1;1;A-55;11,567;3;4;2;;;3;1;4;;;1;1
3;3;8;36;36033;;1;1;N-550;148,67;6;2;1;2;;1;2;1;;;1;1
3;6;8;36;36033;;1;1;EP-2603;2,6;6;2;1;2;;3;1;3;2;;4;2
3;5;23;36;36033;;1;1;EP-2603;1;6;16;2;;;1;4;1;;;1;3
3;3;17;36;36057;;1;1;A-55;7,072;3;12;2;;;3;1;4;;;5;2
4;2;20;36;36033;;1;1;A-55;11,8;3;12;2;;;3;1;4;;;4;2
4;5;16;36;36039;;1;1;A-52;302,2;3;12;2;;;1;1;2;;;1;1
4;6;13;36;36033;;1;1;N-550;152,528;6;3;1;2;;1;1;1;;;1;3
4;6;11;36;36033;;1;1;EP-2601;1,5;6;7;2;;;1;1;1;;;1;1
4;1;11;36;36033;;1;1;N-550;152,6;6;4;2;;;1;1;1;;;1;1
4;1;14;36;36033;;1;1;EP-2601;3,809;6;19;2;;;1;1;1;;;1;1
4;1;12;36;36033;;1;1;N-550;155,1;6;2;1;2;;1;1;1;;;9;1
4;5;15;36;36033;;1;1;A-55;13,2;3;5;2;;;1;1;1;;;1;1
4;4;18;36;36039;;1;1;PO-331;2,1;6;1;2;;;1;1;1;;;1;1
5;3;12;36;36033;;1;1;N-550;151,9;6;4;2;;;3;1;3;;;1;1
5;6;12;36;36033;;1;1;N-550;155,8;6;5;2;;;3;1;3;;;1;1
5;7;16;36;36033;;1;1;A-55;12,1;3;16;2;;;3;1;3;;;1;2
5;3;6;36;36033;;1;1;A-55;12,2;3;18;2;;;3;6;3;;;4;2
5;3;8;36;36033;;1;1;A-55;11,5;3;4;2;;;3;1;2;;;1;2
5;2;9;36;36033;;1;1;N-550;154,5;6;5;2;;;1;1;1;;;1;3
6;5;15;36;36033;;1;1;A-55;12,2;3;4;2;;;1;1;2;;;1;1
6;1;18;36;36033;;1;1;SC/PO;0,2;10;19;2;;;1;1;1;;;4;3
6;1;9;36;36033;;1;1;A-55;12,2;3;4;2;;;3;1;3;;;1;1
6;1;20;36;36033;;1;1;A-55;12,3;3;16;2;;;3;1;3;;;1;2
6;2;21;36;36033;;1;1;A-55;13,1;3;12;2;;;1;3;1;;;1;1
7;2;22;36;36033;;1;1;A-55;12,2;3;16;2;;;3;4;3;;;1;2
7;4;8;36;36033;;1;1;A-55;13,263;3;4;2;;;1;1;1;;;1;1
7;6;19;36;36033;;1;1;N-550;152,7;6;3;1;1;;1;1;1;;;1;2
7;7;22;36;36033;;3;2;No inventariada;;9;10;1;2;A-55;3;4;3;;;1;998
7;7;23;36;36033;;1;1;A-55;12,2;3;18;2;;;3;6;3;;;5;2
7;2;17;36;36039;;1;1;PO-331;1;6;4;2;;;1;1;1;;;1;1
8;7;20;36;36033;;1;1;EP-00000;1,2;10;1;2;;;1;1;1;;;17;1
8;2;16;36;36033;;1;1;N-550;154,641;6;16;2;;;1;1;1;;;1;2
8;4;14;36;36039;;1;1;PO-331;0,85;6;2;1;2;;1;1;1;;;1;3
9;1;18;36;36033;;1;1;A-55;12;3;4;2;;;1;1;1;;;1;2
9;2;11;36;36033;;1;1;SC/PO;0,1;10;1;2;;;1;1;1;;;1;3
9;3;17;36;36033;;1;1;EP-2603;0,8;6;2;1;2;;1;1;1;;;4;2
9;5;9;36;36033;;1;1;N-550;153,765;6;15;1;4;;1;1;1;;;1;2
9;6;0;36;36033;;1;1;S/C-PO3603;1,5;10;12;1;2;PO-331;1;4;1;;;1;3
9;1;7;36;36033;;1;1;A-55;12,2;3;4;1;11;A-55;1;6;2;;;1;3
10;2;12;36;36033;;1;1;A-55;12,3;3;19;2;;;3;1;4;;;1;2
10;4;12;36;36033;;1;1;A-55;12,1;3;3;2;;;3;1;3;;;1;2
10;5;16;36;36033;;1;1;A-55;14,589;3;4;2;;;3;1;1;;;1;1
10;6;19;36;36033;;1;1;A-55;11,5;3;12;2;;;3;3;3;;;4;2
11;5;20;36;36033;;1;1;A-55;14,796;8;4;2;;;3;6;3;;;1;1
12;3;13;36;36033;;1;1;A-55;10,117;3;2;2;;;1;1;1;;;1;1
12;5;7;36;36033;;1;1;A-55;10;3;5;2;;;1;3;1;;;1;1
12;5;15;36;36033;;1;1;A-55;12,2;3;4;2;;;1;1;1;;;1;1
12;1;10;36;36033;;1;1;A-52;306;3;4;1;12;;1;1;1;;;1;1
12;5;14;36;36033;;1;1;A-55;14,3;3;5;1;10;A-52;1;1;1;;;1;1
12;1;21;36;36033;;3;2;No inventariada;;9;3;1;4;PO-511;1;4;1;;;1;998
12;1;11;36;36033;;1;1;N-550;148,155;6;4;2;;;1;1;1;;;1;1
1;3;20;36;36050;;1;1;A-52;289,8;3;12;2;;;3;6;4;;;1;2
6;7;15;36;0;;1;1;PO-415;0,2;6;13;2;;;1;1;2;;;1;1
1;3;20;36;36035;;1;1;PO-340;19,8;6;7;2;;;3;4;2;;;1;1
1;7;18;36;36035;;1;1;PO-332;3,5;6;1;2;;;3;4;3;;;1;2
3;2;21;36;36035;;1;1;PO-552;7,8;6;16;2;;;1;4;2;;;1;3
3;6;17;36;36035;;1;1;PO-325;13,1;6;4;2;;;3;1;1;;;1;1
4;3;13;36;36035;;1;1;PO-552;11,9;6;2;2;;;1;1;1;;;1;1
4;7;17;36;36035;;1;1;EP-2102;5,8;6;1;2;;;1;1;1;;;4;3
5;5;10;36;36035;;1;1;PO-325;10,3;6;2;1;4;;1;1;1;;;1;2
5;6;9;36;36035;;1;1;PO-325;11,6;6;2;1;2;;1;1;1;;;1;1
6;5;1;36;36035;;1;1;S/C-PO3603;3,5;10;15;2;;;1;6;1;;;1;3
7;1;13;36;36035;;1;1;PO-552;12,1;6;4;2;;;1;1;1;;;1;1
7;5;15;36;36035;;1;1;EP-2106;3,2;6;19;2;;;2;1;1;;;1;3
7;6;16;36;36035;;1;1;PO-325;12,4;6;2;1;4;;1;1;1;;;1;4
7;1;8;36;36035;;1;1;PO-325;9,4;6;7;2;;;1;1;1;;;1;1
8;3;11;36;36035;;1;1;PO-340;21;6;2;2;;;1;1;1;;;1;1
8;3;14;36;36035;;1;1;PO-325;12;6;6;2;;;1;1;1;;;1;1
8;2;16;36;36035;;3;2;No inventariada;;14;15;2;;;1;1;1;;;2;998
1;4;16;36;36035;;3;2;No inventariada;;14;4;1;4;;1;1;1;;;18;998
2;1;17;36;36035;;3;2;No inventariada;;9;4;2;;;1;1;2;;;18;998
3;1;7;36;36035;;3;2;No inventariada;;9;15;2;;;3;2;3;;;1;998
6;4;14;36;36035;;3;2;No inventariada;;9;2;1;2;;1;1;1;;;2;998
9;5;13;36;36035;;1;1;PO-325;14,3;6;2;1;5;PO-325;1;1;1;;;1;1
6;2;15;36;36035;;3;2;No inventariada;;9;3;2;;;9;1;1;;;1;998
9;3;17;36;36057;;1;1;PO-552;6,505;6;19;2;;;3;1;3;;;1;2
10;2;14;36;36035;;1;1;PO-340;20,8;6;2;2;;;3;1;3;;;1;1
6;2;15;36;36035;;3;2;No inventariada;;9;20;2;;;9;1;1;;;1;998
6;1;15;36;36035;;3;2;No inventariada;;9;1;2;;;9;1;1;;;1;998
5;5;14;36;36035;;3;2;No inventariada;;9;2;1;2;;1;1;1;;;1;998
5;3;16;36;36035;;3;2;No inventariada;;9;12;2;;;3;1;2;;;1;998
4;7;17;36;36035;;3;2;No inventariada;;9;4;2;;;1;1;1;;;1;998
10;6;19;36;36035;;3;2;No inventariada;;9;3;1;2;;4;4;4;1;;5;998
7;5;16;36;36035;;3;2;No inventariada;;9;2;1;2;;1;1;1;;;1;998
7;2;16;36;36035;;3;2;No inventariada;;9;1;2;;;3;1;2;;;1;998
7;6;19;36;36035;;3;2;No inventariada;;9;7;2;;;1;1;1;;;1;998
7;2;20;36;36035;;3;2;No inventariada;;9;19;2;;;1;1;1;;;1;998
8;5;12;36;36035;;3;2;No inventariada;;9;2;1;2;;1;1;1;;;1;998
9;6;17;36;36035;;3;2;No inventariada;;9;2;1;2;;1;1;1;;;1;998
9;3;12;36;36035;;3;2;No inventariada;;9;4;2;;;1;1;1;;;1;998
10;1;10;36;36035;;1;1;PO-325;14,3;6;1;2;;;3;1;4;;;1;1
10;3;16;36;36035;;1;1;PO-325;13,427;6;2;1;4;AG-57N;1;1;1;;;1;1
10;3;14;36;36035;;3;2;No inventariada;;9;2;1;4;;1;1;1;;;1;998
11;5;15;36;36035;;3;2;No inventariada;;9;2;1;2;;1;1;1;;;1;998
11;4;17;36;36035;;1;1;EP-2102;6,1;6;20;2;;;1;1;1;;;12;3
12;1;19;36;36035;;1;1;PO-552;11;6;4;2;;;1;4;1;;;1;1
1;5;14;36;0;;1;1;PO-552;36,145;6;12;2;;;3;1;4;;;1;2
3;1;7;36;0;;1;1;PO-552;31,5;6;16;2;;;3;2;2;;;1;1
5;6;1;36;0;;1;1;PO-552;29,3;6;18;2;;;3;4;3;;;1;2
6;6;13;36;0;;1;1;PO-354;9,25;6;12;2;;;1;1;1;;;1;3
7;2;17;36;0;;1;1;S/C-PO;0;10;7;1;2;;1;1;1;;;1;3
7;1;21;36;0;;1;1;PO-552;35;6;18;2;;;1;4;1;;;1;3
8;6;1;36;0;;1;1;PO-552;22,2;6;16;2;;;1;6;1;;;1;2
10;2;9;36;0;;1;1;PO-552;28,222;6;16;2;;;1;1;1;;;1;2
12;7;18;36;0;;1;1;PO-552;27,4;6;1;2;;;3;5;2;;;4;3
12;6;10;36;0;;1;1;PO-552;32,1;6;2;1;2;;1;1;1;;;1;1
4;7;3;36;0;;1;1;PO-250;6,5;6;1;2;;;1;4;1;;;1;3
6;6;23;36;0;;1;1;EP-4301;7,4;6;16;2;;;1;6;2;;;4;3
8;5;12;36;0;;1;1;BARRIO QUI;113;10;20;2;;;1;1;1;;;1;1
1;6;8;36;36038;;1;1;PO-546;1,505;6;15;1;2;;1;2;1;;;4;3
1;2;20;36;36038;;3;2;No inventariada;;9;7;2;;;3;4;2;;;1;998
1;6;14;36;36038;;1;1;PO-12;0,9;5;14;2;;;3;1;3;;;1;2
1;2;8;36;36038;;1;1;N-550;125,9;6;5;2;;;3;1;3;;;1;1
1;3;18;36;36038;;1;1;SC/PO;0,05;11;7;2;;;3;4;3;;;4;1
1;3;19;36;36038;;1;1;N-550;126,299;6;3;1;1;;3;4;4;;1;5;1
1;5;10;36;36038;;3;2;No inventariada;;9;6;2;;;1;1;1;;;6;998
1;1;21;36;36038;;3;2;No inventariada;;9;4;2;;;3;4;2;;;1;998
1;4;11;36;36038;;3;2;No inventariada;;9;7;2;;;1;1;1;;;1;998
1;3;16;36;36038;;3;2;No inventariada;;9;4;2;;;1;1;1;;;1;998
1;4;12;36;36038;;1;1;PO-531;7;6;5;2;;;1;1;1;;;1;1
1;5;0;36;36038;;1;1;PO-531;5,972;6;8;2;;;1;4;1;;;1;1
1;1;21;36;36038;;1;1;AP-9;128,5;1;8;2;;;1;4;1;;;1;1
2;5;19;36;36038;;1;1;N-550;126,3;6;2;2;;;1;4;1;;;1;1
2;4;14;36;36038;;1;1;PO-223;1,5;6;15;2;;;1;1;1;;;1;1
1;3;16;36;36038;;3;2;No inventariada;;9;2;2;;;1;1;1;;;6;998
2;4;8;36;36038;;3;2;No inventariada;;9;7;2;;;3;3;4;;;5;998
2;7;7;36;36038;;3;2;No inventariada;;9;2;2;;;3;4;3;;;1;998
2;4;20;36;36038;;3;2;No inventariada;;9;7;2;;;3;5;4;;;5;998
2;1;22;36;36038;;1;1;N-550;124,3;6;3;1;4;PO-10;1;4;1;;;1;2
2;3;16;36;36038;;1;1;PO-531;6,3;6;4;2;;;1;1;1;;;1;1
2;6;14;36;36038;;3;2;No inventariada;;9;20;2;;;3;1;2;;;1;998
2;6;4;36;36038;;1;1;N-550;126,7;6;14;2;;;3;4;2;;;1;1
2;5;10;36;36038;;3;2;No inventariada;;9;7;2;;;3;1;3;;;18;998
2;4;13;36;36038;;3;2;No inventariada;;9;7;2;;;1;1;1;;;1;998
3;5;14;36;36038;;1;1;PO-542;6,2;5;3;1;4;;3;1;3;;;1;1
3;7;22;36;36038;;1;1;PO-531;6,3;6;12;2;;;3;4;2;;;5;1
3;2;19;36;36038;;3;2;No inventariada;;9;4;2;;;1;4;2;;;1;998
3;5;15;36;36038;;1;1;PO-11;3,539;5;10;2;;;3;1;3;;;1;1
3;2;12;36;36038;;3;2;No inventariada;;9;10;1;4;;1;1;1;;;1;998
2;2;23;36;36038;;3;2;No inventariada;;9;20;1;2;;1;4;1;;;1;998
3;6;10;36;36038;;1;1;AP-9;126,4;5;5;2;;;8;1;5;;;1;3
3;6;10;36;36038;;1;1;AP-9;126,5;1;4;2;;;8;1;5;;;1;3
3;6;10;36;36038;;1;1;AP-9;126,4;1;20;2;;;8;1;5;;;1;3
3;6;10;36;36038;;1;1;AP-9;126,2;1;12;2;;;8;1;5;;;1;3
3;5;14;36;36038;;3;2;No inventariada;;9;4;2;;;3;1;3;;;1;998
3;3;8;36;36038;;1;1;PO-224;0,5;6;19;2;;;1;1;1;;;1;2
3;3;8;36;36038;;3;2;No inventariada;;9;7;2;;;1;1;1;;;1;998
3;4;13;36;36038;;1;1;PO-542;3,8;6;4;2;;;1;1;2;;;12;3
3;2;9;36;36038;;3;2;No inventariada;;9;7;2;;;1;1;1;;;18;998
3;6;18;36;36038;;3;2;No inventariada;;9;7;2;;;3;1;4;;;5;998