MES;DIA_SEMANA;HORA;COD_PROVINCIA;COD_MUNICIPIO;ISLA;ZONA;ZONA_AGRUPADA;CARRETERA;KM;TIPO_VIA;TIPO_ACCIDENTE;NUDO;NUDO_INFO;CARRETERA_CRUCE;CONDICION_FIRME;CONDICION_ILUMINACION;CONDICION_METEO;CONDICION_NIEBLA;CONDICION_VIENTO;VISIB_RESTRINGIDA_POR;TRAZADO_PLANTA
3;6;20;36;36038;;3;2;No inventariada;;9;10;1;2;;3;4;4;;;5;998
3;4;14;36;36038;;1;1;N-541;90,6;6;3;2;;;1;1;1;;;1;2
3;7;10;36;36038;;1;1;PO-531;6,269;6;12;2;;;3;1;3;;;1;3
4;1;8;36;36038;;1;1;N-550;124,7;6;4;2;;;3;1;2;;;1;1
4;2;13;36;36038;;1;1;PO-532;3,2;6;2;2;;;3;1;3;;;9;1
3;7;21;36;36038;;3;2;No inventariada;;9;2;1;4;;3;4;2;;;1;998
4;4;15;36;36038;;1;1;PO-10;0,9;3;5;2;;;1;1;1;;;1;2
4;6;18;36;36038;;1;1;EP-0012;0,95;6;12;2;;;1;1;2;;;4;3
4;5;13;36;36038;;3;2;No inventariada;;9;6;2;;;1;1;1;;;1;998
4;7;20;36;36038;;3;2;No inventariada;;9;4;1;4;;1;1;1;;;1;998
4;1;14;36;36038;;3;2;No inventariada;;9;6;1;1;;1;1;1;;;1;998
4;2;18;36;36038;;3;2;No inventariada;;9;10;2;;;8;1;1;;;1;998
4;4;21;36;36038;;1;1;VG-4.4;3,2;4;19;2;;;1;1;1;;;1;1
4;1;19;36;36038;;1;1;PO-264;2;6;1;1;2;;1;1;1;;;4;1
4;2;21;36;36038;;1;1;PO-546;0,8;6;20;2;;;1;1;1;;;1;1
4;3;13;36;36038;;3;2;No inventariada;;9;7;2;;;1;1;1;;;2;998
4;6;11;36;36038;;3;2;No inventariada;;9;2;2;;;3;1;2;;;1;998
4;7;13;36;36038;;3;2;No inventariada;;9;10;2;;;8;1;1;;;1;998
5;1;17;36;36038;;1;1;PO-542;3,82;6;2;1;2;;1;1;1;;;1;1
5;1;18;36;36038;;3;2;No inventariada;;9;7;2;;;1;1;2;;;1;998
4;3;11;36;36038;;3;2;No inventariada;;9;7;2;;;1;1;1;;;1;998
5;5;13;36;36038;;1;1;N-550;126,1;6;16;2;;;1;1;1;;;1;1
5;5;18;36;36038;;1;1;N-550;115,4;6;4;2;;;1;1;1;;;1;1
5;5;19;36;36038;;1;1;PO-11;1,3;5;16;1;4;VG-4.4;1;1;2;;;1;2
5;6;16;36;36038;;1;1;AP-9;132,6;1;16;1;10;;3;1;3;;;1;3
5;2;15;36;36038;;1;1;N-550;116,7;6;5;1;4;;1;1;1;;;1;1
5;3;9;36;36038;;1;1;N-550;115,2;6;2;1;2;PO-225;1;1;1;;;1;1
5;7;18;36;36038;;1;1;N-550;115,1;6;2;1;2;;1;1;1;;;17;1
5;4;11;36;36038;;3;2;No inventariada;;9;7;1;2;;1;1;1;;;1;998
6;7;12;36;36038;;3;2;No inventariada;;9;20;1;2;;1;1;1;;;1;998
6;3;18;36;36038;;1;1;CAMIÑO DE;0,05;10;13;2;;;8;1;2;;;4;1
6;7;22;36;36038;;3;2;No inventariada;;9;1;2;;;1;4;1;;;1;998
6;6;22;36;36038;;1;1;EP-0016;1;6;17;2;;;1;4;1;;;1;3
6;7;19;36;36038;;3;2;No inventariada;;9;4;1;4;;1;1;1;;;1;998
6;1;14;36;36038;;3;2;No inventariada;;9;7;1;2;;1;1;1;;;1;998
6;4;13;36;36038;;3;2;No inventariada;;9;11;1;4;;1;1;1;;;1;998
6;2;19;36;36038;;1;1;SC/PO;0,6;10;18;2;;;1;1;1;;;1;3
6;1;6;36;36038;;3;2;No inventariada;;9;2;1;4;;1;2;1;;;1;998
6;1;12;36;36038;;3;2;No inventariada;;9;7;2;;;1;1;1;;;17;998
6;2;12;36;36038;;3;2;No inventariada;;9;4;1;2;;1;1;1;;;1;998
6;4;21;36;36038;;3;2;No inventariada;;9;19;2;;;3;2;3;;;1;998
6;3;16;36;36038;;3;2;No inventariada;;9;20;2;;;1;1;1;;;1;998
6;2;8;36;36038;;3;2;No inventariada;;9;19;1;4;;3;1;3;;;1;998
6;2;11;36;36038;;3;2;No inventariada;;9;19;1;4;;3;1;3;;;1;998
6;3;20;36;36038;;3;2;No inventariada;;9;10;2;;;1;1;1;;;1;998
6;7;22;36;36038;;1;1;S/C-PO3601;16;10;19;2;;;1;1;1;;;1;3
6;5;21;36;36038;;3;2;No inventariada;;9;10;2;;;7;2;2;;;1;998
7;5;14;36;36038;;1;1;AP-9;129;2;4;2;;;1;1;1;;;1;1
6;7;22;36;36038;;3;2;No inventariada;;9;10;2;;;1;4;1;;;1;998
6;6;20;36;36038;;3;2;No inventariada;;9;7;2;;;9;1;7;;;1;998
7;5;21;36;36038;;3;2;No inventariada;;9;7;1;2;;1;1;1;;;16;998
7;7;9;36;36038;;3;2;No inventariada;;9;10;2;;;1;1;1;;;1;998
7;2;18;36;36038;;1;1;N-550;115,1;6;3;2;;;1;1;1;;;1;1
7;7;17;36;36038;;3;2;No inventariada;;9;1;1;2;;1;1;1;;;2;998
7;1;9;36;36038;;3;2;No inventariada;;9;10;1;4;;1;1;1;;;1;998
7;1;12;36;36038;;3;2;No inventariada;;9;7;2;;;1;1;1;;;1;998
7;3;18;36;36038;;3;2;No inventariada;;9;10;1;4;;1;1;1;;;1;998
7;1;14;36;36038;;3;2;No inventariada;;9;4;1;12;;1;1;1;;;1;998
7;2;8;36;36038;;3;2;No inventariada;;9;10;2;;;1;1;1;;;8;998
7;3;16;36;36038;;3;2;No inventariada;;9;4;2;;;1;1;1;;;1;998
8;1;12;36;36038;;3;2;No inventariada;;9;4;1;2;;1;1;1;;;1;998
8;5;17;36;36038;;1;1;EP-0018;4;6;1;2;;;1;1;1;;;1;1
8;4;0;36;36038;;1;1;N-541;87,043;6;19;1;4;PO-224;1;4;1;;;1;1
8;4;15;36;36038;;3;2;No inventariada;;9;4;2;;;1;1;1;;;1;998
8;2;19;36;36038;;3;2;No inventariada;;9;3;2;;;1;1;2;;;1;998
8;4;16;36;36038;;1;1;VG-4.4;0;4;4;1;4;PO-11;1;1;1;;;1;2
8;6;9;36;36038;;3;2;No inventariada;;9;20;1;4;;1;1;1;;;1;998
8;7;14;36;36038;;1;1;PO-542;6,2;5;2;1;4;;1;1;1;;;1;2
8;6;17;36;36038;;3;2;No inventariada;;9;2;1;4;;1;1;1;;;1;998
8;1;19;36;36038;;3;2;No inventariada;;9;10;1;2;;1;1;1;;;1;998
8;1;0;36;36038;;3;2;No inventariada;;9;5;2;;;1;6;1;;;1;998
7;1;19;36;36038;;3;2;No inventariada;;9;7;2;;;1;1;1;;;1;998
8;4;15;36;36038;;1;1;PO-223;2,9;6;6;2;;;1;1;1;;;1;2
8;6;9;36;36038;;1;1;SC/PO;0,7;10;1;1;2;;3;1;3;;;1;3
8;1;14;36;36038;;1;1;PO-542;6,8;5;2;1;4;;1;1;1;;;1;1
8;1;16;36;36038;;1;1;EP-0019;1;6;19;2;;;1;1;1;;;1;3
8;4;20;36;36038;;3;2;No inventariada;;9;7;1;2;;1;1;1;;;1;998
8;4;18;36;36038;;3;2;No inventariada;;9;2;1;4;;1;1;1;;;1;998
8;6;23;36;36038;;3;2;No inventariada;;9;10;2;;;1;4;1;;;1;998
9;3;12;36;36038;;1;1;SC/PO;0,4;10;1;2;;;1;1;1;;;4;2
9;5;14;36;36041;;1;1;AP-9;130,2;2;4;2;;;3;1;3;;;1;3
9;4;12;36;36038;;3;2;No inventariada;;9;7;1;2;;1;1;1;;;18;998
9;5;12;36;36038;;3;2;No inventariada;;9;7;1;2;;3;1;3;;;18;998
8;2;15;36;36038;;3;2;No inventariada;;9;12;1;1;;1;1;1;;;1;998
9;3;10;36;36038;;3;2;No inventariada;;9;4;1;2;;1;1;1;;;1;998
9;6;23;36;36038;;1;1;PO-223;5,7;6;1;2;;;1;4;1;;;1;2
9;5;18;36;36038;;3;2;No inventariada;;9;4;2;;;1;1;1;;;1;998
9;7;19;36;36038;;1;1;PO-531;3,8;6;5;2;;;1;1;1;;;1;1
9;2;19;36;36038;;1;1;PO-531;3,5;6;10;1;4;VG-4.8;7;1;1;;;1;3
9;2;12;36;36038;;3;2;No inventariada;;9;4;2;;;1;1;1;;;1;998
9;3;17;36;36038;;3;2;No inventariada;;9;4;2;;;1;1;1;;;18;998
9;5;10;36;36038;;3;2;No inventariada;;9;10;2;;;3;1;3;;;1;998
9;4;8;36;36038;;3;2;No inventariada;;9;7;2;;;1;5;1;;;1;998
9;7;15;36;36038;;1;1;PO-10;0;3;15;1;4;VG-4.4;1;1;1;;;1;2
9;6;10;36;36038;;3;2;No inventariada;;9;12;2;;;1;1;1;;;1;998
9;6;10;36;36038;;3;2;No inventariada;;9;7;1;2;;1;1;1;;;1;998
10;3;10;36;36038;;1;1;PO-10;0,4;3;2;1;2;;3;1;4;;;5;2
9;1;7;36;36038;;3;2;No inventariada;;9;7;1;1;;3;3;3;;;18;998
9;4;23;36;36038;;3;2;No inventariada;;9;3;1;4;;1;4;1;;;1;998
9;3;11;36;36038;;3;2;No inventariada;;9;7;1;2;;3;1;3;;;2;998
10;5;13;36;36038;;3;2;No inventariada;;9;5;2;;;1;1;2;;;1;998
10;5;17;36;36038;;3;2;No inventariada;;9;4;2;;;1;1;2;;;1;998
10;5;18;36;36038;;3;2;No inventariada;;9;10;2;;;8;1;2;;;1;998
10;4;8;36;36038;;1;1;N-550;115,7;6;4;2;;;3;2;3;;;1;1
10;1;17;36;36038;;1;1;PO-531;3,626;6;16;2;;;1;1;1;;;1;1
10;4;20;36;36038;;1;1;PO-531;3,4;6;4;2;;;1;4;2;;;1;1
10;6;14;36;36038;;1;1;AP-9;126;1;12;2;;;3;1;4;;;5;3
10;2;12;36;36038;;1;1;N-541;86,797;6;4;2;;;1;1;1;;;1;1
10;2;15;36;36038;;3;2;No inventariada;;9;2;1;2;;3;1;3;;;2;998
10;2;5;36;36038;;1;1;SC/PO;0,14;10;18;2;;;1;6;1;;;1;1
10;3;12;36;36038;;3;2;No inventariada;;9;20;1;4;;1;1;1;;;1;998
10;2;10;36;36038;;3;2;No inventariada;;9;20;2;;;1;1;1;;;1;998
10;2;10;36;36038;;3;2;No inventariada;;9;2;1;4;;3;4;3;;;1;998
11;7;14;36;36038;;3;2;No inventariada;;9;2;2;;;1;1;1;;;1;998
11;2;9;36;36038;;1;1;PO-225;0;6;4;1;2;;1;1;2;;;1;3
11;3;10;36;36038;;3;2;No inventariada;;9;12;2;;;1;1;1;;;18;998
10;2;19;36;36038;;3;2;No inventariada;;9;2;1;2;;1;3;1;;;9;998
11;4;23;36;36038;;3;2;No inventariada;;9;2;1;2;;1;4;1;;;1;998
11;5;16;36;36038;;3;2;No inventariada;;9;10;2;;;3;1;3;;;1;998
10;4;21;36;36038;;3;2;No inventariada;;9;20;1;4;;1;1;1;;;1;998
10;7;4;36;36038;;3;2;No inventariada;;9;13;2;;;3;4;3;;;1;998
11;7;20;36;36038;;3;2;No inventariada;;9;15;1;4;;3;4;1;;;1;998
11;1;13;36;36038;;1;1;N-550;114,9;6;1;2;;;1;1;1;;;1;2
11;1;16;36;36038;;3;2;No inventariada;;9;1;1;1;;1;1;1;;;1;998
11;7;1;36;36038;;1;1;PO-223;1,4;6;2;2;;;1;4;1;;;1;3
11;1;16;36;36038;;3;2;No inventariada;;9;7;2;;;1;1;1;;;18;998
11;3;17;36;36038;;1;1;AP-9;125,1;2;4;2;;;1;1;1;;;1;3
11;5;22;36;36038;;3;2;No inventariada;;9;2;1;1;;1;4;2;;;1;998
11;3;15;36;36038;;3;2;No inventariada;;9;2;1;1;;3;1;2;;;1;998
12;3;7;36;36038;;1;1;AP-9;124,581;1;4;2;;;3;6;2;;;1;1
12;4;18;36;36038;;1;1;N-550;125,041;6;4;2;;;3;4;3;;;5;1
12;4;11;36;36038;;1;1;EP-0006;0,05;6;20;2;;;3;1;1;;;1;1
12;2;15;36;36038;;3;2;No inventariada;;9;7;1;1;;1;1;1;;;6;998
12;2;18;36;36038;;3;2;No inventariada;;9;16;2;;;1;1;1;;;1;998
12;3;15;36;36038;;3;2;No inventariada;;9;2;2;;;1;1;1;;;1;998
12;7;10;36;36038;;1;1;PO-532;1,3;6;16;2;;;1;1;1;;;1;3
12;2;8;36;36038;;1;1;PO-531;3;6;4;2;;;3;2;3;;;1;1
12;3;15;36;36038;;1;1;N-550;125,3;6;4;2;;;3;1;4;;;5;1
12;5;6;36;36038;;3;2;No inventariada;;9;7;2;;;3;4;2;;;17;998
12;3;12;36;36038;;3;2;No inventariada;;9;2;1;4;;3;1;3;;;1;998
12;3;9;36;36038;;3;2;No inventariada;;9;7;2;;;3;1;3;;;1;998
12;3;15;36;36038;;1;1;EP-0006;2,281;6;16;2;;;1;1;1;;;1;1
1;4;8;36;36039;;1;1;A-55;17,616;3;3;2;;;1;6;2;1;;5;1
1;6;14;36;36039;;1;1;A-55;22,3;3;14;2;;;3;1;3;;;1;2
1;2;21;36;36039;;1;1;A-55;21,7;3;6;2;;;3;6;4;;;5;1
1;5;18;36;36039;;1;1;S/C-PO3603;1,2;10;6;2;;;1;3;1;;;4;3
1;7;1;36;36039;;1;1;A-52;304,654;3;2;2;;;1;6;1;;;1;3
1;6;22;36;36039;;1;1;SC-PO3603;0,52;10;19;2;;;1;6;1;;;1;1
1;1;12;36;36039;;3;2;No inventariada;;9;7;1;1;;1;1;1;;;1;998
2;1;15;36;36039;;1;1;A-55;17,6;3;3;2;;;1;1;1;;;1;1
2;2;21;36;36039;;1;1;A-55;20,3;3;4;2;;;1;6;1;;;1;1
2;1;14;36;36039;;1;1;PO-331;3,983;6;16;2;;;1;1;1;;;1;2
3;5;16;36;36039;;1;1;PO-407;0;6;4;1;2;;3;1;4;;;1;3
3;2;16;36;36039;;1;1;A-55;16,2;3;12;2;;;1;1;1;;;1;1
4;4;16;36;36039;;1;1;PO-331;1;6;5;2;;;1;1;1;;;1;1
4;3;16;36;36033;;1;1;PO-511;0,288;6;5;2;;;1;1;1;;;1;1
4;1;17;36;36039;;1;1;N-120;651,742;6;12;2;;;1;1;1;;;1;2
2;2;10;36;36039;;3;2;No inventariada;;9;2;2;;;3;1;3;;;18;998
3;4;16;36;36039;;3;2;No inventariada;;9;7;1;1;;3;1;3;;;2;998
3;2;9;36;36039;;3;2;No inventariada;;9;7;1;4;;1;1;1;;;17;998
3;2;12;36;36039;;3;2;No inventariada;;9;20;2;;;1;1;1;;;1;998
3;2;16;36;36039;;3;2;No inventariada;;9;4;2;;;3;1;3;;;18;998
4;5;12;36;36039;;3;2;No inventariada;;9;4;2;;;1;1;2;;;18;998
5;3;14;36;36033;;1;1;A-55;14;3;5;2;;;3;1;3;;;1;1
5;5;18;36;36039;;1;1;S-C/PO;0;6;1;1;2;A-55;1;1;1;;;1;2
6;4;14;36;36039;;1;1;PO-510;0,1;6;19;1;4;A-55;8;1;1;;;4;2
6;2;22;36;36039;;1;1;A-55;16,3;3;4;2;;;1;2;1;;;1;1
6;5;15;36;36039;;1;1;N-550;159,1;6;10;1;4;PO-510;1;1;1;;;1;2
6;4;15;36;36039;;1;1;A-55;17;3;5;2;;;1;1;1;;;1;1
7;2;11;36;36039;;3;2;No inventariada;;9;2;1;1;;1;1;1;;;1;998
7;5;19;36;36039;;1;1;S/C-PO3603;0,1;10;1;1;1;;1;1;1;;;2;3
7;1;15;36;36039;;1;1;A-55;20,7;3;18;2;;;1;1;1;;;1;1
7;2;7;36;36039;;1;1;EP-2405;1,2;6;16;2;;;1;2;1;;;1;3
8;4;19;36;36039;;1;1;A-52;304,5;3;2;2;;;1;1;1;;;1;3
8;2;14;36;36033;;1;1;N-550;155,115;6;2;2;;;1;1;1;;;1;1
8;4;14;36;36039;;1;1;A-52;305,628;3;5;2;;;1;1;1;;;1;1
8;5;17;36;36039;;1;1;N-550;163;6;2;2;;;1;1;1;;;1;1
8;7;14;36;36039;;3;2;No inventariada;;9;10;2;;;2;1;1;;;4;998
8;3;11;36;36039;;1;1;EP-2401;2;6;2;1;1;;1;1;1;;;1;1
8;5;1;36;36039;;1;1;A-55;18,7;3;16;1;2;;1;6;1;;;5;3
8;3;14;36;36039;;1;1;SC/PO 3603;0,2;10;3;2;;;1;1;1;;;1;1
9;1;13;36;36039;;1;1;A-52;305,3;3;5;2;;;1;1;1;;;1;1
9;4;5;36;36039;;1;1;SC/PO;0,1;10;16;2;;;1;4;1;;;1;1
9;1;8;36;36039;;1;1;PO-510;2,7;6;1;1;10;PO-407;3;1;3;;;1;1
9;1;9;36;36039;;1;1;PO-331;4,1;6;1;1;2;;1;1;1;;;4;1
9;4;16;36;36033;;1;1;N-550;155;6;19;2;;;1;1;1;;;1;1
9;7;12;36;36039;;1;1;A-55;20,027;3;4;2;;;1;1;1;;;1;1
9;7;18;36;36039;;3;2;No inventariada;;13;1;1;2;;1;1;1;;;12;998
10;2;14;36;36039;;1;1;SC/PO;0,2;10;2;1;2;AP-9;3;1;3;;;1;1
10;5;21;36;36039;;1;1;PO-331;4,1;6;2;2;;;3;6;2;;;1;1
10;6;22;36;36039;;1;1;A-55;20,5;3;4;2;;;3;6;3;;;1;1
10;4;13;36;36039;;1;1;A-55;18,9;3;3;1;10;;1;1;1;;;1;2
11;5;7;36;36033;;1;1;A-55;13,894;3;4;2;;;1;2;1;;;1;3
11;2;11;36;36039;;1;1;A-55;20,9;3;19;2;;;3;1;2;;;1;1
12;3;10;36;36039;;1;1;N-120;652,4;6;4;2;;;1;1;1;;;1;1
12;6;17;36;36039;;1;1;EP-2401;2,6;6;9;2;;;1;1;1;;;1;3
3;1;19;36;0;;1;1;EP-8101;2,6;6;8;2;;;1;4;1;;;1;3
5;2;17;36;0;;1;1;EP-8004;6,3;6;19;2;;;3;1;3;;;1;1
6;3;12;36;0;;1;1;AP-9;116,5;1;3;2;;;1;1;2;;;1;1
8;6;7;36;0;;1;1;N-550;103,044;6;4;2;;;1;3;1;;;1;1
9;6;11;36;0;;1;1;EP-8004;4,9;6;6;2;;;1;1;1;;;1;1
1;7;19;36;36038;;1;1;PO-531;0,8;6;4;1;4;PO-531;1;4;1;;;1;1
1;5;14;36;36041;;3;2;No inventariada;;9;2;1;4;;3;1;2;;;1;998
1;1;21;36;36041;;3;2;No inventariada;;9;4;2;;;3;3;4;;;1;998
1;4;8;36;36041;;3;2;No inventariada;;9;4;2;;;1;4;2;;;1;998
1;3;19;36;36041;;3;2;No inventariada;;9;4;1;2;;1;4;1;;;1;998
1;7;18;36;36041;;3;2;No inventariada;;9;4;2;;;1;1;2;;;1;998
2;5;14;36;36041;;3;2;No inventariada;;9;14;1;1;;3;1;1;;;1;998
2;3;11;36;36041;;3;2;No inventariada;;9;4;2;;;3;1;2;;;1;998
2;6;22;36;36038;;1;1;PO-531;0,7;6;18;1;4;;3;4;3;;;18;1
2;6;22;36;36041;;1;1;AP-9;130,4;2;16;2;;;3;4;4;;;5;3
2;2;9;36;36041;;3;2;No inventariada;;9;3;1;4;;1;1;2;;;1;998
1;2;17;36;36041;;3;2;No inventariada;;9;7;2;;;1;1;1;;;1;998
3;5;20;36;36041;;3;2;No inventariada;;9;4;1;2;;3;4;4;;;18;998
3;5;9;36;36041;;3;2;No inventariada;;9;10;1;4;;3;1;4;;;18;998
3;5;13;36;36041;;3;2;No inventariada;;9;4;2;;;3;1;3;;;18;998
2;2;12;36;36041;;3;2;No inventariada;;9;4;1;2;;1;1;2;;;18;998
3;3;6;36;36038;;1;1;PO-531;0,8;6;10;1;4;PO-531;8;3;3;;;1;3
3;7;20;36;36041;;3;2;No inventariada;;9;10;2;;;1;4;1;;;18;998
3;4;15;36;36041;;1;1;PO-308;10,4;6;16;2;;;3;1;3;;;5;3
3;3;13;36;36041;;3;2;No inventariada;;9;7;2;;;9;1;7;;;18;998
4;6;11;36;36041;;1;1;PO-303;0,4;6;1;1;2;;1;1;1;;;4;1
4;3;15;36;36041;;1;1;PO-308;11,3;6;4;2;;;1;1;1;;;1;3
4;1;15;36;36051;;1;1;PO-308;11,9;6;16;2;;;1;1;1;;;1;1
5;6;23;36;36041;;3;2;No inventariada;;9;19;2;;;1;4;1;;;1;998
5;4;11;36;36041;;3;2;No inventariada;;9;7;1;2;;1;1;1;;;1;998
5;7;9;36;36041;;3;2;No inventariada;;9;19;2;;;3;1;4;;;18;998
4;6;16;36;36041;;3;2;No inventariada;;9;7;1;1;;1;1;2;;;1;998
5;3;20;36;36041;;3;2;No inventariada;;9;1;1;2;;1;1;1;;;1;998
5;5;11;36;36041;;3;2;No inventariada;;9;4;2;;;1;1;1;;;1;998
5;3;8;36;36041;;1;1;PO-308;6,8;6;7;2;;;1;1;1;;;6;2
5;5;5;36;36041;;1;1;PO-308;0,3;6;10;1;4;PO-310;8;4;1;;;1;2
5;3;11;36;36041;;3;2;No inventariada;;9;4;2;;;1;1;1;;;1;998
5;3;20;36;36041;;3;2;No inventariada;;9;4;2;;;1;1;1;;;18;998
5;3;12;36;36041;;3;2;No inventariada;;9;20;1;2;;1;1;1;;;1;998
6;1;4;36;36041;;1;1;EP-0602;2,3;6;7;2;;;1;4;1;;;1;1
6;2;18;36;36041;;3;2;No inventariada;;9;2;1;2;;1;1;1;;;1;998
7;2;21;36;36041;;3;2;No inventariada;;9;19;2;;;1;2;1;;;1;998
6;1;15;36;36041;;3;2;No inventariada;;9;4;2;;;1;1;1;;;1;998
7;1;11;36;36041;;3;2;No inventariada;;9;4;2;;;1;1;1;;;1;998
7;5;17;36;36041;;3;2;No inventariada;;9;19;2;;;1;1;1;;;1;998
7;5;18;36;36041;;1;1;PO-308;11;5;4;1;2;;1;1;1;;;1;1
8;1;7;36;36041;;1;1;PO-308;1,5;6;1;2;;;1;1;1;1;;1;3
7;7;14;36;36041;;3;2;No inventariada;;9;10;2;;;1;1;1;;;1;998
8;5;17;36;36041;;3;2;No inventariada;;9;4;2;;;1;1;1;;;1;998
8;3;16;36;36041;;3;2;No inventariada;;9;10;1;4;;7;1;1;;;1;998
8;7;12;36;36041;;3;2;No inventariada;;9;4;2;;;1;1;1;;;1;998
8;1;15;36;36041;;3;2;No inventariada;;9;10;2;;;1;1;1;;;1;998
8;1;11;36;36041;;3;2;No inventariada;;9;20;1;4;;1;1;1;;;1;998
8;4;16;36;36041;;3;2;No inventariada;;9;4;2;;;1;1;1;;;1;998
9;1;14;36;36041;;3;2;No inventariada;;9;4;2;;;1;1;1;;;1;998
9;2;19;36;36041;;1;1;PO-308;11,4;6;2;1;4;;1;1;1;;;1;2
9;6;2;36;36041;;3;2;No inventariada;;9;12;2;;;1;4;1;;;1;998
9;7;16;36;36041;;3;2;No inventariada;;9;10;1;4;;7;1;1;;;1;998
8;4;13;36;36041;;3;2;No inventariada;;9;19;2;;;1;1;1;;;1;998
10;6;22;36;36041;;1;1;PO S/C;0,2;6;10;2;;;3;6;2;;;1;1
8;2;19;36;36041;;3;2;No inventariada;;9;4;2;;;1;1;1;;;1;998
9;5;10;36;36041;;3;2;No inventariada;;9;16;2;;;1;1;1;;;1;998
10;5;15;36;36041;;1;1;PO-308;1,4;6;4;2;;;1;1;2;;;1;1
11;3;17;36;36041;;1;1;PO-308;2,05;6;2;1;1;;1;1;1;;;1;1
11;4;7;36;36041;;1;1;PO-308;5,3;6;4;2;;;1;1;1;;;1;1
11;4;20;36;36038;;1;1;PO-531;0,8;6;4;1;4;;3;4;3;;;5;2
12;1;16;36;36041;;1;1;PO-535;0;6;7;1;4;;1;1;1;;;1;1
12;4;23;36;36041;;1;1;PO-531;0,21;6;4;2;;;1;4;1;;;1;1
1;5;13;36;36042;;1;1;PO-254;3;6;1;2;;;1;1;1;;;1;1
1;7;13;36;36042;;2;2;N-120;644,9;6;2;1;2;EP-2703;1;1;2;;;1;1
2;7;8;36;36042;;1;1;N-120;640,609;6;12;2;;;1;1;1;1;;1;1
2;7;12;36;36042;;1;1;N-120;645,8;6;2;1;2;;1;1;1;;;1;3
2;7;22;36;36042;;1;1;PO-402;15,1;6;16;2;;;1;6;1;;;1;1
2;6;17;36;36042;;1;1;PO-403;9,846;6;12;2;;;3;1;2;;;1;1
1;4;8;36;36042;;2;2;N-120;644;6;7;2;;;3;3;2;;;5;1
1;6;18;36;36042;;3;2;No inventariada;;9;16;2;;;1;1;1;;;1;998
1;5;6;36;36042;;2;2;N-120;644,5;6;4;2;;;1;4;2;;;1;1
3;7;8;36;36042;;1;1;PO-254;4,2;6;19;2;;;3;2;4;;;1;2
3;5;19;36;36042;;1;1;A-52;298,6;3;4;2;;;1;1;1;;;14;1
5;4;17;36;36042;;1;1;N-120;649,2;6;3;2;;;3;1;3;;;1;1
5;2;9;36;36042;;1;1;S/C-PO3603;0,8;10;3;2;;;3;1;3;;;4;3
5;6;9;36;36042;;1;1;N-120;647,895;6;4;2;;;1;1;1;;;1;1
5;4;20;36;36042;;1;1;EP-2703;5,825;6;14;2;;;1;1;1;;;1;3
6;2;12;36;36042;;1;1;S/C-PO3603;1,5;10;19;2;;;1;1;1;;;1;1
6;6;22;36;36042;;1;1;N-120;639,207;6;15;2;;;1;6;2;;;1;2
6;2;21;36;36042;;1;1;N-120;649,7;6;2;1;2;;1;1;1;;;1;1
2;6;17;36;36042;;3;2;No inventariada;;9;3;2;;;1;1;2;;;1;998
7;5;10;36;36042;;1;1;PO-403;8,5;6;2;1;2;;1;1;1;;;1;1
8;4;20;36;36042;;1;1;N-120;641,1;6;2;2;;;1;1;1;;;1;1
8;3;22;36;36042;;1;1;N-120;641,896;6;19;2;;;1;6;1;;;1;3
7;4;9;36;36050;;1;1;EP-4006;4,7;6;10;2;;;1;1;1;;;1;3
8;5;22;36;36042;;1;1;PO-254;3,3;6;19;2;;;1;4;1;;;1;3
9;1;21;36;36042;;1;1;PO-SC/3603;1,2;10;18;2;;;1;6;1;;;5;1
3;4;15;36;36042;;2;2;N-120;644,4;6;1;2;;;3;1;3;;;1;1
3;1;16;36;36042;;3;2;No inventariada;;9;4;1;4;N-120;1;1;1;;;18;998
3;6;20;36;36042;;3;2;No inventariada;;9;7;2;;;3;4;3;;;18;998
4;2;21;36;36042;;2;2;N-120;643,7;6;1;2;;;1;4;1;;;1;1
7;1;9;36;36042;;3;2;No inventariada;;9;2;1;2;;1;1;1;;;18;998
7;7;12;36;36042;;2;2;N-120;644,6;6;3;1;4;;1;1;1;;;18;2
7;5;14;36;36042;;3;2;No inventariada;;9;2;2;;;1;1;1;;;1;998
8;6;12;36;36042;;3;2;No inventariada;;9;4;1;4;N-120;1;1;1;;;1;998
6;5;9;36;36042;;1;1;CVVALBOA1;0,1;10;1;2;;;1;1;1;;;4;3
8;2;11;36;36042;;2;2;N-120;644,5;6;4;2;;;1;1;1;;;1;1
9;4;16;36;36042;;1;1;N-120;646,2;6;5;2;;;3;1;3;;;1;1
10;4;7;36;36042;;1;1;N-120;639,2;6;12;2;;;3;6;3;;;1;2
9;7;22;36;36042;;2;2;N-120;643,7;6;16;1;2;;1;4;2;;;1;1
10;3;8;36;0;;1;1;N-120;638,221;6;16;2;;;3;3;4;1;1;4;2
10;6;10;36;36042;;1;1;PO-403;8,5;6;2;1;2;A-52;1;1;1;;;1;1
10;2;8;36;36042;;1;1;PO-403;8;6;2;1;2;;1;1;1;1;;1;2
11;2;19;36;36042;;1;1;PO-403;8,5;6;1;1;1;A-52;3;5;3;;;1;1
11;6;7;36;36042;;1;1;PO-403;8,1;6;2;2;;;1;1;1;1;;5;3
10;4;17;36;36042;;2;2;N-120;644,8;6;2;1;2;EP-2703;3;1;3;;;18;4
11;1;6;36;36042;;1;1;A-52;294,8;3;6;2;;;3;6;2;1;;1;2
11;4;8;36;36042;;1;1;PO-254;0,3;6;4;2;;;1;1;1;;;1;1
12;7;19;36;36042;;1;1;A-52;293;3;15;2;;;1;6;1;;;1;2
12;5;21;36;36042;;1;1;EP-2703;14,1;6;2;2;;;1;4;1;;;1;1
12;3;16;36;36042;;1;1;A-52;293;3;4;2;;;3;1;4;;;5;1
12;7;3;36;36042;;1;1;PO-254;5,5;6;2;2;;;8;4;1;1;;1;3
12;5;18;36;36042;;1;1;N-120;650,995;6;14;2;;;3;5;1;;;1;2
1;7;19;36;36043;;1;1;EP-0205;1,3;6;2;2;;;3;6;3;2;;5;3