MES;DIA_SEMANA;HORA;COD_PROVINCIA;COD_MUNICIPIO;ISLA;ZONA;ZONA_AGRUPADA;CARRETERA;KM;TIPO_VIA;TIPO_ACCIDENTE;NUDO;NUDO_INFO;CARRETERA_CRUCE;CONDICION_FIRME;CONDICION_ILUMINACION;CONDICION_METEO;CONDICION_NIEBLA;CONDICION_VIENTO;VISIB_RESTRINGIDA_POR;TRAZADO_PLANTA
6;4;12;36;36043;;1;1;PO-532;9,878;5;4;2;;;1;1;1;;;1;1
12;7;11;36;36043;;1;1;PO-255;2;6;14;2;;;1;1;1;;;1;3
12;6;17;36;36043;;1;1;PO-244;4,9;6;3;1;1;;1;1;1;;;1;1
12;1;22;36;36043;;1;1;PO-532;10,8;6;2;1;2;;1;4;1;;;1;2
2;5;13;36;0;;1;1;N-550;85;6;2;1;4;PO-548;3;1;3;;;14;2
5;1;13;36;0;;1;1;N-550;84;6;4;2;;;1;1;1;;;1;1
6;1;19;36;0;;1;1;N-550;84,23;6;16;2;;;3;1;3;;;9;1
9;1;17;36;0;;1;1;N-550;84,4;6;5;2;;;1;1;1;;;1;1
9;3;12;36;0;;1;1;N-550;84,604;6;7;1;1;PO-214;1;1;1;;;9;1
1;4;20;36;36045;;1;1;POSD36003;0;10;19;2;;;3;4;3;;;5;3
1;6;11;36;36045;;1;1;N-552;2,505;6;16;2;;;3;1;4;;;1;1
1;2;17;36;36045;;1;1;AP-9;151,2;2;3;1;12;AP-9V;3;1;2;;;1;2
2;3;17;36;36045;;1;1;N-555;4,6;6;16;2;;;1;1;2;;;1;2
2;7;18;36;36045;;1;1;N-552;4,2;6;1;2;;;1;1;1;;;6;2
1;3;18;36;36045;;3;2;No inventariada;;9;7;2;;;1;3;2;;;1;998
3;5;19;36;36045;;1;1;S/C-PO3604;4,1;10;19;2;;;3;6;4;1;1;1;1
3;2;8;36;36045;;1;1;AP-9;148,4;1;4;2;;;1;1;2;1;;1;1
3;5;2;36;36045;;1;1;N-550;139,893;6;15;2;;;3;4;3;;;1;3
4;1;14;36;36045;;1;1;N-555;5;6;3;1;2;;3;1;2;;;1;1
4;4;17;36;36045;;1;1;N-552;6,7;6;2;1;2;;1;1;1;;;1;1
4;5;19;36;36045;;1;1;N-552;4,171;6;16;2;;;1;1;1;;;1;3
4;1;7;36;36045;;1;1;S/C-PO3604;0,1;10;1;1;4;;1;1;1;;;1;2
1;5;6;36;36045;;3;2;No inventariada;;9;4;1;2;;1;4;1;;;1;998
1;6;20;36;36045;;3;2;No inventariada;;9;7;1;2;;1;4;1;;;9;998
5;4;15;36;36045;;1;1;AP-9;147,5;1;4;2;;;3;1;3;;;1;1
5;7;16;36;36045;;1;1;N-552;3,4;6;3;2;;;1;1;2;;;1;1
2;7;14;36;36045;;3;2;No inventariada;;7;19;2;;;1;1;1;;;1;998
5;3;11;36;36045;;1;1;N-550;136,039;6;12;2;;;1;1;1;;;4;2
1;7;11;36;36045;;3;2;No inventariada;;9;5;2;;;1;1;2;;;1;998
6;2;14;36;36045;;1;1;N-550;138,86;6;4;2;;;1;1;1;;;1;1
2;5;17;36;36045;;3;2;No inventariada;;9;5;2;;;1;1;1;;;1;998
6;1;15;36;36045;;1;1;AP-9;151,3;2;4;1;2;;1;1;1;;;1;1
6;4;19;36;36045;;1;1;N-552;4,6;6;4;1;4;N-552;1;1;1;;;1;1
3;6;13;36;36045;;3;2;No inventariada;;9;14;2;;;2;1;4;;;1;998
4;2;19;36;36045;;3;2;No inventariada;;9;7;2;;;1;1;1;;;1;998
7;7;18;36;36045;;1;1;AP-9;149,4;1;12;2;;;1;1;1;;;1;2
2;4;2;36;36045;;3;2;No inventariada;;9;18;2;;;3;4;3;;;1;998
7;1;21;36;36045;;1;1;S-C/PO;3;10;15;2;;;1;1;1;;;4;2
7;1;17;36;36045;;1;1;N-550;145;6;3;2;;;1;1;1;;;1;3
8;3;17;36;36045;;1;1;PO-250;3,473;6;4;2;;;1;1;1;;;1;1
8;6;21;36;36045;;1;1;SC/PO-3603;0,1;14;10;2;;;8;3;1;;;1;1
4;2;16;36;36045;;3;2;No inventariada;;9;19;2;;;1;1;1;;;1;998
4;3;10;36;36045;;3;2;No inventariada;;7;20;2;;;1;1;1;;;1;998
8;1;23;36;36045;;1;1;N-550;140,2;6;2;2;;;1;4;1;;;4;2
4;4;22;36;36045;;3;2;No inventariada;;9;1;1;2;;1;4;1;;;2;998
4;6;10;36;36045;;3;2;No inventariada;;9;5;2;;;1;1;1;;;1;998
9;1;7;36;36045;;1;1;N-555;1,9;6;12;2;;;1;3;1;;;1;1
9;2;20;36;36057;;1;1;N-555;6,5;6;4;2;;;1;1;2;;;1;1
5;4;11;36;36045;;3;2;No inventariada;;9;4;2;;;3;1;3;;;1;998
4;6;19;36;36045;;3;2;No inventariada;;9;7;2;;;1;1;1;;;1;998
5;5;15;36;36045;;1;1;N-550;142;6;4;1;2;N-550;3;1;3;;;18;3
5;5;19;36;36045;;3;2;No inventariada;;9;5;1;4;;1;1;1;;;1;998
5;6;14;36;36045;;3;2;No inventariada;;7;4;2;;;1;1;2;;;1;998
5;4;11;36;36045;;1;1;N-550;142,9;6;3;1;2;;1;1;1;;;9;1
6;5;10;36;36045;;3;2;No inventariada;;9;2;2;;;1;1;1;;;12;998
6;1;8;36;36045;;3;2;No inventariada;;9;19;2;;;2;1;1;;;1;998
6;6;18;36;36045;;3;2;No inventariada;;9;5;1;2;;1;1;2;;;1;998
6;3;14;36;36045;;3;2;No inventariada;;9;4;2;;;1;1;1;;;1;998
6;3;19;36;36045;;1;1;N-552;0,8;6;16;2;;;1;1;1;;;1;1
10;5;14;36;36045;;1;1;N-552;6,2;6;3;1;2;;1;1;2;;;1;3
5;2;10;36;36045;;3;2;No inventariada;;9;2;1;2;;1;1;1;;;1;998
7;2;14;36;36045;;3;2;No inventariada;;9;16;2;;;3;1;3;;;1;998
7;7;22;36;36045;;3;2;No inventariada;;9;6;1;2;;1;1;1;;;1;998
7;5;13;36;36045;;3;2;No inventariada;;9;5;1;4;;1;1;1;;;1;998
7;1;21;36;36045;;3;2;No inventariada;;9;7;2;;;1;1;1;;;18;998
4;5;12;36;36045;;1;1;N-550;138,7;6;;1;2;;999;999;999;;;999;999
7;1;18;36;36045;;1;1;N-552;0,1;6;3;1;12;N-550;1;1;1;;;1;2
10;4;13;36;36045;;1;1;S/C-3604;0,1;10;1;2;;;1;1;2;;;4;3
7;2;8;36;36045;;3;2;No inventariada;;9;4;1;2;;1;1;1;;;1;998
8;1;15;36;36045;;1;1;N-552;0,1;6;2;1;1;N-550;1;1;1;;;1;2
9;7;11;36;36045;;3;2;No inventariada;;9;3;1;2;;1;1;1;;;1;998
9;4;9;36;36045;;3;2;No inventariada;;7;4;2;;;1;1;1;;;1;998
8;3;15;36;36045;;3;2;No inventariada;;9;7;1;2;;1;1;1;;;1;998
10;6;20;36;36045;;3;2;No inventariada;;9;2;2;;;1;4;1;;;18;998
11;3;14;36;36045;;3;2;No inventariada;;14;2;1;2;;1;1;2;;;4;998
12;1;15;36;36045;;1;1;N-552;6,4;6;19;2;;;1;1;1;;;6;2
11;4;16;36;36045;;3;2;No inventariada;;7;7;1;2;N-550;1;1;1;;;1;998
12;1;14;36;36045;;3;2;No inventariada;;9;10;2;;;1;1;1;;;1;998
12;4;18;36;36045;;1;1;N-555;3,7;6;16;2;;;3;4;1;;;4;2
1;4;9;36;36046;;3;2;No inventariada;;9;1;2;;;3;1;2;;;4;998
1;6;12;36;36046;;1;1;EP-9506;0,01;6;2;2;;;1;1;1;;;2;1
2;7;3;36;36046;;1;1;VG-4.2;1,95;4;3;2;;;3;6;2;;;1;3
3;7;9;36;36046;;1;1;EP-9502;0,7;6;16;2;;;3;1;2;;;4;3
3;1;17;36;36046;;1;1;VG-4.2;1,3;4;5;2;;;3;1;2;;;1;1
4;6;9;36;36046;;1;1;VG-4.2;1,1;4;10;1;4;EP-9305;8;1;1;;;1;1
4;7;2;36;0;;1;1;EP-9402;7;6;2;1;1;;1;4;2;;;1;1
6;7;20;36;36046;;1;1;EP-9305;4,8;6;7;2;;;1;1;1;;;1;1
7;1;13;36;36027;;1;1;AG-41;10,7;3;10;2;;;1;1;1;;;1;3
8;2;20;36;36046;;1;1;EP-9509;1;6;16;2;;;1;1;1;;;1;1
8;1;10;36;36046;;1;1;EP-9305;4,6;6;1;1;2;EP-9509;1;1;1;;;1;1
9;2;19;36;36046;;1;1;EP-9508;1,6;6;3;1;1;;1;1;1;;;1;1
9;3;9;36;36027;;1;1;EP-9305;2,7;6;16;2;;;1;1;1;;;1;2
9;2;13;36;36046;;1;1;EP-9305;3,4;6;19;1;2;;3;1;2;;;1;1
10;7;0;36;36046;;1;1;AG-41;10,2;3;16;2;;;3;6;2;;;1;3
11;5;23;36;36046;;1;1;EP-9501;1,7;6;13;2;;;3;4;3;;;4;3
4;2;13;36;0;;1;1;PO-533;12,473;6;18;2;;;1;1;1;;;1;1
8;5;22;36;0;;1;1;PO-533;20,5;6;8;2;;;1;6;1;;;5;1
3;6;12;36;36048;;1;1;S/C-PO3603;0,3;10;2;1;2;;3;1;2;;;1;1
4;5;19;36;36048;;1;1;PO-552;54,3;6;4;2;;;1;1;1;;;1;1
7;4;8;36;36048;;1;1;PO-353;4,2;6;2;2;;;1;1;1;;;1;2
8;1;7;36;36048;;1;1;PO-552;49,888;6;20;1;4;;1;2;1;;;1;1
8;1;13;36;36048;;1;1;EP-3302;4,5;6;19;2;;;1;1;1;;;1;2
9;1;7;36;36048;;1;1;PO/SST3603;0,3;10;12;2;;;3;2;2;;;1;1
9;4;1;36;36048;;1;1;CG-4.2;6,2;4;16;1;4;;3;4;4;;;5;2
10;5;6;36;36048;;1;1;CG-4.2;6,5;4;12;1;4;;3;4;2;;;1;1
1;3;17;36;36049;;1;1;No inventariada;0,8;10;6;1;2;;1;2;2;;;1;1
1;4;15;36;36049;;1;1;PO-407;4,6;6;4;2;;;3;1;2;;;1;1
3;6;23;36;36049;;1;1;SC/PO003;0,3;10;1;2;;;1;4;1;;;1;3
6;1;1;36;36049;;1;1;EP-2503;1,328;6;14;2;;;1;4;1;;;1;1
6;4;17;36;36049;;1;1;EP-2501;0,2;6;1;2;;;1;1;1;;;4;3
6;2;18;36;36049;;1;1;EP-2501;0,856;6;2;1;2;;1;1;2;;;1;1
7;7;11;36;36049;;1;1;A-55;24;3;12;2;;;1;1;1;;;1;1
7;7;11;36;36049;;1;1;EP-2503;1,9;6;1;1;2;;1;1;1;;;4;3
7;2;21;36;36049;;1;1;PO-407;4,1;6;2;1;2;;1;3;1;;;2;2
8;2;16;36;36049;;1;1;PO-411;5,121;6;1;1;1;;1;1;1;;;1;1
9;5;16;36;36049;;1;1;PO-407;2,9;6;2;2;;;3;1;3;;;1;3
11;7;11;36;36049;;1;1;EP-2505;2,2;6;2;1;2;;1;1;1;;;1;3
1;6;7;36;36050;;1;1;PO-510;13,5;6;2;1;4;;1;6;1;;;1;3
2;4;16;36;36050;;1;1;A-52;289,702;3;12;2;;;1;1;1;;;1;2
2;2;9;36;36050;;1;1;EP-0000 OS;4,5;10;15;2;;;3;1;3;;;1;1
3;3;22;36;36050;;1;1;PO-402;0,8;6;16;2;;;1;5;1;;;12;1
3;7;15;36;36050;;3;2;No inventariada;;9;2;1;1;;1;1;2;;;9;998
4;3;16;36;36050;;1;1;PO-510;14,6;6;1;2;;;1;1;1;;;1;3
5;3;11;36;36050;;3;2;No inventariada;;9;2;1;4;;3;1;3;;;1;998
5;6;12;36;36050;;1;1;PO-403;3,9;6;2;1;5;;3;1;2;;;1;1
5;2;10;36;36050;;1;1;PO-510;9,1;6;18;2;;;3;1;3;;;1;2
6;6;20;36;36050;;1;1;A-52;289,8;3;12;2;;;3;1;3;;;1;3
6;5;8;36;0;;1;1;A-52;289;3;16;2;;;3;1;3;;;1;2
6;1;18;36;36050;;1;1;A-52;289,5;3;2;2;;;1;1;1;;;1;1
6;1;19;36;36050;;1;1;A-52;289,5;3;7;2;;;1;1;1;;;1;3
6;4;15;36;36050;;1;1;PO-510;11,3;6;3;2;;;1;1;1;;;1;3
6;5;19;36;36050;;1;1;A-52;289,3;3;14;2;;;1;1;1;;;1;1
7;7;12;36;36050;;1;1;S/C-PO3603;94;10;20;2;;;1;1;1;;;1;1
8;7;7;36;36050;;1;1;PO/DTT;0;5;16;2;;;1;6;1;;;1;1
8;2;5;36;36050;;1;1;EP-4005;12,09;6;2;1;2;;1;6;1;;;1;2
8;5;23;36;36050;;1;1;PO-403;4,5;6;8;2;;;1;5;1;;;1;1
8;7;19;36;36050;;1;1;PO-510;10;6;3;2;;;1;1;1;;;1;1
9;5;5;36;36050;;1;1;PO/SST3603;0,2;10;15;1;4;;2;6;1;;;1;2
11;2;14;36;36050;;1;1;EP-4006;4,922;6;2;1;4;AG-51;1;1;1;;;1;1
11;4;10;36;36050;;1;1;PO-403;1,2;6;4;2;;;1;1;1;;;1;3
11;7;0;36;0;;1;1;A-52;288,187;3;18;2;;;1;6;1;;;1;1
1;3;15;36;36027;;1;1;PO-550;9,75;6;2;1;4;EP-9207;3;1;2;;;1;1
2;4;9;36;36022;;1;1;PO-316;0;5;4;1;4;;3;1;3;;;1;1
3;7;10;36;36051;;1;1;PO-308;13,8;6;14;2;;;1;1;1;;;1;3
3;7;20;36;36051;;1;1;VG-4.1;20,7;4;4;2;;;1;5;1;;;1;1
5;7;19;36;36051;;1;1;PO-308;24,8;6;9;1;2;;1;1;1;;;1;1
6;5;15;36;36051;;1;1;VG-4.1;23,38;4;19;2;;;1;1;1;;;1;1
7;5;15;36;36051;;1;1;PO-550;14,1;6;9;2;;;1;1;1;;;1;1
7;6;16;36;36051;;1;1;PO-550;10,4;6;2;1;4;;1;1;2;;;1;1
7;6;20;36;36051;;1;1;VG-4.1;19,373;4;4;2;;;3;1;1;;;1;1
7;7;12;36;36051;;1;1;VG-4.1;25,06;4;4;2;;;1;1;1;;;1;1
7;7;13;36;36051;;1;1;PO-308;20,475;6;5;1;1;;1;1;1;;;1;1
8;2;13;36;36051;;1;1;EP-9208;1,2;6;16;2;;;1;1;2;;;1;1
8;1;23;36;36051;;1;1;PO-550;13,5;6;16;2;;;1;4;2;;;4;3
8;4;6;36;36051;;1;1;VG-4.1;19,3;4;3;2;;;1;4;1;;;1;3
8;5;10;36;36051;;1;1;PO-308;21,684;6;16;1;4;PO-308;3;1;3;;;1;1
8;6;4;36;36051;;1;1;PO-308;14,5;6;4;2;;;3;4;3;;;1;1
8;7;21;36;36051;;1;1;PO-504;0,59;6;10;2;;;2;1;1;;;1;1
9;6;20;36;36051;;1;1;PO-308;20,25;6;3;2;;;1;1;1;;;6;1
9;6;20;36;36051;;1;1;PO-504;1,5;6;2;2;;;1;3;1;;;1;1
10;6;16;36;36041;;1;1;PO-303;1,1;6;19;2;;;1;1;1;;;6;1
10;2;12;36;36051;;1;1;PO-550;10,7;6;2;2;;;1;1;1;;;1;1
10;5;12;36;36027;;1;1;PO-550;10;6;2;1;2;;1;1;1;;;1;1
10;6;13;36;36051;;1;1;PO-504;2,8;6;2;1;10;SC-PO;1;1;3;;;1;1
10;3;9;36;36051;;1;1;PO-550;12,3;6;7;2;;;1;1;1;;;6;1
11;2;7;36;36051;;1;1;VG-4.1;24,079;4;18;2;;;3;2;3;;;1;2
11;2;20;36;36051;;1;1;PO-308;25,7;6;15;2;;;1;4;1;;;1;3
11;1;15;36;36051;;1;1;PO-504;0,969;6;2;1;2;PO-504;1;1;1;;;1;1
12;1;19;36;36051;;1;1;PO-308;15;6;7;2;;;1;4;1;;;17;1
12;1;13;36;36051;;1;1;PO-504;1,6;6;19;2;;;1;1;1;;;1;1
2;5;16;36;36051;;2;2;PO-550;11,45;6;7;2;;;3;1;3;;;1;1
3;2;19;36;36051;;2;2;PO-308;18,36;6;10;2;;;1;3;1;;;1;1
4;2;11;36;36051;;1;1;EP-9205;1,2;6;2;2;;;1;1;1;;;1;3
5;3;21;36;36051;;1;1;EP-9206;1,3;6;10;2;;;3;3;2;;;1;1
5;6;4;36;36051;;2;2;PO-504;1,6;6;6;2;;;1;4;1;;;1;1
2;7;10;36;36052;;1;1;LOCAL S/D;0,418;10;12;2;;;2;1;1;;;1;1
2;7;12;36;36052;;1;1;PO-201;0;6;19;1;4;EP-7201;1;1;1;;;1;3
3;6;5;36;36052;;1;1;N-525;306;6;12;2;;;3;6;1;;;1;1
4;3;13;36;36052;;1;1;EP-7201;19,3;6;14;2;;;3;1;3;;;1;1
4;6;20;36;36052;;1;1;EP-7201;14,5;6;12;2;;;1;1;1;;;1;2
7;1;11;36;36052;;1;1;AP-53;31,1;1;15;2;;;1;1;1;;;1;3
8;3;18;36;36052;;1;1;N-525;308,8;6;17;2;;;1;1;1;;;1;1
9;5;19;36;36052;;1;1;EP-7201;14,2;6;14;2;;;3;1;3;;;1;2
9;6;20;36;36052;;1;1;EP-6503;1,162;6;16;2;;;1;2;1;;;4;3
11;6;17;36;36052;;1;1;EP-7201;15,108;6;15;2;;;3;1;3;;;1;2
12;6;22;36;36052;;1;1;N-525;304,6;6;4;1;2;;3;6;2;1;;5;3
1;5;8;36;36053;;1;1;N-550;134,1;6;2;1;2;;1;3;1;;;9;1
4;5;16;36;36053;;1;1;PO-244;9,125;6;18;2;;;1;1;2;;;4;1
4;4;6;36;36053;;1;1;N-550;134;6;19;2;;;1;4;1;;;1;1
4;4;2;36;36053;;1;1;PO-244;11,5;6;12;2;;;1;4;1;;;4;3
5;7;18;36;36053;;1;1;EP-2908;8,5;6;19;2;;;1;1;1;;;4;3
6;4;9;36;36053;;2;2;N-550;134,45;6;2;2;;;1;1;2;;;1;1
8;1;18;36;36053;;1;1;PO-244;10,081;6;5;2;;;1;1;1;;;1;3
9;5;6;36;36053;;1;1;EP-2908;2,8;6;18;2;;;1;6;2;;;1;2
9;5;21;36;36053;;1;1;PO-264;2,6;6;2;1;2;;3;4;3;;;1;1
9;7;12;36;36053;;1;1;EP-2908;0,35;6;20;1;1;;3;1;3;;;1;1
11;2;16;36;36053;;1;1;N-550;133,4;6;2;2;;;1;1;1;;;1;3
11;3;12;36;36053;;1;1;EP-2909;1,1;6;4;2;;;1;1;1;;;1;1
11;5;22;36;36053;;1;1;PO-264;2,4;6;3;2;;;3;4;2;;;1;1
12;2;8;36;36053;;1;1;N-550;134,7;6;2;1;2;PO-264;3;4;2;;;1;1
2;5;10;36;36054;;1;1;PO-344;7,5;6;4;2;;;1;1;1;;;1;1
2;4;15;36;36054;;1;1;PO-552;59,5;6;2;2;;;3;1;4;;;5;1
3;2;19;36;36054;;1;1;EP-3303;4,542;6;1;1;2;;1;6;2;;;1;3
3;3;8;36;36054;;1;1;PO-552;67,2;6;20;2;;;1;1;1;;;1;1
3;5;0;36;36054;;1;1;PO-344;9,2;6;7;2;;;3;6;3;;;4;2
5;4;19;36;36054;;1;1;S-C/PO;1;10;18;2;;;1;1;1;;;1;1
6;5;22;36;36054;;1;1;PO-552;61,155;6;4;2;;;1;4;1;;;1;1
6;6;23;36;36054;;1;1;PO-552;57,8;6;3;1;4;;1;4;1;;;1;1
6;5;10;36;36054;;1;1;PO-552;61,976;6;3;1;2;;1;1;1;;;1;1
7;1;16;36;36054;;1;1;PO-552;58,2;6;3;2;;;1;1;1;;;1;1
8;6;5;36;36054;;1;1;PO-552;66,2;6;4;2;;;1;6;1;;;1;1
8;4;10;36;36054;;1;1;PO-552;58,675;6;3;1;4;;1;1;1;;;1;1
8;4;18;36;36054;;1;1;PO-552;66;6;5;2;;;1;1;1;;;1;3
8;5;13;36;36054;;1;1;PO-350;6,666;6;1;2;;;1;1;1;;;4;2
8;5;19;36;36054;;3;2;No inventariada;;14;2;1;1;;1;1;1;;;1;998
9;6;7;36;36054;;1;1;CG-4.2;0,1;4;15;2;;;3;6;3;;;1;2
9;2;17;36;36054;;1;1;PO-344;0,1;6;14;2;;;1;1;1;;;1;2
10;6;11;36;36054;;1;1;PO-553;0,5;6;4;2;;;3;1;3;;;1;1
10;5;22;36;36054;;1;1;PO-350;6,3;6;12;2;;;7;6;3;;;5;3
10;3;8;36;36054;;1;1;PO-350;2,965;6;12;2;;;3;1;3;;;4;2
6;4;10;36;36054;;3;2;No inventariada;;9;15;2;;;1;1;1;;;4;998
11;7;22;36;36054;;1;1;PO-344;9,4;6;13;2;;;3;6;1;;;1;3
11;6;4;36;36054;;1;1;CG-4.2;2;4;16;2;;;3;6;2;;;1;3
12;6;20;36;36054;;1;1;PO-552;69,151;6;4;2;;;1;4;1;;;1;1
12;4;15;36;36054;;1;1;PO-350;7,071;6;2;1;2;;1;1;1;;;1;1
1;3;0;36;36055;;1;1;EP-3001;0,1;6;19;2;;;3;5;1;;;1;3
2;5;5;36;36055;;1;1;A-55;28,914;3;4;2;;;3;6;2;;;1;1
3;2;13;36;36049;;1;1;EP-2503;1,5;6;14;2;;;2;1;1;;;4;3
3;7;3;36;36055;;1;1;A-55;27,6;3;19;2;;;1;6;2;;;4;2
4;4;7;36;36055;;1;1;AP-9;177;1;13;1;2;A-55;1;2;1;;;1;1
4;6;11;36;36055;;1;1;PO-404;0,4;6;4;2;;;1;1;2;;;1;1
4;2;11;36;36055;;1;1;A-55;29,6;3;5;1;10;;1;1;1;;;1;1
1;3;9;36;36055;;3;2;No inventariada;;9;7;2;;;1;1;1;;;6;998
2;7;19;36;36055;;3;2;No inventariada;;9;10;2;;;3;2;3;;;1;998
4;5;19;36;36055;;1;1;PO-404;1,871;6;2;1;4;;1;1;1;;;1;4
5;7;18;36;36055;;1;1;AP-9;177;1;12;1;2;;1;1;1;;;1;2
5;2;19;36;36055;;1;1;A-55;29,6;3;20;2;;;1;1;2;;;1;1
5;3;15;36;36055;;1;1;N-550;166;6;2;2;;;1;1;1;;;1;1
6;1;8;36;36055;;1;1;PO-340;2;6;1;2;;;1;1;1;;;1;3
6;1;17;36;36055;;1;1;A-55;25,1;3;16;2;;;3;1;3;;;18;2
6;4;16;36;36049;;1;1;A-55;24;3;3;2;;;1;1;1;;;1;2
6;4;19;36;36055;;1;1;PO-340;3,1;6;2;1;2;;1;1;1;;;1;3
6;7;20;36;36055;;1;1;A-55;30;3;4;1;4;;1;1;2;;;1;1
7;5;10;36;36055;;3;2;No inventariada;;11;2;2;;;1;1;1;;;1;998
4;6;21;36;36055;;3;2;No inventariada;;9;7;2;;;1;4;7;;;18;998
7;5;20;36;36055;;1;1;PO-340;1,8;6;3;1;2;;1;1;1;;;1;1
7;6;10;36;36055;;1;1;N-550;168;6;12;2;;;3;1;3;;;1;3
7;5;21;36;36055;;1;1;PO-340;3;6;2;1;2;;1;1;1;;;1;2
8;3;22;36;36055;;1;1;PO-404;2,7;6;15;2;;;1;2;1;;;1;2
8;7;20;36;36055;;1;1;PO-340;0,7;6;2;1;5;;1;1;1;;;1;1
10;2;16;36;36055;;1;1;A-55;25,051;3;6;2;;;3;1;3;;;1;2
7;1;16;36;36055;;3;2;No inventariada;;9;7;1;2;;1;1;1;;;1;998
8;4;18;36;36055;;3;2;No inventariada;;9;4;1;1;;1;1;1;;;1;998
10;3;18;36;36055;;1;1;PO-404;0,5;6;2;2;;;3;1;3;;;4;2
10;4;23;36;36055;;1;1;PO-342;3,571;6;15;2;;;3;6;2;;;1;2
10;5;9;36;36055;;1;1;PO-340;2,5;6;16;2;;;3;1;2;;;1;2
11;6;2;36;36055;;1;1;A-55;28,4;3;18;2;;;1;6;1;;;1;1
11;7;11;36;36055;;1;1;A-55;25;3;12;2;;;1;1;1;;;1;1
11;4;15;36;36055;;1;1;A-55;30,637;3;5;2;;;3;1;3;;;1;1
11;6;12;36;36055;;1;1;SC/PO;0,1;10;16;2;;;3;1;1;;;1;1
12;3;18;36;36054;;1;1;EP-3003;0,9;6;2;1;2;;1;6;2;;;4;2
1;4;18;36;36056;;1;1;PO-548;1;6;2;1;12;;1;4;1;;;1;1
1;3;14;36;36056;;1;1;PO-548;3;6;3;1;5;;1;1;1;;;1;3
3;1;15;36;36056;;1;1;PO S/C;9999;10;1;2;;;1;1;2;;;4;3
4;4;22;36;36056;;1;1;PO-548;3,6;6;8;2;;;1;6;2;;;1;1
4;4;21;36;36056;;1;1;SC/PO;1;10;16;2;;;1;4;1;;;1;1
6;4;9;36;36056;;1;1;SC/PO;0;14;1;2;;;1;1;1;;;1;3
8;6;18;36;36056;;1;1;PO-548;4,2;6;15;2;;;1;1;1;;;1;2
12;6;14;36;36056;;1;1;PO-548;2,331;6;2;1;2;;1;1;1;;;1;1
1;3;10;36;36057;;3;2;No inventariada;;9;16;2;;;1;1;1;;;1;998
1;4;6;36;36057;;3;2;No inventariada;;14;7;2;;;3;6;3;;;5;998
1;4;6;36;36057;;1;1;PO-330;6,09;6;2;1;2;;3;4;1;;;1;1
1;4;22;36;36057;;3;2;No inventariada;;14;2;1;4;;3;4;3;;;1;998
1;6;13;36;36057;;3;2;No inventariada;;9;7;1;1;;3;1;3;;;12;998
1;4;10;36;36057;;3;2;No inventariada;;9;7;2;;;1;1;1;;;1;998
1;2;10;36;36057;;1;1;A-55;4,324;3;3;2;;;3;1;3;;;5;2
1;1;18;36;36057;;3;2;No inventariada;;9;1;1;4;;3;4;3;;;5;998
1;1;21;36;36057;;3;2;No inventariada;;9;7;2;;;3;4;4;;;5;998
1;3;22;36;36057;;3;2;No inventariada;;9;10;1;1;;1;4;1;;;1;998
1;3;5;36;36057;;3;2;No inventariada;;9;12;2;;;3;4;3;;;1;998
1;1;7;36;36057;;3;2;No inventariada;;9;2;1;4;;1;4;1;;;1;998
1;3;9;36;36057;;1;1;VG-20;0;5;2;1;4;;1;1;2;;;1;1
1;1;8;36;36057;;3;2;No inventariada;;9;7;2;;;1;4;1;;;1;998
1;1;19;36;36057;;3;2;No inventariada;;14;10;2;;;2;4;1;;;1;998
1;4;9;36;36057;;3;2;No inventariada;;9;7;2;;;3;1;2;;;1;998
1;5;13;36;36057;;3;2;No inventariada;;9;10;2;;;1;1;1;;;1;998
1;7;19;36;36057;;1;1;VG-20;4,2;3;12;2;;;3;6;3;;;4;3
1;3;22;36;36057;;3;2;No inventariada;;9;2;1;4;;3;4;3;;;1;998
1;7;11;36;36057;;3;2;No inventariada;;9;7;2;;;1;1;1;;;1;998
1;2;16;36;36057;;1;1;A-55;7,9;3;4;1;2;A-55;3;1;2;;;1;1
1;1;18;36;36057;;3;2;No inventariada;;9;10;2;;;3;1;3;;;1;998
1;1;5;36;36057;;3;2;No inventariada;;7;7;1;2;;3;4;4;;;1;998
1;6;11;36;36057;;1;1;PO-552;5,6;6;1;1;1;;1;1;1;;;1;1
1;1;21;36;36057;;3;2;No inventariada;;9;2;1;4;;3;4;3;;;1;998
1;3;9;36;36057;;3;2;No inventariada;;9;4;1;2;;3;1;3;;;1;998
1;3;11;36;36057;;3;2;No inventariada;;9;12;1;2;;1;1;1;;;1;998
1;4;19;36;36057;;1;1;PO-325;3,7;6;1;2;;;1;1;1;;;1;1
1;6;12;36;36057;;3;2;No inventariada;;9;7;2;;;3;1;4;;;5;998
1;5;18;36;36057;;1;1;AP-9;152,2;2;4;2;;;1;1;1;;;1;1
1;5;21;36;36057;;3;2;No inventariada;;9;1;1;1;;1;4;1;;;1;998
1;1;21;36;36057;;3;2;No inventariada;;9;7;2;;;3;4;3;;;5;998
1;5;14;36;36057;;3;2;No inventariada;;9;2;2;;;1;1;1;;;1;998
1;3;18;36;36057;;3;2;No inventariada;;9;2;1;1;;3;4;2;;;4;998
1;7;7;36;36057;;1;1;VG-20;0,9;3;12;2;;;1;4;1;;;1;1
1;6;12;36;36057;;3;2;No inventariada;;9;7;1;1;;1;1;1;;;2;998
1;1;23;36;36057;;3;2;No inventariada;;9;10;1;1;;3;4;2;;;2;998
1;5;15;36;36057;;3;2;No inventariada;;9;2;1;7;;1;1;1;;;1;998
1;6;13;36;36057;;3;2;No inventariada;;9;3;2;;;1;1;1;;;1;998
2;1;17;36;36057;;1;1;PO-325;3,1;6;4;2;;;1;1;1;;;1;1
2;5;15;36;36057;;1;1;PO-325;6,8;6;2;1;4;;1;1;1;;;1;1
1;5;19;36;36057;;3;2;No inventariada;;9;1;2;;;1;4;1;;;9;998
1;3;21;36;36057;;3;2;No inventariada;;9;2;1;4;;4;4;4;;;5;998
1;1;14;36;36057;;3;2;No inventariada;;9;2;2;;;3;1;2;;;1;998
1;1;19;36;36057;;3;2;No inventariada;;9;7;2;;;3;4;3;;;1;998
1;2;22;36;36057;;3;2;No inventariada;;9;7;2;;;1;4;1;;;1;998
1;1;10;36;36057;;3;2;No inventariada;;9;4;2;;;1;1;1;;;1;998
1;5;9;36;36057;;3;2;No inventariada;;9;7;2;;;1;1;1;;;1;998
2;5;7;36;36057;;1;1;VG-20;4,5;3;12;2;;;3;4;4;;;1;3
2;4;12;36;36057;;3;2;No inventariada;;9;2;1;4;;3;1;3;;;1;998
1;2;18;36;36057;;3;2;No inventariada;;9;2;2;;;1;1;1;;;1;998
1;4;21;36;36057;;3;2;No inventariada;;9;10;2;;;1;4;1;;;9;998
2;5;17;36;36057;;3;2;No inventariada;;9;7;2;;;3;1;3;;;18;998
2;3;9;36;36057;;3;2;No inventariada;;9;7;2;;;3;1;3;;;18;998
1;5;12;36;36057;;3;2;No inventariada;;9;12;1;2;;1;1;1;;;1;998