MES;DIA_SEMANA;HORA;COD_PROVINCIA;COD_MUNICIPIO;ISLA;ZONA;ZONA_AGRUPADA;CARRETERA;KM;TIPO_VIA;TIPO_ACCIDENTE;NUDO;NUDO_INFO;CARRETERA_CRUCE;CONDICION_FIRME;CONDICION_ILUMINACION;CONDICION_METEO;CONDICION_NIEBLA;CONDICION_VIENTO;VISIB_RESTRINGIDA_POR;TRAZADO_PLANTA
2;5;13;36;36057;;3;2;No inventariada;;9;10;2;;;3;1;3;;;1;998
2;2;13;36;36057;;3;2;No inventariada;;9;3;2;;;1;1;1;;;1;998
2;5;11;36;36057;;1;1;EP-2005;1,647;6;12;2;;;3;1;2;;;1;1
1;1;21;36;36057;;3;2;No inventariada;;9;2;1;1;;1;4;1;;;18;998
2;5;7;36;36057;;3;2;No inventariada;;9;2;1;2;;3;3;2;;;1;998
2;5;12;36;36057;;3;2;No inventariada;;9;10;1;1;;8;1;1;;;1;998
2;1;20;36;36057;;3;2;No inventariada;;9;4;1;2;;1;4;1;;;18;998
2;1;18;36;36057;;3;2;No inventariada;;9;3;1;4;;1;1;1;;;1;998
2;3;21;36;36057;;3;2;No inventariada;;9;3;1;2;;1;4;1;;;1;998
2;5;8;36;36057;;1;1;AP-9;154;1;16;2;;;3;4;4;;;1;3
2;7;11;36;36057;;1;1;A-55;2,7;3;3;2;;;3;1;4;;;1;1
1;6;20;36;36057;;3;2;No inventariada;;9;7;2;;;1;4;1;;;1;998
2;7;13;36;36057;;3;2;No inventariada;;9;10;1;4;;1;1;1;;;4;998
2;4;5;36;36057;;3;2;No inventariada;;9;2;1;7;;3;4;1;;;1;998
2;2;14;36;36057;;1;1;PO-552;2,7;6;7;2;;;1;1;1;;;2;1
1;4;20;36;36057;;3;2;No inventariada;;9;16;2;;;1;4;1;;;1;998
2;3;11;36;36057;;1;1;PO-325;3,6;6;1;2;;;1;1;1;;;1;2
1;2;15;36;36057;;3;2;No inventariada;;9;4;1;4;;3;1;2;;;1;998
1;3;13;36;36057;;3;2;No inventariada;;14;2;2;;;1;1;1;;;1;998
3;5;14;36;36057;;1;1;AP-9;152;2;5;2;;;3;4;3;;;17;1
2;2;17;36;36057;;3;2;No inventariada;;9;2;2;;;1;1;1;;;1;998
2;5;13;36;36057;;3;2;No inventariada;;9;2;1;2;;3;1;2;;;1;998
2;1;12;36;36057;;3;2;No inventariada;;9;7;1;2;;1;1;1;;;1;998
2;1;19;36;36057;;3;2;No inventariada;;9;1;1;2;;3;4;3;;;1;998
1;3;22;36;36057;;3;2;No inventariada;;9;6;2;;;3;4;3;;1;1;998
2;4;8;36;36057;;3;2;No inventariada;;9;10;2;;;8;1;4;;;1;998
1;7;21;36;36057;;3;2;No inventariada;;9;2;1;2;;1;4;1;;;1;998
3;6;16;36;36057;;3;2;No inventariada;;14;1;1;1;;1;4;7;;;3;998
3;5;17;36;36057;;3;2;No inventariada;;9;2;1;2;;3;1;3;;;1;998
2;3;9;36;36057;;3;2;No inventariada;;9;3;1;2;;1;1;1;;;1;998
2;4;8;36;36057;;3;2;No inventariada;;9;7;2;;;3;4;3;;;5;998
1;2;12;36;36057;;3;2;No inventariada;;9;3;1;1;;1;1;1;;;1;998
2;4;11;36;36057;;3;2;No inventariada;;9;2;1;2;;3;1;4;;;4;998
2;5;14;36;36057;;3;2;No inventariada;;9;2;1;4;;1;1;1;;;1;998
2;2;14;36;36057;;3;2;No inventariada;;9;15;1;4;;1;1;1;;;1;998
2;5;19;36;36057;;3;2;No inventariada;;9;2;2;;;3;4;4;;;1;998
3;2;16;36;36057;;3;2;No inventariada;;9;3;1;4;;1;1;2;;;1;998
3;6;23;36;36057;;3;2;No inventariada;;9;4;2;;;3;4;3;;;1;998
3;4;21;36;36057;;1;1;AP-9;161,5;1;1;2;;;3;6;1;;;1;3
3;2;16;36;36057;;3;2;No inventariada;;9;3;1;1;;1;1;2;;;1;998
3;6;6;36;36057;;1;1;AP-9;156,7;2;12;2;;;3;6;4;;;5;1
3;6;13;36;36057;;1;1;AP-9;159,4;2;4;2;;;3;1;4;;;1;1
3;3;13;36;36057;;3;2;No inventariada;;9;4;1;2;;1;1;1;;;1;998
3;1;18;36;36057;;1;1;PO-325;2,281;6;3;1;2;;1;1;1;;;1;1
2;3;21;36;36057;;3;2;No inventariada;;9;3;2;;;1;4;1;;;1;998
3;4;23;36;36057;;3;2;No inventariada;;7;4;1;4;;3;4;1;;;1;998
3;1;15;36;36057;;3;2;No inventariada;;9;7;2;;;1;1;1;;;9;998
3;1;20;36;36057;;3;2;No inventariada;;9;7;1;1;;1;4;1;;;1;998
3;1;21;36;36057;;1;1;AP-9;157,8;2;12;1;2;N-555;1;6;1;;;1;2
3;7;16;36;36057;;3;2;No inventariada;;9;7;2;;;1;1;2;;;9;998
3;5;12;36;36057;;3;2;No inventariada;;9;3;2;;;1;1;1;;;1;998
3;7;6;36;36057;;3;2;No inventariada;;7;7;2;;;1;4;1;;;1;998
2;4;21;36;36057;;3;2;No inventariada;;14;2;2;;;3;4;1;;;1;998
3;7;20;36;36057;;3;2;No inventariada;;9;2;1;4;;1;4;1;;;1;998
3;3;13;36;36057;;3;2;No inventariada;;9;2;1;4;;1;1;1;;;1;998
3;3;9;36;36057;;3;2;No inventariada;;9;3;2;;;1;1;1;;;1;998
3;6;1;36;36057;;3;2;No inventariada;;9;16;2;;;1;4;1;;;18;998
3;2;9;36;36057;;3;2;No inventariada;;9;7;2;;;1;1;1;;;9;998
3;4;15;36;36057;;3;2;No inventariada;;9;3;1;4;AP-9;1;1;1;;;1;998
3;5;18;36;36057;;3;2;No inventariada;;9;3;2;;;1;1;1;;;1;998
3;6;10;36;36057;;3;2;No inventariada;;9;10;1;1;;7;1;1;;;1;998
3;6;23;36;36057;;1;1;AP-9;153,4;1;12;2;;;8;4;5;;;1;3
3;7;0;36;36057;;1;1;VG-20;3,8;3;7;2;;;3;6;1;;;1;3
4;1;15;36;36057;;3;2;No inventariada;;9;1;2;;;1;1;1;;;1;998
4;1;19;36;36057;;3;2;No inventariada;;9;7;2;;;1;1;2;;;9;998
3;5;14;36;36057;;3;2;No inventariada;;9;2;1;4;;1;1;1;;;1;998
3;3;8;36;36057;;3;2;No inventariada;;9;4;1;4;;1;1;2;;;1;998
3;7;22;36;36057;;3;2;No inventariada;;9;9;2;;;1;4;2;;;1;998
2;6;17;36;36057;;3;2;No inventariada;;9;16;2;;;1;5;2;;;1;998
3;1;11;36;36057;;3;2;No inventariada;;9;4;1;2;;3;1;2;;;1;998
4;6;15;36;36057;;1;1;PO-330;2,8;6;2;1;2;;1;1;1;;;1;2
3;6;18;36;36057;;3;2;No inventariada;;9;3;1;4;;3;1;2;;;1;998
3;2;18;36;36057;;3;2;No inventariada;;9;2;2;;;1;1;2;;;1;998
3;1;20;36;36057;;3;2;No inventariada;;9;7;2;;;1;4;1;;;1;998
4;4;7;36;36057;;1;1;AP-9;152,5;2;4;2;;;1;3;1;;;1;1
4;4;15;36;36057;;1;1;VG-20;5,8;3;12;2;;;1;1;1;;;1;1
4;5;22;36;36057;;1;1;VG-20;1,924;3;19;1;4;;1;4;1;;;1;4
4;2;13;36;36057;;3;2;No inventariada;;9;10;2;;;2;1;1;;;1;998
4;2;12;36;36057;;3;2;No inventariada;;9;7;1;2;;1;1;1;;;1;998
4;3;14;36;36057;;3;2;No inventariada;;9;2;1;1;;1;1;1;;;9;998
4;6;14;36;36057;;3;2;No inventariada;;9;2;2;;;1;1;1;;;1;998
4;6;18;36;36057;;1;1;PO-325;2,8;6;2;1;2;;1;1;1;;;2;3
4;4;16;36;36057;;3;2;No inventariada;;9;2;1;1;;1;1;1;;;1;998
4;1;19;36;36057;;3;2;No inventariada;;9;1;1;2;;1;1;1;;;1;998
4;7;21;36;36057;;3;2;No inventariada;;7;4;1;2;;1;2;1;;;1;998
4;2;7;36;36057;;3;2;No inventariada;;9;18;2;;;1;2;1;;;18;998
4;3;20;36;36057;;3;2;No inventariada;;9;2;1;4;;1;1;1;;;1;998
4;6;19;36;36057;;3;2;No inventariada;;7;2;1;2;;1;1;1;;;1;998
4;3;22;36;36057;;3;2;No inventariada;;9;7;1;1;;1;4;1;;;1;998
4;4;8;36;36057;;1;1;AP-9;155,8;2;4;2;;;1;1;1;;;1;3
4;3;14;36;36057;;3;2;No inventariada;;9;4;2;;;1;1;1;;;1;998
4;1;10;36;36057;;3;2;No inventariada;;9;7;2;;;1;1;1;;;1;998
4;1;15;36;36057;;3;2;No inventariada;;14;6;2;;;1;1;1;;;1;998
5;3;14;36;36057;;1;1;PO-552;6,192;6;15;2;;;3;1;3;;;1;3
4;6;3;36;36057;;3;2;No inventariada;;9;16;2;;;1;4;1;;;1;998
5;3;17;36;36057;;1;1;AP-9;154;1;3;2;;;3;1;3;;;1;3
4;1;11;36;36057;;3;2;No inventariada;;9;10;2;;;1;1;1;;;1;998
5;7;19;36;36057;;3;2;No inventariada;;9;7;1;2;;1;1;1;;;1;998
5;7;15;36;36057;;1;1;AP-9V;1;1;12;1;12;AP-9;3;1;4;;;1;3
5;1;16;36;36057;;1;1;VG-20;11,6;3;3;2;;;1;1;1;;;1;2
3;2;13;36;36057;;3;2;No inventariada;;14;7;1;4;;3;1;4;;;1;998
4;3;19;36;36057;;3;2;No inventariada;;9;7;2;;;1;1;1;;;6;998
5;3;13;36;36057;;3;2;No inventariada;;9;3;1;1;;1;1;1;;;4;998
2;3;21;36;36057;;3;2;No inventariada;;9;7;2;;;1;4;1;;;1;998
4;5;17;36;36057;;3;2;No inventariada;;9;7;1;1;;1;1;1;;;1;998
5;5;8;36;36045;;1;1;AP-9;150;1;4;2;;;1;4;1;;;1;1
5;7;18;36;36057;;3;2;No inventariada;;9;2;2;;;1;1;1;;;1;998
5;7;21;36;36057;;1;1;S/C-PO3603;0,7;14;19;2;;;1;5;1;;;1;3
5;5;16;36;36057;;3;2;No inventariada;;9;4;2;;;1;1;1;;;1;998
5;3;7;36;36057;;1;1;VG-20;12,292;3;15;2;;;3;1;2;;;1;3
5;3;12;36;36057;;1;1;VG-20;12,2;3;19;2;;;3;1;3;;;1;2
5;1;14;36;36057;;1;1;AP-9;158;2;4;1;10;;1;1;1;;;1;3
5;6;22;36;36057;;3;2;No inventariada;;9;2;1;4;;1;4;1;;;1;998
5;5;18;36;36057;;3;2;No inventariada;;9;4;2;;;1;1;1;;;1;998
5;5;10;36;36057;;1;1;PO-325;8,7;6;10;2;;;1;1;1;;;1;1
3;5;21;36;36057;;3;2;No inventariada;;14;7;1;4;;3;4;2;;;1;998
5;4;16;36;36057;;1;1;PO-552;2,6;6;7;2;;;1;1;1;;;1;1
5;7;23;36;36057;;3;2;No inventariada;;9;2;1;1;;1;4;2;;;1;998
5;1;18;36;36057;;3;2;No inventariada;;9;7;2;;;1;1;1;;;1;998
5;5;15;36;36057;;1;1;PO-325;7,8;6;2;1;4;;1;1;1;;;1;1
5;6;13;36;36057;;1;1;N-556;7,845;6;12;1;4;EP-2603;1;1;1;;;1;1
5;5;18;36;36057;;1;1;AP-9;156;2;5;2;;;1;1;1;;;1;1
5;7;0;36;36057;;1;1;VG-20;6,7;3;8;2;;;3;5;2;;;1;1
4;2;22;36;36057;;3;2;No inventariada;;9;7;1;1;;1;5;1;;;1;998
2;4;8;36;36057;;3;2;No inventariada;;7;7;2;;;3;1;2;;;16;998
4;1;11;36;36057;;3;2;No inventariada;;9;1;1;2;;1;1;1;;;1;998
5;3;14;36;36057;;3;2;No inventariada;;9;3;2;;;1;1;1;;;1;998
5;2;17;36;36057;;1;1;PO-552;5,4;6;4;2;;;1;1;1;;;1;1
5;3;9;36;36057;;1;1;VG-20;4,4;3;4;2;;;1;1;1;;;1;1
5;2;17;36;36057;;3;2;No inventariada;;9;2;1;4;;1;1;1;;;1;998
5;5;20;36;36057;;1;1;PO-552;3,1;6;4;2;;;1;1;1;;;1;1
6;6;16;36;36057;;1;1;A-55;5,2;3;12;2;;;1;1;1;;;18;2
6;7;8;36;36057;;1;1;AP-9V;1,1;1;10;2;;;1;1;1;;;1;1
4;7;22;36;36057;;3;2;No inventariada;;9;10;1;4;;1;4;1;;;1;998
6;4;10;36;36057;;1;1;PO-325;7,8;6;3;1;4;;1;1;1;;;1;1
6;6;19;36;36057;;1;1;A-55;5,2;3;16;2;;;1;1;2;;;1;2
5;4;18;36;36057;;3;2;No inventariada;;9;4;2;;;1;1;1;;;1;998
6;4;14;36;36057;;1;1;N-556;7,4;6;3;2;;;1;1;1;;;1;1
6;1;11;36;36057;;1;1;VG-20;13,04;3;3;2;;;1;1;1;;;1;1
6;5;9;36;36057;;3;2;No inventariada;;9;19;2;;;1;1;1;;;1;998
6;2;14;36;36057;;1;1;PO-330;3,3;6;16;2;;;1;1;1;;;1;3
5;6;19;36;36057;;3;2;No inventariada;;9;2;1;1;;3;1;2;;;2;998
4;1;15;36;36057;;3;2;No inventariada;;9;10;2;;;1;1;1;;;1;998
6;5;19;36;36057;;3;2;No inventariada;;9;4;2;;;1;1;1;;;1;998
5;5;22;36;36057;;3;2;No inventariada;;9;7;2;;;1;4;1;;;1;998
6;3;11;36;36057;;3;2;No inventariada;;14;2;1;2;;1;1;1;;;1;998
6;6;21;36;36057;;3;2;No inventariada;;9;7;2;;;1;1;1;;;1;998
6;1;18;36;36057;;3;2;No inventariada;;9;2;1;2;;1;1;1;;;1;998
6;1;17;36;36057;;1;1;VG-20;4,1;3;12;2;;;3;1;3;;;1;2
6;6;12;36;36057;;3;2;No inventariada;;9;16;2;;;2;1;2;;;1;998
6;4;7;36;36057;;3;2;No inventariada;;14;4;2;;;1;1;1;;;1;998
3;1;11;36;36057;;3;2;No inventariada;;9;10;1;6;;3;1;3;;;1;998
5;6;7;36;36057;;3;2;No inventariada;;9;2;1;2;;1;1;1;;;1;998
6;4;18;36;36057;;3;2;No inventariada;;9;4;2;;;1;1;1;;;1;998
6;5;17;36;36057;;3;2;No inventariada;;7;4;2;;;1;1;1;;;1;998
6;6;11;36;36057;;1;1;A-55;3,6;3;12;2;;;1;1;1;;;1;3
6;7;17;36;36057;;3;2;No inventariada;;9;2;2;;;1;1;1;;;9;998
6;1;15;36;36057;;3;2;No inventariada;;9;3;2;;;1;1;1;;;1;998
6;1;10;36;36057;;1;1;A-55;3,6;3;12;2;;;1;1;1;;;1;2
6;2;10;36;36057;;3;2;No inventariada;;9;10;2;;;3;1;3;;;1;998
2;2;11;36;36057;;3;2;No inventariada;;14;3;1;1;;1;1;1;;;1;998
6;4;21;36;36057;;1;1;PO-552;6,4;6;4;2;;;1;1;1;;;4;3
3;6;22;36;36057;;3;2;No inventariada;;9;7;2;;;3;4;3;;;5;998
4;7;13;36;36057;;3;2;No inventariada;;9;3;1;4;;1;1;1;;;1;998
4;1;17;36;36057;;3;2;No inventariada;;9;1;1;2;;1;1;1;;;1;998
5;3;21;36;36057;;3;2;No inventariada;;9;6;2;;;8;2;1;;;1;998
6;4;14;36;36057;;3;2;No inventariada;;9;2;1;1;;1;1;1;;;1;998
6;3;8;36;36057;;3;2;No inventariada;;9;2;1;4;;1;1;1;;;1;998
6;3;21;36;36057;;1;1;VG-20;2;3;20;1;12;;1;1;1;;;1;1
6;1;20;36;36057;;3;2;No inventariada;;9;3;1;1;;1;1;1;;;10;998
6;6;19;36;36057;;1;1;PO-552;1,9;6;4;2;;;1;1;2;;;2;3
6;5;13;36;36057;;3;2;No inventariada;;9;16;2;;;1;1;1;;;1;998
7;1;11;36;36057;;3;2;No inventariada;;9;7;1;2;;1;1;1;;;1;998
6;3;19;36;36057;;3;2;No inventariada;;9;20;2;;;1;1;1;;;1;998
6;5;16;36;36057;;3;2;No inventariada;;9;4;2;;;1;1;1;;;1;998
7;1;22;36;36057;;3;2;No inventariada;;9;2;1;4;;1;4;1;;;1;998
6;5;10;36;36057;;3;2;No inventariada;;9;10;2;;;3;1;3;;;1;998
7;1;13;36;36057;;3;2;No inventariada;;9;2;1;1;;1;1;1;;;1;998
7;5;11;36;36057;;3;2;No inventariada;;9;3;2;;;1;1;1;;;1;998
7;7;15;36;36057;;3;2;No inventariada;;9;16;2;;;1;1;1;;;1;998
7;3;17;36;36057;;1;1;AP-9V;4;1;3;2;;;1;1;2;;;1;2
7;3;14;36;36057;;1;1;A-55;4,4;3;2;2;;;1;1;1;;;1;2
7;1;9;36;36057;;3;2;No inventariada;;9;3;2;;;1;1;1;;;1;998
7;2;18;36;36057;;3;2;No inventariada;;9;4;2;;;3;1;3;;;1;998
6;7;15;36;36057;;3;2;No inventariada;;9;12;1;2;;1;4;1;;;1;998
7;4;23;36;36057;;3;2;No inventariada;;9;2;1;2;;1;4;2;;;1;998
6;4;9;36;36057;;3;2;No inventariada;;7;2;2;;;1;1;1;;;9;998
6;4;12;36;36057;;3;2;No inventariada;;9;3;2;;;1;1;1;;;1;998
6;5;11;36;36057;;3;2;No inventariada;;9;12;2;;;3;1;2;;;1;998
7;2;10;36;36057;;3;2;No inventariada;;9;2;2;;;1;1;1;;;1;998
7;6;1;36;36057;;1;1;VG-20;0,8;3;16;2;;;1;4;1;;;1;1
7;4;18;36;36057;;3;2;No inventariada;;9;2;1;4;;1;1;1;;;1;998
6;7;21;36;36057;;3;2;No inventariada;;9;2;1;2;;1;1;1;;;1;998
7;7;12;36;36045;;1;1;AP-9;149;1;4;2;;;1;1;1;;;1;2
7;3;11;36;36057;;3;2;No inventariada;;9;2;1;4;;1;1;1;;;1;998
8;3;13;36;36057;;1;1;VG-20;2;3;3;2;;;1;1;1;;;1;1
8;2;7;36;36057;;1;1;PO-331;9,6;6;16;2;;;1;2;1;;;1;2
8;1;9;36;36057;;1;1;AP-9;159,698;2;15;2;;;1;1;1;;;1;2
8;5;3;36;36057;;1;1;VG-20;1,7;3;14;1;12;;1;4;1;;;1;1
8;3;15;36;36057;;3;2;No inventariada;;9;2;2;;;1;1;1;;;1;998
8;1;7;36;36057;;3;2;No inventariada;;9;16;2;;;1;1;1;;;1;998
8;3;11;36;36057;;3;2;No inventariada;;9;7;2;;;1;1;1;;;1;998
8;3;23;36;36057;;1;1;A-55;5,9;3;12;1;2;;1;4;1;;;1;2
8;1;22;36;36057;;1;1;AP-9;157,43;2;15;2;;;1;6;1;;;1;1
8;5;10;36;36057;;3;2;No inventariada;;9;3;2;;;1;1;1;;;1;998
8;1;13;36;36057;;3;2;No inventariada;;9;7;2;;;1;1;1;;;9;998
8;4;17;36;36057;;3;2;No inventariada;;9;18;2;;;1;1;1;;;1;998
8;4;12;36;36057;;1;1;PO-552;3,3;6;10;2;;;1;1;1;;;1;3
8;5;20;36;36057;;1;1;PO-552;2,6;6;4;2;;;1;1;1;;;1;1
9;1;8;36;36057;;1;1;AP-9;158,6;2;12;2;;;3;2;3;;;1;1
9;7;20;36;36057;;3;2;No inventariada;;9;7;2;;;1;1;1;;;1;998
8;5;18;36;36057;;3;2;No inventariada;;9;2;1;1;;1;1;1;;;1;998
8;1;19;36;36057;;1;1;AP-9V;2,5;2;3;1;2;;1;1;1;;;1;1
9;6;16;36;36057;;1;1;AP-9V;0,2;2;5;2;;;1;1;1;;;1;3
9;5;12;36;36057;;1;1;PO-552;2,4;6;3;1;4;;1;1;1;;;1;1
9;5;21;36;36057;;1;1;EP-2005;0,1;6;1;2;;;1;4;2;;;1;2
9;1;7;36;36057;;1;1;A-55;7,9;3;4;2;;;1;4;1;;;1;1
9;7;14;36;36057;;3;2;No inventariada;;9;4;2;;;1;1;1;;;1;998
9;1;18;36;36057;;1;1;VG-20;4,3;3;12;2;;;1;1;1;;;1;3
9;6;21;36;36057;;1;1;PO-330;6,403;6;4;2;;;1;4;1;;;1;1
9;1;10;36;36057;;1;1;PO-325;2,6;6;2;1;2;;1;1;1;;;1;1
9;3;20;36;36057;;3;2;No inventariada;;9;4;2;;;1;1;1;;;1;998
9;3;18;36;36057;;3;2;No inventariada;;9;2;1;2;;1;1;1;;;1;998
9;3;11;36;36057;;3;2;No inventariada;;9;16;2;;;1;1;1;;;1;998
9;1;8;36;36057;;3;2;No inventariada;;9;7;2;;;1;1;1;;;6;998
9;3;14;36;36057;;3;2;No inventariada;;9;3;2;;;1;1;1;;;1;998
9;5;13;36;36057;;3;2;No inventariada;;9;7;2;;;3;1;2;;;1;998
9;3;19;36;36057;;3;2;No inventariada;;9;7;2;;;1;1;1;;;1;998
9;1;11;36;36057;;3;2;No inventariada;;9;7;2;;;1;1;1;;;1;998
8;5;12;36;36057;;3;2;No inventariada;;9;7;1;2;;1;1;1;;;3;998
9;3;12;36;36057;;3;2;No inventariada;;9;7;2;;;1;1;1;;;1;998
9;5;10;36;36057;;1;1;VG-20;5,1;3;3;2;;;3;1;2;;;1;3
9;2;19;36;36057;;3;2;No inventariada;;9;4;2;;;1;1;1;;;1;998
9;4;9;36;36057;;3;2;No inventariada;;9;16;2;;;3;1;1;;;1;998
10;2;10;36;36057;;1;1;AP-9;156,6;2;4;2;;;3;1;4;1;;5;1
9;5;10;36;36057;;3;2;No inventariada;;9;4;1;1;;3;1;2;;;1;998
9;7;20;36;36057;;3;2;No inventariada;;9;3;2;;;1;1;1;;;1;998
10;6;21;36;36057;;3;2;No inventariada;;9;10;2;;;3;4;3;;;18;998
10;6;13;36;36057;;3;2;No inventariada;;9;10;1;2;;3;1;3;;;1;998
9;4;13;36;36057;;3;2;No inventariada;;9;4;2;;;1;1;1;;;1;998
9;1;19;36;36057;;3;2;No inventariada;;9;2;2;;;1;1;1;;;1;998
9;5;18;36;36057;;3;2;No inventariada;;9;10;2;;;1;1;1;;;1;998
9;1;14;36;36057;;3;2;No inventariada;;9;10;2;;;3;1;3;;;1;998
10;4;8;36;36057;;1;1;AP-9;152;2;4;2;;;3;1;3;;;1;1
10;4;17;36;36057;;1;1;PO-552;2,784;6;4;2;;;3;1;2;;;1;1
10;2;14;36;36057;;3;2;No inventariada;;9;2;1;1;;3;1;3;;;1;998
9;1;14;36;36057;;3;2;No inventariada;;9;7;1;2;;1;1;1;;;17;998
9;3;16;36;36057;;3;2;No inventariada;;9;15;1;4;;2;1;1;;;1;998
9;3;23;36;36057;;3;2;No inventariada;;9;16;2;;;3;4;4;;;1;998
9;3;21;36;36057;;3;2;No inventariada;;9;2;2;;;3;4;4;;;9;998
10;4;23;36;36057;;3;2;No inventariada;;9;16;2;;;1;4;1;;;1;998
9;2;19;36;36057;;3;2;No inventariada;;9;10;2;;;1;1;1;;;1;998
10;1;11;36;36057;;3;2;No inventariada;;9;4;2;;;1;1;1;;;1;998
10;2;22;36;36057;;1;1;A-55;2,9;3;16;2;;;3;4;3;;;1;1
10;3;7;36;36057;;1;1;AP-9;152,8;2;5;2;;;3;4;3;;;1;2
10;5;17;36;36057;;3;2;No inventariada;;9;4;2;;;1;1;1;;;1;998
10;5;12;36;36057;;1;1;A-55;5;3;12;2;;;3;1;3;;;1;3
10;6;23;36;36057;;1;1;A-55;4,3;3;16;2;;;3;4;3;;;1;3
10;3;9;36;36057;;3;2;No inventariada;;9;1;1;2;;3;1;3;1;;1;998
6;2;16;36;36057;;3;2;No inventariada;;9;7;2;;;1;1;1;;;1;998
7;5;18;36;36057;;3;2;No inventariada;;9;1;2;;;1;1;1;;;1;998
7;6;20;36;36057;;3;2;No inventariada;;9;16;2;;;1;1;1;;;1;998
9;4;7;36;36057;;3;2;No inventariada;;9;3;1;1;;1;2;1;;;1;998
9;5;9;36;36057;;3;2;No inventariada;;9;7;2;;;3;1;3;;;1;998
6;5;14;36;36057;;3;2;No inventariada;;9;2;1;2;;1;1;1;;;1;998
10;4;16;36;36057;;3;2;No inventariada;;9;4;2;;;1;1;1;;;1;998
10;5;17;36;36057;;3;2;No inventariada;;9;4;2;;;1;1;1;;;1;998
10;5;11;36;36057;;3;2;No inventariada;;9;16;2;;;1;1;1;;;1;998
10;6;18;36;36057;;1;1;A-55;4,3;3;15;2;;;3;1;4;;;1;3
9;4;7;36;36057;;3;2;No inventariada;;9;2;2;;;1;4;1;;;1;998
10;4;9;36;36057;;3;2;No inventariada;;9;7;2;;;3;1;2;;;12;998
9;2;22;36;36057;;3;2;No inventariada;;9;16;2;;;8;4;1;;;1;998
11;5;20;36;36021;;1;1;PO-331;13,5;6;2;2;;;1;4;1;;;1;1
10;5;17;36;36057;;3;2;No inventariada;;9;3;2;;;1;1;1;;;1;998
11;5;22;36;36057;;3;2;No inventariada;;9;10;1;4;;1;4;1;;;1;998
11;5;18;36;36057;;1;1;A-55;4;3;19;2;;;3;5;3;;;1;2
10;4;12;36;36057;;3;2;No inventariada;;9;4;2;;;1;1;1;;;1;998
10;5;17;36;36057;;3;2;No inventariada;;9;4;2;;;1;1;1;;;1;998
6;1;1;36;36057;;3;2;No inventariada;;9;3;2;;;1;4;1;;;1;998
6;4;17;36;36057;;3;2;No inventariada;;9;10;1;1;;7;1;1;;;1;998
6;7;1;36;36057;;3;2;No inventariada;;9;10;2;;;1;4;1;;;1;998
8;6;18;36;36057;;3;2;No inventariada;;9;10;1;1;;8;1;1;;;1;998
9;5;20;36;36057;;3;2;No inventariada;;9;6;2;;;3;2;3;;;1;998
9;4;17;36;36057;;3;2;No inventariada;;9;4;2;;;1;1;1;;;1;998
9;6;13;36;36057;;3;2;No inventariada;;9;4;1;2;;1;1;1;;;1;998
11;5;9;36;36057;;3;2;No inventariada;;9;7;1;2;;1;1;2;;;1;998
11;6;11;36;36057;;3;2;No inventariada;;9;2;1;4;;1;1;1;;;1;998
11;6;14;36;36057;;3;2;No inventariada;;9;10;1;1;;1;1;1;;;1;998
11;7;17;36;36057;;3;2;No inventariada;;9;2;2;;;3;1;3;;;4;998
11;2;14;36;36057;;3;2;No inventariada;;9;3;2;;;1;1;1;;;1;998
11;6;6;36;36057;;1;1;A-55;4;3;19;2;;;3;6;3;;;1;2
11;1;8;36;36057;;3;2;No inventariada;;9;15;2;;;1;1;1;;;1;998
10;1;20;36;36057;;3;2;No inventariada;;9;3;2;;;1;4;1;;;1;998
11;4;14;36;36057;;1;1;AP-9V;2,3;2;5;2;;;3;1;3;;;1;1
11;3;17;36;36057;;3;2;No inventariada;;9;3;2;;;1;1;2;;;1;998
11;3;12;36;36057;;3;2;No inventariada;;9;10;1;2;;3;1;2;;;1;998
11;1;9;36;36057;;3;2;No inventariada;;9;2;1;1;;1;1;2;;;1;998
11;3;17;36;36057;;1;1;PO-325;3,2;6;2;2;;;1;1;1;;;6;1
11;1;10;36;36057;;3;2;No inventariada;;9;7;2;;;3;1;2;;;1;998
11;5;20;36;36057;;1;1;VG-20;11,9;3;20;2;;;3;6;2;;;4;2
11;6;3;36;36057;;3;2;No inventariada;;9;12;2;;;8;4;1;;;1;998
11;5;10;36;36057;;3;2;No inventariada;;9;7;2;;;1;1;1;;;1;998
11;4;23;36;36057;;3;2;No inventariada;;9;4;2;;;1;4;1;;;1;998
9;1;14;36;36057;;3;2;No inventariada;;9;3;1;1;;1;1;1;;;1;998
10;6;14;36;36057;;3;2;No inventariada;;9;16;2;;;3;1;3;;;17;998
10;6;17;36;36057;;3;2;No inventariada;;9;12;2;;;3;2;3;;;17;998
10;7;15;36;36057;;3;2;No inventariada;;7;7;2;;;1;1;2;;;1;998
10;2;17;36;36057;;3;2;No inventariada;;9;10;1;2;;3;1;2;;;2;998
10;5;16;36;36057;;3;2;No inventariada;;9;7;1;2;;1;1;1;;;1;998