MES;DIA_SEMANA;HORA;COD_PROVINCIA;COD_MUNICIPIO;ISLA;ZONA;ZONA_AGRUPADA;CARRETERA;KM;TIPO_VIA;TIPO_ACCIDENTE;NUDO;NUDO_INFO;CARRETERA_CRUCE;CONDICION_FIRME;CONDICION_ILUMINACION;CONDICION_METEO;CONDICION_NIEBLA;CONDICION_VIENTO;VISIB_RESTRINGIDA_POR;TRAZADO_PLANTA
11;4;9;36;36057;;3;2;No inventariada;;9;7;2;;;3;1;3;;;1;998
12;2;20;36;36057;;1;1;PO-552;2,2;6;7;2;;;3;4;3;;;1;1
12;3;18;36;36057;;3;2;No inventariada;;9;7;2;;;1;4;1;;;1;998
12;4;16;36;36057;;3;2;No inventariada;;9;4;2;;;1;1;1;;;1;998
12;4;7;36;36057;;3;2;No inventariada;;9;10;2;;;1;4;1;;;1;998
10;6;6;36;36057;;3;2;No inventariada;;9;2;1;1;;1;4;1;;;1;998
11;4;11;36;36057;;3;2;No inventariada;;9;3;1;4;;3;1;3;;;18;998
12;6;14;36;36057;;3;2;No inventariada;;9;2;1;2;;1;1;1;;;1;998
12;3;5;36;36057;;1;1;AP-9V;2;1;7;2;;;1;6;1;;;1;1
12;5;0;36;36057;;3;2;No inventariada;;9;2;1;1;;1;4;1;;;1;998
12;2;12;36;36057;;3;2;No inventariada;;9;3;2;;;1;1;1;;;1;998
12;5;16;36;36057;;3;2;No inventariada;;9;4;2;;;1;1;1;;;1;998
1;1;0;36;36058;;1;1;N-554;5,5;6;3;2;;;1;6;1;;;1;2
2;7;17;36;36058;;1;1;AP-9;147;1;12;2;;;3;1;2;;1;1;3
3;6;6;36;36058;;1;1;AP-9;135,314;1;14;2;;;3;6;5;;;1;1
4;1;18;36;36058;;1;1;EP-0101;4;6;9;2;;;1;1;1;;;1;1
5;5;13;36;36058;;1;1;AP-9;136;1;4;2;;;1;1;1;;;1;1
5;4;14;36;36058;;1;1;AP-9;147;1;4;2;;;1;1;2;;;1;1
7;5;20;36;36058;;1;1;N-550;128,9;6;2;1;2;EP-0001;1;1;1;;;4;3
7;4;16;36;36058;;1;1;N-554;1,13;6;2;2;;;1;1;1;;;1;1
7;2;13;36;36058;;1;1;S/C-PO3604;0,1;10;3;2;;;1;1;1;;;12;3
7;2;23;36;36058;;1;1;N-554;5,3;6;1;2;;;1;4;1;;;2;3
8;6;21;36;36058;;1;1;N-554;0,4;6;4;2;;;1;5;1;;;1;1
8;7;15;36;36058;;1;1;S/C-PO3604;1,6;10;1;2;;;1;1;1;;;4;3
8;2;6;36;36058;;1;1;AP-9;137,5;1;3;2;;;1;2;1;;;1;1
9;6;14;36;36058;;1;1;N-554;4,7;6;3;1;4;;1;1;1;;;1;2
9;5;17;36;36058;;1;1;AP-9;137,756;1;4;2;;;3;1;3;;;1;1
9;7;22;36;36058;;1;1;AP-9;143,8;1;16;2;;;1;6;1;;;1;3
10;1;15;36;36058;;1;1;N-550;129,2;6;3;2;;;4;1;4;;;1;3
10;2;6;36;36058;;1;1;N-550;127,6;6;2;1;2;;1;4;1;;;1;1
11;3;19;36;36058;;1;1;AP-9;146,9;1;3;2;;;1;5;1;;;1;1
11;5;14;36;36058;;1;1;N-550;127,107;6;16;2;;;1;1;1;;;1;1
11;1;16;36;36058;;1;1;SC/PO;0,01;10;3;2;;;1;1;2;;;1;1
4;2;23;36;36059;;1;1;S/C-PO3602;0,1;10;16;2;;;3;6;3;;;4;3
4;1;15;36;36059;;1;1;PO-204;14,7;6;17;2;;;3;1;4;;;4;2
4;5;9;36;36059;;1;1;PO-960;26,5;6;12;2;;;1;1;1;;;1;3
5;5;15;36;36059;;1;1;PO-905;2;6;15;2;;;3;1;3;;;5;3
7;5;7;36;36059;;1;1;PO-205;14,5;6;10;1;4;;1;1;1;;;1;1
9;5;8;36;36059;;1;1;EP-6408;0,1;6;1;2;;;1;1;1;;;4;3
9;4;20;36;36059;;1;1;EP-6306;14,35;6;2;1;1;;3;2;2;;;1;1
12;3;16;36;36059;;1;1;PO-205;12,659;6;19;2;;;3;1;3;;;1;1
1;3;5;36;36060;;1;1;VG-4.3;6,6;4;3;2;;;3;6;3;;;1;3
1;7;22;36;36060;;3;2;No inventariada;;9;7;2;;;1;4;1;;;1;998
1;2;12;36;36060;;2;2;PO-549;1,4;6;7;2;;;1;1;1;;;1;1
1;2;12;36;36060;;2;2;N-640a;235,5;6;4;1;2;;1;1;1;;;1;1
1;7;20;36;36060;;3;2;No inventariada;;9;15;2;;;1;4;1;;;1;998
1;5;19;36;36060;;3;2;No inventariada;;9;7;1;1;;1;4;1;;;1;998
2;4;17;36;36060;;3;2;No inventariada;;9;20;1;2;;1;1;1;;;1;998
2;5;14;36;36060;;3;2;No inventariada;;9;7;1;2;;1;1;1;;;2;998
3;5;14;36;36060;;1;1;CAMIÑO REA;1,2;10;2;1;2;;1;1;2;;;12;1
3;5;14;36;36060;;3;2;No inventariada;;9;2;1;2;;3;1;3;;;1;998
3;5;14;36;36060;;2;2;PO-301;6,2;6;2;1;2;;3;1;3;;;1;1
3;2;19;36;36060;;3;2;No inventariada;;9;6;2;;;1;1;1;;;1;998
3;3;12;36;36060;;1;1;PO-548;12,9;6;15;2;;;1;1;1;;;4;2
1;3;12;36;36060;;3;2;No inventariada;;9;7;2;;;1;1;1;;;1;998
3;2;16;36;36060;;3;2;No inventariada;;9;1;1;1;;1;1;1;;;4;998
3;1;18;36;36060;;3;2;No inventariada;;9;10;1;4;;3;1;1;;;1;998
3;5;14;36;36060;;2;2;PO-549;0,4;6;2;1;2;;1;1;1;;;1;1
3;2;15;36;36060;;2;2;PO-549;0,4;6;2;1;2;;3;1;4;;;1;1
3;6;21;36;36060;;2;2;N-640a;238,3;6;7;1;1;;3;4;4;;;5;1
4;1;18;36;36060;;3;2;No inventariada;;9;6;2;;;1;1;1;;;1;998
4;7;19;36;36060;;3;2;No inventariada;;9;10;2;;;1;1;1;;;1;998
4;7;14;36;36060;;3;2;No inventariada;;9;10;2;;;1;1;1;;;1;998
4;7;21;36;36060;;3;2;No inventariada;;9;10;1;4;;1;1;1;;;1;998
4;5;12;36;36060;;3;2;No inventariada;;9;7;2;;;1;1;1;;;1;998
4;5;12;36;36060;;2;2;N-640a;237,6;6;7;1;4;;1;1;1;;;1;1
4;6;20;36;36060;;3;2;No inventariada;;9;10;2;;;1;1;1;;;1;998
4;3;10;36;36060;;3;2;No inventariada;;9;10;1;4;;1;1;1;;;1;998
4;6;15;36;36060;;2;2;PO-301;5,3;6;4;1;2;;1;1;1;;;1;1
4;1;14;36;36060;;3;2;No inventariada;;9;10;2;;;1;1;1;;;1;998
4;1;21;36;36060;;2;2;PO-549;1,2;6;16;2;;;1;1;1;;;1;1
5;2;17;36;36060;;3;2;No inventariada;;9;2;1;4;;1;1;2;;;1;998
5;2;14;36;36060;;1;1;VG-4.3;7,8;4;4;2;;;1;1;1;;;1;3
5;5;10;36;36060;;3;2;No inventariada;;9;7;1;1;;1;1;1;;;1;998
6;7;21;36;36060;;3;2;No inventariada;;9;12;2;;;1;2;1;;;1;998
6;2;11;36;36060;;3;2;No inventariada;;9;4;2;;;1;1;1;;;1;998
6;2;18;36;36060;;2;2;PO-548;17,7;6;2;1;2;;1;1;1;;;9;1
6;5;10;36;36060;;3;2;No inventariada;;9;2;1;2;;1;1;1;;;1;998
6;6;11;36;36060;;3;2;No inventariada;;9;10;2;;;1;1;1;;;1;998
6;1;16;36;36060;;2;2;PO-549;0,4;6;2;1;4;;1;1;1;;;1;1
6;1;18;36;36060;;2;2;PO-301;6,4;6;6;1;2;;1;1;1;;;1;1
6;6;22;36;36060;;1;1;N-640;236,272;6;2;2;;;1;1;2;;;1;2
6;6;20;36;36060;;2;2;PO-548;18,7;6;4;2;;;1;1;2;;;1;1
6;2;16;36;36060;;1;1;VG-4.3;7,1;4;4;2;;;1;1;1;;;1;1
6;5;15;36;36060;;3;2;No inventariada;;9;6;1;2;;1;1;2;;;1;998
6;3;17;36;36060;;2;2;PO-548;18;6;12;1;2;;1;1;2;;;1;1
6;4;14;36;36060;;2;2;N-640a;235,5;6;16;2;;;1;1;1;;;1;1
6;4;20;36;36060;;2;2;N-640a;238,6;6;20;2;;;1;1;1;;;1;1
6;6;15;36;36060;;2;2;N-640a;238;6;10;1;2;;1;1;1;;;1;1
7;7;11;36;36060;;2;2;PO-548;18,5;6;7;2;;;1;1;1;;;1;1
6;6;17;36;36060;;2;2;N-640a;236,3;6;10;1;2;;1;1;1;;;1;1
7;6;20;36;36060;;2;2;N-640a;238,2;6;3;2;;;1;1;1;;;1;1
7;1;17;36;36060;;3;2;No inventariada;;9;2;1;1;;1;1;1;;;1;998
7;7;5;36;36060;;2;2;PO-548;17;6;4;1;2;;1;4;1;;;1;1
7;2;18;36;36060;;2;2;N-640a;237,6;6;4;2;;;1;1;1;;;1;1
7;5;22;36;36060;;3;2;No inventariada;;9;3;1;2;;1;4;1;;;1;998
7;1;0;36;36060;;2;2;PO-549;2,4;6;10;2;;;1;4;1;;;1;1
7;2;2;36;36060;;3;2;No inventariada;;9;3;1;2;;1;4;1;;;1;998
7;1;15;36;36060;;3;2;No inventariada;;9;10;2;;;1;1;1;;;6;998
7;3;12;36;36060;;3;2;No inventariada;;9;3;2;;;1;1;1;;;1;998
7;3;11;36;36060;;3;2;No inventariada;;9;7;2;;;1;1;1;;;1;998
8;2;19;36;36060;;3;2;No inventariada;;9;2;1;1;;1;1;1;;;1;998
8;5;0;36;36060;;3;2;No inventariada;;9;10;2;;;1;1;1;;;1;998
8;1;9;36;36060;;3;2;No inventariada;;9;3;2;;;1;1;1;;;1;998
7;1;0;36;36060;;3;2;No inventariada;;9;6;1;2;;1;4;2;;;1;998
8;3;14;36;36060;;3;2;No inventariada;;9;2;1;1;;1;1;1;;;1;998
8;5;14;36;36060;;2;2;PO-548;17,6;6;4;1;2;;1;1;1;;;1;1
8;6;22;36;36060;;3;2;No inventariada;;9;3;2;;;1;4;1;;;1;998
7;3;15;36;36060;;2;2;PO-549;2,5;6;6;1;2;;1;1;1;;;1;1
8;5;14;36;36060;;1;1;N-640;239;6;3;2;;;1;1;1;;;1;3
9;2;11;36;36060;;1;1;VG-4.3;6,9;4;10;2;;;1;1;2;;;1;1
7;3;12;36;36060;;2;2;N-640a;236,9;6;3;2;;;1;1;1;;;1;1
8;5;15;36;36060;;2;2;N-640a;235,8;6;4;1;2;;1;1;1;;;1;1
9;7;17;36;36060;;2;2;PO-548;18,5;6;3;2;;;1;1;1;;;1;1
9;2;10;36;36060;;3;2;No inventariada;;9;7;2;;;1;1;1;;;3;998
9;7;14;36;36060;;2;2;PO-301;6,5;6;10;1;2;;1;1;1;;;1;1
9;4;17;36;36060;;2;2;PO-549;0,4;6;2;1;2;;3;1;2;;;1;1
9;3;13;36;36060;;3;2;No inventariada;;9;2;1;2;;1;1;1;;;1;998
9;7;22;36;36060;;2;2;PO-549;1;6;2;1;2;;1;4;1;;;1;1
9;1;12;36;36060;;2;2;PO-301;6,2;6;3;1;2;;1;1;1;;;1;1
9;1;13;36;36060;;2;2;PO-301;5,6;6;6;1;2;;1;1;1;;;1;1
10;3;21;36;36060;;1;1;PO-548;13,8;6;8;2;;;3;6;1;;;4;3
10;7;21;36;36060;;2;2;N-640a;238,15;6;10;1;2;;2;4;1;;;1;1
10;6;0;36;36060;;2;2;PO-192;2,2;6;12;2;;;3;5;2;;;1;2
10;2;8;36;36060;;2;2;PO-301;1,2;6;10;1;4;;3;1;1;;;1;1
10;4;18;36;36060;;3;2;No inventariada;;9;1;2;;;1;1;2;;;1;998
10;5;23;36;36060;;1;1;PO-549;0,8;6;10;1;4;;3;4;2;;;1;1
10;3;8;36;36060;;3;2;No inventariada;;9;10;2;;;2;1;1;;;1;998
10;6;21;36;36060;;2;2;N-640a;237,3;6;2;1;4;;3;4;2;;;1;1
10;3;12;36;36060;;2;2;PO-305;5,4;6;1;2;;;1;1;2;;;1;1
11;1;19;36;36060;;2;2;N-640a;236,7;6;4;1;1;;1;4;1;;;1;1
11;1;12;36;36060;;1;1;VG-4.3;7,5;4;3;2;;;3;1;1;;;1;3
11;5;19;36;36060;;3;2;No inventariada;;9;7;2;;;1;4;1;;;1;998
12;1;17;36;36060;;2;2;N-640a;237,7;6;4;1;4;;1;1;1;;;1;1
12;7;16;36;36060;;3;2;No inventariada;;9;7;1;2;;3;1;2;;;1;998
12;7;18;36;36060;;2;2;N-640;239,7;6;4;1;1;;3;4;2;;;1;1
12;3;10;36;36060;;3;2;No inventariada;;9;4;2;;;1;2;1;;;1;998
12;3;12;36;36060;;3;2;No inventariada;;9;2;1;4;;1;1;1;;;1;998
12;4;18;36;36060;;3;2;No inventariada;;9;4;1;4;;1;1;1;;;1;998
12;7;19;36;36060;;2;2;PO-549;0,5;6;10;1;2;;1;4;2;;;1;1
12;2;12;36;36060;;3;2;No inventariada;;9;2;1;1;;1;1;1;;;4;998
1;5;18;36;36005;;1;1;PO-531;18,8;6;4;1;4;N-640;1;1;1;;;1;1
2;7;18;36;36061;;1;1;PO-307;1,1;6;2;1;5;61;1;3;1;;;1;1
2;2;19;36;36061;;1;1;PO-307;0,7;6;5;2;;;1;4;1;;;1;1
3;3;18;36;36061;;1;1;PO-549;4,6;6;3;1;2;;1;1;1;;;1;1
3;3;18;36;36061;;1;1;PO-531;17;6;4;1;2;;1;1;1;;;1;1
5;2;23;36;36061;;3;2;No inventariada;;9;2;1;1;;1;5;1;;;2;998
5;2;8;36;36061;;1;1;S/C-PO3601;1;10;19;2;;;1;1;1;;;1;3
5;4;14;36;36061;;3;2;No inventariada;;14;16;2;;;1;1;1;;;1;998
5;3;10;36;36061;;1;1;EP-9703;0,8;6;2;1;2;;1;1;1;;;1;3
7;4;14;36;36061;;1;1;EP-9701;8,379;6;2;1;2;;1;1;2;;;4;3
7;1;13;36;36061;;1;1;EP-9002;4,699;6;1;1;2;;1;1;1;;;4;3
8;5;21;36;36061;;1;1;PO-307;1,088;6;2;1;2;;1;2;1;;;1;1
8;4;20;36;36061;;1;1;PO-549;3,9;6;4;2;;;1;1;1;;;1;1
8;5;11;36;36061;;1;1;VG-4.3;4,8;4;20;1;2;;1;1;1;;;1;1
8;5;15;36;36061;;1;1;PO-549;6,708;6;2;2;;;1;1;1;;;9;1
8;5;9;36;36061;;1;1;PO-549;5,5;6;1;1;1;;1;1;1;;;1;1
10;4;12;36;36061;;1;1;PO-307;1,1;6;4;2;;;1;1;1;;;1;1
10;7;17;36;36061;;3;2;No inventariada;;9;2;1;1;;1;1;1;;;1;998
12;1;15;36;36061;;1;1;PO-531;18,517;6;4;2;;;1;1;1;;;1;1
2;2;15;36;0;;1;1;S/C-PO3601;0,6;10;7;2;;;1;1;2;;;1;3
5;4;14;36;0;;1;1;PO-299;0,5;6;3;2;;;1;1;3;;;1;1
1;6;13;36;36902;;1;1;PO-233;12,59;6;3;2;;;1;1;1;;;1;1
4;2;14;36;36902;;1;1;N-541;81,9;6;16;2;;;3;1;4;;;5;2
8;5;19;36;36902;;1;1;SC/PO;0,1;10;19;2;;;1;1;1;;;1;1
6;6;7;36;36902;;1;1;N-541;82,3;6;13;2;;;1;6;1;;;1;3
10;2;16;36;36902;;1;1;N-541;86,7;6;3;2;;;1;1;1;;;1;3
10;6;3;36;36902;;1;1;EP-7101;1,3;6;18;2;;;3;6;3;;;5;2
12;1;10;36;36902;;1;1;N-541;61,5;6;2;2;;;3;1;1;;;1;2
7;1;18;37;0;;3;2;No inventariada;;9;7;2;;;1;1;1;;;17;998
7;2;13;37;37008;;1;1;SA-114;28,526;6;19;2;;;1;1;1;;;1;1
7;7;4;37;37008;;1;1;SA-114;29,554;6;18;2;;;1;6;1;;;1;1
8;6;18;37;37008;;1;1;CL-510;21,1;6;19;2;;;1;1;1;;;1;2
7;6;19;37;0;;1;1;DSA-260;0,3;6;2;1;2;;1;1;1;;;1;3
5;3;13;37;0;;1;1;DSA-671;2,282;6;19;2;;;1;1;1;;;1;2
11;6;17;37;0;;1;1;DSA-560;8,46;6;19;2;;;1;1;1;;;1;1
5;4;9;37;0;;1;1;SA-804;12,071;6;2;1;1;CM-538;1;1;1;;;1;1
1;4;10;37;0;;1;1;SA-801;4,18;6;12;1;1;;3;1;7;;;18;1
2;6;11;37;0;;3;2;No inventariada;;9;7;2;;;1;1;1;;;18;998
6;2;8;37;0;;1;1;CL-512;1,806;6;2;2;;;1;1;1;;;1;4
12;2;11;37;0;;1;1;CL-512;1,627;6;4;1;4;SA-20;1;1;1;;;1;1
9;5;12;37;0;;3;2;No inventariada;;9;20;2;;;1;1;2;;;1;998
3;1;9;37;0;;1;1;A-62;273,85;3;3;2;;;3;6;3;;;1;1
5;6;4;37;0;;1;1;A-62;276,962;3;4;2;;;1;6;1;;;1;1
5;2;16;37;0;;1;1;A-62;279,516;3;14;2;;;1;1;1;;;1;3
7;6;13;37;0;;1;1;A-62;274,05;3;14;2;;;1;1;1;;;1;1
7;2;16;37;0;;1;1;A-62;272,7;3;4;2;;;1;1;1;;;1;1
8;6;11;37;0;;1;1;CL-510;28,3;6;2;1;2;;1;1;2;;;1;1
4;4;13;37;0;;3;2;No inventariada;;9;20;2;;;1;1;1;;;17;998
4;3;10;37;0;;1;1;A-66;348,17;3;16;2;;;1;1;1;;;1;1
9;2;14;37;0;;1;1;N-630;348,1;6;2;1;1;DSA-202;1;1;1;;;1;1
1;5;10;37;0;;1;1;DSA-650;4,604;6;15;2;;;3;1;2;2;;1;3
5;4;17;37;0;;3;2;No inventariada;;9;2;1;1;;1;1;1;;;2;998
2;2;3;37;0;;1;1;A-62;257,3;3;18;2;;;1;4;2;;;1;1
9;5;11;37;0;;1;1;DSA-300;0,8;6;2;1;2;;1;1;2;;;1;1
1;7;19;37;37046;;3;2;No inventariada;;9;16;2;;;1;4;1;;;1;998
2;7;15;37;37046;;3;2;No inventariada;;9;1;2;;;1;1;1;;;18;998
2;6;16;37;37046;;1;1;DSA-190;0,5;6;19;2;;;1;1;1;;;1;2
6;2;18;37;37046;;3;2;No inventariada;;9;4;2;;;1;2;1;;;1;998
7;4;13;37;37046;;3;2;No inventariada;;14;4;2;;;1;1;1;;;1;998
7;4;12;37;37046;;3;2;No inventariada;;14;7;2;;;1;1;1;;;1;998
7;6;12;37;37046;;1;1;N-630a;411,8;6;2;2;;;1;1;1;;;1;1
8;4;5;37;37046;;3;2;No inventariada;;9;16;2;;;1;4;1;;;1;998
8;2;11;37;37046;;3;2;No inventariada;;9;7;1;2;;1;1;1;;;1;998
8;3;8;37;37046;;3;2;No inventariada;;9;2;2;;;1;1;1;;;1;998
9;6;14;37;37046;;3;2;No inventariada;;9;4;2;;;1;1;1;;;1;998
9;7;20;37;37046;;1;1;N-630a;410,689;6;16;1;4;N-630;1;1;1;;;1;2
10;4;21;37;37046;;1;1;A-66;412,134;3;18;2;;;1;6;1;;;1;1
10;4;13;37;37046;;1;1;SA-220;2,805;6;2;1;5;SA-220;1;1;2;;;1;1
12;7;12;37;37046;;3;2;No inventariada;;9;3;2;;;1;1;1;;;1;998
5;7;19;37;0;;1;1;A-66;365,641;3;4;2;;;5;1;4;;;1;3
1;3;14;37;0;;1;1;CL-526;17,794;6;19;2;;;3;1;3;;;1;1
4;2;12;37;0;;1;1;CL-526;7,8;6;12;2;;;1;1;2;;;1;1
1;6;19;37;0;;1;1;SA-105;4,4;6;18;2;;;1;6;1;;;1;1
8;3;23;37;0;;1;1;DSA-150;3;6;19;2;;;1;6;1;;;1;1
10;5;16;37;0;;1;1;A-66;359,606;3;7;2;;;1;1;1;;;1;3
4;4;11;37;0;;1;1;DSA-170;0,1;6;10;1;4;A-66;8;1;1;;;1;2
3;2;23;37;0;;1;1;DSA-610;0;6;6;2;;;1;4;1;;;1;2
5;4;13;37;0;;1;1;SA-804;3,3;6;19;2;;;1;1;1;;;4;3
6;4;19;37;0;;3;2;No inventariada;;9;10;2;;;1;1;1;;;1;998
11;6;17;37;0;;3;2;No inventariada;;9;2;1;1;;1;1;2;;;2;998
12;4;10;37;0;;1;1;SA-804;0,4;6;7;2;;;3;1;1;;;1;1
12;6;23;37;0;;1;1;SA-804;1,05;6;16;1;4;SA-804;1;4;1;;;1;1
10;1;9;37;0;;1;1;SA-215;7;6;18;2;;;3;1;2;;;1;1
12;2;13;37;37294;;1;1;CL-510;2;6;18;2;;;1;1;1;;;1;1
8;4;20;37;0;;1;1;DSA-280;23,2;6;16;1;2;DSA-247;1;1;1;;;1;2
8;5;15;37;0;;1;1;A-62;260,87;3;14;2;;;1;1;1;;;1;1
1;7;19;37;0;;1;1;A-66;327,058;3;4;2;;;1;6;1;;;1;1
3;5;17;37;0;;1;1;SA-801;8,75;6;14;2;;;1;1;2;;;1;1
3;3;13;37;0;;1;1;SA-810;18,3;6;2;1;1;;1;1;1;;;1;1
7;3;12;37;0;;1;1;DSA-181;4,1;6;2;2;;;1;1;1;;;12;3
11;1;13;37;0;;1;1;CAMINO;0,55;10;2;1;1;;8;1;1;;;1;1
1;3;9;37;37085;;3;2;No inventariada;;9;2;1;1;;3;1;3;;;1;998
1;6;9;37;37085;;3;2;No inventariada;;9;10;2;;;1;1;1;;;1;998
3;6;17;37;37085;;1;1;SA-20;91,75;5;4;2;;;1;1;2;;;18;4
3;3;11;37;37085;;3;2;No inventariada;;9;7;2;;;1;1;1;;;1;998
3;2;8;37;37085;;1;1;SA-20;91,6;5;4;1;4;SA-20;1;1;2;;;18;1
4;1;17;37;37085;;1;1;SA-20;93,25;5;5;2;;;1;1;1;;;1;1
4;1;12;37;37085;;3;2;No inventariada;;9;4;2;;;1;1;1;;;1;998
4;1;16;37;37085;;3;2;No inventariada;;9;4;2;;;1;1;1;;;1;998
5;4;8;37;37085;;1;1;SA-20;91,75;5;4;1;4;SA-20;1;1;1;;;1;3
6;2;17;37;37085;;1;1;SA-20;93,06;5;4;1;4;;1;1;1;;;1;1
6;4;14;37;37085;;3;2;No inventariada;;9;2;2;;;1;1;1;;;2;998
6;1;19;37;37085;;3;2;No inventariada;;9;10;1;4;;1;1;1;;;1;998
6;4;15;37;37085;;1;1;CL-510;0,01;6;4;1;4;CL-510;1;1;1;;;1;1
7;1;15;37;37085;;1;1;SA-20;91,8;5;4;1;4;CL-510;1;1;1;;;1;1
8;2;20;37;37085;;1;1;SA-20;91,9;5;20;1;4;SA-20;1;1;1;;;1;1
8;1;17;37;37085;;3;2;No inventariada;;9;2;1;2;;1;1;1;;;1;998
9;5;23;37;37085;;1;1;SA-20;91,83;5;2;1;4;SA-20;1;4;1;;;1;1
10;2;18;37;37085;;3;2;No inventariada;;9;1;1;4;;1;1;2;;;1;998
10;2;14;37;37085;;1;1;SA-20;91,8;5;4;1;4;SA-20;1;1;1;;;1;1
12;2;19;37;37274;;1;1;N-630;343;5;10;1;4;;1;4;1;;;1;1
12;1;14;37;37085;;1;1;SA-20;93,2;5;2;1;4;;1;1;2;;;1;1
12;1;13;37;37085;;1;1;CL-510;0,5;6;5;2;;;1;1;1;;;1;1
10;5;19;37;0;;1;1;N-620;244,7;6;2;2;;;1;2;1;;;6;1
12;1;20;37;0;;1;1;A-62;251,5;3;4;2;;;1;6;1;;;1;3
7;3;17;37;0;;3;2;No inventariada;;9;2;1;1;;1;1;1;;;2;998
1;6;16;37;37107;;3;2;No inventariada;;9;2;1;1;;1;1;1;;;1;998
1;5;11;37;37107;;1;1;A-62;325,084;3;18;2;;;3;1;3;;;1;3
2;2;17;37;37107;;3;2;No inventariada;;9;7;1;2;;1;1;1;;;6;998
2;2;6;37;37107;;1;1;SA-220;84,6;6;19;2;;;3;6;1;;;1;2
2;1;16;37;37107;;3;2;No inventariada;;9;7;1;4;;1;1;1;;;1;998
2;1;16;37;37107;;3;2;No inventariada;;9;2;1;1;;1;1;1;;;1;998
2;3;13;37;37107;;3;2;No inventariada;;9;18;1;5;;1;1;1;;;1;998
3;5;17;37;37107;;3;2;No inventariada;;9;12;1;4;;1;1;1;;;1;998
3;1;23;37;0;;1;1;A-62;335,7;3;4;2;;;1;6;1;;;1;1
4;3;9;37;37107;;3;2;No inventariada;;9;7;2;;;1;1;1;;;1;998
4;5;21;37;37107;;3;2;No inventariada;;14;15;2;;;2;3;1;;;18;998
4;2;23;37;37107;;1;1;DSA-350;3,8;6;14;2;;;1;6;1;;;1;1
5;7;13;37;37107;;3;2;No inventariada;;9;7;1;1;;1;1;1;;;1;998
7;2;21;37;37107;;3;2;No inventariada;;14;14;2;;;2;2;1;;;18;998
10;1;10;37;37107;;3;2;No inventariada;;9;7;1;4;;3;1;4;;;5;998
10;4;17;37;37107;;1;1;SA-324;3,581;6;16;1;1;;1;1;1;;;1;1
10;5;12;37;37107;;1;1;CL-526;5,15;6;3;2;;;1;1;1;;;1;1
11;5;12;37;37107;;3;2;No inventariada;;9;4;2;;;1;1;1;;;1;998
11;3;21;37;37107;;3;2;No inventariada;;9;3;1;4;;3;4;3;;;1;998
11;5;18;37;37107;;3;2;No inventariada;;9;3;2;;;1;1;1;;;1;998
12;6;9;37;0;;1;1;A-62;333,4;3;3;2;;;1;1;1;;;1;1
6;5;16;37;0;;1;1;SA-114;13,433;6;16;2;;;1;1;1;;;1;1
7;6;6;37;0;;1;1;DSA-280;11,9;6;18;2;;;1;2;1;;;1;3
5;3;8;37;0;;1;1;CL-517;28,9;6;18;2;;;1;6;1;;;6;1
11;1;14;37;0;;1;1;CL-517;26,309;6;12;2;;;1;1;1;;;1;1
1;7;6;37;0;;1;1;DSA-504;0,731;6;16;2;;;3;6;1;;;1;2
4;6;9;37;0;;1;1;A-62;247,333;3;15;2;;;3;1;4;;;1;1
8;4;11;37;0;;1;1;CM-547;3,028;6;10;2;;;1;1;1;;;1;1
4;6;14;37;37008;;1;1;DSA-130;0,5;6;6;2;;;3;1;4;;;1;1
11;7;9;37;0;;1;1;A-62;344,8;3;14;2;;;1;1;1;;;1;1
7;7;15;37;0;;1;1;DSA-510;4,3;6;16;2;;;1;1;1;;;1;1
2;6;15;37;0;;1;1;DSA-220;15,5;6;8;2;;;1;1;1;;;1;1
10;1;12;37;0;;1;1;A-66;404,9;3;4;2;;;3;1;4;1;;5;1
3;1;13;37;0;;3;2;No inventariada;;9;7;1;2;;1;1;2;;;1;998
7;2;16;37;0;;1;1;A-66;369,6;3;16;2;;;1;1;1;;;1;3
7;3;14;37;0;;1;1;SA-114;44,25;6;4;2;;;1;1;1;;;1;1
5;3;13;37;0;;1;1;SA-215;0,739;6;2;1;5;A-62;1;1;1;;;1;1
1;6;8;37;0;;1;1;DSA-360;17,544;6;12;2;;;3;3;3;;;4;3
9;7;5;37;0;;1;1;DSA-360;9,2;6;19;2;;;1;6;1;;;1;2
10;5;9;37;0;;1;1;A-62;350,267;3;16;2;;;3;1;3;;;1;3
1;2;1;37;0;;1;1;A-62;253,661;3;18;2;;;1;6;1;;;1;1
1;2;9;37;0;;1;1;A-62;255,363;3;4;2;;;1;1;1;;;1;1
8;7;20;37;0;;1;1;DSA-130;17,271;6;16;2;;;1;1;1;;;1;1
8;1;14;37;0;;2;2;DSA-130;15,6;6;19;2;;;1;1;1;;;1;3
3;6;17;37;0;;1;1;SA-220;30,8;6;1;2;;;1;1;1;;;4;2
3;5;5;37;0;;1;1;DSA-255;0,2;6;18;2;;;3;6;4;2;;5;2
4;5;16;37;0;;1;1;SA-220;29,1;6;2;2;;;1;1;1;;;1;2
8;7;10;37;0;;1;1;SA-220;30,625;6;19;2;;;2;1;1;;;4;3
8;6;12;37;0;;1;1;SA-220;29,089;6;12;2;;;1;1;1;;;4;2
10;6;13;37;0;;1;1;SA-220;30,272;6;10;2;;;1;1;1;;;4;1
9;6;1;37;0;;1;1;CM-416;7,853;6;17;2;;;1;6;1;;;12;1
1;2;22;37;0;;1;1;DSA-660;1,99;6;16;1;1;;1;6;1;1;;1;3
3;3;11;37;37156;;3;2;No inventariada;;9;7;2;;;1;1;1;;;9;998
5;7;16;37;37156;;1;1;A-66;385,296;3;4;2;;;1;1;1;;;1;1
9;6;14;37;37156;;1;1;A-66;387,4;3;14;2;;;1;1;1;;;1;1
12;3;10;37;37156;;3;2;No inventariada;;9;7;1;2;;1;1;1;;;1;998
5;3;18;37;0;;1;1;SA-100;4,8;6;16;2;;;3;1;2;;;5;2
1;3;13;37;0;;1;1;DSA-650;5,55;6;1;2;;;1;1;1;;;1;1
8;2;17;37;0;;1;1;SA-810;2,95;6;2;1;1;;1;1;1;;;1;1
10;6;16;37;0;;1;1;CMSD-601;1,5;6;18;2;;;1;1;1;;;1;1
12;6;5;37;0;;1;1;DSA-650;6,7;6;17;2;;;1;6;1;;;1;1
8;2;13;37;0;;1;1;SA-200;6,271;6;19;2;;;1;1;1;;;1;1
2;1;16;37;0;;1;1;DSA-540;6,752;6;12;2;;;1;1;1;;;1;1
12;1;10;37;0;;1;1;SA-300;27,45;6;3;2;;;1;1;1;;;1;1
7;4;15;37;0;;1;1;DSA-250;6,598;6;10;1;2;DSA-251;1;1;1;;;1;1
11;2;19;37;0;;1;1;DSA-250;5;6;14;2;;;1;6;1;;;1;1
12;5;19;37;0;;3;2;No inventariada;;9;10;2;;;1;4;1;;;1;998
9;4;10;37;0;;1;1;CL-517;83;6;14;2;;;1;1;1;;;1;1
3;6;15;37;0;;1;1;SA-105;7,8;6;19;2;;;6;1;6;;;5;1