MES;DIA_SEMANA;HORA;COD_PROVINCIA;COD_MUNICIPIO;ISLA;ZONA;ZONA_AGRUPADA;CARRETERA;KM;TIPO_VIA;TIPO_ACCIDENTE;NUDO;NUDO_INFO;CARRETERA_CRUCE;CONDICION_FIRME;CONDICION_ILUMINACION;CONDICION_METEO;CONDICION_NIEBLA;CONDICION_VIENTO;VISIB_RESTRINGIDA_POR;TRAZADO_PLANTA
7;7;16;37;0;;1;1;N-501;79;6;2;1;2;;1;1;1;;;1;3
1;7;19;37;0;;1;1;SA-302;33,17;6;12;2;;;1;6;1;;;1;2
2;7;11;37;0;;1;1;SA-302;29,9;6;4;2;;;1;1;1;;;1;1
5;2;14;37;0;;1;1;N-630;358,6;6;2;1;1;DSA-120;1;1;1;;;1;1
1;2;15;37;0;;1;1;SA-314;25,4;6;2;1;5;DSA-563;1;1;1;;;1;2
1;4;5;37;0;;1;1;A-66;329,808;3;15;2;;;3;5;2;;;1;1
5;1;19;37;0;;3;2;No inventariada;;9;3;1;1;;1;1;1;;;2;998
9;6;14;37;0;;1;1;N-630;373,15;6;2;1;1;DSA-212;1;1;2;;;4;2
8;6;12;37;0;;1;1;SA-225;1,7;6;2;1;5;DSA-255;1;1;1;;;1;1
11;6;3;37;0;;1;1;DSA-260;5,05;6;19;2;;;3;6;2;;;1;3
8;4;20;37;0;;1;1;SA-212;17,263;6;4;2;;;1;1;1;;;1;1
1;3;8;37;0;;1;1;A-66;376;3;6;2;;;1;2;1;;;1;1
7;1;14;37;0;;1;1;A-66;375,635;3;15;2;;;1;1;1;;;1;1
8;5;12;37;0;;1;1;A-66;377,884;3;4;2;;;1;1;1;;;1;1
12;2;2;37;0;;1;1;A-66;378,978;3;1;2;;;3;6;2;2;;5;1
8;1;21;37;0;;1;1;DSA-283;3,877;6;3;2;;;1;6;1;;;4;1
6;7;22;37;0;;1;1;DSA-620;3,2;6;19;1;1;DSA-621;1;6;1;;;1;1
8;6;21;37;0;;3;2;No inventariada;;9;2;1;1;;1;2;1;;;1;998
11;3;14;37;0;;1;1;CM-550;3,15;6;19;2;;;1;1;1;;;1;2
6;6;16;37;0;;1;1;SA-114;13,4;6;2;1;5;;9;1;1;;;1;2
12;1;3;37;0;;1;1;DSA-249;0,5;6;8;2;;;1;6;1;;;1;1
8;7;6;37;0;;1;1;DSA-371;1,771;6;14;2;;;1;6;1;;;12;2
4;2;16;37;0;;1;1;N-620;215,483;6;15;1;1;DSA-690;1;1;1;;;18;1
4;4;15;37;0;;1;1;DSA-690;2,988;6;12;2;;;2;1;1;;;1;2
7;6;16;37;0;;1;1;A-62;216,9;3;12;2;;;1;6;1;;;1;1
4;1;1;37;0;;1;1;A-62;207,607;3;4;2;;;1;6;1;;;5;1
10;1;18;37;0;;1;1;A-62;211,3;3;20;2;;;1;1;1;;;1;1
7;1;23;37;0;;1;1;A-66;424,54;3;16;2;;;1;6;1;;;1;2
3;7;15;37;0;;1;1;CL-526;40,637;6;18;2;;;3;1;1;;;1;1
5;7;16;37;37246;;1;1;A-50;60,889;3;15;2;;;1;1;1;;1;1;1
5;5;18;37;37246;;3;2;No inventariada;;9;7;1;2;;1;1;1;;;1;998
5;2;15;37;37246;;3;2;No inventariada;;9;2;1;4;;1;1;1;;;1;998
8;2;12;37;37246;;3;2;No inventariada;;9;7;2;;;1;1;1;;;1;998
8;3;11;37;37246;;3;2;No inventariada;;9;7;1;6;;1;1;1;;;1;998
8;3;17;37;37246;;3;2;No inventariada;;9;7;1;2;;1;1;1;;;6;998
9;4;13;37;37246;;2;2;SA-114;1;6;2;1;2;;1;1;1;;;1;1
10;4;13;37;37246;;3;2;No inventariada;;9;7;1;2;;1;1;2;;;18;998
10;1;21;37;37246;;1;1;A-50;60,751;3;19;2;;;1;6;1;;;1;1
5;3;13;37;0;;3;2;No inventariada;;9;7;2;;;1;1;1;;;16;998
7;7;10;37;0;;1;1;A-66;383,557;3;16;2;;;1;1;1;;;1;1
7;6;8;37;0;;1;1;A-66;421;3;16;2;;;1;1;1;;;1;1
8;4;11;37;0;;1;1;CAMINO SD;1,5;14;19;2;;;8;1;1;;;4;4
5;5;8;37;0;;3;2;No inventariada;;9;7;1;2;;1;1;2;;;2;998
8;3;13;37;0;;1;1;SA-324;13,1;6;15;2;;;1;1;1;;;18;1
1;5;7;37;37274;;3;2;No inventariada;;9;2;2;;;1;4;1;;;1;998
1;5;14;37;37274;;3;2;No inventariada;;9;4;2;;;1;1;1;;;1;998
1;4;11;37;37274;;3;2;No inventariada;;9;4;2;;;3;1;3;;;1;998
1;1;21;37;37274;;3;2;No inventariada;;9;7;2;;;3;4;3;;;1;998
1;5;13;37;37274;;3;2;No inventariada;;9;7;2;;;1;1;1;;;1;998
1;3;21;37;37274;;3;2;No inventariada;;9;2;1;4;;3;4;2;;;1;998
1;5;21;37;37274;;3;2;No inventariada;;9;7;2;;;1;4;1;;;1;998
1;3;13;37;37274;;3;2;No inventariada;;9;10;2;;;3;1;3;;;1;998
1;5;16;37;37274;;3;2;No inventariada;;9;2;2;;;1;1;1;;;1;998
1;6;10;37;37274;;3;2;No inventariada;;9;2;2;;;3;1;2;;;1;998
1;5;16;37;37274;;3;2;No inventariada;;9;2;1;1;;1;1;1;;;1;998
1;3;15;37;37274;;3;2;No inventariada;;9;4;2;;;1;1;1;;;1;998
1;7;15;37;37274;;3;2;No inventariada;;9;4;2;;;1;1;1;;;1;998
1;3;11;37;37274;;3;2;No inventariada;;9;7;2;;;1;1;1;;;1;998
1;4;7;37;37274;;3;2;No inventariada;;9;4;2;;;3;4;3;;;1;998
1;6;12;37;37274;;3;2;No inventariada;;9;10;1;4;;1;1;1;;;1;998
1;7;11;37;37274;;3;2;No inventariada;;9;2;1;1;;1;1;1;;;1;998
1;7;13;37;37274;;3;2;No inventariada;;9;7;2;;;1;1;1;;;11;998
1;1;16;37;37274;;3;2;No inventariada;;9;2;1;1;;1;1;1;;;1;998
1;1;22;37;37274;;3;2;No inventariada;;9;2;2;;;1;4;1;;;1;998
1;7;12;37;37274;;3;2;No inventariada;;9;4;2;;;1;1;1;;;1;998
1;5;16;37;37274;;3;2;No inventariada;;9;1;2;;;1;1;1;;;1;998
1;6;9;37;37274;;3;2;No inventariada;;9;10;2;;;1;1;1;;;1;998
1;1;7;37;37274;;3;2;No inventariada;;9;2;1;1;;1;4;1;;;1;998
1;1;23;37;37274;;3;2;No inventariada;;9;2;2;;;1;4;1;;;1;998
1;3;8;37;37274;;3;2;No inventariada;;9;4;1;4;;1;1;2;2;;5;998
1;2;7;37;37274;;3;2;No inventariada;;9;2;1;4;;1;4;1;;;1;998
2;5;15;37;37274;;1;1;A-62;241,395;3;4;2;;;1;1;1;;;1;1
1;2;9;37;37274;;3;2;No inventariada;;9;7;1;1;;1;1;1;;;1;998
2;5;15;37;37274;;3;2;No inventariada;;9;2;2;;;1;1;1;;;6;998
2;1;7;37;37274;;3;2;No inventariada;;9;4;1;4;;1;4;1;;;1;998
2;2;8;37;37274;;3;2;No inventariada;;9;4;2;;;1;1;2;;;1;998
2;2;9;37;37274;;3;2;No inventariada;;9;2;2;;;1;1;1;;;1;998
2;3;13;37;37274;;3;2;No inventariada;;9;2;1;2;;1;1;2;;;1;998
2;1;18;37;37274;;3;2;No inventariada;;9;3;2;;;1;1;1;;;1;998
2;5;15;37;37274;;3;2;No inventariada;;9;2;1;4;;3;1;3;;;1;998
1;3;12;37;37274;;3;2;No inventariada;;9;7;1;1;;1;1;1;;;17;998
2;2;13;37;37274;;3;2;No inventariada;;9;7;1;2;;1;1;1;;;1;998
2;1;21;37;37274;;3;2;No inventariada;;9;10;2;;;1;4;1;;;1;998
2;5;15;37;37274;;3;2;No inventariada;;9;2;1;3;;1;1;1;;;1;998
2;5;9;37;37274;;3;2;No inventariada;;9;5;2;;;1;1;1;;;1;998
2;4;15;37;37274;;3;2;No inventariada;;9;2;1;1;;3;1;1;;;1;998
2;4;19;37;37274;;3;2;No inventariada;;9;7;2;;;3;4;3;;;5;998
2;1;17;37;37274;;3;2;No inventariada;;9;5;2;;;1;1;1;;;1;998
2;1;20;37;37274;;3;2;No inventariada;;9;4;2;;;1;4;1;;;1;998
2;1;8;37;37274;;3;2;No inventariada;;9;7;1;2;;1;1;1;;;1;998
2;4;9;37;37274;;3;2;No inventariada;;9;4;2;;;1;1;2;;;1;998
2;1;22;37;37274;;3;2;No inventariada;;9;10;2;;;1;4;1;;;1;998
2;5;15;37;37274;;3;2;No inventariada;;9;10;2;;;3;1;3;;;1;998
2;7;14;37;37274;;3;2;No inventariada;;9;10;2;;;3;1;4;;;1;998
3;6;22;37;37274;;3;2;No inventariada;;9;10;1;4;;3;4;3;;;1;998
3;1;7;37;37274;;3;2;No inventariada;;9;4;2;;;3;3;3;;;1;998
3;1;13;37;37274;;3;2;No inventariada;;9;7;2;;;3;1;3;;;9;998
2;7;14;37;37274;;3;2;No inventariada;;9;3;1;4;;1;1;2;;;1;998
3;2;18;37;37274;;3;2;No inventariada;;9;4;1;1;;1;1;1;;;1;998
3;3;8;37;37274;;3;2;No inventariada;;9;2;1;2;;1;1;1;;;6;998
3;3;16;37;37274;;3;2;No inventariada;;9;2;2;;;1;1;1;;;1;998
3;3;21;37;37274;;3;2;No inventariada;;9;2;1;1;;1;4;1;;;2;998
3;2;13;37;37274;;3;2;No inventariada;;9;7;2;;;1;1;1;;;9;998
3;5;6;37;37274;;3;2;No inventariada;;9;2;1;4;;4;4;4;;;5;998
3;6;6;37;37274;;3;2;No inventariada;;9;20;2;;;4;4;3;;;5;998
3;5;19;37;37274;;3;2;No inventariada;;9;2;2;;;3;3;2;;;1;998
3;6;20;37;37274;;3;2;No inventariada;;9;10;2;;;3;4;2;;;1;998
3;3;16;37;37274;;3;2;No inventariada;;9;7;2;;;1;1;1;;;1;998
3;5;15;37;37274;;3;2;No inventariada;;9;4;1;1;;1;1;1;;;1;998
3;5;10;37;37274;;3;2;No inventariada;;9;7;2;;;1;1;1;;;1;998
3;5;13;37;37274;;3;2;No inventariada;;9;2;2;;;1;1;2;;;1;998
3;5;22;37;37274;;3;2;No inventariada;;9;10;2;;;3;4;3;;;1;998
3;6;3;37;37274;;3;2;No inventariada;;9;10;1;4;;1;4;1;;;1;998
3;2;7;37;37274;;1;1;N-630;338;6;3;1;4;A-66;1;3;1;;;1;2
2;7;21;37;37274;;3;2;No inventariada;;9;2;2;;;3;4;1;;;1;998
3;3;9;37;37274;;3;2;No inventariada;;9;2;1;4;;1;1;1;;;1;998
3;4;14;37;37274;;3;2;No inventariada;;9;10;2;;;1;1;1;;;1;998
3;3;8;37;37274;;3;2;No inventariada;;9;4;1;4;;1;1;1;;;1;998
3;4;20;37;37274;;3;2;No inventariada;;9;4;1;1;;1;4;1;;;1;998
3;6;19;37;37274;;3;2;No inventariada;;9;5;1;3;;1;1;1;;;1;998
3;2;14;37;37274;;3;2;No inventariada;;9;7;1;2;;1;1;1;;;1;998
3;2;20;37;37274;;3;2;No inventariada;;9;2;2;;;1;4;1;;;2;998
3;4;21;37;37274;;3;2;No inventariada;;9;2;1;1;;4;4;4;;;1;998
3;2;22;37;37274;;3;2;No inventariada;;9;2;2;;;1;4;1;;;1;998
3;1;6;37;37274;;3;2;No inventariada;;9;7;1;4;;1;4;1;;;1;998
3;2;14;37;37274;;3;2;No inventariada;;14;7;2;;;1;1;1;;;1;998
4;2;17;37;37274;;3;2;No inventariada;;9;2;1;2;;1;1;2;;;1;998
4;1;19;37;37274;;3;2;No inventariada;;9;4;2;;;1;1;2;;;1;998
4;6;0;37;37274;;3;2;No inventariada;;9;2;1;4;;1;4;1;;;1;998
4;6;10;37;37274;;3;2;No inventariada;;9;5;2;;;1;1;1;;;1;998
4;6;13;37;37274;;3;2;No inventariada;;9;10;2;;;1;1;1;;;1;998
4;5;13;37;37274;;3;2;No inventariada;;9;4;2;;;1;1;1;;;1;998
4;1;7;37;37274;;3;2;No inventariada;;9;2;1;4;;1;3;1;;;1;998
4;1;9;37;37274;;3;2;No inventariada;;9;7;1;2;;1;1;1;;;1;998
4;7;3;37;37274;;3;2;No inventariada;;9;6;2;;;1;4;1;;;1;998
4;2;8;37;37274;;3;2;No inventariada;;9;7;2;;;1;2;1;;;6;998
4;2;8;37;37274;;3;2;No inventariada;;9;20;2;;;1;6;1;;;1;998
4;2;20;37;37274;;3;2;No inventariada;;9;7;2;;;1;1;1;;;6;998
3;1;2;37;37274;;3;2;No inventariada;;9;7;2;;;3;4;2;;;1;998
4;5;20;37;37274;;3;2;No inventariada;;9;10;2;;;1;1;1;;;1;998
4;1;16;37;37274;;3;2;No inventariada;;9;2;1;2;;1;1;1;;;1;998
4;2;16;37;37274;;3;2;No inventariada;;9;6;2;;;1;1;1;;;1;998
4;3;16;37;37274;;3;2;No inventariada;;9;7;2;;;1;1;1;;;1;998
4;3;21;37;37274;;3;2;No inventariada;;9;7;2;;;1;4;1;;;1;998
4;2;8;37;37274;;3;2;No inventariada;;9;4;2;;;1;1;1;;;1;998
4;3;13;37;37274;;3;2;No inventariada;;9;2;1;1;;1;1;1;;;1;998
4;2;11;37;37274;;3;2;No inventariada;;9;10;1;4;;1;1;1;;;1;998
4;7;12;37;37274;;3;2;No inventariada;;9;2;1;12;;3;1;3;;;1;998
4;4;13;37;37274;;3;2;No inventariada;;9;4;2;;;1;1;1;;;1;998
4;5;8;37;37274;;3;2;No inventariada;;9;7;1;4;;1;1;2;;;1;998
5;5;10;37;37274;;3;2;No inventariada;;9;4;2;;;1;1;1;;;1;998
4;3;11;37;37274;;3;2;No inventariada;;9;4;2;;;1;1;1;;;1;998
5;5;16;37;37274;;3;2;No inventariada;;9;2;1;1;;1;1;1;;;1;998
4;1;14;37;37274;;3;2;No inventariada;;9;2;2;;;3;1;3;;;5;998
5;2;6;37;37274;;3;2;No inventariada;;9;2;1;1;;1;4;1;;;1;998
5;7;20;37;37274;;3;2;No inventariada;;9;2;1;4;;4;1;4;;;1;998
5;1;17;37;37274;;3;2;No inventariada;;9;7;1;1;;1;1;1;;;1;998
5;4;22;37;37274;;3;2;No inventariada;;9;2;2;;;1;4;1;;;1;998
5;6;7;37;37274;;3;2;No inventariada;;9;2;1;4;;1;1;1;;;1;998
5;7;20;37;37274;;3;2;No inventariada;;9;4;2;;;1;1;1;;;6;998
4;3;17;37;37274;;3;2;No inventariada;;9;7;1;1;;1;1;1;;;1;998
5;1;16;37;37274;;3;2;No inventariada;;9;4;2;;;1;1;1;;;1;998
5;5;11;37;37274;;3;2;No inventariada;;9;7;1;1;;1;1;1;;;1;998
5;3;10;37;37274;;3;2;No inventariada;;9;2;1;3;;1;1;1;;;1;998
5;5;7;37;37274;;3;2;No inventariada;;14;10;1;4;;3;1;1;;;1;998
5;1;16;37;37274;;3;2;No inventariada;;9;3;1;4;;1;1;1;;;1;998
5;3;16;37;37274;;3;2;No inventariada;;9;10;2;;;1;1;1;;;1;998
5;3;23;37;37274;;3;2;No inventariada;;9;2;1;4;;1;4;1;;;1;998
5;5;16;37;37274;;3;2;No inventariada;;9;3;2;;;1;1;1;;;1;998
5;5;15;37;37274;;3;2;No inventariada;;9;5;2;;;1;1;1;;;1;998
5;5;12;37;37274;;3;2;No inventariada;;9;10;1;2;;1;1;1;;;1;998
5;5;23;37;37274;;3;2;No inventariada;;9;20;2;;;1;4;1;;;1;998
5;7;19;37;37274;;3;2;No inventariada;;9;4;1;4;;1;1;1;;;1;998
5;1;17;37;37274;;3;2;No inventariada;;9;2;1;1;;1;1;1;;;1;998
5;2;8;37;37274;;3;2;No inventariada;;9;7;2;;;1;1;1;;;6;998
5;5;12;37;37274;;3;2;No inventariada;;9;7;1;2;;1;1;1;;;1;998
5;5;13;37;37274;;3;2;No inventariada;;9;4;2;;;1;1;1;;;1;998
6;1;15;37;37274;;3;2;No inventariada;;9;4;2;;;1;1;1;;;1;998
6;2;7;37;37274;;3;2;No inventariada;;9;6;2;;;1;1;1;;;1;998
6;2;11;37;37274;;3;2;No inventariada;;9;7;2;;;1;1;1;;;1;998
6;2;18;37;37274;;3;2;No inventariada;;13;1;2;;;1;1;1;;;4;998
6;4;2;37;37274;;3;2;No inventariada;;9;10;2;;;1;4;1;;;1;998
6;4;14;37;37274;;3;2;No inventariada;;9;5;2;;;1;1;1;;;1;998
6;4;13;37;37274;;3;2;No inventariada;;9;2;2;;;1;1;1;;;1;998
6;4;17;37;37274;;3;2;No inventariada;;9;2;1;4;;1;1;1;;;1;998
6;4;18;37;37274;;3;2;No inventariada;;9;10;2;;;1;1;1;;;1;998
6;6;7;37;37274;;3;2;No inventariada;;9;2;1;1;;1;1;1;;;1;998
5;3;20;37;37274;;3;2;No inventariada;;9;2;1;4;;1;1;1;;;1;998
5;3;19;37;37274;;3;2;No inventariada;;9;2;1;4;;1;1;1;;;1;998
6;5;6;37;37274;;3;2;No inventariada;;14;6;2;;;1;1;1;;;1;998
6;7;11;37;37274;;3;2;No inventariada;;9;1;1;4;;1;1;1;;;1;998
6;2;20;37;37274;;3;2;No inventariada;;9;7;2;;;1;1;1;;;1;998
6;1;14;37;37274;;3;2;No inventariada;;9;4;2;;;1;1;1;;;1;998
6;1;14;37;37274;;3;2;No inventariada;;9;2;2;;;1;1;1;;;1;998
6;5;9;37;37274;;3;2;No inventariada;;9;2;1;1;;1;1;1;;;1;998
6;6;8;37;37274;;3;2;No inventariada;;9;7;2;;;1;1;1;;;6;998
6;5;11;37;37274;;3;2;No inventariada;;9;2;2;;;1;1;1;;;1;998
6;7;12;37;37274;;3;2;No inventariada;;9;2;1;4;;1;1;1;;;1;998
6;7;12;37;37274;;3;2;No inventariada;;9;7;2;;;1;1;1;;;1;998
6;7;23;37;37274;;3;2;No inventariada;;9;2;1;1;;1;4;1;;;12;998
6;5;21;37;37274;;3;2;No inventariada;;9;11;1;1;;1;1;1;;;1;998
4;4;17;37;37274;;3;2;No inventariada;;9;7;2;;;1;1;1;;;6;998
6;3;8;37;37274;;3;2;No inventariada;;9;6;2;;;3;1;1;;;1;998
6;4;23;37;37274;;3;2;No inventariada;;9;7;2;;;1;4;1;;;1;998
6;2;13;37;37274;;3;2;No inventariada;;9;2;1;4;;3;1;4;;;1;998
6;2;12;37;37274;;3;2;No inventariada;;9;4;2;;;3;1;4;;;18;998
6;6;11;37;37274;;3;2;No inventariada;;9;10;1;2;;1;1;1;;;1;998
6;7;11;37;37274;;3;2;No inventariada;;9;4;2;;;1;1;1;;;1;998
6;1;12;37;37274;;3;2;No inventariada;;9;10;2;;;1;1;1;;;1;998
6;4;8;37;37274;;3;2;No inventariada;;9;4;2;;;1;1;1;;;1;998
6;2;11;37;37274;;3;2;No inventariada;;9;2;2;;;1;1;1;;;1;998
6;5;16;37;37274;;3;2;No inventariada;;9;2;2;;;1;1;2;;;1;998
6;2;11;37;37274;;3;2;No inventariada;;9;7;2;;;1;1;1;;;1;998
6;2;17;37;37274;;3;2;No inventariada;;9;10;1;4;;1;1;7;;;1;998
6;1;12;37;37274;;1;1;N-630;343,15;6;12;1;4;SA-20;1;1;1;;;1;2
6;6;18;37;37274;;3;2;No inventariada;;9;2;1;4;;3;1;2;;;1;998
7;1;9;37;37274;;3;2;No inventariada;;9;7;1;1;;1;1;1;;;1;998
7;3;11;37;37274;;3;2;No inventariada;;9;4;2;;;1;1;1;;;1;998
6;7;12;37;37274;;3;2;No inventariada;;9;10;2;;;8;1;1;;;1;998
7;2;12;37;37274;;3;2;No inventariada;;9;1;2;;;1;1;1;;;12;998
7;5;11;37;37274;;3;2;No inventariada;;9;3;2;;;1;1;1;;;1;998
7;6;21;37;37274;;3;2;No inventariada;;9;3;1;4;;1;1;1;;;1;998
6;2;16;37;37274;;3;2;No inventariada;;9;2;2;;;1;1;1;;;11;998
7;7;20;37;37274;;3;2;No inventariada;;9;4;1;4;;1;1;1;;;1;998
7;2;0;37;37274;;3;2;No inventariada;;9;2;2;;;1;4;1;;;1;998
7;2;18;37;37274;;3;2;No inventariada;;9;4;2;;;1;1;1;;;1;998
7;2;18;37;37274;;3;2;No inventariada;;9;4;2;;;1;1;1;;;1;998
7;3;19;37;37274;;3;2;No inventariada;;9;7;2;;;1;1;1;;;6;998
7;1;20;37;37274;;3;2;No inventariada;;9;4;1;4;;1;2;1;;;1;998
7;5;15;37;37274;;3;2;No inventariada;;9;5;1;4;;1;1;1;;;1;998
7;5;15;37;37274;;3;2;No inventariada;;9;10;1;2;;1;1;1;;;1;998
7;6;9;37;37274;;3;2;No inventariada;;9;2;2;;;1;1;1;;;1;998
6;4;14;37;37274;;3;2;No inventariada;;9;20;2;;;1;1;1;;;1;998
7;4;15;37;37274;;3;2;No inventariada;;9;20;2;;;1;1;1;;;1;998
7;5;9;37;37274;;3;2;No inventariada;;9;2;1;4;;1;1;1;;;1;998
7;6;15;37;37274;;3;2;No inventariada;;9;10;2;;;1;1;1;;;3;998
7;1;11;37;37274;;3;2;No inventariada;;9;2;2;;;1;1;1;;;1;998
7;7;8;37;37274;;3;2;No inventariada;;9;7;2;;;1;1;1;;;6;998
7;1;10;37;37274;;3;2;No inventariada;;9;3;2;;;1;1;1;;;1;998
7;4;18;37;37274;;3;2;No inventariada;;9;10;1;2;;1;1;1;;;1;998
7;2;13;37;37274;;3;2;No inventariada;;9;2;1;3;;1;1;1;;;1;998
7;3;21;37;37274;;3;2;No inventariada;;9;5;2;;;1;1;1;;;6;998
7;5;11;37;37274;;3;2;No inventariada;;9;20;2;;;1;1;1;;;1;998
7;4;19;37;37274;;3;2;No inventariada;;9;7;2;;;1;1;1;;;1;998
7;3;8;37;37274;;3;2;No inventariada;;9;2;2;;;1;1;1;;;1;998
8;4;12;37;37274;;3;2;No inventariada;;9;4;2;;;1;1;1;;;1;998
8;5;10;37;37274;;1;1;SA-20;95;5;12;1;4;CL-512;1;1;1;;;1;2
8;6;9;37;37274;;1;1;N-620;243,154;6;10;1;4;N-620a;2;1;1;;;1;2
8;6;18;37;37274;;3;2;No inventariada;;9;2;1;1;;1;1;1;;;1;998
7;1;20;37;37274;;3;2;No inventariada;;9;5;2;;;1;1;1;;;1;998
8;2;21;37;37274;;3;2;No inventariada;;9;10;2;;;7;1;1;;;1;998
8;3;15;37;37274;;3;2;No inventariada;;9;10;2;;;1;1;1;;;1;998
8;2;17;37;37274;;3;2;No inventariada;;13;10;2;;;1;1;1;;;1;998
8;3;7;37;37274;;3;2;No inventariada;;9;2;1;4;;1;1;1;;;1;998
8;2;12;37;37274;;3;2;No inventariada;;9;4;2;;;1;1;1;;;1;998
8;6;4;37;37274;;3;2;No inventariada;;9;19;2;;;1;4;1;;;1;998
8;7;17;37;37274;;3;2;No inventariada;;9;2;1;2;;1;1;1;;;1;998
8;2;11;37;37274;;3;2;No inventariada;;9;20;2;;;1;1;1;;;1;998
8;2;15;37;37274;;3;2;No inventariada;;9;2;1;4;;1;1;1;;;1;998
8;3;20;37;37274;;3;2;No inventariada;;9;4;2;;;1;1;1;;;1;998
8;4;12;37;37274;;3;2;No inventariada;;9;4;1;4;;1;1;1;;;1;998
8;4;3;37;37274;;3;2;No inventariada;;9;12;2;;;1;4;1;;;1;998
8;4;22;37;37274;;3;2;No inventariada;;9;10;2;;;1;4;1;;;1;998
8;6;14;37;37274;;3;2;No inventariada;;9;9;2;;;1;1;1;;;1;998
8;6;20;37;37274;;3;2;No inventariada;;9;10;2;;;1;1;1;;;1;998
8;1;16;37;37274;;3;2;No inventariada;;9;2;1;1;;1;1;1;;;1;998
8;4;18;37;37274;;3;2;No inventariada;;9;2;2;;;1;1;1;;;1;998
8;5;20;37;37274;;3;2;No inventariada;;9;10;1;2;;1;1;1;;;1;998
8;6;21;37;37274;;3;2;No inventariada;;9;10;2;;;3;4;2;;;1;998
8;6;20;37;37274;;3;2;No inventariada;;9;10;2;;;3;1;2;;;1;998
9;7;19;37;37274;;3;2;No inventariada;;9;2;1;4;;1;1;1;;;6;998
9;3;16;37;37274;;3;2;No inventariada;;9;6;1;4;;1;1;1;;;1;998
9;3;12;37;37274;;3;2;No inventariada;;9;2;1;4;;1;1;1;;;1;998
8;6;6;37;37274;;3;2;No inventariada;;9;3;2;;;1;4;1;;;1;998
9;5;14;37;37274;;3;2;No inventariada;;9;4;2;;;1;1;1;;;1;998
9;5;12;37;37274;;3;2;No inventariada;;9;2;1;6;;1;1;1;;;1;998
9;6;13;37;37274;;3;2;No inventariada;;9;7;2;;;1;1;1;;;1;998
9;1;8;37;37274;;1;1;N-630a;342,45;6;4;2;;;1;1;1;;;1;1
9;4;22;37;37274;;3;2;No inventariada;;9;4;2;;;1;4;1;;;1;998
9;3;12;37;37274;;3;2;No inventariada;;9;4;2;;;1;1;1;;;1;998
9;3;16;37;37274;;3;2;No inventariada;;9;2;2;;;1;1;1;;;1;998
9;4;12;37;37274;;3;2;No inventariada;;9;7;2;;;1;1;1;;;1;998
9;7;21;37;37274;;1;1;DSA-301;1,3;6;4;2;;;1;6;1;;;1;1
9;5;8;37;37274;;3;2;No inventariada;;9;7;2;;;1;1;1;;;1;998
9;6;9;37;37274;;3;2;No inventariada;;9;6;2;;;1;1;1;;;1;998
9;6;12;37;37274;;3;2;No inventariada;;9;2;1;1;;1;1;1;;;1;998
9;2;9;37;37274;;3;2;No inventariada;;9;2;1;2;;1;1;1;;;1;998
9;2;14;37;37274;;3;2;No inventariada;;9;20;1;1;;1;1;1;;;1;998
9;5;12;37;37274;;3;2;No inventariada;;9;7;2;;;1;1;1;;;1;998
9;6;14;37;37274;;3;2;No inventariada;;9;7;2;;;1;1;1;;;11;998
9;7;18;37;37274;;3;2;No inventariada;;9;10;1;4;;1;1;1;;;1;998
9;2;17;37;37274;;3;2;No inventariada;;9;7;1;2;;1;1;1;;;9;998
9;3;14;37;37274;;3;2;No inventariada;;9;2;1;2;;1;1;2;;;9;998
9;3;17;37;37274;;3;2;No inventariada;;9;4;2;;;1;1;2;;;1;998
9;3;21;37;37274;;3;2;No inventariada;;9;7;2;;;1;4;2;;;1;998
9;3;21;37;37274;;3;2;No inventariada;;9;4;2;;;1;4;2;;;1;998
9;5;22;37;37274;;3;2;No inventariada;;9;7;2;;;1;4;1;;;1;998
9;7;13;37;37274;;3;2;No inventariada;;9;2;2;;;1;1;1;;;1;998
9;6;23;37;37274;;3;2;No inventariada;;9;7;2;;;1;3;2;;;1;998
9;6;15;37;37274;;3;2;No inventariada;;9;2;1;4;;1;1;1;;;1;998
10;3;16;37;37274;;1;1;A-62;243,022;3;3;2;;;3;1;2;;;1;1
9;6;22;37;37274;;3;2;No inventariada;;9;4;2;;;1;4;1;;;1;998
9;7;22;37;37274;;3;2;No inventariada;;9;2;1;1;;1;4;1;;;1;998
10;3;12;37;37274;;3;2;No inventariada;;9;7;1;2;;1;1;1;;;1;998