MES;DIA_SEMANA;HORA;COD_PROVINCIA;COD_MUNICIPIO;ISLA;ZONA;ZONA_AGRUPADA;CARRETERA;KM;TIPO_VIA;TIPO_ACCIDENTE;NUDO;NUDO_INFO;CARRETERA_CRUCE;CONDICION_FIRME;CONDICION_ILUMINACION;CONDICION_METEO;CONDICION_NIEBLA;CONDICION_VIENTO;VISIB_RESTRINGIDA_POR;TRAZADO_PLANTA
9;5;17;37;37274;;3;2;No inventariada;;9;10;1;1;;3;1;3;;;1;998
9;4;12;37;37274;;3;2;No inventariada;;9;7;2;;;3;1;3;;;1;998
10;5;17;37;37274;;3;2;No inventariada;;9;4;2;;;1;1;2;;;1;998
10;7;15;37;37274;;3;2;No inventariada;;9;10;2;;;3;1;3;;;1;998
10;3;16;37;37274;;3;2;No inventariada;;9;2;1;1;;3;1;1;;;1;998
10;2;19;37;37274;;3;2;No inventariada;;9;10;1;1;;3;1;3;;;1;998
10;2;20;37;37274;;3;2;No inventariada;;9;10;2;;;3;3;3;;;1;998
9;3;15;37;37274;;3;2;No inventariada;;9;7;2;;;1;1;1;;;1;998
10;5;18;37;37274;;3;2;No inventariada;;9;2;1;4;;1;1;2;;;1;998
10;1;17;37;37274;;3;2;No inventariada;;9;7;2;;;1;1;1;;;1;998
10;2;13;37;37274;;3;2;No inventariada;;9;2;1;4;;1;1;1;;;1;998
10;6;19;37;37274;;3;2;No inventariada;;9;10;2;;;3;4;2;;;1;998
10;3;20;37;37274;;3;2;No inventariada;;9;7;2;;;3;4;4;;;16;998
10;6;20;37;37274;;3;2;No inventariada;;9;2;1;1;;1;4;1;;;1;998
7;3;17;37;37274;;3;2;No inventariada;;9;10;2;;;1;1;1;;;1;998
10;5;0;37;37274;;3;2;No inventariada;;9;6;2;;;1;4;2;;;1;998
10;7;0;37;37274;;3;2;No inventariada;;9;10;2;;;1;4;1;;;1;998
10;4;13;37;37274;;3;2;No inventariada;;9;2;2;;;1;1;1;;;1;998
10;1;19;37;37274;;3;2;No inventariada;;9;2;2;;;1;1;1;;;1;998
10;4;23;37;37274;;3;2;No inventariada;;9;4;2;;;1;1;1;;;1;998
10;2;8;37;37274;;3;2;No inventariada;;9;7;1;1;;1;1;1;;;1;998
10;2;19;37;37274;;3;2;No inventariada;;9;2;1;1;;1;3;1;;;1;998
10;3;21;37;37274;;3;2;No inventariada;;9;5;2;;;1;4;1;;;1;998
10;4;19;37;37274;;3;2;No inventariada;;9;4;2;;;1;4;1;;;1;998
10;5;4;37;37274;;3;2;No inventariada;;9;10;2;;;3;4;2;;;1;998
10;5;20;37;37274;;3;2;No inventariada;;9;10;2;;;1;4;1;;;1;998
10;7;23;37;37274;;3;2;No inventariada;;9;4;2;;;1;4;1;;;1;998
10;1;14;37;37274;;3;2;No inventariada;;9;4;2;;;1;1;1;;;1;998
10;1;15;37;37274;;3;2;No inventariada;;9;2;1;1;;1;1;2;;;1;998
10;3;14;37;37274;;3;2;No inventariada;;9;20;2;;;1;1;1;;;1;998
10;3;19;37;37274;;3;2;No inventariada;;9;4;2;;;1;4;1;;;1;998
11;7;19;37;37274;;3;2;No inventariada;;9;5;2;;;1;4;1;;;1;998
11;1;14;37;37274;;3;2;No inventariada;;9;4;2;;;1;1;1;;;1;998
11;1;7;37;37274;;3;2;No inventariada;;9;1;1;4;;1;1;1;;;1;998
11;6;12;37;37274;;3;2;No inventariada;;9;4;2;;;1;1;1;;;1;998
11;5;13;37;37274;;3;2;No inventariada;;13;7;2;;;1;1;1;;;1;998
11;5;16;37;37274;;3;2;No inventariada;;9;2;2;;;1;1;1;;;1;998
9;5;12;37;37274;;3;2;No inventariada;;14;6;2;;;1;4;7;;;18;998
11;6;12;37;37274;;3;2;No inventariada;;9;7;2;;;1;1;1;;;1;998
11;4;14;37;37274;;3;2;No inventariada;;9;2;1;2;;1;1;1;;;11;998
11;1;8;37;37274;;3;2;No inventariada;;9;7;1;2;;1;1;2;;;1;998
11;2;20;37;37274;;3;2;No inventariada;;9;10;2;;;1;4;1;;;1;998
11;3;13;37;37274;;3;2;No inventariada;;9;2;1;4;;1;1;2;;;1;998
11;2;11;37;37274;;3;2;No inventariada;;9;2;1;4;;1;1;1;;;1;998
11;3;17;37;37274;;3;2;No inventariada;;9;7;2;;;3;1;3;;;1;998
11;4;7;37;37274;;3;2;No inventariada;;9;10;2;;;1;4;2;;;1;998
11;3;21;37;37274;;3;2;No inventariada;;9;2;1;4;;1;4;1;;;1;998
11;5;11;37;37274;;3;2;No inventariada;;9;2;2;;;1;1;1;;;1;998
11;2;4;37;37274;;3;2;No inventariada;;9;17;2;;;1;5;1;;;1;998
11;5;16;37;37274;;3;2;No inventariada;;9;7;1;1;;1;1;1;;;6;998
11;2;20;37;37274;;3;2;No inventariada;;9;6;2;;;1;4;1;;;1;998
11;5;12;37;37274;;3;2;No inventariada;;9;7;2;;;1;1;1;;;1;998
11;3;22;37;37274;;3;2;No inventariada;;9;10;2;;;1;4;1;;;1;998
11;4;14;37;37274;;3;2;No inventariada;;9;2;1;2;;1;1;1;;;1;998
11;5;8;37;37274;;3;2;No inventariada;;9;2;1;4;;1;1;1;;;1;998
12;1;8;37;37274;;3;2;No inventariada;;9;10;1;2;;3;1;1;;;1;998
12;2;14;37;37274;;3;2;No inventariada;;9;4;2;;;1;1;1;;;1;998
12;1;21;37;37274;;3;2;No inventariada;;9;2;1;4;;1;4;1;;;1;998
12;1;20;37;37274;;3;2;No inventariada;;9;7;2;;;1;4;1;;;1;998
12;3;6;37;37274;;3;2;No inventariada;;9;16;2;;;1;4;1;;;1;998
11;2;19;37;37274;;3;2;No inventariada;;9;10;1;4;;1;4;1;;;1;998
12;7;22;37;37274;;3;2;No inventariada;;9;2;1;2;;1;4;1;;;1;998
12;6;6;37;37274;;3;2;No inventariada;;9;6;2;;;1;4;1;;;1;998
11;5;10;37;37274;;3;2;No inventariada;;14;10;1;1;;3;1;3;;;1;998
12;4;7;37;37274;;3;2;No inventariada;;9;7;2;;;1;3;1;;;1;998
12;4;11;37;37274;;3;2;No inventariada;;9;20;2;;;1;1;1;;;1;998
10;4;21;37;37274;;3;2;No inventariada;;9;20;2;;;1;3;1;;;1;998
10;7;20;37;37274;;3;2;No inventariada;;9;7;2;;;1;1;1;;;1;998
12;5;9;37;37274;;3;2;No inventariada;;9;7;2;;;1;1;1;;;1;998
12;1;20;37;37274;;3;2;No inventariada;;9;7;1;2;;3;4;1;;;1;998
12;2;18;37;37274;;3;2;No inventariada;;9;4;2;;;1;4;1;;;1;998
12;4;16;37;37274;;3;2;No inventariada;;9;10;1;2;;1;1;1;;;1;998
12;5;16;37;37274;;3;2;No inventariada;;9;7;1;1;;1;1;1;;;12;998
12;6;19;37;37274;;3;2;No inventariada;;9;7;2;;;1;4;1;;;9;998
12;7;0;37;37274;;3;2;No inventariada;;9;10;2;;;1;4;1;;;1;998
12;1;0;37;37274;;3;2;No inventariada;;9;2;1;1;;3;4;1;;;1;998
12;3;19;37;37274;;3;2;No inventariada;;9;1;1;5;;3;4;1;1;;1;998
12;4;21;37;37274;;1;1;CL-517;0,4;6;19;2;;;3;6;2;2;;5;1
10;3;11;37;37274;;3;2;No inventariada;;9;1;2;;;1;1;1;;;1;998
12;1;21;37;37274;;3;2;No inventariada;;9;2;1;2;;1;4;1;;;1;998
12;2;1;37;37274;;3;2;No inventariada;;9;8;2;;;1;4;1;;;1;998
12;7;0;37;37274;;3;2;No inventariada;;9;10;1;2;;1;4;1;;;1;998
12;2;12;37;37274;;3;2;No inventariada;;9;4;2;;;1;1;2;1;;1;998
1;7;13;37;0;;1;1;A-62;311,375;3;10;2;;;3;1;3;;;1;3
2;1;8;37;0;;1;1;A-62;305,25;3;18;2;;;1;1;1;;;1;1
3;1;12;37;0;;1;1;A-62;308,3;3;18;2;;;4;1;4;;1;5;3
5;2;4;37;0;;1;1;A-62;304;3;12;2;;;1;6;1;;;1;1
6;4;14;37;0;;1;1;A-62;307,1;3;18;2;;;1;1;1;;;1;1
8;6;9;37;0;;1;1;A-62;308,784;3;16;1;4;N-620a;1;1;1;;;1;1
7;6;15;37;0;;1;1;SA-205;33,496;6;15;2;;;1;1;1;;;1;2
2;7;13;37;0;;1;1;SA-220;30,2;6;19;2;;;1;1;1;;;1;2
4;7;20;37;0;;1;1;SA-205;30,9;6;19;2;;;1;1;1;;;4;2
3;5;10;37;37085;;1;1;SA-20;91,9;5;4;1;4;A-50;3;1;3;;;1;4
1;2;19;37;37294;;3;2;No inventariada;;9;7;1;2;;1;4;2;;;1;998
2;3;19;37;37294;;3;2;No inventariada;;9;2;1;4;;1;4;2;;;1;998
1;2;21;37;37294;;3;2;No inventariada;;9;7;2;;;1;4;2;;;1;998
3;2;10;37;37294;;3;2;No inventariada;;9;7;1;4;;1;1;2;;;1;998
3;2;8;37;37294;;3;2;No inventariada;;9;3;2;;;1;1;2;;;1;998
3;7;20;37;37294;;3;2;No inventariada;;9;2;1;4;A-50;1;4;2;;;1;998
3;2;20;37;37294;;3;2;No inventariada;;9;7;2;;;1;4;2;;;1;998
3;5;11;37;37294;;3;2;No inventariada;;9;2;1;4;;1;1;2;;;1;998
4;1;11;37;37294;;3;2;No inventariada;;9;2;1;2;;1;1;2;;;1;998
4;6;12;37;37294;;3;2;No inventariada;;9;7;2;;;1;1;2;;;1;998
3;1;14;37;37294;;3;2;No inventariada;;9;2;1;4;;1;1;2;;;1;998
5;4;12;37;37294;;3;2;No inventariada;;14;4;1;4;;1;1;1;;;1;998
6;3;0;37;37294;;3;2;No inventariada;;9;3;2;;;1;3;1;;;1;998
6;5;10;37;37294;;3;2;No inventariada;;9;4;1;4;;1;1;1;;;1;998
6;5;17;37;37294;;3;2;No inventariada;;9;7;2;;;1;1;1;;;1;998
6;5;11;37;37294;;3;2;No inventariada;;9;20;2;;;1;1;1;;;1;998
6;7;23;37;37294;;3;2;No inventariada;;9;4;2;;;1;4;2;;;1;998
4;4;8;37;37294;;3;2;No inventariada;;9;2;1;1;;1;1;1;;;1;998
5;5;18;37;37294;;3;2;No inventariada;;9;20;2;;;1;1;1;;;1;998
5;3;12;37;37294;;3;2;No inventariada;;9;4;2;;;1;1;2;;;1;998
5;2;14;37;37294;;3;2;No inventariada;;9;4;2;;;1;1;2;;;1;998
4;4;20;37;37294;;3;2;No inventariada;;9;4;2;;;1;1;2;;;1;998
8;7;15;37;37294;;3;2;No inventariada;;9;7;2;;;1;1;1;;;6;998
8;2;19;37;37294;;3;2;No inventariada;;9;4;2;;;1;1;2;;;1;998
7;1;16;37;37294;;3;2;No inventariada;;9;3;2;;;1;1;1;;;1;998
7;4;22;37;37294;;3;2;No inventariada;;9;7;2;;;1;1;2;;;1;998
7;2;7;37;37294;;3;2;No inventariada;;9;7;1;4;;1;1;2;;;1;998
5;3;17;37;37294;;3;2;No inventariada;;9;10;2;;;1;1;1;;;1;998
9;7;22;37;37294;;3;2;No inventariada;;9;6;2;;;1;4;1;;;1;998
9;2;15;37;37294;;3;2;No inventariada;;9;3;1;4;;1;1;2;;;1;998
10;6;7;37;37294;;1;1;CL-510;2,11;6;1;2;;;3;6;1;;;1;1
9;3;20;37;37294;;3;2;No inventariada;;9;7;2;;;1;1;1;;;1;998
10;3;12;37;37294;;3;2;No inventariada;;9;4;2;;;1;1;1;;;1;998
10;7;9;37;37294;;3;2;No inventariada;;9;20;1;4;;1;1;1;;;1;998
9;2;12;37;37294;;3;2;No inventariada;;9;10;2;;;1;1;1;;;1;998
11;3;14;37;37294;;3;2;No inventariada;;14;2;2;;;1;1;1;;;1;998
8;3;18;37;37294;;3;2;No inventariada;;9;2;1;4;;1;1;1;;;1;998
9;4;13;37;37294;;3;2;No inventariada;;14;4;2;;;1;1;2;;;1;998
9;2;19;37;37294;;3;2;No inventariada;;9;4;2;;;1;1;2;;;1;998
11;1;7;37;37294;;3;2;No inventariada;;9;7;2;;;3;3;3;;;5;998
12;2;19;37;37294;;3;2;No inventariada;;9;4;2;;;1;4;1;;;1;998
12;1;16;37;37294;;3;2;No inventariada;;9;2;1;4;;1;1;1;;;1;998
9;1;12;37;0;;3;2;No inventariada;;9;10;2;;;1;1;1;;;1;998
3;7;12;37;0;;1;1;DSA-170;4,496;6;18;2;;;3;1;3;;;1;1
2;5;12;37;0;;1;1;SA-114;38,6;6;18;2;;;3;1;3;;;1;1
12;3;16;37;0;;1;1;A-66;403,75;3;15;2;;;1;1;2;;;1;1
10;6;15;37;0;;1;1;SA-225;10;6;16;2;;;1;1;1;;;1;2
2;4;13;37;0;;1;1;SA-215;18,798;6;1;2;;;1;1;1;;;1;1
6;7;19;37;0;;1;1;SA-201;2,671;6;12;2;;;1;1;1;;;1;1
6;1;9;37;0;;1;1;CL-510;10,537;6;4;1;2;;1;1;1;;;1;1
8;5;10;37;0;;1;1;DSA-670;5,58;6;3;1;1;;1;1;1;;;2;1
11;4;8;37;0;;1;1;A-66;317,85;3;5;2;;;3;6;2;2;;5;1
5;2;11;37;0;;1;1;SA-315;58,1;6;2;1;5;SA-302;1;1;1;;;1;1
6;6;16;37;0;;1;1;DSA-285;4,9;6;19;2;;;1;1;1;;;1;2
1;4;13;37;0;;1;1;DSA-560;11;6;13;2;;;1;1;1;;;18;2
6;4;8;37;0;;1;1;DSA-530;1,6;6;3;2;;;1;1;1;;;1;1
6;7;9;37;0;;1;1;DSA-564;0,741;6;14;2;;;1;1;1;;;1;1
1;2;22;37;0;;1;1;N-630a;409,067;6;2;1;2;SA-100;1;6;1;;;1;3
2;4;8;37;0;;1;1;A-66;409,4;3;16;2;;;1;2;1;;;1;1
4;6;21;37;0;;1;1;A-66;408;3;12;2;;;5;6;3;;;1;1
8;5;19;37;0;;1;1;N-630a;409,07;6;2;1;1;SA-100;1;1;1;;;18;3
7;4;1;37;0;;1;1;SA-605;12,55;6;15;2;;;1;6;1;;;1;1
10;1;16;37;0;;1;1;N-501;67,114;6;2;1;2;;1;1;1;;;1;1
1;2;18;37;37354;;1;1;GUDINO;1;10;1;2;;;1;1;1;;;6;1
3;7;13;37;0;;1;1;SA-300;4,506;6;4;1;2;SA-300;3;1;3;;;1;1
3;3;13;37;37354;;3;2;No inventariada;;9;20;2;;;1;1;1;;1;1;998
4;1;9;37;37354;;3;2;No inventariada;;9;1;2;;;1;1;2;;;1;998
4;6;21;37;37354;;1;1;SA-300;2,4;6;19;2;;;1;2;1;;;1;1
6;1;18;37;37354;;3;2;No inventariada;;13;10;2;;;1;1;1;;;1;998
7;6;2;37;37354;;1;1;CM-547;1,8;6;12;2;;;1;4;1;;;1;1
10;3;18;37;37354;;3;2;No inventariada;;9;12;1;4;;1;1;1;;;1;998
12;1;8;37;37354;;3;2;No inventariada;;9;10;2;;;5;2;1;;;1;998
6;2;17;37;0;;3;2;No inventariada;;9;7;2;;;1;1;1;;;1;998
3;2;18;37;0;;1;1;CAMINAR GE;1;10;14;2;;;2;1;3;;;12;1
3;2;5;37;0;;1;1;CL-517;45,124;6;14;2;;;3;6;2;;;1;1
3;6;15;37;0;;1;1;CL-517;46;6;18;2;;;3;1;6;;;1;1
1;1;9;37;37362;;1;1;A-66;334,5;3;4;2;;;1;1;1;;;1;1
4;4;21;37;37362;;1;1;DSA-610;3,6;6;1;2;;;1;6;1;;;1;1
4;1;9;37;37362;;3;2;No inventariada;;9;2;1;1;;1;1;1;;;1;998
4;7;20;37;0;;1;1;DSA-610;0,902;6;2;1;1;;1;1;1;;;1;1
7;1;11;37;37362;;1;1;N-620a;233,75;6;7;2;;;1;1;1;;;1;1
7;2;6;37;37362;;1;1;CM-545;1,155;6;19;2;;;1;2;1;;;1;3
8;4;7;37;37362;;1;1;A-62;237,95;3;4;2;;;1;2;1;;;6;1
8;5;14;37;37362;;1;1;A-62;237,874;3;4;1;4;;1;1;1;;;1;2
10;5;17;37;37362;;3;2;No inventariada;;9;12;2;;;1;1;1;;;1;998
11;7;19;37;37362;;1;1;A-66;332,548;3;15;2;;;1;6;1;;;1;2
11;6;21;37;37362;;1;1;A-62;235,291;3;19;2;;;1;6;1;;;1;1
11;1;18;37;37362;;1;1;N-620a;233,4;6;7;2;;;1;4;1;;;1;1
12;7;20;37;37362;;1;1;N-620a;233,273;6;7;2;;;1;4;1;;;1;1
12;6;19;37;37362;;1;1;CAMINO FUE;1;10;14;2;;;1;6;1;;;1;1
12;6;2;37;37362;;1;1;A-62;239;3;16;2;;;3;6;1;;;1;3
11;4;7;37;0;;1;1;CMVI5;1,2;10;2;2;;;1;2;1;;;4;3
12;4;3;37;0;;1;1;DSA-563;1,7;6;14;2;;;3;6;4;;;5;1
7;1;19;37;0;;1;1;DSA-571;2,2;6;14;2;;;1;1;1;;;1;2
10;3;13;37;0;;1;1;CL-517;34,363;6;19;2;;;1;1;1;;;1;2
7;3;19;37;0;;3;2;No inventariada;;9;7;2;;;1;1;1;;;1;998
7;3;13;37;0;;1;1;CL-517;60,329;6;1;2;;;1;1;1;;;1;1
9;1;9;37;0;;1;1;CL-517;62,9;6;16;2;;;1;1;1;;;1;3
10;7;12;37;0;;1;1;DSA-553;0,4;6;12;2;;;3;1;4;;;16;1
9;1;10;37;0;;1;1;DSA-700;8,8;6;20;2;;;1;1;1;;;1;1
1;2;9;38;38001;;1;1;TF-1;81,051;2;4;2;;;1;1;1;;;1;1
1;4;14;38;38001;10;3;2;No inventariada;;9;2;2;;;1;1;1;;;1;998
1;5;9;38;38001;10;3;2;No inventariada;;9;20;2;;;1;1;1;;;1;998
1;7;17;38;38001;10;3;2;No inventariada;;9;19;2;;;2;1;1;;;1;998
1;7;3;38;38001;10;3;2;No inventariada;;9;16;2;;;1;4;1;;;1;998
1;1;17;38;38001;10;1;1;TF-1;76,359;2;4;2;;;1;1;1;;;1;1
1;2;8;38;38001;;1;1;TF-47;0,1;6;3;1;4;TF-1;1;1;1;;;1;1
1;3;5;38;38001;10;1;1;TF-1;81,5;2;1;2;;;1;6;1;;;1;1
1;2;21;38;38001;10;3;2;No inventariada;;9;7;2;;;1;4;1;;;1;998
1;1;14;38;38001;10;3;2;No inventariada;;9;16;2;;;1;1;1;;;1;998
2;6;19;38;38001;10;3;2;No inventariada;;9;2;2;;;1;2;1;;;1;998
2;4;17;38;38001;10;3;2;No inventariada;;9;2;1;2;;1;1;1;;;1;998
2;4;13;38;38001;10;3;2;No inventariada;;9;2;1;2;;1;1;1;;;1;998
2;5;8;38;38001;;1;1;TF-1;78,622;2;5;2;;;1;1;1;;;1;1
2;5;6;38;38001;10;1;1;TF-1;76;2;7;2;;;1;4;1;;;1;1
1;3;15;38;38001;10;1;1;TF-1;77;2;4;2;;;1;1;1;;;1;1
2;2;9;38;38001;10;3;2;No inventariada;;9;4;2;;;1;1;1;;;1;998
2;1;15;38;38001;;1;1;TF-1;74,605;2;16;2;;;1;1;1;;;1;1
2;3;17;38;38001;10;3;2;No inventariada;;9;10;1;5;;1;1;1;;;1;998
2;3;16;38;38001;10;3;2;No inventariada;;9;16;2;;;1;1;1;;;1;998
2;4;20;38;38001;10;3;2;No inventariada;;9;7;2;;;1;4;1;;;1;998
2;1;11;38;38001;10;3;2;No inventariada;;9;4;1;4;;1;1;1;;;1;998
3;6;5;38;38001;10;1;1;TF-47;3,3;6;1;2;;;1;6;1;;;1;1
3;2;19;38;38001;;1;1;TF-47;3,55;6;4;2;;;1;2;1;;;1;3
3;2;2;38;38001;10;3;2;No inventariada;;14;10;2;;;1;4;1;;;1;998
3;5;7;38;38001;10;3;2;No inventariada;;9;10;1;4;;7;1;1;;;1;998
3;5;16;38;38001;10;3;2;No inventariada;;9;3;1;4;;1;1;1;;;1;998
3;7;5;38;38001;10;3;2;No inventariada;;9;10;2;;;1;4;3;;;1;998
3;2;18;38;38001;10;3;2;No inventariada;;9;2;2;;;1;3;1;;;1;998
3;2;10;38;38001;10;3;2;No inventariada;;9;10;2;;;1;1;1;;;1;998
4;1;17;38;38001;10;3;2;No inventariada;;9;1;2;;;1;1;1;;;1;998
4;6;4;38;38001;10;1;1;TF-1;76,2;2;7;2;;;1;6;1;;;1;1
4;6;8;38;38001;;1;1;TF-1;76,257;2;4;2;;;1;1;1;;;1;1
4;6;19;38;38001;10;3;2;No inventariada;;9;10;1;7;;1;1;1;;;1;998
4;6;17;38;38001;10;3;2;No inventariada;;9;7;2;;;1;1;1;;;3;998
4;5;22;38;38001;10;3;2;No inventariada;;9;6;2;;;1;4;1;;;1;998
4;2;17;38;38001;0;1;1;TF-1;75,578;2;4;2;;;1;1;1;;;1;1
4;2;17;38;38001;10;1;1;TF-82;44,7;6;2;2;;;1;1;1;;;1;1
4;2;13;38;38001;10;3;2;No inventariada;;9;10;1;2;;1;1;1;;;9;998
4;4;11;38;38001;10;3;2;No inventariada;;9;2;2;;;1;1;1;;;1;998
4;2;17;38;38001;10;3;2;No inventariada;;9;10;2;;;1;1;1;;;1;998
4;5;9;38;38001;;1;1;TF-47;5,538;6;19;2;;;1;1;1;;;1;1
4;1;22;38;38001;10;3;2;No inventariada;;9;3;1;1;;1;4;1;;;1;998
5;6;21;38;38001;10;3;2;No inventariada;;9;15;1;4;;1;4;1;;;1;998
5;1;13;38;38001;10;3;2;No inventariada;;9;10;2;;;1;1;1;;;1;998
5;4;20;38;38001;10;3;2;No inventariada;;9;2;2;;;1;2;1;;;1;998
5;6;0;38;38006;10;1;1;TF-1;73,601;2;20;2;;;1;6;1;;;1;3
5;1;13;38;38001;10;3;2;No inventariada;;9;10;2;;;1;1;1;;;1;998
5;3;15;38;38001;;1;1;TF-47;0,166;6;2;2;;;1;1;2;;;1;1
5;3;3;38;38001;10;3;2;No inventariada;;14;10;2;;;1;3;1;;;1;998
5;4;18;38;38001;10;3;2;No inventariada;;14;10;2;;;1;1;1;;;1;998
5;5;21;38;38001;10;3;2;No inventariada;;14;10;2;;;1;4;1;;;1;998
5;2;12;38;38001;10;3;2;No inventariada;;9;7;2;;;1;1;1;;;1;998
5;6;6;38;38001;10;3;2;No inventariada;;9;7;1;5;;1;4;1;;;4;998
5;5;10;38;38001;;1;1;TF-47;0,5;6;4;2;;;1;1;1;;;1;1
5;7;10;38;38001;10;3;2;No inventariada;;9;10;2;;;1;1;1;;;1;998
5;4;11;38;38001;10;3;2;No inventariada;;9;4;1;4;;1;1;1;;;1;998
5;6;3;38;38001;10;3;2;No inventariada;;9;19;2;;;1;4;1;;;1;998
6;1;11;38;38001;;1;1;TF-481;0,1;6;10;1;2;TF-1;7;1;2;;;1;3
6;1;12;38;38001;10;1;1;TF-1;81;2;4;1;4;;1;1;1;;;1;1
6;7;1;38;38001;;1;1;TF-47;0,685;6;17;2;;;1;6;1;;;1;2
6;7;20;38;38001;10;3;2;No inventariada;;9;12;2;;;1;1;1;;;1;998
6;6;15;38;38001;10;3;2;No inventariada;;9;3;2;;;1;1;1;;;1;998
6;2;23;38;38001;;1;1;TF-1;77,035;2;12;2;;;1;4;1;;;1;1
6;4;7;38;38001;10;3;2;No inventariada;;14;3;2;;;1;1;1;;;17;998
7;1;10;38;38001;10;3;2;No inventariada;;9;10;2;;;1;1;1;;;1;998
6;4;11;38;38001;10;3;2;No inventariada;;9;2;1;2;;1;1;1;;;1;998
6;1;1;38;38001;10;3;2;No inventariada;;7;3;2;;;1;4;1;;;1;998
6;2;17;38;38001;10;3;2;No inventariada;;9;12;2;;;1;1;1;;;1;998
7;1;6;38;38001;10;3;2;No inventariada;;9;6;2;;;1;3;1;;;1;998
7;2;15;38;38001;10;3;2;No inventariada;;9;2;2;;;1;1;1;;;1;998
6;4;7;38;38001;10;3;2;No inventariada;;9;13;2;;;1;1;1;;;1;998
7;7;19;38;38001;10;3;2;No inventariada;;9;10;2;;;1;1;1;;;1;998
7;6;22;38;38001;10;3;2;No inventariada;;9;15;2;;;1;4;1;;;1;998
7;6;15;38;38001;10;3;2;No inventariada;;9;15;2;;;1;1;1;;;1;998
7;7;18;38;38001;10;3;2;No inventariada;;9;2;2;;;1;1;1;;;17;998
7;1;15;38;38001;10;1;1;TF-1;75,475;2;4;2;;;1;1;1;;;1;1
7;7;22;38;38001;;1;1;TF-47;6,306;6;15;2;;;1;6;1;;;1;3
7;1;8;38;38001;10;3;2;No inventariada;;9;7;2;;;1;1;1;;;1;998
7;4;23;38;38001;;1;1;TF-1;76,885;2;10;2;;;1;4;1;;;1;1
7;3;10;38;38001;10;3;2;No inventariada;;9;3;2;;;1;1;1;;;1;998
8;6;5;38;38001;;1;1;TF-1;74,611;2;18;2;;;1;6;1;;;1;3
8;3;12;38;38001;10;3;2;No inventariada;;9;4;2;;;1;1;1;;;1;998
8;6;22;38;38001;10;3;2;No inventariada;;9;16;2;;;1;4;1;;;1;998
8;5;18;38;38001;10;3;2;No inventariada;;9;4;2;;;1;1;1;;;1;998
8;1;14;38;38001;10;3;2;No inventariada;;9;4;2;;;1;1;1;;;1;998
8;2;15;38;38001;10;3;2;No inventariada;;9;10;1;2;;7;1;1;;;1;998
8;5;17;38;38001;10;1;1;TF-47;3,7;6;2;1;2;;1;1;1;;;1;1
8;3;7;38;38001;;1;1;TF-1;83,057;2;4;2;;;1;1;1;;;1;1
8;5;21;38;38001;;1;1;TF-1;76,929;2;4;2;;;1;4;7;;;1;1
8;6;14;38;38001;;1;1;TF-1;77,7;2;4;1;4;;1;1;1;;;1;1
9;5;19;38;38001;10;3;2;No inventariada;;9;4;2;;;1;1;1;;;1;998
9;2;16;38;38001;10;3;2;No inventariada;;9;4;2;;;1;1;1;;;1;998
9;3;21;38;38001;10;3;2;No inventariada;;11;1;2;;;1;4;1;;;1;998
9;7;15;38;38001;10;3;2;No inventariada;;9;2;2;;;1;1;1;;;1;998
9;2;14;38;38001;;1;1;TF-481;2,933;6;4;2;;;1;1;2;;;1;1
9;1;20;38;38001;0;1;1;TF-1;75,1;2;4;2;;;1;6;1;;;1;1
9;6;22;38;38001;10;3;2;No inventariada;;9;3;2;;;1;4;1;;;1;998
9;5;3;38;38001;10;3;2;No inventariada;;9;10;2;;;1;4;1;;;1;998
9;7;1;38;38001;10;3;2;No inventariada;;9;3;1;2;;1;4;1;;;1;998
9;3;15;38;38001;10;3;2;No inventariada;;9;10;2;;;1;1;1;;;1;998
10;2;22;38;38001;10;3;2;No inventariada;;9;2;2;;;1;4;1;;;17;998
10;4;21;38;38006;10;1;1;TF-28;95,23;6;2;1;1;TF-1;1;5;1;;;1;1
10;5;23;38;38001;10;3;2;No inventariada;;9;10;2;;;7;4;1;;;1;998
10;4;14;38;38001;;1;1;TF-1;79,369;2;4;2;;;1;1;1;;;1;1
10;2;14;38;38001;10;1;1;TF-47;2,5;6;4;2;;;1;1;1;;;1;1
10;1;11;38;38001;10;3;2;No inventariada;;9;2;1;2;;1;1;1;;;9;998
11;6;11;38;38001;10;3;2;No inventariada;;9;16;2;;;1;1;1;;;1;998
11;7;17;38;38040;10;1;1;TF-1;97,882;2;4;2;;;1;1;1;;;1;1
11;7;21;38;38001;10;3;2;No inventariada;;14;7;2;;;1;4;1;;;17;998
11;1;6;38;38001;10;3;2;No inventariada;;14;10;2;;;1;4;1;;;1;998
11;4;19;38;38001;;1;1;TF-1;75,4;2;4;2;;;1;6;1;;;1;1
11;4;2;38;38001;10;3;2;No inventariada;;9;10;2;;;3;4;1;;;14;998
11;5;14;38;38001;;1;1;TF-47;0,153;6;5;2;;;1;1;1;;;1;1