MES;DIA_SEMANA;HORA;COD_PROVINCIA;COD_MUNICIPIO;ISLA;ZONA;ZONA_AGRUPADA;CARRETERA;KM;TIPO_VIA;TIPO_ACCIDENTE;NUDO;NUDO_INFO;CARRETERA_CRUCE;CONDICION_FIRME;CONDICION_ILUMINACION;CONDICION_METEO;CONDICION_NIEBLA;CONDICION_VIENTO;VISIB_RESTRINGIDA_POR;TRAZADO_PLANTA
11;6;0;38;38019;10;1;1;TF-47;16;6;10;2;;;1;6;1;;;1;1
11;5;16;38;38001;10;3;2;No inventariada;;9;7;2;;;1;1;1;;;1;998
11;4;14;38;38001;;1;1;TF-1;80,838;2;4;1;4;;1;1;1;;;1;1
11;5;17;38;38001;;1;1;TF-1;76,363;2;5;2;;;1;1;1;;;1;1
12;4;17;38;38001;;1;1;TF-1;76,807;2;4;2;;;1;1;1;;;1;1
12;3;17;38;38001;10;3;2;No inventariada;;9;7;2;;;1;2;1;;;1;998
12;3;18;38;38001;10;3;2;No inventariada;;9;3;2;;;1;3;1;;;1;998
12;6;5;38;38001;0;1;1;TF-1;78,982;2;12;2;;;1;4;1;;;1;1
12;1;12;38;38001;;1;1;TF-1;75,663;2;5;2;;;1;1;1;;;1;1
12;5;6;38;38001;10;3;2;No inventariada;;9;7;2;;;1;4;1;;;1;998
12;1;10;38;38001;10;3;2;No inventariada;;9;10;2;;;1;1;2;;;1;998
12;2;10;38;38001;;1;1;TF-1;74,374;2;5;2;;;1;1;1;;1;1;1
12;2;10;38;38001;10;3;2;No inventariada;;9;3;1;5;;1;1;1;;;1;998
12;5;11;38;38001;;1;1;TF-47;5,548;6;4;2;;;1;1;1;;;1;1
12;2;9;38;38001;10;1;1;TF-1;79;2;20;2;;;1;1;1;;;1;1
12;6;22;38;38001;;1;1;TF-47;0,151;6;4;2;;;1;6;1;;;1;1
12;2;7;38;38001;;1;1;TF-1;74,927;2;3;2;;;1;6;7;;;4;3
12;2;14;38;38006;10;1;1;TF-1;73,52;2;9;2;;;1;1;1;;;1;1
12;2;16;38;38001;0;1;1;TF-47;2,587;6;2;2;;;1;1;1;;;1;1
12;6;16;38;38001;10;3;2;No inventariada;;9;7;2;;;1;1;1;;;1;998
12;4;13;38;38001;10;3;2;No inventariada;;9;18;2;;;1;1;1;;;1;998
12;2;7;38;38001;10;3;2;No inventariada;;9;9;2;;;1;1;1;;;1;998
12;2;3;38;38001;;1;1;TF-1;80,79;2;16;1;4;;1;6;1;;;1;1
1;1;9;38;38004;10;1;1;TF-24;25;6;13;2;;;1;1;1;;;1;1
1;7;15;38;38011;10;1;1;TF-523;9,619;6;4;2;;;1;1;1;;;1;3
1;1;17;38;38004;10;1;1;TF-523;8,8;6;19;2;;;1;1;1;;;1;3
3;7;0;38;38004;0;1;1;TF-281;0,607;6;15;2;;;1;5;1;;;1;3
4;1;22;38;38004;;1;1;TF-245;1;6;6;2;;;1;5;1;;1;11;1
4;7;13;38;38004;;1;1;TF-523;5,1;6;10;2;;;1;1;1;;;1;2
4;7;6;38;38004;;1;1;TF-245;1,798;6;16;2;;;1;4;2;;;1;3
5;6;13;38;38004;;1;1;TF-245;2,8;6;19;2;;;1;1;1;;;1;2
5;5;14;38;38004;10;1;1;TF-281;0,2;6;1;2;;;1;1;1;;;1;2
6;2;8;38;38004;0;1;1;TF-1;19;2;4;2;;;1;1;1;;;1;1
6;4;14;38;38004;;1;1;TF-523;2,6;6;17;2;;;1;1;1;;;1;3
7;3;11;38;38004;0;1;1;TF-281;0,6;6;14;2;;;1;1;1;;;1;1
7;5;19;38;38004;;3;2;No inventariada;;14;2;1;2;TF-283;1;1;1;;;18;998
7;6;21;38;38004;;1;1;TF-245;1,343;6;15;2;;;1;2;1;;;4;3
8;3;15;38;38004;;1;1;TF-281;1,438;6;10;2;;;1;1;1;;;1;1
9;1;3;38;38004;10;1;1;TF-1;19,1;2;16;2;;;1;4;1;;;1;1
10;6;11;38;38004;10;1;1;TF-523;1,36;6;2;1;2;;1;1;1;;;4;3
10;2;20;38;38004;;1;1;TF-245;1,878;6;16;2;;;1;5;1;;;18;3
10;4;14;38;38004;;1;1;TF-1;19,3;2;4;2;;;1;1;1;;;18;1
12;4;13;38;38011;10;1;1;TF-1;18,599;2;4;2;;;1;1;1;;;18;1
12;5;12;38;38004;0;1;1;TF-281;1,325;6;2;2;;;1;1;1;;;1;1
1;4;7;38;38005;;1;1;TF-1;39,406;2;4;2;;;1;2;1;;;1;1
1;2;13;38;38005;;1;1;TF-1;46,081;2;19;2;;;1;1;1;;;1;1
1;5;16;38;38005;10;1;1;TF-631;2,09;6;1;2;;;1;1;1;;;6;1
2;7;11;38;38005;10;1;1;TF-28;46,7;6;20;2;;;1;1;1;;;4;3
3;4;17;38;38005;;1;1;TF-1;38,794;2;4;2;;;1;1;1;;;18;1
3;4;17;38;38005;;1;1;TF-28;56,853;6;12;2;;;1;1;1;;;1;2
3;5;22;38;38005;;1;1;TF-629;2,198;6;16;2;;;1;6;1;;;1;3
3;3;7;38;38005;;1;1;TF-631;0,2;6;1;2;;;1;1;1;;;1;3
3;7;11;38;0;10;1;1;TF-28;42;6;10;2;;;1;1;1;;;1;2
4;2;18;38;38005;;1;1;TF-625;0,678;6;10;2;;;1;1;2;;;1;2
6;2;8;38;38005;;1;1;TF-1;40,585;2;4;2;;;1;1;1;;;18;1
7;3;13;38;38005;10;1;1;TF-1;38;2;3;2;;;1;1;1;;;1;1
7;6;23;38;38005;;1;1;TF-1;44,369;2;7;2;;;1;4;1;;;1;1
8;4;6;38;38005;;1;1;TF-1;46,486;2;4;2;;;1;6;1;;;1;1
9;6;9;38;38005;;1;1;TF-28;46;6;17;2;;;1;1;1;;;4;2
12;5;14;38;38005;;1;1;TF-28;51,372;6;2;2;;;1;1;1;;;1;3
12;4;14;38;38005;10;3;2;No inventariada;;9;17;2;;;1;1;1;;;1;998
12;1;13;38;38005;10;1;1;TF-632;0,01;6;2;1;2;TF-1;1;1;1;;;1;1
1;1;2;38;38006;;1;1;TF-66;11,407;6;12;2;;;1;4;1;;;1;3
1;1;6;38;38006;;1;1;TF-1;71;2;6;2;;;1;2;1;;;1;1
1;1;15;38;38006;;1;1;TF-28;86,442;6;14;2;;;1;1;1;;;1;2
1;5;12;38;38006;0;1;1;TF-28;92,605;6;19;2;;;1;1;1;;;1;2
1;6;0;38;38006;10;1;1;TF-1;70,3;2;4;2;;;1;5;1;;;1;1
1;2;14;38;38006;;1;1;TF-1;66,548;2;4;2;;;1;1;1;;;1;1
1;2;16;38;38006;10;1;1;TF-28;91,5;6;4;2;;;1;1;1;;;1;1
1;2;14;38;38006;10;1;1;TF-652;3,55;6;4;1;2;TF-653;1;1;1;;;1;1
1;5;16;38;38006;;1;1;TF-655;8,6;6;19;2;;;1;1;1;;;1;2
1;5;12;38;38006;10;3;2;No inventariada;;9;7;2;;;1;1;1;;;1;998
1;1;3;38;38006;10;1;1;TF-28;92,2;6;7;2;;;1;6;1;;;17;2
1;4;10;38;38006;;1;1;TF-1;67,885;2;4;2;;;1;1;1;;;1;1
1;3;19;38;38006;10;3;2;No inventariada;;9;2;1;2;;1;3;1;;;1;998
1;1;16;38;38006;10;3;2;No inventariada;;9;7;2;;;1;1;1;;;1;998
1;2;22;38;38006;;1;1;TF-66;9,977;6;2;2;;;1;4;1;;;1;1
1;4;23;38;38006;10;3;2;No inventariada;;9;7;2;;;1;1;1;;;1;998
1;4;11;38;38006;10;3;2;No inventariada;;9;3;2;;;1;1;1;;;1;998
1;6;21;38;38006;10;3;2;No inventariada;;9;2;1;2;;1;1;1;;;1;998
1;5;12;38;38006;;1;1;TF-1;70,4;2;5;2;;;1;1;1;;;1;1
1;6;7;38;38001;10;1;1;TF-481;3;6;7;1;4;;1;4;1;;;1;1
1;1;16;38;38006;10;3;2;No inventariada;;9;16;2;;;1;1;1;;;1;998
2;4;0;38;38006;10;1;1;TF-66;6,3;6;16;1;4;TF-66;1;4;1;;;1;2
1;3;9;38;38006;10;3;2;No inventariada;;9;3;1;2;;1;1;1;;;1;998
1;2;14;38;38006;10;3;2;No inventariada;;9;4;2;;;1;1;1;;;1;998
2;7;14;38;38006;10;1;1;TF-665;0,1;6;12;2;;;1;1;1;;;1;1
1;2;19;38;38006;10;3;2;No inventariada;;9;2;2;;;1;2;1;;;1;998
2;4;22;38;38006;;1;1;TF-66;5,164;6;2;1;2;;1;6;1;;;1;1
2;1;16;38;38006;;1;1;TF-652;3,517;6;2;1;1;TF-653;1;1;2;;;1;1
1;5;17;38;38006;10;3;2;No inventariada;;9;7;2;;;1;1;1;;;1;998
2;2;22;38;38006;;1;1;TF-28;95,242;6;1;1;1;TF-28;9;6;7;;;4;1
2;1;20;38;38006;10;1;1;TF-66;9,2;6;7;2;;;1;6;1;;;1;1
1;6;14;38;38006;10;3;2;No inventariada;;9;2;2;;;1;1;1;;;1;998
2;3;12;38;38006;10;3;2;No inventariada;;9;3;2;;;1;1;1;;;1;998
2;5;18;38;38006;10;3;2;No inventariada;;9;7;2;;;1;2;1;;;1;998
2;3;13;38;38006;;1;1;TF-1;69,5;2;5;2;;;1;1;1;;;1;1
2;5;11;38;38006;;1;1;TF-1;72,636;2;10;1;2;TF-1;1;1;1;;;1;1
2;5;11;38;38006;10;3;2;No inventariada;;9;20;2;;;1;1;1;;;1;998
2;6;14;38;38006;10;3;2;No inventariada;;11;7;2;;;1;1;1;;;1;998
2;5;16;38;38006;;1;1;TF-1;67,687;2;5;2;;;1;1;1;;;1;1
2;6;19;38;38001;10;1;1;TF-481;3,6;6;4;2;;;1;6;7;;;1;1
2;7;11;38;38006;;1;1;TF-1;72,45;2;12;2;;;1;1;1;;;1;2
2;1;19;38;38006;10;1;1;TF-653;1,38;6;4;1;2;;1;6;1;;;1;1
2;4;16;38;38006;;1;1;TF-66;5;6;2;2;;;1;1;1;;;1;1
3;6;2;38;38006;;1;1;TF-66;7,9;6;14;2;;;1;6;1;;;1;3
3;6;14;38;38006;;1;1;TF-1;72,858;2;10;2;;;1;1;2;;;1;1
3;7;12;38;38006;;1;1;TF-66;9,497;6;4;2;;;1;1;1;;;9;1
2;7;13;38;38006;10;3;2;No inventariada;;9;7;2;;;1;1;1;;;1;998
2;1;9;38;38006;10;3;2;No inventariada;;9;1;2;;;1;1;1;;;1;998
1;5;23;38;38006;10;3;2;No inventariada;;11;4;2;;;1;4;1;;;1;998
3;6;7;38;38006;10;3;2;No inventariada;;9;16;2;;;1;1;1;;;1;998
3;5;21;38;38006;0;1;1;TF-1;73,55;2;16;2;;;1;6;1;;;1;3
3;6;0;38;38006;10;1;1;TF-1;70;2;16;2;;;1;6;1;;;1;1
3;7;15;38;38006;;1;1;TF-652;3,35;6;2;1;2;TF-652;1;1;1;;;1;1
3;5;19;38;38006;10;3;2;No inventariada;;9;20;2;;;1;4;1;;;1;998
3;1;12;38;38006;10;3;2;No inventariada;;9;7;2;;;1;1;1;;;1;998
3;3;9;38;38006;10;3;2;No inventariada;;9;4;2;;;1;2;1;;;1;998
3;3;18;38;38006;;1;1;TF-66;7,781;6;3;1;4;TF-653;1;1;1;;;1;2
3;5;0;38;38006;;1;1;TF-1;73,609;2;12;2;;;1;6;1;;;1;1
3;1;6;38;38006;;1;1;TF-1;68,8;2;5;2;;;1;3;1;;;1;1
3;3;21;38;38006;;1;1;TF-1;72,457;2;15;2;;;1;6;7;;;4;2
3;4;8;38;38006;;1;1;TF-1;72,252;2;14;2;;;1;1;1;;;1;3
3;4;11;38;38006;;1;1;TF-28;91,752;6;4;2;;;1;1;1;;;18;1
3;3;9;38;38006;10;3;2;No inventariada;;9;2;2;;;1;1;1;;;1;998
3;6;20;38;38006;;1;1;TF-66;4,031;6;19;2;;;1;6;1;;;1;1
1;3;16;38;38006;10;3;2;No inventariada;;9;2;1;1;;1;1;1;;;1;998
3;7;5;38;38006;10;3;2;No inventariada;;9;3;2;;;1;4;1;;;1;998
3;3;9;38;38006;10;3;2;No inventariada;;9;7;2;;;1;1;1;;;1;998
3;1;23;38;38006;;1;1;TF-1;72,623;2;4;2;;;1;6;1;;;1;3
3;5;12;38;38006;10;3;2;No inventariada;;9;2;2;;;1;1;1;;;1;998
3;5;14;38;38006;0;1;1;TF-1;66,176;2;4;2;;;1;1;1;;;1;1
3;1;18;38;38006;10;3;2;No inventariada;;9;2;1;2;;1;1;1;;;1;998
3;5;10;38;38006;10;3;2;No inventariada;;9;1;2;;;1;1;1;;;1;998
3;1;18;38;38006;10;3;2;No inventariada;;9;7;2;;;1;1;1;;;1;998
4;4;2;38;38006;;1;1;TF-653;2,783;6;18;2;;;1;6;7;;;1;1
4;1;17;38;38006;10;3;2;No inventariada;;9;7;2;;;1;1;1;;;1;998
3;7;12;38;38006;10;3;2;No inventariada;;9;7;2;;;1;1;1;;;1;998
3;1;10;38;38006;10;3;2;No inventariada;;9;2;2;;;1;1;1;;;1;998
3;2;7;38;38006;10;3;2;No inventariada;;9;2;1;1;;1;1;1;;;1;998
3;1;13;38;38006;10;3;2;No inventariada;;9;3;2;;;1;1;1;;;1;998
3;3;16;38;38006;10;3;2;No inventariada;;9;2;2;;;1;1;1;;;1;998
3;4;15;38;38006;10;3;2;No inventariada;;9;7;2;;;1;1;1;;;1;998
3;5;18;38;38006;10;3;2;No inventariada;;9;7;2;;;1;1;1;;;1;998
4;1;13;38;38006;10;3;2;No inventariada;;9;4;2;;;1;1;1;;;1;998
4;1;14;38;38006;10;1;1;TF-51;0,6;6;20;2;;;1;1;1;;;1;2
4;7;11;38;0;10;1;1;TF-51;8,4;6;10;2;;;1;1;1;;;1;2
4;4;20;38;38006;10;1;1;TF-1;72,1;2;15;1;12;TF-665;1;2;1;;;1;1
4;5;9;38;38035;10;1;1;TF-1;62,1;2;5;2;;;1;1;1;;;1;1
4;1;3;38;38006;;1;1;TF-1;72,437;2;20;2;;;1;6;1;;;1;1
3;7;16;38;38006;10;3;2;No inventariada;;9;10;2;;;1;1;1;;;1;998
3;7;13;38;38006;10;3;2;No inventariada;;9;2;1;1;;2;1;1;;;1;998
4;1;14;38;38006;;1;1;TF-66;2,704;6;4;2;;;1;1;2;;;1;1
4;4;14;38;38006;10;3;2;No inventariada;;9;4;2;;;1;1;1;;;1;998
4;5;19;38;38006;10;3;2;No inventariada;;9;2;1;4;;1;1;1;;;1;998
4;5;21;38;38006;10;3;2;No inventariada;;9;16;2;;;2;1;1;;;1;998
4;5;16;38;38006;10;3;2;No inventariada;;9;3;2;;;1;1;1;;;1;998
4;1;16;38;38006;10;3;2;No inventariada;;9;4;2;;;1;1;1;;;1;998
4;3;7;38;38006;10;3;2;No inventariada;;9;4;2;;;1;1;1;;;1;998
4;3;7;38;38006;10;3;2;No inventariada;;9;10;2;;;1;1;1;;;18;998
4;3;15;38;38006;;1;1;TF-1;73,545;2;15;2;;;1;1;1;;;1;1
4;3;12;38;38006;10;3;2;No inventariada;;9;16;2;;;1;1;1;;;1;998
4;5;13;38;38006;10;3;2;No inventariada;;9;10;2;;;1;1;1;;;1;998
4;6;9;38;38006;;1;1;TF-28;93,652;6;4;2;;;1;1;1;;;1;1
4;6;23;38;38006;10;1;1;TF-1;65,5;2;4;1;2;;1;5;1;;;1;1
4;7;16;38;38006;;1;1;TF-652;3,515;6;2;1;2;TF-652;3;1;3;;;1;1
4;2;7;38;38006;;1;1;TF-665;0,1;6;2;1;5;TF-28;1;1;1;;;1;3
4;5;23;38;38006;10;1;1;TF-66;9,8;6;7;2;;;1;6;1;;;1;1
4;2;18;38;38006;;1;1;TF-1;69,5;2;4;2;;;1;1;1;;;1;1
1;6;19;38;38006;10;3;2;No inventariada;;9;7;2;;;1;1;1;;;1;998
5;3;8;38;38006;;1;1;TF-66;8,728;6;15;2;;;1;1;1;;;1;3
4;6;17;38;38006;10;3;2;No inventariada;;9;4;2;;;1;1;1;;;1;998
5;3;21;38;38006;10;1;1;TF-66;9,963;6;7;2;;;1;6;1;;;9;1
5;5;6;38;38006;10;3;2;No inventariada;;9;2;1;4;;1;3;1;;;1;998
5;6;11;38;38006;;1;1;TF-66;5,289;6;3;1;4;TF-1;1;1;1;;;1;2
4;4;20;38;38006;10;3;2;No inventariada;;9;16;2;;;1;4;1;;;1;998
5;1;12;38;38006;10;3;2;No inventariada;;9;7;2;;;1;1;1;;;1;998
5;6;4;38;38006;10;1;1;TF-1;66,5;2;5;2;;;1;6;1;;;17;1
4;1;10;38;38006;10;3;2;No inventariada;;9;19;2;;;1;1;1;;;1;998
5;6;18;38;38006;;1;1;TF-28;90,432;6;16;2;;;3;1;3;;;1;3
5;1;15;38;38006;10;3;2;No inventariada;;9;2;2;;;1;1;1;;;1;998
5;3;13;38;38006;;1;1;TF-1;72;2;4;2;;;1;1;1;;;1;1
4;6;13;38;38006;10;3;2;No inventariada;;9;2;1;2;;1;1;1;;;1;998
5;7;23;38;38006;;1;1;TF-66;3,071;6;1;2;;;1;6;1;;;1;1
5;2;1;38;38006;10;1;1;TF-652;3,7;6;16;2;;;1;6;1;;;1;1
5;3;7;38;38006;10;1;1;TF-652;4,135;6;2;1;1;;1;2;1;;;1;1
5;2;8;38;38006;10;3;2;No inventariada;;9;2;2;;;1;1;1;;;1;998
5;3;11;38;38006;10;3;2;No inventariada;;11;10;2;;;1;1;1;;;1;998
5;4;12;38;38006;10;3;2;No inventariada;;9;19;2;;;1;1;1;;;1;998
5;2;23;38;38006;10;1;1;TF-1;67;2;19;2;;;1;6;1;;;1;1
6;5;0;38;38006;0;1;1;TF-1;69,5;2;16;2;;;1;6;2;;;1;1
6;6;14;38;0;10;1;1;TF-51;8,501;6;12;2;;;3;1;3;;;1;2
6;1;2;38;38006;10;3;2;No inventariada;;9;9;2;;;1;1;1;;;18;998
6;7;1;38;38006;10;3;2;No inventariada;;9;4;2;;;1;2;1;;;1;998
6;3;19;38;38006;;1;1;TF-28;95,136;6;4;2;;;1;1;1;;;1;1
6;4;16;38;38006;;1;1;TF-1;71,789;2;5;2;;;1;1;1;;;1;1
6;5;1;38;38001;10;1;1;TF-481;3,3;6;16;2;;;1;6;1;;;4;3
5;3;10;38;38006;10;3;2;No inventariada;;11;7;2;;;1;1;1;;;1;998
6;4;10;38;38006;10;3;2;No inventariada;;9;7;2;;;1;1;1;;;1;998
6;1;12;38;38006;;1;1;TF-1;73,528;2;16;2;;;1;1;1;;;1;1
6;3;6;38;38006;;1;1;TF-1;72,523;2;5;2;;;1;6;1;;;1;1
6;7;23;38;38035;10;1;1;TF-1;65,1;2;5;2;;;1;6;1;;;1;1
5;2;22;38;38006;10;3;2;No inventariada;;9;4;2;;;1;4;1;;;1;998
6;1;12;38;38006;10;3;2;No inventariada;;9;7;2;;;1;1;1;;;1;998
6;2;20;38;38006;10;3;2;No inventariada;;9;7;2;;;1;3;1;;;1;998
7;4;6;38;38006;;1;1;TF-66;7,195;6;12;2;;;1;6;1;;;1;1
6;1;23;38;38006;10;3;2;No inventariada;;9;2;2;;;1;4;1;;;1;998
6;6;12;38;38006;10;3;2;No inventariada;;9;7;2;;;1;1;1;;;1;998
3;5;13;38;38006;10;3;2;No inventariada;;9;7;2;;;1;1;1;;;1;998
5;6;18;38;38006;10;3;2;No inventariada;;9;7;2;;;1;1;1;;;1;998
5;4;10;38;38006;10;3;2;No inventariada;;9;3;2;;;1;1;1;;;1;998
7;3;14;38;38006;;1;1;TF-655;4,719;6;4;1;4;;1;1;1;;;1;2
7;6;6;38;38006;10;1;1;TF-1;70,5;2;5;2;;;1;1;1;;;1;1
7;7;18;38;38006;;1;1;TF-1;70,324;2;4;2;;;1;1;1;;;1;1
7;1;19;38;38006;;1;1;TF-655;5,25;6;19;2;;;1;1;1;;;1;1
7;5;19;38;38006;;1;1;TF-28;90,492;6;12;2;;;1;3;1;;;1;1
7;2;11;38;38006;0;1;1;TF-1;69;2;4;1;4;TF-1;1;1;1;;;1;2
7;2;12;38;38006;0;1;1;TF-653;1,5;6;4;2;;;3;1;1;;;1;1
6;6;9;38;38006;10;3;2;No inventariada;;9;1;2;;;1;1;3;;;1;998
6;1;17;38;38006;10;3;2;No inventariada;;9;10;2;;;1;1;1;;;1;998
7;5;19;38;38006;10;1;1;TF-1;72,5;2;4;1;10;;1;2;1;;;1;1
2;3;16;38;38006;10;3;2;No inventariada;;9;1;1;1;;1;1;1;;;1;998
7;4;12;38;38006;10;3;2;No inventariada;;9;7;2;;;1;1;1;;;18;998
7;2;7;38;38006;10;3;2;No inventariada;;9;1;2;;;1;2;7;;;1;998
7;3;15;38;38006;10;3;2;No inventariada;;9;2;2;;;1;1;1;;;1;998
7;3;18;38;38006;10;3;2;No inventariada;;9;4;2;;;1;1;1;;;1;998
7;6;13;38;38006;10;3;2;No inventariada;;9;7;2;;;1;1;1;;;1;998
8;6;15;38;38006;0;1;1;TF-1;72,469;2;12;2;;;1;1;1;;;1;2
8;3;9;38;38006;0;1;1;TF-653;2,022;6;4;2;;;1;1;1;;;1;1
6;5;0;38;38006;10;3;2;No inventariada;;9;7;2;;;1;1;1;;;1;998
7;4;7;38;38006;10;3;2;No inventariada;;9;18;2;;;1;2;1;;;1;998
7;3;7;38;38006;10;3;2;No inventariada;;9;7;1;1;;1;1;1;;;1;998
7;4;9;38;38006;10;3;2;No inventariada;;9;2;1;4;;1;1;1;;;1;998
7;7;20;38;38006;10;3;2;No inventariada;;9;20;2;;;1;4;1;;;1;998
6;1;9;38;38006;10;3;2;No inventariada;;9;2;2;;;1;1;1;;;1;998
8;5;1;38;38006;10;3;2;No inventariada;;9;16;2;;;2;4;1;;;1;998
8;7;1;38;38006;10;3;2;No inventariada;;9;19;2;;;1;4;1;;;1;998
8;6;5;38;38001;10;1;1;TF-481;2,9;6;19;2;;;1;4;1;;;1;2
8;6;23;38;38006;0;1;1;TF-1;68,7;2;4;2;;;1;6;1;;;1;1
8;6;18;38;38006;10;1;1;TF-1;68,9;2;3;1;10;TF-66;1;1;1;;;1;1
8;5;14;38;38006;;1;1;TF-1;73,4;2;4;2;;;1;1;1;;;1;1
9;7;19;38;38006;;1;1;TF-28;92,81;6;3;2;;;1;1;1;1;;1;1
3;1;15;38;38006;10;3;2;No inventariada;;9;4;2;;;1;1;1;;;1;998
5;3;19;38;38006;10;3;2;No inventariada;;9;2;1;1;;1;1;1;;;1;998
6;3;10;38;38006;10;3;2;No inventariada;;9;20;2;;;1;1;1;;;1;998
6;4;8;38;38006;10;3;2;No inventariada;;9;2;2;;;1;1;1;;;2;998
7;2;17;38;38006;10;3;2;No inventariada;;9;4;2;;;1;1;1;;;1;998
9;1;13;38;38006;;1;1;TF-655;8,2;6;1;2;;;1;1;1;;;1;1
7;5;23;38;38006;10;3;2;No inventariada;;9;10;2;;;1;4;1;;;1;998
7;6;14;38;38006;10;3;2;No inventariada;;9;2;2;;;1;1;1;;;1;998
7;2;23;38;38006;10;3;2;No inventariada;;9;2;1;1;;1;4;1;;;18;998
7;6;18;38;38006;10;3;2;No inventariada;;9;10;2;;;1;1;1;;;1;998
8;5;11;38;38006;10;3;2;No inventariada;;9;4;2;;;1;1;1;;;1;998
8;2;15;38;38006;10;3;2;No inventariada;;9;4;2;;;1;1;1;;;1;998
6;6;23;38;38006;10;3;2;No inventariada;;9;2;1;2;;1;1;1;;;1;998
9;4;17;38;38006;;1;1;TF-66;2,19;6;4;2;;;1;1;1;;;1;1
7;7;1;38;38006;10;3;2;No inventariada;;9;4;2;;;1;1;1;;;1;998
8;3;6;38;38006;10;3;2;No inventariada;;9;7;2;;;1;4;1;;;1;998
8;4;2;38;38006;10;3;2;No inventariada;;9;10;2;;;1;4;1;;;1;998
8;6;0;38;38006;10;3;2;No inventariada;;9;7;2;;;1;1;1;;;1;998
8;7;1;38;38006;10;3;2;No inventariada;;9;3;1;2;;1;4;1;;;1;998
8;7;11;38;38006;10;3;2;No inventariada;;9;3;2;;;1;1;1;;;1;998
8;4;2;38;38006;10;3;2;No inventariada;;9;10;2;;;1;4;1;;;1;998
9;6;16;38;38006;10;1;1;TF-51;1,1;6;2;1;2;;1;1;1;;;1;1
8;4;11;38;38006;10;3;2;No inventariada;;9;10;2;;;1;1;1;;;1;998
8;6;18;38;38006;10;3;2;No inventariada;;9;4;2;;;1;1;1;;;1;998
9;1;11;38;38006;10;3;2;No inventariada;;9;7;2;;;1;1;1;;;1;998
9;4;15;38;38006;10;3;2;No inventariada;;9;4;2;;;1;1;1;;;1;998
9;1;23;38;38006;10;3;2;No inventariada;;9;16;2;;;1;5;1;;;1;998
9;1;9;38;38006;10;3;2;No inventariada;;9;7;2;;;1;1;1;;;1;998
9;1;23;38;38006;10;1;1;TF-653;1,8;6;1;2;;;1;6;1;;;1;2
10;2;10;38;38006;;1;1;TF-1;66,443;2;5;2;;;1;1;1;;;1;1
9;3;9;38;38006;10;3;2;No inventariada;;9;4;2;;;1;1;1;;;1;998
9;1;11;38;38006;10;3;2;No inventariada;;9;16;2;;;1;1;1;;;1;998
9;7;14;38;38006;10;3;2;No inventariada;;9;19;2;;;1;1;1;;;1;998
10;3;13;38;38006;;1;1;TF-66;5,141;6;4;1;1;TF-1;1;3;1;;;1;4
7;6;11;38;38006;10;3;2;No inventariada;;9;7;2;;;1;1;1;;;1;998
8;7;19;38;38006;10;3;2;No inventariada;;9;4;2;;;1;1;1;;;1;998
8;2;15;38;38006;10;3;2;No inventariada;;9;20;2;;;1;1;1;;;1;998
10;2;16;38;38006;;1;1;TF-655;7,5;6;4;2;;;1;1;1;;;1;1
10;5;12;38;38006;;1;1;TF-1;72,4;2;4;2;;;1;1;1;;;1;1
9;4;8;38;38006;10;3;2;No inventariada;;9;7;2;;;1;1;1;;;1;998
10;7;10;38;38006;10;3;2;No inventariada;;9;10;2;;;1;1;1;;;1;998
9;6;10;38;38006;10;3;2;No inventariada;;9;10;2;;;1;1;1;;;1;998
9;7;7;38;38006;10;3;2;No inventariada;;9;2;2;;;1;1;1;;;1;998
10;7;11;38;38006;10;3;2;No inventariada;;9;7;2;;;1;1;1;;;1;998
10;3;16;38;38006;10;3;2;No inventariada;;9;3;2;;;1;1;1;;;1;998
10;7;6;38;38006;;1;1;TF-1;67,178;2;4;2;;;1;6;1;;;18;1
10;2;13;38;38006;10;3;2;No inventariada;;9;4;2;;;1;1;1;;;1;998
10;4;18;38;38006;10;3;2;No inventariada;;9;4;2;;;1;1;1;;;1;998
10;6;14;38;0;10;1;1;TF-51;11;6;15;2;;;1;1;1;;;1;3
10;5;17;38;38006;;1;1;TF-1;66,996;2;3;1;12;;1;1;1;;;1;1
8;1;22;38;38006;10;3;2;No inventariada;;9;2;2;;;1;4;1;;;1;998
9;2;9;38;38006;10;3;2;No inventariada;;11;7;2;;;1;1;1;;;1;998
10;2;17;38;38006;10;3;2;No inventariada;;9;2;2;;;1;1;3;;;1;998
10;1;19;38;38006;;1;1;TF-66;6,789;6;2;1;2;;1;6;1;;;1;1
10;6;18;38;38006;10;1;1;TF-1;67,2;2;16;2;;;1;1;1;;;1;1
10;5;17;38;38006;10;3;2;No inventariada;;9;2;2;;;1;1;1;;;9;998
10;5;13;38;38006;10;3;2;No inventariada;;9;4;2;;;1;1;1;;;1;998
10;1;13;38;38006;10;3;2;No inventariada;;9;1;1;2;;1;1;1;;;1;998
10;7;6;38;38006;10;1;1;TF-66;10,35;6;14;2;;;1;4;1;;;1;1
10;7;10;38;38006;;1;1;TF-652;3,565;6;2;1;1;TF-653;1;1;1;;;1;1
9;4;1;38;38006;10;3;2;No inventariada;;9;5;2;;;1;4;1;;;1;998
9;6;10;38;38006;10;3;2;No inventariada;;9;18;2;;;1;1;1;;;1;998
10;2;16;38;38006;10;3;2;No inventariada;;9;1;2;;;3;1;2;;;1;998
10;3;11;38;38006;10;3;2;No inventariada;;9;20;2;;;1;1;1;;;1;998
7;5;23;38;38006;10;3;2;No inventariada;;11;3;2;;;1;4;1;;;1;998
9;7;18;38;38006;10;3;2;No inventariada;;9;7;2;;;1;1;1;;;1;998
10;6;22;38;38006;10;3;2;No inventariada;;9;9;2;;;1;4;1;;;1;998
11;1;12;38;38006;;1;1;TF-652;4,147;6;4;2;;;1;1;1;;;1;1
8;4;20;38;38006;10;3;2;No inventariada;;9;7;2;;;1;1;1;;;1;998