MES;DIA_SEMANA;HORA;COD_PROVINCIA;COD_MUNICIPIO;ISLA;ZONA;ZONA_AGRUPADA;CARRETERA;KM;TIPO_VIA;TIPO_ACCIDENTE;NUDO;NUDO_INFO;CARRETERA_CRUCE;CONDICION_FIRME;CONDICION_ILUMINACION;CONDICION_METEO;CONDICION_NIEBLA;CONDICION_VIENTO;VISIB_RESTRINGIDA_POR;TRAZADO_PLANTA
10;1;15;38;38006;10;3;2;No inventariada;;9;2;1;1;;1;1;1;;;1;998
10;5;12;38;38006;10;3;2;No inventariada;;9;2;2;;;1;1;1;;;1;998
11;5;19;38;38006;;1;1;TF-1;73,194;2;4;2;;;1;6;1;;;1;1
11;1;4;38;38006;10;3;2;No inventariada;;9;1;2;;;1;4;1;;;1;998
10;4;20;38;38006;0;1;1;TF-66;10,8;6;7;2;;;1;4;1;;;1;1
10;1;18;38;38006;10;3;2;No inventariada;;9;10;2;;;1;2;1;;;1;998
11;2;17;38;38006;;1;1;TF-655;4;6;10;2;;;1;1;1;;;1;1
11;4;14;38;38006;10;1;1;TF-655;9,1;6;5;1;2;;1;1;1;;;1;1
11;5;0;38;38019;10;1;1;TF-1;93,4;2;2;1;2;;1;5;1;;;1;1
11;5;21;38;38006;;1;1;TF-652;2,6;6;3;2;;;1;6;1;;;1;1
10;2;17;38;38006;10;3;2;No inventariada;;9;2;2;;;1;1;1;;;1;998
10;5;16;38;38006;10;3;2;No inventariada;;9;2;1;2;;1;1;1;;;1;998
10;1;1;38;38006;10;3;2;No inventariada;;9;2;1;1;;2;4;1;;;1;998
10;3;18;38;38006;10;3;2;No inventariada;;9;3;2;;;1;3;1;;;1;998
10;4;23;38;38006;10;3;2;No inventariada;;9;10;2;;;1;1;1;;;1;998
10;1;14;38;38006;10;3;2;No inventariada;;9;2;1;2;;1;1;1;;;1;998
9;3;16;38;38006;10;3;2;No inventariada;;9;2;2;;;1;1;1;;;1;998
11;6;11;38;38006;10;3;2;No inventariada;;9;2;2;;;1;1;1;;;1;998
11;5;19;38;38006;10;3;2;No inventariada;;9;5;1;2;;1;4;1;;;1;998
11;1;12;38;38006;10;3;2;No inventariada;;9;7;2;;;1;1;1;;;1;998
11;4;20;38;38006;0;1;1;TF-1;73,268;2;4;1;2;;1;6;1;;1;1;4
11;7;22;38;38006;;1;1;TF-28;90,3;6;19;2;;;3;4;3;;;1;3
11;1;6;38;38035;10;1;1;TF-657;2,46;6;18;2;;;3;6;2;;;4;3
11;7;11;38;38006;10;1;1;TF-1;73,5;2;4;1;10;TF-1;1;1;2;;;1;1
11;7;20;38;38006;10;3;2;No inventariada;;9;2;1;4;;1;4;1;;;1;998
11;4;6;38;38006;;1;1;TF-1;72,582;2;5;1;10;TF-28;1;4;1;;;1;1
11;1;21;38;38006;10;3;2;No inventariada;;11;2;1;4;;1;4;1;;;1;998
11;3;10;38;38006;10;3;2;No inventariada;;9;2;2;;;1;1;1;;;1;998
11;1;16;38;38006;10;3;2;No inventariada;;9;7;2;;;1;1;1;;;1;998
11;3;17;38;38006;10;3;2;No inventariada;;9;10;2;;;3;1;1;;;1;998
12;6;11;38;38006;0;1;1;TF-66;11,057;6;20;1;4;;1;1;1;;;1;2
12;6;16;38;38006;0;1;1;TF-66;9,696;6;4;1;2;;1;1;1;;;1;1
10;4;18;38;38006;10;3;2;No inventariada;;9;2;2;;;1;1;1;;;1;998
11;3;11;38;38006;10;3;2;No inventariada;;9;3;2;;;1;1;1;;;1;998
12;1;17;38;38006;10;3;2;No inventariada;;9;1;2;;;1;1;2;;;1;998
12;7;7;38;38006;10;3;2;No inventariada;;9;7;2;;;1;1;1;;;1;998
12;4;10;38;38006;;1;1;TF-66;5,011;6;4;2;;;1;1;1;;;1;1
11;4;22;38;38006;10;3;2;No inventariada;;9;10;2;;;1;4;1;;;1;998
11;5;9;38;38006;10;3;2;No inventariada;;9;16;2;;;1;1;1;;;1;998
10;5;22;38;38006;10;3;2;No inventariada;;9;4;2;;;1;4;1;;;1;998
12;1;8;38;38006;10;3;2;No inventariada;;9;2;1;2;;1;1;2;;;1;998
12;7;9;38;38006;;1;1;TF-66;5,7;5;3;1;7;TF-655;1;1;1;;;6;4
12;1;9;38;38006;;1;1;TF-28;93,495;6;3;1;2;TF-28;1;1;2;;;4;3
10;4;14;38;38006;10;3;2;No inventariada;;9;3;2;;;1;1;1;;;1;998
12;5;14;38;0;10;1;1;TF-51;9,4;6;4;2;;;3;1;3;1;;1;2
12;3;19;38;38006;10;3;2;No inventariada;;9;10;2;;;1;4;1;;;2;998
12;1;9;38;38006;0;1;1;TF-1;71,086;2;4;2;;;1;6;1;;;1;1
12;2;16;38;38006;10;3;2;No inventariada;;9;3;2;;;1;1;1;;;1;998
12;6;16;38;38006;10;3;2;No inventariada;;9;7;2;;;1;1;1;;;1;998
4;2;12;38;0;11;1;1;LP-1;26,4;6;2;2;;;1;1;7;;;4;4
8;3;16;38;0;;1;1;LP-1;36,061;6;18;2;;;1;1;1;;;1;3
1;6;6;38;38008;0;1;1;LP-3;9;6;16;2;;;3;6;3;;;1;2
2;1;14;38;38008;;1;1;LP-3;8,8;6;18;2;;;1;1;1;;;1;1
2;4;14;38;38008;;1;1;LP-3;7,8;6;1;2;;;3;1;3;1;;1;3
2;4;13;38;38008;11;1;1;LP-3;9,5;6;12;2;;;3;1;3;;;1;2
3;6;15;38;38008;11;3;2;No inventariada;;9;7;2;;;1;1;1;;;1;998
4;6;21;38;38008;;1;1;LP-3;2,7;6;12;2;;;1;6;1;;;1;2
5;1;11;38;38008;;1;1;LP-3;4,4;6;2;2;;;3;1;3;;;4;2
5;5;6;38;38008;;1;1;LP-2;0,9;6;16;2;;;1;2;1;;;1;1
6;6;17;38;38008;;1;1;LP-3;3,81;6;3;2;;;1;1;1;;;1;1
6;3;18;38;38008;11;1;1;LP-3;7,81;6;1;2;;;3;1;3;;;1;2
6;4;15;38;38008;11;1;1;LP-202;10,1;6;1;2;;;1;1;1;;;1;1
8;1;16;38;38008;;1;1;LP-2;1,6;6;10;2;;;1;1;1;;;1;3
8;1;15;38;38008;;1;1;LP-3;4,261;6;4;2;;;1;1;1;;;1;1
9;7;6;38;38008;11;1;1;LP-3;9,7;6;2;2;;;1;6;7;;;4;2
9;6;20;38;38008;;1;1;LP-3;10,5;6;2;2;;;3;6;3;;;1;2
10;4;19;38;38008;;1;1;LP-3;15,4;6;10;2;;;1;2;1;;;1;2
10;3;21;38;38008;11;1;1;LP-3;3,2;6;2;1;12;LP-3;1;4;1;;;1;1
10;2;13;38;38008;;1;1;LP-3;7,049;6;18;2;;;3;1;3;;;1;2
10;6;13;38;38008;;1;1;LP-202;7,2;6;4;1;2;;3;1;3;;;1;1
11;7;16;38;38008;;1;1;LP-3;15,1;6;12;2;;;3;1;2;;;1;2
11;3;10;38;38053;11;1;1;LP-2;7,097;6;2;1;12;;1;1;1;;;1;1
11;6;11;38;38008;;1;1;LP-3;11,39;6;1;2;;;3;1;3;;;1;2
11;6;12;38;38008;;1;1;LP-3;7,2;6;19;2;;;3;1;3;;;1;3
12;7;19;38;38008;;1;1;LP-3;7,9;6;18;2;;;3;6;3;;;1;3
12;2;9;38;38008;11;1;1;LP-3;8,5;6;5;2;;;3;1;2;;;1;2
12;7;9;38;38008;;1;1;LP-2;1,863;6;12;2;;;3;1;3;;;1;2
12;2;15;38;38027;11;1;1;LP-301;0,5;6;2;2;;;1;1;2;;;1;3
12;7;10;38;38008;11;1;1;LP-3;10,5;6;3;2;;;1;1;1;;;1;2
1;5;11;38;38009;;1;1;LP-2;4,403;6;7;1;2;LP-204;1;1;7;;;18;4
1;7;18;38;38009;11;1;1;LP-204;0,05;6;17;1;2;;1;3;1;;;1;2
3;3;10;38;38008;11;1;1;LP-204;1,8;6;2;1;2;;1;1;1;;;1;1
5;4;15;38;38009;0;1;1;LP-204;0,9;6;1;1;2;;1;1;1;;;1;3
8;3;14;38;38008;11;1;1;LP-3;2,7;6;16;2;;;1;1;1;;;1;1
9;7;10;38;38008;11;1;1;LP-3;0,6;6;2;2;;;1;1;1;;;4;2
10;3;10;38;38009;11;3;2;No inventariada;;9;19;2;;;1;1;1;;;1;998
10;7;19;38;38009;11;1;1;LP-2;3,1;6;10;1;4;LP-3;7;2;1;;;1;3
10;1;10;38;38009;;1;1;LP-2;3;6;2;1;10;LP-3;3;1;1;;;1;1
11;7;8;38;38009;10;1;1;LP-202;11,2;6;10;1;2;;1;1;1;;;1;2
11;4;12;38;38009;11;1;1;LP-2;6,3;6;3;2;;;1;1;1;;;1;1
12;1;8;38;38009;11;1;1;LP-2;4;6;2;2;;;3;1;3;;;18;2
5;3;15;38;0;;1;1;TF-436;4;6;3;2;;;1;1;1;;;4;3
6;4;16;38;0;;1;1;TF-42;18,736;6;16;2;;;1;1;1;;;1;1
7;2;18;38;0;10;1;1;TF-42;14,5;6;2;1;4;;1;1;1;;;1;1
8;6;16;38;0;;1;1;TF-42;19,07;6;16;2;;;1;1;1;;;1;1
8;3;18;38;0;10;1;1;TF-436;9,05;6;16;2;;;1;1;2;;;1;3
1;3;15;38;38011;;1;1;TF-1;13,853;2;6;2;;;1;1;1;;;1;2
2;1;8;38;38011;;1;1;TF-28;14,55;6;2;1;2;TF-252;1;1;1;;;1;1
2;4;13;38;38011;;1;1;TF-1;13,297;2;4;1;2;TF-1;1;1;7;;;1;2
4;3;7;38;38011;0;1;1;TF-1;13,086;2;5;2;;;1;3;1;;;1;2
4;6;14;38;38011;0;1;1;TF-1;13,326;2;2;2;;;3;1;3;;;1;1
4;7;20;38;38011;10;1;1;TF-28;16,4;6;12;2;;;1;4;1;;;1;2
4;2;19;38;38011;10;1;1;TF-28;17,5;6;1;2;;;1;1;1;;;5;2
4;1;18;38;38011;10;1;1;TF-1;18,5;2;3;2;;;1;1;1;;;1;1
5;7;12;38;38011;0;1;1;TF-28;12,96;6;16;2;;;1;1;1;;;1;2
6;3;7;38;38011;;1;1;TF-28;16,5;6;7;2;;;1;1;1;;;1;2
6;6;3;38;38032;10;1;1;TF-274;1,383;6;12;2;;;1;6;1;;;1;3
6;1;16;38;38011;0;1;1;TF-28;13,512;6;3;1;1;;1;1;1;;;1;1
7;7;22;38;38011;;1;1;TF-1;18,723;2;14;2;;;1;4;1;;;1;1
7;6;6;38;38011;0;1;1;TF-247;0,862;6;16;2;;;1;6;1;;;1;1
8;5;12;38;38011;;1;1;TF-1;11,3;2;4;2;;;1;1;1;;;1;1
9;4;12;38;38004;10;1;1;TF-1;19,028;2;4;2;;;1;1;2;;;1;1
9;2;14;38;38011;10;1;1;TF-1;16,3;2;4;1;10;;1;1;1;;;1;1
10;3;8;38;38011;;1;1;TF-1;13,268;2;4;2;;;1;1;1;;;6;1
10;5;14;38;38011;10;1;1;TF-1;15,1;2;3;2;;;1;1;1;;;1;1
11;7;16;38;38011;;1;1;TF-1;16,2;2;19;2;;;1;1;1;;;1;1
12;3;19;38;38011;;1;1;TF-247;5,24;6;16;2;;;1;4;1;;;1;2
12;4;20;38;38011;;1;1;TF-28;9,932;6;3;2;;;1;4;1;;;1;1
12;7;10;38;38011;;1;1;TF-28;19,15;6;19;2;;;1;1;1;;;1;3
2;7;7;38;0;10;1;1;TF-1;34,65;2;4;2;;;1;1;1;;;1;1
2;2;12;38;38005;10;1;1;TF-1;36;2;6;2;;;1;1;1;;;1;1
3;5;16;38;0;;1;1;TF-620;0,5;6;17;2;;;1;1;1;;;1;2
5;3;11;38;38020;10;1;1;TF-28;36,08;6;10;2;;;1;1;1;;;4;1
7;2;21;38;0;;1;1;TF-1;31,841;2;3;2;;;1;6;1;;;18;1
7;1;6;38;0;10;1;1;TF-620;3,5;6;10;2;;;2;6;1;;;1;3
8;5;21;38;38020;10;1;1;TF-1;29,391;2;12;2;;;1;6;1;;;1;1
8;2;16;38;38020;;1;1;TF-1;27,6;2;16;2;;;1;1;1;;;1;3
11;6;4;38;0;;1;1;TF-1;31,457;2;14;2;;;1;6;1;;;1;1
12;3;14;38;38020;;1;1;TF-1;27,779;2;5;2;;;1;1;1;;;18;4
2;4;13;38;0;11;1;1;LP-207;8,8;6;18;2;;;1;1;1;;;4;2
4;6;11;38;0;11;1;1;LP-2;24,6;6;19;2;;;1;1;1;;;1;2
2;6;17;38;0;;1;1;TF-42;11,6;6;4;2;;;1;1;1;;;1;1
1;1;5;38;0;;3;2;No inventariada;;9;2;1;2;;1;1;1;;;1;998
2;3;22;38;0;;1;1;TF-42;9,5;6;18;2;;;1;4;1;;;1;1
3;7;16;38;0;;2;2;TF-42;10,178;6;7;2;;;1;1;2;;;1;1
5;3;5;38;0;;3;2;No inventariada;;9;10;2;;;1;1;1;;;1;998
7;7;10;38;0;;1;1;TF-82;4,915;6;19;2;;;1;1;1;;;18;2
8;5;9;38;0;10;1;1;TF-42;12,2;6;12;2;;;1;1;1;;;1;1
9;3;7;38;0;10;1;1;TF-42;13,5;6;4;2;;;1;1;2;;;1;1
10;5;11;38;0;;1;1;TF-42;8;6;16;2;;;1;1;1;;;18;3
1;5;18;38;38017;10;3;2;No inventariada;;9;3;1;1;;1;4;1;;;1;998
1;4;16;38;38017;10;1;1;TF-1;57,7;2;10;2;;;1;1;1;;;1;1
1;2;16;38;38017;;1;1;TF-1;57,26;2;4;2;;;1;1;1;;;1;1
1;1;2;38;38017;;1;1;TF-1;55,797;2;4;2;;;1;6;1;;1;1;1
1;3;20;38;38017;10;3;2;No inventariada;;9;4;2;;;1;4;1;;;1;998
1;1;21;38;38017;10;3;2;No inventariada;;9;2;1;2;;1;4;1;;;1;998
2;6;12;38;38017;10;1;1;TF-1;57;2;2;1;2;;1;1;1;;;1;1
2;2;5;38;38005;10;1;1;TF-1;47,7;2;4;2;;;1;6;1;;;1;1
1;6;19;38;38017;10;3;2;No inventariada;;9;16;2;;;1;4;1;;;1;998
1;3;9;38;38017;10;3;2;No inventariada;;9;2;1;2;;1;1;1;;;1;998
2;5;7;38;38017;10;1;1;TF-636;2,95;6;4;1;2;;1;5;1;;;1;1
2;6;13;38;38017;;1;1;TF-645;0,3;6;15;2;;;1;1;1;;;1;3
2;7;0;38;38017;;1;1;TF-64;6,2;6;2;2;;;1;1;1;;;1;4
3;5;13;38;38017;10;1;1;TF-1;59;2;2;1;2;;1;1;1;;;1;1
3;6;4;38;38017;;1;1;TF-1;59,15;2;4;2;;;1;4;1;;;1;1
2;3;12;38;38017;10;3;2;No inventariada;;9;10;1;1;;1;1;1;;;1;998
3;4;18;38;38017;10;1;1;TF-1;55,25;2;4;1;10;TF-64;1;2;1;;;6;1
3;5;5;38;38017;;1;1;TF-1;54,2;2;17;2;;;1;6;1;;;1;1
3;1;2;38;38017;;1;1;TF-645;5;6;18;2;;;3;6;1;;;1;1
3;7;4;38;38017;;1;1;TF-64;8,761;6;19;2;;;1;6;1;;;1;1
3;4;20;38;38017;;1;1;TF-64;3,519;6;14;2;;;1;6;1;;;1;1
3;7;19;38;38017;;1;1;TF-1;49,273;2;3;2;;;1;1;1;;;1;3
3;3;16;38;38017;10;3;2;No inventariada;;9;7;2;;;1;1;1;;;1;998
3;6;10;38;38017;10;3;2;No inventariada;;9;2;1;2;;1;1;1;;;1;998
3;2;12;38;38017;10;3;2;No inventariada;;9;3;2;;;1;1;1;;;1;998
4;2;14;38;38017;10;1;1;TF-21;79,5;6;17;2;;;1;1;2;;;1;3
3;2;19;38;38017;10;3;2;No inventariada;;14;7;2;;;1;4;1;;;1;998
3;5;11;38;38017;10;3;2;No inventariada;;9;4;2;;;1;1;1;;;1;998
4;3;19;38;38017;10;1;1;TF-64;8,1;6;18;2;;;1;1;1;;;1;3
4;1;2;38;38017;10;1;1;TF-1;57;2;7;2;;;1;6;1;;;1;1
4;4;19;38;38017;;1;1;TF-645;4,345;6;1;2;;;1;1;1;;;1;3
4;1;11;38;38017;10;3;2;No inventariada;;9;7;2;;;1;1;1;;;1;998
4;5;9;38;38017;10;3;2;No inventariada;;9;2;1;2;;1;1;1;;;1;998
5;1;18;38;38017;10;1;1;TF-64;8,95;6;3;1;2;;1;1;1;;;1;2
4;3;9;38;38017;10;3;2;No inventariada;;9;19;2;;;1;1;1;;;1;998
5;1;16;38;38017;10;1;1;TF-645;0,5;6;2;1;2;;1;1;1;;;1;1
5;3;4;38;38017;;1;1;TF-1;55,473;2;4;2;;;1;6;1;;;1;1
5;1;22;38;38005;10;1;1;TF-1;48;2;18;2;;;1;6;1;;;1;1
5;1;4;38;38017;;1;1;TF-1;59,645;2;4;2;;;1;6;1;;;1;1
6;3;10;38;38017;;1;1;TF-1;59,491;2;4;2;;;1;1;1;;;1;1
6;4;6;38;38017;;1;1;TF-1;54,186;2;4;2;;;1;3;2;;;1;1
6;5;2;38;38017;10;1;1;TF-1;60,5;2;3;2;;;3;5;3;;;1;1
6;5;8;38;38017;0;1;1;TF-1;56,375;2;2;1;2;;1;1;1;;;1;1
7;3;21;38;38017;10;1;1;TF-64;3,37;6;3;2;;;1;6;1;;;1;3
7;5;8;38;38017;;1;1;TF-64;1,902;6;10;1;4;TF-647;7;1;1;;;1;1
6;2;8;38;38017;10;3;2;No inventariada;;9;2;1;1;;1;1;1;;;1;998
7;4;16;38;38017;0;1;1;TF-64;7,3;6;3;1;4;TF-64;1;1;1;;;1;2
7;4;22;38;38017;10;1;1;TF-1;56;2;4;2;;;1;2;1;;;18;1
7;7;23;38;38017;0;1;1;TF-643;1,5;6;10;2;;;1;6;1;;;1;1
7;3;10;38;38017;0;1;1;TF-1;56,506;2;4;2;;;1;1;1;;;1;1
7;6;0;38;38017;0;1;1;TF-64;9,91;6;16;2;;;1;5;1;;;1;1
7;2;7;38;38017;0;1;1;TF-1;59,6;2;4;2;;;1;1;1;;;1;1
7;2;12;38;38017;10;3;2;No inventariada;;9;16;2;;;1;1;1;;;1;998
8;4;12;38;38017;;1;1;TF-643;1,833;6;2;1;2;;1;1;1;;;1;1
7;2;7;38;38017;10;3;2;No inventariada;;9;3;2;;;1;1;1;;;1;998
8;5;14;38;38017;;1;1;TF-1;59,024;2;1;1;2;;1;1;1;;;1;1
8;3;16;38;38035;10;1;1;TF-65;10,59;6;5;2;;;1;1;1;;;1;1
8;4;6;38;38017;0;1;1;TF-1;59,024;2;2;1;11;TF-1;1;4;1;;;1;1
8;1;16;38;38017;;1;1;TF-1;52,702;2;16;2;;;1;1;1;;;1;1
8;6;17;38;38017;10;3;2;No inventariada;;9;1;1;1;;1;1;1;;;1;998
8;4;10;38;38017;10;3;2;No inventariada;;9;2;1;1;;1;1;1;;;1;998
9;2;10;38;38017;;1;1;TF-1;59;2;2;1;1;TF-1;1;1;1;;;3;1
9;4;7;38;38017;;1;1;TF-1;56,534;2;4;2;;;1;1;1;;;1;1
9;6;5;38;38017;;1;1;TF-1;49,7;2;16;2;;;9;2;1;;;1;1
9;1;18;38;38017;10;1;1;TF-64;9,1;6;1;2;;;1;1;1;;;1;3
9;3;22;38;38017;10;3;2;No inventariada;;9;3;1;4;;1;4;1;;;1;998
9;7;9;38;38017;10;3;2;No inventariada;;9;4;2;;;1;1;1;;;1;998
10;6;15;38;38017;;1;1;TF-1;57,21;2;3;1;2;;1;1;1;;;1;1
10;5;7;38;38017;10;3;2;No inventariada;;9;4;2;;;1;1;1;;;1;998
10;6;18;38;38017;10;3;2;No inventariada;;9;3;1;1;;1;1;1;;;1;998
11;5;12;38;38017;;1;1;TF-1;54,281;2;12;1;10;;1;1;1;;;1;1
10;5;22;38;38017;10;3;2;No inventariada;;9;1;1;2;;1;4;1;;;1;998
11;5;8;38;38017;10;3;2;No inventariada;;9;7;2;;;1;1;1;;;1;998
11;6;10;38;38017;;1;1;TF-28;78,383;6;10;2;;;1;1;1;;;1;1
10;5;18;38;38017;10;3;2;No inventariada;;9;3;2;;;1;1;1;;;1;998
11;1;16;38;38017;10;3;2;No inventariada;;9;10;2;;;1;1;1;;;1;998
11;3;11;38;38017;10;2;2;TF-64;6,95;6;4;2;;;1;1;1;;;1;2
11;3;6;38;38017;10;3;2;No inventariada;;9;1;1;2;;1;4;1;;;3;998
11;3;20;38;38017;10;3;2;No inventariada;;9;7;2;;;1;4;1;;;1;998
12;6;1;38;38017;10;1;1;TF-1;59,2;2;4;2;;;1;4;1;;;1;1
12;7;3;38;38017;;1;1;TF-64;9,315;6;12;2;;;3;6;3;;;1;2
12;5;15;38;38017;;1;1;TF-1;57;2;4;1;10;TF-64;1;1;1;;;1;1
12;6;11;38;38035;10;1;1;TF-65;10,799;6;1;1;12;TF-65;1;1;1;;;1;1
12;3;11;38;38017;10;3;2;No inventariada;;9;4;2;;;1;1;1;;;1;998
12;6;11;38;38017;10;3;2;No inventariada;;9;2;2;;;1;1;1;;;1;998
2;3;16;38;38018;;1;1;TF-5;48,638;6;4;2;;;1;1;1;;;1;3
2;3;16;38;38018;;1;1;TF-5;49,2;6;4;2;;;1;1;1;;;1;2
2;4;12;38;38018;10;1;1;TF-5;50,1;6;1;2;;;1;1;1;;;1;1
2;2;8;38;38018;;1;1;TF-342;15,458;6;2;2;;;1;1;1;;;18;3
2;5;20;38;38018;10;3;2;No inventariada;;9;2;1;2;;1;4;1;;;1;998
2;6;14;38;38018;10;3;2;No inventariada;;9;1;1;2;;1;1;1;;;1;998
3;2;14;38;38018;;1;1;TF-5;49,812;6;4;2;;;1;4;1;;;18;1
3;3;14;38;38018;;1;1;TF-5;48,609;6;2;1;2;TF-352;1;1;1;;;1;1
6;2;6;38;38018;;1;1;TF-5;50,303;6;19;2;;;1;6;1;;;1;1
6;2;15;38;38018;;1;1;TF-5;48,342;6;2;1;1;;1;1;1;;;1;1
6;4;19;38;38018;0;1;1;TF-5;49,828;6;16;2;;;1;1;1;;;1;2
5;5;7;38;38018;10;3;2;No inventariada;;9;7;2;;;1;1;1;;;3;998
6;2;0;38;38018;;1;1;TF-5;50,041;6;2;2;;;1;3;1;;;1;2
7;6;12;38;38018;;1;1;TF-5;48,05;6;16;1;2;;1;1;2;;;1;2
9;4;14;38;38018;10;3;2;No inventariada;;9;20;2;;;1;1;1;;;1;998
9;5;18;38;38018;;1;1;TF-5;49,487;6;4;2;;;1;1;1;;;18;1
9;6;14;38;38018;10;3;2;No inventariada;;14;15;2;;;3;1;2;;;1;998
10;3;11;38;38018;10;3;2;No inventariada;;9;12;2;;;1;1;1;;;1;998
12;1;19;38;38018;10;3;2;No inventariada;;9;20;1;2;;1;4;1;;;2;998
1;4;16;38;38019;;1;1;TF-47;13,052;6;2;2;;;1;1;2;;;1;1
1;7;12;38;38019;10;1;1;TF-465;1,1;6;17;2;;;1;1;1;;;1;2
1;5;10;38;38019;;1;1;TF-47;15,735;6;3;2;;;1;1;1;;;1;1
2;2;14;38;38019;;1;1;TF-47;11,7;6;16;1;2;TF-463;1;1;1;;;1;2
2;3;14;38;38019;;1;1;TF-82;32,267;6;3;2;;;1;1;1;;;1;3
2;5;18;38;38001;10;1;1;TF-82;43,8;6;4;1;11;;1;1;1;;;1;1
2;7;2;38;38019;;1;1;TF-1;90,863;2;8;2;;;1;5;1;;;1;1
3;7;11;38;38019;0;1;1;TF-82;38,3;6;19;2;;;1;1;1;;;1;2
3;3;7;38;38019;;1;1;TF-1;88,077;2;4;2;;;1;1;1;;;1;1
3;2;15;38;38019;;1;1;TF-38;12,3;6;18;2;;;1;1;2;;;1;1
4;4;16;38;38019;;1;1;TF-47;15,385;6;4;2;;;1;1;1;;;1;1
3;7;13;38;38019;10;1;1;TF-82;36;6;2;1;2;;1;1;1;;;12;2
3;3;5;38;38019;10;1;1;TF-46;6;6;14;1;4;;1;4;1;;;1;2
4;2;10;38;38019;10;3;2;No inventariada;;9;7;2;;;1;1;1;;;1;998
5;6;10;38;38019;;1;1;TF-82;32,318;6;2;1;10;TF-38;1;1;1;;;1;1
5;3;19;38;38019;0;1;1;TF-38;24,14;6;15;2;;;1;1;2;;;1;3
5;5;15;38;38019;;1;1;TF-1;87,373;2;4;2;;;1;1;2;;;1;1
5;1;6;38;38019;;1;1;TF-82;31,8;6;3;2;;;1;6;1;;;1;1
5;7;9;38;38019;10;2;2;TF-82;37;6;3;2;;;1;1;1;;;1;1
5;4;17;38;38019;;1;1;TF-38;6;6;4;2;;;1;1;1;;;1;1
6;6;11;38;38019;;1;1;TF-465;1,673;6;15;2;;;2;1;1;;;1;2
6;5;22;38;38001;10;1;1;TF-1;83,7;2;4;2;;;1;6;1;;;1;3
7;3;11;38;38019;;1;1;TF-38;10,9;6;19;2;;;1;1;1;;;1;1
7;5;19;38;38019;;1;1;TF-82;31,549;6;12;2;;;1;1;1;;;1;1
7;2;11;38;38019;10;1;1;TF-47;13,5;6;9;1;4;;1;1;1;;;1;2
7;5;15;38;38019;;1;1;TF-38;24,127;6;13;2;;;1;1;1;;;4;1
8;5;12;38;38019;;1;1;TF-47;15,711;6;4;2;;;1;1;1;;;1;1
8;1;12;38;38019;;1;1;TF-47;10,762;6;19;2;;;1;1;1;;;1;2
8;1;7;38;38001;10;1;1;TF-1;84,8;2;4;2;;;1;1;1;;;1;1
9;7;12;38;38019;10;1;1;TF-38;23,4;6;2;1;1;;1;1;2;;;4;2
10;7;13;38;38019;;1;1;TF-463;1,8;6;15;2;;;1;1;1;;;1;3
10;5;17;38;38019;;1;1;TF-463;3,815;6;18;2;;;1;1;1;;;1;2
10;7;1;38;38019;;1;1;TF-82;35,523;6;18;2;;;1;6;1;;;1;3
11;7;10;38;38019;;1;1;TF-46;4,924;6;15;1;4;;1;1;1;;;1;2
12;6;19;38;38019;;1;1;TF-1;97,166;2;4;2;;;1;6;3;;;18;1
12;4;11;38;38019;;1;1;TF-465;5,856;6;1;2;;;1;1;1;;;1;2
1;6;16;38;38020;10;1;1;TF-28;27,61;6;19;1;2;;1;1;1;;;4;1
1;2;10;38;38020;;1;1;TF-61;2,9;6;1;1;1;;1;1;1;;;1;1
1;4;11;38;38020;;1;1;TF-1;24,623;2;15;2;;;1;1;1;;;1;1
1;2;14;38;38020;10;1;1;TF-1;21,388;2;4;2;;;1;1;1;;;1;1
1;3;8;38;38020;10;1;1;TF-1;22,2;2;16;2;;;1;1;1;;;1;1
2;3;18;38;38020;;1;1;TF-617;0,195;6;18;2;;;1;1;1;;;1;1
2;6;23;38;38020;10;1;1;TF-1;29,94;2;7;2;;;1;6;1;;;1;1
3;4;20;38;38020;10;1;1;TF-1;25,3;2;5;2;;;1;4;1;;;9;1
4;3;8;38;38004;10;1;1;TF-1;20,2;2;4;2;;;1;1;1;;;1;1
4;1;8;38;38020;;1;1;TF-1;25,5;2;4;2;;;1;1;1;;;1;1
5;6;2;38;38020;;1;1;TF-1;21,365;2;18;2;;;1;6;1;;;1;1
5;6;18;38;38020;;1;1;TF-617;2,733;6;1;2;;;1;1;1;;;1;2
5;3;14;38;38020;;1;1;TF-1;25,016;2;5;2;;;1;1;1;;;1;1
5;1;18;38;38020;;1;1;TF-1;30,197;2;6;2;;;1;1;1;;1;1;3
5;5;6;38;38020;;1;1;TF-1;24,686;2;4;2;;;1;2;1;;;1;1
5;2;15;38;38011;10;1;1;TF-1;18,979;2;5;2;;;1;1;7;;;1;1
6;7;3;38;38020;;3;2;No inventariada;;9;7;2;;;1;6;1;;;4;998
6;5;12;38;38020;0;1;1;TF-28;38,4;6;16;2;;;1;1;1;;;1;3
6;6;13;38;38004;10;1;1;TF-28;21,9;6;16;2;;;1;1;1;;;1;1
6;7;19;38;38020;;1;1;TF-1;25,252;2;5;2;;;1;1;1;;;1;1
7;5;22;38;38020;10;1;1;TF-1;25,5;2;4;2;;;1;6;1;;;1;1
9;7;1;38;38020;;1;1;TF-1;20,4;2;4;2;;;1;5;1;;;18;1
9;3;21;38;38020;0;1;1;TF-28;30,149;6;2;2;;;3;6;1;;;4;2
9;6;20;38;38020;;1;1;TF-1;26,837;2;4;2;;;1;2;1;;;5;1
9;6;11;38;38020;10;1;1;TF-28;34,2;6;16;2;;;1;1;1;;;1;1
10;7;20;38;38020;10;1;1;TF-1;24,45;2;16;2;;;1;6;1;;;1;1
11;1;10;38;38020;;1;1;TF-28;30,119;6;3;2;;;1;1;1;;;18;1
11;7;7;38;38020;10;1;1;TF-1;21,35;2;18;2;;;1;1;1;;;1;1
11;7;11;38;38020;;1;1;TF-1;23,5;2;10;2;;;1;1;1;;;1;1
11;6;12;38;38020;;1;1;TF-28;26,3;6;19;2;;;1;1;1;;;1;2
12;1;20;38;38020;;1;1;TF-61;3,094;6;7;2;;;1;6;1;;;17;1
12;2;16;38;38020;;1;1;TF-1;27,471;2;16;2;;;1;1;1;;;1;1
6;4;11;38;0;0;1;1;GM-1;12,4;6;2;2;;;1;1;1;;;1;2
11;4;19;38;38036;12;1;1;GM-1;2;6;20;2;;;1;4;1;;;4;3
1;2;18;38;38022;;3;2;No inventariada;;9;2;2;;;1;1;1;;;1;998
1;3;10;38;38022;;1;1;TF-42;2;6;10;2;;;1;1;1;;;1;4
1;4;15;38;38022;;1;1;TF-42;0,7;6;5;2;;;1;1;1;;;1;1
1;7;11;38;0;10;1;1;TF-5;59,2;6;18;2;;;1;1;1;;;1;1
2;5;9;38;38022;;1;1;TF-5;50,91;6;3;1;4;TF-42;1;1;1;;;1;2
2;5;18;38;38022;;1;1;TF-42;0,4;6;5;2;;;1;1;1;;;1;1
2;4;14;38;38018;10;1;1;TF-5;50,27;6;4;2;;;1;1;1;;;18;1
2;2;16;38;38022;10;1;1;TF-82;1,2;6;1;2;;;1;1;1;;;1;2
1;3;11;38;38022;;3;2;No inventariada;;9;4;2;;;1;1;1;;;1;998