MES;DIA_SEMANA;HORA;COD_PROVINCIA;COD_MUNICIPIO;ISLA;ZONA;ZONA_AGRUPADA;CARRETERA;KM;TIPO_VIA;TIPO_ACCIDENTE;NUDO;NUDO_INFO;CARRETERA_CRUCE;CONDICION_FIRME;CONDICION_ILUMINACION;CONDICION_METEO;CONDICION_NIEBLA;CONDICION_VIENTO;VISIB_RESTRINGIDA_POR;TRAZADO_PLANTA
5;4;14;38;38022;;1;1;TF-42;2,151;6;16;2;;;1;1;1;;;1;1
5;4;10;38;38022;;1;1;TF-42;1;6;2;1;1;;1;1;1;;;18;1
6;1;16;38;38022;;1;1;TF-42;2,944;6;18;2;;;7;1;1;;;4;2
6;2;22;38;38022;;1;1;TF-42;6;6;5;2;;;3;5;3;;;18;2
7;6;13;38;38022;;1;1;TF-42;2,694;6;2;2;;;3;1;3;;;1;2
7;7;9;38;38022;10;1;1;TF-42;2,93;6;16;2;;;1;1;1;;;1;2
7;1;13;38;38022;;3;2;No inventariada;;9;4;2;;;1;1;1;;;1;998
5;3;17;38;38022;;3;2;No inventariada;;9;7;2;;;1;1;1;;;1;998
8;7;16;38;38022;;1;1;TF-42;1,19;6;10;1;2;TF-42;1;1;1;;;1;3
5;3;14;38;38022;;3;2;No inventariada;;7;1;2;;;1;1;1;;;1;998
11;5;1;38;38022;0;1;1;TF-342;15,9;6;1;2;;;1;6;1;;;1;1
11;2;11;38;38022;;3;2;No inventariada;;9;4;2;;;1;1;1;;;1;998
12;3;17;38;38022;10;1;1;TF-5;52,3;6;4;2;;;1;1;2;;;1;1
12;2;18;38;38022;;3;2;No inventariada;;9;4;2;;;1;1;1;;;1;998
1;2;12;38;38023;;3;2;No inventariada;;9;2;1;4;;9;1;7;;;18;998
1;2;14;38;38023;10;1;1;TF-13;2;6;4;2;;;1;1;1;;;1;1
1;2;16;38;38023;;3;2;No inventariada;;9;3;2;;;1;1;1;;;1;998
1;2;13;38;38023;;3;2;No inventariada;;9;10;1;4;;1;1;1;;;1;998
1;3;11;38;38023;;3;2;No inventariada;;9;4;2;;;1;1;1;;;1;998
1;2;14;38;38023;0;1;1;TF-2;4;5;4;2;;;1;1;1;;;1;1
1;1;12;38;38023;;3;2;No inventariada;;9;2;2;;;1;1;1;;;1;998
1;2;19;38;38023;;3;2;No inventariada;;9;4;1;2;;1;4;1;;;1;998
1;4;8;38;38023;;1;1;TF-5;8;2;4;2;;;1;1;1;;;18;1
1;4;10;38;38023;10;1;1;TF-5;12,05;2;4;2;;;1;1;1;;;4;1
1;7;18;38;38023;;3;2;No inventariada;;9;20;1;1;;1;1;1;;;18;998
1;4;20;38;38023;;3;2;No inventariada;;9;7;2;;;1;4;1;;;1;998
1;3;8;38;38023;;3;2;No inventariada;;9;10;1;4;;3;1;3;;;1;998
1;6;17;38;38023;;3;2;No inventariada;;9;4;2;;;1;1;7;;;1;998
1;4;6;38;38023;;1;1;TF-5;7,405;2;5;1;10;TF-2;3;4;1;;;1;1
1;4;13;38;38023;;3;2;No inventariada;;9;3;1;4;;1;1;2;;;1;998
1;2;12;38;38023;;3;2;No inventariada;;9;10;1;4;;2;1;1;;;1;998
1;7;10;38;38023;;3;2;No inventariada;;9;7;2;;;1;1;1;;;1;998
1;6;21;38;38023;;3;2;No inventariada;;9;2;1;2;;1;3;1;;;1;998
1;2;7;38;38046;;1;1;TF-154;0,7;6;7;2;;;3;6;2;;;1;1
1;1;12;38;38023;;3;2;No inventariada;;9;4;2;;;1;1;1;;;16;998
1;3;9;38;38023;;1;1;TF-5;7,37;2;4;2;;;1;1;1;;;1;3
1;3;10;38;38023;;3;2;No inventariada;;9;7;2;;;1;1;1;;;1;998
1;3;16;38;38023;;1;1;TF-5;9,907;2;4;2;;;1;1;1;;;1;1
1;3;8;38;38023;;3;2;No inventariada;;9;20;1;2;;1;1;1;;;1;998
1;1;20;38;38023;;3;2;No inventariada;;9;2;1;2;;1;3;1;;;1;998
1;5;14;38;38023;;3;2;No inventariada;;9;19;2;;;1;1;1;;;1;998
1;4;10;38;38046;10;1;1;TF-154;4,8;6;10;1;2;;1;1;1;;;1;1
1;6;11;38;38023;;1;1;TF-12;23,7;6;15;2;;;1;1;1;;;1;1
1;7;18;38;38023;;3;2;No inventariada;;9;2;1;1;;1;1;1;;;1;998
1;7;14;38;38023;;3;2;No inventariada;;9;4;2;;;1;1;1;;;1;998
1;1;20;38;38032;10;1;1;TF-1;9,5;2;5;2;;;1;4;1;;;1;1
1;2;8;38;38023;;1;1;TF-5;7,452;2;16;2;;;1;1;1;;;18;1
1;7;17;38;38023;;3;2;No inventariada;;9;12;2;;;1;1;1;;;6;998
1;1;21;38;38023;;3;2;No inventariada;;9;4;1;2;;1;4;1;;;1;998
2;5;11;38;38023;;1;1;TF-5;4,7;2;4;1;12;;1;1;1;;;1;1
2;7;3;38;38023;;3;2;No inventariada;;9;7;2;;;1;4;1;;;1;998
1;5;19;38;38023;;3;2;No inventariada;;9;2;1;2;;1;4;1;;;1;998
1;6;16;38;38023;;3;2;No inventariada;;9;11;1;4;;1;1;1;;;1;998
2;3;9;38;38023;;3;2;No inventariada;;9;7;2;;;1;1;1;;;6;998
2;1;12;38;38023;;3;2;No inventariada;;9;4;2;;;1;1;1;;;1;998
1;5;20;38;38023;;3;2;No inventariada;;9;20;2;;;1;4;1;;;1;998
2;5;15;38;38023;;1;1;TF-152;3,294;6;4;2;;;1;2;2;;;1;4
2;6;16;38;38023;;1;1;TF-13;12,32;6;12;1;4;TF-13;1;1;2;;;1;3
2;7;12;38;38023;;3;2;No inventariada;;9;4;2;;;1;1;1;;;1;998
2;4;14;38;38023;;3;2;No inventariada;;9;16;2;;;1;1;1;;;1;998
2;5;10;38;38023;;3;2;No inventariada;;9;7;2;;;1;1;1;;;1;998
2;7;19;38;38023;;3;2;No inventariada;;9;7;2;;;1;4;7;;;1;998
1;5;15;38;38023;0;1;1;TF-237;0,9;6;10;2;;;9;1;7;;;1;1
2;2;19;38;38023;;3;2;No inventariada;;9;4;1;7;;1;4;1;;;1;998
1;6;8;38;38023;;3;2;No inventariada;;9;2;2;;;3;1;1;;;1;998
2;5;9;38;38023;;3;2;No inventariada;;9;2;2;;;1;1;1;;;1;998
2;3;7;38;38023;;3;2;No inventariada;;9;7;2;;;1;4;1;;;18;998
2;3;10;38;38023;;3;2;No inventariada;;9;20;2;;;1;1;1;;;1;998
2;3;22;38;38023;;3;2;No inventariada;;9;4;1;2;;1;4;1;;;1;998
1;6;8;38;38023;;3;2;No inventariada;;9;2;1;1;;1;1;1;;;2;998
2;5;20;38;38023;;1;1;TF-5;14,6;2;4;2;;;3;4;2;;;1;1
1;3;8;38;38023;;3;2;No inventariada;;9;3;1;4;;1;6;1;;;1;998
2;6;7;38;38023;;3;2;No inventariada;;9;14;2;;;3;1;2;;;18;998
2;3;8;38;38023;;1;1;TF-5;5,869;2;4;2;;;1;1;1;;;1;1
1;2;16;38;38023;;3;2;No inventariada;;9;3;1;2;;1;2;1;;;6;998
2;4;14;38;38023;10;1;1;TF-5;9,8;2;16;1;10;;1;1;2;;;1;1
2;7;7;38;38023;;3;2;No inventariada;;9;1;2;;;1;1;1;;;18;998
3;6;7;38;38023;0;1;1;TF-5;7,673;2;5;2;;;1;3;2;;;1;1
2;3;7;38;38023;;3;2;No inventariada;;9;20;2;;;1;1;1;;;1;998
2;5;8;38;38023;;3;2;No inventariada;;9;5;2;;;1;2;1;;;1;998
1;7;12;38;38023;;3;2;No inventariada;;9;2;1;2;;1;1;1;;;2;998
3;1;21;38;38023;;1;1;TF-5;6,9;2;12;2;;;3;4;1;;;1;1
1;3;19;38;38023;;3;2;No inventariada;;9;7;2;;;3;4;3;;;5;998
2;3;5;38;38023;;3;2;No inventariada;;9;5;2;;;1;1;1;;;1;998
1;3;16;38;38023;;3;2;No inventariada;;9;4;2;;;3;1;2;;;1;998
1;1;13;38;38023;;3;2;No inventariada;;9;2;1;1;;1;1;1;;;1;998
2;1;15;38;38023;;3;2;No inventariada;;9;4;2;;;1;1;1;;;1;998
2;4;22;38;38023;;3;2;No inventariada;;9;4;1;2;;3;6;3;;;1;998
2;7;7;38;38023;;3;2;No inventariada;;9;19;2;;;1;1;1;;;1;998
2;1;8;38;38023;;3;2;No inventariada;;9;7;2;;;1;2;1;;;16;998
3;4;8;38;38023;;3;2;No inventariada;;9;3;1;2;;1;1;2;;;1;998
2;4;9;38;38023;;3;2;No inventariada;;9;15;2;;;1;1;7;;;1;998
3;4;11;38;38023;;3;2;No inventariada;;9;7;1;2;;1;1;1;;;1;998
2;1;16;38;38023;;3;2;No inventariada;;9;4;2;;;1;2;1;;;1;998
1;7;10;38;38023;;3;2;No inventariada;;11;4;1;1;;1;1;1;;;1;998
2;7;18;38;38023;;3;2;No inventariada;;9;15;2;;;1;2;1;;;1;998
2;6;19;38;38023;;3;2;No inventariada;;9;10;2;;;1;4;1;;;1;998
2;1;21;38;38023;;3;2;No inventariada;;9;4;2;;;1;6;1;;;1;998
3;5;12;38;38023;;3;2;No inventariada;;9;10;1;4;;1;1;2;;;1;998
3;5;15;38;38023;;1;1;TF-5;5,626;2;4;2;;;1;1;1;;;1;1
3;5;21;38;38023;;3;2;No inventariada;;9;10;2;;;1;4;2;;;1;998
1;5;9;38;38023;;3;2;No inventariada;;9;1;2;;;1;1;1;;;1;998
2;4;16;38;38023;;3;2;No inventariada;;9;3;1;4;;1;1;7;;;1;998
3;6;10;38;38023;;3;2;No inventariada;;9;5;2;;;1;1;1;;;1;998
2;5;9;38;38023;;3;2;No inventariada;;9;20;2;;;1;1;1;;;1;998
3;4;6;38;38023;;1;1;TF-156;4,188;6;4;2;;;3;5;3;;;18;1
3;5;17;38;38023;;1;1;TF-13;4,922;6;3;2;;;1;1;1;;;1;1
3;4;19;38;38023;;3;2;No inventariada;;9;2;1;2;;1;3;1;;;1;998
3;5;23;38;38023;;3;2;No inventariada;;9;4;2;;;1;4;1;;;1;998
3;6;13;38;38023;10;1;1;TF-5;14;2;4;2;;;1;1;1;;;1;1
3;6;22;38;38023;;3;2;No inventariada;;9;7;2;;;3;4;4;;;5;998
3;1;16;38;38023;;3;2;No inventariada;;9;2;2;;;1;1;2;;;1;998
3;3;9;38;38023;;3;2;No inventariada;;9;20;2;;;1;1;2;;;1;998
3;1;10;38;38023;;3;2;No inventariada;;9;7;1;1;;1;1;1;;;6;998
3;7;0;38;38023;;1;1;TF-5;10;2;12;2;;;3;4;3;;;18;3
3;3;18;38;38023;;3;2;No inventariada;;9;7;1;1;;1;2;1;;;1;998
2;5;12;38;38023;;3;2;No inventariada;;9;1;2;;;1;1;1;;;1;998
3;3;16;38;38023;;1;1;TF-5;12;2;16;2;;;1;1;1;;;1;1
3;5;20;38;38023;;3;2;No inventariada;;9;2;1;1;;3;4;3;;;1;998
3;7;12;38;38023;;3;2;No inventariada;;9;4;2;;;1;1;2;;;1;998
4;2;12;38;38023;;3;2;No inventariada;;9;11;2;;;1;1;1;;;1;998
4;1;21;38;38023;;3;2;No inventariada;;9;20;1;2;;1;4;1;;;1;998
4;4;7;38;38023;;1;1;TF-5;14,5;2;4;2;;;1;1;1;;;1;1
4;2;13;38;38023;;3;2;No inventariada;;9;3;1;7;;1;1;1;;;1;998
4;3;15;38;38023;;3;2;No inventariada;;9;4;1;2;;1;1;1;;;1;998
3;5;16;38;38023;;3;2;No inventariada;;9;2;2;;;1;1;1;;;1;998
4;4;10;38;38023;;3;2;No inventariada;;9;2;1;1;;1;1;1;;;12;998
1;5;18;38;38023;;3;2;No inventariada;;9;4;1;12;;1;1;1;;;1;998
4;7;3;38;38023;;3;2;No inventariada;;9;10;1;1;;3;4;3;;;1;998
4;5;19;38;38023;10;1;1;TF-24;1;6;2;1;2;;1;1;1;;;1;1
3;4;14;38;38023;;3;2;No inventariada;;9;4;2;;;1;1;2;;;1;998
2;1;6;38;38023;;3;2;No inventariada;;9;7;1;1;;1;3;1;;;17;998
3;4;18;38;38023;;3;2;No inventariada;;9;5;1;2;;1;1;1;;;1;998
4;1;11;38;38023;;3;2;No inventariada;;9;4;2;;;1;1;2;;;1;998
4;5;13;38;38023;;3;2;No inventariada;;9;7;1;2;;1;1;1;;;1;998
4;5;14;38;38023;;3;2;No inventariada;;9;3;1;1;;1;1;1;;;1;998
4;1;9;38;38043;10;1;1;TF-5;16,016;2;6;2;;;1;1;1;;;1;1
4;6;18;38;38023;;3;2;No inventariada;;9;10;2;;;1;1;1;;;1;998
4;1;10;38;38023;;3;2;No inventariada;;9;4;1;2;;1;1;1;;;1;998
4;2;11;38;38023;;3;2;No inventariada;;9;4;2;;;1;1;1;;;1;998
3;2;16;38;38023;;3;2;No inventariada;;9;7;1;1;;1;1;1;;;1;998
4;4;9;38;38023;;1;1;TF-152;2,4;6;2;1;2;;1;1;1;;;1;1
3;3;15;38;38023;;3;2;No inventariada;;9;20;2;;;3;1;3;;;5;998
4;4;18;38;38023;;3;2;No inventariada;;9;20;2;;;1;1;1;;;1;998
4;7;22;38;38023;;1;1;TF-5;9,433;2;3;2;;;1;4;1;;;1;1
4;6;20;38;38023;;3;2;No inventariada;;9;10;1;12;;1;1;1;;;1;998
4;1;13;38;38023;;3;2;No inventariada;;9;15;2;;;1;1;1;;;1;998
3;1;12;38;38023;;3;2;No inventariada;;9;4;2;;;1;1;1;;;1;998
4;3;22;38;38023;10;1;1;TF-5;14,1;2;10;2;;;1;4;1;;;1;1
4;3;0;38;38023;;3;2;No inventariada;;9;2;2;;;1;3;1;;;1;998
4;6;23;38;38023;;3;2;No inventariada;;9;4;1;4;;3;4;3;;;1;998
3;3;9;38;38023;;3;2;No inventariada;;9;4;2;;;1;1;1;;;1;998
4;7;8;38;38023;;3;2;No inventariada;;9;2;1;4;;9;1;1;;;1;998
4;2;14;38;38023;10;1;1;TF-5;6,9;2;12;2;;;1;1;1;;;1;1
5;4;7;38;38023;0;1;1;TF-5;6,848;2;4;1;2;;1;1;2;;;1;2
4;4;16;38;38023;;3;2;No inventariada;;9;4;2;;;1;1;1;;;1;998
5;4;10;38;38023;;3;2;No inventariada;;9;2;1;2;;1;1;2;;;10;998
4;7;2;38;38023;;3;2;No inventariada;;9;11;1;1;;1;4;1;;;1;998
4;2;21;38;38023;;3;2;No inventariada;;9;7;2;;;3;4;1;;;5;998
5;1;8;38;38023;;3;2;No inventariada;;9;7;1;2;;1;1;1;;;1;998
4;3;18;38;38023;;3;2;No inventariada;;9;3;1;4;;1;1;1;;;1;998
5;6;21;38;38023;;3;2;No inventariada;;9;7;2;;;1;4;1;;;1;998
5;2;9;38;38023;;3;2;No inventariada;;9;20;2;;;1;1;1;;;1;998
5;1;16;38;38023;;3;2;No inventariada;;9;3;1;2;;1;1;1;;;1;998
4;2;10;38;38023;;3;2;No inventariada;;9;10;2;;;1;1;1;;;1;998
4;6;0;38;38023;;3;2;No inventariada;;9;20;2;;;1;4;1;;;1;998
5;6;23;38;38023;;3;2;No inventariada;;9;2;1;1;;1;4;1;;;1;998
4;1;7;38;38023;;3;2;No inventariada;;9;7;2;;;1;1;1;;;1;998
5;1;17;38;38023;;3;2;No inventariada;;9;7;2;;;1;1;1;;;1;998
5;3;9;38;38023;;3;2;No inventariada;;9;4;1;2;;1;1;2;;;1;998
4;6;19;38;38023;;3;2;No inventariada;;9;3;1;2;;1;1;1;;;1;998
5;2;13;38;38023;;3;2;No inventariada;;9;15;2;;;1;1;1;;;1;998
5;5;11;38;38023;;3;2;No inventariada;;9;4;2;;;3;1;3;;;1;998
5;4;10;38;38023;;3;2;No inventariada;;9;7;2;;;1;1;2;;;1;998
5;4;12;38;38023;;3;2;No inventariada;;9;2;2;;;1;1;1;;;1;998
4;3;16;38;38023;;3;2;No inventariada;;9;10;2;;;1;6;1;;;1;998
4;3;8;38;38023;;3;2;No inventariada;;9;4;1;1;;1;1;1;;;1;998
5;4;13;38;38023;;3;2;No inventariada;;9;2;2;;;1;1;1;;;1;998
4;4;14;38;38023;;3;2;No inventariada;;9;4;1;1;;1;1;1;;;1;998
5;6;4;38;38023;10;1;1;TF-5;13,7;2;4;2;;;1;6;3;;;1;1
5;6;16;38;38023;;3;2;No inventariada;;9;7;1;1;;1;1;2;;;1;998
5;6;13;38;38023;;3;2;No inventariada;;9;16;2;;;1;1;1;;;1;998
5;2;9;38;38023;;3;2;No inventariada;;9;4;1;2;;1;1;1;;;1;998
5;1;15;38;38023;;3;2;No inventariada;;9;20;2;;;1;1;1;;;1;998
2;1;18;38;38023;;3;2;No inventariada;;9;7;2;;;1;1;1;;;1;998
5;4;0;38;38023;;3;2;No inventariada;;9;3;1;4;;1;1;1;;;1;998
4;6;13;38;38023;;3;2;No inventariada;;9;15;2;;;1;1;1;;;1;998
5;1;10;38;38023;;3;2;No inventariada;;9;4;2;;;1;1;2;;;1;998
5;7;19;38;38023;10;1;1;TF-152;2,6;6;2;2;;;1;1;2;;;1;1
5;3;17;38;38023;;3;2;No inventariada;;9;4;1;10;;1;1;2;;;1;998
5;7;23;38;38023;;3;2;No inventariada;;9;7;2;;;3;4;3;;;1;998
3;4;17;38;38023;;3;2;No inventariada;;9;10;2;;;1;1;1;;;1;998
5;3;4;38;38023;;1;1;TF-5;7;2;16;2;;;1;4;1;;;1;1
5;4;19;38;38023;;1;1;TF-12;25,5;6;2;2;;;1;1;2;;;4;2
5;7;23;38;38023;;3;2;No inventariada;;9;4;2;;;1;3;1;;;1;998
5;5;19;38;38023;;3;2;No inventariada;;9;15;2;;;1;1;1;;;1;998
1;2;7;38;38023;;3;2;No inventariada;;9;2;2;;;1;3;1;;;17;998
5;5;12;38;38023;;3;2;No inventariada;;9;7;2;;;1;1;1;;;1;998
5;4;19;38;38023;;3;2;No inventariada;;9;10;1;2;;1;2;1;;;1;998
5;5;16;38;38023;;3;2;No inventariada;;9;4;2;;;1;1;1;;;1;998
5;5;23;38;38023;;3;2;No inventariada;;9;10;1;1;;1;4;1;;;1;998
5;5;16;38;38023;;3;2;No inventariada;;9;1;1;2;;1;1;1;;;1;998
4;6;12;38;38023;;3;2;No inventariada;;9;2;1;10;;1;1;1;;;1;998
6;1;11;38;38023;;1;1;TF-5;6,707;2;10;2;;;1;1;1;;;3;2
6;1;12;38;38023;10;1;1;TF-5;14,2;2;5;2;;;1;1;1;;;1;1
6;1;10;38;38023;;3;2;No inventariada;;9;7;2;;;1;1;1;;;1;998
5;6;19;38;38023;;3;2;No inventariada;;9;2;1;2;;3;1;3;;;1;998
5;6;13;38;38023;;3;2;No inventariada;;9;2;1;7;;1;1;1;;;1;998
5;7;23;38;38023;;3;2;No inventariada;;9;5;1;2;;1;4;2;;;1;998
5;3;21;38;38023;;3;2;No inventariada;;9;7;2;;;9;4;7;;;18;998
4;3;14;38;38023;;3;2;No inventariada;;9;3;1;4;;1;1;1;;;1;998
6;4;7;38;38023;;3;2;No inventariada;;9;3;1;2;;1;1;2;;;1;998
6;7;1;38;38023;;3;2;No inventariada;;9;4;1;4;;1;4;1;;;1;998
6;1;9;38;38023;;3;2;No inventariada;;9;10;2;;;1;4;1;;;1;998
5;3;10;38;38023;;3;2;No inventariada;;9;20;1;11;;1;1;1;;;1;998
5;5;12;38;38023;;3;2;No inventariada;;9;2;1;7;;1;1;1;;;1;998
4;2;22;38;38023;;3;2;No inventariada;;9;10;2;;;1;4;1;;;1;998
6;3;16;38;38023;0;1;1;TF-152;2;6;7;2;;;1;1;2;;;18;1
6;2;14;38;38023;;3;2;No inventariada;;9;2;1;4;;1;1;1;;;1;998
6;5;7;38;38043;10;1;1;TF-5;15,625;2;10;2;;;3;1;2;;;1;1
6;5;14;38;38023;;1;1;TF-5;8,442;2;5;2;;;1;1;1;;;1;1
6;6;22;38;38023;;1;1;TF-5;7,45;2;5;2;;;1;4;1;;;1;1
6;7;23;38;38023;;2;2;TF-5;8,674;2;4;2;;;1;4;1;;;1;1
6;1;12;38;38023;;1;1;TF-5;13,481;2;4;2;;;1;1;1;;;1;1
6;1;15;38;38023;10;1;1;TF-5;10;2;4;2;;;1;1;1;;;1;1
4;5;19;38;38023;;3;2;No inventariada;;9;3;2;;;1;1;1;;;1;998
6;1;17;38;38023;;3;2;No inventariada;;9;2;2;;;1;1;1;;;4;998
6;6;12;38;38023;;3;2;No inventariada;;9;3;1;4;;1;1;1;;;1;998
6;2;20;38;38023;;1;1;TF-152;1,732;6;2;2;;;1;1;1;;;1;1
6;4;8;38;38023;;3;2;No inventariada;;9;3;2;;;1;1;1;;;1;998
6;3;16;38;38023;0;1;1;TF-2;4,336;5;4;2;;;1;6;1;;;1;1
6;3;15;38;38023;;3;2;No inventariada;;9;4;1;2;;1;1;1;;;1;998
5;1;22;38;38023;;3;2;No inventariada;;9;3;2;;;1;4;1;;;2;998
6;5;11;38;38023;;3;2;No inventariada;;9;1;1;2;;1;1;1;;;1;998
6;5;17;38;38023;;3;2;No inventariada;;9;7;2;;;1;1;1;;;1;998
6;5;13;38;38023;;3;2;No inventariada;;9;4;2;;;1;1;1;;;1;998
2;5;16;38;38023;;3;2;No inventariada;;9;16;1;2;;3;1;3;;;1;998
6;6;13;38;38023;;3;2;No inventariada;;9;7;1;2;;1;1;1;;;1;998
6;7;23;38;38023;;3;2;No inventariada;;9;10;1;4;;1;3;1;;;1;998
6;3;12;38;38023;;3;2;No inventariada;;9;7;1;1;;1;1;1;;;18;998
6;6;11;38;38023;;3;2;No inventariada;;9;2;2;;;1;1;1;;;9;998
6;1;16;38;38023;;3;2;No inventariada;;9;4;2;;;1;1;1;;;1;998
6;3;10;38;38023;;3;2;No inventariada;;9;2;1;2;;1;1;1;;;1;998
6;5;22;38;38023;;3;2;No inventariada;;9;4;2;;;1;4;1;;;1;998
6;3;16;38;38023;;3;2;No inventariada;;9;2;1;2;;1;1;1;;;1;998
6;3;21;38;38023;;3;2;No inventariada;;9;4;2;;;1;2;2;;;1;998
6;3;17;38;38023;;3;2;No inventariada;;9;3;1;2;;1;1;1;;;1;998
6;6;18;38;38023;10;1;1;TF-5;7,2;2;3;1;10;;1;1;2;;;1;1
4;5;13;38;38023;;3;2;No inventariada;;9;20;1;1;;1;1;1;;;1;998
4;6;21;38;38023;;3;2;No inventariada;;9;2;1;2;;1;3;1;;;1;998
7;1;8;38;38023;;1;1;TF-156;3,439;6;19;2;;;3;1;3;1;;1;2
6;2;20;38;38023;;3;2;No inventariada;;9;10;1;4;;1;2;1;;;1;998
6;3;22;38;38023;;3;2;No inventariada;;9;2;1;2;;1;4;1;;;1;998
7;1;10;38;38023;;3;2;No inventariada;;9;2;1;4;;1;1;1;;;1;998
7;3;12;38;38023;;1;1;TF-5;9,66;2;19;2;;;1;1;1;;;1;1
6;7;22;38;38023;;3;2;No inventariada;;11;15;2;;;1;4;1;;;1;998
6;7;11;38;38023;;3;2;No inventariada;;9;7;1;2;;1;1;1;;;18;998
5;1;19;38;38023;;3;2;No inventariada;;9;20;2;;;1;1;1;;;1;998
6;2;7;38;38023;;3;2;No inventariada;;9;7;2;;;1;2;1;;;6;998
7;4;15;38;38023;;1;1;TF-5;5,958;2;12;2;;;1;1;1;;;1;1
7;3;13;38;38023;;3;2;No inventariada;;9;4;1;1;;1;1;1;;;1;998
7;4;12;38;38023;;3;2;No inventariada;;9;7;1;2;;1;1;1;;;1;998
5;5;17;38;38023;;3;2;No inventariada;;9;7;2;;;9;1;7;;;18;998
7;5;19;38;38023;;1;1;TF-5;6,921;2;4;2;;;1;3;1;;;18;1
7;2;9;38;38023;;1;1;TF-5;9,326;2;4;2;;;1;1;1;;;1;1
7;2;16;38;38023;;1;1;TF-5;9;2;5;2;;;1;1;7;;;18;1
7;1;21;38;38023;;3;2;No inventariada;;9;2;1;4;;1;4;2;;;1;998
6;1;8;38;38023;;3;2;No inventariada;;9;20;2;;;1;1;1;;;1;998
7;4;17;38;38023;;1;1;TF-5;5,904;2;4;2;;;1;1;1;;;1;1
7;4;17;38;38023;;1;1;TF-5;7,6;2;5;2;;;1;1;1;;;1;1
7;2;21;38;38023;;3;2;No inventariada;;9;2;1;4;;1;2;1;;;1;998
5;4;19;38;38023;;3;2;No inventariada;;9;2;1;2;;1;1;1;;;18;998
7;3;7;38;38023;;3;2;No inventariada;;9;7;1;2;;1;1;1;;;1;998
7;2;20;38;38023;;3;2;No inventariada;;9;2;1;1;;1;1;1;;;1;998
7;2;10;38;38023;;3;2;No inventariada;;9;11;2;;;1;1;1;;;1;998
5;4;19;38;38023;;3;2;No inventariada;;9;10;2;;;1;1;1;;;1;998
7;5;7;38;38023;;3;2;No inventariada;;9;2;1;1;;1;1;1;;;1;998
7;2;13;38;38023;;3;2;No inventariada;;9;2;1;4;;1;1;1;;;1;998
6;5;21;38;38023;;3;2;No inventariada;;9;2;1;4;;1;3;1;;;1;998
7;2;16;38;38023;;3;2;No inventariada;;9;2;1;4;;1;1;1;;;1;998
7;7;17;38;38023;;3;2;No inventariada;;9;7;2;;;9;1;1;;;1;998
7;3;12;38;38023;;3;2;No inventariada;;9;4;2;;;1;1;1;;;1;998
7;3;11;38;38023;;3;2;No inventariada;;9;3;1;4;;1;1;1;;;1;998
7;3;12;38;38023;;3;2;No inventariada;;9;3;1;2;;1;1;1;;;1;998
7;2;5;38;38023;;1;1;TF-5;8,524;2;10;2;;;7;3;2;;;1;3
7;2;16;38;38023;;3;2;No inventariada;;9;3;1;2;;1;1;1;;;1;998
6;3;17;38;38023;;3;2;No inventariada;;9;4;2;;;1;1;2;;;1;998
8;4;22;38;38038;10;1;1;TF-5;4,5;2;10;2;;;1;4;1;;;1;4
7;1;12;38;38023;;3;2;No inventariada;;9;4;2;;;1;1;1;;;1;998
7;5;20;38;38023;;3;2;No inventariada;;9;10;1;2;;1;1;1;;;1;998
7;3;18;38;38023;;3;2;No inventariada;;9;4;2;;;1;2;1;;;1;998
3;2;12;38;38023;;3;2;No inventariada;;9;12;2;;;1;1;1;;;1;998
8;2;12;38;38023;;3;2;No inventariada;;9;4;2;;;1;1;1;;;1;998
8;4;22;38;38023;;3;2;No inventariada;;9;2;1;2;;1;4;1;;;9;998
8;6;21;38;38023;;3;2;No inventariada;;9;15;1;2;;1;1;1;;;1;998
7;7;18;38;38023;;3;2;No inventariada;;9;20;2;;;1;1;1;;;1;998
7;1;18;38;38023;;3;2;No inventariada;;9;20;2;;;1;1;1;;;1;998
8;4;0;38;38023;;3;2;No inventariada;;9;11;2;;;1;4;1;;;1;998
8;4;6;38;38023;0;1;1;TF-156;4,776;6;12;2;;;3;4;2;;;1;1
7;6;12;38;38023;;3;2;No inventariada;;9;4;1;1;;1;1;1;;;1;998
8;6;10;38;38023;;3;2;No inventariada;;9;7;1;2;;1;1;1;;;1;998
8;1;13;38;38023;;3;2;No inventariada;;9;15;2;;;1;1;1;;;1;998
7;5;18;38;38023;;3;2;No inventariada;;9;7;2;;;1;1;1;;;1;998
8;3;11;38;38023;;3;2;No inventariada;;9;4;1;2;;1;1;1;;;1;998
8;4;19;38;38023;;3;2;No inventariada;;9;15;2;;;1;1;1;;;1;998
8;7;11;38;38023;;3;2;No inventariada;;11;4;2;;;1;1;1;;;1;998
8;4;9;38;38023;;3;2;No inventariada;;9;2;1;4;;1;1;1;;;1;998