MES;DIA_SEMANA;HORA;COD_PROVINCIA;COD_MUNICIPIO;ISLA;ZONA;ZONA_AGRUPADA;CARRETERA;KM;TIPO_VIA;TIPO_ACCIDENTE;NUDO;NUDO_INFO;CARRETERA_CRUCE;CONDICION_FIRME;CONDICION_ILUMINACION;CONDICION_METEO;CONDICION_NIEBLA;CONDICION_VIENTO;VISIB_RESTRINGIDA_POR;TRAZADO_PLANTA
8;1;23;38;38023;;3;2;No inventariada;;9;2;1;2;;1;4;1;;;1;998
8;5;18;38;38023;10;1;1;TF-24;2,5;6;5;2;;;1;1;1;;;1;1
8;5;21;38;38023;10;1;1;TF-152;2,5;6;2;1;2;;1;4;1;;;1;1
6;7;5;38;38023;;3;2;No inventariada;;9;7;2;;;1;2;1;;;1;998
9;3;7;38;38023;;3;2;No inventariada;;9;7;2;;;3;3;2;;;18;998
9;3;10;38;38023;;3;2;No inventariada;;9;2;2;;;1;1;1;;;1;998
9;7;0;38;38023;;1;1;TF-2;4,075;5;3;2;;;1;4;7;;;18;3
8;2;16;38;38023;;3;2;No inventariada;;9;3;1;4;;1;1;1;;;1;998
8;4;12;38;38023;;3;2;No inventariada;;9;7;1;2;;1;1;1;;;1;998
8;2;15;38;38023;;3;2;No inventariada;;9;2;1;4;;1;1;1;;;1;998
1;3;8;38;38023;;3;2;No inventariada;;9;7;1;2;;1;1;1;;;1;998
9;3;9;38;38023;;3;2;No inventariada;;9;2;1;2;;1;1;1;;;18;998
9;3;15;38;38023;;3;2;No inventariada;;9;20;2;;;1;1;1;;;1;998
7;4;18;38;38023;;3;2;No inventariada;;9;3;1;4;;1;1;1;;;1;998
9;2;15;38;38023;;1;1;TF-5;5,708;2;5;2;;;1;1;1;;;1;1
9;2;20;38;38023;10;1;1;TF-5;7,4;2;4;1;10;;1;1;1;;;1;1
9;1;9;38;38023;;3;2;No inventariada;;9;2;1;4;;1;1;1;;;1;998
9;1;9;38;38023;;3;2;No inventariada;;9;4;2;;;1;1;1;;;1;998
9;3;19;38;38023;;3;2;No inventariada;;9;2;1;2;;1;1;1;;;1;998
9;6;19;38;38023;;3;2;No inventariada;;9;7;1;7;;1;2;1;;;6;998
9;1;7;38;38023;;1;1;TF-5;10,848;2;4;2;;;1;3;1;;;1;1
9;1;19;38;38023;;3;2;No inventariada;;9;15;2;;;1;2;1;;;1;998
9;5;19;38;38023;;3;2;No inventariada;;9;2;1;11;;1;1;1;;;1;998
7;5;20;38;38023;;3;2;No inventariada;;9;20;2;;;1;2;1;;;1;998
9;5;13;38;38023;;3;2;No inventariada;;9;2;2;;;1;1;1;;;1;998
9;5;20;38;38023;;1;1;TF-5;9;2;4;2;;;9;4;2;;;1;1
9;1;16;38;38023;;1;1;TF-152;1,45;6;1;1;1;;1;1;1;;;1;1
9;7;22;38;38023;;3;2;No inventariada;;9;4;1;4;;1;4;1;;;1;998
9;5;19;38;38023;;3;2;No inventariada;;9;2;1;1;;1;1;7;;;1;998
9;2;13;38;38023;;3;2;No inventariada;;9;15;2;;;1;1;1;;;18;998
10;2;8;38;38023;;3;2;No inventariada;;9;4;2;;;1;1;1;;;1;998
8;1;14;38;38023;;3;2;No inventariada;;9;2;1;4;;1;1;1;;;1;998
9;5;12;38;38023;;3;2;No inventariada;;9;2;1;12;;1;1;1;;;1;998
9;1;12;38;38023;;3;2;No inventariada;;9;4;1;2;;1;1;1;;;1;998
9;1;18;38;38023;;3;2;No inventariada;;9;2;2;;;1;1;1;;;1;998
9;3;8;38;38023;;3;2;No inventariada;;9;4;2;;;1;1;2;;;1;998
8;3;17;38;38023;;3;2;No inventariada;;9;3;1;2;;1;1;1;;;1;998
8;1;18;38;38023;;3;2;No inventariada;;9;20;1;2;;1;1;1;;;18;998
8;1;12;38;38023;;3;2;No inventariada;;9;4;1;11;;1;1;1;;;1;998
6;5;14;38;38023;;3;2;No inventariada;;9;10;2;;;1;1;1;;;1;998
8;1;9;38;38023;;3;2;No inventariada;;9;20;1;1;;1;1;1;;;1;998
8;4;19;38;38023;;3;2;No inventariada;;9;20;1;2;;1;2;1;;;1;998
9;3;17;38;38023;;3;2;No inventariada;;9;7;2;;;1;3;1;;;1;998
9;5;20;38;38023;;3;2;No inventariada;;9;20;1;1;;1;1;7;;;1;998
5;5;8;38;38023;;3;2;No inventariada;;9;2;2;;;1;1;1;;;1;998
9;6;12;38;38023;;3;2;No inventariada;;9;7;2;;;1;1;7;;;1;998
9;4;0;38;38023;;3;2;No inventariada;;9;4;2;;;1;4;1;;;1;998
8;7;19;38;38023;;3;2;No inventariada;;9;4;2;;;1;3;1;;;18;998
9;5;17;38;38023;;3;2;No inventariada;;9;5;2;;;1;1;1;;;1;998
8;3;19;38;38023;;3;2;No inventariada;;9;3;1;1;;1;1;1;;;1;998
10;6;10;38;38023;;3;2;No inventariada;;9;10;2;;;3;1;4;;;18;998
8;3;12;38;38023;;3;2;No inventariada;;9;4;2;;;1;1;1;;;1;998
10;5;9;38;38043;10;1;1;TF-5;16,8;2;15;2;;;9;1;2;;;1;1
10;1;8;38;38023;;1;1;TF-5;7,23;2;3;2;;;1;2;1;;;1;1
9;1;13;38;38023;;3;2;No inventariada;;9;2;1;2;;1;1;1;;;1;998
9;6;23;38;38023;;3;2;No inventariada;;9;4;1;4;;1;4;1;;;1;998
10;3;7;38;38023;;3;2;No inventariada;;9;2;1;2;;3;2;3;;;1;998
10;3;16;38;38023;;3;2;No inventariada;;9;4;2;;;3;2;3;;;17;998
10;6;16;38;38023;10;1;1;TF-5;9,76;2;16;1;10;;1;1;1;;;1;4
10;2;20;38;38023;;3;2;No inventariada;;9;5;2;;;1;3;1;;;18;998
10;4;13;38;38023;;3;2;No inventariada;;9;4;1;2;;1;1;1;;;1;998
10;7;18;38;38023;0;1;1;TF-13;3,817;6;2;2;;;1;1;1;;;1;4
8;2;20;38;38023;;3;2;No inventariada;;9;2;2;;;1;4;1;;;1;998
10;5;12;38;38023;;3;2;No inventariada;;9;2;1;2;;1;1;1;;;1;998
3;5;8;38;38023;;3;2;No inventariada;;9;7;2;;;1;1;1;;;14;998
10;5;9;38;38023;;1;1;TF-5;5,728;2;4;2;;;1;1;1;;;1;1
10;5;19;38;38023;;3;2;No inventariada;;9;7;2;;;1;2;1;;;1;998
10;7;3;38;38023;;1;1;TF-5;9,1;2;12;1;4;TF-24;3;4;4;;;1;1
9;7;10;38;38023;;3;2;No inventariada;;9;4;2;;;1;1;1;;;1;998
10;1;7;38;38023;;3;2;No inventariada;;9;19;2;;;3;3;3;;;1;998
10;2;22;38;38023;;3;2;No inventariada;;9;4;1;4;;1;4;1;;;1;998
8;4;22;38;38023;;3;2;No inventariada;;9;2;1;4;;1;4;1;;;1;998
10;3;17;38;38023;;1;1;TF-5;7,78;2;4;2;;;1;1;1;;;18;1
10;7;12;38;38023;;3;2;No inventariada;;9;20;1;4;;1;1;1;;;1;998
6;5;12;38;38023;;3;2;No inventariada;;9;18;2;;;1;1;1;;;1;998
9;6;13;38;38023;;3;2;No inventariada;;9;3;1;1;;1;1;1;;;10;998
10;2;13;38;38023;;3;2;No inventariada;;9;7;2;;;1;1;1;;;1;998
11;6;0;38;38023;;1;1;TF-152;3,081;6;19;2;;;1;6;2;;;1;1
11;6;19;38;38023;;1;1;TF-5;14,034;2;5;2;;;1;4;2;;;18;1
11;6;21;38;38023;;1;1;TF-5;14,5;2;4;2;;;3;3;3;;;18;1
11;7;13;38;38023;;1;1;TF-12;28;6;10;1;2;;1;1;1;;;1;1
7;1;19;38;38023;;3;2;No inventariada;;9;7;2;;;1;1;1;;;1;998
11;1;16;38;38023;;3;2;No inventariada;;9;4;2;;;1;1;1;;;18;998
11;1;18;38;38023;;1;1;TF-5;7,61;2;4;2;;;1;3;1;;;1;1
9;1;16;38;38023;;3;2;No inventariada;;9;7;2;;;1;1;1;;;1;998
8;4;10;38;38023;;3;2;No inventariada;;9;7;1;1;;1;1;1;;;1;998
11;2;12;38;38023;;1;1;TF-152;3,4;6;10;2;;;1;1;1;;;1;1
8;1;19;38;38023;;3;2;No inventariada;;9;10;1;4;;1;3;1;;;1;998
4;5;15;38;38023;;3;2;No inventariada;;9;6;1;1;;1;1;1;;;1;998
11;3;13;38;38023;;3;2;No inventariada;;9;4;2;;;1;1;1;;;1;998
11;2;9;38;38023;;3;2;No inventariada;;9;2;1;2;;1;1;1;;;1;998
11;5;10;38;38023;;3;2;No inventariada;;9;10;2;;;1;1;1;;;1;998
10;3;17;38;38023;;3;2;No inventariada;;9;3;1;1;;1;2;1;;;1;998
9;2;17;38;38023;;3;2;No inventariada;;9;7;2;;;1;1;1;;;1;998
11;5;22;38;38023;;3;2;No inventariada;;9;2;1;1;;1;4;1;;;1;998
11;2;8;38;38023;;3;2;No inventariada;;9;7;2;;;1;1;1;;;1;998
11;3;19;38;38023;;1;1;TF-5;9,8;2;4;2;;;1;3;2;;;1;1
11;4;8;38;38023;;3;2;No inventariada;;9;10;2;;;1;1;1;;;1;998
11;7;15;38;38023;;3;2;No inventariada;;9;2;1;2;;1;1;1;;;1;998
11;3;10;38;38023;;3;2;No inventariada;;9;2;1;4;;1;1;1;;;1;998
11;5;8;38;38023;;3;2;No inventariada;;9;2;1;1;;1;1;1;;;1;998
10;2;17;38;38023;;3;2;No inventariada;;9;4;2;;;1;1;1;;;1;998
11;5;21;38;38023;;1;1;TF-2;4,881;5;5;2;;;1;4;7;;;1;1
9;1;17;38;38023;;3;2;No inventariada;;9;1;2;;;1;1;1;;;1;998
11;7;19;38;38023;;1;1;TF-24;1,328;6;1;2;;;3;5;3;;;1;1
11;7;15;38;38023;;3;2;No inventariada;;9;12;2;;;1;1;2;;;1;998
11;2;15;38;38023;;1;1;TF-2;4,368;5;3;2;;;1;1;1;;;18;1
11;3;18;38;38023;;1;1;TF-24;1,008;6;4;2;;;1;2;1;;;1;1
10;5;12;38;38023;;3;2;No inventariada;;9;7;2;;;1;1;1;;;1;998
11;2;13;38;38023;;3;2;No inventariada;;9;2;1;1;;1;1;1;;;1;998
11;2;7;38;38023;;3;2;No inventariada;;9;20;2;;;3;1;2;;;1;998
11;4;16;38;38023;;1;1;TF-5;5,769;2;4;2;;;1;1;2;;;1;1
11;6;13;38;38023;;1;1;TF-24;2,251;6;2;1;2;;1;1;1;;;1;1
11;7;5;38;38023;10;1;1;TF-5;10;2;14;2;;;1;4;1;;;1;3
8;3;18;38;38023;;3;2;No inventariada;;9;3;2;;;1;1;1;;;1;998
11;2;19;38;38023;;3;2;No inventariada;;9;7;1;2;;1;4;2;;;17;998
11;3;11;38;38023;;3;2;No inventariada;;9;10;1;1;;3;1;3;;;1;998
11;7;15;38;38023;;3;2;No inventariada;;9;11;2;;;1;1;1;;;1;998
10;1;12;38;38023;;3;2;No inventariada;;9;4;2;;;1;1;1;;;1;998
11;7;7;38;38023;;3;2;No inventariada;;9;7;1;4;;1;1;1;;;1;998
11;6;19;38;38023;10;1;1;TF-5;8,5;2;16;2;;;1;4;1;;;1;1
11;6;11;38;38023;;3;2;No inventariada;;9;4;2;;;1;1;1;;;1;998
11;6;2;38;38023;10;1;1;TF-235;0,5;6;7;1;4;;1;4;1;;;1;2
10;7;21;38;38023;;3;2;No inventariada;;9;7;2;;;1;4;1;;;1;998
12;3;18;38;38023;10;1;1;TF-152;1,2;6;16;2;;;1;2;1;;;1;1
12;1;15;38;38023;;3;2;No inventariada;;9;2;1;1;;1;1;7;;;18;998
9;5;22;38;38023;;3;2;No inventariada;;9;2;1;2;;1;4;1;;;5;998
12;5;22;38;38023;;1;1;TF-5;9,9;2;12;2;;;1;4;1;;;1;1
11;3;22;38;38023;;3;2;No inventariada;;9;3;1;4;;1;4;1;;;1;998
12;6;19;38;38023;;1;1;TF-5;8,751;2;4;2;;;1;4;1;;;1;1
12;6;22;38;38023;;1;1;TF-13;0,4;6;10;2;;;1;4;1;;;1;2
12;7;6;38;38023;;1;1;TF-194;1,722;6;12;2;;;1;4;1;;;4;3
11;2;16;38;38023;;3;2;No inventariada;;9;2;1;2;;1;1;1;;;1;998
11;2;19;38;38023;;3;2;No inventariada;;9;4;2;;;1;4;1;;;1;998
12;1;12;38;38023;;3;2;No inventariada;;9;7;1;2;;1;1;1;;;1;998
12;2;11;38;38023;0;1;1;TF-5;8,548;2;3;2;;;3;1;2;;;1;1
12;4;7;38;38023;;3;2;No inventariada;;9;7;2;;;1;3;2;;;1;998
10;1;10;38;38023;;3;2;No inventariada;;9;7;2;;;1;1;1;;;1;998
12;7;20;38;38023;;3;2;No inventariada;;9;7;2;;;1;4;2;;;1;998
10;1;16;38;38023;;3;2;No inventariada;;9;1;2;;;1;1;1;;;1;998
11;3;20;38;38023;;3;2;No inventariada;;9;3;1;11;;3;2;3;;;17;998
12;3;17;38;38023;;3;2;No inventariada;;9;2;1;1;;1;1;1;;;1;998
12;1;23;38;38023;;3;2;No inventariada;;9;10;1;4;;3;4;3;;;1;998
12;5;10;38;38023;;1;1;TF-152;4,389;6;2;2;;;1;1;1;;;1;1
11;5;16;38;38023;;3;2;No inventariada;;9;2;1;4;;1;1;1;;;1;998
11;2;17;38;38023;;3;2;No inventariada;;9;2;2;;;1;1;1;;;1;998
12;6;6;38;38023;10;1;1;TF-5;12,1;2;7;2;;;3;4;2;;;1;1
11;1;7;38;38023;;3;2;No inventariada;;9;19;2;;;1;1;1;;;1;998
12;2;16;38;38023;0;1;1;TF-5;10;2;7;2;;;1;1;1;;;1;1
12;3;13;38;38023;;3;2;No inventariada;;9;7;2;;;1;1;1;;;1;998
12;4;9;38;38023;;1;1;TF-13;4,642;6;3;1;4;TF-13;1;2;1;;;18;4
11;6;16;38;38023;;3;2;No inventariada;;9;16;1;2;;1;1;1;;;1;998
12;7;5;38;38023;10;1;1;TF-5;14;2;7;2;;;3;4;2;;;1;1
12;1;17;38;38023;;3;2;No inventariada;;9;11;2;;;1;2;1;;;6;998
12;7;11;38;38023;;3;2;No inventariada;;9;9;2;;;1;1;1;;;1;998
12;7;4;38;38023;0;1;1;TF-5;10,536;2;6;2;;;1;4;1;;;1;1
11;3;9;38;38023;;3;2;No inventariada;;9;10;2;;;1;1;1;;;1;998
12;6;7;38;38023;;3;2;No inventariada;;9;10;1;2;;3;4;3;;;18;998
12;2;19;38;38023;;3;2;No inventariada;;9;5;2;;;1;3;1;;;1;998
12;3;16;38;38023;;3;2;No inventariada;;9;3;1;4;;1;3;1;;;1;998
12;3;10;38;38023;;3;2;No inventariada;;9;6;2;;;1;1;2;;;1;998
2;5;8;38;38024;;1;1;LP-21;2,7;6;10;2;;;1;1;7;;;1;1
2;5;9;38;38024;11;1;1;LP-1;102,2;6;18;2;;;3;1;3;1;;18;1
2;4;17;38;38024;11;1;1;LP-213;6;6;1;2;;;1;1;1;;;1;1
4;1;19;38;38024;11;1;1;LP-213;1,2;6;3;2;;;1;1;7;;;1;1
4;6;0;38;38024;;3;2;No inventariada;;14;7;2;;;1;6;1;;;1;998
4;4;10;38;38024;11;3;2;No inventariada;;9;7;2;;;1;1;1;;;1;998
3;1;14;38;38024;11;3;2;No inventariada;;9;4;2;;;1;1;1;;;18;998
4;2;9;38;38024;11;3;2;No inventariada;;9;3;1;1;;1;1;1;;;1;998
7;7;6;38;38024;;1;1;LP-213;2;6;16;2;;;1;6;1;;;1;1
10;3;10;38;38024;;1;1;LP-2;45,2;6;1;2;;;1;1;1;;;1;3
10;4;12;38;38024;11;3;2;No inventariada;;14;7;2;;;1;1;1;;;1;998
10;4;15;38;38024;;1;1;LP-2;46,5;6;2;1;2;;1;1;1;;;1;1
10;4;9;38;38024;11;3;2;No inventariada;;9;12;1;2;;1;1;1;;;1;998
9;7;13;38;38024;11;3;2;No inventariada;;9;3;1;2;;1;1;1;;;1;998
11;3;17;38;38024;;1;1;LP-1;102;6;18;2;;;1;1;1;;;1;3
11;6;15;38;38024;11;1;1;LP-213;4,2;6;12;1;4;LP-213;1;1;2;;;1;1
12;6;5;38;38024;;1;1;LP-1;103;6;15;2;;;1;6;1;;;1;1
12;1;22;38;38024;11;1;1;LP-1;101,5;6;2;2;;;4;6;4;;;1;1
12;5;0;38;38024;;1;1;LP-213;3,5;6;12;1;4;LP-215;1;6;1;;;1;1
1;5;15;38;38025;;1;1;TF-217;0,816;6;4;2;;;1;1;1;;;18;1
3;6;15;38;38041;10;1;1;TF-5;23,47;8;2;1;2;TF-217;1;1;1;;;1;1
4;6;11;38;38025;;1;1;TF-5;23,65;2;5;2;;;1;1;1;;;1;1
5;6;10;38;38025;;1;1;TF-217;1,325;6;7;2;;;1;1;1;;;1;1
5;5;22;38;38025;;1;1;TF-217;1,064;6;2;1;2;;1;4;1;;;1;3
8;6;12;38;38025;;1;1;TF-217;2,829;6;5;2;;;1;1;1;;;1;1
8;2;13;38;38025;10;1;1;TF-217;2,065;6;7;1;4;;1;1;1;;;1;1
8;5;10;38;38025;10;1;1;TF-217;1,5;6;4;1;4;;1;1;1;;;1;3
10;5;14;38;38025;;1;1;TF-5;24,5;2;4;2;;;1;1;1;;;1;1
10;5;8;38;38025;;1;1;TF-217;2,876;6;7;2;;;1;1;1;;;1;1
12;2;14;38;38025;;1;1;TF-5;25,5;2;5;2;;;1;1;1;;;1;1
1;2;12;38;38026;;1;1;TF-21;8,39;6;16;2;;;1;1;1;;;1;1
1;4;14;38;38026;;1;1;TF-31;0,2;6;3;1;10;TF-5;1;1;1;;;1;1
1;4;22;38;38026;;1;1;TF-21;25,1;6;16;2;;;1;6;7;;;18;1
1;4;11;38;38026;;1;1;TF-21;24,452;6;19;2;;;8;1;7;;;12;2
1;6;2;38;38026;;1;1;TF-5;36,502;2;12;2;;;1;4;1;;;1;2
1;6;21;38;38026;;1;1;TF-5;34,286;8;10;1;10;;1;6;1;;;1;2
1;3;18;38;38026;10;1;1;TF-38;0,37;6;13;2;;;1;1;1;;;1;1
1;3;14;38;38026;10;1;1;TF-5;31,5;2;3;2;;;1;1;1;;;1;3
2;7;9;38;38026;;1;1;TF-5;35,293;8;3;1;4;;1;1;2;;;1;3
2;7;8;38;38026;10;1;1;TF-5;35,1;2;16;2;;;1;1;1;;;1;2
2;1;19;38;38026;;1;1;TF-21;8,5;6;4;2;;;1;3;1;;;1;1
2;4;20;38;38028;10;1;1;TF-320;1,3;6;7;2;;;1;4;1;;;1;1
3;5;18;38;38026;;1;1;TF-21;11;6;7;2;;;1;1;1;;;6;1
3;4;15;38;38026;10;1;1;TF-21;38,3;6;16;2;;;1;1;1;;;1;3
3;6;15;38;38026;10;1;1;TF-21;47,658;6;19;2;;;1;1;1;;;1;2
4;3;10;38;38026;;1;1;TF-21;16,415;6;2;1;2;;1;1;7;;;18;4
4;2;11;38;38026;10;1;1;TF-21;43,13;6;5;2;;;1;1;1;;;1;1
4;6;12;38;38026;10;1;1;TF-24;40;6;19;2;;;1;1;1;;;1;3
4;7;8;38;38026;;1;1;TF-21;7,593;6;10;2;;;3;1;3;;;1;1
4;1;10;38;38026;;1;1;TF-5;33,5;2;4;1;4;;1;1;1;;;18;1
5;6;14;38;38026;0;1;1;TF-24;40,3;6;16;2;;;1;1;1;;;1;2
5;7;17;38;38026;10;1;1;TF-21;8,8;6;1;2;;;1;1;1;;;4;3
5;6;10;38;38026;10;1;1;TF-21;15,1;6;3;2;;;1;1;1;;;1;1
5;1;20;38;38026;10;1;1;TF-326;9,2;6;2;2;;;1;3;1;;;1;3
5;5;15;38;38026;;1;1;TF-5;35,2;2;2;1;7;;1;1;1;;;18;4
5;6;12;38;38026;10;1;1;TF-31;0,25;6;2;1;2;;1;1;1;;;1;1
6;3;14;38;38026;0;1;1;TF-31;1,1;6;18;2;;;1;1;2;;;1;1
7;1;15;38;38026;;1;1;TF-21;32,1;6;2;1;2;TF-24;1;1;1;;;1;3
7;2;16;38;38026;;1;1;TF-21;8,456;6;5;2;;;1;1;1;;;1;1
8;5;17;38;38026;;1;1;TF-21;1,024;6;19;2;;;2;1;1;;;18;2
8;4;11;38;38026;;1;1;TF-5;36,313;2;19;2;;;1;1;1;;;1;3
8;4;12;38;38026;;1;1;TF-31;0,3;6;1;2;;;1;1;1;;;1;1
8;6;20;38;38026;;1;1;TF-5;34,967;2;3;2;;;1;3;2;;;1;1
8;6;14;38;38026;10;1;1;TF-5;35;2;10;1;4;;1;1;1;;;1;2
9;6;11;38;38026;;1;1;TF-21;9,25;6;5;2;;;1;1;2;;;1;2
9;3;15;38;38026;;1;1;TF-5;32,816;2;5;2;;;1;1;2;;;1;1
9;1;19;38;38026;;1;1;TF-24;37,5;6;15;2;;;1;2;1;;;1;3
10;6;12;38;38026;;1;1;TF-5;36,599;2;3;1;4;TF-5;1;1;1;;;1;1
10;6;19;38;38019;10;1;1;TF-38;2,8;6;18;2;;;1;1;1;;;1;1
10;5;16;38;38026;0;1;1;TF-21;31,2;6;1;2;;;1;1;1;;;4;3
10;6;12;38;38026;0;1;1;TF-21;39,7;6;2;2;;;1;1;1;;;4;3
11;6;13;38;38026;;1;1;TF-5;34,26;8;15;2;;;1;1;1;;;1;2
11;3;13;38;38026;;1;1;TF-5;33;2;2;1;2;TF-31;1;1;7;;;18;2
11;6;15;38;38026;;1;1;TF-21;15,2;6;2;1;2;;1;1;1;;;14;1
12;2;10;38;38026;;1;1;TF-21;8,547;6;2;2;;;1;1;1;;;18;3
12;7;1;38;38026;10;1;1;TF-21;8,05;6;6;2;;;8;5;2;;;4;4
12;2;16;38;38026;;1;1;TF-5;32;2;4;2;;;1;1;1;;;1;1
12;6;0;38;38026;;1;1;TF-21;1,07;6;12;2;;;3;6;3;;;4;2
12;1;14;38;38026;;1;1;TF-31;0,066;6;1;1;2;TF-5;1;1;1;;;1;1
1;1;15;38;38027;;1;1;LP-3;23,957;6;7;2;;;1;1;1;;;1;1
2;2;19;38;38027;11;1;1;LP-3;23,4;6;4;1;2;;1;4;7;;;1;1
3;2;10;38;38027;;1;1;LP-3;25,3;6;4;2;;;1;1;1;;;4;2
3;3;17;38;38027;;1;1;LP-3;22,5;6;4;2;;;3;1;3;1;;1;1
5;5;7;38;38027;;1;1;LP-3;19,325;6;4;2;;;1;1;1;;;1;1
5;5;7;38;38027;;1;1;LP-3;19,35;6;3;2;;;1;1;1;;;1;1
5;1;15;38;38027;11;1;1;LP-3;19,9;6;2;2;;;1;1;2;;;1;1
7;7;12;38;38024;11;1;1;LP-2;44,8;6;1;2;;;1;1;1;;;1;1
7;1;22;38;38024;11;1;1;LP-3;25,8;6;3;1;2;;1;4;1;;;1;2
7;2;9;38;38027;;1;1;LP-3;18,3;6;17;2;;;1;1;1;;;1;3
8;4;3;38;38027;11;3;2;No inventariada;;9;7;2;;;1;6;1;;;9;998
8;4;21;38;38027;;1;1;LP-3;20,3;6;4;1;2;;9;6;7;;;18;1
9;5;7;38;38027;;1;1;LP-3;25,049;6;2;2;;;1;2;1;;;1;1
12;2;7;38;38027;11;1;1;LP-3;18,2;6;5;2;;;1;4;3;;;1;1
1;3;10;38;38028;;1;1;TF-31;2,375;6;3;1;2;TF-31;1;1;1;;;1;3
1;5;0;38;38026;10;1;1;TF-31;1,1;6;1;2;;;1;6;1;;;1;2
2;7;18;38;38028;0;1;1;TF-320;1,2;6;2;2;;;1;1;1;;;1;1
2;3;10;38;38028;10;1;1;TF-320;1,3;6;10;1;4;;1;1;1;;;1;2
3;2;22;38;38026;10;1;1;TF-320;0,01;6;1;2;;;1;4;7;;;1;2
4;2;20;38;38026;10;1;1;TF-5;32,819;2;1;2;;;1;3;1;;;1;3
4;5;13;38;38028;;1;1;TF-320;1,885;6;2;1;5;;1;1;1;;;1;1
1;5;9;38;38028;10;3;2;No inventariada;;14;7;1;1;;1;1;1;;;6;998
1;1;17;38;38028;10;3;2;No inventariada;;9;2;2;;;1;1;1;;;1;998
1;6;10;38;38028;10;3;2;No inventariada;;9;7;2;;;1;1;1;;;1;998
1;1;23;38;38028;10;3;2;No inventariada;;14;10;1;2;;1;4;1;;;1;998
1;3;14;38;38028;10;3;2;No inventariada;;9;2;2;;;1;1;1;;;1;998
1;6;12;38;38028;10;3;2;No inventariada;;9;19;2;;;1;1;1;;;4;998
2;5;16;38;38028;10;3;2;No inventariada;;14;7;2;;;1;1;1;;;1;998
2;4;20;38;38028;10;3;2;No inventariada;;9;4;2;;;1;1;1;;;1;998
2;2;15;38;38028;10;3;2;No inventariada;;9;7;2;;;1;1;1;;;1;998
2;4;10;38;38028;10;3;2;No inventariada;;9;4;2;;;1;1;1;;;1;998
2;1;12;38;38028;10;3;2;No inventariada;;9;10;1;4;;7;1;1;;;1;998
2;5;15;38;38028;10;3;2;No inventariada;;9;7;1;2;;1;1;1;;;1;998
8;5;12;38;38028;10;3;2;No inventariada;;14;10;2;;;1;1;1;;;1;998
2;4;14;38;38028;10;1;1;TF-312;1;6;4;1;2;;1;1;1;;;1;1
2;1;16;38;38028;10;3;2;No inventariada;;9;6;2;;;1;1;1;;;1;998
2;7;14;38;38028;10;3;2;No inventariada;;9;2;2;;;1;1;1;;;18;998
2;6;20;38;38028;10;3;2;No inventariada;;9;7;2;;;1;3;1;;;18;998
4;4;13;38;38028;10;3;2;No inventariada;;9;19;2;;;1;1;1;;;1;998
4;5;22;38;38028;10;3;2;No inventariada;;9;7;2;;;1;4;1;;;1;998
4;4;15;38;38028;10;3;2;No inventariada;;9;2;2;;;1;1;1;;;1;998
4;2;19;38;38028;10;3;2;No inventariada;;9;3;2;;;1;2;1;;;18;998
3;4;10;38;38028;10;3;2;No inventariada;;9;7;2;;;1;1;1;;;1;998
3;3;9;38;38028;10;1;1;TF-312;2;6;4;2;;;1;1;1;;;18;1
2;6;8;38;38028;10;3;2;No inventariada;;9;7;1;4;;1;1;1;;;18;998
4;5;12;38;38028;10;3;2;No inventariada;;14;7;1;2;;1;1;1;;;1;998
4;1;10;38;38028;10;3;2;No inventariada;;14;4;1;4;;1;1;1;;;1;998
5;4;11;38;38028;10;3;2;No inventariada;;9;2;2;;;1;1;1;;;1;998
5;2;11;38;38028;10;3;2;No inventariada;;9;4;2;;;1;1;1;;;1;998
5;1;18;38;38028;10;3;2;No inventariada;;9;4;2;;;1;2;1;;;1;998
5;6;11;38;38028;10;3;2;No inventariada;;9;7;2;;;1;1;1;;;1;998
5;4;7;38;38028;10;3;2;No inventariada;;9;5;2;;;1;3;1;;;1;998
5;3;20;38;38028;10;3;2;No inventariada;;9;2;1;1;;1;1;1;;;18;998
5;2;17;38;38028;10;1;1;TF-31;4;6;2;2;;;1;1;1;;;18;3
5;2;15;38;38028;10;1;1;TF-312;4;6;2;1;1;;1;1;1;;;1;2
5;4;12;38;38028;10;1;1;TF-312;1;6;19;2;;;1;1;1;;;1;3
6;5;14;38;38028;10;3;2;No inventariada;;9;7;2;;;1;1;1;;;1;998
6;2;19;38;38028;10;3;2;No inventariada;;9;7;2;;;1;2;1;;;1;998
6;7;21;38;38028;10;1;1;TF-320;2;6;4;2;;;1;4;1;;;1;1
6;6;10;38;38028;10;3;2;No inventariada;;9;4;2;;;1;1;1;;;1;998
5;5;14;38;38028;10;3;2;No inventariada;;9;4;2;;;1;1;2;;;18;998
6;7;2;38;38028;10;3;2;No inventariada;;9;19;2;;;1;4;1;;;18;998
6;3;7;38;38028;10;3;2;No inventariada;;9;5;2;;;1;2;1;;;1;998
6;2;15;38;38028;10;1;1;TF-312;2;6;4;2;;;1;1;1;;;1;1
6;6;11;38;38028;10;3;2;No inventariada;;9;4;2;;;1;1;1;;;1;998
6;5;13;38;38028;10;3;2;No inventariada;;9;6;1;2;;1;1;1;;;1;998
6;7;15;38;38028;10;3;2;No inventariada;;9;4;2;;;1;1;1;;;18;998
7;1;9;38;38028;10;3;2;No inventariada;;9;7;1;2;;1;1;1;;;1;998
7;4;11;38;38028;10;3;2;No inventariada;;9;15;1;2;;1;1;1;;;1;998
6;7;18;38;38028;10;3;2;No inventariada;;9;15;2;;;1;2;1;;;1;998
7;4;18;38;38028;10;3;2;No inventariada;;9;2;2;;;1;2;1;;;1;998