MES;DIA_SEMANA;HORA;COD_PROVINCIA;COD_MUNICIPIO;ISLA;ZONA;ZONA_AGRUPADA;CARRETERA;KM;TIPO_VIA;TIPO_ACCIDENTE;NUDO;NUDO_INFO;CARRETERA_CRUCE;CONDICION_FIRME;CONDICION_ILUMINACION;CONDICION_METEO;CONDICION_NIEBLA;CONDICION_VIENTO;VISIB_RESTRINGIDA_POR;TRAZADO_PLANTA
7;1;8;38;38028;10;3;2;No inventariada;;9;3;2;;;1;2;1;;;1;998
8;7;19;38;38028;10;3;2;No inventariada;;9;7;2;;;1;2;1;;;1;998
7;3;1;38;38028;10;3;2;No inventariada;;9;10;2;;;8;4;1;;;17;998
7;4;12;38;38028;10;3;2;No inventariada;;9;2;2;;;1;1;1;;;1;998
7;1;12;38;38028;10;3;2;No inventariada;;9;3;2;;;1;1;1;;;1;998
7;5;12;38;38028;10;1;1;TF-312;4;6;7;2;;;1;1;1;;;18;1
7;2;19;38;0;11;1;1;LP-1;76;6;4;1;1;;1;1;1;;;1;1
1;3;12;38;0;;1;1;LP-1;12,9;6;2;2;;;1;1;1;;;1;1
1;5;18;38;0;11;1;1;LP-1;11,5;6;2;1;1;;1;2;2;;;4;1
9;3;5;38;0;;1;1;LP-1;7,2;6;4;2;;;3;6;3;2;;5;1
9;1;3;38;0;11;1;1;LP-103;0,5;6;13;2;;;1;4;1;;;1;3
1;5;12;38;38031;;1;1;TF-320;4,1;6;4;1;4;TF-320;1;1;1;;;1;3
2;1;16;38;38031;;1;1;TF-342;2,415;6;9;2;;;1;1;7;;;1;1
3;6;13;38;38031;;1;1;TF-5;40;6;4;2;;;1;1;1;;;18;2
4;5;10;38;38031;;1;1;TF-5;39,25;6;4;2;;;1;1;1;;;1;1
5;4;15;38;38031;;1;1;TF-5;42,7;6;1;2;;;1;6;2;;;4;3
6;4;22;38;38031;0;1;1;TF-5;43,886;6;7;2;;;1;6;2;;;1;1
6;1;19;38;38031;;1;1;TF-320;4,1;6;4;1;4;;1;1;2;;;4;3
6;5;14;38;38031;;1;1;TF-326;0,869;6;2;1;2;;1;1;1;;;1;2
6;3;16;38;38031;;1;1;TF-326;4,301;6;1;1;2;;1;1;2;;;4;2
7;5;22;38;38031;;1;1;TF-326;2,717;6;14;2;;;1;4;1;;;4;2
7;2;12;38;38031;;1;1;TF-320;2,753;6;2;2;;;1;1;1;;;1;1
8;5;20;38;38031;;1;1;TF-326;4,92;6;19;2;;;1;1;1;;;1;2
8;2;15;38;38031;10;1;1;TF-5;39,916;6;2;2;;;1;1;1;;;1;3
9;3;20;38;38031;10;1;1;TF-342;2,7;6;2;2;;;3;6;2;;;1;1
9;5;6;38;38031;;1;1;TF-5;40,398;6;1;2;;;1;2;1;;;18;2
9;5;17;38;38031;;1;1;TF-5;43,03;6;4;2;;;1;1;1;;;4;1
9;7;14;38;38031;;1;1;TF-5;41,6;6;4;2;;;1;1;1;;;1;1
10;2;16;38;38031;;1;1;TF-342;6,277;6;20;2;;;3;1;1;;;18;4
11;7;15;38;38031;0;1;1;TF-5;41;6;16;2;;;1;1;1;;;1;1
12;6;17;38;38031;;1;1;TF-5;41,576;6;1;2;;;1;1;1;;;1;1
12;1;9;38;38031;;1;1;TF-342;1,7;6;2;1;1;;1;1;1;;;6;1
2;4;16;38;38032;;1;1;TF-1;10,883;2;12;2;;;1;1;3;;;1;3
2;3;12;38;38032;10;1;1;TF-24;10,875;6;3;2;;;1;1;1;;;1;2
3;3;15;38;38023;10;1;1;TF-24;3,969;6;3;1;1;;1;1;1;;;18;1
3;2;19;38;38032;10;3;2;No inventariada;;9;16;2;;;1;4;1;;;18;998
3;5;3;38;38032;10;1;1;TF-1;9,8;2;16;2;;;1;5;1;;;1;2
3;7;10;38;38032;10;1;1;TF-28;8,4;6;10;2;;;1;1;1;;;4;3
3;7;14;38;38032;10;3;2;No inventariada;;9;4;2;;;1;1;1;;;18;998
4;5;23;38;38032;;1;1;TF-1;10;2;3;2;;;1;4;1;;;1;3
3;4;9;38;38032;10;3;2;No inventariada;;9;7;2;;;1;1;1;;;18;998
5;3;2;38;38038;10;1;1;TF-265;4;6;12;2;;;1;6;1;;;4;3
7;4;22;38;38023;10;1;1;TF-24;1,5;6;4;2;;;3;6;3;;;1;1
7;5;20;38;38023;10;1;1;TF-24;2,908;6;2;1;2;;1;1;1;;;1;1
7;5;19;38;38032;10;3;2;No inventariada;;9;7;2;;;1;1;1;;;1;998
8;1;17;38;38032;;1;1;TF-1;9,677;2;4;1;10;;1;1;1;;;1;2
8;7;19;38;38032;0;1;1;TF-24;4,539;6;12;2;;;1;1;1;;;1;1
9;5;20;38;38032;10;1;1;TF-24;5,95;6;7;2;;;3;4;2;;;1;1
9;4;23;38;38032;;1;1;TF-24;8,456;6;16;2;;;1;6;2;;;5;2
10;4;20;38;38032;;1;1;TF-1;7,3;2;4;2;;;1;4;1;;;1;1
10;6;17;38;38032;;1;1;TF-1;8,088;2;10;1;7;;2;1;1;;;1;3
9;3;14;38;38032;10;3;2;No inventariada;;9;4;2;;;1;1;1;;;1;998
10;5;13;38;38032;;1;1;TF-24;5,489;6;10;1;1;;1;1;1;;;1;1
8;2;14;38;38032;10;3;2;No inventariada;;9;4;2;;;1;1;7;;;1;998
9;5;16;38;38032;10;3;2;No inventariada;;9;3;2;;;1;1;1;;;1;998
11;5;10;38;38032;10;1;1;TF-272;5,333;6;2;1;2;;1;1;1;;;11;1
11;7;3;38;38032;10;1;1;TF-1;9;2;15;2;;;1;4;1;;;1;2
11;4;18;38;38032;10;3;2;No inventariada;;9;10;2;;;2;3;1;;;18;998
10;7;11;38;38032;10;3;2;No inventariada;;9;1;2;;;1;1;1;;;18;998
11;5;22;38;38032;0;1;1;TF-24;6,466;6;12;2;;;1;4;1;;;1;2
9;5;8;38;0;;1;1;LP-1;22,1;6;7;1;1;;1;1;1;;;1;1
12;4;15;38;0;0;1;1;LP-1;18,3;6;2;2;;;1;1;1;;;2;2
1;4;13;38;0;;1;1;TF-5;44,916;6;4;2;;;1;1;1;;;1;1
6;7;8;38;0;10;1;1;TF-5;45,5;6;1;2;;;1;1;1;;;1;1
7;2;16;38;0;;1;1;TF-5;47,007;6;19;2;;;1;1;1;;;18;2
8;7;7;38;0;;1;1;TF-5;45,475;6;20;2;;;1;2;1;;;1;1
9;1;12;38;0;10;1;1;TF-5;44,7;6;4;2;;;1;1;1;;;1;1
10;1;14;38;0;10;1;1;TF-5;44,61;6;5;2;;;1;1;1;;;1;1
12;1;16;38;0;;1;1;TF-5;46,735;6;1;2;;;1;1;1;;;1;1
12;3;19;38;38018;;1;1;TF-5;48,034;6;3;2;;;3;6;2;;;1;2
1;2;0;38;38017;10;1;1;TF-1;60,985;2;12;2;;;1;6;1;;;1;1
1;2;8;38;38017;10;1;1;TF-1;59;2;2;1;5;;1;2;1;;;6;1
1;1;16;38;38035;;1;1;TF-1;64,495;2;5;2;;;1;1;1;;;1;1
1;2;2;38;38035;;1;1;TF-1;62,9;2;15;2;;;1;6;1;;;1;2
2;2;18;38;38035;;1;1;TF-65;9,323;6;20;1;4;;1;2;1;;;1;1
2;3;12;38;38035;;1;1;TF-65;10,888;6;2;1;12;TF-65;1;1;1;;;1;1
2;5;17;38;38017;10;1;1;TF-1;60,165;2;4;2;;;1;1;1;;;1;1
2;3;10;38;38035;;1;1;TF-65;9,039;6;7;2;;;1;1;1;;;14;1
2;7;22;38;38035;;1;1;TF-652;0,8;6;6;2;;;7;6;1;;;1;1
2;2;18;38;38035;;1;1;TF-1;62,356;2;4;2;;;1;1;1;;;1;1
2;4;8;38;38035;10;3;2;No inventariada;;9;7;1;1;;1;1;1;;;1;998
3;2;13;38;38035;;1;1;TF-1;61,898;2;4;2;;;1;1;2;;;1;1
1;2;11;38;38035;10;3;2;No inventariada;;9;2;1;1;;1;1;1;;;1;998
1;3;12;38;38035;10;3;2;No inventariada;;9;2;2;;;1;1;1;;;1;998
2;4;18;38;38035;10;3;2;No inventariada;;9;2;1;1;;1;1;1;;;1;998
2;5;16;38;38035;10;3;2;No inventariada;;9;7;2;;;1;1;1;;;1;998
3;3;18;38;38035;;1;1;TF-65;5,088;6;1;1;2;;1;1;1;;;1;1
3;5;15;38;38035;10;1;1;TF-1;61,9;2;5;2;;;1;1;1;;;1;1
4;3;8;38;38035;;1;1;TF-65;7,376;6;2;1;2;;1;1;1;;;1;1
4;1;7;38;38035;;1;1;TF-1;65,1;2;4;2;;;1;2;1;;;9;1
4;4;13;38;38035;;1;1;TF-65;4,4;6;16;1;2;;1;1;1;;;5;3
4;1;10;38;38035;;1;1;TF-655;1,575;6;10;2;;;1;1;1;;;1;1
5;5;8;38;38017;10;1;1;TF-1;61,5;2;5;2;;;1;1;1;;;1;1
5;2;8;38;38035;;1;1;TF-1;63,8;2;5;2;;;1;1;1;;;1;1
5;5;16;38;38035;;1;1;TF-655;0,1;6;10;2;;;1;1;1;;;1;1
5;3;16;38;38035;;1;1;TF-65;8,6;6;4;2;;;1;1;1;;;1;1
5;7;12;38;38035;;1;1;TF-563;2,996;6;1;2;;;3;1;3;1;;1;3
1;4;11;38;38035;10;3;2;No inventariada;;9;2;1;1;;1;1;1;;;1;998
2;1;11;38;38035;10;3;2;No inventariada;;9;2;1;1;;1;1;1;;;1;998
2;7;10;38;38035;10;3;2;No inventariada;;9;4;1;2;;1;1;1;;;1;998
4;3;8;38;38035;10;3;2;No inventariada;;9;4;2;;;1;1;1;;;1;998
4;6;22;38;38035;10;3;2;No inventariada;;9;2;1;1;;1;4;1;;;1;998
4;3;7;38;38035;10;3;2;No inventariada;;9;2;1;1;;1;1;1;;;1;998
6;2;14;38;38035;10;3;2;No inventariada;;9;10;2;;;1;1;1;;;1;998
6;3;15;38;38035;;1;1;TF-65;8,612;6;7;2;;;1;1;2;;;1;1
7;1;17;38;38035;;1;1;TF-65;5,203;6;10;2;;;1;1;1;;;1;3
7;1;8;38;38035;;1;1;TF-28;83,9;6;2;2;;;1;2;1;;;12;2
7;3;23;38;38035;;1;1;TF-655;2,28;6;16;2;;;1;6;1;;;18;1
7;1;14;38;38035;10;1;1;TF-563;2,4;6;16;2;;;1;1;1;;;1;3
7;3;9;38;38035;;1;1;TF-65;7,8;6;13;2;;;1;1;1;;;1;2
7;3;14;38;38035;;1;1;TF-65;4,179;6;4;2;;;1;1;1;;;1;1
8;5;23;38;38035;10;1;1;TF-1;63,5;2;4;2;;;1;6;1;;;1;1
8;4;21;38;38035;10;1;1;TF-65;8,9;6;2;1;4;;1;5;1;;;1;1
9;4;17;38;38035;;1;1;TF-652;1;6;10;1;4;TF-655;1;1;7;;;1;2
7;2;5;38;38035;;1;1;TF-563;1,2;6;17;2;;;8;1;1;;;1;1
9;5;17;38;38035;;1;1;TF-65;10,158;6;1;1;1;TF-645;1;1;1;;;1;1
9;5;18;38;38035;;1;1;TF-65;7,1;6;18;2;;;1;1;1;;;1;3
9;6;13;38;38035;0;1;1;TF-655;2,589;6;2;1;2;;1;1;1;;;1;1
9;3;9;38;38035;;3;2;No inventariada;;9;2;1;2;;1;1;1;;;1;998
7;4;1;38;38035;;3;2;No inventariada;;9;7;2;;;1;1;1;;;1;998
9;7;8;38;38035;10;1;1;TF-1;64;2;20;1;12;TF-655;1;1;1;;;1;1
9;2;1;38;38035;;3;2;No inventariada;;9;2;1;2;;1;2;1;;;1;998
9;1;2;38;38035;;3;2;No inventariada;;9;4;2;;;1;1;1;;;1;998
8;4;12;38;38035;;1;1;TF-28;0;6;2;2;;;1;1;1;;;1;1
9;2;9;38;38035;;1;1;TF-65;0;6;10;2;;;7;1;1;;;1;2
10;6;22;38;38017;10;1;1;TF-647;3,9;6;16;2;;;1;4;1;;;1;3
10;3;7;38;38035;;1;1;TF-655;2,748;6;2;2;;;1;3;1;;;1;2
10;3;10;38;38035;;1;1;TF-28;81,791;6;7;2;;;1;1;1;;;1;1
10;4;11;38;38035;;1;1;TF-28;79,968;6;2;1;1;TF-563;1;1;1;;;4;1
10;7;9;38;38035;;3;2;No inventariada;;14;15;2;;;1;1;1;;;1;998
11;5;18;38;38035;;1;1;TF-65;8,046;6;5;2;;;1;3;1;;;1;3
11;1;19;38;38035;;1;1;TF-65;6,349;6;5;2;;;1;6;1;;;1;1
11;4;11;38;38035;;1;1;TF-65;10,5;6;4;1;2;TF-645;1;1;1;;;1;1
5;1;8;38;38035;10;3;2;No inventariada;;9;4;2;;;1;1;1;;;1;998
8;6;13;38;38035;10;3;2;No inventariada;;9;2;1;1;;1;1;1;;;1;998
8;3;11;38;38035;10;3;2;No inventariada;;9;2;1;2;;1;1;1;;;1;998
8;7;13;38;38035;10;3;2;No inventariada;;14;10;2;;;1;1;1;;;1;998
10;2;12;38;38035;10;3;2;No inventariada;;9;2;1;1;;1;1;1;;;1;998
10;3;13;38;38035;10;3;2;No inventariada;;14;10;2;;;3;1;4;;;1;998
10;4;15;38;38035;10;3;2;No inventariada;;9;4;2;;;1;1;1;;;1;998
8;5;21;38;38035;10;3;2;No inventariada;;14;2;1;2;;1;2;1;;;1;998
11;3;17;38;38035;10;3;2;No inventariada;;9;2;2;;;1;1;1;;;1;998
10;3;8;38;38035;10;3;2;No inventariada;;9;10;2;;;1;1;1;;;1;998
11;2;12;38;38035;10;3;2;No inventariada;;9;6;2;;;1;1;1;;;1;998
11;2;20;38;38035;10;3;2;No inventariada;;9;2;2;;;1;1;1;;;1;998
10;6;18;38;38035;10;3;2;No inventariada;;9;2;1;1;;1;1;1;;;1;998
11;1;9;38;38035;;1;1;TF-655;2;6;2;1;4;TF-655;1;1;1;;;1;2
11;2;8;38;38035;10;3;2;No inventariada;;9;4;2;;;1;1;1;;;1;998
10;7;17;38;38035;10;3;2;No inventariada;;9;2;2;;;1;1;1;;;1;998
12;7;16;38;0;10;1;1;TF-565;4,716;6;19;2;;;1;1;1;;;1;3
4;1;18;38;38036;10;1;1;GM-1;7,5;6;16;2;;;1;1;1;;;18;2
4;1;13;38;38036;12;3;2;No inventariada;;9;16;2;;;1;1;1;;;1;998
1;5;11;38;38037;11;1;1;LP-202;0,5;6;4;2;;;3;1;1;;;1;1
2;2;11;38;38037;;1;1;LP-1;3,9;6;10;2;;;8;1;1;;;1;2
3;1;18;38;38037;;1;1;LP-1;2,3;6;4;1;11;;1;1;1;;;1;2
6;6;11;38;38037;;1;1;LP-20;0,526;6;2;2;;;1;1;1;;;1;2
7;2;23;38;38037;11;1;1;LP-1;0,9;6;2;2;;;1;4;1;;;1;1
8;4;14;38;38037;0;1;1;LP-1;1,4;6;19;2;;;1;1;1;;;18;4
9;5;12;38;38037;11;1;1;LP-20;3,2;6;9;1;4;LP-20;1;1;1;;;1;2
10;3;9;38;38037;11;1;1;LP-20;0;6;2;1;4;LP-2;1;1;1;;;1;3
9;6;16;38;38037;11;3;2;No inventariada;;9;7;2;;;1;1;1;;;1;998
6;6;10;38;38037;11;3;2;No inventariada;;9;16;1;2;;1;1;1;;;1;998
9;1;14;38;38037;11;1;1;LP-2;2;6;5;2;;;1;1;1;;;1;1
7;4;8;38;38037;11;1;1;LP-20;0;6;12;1;4;LP-2;1;1;1;;;1;1
12;1;20;38;38037;11;1;1;LP-1;3,8;6;12;2;;;9;6;7;;;18;2
1;2;10;38;38038;;1;1;TF-4;3,327;5;4;2;;;1;1;1;;;1;1
1;4;8;38;38038;;3;2;No inventariada;;9;7;2;;;1;1;1;;;1;998
1;2;11;38;38038;;1;1;TF-29;0,6;5;4;1;4;TF-5;1;1;1;;;1;2
1;4;16;38;38038;;1;1;TF-4;3,5;5;12;2;;;3;1;2;;;1;2
1;3;13;38;38038;;3;2;No inventariada;;9;4;2;;;1;1;1;;;1;998
1;4;18;38;38038;;3;2;No inventariada;;9;7;1;1;;1;2;1;;;1;998
1;2;13;38;38038;;3;2;No inventariada;;9;2;2;;;1;1;1;;;1;998
1;6;10;38;38038;10;3;2;No inventariada;;9;7;2;;;1;1;1;;;16;998
2;7;18;38;38038;;1;1;TF-5;4;2;4;1;12;TF-5;1;1;1;;;6;1
2;2;20;38;38038;;1;1;TF-29;0,01;5;2;1;4;TF-1;1;4;7;;;1;1
1;2;9;38;38038;;3;2;No inventariada;;9;2;1;2;;1;1;1;;;1;998
1;6;23;38;38038;;3;2;No inventariada;;9;2;1;2;;1;1;1;;;1;998
1;7;21;38;38038;;3;2;No inventariada;;9;10;2;;;7;1;1;;;1;998
2;6;16;38;38038;;3;2;No inventariada;;9;9;2;;;1;2;1;;;1;998
2;2;10;38;38038;10;3;2;No inventariada;;9;7;1;1;;1;1;1;;;1;998
1;1;17;38;38038;;3;2;No inventariada;;9;2;1;2;;1;1;1;;;1;998
2;3;7;38;38038;;1;1;TF-2;1,098;5;5;2;;;1;3;1;;;1;1
2;1;15;38;38038;10;1;1;TF-1;6,9;2;5;2;;;1;1;1;;;1;1
2;1;8;38;38038;;3;2;No inventariada;;9;4;1;2;;1;1;1;;;1;998
2;2;9;38;38038;10;1;1;TF-5;2,8;2;16;2;;;1;1;1;;;1;1
2;5;20;38;38038;10;3;2;No inventariada;;9;7;2;;;1;3;1;;;1;998
2;6;17;38;38038;;3;2;No inventariada;;9;7;1;2;;1;1;1;;;1;998
2;4;2;38;38038;;3;2;No inventariada;;9;6;2;;;1;4;1;;;1;998
1;5;10;38;38038;;3;2;No inventariada;;9;7;2;;;1;1;1;;;1;998
3;4;8;38;38023;10;1;1;TF-5;8,246;2;5;2;;;9;1;1;;;18;1
2;2;8;38;38038;10;1;1;TF-4;1,9;5;15;2;;;1;1;1;;;1;1
3;6;17;38;38038;10;1;1;TF-1;4,09;2;5;2;;;3;1;2;;;1;1
2;1;15;38;38038;;3;2;No inventariada;;9;4;2;;;1;1;1;;;1;998
2;1;12;38;38038;;3;2;No inventariada;;9;2;2;;;1;1;1;;;1;998
3;3;9;38;38038;10;3;2;No inventariada;;9;2;2;;;1;1;1;;;1;998
3;6;14;38;38038;;1;1;TF-5;2,98;2;18;2;;;4;1;4;;;5;1
3;3;19;38;38038;;3;2;No inventariada;;9;6;1;2;;1;3;1;;;2;998
3;1;13;38;38038;;3;2;No inventariada;;9;10;2;;;1;1;2;;;1;998
3;2;12;38;38038;;3;2;No inventariada;;9;7;2;;;1;1;1;;;1;998
3;5;8;38;38038;;3;2;No inventariada;;9;3;2;;;1;1;2;;;1;998
2;3;11;38;38038;;3;2;No inventariada;;9;10;1;4;;1;1;1;;;1;998
3;5;23;38;38038;10;1;1;TF-29;0,4;5;2;1;4;;1;4;1;;;1;1
1;5;17;38;38038;10;3;2;No inventariada;;9;2;1;1;;1;2;1;;;2;998
3;5;12;38;38038;;3;2;No inventariada;;9;2;1;2;;1;1;1;;;1;998
3;7;2;38;38038;;3;2;No inventariada;;9;3;2;;;1;3;2;;;1;998
4;1;5;38;38038;;3;2;No inventariada;;9;14;2;;;1;4;1;;;1;998
4;4;11;38;38038;;3;2;No inventariada;;9;4;2;;;1;1;1;;;1;998
3;2;15;38;38038;10;3;2;No inventariada;;9;4;2;;;3;1;3;;;1;998
4;6;8;38;38038;;3;2;No inventariada;;9;7;2;;;1;1;1;;;1;998
3;3;21;38;38038;;3;2;No inventariada;;9;2;1;2;;1;3;1;;;1;998
3;4;19;38;38038;10;3;2;No inventariada;;9;2;1;2;;1;2;1;;;1;998
4;1;23;38;38038;10;1;1;TF-11;3,1;3;14;2;;;1;4;1;;;1;3
2;5;12;38;38038;;3;2;No inventariada;;9;7;2;;;1;1;1;;;1;998
4;4;18;38;38038;10;3;2;No inventariada;;9;7;2;;;1;1;1;;;9;998
2;4;10;38;38038;;3;2;No inventariada;;9;2;1;2;;1;1;1;;;1;998
3;6;22;38;38038;;3;2;No inventariada;;9;3;1;2;;1;4;1;;;1;998
4;6;8;38;38038;10;3;2;No inventariada;;9;2;1;2;;1;1;1;;;3;998
3;7;19;38;38038;;3;2;No inventariada;;9;7;2;;;1;3;1;;;1;998
4;4;15;38;38038;10;1;1;TF-11;0,8;3;10;2;;;1;1;1;;;1;1
3;5;12;38;38038;;3;2;No inventariada;;9;7;1;4;;1;1;1;;;1;998
4;5;18;38;38038;;1;1;TF-1;6;2;20;2;;;1;1;1;;;1;1
4;2;8;38;38038;;3;2;No inventariada;;9;9;2;;;1;1;1;;;1;998
3;6;17;38;38038;;3;2;No inventariada;;9;2;1;2;;1;1;1;;;1;998
3;6;17;38;38038;;3;2;No inventariada;;9;6;2;;;1;1;1;;;1;998
4;1;17;38;38038;;3;2;No inventariada;;9;4;2;;;1;1;1;;;1;998
4;3;11;38;38038;;3;2;No inventariada;;9;4;1;2;;1;1;1;;;1;998
4;1;17;38;38038;10;1;1;TF-4;2,5;5;3;2;;;1;1;1;;;1;3
3;6;15;38;38038;;3;2;No inventariada;;9;7;2;;;3;1;3;;;1;998
5;4;17;38;38038;;1;1;TF-1;1,939;2;4;1;4;;1;1;1;;;1;2
2;1;16;38;38038;;3;2;No inventariada;;9;19;2;;;1;1;1;;;1;998
2;5;23;38;38038;;3;2;No inventariada;;9;7;2;;;1;1;1;;;1;998
4;4;22;38;38038;10;3;2;No inventariada;;9;10;2;;;1;5;1;;;1;998
5;6;0;38;38038;;3;2;No inventariada;;9;7;2;;;1;4;1;;;1;998
2;4;20;38;38038;;3;2;No inventariada;;9;7;1;2;;1;4;1;;;1;998
5;6;13;38;38038;;1;1;TF-4;3,685;5;19;2;;;1;1;1;;;1;2
5;6;11;38;38038;10;1;1;TF-293;0,3;6;1;2;;;1;1;1;;;1;2
5;5;19;38;38038;;3;2;No inventariada;;9;7;1;2;;1;1;1;;;1;998
5;1;22;38;38038;0;1;1;TF-4;3,685;5;18;2;;;1;4;1;;;4;2
5;3;8;38;38038;;1;1;TF-2;0,162;5;4;2;;;1;1;2;;;1;1
5;6;16;38;38038;;1;1;TF-2;0,293;5;12;2;;;1;1;1;;;1;2
5;4;16;38;38038;10;3;2;No inventariada;;9;7;2;;;1;1;1;;;2;998
5;4;19;38;38038;;1;1;TF-1;5,6;2;4;2;;;1;1;1;;;1;1
4;4;17;38;38038;;3;2;No inventariada;;9;7;2;;;1;1;1;;;1;998
5;2;21;38;38038;;3;2;No inventariada;;9;2;1;2;;1;4;1;;;1;998
4;5;19;38;38038;10;3;2;No inventariada;;9;3;2;;;1;2;1;;;1;998
6;3;12;38;38038;;1;1;TF-1;5,701;2;4;2;;;1;1;1;;;1;1
4;5;15;38;38038;;3;2;No inventariada;;9;2;1;2;;1;1;1;;;1;998
5;3;12;38;38038;;3;2;No inventariada;;9;7;2;;;1;1;1;;;1;998
6;1;15;38;38038;0;1;1;TF-29;0,1;5;3;1;4;TF-29;1;1;1;;;1;1
4;6;18;38;38038;;3;2;No inventariada;;9;7;1;2;;1;3;1;;;1;998
6;4;8;38;38038;10;1;1;TF-5;0;2;7;2;;;1;4;1;;;1;1
5;5;5;38;38038;10;3;2;No inventariada;;9;2;1;1;;1;5;1;;;1;998
6;3;18;38;38038;;1;1;TF-1;3,261;2;5;2;;;1;1;1;;;1;1
6;1;14;38;38038;;3;2;No inventariada;;9;2;1;1;;1;1;1;;;1;998
5;5;22;38;38038;;3;2;No inventariada;;9;2;1;2;;1;4;1;;;1;998
6;7;12;38;38038;;3;2;No inventariada;;9;7;2;;;1;1;1;;;1;998
6;7;19;38;38038;;1;1;TF-1;6;2;5;2;;;1;1;1;;;1;1
3;2;17;38;38038;;3;2;No inventariada;;9;2;1;2;;1;1;1;;;1;998
6;6;18;38;38038;;3;2;No inventariada;;9;2;1;2;;1;1;1;;;1;998
6;6;3;38;38038;;3;2;No inventariada;;9;7;2;;;1;3;1;;;1;998
6;1;18;38;38038;;3;2;No inventariada;;9;2;2;;;1;1;1;;;1;998
5;4;13;38;38038;;3;2;No inventariada;;9;1;2;;;1;1;1;;;1;998
6;6;10;38;38038;;1;1;TF-5;3,134;2;6;2;;;1;1;1;;;1;1
6;5;9;38;38038;;3;2;No inventariada;;9;7;2;;;1;1;1;;;1;998
6;6;10;38;38038;;3;2;No inventariada;;9;7;2;;;1;1;2;;;1;998
6;3;17;38;38038;10;3;2;No inventariada;;9;7;2;;;1;2;1;;;1;998
6;3;13;38;38038;;1;1;TF-5;4,5;2;4;2;;;1;1;1;;;18;1
5;1;11;38;38038;;3;2;No inventariada;;9;7;1;2;;1;1;1;;;1;998
6;5;22;38;38038;;3;2;No inventariada;;9;7;2;;;1;3;1;;;1;998
7;1;8;38;38038;;1;1;TF-5;3,126;2;4;2;;;1;1;1;;;1;1
7;5;8;38;38038;;1;1;TF-1;1,914;2;10;2;;;7;1;1;;;1;3
7;5;22;38;38038;;3;2;No inventariada;;9;10;2;;;2;3;1;;;1;998
7;6;22;38;38038;;3;2;No inventariada;;9;2;2;;;1;4;1;;;1;998
7;1;7;38;38038;;3;2;No inventariada;;9;4;1;3;;1;1;1;;;1;998
7;4;10;38;38038;;3;2;No inventariada;;9;7;2;;;1;1;1;;;1;998
7;5;23;38;38038;;3;2;No inventariada;;9;2;1;2;;1;3;1;;;1;998
7;7;12;38;38038;10;3;2;No inventariada;;9;10;2;;;1;1;1;;;1;998
6;6;11;38;38038;10;3;2;No inventariada;;9;3;2;;;1;1;1;;;1;998
7;5;11;38;38038;10;3;2;No inventariada;;9;7;2;;;1;1;1;;;1;998
7;3;17;38;38038;;1;1;TF-12;2,4;6;3;2;;;1;1;1;;;1;3
7;4;6;38;38038;;3;2;No inventariada;;9;2;1;2;;1;1;1;;;1;998
7;5;14;38;38038;;1;1;TF-2;0,293;5;4;2;;;1;1;1;;;1;1
7;5;7;38;38038;;3;2;No inventariada;;9;2;1;2;;1;1;1;;;1;998
7;2;15;38;38038;;3;2;No inventariada;;9;2;1;2;;1;1;1;;;1;998
7;3;14;38;38038;;3;2;No inventariada;;9;2;1;2;;1;1;1;;;1;998
7;4;21;38;38038;;3;2;No inventariada;;9;6;2;;;1;6;1;;;1;998
7;4;17;38;38038;;3;2;No inventariada;;9;2;1;2;;1;1;1;;;1;998
6;5;18;38;38038;;3;2;No inventariada;;9;2;1;2;;1;1;1;;;1;998
6;1;12;38;38038;;3;2;No inventariada;;9;6;2;;;1;1;1;;;1;998
7;2;18;38;38038;;1;1;TF-5;3;2;20;2;;;1;1;1;;;1;1
7;3;9;38;38038;;3;2;No inventariada;;9;2;1;2;;1;1;2;;;1;998
8;7;2;38;38023;10;1;1;TF-5;4,7;2;12;2;;;1;3;1;;;1;3
6;7;17;38;38038;;3;2;No inventariada;;9;4;2;;;1;4;1;;;1;998
7;4;16;38;38038;;3;2;No inventariada;;9;10;1;2;;1;1;1;;;1;998
8;7;2;38;38038;10;1;1;TF-1;4,7;2;18;2;;;1;4;1;;;1;2
8;1;17;38;38038;;3;2;No inventariada;;9;2;2;;;1;1;1;;;1;998
8;2;19;38;38038;;3;2;No inventariada;;9;7;1;2;;1;1;1;;;1;998
8;1;7;38;38038;0;1;1;TF-1;2,6;2;5;2;;;1;1;1;;;1;1
8;3;16;38;38038;;1;1;TF-1;4,715;2;4;1;4;;1;1;1;;;1;2
8;6;1;38;38038;;3;2;No inventariada;;9;2;1;2;;1;4;1;;;1;998
8;6;13;38;38038;10;1;1;TF-2;1,2;5;19;2;;;1;1;1;;;1;1
8;2;13;38;38038;10;1;1;TF-2;2;5;20;2;;;1;1;1;;;1;3
8;3;21;38;38038;;3;2;No inventariada;;9;2;1;1;;1;3;1;;;1;998
9;2;7;38;38038;;3;2;No inventariada;;9;4;2;;;1;1;1;;;1;998
8;4;19;38;38038;10;3;2;No inventariada;;9;1;1;2;;1;2;1;;;1;998
9;3;14;38;38038;10;3;2;No inventariada;;9;3;1;2;;1;2;1;;;1;998
9;1;9;38;38038;;3;2;No inventariada;;9;7;2;;;1;1;1;;;6;998
9;6;7;38;38038;;1;1;TF-29;0;5;2;1;4;;1;1;1;;;1;1
9;6;8;38;38038;;3;2;No inventariada;;9;2;1;1;;1;1;1;;;1;998
9;5;12;38;38038;;3;2;No inventariada;;9;7;2;;;1;1;1;;;1;998
8;6;22;38;38038;10;3;2;No inventariada;;9;2;1;1;;1;3;1;;;1;998
9;7;16;38;38038;10;3;2;No inventariada;;9;2;1;2;;1;1;1;;;1;998
8;5;7;38;38038;10;3;2;No inventariada;;9;10;1;1;;3;1;1;;;1;998
9;5;15;38;38038;10;3;2;No inventariada;;9;2;1;2;;1;1;1;;;1;998
6;7;0;38;38038;10;3;2;No inventariada;;9;7;2;;;1;4;1;;;1;998
9;6;22;38;38038;;3;2;No inventariada;;9;2;1;2;;1;4;1;;;1;998