MES;DIA_SEMANA;HORA;COD_PROVINCIA;COD_MUNICIPIO;ISLA;ZONA;ZONA_AGRUPADA;CARRETERA;KM;TIPO_VIA;TIPO_ACCIDENTE;NUDO;NUDO_INFO;CARRETERA_CRUCE;CONDICION_FIRME;CONDICION_ILUMINACION;CONDICION_METEO;CONDICION_NIEBLA;CONDICION_VIENTO;VISIB_RESTRINGIDA_POR;TRAZADO_PLANTA
9;5;20;38;38038;10;1;1;TF-2;1,434;5;4;2;;;1;3;1;;;1;1
9;7;4;38;38038;10;1;1;TF-1;6,5;2;15;2;;;1;4;1;;;1;1
9;5;22;38;38038;;3;2;No inventariada;;9;6;1;4;;7;3;1;;;1;998
9;5;19;38;38038;10;3;2;No inventariada;;9;12;2;;;1;3;1;;;1;998
7;1;15;38;38038;10;3;2;No inventariada;;9;3;2;;;1;1;1;;;1;998
8;6;5;38;38038;;3;2;No inventariada;;9;2;1;2;;1;3;1;;;1;998
10;3;2;38;38038;;3;2;No inventariada;;9;3;1;2;;1;3;1;;;1;998
10;7;8;38;38038;;1;1;TF-11;1,9;3;4;2;;;1;1;1;;;1;1
10;5;11;38;38038;;3;2;No inventariada;;9;7;2;;;1;1;1;;;1;998
10;3;8;38;38038;;1;1;TF-29;0,2;5;3;2;;;1;1;1;;;1;1
9;1;21;38;38038;10;3;2;No inventariada;;9;3;1;2;;1;3;1;;;1;998
10;6;0;38;38038;10;1;1;TF-5;3,1;2;4;2;;;1;4;1;;;1;1
10;7;13;38;38038;10;1;1;TF-123;6,5;6;19;2;;;3;1;2;;;4;3
9;7;10;38;38038;;3;2;No inventariada;;9;11;2;;;1;1;1;;;1;998
10;6;12;38;38038;;3;2;No inventariada;;9;3;2;;;1;1;1;;;1;998
10;4;20;38;38038;0;1;1;TF-5;3,888;2;3;2;;;1;4;1;;;4;1
10;1;8;38;38038;;1;1;TF-2;2,307;5;12;2;;;3;1;3;;;4;3
8;1;6;38;38038;;3;2;No inventariada;;9;7;2;;;1;3;1;;;1;998
10;2;7;38;38032;10;1;1;TF-1;9,8;2;5;2;;;3;1;4;;;1;1
8;6;12;38;38038;;3;2;No inventariada;;9;2;1;2;;1;3;1;;;1;998
10;7;8;38;38038;;3;2;No inventariada;;9;11;2;;;1;3;1;;;1;998
11;3;21;38;38038;;1;1;TF-5;3;2;9;2;;;1;4;1;;;1;2
10;4;9;38;38038;;3;2;No inventariada;;9;3;2;;;1;1;1;;;1;998
11;7;22;38;38038;10;1;1;TF-2;0,3;5;16;2;;;1;1;1;;;1;3
11;7;20;38;38038;;3;2;No inventariada;;9;7;2;;;1;3;1;;;1;998
10;2;21;38;38038;;3;2;No inventariada;;9;2;1;2;;1;3;1;;;1;998
11;4;9;38;38038;;3;2;No inventariada;;9;2;1;2;;1;1;1;;;1;998
11;4;14;38;38038;;1;1;TF-5;4,579;2;5;2;;;1;1;1;;;1;1
11;7;8;38;38038;10;1;1;TF-1;0,2;2;16;2;;;1;1;1;;;1;2
9;2;7;38;38038;;3;2;No inventariada;;9;7;2;;;1;4;1;;;18;998
9;5;19;38;38038;;3;2;No inventariada;;9;7;2;;;1;2;1;;;9;998
11;2;9;38;38038;;3;2;No inventariada;;9;4;2;;;1;1;1;;;1;998
11;3;9;38;38038;;3;2;No inventariada;;9;2;1;4;;1;1;1;;;1;998
11;4;10;38;38038;10;3;2;No inventariada;;9;4;2;;;1;1;1;;;1;998
9;7;5;38;38038;10;4;2;TF-5;2;2;9;2;;;1;4;1;;;1;2
11;6;20;38;38038;;1;1;TF-5;3,768;2;4;2;;;1;4;1;;;1;1
9;5;9;38;38038;10;3;2;No inventariada;;9;2;2;;;1;1;1;;;16;998
9;4;10;38;38038;10;3;2;No inventariada;;9;20;1;1;;1;1;1;;;1;998
12;7;11;38;38038;;1;1;TF-1;6,521;2;3;2;;;1;1;1;;;1;1
12;3;18;38;38038;;3;2;No inventariada;;9;1;2;;;1;2;1;;;1;998
11;6;19;38;38038;;3;2;No inventariada;;9;7;2;;;1;3;1;;;1;998
12;6;7;38;38038;;1;1;TF-5;2,82;2;3;2;;;1;2;1;;;18;4
12;6;19;38;38038;;1;1;TF-1;3,956;2;4;2;;;1;4;1;;;1;1
1;3;17;38;38051;10;1;1;TF-5;27,803;2;5;2;;;1;1;1;;;18;1
2;5;11;38;38039;;1;1;TF-5;28,423;2;4;2;;;1;1;1;;;1;1
2;1;15;38;38025;10;1;1;TF-5;26,3;2;5;2;;;1;1;1;;;1;1
3;3;16;38;38051;10;1;1;TF-5;27,5;2;4;2;;;1;1;1;;;1;1
3;1;9;38;38039;;1;1;TF-217;8,789;6;10;1;4;TF-217;1;1;2;;;1;1
4;2;2;38;38039;;1;1;TF-217;8,439;6;12;2;;;1;4;1;;;1;1
4;3;11;38;38039;10;3;2;No inventariada;;14;2;2;;;1;1;1;;;12;998
5;1;12;38;38039;;1;1;TF-5;28,27;2;4;2;;;1;3;1;;;1;1
5;2;14;38;38039;;1;1;TF-5;29,248;2;1;2;;;1;1;1;;;1;1
5;3;14;38;38039;;1;1;TF-217;8,053;6;4;2;;;1;1;1;;;1;1
6;2;8;38;38039;;1;1;TF-5;28,54;2;4;2;;;1;1;1;;;1;1
3;1;9;38;38039;10;3;2;No inventariada;;9;7;1;2;TF-217;1;1;1;;;1;998
6;1;11;38;38038;10;1;1;TF-5;0,36;2;20;1;12;TF-217;1;1;1;;;1;1
7;2;7;38;38039;10;1;1;TF-213;2;6;2;1;1;;1;1;2;;;1;1
7;5;10;38;38039;;1;1;TF-5;29,212;2;7;2;;;1;1;1;;;1;1
8;2;1;38;38051;10;1;1;TF-5;28,043;2;16;2;;;1;4;1;;;1;2
8;1;21;38;38039;10;1;1;TF-217;8,5;6;19;1;4;;1;4;1;;;1;2
8;3;19;38;38051;10;1;1;TF-5;28;2;5;2;;;1;2;1;;;1;1
10;1;16;38;38039;;1;1;TF-5;29,365;2;4;2;;;1;1;7;;;18;1
12;7;8;38;38026;10;1;1;TF-5;31,68;2;18;2;;;1;1;1;;;1;1
1;7;11;38;38040;;1;1;TF-82;26,9;6;4;2;;;1;1;1;;;1;1
2;6;11;38;38040;0;1;1;TF-82;23,886;6;4;2;;;1;1;1;;;1;1
3;3;11;38;38040;;1;1;TF-82;20,16;6;19;2;;;1;1;1;;;1;3
3;6;13;38;38040;;1;1;TF-454;4,685;6;1;2;;;1;1;2;;;4;2
4;7;12;38;38040;10;1;1;TF-454;3,6;6;15;2;;;1;1;2;;;1;2
4;1;11;38;38019;10;1;1;TF-47;17,419;6;2;1;2;;1;1;1;;;1;2
6;6;15;38;38040;;1;1;TF-375;2,072;6;1;2;;;1;1;1;;;18;1
7;3;18;38;38040;;1;1;TF-454;4,695;6;15;2;;;1;1;1;;;1;2
8;2;20;38;38040;;1;1;TF-82;24,963;6;2;2;;;1;1;1;;;4;2
10;1;6;38;38040;;1;1;TF-82;25,3;6;19;2;;;7;2;3;;;4;1
11;7;19;38;38040;;1;1;TF-1;97,508;2;4;2;;;1;6;1;;;1;1
11;6;17;38;38040;;1;1;TF-82;19,73;6;10;2;;;3;1;2;;;4;2
12;6;19;38;38040;0;1;1;TF-454;3,5;6;1;2;;;1;6;1;;;1;2
3;2;7;38;38041;;1;1;TF-5;21,003;2;3;2;;;1;2;1;;;1;1
4;6;21;38;38041;0;1;1;TF-5;20,14;2;5;2;;;1;6;1;;;1;3
5;3;20;38;38041;;1;1;TF-152;10,499;6;16;2;;;1;4;1;;;18;1
6;7;11;38;38041;;1;1;TF-5;22,808;2;5;2;;;3;1;2;;;1;1
8;4;6;38;38041;10;3;2;No inventariada;;9;7;2;;;1;4;1;;;9;998
11;3;16;38;38041;;1;1;TF-5;21,356;2;5;2;;;1;1;1;;;1;3
12;3;12;38;38041;;1;1;TF-5;21,612;2;5;2;;;1;1;1;;;1;1
4;2;11;38;0;10;1;1;TF-82;18,059;6;2;2;;;1;1;1;;;4;2
5;4;12;38;0;;1;1;TF-42;15,278;6;5;2;;;1;1;2;;;1;1
6;5;14;38;0;10;1;1;TF-373;14,265;6;10;2;;;1;1;1;;;4;2
10;7;11;38;0;10;1;1;TF-82;16,3;6;3;2;;;1;1;1;;;4;2
1;1;6;38;38043;10;1;1;TF-5;16,6;2;4;2;;;1;6;1;;;1;1
1;2;23;38;38043;10;1;1;TF-237;5,452;6;12;2;;;1;4;1;;;1;1
2;2;16;38;38043;10;1;1;TF-5;18,5;2;5;2;;;1;1;1;;;1;1
1;2;14;38;38043;10;1;1;TF-5;16,9;2;4;2;;;1;1;1;;;1;1
2;2;18;38;38043;10;1;1;TF-152;9,5;6;2;1;2;;1;2;1;;;17;1
3;4;15;38;38043;;1;1;TF-5;19,789;2;16;2;;;1;1;1;;;1;1
3;5;20;38;38043;;3;2;No inventariada;;9;2;2;;;1;6;1;;;1;998
4;1;16;38;38043;;1;1;TF-5;19,219;2;4;2;;;1;1;1;;;1;1
4;5;6;38;38043;;1;1;TF-5;17,5;2;5;2;;;1;4;1;;;1;1
4;6;15;38;38043;10;1;1;TF-5;18;2;5;2;;;1;1;1;;;1;1
4;2;18;38;38043;0;1;1;TF-5;19,5;2;5;2;;;1;1;1;;;1;1
5;6;14;38;38043;;1;1;TF-16;7,85;6;2;2;;;1;1;1;;;1;3
6;5;23;38;38023;10;1;1;TF-163;2,2;6;10;2;;;1;4;1;;;1;2
6;7;14;38;38043;;1;1;TF-152;6,609;6;3;1;1;TF-152;1;1;1;;;1;1
7;2;15;38;38043;;1;1;TF-226;5,547;6;16;2;;;1;1;1;;;1;1
7;1;7;38;38043;;1;1;TF-5;18,377;2;3;2;;;3;3;3;;;18;1
8;4;14;38;38043;;1;1;TF-16;7,33;6;7;2;;;1;1;1;;;1;1
8;3;17;38;38023;10;1;1;TF-237;0,1;6;5;2;;;1;1;1;;;1;1
9;1;23;38;38043;0;1;1;TF-228;1,422;6;18;2;;;1;6;1;;;1;1
9;2;18;38;38043;;1;1;TF-16;7,5;6;7;2;;;1;1;1;;;1;1
9;5;15;38;38043;;1;1;TF-5;18;2;4;2;;;1;1;1;;;18;1
10;4;17;38;38043;;1;1;TF-5;16;2;4;2;;;1;1;1;;;1;1
11;6;23;38;38043;10;1;1;TF-5;19;2;14;2;;;1;4;1;;;1;1
11;6;18;38;38043;;1;1;TF-5;17,283;2;4;2;;;1;4;7;;;1;1
12;6;23;38;38043;0;1;1;TF-5;16,791;2;4;2;;;9;4;1;;;1;1
2;7;18;38;0;;1;1;TF-373;14,127;6;19;2;;;1;2;1;;;18;2
6;5;17;38;0;0;1;1;TF-82;16,644;6;1;2;;;1;1;1;;;1;1
7;1;17;38;0;;1;1;TF-82;9,9;6;3;2;;;1;1;1;;;4;3
7;2;20;38;0;;1;1;TF-373;14,654;6;2;2;;;1;2;1;;;1;3
8;3;8;38;0;;1;1;TF-82;8,207;6;4;2;;;1;1;1;;;1;3
8;3;22;38;0;10;1;1;TF-82;14,9;6;1;2;;;1;6;1;;;1;3
8;5;21;38;0;10;1;1;TF-373;14,7;6;3;2;;;1;6;2;;;1;2
9;6;13;38;0;;1;1;TF-82;12,099;6;1;2;;;1;1;2;;;1;3
11;2;11;38;0;;1;1;TF-82;12,137;6;18;2;;;1;1;1;;;18;3
11;7;10;38;0;;1;1;TF-82;9,304;6;2;1;2;;1;1;1;;;4;2
12;1;13;38;0;;1;1;TF-5;61,756;6;2;2;;;1;1;1;;;1;1
1;6;14;38;38046;;1;1;TF-13;9,5;6;4;2;;;1;1;1;;;1;1
3;1;12;38;38046;;1;1;TF-13;9;6;2;1;4;;1;1;1;;;1;1
5;6;10;38;38046;10;1;1;TF-13;9,9;6;2;1;2;;1;1;1;;;6;1
5;1;9;38;38046;;1;1;TF-154;3,704;6;16;2;;;3;1;3;;;18;2
6;7;21;38;38023;10;1;1;TF-13;5,711;6;19;2;;;1;4;2;;;1;3
7;1;7;38;38046;;1;1;TF-13;10,519;6;2;2;;;3;2;3;;;1;1
7;3;16;38;38046;0;1;1;TF-154;0,3;6;20;2;;;1;1;1;;;1;3
7;7;19;38;38046;;2;2;TF-13;9,541;6;2;2;;;1;1;1;;;1;1
9;3;16;38;38023;10;1;1;TF-156;2,432;6;16;2;;;3;1;3;;;18;3
9;1;7;38;38046;;1;1;TF-13;9,422;6;4;2;;;1;4;7;;;18;1
9;7;10;38;38046;;1;1;TF-13;10,386;6;4;2;;;1;1;1;;;1;1
9;6;11;38;38046;;1;1;TF-13;8,664;6;7;2;;;1;1;1;;;1;1
3;1;6;38;38024;11;1;1;LP-1;97,8;6;19;2;;;8;6;1;;;1;3
2;3;14;38;0;11;1;1;LP-1;91;6;12;2;;;1;1;1;;;1;1
3;6;3;38;0;11;1;1;LP-1;88;6;16;2;;;1;6;1;;;1;2
5;4;17;38;0;11;1;1;LP-116;6,77;6;10;2;;;3;1;1;;;1;3
8;1;21;38;0;11;1;1;LP-1;85,9;6;7;2;;;1;3;1;;;9;1
9;7;14;38;0;11;1;1;LP-1;80,5;6;4;2;;;1;1;1;;;1;1
10;4;16;38;38024;11;1;1;LP-1;96,8;6;3;2;;;1;1;1;;;1;1
10;6;8;38;0;;1;1;LP-118;1,8;6;16;2;;;1;1;2;;;1;1
11;6;16;38;0;;1;1;LP-1;82,719;6;18;2;;;1;1;2;;;1;3
3;7;17;38;0;0;1;1;GM-1;53,9;6;2;2;;;1;1;1;;;1;1
10;3;15;38;0;12;1;1;GM-1;62,7;6;2;1;4;;1;1;1;;;18;4
12;5;15;38;0;12;1;1;GM-1;62,7;6;2;1;4;;1;1;1;;;1;1
2;7;13;38;0;12;1;1;GM-1;30;6;18;2;;;1;1;1;;;1;2
6;6;19;38;0;;1;1;GM-1;41,8;6;1;1;2;;1;1;1;;;4;2
1;2;15;38;38025;;1;1;TF-5;25,253;2;14;2;;;1;1;1;;;18;1
2;6;17;38;38025;10;1;1;TF-5;26,304;2;19;2;;;1;1;1;;;1;1
3;7;15;38;38051;10;1;1;TF-217;4,73;6;7;2;;;1;1;2;;;1;1
4;3;0;38;38051;;1;1;TF-5;27,8;2;4;2;;;1;6;1;;;1;1
6;2;9;38;38051;;1;1;TF-5;27,614;2;4;2;;;1;1;1;;;1;1
6;2;8;38;38051;;1;1;TF-217;3,485;6;4;2;;;1;1;1;;;1;1
8;4;9;38;38051;10;1;1;TF-217;4,2;6;2;1;2;;1;1;1;;;1;1
8;3;18;38;38051;10;1;1;TF-5;27;2;4;2;;;1;1;1;;;1;1
10;5;23;38;38051;;1;1;TF-217;3,66;6;7;2;;;1;4;1;;;1;1
11;2;16;38;38051;;1;1;TF-5;26,962;2;18;2;;;1;1;1;;;1;1
12;6;20;38;38051;0;1;1;TF-217;4,29;6;7;2;;;1;3;1;;;1;1
12;2;21;38;38025;10;1;1;TF-5;25,634;2;12;2;;;3;5;3;;;18;1
1;3;18;38;0;10;1;1;TF-21;67;6;10;2;;;1;1;1;;;1;1
1;7;13;38;0;10;1;1;TF-21;64,5;6;2;2;;;1;1;1;;;1;1
2;5;13;38;38017;10;1;1;TF-21;73,593;6;3;2;;;1;1;1;;;1;3
3;6;15;38;0;;1;1;TF-21;65,918;6;15;2;;;3;1;3;;;1;2
4;1;16;38;0;;1;1;TF-21;66,897;6;12;2;;;1;1;1;;;18;2
4;5;19;38;0;10;1;1;TF-21;63;6;14;2;;;1;6;1;;;1;3
7;6;18;38;0;;1;1;TF-51;10,68;6;9;1;2;TF-565;1;1;1;;;1;3
9;7;11;38;0;;1;1;TF-21;59;6;16;2;;;8;1;1;;;1;4
12;5;12;38;0;0;1;1;TF-21;61,655;6;20;2;;;1;1;1;;;1;1
12;2;17;38;0;;1;1;TF-565;6,49;6;10;2;;;1;1;2;;;1;1
2;5;10;38;38053;11;1;1;LP-2;9;6;16;2;;;1;1;1;;;1;2
9;5;15;38;38053;;1;1;LP-2;15,5;6;10;2;;;1;1;1;;;1;1
10;4;19;38;38053;0;1;1;LP-2;11;6;14;2;;;3;4;3;;;4;2
3;7;18;39;0;;2;2;CA-353;13,1;6;12;2;;;1;1;1;;;1;2
4;6;20;39;0;;1;1;CA-131;9,774;6;4;2;;;1;1;1;;;1;1
4;1;18;39;0;;1;1;CA-353;11,4;6;10;2;;;1;1;1;;;1;1
8;6;10;39;0;;3;2;No inventariada;;14;10;2;;;2;1;1;;;1;998
9;6;22;39;0;;1;1;LA BUSTA;0,2;10;1;2;;;1;4;1;;;1;3
11;5;10;39;0;;1;1;CA-353;7,1;6;10;2;;;3;1;1;;;1;2
6;6;13;39;0;;3;2;No inventariada;;14;7;2;;;1;1;1;;;1;998
9;6;11;39;0;;3;2;No inventariada;;9;7;1;2;;1;1;1;;;14;998
11;5;17;39;0;;1;1;CA-510;1,495;6;10;2;;;1;1;1;;;1;3
8;4;10;39;0;;1;1;N-611;164;6;4;2;;;1;1;7;;;1;1
7;6;2;39;0;;1;1;CA-141;33,965;6;16;2;;;1;4;1;;;1;1
12;6;19;39;0;;1;1;CA-141;35;6;7;2;;;1;5;1;;;17;1
7;2;16;39;0;;1;1;CA-147;5,346;6;16;1;4;CA-452;1;1;1;;;1;2
7;4;7;39;0;;1;1;CA-147;7,5;6;3;1;4;CA-147;1;1;1;;;1;2
7;5;12;39;0;;1;1;CA-141;30,927;6;2;1;1;CA-147;1;1;1;;;1;1
8;5;20;39;0;;1;1;CA-147;7,133;6;2;1;2;;1;1;1;;;1;1
12;1;11;39;0;;1;1;CA-449;2,4;6;12;2;;;3;1;1;;;1;2
8;5;19;39;0;;1;1;CA-261;21,447;6;1;2;;;3;1;2;;;1;3
12;5;11;39;0;;1;1;CA-655;3,1;6;10;2;;;3;1;1;;;1;1
3;1;12;39;39008;;1;1;S-10;7,2;3;10;2;;;7;1;3;;;1;2
3;1;13;39;39040;;1;1;CA-141;0,2;6;10;2;;;3;1;3;;;1;1
3;1;14;39;39008;;3;2;No inventariada;;9;4;1;4;;1;1;1;;;1;998
3;1;13;39;0;;1;1;CA-142;0,15;6;2;1;4;N-635;1;1;1;;;1;1
5;4;5;39;39052;;1;1;CA-144;2,345;6;2;1;2;CA-402;3;4;3;;;1;1
5;4;7;39;39008;;3;2;No inventariada;;9;1;1;2;;3;2;3;;;1;998
5;4;11;39;39008;;1;1;CA-144;0,05;6;1;1;4;CA-140;3;1;3;;;1;3
6;5;14;39;39008;;1;1;CA-144;0,102;6;5;2;;;1;4;1;;;1;1
6;3;12;39;39008;;3;2;No inventariada;;9;2;1;2;;1;1;1;;;1;998
7;6;13;39;39016;;1;1;S-10;4,7;3;4;2;;;9;1;7;;;18;4
7;1;6;39;39008;;3;2;No inventariada;;14;12;2;;;1;3;2;;;1;998
9;6;10;39;39052;;1;1;CA-144;2,5;6;10;2;;;8;1;3;;;1;1
10;2;19;39;39008;;3;2;No inventariada;;9;2;1;2;;1;4;1;;;1;998
11;1;10;39;39008;;1;1;N-635;7,217;8;2;1;4;S-10;1;1;2;;;1;3
11;6;10;39;39008;;3;2;No inventariada;;9;2;1;4;;1;1;1;;;1;998
12;2;8;39;39008;;1;1;CA-144a;0,716;6;4;2;;;1;4;1;;;1;1
2;4;17;39;0;;1;1;A-8;179;3;3;2;;;3;6;4;;;1;3
3;7;13;39;0;;1;1;A-8;181,483;3;18;2;;;3;1;3;;;1;3
4;2;17;39;39035;;1;1;N-634;171,1;6;3;2;;;1;1;1;;;1;3
5;5;14;39;0;;1;1;CA-268;0,1;6;7;2;;;1;1;1;;;1;1
6;6;3;39;0;;1;1;A-8;177;3;18;1;2;;3;5;3;;;1;1
7;3;16;39;0;;1;1;N-634;175,3;6;3;1;4;;1;1;1;;;1;4
8;6;12;39;0;;1;1;N-634;176,635;6;4;2;;;1;1;1;;;1;1
8;3;13;39;0;;1;1;A-8;182,317;3;12;2;;;3;1;3;;;1;3
8;5;20;39;0;;1;1;N-634;178,787;6;4;2;;;1;1;1;;;1;1
10;4;17;39;0;;3;2;No inventariada;;9;3;2;;;1;1;1;;;6;998
11;1;19;39;0;;1;1;CA-268;1,75;6;8;2;;;1;6;1;;;18;3
11;2;15;39;0;;1;1;A-8;177;3;6;2;;;1;1;1;;;1;1
11;3;20;39;0;;1;1;A-8;175,708;3;3;2;;;1;6;1;;;1;1
12;7;13;39;0;;1;1;N-634;176,4;6;4;2;;;1;1;1;;;1;1
2;4;16;39;0;;1;1;A-67;148,9;3;9;2;;;3;1;3;;1;1;1
2;6;10;39;0;;1;1;N-611;149;6;7;2;;;1;1;1;;;1;3
5;5;18;39;0;;1;1;A-67;149,9;3;15;2;;;4;1;4;2;;1;1
6;1;15;39;0;;1;1;A-67;148,85;3;16;2;;;1;1;1;;;1;3
9;5;17;39;0;;1;1;A-67;150;3;12;2;;;3;1;3;;;1;3
10;4;16;39;0;;1;1;A-67;151;3;19;2;;;1;1;1;;;1;3
8;4;12;39;0;;3;2;No inventariada;;9;6;2;;;1;1;2;;;1;998
3;6;13;39;39012;;1;1;A-8;247,936;3;9;2;;;1;1;1;;;1;3
7;3;20;39;39012;;1;1;CA-813;0,3;6;2;1;4;;1;1;1;;;1;1
7;1;16;39;39012;;3;2;No inventariada;;14;6;1;2;;1;1;1;;;2;998
7;4;22;39;39012;;3;2;No inventariada;;9;1;2;;;1;4;1;;;1;998
8;5;14;39;39012;;1;1;A-8;247;3;9;2;;;1;1;1;;;1;3
8;7;22;39;39012;;1;1;A-8;248;3;16;2;;;1;5;1;;;1;1
12;1;16;39;39012;;1;1;N-634;248;6;1;1;2;;1;1;1;;;6;1
2;4;15;39;0;;1;1;CA-184;7,5;6;16;2;;;3;1;3;;;1;1
7;2;18;39;0;;1;1;CA-184;6,2;6;18;2;;;1;1;1;;;1;3
4;6;13;39;0;;1;1;CA-280;2,052;6;6;2;;;1;1;1;;;14;1
7;6;11;39;0;;1;1;CA-182;1,803;6;1;2;;;1;1;1;;;1;3
7;7;17;39;0;;1;1;CA-182;4,3;6;19;2;;;1;1;1;;;4;2
8;2;18;39;0;;1;1;CA-182;4,2;6;16;2;;;1;1;2;;;4;2
8;2;20;39;0;;1;1;CA-182;10,402;6;15;2;;;1;6;1;;;1;3
9;3;14;39;0;;1;1;CA-280;17,85;6;2;2;;;1;1;2;;;1;4
9;6;12;39;0;;1;1;CA-180;11,1;6;16;2;;;1;1;1;;;1;1
9;5;14;39;0;;1;1;CA-280;16,4;6;15;2;;;3;1;1;;;4;2
10;1;13;39;0;;1;1;CA-182;3,833;6;16;2;;;1;1;1;;;1;2
6;3;11;39;0;;1;1;CA-185;7,15;6;2;2;;;1;1;1;;;1;1
7;3;10;39;0;;1;1;CA-888;1,8;5;1;2;;;1;1;1;;;4;2
8;1;8;39;0;;1;1;CA-185;5,25;6;2;2;;;1;2;1;;;1;2
9;1;19;39;0;;1;1;CA-185;2,5;6;16;2;;;3;1;7;;;1;2
10;4;11;39;0;;1;1;CA-185;14,4;6;10;2;;;1;1;2;;;1;2
1;3;9;39;39008;;1;1;S-10;5,9;3;5;2;;;1;1;1;;;1;1
1;6;13;39;39016;;3;2;No inventariada;;9;1;2;;;1;1;1;;;1;998
2;5;7;39;39016;;1;1;S-10;4,792;3;20;1;2;;1;5;1;;;1;1
2;6;19;39;39016;;1;1;N-623;147,25;6;7;2;;;1;4;1;;;1;1
2;5;8;39;39008;;1;1;S-10;5,691;3;5;2;;;1;4;1;;;1;1
2;1;19;39;39016;;1;1;S-10;2,773;3;5;2;;;1;6;1;;;1;1
2;7;20;39;39052;;1;1;N-623;142,261;6;2;1;4;N-623;3;6;3;;;1;4
3;1;15;39;39016;;1;1;CA-306;0,9;6;10;2;;;1;1;1;;;1;1
3;2;12;39;39016;;1;1;S-10;2,145;3;3;2;;;1;1;1;;;1;1
4;4;7;39;39016;;1;1;A-67;200,4;3;4;2;;;3;1;3;;;1;1
4;6;4;39;39016;;1;1;A-67;202,366;3;16;2;;;3;6;3;;;1;3
4;1;9;39;39016;;1;1;S-30;5,2;3;5;2;;;1;4;1;;;1;1
5;4;17;39;39016;;1;1;S-10;3,4;3;4;2;;;1;1;1;;;1;2
6;6;10;39;39016;;1;1;N-636;0,345;6;2;2;;;1;1;1;;;1;1
7;2;11;39;39016;;1;1;N-623;147,4;6;4;2;;;1;1;1;;;1;1
7;7;16;39;39016;;3;2;No inventariada;;9;12;2;;;1;1;1;;;1;998
7;1;9;39;39016;;1;1;S-30;3,4;3;6;2;;;1;1;2;;;1;1
8;2;17;39;39016;;1;1;S-10;2,362;3;4;2;;;1;1;2;;;18;1
8;5;1;39;39016;;1;1;S-10;2,296;3;18;1;2;;3;6;4;;;1;1
9;3;17;39;39016;;1;1;S-10;2,782;3;5;1;2;S-10;3;1;3;;;1;1
8;5;14;39;39016;;3;2;No inventariada;;9;2;1;2;;1;1;1;;;1;998
9;1;16;39;39016;;1;1;N-623;144,35;6;2;1;2;;1;1;1;;;1;3
9;2;18;39;39016;;1;1;S-10;4,8;3;4;2;;;1;1;1;;;1;1
10;3;19;39;39016;;3;2;No inventariada;;9;7;2;;;3;3;4;;;5;998
9;2;17;39;39016;;3;2;No inventariada;;11;2;2;;;1;1;2;;;1;998
9;2;12;39;39016;;3;2;No inventariada;;9;7;1;5;;1;1;1;;;1;998
10;4;13;39;39016;;1;1;A-67;202,5;3;4;1;11;N-623;1;1;1;;;1;2
11;3;12;39;39016;;1;1;CA-308;1,414;6;3;1;4;S-30;1;1;1;;;1;2
11;5;18;39;39016;;1;1;S-10;2,4;3;4;2;;;1;5;1;;;1;1
11;4;21;39;39016;;1;1;S-10;4,752;3;4;2;;;3;4;4;;;1;1
11;5;10;39;39016;;1;1;S-10;2,3;3;4;2;;;3;1;2;;;1;1
11;6;11;39;39016;;1;1;N-623;145,3;6;7;2;;;1;1;1;;1;1;1
11;7;13;39;39016;;3;2;No inventariada;;9;10;2;;;3;1;3;;;1;998
11;5;10;39;39016;;1;1;S-10;3,5;3;16;1;12;;1;1;2;;;1;1
12;2;17;39;39016;;1;1;N-623;148;6;4;2;;;3;6;3;;;1;1
12;5;13;39;39016;;1;1;S-10;2,616;3;4;2;;;3;1;3;;;1;1
12;1;11;39;39016;;1;1;S-10;2,5;3;4;2;;;1;1;1;;;1;1
12;6;1;39;39016;;1;1;A-67;202,484;3;16;2;;;3;6;2;;;1;1
10;6;16;39;0;;1;1;CA-171;16,2;6;2;2;;;1;1;2;;;1;1
3;2;14;39;39018;;1;1;N-611;179,981;6;3;2;;;1;1;1;;;1;2
5;2;21;39;39018;;3;2;No inventariada;;9;2;2;;;1;1;1;;;1;998
6;7;0;39;39018;;1;1;A-67;174;3;16;2;;;1;4;1;;;1;1
7;4;16;39;39018;;1;1;A-67;175,5;3;4;2;;;1;4;2;;;1;1
7;2;13;39;39018;;1;1;A-67;173,5;3;18;2;;;1;5;1;;;1;1
7;2;14;39;39018;;1;1;CA-283;0,7;6;10;2;;;1;1;1;;;1;2
8;4;3;39;39018;;1;1;N-611;179,1;6;16;1;4;;1;6;1;;;1;3
8;1;16;39;39018;;3;2;No inventariada;;9;1;2;;;1;1;2;;;1;998
8;2;8;39;39018;;1;1;CA-800;2,1;6;3;1;2;;1;3;1;;;6;1
9;4;15;39;39018;;1;1;A-67;175,84;3;18;2;;;3;1;3;;;1;2
9;4;14;39;39018;;1;1;A-67;175,9;3;16;1;10;N-611;3;1;4;;;1;3
10;4;19;39;39018;;1;1;CA-283;3,803;6;2;2;;;1;6;1;;;4;2
11;5;13;39;39018;;1;1;A-67;175,8;3;4;1;10;N-611;1;1;1;;;1;2
12;6;13;39;39018;;1;1;N-611;182,2;6;7;2;;;1;1;2;;;6;1
1;6;10;39;0;;1;1;N-634;218,1;6;2;1;2;;1;1;1;;;1;1
3;5;12;39;0;;1;1;N-634;215,8;6;10;2;;;1;1;1;;;1;1
9;1;13;39;0;;1;1;A-8;216;3;20;2;;;1;1;1;;;1;3
11;5;9;39;0;;1;1;A-8;218,2;3;12;2;;;1;1;1;;;1;1
1;7;20;39;39020;;1;1;N-634;140,665;6;16;2;;;3;6;2;;;1;2
1;7;13;39;39020;;1;1;N-634;157,7;6;10;2;;;1;1;1;;;1;2
2;5;16;39;39020;;1;1;N-634;151,975;6;18;2;;;1;1;2;;;1;2
2;7;0;39;39020;;1;1;A-8;145,5;3;19;2;;;1;5;1;;;1;2
2;4;14;39;39020;;1;1;A-8;146,1;3;2;2;;;1;1;1;;;1;1
2;4;19;39;39020;;1;1;CA-931;2,6;6;16;2;;;3;4;3;;;5;2
3;7;16;39;39020;;1;1;A-8;140,85;3;5;2;;;3;1;3;;;1;2
4;4;20;39;39020;;1;1;N-634;137,164;6;4;2;;;1;2;1;;;1;1
4;4;7;39;39020;;1;1;A-8;143;3;20;2;;;3;1;3;;;1;2
4;5;17;39;39020;;1;1;A-8;156;3;16;2;;;1;1;2;;;1;2
4;6;20;39;39020;;1;1;A-8;142,9;3;15;2;;;3;1;3;;;1;2
5;6;10;39;39020;;1;1;N-634;140,7;6;12;2;;;3;1;3;;;1;2
1;5;18;39;39020;;3;2;No inventariada;;9;7;1;1;;3;4;7;;;1;998
1;7;11;39;39020;;3;2;No inventariada;;9;2;1;2;;3;1;7;;;1;998
2;5;21;39;39020;;1;1;CA-520;2,5;6;2;1;2;;3;4;3;;;1;1
3;5;15;39;39020;;3;2;No inventariada;;9;2;1;2;;1;1;1;;;12;998
1;5;14;39;39020;;3;2;No inventariada;;9;7;2;;;1;1;1;;;1;998
2;5;17;39;39020;;3;2;No inventariada;;9;10;2;;;2;1;1;;;1;998
3;1;10;39;39020;;3;2;No inventariada;;9;2;1;2;;1;1;1;;;1;998
5;5;7;39;39020;;1;1;CA-520;0,067;6;19;2;;;1;1;1;;;1;3
5;4;14;39;39020;;1;1;A-8;159,2;3;4;2;;;1;1;1;;;1;1
6;2;11;39;39020;;1;1;CAMINO ACC;0,8;10;18;2;;;3;1;3;;;1;3
6;7;7;39;39020;;1;1;A-8;142;3;16;2;;;3;1;3;;;4;2
6;1;17;39;39020;;1;1;A-8;145,99;3;2;2;;;1;1;1;;;1;3
6;6;13;39;39020;;1;1;A-8;149,2;3;12;2;;;1;1;2;;;18;2