MES;DIA_SEMANA;HORA;COD_PROVINCIA;COD_MUNICIPIO;ISLA;ZONA;ZONA_AGRUPADA;CARRETERA;KM;TIPO_VIA;TIPO_ACCIDENTE;NUDO;NUDO_INFO;CARRETERA_CRUCE;CONDICION_FIRME;CONDICION_ILUMINACION;CONDICION_METEO;CONDICION_NIEBLA;CONDICION_VIENTO;VISIB_RESTRINGIDA_POR;TRAZADO_PLANTA
4;5;16;39;39020;;3;2;No inventariada;;9;4;1;1;;1;1;1;;;1;998
5;4;14;39;39020;;3;2;No inventariada;;9;4;2;;;1;1;1;;;1;998
5;4;14;39;39020;;3;2;No inventariada;;9;2;1;2;;3;1;3;;;1;998
4;2;11;39;39020;;3;2;No inventariada;;9;4;2;;;1;1;1;;;1;998
4;1;19;39;39020;;3;2;No inventariada;;7;7;2;;;1;1;1;;;1;998
7;5;13;39;39020;;1;1;A-8;142,529;3;4;2;;;3;1;3;;;1;1
7;7;18;39;39020;;1;1;A-8;144,28;3;5;2;;;1;1;1;;;1;1
7;7;21;39;39020;;1;1;A-8;158,65;3;4;2;;;1;1;1;;;1;1
7;1;8;39;39020;;1;1;A-8;141,6;3;4;2;;;1;1;1;;;1;1
7;7;21;39;39020;;1;1;A-8;154;3;4;2;;;1;2;1;;;1;1
8;1;10;39;39020;;1;1;A-8;156,752;3;10;2;;;1;6;1;;;1;1
8;3;9;39;0;;1;1;A-8;160,33;3;16;2;;;3;1;3;;;1;2
8;3;16;39;39020;;1;1;A-8;141,138;3;16;2;;;3;1;3;;;1;2
9;3;15;39;39020;;1;1;N-634;149,85;6;16;2;;;1;1;2;;;1;1
9;7;17;39;39020;;1;1;A-8;142,4;3;5;2;;;1;1;1;;;1;1
9;1;9;39;39020;;1;1;A-8;156,4;3;16;1;10;N-634;1;1;1;;;1;2
10;3;14;39;39020;;1;1;A-8;147,4;3;18;2;;;4;1;3;;;1;3
10;3;17;39;39020;;1;1;A-8;148,408;3;12;2;;;3;1;4;;;1;2
10;3;18;39;39020;;1;1;A-8;141,1;3;3;2;;;3;1;4;;;1;2
10;6;16;39;39020;;1;1;A-8;140,2;3;18;2;;;1;1;1;;;1;1
7;3;20;39;39020;;3;2;No inventariada;;9;2;1;1;;1;1;2;;;18;998
7;1;16;39;39020;;3;2;No inventariada;;9;1;2;;;1;1;1;;;1;998
7;7;18;39;39020;;3;2;No inventariada;;9;2;1;1;;1;1;1;;;9;998
7;4;11;39;39020;;3;2;No inventariada;;9;2;1;4;;1;1;1;;;1;998
8;2;11;39;39020;;3;2;No inventariada;;14;7;2;;;1;1;1;;;1;998
7;6;9;39;39020;;3;2;No inventariada;;9;7;1;2;;1;1;1;;;1;998
8;2;19;39;39020;;3;2;No inventariada;;9;4;1;2;;1;1;1;;;1;998
8;3;15;39;39020;;3;2;No inventariada;;9;7;1;2;;3;1;3;;;1;998
8;5;3;39;39020;;1;1;N-634;140;6;19;2;;;3;6;3;;;5;1
9;1;16;39;39020;;3;2;No inventariada;;9;1;1;2;;3;1;2;;;9;998
9;1;11;39;39020;;3;2;No inventariada;;14;4;1;4;;1;1;1;;;1;998
9;2;20;39;39020;;3;2;No inventariada;;9;3;2;;;1;2;1;;;2;998
9;4;17;39;39020;;3;2;No inventariada;;9;2;1;1;;1;1;2;;;1;998
10;4;8;39;39020;;3;2;No inventariada;;9;7;2;;;3;1;3;;;1;998
11;4;13;39;39020;;1;1;N-634;154,675;6;3;2;;;1;1;1;;;1;1
12;6;17;39;39020;;1;1;A-8;146,75;3;19;2;;;3;1;4;;;1;2
12;7;8;39;39020;;1;1;A-8;140,843;3;12;2;;;3;1;3;;;1;2
12;2;6;39;39020;;1;1;A-8;142,2;3;4;2;;;1;6;1;;;1;3
12;1;21;39;39020;;1;1;A-8;152;3;4;2;;;1;5;1;;;1;1
7;6;19;39;0;;1;1;A-67;163,8;3;18;2;;;3;1;4;;;5;1
11;7;14;39;0;;1;1;CA-803;0,1;6;2;2;;;1;1;1;;;1;1
1;6;17;39;39023;;1;1;A-8;174,3;3;19;2;;;3;1;2;;;1;3
1;5;11;39;39023;;1;1;N-629;86,9;6;2;1;4;A-8;1;1;1;;;1;1
3;6;16;39;39023;;1;1;A-8;174,271;3;12;2;;;3;1;4;;;1;1
8;5;12;39;0;;1;1;N-634;173,567;6;10;2;;;1;1;2;;;1;1
5;5;17;39;39023;;3;2;No inventariada;;9;3;2;;;1;1;2;;;1;998
9;5;21;39;39023;;3;2;No inventariada;;9;7;2;;;1;4;1;;;1;998
12;2;9;39;39023;;3;2;No inventariada;;9;4;2;;;3;1;2;;;1;998
12;1;8;39;39023;;3;2;No inventariada;;14;7;2;;;3;1;2;;;1;998
4;7;12;39;0;;3;2;No inventariada;;9;3;2;;;1;1;1;;;1;998
1;3;17;39;39025;;1;1;A-67;171,134;3;3;2;;;3;6;2;;;1;3
1;3;18;39;39025;;3;2;No inventariada;;9;4;1;2;;1;3;1;;;18;998
1;3;9;39;39025;;1;1;A-67;167;3;15;2;;;1;4;1;;;1;1
3;1;9;39;39025;;3;2;No inventariada;;9;4;1;1;;1;1;1;;;1;998
3;6;4;39;39025;;1;1;A-67;172;3;14;2;;;3;6;2;;;1;3
6;6;8;39;39025;;1;1;A-67;168,05;3;5;2;;;3;1;2;;;1;1
6;6;6;39;39025;;3;2;No inventariada;;9;12;1;2;;3;3;2;;;1;998
8;1;14;39;39025;;3;2;No inventariada;;9;3;1;4;;1;1;1;;;1;998
9;3;19;39;39025;;1;1;A-67;172,5;3;3;2;;;3;1;2;;;1;1
12;7;13;39;39025;;1;1;A-67;167;3;16;2;;;3;1;3;;;1;1
12;6;13;39;39025;;1;1;N-611;172,1;6;2;1;4;;1;1;1;;;1;2
1;5;13;39;0;;3;2;No inventariada;;9;7;2;;;1;1;2;;;1;998
6;6;22;39;0;;1;1;N-623;120,34;6;12;2;;;3;6;3;;;1;1
7;6;10;39;0;;1;1;N-623;122;6;5;2;;;1;1;1;;;1;1
8;7;17;39;0;;1;1;N-623;115,2;6;4;2;;;1;1;1;;;1;1
10;5;16;39;0;;1;1;N-623;121,9;6;2;2;;;1;1;2;;;1;1
11;2;18;39;0;;1;1;N-623;115,1;6;20;2;;;1;4;1;;;1;1
11;3;15;39;0;;1;1;N-623;121,628;6;4;2;;;1;1;2;;;1;1
1;4;12;39;0;;1;1;CA-730;4,7;6;18;2;;;3;1;2;;;1;2
2;1;13;39;0;;1;1;A-67;139,4;3;19;2;;;6;1;6;;;1;3
3;6;10;39;0;;1;1;A-67;132,5;3;19;2;;;3;1;4;;;1;1
3;7;13;39;0;;1;1;N-611;141,1;6;10;2;;;1;1;2;;;1;1
3;6;10;39;0;;1;1;N-611;132,713;6;18;1;2;;1;1;2;;;4;3
4;2;17;39;0;;1;1;A-67;137,1;3;14;2;;;3;1;4;;;1;2
6;7;7;39;0;;1;1;N-611;139,493;6;3;2;;;1;1;1;;;1;1
6;6;13;39;0;;1;1;CA-730;2,05;6;19;2;;;1;1;2;;;1;1
8;6;13;39;0;;1;1;CA-183;1,282;6;10;1;2;CA-825;1;1;2;;;1;1
9;2;12;39;0;;1;1;A-67;141,396;3;4;2;;;3;1;2;;;1;1
10;1;16;39;0;;1;1;A-67;139,8;3;16;2;;;1;1;1;;;1;2
11;7;11;39;0;;1;1;CA-284;2,683;6;14;2;;;1;1;1;;;1;3
2;2;18;39;39028;;1;1;N-634;196,196;6;4;2;;;1;1;1;;;1;1
4;3;10;39;39028;;1;1;N-634;195,2;6;7;2;;;1;1;1;;;1;4
4;3;7;39;39028;;1;1;CA-261;6,823;6;14;2;;;3;2;3;;;1;2
6;6;14;39;39028;;1;1;CA-261;7,8;6;12;2;;;3;1;3;;;1;2
9;2;23;39;39028;;1;1;A-8;194,95;3;15;2;;;3;5;3;;;1;1
10;4;10;39;39028;;1;1;N-634;196,549;6;2;1;4;;3;1;4;;;1;1
11;6;16;39;39028;;1;1;CA-652;7,983;6;18;2;;;1;1;1;;;1;2
11;5;12;39;39028;;1;1;A-8;194,8;3;5;2;;;1;1;1;;;1;1
1;1;16;39;0;;1;1;CA-241;2;6;1;2;;;3;1;2;;;1;1
6;3;10;39;0;;1;1;CA-241;4,256;6;4;2;;;1;1;1;;;1;1
8;1;13;39;0;;1;1;CA-147;1,7;6;16;2;;;1;1;1;;;1;2
9;6;9;39;0;;1;1;CA-241;2,6;6;2;2;;;1;1;1;;;1;1
1;4;4;39;0;;1;1;CA-151;1,3;6;8;2;;;3;6;3;;;1;1
3;6;16;39;0;;1;1;CA-520;9,1;6;2;2;;;1;1;2;;;1;2
4;3;18;39;0;;1;1;No inventariada;0;10;1;2;;;1;1;1;;;1;3
10;6;15;39;0;;1;1;CA-151;2,7;6;16;2;;;1;1;1;;;1;2
11;7;10;39;0;;1;1;CA-151;0,495;6;2;2;;;1;1;1;;;1;1
11;6;1;39;0;;1;1;CA-151;11,8;6;16;2;;;2;6;1;;;1;2
11;6;12;39;0;;1;1;CA-151;10,2;6;19;2;;;8;1;2;;;4;2
2;5;15;39;0;;1;1;A-8;186;3;5;2;;;3;1;3;;;1;2
3;7;22;39;0;;1;1;N-634;184,3;6;12;1;4;A-8;1;4;1;;;1;2
3;5;13;39;0;;1;1;N-634;187;6;19;2;;;1;1;1;;;1;1
5;4;17;39;0;;1;1;N-634;184,72;6;4;2;;;1;1;2;;;1;1
7;6;7;39;0;;1;1;A-8;185;8;13;1;10;A-8;1;1;2;;;1;2
7;6;17;39;0;;1;1;N-634;188;6;18;2;;;1;1;1;;;1;2
7;1;12;39;0;;1;1;CA-147;0,3;6;5;2;;;1;1;2;;;1;1
9;3;16;39;0;;1;1;CA-147;1,2;6;4;1;2;;3;1;3;;;1;1
9;7;20;39;0;;1;1;A-8;188,3;3;5;2;;;1;2;1;;;6;1
10;7;13;39;0;;1;1;A-8;187;3;14;2;;;3;1;4;;;1;1
2;5;19;39;0;;1;1;CA-183;10,03;6;12;2;;;1;2;1;;;1;1
8;6;9;39;0;;1;1;CA-280;40,1;6;10;2;;;1;1;1;;;1;1
7;7;13;39;0;;1;1;CA-850;11,802;6;1;2;;;1;1;1;;;4;3
8;4;8;39;0;;1;1;CA-181;10,15;6;20;2;;;1;1;1;;;1;1
1;6;18;39;39035;;3;2;No inventariada;;9;7;2;;;1;4;1;;;1;998
4;4;20;39;39035;;3;2;No inventariada;;9;7;2;;;1;2;1;;;18;998
3;5;16;39;39035;;3;2;No inventariada;;9;3;1;1;;1;1;1;;;1;998
3;5;12;39;39035;;3;2;No inventariada;;9;1;2;;;8;1;2;;;1;998
2;5;19;39;39035;;3;2;No inventariada;;9;5;2;;;3;4;2;;;1;998
4;4;12;39;39035;;3;2;No inventariada;;9;7;2;;;1;1;2;;;18;998
6;2;14;39;39035;;3;2;No inventariada;;9;2;1;2;;3;1;2;;;1;998
7;5;11;39;39035;;3;2;No inventariada;;9;7;1;4;;3;1;2;;;1;998
8;5;19;39;39035;;3;2;No inventariada;;9;3;1;1;;1;1;1;;;1;998
7;3;19;39;39035;;3;2;No inventariada;;9;7;1;2;;1;1;1;;;1;998
9;5;11;39;39035;;3;2;No inventariada;;14;7;2;;;1;1;1;;;1;998
12;2;12;39;39035;;3;2;No inventariada;;9;7;1;2;;1;1;1;;;16;998
12;7;18;39;39035;;3;2;No inventariada;;9;2;1;1;;1;4;2;;;1;998
12;4;9;39;39035;;3;2;No inventariada;;9;4;2;;;1;1;1;;;1;998
12;2;14;39;39035;;3;2;No inventariada;;9;7;2;;;1;1;1;;;1;998
1;6;11;39;0;;1;1;N-634;161,2;6;14;2;;;5;1;5;;;4;2
3;7;16;39;0;;1;1;N-634;161,4;6;18;2;;;3;1;2;;;1;1
3;7;19;39;0;;1;1;A-8;162,638;3;12;2;;;3;6;3;;;5;3
3;7;12;39;0;;1;1;N-634;159,8;6;2;1;2;A-8;3;1;3;;;1;1
3;6;13;39;0;;1;1;N-634;160,2;6;16;2;;;1;1;1;;;1;2
4;3;17;39;0;;1;1;A-8;162,099;3;3;2;;;1;1;1;;;1;3
4;1;12;39;0;;1;1;A-8;162,4;3;4;2;;;3;1;2;;;1;1
4;6;18;39;0;;1;1;A-8;162;3;18;2;;;3;1;3;;;1;1
5;1;17;39;0;;1;1;CA-501;2,73;6;19;2;;;1;1;1;;;1;1
7;6;14;39;0;;1;1;A-8;162,482;3;16;2;;;3;1;3;;;1;2
10;5;21;39;0;;1;1;A-8;162,8;3;16;2;;;3;5;3;;;5;2
11;6;12;39;0;;1;1;N-634;166,4;6;4;2;;;1;1;1;;;1;1
11;6;20;39;0;;1;1;N-634;164,3;6;6;2;;;1;6;1;;;1;2
3;6;11;39;0;;1;1;CA-160;2,6;6;6;2;;;1;1;1;;;1;3
7;7;11;39;0;;1;1;N-634;205,45;6;10;2;;;1;1;2;;;1;1
9;6;19;39;0;;3;2;No inventariada;;9;7;2;;;1;1;1;;;1;998
1;2;17;39;0;;1;1;CA-257;0,05;6;7;1;2;CA-257;1;1;1;;;1;1
2;4;10;39;0;;1;1;N-629;84,632;6;5;1;10;N-629a;1;1;2;;;1;1
5;4;19;39;0;;1;1;CA-500;1,35;6;10;2;;;8;1;1;;;1;2
8;6;12;39;0;;1;1;N-629a;84,4;6;20;1;4;CA-501;1;1;1;;;1;1
6;6;17;39;0;;1;1;N-623;99,29;6;19;2;;;1;1;2;;;1;3
9;4;10;39;0;;1;1;N-623;95,3;6;15;2;;;1;1;1;;;12;2
4;1;12;39;39040;;1;1;CA-141;2,813;6;4;2;;;3;1;3;;;1;3
6;3;13;39;39040;;1;1;CA-141;6,45;6;5;2;;;1;1;1;;;1;1
7;7;13;39;39040;;1;1;CA-141;2,978;6;4;2;;;1;1;1;;;1;1
7;1;13;39;39040;;1;1;CA-420;2,3;6;12;1;12;;1;1;1;;;1;1
8;3;11;39;39040;;1;1;CA-141;5,12;6;5;2;;;3;1;3;;;1;1
8;4;7;39;39040;;1;1;CA-141;10,761;6;12;2;;;1;3;1;;;1;1
8;6;19;39;39040;;1;1;CA-141;2,2;6;10;2;;;3;1;2;;;1;1
9;1;18;39;39040;;1;1;CA-141;2,8;6;4;2;;;1;1;1;;;1;1
11;4;17;39;39040;;1;1;CA-141;2,808;6;4;1;2;;3;2;4;;;5;1
2;5;14;39;0;;1;1;CA-283;11,6;6;10;2;;;1;1;1;;;1;1
5;5;16;39;0;;1;1;CA-812;0;6;2;1;2;;1;1;1;;;4;1
6;6;12;39;0;;1;1;CA-812;0,7;6;3;2;;;1;1;1;;;18;2
7;6;9;39;0;;1;1;CA-283;9,9;6;10;2;;;1;1;1;;;1;1
8;1;11;39;0;;3;2;No inventariada;;9;7;2;;;1;1;1;;;1;998
8;2;10;39;0;;1;1;CA-283;11,4;6;2;1;2;;1;1;1;;;1;1
9;5;14;39;0;;1;1;CA-283;11,1;6;2;1;1;CA-812;1;1;2;;;1;1
1;7;13;39;39042;;1;1;N-634;202,1;6;10;1;4;N-634a;7;1;1;;;1;2
2;2;13;39;39042;;1;1;S-10;10,2;3;16;2;;;1;1;1;;;18;1
2;1;8;39;39042;;1;1;S-10;10,026;3;16;2;;;3;1;3;;;1;1
3;6;12;39;39040;;1;1;S-10;13;3;12;2;;;3;1;4;;;1;3
2;2;18;39;39042;;2;2;N-635;13,7;9;5;1;4;N-635;1;3;1;;;1;1
3;3;14;39;39042;;1;1;N-635;12,9;6;1;1;1;;1;1;1;;;1;1
4;5;19;39;39042;;1;1;S-10;13,6;3;12;2;;;1;1;1;;;1;3
3;5;13;39;39042;;1;1;N-634a;199,5;6;2;1;4;;1;1;1;;;1;1
3;1;20;39;39042;;3;2;No inventariada;;9;7;2;;;1;3;3;;;2;998
5;1;8;39;39042;;1;1;S-10;9,9;3;5;2;;;1;1;1;;;1;1
6;2;12;39;39042;;1;1;CA-161;2,3;6;4;1;12;;1;1;1;;;1;1
6;7;9;39;39042;;1;1;S-10;8;3;12;2;;;3;1;3;;;1;2
6;7;10;39;39042;;1;1;S-10;8,3;3;16;2;;;1;1;1;;;1;2
7;6;5;39;39042;;1;1;S-10;13,4;3;4;2;;;1;6;1;;;1;1
8;5;18;39;39042;;1;1;S-10;13,1;3;4;2;;;1;1;1;;;1;1
10;3;16;39;39040;;1;1;S-10;12,9;3;16;2;;;3;1;4;;;5;1
10;4;20;39;39042;;2;2;N-634a;199,3;9;7;2;;;1;3;1;;;18;1
10;2;20;39;39042;;1;1;S-10;13,643;3;5;2;;;3;6;1;;;1;1
11;3;14;39;39042;;1;1;CA-161;0,6;6;2;1;2;;1;1;2;;;1;1
11;4;1;39;39042;;1;1;N-635;14,753;6;12;1;1;A-8;3;4;1;;;1;2
1;2;18;39;0;;1;1;CA-147;4,2;6;5;2;;;1;6;1;;;1;1
3;3;11;39;0;;1;1;CA-454;1,75;6;10;2;;;1;1;1;;;1;1
10;1;10;39;0;;1;1;CA-147;2,667;6;5;2;;;1;1;1;;;1;1
1;5;13;39;39044;;1;1;A-67;189,9;3;5;2;;;1;1;1;;;1;1
1;2;8;39;39044;;1;1;A-67;192,9;3;5;2;;;1;2;1;;;1;3
2;3;7;39;39044;;1;1;A-67;190;3;4;2;;;1;6;1;;;1;1
3;7;9;39;39044;;1;1;A-67;192,627;3;19;2;;;5;1;5;;;5;3
3;6;13;39;39044;;1;1;CA-232;8,1;6;7;2;;;1;1;1;;;1;1
5;1;15;39;39044;;3;2;No inventariada;;9;4;2;;;1;1;1;;;12;998
5;4;18;39;39044;;1;1;A-67;191;3;18;2;;;1;1;1;;;1;1
5;4;12;39;39044;;1;1;A-67;192,416;3;5;2;;;1;1;1;;;1;1
6;7;19;39;39044;;1;1;A-67;192;3;7;2;;;3;1;2;;;1;1
6;7;14;39;39044;;1;1;A-67;189,33;3;18;2;;;3;1;3;;;1;3
7;4;18;39;39044;;1;1;A-67;191,5;3;5;2;;;1;1;1;;;1;1
7;6;12;39;39044;;1;1;A-67;192,774;3;12;2;;;3;1;4;;;1;3
7;7;22;39;39044;;3;2;No inventariada;;9;16;2;;;1;4;1;;;1;998
9;2;19;39;39044;;1;1;A-67;190,023;3;16;2;;;3;1;4;;;5;1
10;3;13;39;39044;;1;1;A-67;193;3;12;2;;;3;1;4;;;1;1
10;5;15;39;39044;;1;1;A-67;192,8;3;5;2;;;1;1;1;;;1;1
10;5;12;39;39044;;1;1;CA-232;4,6;6;2;1;2;;1;1;1;;;2;1
11;1;7;39;39044;;1;1;CA-322;3,359;6;15;2;;;3;4;3;;;1;1
12;5;14;39;39044;;1;1;A-67;192,903;3;4;1;10;A-67;1;1;1;;;1;1
12;7;2;39;39044;;1;1;A-67;192,5;3;8;2;;;3;6;3;;;1;1
2;7;14;39;0;;1;1;CA-714;1,32;6;10;2;;;1;1;1;;;1;4
7;1;21;39;0;;1;1;A-67;156,35;3;4;2;;;1;1;1;;;1;1
10;2;18;39;0;;1;1;A-67;156,357;3;4;1;10;N-611;1;6;2;;;1;1
10;2;18;39;0;;1;1;A-67;156,34;3;3;1;10;N-611;1;2;2;;;1;1
11;1;10;39;0;;1;1;A-67;153,3;3;14;2;;;3;1;2;;;1;4
12;3;12;39;0;;3;2;No inventariada;;9;7;2;;;1;1;1;;;1;998
8;6;12;39;0;;3;2;No inventariada;;9;7;1;2;;1;1;1;;;18;998
8;7;12;39;0;;3;2;No inventariada;;9;7;2;;;1;1;1;;;1;998
8;5;13;39;0;;3;2;No inventariada;;9;10;2;;;1;1;1;;;18;998
8;1;20;39;0;;3;2;No inventariada;;9;7;2;;;1;1;1;;;1;998
11;4;18;39;0;;3;2;No inventariada;;9;7;2;;;1;3;1;;;1;998
1;6;11;39;0;;1;1;N-634;209,1;6;10;2;;;1;1;1;;;1;1
5;3;11;39;0;;1;1;CA-615;0,9;6;8;2;;;3;1;2;;;1;1
11;2;13;39;0;;1;1;N-634;210,25;6;2;1;4;;1;1;2;;;1;1
12;2;8;39;0;;1;1;N-634;210,275;6;2;1;4;A-8;1;2;1;;;1;1
2;2;17;39;0;;1;1;N-621;165;6;10;2;;;9;1;2;;;1;2
5;6;18;39;0;;1;1;N-621;161,8;6;15;2;;;1;1;2;;;1;1
7;3;17;39;0;;1;1;CA-184;19,5;6;1;2;;;1;1;1;;;4;2
7;7;20;39;0;;1;1;CA-184;25,2;6;17;2;;;1;1;1;;;1;4
10;6;13;39;0;;1;1;CA-184;25;6;15;2;;;1;1;2;;;4;2
12;1;13;39;0;;1;1;CA-184;23,1;6;18;2;;;3;1;2;;;4;2
2;3;13;39;0;;1;1;A-67;144,7;3;4;2;;;1;1;1;;;1;3
5;3;20;39;0;;1;1;A-67;145,2;3;14;2;;;3;1;4;;;1;1
12;7;10;39;0;;1;1;A-67;145,05;3;16;2;;;3;1;4;;1;1;1
12;7;14;39;0;;1;1;A-67;145,475;3;4;2;;;3;1;5;;;1;1
1;1;13;39;39052;;3;2;No inventariada;;9;10;2;;;3;1;1;;;1;998
1;2;14;39;39052;;1;1;N-623;133,131;6;19;2;;;3;1;1;;;1;1
1;5;16;39;39052;;1;1;N-611;198,4;6;7;2;;;1;1;1;;;6;1
1;2;14;39;39052;;2;2;N-623;134,1;6;2;2;;;1;1;1;;;9;1
2;4;12;39;39052;;1;1;N-611;196,35;6;2;1;4;CA-232;1;1;1;;;1;2
3;2;17;39;39052;;1;1;CA-303;2,501;6;2;1;1;;1;1;1;;;3;1
3;4;15;39;39052;;1;1;N-623;136,7;6;12;2;;;1;1;1;;;1;1
3;3;8;39;39052;;1;1;A-67;195,4;3;5;2;;;1;1;1;;;1;1
4;6;16;39;39052;;1;1;N-623;130,8;6;7;2;;;1;1;1;;;1;1
5;3;9;39;39052;;1;1;N-611;197,5;6;10;1;4;CA-240;3;1;2;;;1;1
5;7;3;39;39052;;3;2;No inventariada;;9;12;2;;;1;4;1;;;1;998
5;4;7;39;39052;;1;1;A-67;193,3;3;4;2;;;1;1;1;;;1;1
5;4;11;39;39052;;1;1;A-67;195;3;4;2;;;1;1;1;;;1;1
5;5;9;39;39052;;1;1;N-623;136,376;6;1;2;;;1;1;1;;;1;1
5;1;13;39;39052;;1;1;CA-231;9;6;6;2;;;1;1;2;;;1;1
5;2;14;39;39052;;1;1;CA-231;11,1;6;2;1;2;;1;1;1;;;1;1
5;2;14;39;39052;;1;1;N-623;134;6;5;2;;;1;1;1;;;1;1
6;6;19;39;39052;;2;2;CA-231;5,3;6;12;1;2;;1;1;1;;;1;1
6;2;20;39;39052;;3;2;No inventariada;;14;7;1;4;;1;1;1;;;1;998
6;6;13;39;39052;;1;1;N-611;198;6;2;1;2;CA-231;1;1;1;;;1;1
6;7;6;39;39052;;1;1;A-67;193,962;3;18;2;;;3;1;1;;;1;1
6;7;7;39;39052;;1;1;CA-305;0,1;6;9;2;;;1;1;2;;;1;1
7;5;10;39;39087;;1;1;A-67;181,3;3;5;2;;;1;1;1;;;1;1
7;3;10;39;39052;;1;1;CA-305;1,401;6;10;2;;;1;1;1;;;1;1
7;3;18;39;39052;;3;2;No inventariada;;9;7;2;;;1;1;1;;;1;998
8;5;8;39;39052;;1;1;A-8;225;3;15;2;;;1;1;1;;;1;2
8;5;17;39;39052;;1;1;N-611;197,356;6;15;2;;;1;1;1;;;1;3
7;3;11;39;39052;;1;1;CA-231;4,1;6;3;1;4;CA-300;1;1;1;;;1;1
8;5;0;39;39052;;1;1;N-611;194,099;10;12;2;;;1;6;1;;;1;1
8;2;11;39;39052;;1;1;N-611;197,68;6;10;2;;;1;1;1;;;1;1
9;2;21;39;39052;;1;1;A-67;193,8;3;18;2;;;3;6;4;;;1;1
9;4;9;39;39052;;1;1;N-623;134,2;6;5;2;;;3;1;3;;;1;1
9;7;21;39;39052;;1;1;A-67;195,7;3;8;2;;;1;6;1;;;1;1
9;1;8;39;39052;;1;1;CA-303;1,336;6;4;2;;;1;1;1;;;6;1
9;2;8;39;39052;;1;1;A-67;194,784;3;4;1;10;A-67;1;1;1;;;1;1
9;4;21;39;39052;;1;1;A-8;224,9;3;4;1;10;CA-234;3;6;3;;;4;1
9;4;23;39;39052;;1;1;CA-231;5,3;6;2;1;2;;1;4;1;;;1;1
10;1;16;39;39052;;1;1;CA-403;1,05;6;17;2;;;1;1;1;;;1;3
10;1;16;39;39052;;1;1;CA-321;5,519;6;2;1;2;;1;1;2;;;18;1
10;1;19;39;39052;;1;1;A-8;225,95;3;5;2;;;1;6;1;;;1;1
11;5;7;39;39052;;1;1;A-67;195,5;3;4;2;;;1;2;1;;;1;1
10;7;17;39;39052;;3;2;No inventariada;;9;7;1;2;;1;1;1;;;1;998
11;7;12;39;39052;;1;1;N-611;197,206;6;2;1;4;CA-240;1;1;1;;;1;1
12;6;14;39;39052;;1;1;CA-231;11,2;6;10;2;;;3;1;1;;;1;2
12;6;17;39;39052;;1;1;A-8;224,3;3;12;2;;;3;1;2;;;1;1
12;5;8;39;39052;;1;1;N-611;199,4;6;14;2;;;3;6;3;;;1;2
12;7;16;39;39052;;1;1;A-67;193,698;3;19;2;;;3;1;3;;;18;1
1;5;22;39;39054;;1;1;A-67;186;3;18;2;;;3;6;1;;;1;2
1;7;8;39;39054;;1;1;N-611;189,741;6;2;1;4;CA-232;1;1;1;;;1;2
6;7;9;39;39054;;1;1;A-67;187,005;3;4;2;;;1;1;1;;;1;1
6;6;10;39;39054;;1;1;A-67;187,1;3;16;2;;;3;1;3;;;1;3
8;1;17;39;39054;;1;1;A-67;188;3;4;2;;;1;1;1;;;1;1
7;2;14;39;0;;1;1;CA-185;0,9;6;2;2;;;1;1;1;;;1;1
8;6;18;39;0;;3;2;No inventariada;;9;20;2;;;1;1;1;;;1;998
8;6;18;39;0;;1;1;CA-185;5,173;6;2;2;;;1;1;1;;;1;1
9;6;19;39;0;;1;1;CA-185;1,05;6;2;2;;;1;1;1;;;1;1
3;4;8;39;0;;1;1;N-623;123,5;6;10;2;;;9;1;7;;;18;1
5;6;0;39;0;;1;1;N-634a;223,9;6;17;2;;;1;6;1;;;4;2
5;5;17;39;0;;1;1;N-623;129,2;6;5;2;;;1;1;1;;;1;1
7;5;21;39;0;;3;2;No inventariada;;9;2;1;2;;1;1;1;;;2;998
7;5;15;39;0;;1;1;N-623;126,071;6;4;2;;;1;1;1;;;1;3
8;1;16;39;0;;1;1;CA-600;0,45;6;10;2;;;2;1;1;;;1;1
8;6;21;39;0;;1;1;N-623;128;6;12;2;;;3;6;3;;;1;1
10;7;16;39;0;;1;1;A-8;223;3;4;2;;;1;1;1;;;1;1
11;5;21;39;0;;1;1;N-623;128;6;2;1;1;;1;4;1;;;2;1
1;3;11;39;0;;1;1;N-629;71,466;6;3;2;;;1;1;1;;;1;2
3;4;12;39;0;;2;2;N-629a;72,7;6;7;2;;;1;1;1;;;1;1
5;2;12;39;0;;1;1;CA-150;3,5;6;6;2;;;8;1;2;;;12;2
6;2;13;39;0;;3;2;No inventariada;;9;2;1;1;;1;1;1;;;2;998
8;5;20;39;0;;1;1;GUARDAMINO;0,4;10;1;2;;;1;1;1;;;4;3
9;4;21;39;0;;1;1;N-629;70,85;6;1;2;;;3;6;3;1;;4;1
10;2;20;39;0;;1;1;N-629;69,215;6;7;2;;;1;4;1;;;1;1
11;5;12;39;0;;1;1;N-629;68,239;6;7;2;;;1;1;1;;;1;1
11;4;10;39;0;;3;2;No inventariada;;9;2;1;9;;1;1;1;;;12;998
11;6;11;39;0;;1;1;CA-150;3,6;6;10;2;;;3;1;1;;;1;3
2;7;6;39;0;;1;1;N-629;76,8;6;19;2;;;1;2;1;;;1;1
2;5;20;39;39059;;3;2;No inventariada;;9;7;2;;;1;4;7;;;1;998
7;3;19;39;39059;;3;2;No inventariada;;9;7;2;;;1;1;1;;;9;998
10;5;10;39;39059;;1;1;A-67;136;3;4;2;;;1;1;1;;;1;1
10;3;14;39;39059;;3;2;No inventariada;;9;2;1;1;;3;1;3;;;1;998
12;3;16;39;39059;;3;2;No inventariada;;9;4;2;;;1;1;2;;;1;998
1;5;16;39;39060;;1;1;A-8;235,32;3;12;2;;;1;1;1;;;1;3
3;1;16;39;39060;;1;1;ACCESO A S;0,2;14;2;2;;;1;1;1;;;1;2
8;6;12;39;39060;;1;1;A-8;238;3;16;2;;;1;1;1;;;1;1
9;7;15;39;39060;;3;2;No inventariada;;14;10;2;;;3;1;1;;;1;998
9;4;13;39;39060;;1;1;CA-136;0,2;6;4;2;;;3;1;3;;;1;1
10;3;21;39;39060;;1;1;A-8;233,6;3;4;2;;;1;6;1;;;1;1
10;1;18;39;39060;;1;1;N-634;238,78;6;2;1;4;N-634;1;1;1;;;1;1
11;7;8;39;39060;;3;2;No inventariada;;9;16;2;;;1;1;2;;;1;998
11;3;9;39;39060;;1;1;CA-353;4,2;6;2;2;;;1;1;1;;;1;1
12;2;19;39;39060;;1;1;A-8;236,3;3;19;2;;;3;6;4;;;18;1
12;4;17;39;39060;;3;2;No inventariada;;9;1;1;2;;1;1;2;;;1;998
12;2;18;39;39060;;1;1;N-634;234,9;6;2;2;;;1;4;1;;;1;1
12;7;16;39;39060;;1;1;A-8;237,9;3;12;2;;;3;2;4;;1;4;1
12;1;18;39;39060;;1;1;A-8;239,154;3;4;2;;;3;6;3;;;1;1
2;6;14;39;0;;1;1;CA-141;18,817;6;2;1;2;;1;1;1;;;1;1
4;2;21;39;0;;1;1;CA-146;6,4;6;8;2;;;1;6;1;;;1;1
4;5;12;39;39040;;1;1;CA-141;11,5;6;4;2;;;1;1;1;;;1;1
5;5;13;39;0;;1;1;CA-146;8,4;6;2;1;2;;1;1;1;;;1;1
7;2;12;39;0;;1;1;CA-141;16,8;6;4;1;2;;1;1;1;;;1;1
7;1;13;39;0;;1;1;CA-440;0,3;6;10;1;2;;1;1;2;;;1;2
8;3;16;39;0;;1;1;CA-141;20,1;6;14;2;;;1;1;2;;;1;1