MES;DIA_SEMANA;HORA;COD_PROVINCIA;COD_MUNICIPIO;ISLA;ZONA;ZONA_AGRUPADA;CARRETERA;KM;TIPO_VIA;TIPO_ACCIDENTE;NUDO;NUDO_INFO;CARRETERA_CRUCE;CONDICION_FIRME;CONDICION_ILUMINACION;CONDICION_METEO;CONDICION_NIEBLA;CONDICION_VIENTO;VISIB_RESTRINGIDA_POR;TRAZADO_PLANTA
8;6;17;39;0;;1;1;CA-141;21;6;16;2;;;3;1;4;;;1;2
12;5;17;39;0;;1;1;CA-141;16,5;6;2;1;5;CA-422;1;1;1;;;1;1
1;7;13;39;0;;1;1;CA-455;9,95;6;2;1;2;;1;1;1;;;12;3
3;6;19;39;0;;1;1;A-8;193,065;3;12;2;;;5;2;5;;;1;1
8;5;14;39;0;;1;1;CA-146;5,2;6;1;2;;;1;1;1;;;1;1
8;6;12;39;0;;1;1;N-634;190,1;6;10;2;;;1;1;1;;;1;1
9;6;7;39;0;;1;1;A-8;189,85;3;18;2;;;3;2;4;;;1;1
10;5;13;39;0;;1;1;CA-455;13,1;6;10;2;;;8;1;2;;;1;3
12;7;19;39;0;;1;1;A-8;190,35;3;12;2;;;3;6;1;;;1;2
6;3;13;39;0;;3;2;No inventariada;;9;1;2;;;1;1;1;;;1;998
3;7;15;39;0;;1;1;CA-730;7,613;6;2;2;;;1;1;1;;;4;2
5;3;5;39;0;;1;1;CA-730;11,017;6;1;2;;;1;6;1;;;1;2
6;7;11;39;0;;1;1;CA-180;9,6;6;19;2;;;1;1;2;;;1;1
8;6;9;39;0;;1;1;CA-180;5,8;6;5;2;;;1;1;1;;;18;1
1;7;19;39;0;;1;1;CA-261;26,244;6;19;2;;;4;4;3;;;1;1
7;4;12;39;0;;1;1;CA-261;30,426;6;1;2;;;1;1;1;;;1;1
10;7;10;39;0;;1;1;CA-266;25,6;6;19;2;;;1;1;1;;;4;2
7;4;14;39;0;;1;1;CA-359;4,1;6;1;2;;;1;1;1;;;4;1
8;3;11;39;0;;1;1;CA-131;20,409;6;4;1;1;;3;1;3;;;1;4
8;2;17;39;0;;1;1;CA-131;18,564;6;4;2;;;1;1;1;;;1;1
11;4;20;39;0;;1;1;CA-135;6;6;16;2;;;1;6;1;;;1;1
3;4;22;39;0;;1;1;CA-170;5,541;6;12;2;;;1;6;1;;1;4;1
4;2;19;39;0;;1;1;CA-736;3,5;6;4;1;2;;3;1;2;;;1;1
7;5;13;39;0;;1;1;PISTA FORE;0,1;14;17;2;;;2;1;1;;;12;3
9;7;13;39;0;;1;1;CA-632;8,5;6;4;2;;;1;1;1;;;1;1
9;6;11;39;0;;1;1;No inventariada;1,05;10;12;2;;;1;1;1;;;4;3
1;6;18;39;39073;;1;1;A-67;196,859;3;16;2;;;3;1;3;;;1;1
1;2;18;39;39073;;1;1;CA-301;1,5;6;7;2;;;3;1;1;;;1;1
2;2;9;39;39073;;1;1;CA-301;2,827;6;2;1;2;;1;1;1;;;1;3
3;2;17;39;39073;;1;1;CA-303;0,4;6;2;1;4;A-67;1;1;1;;;1;4
3;1;8;39;39073;;3;2;No inventariada;;9;5;1;1;;1;1;1;;;18;998
4;3;14;39;39073;;1;1;CA-301;1,7;6;8;2;;;1;1;1;;;1;1
4;7;10;39;39073;;1;1;CA-231;0,6;6;2;1;4;CA-301;1;1;1;;;1;1
5;5;17;39;39073;;3;2;No inventariada;;9;7;1;2;;1;1;2;;;4;998
5;3;8;39;39073;;3;2;No inventariada;;9;7;2;;;1;2;1;;;6;998
5;3;20;39;39073;;3;2;No inventariada;;9;19;2;;;1;2;2;;;1;998
5;3;18;39;39073;;3;2;No inventariada;;9;4;2;;;1;1;1;;;1;998
5;2;19;39;39073;;3;2;No inventariada;;9;7;1;2;;1;2;1;;;1;998
8;4;9;39;39073;;2;2;CA-301;1,511;6;1;1;2;;3;1;3;;;1;1
8;7;11;39;39073;;3;2;No inventariada;;9;16;2;;;3;1;3;;;1;998
8;1;22;39;39073;;1;1;CA-231;3,579;6;2;1;1;CA-231;1;4;1;;;1;1
8;5;10;39;39073;;1;1;CA-231;2,5;6;6;2;;;1;1;1;;;1;1
8;5;11;39;39073;;3;2;No inventariada;;9;8;2;;;1;1;1;;;1;998
9;6;11;39;39044;;1;1;A-67;188,7;3;16;2;;;3;1;3;;;1;1
9;1;9;39;39073;;3;2;No inventariada;;9;2;1;1;;1;1;1;;;1;998
10;2;21;39;39073;;1;1;A-67;197,05;3;12;2;;;3;5;4;;;5;3
10;5;8;39;39073;;1;1;CA-231;1,7;6;7;1;4;;1;1;1;;;6;1
10;6;12;39;39073;;3;2;No inventariada;;7;2;1;2;;1;1;2;;;11;998
11;6;12;39;39073;;3;2;No inventariada;;9;7;2;;;1;1;1;;;1;998
2;6;14;39;39074;;1;1;CA-142;12,4;6;4;1;1;CA-610;1;1;1;;;1;1
3;7;11;39;39074;;3;2;No inventariada;;9;6;2;;;1;1;1;;;1;998
3;4;10;39;39074;;1;1;CA-618;4,2;6;10;2;;;1;1;1;;1;1;2
4;4;18;39;39074;;1;1;CA-142;15,4;6;2;1;2;CA-619;1;1;1;;;1;3
6;7;12;39;39074;;1;1;CA-618;2,946;6;10;1;2;CA-618;1;1;1;;;1;1
11;6;16;39;39074;;2;2;ACCESO POZ;0,35;10;10;2;;;2;1;1;;;1;1
12;4;15;39;39074;;1;1;CA-142;14,25;6;2;2;;;1;1;2;;;1;3
1;6;12;39;39075;;3;2;No inventariada;;9;2;1;4;;3;1;3;;;1;998
1;5;11;39;39075;;3;2;No inventariada;;9;7;2;;;3;1;3;;;1;998
1;4;21;39;39075;;3;2;No inventariada;;9;2;1;4;;3;4;2;;;1;998
1;6;0;39;39075;;3;2;No inventariada;;9;1;1;1;;1;4;1;;;1;998
1;1;17;39;39075;;3;2;No inventariada;;9;12;2;;;3;2;3;;;1;998
1;3;12;39;39075;;3;2;No inventariada;;9;2;1;1;;1;1;1;;;1;998
1;5;16;39;39075;;3;2;No inventariada;;14;2;1;4;;1;1;1;;;1;998
1;2;8;39;39075;;3;2;No inventariada;;9;16;1;4;;1;1;2;;;1;998
1;5;12;39;39075;;3;2;No inventariada;;9;2;2;;;3;1;3;;;16;998
1;1;15;39;39075;;3;2;No inventariada;;9;4;2;;;1;1;2;;;1;998
1;7;13;39;39075;;3;2;No inventariada;;9;7;2;;;1;1;3;;;1;998
1;1;15;39;39075;;3;2;No inventariada;;9;4;1;2;;3;1;1;;;1;998
1;4;23;39;39075;;3;2;No inventariada;;9;15;2;;;1;4;1;;;1;998
1;2;19;39;39075;;3;2;No inventariada;;9;4;2;;;3;4;3;;;1;998
1;7;19;39;39075;;1;1;S-20;4,356;3;4;2;;;1;6;2;1;;1;1
1;1;11;39;39075;;3;2;No inventariada;;9;4;2;;;3;1;1;;;1;998
1;6;19;39;39075;;3;2;No inventariada;;9;7;2;;;1;4;2;;;1;998
1;6;10;39;39075;;3;2;No inventariada;;9;10;2;;;1;1;1;;;1;998
1;2;13;39;39075;;3;2;No inventariada;;9;2;1;2;;1;1;1;;;1;998
1;2;14;39;39075;;3;2;No inventariada;;9;7;1;2;;1;1;1;;;1;998
1;6;12;39;39075;;3;2;No inventariada;;9;5;2;;;1;1;1;;;1;998
1;5;17;39;39075;;3;2;No inventariada;;9;10;1;1;;1;1;1;;;9;998
1;2;14;39;39075;;3;2;No inventariada;;9;7;1;2;;1;1;1;;;1;998
2;4;10;39;39075;;3;2;No inventariada;;7;3;1;4;;1;1;1;;;1;998
1;6;12;39;39075;;3;2;No inventariada;;9;2;2;;;1;1;1;;;1;998
1;5;10;39;39075;;3;2;No inventariada;;9;12;2;;;1;1;1;;;1;998
2;3;19;39;39075;;3;2;No inventariada;;9;2;1;2;;1;4;1;;;1;998
2;6;16;39;39075;;3;2;No inventariada;;9;2;1;4;;1;1;1;;;1;998
1;7;21;39;39075;;3;2;No inventariada;;9;2;1;1;;1;4;1;;;1;998
1;2;17;39;39075;;3;2;No inventariada;;14;2;1;4;;3;3;3;;;1;998
2;4;19;39;39075;;3;2;No inventariada;;9;7;2;;;1;4;2;;;1;998
1;5;11;39;39075;;3;2;No inventariada;;9;7;2;;;3;1;4;;;1;998
2;4;20;39;39075;;3;2;No inventariada;;9;7;1;1;;1;4;1;;;1;998
2;1;10;39;39075;;3;2;No inventariada;;9;5;2;;;3;1;3;;;1;998
2;5;19;39;39075;;3;2;No inventariada;;9;11;2;;;3;2;3;;;1;998
2;6;1;39;39075;;3;2;No inventariada;;9;2;1;4;;3;4;2;;;1;998
2;4;14;39;39075;;3;2;No inventariada;;9;19;2;;;1;1;1;;;1;998
2;7;19;39;39075;;3;2;No inventariada;;9;2;1;1;;1;4;1;;;9;998
2;6;12;39;39075;;3;2;No inventariada;;9;7;1;2;;9;1;7;;;6;998
2;2;8;39;39075;;1;1;S-20;4;3;4;2;;;3;1;3;;;18;1
2;6;7;39;39075;;3;2;No inventariada;;9;2;1;2;;3;3;1;;;1;998
2;3;19;39;39075;;3;2;No inventariada;;9;2;1;2;;1;4;1;;;1;998
1;5;10;39;39075;;3;2;No inventariada;;9;7;1;1;;1;1;6;;;11;998
2;6;11;39;39075;;3;2;No inventariada;;9;3;1;4;;1;1;1;;;1;998
2;2;8;39;39075;;3;2;No inventariada;;9;3;1;2;;1;1;1;;;1;998
2;6;10;39;39075;;3;2;No inventariada;;9;2;1;2;;1;1;1;;;1;998
2;5;14;39;39075;;3;2;No inventariada;;9;7;2;;;1;1;1;;;9;998
2;1;12;39;39075;;3;2;No inventariada;;9;3;1;2;;3;1;2;;;1;998
1;7;10;39;39075;;3;2;No inventariada;;9;4;1;2;;1;4;1;;;1;998
2;6;16;39;39075;;3;2;No inventariada;;9;4;1;4;;1;1;1;;;1;998
3;6;21;39;39075;;3;2;No inventariada;;9;7;1;1;;1;4;1;;;1;998
3;1;11;39;39075;;3;2;No inventariada;;9;2;1;4;;1;1;1;;;1;998
3;4;20;39;39075;;3;2;No inventariada;;9;3;2;;;1;4;1;;;1;998
3;1;17;39;39075;;3;2;No inventariada;;9;3;1;4;;3;1;2;;;1;998
3;7;19;39;39075;;3;2;No inventariada;;9;2;2;;;3;3;4;;;1;998
3;5;20;39;39075;;3;2;No inventariada;;9;7;2;;;3;3;3;;;1;998
3;7;20;39;39075;;3;2;No inventariada;;9;2;1;1;;3;4;3;;;1;998
3;2;15;39;39075;;3;2;No inventariada;;9;4;1;4;;1;1;1;;;1;998
3;7;13;39;39075;;3;2;No inventariada;;9;7;2;;;3;1;2;;;1;998
3;1;15;39;39075;;3;2;No inventariada;;9;4;2;;;3;1;4;;;1;998
3;1;14;39;39075;;3;2;No inventariada;;7;2;1;4;;3;1;4;;;1;998
3;7;3;39;39075;;3;2;No inventariada;;9;7;2;;;9;4;7;;;1;998
2;5;21;39;39075;;3;2;No inventariada;;9;7;2;;;3;4;4;;;5;998
3;5;16;39;39075;;1;1;S-10;1,668;7;3;2;;;1;1;1;;;1;1
3;4;9;39;39075;;3;2;No inventariada;;7;2;1;4;;1;1;1;;;1;998
3;3;11;39;39075;;3;2;No inventariada;;9;5;1;2;;1;1;1;;;1;998
3;1;11;39;39075;;3;2;No inventariada;;9;4;1;1;;3;1;3;;;1;998
3;3;18;39;39075;;3;2;No inventariada;;9;10;1;4;;1;1;1;;;1;998
2;2;19;39;39075;;3;2;No inventariada;;9;2;1;4;;1;4;1;;;1;998
2;4;13;39;39075;;3;2;No inventariada;;9;4;2;;;1;1;1;;;1;998
3;3;14;39;39075;;3;2;No inventariada;;9;5;2;;;1;1;1;;;1;998
3;5;19;39;39075;;3;2;No inventariada;;9;2;1;1;;1;1;1;;;1;998
3;6;12;39;39075;;3;2;No inventariada;;9;2;2;;;1;1;1;;;1;998
3;5;23;39;39075;;3;2;No inventariada;;9;2;1;1;;3;4;3;;;1;998
2;1;17;39;39075;;3;2;No inventariada;;9;7;2;;;1;1;1;;;1;998
3;6;10;39;39075;;3;2;No inventariada;;9;3;1;4;;1;1;2;;;1;998
3;7;15;39;39075;;3;2;No inventariada;;9;15;1;2;;1;1;1;;;1;998
3;1;12;39;39075;;3;2;No inventariada;;9;2;1;4;;1;1;1;;;1;998
4;2;15;39;39075;;3;2;No inventariada;;9;7;2;;;3;1;3;;;1;998
4;2;21;39;39075;;3;2;No inventariada;;9;2;1;2;;1;4;1;;;1;998
4;6;11;39;39075;;3;2;No inventariada;;9;20;1;4;;1;1;1;;;1;998
4;7;21;39;39075;;3;2;No inventariada;;9;7;2;;;1;4;1;;;1;998
3;4;9;39;39075;;3;2;No inventariada;;9;2;1;4;;3;1;1;;;1;998
4;3;19;39;39075;;3;2;No inventariada;;9;4;2;;;1;2;1;;;1;998
3;1;15;39;39075;;3;2;No inventariada;;9;7;2;;;1;1;1;;;1;998
3;5;8;39;39075;;3;2;No inventariada;;9;2;1;2;;1;1;1;;;1;998
3;3;15;39;39075;;3;2;No inventariada;;9;5;2;;;1;1;1;;;1;998
4;3;15;39;39075;;3;2;No inventariada;;9;4;1;4;;1;1;1;;;1;998
4;2;8;39;39075;;3;2;No inventariada;;9;2;1;2;;3;1;3;;;1;998
4;4;20;39;39075;;3;2;No inventariada;;9;2;1;1;;1;1;2;;;1;998
4;3;21;39;39075;;3;2;No inventariada;;9;5;2;;;1;4;2;;;1;998
4;2;19;39;39075;;3;2;No inventariada;;9;7;2;;;1;1;2;;;9;998
4;1;9;39;39075;;1;1;S-20;1,2;3;5;2;;;1;1;1;;;1;1
3;7;0;39;39075;;3;2;No inventariada;;9;2;1;1;;1;4;1;;;1;998
4;1;14;39;39075;;3;2;No inventariada;;9;2;2;;;1;1;1;;;1;998
4;5;11;39;39075;;3;2;No inventariada;;9;4;2;;;1;1;1;;;1;998
4;3;18;39;39075;;3;2;No inventariada;;9;4;2;;;1;1;1;;;1;998
4;6;19;39;39075;;3;2;No inventariada;;14;6;2;;;1;1;2;;;1;998
4;2;13;39;39075;;3;2;No inventariada;;9;6;1;1;;1;1;1;;;1;998
4;6;15;39;39075;;3;2;No inventariada;;9;4;2;;;1;1;2;;;1;998
4;4;9;39;39075;;3;2;No inventariada;;9;3;1;1;;1;1;3;;;1;998
4;5;23;39;39075;;3;2;No inventariada;;9;10;2;;;1;4;1;;;1;998
4;1;15;39;39075;;3;2;No inventariada;;9;2;1;4;;1;1;1;;;1;998
3;4;17;39;39075;;3;2;No inventariada;;9;7;2;;;1;1;1;;;1;998
3;3;14;39;39075;;3;2;No inventariada;;9;1;2;;;1;1;1;;;1;998
3;4;9;39;39075;;3;2;No inventariada;;9;4;2;;;3;1;1;;;1;998
4;2;13;39;39075;;3;2;No inventariada;;9;3;1;4;;1;1;1;;;1;998
4;4;16;39;39075;;3;2;No inventariada;;9;4;1;4;;1;1;1;;;1;998
4;5;18;39;39075;;3;2;No inventariada;;9;10;2;;;1;1;2;;;1;998
5;5;14;39;39075;;3;2;No inventariada;;9;3;2;;;1;1;2;;;1;998
4;6;20;39;39075;;3;2;No inventariada;;9;2;2;;;1;1;1;;;1;998
3;3;18;39;39075;;3;2;No inventariada;;9;3;1;4;;1;1;1;;;1;998
4;1;14;39;39075;;3;2;No inventariada;;9;7;1;2;;3;1;3;;;1;998
5;5;11;39;39075;;3;2;No inventariada;;9;3;1;4;;1;1;1;;;1;998
5;5;19;39;39075;;3;2;No inventariada;;9;7;2;;;1;1;1;;;2;998
4;5;14;39;39075;;3;2;No inventariada;;9;4;2;;;1;1;1;;;1;998
5;3;16;39;39075;;3;2;No inventariada;;9;4;2;;;1;1;1;;;1;998
5;6;18;39;39075;;3;2;No inventariada;;9;2;1;1;;1;1;1;;;1;998
5;2;13;39;39075;;3;2;No inventariada;;9;6;1;4;;1;1;1;;;1;998
5;3;12;39;39075;;3;2;No inventariada;;14;10;2;;;1;1;1;;;1;998
5;3;22;39;39075;;3;2;No inventariada;;9;5;2;;;3;4;3;;;5;998
5;4;13;39;39075;;3;2;No inventariada;;9;10;2;;;1;1;1;;;1;998
5;4;21;39;39075;;3;2;No inventariada;;9;10;1;4;;3;4;2;;;1;998
5;1;20;39;39075;;3;2;No inventariada;;9;16;1;1;;3;1;3;;;1;998
5;4;21;39;39075;;3;2;No inventariada;;9;2;1;2;;3;3;2;;;1;998
4;3;12;39;39075;;3;2;No inventariada;;9;3;1;4;;1;1;1;;;1;998
5;5;11;39;39075;;3;2;No inventariada;;7;10;1;4;;1;1;1;;;1;998
4;4;20;39;39075;;3;2;No inventariada;;9;3;1;1;;1;1;1;;;4;998
5;2;11;39;39075;;3;2;No inventariada;;9;4;1;2;;1;1;1;;;1;998
5;6;17;39;39075;;3;2;No inventariada;;9;11;1;4;;1;1;1;;;1;998
4;3;17;39;39075;;3;2;No inventariada;;9;3;1;2;;1;1;1;;;1;998
5;7;1;39;39075;;3;2;No inventariada;;9;7;2;;;1;4;1;;;1;998
5;4;22;39;39075;;3;2;No inventariada;;9;4;2;;;1;4;1;;;1;998
5;4;18;39;39075;;3;2;No inventariada;;9;4;1;4;;1;1;1;;;1;998
4;5;9;39;39075;;3;2;No inventariada;;9;3;1;2;;1;1;1;;;1;998
6;6;5;39;39075;;3;2;No inventariada;;9;2;1;1;;1;3;1;;;1;998
6;7;8;39;39075;;3;2;No inventariada;;9;7;1;1;;3;1;3;;;1;998
5;5;19;39;39075;;3;2;No inventariada;;14;10;2;;;1;1;2;;;1;998
5;7;13;39;39075;;3;2;No inventariada;;14;7;1;12;;1;1;1;;;1;998
5;1;19;39;39075;;3;2;No inventariada;;9;2;1;2;;1;1;1;;;1;998
5;7;13;39;39075;;3;2;No inventariada;;9;7;2;;;1;1;1;;;1;998
5;5;11;39;39075;;3;2;No inventariada;;9;4;2;;;1;1;1;;;1;998
5;3;13;39;39075;;3;2;No inventariada;;9;4;1;4;;1;1;1;;;1;998
6;6;23;39;39075;;3;2;No inventariada;;9;2;1;2;;3;4;3;;;1;998
6;2;18;39;39075;;3;2;No inventariada;;9;10;1;2;;1;1;1;;;1;998
5;7;21;39;39075;;3;2;No inventariada;;9;2;1;4;;1;3;1;;;1;998
5;4;17;39;39075;;3;2;No inventariada;;9;1;2;;;1;1;1;;;1;998
5;1;11;39;39075;;3;2;No inventariada;;9;4;1;4;;1;1;1;;;1;998
6;2;15;39;39075;;3;2;No inventariada;;9;3;2;;;1;1;1;;;1;998
6;2;20;39;39075;;3;2;No inventariada;;9;4;2;;;3;1;3;;;1;998
6;5;12;39;39075;;3;2;No inventariada;;9;19;1;2;;1;1;2;;;1;998
6;7;14;39;39075;;3;2;No inventariada;;9;2;2;;;1;1;1;;;1;998
6;6;21;39;39075;;3;2;No inventariada;;9;20;2;;;1;3;2;;;1;998
5;4;9;39;39075;;3;2;No inventariada;;9;2;1;4;;3;1;3;;;1;998
6;1;11;39;39075;;3;2;No inventariada;;9;2;1;2;;1;1;1;;;1;998
6;1;23;39;39075;;3;2;No inventariada;;9;10;1;1;;3;4;2;;;1;998
6;2;20;39;39075;;3;2;No inventariada;;9;10;2;;;3;1;3;;;1;998
6;3;19;39;39075;;3;2;No inventariada;;9;4;2;;;1;1;1;;;1;998
6;3;18;39;39075;;3;2;No inventariada;;9;7;2;;;1;1;1;;;1;998
6;7;16;39;39075;;3;2;No inventariada;;9;10;1;2;;3;1;3;;;1;998
6;2;12;39;39075;;3;2;No inventariada;;9;7;1;1;;1;1;1;;;1;998
5;4;9;39;39075;;3;2;No inventariada;;9;7;1;1;;3;1;3;;;1;998
6;6;18;39;39075;;3;2;No inventariada;;9;4;2;;;1;1;1;;;1;998
6;3;10;39;39075;;3;2;No inventariada;;9;4;2;;;1;1;2;;;1;998
6;3;15;39;39075;;3;2;No inventariada;;9;3;2;;;1;1;1;;;1;998
6;5;16;39;39075;;3;2;No inventariada;;9;4;2;;;1;1;2;;;1;998
6;7;8;39;39075;;3;2;No inventariada;;9;2;1;1;;3;1;3;;;1;998
6;1;23;39;39075;;3;2;No inventariada;;9;4;2;;;1;4;1;;;1;998
6;7;10;39;39075;;3;2;No inventariada;;9;2;2;;;1;1;1;;;1;998
6;3;17;39;39075;;3;2;No inventariada;;9;2;2;;;1;1;1;;;1;998
6;2;11;39;39075;;3;2;No inventariada;;9;6;2;;;1;1;1;;;1;998
6;5;16;39;39075;;3;2;No inventariada;;9;3;2;;;1;1;2;;;1;998
5;2;11;39;39075;;3;2;No inventariada;;9;2;1;1;;1;1;1;;;1;998
6;2;20;39;39075;;3;2;No inventariada;;14;7;2;;;1;1;1;;;1;998
6;5;12;39;39075;;3;2;No inventariada;;9;7;2;;;1;1;2;;;1;998
7;4;14;39;39075;;3;2;No inventariada;;9;10;2;;;1;1;1;;;1;998
7;6;10;39;39075;;3;2;No inventariada;;9;16;2;;;3;1;3;;;1;998
6;4;13;39;39075;;3;2;No inventariada;;9;7;2;;;1;1;1;;;1;998
6;7;18;39;39075;;3;2;No inventariada;;9;2;1;1;;1;1;1;;;1;998
7;7;6;39;39075;;3;2;No inventariada;;9;11;2;;;1;1;1;;;1;998
7;6;18;39;39075;;3;2;No inventariada;;9;4;2;;;1;1;1;;;1;998
6;4;12;39;39075;;3;2;No inventariada;;9;7;2;;;1;1;1;;;1;998
7;3;11;39;39075;;3;2;No inventariada;;9;3;2;;;1;1;1;;;9;998
7;6;13;39;39075;;3;2;No inventariada;;9;9;2;;;1;1;1;;;1;998
7;6;14;39;39075;;3;2;No inventariada;;9;2;2;;;1;1;1;;;1;998
7;3;7;39;39075;;3;2;No inventariada;;9;2;1;4;;1;1;1;;;1;998
7;3;8;39;39075;;3;2;No inventariada;;14;2;1;1;;1;1;1;;;1;998
5;3;21;39;39075;;3;2;No inventariada;;9;10;1;4;;1;1;1;;;1;998
7;4;9;39;39075;;3;2;No inventariada;;14;7;2;;;1;1;1;;;1;998
7;3;13;39;39075;;3;2;No inventariada;;9;7;2;;;1;1;1;;;1;998
7;7;15;39;39075;;3;2;No inventariada;;9;2;1;1;;1;1;1;;;1;998
6;1;10;39;39075;;3;2;No inventariada;;9;10;1;1;;1;1;1;;;1;998
7;1;22;39;39075;;3;2;No inventariada;;9;2;2;;;1;4;1;;;1;998
7;1;8;39;39075;;3;2;No inventariada;;9;2;1;4;;1;1;1;;;6;998
7;5;7;39;39075;;3;2;No inventariada;;9;4;1;2;;1;1;1;;;1;998
7;1;17;39;39075;;3;2;No inventariada;;9;2;1;2;;1;1;1;;;11;998
7;1;21;39;39075;;3;2;No inventariada;;9;16;1;4;;1;3;1;;;1;998
7;3;22;39;39075;;3;2;No inventariada;;9;7;2;;;1;4;1;;;9;998
7;3;20;39;39075;;3;2;No inventariada;;9;10;2;;;1;1;2;;;1;998
7;3;20;39;39075;;3;2;No inventariada;;9;4;2;;;1;1;1;;;1;998
7;5;7;39;39075;;3;2;No inventariada;;9;2;1;1;;3;1;2;;;1;998
7;3;14;39;39075;;3;2;No inventariada;;11;7;2;;;1;1;1;;;1;998
8;5;11;39;39075;;1;1;S-10;2,1;3;5;2;;;1;1;1;;;1;1
6;4;16;39;39075;;3;2;No inventariada;;9;7;2;;;1;1;2;;;1;998
7;4;13;39;39075;;3;2;No inventariada;;9;2;2;;;1;1;2;;;1;998
8;6;17;39;39075;;3;2;No inventariada;;9;7;1;2;;1;1;1;;;1;998
7;1;19;39;39075;;3;2;No inventariada;;9;6;2;;;1;1;1;;;1;998
7;5;17;39;39075;;3;2;No inventariada;;9;1;2;;;1;1;1;;;1;998
7;1;8;39;39075;;3;2;No inventariada;;9;3;2;;;3;1;2;;;1;998
7;3;19;39;39075;;3;2;No inventariada;;9;10;2;;;1;1;2;;;1;998
8;3;9;39;39075;;3;2;No inventariada;;9;4;2;;;3;1;3;;;1;998
7;3;14;39;39075;;3;2;No inventariada;;9;7;2;;;1;1;1;;;1;998
7;6;20;39;39075;;3;2;No inventariada;;9;4;1;2;;3;1;4;;;5;998
8;4;12;39;39075;;3;2;No inventariada;;14;10;1;2;;1;1;2;;;1;998
8;5;22;39;39075;;3;2;No inventariada;;9;3;1;1;;1;4;1;;;1;998
7;3;8;39;39075;;3;2;No inventariada;;9;2;1;4;;1;1;1;;;1;998
8;5;23;39;39075;;3;2;No inventariada;;9;2;1;1;;1;4;1;;;1;998
6;4;18;39;39075;;3;2;No inventariada;;9;2;2;;;1;1;2;;;1;998
6;2;13;39;39075;;3;2;No inventariada;;9;5;2;;;1;1;1;;;1;998
8;1;22;39;39075;;3;2;No inventariada;;9;2;1;4;;3;4;3;;;1;998
8;3;9;39;39075;;3;2;No inventariada;;9;10;2;;;3;1;3;;;1;998
8;1;14;39;39075;;3;2;No inventariada;;9;2;1;2;;1;1;1;;;1;998
8;2;21;39;39075;;3;2;No inventariada;;9;20;1;2;;1;4;2;;;1;998
8;1;14;39;39075;;3;2;No inventariada;;9;2;2;;;1;4;2;;;1;998
7;1;20;39;39075;;3;2;No inventariada;;9;2;1;2;;1;1;1;;;1;998
7;3;19;39;39075;;3;2;No inventariada;;9;4;2;;;1;1;1;;;1;998
8;3;13;39;39075;;3;2;No inventariada;;9;2;1;2;;3;1;2;;;1;998
8;1;11;39;39075;;3;2;No inventariada;;9;10;2;;;8;1;2;;;1;998
8;3;19;39;39075;;3;2;No inventariada;;9;4;1;4;;1;1;1;;;1;998
8;1;19;39;39075;;3;2;No inventariada;;9;4;2;;;1;1;1;;;1;998
8;4;22;39;39075;;3;2;No inventariada;;9;2;1;4;;1;4;1;;;1;998
8;4;20;39;39075;;3;2;No inventariada;;9;2;1;4;;1;1;1;;;1;998
8;1;3;39;39075;;3;2;No inventariada;;9;14;2;;;1;4;1;;;1;998
7;6;3;39;39075;;3;2;No inventariada;;9;7;2;;;1;4;1;;;1;998
8;1;14;39;39075;;3;2;No inventariada;;9;7;1;2;;1;1;1;;;1;998
8;3;12;39;39075;;3;2;No inventariada;;9;4;1;2;;1;1;1;;;1;998
8;5;18;39;39075;;3;2;No inventariada;;9;7;2;;;1;1;1;;;1;998
8;4;23;39;39075;;3;2;No inventariada;;9;10;2;;;1;3;1;;;1;998
7;1;7;39;39075;;3;2;No inventariada;;9;10;1;12;;1;1;1;;;1;998
7;3;15;39;39075;;3;2;No inventariada;;9;2;2;;;1;1;1;;;1;998
8;5;19;39;39075;;3;2;No inventariada;;9;2;1;2;;1;1;1;;;1;998
8;6;11;39;39075;;3;2;No inventariada;;9;7;1;2;;1;1;1;;;1;998
8;7;17;39;39075;;3;2;No inventariada;;9;4;2;;;1;1;1;;;1;998
8;4;22;39;39075;;3;2;No inventariada;;9;2;1;1;;3;4;3;;;1;998
8;2;18;39;39075;;3;2;No inventariada;;9;5;1;4;;3;1;3;;;1;998
7;3;11;39;39075;;3;2;No inventariada;;9;10;2;;;1;1;2;;;1;998
8;2;9;39;39075;;3;2;No inventariada;;9;10;2;;;1;1;1;;;1;998
9;7;23;39;39075;;3;2;No inventariada;;9;10;2;;;1;4;1;;;1;998