MES;DIA_SEMANA;HORA;COD_PROVINCIA;COD_MUNICIPIO;ISLA;ZONA;ZONA_AGRUPADA;CARRETERA;KM;TIPO_VIA;TIPO_ACCIDENTE;NUDO;NUDO_INFO;CARRETERA_CRUCE;CONDICION_FIRME;CONDICION_ILUMINACION;CONDICION_METEO;CONDICION_NIEBLA;CONDICION_VIENTO;VISIB_RESTRINGIDA_POR;TRAZADO_PLANTA
9;2;14;39;39016;;1;1;A-67;201,697;3;4;1;11;A-67;1;1;2;;;18;4
8;6;19;39;39075;;3;2;No inventariada;;7;10;1;4;;3;1;3;;;1;998
8;1;16;39;39075;;3;2;No inventariada;;9;2;1;1;;1;1;1;;;1;998
9;7;3;39;39075;;3;2;No inventariada;;9;7;2;;;3;4;4;;;1;998
8;4;5;39;39075;;3;2;No inventariada;;9;6;2;;;1;4;1;;;1;998
9;3;15;39;39075;;3;2;No inventariada;;14;11;2;;;3;1;3;;;1;998
8;1;18;39;39075;;3;2;No inventariada;;9;2;1;2;;1;1;1;;;1;998
8;4;17;39;39075;;3;2;No inventariada;;9;7;2;;;1;1;2;;;1;998
5;3;12;39;39075;;3;2;No inventariada;;13;10;2;;;1;1;1;;;1;998
9;1;18;39;39075;;3;2;No inventariada;;13;6;2;;;3;1;4;;;5;998
9;7;11;39;39075;;3;2;No inventariada;;9;3;1;4;;1;1;1;;;1;998
9;4;16;39;39075;;3;2;No inventariada;;9;2;1;1;;3;1;3;;;1;998
8;6;13;39;39075;;3;2;No inventariada;;9;6;1;4;;1;1;1;;;1;998
9;5;10;39;39075;;3;2;No inventariada;;9;4;2;;;1;1;1;;;1;998
8;4;18;39;39075;;3;2;No inventariada;;9;4;2;;;1;1;1;;;1;998
9;1;9;39;39075;;3;2;No inventariada;;14;4;2;;;1;1;1;;;1;998
7;2;18;39;39075;;3;2;No inventariada;;9;2;1;4;;1;1;3;;;1;998
9;2;15;39;39075;;1;1;S-10;1,6;3;4;1;2;S-10;1;1;1;;;1;2
9;7;14;39;39075;;3;2;No inventariada;;9;7;2;;;1;1;1;;;1;998
9;6;22;39;39075;;3;2;No inventariada;;9;2;2;;;1;4;1;;;1;998
9;2;20;39;39075;;3;2;No inventariada;;9;2;1;2;;1;3;1;;;1;998
9;3;17;39;39075;;3;2;No inventariada;;9;3;1;4;;1;1;1;;;1;998
9;1;13;39;39075;;3;2;No inventariada;;9;7;1;2;;1;1;2;;;1;998
9;3;13;39;39075;;3;2;No inventariada;;9;10;2;;;3;1;3;;;1;998
9;4;7;39;39075;;3;2;No inventariada;;9;3;1;4;;3;1;3;;;1;998
8;5;23;39;39075;;3;2;No inventariada;;9;7;2;;;1;4;2;;;1;998
7;2;16;39;39075;;3;2;No inventariada;;9;3;2;;;1;1;1;;;1;998
9;2;12;39;39075;;1;1;CA-130;0,17;6;10;2;;;1;1;1;;;1;1
9;3;9;39;39075;;3;2;No inventariada;;9;2;1;2;;1;1;1;;;1;998
9;4;10;39;39075;;3;2;No inventariada;;9;7;2;;;1;1;1;;;1;998
9;3;21;39;39075;;3;2;No inventariada;;9;2;1;4;;1;4;3;;;1;998
9;2;18;39;39075;;3;2;No inventariada;;14;5;2;;;1;5;1;;;1;998
7;3;18;39;39075;;3;2;No inventariada;;9;11;2;;;1;1;1;;;1;998
9;3;15;39;39075;;3;2;No inventariada;;7;2;1;4;;1;1;1;;;1;998
8;3;17;39;39075;;3;2;No inventariada;;9;7;2;;;1;1;2;;;1;998
8;2;11;39;39075;;3;2;No inventariada;;9;4;2;;;1;1;1;;;1;998
7;2;12;39;39075;;3;2;No inventariada;;9;4;2;;;1;1;2;;;1;998
10;2;0;39;39075;;3;2;No inventariada;;9;2;1;4;;1;4;1;;;1;998
9;1;22;39;39075;;3;2;No inventariada;;9;12;2;;;1;4;1;;;1;998
9;2;16;39;39075;;3;2;No inventariada;;11;4;2;;;1;1;2;;;1;998
9;6;23;39;39075;;3;2;No inventariada;;9;10;2;;;1;4;2;;;1;998
7;3;11;39;39075;;3;2;No inventariada;;9;2;1;4;;1;1;1;;;1;998
10;2;9;39;39075;;1;1;S-20;2,1;3;4;2;;;3;1;3;;;1;3
9;3;14;39;39075;;3;2;No inventariada;;9;4;1;1;;1;1;1;;;1;998
10;4;22;39;39075;;3;2;No inventariada;;9;7;2;;;1;4;1;;;1;998
8;3;6;39;39075;;3;2;No inventariada;;9;6;2;;;3;4;3;;;1;998
10;4;9;39;39075;;3;2;No inventariada;;9;5;2;;;1;1;2;;;1;998
10;6;21;39;39075;;3;2;No inventariada;;9;2;2;;;3;4;1;;;1;998
10;7;22;39;39075;;3;2;No inventariada;;9;10;1;4;;1;4;1;;;1;998
7;6;12;39;39075;;3;2;No inventariada;;9;19;2;;;1;1;1;;;1;998
10;1;18;39;39075;;3;2;No inventariada;;9;7;2;;;1;1;1;;;6;998
9;5;21;39;39075;;3;2;No inventariada;;9;3;1;1;;1;4;2;;;1;998
10;3;10;39;39075;;3;2;No inventariada;;9;10;2;;;1;1;3;;1;1;998
9;5;16;39;39075;;3;2;No inventariada;;9;2;1;4;;1;1;1;;;1;998
10;1;8;39;39075;;3;2;No inventariada;;9;4;2;;;1;2;2;;;1;998
9;4;18;39;39075;;3;2;No inventariada;;9;4;2;;;3;1;3;;;13;998
10;4;21;39;39075;;3;2;No inventariada;;9;5;2;;;1;5;1;;;4;998
8;6;0;39;39075;;3;2;No inventariada;;9;3;1;4;;1;4;1;;;1;998
10;5;13;39;39075;;3;2;No inventariada;;9;7;1;1;;1;1;2;;;1;998
9;5;20;39;39075;;3;2;No inventariada;;9;7;2;;;3;4;4;;;5;998
8;7;3;39;39075;;3;2;No inventariada;;9;2;1;1;;3;4;2;;;1;998
8;5;7;39;39075;;3;2;No inventariada;;14;4;1;4;;3;3;2;;;1;998
10;5;13;39;39075;;3;2;No inventariada;;7;4;1;4;;1;1;1;;;1;998
10;4;18;39;39075;;3;2;No inventariada;;9;4;2;;;1;1;1;;;1;998
9;6;22;39;39075;;3;2;No inventariada;;14;7;2;;;1;4;1;;;3;998
10;7;0;39;39075;;3;2;No inventariada;;9;2;1;4;;1;4;1;;;1;998
9;6;17;39;39075;;3;2;No inventariada;;9;4;2;;;1;1;1;;;1;998
8;1;21;39;39075;;3;2;No inventariada;;9;2;2;;;1;1;1;;;1;998
10;3;8;39;39075;;3;2;No inventariada;;9;7;1;1;;3;3;4;;;1;998
10;5;11;39;39075;;3;2;No inventariada;;9;9;2;;;1;1;1;;;1;998
8;6;19;39;39075;;3;2;No inventariada;;9;10;2;;;3;1;3;;;1;998
10;1;10;39;39075;;3;2;No inventariada;;9;3;1;1;;1;1;2;;;1;998
10;3;19;39;39075;;1;1;S-20;2,42;3;4;2;;;1;6;1;;;5;1
9;1;18;39;39075;;3;2;No inventariada;;9;2;1;2;;1;1;1;;;1;998
10;1;18;39;39075;;3;2;No inventariada;;9;10;2;;;3;2;3;;;1;998
8;6;11;39;39075;;3;2;No inventariada;;9;5;2;;;1;1;1;;;1;998
10;3;17;39;39075;;3;2;No inventariada;;9;7;2;;;3;1;3;;;1;998
8;5;14;39;39075;;3;2;No inventariada;;9;2;1;1;;1;1;1;;;1;998
10;5;9;39;39075;;3;2;No inventariada;;9;2;1;4;;3;1;2;;;1;998
10;7;17;39;39075;;3;2;No inventariada;;9;2;1;4;;1;1;1;;;1;998
10;5;18;39;39075;;3;2;No inventariada;;9;5;2;;;3;1;4;;;1;998
8;6;12;39;39075;;3;2;No inventariada;;9;4;2;;;1;1;1;;;1;998
8;6;18;39;39075;;3;2;No inventariada;;9;4;2;;;3;1;3;;;1;998
9;7;11;39;39075;;3;2;No inventariada;;9;7;2;;;3;1;1;;;1;998
10;5;14;39;39075;;3;2;No inventariada;;9;12;2;;;1;1;2;;;1;998
9;7;13;39;39075;;3;2;No inventariada;;9;2;1;1;;1;1;1;;;9;998
8;1;21;39;39075;;3;2;No inventariada;;9;10;2;;;1;3;1;;;1;998
8;1;18;39;39075;;3;2;No inventariada;;9;2;2;;;1;1;1;;;4;998
10;4;21;39;39075;;3;2;No inventariada;;9;2;1;2;;1;4;1;;;1;998
10;1;7;39;39075;;3;2;No inventariada;;9;2;1;4;;1;1;1;;;1;998
10;3;14;39;39075;;3;2;No inventariada;;9;7;2;;;3;1;3;;;1;998
9;6;11;39;39075;;3;2;No inventariada;;9;7;2;;;1;1;1;;;1;998
10;4;13;39;39075;;3;2;No inventariada;;9;7;1;2;;1;1;1;;;1;998
10;1;10;39;39075;;3;2;No inventariada;;9;3;2;;;1;1;1;;;1;998
11;1;9;39;39075;;3;2;No inventariada;;9;20;1;2;;1;1;1;;;1;998
11;2;10;39;39075;;3;2;No inventariada;;9;2;1;4;;1;1;1;;;1;998
11;3;12;39;39075;;3;2;No inventariada;;9;2;1;2;;1;1;1;;;9;998
11;3;10;39;39075;;3;2;No inventariada;;9;7;2;;;1;1;1;;;1;998
11;1;13;39;39075;;3;2;No inventariada;;9;6;2;;;1;1;1;;;1;998
9;5;20;39;39075;;3;2;No inventariada;;9;7;2;;;1;1;1;;;1;998
10;5;15;39;39075;;3;2;No inventariada;;9;3;2;;;1;1;2;;;1;998
10;4;19;39;39075;;3;2;No inventariada;;14;5;2;;;1;4;1;;;1;998
11;4;19;39;39075;;1;1;S-10;1,759;3;10;2;;;1;6;1;;;1;1
10;3;9;39;39075;;3;2;No inventariada;;9;7;2;;;1;1;1;;;6;998
11;4;23;39;39075;;3;2;No inventariada;;9;6;2;;;1;4;1;;;1;998
11;6;23;39;39075;;3;2;No inventariada;;9;4;1;2;;1;4;1;;;1;998
9;6;10;39;39075;;3;2;No inventariada;;9;3;1;4;;1;1;1;;;1;998
9;3;16;39;39075;;3;2;No inventariada;;9;7;2;;;1;1;1;;;1;998
11;2;14;39;39016;;1;1;A-67;201,697;3;4;1;2;N-623;1;1;2;;;1;3
8;5;21;39;39075;;3;2;No inventariada;;9;4;2;;;1;4;1;;;1;998
10;3;12;39;39075;;3;2;No inventariada;;9;3;1;4;;1;1;1;;;1;998
11;6;17;39;39075;;3;2;No inventariada;;9;1;2;;;1;1;1;;;1;998
11;5;22;39;39075;;3;2;No inventariada;;9;19;1;4;;1;4;1;;;1;998
11;4;8;39;39075;;3;2;No inventariada;;9;4;2;;;1;1;2;;;1;998
11;3;22;39;39075;;3;2;No inventariada;;9;2;2;;;3;4;3;;;1;998
11;4;13;39;39075;;3;2;No inventariada;;9;4;2;;;1;1;1;;;1;998
11;3;16;39;39075;;3;2;No inventariada;;9;3;2;;;1;1;1;;;1;998
11;5;11;39;39075;;3;2;No inventariada;;9;2;2;;;1;1;1;;;1;998
10;6;19;39;39075;;3;2;No inventariada;;9;7;2;;;1;4;1;;;1;998
11;4;21;39;39075;;3;2;No inventariada;;9;2;1;2;;1;4;1;;;1;998
11;6;5;39;39075;;3;2;No inventariada;;9;4;2;;;1;4;1;;;1;998
11;6;10;39;39075;;3;2;No inventariada;;9;2;1;4;;1;1;1;;;1;998
10;5;19;39;39075;;3;2;No inventariada;;9;1;1;2;;3;4;4;;;5;998
11;1;10;39;39075;;3;2;No inventariada;;9;2;1;2;;1;1;2;;;4;998
11;3;8;39;39075;;3;2;No inventariada;;14;4;2;;;3;1;2;;;1;998
11;3;22;39;39075;;3;2;No inventariada;;9;3;1;4;;3;4;3;;;1;998
10;1;7;39;39075;;3;2;No inventariada;;9;2;1;4;;1;4;2;;;1;998
11;4;9;39;39075;;3;2;No inventariada;;9;7;2;;;1;2;1;;;6;998
11;4;9;39;39075;;3;2;No inventariada;;9;4;2;;;1;1;1;;;1;998
12;7;11;39;39075;;1;1;S-10;1,626;3;14;2;;;3;1;3;;1;1;3
11;7;15;39;39075;;3;2;No inventariada;;9;3;2;;;1;1;1;;;1;998
11;2;20;39;39075;;3;2;No inventariada;;9;7;2;;;3;4;4;;;1;998
12;1;14;39;39075;;3;2;No inventariada;;9;5;2;;;3;1;3;;;1;998
11;6;16;39;39075;;3;2;No inventariada;;9;2;1;4;;1;1;1;;;1;998
11;5;12;39;39075;;3;2;No inventariada;;9;4;2;;;3;1;1;;;1;998
10;5;17;39;39075;;3;2;No inventariada;;9;4;2;;;1;1;2;;;1;998
12;2;19;39;39075;;3;2;No inventariada;;9;7;2;;;3;3;3;;;1;998
12;4;12;39;39075;;3;2;No inventariada;;9;7;1;1;;1;1;1;;;6;998
12;6;2;39;39075;;3;2;No inventariada;;9;19;2;;;1;4;2;;;1;998
12;3;17;39;39075;;3;2;No inventariada;;9;2;1;2;;1;1;1;;;1;998
12;7;22;39;39075;;3;2;No inventariada;;9;2;1;1;;1;4;1;;;1;998
12;1;7;39;39075;;3;2;No inventariada;;9;7;2;;;1;4;1;;;1;998
12;4;9;39;39075;;3;2;No inventariada;;9;7;2;;;1;1;1;;;1;998
12;4;10;39;39075;;3;2;No inventariada;;7;2;1;4;;1;1;1;;;6;998
12;1;12;39;39075;;3;2;No inventariada;;9;4;2;;;1;1;1;;;1;998
12;1;18;39;39075;;3;2;No inventariada;;9;7;1;1;;1;4;1;;;1;998
12;5;21;39;39075;;3;2;No inventariada;;9;7;2;;;3;4;2;;;1;998
12;5;20;39;39075;;3;2;No inventariada;;9;11;2;;;3;4;3;;;1;998
12;5;21;39;39075;;3;2;No inventariada;;9;4;2;;;3;4;2;;;1;998
12;7;10;39;39075;;3;2;No inventariada;;9;4;2;;;1;1;2;;;1;998
12;6;12;39;39075;;3;2;No inventariada;;9;7;2;;;1;1;1;;;1;998
12;7;5;39;39075;;3;2;No inventariada;;9;2;1;4;;3;4;3;;;1;998
12;2;20;39;39075;;3;2;No inventariada;;9;2;1;4;;1;4;1;;;1;998
11;6;18;39;39075;;3;2;No inventariada;;9;7;2;;;1;4;2;;;1;998
12;4;13;39;39075;;3;2;No inventariada;;9;7;2;;;1;1;1;;;1;998
12;1;16;39;39075;;3;2;No inventariada;;9;5;2;;;1;1;1;;;1;998
12;4;8;39;39075;;3;2;No inventariada;;9;4;2;;;3;4;3;;;1;998
12;5;22;39;39075;;3;2;No inventariada;;9;16;1;4;;1;4;2;;;1;998
12;2;11;39;39075;;3;2;No inventariada;;9;3;2;;;1;1;3;;;1;998
12;6;16;39;39075;;3;2;No inventariada;;9;10;2;;;3;1;7;;;1;998
12;1;12;39;39075;;1;1;S-10;1,95;3;5;2;;;1;1;1;;;1;1
12;3;9;39;39075;;3;2;No inventariada;;9;10;2;;;3;1;3;;;1;998
12;1;18;39;39075;;1;1;S-10;2;3;5;2;;;1;6;2;;;1;1
12;2;20;39;39075;;3;2;No inventariada;;9;7;2;;;3;4;2;;;1;998
12;6;19;39;39075;;3;2;No inventariada;;9;7;2;;;3;4;3;;;1;998
1;5;16;39;39087;;1;1;CA-131;0,4;6;4;2;;;1;1;1;;;1;1
3;4;18;39;0;;1;1;CA-131;2,7;6;4;2;;;1;1;2;;;2;1
5;3;13;39;0;;1;1;CA-131;4,25;6;2;1;2;;1;1;1;;;1;1
6;6;10;39;0;;1;1;CA-351;1,9;6;19;2;;;3;1;2;;;1;2
6;1;9;39;0;;1;1;CA-134;0,67;6;2;1;2;;3;1;3;;;1;1
7;2;14;39;0;;3;2;No inventariada;;9;12;2;;;1;1;1;;;1;998
8;1;17;39;0;;2;2;CA-131;6,1;6;7;1;2;;1;1;1;;;1;1
9;2;13;39;0;;1;1;CA-132;0,5;6;3;2;;;1;1;1;;;1;1
3;2;10;39;0;;1;1;N-623;114,8;6;4;2;;;1;1;1;;;1;1
1;1;13;39;39079;;3;2;No inventariada;;9;20;1;2;;1;1;1;;;1;998
3;2;17;39;0;;1;1;CA-241;4,281;6;5;1;2;;1;1;1;;;1;1
2;4;11;39;39079;;3;2;No inventariada;;9;7;1;1;;1;1;1;;;18;998
6;7;1;39;0;;1;1;CA-241;3,565;6;18;2;;;3;6;3;;;1;1
3;6;21;39;39079;;3;2;No inventariada;;9;4;1;2;;1;3;1;;;1;998
4;3;15;39;39079;;3;2;No inventariada;;9;7;2;;;1;1;1;;;1;998
4;2;15;39;39079;;3;2;No inventariada;;9;2;1;1;;1;1;1;;;9;998
9;1;18;39;0;;1;1;CA-241;3,6;6;1;2;;;1;1;1;;;1;3
9;5;17;39;39079;;1;1;CA-907;0,65;6;1;2;;;1;1;1;;;2;1
7;2;11;39;39079;;3;2;No inventariada;;9;6;2;;;1;1;1;;;1;998
7;6;20;39;39079;;3;2;No inventariada;;9;2;1;1;;3;1;3;;;1;998
8;5;10;39;39079;;3;2;No inventariada;;9;3;1;2;;1;1;1;;;1;998
8;7;19;39;39079;;3;2;No inventariada;;9;7;2;;;1;1;1;;;1;998
11;5;11;39;39079;;3;2;No inventariada;;9;6;1;1;;1;1;1;;;1;998
12;5;14;39;39079;;3;2;No inventariada;;9;7;1;2;;1;1;1;;;18;998
12;1;17;39;39079;;1;1;CA-141;35,6;6;2;1;4;CA-907;1;1;1;;;1;1
7;1;10;39;0;;1;1;A-8;263;3;4;2;;;1;1;1;;;1;1
7;2;13;39;0;;1;1;CA-131;28,435;6;18;2;;;1;1;2;;;1;2
8;7;0;39;0;;1;1;A-8;265,5;3;16;2;;;1;6;1;;;1;1
10;6;14;39;0;;1;1;CA-131;28,4;6;17;2;;;1;1;1;;;1;2
11;4;8;39;0;;1;1;N-634;269,1;6;7;2;;;1;1;1;;;5;1
5;1;15;39;0;;1;1;MONTESARO;1,05;10;1;2;;;1;1;1;;;4;3
8;5;19;39;0;;1;1;CA-621;0,3;6;10;2;;;2;1;7;;;1;3
9;1;20;39;0;;1;1;COTERILLO;1;14;13;2;;;1;2;1;;;1;3
2;6;3;39;0;;1;1;CA-142;26,2;6;16;2;;;1;4;1;;;1;3
4;6;13;39;0;;1;1;CA-264;3,8;6;19;2;;;1;1;1;;;1;3
5;6;10;39;0;;1;1;CV 1;1,014;10;2;2;;;3;1;1;;;17;3
8;4;10;39;0;;1;1;CA-623;1,4;6;3;2;;;1;1;1;;;1;1
11;6;10;39;0;;1;1;CA-264;6,65;6;10;2;;;2;1;1;;;4;3
1;6;12;39;0;;1;1;N-629;49;6;13;2;;;3;1;3;1;;1;1
3;7;5;39;0;;1;1;CA-256;5,502;6;16;2;;;3;6;2;;;1;2
12;1;2;39;0;;1;1;N-629;52;6;12;2;;;3;6;3;;;1;2
8;5;0;39;0;;1;1;CA-675;1,461;6;20;2;;;1;4;1;;;1;1
1;3;22;39;39085;;1;1;CA-132;1,5;6;2;1;2;;1;4;1;;;2;1
2;4;19;39;39085;;1;1;CA-132;0,8;6;4;2;;;3;4;4;;;5;1
4;7;14;39;39085;;1;1;CA-132;4,4;6;4;1;2;;1;1;1;;;1;1
5;4;13;39;39085;;1;1;CA-132;4;6;12;1;2;;3;1;3;;;1;1
6;6;21;39;39085;;3;2;No inventariada;;9;7;1;2;;1;1;1;;;1;998
1;4;20;39;39085;;3;2;No inventariada;;9;1;1;1;;1;4;1;;;1;998
2;5;20;39;39085;;3;2;No inventariada;;9;7;1;2;;3;4;3;;;1;998
3;1;10;39;39085;;3;2;No inventariada;;9;7;1;1;;1;1;1;;;1;998
7;3;23;39;39085;;1;1;CA-132;4,73;6;16;2;;;1;4;1;;;1;3
10;7;11;39;39085;;1;1;CA-132;4,5;6;2;2;;;1;1;1;;;1;2
10;7;14;39;39085;;1;1;CA-132;4,4;6;4;1;2;;1;1;1;;;1;1
8;4;14;39;0;;1;1;CA-817;0,05;6;20;2;;;1;1;1;;;1;3
1;4;13;39;39087;;1;1;A-8;231,1;3;15;2;;;8;1;2;;;1;3
1;5;14;39;39054;;1;1;A-67;185,779;3;4;2;;;1;1;1;;;1;1
1;2;8;39;39087;;1;1;A-8;226,9;3;4;2;;;3;1;3;;;1;1
1;3;9;39;39087;;1;1;A-8;232;3;4;1;4;N-634a;1;1;1;;;1;2
1;5;15;39;39087;;3;2;No inventariada;;9;4;2;;;1;1;1;;;1;998
1;3;10;39;39087;;3;2;No inventariada;;9;7;1;1;;1;1;1;;;1;998
1;6;13;39;39087;;3;2;No inventariada;;9;1;1;1;;1;1;1;;;1;998
1;2;17;39;39087;;3;2;No inventariada;;9;4;2;;;1;1;1;;;1;998
3;5;9;39;39087;;1;1;A-67;183,1;3;5;2;;;1;1;1;;;1;1
3;6;19;39;39087;;1;1;A-8;227,669;3;3;2;;;1;6;1;;;1;3
3;2;14;39;39087;;2;2;CA-331;5;6;7;2;;;1;1;1;;;1;1
4;5;7;39;39087;;1;1;A-8;226,991;3;4;2;;;1;1;1;;;1;1
4;6;0;39;39087;;2;2;N-634a;2;6;17;1;2;CA-334;1;4;1;;;18;3
2;1;15;39;39087;;2;2;N-634a;224;6;19;2;;;1;1;1;;;1;3
2;2;19;39;39087;;3;2;No inventariada;;9;2;2;;;1;1;1;;;1;998
2;5;17;39;39087;;3;2;No inventariada;;9;7;2;;;1;1;1;;;1;998
2;5;15;39;39087;;2;2;N-634a;232;6;7;1;2;A-67;1;1;1;;;1;1
3;4;12;39;39087;;3;2;No inventariada;;9;7;1;2;;1;1;1;;;12;998
3;7;16;39;39087;;3;2;No inventariada;;9;3;1;4;;1;1;1;;;1;998
3;1;18;39;39087;;3;2;No inventariada;;9;7;2;;;1;1;1;;;1;998
3;6;14;39;39087;;3;2;No inventariada;;9;4;2;;;1;1;1;;;1;998
3;1;22;39;39087;;3;2;No inventariada;;9;2;1;2;;1;4;1;;;1;998
3;2;17;39;39087;;3;2;No inventariada;;9;7;2;;;1;1;1;;;1;998
3;1;10;39;39087;;3;2;No inventariada;;9;4;1;4;;1;1;1;;;1;998
3;1;20;39;39087;;3;2;No inventariada;;9;7;2;;;3;4;3;;;1;998
4;7;17;39;39087;;3;2;No inventariada;;9;4;1;4;;1;1;1;;;1;998
4;3;14;39;39087;;3;2;No inventariada;;9;7;2;;;1;1;1;;;1;998
6;7;0;39;39087;;1;1;A-67;182,7;3;19;2;;;3;1;3;;;1;2
7;2;11;39;39087;;1;1;A-8;232;3;3;2;;;1;1;2;;;1;4
7;7;19;39;39087;;1;1;A-8;231,18;3;5;2;;;1;1;1;;;1;1
7;2;6;39;39087;;1;1;A-8;228,1;3;3;2;;;1;1;1;;;1;1
8;2;8;39;39087;;1;1;CA-131;0,6;6;3;2;;;1;3;1;;;1;1
4;7;11;39;39087;;3;2;No inventariada;;9;7;1;4;;3;1;3;;;1;998
4;2;23;39;39087;;3;2;No inventariada;;9;1;2;;;1;4;1;;;1;998
4;1;17;39;39087;;3;2;No inventariada;;9;2;1;1;;3;1;3;;;1;998
4;3;12;39;39087;;2;2;CA-331;1;6;4;2;;;1;1;1;;;1;1
5;4;12;39;39087;;3;2;No inventariada;;9;4;2;;;1;1;1;;;1;998
5;7;12;39;39087;;3;2;No inventariada;;9;3;1;4;;1;1;1;;;1;998
5;4;16;39;39087;;3;2;No inventariada;;9;3;2;;;1;1;1;;;1;998
6;1;17;39;39087;;3;2;No inventariada;;9;7;2;;;1;1;1;;;18;998
5;4;11;39;39087;;3;2;No inventariada;;9;3;1;4;;1;1;1;;;1;998
6;6;20;39;39087;;3;2;No inventariada;;9;4;2;;;1;1;1;;;1;998
6;4;17;39;39087;;3;2;No inventariada;;9;3;2;;;1;1;1;;;1;998
6;7;16;39;39087;;3;2;No inventariada;;9;3;1;1;;1;1;1;;;1;998
6;1;18;39;39087;;3;2;No inventariada;;9;7;2;;;1;1;1;;;1;998
6;2;14;39;39087;;3;2;No inventariada;;9;7;2;;;1;1;1;;;1;998
6;2;15;39;39087;;1;1;CA-700;1;6;7;2;;;1;1;1;;;1;1
6;1;11;39;39087;;3;2;No inventariada;;9;7;2;;;1;1;1;;;1;998
6;1;13;39;39087;;3;2;No inventariada;;9;4;2;;;1;1;1;;;1;998
6;5;13;39;39087;;3;2;No inventariada;;9;4;2;;;1;1;1;;;1;998
6;1;18;39;39087;;1;1;N-634a;1;6;7;1;1;CA-330;1;1;1;;;1;1
6;6;13;39;39087;;3;2;No inventariada;;9;4;2;;;1;1;1;;;1;998
6;2;17;39;39087;;3;2;No inventariada;;9;7;2;;;1;1;1;;;1;998
6;2;12;39;39087;;3;2;No inventariada;;9;7;1;4;;1;1;1;;;1;998
9;1;12;39;39087;;1;1;CA-131;0,2;6;4;2;;;1;1;1;;;1;1
9;4;7;39;39087;;1;1;A-8;232;3;12;2;;;3;6;3;;;5;1
7;1;9;39;39087;;3;2;No inventariada;;9;3;2;;;3;1;2;;;1;998
7;2;11;39;39087;;3;2;No inventariada;;9;7;2;;;1;1;1;;;1;998
7;6;14;39;39087;;3;2;No inventariada;;9;7;2;;;3;1;3;;;1;998
10;4;12;39;39087;;1;1;A-8;227,8;3;14;2;;;3;1;3;;;1;3
10;5;14;39;39087;;1;1;A-8;232,25;3;4;1;4;;1;1;1;;;1;1
7;4;14;39;39087;;3;2;No inventariada;;9;3;1;4;;1;1;1;;;1;998
7;4;9;39;39087;;3;2;No inventariada;;9;4;2;;;1;1;1;;;1;998
7;2;15;39;39087;;3;2;No inventariada;;9;7;2;;;1;1;1;;;1;998
10;4;16;39;39087;;1;1;A-67;184,566;3;4;2;;;1;1;1;;;4;2
7;7;18;39;39087;;3;2;No inventariada;;9;7;2;;;1;1;1;;;1;998
7;1;5;39;39087;;1;1;CA-131;0;6;4;2;;;1;4;1;;;1;1
7;4;19;39;39087;;3;2;No inventariada;;9;7;2;;;1;1;1;;;1;998
7;7;8;39;39087;;3;2;No inventariada;;9;3;1;4;;1;1;1;;;1;998
7;5;9;39;39087;;3;2;No inventariada;;9;16;2;;;1;1;1;;;1;998
7;3;15;39;39087;;3;2;No inventariada;;9;19;2;;;1;1;1;;;1;998
8;3;18;39;39087;;3;2;No inventariada;;9;7;1;1;;1;1;1;;;1;998
11;3;23;39;39087;;1;1;A-8;232;3;2;1;4;;1;4;1;;;1;1
8;1;23;39;39087;;3;2;No inventariada;;9;4;2;;;1;4;1;;;1;998
8;2;14;39;39087;;3;2;No inventariada;;9;3;1;4;;1;1;1;;;1;998
8;3;7;39;39087;;3;2;No inventariada;;9;4;2;;;3;1;3;;;1;998
8;7;12;39;39087;;3;2;No inventariada;;9;7;2;;;3;1;3;;;1;998
8;2;14;39;39087;;3;2;No inventariada;;9;7;2;;;1;1;1;;;1;998
8;3;17;39;39087;;3;2;No inventariada;;9;7;2;;;1;1;1;;;1;998
9;2;15;39;39087;;3;2;No inventariada;;9;2;1;1;;1;1;1;;;1;998
9;4;16;39;39087;;3;2;No inventariada;;9;3;1;2;;1;1;3;;;1;998
9;4;0;39;39087;;3;2;No inventariada;;9;4;1;4;;3;4;3;;;1;998
9;7;16;39;39087;;3;2;No inventariada;;9;4;2;;;1;1;1;;;1;998
10;3;10;39;39087;;3;2;No inventariada;;9;16;2;;;1;1;1;;;1;998
10;6;17;39;39087;;3;2;No inventariada;;9;1;2;;;1;1;1;;;1;998
10;1;18;39;39087;;3;2;No inventariada;;9;7;2;;;1;1;1;;;1;998
10;5;8;39;39087;;3;2;No inventariada;;9;7;2;;;3;1;3;;;1;998
10;1;17;39;39087;;3;2;No inventariada;;9;3;1;2;;1;1;1;;;1;998
10;2;13;39;39087;;2;2;CA-331;1,5;6;3;1;4;;1;1;1;;;1;1