MES;DIA_SEMANA;HORA;COD_PROVINCIA;COD_MUNICIPIO;ISLA;ZONA;ZONA_AGRUPADA;CARRETERA;KM;TIPO_VIA;TIPO_ACCIDENTE;NUDO;NUDO_INFO;CARRETERA_CRUCE;CONDICION_FIRME;CONDICION_ILUMINACION;CONDICION_METEO;CONDICION_NIEBLA;CONDICION_VIENTO;VISIB_RESTRINGIDA_POR;TRAZADO_PLANTA
11;5;14;39;39087;;3;2;No inventariada;;9;4;2;;;1;1;1;;;1;998
12;2;15;39;39087;;1;1;A-67;184;3;16;2;;;1;1;1;;;1;2
12;1;18;39;39087;;1;1;A-8;229,65;3;5;2;;;3;6;3;;;1;3
12;6;9;39;39087;;1;1;A-67;177,1;3;16;2;;;3;1;1;;;4;2
8;7;17;39;0;;3;2;No inventariada;;9;16;2;;;1;1;1;;;1;998
10;6;11;39;0;;1;1;CA-281;11,013;6;16;2;;;1;1;1;;;1;2
8;5;18;39;0;;1;1;CA-135;4,9;6;4;2;;;1;1;2;;;1;1
9;3;13;39;0;;1;1;CA-135;2,1;6;4;2;;;1;1;1;;;1;1
1;5;13;39;0;;1;1;CA-363;1;6;1;2;;;3;1;1;;;4;2
2;4;12;39;0;;1;1;A-8;255,824;3;4;2;;;1;1;2;;;1;1
4;7;14;39;0;;1;1;CA-850;10,5;6;6;2;;;1;1;1;;;1;1
7;3;15;39;0;;1;1;LA COCINA;0,2;10;16;1;2;;1;1;1;;;1;3
10;7;18;39;0;;1;1;CA-284;15,75;6;16;2;;;1;1;1;;;6;2
3;7;8;39;0;;1;1;CA-757;2,84;6;18;2;;;1;1;1;;;1;2
5;5;9;39;0;;1;1;CA-272;22,146;6;14;2;;;1;1;1;;;1;3
7;5;14;39;0;;1;1;CA-272;24,5;6;19;2;;;1;1;1;;;1;1
7;6;12;39;0;;1;1;CA-274;10;6;19;2;;;1;1;1;;;1;2
7;4;14;39;0;;3;2;No inventariada;;9;10;2;;;1;1;1;;;1;998
11;2;18;39;0;;1;1;CA-274;4,4;6;18;2;;;1;6;1;;;1;1
6;7;16;39;0;;1;1;CA 181 ACC;0,3;10;1;2;;;1;1;1;;;1;3
6;6;11;39;0;;1;1;N-634;279,1;6;10;2;;;3;1;3;;;1;2
6;6;22;39;0;;1;1;No inventariada;0,1;10;14;1;2;;1;6;2;;;1;1
7;7;18;39;0;;1;1;CA-181;0,9;6;19;2;;;1;1;1;;;1;1
11;7;16;39;0;;1;1;A-8;269,691;3;4;2;;;3;2;2;;;1;1
3;7;14;39;0;;1;1;N-621;139,7;6;10;2;;;1;1;1;;;1;2
6;4;14;39;0;;1;1;N-621;138,9;6;19;2;;;1;1;1;;;1;1
7;6;18;39;0;;1;1;N-621;127,057;6;6;2;;;1;1;1;;;1;2
9;2;16;39;0;;1;1;N-621;127,4;6;16;2;;;1;1;1;;;1;2
6;4;16;39;0;;3;2;No inventariada;;9;7;2;;;1;1;2;;;1;998
11;5;21;39;0;;1;1;CA-626;0,369;6;2;2;;;1;4;2;;;1;3
12;2;15;39;0;;1;1;CA-142;24,99;6;2;2;;;1;1;1;;;1;1
1;6;7;39;0;;1;1;CA-142;7,6;6;1;2;;;1;6;2;2;;5;1
2;5;23;39;0;;1;1;CA-142;5,6;6;2;2;;;3;4;4;;;1;2
4;3;9;39;0;;1;1;CA-142;8,4;6;1;2;;;1;1;1;;;1;2
6;1;7;39;0;;1;1;CA-142;5,82;6;5;2;;;1;1;1;;;1;1
9;1;13;39;0;;1;1;CA-142;1,7;6;12;2;;;1;1;2;;;1;1
11;3;6;39;0;;1;1;CA-142;1,74;6;1;2;;;1;4;1;;;1;1
12;7;16;39;0;;1;1;CA-142;5,85;6;1;1;2;;1;1;1;;;1;1
1;6;12;39;0;;1;1;CA-270;5,6;6;10;2;;;1;1;1;;;1;2
7;5;9;39;0;;1;1;CA-270;7,2;6;19;2;;;3;1;4;;;1;3
8;3;7;39;0;;1;1;CA-142;17,8;6;18;2;;;3;1;3;1;;18;2
3;5;9;39;0;;1;1;CA-152;4,4;6;17;2;;;3;1;1;;;1;2
2;6;17;39;0;;1;1;CA-258;3,9;6;19;2;;;2;1;1;;;1;2
9;2;18;39;0;;1;1;CA-683;5,807;6;19;2;;;3;1;3;;;1;2
7;7;13;40;0;;1;1;SG-V-3131;8,5;6;14;2;;;1;1;1;;;1;1
11;3;14;40;40194;;1;1;SG-313;11;6;3;2;;;1;1;1;;;1;1
12;7;5;40;40194;;1;1;SG-313;11,5;5;15;2;;;1;6;2;1;;1;1
12;2;18;40;0;;1;1;N-110;159,85;6;16;2;;;3;6;1;;;1;1
6;5;20;40;0;;1;1;CL-605;16,63;6;2;1;5;SG-P-3211;1;1;2;;;1;2
10;6;11;40;0;;1;1;SG-V-2314;2;6;8;2;;;2;1;1;;;1;1
4;1;13;40;0;;1;1;N-110;150,6;6;1;2;;;1;1;2;;;1;1
5;4;19;40;0;;1;1;SG-145;1,2;6;16;2;;;1;2;1;;;6;2
6;6;20;40;0;;1;1;N-110a;97,053;6;7;2;;;1;1;1;;;2;1
9;5;8;40;0;;1;1;SG-234;5,2;6;19;2;;;1;1;1;;;1;3
11;7;20;40;0;;1;1;SG-232;2,7;6;2;1;5;SG-V-2331;3;6;3;;;9;1
2;2;13;40;0;;1;1;N-110;176,9;6;3;2;;;1;1;1;;;1;1
3;2;13;40;0;;1;1;SG-322;16,8;6;19;2;;;1;1;1;;;1;1
6;2;18;40;0;;3;2;No inventariada;;9;16;1;2;;1;1;1;;;1;998
1;5;5;40;0;;2;2;N-1;116,651;5;16;2;;;1;6;1;;;1;1
2;1;16;40;0;;1;1;A-1;114,5;3;16;2;;;3;1;1;;;1;2
4;1;1;40;0;;1;1;A-1;112,9;3;16;2;;;1;6;1;;;1;3
7;1;19;40;0;;2;2;N-1a;118,1;6;7;2;;;1;1;1;;;1;1
7;7;7;40;0;;1;1;SG-P-9112;0,9;6;18;2;;;1;2;1;;;1;1
8;7;12;40;0;;1;1;A-1;115,4;3;12;2;;;1;1;1;;;1;1
8;6;19;40;0;;1;1;CL-603;87;6;14;2;;;3;1;4;;;1;2
7;5;9;40;0;;1;1;CL-603;56,3;6;1;2;;;1;1;1;;;1;1
11;6;12;40;0;;1;1;SG-V-9117;7,5;6;10;1;2;;2;1;1;;;1;1
1;1;13;40;0;;1;1;SG-205;36,6;6;19;2;;;1;1;1;;;1;1
2;5;11;40;0;;2;2;SG-205;30,099;6;7;2;;;3;1;3;;;1;1
3;4;4;40;0;;3;2;No inventariada;;9;2;1;1;;1;4;1;;;1;998
4;1;19;40;0;;1;1;SG-205;29,566;6;4;2;;;1;1;1;;;6;1
5;5;10;40;0;;3;2;No inventariada;;9;7;2;;;1;1;1;;;1;998
6;7;18;40;0;;1;1;SG-205;35,7;6;14;2;;;1;1;1;;;1;1
7;2;20;40;0;;1;1;CANTALEJO-;1,2;10;7;2;;;1;1;1;;;6;3
7;1;21;40;0;;3;2;No inventariada;;9;2;1;3;;1;2;1;;;1;998
8;4;10;40;0;;1;1;SG-205;29,114;5;5;1;2;;1;1;1;;;1;1
10;3;17;40;0;;1;1;CL-603;51,47;6;16;2;;;3;1;3;;;1;1
4;7;10;40;0;;1;1;SG-V-3321;0,7;6;14;2;;;1;1;1;;;1;1
7;4;20;40;0;;1;1;CV-101;82;10;14;2;;;8;1;1;;;18;3
9;2;21;40;0;;1;1;A-601;85,3;3;12;1;4;SG-V-3321;1;6;1;;;1;2
2;5;7;40;0;;1;1;SG-234;2,5;6;8;2;;;1;2;1;;;1;1
3;7;17;40;0;;1;1;A-1;107,207;7;2;1;10;;1;1;2;;;18;1
5;6;22;40;0;;1;1;SG-234;2,5;5;8;2;;;1;6;1;;;1;1
2;2;10;40;0;;1;1;A-1;103,4;3;4;2;;;1;1;1;;;1;2
3;7;19;40;0;;1;1;A-1;101,6;3;15;2;;;3;6;3;;;1;1
3;6;16;40;0;;1;1;SG-115;2,7;6;18;2;;;1;1;1;;;1;1
9;7;18;40;0;;1;1;N-110;127,7;6;15;2;;;1;1;1;;;1;1
12;7;18;40;0;;1;1;A-1;106,5;3;18;2;;;1;6;1;;;1;1
11;5;16;40;0;;1;1;SG-V-2411;3,931;6;15;2;;;1;1;1;;;1;2
10;7;14;40;0;;3;2;No inventariada;;9;7;1;2;;1;1;1;;;1;998
11;4;9;40;0;;1;1;SG-P-3432;4,6;6;2;1;1;;1;1;1;;;1;1
4;1;20;40;0;;1;1;SG-205;13,8;6;19;1;2;;1;2;1;;;6;2
1;3;14;40;40063;;3;2;No inventariada;;9;4;2;;;3;1;2;;;1;998
2;5;13;40;40063;;3;2;No inventariada;;9;7;2;;;1;1;1;;;1;998
2;2;7;40;40063;;3;2;No inventariada;;9;7;2;;;1;1;2;;;16;998
3;2;16;40;40063;;3;2;No inventariada;;9;10;2;;;1;1;1;;;1;998
4;6;8;40;40063;;1;1;SG-V-2041;1,6;6;16;2;;;1;1;1;;;1;1
6;7;18;40;40063;;1;1;SG-V-2041;3,8;6;14;2;;;1;1;1;;;1;2
6;2;19;40;40063;;1;1;SG-205;60,3;6;4;2;;;1;1;1;;;1;1
8;2;14;40;40063;;1;1;A-601;51,9;3;15;2;;;1;1;2;;;1;3
8;5;11;40;40063;;1;1;SG-342;1;6;8;2;;;1;1;1;;;2;1
8;1;11;40;40063;;1;1;CAMINO SAN;0,3;10;2;1;2;;1;1;1;;;1;1
8;1;14;40;0;;1;1;A-601;46,2;3;4;2;;;1;1;1;;;1;1
8;2;8;40;40063;;1;1;SG-V-2231;1;6;12;1;2;;1;1;1;;;17;1
9;7;2;40;40063;;3;2;No inventariada;;9;16;2;;;1;4;1;;;1;998
10;3;3;40;40063;;1;1;A-601;53,422;3;9;1;11;;2;6;1;;;1;1
10;3;13;40;40063;;3;2;No inventariada;;9;4;2;;;1;1;2;;;1;998
11;2;16;40;40063;;3;2;No inventariada;;14;2;1;1;;1;1;1;;;1;998
12;5;12;40;40063;;3;2;No inventariada;;9;10;2;;;3;1;2;;;18;998
8;3;9;40;0;;1;1;SG-333;14,1;6;3;1;2;;1;1;1;;;1;1
6;7;17;40;0;;1;1;SG-205;6;6;19;2;;;1;1;1;;;1;1
9;7;17;40;0;;1;1;SG-205;7,1;6;16;2;;;1;1;1;;;1;1
4;6;19;40;0;;1;1;A-601;102,9;3;4;2;;;3;1;3;;;18;1
9;7;19;40;0;;1;1;CL-603;90;6;2;1;2;;1;2;1;;;1;1
3;7;7;40;0;;3;2;No inventariada;;9;12;2;;;1;1;1;;;1;998
7;3;9;40;0;;1;1;CL-603;81;6;2;1;1;SG-V-2224;1;1;1;;;1;1
9;2;15;40;0;;1;1;CL-603;84,365;6;4;2;;;1;1;1;;;1;1
9;6;21;40;0;;1;1;CL-603;85;6;18;2;;;1;6;1;;;1;1
9;7;17;40;0;;1;1;CL-603;85;6;1;2;;;1;1;1;;;1;1
1;7;20;40;40076;;1;1;N-6;69,001;6;12;2;;;1;6;1;;;1;1
1;4;22;40;40076;;1;1;N-6;64,433;6;8;2;;;1;6;3;;;1;1
1;6;17;40;40076;;1;1;N-603;69,5;6;19;2;;;1;1;1;;;4;2
3;5;14;40;40076;;1;1;SG-500;12,9;6;19;2;;;1;1;1;;;1;1
3;7;14;40;40076;;1;1;AP-6;69,2;1;5;2;;;3;1;3;;;1;1
4;7;21;40;40076;;1;1;N-6;68,4;6;4;2;;;1;3;1;;;1;1
4;7;10;40;40076;;1;1;N-6;68,5;6;4;1;2;;1;1;1;;;18;1
4;2;6;40;40076;;1;1;N-603;67,15;6;16;2;;;1;6;1;;;1;1
4;6;11;40;40076;;1;1;N-603;69,4;6;14;2;;;3;1;1;;;1;2
5;7;8;40;40076;;1;1;SG-500;7,3;6;18;2;;;1;1;1;;;1;2
5;7;12;40;40076;;1;1;SG-P-7223;1,5;6;3;2;;;1;1;1;;;1;1
5;3;9;40;40076;;1;1;N-6;57,05;6;18;2;;;1;1;1;;;1;3
6;1;15;40;40076;;1;1;SG-500;0;6;2;1;1;SG-500;1;1;1;;;1;1
6;6;17;40;40076;;1;1;AP-6;56;1;16;2;;;1;4;1;;;1;1
7;4;11;40;40076;;1;1;SG-P-7223;5;6;16;1;2;;1;1;1;;;1;3
7;6;19;40;40076;;1;1;SG-F-7271;1;6;12;2;;;1;1;1;;;1;3
7;4;12;40;40076;;1;1;N-6;61,5;6;3;1;2;;1;1;1;;;9;1
8;7;15;40;40076;;1;1;AP-6;59,9;1;4;2;;;1;1;1;;;1;1
8;2;21;40;40076;;1;1;N-603;66,2;5;16;2;;;1;6;1;;;1;2
8;3;18;40;40076;;1;1;SG-500;10,95;6;18;2;;;1;1;1;;;1;2
8;5;12;40;40076;;1;1;SG-500;2,7;6;2;1;2;;1;1;1;;;1;1
9;4;17;40;40076;;1;1;N-6;57,1;6;18;2;;;3;1;3;;;1;2
10;1;22;40;40076;;2;2;N-603;62,63;6;7;2;;;1;4;1;;;1;1
10;2;23;40;40076;;1;1;N-603;64,5;6;4;2;;;3;6;4;;;1;1
11;3;8;40;40076;;1;1;N-6;57,9;6;2;2;;;3;1;2;1;1;5;2
12;5;18;40;40076;;1;1;N-6;61,9;6;7;2;;;1;3;1;;;18;1
12;3;6;40;40076;;1;1;SG-500;9,967;6;8;2;;;1;6;1;;;12;1
9;6;13;40;40076;;3;2;No inventariada;;9;7;1;2;;9;999;999;;;999;998
6;6;20;40;0;;1;1;SG-V-2221;3,8;6;19;2;;;3;1;3;;;1;1
12;5;23;40;0;;1;1;SG-V-2221;4,2;6;14;2;;;1;6;1;;;1;2
12;6;17;40;0;;1;1;N-110;184,11;6;19;2;;;1;1;1;;;1;1
3;5;13;40;0;;1;1;N-110;111,3;6;3;1;2;;1;1;1;;;1;1
5;3;7;40;0;;1;1;N-110;110,6;6;8;2;;;1;1;2;;;1;1
2;3;20;40;0;;1;1;A-1;127,25;3;16;2;;;3;6;2;;;1;1
5;1;11;40;0;;1;1;SG-205;53,9;6;8;2;;;1;1;2;;;1;1
6;5;13;40;0;;3;2;No inventariada;;9;6;2;;;1;1;1;;;1;998
4;1;17;40;0;;1;1;CL-603;26,9;5;19;2;;;1;1;2;;;1;2
12;4;10;40;0;;1;1;SG-241;26,706;6;14;2;;;1;1;3;;;1;1
6;5;21;40;0;;1;1;SG-V-6111;2,8;6;2;1;1;;1;2;2;;;1;1
5;7;14;40;0;;1;1;A-1;120,3;3;15;2;;;1;1;1;;;1;1
6;6;17;40;0;;1;1;A-1;121;3;2;2;;;3;1;3;;;1;2
4;4;14;40;0;;1;1;A-1;136;3;3;2;;;1;1;1;1;;1;2
12;1;16;40;0;;1;1;SG-V-3122;2,7;6;15;2;;;1;1;1;;;1;2
5;7;12;40;0;;1;1;N-6;79,3;6;2;1;1;;1;1;1;;;1;1
6;3;20;40;0;;1;1;SG-V-3142;5,8;6;2;2;;;1;1;1;;;1;1
1;7;9;40;40194;;1;1;A-601;108,56;3;4;1;4;SG-V-2226;1;2;1;;;6;2
2;3;15;40;0;;1;1;N-110;189,1;5;4;1;4;;1;1;2;;;1;2
5;1;14;40;0;;3;2;No inventariada;;9;10;2;;;1;1;2;;;1;998
5;3;12;40;0;;1;1;N-110;187,5;6;3;1;4;SG-V-2221;1;1;1;;;1;1
10;5;19;40;0;;3;2;No inventariada;;9;7;2;;;1;1;1;;;1;998
10;1;7;40;0;;1;1;SG-V-2226;0,1;6;4;2;;;1;1;1;;;1;1
2;2;9;40;0;;1;1;N-603;81,4;6;4;2;;;3;1;2;;;1;1
12;6;12;40;0;;1;1;SG-P-7211;4,2;6;19;2;;;3;1;1;;;1;2
3;3;13;40;0;;1;1;SG-313;3,7;6;3;1;1;SG-V-3142;1;1;1;;;1;1
9;7;18;40;0;;3;2;No inventariada;;9;10;2;;;1;1;1;;;1;998
10;2;15;40;0;;1;1;N-601;113;6;3;2;;;1;1;1;;;1;1
5;6;11;40;0;;1;1;SG-V-3225;2,2;6;16;2;;;1;1;1;;;1;3
8;1;10;40;0;;1;1;SG-V-3225;5,139;6;1;2;;;1;1;1;;;1;1
3;5;17;40;0;;1;1;N-110;154,25;6;2;1;1;SG-V-2511;3;1;1;;;1;1
4;7;0;40;0;;2;2;CL-602;99,266;6;12;2;;;1;4;1;;;1;2
6;1;18;40;0;;1;1;SG-V-3311;16,2;6;19;2;;;1;1;1;;;1;1
6;3;10;40;0;;1;1;SG-V-9322;8;6;15;2;;;1;1;1;;;1;3
4;5;9;40;0;;1;1;N-6;89,68;6;18;2;;;1;1;1;;;1;1
5;7;12;40;0;;1;1;AP-6;87,8;1;5;2;;;8;1;5;;;5;1
12;7;2;40;0;;1;1;N-6;89,661;6;14;2;;;1;6;1;;;1;2
6;7;15;40;0;;1;1;SG-343;2,8;6;14;2;;;1;1;1;;;1;1
10;5;12;40;0;;2;2;SG-342;32,95;6;2;2;;;1;1;1;;;1;1
7;4;14;40;0;;1;1;SG-612;2,5;6;16;2;;;1;1;1;;;1;1
8;3;19;40;0;;1;1;CL-603;43,5;6;4;2;;;1;1;1;;;1;1
9;3;10;40;0;;1;1;SG-V-2416;2,072;6;18;2;;;3;1;3;;;1;2
9;5;21;40;0;;1;1;SC-SG-23;0,2;6;19;2;;;1;3;1;;;1;1
11;3;7;40;0;;1;1;SG-V-2331;7,391;6;18;2;;;1;6;1;;;1;1
7;3;20;40;0;;3;2;No inventariada;;9;7;2;;;1;1;1;;;1;998
2;3;20;40;0;;1;1;SG-V-2331;15,6;6;16;2;;;1;6;2;;;1;1
4;2;17;40;0;;1;1;AP-6;71;1;12;2;;;1;1;1;;;1;1
6;2;18;40;0;;1;1;SG-500;15,35;6;16;2;;;3;1;3;;;1;1
6;3;17;40;0;;1;1;SG-342;29,8;6;15;2;;;1;1;1;;;1;1
8;1;1;40;0;;1;1;AP-6;73,5;1;15;2;;;1;6;1;;;1;1
9;1;17;40;0;;1;1;AP-6;70,1;1;12;2;;;1;1;1;;;1;1
11;1;8;40;0;;1;1;N-6;78;6;18;2;;;3;1;3;;;18;2
1;2;9;40;0;;1;1;SG-V-3214;1;6;19;2;;;3;1;2;;;1;2
4;1;17;40;0;;1;1;SG-342;39;6;19;2;;;1;1;1;;;1;1
10;2;15;40;0;;1;1;SG-V-2231;10,9;6;19;2;;;8;1;1;;;1;2
3;3;20;40;0;;1;1;SG-723;6,5;6;16;2;;;1;6;1;;;1;1
1;2;19;40;40155;;1;1;SG-V-6122;6,2;6;8;2;;;1;6;1;;;1;2
3;2;11;40;40155;;1;1;SG-V-6122;3,6;6;15;2;;;1;1;1;;;1;3
4;6;11;40;40194;;1;1;CL-601;0,6;6;4;2;;;1;1;1;;;1;1
4;6;22;40;40155;;3;2;No inventariada;;9;2;2;;;1;4;1;;;2;998
5;5;19;40;40155;;1;1;SG-V-6122;5,7;6;16;2;;;1;1;1;;;1;2
6;7;15;40;40155;;3;2;No inventariada;;9;2;1;4;;1;1;1;;;18;998
6;4;8;40;40155;;1;1;CL-601;3;6;16;1;4;;1;1;2;;;1;1
6;2;13;40;40155;;1;1;CL-601;1,65;6;3;1;2;;1;1;1;;;1;1
7;6;20;40;40155;;1;1;SG-P-6121;3,2;6;1;2;;;1;1;1;;;1;2
8;7;21;40;40155;;1;1;SG-V-6122;3,397;6;19;2;;;1;6;1;;;1;2
8;6;12;40;40155;;1;1;SG-P-6121;4,4;6;12;1;2;;1;6;1;;;1;1
11;7;13;40;40155;;1;1;SG-V-6122;5,5;6;10;2;;;1;1;1;;;1;1
1;5;13;40;0;;1;1;A-1;131,35;3;16;2;;;6;1;6;;;1;3
6;2;11;40;0;;1;1;A-1;130;3;8;2;;;1;1;1;;;1;1
12;7;14;40;0;;1;1;A-1;132;3;12;2;;;3;1;1;;;1;2
8;5;6;40;0;;1;1;SG-V-2317;5,6;6;15;2;;;1;6;1;;;1;2
6;1;13;40;0;;1;1;A-6;125,434;3;18;2;;;1;1;1;;;18;2
9;7;13;40;0;;1;1;SG-411;5,2;6;18;2;;;1;1;1;;;1;1
8;5;7;40;0;;1;1;SG-333;18,697;6;12;2;;;1;1;1;;;12;2
5;3;15;40;0;;1;1;SG-V-1111;13,3;6;16;2;;;3;1;3;;;1;2
6;4;22;40;0;;1;1;N-110;115,8;6;15;2;;;1;2;1;;;1;1
11;4;8;40;0;;1;1;A-601;101,5;3;4;2;;;1;1;1;;;6;1
11;4;8;40;0;;1;1;A-601;101,4;3;4;2;;;1;1;1;;;1;1
3;5;8;40;40063;;1;1;SG-342;10,1;6;2;1;5;SG-333;1;1;1;;;1;1
1;3;18;40;0;;1;1;A-601;46,7;3;4;2;;;1;6;1;;;1;1
7;2;13;40;0;;1;1;CL-602;104;6;3;2;;;1;1;1;;;1;1
8;1;20;40;0;;1;1;A-601;44,45;3;7;2;;;1;1;1;;;1;1
2;5;21;40;0;;1;1;A-601;62,1;3;4;2;;;3;6;3;;;1;1
3;7;17;40;0;;1;1;A-601;60,7;3;16;1;12;SC-SG-28;1;1;1;;;1;1
9;7;19;40;0;;1;1;A-601;61,8;3;12;2;;;1;1;1;;;1;1
2;6;10;40;40181;;1;1;SG-P-6121;0,7;6;2;1;2;;1;1;1;;;6;1
2;2;12;40;40181;;1;1;CL-601;7,688;6;1;2;;;1;1;1;;;4;3
4;5;17;40;40181;;1;1;CL-601;20,1;6;10;2;;;1;1;1;;;1;1
5;6;11;40;40181;;1;1;SG-A-7261;3;6;10;2;;;1;1;1;;;1;3
6;4;16;40;40181;;1;1;CL-601;22,9;6;15;2;;;1;1;1;;;1;2
10;2;20;40;40181;;1;1;CL-601;24;6;8;2;;;3;6;3;1;;5;1
10;7;1;40;40181;;1;1;CL-601;16,6;6;16;2;;;1;6;1;;;1;2
10;6;16;40;40181;;1;1;CL-601;16,1;6;10;2;;;3;1;3;;;1;3
12;4;8;40;40181;;2;2;CL-601;6,965;6;7;1;1;;1;2;1;;;1;1
2;6;14;40;0;;3;2;No inventariada;;9;10;2;;;1;1;1;;;1;998
3;3;14;40;0;;1;1;SG-V-2327;3,2;6;1;2;;;1;1;1;;;1;1
6;4;14;40;0;;1;1;SG-205;19,9;6;19;1;5;;1;1;1;;;1;1
2;6;15;40;0;;1;1;CL-605;23;6;18;2;;;3;1;5;;;1;2
4;2;14;40;0;;1;1;CL-605;21,633;6;20;2;;;1;1;1;;;1;1
5;3;9;40;0;;1;1;CL-605;20,2;6;15;2;;;1;1;1;;;1;1
5;4;7;40;0;;1;1;CL-605;24,08;6;12;2;;;1;1;1;;;1;2
12;7;10;40;0;;1;1;CL-605;23,718;6;2;1;10;SG-V-3223;3;1;2;2;;5;1
1;7;5;40;0;;1;1;SG-351;1,45;6;18;2;;;1;6;1;;;1;1
2;1;11;40;0;;1;1;N-110;138,7;6;14;2;;;3;1;2;;;1;2
4;5;22;40;0;;1;1;N-110;136,5;6;1;2;;;1;6;2;;;1;1
8;7;14;40;0;;1;1;A-1;99;3;19;2;;;1;1;1;;;1;1
1;1;11;40;40194;;3;2;No inventariada;;9;6;2;;;1;1;1;;;1;998
1;3;16;40;40194;;3;2;No inventariada;;9;7;2;;;3;1;2;;;1;998
2;5;20;40;40194;;1;1;SG-20;14,7;3;1;2;;;1;6;1;;1;1;2
2;4;18;40;40194;;1;1;N-110;193,7;6;2;2;;;1;2;2;;;1;1
2;7;22;40;40194;;3;2;No inventariada;;9;7;2;;;3;4;3;;;18;998
2;7;16;40;40194;;3;2;No inventariada;;14;2;2;;;1;1;1;;;1;998
2;5;21;40;40194;;3;2;No inventariada;;14;7;2;;;3;4;3;1;;5;998
2;5;19;40;40194;;3;2;No inventariada;;14;4;2;;;3;4;1;;;1;998
2;4;0;40;40194;;3;2;No inventariada;;9;4;2;;;1;4;1;;;1;998
2;5;19;40;40194;;1;1;SG-20;7,4;3;12;2;;;5;6;5;;;5;1
3;6;16;40;40194;;1;1;SG-20;10,2;3;16;1;10;N-110;6;2;6;;;1;1
3;4;4;40;40194;;1;1;N-110;203,3;6;8;2;;;1;6;1;;;1;1
3;5;13;40;40194;;3;2;No inventariada;;9;2;1;2;;1;1;1;;;3;998
3;4;12;40;40194;;3;2;No inventariada;;9;4;2;;;1;1;1;;;1;998
3;5;20;40;40194;;1;1;SG-20;0,1;3;12;2;;;1;6;1;;;1;2
3;6;12;40;40194;;3;2;No inventariada;;9;2;1;4;;1;1;1;;;1;998
3;6;16;40;40194;;3;2;No inventariada;;9;1;2;;;6;1;6;1;;5;998
4;2;13;40;40194;;1;1;CL-605;2,1;6;4;2;;;1;1;2;;;1;1
3;7;12;40;40194;;3;2;No inventariada;;9;20;1;2;;1;1;1;;;1;998
4;4;12;40;40194;;3;2;No inventariada;;9;2;2;;;1;1;1;;;1;998
4;7;0;40;40194;;1;1;N-110;203;6;12;2;;;1;6;1;;;1;2
4;4;17;40;40194;;3;2;No inventariada;;9;7;2;;;1;1;1;;;1;998
4;7;11;40;40194;;1;1;N-110;208,4;6;2;1;2;SG-723;1;1;1;;;1;1
4;1;13;40;40194;;3;2;No inventariada;;9;5;2;;;1;1;1;;;1;998
4;4;22;40;40194;;1;1;SG-20;8,3;3;18;1;2;SG-20;1;6;1;;;1;3
4;6;15;40;40194;;3;2;No inventariada;;9;12;2;;;1;1;1;;;1;998
4;2;8;40;40194;;3;2;No inventariada;;9;2;1;4;;1;1;1;;;1;998
5;4;6;40;40194;;1;1;N-110;204,7;6;19;2;;;1;6;2;;;1;1
4;2;10;40;40194;;3;2;No inventariada;;9;7;1;4;;1;1;1;;;1;998
5;4;14;40;40194;;3;2;No inventariada;;9;2;1;4;;1;1;1;;;1;998
5;6;18;40;40194;;3;2;No inventariada;;9;19;2;;;3;1;3;;;1;998
5;6;21;40;40194;;3;2;No inventariada;;9;10;2;;;3;1;2;;;1;998
5;2;18;40;40194;;1;1;N-110;201;6;14;2;;;1;1;1;;;1;1
5;3;13;40;40194;;3;2;No inventariada;;9;4;2;;;1;1;1;;;1;998
5;5;12;40;40194;;3;2;No inventariada;;9;16;2;;;1;1;1;;;1;998
5;4;11;40;40194;;3;2;No inventariada;;9;10;2;;;1;1;1;;;1;998
5;1;20;40;40194;;3;2;No inventariada;;9;2;2;;;1;1;1;;;1;998
5;3;8;40;40194;;3;2;No inventariada;;9;2;1;4;;1;1;2;;;1;998
5;4;1;40;40194;;3;2;No inventariada;;9;12;2;;;1;4;1;;;1;998
5;1;14;40;40194;;3;2;No inventariada;;9;10;2;;;1;1;1;;;18;998
5;5;10;40;40194;;3;2;No inventariada;;9;1;2;;;1;1;1;;;1;998
6;2;13;40;40194;;1;1;N-110;208,3;6;2;1;1;SG-723;1;1;1;;;1;1
5;6;17;40;40194;;3;2;No inventariada;;9;7;2;;;1;1;1;;;1;998
6;3;10;40;40194;;3;2;No inventariada;;9;7;1;2;;1;1;1;;;1;998
6;1;13;40;40194;;1;1;SG-20;11,66;3;4;2;;;1;1;1;;;1;1
6;2;13;40;40194;;3;2;No inventariada;;9;10;1;2;;1;1;1;;;1;998
6;5;17;40;40194;;1;1;CL-605;2,1;6;19;1;4;CL-605;7;1;1;;;1;2
6;5;11;40;40194;;3;2;No inventariada;;9;7;2;;;1;1;1;;;1;998
6;6;19;40;40194;;3;2;No inventariada;;9;4;2;;;1;1;1;;;1;998
7;6;14;40;40194;;3;2;No inventariada;;9;2;2;;;1;1;1;;;1;998
7;5;14;40;40194;;1;1;N-603;90,8;6;4;1;4;AP-61;1;1;1;;;1;1
7;3;9;40;40194;;3;2;No inventariada;;9;7;1;1;;1;1;1;;;6;998
7;5;12;40;40194;;3;2;No inventariada;;9;16;2;;;1;1;1;;;18;998
7;4;20;40;40194;;3;2;No inventariada;;9;2;1;1;;1;1;1;;;1;998
7;7;5;40;40194;;3;2;No inventariada;;9;12;2;;;1;5;1;;;1;998
7;5;13;40;40181;;1;1;CL-601;20,1;6;10;2;;;7;1;2;;;1;1
7;3;10;40;40194;;3;2;No inventariada;;9;7;2;;;1;1;1;;;1;998
7;3;19;40;40194;;1;1;CL-607;1,3;6;12;2;;;1;1;1;;;1;1
7;4;19;40;40194;;3;2;No inventariada;;9;2;1;4;;1;1;1;;;1;998
8;1;17;40;40194;;1;1;SG-313;12,8;6;4;2;;;1;1;1;;;1;1
8;2;21;40;40194;;3;2;No inventariada;;9;10;2;;;1;1;1;;;1;998
8;5;19;40;40194;;3;2;No inventariada;;11;6;2;;;1;1;1;;;1;998
9;3;8;40;40194;;1;1;SG-20;8,5;3;4;2;;;3;1;1;;;1;1
9;4;21;40;40194;;3;2;No inventariada;;9;4;2;;;1;4;1;;;1;998
9;1;13;40;40194;;3;2;No inventariada;;9;7;1;4;;1;1;1;;;1;998
9;1;12;40;40194;;3;2;No inventariada;;9;7;2;;;1;1;1;;;1;998
9;4;17;40;40194;;1;1;N-110;208;6;2;1;5;SG-313;1;1;1;;;1;1
10;4;14;40;40194;;3;2;No inventariada;;9;20;1;4;;1;1;1;;;1;998
10;4;18;40;40194;;3;2;No inventariada;;9;7;2;;;1;1;1;;;1;998
9;4;16;40;40194;;3;2;No inventariada;;9;7;2;;;4;1;4;;;5;998
10;6;22;40;40194;;3;2;No inventariada;;9;16;1;2;;1;4;1;;;1;998
10;6;10;40;40194;;3;2;No inventariada;;9;7;1;2;;1;1;1;;;1;998
10;4;5;40;40194;;1;1;N-110;206,7;6;15;2;;;1;6;1;;;1;1
10;4;15;40;40194;;1;1;N-110;208,4;6;2;1;1;SG-723;1;1;1;;;1;1
10;4;11;40;40194;;3;2;No inventariada;;9;4;1;4;AP-61;1;1;1;;;1;998
10;4;12;40;40194;;3;2;No inventariada;;9;7;2;;;1;1;1;;;1;998
10;3;8;40;40194;;3;2;No inventariada;;9;7;2;;;3;1;2;;;1;998
11;3;14;40;40194;;1;1;SG-P-7211;2,281;6;14;2;;;2;1;1;;;1;2
10;2;19;40;40194;;3;2;No inventariada;;9;7;2;;;3;4;3;;;5;998
11;5;15;40;40194;;3;2;No inventariada;;9;7;2;;;1;1;1;;;1;998
11;6;0;40;40194;;1;1;CL-601;0;6;2;1;4;SG-20;1;4;1;;;1;1