MES;DIA_SEMANA;HORA;COD_PROVINCIA;COD_MUNICIPIO;ISLA;ZONA;ZONA_AGRUPADA;CARRETERA;KM;TIPO_VIA;TIPO_ACCIDENTE;NUDO;NUDO_INFO;CARRETERA_CRUCE;CONDICION_FIRME;CONDICION_ILUMINACION;CONDICION_METEO;CONDICION_NIEBLA;CONDICION_VIENTO;VISIB_RESTRINGIDA_POR;TRAZADO_PLANTA
11;1;12;40;40194;;1;1;SG-V-6122;1,5;6;8;2;;;1;1;1;;;1;1
11;2;7;40;40194;;1;1;AP-61;85,4;1;8;2;;;1;2;1;;;1;1
11;5;18;40;40194;;3;2;No inventariada;;9;4;1;4;;1;4;1;;;1;998
10;3;21;40;40194;;3;2;No inventariada;;9;3;1;4;;1;4;1;;;1;998
8;3;15;40;40194;;3;2;No inventariada;;9;16;2;;;1;1;1;;;1;998
9;1;18;40;40194;;3;2;No inventariada;;9;4;2;;;1;1;1;;;1;998
11;4;13;40;40194;;3;2;No inventariada;;9;20;1;4;;1;1;1;;;1;998
12;6;23;40;40194;;3;2;No inventariada;;9;20;2;;;1;4;1;;;18;998
12;1;17;40;40194;;3;2;No inventariada;;9;20;2;;;1;1;1;;;6;998
12;4;11;40;40194;;3;2;No inventariada;;9;7;1;2;;1;1;1;;;6;998
12;5;7;40;40194;;1;1;N-110;194,6;6;18;1;4;;3;6;1;;;1;3
12;7;10;40;40194;;1;1;SG-F-7133;8,8;6;19;2;;;3;1;1;;;1;1
12;4;4;40;40194;;3;2;No inventariada;;9;12;2;;;1;4;1;;;1;998
4;6;22;40;0;;1;1;SG-205;14;6;19;1;2;;1;6;1;;;1;1
5;6;10;40;0;;1;1;N-110;121,8;7;16;2;;;1;1;1;;;18;2
7;5;19;40;0;;1;1;SG-205;9,1;6;18;2;;;3;1;4;;;1;2
8;6;8;40;0;;3;2;No inventariada;;9;10;1;2;;1;1;1;;;1;998
8;4;13;40;0;;1;1;N-110;172,7;6;19;2;;;1;1;2;;;1;1
2;1;19;40;0;;2;2;N-110;180,9;5;4;2;;;1;4;1;;;1;1
6;5;16;40;0;;1;1;N-110;182,032;5;4;2;;;1;1;1;;;1;1
8;1;4;40;0;;1;1;N-110;181,1;6;12;2;;;1;6;1;;;1;1
12;7;7;40;0;;1;1;N-110;181;6;16;2;;;1;1;1;;;1;1
4;5;8;40;0;;1;1;N-110;165,2;6;3;2;;;1;1;1;;;6;1
5;4;12;40;0;;1;1;N-110;168;6;19;2;;;1;1;1;;;1;3
6;1;22;40;0;;1;1;SG-222;2,4;6;8;2;;;1;6;1;;;1;1
1;1;9;40;0;;1;1;A-601;104,8;3;16;2;;;1;1;1;;;1;1
7;1;10;40;0;;1;1;A-601;104,85;3;12;2;;;1;1;1;;;1;1
6;5;15;40;0;;1;1;CL-605;7,2;6;19;2;;;1;1;1;;;1;3
7;2;16;40;0;;1;1;SG-V-3131;4,2;6;16;2;;;1;1;1;;;1;1
8;1;11;40;0;;1;1;CL-605;3,5;6;4;2;;;1;1;1;;;1;1
9;2;6;40;0;;1;1;CL-605;5,5;6;15;2;;;1;6;1;;;1;3
9;2;7;40;0;;1;1;CL-605;4,996;7;1;2;;;1;2;1;;;1;1
9;7;5;40;0;;1;1;SG-V-3122;0,5;6;16;2;;;1;6;1;;;1;1
11;7;11;40;0;;3;2;No inventariada;;14;6;2;;;2;1;1;;;12;998
1;1;23;40;0;;1;1;N-6;86,5;6;3;2;;;1;6;1;;;1;1
2;4;21;40;0;;1;1;SG-500;18,8;6;8;2;;;3;6;2;;;1;1
3;7;18;40;0;;1;1;N-110;227,281;6;10;2;;;8;1;1;;;1;2
5;3;18;40;0;;1;1;AP-51;82,288;1;3;2;;;1;1;1;;;1;1
5;3;14;40;0;;3;2;No inventariada;;14;18;2;;;2;1;1;;;1;998
8;3;16;40;0;;1;1;AP-6;77,05;1;17;2;;;1;1;1;;;1;1
10;1;13;40;0;;1;1;AP-6;76;1;2;2;;;3;1;4;;;5;1
12;7;15;40;0;;1;1;N-6;84,2;5;2;2;;;1;1;1;;;1;2
9;6;3;40;0;;1;1;SG-V-9321;3,15;6;17;2;;;1;6;1;;;1;2
2;3;19;40;0;;1;1;SG-V-3531;3;6;8;2;;;9;6;7;;;18;1
7;7;5;40;0;;1;1;SG-V-3531;6;6;14;2;;;1;6;1;;;1;3
3;7;13;40;0;;1;1;N-110;217,3;6;3;1;2;SG-322;1;1;1;;;1;1
7;2;13;40;0;;1;1;N-110;217,8;6;18;2;;;1;1;1;;;1;1
3;2;15;40;0;;1;1;SG-P-2131;5,9;6;19;2;;;1;1;1;;;1;1
2;2;7;40;0;;1;1;N-603;84;6;8;2;;;3;2;3;;;1;1
5;3;6;40;0;;1;1;N-603;84;6;8;2;;;1;6;1;;;18;1
10;6;12;40;0;;1;1;SG-V-7212;5,7;6;16;2;;;3;1;1;;;3;1
4;6;15;40;0;;1;1;SG-V-6123;1,8;6;12;1;4;SG-20;1;1;2;;;1;2
5;6;12;41;41041;;1;1;A-92;95,431;3;4;2;;;1;1;1;;;1;1
5;7;11;41;0;;1;1;SE-8100;6,05;6;17;2;;;1;1;1;;;1;2
10;1;14;41;0;;1;1;SE-8100;3,3;6;2;2;;;3;1;3;;;5;2
10;1;17;41;0;;1;1;A-432;60,4;6;13;2;;;3;1;2;;;1;2
1;2;13;41;41004;;3;2;No inventariada;;9;4;2;;;1;1;1;;;1;998
1;3;14;41;41004;;1;1;A-8033;2,4;6;4;1;4;;1;1;1;;;1;1
1;7;18;41;41004;;3;2;No inventariada;;9;2;1;1;;1;3;1;;;9;998
1;6;17;41;41004;;3;2;No inventariada;;9;2;1;1;;1;1;1;;;1;998
1;3;8;41;41004;;1;1;A-92;6,8;8;4;2;;;3;5;2;1;;1;1
1;7;11;41;41004;;3;2;No inventariada;;9;2;1;1;;1;1;1;;;5;998
1;4;0;41;41004;;1;1;A-8031;5;6;2;1;4;A-8031R1;3;6;2;;;1;1
1;5;23;41;41004;;3;2;No inventariada;;9;2;1;1;;1;4;1;;;9;998
1;5;17;41;41004;;3;2;No inventariada;;9;3;1;2;;1;1;2;;;1;998
1;1;15;41;41004;;1;1;A-376;8,376;3;4;1;4;A-392;1;1;1;;;1;1
1;2;21;41;41004;;3;2;No inventariada;;9;7;2;;;1;4;1;;;1;998
1;3;5;41;41004;;1;1;A-398;0,909;5;18;2;;;1;6;7;;;18;1
1;3;7;41;41004;;3;2;No inventariada;;14;7;2;;;1;6;1;;;1;998
2;5;5;41;41004;;1;1;A-92;10,008;3;12;2;;;1;4;1;;;1;2
2;7;16;41;41004;;1;1;A-8026;2;6;19;2;;;1;1;2;;;1;1
2;4;7;41;41004;;1;1;A-92;8,7;3;5;2;;;1;4;1;;;1;1
2;4;17;41;41004;;3;2;No inventariada;;9;10;2;;;3;1;3;;;5;998
2;4;13;41;41004;;1;1;A-398;1,6;5;18;2;;;3;1;2;;;1;1
2;3;18;41;41004;;1;1;A-4;562,85;7;2;1;2;;1;1;1;;;1;2
2;6;9;41;41004;;1;1;A-392;6,604;5;20;2;;;1;1;1;;;1;3
2;6;9;41;41004;;3;2;No inventariada;;9;7;1;2;;3;1;1;;;1;998
2;1;19;41;41004;;3;2;No inventariada;;7;10;2;;;2;4;1;;;1;998
2;1;22;41;41004;;3;2;No inventariada;;9;2;2;;;1;4;1;;;1;998
2;1;12;41;41004;;3;2;No inventariada;;9;7;1;4;;1;1;1;;;1;998
2;4;18;41;41004;;3;2;No inventariada;;9;7;1;1;;1;1;1;;;6;998
3;1;12;41;41004;;1;1;A-8026;0,645;6;2;1;2;;3;1;1;;;1;1
3;6;21;41;41004;;1;1;A-92;7,65;3;16;2;;;3;4;1;;;1;1
3;7;21;41;41004;;3;2;No inventariada;;9;2;1;2;;3;4;4;;;5;998
3;6;10;41;41004;;3;2;No inventariada;;9;4;2;;;1;1;1;;;18;998
3;1;20;41;41004;;3;2;No inventariada;;9;10;1;1;;1;4;1;;;1;998
3;5;21;41;41004;;3;2;No inventariada;;9;7;1;1;;1;1;4;;;5;998
3;2;13;41;41004;;3;2;No inventariada;;9;2;1;2;;1;1;1;;;9;998
3;2;16;41;41004;;1;1;A-8026;1;6;7;2;;;1;1;1;;;1;1
3;5;19;41;41004;;3;2;No inventariada;;9;2;1;2;;1;1;1;;;1;998
3;1;7;41;41004;;1;1;A-92;6;3;5;2;;;1;1;1;;;1;1
3;3;16;41;41004;;1;1;A-92;8,9;3;4;2;;;1;1;1;;;1;1
3;7;12;41;41004;;1;1;A-398;3,5;5;4;2;;;1;1;2;;;1;1
3;1;13;41;41004;;3;2;No inventariada;;9;4;2;;;3;1;7;;;1;998
3;4;8;41;41004;;3;2;No inventariada;;9;7;1;2;;1;1;1;;;1;998
4;2;14;41;41004;;1;1;A-92;6,2;3;4;2;;;1;1;1;;;1;1
4;5;11;41;41004;;1;1;A-8028;0,5;5;4;2;;;1;1;1;;;1;1
4;1;21;41;41004;;1;1;A-8026;1,2;6;8;2;;;1;6;7;;;18;1
4;5;8;41;41004;;3;2;No inventariada;;9;2;1;1;;1;1;1;;;1;998
4;2;1;41;41004;;3;2;No inventariada;;9;4;2;;;1;4;1;;;1;998
3;2;14;41;41004;;3;2;No inventariada;;9;10;2;;;1;1;1;;;1;998
4;2;13;41;41004;;3;2;No inventariada;;9;4;1;2;;1;1;1;;;1;998
4;1;17;41;41004;;1;1;SE-40;7,5;3;4;2;;;1;1;1;;;1;1
4;5;17;41;41004;;3;2;No inventariada;;9;7;1;2;;1;1;1;;;1;998
4;1;18;41;41004;;1;1;A-92;6,351;3;3;2;;;1;1;1;;;1;1
4;1;13;41;41004;;3;2;No inventariada;;9;7;1;2;;1;1;1;;;1;998
4;2;14;41;41004;;1;1;A-360;12,48;6;3;1;1;A-8100;1;1;1;;;1;1
5;7;9;41;41004;;1;1;A-376;7,4;3;12;1;12;SE-40;1;1;1;;;1;3
5;7;0;41;41004;;3;2;No inventariada;;9;7;1;2;;1;4;1;;;1;998
5;3;12;41;41004;;1;1;A-376;17,6;3;20;2;;;1;1;1;;;12;2
5;3;18;41;41004;;1;1;A-92;8,9;3;5;2;;;1;1;1;;;1;1
5;6;17;41;41004;;1;1;A-360;5,2;6;19;2;;;1;1;1;;;1;1
5;4;20;41;41004;;3;2;No inventariada;;9;2;1;1;;1;1;1;;;1;998
5;1;13;41;41004;;3;2;No inventariada;;9;4;2;;;1;1;1;;;18;998
5;1;18;41;41004;;3;2;No inventariada;;9;2;1;4;;1;1;1;;;1;998
5;6;9;41;41004;;1;1;A-8028;0,1;5;16;2;;;9;1;1;;;18;1
5;3;14;41;41004;;3;2;No inventariada;;9;7;2;;;1;1;1;;;1;998
5;4;21;41;41004;;3;2;No inventariada;;9;2;2;;;1;1;1;;;1;998
5;4;9;41;41004;;3;2;No inventariada;;9;4;1;4;;1;1;1;;;1;998
5;2;7;41;41004;;3;2;No inventariada;;9;7;2;;;1;1;1;;;1;998
5;6;19;41;41004;;3;2;No inventariada;;9;10;1;2;;1;1;1;;;1;998
5;5;6;41;41004;;3;2;No inventariada;;9;1;1;1;;1;1;1;;;1;998
5;2;12;41;41004;;3;2;No inventariada;;9;7;2;;;1;1;1;;;1;998
5;3;17;41;41004;;3;2;No inventariada;;9;3;1;2;;2;1;1;;;1;998
5;4;14;41;41004;;3;2;No inventariada;;9;3;1;2;;1;1;1;;;1;998
5;5;15;41;41004;;3;2;No inventariada;;9;1;1;2;;1;1;1;;;1;998
5;5;23;41;41004;;3;2;No inventariada;;9;2;1;2;;1;6;1;;;1;998
5;1;18;41;41004;;3;2;No inventariada;;9;2;1;1;;1;1;1;;;1;998
6;4;21;41;41004;;1;1;A-376;7,346;3;15;2;;;1;2;1;;;1;2
6;3;23;41;41004;;1;1;A-92;8,761;3;2;2;;;1;4;7;;;18;1
6;5;22;41;41004;;3;2;No inventariada;;9;10;2;;;1;3;1;;;1;998
6;7;10;41;41004;;1;1;SE-3204;3,1;6;20;2;;;1;1;1;;;1;1
5;2;22;41;41004;;3;2;No inventariada;;9;7;1;4;;1;1;7;;;1;998
6;6;19;41;41004;;3;2;No inventariada;;9;7;2;;;1;1;1;;;1;998
6;2;14;41;41004;;3;2;No inventariada;;9;5;1;2;;1;1;1;;;1;998
6;4;7;41;41004;;1;1;A-392;5,3;5;10;1;4;A-8033;2;1;1;;;1;2
6;2;14;41;41004;;3;2;No inventariada;;9;10;1;4;;1;1;1;;;1;998
6;2;14;41;41004;;3;2;No inventariada;;9;10;1;4;;1;1;1;;;1;998
6;4;14;41;41004;;3;2;No inventariada;;9;4;1;2;;1;1;1;;;1;998
6;7;19;41;41004;;1;1;A-376;16,6;7;1;2;;;1;1;1;;;1;3
6;1;10;41;41004;;1;1;A-92;9,3;3;3;2;;;1;1;1;;;1;1
6;3;15;41;41004;;1;1;A-392;3,2;5;10;2;;;1;1;1;;;1;2
6;3;11;41;41004;;3;2;No inventariada;;9;9;1;4;;1;1;1;;;1;998
6;4;13;41;41004;;3;2;No inventariada;;9;4;2;;;1;1;1;;;1;998
7;3;20;41;41004;;3;2;No inventariada;;9;2;2;;;1;1;1;;;1;998
7;4;9;41;41004;;3;2;No inventariada;;9;4;2;;;1;1;1;;;1;998
7;5;16;41;41004;;3;2;No inventariada;;9;10;2;;;1;1;1;;;1;998
7;5;20;41;41004;;1;1;A-92;11,586;3;2;1;10;A-92;1;1;1;;;1;1
7;3;8;41;41004;;3;2;No inventariada;;9;10;1;4;;2;1;1;;;1;998
7;1;4;41;41004;;3;2;No inventariada;;9;16;2;;;1;4;1;;;1;998
7;2;16;41;41004;;1;1;A-398;3,2;5;4;2;;;1;1;1;;;1;1
7;4;11;41;41004;;1;1;A-360;0,95;6;1;2;;;1;1;1;;;1;1
7;5;23;41;41004;;3;2;No inventariada;;9;10;2;;;1;4;1;;;1;998
8;4;12;41;41004;;1;1;A-398;0,1;5;4;1;2;A-92;1;1;1;;;1;2
8;5;16;41;41004;;3;2;No inventariada;;9;2;2;;;1;1;1;;;1;998
8;6;7;41;41004;;3;2;No inventariada;;14;2;1;4;;1;1;1;;;1;998
7;3;14;41;41004;;1;1;A-92;6,5;3;4;2;;;1;1;1;;;1;1
8;4;11;41;41004;;3;2;No inventariada;;9;7;1;4;;1;1;1;;;18;998
8;7;12;41;41004;;1;1;A-8031R1;0,35;6;20;1;4;A-8031;1;1;1;;;1;3
8;7;22;41;41004;;3;2;No inventariada;;9;10;1;4;;1;4;1;;;1;998
8;5;7;41;41004;;1;1;A-360;20,3;6;1;2;;;1;2;1;;;1;1
8;5;14;41;41004;;1;1;A-376;9,8;3;6;2;;;1;1;1;;;1;1
8;1;11;41;41004;;3;2;No inventariada;;9;7;2;;;1;1;1;;;18;998
8;2;12;41;41004;;3;2;No inventariada;;9;2;1;1;;1;1;1;;;2;998
8;3;15;41;41004;;1;1;SE-426;2,7;6;14;2;;;1;1;1;;;1;1
8;4;16;41;41058;;1;1;A-92;19;3;19;2;;;1;1;1;;;1;2
9;3;8;41;41004;;3;2;No inventariada;;9;7;2;;;1;2;1;;;1;998
9;1;11;41;41004;;3;2;No inventariada;;9;10;1;4;;3;1;1;;;18;998
9;5;13;41;41004;;3;2;No inventariada;;9;2;1;2;;1;1;1;;;18;998
9;2;8;41;41004;;3;2;No inventariada;;9;2;2;;;1;1;1;;;1;998
9;1;13;41;41004;;3;2;No inventariada;;9;4;1;4;;1;1;1;;;1;998
9;3;18;41;41004;;3;2;No inventariada;;9;4;2;;;1;1;1;;;1;998
9;1;20;41;41004;;3;2;No inventariada;;9;2;1;1;;1;2;1;;;1;998
9;4;14;41;41004;;3;2;No inventariada;;9;10;1;1;;1;1;1;;;9;998
9;3;10;41;41004;;3;2;No inventariada;;9;10;2;;;1;1;1;;;1;998
9;3;14;41;41004;;3;2;No inventariada;;9;2;1;1;;1;1;1;;;1;998
9;6;22;41;41004;;1;1;A-392;4,133;5;19;1;4;;1;6;1;;;1;2
9;7;20;41;41004;;1;1;A-8026;2,1;6;4;2;;;1;6;1;;;1;1
10;3;6;41;41004;;3;2;No inventariada;;9;2;1;4;;1;4;1;;;1;998
10;6;15;41;41004;;3;2;No inventariada;;11;2;1;2;;1;1;1;;;1;998
10;4;11;41;41004;;1;1;A-398;3,364;5;2;1;4;;1;1;1;;;1;1
10;4;18;41;41004;;3;2;No inventariada;;9;2;1;1;;1;1;1;;;18;998
10;3;8;41;41004;;1;1;A-92;14,3;3;4;2;;;1;1;1;;;6;1
10;6;8;41;41004;;2;2;A-92;10,921;3;3;2;;;1;2;2;;;1;1
10;3;18;41;41004;;3;2;No inventariada;;9;7;1;2;;1;1;1;;;6;998
10;1;9;41;41004;;3;2;No inventariada;;9;4;2;;;1;1;1;;;6;998
10;2;10;41;41004;;1;1;A-92;12;3;2;1;2;;1;1;1;;;1;1
10;6;13;41;41004;;1;1;SE-40;14,4;3;16;1;10;A-376;1;1;2;;;1;3
10;3;14;41;41004;;1;1;SE-40;9;3;15;2;;;4;1;4;;;5;1
11;6;22;41;41004;;1;1;A-8100;27,943;6;6;2;;;1;6;1;;;1;1
11;2;13;41;41004;;3;2;No inventariada;;9;2;1;4;;1;1;1;;;16;998
11;1;12;41;41004;;3;2;No inventariada;;9;2;1;4;;1;1;1;;;1;998
11;3;9;41;41004;;1;1;A-398;1;5;12;2;;;3;1;3;;;1;2
11;1;9;41;41004;;1;1;A-92;9,9;3;4;2;;;1;1;1;;;1;1
11;1;7;41;41004;;3;2;No inventariada;;9;2;2;;;1;3;1;;;1;998
11;4;21;41;41004;;3;2;No inventariada;;9;1;2;;;1;3;1;;;1;998
11;3;17;41;41004;;1;1;SE-40;10,65;3;20;1;10;;1;1;1;;;1;1
11;3;15;41;41004;;3;2;No inventariada;;7;2;2;;;1;1;1;;;18;998
12;7;19;41;41004;;1;1;A-376;14,767;3;4;2;;;1;6;1;;;1;1
11;4;8;41;41004;;3;2;No inventariada;;9;2;1;1;;1;4;1;;;1;998
12;1;21;41;41004;;1;1;A-92;11,883;3;4;1;2;A-398;1;6;1;;;1;1
12;7;12;41;41004;;3;2;No inventariada;;9;15;2;;;1;1;1;;;1;998
12;4;16;41;41004;;1;1;A-392;3,15;5;2;1;4;A-392;3;1;1;;;1;1
12;2;15;41;41004;;3;2;No inventariada;;9;4;2;;;1;1;1;;;1;998
12;5;14;41;41004;;3;2;No inventariada;;9;2;1;1;;1;1;1;;;1;998
12;1;8;41;41004;;1;1;A-92;10;3;4;2;;;1;1;1;;;1;1
12;3;12;41;41004;;3;2;No inventariada;;9;10;2;;;1;1;1;;;1;998
12;5;13;41;41004;;1;1;A-376;9,344;7;4;1;2;;1;1;1;;;1;1
1;2;20;41;41005;;1;1;A-8006;11,6;6;8;2;;;1;6;1;;;1;1
1;1;7;41;41005;;1;1;A-8012;1;6;1;2;;;1;2;1;;;1;1
1;4;15;41;41005;;1;1;A-8006;14,5;6;2;2;;;1;1;2;;;1;2
2;3;8;41;41005;;1;1;A-8006;14,08;6;3;1;4;;1;1;2;;;1;1
2;4;7;41;41005;;1;1;A-460;11,8;6;4;2;;;1;6;2;1;;4;2
2;3;14;41;41005;;1;1;A-8006;16,533;6;2;1;2;A-8080;1;1;1;;;1;1
8;6;11;41;41005;;1;1;A-8006;7,402;6;1;2;;;1;1;1;;;1;1
9;7;22;41;41005;;1;1;A-8002;7,9;6;12;1;2;;1;6;1;;;1;2
9;4;17;41;41005;;1;1;A-460;11,7;6;13;2;;;3;1;3;;;1;2
12;3;12;41;41005;;1;1;A-8006;8,288;6;15;1;1;;1;1;1;;;1;1
12;4;18;41;41005;;1;1;A-8013;1,943;6;4;2;;;1;6;1;;;1;1
8;2;7;41;0;;1;1;A-436;20,7;6;6;1;2;;1;6;1;;;1;1
12;7;9;41;0;;1;1;SE-4104;3,477;6;19;2;;;1;1;1;;;1;1
1;1;16;41;41085;;1;1;A-66;804,189;8;2;1;2;A-66;1;1;1;;;12;2
2;5;7;41;41007;;1;1;SE-3412;0,5;6;1;2;;;1;2;1;;;1;1
2;3;13;41;41007;;1;1;A-8079;2,03;6;12;2;;;1;1;1;;;1;1
3;6;13;41;41007;;1;1;A-8079;1,8;6;10;2;;;1;1;1;;;1;1
3;7;15;41;41081;;1;1;A-8006;20,5;6;10;1;4;;2;1;3;;;1;1
6;1;8;41;41081;;1;1;A-8006;19,97;6;4;1;4;;1;1;1;;;2;1
8;7;20;41;41007;;1;1;A-8079;3,2;6;3;2;;;1;1;1;;;1;1
9;3;13;41;41007;;1;1;A-8006;18,85;6;7;1;1;;1;1;1;;;1;1
10;5;8;41;41007;;1;1;A-8079;2,7;6;5;1;2;;1;1;1;;;1;1
10;7;15;41;41007;;1;1;A-8006;16,8;6;4;1;10;A-8080;1;1;1;;;1;1
12;4;18;41;41007;;1;1;A-8079;0,1;6;7;2;;;1;1;2;;;1;1
12;5;19;41;41007;;1;1;A-8079;0,5;6;2;1;2;;1;4;1;;;1;1
6;6;9;41;0;;1;1;SE-9223;0,078;6;2;1;2;;1;1;1;;;1;1
9;4;18;41;0;;1;1;A-406;37,4;6;1;2;;;3;1;3;;;1;2
7;7;8;41;0;;1;1;A-5301;19,95;6;18;2;;;1;1;1;;;1;2
8;7;11;41;0;;1;1;A-8175;14,2;6;17;2;;;1;1;1;;;1;1
9;4;19;41;0;;1;1;A-5301;19,3;6;17;2;;;3;1;3;;;5;2
3;7;23;41;41010;;1;1;A-8052;6,813;6;18;2;;;3;6;3;;;18;2
5;6;4;41;41010;;1;1;A-8054;4;6;12;1;12;A-8054;1;4;1;;;1;2
7;2;20;41;41010;;3;2;No inventariada;;14;2;1;4;;1;1;1;;;1;998
12;6;18;41;41059;;1;1;A-8055;4,416;6;14;2;;;1;6;1;;;1;1
12;6;22;41;41010;;1;1;A-8052;3,1;6;16;2;;;1;6;1;;;1;2
1;3;3;41;41011;;1;1;A-8125;4,1;6;14;2;;;3;6;3;2;;5;2
1;7;16;41;41011;;3;2;No inventariada;;9;6;1;4;;1;1;1;;;18;998
2;1;0;41;41011;;1;1;SE-5203;4,8;6;12;1;2;SE-5206;1;6;1;;;1;1
2;2;19;41;41011;;3;2;No inventariada;;9;7;2;;;1;1;1;;;1;998
2;4;8;41;41011;;3;2;No inventariada;;9;7;2;;;1;1;1;;;1;998
3;1;7;41;41011;;1;1;A-360;29,7;6;2;1;10;A-360;1;1;1;;;1;1
3;6;19;41;41011;;3;2;No inventariada;;9;2;2;;;1;4;1;;;1;998
3;1;12;41;41011;;3;2;No inventariada;;7;12;1;4;;1;1;1;;;1;998
4;4;17;41;41011;;1;1;A-394;2,8;6;2;1;1;;1;1;1;;;18;1
5;4;19;41;41011;;1;1;A-92;36,43;3;18;2;;;1;1;1;;;1;3
6;1;18;41;41011;;3;2;No inventariada;;9;2;2;;;1;1;1;;;1;998
6;6;6;41;41011;;1;1;A-92;40,63;3;2;2;;;1;6;1;;;1;3
7;7;13;41;41011;;1;1;A-360;32,5;6;19;1;1;;1;1;1;;;1;1
7;3;12;41;41011;;1;1;A-361;5,784;6;12;1;2;A-361;1;1;1;;;1;1
8;2;7;41;41011;;1;1;SE-5204;6,3;6;2;1;1;;1;6;1;;;1;1
9;7;7;41;41011;;1;1;SE-5204;0;6;12;1;1;A-360;1;6;1;;;1;1
10;1;12;41;41011;;1;1;A-394;0,044;6;2;2;;;1;1;1;;;1;1
11;1;11;41;41011;;1;1;SE-5203;2,178;6;14;2;;;3;1;3;;;1;2
11;2;3;41;41011;;1;1;A-92;34,6;3;4;2;;;1;6;1;;;1;1
12;3;14;41;41011;;3;2;No inventariada;;9;3;1;1;;1;1;1;;;1;998
12;3;21;41;41011;;3;2;No inventariada;;9;7;2;;;1;4;1;;;1;998
12;4;7;41;41011;;1;1;A-361;4,8;6;3;2;;;1;6;1;;;1;1
12;2;9;41;41011;;1;1;A-8125;4,147;6;19;2;;;1;1;1;;;1;1
12;3;12;41;41011;;3;2;No inventariada;;9;7;1;1;;1;1;2;;;1;998
12;5;14;41;41011;;3;2;No inventariada;;9;7;2;;;1;1;1;;;1;998
1;4;10;41;0;;1;1;A-474;21,6;6;10;2;;;3;1;3;;;1;1
2;1;14;41;0;;1;1;A-473;8,791;6;19;2;;;1;1;2;;;1;2
3;3;18;41;0;;1;1;A-474;22,6;6;2;1;1;;1;2;1;;;1;3
5;4;11;41;41015;;1;1;A-474;19,093;6;3;1;4;;1;1;1;;;1;2
5;5;14;41;0;;1;1;A-474;19,5;6;18;2;;;1;1;1;;;1;1
5;6;22;41;0;;1;1;DE LA CIGÜ;1,208;10;8;2;;;1;6;1;;;1;1
5;2;6;41;0;;1;1;FRESAS;5;4;1;2;;;1;6;1;;;1;3
9;6;15;41;0;;1;1;A-473;9,633;6;1;2;;;1;1;1;;;1;1
10;4;18;41;0;;1;1;A-474;25,45;6;5;2;;;1;1;7;;;18;4
12;7;19;41;0;;1;1;A-474;22,6;6;7;1;1;;1;6;1;;;1;1
2;3;7;41;41013;;1;1;A-477;15,9;6;1;2;;;3;4;2;2;1;5;3
3;5;14;41;41013;;1;1;A-477;21,006;6;2;1;12;;1;1;1;;;18;1
4;2;14;41;41013;;1;1;SE-4401;0;6;19;2;;;1;1;1;;;1;1
4;6;14;41;41013;;1;1;A-477;14,7;6;13;2;;;1;1;1;;;4;3
8;6;15;41;0;;1;1;SE-9217;10,713;6;14;2;;;1;1;1;;;1;1
9;5;18;41;0;;1;1;SE-9217;11,354;6;16;2;;;1;1;1;;;1;2
1;2;15;41;0;;1;1;A-473;6,7;6;19;2;;;1;1;1;;;1;2
2;1;11;41;41015;;1;1;A-473;2,834;6;4;2;;;1;1;1;;;1;1
4;3;7;41;41087;;1;1;A-473;2,47;6;5;2;;;1;1;7;;;1;4
5;5;19;41;0;;1;1;A-473;4,293;6;4;2;;;1;1;1;;;1;1
6;6;11;41;41015;;1;1;A-49;16;3;4;2;;;9;1;1;;;1;1
7;6;13;41;41015;;1;1;A-49;15,95;3;5;2;;;1;1;1;;;1;1
8;6;11;41;41015;;1;1;A-49;16;3;5;2;;;1;1;1;;;1;1
12;5;1;41;41094;;1;1;A-49;14,068;3;16;2;;;1;6;1;;;1;2
12;2;9;41;41015;;2;2;A-473;3,15;6;7;2;;;1;1;1;;;1;1
2;1;21;41;41016;;1;1;A-49;11,78;3;16;2;;;1;6;1;;;1;1
3;7;1;41;41016;;1;1;A-8059;4,2;6;3;2;;;1;6;1;;;1;1
2;3;8;41;41016;;3;2;No inventariada;;9;4;2;;;1;1;1;;;1;998
2;4;18;41;41016;;2;2;A-474;12,3;6;2;1;1;;1;2;2;;;18;1
3;7;21;41;41016;;2;2;A-474;11,5;6;2;1;1;;1;4;1;;;1;1
3;4;20;41;41016;;2;2;A-474;11,5;6;4;2;;;3;4;2;;;1;1
6;7;0;41;41016;;1;1;A-8059;4,05;6;15;2;;;1;5;1;;;18;1
7;3;19;41;41016;;1;1;A-8059;4,1;6;18;2;;;1;1;1;;;1;3
8;6;7;41;41016;;2;2;A-474;12,3;6;3;1;1;;1;1;7;;;18;4
9;2;8;41;41016;;1;1;A-474;9;6;4;2;;;1;2;2;;;1;1
9;4;19;41;41016;;3;2;No inventariada;;9;1;1;1;;1;1;1;;;5;998
10;5;15;41;41016;;3;2;No inventariada;;9;3;2;;;1;1;1;;;1;998
10;5;20;41;41016;;2;2;A-474;11,8;6;2;2;;;1;4;1;;;1;1
10;7;21;41;41016;;1;1;A-8059;3,5;6;10;1;4;A-49;1;6;1;;;1;3
4;1;21;41;41017;;1;1;A-8068;2,218;5;12;2;;;1;3;1;;;18;1
5;1;17;41;41016;;1;1;A-474;9,1;6;16;2;;;1;1;1;;;1;1
6;3;12;41;41017;;1;1;A-8062;0,532;5;15;2;;;1;1;2;;;1;2
10;3;15;41;41017;;1;1;A-8068;1,834;5;19;1;4;A-8068;3;1;4;;;5;2
10;6;18;41;41017;;1;1;A-49;7,017;3;16;2;;;3;2;4;;;5;1
11;3;0;41;41017;;3;2;No inventariada;;9;16;1;2;;1;4;1;;;1;998
12;3;6;41;41017;;1;1;A-49;4,7;3;8;2;;;1;4;1;;;1;1
6;2;18;41;41018;;1;1;SE-3100;1,049;6;12;2;;;1;1;1;;;14;2
9;6;15;41;41018;;1;1;No inventariada;0,3;10;16;2;;;1;1;1;;;1;1
9;7;9;41;41018;;1;1;A-462;3,5;6;3;2;;;1;1;2;;;1;1
10;5;16;41;41018;;1;1;SE-3100;0,908;6;17;2;;;1;1;1;;;1;2
11;2;21;41;41024;;1;1;A-462;7,635;6;4;1;4;A-8005;1;6;1;;;1;1
12;5;15;41;41023;;1;1;A-8005;18,42;6;4;2;;;1;1;1;;;1;1
2;5;21;41;41019;;1;1;A-8013;10,8;6;5;2;;;1;6;1;;;1;1
5;4;15;41;41019;;1;1;A-460;15,364;6;4;2;;;1;1;1;;;17;1
7;6;19;41;41005;;1;1;A-8013;4,6;6;18;2;;;1;1;1;;;1;2
7;6;1;41;41019;;1;1;A-8013;5,1;6;19;2;;;1;5;1;;;18;2
10;4;7;41;41019;;2;2;A-8013;6,5;6;7;1;2;;1;2;1;;;16;1