MES;DIA_SEMANA;HORA;COD_PROVINCIA;COD_MUNICIPIO;ISLA;ZONA;ZONA_AGRUPADA;CARRETERA;KM;TIPO_VIA;TIPO_ACCIDENTE;NUDO;NUDO_INFO;CARRETERA_CRUCE;CONDICION_FIRME;CONDICION_ILUMINACION;CONDICION_METEO;CONDICION_NIEBLA;CONDICION_VIENTO;VISIB_RESTRINGIDA_POR;TRAZADO_PLANTA
11;7;18;41;41101;;1;1;A-460;18,6;6;15;2;;;1;6;1;;;1;1
12;6;16;41;41019;;2;2;A-8013;6,5;6;16;2;;;1;1;1;;;1;2
12;5;11;41;41019;;3;2;No inventariada;;9;7;2;;;1;1;1;;;1;998
3;2;14;41;41020;;1;1;N-4;592,65;6;1;2;;;1;1;1;;;1;1
3;1;16;41;41020;;1;1;A-471;9,465;6;2;1;5;;1;1;1;;;18;1
3;3;4;41;41020;;1;1;A-471;19,167;6;18;2;;;1;6;1;;;1;2
4;3;22;41;41020;;1;1;AP-4;38,22;2;5;2;;;1;6;1;;;1;1
4;1;8;41;41020;;1;1;A-471;18,9;6;1;2;;;1;1;1;;;1;1
6;7;19;41;41053;;1;1;AP-4;50;2;4;2;;;1;1;1;;;1;1
6;1;22;41;41020;;1;1;SE-5208;1,2;6;19;2;;;1;6;1;;;18;1
6;5;19;41;41020;;1;1;A-371;4,1;6;9;2;;;1;1;1;;;1;1
8;6;15;41;41020;;1;1;N-4;596;6;18;2;;;1;1;1;;;1;1
8;1;6;41;41020;;1;1;A-471;17,3;6;6;2;;;1;6;1;;;1;2
9;2;16;41;41020;;1;1;A-471;19,1;6;18;2;;;1;1;1;;;1;2
9;7;6;41;41020;;1;1;AP-4;43,2;2;4;2;;;1;6;1;;;18;1
11;6;10;41;41020;;1;1;AP-4;38;2;4;2;;;1;1;1;;;1;1
11;5;12;41;41020;;1;1;AP-4;39;2;4;2;;;1;1;2;;;1;1
12;1;6;41;41020;;1;1;AP-4;41;2;12;2;;;1;6;1;;;1;1
12;1;13;41;41020;;1;1;AP-4;45,603;2;4;2;;;1;1;1;;;1;1
1;1;7;41;41021;;1;1;A-8078;0,05;6;4;1;4;N-630;1;4;2;;;1;1
1;3;14;41;41021;;1;1;A-49;0,6;3;4;2;;;1;1;2;;;1;1
1;3;15;41;41021;;1;1;A-66;808,6;3;16;1;2;;1;1;1;;;1;1
1;4;13;41;41021;;1;1;SE-30;19,9;3;3;1;2;;1;1;1;;;1;2
1;1;8;41;41021;;1;1;A-49;0,4;3;3;2;;;1;1;1;;;1;1
2;6;11;41;41021;;1;1;A-49;2,05;3;5;2;;;1;1;1;;;1;1
2;7;14;41;41021;;1;1;SE-30;20,1;3;15;2;;;1;1;2;;;1;2
2;4;18;41;41021;;1;1;SE-30;17;3;5;1;12;A-49;1;1;1;;;1;2
2;4;15;41;41021;;1;1;A-49;1,8;3;5;2;;;1;1;1;;;1;1
3;1;8;41;41021;;1;1;SE-30;16,4;3;5;2;;;1;1;1;;;1;1
3;1;21;41;41021;;1;1;A-474;1,5;6;2;2;;;1;4;1;;;1;1
3;4;17;41;41021;;1;1;A-49;0,667;3;10;2;;;1;1;2;;;1;1
3;1;8;41;41021;;1;1;SE-30;21;3;4;2;;;3;1;7;;;18;1
3;7;1;41;41021;;1;1;A-49;0,3;3;1;2;;;3;4;4;;;5;2
3;7;6;41;41021;;1;1;SE-30;17;3;16;2;;;3;4;4;;;1;2
4;2;12;41;41021;;1;1;SE-30;19,7;3;3;1;12;N-630;1;1;1;;;1;1
4;2;15;41;41021;;1;1;A-49;1,699;3;4;2;;;1;1;1;;;1;1
5;7;17;41;41021;;1;1;A-49;0,7;3;4;2;;;1;1;1;;;1;1
5;4;20;41;41021;;1;1;SE-30;16,279;3;4;2;;;1;1;1;;;1;1
5;6;19;41;41021;;1;1;SE-30;20,222;3;12;2;;;1;1;1;;;1;1
6;2;15;41;41021;;1;1;A-49;1,25;3;10;2;;;8;1;1;;;1;3
6;2;15;41;41021;;1;1;A-49;1,3;3;10;2;;;8;1;1;;;1;3
6;3;0;41;41021;;1;1;A-49;0,01;3;2;2;;;1;4;1;;;1;3
6;2;9;41;41021;;1;1;SE-30;19,1;3;5;2;;;1;1;2;;;1;1
6;3;6;41;41096;;1;1;N-630;809,4;6;2;1;2;;1;2;1;;;1;1
7;1;6;41;41021;;1;1;SE-30;20,4;3;16;2;;;1;2;1;;;1;1
7;2;15;41;41021;;1;1;SE-30;19,555;3;15;2;;;7;1;1;;;1;2
7;7;16;41;41021;;1;1;A-66;809,2;3;4;2;;;1;1;1;;;18;2
7;7;17;41;41021;;1;1;SE-30;18,775;3;4;2;;;1;1;1;;;1;1
7;4;13;41;41017;;1;1;A-49;4,95;3;3;2;;;1;1;1;;;18;3
7;1;6;41;41021;;1;1;A-49;1,031;3;2;2;;;1;3;1;;;1;1
7;6;10;41;41021;;1;1;A-66;809,1;3;3;2;;;1;1;1;;;1;3
8;5;20;41;41021;;1;1;A-49;0,7;3;4;2;;;1;1;1;;;1;1
8;1;18;41;41021;;1;1;A-474;1,3;6;19;2;;;1;1;1;;;1;1
8;3;12;41;41021;;1;1;SE-30;20,433;3;3;2;;;1;1;1;;;1;1
9;2;11;41;41021;;1;1;A-49;0;3;10;1;12;SE-30;7;1;1;;;1;2
9;5;16;41;41021;;1;1;A-49;0,4;3;3;2;;;1;1;1;;;1;1
9;4;16;41;41021;;1;1;SE-30;20;8;4;2;;;1;1;1;;;1;1
1;5;11;41;41021;;3;2;No inventariada;;14;10;1;4;;1;1;1;;;1;998
2;2;22;41;41021;;3;2;No inventariada;;9;4;2;;;1;4;1;;;1;998
2;4;10;41;41021;;3;2;No inventariada;;9;7;2;;;1;1;1;;;1;998
10;4;13;41;41021;;1;1;A-66;809;3;3;2;;;1;1;1;;;1;4
10;3;1;41;41021;;1;1;A-49;1,55;3;13;2;;;3;4;3;;;1;2
6;1;20;41;41021;;3;2;No inventariada;;9;2;2;;;9;3;7;;;1;998
9;4;23;41;41021;;3;2;No inventariada;;14;7;2;;;1;3;1;;;18;998
9;2;8;41;41021;;3;2;No inventariada;;9;20;1;2;;1;1;1;;;1;998
3;6;20;41;41021;;3;2;No inventariada;;9;2;1;4;;3;4;3;;;1;998
9;5;20;41;41021;;3;2;No inventariada;;9;4;2;;;1;4;1;;;18;998
9;5;21;41;41021;;3;2;No inventariada;;9;10;2;;;1;4;1;;;1;998
10;1;22;41;41021;;3;2;No inventariada;;14;2;1;2;;1;4;1;;;18;998
10;3;14;41;41021;;1;1;SE-30;17,575;3;4;2;;;1;1;1;;;1;1
10;4;15;41;41021;;1;1;SE-30;16,3;3;4;2;;;1;1;1;;;1;1
10;3;8;41;41021;;1;1;SE-30;17,231;3;4;2;;;3;1;3;;;1;1
10;4;22;41;41021;;1;1;A-49;0,291;3;4;2;;;1;4;1;;;1;1
10;3;20;41;41021;;3;2;No inventariada;;9;2;1;1;;1;4;1;;;18;998
10;4;8;41;41021;;3;2;No inventariada;;14;2;2;;;1;1;2;;;1;998
11;5;13;41;41021;;1;1;A-49;0,252;3;3;2;;;1;1;1;;;1;2
11;7;6;41;41021;;1;1;SE-30;19;3;12;2;;;1;3;2;;;1;2
11;5;18;41;41021;;1;1;A-49;0,316;3;3;2;;;1;4;1;;;18;2
11;4;12;41;41021;;1;1;A-49;0,1;3;2;2;;;1;1;1;;;1;2
12;7;18;41;41021;;1;1;A-49;0,6;3;4;2;;;1;4;1;;;1;1
12;4;17;41;41021;;1;1;SE-30;19,747;3;4;2;;;1;1;1;;;18;1
6;6;9;41;41022;;1;1;A-3150;22,212;6;14;2;;;1;1;1;;;1;1
5;3;7;41;41023;;1;1;A-8005;18,8;6;1;2;;;3;6;3;;;1;2
5;5;12;41;41023;;1;1;SE-3101;3,943;6;2;2;;;1;1;1;;;1;1
6;7;13;41;41023;;1;1;A-8005;23,44;6;5;2;;;1;1;1;;;1;1
6;5;14;41;41023;;1;1;A-432;3,34;6;18;2;;;1;1;1;;;1;2
8;2;19;41;41023;;1;1;SE-4101;4,5;6;18;2;;;1;1;1;;;1;1
8;6;15;41;41023;;1;1;A-432;4,9;6;3;2;;;1;1;1;;;4;2
2;6;11;41;41023;;1;1;A-8005;23,786;6;4;1;1;;1;1;1;;;1;1
10;7;16;41;41023;;1;1;A-436;3,1;6;12;2;;;1;1;1;;;1;1
4;4;21;41;41023;;3;2;No inventariada;;9;1;1;2;;1;1;1;;;1;998
10;4;10;41;41023;;3;2;No inventariada;;9;7;1;1;;1;1;1;;;18;998
7;2;22;41;41023;;3;2;No inventariada;;9;10;2;;;1;1;1;;;18;998
2;2;14;41;41023;;3;2;No inventariada;;9;2;1;1;;1;1;1;;;18;998
10;7;21;41;41023;;3;2;No inventariada;;9;10;1;1;;1;4;1;;;1;998
1;6;18;41;41024;;1;1;A-457;3,2;6;1;2;;;1;6;2;;;1;1
1;4;16;41;41024;;1;1;A-4;510,288;3;16;2;;;1;1;1;;;1;1
1;5;13;41;41024;;1;1;A-4;512,4;3;14;2;;;1;1;1;;;1;1
1;3;19;41;41024;;1;1;CARRETERA;0,2;10;4;2;;;1;2;1;;;1;1
1;5;8;41;41024;;3;2;No inventariada;;9;5;2;;;1;1;1;;;1;998
1;4;7;41;41024;;3;2;No inventariada;;9;7;2;;;3;4;1;;;12;998
2;5;19;41;41024;;1;1;No inventariada;1,8;10;4;2;;;1;2;1;;;1;3
2;1;7;41;41024;;1;1;A-4;523,4;3;4;2;;;1;2;1;;;1;1
1;1;22;41;41024;;3;2;No inventariada;;9;2;1;1;;8;3;1;;;18;998
2;1;16;41;41024;;1;1;SE-3105;1,6;6;16;2;;;1;1;1;;;1;1
2;1;8;41;41024;;1;1;A-4;502,3;3;4;2;;;1;1;2;;;1;1
2;5;6;41;41024;;1;1;A-4;494,8;3;18;2;;;3;6;1;;;1;1
2;2;14;41;41024;;1;1;A-398;17;6;19;2;;;1;1;1;;;1;1
2;4;21;41;41024;;1;1;A-4;520,702;3;4;1;12;A-4;1;6;1;;;1;1
3;2;14;41;41024;;1;1;SE-4107;1,05;6;1;1;2;SE-4105;1;1;1;;;1;1
3;7;22;41;41024;;1;1;A-4;518,95;3;4;2;;;1;6;1;;;1;1
3;1;8;41;41024;;1;1;A-462;14,9;6;4;2;;;3;1;1;;;4;3
3;6;14;41;41024;;1;1;SE-3105;4,961;6;15;2;;;3;1;7;;;4;2
4;1;18;41;41024;;1;1;A-4;517,5;3;16;2;;;1;1;1;;;1;1
4;1;11;41;41024;;1;1;A-4;493,2;3;19;2;;;1;1;1;;;1;1
5;3;17;41;41024;;1;1;A-4;507,571;3;15;2;;;1;1;1;;;1;1
5;6;16;41;41024;;1;1;A-4;515;7;19;2;;;2;3;1;;;1;1
5;2;20;41;41024;;1;1;SE-3201;15,513;6;2;1;1;;1;2;1;;;6;1
3;6;14;41;41024;;3;2;No inventariada;;9;5;2;;;1;1;1;;;1;998
6;6;11;41;41024;;1;1;A-457;1,1;6;14;2;;;1;1;1;;;1;2
6;7;6;41;41024;;1;1;SE-4107;8,269;6;2;1;2;;1;6;1;;;1;1
6;3;9;41;41024;;1;1;SE-3201;8,315;6;1;2;;;1;1;1;;;1;1
6;7;9;41;41024;;1;1;A-4;518,59;3;4;2;;;1;1;1;;;1;1
5;5;23;41;41024;;1;1;A-398;19,66;6;2;1;2;;1;6;1;;;1;1
2;4;19;41;41024;;3;2;No inventariada;;9;7;2;;;1;1;1;;;1;998
6;6;12;41;41024;;1;1;A-462;27,7;6;13;1;2;A-4;1;1;1;;;1;2
2;5;18;41;41024;;3;2;No inventariada;;9;1;1;1;;3;1;2;;;17;998
5;6;8;41;41024;;1;1;A-457;0,1;4;19;2;;;1;1;1;;;1;2
4;1;16;41;41024;;1;1;A-398;509,1;4;12;1;1;;1;1;1;;;1;2
7;1;18;41;41024;;1;1;A-4;506,4;3;18;2;;;1;1;1;;;1;1
5;6;12;41;41024;;3;2;No inventariada;;9;20;1;1;;1;1;1;;;1;998
5;4;21;41;41024;;3;2;No inventariada;;9;4;1;1;;1;1;1;;;1;998
6;5;21;41;41024;;1;1;A-398;0;4;2;2;;;8;1;2;;;1;2
7;3;18;41;41024;;1;1;SE-6103;14,78;6;20;1;2;;1;1;1;;;1;1
7;5;18;41;41024;;1;1;A-4;493,3;3;18;2;;;1;1;1;;;1;1
7;1;21;41;41081;;1;1;A-4;524,885;8;4;2;;;1;6;1;;;1;1
7;3;7;41;41024;;1;1;A-4;515;3;18;2;;;1;1;1;;;1;1
7;3;23;41;41024;;3;2;No inventariada;;9;2;2;;;1;3;1;;;1;998
6;5;22;41;41024;;3;2;No inventariada;;9;7;1;1;;1;3;1;;;1;998
6;6;17;41;41024;;3;2;No inventariada;;9;1;2;;;1;1;1;;;1;998
7;3;22;41;41024;;1;1;No inventariada;0;10;8;2;;;1;5;1;;;17;1
8;2;13;41;41024;;1;1;A-462;10,3;6;2;1;2;SE-3105;1;1;1;;;1;1
8;5;9;41;41024;;1;1;SE-4107;10,566;6;4;2;;;1;1;1;;;1;3
9;1;14;41;41024;;1;1;SE-6103;6,2;6;14;2;;;1;1;1;;;1;1
8;5;19;41;41024;;3;2;No inventariada;;9;7;1;1;;1;1;1;;;1;998
9;4;21;41;41024;;1;1;SE-3105;0;6;2;1;2;A-4;1;6;1;;;1;1
9;5;6;41;41024;;1;1;SE-4108;13,211;6;20;2;;;1;6;1;;;1;1
9;5;10;41;41024;;1;1;SE-3105;1,23;6;16;2;;;1;1;1;;;1;1
9;5;15;41;41024;;1;1;SE-3105;0,1;6;2;2;;;1;1;1;;;1;1
9;5;14;41;41024;;1;1;A-4;516,3;3;4;2;;;1;1;1;;;1;1
9;1;7;41;41024;;1;1;A-4;521,3;3;4;2;;;1;6;2;;;1;1
10;5;18;41;41024;;1;1;SE-3105;1,1;6;19;2;;;1;1;2;;;1;1
10;6;3;41;41024;;1;1;A-4;514;3;15;1;12;;1;6;1;;;1;2
10;4;10;41;41024;;1;1;A-4;520,5;3;5;2;;;1;1;1;;;1;1
10;3;17;41;41024;;1;1;SE-3105;1,109;6;18;2;;;1;1;1;;;1;2
10;5;23;41;41024;;1;1;A-4;521;3;4;2;;;3;6;3;;;1;1
10;4;11;41;41024;;1;1;A-4;519,1;3;4;2;;;3;1;3;;;1;1
11;2;8;41;41024;;1;1;A-4;490,9;3;17;2;;;1;1;2;1;;1;1
11;2;5;41;41024;;1;1;A-92;28,9;3;14;2;;;1;6;2;1;;5;2
11;2;19;41;41024;;1;1;A-4;513,131;3;5;2;;;1;6;1;;;1;1
9;2;20;41;41024;;3;2;No inventariada;;9;1;1;1;;1;1;1;;;1;998
10;1;13;41;41024;;3;2;No inventariada;;9;7;2;;;1;1;1;;;1;998
10;3;14;41;41024;;3;2;No inventariada;;9;2;1;1;;1;1;1;;;1;998
12;4;20;41;41024;;1;1;A-4;521;3;2;1;2;SE-3105;1;6;1;;;4;1
12;4;8;41;41024;;1;1;SE-3105;5,2;6;14;2;;;3;2;3;;;1;2
12;3;12;41;41024;;1;1;SE-6103;10,785;6;19;2;;;1;1;1;;;1;2
12;1;11;41;41024;;1;1;A-4;521;3;4;1;2;;1;1;1;;;1;1
12;4;13;41;41024;;1;1;SE-3105;5;6;1;2;;;3;1;3;;;1;2
12;1;14;41;41024;;1;1;A-8025;10,15;6;1;1;1;SE-3105;1;1;1;;;1;1
2;7;22;41;0;;1;1;A-8325;7,8;6;13;2;;;3;6;3;;;1;2
3;6;7;41;41026;;1;1;SE-9203;9,538;6;19;2;;;1;2;1;;;1;1
4;5;7;41;41026;;1;1;SE-9203;8;6;19;2;;;1;2;1;;;1;1
6;4;12;41;41026;;3;2;No inventariada;;9;12;2;;;1;1;1;;;1;998
8;7;17;41;41026;;1;1;A-8325;2;6;19;2;;;1;1;1;;;1;1
9;6;12;41;41026;;1;1;A-379;5,013;6;18;2;;;1;1;1;;;1;1
10;3;19;41;41026;;1;1;A-379;5,511;6;2;2;;;3;6;3;;;18;1
11;1;13;41;41026;;1;1;A-379;7,7;6;1;2;;;3;1;3;;;1;2
4;5;8;41;41027;;1;1;A-8013;18,4;6;7;1;4;A-8013;1;1;1;;;1;1
6;2;13;41;41027;;2;2;A-8013;19;6;9;1;4;A-8102;1;1;1;;;1;2
7;5;10;41;41027;;3;2;No inventariada;;9;7;1;1;;1;1;1;;;1;998
8;4;21;41;41027;;3;2;No inventariada;;14;4;1;2;;1;3;1;;;1;998
1;2;13;41;0;;1;1;A-8077;1,5;6;5;2;;;1;1;1;;;1;1
2;6;12;41;0;;1;1;A-8077;2;6;4;2;;;1;1;1;;;1;1
3;5;10;41;0;;1;1;A-8077;2,1;6;1;2;;;1;1;1;;;1;3
1;4;18;41;41029;;1;1;A-49;2,8;3;4;2;;;4;4;4;;;5;1
4;1;6;41;41029;;1;1;A-49;3,186;3;14;2;;;1;4;1;;;1;1
4;1;11;41;41029;;1;1;A-49;2,7;3;16;2;;;1;1;1;;;1;1
9;5;6;41;41029;;1;1;A-49;3,255;3;18;2;;;1;3;7;;;18;4
9;4;11;41;41029;;1;1;A-49;3,7;3;4;2;;;1;1;2;;;1;1
10;1;7;41;41029;;1;1;A-49;3;3;4;2;;;1;1;1;;;1;1
11;6;21;41;41029;;1;1;A-49;2,7;3;3;2;;;1;4;1;;;1;1
11;3;14;41;41029;;1;1;A-49;3,028;3;4;2;;;1;1;1;;;1;4
12;1;18;41;41029;;1;1;A-49;2,583;3;4;2;;;1;3;1;;;1;1
12;1;19;41;41029;;1;1;A-49;2,203;3;4;2;;;1;4;1;;;1;1
10;6;14;41;41029;;1;1;A-474;3;6;4;1;1;;1;1;1;;;1;1
9;3;7;41;41029;;1;1;A-474;3;6;10;1;1;;2;4;2;1;;1;1
2;1;20;41;0;;1;1;A-476;1;6;8;2;;;1;6;1;;;1;2
5;3;16;41;0;;1;1;N-433;45,7;6;16;2;;;1;1;1;;;1;1
7;5;17;41;0;;1;1;N-433;54,276;6;3;1;1;SE-5403;1;1;1;;;1;1
7;4;5;41;0;;1;1;N-433;43,1;6;20;2;;;1;5;1;;;1;1
8;3;8;41;0;;1;1;A-476;5,4;6;19;2;;;1;1;1;;;1;2
9;7;11;41;0;;1;1;SE-4401;24,135;6;19;2;;;1;1;1;;;1;3
10;2;18;41;0;;1;1;N-433;46,6;6;12;2;;;3;1;4;;;1;2
10;1;7;41;0;;1;1;N-433;52,85;6;2;1;5;A-476;1;6;1;;;1;1
10;7;16;41;0;;1;1;N-433;50,053;6;17;2;;;1;2;2;;;18;4
12;2;14;41;0;;1;1;SE-4401;19,697;6;2;2;;;1;1;1;;;18;4
1;6;13;41;0;;1;1;A-432;52,881;6;10;2;;;1;1;1;;;1;2
2;6;12;41;0;;1;1;A-432;52,9;6;10;2;;;1;1;1;;;1;2
8;7;9;41;0;;1;1;A-432;39,75;6;4;2;;;1;1;1;;;1;1
11;4;8;41;0;;3;2;No inventariada;;9;7;1;2;;3;1;3;;;1;998
12;7;12;41;0;;1;1;A-432;40;6;19;2;;;2;1;7;;;1;2
1;3;11;41;41033;;3;2;No inventariada;;9;7;1;2;;1;1;1;;;18;998
1;6;13;41;41033;;3;2;No inventariada;;9;7;1;2;;1;1;1;;;1;998
3;5;16;41;41033;;1;1;A-455;35,514;6;13;2;;;1;1;1;;;1;2
4;5;15;41;41033;;3;2;No inventariada;;9;12;2;;;1;1;1;;;1;998
6;6;14;41;41033;;1;1;SE-7103;6,2;6;10;2;;;1;1;1;;;1;2
6;2;19;41;41033;;1;1;A-8204;6,4;6;15;2;;;2;1;1;;;1;3
6;7;11;41;41033;;1;1;SE-6100;7,9;6;16;2;;;1;1;1;;;1;2
7;7;11;41;41033;;1;1;SE-7103;14,24;6;19;2;;;1;1;1;;;1;2
7;6;22;41;41033;;3;2;No inventariada;;9;16;2;;;1;3;1;;;1;998
8;3;16;41;41033;;2;2;A-455;20,944;6;2;2;;;1;1;1;;;9;1
1;7;14;41;41034;;3;2;No inventariada;;9;7;1;1;;1;1;1;;;1;998
4;5;19;41;41034;;1;1;A-8058;12;6;2;1;4;A-8058;1;1;1;;;1;2
5;1;15;41;41034;;1;1;A-8058;9,99;6;2;1;2;;1;1;1;;;1;1
5;2;18;41;41034;;1;1;No inventariada;0,9;10;12;2;;;8;1;1;;;1;1
5;4;7;41;41034;;1;1;SE-3206;8,5;6;18;2;;;1;2;1;;;1;1
6;2;8;41;41034;;1;1;A-8058;9,1;6;7;2;;;1;1;1;;;1;1
7;1;14;41;41034;;1;1;A-8052;1,5;6;15;2;;;1;1;1;;;1;1
9;7;1;41;41034;;1;1;A-8058;10,5;6;4;2;;;1;4;1;;;1;1
10;3;20;41;41034;;1;1;SE-40;31,8;3;6;2;;;3;6;2;;;14;3
11;4;11;41;41034;;1;1;A-8058;9,8;6;2;1;2;;1;1;1;;;1;1
1;5;20;41;41034;;3;2;No inventariada;;9;7;2;;;1;4;1;;;18;998
2;3;7;41;41034;;3;2;No inventariada;;9;2;1;1;;1;1;1;;;1;998
2;6;16;41;41034;;3;2;No inventariada;;9;2;1;2;;1;1;1;;;1;998
4;5;16;41;41034;;3;2;No inventariada;;9;1;1;1;;1;1;1;;;1;998
4;2;17;41;41034;;3;2;No inventariada;;9;10;2;;;1;1;1;;;1;998
7;3;1;41;41034;;3;2;No inventariada;;9;10;1;2;;1;4;1;;;1;998
7;7;21;41;41034;;3;2;No inventariada;;14;3;2;;;1;3;1;;;1;998
6;7;4;41;41034;;3;2;No inventariada;;9;12;2;;;1;5;1;;;1;998
6;4;15;41;41034;;3;2;No inventariada;;9;5;2;;;1;1;1;;;1;998
6;5;19;41;41034;;3;2;No inventariada;;9;2;2;;;1;1;1;;;1;998
5;6;23;41;41034;;3;2;No inventariada;;9;20;2;;;1;4;1;;;1;998
5;2;9;41;41034;;3;2;No inventariada;;9;2;1;1;;1;1;1;;;1;998
12;2;7;41;41034;;1;1;A-8058;8,759;6;2;1;2;;1;6;1;;;1;1
6;2;18;41;41034;;3;2;No inventariada;;9;2;1;1;;1;1;1;;;1;998
6;4;20;41;41034;;3;2;No inventariada;;9;2;2;;;1;1;1;;;1;998
12;5;18;41;41034;;2;2;A-8058;10,5;6;2;1;4;;1;4;1;;;1;4
12;4;12;41;41070;;1;1;A-8058;7,494;5;10;2;;;3;1;3;;;1;1
9;3;15;41;41034;;3;2;No inventariada;;14;4;1;1;;1;1;1;;;1;998
9;6;11;41;41034;;3;2;No inventariada;;9;10;1;2;;1;1;1;;;1;998
9;7;1;41;41034;;3;2;No inventariada;;9;7;2;;;1;4;1;;;1;998
1;6;15;41;0;;1;1;A-375;17,2;6;18;2;;;1;1;1;;;1;1
2;1;7;41;0;;1;1;A-375;35,909;6;2;1;1;;1;6;1;;;1;1
8;4;14;41;0;;1;1;A-375;23,55;6;17;2;;;1;1;1;;;1;2
9;4;12;41;0;;1;1;SE-5206;2,2;6;2;2;;;1;1;1;;;1;1
10;7;3;41;0;;1;1;A-375;35,7;6;16;2;;;1;6;1;;;1;1
10;3;15;41;0;;1;1;A-375;24,7;6;19;2;;;3;1;4;;;1;2
12;4;16;41;0;;1;1;A-375;19,274;6;2;1;1;;1;1;1;;;1;1
12;3;19;41;0;;1;1;SE-437;1,9;4;2;2;;;1;6;1;;;1;1
12;1;18;41;0;;1;1;A-406;55,1;6;2;1;1;;1;3;1;;;1;1
1;1;8;41;41038;;3;2;No inventariada;;14;20;1;1;;1;1;1;;;1;998
1;3;13;41;41038;;3;2;No inventariada;;9;7;2;;;4;1;4;;;5;998
1;3;11;41;41038;;3;2;No inventariada;;9;2;2;;;1;1;1;;;1;998
1;6;16;41;41038;;3;2;No inventariada;;9;4;1;4;;1;1;1;;;1;998
2;4;17;41;41038;;3;2;No inventariada;;9;7;2;;;1;1;1;;;1;998
2;4;13;41;41038;;1;1;A-4;552,6;3;12;2;;;1;1;1;;;18;1
2;4;14;41;41038;;3;2;No inventariada;;9;2;1;1;;1;1;1;;;11;998
2;1;20;41;41038;;3;2;No inventariada;;9;4;1;10;;1;4;1;;;1;998
2;4;13;41;41038;;3;2;No inventariada;;9;10;2;;;3;1;3;;;1;998
2;6;19;41;41038;;1;1;A-4;552;3;4;1;10;;1;6;7;;;1;1
2;2;15;41;41034;;1;1;SE-3206;2,5;6;2;1;4;;1;1;1;;;18;2
2;4;7;41;41038;;1;1;A-376;2;5;5;2;;;1;4;2;;;1;1
2;4;20;41;41038;;3;2;No inventariada;;9;2;1;2;;1;4;1;;;1;998
2;3;22;41;41038;;3;2;No inventariada;;9;4;2;;;1;3;1;;;1;998
2;6;16;41;41038;;3;2;No inventariada;;9;4;2;;;1;1;1;;;1;998
2;6;18;41;41038;;3;2;No inventariada;;9;2;2;;;1;1;1;;;1;998
2;3;17;41;41038;;3;2;No inventariada;;9;4;2;;;1;1;1;;;1;998
3;7;20;41;41038;;1;1;AP-4;13,55;2;12;2;;;1;4;1;;;1;1
3;5;14;41;41038;;3;2;No inventariada;;9;3;2;;;1;1;2;;;1;998
3;5;12;41;41038;;3;2;No inventariada;;9;7;2;;;1;1;1;;;1;998
3;2;8;41;41038;;3;2;No inventariada;;9;20;1;1;;1;1;1;;;6;998
3;3;14;41;41038;;3;2;No inventariada;;11;10;2;;;1;1;1;;;1;998
3;2;9;41;41038;;3;2;No inventariada;;9;4;2;;;1;1;1;;;1;998
3;6;19;41;41038;;3;2;No inventariada;;9;4;1;4;;1;1;1;;;1;998
3;7;19;41;41038;;3;2;No inventariada;;9;2;1;4;;1;2;1;;;1;998
3;1;8;41;41038;;3;2;No inventariada;;9;3;2;;;1;1;1;;;1;998
4;6;14;41;41038;;3;2;No inventariada;;9;10;2;;;2;1;2;;;1;998
4;2;11;41;41038;;3;2;No inventariada;;9;4;2;;;1;1;1;;;1;998
4;5;12;41;41038;;3;2;No inventariada;;9;2;2;;;1;1;1;;;1;998
4;6;14;41;41038;;3;2;No inventariada;;9;10;2;;;3;1;2;;;1;998
4;3;13;41;41038;;3;2;No inventariada;;9;2;2;;;1;1;1;;;1;998
4;7;19;41;41038;;3;2;No inventariada;;9;20;2;;;1;1;1;;;1;998
4;2;9;41;41038;;3;2;No inventariada;;9;7;1;1;;1;1;1;;;1;998
4;7;21;41;41038;;1;1;SE-9024;7,5;6;19;2;;;1;6;1;;;18;4
4;4;20;41;41038;;3;2;No inventariada;;9;2;1;4;;1;1;1;;;6;998
4;5;17;41;41038;;3;2;No inventariada;;9;7;2;;;1;1;1;;;1;998
4;7;18;41;41038;;1;1;A-4;554,4;3;5;2;;;1;1;1;;;1;1
4;7;19;41;41038;;1;1;AP-4;13;2;12;1;4;N-4a;1;1;1;;;1;2
4;7;18;41;41038;;1;1;A-4;554,5;3;4;2;;;1;1;1;;;1;1
4;4;15;41;41038;;3;2;No inventariada;;9;10;2;;;1;1;1;;;1;998
5;5;12;41;41038;;1;1;SE-40;20,889;3;12;2;;;1;1;1;;;1;1
5;5;15;41;41038;;3;2;No inventariada;;9;2;1;4;;1;1;1;;;1;998
5;5;8;41;41038;;3;2;No inventariada;;9;20;2;;;1;1;1;;;6;998
5;5;20;41;41038;;3;2;No inventariada;;9;4;2;;;1;1;1;;;1;998
5;1;9;41;41038;;3;2;No inventariada;;9;4;2;;;1;1;1;;;1;998
5;7;18;41;41038;;3;2;No inventariada;;9;2;1;4;;1;1;1;;;1;998
5;3;19;41;41038;;3;2;No inventariada;;9;2;2;;;1;1;1;;;1;998
5;4;16;41;41038;;3;2;No inventariada;;9;2;1;1;;1;1;1;;;1;998
5;7;20;41;41038;;3;2;No inventariada;;9;3;2;;;1;1;1;;;1;998
5;2;11;41;41038;;3;2;No inventariada;;9;7;2;;;1;1;1;;;1;998
6;7;6;41;41038;;1;1;A-4;557;3;4;2;;;1;2;1;;;1;1
5;7;0;41;41038;;3;2;No inventariada;;9;1;2;;;1;4;1;;;1;998
6;3;14;41;41004;;1;1;AP-4;17,5;2;6;2;;;1;1;1;;;1;1
6;3;15;41;41038;;3;2;No inventariada;;9;2;2;;;1;1;1;;;18;998
6;5;12;41;41038;;3;2;No inventariada;;9;7;2;;;1;1;1;;;1;998
6;5;21;41;41038;;3;2;No inventariada;;9;20;2;;;1;1;1;;;1;998
6;5;10;41;41038;;1;1;SE-31;7,8;5;16;2;;;1;1;1;;;1;2
6;5;12;41;41038;;3;2;No inventariada;;9;7;2;;;1;1;1;;;1;998
6;4;14;41;41038;;3;2;No inventariada;;9;20;2;;;1;1;1;;;1;998
6;6;10;41;41038;;3;2;No inventariada;;9;20;2;;;1;1;1;;;4;998
6;3;23;41;41038;;3;2;No inventariada;;9;2;2;;;1;4;1;;;1;998
6;4;20;41;41038;;3;2;No inventariada;;9;7;1;1;;1;1;1;;;1;998
6;2;22;41;41038;;3;2;No inventariada;;9;12;2;;;1;4;1;;;1;998
6;5;14;41;41038;;3;2;No inventariada;;9;2;1;1;;1;1;1;;;1;998
6;4;11;41;41038;;3;2;No inventariada;;9;7;2;;;1;1;1;;;1;998