MES;DIA_SEMANA;HORA;COD_PROVINCIA;COD_MUNICIPIO;ISLA;ZONA;ZONA_AGRUPADA;CARRETERA;KM;TIPO_VIA;TIPO_ACCIDENTE;NUDO;NUDO_INFO;CARRETERA_CRUCE;CONDICION_FIRME;CONDICION_ILUMINACION;CONDICION_METEO;CONDICION_NIEBLA;CONDICION_VIENTO;VISIB_RESTRINGIDA_POR;TRAZADO_PLANTA
6;1;9;41;41038;;3;2;No inventariada;;9;4;2;;;1;1;1;;;1;998
6;2;21;41;41038;;3;2;No inventariada;;9;2;2;;;1;1;1;;;1;998
6;4;22;41;41038;;3;2;No inventariada;;9;19;2;;;1;4;1;;;1;998
6;6;15;41;41038;;3;2;No inventariada;;9;10;2;;;1;1;1;;;1;998
6;5;21;41;41038;;3;2;No inventariada;;9;19;1;1;;1;1;1;;;1;998
7;1;20;41;41038;;3;2;No inventariada;;9;7;2;;;1;1;1;;;1;998
7;2;3;41;41038;;3;2;No inventariada;;9;12;2;;;1;4;1;;;1;998
7;3;21;41;41038;;3;2;No inventariada;;9;3;2;;;1;2;1;;;1;998
7;5;9;41;41038;;3;2;No inventariada;;9;7;2;;;1;1;1;;;1;998
7;2;20;41;41038;;3;2;No inventariada;;9;10;2;;;1;1;1;;;1;998
7;6;8;41;41038;;3;2;No inventariada;;9;16;2;;;1;2;1;;;1;998
7;6;8;41;41038;;1;1;AP-4;16;2;4;2;;;1;1;1;;;1;1
7;1;6;41;41038;;3;2;No inventariada;;9;7;2;;;1;4;1;;;9;998
7;7;19;41;41038;;3;2;No inventariada;;9;10;1;4;;1;1;1;;;1;998
7;2;9;41;41038;;3;2;No inventariada;;9;7;2;;;2;1;1;;;1;998
7;2;19;41;41038;;3;2;No inventariada;;9;10;2;;;1;1;1;;;1;998
7;4;16;41;41038;;3;2;No inventariada;;14;2;2;;;1;1;1;;;1;998
7;5;14;41;41091;;1;1;A-376;0,5;5;3;2;;;1;1;1;;;1;1
7;5;15;41;41038;;3;2;No inventariada;;9;12;2;;;1;1;1;;;1;998
7;5;16;41;41038;;3;2;No inventariada;;9;16;2;;;1;1;1;;;1;998
7;5;13;41;41038;;3;2;No inventariada;;9;10;2;;;8;1;1;;;1;998
7;1;15;41;41004;;1;1;A-392;3,671;5;3;2;;;1;1;1;;;1;2
7;2;17;41;41038;;3;2;No inventariada;;9;12;2;;;1;1;1;;;1;998
7;2;20;41;41038;;3;2;No inventariada;;9;2;1;1;;1;1;1;;;1;998
7;7;7;41;41038;;3;2;No inventariada;;9;16;2;;;1;4;1;;;1;998
8;4;21;41;41038;;3;2;No inventariada;;9;16;2;;;1;1;1;;;1;998
8;4;21;41;41038;;3;2;No inventariada;;9;7;1;4;;1;1;1;;;1;998
8;5;13;41;41038;;3;2;No inventariada;;9;20;2;;;1;1;1;;;1;998
8;7;21;41;41038;;3;2;No inventariada;;9;2;1;4;;1;3;1;;;1;998
8;1;9;41;41038;;3;2;No inventariada;;9;10;2;;;1;1;1;;;1;998
8;1;20;41;41038;;3;2;No inventariada;;9;3;2;;;1;1;1;;;1;998
8;5;17;41;41038;;1;1;N-4;557;5;12;1;4;;1;1;1;;;1;3
8;7;15;41;41038;;3;2;No inventariada;;9;7;2;;;1;1;1;;;1;998
8;1;19;41;41038;;3;2;No inventariada;;9;3;2;;;1;1;1;;;18;998
6;2;13;41;41038;;3;2;No inventariada;;9;2;2;;;1;1;1;;;1;998
6;3;12;41;41038;;3;2;No inventariada;;9;2;2;;;1;1;1;;;1;998
8;4;17;41;41038;;3;2;No inventariada;;9;2;2;;;1;1;1;;;18;998
8;4;10;41;41038;;1;1;SE-3205;2,101;6;10;1;4;A-4;7;1;2;;;1;2
8;3;18;41;41038;;3;2;No inventariada;;9;7;2;;;1;1;1;;;1;998
8;5;16;41;41038;;3;2;No inventariada;;9;2;1;1;;1;1;1;;;1;998
9;7;12;41;41038;;3;2;No inventariada;;9;10;2;;;1;1;1;;;1;998
9;7;13;41;41038;;3;2;No inventariada;;9;4;1;4;;1;1;1;;;1;998
9;2;9;41;41038;;3;2;No inventariada;;9;10;2;;;3;1;1;;;1;998
9;1;21;41;41038;;3;2;No inventariada;;9;7;2;;;1;1;1;;;6;998
9;2;16;41;41038;;3;2;No inventariada;;9;2;1;1;;1;1;1;;;1;998
9;5;20;41;41038;;3;2;No inventariada;;9;4;1;2;;1;4;1;;;1;998
9;6;6;41;41038;;3;2;No inventariada;;9;11;2;;;1;4;1;;;1;998
9;6;9;41;41038;;3;2;No inventariada;;9;2;2;;;1;1;1;;;1;998
9;2;20;41;41038;;3;2;No inventariada;;9;7;2;;;1;1;1;;;1;998
9;2;20;41;41038;;1;1;A-8032;2,8;6;16;2;;;1;6;1;;;1;1
9;5;14;41;41038;;3;2;No inventariada;;9;2;2;;;1;1;1;;;1;998
9;2;9;41;41038;;3;2;No inventariada;;9;4;2;;;1;1;1;;;1;998
9;1;14;41;41038;;3;2;No inventariada;;9;2;2;;;1;1;1;;;1;998
9;3;20;41;41038;;3;2;No inventariada;;9;4;2;;;1;1;1;;;1;998
9;3;14;41;41038;;3;2;No inventariada;;9;10;2;;;1;1;1;;;1;998
9;3;21;41;41038;;3;2;No inventariada;;9;2;2;;;1;4;1;;;1;998
9;5;14;41;41038;;3;2;No inventariada;;9;2;1;4;;1;1;1;;;1;998
9;6;20;41;41038;;3;2;No inventariada;;9;7;2;;;1;1;1;;;1;998
9;3;22;41;41038;;3;2;No inventariada;;9;2;2;;;1;4;1;;;1;998
9;4;12;41;41038;;3;2;No inventariada;;9;10;1;4;;1;1;1;;;1;998
9;4;9;41;41034;;1;1;SE-3206;1,906;6;4;1;4;A-4;1;1;1;;;18;4
9;4;20;41;41038;;3;2;No inventariada;;9;1;2;;;1;4;2;;;1;998
9;6;16;41;41038;;3;2;No inventariada;;9;16;2;;;1;1;1;;;1;998
10;4;17;41;41038;;3;2;No inventariada;;9;3;2;;;1;1;1;;;1;998
10;4;22;41;41038;;3;2;No inventariada;;9;4;2;;;1;4;1;;;1;998
10;5;10;41;41038;;3;2;No inventariada;;9;2;1;4;;1;1;1;;;1;998
10;7;7;41;41038;;1;1;A-376;2,5;5;2;1;4;;3;4;2;;;1;1
10;7;12;41;41038;;3;2;No inventariada;;9;7;2;;;1;1;2;;;1;998
10;7;6;41;41038;;3;2;No inventariada;;9;2;2;;;3;4;3;;;1;998
10;1;15;41;41038;;3;2;No inventariada;;9;19;2;;;3;1;3;;;1;998
10;1;14;41;41038;;1;1;A-4;555,8;3;2;2;;;1;1;1;;;1;1
10;2;6;41;41038;;1;1;SE-40;19,65;3;3;2;;;1;6;1;;;1;1
10;3;8;41;41038;;3;2;No inventariada;;9;7;2;;;1;1;1;;;1;998
10;4;14;41;41038;;3;2;No inventariada;;9;20;1;1;;1;1;1;;;1;998
10;3;14;41;41038;;3;2;No inventariada;;9;2;1;2;;1;1;1;;;1;998
10;4;6;41;41038;;3;2;No inventariada;;9;7;2;;;3;4;3;;;1;998
11;5;12;41;41038;;3;2;No inventariada;;9;6;2;;;1;1;1;;;1;998
11;4;13;41;41038;;3;2;No inventariada;;9;5;2;;;3;1;2;;;1;998
11;6;6;41;41038;;3;2;No inventariada;;9;20;1;4;;1;4;1;;;1;998
11;5;12;41;41038;;3;2;No inventariada;;9;2;1;1;;1;1;1;;;1;998
11;3;13;41;41038;;3;2;No inventariada;;9;7;2;;;1;1;2;;;1;998
11;5;15;41;41038;;3;2;No inventariada;;9;2;1;1;;1;2;1;;;1;998
11;7;20;41;41038;;3;2;No inventariada;;9;7;2;;;1;4;1;;;1;998
11;1;10;41;41038;;3;2;No inventariada;;9;10;1;1;;3;1;2;;;1;998
11;2;10;41;41034;;1;1;SE-3206;4,9;6;18;1;7;SE-3206;1;1;1;;;1;2
11;3;8;41;41038;;3;2;No inventariada;;9;2;1;4;;1;1;1;;;1;998
12;7;21;41;41038;;3;2;No inventariada;;9;2;2;;;1;4;1;;;1;998
12;4;6;41;41038;;1;1;A-4;553;3;4;2;;;1;2;1;;;9;2
12;4;9;41;41038;;1;1;A-4;550,1;3;4;2;;;1;1;1;;;1;1
12;1;19;41;41038;;3;2;No inventariada;;9;7;2;;;1;4;1;;;1;998
12;3;21;41;41038;;3;2;No inventariada;;9;7;2;;;1;4;1;;;1;998
12;4;19;41;41038;;3;2;No inventariada;;9;7;2;;;1;4;1;;;1;998
12;7;10;41;41038;;3;2;No inventariada;;9;16;2;;;1;3;1;;;1;998
12;7;16;41;41038;;3;2;No inventariada;;9;2;1;1;;1;1;1;;;1;998
12;7;16;41;41038;;3;2;No inventariada;;9;2;2;;;1;1;1;;;1;998
12;6;14;41;41038;;3;2;No inventariada;;9;2;2;;;1;1;1;;;1;998
12;6;12;41;41038;;3;2;No inventariada;;9;7;1;1;;1;1;1;;;1;998
12;1;10;41;41038;;3;2;No inventariada;;9;7;2;;;1;1;1;;;1;998
12;3;13;41;41038;;3;2;No inventariada;;9;10;2;;;7;1;1;;;1;998
12;5;18;41;41038;;3;2;No inventariada;;9;2;2;;;1;3;1;;;1;998
12;7;22;41;41034;;1;1;SE-3206;4;6;12;1;4;;1;4;1;;;1;3
12;2;11;41;41038;;3;2;No inventariada;;9;7;2;;;1;1;1;;;1;998
12;1;19;41;41038;;3;2;No inventariada;;9;10;2;;;1;4;1;;;17;998
12;2;21;41;41038;;3;2;No inventariada;;9;12;2;;;1;4;1;;;1;998
12;6;11;41;41038;;3;2;No inventariada;;9;7;2;;;1;1;1;;;1;998
12;6;12;41;41038;;3;2;No inventariada;;9;7;2;;;1;1;1;;;6;998
1;1;9;41;41039;;1;1;A-351;0,6;6;19;2;;;1;1;1;;;1;1
1;2;14;41;41039;;3;2;No inventariada;;9;4;1;4;;1;1;1;;;1;998
1;6;12;41;41039;;3;2;No inventariada;;9;7;1;2;;1;1;1;;;1;998
2;4;16;41;41039;;3;2;No inventariada;;9;4;1;1;;1;1;1;;;1;998
1;3;12;41;41039;;3;2;No inventariada;;9;7;1;2;;1;1;1;;;16;998
2;1;10;41;41039;;1;1;A-4;462,45;3;18;2;;;1;1;1;;;1;1
2;2;16;41;41039;;1;1;A-4;462,498;3;18;2;;;1;1;1;;;1;1
2;4;14;41;41039;;3;2;No inventariada;;9;10;1;2;;1;1;7;1;;1;998
2;2;15;41;41039;;3;2;No inventariada;;9;7;1;4;;1;1;1;;;1;998
2;4;17;41;41039;;3;2;No inventariada;;9;7;2;;;1;1;1;;;18;998
3;4;16;41;41039;;1;1;A-4;472,8;3;4;2;;;3;1;2;;;1;1
2;3;11;41;41039;;3;2;No inventariada;;9;2;1;4;;1;1;1;;;18;998
3;2;6;41;41039;;1;1;SE-9104;5,9;6;18;1;2;;1;6;1;;;1;1
3;1;6;41;41039;;3;2;No inventariada;;9;7;1;2;;1;5;7;;;18;998
3;5;16;41;41039;;3;2;No inventariada;;9;12;1;2;;1;1;1;;;1;998
3;6;13;41;41039;;3;2;No inventariada;;9;4;2;;;1;1;1;;;1;998
3;2;18;41;41039;;3;2;No inventariada;;9;4;1;4;;1;1;1;;;1;998
4;1;12;41;41039;;3;2;No inventariada;;9;7;1;1;;1;1;1;;;18;998
4;7;23;41;41039;;1;1;SE-9105;8,759;6;14;2;;;1;6;1;;;1;1
4;3;10;41;41039;;3;2;No inventariada;;9;2;1;1;;1;1;1;;;1;998
4;1;16;41;41039;;3;2;No inventariada;;9;7;1;1;;1;1;1;;;1;998
4;5;13;41;41039;;1;1;A-4;435,77;3;5;2;;;1;1;1;;;1;1
4;3;1;41;41039;;3;2;No inventariada;;9;2;1;1;;1;4;1;;;1;998
4;2;18;41;41039;;1;1;A-8203;6,95;6;2;1;2;;1;1;1;;;1;1
5;7;13;41;41039;;3;2;No inventariada;;9;19;1;2;;8;1;1;;;1;998
5;2;20;41;41039;;3;2;No inventariada;;9;10;1;4;;1;1;1;;;1;998
5;4;12;41;41039;;3;2;No inventariada;;9;2;1;1;;1;1;1;;;1;998
5;5;23;41;41039;;3;2;No inventariada;;9;4;2;;;1;4;1;;;12;998
5;6;17;41;41039;;1;1;A-4;448,4;3;14;2;;;1;1;1;;;1;1
6;7;23;41;41039;;1;1;A-388;1;6;19;2;;;1;6;1;;;1;2
6;1;13;41;41039;;3;2;No inventariada;;9;16;1;2;;1;1;1;;;1;998
6;2;14;41;41039;;1;1;A-4;447,213;3;19;2;;;1;1;1;;1;1;3
6;3;17;41;41039;;1;1;A-388;5,193;6;14;2;;;3;1;3;;;1;2
6;2;9;41;41039;;3;2;No inventariada;;9;10;1;4;;1;1;1;;;1;998
6;2;11;41;41039;;3;2;No inventariada;;9;7;1;1;;1;1;1;;;1;998
6;2;19;41;41039;;1;1;A-4;459,031;3;19;2;;;1;1;1;;;1;1
6;5;18;41;41039;;3;2;No inventariada;;9;7;1;2;;1;1;1;;;2;998
6;5;22;41;41039;;3;2;No inventariada;;9;10;1;4;;1;4;1;;;1;998
7;2;20;41;41039;;3;2;No inventariada;;9;10;1;4;;1;1;1;;;1;998
7;4;14;41;41039;;1;1;A-388;15,829;6;19;2;;;1;1;1;;;1;2
7;2;11;41;41039;;3;2;No inventariada;;9;7;2;;;1;1;1;;;1;998
7;5;8;41;41039;;1;1;A-351;0,75;6;16;2;;;1;1;1;;;1;1
7;7;12;41;41039;;1;1;A-4;442,6;3;14;2;;;1;1;1;;;1;1
8;7;18;41;41039;;1;1;A-4;456,8;3;18;2;;;1;1;1;;;1;1
8;1;7;41;41039;;1;1;SE-9108;5,015;6;14;2;;;1;2;1;;;1;2
9;7;13;41;41039;;1;1;SE-8200;4,38;6;15;2;;;1;1;1;;;1;2
9;7;18;41;41039;;1;1;SE-9103;2,55;6;15;2;;;1;1;1;;;1;2
9;4;6;41;41039;;1;1;A-4;457;3;14;1;2;A-380;1;6;1;;;1;2
9;6;8;41;41039;;1;1;A-8203;8,1;6;2;1;4;;1;1;1;;;1;1
9;5;12;41;41039;;3;2;No inventariada;;14;19;2;;;1;1;1;;;18;998
9;1;13;41;41039;;3;2;No inventariada;;9;1;2;;;1;1;1;;;9;998
9;3;9;41;41039;;3;2;No inventariada;;9;7;1;2;;1;2;1;;;6;998
10;4;7;41;41039;;1;1;A-364;18;6;3;2;;;1;6;1;;;1;3
10;7;16;41;41039;;1;1;A-4;462,5;3;4;2;;;1;1;1;;;1;1
10;2;16;41;41039;;3;2;No inventariada;;9;2;1;1;;1;1;1;;;18;998
10;5;15;41;41039;;1;1;A-386;1,2;6;2;2;;;1;1;2;;;1;1
10;2;16;41;41039;;1;1;A-388;5,1;6;14;2;;;1;1;1;;;1;2
10;5;19;41;41039;;1;1;SE-9103;3,704;6;15;2;;;3;6;3;;;18;2
10;1;7;41;41039;;1;1;SE-9108;5,28;6;2;2;;;1;2;1;;;18;1
11;3;18;41;41039;;1;1;A-388;13,9;6;16;2;;;3;6;3;;;1;2
10;6;19;41;41039;;3;2;No inventariada;;9;9;1;4;;1;2;1;;;1;998
11;7;16;41;41039;;1;1;A-453;23,8;6;18;2;;;1;1;2;;;1;1
11;2;7;41;41039;;1;1;A-388;10,2;6;2;1;1;;1;6;1;;;18;1
11;5;15;41;41039;;1;1;A-388;17,5;6;14;2;;;1;1;1;;;1;2
7;7;7;41;41039;;3;2;No inventariada;;9;1;1;1;;1;2;1;;;1;998
8;3;12;41;41039;;3;2;No inventariada;;9;2;2;;;1;1;1;;;1;998
11;5;9;41;41039;;3;2;No inventariada;;9;10;1;2;;3;1;1;;;1;998
12;2;23;41;41039;;3;2;No inventariada;;9;10;1;1;;1;4;1;;;18;998
12;6;22;41;41039;;1;1;A-453;26,9;6;19;2;;;1;6;1;;;1;1
12;3;21;41;41039;;1;1;SE-9104;5,65;6;18;2;;;1;6;1;;;1;2
12;4;13;41;41039;;1;1;A-388;17,219;6;18;2;;;3;1;3;;;18;2
12;1;1;41;41039;;3;2;No inventariada;;9;2;2;;;1;4;1;;;18;998
1;6;2;41;41040;;1;1;A-8076;5,2;6;2;1;4;A-8075;1;4;1;;;1;1
1;6;13;41;41040;;1;1;A-8076;0,8;6;9;1;4;;8;1;1;;;1;2
1;7;18;41;41040;;1;1;A-49;7,6;3;16;2;;;1;1;1;;;1;1
1;7;19;41;41040;;1;1;A-49;7,6;3;20;2;;;1;5;1;;;1;1
2;6;16;41;41040;;1;1;SE-40;41,839;8;4;2;;;1;1;1;;;18;1
1;4;17;41;41040;;3;2;No inventariada;;9;7;1;1;;1;1;1;;;2;998
3;7;6;41;41040;;1;1;SE-40;41,2;3;12;2;;;3;6;2;;;1;2
5;4;19;41;41040;;1;1;A-49;7,506;3;15;2;;;1;1;7;;;1;1
5;7;19;41;41040;;1;1;A-49;7,904;3;14;2;;;1;1;1;;;1;1
5;1;21;41;41040;;1;1;A-49;7,5;3;5;2;;;1;1;1;;;1;1
5;4;13;41;41040;;1;1;A-8076;7,77;6;3;2;;;1;1;1;;;1;1
5;4;10;41;41040;;1;1;A-49;7,5;3;5;2;;;1;1;1;;;1;1
5;2;20;41;41040;;3;2;No inventariada;;9;7;2;;;1;2;1;;;6;998
8;6;22;41;41017;;1;1;A-49;7;3;16;2;;;1;4;1;;;18;1
8;3;7;41;41040;;1;1;A-8076;1,8;6;16;2;;;1;6;1;;;1;1
9;3;7;41;41040;;1;1;A-49;7,1;3;4;2;;;1;3;1;;;1;1
10;4;8;41;41040;;1;1;A-8076;7,3;6;5;2;;;1;1;1;;;6;1
10;7;20;41;41040;;1;1;A-8059;0,3;6;16;2;;;1;4;1;;;1;1
11;6;19;41;41040;;1;1;A-49;10,172;3;4;2;;;1;6;1;;;1;1
1;5;8;41;41041;;1;1;SE-9209;5,8;6;18;2;;;3;6;4;;;5;3
4;1;13;41;41041;;1;1;A-92;98,8;3;18;2;;;1;1;1;;;1;1
3;2;15;41;41041;;3;2;No inventariada;;9;2;1;1;;1;1;1;;;1;998
3;1;19;41;41041;;3;2;No inventariada;;9;7;2;;;1;1;1;;;1;998
5;5;13;41;41041;;1;1;SE-9203;5,817;6;19;2;;;1;1;1;;;1;2
7;1;12;41;41041;;1;1;A-92;108,9;3;4;2;;;1;1;1;;;1;1
8;1;14;41;41041;;1;1;A-92;110,127;3;16;2;;;1;1;1;;;1;1
8;3;11;41;41041;;1;1;A-92;109,666;3;14;2;;;1;1;1;;;1;1
10;2;13;41;41041;;1;1;A-92;104,35;3;6;2;;;4;1;4;;;1;2
10;5;12;41;41041;;3;2;No inventariada;;9;2;2;;;1;1;1;;;1;998
12;7;17;41;41041;;1;1;SE-9213;1,821;6;16;2;;;1;1;1;;;1;2
12;6;17;41;41041;;1;1;A-379;1,62;6;4;2;;;1;2;1;;;6;2
4;1;6;41;41042;;1;1;A-4;475,1;3;14;2;;;1;6;1;;;1;1
5;4;15;41;41042;;3;2;No inventariada;;9;2;1;1;;1;1;1;;;1;998
7;3;8;41;41022;;1;1;A-456;0,5;6;18;2;;;1;1;1;;;1;3
3;4;18;41;41042;;3;2;No inventariada;;9;2;2;;;2;1;1;;;6;998
5;1;8;41;41042;;1;1;A-407;32,5;6;7;2;;;1;1;1;;;1;1
9;1;21;41;41042;;1;1;A-407;36;6;16;2;;;1;6;1;;;1;1
5;7;12;41;0;;1;1;A-66;779;3;4;2;;;1;5;1;;;1;1
6;7;12;41;0;;1;1;SE-3408;9,912;6;10;2;;;1;1;1;;;1;2
7;3;15;41;0;;1;1;N-433;41,45;6;16;2;;;1;1;1;;;1;1
8;4;22;41;0;;1;1;A-66;783,15;3;5;2;;;1;5;1;;;1;1
8;3;16;41;41049;;1;1;N-630;778,55;6;2;2;;;1;1;1;;;1;2
8;4;17;41;0;;1;1;A-66;778,12;3;4;2;;;1;1;1;;;1;1
12;6;14;41;0;;1;1;N-630;780,2;6;3;2;;;1;1;1;;;4;1
2;3;11;41;41044;;1;1;A-8058;5,248;5;2;2;;;1;1;1;;;1;2
2;3;21;41;41044;;1;1;A-8058;3,1;5;4;2;;;1;4;1;;;1;1
3;7;12;41;41044;;1;1;A-8058;3,3;5;4;2;;;1;1;2;;;1;1
4;4;8;41;41044;;1;1;A-8058;5,712;5;2;1;4;A-8058;1;1;1;;;1;1
5;3;13;41;41044;;1;1;A-8058;5,2;5;2;1;4;;1;1;1;;;1;1
5;3;12;41;41044;;1;1;A-8058;5,643;5;3;1;4;A-8058;1;1;1;;;1;2
6;1;12;41;41044;;1;1;A-8058;5,728;5;3;1;4;A-8058;1;1;1;;;1;2
8;1;12;41;41044;;1;1;A-8058;5,3;5;2;1;4;;1;1;1;;;1;1
10;2;6;41;41044;;1;1;A-8058;5,716;5;3;1;4;;3;4;4;;;1;1
12;1;20;41;41086;;1;1;A-8058;1,837;5;4;1;4;;1;4;1;;;1;1
12;2;14;41;41044;;2;2;A-8058;3,749;5;4;2;;;1;1;1;;;1;1
12;1;9;41;41044;;1;1;A-8058;5,25;5;2;1;4;A-8058;1;1;1;;;1;3
1;1;13;41;41045;;1;1;SE-3408;0,3;6;14;2;;;1;1;1;;;1;3
3;7;12;41;41045;;1;1;SE-3408;6,376;6;15;2;;;1;1;1;;;1;2
3;3;15;41;41045;;3;2;No inventariada;;14;2;1;2;;1;1;1;;;2;998
4;6;13;41;41045;;1;1;SE-3408;4;6;19;2;;;1;1;1;;;1;2
6;1;1;41;41045;;1;1;A-477;11,215;6;15;2;;;1;6;1;;;1;1
6;6;21;41;41045;;1;1;SE-3408;4,225;6;19;2;;;1;1;1;;;1;2
8;5;6;41;41045;;1;1;A-477;10,104;6;18;2;;;1;6;1;;;1;2
10;6;1;41;41045;;1;1;SE-3410;5,353;6;14;2;;;3;6;4;;;5;1
11;5;12;41;41045;;1;1;SE-3410;8,355;6;19;2;;;1;1;1;;;1;1
4;1;5;41;41049;;1;1;N-630;797,849;6;8;2;;;1;1;1;;;1;1
12;3;13;41;41049;;1;1;A-66;796,7;3;10;2;;;1;1;1;;;1;1
6;2;15;41;41047;;1;1;A-49;5,2;3;10;1;12;A-8076;8;1;1;;;4;2
6;2;15;41;41047;;1;1;A-49;5;8;9;2;;;8;1;1;;;1;2
9;4;12;41;41047;;1;1;A-8062;1,4;5;2;1;4;;1;1;1;;;1;1
5;4;8;41;0;;1;1;A-433;18;6;8;2;;;1;1;1;;;1;1
8;2;23;41;0;;1;1;A-433;19,5;6;8;2;;;1;6;1;;;4;1
2;3;11;41;41049;;1;1;A-66;791,383;3;3;2;;;1;1;1;;;1;1
3;3;14;41;41049;;1;1;A-66;788,768;3;4;2;;;1;1;1;;;1;1
3;5;21;41;41049;;1;1;A-66;772;3;4;2;;;3;6;4;;;5;2
3;7;6;41;41049;;1;1;A-460;0,001;6;19;1;2;N-630;1;6;1;;;1;1
4;2;15;41;41049;;1;1;A-460;1,3;6;5;2;;;1;1;1;;;1;1
5;7;10;41;41049;;1;1;N-630;783,87;6;10;2;;;1;1;1;;;12;1
5;3;22;41;41049;;1;1;A-8080;5,7;6;16;2;;;1;6;1;;;1;1
5;4;7;41;41049;;1;1;A-66;775,734;3;14;2;;;1;1;1;;;1;1
6;7;11;41;41049;;1;1;N-630;784,65;6;10;2;;;1;1;1;;;1;1
6;6;18;41;41049;;1;1;N-630;798,8;6;2;1;2;A-460;1;1;1;;;1;1
6;7;10;41;41049;;1;1;N-630;800,406;6;10;2;;;1;1;1;;;18;1
7;3;13;41;41049;;1;1;N-630;798,7;6;2;1;1;A-460;1;1;1;;;1;1
7;1;8;41;41049;;3;2;No inventariada;;9;7;1;2;;1;1;1;;;1;998
8;5;19;41;41049;;1;1;N-630;781,938;6;10;2;;;7;1;1;;;1;1
8;7;11;41;41049;;1;1;N-630;784,2;6;20;2;;;1;1;1;;;1;1
9;7;11;41;41049;;1;1;SE-3411;4,587;6;12;2;;;1;1;1;;;1;1
9;4;6;41;41049;;1;1;A-460;0,12;6;12;2;;;3;6;2;;;1;1
10;2;20;41;41021;;1;1;A-8078;0,1;6;10;1;4;SE-30;1;2;1;;;1;2
11;2;19;41;41049;;1;1;A-66;790;3;6;2;;;1;5;1;;;17;1
12;2;17;41;41049;;1;1;A-66;787,6;3;18;2;;;1;6;1;;;18;2
12;7;2;41;41049;;1;1;A-460;0,742;6;14;2;;;1;6;1;;;18;1
1;3;18;41;41050;;1;1;A-388;30,482;6;15;2;;;1;2;1;;;1;1
1;6;22;41;41050;;1;1;SE-9108;22,8;6;18;2;;;1;6;1;;;1;1
6;4;13;41;41050;;1;1;A-318;4,2;6;19;2;;;1;1;1;;;1;1
6;4;3;41;41050;;1;1;A-318;4,726;6;18;2;;;1;6;1;;;1;1
1;3;20;41;0;;1;1;A-49;22,06;3;3;2;;;1;6;2;1;;1;1
1;1;7;41;0;;1;1;A-49;20,5;3;5;2;;;3;6;2;2;;5;1
3;1;6;41;0;;1;1;A-8061;3,8;6;2;1;2;SE-3307;1;6;1;;;1;1
4;5;14;41;0;;1;1;A-8064;0,8;6;1;1;2;A-49;1;1;1;;;1;1
4;1;18;41;0;;1;1;A-49;25,9;3;16;2;;;1;1;1;;;1;1
5;6;20;41;0;;1;1;A-49;24,35;3;4;2;;;1;1;1;;;1;1
5;6;11;41;0;;1;1;A-49;22,5;3;4;2;;;1;1;7;;;18;1
6;6;16;41;0;;1;1;A-472;11;6;14;2;;;1;1;1;;;1;1
7;2;12;41;0;;1;1;A-49;21;3;4;2;;;1;1;1;;;1;1
8;7;2;41;0;;1;1;A-49;29,4;3;16;2;;;1;6;1;;;1;1
10;4;19;41;0;;1;1;A-49;25,901;3;2;2;;;1;2;1;;;1;1
12;7;23;41;0;;1;1;A-49;24,8;3;5;2;;;1;6;1;;;1;1
12;4;12;41;0;;1;1;A-8064;0,5;6;2;1;2;A-8064;1;1;1;;;1;1
12;7;5;41;0;;1;1;A-49;23;3;4;2;;;1;6;1;;;1;1
6;7;14;41;41060;;1;1;A-407;21,473;6;19;2;;;1;1;1;;;1;2
1;4;18;41;41053;;3;2;No inventariada;;9;7;2;;;1;4;1;;;1;998
4;1;17;41;41053;;1;1;SE-697;1,1;6;16;2;;;1;1;1;;;1;3
4;5;22;41;41053;;1;1;A-8152;2;6;14;1;4;A-8152;1;6;1;;;1;1
1;4;14;41;41053;;3;2;No inventariada;;9;2;2;;;1;1;1;;;1;998
1;5;17;41;41053;;3;2;No inventariada;;9;7;2;;;1;1;1;;;1;998
2;5;9;41;41053;;3;2;No inventariada;;9;7;2;;;3;1;3;;;1;998
2;3;15;41;41053;;3;2;No inventariada;;9;2;1;1;;1;1;1;;;1;998
2;3;10;41;41053;;3;2;No inventariada;;9;2;2;;;1;1;1;;;1;998
2;3;19;41;41053;;3;2;No inventariada;;9;16;1;4;;1;4;1;;;1;998
3;5;20;41;41053;;3;2;No inventariada;;9;7;2;;;1;4;1;;;1;998
3;5;8;41;41053;;3;2;No inventariada;;9;10;2;;;1;1;1;;;1;998
3;6;11;41;41053;;3;2;No inventariada;;11;2;1;4;;1;1;1;;;1;998
4;1;16;41;41053;;3;2;No inventariada;;9;4;2;;;1;1;1;;;1;998
5;6;2;41;41053;;1;1;AP-4;56;2;12;2;;;1;6;1;;;1;1
5;4;17;41;41053;;3;2;No inventariada;;9;7;2;;;1;1;1;;;1;998
5;1;20;41;41053;;3;2;No inventariada;;9;7;2;;;1;1;1;;;1;998
6;6;12;41;41053;;1;1;A-471;32;6;4;2;;;1;1;1;;;1;1
6;1;12;41;41053;;1;1;AP-4;50,5;2;12;2;;;1;1;1;;;1;1
7;3;21;41;41053;;1;1;A-8151;3;6;4;2;;;1;1;1;;;1;1
8;7;10;41;41053;;1;1;AP-4;50;2;12;2;;;1;1;1;;;1;1
8;1;22;41;41053;;1;1;A-471;34,602;6;1;2;;;1;6;1;;;1;1
5;5;18;41;41053;;3;2;No inventariada;;9;4;2;;;1;1;1;;;1;998
5;2;20;41;41053;;3;2;No inventariada;;9;1;2;;;1;1;1;;;1;998
6;1;19;41;41053;;3;2;No inventariada;;9;2;1;1;;1;1;1;;;2;998
6;3;18;41;41053;;3;2;No inventariada;;9;1;2;;;1;1;1;;;1;998
6;4;16;41;41053;;3;2;No inventariada;;9;10;2;;;1;1;1;;;1;998
6;3;16;41;41053;;3;2;No inventariada;;9;2;1;1;;1;1;1;;;2;998