MES;DIA_SEMANA;HORA;COD_PROVINCIA;COD_MUNICIPIO;ISLA;ZONA;ZONA_AGRUPADA;CARRETERA;KM;TIPO_VIA;TIPO_ACCIDENTE;NUDO;NUDO_INFO;CARRETERA_CRUCE;CONDICION_FIRME;CONDICION_ILUMINACION;CONDICION_METEO;CONDICION_NIEBLA;CONDICION_VIENTO;VISIB_RESTRINGIDA_POR;TRAZADO_PLANTA
6;6;21;41;41053;;3;2;No inventariada;;9;2;1;1;;1;1;1;;;2;998
9;6;18;41;41053;;1;1;A-8151;1,481;6;19;2;;;1;1;1;;;18;1
7;5;14;41;41053;;3;2;No inventariada;;9;2;1;1;;1;1;1;;;2;998
7;3;0;41;41053;;3;2;No inventariada;;9;2;1;1;;1;4;1;;;2;998
7;2;19;41;41053;;3;2;No inventariada;;9;4;2;;;1;1;1;;;1;998
7;4;22;41;41053;;3;2;No inventariada;;9;1;2;;;1;4;1;;;1;998
7;5;14;41;41053;;3;2;No inventariada;;9;2;2;;;1;1;1;;;1;998
7;5;19;41;41053;;3;2;No inventariada;;11;16;2;;;1;1;1;;;1;998
7;5;20;41;41053;;3;2;No inventariada;;9;7;2;;;1;1;2;;;1;998
8;6;20;41;41053;;3;2;No inventariada;;9;4;2;;;1;1;1;;;1;998
8;7;21;41;41053;;3;2;No inventariada;;9;7;2;;;1;1;1;;;1;998
9;2;11;41;41053;;3;2;No inventariada;;9;2;1;1;;1;1;1;;;2;998
10;3;7;41;41053;;1;1;A-471;33,868;6;2;1;2;;1;6;1;;;1;1
10;4;9;41;41053;;1;1;AP-4;55,778;2;16;2;;;3;3;3;;;1;3
9;2;22;41;41053;;3;2;No inventariada;;9;2;1;1;;1;4;1;;;2;998
9;4;16;41;41053;;3;2;No inventariada;;9;2;1;4;;1;1;1;;;1;998
10;5;17;41;41053;;3;2;No inventariada;;9;1;2;;;1;1;1;;;1;998
10;5;8;41;41053;;3;2;No inventariada;;9;1;1;4;;1;1;1;;;1;998
9;1;14;41;41053;;3;2;No inventariada;;9;2;1;1;;1;1;1;;;2;998
10;1;8;41;41053;;3;2;No inventariada;;9;7;2;;;1;3;1;;;1;998
11;4;17;41;41053;;1;1;A-471;27,3;6;20;2;;;1;2;1;;;1;1
10;5;9;41;41053;;3;2;No inventariada;;9;2;1;4;;1;1;1;;;1;998
11;4;19;41;41053;;1;1;A-471;30,2;6;2;1;1;;1;6;1;;;1;1
12;3;16;41;41053;;1;1;A-471R2;0,075;6;3;2;;;1;1;2;;;1;1
12;4;13;41;41053;;1;1;A-471;33,25;6;2;1;2;;1;1;1;;;1;1
10;3;10;41;0;;1;1;A-379;0,001;6;19;1;12;A-92;3;1;3;;;1;2
2;4;14;41;41055;;1;1;A-436;31,9;6;4;2;;;1;1;1;;;1;1
1;3;14;41;41055;;1;1;RAMBLILLA;2;10;18;2;;;2;1;1;;;18;4
2;7;16;41;41055;;1;1;A-457;15,6;6;15;2;;;3;1;3;;;1;2
3;7;3;41;41055;;1;1;SE-6102;4,9;6;13;2;;;1;6;1;;;1;2
4;6;12;41;0;;1;1;A-436;23,8;6;4;2;;;1;1;1;;;1;1
4;7;16;41;41055;;1;1;A-457;16,2;6;17;2;;;1;1;1;;;1;1
3;4;20;41;41055;;3;2;No inventariada;;9;7;1;1;;1;4;1;;;1;998
4;1;7;41;41055;;3;2;No inventariada;;9;7;1;2;;1;3;1;;;16;998
5;2;17;41;41055;;1;1;A-457;20,225;6;14;2;;;1;1;1;;;1;1
5;4;12;41;41055;;1;1;A-457;18,8;6;4;2;;;1;1;1;;;4;3
5;1;9;41;41055;;3;2;No inventariada;;9;4;2;;;1;1;1;;;1;998
6;4;13;41;41055;;1;1;A-457;20,4;6;1;2;;;1;1;1;;;1;1
7;1;14;41;41055;;2;2;A-455;47,47;6;18;2;;;1;1;1;;;1;2
7;3;22;41;41055;;2;2;A-457;24;6;7;1;2;;1;4;1;;;1;1
7;6;13;41;41024;;1;1;A-457;12,549;6;4;1;2;;1;1;1;;;4;1
8;4;0;41;41055;;1;1;CANTERAS;2,4;10;18;2;;;1;6;1;;;4;3
8;6;22;41;41055;;1;1;SE-6102;2,9;6;18;2;;;1;6;1;;;1;2
9;2;10;41;41055;;3;2;No inventariada;;9;7;1;2;;1;1;1;;;6;998
5;2;9;41;41055;;3;2;No inventariada;;9;4;1;1;;1;1;1;;;1;998
6;3;12;41;41055;;3;2;No inventariada;;9;4;1;3;;1;1;1;;;1;998
9;3;21;41;41055;;3;2;No inventariada;;9;2;1;2;;1;6;1;;;1;998
9;2;16;41;41055;;1;1;A-457;18,1;6;3;2;;;1;1;1;;;1;1
9;4;1;41;41055;;1;1;A-431;70,3;6;15;2;;;1;6;1;;;18;1
10;5;15;41;41055;;1;1;A-457;15,9;6;19;2;;;3;1;2;;;1;2
11;1;16;41;41055;;1;1;A-455;42,2;6;17;2;;;1;1;1;;;1;2
11;2;16;41;41055;;1;1;A-436;33,1;6;10;2;;;1;1;1;;;1;1
11;5;22;41;41055;;3;2;No inventariada;;9;2;2;;;1;4;1;;;1;998
3;4;16;41;41039;;1;1;A-4;472,707;3;14;2;;;3;1;3;;;1;1
4;6;10;41;0;;1;1;SE-538;21,5;14;3;2;;;1;1;1;;;1;2
6;6;11;41;0;;1;1;SE-5402;0,7;6;1;2;;;1;1;1;;;1;2
1;4;8;41;41058;;1;1;A-398;5,611;5;4;1;4;;3;3;2;1;;18;1
2;5;15;41;41058;;1;1;A-92;21,651;3;16;2;;;1;1;1;;;1;1
1;6;9;41;41058;;3;2;No inventariada;;9;7;1;4;;1;1;1;;;1;998
1;1;18;41;41058;;3;2;No inventariada;;9;3;2;;;1;1;1;;;1;998
1;4;17;41;41058;;3;2;No inventariada;;9;7;1;4;;1;1;1;;;1;998
1;4;18;41;41058;;3;2;No inventariada;;9;7;1;4;;1;1;1;;;1;998
3;2;11;41;41058;;1;1;A-398;4,2;5;4;1;4;;1;1;1;;;1;1
2;4;19;41;41058;;3;2;No inventariada;;9;4;2;;;1;4;1;;;1;998
4;1;9;41;41058;;1;1;A-8026;9,472;6;2;1;1;;1;1;1;;;6;1
3;1;13;41;41058;;3;2;No inventariada;;9;7;1;2;A-8025;1;1;1;;;1;998
2;1;14;41;41058;;3;2;No inventariada;;9;6;2;;;1;1;1;;;1;998
4;2;22;41;41058;;3;2;No inventariada;;9;2;2;;;1;5;1;;;1;998
5;1;7;41;41058;;3;2;No inventariada;;9;4;2;;;1;1;1;;;1;998
6;7;2;41;41058;;1;1;SE-3202;4,8;6;7;2;;;1;6;1;;;8;1
6;4;15;41;41058;;3;2;No inventariada;;9;7;2;;;1;1;1;;;1;998
8;7;20;41;41058;;3;2;No inventariada;;9;1;1;2;;1;1;1;;;1;998
9;7;14;41;41058;;1;1;A-398;5,647;5;2;1;7;A-398;1;1;1;;;18;2
9;1;18;41;41058;;3;2;No inventariada;;9;7;2;;;1;1;1;;;6;998
9;2;17;41;41058;;3;2;No inventariada;;9;10;2;;;1;1;1;;;1;998
10;2;15;41;41058;;1;1;A-8025;2,3;6;3;2;;;1;1;1;;;1;2
9;5;17;41;41058;;3;2;No inventariada;;9;4;2;;;1;1;1;;;1;998
10;5;13;41;41058;;3;2;No inventariada;;9;2;1;2;;1;1;1;;;1;998
10;6;0;41;41058;;3;2;No inventariada;;9;20;2;;;3;4;3;;;5;998
10;2;23;41;41058;;3;2;No inventariada;;9;4;1;2;;3;4;2;;;1;998
10;4;18;41;41058;;3;2;No inventariada;;9;1;1;4;;1;1;1;;;1;998
10;6;22;41;41058;;3;2;No inventariada;;9;2;1;2;;1;4;1;;;1;998
10;5;12;41;41058;;3;2;No inventariada;;9;2;1;1;;1;1;1;;;1;998
12;4;16;41;41058;;3;2;No inventariada;;9;10;1;2;;8;1;2;;;1;998
1;2;7;41;41059;;3;2;No inventariada;;9;2;2;;;1;3;1;;;17;998
1;4;21;41;41059;;3;2;No inventariada;;9;2;2;;;3;3;1;;;17;998
1;4;21;41;41059;;3;2;No inventariada;;9;7;2;;;1;3;1;;;1;998
1;2;20;41;41059;;1;1;A-8055;0;6;7;2;;;1;3;1;;;1;1
1;1;16;41;41059;;3;2;No inventariada;;9;4;2;;;1;1;1;;;1;998
1;4;8;41;41059;;1;1;SE-3303;1;6;4;1;4;A-8067;1;3;1;;;1;4
1;5;20;41;41059;;1;1;A-8055;0,63;6;7;1;1;;1;3;1;;;1;1
2;3;17;41;41059;;3;2;No inventariada;;9;1;2;;;8;1;1;;;1;998
5;4;6;41;41059;;1;1;A-8057;2,7;5;12;1;4;A-8068;1;4;1;;;1;1
2;4;7;41;41059;;3;2;No inventariada;;9;10;2;;;1;3;1;;;1;998
2;4;8;41;41059;;3;2;No inventariada;;9;2;1;1;;1;1;1;;;1;998
2;3;20;41;41059;;3;2;No inventariada;;9;3;2;;;1;3;1;;;12;998
3;5;10;41;41059;;3;2;No inventariada;;9;2;1;1;;1;1;1;;;1;998
4;1;17;41;41059;;3;2;No inventariada;;9;3;2;;;1;1;1;;;1;998
4;3;9;41;41059;;3;2;No inventariada;;9;7;2;;;1;1;1;;;6;998
5;4;14;41;41059;;3;2;No inventariada;;9;2;1;1;;1;1;1;;;1;998
6;4;14;41;41059;;1;1;A-8055;3,555;6;12;2;;;1;1;1;;;18;2
8;2;22;41;41059;;1;1;SE-3304;3,9;6;8;2;;;1;6;1;;;1;1
8;3;12;41;41059;;1;1;A-8068;1,268;5;12;2;;;1;1;1;;;1;1
9;6;16;41;41059;;1;1;A-8068;1,514;5;16;1;4;A-8068;1;1;1;;;18;3
10;3;14;41;41086;;1;1;A-8057;0,5;5;2;1;4;A-8057;1;1;1;;;1;4
10;1;17;41;41059;;1;1;A-8068;0,05;5;2;1;4;A-8057;3;1;1;;;1;2
11;4;21;41;41059;;1;1;SE-40;35,9;3;19;2;;;1;6;1;;;1;1
1;2;17;41;41060;;1;1;A-92;62,446;3;16;2;;;3;1;3;;;1;2
1;3;21;41;41060;;3;2;No inventariada;;9;10;2;;;3;4;3;;;1;998
1;3;17;41;41060;;3;2;No inventariada;;9;7;2;;;1;1;1;;;6;998
1;3;11;41;41060;;3;2;No inventariada;;9;4;1;1;;1;1;1;;;1;998
1;2;8;41;41060;;3;2;No inventariada;;9;2;1;2;;1;2;1;;;18;998
2;1;20;41;41060;;3;2;No inventariada;;9;2;1;1;;1;4;1;;;2;998
3;5;8;41;41060;;3;2;No inventariada;;9;2;1;1;;1;1;1;;;1;998
3;2;13;41;41060;;1;1;A-364R1;39,4;6;18;2;;;1;1;1;;;1;2
3;1;20;41;41060;;1;1;A-380;10,13;6;2;2;;;3;6;2;;;1;2
3;6;10;41;41060;;1;1;A-92;58,6;3;16;2;;;3;1;4;;;1;2
3;6;13;41;41060;;3;2;No inventariada;;9;7;1;2;;1;1;1;;;18;998
3;4;9;41;41060;;3;2;No inventariada;;9;6;2;;;1;1;1;;;18;998
4;3;19;41;41060;;3;2;No inventariada;;9;7;2;;;1;1;1;;;1;998
4;4;19;41;41060;;3;2;No inventariada;;9;7;2;;;1;1;7;;;9;998
4;2;22;41;41060;;1;1;A-407;24,1;6;13;2;;;3;6;7;;;18;2
4;2;19;41;41060;;3;2;No inventariada;;9;7;2;;;1;1;1;;;18;998
7;2;13;41;41060;;1;1;A-380;25,3;6;19;2;;;1;1;1;;;1;1
7;7;10;41;41060;;1;1;SE-7200;0,05;6;10;2;;;1;1;1;;;1;1
8;7;12;41;41060;;1;1;A-364;40;6;18;2;;;1;1;1;;;1;1
9;4;18;41;41060;;1;1;SE-7205;0,1;6;13;1;12;A-92;1;1;1;;;1;2
8;4;13;41;41060;;3;2;No inventariada;;9;7;2;;;1;1;1;;;1;998
9;3;17;41;41060;;3;2;No inventariada;;9;2;1;1;;1;1;1;;;18;998
9;4;13;41;41060;;3;2;No inventariada;;9;10;2;;;1;1;1;;;1;998
9;5;20;41;41060;;3;2;No inventariada;;9;2;1;4;;1;1;1;;;1;998
9;5;21;41;41060;;3;2;No inventariada;;9;2;1;2;;1;3;1;;;1;998
9;4;17;41;41060;;1;1;A-364;41;6;17;2;;;4;1;4;;;1;2
9;3;18;41;41060;;3;2;No inventariada;;9;4;2;;;1;1;1;;;1;998
10;3;15;41;41060;;3;2;No inventariada;;9;7;2;;;1;1;1;;;1;998
11;2;7;41;41060;;1;1;A-407;20,85;6;15;2;;;1;2;1;;;1;3
11;1;10;41;41060;;3;2;No inventariada;;9;4;1;1;;1;1;7;;;1;998
12;7;20;41;41060;;1;1;A-364R1;38,6;6;2;2;;;3;6;3;;;18;2
12;2;22;41;41060;;3;2;No inventariada;;9;6;2;;;1;4;1;;;1;998
12;7;20;41;41060;;3;2;No inventariada;;9;6;2;;;1;4;7;;;1;998
12;2;13;41;41060;;3;2;No inventariada;;9;4;1;2;;1;1;1;;;1;998
12;3;12;41;41060;;3;2;No inventariada;;9;10;2;;;3;1;1;;;1;998
12;2;9;41;41060;;1;1;A-92;57,895;7;1;2;;;2;1;1;;;6;1
4;1;17;41;0;;2;2;A-388;25,4;6;2;1;2;;1;1;2;;;1;1
11;7;16;41;0;;2;2;A-388;24,125;6;2;1;2;;1;1;2;;;1;1
3;5;20;41;0;;1;1;A-353;29,306;5;19;2;;;1;6;1;;;1;1
1;2;21;41;0;;1;1;A-360;26,5;6;9;2;;;3;6;3;;;1;2
1;2;20;41;0;;1;1;SE-4201;2,8;6;12;2;;;3;6;4;;1;1;1
3;6;12;41;0;;1;1;A-360;25,5;6;16;1;2;SE-4201;1;1;1;;;1;1
3;3;21;41;0;;1;1;A-360;23,8;6;14;2;;;3;6;4;;;5;2
6;7;16;41;0;;1;1;A-375;7,1;6;19;1;2;SE-4202;1;1;1;;;1;1
6;3;2;41;0;;1;1;SE-4201;0,9;6;4;1;2;SE-4201;1;6;1;;;1;1
6;5;17;41;0;;1;1;A-360;26,95;6;2;2;;;1;1;1;;;1;2
8;4;13;41;0;;1;1;A-375;7,3;6;2;1;2;SE-4202;1;1;1;;;1;1
10;2;19;41;0;;1;1;SE-4201;0,3;6;19;1;2;;3;2;3;;;5;1
1;1;6;41;41064;;1;1;A-8127;9,5;6;8;2;;;1;6;1;;;1;1
1;6;9;41;41064;;3;2;No inventariada;;9;19;2;;;1;1;1;;;1;998
4;4;0;41;0;;1;1;A-375;30;6;17;2;;;1;6;1;;;1;1
7;2;21;41;41064;;1;1;A-361;31,5;6;19;2;;;1;2;1;;;1;1
3;5;19;41;41064;;3;2;No inventariada;;9;3;1;1;;1;1;1;;;1;998
11;3;15;41;41064;;1;1;A-361;33,4;6;10;2;;;1;1;1;;;1;2
9;4;21;41;41064;;3;2;No inventariada;;9;4;1;1;;1;4;1;;;1;998
1;3;16;41;41065;;1;1;A-361;8,6;6;4;2;;;1;1;1;;;1;1
2;5;19;41;41065;;1;1;A-361;19,8;6;15;2;;;1;6;1;;;1;2
2;7;18;41;41065;;1;1;SE-7204;13,2;6;15;2;;;3;2;3;;;1;2
4;6;14;41;41065;;1;1;SE-5206;8,6;6;18;2;;;1;1;1;;;1;2
4;7;16;41;41011;;1;1;A-360;32,249;6;2;1;1;A-360;1;1;1;;;1;1
5;7;8;41;41065;;1;1;A-8125;11,343;6;19;2;;;1;1;1;;;1;1
5;3;21;41;41065;;1;1;A-361;9,365;6;15;2;;;1;1;1;;;1;2
5;4;16;41;41065;;1;1;A-406;16,2;6;4;2;;;1;1;1;;;1;1
6;3;10;41;41065;;1;1;A-8125;13,1;6;19;1;2;;1;1;1;;;1;1
6;3;23;41;41065;;1;1;SE-437;7,3;6;14;2;;;1;6;1;;;1;1
6;7;14;41;41065;;1;1;A-361;12,176;6;18;2;;;1;1;1;;;1;1
7;4;8;41;41065;;1;1;A-361;15,2;6;16;2;;;1;1;1;;;1;3
9;4;23;41;41065;;1;1;A-360;35,2;6;8;2;;;1;6;1;;;1;1
10;3;7;41;41065;;1;1;A-8125;8;6;2;2;;;1;6;1;;;1;1
10;4;1;41;41065;;1;1;A-360;43,25;6;18;2;;;3;6;3;;;1;2
10;4;15;41;41065;;1;1;A-361;13,7;6;19;2;;;3;1;1;;;1;2
12;5;17;41;41065;;1;1;A-361;16,225;6;2;1;1;;1;1;2;;;1;1
12;6;8;41;41065;;1;1;A-360;41,081;6;4;2;;;1;1;1;;;1;1
12;4;11;41;41065;;1;1;A-8126;8,3;6;10;2;;;3;1;1;;;1;1
4;7;13;41;0;;1;1;A-8202;18;6;10;2;;;2;1;1;;;1;2
6;7;12;41;0;;1;1;SE-7104;17,7;6;16;2;;;1;1;1;;;1;2
4;6;12;41;41067;;1;1;SE-3406;0;6;1;1;1;;1;1;1;;;1;1
5;1;11;41;41067;;3;2;No inventariada;;9;4;2;;;1;1;1;;;1;998
5;3;8;41;41067;;3;2;No inventariada;;9;7;2;;;1;1;1;;;6;998
7;5;6;41;41067;;1;1;SE-3405;1,1;6;4;2;;;1;5;1;;;1;1
9;5;14;41;41067;;1;1;No inventariada;0,3;4;2;2;;;1;1;1;;;1;1
4;5;12;41;41067;;3;2;No inventariada;;9;4;2;;;1;1;1;;;1;998
4;1;19;41;41067;;3;2;No inventariada;;9;2;1;4;;1;1;1;;;6;998
9;4;16;41;41067;;3;2;No inventariada;;9;7;2;;;1;1;1;;;1;998
9;5;12;41;41067;;2;2;A-8077;11;6;4;1;4;;2;1;1;;;1;4
8;1;1;41;41067;;3;2;No inventariada;;9;7;1;1;;1;4;1;;;1;998
6;3;9;41;41067;;3;2;No inventariada;;9;4;2;;;1;1;1;;;18;998
12;3;19;41;41067;;3;2;No inventariada;;9;7;2;;;1;4;1;;;8;998
2;3;9;41;41068;;1;1;A-451;4;6;4;2;;;1;1;2;;;1;1
2;3;11;41;41068;;1;1;SE-8204;5,2;6;14;2;;;1;1;1;;;1;2
3;3;20;41;41068;;1;1;A-351;17,6;6;19;2;;;1;6;1;;;1;1
2;2;17;41;41068;;3;2;No inventariada;;9;2;1;1;;1;1;1;;;1;998
4;4;16;41;41068;;1;1;A-351;29,562;6;2;1;2;;1;1;1;;;1;1
4;2;13;41;41068;;1;1;A-451;0,007;6;4;2;;;1;1;1;;;4;1
5;4;23;41;41068;;1;1;A-92;87;3;18;2;;;1;6;1;;;1;1
2;2;2;41;41068;;3;2;No inventariada;;9;10;2;;;1;4;1;;;18;998
5;4;10;41;41068;;3;2;No inventariada;;9;2;1;2;;1;1;1;;;1;998
6;2;14;41;41068;;1;1;A-92;73,5;3;12;2;;;1;1;1;;;1;2
5;5;11;41;41068;;3;2;No inventariada;;9;4;2;;;1;1;1;;;1;998
7;2;22;41;41068;;3;2;No inventariada;;9;2;1;1;;1;4;1;;;18;998
7;2;22;41;41068;;3;2;No inventariada;;9;2;1;2;;1;4;1;;;2;998
8;7;5;41;41068;;1;1;A-407;4,3;6;14;2;;;1;6;1;;;1;1
9;3;17;41;41068;;1;1;A-351;20;6;14;2;;;1;1;1;;;1;1
8;2;0;41;41068;;3;2;No inventariada;;9;10;1;1;;1;4;1;;;1;998
9;1;15;41;41068;;3;2;No inventariada;;9;2;1;1;;1;1;1;;;1;998
9;4;21;41;41068;;3;2;No inventariada;;9;3;1;1;;1;4;1;;;18;998
10;2;15;41;41068;;3;2;No inventariada;;14;2;1;1;;1;1;1;;;18;998
11;1;12;41;41068;;1;1;A-451;12,936;6;18;2;;;3;1;2;;;1;3
12;2;18;41;41068;;1;1;A-451;6,8;6;3;2;;;1;6;1;;;1;3
12;1;8;41;41068;;1;1;A-351;24,1;6;2;1;2;;1;2;1;;;1;1
11;7;0;41;41068;;3;2;No inventariada;;9;10;2;;;1;4;1;;;1;998
2;4;21;41;41069;;1;1;AP-4;27,4;2;4;2;;;3;6;3;;;1;1
3;2;4;41;41069;;1;1;AP-4;24,2;2;6;2;;;1;6;1;;;1;1
4;1;17;41;41069;;1;1;SE-9036;2;6;19;2;;;1;1;1;;;1;4
5;4;13;41;41069;;1;1;AP-4;23,5;2;4;2;;;1;1;1;;;1;1
5;7;15;41;41069;;1;1;AP-4;27,595;2;5;2;;;1;1;1;;;1;1
5;7;16;41;41069;;1;1;AP-4;20;2;6;2;;;1;1;1;;;18;1
5;6;23;41;41069;;1;1;CHG-BG-01;0,033;6;12;1;2;N-4a;1;6;1;;;1;3
6;6;6;41;41069;;1;1;SE-9023;2,2;4;14;2;;;1;3;1;;;1;3
8;2;5;41;41069;;1;1;N-4;575,6;6;12;1;2;;1;6;1;;;1;1
8;6;21;41;41069;;1;1;N-4;570,333;6;4;1;2;;1;6;1;;;1;1
9;7;21;41;41069;;1;1;CHG-BG-06;2,354;6;15;2;;;1;6;1;;;1;3
9;7;15;41;41069;;1;1;AP-4;30,9;2;3;2;;;1;1;1;;;1;1
9;6;13;41;41069;;1;1;AP-4;21,8;2;4;2;;;1;1;1;;;18;1
10;4;7;41;41069;;1;1;CHG-BG-06;1;6;3;2;;;1;6;1;;;3;1
10;3;19;41;41069;;1;1;A-362;9,88;6;3;1;4;;1;2;1;;;1;3
9;3;16;41;41069;;3;2;No inventariada;;9;2;1;1;;1;1;1;;;18;998
6;6;18;41;41069;;3;2;No inventariada;;9;2;1;4;;1;1;1;;;1;998
7;1;12;41;41069;;3;2;No inventariada;;9;7;2;;;1;1;1;;;1;998
9;3;15;41;41069;;3;2;No inventariada;;9;2;1;1;;1;1;1;;;18;998
8;5;11;41;41069;;3;2;No inventariada;;9;7;2;;;1;1;1;;;18;998
5;4;7;41;41069;;3;2;No inventariada;;9;2;1;4;;1;1;1;;;18;998
5;7;19;41;41069;;3;2;No inventariada;;9;2;1;1;;1;1;1;;;18;998
5;2;20;41;41069;;3;2;No inventariada;;9;7;2;;;1;1;1;;;6;998
5;2;10;41;41069;;3;2;No inventariada;;9;7;2;;;1;1;1;;;18;998
4;1;9;41;41069;;3;2;No inventariada;;9;2;1;1;;1;1;1;;;18;998
11;7;5;41;41069;;3;2;No inventariada;;9;16;2;;;1;3;1;;;1;998
11;2;18;41;41069;;3;2;No inventariada;;9;2;2;;;1;3;1;;;1;998
10;4;12;41;41069;;3;2;No inventariada;;14;2;1;4;;1;1;1;;;9;998
1;6;16;41;41070;;1;1;A-8058;7,447;5;10;1;4;SE-40;1;1;1;;;18;2
6;2;12;41;41070;;2;2;A-8054;1,404;6;7;2;;;1;1;1;;;1;1
9;4;20;41;41059;;1;1;SE-3304;3,5;6;1;2;;;1;6;1;;;1;2
9;6;18;41;41070;;1;1;A-8058;7,08;5;2;1;1;SE-3301;1;1;1;;;1;1
1;2;19;41;41071;;1;1;A-92;44,9;3;4;1;12;SE-5201;1;6;1;;;1;1
1;6;19;41;41071;;1;1;SE-5201;0,091;6;2;1;2;A-92;1;6;1;;;1;1
2;1;15;41;41071;;1;1;SE-5201;0,083;6;2;1;1;A-92;1;1;1;;;1;1
2;2;15;41;41071;;3;2;No inventariada;;9;7;1;1;;1;1;1;;;1;998
3;2;20;41;41071;;3;2;No inventariada;;9;7;1;2;;1;4;1;;;1;998
4;3;14;41;41071;;1;1;A-92;43,807;3;18;2;;;1;1;1;;;1;1
6;3;13;41;41060;;1;1;A-380;6;6;15;2;;;3;1;3;;;1;1
10;3;18;41;41071;;1;1;A-364;41,3;6;1;2;;;3;1;3;;;5;2
10;6;18;41;41071;;1;1;A-361;1,65;6;14;2;;;3;2;2;;;1;1
12;7;10;41;41071;;1;1;A-92;47,5;3;18;2;;;1;1;1;;;1;1
11;4;19;41;41071;;3;2;No inventariada;;9;7;1;2;;1;4;7;;;14;998
12;7;20;41;41071;;1;1;A-361;0,9;6;14;2;;;3;6;7;;;1;4
10;2;15;41;41072;;1;1;A-353;17;6;13;2;;;3;1;4;;;17;2
1;7;22;41;0;;1;1;A-432;36,8;6;18;2;;;1;6;1;;;1;2
4;2;15;41;0;;1;1;A-432;17,506;6;6;2;;;1;1;1;;;4;2
11;1;10;41;0;;1;1;A-432;23,1;6;19;2;;;3;6;3;;;1;2
3;4;18;41;0;;1;1;A-431;54,376;6;3;2;;;1;1;2;;;1;1
5;6;11;41;0;;1;1;A-431;57,5;6;2;1;5;SE-6101;1;1;1;;;1;1
5;5;8;41;0;;3;2;No inventariada;;9;3;2;;;1;1;1;;;1;998
5;5;12;41;0;;1;1;A-431;58;6;6;1;2;;1;1;1;;;1;1
7;7;20;41;0;;1;1;SE-7105;0;6;2;1;2;;1;1;1;;;1;1
6;1;13;41;0;;3;2;No inventariada;;9;2;1;1;;1;1;1;;;2;998
9;1;18;41;0;;1;1;A-431;56,09;6;4;2;;;1;1;1;;;1;1
12;7;9;41;0;;1;1;A-431;53,8;6;13;2;;;1;1;1;;;18;2
2;3;9;41;41075;;1;1;A-8061;2,2;6;15;2;;;3;1;2;1;;1;2
2;6;9;41;41075;;1;1;A-8061;1,401;6;16;2;;;3;1;1;;;1;2
1;5;9;41;41075;;3;2;No inventariada;;9;4;1;4;;1;1;1;;;1;998
3;2;19;41;41075;;1;1;A-474;28,7;6;16;2;;;1;1;1;;;1;3
5;1;17;41;41075;;1;1;A-474;28,1;6;1;2;;;1;1;1;;;1;2
3;5;20;41;41075;;3;2;No inventariada;;9;20;2;;;1;4;1;;;1;998
3;2;14;41;41075;;3;2;No inventariada;;9;10;2;;;1;1;1;;;4;998
3;6;16;41;41075;;3;2;No inventariada;;9;2;1;1;;1;1;1;;;2;998
4;3;12;41;41075;;3;2;No inventariada;;9;7;1;2;;3;1;3;;;2;998
7;2;21;41;41075;;1;1;A-8060;3,335;6;8;2;;;1;2;1;;;1;1
8;1;12;41;41075;;1;1;A-474;28,8;6;4;1;1;;1;1;1;;;1;1
9;7;6;41;0;;1;1;A-49;28,9;3;4;2;;;1;6;2;;;1;1
9;7;14;41;41075;;3;2;No inventariada;;9;2;1;2;;1;1;1;;;2;998
9;5;9;41;41075;;3;2;No inventariada;;9;2;2;;;1;1;1;;;1;998
11;5;20;41;41075;;3;2;No inventariada;;9;2;1;4;;1;4;1;;;1;998
11;3;16;41;41075;;3;2;No inventariada;;9;7;2;;;1;1;1;;;6;998
1;3;9;41;41077;;1;1;SE-7203;2;6;4;1;5;;3;1;3;;;1;1
3;4;4;41;41077;;1;1;A-92;65,45;3;12;2;;;1;6;1;;;1;1
3;1;20;41;41077;;1;1;A-92;65,207;3;19;1;2;SE-7202;3;6;4;;;1;2
3;2;8;41;41077;;1;1;SE-7203;1;6;4;2;;;1;1;1;;;6;4
7;7;21;41;41077;;1;1;A-92;68,076;3;18;2;;;1;2;1;;;1;1
7;5;8;41;41077;;3;2;No inventariada;;9;7;2;;;1;1;1;;;18;998
8;7;12;41;41077;;3;2;No inventariada;;9;1;2;;;1;1;1;;;18;998
8;2;0;41;41077;;1;1;A-92;65,8;3;6;2;;;1;6;1;;;1;1
11;5;20;41;41077;;3;2;No inventariada;;9;2;2;;;1;4;1;;;18;998
11;3;9;41;41077;;1;1;SE-7203;0,7;6;6;2;;;3;1;2;1;;18;2
11;5;15;41;41077;;3;2;No inventariada;;9;2;2;;;1;1;1;;;18;998
5;4;10;41;0;;1;1;SE-6102;17,1;6;2;2;;;1;1;1;;;1;3
6;6;11;41;0;;1;1;SE-7104;10;6;16;2;;;1;1;1;;;1;1
6;7;5;41;0;;1;1;SE-6102;19,6;6;13;2;;;1;6;1;;;1;2
8;3;0;41;0;;1;1;SE-6102;19,666;6;15;2;;;1;6;1;;;1;2
10;7;10;41;41033;;1;1;SE-7103;14,2;6;16;2;;;1;1;2;;;1;2
12;1;5;41;0;;1;1;SE-6102;12,6;6;14;2;;;1;6;1;;;4;2
2;7;10;41;41079;;1;1;A-8053;3,067;6;12;2;;;1;1;2;;;1;2
5;1;15;41;41079;;1;1;A-8050;4,442;6;4;2;;;1;3;1;;;1;1
6;5;16;41;41079;;1;1;A-8050;2,451;6;15;2;;;3;1;3;;;18;1
7;7;13;41;41079;;1;1;A-8053;1,156;6;19;2;;;1;1;1;;;1;2
11;6;11;41;41044;;1;1;A-8058;3,4;5;10;2;;;1;1;1;;;1;1
4;7;7;41;0;;1;1;A-5301;5,677;6;8;2;;;1;2;1;1;;18;1
6;4;18;41;0;;1;1;A-5301;17,3;6;3;2;;;1;1;1;;;1;1
1;7;17;41;41081;;1;1;A-8005;6,476;6;2;1;4;A-8001;1;1;1;;;1;2
1;3;10;41;41081;;1;1;A-4;525,518;3;4;2;;;1;1;2;;;1;1
1;5;5;41;41081;;1;1;A-8008;6,7;6;19;2;;;3;6;4;;;18;2
2;5;20;41;41081;;1;1;A-4;525,4;3;7;2;;;3;6;1;;;1;1
2;4;0;41;41081;;1;1;A-8002;1,7;6;2;1;4;;1;4;1;;;1;1