MES;DIA_SEMANA;HORA;COD_PROVINCIA;COD_MUNICIPIO;ISLA;ZONA;ZONA_AGRUPADA;CARRETERA;KM;TIPO_VIA;TIPO_ACCIDENTE;NUDO;NUDO_INFO;CARRETERA_CRUCE;CONDICION_FIRME;CONDICION_ILUMINACION;CONDICION_METEO;CONDICION_NIEBLA;CONDICION_VIENTO;VISIB_RESTRINGIDA_POR;TRAZADO_PLANTA
1;5;7;41;41091;;3;2;No inventariada;;9;4;1;2;;1;2;1;;;1;998
1;7;7;41;41091;;3;2;No inventariada;;9;2;1;1;;1;1;1;;;1;998
1;5;7;41;41091;;3;2;No inventariada;;9;5;1;1;;1;2;1;;;1;998
1;5;7;41;41091;;3;2;No inventariada;;9;7;2;;;1;1;1;;;1;998
1;5;13;41;41091;;3;2;No inventariada;;9;2;1;1;;1;1;1;;;9;998
1;5;14;41;41091;;3;2;No inventariada;;9;2;2;;;1;1;1;;;1;998
1;1;18;41;41091;;3;2;No inventariada;;9;4;1;5;;1;4;2;;;1;998
1;4;19;41;41091;;3;2;No inventariada;;9;4;2;;;1;4;1;;;1;998
1;5;21;41;41091;;3;2;No inventariada;;9;4;2;;;1;4;1;;;1;998
1;6;7;41;41091;;3;2;No inventariada;;9;2;1;1;;1;3;1;;;1;998
1;5;20;41;41091;;3;2;No inventariada;;9;4;1;1;;1;4;1;;;1;998
1;3;22;41;41091;;3;2;No inventariada;;9;2;1;1;;1;4;1;;;1;998
1;6;11;41;41091;;3;2;No inventariada;;9;5;1;2;;1;1;1;;;1;998
1;6;14;41;41091;;3;2;No inventariada;;9;2;1;2;;1;1;1;;;1;998
1;2;19;41;41091;;3;2;No inventariada;;9;4;1;5;;3;4;2;;;1;998
1;1;18;41;41091;;3;2;No inventariada;;9;10;1;2;;1;1;1;;;9;998
1;1;9;41;41091;;3;2;No inventariada;;9;7;1;5;;1;1;1;;;1;998
1;7;19;41;41091;;3;2;No inventariada;;9;4;2;;;1;4;1;;;1;998
1;6;10;41;41091;;3;2;No inventariada;;9;2;1;4;;1;4;1;;;1;998
1;1;17;41;41091;;3;2;No inventariada;;9;10;2;;;1;1;1;;;1;998
1;6;8;41;41091;;1;1;SE-30;2,4;3;7;1;12;;1;4;1;;;1;3
1;1;21;41;41091;;3;2;No inventariada;;9;2;1;1;;1;4;1;;;1;998
1;2;0;41;41091;;3;2;No inventariada;;9;10;2;;;1;4;1;;;1;998
1;2;6;41;41091;;3;2;No inventariada;;9;2;1;1;;1;4;1;;;1;998
1;2;7;41;41091;;3;2;No inventariada;;9;4;2;;;1;1;1;;;1;998
1;2;8;41;41091;;3;2;No inventariada;;9;4;1;2;;1;3;1;;;1;998
1;2;8;41;41091;;3;2;No inventariada;;9;3;1;2;;1;1;1;;;1;998
1;5;9;41;41091;;3;2;No inventariada;;9;7;1;1;;1;1;1;1;;1;998
1;2;14;41;41091;;3;2;No inventariada;;9;10;2;;;2;1;1;;;1;998
1;7;13;41;41091;;3;2;No inventariada;;9;20;2;;;1;1;1;;;1;998
1;2;20;41;41091;;3;2;No inventariada;;9;6;2;;;1;4;1;;;1;998
1;1;21;41;41091;;1;1;SE-30;14,8;3;3;2;;;1;4;1;;;1;1
1;5;8;41;41091;;3;2;No inventariada;;9;15;1;4;;3;4;3;;;1;998
1;6;23;41;41091;;3;2;No inventariada;;9;2;2;;;1;4;1;;;1;998
1;6;14;41;41091;;3;2;No inventariada;;9;7;2;;;1;1;1;;;1;998
1;7;14;41;41091;;3;2;No inventariada;;9;2;1;5;;1;1;1;;;1;998
1;5;12;41;41091;;3;2;No inventariada;;9;3;1;4;;3;1;2;;;1;998
1;5;23;41;41091;;3;2;No inventariada;;9;3;2;;;1;4;1;;;1;998
1;2;13;41;41091;;3;2;No inventariada;;9;2;1;4;;1;1;1;;;1;998
1;6;20;41;41091;;3;2;No inventariada;;9;3;1;2;;1;4;1;;;1;998
1;3;15;41;41091;;3;2;No inventariada;;9;4;1;4;;1;1;1;;;1;998
1;3;15;41;41091;;3;2;No inventariada;;9;10;1;1;;1;1;1;;;1;998
1;3;16;41;41091;;3;2;No inventariada;;9;2;1;2;;1;1;1;;;1;998
2;4;12;41;41091;;1;1;SE-30;1,262;3;4;2;;;1;1;1;;;1;1
2;4;17;41;41091;;1;1;SE-30;14;8;10;1;2;;1;1;1;;;1;2
1;3;12;41;41091;;3;2;No inventariada;;9;7;1;1;;1;1;1;;;1;998
1;3;12;41;41091;;3;2;No inventariada;;9;3;2;;;1;1;1;;;1;998
1;3;11;41;41091;;3;2;No inventariada;;9;4;1;1;;1;1;1;;;1;998
2;4;15;41;41091;;3;2;No inventariada;;9;2;1;2;;1;1;1;;;1;998
2;4;16;41;41091;;3;2;No inventariada;;9;2;2;;;1;1;1;;;1;998
2;4;14;41;41091;;3;2;No inventariada;;9;2;1;1;;1;1;1;;;1;998
2;4;17;41;41091;;3;2;No inventariada;;9;2;1;2;;1;1;1;;;1;998
2;4;19;41;41091;;3;2;No inventariada;;9;4;1;2;;1;4;1;;;1;998
2;4;19;41;41091;;3;2;No inventariada;;9;2;1;4;;1;4;1;;;1;998
2;4;19;41;41091;;3;2;No inventariada;;9;4;2;;;1;4;1;;;1;998
2;5;14;41;41091;;1;1;SE-30;3,5;3;4;2;;;1;1;1;;;1;1
1;2;19;41;41091;;3;2;No inventariada;;9;7;2;;;1;4;1;;;1;998
1;3;17;41;41091;;3;2;No inventariada;;9;9;2;;;1;1;1;;;1;998
1;3;15;41;41091;;3;2;No inventariada;;9;5;2;;;1;1;1;;;1;998
2;4;0;41;41091;;3;2;No inventariada;;9;10;2;;;1;1;1;;;1;998
2;4;13;41;41091;;3;2;No inventariada;;9;2;1;2;;1;1;1;;;1;998
2;4;15;41;41091;;3;2;No inventariada;;9;4;1;2;;1;1;1;;;1;998
2;4;16;41;41091;;3;2;No inventariada;;9;4;2;;;1;1;1;;;6;998
2;4;17;41;41091;;3;2;No inventariada;;9;2;1;2;;1;1;1;;;1;998
2;5;9;41;41091;;3;2;No inventariada;;9;10;1;1;;1;1;1;;;1;998
2;4;18;41;41091;;3;2;No inventariada;;9;10;2;;;1;3;1;;;1;998
2;5;22;41;41091;;3;2;No inventariada;;9;4;2;;;1;4;1;;;1;998
1;1;5;41;41091;;3;2;No inventariada;;9;2;1;2;;1;3;1;;;1;998
2;6;4;41;41091;;3;2;No inventariada;;9;2;1;5;;1;4;1;;;1;998
2;6;7;41;41091;;3;2;No inventariada;;9;2;1;1;;1;4;1;;;1;998
2;6;9;41;41091;;3;2;No inventariada;;9;4;2;;;1;1;1;;;1;998
2;6;16;41;41091;;3;2;No inventariada;;9;10;2;;;1;1;1;;;1;998
2;7;5;41;41091;;1;1;A-92;0,775;3;4;2;;;1;6;1;;;1;1
1;4;12;41;41091;;1;1;A-8008;3,2;6;3;2;;;1;1;1;;;1;1
1;4;0;41;41091;;3;2;No inventariada;;9;10;2;;;3;4;7;;;18;998
1;2;11;41;41091;;3;2;No inventariada;;9;7;2;;;1;1;1;;;1;998
2;5;9;41;41091;;3;2;No inventariada;;9;2;1;2;;1;1;1;;;6;998
2;7;14;41;41091;;3;2;No inventariada;;9;7;1;2;;1;1;1;;;1;998
2;7;15;41;41091;;3;2;No inventariada;;9;2;1;1;;1;1;1;;;1;998
1;1;14;41;41091;;1;1;SE-30;2,6;3;4;2;;;1;1;1;;;18;1
1;3;23;41;41091;;3;2;No inventariada;;9;4;2;;;1;4;1;;;1;998
1;6;3;41;41091;;3;2;No inventariada;;9;6;2;;;1;4;1;;;1;998
1;6;20;41;41091;;3;2;No inventariada;;9;1;1;1;;1;3;7;;;1;998
2;5;19;41;41091;;3;2;No inventariada;;9;7;1;2;;1;4;1;;;1;998
2;1;6;41;41091;;3;2;No inventariada;;9;2;1;2;;1;4;1;;;1;998
2;1;8;41;41091;;3;2;No inventariada;;9;10;1;2;;1;3;1;;;1;998
2;1;15;41;41091;;3;2;No inventariada;;9;4;2;;;1;1;1;;;1;998
2;7;5;41;41091;;3;2;No inventariada;;9;2;2;;;1;4;1;;;1;998
2;1;18;41;41091;;3;2;No inventariada;;9;2;1;5;;1;2;1;;;1;998
1;3;19;41;41091;;3;2;No inventariada;;9;7;2;;;1;4;1;;;1;998
1;7;19;41;41091;;3;2;No inventariada;;9;2;2;;;1;4;7;;;18;998
1;3;10;41;41091;;3;2;No inventariada;;9;10;2;;;1;1;1;;;1;998
1;4;7;41;41091;;3;2;No inventariada;;9;2;1;5;;1;1;1;;;1;998
1;5;13;41;41091;;3;2;No inventariada;;9;7;2;;;1;1;1;;;1;998
2;4;13;41;41091;;3;2;No inventariada;;9;2;2;;;1;1;1;;;1;998
2;1;10;41;41091;;3;2;No inventariada;;9;7;1;4;;1;1;1;;;1;998
2;1;11;41;41091;;3;2;No inventariada;;9;10;2;;;1;1;1;;;1;998
2;1;12;41;41091;;3;2;No inventariada;;9;2;1;1;;1;1;1;;;1;998
2;1;19;41;41091;;3;2;No inventariada;;9;2;2;;;1;4;1;;;1;998
2;1;20;41;41091;;3;2;No inventariada;;9;4;2;;;1;4;1;;;1;998
2;2;11;41;41091;;3;2;No inventariada;;9;2;1;1;;1;1;1;;;2;998
2;2;19;41;41091;;3;2;No inventariada;;9;10;1;1;;8;4;1;;;1;998
2;3;8;41;41091;;1;1;SE-30;13,3;3;5;2;;;1;1;2;;;18;1
2;4;17;41;41091;;3;2;No inventariada;;9;2;2;;;1;1;1;;;1;998
2;7;7;41;41091;;3;2;No inventariada;;9;2;1;5;;1;4;1;;;1;998
2;7;18;41;41091;;3;2;No inventariada;;9;20;2;;;8;1;1;;;9;998
2;7;21;41;41091;;3;2;No inventariada;;9;7;2;;;1;4;1;;;1;998
2;3;9;41;41091;;3;2;No inventariada;;9;7;2;;;1;1;2;1;;1;998
2;3;17;41;41091;;3;2;No inventariada;;9;4;1;2;;1;1;1;;;1;998
1;3;16;41;41091;;3;2;No inventariada;;9;7;1;1;;1;1;1;;;1;998
1;7;9;41;41091;;3;2;No inventariada;;9;2;1;1;;1;1;1;;;9;998
2;2;22;41;41091;;3;2;No inventariada;;9;2;2;;;1;4;2;;;1;998
2;3;11;41;41091;;3;2;No inventariada;;9;5;2;;;1;1;1;;;1;998
2;3;14;41;41091;;3;2;No inventariada;;9;3;2;;;1;1;1;;;1;998
2;3;15;41;41091;;3;2;No inventariada;;9;2;1;2;;1;4;1;;;1;998
2;3;17;41;41091;;3;2;No inventariada;;9;4;1;1;;3;1;1;;;1;998
2;4;7;41;41091;;3;2;No inventariada;;9;2;1;1;;1;3;2;1;;1;998
2;4;9;41;41091;;3;2;No inventariada;;9;7;2;;;1;1;1;;;1;998
2;3;9;41;41091;;3;2;No inventariada;;9;7;2;;;1;1;1;;;18;998
2;4;11;41;41091;;3;2;No inventariada;;9;10;1;2;;1;1;1;;;1;998
2;4;13;41;41091;;3;2;No inventariada;;9;4;2;;;1;1;1;;;1;998
2;4;17;41;41091;;3;2;No inventariada;;9;2;1;5;;3;1;3;;;1;998
2;4;18;41;41091;;3;2;No inventariada;;9;4;2;;;3;1;3;;;1;998
2;4;19;41;41091;;3;2;No inventariada;;9;10;1;2;;3;4;3;;;5;998
2;5;6;41;41091;;1;1;SE-30;5,1;3;5;2;;;3;4;3;;;18;1
2;4;20;41;41091;;3;2;No inventariada;;9;2;1;4;;3;4;3;;;1;998
2;5;8;41;41091;;3;2;No inventariada;;9;4;1;5;;3;4;4;1;;5;998
2;5;7;41;41091;;3;2;No inventariada;;9;10;2;;;3;4;3;;;5;998
2;5;15;41;41091;;3;2;No inventariada;;9;2;2;;;3;1;3;;;5;998
2;5;15;41;41091;;3;2;No inventariada;;9;2;1;4;;3;1;3;;;5;998
2;5;16;41;41091;;3;2;No inventariada;;9;4;2;;;3;1;1;;;1;998
2;5;15;41;41091;;3;2;No inventariada;;9;6;1;4;;3;1;3;;;1;998
2;5;17;41;41091;;3;2;No inventariada;;9;3;2;;;3;1;1;;;1;998
2;5;12;41;41091;;3;2;No inventariada;;9;2;1;1;;3;1;4;;;1;998
2;6;17;41;41091;;3;2;No inventariada;;9;10;2;;;1;1;1;;;1;998
2;6;18;41;41091;;3;2;No inventariada;;9;10;2;;;1;1;1;;;1;998
2;5;9;41;41091;;1;1;SE-31;1,14;5;12;2;;;4;1;4;;;5;2
2;6;18;41;41091;;3;2;No inventariada;;9;2;1;4;;1;1;1;;;1;998
2;6;20;41;41091;;3;2;No inventariada;;9;4;2;;;1;1;1;;;1;998
2;6;14;41;41091;;3;2;No inventariada;;9;2;1;1;;1;1;1;;;1;998
2;1;9;41;41091;;3;2;No inventariada;;9;10;1;1;;9;1;1;;;1;998
2;1;15;41;41091;;3;2;No inventariada;;9;2;1;1;;1;1;1;;;1;998
2;1;15;41;41091;;3;2;No inventariada;;9;2;2;;;1;1;1;;;1;998
2;1;17;41;41091;;3;2;No inventariada;;9;7;1;1;;1;1;1;;;1;998
2;1;17;41;41091;;3;2;No inventariada;;9;2;2;;;1;1;1;;;1;998
2;2;14;41;41091;;1;1;A-4;547;3;4;2;;;1;1;1;;;1;1
2;6;7;41;41091;;3;2;No inventariada;;9;4;2;;;1;4;1;;;1;998
1;1;18;41;41091;;3;2;No inventariada;;9;7;2;;;1;1;1;;;1;998
2;2;9;41;41091;;3;2;No inventariada;;9;7;2;;;9;1;2;;;1;998
2;2;10;41;41091;;3;2;No inventariada;;9;2;1;2;;1;1;1;;;1;998
2;2;14;41;41091;;3;2;No inventariada;;9;2;2;;;1;1;1;;;1;998
2;2;17;41;41091;;3;2;No inventariada;;9;2;1;2;;1;1;1;;;1;998
2;2;17;41;41091;;3;2;No inventariada;;9;7;1;1;;1;1;1;;;9;998
2;2;18;41;41091;;3;2;No inventariada;;9;7;1;1;;1;2;1;;;6;998
2;2;19;41;41091;;3;2;No inventariada;;9;10;2;;;1;4;1;;;1;998
2;2;19;41;41091;;3;2;No inventariada;;9;2;2;;;1;4;1;;;1;998
2;6;13;41;41091;;3;2;No inventariada;;9;3;2;;;1;1;1;;;1;998
2;1;8;41;41091;;3;2;No inventariada;;9;10;2;;;3;2;3;;;1;998
2;2;11;41;41091;;3;2;No inventariada;;9;2;2;;;1;1;2;;;1;998
2;3;15;41;41091;;3;2;No inventariada;;9;10;2;;;1;1;1;;;1;998
2;2;22;41;41091;;3;2;No inventariada;;9;2;1;1;;1;4;1;;;1;998
2;2;13;41;41091;;3;2;No inventariada;;9;10;2;;;1;1;1;;;1;998
2;2;21;41;41091;;3;2;No inventariada;;9;3;2;;;1;4;1;;;1;998
2;4;7;41;41091;;3;2;No inventariada;;9;4;2;;;1;1;1;1;;1;998
2;2;20;41;41091;;3;2;No inventariada;;9;4;2;;;1;4;1;;;1;998
2;4;0;41;41091;;3;2;No inventariada;;9;2;2;;;9;1;3;;;1;998
2;4;18;41;41091;;3;2;No inventariada;;9;2;1;1;;3;2;4;;;1;998
2;5;15;41;41091;;1;1;SE-31;2,11;5;3;2;;;1;1;7;;;1;1
2;1;11;41;41091;;3;2;No inventariada;;9;7;1;2;;1;1;1;;;1;998
2;3;19;41;41091;;3;2;No inventariada;;9;2;1;1;;1;4;1;;;1;998
2;4;22;41;41091;;3;2;No inventariada;;9;3;1;4;;1;4;1;;;1;998
2;1;14;41;41091;;3;2;No inventariada;;9;3;2;;;9;1;1;;;18;998
2;5;12;41;41091;;3;2;No inventariada;;9;3;1;5;;1;1;1;;;1;998
2;5;14;41;41091;;3;2;No inventariada;;9;3;1;2;;1;1;1;;;1;998
2;5;17;41;41091;;3;2;No inventariada;;9;2;1;5;;1;1;1;;;6;998
2;6;11;41;41091;;1;1;SE-30;10,4;3;5;2;;;1;1;7;;;18;1
2;6;1;41;41091;;3;2;No inventariada;;9;7;1;1;;1;4;1;;;1;998
2;4;9;41;41091;;3;2;No inventariada;;9;2;1;2;;1;1;1;;;1;998
2;5;14;41;41091;;3;2;No inventariada;;9;2;1;5;;1;1;1;;;1;998
2;5;21;41;41091;;3;2;No inventariada;;9;2;1;5;;1;4;1;;;1;998
2;6;11;41;41091;;3;2;No inventariada;;9;7;1;1;;1;1;1;;;6;998
2;6;14;41;41091;;3;2;No inventariada;;9;3;2;;;1;1;1;;;1;998
2;6;18;41;41091;;3;2;No inventariada;;9;7;2;;;1;1;1;;;6;998
2;6;6;41;41091;;3;2;No inventariada;;9;4;2;;;1;4;1;;;1;998
2;6;13;41;41091;;3;2;No inventariada;;9;10;2;;;1;1;1;;;1;998
2;6;20;41;41091;;3;2;No inventariada;;9;1;1;1;;1;4;1;;;1;998
2;6;22;41;41091;;3;2;No inventariada;;9;2;1;1;;1;4;1;;;1;998
2;7;0;41;41091;;3;2;No inventariada;;9;10;1;5;;1;4;1;;;1;998
2;7;14;41;41091;;3;2;No inventariada;;9;7;2;;;1;1;1;;;1;998
2;6;21;41;41091;;3;2;No inventariada;;9;10;1;12;;8;4;1;;;1;998
2;1;7;41;41091;;1;1;A-8009;1,482;3;4;2;;;1;1;1;;;1;1
2;4;14;41;41091;;3;2;No inventariada;;9;3;1;1;;1;1;1;;;1;998
2;4;17;41;41091;;3;2;No inventariada;;9;4;2;;;3;1;3;;;1;998
2;4;23;41;41091;;3;2;No inventariada;;9;4;2;;;1;4;3;;;1;998
2;1;8;41;41091;;3;2;No inventariada;;9;2;2;;;1;1;1;;;1;998
2;1;9;41;41091;;3;2;No inventariada;;9;4;2;;;1;1;1;;;1;998
2;1;8;41;41091;;3;2;No inventariada;;9;3;2;;;1;1;1;;;1;998
2;7;19;41;41091;;3;2;No inventariada;;9;10;2;;;2;4;1;;;1;998
2;7;1;41;41091;;3;2;No inventariada;;9;4;2;;;1;4;1;;;1;998
1;4;10;41;41091;;3;2;No inventariada;;9;10;2;;;3;1;3;;;1;998
2;1;17;41;41091;;3;2;No inventariada;;9;2;1;5;;1;1;1;;;1;998
2;2;1;41;41091;;3;2;No inventariada;;9;10;2;;;8;4;1;;;1;998
2;7;1;41;41091;;3;2;No inventariada;;9;4;1;1;;1;4;1;;;1;998
2;5;15;41;41091;;3;2;No inventariada;;9;4;2;;;1;1;1;;;1;998
2;7;12;41;41091;;3;2;No inventariada;;9;3;2;;;1;1;1;;;1;998
2;5;8;41;41091;;3;2;No inventariada;;9;10;2;;;1;1;1;;;1;998
2;2;18;41;41091;;3;2;No inventariada;;9;1;1;1;;1;1;1;;;1;998
2;6;6;41;41091;;3;2;No inventariada;;9;7;2;;;1;4;1;;;1;998
2;1;7;41;41091;;3;2;No inventariada;;9;2;1;2;;1;4;1;;;1;998
2;1;21;41;41091;;3;2;No inventariada;;9;2;1;4;;1;4;1;;;1;998
2;2;9;41;41091;;3;2;No inventariada;;9;5;2;;;1;1;1;;;6;998
2;2;0;41;41091;;3;2;No inventariada;;9;10;2;;;1;1;1;;;1;998
2;2;10;41;41091;;3;2;No inventariada;;9;10;2;;;3;1;1;;;1;998
2;2;13;41;41091;;3;2;No inventariada;;9;2;1;1;;1;1;1;;;1;998
2;2;16;41;41091;;3;2;No inventariada;;9;4;2;;;1;1;1;;;1;998
2;2;16;41;41091;;3;2;No inventariada;;9;4;2;;;1;1;1;;;1;998
2;3;7;41;41091;;3;2;No inventariada;;9;2;1;2;;1;3;1;;;1;998
2;3;9;41;41091;;3;2;No inventariada;;9;4;1;4;;1;1;1;;;1;998
2;3;15;41;41091;;3;2;No inventariada;;9;2;1;2;;1;1;1;;;1;998
2;2;17;41;41091;;3;2;No inventariada;;9;7;2;;;1;1;1;;;1;998
2;2;21;41;41091;;3;2;No inventariada;;9;10;2;;;1;4;1;;;1;998
2;4;11;41;41091;;1;1;SE-30;14,5;3;18;2;;;1;1;1;;;1;2
2;4;6;41;41091;;1;1;SE-30;9,3;3;3;2;;;1;4;1;;;1;1
2;4;7;41;41091;;1;1;A-8009;0,7;3;5;2;;;1;6;1;;;1;1
1;5;19;41;41091;;3;2;No inventariada;;9;2;1;2;;1;3;1;;;1;998
2;2;18;41;41091;;3;2;No inventariada;;9;10;2;;;1;1;1;;;1;998
2;5;18;41;41091;;1;1;A-4;545,835;3;4;2;;;3;1;1;;;18;1
2;6;12;41;41091;;3;2;No inventariada;;9;2;1;2;;1;1;1;;;1;998
2;6;13;41;41091;;3;2;No inventariada;;9;2;1;2;;1;1;1;;;18;998
2;7;6;41;41091;;3;2;No inventariada;;9;2;2;;;1;4;1;;;1;998
2;2;19;41;41091;;3;2;No inventariada;;9;2;1;1;;1;3;1;;;18;998
2;3;9;41;41091;;3;2;No inventariada;;9;7;1;2;;1;1;1;;;6;998
2;3;15;41;41091;;3;2;No inventariada;;9;7;2;;;1;1;1;;;9;998
2;4;8;41;41091;;3;2;No inventariada;;9;2;2;;;1;1;1;;;1;998
2;4;11;41;41091;;3;2;No inventariada;;9;3;1;1;;1;1;1;;;1;998
2;4;14;41;41091;;3;2;No inventariada;;9;2;1;2;;1;1;1;;;2;998
2;5;3;41;41091;;3;2;No inventariada;;9;2;1;1;;1;4;1;;;1;998
2;5;8;41;41091;;3;2;No inventariada;;9;2;1;4;;1;1;1;;;1;998
2;5;23;41;41091;;1;1;SE-30;14;3;12;1;2;SE-30;1;4;1;;;1;1
2;6;12;41;41091;;3;2;No inventariada;;9;3;1;4;;1;1;1;;;1;998
2;5;14;41;41091;;3;2;No inventariada;;9;2;1;2;;1;1;1;;;1;998
2;5;11;41;41091;;3;2;No inventariada;;9;2;1;1;;1;1;1;;;1;998
2;6;5;41;41091;;3;2;No inventariada;;9;2;1;4;;1;5;1;;;17;998
2;6;15;41;41091;;3;2;No inventariada;;9;4;1;1;;1;1;1;;;1;998
2;7;16;41;41091;;1;1;SE-30;4,5;3;16;2;;;3;1;1;;;1;2
2;6;12;41;41091;;3;2;No inventariada;;9;7;2;;;1;1;1;;;1;998
2;7;7;41;41091;;3;2;No inventariada;;9;3;2;;;1;4;1;;;1;998
2;1;21;41;41091;;3;2;No inventariada;;9;1;1;2;;1;4;1;;;1;998
2;2;19;41;41091;;3;2;No inventariada;;9;10;2;;;1;4;1;;;1;998
2;6;22;41;41091;;3;2;No inventariada;;9;4;1;5;;1;4;1;;;1;998
2;6;13;41;41091;;3;2;No inventariada;;9;2;1;1;;1;1;1;;;1;998
2;2;18;41;41091;;3;2;No inventariada;;9;7;1;5;;1;1;2;;;1;998
2;6;19;41;41091;;3;2;No inventariada;;9;20;2;;;1;4;1;;;1;998
2;7;15;41;41091;;3;2;No inventariada;;9;4;2;;;3;1;3;;;1;998
2;1;7;41;41091;;1;1;SE-30;14,345;3;10;2;;;3;3;3;;;1;2
1;2;10;41;41091;;3;2;No inventariada;;9;2;1;4;;1;1;1;;;1;998
2;6;22;41;41091;;3;2;No inventariada;;9;2;1;2;;1;4;1;;;1;998
2;2;14;41;41091;;3;2;No inventariada;;9;7;1;2;;1;1;1;;;1;998
2;4;15;41;41091;;3;2;No inventariada;;9;2;2;;;1;1;1;;;3;998
2;4;21;41;41091;;3;2;No inventariada;;9;1;2;;;1;3;1;;;1;998
2;5;13;41;41091;;3;2;No inventariada;;9;2;1;2;;1;1;1;;;9;998
2;1;9;41;41091;;3;2;No inventariada;;9;7;1;2;;1;1;1;;;1;998
2;1;7;41;41091;;3;2;No inventariada;;9;7;2;;;9;3;3;;;1;998
2;1;14;41;41091;;3;2;No inventariada;;9;4;1;1;;1;1;1;;;1;998
2;1;14;41;41091;;3;2;No inventariada;;9;2;1;4;;1;1;1;;;1;998
2;1;20;41;41091;;3;2;No inventariada;;9;2;2;;;1;4;1;;;1;998
2;2;15;41;41091;;3;2;No inventariada;;9;2;1;1;;1;1;1;;;1;998
2;2;17;41;41091;;3;2;No inventariada;;9;3;1;1;;1;1;1;;;1;998
2;2;18;41;41091;;3;2;No inventariada;;9;10;1;1;;1;1;1;;;1;998
2;3;17;41;41091;;3;2;No inventariada;;9;7;2;;;1;1;1;;;1;998
2;4;19;41;41091;;3;2;No inventariada;;9;3;2;;;3;4;1;;;1;998
2;5;10;41;41091;;3;2;No inventariada;;9;4;2;;;1;1;1;;;1;998
2;7;13;41;41091;;3;2;No inventariada;;9;7;1;2;;1;1;1;;;1;998
2;1;9;41;41091;;3;2;No inventariada;;9;7;2;;;1;1;1;;;1;998
2;4;10;41;41091;;3;2;No inventariada;;9;4;2;;;1;1;1;;;1;998
2;2;10;41;41091;;3;2;No inventariada;;9;7;2;;;1;1;1;;;1;998
2;1;20;41;41091;;3;2;No inventariada;;9;4;2;;;1;3;1;;;1;998
2;3;1;41;41091;;3;2;No inventariada;;9;2;1;1;;1;4;1;;;1;998
2;3;7;41;41091;;3;2;No inventariada;;9;5;2;;;1;4;1;;;1;998
2;3;10;41;41091;;3;2;No inventariada;;9;10;1;2;;1;1;1;;;1;998
2;3;17;41;41091;;3;2;No inventariada;;9;10;1;1;;1;1;1;;;1;998
1;5;16;41;41091;;3;2;No inventariada;;9;3;2;;;1;1;1;;;1;998
2;4;16;41;41091;;3;2;No inventariada;;9;10;1;2;;1;1;2;;;1;998
2;6;21;41;41091;;3;2;No inventariada;;9;6;1;4;;1;4;1;;;1;998
2;1;18;41;41091;;3;2;No inventariada;;9;2;1;2;;1;1;1;;;1;998
2;1;22;41;41091;;3;2;No inventariada;;9;2;1;2;;1;4;1;;;1;998
2;2;18;41;41091;;3;2;No inventariada;;9;2;1;2;;1;1;1;;;1;998
2;3;20;41;41091;;3;2;No inventariada;;9;4;2;;;1;4;1;;;1;998
2;4;8;41;41091;;3;2;No inventariada;;9;1;2;;;1;1;1;;;1;998
2;4;9;41;41091;;3;2;No inventariada;;9;4;1;4;;1;1;1;;;1;998
2;4;10;41;41091;;3;2;No inventariada;;9;2;1;4;;1;1;1;;;1;998
2;1;13;41;41091;;3;2;No inventariada;;9;7;2;;;1;1;1;;;1;998
2;2;21;41;41091;;3;2;No inventariada;;9;7;1;2;;1;4;1;;;1;998
2;2;20;41;41091;;3;2;No inventariada;;9;3;2;;;1;4;7;;;1;998
3;5;9;41;41091;;3;2;No inventariada;;9;4;2;;;1;1;1;;;1;998
3;5;8;41;41091;;3;2;No inventariada;;9;4;2;;;1;1;1;;;1;998
3;5;17;41;41091;;3;2;No inventariada;;9;2;1;1;;1;2;1;;;1;998
3;5;11;41;41091;;3;2;No inventariada;;9;7;1;1;;1;1;1;;;1;998
3;6;0;41;41091;;3;2;No inventariada;;9;2;2;;;3;3;1;;;1;998
3;6;19;41;41091;;3;2;No inventariada;;9;10;2;;;3;4;3;;;1;998
2;3;12;41;41091;;3;2;No inventariada;;9;7;2;;;1;1;1;;;11;998
3;5;13;41;41091;;3;2;No inventariada;;9;10;2;;;1;1;1;;;1;998