MES;DIA_SEMANA;HORA;COD_PROVINCIA;COD_MUNICIPIO;ISLA;ZONA;ZONA_AGRUPADA;CARRETERA;KM;TIPO_VIA;TIPO_ACCIDENTE;NUDO;NUDO_INFO;CARRETERA_CRUCE;CONDICION_FIRME;CONDICION_ILUMINACION;CONDICION_METEO;CONDICION_NIEBLA;CONDICION_VIENTO;VISIB_RESTRINGIDA_POR;TRAZADO_PLANTA
3;6;10;41;41091;;3;2;No inventariada;;9;3;2;;;1;1;1;;;1;998
3;6;13;41;41091;;3;2;No inventariada;;9;2;1;2;;1;1;1;;;1;998
3;7;16;41;41091;;3;2;No inventariada;;9;4;2;;;1;1;1;;;1;998
3;7;17;41;41091;;3;2;No inventariada;;9;1;1;5;;1;1;1;;;1;998
2;6;20;41;41091;;3;2;No inventariada;;9;2;1;1;;1;4;1;;;1;998
3;1;8;41;41091;;3;2;No inventariada;;9;3;2;;;9;1;2;;;1;998
3;1;14;41;41091;;3;2;No inventariada;;9;10;1;2;;1;1;1;;;1;998
3;1;16;41;41091;;3;2;No inventariada;;9;7;2;;;1;1;1;;;1;998
3;1;16;41;41091;;3;2;No inventariada;;9;7;2;;;1;1;1;;;1;998
3;2;18;41;41091;;1;1;A-8083;0,99;3;4;2;;;1;1;1;;;1;1
1;1;22;41;41091;;3;2;No inventariada;;9;6;2;;;1;4;1;;;1;998
2;2;22;41;41091;;3;2;No inventariada;;9;3;1;5;;1;4;1;;;1;998
2;2;20;41;41091;;3;2;No inventariada;;9;6;1;1;;1;3;1;;;1;998
3;5;18;41;41091;;3;2;No inventariada;;9;20;2;;;1;1;1;;;1;998
3;1;11;41;41091;;3;2;No inventariada;;9;2;1;1;;3;1;3;;;1;998
3;1;11;41;41091;;3;2;No inventariada;;9;10;2;;;3;1;3;;;1;998
3;2;16;41;41091;;3;2;No inventariada;;9;2;1;2;;1;1;1;;;1;998
1;1;5;41;41091;;3;2;No inventariada;;9;2;2;;;1;5;1;;;1;998
1;7;21;41;41091;;3;2;No inventariada;;9;7;1;2;;1;4;1;;;1;998
2;4;3;41;41091;;3;2;No inventariada;;9;7;1;5;;1;4;1;;;1;998
2;4;12;41;41091;;3;2;No inventariada;;9;10;2;;;1;1;1;;;1;998
2;3;20;41;41091;;3;2;No inventariada;;9;7;1;2;;1;4;1;;;1;998
2;4;15;41;41091;;3;2;No inventariada;;9;4;2;;;1;1;1;;;1;998
2;4;10;41;41091;;3;2;No inventariada;;9;4;1;4;;1;1;1;;;1;998
3;1;7;41;41091;;3;2;No inventariada;;9;5;2;;;1;2;2;;;1;998
3;2;9;41;41091;;3;2;No inventariada;;9;7;1;2;;1;2;1;;;1;998
3;6;17;41;41091;;3;2;No inventariada;;9;3;1;1;;1;1;2;;;1;998
3;2;13;41;41091;;3;2;No inventariada;;9;5;2;;;1;1;1;;;1;998
3;2;18;41;41091;;3;2;No inventariada;;9;4;1;4;;1;1;1;;;1;998
3;2;19;41;41091;;3;2;No inventariada;;9;2;2;;;1;4;1;;;1;998
3;2;15;41;41091;;3;2;No inventariada;;9;10;2;;;1;1;1;;;1;998
3;3;13;41;41091;;3;2;No inventariada;;9;3;1;2;;1;1;1;;;1;998
3;3;16;41;41091;;3;2;No inventariada;;9;2;2;;;1;1;1;;;1;998
2;7;18;41;41091;;3;2;No inventariada;;9;10;2;;;9;1;1;;;1;998
2;7;21;41;41091;;3;2;No inventariada;;9;3;2;;;1;4;1;;;1;998
2;3;1;41;41091;;3;2;No inventariada;;9;7;1;2;;1;4;1;;;2;998
3;1;11;41;41091;;3;2;No inventariada;;9;2;1;1;;3;1;3;;;1;998
3;3;20;41;41091;;3;2;No inventariada;;9;2;2;;;1;4;1;;;1;998
3;3;8;41;41091;;3;2;No inventariada;;9;7;1;2;;1;1;1;;;6;998
3;3;14;41;41091;;3;2;No inventariada;;9;7;2;;;1;1;1;;;1;998
3;4;11;41;41091;;3;2;No inventariada;;9;2;1;1;;1;1;1;1;;1;998
3;4;11;41;41091;;3;2;No inventariada;;9;7;2;;;3;1;2;;;1;998
3;5;14;41;41091;;1;1;A-8083;0,5;3;4;2;;;1;1;1;;;1;1
3;5;20;41;41091;;1;1;SE-30;12,7;3;4;2;;;3;4;3;;;5;1
2;7;20;41;41091;;3;2;No inventariada;;9;10;1;2;;9;4;3;;;1;998
3;5;9;41;41091;;3;2;No inventariada;;9;2;1;1;;1;1;1;;;1;998
3;5;9;41;41091;;3;2;No inventariada;;9;10;1;1;;1;1;1;;;1;998
3;5;15;41;41091;;3;2;No inventariada;;9;2;1;1;;1;1;1;;;1;998
3;5;14;41;41091;;3;2;No inventariada;;9;4;1;4;;1;1;1;;;1;998
3;5;16;41;41091;;3;2;No inventariada;;9;10;1;4;;1;1;1;;;1;998
3;6;6;41;41091;;1;1;A-92;3,1;3;14;2;;;3;4;3;;;5;1
3;4;18;41;41091;;3;2;No inventariada;;9;4;2;;;1;1;1;;;1;998
3;4;13;41;41091;;3;2;No inventariada;;9;4;2;;;3;1;3;;;5;998
3;5;21;41;41091;;3;2;No inventariada;;9;5;2;;;3;3;4;;;5;998
3;6;9;41;41091;;3;2;No inventariada;;9;4;1;4;;3;1;3;;;5;998
3;6;17;41;41091;;3;2;No inventariada;;9;7;2;;;1;1;1;;;2;998
3;6;20;41;41091;;3;2;No inventariada;;9;10;2;;;1;4;1;;;1;998
3;5;23;41;41091;;3;2;No inventariada;;9;4;2;;;1;4;4;;;1;998
3;6;23;41;41091;;3;2;No inventariada;;9;2;1;2;;1;4;1;;;1;998
3;7;1;41;41091;;3;2;No inventariada;;9;7;2;;;1;4;1;;;1;998
3;7;16;41;41091;;3;2;No inventariada;;9;2;1;1;;1;1;1;;;1;998
3;1;11;41;41091;;1;1;SE-30;3;3;3;1;10;;1;1;1;;;1;1
2;6;23;41;41091;;3;2;No inventariada;;9;2;1;1;;1;4;1;;;1;998
3;5;7;41;41091;;3;2;No inventariada;;9;2;1;1;;9;2;1;;;1;998
3;5;21;41;41091;;3;2;No inventariada;;9;5;1;4;;3;4;4;;;5;998
3;6;5;41;41091;;3;2;No inventariada;;9;10;2;;;3;4;3;;;1;998
3;3;17;41;41091;;3;2;No inventariada;;9;7;1;1;;1;1;1;;;1;998
3;2;7;41;41091;;3;2;No inventariada;;9;10;1;4;;7;1;1;;;1;998
3;1;8;41;41091;;3;2;No inventariada;;9;7;2;;;1;1;1;;;6;998
3;5;17;41;41091;;3;2;No inventariada;;9;4;2;;;1;1;1;;;1;998
3;5;9;41;41091;;3;2;No inventariada;;9;7;2;;;1;1;1;;;1;998
2;1;9;41;41091;;3;2;No inventariada;;9;10;2;;;1;1;1;;;1;998
3;7;11;41;41091;;3;2;No inventariada;;9;10;1;1;;1;1;1;;;1;998
2;5;21;41;41091;;3;2;No inventariada;;9;4;1;2;;1;3;1;;;1;998
2;2;11;41;41091;;3;2;No inventariada;;9;19;2;;;1;1;1;;;1;998
2;4;15;41;41091;;3;2;No inventariada;;9;3;2;;;1;1;1;;;1;998
3;7;17;41;41091;;3;2;No inventariada;;9;10;1;1;;1;1;1;;;1;998
3;2;1;41;41091;;3;2;No inventariada;;9;2;1;1;;1;4;1;;;1;998
3;3;6;41;41091;;3;2;No inventariada;;9;2;2;;;1;3;1;;;1;998
3;1;11;41;41091;;3;2;No inventariada;;9;3;2;;;1;1;1;;;1;998
3;3;7;41;41091;;3;2;No inventariada;;9;4;1;5;;1;3;1;;;1;998
3;3;11;41;41091;;3;2;No inventariada;;9;10;2;;;1;1;1;;;1;998
3;3;7;41;41091;;3;2;No inventariada;;9;3;2;;;1;4;1;;;1;998
3;2;12;41;41091;;3;2;No inventariada;;9;7;2;;;1;1;1;;;1;998
3;3;0;41;41091;;3;2;No inventariada;;9;4;1;2;;1;1;1;;;1;998
3;3;18;41;41091;;3;2;No inventariada;;9;10;2;;;1;1;1;;;1;998
3;5;9;41;41091;;3;2;No inventariada;;9;7;1;2;;1;1;1;;;1;998
3;3;21;41;41091;;3;2;No inventariada;;9;4;1;2;;1;4;1;;;1;998
3;4;11;41;41091;;3;2;No inventariada;;9;3;2;;;1;1;1;;;1;998
3;4;16;41;41091;;3;2;No inventariada;;9;4;2;;;1;1;1;;;1;998
3;5;20;41;41091;;3;2;No inventariada;;9;4;2;;;3;2;4;;;5;998
3;4;14;41;41091;;3;2;No inventariada;;9;4;1;2;;1;1;1;;;1;998
3;4;17;41;41091;;3;2;No inventariada;;9;4;1;5;;1;1;1;;;1;998
3;1;15;41;41091;;1;1;A-4;532;3;12;2;;;1;1;1;;;1;1
3;5;12;41;41091;;3;2;No inventariada;;9;5;2;;;1;1;1;;;1;998
3;6;3;41;41091;;3;2;No inventariada;;9;10;2;;;1;3;1;;;1;998
3;7;4;41;41091;;3;2;No inventariada;;9;5;2;;;1;4;1;;;1;998
3;1;13;41;41091;;3;2;No inventariada;;9;7;1;1;;1;1;1;;;1;998
3;2;16;41;41091;;3;2;No inventariada;;9;4;2;;;1;1;1;;;1;998
3;5;8;41;41091;;3;2;No inventariada;;9;3;1;1;;1;1;1;;;1;998
3;4;10;41;41091;;3;2;No inventariada;;9;10;2;;;1;1;1;;;1;998
3;5;17;41;41091;;3;2;No inventariada;;9;1;1;2;;1;1;1;;;1;998
3;5;17;41;41091;;3;2;No inventariada;;9;2;1;2;;1;1;1;;;1;998
3;6;1;41;41091;;1;1;SE-30;4,3;3;18;2;;;1;4;1;;;1;1
3;5;9;41;41091;;3;2;No inventariada;;9;3;2;;;1;1;2;1;;1;998
3;5;12;41;41091;;3;2;No inventariada;;9;3;1;2;;1;1;1;;;1;998
3;5;23;41;41091;;3;2;No inventariada;;9;6;2;;;1;4;1;;;1;998
3;6;0;41;41091;;3;2;No inventariada;;9;10;2;;;1;4;1;;;1;998
3;6;1;41;41091;;3;2;No inventariada;;9;10;1;2;;1;4;1;;;1;998
3;6;17;41;41091;;3;2;No inventariada;;9;3;1;5;;1;1;1;;;1;998
2;3;10;41;41091;;3;2;No inventariada;;9;2;2;;;1;1;1;;;1;998
3;6;1;41;41091;;3;2;No inventariada;;9;2;1;5;;1;4;1;;;1;998
3;4;22;41;41091;;3;2;No inventariada;;9;4;1;5;;3;4;2;;;1;998
3;4;11;41;41091;;3;2;No inventariada;;9;2;1;2;;3;1;3;;;1;998
3;4;15;41;41091;;3;2;No inventariada;;9;4;1;2;;1;1;1;;;1;998
3;6;12;41;41091;;3;2;No inventariada;;9;4;1;4;;1;1;1;;;1;998
3;6;22;41;41091;;3;2;No inventariada;;9;1;2;;;1;4;1;;;1;998
3;5;8;41;41091;;3;2;No inventariada;;9;2;2;;;9;1;1;;;1;998
3;7;9;41;41091;;3;2;No inventariada;;9;4;2;;;1;1;1;;;1;998
3;7;7;41;41091;;3;2;No inventariada;;9;4;2;;;9;3;1;;;1;998
3;6;14;41;41091;;3;2;No inventariada;;9;20;2;;;1;1;1;;;1;998
3;1;17;41;41091;;3;2;No inventariada;;9;3;1;5;;1;1;2;;;1;998
3;7;17;41;41091;;3;2;No inventariada;;9;3;2;;;1;1;2;;;1;998
3;1;18;41;41091;;3;2;No inventariada;;9;4;2;;;1;1;1;;;1;998
3;1;21;41;41091;;3;2;No inventariada;;9;2;1;1;;1;3;1;;;1;998
3;4;9;41;41091;;3;2;No inventariada;;9;4;2;;;1;1;1;;;1;998
3;4;18;41;41091;;3;2;No inventariada;;9;2;1;1;;1;1;1;;;1;998
3;5;0;41;41091;;3;2;No inventariada;;9;4;2;;;1;1;1;;;1;998
3;7;20;41;41091;;3;2;No inventariada;;9;10;2;;;1;4;1;;;1;998
3;1;9;41;41091;;3;2;No inventariada;;9;4;2;;;1;1;1;;;1;998
3;2;10;41;41091;;3;2;No inventariada;;9;2;1;5;;1;1;1;;;1;998
3;2;14;41;41091;;3;2;No inventariada;;9;5;1;2;;1;1;1;;;1;998
3;2;17;41;41091;;3;2;No inventariada;;9;10;1;4;;1;1;1;;;1;998
3;6;5;41;41091;;3;2;No inventariada;;9;2;1;2;;1;4;1;;;1;998
2;2;22;41;41091;;3;2;No inventariada;;9;2;1;2;;1;4;1;;;1;998
3;6;12;41;41091;;3;2;No inventariada;;9;2;1;4;;1;1;1;;;1;998
3;6;14;41;41091;;3;2;No inventariada;;9;2;1;1;;9;1;3;;;1;998
3;3;18;41;41091;;3;2;No inventariada;;9;20;2;;;1;1;1;;;1;998
3;6;12;41;41091;;3;2;No inventariada;;9;2;1;2;;1;1;1;;;1;998
3;6;13;41;41091;;3;2;No inventariada;;9;3;2;;;1;1;1;;;1;998
3;2;7;41;41091;;3;2;No inventariada;;9;2;1;2;;1;1;1;;;9;998
3;2;5;41;41091;;3;2;No inventariada;;9;2;1;2;;1;4;1;;;1;998
3;4;12;41;41091;;3;2;No inventariada;;9;4;2;;;3;1;4;;;1;998
3;5;19;41;41091;;3;2;No inventariada;;9;4;2;;;1;4;1;;;1;998
3;3;19;41;41091;;3;2;No inventariada;;9;2;1;2;;1;1;2;;;1;998
3;4;8;41;41091;;1;1;A-92;1,4;3;4;1;12;A-92;1;1;1;;;1;1
3;4;8;41;41091;;1;1;SE-30;1,5;3;3;2;;;1;1;1;;;1;1
3;7;2;41;41091;;3;2;No inventariada;;9;10;2;;;9;4;1;;;1;998
3;2;14;41;41091;;3;2;No inventariada;;9;10;2;;;1;1;1;;;1;998
3;2;21;41;41091;;3;2;No inventariada;;9;2;1;2;;2;3;1;;;1;998
3;2;23;41;41091;;3;2;No inventariada;;9;7;2;;;1;4;2;;;1;998
3;4;16;41;41091;;3;2;No inventariada;;9;4;2;;;1;1;2;;;1;998
3;4;20;41;41091;;3;2;No inventariada;;9;10;2;;;1;4;1;;;1;998
3;5;9;41;41091;;1;1;SE-30;11,47;3;4;2;;;1;1;2;;;1;1
3;5;9;41;41091;;3;2;No inventariada;;9;2;1;1;;1;1;1;1;;1;998
3;5;11;41;41091;;3;2;No inventariada;;9;2;2;;;1;1;1;;;1;998
3;7;18;41;41091;;3;2;No inventariada;;9;7;2;;;1;1;1;;;1;998
3;1;11;41;41091;;3;2;No inventariada;;9;20;1;2;;1;1;1;;;1;998
3;6;18;41;41091;;3;2;No inventariada;;9;7;2;;;1;1;1;;;1;998
3;2;14;41;41091;;3;2;No inventariada;;9;4;1;2;;1;1;1;;;1;998
3;5;9;41;41091;;3;2;No inventariada;;9;2;1;1;;1;1;1;;;1;998
3;5;11;41;41091;;3;2;No inventariada;;9;10;2;;;1;1;1;;;1;998
2;7;13;41;41091;;3;2;No inventariada;;9;10;2;;;1;1;1;;;1;998
3;2;19;41;41091;;3;2;No inventariada;;9;3;1;1;;1;3;1;;;1;998
3;5;17;41;41091;;3;2;No inventariada;;9;2;1;2;;1;1;1;;;1;998
3;6;0;41;41091;;3;2;No inventariada;;9;4;2;;;1;4;1;;;1;998
3;5;8;41;41091;;3;2;No inventariada;;9;10;2;;;7;1;1;;;1;998
3;7;17;41;41091;;3;2;No inventariada;;9;10;2;;;1;1;1;;;1;998
1;5;4;41;41091;;3;2;No inventariada;;9;10;2;;;1;4;1;;;1;998
3;7;14;41;41091;;3;2;No inventariada;;9;2;1;1;;1;1;1;;;1;998
3;2;22;41;41091;;3;2;No inventariada;;9;1;1;5;;1;4;1;;;1;998
3;3;20;41;41091;;3;2;No inventariada;;9;7;1;2;;1;3;1;;;1;998
3;6;20;41;41091;;3;2;No inventariada;;9;2;1;4;;1;3;1;;;1;998
3;7;15;41;41091;;3;2;No inventariada;;9;10;1;1;;1;1;1;;;1;998
3;7;20;41;41091;;3;2;No inventariada;;9;10;2;;;3;3;3;;;1;998
3;7;20;41;41091;;3;2;No inventariada;;9;10;2;;;3;4;3;2;;1;998
3;2;15;41;41091;;3;2;No inventariada;;9;1;1;2;;1;1;2;;;1;998
3;4;14;41;41091;;3;2;No inventariada;;9;3;1;2;;1;1;1;;;1;998
3;5;14;41;41091;;3;2;No inventariada;;9;3;2;;;1;1;1;;;1;998
3;7;23;41;41091;;3;2;No inventariada;;9;2;1;4;;3;4;3;;;1;998
3;1;0;41;41091;;3;2;No inventariada;;9;10;1;12;;9;4;3;;;1;998
3;7;22;41;41091;;3;2;No inventariada;;9;10;2;;;3;4;3;;;1;998
3;1;9;41;41091;;3;2;No inventariada;;9;7;2;;;9;1;3;;;5;998
3;1;10;41;41091;;3;2;No inventariada;;9;10;2;;;3;1;3;;;1;998
3;1;5;41;41086;;1;1;SE-30;15;3;3;2;;;1;4;1;;;1;1
3;7;2;41;41091;;3;2;No inventariada;;9;1;1;2;;1;4;1;;;1;998
3;1;4;41;41091;;3;2;No inventariada;;9;10;2;;;3;4;1;;;1;998
3;1;13;41;41091;;3;2;No inventariada;;9;4;1;5;;3;1;3;;;5;998
3;1;15;41;41091;;3;2;No inventariada;;9;10;1;4;;3;1;3;;;1;998
3;1;23;41;41091;;3;2;No inventariada;;9;3;1;5;;1;4;1;;;1;998
3;2;2;41;41091;;3;2;No inventariada;;9;7;2;;;1;4;1;;;1;998
3;2;7;41;41091;;3;2;No inventariada;;9;5;2;;;3;1;1;;;1;998
3;2;11;41;41091;;3;2;No inventariada;;9;4;1;1;;1;1;1;;;1;998
3;2;12;41;41091;;3;2;No inventariada;;9;4;2;;;1;1;1;;;1;998
3;2;12;41;41091;;3;2;No inventariada;;9;7;2;;;1;1;1;;;1;998
3;5;20;41;41091;;3;2;No inventariada;;9;4;2;;;1;4;1;;;1;998
3;2;13;41;41091;;3;2;No inventariada;;9;4;1;4;;1;1;1;;;1;998
3;2;21;41;41091;;3;2;No inventariada;;9;10;1;4;;1;4;1;;;1;998
3;3;0;41;41091;;3;2;No inventariada;;9;2;1;5;;1;4;1;;;1;998
3;3;6;41;41091;;3;2;No inventariada;;9;2;1;2;;1;4;1;;;1;998
3;3;11;41;41091;;3;2;No inventariada;;9;2;2;;;1;1;1;;;9;998
3;3;12;41;41091;;3;2;No inventariada;;9;4;2;;;1;1;1;;;1;998
3;3;17;41;41091;;3;2;No inventariada;;9;10;2;;;9;1;3;;;1;998
3;4;11;41;41091;;1;1;SE-30;14;3;10;1;12;N-630;7;1;3;;;1;2
3;2;10;41;41091;;3;2;No inventariada;;9;4;2;;;1;1;1;;;1;998
3;4;0;41;41091;;3;2;No inventariada;;9;6;2;;;1;4;1;;;1;998
3;1;10;41;41091;;3;2;No inventariada;;9;2;2;;;1;1;1;;;1;998
3;7;0;41;41091;;3;2;No inventariada;;9;3;1;4;;1;4;1;;;1;998
3;7;19;41;41091;;3;2;No inventariada;;9;10;2;;;3;4;3;;;1;998
3;1;14;41;41091;;3;2;No inventariada;;9;10;1;2;;3;1;3;;;1;998
3;2;11;41;41091;;3;2;No inventariada;;9;3;1;2;;1;1;1;;;1;998
3;2;20;41;41091;;3;2;No inventariada;;9;7;2;;;9;1;1;;;1;998
3;3;7;41;41091;;3;2;No inventariada;;9;10;1;2;;1;1;1;;;1;998
3;1;11;41;41091;;3;2;No inventariada;;9;4;2;;;3;1;3;;;1;998
3;4;13;41;41091;;3;2;No inventariada;;9;4;1;12;;3;1;3;;;1;998
3;4;22;41;41091;;3;2;No inventariada;;9;10;1;1;;3;4;2;;;1;998
3;1;1;41;41091;;3;2;No inventariada;;9;10;2;;;1;4;1;;;1;998
3;7;22;41;41091;;3;2;No inventariada;;9;10;1;5;;3;4;3;;;1;998
2;2;10;41;41091;;3;2;No inventariada;;9;7;2;;;9;1;7;;;16;998
3;4;18;41;41091;;3;2;No inventariada;;9;2;1;1;;1;1;2;;1;1;998
3;4;20;41;41091;;3;2;No inventariada;;9;4;1;4;;3;4;1;;;1;998
3;6;10;41;41091;;3;2;No inventariada;;9;7;2;;;9;4;2;;;1;998
3;3;21;41;41091;;3;2;No inventariada;;9;2;1;5;;1;4;1;;;1;998
3;4;13;41;41091;;3;2;No inventariada;;9;2;2;;;1;1;1;;;1;998
3;6;21;41;41091;;3;2;No inventariada;;9;10;1;1;;1;4;1;;;1;998
3;2;18;41;41091;;3;2;No inventariada;;9;4;2;;;1;1;1;;;1;998
3;6;4;41;41091;;3;2;No inventariada;;9;10;2;;;4;6;3;;;1;998
3;6;16;41;41091;;3;2;No inventariada;;9;10;2;;;1;1;1;;;1;998
4;1;15;41;41091;;1;1;SE-30;2,7;3;4;2;;;1;1;1;;;1;1
3;2;13;41;41091;;3;2;No inventariada;;9;4;1;2;;1;1;1;;;1;998
3;2;20;41;41091;;3;2;No inventariada;;9;2;1;5;;1;4;1;;;1;998
3;3;13;41;41091;;3;2;No inventariada;;9;10;1;2;;1;1;1;;;1;998
3;7;3;41;41091;;3;2;No inventariada;;9;4;1;5;;3;4;4;;;1;998
4;1;1;41;41091;;3;2;No inventariada;;9;2;1;1;;3;4;1;;;1;998
3;7;20;41;41091;;3;2;No inventariada;;9;4;2;;;3;1;1;;;1;998
4;1;14;41;41091;;3;2;No inventariada;;9;10;2;;;1;1;1;;;1;998
4;1;14;41;41091;;3;2;No inventariada;;9;10;1;2;;7;1;1;;;1;998
4;1;16;41;41091;;3;2;No inventariada;;9;2;1;2;;1;1;1;;;1;998
3;6;22;41;41091;;3;2;No inventariada;;9;3;1;2;;1;4;1;;;1;998
4;1;13;41;41091;;3;2;No inventariada;;9;10;2;;;1;1;1;;;1;998
4;2;9;41;41091;;3;2;No inventariada;;9;7;1;1;;1;1;1;;;1;998
4;2;15;41;41091;;3;2;No inventariada;;9;2;1;1;;1;1;1;;;1;998
4;1;22;41;41091;;3;2;No inventariada;;9;2;2;;;1;4;1;;;1;998
4;2;18;41;41091;;3;2;No inventariada;;9;2;2;;;1;1;1;;;1;998
4;3;9;41;41091;;3;2;No inventariada;;9;10;2;;;1;1;1;;;1;998
4;2;13;41;41091;;3;2;No inventariada;;9;7;2;;;1;1;1;;;1;998
4;3;15;41;41091;;3;2;No inventariada;;9;2;1;5;;9;1;2;;;1;998
3;3;22;41;41091;;3;2;No inventariada;;9;10;2;;;3;5;4;;;5;998
3;3;16;41;41091;;3;2;No inventariada;;9;10;2;;;3;1;3;;;1;998
4;3;16;41;41091;;3;2;No inventariada;;9;7;1;2;;1;1;1;;;1;998
4;3;19;41;41091;;3;2;No inventariada;;9;7;1;2;;1;1;1;;;1;998
4;2;20;41;41091;;3;2;No inventariada;;9;6;2;;;1;1;1;;;6;998
4;3;19;41;41091;;3;2;No inventariada;;9;10;1;1;;1;1;1;;;1;998
3;7;5;41;41091;;3;2;No inventariada;;9;4;2;;;1;4;1;;;1;998
4;4;9;41;41091;;3;2;No inventariada;;9;4;1;5;;1;1;1;;;1;998
3;2;13;41;41091;;3;2;No inventariada;;9;2;2;;;1;1;1;;;1;998
4;4;16;41;41091;;3;2;No inventariada;;9;4;2;;;1;1;1;;;1;998
3;6;20;41;41091;;3;2;No inventariada;;9;2;1;1;;1;4;1;;;1;998
3;7;20;41;41091;;3;2;No inventariada;;9;4;1;1;;3;1;7;;;1;998
4;4;11;41;41091;;3;2;No inventariada;;9;2;1;4;;1;1;1;;;1;998
4;4;14;41;41091;;3;2;No inventariada;;9;10;2;;;1;1;1;;;1;998
4;5;2;41;41091;;3;2;No inventariada;;9;10;2;;;3;4;1;;;1;998
4;5;7;41;41091;;3;2;No inventariada;;9;10;2;;;1;2;1;;;1;998
4;6;14;41;41091;;1;1;N-630;815,804;5;10;2;;;1;1;1;;;1;1
4;6;21;41;41091;;1;1;A-8083;0,394;3;4;2;;;1;4;1;;;1;1
4;5;22;41;41091;;3;2;No inventariada;;9;4;2;;;1;4;1;;;1;998
4;6;18;41;41091;;3;2;No inventariada;;9;10;2;;;1;2;5;;;1;998
3;4;8;41;41091;;3;2;No inventariada;;9;2;1;1;;1;1;1;;;1;998
4;5;10;41;41091;;3;2;No inventariada;;9;4;1;2;;1;1;1;;;1;998
4;6;23;41;41091;;3;2;No inventariada;;9;7;1;2;;1;4;1;;;1;998
4;1;22;41;41091;;3;2;No inventariada;;9;4;2;;;1;4;1;;;1;998
4;7;12;41;41091;;3;2;No inventariada;;9;2;1;2;;1;1;1;;;1;998
4;7;16;41;41091;;3;2;No inventariada;;9;7;2;;;1;1;1;;;1;998
4;7;19;41;41091;;3;2;No inventariada;;9;3;1;4;;1;1;1;;;1;998
4;6;18;41;41091;;3;2;No inventariada;;9;7;2;;;1;1;1;;;1;998
4;7;22;41;41091;;3;2;No inventariada;;9;2;1;1;;1;4;1;;;1;998
4;6;0;41;41091;;3;2;No inventariada;;9;4;2;;;1;4;1;;;1;998
4;1;10;41;41091;;3;2;No inventariada;;9;10;2;;;1;1;1;;;1;998
4;1;17;41;41091;;3;2;No inventariada;;9;10;2;;;3;1;3;;;5;998
4;1;17;41;41091;;3;2;No inventariada;;9;10;2;;;3;1;4;;;5;998
4;1;20;41;41091;;3;2;No inventariada;;9;2;1;2;;1;4;1;;;2;998
2;3;19;41;41091;;3;2;No inventariada;;9;2;2;;;1;1;1;;;1;998
3;4;20;41;41091;;3;2;No inventariada;;9;2;1;5;;9;3;3;;;1;998
3;6;18;41;41091;;3;2;No inventariada;;9;2;2;;;1;1;1;;;2;998
3;7;1;41;41091;;3;2;No inventariada;;9;10;2;;;3;4;3;;;1;998
4;7;1;41;41091;;3;2;No inventariada;;9;4;1;2;;1;4;1;;;1;998
3;2;17;41;41091;;3;2;No inventariada;;9;4;1;1;;1;1;1;;;1;998
4;7;13;41;41091;;3;2;No inventariada;;9;2;1;5;;1;1;1;;;1;998
4;1;8;41;41091;;3;2;No inventariada;;9;4;1;1;;1;1;1;;;1;998
4;1;14;41;41091;;3;2;No inventariada;;9;4;1;2;;1;1;1;;;1;998
4;2;7;41;41091;;3;2;No inventariada;;9;4;1;4;;1;4;1;;;1;998
4;2;16;41;41091;;3;2;No inventariada;;9;10;2;;;1;1;1;;;1;998
4;2;18;41;41091;;3;2;No inventariada;;9;10;2;;;1;1;1;;;1;998
4;3;8;41;41091;;1;1;SE-30;14,8;3;5;2;;;1;1;1;;;18;1
3;3;19;41;41091;;3;2;No inventariada;;9;10;2;;;3;3;3;;;1;998
4;7;18;41;41091;;3;2;No inventariada;;9;10;2;;;1;1;1;;;1;998
4;2;16;41;41091;;3;2;No inventariada;;9;2;1;2;;1;1;1;;;1;998
4;2;23;41;41091;;3;2;No inventariada;;9;2;1;4;;1;4;1;;;1;998
3;5;15;41;41091;;3;2;No inventariada;;9;4;2;;;8;1;1;;;1;998
4;3;17;41;41091;;3;2;No inventariada;;9;4;2;;;1;1;1;;;1;998