MES;DIA_SEMANA;HORA;COD_PROVINCIA;COD_MUNICIPIO;ISLA;ZONA;ZONA_AGRUPADA;CARRETERA;KM;TIPO_VIA;TIPO_ACCIDENTE;NUDO;NUDO_INFO;CARRETERA_CRUCE;CONDICION_FIRME;CONDICION_ILUMINACION;CONDICION_METEO;CONDICION_NIEBLA;CONDICION_VIENTO;VISIB_RESTRINGIDA_POR;TRAZADO_PLANTA
4;3;17;41;41091;;3;2;No inventariada;;9;4;2;;;1;1;1;;;1;998
4;3;20;41;41091;;3;2;No inventariada;;9;10;2;;;1;4;1;;;1;998
4;2;18;41;41091;;3;2;No inventariada;;9;7;1;1;;1;1;1;;;1;998
4;1;19;41;41091;;3;2;No inventariada;;9;4;1;5;;1;2;1;;;1;998
4;2;13;41;41091;;3;2;No inventariada;;9;4;2;;;1;1;1;;;1;998
4;2;18;41;41091;;3;2;No inventariada;;9;7;1;1;;1;1;1;;;1;998
4;3;13;41;41091;;3;2;No inventariada;;9;10;2;;;1;1;1;;;1;998
4;4;11;41;41091;;3;2;No inventariada;;9;7;1;1;;1;1;1;;;1;998
4;4;11;41;41091;;3;2;No inventariada;;9;7;1;5;;1;1;1;;;1;998
4;5;11;41;41091;;1;1;SE-30;8,9;3;16;2;;;1;1;1;;;1;2
4;6;13;41;41091;;3;2;No inventariada;;9;2;1;1;;1;1;1;;;1;998
4;2;14;41;41091;;3;2;No inventariada;;9;2;1;1;;1;1;1;;;1;998
4;1;19;41;41091;;3;2;No inventariada;;9;4;2;;;1;1;1;;;1;998
4;3;15;41;41091;;3;2;No inventariada;;9;1;1;7;;1;1;1;;;1;998
4;3;17;41;41091;;3;2;No inventariada;;9;2;1;12;;1;1;1;;;1;998
4;4;10;41;41091;;3;2;No inventariada;;9;2;1;1;;1;1;1;;;1;998
4;4;14;41;41091;;3;2;No inventariada;;9;4;2;;;1;1;1;;;1;998
4;4;16;41;41091;;3;2;No inventariada;;9;2;2;;;1;1;1;;;1;998
4;5;9;41;41091;;3;2;No inventariada;;9;4;2;;;1;1;1;;;1;998
4;4;12;41;41091;;3;2;No inventariada;;9;10;2;;;1;1;1;;;1;998
4;5;11;41;41091;;3;2;No inventariada;;9;4;2;;;1;1;1;;;1;998
4;4;11;41;41091;;3;2;No inventariada;;9;2;1;2;;1;1;1;;;1;998
4;5;12;41;41091;;3;2;No inventariada;;9;4;2;;;1;1;1;;;1;998
4;4;1;41;41091;;1;1;SE-30;1,2;3;14;2;;;1;4;1;;;1;3
4;4;18;41;41091;;3;2;No inventariada;;9;7;1;1;;1;1;1;;;1;998
4;6;0;41;41091;;3;2;No inventariada;;9;10;1;1;;1;4;1;;;1;998
4;6;13;41;41091;;3;2;No inventariada;;9;4;2;;;1;1;1;;;18;998
4;6;15;41;41091;;3;2;No inventariada;;9;10;1;2;;1;1;1;;;1;998
4;6;16;41;41091;;3;2;No inventariada;;9;2;1;1;;1;1;1;;;1;998
3;4;0;41;41091;;3;2;No inventariada;;9;10;2;;;3;1;3;;1;1;998
4;2;7;41;41091;;3;2;No inventariada;;9;2;2;;;1;3;1;;;1;998
4;2;20;41;41091;;3;2;No inventariada;;9;4;2;;;1;1;1;;;1;998
4;5;11;41;41091;;3;2;No inventariada;;9;7;1;2;;1;1;1;;;1;998
4;5;22;41;41091;;3;2;No inventariada;;9;2;1;5;;1;3;1;;;1;998
4;6;1;41;41091;;3;2;No inventariada;;9;2;2;;;1;3;1;;;1;998
4;6;4;41;41091;;3;2;No inventariada;;9;4;2;;;1;3;1;;;1;998
4;6;10;41;41091;;3;2;No inventariada;;9;4;2;;;1;1;1;;;1;998
4;6;12;41;41091;;3;2;No inventariada;;9;10;1;2;;1;1;1;;;1;998
4;6;14;41;41091;;3;2;No inventariada;;9;2;1;1;;1;1;1;;;1;998
4;7;0;41;41091;;3;2;No inventariada;;9;4;1;1;;1;4;1;;;1;998
4;7;7;41;41091;;3;2;No inventariada;;9;10;1;2;;1;1;1;;;1;998
4;7;10;41;41091;;3;2;No inventariada;;9;2;2;;;1;1;1;;;1;998
4;7;14;41;41091;;3;2;No inventariada;;9;3;1;4;;1;1;1;;;1;998
4;7;20;41;41091;;3;2;No inventariada;;9;2;1;1;;1;1;1;;;1;998
3;3;1;41;41091;;3;2;No inventariada;;9;1;2;;;1;4;1;;;1;998
4;7;21;41;41091;;3;2;No inventariada;;9;7;1;1;;1;4;1;;;1;998
4;7;7;41;41091;;3;2;No inventariada;;9;5;2;;;1;1;1;;;1;998
4;7;22;41;41091;;3;2;No inventariada;;9;4;1;2;;1;4;1;;;1;998
4;1;10;41;41091;;3;2;No inventariada;;9;7;2;;;1;1;1;;;1;998
4;1;14;41;41091;;3;2;No inventariada;;9;2;1;1;;1;1;1;;;9;998
3;5;8;41;41091;;3;2;No inventariada;;9;7;2;;;1;1;1;;;1;998
3;7;1;41;41091;;3;2;No inventariada;;9;10;2;;;3;4;3;;;1;998
4;5;8;41;41091;;3;2;No inventariada;;9;4;2;;;1;1;1;;;1;998
4;1;7;41;41091;;3;2;No inventariada;;9;2;1;2;;1;1;1;;;1;998
4;1;12;41;41091;;3;2;No inventariada;;9;2;1;2;;1;1;1;;;1;998
4;3;10;41;41091;;3;2;No inventariada;;9;1;2;;;1;1;1;;;1;998
4;3;22;41;41091;;3;2;No inventariada;;9;3;2;;;1;4;1;;;1;998
4;5;18;41;41091;;3;2;No inventariada;;9;2;2;;;1;1;1;;;1;998
4;7;8;41;41091;;3;2;No inventariada;;9;2;1;1;SE-30;1;1;1;;;1;998
4;1;14;41;41091;;3;2;No inventariada;;9;4;1;1;;1;1;1;;;1;998
4;2;8;41;41091;;3;2;No inventariada;;9;2;1;1;;1;1;1;;;1;998
4;2;10;41;41091;;3;2;No inventariada;;9;4;1;5;;1;1;1;;;1;998
4;2;13;41;41091;;3;2;No inventariada;;9;7;2;;;1;1;1;;;1;998
4;2;15;41;41091;;3;2;No inventariada;;9;10;2;;;1;1;1;;;1;998
3;4;23;41;41091;;3;2;No inventariada;;9;10;2;;;3;4;7;;;1;998
4;5;17;41;41091;;3;2;No inventariada;;9;2;1;5;;1;1;1;;;1;998
4;4;14;41;41091;;3;2;No inventariada;;9;3;2;;;1;4;1;;;1;998
4;4;21;41;41091;;3;2;No inventariada;;9;4;2;;;1;4;1;;;1;998
4;1;13;41;41091;;3;2;No inventariada;;9;4;2;;;1;1;1;;;1;998
4;1;23;41;41091;;3;2;No inventariada;;9;7;2;;;1;4;1;;;1;998
4;2;21;41;41091;;3;2;No inventariada;;9;10;2;;;1;4;1;;;1;998
4;3;16;41;41091;;3;2;No inventariada;;9;10;2;;;7;1;1;;;1;998
3;7;20;41;41091;;3;2;No inventariada;;9;10;2;;;1;4;1;;;18;998
3;1;23;41;41091;;3;2;No inventariada;;9;2;1;2;;1;3;1;;;12;998
4;3;17;41;41091;;3;2;No inventariada;;9;4;1;4;;1;1;1;;;1;998
4;4;15;41;41091;;3;2;No inventariada;;9;2;1;2;;1;1;1;;;9;998
4;4;14;41;41091;;3;2;No inventariada;;9;4;1;5;;1;1;1;;;1;998
4;6;16;41;41091;;3;2;No inventariada;;9;7;1;2;;1;1;1;;;1;998
4;6;0;41;41091;;3;2;No inventariada;;9;4;2;;;1;4;1;;;1;998
4;2;12;41;41091;;3;2;No inventariada;;9;10;2;;;1;1;1;;;1;998
4;2;21;41;41091;;3;2;No inventariada;;9;2;1;2;;1;4;1;;;1;998
4;3;21;41;41091;;3;2;No inventariada;;9;3;1;5;;1;4;1;;;1;998
4;3;23;41;41091;;3;2;No inventariada;;9;10;2;;;1;4;2;;;1;998
4;4;6;41;41091;;3;2;No inventariada;;9;3;2;;;1;4;1;;;1;998
4;1;12;41;41091;;3;2;No inventariada;;9;4;2;;;1;1;1;;;1;998
4;4;12;41;41091;;3;2;No inventariada;;9;2;1;2;;1;1;1;;;1;998
4;4;6;41;41091;;3;2;No inventariada;;9;7;1;1;;1;3;1;;;1;998
4;2;19;41;41091;;3;2;No inventariada;;9;7;2;;;1;1;1;;;1;998
4;1;7;41;41091;;3;2;No inventariada;;9;10;2;;;1;3;1;;;1;998
4;6;12;41;41091;;3;2;No inventariada;;9;7;2;;;1;1;1;;;1;998
4;5;14;41;41091;;3;2;No inventariada;;9;4;2;;;1;1;1;;;1;998
4;2;18;41;41091;;3;2;No inventariada;;9;7;2;;;1;1;1;;;1;998
4;4;13;41;41091;;3;2;No inventariada;;9;4;1;1;;1;1;1;;;1;998
4;5;0;41;41091;;3;2;No inventariada;;9;4;2;;;1;4;1;;;1;998
4;5;6;41;41091;;3;2;No inventariada;;9;3;1;1;;1;4;1;;;1;998
4;5;8;41;41091;;3;2;No inventariada;;9;4;2;;;1;1;1;;;1;998
4;5;12;41;41091;;3;2;No inventariada;;9;7;2;;;1;1;1;;;1;998
4;5;15;41;41091;;3;2;No inventariada;;9;3;2;;;1;1;1;;;1;998
4;3;5;41;41091;;3;2;No inventariada;;9;10;2;;;1;4;1;;;1;998
4;6;16;41;41091;;3;2;No inventariada;;9;10;2;;;1;1;1;;;1;998
4;2;14;41;41091;;3;2;No inventariada;;9;2;2;;;1;1;1;;;1;998
4;2;17;41;41091;;3;2;No inventariada;;9;7;1;2;;1;1;1;;;1;998
4;3;2;41;41091;;3;2;No inventariada;;9;10;1;4;;1;4;1;;;1;998
4;6;0;41;41091;;3;2;No inventariada;;9;10;2;;;7;4;1;;;1;998
4;2;17;41;41091;;3;2;No inventariada;;9;2;1;2;;1;1;1;;;1;998
4;6;8;41;41091;;3;2;No inventariada;;9;7;1;2;;1;1;1;;;1;998
4;6;9;41;41091;;3;2;No inventariada;;9;2;1;5;;1;1;1;;;1;998
4;6;11;41;41091;;3;2;No inventariada;;9;1;2;;;1;1;2;;;1;998
4;6;15;41;41091;;3;2;No inventariada;;9;7;2;;;1;1;2;;;1;998
4;6;15;41;41091;;3;2;No inventariada;;9;4;1;2;;1;1;1;;;1;998
4;6;17;41;41091;;3;2;No inventariada;;9;10;2;;;1;1;1;;;1;998
4;5;17;41;41091;;3;2;No inventariada;;9;7;2;;;1;1;1;;;1;998
4;5;15;41;41091;;3;2;No inventariada;;9;2;1;2;;1;1;1;;;9;998
4;1;0;41;41091;;3;2;No inventariada;;9;7;1;1;;1;4;1;;;1;998
4;5;21;41;41091;;3;2;No inventariada;;9;2;2;;;1;4;1;;;1;998
4;7;20;41;41091;;3;2;No inventariada;;9;7;1;4;;1;1;1;;;1;998
4;7;16;41;41091;;3;2;No inventariada;;9;3;2;;;1;1;1;;;1;998
4;1;15;41;41091;;1;1;A-92;0,1;3;5;2;;;1;1;1;;;1;1
4;1;14;41;41091;;1;1;SE-30;1,5;3;10;2;;;1;1;1;;;1;1
4;2;12;41;41091;;3;2;No inventariada;;9;2;1;1;;1;1;1;;;1;998
4;5;18;41;41091;;3;2;No inventariada;;9;1;2;;;1;1;1;;;1;998
4;5;21;41;41091;;3;2;No inventariada;;9;7;1;1;;1;3;1;;;1;998
4;1;1;41;41091;;3;2;No inventariada;;9;2;1;2;;1;4;1;;;1;998
4;1;9;41;41091;;3;2;No inventariada;;9;7;2;;;1;1;1;;;1;998
4;1;6;41;41091;;3;2;No inventariada;;9;7;1;1;;1;4;1;;;1;998
4;5;22;41;41091;;3;2;No inventariada;;9;4;1;1;;1;4;1;;;1;998
4;1;18;41;41091;;3;2;No inventariada;;9;2;2;;;1;1;1;;;1;998
4;2;11;41;41091;;3;2;No inventariada;;9;3;1;1;;1;1;1;;;1;998
4;5;20;41;41091;;3;2;No inventariada;;9;2;1;2;;1;1;1;;;1;998
4;1;13;41;41091;;3;2;No inventariada;;9;10;1;5;;1;1;1;;;1;998
4;1;17;41;41091;;3;2;No inventariada;;9;4;2;;;3;1;1;;;1;998
4;1;20;41;41091;;3;2;No inventariada;;9;10;1;2;;8;1;1;;;1;998
4;2;9;41;41091;;3;2;No inventariada;;9;10;1;5;;1;1;1;;;1;998
4;2;10;41;41091;;3;2;No inventariada;;9;6;2;;;1;1;1;;;1;998
4;2;11;41;41091;;3;2;No inventariada;;9;2;2;;;1;1;1;;;1;998
4;2;15;41;41091;;3;2;No inventariada;;9;7;2;;;1;1;1;;;1;998
4;2;15;41;41091;;3;2;No inventariada;;9;2;1;2;;1;1;1;;;1;998
4;3;14;41;41091;;1;1;N-630;816,795;5;10;2;;;1;1;1;;;1;1
4;3;16;41;41091;;3;2;No inventariada;;9;2;1;2;;1;1;1;;;1;998
4;4;16;41;41091;;3;2;No inventariada;;9;2;2;;;1;1;1;;;1;998
4;4;2;41;41091;;3;2;No inventariada;;9;2;1;1;;1;4;1;;;1;998
4;2;15;41;41091;;3;2;No inventariada;;9;10;2;;;1;1;1;;;1;998
4;2;13;41;41091;;3;2;No inventariada;;9;2;1;1;;1;1;1;;;1;998
4;2;11;41;41091;;3;2;No inventariada;;9;7;2;;;1;1;1;;;1;998
4;3;14;41;41091;;3;2;No inventariada;;9;4;1;5;;1;1;1;;;1;998
4;2;20;41;41091;;3;2;No inventariada;;9;10;2;;;1;1;1;;;1;998
4;3;19;41;41091;;3;2;No inventariada;;9;4;2;;;1;1;1;;;1;998
4;3;16;41;41091;;3;2;No inventariada;;9;5;2;;;1;1;1;;;1;998
4;3;20;41;41091;;3;2;No inventariada;;9;4;2;;;1;1;1;;;1;998
4;3;3;41;41091;;3;2;No inventariada;;9;2;2;;;1;4;1;;;9;998
4;2;7;41;41091;;3;2;No inventariada;;9;10;2;;;1;1;7;;;1;998
4;2;12;41;41091;;3;2;No inventariada;;9;7;2;;;1;1;1;;;1;998
4;2;18;41;41091;;3;2;No inventariada;;9;2;1;2;;1;1;1;;;1;998
4;4;7;41;41091;;3;2;No inventariada;;9;2;2;;;1;2;1;;;1;998
4;4;9;41;41091;;3;2;No inventariada;;9;4;2;;;1;1;1;;;1;998
4;3;18;41;41091;;3;2;No inventariada;;9;10;1;2;;1;1;1;;;1;998
4;4;13;41;41091;;3;2;No inventariada;;9;4;1;2;;1;1;2;;;1;998
4;4;14;41;41091;;3;2;No inventariada;;9;4;1;2;;1;1;1;;;1;998
4;4;17;41;41091;;3;2;No inventariada;;9;2;2;;;1;1;1;;;12;998
4;4;17;41;41091;;3;2;No inventariada;;9;4;2;;;1;1;1;;;1;998
4;4;18;41;41091;;3;2;No inventariada;;9;2;1;2;;1;1;1;;;1;998
3;1;2;41;41091;;3;2;No inventariada;;9;4;2;;;3;3;1;;;1;998
4;4;1;41;41091;;3;2;No inventariada;;9;2;1;5;;1;4;1;;;1;998
4;5;14;41;41091;;3;2;No inventariada;;9;4;1;4;;1;1;1;;;1;998
4;5;16;41;41091;;3;2;No inventariada;;9;10;2;;;1;1;1;;;1;998
4;1;22;41;41091;;3;2;No inventariada;;9;4;1;2;;1;4;1;;;1;998
4;3;14;41;41091;;3;2;No inventariada;;9;2;1;1;;1;1;1;;;1;998
4;6;0;41;41091;;3;2;No inventariada;;9;2;2;;;3;3;3;;;1;998
4;6;12;41;41091;;3;2;No inventariada;;9;2;1;1;;1;1;1;;;1;998
4;5;23;41;41091;;3;2;No inventariada;;9;2;1;1;;1;4;1;;;1;998
4;6;6;41;41091;;3;2;No inventariada;;9;2;1;2;;3;3;3;;;1;998
4;7;1;41;41091;;3;2;No inventariada;;9;2;2;;;1;4;1;;;1;998
4;7;10;41;41091;;3;2;No inventariada;;9;2;1;5;;1;1;1;;;1;998
4;7;10;41;41091;;3;2;No inventariada;;9;2;1;1;;1;1;1;;;1;998
4;7;12;41;41091;;3;2;No inventariada;;9;4;2;;;1;1;1;;;1;998
4;6;14;41;41091;;3;2;No inventariada;;9;10;2;;;1;1;1;;;1;998
4;7;15;41;41091;;3;2;No inventariada;;9;7;2;;;1;1;1;;;1;998
4;7;18;41;41091;;3;2;No inventariada;;9;10;2;;;1;1;1;;;1;998
4;7;20;41;41091;;3;2;No inventariada;;9;10;2;;;1;1;1;;;1;998
4;1;7;41;41091;;1;1;A-8006;22,9;6;2;2;;;1;1;1;;;9;1
4;4;22;41;41091;;3;2;No inventariada;;9;2;1;1;;1;4;1;;;1;998
4;6;16;41;41091;;3;2;No inventariada;;9;2;1;5;;1;1;1;;;1;998
4;5;17;41;41091;;3;2;No inventariada;;9;2;2;;;1;1;1;;;1;998
4;5;20;41;41091;;3;2;No inventariada;;9;2;2;;;1;2;7;;;1;998
4;7;22;41;41091;;3;2;No inventariada;;9;2;2;;;1;4;1;;;1;998
4;1;8;41;41091;;3;2;No inventariada;;9;2;1;5;;1;1;1;;;1;998
4;1;9;41;41091;;3;2;No inventariada;;9;4;2;;;1;1;1;;;1;998
4;1;10;41;41091;;3;2;No inventariada;;9;2;1;2;;1;1;1;;;1;998
4;7;5;41;41091;;3;2;No inventariada;;9;5;2;;;1;4;1;;;1;998
4;5;11;41;41091;;3;2;No inventariada;;9;10;1;4;;1;1;1;;;1;998
4;7;12;41;41091;;3;2;No inventariada;;9;7;1;2;;1;1;1;;;1;998
4;4;20;41;41091;;3;2;No inventariada;;9;4;2;;;1;3;1;;;1;998
4;1;19;41;41091;;3;2;No inventariada;;9;4;1;5;;1;1;1;;;1;998
4;7;20;41;41091;;3;2;No inventariada;;9;2;2;;;1;4;1;;;1;998
4;1;19;41;41091;;3;2;No inventariada;;9;1;2;;;1;1;1;;;1;998
4;1;19;41;41091;;1;1;SE-30;13,897;3;4;2;;;3;3;3;;;18;1
4;5;12;41;41091;;3;2;No inventariada;;9;7;1;1;;1;1;1;;;1;998
1;3;17;41;41091;;3;2;No inventariada;;9;4;2;;;9;1;7;;;1;998
4;7;23;41;41091;;3;2;No inventariada;;9;4;2;;;1;4;1;;;1;998
4;1;19;41;41091;;3;2;No inventariada;;9;7;2;;;1;1;3;;;1;998
4;1;21;41;41091;;3;2;No inventariada;;9;3;2;;;3;4;3;;;1;998
4;2;9;41;41091;;3;2;No inventariada;;9;4;1;1;;1;1;1;;;1;998
4;2;10;41;41091;;3;2;No inventariada;;9;6;2;;;1;1;1;;;1;998
4;2;16;41;41091;;3;2;No inventariada;;9;4;2;;;1;1;1;;;1;998
4;2;15;41;41091;;3;2;No inventariada;;9;2;1;2;;1;1;2;;;1;998
4;5;22;41;41091;;3;2;No inventariada;;9;4;2;;;1;4;1;;;1;998
4;6;13;41;41091;;3;2;No inventariada;;9;2;2;;;1;1;1;;;1;998
4;2;21;41;41091;;3;2;No inventariada;;9;2;1;1;;1;1;1;;;1;998
5;3;0;41;41091;;3;2;No inventariada;;9;10;2;;;9;4;1;;;1;998
5;3;2;41;41091;;3;2;No inventariada;;9;2;1;1;;3;4;3;;;1;998
5;3;6;41;41091;;3;2;No inventariada;;9;2;1;5;;3;4;3;;;1;998
5;3;14;41;41091;;3;2;No inventariada;;9;2;1;4;;1;1;1;;;1;998
5;3;17;41;41091;;3;2;No inventariada;;9;10;2;;;1;1;1;;;1;998
4;5;9;41;41091;;3;2;No inventariada;;9;2;1;1;;1;1;1;;;1;998
4;5;12;41;41091;;3;2;No inventariada;;9;2;2;;;1;1;1;;;1;998
4;6;5;41;41091;;3;2;No inventariada;;9;2;1;1;;3;4;3;;;1;998
4;2;12;41;41091;;3;2;No inventariada;;9;2;1;1;;1;1;1;;;1;998
4;2;13;41;41091;;3;2;No inventariada;;9;4;1;1;;1;1;1;;;1;998
4;2;12;41;41091;;3;2;No inventariada;;9;2;1;1;;1;1;1;;;1;998
4;2;20;41;41091;;3;2;No inventariada;;9;2;1;1;;1;1;1;;;1;998
4;2;21;41;41091;;3;2;No inventariada;;9;10;2;;;3;1;3;;;1;998
4;2;22;41;41091;;3;2;No inventariada;;9;10;2;;;9;4;2;;;1;998
5;3;19;41;41091;;3;2;No inventariada;;9;2;1;1;;1;1;1;;;1;998
5;4;7;41;41091;;3;2;No inventariada;;9;3;2;;;1;1;1;;;1;998
5;4;8;41;41091;;3;2;No inventariada;;9;4;2;;;1;1;1;;;1;998
5;4;8;41;41091;;3;2;No inventariada;;9;2;2;;;1;1;1;;;1;998
5;4;9;41;41091;;3;2;No inventariada;;9;4;1;1;;1;1;1;;;1;998
5;4;8;41;41091;;3;2;No inventariada;;9;7;1;1;;1;1;1;;;1;998
5;4;18;41;41091;;3;2;No inventariada;;9;10;1;1;;1;1;1;;;1;998
4;7;5;41;41091;;3;2;No inventariada;;9;7;2;;;1;4;1;;;18;998
4;4;23;41;41091;;3;2;No inventariada;;9;2;1;1;;1;4;1;;;1;998
4;6;8;41;41091;;3;2;No inventariada;;9;2;1;1;;3;1;3;;;1;998
4;7;15;41;41091;;3;2;No inventariada;;9;7;2;;;1;1;1;;;1;998
4;7;23;41;41091;;3;2;No inventariada;;9;10;1;1;;1;4;1;;;1;998
4;2;20;41;41091;;3;2;No inventariada;;9;2;1;4;;1;2;1;;;1;998
4;2;11;41;41091;;3;2;No inventariada;;9;7;1;1;;1;1;1;;;1;998
5;4;8;41;41091;;3;2;No inventariada;;9;2;1;1;;1;1;1;;;1;998
5;5;0;41;41091;;3;2;No inventariada;;9;10;2;;;1;4;1;;;1;998
5;5;18;41;41091;;3;2;No inventariada;;9;7;1;1;;1;1;1;;;1;998
4;2;13;41;41091;;3;2;No inventariada;;9;2;1;1;;1;1;1;;;1;998
4;2;8;41;41091;;3;2;No inventariada;;9;3;2;;;1;1;1;;;1;998
5;4;12;41;41091;;3;2;No inventariada;;9;20;2;;;1;1;1;;;1;998
5;5;11;41;41091;;3;2;No inventariada;;9;7;2;;;1;1;1;;;1;998
5;5;14;41;41091;;3;2;No inventariada;;9;10;1;4;;1;1;1;;;1;998
5;5;21;41;41091;;3;2;No inventariada;;9;2;1;1;;1;2;1;;;1;998
5;6;0;41;41091;;3;2;No inventariada;;9;10;2;;;1;4;1;;;1;998
5;6;12;41;41091;;3;2;No inventariada;;9;2;1;2;;1;1;1;;;1;998
5;6;15;41;41091;;3;2;No inventariada;;9;10;2;;;1;1;1;;;1;998
5;6;18;41;41091;;3;2;No inventariada;;9;4;2;;;1;1;1;;;1;998
5;6;19;41;41091;;3;2;No inventariada;;9;2;1;1;;1;1;1;;;1;998
4;2;18;41;41091;;3;2;No inventariada;;9;4;2;;;1;1;1;;;1;998
5;7;0;41;41091;;3;2;No inventariada;;9;7;2;;;1;3;1;;;1;998
5;7;0;41;41091;;3;2;No inventariada;;9;2;1;1;;1;4;1;;;18;998
5;4;12;41;41091;;3;2;No inventariada;;9;7;1;2;;1;1;1;;;4;998
5;7;11;41;41091;;3;2;No inventariada;;9;4;2;;;1;1;1;;;1;998
5;6;22;41;41091;;3;2;No inventariada;;9;10;2;;;1;4;1;;;1;998
5;7;14;41;41091;;3;2;No inventariada;;9;4;2;;;1;1;1;;;1;998
5;7;15;41;41091;;3;2;No inventariada;;9;2;1;1;;1;1;1;;;2;998
5;7;17;41;41091;;3;2;No inventariada;;9;4;2;;;1;1;1;;;1;998
4;2;16;41;41091;;3;2;No inventariada;;9;10;2;;;1;1;1;;;1;998
4;5;7;41;41091;;3;2;No inventariada;;9;10;2;;;1;3;1;;;1;998
5;4;12;41;41091;;3;2;No inventariada;;9;7;2;;;1;1;1;;;1;998
5;6;16;41;41091;;3;2;No inventariada;;9;10;2;;;1;1;1;;;1;998
5;4;8;41;41091;;3;2;No inventariada;;9;7;2;;;1;1;1;;;1;998
4;7;22;41;41091;;3;2;No inventariada;;9;10;2;;;1;4;1;;;1;998
5;1;8;41;41091;;3;2;No inventariada;;9;1;2;;;1;1;1;;;1;998
5;6;17;41;41091;;3;2;No inventariada;;9;2;2;;;1;1;1;;;1;998
5;7;17;41;41091;;3;2;No inventariada;;9;5;2;;;1;1;1;;;1;998
5;1;15;41;41091;;3;2;No inventariada;;9;2;1;2;;1;1;1;;;1;998
5;2;15;41;41091;;1;1;SE-30;22,1;3;5;2;;;1;1;1;;;1;1
5;2;14;41;41091;;1;1;A-4;533,5;3;4;2;;;1;1;1;;;1;1
5;1;6;41;41091;;3;2;No inventariada;;9;4;1;5;;1;4;1;;;1;998
5;7;21;41;41091;;3;2;No inventariada;;9;10;1;2;;1;4;1;;;1;998
5;1;8;41;41091;;3;2;No inventariada;;9;2;1;1;;1;1;1;;;1;998
5;2;1;41;41091;;3;2;No inventariada;;9;2;1;1;;1;4;1;;;1;998
5;2;0;41;41091;;3;2;No inventariada;;9;1;1;2;;1;1;1;;;1;998
5;2;11;41;41091;;3;2;No inventariada;;9;2;1;2;;1;1;1;;;1;998
5;2;23;41;41091;;1;1;SE-004;1,5;6;19;2;;;1;6;1;;;1;3
4;2;13;41;41091;;3;2;No inventariada;;9;7;1;2;;1;1;1;;;1;998
4;4;21;41;41091;;3;2;No inventariada;;9;2;1;1;;1;3;1;;;9;998
5;2;8;41;41091;;3;2;No inventariada;;9;4;1;5;;1;1;1;;;1;998
5;2;16;41;41091;;3;2;No inventariada;;9;2;2;;;1;1;1;;;1;998
5;3;8;41;41091;;3;2;No inventariada;;9;3;1;1;;1;1;1;;;1;998
5;3;8;41;41091;;3;2;No inventariada;;9;4;1;2;;1;1;1;;;1;998
5;4;9;41;41091;;3;2;No inventariada;;9;2;2;;;1;1;1;;;1;998
5;3;8;41;41091;;3;2;No inventariada;;9;2;1;1;;1;1;1;;;1;998
5;3;12;41;41091;;3;2;No inventariada;;9;3;1;5;;1;1;1;;;1;998
5;2;16;41;41091;;3;2;No inventariada;;9;2;1;2;;1;1;1;;;1;998
5;3;18;41;41091;;3;2;No inventariada;;9;4;2;;;1;1;1;;;1;998
5;4;11;41;41091;;1;1;A-92;2,5;3;7;2;;;1;1;1;;;1;2
5;3;4;41;41091;;3;2;No inventariada;;9;10;2;;;3;4;3;;;1;998
4;7;14;41;41091;;3;2;No inventariada;;9;10;2;;;1;1;1;;;9;998
5;2;16;41;41091;;3;2;No inventariada;;9;7;2;;;1;1;1;;;1;998
5;2;19;41;41091;;3;2;No inventariada;;9;2;1;1;;1;1;1;;;1;998
5;3;22;41;41091;;3;2;No inventariada;;9;7;1;1;;1;4;1;;;1;998
4;7;22;41;41091;;3;2;No inventariada;;9;2;1;1;;1;4;1;;;1;998
5;3;9;41;41091;;3;2;No inventariada;;9;2;2;;;1;1;1;;;1;998
5;4;9;41;41091;;3;2;No inventariada;;9;4;2;;;1;1;1;;;1;998
5;4;10;41;41091;;3;2;No inventariada;;9;10;2;;;1;1;1;;;1;998
5;6;19;41;41091;;3;2;No inventariada;;9;3;2;;;1;1;1;;;1;998