MES;DIA_SEMANA;HORA;COD_PROVINCIA;COD_MUNICIPIO;ISLA;ZONA;ZONA_AGRUPADA;CARRETERA;KM;TIPO_VIA;TIPO_ACCIDENTE;NUDO;NUDO_INFO;CARRETERA_CRUCE;CONDICION_FIRME;CONDICION_ILUMINACION;CONDICION_METEO;CONDICION_NIEBLA;CONDICION_VIENTO;VISIB_RESTRINGIDA_POR;TRAZADO_PLANTA
5;6;22;41;41091;;3;2;No inventariada;;9;7;2;;;1;4;1;;;1;998
5;5;17;41;41091;;1;1;SE-30;14;3;15;1;2;;1;1;1;;;1;2
4;1;23;41;41091;;3;2;No inventariada;;9;2;1;5;;1;4;1;;;1;998
5;2;13;41;41091;;3;2;No inventariada;;9;2;2;;;1;1;1;;;1;998
5;3;18;41;41091;;3;2;No inventariada;;9;2;1;1;;1;1;1;;;1;998
5;3;19;41;41091;;3;2;No inventariada;;9;10;2;;;1;1;1;;;1;998
5;3;7;41;41091;;3;2;No inventariada;;9;4;1;5;;1;1;1;;;1;998
5;5;11;41;41091;;3;2;No inventariada;;9;4;1;2;;1;1;1;;;1;998
5;5;14;41;41091;;3;2;No inventariada;;9;4;2;;;1;1;1;;;1;998
5;5;16;41;41091;;3;2;No inventariada;;9;4;2;;;1;1;1;;;1;998
5;6;0;41;41091;;3;2;No inventariada;;9;4;1;1;;1;3;1;;;1;998
5;6;8;41;41091;;3;2;No inventariada;;9;4;1;1;;1;1;1;;;1;998
5;6;17;41;41091;;3;2;No inventariada;;9;2;1;1;;1;1;1;;;1;998
4;2;15;41;41091;;3;2;No inventariada;;9;7;2;;;1;1;1;;;1;998
4;5;3;41;41091;;3;2;No inventariada;;9;10;1;1;;1;4;1;;;1;998
5;6;1;41;41091;;3;2;No inventariada;;9;2;1;2;;1;3;1;;;1;998
5;6;21;41;41091;;3;2;No inventariada;;9;3;1;1;;1;4;1;;;1;998
5;4;13;41;41091;;3;2;No inventariada;;9;10;2;;;1;1;1;;;1;998
5;6;22;41;41091;;3;2;No inventariada;;9;4;2;;;1;4;1;;;1;998
5;6;21;41;41091;;3;2;No inventariada;;9;7;1;2;;1;1;1;;;1;998
5;7;18;41;41091;;3;2;No inventariada;;9;2;1;2;;1;1;1;;;1;998
5;7;20;41;41091;;3;2;No inventariada;;9;4;1;2;;1;1;1;;;1;998
5;1;1;41;41091;;3;2;No inventariada;;9;19;2;;;1;4;1;;;1;998
5;5;11;41;41091;;3;2;No inventariada;;9;10;2;;;1;1;1;;;1;998
3;7;9;41;41091;;3;2;No inventariada;;9;20;2;;;1;1;1;;;1;998
4;5;2;41;41091;;3;2;No inventariada;;9;7;2;;;1;4;1;;;1;998
4;7;20;41;41091;;3;2;No inventariada;;9;7;2;;;1;4;1;;;1;998
5;3;15;41;41091;;3;2;No inventariada;;9;10;2;;;1;1;1;;;1;998
5;4;17;41;41091;;3;2;No inventariada;;9;2;2;;;1;1;1;;;1;998
5;5;8;41;41091;;3;2;No inventariada;;9;2;1;5;;1;1;1;;;1;998
5;1;7;41;41091;;3;2;No inventariada;;9;6;1;3;;1;3;1;;;1;998
5;2;11;41;41091;;3;2;No inventariada;;9;10;1;2;;1;1;1;;;1;998
5;4;13;41;41091;;3;2;No inventariada;;9;2;2;;;1;1;1;;;1;998
5;5;9;41;41091;;3;2;No inventariada;;9;4;1;1;;1;1;1;;;1;998
5;7;5;41;41091;;3;2;No inventariada;;9;4;2;;;1;4;1;;;1;998
5;7;13;41;41091;;3;2;No inventariada;;9;10;2;;;7;1;1;;;1;998
5;1;7;41;41091;;3;2;No inventariada;;9;5;2;;;1;1;1;;;1;998
5;3;5;41;41091;;3;2;No inventariada;;9;2;1;4;;3;4;2;;;1;998
5;1;10;41;41091;;3;2;No inventariada;;9;10;2;;;1;1;1;;;1;998
5;1;8;41;41091;;3;2;No inventariada;;9;4;1;5;;1;1;1;;;1;998
5;5;16;41;41091;;3;2;No inventariada;;9;7;1;4;;1;1;1;;;1;998
5;1;14;41;41091;;3;2;No inventariada;;9;4;2;;;1;1;1;;;1;998
5;1;14;41;41091;;3;2;No inventariada;;9;2;1;1;;1;1;1;;;1;998
5;6;22;41;41091;;3;2;No inventariada;;9;7;1;1;;1;4;1;;;2;998
5;1;17;41;41091;;3;2;No inventariada;;9;10;2;;;8;1;1;;;1;998
5;4;13;41;41091;;3;2;No inventariada;;9;3;2;;;1;1;1;;;1;998
5;1;20;41;41091;;3;2;No inventariada;;9;2;1;1;;1;1;1;;;1;998
5;6;21;41;41091;;3;2;No inventariada;;9;7;2;;;1;4;1;;;1;998
5;7;21;41;41091;;3;2;No inventariada;;9;4;1;2;;1;4;1;;;1;998
5;2;7;41;41091;;3;2;No inventariada;;9;1;1;2;;1;1;1;;;1;998
5;3;13;41;41091;;3;2;No inventariada;;9;7;2;;;1;1;1;;;1;998
5;2;8;41;41091;;3;2;No inventariada;;9;2;2;;;1;1;1;;;1;998
5;6;14;41;41091;;3;2;No inventariada;;9;7;2;;;1;1;1;;;1;998
5;1;8;41;41091;;3;2;No inventariada;;9;2;1;4;;1;1;1;;;6;998
5;7;11;41;41091;;3;2;No inventariada;;9;7;2;;;1;1;1;;;1;998
5;5;17;41;41091;;3;2;No inventariada;;9;2;1;2;;1;1;1;;;1;998
5;2;18;41;41091;;3;2;No inventariada;;9;2;1;2;;1;1;1;;;1;998
5;3;4;41;41021;;1;1;SE-30;21,35;3;4;2;;;1;1;1;;;18;1
4;7;10;41;41091;;3;2;No inventariada;;9;2;1;5;;1;1;1;;;1;998
4;2;13;41;41091;;3;2;No inventariada;;9;10;2;;;1;1;1;;;1;998
5;5;20;41;41091;;3;2;No inventariada;;9;2;1;1;;1;1;1;;;1;998
5;1;9;41;41091;;3;2;No inventariada;;9;4;1;1;;1;1;1;;;1;998
5;6;17;41;41091;;3;2;No inventariada;;9;2;1;5;;1;1;1;;;1;998
5;1;13;41;41091;;3;2;No inventariada;;9;2;1;2;;1;1;1;;;1;998
5;2;7;41;41091;;3;2;No inventariada;;9;7;1;4;;1;1;1;;;1;998
5;2;17;41;41091;;3;2;No inventariada;;9;7;2;;;1;1;1;;;1;998
5;2;18;41;41091;;3;2;No inventariada;;9;7;1;5;;1;1;1;;;12;998
5;3;8;41;41091;;3;2;No inventariada;;9;2;1;2;;1;1;1;;;1;998
5;3;11;41;41091;;3;2;No inventariada;;9;7;2;;;1;1;1;;;1;998
5;3;12;41;41091;;3;2;No inventariada;;9;4;2;;;1;1;1;;;1;998
5;2;21;41;41091;;3;2;No inventariada;;9;2;1;2;;1;1;1;;;1;998
5;3;19;41;41091;;3;2;No inventariada;;9;10;1;2;;1;1;1;;;1;998
5;4;7;41;41091;;3;2;No inventariada;;9;4;2;;;1;1;1;;;1;998
5;5;22;41;41091;;3;2;No inventariada;;9;2;1;1;;1;3;1;;;1;998
5;3;12;41;41091;;3;2;No inventariada;;9;7;2;;;1;1;1;;;1;998
5;4;21;41;41091;;3;2;No inventariada;;9;10;2;;;1;1;1;;;1;998
5;3;0;41;41091;;3;2;No inventariada;;9;4;1;1;;1;4;1;;;1;998
5;3;23;41;41091;;3;2;No inventariada;;9;5;2;;;1;4;1;;;1;998
5;5;18;41;41091;;1;1;SE-30;3,45;3;7;1;10;;1;1;1;;;1;1
5;5;20;41;41091;;1;1;A-4;535,336;3;4;2;;;1;1;1;;;18;1
5;1;9;41;41091;;3;2;No inventariada;;9;2;1;5;;1;1;1;;;1;998
5;3;21;41;41091;;3;2;No inventariada;;9;10;2;;;1;1;1;;;1;998
5;4;10;41;41091;;3;2;No inventariada;;9;6;2;;;1;1;1;;;1;998
5;6;19;41;41091;;3;2;No inventariada;;9;2;1;1;;1;1;1;;;18;998
5;5;9;41;41091;;3;2;No inventariada;;9;7;2;;;1;1;1;;;1;998
5;5;12;41;41091;;3;2;No inventariada;;9;7;1;2;;1;1;1;;;1;998
5;5;14;41;41091;;3;2;No inventariada;;9;2;1;6;;1;1;1;;;1;998
5;6;12;41;41091;;1;1;SE-30;13,187;3;4;2;;;1;1;1;;;1;1
5;5;18;41;41091;;3;2;No inventariada;;9;2;1;1;;1;1;1;;;1;998
5;6;11;41;41091;;3;2;No inventariada;;9;7;2;;;1;1;1;;;1;998
5;6;17;41;41091;;3;2;No inventariada;;9;10;2;;;1;1;1;;;1;998
5;6;22;41;41038;;1;1;SE-40;21,6;3;6;2;;;1;6;1;;;18;1
5;5;12;41;41091;;3;2;No inventariada;;9;7;1;1;;1;1;1;;;1;998
5;6;1;41;41091;;3;2;No inventariada;;9;15;1;4;;3;4;1;;;1;998
5;6;14;41;41091;;3;2;No inventariada;;9;4;2;;;1;1;1;;;1;998
5;6;23;41;41091;;3;2;No inventariada;;9;3;1;4;;1;4;1;;;1;998
5;7;2;41;41091;;3;2;No inventariada;;9;7;2;;;1;4;1;;;1;998
5;7;12;41;41091;;3;2;No inventariada;;9;2;1;1;;1;1;1;;;6;998
5;6;22;41;41091;;3;2;No inventariada;;9;4;2;;;1;4;1;;;1;998
5;7;20;41;41091;;3;2;No inventariada;;9;4;2;;;1;1;1;;;1;998
5;4;12;41;41091;;3;2;No inventariada;;9;2;1;5;;1;1;1;;;1;998
5;2;22;41;41091;;3;2;No inventariada;;9;1;2;;;1;4;1;;;1;998
5;3;8;41;41091;;3;2;No inventariada;;9;10;1;2;;1;1;1;;;1;998
5;4;21;41;41091;;3;2;No inventariada;;9;2;1;1;;1;4;1;;;1;998
5;4;21;41;41091;;3;2;No inventariada;;9;4;2;;;1;1;1;;;1;998
5;6;17;41;41091;;3;2;No inventariada;;9;10;2;;;1;1;1;;;1;998
5;7;0;41;41091;;3;2;No inventariada;;9;10;1;2;;1;4;1;;;1;998
5;1;14;41;41091;;3;2;No inventariada;;9;2;1;2;;1;1;1;;;1;998
5;1;14;41;41091;;3;2;No inventariada;;9;10;1;1;;1;1;1;;;1;998
5;6;19;41;41091;;3;2;No inventariada;;9;2;1;12;;1;1;1;;;1;998
5;4;13;41;41091;;3;2;No inventariada;;9;4;2;;;1;1;1;;;1;998
5;1;17;41;41091;;3;2;No inventariada;;9;7;2;;;1;1;1;;;1;998
5;3;20;41;41091;;3;2;No inventariada;;9;7;2;;;1;2;1;;;1;998
5;5;0;41;41091;;3;2;No inventariada;;9;2;1;1;;1;1;1;;;1;998
5;6;11;41;41091;;3;2;No inventariada;;9;3;1;4;;1;1;1;;;1;998
5;5;21;41;41091;;3;2;No inventariada;;9;4;2;;;1;1;1;;;1;998
5;7;8;41;41091;;3;2;No inventariada;;9;2;2;;;1;1;1;;;1;998
5;1;15;41;41091;;3;2;No inventariada;;9;2;2;;;1;1;1;;;1;998
5;1;10;41;41091;;3;2;No inventariada;;9;10;2;;;8;1;1;;;1;998
5;2;12;41;41091;;3;2;No inventariada;;9;7;1;1;;1;1;1;;;9;998
5;2;14;41;41091;;3;2;No inventariada;;9;2;1;1;;1;1;1;;;9;998
5;2;18;41;41091;;3;2;No inventariada;;9;7;1;2;;1;1;1;;;1;998
5;2;8;41;41091;;1;1;SE-30;22;3;5;2;;;1;1;1;;;1;1
5;1;11;41;41091;;3;2;No inventariada;;9;7;2;;;1;1;1;;;1;998
5;2;17;41;41091;;3;2;No inventariada;;9;4;2;;;1;1;1;;;1;998
5;5;16;41;41091;;3;2;No inventariada;;9;1;1;1;;1;1;1;;;1;998
5;2;23;41;41091;;3;2;No inventariada;;9;2;2;;;1;4;1;;;1;998
5;3;3;41;41091;;3;2;No inventariada;;9;10;2;;;1;4;1;;;1;998
5;3;7;41;41091;;3;2;No inventariada;;9;10;2;;;1;1;1;;;1;998
5;7;3;41;41091;;3;2;No inventariada;;9;2;1;2;;1;4;1;;;1;998
5;3;13;41;41091;;3;2;No inventariada;;9;2;1;1;;1;1;3;;;1;998
5;5;21;41;41091;;3;2;No inventariada;;9;1;1;2;;1;1;1;;;6;998
5;7;15;41;41091;;3;2;No inventariada;;9;7;2;;;1;1;1;;;1;998
5;2;11;41;41091;;3;2;No inventariada;;9;20;2;;;1;1;1;;;1;998
5;3;9;41;41091;;3;2;No inventariada;;9;4;2;;;1;1;1;;;1;998
5;3;15;41;41091;;3;2;No inventariada;;9;3;2;;;1;1;1;;;1;998
5;6;13;41;41091;;3;2;No inventariada;;9;2;1;1;;1;1;1;;;1;998
5;3;17;41;41091;;3;2;No inventariada;;9;4;2;;;1;1;1;;;1;998
5;1;16;41;41091;;1;1;SE-30;2,5;3;4;2;;;1;1;1;;;1;1
5;3;8;41;41091;;3;2;No inventariada;;9;3;2;;;1;1;1;;;1;998
5;3;8;41;41091;;3;2;No inventariada;;9;7;2;;;1;1;1;;;1;998
5;5;20;41;41091;;3;2;No inventariada;;9;4;2;;;1;1;1;;;1;998
5;2;10;41;41091;;3;2;No inventariada;;9;7;2;;;1;1;1;;;1;998
5;3;14;41;41091;;3;2;No inventariada;;9;3;2;;;1;1;1;;;1;998
5;4;9;41;41091;;3;2;No inventariada;;9;20;1;2;;1;1;1;;;1;998
5;3;14;41;41091;;3;2;No inventariada;;9;4;2;;;1;1;1;;;1;998
5;3;8;41;41091;;3;2;No inventariada;;9;4;1;1;;1;1;1;;;1;998
5;4;14;41;41091;;3;2;No inventariada;;9;2;1;1;;1;1;1;;;1;998
5;4;20;41;41091;;3;2;No inventariada;;9;2;2;;;1;1;1;;;1;998
5;1;16;41;41091;;3;2;No inventariada;;9;2;1;2;;1;1;1;;;1;998
5;4;11;41;41091;;3;2;No inventariada;;9;4;2;;;1;1;1;;;1;998
5;4;15;41;41091;;3;2;No inventariada;;9;4;1;4;;1;1;1;;;1;998
5;3;12;41;41091;;3;2;No inventariada;;9;7;2;;;1;1;1;;;1;998
5;5;0;41;41091;;3;2;No inventariada;;9;10;2;;;1;4;1;;;1;998
5;3;13;41;41091;;3;2;No inventariada;;9;4;2;;;1;1;1;;;1;998
5;5;23;41;41091;;3;2;No inventariada;;9;4;1;2;;1;4;1;;;1;998
5;6;5;41;41091;;3;2;No inventariada;;9;10;2;;;1;4;1;;;1;998
5;5;14;41;41091;;3;2;No inventariada;;9;2;2;;;1;1;1;;;1;998
3;2;3;41;41091;;3;2;No inventariada;;9;6;2;;;3;4;1;;;1;998
5;4;14;41;41091;;3;2;No inventariada;;9;4;2;;;1;1;1;;;1;998
5;2;7;41;41091;;3;2;No inventariada;;9;7;2;;;1;1;1;;;1;998
5;7;13;41;41091;;3;2;No inventariada;;9;4;2;;;1;1;7;;;1;998
5;5;11;41;41091;;3;2;No inventariada;;9;2;1;2;;1;1;1;;;1;998
5;1;9;41;41091;;1;1;SE-31;2,5;5;4;2;;;1;1;1;;;1;1
5;5;1;41;41091;;3;2;No inventariada;;9;2;1;4;;1;4;1;;;1;998
5;5;7;41;41091;;3;2;No inventariada;;9;4;2;;;1;1;1;;;1;998
5;1;12;41;41091;;3;2;No inventariada;;9;4;1;2;;1;1;1;;;6;998
5;2;11;41;41091;;3;2;No inventariada;;9;3;1;5;;1;1;1;;;1;998
5;5;13;41;41091;;3;2;No inventariada;;9;6;2;;;1;2;1;;;1;998
5;7;23;41;41091;;3;2;No inventariada;;9;2;1;1;;1;4;1;;;1;998
5;1;2;41;41091;;3;2;No inventariada;;9;10;1;1;;1;4;1;;;1;998
5;1;7;41;41091;;3;2;No inventariada;;9;7;1;1;;1;1;1;;;1;998
5;4;15;41;41091;;3;2;No inventariada;;9;2;2;;;1;1;1;;;1;998
5;1;9;41;41091;;3;2;No inventariada;;9;4;2;;;1;1;1;;;1;998
5;7;0;41;41091;;3;2;No inventariada;;9;2;1;1;;1;3;1;;;1;998
5;7;15;41;41091;;3;2;No inventariada;;9;10;2;;;8;1;1;;;1;998
5;4;15;41;41091;;3;2;No inventariada;;9;2;2;;;1;1;1;;;1;998
5;4;20;41;41091;;3;2;No inventariada;;9;2;1;2;;1;1;1;;;1;998
5;2;11;41;41091;;1;1;SE-30;0,4;3;2;2;;;1;1;1;;;1;1
5;4;1;41;41091;;3;2;No inventariada;;9;2;1;2;;1;4;1;;;1;998
5;1;12;41;41091;;3;2;No inventariada;;9;4;1;1;;1;1;1;;;1;998
5;2;8;41;41091;;3;2;No inventariada;;9;7;2;;;1;1;1;;;1;998
5;7;0;41;41091;;3;2;No inventariada;;9;2;1;2;;1;1;1;;;1;998
5;2;8;41;41091;;3;2;No inventariada;;9;4;1;2;;1;1;1;;;1;998
5;2;9;41;41091;;3;2;No inventariada;;9;6;2;;;1;1;1;;;1;998
5;1;20;41;41091;;3;2;No inventariada;;9;2;1;2;;1;1;1;;;1;998
5;1;20;41;41091;;3;2;No inventariada;;9;2;1;2;;1;1;1;;;6;998
5;2;19;41;41091;;3;2;No inventariada;;9;2;1;4;;1;1;1;;;1;998
5;5;16;41;41091;;3;2;No inventariada;;9;4;2;;;1;1;1;;;1;998
5;3;8;41;41091;;1;1;SE-30;0,535;3;4;2;;;1;1;1;;;1;1
5;3;8;41;41091;;1;1;SE-3102;0,8;6;2;1;2;;1;1;1;;;6;1
5;1;17;41;41091;;3;2;No inventariada;;9;2;2;;;1;1;1;;;1;998
5;2;8;41;41091;;3;2;No inventariada;;9;10;1;4;;1;1;1;;;1;998
5;2;10;41;41091;;3;2;No inventariada;;9;7;2;;;1;1;1;;;1;998
5;2;12;41;41091;;3;2;No inventariada;;9;7;2;;;1;1;1;;;1;998
5;2;13;41;41091;;3;2;No inventariada;;9;2;1;1;;1;1;1;;;1;998
5;2;23;41;41091;;3;2;No inventariada;;9;10;2;;;1;4;1;;;1;998
5;3;0;41;41091;;3;2;No inventariada;;9;6;2;;;1;4;1;;;1;998
5;2;8;41;41091;;3;2;No inventariada;;9;7;2;;;1;1;1;;;18;998
5;2;10;41;41091;;3;2;No inventariada;;9;7;2;;;1;1;1;;;1;998
5;3;8;41;41091;;3;2;No inventariada;;9;10;2;;;8;1;1;;;1;998
5;5;18;41;41091;;3;2;No inventariada;;9;2;1;5;;1;1;1;;;1;998
5;5;20;41;41091;;3;2;No inventariada;;9;2;2;;;1;1;1;;;1;998
5;3;20;41;41091;;3;2;No inventariada;;9;6;1;1;;1;1;1;;;1;998
5;1;1;41;41091;;3;2;No inventariada;;9;20;2;;;1;4;1;;;1;998
5;3;23;41;41091;;3;2;No inventariada;;9;2;1;1;;1;4;1;;;1;998
5;2;7;41;41091;;3;2;No inventariada;;9;7;2;;;1;1;1;;;6;998
5;4;11;41;41091;;3;2;No inventariada;;9;7;1;1;;1;1;1;;;1;998
5;5;22;41;41091;;3;2;No inventariada;;9;10;1;1;;1;3;1;;;1;998
5;3;8;41;41091;;3;2;No inventariada;;9;5;1;5;;1;1;1;;;6;998
5;3;0;41;41091;;3;2;No inventariada;;9;10;2;;;1;1;1;;;1;998
5;2;16;41;41091;;3;2;No inventariada;;9;2;1;4;;1;1;1;;;1;998
5;5;19;41;41091;;3;2;No inventariada;;9;2;2;;;1;1;1;;;1;998
5;5;17;41;41091;;3;2;No inventariada;;9;2;1;2;;1;1;1;;;1;998
6;6;7;41;41091;;1;1;A-4;536,5;3;12;2;;;1;1;1;;;18;2
5;5;21;41;41091;;3;2;No inventariada;;9;2;1;2;;1;2;1;;;1;998
5;3;22;41;41091;;3;2;No inventariada;;9;2;1;1;;1;3;1;;;1;998
5;5;20;41;41091;;3;2;No inventariada;;9;2;1;1;;1;1;1;;;1;998
5;4;9;41;41091;;3;2;No inventariada;;9;2;2;;;1;1;1;;;1;998
5;6;17;41;41091;;3;2;No inventariada;;9;10;2;;;8;1;1;;;10;998
5;7;17;41;41091;;3;2;No inventariada;;9;10;2;;;1;1;1;;;1;998
5;1;20;41;41091;;3;2;No inventariada;;9;10;1;5;;8;1;1;;;1;998
6;6;13;41;41091;;3;2;No inventariada;;9;3;1;5;;1;1;1;;;1;998
6;6;19;41;41091;;3;2;No inventariada;;9;2;1;2;;1;1;1;;;1;998
6;7;10;41;41091;;3;2;No inventariada;;9;4;1;1;;1;1;1;;;1;998
6;6;20;41;41091;;3;2;No inventariada;;9;2;2;;;1;1;1;;;1;998
5;3;19;41;41091;;3;2;No inventariada;;9;10;2;;;1;1;1;;;1;998
6;7;16;41;41091;;3;2;No inventariada;;9;4;2;;;1;1;1;;;1;998
6;7;16;41;41091;;3;2;No inventariada;;9;10;2;;;1;1;1;;;1;998
6;7;19;41;41091;;3;2;No inventariada;;9;4;1;1;;1;1;1;1;;1;998
6;7;19;41;41091;;3;2;No inventariada;;9;10;1;2;;8;1;1;;;1;998
5;3;20;41;41091;;3;2;No inventariada;;9;10;2;;;1;1;1;;;1;998
5;5;8;41;41091;;3;2;No inventariada;;9;10;1;1;;1;1;1;;;1;998
5;5;14;41;41091;;3;2;No inventariada;;9;2;1;4;;1;1;1;;;1;998
6;7;0;41;41091;;3;2;No inventariada;;9;10;2;;;1;4;1;;;1;998
6;1;6;41;41091;;3;2;No inventariada;;9;10;1;4;;1;1;1;;;1;998
6;1;8;41;41091;;3;2;No inventariada;;9;2;1;2;;1;1;1;;;1;998
5;5;14;41;41091;;3;2;No inventariada;;9;4;1;5;;1;1;1;;;1;998
4;7;3;41;41091;;3;2;No inventariada;;9;2;1;1;;1;4;1;;;1;998
6;1;14;41;41091;;3;2;No inventariada;;9;7;2;;;1;1;1;;;1;998
5;4;19;41;41091;;3;2;No inventariada;;9;3;1;1;;1;1;1;;;1;998
6;1;16;41;41091;;3;2;No inventariada;;9;2;2;;;1;1;1;;;1;998
6;1;17;41;41091;;3;2;No inventariada;;9;2;1;1;;1;1;1;;;1;998
6;1;18;41;41091;;3;2;No inventariada;;9;4;1;4;;1;1;1;;;1;998
5;2;9;41;41091;;3;2;No inventariada;;9;4;2;;;1;1;1;;;1;998
5;4;7;41;41091;;3;2;No inventariada;;9;4;2;;;1;1;1;;;1;998
6;2;14;41;41091;;3;2;No inventariada;;9;1;2;;;1;1;1;;;1;998
6;2;15;41;41091;;3;2;No inventariada;;9;7;2;;;1;1;1;;;1;998
5;7;21;41;41091;;3;2;No inventariada;;9;4;1;4;;1;3;1;;;1;998
6;2;19;41;41091;;3;2;No inventariada;;9;3;1;4;;1;1;1;;;1;998
5;7;14;41;41091;;3;2;No inventariada;;9;4;2;;;1;1;1;;;1;998
5;2;16;41;41091;;3;2;No inventariada;;9;7;2;;;1;1;1;;;1;998
6;3;13;41;41091;;3;2;No inventariada;;9;3;1;4;;1;1;1;1;;1;998
6;3;16;41;41091;;3;2;No inventariada;;9;2;2;;;1;1;1;;;1;998
5;4;17;41;41091;;3;2;No inventariada;;9;2;2;;;1;1;1;;;9;998
5;4;13;41;41091;;3;2;No inventariada;;9;10;2;;;1;1;1;;;1;998
6;1;21;41;41021;;1;1;SE-30;20;8;16;2;;;1;6;1;;;1;2
6;4;15;41;41091;;1;1;A-92;1;3;4;2;;;1;1;1;;;1;1
5;7;8;41;41091;;3;2;No inventariada;;9;4;1;5;;1;1;1;;;1;998
6;1;13;41;41091;;3;2;No inventariada;;9;10;2;;;1;1;1;;;1;998
6;3;13;41;41091;;3;2;No inventariada;;9;2;1;1;;1;1;1;;;1;998
6;3;17;41;41091;;3;2;No inventariada;;9;7;2;;;1;2;1;;;1;998
6;3;23;41;41091;;3;2;No inventariada;;9;2;2;;;1;4;1;;;1;998
6;4;9;41;41091;;3;2;No inventariada;;9;7;1;4;;1;1;1;;;1;998
6;2;12;41;41091;;3;2;No inventariada;;9;7;2;;;1;1;1;;;1;998
6;4;14;41;41091;;3;2;No inventariada;;9;2;1;1;;1;1;1;;;9;998
6;4;14;41;41091;;3;2;No inventariada;;9;2;1;1;;1;1;1;;;1;998
6;4;17;41;41091;;3;2;No inventariada;;9;2;1;1;;1;1;1;;;1;998
6;4;15;41;41091;;3;2;No inventariada;;9;2;1;1;;1;1;1;;;1;998
4;5;22;41;41091;;3;2;No inventariada;;9;2;1;1;;1;4;1;;;1;998
6;3;9;41;41091;;3;2;No inventariada;;9;2;1;2;;1;1;1;;;1;998
6;4;9;41;41091;;3;2;No inventariada;;9;2;2;;;1;1;1;;;1;998
6;5;8;41;41091;;3;2;No inventariada;;9;7;1;1;;1;1;2;;;1;998
6;5;11;41;41091;;3;2;No inventariada;;9;10;1;4;;1;1;1;;;1;998
5;1;20;41;41091;;3;2;No inventariada;;9;2;1;1;;1;1;1;;;1;998
6;1;22;41;41091;;3;2;No inventariada;;9;2;1;1;;1;4;1;;;2;998
6;2;21;41;41091;;3;2;No inventariada;;9;4;2;;;1;1;1;;;1;998
6;3;22;41;41091;;3;2;No inventariada;;9;4;2;;;1;4;1;;;1;998
6;4;21;41;41091;;3;2;No inventariada;;9;10;2;;;1;2;1;;;1;998
6;5;13;41;41091;;3;2;No inventariada;;9;2;1;4;;1;1;2;;;1;998
6;5;23;41;41091;;3;2;No inventariada;;9;10;2;;;1;4;1;;;1;998
6;6;16;41;41091;;3;2;No inventariada;;9;10;2;;;1;1;1;;;1;998
6;6;17;41;41091;;3;2;No inventariada;;9;4;2;;;1;1;1;;;1;998
6;7;0;41;41091;;1;1;SE-30;8,6;3;4;1;2;;1;4;1;;;1;1
6;3;17;41;41091;;3;2;No inventariada;;9;3;2;;;1;1;1;;;1;998
6;3;17;41;41091;;3;2;No inventariada;;9;1;1;2;;1;1;1;;;1;998
6;5;9;41;41091;;3;2;No inventariada;;9;4;2;;;1;1;2;;;1;998
6;6;12;41;41091;;3;2;No inventariada;;9;2;1;4;;1;1;1;;;1;998
6;6;13;41;41091;;3;2;No inventariada;;9;6;2;;;1;1;2;;;1;998
6;6;17;41;41091;;3;2;No inventariada;;9;2;1;1;;1;1;1;;;12;998
6;6;20;41;41091;;3;2;No inventariada;;9;4;1;1;;1;1;1;;;1;998
6;6;21;41;41091;;3;2;No inventariada;;9;2;1;1;;1;2;1;;;1;998
6;6;22;41;41091;;3;2;No inventariada;;9;10;1;1;;1;4;1;;;1;998
6;6;23;41;41091;;3;2;No inventariada;;9;7;1;2;;1;4;1;;;1;998
6;6;23;41;41091;;3;2;No inventariada;;9;2;1;1;;1;4;1;;;1;998
6;7;1;41;41091;;3;2;No inventariada;;9;2;1;5;;1;5;1;;;1;998
6;6;21;41;41091;;3;2;No inventariada;;9;2;2;;;1;4;1;;;1;998
6;7;18;41;41091;;3;2;No inventariada;;9;10;1;2;;3;1;3;;;1;998
6;7;20;41;41091;;3;2;No inventariada;;9;10;1;1;;9;1;2;;;1;998
6;4;20;41;41091;;3;2;No inventariada;;9;2;1;1;;1;1;1;;;1;998
6;5;17;41;41091;;3;2;No inventariada;;9;4;1;1;;1;1;1;;;1;998