MES;DIA_SEMANA;HORA;COD_PROVINCIA;COD_MUNICIPIO;ISLA;ZONA;ZONA_AGRUPADA;CARRETERA;KM;TIPO_VIA;TIPO_ACCIDENTE;NUDO;NUDO_INFO;CARRETERA_CRUCE;CONDICION_FIRME;CONDICION_ILUMINACION;CONDICION_METEO;CONDICION_NIEBLA;CONDICION_VIENTO;VISIB_RESTRINGIDA_POR;TRAZADO_PLANTA
6;7;2;41;41091;;3;2;No inventariada;;9;2;2;;;1;4;1;;;1;998
6;1;7;41;41091;;3;2;No inventariada;;9;20;2;;;1;1;1;;;1;998
6;1;10;41;41091;;3;2;No inventariada;;9;2;1;1;;1;1;1;;;1;998
6;1;15;41;41091;;3;2;No inventariada;;9;2;2;;;1;1;1;;;1;998
6;1;18;41;41091;;3;2;No inventariada;;9;2;2;;;1;1;1;;;1;998
6;1;16;41;41091;;3;2;No inventariada;;9;2;2;;;1;1;1;;;1;998
6;1;15;41;41091;;3;2;No inventariada;;9;4;2;;;1;1;1;;;1;998
6;1;18;41;41091;;3;2;No inventariada;;9;2;1;1;;1;1;1;;;1;998
6;6;0;41;41091;;3;2;No inventariada;;9;2;1;5;;1;5;1;;;1;998
5;3;8;41;41091;;3;2;No inventariada;;9;3;2;;;1;1;1;;;1;998
6;4;23;41;41091;;3;2;No inventariada;;9;2;1;1;;1;4;1;;;1;998
6;2;11;41;41091;;3;2;No inventariada;;9;2;1;1;;1;1;1;;;1;998
6;1;19;41;41091;;3;2;No inventariada;;9;2;1;5;;1;1;1;;;1;998
6;2;14;41;41091;;3;2;No inventariada;;9;2;1;1;;1;1;1;;;1;998
6;2;18;41;41091;;3;2;No inventariada;;9;4;2;;;9;1;3;;;1;998
6;2;17;41;41091;;1;1;SE-30;5,3;3;5;2;;;1;1;3;;;1;1
5;5;21;41;41091;;3;2;No inventariada;;9;1;1;5;;1;1;1;;;6;998
5;1;17;41;41091;;3;2;No inventariada;;9;2;1;2;;1;1;1;;;1;998
6;2;11;41;41091;;3;2;No inventariada;;9;7;1;12;;1;1;1;;;1;998
6;6;12;41;41091;;3;2;No inventariada;;9;2;1;1;;1;1;1;;;1;998
6;3;18;41;41091;;3;2;No inventariada;;9;2;2;;;1;1;1;;;1;998
6;3;11;41;41091;;3;2;No inventariada;;9;7;1;1;;1;1;1;;;1;998
6;3;17;41;41091;;3;2;No inventariada;;9;4;2;;;1;1;1;;;1;998
6;4;10;41;41091;;3;2;No inventariada;;9;10;1;1;;1;1;1;;;1;998
6;4;14;41;41091;;3;2;No inventariada;;9;2;1;1;;1;1;1;;;1;998
6;4;14;41;41091;;3;2;No inventariada;;9;2;1;1;;1;1;1;;;1;998
6;4;15;41;41091;;3;2;No inventariada;;9;2;1;2;;1;1;1;;;1;998
6;4;19;41;41091;;3;2;No inventariada;;9;7;2;;;1;1;1;;;1;998
6;1;16;41;41091;;3;2;No inventariada;;9;4;2;;;1;1;1;;;1;998
6;4;11;41;41091;;3;2;No inventariada;;9;10;1;2;;1;1;1;;;1;998
6;4;13;41;41091;;3;2;No inventariada;;9;2;1;4;;1;1;1;;;1;998
6;5;10;41;41091;;3;2;No inventariada;;9;4;2;;;1;1;1;;;1;998
6;5;10;41;41091;;3;2;No inventariada;;9;3;2;;;1;1;1;;;1;998
6;5;11;41;41091;;3;2;No inventariada;;9;10;2;;;1;1;1;;;1;998
6;5;12;41;41091;;3;2;No inventariada;;9;2;2;;;1;1;1;;;1;998
6;5;23;41;41091;;3;2;No inventariada;;9;4;2;;;1;4;1;;;1;998
6;5;22;41;41091;;3;2;No inventariada;;9;2;1;1;;1;3;1;;;1;998
6;6;19;41;41091;;3;2;No inventariada;;9;2;1;1;;1;1;1;;;1;998
6;3;8;41;41091;;3;2;No inventariada;;9;2;1;1;;1;1;1;;;2;998
6;5;16;41;41091;;3;2;No inventariada;;9;3;1;5;;1;1;1;;;1;998
6;6;19;41;41091;;3;2;No inventariada;;9;2;1;2;;1;1;1;;;9;998
6;6;18;41;41091;;3;2;No inventariada;;9;10;2;;;1;1;1;;;1;998
6;7;19;41;41091;;3;2;No inventariada;;9;7;2;;;1;1;1;;;1;998
6;6;16;41;41091;;3;2;No inventariada;;9;6;2;;;1;1;1;;;1;998
6;1;14;41;41004;;1;1;A-8028;0,1;5;4;2;;;1;1;1;;;1;4
5;2;11;41;41091;;3;2;No inventariada;;9;4;2;;;1;1;1;;;1;998
5;7;5;41;41091;;3;2;No inventariada;;9;7;2;;;1;3;1;;;9;998
5;6;23;41;41091;;3;2;No inventariada;;9;2;1;4;;1;4;1;;;1;998
6;2;12;41;41091;;3;2;No inventariada;;9;7;2;;;1;1;1;;;1;998
6;3;14;41;41091;;3;2;No inventariada;;9;2;2;;;1;1;1;;;3;998
6;4;14;41;41091;;3;2;No inventariada;;9;2;2;;;1;1;1;;;1;998
6;6;13;41;41091;;3;2;No inventariada;;9;4;2;;;1;1;1;;;1;998
6;5;8;41;41091;;3;2;No inventariada;;9;6;2;;;1;1;1;;;1;998
6;1;9;41;41091;;3;2;No inventariada;;9;3;1;2;;1;1;1;;;1;998
6;5;14;41;41091;;3;2;No inventariada;;9;2;1;1;;1;1;1;;;1;998
6;1;15;41;41091;;3;2;No inventariada;;9;2;1;1;;1;1;1;;;1;998
6;1;16;41;41091;;3;2;No inventariada;;9;2;1;1;;1;1;1;;;1;998
6;2;7;41;41091;;1;1;SE-30;14,422;3;3;2;;;1;1;1;;;1;1
6;2;14;41;41091;;1;1;SE-30;14;3;12;2;;;3;1;3;;;1;2
6;4;11;41;41091;;3;2;No inventariada;;9;3;1;2;;1;1;1;;;1;998
6;7;11;41;41091;;3;2;No inventariada;;9;2;1;2;;1;1;1;;;1;998
6;7;19;41;41091;;3;2;No inventariada;;9;4;1;1;;1;1;1;;;1;998
6;4;13;41;41091;;3;2;No inventariada;;9;2;2;;;1;1;1;;;1;998
6;1;20;41;41091;;3;2;No inventariada;;9;10;1;4;;1;1;1;;;1;998
6;1;5;41;41091;;3;2;No inventariada;;9;4;2;;;1;4;1;;;1;998
6;2;7;41;41091;;3;2;No inventariada;;9;1;2;;;1;1;1;;;1;998
6;2;8;41;41091;;3;2;No inventariada;;9;10;2;;;7;1;2;;;1;998
6;4;12;41;41091;;3;2;No inventariada;;9;2;1;2;;1;1;1;;;1;998
6;4;20;41;41091;;3;2;No inventariada;;9;2;2;;;1;1;1;;;1;998
6;2;20;41;41091;;3;2;No inventariada;;9;7;1;2;;1;1;1;;;1;998
6;2;13;41;41091;;1;1;A-92;0,5;8;4;2;;;1;1;1;;;1;2
6;7;18;41;41091;;3;2;No inventariada;;9;4;2;;;3;1;3;;;1;998
6;5;14;41;41091;;3;2;No inventariada;;9;7;1;2;;1;1;1;;;1;998
6;5;11;41;41091;;3;2;No inventariada;;9;4;1;2;;1;1;1;;;1;998
6;3;11;41;41091;;3;2;No inventariada;;9;10;2;;;3;1;3;;;1;998
6;2;19;41;41091;;3;2;No inventariada;;9;7;2;;;1;4;1;;;1;998
6;4;23;41;41091;;3;2;No inventariada;;9;7;2;;;1;3;1;;;1;998
6;3;15;41;41091;;3;2;No inventariada;;9;7;1;1;;1;1;1;;;1;998
5;2;14;41;41091;;3;2;No inventariada;;9;2;2;;;1;1;1;;;1;998
6;3;13;41;41091;;3;2;No inventariada;;9;2;1;4;;3;1;2;;;1;998
6;4;0;41;41091;;3;2;No inventariada;;9;10;2;;;1;4;1;;;1;998
6;5;12;41;41091;;3;2;No inventariada;;9;7;1;1;;1;1;1;;;1;998
6;4;17;41;41091;;3;2;No inventariada;;9;2;1;1;;1;1;1;;;1;998
6;5;10;41;41091;;1;1;A-4;532,381;8;4;2;;;1;1;1;;;1;2
6;5;15;41;41091;;1;1;SE-30;2,8;3;4;2;;;1;1;1;;;1;1
6;3;11;41;41091;;3;2;No inventariada;;9;2;1;1;;1;1;1;;;1;998
6;4;11;41;41091;;3;2;No inventariada;;9;7;2;;;1;1;1;;;1;998
6;4;9;41;41091;;3;2;No inventariada;;9;7;2;;;1;1;1;;;1;998
6;4;17;41;41091;;3;2;No inventariada;;9;4;2;;;3;1;1;;;1;998
6;4;21;41;41091;;3;2;No inventariada;;9;2;1;1;;1;3;1;;;1;998
6;5;8;41;41091;;3;2;No inventariada;;9;10;2;;;1;1;1;;;2;998
6;2;14;41;41091;;3;2;No inventariada;;9;4;1;1;;1;1;1;;;1;998
6;4;20;41;41091;;3;2;No inventariada;;9;3;2;;;1;1;1;;;1;998
6;3;0;41;41091;;3;2;No inventariada;;9;7;2;;;3;1;4;;;1;998
6;4;13;41;41091;;3;2;No inventariada;;9;7;2;;;1;1;1;;;1;998
6;5;17;41;41091;;3;2;No inventariada;;9;7;1;2;;1;1;1;;;1;998
6;6;20;41;41091;;3;2;No inventariada;;9;7;2;;;1;1;1;;;1;998
6;6;21;41;41091;;3;2;No inventariada;;9;2;2;;;1;1;1;;;1;998
6;6;1;41;41091;;3;2;No inventariada;;9;7;1;1;;1;4;1;;;1;998
6;7;11;41;41091;;3;2;No inventariada;;9;2;2;;;1;1;1;;;1;998
6;2;8;41;41091;;1;1;A-92;0,8;3;4;2;;;1;1;1;;;1;1
6;1;14;41;41091;;1;1;SE-30;5,5;3;5;2;;;1;1;1;;;1;1
6;7;0;41;41091;;3;2;No inventariada;;9;1;1;1;;1;4;1;;;1;998
6;5;17;41;41091;;3;2;No inventariada;;9;3;2;;;1;1;1;;;1;998
6;5;21;41;41091;;3;2;No inventariada;;9;7;2;;;1;1;1;;;1;998
6;4;13;41;41091;;3;2;No inventariada;;9;10;1;2;;3;1;1;;;1;998
6;4;13;41;41091;;3;2;No inventariada;;9;4;1;5;;1;1;1;;;1;998
6;1;18;41;41091;;3;2;No inventariada;;9;7;1;4;;1;1;1;;;1;998
6;1;19;41;41091;;3;2;No inventariada;;9;2;2;;;1;1;1;;;1;998
6;5;17;41;41091;;3;2;No inventariada;;9;2;1;1;;1;1;1;;;1;998
6;3;21;41;41091;;3;2;No inventariada;;9;2;2;;;1;1;1;;;1;998
5;4;22;41;41091;;3;2;No inventariada;;9;2;1;1;;1;4;1;1;;1;998
6;7;6;41;41091;;3;2;No inventariada;;9;10;1;5;;1;4;1;;;1;998
6;5;21;41;41091;;3;2;No inventariada;;9;7;2;;;1;1;1;;;9;998
6;1;10;41;41091;;3;2;No inventariada;;9;3;1;1;;1;1;1;;;1;998
6;1;12;41;41091;;3;2;No inventariada;;9;5;1;5;;1;1;1;;;1;998
6;1;13;41;41091;;3;2;No inventariada;;9;3;2;;;1;1;1;;;1;998
6;1;23;41;41091;;3;2;No inventariada;;9;20;1;1;;1;4;1;;;1;998
6;5;19;41;41091;;3;2;No inventariada;;9;10;1;1;;1;1;1;;;1;998
6;5;23;41;41091;;3;2;No inventariada;;9;7;2;;;1;4;1;;;1;998
6;5;17;41;41091;;3;2;No inventariada;;9;7;1;5;;1;1;1;;;1;998
6;2;15;41;41091;;3;2;No inventariada;;9;2;1;1;;1;1;1;;;1;998
6;7;13;41;41091;;3;2;No inventariada;;9;4;2;;;1;1;1;;;1;998
6;5;19;41;41091;;3;2;No inventariada;;9;7;2;;;1;1;1;;;1;998
6;2;14;41;41091;;3;2;No inventariada;;9;4;2;;;1;1;1;;;1;998
6;3;9;41;41091;;3;2;No inventariada;;9;10;2;;;1;1;1;;;1;998
6;3;17;41;41091;;3;2;No inventariada;;9;2;2;;;1;1;1;;;1;998
6;3;22;41;41081;;1;1;A-8008;6,5;6;10;2;;;1;6;1;;;1;2
6;4;14;41;41091;;1;1;SE-31;0,05;5;2;1;4;SE-30;1;1;1;;;18;4
6;2;14;41;41091;;3;2;No inventariada;;9;10;1;2;;9;1;3;;;12;998
6;7;17;41;41091;;3;2;No inventariada;;9;2;1;1;;1;1;1;;;1;998
6;2;14;41;41091;;3;2;No inventariada;;9;7;2;;;1;1;1;;;1;998
6;2;23;41;41091;;3;2;No inventariada;;9;2;1;2;;1;4;1;;;9;998
6;3;22;41;41091;;3;2;No inventariada;;9;10;2;;;1;3;1;;;1;998
6;3;14;41;41091;;3;2;No inventariada;;9;4;1;4;;1;1;1;;;1;998
6;3;12;41;41091;;3;2;No inventariada;;9;7;2;;;3;1;3;;;1;998
6;5;15;41;41091;;1;1;A-92;0,1;8;4;2;;;1;1;3;;;18;1
6;6;1;41;41091;;3;2;No inventariada;;9;2;1;1;;1;4;1;;;1;998
6;7;17;41;41091;;3;2;No inventariada;;9;2;2;;;1;1;1;;;1;998
6;5;12;41;41091;;3;2;No inventariada;;9;2;1;4;;1;1;1;;;1;998
6;5;12;41;41091;;3;2;No inventariada;;9;2;1;1;;1;1;2;;;1;998
6;5;15;41;41091;;3;2;No inventariada;;9;4;2;;;1;1;2;;;1;998
6;5;16;41;41091;;3;2;No inventariada;;9;6;1;4;;7;1;2;;;1;998
6;5;14;41;41091;;3;2;No inventariada;;9;4;2;;;1;1;1;;;1;998
6;5;16;41;41091;;3;2;No inventariada;;9;10;1;4;;7;1;2;;;1;998
6;5;16;41;41091;;3;2;No inventariada;;9;10;1;4;;7;1;1;;;1;998
6;5;17;41;41091;;3;2;No inventariada;;9;2;1;4;;1;1;2;;;1;998
6;5;15;41;41091;;3;2;No inventariada;;9;4;2;;;1;1;1;;;1;998
6;5;17;41;41091;;3;2;No inventariada;;9;4;1;1;;1;1;1;;;1;998
6;6;0;41;41091;;1;1;SE-30;0,5;3;10;2;;;1;3;1;;;1;1
6;6;6;41;41091;;3;2;No inventariada;;9;7;1;1;;1;3;1;;;1;998
6;6;15;41;41091;;3;2;No inventariada;;9;3;1;2;;1;1;2;;;1;998
6;6;16;41;41091;;3;2;No inventariada;;9;2;1;2;;1;1;2;;;1;998
6;6;20;41;41091;;3;2;No inventariada;;9;10;1;2;;1;1;2;;;1;998
6;6;14;41;41091;;1;1;SE-30;14,4;3;3;1;12;SE-30;1;1;2;;;1;1
6;7;7;41;41091;;3;2;No inventariada;;9;4;1;1;;1;1;1;;;1;998
7;1;10;41;41091;;1;1;SE-30;4,762;3;4;2;;;1;1;1;;;1;3
6;7;0;41;41091;;3;2;No inventariada;;9;7;2;;;1;3;1;;;1;998
6;4;18;41;41091;;3;2;No inventariada;;9;19;2;;;1;1;1;;;1;998
7;1;7;41;41091;;3;2;No inventariada;;9;4;2;;;1;1;1;;;1;998
7;1;11;41;41091;;3;2;No inventariada;;9;4;1;4;;1;1;1;;;1;998
7;1;13;41;41091;;3;2;No inventariada;;9;4;2;;;1;1;1;;;1;998
7;1;14;41;41091;;3;2;No inventariada;;9;2;2;;;1;1;1;;;1;998
6;5;11;41;41091;;3;2;No inventariada;;9;6;2;;;1;1;1;;;1;998
6;6;13;41;41091;;3;2;No inventariada;;9;7;2;;;1;1;1;;;1;998
7;1;3;41;41091;;3;2;No inventariada;;9;9;1;2;;1;4;1;;;1;998
6;5;0;41;41091;;3;2;No inventariada;;9;4;2;;;1;4;7;;;18;998
7;2;10;41;41091;;3;2;No inventariada;;9;7;2;;;1;1;1;;;1;998
7;1;9;41;41091;;3;2;No inventariada;;9;4;2;;;1;1;1;;;1;998
7;1;17;41;41091;;3;2;No inventariada;;9;2;2;;;1;1;1;;;1;998
6;5;12;41;41091;;3;2;No inventariada;;9;7;2;;;1;1;1;;;12;998
7;1;20;41;41091;;3;2;No inventariada;;9;10;2;;;1;1;1;;;1;998
7;2;17;41;41091;;3;2;No inventariada;;9;2;2;;;1;1;1;;;1;998
7;2;20;41;41091;;3;2;No inventariada;;9;7;2;;;1;1;1;;;1;998
7;2;18;41;41091;;3;2;No inventariada;;9;10;1;1;;3;1;1;;;1;998
6;4;15;41;41091;;3;2;No inventariada;;9;1;1;1;;1;1;1;;;1;998
7;3;7;41;41091;;3;2;No inventariada;;9;7;2;;;1;1;1;;;1;998
7;1;19;41;41091;;3;2;No inventariada;;9;4;2;;;1;1;1;;;1;998
7;2;12;41;41091;;3;2;No inventariada;;9;3;1;4;;1;1;1;;;1;998
6;3;22;41;41091;;3;2;No inventariada;;9;2;1;4;;1;4;1;;;1;998
6;7;2;41;41091;;3;2;No inventariada;;9;2;1;2;;1;3;1;;;1;998
7;3;19;41;41091;;3;2;No inventariada;;9;2;1;1;;1;1;1;;;1;998
7;3;23;41;41091;;3;2;No inventariada;;9;7;1;4;;1;4;1;;;1;998
7;3;9;41;41091;;3;2;No inventariada;;9;2;2;;;1;1;1;;;1;998
6;7;12;41;41091;;3;2;No inventariada;;9;20;2;;;1;1;1;;;1;998
7;4;16;41;41091;;3;2;No inventariada;;9;10;2;;;1;1;1;;;1;998
7;4;16;41;41091;;3;2;No inventariada;;9;10;2;;;7;1;1;;;1;998
7;4;16;41;41091;;3;2;No inventariada;;9;2;1;1;;1;1;1;;;1;998
7;4;20;41;41091;;3;2;No inventariada;;9;5;2;;;1;1;1;;;1;998
7;5;15;41;41081;;1;1;A-4;531,1;3;4;2;;;1;1;1;;;1;1
7;4;22;41;41091;;3;2;No inventariada;;9;2;1;1;;1;4;1;;;1;998
7;6;17;41;41091;;3;2;No inventariada;;9;2;1;1;;1;1;1;;;1;998
7;6;20;41;41091;;3;2;No inventariada;;9;10;2;;;1;1;1;;;1;998
7;6;20;41;41091;;3;2;No inventariada;;9;1;2;;;1;1;1;;;1;998
7;6;21;41;41091;;3;2;No inventariada;;9;2;1;1;;1;1;1;;;1;998
7;6;14;41;41091;;3;2;No inventariada;;9;6;2;;;1;1;1;;;1;998
7;7;9;41;41091;;3;2;No inventariada;;9;10;2;;;1;1;1;;;1;998
7;5;8;41;41091;;3;2;No inventariada;;9;2;1;2;;1;1;1;;;1;998
7;5;15;41;41091;;3;2;No inventariada;;9;3;1;4;;1;1;1;;;1;998
7;5;21;41;41091;;3;2;No inventariada;;9;7;1;2;;1;1;1;;;6;998
7;1;7;41;41091;;3;2;No inventariada;;9;10;2;;;1;1;1;;;1;998
7;1;13;41;41091;;3;2;No inventariada;;9;4;1;2;;1;1;1;;;1;998
7;2;9;41;41091;;3;2;No inventariada;;9;2;1;2;;1;1;1;;;1;998
7;3;8;41;41091;;3;2;No inventariada;;9;6;2;;;1;1;1;;;1;998
7;4;15;41;41091;;3;2;No inventariada;;9;4;2;;;1;1;7;;;1;998
7;1;15;41;41091;;3;2;No inventariada;;9;3;1;2;;1;1;1;;;1;998
7;1;17;41;41091;;3;2;No inventariada;;9;2;1;1;;1;1;1;;;1;998
7;1;20;41;41091;;3;2;No inventariada;;9;2;2;;;1;1;1;;;1;998
6;4;13;41;41091;;3;2;No inventariada;;9;4;1;5;;1;1;3;;;1;998
7;6;12;41;41091;;3;2;No inventariada;;9;2;1;2;;9;1;3;;;1;998
7;1;3;41;41091;;3;2;No inventariada;;9;10;1;5;;1;4;1;;;1;998
7;1;8;41;41091;;3;2;No inventariada;;9;10;2;;;1;1;1;;;9;998
7;1;22;41;41091;;3;2;No inventariada;;9;2;1;4;;1;4;1;;;1;998
7;1;5;41;41091;;3;2;No inventariada;;9;4;2;;;1;4;1;;;1;998
7;1;20;41;41091;;3;2;No inventariada;;9;1;1;2;;1;1;1;;;1;998
7;2;8;41;41091;;3;2;No inventariada;;9;2;1;2;;1;1;1;;;1;998
7;2;15;41;41091;;3;2;No inventariada;;9;10;2;;;7;1;1;;;1;998
7;4;20;41;41091;;3;2;No inventariada;;9;20;1;2;;1;1;1;;;1;998
7;1;16;41;41091;;3;2;No inventariada;;9;2;1;1;;1;1;1;;;1;998
7;6;20;41;41091;;3;2;No inventariada;;9;4;2;;;1;1;1;;;1;998
7;1;8;41;41091;;3;2;No inventariada;;9;4;1;5;;1;1;1;;;1;998
6;1;8;41;41091;;1;1;A-92;1,7;3;5;2;;;1;1;1;;;1;1
6;1;13;41;41091;;1;1;N-630;817;5;4;2;;;1;1;1;;;1;1
6;7;20;41;41091;;3;2;No inventariada;;9;7;2;;;1;1;1;;;1;998
7;4;10;41;41091;;3;2;No inventariada;;9;7;1;2;;1;1;1;;;1;998
7;5;13;41;41091;;3;2;No inventariada;;9;2;2;;;1;1;1;;;1;998
7;6;1;41;41091;;3;2;No inventariada;;9;15;2;;;9;4;3;;;1;998
7;2;19;41;41091;;3;2;No inventariada;;9;2;1;1;;1;1;1;;;9;998
7;2;14;41;41091;;3;2;No inventariada;;9;4;2;;;1;1;1;;;1;998
7;3;9;41;41091;;3;2;No inventariada;;9;4;1;2;;1;1;1;;;1;998
7;3;7;41;41091;;3;2;No inventariada;;9;4;1;2;;1;1;1;;;1;998
7;2;8;41;41091;;3;2;No inventariada;;9;2;1;2;;1;1;1;;;1;998
7;1;11;41;41091;;3;2;No inventariada;;9;4;2;;;1;1;1;;;1;998
7;1;15;41;41091;;3;2;No inventariada;;9;2;2;;;1;1;1;;;1;998
7;5;12;41;41091;;3;2;No inventariada;;9;2;2;;;1;1;1;;;1;998
6;4;13;41;41091;;3;2;No inventariada;;9;10;2;;;1;1;1;;;1;998
7;6;20;41;41091;;3;2;No inventariada;;9;2;1;4;;1;1;1;;;1;998
7;2;20;41;41091;;3;2;No inventariada;;9;2;1;4;;1;1;1;;;1;998
7;2;18;41;41091;;3;2;No inventariada;;9;10;2;;;1;1;1;;;1;998
7;1;21;41;41091;;3;2;No inventariada;;9;7;2;;;1;4;1;;;1;998
7;4;9;41;41091;;1;1;SE-30;0,8;3;4;2;;;1;1;1;;;1;1
7;4;11;41;41091;;1;1;SE-30;13,345;3;5;2;;;1;1;1;;;1;1
7;7;1;41;41091;;3;2;No inventariada;;9;2;1;12;;1;4;1;;;1;998
7;7;14;41;41091;;3;2;No inventariada;;9;2;1;5;;1;1;1;;;1;998
7;3;1;41;41091;;3;2;No inventariada;;9;1;2;;;1;4;1;;;1;998
7;3;19;41;41091;;3;2;No inventariada;;9;3;1;4;;1;1;1;;;1;998
7;3;14;41;41091;;3;2;No inventariada;;9;3;1;1;;1;1;1;;;1;998
7;4;9;41;41091;;3;2;No inventariada;;9;10;2;;;1;1;1;;;1;998
7;4;10;41;41091;;3;2;No inventariada;;9;2;1;2;;1;1;1;;;1;998
6;7;18;41;41091;;3;2;No inventariada;;9;7;1;1;;1;1;1;;;1;998
7;4;15;41;41091;;3;2;No inventariada;;9;3;1;5;;1;1;1;;;1;998
7;4;18;41;41091;;3;2;No inventariada;;9;4;1;1;;1;1;1;;;1;998
7;4;18;41;41091;;3;2;No inventariada;;9;7;2;;;1;1;1;;;2;998
7;5;6;41;41091;;1;1;SE-30;13,656;3;3;2;;;1;3;1;;;1;1
7;5;14;41;41091;;1;1;SE-30;10,5;3;4;2;;;1;1;1;;;1;1
5;5;18;41;41091;;3;2;No inventariada;;9;10;2;;;1;1;1;;;1;998
7;3;5;41;41091;;3;2;No inventariada;;9;10;2;;;1;4;1;;;1;998
7;4;16;41;41091;;3;2;No inventariada;;9;2;1;5;;1;1;1;;;1;998
7;5;14;41;41091;;3;2;No inventariada;;9;2;2;;;1;1;1;;;1;998
7;5;16;41;41091;;3;2;No inventariada;;9;3;1;4;;1;1;1;;;1;998
7;5;15;41;41091;;3;2;No inventariada;;9;10;2;;;1;1;1;;;1;998
6;5;8;41;41091;;3;2;No inventariada;;9;7;1;2;;1;1;1;;;1;998
7;3;22;41;41091;;3;2;No inventariada;;9;2;1;5;;1;4;1;;;1;998
7;4;11;41;41091;;3;2;No inventariada;;9;1;1;1;;1;1;1;;;1;998
7;6;2;41;41091;;3;2;No inventariada;;9;10;2;;;1;4;1;;;1;998
7;6;1;41;41091;;3;2;No inventariada;;9;7;2;;;1;4;1;;;1;998
7;6;23;41;41091;;3;2;No inventariada;;9;10;2;;;1;4;1;;;1;998
7;6;19;41;41091;;3;2;No inventariada;;9;10;2;;;1;1;1;;;1;998
7;4;12;41;41091;;3;2;No inventariada;;9;4;2;;;1;1;1;;;1;998
7;6;18;41;41091;;3;2;No inventariada;;9;20;1;1;;1;1;1;;;1;998
7;7;16;41;41091;;3;2;No inventariada;;9;2;1;1;;1;1;1;;;1;998
7;7;19;41;41091;;3;2;No inventariada;;9;4;2;;;1;1;1;;;1;998
7;1;12;41;41091;;3;2;No inventariada;;9;4;2;;;1;1;1;;;1;998
7;4;16;41;41091;;3;2;No inventariada;;9;4;2;;;1;1;1;;;1;998
7;1;14;41;41091;;3;2;No inventariada;;9;1;1;1;;1;1;1;;;1;998
7;4;10;41;41091;;3;2;No inventariada;;9;2;1;1;;1;1;1;;;1;998
7;4;14;41;41091;;3;2;No inventariada;;9;10;2;;;1;1;1;;;1;998
7;7;1;41;41091;;3;2;No inventariada;;9;10;2;;;1;5;1;;;1;998
7;1;19;41;41091;;3;2;No inventariada;;9;2;1;1;;1;1;1;;;1;998
7;7;13;41;41091;;3;2;No inventariada;;9;1;2;;;1;1;1;;;1;998
7;1;0;41;41091;;3;2;No inventariada;;9;10;2;;;1;4;1;;;1;998
7;2;9;41;41091;;3;2;No inventariada;;9;2;1;1;;1;1;1;;;1;998
7;2;9;41;41091;;3;2;No inventariada;;9;2;2;;;1;1;1;;;1;998
6;7;15;41;41091;;3;2;No inventariada;;9;3;2;;;1;1;1;;;1;998
7;2;13;41;41091;;3;2;No inventariada;;9;2;1;2;;1;1;1;;;9;998
7;2;16;41;41091;;3;2;No inventariada;;9;19;2;;;1;1;1;;;1;998
7;2;18;41;41091;;3;2;No inventariada;;9;2;1;1;;1;1;1;;;1;998
7;3;14;41;41091;;1;1;SE-30;13,6;3;3;1;12;N-630;1;1;1;;;1;3
7;2;13;41;41091;;3;2;No inventariada;;9;2;1;2;;1;1;1;;;1;998
7;3;6;41;41091;;3;2;No inventariada;;9;4;2;;;1;2;1;;;1;998
7;6;13;41;41091;;3;2;No inventariada;;9;3;1;2;;1;1;1;;;1;998
7;3;12;41;41091;;3;2;No inventariada;;9;4;2;;;1;1;1;;;1;998
7;2;13;41;41091;;3;2;No inventariada;;9;20;1;1;;1;1;1;;;1;998
7;2;9;41;41091;;1;1;SE-30;0,5;3;3;2;;;1;1;1;;;1;1
6;5;14;41;41091;;3;2;No inventariada;;9;4;1;5;;1;1;1;;;1;998
7;3;9;41;41091;;3;2;No inventariada;;9;10;1;1;;1;1;1;;;1;998
7;3;14;41;41091;;3;2;No inventariada;;9;7;1;2;;1;1;1;;;1;998
7;3;22;41;41091;;3;2;No inventariada;;9;3;1;5;;1;3;1;;;1;998
7;4;8;41;41091;;3;2;No inventariada;;9;2;2;;;1;1;1;;;1;998
7;4;8;41;41091;;3;2;No inventariada;;9;4;2;;;1;1;1;;;1;998
7;4;10;41;41091;;3;2;No inventariada;;9;3;1;4;;1;1;1;;;1;998