MES;DIA_SEMANA;HORA;COD_PROVINCIA;COD_MUNICIPIO;ISLA;ZONA;ZONA_AGRUPADA;CARRETERA;KM;TIPO_VIA;TIPO_ACCIDENTE;NUDO;NUDO_INFO;CARRETERA_CRUCE;CONDICION_FIRME;CONDICION_ILUMINACION;CONDICION_METEO;CONDICION_NIEBLA;CONDICION_VIENTO;VISIB_RESTRINGIDA_POR;TRAZADO_PLANTA
7;4;11;41;41091;;3;2;No inventariada;;9;10;2;;;1;1;1;;;1;998
7;5;10;41;41091;;3;2;No inventariada;;9;7;1;2;;1;1;1;;;1;998
7;5;22;41;41091;;3;2;No inventariada;;9;2;1;2;;1;4;1;;;1;998
7;5;10;41;41091;;1;1;SE-30;8;3;10;1;12;A-4;1;1;1;;;1;1
6;2;2;41;41091;;3;2;No inventariada;;9;6;1;5;;1;4;1;;;1;998
6;3;20;41;41091;;3;2;No inventariada;;9;2;2;;;1;1;1;;;1;998
7;5;4;41;41091;;3;2;No inventariada;;9;6;2;;;1;4;1;;;1;998
7;5;7;41;41091;;3;2;No inventariada;;9;2;1;1;;1;1;1;;;1;998
7;3;11;41;41091;;3;2;No inventariada;;9;2;1;12;;1;1;1;;;1;998
7;4;15;41;41091;;3;2;No inventariada;;9;2;1;2;;1;1;1;;;1;998
6;3;21;41;41091;;3;2;No inventariada;;9;8;2;;;1;1;1;;;1;998
7;1;12;41;41091;;3;2;No inventariada;;9;3;1;2;;1;1;1;;;1;998
7;5;21;41;41091;;3;2;No inventariada;;9;4;2;;;1;4;1;;;4;998
7;5;23;41;41091;;1;1;A-376;0,4;5;19;2;;;1;4;2;;;1;1
7;5;1;41;41091;;3;2;No inventariada;;9;2;1;1;;1;4;1;;;1;998
7;6;13;41;41091;;3;2;No inventariada;;9;2;2;;;1;1;1;;;1;998
7;6;23;41;41091;;3;2;No inventariada;;9;10;1;12;;1;4;1;;;1;998
7;6;5;41;41091;;3;2;No inventariada;;9;10;2;;;1;4;1;;;1;998
7;7;22;41;41091;;3;2;No inventariada;;9;4;1;4;;1;4;1;;;1;998
7;6;21;41;41091;;3;2;No inventariada;;9;2;1;2;;1;1;1;;;1;998
7;5;0;41;41091;;3;2;No inventariada;;9;2;2;;;1;1;1;;;1;998
7;1;18;41;41091;;3;2;No inventariada;;9;2;1;2;;1;1;1;;;1;998
5;5;3;41;41091;;3;2;No inventariada;;9;10;2;;;1;4;1;;;1;998
7;6;2;41;41091;;3;2;No inventariada;;9;6;2;;;1;5;2;;;1;998
7;7;23;41;41091;;3;2;No inventariada;;9;2;1;5;;1;4;1;;;1;998
7;1;10;41;41091;;3;2;No inventariada;;9;19;2;;;1;1;1;;;1;998
7;3;20;41;41091;;3;2;No inventariada;;9;3;1;1;;1;1;1;;;1;998
7;1;22;41;41091;;3;2;No inventariada;;9;20;2;;;1;4;1;;;1;998
7;5;18;41;41091;;3;2;No inventariada;;9;4;2;;;1;1;1;;;1;998
7;5;18;41;41091;;3;2;No inventariada;;9;3;1;4;;1;1;1;;;1;998
7;4;15;41;41091;;1;1;SE-30;22;3;5;1;12;SE-30;1;1;1;;;1;1
6;3;10;41;41091;;3;2;No inventariada;;9;7;2;;;3;1;1;;;1;998
7;5;10;41;41091;;3;2;No inventariada;;9;2;2;;;1;1;1;;;1;998
7;5;14;41;41091;;3;2;No inventariada;;9;2;1;2;;1;1;1;;;1;998
7;2;21;41;41091;;3;2;No inventariada;;9;2;2;;;1;3;1;;;1;998
7;2;15;41;41091;;3;2;No inventariada;;9;7;1;2;;1;1;1;;;1;998
7;2;11;41;41091;;3;2;No inventariada;;9;3;2;;;1;1;1;;;1;998
7;5;14;41;41091;;3;2;No inventariada;;9;4;2;;;1;1;1;;;1;998
7;6;20;41;41091;;1;1;SE-30;14,2;3;16;2;;;1;1;1;;;1;2
7;3;21;41;41091;;3;2;No inventariada;;9;3;2;;;1;2;1;;;1;998
7;5;10;41;41091;;3;2;No inventariada;;9;20;2;;;1;1;1;;;1;998
7;5;12;41;41091;;3;2;No inventariada;;9;4;1;5;;1;1;1;;;1;998
7;6;11;41;41091;;3;2;No inventariada;;9;7;2;;;1;1;1;;;1;998
7;3;2;41;41091;;3;2;No inventariada;;9;2;2;;;1;4;1;;;1;998
7;2;18;41;41091;;3;2;No inventariada;;9;2;1;1;;1;1;1;;;1;998
7;5;15;41;41091;;3;2;No inventariada;;9;10;1;2;;1;1;1;;;1;998
7;6;16;41;41091;;3;2;No inventariada;;9;2;1;4;;1;1;1;;;1;998
7;7;17;41;41091;;3;2;No inventariada;;9;2;1;5;;1;1;1;;;1;998
7;4;19;41;41091;;3;2;No inventariada;;9;2;2;;;1;1;1;;;1;998
7;3;12;41;41091;;3;2;No inventariada;;9;2;1;1;;1;1;1;;;1;998
7;4;19;41;41091;;3;2;No inventariada;;9;7;2;;;1;1;1;;;6;998
7;4;21;41;41091;;3;2;No inventariada;;9;2;2;;;1;3;1;;;1;998
7;4;15;41;41091;;3;2;No inventariada;;9;4;1;5;;1;1;1;;;1;998
7;1;8;41;41091;;3;2;No inventariada;;9;10;1;4;;3;1;3;;;1;998
7;3;9;41;41091;;3;2;No inventariada;;9;2;1;1;;1;1;1;;;9;998
7;1;12;41;41091;;3;2;No inventariada;;9;2;1;5;;1;1;2;;;1;998
7;4;7;41;41091;;3;2;No inventariada;;9;2;2;;;1;1;1;;;1;998
7;3;14;41;41091;;3;2;No inventariada;;9;2;2;;;1;1;1;;;1;998
7;3;16;41;41091;;3;2;No inventariada;;9;1;2;;;1;1;1;;;1;998
7;1;17;41;41091;;3;2;No inventariada;;9;9;2;;;1;1;1;;;1;998
7;2;10;41;41091;;3;2;No inventariada;;9;2;2;;;1;1;1;;;1;998
7;3;10;41;41091;;3;2;No inventariada;;9;7;1;2;;1;1;1;;;1;998
7;1;14;41;41091;;3;2;No inventariada;;9;2;2;;;1;1;1;;;1;998
7;2;10;41;41091;;3;2;No inventariada;;9;2;1;2;;1;1;1;;;1;998
7;2;11;41;41091;;3;2;No inventariada;;9;2;1;1;;1;1;2;;;1;998
7;6;17;41;41091;;3;2;No inventariada;;9;2;1;1;;1;1;1;;;1;998
7;1;19;41;41091;;3;2;No inventariada;;9;2;1;2;;1;1;1;;;1;998
7;5;22;41;41091;;3;2;No inventariada;;9;7;2;;;1;3;1;;;1;998
7;2;18;41;41091;;3;2;No inventariada;;9;4;2;;;1;1;1;;;1;998
7;3;6;41;41091;;1;1;SE-30;12,47;3;4;2;;;1;3;1;;;1;1
7;3;7;41;41091;;1;1;SE-30;2,1;8;10;2;;;1;1;1;;;1;2
5;7;23;41;41091;;3;2;No inventariada;;9;2;1;1;;1;4;1;;;1;998
6;7;20;41;41091;;3;2;No inventariada;;9;10;1;1;;1;1;1;;;1;998
7;3;18;41;41091;;3;2;No inventariada;;9;2;2;;;1;1;1;;;1;998
7;3;15;41;41091;;3;2;No inventariada;;9;10;1;1;;1;1;1;;;1;998
7;2;13;41;41091;;3;2;No inventariada;;9;2;1;2;;1;1;1;;;1;998
7;4;13;41;41091;;3;2;No inventariada;;9;4;2;;;1;1;1;;;1;998
7;3;11;41;41091;;3;2;No inventariada;;9;2;1;1;;1;1;1;;;1;998
7;2;12;41;41091;;3;2;No inventariada;;9;4;2;;;1;1;1;;;1;998
7;5;9;41;41091;;3;2;No inventariada;;9;2;2;;;1;1;1;;;1;998
7;3;12;41;41091;;1;1;A-4;546,4;3;5;2;;;1;1;1;;;1;1
8;4;13;41;41091;;1;1;SE-30;13,4;3;3;2;;;1;1;1;;;1;1
6;5;23;41;41091;;3;2;No inventariada;;9;2;2;;;1;4;1;;;1;998
6;1;22;41;41091;;3;2;No inventariada;;9;3;2;;;1;2;1;;;1;998
7;1;22;41;41091;;3;2;No inventariada;;9;10;1;5;;1;4;1;;;1;998
7;6;19;41;41091;;3;2;No inventariada;;9;2;1;1;;1;1;1;;;1;998
7;6;21;41;41091;;3;2;No inventariada;;9;4;2;;;1;1;1;;;6;998
7;3;8;41;41091;;3;2;No inventariada;;9;2;1;5;;1;1;1;;;1;998
7;3;10;41;41091;;3;2;No inventariada;;9;7;2;;;1;1;1;;;1;998
6;1;10;41;41091;;3;2;No inventariada;;9;10;2;;;1;1;1;;;1;998
6;1;21;41;41091;;3;2;No inventariada;;9;7;2;;;8;6;7;2;;18;998
7;5;17;41;41091;;3;2;No inventariada;;9;3;2;;;1;1;1;;;1;998
7;6;7;41;41091;;3;2;No inventariada;;9;1;1;5;;1;1;1;;;1;998
7;5;6;41;41091;;3;2;No inventariada;;9;1;1;2;;1;4;1;;;1;998
7;3;0;41;41091;;3;2;No inventariada;;9;10;1;4;;1;3;1;;;1;998
8;4;6;41;41091;;3;2;No inventariada;;9;2;1;4;;1;4;1;;;1;998
8;4;13;41;41091;;3;2;No inventariada;;9;2;2;;;1;1;1;;;1;998
8;4;13;41;41091;;3;2;No inventariada;;9;4;2;;;1;1;1;;;1;998
8;4;19;41;41091;;3;2;No inventariada;;9;2;1;4;;1;1;1;;;1;998
8;5;3;41;41091;;3;2;No inventariada;;9;4;2;;;1;4;1;;;1;998
8;5;9;41;41091;;3;2;No inventariada;;9;2;1;2;;1;1;1;;;1;998
8;5;10;41;41091;;3;2;No inventariada;;9;4;1;4;;1;1;1;;;1;998
8;5;11;41;41091;;3;2;No inventariada;;9;10;2;;;1;1;1;;;1;998
8;4;14;41;41091;;3;2;No inventariada;;9;4;2;;;1;1;1;;;1;998
7;5;8;41;41091;;3;2;No inventariada;;9;10;1;4;;7;1;1;;;1;998
8;6;2;41;41091;;3;2;No inventariada;;9;4;2;;;1;4;1;;;1;998
7;1;1;41;41091;;3;2;No inventariada;;9;10;2;;;1;4;1;;;1;998
8;6;1;41;41091;;3;2;No inventariada;;9;7;1;4;;1;4;1;;;1;998
8;5;22;41;41091;;3;2;No inventariada;;9;2;2;;;1;3;1;;;1;998
8;6;22;41;41091;;3;2;No inventariada;;9;10;2;;;1;3;1;;;1;998
8;7;11;41;41091;;3;2;No inventariada;;9;7;1;5;;1;1;1;;;1;998
8;7;22;41;41091;;1;1;SE-30;13,9;3;3;1;12;;1;4;1;;;1;1
6;3;2;41;41091;;3;2;No inventariada;;9;2;1;2;;1;4;1;;;1;998
8;7;10;41;41091;;3;2;No inventariada;;9;7;2;;;1;1;1;;;1;998
8;5;19;41;41091;;3;2;No inventariada;;9;4;2;;;1;1;1;;;1;998
8;5;22;41;41091;;3;2;No inventariada;;9;4;2;;;1;4;1;;;1;998
6;4;1;41;41091;;3;2;No inventariada;;9;5;2;;;1;4;1;;;1;998
8;1;15;41;41091;;3;2;No inventariada;;9;1;2;;;1;1;1;;;1;998
8;2;8;41;41091;;3;2;No inventariada;;9;10;2;;;1;1;1;;;1;998
8;2;8;41;41091;;3;2;No inventariada;;9;3;1;1;;1;1;1;;;1;998
7;4;21;41;41091;;3;2;No inventariada;;9;4;2;;;1;1;1;;;1;998
8;1;21;41;41091;;3;2;No inventariada;;9;2;1;2;;1;1;1;;;1;998
8;3;9;41;41038;;1;1;A-376;5;8;3;2;;;1;1;1;;;1;1
7;1;21;41;41091;;3;2;No inventariada;;9;4;2;;;1;2;1;;;1;998
7;4;9;41;41091;;3;2;No inventariada;;9;10;1;4;;1;1;1;;;1;998
8;3;6;41;41091;;3;2;No inventariada;;9;10;2;;;8;3;1;;;1;998
8;2;21;41;41091;;3;2;No inventariada;;9;10;2;;;2;4;1;;;1;998
8;3;16;41;41091;;3;2;No inventariada;;9;4;2;;;1;1;1;;;1;998
8;3;19;41;41091;;3;2;No inventariada;;9;10;2;;;8;1;1;;;1;998
7;1;15;41;41091;;3;2;No inventariada;;9;7;2;;;1;1;7;;;18;998
8;5;14;41;41091;;3;2;No inventariada;;9;4;2;;;1;1;1;;;1;998
8;5;18;41;41091;;3;2;No inventariada;;9;2;2;;;1;1;1;;;1;998
8;3;14;41;41091;;3;2;No inventariada;;9;10;2;;;1;1;1;;;1;998
8;4;8;41;41091;;3;2;No inventariada;;9;2;1;2;;1;1;1;;;1;998
8;2;20;41;41091;;3;2;No inventariada;;9;10;2;;;1;1;1;;;1;998
8;3;1;41;41091;;3;2;No inventariada;;9;6;2;;;7;4;1;;;1;998
8;5;10;41;41091;;3;2;No inventariada;;9;10;2;;;1;1;1;;;1;998
7;3;17;41;41091;;3;2;No inventariada;;9;2;1;2;;1;1;1;;;1;998
8;5;17;41;41091;;3;2;No inventariada;;9;2;1;1;;1;1;1;;;1;998
8;5;15;41;41091;;3;2;No inventariada;;9;2;1;5;;1;1;1;;;1;998
8;6;22;41;41091;;3;2;No inventariada;;9;4;2;;;1;4;1;;;1;998
8;7;17;41;41091;;3;2;No inventariada;;9;3;1;2;;1;1;1;;;1;998
8;7;19;41;41091;;3;2;No inventariada;;9;4;1;2;;1;1;1;;;6;998
6;5;13;41;41091;;3;2;No inventariada;;9;4;2;;;1;1;1;;;1;998
8;3;14;41;41091;;3;2;No inventariada;;9;7;1;1;;1;1;1;;;1;998
8;1;11;41;41091;;3;2;No inventariada;;9;2;2;;;1;1;1;;;1;998
8;5;17;41;41091;;3;2;No inventariada;;9;6;2;;;1;1;1;;;1;998
8;7;22;41;41091;;3;2;No inventariada;;9;2;1;1;;1;3;1;;;1;998
8;1;10;41;41091;;3;2;No inventariada;;9;2;2;;;1;1;1;;;1;998
7;4;11;41;41091;;3;2;No inventariada;;9;4;2;;;1;1;1;;;1;998
8;1;22;41;41091;;3;2;No inventariada;;9;4;2;;;1;4;1;;;1;998
8;2;11;41;41091;;3;2;No inventariada;;9;3;2;;;1;1;1;;;1;998
8;5;20;41;41091;;3;2;No inventariada;;9;10;2;;;1;1;1;;;1;998
8;2;5;41;41091;;3;2;No inventariada;;9;4;1;5;;1;4;1;;;1;998
8;3;10;41;41091;;3;2;No inventariada;;9;2;1;4;;1;1;1;;;1;998
8;1;11;41;41091;;3;2;No inventariada;;9;2;1;1;;1;1;1;;;1;998
8;2;20;41;41091;;3;2;No inventariada;;9;7;2;;;1;1;1;;;1;998
8;4;19;41;41091;;1;1;A-92;1;3;4;2;;;1;1;1;;;1;1
8;1;21;41;41091;;3;2;No inventariada;;9;10;2;;;1;4;1;;;1;998
8;3;8;41;41091;;3;2;No inventariada;;9;7;2;;;1;1;1;;;1;998
8;3;13;41;41091;;3;2;No inventariada;;9;2;1;2;;1;1;1;;;1;998
8;3;22;41;41091;;3;2;No inventariada;;9;4;2;;;1;4;1;;;1;998
8;4;11;41;41091;;3;2;No inventariada;;9;4;2;;;1;1;1;;;1;998
8;5;9;41;41081;;1;1;A-4;528;3;4;2;;;1;1;1;;;1;1
8;3;13;41;41091;;3;2;No inventariada;;9;2;1;4;;1;1;1;;;1;998
8;4;23;41;41091;;3;2;No inventariada;;9;9;2;;;1;3;1;;;1;998
8;3;17;41;41091;;3;2;No inventariada;;9;4;2;;;1;1;1;;;1;998
8;5;8;41;41091;;3;2;No inventariada;;9;3;2;;;1;1;1;;;1;998
8;6;3;41;41004;;1;1;A-8026;1;6;8;2;;;1;6;1;;;1;1
8;6;0;41;41091;;3;2;No inventariada;;9;2;1;2;;1;4;1;;;1;998
8;5;19;41;41091;;3;2;No inventariada;;9;2;1;2;;1;1;1;;;1;998
8;6;20;41;41091;;3;2;No inventariada;;9;10;2;;;1;1;1;;;1;998
8;7;2;41;41091;;3;2;No inventariada;;9;10;1;2;;3;4;1;;;1;998
8;7;8;41;41091;;3;2;No inventariada;;9;10;1;1;;1;1;1;;;1;998
6;4;16;41;41091;;3;2;No inventariada;;9;3;2;;;1;1;2;;;1;998
7;3;0;41;41091;;3;2;No inventariada;;9;7;1;1;;1;4;1;;;1;998
8;5;0;41;41091;;3;2;No inventariada;;9;10;2;;;1;4;1;;;1;998
8;1;1;41;41091;;3;2;No inventariada;;9;2;1;1;;1;4;1;;;1;998
6;1;9;41;41091;;3;2;No inventariada;;9;7;1;1;;1;1;1;;;1;998
8;1;15;41;41091;;3;2;No inventariada;;9;2;2;;;1;1;1;;;1;998
8;2;15;41;41091;;3;2;No inventariada;;9;3;2;;;1;1;1;;;1;998
8;3;20;41;41091;;3;2;No inventariada;;9;10;2;;;1;1;1;;;1;998
8;1;9;41;41091;;3;2;No inventariada;;9;2;1;1;;1;1;1;;;1;998
8;5;13;41;41091;;3;2;No inventariada;;9;4;1;5;;1;1;1;;;1;998
8;1;14;41;41091;;3;2;No inventariada;;9;2;1;2;;1;1;1;;;1;998
8;1;15;41;41091;;3;2;No inventariada;;9;4;2;;;1;1;1;;;1;998
8;1;21;41;41091;;3;2;No inventariada;;9;7;1;1;;1;4;1;;;1;998
8;1;13;41;41091;;3;2;No inventariada;;9;10;1;4;;3;1;1;;;1;998
8;1;13;41;41091;;3;2;No inventariada;;9;2;2;;;1;1;1;;;1;998
8;6;19;41;41091;;3;2;No inventariada;;9;4;1;4;;1;1;1;;;1;998
8;2;17;41;41091;;3;2;No inventariada;;9;10;2;;;1;1;1;;;1;998
8;5;20;41;41091;;3;2;No inventariada;;9;2;1;1;;1;1;1;;;1;998
8;1;10;41;41091;;3;2;No inventariada;;9;7;1;1;;1;1;1;;;1;998
8;3;11;41;41091;;3;2;No inventariada;;9;6;2;;;1;1;1;;;1;998
8;1;19;41;41091;;3;2;No inventariada;;9;7;2;;;1;1;1;;;1;998
8;1;22;41;41091;;3;2;No inventariada;;9;2;1;2;;1;4;1;;;1;998
8;2;21;41;41091;;3;2;No inventariada;;9;2;2;;;1;3;1;;;1;998
8;3;4;41;41091;;3;2;No inventariada;;9;10;1;1;;1;4;1;;;1;998
8;3;20;41;41091;;3;2;No inventariada;;9;4;1;1;;1;1;1;;;1;998
8;4;11;41;41091;;3;2;No inventariada;;9;7;1;2;;1;1;1;;;2;998
8;5;20;41;41091;;3;2;No inventariada;;9;10;1;2;;1;1;1;;;1;998
5;4;23;41;41091;;3;2;No inventariada;;9;2;1;2;;1;4;1;;;1;998
6;6;0;41;41091;;3;2;No inventariada;;9;2;1;4;;1;4;1;;;1;998
7;6;21;41;41091;;3;2;No inventariada;;9;3;1;1;;1;3;1;;;1;998
8;2;18;41;41091;;3;2;No inventariada;;9;7;2;;;1;1;1;;;1;998
8;4;22;41;41091;;3;2;No inventariada;;9;10;2;;;1;4;1;;;1;998
8;5;2;41;41091;;3;2;No inventariada;;9;7;2;;;1;3;1;;;1;998
8;5;4;41;41091;;3;2;No inventariada;;9;4;2;;;1;4;1;;;12;998
8;2;14;41;41091;;3;2;No inventariada;;9;3;1;5;;1;1;1;;;1;998
8;3;13;41;41091;;3;2;No inventariada;;9;2;1;1;;1;1;1;;;1;998
8;5;16;41;41091;;3;2;No inventariada;;9;10;2;;;1;1;1;;;1;998
8;5;16;41;41091;;3;2;No inventariada;;9;2;1;1;;1;1;1;;;1;998
8;5;22;41;41091;;1;1;N-630;817;5;3;1;10;SE-30;1;4;1;;;1;1
8;6;13;41;41091;;1;1;SE-30;4,633;3;16;2;;;1;1;1;;;1;2
6;5;16;41;41091;;3;2;No inventariada;;9;4;1;4;;1;1;1;;;1;998
8;4;11;41;41091;;3;2;No inventariada;;9;10;2;;;1;1;1;;;1;998
8;5;12;41;41091;;3;2;No inventariada;;9;2;1;4;;1;1;1;;;1;998
8;6;10;41;41091;;3;2;No inventariada;;9;10;1;2;;1;1;1;;;1;998
8;7;5;41;41091;;1;1;SE-30;8,514;3;18;2;;;1;4;1;;;1;2
8;6;23;41;41091;;3;2;No inventariada;;9;7;2;;;1;4;1;;;9;998
8;6;11;41;41091;;3;2;No inventariada;;9;2;1;1;;1;1;1;;;1;998
6;1;2;41;41091;;3;2;No inventariada;;9;2;1;1;;1;4;1;;;12;998
8;4;19;41;41091;;3;2;No inventariada;;9;6;1;5;;1;1;1;;;1;998
8;1;8;41;41091;;3;2;No inventariada;;9;3;1;1;;1;1;1;;;1;998
8;6;23;41;41091;;3;2;No inventariada;;9;10;2;;;1;4;1;;;1;998
8;7;13;41;41091;;3;2;No inventariada;;9;6;2;;;1;1;1;;;1;998
8;1;18;41;41091;;3;2;No inventariada;;9;10;2;;;1;1;1;;;1;998
8;2;11;41;41091;;3;2;No inventariada;;9;10;1;1;;1;1;1;;;1;998
8;2;18;41;41091;;3;2;No inventariada;;9;5;2;;;1;1;1;;;1;998
8;1;15;41;41091;;3;2;No inventariada;;9;2;1;4;;1;1;1;;;1;998
7;6;21;41;41091;;3;2;No inventariada;;9;2;1;1;;1;1;1;;;9;998
8;7;14;41;41091;;3;2;No inventariada;;9;2;1;1;;1;1;1;;;1;998
8;2;17;41;41091;;3;2;No inventariada;;9;2;1;1;;1;1;1;;;2;998
8;3;16;41;41091;;3;2;No inventariada;;9;4;1;1;;1;1;1;;;1;998
8;5;13;41;41091;;3;2;No inventariada;;9;4;2;;;1;1;1;;;1;998
8;2;14;41;41091;;3;2;No inventariada;;9;20;1;2;;1;1;1;;;1;998
8;3;9;41;41091;;3;2;No inventariada;;9;2;1;1;;1;1;1;;;2;998
8;2;13;41;41091;;3;2;No inventariada;;9;2;2;;;1;1;1;;;1;998
8;3;15;41;41091;;3;2;No inventariada;;9;9;2;;;1;1;1;;;1;998
8;4;11;41;41091;;1;1;SE-30;14;3;4;2;;;1;1;2;;;1;2
7;5;15;41;41091;;3;2;No inventariada;;9;2;1;1;;1;1;1;;;2;998
8;2;12;41;41091;;3;2;No inventariada;;9;2;1;1;;1;1;1;;;1;998
8;3;11;41;41091;;3;2;No inventariada;;9;4;1;4;;1;1;1;;;1;998
8;6;17;41;41091;;3;2;No inventariada;;9;1;1;2;;1;1;1;;;1;998
8;3;0;41;41091;;3;2;No inventariada;;9;10;2;;;1;1;1;;;1;998
8;4;9;41;41091;;3;2;No inventariada;;9;7;2;;;1;1;1;;;1;998
8;4;14;41;41091;;1;1;SE-30;9,7;3;9;2;;;1;1;1;;;1;1
8;4;10;41;41091;;3;2;No inventariada;;9;7;2;;;1;1;1;;;1;998
8;4;21;41;41091;;3;2;No inventariada;;9;10;2;;;1;4;1;;;1;998
8;5;3;41;41091;;3;2;No inventariada;;9;10;2;;;1;4;1;;;1;998
8;4;12;41;41091;;3;2;No inventariada;;9;7;1;2;;1;1;1;;;1;998
8;3;14;41;41091;;3;2;No inventariada;;9;2;2;;;1;1;1;;;1;998
8;4;14;41;41091;;3;2;No inventariada;;9;4;1;1;;1;1;1;;;1;998
8;4;20;41;41091;;3;2;No inventariada;;9;2;2;;;1;1;1;;;1;998
8;4;6;41;41091;;3;2;No inventariada;;9;1;2;;;1;4;1;;;1;998
8;2;18;41;41091;;3;2;No inventariada;;9;10;2;;;1;1;1;;;1;998
8;6;0;41;41091;;3;2;No inventariada;;9;4;2;;;1;4;1;;;1;998
8;6;15;41;41091;;3;2;No inventariada;;9;10;1;4;;1;1;1;;;1;998
8;6;16;41;41091;;3;2;No inventariada;;9;2;2;;;1;1;1;;;1;998
9;7;9;41;41004;;1;1;SE-30;5;3;12;2;;;1;1;2;;;1;1
5;6;11;41;41091;;3;2;No inventariada;;9;3;2;;;1;1;1;;;1;998
7;4;14;41;41091;;3;2;No inventariada;;9;1;2;;;1;1;1;;;1;998
6;4;11;41;41091;;3;2;No inventariada;;9;7;2;;;1;1;1;;;1;998
6;3;16;41;41091;;3;2;No inventariada;;9;2;1;1;;1;1;1;;;1;998
7;7;22;41;41091;;3;2;No inventariada;;9;10;1;1;;1;4;1;;;1;998
8;6;15;41;41091;;3;2;No inventariada;;9;10;1;2;;1;1;1;;;1;998
8;7;21;41;41091;;3;2;No inventariada;;9;2;1;4;;1;1;1;;;1;998
8;6;23;41;41091;;3;2;No inventariada;;9;4;2;;;1;4;1;;;1;998
9;7;2;41;41091;;3;2;No inventariada;;9;1;2;;;1;4;1;;;1;998
9;7;1;41;41091;;3;2;No inventariada;;9;10;2;;;1;4;1;;;1;998
9;1;8;41;41091;;1;1;A-4;546,365;3;5;2;;;1;1;1;;;1;1
7;4;18;41;41091;;3;2;No inventariada;;9;4;1;2;;1;1;1;;;1;998
9;1;22;41;41091;;1;1;A-376;0;5;3;1;12;;1;4;1;;;1;2
8;1;15;41;41091;;3;2;No inventariada;;9;2;2;;;1;1;1;;;1;998
8;1;0;41;41091;;3;2;No inventariada;;9;2;1;2;;1;4;1;;;1;998
9;1;14;41;41091;;3;2;No inventariada;;9;2;2;;;1;1;1;;;1;998
9;1;18;41;41091;;3;2;No inventariada;;9;4;1;4;;1;1;1;;;6;998
9;2;8;41;41091;;3;2;No inventariada;;9;2;1;1;;1;1;1;;;1;998
9;1;15;41;41091;;3;2;No inventariada;;9;2;2;;;1;1;1;;;1;998
9;1;21;41;41091;;3;2;No inventariada;;9;4;1;2;;1;4;1;;;1;998
9;2;17;41;41091;;3;2;No inventariada;;9;4;2;;;1;1;1;;;1;998
9;3;16;41;41086;;1;1;SE-30;15;3;20;2;;;1;1;1;;;1;1
5;4;22;41;41091;;3;2;No inventariada;;9;4;1;1;;1;4;1;;;1;998
8;6;5;41;41091;;3;2;No inventariada;;9;3;2;;;1;4;1;;;1;998
9;7;21;41;41091;;3;2;No inventariada;;9;2;1;1;;1;4;1;;;1;998
9;2;1;41;41091;;3;2;No inventariada;;9;1;2;;;1;4;1;;;1;998
9;2;10;41;41091;;3;2;No inventariada;;9;2;2;;;1;1;1;;;1;998
9;2;20;41;41091;;3;2;No inventariada;;9;4;2;;;1;1;1;;;1;998
9;3;14;41;41091;;3;2;No inventariada;;9;10;1;1;;1;1;1;;;1;998
9;3;19;41;41091;;3;2;No inventariada;;9;1;2;;;1;1;1;;;1;998
9;4;19;41;41091;;1;1;N-630;814,34;5;3;2;;;1;1;1;;;1;1
5;3;13;41;41091;;3;2;No inventariada;;9;2;1;5;;1;1;1;;;1;998
9;4;0;41;41091;;3;2;No inventariada;;9;15;1;4;;1;4;1;;;1;998
9;4;15;41;41091;;3;2;No inventariada;;9;2;1;2;;1;1;1;;;1;998
9;4;15;41;41091;;3;2;No inventariada;;9;2;1;2;;1;1;1;;;1;998
9;4;20;41;41091;;3;2;No inventariada;;9;10;2;;;1;1;1;;;1;998
9;4;13;41;41091;;3;2;No inventariada;;9;7;2;;;1;1;1;;;1;998
9;4;13;41;41091;;3;2;No inventariada;;9;2;1;2;;1;1;1;;;1;998
9;4;11;41;41091;;3;2;No inventariada;;9;3;1;2;;1;1;1;;;1;998
9;5;10;41;41091;;3;2;No inventariada;;9;4;2;;;1;1;1;;;1;998
9;5;10;41;41091;;3;2;No inventariada;;9;4;1;1;;1;1;1;;;1;998
8;5;11;41;41091;;3;2;No inventariada;;9;2;1;2;;1;1;1;;;1;998