MES;DIA_SEMANA;HORA;COD_PROVINCIA;COD_MUNICIPIO;ISLA;ZONA;ZONA_AGRUPADA;CARRETERA;KM;TIPO_VIA;TIPO_ACCIDENTE;NUDO;NUDO_INFO;CARRETERA_CRUCE;CONDICION_FIRME;CONDICION_ILUMINACION;CONDICION_METEO;CONDICION_NIEBLA;CONDICION_VIENTO;VISIB_RESTRINGIDA_POR;TRAZADO_PLANTA
9;5;14;41;41091;;3;2;No inventariada;;9;3;2;;;1;1;1;;;1;998
8;5;13;41;41091;;3;2;No inventariada;;9;2;1;2;;1;1;1;;;1;998
9;5;16;41;41091;;3;2;No inventariada;;9;2;1;1;;1;1;1;;;1;998
9;4;19;41;41091;;3;2;No inventariada;;9;4;1;4;;1;1;1;;;1;998
9;5;18;41;41091;;3;2;No inventariada;;9;4;2;;;1;1;1;;;1;998
7;1;13;41;41091;;3;2;No inventariada;;9;4;2;;;1;1;1;;;1;998
9;6;0;41;41091;;3;2;No inventariada;;9;10;1;4;;1;4;1;;;1;998
9;6;2;41;41091;;3;2;No inventariada;;9;10;2;;;1;4;1;;;1;998
9;5;11;41;41091;;3;2;No inventariada;;9;2;1;1;;1;1;1;;;1;998
7;3;1;41;41091;;3;2;No inventariada;;9;10;2;;;1;4;1;;;1;998
9;5;20;41;41091;;3;2;No inventariada;;9;2;1;4;;1;1;1;;;1;998
8;5;16;41;41091;;1;1;SE-30;10,2;3;4;2;;;1;1;1;;;1;1
9;4;18;41;41091;;1;1;SE-30;4;3;10;2;;;1;1;1;;;1;1
8;4;8;41;41091;;3;2;No inventariada;;9;2;1;1;;1;1;1;;;1;998
9;5;10;41;41091;;3;2;No inventariada;;9;7;2;;;1;1;1;;;9;998
9;5;12;41;41091;;3;2;No inventariada;;9;4;2;;;1;1;1;;;1;998
9;6;12;41;41091;;3;2;No inventariada;;9;6;2;;;1;1;1;;;1;998
9;5;14;41;41091;;3;2;No inventariada;;9;4;2;;;1;1;1;;;1;998
9;3;15;41;41091;;3;2;No inventariada;;9;4;2;;;1;1;1;;;1;998
8;6;13;41;41091;;3;2;No inventariada;;9;10;1;1;;1;1;1;;;9;998
9;7;23;41;41091;;3;2;No inventariada;;9;4;2;;;1;4;1;;;1;998
8;1;19;41;41091;;3;2;No inventariada;;9;4;1;1;;1;1;1;;;1;998
9;5;19;41;41091;;3;2;No inventariada;;9;10;1;1;;1;1;1;;;1;998
9;1;12;41;41091;;3;2;No inventariada;;9;2;1;1;;1;1;1;;;1;998
9;1;16;41;41091;;3;2;No inventariada;;9;10;2;;;8;1;1;;;1;998
9;1;18;41;41091;;3;2;No inventariada;;9;10;2;;;1;1;1;;;18;998
9;1;20;41;41091;;3;2;No inventariada;;9;2;1;1;;1;1;1;;;2;998
9;2;0;41;41091;;3;2;No inventariada;;9;2;1;1;;1;4;1;;;1;998
9;2;5;41;41091;;3;2;No inventariada;;9;10;2;;;1;4;1;;;1;998
9;2;8;41;41091;;3;2;No inventariada;;9;2;2;;;1;1;2;;;1;998
9;7;13;41;41091;;3;2;No inventariada;;9;2;1;2;;1;1;1;;;1;998
9;2;11;41;41091;;3;2;No inventariada;;9;10;1;4;;1;1;1;;;1;998
9;2;12;41;41091;;3;2;No inventariada;;9;7;1;1;;1;1;1;;;1;998
9;2;15;41;41091;;3;2;No inventariada;;9;4;1;4;;1;1;1;;;1;998
9;2;16;41;41091;;3;2;No inventariada;;9;4;2;;;1;1;1;;;1;998
9;3;5;41;41091;;1;1;SE-30;13,609;3;10;2;;;7;6;1;;;1;2
9;2;22;41;41091;;3;2;No inventariada;;9;7;1;1;;1;4;1;;;1;998
9;3;0;41;41091;;3;2;No inventariada;;9;7;2;;;1;4;1;;;1;998
9;3;7;41;41091;;3;2;No inventariada;;9;3;1;2;;1;3;1;;;1;998
9;2;14;41;41091;;3;2;No inventariada;;9;5;2;;;1;1;1;;;1;998
9;1;0;41;41091;;3;2;No inventariada;;9;4;1;5;;1;1;1;;;1;998
9;3;9;41;41091;;3;2;No inventariada;;9;10;2;;;1;1;1;;;1;998
9;1;21;41;41091;;3;2;No inventariada;;9;7;2;;;1;4;1;;;1;998
9;3;11;41;41091;;3;2;No inventariada;;9;2;1;1;;1;1;1;;;1;998
9;3;11;41;41091;;3;2;No inventariada;;9;10;1;2;;3;1;1;;;1;998
9;2;17;41;41091;;3;2;No inventariada;;9;2;1;1;;1;1;1;;;6;998
9;3;19;41;41091;;3;2;No inventariada;;9;10;2;;;1;1;1;;;1;998
9;6;15;41;41091;;3;2;No inventariada;;9;7;1;2;;1;1;1;;;1;998
9;3;10;41;41091;;3;2;No inventariada;;9;4;1;4;;1;1;1;;;1;998
9;3;8;41;41091;;3;2;No inventariada;;9;7;1;2;;1;1;1;;;1;998
9;4;8;41;41091;;3;2;No inventariada;;9;7;2;;;1;1;2;;;1;998
9;4;9;41;41091;;3;2;No inventariada;;9;4;1;5;;1;1;1;;;1;998
9;4;9;41;41091;;3;2;No inventariada;;9;4;2;;;1;1;2;;;1;998
9;3;19;41;41091;;3;2;No inventariada;;9;10;1;2;;7;1;1;;;1;998
9;5;0;41;41091;;3;2;No inventariada;;9;3;1;5;;1;4;1;;;18;998
8;7;0;41;41091;;3;2;No inventariada;;9;10;2;;;1;3;1;;;1;998
9;5;18;41;41086;;1;1;SE-30;14,9;3;4;2;;;1;1;1;;;1;1
9;4;19;41;41091;;3;2;No inventariada;;9;4;2;;;1;1;1;;;1;998
9;4;21;41;41091;;3;2;No inventariada;;9;2;1;1;;1;4;1;;;1;998
9;5;9;41;41091;;3;2;No inventariada;;9;10;2;;;3;1;1;;;1;998
9;3;12;41;41091;;3;2;No inventariada;;9;7;1;2;;1;1;1;;;1;998
9;4;10;41;41091;;3;2;No inventariada;;9;20;2;;;1;1;1;;;1;998
9;4;13;41;41091;;3;2;No inventariada;;9;2;2;;;1;1;1;;;1;998
9;5;23;41;41091;;3;2;No inventariada;;9;3;2;;;1;4;1;;;1;998
9;6;0;41;41091;;3;2;No inventariada;;9;2;1;1;;1;4;1;;;1;998
9;6;4;41;41091;;3;2;No inventariada;;9;2;1;1;;1;4;1;;;1;998
9;5;13;41;41091;;3;2;No inventariada;;9;10;1;1;;1;1;1;;;1;998
9;6;11;41;41091;;3;2;No inventariada;;9;7;1;2;;1;1;1;;;1;998
9;6;22;41;41091;;3;2;No inventariada;;9;4;2;;;1;4;1;;;1;998
9;5;13;41;41091;;1;1;SE-30;13;3;4;2;;;1;1;1;;;1;1
9;6;13;41;41091;;3;2;No inventariada;;9;7;2;;;1;1;1;;;1;998
9;7;4;41;41091;;3;2;No inventariada;;9;10;2;;;1;4;1;;;1;998
9;7;12;41;41091;;3;2;No inventariada;;9;10;2;;;1;1;1;;;1;998
9;6;22;41;41091;;3;2;No inventariada;;9;7;1;2;;1;3;1;;;2;998
8;6;20;41;41091;;3;2;No inventariada;;9;2;1;1;;1;1;1;;;1;998
8;1;23;41;41091;;3;2;No inventariada;;9;5;1;2;;1;4;1;;;1;998
8;6;0;41;41091;;3;2;No inventariada;;9;3;1;5;;1;4;1;;;1;998
9;1;18;41;41091;;3;2;No inventariada;;9;4;1;2;;1;2;1;;;1;998
9;4;12;41;41091;;3;2;No inventariada;;9;10;2;;;1;1;1;;;1;998
9;5;8;41;41091;;3;2;No inventariada;;9;2;1;1;;1;1;1;;;1;998
9;5;13;41;41091;;3;2;No inventariada;;9;7;1;5;;1;1;1;;;1;998
9;6;14;41;41091;;3;2;No inventariada;;9;7;1;2;;1;1;1;;;11;998
9;7;23;41;41091;;3;2;No inventariada;;9;1;1;2;;1;4;1;;;1;998
9;1;0;41;41091;;3;2;No inventariada;;9;4;1;1;;1;4;1;;;1;998
8;3;13;41;41091;;3;2;No inventariada;;9;7;1;2;;1;1;1;;;1;998
8;5;8;41;41091;;3;2;No inventariada;;9;7;2;;;9;1;7;;;18;998
9;5;14;41;41091;;3;2;No inventariada;;9;4;2;;;1;1;1;;;1;998
9;7;14;41;41091;;3;2;No inventariada;;9;4;2;;;1;1;1;;;1;998
9;1;13;41;41091;;3;2;No inventariada;;9;3;1;2;;1;1;1;;;1;998
9;1;21;41;41091;;3;2;No inventariada;;9;6;2;;;1;4;1;;;1;998
9;2;10;41;41091;;3;2;No inventariada;;9;7;1;1;;1;1;1;;;1;998
9;5;16;41;41091;;3;2;No inventariada;;9;2;1;5;;1;1;1;;;1;998
9;2;10;41;41091;;3;2;No inventariada;;9;4;2;;;1;1;1;;;1;998
9;1;13;41;41091;;3;2;No inventariada;;9;2;2;;;1;1;1;;;1;998
9;2;14;41;41091;;3;2;No inventariada;;9;4;2;;;1;1;1;;;1;998
9;2;14;41;41091;;3;2;No inventariada;;9;2;1;1;;1;1;1;;;1;998
9;2;15;41;41091;;3;2;No inventariada;;9;10;2;;;1;1;2;;;1;998
9;1;20;41;41091;;3;2;No inventariada;;9;4;2;;;1;1;1;;;1;998
9;2;23;41;41091;;3;2;No inventariada;;9;10;1;1;;1;4;1;;;1;998
9;3;18;41;41091;;1;1;SE-30;5,5;3;4;2;;;1;1;1;;;1;1
9;3;19;41;41091;;1;1;A-92;0,1;8;16;1;2;SE-30;1;1;1;;;1;2
7;5;3;41;41091;;3;2;No inventariada;;9;6;2;;;1;4;1;;;1;998
7;1;13;41;41091;;3;2;No inventariada;;9;4;2;;;1;1;1;;;1;998
8;6;3;41;41091;;3;2;No inventariada;;9;1;1;2;;1;4;1;;;1;998
9;3;15;41;41091;;3;2;No inventariada;;9;3;1;2;;1;1;1;;;1;998
9;3;21;41;41091;;3;2;No inventariada;;9;2;1;1;;1;3;1;;;1;998
9;7;14;41;41091;;3;2;No inventariada;;9;3;1;1;;1;1;1;;;1;998
9;1;9;41;41091;;3;2;No inventariada;;9;7;1;1;;1;1;1;;;1;998
9;1;16;41;41091;;3;2;No inventariada;;9;10;2;;;1;1;1;;;1;998
9;2;13;41;41091;;3;2;No inventariada;;9;7;2;;;1;1;1;;;1;998
9;2;22;41;41091;;3;2;No inventariada;;9;4;2;;;1;4;1;;;1;998
9;7;0;41;41091;;3;2;No inventariada;;9;10;2;;;1;4;1;;;1;998
9;3;14;41;41091;;3;2;No inventariada;;9;2;2;;;1;1;1;;;1;998
9;5;18;41;41091;;3;2;No inventariada;;9;2;1;5;;1;1;1;;;1;998
9;3;17;41;41091;;3;2;No inventariada;;9;6;1;2;;1;1;1;;;1;998
9;2;11;41;41091;;3;2;No inventariada;;9;10;1;2;;1;1;1;;;1;998
9;3;16;41;41091;;3;2;No inventariada;;9;1;1;1;;1;1;1;;;1;998
9;4;8;41;41091;;3;2;No inventariada;;9;10;2;;;1;1;1;;;1;998
9;3;11;41;41091;;3;2;No inventariada;;9;4;2;;;1;1;1;;;1;998
9;5;18;41;41091;;3;2;No inventariada;;9;4;1;2;;1;1;1;;;1;998
9;5;16;41;41091;;3;2;No inventariada;;9;4;2;;;1;1;1;;;1;998
9;4;17;41;41091;;3;2;No inventariada;;9;4;1;2;;9;1;1;;;1;998
9;5;14;41;41091;;1;1;A-8008;0,3;6;5;2;;;1;1;1;;;18;1
9;4;22;41;41091;;3;2;No inventariada;;9;10;1;1;;1;4;2;;;1;998
9;5;11;41;41091;;3;2;No inventariada;;9;2;1;1;;1;1;1;;;1;998
9;6;11;41;41091;;1;1;SE-30;11;3;4;2;;;1;1;7;;;18;1
8;2;13;41;41091;;3;2;No inventariada;;9;7;2;;;1;4;7;;;18;998
8;6;0;41;41091;;3;2;No inventariada;;9;10;2;;;1;4;1;;;1;998
9;7;11;41;41091;;3;2;No inventariada;;9;7;2;;;1;1;1;;;1;998
9;4;4;41;41091;;3;2;No inventariada;;9;2;1;1;;1;4;1;;;1;998
9;5;15;41;41091;;3;2;No inventariada;;9;2;2;;;1;1;1;;;1;998
9;5;17;41;41091;;3;2;No inventariada;;9;2;2;;;1;1;1;;;1;998
9;6;11;41;41091;;3;2;No inventariada;;9;4;2;;;1;1;1;;;1;998
9;6;11;41;41091;;3;2;No inventariada;;9;1;1;1;;1;1;1;;;1;998
9;6;23;41;41091;;3;2;No inventariada;;9;2;1;2;;1;4;1;;;1;998
9;1;8;41;41091;;1;1;A-92;2;3;4;2;;;1;2;1;;;1;1
9;2;9;41;41091;;1;1;SE-30;12;3;3;2;;;1;1;1;;;1;4
7;5;14;41;41091;;3;2;No inventariada;;9;10;1;1;;1;1;1;;;1;998
8;5;20;41;41091;;3;2;No inventariada;;9;10;2;;;1;4;1;;;1;998
9;7;15;41;41091;;3;2;No inventariada;;9;10;2;;;1;1;1;;;1;998
9;6;2;41;41091;;3;2;No inventariada;;9;10;2;;;1;4;1;;;1;998
9;5;13;41;41091;;3;2;No inventariada;;9;7;2;;;1;1;1;;;1;998
9;7;23;41;41091;;3;2;No inventariada;;9;6;1;2;;1;4;1;;;1;998
9;7;23;41;41091;;3;2;No inventariada;;9;4;2;;;1;4;1;;;1;998
9;1;8;41;41091;;3;2;No inventariada;;9;4;1;4;;1;1;1;;;1;998
9;1;7;41;41091;;3;2;No inventariada;;9;2;1;1;;1;3;1;;;1;998
9;4;15;41;41091;;3;2;No inventariada;;9;4;2;;;1;1;1;;;1;998
9;3;16;41;41091;;3;2;No inventariada;;9;2;1;1;;1;1;1;;;1;998
9;4;11;41;41091;;3;2;No inventariada;;9;4;2;;;1;1;1;;;1;998
9;1;14;41;41091;;3;2;No inventariada;;9;3;2;;;1;1;2;;;1;998
9;1;14;41;41091;;3;2;No inventariada;;9;1;1;2;;1;1;1;;;1;998
9;1;16;41;41091;;3;2;No inventariada;;9;2;2;;;1;1;2;;;1;998
9;1;17;41;41091;;3;2;No inventariada;;9;4;2;;;1;1;1;;;1;998
5;3;23;41;41091;;3;2;No inventariada;;9;10;2;;;1;4;1;;;1;998
9;2;10;41;41091;;3;2;No inventariada;;9;4;2;;;1;1;1;;;1;998
9;5;12;41;41091;;3;2;No inventariada;;9;5;2;;;1;1;1;;;1;998
9;5;23;41;41091;;3;2;No inventariada;;9;3;1;1;;1;4;1;;;1;998
9;6;5;41;41091;;3;2;No inventariada;;9;10;1;2;;3;4;2;;;1;998
9;7;4;41;41091;;3;2;No inventariada;;9;1;2;;;1;4;1;;;1;998
9;2;9;41;41091;;3;2;No inventariada;;9;2;2;;;1;1;1;;;1;998
9;1;15;41;41091;;3;2;No inventariada;;9;2;1;1;;1;1;1;;;1;998
9;2;9;41;41091;;3;2;No inventariada;;9;7;2;;;1;1;1;;;1;998
9;1;16;41;41091;;3;2;No inventariada;;9;10;1;4;;1;1;1;;;1;998
9;2;19;41;41091;;3;2;No inventariada;;9;7;1;2;;1;1;1;;;1;998
9;1;10;41;41091;;1;1;A-92;1,5;3;4;1;2;;1;1;1;;;1;1
9;3;15;41;41091;;1;1;A-4;546,065;3;4;2;;;1;1;1;;;18;1
6;3;4;41;41091;;3;2;No inventariada;;9;4;1;4;;1;4;1;;;1;998
9;1;19;41;41091;;3;2;No inventariada;;9;4;2;;;1;1;1;;;1;998
9;4;11;41;41091;;3;2;No inventariada;;9;1;2;;;1;1;1;;;1;998
9;4;10;41;41091;;3;2;No inventariada;;9;2;1;1;;1;1;1;;;1;998
9;2;12;41;41091;;3;2;No inventariada;;9;2;1;4;;1;1;1;;;1;998
9;3;8;41;41091;;3;2;No inventariada;;9;10;2;;;3;2;3;;;1;998
9;3;8;41;41091;;3;2;No inventariada;;9;2;1;4;;3;1;3;;;1;998
9;3;8;41;41091;;3;2;No inventariada;;9;10;2;;;3;1;3;;;1;998
9;1;16;41;41091;;3;2;No inventariada;;9;7;1;1;;1;1;1;;;1;998
9;3;9;41;41091;;3;2;No inventariada;;9;10;2;;;3;1;3;;;5;998
9;3;8;41;41091;;3;2;No inventariada;;9;4;2;;;3;1;3;;;1;998
9;3;8;41;41091;;3;2;No inventariada;;9;2;1;1;;3;1;3;;;1;998
9;3;8;41;41091;;3;2;No inventariada;;9;10;2;;;3;1;3;;;1;998
9;3;14;41;41091;;3;2;No inventariada;;9;3;2;;;1;1;2;;;1;998
9;3;19;41;41091;;3;2;No inventariada;;9;10;2;;;1;1;1;;;1;998
8;5;22;41;41091;;3;2;No inventariada;;9;4;2;;;1;4;1;;;1;998
9;1;12;41;41091;;3;2;No inventariada;;9;4;2;;;1;1;1;;;1;998
9;3;21;41;41091;;3;2;No inventariada;;9;7;1;4;;1;4;1;;;1;998
9;3;13;41;41091;;3;2;No inventariada;;9;4;2;;;9;1;2;;;1;998
9;4;7;41;41091;;3;2;No inventariada;;9;3;2;;;1;4;1;;;1;998
9;3;8;41;41091;;3;2;No inventariada;;9;10;2;;;3;1;3;;;1;998
9;3;13;41;41091;;3;2;No inventariada;;9;4;2;;;1;1;1;;;1;998
9;4;9;41;41091;;3;2;No inventariada;;9;7;2;;;1;1;1;;;1;998
9;4;14;41;41091;;3;2;No inventariada;;9;4;1;5;;1;1;1;;;1;998
9;1;10;41;41091;;3;2;No inventariada;;9;1;1;1;;1;1;1;;;1;998
9;4;16;41;41091;;3;2;No inventariada;;9;4;1;2;;1;1;2;;;1;998
9;4;14;41;41091;;3;2;No inventariada;;9;10;2;;;1;1;1;;;1;998
9;6;4;41;41091;;3;2;No inventariada;;9;15;1;5;;1;4;1;;;1;998
9;5;15;41;41091;;3;2;No inventariada;;9;2;1;1;;1;1;1;;;18;998
9;3;18;41;41091;;3;2;No inventariada;;9;3;2;;;1;1;1;;;1;998
9;2;15;41;41091;;3;2;No inventariada;;9;20;2;;;1;1;1;;;1;998
9;2;16;41;41091;;3;2;No inventariada;;9;2;1;2;;1;1;1;;;1;998
9;3;13;41;41091;;3;2;No inventariada;;9;4;2;;;1;1;1;;;1;998
9;4;14;41;41091;;3;2;No inventariada;;9;2;1;4;;1;1;1;;;1;998
9;4;15;41;41091;;3;2;No inventariada;;9;2;1;2;;1;1;1;;;1;998
9;5;9;41;41091;;3;2;No inventariada;;9;2;2;;;1;1;1;;;1;998
9;3;13;41;41091;;3;2;No inventariada;;9;10;2;;;3;1;3;;;5;998
9;6;19;41;41091;;3;2;No inventariada;;9;10;2;;;1;1;1;;;1;998
9;5;14;41;41091;;3;2;No inventariada;;9;2;1;5;;1;1;1;;;1;998
9;4;21;41;41091;;3;2;No inventariada;;9;1;2;;;1;4;1;;;1;998
9;5;19;41;41091;;3;2;No inventariada;;9;2;1;5;;1;1;1;;;1;998
9;2;21;41;41091;;3;2;No inventariada;;9;7;2;;;1;4;1;;;1;998
9;1;18;41;41091;;1;1;SE-30;11;3;4;2;;;1;1;1;;;1;1
8;6;12;41;41091;;3;2;No inventariada;;9;7;2;;;1;1;1;;;1;998
9;6;2;41;41091;;3;2;No inventariada;;9;7;1;2;;1;4;1;;;1;998
9;6;9;41;41091;;3;2;No inventariada;;9;4;2;;;1;1;1;;;1;998
9;6;10;41;41091;;3;2;No inventariada;;9;3;2;;;1;1;1;;;1;998
9;6;15;41;41091;;3;2;No inventariada;;9;1;1;4;;1;1;1;;;1;998
9;6;15;41;41091;;3;2;No inventariada;;9;10;2;;;1;1;1;;;1;998
9;6;17;41;41091;;3;2;No inventariada;;9;2;1;2;;1;1;1;;;1;998
9;6;18;41;41091;;3;2;No inventariada;;9;3;1;4;;1;1;1;;;1;998
9;7;4;41;41091;;3;2;No inventariada;;9;10;2;;;1;4;1;;;1;998
9;7;9;41;41091;;3;2;No inventariada;;9;10;2;;;1;1;1;;;1;998
9;1;7;41;41091;;1;1;A-4;535,309;3;10;1;4;A-8008;8;4;1;;;1;2
9;1;7;41;41091;;1;1;A-4;535,325;3;2;1;4;A-8008;1;4;1;;;1;2
9;5;20;41;41091;;3;2;No inventariada;;9;2;1;2;;1;4;1;;;1;998
9;7;6;41;41091;;3;2;No inventariada;;9;6;2;;;1;4;1;;;1;998
9;6;16;41;41091;;3;2;No inventariada;;9;2;1;1;;1;1;1;;;1;998
9;1;11;41;41091;;3;2;No inventariada;;9;4;1;1;;1;1;1;;;1;998
9;1;15;41;41091;;3;2;No inventariada;;9;2;2;;;1;1;1;;;1;998
9;1;18;41;41091;;3;2;No inventariada;;9;7;2;;;1;1;1;;;1;998
9;1;18;41;41091;;3;2;No inventariada;;9;4;1;2;;1;1;1;;;1;998
9;4;10;41;41091;;3;2;No inventariada;;9;4;2;;;1;1;1;;;1;998
9;1;19;41;41091;;3;2;No inventariada;;9;7;1;12;;1;1;1;;;1;998
7;1;1;41;41091;;3;2;No inventariada;;9;10;2;;;1;4;1;;;1;998
9;1;11;41;41091;;3;2;No inventariada;;9;7;1;4;;1;1;1;;;1;998
9;1;12;41;41091;;3;2;No inventariada;;9;7;1;4;;1;1;1;;;1;998
10;2;9;41;41091;;3;2;No inventariada;;9;7;1;5;;1;1;1;;;1;998
10;2;10;41;41091;;3;2;No inventariada;;9;4;1;4;;1;1;1;;;1;998
10;2;15;41;41091;;3;2;No inventariada;;9;2;1;1;;1;1;1;;;1;998
9;4;7;41;41091;;3;2;No inventariada;;9;1;2;;;1;4;1;;;1;998
9;7;13;41;41091;;3;2;No inventariada;;9;7;2;;;1;1;1;;;1;998
9;7;13;41;41091;;3;2;No inventariada;;9;2;1;1;;1;1;1;;;1;998
9;1;12;41;41091;;3;2;No inventariada;;9;4;2;;;1;1;1;;;1;998
9;1;21;41;41091;;3;2;No inventariada;;9;10;2;;;1;4;1;;;1;998
9;1;21;41;41091;;3;2;No inventariada;;9;2;2;;;1;3;1;;;1;998
9;1;16;41;41091;;3;2;No inventariada;;9;2;2;;;1;1;1;;;1;998
9;1;19;41;41091;;3;2;No inventariada;;9;10;2;;;1;1;1;;;1;998
9;1;12;41;41091;;3;2;No inventariada;;9;4;2;;;1;1;1;;;1;998
10;3;1;41;41091;;3;2;No inventariada;;9;10;2;;;1;4;1;;;1;998
10;2;16;41;41086;;1;1;SE-30;15;3;5;2;;;1;1;1;;;1;1
9;4;19;41;41091;;3;2;No inventariada;;9;7;1;2;;1;1;7;;;18;998
9;5;18;41;41091;;3;2;No inventariada;;9;7;1;4;;1;1;1;;;1;998
10;2;12;41;41091;;3;2;No inventariada;;9;10;1;2;;1;2;1;;;1;998
10;3;7;41;41091;;3;2;No inventariada;;9;2;1;2;;1;4;1;;;11;998
10;3;8;41;41091;;3;2;No inventariada;;9;1;2;;;1;1;1;;;1;998
10;2;14;41;41091;;3;2;No inventariada;;9;20;2;;;1;1;1;;;1;998
10;3;8;41;41091;;3;2;No inventariada;;9;2;2;;;1;1;1;;;1;998
10;3;7;41;41091;;3;2;No inventariada;;9;2;2;;;1;4;1;;;1;998
9;1;12;41;41091;;3;2;No inventariada;;9;2;2;;;1;1;1;;;1;998
10;3;7;41;41091;;3;2;No inventariada;;9;2;1;1;;1;3;1;;;1;998
9;5;11;41;41091;;3;2;No inventariada;;9;10;2;;;1;1;1;;;1;998
9;2;18;41;41091;;3;2;No inventariada;;9;2;1;2;;1;1;1;;;1;998
10;2;18;41;41021;;1;1;SE-30;16,9;3;2;1;10;SE-30;1;1;1;;;1;3
10;4;20;41;41091;;1;1;SE-30;14,8;3;3;2;;;1;4;1;;;1;1
10;2;13;41;41091;;3;2;No inventariada;;9;4;1;4;;1;1;1;;;1;998
10;3;17;41;41091;;3;2;No inventariada;;9;6;2;;;1;1;1;;;1;998
10;4;8;41;41091;;3;2;No inventariada;;9;2;2;;;1;1;1;;;1;998
10;3;18;41;41091;;3;2;No inventariada;;9;4;2;;;1;1;1;;;1;998
10;4;10;41;41091;;3;2;No inventariada;;9;10;1;2;;1;1;1;;;1;998
10;3;10;41;41091;;3;2;No inventariada;;9;7;1;4;;1;1;1;;;1;998
10;4;7;41;41091;;3;2;No inventariada;;9;3;2;;;1;3;1;;;1;998
9;5;13;41;41091;;3;2;No inventariada;;9;2;2;;;1;1;1;;;1;998
10;3;10;41;41091;;3;2;No inventariada;;9;2;2;;;1;1;1;;;1;998
10;4;9;41;41091;;3;2;No inventariada;;9;2;1;1;;1;1;1;;;1;998
10;4;13;41;41091;;3;2;No inventariada;;9;7;2;;;1;1;1;;;1;998
10;5;1;41;41091;;3;2;No inventariada;;9;10;2;;;1;4;1;;;18;998
10;5;6;41;41091;;3;2;No inventariada;;9;2;1;1;;1;4;1;;;1;998
10;3;14;41;41091;;3;2;No inventariada;;9;2;1;5;;1;1;1;;;1;998
10;4;11;41;41091;;3;2;No inventariada;;9;7;1;1;;1;1;1;;;1;998
10;4;13;41;41091;;3;2;No inventariada;;9;2;2;;;1;1;1;;;1;998
10;3;10;41;41091;;3;2;No inventariada;;9;7;2;;;1;1;1;;;1;998
10;5;16;41;41091;;3;2;No inventariada;;9;2;1;1;;1;1;1;;;1;998
6;2;21;41;41091;;3;2;No inventariada;;9;2;1;1;;1;1;1;;;1;998
9;6;15;41;41091;;3;2;No inventariada;;9;6;2;;;1;1;1;;;1;998
10;2;8;41;41091;;3;2;No inventariada;;9;2;1;1;;1;1;1;;;1;998
10;5;13;41;41091;;3;2;No inventariada;;9;10;2;;;7;1;1;;;1;998
10;5;23;41;41091;;3;2;No inventariada;;9;2;2;;;1;1;1;;;1;998
10;7;14;41;41091;;1;1;SE-30;14,51;3;3;2;;;1;1;1;;;1;1
9;5;2;41;41091;;3;2;No inventariada;;9;10;2;;;1;4;1;;;1;998
9;6;3;41;41091;;3;2;No inventariada;;9;10;2;;;1;4;1;;;1;998
10;5;3;41;41091;;3;2;No inventariada;;9;10;1;2;;1;4;1;;;1;998
10;5;5;41;41091;;3;2;No inventariada;;9;6;1;1;;1;4;1;;;1;998
10;6;20;41;41091;;3;2;No inventariada;;9;10;2;;;1;4;1;;;1;998
10;6;23;41;41091;;3;2;No inventariada;;9;10;2;;;1;4;1;;;1;998
10;7;6;41;41091;;3;2;No inventariada;;9;4;2;;;1;1;1;;;1;998
10;7;7;41;41091;;3;2;No inventariada;;9;15;2;;;1;4;1;;;1;998
10;7;8;41;41091;;3;2;No inventariada;;9;4;1;5;;1;1;2;;;1;998
10;7;15;41;41091;;3;2;No inventariada;;9;2;1;1;;1;1;1;;;2;998
10;7;17;41;41091;;3;2;No inventariada;;9;7;2;;;1;1;1;;;1;998
9;7;23;41;41091;;3;2;No inventariada;;9;5;1;4;;1;4;1;;;1;998
10;1;9;41;41091;;1;1;SE-30;13,4;3;3;2;;;1;1;2;;;1;2
10;3;15;41;41091;;3;2;No inventariada;;9;2;1;5;;1;1;1;;;1;998
10;5;8;41;41091;;3;2;No inventariada;;9;2;2;;;1;1;1;;;1;998