MES;DIA_SEMANA;HORA;COD_PROVINCIA;COD_MUNICIPIO;ISLA;ZONA;ZONA_AGRUPADA;CARRETERA;KM;TIPO_VIA;TIPO_ACCIDENTE;NUDO;NUDO_INFO;CARRETERA_CRUCE;CONDICION_FIRME;CONDICION_ILUMINACION;CONDICION_METEO;CONDICION_NIEBLA;CONDICION_VIENTO;VISIB_RESTRINGIDA_POR;TRAZADO_PLANTA
10;5;12;41;41091;;3;2;No inventariada;;9;4;2;;;1;1;1;;;2;998
10;7;5;41;41091;;3;2;No inventariada;;9;2;1;1;;1;3;1;;;1;998
10;7;14;41;41091;;3;2;No inventariada;;9;6;2;;;1;1;1;;;1;998
10;7;16;41;41091;;3;2;No inventariada;;9;1;1;1;;1;1;1;;;1;998
10;5;17;41;41091;;3;2;No inventariada;;9;2;1;1;;1;1;1;;;1;998
10;5;19;41;41091;;3;2;No inventariada;;9;7;1;12;;1;1;1;;;1;998
10;5;16;41;41091;;3;2;No inventariada;;9;4;1;4;;1;1;1;;;1;998
10;1;10;41;41091;;3;2;No inventariada;;9;6;2;;;1;1;2;;;1;998
10;1;14;41;41091;;3;2;No inventariada;;9;4;2;;;1;1;1;;;1;998
10;5;21;41;41091;;3;2;No inventariada;;9;2;1;4;;1;4;1;;;1;998
10;5;13;41;41091;;3;2;No inventariada;;9;10;1;2;;7;1;1;;;1;998
10;1;16;41;41091;;3;2;No inventariada;;9;7;1;1;;3;1;4;;;1;998
10;5;21;41;41091;;3;2;No inventariada;;9;7;1;2;;1;4;1;;;1;998
10;1;16;41;41091;;3;2;No inventariada;;9;2;2;;;3;1;3;;;1;998
9;6;20;41;41091;;3;2;No inventariada;;9;7;2;;;1;4;1;;;1;998
9;2;15;41;41091;;3;2;No inventariada;;9;2;1;2;;1;1;1;;;1;998
10;5;12;41;41091;;3;2;No inventariada;;9;2;1;4;;1;1;1;;;2;998
10;5;18;41;41091;;3;2;No inventariada;;9;7;2;;;1;1;1;;;1;998
10;6;9;41;41091;;3;2;No inventariada;;9;2;1;1;;1;1;1;;;1;998
10;1;11;41;41091;;3;2;No inventariada;;9;4;2;;;1;1;1;;;1;998
10;1;11;41;41091;;3;2;No inventariada;;9;5;2;;;1;1;1;;;1;998
10;1;14;41;41091;;3;2;No inventariada;;9;2;1;1;;1;1;1;;;1;998
10;2;6;41;41091;;3;2;No inventariada;;9;2;1;2;;1;1;1;;;1;998
10;2;9;41;41091;;3;2;No inventariada;;9;10;2;;;9;1;2;;;1;998
10;2;10;41;41091;;3;2;No inventariada;;9;4;1;1;;1;1;1;;;1;998
10;2;15;41;41091;;3;2;No inventariada;;9;4;1;1;;1;1;1;;;1;998
10;1;15;41;41091;;3;2;No inventariada;;9;2;2;;;1;1;2;;;1;998
10;2;18;41;41091;;3;2;No inventariada;;9;7;2;;;1;1;1;;;1;998
10;1;18;41;41091;;3;2;No inventariada;;9;7;1;2;;3;1;4;;;1;998
10;1;14;41;41091;;3;2;No inventariada;;9;4;2;;;1;1;1;;;1;998
9;7;9;41;41091;;3;2;No inventariada;;9;6;1;2;;1;1;1;;;1;998
10;4;18;41;41091;;3;2;No inventariada;;9;4;1;1;;1;1;1;;;1;998
10;7;21;41;41091;;3;2;No inventariada;;9;4;2;;;1;4;1;;;1;998
10;2;10;41;41091;;3;2;No inventariada;;9;10;2;;;1;1;1;;;1;998
10;3;2;41;41091;;3;2;No inventariada;;9;2;2;;;1;4;1;;;1;998
10;2;12;41;41091;;3;2;No inventariada;;9;6;2;;;1;1;2;;;1;998
10;3;10;41;41091;;3;2;No inventariada;;9;7;1;2;;1;1;1;;;1;998
10;6;14;41;41091;;3;2;No inventariada;;9;6;2;;;1;1;1;;;1;998
10;3;10;41;41091;;3;2;No inventariada;;9;2;1;1;;1;1;1;;;1;998
10;3;14;41;41091;;3;2;No inventariada;;9;2;2;;;3;1;3;;;1;998
10;4;20;41;41091;;1;1;SE-30;0,2;3;4;2;;;1;4;1;;;1;1
10;3;13;41;41091;;3;2;No inventariada;;9;2;2;;;3;1;3;;;1;998
10;4;13;41;41091;;3;2;No inventariada;;9;4;2;;;1;1;1;;;1;998
10;4;14;41;41091;;3;2;No inventariada;;9;4;2;;;1;1;1;;;1;998
10;2;15;41;41091;;3;2;No inventariada;;9;10;1;2;;1;1;1;;;1;998
10;3;20;41;41091;;3;2;No inventariada;;9;10;2;;;3;1;2;;;1;998
10;3;18;41;41091;;3;2;No inventariada;;9;4;1;4;;3;1;2;;;1;998
10;4;4;41;41091;;3;2;No inventariada;;9;15;2;;;1;4;1;;;1;998
10;4;23;41;41091;;3;2;No inventariada;;9;3;2;;;1;4;1;;;1;998
10;5;17;41;41091;;1;1;SE-30;9,2;3;16;1;2;;1;1;2;;;1;2
10;4;12;41;41091;;3;2;No inventariada;;9;7;2;;;1;1;1;;;11;998
10;1;13;41;41091;;3;2;No inventariada;;9;3;2;;;1;1;1;;;1;998
10;2;23;41;41091;;3;2;No inventariada;;9;2;1;5;;1;4;1;;;1;998
10;5;9;41;41091;;3;2;No inventariada;;9;7;2;;;1;1;1;;;1;998
10;5;7;41;41091;;3;2;No inventariada;;9;2;2;;;1;4;1;;;1;998
10;5;15;41;41091;;3;2;No inventariada;;9;6;2;;;1;1;1;;;1;998
10;6;11;41;41004;;1;1;SE-30;4,7;3;16;2;;;3;1;3;;;1;2
9;4;15;41;41091;;3;2;No inventariada;;9;2;1;1;;1;1;1;;;1;998
9;7;15;41;41091;;3;2;No inventariada;;9;1;2;;;1;1;1;;;1;998
10;5;23;41;41091;;3;2;No inventariada;;9;4;2;;;3;4;3;;;1;998
10;4;11;41;41091;;1;1;SE-30;11,6;3;5;2;;;1;1;1;;;1;1
10;3;10;41;41091;;3;2;No inventariada;;9;2;1;2;;1;1;2;;;1;998
10;5;7;41;41091;;3;2;No inventariada;;9;4;2;;;1;4;1;;;1;998
10;6;10;41;41091;;3;2;No inventariada;;9;2;1;1;;3;1;3;;;1;998
10;7;3;41;41091;;3;2;No inventariada;;9;2;1;1;;3;4;4;;;1;998
10;5;18;41;41091;;3;2;No inventariada;;9;4;1;4;;3;1;3;;;1;998
10;1;18;41;41091;;1;1;SE-30;0,2;3;5;2;;;3;1;1;;;1;1
10;7;7;41;41091;;3;2;No inventariada;;9;3;1;4;;3;3;3;;;1;998
10;3;15;41;41091;;3;2;No inventariada;;9;19;2;;;1;1;1;;;1;998
10;5;0;41;41091;;3;2;No inventariada;;9;2;1;2;;1;1;1;;;1;998
10;6;20;41;41091;;3;2;No inventariada;;9;9;1;2;;9;4;2;;;1;998
10;6;21;41;41091;;3;2;No inventariada;;9;4;2;;;3;1;3;;;1;998
10;1;21;41;41091;;3;2;No inventariada;;9;10;2;;;3;4;3;;;1;998
10;3;19;41;41091;;3;2;No inventariada;;9;2;1;2;;1;1;1;;;1;998
10;4;21;41;41091;;3;2;No inventariada;;9;7;2;;;1;4;1;;;1;998
10;1;12;41;41091;;3;2;No inventariada;;9;2;2;;;9;1;3;;;18;998
10;1;14;41;41091;;3;2;No inventariada;;9;7;2;;;3;1;2;;;1;998
10;5;18;41;41091;;3;2;No inventariada;;9;10;1;1;;1;1;3;;;1;998
10;2;8;41;41091;;3;2;No inventariada;;9;2;2;;;3;1;3;;;9;998
10;2;7;41;41091;;3;2;No inventariada;;9;4;2;;;9;3;3;;;1;998
10;2;14;41;41091;;3;2;No inventariada;;9;4;1;2;;3;1;3;;;1;998
10;2;23;41;41091;;3;2;No inventariada;;9;2;1;2;;3;4;4;;;1;998
10;1;1;41;41091;;3;2;No inventariada;;9;2;1;4;;1;4;1;;;1;998
10;5;17;41;41091;;3;2;No inventariada;;9;2;2;;;1;1;1;;;1;998
10;5;15;41;41091;;3;2;No inventariada;;9;2;2;;;1;1;1;;;1;998
10;7;16;41;41091;;3;2;No inventariada;;9;3;1;2;;1;1;2;;;1;998
10;2;12;41;41091;;3;2;No inventariada;;9;2;2;;;1;1;1;;;9;998
10;6;17;41;41091;;3;2;No inventariada;;9;3;1;1;;1;1;1;;;1;998
10;4;7;41;41091;;3;2;No inventariada;;9;4;1;4;;9;4;1;;;1;998
10;4;8;41;41091;;3;2;No inventariada;;9;10;2;;;9;1;1;;;1;998
10;4;8;41;41091;;3;2;No inventariada;;9;4;2;;;1;1;1;;;1;998
10;4;11;41;41091;;3;2;No inventariada;;9;4;2;;;3;1;1;;;1;998
10;4;15;41;41091;;3;2;No inventariada;;9;2;2;;;1;1;2;;;1;998
10;3;20;41;41091;;3;2;No inventariada;;9;10;2;;;9;4;2;;;1;998
10;4;18;41;41091;;3;2;No inventariada;;9;4;1;2;;1;1;1;;;1;998
10;4;17;41;41091;;3;2;No inventariada;;9;10;2;;;2;1;1;;;1;998
10;5;6;41;41091;;1;1;SE-30;12,957;3;3;2;;;1;4;1;;;1;1
10;6;12;41;41091;;3;2;No inventariada;;9;7;1;2;;3;1;3;;;1;998
10;7;19;41;41091;;3;2;No inventariada;;9;3;1;1;;1;1;1;;;1;998
10;4;10;41;41091;;3;2;No inventariada;;9;6;2;;;1;1;1;;;1;998
10;5;12;41;41091;;3;2;No inventariada;;9;4;2;;;1;1;1;;;1;998
10;5;14;41;41091;;3;2;No inventariada;;9;2;1;2;;1;1;1;;;1;998
10;5;16;41;41091;;3;2;No inventariada;;9;3;2;;;1;1;1;;;1;998
10;5;18;41;41091;;3;2;No inventariada;;9;4;2;;;9;1;1;;;1;998
10;6;19;41;41091;;3;2;No inventariada;;9;7;2;;;1;1;1;;;1;998
10;5;20;41;41091;;3;2;No inventariada;;9;2;1;2;;1;1;1;;;1;998
10;6;14;41;41091;;3;2;No inventariada;;9;10;1;2;;1;1;1;;;1;998
9;3;2;41;41091;;3;2;No inventariada;;9;4;2;;;1;4;1;;;1;998
10;1;17;41;41091;;3;2;No inventariada;;9;10;2;;;3;1;1;;;1;998
10;4;9;41;41091;;3;2;No inventariada;;9;2;1;5;;1;1;1;;;1;998
10;6;18;41;41091;;3;2;No inventariada;;9;3;1;2;;1;1;1;;;1;998
10;6;22;41;41091;;3;2;No inventariada;;9;10;2;;;1;4;1;;;1;998
10;7;1;41;41091;;3;2;No inventariada;;9;10;2;;;1;4;1;;;1;998
10;7;10;41;41091;;3;2;No inventariada;;9;4;2;;;1;1;1;;;1;998
10;7;17;41;41091;;3;2;No inventariada;;9;10;1;4;;1;1;1;;;1;998
10;7;20;41;41091;;3;2;No inventariada;;9;4;1;2;;1;4;1;;;1;998
10;6;0;41;41091;;3;2;No inventariada;;9;7;2;;;1;3;1;;;1;998
10;2;12;41;41091;;3;2;No inventariada;;9;7;2;;;1;1;1;;;1;998
10;7;20;41;41091;;3;2;No inventariada;;9;2;2;;;1;3;1;;;9;998
10;2;11;41;41091;;3;2;No inventariada;;9;2;1;1;;9;1;2;;;1;998
10;3;16;41;41091;;3;2;No inventariada;;9;1;1;12;;1;1;1;;;2;998
10;5;11;41;41091;;3;2;No inventariada;;9;2;2;;;1;1;1;;;1;998
10;5;20;41;41091;;3;2;No inventariada;;9;7;2;;;1;4;1;;;1;998
10;2;21;41;41091;;3;2;No inventariada;;9;20;1;1;;3;4;3;;;1;998
10;1;14;41;41091;;3;2;No inventariada;;14;4;1;4;;1;1;1;;;1;998
10;1;16;41;41091;;3;2;No inventariada;;9;5;2;;;1;1;1;;;1;998
10;1;15;41;41091;;3;2;No inventariada;;9;2;2;;;1;1;1;;;1;998
10;4;18;41;41091;;3;2;No inventariada;;9;10;2;;;1;1;1;;;1;998
10;1;11;41;41091;;3;2;No inventariada;;9;7;2;;;1;1;1;;;1;998
10;1;16;41;41091;;3;2;No inventariada;;9;4;1;1;;3;1;4;;;5;998
10;2;13;41;41091;;3;2;No inventariada;;9;2;1;2;;1;1;1;;;1;998
10;1;21;41;41091;;3;2;No inventariada;;9;2;2;;;1;4;1;;;1;998
10;7;15;41;41091;;3;2;No inventariada;;9;2;1;1;;1;1;1;;;1;998
10;7;22;41;41091;;3;2;No inventariada;;9;7;2;;;1;4;1;;;1;998
10;2;21;41;41091;;3;2;No inventariada;;9;4;2;;;3;4;4;;;5;998
10;2;13;41;41091;;3;2;No inventariada;;9;7;2;;;1;1;1;;;1;998
10;2;23;41;41091;;3;2;No inventariada;;9;4;1;1;;1;4;1;;;1;998
10;3;13;41;41091;;3;2;No inventariada;;9;4;2;;;1;1;1;;;1;998
9;3;18;41;41091;;3;2;No inventariada;;9;7;2;;;1;1;1;;;1;998
10;3;11;41;41091;;3;2;No inventariada;;9;10;2;;;1;1;1;;;1;998
10;2;19;41;41091;;3;2;No inventariada;;9;2;1;4;;1;1;1;;;1;998
10;2;23;41;41091;;1;1;SE-30;4,5;3;16;2;;;3;4;3;;;1;3
9;2;21;41;41091;;3;2;No inventariada;;9;2;1;2;;1;4;1;;;1;998
10;4;22;41;41091;;3;2;No inventariada;;9;2;1;1;;1;4;1;;;1;998
10;3;18;41;41091;;3;2;No inventariada;;9;2;2;;;1;1;1;;;1;998
10;2;13;41;41091;;3;2;No inventariada;;9;2;1;1;;1;1;1;;;1;998
10;3;8;41;41091;;3;2;No inventariada;;9;4;2;;;1;4;1;;;1;998
4;7;14;41;41091;;3;2;No inventariada;;9;3;1;4;;1;1;1;;;1;998
10;4;17;41;41091;;3;2;No inventariada;;9;7;2;;;1;1;1;;;1;998
10;5;8;41;41091;;1;1;A-92;2;3;4;2;;;1;3;1;;;1;1
10;4;21;41;41091;;3;2;No inventariada;;9;7;2;;;1;3;1;;;1;998
10;2;21;41;41091;;3;2;No inventariada;;9;4;2;;;1;5;1;;;1;998
10;5;10;41;41091;;3;2;No inventariada;;9;3;1;4;;1;1;2;;;1;998
10;4;13;41;41091;;3;2;No inventariada;;9;2;1;2;;1;1;1;;;1;998
10;3;17;41;41091;;3;2;No inventariada;;9;7;2;;;1;1;1;;;1;998
10;5;23;41;41091;;3;2;No inventariada;;9;1;1;4;;1;4;2;;;1;998
10;1;13;41;41091;;1;1;A-92;0,5;3;4;2;;;1;1;1;;;1;1
9;1;11;41;41091;;3;2;No inventariada;;9;3;1;2;;1;1;1;;;1;998
9;1;8;41;41091;;3;2;No inventariada;;9;2;2;;;1;1;1;;;1;998
10;7;2;41;41091;;3;2;No inventariada;;9;2;1;5;;1;4;1;;;1;998
10;4;23;41;41091;;3;2;No inventariada;;9;7;1;1;;1;4;1;;;1;998
10;5;13;41;41091;;3;2;No inventariada;;9;2;1;2;;3;1;3;;;1;998
10;6;0;41;41091;;3;2;No inventariada;;9;2;1;1;;1;4;1;;;1;998
10;6;7;41;41091;;3;2;No inventariada;;9;2;1;1;;1;4;1;;;1;998
10;4;20;41;41091;;3;2;No inventariada;;9;4;2;;;1;3;1;;;1;998
10;4;7;41;41091;;1;1;A-8028;2,7;5;2;1;4;;1;3;1;;;1;2
10;6;0;41;41091;;3;2;No inventariada;;9;7;2;;;1;3;1;;;1;998
10;3;5;41;41091;;3;2;No inventariada;;9;2;1;1;;1;4;1;;;1;998
10;3;21;41;41091;;3;2;No inventariada;;9;2;1;4;;1;4;1;;;1;998
10;6;15;41;41091;;3;2;No inventariada;;9;2;1;1;;1;1;1;;;1;998
10;6;17;41;41091;;3;2;No inventariada;;9;3;1;4;;3;1;3;;;1;998
10;7;12;41;41091;;3;2;No inventariada;;9;2;1;1;;1;1;1;;;1;998
10;7;14;41;41091;;3;2;No inventariada;;9;10;2;;;1;1;1;;;1;998
10;6;22;41;41091;;3;2;No inventariada;;9;4;2;;;3;4;3;;;1;998
10;7;17;41;41091;;3;2;No inventariada;;9;10;2;;;1;1;1;;;1;998
10;6;21;41;41091;;3;2;No inventariada;;9;4;1;1;;1;4;1;;;1;998
10;7;20;41;41091;;3;2;No inventariada;;9;4;2;;;3;3;1;;;1;998
9;4;15;41;41091;;3;2;No inventariada;;9;10;2;;;1;1;1;;;1;998
10;5;7;41;41091;;3;2;No inventariada;;9;3;2;;;1;1;7;;;18;998
10;7;22;41;41091;;3;2;No inventariada;;9;19;1;2;;1;4;1;;;1;998
10;1;0;41;41091;;3;2;No inventariada;;9;1;1;2;;1;4;1;;;1;998
10;1;9;41;41091;;1;1;A-8083;0,5;3;4;2;;;1;1;1;;;1;1
10;7;22;41;41091;;3;2;No inventariada;;9;10;2;;;1;4;1;;;1;998
10;1;15;41;41091;;3;2;No inventariada;;9;10;2;;;1;1;1;;;1;998
10;1;18;41;41091;;3;2;No inventariada;;9;2;2;;;1;1;1;;;1;998
10;7;21;41;41091;;3;2;No inventariada;;9;4;2;;;1;4;1;;;1;998
10;7;2;41;41091;;3;2;No inventariada;;9;19;2;;;3;1;3;;;1;998
10;1;16;41;41091;;3;2;No inventariada;;9;2;2;;;1;1;1;;;1;998
10;5;16;41;41091;;3;2;No inventariada;;9;4;2;;;1;1;1;;;1;998
10;1;23;41;41091;;3;2;No inventariada;;9;4;2;;;1;4;1;;;1;998
10;7;12;41;41091;;1;1;SE-30;5,9;3;4;2;;;1;1;1;;;1;1
10;1;7;41;41091;;3;2;No inventariada;;9;2;2;;;1;1;1;;;1;998
10;1;16;41;41091;;3;2;No inventariada;;9;7;2;;;1;1;1;;;1;998
10;2;8;41;41091;;3;2;No inventariada;;9;7;2;;;3;1;1;;;1;998
10;2;8;41;41091;;3;2;No inventariada;;9;10;2;;;3;1;3;;;1;998
10;2;9;41;41091;;3;2;No inventariada;;9;7;2;;;3;1;3;;;1;998
10;2;15;41;41091;;3;2;No inventariada;;9;4;2;;;3;1;4;;;1;998
10;3;12;41;41091;;3;2;No inventariada;;9;4;2;;;1;1;1;;;1;998
10;1;16;41;41091;;3;2;No inventariada;;9;2;1;5;;1;1;1;;;1;998
10;2;16;41;41091;;3;2;No inventariada;;9;2;2;;;1;1;1;;;1;998
10;5;15;41;41091;;3;2;No inventariada;;9;10;2;;;1;1;1;;;1;998
10;2;17;41;41091;;3;2;No inventariada;;9;4;1;2;;1;1;1;;;1;998
10;1;14;41;41091;;3;2;No inventariada;;9;2;2;;;1;1;1;;;1;998
10;2;7;41;41091;;3;2;No inventariada;;9;7;2;;;3;3;3;;;1;998
10;3;9;41;41091;;3;2;No inventariada;;9;7;1;2;;3;1;3;;;5;998
10;3;8;41;41091;;3;2;No inventariada;;9;4;2;;;3;1;4;;;5;998
10;3;9;41;41091;;3;2;No inventariada;;9;3;2;;;3;1;3;;;1;998
10;3;9;41;41091;;3;2;No inventariada;;9;2;1;1;;3;1;4;;;5;998
10;2;1;41;41091;;3;2;No inventariada;;9;10;2;;;3;4;3;;;1;998
10;3;5;41;41091;;3;2;No inventariada;;9;4;1;4;;3;3;1;;;1;998
10;4;0;41;41091;;3;2;No inventariada;;9;2;1;1;;3;4;3;;;1;998
10;4;9;41;41091;;3;2;No inventariada;;9;2;2;;;9;1;3;;;1;998
10;1;14;41;41091;;3;2;No inventariada;;9;2;1;4;;1;1;1;;;1;998
10;4;19;41;41091;;3;2;No inventariada;;9;2;1;1;;1;4;1;;;1;998
10;3;11;41;41091;;3;2;No inventariada;;9;15;1;4;;1;1;1;;;1;998
10;6;13;41;41091;;3;2;No inventariada;;9;7;2;;;1;1;2;;;1;998
10;4;17;41;41091;;3;2;No inventariada;;9;4;2;;;1;1;1;;;1;998
11;5;7;41;41091;;3;2;No inventariada;;9;10;1;1;;3;4;3;;;1;998
11;5;8;41;41091;;3;2;No inventariada;;9;6;1;1;;3;1;3;;;1;998
11;5;12;41;41091;;3;2;No inventariada;;9;2;1;2;;1;1;1;;;1;998
11;5;15;41;41091;;3;2;No inventariada;;9;2;2;;;1;1;1;;;1;998
10;7;20;41;41091;;3;2;No inventariada;;9;2;1;1;;1;4;1;;;1;998
11;5;17;41;41091;;3;2;No inventariada;;9;4;1;5;;1;1;1;;;1;998
11;5;20;41;41091;;3;2;No inventariada;;9;7;2;;;1;4;1;;;1;998
10;5;20;41;41091;;3;2;No inventariada;;9;7;2;;;1;4;1;;;1;998
10;2;12;41;41091;;3;2;No inventariada;;9;7;2;;;3;1;3;;;1;998
11;5;18;41;41091;;3;2;No inventariada;;9;7;2;;;1;3;1;;;1;998
11;6;12;41;41091;;3;2;No inventariada;;9;3;2;;;1;1;1;;;1;998
11;6;6;41;41091;;3;2;No inventariada;;9;1;2;;;1;4;1;;;1;998
11;7;8;41;41091;;3;2;No inventariada;;9;4;2;;;1;1;1;;;1;998
11;7;10;41;41091;;3;2;No inventariada;;9;6;1;1;;1;1;1;;;1;998
11;7;14;41;41091;;3;2;No inventariada;;9;2;1;2;;1;1;1;;;1;998
11;7;16;41;41091;;3;2;No inventariada;;9;10;2;;;1;1;1;;;1;998
10;5;10;41;41091;;3;2;No inventariada;;9;7;2;;;1;1;1;;;1;998
10;7;1;41;41091;;3;2;No inventariada;;9;2;2;;;3;5;3;;;1;998
10;1;12;41;41091;;3;2;No inventariada;;9;6;1;1;;1;1;1;;;1;998
11;7;0;41;41091;;3;2;No inventariada;;9;2;1;1;;1;4;1;;;1;998
10;4;10;41;41091;;3;2;No inventariada;;9;7;1;2;;1;1;3;;;1;998
11;1;10;41;41091;;3;2;No inventariada;;9;10;2;;;1;1;1;;;1;998
10;2;19;41;41091;;3;2;No inventariada;;9;1;2;;;1;4;1;;;1;998
10;2;20;41;41091;;3;2;No inventariada;;9;1;2;;;1;4;1;;;1;998
10;5;14;41;41091;;3;2;No inventariada;;9;2;1;1;;9;1;2;;;9;998
11;2;2;41;41091;;3;2;No inventariada;;9;4;2;;;1;4;1;;;1;998
10;3;0;41;41091;;3;2;No inventariada;;9;2;1;1;;3;4;4;;;5;998
10;1;20;41;41091;;3;2;No inventariada;;9;7;1;4;;1;3;1;;;2;998
11;5;3;41;41091;;3;2;No inventariada;;9;3;2;;;1;4;1;;;1;998
11;1;9;41;41091;;3;2;No inventariada;;9;2;1;5;;1;1;1;;;1;998
11;2;11;41;41091;;3;2;No inventariada;;9;1;1;2;;1;1;1;;;1;998
11;1;14;41;41091;;3;2;No inventariada;;9;7;2;;;1;1;1;;;1;998
11;2;13;41;41091;;3;2;No inventariada;;9;4;1;1;;1;1;1;;;1;998
11;3;6;41;41091;;3;2;No inventariada;;9;5;2;;;1;3;1;;;1;998
11;3;7;41;41091;;3;2;No inventariada;;9;5;2;;;1;3;1;;;1;998
11;7;8;41;41091;;3;2;No inventariada;;9;4;1;2;;1;3;1;;;1;998
11;3;12;41;41091;;3;2;No inventariada;;9;7;1;4;;1;1;1;;;1;998
11;3;15;41;41091;;3;2;No inventariada;;9;2;2;;;1;1;1;;;1;998
10;4;13;41;41091;;3;2;No inventariada;;9;10;1;2;;1;1;1;;;1;998
10;4;20;41;41091;;3;2;No inventariada;;9;2;1;1;;1;4;1;;;1;998
9;3;15;41;41091;;3;2;No inventariada;;9;7;2;;;1;1;1;;;15;998
10;6;13;41;41091;;3;2;No inventariada;;9;1;2;;;1;1;1;;;1;998
11;3;12;41;41091;;3;2;No inventariada;;9;2;1;1;;1;1;1;;;1;998
11;4;7;41;41091;;3;2;No inventariada;;9;2;1;1;;1;1;1;;;1;998
11;3;20;41;41091;;3;2;No inventariada;;9;2;1;5;;1;4;1;;;1;998
11;1;17;41;41091;;3;2;No inventariada;;9;3;2;;;1;1;1;;;1;998
11;2;19;41;41091;;3;2;No inventariada;;9;1;2;;;1;4;1;;;14;998
11;2;9;41;41091;;3;2;No inventariada;;9;2;1;2;;1;1;1;;;1;998
11;4;13;41;41091;;3;2;No inventariada;;9;2;1;2;;1;1;1;;;1;998
11;5;11;41;41091;;3;2;No inventariada;;9;7;2;;;1;1;1;;;1;998
11;7;20;41;41091;;3;2;No inventariada;;9;7;2;;;1;4;1;;;1;998
11;6;20;41;41091;;3;2;No inventariada;;9;1;2;;;1;4;1;;;1;998
11;5;15;41;41091;;3;2;No inventariada;;9;7;2;;;1;1;1;;;1;998
11;3;18;41;41091;;3;2;No inventariada;;9;2;2;;;1;1;1;;;1;998
11;5;17;41;41091;;3;2;No inventariada;;9;2;1;2;;1;1;1;;;1;998
11;3;7;41;41091;;3;2;No inventariada;;9;7;2;;;1;4;1;;;1;998
11;3;14;41;41091;;3;2;No inventariada;;9;4;1;5;;1;1;1;;;1;998
11;4;8;41;41091;;3;2;No inventariada;;9;7;1;1;;1;1;1;;;1;998
11;5;13;41;41091;;3;2;No inventariada;;9;7;2;;;1;1;1;;;1;998
11;6;8;41;41091;;3;2;No inventariada;;9;7;2;;;3;1;1;;;1;998
11;6;19;41;41091;;3;2;No inventariada;;9;7;1;1;;1;4;1;;;1;998
11;6;22;41;41091;;3;2;No inventariada;;9;2;1;2;;1;4;1;;;1;998
11;1;12;41;41091;;3;2;No inventariada;;9;7;1;1;;1;1;1;;;1;998
11;2;16;41;41091;;3;2;No inventariada;;9;2;1;1;;1;1;1;;;1;998
11;4;14;41;41091;;3;2;No inventariada;;9;7;1;1;;1;1;1;;;1;998
11;6;8;41;41091;;3;2;No inventariada;;9;2;1;1;;1;1;1;;;1;998
11;6;13;41;41091;;3;2;No inventariada;;9;10;2;;;1;1;1;;;1;998
11;6;21;41;41091;;3;2;No inventariada;;9;2;1;5;;1;4;1;;;1;998
11;7;19;41;41091;;3;2;No inventariada;;9;10;2;;;1;4;1;;;1;998
11;1;14;41;41091;;1;1;A-4;547,8;3;4;2;;;1;1;1;;;1;1
11;1;14;41;41091;;1;1;A-8028;3;5;5;1;4;;1;1;1;;;1;1
10;2;8;41;41091;;3;2;No inventariada;;9;7;2;;;3;1;3;;;1;998
10;5;5;41;41091;;3;2;No inventariada;;9;7;2;;;1;4;1;;;1;998
10;2;18;41;41091;;3;2;No inventariada;;9;7;1;4;;1;1;1;;;6;998
11;6;19;41;41091;;3;2;No inventariada;;9;2;1;1;;1;4;1;;;1;998
11;6;21;41;41091;;3;2;No inventariada;;9;10;2;;;9;4;1;;;1;998
11;6;22;41;41091;;3;2;No inventariada;;9;1;1;5;;1;4;1;;;1;998
11;1;8;41;41091;;3;2;No inventariada;;9;2;2;;;1;1;1;;;1;998
11;1;8;41;41091;;3;2;No inventariada;;9;4;2;;;1;1;1;;;1;998