MES;DIA_SEMANA;HORA;COD_PROVINCIA;COD_MUNICIPIO;ISLA;ZONA;ZONA_AGRUPADA;CARRETERA;KM;TIPO_VIA;TIPO_ACCIDENTE;NUDO;NUDO_INFO;CARRETERA_CRUCE;CONDICION_FIRME;CONDICION_ILUMINACION;CONDICION_METEO;CONDICION_NIEBLA;CONDICION_VIENTO;VISIB_RESTRINGIDA_POR;TRAZADO_PLANTA
11;1;9;41;41091;;3;2;No inventariada;;9;10;2;;;1;1;1;;;1;998
11;4;17;41;41091;;3;2;No inventariada;;9;4;2;;;1;1;1;;;1;998
11;1;17;41;41091;;3;2;No inventariada;;9;4;1;1;;1;1;1;;;1;998
11;1;20;41;41091;;3;2;No inventariada;;9;7;2;;;1;3;1;;;1;998
11;2;14;41;41091;;3;2;No inventariada;;9;2;1;5;;1;1;1;;;1;998
11;2;9;41;41091;;3;2;No inventariada;;9;7;2;;;1;1;1;;;1;998
11;2;18;41;41091;;3;2;No inventariada;;9;7;2;;;1;3;1;;;1;998
11;5;20;41;41091;;3;2;No inventariada;;9;7;1;2;;1;4;1;;;9;998
11;3;9;41;41091;;1;1;A-92;1,2;3;5;2;;;3;1;3;;;1;1
11;1;10;41;41091;;3;2;No inventariada;;9;7;2;;;1;1;1;;;1;998
11;1;19;41;41091;;3;2;No inventariada;;9;2;2;;;9;4;7;;;1;998
11;1;21;41;41091;;3;2;No inventariada;;9;4;2;;;1;4;1;;;1;998
11;1;19;41;41091;;3;2;No inventariada;;9;7;2;;;1;1;1;;;1;998
11;1;8;41;41091;;3;2;No inventariada;;9;4;2;;;1;1;1;;;1;998
11;2;15;41;41091;;3;2;No inventariada;;9;2;1;2;;1;1;1;;;1;998
11;3;9;41;41091;;3;2;No inventariada;;9;2;2;;;3;1;3;;;5;998
11;1;19;41;41091;;3;2;No inventariada;;9;7;2;;;1;4;1;;;1;998
11;3;13;41;41091;;3;2;No inventariada;;9;2;2;;;1;1;2;1;;1;998
11;3;19;41;41091;;3;2;No inventariada;;9;4;2;;;1;4;1;;;1;998
11;3;19;41;41091;;3;2;No inventariada;;9;2;1;4;;1;4;1;;;1;998
11;3;20;41;41091;;3;2;No inventariada;;9;2;1;2;;1;4;2;;;1;998
11;5;21;41;41091;;3;2;No inventariada;;9;3;2;;;1;4;1;;;1;998
11;3;13;41;41091;;3;2;No inventariada;;9;4;1;2;;1;1;1;;;1;998
11;3;21;41;41091;;3;2;No inventariada;;9;2;2;;;1;4;1;;;2;998
11;4;9;41;41091;;3;2;No inventariada;;9;5;1;5;;3;1;3;;;2;998
11;2;8;41;41091;;3;2;No inventariada;;9;4;2;;;1;1;1;;;1;998
11;4;9;41;41091;;3;2;No inventariada;;9;2;1;4;;3;1;3;;;1;998
11;1;22;41;41091;;3;2;No inventariada;;9;2;1;5;;1;4;1;;;1;998
11;3;10;41;41091;;3;2;No inventariada;;9;4;2;;;3;1;3;;;1;998
11;4;14;41;41091;;3;2;No inventariada;;9;4;2;;;3;1;3;;;2;998
11;5;14;41;41091;;1;1;SE-30;7,6;3;4;2;;;1;1;1;;;1;1
11;4;8;41;41091;;3;2;No inventariada;;9;2;2;;;3;1;3;;;1;998
11;2;15;41;41091;;3;2;No inventariada;;9;4;2;;;1;1;1;;;1;998
11;5;8;41;41091;;3;2;No inventariada;;9;6;2;;;1;1;1;;;1;998
11;5;11;41;41091;;3;2;No inventariada;;9;2;1;5;;1;1;1;;;12;998
11;3;14;41;41091;;3;2;No inventariada;;9;2;2;;;1;1;1;;;1;998
11;5;14;41;41091;;3;2;No inventariada;;9;10;2;;;7;1;1;;;1;998
11;5;15;41;41091;;3;2;No inventariada;;9;7;1;1;;1;1;1;;;1;998
10;2;7;41;41091;;3;2;No inventariada;;9;2;1;5;;1;3;1;;;1;998
11;4;9;41;41091;;3;2;No inventariada;;9;7;1;1;;1;1;1;;;2;998
10;1;7;41;41091;;3;2;No inventariada;;9;7;2;;;1;2;1;;;1;998
11;1;5;41;41091;;3;2;No inventariada;;9;10;1;2;;8;4;1;;;1;998
11;2;21;41;41091;;3;2;No inventariada;;9;7;2;;;1;4;1;;;1;998
11;5;9;41;41091;;3;2;No inventariada;;9;2;1;2;;1;1;1;;;1;998
11;5;13;41;41091;;3;2;No inventariada;;9;4;1;2;;1;1;1;;;1;998
11;5;15;41;41091;;3;2;No inventariada;;9;2;1;1;;1;1;1;;;1;998
11;6;1;41;41091;;3;2;No inventariada;;9;20;2;;;1;4;1;;;1;998
11;6;8;41;41091;;3;2;No inventariada;;9;4;2;;;3;3;3;;;1;998
11;5;22;41;41091;;3;2;No inventariada;;9;5;1;2;;1;4;1;;;1;998
11;6;3;41;41091;;3;2;No inventariada;;9;2;1;1;;1;4;1;;;1;998
11;7;5;41;41091;;3;2;No inventariada;;9;4;1;2;;1;4;1;;;1;998
11;7;19;41;41091;;3;2;No inventariada;;9;7;2;;;1;4;2;;;1;998
11;1;9;41;41091;;1;1;A-376;0,7;5;4;2;;;1;1;1;;;1;1
11;5;7;41;41091;;3;2;No inventariada;;9;1;2;;;1;2;1;;;1;998
11;6;14;41;41091;;3;2;No inventariada;;9;2;2;;;1;1;1;;;1;998
11;5;10;41;41091;;3;2;No inventariada;;9;3;2;;;1;1;1;;;1;998
11;5;22;41;41091;;3;2;No inventariada;;9;2;2;;;1;4;1;;;1;998
11;3;14;41;41091;;3;2;No inventariada;;9;3;2;;;1;1;2;;;1;998
11;5;15;41;41091;;3;2;No inventariada;;9;4;2;;;1;1;1;;;1;998
11;7;7;41;41091;;3;2;No inventariada;;9;6;2;;;1;4;1;;;1;998
11;1;6;41;41091;;3;2;No inventariada;;9;2;1;1;;1;4;1;;;1;998
11;1;7;41;41091;;3;2;No inventariada;;9;2;1;2;;1;1;1;;;1;998
11;3;8;41;41091;;3;2;No inventariada;;9;4;2;;;1;1;1;;;1;998
11;1;10;41;41091;;3;2;No inventariada;;9;2;1;2;;1;1;1;;;6;998
11;1;11;41;41091;;3;2;No inventariada;;9;2;1;1;;1;1;1;;;1;998
11;1;12;41;41091;;3;2;No inventariada;;9;4;1;1;;1;1;1;;;1;998
11;5;13;41;41091;;3;2;No inventariada;;9;2;2;;;1;1;1;;;1;998
11;1;14;41;41091;;3;2;No inventariada;;9;2;1;4;;1;1;1;;;1;998
11;5;13;41;41091;;3;2;No inventariada;;9;7;1;1;;1;1;1;;;1;998
11;7;8;41;41091;;3;2;No inventariada;;9;7;2;;;1;1;1;;;1;998
11;1;19;41;41091;;3;2;No inventariada;;9;10;2;;;1;4;1;;;1;998
11;1;17;41;41091;;3;2;No inventariada;;9;2;1;1;;1;1;1;;;1;998
10;4;18;41;41091;;3;2;No inventariada;;9;7;2;;;1;1;1;;;1;998
10;4;9;41;41091;;3;2;No inventariada;;9;10;2;;;1;1;1;;;1;998
11;1;11;41;41091;;3;2;No inventariada;;9;7;2;;;1;1;1;;;1;998
11;2;19;41;41091;;3;2;No inventariada;;9;4;2;;;1;3;1;;;1;998
11;7;23;41;41091;;3;2;No inventariada;;9;10;2;;;2;4;1;;;1;998
11;2;7;41;41091;;3;2;No inventariada;;9;4;2;;;1;4;1;;;1;998
11;2;7;41;41091;;3;2;No inventariada;;9;2;1;4;;1;2;1;;;1;998
11;2;9;41;41091;;3;2;No inventariada;;9;7;2;;;3;1;3;;;1;998
11;2;12;41;41091;;3;2;No inventariada;;9;2;1;1;;1;1;1;;;1;998
11;2;15;41;41091;;3;2;No inventariada;;9;10;2;;;1;1;1;;;1;998
11;2;15;41;41091;;3;2;No inventariada;;9;2;1;1;;1;1;1;;;1;998
11;3;17;41;41091;;1;1;A-4;546,8;3;2;1;1;;1;1;1;;;1;1
11;3;19;41;41091;;1;1;A-376;1,1;5;5;1;2;;1;4;1;;;1;1
11;3;14;41;41091;;1;1;SE-30;5,2;3;4;2;;;1;1;1;;;1;1
11;3;23;41;41091;;3;2;No inventariada;;9;2;2;;;1;4;1;;;1;998
11;5;20;41;41091;;3;2;No inventariada;;9;2;1;4;;1;3;1;;;1;998
11;6;19;41;41091;;3;2;No inventariada;;9;2;1;1;;1;4;1;;;1;998
11;1;12;41;41091;;3;2;No inventariada;;9;2;1;5;;1;1;1;;;1;998
11;2;17;41;41091;;3;2;No inventariada;;9;10;1;2;;1;1;1;;;1;998
11;2;21;41;41091;;3;2;No inventariada;;9;3;1;1;;1;3;1;;;1;998
11;2;22;41;41091;;3;2;No inventariada;;9;2;2;;;1;4;1;;;1;998
11;3;7;41;41091;;3;2;No inventariada;;9;10;2;;;1;2;1;;;1;998
11;3;8;41;41091;;3;2;No inventariada;;9;4;2;;;1;1;1;;;1;998
11;3;11;41;41091;;3;2;No inventariada;;9;2;1;5;;1;1;1;;;1;998
11;3;12;41;41091;;3;2;No inventariada;;9;7;2;;;1;1;1;;;1;998
11;3;14;41;41091;;3;2;No inventariada;;9;7;2;;;1;1;1;;;1;998
11;3;14;41;41091;;3;2;No inventariada;;9;2;1;2;;1;1;1;;;1;998
11;1;21;41;41091;;3;2;No inventariada;;9;4;2;;;1;4;1;;;1;998
11;4;9;41;41091;;3;2;No inventariada;;9;2;2;;;1;1;1;;;1;998
11;5;14;41;41091;;1;1;SE-30;14;3;4;2;;;1;1;1;;;1;1
11;3;14;41;41091;;3;2;No inventariada;;9;7;2;;;1;1;1;;;1;998
11;4;8;41;41091;;3;2;No inventariada;;9;3;2;;;1;1;2;;;1;998
11;4;10;41;41091;;3;2;No inventariada;;9;10;2;;;1;1;2;;;1;998
11;5;10;41;41091;;3;2;No inventariada;;9;2;1;2;;1;1;1;;;2;998
11;5;9;41;41091;;3;2;No inventariada;;9;2;1;2;;1;1;1;;;1;998
11;5;11;41;41091;;3;2;No inventariada;;9;3;2;;;1;1;1;;;1;998
11;5;14;41;41091;;3;2;No inventariada;;9;2;2;;;1;1;1;;;1;998
11;5;17;41;41091;;3;2;No inventariada;;9;10;2;;;1;1;1;;;1;998
11;5;19;41;41091;;3;2;No inventariada;;9;3;1;2;;1;4;1;;;1;998
11;5;19;41;41091;;3;2;No inventariada;;9;2;1;2;;1;3;1;;;1;998
11;4;7;41;41091;;3;2;No inventariada;;9;7;2;;;1;4;1;;;1;998
11;4;7;41;41091;;3;2;No inventariada;;9;7;1;2;;1;3;1;;;1;998
11;6;4;41;41091;;3;2;No inventariada;;9;6;2;;;1;4;1;;;1;998
10;4;1;41;41091;;3;2;No inventariada;;9;4;2;;;1;4;1;;;1;998
10;2;14;41;41091;;3;2;No inventariada;;9;7;1;2;;3;1;4;;;5;998
11;5;12;41;41091;;3;2;No inventariada;;9;4;2;;;9;1;7;;;1;998
11;3;13;41;41091;;3;2;No inventariada;;9;4;1;5;;1;1;1;;;1;998
11;6;16;41;41091;;3;2;No inventariada;;9;4;2;;;1;1;1;;;1;998
11;7;11;41;41091;;3;2;No inventariada;;9;15;2;;;1;1;1;;;1;998
11;3;0;41;41091;;3;2;No inventariada;;9;4;1;5;;1;4;1;;;1;998
11;6;21;41;41091;;3;2;No inventariada;;9;2;1;1;;1;3;1;;;1;998
11;6;0;41;41091;;3;2;No inventariada;;9;4;2;;;1;4;1;;;1;998
11;6;23;41;41091;;3;2;No inventariada;;9;10;1;4;;1;4;1;;;1;998
11;7;0;41;41091;;3;2;No inventariada;;9;20;2;;;1;4;1;;;1;998
11;7;12;41;41091;;3;2;No inventariada;;9;3;2;;;1;1;2;;;1;998
11;6;20;41;41091;;3;2;No inventariada;;9;7;2;;;1;3;1;;;1;998
11;7;19;41;41091;;3;2;No inventariada;;9;10;1;2;;1;3;1;;;1;998
11;5;17;41;41091;;1;1;A-4;534,5;3;5;2;;;1;1;1;;;1;1
11;1;18;41;41004;;1;1;A-8028;0,1;5;4;1;2;;1;4;1;;;1;1
10;7;23;41;41091;;3;2;No inventariada;;9;2;1;1;;1;4;1;;;1;998
11;7;22;41;41091;;3;2;No inventariada;;9;7;2;;;1;4;1;;;1;998
11;4;18;41;41091;;3;2;No inventariada;;9;2;2;;;3;3;3;;;5;998
11;4;15;41;41091;;3;2;No inventariada;;9;4;2;;;1;1;1;;;2;998
11;7;21;41;41091;;3;2;No inventariada;;9;7;2;;;1;4;1;;;1;998
11;7;23;41;41091;;3;2;No inventariada;;9;4;2;;;1;4;1;;;18;998
11;1;17;41;41091;;3;2;No inventariada;;9;4;2;;;1;4;1;;;1;998
11;1;18;41;41091;;3;2;No inventariada;;9;2;1;2;;1;4;1;;;1;998
11;1;18;41;41091;;3;2;No inventariada;;9;10;2;;;1;1;1;;;1;998
11;7;11;41;41091;;1;1;SE-30;1,7;3;4;2;;;1;1;2;;;18;1
11;1;12;41;41091;;3;2;No inventariada;;9;10;2;;;3;1;1;;;1;998
11;2;7;41;41091;;3;2;No inventariada;;9;2;1;2;;1;3;1;;;1;998
11;2;17;41;41091;;3;2;No inventariada;;9;10;1;4;;1;1;1;;;1;998
11;2;19;41;41091;;3;2;No inventariada;;9;2;1;2;;1;3;1;;;1;998
11;2;9;41;41091;;3;2;No inventariada;;9;10;2;;;1;1;1;;;1;998
11;3;7;41;41091;;3;2;No inventariada;;9;7;1;1;;1;1;1;;;1;998
11;3;8;41;41091;;3;2;No inventariada;;9;7;2;;;1;1;1;;;1;998
11;3;10;41;41091;;3;2;No inventariada;;9;3;2;;;1;1;1;;;1;998
11;2;14;41;41091;;3;2;No inventariada;;9;4;1;4;;1;1;1;;;1;998
11;3;17;41;41091;;3;2;No inventariada;;9;4;2;;;1;1;1;;;1;998
11;4;9;41;41091;;1;1;A-8006;22,913;6;4;2;;;1;1;1;;;1;1
11;4;16;41;41091;;1;1;SE-30;14,2;3;15;1;2;;1;1;1;;;1;2
11;1;4;41;41091;;3;2;No inventariada;;9;10;2;;;1;4;1;;;1;998
11;3;7;41;41091;;3;2;No inventariada;;9;7;2;;;1;3;1;;;9;998
11;3;12;41;41091;;3;2;No inventariada;;9;2;1;2;;1;1;1;;;1;998
11;2;20;41;41091;;3;2;No inventariada;;9;2;1;2;;1;4;1;;;1;998
11;5;21;41;41091;;3;2;No inventariada;;9;10;2;;;1;1;1;;;1;998
11;1;22;41;41091;;3;2;No inventariada;;9;4;2;;;1;4;1;;;1;998
10;1;4;41;41091;;3;2;No inventariada;;9;7;2;;;1;4;1;;;1;998
11;4;9;41;41091;;3;2;No inventariada;;9;4;1;4;;9;1;1;;;1;998
11;4;16;41;41091;;3;2;No inventariada;;9;2;1;1;;1;1;1;;;1;998
11;3;14;41;41091;;3;2;No inventariada;;9;2;1;2;;1;1;1;;;1;998
11;4;8;41;41091;;3;2;No inventariada;;9;7;1;2;;9;2;1;;;1;998
11;3;13;41;41091;;3;2;No inventariada;;9;7;2;;;1;1;1;;;1;998
11;4;13;41;41091;;3;2;No inventariada;;9;10;2;;;8;1;7;;;18;998
11;4;21;41;41091;;3;2;No inventariada;;9;1;1;1;;1;4;1;;;1;998
11;3;10;41;41091;;3;2;No inventariada;;9;2;1;5;;1;1;1;;;1;998
11;6;11;41;41091;;1;1;A-376;0,5;5;3;2;;;1;1;1;;;1;1
11;2;15;41;41091;;3;2;No inventariada;;9;20;1;2;;1;1;1;;;1;998
11;7;7;41;41091;;3;2;No inventariada;;9;7;2;;;1;2;1;;;1;998
11;5;23;41;41091;;3;2;No inventariada;;9;7;2;;;1;4;1;;;1;998
11;6;3;41;41091;;3;2;No inventariada;;9;10;2;;;1;3;1;;;1;998
11;4;12;41;41091;;3;2;No inventariada;;9;4;2;;;1;1;1;;;6;998
11;7;1;41;41091;;3;2;No inventariada;;9;10;2;;;1;3;1;;;1;998
11;1;11;41;41091;;3;2;No inventariada;;9;4;1;4;;1;1;1;;;1;998
12;7;3;41;41091;;3;2;No inventariada;;9;10;1;2;;1;3;1;;;1;998
11;6;20;41;41091;;3;2;No inventariada;;9;4;2;;;1;4;1;;;1;998
11;5;13;41;41091;;3;2;No inventariada;;9;2;1;2;;1;1;1;;;1;998
11;6;13;41;41091;;3;2;No inventariada;;9;2;2;;;1;1;1;;;1;998
12;7;1;41;41091;;3;2;No inventariada;;9;7;2;;;1;4;1;;;1;998
12;7;6;41;41091;;3;2;No inventariada;;9;7;1;2;;1;4;1;;;1;998
11;7;0;41;41091;;3;2;No inventariada;;9;10;1;4;;1;4;1;;;1;998
12;7;6;41;41091;;3;2;No inventariada;;9;4;2;;;1;4;1;;;1;998
12;1;6;41;41091;;3;2;No inventariada;;9;2;1;4;;1;4;1;;;1;998
12;1;7;41;41091;;3;2;No inventariada;;9;7;1;1;;1;4;1;;;1;998
12;1;6;41;41091;;3;2;No inventariada;;9;10;2;;;1;4;1;;;1;998
12;1;9;41;41091;;3;2;No inventariada;;9;4;2;;;1;1;1;;;1;998
12;7;20;41;41091;;3;2;No inventariada;;9;2;1;5;;1;4;1;;;1;998
12;2;5;41;41004;;1;1;SE-30;4,8;3;4;2;;;1;4;1;;;1;1
12;2;19;41;41091;;1;1;SE-30;14;3;5;2;;;1;4;1;;;1;4
11;4;17;41;41091;;3;2;No inventariada;;9;3;2;;;1;1;1;;;1;998
12;7;19;41;41091;;3;2;No inventariada;;9;4;2;;;1;3;1;;;1;998
12;7;20;41;41091;;3;2;No inventariada;;9;7;1;2;;1;4;1;;;18;998
11;6;19;41;41091;;3;2;No inventariada;;9;7;1;2;;1;3;1;;;1;998
12;1;9;41;41091;;3;2;No inventariada;;9;7;1;2;;1;1;1;;;1;998
12;2;9;41;41091;;3;2;No inventariada;;9;10;2;;;7;1;1;;;1;998
12;2;9;41;41091;;3;2;No inventariada;;9;2;1;2;;1;1;1;;;1;998
12;1;6;41;41091;;3;2;No inventariada;;9;4;1;4;;1;4;1;;;1;998
12;2;14;41;41091;;3;2;No inventariada;;9;1;1;1;;1;1;1;;;1;998
11;5;21;41;41091;;3;2;No inventariada;;9;2;2;;;1;1;1;;;1;998
12;2;15;41;41091;;3;2;No inventariada;;9;2;1;1;;1;1;1;;;1;998
12;2;16;41;41091;;3;2;No inventariada;;9;4;1;4;;1;1;1;;;1;998
11;2;10;41;41091;;3;2;No inventariada;;9;1;2;;;1;1;1;;;1;998
11;7;6;41;41091;;3;2;No inventariada;;9;7;1;2;;1;3;1;;;1;998
12;1;22;41;41091;;3;2;No inventariada;;9;2;1;2;;1;4;1;;;2;998
12;2;19;41;41091;;3;2;No inventariada;;9;4;2;;;1;3;1;;;1;998
12;3;8;41;41091;;3;2;No inventariada;;9;10;2;;;1;1;1;;;1;998
12;3;15;41;41091;;3;2;No inventariada;;9;2;1;1;;1;1;1;;;1;998
12;3;16;41;41091;;3;2;No inventariada;;9;7;2;;;1;1;1;;;1;998
12;2;16;41;41091;;3;2;No inventariada;;9;10;2;;;1;1;1;;;1;998
12;3;17;41;41091;;3;2;No inventariada;;9;2;1;1;;1;1;1;;;1;998
11;2;12;41;41091;;3;2;No inventariada;;9;2;1;2;;1;1;1;;;1;998
12;2;19;41;41091;;3;2;No inventariada;;9;7;2;;;1;4;1;;;1;998
12;3;17;41;41091;;3;2;No inventariada;;9;10;2;;;1;1;1;;;1;998
12;4;7;41;41091;;1;1;A-8009;0,9;3;3;2;;;1;4;1;;;1;1
12;4;14;41;41091;;1;1;A-92;0,8;3;4;2;;;1;1;1;;;1;1
11;2;23;41;41091;;3;2;No inventariada;;9;7;1;1;;1;4;1;;;1;998
11;3;3;41;41091;;3;2;No inventariada;;9;2;1;2;;1;4;1;;;1;998
11;4;0;41;41091;;3;2;No inventariada;;9;2;1;2;;1;4;1;;;1;998
11;6;15;41;41091;;3;2;No inventariada;;9;2;1;1;;1;1;1;;;1;998
11;2;0;41;41091;;3;2;No inventariada;;9;2;2;;;1;1;1;;;2;998
12;2;22;41;41091;;3;2;No inventariada;;9;10;1;1;;1;4;1;;;1;998
12;3;1;41;41091;;3;2;No inventariada;;9;3;2;;;1;4;1;;;1;998
12;3;9;41;41091;;3;2;No inventariada;;9;3;1;2;;1;1;1;;;1;998
12;3;13;41;41091;;3;2;No inventariada;;9;2;1;2;;1;1;1;;;1;998
12;3;15;41;41091;;3;2;No inventariada;;9;4;1;2;;1;1;1;;;1;998
12;4;0;41;41091;;3;2;No inventariada;;9;2;1;5;;1;4;1;;;1;998
12;4;14;41;41091;;3;2;No inventariada;;9;4;1;1;;1;1;1;;;1;998
12;4;16;41;41091;;3;2;No inventariada;;9;7;1;2;;1;1;1;;;1;998
12;3;20;41;41091;;3;2;No inventariada;;9;7;2;;;1;4;1;;;1;998
12;5;2;41;41091;;1;1;A-92;2,531;3;12;2;;;1;4;1;;;1;2
11;1;8;41;41091;;3;2;No inventariada;;9;2;1;2;;1;1;1;;;1;998
12;1;14;41;41091;;3;2;No inventariada;;9;3;1;2;;1;1;1;;;1;998
12;2;5;41;41091;;3;2;No inventariada;;9;2;1;4;;1;4;1;;;18;998
12;2;10;41;41091;;3;2;No inventariada;;9;3;1;12;;1;1;1;;;1;998
12;4;19;41;41091;;3;2;No inventariada;;9;10;2;;;1;4;1;;;1;998
12;5;10;41;41091;;3;2;No inventariada;;9;4;2;;;1;1;1;;;1;998
12;4;21;41;41091;;3;2;No inventariada;;9;2;2;;;1;4;1;;;1;998
12;5;14;41;41091;;3;2;No inventariada;;9;2;1;2;;1;1;1;;;1;998
12;4;22;41;41091;;3;2;No inventariada;;9;2;2;;;1;4;1;;;1;998
11;3;18;41;41091;;3;2;No inventariada;;9;2;1;2;;1;1;1;;;9;998
11;6;10;41;41091;;3;2;No inventariada;;9;7;1;2;;1;1;1;;;12;998
11;6;19;41;41091;;3;2;No inventariada;;9;10;2;;;1;3;1;;;1;998
11;5;10;41;41091;;3;2;No inventariada;;9;10;2;;;1;1;1;;;1;998
12;3;0;41;41091;;3;2;No inventariada;;9;3;1;2;;1;4;1;;;1;998
12;3;20;41;41091;;3;2;No inventariada;;9;2;1;4;;1;4;1;;;1;998
12;5;7;41;41091;;3;2;No inventariada;;9;2;1;1;;1;3;1;;;1;998
12;5;13;41;41091;;3;2;No inventariada;;9;2;1;2;;1;1;1;;;1;998
12;6;2;41;41091;;3;2;No inventariada;;9;2;1;1;;1;4;1;;;1;998
11;4;21;41;41091;;3;2;No inventariada;;9;4;2;;;1;4;1;;;1;998
12;6;12;41;41091;;3;2;No inventariada;;9;20;1;2;;1;1;1;;;1;998
11;2;22;41;41091;;3;2;No inventariada;;9;2;1;5;;1;4;1;;;1;998
11;3;21;41;41091;;3;2;No inventariada;;9;7;2;;;1;4;1;;;1;998
12;6;15;41;41091;;3;2;No inventariada;;9;7;1;2;;1;1;1;;;1;998
12;6;20;41;41091;;3;2;No inventariada;;9;10;2;;;1;3;1;;;1;998
12;7;7;41;41091;;3;2;No inventariada;;9;10;2;;;1;1;1;;;1;998
12;7;11;41;41091;;3;2;No inventariada;;9;2;1;2;;1;1;1;;;1;998
12;7;12;41;41091;;3;2;No inventariada;;9;10;2;;;1;1;1;;;6;998
12;7;12;41;41091;;3;2;No inventariada;;9;2;1;1;;1;1;1;;;1;998
12;7;15;41;41091;;3;2;No inventariada;;9;2;2;;;1;1;1;;;1;998
12;7;17;41;41091;;3;2;No inventariada;;9;2;2;;;1;1;1;;;1;998
12;7;22;41;41091;;3;2;No inventariada;;9;2;1;2;;1;4;1;;;1;998
12;7;12;41;41091;;1;1;SE-30;11,5;3;5;2;;;1;1;1;;;1;1
7;5;1;41;41091;;3;2;No inventariada;;9;10;1;5;;1;4;1;;;1;998
11;7;5;41;41091;;3;2;No inventariada;;9;4;1;5;;1;4;1;;;1;998
12;1;1;41;41091;;3;2;No inventariada;;9;6;2;;;1;4;1;;;1;998
12;1;12;41;41091;;3;2;No inventariada;;9;2;1;5;;1;1;1;;;1;998
12;1;14;41;41091;;3;2;No inventariada;;9;4;1;4;;1;1;1;;;1;998
12;1;17;41;41091;;3;2;No inventariada;;9;10;1;4;;1;1;1;;;1;998
11;4;16;41;41091;;3;2;No inventariada;;9;2;1;1;;1;1;1;;;1;998
12;1;12;41;41091;;3;2;No inventariada;;9;7;1;1;;1;1;1;;;1;998
12;1;14;41;41091;;3;2;No inventariada;;9;4;2;;;1;1;1;;;1;998
12;1;15;41;41091;;3;2;No inventariada;;9;7;1;4;;1;1;1;;;1;998
12;1;22;41;41091;;3;2;No inventariada;;9;7;2;;;1;4;1;;;1;998
12;2;7;41;41091;;3;2;No inventariada;;9;7;1;1;;1;3;1;;;1;998
11;7;21;41;41091;;3;2;No inventariada;;9;20;2;;;1;4;1;;;1;998
12;6;19;41;41091;;3;2;No inventariada;;9;2;2;;;1;1;1;;;1;998
12;7;11;41;41091;;3;2;No inventariada;;9;2;2;;;1;1;1;;;1;998
12;2;17;41;41091;;3;2;No inventariada;;9;2;1;2;;1;1;1;;;6;998
11;1;14;41;41091;;3;2;No inventariada;;9;2;1;1;;1;1;1;;;1;998
12;2;22;41;41091;;1;1;SE-30;0;3;16;1;2;A-4;1;4;1;;;1;2
12;2;18;41;41091;;3;2;No inventariada;;9;2;2;;;1;4;1;;;1;998
12;3;17;41;41091;;3;2;No inventariada;;9;4;2;;;1;1;1;;;1;998
12;3;18;41;41091;;3;2;No inventariada;;9;1;1;2;;1;1;1;;;1;998
12;4;12;41;41091;;1;1;N-630;814,729;5;4;2;;;3;1;3;;;1;1
12;3;8;41;41091;;3;2;No inventariada;;9;7;1;2;;1;1;1;;;1;998
12;3;10;41;41091;;3;2;No inventariada;;9;7;1;1;;1;1;1;;;6;998
12;3;12;41;41091;;3;2;No inventariada;;9;7;1;2;;1;1;1;;;6;998
12;3;15;41;41091;;3;2;No inventariada;;9;2;1;2;;1;1;1;;;1;998
12;3;22;41;41091;;3;2;No inventariada;;9;2;1;2;;1;4;1;;;1;998
12;3;5;41;41091;;3;2;No inventariada;;9;4;1;5;;1;4;1;;;1;998
12;4;11;41;41091;;3;2;No inventariada;;9;5;2;;;3;1;3;;;5;998
12;4;18;41;41091;;3;2;No inventariada;;9;2;1;1;;1;2;1;;;1;998
12;4;15;41;41091;;3;2;No inventariada;;9;2;1;5;;1;1;1;;;1;998
11;3;14;41;41091;;3;2;No inventariada;;9;4;1;2;;9;1;7;;;1;998
12;5;8;41;41091;;3;2;No inventariada;;9;3;2;;;1;1;1;;;1;998