MES;DIA_SEMANA;HORA;COD_PROVINCIA;COD_MUNICIPIO;ISLA;ZONA;ZONA_AGRUPADA;CARRETERA;KM;TIPO_VIA;TIPO_ACCIDENTE;NUDO;NUDO_INFO;CARRETERA_CRUCE;CONDICION_FIRME;CONDICION_ILUMINACION;CONDICION_METEO;CONDICION_NIEBLA;CONDICION_VIENTO;VISIB_RESTRINGIDA_POR;TRAZADO_PLANTA
12;4;13;41;41091;;3;2;No inventariada;;9;4;2;;;3;1;3;;;1;998
12;5;10;41;41091;;3;2;No inventariada;;9;10;1;2;;8;1;1;;;1;998
12;3;14;41;41091;;3;2;No inventariada;;9;4;2;;;1;1;1;;;1;998
12;5;17;41;41091;;3;2;No inventariada;;9;4;2;;;1;1;1;;;1;998
12;3;20;41;41091;;3;2;No inventariada;;9;7;1;2;;1;4;1;;;1;998
12;4;18;41;41091;;1;1;SE-30;9;3;4;1;10;A-4;1;4;1;;;1;1
12;1;17;41;41091;;3;2;No inventariada;;9;10;2;;;8;1;1;;;1;998
12;5;19;41;41091;;3;2;No inventariada;;9;4;1;1;;1;4;1;;;1;998
12;5;19;41;41091;;3;2;No inventariada;;9;2;2;;;1;4;1;;;1;998
12;6;0;41;41091;;3;2;No inventariada;;9;7;1;2;;1;4;1;;;2;998
12;4;12;41;41091;;3;2;No inventariada;;9;4;2;;;3;1;4;;;1;998
11;5;15;41;41091;;3;2;No inventariada;;9;4;1;4;;1;1;1;;;1;998
12;6;19;41;41091;;3;2;No inventariada;;9;2;1;1;;1;4;1;;;1;998
11;5;16;41;41091;;3;2;No inventariada;;9;4;2;;;1;1;1;;;1;998
12;7;19;41;41091;;1;1;SE-30;6;3;4;2;;;1;4;1;;;1;1
12;4;11;41;41091;;3;2;No inventariada;;9;2;2;;;1;1;1;;;1;998
12;4;19;41;41091;;3;2;No inventariada;;9;2;1;2;;1;3;1;;;1;998
12;6;12;41;41091;;3;2;No inventariada;;9;5;2;;;1;1;1;;;1;998
12;7;22;41;41091;;3;2;No inventariada;;9;10;2;;;1;4;1;;;1;998
12;1;9;41;41091;;3;2;No inventariada;;9;4;2;;;1;1;1;;;6;998
12;1;15;41;41091;;3;2;No inventariada;;9;2;1;2;;1;1;1;;;1;998
11;5;11;41;41091;;3;2;No inventariada;;9;2;1;4;;1;1;1;;;1;998
12;1;14;41;41091;;3;2;No inventariada;;9;2;1;4;;1;1;1;;;1;998
12;1;13;41;41091;;3;2;No inventariada;;9;2;1;4;;1;1;1;;;1;998
12;1;19;41;41091;;3;2;No inventariada;;9;2;2;;;1;4;1;;;18;998
11;3;15;41;41091;;3;2;No inventariada;;9;2;2;;;1;1;1;;;1;998
12;1;14;41;41091;;3;2;No inventariada;;9;7;2;;;9;1;1;;;1;998
12;2;17;41;41091;;3;2;No inventariada;;9;4;2;;;1;1;1;;;1;998
11;5;8;41;41091;;3;2;No inventariada;;9;2;2;;;1;3;3;;;2;998
12;2;19;41;41091;;3;2;No inventariada;;9;7;1;1;;1;3;1;;;1;998
12;4;14;41;41091;;3;2;No inventariada;;9;2;1;4;;1;1;1;;;1;998
12;1;5;41;41091;;3;2;No inventariada;;9;3;2;;;1;4;1;;;1;998
12;2;18;41;41091;;3;2;No inventariada;;9;10;2;;;1;4;1;;;1;998
12;2;20;41;41091;;3;2;No inventariada;;9;2;1;1;;1;4;1;;;1;998
12;3;6;41;41091;;3;2;No inventariada;;9;2;2;;;1;4;1;;;1;998
12;5;8;41;41091;;3;2;No inventariada;;9;4;1;1;;1;1;1;;;1;998
12;3;17;41;41091;;3;2;No inventariada;;9;4;2;;;1;1;1;;;1;998
12;3;18;41;41091;;3;2;No inventariada;;9;7;1;4;;1;3;1;;;1;998
12;3;18;41;41091;;1;1;SE-30;8,1;3;4;2;;;1;4;1;;;1;1
12;1;16;41;41091;;3;2;No inventariada;;9;7;2;;;1;1;1;;;1;998
12;3;8;41;41091;;3;2;No inventariada;;9;4;2;;;1;1;1;;;1;998
12;3;9;41;41091;;3;2;No inventariada;;9;4;2;;;1;1;1;;;9;998
12;3;13;41;41091;;3;2;No inventariada;;9;7;2;;;1;1;1;;;2;998
12;3;20;41;41091;;3;2;No inventariada;;9;3;2;;;1;3;1;;;1;998
12;4;13;41;41091;;3;2;No inventariada;;9;10;1;4;;3;1;2;;;1;998
12;4;13;41;41091;;3;2;No inventariada;;9;3;2;;;9;1;1;;;1;998
12;4;15;41;41091;;3;2;No inventariada;;9;4;2;;;1;1;1;;;1;998
11;7;4;41;41091;;3;2;No inventariada;;9;2;1;2;;1;4;1;;;1;998
12;7;18;41;41091;;3;2;No inventariada;;9;2;1;5;;1;4;1;;;1;998
12;6;15;41;41091;;3;2;No inventariada;;9;2;1;2;;1;1;1;;;1;998
12;3;19;41;41091;;3;2;No inventariada;;9;2;1;4;;1;4;1;;;1;998
12;4;5;41;41091;;3;2;No inventariada;;9;5;2;;;1;4;1;;;1;998
12;4;21;41;41091;;3;2;No inventariada;;9;19;2;;;1;4;1;;;1;998
12;5;1;41;41091;;3;2;No inventariada;;9;6;2;;;1;4;1;;;1;998
12;5;7;41;41091;;3;2;No inventariada;;9;10;1;2;;9;4;2;;;1;998
12;5;0;41;41091;;3;2;No inventariada;;9;2;1;1;;1;1;1;;;1;998
12;5;18;41;41091;;3;2;No inventariada;;9;2;1;4;;1;4;1;;;1;998
12;5;20;41;41091;;3;2;No inventariada;;9;4;2;;;1;4;1;;;1;998
12;5;21;41;41091;;3;2;No inventariada;;9;7;1;1;;1;4;1;;;1;998
12;6;23;41;41091;;3;2;No inventariada;;9;4;1;1;;1;4;1;;;1;998
12;7;3;41;41091;;3;2;No inventariada;;9;10;1;12;;1;5;1;;;1;998
12;7;5;41;41091;;3;2;No inventariada;;9;10;2;;;1;4;1;;;1;998
12;4;19;41;41091;;3;2;No inventariada;;9;2;1;2;;1;4;1;;;1;998
12;5;17;41;41091;;3;2;No inventariada;;9;7;1;2;;1;1;1;;;1;998
12;6;1;41;41091;;3;2;No inventariada;;9;4;1;1;;1;4;1;;;1;998
12;6;6;41;41091;;3;2;No inventariada;;9;1;1;10;;1;4;1;;;1;998
12;6;7;41;41091;;3;2;No inventariada;;9;4;2;;;1;4;1;;;1;998
12;6;15;41;41091;;3;2;No inventariada;;9;10;1;4;;2;1;1;;;1;998
12;6;15;41;41091;;3;2;No inventariada;;9;4;2;;;1;1;1;;;1;998
12;4;21;41;41091;;3;2;No inventariada;;9;7;2;;;1;4;1;;;1;998
12;4;21;41;41091;;3;2;No inventariada;;9;2;2;;;9;4;7;;;18;998
12;5;4;41;41091;;3;2;No inventariada;;9;4;2;;;1;4;1;;;1;998
12;5;12;41;41091;;3;2;No inventariada;;9;7;2;;;1;1;1;;;1;998
12;6;1;41;41091;;3;2;No inventariada;;9;2;1;5;;1;4;1;;;1;998
12;4;13;41;41091;;3;2;No inventariada;;9;2;2;;;1;1;1;;;1;998
12;6;10;41;41091;;3;2;No inventariada;;9;7;2;;;1;1;1;;;6;998
12;6;12;41;41091;;3;2;No inventariada;;9;10;2;;;1;1;1;;;1;998
12;6;21;41;41091;;3;2;No inventariada;;9;10;2;;;1;4;1;;;1;998
12;7;5;41;41091;;3;2;No inventariada;;9;5;1;2;;1;4;1;;;1;998
12;6;14;41;41091;;3;2;No inventariada;;9;4;2;;;1;1;1;;;1;998
12;7;12;41;41091;;1;1;A-92;3,5;3;12;2;;;1;1;1;;;1;1
12;4;17;41;41091;;1;1;A-4;536;3;4;2;;;1;1;1;;;1;1
11;5;17;41;41091;;3;2;No inventariada;;9;2;2;;;1;1;1;;;1;998
12;2;9;41;41091;;3;2;No inventariada;;9;4;1;5;;9;1;1;;;1;998
12;4;8;41;41091;;3;2;No inventariada;;9;1;1;2;;1;4;1;;;1;998
12;5;15;41;41091;;3;2;No inventariada;;9;2;1;5;;1;1;1;;;1;998
12;7;13;41;41091;;3;2;No inventariada;;9;2;1;5;;1;1;1;;;12;998
12;5;19;41;41091;;3;2;No inventariada;;9;5;2;;;1;4;1;;;1;998
12;7;19;41;41091;;3;2;No inventariada;;9;2;1;1;;1;4;1;;;1;998
12;4;13;41;41091;;3;2;No inventariada;;9;7;2;;;1;1;1;;;1;998
12;7;20;41;41091;;3;2;No inventariada;;9;10;2;;;1;4;1;;;1;998
12;5;14;41;41091;;3;2;No inventariada;;9;4;2;;;1;1;1;;;1;998
12;1;10;41;41091;;3;2;No inventariada;;9;4;1;4;;1;1;1;;;1;998
12;5;14;41;41091;;3;2;No inventariada;;9;4;1;1;;1;1;1;;;1;998
12;1;14;41;41091;;3;2;No inventariada;;9;4;2;;;1;1;1;;;1;998
12;5;13;41;41091;;3;2;No inventariada;;9;7;2;;;1;1;1;;;1;998
12;1;18;41;41091;;3;2;No inventariada;;9;2;1;1;;1;1;1;;;1;998
12;1;19;41;41091;;3;2;No inventariada;;9;3;1;5;;1;4;1;;;1;998
12;6;13;41;41091;;3;2;No inventariada;;9;10;1;5;;1;1;1;;;1;998
12;1;11;41;41091;;3;2;No inventariada;;9;7;1;2;;1;1;1;;;6;998
12;2;7;41;41091;;3;2;No inventariada;;9;4;2;;;1;1;1;;;1;998
12;6;19;41;41091;;3;2;No inventariada;;9;2;1;2;;1;4;1;;;1;998
12;7;13;41;41091;;3;2;No inventariada;;9;4;2;;;1;1;1;;;1;998
12;2;19;41;41091;;3;2;No inventariada;;9;1;2;;;1;6;1;;;1;998
12;7;3;41;41091;;3;2;No inventariada;;9;2;1;5;;1;4;1;;;1;998
12;3;11;41;41091;;3;2;No inventariada;;9;6;1;1;;1;1;1;;;1;998
12;3;15;41;41091;;3;2;No inventariada;;9;10;2;;;1;1;1;;;1;998
12;3;17;41;41091;;3;2;No inventariada;;9;2;1;2;;1;1;1;;;1;998
12;3;18;41;41091;;3;2;No inventariada;;9;4;1;2;;1;1;1;;;1;998
12;1;11;41;41091;;3;2;No inventariada;;9;2;1;2;;1;1;1;;;1;998
12;3;8;41;41091;;3;2;No inventariada;;9;4;2;;;1;3;1;;;1;998
12;3;11;41;41091;;3;2;No inventariada;;9;3;2;;;1;1;1;;;1;998
12;4;15;41;41091;;3;2;No inventariada;;9;4;2;;;1;1;1;;;1;998
12;4;23;41;41091;;3;2;No inventariada;;9;2;1;1;;1;4;1;;;1;998
12;3;17;41;41091;;3;2;No inventariada;;9;4;1;2;;3;1;1;;;1;998
12;4;0;41;41091;;3;2;No inventariada;;9;2;2;;;1;4;1;;;1;998
12;4;9;41;41091;;3;2;No inventariada;;9;7;1;1;;1;1;1;;;1;998
11;4;13;41;41091;;3;2;No inventariada;;9;4;2;;;1;1;1;;;2;998
12;4;21;41;41091;;3;2;No inventariada;;9;2;2;;;1;1;1;;;1;998
12;4;14;41;41091;;3;2;No inventariada;;9;2;1;1;;1;1;1;;;1;998
12;4;17;41;41091;;3;2;No inventariada;;9;3;2;;;1;1;1;;;1;998
12;3;15;41;41091;;3;2;No inventariada;;9;2;1;4;;1;1;1;;;1;998
11;5;20;41;41091;;3;2;No inventariada;;9;10;2;;;1;4;1;;;1;998
12;2;11;41;41091;;3;2;No inventariada;;9;4;2;;;1;1;1;;;1;998
12;1;0;41;41091;;3;2;No inventariada;;9;2;1;1;;1;4;1;;;1;998
12;3;0;41;41091;;3;2;No inventariada;;9;20;1;5;;1;4;1;;;1;998
12;4;16;41;41091;;3;2;No inventariada;;9;4;1;4;;1;1;1;;;1;998
12;4;13;41;41091;;3;2;No inventariada;;9;20;2;;;1;1;1;;;1;998
12;1;9;41;41091;;3;2;No inventariada;;9;7;2;;;1;1;1;;;1;998
12;5;19;41;41091;;3;2;No inventariada;;9;6;2;;;4;4;1;;;1;998
12;2;9;41;41091;;3;2;No inventariada;;9;4;2;;;1;1;1;;;1;998
12;3;8;41;41091;;3;2;No inventariada;;9;3;2;;;1;1;1;;;1;998
12;4;7;41;41091;;3;2;No inventariada;;9;1;2;;;1;3;1;;;1;998
12;4;8;41;41091;;3;2;No inventariada;;9;4;2;;;1;1;1;;;1;998
12;4;13;41;41091;;3;2;No inventariada;;9;10;2;;;3;1;2;;;1;998
12;4;15;41;41091;;3;2;No inventariada;;9;7;1;2;;1;1;1;;;1;998
12;4;19;41;41091;;3;2;No inventariada;;9;7;2;;;1;2;1;;;2;998
12;5;10;41;41091;;3;2;No inventariada;;9;7;2;;;1;1;1;;;6;998
12;5;19;41;41091;;3;2;No inventariada;;9;7;1;2;;1;4;1;;;1;998
12;5;20;41;41091;;3;2;No inventariada;;9;2;1;2;;1;3;1;;;1;998
12;6;14;41;41091;;3;2;No inventariada;;9;10;1;2;;1;1;1;;;1;998
12;6;15;41;41091;;3;2;No inventariada;;9;7;2;;;1;1;1;;;1;998
12;6;16;41;41091;;3;2;No inventariada;;9;2;1;1;;1;1;1;;;1;998
12;6;17;41;41091;;3;2;No inventariada;;9;4;1;4;;1;1;1;;;1;998
12;7;14;41;41091;;1;1;A-8008;2,57;6;2;1;2;SE-3102;1;1;1;;;1;1
12;7;21;41;41091;;3;2;No inventariada;;9;7;1;2;;1;3;1;;;2;998
12;7;14;41;41091;;3;2;No inventariada;;9;2;1;4;;1;1;1;;;1;998
12;4;0;41;41091;;3;2;No inventariada;;9;7;1;4;;1;4;1;;;1;998
12;3;16;41;41091;;3;2;No inventariada;;9;7;2;;;1;1;1;;;1;998
12;4;13;41;41091;;3;2;No inventariada;;9;2;1;2;;1;1;1;;;2;998
12;7;1;41;41091;;3;2;No inventariada;;9;19;1;2;;1;4;1;;;1;998
12;7;11;41;41091;;3;2;No inventariada;;9;4;2;;;1;1;1;;;1;998
12;7;15;41;41091;;3;2;No inventariada;;9;4;1;5;;1;1;1;;;1;998
12;7;14;41;41091;;3;2;No inventariada;;9;2;2;;;1;1;1;;;1;998
12;7;18;41;41091;;3;2;No inventariada;;9;5;1;2;;1;1;1;;;8;998
12;2;13;41;41091;;3;2;No inventariada;;9;4;2;;;1;1;1;;;1;998
12;3;14;41;41091;;3;2;No inventariada;;9;4;2;;;1;1;1;;;1;998
12;7;1;41;41091;;3;2;No inventariada;;9;2;2;;;1;3;1;;;1;998
12;4;9;41;41091;;3;2;No inventariada;;9;2;1;1;;1;1;1;;;1;998
12;7;3;41;41091;;3;2;No inventariada;;9;6;2;;;1;4;1;;;1;998
12;7;5;41;41091;;3;2;No inventariada;;9;2;1;5;;1;3;1;;;1;998
12;2;18;41;41091;;3;2;No inventariada;;9;4;1;2;;1;4;1;;;1;998
12;7;12;41;41091;;3;2;No inventariada;;9;6;2;;;1;1;1;;;1;998
12;2;9;41;41091;;3;2;No inventariada;;9;4;1;1;;1;1;1;;;1;998
12;7;13;41;41091;;3;2;No inventariada;;9;2;1;4;;1;1;1;;;1;998
12;1;16;41;41091;;3;2;No inventariada;;9;7;2;;;1;1;1;;;1;998
12;1;17;41;41091;;3;2;No inventariada;;9;2;2;;;1;1;1;;;1;998
12;1;20;41;41091;;3;2;No inventariada;;9;4;2;;;1;4;1;;;1;998
1;3;18;41;41024;;1;1;SE-3201;21,579;6;14;2;;;3;6;3;;;1;2
2;3;18;41;41023;;1;1;SE-4101;2,2;6;3;1;2;;1;1;1;;;1;1
3;4;15;41;41024;;1;1;SE-3105;6,5;6;1;2;;;3;1;3;;;1;1
6;1;7;41;41099;;1;1;SE-4100;2,522;6;4;2;;;1;1;1;;;4;3
8;7;11;41;41092;;1;1;SE-4100;3,9;6;10;2;;;1;1;1;;;1;1
8;5;11;41;41092;;1;1;A-8005;27,38;6;2;2;;;1;1;1;;;1;1
10;1;17;41;41024;;1;1;SE-3201;22,1;6;19;2;;;3;1;3;;;1;2
10;3;17;41;41023;;1;1;A-8005;26,512;6;19;1;4;A-8005;2;1;3;;;1;2
11;7;10;41;41024;;1;1;SE-3201;21,034;6;19;2;;;3;1;3;;;1;2
12;2;15;41;41099;;1;1;SE-4100;1,603;6;4;2;;;1;1;1;;;1;1
3;1;10;41;41093;;3;2;No inventariada;;9;2;1;1;;9;1;7;;;18;998
2;4;11;41;41093;;3;2;No inventariada;;9;19;1;1;;1;1;7;;;18;998
3;5;20;41;41093;;3;2;No inventariada;;9;7;1;1;;3;4;4;;;18;998
1;6;19;41;41093;;3;2;No inventariada;;9;7;1;1;;1;1;1;;;18;998
2;1;8;41;41093;;3;2;No inventariada;;9;2;1;1;;9;1;7;;;18;998
4;1;18;41;41093;;3;2;No inventariada;;14;10;1;4;;7;2;1;;;18;998
5;3;20;41;41021;;1;1;SE-30;16,138;3;4;2;;;1;1;1;;;1;1
5;6;18;41;41093;;1;1;SE-30;15,602;3;12;2;;;1;1;1;;;1;2
5;1;9;41;41093;;3;2;No inventariada;;9;10;2;;;3;2;2;;;1;998
5;2;11;41;41093;;3;2;No inventariada;;14;3;1;4;;1;1;7;;;18;998
4;7;14;41;41093;;3;2;No inventariada;;9;4;2;;;1;1;1;;;18;998
5;3;7;41;41029;;1;1;A-49;2,654;3;3;2;;;1;1;1;;;1;1
6;1;15;41;41093;;3;2;No inventariada;;9;4;1;4;;9;1;7;;;18;998
7;7;20;41;41021;;1;1;A-49;1,8;3;4;2;;;1;1;1;;;1;1
7;5;12;41;41093;;3;2;No inventariada;;9;2;2;;;1;1;1;;;1;998
7;5;20;41;41093;;3;2;No inventariada;;9;2;1;2;;1;1;1;;;1;998
7;2;20;41;41093;;3;2;No inventariada;;9;4;1;4;;1;1;1;;;1;998
7;3;21;41;41093;;3;2;No inventariada;;9;2;2;;;1;1;1;;;1;998
7;1;13;41;41093;;3;2;No inventariada;;9;10;1;4;;1;1;1;;;1;998
8;3;12;41;41093;;3;2;No inventariada;;14;7;2;;;1;1;1;;;1;998
8;4;16;41;41093;;3;2;No inventariada;;9;10;1;4;;7;1;1;;;1;998
8;6;12;41;41093;;3;2;No inventariada;;9;1;2;;;1;1;1;;;1;998
8;6;19;41;41093;;3;2;No inventariada;;14;2;1;4;;1;1;1;;;1;998
9;3;18;41;41093;;3;2;No inventariada;;14;20;1;4;;1;2;7;;;18;998
8;2;10;41;41093;;3;2;No inventariada;;9;7;1;4;;1;1;1;;;18;998
9;7;10;41;41093;;3;2;No inventariada;;14;2;1;4;;1;1;1;;;1;998
9;3;7;41;41093;;3;2;No inventariada;;9;2;1;4;;1;3;2;;;1;998
9;3;14;41;41093;;3;2;No inventariada;;9;10;2;;;7;1;1;;;1;998
9;1;8;41;41093;;3;2;No inventariada;;9;7;2;;;1;1;1;;;1;998
10;3;9;41;41021;;1;1;A-49;2;3;10;2;;;3;1;3;;;5;4
10;6;3;41;41093;;3;2;No inventariada;;9;5;2;;;3;4;4;;;5;998
10;7;17;41;41029;;1;1;A-49;2,4;3;5;2;;;1;1;1;;;1;1
11;6;3;41;41093;;1;1;SE-30;15,498;3;17;2;;;1;4;1;;;1;1
11;4;21;41;41093;;3;2;No inventariada;;14;4;1;4;;1;4;1;;;18;998
11;2;13;41;41093;;3;2;No inventariada;;9;2;1;1;;1;1;1;;;1;998
11;4;8;41;41093;;1;1;SE-30;15,583;3;4;2;;;1;1;1;;;1;1
11;2;10;41;41093;;3;2;No inventariada;;14;2;1;4;;1;1;1;;;1;998
3;1;23;41;41094;;3;2;No inventariada;;9;12;2;;;1;4;1;;;1;998
7;2;8;41;41094;;1;1;A-49;14;3;4;2;;;1;1;1;;;1;1
9;5;3;41;41094;;3;2;No inventariada;;14;16;2;;;8;6;1;;;18;998
11;1;17;41;41016;;1;1;A-8059;2,806;6;2;1;4;A-8059;1;1;1;;;1;1
1;2;14;41;41095;;3;2;No inventariada;;14;2;1;4;;1;1;1;;;1;998
1;1;7;41;41095;;1;1;A-362;4,5;6;3;1;2;;1;6;1;;;1;1
1;6;13;41;41095;;3;2;No inventariada;;9;2;1;8;;1;1;1;;;1;998
2;7;5;41;41095;;1;1;A-394;32;6;18;2;;;1;6;1;;;1;1
2;2;7;41;41095;;1;1;A-362;3,35;6;2;1;2;A-362;3;6;3;1;;1;1
2;6;11;41;41095;;3;2;No inventariada;;9;2;1;4;;1;1;1;;;1;998
2;5;11;41;41095;;3;2;No inventariada;;9;7;2;;;1;1;1;;;1;998
2;3;12;41;41095;;3;2;No inventariada;;9;7;1;4;;1;1;1;;;6;998
1;5;12;41;41095;;3;2;No inventariada;;9;7;2;;;1;1;1;;;1;998
3;5;13;41;41095;;3;2;No inventariada;;9;2;1;2;;1;1;1;;;1;998
2;7;22;41;41095;;3;2;No inventariada;;14;10;1;2;;1;4;1;;;1;998
3;3;6;41;41095;;1;1;A-375;3,153;6;4;2;;;1;6;1;;;1;1
2;3;14;41;41095;;3;2;No inventariada;;9;2;1;2;;1;1;1;;;1;998
3;6;12;41;41095;;1;1;A-376;20,8;7;10;2;;;1;1;1;;;1;2
2;1;11;41;41095;;3;2;No inventariada;;9;2;1;1;;1;1;1;;;1;998
3;5;11;41;41095;;1;1;A-376;23,2;3;2;1;4;;1;1;2;;;1;1
3;6;23;41;41095;;3;2;No inventariada;;9;7;2;;;1;4;1;;;1;998
4;7;18;41;41095;;1;1;A-8034;1,7;6;19;2;;;1;1;1;;;1;1
4;3;16;41;41095;;1;1;A-8128;2,2;6;18;2;;;1;1;1;;;1;1
1;3;17;41;41095;;3;2;No inventariada;;9;7;2;;;1;1;1;;;1;998
4;2;20;41;41095;;3;2;No inventariada;;9;2;1;1;;1;1;1;;;1;998
4;5;21;41;41095;;3;2;No inventariada;;9;3;2;;;1;3;1;;;1;998
4;5;10;41;41095;;1;1;A-8029;4,5;6;18;2;;;1;1;1;;;1;1
4;6;18;41;41095;;3;2;No inventariada;;9;10;1;4;;1;1;1;;;1;998
4;5;15;41;41095;;3;2;No inventariada;;9;4;2;;;1;1;1;;;1;998
4;1;18;41;41095;;1;1;No inventariada;582;10;13;1;2;;2;1;1;;;1;3
4;2;7;41;41095;;1;1;A-375;4,1;6;5;2;;;1;1;1;;;1;1
5;4;7;41;41095;;1;1;A-362;2,5;6;9;2;;;1;1;1;;;1;2
5;7;12;41;41095;;1;1;AP-4;34,9;2;5;2;;;1;1;1;;;1;2
4;1;11;41;41095;;3;2;No inventariada;;9;10;1;1;;1;1;1;;;1;998
5;4;8;41;41095;;3;2;No inventariada;;9;2;2;;;1;1;1;;;1;998
5;1;12;41;41095;;3;2;No inventariada;;9;10;1;1;;1;1;1;;;1;998
5;7;18;41;0;;1;1;A-375;6,3;6;1;2;;;1;1;1;;;1;2
5;4;17;41;41095;;3;2;No inventariada;;9;20;2;;;1;1;1;;;1;998
5;1;18;41;41095;;1;1;A-8029;3,72;6;15;2;;;1;1;1;;;1;1
5;7;6;41;41095;;3;2;No inventariada;;9;12;2;;;1;3;1;;;1;998
5;3;12;41;41095;;3;2;No inventariada;;9;2;1;4;;1;1;1;;;1;998
5;5;14;41;41095;;1;1;A-394;20;6;5;2;;;1;1;1;;;1;1
6;2;13;41;41095;;3;2;No inventariada;;9;7;2;;;1;1;1;;;1;998
6;2;15;41;41095;;3;2;No inventariada;;9;16;2;;;1;1;1;;;1;998
6;4;13;41;41095;;1;1;A-394;26,1;6;3;2;;;1;1;1;;;1;1
6;4;17;41;41095;;1;1;A-394;32,6;6;4;2;;;1;1;1;;;1;1
6;5;9;41;41095;;3;2;No inventariada;;9;7;2;;;1;1;1;;;1;998
6;6;12;41;41095;;3;2;No inventariada;;9;2;2;;;1;1;1;;;1;998
6;3;21;41;41095;;3;2;No inventariada;;9;2;2;;;1;1;1;;;1;998
6;2;10;41;41095;;3;2;No inventariada;;9;4;2;;;1;1;1;;;1;998
7;5;2;41;41095;;3;2;No inventariada;;9;10;1;4;;1;4;1;;;1;998
7;5;15;41;41095;;3;2;No inventariada;;9;16;2;;;1;1;1;;;1;998
7;7;7;41;41095;;3;2;No inventariada;;13;1;2;;;1;1;1;;;1;998
7;1;10;41;41095;;3;2;No inventariada;;9;4;1;4;A-376a;1;1;1;;;1;998
7;2;15;41;41095;;3;2;No inventariada;;9;1;2;;;1;1;1;;;1;998
7;2;21;41;41095;;3;2;No inventariada;;9;10;1;4;;1;1;1;;;1;998
8;1;12;41;41095;;1;1;A-471;3,045;6;1;2;;;1;1;1;;;1;1
8;3;12;41;41095;;1;1;AP-4;34,999;2;12;2;;;1;1;1;;;1;1
8;3;9;41;41095;;3;2;No inventariada;;14;2;1;4;;1;1;1;;;1;998
8;7;10;41;41095;;3;2;No inventariada;;9;2;2;;;1;1;1;;;1;998
8;2;8;41;41095;;3;2;No inventariada;;9;2;1;4;;1;1;1;;;1;998
8;5;19;41;41095;;3;2;No inventariada;;9;10;1;4;;1;1;1;;;1;998
8;1;9;41;41095;;3;2;No inventariada;;9;4;2;;;1;1;1;;;1;998
8;1;19;41;41095;;3;2;No inventariada;;9;15;2;;;1;1;1;;;1;998
8;4;13;41;41069;;1;1;AP-4;33,623;2;4;2;;;1;1;1;;;1;1
9;3;22;41;41095;;1;1;A-8100;35,6;6;15;2;;;1;6;1;;;1;2
9;6;4;41;41004;;1;1;A-376;16,518;3;4;2;;;1;6;1;;;1;1
9;1;11;41;41095;;1;1;A-362;1,516;6;4;2;;;1;1;1;;;1;1
8;4;19;41;41095;;3;2;No inventariada;;9;20;2;;;1;1;1;;;1;998
8;1;11;41;41095;;3;2;No inventariada;;9;2;1;1;;1;1;1;;;1;998
9;3;16;41;41095;;3;2;No inventariada;;9;20;2;;;1;1;1;;;1;998
9;4;22;41;41095;;3;2;No inventariada;;9;7;2;;;2;4;1;;;18;998
9;1;16;41;41095;;3;2;No inventariada;;9;2;2;;;1;1;1;;;18;998
9;7;19;41;41095;;3;2;No inventariada;;9;7;2;;;1;1;1;;;1;998
9;1;20;41;41095;;3;2;No inventariada;;9;7;2;;;1;1;1;;;1;998
9;6;12;41;41095;;1;1;A-371;15;6;5;2;;;1;1;1;;;1;2
8;5;13;41;41095;;3;2;No inventariada;;14;10;1;4;;8;1;1;;;1;998
10;2;9;41;41095;;1;1;A-362;3;6;3;2;;;1;1;2;;;1;1
9;7;21;41;41095;;3;2;No inventariada;;9;2;1;4;;1;3;1;;;1;998
9;6;3;41;41095;;1;1;A-371;13,3;6;14;2;;;3;6;2;;;1;2
10;1;5;41;41095;;1;1;A-394;31,7;6;1;2;;;1;6;1;;;1;3
9;2;21;41;41095;;3;2;No inventariada;;9;2;1;1;;1;4;1;;;1;998
9;3;18;41;41095;;3;2;No inventariada;;9;2;1;1;;1;1;1;;;1;998
9;6;12;41;41095;;3;2;No inventariada;;9;7;1;1;;1;1;1;;;6;998
10;7;14;41;41095;;3;2;No inventariada;;9;20;2;;;1;1;1;;;1;998
9;3;11;41;41095;;3;2;No inventariada;;9;2;1;4;;1;1;1;;;1;998