MES;DIA_SEMANA;HORA;COD_PROVINCIA;COD_MUNICIPIO;ISLA;ZONA;ZONA_AGRUPADA;CARRETERA;KM;TIPO_VIA;TIPO_ACCIDENTE;NUDO;NUDO_INFO;CARRETERA_CRUCE;CONDICION_FIRME;CONDICION_ILUMINACION;CONDICION_METEO;CONDICION_NIEBLA;CONDICION_VIENTO;VISIB_RESTRINGIDA_POR;TRAZADO_PLANTA
10;5;12;41;41095;;3;2;No inventariada;;9;3;1;4;;1;1;1;;;1;998
10;7;12;41;41095;;1;1;A-376;23,8;3;3;1;4;A-376;1;1;1;;;1;3
10;6;11;41;41095;;1;1;A-375;4;6;18;2;;;1;1;1;;;1;1
10;1;20;41;41095;;3;2;No inventariada;;9;7;2;;;3;3;4;;;1;998
10;3;8;41;0;;1;1;A-375;9,6;6;1;2;;;3;1;4;;;1;1
10;2;19;41;41095;;3;2;No inventariada;;9;16;1;4;;1;4;1;;;1;998
11;1;9;41;41095;;3;2;No inventariada;;9;4;2;;;1;1;1;;;1;998
11;4;20;41;41095;;3;2;No inventariada;;9;20;2;;;1;3;1;;;1;998
11;4;17;41;41095;;3;2;No inventariada;;9;2;1;1;;1;1;1;;;18;998
11;6;19;41;41095;;1;1;A-375;3,5;6;19;2;;;1;6;1;;;1;1
11;3;5;41;41095;;3;2;No inventariada;;9;2;1;1;;1;4;1;;;1;998
11;3;13;41;41095;;3;2;No inventariada;;9;10;2;;;1;1;1;;;1;998
11;4;18;41;41095;;3;2;No inventariada;;9;7;2;;;1;4;1;;;1;998
11;3;7;41;41095;;1;1;A-376;23,819;3;2;1;4;;1;4;1;1;;1;4
11;4;14;41;41095;;1;1;A-376;23,2;3;3;1;4;;1;1;1;;;1;2
11;7;19;41;41095;;3;2;No inventariada;;9;14;1;6;;1;3;1;;;1;998
11;3;10;41;41095;;3;2;No inventariada;;9;7;2;;;1;1;1;;;1;998
11;5;15;41;41095;;3;2;No inventariada;;9;2;1;1;;1;1;1;;;1;998
12;2;17;41;41095;;1;1;A-8034;0,875;6;2;1;4;;1;3;1;;;6;2
12;2;19;41;41095;;1;1;A-376;23,826;3;2;1;4;A-376;1;4;1;;;1;1
11;5;15;41;41095;;3;2;No inventariada;;14;1;2;;;1;1;1;;;1;998
12;2;17;41;41095;;3;2;No inventariada;;9;7;2;;;1;1;1;;;1;998
12;1;11;41;41095;;1;1;A-375;14,263;6;4;2;;;1;1;1;;;1;1
1;6;18;41;41096;;1;1;A-8077;3,585;6;19;2;;;1;2;1;;;6;1
2;4;13;41;41096;;1;1;N-630;808,75;6;7;1;12;A-66;1;1;1;;;1;1
3;4;7;41;41096;;1;1;A-8077;3,9;6;2;1;4;A-8062;1;4;1;;;1;4
3;1;13;41;41096;;1;1;A-8077;4,6;6;17;2;;;1;1;1;;;1;1
7;4;18;41;41096;;1;1;A-8077;2,959;6;4;1;2;;1;1;1;;;1;1
7;5;6;41;41096;;1;1;A-8077;4,155;6;8;2;;;1;6;1;;;12;1
8;3;15;41;41096;;1;1;A-8077;3,886;6;2;1;4;;1;1;1;;;1;1
9;7;5;41;41096;;1;1;SE-3407;0,7;6;1;2;;;1;6;2;;;5;1
11;7;20;41;41096;;1;1;A-8077;4;6;2;1;4;A-8062;1;4;1;;;1;1
1;3;17;41;0;;1;1;A-8060;4,5;6;4;1;4;;1;2;1;;;1;1
5;1;0;41;0;;1;1;FRESAS;0,5;4;15;2;;;1;6;1;;;1;1
10;6;7;41;0;;1;1;A-8060;5,7;6;2;1;1;;1;6;1;;;1;1
2;5;15;41;41098;;1;1;A-8075;3,129;6;10;2;;;1;1;1;;;1;1
1;3;16;41;41099;;1;1;A-436;19,95;6;2;1;2;;1;1;1;;;12;1
2;7;10;41;41099;;1;1;A-436;19,4;6;4;2;;;1;1;1;;;1;1
4;1;14;41;41099;;1;1;SE-4100;1,172;6;1;2;;;1;1;1;;;1;1
6;5;21;41;41099;;1;1;A-436;17,7;6;4;2;;;1;5;1;;;1;1
8;5;21;41;41099;;1;1;A-436;15,904;6;19;2;;;1;6;1;;;1;1
9;3;14;41;41099;;3;2;No inventariada;;9;12;1;2;;1;1;1;;;1;998
10;1;18;41;41099;;1;1;SE-4100;0,95;6;4;2;;;1;2;1;;;5;1
11;7;15;41;41033;;1;1;SE-6100;6,1;6;19;2;;;1;1;2;;;1;2
11;1;14;41;41099;;1;1;SE-4100;3,05;6;4;2;;;2;1;2;;;1;2
12;5;23;41;41099;;1;1;A-436;16,4;6;18;2;;;1;6;1;;;1;2
9;7;6;41;0;;1;1;A-406;31,914;6;18;2;;;1;1;1;;;1;1
3;6;17;41;41101;;1;1;A-462;2,114;6;13;2;;;3;1;3;;;1;2
3;3;13;41;41101;;1;1;A-436;1,5;6;5;1;2;;1;1;1;;;1;1
3;7;1;41;41101;;1;1;A-8006;0,5;6;12;2;;;1;6;1;;;1;2
4;5;11;41;41101;;1;1;A-460;19,102;6;3;2;;;1;1;1;;;1;2
7;6;11;41;41101;;1;1;A-462;2,3;6;4;2;;;1;1;1;;;1;2
10;1;21;41;41101;;3;2;No inventariada;;9;2;;;;1;4;7;;;999;998
10;3;10;41;41101;;3;2;No inventariada;;9;2;1;4;;1;1;1;;;1;998
10;4;12;41;41101;;3;2;No inventariada;;9;;2;;;999;999;999;;;999;998
11;6;16;41;41101;;1;1;A-436;1,2;6;1;2;;;1;1;1;;;1;1
1;3;8;41;41058;;1;1;A-398;8,532;5;2;1;4;A-8025;3;3;3;;;1;1
1;6;10;41;41102;;3;2;No inventariada;;9;16;1;2;;1;1;1;;;1;998
1;3;15;41;41102;;3;2;No inventariada;;9;2;1;1;;1;1;1;;;18;998
3;1;4;41;41102;;1;1;SE-3201;2,102;6;4;2;;;1;6;1;;;1;1
2;6;23;41;41102;;3;2;No inventariada;;9;2;1;4;;1;4;1;;;1;998
2;5;10;41;41102;;3;2;No inventariada;;9;2;2;;;1;1;1;;;1;998
3;2;23;41;41102;;1;1;SE-3201;0,5;6;19;2;;;1;5;1;;;1;1
3;5;15;41;41102;;1;1;A-398;10;5;4;2;;;1;1;1;;;17;1
2;1;13;41;41102;;3;2;No inventariada;;9;7;2;;;1;1;1;;;1;998
3;6;22;41;41102;;3;2;No inventariada;;9;1;1;2;;1;4;1;;;12;998
5;7;0;41;41102;;3;2;No inventariada;;9;10;2;;;1;4;1;;;1;998
6;6;20;41;41102;;3;2;No inventariada;;9;10;2;;;1;1;1;;;1;998
6;1;19;41;41102;;1;1;A-398;14;5;1;1;4;SE-3201;1;1;1;;;1;1
7;2;20;41;41102;;3;2;No inventariada;;9;7;1;4;;1;1;1;;;1;998
7;3;22;41;41102;;1;1;SE-3201;1,4;6;1;2;;;1;6;1;;;1;1
8;7;11;41;41102;;1;1;A-398;11,1;5;2;1;4;;8;1;1;;;1;1
6;4;20;41;41102;;3;2;No inventariada;;9;7;1;2;;1;1;1;;;9;998
6;4;9;41;41102;;3;2;No inventariada;;9;10;2;;;1;1;1;;;1;998
7;1;19;41;41102;;3;2;No inventariada;;9;4;2;;;1;1;1;;;1;998
7;4;22;41;41102;;3;2;No inventariada;;9;2;1;1;;1;4;1;;;1;998
7;7;18;41;41102;;3;2;No inventariada;;9;2;1;2;;1;1;1;;;1;998
7;4;6;41;41102;;3;2;No inventariada;;9;10;1;2;;1;4;1;;;1;998
7;6;12;41;41102;;3;2;No inventariada;;9;2;1;1;;1;1;1;;;1;998
7;7;20;41;41102;;1;1;SE-3201;1;6;4;2;;;1;1;1;;;1;1
9;5;13;41;41102;;1;1;A-398;11,8;5;19;1;4;;1;1;1;;;1;3
9;1;19;41;41102;;1;1;A-398;11,172;5;10;2;;;8;1;7;;;18;2
11;1;7;41;41102;;1;1;A-398;11,795;5;2;1;4;SE-3201;1;3;1;;;1;1
9;7;6;41;41102;;3;2;No inventariada;;9;2;1;1;;1;4;1;;;1;998
9;7;21;41;41102;;3;2;No inventariada;;9;4;2;;;1;4;1;;;1;998
10;4;15;41;41102;;3;2;No inventariada;;9;7;2;;;1;1;1;;;1;998
11;2;19;41;41102;;3;2;No inventariada;;9;2;1;2;;1;4;1;;;1;998
12;7;22;41;41024;;1;1;SE-3201;5,78;6;14;2;;;1;6;1;;;1;1
11;2;19;41;41102;;3;2;No inventariada;;9;7;1;4;;1;4;1;;;1;998
12;4;22;41;41102;;3;2;No inventariada;;9;10;2;;;1;4;1;;;1;998
3;7;13;41;41902;;1;1;A-8053;12,35;6;1;2;;;1;1;1;;;1;1
4;5;22;41;41902;;3;2;No inventariada;;9;7;2;;;1;4;1;;;9;998
6;7;20;41;41902;;3;2;No inventariada;;11;7;2;;;1;1;1;;;18;998
11;6;10;41;41902;;3;2;No inventariada;;9;3;2;;;1;1;2;1;;5;998
12;5;21;41;41902;;3;2;No inventariada;;9;3;2;;;1;4;1;;;5;998
2;4;19;41;41903;;3;2;No inventariada;;9;2;1;1;;1;2;1;;;18;998
2;2;11;41;41903;;3;2;No inventariada;;7;6;2;;;2;1;1;;;1;998
4;7;20;41;41903;;3;2;No inventariada;;14;4;2;;;1;2;1;;;6;998
6;7;8;41;41903;;2;2;N-4;616,021;6;4;1;1;;1;1;2;;;1;1
6;1;20;41;41903;;1;1;AP-4;57,885;2;19;2;;;1;3;1;;;1;1
5;3;20;41;41903;;3;2;No inventariada;;9;7;2;;;1;2;1;;;1;998
7;5;10;41;41903;;1;1;N-4;612,06;6;2;2;;;1;1;1;;;1;1
10;4;21;41;41903;;3;2;No inventariada;;9;3;1;1;;1;4;1;;;18;998
12;5;15;41;41903;;1;1;N-4;615;6;4;2;;;1;1;1;;;18;1
12;7;1;41;41903;;3;2;No inventariada;;9;5;2;;;1;4;1;;;1;998
12;7;6;41;41903;;1;1;N-4;615,2;6;7;1;2;;1;4;1;;;1;1
11;7;20;41;0;;1;1;A-394;32,8;6;16;2;;;1;6;1;;;1;2
8;5;19;42;0;;1;1;A-15;21,171;3;12;2;;;3;1;4;;;1;1
3;1;7;42;0;;1;1;CL-101;4,71;6;16;2;;;1;1;1;;;1;1
3;5;12;42;0;;1;1;CL-101;5;6;1;2;;;3;1;3;;;1;2
8;4;13;42;0;;1;1;CL-101;6,326;6;14;2;;;1;1;1;;;1;3
9;3;16;42;0;;1;1;CL-101;6,7;6;14;2;;;1;1;1;;;1;1
10;4;18;42;0;;1;1;CL-101;3,85;6;19;2;;;1;6;1;;;1;2
12;1;9;42;0;;3;2;No inventariada;;9;7;1;1;;1;1;1;;;9;998
9;7;14;42;0;;1;1;N-122;148,019;6;3;1;2;;1;1;1;;;1;1
3;4;13;42;0;;1;1;SO-P-5004;18,2;5;15;2;;;1;1;1;;;1;2
4;7;15;42;0;;1;1;A-15;15,05;3;18;2;;;1;1;1;;;1;1
9;5;17;42;0;;1;1;A-15;15;3;4;2;;;1;1;1;;;1;1
3;5;14;42;0;;1;1;N-122;142,18;6;18;2;;;1;1;2;;;1;1
5;4;9;42;0;;1;1;SO-340;4,6;6;15;2;;;1;6;1;;;1;2
5;6;5;42;42020;;3;2;No inventariada;;14;12;2;;;1;4;1;;;1;998
7;1;16;42;42020;;1;1;CL-116;43,8;6;15;2;;;1;6;1;;;1;1
8;3;19;42;0;;1;1;CMINO ESTE;2;14;19;2;;;2;1;1;;1;12;3
12;7;17;42;0;;1;1;N-234;320,55;6;19;2;;;1;1;1;;;1;1
4;3;11;42;0;;1;1;N-122;135,5;6;18;2;;;1;1;1;;;1;2
5;1;14;42;0;;1;1;N-122;136,3;6;18;2;;;1;1;1;;;1;1
7;2;13;42;0;;1;1;N-122;139,071;6;2;2;;;1;1;1;;;1;1
8;2;11;42;0;;1;1;SO-P-3008;18,5;10;19;2;;;2;1;1;;;1;3
8;6;4;42;0;;1;1;N-2;164,8;5;15;2;;;1;6;1;;;1;2
10;3;21;42;0;;1;1;A-2;159,327;3;4;2;;;3;6;2;;1;1;1
9;7;3;42;0;;1;1;CL-116;23,862;6;19;2;;;1;6;1;;;1;1
12;7;7;42;0;;1;1;CL-101;35,4;6;18;2;;;1;6;1;;;1;3
2;4;16;42;42043;;1;1;SO-920;0,216;6;7;2;;;1;1;1;;;6;1
6;4;14;42;42043;;1;1;CL-116;4,15;6;18;2;;;1;1;1;;;1;1
6;5;18;42;42043;;3;2;No inventariada;;13;19;2;;;1;1;1;;;1;998
6;7;12;42;42043;;1;1;N-122;206,5;6;18;2;;;1;1;1;;;1;1
10;4;15;42;42043;;1;1;A-11;53,95;3;12;2;;;3;1;3;;;1;2
4;5;22;42;0;;1;1;N-234;384,185;6;12;2;;;1;6;1;;;1;1
3;6;8;42;0;;1;1;N-122;139,2;6;4;2;;;3;1;2;;;1;1
4;4;9;42;0;;1;1;SO-920;25,931;6;16;2;;;1;1;1;;;12;2
7;4;14;42;0;;1;1;SO-630;40,8;6;19;2;;;1;1;1;;;1;3
5;6;18;42;0;;1;1;MONTE_P1;0;14;6;2;;;2;1;3;;;1;4
4;1;8;42;0;;1;1;N-234;374,1;6;18;2;;;1;2;1;;;1;1
12;7;10;42;0;;1;1;CL-116;55,1;6;4;2;;;1;1;1;;;1;1
10;1;15;42;0;;1;1;CL-117;46,48;6;3;2;;;1;1;1;;;1;3
3;6;11;42;0;;1;1;DESCONOCID;13,28;10;15;2;;;1;1;1;;;18;3
8;6;18;42;0;;1;1;SO-615;18,55;6;19;2;;;1;1;1;;;1;2
11;5;18;42;0;;1;1;SO-100;36,892;6;18;2;;;1;6;1;;;1;2
1;7;17;42;0;;1;1;SO-P-4094;0,7;6;16;2;;;1;1;1;;;6;1
6;3;14;42;0;;1;1;N-122;159;6;4;1;12;;1;1;1;;;1;3
6;1;10;42;0;;1;1;N-122;161,2;6;2;2;;;1;1;1;;;1;1
8;1;12;42;0;;1;1;N-122;158,8;6;1;1;4;;1;1;1;;;1;1
8;7;0;42;0;;1;1;SO-P-2001;0,8;6;12;2;;;1;6;1;;;1;2
8;1;7;42;0;;1;1;N-122;118,534;6;19;2;;;1;1;1;;;1;1
2;6;4;42;0;;1;1;CL-116;85,035;6;12;2;;;3;6;3;;;1;1
7;1;18;42;0;;1;1;CL-116;77,1;6;19;2;;;1;1;1;;;1;1
8;5;16;42;0;;1;1;CL-116;85;6;19;2;;;1;1;1;;;1;1
8;6;8;42;0;;1;1;SO-135;24,7;6;16;2;;;1;1;1;;;1;2
12;1;6;42;0;;1;1;CL-101;62,652;6;3;2;;;1;6;2;;;18;1
4;6;3;42;0;;1;1;SO-380;7,273;6;12;2;;;1;6;1;;;1;2
7;7;23;42;0;;1;1;CL-101;10,614;6;13;2;;;1;6;1;;;18;2
10;5;13;42;0;;3;2;No inventariada;;9;7;2;;;1;1;1;;;1;998
3;6;15;42;0;;1;1;N-111;254,3;6;19;2;;;3;1;3;;;18;1
1;4;18;42;0;;1;1;SO-100;6,172;6;19;2;;;1;6;1;;;18;1
5;2;13;42;0;;1;1;SO-152;25;6;14;2;;;1;1;1;;;1;2
4;6;9;42;0;;1;1;SO-P-5004;9,1;6;19;2;;;1;1;1;;;1;1
6;5;13;42;0;;3;2;No inventariada;;9;7;1;2;;1;1;1;;;9;998
7;5;18;42;0;;2;2;N-110;69,465;6;7;2;;;1;5;1;;;1;1
7;7;20;42;42043;;1;1;A-11;69,59;3;12;2;;;1;1;1;;;1;1
9;3;20;42;0;;3;2;No inventariada;;9;2;1;2;;1;6;1;;;3;998
10;7;14;42;0;;2;2;N-110;69,1;6;10;1;2;;3;1;3;;;9;1
11;5;19;42;0;;1;1;No inventariada;15;10;10;2;;;3;6;1;;;12;3
8;3;14;42;0;;1;1;N-234;404;6;3;2;;;1;1;1;;;1;2
9;7;20;42;0;;3;2;No inventariada;;9;2;1;2;N-234;1;1;1;;;2;998
10;5;12;42;0;;1;1;SO-P-6001;0,5;6;7;2;;;1;1;1;;;1;1
3;5;11;42;0;;3;2;No inventariada;;9;1;2;;;2;1;3;;;4;998
1;2;9;42;42173;;3;2;No inventariada;;9;4;1;2;;1;1;1;;;1;998
2;5;20;42;42173;;3;2;No inventariada;;9;2;1;1;;1;4;1;;;9;998
2;4;9;42;42173;;3;2;No inventariada;;9;7;2;;;1;1;1;;;1;998
1;4;8;42;42173;;3;2;No inventariada;;9;2;1;4;;3;3;2;;;1;998
2;5;10;42;42173;;3;2;No inventariada;;9;7;2;;;1;1;1;;;1;998
3;3;18;42;42173;;3;2;No inventariada;;9;7;1;2;;1;1;1;;;1;998
3;6;15;42;42173;;3;2;No inventariada;;9;7;1;1;;3;1;3;;;1;998
3;1;10;42;42173;;3;2;No inventariada;;9;2;1;1;;1;1;1;;;1;998
4;7;17;42;0;;1;1;N-111;231,55;6;16;2;;;1;1;1;;;1;2
4;1;8;42;42173;;3;2;No inventariada;;9;2;2;;;1;1;1;;;18;998
5;5;8;42;42173;;1;1;SO-20;21,25;6;1;2;;;1;1;1;;;1;3
5;2;18;42;42173;;3;2;No inventariada;;9;20;1;1;;1;1;1;;;18;998
5;4;10;42;42173;;3;2;No inventariada;;9;7;1;2;;1;1;1;;;9;998
6;6;20;42;42173;;1;1;SO-100;1,525;6;14;2;;;3;1;4;;;1;1
7;6;19;42;42173;;1;1;N-234;356,67;6;19;2;;;1;1;1;;;1;1
7;5;13;42;42173;;1;1;N-234;352,8;6;3;1;4;N-234;1;1;2;;;1;2
7;7;9;42;42173;;1;1;N-111;227,9;6;2;1;2;PF GARRAY;1;1;1;;;1;2
8;7;20;42;42173;;3;2;No inventariada;;9;2;1;1;;1;1;1;;;18;998
8;1;18;42;42173;;1;1;SO-20;9,779;6;5;2;;;2;1;1;;;1;1
8;2;14;42;42173;;3;2;No inventariada;;9;2;1;1;;1;1;1;;;1;998
9;2;21;42;42173;;3;2;No inventariada;;9;20;1;2;;1;4;3;;;1;998
9;5;10;42;42173;;3;2;No inventariada;;9;4;2;;;1;1;1;;;18;998
9;7;4;42;42173;;1;1;N-234;345,4;6;16;1;4;N-122;1;6;1;;;18;2
9;7;20;42;42173;;3;2;No inventariada;;9;10;1;2;;2;3;2;;;1;998
10;1;21;42;42173;;3;2;No inventariada;;9;2;1;1;;3;3;4;;;1;998
10;3;13;42;42173;;3;2;No inventariada;;9;20;2;;;3;1;2;;1;1;998
10;6;16;42;42173;;3;2;No inventariada;;9;2;1;1;;1;1;1;;;1;998
11;6;0;42;42173;;3;2;No inventariada;;9;16;2;;;1;4;7;;;1;998
11;1;15;42;42173;;1;1;SO-20;10,954;6;16;2;;;1;1;1;;;1;1
11;5;15;42;42173;;1;1;N-111;230,24;6;2;1;12;N-111;1;1;1;;;1;1
11;1;14;42;42173;;3;2;No inventariada;;9;7;2;;;1;1;2;;;18;998
11;3;18;42;42173;;3;2;No inventariada;;9;2;1;4;;1;4;1;;;1;998
12;5;14;42;42173;;1;1;N-234;345,6;6;19;1;4;SO-P-3003;7;1;1;;;1;1
12;7;19;42;42173;;3;2;No inventariada;;9;2;1;1;;1;4;1;;;1;998
12;2;11;42;42173;;1;1;SO-20;9;3;1;2;;;1;1;1;;;1;3
6;1;18;42;0;;1;1;N-234;313,105;6;18;2;;;1;1;1;;;1;1
8;7;17;42;0;;1;1;N-234;308;6;16;2;;;1;1;1;;;1;1
5;7;19;42;0;;1;1;N-122;120,687;6;2;2;;;3;1;3;;;1;2
8;1;2;42;0;;1;1;CL-116;29,025;6;18;2;;;1;6;1;;;1;1
5;3;19;42;0;;1;1;SO-P-4126;6,85;6;14;2;;;1;1;1;;;1;2
8;6;9;42;0;;1;1;N-122;123,6;6;2;1;1;SO-P-2003;1;1;1;;;1;1
12;5;21;42;0;;1;1;N-122;122,866;6;16;2;;;1;6;1;;;1;2
1;7;16;42;0;;1;1;SO-630;0,01;6;16;1;2;;1;1;1;;;1;1
4;3;14;42;0;;1;1;SO-820;35,648;6;2;1;2;;1;1;1;;;1;1
5;6;13;42;0;;1;1;SO-820;35,91;6;15;2;;;1;1;1;;;1;1
7;4;20;42;0;;1;1;No inventariada;2;10;18;2;;;2;1;1;;;1;3
9;2;10;42;0;;1;1;SO-820;30,4;6;19;2;;;1;1;1;;;1;2
11;7;11;42;0;;1;1;SO-820;32,9;6;10;1;1;;2;1;1;;;1;3
1;1;17;43;43092;;1;1;A-7;1133;3;19;1;999;;1;1;1;;;999;4
1;1;19;43;43123;;3;2;No inventariada;;14;4;1;999;;1;1;1;;;17;998
1;2;10;43;0;;3;2;No inventariada;;14;19;1;999;;1;1;1;;;999;998
1;2;14;43;0;;1;1;N-420;831,5;6;19;2;;;1;1;3;;;999;4
1;2;16;43;43123;;3;2;No inventariada;;14;2;1;999;;1;1;1;;;17;998
1;2;17;43;43123;;3;2;No inventariada;;14;4;1;999;;1;1;1;;;17;998
1;3;12;43;43148;;1;1;AP-7;243;2;9;1;999;;1;1;1;;;999;4
1;3;16;43;0;;1;1;C-12;92,7;6;1;1;999;;1;1;1;;;17;2
1;4;12;43;0;;3;2;No inventariada;;14;9;1;999;;1;1;1;;;999;998
1;4;19;43;0;;3;2;No inventariada;;14;2;2;2;;1;4;1;;;999;998
1;4;23;43;43171;;1;1;TV-3148;0,8;3;2;2;4;;3;4;1;;;999;4
1;5;21;43;0;;1;1;N-420;847,3;6;19;1;999;;3;6;3;;;999;4
1;7;1;43;0;;1;1;T-3136;3,7;6;19;1;999;;1;6;1;;1;999;4
1;3;10;43;43086;;3;2;No inventariada;;14;19;2;4;;1;1;3;;;1;998
1;6;19;43;43901;;1;1;TV-3454;8,4;6;19;2;4;;1;4;1;;;999;4
1;5;23;43;43123;;3;2;No inventariada;;14;2;1;999;;1;1;1;;;17;998
1;4;20;43;43171;;1;1;C-14;1,7;3;4;2;4;;1;6;1;;;999;4
1;2;8;43;43013;;1;1;N-340;1116;6;4;1;999;;1;1;1;;;999;4
1;2;15;43;0;;1;1;TP-7401;4,5;6;19;1;999;;1;1;1;;;999;4
1;2;18;43;0;;1;1;N-420;866,4;6;2;2;2;;1;6;1;;;999;4
1;2;19;43;0;;1;1;T-310;7,8;6;4;1;999;;1;6;1;;;999;4
1;2;16;43;0;;1;1;C-221;70,2;6;1;1;999;;1;1;1;;;17;1
1;2;9;43;43163;;3;2;No inventariada;;14;4;1;999;;1;1;1;;;17;998
1;2;13;43;43131;;3;2;No inventariada;;14;1;2;1;;1;1;1;;;17;998
1;2;20;43;43161;;3;2;No inventariada;;14;3;1;999;;1;1;1;;;17;998
1;6;19;43;43004;;1;1;N-340;1059;6;8;1;999;;1;5;1;;;999;4
1;3;7;43;0;;1;1;TP-3311;1,1;6;19;1;999;;3;2;1;;;999;4
1;3;9;43;43148;;1;1;A-27;2,5;3;19;2;;;3;1;3;;;999;4
1;3;12;43;43156;;1;1;AP-7;336,1;2;3;1;999;;1;1;1;;;999;4
1;3;15;43;43123;;1;1;T-310;1,6;6;2;2;4;;3;1;3;;;999;4
1;3;19;43;43004;;1;1;N-340;1069;6;4;1;999;;3;6;3;;;999;4
1;4;10;43;43163;;1;1;C-31;135,5;6;2;2;4;;1;1;1;;;999;4
1;4;12;43;43148;;1;1;T-11;15;3;4;2;4;;1;1;1;;;999;4
1;4;15;43;43093;;1;1;N-420;822,7;6;6;2;4;;1;1;1;;;999;4
1;4;20;43;0;;3;2;No inventariada;;14;2;2;4;;1;4;1;;;999;998
1;5;6;43;0;;2;2;T-750;1,7;6;7;1;999;;1;4;1;;;999;4
1;5;8;43;0;;1;1;AP-7;309,2;2;19;1;999;;1;1;1;;;999;4
1;5;15;43;43123;;1;1;C-14z;6;6;19;1;999;;1;1;1;;;999;4
1;5;19;43;43163;;1;1;C-31;135,6;6;4;1;999;;1;6;1;;;999;4
1;5;22;43;0;;3;2;No inventariada;;14;6;1;999;;1;1;1;;;17;998
1;3;20;43;43131;;3;2;No inventariada;;14;9;1;999;;3;4;3;;;17;998
1;6;6;43;43148;;1;1;T-11;17,9;3;4;2;4;;1;4;1;;;999;4
1;6;13;43;43156;;1;1;TP-3311;14;6;19;1;999;;1;1;1;;;999;4
1;2;16;43;43123;;3;2;No inventariada;;14;2;1;999;;1;1;1;;;17;998
1;4;19;43;43086;;3;2;No inventariada;;14;20;1;999;;4;4;1;;;1;998
1;3;20;43;43123;;3;2;No inventariada;;14;7;1;999;;1;1;1;;;17;998
1;7;7;43;43123;;3;2;No inventariada;;14;2;1;999;;1;1;1;;;17;998
1;5;18;43;43123;;3;2;No inventariada;;14;9;1;999;;1;1;1;;;17;998
1;7;12;43;0;;1;1;TV-7333;3,5;6;9;1;999;;1;1;1;;;999;4
1;7;11;43;43123;;3;2;No inventariada;;14;2;2;1;;1;1;1;;;1;998
1;1;20;43;43123;;3;2;No inventariada;;14;20;1;999;;1;1;1;;;17;998
1;1;17;43;0;;1;1;T-714;9;6;4;1;999;;1;1;1;;;999;4
1;1;9;43;0;;3;2;No inventariada;;14;19;1;999;;3;1;1;;;999;998
1;1;13;43;0;;1;1;N-340;1174;6;3;1;999;;1;1;1;;;999;4
1;2;19;43;0;;1;1;N-240;7,4;6;19;1;999;;1;6;1;;;999;4
1;2;6;43;43005;;1;1;C-14;22,6;6;3;1;999;;1;5;1;;;999;4
1;2;7;43;43162;;1;1;C-44;6,7;6;3;1;999;;1;6;1;;;999;4
1;2;19;43;0;;1;1;C-51;6,7;6;4;1;999;;1;6;1;;;999;4
1;3;8;43;43136;;1;1;No inventariada;22;6;19;1;999;;1;6;3;;;17;2
1;3;16;43;43092;;1;1;T-323;3,4;6;19;1;999;;1;1;1;;;999;4
1;3;16;43;43907;;1;1;T-11;12,5;3;4;2;4;;1;1;1;;;999;4
1;3;22;43;43148;;1;1;A-27;3,3;3;2;2;4;;1;6;1;;;999;4
1;3;10;43;43123;;3;2;No inventariada;;14;7;1;999;;1;1;1;;;17;998
1;7;20;43;43123;;3;2;No inventariada;;14;2;1;999;;1;1;1;;;17;998
1;3;11;43;0;;1;1;C-14;42,4;6;19;1;999;;3;1;3;;;999;4
1;4;7;43;43038;;1;1;A-7;1144;3;4;1;999;;1;2;1;;;999;4
1;4;13;43;0;;1;1;C-12;31;6;19;1;999;;1;1;1;;;999;4
1;4;14;43;0;;2;2;TV-2231;4,1;6;19;1;999;;1;1;1;;;999;4
1;4;12;43;43133;;2;2;T-341;1,5;14;7;1;999;;1;1;1;;;17;4
1;1;18;43;0;;1;1;TP-7013;4,7;6;8;1;999;;1;6;1;;;999;4
1;5;8;43;43148;;1;1;A-7;1165;3;4;2;;;3;1;4;;;999;4
1;5;7;43;43148;;1;1;A-7;1164;3;4;1;999;;3;1;3;;;999;4
1;5;14;43;43161;;1;1;C-37;5;6;4;2;4;;3;1;3;;;999;4
1;5;13;43;0;;1;1;AP-7;323;2;19;2;;;1;1;1;;;17;4
1;5;17;43;43123;;1;1;AP-7;253,7;2;19;1;999;;3;1;3;;;999;4
1;5;19;43;43086;;1;1;A-27;28,8;6;19;1;999;;3;6;3;;;999;4
1;5;22;43;43148;;1;1;T-11;16,8;3;9;2;4;;3;4;3;;;999;4
1;6;12;43;43016;;1;1;TP-2124;0,1;6;9;1;999;;3;1;1;;;999;4
1;6;14;43;0;;2;2;C-241d;25;6;1;2;1;;1;1;1;;;999;4
1;1;11;43;43038;;3;2;No inventariada;;14;3;1;999;;1;1;1;;;1;998
1;5;7;43;43086;;3;2;No inventariada;;14;4;2;4;;1;2;3;;;5;998
1;5;9;43;43123;;3;2;No inventariada;;14;6;1;999;;1;1;1;;;17;998
1;4;8;43;43123;;3;2;No inventariada;;14;2;1;999;;1;1;1;;;17;998
1;6;11;43;43123;;3;2;No inventariada;;14;7;1;999;;1;1;1;;;17;998
1;6;11;43;43123;;3;2;No inventariada;;14;2;1;999;;1;1;1;;;17;998
1;6;21;43;43123;;3;2;No inventariada;;14;2;1;999;;1;1;1;;;17;998
1;7;5;43;0;;2;2;TV-3421;15;6;4;2;4;;1;4;1;;;999;4
1;7;14;43;0;;3;2;No inventariada;;14;3;2;2;;1;1;1;;;999;998
1;7;18;43;0;;1;1;C-12;60,5;6;2;2;2;;1;6;1;;;999;4
1;2;22;43;43148;;3;2;No inventariada;;14;3;1;999;;1;4;1;;;17;998
1;3;10;43;43148;;3;2;No inventariada;;14;9;1;999;;8;1;3;;;17;998
1;4;9;43;43148;;3;2;No inventariada;;14;2;2;4;;1;1;1;;;17;998
1;6;9;43;43148;;3;2;No inventariada;;14;4;1;999;;1;1;1;;;17;998
1;7;11;43;43014;;1;1;AP-7;325,9;2;4;1;999;;1;1;1;;;999;4
1;1;17;43;0;;1;1;C-51;8,9;6;6;1;999;;1;1;1;;;999;4
1;1;21;43;43148;;1;1;AP-7;238,1;2;19;1;999;;1;6;1;;;999;4
1;5;13;43;43153;;1;1;T-214;2,5;6;19;2;4;;3;1;3;;;999;4