MES;DIA_SEMANA;HORA;COD_PROVINCIA;COD_MUNICIPIO;ISLA;ZONA;ZONA_AGRUPADA;CARRETERA;KM;TIPO_VIA;TIPO_ACCIDENTE;NUDO;NUDO_INFO;CARRETERA_CRUCE;CONDICION_FIRME;CONDICION_ILUMINACION;CONDICION_METEO;CONDICION_NIEBLA;CONDICION_VIENTO;VISIB_RESTRINGIDA_POR;TRAZADO_PLANTA
1;2;7;43;0;;3;2;No inventariada;;14;9;2;1;;3;5;1;;;999;998
1;2;14;43;43148;;1;1;TP-2031;2,1;6;9;2;4;;1;1;1;;;999;4
1;2;16;43;0;;1;1;T-3225;4,9;6;20;1;999;;1;1;1;;;17;4
1;2;20;43;0;;1;1;C-221;56,8;6;19;1;999;;1;6;1;;;999;4
1;2;14;43;43148;;3;2;No inventariada;;14;7;2;2;;1;1;1;;;17;998
1;2;18;43;43148;;3;2;No inventariada;;14;4;2;2;;1;4;1;;;17;998
1;1;10;43;43161;;3;2;No inventariada;;14;2;1;999;;1;1;1;;;17;998
1;1;10;43;43123;;3;2;No inventariada;;14;4;1;999;;1;1;1;;;17;998
1;3;14;43;43092;;2;2;N-340;1132;14;2;1;999;;1;1;1;;;17;4
1;2;15;43;43123;;3;2;No inventariada;;14;6;1;999;;1;1;1;;;17;998
1;7;14;43;0;;1;1;T-710;6,5;6;19;1;999;;8;1;1;;;999;4
1;1;16;43;43148;;1;1;N-240;2;3;4;2;;;1;1;1;;;999;4
1;3;8;43;43133;;1;1;C-12;15,9;6;4;1;999;;1;1;1;;;999;4
1;3;20;43;43013;;1;1;AP-7;292,6;2;4;1;999;;1;6;1;;;999;4
1;3;21;43;43163;;1;1;AP-7;219,5;2;19;1;999;;1;6;1;;;999;4
1;3;12;43;43123;;3;2;No inventariada;;14;9;1;999;;1;1;1;;;17;998
1;3;7;43;43123;;3;2;No inventariada;;14;2;1;999;;1;1;1;;;17;998
1;5;18;43;43907;;1;1;A-7;1157;3;20;1;999;;3;5;3;;;999;4
1;4;14;43;0;;1;1;C-12;64;6;2;2;4;;1;1;1;;;999;4
1;4;21;43;43051;;1;1;C-32;10,5;2;8;1;999;;1;6;1;;;999;4
1;3;9;43;43004;;1;1;N-340;1071;6;3;1;999;;1;1;1;;;999;4
1;5;8;43;43123;;1;1;T-11;2,8;3;9;2;4;;8;2;1;;;999;4
1;5;19;43;43148;;1;1;T-11;17,1;3;4;1;999;;1;4;1;;;999;4
1;6;16;43;43043;;1;1;No inventariada;0;6;9;2;2;;8;1;1;;;999;4
1;7;1;43;43016;;1;1;N-340;1202;6;19;1;999;;1;6;1;;;999;4
1;7;3;43;43148;;3;2;No inventariada;;14;20;1;999;;1;1;1;;;17;998
1;7;10;43;43131;;1;1;AP-7;225,5;2;19;1;999;;1;1;1;;;999;4
1;7;6;43;43148;;1;1;T-11;15;3;19;2;4;;1;4;1;;;17;3
1;7;17;43;0;;1;1;TV-2401;5,9;6;4;1;999;;1;1;1;;;999;4
1;1;7;43;0;;1;1;TP-7401;2,9;6;9;1;999;;3;6;1;;;999;4
1;1;18;43;43171;;1;1;C-14;4,5;3;4;2;4;;1;4;1;;;999;4
1;1;18;43;43092;;1;1;A-7;1132;3;19;1;999;;1;5;1;;;999;4
1;6;13;43;43148;;2;2;N-340;1160;6;4;2;4;;1;1;1;;;17;4
1;1;14;43;43123;;3;2;No inventariada;;14;4;1;999;;1;1;1;;;17;998
1;2;8;43;43901;;1;1;TV-3454;11,2;6;3;2;1;;1;1;1;;;999;4
1;2;15;43;0;;1;1;T-331;9,6;6;6;1;999;;1;1;1;;;999;4
1;2;21;43;0;;3;2;No inventariada;;14;7;1;999;;1;4;1;;;999;998
1;2;12;43;43133;;3;2;No inventariada;;14;2;1;999;;1;1;1;;;17;998
1;1;18;43;43148;;2;2;N-340;1159;6;9;1;999;;1;4;1;;;1;1
1;3;14;43;43123;;3;2;No inventariada;;14;9;1;999;;1;1;1;;;17;998
2;4;10;43;0;;1;1;T-312;6;6;4;2;2;;1;1;1;;;999;4
2;4;13;43;0;;1;1;N-420;837,3;6;19;1;999;;1;1;1;;;999;4
2;4;19;43;0;;3;2;No inventariada;;14;19;1;999;;1;6;1;;;999;998
2;5;8;43;0;;1;1;TP-2124;3;6;19;2;4;;1;1;1;;;999;4
2;5;14;43;0;;1;1;C-37;19;6;4;1;999;;1;1;1;;;999;4
1;2;14;43;43153;;3;2;No inventariada;;14;7;1;999;;1;1;1;;;17;998
2;6;20;43;43014;;1;1;TV-3408;0,3;6;19;2;2;;1;6;1;;;999;4
1;5;21;43;43136;;3;2;No inventariada;;14;9;1;999;;1;4;1;;;1;998
2;6;8;43;43123;;3;2;No inventariada;;14;3;1;999;;1;1;1;;;17;998
2;6;17;43;43123;;3;2;No inventariada;;14;7;1;999;;1;1;1;;;17;998
2;7;13;43;43148;;1;1;A-7;1159;3;4;1;999;;1;1;1;;;17;4
2;7;13;43;43037;;1;1;TV-2126;2,1;6;9;1;999;;1;1;1;;;17;1
2;7;23;43;43014;;1;1;N-340;1075;6;19;1;999;;1;6;1;;;999;4
2;1;8;43;43171;;1;1;C-14;1,7;3;4;2;4;;1;1;1;;;999;4
2;1;12;43;43148;;1;1;T-11;17,5;3;9;2;4;;8;1;1;;;999;4
2;1;13;43;43161;;1;1;N-240;18;6;9;2;4;;8;1;1;;;999;4
2;1;18;43;43123;;1;1;T-11;7,1;3;4;2;;;1;4;1;;;999;4
2;1;18;43;43148;;1;1;T-11;16;3;4;2;4;;1;6;1;;;999;4
2;1;21;43;43004;;1;1;TP-3318;5,8;6;19;1;999;;1;6;1;;;999;4
2;2;8;43;43148;;1;1;A-27;1,7;3;4;2;;;1;1;1;;;999;4
2;2;20;43;0;;3;2;No inventariada;;14;2;2;1;;1;4;1;;;999;998
1;4;14;43;43163;;3;2;No inventariada;;14;2;2;1;;1;1;1;;;17;998
1;5;20;43;43163;;3;2;No inventariada;;14;2;2;2;;1;4;1;;;17;998
2;1;19;43;43123;;3;2;No inventariada;;14;2;1;999;;1;1;1;;;17;998
2;3;6;43;0;;1;1;N-340;1083;3;4;1;999;;1;5;1;;;999;4
2;3;7;43;43129;;1;1;T-310;7,2;6;4;1;999;;1;2;1;;;999;4
2;3;10;43;43145;;1;1;C-14;14;3;2;2;4;;1;1;1;;;999;4
2;3;17;43;43148;;1;1;T-11;16;3;2;2;4;;1;1;1;;;999;4
2;3;16;43;43123;;3;2;No inventariada;;14;2;1;999;;1;1;1;;;17;998
2;5;16;43;0;;1;1;N-340;1082;3;6;1;999;;1;1;1;;;999;4
2;1;19;43;43901;;1;1;TV-3401;8,3;6;3;1;999;;1;6;1;;;999;4
2;4;19;43;43038;;1;1;A-7;1147;3;19;1;999;;1;5;1;;;999;4
2;5;0;43;0;;1;1;N-420;794,5;6;2;2;4;;3;6;3;;;999;4
2;1;14;43;43013;;1;1;AP-7;301;2;4;1;999;;1;1;1;;;999;4
2;5;6;43;43171;;1;1;TV-3148;3;3;3;2;4;;3;5;3;;;999;4
2;5;13;43;43163;;1;1;AP-7;220,1;2;19;1;999;;3;1;1;;;999;4
2;5;20;43;0;;3;2;No inventariada;;14;2;2;1;;3;4;3;;;999;998
2;5;22;43;43005;;1;1;C-14;16,9;3;19;1;999;;3;6;4;;;999;4
2;6;4;43;43148;;1;1;T-11;15;3;19;2;4;;3;4;1;;;999;4
2;6;6;43;43161;;1;1;N-240;22,7;6;4;2;4;;3;6;1;;;999;4
2;6;6;43;0;;3;2;No inventariada;;14;19;1;999;;3;6;3;;;999;998
2;6;12;43;43163;;1;1;C-246;65;6;4;2;4;;1;1;1;;;999;4
2;7;1;43;0;;1;1;C-241d;12,8;6;19;1;999;;1;6;1;;;999;4
2;1;10;43;43155;;1;1;No inventariada;0;6;7;1;999;;1;1;1;;;1;1
2;1;10;43;43123;;3;2;No inventariada;;14;2;1;999;;1;1;1;;;17;998
2;3;17;43;43123;;3;2;No inventariada;;14;7;1;999;;1;1;1;;;17;998
2;5;16;43;43123;;3;2;No inventariada;;14;7;1;999;;1;1;1;;;17;998
2;7;9;43;43037;;1;1;C-32;8,4;2;19;1;999;;1;1;1;;;999;4
2;7;21;43;43148;;1;1;T-11;17,3;3;4;2;4;;1;4;1;;;999;4
2;5;17;43;0;;1;1;C-12;34,5;6;6;1;999;;3;1;1;;;999;4
2;1;7;43;0;;1;1;AP-7;329;2;4;1;999;;1;6;1;;;999;4
2;1;12;43;43123;;1;1;T-11;6,9;3;19;1;999;;1;1;1;;;999;4
2;1;17;43;43163;;1;1;C-31;135,9;6;4;1;999;;1;1;1;;1;999;4
2;1;18;43;43162;;1;1;AP-7;283;2;6;1;999;;1;4;1;;1;999;4
1;5;20;43;43148;;3;2;No inventariada;;14;9;1;999;;1;4;1;;;1;998
2;7;10;43;43123;;3;2;No inventariada;;14;7;1;999;;1;1;1;;;17;998
2;7;19;43;43123;;3;2;No inventariada;;14;2;1;999;;1;1;1;;;17;998
2;2;16;43;0;;1;1;TP-2125;2,2;6;4;1;999;;1;1;1;;;999;4
2;2;22;43;43037;;1;1;C-31;138,4;6;4;2;4;;1;6;1;;;999;4
2;4;19;43;43123;;3;2;No inventariada;;14;7;1;999;;1;1;1;;;17;998
2;3;10;43;0;;3;2;No inventariada;;14;3;2;2;;1;1;1;;;999;998
2;3;21;43;0;;1;1;N-240;14;6;2;2;2;;1;6;1;;;999;4
1;1;17;43;43037;;3;2;No inventariada;;14;7;2;1;;1;2;1;;;17;998
1;5;7;43;43037;;3;2;No inventariada;;14;7;2;1;;1;2;1;;;17;998
2;2;10;43;43086;;3;2;No inventariada;;14;7;1;999;;1;1;1;;;1;998
2;2;17;43;43161;;3;2;No inventariada;;14;2;1;999;;1;1;1;;;17;998
2;1;11;43;0;;3;2;No inventariada;;14;7;1;999;;1;1;1;;;999;998
2;4;12;43;43043;;1;1;T-203;2,3;6;2;2;2;;1;1;1;;;4;2
1;5;11;43;43037;;3;2;No inventariada;;14;3;2;2;;1;1;1;;;17;998
2;5;8;43;0;;3;2;No inventariada;;14;19;1;999;;1;1;1;;;999;998
2;5;9;43;0;;2;2;TP-2125;6;6;4;2;1;;1;1;1;;;999;4
2;5;10;43;43016;;1;1;N-340;1199;6;4;2;4;;1;1;1;;;999;4
2;5;11;43;43153;;1;1;T-214;1,8;6;4;2;4;;1;1;1;;;999;4
2;5;14;43;43148;;1;1;AP-7;238,2;2;4;1;999;;1;1;1;;;999;4
2;6;11;43;0;;1;1;C-37;41,1;6;19;1;999;;1;1;1;;;999;4
2;6;11;43;0;;1;1;TV-7041;13,3;6;19;1;999;;1;1;1;;;999;4
2;6;15;43;43123;;3;2;No inventariada;;14;9;1;999;;1;1;1;;;17;998
2;1;6;43;43123;;3;2;No inventariada;;14;6;1;999;;1;1;1;;;17;998
2;2;8;43;43123;;3;2;No inventariada;;14;2;1;999;;1;1;1;;;17;998
2;5;14;43;43123;;3;2;No inventariada;;14;2;1;999;;1;1;1;;;17;998
2;3;15;43;43123;;3;2;No inventariada;;14;4;1;999;;1;1;1;;;17;998
2;2;10;43;43092;;3;2;No inventariada;;14;9;1;999;;1;1;1;;;17;998
2;5;20;43;43123;;3;2;No inventariada;;14;7;1;999;;1;1;1;;;17;998
2;6;14;43;43123;;3;2;No inventariada;;14;7;1;999;;1;1;1;;;17;998
2;6;16;43;43123;;3;2;No inventariada;;14;7;1;999;;1;1;1;;;17;998
2;5;10;43;43123;;3;2;No inventariada;;14;4;1;999;;1;1;1;;;17;998
2;3;8;43;43123;;3;2;No inventariada;;14;2;1;999;;1;1;1;;;17;998
2;5;8;43;43123;;3;2;No inventariada;;14;19;1;999;;1;1;1;;;17;998
2;7;4;43;43123;;1;1;T-11;6,4;3;19;1;999;;1;6;1;;;999;4
2;7;5;43;43123;;1;1;T-314;7,2;6;19;2;;;1;6;1;;;999;4
2;7;10;43;43163;;1;1;TV-2127;0,7;6;4;2;2;;1;1;1;;;999;4
2;7;12;43;0;;1;1;C-37;41,1;6;19;1;999;;1;1;1;;;999;4
2;7;19;43;43163;;1;1;C-51;6;6;2;2;4;;1;4;1;;;999;4
2;6;10;43;43131;;3;2;No inventariada;;14;2;2;1;;3;1;1;;;17;998
2;1;12;43;0;;1;1;TP-3311;4,5;6;6;2;4;;1;1;1;;;999;4
2;1;17;43;43155;;1;1;No inventariada;9;6;20;1;999;;1;1;1;;;17;4
2;4;19;43;43092;;2;2;N-340;1132;14;4;1;999;;1;1;1;;;17;4
2;7;12;43;43148;;2;2;N-340;1158;6;2;2;4;;1;1;1;;;999;4
2;2;10;43;0;;1;1;C-12;59,5;6;19;1;999;;1;1;1;;;999;4
2;2;13;43;43156;;1;1;TV-3319;5,9;6;19;1;999;;1;1;1;;;999;4
1;3;20;43;43163;;3;2;No inventariada;;14;6;1;999;;1;6;1;;;17;998
2;1;3;43;43051;;3;2;No inventariada;;14;4;1;999;;1;4;1;;;1;998
2;3;11;43;0;;2;2;C-14;45,3;6;2;1;999;;1;1;1;;;999;4
2;3;13;43;0;;3;2;No inventariada;;14;7;1;999;;1;1;1;;;17;998
2;3;22;43;43129;;1;1;TV-3141;3,4;6;6;1;999;;1;6;1;;;17;1
2;3;8;43;43092;;3;2;No inventariada;;14;2;1;999;;1;1;1;;;17;998
2;3;15;43;43161;;3;2;No inventariada;;14;3;1;999;;1;1;1;;;17;998
2;2;18;43;43123;;3;2;No inventariada;;14;2;1;999;;1;1;1;;;17;998
2;4;7;43;0;;1;1;AP-7;313,9;2;19;1;999;;1;1;1;;;999;4
2;4;11;43;43093;;1;1;N-420a;823,4;6;6;1;999;;1;1;1;;;999;4
2;4;20;43;43148;;1;1;T-11;15;3;9;2;4;;1;4;1;;;999;4
1;3;13;43;43148;;3;2;No inventariada;;14;9;1;999;;3;1;3;;;17;998
2;5;10;43;43161;;1;1;N-240;19;6;3;2;4;;1;1;1;;;999;4
2;5;18;43;0;;1;1;TV-2035;0,8;6;2;2;1;;1;1;1;;;999;4
2;6;13;43;0;;1;1;T-714;2,7;6;20;1;999;;1;1;1;;;999;4
2;5;13;43;43123;;3;2;No inventariada;;14;4;1;999;;1;1;1;;;17;998
2;5;21;43;43123;;3;2;No inventariada;;14;9;1;999;;1;1;1;;;17;998
1;3;8;43;43163;;2;2;TP-2044;0,4;14;2;2;4;;3;2;3;;;17;4
1;6;8;43;43163;;3;2;No inventariada;;14;2;2;1;;1;1;1;;;17;998
1;1;22;43;43163;;3;2;No inventariada;;14;2;2;1;;1;4;1;;;17;998
1;2;6;43;43163;;2;2;TP-2044;0,4;14;7;2;1;;1;5;1;;;1;4
1;6;17;43;43163;;3;2;No inventariada;;14;9;1;999;;1;1;1;;;17;998
2;7;19;43;0;;1;1;AP-7;334,9;2;19;1;999;;1;6;1;;;17;1
2;1;14;43;43161;;1;1;C-37;15,3;6;4;2;;;1;1;1;;;999;4
2;1;17;43;43163;;1;1;C-32;4,9;2;4;1;999;;1;1;1;;;999;4
2;1;19;43;0;;3;2;No inventariada;;14;6;1;999;;1;4;1;;;999;998
2;2;4;43;43148;;1;1;AP-7;241,5;2;19;1;999;;1;6;1;;;999;4
2;5;14;43;0;;1;1;T-721;8,1;6;2;2;2;;1;1;1;;;999;4
2;2;9;43;0;;1;1;TV-2401;8,4;6;19;1;999;;1;1;1;;;999;4
2;2;11;43;0;;1;1;T-202;7,9;6;19;1;999;;1;1;1;;;17;4
2;3;0;43;43133;;1;1;TV-3421;28,5;6;19;1;999;;1;6;1;;1;999;4
1;7;4;43;43163;;3;2;No inventariada;;14;6;2;2;;1;4;1;;;1;998
1;2;14;43;43163;;3;2;No inventariada;;14;7;1;999;;1;1;1;;;17;998
1;6;17;43;43163;;3;2;No inventariada;;14;7;1;999;;1;1;1;;;17;998
1;7;12;43;43163;;3;2;No inventariada;;14;2;2;4;;1;1;1;;;17;998
2;1;14;43;43163;;3;2;No inventariada;;14;4;1;999;;1;1;1;;;17;998
2;3;8;43;43148;;1;1;A-7;1167;3;4;1;999;;1;1;1;;;17;1
2;3;17;43;43012;;1;1;N-340;1176;6;4;1;999;;1;1;1;;;999;4
2;3;20;43;0;;1;1;T-722;3;6;2;2;4;;1;6;1;;;999;4
2;3;18;43;43092;;3;2;No inventariada;;14;3;1;999;;1;1;1;;;17;998
2;3;23;43;43148;;1;1;T-11;18;3;3;1;999;;1;4;1;;;999;4
2;4;10;43;43012;;1;1;AP-7;232,8;2;4;1;999;;1;1;1;;;999;4
3;5;0;43;0;;1;1;AP-2;226;2;8;1;999;;1;6;1;;;999;4
2;4;12;43;0;;1;1;No inventariada;1;6;2;2;2;;1;1;1;;;999;4
3;5;10;43;0;;1;1;T-240;3,8;6;20;2;4;;1;1;1;;1;999;4
3;5;9;43;43163;;1;1;C-32;3,4;2;4;1;999;;1;1;1;;;17;4
3;5;14;43;43162;;1;1;AP-7;283;2;19;1;999;;1;1;1;;1;999;4
3;5;15;43;0;;1;1;AP-7;316,5;2;4;1;999;;1;1;1;;;999;4
3;5;19;43;43148;;1;1;T-11;17,7;3;4;2;4;;1;4;1;;;999;4
3;5;20;43;43005;;1;1;C-37;0,8;6;3;1;999;;1;6;1;;;4;1
3;5;23;43;43123;;1;1;C-14;2,8;3;19;1;999;;1;6;1;;;999;4
3;6;10;43;0;;1;1;AP-7;210,9;2;4;1;999;;1;1;1;;;17;1
3;6;11;43;0;;1;1;AP-7;213,5;2;4;1;999;;1;1;1;;;999;4
3;6;12;43;43014;;1;1;TV-3408;7,5;6;6;1;999;;1;1;1;;;999;4
2;4;16;43;43123;;3;2;No inventariada;;14;2;1;999;;1;1;1;;;17;998
2;2;13;43;43123;;3;2;No inventariada;;14;7;1;999;;1;1;1;;;17;998
2;4;12;43;43123;;3;2;No inventariada;;14;19;1;999;;1;1;1;;;17;998
2;4;19;43;43155;;4;2;C-42;12;3;7;2;4;;1;2;1;;;1;1
3;5;21;43;43123;;3;2;No inventariada;;14;3;1;999;;1;1;1;;;17;998
3;6;2;43;43038;;3;2;No inventariada;;14;6;1;999;;1;1;1;;;17;998
3;5;13;43;43123;;3;2;No inventariada;;14;4;1;999;;1;1;1;;;17;998
3;6;11;43;43043;;1;1;T-203;6,3;6;19;1;999;;1;1;1;;;999;4
3;6;11;43;43163;;1;1;AP-7;220;2;19;2;;;1;1;1;;;999;4
3;7;13;43;0;;1;1;T-322;19,5;6;9;1;999;;1;1;1;;1;999;4
3;7;16;43;0;;2;2;T-721;8,8;6;9;1;999;;1;1;1;;;999;4
3;7;17;43;43123;;3;2;No inventariada;;14;20;1;999;;1;1;1;;;17;998
2;6;21;43;43905;;3;2;No inventariada;;14;9;1;999;;1;4;1;;;1;998
3;2;10;43;43155;;1;1;C-42;9;3;4;1;999;;1;1;1;;;999;4
3;2;10;43;43163;;1;1;C-31;136,3;6;6;1;999;;1;1;1;;;999;4
3;2;10;43;43123;;3;2;No inventariada;;14;7;1;999;;1;1;1;;;17;998
3;2;15;43;43148;;1;1;N-240;1,9;3;4;1;999;;1;1;1;;;999;4
3;3;12;43;43123;;1;1;C-14;2,9;3;8;1;999;;1;1;1;;;999;4
3;3;15;43;0;;1;1;N-340;1084;6;4;2;4;;1;1;1;;;999;4
3;3;15;43;0;;1;1;AP-7;306;2;4;1;999;;1;1;1;;;999;4
3;3;20;43;43171;;1;1;C-14;1,7;3;2;2;4;;1;4;1;;;999;4
3;3;22;43;43123;;3;2;No inventariada;;14;20;1;999;;1;1;1;;;17;998
3;2;19;43;43123;;3;2;No inventariada;;14;7;1;999;;1;1;1;;;17;998
3;4;10;43;43148;;1;1;A-27;1,5;3;9;2;4;;1;1;1;;;999;4
3;5;15;43;43163;;1;1;C-31;137,2;6;1;2;2;;1;1;1;;;999;4
3;5;15;43;43123;;1;1;T-310;1,8;6;3;2;4;;1;1;1;;;999;4
3;5;17;43;43047;;1;1;TV-7211;4,8;6;1;1;999;;1;1;1;;;17;2
3;5;16;43;0;;2;2;C-51;30,3;6;1;1;999;;1;1;1;;;17;1
3;5;9;43;43131;;3;2;No inventariada;;14;2;2;2;;1;1;1;;;17;998
3;6;11;43;43086;;1;1;N-240;31;6;4;1;999;;3;1;3;;;999;4
3;6;12;43;43038;;1;1;A-7;1141;3;6;1;999;;3;1;4;;;999;4
3;6;12;43;43037;;1;1;TV-2126;2,1;6;4;1;999;;3;1;4;;;999;4
3;6;12;43;43171;;1;1;C-14;1,3;3;19;2;4;;3;1;4;;;999;4
3;6;13;43;43037;;1;1;C-31;137,4;6;2;1;999;;3;1;3;;;999;4
3;6;17;43;43005;;1;1;C-14;24,9;6;20;1;999;;3;1;3;;;999;4
3;6;23;43;43014;;1;1;TV-3408;6,3;6;19;1;999;;1;6;1;;;999;4
3;7;3;43;0;;1;1;N-420;826,9;6;19;1;999;;1;6;1;;;999;4
3;1;8;43;43038;;3;2;No inventariada;;14;7;2;4;;1;2;1;;;17;998
3;5;17;43;43123;;3;2;No inventariada;;14;2;1;999;;1;1;1;;;17;998
3;1;18;43;43123;;3;2;No inventariada;;14;4;1;999;;1;1;1;;;17;998
3;7;7;43;0;;1;1;C-12;75,4;6;1;1;999;;1;1;1;1;;5;2
3;7;11;43;0;;1;1;TV-7004;2,5;6;19;1;999;;3;1;1;;;999;4
2;5;17;43;43123;;3;2;No inventariada;;14;3;1;999;;1;1;1;;;17;998
3;7;11;43;43014;;3;2;No inventariada;;14;9;2;2;;1;1;1;;1;17;998
2;4;11;43;43161;;3;2;No inventariada;;14;20;2;4;;1;1;1;;;1;998
3;4;17;43;0;;1;1;No inventariada;25;6;2;2;2;;1;1;1;;;999;4
3;2;13;43;43014;;1;1;N-340;1075;6;4;1;999;;1;1;1;;;999;4
3;2;18;43;0;;1;1;C-233;2;6;6;1;999;;1;1;1;;;999;4
3;6;9;43;43153;;2;2;N-340;1179;6;2;1;999;;1;1;1;;;999;4
3;2;12;43;43047;;1;1;A-27;5;3;3;1;999;;1;1;1;;;999;4
3;3;8;43;0;;1;1;N-240;9,2;6;19;2;4;;1;1;1;;;999;4
3;2;11;43;43123;;1;1;AP-7;257,6;2;19;1;999;;1;1;1;;;999;4
3;3;16;43;43163;;1;1;C-32;1,2;2;19;1;999;;1;1;1;;;999;4
3;3;18;43;0;;3;2;No inventariada;;14;9;1;999;;1;1;1;;;999;998
3;4;6;43;43148;;1;1;TP-2031;2,1;6;9;2;4;;1;6;1;;;999;4
3;4;12;43;43148;;1;1;T-11;16;3;4;2;4;;1;1;1;;;999;4
3;4;13;43;0;;2;2;N-420a;825;14;3;1;999;;1;1;1;;;999;4
3;4;12;43;43133;;1;1;C-12;16,9;6;4;1;999;;1;1;1;;;999;4
3;5;8;43;43162;;1;1;C-44;2;6;19;1;999;;1;1;1;;;999;4
3;5;8;43;0;;1;1;TP-2031;22,5;6;9;1;999;;1;1;1;;;999;4
3;5;10;43;0;;1;1;C-12;49,8;6;2;2;2;;1;1;1;;;17;2
3;5;23;43;43155;;2;2;C-12;17,3;6;19;2;4;;1;6;1;;;999;4
3;6;11;43;0;;1;1;T-702;2,2;6;1;1;999;;1;1;1;;;999;4
3;6;11;43;0;;1;1;N-420;812;6;2;1;999;;1;1;1;;;999;4
3;6;20;43;43123;;3;2;No inventariada;;14;4;1;999;;1;1;1;;;17;998
3;6;18;43;43123;;3;2;No inventariada;;14;7;1;999;;1;1;1;;;17;998
3;7;14;43;43123;;3;2;No inventariada;;14;7;1;999;;1;1;1;;;17;998
3;2;12;43;43123;;3;2;No inventariada;;14;2;1;999;;1;1;1;;;17;998
3;4;8;43;43123;;3;2;No inventariada;;14;4;1;999;;1;1;1;;;17;998
3;1;18;43;43123;;3;2;No inventariada;;14;4;1;999;;1;1;1;;;17;998
3;5;10;43;43123;;3;2;No inventariada;;14;4;1;999;;1;1;1;;;17;998
3;5;14;43;43123;;3;2;No inventariada;;14;4;1;999;;1;1;1;;;17;998
3;3;17;43;43123;;3;2;No inventariada;;14;4;1;999;;1;1;1;;;17;998
3;3;7;43;43133;;1;1;C-12;17,1;6;4;1;999;;1;1;1;;;999;4
3;7;6;43;43155;;1;1;T-301;6,4;6;19;1;999;;1;2;1;;;999;4
3;7;11;43;0;;1;1;C-242;51,3;6;4;1;999;;1;1;1;;;17;4
3;7;15;43;0;;1;1;T-321;1,7;6;8;1;999;;1;1;1;;;999;4
3;7;14;43;0;;1;1;N-420;858;6;3;1;999;;1;1;1;;;999;4
3;7;21;43;0;;1;1;A-27;14,8;3;4;1;999;;1;6;1;;;999;4
3;6;21;43;43163;;1;1;AP-7;218,1;2;3;1;999;;1;6;1;;;17;1
3;4;8;43;43037;;3;2;No inventariada;;14;20;1;999;;1;1;1;;;17;998
3;5;18;43;0;;1;1;T-704;20,2;6;9;1;999;;1;1;1;;;999;4
3;1;13;43;43163;;1;1;N-340;1188;6;4;2;4;;1;1;1;;;999;4
3;1;15;43;0;;1;1;T-702;19,3;6;9;1;999;;1;1;1;;;999;4
3;5;7;43;43014;;3;2;No inventariada;;14;7;1;999;;1;1;1;;;5;998
3;4;9;43;43123;;3;2;No inventariada;;14;7;1;999;;1;1;1;;;17;998
3;2;8;43;43014;;1;1;T-344;2,4;6;2;2;1;;1;1;1;;;999;4
3;2;9;43;43161;;1;1;N-240;21,5;6;9;2;4;;1;1;1;;;999;4
3;2;15;43;43907;;1;1;T-11;12,6;3;4;2;4;;1;1;1;;;999;4
3;2;17;43;0;;1;1;AP-7;317;2;4;1;999;;1;1;1;;;999;4
2;1;9;43;43163;;3;2;No inventariada;;14;2;2;1;;1;1;1;;;17;998
2;2;14;43;43163;;3;2;No inventariada;;14;4;2;4;;1;1;1;;;17;998
2;4;14;43;43163;;3;2;No inventariada;;14;7;1;999;;1;1;1;;;17;998
2;5;19;43;43163;;3;2;No inventariada;;14;7;1;999;;1;4;1;;;17;998
2;5;11;43;43163;;3;2;No inventariada;;14;2;1;999;;1;1;1;;;17;998
2;4;12;43;43153;;3;2;No inventariada;;14;3;1;999;;1;1;1;;;17;998
3;5;13;43;43161;;3;2;No inventariada;;14;4;1;999;;1;1;1;;;17;998
3;7;12;43;43014;;3;2;No inventariada;;14;19;2;1;;1;1;1;;;1;998
3;3;12;43;0;;1;1;T-204;4,2;6;9;1;999;;1;1;1;;;999;4
3;3;14;43;43901;;1;1;TV-3454;6;6;19;1;999;;1;1;1;;;999;4
3;3;14;43;0;;1;1;T-214;4,5;6;19;1;999;;1;1;1;;;999;4
3;3;17;43;0;;1;1;TV-3317;0,1;6;19;2;2;;1;1;1;;;999;4
3;4;10;43;0;;3;2;No inventariada;;14;9;1;999;;1;1;1;;;999;998
3;4;14;43;43148;;1;1;T-11;15;3;2;2;4;;1;1;1;;;999;4
3;4;20;43;0;;1;1;AP-7;214,4;2;4;1;999;;1;6;1;;;999;4
3;2;18;43;43133;;3;2;No inventariada;;14;2;1;999;;1;1;1;;;17;998
3;4;7;43;43123;;1;1;T-11;3;3;4;2;4;;1;1;1;;;999;4
3;5;8;43;43148;;1;1;T-11;16,5;3;3;2;4;;1;1;1;;;999;4
3;5;14;43;43005;;1;1;TV-7222;0,5;6;2;2;2;;1;1;1;;;999;4
3;5;14;43;0;;1;1;TV-3022;2;6;19;1;999;;1;1;1;;;999;4
3;5;15;43;0;;1;1;No inventariada;0;6;3;1;999;;8;1;1;;;999;4
3;5;18;43;43123;;1;1;T-11;0;3;4;2;;;1;1;1;;;999;4
3;5;20;43;43148;;1;1;AP-7;247;2;4;2;4;;1;5;1;;;999;4
3;5;22;43;43086;;1;1;N-240;34,7;3;4;1;999;;1;6;1;;;999;4
3;3;13;43;43123;;3;2;No inventariada;;14;3;1;999;;1;1;1;;;17;998
3;5;14;43;43161;;3;2;No inventariada;245;14;4;1;999;;1;1;1;;;17;998
3;4;22;43;43161;;3;2;No inventariada;0;14;2;1;999;;1;1;1;;;17;998