MES;DIA_SEMANA;HORA;COD_PROVINCIA;COD_MUNICIPIO;ISLA;ZONA;ZONA_AGRUPADA;CARRETERA;KM;TIPO_VIA;TIPO_ACCIDENTE;NUDO;NUDO_INFO;CARRETERA_CRUCE;CONDICION_FIRME;CONDICION_ILUMINACION;CONDICION_METEO;CONDICION_NIEBLA;CONDICION_VIENTO;VISIB_RESTRINGIDA_POR;TRAZADO_PLANTA
3;5;17;43;43123;;3;2;No inventariada;;14;2;1;999;;1;1;1;;;17;998
3;7;6;43;43905;;3;2;No inventariada;;14;19;1;999;;1;2;1;;;1;998
3;2;18;43;0;;2;2;C-51;9,3;6;19;1;999;;1;2;1;;;999;4
3;7;12;43;0;;1;1;No inventariada;0;6;2;2;2;;3;1;1;;;4;2
3;7;17;43;0;;1;1;C-51;12,5;6;19;1;999;;3;1;3;;;999;4
3;7;20;43;43086;;1;1;N-240;31;6;4;2;4;;3;6;3;;;999;4
3;5;23;43;0;;1;1;No inventariada;9;6;19;2;2;;1;6;1;;;999;4
3;1;5;43;0;;1;1;N-340;1195;6;19;2;4;;3;4;3;;;999;4
3;1;8;43;43148;;1;1;AP-7;247;2;6;2;2;;3;1;3;;;999;4
3;1;16;43;43148;;1;1;T-11;16;3;2;2;4;;3;1;3;;;999;4
3;6;21;43;43038;;3;2;No inventariada;;14;2;1;999;;1;1;1;;;17;998
3;4;9;43;43161;;2;2;T-742;4,7;14;6;1;999;;1;1;1;;;17;4
3;5;9;43;43145;;1;1;TP-7013;15;14;3;2;4;;1;1;1;;;999;4
3;2;13;43;0;;1;1;TP-2311;5,8;6;1;2;2;;1;1;1;;;999;4
3;2;17;43;43005;;1;1;C-37;1,9;6;4;1;999;;3;1;3;;;999;4
3;2;17;43;43155;;1;1;C-12;15,2;6;4;1;999;;3;1;3;;;999;4
3;2;14;43;43123;;3;2;No inventariada;;14;6;1;999;;1;1;1;;;17;998
3;2;22;43;43161;;3;2;No inventariada;;14;7;1;999;;1;1;1;;;17;998
3;3;13;43;43162;;1;1;C-44;2,2;6;19;1;999;;1;1;1;;;999;4
3;3;13;43;43161;;3;2;No inventariada;;14;7;1;999;;1;1;1;;;1;998
3;7;13;43;0;;1;1;No inventariada;37;6;9;1;999;;3;1;1;;;999;4
3;4;13;43;0;;1;1;No inventariada;2;6;1;1;999;;1;1;1;;;999;4
3;4;15;43;43129;;1;1;T-314;4,1;6;3;1;999;;1;1;1;;;999;4
3;4;16;43;43148;;1;1;N-340a;1155;6;2;1;999;;1;1;1;;;999;4
3;5;10;43;43043;;1;1;TP-2039;2;6;3;1;999;;1;1;1;;;999;4
3;5;8;43;43162;;1;1;AP-7;288,9;2;19;1;999;;1;1;1;;;999;4
3;5;10;43;0;;1;1;TV-3022;17,2;6;2;1;999;;1;1;1;;;999;4
3;5;12;43;0;;1;1;T-704;20,4;6;3;1;999;;1;1;1;;;999;4
3;5;16;43;43148;;1;1;N-340;1166;6;3;1;999;;1;1;1;;;999;4
3;5;15;43;0;;1;1;T-324;8;6;19;1;999;;1;1;1;;;999;4
3;5;16;43;0;;2;2;No inventariada;;14;4;1;999;;1;1;1;;;17;1
3;5;13;43;43014;;1;1;TV-3408;7;6;19;2;4;;1;1;1;;;999;4
3;6;22;43;43148;;1;1;A-7;1167;3;19;1;999;;3;6;4;;;999;4
3;2;22;43;43148;;3;2;No inventariada;;14;20;1;999;;1;1;1;;;17;998
3;4;10;43;43123;;3;2;No inventariada;;14;3;1;999;;1;1;1;;;17;998
3;5;12;43;43012;;3;2;No inventariada;;14;4;1;999;;1;1;1;;;17;998
3;5;13;43;43123;;3;2;No inventariada;;14;6;1;999;;1;1;1;;;17;998
3;2;17;43;43123;;3;2;No inventariada;;14;7;1;999;;1;1;1;;;17;998
3;7;7;43;0;;1;1;T-233;2,8;6;19;1;999;;3;1;1;;;999;4
3;7;8;43;43171;;1;1;C-14;1,5;6;2;2;;;3;1;1;;;999;4
3;7;11;43;0;;1;1;N-240;42,1;6;3;2;2;;3;1;1;;;999;4
3;7;12;43;0;;1;1;T-740;7,5;6;1;1;999;;3;1;3;;;999;4
3;7;16;43;0;;1;1;TV-3531;2,5;6;19;1;999;;1;1;1;;;999;4
3;7;12;43;43123;;3;2;No inventariada;;14;7;1;999;;1;1;1;;;17;998
3;7;11;43;0;;1;1;No inventariada;37;6;9;1;999;;1;6;1;;;999;4
4;1;6;43;43171;;1;1;A-7;1149;3;4;1;999;;1;6;1;;;999;4
4;1;11;43;0;;1;1;C-44;18,6;6;19;1;999;;8;1;1;;;999;4
4;1;13;43;0;;1;1;N-420;800,3;6;3;1;999;;1;1;1;;;4;1
4;1;14;43;0;;1;1;N-420;843;6;20;1;999;;1;1;1;;;999;4
4;1;18;43;43038;;1;1;T-314;0,1;6;19;2;4;;3;1;1;;;999;4
4;1;21;43;43148;;1;1;A-7;1164;3;8;1;999;;1;6;1;;;999;4
4;1;22;43;43163;;1;1;AP-7;218;2;4;1;999;;1;6;1;;;999;4
4;1;22;43;43047;;1;1;AP-7;251,5;2;4;1;999;;1;6;1;;;999;4
4;1;21;43;0;;1;1;T-734;1,2;6;19;1;999;;3;6;3;;;999;4
1;1;23;43;43148;;3;2;No inventariada;;14;2;1;999;;1;4;1;;;17;998
1;4;10;43;43148;;2;2;N-340;1160;14;4;2;4;;1;1;1;;;17;4
1;5;18;43;43148;;2;2;No inventariada;9,9;14;4;1;999;;3;4;3;;;17;4
1;5;22;43;43148;;3;2;No inventariada;;14;9;2;4;;3;4;4;;;17;998
1;6;16;43;43148;;3;2;No inventariada;;14;9;1;999;;1;1;1;;;17;998
3;4;17;43;43161;;3;2;No inventariada;;14;7;1;999;;1;1;1;;;1;998
4;2;16;43;0;;1;1;No inventariada;9;6;9;2;1;;1;1;1;;;999;4
4;2;20;43;0;;1;1;AP-2;228,6;2;19;2;;;1;2;1;;;999;4
4;3;6;43;43043;;3;2;No inventariada;;14;19;1;999;;1;6;1;;;999;998
4;3;3;43;0;;1;1;AP-7;208,6;2;4;1;999;;1;6;1;;;999;4
4;3;16;43;0;;1;1;No inventariada;0,3;6;2;1;999;;1;1;1;;;999;4
1;6;21;43;43148;;3;2;No inventariada;;14;9;2;4;;1;4;1;;;17;998
1;7;11;43;43148;;3;2;No inventariada;;14;9;2;1;;1;1;1;;;17;998
1;7;11;43;43148;;3;2;No inventariada;;14;4;2;2;;1;1;1;;;17;998
1;1;13;43;43148;;3;2;No inventariada;;14;3;1;999;;1;1;1;;;17;998
1;5;16;43;43148;;3;2;No inventariada;;14;4;2;4;;1;1;1;;;17;998
1;6;15;43;43148;;3;2;No inventariada;;14;9;1;999;;1;1;1;;;17;998
1;7;17;43;43148;;3;2;No inventariada;;14;19;1;999;;1;2;1;;;17;998
1;1;11;43;43148;;3;2;No inventariada;;14;4;2;4;;1;1;1;;;17;998
4;4;8;43;43037;;1;1;TV-2126;3,8;6;4;2;4;;1;1;1;;;999;4
4;4;9;43;43163;;1;1;C-51;6;6;4;2;4;;1;1;1;;;999;4
4;4;10;43;0;;1;1;TV-2034;4,2;6;19;2;4;;1;1;1;;;999;4
4;4;19;43;0;;1;1;N-420;844,8;6;19;1;999;;1;1;1;;;999;4
2;5;16;43;43148;;3;2;No inventariada;;14;4;2;4;;1;1;1;;;17;998
2;1;10;43;43148;;3;2;No inventariada;;14;7;2;1;;1;1;1;;;17;998
2;4;16;43;43148;;3;2;No inventariada;;14;3;1;999;;1;1;1;;;17;998
2;7;5;43;43148;;3;2;No inventariada;;14;9;1;999;;1;4;1;;;17;998
2;2;10;43;43148;;2;2;N-340a;1160;14;4;2;2;;1;1;1;;;17;4
4;5;17;43;43148;;1;1;AP-7;242;2;19;1;999;;1;1;1;;;999;4
4;6;11;43;0;;1;1;TV-7042;7,5;6;19;1;999;;1;1;1;;;999;4
4;6;13;43;0;;1;1;T-702;19,1;6;19;1;999;;1;1;1;;;4;2
4;6;20;43;43148;;1;1;T-11;16;3;2;2;4;;1;4;1;;;999;4
4;7;11;43;0;;1;1;TV-2401;7,7;6;19;1;999;;1;1;1;;;999;4
4;7;12;43;43037;;1;1;C-31;140,8;6;4;1;999;;1;1;1;;;999;4
4;7;12;43;43148;;1;1;N-240;5;6;19;2;4;;1;1;1;;;999;4
4;7;13;43;0;;1;1;C-37;33,6;6;9;1;999;;1;1;1;;;999;4
4;7;16;43;0;;1;1;TV-2441;1,4;6;19;1;999;;1;1;1;;;999;4
2;2;18;43;43148;;3;2;No inventariada;;14;2;1;999;;1;4;1;;;17;998
2;1;16;43;43148;;3;2;No inventariada;;14;7;2;4;;1;1;1;;;17;998
2;3;19;43;43148;;3;2;No inventariada;;14;4;2;4;;1;4;1;;;17;998
2;3;21;43;43148;;3;2;No inventariada;;14;4;2;4;;1;4;1;;;17;998
2;6;19;43;43148;;3;2;No inventariada;;14;1;1;999;;1;4;1;;;17;998
3;6;18;43;43163;;3;2;No inventariada;;14;7;1;999;;1;2;1;;;17;998
3;7;21;43;43163;;3;2;No inventariada;;14;4;2;4;;1;4;1;;;17;998
4;7;3;43;43161;;3;2;No inventariada;;14;3;1;999;;1;1;1;;;17;998
4;6;12;43;0;;1;1;T-703;2,9;6;19;1;999;;1;1;1;;;17;4
4;1;11;43;0;;1;1;T-310;9,6;6;19;1;999;;1;1;1;;;999;4
4;1;11;43;43163;;1;1;N-340;1188;6;4;2;4;;1;1;1;;;999;4
4;1;16;43;43123;;3;2;No inventariada;;14;19;1;999;;1;1;1;;;17;998
4;6;12;43;0;;1;1;T-702;8,9;6;19;1;999;;1;1;1;;;999;4
4;2;15;43;0;;1;1;C-12;31,1;6;19;1;999;;1;1;1;;;999;4
4;2;15;43;43005;;1;1;C-37;2,1;6;4;1;999;;1;1;1;;;999;4
2;1;10;43;43148;;3;2;No inventariada;;14;1;1;999;;1;1;1;;;17;998
3;5;16;43;43163;;3;2;No inventariada;;14;9;2;2;;1;1;1;;;17;998
2;1;14;43;43148;;3;2;No inventariada;;14;19;1;999;;1;1;1;;;17;998
2;3;8;43;43148;;3;2;No inventariada;;14;9;2;2;;1;1;1;;;17;998
3;5;13;43;43148;;3;2;No inventariada;;14;9;1;999;;1;1;1;;;17;998
3;4;12;43;43163;;3;2;No inventariada;;14;4;1;999;;1;1;1;;;17;998
3;5;14;43;43148;;2;2;N-340;1158;14;9;2;4;;8;1;1;;;17;4
1;7;22;43;43148;;3;2;No inventariada;;14;2;2;1;;1;4;1;;;17;998
2;5;12;43;43148;;3;2;No inventariada;;14;2;2;2;;1;1;1;;;17;998
3;5;20;43;43163;;3;2;No inventariada;;14;7;1;999;;1;4;1;;;17;998
3;7;3;43;43163;;3;2;No inventariada;;14;19;1;999;;1;4;1;;;17;998
4;3;18;43;0;;3;2;No inventariada;;14;3;1;999;;1;1;1;;;999;998
4;3;20;43;0;;1;1;AP-7;215,2;2;4;1;999;;1;2;1;;;999;4
4;2;18;43;43161;;3;2;No inventariada;;14;7;1;999;;1;1;1;;;1;998
4;4;11;43;43148;;1;1;AP-7;242;2;4;1;999;;1;1;1;;;999;4
4;4;13;43;0;;1;1;T-223;2,1;6;19;1;999;;1;1;1;;;17;3
4;4;18;43;0;;1;1;TP-2125;0,8;6;9;2;4;;8;1;1;;;999;4
4;4;23;43;43123;;1;1;T-11;5;3;4;2;4;;1;4;1;;;999;4
4;5;9;43;0;;1;1;N-420;866,5;6;2;2;2;;1;1;1;;;17;2
4;5;17;43;43163;;1;1;N-340;1188;6;4;2;4;;1;1;1;;;999;4
4;5;18;43;0;;1;1;AP-7;334,5;2;19;1;999;;1;1;1;;;999;4
4;5;22;43;0;;3;2;No inventariada;;14;2;2;1;;1;4;1;;;999;998
4;3;10;43;43153;;3;2;No inventariada;;14;4;1;999;;1;1;1;;;17;998
4;6;5;43;0;;1;1;A-7;1145;3;4;1;999;;1;6;1;;;4;1
4;6;11;43;43153;;1;1;N-340;1179;6;4;1;999;;1;1;1;;;999;4
4;6;13;43;0;;1;1;TV-2443;4,3;6;19;1;999;;1;1;1;;;999;4
4;6;13;43;0;;1;1;C-242;55;6;19;1;999;;8;1;1;;;999;4
4;6;16;43;43086;;1;1;N-240;30,9;6;19;1;999;;1;1;1;;;999;4
4;4;13;43;43161;;3;2;No inventariada;;14;7;1;999;;1;1;1;;;17;998
4;3;18;43;43123;;3;2;No inventariada;;14;9;1;999;;1;1;1;;;17;998
4;4;14;43;43123;;3;2;No inventariada;;14;20;1;999;;1;1;1;;;17;998
4;4;14;43;43123;;3;2;No inventariada;;14;7;1;999;;1;1;1;;;17;998
4;7;22;43;43123;;3;2;No inventariada;;14;3;1;999;;1;1;1;;;17;998
4;7;13;43;0;;1;1;C-37;41,7;6;19;1;999;;1;1;1;;;999;4
4;7;21;43;43013;;1;1;N-340;1111;6;19;1;999;;1;6;1;;;999;4
3;6;22;43;43148;;3;2;No inventariada;;14;2;2;1;;1;4;1;;;17;998
3;6;15;43;43148;;3;2;No inventariada;;14;4;1;999;;1;1;1;;;17;998
3;1;17;43;43148;;3;2;No inventariada;;14;18;2;4;;1;2;1;;;17;998
1;7;13;43;43123;;3;2;No inventariada;;14;20;1;999;;1;1;1;;;17;998
4;2;19;43;43123;;3;2;No inventariada;;14;7;1;999;;1;1;1;;;17;998
4;6;10;43;0;;1;1;N-240;8,4;6;9;2;4;;1;1;1;;;999;4
4;7;5;43;0;;1;1;AP-7;314,5;2;19;1;999;;1;6;1;;;999;4
4;1;12;43;0;;1;1;TV-7092;6;6;19;1;999;;1;1;1;;;999;4
4;1;20;43;43156;;1;1;T-331;3,4;6;20;1;999;;1;1;1;;;17;4
2;2;17;43;43037;;3;2;No inventariada;;14;9;1;999;;1;1;1;;;17;998
4;6;22;43;43161;;3;2;No inventariada;;14;7;1;999;;1;1;1;;;17;998
4;3;17;43;43016;;1;1;N-340;1200;6;4;2;4;;1;1;1;;;999;4
4;2;17;43;43123;;1;1;C-14;6,3;3;4;1;999;;1;1;1;;;999;4
4;2;20;43;43148;;1;1;T-11;16,8;3;2;2;4;;1;1;1;;;999;4
4;2;21;43;0;;3;2;No inventariada;;14;2;2;2;;1;4;1;;;999;998
3;2;16;43;43038;;3;2;No inventariada;;14;2;1;999;;1;1;1;;;1;998
4;1;15;43;43123;;3;2;No inventariada;;14;2;1;999;;1;1;1;;;17;998
4;3;11;43;0;;3;2;No inventariada;;14;3;1;999;;1;1;1;;;999;998
4;3;15;43;43171;;1;1;N-340;1150;6;19;2;1;;1;1;1;;;999;4
4;6;19;43;43123;;3;2;No inventariada;;14;2;1;999;;1;1;1;;;17;998
4;3;15;43;43148;;1;1;T-11;15;3;4;2;4;;1;1;1;;;999;4
4;4;8;43;43129;;1;1;T-314;4,5;6;4;1;999;;1;1;1;;;999;4
4;4;13;43;0;;3;2;No inventariada;;14;1;2;2;;1;1;1;;;999;998
4;4;16;43;0;;1;1;T-310;22,2;6;9;1;999;;8;1;1;;;999;4
4;4;22;43;43129;;1;1;T-310;4,7;6;1;1;999;;1;6;1;;;17;2
2;4;16;43;43037;;3;2;No inventariada;;14;9;1;999;;1;1;1;;;17;998
2;6;3;43;43037;;3;2;No inventariada;;14;6;2;2;;3;4;3;;;17;998
3;4;9;43;43163;;2;2;TP-2044;0,4;14;2;2;4;;1;1;1;;;17;4
4;3;13;43;0;;2;2;C-242;33,7;6;20;1;999;;1;1;1;;;17;4
4;5;10;43;43148;;1;1;N-340;1165;6;3;2;2;;1;1;1;;;999;4
4;4;8;43;0;;1;1;N-420;858,5;6;19;1;999;;1;1;1;;;999;4
4;5;12;43;43016;;1;1;N-340;1200;6;19;1;999;;1;1;1;;;999;4
4;5;18;43;43155;;1;1;C-12;14,5;6;19;1;999;;1;1;1;;;999;4
4;5;18;43;43171;;1;1;C-14;4,3;3;3;2;4;;1;1;1;;;17;1
4;5;23;43;43148;;1;1;T-11;15;3;2;2;4;;1;4;1;;;999;4
4;6;22;43;43148;;1;1;T-11;18;3;2;2;4;;1;4;1;;;999;4
4;6;4;43;43014;;1;1;TV-3405;4;6;2;2;2;;1;6;1;;;999;4
4;6;8;43;0;;1;1;C-37;20,7;6;9;1;999;;1;1;1;;;999;4
4;6;13;43;43005;;1;1;TV-7041;6,3;6;3;1;999;;1;1;1;;;999;4
4;6;19;43;43037;;1;1;C-31;137,5;6;4;2;2;;1;1;1;;;999;4
4;7;2;43;0;;1;1;T-703;10;6;19;1;999;;1;6;1;;;999;4
3;5;21;43;43123;;3;2;No inventariada;;14;4;1;999;;1;1;1;;;17;998
4;4;7;43;43123;;3;2;No inventariada;;14;2;1;999;;1;1;1;;;17;998
4;3;8;43;43123;;3;2;No inventariada;;14;2;1;999;;1;1;1;;;17;998
4;4;18;43;43123;;3;2;No inventariada;;14;9;1;999;;1;1;1;;;17;998
4;6;18;43;43123;;3;2;No inventariada;;14;4;1;999;;1;1;1;;;17;998
4;5;10;43;43153;;3;2;No inventariada;;14;9;1;999;;1;1;1;;;17;998
2;6;12;43;43037;;3;2;No inventariada;;14;7;2;4;;3;1;3;;;17;998
4;7;17;43;43129;;1;1;TV-3141;2,5;6;1;1;999;;1;1;1;;;999;4
4;1;10;43;43155;;1;1;T-342;6,2;6;2;2;1;;1;1;1;;;999;4
4;1;12;43;0;;1;1;N-240;6,5;6;1;1;999;;1;1;1;;;999;4
4;1;17;43;43148;;1;1;A-7;1165;3;19;1;999;;1;1;1;;;999;4
4;1;19;43;43148;;1;1;T-11;15;3;4;2;4;;1;1;1;;;999;4
2;7;12;43;43037;;3;2;No inventariada;;14;9;1;999;;1;1;1;;1;17;998
2;6;23;43;43037;;3;2;No inventariada;;14;6;1;999;;1;4;1;;;17;998
3;5;9;43;43037;;3;2;No inventariada;;14;3;2;2;;1;1;1;;;17;998
3;5;16;43;43037;;3;2;No inventariada;;14;1;2;1;;1;1;1;;;17;998
4;4;16;43;0;;1;1;N-420;866,5;6;2;2;2;;1;1;1;;;999;4
4;2;6;43;0;;1;1;AP-7;212,5;2;19;2;;;3;4;1;;;999;4
4;2;8;43;43171;;1;1;A-7;1151;3;4;1;999;;1;1;1;;;999;4
3;6;11;43;43148;;3;2;No inventariada;;14;9;1;999;;1;1;1;;;1;998
4;6;17;43;43148;;3;2;No inventariada;;14;20;1;999;;1;1;1;;;17;998
4;2;16;43;43123;;3;2;No inventariada;;14;2;1;999;;1;1;1;;;17;998
4;1;4;43;43148;;1;1;AP-7;239,3;2;4;1;999;;1;6;1;;;999;4
4;5;14;43;43123;;1;1;T-11;5,7;3;4;1;999;;1;1;1;;;999;4
4;3;14;43;43123;;3;2;No inventariada;;14;2;1;999;;1;1;1;;;17;998
4;3;21;43;43123;;3;2;No inventariada;;14;7;1;999;;1;1;1;;;17;998
4;4;14;43;43123;;1;1;TV-3141;7;6;7;2;4;;1;1;1;;;999;4
2;2;19;43;43148;;3;2;No inventariada;;14;7;1;999;;1;4;1;;;17;998
4;2;12;43;43171;;1;1;TV-3146;0,5;6;4;2;2;;1;1;1;;;999;4
4;5;7;43;43047;;1;1;TV-7211;6,5;6;4;2;2;;1;1;1;;;999;4
4;6;1;43;43901;;1;1;TV-3401;5,5;6;19;1;999;;1;6;1;;;999;4
4;7;16;43;43153;;3;2;No inventariada;;14;7;1;999;;1;1;1;;;17;998
4;6;5;43;43148;;1;1;A-7;1164;3;8;1;999;;1;6;1;;;999;4
4;1;10;43;43148;;3;2;No inventariada;;14;7;1;999;;1;1;1;;;1;998
4;5;17;43;43123;;3;2;No inventariada;;14;4;1;999;;1;1;1;;;17;998
4;1;9;43;43004;;1;1;N-340;1071;6;4;1;999;;1;1;1;;;999;4
4;5;9;43;43038;;1;1;AP-7;265,3;2;3;1;999;;1;1;1;;;4;2
4;7;16;43;0;;1;1;T-702;21,6;6;19;1;999;;3;1;3;;;999;4
4;1;8;43;43123;;3;2;No inventariada;;14;6;1;999;;1;1;1;;;17;998
4;6;11;43;43123;;3;2;No inventariada;;14;7;1;999;;1;1;1;;;17;998
4;1;9;43;0;;3;2;No inventariada;;14;2;2;1;;3;1;3;;;999;998
4;1;12;43;0;;1;1;AP-7;213;2;2;1;999;;3;1;3;;;999;4
4;1;15;43;0;;1;1;C-44;25,2;6;19;1;999;;3;1;3;;;999;4
4;1;16;43;0;;1;1;AP-7;316,7;2;9;1;999;;3;1;3;;;999;4
4;1;15;43;0;;1;1;TP-3311;4,5;6;19;1;999;;3;1;3;;;999;4
4;1;11;43;43171;;1;1;TV-3148;0,9;3;9;2;4;;3;1;3;;;999;4
4;2;10;43;43086;;2;2;C-14;38,6;6;4;1;999;;1;1;1;;;999;4
4;2;16;43;43163;;1;1;C-51;6;6;4;2;4;;1;1;1;;;999;4
4;2;18;43;43163;;1;1;C-51;8;6;4;2;;;1;1;1;;;999;4
4;2;19;43;43123;;1;1;T-11;5,3;3;4;1;999;;1;1;1;;;999;4
4;2;23;43;43043;;1;1;TP-2031;10,1;6;8;1;999;;1;6;1;;;999;4
5;3;2;43;43123;;1;1;TP-7225;2,2;6;19;1;999;;1;6;1;;;999;4
4;1;15;43;43123;;3;2;No inventariada;;14;2;1;999;;1;1;1;;;17;998
4;2;11;43;43123;;3;2;No inventariada;;14;3;1;999;;1;1;1;;;17;998
4;1;18;43;43123;;3;2;No inventariada;;14;20;1;999;;1;1;1;;;17;998
5;3;16;43;43156;;1;1;TP-3311;12,5;6;19;1;999;;8;1;999;;;999;4
5;3;23;43;43086;;1;1;C-14;37,8;6;19;1;999;;1;6;1;;;999;4
5;4;9;43;43123;;1;1;T-11;3;3;7;2;4;;1;1;1;;;999;4
3;3;8;43;43148;;3;2;No inventariada;;14;7;1;999;;1;1;1;;;17;998
3;3;15;43;43148;;3;2;No inventariada;;14;2;1;999;;1;1;1;;;17;998
3;4;15;43;43148;;3;2;No inventariada;;14;19;1;999;;1;1;1;;;17;998
3;3;19;43;43148;;3;2;No inventariada;;14;3;1;999;;1;4;1;;;17;998
3;6;17;43;43148;;2;2;N-340;1159;14;4;1;999;;3;1;3;;;17;4
3;7;13;43;43148;;3;2;No inventariada;;14;2;2;1;;1;1;1;;;17;998
3;2;18;43;43148;;3;2;No inventariada;;14;7;1;999;;1;2;1;;;17;998
3;3;14;43;43148;;3;2;No inventariada;;14;4;2;4;;1;1;1;;;17;998
3;4;21;43;43148;;3;2;No inventariada;;14;2;1;999;;3;4;3;;;17;998
3;2;22;43;43148;;3;2;No inventariada;;14;4;1;999;;1;4;1;;;17;998
3;6;20;43;43148;;3;2;No inventariada;;14;1;1;999;;1;4;1;;;17;998
5;5;7;43;43123;;1;1;T-11;7,5;3;4;1;999;;1;1;1;;;999;4
5;5;9;43;43163;;1;1;C-31;135,4;6;2;2;;;1;1;1;;;999;4
5;5;11;43;0;;1;1;No inventariada;9;6;9;1;999;;1;1;1;;;999;4
5;5;14;43;0;;3;2;No inventariada;;14;6;1;999;;1;1;1;;;999;998
5;5;18;43;43171;;1;1;A-7;1150;3;19;2;;;1;1;1;;;999;4
5;5;18;43;0;;1;1;C-44;22;6;19;1;999;;1;1;1;;;17;4
5;6;10;43;0;;3;2;No inventariada;;14;7;1;999;;1;1;1;;;999;998
5;6;11;43;0;;3;2;No inventariada;;14;2;2;2;;1;1;1;;;999;998
5;6;11;43;0;;1;1;C-12;64,7;6;2;2;1;;1;1;1;;;999;4
5;6;22;43;43014;;1;1;T-344;2,4;6;2;1;999;;1;6;1;;;17;1
5;6;23;43;43148;;1;1;T-11;17,5;3;9;2;4;;1;4;1;;;999;4
5;4;10;43;43123;;3;2;No inventariada;;14;7;1;999;;1;1;1;;;17;998
5;5;17;43;43092;;2;2;N-340;1132;14;3;1;999;;1;1;1;;;17;4
5;7;8;43;43163;;1;1;N-340;1191;6;9;1;999;;1;1;1;;;999;4
5;7;9;43;0;;1;1;TP-7401;2,3;6;19;1;999;;1;1;1;;;999;4
5;7;11;43;43161;;1;1;N-240;25,5;6;19;1;999;;1;1;1;;;999;4
5;7;17;43;43163;;1;1;N-340;1187;6;4;1;999;;1;1;1;;;999;4
5;7;19;43;0;;1;1;AP-2;229;2;4;1;999;;1;1;1;;;999;4
5;7;22;43;43136;;1;1;TV-3408;8,1;6;2;2;2;;1;6;1;;;17;1
4;2;10;43;43123;;3;2;No inventariada;;14;2;1;999;;1;1;1;;;17;998
4;1;20;43;43123;;1;1;T-310;1,7;6;19;2;4;;3;2;3;;;999;4
5;1;5;43;0;;1;1;C-12;30,9;6;19;1;999;;1;5;1;;;999;4
5;1;8;43;43163;;1;1;N-340;1188;6;2;1;999;;1;1;1;;;999;4
5;1;10;43;43148;;1;1;N-240;4,5;3;19;1;999;;1;1;1;;;999;4
5;1;17;43;43162;;1;1;C-44;3,4;6;2;2;2;;1;1;1;;;999;4
5;1;22;43;43047;;1;1;A-27;7,5;3;4;1;999;;1;6;1;;;999;4
5;2;4;43;0;;1;1;No inventariada;0;6;19;1;999;;1;6;1;;;999;4
4;2;8;43;43148;;3;2;No inventariada;;14;7;1;999;;1;1;1;;;1;998
4;6;14;43;43148;;1;1;N-340;1165;6;9;1;999;;1;1;1;;;999;4
5;2;8;43;43148;;1;1;A-7;1162;3;4;1;999;;1;1;1;;;999;4
5;1;21;43;43123;;3;2;No inventariada;;14;20;1;999;;1;1;1;;;17;998
4;6;16;43;0;;1;1;T-331;14;6;19;2;4;;1;1;1;;;999;4
5;1;17;43;0;;1;1;C-43;4,8;6;19;1;999;;1;1;1;;;17;4
5;2;13;43;43123;;1;1;T-315;3,5;3;2;2;4;;1;1;1;;;999;4
5;3;8;43;43037;;1;1;C-31;138,9;6;19;1;999;;1;1;1;;;999;4
5;3;22;43;0;;1;1;N-420;812,6;6;8;1;999;;1;6;1;;;999;4
4;2;22;43;43163;;3;2;No inventariada;;14;7;1;999;;1;6;1;;;17;998
3;3;21;43;43148;;3;2;No inventariada;;14;9;2;4;;1;4;1;;;17;998
5;7;20;43;43092;;3;2;No inventariada;;14;2;1;999;;1;1;1;;;17;998
5;2;7;43;43092;;3;2;No inventariada;;14;2;1;999;;1;1;1;;;17;998
5;3;18;43;43123;;3;2;No inventariada;;14;4;1;999;;1;1;1;;;17;998
5;3;17;43;43123;;1;1;TV-7211;2,5;6;4;2;4;;1;1;1;;;999;4
4;2;13;43;43163;;3;2;No inventariada;;14;3;1;999;;1;1;1;;;17;998
3;4;11;43;43148;;2;2;N-340;1167;14;4;1;999;;1;1;1;;;17;4
5;4;9;43;43171;;1;1;C-14;4,3;3;4;2;;;1;1;1;;;999;4
5;5;14;43;43163;;1;1;C-31;135,3;6;3;2;;;1;1;1;;;999;4
5;5;16;43;43014;;1;1;T-344;3,2;6;6;2;4;;1;1;1;;;999;4
5;4;12;43;43133;;3;2;No inventariada;;14;2;1;999;;1;1;1;;;17;998
5;6;18;43;0;;1;1;TV-2443;13,1;6;9;1;999;;1;1;1;;;999;4
5;6;17;43;0;;1;1;N-230b;15,9;6;6;1;999;;1;1;1;;;999;4
5;6;18;43;43129;;1;1;No inventariada;2;6;2;2;2;;1;1;1;;;999;4
5;6;21;43;43148;;1;1;No inventariada;0;6;2;2;1;;1;6;1;;;999;4
5;2;8;43;43153;;3;2;No inventariada;;14;7;1;999;;1;1;1;;;17;998
5;7;11;43;43907;;1;1;T-11;12;3;4;2;4;;1;1;1;;;999;4
5;7;12;43;0;;1;1;N-240;26,5;6;9;1;999;;1;1;1;;;999;4
5;7;14;43;0;;1;1;AP-2;221;2;6;1;999;;1;1;1;;;999;4
3;6;21;43;43037;;3;2;No inventariada;;14;9;2;2;;3;4;3;;;17;998
3;2;11;43;43037;;3;2;No inventariada;;14;7;2;1;;1;1;1;;;17;998