MES;DIA_SEMANA;HORA;COD_PROVINCIA;COD_MUNICIPIO;ISLA;ZONA;ZONA_AGRUPADA;CARRETERA;KM;TIPO_VIA;TIPO_ACCIDENTE;NUDO;NUDO_INFO;CARRETERA_CRUCE;CONDICION_FIRME;CONDICION_ILUMINACION;CONDICION_METEO;CONDICION_NIEBLA;CONDICION_VIENTO;VISIB_RESTRINGIDA_POR;TRAZADO_PLANTA
3;2;11;43;43037;;3;2;No inventariada;;14;3;1;999;;1;1;1;;;17;998
5;1;8;43;0;;1;1;N-240;9;6;1;1;999;;1;1;1;;;17;2
5;1;12;43;43092;;1;1;T-310;13,8;6;2;2;2;;1;1;1;;;17;2
5;1;14;43;0;;1;1;N-340a;1089;6;19;1;999;;1;1;1;;;999;4
5;1;14;43;43148;;1;1;A-7;1163;3;4;2;1;;1;1;1;;;17;4
5;1;15;43;43156;;1;1;T-331;3;6;4;1;999;;1;1;1;;;999;4
3;3;16;43;43037;;3;2;No inventariada;;14;9;2;2;;1;1;1;;;17;998
3;3;17;43;43037;;3;2;No inventariada;;14;9;1;999;;1;1;1;;;17;998
3;7;14;43;43037;;3;2;No inventariada;;14;9;1;999;;1;1;1;;;17;998
3;5;14;43;43037;;3;2;No inventariada;;14;4;1;999;;1;1;1;;;17;998
3;4;11;43;43037;;3;2;No inventariada;;14;4;2;2;;1;1;1;;;17;998
3;7;19;43;43037;;2;2;C-31;142,9;14;4;2;4;;3;1;3;;;17;4
5;5;11;43;43086;;3;2;No inventariada;;14;7;2;2;;4;1;1;;;1;998
5;2;15;43;43148;;3;2;No inventariada;;14;3;2;4;;1;1;1;;;1;998
5;3;2;43;43123;;3;2;No inventariada;;14;9;1;999;;1;1;1;;;17;998
5;6;10;43;0;;1;1;T-204;4,2;6;19;1;999;;1;1;1;;;999;4
5;2;13;43;0;;1;1;T-734;9,7;6;19;1;999;;1;1;1;;;999;4
5;2;13;43;43123;;1;1;TP-7225;1,6;6;2;2;4;;1;1;1;;;999;4
5;3;2;43;0;;1;1;TP-7013;0,5;6;8;1;999;;3;6;3;;;999;4
3;5;14;43;43148;;3;2;No inventariada;;14;2;2;1;;1;1;1;;;17;998
3;4;17;43;43148;;3;2;No inventariada;;14;4;1;999;;1;1;1;;;17;998
3;4;23;43;43148;;3;2;No inventariada;;14;2;2;1;;1;4;1;;;17;998
3;6;12;43;43148;;3;2;No inventariada;;14;4;2;4;;1;1;1;;;17;998
5;5;20;43;43092;;3;2;No inventariada;;14;9;1;999;;1;1;1;;;17;998
5;5;22;43;0;;1;1;C-242;44,2;6;19;1;999;;1;6;1;;;999;4
5;3;11;43;43148;;1;1;AP-7;241,9;2;4;1;999;;1;1;1;;;999;4
5;3;16;43;0;;1;1;N-420;862;6;2;1;999;;1;1;1;;;999;4
5;3;18;43;43148;;1;1;N-240;2,7;3;4;2;;;1;1;1;;;999;4
5;4;1;43;43171;;1;1;AP-7;256,2;2;9;1;999;;1;5;1;;;999;4
4;2;7;43;43148;;2;2;N-340;1167;14;4;1;999;;1;2;1;;;17;4
4;2;9;43;43148;;3;2;No inventariada;;14;3;2;4;;1;1;1;;;17;998
4;2;16;43;43148;;3;2;No inventariada;;14;6;1;999;;1;1;1;;;17;998
4;4;9;43;43148;;3;2;No inventariada;;14;4;2;4;;1;1;1;;;17;998
4;5;7;43;43148;;3;2;No inventariada;;14;2;2;4;;1;1;1;;;17;998
4;4;8;43;43131;;3;2;No inventariada;;14;7;2;1;;1;1;1;;;17;998
4;6;22;43;43131;;3;2;No inventariada;;14;9;1;999;;3;4;3;;;17;998
5;4;21;43;43131;;3;2;No inventariada;;14;19;1;999;;1;4;1;;;17;998
5;7;10;43;43131;;3;2;No inventariada;;14;7;1;999;;1;1;1;;;17;998
5;7;15;43;43905;;3;2;No inventariada;;14;3;1;999;;1;1;1;;;1;998
5;2;21;43;43161;;3;2;No inventariada;;14;2;1;999;;1;1;1;;;17;998
5;3;12;43;0;;1;1;No inventariada;0;6;19;1;999;;1;1;1;;;999;4
5;4;9;43;43907;;1;1;T-11;12,6;3;4;1;999;;1;1;1;;;999;4
5;4;13;43;43901;;1;1;TV-3454;11,1;6;2;2;1;;1;1;1;;;999;4
5;4;18;43;0;;1;1;No inventariada;5;6;2;2;2;;1;1;1;;;999;4
4;5;16;43;43148;;3;2;No inventariada;;14;2;2;2;;1;1;1;;;17;998
5;3;7;43;43133;;3;2;No inventariada;;14;9;2;4;;3;1;3;;;17;998
4;1;12;43;43148;;2;2;N-340;1159;14;2;2;4;;1;1;1;;;17;4
4;1;18;43;43148;;3;2;No inventariada;;14;3;1;999;;1;1;1;;;17;998
4;5;23;43;43148;;3;2;No inventariada;;14;4;1;999;;1;4;1;;;17;998
4;6;20;43;43148;;3;2;No inventariada;;14;2;1;999;;1;1;1;;;17;998
4;4;8;43;43148;;3;2;No inventariada;;14;6;1;999;;1;1;1;;;17;998
5;5;13;43;0;;1;1;TP-7013;1,4;6;1;1;999;;1;1;1;;;999;4
5;5;14;43;43148;;1;1;A-7;1161;3;19;1;999;;1;1;1;;;999;4
5;5;15;43;43086;;1;1;N-240;35,1;3;19;1;999;;1;1;1;;;999;4
5;5;16;43;43907;;1;1;T-11;12,7;3;19;2;4;;1;1;1;;;999;4
5;5;19;43;0;;1;1;T-701;6,6;6;3;1;999;;1;1;1;;;4;3
5;1;8;43;43153;;3;2;No inventariada;;14;2;2;1;;1;1;1;;;17;998
5;6;3;43;0;;1;1;AP-7;208,6;2;19;1;999;;1;6;1;;;999;4
5;6;13;43;43129;;3;2;No inventariada;;14;2;2;1;;1;1;1;;;999;998
5;6;17;43;0;;1;1;C-12;48;6;3;1;999;;1;1;1;;;999;4
5;6;18;43;43123;;1;1;T-11;11,8;3;19;1;999;;1;1;1;;;999;4
3;2;17;43;43905;;3;2;No inventariada;;14;9;2;4;;1;1;1;;;1;998
5;6;6;43;43123;;3;2;No inventariada;;14;2;1;999;;1;1;1;;;17;998
5;5;17;43;43123;;3;2;No inventariada;;14;2;1;999;;1;1;1;;;17;998
5;4;14;43;43123;;3;2;No inventariada;;14;9;1;999;;1;1;1;;;17;998
5;6;17;43;43155;;3;2;No inventariada;;14;20;1;999;;1;1;1;;;17;998
5;7;9;43;0;;2;2;TP-2442;0,3;6;4;2;2;;1;1;1;;;999;4
5;7;11;43;43123;;1;1;N-340;1155;6;2;2;2;;1;1;1;;;999;4
4;7;3;43;43148;;3;2;No inventariada;;14;9;2;1;;1;4;1;;;17;998
4;1;13;43;43148;;2;2;N-340;1156;14;4;1;999;;1;1;1;;;17;4
4;4;18;43;43148;;2;2;N-340a;1160;14;4;1;999;;1;1;1;;;17;4
5;3;5;43;43133;;3;2;No inventariada;;14;19;1;999;;1;2;1;;;17;998
5;4;14;43;43133;;3;2;No inventariada;;14;19;1;999;;1;1;1;;;17;998
5;5;17;43;43133;;1;1;TV-3421;30,1;6;9;2;4;;3;1;3;;;17;4
5;6;10;43;43148;;3;2;No inventariada;;14;7;2;2;;1;1;1;;;1;998
5;1;9;43;0;;1;1;C-12;82,9;6;3;1;999;;1;1;1;;;999;4
5;1;19;43;43129;;1;1;T-314;5,7;6;3;1;999;;1;1;1;;;999;4
3;6;15;43;43148;;3;2;No inventariada;;14;9;1;999;;1;1;1;;;1;998
5;2;11;43;43163;;1;1;N-340;1188;6;4;2;4;;1;1;1;;;999;4
5;2;18;43;43005;;1;1;C-14;22;6;3;1;999;;1;1;1;;;999;4
5;2;20;43;43155;;1;1;T-331;21,1;6;19;1;999;;3;1;1;;;999;4
5;2;22;43;0;;1;1;No inventariada;1;6;19;2;2;;1;6;1;;;999;4
4;2;11;43;43148;;3;2;No inventariada;;14;7;1;999;;1;1;1;;;1;998
5;2;13;43;43129;;2;2;T-314;4,7;6;1;2;1;;1;1;1;;;999;4
5;3;6;43;43161;;1;1;A-27;20;3;19;1;999;;1;1;1;;;999;4
5;3;7;43;43129;;1;1;T-704;1,1;6;4;1;999;;1;2;1;;;999;4
5;3;20;43;43014;;1;1;C-12;5;6;4;2;;;1;1;1;;;999;4
5;3;21;43;43129;;3;2;No inventariada;;14;6;1;999;;1;4;1;;;999;998
5;4;2;43;43171;;1;1;C-14;1,7;3;19;2;4;;1;4;1;;;999;4
5;3;16;43;43133;;3;2;No inventariada;;14;7;1;999;;1;1;1;;;17;998
5;4;16;43;0;;1;1;N-340;1096;6;2;2;2;;1;1;1;;;999;4
5;4;16;43;0;;3;2;No inventariada;;14;9;2;2;;1;1;1;;;999;998
5;3;16;43;43901;;1;1;TV-3454;11,1;6;4;1;999;;1;1;1;;;999;4
5;4;21;43;0;;1;1;C-44;17,2;6;8;1;999;;1;6;1;;;999;4
5;5;10;43;0;;3;2;No inventariada;;14;9;2;4;;1;1;1;;;999;998
5;5;22;43;43133;;1;1;TV-3421;27,1;6;19;1;999;;1;6;1;;;999;4
5;6;4;43;43131;;1;1;N-340;1182;6;4;1;999;;1;6;1;;;999;4
5;6;22;43;43014;;1;1;T-344;2,5;6;19;1;999;;1;6;1;;;999;4
5;1;21;43;43123;;3;2;No inventariada;;14;7;1;999;;1;1;1;;;17;998
5;2;12;43;43123;;3;2;No inventariada;;14;2;1;999;;1;1;1;;;17;998
5;4;15;43;43123;;3;2;No inventariada;;14;2;1;999;;1;1;1;;;17;998
5;4;19;43;43123;;3;2;No inventariada;;14;7;1;999;;1;1;1;;;17;998
5;5;15;43;43123;;3;2;No inventariada;;14;2;1;999;;1;1;1;;;17;998
5;5;16;43;43123;;3;2;No inventariada;;14;2;1;999;;1;1;1;;;17;998
5;7;6;43;0;;1;1;T-722;4;6;19;1;999;;1;1;1;;;17;4
5;7;15;43;43129;;1;1;T-704;1,2;6;19;1;999;;1;1;1;;;17;4
5;3;12;43;43092;;3;2;No inventariada;;14;6;1;999;;1;1;1;;;17;998
5;1;17;43;43014;;1;1;T-344;2;6;2;2;2;;1;1;1;;;999;4
5;1;18;43;0;;1;1;No inventariada;24;6;2;2;4;;1;1;1;;;999;4
5;1;22;43;43129;;3;2;No inventariada;;14;9;1;999;;1;4;1;;;999;998
4;4;13;43;43037;;3;2;No inventariada;;14;3;1;999;;1;1;1;;;17;998
4;2;15;43;43037;;3;2;No inventariada;;14;7;2;4;;1;1;1;;;17;998
4;5;10;43;43037;;3;2;No inventariada;;14;4;2;4;;1;1;1;;;17;998
4;1;20;43;43037;;3;2;No inventariada;;14;2;2;1;;1;1;1;;;17;998
4;3;13;43;43037;;3;2;No inventariada;;14;3;2;2;;1;1;1;;;17;998
5;7;21;43;0;;1;1;No inventariada;96;6;2;2;2;;1;6;1;;;999;4
5;2;7;43;0;;2;2;N-340;1195;14;4;2;2;;1;1;1;;;999;4
5;2;9;43;0;;1;1;TV-3401;0,9;6;2;2;2;;1;1;1;;;999;4
5;2;13;43;43163;;1;1;C-31;135,5;6;2;2;4;;1;1;1;;;999;4
5;2;13;43;43148;;1;1;TP-2031;1,7;6;19;1;999;;1;1;1;;;999;4
5;2;17;43;0;;1;1;C-51;19,8;6;2;2;4;;1;1;1;;;999;4
5;2;18;43;0;;1;1;C-12;32,4;6;19;1;999;;1;1;1;;;999;4
5;2;19;43;0;;1;1;T-301;23,6;6;9;1;999;;1;1;1;;;999;4
5;2;19;43;43145;;1;1;C-14;13,7;3;2;2;2;;1;1;1;;;999;4
5;3;7;43;43038;;1;1;A-7;1148;3;3;2;4;;1;1;1;;;999;4
5;3;11;43;43171;;1;1;A-7;1150;3;3;2;;;1;1;1;;;999;4
5;3;13;43;0;;1;1;N-420;838,3;6;19;1;999;;1;1;1;;;999;4
5;3;20;43;0;;3;2;No inventariada;;14;9;1;999;;8;1;1;;;999;998
5;4;11;43;43171;;1;1;C-14;4,5;3;4;2;4;;1;1;1;;;999;4
5;4;10;43;43162;;1;1;AP-7;282,8;2;4;1;999;;1;1;1;;;999;4
4;7;23;43;43037;;2;2;C-31;142,9;14;19;1;999;;1;4;1;;;17;4
4;1;15;43;43037;;3;2;No inventariada;;14;2;2;1;;3;1;4;;;17;998
5;5;14;43;43145;;3;2;No inventariada;;14;2;2;1;;1;1;1;;;999;998
5;5;14;43;43153;;1;1;AP-7;231,8;2;19;1;999;;1;1;1;;;999;4
5;5;15;43;0;;1;1;N-340;1089;6;2;2;4;;1;1;1;;;999;4
5;5;19;43;0;;1;1;AP-7;208;2;7;1;999;;1;1;1;;;999;4
5;5;16;43;0;;1;1;C-37;18,4;6;1;1;999;;1;1;1;;;4;1
5;5;22;43;43901;;1;1;TV-3454;11;6;2;2;1;;1;6;1;;;999;4
6;6;3;43;43038;;1;1;A-7;1141;3;8;1;999;;1;5;1;;;999;4
6;6;8;43;43086;;1;1;C-14;32,9;6;2;1;999;;1;1;1;;;999;4
6;6;11;43;43086;;2;2;C-14;38,6;6;2;2;4;;1;1;1;;;999;4
6;6;12;43;0;;1;1;T-331;15;6;4;1;999;;1;1;1;;;999;4
6;6;12;43;0;;1;1;C-37;22,3;6;19;1;999;;1;1;1;;;999;4
6;6;14;43;43131;;1;1;AP-7;226,5;2;4;1;999;;1;1;1;;;999;4
6;6;21;43;0;;1;1;N-240;26,5;6;19;1;999;;1;2;1;;;999;4
6;6;20;43;0;;1;1;No inventariada;0;6;19;1;999;;1;1;1;;;17;1
6;6;22;43;43171;;1;1;TV-3148;1,4;3;19;1;999;;1;4;1;;;999;4
5;4;8;43;43148;;3;2;No inventariada;;14;2;1;999;;1;1;1;;;17;998
5;3;11;43;43905;;3;2;No inventariada;;14;7;1;999;;1;1;1;;;1;998
5;7;17;43;43123;;3;2;No inventariada;;14;4;1;999;;1;1;1;;;17;998
5;2;17;43;43123;;3;2;No inventariada;;14;20;1;999;;1;1;1;;;17;998
5;5;12;43;43123;;3;2;No inventariada;;14;7;1;999;;1;1;1;;;17;998
5;6;15;43;43171;;1;1;C-14;1,4;3;4;2;4;;1;1;1;;;999;4
6;7;4;43;43014;;1;1;AP-7;327,4;2;19;1;999;;1;6;1;;;999;4
6;7;6;43;0;;1;1;T-301;8,5;6;19;1;999;;1;2;1;;;999;4
6;7;6;43;43171;;1;1;A-7;1153;3;19;1;999;;3;1;1;;;999;4
6;7;10;43;0;;1;1;T-740;3,7;6;1;1;999;;1;1;1;;;999;4
6;7;13;43;43038;;1;1;T-312;1,5;6;4;1;999;;1;1;1;;;999;4
6;7;17;43;0;;1;1;C-12B;4;6;19;1;999;;1;1;1;;;999;4
6;7;21;43;0;;1;1;TV-3403;6;6;2;2;4;;1;1;1;;;999;4
6;1;6;43;43163;;1;1;AP-7;219,8;2;19;1;999;;1;1;1;;;999;4
6;1;11;43;0;;1;1;C-12;86,5;6;3;2;2;;1;1;1;;;999;4
6;1;17;43;43163;;1;1;AP-7;221,9;6;4;1;999;;1;1;1;;;999;4
6;2;9;43;0;;1;1;T-322;8;6;19;1;999;;1;1;1;;;999;4
6;2;11;43;43013;;1;1;N-340a;225;6;19;1;999;;1;1;1;;;999;4
6;2;14;43;0;;1;1;T-301;9,7;6;3;1;999;;1;1;1;;;17;2
6;2;16;43;0;;2;2;T-722;2,1;14;4;2;2;;1;1;1;;;999;4
6;2;19;43;43123;;1;1;No inventariada;0;6;4;2;4;;1;1;1;;;999;4
6;2;20;43;0;;2;2;No inventariada;1;14;7;1;999;;1;1;1;;;999;4
2;6;23;43;43148;;1;1;No inventariada;9;14;2;1;999;;1;4;1;;;17;4
4;2;16;43;43148;;3;2;No inventariada;;14;2;2;1;;1;1;1;;;17;998
4;2;17;43;43148;;3;2;No inventariada;;14;3;2;1;;1;1;1;;;17;998
5;3;21;43;43038;;3;2;No inventariada;;14;19;1;999;;1;4;1;;;1;998
6;3;10;43;0;;1;1;T-740;1,1;6;19;1;999;;1;1;1;;;999;4
6;3;10;43;43171;;1;1;TV-3148;1,8;3;2;1;999;;1;1;1;;;999;4
6;3;14;43;0;;1;1;A-27;15,2;3;19;2;4;;1;1;1;;;999;4
6;3;16;43;0;;1;1;C-12;92,8;6;19;1;999;;1;1;1;;;17;4
3;4;17;43;43163;;3;2;No inventariada;;14;7;2;2;;1;1;1;;;17;998
4;1;19;43;43163;;3;2;No inventariada;;14;4;1;999;;1;1;1;;;17;998
4;3;16;43;43163;;3;2;No inventariada;;14;2;2;1;;1;1;1;;;1;998
6;2;16;43;43171;;1;1;C-14;4,5;3;4;2;4;;1;1;1;;;999;4
6;4;7;43;43171;;1;1;AP-7;260;2;19;1;999;;1;2;1;;;999;4
6;4;13;43;43163;;1;1;N-340;1193;6;19;1;999;;1;1;1;;;17;4
6;4;14;43;43086;;1;1;C-14;33,8;6;19;1;999;;1;1;1;;;999;4
6;4;16;43;0;;1;1;AP-7;214,1;2;20;1;999;;1;1;1;;;999;4
6;4;22;43;43047;;1;1;TP-7225;5,5;6;19;1;999;;1;6;1;;;999;4
4;3;20;43;43163;;3;2;No inventariada;;14;2;2;2;;1;4;1;;;17;998
4;7;15;43;43163;;3;2;No inventariada;;14;4;1;999;;1;1;1;;;17;998
4;5;14;43;43148;;3;2;No inventariada;;14;6;1;999;;1;1;1;;;17;998
4;5;15;43;43148;;3;2;No inventariada;;14;9;1;999;;1;1;1;;;17;998
6;5;8;43;43086;;1;1;C-14;37,1;6;3;1;999;;1;1;1;;;999;4
6;5;13;43;43047;;1;1;AP-7;247,1;2;19;1;999;;1;1;1;;;17;4
6;5;18;43;43123;;1;1;T-11;4,2;3;3;2;4;;1;1;1;;;999;4
6;6;10;43;0;;3;2;No inventariada;;14;9;1;999;;1;1;1;;;999;998
6;6;10;43;0;;1;1;T-710;1;6;3;1;999;;1;1;1;;;999;4
6;6;11;43;43171;;1;1;C-14;1,7;3;4;2;4;;1;1;1;;;999;4
6;6;13;43;43148;;1;1;T-202;0,6;6;9;2;;;1;1;1;;;999;4
6;6;17;43;0;;1;1;N-230b;25,4;6;4;2;2;;1;1;1;;;999;4
6;6;21;43;43148;;1;1;A-7;1163;3;9;1;999;;1;1;1;;;999;4
6;4;23;43;43123;;3;2;No inventariada;;14;20;1;999;;1;1;1;;;17;998
6;5;8;43;0;;1;1;C-14;41,7;6;19;1;999;;1;1;1;;;999;4
6;7;5;43;0;;1;1;N-420;858;6;19;1;999;;1;6;1;;;999;4
6;7;7;43;43145;;1;1;C-14;16,6;3;19;1;999;;3;1;4;;;999;4
6;7;12;43;0;;1;1;No inventariada;5;6;9;1;999;;1;1;1;;;17;2
6;7;17;43;0;;1;1;T-750;3;6;19;1;999;;1;1;1;;;999;4
6;7;20;43;43148;;1;1;T-11;15;3;2;2;4;;1;1;1;;;999;4
6;7;22;43;43148;;1;1;A-7;1160;3;4;1;999;;1;6;1;;;999;4
4;4;11;43;43163;;3;2;No inventariada;;14;2;2;4;;1;1;1;;;17;998
4;5;8;43;43163;;3;2;No inventariada;;14;7;2;4;;1;1;1;;;17;998
4;7;15;43;43163;;3;2;No inventariada;;14;9;1;999;;1;1;1;;;17;998
4;1;11;43;43163;;3;2;No inventariada;;14;7;1;999;;3;1;1;;;17;998
4;4;13;43;43163;;2;2;TP-2044;0,4;14;2;2;1;;1;1;1;;;17;4
4;2;11;43;43163;;3;2;No inventariada;;14;4;1;999;;1;1;1;;;17;998
4;2;16;43;43163;;3;2;No inventariada;;14;2;1;999;;1;1;1;;;17;998
5;6;13;43;43163;;3;2;No inventariada;;14;9;1;999;;1;1;1;;;17;998
5;6;21;43;43163;;3;2;No inventariada;;14;7;1;999;;1;4;1;;;1;998
5;7;9;43;43163;;3;2;No inventariada;;14;9;1;999;;3;1;3;;;17;998
4;1;12;43;43038;;3;2;No inventariada;;14;7;1;999;;1;1;1;;;1;998
6;7;9;43;0;;3;2;No inventariada;;14;7;2;1;;1;1;1;;;17;998
6;1;10;43;43123;;1;1;T-310;2,2;6;3;2;;;1;1;1;;;999;4
6;2;0;43;43161;;1;1;N-240;18;6;19;2;4;;1;4;1;;;999;4
5;1;15;43;43163;;3;2;No inventariada;;14;2;2;1;;1;1;1;;;17;998
5;3;14;43;43163;;3;2;No inventariada;;14;6;1;999;;1;1;1;;;17;998
5;2;12;43;43163;;3;2;No inventariada;;14;4;1;999;;1;1;1;;;17;998
6;2;7;43;43131;;1;1;N-340;1183;6;9;2;2;;3;1;1;;;999;4
6;2;7;43;0;;1;1;N-340;1195;6;9;2;4;;3;1;3;;;999;4
6;2;8;43;43129;;1;1;TV-3141;2,8;6;19;1;999;;3;1;1;;;999;4
6;2;14;43;43163;;1;1;N-340;1188;6;2;2;2;;3;1;3;;;999;4
6;2;14;43;43133;;2;2;C-12;17,3;6;2;2;4;;3;1;3;;;999;4
6;2;17;43;0;;1;1;TV-3022;0,5;6;19;2;2;;3;1;3;;;999;4
6;2;19;43;0;;1;1;TP-2002;8,6;6;19;1;999;;3;1;3;;;999;4
6;2;19;43;43162;;1;1;C-44;3,1;6;19;1;999;;1;1;1;;;17;4
5;1;8;43;43163;;3;2;No inventariada;;14;7;1;999;;1;1;1;;;17;998
5;2;13;43;43163;;3;2;No inventariada;;14;2;2;1;;1;1;1;;;17;998
4;3;19;43;43148;;3;2;No inventariada;;14;6;1;999;;1;1;1;;;17;998
4;4;20;43;43148;;3;2;No inventariada;;14;7;2;1;;1;4;1;;;17;998
4;1;18;43;43148;;3;2;No inventariada;;14;19;1;999;;3;1;4;;;17;998
4;1;9;43;43148;;3;2;No inventariada;;14;9;2;4;;3;1;3;;;17;998
4;2;13;43;43148;;3;2;No inventariada;;14;7;2;2;;1;1;1;;;17;998
5;2;2;43;43148;;3;2;No inventariada;;14;2;2;2;;1;4;1;;;17;998
5;2;7;43;43148;;3;2;No inventariada;;14;6;1;999;;1;1;1;;;17;998
5;3;8;43;43163;;3;2;No inventariada;;14;2;2;4;;1;1;1;;;17;998
5;2;10;43;43148;;3;2;No inventariada;;14;9;1;999;;1;1;1;;;17;998
6;6;21;43;43163;;3;2;No inventariada;;14;2;2;2;;1;4;1;;;17;998
6;6;18;43;43123;;3;2;No inventariada;;14;7;1;999;;1;1;1;;;17;998
6;1;13;43;43123;;3;2;No inventariada;;14;9;1;999;;1;1;1;;;17;998
6;1;11;43;43123;;3;2;No inventariada;;14;7;1;999;;1;1;1;;;17;998
6;3;10;43;43123;;3;2;No inventariada;;14;2;1;999;;1;1;1;;;17;998
6;4;9;43;43123;;3;2;No inventariada;;14;4;1;999;;1;1;1;;;17;998
6;6;14;43;43123;;3;2;No inventariada;;14;2;1;999;;1;1;1;;;17;998
6;1;18;43;43123;;3;2;No inventariada;;14;2;1;999;;1;1;1;;;17;998
6;1;16;43;43123;;3;2;No inventariada;;14;4;1;999;;1;1;1;;;17;998
6;2;13;43;43123;;3;2;No inventariada;;14;2;1;999;;1;1;1;;;17;998
6;6;11;43;43123;;3;2;No inventariada;;14;4;1;999;;1;1;1;;;17;998
6;3;8;43;43013;;1;1;AP-7;297,2;2;19;1;999;;1;1;1;;;999;4
5;4;11;43;43148;;3;2;No inventariada;;14;19;2;2;;1;1;1;;;17;998
5;3;16;43;43163;;3;2;No inventariada;;14;2;2;2;;1;1;1;;;17;998
5;4;17;43;43163;;3;2;No inventariada;;14;2;2;1;;1;1;1;;;1;998
5;4;9;43;43163;;3;2;No inventariada;;14;4;2;2;;1;1;1;;;17;998
6;1;16;43;43905;;3;2;No inventariada;;14;3;1;999;;1;1;1;;;1;998
6;1;11;43;43123;;3;2;No inventariada;;14;7;1;999;;1;1;1;;;17;998
6;7;14;43;0;;3;2;No inventariada;;14;9;1;999;;1;1;1;;;999;998
6;4;16;43;0;;1;1;TV-2041;11,8;6;19;1;999;;1;1;1;;;999;4
6;4;19;43;43171;;1;1;TV-3148;0,9;3;4;2;4;;1;1;1;;;999;4
6;5;0;43;0;;1;1;AP-7;319,8;2;19;1;999;;1;6;1;;;999;4
5;3;14;43;43163;;3;2;No inventariada;;14;2;2;1;;1;1;1;;;17;998
6;7;20;43;43153;;3;2;No inventariada;;14;1;1;999;;1;1;1;;;17;998
5;7;18;43;43092;;1;1;T-322;5,5;6;19;1;999;;1;1;1;;;999;4
6;5;10;43;43014;;1;1;AP-7;328,4;2;19;1;999;;1;1;1;;;999;4
6;5;17;43;0;;1;1;AP-7;307,7;2;4;1;999;;1;1;1;;;999;4
6;5;20;43;43047;;1;1;TV-7211;7,8;6;2;2;4;;1;1;1;;;999;4
6;5;20;43;43148;;1;1;N-340;1166;6;20;2;1;;1;1;1;;;17;4
6;6;11;43;0;;1;1;AP-7;318,6;2;6;2;;;1;1;1;;;999;4
6;6;11;43;43163;;1;1;C-32;1,4;2;4;1;999;;1;1;1;;;999;4
6;6;11;43;0;;1;1;AP-7;307,5;2;19;1;999;;1;1;1;;;999;4
6;5;12;43;43051;;2;2;C-31;144,9;14;20;1;999;;1;1;1;;;17;4
6;4;19;43;43123;;3;2;No inventariada;;14;2;1;999;;1;1;1;;;17;998
6;5;12;43;43162;;1;1;AP-7;283,8;2;3;2;;;1;1;1;;;999;4
6;7;9;43;43129;;1;1;T-310;4,1;6;19;2;2;;1;1;1;;;999;4
6;7;12;43;0;;1;1;T-3225;3,5;6;19;1;999;;1;1;1;;;999;4
6;7;15;43;0;;1;1;AP-7;313;2;6;1;999;;1;1;1;;;999;4
6;7;15;43;43155;;1;1;C-42;8;3;6;1;999;;1;1;1;;;999;4
5;1;18;43;43905;;3;2;No inventariada;;14;4;1;999;;1;1;1;;;1;998
5;4;8;43;43044;;3;2;No inventariada;;14;2;2;1;;1;1;1;;;1;998
6;7;20;43;0;;1;1;TV-7223;3,5;6;19;1;999;;1;1;1;;;17;4
6;5;20;43;43092;;1;1;N-340;1136;6;2;2;2;;1;1;1;;;999;4
6;5;20;43;0;;2;2;N-340;1145;6;2;1;999;;1;1;1;;;999;4
6;1;8;43;43148;;1;1;AP-7;239,6;2;3;1;999;;1;1;1;;;999;4
6;1;9;43;43148;;1;1;AP-7;243;2;4;1;999;;1;1;1;;;999;4
6;1;11;43;0;;1;1;TV-3421;13,8;6;9;1;999;;8;1;1;;;999;4
6;6;11;43;43148;;3;2;No inventariada;;14;1;1;999;;1;1;1;;;2;998
6;1;15;43;0;;1;1;N-420;825,8;6;2;1;999;;1;1;1;;;999;4
6;2;2;43;43129;;1;1;T-310;5,7;6;19;2;4;;1;5;1;;;17;2
6;2;11;43;43163;;1;1;AP-7;222,5;6;2;1;999;;1;1;1;;;999;4
4;4;22;43;43148;;3;2;No inventariada;;14;3;2;1;;1;4;1;;;17;998
6;1;19;43;43086;;3;2;No inventariada;;14;7;1;999;;1;1;1;;;1;998
6;3;14;43;43123;;3;2;No inventariada;;14;4;1;999;;1;1;1;;;17;998
6;3;13;43;43148;;1;1;A-7;1162;3;7;2;;;1;1;1;;;999;4
6;3;18;43;0;;1;1;T-704;11,1;6;19;1;999;;1;1;1;;;999;4
6;4;1;43;0;;1;1;C-51;11,5;6;3;1;999;;1;6;1;;;999;4
5;4;16;43;43148;;3;2;No inventariada;;14;4;1;999;;1;1;1;;;17;998
5;5;11;43;43148;;3;2;No inventariada;;14;4;1;999;;1;1;1;;;17;998
5;6;18;43;43148;;3;2;No inventariada;;14;4;1;999;;1;1;1;;;17;998
5;1;15;43;43148;;3;2;No inventariada;;14;2;2;2;;1;1;1;;;17;998
5;2;17;43;43148;;3;2;No inventariada;;14;3;1;999;;1;1;1;;;17;998
5;6;10;43;43037;;3;2;No inventariada;;14;2;2;2;;1;1;1;;;17;998
5;4;8;43;43148;;3;2;No inventariada;;14;4;2;4;;1;1;1;;;17;998