MES;DIA_SEMANA;HORA;COD_PROVINCIA;COD_MUNICIPIO;ISLA;ZONA;ZONA_AGRUPADA;CARRETERA;KM;TIPO_VIA;TIPO_ACCIDENTE;NUDO;NUDO_INFO;CARRETERA_CRUCE;CONDICION_FIRME;CONDICION_ILUMINACION;CONDICION_METEO;CONDICION_NIEBLA;CONDICION_VIENTO;VISIB_RESTRINGIDA_POR;TRAZADO_PLANTA
5;6;22;43;43148;;3;2;No inventariada;;14;2;2;4;;1;4;1;;;17;998
5;1;19;43;43037;;3;2;No inventariada;;14;6;1;999;;1;1;1;1;;17;998
5;1;15;43;43037;;2;2;C-31;142,9;14;7;1;999;;1;1;1;;;17;4
5;1;12;43;43037;;3;2;No inventariada;;14;7;2;4;;1;1;1;1;;17;998
5;5;11;43;43037;;3;2;No inventariada;;14;2;2;2;;1;1;1;1;;17;998
4;3;19;43;43148;;2;2;N-340;1159;14;19;1;999;;1;1;1;;;1;3
6;6;3;43;43148;;3;2;No inventariada;;14;6;1;999;;1;4;1;;;1;998
6;4;18;43;43123;;3;2;No inventariada;;14;1;1;999;;1;1;1;;;17;998
6;3;9;43;43123;;3;2;No inventariada;;14;9;1;999;;1;1;1;;;17;998
6;4;11;43;43153;;1;1;T-210;1,3;6;9;2;4;;3;1;3;;;999;4
5;7;18;43;43148;;3;2;No inventariada;;14;3;2;1;;1;1;1;;;17;998
5;1;18;43;43148;;3;2;No inventariada;;14;2;2;2;;1;1;1;;;17;998
6;5;12;43;0;;3;2;No inventariada;;14;7;2;2;;1;1;1;;;999;998
6;6;4;43;0;;2;2;TV-2128;0,1;6;19;1;999;;1;4;1;;;999;4
6;6;10;43;43012;;1;1;T-214;2,7;6;3;2;4;;1;1;1;;;999;4
6;7;21;43;43014;;3;2;No inventariada;;14;2;2;4;;1;2;1;;;1;998
6;4;19;43;43123;;3;2;No inventariada;;14;7;1;999;;1;1;1;;;17;998
6;5;12;43;43123;;3;2;No inventariada;;14;7;1;999;;1;1;1;;;17;998
6;6;13;43;43123;;3;2;No inventariada;;14;7;1;999;;1;1;1;;;17;998
6;7;13;43;43100;;1;1;No inventariada;31;6;6;1;999;;1;1;1;;;999;4
6;7;14;43;43163;;1;1;N-340;1188;6;4;2;4;;1;1;1;;;999;4
6;7;14;43;0;;1;1;TP-7013;0,8;6;9;2;;;1;1;1;;;999;4
6;7;18;43;0;;1;1;T-202;7,8;6;9;1;999;;1;1;1;;;999;4
6;7;21;43;0;;2;2;T-710;0,1;6;19;1;999;;1;1;1;;;999;4
6;7;21;43;0;;1;1;T-201;14,1;6;19;1;999;;1;6;1;;;999;4
6;7;22;43;43148;;1;1;A-7;1167;3;3;2;2;;1;5;1;;;999;4
5;6;0;43;43148;;3;2;No inventariada;;14;4;1;999;;1;5;1;;;1;998
5;4;7;43;43148;;3;2;No inventariada;;14;2;2;4;;1;2;1;;;1;998
6;1;14;43;43123;;3;2;No inventariada;;14;9;1;999;;1;1;1;;;17;998
6;1;18;43;43123;;3;2;No inventariada;;14;9;1;999;;1;1;1;;;17;998
5;6;23;43;43131;;3;2;No inventariada;;14;6;2;1;;1;5;1;;;17;998
5;7;12;43;43131;;3;2;No inventariada;;14;9;1;999;;1;1;1;;;17;998
6;2;7;43;43153;;1;1;N-340;1179;6;4;2;2;;1;1;1;;;4;1
6;2;9;43;43162;;1;1;AP-7;290;2;3;1;999;;1;1;1;;;999;4
6;2;13;43;0;;1;1;N-340;1177;6;1;1;999;;1;1;1;;;17;2
6;2;13;43;43123;;3;2;No inventariada;;14;2;1;999;;1;1;1;;;17;998
6;2;18;43;43123;;3;2;No inventariada;;14;7;1;999;;1;1;1;;;17;998
6;2;14;43;43123;;3;2;No inventariada;;14;9;1;999;;1;1;1;;;17;998
6;3;9;43;43092;;1;1;AP-7;278,2;2;19;1;999;;1;1;1;;;999;4
6;3;8;43;43004;;1;1;N-340;1061;6;19;1;999;;1;1;1;;;999;4
6;3;10;43;0;;1;1;C-12;54,5;6;4;1;999;;1;1;1;;;999;4
6;3;13;43;43171;;1;1;A-7;1154;3;4;2;;;1;1;1;;;999;4
6;3;15;43;0;;1;1;T-204;7,3;6;19;1;999;;1;1;1;;;999;4
6;3;18;43;43171;;1;1;C-14;4,5;3;4;1;999;;1;1;1;;;999;4
5;3;9;43;43148;;3;2;No inventariada;;14;4;1;999;;1;1;1;;;17;998
5;3;15;43;43148;;3;2;No inventariada;;14;9;1;999;;8;1;1;;;17;998
6;3;19;43;43123;;3;2;No inventariada;;14;7;2;;;1;2;1;;;1;998
6;2;19;43;43123;;3;2;No inventariada;;14;2;1;999;;1;1;1;;;17;998
6;4;16;43;43123;;3;2;No inventariada;;14;4;1;999;;1;1;1;;;17;998
6;4;16;43;43123;;1;1;T-315;5,3;3;4;2;4;;1;1;1;;;999;4
6;4;17;43;0;;2;2;T-210;3,5;6;2;1;999;;1;1;1;;;999;4
6;4;17;43;43129;;1;1;N-420;866,7;6;19;1;999;;1;1;1;;;999;4
6;4;13;43;0;;3;2;No inventariada;;14;7;1;999;;1;1;1;;;999;998
6;5;7;43;0;;1;1;No inventariada;21;6;6;1;999;;1;1;1;;;999;4
6;5;10;43;0;;1;1;T-321;1,6;6;19;1;999;;1;1;1;;;17;1
6;5;16;43;43163;;1;1;N-340;1188;6;2;2;4;;1;1;1;;;999;4
6;6;9;43;43123;;1;1;C-14z;5,8;6;9;1;999;;3;1;4;;;999;4
6;7;16;43;43038;;3;2;No inventariada;;14;7;1;999;;6;1;1;;;1;998
6;5;8;43;43123;;3;2;No inventariada;;14;9;1;999;;1;1;1;;;17;998
6;5;17;43;43123;;3;2;No inventariada;;14;4;1;999;;1;1;1;;;17;998
6;2;22;43;43123;;3;2;No inventariada;;14;7;1;999;;1;1;1;;;17;998
6;6;5;43;43123;;3;2;No inventariada;;14;7;1;999;;1;1;1;;;17;998
6;6;17;43;43123;;3;2;No inventariada;;14;2;1;999;;1;1;1;;;17;998
6;7;6;43;0;;1;1;N-240;12,4;6;19;1;999;;1;2;1;;;999;4
6;6;16;43;43123;;1;1;AP-7;257;6;19;1;999;;1;1;1;;;17;3
6;7;14;43;0;;3;2;No inventariada;;14;20;1;999;;1;1;1;;;17;998
6;3;16;43;43092;;3;2;No inventariada;;14;2;1;999;;1;1;1;;;17;998
6;5;18;43;0;;1;1;C-241d;5,7;6;9;1;999;;1;1;1;;;999;4
6;6;11;43;43901;;1;1;TV-3454;9,9;6;2;2;4;;1;1;1;;;999;4
7;1;8;43;0;;1;1;N-420;811,9;6;1;2;2;;1;1;3;;;17;2
7;1;10;43;0;;1;1;AP-7;329,4;2;19;1;999;;3;1;4;;;999;4
7;1;12;43;43004;;1;1;N-340;1068;6;4;1;999;;1;1;1;;;999;4
7;1;14;43;43163;;1;1;C-51;6,1;6;4;2;4;;1;1;1;;;999;4
7;1;14;43;0;;1;1;TV-2441;2,1;6;19;1;999;;1;1;1;;;999;4
7;1;17;43;43013;;1;1;AP-7;296;2;6;1;999;;1;1;1;;;999;4
7;1;15;43;43123;;3;2;No inventariada;;14;4;1;999;;1;1;1;;;17;998
6;6;12;43;43153;;2;2;N-340;1179;6;1;2;1;;1;1;1;;;999;4
6;7;11;43;43163;;1;1;N-340;1184;6;2;2;4;;1;1;1;;;999;4
6;4;16;43;43123;;1;1;N-340;1155;6;3;1;999;;1;1;1;;;999;4
6;4;16;43;43086;;1;1;N-240;35;3;20;1;999;;1;1;1;;;999;4
7;2;16;43;0;;1;1;N-340;1089;6;19;1;999;;1;1;1;;;999;4
7;2;15;43;43148;;1;1;N-340;1168;6;19;1;999;;1;1;1;;;999;4
7;2;22;43;0;;3;2;No inventariada;;14;7;1;999;;1;4;1;;;999;998
6;6;9;43;43148;;3;2;No inventariada;;14;7;1;999;;1;1;1;;;17;998
7;2;8;43;43123;;3;2;No inventariada;;14;4;1;999;;1;1;1;;;17;998
7;3;18;43;43163;;1;1;N-340;1189;6;4;1;999;;1;1;1;;;999;4
7;2;21;43;43123;;3;2;No inventariada;;14;9;1;999;;1;1;1;;;17;998
6;2;13;43;43905;;1;1;C-14;0,5;3;2;1;999;;1;1;1;;;999;4
7;4;8;43;43148;;1;1;T-11;16,5;3;2;2;4;;1;1;1;;;999;4
7;4;14;43;0;;2;2;N-340;1145;6;2;1;999;;1;1;1;;;999;4
6;5;15;43;43148;;3;2;No inventariada;;14;2;1;999;;1;1;1;;;17;998
7;2;22;43;43163;;1;1;N-340;1192;6;3;2;;;1;6;1;;;999;4
7;5;18;43;0;;1;1;TV-2336;9,8;6;19;1;999;;1;1;1;;;999;4
7;5;22;43;43161;;1;1;A-27;21,3;3;19;1;999;;1;6;1;;;999;4
7;6;6;43;0;;1;1;AP-7;213,5;2;19;1;999;;1;4;1;;;999;4
7;6;9;43;43133;;2;2;C-12;17,3;6;4;2;4;;1;1;1;;;999;4
7;6;8;43;43162;;1;1;AP-7;288;2;19;1;999;;1;1;1;;;999;4
7;6;13;43;0;;3;2;No inventariada;;14;1;1;999;;1;1;1;;;999;998
7;6;13;43;43043;;1;1;T-203;3,1;6;9;1;999;;1;1;1;;;999;4
7;6;13;43;0;;1;1;TV-7004;2,8;6;19;1;999;;1;1;1;;;999;4
7;6;17;43;43148;;1;1;AP-7;243,5;2;19;1;999;;1;1;1;;;999;4
7;7;7;43;43905;;3;2;No inventariada;;14;2;2;2;;1;1;1;;;1;998
7;7;2;43;43163;;1;1;N-340;1186;6;19;1;999;;1;1;1;;;17;4
7;7;9;43;0;;1;1;T-702;25,2;6;9;1;999;;1;1;1;;;999;4
7;7;14;43;0;;1;1;C-12;66,9;6;6;1;999;;1;1;1;;;999;4
7;1;0;43;43092;;1;1;N-340;1138;6;4;1;999;;1;6;1;;;999;4
4;7;22;43;43148;;3;2;No inventariada;;14;2;2;1;;1;4;1;;;17;998
6;2;14;43;43037;;3;2;No inventariada;;14;7;2;4;;1;1;1;;;17;998
5;3;10;43;43148;;3;2;No inventariada;;14;4;2;2;;1;1;1;;;17;998
5;4;14;43;43148;;3;2;No inventariada;;14;9;2;1;;8;1;1;;;17;998
5;4;14;43;43148;;3;2;No inventariada;;14;4;2;;;1;1;1;;;17;998
5;1;10;43;43148;;2;2;N-340;1159;14;2;2;4;;1;1;1;;;17;4
6;2;15;43;43037;;2;2;C-31;142,9;14;2;1;999;;3;1;3;;;17;4
5;3;18;43;43148;;2;2;N-340;1159;14;4;1;999;;1;1;1;;;17;4
5;3;19;43;43148;;3;2;No inventariada;;14;2;2;2;;1;1;1;;;17;998
5;4;14;43;43148;;3;2;No inventariada;;14;3;1;999;;1;1;1;;;17;998
5;5;14;43;43148;;3;2;No inventariada;;14;7;1;999;;1;1;1;;;17;998
6;6;15;43;43148;;3;2;No inventariada;;14;7;1;999;;1;1;1;;;17;998
6;7;21;43;43148;;3;2;No inventariada;;14;7;1;999;;1;2;1;;;17;998
6;7;18;43;43148;;3;2;No inventariada;;14;2;1;999;;1;1;1;;;17;998
6;1;12;43;43148;;3;2;No inventariada;;14;9;2;4;;8;1;1;;;17;998
7;3;14;43;43014;;3;2;No inventariada;;14;3;2;1;;1;1;1;;;1;998
7;1;14;43;43129;;1;1;TV-3142;2,3;6;19;1;999;;1;1;1;;;999;4
7;1;19;43;43901;;1;1;TV-3454;8,8;6;6;1;999;;1;1;1;;;17;4
7;1;23;43;43092;;1;1;T-323;3,2;6;8;1;999;;1;6;1;;;999;4
7;1;13;43;43153;;3;2;No inventariada;;14;2;2;2;;1;1;1;;;17;998
7;6;6;43;43148;;2;2;N-340;1159;14;20;1;999;;1;1;1;;;17;4
7;1;20;43;43123;;3;2;No inventariada;;14;4;1;999;;1;1;1;;;17;998
7;2;17;43;43123;;3;2;No inventariada;;14;9;1;999;;1;1;1;;;17;998
6;5;14;43;43171;;1;1;T-319;0,1;3;19;1;999;;1;4;1;;;999;4
7;2;8;43;43014;;1;1;TV-3408;3,2;6;9;1;999;;1;1;1;;;999;4
7;2;12;43;0;;1;1;AP-2;185,9;2;4;1;999;;1;1;1;;;999;4
7;2;14;43;0;;1;1;No inventariada;106;6;4;1;999;;1;1;1;;;999;4
6;5;11;43;43038;;1;1;A-7;1148;6;3;1;999;;1;1;1;;;999;4
7;3;8;43;43163;;1;1;C-31;135,5;6;4;2;4;;1;1;1;;;999;4
7;3;13;43;0;;1;1;N-420;847,5;6;19;1;999;;1;1;1;;;999;4
7;3;18;43;43148;;1;1;T-11;15;3;3;2;4;;1;1;1;;;999;4
6;2;16;43;43905;;3;2;No inventariada;;14;9;2;2;;1;1;1;;;1;998
7;4;15;43;43123;;3;2;No inventariada;;14;9;1;999;;1;1;1;;;17;998
7;2;12;43;43907;;1;1;N-340a;1156;6;4;2;1;;1;1;1;;;999;4
7;4;5;43;0;;1;1;N-240;13,2;6;2;2;1;;1;1;1;;;999;4
7;4;11;43;43163;;1;1;N-340;1188;6;4;2;4;;1;1;1;;;999;4
7;4;22;43;43171;;1;1;C-14;0,5;3;4;1;999;;1;6;1;;;17;1
5;6;13;43;43148;;3;2;No inventariada;;14;4;2;2;;1;1;1;;;17;998
6;4;17;43;43148;;3;2;No inventariada;;14;4;1;999;;1;1;1;;;17;998
6;4;15;43;43148;;2;2;N-340;1159;14;20;1;999;;1;1;1;;;17;4
7;5;5;43;43161;;1;1;C-37;10;6;19;1;999;;1;1;1;;;17;4
7;5;9;43;43171;;1;1;C-14;4,5;3;4;2;4;;1;1;1;;;999;4
7;5;9;43;43163;;1;1;TV-2127;2;6;6;1;999;;1;1;1;;;999;4
7;5;18;43;43148;;1;1;N-340;1170;6;1;2;;;1;1;1;;;999;4
7;6;6;43;0;;1;1;AP-7;212,5;2;2;1;999;;1;2;1;;;999;4
7;6;12;43;0;;1;1;N-420;837;6;19;1;999;;1;1;1;;;999;4
7;6;14;43;43163;;1;1;N-340;1187;6;1;1;999;;1;1;1;;;17;2
7;6;16;43;0;;1;1;TV-7004;17,9;6;19;1;999;;1;1;1;;;999;4
7;6;20;43;43145;;3;2;No inventariada;;14;7;2;1;;1;1;1;;;999;998
6;3;17;43;43148;;3;2;No inventariada;;14;20;1;999;;1;1;1;;;17;998
6;2;11;43;43148;;3;2;No inventariada;;14;3;1;999;;1;1;1;;;1;998
7;5;19;43;43123;;3;2;No inventariada;;14;3;1;999;;1;1;1;;;17;998
7;4;19;43;43123;;3;2;No inventariada;;14;7;1;999;;1;1;1;;;17;998
7;6;17;43;43123;;3;2;No inventariada;;14;9;1;999;;1;1;1;;;17;998
7;7;14;43;43123;;3;2;No inventariada;;14;20;1;999;;1;1;1;;;17;998
7;6;5;43;0;;1;1;AP-7;212,4;2;4;1;999;;1;5;1;;;999;4
7;7;6;43;0;;1;1;N-420;786,2;6;19;1;999;;1;1;1;;;999;4
7;7;9;43;0;;1;1;TP-3311;2,5;6;9;2;4;;1;1;1;;;999;4
7;7;9;43;0;;1;1;C-43;10,7;6;4;1;999;;1;1;1;;;999;4
7;7;9;43;43086;;1;1;C-14;39,8;6;4;1;999;;1;1;1;;;999;4
7;7;10;43;0;;1;1;C-242;57,1;6;9;1;999;;1;1;1;;;17;2
7;7;17;43;0;;1;1;TV-3022;11,7;6;19;1;999;;1;1;1;;;17;4
7;7;20;43;0;;2;2;C-14;54;6;4;1;999;;1;1;1;;;999;4
7;1;0;43;43092;;1;1;N-340;1137;6;19;1;999;;1;6;1;;;8;1
7;2;9;43;43123;;3;2;No inventariada;;14;2;1;999;;1;1;1;;;17;998
7;2;18;43;0;;1;1;T-751;1,5;6;19;1;999;;1;1;1;;;999;4
6;7;4;43;43148;;3;2;No inventariada;;14;2;2;1;;1;4;1;;;17;998
6;7;19;43;43038;;3;2;No inventariada;;14;6;2;2;;1;1;1;;;1;998
7;1;23;43;43123;;2;2;TV-7211;3;14;20;1;999;;1;1;1;;;17;4
7;7;10;43;0;;1;1;C-43;9,8;6;9;1;999;;1;1;1;;;999;4
7;2;4;43;0;;1;1;AP-7;309;2;19;1;999;;1;6;1;;;999;4
7;2;10;43;43148;;1;1;TP-2039;6,3;6;9;2;4;;8;1;1;;;999;4
7;2;14;43;0;;1;1;T-343;2,5;6;9;1;999;;1;1;1;;;999;4
6;6;13;43;43148;;3;2;No inventariada;;14;4;2;1;;1;1;1;;;17;998
6;2;11;43;43148;;3;2;No inventariada;;14;2;2;2;;1;1;1;;;17;998
7;1;18;43;0;;1;1;AP-2;225,6;2;4;1;999;;1;1;1;;;999;4
7;3;7;43;43155;;1;1;T-331;21,9;6;2;1;999;;1;1;1;;;999;4
7;3;18;43;43047;;1;1;TV-7211;3,7;6;9;1;999;;1;1;1;;;999;4
5;4;15;43;43148;;2;2;N-340;1159;14;4;2;4;;1;1;1;;;17;4
6;2;22;43;43148;;3;2;No inventariada;;14;6;1;999;;1;4;1;;;17;998
7;3;10;43;43123;;3;2;No inventariada;;14;9;1;999;;1;1;1;;;17;998
7;1;0;43;0;;1;1;AP-2;227;2;19;1;999;;1;6;1;;;999;4
7;2;10;43;0;;1;1;TV-7012;0,1;6;9;1;999;;1;1;1;;;999;4
7;4;11;43;43004;;1;1;N-340;1066;6;4;1;999;;1;1;1;;;999;4
7;4;19;43;43153;;2;2;N-340;1179;6;4;2;2;;1;1;1;;;999;4
7;4;18;43;0;;3;2;No inventariada;;14;19;1;999;;1;1;1;;;17;998
6;6;15;43;43148;;3;2;No inventariada;;14;3;1;999;;1;1;1;;;17;998
7;2;16;43;43153;;3;2;No inventariada;;14;2;2;4;;1;1;1;;;17;998
6;4;14;43;43148;;3;2;No inventariada;;14;7;1;999;;1;1;1;;;17;998
6;4;15;43;43148;;3;2;No inventariada;;14;7;1;999;;1;1;1;;;17;998
6;6;17;43;43148;;2;2;N-340;1159;14;4;1;999;;1;1;1;;;17;4
7;5;17;43;0;;1;1;C-12;66;6;2;1;999;;1;1;1;;;999;4
7;5;6;43;43163;;1;1;N-340;1188;6;2;2;4;;1;2;1;;;999;4
7;5;12;43;43171;;1;1;C-14;4,5;3;19;2;4;;1;1;1;;;999;4
7;5;15;43;0;;1;1;TP-2402;0,1;6;6;2;2;;1;1;1;;;999;4
7;5;15;43;43123;;1;1;TV-7211;3,9;6;4;1;999;;1;1;1;;;999;4
7;6;1;43;43051;;1;1;C-32;11;2;8;1;999;;1;6;1;;;999;4
7;3;9;43;43171;;1;1;C-14;1,7;3;4;2;4;;1;1;1;;;999;4
7;6;11;43;43123;;1;1;T-11;10,2;3;19;2;;;1;1;1;;;999;4
7;6;11;43;0;;1;1;C-12;25,6;6;4;2;2;;1;1;1;;;999;4
7;6;8;43;0;;3;2;No inventariada;;14;7;1;999;;1;1;1;;;999;998
7;6;4;43;0;;1;1;AP-7;308,8;2;19;1;999;;1;6;1;;;999;4
7;6;23;43;0;;1;1;C-241d;22,6;6;20;1;999;;1;1;1;;;17;4
5;7;15;43;43038;;3;2;No inventariada;;14;7;1;999;;1;1;1;;;1;998
7;4;7;43;43051;;2;2;C-31;144;14;7;1;999;;1;1;1;;;6;1
7;6;17;43;0;;1;1;C-12;25,3;6;9;1;999;;1;1;1;;;999;4
7;7;16;43;0;;1;1;C-14;30,2;6;1;1;999;;1;1;1;;;999;4
7;7;20;43;43163;;1;1;C-31;135,5;6;3;2;4;;1;1;1;;;999;4
7;7;23;43;0;;1;1;TP-2002;3,5;6;19;1;999;;1;6;1;;;999;4
7;7;20;43;43123;;3;2;No inventariada;;14;20;1;999;;1;1;1;;;17;998
7;6;20;43;43161;;3;2;No inventariada;;14;7;1;999;;1;1;1;;;17;998
7;3;19;43;43092;;1;1;AP-7;271;2;4;1;999;;1;1;1;;;999;4
7;1;6;43;43123;;1;1;T-315;3;6;19;2;4;;1;1;1;;;17;2
7;1;12;43;43014;;1;1;TV-3408;0,6;6;2;2;2;;1;1;1;;;999;4
7;1;13;43;0;;1;1;T-240;7,5;6;3;2;2;;1;1;1;;;999;4
7;1;14;43;0;;1;1;AP-7;230,5;2;19;1;999;;1;1;1;;;999;4
7;1;13;43;43129;;1;1;T-314;4,1;6;2;1;999;;1;1;1;;;999;4
7;1;17;43;43171;;1;1;TV-3148;0,9;3;4;1;999;;1;4;1;;;999;4
7;1;16;43;43156;;1;1;AP-7;337;2;4;1;999;;1;1;1;;;999;4
4;5;14;43;43163;;3;2;No inventariada;;14;7;1;999;;1;1;1;;;17;998
5;5;16;43;43163;;3;2;No inventariada;;14;7;1;999;;1;1;1;;;1;998
6;1;19;43;43163;;3;2;No inventariada;;14;7;1;999;;1;1;1;;;17;998
6;6;12;43;43163;;3;2;No inventariada;;14;4;2;1;;1;1;1;;;17;998
6;1;14;43;43163;;3;2;No inventariada;;14;1;1;999;;1;1;1;;;17;998
7;3;7;43;43148;;3;2;No inventariada;;14;7;1;999;;1;2;1;;;6;998
7;4;19;43;43014;;3;2;No inventariada;;14;7;1;999;;1;1;1;;;1;998
7;1;17;43;43123;;3;2;No inventariada;;14;2;1;999;;1;1;1;;;17;998
7;6;10;43;43123;;3;2;No inventariada;;14;7;1;999;;1;1;1;;;17;998
7;2;15;43;43171;;1;1;C-14;4,3;3;2;2;4;;1;1;1;;;999;4
7;2;18;43;0;;1;1;TV-2441;1;6;3;1;999;;1;1;1;;;999;4
7;2;19;43;43161;;1;1;A-27;20;3;19;1;999;;1;1;1;;;999;4
7;2;20;43;0;;1;1;C-51;15;6;1;2;2;;1;1;1;;;999;4
7;3;0;43;43038;;3;2;No inventariada;;14;9;1;999;;1;4;1;;;999;998
6;1;10;43;43163;;3;2;No inventariada;;14;7;1;999;;1;1;1;;;1;998
6;2;14;43;43163;;3;2;No inventariada;;14;7;1;999;;3;1;3;;;17;998
6;3;9;43;43163;;2;2;TV-2127;0,1;14;4;2;2;;1;1;1;;;17;4
6;3;18;43;43163;;3;2;No inventariada;;14;6;1;999;;1;1;1;;;17;998
6;7;0;43;43163;;3;2;No inventariada;;14;9;1;999;;1;1;1;;;1;998
7;1;20;43;43123;;3;2;No inventariada;;14;4;1;999;;1;1;1;;;17;998
7;3;12;43;0;;1;1;C-37;17,4;6;19;2;;;1;1;1;;;999;4
7;3;13;43;43161;;1;1;A-27;25,8;6;4;1;999;;1;1;1;;;999;4
7;3;19;43;0;;1;1;No inventariada;16;6;20;1;999;;1;1;1;;;999;4
7;1;11;43;43163;;3;2;No inventariada;;14;9;1;999;;3;1;3;;;17;998
7;5;15;43;43163;;3;2;No inventariada;;14;4;2;2;;1;1;1;;;17;998
7;2;10;43;43123;;3;2;No inventariada;;14;2;1;999;;1;1;1;;;17;998
7;3;21;43;43123;;3;2;No inventariada;;14;4;1;999;;1;1;1;;;17;998
7;7;10;43;0;;1;1;T-322;17,6;6;9;1;999;;1;1;1;;;999;4
7;1;13;43;43156;;1;1;AP-7;343,8;2;4;1;999;;1;1;1;;;999;4
7;3;9;43;0;;1;1;AP-7;212;2;4;2;;;1;1;1;;;999;4
7;4;8;43;0;;1;1;N-420;826;6;2;2;2;;1;1;1;;;999;4
7;4;13;43;0;;1;1;C-14;42;6;19;1;999;;1;1;1;;;17;1
7;4;14;43;0;;3;2;No inventariada;;14;9;2;1;;8;1;1;;;999;998
7;4;14;43;0;;3;2;No inventariada;;14;4;2;2;;1;1;1;;;17;998
7;4;20;43;43153;;1;1;AP-7;232;2;9;2;;;1;1;1;;;999;4
7;5;5;43;0;;1;1;T-320;2,4;6;19;1;999;;1;6;1;;;999;4
7;5;13;43;43092;;1;1;AP-7;270;2;2;1;999;;1;1;1;;;999;4
7;5;20;43;43171;;1;1;A-7;1151;3;4;2;4;;1;1;1;;;999;4
7;5;20;43;43163;;1;1;N-340;1188;6;4;2;4;;1;1;1;;;999;4
7;6;0;43;43153;;1;1;T-210;1,4;6;19;2;4;;1;6;1;;;999;4
7;6;1;43;43014;;1;1;AP-7;325;2;4;1;999;;1;6;1;;;999;4
7;6;0;43;0;;1;1;N-340;1107;6;8;1;999;;1;6;1;;;999;4
7;6;11;43;43086;;1;1;N-240;35,2;3;4;1;999;;1;1;1;;;999;4
7;6;12;43;43037;;1;1;C-31;137,4;6;1;2;;;1;1;1;;;999;4
7;6;14;43;43038;;1;1;A-7;1148;3;9;2;;;1;1;1;;;999;4
7;6;20;43;43171;;1;1;C-14;1,7;3;9;2;4;;1;1;1;;;999;4
7;6;23;43;43129;;1;1;N-420;867,3;6;1;1;999;;1;6;1;;;8;2
6;2;8;43;43131;;3;2;No inventariada;;14;2;2;1;;1;1;1;;;17;998
7;3;8;43;43153;;3;2;No inventariada;;14;7;1;999;;1;1;1;;;17;998
6;7;18;43;43131;;3;2;No inventariada;;14;9;2;1;;1;1;1;;;17;998
7;3;9;43;43153;;3;2;No inventariada;;14;7;1;999;;1;1;1;;;17;998
7;5;1;43;43038;;3;2;No inventariada;;14;20;1;999;;1;1;1;;;17;998
7;5;19;43;43038;;3;2;No inventariada;;14;2;2;2;;8;1;1;;;2;998
7;3;19;43;43086;;3;2;No inventariada;;14;7;1;999;;1;1;1;;;17;998
6;4;19;43;43905;;3;2;No inventariada;;14;4;1;999;;1;1;4;;;1;998
7;4;11;43;43123;;3;2;No inventariada;;14;7;1;999;;1;1;1;;;17;998
7;4;17;43;43123;;3;2;No inventariada;;14;4;1;999;;1;1;1;;;17;998
7;4;19;43;43123;;3;2;No inventariada;;14;6;1;999;;1;1;1;;;17;998
7;3;17;43;43123;;3;2;No inventariada;;14;2;1;999;;1;1;1;;;17;998
7;4;23;43;43123;;3;2;No inventariada;;14;3;1;999;;1;1;1;;;17;998
7;5;12;43;0;;1;1;No inventariada;0;6;1;1;999;;1;1;1;;;999;4
7;7;7;43;0;;1;1;T-233;7,5;6;19;1;999;;1;1;1;;;999;4
7;7;9;43;0;;1;1;TV-3301;7,3;6;9;1;999;;1;1;1;;;999;4
7;7;12;43;43163;;1;1;C-51;6,1;6;19;2;;;1;1;1;;;999;4
7;1;2;43;43047;;1;1;A-27;5,6;3;19;1;999;;1;6;1;;;999;4
7;1;7;43;43148;;3;2;No inventariada;;14;20;1;999;;1;1;1;;;17;998
7;4;9;43;43092;;3;2;No inventariada;;14;1;1;999;;1;1;1;;;17;998
7;1;8;43;43123;;1;1;AP-7;253,7;2;4;1;999;;1;1;1;;;999;4
7;1;13;43;0;;1;1;TP-7013;4,9;6;19;1;999;;1;1;1;;;999;4
6;7;8;43;43038;;3;2;No inventariada;;14;7;2;1;;1;1;1;;;6;998
7;4;15;43;43123;;3;2;No inventariada;;14;2;1;999;;1;1;1;;;17;998
7;2;6;43;0;;1;1;AP-7;317,4;2;4;1;999;;1;2;1;;;999;4
7;2;14;43;43047;;1;1;TV-7211;5,5;6;9;2;2;;8;1;1;;;999;4
7;2;14;43;43047;;1;1;T-721;7,4;6;19;1;999;;1;1;1;;;999;4
7;2;21;43;0;;1;1;TP-2031;11,9;6;3;2;4;;1;5;1;;;999;4
7;3;2;43;0;;1;1;T-330;14;6;8;1;999;;1;6;1;;;999;4
7;5;16;43;43092;;3;2;No inventariada;;14;2;1;999;;1;1;1;;;17;998
7;7;15;43;43086;;1;1;AP-2;192,5;2;4;1;999;;1;1;1;;;999;4
7;3;15;43;0;;1;1;T-732;9,4;6;1;1;999;;1;1;1;;;999;4
7;3;18;43;0;;1;1;TP-2125;3;6;9;2;4;;1;1;1;;;999;4
7;2;13;43;43161;;3;2;No inventariada;;14;1;1;999;;1;1;1;;;17;998
7;3;14;43;43123;;3;2;No inventariada;;14;2;1;999;;1;1;1;;;17;998
7;2;17;43;0;;1;1;TV-7021;1,5;6;19;1;999;;1;1;1;;;999;4
7;7;12;43;43162;;1;1;C-44;12,3;6;19;1;999;;1;1;1;;;999;4
7;2;16;43;0;;2;2;TP-2125;0;6;2;2;2;;1;1;1;;;999;4