MES;DIA_SEMANA;HORA;COD_PROVINCIA;COD_MUNICIPIO;ISLA;ZONA;ZONA_AGRUPADA;CARRETERA;KM;TIPO_VIA;TIPO_ACCIDENTE;NUDO;NUDO_INFO;CARRETERA_CRUCE;CONDICION_FIRME;CONDICION_ILUMINACION;CONDICION_METEO;CONDICION_NIEBLA;CONDICION_VIENTO;VISIB_RESTRINGIDA_POR;TRAZADO_PLANTA
8;4;7;43;43153;;3;2;No inventariada;;14;6;1;999;;1;1;1;;;17;998
6;5;10;43;43131;;3;2;No inventariada;;14;9;1;999;;1;1;1;;;1;998
6;6;23;43;43131;;3;2;No inventariada;;14;6;1;999;;1;6;1;;;17;998
8;5;12;43;43131;;2;2;TV-2041;0,8;6;1;2;4;;1;1;1;;;999;4
8;5;17;43;0;;1;1;N-340;1093;6;4;1;999;;1;1;1;;;999;4
8;5;16;43;43162;;1;1;C-44;6,8;6;19;1;999;;1;1;1;;;4;3
8;6;1;43;43136;;1;1;No inventariada;22;6;19;1;999;;1;6;1;;;17;1
8;4;12;43;43013;;1;1;AP-7;290,7;2;4;1;999;;1;1;1;;;999;4
8;6;10;43;43171;;1;1;N-340;1148;6;19;2;;;1;1;1;;;999;4
8;6;9;43;0;;3;2;No inventariada;;14;7;1;999;;1;1;1;;;17;998
8;6;20;43;43148;;1;1;A-27;2;3;19;1;999;;1;1;1;;;999;4
8;6;20;43;43004;;1;1;N-340;1066;6;19;1;999;;1;1;1;;;999;4
7;7;14;43;43123;;3;2;No inventariada;;14;7;1;999;;1;1;1;;;14;998
7;3;10;43;43123;;3;2;No inventariada;;14;2;1;999;;1;1;1;;;17;998
7;3;9;43;43129;;3;2;No inventariada;;14;9;1;999;;1;1;1;;;17;998
8;4;11;43;43123;;3;2;No inventariada;;14;4;1;999;;1;1;1;;;17;998
8;5;11;43;43123;;3;2;No inventariada;;14;2;1;999;;1;1;1;;;17;998
8;6;18;43;43123;;3;2;No inventariada;;14;7;1;999;;1;1;1;;;17;998
8;7;7;43;43171;;1;1;TV-3148;2,6;3;19;1;999;;1;1;1;;;999;4
8;7;13;43;43163;;1;1;N-340;1187;6;4;1;999;;1;1;1;;;999;4
8;7;16;43;43161;;1;1;A-27;20;3;19;1;999;;1;1;1;;;999;4
7;4;10;43;43148;;3;2;No inventariada;;14;1;1;999;;1;1;1;;;1;998
7;1;7;43;43148;;3;2;No inventariada;;14;7;1;999;;1;1;1;;;1;998
8;1;6;43;43047;;1;1;TP-7225;4,6;6;9;2;4;;1;1;1;;;999;4
8;1;7;43;0;;3;2;No inventariada;;14;2;2;4;;1;1;1;;;17;998
8;1;9;43;43163;;1;1;N-340;1188;6;4;2;4;;1;1;1;;;999;4
8;1;15;43;0;;1;1;T-310;10,2;6;2;2;1;;1;1;1;;;999;4
8;2;15;43;43148;;1;1;AP-7;240;2;2;1;999;;1;1;1;;;999;4
8;2;16;43;43100;;1;1;No inventariada;14;6;2;2;1;;1;1;1;;;999;4
6;5;17;43;43148;;3;2;No inventariada;;14;4;1;999;;1;1;1;;;17;998
6;7;18;43;43148;;3;2;No inventariada;;14;7;1;999;;1;1;1;;;17;998
6;7;23;43;43148;;3;2;No inventariada;;14;2;2;1;;1;1;1;;;17;998
6;3;18;43;43148;;3;2;No inventariada;;14;4;1;999;;1;1;1;;;17;998
6;3;12;43;43148;;3;2;No inventariada;;14;9;1;999;;1;1;1;;;17;998
6;4;16;43;43148;;3;2;No inventariada;;14;2;2;4;;1;1;1;;;17;998
8;1;16;43;43092;;3;2;No inventariada;;14;4;1;999;;1;1;1;;;17;998
7;7;13;43;43905;;1;1;C-14;0,1;3;4;1;999;;1;1;1;;;999;4
8;3;10;43;43171;;1;1;C-14;1,7;3;2;2;4;;1;1;1;;;999;4
8;3;17;43;0;;1;1;N-240;7,6;6;4;2;;;1;1;1;;;999;4
8;3;17;43;0;;1;1;N-340;1083;3;19;1;999;;1;1;1;;;17;2
6;5;16;43;43148;;3;2;No inventariada;;14;9;2;4;;8;1;1;;;17;998
6;7;18;43;43148;;3;2;No inventariada;;14;1;2;1;;1;1;1;;;17;998
7;5;20;43;43136;;3;2;No inventariada;;14;7;2;1;;1;1;1;;;1;998
8;5;12;43;43092;;3;2;No inventariada;;14;4;1;999;;1;1;1;;;17;998
8;2;9;43;43148;;1;1;A-27;0,5;3;4;1;999;;1;1;1;;;999;4
8;4;15;43;0;;1;1;N-340;1193;6;2;1;999;;1;1;1;;;999;4
8;4;16;43;43163;;1;1;N-340;1186;6;4;2;;;1;1;1;;;999;4
8;4;22;43;0;;1;1;C-51;8,6;6;9;1;999;;1;6;1;;;999;4
8;5;0;43;0;;3;2;No inventariada;;14;6;2;4;;1;4;1;;;999;998
8;5;10;43;43086;;1;1;C-241d;0,2;6;4;1;999;;1;1;1;;;999;4
8;5;15;43;43131;;1;1;AP-7;226,6;2;19;1;999;;1;1;1;;;999;4
8;5;16;43;43038;;1;1;AP-7;261,1;2;4;1;999;;1;1;1;;;999;4
8;5;12;43;43123;;1;1;TP-7225;2,4;6;19;1;999;;1;1;1;;;999;4
8;5;21;43;43161;;1;1;C-37;4,9;6;9;2;4;;8;2;1;;;999;4
8;6;12;43;0;;1;1;T-313;17,4;6;9;1;999;;1;1;1;;;999;4
8;6;12;43;43148;;1;1;A-27;3,1;3;9;2;4;;8;1;1;;;999;4
8;6;12;43;0;;1;1;TP-7402;6,4;6;9;1;999;;1;1;1;;;999;4
8;6;21;43;43171;;1;1;C-14;4,3;3;4;2;4;;1;4;1;;;999;4
7;3;21;43;43038;;3;2;No inventariada;;14;20;1;999;;1;1;1;;;17;998
8;2;22;43;43123;;3;2;No inventariada;;14;7;1;999;;1;1;1;;;17;998
8;1;8;43;43148;;3;2;No inventariada;;14;20;1;999;;1;2;1;;;6;998
8;4;16;43;43123;;3;2;No inventariada;;14;19;1;999;;1;1;1;;;17;998
8;5;21;43;43123;;3;2;No inventariada;;14;19;1;999;;1;1;1;;;17;998
8;7;1;43;0;;3;2;No inventariada;;14;7;1;999;;1;4;1;;;999;998
8;6;18;43;0;;1;1;No inventariada;3;6;1;1;999;;1;1;1;;;999;4
8;6;21;43;43153;;1;1;N-340;1176;6;2;2;4;;1;4;1;;;999;4
8;7;12;43;43148;;1;1;AP-7;242,5;2;9;1;999;;1;1;1;;;999;4
8;7;18;43;43905;;1;1;C-14;0,1;3;4;1;999;;1;1;1;;;999;4
8;2;0;43;43133;;3;2;No inventariada;;14;9;1;999;;8;6;1;;;17;998
8;2;21;43;43013;;3;2;No inventariada;;14;3;2;1;;1;2;1;;;1;998
7;1;15;43;0;;2;2;TV-7231;20,2;14;6;1;999;;1;1;1;;;999;4
8;1;7;43;43156;;1;1;TV-3314;4,4;6;6;1;999;;1;1;1;;;999;4
6;2;12;43;43148;;3;2;No inventariada;;14;2;2;1;;1;1;1;;;17;998
6;1;2;43;43148;;3;2;No inventariada;;14;9;1;999;;1;4;1;;;17;998
7;6;19;43;43092;;3;2;No inventariada;;14;2;1;999;;1;1;1;;;17;998
8;3;12;43;43051;;3;2;No inventariada;;14;2;2;2;;1;1;1;;;1;998
8;5;6;43;43161;;3;2;No inventariada;;14;7;1;999;;1;1;1;;;17;998
8;5;18;43;43145;;1;1;C-14;13,5;3;4;1;999;;1;1;1;;;999;4
8;2;5;43;0;;1;1;TV-7411;0;6;19;1;999;;1;5;1;;;999;4
8;2;8;43;0;;1;1;C-42;2,7;3;6;1;999;;1;1;1;;;999;4
8;2;13;43;43162;;1;1;C-44;1;6;4;2;4;;1;1;1;;;999;4
8;2;17;43;43100;;2;2;TV-2236;3,5;6;4;2;;;1;1;1;;;999;4
6;4;21;43;43148;;3;2;No inventariada;;14;2;1;999;;1;2;1;;;17;998
6;5;19;43;43148;;3;2;No inventariada;;14;6;1;999;;1;1;1;;;17;998
7;2;9;43;43148;;3;2;No inventariada;;14;9;1;999;;1;1;1;;;17;998
7;4;10;43;43148;;3;2;No inventariada;;14;7;2;1;;1;1;1;;;17;998
7;4;21;43;43131;;3;2;No inventariada;;14;2;2;1;;1;2;1;;;17;998
7;4;15;43;43148;;3;2;No inventariada;;14;19;2;4;;1;1;1;;;17;998
7;5;12;43;43148;;3;2;No inventariada;;14;20;1;999;;1;1;1;;;17;998
7;6;0;43;43148;;3;2;No inventariada;;14;7;1;999;;1;4;1;;;17;998
6;5;16;43;43037;;3;2;No inventariada;;14;2;2;4;;1;1;1;;;17;998
6;6;13;43;43037;;3;2;No inventariada;;14;7;2;2;;1;1;1;;;17;998
7;2;9;43;43037;;3;2;No inventariada;;14;9;1;999;;1;1;1;;;17;998
7;5;8;43;43037;;2;2;C-31;142,9;14;2;2;4;;1;1;1;;;17;4
8;2;18;43;43123;;3;2;No inventariada;;14;4;1;999;;1;1;1;;;17;998
8;3;23;43;0;;1;1;N-420;847,4;6;19;1;999;;1;6;1;;;999;4
8;4;14;43;0;;1;1;C-12;39,1;6;3;1;999;;1;1;1;;;999;4
8;4;19;43;0;;1;1;C-14;28,8;6;20;1;999;;1;1;3;;;17;2
8;3;18;43;43148;;1;1;T-11;18;3;2;2;4;;1;1;1;;;999;4
8;5;5;43;0;;1;1;TV-2042;0,7;6;19;2;2;;1;6;1;;;999;4
8;5;8;43;0;;1;1;B-212;12,8;6;9;1;999;;8;1;1;;;999;4
8;5;12;43;43171;;1;1;A-7;1152;3;4;2;4;;1;1;1;;;999;4
8;5;2;43;0;;1;1;AP-7;263;2;2;1;999;;1;6;1;;;999;4
8;5;12;43;43153;;3;2;No inventariada;;14;4;1;999;;1;1;1;;;17;998
8;5;12;43;43153;;3;2;No inventariada;;14;7;1;999;;1;1;1;;;17;998
8;4;22;43;0;;1;1;No inventariada;9;6;6;1;999;;1;6;1;;;999;4
8;6;9;43;0;;1;1;N-420;826;6;4;2;2;;1;1;1;;;999;4
8;6;8;43;43123;;1;1;C-14;11,2;6;19;1;999;;1;1;1;;;999;4
8;6;10;43;43013;;1;1;N-340;1116;6;9;1;999;;1;1;1;;;999;4
8;6;12;43;43155;;1;1;C-12;20,9;6;4;1;999;;1;1;1;;;999;4
8;6;10;43;43014;;1;1;TV-3408;2,9;6;2;2;1;;1;1;1;;;17;1
8;7;3;43;0;;1;1;AP-2;231,5;2;4;1;999;;1;6;1;;;999;4
8;4;4;43;43123;;3;2;No inventariada;;14;6;1;999;;1;1;1;;;17;998
8;6;16;43;43123;;3;2;No inventariada;;14;20;1;999;;1;1;1;;;17;998
8;4;5;43;43123;;3;2;No inventariada;;14;6;1;999;;1;1;1;;;17;998
8;3;23;43;43148;;1;1;AP-7;246;2;4;1;999;;3;6;4;;;999;4
8;7;12;43;43153;;1;1;N-340;1178;6;19;2;;;1;1;1;;;999;4
8;7;16;43;43123;;1;1;C-14z;5,9;6;9;2;;;1;1;1;;;999;4
7;6;11;43;43131;;3;2;No inventariada;;14;2;2;2;;3;1;3;;;17;998
7;7;15;43;0;;1;1;AP-7;332,5;2;19;1;999;;1;1;1;;;999;4
8;7;10;43;0;;1;1;N-340a;1084;6;1;1;999;;1;1;1;;;999;4
8;7;15;43;43155;;1;1;C-12;22,8;6;6;1;999;;1;1;1;;;999;4
8;1;12;43;0;;1;1;T-240;4,7;6;19;1;999;;1;1;1;;;999;4
8;1;19;43;43901;;1;1;TV-3454;10,5;6;2;2;1;;1;1;1;;;999;4
8;2;0;43;0;;3;2;No inventariada;;14;6;2;2;;1;6;1;;;999;998
8;1;8;43;43092;;3;2;No inventariada;;14;3;1;999;;1;1;1;;;17;998
8;2;12;43;43148;;3;2;No inventariada;;14;7;1;999;;1;1;1;;;1;998
8;7;18;43;43123;;3;2;No inventariada;;14;3;1;999;;1;1;1;;;17;998
8;4;10;43;43092;;3;2;No inventariada;0;14;19;1;999;;1;1;1;;;17;998
8;2;20;43;43155;;1;1;No inventariada;1,6;6;19;1;999;;1;1;1;;;999;4
7;7;20;43;43037;;3;2;No inventariada;;14;7;1;999;;1;1;1;;;17;998
7;3;1;43;43037;;3;2;No inventariada;;14;7;2;1;;1;4;1;;;17;998
7;5;11;43;43037;;3;2;No inventariada;;14;7;1;999;;1;1;1;;;17;998
7;1;11;43;43037;;3;2;No inventariada;;14;9;2;2;;1;1;1;;;17;998
8;3;10;43;0;;1;1;T-330;16,9;6;9;2;2;;8;1;1;;;999;4
8;4;18;43;43037;;3;2;No inventariada;;14;4;2;4;;1;1;1;;;17;998
8;5;10;43;43037;;3;2;No inventariada;;14;7;2;4;;1;1;1;;;17;998
8;4;19;43;43037;;2;2;C-31;142,9;14;3;1;999;;1;1;1;;;17;4
8;6;11;43;43153;;3;2;No inventariada;;14;7;1;999;;1;1;1;;;1;998
8;4;15;43;43171;;1;1;N-340;1154;6;2;2;4;;1;1;1;;;999;4
8;4;15;43;43129;;1;1;TV-3142;0,3;6;3;1;999;;1;1;1;;;999;4
8;4;18;43;0;;3;2;No inventariada;;14;7;2;2;;1;1;1;;;999;998
8;4;18;43;0;;1;1;C-241d;13,5;6;19;1;999;;1;1;1;;;999;4
8;4;18;43;43043;;1;1;T-203;3,5;6;19;2;2;;1;1;1;;;999;4
8;1;8;43;0;;1;1;C-42;2;3;2;2;4;;1;1;1;;;999;4
8;5;5;43;43156;;1;1;AP-7;340;2;19;1;999;;1;6;1;;;999;4
8;5;22;43;43148;;1;1;N-240;3,8;3;9;2;4;;8;4;1;;;999;4
8;6;10;43;0;;1;1;C-37;38,7;6;9;1;999;;1;1;1;;;999;4
8;6;14;43;43148;;1;1;AP-7;236,3;2;4;1;999;;1;1;1;;;999;4
8;6;15;43;43161;;1;1;A-27;22;3;19;2;4;;1;1;1;;;999;4
8;6;18;43;0;;1;1;No inventariada;1;6;19;1;999;;1;1;1;;;999;4
8;6;20;43;43123;;1;1;TV-7211;2,3;6;3;2;4;;1;2;1;;;999;4
8;6;23;43;43161;;1;1;N-240;22,5;6;4;2;4;;1;6;1;;;999;4
8;6;6;43;43014;;1;1;C-12;2,9;6;4;1;999;;1;6;1;;;1;2
8;5;12;43;43905;;2;2;No inventariada;0;14;1;1;999;;1;1;1;;;1;1
8;4;1;43;43123;;3;2;No inventariada;;14;20;1;999;;1;1;1;;;17;998
8;2;14;43;43123;;3;2;No inventariada;;14;9;1;999;;1;1;1;;;17;998
8;4;20;43;43123;;3;2;No inventariada;;14;9;1;999;;1;1;1;;;17;998
8;6;12;43;43145;;1;1;C-14;16,5;3;2;2;2;;1;1;1;;;999;4
8;7;2;43;0;;1;1;No inventariada;0;6;19;1;999;;1;6;1;;;999;4
8;7;18;43;43156;;2;2;TV-3319;0,7;6;19;2;4;;1;1;1;;;999;4
8;1;0;43;43092;;1;1;T-323;2,5;6;19;1;999;;1;6;1;;;999;4
8;1;8;43;43129;;1;1;N-420;868;6;1;1;999;;1;1;1;;;17;1
8;2;13;43;43037;;3;2;No inventariada;;14;4;2;2;;1;1;1;;;17;998
8;2;17;43;43037;;3;2;No inventariada;;14;7;1;999;;1;1;1;;;17;998
8;3;16;43;43148;;2;2;N-340;1160;6;4;1;999;;1;1;1;;;17;1
8;1;18;43;43161;;3;2;No inventariada;;14;3;1;999;;1;1;1;;;17;998
8;6;13;43;43163;;1;1;C-32;1,4;2;2;2;;;1;1;1;;;999;4
8;2;6;43;0;;1;1;C-37;23;6;19;2;2;;1;1;1;;;999;4
8;2;15;43;43123;;2;2;TV-7211;3,4;6;2;2;2;;1;1;1;;;999;4
8;2;23;43;43153;;3;2;No inventariada;;14;9;1;999;;1;4;1;;;17;998
8;3;18;43;43012;;3;2;No inventariada;;14;7;1;999;;1;1;1;;;17;998
8;3;10;43;0;;3;2;No inventariada;;14;3;1;999;;1;1;1;;;999;998
8;3;16;43;0;;1;1;C-242;66,2;6;9;2;2;;8;1;1;;;999;4
8;3;17;43;0;;1;1;TP-2031;20,8;6;2;2;4;;1;1;1;;;999;4
8;3;17;43;0;;1;1;C-51;9,6;6;4;1;999;;1;1;1;;;999;4
7;1;15;43;43905;;3;2;No inventariada;;14;9;1;999;;1;1;1;;;1;998
8;1;20;43;43148;;1;1;T-11;14,2;6;19;2;4;;1;1;1;;;999;4
8;2;11;43;43129;;3;2;No inventariada;;14;6;2;4;;1;1;1;;;999;998
8;4;9;43;43037;;1;1;C-31;137,4;6;3;2;2;;1;1;1;;;999;4
8;4;13;43;43153;;1;1;AP-7;231,6;2;3;1;999;;1;1;1;;;999;4
8;4;17;43;43156;;1;1;AP-7;342;2;4;1;999;;1;1;1;;;999;4
8;5;0;43;43155;;1;1;T-301;3,1;6;1;1;999;;1;6;1;;;17;2
7;6;14;43;43171;;1;1;C-14;1,6;3;4;1;999;;1;1;1;;;999;4
8;5;7;43;43123;;1;1;T-11;9,8;3;4;2;4;;1;1;1;;;999;4
8;5;18;43;43153;;1;1;N-340;1178;6;4;1;999;;1;1;1;;;999;4
8;6;7;43;43013;;1;1;AP-7;301,8;2;19;1;999;;1;2;1;;;999;4
8;6;14;43;43171;;1;1;C-14;4,3;3;2;2;4;;1;1;1;;;999;4
8;6;13;43;0;;2;2;T-244;19,3;6;19;1;999;;1;1;1;;;999;4
8;6;14;43;43004;;1;1;N-340;1064;6;4;1;999;;1;1;1;;;999;4
8;6;17;43;43901;;1;1;TV-3454;12;6;4;1;999;;1;1;1;;;999;4
9;7;0;43;43012;;1;1;AP-7;237;2;7;1;999;;1;4;1;;;999;4
8;2;8;43;43153;;3;2;No inventariada;;14;19;1;999;;1;1;1;;;17;998
8;6;12;43;43038;;3;2;No inventariada;;14;1;2;;;1;1;1;;;9;998
8;6;7;43;43123;;3;2;No inventariada;;14;3;1;999;;1;1;1;;;17;998
8;5;12;43;43148;;3;2;No inventariada;;14;7;1;999;;1;1;1;;;17;998
8;3;15;43;43123;;3;2;No inventariada;;14;2;1;999;;1;1;1;;;17;998
8;4;14;43;43123;;3;2;No inventariada;;14;4;1;999;;1;1;1;;;17;998
8;2;8;43;43123;;3;2;No inventariada;;14;2;1;999;;1;1;1;;;17;998
9;7;5;43;43123;;1;1;C-14;7,8;3;8;1;999;;1;6;1;;;999;4
9;7;17;43;43037;;1;1;C-31;141,1;6;2;2;1;;1;1;1;;;17;2
9;7;18;43;0;;1;1;T-322;16,3;6;9;1;999;;1;1;1;;;999;4
9;7;19;43;43171;;1;1;TV-3148;2;3;9;2;4;;1;1;1;;;17;2
9;7;22;43;0;;1;1;C-242;57,9;6;8;1;999;;1;6;1;;;999;4
9;1;6;43;43093;;1;1;N-420;820;6;19;1;999;;1;2;1;;;999;4
9;1;16;43;0;;1;1;N-340;1096;6;2;1;999;;3;1;1;;;999;4
9;1;16;43;0;;1;1;T-720;1;6;2;2;1;;1;1;1;;;999;4
9;1;22;43;43123;;3;2;No inventariada;;14;19;1;999;;1;1;1;;;17;998
9;7;20;43;43123;;3;2;No inventariada;;14;2;1;999;;1;1;1;;;17;998
8;6;14;43;43013;;1;1;AP-7;296;2;3;1;999;;1;1;1;;;999;4
9;2;9;43;0;;3;2;No inventariada;;14;6;1;999;;1;1;1;;;999;998
9;2;15;43;43148;;1;1;N-340;1165;6;4;2;1;;1;1;1;;;17;4
9;2;15;43;43133;;1;1;C-12;16,9;6;4;1;999;;3;1;1;;;999;4
9;2;10;43;0;;1;1;N-420;848,1;6;1;1;999;;1;1;4;;;17;3
9;2;17;43;0;;3;2;No inventariada;;14;1;1;999;;1;1;1;;;999;998
9;2;12;43;43133;;2;2;TV-3421;30,2;14;9;2;4;;3;1;3;;;17;4
9;2;8;43;43162;;3;2;No inventariada;;14;7;1;999;;1;1;1;;;17;998
9;2;20;43;43123;;3;2;No inventariada;;14;9;1;999;;1;1;1;;;17;998
9;3;8;43;43038;;1;1;AP-7;261,9;2;19;1;999;;3;1;4;;;999;4
9;2;7;43;0;;1;1;AP-2;223,8;2;4;1;999;;1;2;1;;;17;2
9;3;9;43;43013;;1;1;N-340;1109;6;2;2;;;3;1;3;;;999;4
9;3;12;43;43148;;1;1;A-7;1165;3;9;1;999;;3;1;3;;;999;4
9;3;17;43;43092;;2;2;T-323;0,2;6;2;2;2;;1;1;1;;;999;4
9;4;0;43;43123;;1;1;T-11;0,1;3;20;1;999;;1;5;1;;;999;4
8;2;10;43;43092;;3;2;No inventariada;;14;2;1;999;;1;1;1;;;17;998
9;1;9;43;43148;;2;2;N-340;1159;14;7;1;999;;1;1;1;;;17;4
8;5;18;43;0;;1;1;No inventariada;9;6;6;1;999;;1;2;1;;;999;4
9;3;13;43;0;;1;1;C-14;54,3;6;4;1;999;;3;1;3;;;999;4
9;4;12;43;0;;1;1;TP-2442;6,3;6;2;1;999;;1;1;1;;;999;4
9;3;19;43;0;;1;1;C-12;91,4;6;19;1;999;;1;1;1;;;17;1
9;5;17;43;0;;1;1;AP-7;212,3;2;4;1;999;;3;1;1;;;999;4
9;5;22;43;43123;;1;1;T-315;3,5;3;19;2;4;;3;4;1;;;999;4
9;5;21;43;0;;1;1;C-241d;5,3;6;19;1;999;;3;6;4;;;999;4
9;3;21;43;0;;1;1;N-240;10,5;6;2;1;999;;1;6;1;;;999;4
9;6;6;43;0;;1;1;C-14;31;6;3;1;999;;3;6;1;;;999;4
9;6;14;43;43148;;1;1;T-11;17,5;3;4;2;4;;1;1;1;;;999;4
9;6;22;43;43047;;1;1;C-422;6,8;6;19;1;999;;1;6;1;;;999;4
9;3;8;43;43123;;3;2;No inventariada;;14;7;1;999;;1;1;1;;;17;998
9;5;16;43;43123;;3;2;No inventariada;;14;1;1;999;;1;1;1;;;17;998
9;7;4;43;43148;;1;1;N-340;1157;6;20;1;999;;3;6;3;;;999;4
9;7;19;43;0;;1;1;N-420;857,5;6;20;1;999;;1;1;1;;;999;4
9;7;21;43;43155;;1;1;C-12;11,6;6;6;1;999;;1;6;1;;;999;4
6;6;18;43;43163;;3;2;No inventariada;;14;9;2;2;;1;1;1;;;1;998
7;5;19;43;43163;;3;2;No inventariada;;14;2;1;999;;1;1;1;;;17;998
9;5;14;43;0;;1;1;C-14;30,3;6;1;1;999;;1;1;4;;;17;2
9;5;14;43;0;;1;1;TP-2311;6,5;6;4;1;999;;3;1;4;;;999;4
7;1;9;43;43163;;2;2;TP-2044;0,4;14;4;1;999;;1;1;1;;;1;4
7;2;17;43;43163;;3;2;No inventariada;;14;4;1;999;;8;1;1;;;17;998
7;4;9;43;43163;;3;2;No inventariada;;14;4;1;999;;1;1;1;;;17;998
7;3;22;43;43163;;3;2;No inventariada;;14;1;2;4;;1;4;1;;;17;998
7;4;16;43;43163;;3;2;No inventariada;;14;4;1;999;;1;1;1;;;17;998
8;5;8;43;43163;;3;2;No inventariada;;14;7;2;1;;1;1;1;;;17;998
9;1;19;43;43092;;3;2;No inventariada;;14;7;1;999;;1;1;1;;;17;998
9;5;13;43;0;;3;2;No inventariada;;14;19;1;999;;3;1;3;;;999;998
9;2;6;43;0;;1;1;N-420;866;6;4;1;999;;1;5;1;;;999;4
9;2;12;43;43148;;1;1;T-11;18;3;4;2;4;;1;1;1;;;999;4
9;2;12;43;43171;;1;1;TV-3146;0,2;6;19;1;999;;1;1;1;;;999;4
9;2;23;43;43148;;1;1;T-11;17,4;3;9;2;;;1;4;1;;;999;4
8;7;18;43;43163;;2;2;TP-2044;0,4;14;6;1;999;;1;1;1;;;17;4
8;2;13;43;43163;;3;2;No inventariada;;14;7;2;2;;1;1;1;;;17;998
8;5;10;43;43163;;3;2;No inventariada;;14;7;2;1;;1;1;1;;;17;998
8;5;10;43;43163;;3;2;No inventariada;;14;3;1;999;;1;1;1;;;17;998
8;1;11;43;43163;;3;2;No inventariada;;14;2;1;999;;1;1;1;;;17;998
8;5;11;43;43163;;3;2;No inventariada;;14;2;2;4;;1;1;1;;;17;998
8;4;16;43;43163;;3;2;No inventariada;;14;3;1;999;;1;1;1;;;17;998
9;2;18;43;43163;;2;2;TP-2044;0,4;14;7;1;999;;1;1;1;;;17;4
9;7;13;43;43013;;3;2;No inventariada;;14;2;1;999;;1;1;1;;;17;998
9;2;23;43;43123;;3;2;No inventariada;;14;9;1;999;;1;1;1;;;17;998
9;5;16;43;43163;;1;1;AP-7;216,7;2;4;1;999;;1;1;1;;;999;4
9;3;7;43;43004;;1;1;N-340;1069;6;19;1;999;;1;1;1;;;999;4
9;3;11;43;43129;;1;1;TV-3101;1;6;3;1;999;;1;1;1;;;999;4
9;3;12;43;0;;1;1;No inventariada;0;6;9;1;999;;1;1;1;;;999;4
9;3;18;43;43171;;1;1;TV-3148;1;3;9;2;4;;1;1;1;;;999;4
9;3;22;43;43162;;1;1;N-340;1121;6;19;1;999;;1;6;1;;;999;4
7;3;11;43;43163;;3;2;No inventariada;;14;9;1;999;;8;1;1;;;17;998
8;6;22;43;43163;;3;2;No inventariada;;14;9;2;4;;8;4;1;;;17;998
9;4;9;43;43129;;1;1;TV-3142;1,6;6;19;1;999;;1;1;1;;;999;4
9;4;11;43;43163;;1;1;AP-7;219,5;2;6;1;999;;1;1;1;;;999;4
9;4;16;43;43043;;3;2;No inventariada;;14;2;1;999;;1;1;1;;;999;998
9;5;1;43;43163;;1;1;N-340;1189;6;4;2;2;;1;6;1;;;999;4
9;6;21;43;0;;2;2;T-710;0;6;19;2;4;;1;4;1;;;999;4
9;5;17;43;43136;;1;1;N-340;1073;6;4;1;999;;1;1;1;;;999;4
9;5;19;43;0;;1;1;AP-2;224,7;2;4;1;999;;1;2;1;;;999;4
9;6;1;43;43005;;1;1;C-14;16,8;3;19;1;999;;1;6;1;;;999;4
8;6;13;43;43145;;3;2;No inventariada;;14;2;2;1;;1;1;1;;;999;998
9;5;13;43;0;;1;1;C-51;9,6;6;4;1;999;;1;1;1;;;999;4
9;6;7;43;0;;1;1;T-211;4,1;6;19;1;999;;1;1;1;;;999;4
9;6;9;43;0;;1;1;TV-2441;10,4;6;9;1;999;;1;1;1;;;999;4
9;6;10;43;0;;1;1;TV-7004;0,6;6;9;1;999;;8;1;1;;;999;4
9;6;11;43;43123;;1;1;C-14;6,3;3;4;1;999;;1;1;1;;;999;4
9;6;12;43;43901;;1;1;TV-3454;10,5;6;2;2;1;;1;1;1;;;999;4
9;6;11;43;0;;1;1;TV-7331;0,6;6;9;2;4;;8;1;1;;;999;4
9;7;3;43;43129;;1;1;TV-3101;3,1;6;20;1;999;;1;4;1;;;999;4
9;5;17;43;43123;;3;2;No inventariada;;14;3;1;999;;1;1;1;;;17;998
8;1;12;43;0;;1;1;C-37;38,5;6;9;1;999;;1;1;1;;;999;4
9;5;3;43;43044;;1;1;TP-3311;19;6;6;1;999;;1;6;1;;1;999;4
9;7;8;43;43156;;2;2;TV-3319;9,1;14;6;1;999;;1;1;1;;;999;4
9;7;14;43;0;;1;1;C-241d;11;6;9;1;999;;1;1;1;;;999;4
9;7;17;43;43163;;1;1;N-340;1188;6;4;2;4;;1;1;1;;;999;4
9;1;10;43;43148;;1;1;C-31B;8,5;3;3;2;4;;1;1;1;;;999;4
9;1;8;43;0;;1;1;TP-2125;7,8;6;1;1;999;;1;1;1;;;999;4
9;1;19;43;0;;3;2;No inventariada;;14;9;2;2;;1;2;1;;;999;998
9;1;23;43;43123;;1;1;TV-3141;7,1;6;2;2;4;;1;4;1;;;999;4
8;6;10;43;43905;;3;2;No inventariada;;14;9;1;999;;1;1;1;;;1;998
9;4;15;43;43100;;2;2;TV-2236;3,5;6;4;1;999;;1;1;1;;;999;4
9;2;5;43;0;;1;1;AP-7;308,8;2;19;1;999;;1;6;1;;;999;4
9;2;9;43;43161;;1;1;A-27;25;6;19;1;999;;1;1;1;;;999;4
9;2;15;43;0;;2;2;No inventariada;20;14;2;2;2;;1;1;1;;;999;4
9;2;13;43;0;;1;1;T-713;3,9;6;19;1;999;;1;1;1;;;999;4