MES;DIA_SEMANA;HORA;COD_PROVINCIA;COD_MUNICIPIO;ISLA;ZONA;ZONA_AGRUPADA;CARRETERA;KM;TIPO_VIA;TIPO_ACCIDENTE;NUDO;NUDO_INFO;CARRETERA_CRUCE;CONDICION_FIRME;CONDICION_ILUMINACION;CONDICION_METEO;CONDICION_NIEBLA;CONDICION_VIENTO;VISIB_RESTRINGIDA_POR;TRAZADO_PLANTA
9;2;17;43;0;;1;1;C-233;0,4;6;9;1;999;;8;1;1;;;999;4
9;2;16;43;43131;;1;1;N-340;1184;14;2;2;;;1;1;1;;;17;1
9;2;8;43;43123;;3;2;No inventariada;;14;6;1;999;;1;1;1;;;17;998
9;2;10;43;43148;;3;2;No inventariada;;14;9;1;999;;1;1;1;;;17;998
9;7;19;43;0;;3;2;No inventariada;;14;7;2;4;;1;1;1;;;999;998
9;2;10;43;0;;1;1;TV-2441;7,6;6;3;1;999;;1;1;1;;;999;4
9;3;19;43;43163;;1;1;C-51;6;6;19;1;999;;1;2;1;;;999;4
9;3;20;43;43005;;1;1;C-14;22,1;6;9;1;999;;3;6;1;;;999;4
8;6;20;43;43905;;3;2;No inventariada;;14;7;2;2;;1;1;1;;;1;998
9;1;17;43;43123;;1;1;T-11;5;3;4;2;4;;1;1;1;;;999;4
9;4;7;43;43047;;1;1;AP-7;251,2;2;4;2;;;1;1;1;;;999;4
9;4;11;43;43171;;1;1;A-7;1154;3;4;1;999;;1;1;4;;;4;1
9;4;15;43;43901;;1;1;TV-3454;11,1;6;2;2;1;;3;1;4;;;999;4
9;2;15;43;0;;3;2;No inventariada;;14;6;2;2;;1;1;1;;;999;998
9;4;17;43;43171;;1;1;C-14;1,7;3;4;2;4;;1;1;1;;;999;4
9;5;9;43;43163;;1;1;C-51;6;6;4;2;4;;3;1;3;;;999;4
9;5;11;43;0;;1;1;N-340;1097;6;6;1;999;;3;1;3;;;999;4
9;5;11;43;43163;;1;1;N-340;1188;6;4;1;999;;3;1;3;;;999;4
9;5;11;43;0;;1;1;N-420;829,5;6;19;1;999;;3;1;1;;;999;4
9;5;12;43;43162;;1;1;C-44;2,9;6;19;1;999;;3;1;1;;;999;4
9;5;17;43;43092;;1;1;AP-7;269,4;2;4;1;999;;4;1;4;;;999;4
9;1;13;43;43171;;1;1;TV-3148;3,1;3;2;2;4;;1;1;1;;;999;4
9;6;12;43;0;;1;1;N-420;829,1;6;19;1;999;;3;1;4;;;999;4
9;6;16;43;43148;;1;1;C-31B;8,5;3;4;2;4;;3;1;3;;;999;4
9;6;19;43;0;;1;1;C-44;15,8;6;1;1;999;;3;2;3;;;999;4
9;6;15;43;43148;;3;2;No inventariada;;14;20;1;999;;1;1;1;;;17;998
8;5;14;43;43905;;3;2;No inventariada;;14;3;1;999;;1;1;1;;;1;998
9;5;17;43;43004;;2;2;TV-3321;1;14;4;1;999;;1;1;1;;;1;1
9;2;11;43;43905;;3;2;No inventariada;;14;9;1;999;;1;1;4;;;5;998
9;5;19;43;43123;;3;2;No inventariada;;14;4;1;999;;1;1;1;;;17;998
9;6;11;43;43123;;3;2;No inventariada;;14;19;1;999;;1;1;1;;;17;998
9;7;9;43;0;;1;1;T-301;15,4;6;20;1;999;;1;1;1;;;17;4
9;7;11;43;43155;;1;1;C-12;20,4;6;19;1;999;;1;1;1;;;999;4
9;7;12;43;0;;1;1;T-204;2,8;6;9;1;999;;1;1;1;;;999;4
9;7;13;43;0;;1;1;C-51;17,9;6;19;1;999;;1;1;1;;;4;2
9;7;23;43;0;;1;1;TV-7222;4;6;19;1;999;;3;6;1;;;999;4
9;6;13;43;43905;;3;2;No inventariada;;14;4;1;999;;1;1;1;;;1;998
9;5;8;43;43161;;3;2;No inventariada;;14;3;1;999;;1;1;1;;;17;998
9;5;20;43;43038;;3;2;No inventariada;;14;7;1;999;;1;1;1;;;17;998
9;1;18;43;43013;;1;1;AP-7;291,9;2;4;1;999;;1;1;1;;;999;4
9;1;11;43;43901;;1;1;TV-3454;11,1;6;4;2;1;;1;1;1;;;999;4
9;1;11;43;0;;1;1;T-713;7,2;6;1;1;999;;1;1;1;;;999;4
9;1;12;43;0;;1;1;N-420;865,5;6;3;2;;;1;1;1;;;999;4
9;1;13;43;0;;1;1;No inventariada;54;6;1;1;999;;1;1;1;;;999;4
9;1;17;43;43905;;1;1;C-31B;2,9;3;9;1;999;;1;1;1;;;999;4
9;5;13;43;43161;;3;2;No inventariada;;14;4;1;999;;1;1;1;;;17;998
9;7;6;43;43148;;3;2;No inventariada;;14;20;1;999;;1;1;1;;;17;998
9;2;17;43;0;;1;1;No inventariada;20;6;2;1;999;;1;1;1;;;999;4
6;5;18;43;43148;;3;2;No inventariada;;14;7;1;999;;1;1;1;;;6;998
9;3;9;43;43148;;1;1;A-27;1,5;3;4;1;999;;1;1;1;;;999;4
9;3;12;43;43171;;1;1;N-340;1154;6;9;1;999;;1;1;1;;;999;4
9;3;14;43;43163;;1;1;C-51;6,1;6;4;2;4;;1;1;1;;;999;4
9;3;15;43;43016;;1;1;N-340;1200;6;4;2;4;;1;1;1;;;999;4
9;3;16;43;43123;;1;1;T-11;3;3;9;2;4;;1;1;1;;;999;4
9;3;20;43;0;;1;1;C-242;57,9;6;9;1;999;;1;6;1;;;999;4
9;3;22;43;43171;;1;1;TV-3148;1,5;3;19;2;4;;1;4;1;;;999;4
9;2;15;43;43123;;3;2;No inventariada;;14;7;1;999;;1;1;1;;;17;998
9;4;8;43;43148;;1;1;T-11;17,9;3;4;1;999;;1;1;1;;;999;4
9;4;11;43;43013;;1;1;AP-7;294,5;2;4;1;999;;1;1;1;;;999;4
9;4;15;43;43148;;1;1;T-11;17,1;3;4;2;4;;1;1;1;;;999;4
9;3;8;43;43148;;1;1;A-27;3,9;3;4;1;999;;1;1;1;;;999;4
9;5;8;43;43014;;1;1;T-344;1,9;6;4;1;999;;1;1;1;;;999;4
9;5;16;43;43148;;1;1;A-7;1159;3;19;1;999;;1;1;1;;;999;4
9;6;23;43;43013;;1;1;AP-7;298;2;4;1;999;;1;6;1;;;999;4
9;6;10;43;43171;;1;1;TV-3148;0,9;3;2;2;4;;1;1;1;;;6;2
9;6;19;43;43133;;1;1;No inventariada;;6;9;1;999;;1;1;1;;;17;4
9;5;14;43;43123;;3;2;No inventariada;;14;3;1;999;;1;1;1;;;17;998
9;3;8;43;43148;;3;2;No inventariada;;14;20;1;999;;1;1;1;;;17;998
9;1;23;43;43123;;3;2;No inventariada;;14;7;1;999;;1;1;1;;;17;998
9;7;10;43;0;;1;1;TP-7402;8,2;6;9;1;999;;1;1;1;;;999;4
9;5;8;43;43145;;3;2;No inventariada;;14;7;1;999;;1;1;1;;;17;998
9;7;11;43;0;;1;1;TP-3311;4,6;6;3;1;999;;1;1;1;;;999;4
9;7;12;43;0;;1;1;C-242;51,7;6;20;1;999;;1;1;1;;;999;4
9;7;16;43;43044;;1;1;TP-3311;20;6;19;2;4;;1;1;1;;;999;4
9;7;19;43;43148;;1;1;A-7;1163;3;4;1;999;;1;2;1;;;999;4
9;7;16;43;43092;;1;1;N-340;1135;6;2;1;999;;1;1;1;;;999;4
9;1;7;43;43136;;1;1;N-340;1072;6;4;1;999;;1;2;1;;;999;4
9;1;13;43;0;;1;1;C-51;11,1;6;19;2;4;;1;1;1;;;999;4
9;1;14;43;43171;;1;1;A-7;1149;3;2;2;1;;1;1;1;;;999;4
9;1;18;43;0;;1;1;AP-7;319;2;4;1;999;;1;1;1;;;999;4
9;1;22;43;43133;;1;1;C-12;17;6;9;1;999;;1;6;1;;;999;4
9;2;17;43;43123;;1;1;C-14z;6,1;6;4;1;999;;1;1;1;;;999;4
10;2;9;43;0;;1;1;No inventariada;17;6;19;2;2;;1;1;1;;;999;4
10;2;13;43;43123;;1;1;C-14;4,7;3;4;2;4;;1;1;1;;;999;4
10;2;18;43;43171;;1;1;C-14;1,5;6;20;1;999;;1;2;1;;;999;4
10;2;19;43;0;;1;1;TV-2041;0,3;6;4;2;2;;1;5;1;;;999;4
9;1;13;43;43123;;3;2;No inventariada;;14;9;1;999;;1;1;1;;;17;998
10;3;11;43;0;;1;1;N-230b;11;6;19;1;999;;1;1;1;;;999;4
10;3;12;43;43162;;2;2;C-44;7,1;6;9;1;999;;1;1;1;;;999;4
10;3;12;43;0;;1;1;C-12;26,5;6;19;1;999;;1;1;1;;;999;4
10;3;19;43;43047;;1;1;TV-7211;9,2;6;2;2;4;;3;2;3;;;999;4
10;3;19;43;43162;;1;1;AP-7;283;2;9;1;999;;3;2;3;;;999;4
10;4;2;43;0;;3;2;No inventariada;;14;9;1;999;;1;4;1;;;999;998
10;4;1;43;43901;;1;1;No inventariada;1;6;19;1;999;;1;6;1;;;999;4
10;3;16;43;43123;;3;2;No inventariada;;14;2;1;999;;1;1;1;;;17;998
10;4;8;43;0;;3;2;No inventariada;;14;7;1;999;;1;1;1;;;999;998
10;4;16;43;0;;1;1;No inventariada;0,5;6;1;1;999;;1;1;1;;;999;4
10;4;18;43;43163;;1;1;N-340;1191;6;4;2;;;1;1;1;;;999;4
10;5;8;43;0;;1;1;C-51;8,7;6;2;2;2;;1;1;1;;;17;1
10;5;14;43;43037;;1;1;C-31;140,2;6;4;1;999;;1;1;1;;;999;4
10;5;18;43;0;;1;1;T-318;22;6;2;2;2;;1;1;1;;;999;4
10;6;12;43;0;;1;1;TV-2441;17,4;6;9;1;999;;1;1;1;;;999;4
10;6;14;43;0;;1;1;C-242;57;6;9;1;999;;8;1;1;;;999;4
10;6;14;43;43136;;1;1;No inventariada;4,2;6;19;1;999;;1;1;1;;;999;4
10;6;15;43;0;;1;1;TP-7225;7,5;6;4;1;999;;1;1;1;;;999;4
10;6;18;43;43148;;1;1;AP-7;244,5;2;4;1;999;;1;1;1;;;999;4
10;4;9;43;43123;;3;2;No inventariada;;14;7;1;999;;1;1;1;;;17;998
10;5;19;43;43123;;3;2;No inventariada;;14;4;1;999;;1;1;1;;;17;998
10;5;5;43;43123;;3;2;No inventariada;;14;9;1;999;;1;1;1;;;17;998
10;5;9;43;0;;2;2;T-750;1,7;6;4;1;999;;1;1;1;;;999;4
10;6;20;43;0;;1;1;T-310;10;6;19;2;4;;1;4;1;;;999;4
10;7;15;43;0;;1;1;N-240;26,4;6;19;1;999;;1;1;1;;;999;4
10;7;16;43;0;;1;1;N-340;1193;6;4;1;999;;1;1;1;;;999;4
10;7;23;43;43037;;1;1;C-31;139,1;6;8;1;999;;1;6;1;;;999;4
10;2;18;43;43093;;3;2;No inventariada;;14;7;1;999;;1;1;1;;;999;998
10;1;21;43;0;;1;1;C-37;22,2;6;8;1;999;;1;6;3;;;999;4
10;1;22;43;43123;;1;1;N-420a;878,1;6;4;2;4;;3;6;3;;;999;4
7;1;21;43;43131;;3;2;No inventariada;;14;9;1;999;;1;5;1;;;17;998
9;7;23;43;43155;;3;2;No inventariada;;14;4;1;999;;1;1;1;;;17;998
10;2;13;43;0;;1;1;No inventariada;0;6;9;1;999;;1;1;1;;;999;4
10;1;15;43;43123;;3;2;No inventariada;;14;7;1;999;;1;1;1;;;17;998
10;2;15;43;43123;;3;2;No inventariada;;14;4;1;999;;1;1;1;;;17;998
10;3;21;43;43148;;1;1;A-7;1167;3;4;1;999;;1;6;1;;;999;4
10;4;10;43;0;;3;2;No inventariada;;14;9;1;999;;1;1;1;;;999;998
10;4;8;43;43123;;1;1;TV-3141;7;6;3;2;4;;1;1;1;;;999;4
10;4;8;43;0;;1;1;T-704;4;6;4;2;2;;1;1;1;;;999;4
10;4;13;43;0;;3;2;No inventariada;;14;2;2;1;;1;1;1;;;999;998
10;4;13;43;43163;;1;1;C-51;6;6;4;2;4;;1;1;1;;;999;4
10;4;15;43;0;;1;1;N-340;1097;6;19;1;999;;1;1;1;;;999;4
10;5;5;43;0;;1;1;T-240;7,5;6;7;1;999;;1;6;1;;;999;4
10;5;9;43;43092;;2;2;No inventariada;;14;3;2;2;;1;1;1;;;17;1
10;5;11;43;0;;1;1;AP-7;304,5;2;4;1;999;;1;1;1;;;999;4
10;5;15;43;43148;;1;1;T-11;15;3;2;2;4;;1;1;1;;;999;4
10;5;14;43;43148;;1;1;TP-2031;4,1;6;1;1;999;;1;1;1;;;999;4
10;5;15;43;43092;;1;1;N-340;1139;6;9;1;999;;1;1;1;;;999;4
10;6;10;43;43162;;1;1;N-340;1124;6;19;1;999;;3;1;3;;;999;4
10;7;0;43;43004;;1;1;TP-3318;5,1;6;19;1;999;;1;1;1;;;17;4
10;7;1;43;0;;1;1;T-324;16;6;19;1;999;;1;6;1;;;17;2
10;2;10;43;43086;;3;2;No inventariada;;14;7;2;1;;1;1;1;;;2;998
10;3;21;43;43148;;3;2;No inventariada;;14;20;1;999;;1;1;1;;;17;998
10;4;7;43;43161;;3;2;No inventariada;;14;2;2;;;1;4;1;;;1;998
10;1;9;43;43123;;3;2;No inventariada;;14;6;1;999;;1;1;1;;;17;998
10;4;10;43;43123;;3;2;No inventariada;;14;2;1;999;;1;1;1;;;17;998
9;1;8;43;43092;;3;2;No inventariada;;14;6;1;999;;1;1;1;;;17;998
10;6;18;43;43123;;3;2;No inventariada;;14;9;1;999;;1;1;1;;;17;998
10;7;11;43;0;;3;2;No inventariada;;14;6;1;999;;1;1;1;;;999;998
10;7;12;43;0;;1;1;C-242;53,1;6;2;1;999;;1;1;1;;;999;4
10;7;17;43;43163;;1;1;N-340;1188;6;4;2;4;;1;1;1;;;999;4
10;7;21;43;0;;1;1;N-240;40,5;6;8;1;999;;1;6;1;;;999;4
10;6;9;43;43123;;3;2;No inventariada;;14;7;1;999;;1;1;1;;;17;998
10;1;8;43;0;;1;1;TP-2402;1,2;6;19;1;999;;1;1;1;;;999;4
10;1;9;43;43171;;1;1;C-14;1,7;3;2;2;4;;1;1;1;;;999;4
10;1;7;43;0;;1;1;N-420;865,6;6;4;2;;;1;6;1;;;17;1
10;1;18;43;0;;3;2;No inventariada;;14;9;1;999;;1;2;1;;;17;998
6;2;16;43;43148;;3;2;No inventariada;;14;3;1;999;;1;1;1;;;17;998
10;7;12;43;0;;1;1;T-322;19,7;6;1;1;999;;1;1;1;;;999;4
10;2;7;43;0;;1;1;AP-2;215,8;2;4;1;999;;1;1;1;;;999;4
10;2;17;43;0;;1;1;N-420;866,1;6;19;2;2;;1;1;1;;;999;4
10;3;1;43;43156;;1;1;AP-7;339,5;2;19;1;999;;3;6;1;;;999;4
10;1;21;43;43012;;1;1;N-340;1175;6;4;1;999;;1;6;1;;;999;4
10;4;4;43;0;;1;1;T-310z;13,9;6;19;2;2;;1;6;1;;;999;4
10;4;10;43;43016;;1;1;AP-7;207,5;2;19;1;999;;3;1;3;;;999;4
10;4;17;43;0;;1;1;C-51;9,6;6;4;1;999;;1;1;1;;;999;4
10;5;21;43;0;;1;1;N-240;7;6;8;1;999;;1;6;1;;;999;4
10;5;6;43;0;;1;1;AP-7;210,4;2;6;1;999;;1;6;1;;;999;4
10;5;14;43;43155;;1;1;C-12;15;6;9;1;999;;1;1;1;;;999;4
10;5;18;43;43092;;1;1;A-7;1135;3;4;1;999;;1;2;1;;;999;4
10;5;17;43;43092;;1;1;A-7;1133;3;9;1;999;;1;1;1;;;999;4
10;6;0;43;43171;;1;1;C-14;4,5;3;4;2;4;;1;5;1;;;999;4
10;6;10;43;0;;1;1;T-202;7,7;6;9;1;999;;1;1;1;;;999;4
10;6;23;43;0;;1;1;N-420;837,6;6;8;1;999;;1;6;1;;;999;4
10;3;8;43;43086;;2;2;TV-2421;0,2;14;2;2;2;;1;1;3;;;1;1
10;5;15;43;43123;;3;2;No inventariada;;14;2;1;999;;1;1;1;;;17;998
10;5;16;43;43123;;3;2;No inventariada;;14;7;1;999;;1;1;1;;;17;998
10;4;8;43;43123;;3;2;No inventariada;;14;9;1;999;;1;1;1;;;17;998
10;3;13;43;43123;;3;2;No inventariada;;14;2;1;999;;1;1;1;;;17;998
10;6;16;43;43123;;3;2;No inventariada;;14;2;1;999;;1;1;1;;;17;998
10;6;21;43;43037;;1;1;TV-2126;3,5;6;4;2;4;;1;4;1;;;999;4
10;7;14;43;0;;1;1;TV-2441;1,3;6;2;1;999;;1;1;1;;;999;4
10;4;22;43;0;;1;1;AP-2;185;2;8;1;999;;3;6;3;;;999;4
10;1;12;43;0;;1;1;TV-2122;1,5;6;9;1;999;;1;1;1;;;999;4
10;1;13;43;43148;;1;1;AP-7;245;2;3;1;999;;1;1;1;;;999;4
10;1;15;43;43092;;1;1;A-7;1131;3;9;1;999;;1;1;1;;;999;4
10;1;21;43;43148;;1;1;N-340;1171;6;9;2;4;;8;4;1;;;999;4
10;1;22;43;0;;3;2;No inventariada;;14;19;1;999;;1;6;1;;;999;998
7;5;16;43;43148;;3;2;No inventariada;;14;2;2;1;;1;1;1;;;17;998
8;5;15;43;43037;;3;2;No inventariada;;14;2;2;2;;1;1;1;;;17;998
8;4;14;43;43037;;3;2;No inventariada;;14;3;1;999;;1;1;1;;;17;998
9;1;19;43;43037;;3;2;No inventariada;;14;2;2;4;;1;1;1;;;17;998
7;6;23;43;43148;;3;2;No inventariada;;14;7;1;999;;3;4;3;;;17;998
9;6;2;43;43037;;3;2;No inventariada;;14;18;1;999;;1;4;1;;;17;998
7;1;14;43;43148;;3;2;No inventariada;;14;4;2;4;;1;1;1;;;17;998
7;3;7;43;43148;;2;2;N-340a;1160;14;7;1;999;;1;2;1;;;17;4
10;3;14;43;43123;;3;2;No inventariada;;14;2;1;999;;1;1;1;;;17;998
9;6;18;43;43148;;3;2;No inventariada;;14;20;1;999;;1;1;1;;;17;998
10;6;19;43;43161;;3;2;No inventariada;;14;7;1;999;;1;1;1;;;17;998
10;2;7;43;43136;;1;1;N-340;1073;6;2;2;1;;1;1;1;;;999;4
10;2;11;43;43171;;1;1;TV-3148;1,2;3;19;1;999;;1;1;1;;;17;1
10;2;15;43;43014;;1;1;T-344;3,2;6;2;2;4;;1;1;1;;;999;4
10;2;18;43;0;;3;2;No inventariada;;14;6;1;999;;1;1;1;;;999;998
7;4;9;43;43148;;3;2;No inventariada;;14;3;2;4;;1;1;1;;;17;998
7;6;22;43;43148;;3;2;No inventariada;;14;6;1;999;;1;4;1;;;17;998
7;1;23;43;43148;;3;2;No inventariada;;14;4;1;999;;1;4;1;;;17;998
7;2;13;43;43148;;3;2;No inventariada;;14;9;1;999;;8;1;1;;;17;998
7;3;16;43;43148;;3;2;No inventariada;;14;7;1;999;;1;1;1;;;17;998
7;3;17;43;43148;;3;2;No inventariada;;14;9;1;999;;1;1;1;;;17;998
7;3;22;43;43148;;3;2;No inventariada;;14;4;2;4;;1;4;1;;;17;998
7;5;14;43;43148;;3;2;No inventariada;;14;7;1;999;;1;1;1;;;17;998
7;5;12;43;43148;;3;2;No inventariada;;14;2;2;4;;1;1;1;;;17;998
7;1;7;43;43148;;3;2;No inventariada;;14;9;2;4;;1;1;1;;;17;998
7;1;9;43;43148;;2;2;N-340;1159;14;9;1;999;;1;1;1;;;17;4
7;7;19;43;43148;;3;2;No inventariada;;14;7;1;999;;1;1;1;;;17;998
10;1;9;43;43037;;3;2;No inventariada;;14;1;2;1;;1;1;1;;;17;998
7;2;14;43;43148;;3;2;No inventariada;;14;4;1;999;;1;1;1;;;17;998
8;2;13;43;43148;;3;2;No inventariada;;14;7;1;999;;1;1;1;;;17;998
10;6;10;43;43037;;2;2;C-31;142,9;14;4;1;999;;1;4;1;;;17;4
8;2;18;43;43148;;3;2;No inventariada;;14;7;2;1;;1;1;1;;;17;998
8;2;7;43;43148;;3;2;No inventariada;;14;2;2;2;;1;1;1;;;17;998
8;2;20;43;43148;;3;2;No inventariada;;14;7;1;999;;1;4;1;;;17;998
8;5;18;43;43148;;3;2;No inventariada;;14;4;1;999;;1;1;1;;;17;998
8;6;14;43;43148;;2;2;N-340;1159;14;1;2;1;;1;1;1;;;17;4
10;5;22;43;43161;;3;2;No inventariada;0;14;9;1;999;;1;1;1;;;17;998
10;1;19;43;43171;;1;1;C-14;1,7;3;4;2;4;;1;2;1;;;999;4
10;2;13;43;43148;;1;1;T-11;17,7;3;6;1;999;;1;1;1;;;999;4
10;3;15;43;0;;1;1;TV-3403;4,5;6;1;2;1;;1;1;1;;;999;4
10;3;19;43;43093;;1;1;No inventariada;0,6;6;1;1;999;;1;2;1;;;999;4
10;3;21;43;43047;;1;1;A-27;8;3;4;1;999;;1;6;1;;;999;4
8;1;20;43;43148;;3;2;No inventariada;;14;9;1;999;;8;4;1;;;17;998
8;3;18;43;43148;;2;2;N-340;1159;14;4;1;999;;1;1;1;;;17;4
8;4;19;43;43148;;3;2;No inventariada;;14;4;1;999;;1;1;1;;;17;998
8;6;9;43;43148;;3;2;No inventariada;;14;9;1;999;;1;1;1;;;17;998
8;1;0;43;43148;;2;2;N-340;1159;14;2;2;4;;1;4;1;;;17;4
8;1;10;43;43148;;3;2;No inventariada;;14;7;1;999;;1;1;1;;;17;998
8;2;13;43;43148;;3;2;No inventariada;;14;2;2;4;;1;1;1;;;17;998
8;3;3;43;43148;;3;2;No inventariada;;14;6;1;999;;1;4;1;;;17;998
8;5;15;43;43148;;3;2;No inventariada;;14;4;2;4;;1;1;1;;;17;998
9;2;22;43;43148;;3;2;No inventariada;;14;2;2;1;;1;4;1;;;17;998
9;4;9;43;43148;;3;2;No inventariada;;14;3;1;999;;1;1;1;;;17;998
9;5;22;43;43148;;3;2;No inventariada;;14;9;1;999;;1;4;1;;;17;998
9;6;12;43;43148;;3;2;No inventariada;;14;2;1;999;;1;1;1;;;17;998
9;1;19;43;43148;;3;2;No inventariada;;14;2;2;1;;1;1;1;;;17;998
9;2;17;43;43148;;3;2;No inventariada;;14;7;2;2;;1;1;1;;;17;998
9;4;10;43;43148;;3;2;No inventariada;;14;4;2;1;;1;1;1;;;17;998
10;6;11;43;43092;;3;2;No inventariada;;14;19;1;999;;1;1;1;;;1;998
10;1;20;43;43123;;3;2;No inventariada;;14;20;1;999;;1;1;1;;;17;998
10;4;8;43;43163;;1;1;N-340;1188;6;4;2;4;;1;1;1;;;999;4
10;4;11;43;0;;3;2;No inventariada;;14;2;2;2;;1;1;1;;;999;998
10;4;16;43;43161;;1;1;C-37;5;6;4;2;;;1;1;1;;;999;4
10;4;20;43;43129;;1;1;N-420;868;6;8;1;999;;1;6;1;;;999;4
9;5;17;43;43148;;3;2;No inventariada;;14;2;2;4;;1;1;1;;;17;998
9;6;15;43;43148;;3;2;No inventariada;;14;4;2;2;;1;1;1;;;17;998
9;7;16;43;43148;;3;2;No inventariada;;14;9;1;999;;1;1;1;;;17;998
9;1;14;43;43148;;3;2;No inventariada;;14;6;1;999;;1;1;1;;;17;998
10;5;9;43;0;;3;2;No inventariada;;14;2;2;1;;1;1;1;;;999;998
10;4;9;43;0;;1;1;AP-7;309,8;2;19;1;999;;1;1;1;;;999;4
10;5;21;43;43148;;1;1;T-11;16;3;4;2;4;;3;5;1;;;999;4
10;3;9;43;43163;;3;2;No inventariada;;14;3;1;999;;1;1;1;;;17;998
8;2;12;43;43163;;3;2;No inventariada;;14;2;2;1;;1;1;1;;;17;998
9;1;13;43;43163;;3;2;No inventariada;;14;4;2;1;;1;1;1;;;17;998
9;7;8;43;43163;;3;2;No inventariada;;14;2;2;1;;1;1;1;;;17;998
9;2;13;43;43163;;3;2;No inventariada;;14;2;2;1;;1;1;1;;;17;998
9;5;7;43;43163;;3;2;No inventariada;;14;7;1;999;;3;2;3;;;17;998
9;4;21;43;43163;;2;2;TP-2044;0,4;14;2;2;4;;1;2;1;;;17;4
10;2;13;43;43163;;3;2;No inventariada;;14;7;1;999;;1;1;1;;;17;998
10;3;19;43;43163;;3;2;No inventariada;;14;9;1;999;;8;6;3;;;17;998
10;3;22;43;43163;;3;2;No inventariada;;14;7;1;999;;3;4;3;;;17;998
10;4;10;43;43148;;3;2;No inventariada;;14;1;1;999;;3;1;3;;;17;998
10;4;9;43;43163;;3;2;No inventariada;;14;7;1;999;;3;1;3;;;17;998
10;2;11;43;43163;;3;2;No inventariada;;14;1;2;1;;1;1;1;;;17;998
10;4;10;43;43163;;3;2;No inventariada;;14;9;1;999;;3;1;3;;;17;998
10;7;16;43;43163;;3;2;No inventariada;;14;1;2;1;;1;1;1;;;17;998
10;1;7;43;0;;1;1;A-7;1145;3;6;1;999;;1;6;1;;;999;4
10;6;8;43;0;;1;1;T-704;9,2;6;19;1;999;;3;1;4;;;999;4
10;6;9;43;43148;;1;1;AP-7;239;2;19;1;999;;3;1;4;;;999;4
10;6;10;43;43163;;1;1;C-31;136;6;4;1;999;;4;1;4;;;999;4
10;6;14;43;43043;;1;1;T-203;1,6;6;19;1;999;;3;1;3;;;999;4
10;6;14;43;0;;1;1;N-420;827;6;19;1;999;;3;1;3;;;999;4
10;6;22;43;0;;1;1;T-350;1;6;19;1;999;;3;6;3;;;999;4
10;6;16;43;0;;1;1;N-420;831,6;6;19;1;999;;3;1;3;;;999;4
10;4;12;43;43905;;3;2;No inventariada;;14;3;1;999;;1;1;1;;;1;998
10;3;19;43;43123;;3;2;No inventariada;;14;7;1;999;;1;1;1;;;17;998
10;1;19;43;43153;;3;2;No inventariada;;14;20;1;999;;1;5;1;;;1;998
10;6;4;43;43123;;3;2;No inventariada;;14;3;1;999;;1;1;1;;;17;998
10;5;9;43;43123;;3;2;No inventariada;;14;2;1;999;;1;1;1;;;17;998
10;7;6;43;43123;;3;2;No inventariada;;14;4;1;999;;1;1;1;;;17;998
10;7;3;43;0;;1;1;AP-7;213,8;2;19;1;999;;3;6;1;;;999;4
10;7;15;43;0;;1;1;A-7;1145;3;19;1;999;;3;1;4;;;999;4
10;7;18;43;43162;;1;1;AP-7;286;2;4;1;999;;4;6;4;;;999;4
10;7;19;43;0;;1;1;TV-2401;3,1;6;19;1;999;;3;6;3;;;999;4
10;7;22;43;43153;;1;1;T-210;1,4;6;19;2;4;;3;5;3;;;999;4
9;3;14;43;43148;;3;2;No inventariada;;14;7;1;999;;1;1;1;;;17;998
9;3;22;43;43148;;3;2;No inventariada;;14;3;2;2;;1;4;1;;;17;998
9;4;14;43;43148;;3;2;No inventariada;;14;2;2;4;;3;1;3;;;17;998
9;5;9;43;43148;;3;2;No inventariada;;14;4;1;999;;3;1;3;;;17;998
10;4;18;43;43123;;3;2;No inventariada;;14;7;1;999;;1;1;1;;;17;998
10;2;20;43;43148;;1;1;N-240;1,6;3;4;2;2;;3;5;1;;;999;4
10;1;7;43;43163;;1;1;AP-7;221;2;19;1;999;;3;1;3;;;999;4
9;3;15;43;43148;;3;2;No inventariada;;14;4;2;4;;1;1;1;;;17;998
9;3;21;43;43148;;3;2;No inventariada;;14;9;1;999;;1;1;1;;;17;998
9;4;9;43;43148;;2;2;N-340;1159;14;7;1;999;;1;1;1;;;17;4
9;4;10;43;43148;;3;2;No inventariada;;14;2;2;4;;1;1;1;;;17;998
9;4;19;43;43148;;3;2;No inventariada;;14;4;2;2;;1;2;1;;;17;998
9;6;14;43;43148;;3;2;No inventariada;;14;2;2;2;;1;1;1;;;17;998
9;6;14;43;43148;;3;2;No inventariada;;14;1;2;2;;1;1;1;;;17;998
9;1;17;43;43148;;3;2;No inventariada;;14;7;2;1;;1;1;1;;;17;998