MES;DIA_SEMANA;HORA;COD_PROVINCIA;COD_MUNICIPIO;ISLA;ZONA;ZONA_AGRUPADA;CARRETERA;KM;TIPO_VIA;TIPO_ACCIDENTE;NUDO;NUDO_INFO;CARRETERA_CRUCE;CONDICION_FIRME;CONDICION_ILUMINACION;CONDICION_METEO;CONDICION_NIEBLA;CONDICION_VIENTO;VISIB_RESTRINGIDA_POR;TRAZADO_PLANTA
10;7;2;43;43014;;3;2;No inventariada;;14;6;2;4;;1;4;1;;;1;998
10;1;7;43;43148;;1;1;T-11;14,5;3;4;1;999;;3;1;4;;;999;4
10;1;8;43;43148;;1;1;T-11;14,5;3;4;2;;;3;1;4;;;999;4
10;2;7;43;43153;;2;2;N-340;1179;14;9;2;4;;1;1;1;;;999;4
10;2;7;43;43047;;1;1;T-721;7,5;6;19;1;999;;3;6;1;;;999;4
10;2;12;43;43131;;1;1;N-340;1183;6;9;2;2;;1;1;1;;1;999;4
10;2;14;43;0;;1;1;AP-7;318;2;4;1;999;;1;1;1;;;999;4
10;3;18;43;43148;;3;2;No inventariada;;14;20;1;999;;1;1;1;;;17;998
10;1;12;43;43123;;3;2;No inventariada;;14;4;1;999;;1;1;1;;;17;998
9;4;12;43;43905;;3;2;No inventariada;;14;7;1;999;;1;1;1;;;1;998
10;1;10;43;43148;;1;1;AP-7;236,8;2;4;1;999;;3;1;4;;;999;4
10;3;20;43;0;;1;1;T-710;6,6;6;3;1;999;;3;6;1;;;999;4
9;1;14;43;43148;;3;2;No inventariada;;14;9;2;2;;1;1;1;;;17;998
9;1;23;43;43148;;3;2;No inventariada;;14;9;2;4;;8;4;1;;;17;998
10;3;9;43;43148;;3;2;No inventariada;;14;9;2;1;;1;1;1;;;17;998
10;3;20;43;43148;;3;2;No inventariada;;14;9;2;2;;3;4;4;;;17;998
10;5;20;43;43148;;3;2;No inventariada;;14;2;2;2;;1;4;1;;;17;998
10;2;10;43;43148;;3;2;No inventariada;;14;7;2;1;;1;1;1;;;17;998
10;2;14;43;43148;;3;2;No inventariada;;14;2;2;2;;1;1;1;;;17;998
10;3;15;43;43148;;3;2;No inventariada;;14;9;2;4;;1;1;1;;;17;998
10;3;21;43;43148;;3;2;No inventariada;;14;9;2;1;;1;4;1;;;17;998
10;4;20;43;43148;;3;2;No inventariada;;14;9;1;999;;8;4;1;;;17;998
10;5;16;43;43148;;3;2;No inventariada;;14;4;1;999;;1;1;1;;;17;998
10;4;9;43;43148;;3;2;No inventariada;;14;7;1;999;;3;1;3;;;17;998
10;7;13;43;43123;;3;2;No inventariada;;14;2;1;999;;1;1;1;;;17;998
10;4;11;43;0;;1;1;C-12;57,8;6;19;1;999;;3;1;3;;;999;4
11;5;7;43;43163;;1;1;N-340;1190;6;1;1;999;;1;5;1;;;4;2
11;5;18;43;43901;;1;1;TV-3454;6,4;6;19;1;999;;3;6;3;;;999;4
11;5;18;43;0;;1;1;C-51;12,3;6;1;1;999;;3;5;3;;;999;4
11;6;6;43;43047;;1;1;A-27;6,9;3;19;2;4;;3;5;1;;;999;4
11;6;12;43;0;;1;1;C-44;25,5;6;19;1;999;;3;1;3;;;999;4
11;6;17;43;43123;;1;1;T-315;3,1;3;19;2;4;;3;2;3;;;999;4
11;6;22;43;0;;1;1;N-420;795,8;6;19;1;999;;3;6;3;;;999;4
10;4;23;43;43123;;3;2;No inventariada;;14;2;1;999;;1;1;1;;;17;998
10;3;17;43;43161;;3;2;No inventariada;;14;7;1;999;;1;1;1;;;17;998
10;3;18;43;43161;;3;2;No inventariada;;14;2;1;999;;1;1;1;;;17;998
10;3;11;43;43123;;3;2;No inventariada;;14;2;1;999;;1;1;1;;;17;998
10;4;14;43;43161;;3;2;No inventariada;198;14;4;1;999;;1;1;1;;;17;998
11;5;6;43;43161;;3;2;No inventariada;;14;19;1;999;;1;1;1;;;17;998
10;4;14;43;43123;;3;2;No inventariada;;14;7;1;999;;1;1;1;;;17;998
10;4;19;43;43123;;3;2;No inventariada;;14;2;1;999;;1;1;1;;;17;998
10;3;12;43;43123;;3;2;No inventariada;;14;2;1;999;;1;1;1;;;17;998
10;2;14;43;43092;;3;2;No inventariada;;14;2;1;999;;1;1;1;;;17;998
11;5;20;43;43123;;3;2;No inventariada;;14;9;1;999;;1;1;1;;;17;998
11;6;19;43;43123;;3;2;No inventariada;;14;4;1;999;;1;1;1;;;17;998
11;6;15;43;43092;;1;1;AP-7;275,8;2;4;1;999;;3;1;4;;;999;4
11;7;14;43;43171;;1;1;A-7;1150;3;4;1;999;;1;1;1;;;999;4
11;7;14;43;43171;;1;1;A-7;1150;3;4;1;999;;1;1;1;;;999;4
10;4;18;43;43092;;1;1;T-323;4;6;9;1;999;;1;1;1;;;999;4
10;6;13;43;43123;;1;1;T-11;8;3;4;2;4;;1;1;1;;;999;4
10;4;19;43;43148;;3;2;No inventariada;;14;9;2;4;;1;4;1;;;17;998
10;4;11;43;43148;;3;2;No inventariada;;14;7;1;999;;1;1;1;;;17;998
10;5;14;43;43148;;3;2;No inventariada;;14;2;2;2;;1;1;1;;;17;998
11;1;15;43;43123;;3;2;No inventariada;;14;6;1;999;;1;1;1;;;17;998
10;1;14;43;43148;;1;1;A-27;1,1;3;4;1;999;;3;1;3;;;999;4
11;2;13;43;43129;;1;1;T-314;3,5;6;2;2;1;;1;1;1;;;999;4
10;1;9;43;43148;;3;2;No inventariada;;14;4;1;999;;1;1;1;;;17;998
10;3;9;43;43148;;3;2;No inventariada;;14;2;1;999;;1;2;1;;;17;998
10;4;16;43;43148;;3;2;No inventariada;;14;7;1;999;;1;1;1;;;17;998
10;5;9;43;43148;;3;2;No inventariada;;14;7;1;999;;1;2;1;;;17;998
10;5;15;43;43148;;3;2;No inventariada;;14;3;2;2;;1;1;1;;;17;998
10;5;16;43;43148;;3;2;No inventariada;;14;4;1;999;;3;1;3;;;17;998
10;4;14;43;43148;;3;2;No inventariada;;14;2;2;2;;1;1;1;;;17;998
11;2;6;43;43123;;3;2;No inventariada;;14;9;1;999;;1;1;1;;;17;998
10;2;11;43;0;;1;1;T-313;19,9;6;9;1;999;;1;1;1;;;999;4
10;4;11;43;43171;;1;1;C-14;4,3;3;4;2;4;;1;1;1;;;999;4
11;3;7;43;43148;;1;1;C-31B;6,4;3;2;1;999;;1;2;1;;;999;4
11;3;8;43;43907;;1;1;T-11;12,5;3;19;1;999;;1;1;1;;;999;4
11;3;11;43;43148;;1;1;AP-7;243,4;2;4;1;999;;1;1;1;;;999;4
11;3;12;43;43012;;1;1;AP-7;232,9;2;3;1;999;;1;1;1;;;999;4
11;3;14;43;43123;;1;1;T-11;10,7;3;2;1;999;;1;1;1;;;999;4
11;3;18;43;43901;;1;1;TV-3454;11,4;6;2;2;1;;1;4;1;;;999;4
10;1;17;43;43037;;3;2;No inventariada;;14;3;2;1;;1;1;1;;;17;998
10;6;14;43;43163;;3;2;No inventariada;;14;7;1;999;;3;1;3;;;17;998
11;2;7;43;43123;;3;2;No inventariada;;14;6;1;999;;1;1;1;;;17;998
11;3;9;43;43161;;3;2;No inventariada;;14;3;1;999;;1;1;1;;;17;998
11;1;17;43;43123;;3;2;No inventariada;;14;2;1;999;;1;1;1;;;17;998
11;4;6;43;43161;;1;1;N-240;22;6;4;1;999;;1;6;1;;;999;4
11;4;14;43;43148;;1;1;A-7;1162;3;9;1;999;;1;1;1;;;999;4
11;4;17;43;0;;1;1;T-710;10,6;6;19;1;999;;3;6;3;;;999;4
11;4;19;43;0;;1;1;C-14;43,1;6;19;1;999;;1;6;1;;;999;4
11;5;5;43;43013;;1;1;N-340;1116;6;4;1;999;;1;6;1;;;999;4
11;5;6;43;43086;;1;1;N-240;34;6;19;2;;;8;6;1;;;999;4
11;5;10;43;43155;;1;1;C-12;20,5;6;4;1;999;;1;1;1;;;999;4
11;5;9;43;0;;1;1;C-14;43;6;19;1;999;;1;1;1;;;999;4
11;5;14;43;0;;1;1;TP-3311;4,7;6;19;1;999;;1;1;1;;;999;4
11;5;17;43;43123;;1;1;TV-3141;7,5;6;4;2;4;;1;4;1;;;999;4
11;5;19;43;0;;1;1;TP-2031;15,2;6;8;1;999;;1;6;1;;;999;4
11;5;16;43;0;;1;1;No inventariada;1;6;19;1;999;;4;1;1;;;17;1
11;6;7;43;0;;1;1;A-27;8,5;3;19;1;999;;1;1;1;;;999;4
11;6;10;43;43014;;1;1;TV-3408;0,2;6;19;1;999;;1;1;1;;;999;4
11;6;11;43;43043;;1;1;TP-2031;7;6;2;2;;;1;1;1;;;17;2
11;5;20;43;43014;;3;2;No inventariada;;14;7;1;999;;1;4;3;;;1;998
8;5;10;43;43905;;3;2;No inventariada;;14;3;2;4;;1;1;1;;;1;998
11;3;19;43;43133;;3;2;No inventariada;;14;2;1;999;;1;4;3;;;1;998
11;7;13;43;43123;;3;2;No inventariada;;14;7;1;999;;1;1;1;;;17;998
11;7;7;43;43004;;1;1;N-340;1065;6;1;1;999;;1;1;1;;;999;4
11;7;9;43;0;;1;1;T-710;6;6;19;1;999;;1;1;1;;;999;4
11;7;12;43;0;;1;1;TP-2125;3;6;2;2;4;;1;1;1;;;999;4
11;7;14;43;0;;1;1;B-212;10,7;6;3;1;999;;1;1;1;;;17;3
10;3;21;43;43148;;3;2;No inventariada;;14;1;2;1;;3;4;3;;;17;998
10;4;13;43;43148;;2;2;N-340;1160;14;2;2;4;;1;1;1;;;17;4
10;5;18;43;43037;;2;2;C-31;142,9;14;4;1;999;;1;4;1;;;17;4
10;1;7;43;43148;;3;2;No inventariada;;14;8;1;999;;1;2;1;;;17;998
10;2;0;43;43148;;3;2;No inventariada;;14;6;1;999;;1;1;1;;;17;998
11;1;16;43;43161;;1;1;C-37;9,8;6;4;1;999;;1;1;1;;;999;4
11;1;10;43;43163;;1;1;N-340;1188;6;4;2;4;;1;1;1;;;999;4
11;1;17;43;0;;1;1;TV-3002;3,4;6;2;2;2;;1;1;1;;;999;4
11;1;21;43;43148;;1;1;A-27;3,9;3;2;2;4;;1;6;1;;;999;4
9;6;13;43;43148;;3;2;No inventariada;;14;4;2;2;;3;1;3;;;17;998
10;3;20;43;43148;;3;2;No inventariada;;14;20;1;999;;1;1;1;;;17;998
11;1;14;43;43123;;3;2;No inventariada;;14;2;1;999;;1;1;1;;;1;998
11;2;14;43;43163;;1;1;N-340;1188;6;3;1;999;;1;1;3;;;17;1
11;2;16;43;0;;3;2;No inventariada;;14;2;2;2;;1;1;1;;;999;998
11;3;7;43;43153;;2;2;N-340;1179;14;4;1;999;;3;1;3;;;999;4
10;1;11;43;43148;;3;2;No inventariada;;14;7;1;999;;1;1;1;;;17;998
10;7;20;43;43162;;1;1;AP-7;282,6;2;19;1;999;;3;6;4;;;999;4
11;3;19;43;43148;;1;1;A-27;1,8;3;4;2;;;3;6;3;;;999;4
11;4;8;43;43148;;1;1;A-27;1,9;3;4;1;999;;1;1;1;;;999;4
11;4;10;43;43163;;1;1;N-340;1188;6;4;2;4;;1;1;1;;;999;4
11;4;18;43;0;;1;1;C-51;25,3;6;6;1;999;;1;6;1;;;999;4
11;1;8;43;43148;;3;2;No inventariada;;14;7;1;999;;1;1;1;;;17;998
11;5;9;43;0;;2;2;T-334;1,9;6;6;1;999;;1;1;1;;;999;4
11;6;5;43;43038;;1;1;T-314;0,8;6;19;1;999;;1;6;1;;;17;1
11;6;18;43;43163;;1;1;C-51;8,5;6;2;1;999;;1;2;1;;;999;4
11;6;18;43;43013;;1;1;TV-3025;2,3;6;19;1;999;;1;6;1;;;999;4
11;6;18;43;0;;1;1;C-12;45;6;19;1;999;;3;6;1;;;999;4
11;6;21;43;0;;3;2;No inventariada;;14;9;1;999;;4;6;1;;;17;998
11;7;2;43;43148;;1;1;T-11;15;3;19;2;4;;1;4;1;;;999;4
11;5;15;43;43123;;3;2;No inventariada;;14;20;1;999;;1;1;1;;;17;998
11;3;16;43;43092;;3;2;No inventariada;;14;2;1;999;;1;1;1;;;17;998
11;6;12;43;43123;;3;2;No inventariada;;14;4;1;999;;1;1;1;;;17;998
11;4;19;43;43123;;3;2;No inventariada;;14;9;1;999;;1;1;1;;;17;998
11;7;4;43;0;;1;1;TV-2301;4,8;6;19;2;2;;1;6;1;;;999;4
11;7;8;43;0;;1;1;C-44;24,7;6;19;1;999;;3;1;1;;;999;4
11;7;8;43;0;;2;2;T-240;7,8;6;19;2;4;;1;1;1;;;999;4
11;7;19;43;0;;1;1;T-310;26,4;6;19;1;999;;1;6;1;;;999;4
11;5;19;43;43148;;3;2;No inventariada;;14;9;1;999;;8;5;1;;;17;998
11;7;15;43;43161;;2;2;N-240A;18,8;14;19;1;999;;1;1;1;;;17;4
11;1;19;43;43148;;1;1;A-7;1161;3;4;2;;;1;2;1;;;999;4
11;1;8;43;0;;3;2;No inventariada;;14;2;2;1;;1;1;1;;;999;998
11;1;15;43;43148;;1;1;T-11;15;3;2;2;4;;1;1;1;;;999;4
11;6;1;43;43051;;2;2;C-31;143,6;6;19;2;4;;1;4;1;;;1;1
11;1;11;43;43123;;3;2;No inventariada;;14;4;1;999;;1;1;1;;;17;998
11;7;12;43;43123;;3;2;No inventariada;;14;9;1;999;;1;1;1;;;17;998
11;7;16;43;0;;1;1;AP-7;319;2;4;1;999;;1;1;1;;;999;4
11;2;8;43;43123;;1;1;T-310;2;6;2;2;2;;1;1;1;;;999;4
11;2;8;43;0;;3;2;No inventariada;;14;7;1;999;;1;1;1;;;999;998
11;2;9;43;43163;;1;1;TV-2127;0,7;6;4;2;2;;1;1;1;;;999;4
11;2;14;43;43037;;1;1;C-31;139;6;4;1;999;;1;1;1;;;999;4
11;2;14;43;43123;;1;1;C-14;11,4;3;3;1;999;;1;1;1;;;999;4
11;2;18;43;43161;;1;1;C-37;4,9;6;3;2;4;;1;6;1;;;999;4
11;2;21;43;43171;;1;1;AP-7;257;6;4;1;999;;1;6;1;;;999;4
8;4;12;43;43148;;3;2;No inventariada;;14;7;1;999;;1;1;1;;;17;998
11;4;20;43;43148;;3;2;No inventariada;;14;6;1;999;;1;4;1;;;1;998
11;1;12;43;43123;;2;2;TV-7211;3;14;1;1;999;;1;1;1;;;17;4
11;2;9;43;43123;;2;2;TP-7049;0,6;14;4;1;999;;1;1;1;;;17;4
11;3;12;43;0;;3;2;No inventariada;;14;9;1;999;;1;1;1;;;999;998
11;3;11;43;0;;1;1;TV-2122;0,1;6;7;1;999;;1;1;1;;1;999;4
11;3;19;43;0;;2;2;TV-2126;0;6;4;2;2;;1;6;1;;;999;4
11;6;10;43;43148;;3;2;No inventariada;;14;9;1;999;;1;1;1;;;1;998
11;4;6;43;0;;1;1;TP-2311;9,5;6;19;1;999;;1;6;1;;;999;4
11;4;11;43;0;;1;1;C-12;23,4;6;19;1;999;;1;1;1;;;999;4
11;4;14;43;43037;;1;1;C-31;137,5;6;4;2;2;;1;1;1;;;999;4
11;4;14;43;0;;1;1;TV-2042;4,8;6;19;1;999;;1;1;1;;;17;2
11;4;14;43;43038;;1;1;AP-7;260,5;2;4;1;999;;1;1;1;;;999;4
11;4;18;43;0;;1;1;TP-2125;1,2;6;2;2;4;;1;6;1;;;999;4
11;4;18;43;43129;;3;2;No inventariada;;14;7;2;2;;1;4;1;;;999;998
11;4;21;43;43129;;1;1;T-314;6;6;19;1;999;;1;5;1;;;999;4
8;1;13;43;43131;;3;2;No inventariada;;14;6;1;999;;1;1;1;;;17;998
8;5;16;43;43131;;3;2;No inventariada;;14;3;2;4;;1;1;1;;;17;998
11;5;15;43;0;;3;2;No inventariada;;14;1;1;999;;1;1;1;;;999;998
11;5;16;43;0;;1;1;C-51;15,3;6;6;2;4;;1;1;1;;;999;4
11;6;3;43;0;;1;1;C-14;30,1;6;19;1;999;;1;6;1;;;999;4
11;6;6;43;43161;;1;1;C-37;5;6;2;2;4;;1;6;1;;;999;4
11;6;9;43;0;;1;1;T-320;2,9;6;7;1;999;;1;1;1;;;999;4
11;6;11;43;43013;;1;1;AP-7;297,9;2;4;1;999;;1;1;1;;;999;4
11;6;13;43;43038;;1;1;A-7;1147;3;20;2;4;;1;1;1;;;999;4
11;6;12;43;43148;;1;1;N-340;1165;6;1;1;999;;1;1;1;;;4;2
11;7;3;43;0;;1;1;TP-2002;8,2;6;19;1;999;;3;6;3;;;999;4
11;7;5;43;0;;1;1;AP-7;308;2;4;1;999;;1;6;1;;;999;4
11;7;9;43;43013;;1;1;TV-3025;4,7;6;19;1;999;;1;1;1;;;999;4
11;7;15;43;0;;1;1;C-37;35,7;6;9;1;999;;3;1;1;;;999;4
11;1;1;43;43038;;1;1;AP-7;266;2;6;1;999;;1;6;1;;;17;1
8;7;4;43;43131;;3;2;No inventariada;;14;2;2;4;;1;1;1;;;17;998
11;1;21;43;43123;;3;2;No inventariada;;14;20;1;999;;1;1;1;;;17;998
11;1;8;43;43123;;1;1;C-14;10,3;3;4;2;4;;1;1;1;;;999;4
11;1;16;43;0;;1;1;C-242;53;6;3;1;999;;1;1;1;;;17;2
11;1;20;43;0;;1;1;N-420;866,4;6;2;2;2;;1;6;1;;;999;4
10;7;9;43;43123;;3;2;No inventariada;;14;2;1;999;;1;1;1;;;17;998
11;1;7;43;43123;;3;2;No inventariada;;14;4;1;999;;1;1;1;;;17;998
11;2;8;43;43171;;1;1;C-14;4,5;3;4;2;4;;1;1;1;;;999;4
11;2;16;43;43014;;1;1;TV-3405;8,8;6;2;2;2;;1;1;1;;;999;4
11;2;16;43;0;;2;2;TP-2125;8,5;14;7;1;999;;1;1;1;;;999;4
11;2;22;43;0;;3;2;No inventariada;;14;2;1;999;;1;5;1;;;999;998
10;4;11;43;43131;;3;2;No inventariada;;14;7;2;2;;1;1;1;;;17;998
10;3;7;43;43148;;3;2;No inventariada;;14;9;2;4;;1;4;1;;;17;998
10;6;15;43;43148;;3;2;No inventariada;;14;6;2;4;;1;1;1;;;17;998
11;3;14;43;43148;;3;2;No inventariada;;14;4;2;4;;1;1;1;;;17;998
10;7;11;43;43163;;3;2;No inventariada;;14;4;2;2;;1;1;1;;;17;998
10;3;21;43;43163;;3;2;No inventariada;;14;2;2;4;;1;4;1;;;17;998
11;1;12;43;43148;;3;2;No inventariada;;14;6;1;999;;1;1;1;;;17;998
11;2;15;43;43123;;3;2;No inventariada;;14;6;1;999;;1;1;1;;;17;998
11;7;0;43;0;;1;1;TP-7013;0,3;6;8;1;999;;3;6;3;;;999;4
11;3;7;43;43171;;1;1;C-14;1,4;3;4;1;999;;1;1;1;;;999;4
11;3;15;43;43133;;1;1;C-12;16,9;6;3;1;999;;1;1;1;;;999;4
11;3;20;43;43162;;1;1;AP-7;289;2;9;1;999;;1;6;1;;;999;4
11;4;5;43;0;;3;2;No inventariada;;14;19;2;4;;1;6;1;;;999;998
11;4;15;43;43156;;2;2;TV-3319;0,7;6;2;2;2;;1;1;1;;;999;4
11;4;18;43;0;;1;1;N-420;812,6;6;8;1;999;;1;6;1;;;999;4
11;4;19;43;43148;;1;1;T-202;1;6;4;1;999;;1;6;1;;;999;4
11;4;20;43;43155;;1;1;C-12;14,8;6;19;1;999;;1;6;1;;;999;4
11;4;23;43;0;;3;2;No inventariada;;14;6;1;999;;1;6;1;;;999;998
11;2;18;43;43148;;3;2;No inventariada;;14;4;1;999;;3;4;4;;;17;998
11;3;18;43;43148;;3;2;No inventariada;;14;7;2;2;;1;1;1;;;17;998
11;2;21;43;43148;;3;2;No inventariada;;14;4;1;999;;1;4;1;;;17;998
11;2;18;43;43148;;3;2;No inventariada;;14;1;2;1;;1;4;1;;;17;998
10;1;21;43;43148;;3;2;No inventariada;;14;3;2;4;;1;4;1;;;17;998
10;6;12;43;43148;;3;2;No inventariada;;14;3;1;999;;1;1;1;;;17;998
11;7;1;43;43148;;3;2;No inventariada;;14;1;2;1;;3;4;3;;;17;998
11;4;21;43;43123;;1;1;T-310;2;6;2;2;2;;1;5;1;;;17;2
11;5;12;43;0;;1;1;N-420;864,9;6;9;2;4;;1;1;1;;;999;4
11;5;14;43;43148;;1;1;T-11;18;3;2;2;4;;1;1;1;;;999;4
11;5;15;43;43038;;1;1;TV-3141;1,2;6;4;1;999;;1;1;1;;;999;4
11;5;16;43;0;;1;1;TP-2442;4,1;6;3;1;999;;1;1;1;;;999;4
11;5;17;43;43148;;1;1;A-27;3,9;3;2;2;4;;1;5;1;;;999;4
11;6;11;43;0;;1;1;T-702;12,7;6;4;1;999;;1;1;1;;;999;4
11;6;17;43;43148;;1;1;T-11;15;3;4;2;4;;1;4;1;;;999;4
11;6;18;43;0;;1;1;AP-2;210,9;2;20;1;999;;1;1;1;;;17;4
12;7;1;43;43014;;1;1;No inventariada;22;6;19;1;999;;1;6;1;;;999;4
11;3;18;43;43123;;3;2;No inventariada;;14;7;1;999;;1;1;1;;;17;998
9;7;19;43;43905;;3;2;No inventariada;;14;9;1;999;;1;1;1;;;1;998
11;5;16;43;43051;;2;2;C-31;144,6;14;7;1;999;;1;1;1;;;1;1
11;6;14;43;43123;;3;2;No inventariada;;14;6;1;999;;1;1;1;;;17;998
11;6;21;43;43123;;2;2;TP-7049;0,6;14;4;1;999;;1;1;1;;;17;4
12;7;16;43;43123;;3;2;No inventariada;;14;4;1;999;;1;1;1;;;17;998
12;7;5;43;0;;1;1;C-241d;1,8;6;19;1;999;;1;6;1;;;999;4
12;7;10;43;0;;2;2;N-340;1145;6;2;2;2;;1;1;1;;;999;4
12;7;12;43;0;;1;1;C-51;31;6;19;2;4;;1;1;1;;;999;4
12;7;14;43;0;;3;2;No inventariada;;14;4;1;999;;1;1;1;;;999;998
12;7;13;43;43148;;1;1;TP-2031;2,2;6;3;1;999;;1;1;1;;;999;4
12;7;14;43;0;;1;1;AP-2;182;2;19;1;999;;1;1;1;;;999;4
12;7;18;43;43162;;1;1;A-7;1129;3;4;2;4;;1;4;1;;;999;4
12;7;19;43;0;;1;1;TP-3311;6,6;6;19;1;999;;1;1;1;;;17;4
10;5;16;43;43905;;3;2;No inventariada;;14;3;2;1;;1;1;1;;;1;998
11;3;2;43;43123;;3;2;No inventariada;;14;6;1;999;;1;1;1;;;17;998
11;5;23;43;43123;;3;2;No inventariada;;14;20;1;999;;1;1;1;;;17;998
11;6;0;43;43123;;3;2;No inventariada;;14;6;1;999;;1;1;1;;;17;998
11;4;18;43;43148;;1;1;A-7;1159;3;4;2;;;1;6;1;;;999;4
11;5;22;43;43148;;3;2;No inventariada;;14;2;2;1;;1;4;1;;;17;998
11;3;15;43;43148;;3;2;No inventariada;;14;4;2;4;;1;1;1;;;17;998
11;4;8;43;43148;;3;2;No inventariada;;14;4;2;1;;1;1;1;;;17;998
10;1;22;43;43148;;3;2;No inventariada;;14;2;1;999;;1;1;1;;;17;998
11;5;20;43;43038;;3;2;No inventariada;;14;2;1;999;;1;5;1;;;1;998
11;3;19;43;43161;;3;2;No inventariada;;14;2;1;999;;1;1;1;;;17;998
12;2;12;43;43037;;1;1;C-32;9,4;2;19;1;999;;1;1;1;;;999;4
12;2;18;43;43148;;1;1;AP-7;247;2;4;2;4;;1;1;1;;;999;4
10;4;8;43;43163;;3;2;No inventariada;;14;6;1;999;;1;1;1;;;17;998
11;5;19;43;43163;;3;2;No inventariada;;14;3;2;4;;1;2;1;;;17;998
11;1;9;43;43163;;3;2;No inventariada;;14;7;1;999;;1;1;1;;;17;998
11;5;17;43;43148;;3;2;No inventariada;;14;7;2;2;;1;2;1;;;6;998
12;2;8;43;43123;;3;2;No inventariada;;14;3;1;999;;1;1;1;;;17;998
12;2;10;43;43123;;3;2;No inventariada;;14;2;1;999;;1;1;1;;;17;998
12;3;7;43;43155;;1;1;C-12;8,7;6;4;1;999;;1;1;1;;;999;4
12;3;15;43;43148;;1;1;T-11;15,1;3;4;2;4;;1;1;1;;;999;4
12;3;16;43;43155;;1;1;C-12;22,9;6;19;1;999;;1;1;1;;;999;4
12;3;15;43;43171;;1;1;C-14;4,3;3;7;2;4;;1;1;1;;;999;4
12;4;3;43;43123;;1;1;T-315;5;3;19;2;4;;1;6;1;;;999;4
11;3;17;43;43148;;3;2;No inventariada;;14;4;2;4;;1;4;1;;;17;998
11;6;3;43;43123;;3;2;No inventariada;;14;19;2;4;;1;4;1;;;1;998
12;4;17;43;43148;;1;1;A-7;1160;3;4;1;999;;1;2;1;;;999;4
12;4;16;43;43129;;1;1;N-420;867,5;6;1;1;999;;1;1;1;;;999;4
12;4;18;43;43123;;1;1;T-11;7,5;3;2;1;999;;1;6;1;;;999;4
12;4;21;43;0;;1;1;N-340;1181;6;8;1;999;;1;6;1;;;999;4
12;5;14;43;43162;;1;1;AP-7;282,2;2;19;1;999;;1;1;1;;1;999;4
12;5;19;43;43171;;1;1;AP-7;256;2;4;1;999;;1;6;1;;;999;4
12;6;4;43;0;;1;1;AP-2;231,6;2;7;1;999;;1;6;1;;;17;1
12;6;16;43;43161;;1;1;N-240;23;6;19;1;999;;1;1;1;;1;999;4
12;6;18;43;43153;;1;1;N-340;1178;6;4;2;2;;1;5;1;;;4;1
11;2;22;43;43038;;3;2;No inventariada;;14;2;2;2;;1;5;1;;;1;998
12;3;11;43;43123;;3;2;No inventariada;;14;2;1;999;;1;1;1;;;17;998
12;2;8;43;43148;;3;2;No inventariada;;14;9;1;999;;1;1;1;;;17;998
12;7;4;43;0;;3;2;No inventariada;;14;20;1;999;;1;4;1;;;999;998
12;7;13;43;43148;;1;1;T-11;17,5;3;9;2;4;;8;1;1;;;999;4
12;7;23;43;43145;;1;1;C-14;13,5;3;8;1;999;;1;6;1;;1;999;4
12;1;1;43;0;;1;1;C-12;45,9;6;19;1;999;;1;6;1;;1;999;4
11;5;16;43;43037;;3;2;No inventariada;;14;3;2;1;;1;1;1;;;17;998
11;6;7;43;43037;;3;2;No inventariada;;14;4;1;999;;1;4;1;;;17;998
12;1;17;43;43092;;1;1;A-7;1133;3;19;1;999;;1;6;1;;;999;4
12;7;19;43;43093;;1;1;N-420;813,5;6;19;1;999;;1;6;1;;;4;3
11;3;17;43;43092;;2;2;N-340;1132;14;2;1;999;;1;1;1;;;17;4
12;1;12;43;43161;;3;2;No inventariada;14;14;7;1;999;;1;1;1;;;17;998
8;6;19;43;43905;;3;2;No inventariada;;14;7;1;999;;4;1;1;;;1;998
11;4;9;43;43123;;1;1;T-315;3,1;3;2;2;4;;1;1;1;;;999;4
12;2;19;43;43129;;3;2;No inventariada;;14;7;2;2;;1;4;1;;;999;998
12;2;21;43;0;;1;1;TV-7048;0,3;6;1;2;2;;1;6;1;;;999;4
12;2;23;43;43123;;1;1;AP-7;253,5;2;19;1;999;;1;6;1;;;999;4
12;1;21;43;43153;;3;2;No inventariada;;14;3;2;4;;1;4;1;;;17;998
11;7;6;43;43163;;3;2;No inventariada;;14;19;1;999;;1;4;1;;;17;998
11;5;8;43;43163;;3;2;No inventariada;;14;9;1;999;;1;1;1;;;17;998
12;3;15;43;43155;;1;1;T-331;18,8;6;2;2;2;;1;1;1;;;999;4
11;2;17;43;43148;;3;2;No inventariada;;14;2;2;1;;1;1;1;;;17;998
12;6;21;43;43148;;2;2;No inventariada;9,9;14;4;2;2;;1;6;1;;;17;4
11;1;21;43;43148;;2;2;N-340;1160;14;4;2;4;;1;4;1;;;17;4