MES;DIA_SEMANA;HORA;COD_PROVINCIA;COD_MUNICIPIO;ISLA;ZONA;ZONA_AGRUPADA;CARRETERA;KM;TIPO_VIA;TIPO_ACCIDENTE;NUDO;NUDO_INFO;CARRETERA_CRUCE;CONDICION_FIRME;CONDICION_ILUMINACION;CONDICION_METEO;CONDICION_NIEBLA;CONDICION_VIENTO;VISIB_RESTRINGIDA_POR;TRAZADO_PLANTA
12;1;18;43;43148;;2;2;N-340;1160;14;4;2;;;1;4;1;;;17;4
11;6;23;43;43148;;3;2;No inventariada;;14;19;2;4;;1;4;1;;;1;998
12;1;15;43;43123;;3;2;No inventariada;;14;2;1;999;;1;1;1;;;17;998
12;3;11;43;43155;;1;1;C-12;13;6;19;1;999;;1;1;1;;;999;4
12;5;16;43;0;;1;1;N-340;1145;6;4;2;1;;1;1;1;;;999;4
12;5;15;43;43123;;1;1;T-11;13;3;4;1;999;;1;1;1;;;17;4
12;5;14;43;43086;;1;1;C-241d;0,9;6;1;1;999;;1;1;1;;;17;2
12;5;19;43;0;;1;1;AP-7;208,5;2;4;1;999;;1;6;1;;;999;4
12;5;5;43;43038;;1;1;AP-7;267,1;2;19;1;999;;3;6;1;;;999;4
12;6;13;43;43123;;1;1;T-11;3;3;4;2;4;;1;1;1;;;999;4
12;6;13;43;0;;1;1;N-240;42;6;4;1;999;;1;1;1;;;999;4
12;6;14;43;43163;;1;1;AP-7;216,8;2;3;1;999;;1;1;1;;;999;4
12;6;21;43;43148;;1;1;T-11;15;3;2;2;4;;1;4;1;;;999;4
12;1;12;43;43086;;1;1;TV-7042;11,2;14;3;2;2;;1;1;1;;;1;1
12;2;21;43;43905;;2;2;No inventariada;0;14;9;1;999;;1;4;1;;;1;1
12;3;11;43;43123;;3;2;No inventariada;;14;7;1;999;;1;1;1;;;17;998
12;4;5;43;43123;;3;2;No inventariada;;14;2;1;999;;1;1;1;;;17;998
12;7;20;43;43123;;3;2;No inventariada;;14;9;1;999;;1;1;1;;;17;998
12;7;15;43;43171;;1;1;A-7;1152;3;4;2;4;;1;1;1;;;999;4
12;7;22;43;0;;1;1;C-221;72,5;6;19;1;999;;1;6;1;;;999;4
11;3;13;43;43148;;3;2;No inventariada;;14;7;1;999;;1;1;1;;;1;998
11;4;18;43;43038;;3;2;No inventariada;;14;20;1;999;;1;1;1;;;17;998
12;4;18;43;43161;;3;2;No inventariada;0;14;3;1;999;;1;1;1;;;17;998
12;4;18;43;43161;;3;2;No inventariada;;14;3;1;999;;1;1;1;;;17;998
12;5;8;43;43129;;1;1;TV-3142;2,5;6;3;1;999;;1;1;1;;;999;4
12;1;11;43;0;;1;1;AP-7;309,5;2;19;1;999;;1;1;1;;;999;4
12;1;11;43;0;;1;1;TP-3311;0,9;6;1;1;999;;1;1;1;;;17;1
12;1;22;43;0;;1;1;No inventariada;0,3;6;19;1;999;;1;6;1;;;999;4
12;4;15;43;0;;1;1;TV-3002;2,3;6;19;1;999;;1;1;1;;;17;4
12;2;9;43;43148;;1;1;T-11;15,5;3;4;2;4;;1;1;1;;;999;4
12;2;18;43;43148;;1;1;A-7;1159;3;4;1;999;;1;4;1;;;999;4
11;5;20;43;43148;;3;2;No inventariada;;14;4;2;4;;1;4;1;;;17;998
12;7;16;43;43123;;3;2;No inventariada;;14;3;1;999;;1;1;1;;;17;998
11;7;3;43;0;;1;1;No inventariada;0;6;19;1;999;;1;6;1;;;999;4
12;3;13;43;0;;1;1;T-741;3,5;6;19;1;999;;1;1;1;;;999;4
12;3;17;43;0;;1;1;TP-2125;0,6;6;4;2;4;;1;2;1;;;999;4
12;3;20;43;43123;;1;1;T-11;1,5;3;8;1;999;;1;6;1;;;999;4
12;1;8;43;43133;;3;2;No inventariada;;14;3;2;2;;1;1;1;;;17;998
12;4;17;43;43148;;1;1;T-11;17,8;3;4;1;999;;1;1;1;;;999;4
12;4;13;43;0;;2;2;T-700;23,5;14;7;1;999;;1;1;1;;;999;4
12;4;17;43;43014;;1;1;T-344;3;6;1;1;999;;1;1;1;;;17;1
12;1;12;43;43148;;2;2;N-340;1158;6;9;1;999;;1;1;1;;1;1;1
12;3;8;43;0;;1;1;C-12;25,6;6;2;2;2;;1;1;1;;;999;4
12;5;8;43;0;;1;1;C-12;25,2;6;6;1;999;;1;1;1;;;999;4
12;5;9;43;43145;;3;2;No inventariada;;14;7;1;999;;1;1;1;;;999;998
12;5;15;43;43004;;1;1;N-340;1071;6;4;1;999;;1;1;1;;;999;4
12;5;19;43;43156;;1;1;T-331;3;6;19;1;999;;1;6;1;;;17;2
12;6;3;43;43171;;1;1;C-14;3,9;3;4;1;999;;1;6;1;;;999;4
12;6;17;43;0;;1;1;TP-3311;3;6;2;2;1;;1;2;1;;;999;4
12;6;18;43;43016;;1;1;N-340;1202;6;4;1;999;;1;6;1;;;999;4
12;6;18;43;43086;;1;1;C-14;34;6;2;1;999;;1;6;1;;;999;4
12;1;12;43;43014;;1;1;C-12;4,2;14;2;1;999;;1;1;1;;;1;1
12;2;17;43;43123;;3;2;No inventariada;;14;7;1;999;;1;1;1;;;17;998
12;4;12;43;43123;;3;2;No inventariada;;14;2;1;999;;1;1;1;;;17;998
12;5;16;43;43123;;3;2;No inventariada;;14;4;1;999;;1;1;1;;;17;998
12;5;12;43;43123;;3;2;No inventariada;;14;7;1;999;;1;1;1;;;17;998
12;2;13;43;43123;;3;2;No inventariada;;14;9;1;999;;1;1;1;;;17;998
12;7;9;43;0;;2;2;TV-7001;2,1;6;1;2;4;;1;1;1;;;999;4
12;7;7;43;43156;;1;1;T-331;3,1;6;19;1;999;;1;1;1;;;17;4
12;2;16;43;0;;2;2;N-340;1145;14;4;2;2;;1;2;1;;;999;4
12;1;17;43;43907;;1;1;A-7;1156;3;2;1;999;;1;1;1;;;999;4
12;1;18;43;43171;;1;1;A-7;1154;3;2;1;999;;1;6;1;;;999;4
12;1;13;43;43148;;3;2;No inventariada;;14;7;2;4;;1;1;1;;;1;998
12;5;17;43;43123;;3;2;No inventariada;;14;6;1;999;;1;1;1;;;17;998
12;1;19;43;43123;;3;2;No inventariada;;14;4;1;999;;1;1;1;;;17;998
12;1;15;43;0;;1;1;N-420;858,2;6;1;1;999;;1;1;1;;;4;2
12;2;7;43;0;;1;1;AP-2;224,5;2;4;1;999;;1;6;1;;;999;4
12;2;15;43;43163;;1;1;N-340;1188;6;9;2;4;;8;1;1;;;999;4
12;2;16;43;0;;1;1;N-340;1195;6;19;2;2;;1;1;1;;;999;4
12;2;19;43;43148;;1;1;TP-2031;3,2;6;1;2;4;;1;4;1;;;999;4
12;3;0;43;0;;1;1;N-420;845,4;6;19;1;999;;1;6;1;;;999;4
12;2;9;43;43014;;1;1;TV-3408;3;6;2;2;1;;1;1;1;;;999;4
12;3;16;43;43014;;1;1;TV-3403;1,1;6;19;1;999;;1;1;1;;;999;4
12;1;11;43;43123;;3;2;No inventariada;;14;20;1;999;;1;1;1;;;17;998
12;5;11;43;43148;;1;1;T-11;15;3;4;2;4;;1;1;1;;;999;4
12;5;11;43;0;;3;2;No inventariada;;14;19;1;999;;1;1;1;;;999;998
12;5;20;43;43148;;1;1;T-11;15;3;4;2;4;;1;4;1;;;999;4
12;5;20;43;0;;1;1;C-12;37,5;6;2;1;999;;1;6;1;;;999;4
12;5;23;43;43092;;1;1;T-323;1,8;6;3;1;999;;1;6;1;;;999;4
12;6;12;43;43148;;1;1;TP-2031;2;6;19;1;999;;1;1;1;;;999;4
12;6;18;43;43148;;1;1;A-7;1169;3;3;1;999;;1;6;1;;;999;4
12;6;19;43;43153;;1;1;N-340;1176;6;9;1;999;;1;6;1;;;999;4
12;6;21;43;43014;;1;1;TV-3403;3,6;6;19;1;999;;1;6;1;;;999;4
12;7;4;43;0;;1;1;N-340;1084;6;8;1;999;;1;6;1;;;999;4
12;4;20;43;43092;;2;2;N-340;1132;14;7;1;999;;1;1;1;;;17;4
12;5;11;43;43123;;3;2;No inventariada;;14;6;1;999;;1;1;1;;;17;998
12;5;11;43;43123;;3;2;No inventariada;;14;7;1;999;;1;1;1;;;17;998
12;6;16;43;43123;;3;2;No inventariada;;14;2;1;999;;1;1;1;;;17;998
12;6;21;43;43123;;3;2;No inventariada;;14;6;1;999;;1;1;1;;;17;998
12;6;12;43;43005;;3;2;No inventariada;;14;6;1;999;;1;1;1;;;999;998
12;7;11;43;43163;;1;1;AP-7;223,2;6;19;1;999;;1;1;1;;;999;4
12;7;16;43;43148;;1;1;T-11;15,5;3;2;2;4;;1;1;1;;;999;4
12;7;13;43;43092;;2;2;N-340;1132;14;2;1;999;;1;1;1;;;17;4
12;7;10;43;43014;;3;2;No inventariada;;14;7;1;999;;1;1;1;;;1;998
12;2;14;43;43123;;3;2;No inventariada;;14;2;1;999;;1;1;1;;;17;998
12;2;18;43;43123;;3;2;No inventariada;;14;2;1;999;;1;1;1;;;17;998
12;4;14;43;43092;;2;2;N-340;1132;14;6;1;999;;1;1;1;;;17;4
12;6;18;43;43092;;1;1;AP-7;273;2;4;1;999;;1;6;1;;;999;4
12;4;17;43;43155;;3;2;No inventariada;;14;20;1;999;;1;1;1;;;17;998
12;5;9;43;43123;;3;2;No inventariada;;14;4;1;999;;1;1;1;;;17;998
12;1;13;43;43148;;1;1;AP-7;247;2;3;2;4;;1;1;1;;;999;4
11;6;13;43;43163;;3;2;No inventariada;;14;4;1;999;;3;1;3;;;17;998
11;1;10;43;43163;;3;2;No inventariada;;14;9;1;999;;1;1;1;;;17;998
12;4;10;43;43148;;2;2;N-340;1158;6;3;1;999;;1;1;1;;;1;1
12;6;19;43;43037;;3;2;No inventariada;;14;4;2;1;;1;1;1;;;17;998
11;6;8;43;43148;;3;2;No inventariada;;14;4;2;4;;1;1;1;;;17;998
12;5;8;43;43148;;2;2;N-340;1158;14;20;1;999;;1;1;1;;;17;4
12;1;11;43;43148;;3;2;No inventariada;;14;9;1;999;;1;1;1;;;17;998
11;3;18;43;43148;;3;2;No inventariada;;14;4;1;999;;1;2;1;;;17;998
11;7;21;43;43163;;3;2;No inventariada;;14;2;1;999;;1;2;1;;;17;998
12;5;18;43;43163;;3;2;No inventariada;;14;4;1;999;;1;4;1;;;17;998
12;4;21;43;43163;;3;2;No inventariada;;14;7;1;999;;1;4;1;;;17;998
12;5;19;43;43163;;3;2;No inventariada;;14;2;2;1;;1;4;1;;1;17;998
12;2;1;43;43163;;3;2;No inventariada;;14;9;1;999;;1;4;1;;;1;998
11;4;15;43;43148;;1;1;N-240;2;3;9;2;;;1;1;1;;;17;4
11;5;9;43;43148;;3;2;No inventariada;;14;2;2;1;;1;1;1;;;17;998
12;4;13;43;43148;;1;1;No inventariada;9;14;4;1;999;;1;1;1;;;17;4
12;1;14;43;43148;;3;2;No inventariada;;14;2;2;1;;1;1;1;;;17;998
12;2;15;43;43148;;3;2;No inventariada;;14;4;1;999;;1;1;1;;;17;998
12;4;10;43;43148;;3;2;No inventariada;;14;9;1;999;;8;1;1;;;17;998
12;6;12;43;43148;;3;2;No inventariada;;14;7;2;4;;1;1;1;;;17;998
12;1;9;43;43148;;2;2;TP-2031;0,5;14;6;2;2;;1;1;1;;;17;4
12;2;19;43;43148;;3;2;No inventariada;;14;3;1;999;;1;4;1;;;17;998
12;4;18;43;43148;;2;2;N-340;1158;14;2;2;4;;1;4;1;;;17;4
12;5;8;43;43148;;3;2;No inventariada;;14;3;1;999;;1;1;1;;;17;998
12;7;13;43;43148;;1;1;No inventariada;10;14;19;1;999;;1;1;1;;;17;4
12;4;11;43;43148;;3;2;No inventariada;;14;7;1;999;;1;1;1;;;17;998
12;5;19;43;43148;;3;2;No inventariada;;14;7;1;999;;1;6;1;;;17;998
12;1;14;43;43148;;1;1;N-240;1;3;4;2;2;;1;1;1;;;17;4
2;4;13;44;0;;1;1;VF-TE-20;17;6;19;2;;;1;1;1;;;1;2
7;6;19;44;0;;1;1;No inventariada;3;10;15;2;;;1;1;1;;;1;1
5;7;15;44;0;;1;1;A-1401;33,7;6;15;2;;;1;1;1;;;1;2
10;6;9;44;0;;1;1;A-223;28,5;6;15;2;;;3;1;2;;;1;2
6;1;17;44;0;;1;1;A-1513;33,85;6;14;2;;;3;1;4;;;1;2
12;7;14;44;0;;1;1;TE-V-9033;9;6;19;2;;;1;1;1;;;4;3
9;2;15;44;0;;1;1;A-23;71,2;3;16;2;;;4;1;4;1;;5;1
8;4;11;44;0;;1;1;A-228;25,644;6;2;2;;;1;1;2;;;4;2
1;2;18;44;44013;;1;1;N-211;252,721;6;4;1;2;;1;2;1;;;1;2
2;2;14;44;44013;;1;1;N-232;131,374;6;2;1;2;N-211;1;1;1;;;1;3
1;3;13;44;44013;;3;2;No inventariada;;9;3;1;2;;3;1;3;;;1;998
3;6;21;44;44013;;1;1;A-1409;4,1;6;4;2;;;3;6;3;;;1;1
4;6;14;44;44013;;1;1;N-211;235,408;6;2;1;1;A-1408;1;1;2;;;1;1
5;5;17;44;44013;;1;1;A-2404;1,671;6;14;2;;;1;1;1;;;1;1
5;6;9;44;44013;;1;1;N-232;136,75;8;9;1;4;N-211;1;1;1;;;1;2
2;6;9;44;44013;;3;2;No inventariada;;9;1;2;;;1;1;1;;;1;998
3;5;18;44;44013;;3;2;No inventariada;;9;3;1;1;;1;2;1;;;18;998
3;6;13;44;44013;;3;2;No inventariada;;9;3;1;4;;1;1;1;;;1;998
4;7;2;44;44013;;3;2;No inventariada;;9;1;2;;;1;4;1;;;1;998
4;1;9;44;44013;;3;2;No inventariada;;9;3;1;1;;1;1;1;;;1;998
5;1;22;44;44013;;1;1;N-232;131,5;6;14;1;2;N-211;1;6;1;;;1;2
5;2;10;44;44013;;3;2;No inventariada;;9;19;2;;;2;1;1;;;1;998
6;3;21;44;44013;;2;2;A-1409;3,675;6;12;2;;;1;6;1;;;4;1
5;3;19;44;44013;;3;2;No inventariada;;9;7;2;;;1;2;1;;;6;998
6;2;21;44;44013;;3;2;No inventariada;;9;2;2;;;1;2;1;;;1;998
6;4;21;44;44013;;3;2;No inventariada;;9;7;2;;;1;4;1;;;1;998
6;1;16;44;44013;;2;2;N-232a;133,3;6;2;1;4;;1;1;1;;;2;1
6;4;12;44;44013;;2;2;N-232;136;6;3;2;;;1;1;1;;;1;1
7;2;23;44;44013;;1;1;N-211;258,7;6;8;2;;;1;6;1;;;1;3
8;3;15;44;44013;;1;1;TE-35;3,8;5;16;2;;;1;1;1;;;1;1
8;4;14;44;44013;;1;1;N-211;246,5;6;14;2;;;1;1;1;;;1;2
9;3;18;44;44013;;1;1;N-232;147,174;5;3;2;;;1;1;1;;;4;2
7;1;18;44;44013;;3;2;No inventariada;;9;2;1;1;;1;1;1;;;1;998
10;6;14;44;44013;;1;1;CHE-0901;4,3;6;19;2;;;2;1;1;;;1;3
10;2;16;44;44013;;1;1;TE-V-7032;5,346;6;14;2;;;3;1;2;;;4;3
10;5;12;44;44013;;1;1;N-232;128,4;6;4;2;;;1;1;2;;;1;1
12;2;7;44;44013;;1;1;N-232;142,326;5;2;2;;;1;2;2;;;1;1
9;7;13;44;44013;;3;2;No inventariada;;9;7;1;2;;1;1;1;;;1;998
10;3;17;44;44013;;1;1;TE-730;4,5;6;2;2;;;3;1;3;;;1;1
11;6;18;44;44013;;3;2;No inventariada;;9;7;1;2;;3;4;2;;;1;998
1;1;7;44;0;;1;1;TE-V-8215;1,137;5;14;2;;;1;2;1;;;1;3
3;5;11;44;0;;1;1;A-223;6,429;6;4;2;;;1;1;1;;;1;1
12;6;12;44;0;;1;1;N-211;219,25;6;18;2;;;1;1;1;;;1;1
7;2;19;44;0;;1;1;N-420;610,413;6;19;2;;;1;1;1;;;1;1
8;4;11;44;0;;1;1;N-420;606,824;6;1;1;1;N-420;1;1;1;;;1;1
6;2;10;44;0;;1;1;A-1403;0,65;6;10;2;;;1;1;1;;;1;1
8;5;19;44;0;;1;1;TE-70;6;6;13;2;;;1;1;1;;;1;1
5;7;17;44;0;;1;1;A-226;42,293;6;19;2;;;3;1;3;;;1;2
7;6;9;44;0;;1;1;A-226;47,22;6;16;2;;;1;1;1;;;1;2
12;1;13;44;0;;1;1;PISTA MINA;7,1;14;14;2;;;1;1;1;;;1;1
8;6;5;44;0;;1;1;A-2511;30,35;6;18;2;;;1;2;1;;;1;1
2;5;9;44;44025;;1;1;A-1415;15,653;6;12;2;;;3;1;3;;;1;2
1;2;12;44;44025;;3;2;No inventariada;;9;2;1;1;;1;1;1;;;1;998
3;6;11;44;44025;;1;1;A-223;15,65;6;12;2;;;1;1;1;;;4;2
3;5;22;44;44025;;3;2;No inventariada;;9;16;2;;;1;4;1;;;1;998
3;6;20;44;44025;;1;1;A-223;10,8;6;9;1;4;A-1415;1;1;1;;;1;1
4;1;1;44;44025;;3;2;No inventariada;;9;12;2;;;1;4;1;;;1;998
5;7;17;44;44025;;1;1;A-1415;8,7;6;19;2;;;1;1;1;;;1;2
5;2;6;44;44025;;1;1;A-1415;7,9;6;13;2;;;1;2;1;;;1;1
7;3;19;44;44025;;1;1;A-1415;16,2;6;19;2;;;1;1;1;;;1;2
7;7;17;44;0;;1;1;P. MINERA;1;14;15;2;;;1;1;1;;;1;2
10;3;6;44;44025;;1;1;A-1415;12,35;6;18;2;;;3;6;3;;;1;3
11;1;11;44;44025;;1;1;CAMINO DE;1,5;10;10;2;;;1;1;1;;;4;3
11;3;16;44;44025;;1;1;A-1415;8,8;6;19;2;;;1;1;1;;;4;2
2;5;12;44;0;;3;2;No inventariada;;11;7;2;;;3;1;3;;;1;998
8;2;19;44;0;;1;1;TE-V-4307;0,05;6;2;1;1;;1;1;1;;;2;1
6;2;7;44;0;;1;1;A-226;110,5;6;16;2;;;3;1;4;;;1;2
4;3;11;44;0;;3;2;No inventariada;;9;3;2;;;1;1;1;;;1;998
5;1;17;44;0;;1;1;A-1511;28,9;6;18;2;;;1;1;1;;;1;1
8;1;17;44;0;;3;2;No inventariada;;9;5;2;;;1;1;1;;;1;998
10;7;11;44;0;;1;1;A-2515;30,2;6;16;2;;;1;1;1;;;1;2
7;1;14;44;0;;1;1;A-1509;6,9;6;19;2;;;1;1;1;;;12;2
5;5;11;44;0;;1;1;TE-V-8021;8,2;6;16;2;;;8;1;2;;;1;3
5;2;10;44;0;;1;1;N-420;778,827;6;9;2;;;2;1;1;;;1;2
9;6;18;44;0;;1;1;A-1413;4,555;6;18;2;;;3;1;3;;;5;2
1;1;15;44;0;;1;1;A-23;181,5;3;16;2;;;1;1;1;;;1;1
1;3;19;44;0;;3;2;No inventariada;;9;6;2;;;3;4;2;;;1;998
1;3;5;44;0;;1;1;A-23;185,9;3;14;2;;;1;6;1;;;1;1
5;6;4;44;0;;1;1;N-234;189,954;6;12;2;;;1;6;1;;;1;1
5;1;17;44;0;;1;1;A-1508;0,908;5;12;1;4;;1;1;1;;;1;2
6;5;13;44;0;;2;2;N-234;192,1;6;2;1;2;;1;1;1;;;1;1
8;3;9;44;0;;3;2;No inventariada;;9;7;2;;;1;1;1;;;2;998
10;1;17;44;0;;1;1;A-1507;7;6;16;2;;;1;1;1;;;1;1
6;6;20;44;0;;3;2;No inventariada;;9;2;1;2;;1;1;1;;;9;998
5;3;17;44;0;;1;1;A-23;173,6;3;18;2;;;3;1;5;;;1;1
6;6;6;44;0;;1;1;A-23;179;3;16;2;;;1;2;1;;;1;1
7;6;15;44;0;;1;1;N-234;182,8;4;2;1;5;N-211;1;1;1;;;1;3
8;3;11;44;0;;1;1;A-226;95;6;10;2;;;1;1;1;;;1;1
9;6;14;44;0;;1;1;VF-TE-17;14,4;10;19;2;;;1;1;1;;;1;3
5;6;13;44;0;;1;1;A-1702;49,8;6;10;2;;;1;1;1;;;1;3
6;5;11;44;0;;1;1;A-1702;52,925;6;2;2;;;1;1;1;;;4;3
10;5;18;44;0;;1;1;N-420;629;6;4;2;;;1;1;1;;;1;1
8;3;13;44;0;;1;1;N-211;184,7;6;19;2;;;1;1;1;;;1;1
10;6;20;44;0;;1;1;N-211;183,665;6;4;1;5;TE-V-1333;1;6;1;;;4;1
7;7;17;44;0;;1;1;A-2402;11,9;6;15;1;2;;1;1;1;;;1;1
12;3;19;44;0;;1;1;N-211;176,4;6;4;2;;;1;6;1;;;1;1
12;1;9;44;0;;1;1;TE-V-8021;17,7;6;15;2;;;1;1;1;;;18;3
7;2;9;44;0;;1;1;A-226;127,4;6;17;2;;;1;1;1;;;1;3
8;5;16;44;0;;1;1;TE-V-8301;4,2;6;4;2;;;3;1;3;;;1;1
10;2;11;44;0;;1;1;A-226;121,65;6;4;1;2;TE-V-8301;1;1;1;;;1;1
12;5;10;44;0;;1;1;A-226;128;6;19;2;;;1;1;1;;;4;3
4;4;9;44;0;;1;1;A-226;22,8;6;17;2;;;1;1;1;;;1;3
5;6;22;44;0;;1;1;A-226;29,15;6;16;2;;;1;6;1;;;1;1
5;3;16;44;0;;1;1;TE-V-9029;0,316;6;19;2;;;3;1;3;;;1;2
6;3;8;44;0;;1;1;A-2515;7;6;19;2;;;3;1;1;;;1;1
7;1;19;44;0;;1;1;A-2515;0,6;6;18;2;;;1;1;1;;;1;1
9;3;16;44;0;;1;1;A-2515;19,153;6;12;2;;;1;1;2;;;1;1
10;5;15;44;0;;1;1;A-23;131;3;12;2;;;1;1;1;;;1;1
10;1;17;44;0;;1;1;N-232;102,099;5;6;2;;;1;1;1;;;1;1
6;1;12;44;0;;3;2;No inventariada;;9;12;2;;;1;1;1;;;1;998
1;4;8;44;0;;1;1;A-222;69,269;6;2;1;5;A-2514;1;1;1;;;1;1
11;6;10;44;0;;1;1;A-222;70,25;6;2;1;5;A-2401;3;1;3;;;1;1
11;7;9;44;0;;1;1;A-222;50,7;6;2;1;5;A-222;1;1;1;;;1;1
8;7;17;44;0;;1;1;N-211;134;6;19;2;;;1;1;1;;;1;1
5;6;10;44;0;;1;1;VIA VERDE;55,3;14;12;2;;;2;1;1;;;1;1
10;2;17;44;0;;1;1;A-231;29,061;6;2;1;1;A-231;1;1;2;;;6;3
8;6;7;44;0;;1;1;A-1416;8;6;14;2;;;1;2;1;;;1;2
8;1;16;44;0;;1;1;A-1416;13,7;6;16;2;;;1;1;1;;;1;1
4;6;12;44;0;;1;1;A-1702;14,55;6;18;2;;;1;1;1;;;1;3
5;3;10;44;0;;1;1;A-1702;8,7;6;8;2;;;1;1;1;;;1;1
6;6;9;44;0;;1;1;A-1702;20;6;9;2;;;2;1;1;;;1;2
9;6;12;44;0;;1;1;A-1702;8,073;6;14;2;;;1;1;1;;;4;3
11;6;11;44;0;;1;1;A-2403;33,3;6;19;2;;;3;1;1;;;1;2
3;5;21;44;0;;1;1;A-23;201,751;7;15;2;;;1;6;1;;;1;3
5;6;9;44;0;;1;1;A-23;197,8;3;12;2;;;1;1;1;;;1;1
8;3;3;44;0;;1;1;A-23;201,1;3;12;2;;;1;6;1;;;1;1
4;1;9;44;0;;1;1;TE-V-8011;0,43;6;16;2;;;3;1;3;;;1;3
4;7;11;44;0;;1;1;PIST. FORT;9;10;9;2;;;1;1;1;;;1;3
8;5;6;44;0;;1;1;TE-53;0,5;6;19;1;2;A-226;1;2;1;;;1;1
9;6;13;44;0;;1;1;N-211;218,596;6;12;1;1;;1;1;1;;;1;1
4;3;16;44;0;;1;1;No inventariada;14;10;7;2;;;1;1;1;;;1;1
6;2;22;44;0;;1;1;A-2710;0,45;6;18;2;;;1;6;1;;;12;2
4;6;15;44;0;;1;1;N-211;192,85;6;4;2;;;1;1;1;;;1;1
10;2;15;44;0;;1;1;N-211;193,9;6;3;1;1;A-1416;3;1;3;2;;5;1
12;7;11;44;0;;1;1;A-1416;0,1;6;16;1;2;N-211;1;1;1;;;1;2
1;3;3;44;0;;1;1;A-228;41,2;6;18;2;;;1;6;1;;;1;2
1;5;5;44;0;;2;2;N-232;164,8;6;16;2;;;3;4;1;;;1;1
1;3;13;44;0;;1;1;A-224;7,3;6;12;2;;;3;1;3;;;1;2
2;5;19;44;0;;3;2;No inventariada;;14;7;2;;;3;3;3;;;1;998
4;7;9;44;0;;1;1;A-224;7,35;6;16;2;;;1;1;1;;;1;2
7;7;12;44;0;;1;1;N-232;164,31;6;19;2;;;1;1;1;;;1;1
8;1;12;44;0;;1;1;N-232;159,932;6;19;2;;;1;1;1;;;1;3
9;4;9;44;0;;1;1;N-232;166,6;6;16;2;;;1;1;1;;;1;1
10;2;9;44;0;;2;2;N-232;164,8;6;2;2;;;1;1;2;;;1;1
1;2;16;44;0;;1;1;A-227;13,1;6;18;2;;;3;1;2;;;1;3
8;5;2;44;0;;1;1;TE-V-1611;10,3;6;19;2;;;1;6;1;;;1;3
9;7;13;44;0;;1;1;TE-V-3303;7,1;6;17;2;;;1;1;1;;;1;2
2;5;8;44;0;;1;1;A-226;132,5;6;18;2;;;3;1;3;;;1;2
6;6;11;44;0;;1;1;TE-43;2,185;10;19;2;;;1;1;1;;;1;3
10;5;7;44;0;;1;1;TE-43;7,655;14;13;2;;;3;2;2;;;1;1
2;3;18;44;0;;1;1;N-234;178,5;6;18;2;;;1;2;1;;;1;1
4;6;13;44;0;;1;1;No inventariada;11;10;10;2;;;2;1;1;;;1;1
5;3;16;44;0;;1;1;A-23;173,6;3;18;2;;;4;1;5;;;5;1
7;5;12;44;0;;1;1;A-23;171,7;3;19;2;;;1;1;1;;;1;1
7;6;18;44;0;;1;1;A-222;81,3;6;18;2;;;1;1;2;;;1;2
7;6;3;44;0;;1;1;TE-V-1335;2,5;6;13;2;;;1;6;1;;;1;3
8;1;14;44;0;;1;1;N-420;655,4;6;19;2;;;1;1;1;;;1;1
9;6;17;44;0;;1;1;A-222;85,5;6;16;2;;;1;1;1;;;1;2
1;7;13;44;0;;1;1;A-228;16,7;6;4;1;2;;1;1;1;;;1;1
3;6;20;44;0;;1;1;A-232;18;6;12;2;;;3;4;3;;;1;1
6;7;13;44;0;;1;1;A-1515;6,8;6;16;2;;;1;1;1;;;1;3
9;5;17;44;0;;1;1;A-228;18,2;6;18;2;;;3;1;3;;;1;2
12;2;9;44;0;;1;1;A-228;27,1;6;15;2;;;3;1;1;;;1;2
10;2;14;44;0;;3;2;No inventariada;;9;17;2;;;3;1;4;;;5;998
7;4;11;44;0;;1;1;A-1701;46,8;6;19;2;;;1;1;1;;;1;2
7;1;15;44;0;;1;1;A-232;43;6;15;2;;;2;1;1;;;1;1
8;5;0;44;0;;1;1;VF-TE-17;12;6;19;2;;;3;6;1;;;12;3
1;2;15;44;0;;1;1;A-222;61,8;6;18;2;;;1;1;1;;;1;3
10;5;21;44;0;;1;1;A-2709;2,887;6;8;2;;;1;6;1;;;1;1
9;4;14;44;0;;1;1;A-2707;2,4;6;15;2;;;1;1;1;;;1;3
10;5;12;44;0;;1;1;A-2708;1,59;6;17;2;;;1;1;1;;;4;3
4;1;19;44;0;;1;1;TE-V-8006;3;6;14;2;;;2;6;1;;;12;1
9;2;11;44;0;;1;1;TE-V-8001;22,55;6;15;2;;;1;1;1;;;1;1
7;1;18;44;0;;1;1;TE-V-3004;1,9;6;16;2;;;1;1;1;;;1;3
8;3;10;44;0;;1;1;A-1511;10,346;6;2;2;;;3;1;3;;;1;2
2;3;8;44;0;;1;1;N-232;168,59;6;4;2;;;1;1;1;;;1;1
5;7;0;44;0;;3;2;No inventariada;;9;10;2;;;1;4;1;;;1;998
1;2;18;44;0;;1;1;A-23;103,7;3;16;2;;;1;6;2;;;1;2
7;5;15;44;0;;1;1;A-232;4,725;6;18;2;;;1;1;1;;;1;1
8;6;12;44;0;;1;1;A-232;10,421;6;10;2;;;1;1;1;;;1;2
10;5;18;44;0;;1;1;A-23;94,05;3;12;2;;;4;1;4;;;5;1
11;2;17;44;0;;1;1;A-232;9,8;6;1;2;;;1;1;1;;;1;3
4;6;18;44;0;;1;1;RAFALES;3;10;10;2;;;9;1;1;;;4;4
9;6;14;44;0;;3;2;No inventariada;;9;7;2;;;1;1;1;;;1;998
3;3;9;44;0;;1;1;A-232;26,5;6;15;2;;;1;1;1;;;1;1
9;7;15;44;0;;1;1;A-1515;8,8;6;19;2;;;3;1;3;;;1;3
5;7;12;44;0;;1;1;A-224;11,53;6;9;2;;;1;1;1;1;;1;2
7;7;21;44;0;;3;2;No inventariada;;9;10;2;;;1;1;1;;;1;998
8;1;10;44;0;;1;1;N-232;153,3;6;18;2;;;1;1;1;;;1;1
2;6;2;44;0;;1;1;No inventariada;1,5;10;14;2;;;2;6;1;;;4;1
3;7;11;44;0;;1;1;A-1515;3,5;6;14;2;;;3;1;2;;;1;2
9;7;20;44;0;;1;1;A-1511;0,45;6;18;2;;;3;6;3;;;1;3
12;5;19;44;0;;1;1;A-23;144,49;3;4;2;;;1;6;1;;;1;1
7;3;14;44;0;;1;1;A-23;157,315;3;12;2;;;1;1;1;;;1;1
1;4;16;44;44216;;1;1;N-234;123,15;6;10;2;;;1;1;1;;;1;1
2;5;17;44;44216;;1;1;A-23VS;104,5;7;16;2;;;1;1;1;;;4;1