MES;DIA_SEMANA;HORA;COD_PROVINCIA;COD_MUNICIPIO;ISLA;ZONA;ZONA_AGRUPADA;CARRETERA;KM;TIPO_VIA;TIPO_ACCIDENTE;NUDO;NUDO_INFO;CARRETERA_CRUCE;CONDICION_FIRME;CONDICION_ILUMINACION;CONDICION_METEO;CONDICION_NIEBLA;CONDICION_VIENTO;VISIB_RESTRINGIDA_POR;TRAZADO_PLANTA
2;5;15;44;44216;;1;1;N-234;114;6;4;2;;;1;1;1;;;1;1
2;7;12;44;44216;;1;1;N-234;124;6;10;2;;;1;1;1;;;1;1
2;3;11;44;44216;;1;1;TE-V-9003;0,208;6;2;2;;;1;1;1;;;1;1
1;4;12;44;44216;;3;2;No inventariada;;9;7;2;;;1;1;1;;;1;998
1;5;12;44;44216;;3;2;No inventariada;;9;7;2;;;1;1;1;;;1;998
3;2;13;44;44216;;3;2;No inventariada;;9;7;2;;;1;1;1;;;1;998
4;6;5;44;44216;;1;1;A-23;106,85;3;14;2;;;1;6;2;;;1;1
5;5;13;44;44216;;3;2;No inventariada;;7;15;2;;;2;1;1;;;1;998
5;3;3;44;44216;;1;1;N-420;581;6;18;2;;;1;6;1;;;1;2
6;6;11;44;44216;;1;1;N-234;124,7;6;2;1;2;;1;1;1;;;1;1
7;1;21;44;44216;;1;1;A-1513;2,498;6;19;2;;;1;1;1;;;1;1
8;1;14;44;44216;;3;2;No inventariada;;7;16;2;;;1;1;1;;;1;998
8;5;17;44;44216;;1;1;N-234;131,208;6;16;1;1;;1;1;1;;;1;1
8;2;3;44;44216;;1;1;A-23;105,15;3;17;2;;;1;6;1;;;1;1
8;3;11;44;44216;;1;1;A-1512;0,3;6;4;2;;;1;1;1;;;1;1
9;5;9;44;44216;;1;1;N-234;122,6;5;4;2;;;1;1;1;;;1;1
9;1;14;44;44216;;1;1;A-1513;4,2;6;12;2;;;1;1;1;;;1;1
10;6;10;44;44216;;1;1;A-23;115;3;19;2;;;1;1;1;;;1;1
10;5;6;44;44216;;1;1;A-1512;0,129;6;16;2;;;1;6;1;;;1;2
11;7;21;44;44216;;1;1;N-420;581;5;1;2;;;3;6;3;;;1;3
11;7;18;44;44216;;1;1;N-420;592;14;18;2;;;2;6;1;;;1;1
12;4;22;44;44216;;1;1;N-234;111,15;5;2;2;;;1;6;1;;;1;1
12;5;12;44;44216;;1;1;A-1513;4,8;6;8;2;;;1;1;2;;;4;2
2;3;15;44;0;;1;1;N-234;155,372;6;15;2;;;1;1;5;;1;1;1
11;4;14;44;0;;1;1;A-23;146,875;3;4;2;;;1;1;1;;;1;1
4;7;12;44;0;;1;1;A-1409;14,975;6;18;2;;;1;1;1;;;1;2
10;7;0;44;0;;1;1;CAMINO;1;10;19;2;;;2;6;1;;;1;1
6;6;18;44;0;;3;2;No inventariada;;9;2;1;1;;1;1;2;;;2;998
7;7;8;44;0;;3;2;No inventariada;;9;7;1;1;;1;1;1;;;1;998
10;2;5;44;0;;1;1;N-420;651;6;6;2;;;3;2;2;2;;5;2
11;2;11;44;0;;1;1;N-420;654,7;6;19;2;;;1;1;1;;;1;2
11;7;17;44;0;;3;2;No inventariada;;9;19;2;;;1;3;1;;;1;998
4;4;11;44;0;;1;1;No inventariada;5;10;10;2;;;2;1;1;;;12;1
3;6;18;44;0;;1;1;N-420;756,718;5;4;2;;;1;2;1;;;1;1
10;4;15;44;0;;1;1;N-232;119,9;6;4;1;2;N-420;1;1;1;;;4;1
10;2;8;44;0;;1;1;N-420;754,526;6;2;1;1;N-232;1;1;1;;;1;1
3;7;15;44;0;;3;2;No inventariada;;9;10;2;;;5;1;2;;;2;998
7;7;11;44;0;;1;1;A-2705;15;6;12;2;;;1;1;1;;;1;3
8;3;8;44;0;;1;1;N-420;764,75;6;18;2;;;1;1;1;;;1;2
12;1;14;44;0;;2;2;N-420;764,85;6;16;2;;;1;1;1;;;1;1
1;1;7;44;0;;1;1;CA;0,1;10;17;2;;;3;2;1;;;1;1
7;6;13;44;0;;2;2;A-231;20,017;6;2;2;;;1;1;1;;;1;1
4;1;18;44;0;;1;1;N-234;166,319;6;16;1;1;TE-V-9024;1;1;1;;;1;1
7;5;17;44;0;;1;1;A-23;159,602;3;16;2;;;1;1;1;;;1;3
9;4;9;44;0;;1;1;A-23;137,71;3;4;2;;;1;1;1;;;1;1
11;6;7;44;0;;1;1;A-23;134,38;3;16;2;;;1;6;1;;;1;1
6;5;10;44;0;;1;1;N-330;287;6;5;2;;;1;1;1;;;4;2
6;5;11;44;0;;1;1;N-330;281,2;6;10;2;;;1;1;1;;;1;3
1;4;7;44;0;;1;1;A-1509;29;6;15;2;;;6;6;6;;;5;3
5;5;12;45;0;;1;1;N-401a;92,4;6;2;1;1;N-401a;1;1;1;;;1;1
6;3;14;45;0;;1;1;N-401;89,75;6;16;2;;;1;1;1;;;1;1
8;5;11;45;0;;1;1;CAMINO NUE;2,2;10;18;2;;;2;1;1;;;1;1
9;6;21;45;0;;3;2;No inventariada;;14;15;2;;;1;6;1;;;1;998
10;3;12;45;0;;1;1;TO-3221;2,488;6;19;2;;;1;1;1;;;1;1
11;1;15;45;0;;1;1;N-401;89,55;6;5;1;12;;1;1;1;;;1;1
5;5;17;45;0;;3;2;No inventariada;;9;2;1;1;;1;1;1;;;1;998
6;5;14;45;0;;1;1;CM-4004;35,1;6;16;2;;;1;1;1;;;1;2
12;1;8;45;0;;1;1;CM-43;9,754;3;16;2;;;1;1;1;;;1;1
12;7;14;45;0;;2;2;CM-4004;36,1;6;2;1;2;;1;1;1;;;1;1
2;1;6;45;0;;1;1;TO-3523;7,047;6;14;2;;;3;6;1;;;1;1
2;7;18;45;0;;1;1;CM-4000;20,8;6;18;2;;;1;1;1;;;1;2
3;2;15;45;0;;3;2;No inventariada;;9;17;2;;;1;1;1;;;1;998
4;2;17;45;0;;1;1;CM-4000;20,091;6;18;2;;;1;1;1;;;1;2
10;6;6;45;0;;1;1;TO-3523;1,05;6;1;2;;;1;6;1;;;1;2
5;5;17;45;0;;1;1;N-502;138,9;6;2;1;5;;1;1;1;;;9;1
11;7;23;45;0;;1;1;N-502;132,9;6;14;2;;;1;6;2;;;1;1
12;7;8;45;0;;1;1;N-502;137,5;6;19;2;;;1;1;1;;;1;2
12;6;3;45;0;;1;1;N-502;134,8;6;19;2;;;1;6;1;;;1;1
5;6;8;45;0;;1;1;CM-4100;11,1;6;15;2;;;1;1;1;;;1;1
9;1;6;45;0;;1;1;CM-4101;29,5;6;1;2;;;1;6;1;;;4;1
4;6;12;45;0;;1;1;CM-5006;16,6;6;19;2;;;1;1;1;;;1;2
3;6;19;45;0;;1;1;M-507;34,4;6;2;2;;;5;6;3;1;;1;2
4;5;14;45;0;;1;1;N-403;68,1;6;2;1;2;;1;1;1;;;1;1
5;6;13;45;0;;1;1;TO-1455;2,6;6;19;2;;;1;1;1;;;1;2
12;1;13;45;0;;1;1;N-403;61,765;6;4;1;2;;1;1;1;;;1;1
12;2;2;45;0;;1;1;N-403;61,7;6;18;2;;;1;6;1;;;1;2
2;2;12;45;45014;;1;1;CM-43;15,5;3;4;2;;;1;1;1;;;1;1
4;1;12;45;45014;;3;2;No inventariada;;9;;;;;999;999;999;;;999;998
8;3;20;45;45014;;1;1;CM-4004;37,6;6;2;1;4;;1;1;1;;;1;1
2;4;20;45;0;;3;2;No inventariada;;9;2;1;1;;1;4;1;;;2;998
4;1;9;45;0;;1;1;CM-4003;21;6;18;2;;;1;1;1;;;1;3
8;4;14;45;0;;1;1;CM-4003;21,215;6;16;2;;;1;1;1;;;1;1
8;5;21;45;0;;1;1;CM-4003;20,9;6;18;2;;;1;3;1;;;1;3
8;6;20;45;45016;;3;2;No inventariada;;9;1;2;;;1;1;1;;;1;998
9;4;19;45;45168;;1;1;CM-4013;5;5;18;2;;;3;3;4;;;1;2
10;5;15;45;45168;;1;1;CM-4013;5,66;6;4;1;4;CM-40;1;1;1;;;1;1
5;5;19;45;0;;1;1;N-403;23,1;6;2;1;2;;1;1;1;;;1;2
1;7;14;45;45019;;1;1;CM-4003;3,226;6;12;2;;;1;1;1;;;1;1
2;7;16;45;45019;;1;1;CM-4003;10,3;6;2;1;1;TO-2515;1;1;1;;;1;2
2;3;15;45;45019;;1;1;A-40;119,092;3;15;1;12;CM-4006;1;1;1;;;1;2
4;1;15;45;45019;;1;1;CM-4006;9,4;6;14;2;;;1;1;1;;1;1;2
8;7;21;45;45019;;1;1;A-40;120,1;3;15;2;;;1;6;1;;;1;1
9;5;13;45;45019;;1;1;CM-4003;2,1;6;2;1;4;;1;1;1;;;1;2
10;6;19;45;45019;;2;2;A-40;127,3;3;18;2;;;1;2;1;;;1;1
11;6;17;45;45168;;1;1;CM-40;3,5;3;4;2;;;1;2;1;;;6;1
3;3;21;45;0;;1;1;N-502;147,9;6;2;1;1;;3;6;2;;;1;1
4;4;15;45;0;;1;1;N-502;147,4;6;1;2;;;1;1;1;;;1;1
1;4;10;45;0;;1;1;TO-2437;9,1;6;12;2;;;1;1;1;;;1;1
3;3;21;45;0;;1;1;TO-2437;4,8;6;12;2;;;1;6;1;;;1;1
6;2;14;45;0;;1;1;TO-2437;5;6;2;1;1;;1;1;1;;;4;1
7;2;16;45;0;;1;1;TO-2437;6,2;6;16;2;;;1;1;1;;;1;2
9;3;17;45;0;;1;1;CM-4001;35,9;6;2;1;2;;1;1;1;;;1;1
9;1;5;45;0;;3;2;No inventariada;;9;1;1;2;;1;6;1;;;1;998
10;6;13;45;0;;3;2;No inventariada;;9;7;2;;;1;1;1;;;1;998
1;4;12;45;0;;1;1;N-401a;80,1;8;3;1;2;CM-40;1;1;2;;;1;2
1;2;20;45;0;;3;2;No inventariada;;9;7;1;2;;1;4;1;;;1;998
4;5;22;45;0;;3;2;No inventariada;;9;2;2;;;1;1;1;;;1;998
6;1;22;45;0;;1;1;N-401;84,4;6;16;2;;;3;6;2;;;1;1
9;2;9;45;45168;;1;1;CM-40;24,1;3;15;2;;;7;1;1;;;1;2
8;6;9;45;0;;1;1;CM-42;1,7;3;4;2;;;1;1;2;;;1;1
10;5;22;45;0;;1;1;N-401;87,2;6;19;2;;;1;6;1;;;1;1
12;1;6;45;0;;1;1;N-401;81;6;1;2;;;1;6;1;;;1;1
12;1;6;45;0;;1;1;N-401;81;6;7;2;;;1;2;1;;;1;1
1;1;14;45;0;;3;2;No inventariada;;9;2;1;4;;1;1;1;;;1;998
5;6;22;45;0;;1;1;CM-4050;9,85;6;13;1;4;CM-4000;1;6;1;;;1;1
8;7;13;45;0;;1;1;CM-4000;25,9;6;13;2;;;1;1;1;;;1;2
9;1;21;45;0;;1;1;CM-4000;27,406;6;18;2;;;1;6;1;;;1;1
2;1;17;45;0;;3;2;No inventariada;;9;2;1;1;;1;1;1;;;2;998
4;6;19;45;0;;1;1;A-42;54;3;10;1;10;A-42;1;1;1;;;1;1
11;6;17;45;0;;1;1;A-42;51,1;3;16;2;;;1;1;1;;;1;1
7;2;7;45;0;;1;1;CM-4051;8;6;19;2;;;1;1;1;;;1;2
3;1;11;45;0;;1;1;CM-3000;41,035;6;2;2;;;1;1;2;;;1;1
9;4;1;45;0;;1;1;TO-2581;10,303;6;16;2;;;1;6;1;;;1;1
12;4;9;45;0;;1;1;CM-3000;37,145;6;3;2;;;3;1;2;2;;5;1
1;4;9;45;0;;3;2;No inventariada;;9;2;1;1;;1;1;1;;;9;998
3;5;20;45;0;;1;1;A-5;138,85;3;6;2;;;1;6;1;;;1;2
3;7;11;45;0;;1;1;CM-4101;7,4;6;2;1;5;CM-4101;1;1;1;;;1;1
3;6;4;45;0;;1;1;CM-4101;12,8;6;15;2;;;1;6;1;;;1;2
5;1;6;45;0;;1;1;A-5;129,4;3;3;2;;;1;6;2;;;1;1
7;1;0;45;0;;1;1;A-5;128,6;3;19;2;;;1;1;1;;;1;1
8;5;17;45;0;;1;1;A-5;138,4;3;17;2;;;1;1;1;;;1;2
8;2;9;45;45165;;1;1;CHT Nº4;12,7;10;14;2;;;1;1;1;;;1;1
10;7;6;45;0;;1;1;CM-4130;4;6;18;2;;;1;6;1;;;4;3
11;4;13;45;0;;1;1;A-5;138;3;3;2;;;1;1;1;;;1;1
12;7;12;45;0;;1;1;A-5;128;7;2;1;1;;1;1;1;;;1;1
12;2;20;45;0;;1;1;A-5;130,6;3;4;1;12;CM-5103;1;6;1;;;1;1
1;4;12;45;0;;1;1;A-5;157,5;3;16;2;;;3;1;3;;;1;2
2;1;6;45;0;;1;1;A-5;159,3;3;14;2;;;3;6;2;;;1;1
2;6;13;45;0;;1;1;A-5;159,3;3;16;2;;;1;1;1;;;1;2
2;7;8;45;0;;1;1;CM-5102;15,9;6;14;2;;;1;1;1;;;1;1
4;7;16;45;0;;3;2;No inventariada;;9;1;2;;;1;1;1;;;12;998
6;7;18;45;0;;1;1;A-5;165,2;3;12;2;;;1;1;1;;;1;2
8;2;9;45;0;;1;1;A-5;158,4;3;4;2;;;1;1;1;;;1;1
9;4;14;45;0;;1;1;A-5;157,4;3;18;2;;;3;1;3;;;1;2
2;4;7;45;0;;1;1;CM-4003;25,75;6;16;2;;;1;1;1;;;1;1
5;5;16;45;0;;1;1;CM-4003;26,1;6;18;2;;;1;1;1;;;1;1
5;7;6;45;0;;1;1;TO-1927;7,031;6;14;2;;;1;2;1;;;1;2
10;6;13;45;0;;1;1;CM-4003;26,292;6;14;2;;;3;1;3;;;1;1
2;1;12;45;0;;3;2;No inventariada;;9;20;2;;;1;1;1;;;1;998
2;6;1;45;0;;1;1;CM-42;67,9;3;14;2;;;1;6;1;;;1;1
3;7;21;45;0;;1;1;A-4;133,5;3;19;2;;;1;6;1;;;1;1
5;1;11;45;45087;;1;1;CM-4133;15,093;6;2;2;;;1;1;1;;;1;2
9;2;5;45;0;;1;1;CM-4133;19,283;6;18;2;;;1;6;1;;;1;1
12;5;13;45;45087;;1;1;CM-42;64,3;3;14;2;;;1;1;1;;;1;3
11;2;10;45;0;;1;1;TO-1029;6,577;6;14;2;;;1;1;1;;;1;2
3;6;13;45;0;;3;2;No inventariada;;9;2;1;2;;1;1;1;;;2;998
4;4;12;45;0;;1;1;CM-4000;40,05;6;2;1;2;;1;1;1;;;1;1
9;7;10;45;0;;1;1;CM-4000;35,7;6;2;2;;;1;1;1;;;1;1
3;5;15;45;45038;;1;1;CM-4008;2,7;6;4;2;;;1;1;1;;;1;1
4;6;20;45;45038;;1;1;TO-2034;5,6;6;19;2;;;1;1;1;;;1;1
5;6;19;45;45038;;1;1;CM-4008;1,1;6;2;1;2;;1;1;1;;;1;1
9;1;23;45;45038;;1;1;CM-4008;1,116;6;2;1;2;;1;6;1;;;1;1
10;6;11;45;45038;;3;2;No inventariada;;14;9;2;;;1;1;1;;;1;998
10;4;15;45;45038;;1;1;CM-4008;0,3;6;4;2;;;1;1;1;;;1;1
10;6;15;45;45038;;1;1;CM-4008a;2,753;6;15;1;4;TO-2034;1;1;2;;;1;2
12;1;18;45;45038;;1;1;CM-4008;0,362;6;4;2;;;1;6;1;;;1;1
12;6;19;45;45081;;1;1;AP-41;17;1;6;2;;;8;6;1;;;18;1
5;6;23;45;0;;1;1;A-5;88,545;3;17;2;;;1;6;1;;;1;1
7;7;19;45;0;;1;1;A-5;98;3;4;2;;;1;1;1;;;1;1
8;4;21;45;0;;3;2;No inventariada;;9;2;1;1;;1;1;1;;;2;998
8;3;11;45;0;;1;1;A-5;89,406;3;16;2;;;1;1;1;;;1;1
8;3;18;45;0;;1;1;CAMINO MAN;0,5;10;18;2;;;2;1;1;;;1;1
2;7;15;45;45041;;1;1;A-5;36,9;3;2;1;2;;1;1;1;;;1;1
3;6;17;45;45041;;1;1;A-5;37,2;3;2;1;10;A-5;6;1;6;;;5;1
3;5;16;45;45041;;1;1;A-5;37,95;3;5;2;;;1;1;1;;;1;1
5;2;17;45;45041;;1;1;A-5;40,75;3;18;2;;;3;1;4;;;1;1
6;2;0;45;45041;;3;2;No inventariada;;9;16;2;;;1;4;1;;;1;998
8;2;5;45;45041;;1;1;CM-41;1,465;3;20;2;;;1;6;1;;;1;1
8;2;14;45;45041;;1;1;CM-41;0,5;3;15;1;2;A-5;1;1;1;;;1;2
8;6;13;45;45041;;1;1;A-5;37,5;3;5;2;;;1;1;1;;;1;1
9;5;2;45;45041;;1;1;CM-41;2,1;3;18;1;12;CM-4003;1;6;1;;;1;3
11;5;18;45;45041;;1;1;A-5;37;3;5;2;;;1;6;2;;;1;1
12;7;13;45;45041;;1;1;A-5;37,5;7;2;1;2;;1;1;1;;;1;1
4;1;17;45;0;;1;1;CAMINO 294;1,7;10;18;2;;;2;1;3;;;1;1
11;2;3;45;0;;1;1;TO-1368;1,4;6;19;2;;;1;6;1;;;1;1
1;1;3;45;0;;1;1;A-5;103,2;3;4;2;;;1;6;1;;;1;1
4;5;17;45;0;;1;1;A-5;103,7;3;4;2;;;1;1;1;;;1;1
5;5;3;45;0;;1;1;A-5;102;3;4;2;;;3;6;2;;;1;1
6;7;0;45;0;;1;1;A-5;102;3;4;2;;;1;6;1;;;1;1
7;6;14;45;0;;1;1;N-5a;109;6;5;2;;;1;1;1;;;1;1
10;1;15;45;0;;1;1;A-5;108,2;3;4;2;;;4;1;4;;;5;2
10;1;15;45;0;;1;1;A-5;108,4;3;4;2;;;3;1;3;;;1;2
12;2;20;45;0;;1;1;N-5a;109;6;16;1;4;N-5a;1;4;2;;;1;1
4;2;13;45;0;;1;1;CM-4002;9,8;6;7;2;;;1;1;1;;;1;1
8;1;1;45;0;;1;1;CAMINO 285;1,2;10;12;2;;;1;6;1;;;1;1
9;5;14;45;0;;1;1;CM-4000;50;6;2;2;;;1;1;1;;;1;1
5;3;10;45;0;;1;1;CM-4004;19,5;5;17;1;4;CM-41;1;3;1;;;1;1
6;1;7;45;0;;1;1;TO-2515;16,5;6;19;2;;;3;1;4;;;1;1
11;5;15;45;0;;3;2;No inventariada;;9;7;1;2;;1;1;1;;;2;998
1;4;12;45;0;;1;1;A-5;93,5;3;4;2;;;1;1;1;;;1;1
1;5;17;45;0;;1;1;A-5;94,2;3;18;2;;;1;1;1;;;1;1
6;5;18;45;0;;1;1;A-5;94,6;3;4;2;;;1;1;1;;;1;1
7;1;11;45;0;;1;1;A-5;94,633;3;4;2;;;1;1;1;;;1;1
8;4;5;45;0;;1;1;CM-5005;4,1;6;19;2;;;1;4;1;;;1;2
8;6;4;45;0;;1;1;CAMINO 179;2;10;18;2;;;1;6;1;;;1;3
8;5;1;45;0;;1;1;CAMINO 179;1,5;10;16;2;;;1;6;1;;;1;3
11;3;20;45;0;;1;1;CM-5100;8,3;6;12;2;;;3;6;2;;;1;2
7;1;22;45;0;;1;1;TO-2421;4,2;6;3;2;;;1;6;1;;;1;2
8;5;22;45;0;;1;1;CM-40;21,5;3;4;2;;;1;6;1;;;1;1
11;4;18;45;0;;1;1;CM-40;20,826;3;4;2;;;1;6;1;;;1;1
12;1;19;45;0;;1;1;TO-3210;3;6;2;1;1;;1;4;1;;;2;1
1;1;13;45;45053;;1;1;CM-4133;0,653;6;2;1;2;CM-4116;1;1;1;;;1;1
3;1;8;45;45053;;1;1;CM-42;44,4;3;12;2;;;1;1;1;;;1;1
4;6;17;45;45053;;1;1;TO-3059;1;10;10;2;;;2;1;1;;;1;1
5;2;19;45;45053;;1;1;CM-4116;18,8;8;2;1;4;CM-4025;1;2;1;;;6;2
7;6;2;45;45053;;1;1;CM-42;55,6;3;14;2;;;1;6;1;;;1;1
7;2;20;45;45053;;1;1;CM-42;51;3;4;2;;;1;1;1;;;1;1
8;2;9;45;45053;;1;1;CM-4133;0,2;6;20;2;;;1;1;1;;;6;1
9;2;9;45;45053;;1;1;CM-42;52,757;3;12;2;;;1;1;1;;;1;2
9;5;18;45;45053;;1;1;CM-4025;9,896;6;4;2;;;1;3;1;;;1;1
12;6;11;45;45053;;1;1;CM-4133;0,362;6;2;1;2;CM-4116;1;1;1;;;1;1
1;6;18;45;45054;;3;2;No inventariada;;9;2;1;1;;1;4;1;;;2;998
1;2;21;45;45054;;1;1;AP-36;28,2;1;16;2;;;1;4;1;;;1;1
1;7;18;45;45054;;3;2;No inventariada;;9;2;1;1;;1;3;1;;;1;998
2;7;22;45;45054;;3;2;No inventariada;;9;1;2;;;1;3;1;;;1;998
8;3;11;45;45054;;1;1;AP-36;44,9;1;12;2;;;1;1;1;;;1;1
8;5;10;45;45054;;1;1;N-301;105,8;6;4;2;;;1;1;1;;;1;1
9;2;3;45;45054;;1;1;CM-3000;24,219;6;8;2;;;1;6;1;;;4;1
9;6;3;45;45054;;3;2;No inventariada;;9;2;2;;;1;4;1;;;1;998
1;5;13;45;0;;1;1;CM-410;6,933;6;15;2;;;1;1;1;;;1;2
7;6;22;45;0;;1;1;CM-410;6,64;6;1;2;;;1;6;1;;;18;1
7;1;15;45;0;;1;1;CM-410;11,8;6;18;2;;;1;1;1;;;18;1
5;5;19;45;45199;;1;1;TO-1927;19,233;6;1;2;;;1;1;1;;;1;2
5;7;12;45;0;;1;1;TO-1927;15,6;6;1;1;2;;1;1;1;;;1;1
5;6;9;45;0;;3;2;No inventariada;;9;15;1;1;;1;1;1;;;1;998
8;4;21;45;0;;3;2;No inventariada;;9;10;2;;;1;1;1;;;1;998
9;1;9;45;0;;1;1;TO-1927;16,1;6;7;1;2;;1;1;1;;;1;1
10;7;6;45;0;;1;1;TO-1927;12,2;6;18;2;;;1;6;1;;;1;1
7;5;16;45;0;;1;1;A-4;69;3;4;2;;;1;1;1;;;1;1
11;4;12;45;0;;3;2;No inventariada;;9;2;1;1;;1;1;1;;;2;998
12;2;2;45;0;;1;1;A-4;72,4;3;16;1;10;;1;6;1;;;1;1
12;6;11;45;0;;1;1;A-4;72;3;4;2;;;1;1;1;;;1;1
3;1;8;45;0;;1;1;N-403;47,1;6;1;2;;;1;1;1;;;1;1
4;7;15;45;0;;1;1;N-403;51,05;6;3;2;;;1;1;1;;;1;1
6;4;16;45;0;;1;1;CM-5005;5,112;6;1;2;;;1;1;1;;;1;2
8;3;21;45;0;;3;2;No inventariada;;9;;2;;;999;999;999;;;999;998
12;6;10;45;0;;1;1;N-403;56,786;6;4;1;2;;1;1;1;;;1;1
5;6;12;45;45064;;1;1;CM-4010;5,6;6;4;1;1;;1;1;1;;;1;1
7;7;23;45;45064;;1;1;CM-4010;9;6;2;1;4;;1;4;1;;;1;1
7;4;13;45;45064;;1;1;TO-2437;10,935;6;2;1;2;TO-2437;1;1;1;;;1;1
12;4;5;45;45064;;1;1;TO-2437;10,8;6;19;2;;;1;6;1;;;1;2
8;2;11;45;0;;1;1;CM-4100;25,5;6;4;1;2;;1;1;1;;;12;1
7;6;5;45;45066;;1;1;TO-1927;3,2;6;18;2;;;1;6;1;;;1;1
8;6;20;45;45066;;1;1;TO-1927;3,8;6;18;2;;;1;1;1;;;1;1
8;1;14;45;45066;;1;1;TO-1927;3,525;6;14;2;;;1;1;1;;;1;2
4;4;17;45;0;;1;1;CM-401;24,488;6;12;1;2;;1;1;1;;;1;1
8;1;8;45;0;;3;2;No inventariada;;9;7;2;;;1;1;1;;;1;998
8;6;7;45;0;;1;1;CM-401;29,2;6;16;1;4;TO-3633;1;1;1;;;1;1
11;6;6;45;0;;1;1;CM-401;28;6;14;2;;;1;3;2;2;;5;1
5;6;5;45;0;;1;1;TO-3930;0,9;6;14;2;;;1;6;1;;;1;3
12;4;22;45;0;;1;1;TO-3930;1,3;6;19;2;;;1;6;1;;;1;1
3;2;16;45;0;;1;1;CAMINO 283;1,5;10;18;2;;;4;1;4;;;1;1
7;6;11;45;0;;1;1;CM-401;12,8;6;13;2;;;1;1;1;;;1;1
11;2;19;45;0;;1;1;CM-401;13,36;6;4;2;;;1;6;1;;;1;1
5;3;0;45;0;;3;2;No inventariada;;9;2;1;1;;1;4;2;;;2;998
10;7;16;45;0;;1;1;CM-3005;0,7;6;19;2;;;1;1;2;;;1;1
11;6;10;45;0;;1;1;No inventariada;0,35;10;10;2;;;2;1;1;;;1;3
12;3;6;45;0;;1;1;A-4;85,6;3;18;2;;;1;6;1;;;1;1
7;1;9;45;0;;1;1;CM-4102;6,1;6;4;1;2;;1;1;1;;;1;1
8;3;21;45;0;;1;1;TO-1185;0,425;6;17;2;;;1;6;1;;;1;1
9;5;14;45;0;;3;2;No inventariada;;9;7;2;;;1;1;1;;;1;998
12;1;22;45;0;;1;1;TO-1189;0,2;6;14;2;;;1;6;1;;;1;1
5;7;7;45;0;;1;1;TO-1444;2,8;6;19;2;;;1;2;1;;;1;2
8;5;10;45;0;;1;1;CAMINO DE;0,8;14;19;2;;;1;1;1;;;1;3
1;1;17;45;0;;1;1;CM-4011;13,5;6;14;2;;;3;1;1;;;1;2
1;2;21;45;0;;1;1;CM-4006;51,3;6;8;2;;;1;6;1;;;1;1
10;5;16;45;0;;1;1;CM-4051;13,5;6;19;2;;;1;1;2;;;1;2
7;2;6;45;0;;1;1;CM-5006;18;6;18;2;;;1;2;1;;;1;1
7;6;16;45;0;;1;1;CM-5006;22,1;6;18;2;;;1;1;1;;;1;2
8;7;9;45;0;;1;1;CL-501;35,97;6;3;2;;;1;1;1;;;1;1
1;6;0;45;45081;;1;1;A-42;31,8;3;4;2;;;1;6;1;;;1;1
1;1;6;45;45081;;1;1;A-42;37,453;3;12;2;;;1;6;1;;;1;1
1;4;7;45;45081;;1;1;A-42;35,787;3;3;1;12;;1;6;1;;;1;1
1;3;15;45;45201;;1;1;CM-4010;1,93;6;10;2;;;1;1;1;;;1;1
1;5;4;45;45081;;1;1;A-42;32;3;15;2;;;1;6;1;;;1;1
2;7;8;45;45081;;1;1;CM-4008;6,8;6;14;2;;;1;1;2;;;1;1
2;5;5;45;45081;;1;1;A-42;34,524;3;15;2;;;1;6;1;;;18;1
2;1;17;45;45081;;1;1;A-42;31,2;3;4;2;;;1;1;1;;;1;1
3;5;12;45;45081;;3;2;No inventariada;;9;7;2;;;1;1;1;;;1;998
4;6;23;45;45081;;1;1;A-42;36,665;3;15;1;12;;1;6;1;;;1;1
4;7;4;45;45081;;1;1;A-42;31,55;3;18;2;;;1;6;1;;;1;1
3;5;21;45;45081;;1;1;N-401a;1;5;7;2;;;1;6;1;;;1;1
3;6;22;45;45081;;3;2;No inventariada;;9;7;2;;;1;4;1;;;1;998
2;2;13;45;45081;;3;2;No inventariada;;9;2;1;2;;1;1;1;;;18;998
2;2;18;45;45081;;3;2;No inventariada;;9;4;2;;;1;4;1;;;1;998
5;4;18;45;45081;;1;1;CM-4010;0,3;6;4;1;4;;1;1;1;;;1;2
5;5;23;45;45081;;1;1;A-42;33,7;3;3;2;;;1;6;1;;;1;1
6;2;7;45;45081;;1;1;CM-4010;0,8;6;18;2;;;1;1;1;;;1;2
6;4;23;45;45081;;1;1;A-42;38,6;3;12;2;;;1;6;1;;;1;1
6;2;6;45;45081;;1;1;A-42;38;3;17;1;4;CM-41;1;1;1;;;1;2
7;1;7;45;45081;;1;1;A-42;33,135;3;4;2;;;1;1;1;;;1;1
7;4;23;45;45081;;1;1;A-42;31,1;3;15;2;;;1;6;1;;;1;1
7;1;7;45;45081;;1;1;A-42;30,5;8;10;1;2;A-42;1;1;1;;;1;1
7;7;22;45;45081;;1;1;A-42;31,8;3;18;2;;;1;6;1;;;1;1
7;2;22;45;45081;;3;2;No inventariada;;9;2;1;1;;1;4;1;;;2;998
7;4;11;45;45081;;1;1;A-42;31,5;3;4;2;;;1;1;1;;;1;1
7;4;13;45;45081;;3;2;No inventariada;;9;20;1;2;;1;1;1;;;1;998
9;5;21;45;45081;;1;1;A-42;33,934;3;4;2;;;1;6;1;;;1;1
9;1;9;45;45081;;1;1;A-42;33,889;3;4;1;2;;1;1;1;;;1;1
9;4;15;45;45081;;1;1;A-42;35,218;3;5;2;;;1;1;2;;;1;1
9;6;7;45;45081;;1;1;A-42;33,6;3;4;2;;;1;2;1;;;1;1
10;3;21;45;45081;;1;1;A-42;34,611;3;18;2;;;3;6;3;;;1;1
10;2;1;45;45081;;1;1;CAMINO 295;1;10;12;2;;;2;6;2;;;1;1
10;5;13;45;45081;;1;1;A-42;37;3;4;2;;;1;1;1;;;1;1
10;2;17;45;45201;;1;1;CM-4010;1,7;6;2;2;;;1;1;1;;;1;1
10;3;9;45;45081;;1;1;A-42;38,58;3;4;2;;;3;1;1;;;1;1
11;2;5;45;45081;;1;1;A-42;34,2;3;18;2;;;1;6;1;;;1;1
10;3;14;45;45081;;3;2;No inventariada;;9;2;2;;;3;1;3;1;;1;998
2;2;13;45;45081;;3;2;No inventariada;;9;3;1;1;;1;1;1;;;1;998
11;7;22;45;45081;;3;2;No inventariada;;9;2;1;1;;1;3;1;;;18;998
11;7;13;45;45081;;1;1;A-42;36,4;3;18;2;;;3;1;3;;;1;1
11;7;19;45;45081;;1;1;A-42;35;3;4;2;;;1;6;1;;;1;1
11;2;18;45;45081;;3;2;No inventariada;;9;2;2;;;1;4;2;1;;17;998
12;5;4;45;45081;;1;1;A-42;35,5;3;16;1;12;CM-4010;1;6;1;;;10;2
12;4;7;45;45081;;1;1;A-42;31,854;3;2;1;4;A-42;3;4;1;;;1;2
12;5;20;45;45081;;1;1;A-42;36,477;3;5;2;;;1;6;1;;;1;1
8;4;11;45;0;;1;1;A-5;149,335;3;19;2;;;1;1;1;;;1;2
1;1;8;45;0;;3;2;No inventariada;;9;7;2;;;1;1;1;;;18;998
7;5;21;45;0;;3;2;No inventariada;;9;3;1;1;;1;3;1;;;2;998
8;3;18;45;0;;1;1;CM-3000;18,3;6;3;2;;;1;1;1;;;1;1
3;7;15;45;0;;3;2;No inventariada;;9;2;1;1;;1;1;2;;;1;998
12;6;19;45;45199;;1;1;TO-2034;4;6;1;2;;;1;6;1;;;1;1
5;2;10;45;0;;1;1;A-5;96,2;3;4;2;;;1;1;1;;;1;1
7;1;12;45;0;;1;1;A-5;95,5;3;4;2;;;1;1;1;;;1;1
2;7;15;45;45087;;1;1;A-4;106;3;16;2;;;1;1;1;;;18;1
4;4;9;45;45087;;1;1;A-4;105,25;3;12;2;;;1;1;1;;;18;1
5;6;22;45;45087;;3;2;No inventariada;;9;2;1;2;;1;4;7;;;18;998
6;1;20;45;45087;;3;2;No inventariada;;9;2;1;4;;1;2;1;;;6;998
7;1;2;45;45087;;1;1;A-4;122,634;3;14;2;;;1;6;1;;;1;1
7;7;15;45;45087;;1;1;CM-4133;12,95;6;18;2;;;1;1;1;;;1;1
8;2;10;45;45087;;1;1;A-4;122,848;3;18;2;;;1;1;1;;;1;1