MES;DIA_SEMANA;HORA;COD_PROVINCIA;COD_MUNICIPIO;ISLA;ZONA;ZONA_AGRUPADA;CARRETERA;KM;TIPO_VIA;TIPO_ACCIDENTE;NUDO;NUDO_INFO;CARRETERA_CRUCE;CONDICION_FIRME;CONDICION_ILUMINACION;CONDICION_METEO;CONDICION_NIEBLA;CONDICION_VIENTO;VISIB_RESTRINGIDA_POR;TRAZADO_PLANTA
8;1;9;45;45087;;1;1;CM-42;62,5;3;9;2;;;1;1;1;;;1;2
9;1;15;45;45087;;1;1;A-4;110,939;3;4;2;;;1;1;1;;;1;1
11;6;6;45;45087;;1;1;CM-42;60,2;3;4;2;;;1;6;1;;;1;1
10;3;9;45;45087;;3;2;No inventariada;;9;7;2;;;1;1;1;;;1;998
11;7;22;45;45087;;1;1;CM-4133;12;6;18;2;;;1;5;1;;;1;2
11;7;11;45;45087;;3;2;No inventariada;;14;19;2;;;1;1;1;;;1;998
11;1;14;45;45087;;3;2;No inventariada;;9;7;1;1;;3;1;3;;;18;998
12;4;18;45;45087;;1;1;A-4;123,406;3;3;2;;;1;2;1;;;1;1
3;3;7;45;0;;1;1;CM-4058;0,1;6;14;2;;;1;6;1;;;1;2
7;5;23;45;0;;1;1;CM-4058;4,5;6;4;2;;;1;4;1;;;1;1
12;6;7;45;0;;1;1;A-42;55;3;4;2;;;1;6;2;1;;5;1
2;6;14;45;0;;3;2;No inventariada;;9;20;1;1;;1;1;1;;;1;998
11;2;17;45;0;;1;1;CM-4017;5,756;6;18;2;;;1;1;1;;;1;1
1;6;12;45;0;;1;1;N-403;48;6;2;1;2;TO-1444;1;1;1;;;1;2
7;5;19;45;0;;1;1;N-403;46,033;6;2;2;;;1;1;1;;;1;1
8;1;14;45;0;;1;1;N-5a;74,1;6;10;1;4;N-403;2;1;1;;;1;1
9;3;11;45;0;;1;1;A-40;89,5;3;18;2;;;3;1;2;;;1;2
2;4;13;45;0;;1;1;CM-42;21,6;3;18;2;;;3;1;3;;;1;1
2;7;13;45;0;;1;1;CM-410;19,1;6;14;2;;;1;1;1;;;1;1
1;1;7;45;0;;2;2;CM-410;0,001;6;7;2;;;1;1;1;;;1;1
1;4;13;45;0;;1;1;CM-403;6;6;2;1;1;;1;1;1;;;1;2
2;7;3;45;0;;1;1;CM-401;38,9;6;16;2;;;1;6;1;;;1;2
4;5;11;45;0;;1;1;CAMINO 287;2;10;19;2;;;1;1;1;;;1;4
7;1;11;45;0;;1;1;TO-3639;1,2;6;2;1;2;;1;1;1;;;1;1
7;1;22;45;0;;3;2;No inventariada;;13;18;2;;;1;6;1;;;1;998
9;4;14;45;0;;1;1;TO-3639;2;6;19;2;;;1;1;2;;;1;2
12;2;10;45;0;;1;1;CM-410;2,45;6;4;2;;;1;1;1;1;;18;1
2;1;12;45;45099;;1;1;CM-5007;4,95;6;19;2;;;1;1;1;;;1;2
3;3;15;45;45099;;1;1;CM-5007;10,366;6;16;2;;;1;1;1;;;1;1
7;3;11;45;45099;;1;1;CM-5007;4,8;6;18;2;;;1;1;1;;;1;1
9;1;16;45;45099;;1;1;CM-5007;9,5;6;5;2;;;1;1;1;;;1;1
10;6;18;45;45099;;1;1;CM-5007;10,5;6;1;2;;;1;1;1;;;1;2
2;7;7;45;0;;1;1;CAMINO 293;2,5;10;14;2;;;2;6;1;;1;12;3
3;3;20;45;0;;1;1;TO-2988;6,5;6;18;2;;;3;6;4;;1;5;2
5;6;14;45;0;;1;1;TO-2988;4,8;6;18;2;;;1;1;1;;;1;1
5;3;15;45;0;;1;1;CM-310;14,5;6;14;2;;;1;1;1;;;1;1
7;2;19;45;0;;1;1;CM-310;20,9;6;12;2;;;1;1;1;;;1;1
9;1;9;45;0;;3;2;No inventariada;;9;7;1;1;;1;1;1;;;2;998
10;2;14;45;0;;1;1;CM-3162;1,5;6;14;2;;;1;1;2;;;1;1
3;5;19;45;45165;;1;1;CM-4000;61,9;6;18;2;;;3;3;2;;;1;1
1;3;18;45;45106;;1;1;CM-4019;19,1;6;18;2;;;3;6;3;;;1;2
1;3;18;45;45106;;3;2;No inventariada;;9;2;1;1;;1;1;1;;;1;998
4;7;13;45;45106;;1;1;CM-4005;30,1;6;4;1;2;;1;1;1;;;1;1
4;7;8;45;45106;;1;1;CM-410;37;6;2;2;;;1;1;1;;;1;2
6;7;18;45;45106;;1;1;CM-4005;29,1;6;2;1;5;;1;1;2;;;1;1
11;7;15;45;45106;;1;1;CM-4019;17;6;2;1;4;;1;6;1;;;1;4
12;5;18;45;45106;;1;1;CM-410;48,3;6;18;2;;;1;6;1;;;1;1
5;5;6;45;45107;;1;1;CM-42;7,8;3;4;2;;;1;6;1;;;1;1
6;3;14;45;45107;;1;1;CM-42;9,4;3;4;2;;;1;1;1;;;1;1
7;4;3;45;45107;;3;2;No inventariada;;9;12;2;;;1;5;1;;;1;998
9;2;10;45;45168;;1;1;CM-4059;0,732;6;2;1;1;;1;1;1;;;1;1
7;3;13;45;0;;1;1;CM-401;45,368;6;18;2;;;1;1;1;;;4;1
7;2;20;45;0;;1;1;TO-1291;7,852;6;2;1;2;;1;1;1;;;1;1
9;7;4;45;0;;3;2;No inventariada;;9;6;2;;;1;4;1;;;1;998
8;6;8;45;0;;1;1;CM-401;73,5;6;15;2;;;1;1;1;;;1;1
9;3;17;45;0;;1;1;CM-4171;6,4;6;19;2;;;1;1;2;;;1;1
7;3;16;45;0;;1;1;N-400;55,282;6;2;1;2;;1;1;1;;;1;1
11;2;6;45;0;;1;1;TO-2657;7,848;6;15;2;;;3;6;2;2;;5;3
12;3;7;45;0;;1;1;TO-2657;6,23;6;18;2;;;1;1;1;;;1;3
1;6;22;45;0;;3;2;No inventariada;;9;10;1;1;;1;4;1;;;1;998
5;3;14;45;0;;1;1;TO-3927;1,4;6;1;2;;;1;1;1;;;1;1
7;1;15;45;0;;3;2;No inventariada;;9;6;1;2;;1;1;1;;;1;998
9;3;9;45;0;;1;1;TO-1332;4;6;19;2;;;1;1;1;;;1;1
4;7;11;45;45205;;1;1;A-42;40,5;3;18;1;10;CM-4004;1;1;1;;;1;1
5;2;22;45;45119;;1;1;CM-43;0,8;3;18;2;;;3;6;3;;;1;3
6;4;8;45;45119;;1;1;CM-43;2,2;3;17;2;;;1;2;2;;;1;1
10;1;5;45;45205;;1;1;A-42;40,434;3;5;1;12;A-42;3;6;3;;;1;1
4;1;16;45;45121;;1;1;A-4;57,5;3;4;2;;;1;1;1;;;1;1
4;4;23;45;45121;;1;1;A-4;59;3;16;2;;;1;6;1;;;1;1
4;2;6;45;45121;;1;1;A-4;60,4;3;4;2;;;1;2;2;;;1;1
5;1;9;45;45121;;1;1;A-4;67,2;3;4;2;;;1;1;1;;;1;1
6;2;17;45;45121;;1;1;N-400;52;6;2;1;4;;1;1;1;;;1;1
7;6;8;45;45121;;1;1;A-4;61,55;3;19;2;;;1;1;1;;;1;3
8;3;22;45;45121;;1;1;A-4;62;3;4;2;;;1;6;1;;;1;1
9;1;12;45;45121;;1;1;R-4;43,5;1;16;2;;;1;1;1;;;1;3
9;6;23;45;45121;;1;1;N-400;52,5;6;7;2;;;1;6;7;;;18;1
9;7;14;45;45121;;1;1;A-4;63,5;3;12;2;;;1;1;1;;;1;2
10;6;19;45;45161;;1;1;A-4;37,796;3;16;2;;;3;2;3;;;1;1
10;1;7;45;45121;;1;1;A-4;62,8;3;16;1;12;A-4;1;5;2;;;1;1
12;4;11;45;45121;;1;1;A-4;61;3;3;2;;;1;1;1;;;1;1
12;5;10;45;45121;;1;1;A-4;58,5;3;5;2;;;1;1;1;;;1;1
12;2;5;45;45121;;1;1;A-4;59;3;18;2;;;3;6;1;;;1;1
1;5;7;45;45122;;1;1;A-42;59;3;15;2;;;3;6;4;;;1;2
1;4;17;45;45122;;1;1;CM-4006;11,182;6;4;1;4;;1;1;1;;;1;1
1;5;10;45;45122;;1;1;A-42;58;3;19;2;;;3;1;4;;;5;1
2;4;12;45;45122;;1;1;CM-4006;10,4;6;1;1;2;CM-4006;1;1;1;;;1;1
4;3;13;45;45122;;1;1;A-42;60,9;3;9;2;;;1;1;1;;;1;1
5;1;14;45;45122;;1;1;CM-4006;13,883;6;9;1;4;A-40;2;1;1;;;1;2
5;7;1;45;45122;;1;1;A-42;56,4;3;18;2;;;1;6;1;;;1;1
5;3;21;45;45122;;1;1;A-42;60;3;16;1;10;;1;1;1;;;1;1
6;5;17;45;45122;;1;1;A-42;61;3;19;2;;;1;1;1;;;1;1
6;7;8;45;45122;;1;1;A-42;61,3;3;18;2;;;1;1;1;;;1;1
7;6;10;45;45122;;1;1;CM-4006;13,8;5;4;1;2;;1;1;1;;;1;1
7;5;12;45;45122;;1;1;CM-4006;13,8;6;16;1;4;A-40;1;1;1;;;1;1
8;6;1;45;45122;;1;1;A-42;61,4;3;16;2;;;1;6;1;;;1;1
8;7;10;45;45122;;1;1;A-42;62,9;7;16;2;;;1;1;1;;;1;1
8;5;16;45;45122;;1;1;CAMINO 281;0,35;10;17;2;;;8;1;1;;;1;3
10;6;5;45;45122;;1;1;A-42;61;3;4;2;;;1;4;1;;;1;1
10;5;20;45;45122;;1;1;CM-4006;10,2;6;10;1;2;;1;4;2;;;1;1
12;4;19;45;45122;;1;1;A-42;58;3;18;2;;;3;6;3;;;1;2
12;2;4;45;45122;;1;1;A-42;57;3;16;2;;;1;6;1;;;1;1
5;2;16;45;45123;;3;2;No inventariada;;9;2;2;;;1;1;1;;;1;998
6;1;17;45;45123;;1;1;A-4;52,623;3;18;2;;;1;1;1;;;1;1
7;3;13;45;45123;;1;1;A-4;54,1;3;4;2;;;1;1;1;;;1;1
7;7;15;45;45123;;1;1;A-4;53,5;3;18;2;;;1;1;7;;;1;1
8;4;17;45;45123;;1;1;A-4;54,25;3;18;2;;;1;1;1;;;1;1
9;4;1;45;45123;;1;1;A-4;52,11;3;12;2;;;3;6;4;;;5;1
10;6;16;45;45123;;1;1;A-4;56,197;3;16;2;;;1;1;1;;;1;1
10;3;16;45;45123;;1;1;A-4;53,5;3;2;1;2;;1;1;2;;;1;1
3;7;9;45;0;;1;1;N-401;103,797;6;4;2;;;1;1;1;;;1;1
8;3;17;45;0;;1;1;N-401;103,442;6;3;2;;;1;1;1;;;18;1
11;6;20;45;0;;1;1;N-401;106,2;8;14;1;12;CM-410;1;6;1;;;1;2
11;6;22;45;0;;1;1;CM-4022;2,205;6;7;2;;;1;6;1;;;1;1
6;4;5;45;0;;1;1;CM-5102;19,5;6;19;2;;;1;6;7;;;18;4
6;5;21;45;0;;1;1;CM-4100;4,8;6;8;2;;;1;6;1;;;1;1
7;3;10;45;0;;1;1;A-5;148,5;3;4;2;;;1;1;1;;;4;3
11;2;18;45;0;;3;2;No inventariada;;9;7;1;2;;1;4;1;;;1;998
12;6;20;45;0;;1;1;CM-5150;9,9;6;18;2;;;1;6;1;;;1;2
2;4;6;45;0;;1;1;A-5;87,176;3;12;2;;;1;6;1;;;1;1
9;7;21;45;0;;1;1;A-5;87;3;4;2;;;1;6;1;;;1;1
10;7;10;45;0;;1;1;CM-4015;2,9;6;1;2;;;1;1;1;;;2;3
10;6;12;45;0;;1;1;A-5;87,8;7;10;2;;;1;1;2;;;1;4
1;2;18;45;0;;1;1;CM-4004;16;6;3;1;1;;1;6;1;;;1;1
9;7;22;45;0;;1;1;CM-4004;15,7;6;15;2;;;1;6;1;;;1;1
12;1;6;45;0;;1;1;CM-41;18,909;3;4;2;;;1;6;1;;;1;1
3;5;8;45;0;;1;1;CM-43;5,15;3;4;2;;;3;1;2;;;1;1
7;3;14;45;0;;1;1;CM-43;3,4;3;16;2;;;1;1;1;;;1;2
9;7;14;45;0;;1;1;CM-4004;30,1;6;1;1;1;;1;1;1;;;1;1
2;5;5;45;0;;1;1;TO-1291;4,182;6;18;2;;;1;6;1;;;1;2
5;1;8;45;0;;1;1;TO-1291;5,3;5;16;2;;;1;1;1;;;1;2
8;6;13;45;0;;1;1;N-502;91,666;6;12;2;;;1;1;1;;;1;2
12;7;6;45;0;;1;1;TO-1291;2,2;6;14;2;;;1;6;1;;;1;2
1;3;12;45;0;;1;1;CM-5100;6,8;6;19;2;;;3;1;3;;;1;2
10;5;7;45;45165;;1;1;A-5;117,718;3;12;2;;;3;6;4;;;5;1
11;2;19;45;0;;3;2;No inventariada;;9;6;2;;;1;3;1;;;1;998
11;5;23;45;0;;1;1;CM-5100;6,5;6;2;1;2;TO-1275;1;6;1;;;1;1
12;6;16;45;0;;3;2;No inventariada;;9;6;2;;;1;1;1;;;1;998
2;5;7;45;0;;1;1;CM-401;13,239;6;15;1;4;CM-401a;1;6;1;;;1;1
5;1;12;45;0;;1;1;CM-401;24,4;6;4;2;;;1;1;1;;;1;1
3;5;13;45;0;;1;1;CM-4011;3,817;6;18;2;;;1;1;1;;1;1;1
11;6;13;45;0;;1;1;CM-4009;4,75;6;2;1;1;;1;1;1;;;3;1
3;5;12;45;0;;2;2;CM-410a;102,871;6;7;2;;;1;1;1;;;12;1
8;1;10;45;0;;3;2;No inventariada;;9;7;1;2;;1;1;1;;;1;998
8;1;18;45;0;;3;2;No inventariada;;9;2;1;1;;1;1;1;;;1;998
12;1;15;45;0;;1;1;CM-410;105,7;6;2;1;2;CM-410a;1;1;2;;;1;2
1;2;22;45;45136;;1;1;CM-4009;34,5;6;12;2;;;1;4;1;;;1;1
7;1;0;45;45136;;3;2;No inventariada;;9;2;2;;;1;4;1;;;1;998
7;6;17;45;0;;1;1;CM-4000;12,5;6;18;2;;;1;1;1;;;1;2
9;1;20;45;45136;;1;1;CM-4009;43,4;6;8;2;;;1;6;1;;;1;1
5;2;9;45;0;;3;2;No inventariada;;9;2;1;1;;1;1;1;;;2;998
7;2;15;45;0;;3;2;No inventariada;;9;2;1;1;;1;1;1;;;2;998
1;6;21;45;0;;1;1;TO-1198;1,869;6;15;2;;;1;6;1;;;1;1
10;7;17;45;0;;3;2;No inventariada;;9;9;2;;;1;1;1;;;1;998
6;6;16;45;0;;3;2;No inventariada;;9;16;1;2;;1;1;1;;;1;998
3;7;17;45;0;;1;1;CM-3012;19,8;6;14;2;;;1;1;1;;;1;2
4;6;13;45;0;;1;1;CM-3012;9,8;6;14;2;;;1;1;1;;;1;3
4;6;19;45;0;;1;1;N-301;127;6;16;2;;;1;6;1;;;1;1
5;1;8;45;0;;1;1;N-301;126,541;6;16;2;;;1;3;1;;;1;1
6;5;8;45;45142;;3;2;No inventariada;;9;2;1;1;;1;1;1;;;1;998
7;7;15;45;0;;1;1;AP-36;54,9;1;3;2;;;1;1;1;;;1;2
7;7;11;45;45142;;3;2;No inventariada;;9;4;2;;;1;1;1;;;1;998
8;6;9;45;45142;;1;1;N-301;117,9;6;19;2;;;1;1;1;;;1;1
10;4;9;45;45142;;3;2;No inventariada;;9;7;1;4;;1;1;1;;;1;998
10;5;14;45;45142;;3;2;No inventariada;;9;4;2;;;1;1;1;;;1;998
12;3;13;45;45142;;3;2;No inventariada;;9;2;1;2;;1;1;1;;;1;998
12;5;12;45;45142;;3;2;No inventariada;;9;2;1;4;;1;1;1;;;1;998
12;2;22;45;45142;;1;1;CM-3103;2,8;6;18;2;;;9;6;1;;;1;1
3;1;6;45;0;;1;1;A-5;55,7;3;5;2;;;3;6;3;;;18;1
6;6;18;45;0;;1;1;A-5;64,538;3;18;2;;;1;1;1;;;1;1
6;7;23;45;0;;1;1;A-5;65,2;3;12;2;;;1;6;1;;;1;1
6;7;6;45;45145;;1;1;TO-2515;9,5;6;4;2;;;1;2;1;;;1;1
7;7;23;45;45145;;3;2;No inventariada;;14;1;2;;;1;6;1;;;1;998
10;5;6;45;0;;1;1;TO-2323;3,496;6;4;2;;;1;6;1;;;1;1
12;1;17;45;45145;;3;2;No inventariada;;14;2;1;2;;1;1;1;;;1;998
8;2;14;45;0;;1;1;CM-4131;10,5;6;14;2;;;1;1;1;;;1;1
7;6;2;45;0;;1;1;N-403;18,9;6;18;2;;;1;6;1;;;1;1
9;1;19;45;0;;1;1;A-4;87,148;3;9;2;;;1;2;1;;;18;1
6;1;11;45;0;;1;1;CM-4009;47,2;6;18;2;;;1;1;1;;;1;1
4;4;21;45;0;;1;1;CM-4102;22,9;6;15;2;;;1;6;1;;;1;2
10;6;20;45;0;;1;1;CM-4102;25;6;19;2;;;8;6;1;;;1;1
7;7;12;45;0;;1;1;CAMINO 288;5;10;16;2;;;1;1;1;;;1;3
12;1;14;45;0;;3;2;No inventariada;;9;1;1;2;;1;1;1;;;2;998
8;5;20;45;0;;1;1;TO-1368;5,5;6;19;2;;;3;6;4;;;1;2
5;7;11;45;0;;3;2;No inventariada;;9;20;1;1;;1;1;1;;;1;998
10;2;16;45;0;;1;1;N-400;82;6;1;2;;;3;1;3;;;1;2
12;4;20;45;0;;1;1;TO-2581;6,436;6;18;2;;;1;6;1;;;1;1
3;6;20;45;0;;1;1;CM-4009;1,1;6;17;2;;;5;6;2;;;1;1
6;1;13;45;0;;1;1;CM-4009;5,2;6;20;2;;;1;1;1;;;1;2
8;5;1;45;0;;1;1;A-5;60,7;3;18;2;;;1;6;1;;;1;1
8;2;6;45;0;;1;1;A-5;55,9;3;18;2;;;1;6;1;;;1;1
8;2;15;45;0;;3;2;No inventariada;;9;7;1;2;;1;1;1;;;1;998
9;7;5;45;0;;1;1;CM-4009;2,6;6;12;2;;;1;6;1;;;1;1
10;3;8;45;0;;1;1;A-5;58,3;3;16;2;;;3;1;3;;;1;1
10;4;16;45;0;;3;2;No inventariada;;9;10;2;;;1;1;1;;;1;998
1;3;13;45;0;;1;1;A-5;80;3;18;2;;;3;1;2;;;1;1
3;1;14;45;0;;1;1;N-5a;82,5;6;16;2;;;3;1;2;;;1;1
6;1;8;45;0;;1;1;A-5;85,5;3;5;2;;;1;1;1;;;1;1
9;1;15;45;0;;3;2;No inventariada;;9;1;2;;;1;1;1;;;1;998
9;4;7;45;0;;1;1;A-5;80,963;3;4;2;;;1;1;1;;;1;1
12;6;3;45;0;;1;1;CM-4024;5;6;18;2;;;1;6;1;;;1;1
1;1;0;45;0;;1;1;CAMINO DE;0,5;10;16;2;;;1;6;1;;;1;1
2;1;7;45;45161;;1;1;M-305;0,9;5;2;1;2;M-307;1;6;1;;;1;1
2;5;15;45;45161;;1;1;A-4;38,9;3;3;2;;;3;1;4;;;1;2
3;7;0;45;45161;;1;1;R-4;22,245;1;1;2;;;3;4;3;;;1;2
3;6;15;45;45161;;3;2;No inventariada;;9;7;2;;;1;1;1;;;1;998
1;7;19;45;45161;;1;1;CM-4010;19,5;6;4;2;;;1;6;1;;;1;1
1;2;7;45;45161;;3;2;No inventariada;;9;7;2;;;1;3;1;;;1;998
1;1;18;45;45161;;3;2;No inventariada;;9;4;2;;;1;1;1;;;1;998
2;7;14;45;45161;;3;2;No inventariada;;9;18;2;;;2;1;1;;;1;998
3;4;20;45;45161;;1;1;CAMINO SES;31,992;10;1;2;;;1;6;1;;;1;3
3;3;16;45;45161;;1;1;A-4;37,535;3;12;2;;;3;1;4;;;1;2
3;5;14;45;45161;;1;1;A-4;37,583;3;12;2;;;3;1;4;;;1;2
4;3;14;45;45161;;1;1;CM-4010;16;6;4;2;;;1;1;1;;;1;1
5;1;17;45;45161;;1;1;M-305;1,416;5;10;2;;;1;1;1;;;1;1
5;1;11;45;45161;;1;1;A-4;35,1;3;16;2;;;1;1;1;;;1;1
5;2;12;45;45161;;1;1;A-4;36,63;3;4;2;;;1;1;1;;;1;1
6;7;14;45;45161;;1;1;A-4;36,061;3;4;2;;;1;1;1;;;1;1
6;6;17;45;45161;;1;1;A-4;37,741;3;14;2;;;3;1;3;;;1;2
6;1;18;45;45161;;1;1;CM-4010;15,9;6;5;2;;;1;1;1;;;1;1
2;4;16;45;45161;;3;2;No inventariada;;9;7;2;;;1;1;2;;;1;998
4;1;17;45;45161;;3;2;No inventariada;;9;4;2;;;1;1;1;;;1;998
4;4;17;45;45161;;3;2;No inventariada;;9;2;2;;;1;1;1;;;1;998
4;4;22;45;45161;;3;2;No inventariada;;9;7;2;;;1;4;1;;;18;998
4;3;20;45;45161;;3;2;No inventariada;;9;2;1;2;;1;2;1;;;1;998
4;7;14;45;45161;;1;1;CM-4010;19,5;6;4;2;;;1;1;1;;;1;1
7;7;14;45;45161;;1;1;M-305;0,1;5;18;2;;;1;1;1;;;1;2
5;5;20;45;45161;;3;2;No inventariada;;9;2;2;;;1;1;1;;;1;998
5;6;12;45;45161;;3;2;No inventariada;;9;9;2;;;1;1;1;;;1;998
6;1;15;45;45161;;3;2;No inventariada;;9;4;2;;;1;1;1;;;1;998
6;5;12;45;45161;;3;2;No inventariada;;9;2;1;2;;1;1;1;;;1;998
7;1;9;45;45161;;1;1;A-4;35,857;3;12;2;;;1;1;1;;;1;1
8;6;7;45;45161;;1;1;CM-4010;12,4;6;18;2;;;1;1;1;;;1;2
8;3;8;45;45161;;1;1;CM-4010;14,1;6;1;2;;;1;1;1;;;1;2
8;4;12;45;45161;;1;1;CM-4010;11,7;6;4;2;;;1;1;1;;;1;1
9;2;12;45;45161;;1;1;A-4;39,395;3;12;2;;;1;1;1;;;1;3
9;4;6;45;45161;;1;1;M-307;15,81;6;2;1;2;M-305;1;6;2;;;2;3
9;1;17;45;45161;;1;1;A-4;42,085;3;4;2;;;1;1;1;;;1;1
9;7;14;45;45161;;3;2;No inventariada;;9;7;2;;;1;1;1;;;1;998
6;7;8;45;45161;;3;2;No inventariada;;9;5;1;2;;1;1;1;;;18;998
8;5;21;45;45161;;3;2;No inventariada;;9;2;2;;;1;1;1;;;1;998
11;5;6;45;45161;;1;1;A-4;37,601;3;3;2;;;1;4;1;;;1;3
11;1;9;45;45161;;1;1;M-305;2,5;5;4;2;;;1;1;1;;;1;1
8;3;21;45;45161;;3;2;No inventariada;;9;10;2;;;1;2;1;;;1;998
11;5;19;45;45161;;3;2;No inventariada;;9;7;2;;;1;3;1;;;1;998
12;5;19;45;45161;;1;1;A-4;35,112;3;3;2;;;1;5;1;;;1;1
1;2;23;45;45163;;3;2;No inventariada;;9;16;1;4;CM-410;3;4;1;;;1;998
2;3;19;45;45163;;3;2;No inventariada;;9;2;1;4;;1;4;1;;;1;998
2;7;21;45;45163;;3;2;No inventariada;;9;2;1;1;;1;6;1;;;2;998
3;6;1;45;45163;;3;2;No inventariada;;14;12;2;;;2;6;1;;;1;998
4;6;14;45;45163;;1;1;CM-410;27;6;4;1;2;;1;1;1;;;1;1
8;4;8;45;0;;1;1;CM-4022;0,15;6;17;2;;;1;1;1;;;1;1
10;3;8;45;45163;;3;2;No inventariada;;9;2;2;;;1;1;2;;;2;998
1;4;22;45;45165;;1;1;N-502;105,438;6;12;1;2;TO-1287;1;6;1;;;1;1
1;4;12;45;45165;;3;2;No inventariada;;9;7;2;;;1;1;1;;;18;998
1;6;12;45;45165;;3;2;No inventariada;;9;3;1;2;;1;1;1;;;1;998
1;1;22;45;45165;;3;2;No inventariada;;9;1;1;1;;1;4;3;;;1;998
1;6;10;45;45165;;1;1;A-5;127,246;3;19;2;;;1;1;1;;;1;1
1;5;12;45;45165;;3;2;No inventariada;;9;7;1;1;;3;1;3;;;1;998
1;1;10;45;45165;;3;2;No inventariada;;9;3;1;4;;1;1;1;;;1;998
1;4;1;45;45165;;3;2;No inventariada;;9;20;2;;;3;4;1;;;16;998
1;2;12;45;45165;;3;2;No inventariada;;9;2;2;;;1;1;1;;;1;998
1;3;21;45;45165;;3;2;No inventariada;;9;7;2;;;3;4;1;;;1;998
1;1;15;45;45165;;1;1;CAMINO 203;3,3;10;4;1;2;;3;1;3;;;1;1
1;7;22;45;45165;;3;2;No inventariada;;9;3;1;2;;1;4;1;;;9;998
2;5;1;45;45165;;3;2;No inventariada;;9;6;2;;;1;4;1;;;1;998
1;6;10;45;45165;;1;1;A-5;125;3;4;2;;;1;1;1;;;1;1
2;5;11;45;45165;;3;2;No inventariada;;9;2;1;4;;1;1;1;;;1;998
2;4;21;45;45165;;3;2;No inventariada;;9;20;2;;;1;4;1;;;1;998
2;7;2;45;45165;;3;2;No inventariada;;9;2;1;4;;1;4;1;;;1;998
2;3;11;45;45165;;3;2;No inventariada;;9;7;2;;;3;1;3;;;1;998
2;4;12;45;45165;;3;2;No inventariada;;9;2;2;;;1;1;2;;;1;998
2;5;17;45;45165;;3;2;No inventariada;;9;7;2;;;3;1;2;;;1;998
2;5;13;45;45165;;3;2;No inventariada;;9;2;1;2;;3;1;3;;;1;998
2;7;7;45;45165;;3;2;No inventariada;;9;6;2;;;1;4;1;;;1;998
2;7;8;45;45165;;3;2;No inventariada;;9;6;2;;;1;1;1;;;1;998
2;2;19;45;45165;;3;2;No inventariada;;9;4;2;;;1;4;1;;;1;998
2;2;13;45;45165;;3;2;No inventariada;;9;9;2;;;1;1;1;;;1;998
2;4;13;45;45165;;3;2;No inventariada;;9;1;2;;;1;1;2;;;1;998
2;5;14;45;45165;;3;2;No inventariada;;9;5;2;;;1;1;1;;;1;998
2;6;18;45;45165;;3;2;No inventariada;;9;7;2;;;1;2;1;;;1;998
2;3;18;45;45165;;3;2;No inventariada;;9;7;2;;;1;1;1;;;1;998
2;3;18;45;45165;;3;2;No inventariada;;9;6;2;;;1;1;1;;;1;998
2;2;11;45;45165;;3;2;No inventariada;;9;20;2;;;1;1;1;;;1;998
2;4;13;45;45165;;3;2;No inventariada;;9;10;2;;;1;1;2;;;1;998
2;4;12;45;45165;;3;2;No inventariada;;9;2;2;;;1;1;1;;;1;998
3;3;9;45;45165;;3;2;No inventariada;;9;7;2;;;1;1;1;;;6;998
3;5;12;45;45165;;3;2;No inventariada;;9;2;2;;;1;1;1;;;1;998
3;2;11;45;45165;;3;2;No inventariada;;9;6;2;;;1;1;1;;;1;998
3;5;13;45;45165;;3;2;No inventariada;;9;2;1;2;;1;1;1;;;2;998
3;7;11;45;45165;;3;2;No inventariada;;9;4;2;;;1;1;1;;;1;998
3;7;7;45;45165;;3;2;No inventariada;;9;5;2;;;1;1;1;;;1;998
3;7;10;45;45165;;1;1;CM-9427;1;6;16;2;;;1;1;1;;;1;1
3;2;9;45;45165;;3;2;No inventariada;;9;2;1;1;;1;1;1;;;9;998
3;7;8;45;45165;;3;2;No inventariada;;9;12;2;;;1;1;1;;;1;998
3;1;12;45;45165;;3;2;No inventariada;;9;4;2;;;1;1;1;;;1;998
3;5;8;45;45165;;3;2;No inventariada;;9;5;1;4;;1;2;1;;;1;998
4;1;12;45;45165;;3;2;No inventariada;;9;4;2;;;1;1;2;;;1;998
3;7;21;45;45165;;3;2;No inventariada;;9;1;2;;;3;4;2;;;1;998
3;7;18;45;45165;;3;2;No inventariada;;9;6;2;;;3;1;2;;;1;998
4;5;14;45;45165;;3;2;No inventariada;;9;10;2;;;1;1;1;;;1;998
4;2;19;45;45165;;3;2;No inventariada;;9;1;1;1;;1;1;1;;;1;998
4;3;8;45;45165;;3;2;No inventariada;;9;7;2;;;1;1;1;;;1;998
4;4;13;45;45165;;3;2;No inventariada;;9;7;1;1;;1;1;1;;;1;998
4;5;16;45;45165;;3;2;No inventariada;;9;3;2;;;1;1;1;;;1;998
4;6;1;45;45165;;1;1;N-5a;111,6;6;7;2;;;1;6;1;;;1;1
4;5;9;45;45165;;3;2;No inventariada;;9;7;2;;;1;1;1;;;12;998
4;7;20;45;45165;;3;2;No inventariada;;9;7;2;;;1;1;1;;;6;998
4;7;13;45;45165;;3;2;No inventariada;;9;2;1;1;;1;1;1;;;2;998
4;3;15;45;45165;;1;1;A-5;121,8;3;4;2;;;1;1;1;;;1;3
4;4;16;45;45165;;3;2;No inventariada;;9;4;2;;;1;1;1;;;1;998
4;1;18;45;45165;;3;2;No inventariada;;9;7;2;;;1;1;1;;;1;998
4;1;14;45;45165;;3;2;No inventariada;;9;2;1;4;;1;1;1;;;1;998
4;3;20;45;45165;;3;2;No inventariada;;9;7;1;2;;1;1;1;;;2;998
4;6;10;45;45165;;3;2;No inventariada;;9;7;2;;;3;1;3;;;1;998
4;5;20;45;45165;;3;2;No inventariada;;9;4;2;;;1;1;2;;;1;998
4;7;8;45;45165;;3;2;No inventariada;;9;2;1;2;;1;1;1;;;1;998
4;7;20;45;45165;;3;2;No inventariada;;9;4;2;;;1;1;1;;;1;998
5;7;15;45;45165;;3;2;No inventariada;;9;7;2;;;1;1;1;;;1;998
5;5;19;45;45165;;3;2;No inventariada;;9;4;2;;;1;1;1;;;1;998
4;1;13;45;45165;;3;2;No inventariada;;9;4;2;;;1;1;1;;;1;998
5;3;16;45;45165;;3;2;No inventariada;;9;4;2;;;1;1;1;;;1;998
5;2;11;45;45165;;3;2;No inventariada;;9;4;2;;;1;1;1;;;1;998
5;1;14;45;45165;;3;2;No inventariada;;9;2;2;;;1;1;1;;;1;998
5;2;8;45;45165;;3;2;No inventariada;;9;7;2;;;1;1;1;;;6;998
5;4;8;45;45165;;3;2;No inventariada;;9;7;2;;;1;1;1;;;1;998
5;4;20;45;45165;;3;2;No inventariada;;9;4;2;;;1;1;1;;;1;998
5;1;8;45;45165;;3;2;No inventariada;;9;2;1;1;;1;1;1;;;1;998
5;1;19;45;45165;;3;2;No inventariada;;9;7;2;;;1;1;1;;;1;998
5;5;15;45;45165;;3;2;No inventariada;;9;10;2;;;1;1;1;;;1;998