MES;DIA_SEMANA;HORA;COD_PROVINCIA;COD_MUNICIPIO;ISLA;ZONA;ZONA_AGRUPADA;CARRETERA;KM;TIPO_VIA;TIPO_ACCIDENTE;NUDO;NUDO_INFO;CARRETERA_CRUCE;CONDICION_FIRME;CONDICION_ILUMINACION;CONDICION_METEO;CONDICION_NIEBLA;CONDICION_VIENTO;VISIB_RESTRINGIDA_POR;TRAZADO_PLANTA
5;7;23;45;45165;;3;2;No inventariada;;9;2;2;;;1;6;1;;;1;998
5;1;8;45;45165;;3;2;No inventariada;;9;4;1;2;;1;1;1;;;1;998
5;1;17;45;45165;;3;2;No inventariada;;9;2;2;;;1;1;1;;;1;998
5;4;19;45;45165;;3;2;No inventariada;;9;7;2;;;1;1;1;;;6;998
5;2;16;45;45165;;3;2;No inventariada;;9;4;2;;;1;1;1;;;1;998
5;5;20;45;45165;;3;2;No inventariada;;9;10;2;;;1;1;1;;;1;998
6;1;14;45;45165;;3;2;No inventariada;;9;2;2;;;1;1;1;;;1;998
6;2;13;45;45165;;1;1;CM-4101;4,95;6;18;2;;;1;1;1;;;1;1
6;5;12;45;45165;;3;2;No inventariada;;9;2;1;1;;1;1;1;;;1;998
6;1;17;45;45165;;3;2;No inventariada;;9;4;2;;;1;1;1;;;1;998
6;1;10;45;45165;;1;1;N-5a;111,5;6;6;2;;;3;1;4;;;1;1
6;6;12;45;45165;;3;2;No inventariada;;9;4;2;;;1;1;1;;;1;998
6;6;17;45;45165;;3;2;No inventariada;;9;6;2;;;1;1;1;;;1;998
6;1;15;45;45165;;3;2;No inventariada;;9;2;2;;;1;1;1;;;1;998
6;5;12;45;45165;;1;1;N-502;123,3;6;14;2;;;1;1;1;;;1;1
6;5;13;45;45165;;3;2;No inventariada;;9;4;2;;;1;1;2;;;1;998
7;1;12;45;45165;;3;2;No inventariada;;9;3;2;;;1;1;1;;;1;998
7;5;15;45;45165;;3;2;No inventariada;;9;3;1;4;;1;1;1;;;1;998
7;5;21;45;45165;;3;2;No inventariada;;9;3;2;;;1;1;1;;;1;998
7;5;13;45;45165;;1;1;A-5;117,4;3;4;2;;;1;1;1;;;1;1
7;3;7;45;45165;;3;2;No inventariada;;9;2;1;4;;1;1;1;;;1;998
7;5;17;45;45165;;3;2;No inventariada;;9;7;2;;;1;1;1;;;1;998
7;1;1;45;45165;;1;1;CM-4132;3;6;8;2;;;1;6;1;;;18;2
7;3;11;45;45165;;3;2;No inventariada;;9;7;2;;;1;1;1;;;9;998
7;5;13;45;45165;;3;2;No inventariada;;9;7;2;;;1;1;1;;;1;998
7;6;16;45;45165;;3;2;No inventariada;;9;2;2;;;1;1;1;;;9;998
7;3;19;45;45165;;3;2;No inventariada;;9;7;2;;;1;1;1;;;1;998
7;6;12;45;45165;;3;2;No inventariada;;9;4;2;;;1;1;1;;;1;998
7;1;14;45;45165;;3;2;No inventariada;;9;4;2;;;1;1;1;;;1;998
7;3;8;45;45165;;3;2;No inventariada;;9;2;2;;;1;1;1;;;1;998
7;5;21;45;45165;;3;2;No inventariada;;9;3;1;4;;1;2;1;;;18;998
7;2;19;45;45165;;1;1;CM-4101;4,375;6;4;1;2;;1;1;1;;;1;1
8;4;15;45;45165;;3;2;No inventariada;;9;2;2;;;1;1;1;;;1;998
8;1;19;45;45165;;3;2;No inventariada;;9;4;2;;;1;1;1;;;1;998
8;4;11;45;45165;;3;2;No inventariada;;9;4;2;;;1;1;1;;;1;998
8;6;11;45;45165;;3;2;No inventariada;;9;4;1;4;;1;1;1;;;1;998
8;4;10;45;45165;;3;2;No inventariada;;9;3;2;;;1;1;1;;;1;998
8;6;13;45;45165;;3;2;No inventariada;;9;10;2;;;8;1;1;;;1;998
8;4;14;45;45165;;3;2;No inventariada;;9;10;2;;;7;4;1;;;1;998
8;2;7;45;45165;;3;2;No inventariada;;9;7;2;;;1;3;1;;;18;998
8;1;15;45;45165;;3;2;No inventariada;;9;7;2;;;1;1;1;;;1;998
8;2;15;45;45165;;3;2;No inventariada;;9;3;2;;;1;1;1;;;1;998
8;5;19;45;45165;;3;2;No inventariada;;9;10;2;;;1;1;1;;;1;998
8;4;14;45;45165;;3;2;No inventariada;;9;2;1;4;;1;1;1;;;1;998
8;6;4;45;45165;;1;1;CAMINO LOS;0,5;10;13;2;;;1;6;1;;;1;1
8;2;13;45;45165;;3;2;No inventariada;;9;6;1;4;;1;1;1;;;1;998
8;3;10;45;45165;;1;1;CM-4000;61,95;6;2;1;2;;1;1;1;;;1;1
9;4;21;45;45165;;3;2;No inventariada;;9;3;1;4;;1;4;1;;;1;998
9;3;22;45;45165;;3;2;No inventariada;;9;4;2;;;1;4;1;;;1;998
9;6;11;45;45165;;3;2;No inventariada;;9;7;2;;;1;1;1;;;1;998
9;7;21;45;45165;;3;2;No inventariada;;9;2;1;4;;1;4;1;;;1;998
9;3;19;45;45165;;3;2;No inventariada;;9;4;2;;;1;1;1;;;1;998
9;6;23;45;45165;;3;2;No inventariada;;9;7;2;;;1;4;1;;;1;998
9;2;18;45;45165;;3;2;No inventariada;;9;7;2;;;1;1;1;;;1;998
9;4;12;45;45165;;3;2;No inventariada;;9;2;1;1;;1;1;1;;;1;998
9;4;1;45;45165;;3;2;No inventariada;;9;6;2;;;1;4;1;;;1;998
9;4;14;45;45165;;3;2;No inventariada;;9;7;2;;;3;1;3;;;1;998
9;6;12;45;45165;;3;2;No inventariada;;9;4;2;;;1;1;1;;;1;998
9;1;21;45;45165;;3;2;No inventariada;;9;3;1;4;;1;4;1;;;1;998
10;3;20;45;45165;;3;2;No inventariada;;9;3;1;4;;1;4;1;;;1;998
10;3;21;45;45165;;3;2;No inventariada;;9;16;2;;;1;4;1;;;1;998
10;5;14;45;45165;;3;2;No inventariada;;9;4;2;;;1;1;1;;;1;998
10;5;13;45;45165;;1;1;CM-4132;0,72;6;2;1;2;;1;1;1;;;1;1
10;4;7;45;45165;;3;2;No inventariada;;9;7;1;1;;1;4;1;;;1;998
10;2;21;45;45165;;3;2;No inventariada;;9;2;1;1;;3;4;2;;;9;998
10;5;15;45;45165;;3;2;No inventariada;;9;2;2;;;1;6;1;;;1;998
10;3;11;45;45165;;3;2;No inventariada;;9;2;2;;;1;1;1;;;1;998
10;2;14;45;45165;;1;1;CM-5001;3;6;19;2;;;1;1;2;;;1;2
10;3;14;45;45165;;3;2;No inventariada;;9;5;2;;;1;1;1;;;1;998
10;1;7;45;45165;;3;2;No inventariada;;9;7;2;;;1;3;2;;;1;998
11;1;14;45;45165;;3;2;No inventariada;;9;10;2;;;1;1;1;;;1;998
11;1;13;45;45165;;3;2;No inventariada;;9;3;1;4;;1;1;1;;;1;998
11;2;18;45;45165;;3;2;No inventariada;;9;3;1;4;;1;4;1;;;1;998
11;4;18;45;45165;;1;1;CM-4132;2;6;2;1;2;A-5;1;6;2;;;1;1
11;4;18;45;45165;;3;2;No inventariada;;14;7;2;;;1;2;1;;;1;998
11;5;5;45;45165;;3;2;No inventariada;;9;6;1;4;;3;4;2;;;1;998
11;6;22;45;45165;;1;1;CM-4000;65,1;6;14;2;;;1;6;1;;;1;2
11;6;22;45;45165;;3;2;No inventariada;;9;6;2;;;1;4;2;;;1;998
11;7;3;45;45165;;3;2;No inventariada;;9;9;2;;;1;4;1;;;1;998
11;3;3;45;45165;;3;2;No inventariada;;9;16;2;;;1;4;1;1;;1;998
11;2;20;45;45165;;3;2;No inventariada;;9;2;1;4;;1;4;1;;;1;998
11;2;19;45;45165;;3;2;No inventariada;;9;4;2;;;1;4;1;;;1;998
12;1;14;45;45165;;3;2;No inventariada;;9;1;2;;;1;1;2;;;1;998
12;5;8;45;45165;;1;1;N-502;104,6;6;18;2;;;1;1;1;;;1;2
12;5;11;45;45165;;3;2;No inventariada;;9;4;2;;;1;1;1;;;1;998
12;5;12;45;45165;;3;2;No inventariada;;9;7;2;;;7;1;1;;;1;998
12;2;9;45;45165;;3;2;No inventariada;;9;7;1;2;;1;1;1;;;1;998
12;1;13;45;45165;;3;2;No inventariada;;9;7;1;1;;1;1;1;;;1;998
11;5;18;45;45165;;3;2;No inventariada;;9;4;2;;;1;4;1;;;1;998
12;6;22;45;45165;;1;1;N-502;120;6;9;1;4;;3;6;1;;;1;2
9;7;10;45;45165;;3;2;No inventariada;;9;2;2;;;1;1;1;1;;1;998
12;3;16;45;45165;;3;2;No inventariada;;9;2;1;4;;1;1;1;;;1;998
12;1;0;45;45165;;3;2;No inventariada;;9;2;1;1;;1;4;1;;;1;998
12;7;5;45;45165;;3;2;No inventariada;;9;6;1;4;;1;4;1;;;1;998
12;5;15;45;45165;;3;2;No inventariada;;9;4;2;;;1;1;1;;;1;998
12;2;15;45;45165;;3;2;No inventariada;;9;10;2;;;3;5;1;;;1;998
12;2;20;45;45165;;3;2;No inventariada;;9;20;2;;;1;4;1;;;1;998
12;4;17;45;45165;;3;2;No inventariada;;9;4;2;;;1;2;1;;;1;998
12;5;13;45;45165;;3;2;No inventariada;;9;7;2;;;1;1;1;;;1;998
12;6;10;45;45165;;3;2;No inventariada;;9;6;2;;;1;1;1;;;1;998
12;1;18;45;45165;;3;2;No inventariada;;9;2;1;4;;1;4;1;;;1;998
4;5;12;45;0;;1;1;CM-4056;1,3;6;19;2;;;1;1;1;;;1;1
4;3;8;45;0;;1;1;A-4;90,05;3;4;2;;;1;3;1;;;1;1
5;1;9;45;0;;1;1;A-4;93,773;7;1;2;;;2;1;1;;;12;3
8;2;12;45;0;;1;1;CM-4056;1,987;6;18;2;;;1;6;1;;;1;1
8;6;3;45;0;;1;1;A-4;93,7;3;18;2;;;1;6;1;;;1;1
9;7;16;45;0;;1;1;A-4;103,111;3;12;2;;;1;1;1;;;1;2
9;1;0;45;0;;1;1;A-4;98,6;3;4;2;;;1;6;1;;;1;1
9;5;21;45;0;;1;1;A-4;104,5;3;4;2;;;1;5;1;;;1;1
9;5;18;45;0;;1;1;A-4;103,75;3;5;2;;;1;1;1;;;4;1
12;5;10;45;0;;1;1;CM-410;73,2;6;4;2;;;3;1;2;;;1;1
1;1;7;45;45168;;1;1;CM-4000;7;6;18;2;;;3;5;4;;;5;2
1;4;15;45;45168;;1;1;TO-23;2,8;5;4;2;;;1;1;1;;;1;1
1;4;8;45;45168;;1;1;A-42;70;3;5;2;;;1;1;2;;;1;3
1;4;19;45;45168;;1;1;TO-23;1,5;5;5;2;;;3;6;3;;;1;1
1;3;20;45;45168;;1;1;TO-20;0,6;5;4;1;10;TO-20;1;6;1;;;1;1
2;6;4;45;45168;;1;1;CM-4013;3,5;6;12;2;;;1;6;1;;;1;1
2;1;7;45;45168;;1;1;A-42;71;3;4;2;;;1;6;1;;;1;1
2;4;8;45;45168;;1;1;TO-23;1,3;5;5;2;;;1;1;2;;;1;1
3;2;7;45;45168;;1;1;TO-23;1,25;5;10;2;;;1;2;1;;;1;1
3;1;8;45;45168;;1;1;TO-23;1,2;5;4;2;;;1;1;1;;;1;1
3;1;14;45;45168;;1;1;TO-22;8,7;3;14;2;;;1;1;2;;;1;1
3;2;6;45;45168;;1;1;TO-23;6,2;5;12;1;4;;1;4;1;;;1;1
4;2;7;45;45168;;1;1;A-42;76,018;3;4;2;;;1;6;1;;;1;1
4;2;8;45;45168;;1;1;A-42;70,546;3;4;2;;;1;1;1;;;1;3
5;5;12;45;45168;;1;1;TO-23;3,2;5;4;1;4;;1;1;1;;;1;1
5;5;18;45;45168;;1;1;A-42;71,252;3;4;2;;;1;1;1;;;1;1
5;3;9;45;45168;;1;1;TO-23;4,3;5;3;1;4;;1;1;1;;;1;2
6;4;18;45;45168;;1;1;A-42;63,8;3;12;2;;;1;1;1;;;1;1
6;4;20;45;45168;;1;1;CM-4013;3,972;5;3;1;1;;1;1;1;;;1;1
7;1;19;45;45168;;1;1;CM-40;23,4;3;14;1;12;CM-42;1;1;1;;;1;2
7;5;15;45;45168;;1;1;A-42;65;8;12;2;;;1;1;1;;;1;2
7;5;17;45;45168;;1;1;A-42;67,65;3;3;2;;;1;1;1;;;1;3
7;3;14;45;45168;;1;1;A-42;73;3;5;2;;;1;1;1;;;1;1
8;3;0;45;45168;;1;1;TO-23;4,35;5;2;1;4;;1;6;1;;;1;1
8;5;6;45;45168;;1;1;N-400;9,25;6;18;2;;;1;6;1;;;1;1
8;6;9;45;0;;1;1;CM-42;1,7;3;18;2;;;1;1;2;;;1;1
9;1;22;45;45168;;1;1;N-400;9,25;6;1;2;;;1;6;1;;;1;1
9;2;22;45;45168;;1;1;CM-4013;2;6;2;1;4;CM-401;1;6;1;;;1;2
9;7;19;45;45168;;1;1;CM-4001;5,1;6;18;2;;;1;1;1;;;1;1
9;2;14;45;45168;;1;1;A-42;71,948;3;4;2;;;1;1;1;;;1;1
9;4;11;45;45168;;1;1;TO-23;4,414;5;2;1;4;;1;1;1;;;1;2
9;5;15;45;45168;;1;1;A-42;65,8;3;4;2;;;1;1;1;;;1;1
10;2;18;45;45168;;1;1;CM-401;6,2;6;4;2;;;1;1;1;;;1;1
10;6;10;45;45168;;1;1;CM-401;5;6;4;2;;;1;1;1;;;1;1
10;5;8;45;45168;;1;1;TO-23;3,7;5;10;1;4;;1;1;1;;;1;2
10;6;15;45;45168;;1;1;TO-21;5,6;3;12;2;;;3;1;2;;;1;3
10;3;13;45;45168;;1;1;A-42;67,4;3;2;2;;;1;1;1;;;1;1
10;3;11;45;45168;;1;1;A-42;71;3;4;2;;;1;1;1;;;1;1
10;2;7;45;45168;;1;1;A-42;65,7;3;4;2;;;3;1;3;;;1;1
11;7;19;45;45168;;1;1;A-42;75,6;3;4;1;10;CM-4059;1;6;1;;;1;1
11;1;20;45;45168;;1;1;TO-21;5,69;3;12;1;4;;1;6;1;;;1;3
11;3;23;45;45168;;1;1;TO-23;5,3;5;7;2;;;1;5;1;;;17;1
11;3;6;45;45168;;1;1;A-42;72,6;3;3;2;;;1;5;1;2;;5;1
11;4;10;45;45168;;1;1;TO-3100;1,227;6;2;1;2;TO-3100;1;1;1;;;1;1
11;5;23;45;45168;;1;1;A-42;66,889;3;4;2;;;1;6;1;;;1;1
12;1;12;45;45168;;1;1;A-42;71,5;3;2;2;;;1;1;1;;;1;1
12;1;16;45;45168;;1;1;CM-42;1,3;3;4;2;;;1;1;1;;;1;1
12;1;11;45;45168;;1;1;CM-4000;4,591;8;2;1;4;CM-40;1;1;1;;;1;2
6;5;18;45;0;;1;1;A-5;145,15;3;18;2;;;1;1;1;;;1;3
6;3;19;45;0;;1;1;A-5;145,942;3;4;2;;;3;1;3;;;5;1
8;4;11;45;0;;1;1;A-5;145,5;3;14;2;;;1;1;1;;;1;1
1;1;17;45;0;;1;1;A-5;54,6;3;18;2;;;1;1;1;;;1;3
1;7;18;45;0;;1;1;TO-1742;2,936;6;12;2;;;1;1;1;;;1;1
6;3;22;45;0;;1;1;A-5;54,35;3;6;2;;;1;6;2;;;1;1
7;3;16;45;0;;1;1;A-5;53,4;3;18;2;;;1;1;1;;;1;1
9;1;6;45;0;;1;1;A-5;51,3;3;4;2;;;1;6;1;;;1;1
10;1;20;45;45099;;1;1;CM-5004;1,9;6;2;1;5;;1;6;1;;;1;1
11;7;14;45;0;;1;1;A-5;53,751;3;12;2;;;1;1;1;;;1;1
2;5;15;45;45173;;1;1;TO-1028;0,4;6;4;2;;;3;1;3;;;1;1
2;3;16;45;45173;;1;1;TO-3927;0,8;6;2;2;;;1;1;2;;;1;1
2;1;9;45;45173;;1;1;TO-3927;0,213;6;20;1;4;TO-3127;1;1;1;;;1;1
6;7;18;45;45173;;1;1;TO-1029;2,05;6;18;2;;;1;1;1;;;1;2
8;7;10;45;0;;1;1;TO-1028;10,8;6;4;1;1;;1;1;1;;;1;1
9;2;20;45;0;;1;1;TO-1029;2,15;6;1;2;;;1;1;1;;;1;1
9;6;23;45;45173;;1;1;N-403a;26,3;6;14;1;4;A-40;1;6;1;;;1;3
12;7;6;45;45173;;1;1;TO-1029;2,054;6;18;2;;;1;6;7;;;8;2
6;2;19;45;0;;1;1;CM-42;42,571;3;12;2;;;1;1;2;;;1;1
8;7;19;45;45176;;1;1;CM-4008;4;6;15;1;4;;1;1;1;;;1;1
10;5;18;45;45176;;1;1;CM-4008;4,6;6;7;1;1;;1;1;2;;;12;2
2;3;16;45;0;;1;1;TO-3268;9,8;6;10;2;;;1;1;1;;;4;2
8;6;16;45;45200;;1;1;N-401;133,6;6;15;2;;;1;1;1;;;1;1
9;3;14;45;0;;1;1;N-401;138,1;6;18;2;;;1;1;2;;;1;1
10;5;15;45;0;;1;1;N-401;140,4;6;16;2;;;1;1;1;;;1;1
10;4;18;45;0;;1;1;CM-4116;12,8;6;7;2;;;3;6;2;;;8;1
11;1;14;45;0;;1;1;N-401;149;6;16;2;;;1;1;1;;;1;2
12;2;10;45;0;;1;1;N-401;139,118;6;14;2;;;3;1;2;1;;1;2
1;3;17;45;0;;1;1;CM-5007;15,545;6;18;2;;;3;1;3;;;1;2
2;7;2;45;0;;1;1;A-5;45,75;3;4;2;;;1;6;1;;;1;1
2;4;20;45;0;;1;1;A-5;45,34;8;16;2;;;3;6;3;;;1;2
3;7;15;45;0;;1;1;CM-5007;13,6;6;18;2;;;1;1;2;;;1;2
4;1;1;45;0;;1;1;A-5;42,6;3;18;2;;;1;6;1;;;1;1
5;2;17;45;0;;1;1;A-5;43,9;3;5;2;;;1;1;1;;;1;1
7;7;17;45;0;;3;2;No inventariada;;9;1;1;4;;1;1;1;;;1;998
9;4;18;45;0;;1;1;A-5;42,3;3;18;2;;;3;1;4;;;5;2
9;6;19;45;0;;1;1;CM-5007;13,95;6;4;1;2;;1;1;1;;;1;2
4;3;19;45;0;;1;1;N-502;92,1;6;12;2;;;1;1;1;;;1;2
7;2;1;45;0;;1;1;N-502;94,5;6;18;2;;;1;6;1;;;1;2
9;6;14;45;0;;1;1;TO-1291;0,3;6;19;2;;;1;1;1;;;1;1
10;7;6;45;0;;3;2;No inventariada;;9;1;2;;;1;4;1;;;1;998
11;1;10;45;0;;1;1;N-502;98,256;5;16;2;;;1;1;2;;;1;1
8;7;12;45;0;;1;1;CM-403;19,608;6;15;2;;;1;1;1;;;18;2
9;2;23;45;0;;1;1;CM-403;18,2;6;15;2;;;1;6;1;;;1;1
9;7;22;45;0;;1;1;TO-3638;4,5;6;16;2;;;1;6;1;;;1;1
6;7;17;45;0;;1;1;A-5;52,2;3;16;2;;;1;1;1;;;1;2
10;7;19;45;0;;1;1;CM-4003;32,5;6;4;2;;;1;6;1;;;1;1
12;5;14;45;0;;1;1;CM-4003;34,5;6;18;2;;;1;1;1;;;1;1
4;2;16;45;0;;1;1;CM-5102;2,8;6;15;2;;;1;1;1;;;1;1
5;2;10;45;45185;;1;1;CM-410;88,545;6;16;2;;;1;1;1;;;1;1
7;7;9;45;45185;;3;2;No inventariada;;9;;;;;999;999;999;;;999;998
9;5;17;45;45185;;1;1;TO-3077;0,99;6;16;2;;;1;1;1;;;1;1
9;2;15;45;45185;;1;1;CM-410;80,8;6;19;2;;;1;1;2;;;1;2
12;3;13;45;45185;;3;2;No inventariada;;9;7;;;;1;1;1;;;999;998
12;7;5;45;0;;1;1;CM-3001;39,5;6;12;2;;;1;6;1;;;1;1
7;2;18;45;0;;1;1;CM-410;97;6;3;2;;;1;1;1;;;1;1
8;1;9;45;0;;1;1;CM-410;98,5;6;16;2;;;1;1;1;;;1;1
3;6;21;45;0;;2;2;CM-4133;25;6;7;2;;;3;4;1;;;1;1
6;6;11;45;0;;1;1;TO-3077;15,5;6;19;2;;;1;1;1;;;1;1
6;3;12;45;0;;1;1;A-42;49,721;3;16;2;;;1;1;1;;;1;1
8;1;17;45;0;;1;1;TO-2323;3,5;6;16;2;;;1;1;1;;;1;1
9;7;6;45;45203;;1;1;A-42;45,298;3;18;2;;;1;6;1;;;1;2
4;7;20;45;0;;3;2;No inventariada;;9;2;1;1;;1;1;1;;;1;998
6;1;8;45;0;;1;1;CM-4011;19,373;6;18;2;;;3;1;3;;;1;1
6;1;19;45;0;;1;1;CM-4011;19,5;6;5;1;2;;1;1;1;;;1;1
12;2;12;45;0;;3;2;No inventariada;;9;7;2;;;1;1;1;;;1;998
12;6;8;45;0;;1;1;TO-2628;4,9;6;19;2;;;1;2;1;1;;1;1
7;3;10;45;0;;3;2;No inventariada;;9;12;1;1;;1;1;1;;;1;998
4;3;6;45;0;;1;1;TO-2628;7,5;6;16;2;;;1;6;1;;;1;1
10;3;6;45;0;;1;1;CM-4001;18,9;6;1;2;;;1;6;1;;;1;1
5;5;0;45;0;;1;1;TO-2628;5;6;16;1;4;TO-2628;1;6;1;;;1;2
5;4;12;45;0;;1;1;N-301;77,1;6;1;2;;;1;1;1;;;1;2
10;4;13;45;0;;1;1;AP-36;21,704;1;14;2;;;1;1;1;;;1;2
11;3;13;45;0;;1;1;N-301;88,65;6;14;2;;;3;1;3;;;1;2
1;3;10;45;45199;;1;1;CM-41;11,65;3;4;2;;;3;2;3;;;1;1
3;4;14;45;45199;;1;1;CM-4004;9,7;6;14;2;;;3;1;3;;;1;1
8;3;16;45;45199;;1;1;TO-1927;22,234;6;4;2;;;1;1;1;;;1;1
9;1;7;45;45199;;1;1;CM-41;11,313;3;4;2;;;1;1;1;;;1;1
12;4;0;45;45199;;3;2;No inventariada;;9;12;2;;;1;4;1;;;1;998
1;7;19;45;45200;;1;1;CM-4017;12,557;6;19;2;;;3;6;2;;;1;1
2;2;12;45;45200;;1;1;CM-4025;1,2;6;2;1;2;CM-4017;1;1;1;;;1;1
6;5;8;45;45053;;1;1;CM-4025;6,684;6;2;2;;;1;1;1;;;1;1
9;2;13;45;0;;1;1;N-401;136,261;6;19;2;;;1;1;1;;;1;1
9;7;19;45;45200;;1;1;N-401;113,4;6;2;2;;;1;1;1;;;1;1
8;1;16;45;45200;;3;2;No inventariada;;9;3;1;2;;1;1;1;;;1;998
11;6;10;45;45200;;1;1;N-401;134,2;6;3;1;1;;1;1;1;;;1;1
3;1;6;45;45201;;1;1;CM-4010;2,1;6;3;1;4;;3;5;3;;;1;1
6;4;6;45;45201;;1;1;CM-4010a;4,955;6;16;2;;;1;3;1;;;1;1
9;1;8;45;45081;;1;1;CM-4010;0,8;6;2;1;2;A-42;1;1;1;;;1;3
11;3;15;45;45201;;1;1;CM-4010;2;6;4;2;;;1;1;1;;;1;1
11;3;13;45;45201;;1;1;CM-4010;3,2;6;2;1;2;;1;1;1;;;1;1
12;2;20;45;45201;;3;2;No inventariada;;9;2;2;;;1;4;1;;;1;998
10;5;7;45;45202;;1;1;CM-4004;46,2;6;2;1;1;;1;2;1;;;1;1
1;7;18;45;45203;;3;2;No inventariada;;9;7;2;;;9;1;1;;;18;998
11;7;22;45;45203;;1;1;A-42;45,5;3;17;2;;;1;6;1;;;1;2
11;2;21;45;45203;;1;1;A-42;46;8;12;1;12;;1;6;1;;;1;3
1;1;7;45;45205;;3;2;No inventariada;;9;7;2;;;3;4;3;;;5;998
4;1;19;45;45205;;1;1;A-42;40;3;4;2;;;3;1;7;;;1;1
4;5;14;45;45205;;1;1;CAMINO 289;0;10;12;2;;;2;1;1;;;1;1
4;7;22;45;45205;;1;1;A-42;40,416;3;16;2;;;1;6;1;;;1;1
4;6;4;45;45203;;1;1;A-42;45,2;3;15;2;;;3;6;3;;;1;3
4;6;19;45;45203;;1;1;A-42;43,05;3;5;2;;;1;1;1;;;1;1
7;5;23;45;45205;;1;1;A-42;40,8;3;16;2;;;1;5;1;;;1;1
11;5;20;45;45205;;1;1;A-42;39;3;4;2;;;1;6;1;;;1;1
4;6;21;45;0;;1;1;TO-1232;1;6;16;2;;;1;6;1;;;1;2
7;2;10;45;0;;1;1;N-403;37,58;6;4;1;2;N-403;1;1;1;;;1;1
8;3;8;45;0;;1;1;A-40;90,704;3;12;2;;;1;1;1;;;1;1
11;2;8;45;0;;1;1;A-40;95,3;3;4;2;;;1;1;1;;;1;1
7;4;16;46;0;;1;1;N-330;269,65;8;14;1;2;N-330a;1;1;1;;;1;2
1;2;18;46;0;;2;2;CV-685;3,454;5;2;2;;;1;4;1;;;1;1
4;7;11;46;0;;1;1;A-7;428,8;3;3;2;;;1;1;1;;;1;2
6;6;22;46;0;;3;2;No inventariada;;9;19;2;;;1;4;1;;;1;998
3;4;2;46;0;;1;1;A-7;415,8;3;18;2;;;1;6;1;;;1;1
4;5;8;46;0;;1;1;CV-81;0,72;5;17;1;4;;1;1;1;;;1;1
5;6;14;46;0;;1;1;A-7;419,2;8;14;1;10;;1;1;1;;;4;2
6;4;11;46;0;;1;1;A-7;416,091;7;10;2;;;1;1;1;;;1;1
7;4;15;46;0;;1;1;A-7;422,235;3;4;2;;;1;1;1;;;1;1
1;6;21;46;46005;;3;2;No inventariada;;9;10;1;1;;1;4;1;;;18;998
1;1;9;46;46005;;1;1;CV-410;2,159;5;16;1;4;CV-413;1;1;1;;;18;1
1;1;9;46;46005;;3;2;No inventariada;;9;7;2;;;1;1;1;;;6;998
1;1;19;46;46005;;3;2;No inventariada;;9;2;1;1;;1;3;1;;;1;998
3;6;1;46;46005;;3;2;No inventariada;;9;10;2;;;1;4;1;;;9;998
3;1;8;46;46005;;3;2;No inventariada;;9;7;2;;;1;1;1;;;1;998
3;7;14;46;46169;;1;1;CV-403;0,01;6;4;1;4;CV-410;1;1;1;;;1;1
3;1;12;46;46005;;3;2;No inventariada;;9;10;1;1;;1;1;1;;;1;998
3;6;13;46;46005;;3;2;No inventariada;;9;7;1;1;;1;1;1;;;1;998
4;4;10;46;46005;;3;2;No inventariada;;9;20;2;;;1;1;1;;;1;998
4;2;17;46;46005;;3;2;No inventariada;;9;7;2;;;1;1;1;;;16;998
4;2;6;46;46005;;3;2;No inventariada;;9;2;1;2;;1;2;1;;;1;998
5;6;9;46;46005;;3;2;No inventariada;;9;2;2;;;1;1;1;;;1;998
5;3;19;46;46005;;1;1;CV-410;2;5;3;1;4;;1;1;1;;;1;2
5;1;13;46;46005;;3;2;No inventariada;;9;20;2;;;1;1;1;;;1;998
5;5;12;46;46005;;3;2;No inventariada;;9;10;2;;;1;1;3;;;1;998
6;6;17;46;46005;;3;2;No inventariada;;9;1;2;;;1;1;1;;;1;998
6;5;14;46;46005;;3;2;No inventariada;;9;7;2;;;1;1;1;;;1;998
7;3;7;46;46005;;1;1;CV-410;1,265;6;5;2;;;1;1;1;;;1;1
7;4;18;46;46005;;3;2;No inventariada;;9;2;2;;;1;1;1;;;1;998
7;5;13;46;46005;;3;2;No inventariada;;9;3;2;;;1;1;1;;;1;998
8;6;17;46;46005;;1;1;CV-410;2,2;5;10;2;;;1;1;1;;;1;1
8;2;14;46;46005;;3;2;No inventariada;;9;2;2;;;1;1;1;;;1;998
8;2;20;46;46005;;3;2;No inventariada;;9;3;2;;;1;1;1;;;1;998
9;1;1;46;46005;;3;2;No inventariada;;9;1;2;;;1;3;1;;;1;998
9;3;15;46;46005;;1;1;CV-410;1,8;5;4;1;4;CV-438;1;1;1;;;1;1
9;4;22;46;46005;;1;1;CV-410;1,268;6;2;1;4;;1;3;1;;;1;2
9;4;11;46;46005;;3;2;No inventariada;;9;7;2;;;1;1;1;;;1;998
10;5;7;46;46005;;3;2;No inventariada;;9;10;2;;;1;3;1;;;1;998
10;6;13;46;46005;;3;2;No inventariada;;9;7;2;;;1;1;1;;;1;998
10;3;19;46;46193;;1;1;CV-403;3,479;6;7;2;;;1;3;1;;;1;1
10;4;23;46;46005;;3;2;No inventariada;;9;10;2;;;1;3;1;;;1;998
10;5;22;46;46005;;3;2;No inventariada;;9;10;2;;;1;3;1;;;1;998
11;5;19;46;46005;;1;1;CV-410;0,066;6;7;2;;;2;6;2;;;1;1
10;7;19;46;46005;;3;2;No inventariada;;9;3;1;2;;1;4;1;;;1;998
11;5;20;46;46005;;3;2;No inventariada;;9;2;1;2;;1;4;7;;;18;998
10;4;16;46;46005;;3;2;No inventariada;;9;10;2;;;4;1;1;;;18;998
11;5;21;46;46005;;3;2;No inventariada;;9;2;1;2;;1;4;7;;;18;998
11;4;18;46;46005;;3;2;No inventariada;;9;10;2;;;1;3;3;;;1;998
11;3;18;46;46005;;3;2;No inventariada;;9;2;2;;;2;3;1;;;1;998
11;3;19;46;46005;;3;2;No inventariada;;9;2;2;;;1;3;1;;1;1;998
11;4;8;46;46005;;3;2;No inventariada;;9;4;2;;;1;1;1;;;1;998
1;1;18;46;46006;;1;1;A-7;428,402;3;16;2;;;1;6;1;;;1;2
4;5;15;46;46021;;1;1;CV-410;4,075;5;2;1;7;CV-410;1;1;1;;;1;1
7;1;17;46;46006;;1;1;CV-6412;0,2;10;16;2;;;1;1;1;;;1;2
8;3;18;46;46006;;1;1;A-7;423,465;3;12;2;;;3;1;3;;;1;2
9;7;18;46;46006;;1;1;A-7;423,39;3;12;2;;;3;1;2;;;1;2
9;1;5;46;46006;;1;1;A-7;423,6;6;10;1;4;CV-615;1;5;1;;;1;1