MES;DIA_SEMANA;HORA;COD_PROVINCIA;COD_MUNICIPIO;ISLA;ZONA;ZONA_AGRUPADA;CARRETERA;KM;TIPO_VIA;TIPO_ACCIDENTE;NUDO;NUDO_INFO;CARRETERA_CRUCE;CONDICION_FIRME;CONDICION_ILUMINACION;CONDICION_METEO;CONDICION_NIEBLA;CONDICION_VIENTO;VISIB_RESTRINGIDA_POR;TRAZADO_PLANTA
10;1;21;46;46006;;1;1;A-7;425,3;3;5;2;;;3;6;3;;;1;1
11;4;8;46;46006;;1;1;A-7;424,75;3;16;2;;;3;1;3;2;;5;2
2;1;17;46;46007;;1;1;CV-33;1,143;5;3;2;;;1;1;1;;;18;1
2;1;8;46;46007;;1;1;CV-33;1,039;5;4;2;;;1;1;1;;;18;1
2;1;15;46;46007;;1;1;V-31;7,05;3;16;1;2;CV-33;1;1;4;;;1;1
3;4;11;46;46007;;1;1;CV-33;0,001;6;4;2;;;1;6;1;;;1;2
1;4;8;46;46007;;3;2;No inventariada;;9;15;2;;;1;2;1;;;1;998
2;2;6;46;46007;;3;2;No inventariada;;14;7;1;4;;1;4;1;;;1;998
2;3;8;46;46007;;3;2;No inventariada;;9;2;1;1;;1;1;1;;;1;998
2;1;18;46;46007;;3;2;No inventariada;;9;7;1;4;;1;4;1;;;1;998
3;5;20;46;46007;;3;2;No inventariada;;9;7;2;;;1;4;1;;;1;998
3;3;17;46;46007;;3;2;No inventariada;;9;2;1;4;;1;1;1;;;1;998
5;4;14;46;0;;1;1;V-31;6,1;3;3;2;;;1;1;1;;;1;1
4;7;11;46;46007;;3;2;No inventariada;;9;7;1;1;;1;1;1;;;1;998
6;3;22;46;46007;;1;1;V-31;7;3;4;2;;;1;6;1;;;1;1
6;6;21;46;46007;;1;1;V-31;6,815;8;1;2;;;3;6;4;;;5;2
4;4;8;46;46007;;3;2;No inventariada;;9;7;1;4;;1;1;1;;;1;998
4;7;17;46;46007;;3;2;No inventariada;;9;10;2;;;1;1;1;;;1;998
6;6;12;46;46007;;1;1;V-31;6,876;3;4;2;;;1;1;1;;;1;1
4;2;8;46;46007;;3;2;No inventariada;;9;2;1;1;;1;1;1;;;1;998
5;6;13;46;46007;;3;2;No inventariada;;9;2;1;1;;1;1;1;;;1;998
5;4;7;46;46007;;3;2;No inventariada;;9;7;2;;;1;2;1;;;1;998
5;3;18;46;46007;;3;2;No inventariada;;9;2;1;2;;1;1;1;;;1;998
5;6;7;46;46007;;3;2;No inventariada;;9;2;2;;;1;3;1;;;1;998
5;7;14;46;46007;;3;2;No inventariada;;9;7;1;1;;1;1;1;;;9;998
5;2;17;46;46007;;3;2;No inventariada;;9;7;1;1;;1;1;1;;;1;998
6;4;20;46;46007;;3;2;No inventariada;;9;2;1;1;;1;3;1;;;1;998
6;2;5;46;46007;;3;2;No inventariada;;9;10;2;;;1;4;1;;;1;998
7;7;17;46;46094;;1;1;CV-33;4,07;5;4;2;;;1;1;1;;;1;3
8;5;19;46;46007;;1;1;V-31;6,661;3;2;2;;;1;6;1;;;18;3
7;5;16;46;46007;;3;2;No inventariada;;9;4;1;2;;1;1;1;;;1;998
7;1;13;46;46007;;3;2;No inventariada;;9;10;1;1;;1;1;1;;;1;998
8;1;13;46;46007;;3;2;No inventariada;;9;10;2;;;1;1;1;;;1;998
8;2;10;46;46007;;3;2;No inventariada;;9;2;1;1;;1;1;1;;;1;998
8;3;0;46;46007;;3;2;No inventariada;;9;10;2;;;1;4;1;;;1;998
9;6;12;46;46007;;3;2;No inventariada;;14;10;2;;;1;1;1;;;1;998
9;1;13;46;46007;;3;2;No inventariada;;9;3;2;;;1;1;1;;;1;998
9;3;9;46;46007;;1;1;CV-33;1,012;5;4;1;4;CV-33;1;1;1;;;1;1
10;2;7;46;46007;;1;1;V-31;6,8;3;5;2;;;1;1;1;;;18;1
10;2;7;46;46007;;1;1;CV-33;1;5;7;1;4;CV-33;3;4;3;;;1;1
11;1;14;46;46007;;1;1;CV-33;0;6;10;2;;;2;1;2;;;1;1
12;5;1;46;46007;;1;1;V-31;6,914;3;15;2;;;2;6;1;;;1;1
9;5;6;46;46007;;3;2;No inventariada;;13;10;2;;;1;5;1;;;18;998
10;2;9;46;46007;;3;2;No inventariada;;9;7;1;1;;1;1;1;;;6;998
10;3;8;46;46007;;3;2;No inventariada;;9;2;1;4;;1;1;1;;;1;998
10;3;10;46;46007;;3;2;No inventariada;;13;10;2;;;2;1;1;;;3;998
10;4;9;46;46007;;3;2;No inventariada;;9;2;1;1;;1;1;1;;;1;998
1;3;1;46;0;;1;1;CV-515;4,5;6;8;2;;;1;6;1;;;1;1
4;5;15;46;0;;1;1;CAMI L'ASS;0,1;10;18;2;;;1;1;1;;;4;3
5;1;17;46;0;;1;1;CV-505;5,65;6;2;1;2;CV-507;1;1;1;;;1;1
10;6;21;46;46029;;1;1;CV-515;0;6;16;1;2;;1;6;1;;;1;1
1;5;20;46;0;;1;1;CV-300;9,8;5;3;1;2;;1;4;1;;;1;2
9;5;14;46;0;;1;1;CV-300;10;5;4;2;;;1;1;1;;;1;1
12;3;9;46;0;;1;1;CV-300;10,146;5;3;1;4;CV-300;1;1;1;;;1;1
1;3;14;46;0;;1;1;N-234;6,133;6;12;2;;;1;1;2;;;1;1
3;3;19;46;0;;1;1;No inventariada;1;10;16;2;;;1;4;1;;;1;3
7;6;12;46;0;;1;1;A-23;7,396;3;15;2;;;3;1;3;;;5;2
2;5;19;46;46083;;1;1;CV-542;0,15;6;14;2;;;3;6;3;;;1;1
2;2;19;46;46011;;1;1;CV-541;0,1;6;3;1;4;CV-541;1;6;1;;;1;4
3;3;20;46;46011;;1;1;CV-541;1,1;6;2;1;1;;1;6;1;;;1;1
5;4;10;46;46011;;1;1;CV-550;0,9;6;10;1;4;;1;1;1;;;1;2
7;1;12;46;46011;;1;1;CV-550;0,01;6;2;1;4;N-340;1;1;1;;;1;2
10;5;15;46;46011;;1;1;A-7;383,201;3;4;2;;;1;1;1;;;1;1
10;1;15;46;46011;;1;1;CV-545;0,6;6;6;2;;;1;1;1;;;1;1
10;6;10;46;46011;;1;1;CV-541;1,4;6;4;2;;;1;1;1;;;1;1
11;4;11;46;46011;;1;1;A-7;381,1;3;3;1;12;A-7;1;1;1;;;1;3
12;3;13;46;46011;;1;1;A-7;381,8;3;14;2;;;3;1;3;;;1;1
11;5;23;46;0;;1;1;CV-425;6,5;6;15;2;;;1;6;1;;;18;2
1;2;13;46;46013;;1;1;CV-311;1,866;6;2;2;;;1;1;7;;;18;4
1;2;12;46;46013;;3;2;No inventariada;;9;7;1;2;;1;1;1;;;1;998
1;2;11;46;46013;;3;2;No inventariada;;9;7;2;;;1;1;1;;;1;998
1;2;8;46;46013;;3;2;No inventariada;;9;7;2;;;1;2;1;;;1;998
1;3;18;46;46013;;3;2;No inventariada;;9;19;2;;;7;3;1;;;1;998
1;5;13;46;46013;;3;2;No inventariada;;9;15;2;;;7;1;1;;;1;998
2;1;14;46;46013;;3;2;No inventariada;;9;4;2;;;1;1;1;;;1;998
2;1;15;46;46013;;1;1;CV-311;0,7;6;2;2;;;1;1;1;;;1;2
2;4;13;46;46013;;3;2;No inventariada;;9;3;2;;;1;1;1;;;1;998
2;5;16;46;46013;;3;2;No inventariada;;9;10;2;;;1;3;1;;;1;998
2;5;12;46;46013;;3;2;No inventariada;;9;4;2;;;1;1;1;;;1;998
3;3;13;46;46013;;3;2;No inventariada;;9;4;2;;;1;1;1;;;1;998
4;3;14;46;46013;;1;1;CV-311;0,3;6;2;1;1;CV-311;1;1;1;;;1;1
4;2;8;46;46013;;3;2;No inventariada;;9;7;2;;;1;1;1;;;1;998
4;6;20;46;46013;;3;2;No inventariada;;9;3;2;;;1;3;1;;;1;998
4;3;10;46;46013;;3;2;No inventariada;;9;2;1;1;;1;1;1;;;1;998
6;1;17;46;46013;;1;1;V-21;15,605;3;2;2;;;1;1;1;;;1;1
4;5;17;46;46013;;3;2;No inventariada;;9;2;1;2;;1;1;1;;;1;998
5;1;16;46;46013;;3;2;No inventariada;;9;10;2;;;1;1;1;;;1;998
5;1;16;46;46013;;3;2;No inventariada;;9;15;2;;;7;1;1;;;1;998
5;3;15;46;46013;;3;2;No inventariada;;9;7;2;;;1;1;1;;;1;998
5;3;16;46;46013;;3;2;No inventariada;;9;19;2;;;7;1;1;;;1;998
6;2;19;46;46013;;3;2;No inventariada;;9;4;2;;;1;1;1;;;1;998
6;2;20;46;46013;;3;2;No inventariada;;9;1;2;;;1;1;1;;;1;998
6;6;15;46;46013;;3;2;No inventariada;;9;2;1;1;;1;1;1;;;1;998
6;6;21;46;46013;;3;2;No inventariada;;9;2;1;1;;1;2;1;;;1;998
6;4;21;46;46013;;3;2;No inventariada;;9;2;2;;;1;3;1;;;1;998
7;1;6;46;46013;;1;1;CV-312;2,2;6;4;2;;;1;6;1;;;1;1
7;1;7;46;46013;;1;1;V-21;13,5;3;5;2;;;3;1;2;;;1;1
7;7;5;46;46013;;1;1;V-21;14,1;8;7;1;10;V-21;9;2;1;;;1;2
7;3;9;46;46013;;1;1;V-21;15;3;5;2;;;1;1;1;;;1;1
7;5;17;46;46013;;1;1;V-21;14,2;3;3;1;4;;1;1;1;;;1;2
7;1;14;46;46013;;1;1;V-21;15,3;3;5;2;;;1;1;1;;;1;1
7;6;22;46;46013;;1;1;V-21;14,635;3;4;1;2;;1;6;1;;;9;1
8;5;14;46;46013;;1;1;CV-312;1,5;6;4;2;;;1;1;1;;;1;1
6;4;14;46;46013;;3;2;No inventariada;;9;12;2;;;1;1;1;;;1;998
7;1;7;46;46013;;3;2;No inventariada;;9;2;1;2;;1;1;1;;;1;998
7;5;23;46;46013;;3;2;No inventariada;;11;10;2;;;1;4;1;;;1;998
7;7;21;46;46013;;3;2;No inventariada;;9;4;2;;;1;4;1;;;1;998
7;3;7;46;46013;;3;2;No inventariada;;9;4;2;;;1;3;1;;;1;998
7;7;20;46;46013;;3;2;No inventariada;;9;7;2;;;1;1;1;;;1;998
7;1;21;46;46013;;3;2;No inventariada;;9;20;2;;;1;1;1;;;1;998
7;2;16;46;46013;;3;2;No inventariada;;9;2;1;2;;1;1;1;;;1;998
7;2;8;46;46013;;3;2;No inventariada;;9;19;2;;;1;1;1;;;1;998
7;3;0;46;46013;;3;2;No inventariada;;9;1;2;;;1;4;1;;;1;998
7;6;12;46;46013;;3;2;No inventariada;;9;4;2;;;1;1;1;;;1;998
7;3;17;46;46013;;3;2;No inventariada;;9;10;2;;;1;1;1;;;1;998
8;5;8;46;46013;;3;2;No inventariada;;9;2;1;1;;1;1;1;;;1;998
8;1;13;46;46013;;3;2;No inventariada;;9;10;2;;;1;1;1;;;1;998
8;1;21;46;46013;;3;2;No inventariada;;9;18;2;;;1;3;1;;;1;998
8;4;6;46;46013;;3;2;No inventariada;;7;19;2;;;1;5;1;;;1;998
8;3;17;46;46013;;1;1;V-21;14,1;3;9;2;;;1;1;1;;;1;1
7;3;11;46;46013;;3;2;No inventariada;;9;4;2;;;1;1;1;;;1;998
8;7;13;46;46013;;3;2;No inventariada;;9;2;1;1;;1;1;1;;;1;998
9;1;19;46;46013;;1;1;V-21;16,064;3;12;2;;;1;3;1;;;1;1
9;3;13;46;46013;;1;1;CV-311;0,626;6;18;2;;;1;1;3;;;1;3
8;6;18;46;46013;;3;2;No inventariada;;9;4;2;;;1;1;1;;;1;998
8;4;11;46;46013;;3;2;No inventariada;;7;2;1;2;;1;1;1;;;1;998
8;2;19;46;46013;;3;2;No inventariada;;9;7;2;;;1;1;1;;;1;998
8;2;14;46;46013;;3;2;No inventariada;;9;10;2;;;1;1;1;;;1;998
8;3;14;46;46013;;3;2;No inventariada;;9;4;2;;;1;1;1;;;1;998
9;5;18;46;46013;;3;2;No inventariada;;9;2;1;2;;1;1;1;;;1;998
9;2;15;46;46013;;3;2;No inventariada;;9;4;2;;;1;1;1;;;1;998
9;3;16;46;46013;;3;2;No inventariada;;9;2;1;1;;1;1;1;;;1;998
9;2;21;46;46013;;3;2;No inventariada;;7;10;2;;;1;1;1;;;1;998
9;3;11;46;46013;;3;2;No inventariada;;7;2;1;2;;1;1;1;;;1;998
9;6;7;46;46013;;3;2;No inventariada;;9;3;2;;;1;1;1;;;1;998
9;5;10;46;46013;;3;2;No inventariada;;9;7;2;;;1;1;1;;;1;998
10;1;7;46;46013;;1;1;V-21;13,7;3;4;2;;;1;2;1;;;1;1
11;1;15;46;46013;;1;1;V-21;13,636;3;4;2;;;1;1;1;;;1;1
10;5;12;46;46013;;3;2;No inventariada;;9;10;2;;;1;1;1;;;1;998
10;7;2;46;46013;;3;2;No inventariada;;9;6;2;;;3;6;3;;;5;998
10;2;11;46;46013;;3;2;No inventariada;;9;7;1;2;;1;1;1;;;1;998
11;5;3;46;46013;;3;2;No inventariada;;9;7;1;2;;1;6;1;;;18;998
11;2;20;46;46013;;3;2;No inventariada;;9;10;2;;;1;2;1;;;1;998
11;6;8;46;46013;;3;2;No inventariada;;9;10;2;;;1;1;1;;;1;998
12;1;8;46;46013;;1;1;V-21;16,8;3;12;2;;;1;1;1;;;1;1
11;5;12;46;46013;;3;2;No inventariada;;9;16;2;;;1;1;1;;;1;998
12;3;18;46;46013;;1;1;V-21;16,3;3;5;2;;;1;1;1;;;1;1
12;2;23;46;46013;;3;2;No inventariada;;9;2;1;1;;1;5;1;;;1;998
12;4;17;46;46013;;1;1;V-21;15,2;3;4;2;;;1;2;1;;;1;1
2;5;7;46;0;;1;1;V-21;10,832;3;20;2;;;1;2;2;;;1;1
2;5;22;46;0;;1;1;V-21;11,2;3;4;2;;;1;6;1;;;1;1
2;1;14;46;0;;3;2;No inventariada;;9;2;1;1;;1;1;1;;;1;998
4;6;0;46;0;;1;1;V-21;9,8;3;4;2;;;1;6;1;;;1;1
7;2;7;46;0;;1;1;V-21;10,291;3;4;2;;;1;1;1;;;18;1
6;3;23;46;0;;3;2;No inventariada;;9;18;2;;;1;4;1;;;1;998
8;6;13;46;0;;3;2;No inventariada;;9;3;1;1;;1;1;1;;;1;998
9;5;7;46;0;;1;1;V-21;11;3;4;2;;;1;2;1;;;1;1
10;3;20;46;0;;1;1;V-21;11,4;3;4;2;;;1;6;1;;;1;1
1;1;7;46;46015;;1;1;CAMINO SAN;1;10;19;2;;;1;6;1;;;18;3
2;1;12;46;46194;;1;1;V-31R;2,073;5;4;2;;;1;1;1;;;18;1
6;2;20;46;46015;;3;2;No inventariada;;9;3;1;2;;1;1;1;;;1;998
12;7;17;46;0;;1;1;CAMÍ XÀTIV;0,6;10;15;1;1;;1;6;1;;;1;3
1;4;12;46;46017;;3;2;No inventariada;;9;7;2;;;1;1;1;;;1;998
1;7;19;46;46017;;3;2;No inventariada;;9;7;2;;;1;3;1;;;1;998
1;2;8;46;46017;;1;1;CV-50;21;6;5;2;;;1;1;1;;;1;1
1;4;6;46;46017;;3;2;No inventariada;;9;3;2;;;3;3;3;;;1;998
1;5;14;46;46017;;3;2;No inventariada;;9;4;2;;;1;1;1;;;1;998
1;7;13;46;46017;;3;2;No inventariada;;7;10;2;;;8;1;1;;;1;998
1;2;19;46;46017;;3;2;No inventariada;;9;3;2;;;1;4;1;;;1;998
1;6;13;46;46017;;1;1;CV-50;13,041;6;15;2;;;1;1;1;;;1;1
1;3;13;46;46017;;1;1;CV-50a;22;5;4;2;;;1;1;1;;;1;1
1;3;13;46;46017;;3;2;No inventariada;;9;4;2;;;1;1;1;;;1;998
2;2;9;46;46017;;3;2;No inventariada;;9;4;2;;;1;1;1;;;1;998
2;4;20;46;46017;;3;2;No inventariada;;9;2;1;6;;1;1;1;;;1;998
2;6;11;46;46017;;1;1;CV-42;0,878;5;10;1;4;;8;1;2;;;1;2
2;6;14;46;46017;;3;2;No inventariada;;9;2;2;;;1;1;1;;;1;998
2;3;11;46;46017;;1;1;CV-42;0,5;5;5;2;;;1;1;1;;;1;1
2;2;11;46;46017;;1;1;CV-505;1;6;10;2;;;7;1;1;;;1;2
3;3;10;46;46017;;1;1;CV-510;1,85;6;3;2;;;1;1;1;;;1;2
2;1;22;46;46017;;1;1;CV-50a;23;5;12;1;4;;1;4;1;;;1;2
3;2;18;46;46017;;1;1;CV-571;0;5;3;2;;;1;1;1;;;1;1
3;3;19;46;46017;;3;2;No inventariada;;9;7;1;1;;1;3;1;;;1;998
3;5;9;46;46017;;3;2;No inventariada;;9;5;1;2;;1;1;1;;;1;998
3;2;8;46;46017;;3;2;No inventariada;;9;2;1;4;;1;1;1;;;1;998
3;5;10;46;46017;;3;2;No inventariada;;9;1;2;;;1;1;1;;;1;998
3;5;17;46;46017;;3;2;No inventariada;;9;2;1;6;;1;1;1;;;1;998
3;5;9;46;46017;;3;2;No inventariada;;9;7;2;;;1;1;1;;;1;998
3;1;16;46;46017;;3;2;No inventariada;;9;2;1;1;;3;1;3;;;1;998
4;5;12;46;46017;;3;2;No inventariada;;9;2;1;1;;1;1;1;;;1;998
4;5;21;46;46017;;3;2;No inventariada;;9;7;2;;;1;3;1;;;1;998
4;4;14;46;46017;;3;2;No inventariada;;9;2;2;;;1;1;1;;;1;998
4;3;13;46;46017;;3;2;No inventariada;;9;20;1;1;;1;1;1;;;1;998
4;2;9;46;46017;;3;2;No inventariada;;9;4;2;;;1;1;1;;;1;998
4;6;13;46;46017;;3;2;No inventariada;;13;2;2;;;1;1;1;;;1;998
4;3;18;46;46017;;3;2;No inventariada;;9;4;2;;;1;1;1;;;1;998
4;3;14;46;46017;;3;2;No inventariada;;9;2;1;1;;1;1;1;;;1;998
4;7;18;46;46017;;3;2;No inventariada;;9;2;1;4;;1;1;1;;;1;998
4;2;18;46;46017;;3;2;No inventariada;;9;7;2;;;1;1;1;;;1;998
5;4;18;46;46017;;1;1;CV-42;0,8;5;3;1;4;;1;1;1;;;1;2
5;5;14;46;46017;;1;1;CV-50;24,287;5;4;1;1;CV-43;1;1;1;;;1;1
5;3;6;46;46017;;1;1;CV-50;10,9;6;19;2;;;1;1;1;;;1;2
6;5;13;46;46017;;1;1;CV-50;15,367;6;19;2;;;1;1;1;;;1;2
7;3;18;46;0;;1;1;AP-7;546,311;2;4;2;;;1;1;1;;;18;4
7;7;15;46;46017;;1;1;CV-50;16,8;6;1;2;;;1;1;1;;;1;3
7;4;17;46;46017;;1;1;CV-50;10,85;6;18;2;;;1;1;1;;;1;2
7;1;18;46;46017;;1;1;CV-510;3,4;6;1;2;;;1;1;1;;;1;2
8;6;12;46;46017;;1;1;CV-570;1,7;6;3;1;2;CV-570;1;1;1;;;1;2
10;4;8;46;46017;;1;1;CV-50;24;5;10;1;4;;1;1;1;;;1;1
10;3;18;46;46017;;1;1;CV-550;6,8;6;19;2;;;1;1;1;;;1;1
10;2;18;46;46017;;1;1;CV-42;0,001;5;4;1;4;CV-43;3;1;2;;;1;1
10;3;14;46;46017;;1;1;CV-50;17;6;18;2;;;3;1;4;;;1;2
12;7;15;46;46017;;1;1;CV-50;17,8;6;18;2;;;1;1;1;;;1;1
12;1;18;46;46017;;1;1;CV-41;0,85;6;7;2;;;1;3;1;;;1;1
2;2;16;46;0;;1;1;CV-245;20,5;6;17;2;;;1;1;1;;;1;2
7;4;13;46;0;;1;1;CV-235;25,5;6;19;2;;;1;1;1;;;1;3
9;6;13;46;0;;1;1;CV-235;23,1;6;12;2;;;1;1;1;;;18;2
12;5;16;46;46147;;1;1;CV-339;1,8;6;2;1;4;CV-339;1;1;1;;;1;1
12;7;14;46;46147;;1;1;CV-245;11;6;16;2;;;1;1;1;;;18;2
1;4;13;46;46139;;1;1;CV-50;29;5;4;1;4;A-7;1;1;1;;;1;1
5;4;16;46;46019;;1;1;CV-50;31,7;6;1;2;;;1;1;1;;;1;1
6;6;8;46;46019;;1;1;CV-50;29,8;6;2;1;4;;1;1;1;;;1;2
6;7;1;46;46019;;1;1;A-7;373,9;3;16;2;;;1;6;1;;;1;2
6;7;19;46;46139;;1;1;CV-50;29;5;4;2;;;1;1;1;;;1;1
8;4;15;46;46019;;1;1;A-7;371,2;3;3;2;;;1;1;1;;;1;2
10;7;13;46;46019;;1;1;CV-50;31,5;6;2;1;2;;1;1;1;;;1;4
10;5;15;46;46139;;1;1;CV-50;28,614;5;4;1;4;CV-50a;1;1;2;;;1;1
12;7;14;46;46019;;1;1;A-7;373,913;3;17;2;;;1;1;1;;;1;1
12;1;12;46;46019;;1;1;A-7;371,253;7;2;2;;;1;1;1;;;1;1
1;3;19;46;46020;;3;2;No inventariada;;9;2;1;2;;1;3;1;;;18;998
3;4;13;46;46020;;3;2;No inventariada;;9;2;2;;;1;1;1;;;1;998
4;3;14;46;46020;;3;2;No inventariada;;9;1;1;2;;1;1;1;;;18;998
1;1;16;46;46021;;1;1;CV-409;0,68;6;7;1;4;CV-409;1;1;1;;;1;1
1;6;14;46;46021;;3;2;No inventariada;;9;2;2;;;1;1;1;;;1;998
1;3;11;46;46021;;3;2;No inventariada;;9;7;1;1;;1;1;1;;;1;998
1;1;9;46;46021;;1;1;CV-409;0,1;6;4;2;;;1;1;1;;;1;1
3;6;14;46;46021;;3;2;No inventariada;;9;2;1;1;;1;1;1;;;1;998
3;3;8;46;46021;;3;2;No inventariada;;9;2;2;;;1;1;1;;;1;998
3;3;13;46;46021;;1;1;CV-410;4,217;5;2;1;4;CV-408;1;1;1;;;1;1
3;1;19;46;46021;;1;1;CV-410;3,5;5;7;2;;;1;6;1;;;17;1
4;4;18;46;46021;;1;1;CV-36;10,5;3;2;1;1;;1;1;1;;;1;1
3;4;23;46;46021;;3;2;No inventariada;;14;2;1;2;;1;3;1;;;1;998
5;3;15;46;46021;;1;1;CV-409;0,477;6;4;2;;;1;1;1;;;1;1
5;3;6;46;46021;;1;1;CV-410;2,413;5;3;2;;;1;1;1;;;18;1
5;2;8;46;46021;;1;1;CV-410;4;5;10;1;4;CV-410;7;1;1;;;1;2
5;4;6;46;46021;;1;1;CV-410;4,3;5;12;2;;;1;2;1;;;1;2
6;1;11;46;46102;;1;1;A-3;345,548;3;4;1;4;A-3;1;1;1;;;1;1
9;3;6;46;46021;;3;2;No inventariada;;9;2;2;;;1;1;1;;;1;998
7;1;4;46;46021;;3;2;No inventariada;;9;10;2;;;8;3;1;;;1;998
9;1;4;46;46021;;3;2;No inventariada;;9;2;1;7;;1;3;7;;;1;998
10;5;14;46;46021;;1;1;CV-410;4;5;2;1;7;CV-410;1;1;1;;;1;2
10;6;18;46;46021;;1;1;CV-403;0,8;6;2;1;4;CV-403;1;1;1;;;1;1
8;3;11;46;46021;;3;2;No inventariada;;9;2;1;1;;1;1;1;;;1;998
9;1;8;46;46021;;3;2;No inventariada;;9;2;1;1;;1;4;1;;;1;998
9;4;7;46;46021;;3;2;No inventariada;;9;2;1;1;;1;4;1;;;18;998
8;1;5;46;46021;;3;2;No inventariada;;9;7;1;12;;1;1;1;;;18;998
8;1;4;46;46021;;3;2;No inventariada;;9;10;2;;;1;1;1;;;1;998
7;5;6;46;46021;;3;2;No inventariada;;9;7;2;;;1;2;1;;;6;998
10;6;20;46;46021;;1;1;CV-410;4;5;14;1;4;;1;4;1;;;1;1
10;5;16;46;46021;;1;1;CV-408;0,96;6;7;1;4;;1;2;1;;;6;1
9;6;12;46;46021;;3;2;No inventariada;;9;20;1;1;;1;1;1;;;1;998
8;6;2;46;46021;;3;2;No inventariada;;14;2;1;2;;1;1;1;;;1;998
10;4;5;46;46021;;3;2;No inventariada;;9;4;2;;;1;1;1;;;1;998
11;4;17;46;46102;;1;1;A-3;344,891;7;19;2;;;2;6;1;;;1;1
11;4;18;46;46102;;1;1;A-3;344,89;7;10;2;;;2;6;1;;;18;1
1;5;11;46;46022;;3;2;No inventariada;;9;20;1;2;;1;1;1;;;1;998
1;6;13;46;46022;;1;1;V-31;10;3;4;2;;;1;1;1;;;1;1
1;3;22;46;46022;;3;2;No inventariada;;9;2;2;;;1;4;1;;;1;998
3;5;13;46;46022;;3;2;No inventariada;;9;7;1;1;;1;1;1;;;1;998
3;5;8;46;46022;;3;2;No inventariada;;9;4;2;;;1;1;1;;;1;998
4;5;16;46;46022;;3;2;No inventariada;;9;7;1;2;;1;1;1;;;9;998
5;3;20;46;46022;;3;2;No inventariada;;9;20;1;4;;1;2;1;;;1;998
5;5;14;46;46022;;3;2;No inventariada;;9;7;1;2;;1;1;1;;;1;998
6;3;13;46;46022;;1;1;V-31;9,682;8;12;2;;;1;1;1;;;1;2
6;6;17;46;46022;;3;2;No inventariada;;9;20;1;2;;1;1;1;;;1;998
7;3;19;46;46022;;3;2;No inventariada;;9;7;1;4;;1;1;1;;;1;998
8;7;1;46;46022;;3;2;No inventariada;;9;20;2;;;1;4;1;;;1;998
9;2;18;46;46022;;1;1;V-31;10,459;3;4;2;;;1;1;1;;;1;1
9;4;19;46;46022;;1;1;V-31;10,2;3;4;2;;;3;2;3;;;1;1
10;7;20;46;46223;;1;1;V-31;10,724;3;4;2;;;1;6;1;;;1;1
10;7;14;46;46022;;3;2;No inventariada;;9;4;2;;;1;1;1;;;1;998
10;4;9;46;46022;;1;1;V-31;10,004;3;4;2;;;3;1;1;;;18;1
10;6;15;46;46022;;1;1;V-31;10,5;3;5;1;2;V-31;1;1;1;;;1;1
10;6;14;46;46022;;1;1;V-31;10,5;3;4;2;;;1;1;1;;;1;1
10;6;19;46;46223;;1;1;V-31;11,229;3;4;2;;;1;6;1;;;1;1
11;3;13;46;46022;;3;2;No inventariada;;9;4;1;4;;2;1;1;;;1;998
12;5;19;46;46022;;3;2;No inventariada;;14;1;2;;;1;3;1;;;3;998
12;1;2;46;46022;;1;1;V-31;10;3;15;2;;;1;6;1;;;1;1
12;6;14;46;46022;;1;1;V-31;10,356;3;4;2;;;1;1;1;;;1;1
12;1;18;46;46022;;1;1;V-31;9,8;3;3;2;;;1;5;1;;;1;1
2;6;13;46;0;;1;1;N-225;6,6;6;12;2;;;1;1;1;;;1;1
8;1;22;46;0;;2;2;CV-327;1,8;6;16;2;;;1;5;1;;;1;1
3;2;17;46;0;;1;1;CV-520;12,75;6;5;2;;;1;1;1;;;1;3
10;7;11;46;0;;1;1;CV-520;14,5;6;4;2;;;3;1;2;;;1;3
11;5;9;46;0;;1;1;CV-520;10,5;6;3;2;;;1;1;1;;;1;1
5;1;1;46;0;;1;1;N-225;1,338;6;17;2;;;1;6;7;;;18;1
1;1;22;46;46029;;3;2;No inventariada;;9;3;2;;;1;4;7;;;18;998
1;3;14;46;46029;;3;2;No inventariada;;9;3;2;;;9;1;7;;;18;998
2;4;8;46;46029;;3;2;No inventariada;;9;3;2;;;9;1;7;;;18;998
2;2;18;46;46029;;3;2;No inventariada;;9;3;2;;;9;1;7;;;18;998
3;3;21;46;46029;;1;1;AP-7;540,9;2;5;2;;;1;6;1;;;1;1
3;3;17;46;46029;;3;2;No inventariada;;9;5;2;;;9;1;7;;;18;998
3;6;15;46;46029;;1;1;AP-7;544,85;2;15;2;;;1;1;1;;;1;1
3;6;17;46;46029;;3;2;No inventariada;;9;15;2;;;9;1;7;;;18;998
4;7;15;46;46029;;1;1;AP-7;543,902;2;15;2;;;1;1;1;;;18;1
4;4;15;46;46029;;1;1;CV-523;1,814;6;2;1;5;CV-523;1;1;1;;;1;1
4;2;18;46;0;;1;1;CV-505;3,6;6;2;2;;;1;1;1;;;1;2
5;2;10;46;46029;;1;1;CV-42;1,8;6;4;1;4;;1;1;1;;;1;1
6;3;15;46;46029;;1;1;CV-42;2,7;6;2;2;;;1;1;1;;;1;1
6;2;7;46;46029;;1;1;AP-7;544;2;2;2;;;1;1;2;;;1;1
6;4;10;46;46029;;1;1;CV-42;7,452;6;3;1;4;CV-515;1;1;1;;;1;1
8;7;13;46;46029;;1;1;AP-7;541,915;2;5;2;;;1;1;1;;;18;1
8;4;14;46;46029;;1;1;AP-7;545,3;2;16;2;;;1;1;1;;;1;1
8;5;8;46;46029;;1;1;AP-7;540,35;2;14;2;;;1;1;1;;;1;1
9;4;18;46;46029;;1;1;CV-512;0;6;18;1;4;;1;1;1;;;1;2
9;2;7;46;46029;;3;2;No inventariada;;9;7;1;4;;1;2;1;;;18;998
12;2;13;46;46029;;1;1;CV-42;8,355;6;4;2;;;1;1;1;;;1;1
12;2;16;46;46029;;1;1;AP-7;542,7;2;20;2;;;1;1;1;;;1;1