MES;DIA_SEMANA;HORA;COD_PROVINCIA;COD_MUNICIPIO;ISLA;ZONA;ZONA_AGRUPADA;CARRETERA;KM;TIPO_VIA;TIPO_ACCIDENTE;NUDO;NUDO_INFO;CARRETERA_CRUCE;CONDICION_FIRME;CONDICION_ILUMINACION;CONDICION_METEO;CONDICION_NIEBLA;CONDICION_VIENTO;VISIB_RESTRINGIDA_POR;TRAZADO_PLANTA
8;3;9;46;0;;1;1;CV-310;31,1;6;18;2;;;1;1;1;;;1;1
10;3;17;46;0;;1;1;N-234;14,2;6;16;1;4;CV-327;1;1;2;;;1;1
1;1;7;46;46031;;3;2;No inventariada;;9;20;1;4;;1;1;1;;;1;998
2;5;20;46;46031;;1;1;CV-525;5,1;6;2;1;2;A-7;3;6;2;;;1;1
2;1;10;46;46060;;1;1;A-7;363;3;4;2;;;1;1;1;;;1;1
3;3;21;46;46031;;1;1;CV-525;4,7;6;12;2;;;1;6;1;;;1;1
3;5;12;46;46031;;1;1;CV-525;4,3;6;2;1;5;;1;1;1;;;1;1
4;6;17;46;46031;;1;1;A-7;367;3;14;2;;;1;1;1;;;1;1
7;2;8;46;46031;;1;1;CV-42;11,2;6;2;1;2;;1;1;1;;;1;1
9;7;6;46;46031;;1;1;A-7;364;3;16;2;;;1;6;1;;;1;1
10;3;8;46;46031;;1;1;A-7;363,6;3;4;2;;;1;1;1;;;1;1
10;2;15;46;46031;;1;1;A-7;365,5;3;9;2;;;3;1;4;;1;5;1
11;7;14;46;46031;;1;1;CV-525;5,2;6;2;1;4;;1;1;1;;;1;2
12;5;8;46;46031;;1;1;CAMINO MON;1;14;16;2;;;3;1;1;;;1;1
2;2;18;46;46032;;3;2;No inventariada;;9;7;2;;;1;2;7;;;6;998
3;3;9;46;46032;;3;2;No inventariada;;9;7;2;;;1;1;1;;;6;998
11;6;19;46;46032;;3;2;No inventariada;;9;2;1;2;;1;1;1;;;1;998
1;5;16;46;0;;1;1;CV-681;0,5;6;2;2;;;3;1;7;;;1;2
5;4;7;46;0;;1;1;CV-680;2,2;6;2;1;4;CV-679;1;1;1;;;6;1
9;4;19;46;0;;1;1;CV-680;2;6;4;2;;;1;1;1;;;1;3
1;2;20;46;46035;;1;1;AP-7;531,2;2;4;2;;;1;6;1;;;1;1
3;6;20;46;46233;;1;1;AP-7;532,945;2;4;2;;;1;2;1;;;1;1
4;6;10;46;46035;;3;2;No inventariada;;9;7;1;4;;1;1;1;;;1;998
5;4;5;46;46035;;1;1;CV-42;18,196;5;3;1;4;CV-42;1;4;1;;;1;2
5;5;15;46;46035;;1;1;AP-7;530,2;2;3;2;;;1;1;1;;;1;1
7;5;21;46;46035;;1;1;AP-7;535,4;2;12;1;2;;1;3;1;;;1;2
1;5;15;46;46035;;3;2;No inventariada;;9;2;2;;;1;1;1;1;;1;998
10;6;5;46;46035;;3;2;No inventariada;;9;9;2;;;1;4;2;;;1;998
3;5;10;46;0;;1;1;CV-350;9,2;6;19;2;;;1;1;1;;;1;1
5;4;8;46;0;;1;1;CV-674;0,25;6;16;2;;;1;1;1;;;1;1
12;7;3;46;0;;1;1;CV-674;0,97;6;16;1;4;;1;4;1;;;1;2
12;2;20;46;46181;;1;1;N-332;216,645;6;4;2;;;1;6;1;;;1;1
8;3;14;46;0;;1;1;CAMI SAN A;4;10;18;2;;;3;1;7;;;1;1
2;4;12;46;0;;1;1;No inventariada;2;10;1;1;1;;1;1;1;;;4;3
7;7;10;46;0;;1;1;CV-35;93,7;6;16;2;;;1;1;1;;;1;2
1;3;18;46;0;;1;1;A-7;410,45;3;19;2;;;1;2;1;;;1;1
9;5;9;46;0;;1;1;A-7;413;3;10;1;4;;2;1;1;;;1;2
2;2;7;46;46044;;1;1;CV-437;5,1;6;19;2;;;1;6;2;;;1;1
4;5;11;46;46044;;1;1;CV-440;1,7;6;2;2;;;1;1;1;;;1;1
6;5;14;46;46044;;1;1;CV-437;6,1;6;14;2;;;1;1;1;;;1;1
9;4;18;46;46044;;1;1;N-330;101;6;4;2;;;4;1;4;;;5;1
11;3;5;46;0;;1;1;No inventariada;0,3;10;19;2;;;1;6;1;;;1;1
6;7;9;46;0;;1;1;CAMI DE LA;2,5;10;10;2;;;1;1;1;;;1;1
9;4;13;46;0;;1;1;CV-675;11,406;6;17;2;;;1;1;1;;;1;2
7;6;20;46;0;;1;1;CV-60;11,061;6;14;2;;;1;1;1;;;1;2
2;2;20;46;0;;1;1;CV-673;2,4;6;4;2;;;1;6;1;;;1;1
7;3;19;46;0;;1;1;N-332;220,193;6;4;2;;;1;1;1;;;1;1
11;1;19;46;0;;1;1;N-332;220,3;6;4;2;;;1;5;1;;;1;1
5;4;11;46;0;;1;1;CV-6123;0,5;14;9;2;;;1;1;1;;;1;1
6;6;5;46;0;;1;1;CV-620;11,7;6;12;1;2;CV-612;1;6;1;;;1;2
9;7;2;46;0;;1;1;CV-620;12;6;18;2;;;1;6;3;;;1;2
9;7;14;46;46145;;1;1;CV-620;6,8;6;16;2;;;1;1;1;;;1;2
1;7;11;46;0;;1;1;CV-373;0,799;6;1;1;2;;1;1;1;;;1;2
3;6;11;46;46051;;1;1;CV-50;90;8;2;1;7;;1;1;1;;;1;2
2;3;14;46;46051;;3;2;No inventariada;;9;3;2;;;1;1;1;;;1;998
3;5;23;46;46051;;3;2;No inventariada;;9;2;1;4;;1;4;1;;;1;998
6;4;12;46;46051;;1;1;CV-50;87,959;6;4;2;;;1;1;1;;;18;4
6;2;17;46;46051;;3;2;No inventariada;;9;7;2;;;1;1;1;;;1;998
6;5;17;46;46051;;3;2;No inventariada;;9;2;1;1;;1;1;1;;;1;998
8;3;13;46;46051;;1;1;CV-373;4,2;6;12;1;2;;1;3;1;;;1;3
9;4;18;46;46051;;1;1;CV-50;88;6;1;2;;;3;1;3;;;1;1
12;1;12;46;46051;;1;1;CV-373;3,123;6;1;2;;;1;1;1;;;1;1
6;7;4;46;0;;1;1;A-7;388,32;3;1;2;;;1;6;1;;;1;1
7;1;16;46;0;;1;1;A-7;387,6;3;3;2;;;1;1;1;;;1;1
7;3;10;46;0;;1;1;A-7;390,032;3;16;2;;;1;1;1;;;1;1
11;5;9;46;0;;1;1;A-7;389,6;3;12;2;;;1;1;1;;;1;1
12;6;12;46;0;;1;1;A-7;388,7;3;14;2;;;1;1;1;;;1;1
1;2;18;46;46054;;3;2;No inventariada;;9;20;2;;;1;2;1;;;1;998
2;1;7;46;46054;;3;2;No inventariada;;9;2;1;1;;1;1;1;;;1;998
2;6;1;46;46054;;3;2;No inventariada;;9;10;1;1;;3;4;1;;;1;998
3;5;9;46;46054;;3;2;No inventariada;;9;2;1;1;;1;1;1;;;1;998
3;3;19;46;46054;;3;2;No inventariada;;9;2;1;1;;1;3;1;;;1;998
4;1;20;46;46054;;3;2;No inventariada;;9;20;2;;;1;3;1;;;1;998
5;4;19;46;46054;;3;2;No inventariada;;9;7;1;1;;1;1;1;;;1;998
5;1;21;46;46054;;3;2;No inventariada;;9;10;2;;;2;3;1;;;1;998
5;4;15;46;46054;;3;2;No inventariada;;9;2;1;1;;1;1;1;;;1;998
5;4;17;46;46054;;3;2;No inventariada;;9;6;2;;;1;1;1;;;1;998
5;1;17;46;46054;;3;2;No inventariada;;9;2;1;1;;1;1;1;;;1;998
6;7;12;46;46054;;3;2;No inventariada;;9;3;1;1;;1;1;1;;;1;998
6;1;12;46;46054;;3;2;No inventariada;;9;2;1;1;;1;1;1;;;1;998
6;1;13;46;46054;;3;2;No inventariada;;9;20;2;;;1;1;1;;;1;998
6;3;17;46;46054;;3;2;No inventariada;;9;20;1;2;;1;1;1;;;1;998
6;2;13;46;46054;;3;2;No inventariada;;9;7;1;1;;1;1;1;;;1;998
6;4;9;46;46054;;3;2;No inventariada;;9;4;1;1;;1;1;1;;;1;998
7;3;11;46;46054;;3;2;No inventariada;;9;20;2;;;1;1;1;;;1;998
7;3;9;46;46054;;3;2;No inventariada;;9;10;1;1;;1;1;1;;;1;998
8;1;21;46;46054;;3;2;No inventariada;;9;10;1;1;;1;1;1;;;1;998
8;4;17;46;46054;;3;2;No inventariada;;9;3;2;;;1;1;1;;;1;998
8;3;18;46;46054;;3;2;No inventariada;;9;3;2;;;1;1;1;;;1;998
9;1;8;46;46054;;3;2;No inventariada;;9;10;2;;;1;1;1;;;1;998
9;4;21;46;46054;;3;2;No inventariada;;9;7;2;;;3;4;3;;;5;998
12;2;10;46;46186;;1;1;CV-400;2,105;5;10;1;4;CV-400;2;1;1;;;1;2
6;2;9;46;0;;1;1;CV-680;3,725;6;4;2;;;1;1;1;;;1;1
6;4;12;46;0;;1;1;CV-679;0,8;6;2;1;1;;1;1;1;;;1;1
7;1;17;46;0;;3;2;No inventariada;;9;1;2;;;1;1;1;;;1;998
10;5;19;46;0;;1;1;CV-680;2,657;6;8;2;;;1;6;1;;;1;1
1;5;8;46;0;;3;2;No inventariada;;14;16;2;;;1;1;2;;;1;998
1;5;13;46;0;;1;1;CV-50;7,5;6;15;2;;;3;1;1;;;1;2
9;7;3;46;0;;1;1;CV-50;5,9;6;18;2;;;1;6;2;;;1;1
9;7;9;46;0;;1;1;CV-50;7,627;6;19;2;;;1;1;1;;;1;1
10;4;14;46;46017;;1;1;CV-50;9,1;6;4;2;;;1;1;1;;;1;1
10;7;21;46;0;;1;1;CV-50;6,9;6;18;2;;;3;6;3;;;1;2
4;2;22;46;46060;;1;1;A-7;360,6;3;5;2;;;1;6;1;;;1;1
5;1;10;46;46060;;1;1;CV-520;6,6;6;9;1;4;;3;1;1;;;1;2
7;2;14;46;46060;;1;1;A-7;362,4;8;3;2;;;1;1;1;;;1;1
8;2;12;46;46060;;1;1;CV-42;14,95;6;2;1;1;CV-42;1;1;1;;;1;1
10;4;8;46;46060;;3;2;No inventariada;;9;10;1;1;;1;1;1;;;1;998
10;1;20;46;46060;;1;1;CV-520;7,6;6;16;2;;;1;6;1;;;1;1
4;3;15;46;0;;1;1;CV-680;4,7;6;4;2;;;1;1;1;;;1;1
12;2;11;46;0;;1;1;CV-60;37;6;4;1;4;CV-680;1;1;1;;;1;1
9;3;13;46;46062;;1;1;CV-611;1,8;6;13;2;;;1;1;1;;;1;2
2;5;11;46;0;;1;1;A-7;379,22;3;4;2;;;1;1;1;;;1;1
8;2;14;46;0;;1;1;CV-550;2,5;6;4;1;1;;1;1;1;;;1;1
1;3;14;46;0;;1;1;V-31;6;3;3;2;;;1;1;1;;;1;1
9;7;6;46;0;;1;1;V-31;6;3;4;2;;;1;5;1;;;1;1
12;3;18;46;46007;;1;1;CV-33;0,019;5;10;2;;;2;5;1;;;18;4
12;2;21;46;0;;1;1;V-31;5,7;3;4;2;;;1;4;1;;;1;1
8;1;13;46;0;;1;1;CV-35;23;3;15;2;;;1;1;1;;;1;2
9;6;19;46;0;;1;1;CV-35;22,1;3;4;2;;;1;1;1;;;1;1
7;1;10;46;0;;1;1;A-7;421,6;3;18;2;;;3;1;4;;;5;1
10;1;14;46;0;;1;1;No inventariada;1,1;10;18;2;;;1;6;1;;;1;1
1;2;12;46;46070;;1;1;CV-310;9,5;6;3;1;2;CV-333;1;1;1;;;1;1
2;4;8;46;46070;;1;1;CV-310;4,9;6;2;2;;;1;1;1;;;1;1
3;5;0;46;46070;;1;1;CV-333;3,6;6;14;1;4;;1;6;1;;;1;2
4;2;19;46;46070;;2;2;CAMINO;2;14;2;2;;;1;3;1;;;5;3
4;2;17;46;46070;;1;1;CV-336;11,2;5;10;2;;;1;6;1;;;1;1
5;5;16;46;46070;;1;1;CV-333;3,932;6;3;2;;;1;1;1;;;1;1
6;2;13;46;46070;;1;1;A-7;320,5;3;18;2;;;1;1;1;;;1;1
6;6;21;46;46070;;1;1;CV-333;2;6;12;2;;;1;4;2;;;1;1
6;4;11;46;46070;;1;1;CV-336;10,756;5;3;1;7;CV-336;1;1;1;;;1;2
7;5;17;46;46070;;1;1;CAMINO BRU;0,01;10;2;1;1;;1;1;1;;;1;1
7;2;13;46;46070;;1;1;A-7;319;3;4;2;;;1;1;1;;;1;1
7;3;9;46;46070;;1;1;No inventariada;0;10;12;2;;;1;1;1;;;1;3
10;2;21;46;46070;;1;1;CV-310;13;6;8;2;;;1;6;1;;;1;1
10;2;8;46;46070;;1;1;CV-333;0,9;6;2;1;4;;1;1;1;;;6;1
10;4;20;46;46190;;1;1;A-7;329,1;3;4;2;;;1;5;1;;;1;1
10;3;13;46;46070;;1;1;CNO REAL;0,35;10;3;2;;;1;1;1;;;12;3
11;2;7;46;46070;;1;1;CV-310;10,67;6;4;1;4;CV-310;1;1;1;;;1;1
11;7;8;46;46070;;1;1;CV-331;3,2;6;10;2;;;1;1;1;;;1;1
11;4;14;46;46070;;1;1;CV-310;13;6;16;1;2;;1;1;1;;;1;1
12;1;14;46;46070;;1;1;CV-310;6,521;6;4;1;2;;1;1;1;;;1;1
12;7;11;46;46070;;1;1;A-7;317,9;3;5;2;;;1;1;1;;;1;1
12;6;11;46;46070;;1;1;CV-333;1,5;6;2;1;4;;1;1;1;;;1;2
12;5;20;46;46070;;1;1;CV-310;13,004;6;8;2;;;1;6;2;;;17;1
12;7;4;46;46070;;1;1;A-7;318,583;3;4;2;;;1;6;7;;;18;1
8;7;19;46;0;;1;1;No inventariada;9,1;14;19;2;;;1;2;1;;;1;1
8;4;13;46;0;;1;1;CV-580;29,2;6;16;2;;;1;1;1;;;1;2
10;7;14;46;0;;1;1;CV-580;24,02;6;18;2;;;1;1;1;;;1;2
2;6;12;46;0;;1;1;CV-81;14,6;6;18;1;4;;1;1;1;;;1;2
2;7;11;46;0;;1;1;CV-81;15,805;5;12;1;4;;1;1;1;;;1;1
2;4;11;46;0;;1;1;CV-81;19,6;6;2;1;5;DESCONOCID;1;1;1;;;1;1
3;5;15;46;0;;1;1;CV-81;13,575;6;3;1;2;;1;1;1;;;1;1
5;7;13;46;0;;1;1;CV-794;3,48;5;16;2;;;1;1;1;;;1;1
7;5;14;46;0;;1;1;CV-81;14,646;6;3;1;4;;1;1;1;;;4;2
7;4;9;46;0;;1;1;CV-81;15,6;6;10;1;4;;8;1;1;;;1;1
10;2;8;46;0;;1;1;CV-81;19,6;6;2;1;5;;3;1;1;;;1;1
11;7;13;46;0;;1;1;CV-81;13,026;6;2;1;5;;1;1;1;;;1;1
12;2;11;46;0;;1;1;CV-81;19,1;6;2;1;1;;1;1;1;;;6;1
3;4;12;46;0;;1;1;CV-580;7,1;6;19;2;;;1;1;1;;;1;1
5;4;20;46;0;;1;1;CV-580;10,4;6;16;2;;;1;2;1;;;1;2
6;7;0;46;0;;1;1;CV-580;9,9;6;8;2;;;1;6;1;;;1;1
12;2;15;46;0;;1;1;CV-580;7,582;6;20;2;;;1;1;1;;;1;1
7;1;19;46;0;;3;2;No inventariada;;9;7;1;2;;1;1;1;;;1;998
1;1;19;46;46077;;1;1;A-3;320,54;2;4;2;;;1;5;1;;;1;1
1;5;21;46;46077;;1;1;A-3;310;3;4;2;;;3;6;3;1;;5;2
1;5;14;46;46077;;3;2;No inventariada;;9;5;2;;;3;1;3;;;1;998
1;1;20;46;46077;;3;2;No inventariada;;9;5;1;2;;1;5;1;;;1;998
2;6;12;46;46077;;3;2;No inventariada;;9;20;2;;;1;1;1;;;1;998
2;3;12;46;46077;;3;2;No inventariada;;9;7;2;;;1;1;1;;;1;998
3;5;11;46;0;;1;1;CV-425;16,6;6;19;2;;;1;1;1;;;4;3
3;7;9;46;0;;1;1;CV-425;19,6;6;19;2;;;1;1;2;;;1;2
3;2;10;46;46077;;1;1;CV-425;2,5;6;19;2;;;1;1;2;;;1;2
3;1;23;46;46077;;1;1;A-3;310,1;3;16;2;;;3;6;2;;;1;2
3;4;22;46;46077;;3;2;No inventariada;;9;7;2;;;1;4;2;;;18;998
4;4;9;46;46077;;3;2;No inventariada;;9;7;1;2;CV-424;1;1;1;;;1;998
5;4;17;46;46077;;1;1;A-3;314,2;3;4;2;;;1;1;1;;;1;1
5;4;15;46;46077;;3;2;No inventariada;;9;2;1;2;;1;1;1;;;1;998
6;6;21;46;46077;;1;1;A-3;311,561;3;19;2;;;3;6;4;;;1;1
6;1;9;46;46077;;1;1;A-3;310,522;3;12;2;;;1;1;2;;;1;1
6;7;13;46;46077;;1;1;CV-425;4,5;6;4;2;;;1;1;1;;;1;1
6;5;18;46;46077;;3;2;No inventariada;;9;7;1;2;;1;1;1;;;1;998
6;1;14;46;46077;;3;2;No inventariada;;9;2;1;2;;1;1;1;;;9;998
6;3;14;46;46077;;3;2;No inventariada;;9;2;2;;;1;1;1;;;1;998
7;2;10;46;46077;;1;1;CV-425;3,807;6;18;1;4;;1;1;1;;;1;2
8;7;17;46;0;;1;1;CV-425;9,331;6;16;2;;;1;1;1;;;1;2
8;2;7;46;46077;;1;1;A-3;319,046;8;4;1;2;;1;2;1;;;1;1
8;7;8;46;46077;;1;1;CV-423;1;6;12;2;;;1;1;1;;;1;2
8;7;16;46;46077;;1;1;A-3;310;3;12;2;;;1;1;1;;;1;3
9;6;11;46;46077;;1;1;N-3;299,3;6;2;2;;;1;1;1;;;1;1
7;3;11;46;46077;;3;2;No inventariada;;9;4;1;1;;1;1;1;;;1;998
9;5;7;46;0;;1;1;CV-425;15;6;14;2;;;1;2;1;;;1;2
7;6;12;46;46077;;3;2;No inventariada;;9;4;1;2;;1;1;1;;;18;998
8;2;8;46;46077;;3;2;No inventariada;;9;20;1;2;;1;1;1;;;1;998
9;7;8;46;46077;;3;2;No inventariada;;9;1;2;;;3;1;1;;;1;998
8;6;5;46;46077;;3;2;No inventariada;;9;10;1;2;;3;4;2;;;1;998
9;7;13;46;46077;;1;1;A-3;311,046;3;4;2;;;1;1;1;;;1;3
10;2;21;46;46077;;1;1;CV-425;0,7;6;7;2;;;1;6;1;;;1;1
11;1;23;46;46077;;1;1;A-3;321,225;3;4;2;;;1;6;1;;;1;1
10;2;8;46;46077;;3;2;No inventariada;;9;7;1;2;;3;1;4;;;5;998
2;2;7;46;46078;;1;1;CV-35;3,175;3;4;2;;;1;3;1;;;18;1
2;5;19;46;46078;;1;1;CV-35;3,1;3;4;1;12;CV-30;1;5;1;;;1;1
2;2;19;46;46078;;3;2;No inventariada;;9;7;1;1;;1;3;1;;;1;998
2;1;10;46;46078;;3;2;No inventariada;;9;3;2;;;1;1;1;;;1;998
3;1;13;46;46078;;3;2;No inventariada;;9;2;1;1;;1;1;1;;;1;998
2;3;20;46;46078;;3;2;No inventariada;;9;10;2;;;1;4;1;;;1;998
1;5;17;46;46078;;3;2;No inventariada;;9;2;2;;;1;1;1;;;1;998
2;6;12;46;46078;;3;2;No inventariada;;9;2;2;;;1;1;1;;;1;998
1;1;13;46;46078;;3;2;No inventariada;;9;7;1;2;;1;1;1;;;1;998
1;4;21;46;46078;;3;2;No inventariada;;9;7;2;;;1;4;1;;;1;998
1;4;17;46;46078;;3;2;No inventariada;;9;3;1;1;;1;1;1;;;1;998
1;4;20;46;46078;;3;2;No inventariada;;9;7;2;;;1;4;1;;;1;998
1;3;16;46;46078;;3;2;No inventariada;;9;4;2;;;1;1;1;;;1;998
3;5;18;46;46078;;3;2;No inventariada;;9;6;2;;;1;3;1;;;1;998
3;5;15;46;46078;;3;2;No inventariada;;9;10;2;;;1;1;1;;;1;998
3;1;14;46;46078;;3;2;No inventariada;;9;4;2;;;1;4;1;;;1;998
2;7;22;46;46078;;3;2;No inventariada;;9;2;1;1;;1;4;1;;;1;998
1;3;16;46;46078;;3;2;No inventariada;;9;3;1;4;;1;1;1;;;1;998
2;3;10;46;46078;;3;2;No inventariada;;9;7;2;;;1;1;1;;;1;998
4;2;14;46;46078;;3;2;No inventariada;;9;11;2;;;7;1;1;;;1;998
4;3;17;46;46078;;3;2;No inventariada;;9;3;1;1;;1;1;1;;;1;998
6;1;21;46;46250;;1;1;CV-30;4;3;19;1;10;CV-35;3;4;3;;;1;2
4;3;17;46;46078;;3;2;No inventariada;;9;3;2;;;1;1;1;;;1;998
4;4;7;46;46078;;3;2;No inventariada;;9;2;1;1;;1;1;1;;;1;998
5;6;10;46;46078;;3;2;No inventariada;;9;7;2;;;1;1;1;;;1;998
6;7;1;46;46078;;3;2;No inventariada;;9;7;1;1;;1;4;1;;;1;998
6;2;12;46;46078;;3;2;No inventariada;;9;10;1;1;;1;1;1;;;1;998
9;4;20;46;46078;;1;1;CV-35;2,838;8;15;2;;;3;4;2;;;1;1
9;1;9;46;46078;;1;1;CV-35;3,7;3;4;2;;;1;1;1;;;1;1
9;5;4;46;46078;;1;1;CV-30;4,3;3;19;1;10;CV-35;1;4;1;;;1;2
10;2;13;46;46078;;1;1;CV-35;4,6;3;5;1;10;;1;1;1;;;1;2
10;3;9;46;46078;;1;1;CV-35;4,226;3;5;2;;;1;1;1;;;1;1
7;1;18;46;46078;;3;2;No inventariada;;9;7;2;;;1;1;1;;;1;998
7;2;20;46;46078;;3;2;No inventariada;;9;7;2;;;1;1;1;;;1;998
7;3;18;46;46078;;3;2;No inventariada;;9;7;2;;;1;1;1;;;1;998
8;3;18;46;46078;;3;2;No inventariada;;9;7;2;;;1;1;1;;;1;998
8;5;18;46;46078;;3;2;No inventariada;;9;2;2;;;1;1;1;;;1;998
8;2;19;46;46078;;3;2;No inventariada;;9;7;2;;;1;1;1;;;1;998
10;3;8;46;46078;;1;1;CV-35;4,6;3;3;1;2;;1;1;1;;;1;1
9;1;18;46;46078;;3;2;No inventariada;;9;4;2;;;1;1;1;;;1;998
9;2;13;46;46078;;3;2;No inventariada;;9;7;2;;;1;1;1;;;1;998
9;6;16;46;46078;;3;2;No inventariada;;9;2;1;1;;1;1;1;;;1;998
8;4;21;46;46078;;3;2;No inventariada;;9;7;2;;;1;3;1;;;1;998
9;1;18;46;46078;;3;2;No inventariada;;9;7;2;;;1;1;1;;;1;998
9;2;13;46;46078;;3;2;No inventariada;;9;3;2;;;1;1;1;;;1;998
10;4;7;46;46078;;1;1;CV-35;5,1;3;4;2;;;1;1;1;;;1;1
10;2;9;46;46078;;3;2;No inventariada;;9;7;1;1;;1;1;1;;;1;998
10;4;8;46;46078;;3;2;No inventariada;;9;2;1;1;;1;1;1;;;1;998
10;5;8;46;46078;;3;2;No inventariada;;9;4;2;;;1;1;1;;;1;998
10;5;18;46;46078;;3;2;No inventariada;;9;2;1;1;;1;1;1;;;1;998
10;4;7;46;46078;;1;1;CV-35;5,1;3;4;2;;;1;1;1;;;1;1
10;5;8;46;46078;;3;2;No inventariada;;9;3;1;4;;1;1;1;;;1;998
11;1;17;46;46078;;1;1;CV-35;5,016;3;4;2;;;1;4;1;;;1;1
12;3;5;46;46078;;1;1;CV-35;2,9;3;10;1;12;CV-30;3;4;2;;;1;1
4;5;7;46;0;;1;1;CV-35;65;6;7;2;;;1;3;1;;;1;4
5;7;13;46;0;;1;1;No inventariada;0,5;10;2;1;2;;1;1;2;;;3;1
3;7;5;46;46081;;1;1;A-7;399,7;3;16;2;;;1;6;1;;;1;1
3;1;16;46;46145;;1;1;A-7;403,627;3;4;2;;;3;1;3;;;1;3
7;3;18;46;46081;;1;1;No inventariada;0,6;10;16;2;;;1;1;1;;;1;2
7;3;12;46;46081;;1;1;A-7;399,7;3;14;2;;;1;1;1;;;1;2
8;6;4;46;46081;;1;1;A-7;405,405;3;16;2;;;1;6;1;;;1;3
10;2;17;46;46081;;1;1;A-7;399,3;3;16;2;;;1;1;1;;;1;2
12;2;17;46;0;;1;1;A-7;396,4;5;4;2;;;1;1;1;;;1;1
6;6;0;46;46082;;1;1;CV-309;9,073;6;12;1;4;CV-317;1;4;1;;;18;1
3;1;21;46;46083;;1;1;CV-41;4,2;6;8;2;;;3;6;3;;;1;1
6;5;20;46;46017;;1;1;CV-41;1,509;6;5;2;;;1;1;1;;;1;1
7;6;15;46;46083;;1;1;CV-543;3,15;6;12;2;;;1;1;1;;;1;2
8;5;10;46;46017;;1;1;CV-41;1,122;6;10;2;;;1;1;1;;;1;1
10;2;6;46;46083;;1;1;CV-543;2,3;6;15;2;;;3;6;2;;;1;2
11;6;11;46;46083;;1;1;CV-41;2,29;5;4;2;;;3;1;2;;;1;2
11;2;5;46;46083;;1;1;CV-545;2,06;6;2;1;2;CV-545;1;6;1;;;1;2
11;5;18;46;46017;;1;1;CV-41;1;6;5;2;;;1;4;1;;;1;1
11;6;10;46;46083;;1;1;CV-41;2,05;6;2;1;4;CV-41;1;1;1;;;1;1
5;7;10;46;0;;2;2;CV-560;7,6;6;10;2;;;1;1;1;;;1;2
5;5;14;46;0;;1;1;CV-560;5,5;6;3;1;2;A-7;1;1;1;;;1;1
10;3;15;46;0;;3;2;No inventariada;;9;1;1;1;;1;1;1;;;1;998
2;5;7;46;46019;;1;1;A-7;371,5;3;3;2;;;1;3;1;;;1;3
3;6;10;46;46085;;1;1;CV-524;0,891;6;4;1;4;;3;1;3;;;1;1
4;6;18;46;46085;;1;1;CV-524;1,508;6;17;2;;;1;1;6;;;1;1
6;4;14;46;46085;;1;1;CV-50;31,8;6;2;1;2;;1;1;1;;;1;1
7;1;8;46;46085;;1;1;CV-50;36,64;6;3;1;5;DESCONOCID;3;1;2;;;1;1
10;1;10;46;46085;;1;1;A-7;368;3;3;2;;;1;1;1;;;1;1
10;2;15;46;46085;;1;1;A-7;367,5;3;9;2;;;4;1;4;;1;5;1
11;5;9;46;46085;;1;1;A-7;368,545;3;19;2;;;1;1;2;;1;1;1
4;1;14;46;0;;1;1;CV-380;22,321;6;19;2;;;1;1;1;;;1;1
9;1;13;46;46147;;1;1;CV-35;37,72;3;10;2;;;1;1;2;;;18;3
1;5;8;46;0;;1;1;CV-614;0,001;6;9;1;4;CV-615;3;3;1;;;1;2
3;3;13;46;0;;1;1;N-420;537,7;6;16;2;;;1;1;1;;;1;2
5;7;13;46;0;;1;1;N-330;273,45;6;15;2;;;1;1;2;;;1;2
6;6;8;46;0;;1;1;CV-50;41;6;14;2;;;1;1;1;;;1;1
1;5;16;46;46094;;1;1;CV-400;4;5;15;1;4;;3;1;3;;;1;1
3;6;20;46;46094;;1;1;CV-400;5,195;5;3;1;4;;1;4;1;;;1;2
3;5;14;46;46094;;1;1;CV-400;4,6;5;4;2;;;1;2;1;;;1;1
4;2;11;46;46094;;1;1;CV-400;5,2;5;2;1;4;;1;1;1;;;1;3
4;6;21;46;46094;;1;1;V-31;7,5;3;3;2;;;1;6;1;;;1;1
4;7;4;46;46094;;1;1;V-31;8,4;3;19;2;;;1;6;1;;;1;1
4;2;13;46;46094;;1;1;V-31;7,877;7;4;1;2;V-31;1;1;1;;;1;1
6;1;10;46;46094;;2;2;CAMINO DE;4,622;10;10;2;;;2;1;1;;;18;1
7;4;8;46;46094;;1;1;CV-400;5,27;5;2;1;4;CV-400;1;1;1;;;1;2
7;1;10;46;46094;;1;1;V-31;8,39;3;4;2;;;1;1;1;;;1;1
8;4;6;46;46094;;1;1;CV-400;5,246;5;3;1;4;;1;2;1;;;18;2
8;3;16;46;46094;;1;1;V-31;7,879;7;2;2;;;1;1;1;;;1;1
9;2;12;46;46094;;3;2;No inventariada;;9;7;2;;;1;1;1;;;1;998
9;2;15;46;46094;;3;2;No inventariada;;9;7;2;;;1;1;1;;;1;998
9;3;16;46;46094;;3;2;No inventariada;;9;1;2;;;1;1;1;;;1;998
9;1;10;46;46094;;3;2;No inventariada;;9;7;2;;;1;1;1;;;1;998
9;3;6;46;46094;;3;2;No inventariada;;9;7;1;1;;1;4;1;;;1;998
9;1;7;46;46094;;1;1;CV-400;4,038;5;3;2;;;1;1;1;;;1;1
9;2;14;46;46094;;3;2;No inventariada;;9;3;2;;;1;1;1;;;1;998
9;1;21;46;46094;;1;1;CV-400;4,878;5;4;2;;;1;4;1;;;1;1
9;6;20;46;46094;;3;2;No inventariada;;9;1;1;2;;1;1;1;;;1;998
10;6;2;46;46094;;1;1;V-31;8,2;3;7;2;;;1;6;1;;;1;1
10;6;1;46;46094;;3;2;No inventariada;;9;6;2;;;1;4;1;;;1;998
10;2;17;46;46094;;3;2;No inventariada;;9;2;1;4;;1;1;1;;;1;998
11;7;12;46;46094;;1;1;V-31;7,486;3;4;2;;;1;1;1;;;18;1
4;2;10;46;0;;1;1;N-3;251;6;17;2;;;1;1;1;;;1;1
6;5;17;46;0;;1;1;A-3;264;3;4;2;;;1;1;1;;;1;1
12;7;15;46;0;;1;1;N-3;256,229;6;2;1;4;;1;5;1;;;1;1
10;7;11;46;0;;1;1;CV-567;0,87;6;17;2;;;8;1;1;;;1;1
6;7;16;46;0;;1;1;N-330;145,8;6;18;2;;;1;1;1;;;1;2
6;7;11;46;0;;3;2;No inventariada;;9;12;2;;;1;1;1;;;1;998
9;6;17;46;0;;1;1;N-330;132,727;6;12;1;2;;1;1;1;;;18;1
8;6;8;46;0;;1;1;N-330;149,55;6;2;2;;;1;1;1;;;1;1
1;2;7;46;0;;1;1;AP-7;551,15;2;3;2;;;1;2;1;;;1;1
1;5;15;46;0;;1;1;CV-510;4,7;6;1;2;;;3;1;3;;;1;1
2;4;19;46;0;;1;1;CV-509;4,965;6;8;2;;;3;6;3;;;1;1
3;6;12;46;0;;1;1;AP-7;553,2;2;3;2;;;1;1;1;;;1;1
4;2;18;46;0;;1;1;CV-509;3,35;6;19;2;;;1;1;1;;;1;1
6;2;11;46;0;;1;1;CV-510;6,3;6;2;1;4;;1;1;1;;;1;2
6;3;0;46;0;;1;1;AP-7;550;2;14;2;;;1;6;1;;;1;1