MES;DIA_SEMANA;HORA;COD_PROVINCIA;COD_MUNICIPIO;ISLA;ZONA;ZONA_AGRUPADA;CARRETERA;KM;TIPO_VIA;TIPO_ACCIDENTE;NUDO;NUDO_INFO;CARRETERA_CRUCE;CONDICION_FIRME;CONDICION_ILUMINACION;CONDICION_METEO;CONDICION_NIEBLA;CONDICION_VIENTO;VISIB_RESTRINGIDA_POR;TRAZADO_PLANTA
8;7;9;46;0;;1;1;CV-510;6,3;6;2;1;4;CV-510;1;1;1;;;1;1
8;1;7;46;0;;1;1;CV-510;5,2;6;17;2;;;1;1;1;;;1;1
9;3;8;46;0;;1;1;CV-508;0,663;6;2;1;1;;1;1;1;;;18;1
3;6;13;46;0;;1;1;CV-428;14,5;6;9;2;;;9;4;1;;;1;3
7;6;9;46;0;;1;1;CV-425;30,7;6;19;2;;;1;1;1;;;1;2
8;4;19;46;0;;1;1;CV-428;15;6;18;2;;;1;1;1;;;1;1
9;7;16;46;0;;1;1;CV-425;39,54;6;1;2;;;1;1;1;;;4;3
6;3;20;46;0;;3;2;No inventariada;;14;9;2;;;1;1;1;;;1;998
11;5;3;46;0;;1;1;CV-320;2,8;6;14;1;4;;3;4;3;;;1;3
1;4;19;46;46102;;1;1;V-30;12,5;3;4;1;2;CV-371;1;6;1;;;1;1
1;5;14;46;46102;;1;1;A-3;347,8;3;5;2;;;1;1;1;;;1;1
1;3;8;46;46102;;1;1;V-30;10;3;4;2;;;1;1;1;;;1;1
2;5;19;46;46102;;1;1;A-3;348,155;3;16;2;;;1;4;1;;;1;2
2;3;17;46;46102;;1;1;V-30;10,02;3;4;2;;;1;1;1;;;1;1
3;7;2;46;46102;;1;1;V-30;10;3;12;1;4;;1;5;2;;;1;2
3;1;9;46;46102;;1;1;V-30;11;3;4;2;;;1;1;1;;;1;2
3;5;6;46;46102;;1;1;V-30;10,797;3;12;2;;;1;6;1;;;1;2
3;1;21;46;46102;;1;1;A-3;346;3;4;1;10;;3;4;2;;;1;1
4;2;18;46;46102;;1;1;A-3;348;3;1;2;;;1;1;1;;;1;2
4;3;8;46;46102;;1;1;A-7;338;3;3;2;;;1;1;1;;;1;1
4;3;19;46;46102;;1;1;V-30;11,1;3;4;2;;;1;1;1;;;1;3
4;4;15;46;46102;;1;1;A-3;342,891;7;3;2;;;1;1;1;;;18;1
4;2;10;46;46102;;1;1;A-3;347,5;3;4;2;;;1;1;1;;;1;1
5;4;18;46;46190;;1;1;V-30;11,2;3;15;2;;;1;1;1;;;1;2
6;7;18;46;46102;;1;1;V-30;11,8;3;12;2;;;1;1;1;;;1;2
6;5;14;46;46102;;1;1;A-3;344,266;3;4;2;;;1;1;1;;;1;1
7;3;16;46;46102;;1;1;A-3;348;3;4;2;;;1;1;1;;;1;1
7;3;21;46;46102;;1;1;V-30;10,176;3;12;2;;;1;2;1;;;1;1
6;3;6;46;46102;;1;1;A-3;350,015;3;4;2;;;1;4;1;;;1;1
2;1;10;46;46102;;3;2;No inventariada;;9;7;1;1;;1;1;1;;;18;998
2;1;20;46;46102;;3;2;No inventariada;;9;7;1;1;;1;3;1;;;17;998
1;2;5;46;46102;;3;2;No inventariada;;9;3;2;;;1;4;2;;;1;998
2;2;19;46;46102;;3;2;No inventariada;;9;4;1;2;;1;4;1;;;1;998
1;3;8;46;46102;;3;2;No inventariada;;14;3;2;;;1;4;1;;;1;998
2;4;10;46;46102;;3;2;No inventariada;;9;7;2;;;1;2;1;;;1;998
2;1;13;46;46102;;3;2;No inventariada;;9;7;1;4;;1;1;1;;;1;998
2;1;11;46;46102;;3;2;No inventariada;;9;3;1;4;;1;1;1;;;2;998
7;5;13;46;46102;;1;1;A-3;344,398;3;12;2;;;1;1;1;;;1;1
7;5;14;46;46102;;1;1;A-3;344,892;3;3;2;;;1;1;1;;;1;1
3;4;16;46;46102;;3;2;No inventariada;;9;4;2;;;1;1;1;;;1;998
3;2;17;46;46102;;3;2;No inventariada;;9;4;1;1;;1;3;1;;;1;998
3;2;7;46;46102;;3;2;No inventariada;;14;2;1;1;;2;2;1;;;1;998
4;5;12;46;46102;;3;2;No inventariada;;9;10;2;;;1;1;1;;;1;998
4;3;15;46;46102;;3;2;No inventariada;;9;7;1;1;;1;1;1;;;1;998
5;5;7;46;46102;;3;2;No inventariada;;14;10;2;;;2;1;1;;;1;998
5;1;10;46;46102;;3;2;No inventariada;;9;7;1;1;;1;1;1;;;6;998
5;3;10;46;46102;;3;2;No inventariada;;9;7;1;1;;1;1;1;;;1;998
5;1;8;46;46102;;3;2;No inventariada;;9;7;1;1;;1;1;1;;;1;998
5;2;15;46;46102;;3;2;No inventariada;;9;3;2;;;1;1;1;;;1;998
7;1;13;46;46159;;1;1;A-7;331;3;4;2;;;1;1;1;;;1;1
8;4;12;46;46169;;1;1;A-3;350,845;3;4;2;;;1;1;7;;;1;1
6;4;14;46;46102;;3;2;No inventariada;;9;10;2;;;1;1;1;;;1;998
6;5;17;46;46102;;3;2;No inventariada;;9;2;2;;;1;1;1;;;1;998
6;7;20;46;46102;;3;2;No inventariada;;9;6;2;;;1;1;1;;;6;998
6;2;10;46;46102;;3;2;No inventariada;;14;10;1;4;;3;1;1;;;1;998
6;4;5;46;46102;;3;2;No inventariada;;9;2;1;2;;1;4;1;;;1;998
7;3;23;46;46102;;3;2;No inventariada;;9;4;2;;;1;4;1;;;1;998
7;2;10;46;46102;;3;2;No inventariada;;9;7;2;;;1;1;1;;;1;998
7;4;15;46;46102;;3;2;No inventariada;;9;5;2;;;1;1;1;;;1;998
7;4;16;46;46102;;3;2;No inventariada;;9;20;2;;;1;1;1;;;1;998
9;1;8;46;46102;;1;1;V-30;12,428;3;4;1;10;;1;1;2;;;1;1
10;2;11;46;46102;;1;1;V-30;10,85;3;4;2;;;1;1;1;;;1;2
9;7;21;46;46102;;1;1;V-30;10;3;5;2;;;1;6;1;;;7;1
10;3;8;46;46102;;1;1;V-30;10,9;3;5;2;;;1;1;1;;;1;1
9;7;20;46;46102;;1;1;A-3;345;3;2;2;;;1;4;1;;;1;1
10;1;7;46;46102;;1;1;A-7;336,764;3;4;2;;;1;2;1;;;1;1
10;5;13;46;46102;;1;1;A-3;350,7;3;4;2;;;1;1;1;;;1;1
10;4;8;46;46102;;1;1;A-7;336,842;3;5;1;10;A-3;1;4;1;;;18;1
10;5;11;46;46102;;1;1;A-3;343;3;10;2;;;3;1;2;;;1;1
11;5;6;46;46102;;1;1;V-30;10,4;3;4;2;;;1;2;1;;;1;1
11;6;19;46;46102;;1;1;A-7;336,8;3;3;2;;;1;6;1;;;1;2
11;1;9;46;46190;;1;1;V-30;13,2;3;10;2;;;1;1;1;;;1;1
11;2;14;46;46102;;1;1;A-3;349;3;10;1;4;CV-401;7;1;1;;;18;2
11;1;9;46;46102;;1;1;V-30;10;3;3;2;;;1;1;1;;;1;1
12;2;16;46;46021;;1;1;CV-410;4,952;6;16;1;4;;2;4;1;;;1;3
12;3;10;46;46102;;1;1;CV-30;0,2;3;4;2;;;1;1;1;;;1;1
6;6;7;46;46220;;1;1;AP-7;467,4;2;19;2;;;1;1;2;;;18;1
6;5;22;46;0;;1;1;CV-621;2,706;6;18;2;;;1;6;1;;;1;2
1;1;17;46;46105;;1;1;CV-5040;2,7;6;4;2;;;1;1;1;;;1;1
2;4;23;46;46105;;1;1;CV-502;7,815;6;15;2;;;1;6;1;;;1;2
3;7;15;46;46235;;1;1;CV-502;4,095;6;7;2;;;1;1;1;;;18;1
4;4;23;46;46105;;1;1;CV-502;6,6;6;3;1;1;CV-503;1;6;1;;;1;2
4;1;8;46;46105;;1;1;CV-603;1,2;6;16;2;;;1;1;3;;;1;3
1;1;16;46;46105;;3;2;No inventariada;;9;7;2;;;1;1;1;;;6;998
1;3;16;46;46105;;3;2;No inventariada;;9;3;2;;;1;1;1;;;2;998
1;6;13;46;46105;;3;2;No inventariada;;9;2;2;;;1;1;1;;;18;998
2;6;12;46;46105;;3;2;No inventariada;;9;3;2;;;1;1;1;;;1;998
2;5;21;46;46105;;3;2;No inventariada;;9;10;2;;;1;1;1;;;1;998
2;2;18;46;46105;;3;2;No inventariada;;9;3;1;1;;1;1;1;;;1;998
3;4;9;46;46105;;3;2;No inventariada;;9;3;1;4;;1;1;1;;;1;998
3;7;17;46;46105;;3;2;No inventariada;;9;7;2;;;1;1;1;;;1;998
3;3;13;46;46105;;3;2;No inventariada;;9;10;1;1;;3;1;1;;;1;998
4;6;14;46;46105;;3;2;No inventariada;;9;2;1;1;;1;1;7;;;4;998
4;5;10;46;46105;;3;2;No inventariada;;9;7;2;;;1;2;1;;;1;998
6;7;6;46;46105;;1;1;CV-503;1,5;6;14;2;;;1;2;1;;;1;2
4;1;10;46;46105;;3;2;No inventariada;;9;2;2;;;3;1;1;;;1;998
6;1;12;46;46105;;1;1;CV-502;5,6;6;3;2;;;1;1;1;;;1;2
6;4;14;46;46105;;1;1;CV-603;0,6;6;2;1;2;1;1;1;1;;;1;1
6;2;9;46;46105;;3;2;No inventariada;;9;2;2;;;1;1;1;;;1;998
6;4;10;46;46105;;3;2;No inventariada;;9;2;2;;;1;1;1;;;18;998
6;5;16;46;46105;;3;2;No inventariada;;9;10;2;;;7;1;1;;;1;998
6;4;10;46;46105;;3;2;No inventariada;;9;3;2;;;1;1;1;;;1;998
7;6;20;46;46105;;3;2;No inventariada;;9;4;2;;;2;1;1;;;18;998
7;2;17;46;46105;;3;2;No inventariada;;9;10;2;;;1;1;7;;;1;998
7;4;22;46;46105;;3;2;No inventariada;;9;10;1;1;;1;4;7;;;18;998
7;7;12;46;46105;;3;2;No inventariada;;9;7;2;;;1;1;7;;;18;998
8;6;13;46;46105;;3;2;No inventariada;;9;2;2;;;1;1;1;;;9;998
9;4;9;46;46105;;1;1;CV-603;0,55;6;10;2;;;1;1;1;;;1;1
10;2;8;46;46105;;1;1;CV-603;0,465;6;2;2;;;1;1;1;;;6;1
10;3;14;46;46105;;1;1;CV-603;3,35;6;4;1;2;;1;1;1;;;1;1
9;7;20;46;46105;;3;2;No inventariada;;9;7;2;;;1;1;1;;;1;998
9;2;10;46;46105;;3;2;No inventariada;;9;3;2;;;1;1;1;;;1;998
9;1;19;46;46105;;3;2;No inventariada;;9;7;2;;;1;1;1;;;1;998
12;6;0;46;46105;;1;1;CV-603;2,048;6;3;2;;;1;6;1;;;1;1
12;7;6;46;46105;;1;1;CV-502;4,941;6;19;2;;;1;2;1;;;1;1
12;7;11;46;46105;;1;1;CAMINO CEB;0,5;10;1;2;;;1;1;1;;;1;1
7;2;19;46;0;;1;1;PIST FORES;0,1;10;10;2;;;2;1;1;;;1;1
8;3;12;46;46147;;1;1;CV-346;7,3;6;19;2;;;1;1;1;;;1;2
10;7;9;46;0;;1;1;CV-35;65,5;6;1;2;;;1;1;1;;;1;1
2;4;19;46;0;;3;2;No inventariada;;9;10;2;;;3;4;3;;;1;998
4;4;19;46;0;;1;1;CV-580;7,05;6;4;1;4;CV-580;1;1;1;;;1;1
2;6;13;46;46213;;1;1;CV-395;8,2;6;19;2;;;1;1;1;;;18;2
3;7;13;46;0;;1;1;CV-395;20,022;6;19;2;;;1;1;2;;;1;2
5;6;12;46;0;;1;1;No inventariada;4,3;14;1;2;;;2;1;1;;;4;1
1;5;15;46;46109;;1;1;CV-378;1,602;6;12;1;4;;3;1;3;;;1;1
1;3;10;46;46109;;1;1;CV-378;2,8;6;17;2;;;1;1;2;;;1;1
2;3;20;46;46109;;3;2;No inventariada;;9;5;2;;;1;4;7;;;18;998
2;3;22;46;46109;;3;2;No inventariada;;9;7;1;1;;1;4;7;;;18;998
2;2;20;46;46109;;3;2;No inventariada;;9;2;1;1;;9;4;7;;;18;998
4;5;14;46;46109;;1;1;CV-378;0,3;5;4;2;;;1;1;1;;;1;1
6;6;12;46;46109;;3;2;No inventariada;;9;7;2;;;3;1;1;;;18;998
6;1;15;46;46109;;3;2;No inventariada;;9;3;1;1;;1;1;1;;;18;998
6;1;17;46;46109;;1;1;CV-50;77,6;6;13;2;;;1;1;1;;;1;1
6;2;18;46;46109;;1;1;A-3;330,4;3;4;2;;;1;1;2;;;1;1
7;3;20;46;46109;;1;1;CV-50;76;6;2;1;4;;1;1;1;;;1;2
7;2;13;46;46111;;1;1;A-3;332,5;3;3;2;;;1;1;1;;;1;1
7;6;9;46;46109;;1;1;CV-381;3,4;6;3;2;;;1;1;1;;;1;1
8;3;18;46;46109;;1;1;A-3;329,95;14;14;2;;;1;1;1;;;1;1
8;1;8;46;46109;;1;1;No inventariada;1,053;10;16;2;;;1;1;1;;;1;1
9;4;10;46;46109;;3;2;No inventariada;;9;7;2;;;1;1;1;;;18;998
11;4;7;46;46109;;3;2;No inventariada;;14;7;2;;;1;4;7;;;18;998
12;7;19;46;46111;;1;1;A-3;328,75;3;4;2;;;1;6;1;;;1;1
12;1;5;46;46111;;1;1;CV-50;73,497;6;2;1;3;;1;6;7;;;18;1
3;7;18;46;46110;;1;1;V-30;8,788;3;4;2;;;1;2;1;;;1;1
3;2;21;46;46110;;1;1;V-30;8,05;3;9;1;12;;1;5;1;;;1;1
3;1;14;46;46110;;1;1;V-30;8;3;5;2;;;3;1;3;;;1;1
3;3;12;46;46102;;1;1;CV-403;0,6;6;2;2;;;1;1;2;;;1;1
3;7;10;46;46110;;1;1;V-30;9;3;14;2;;;3;1;3;;;1;1
4;2;6;46;46110;;1;1;V-30;8,1;3;4;2;;;1;3;1;;;1;1
5;1;15;46;46169;;1;1;V-30;9,156;3;15;2;;;1;1;1;;;1;1
5;5;18;46;46110;;1;1;V-30;8,861;3;3;2;;;1;1;1;;;1;1
6;5;20;46;46250;;1;1;V-30;7,291;3;10;2;;;1;2;1;;;1;1
7;5;9;46;46110;;1;1;V-30;9;3;3;2;;;1;1;1;;;1;1
7;4;10;46;46110;;1;1;V-30;8,45;3;4;2;;;1;1;1;;;1;1
7;1;12;46;46110;;1;1;V-30;7,6;3;3;2;;;1;1;1;;;1;1
8;3;12;46;46110;;1;1;V-30;7,89;3;4;2;;;1;1;1;;;1;1
8;3;23;46;46110;;1;1;A-3;351,58;3;4;2;;;1;4;1;;;1;1
9;5;19;46;46110;;1;1;A-3;351,738;3;4;2;;;1;4;1;;;1;1
9;5;6;46;46110;;1;1;V-30;8,2;3;4;2;;;1;6;1;;;1;1
10;4;11;46;46110;;1;1;V-30;7,9;3;4;2;;;1;1;1;;;18;1
10;1;7;46;46169;;1;1;A-3;350,773;3;4;1;10;;1;3;7;;;18;1
10;6;11;46;46110;;1;1;V-30;8,91;3;4;2;;;1;1;1;;;1;1
11;2;18;46;46110;;1;1;V-30;8,4;3;3;2;;;1;6;1;;;1;1
12;5;11;46;46021;;1;1;CV-403;0,745;6;7;2;;;1;1;1;;;1;1
1;3;21;46;46111;;1;1;A-3;326,709;3;4;2;;;1;6;1;;;1;1
2;6;12;46;46111;;1;1;A-3;326,5;3;12;1;10;;1;1;1;;;1;1
1;3;11;46;46111;;3;2;No inventariada;;9;7;1;3;;1;1;1;;;1;998
1;5;11;46;46111;;3;2;No inventariada;;9;2;1;2;;1;1;1;;;1;998
1;3;17;46;46111;;3;2;No inventariada;;9;7;1;2;;1;1;1;;;1;998
2;6;13;46;46111;;1;1;A-3;334,9;3;19;2;;;1;1;1;;;1;3
3;3;17;46;46111;;1;1;A-7;337,9;3;4;2;;;1;1;1;;;1;1
3;1;10;46;46111;;1;1;CV-36;12,7;3;12;1;2;A-7;3;1;3;;;1;2
4;4;13;46;46111;;3;2;No inventariada;;9;4;2;;;1;1;1;;;1;998
4;2;19;46;46111;;1;1;A-3;322,7;3;4;2;;;1;1;1;;;1;1
4;5;15;46;46111;;1;1;A-3;336,1;3;4;2;;;1;1;1;;;1;1
4;6;11;46;46111;;1;1;CV-424;1;6;5;2;;;1;1;1;;;1;1
4;1;12;46;46111;;1;1;A-3;336,6;3;15;2;;;7;1;1;;;1;1
4;5;0;46;46111;;3;2;No inventariada;;9;17;2;;;3;4;1;;;1;998
5;3;14;46;46111;;1;1;A-3;332,6;3;4;2;;;1;1;1;;;1;1
4;2;12;46;46111;;1;1;A-3;327,4;3;4;2;;;1;1;1;;;1;3
5;4;11;46;46111;;1;1;CV-50;69,174;6;4;2;;;1;1;1;;;1;1
6;7;17;46;46111;;1;1;CV-417;0,659;6;19;2;;;1;1;1;;;1;1
6;3;11;46;46111;;1;1;CAMINO TIZ;3;14;2;1;1;;1;1;1;;;1;3
6;6;12;46;46111;;1;1;A-3;334,453;3;4;2;;;1;1;1;;;1;1
7;4;9;46;46111;;1;1;A-3;328,375;3;4;2;;;1;1;1;;;1;1
7;5;13;46;46111;;1;1;A-3;336,8;3;4;2;;;1;1;1;;;1;1
7;7;23;46;46111;;1;1;CV-416;14,8;6;2;2;;;1;6;1;;;1;2
7;1;13;46;46111;;1;1;A-3;335;3;15;2;;;1;1;2;;;1;4
8;5;17;46;46111;;1;1;CV-424;1,6;6;17;2;;;1;1;1;;;1;2
8;6;0;46;46111;;1;1;A-3;326,5;3;4;2;;;1;6;1;;;1;3
8;6;9;46;46111;;1;1;A-3;323;3;15;1;10;N-3;7;6;1;;;1;2
9;7;19;46;46111;;1;1;A-3;323,5;3;4;2;;;1;1;1;;;1;1
10;6;20;46;46111;;1;1;A-3;336,5;3;4;2;;;1;6;1;;;1;1
10;2;14;46;46111;;1;1;CV-50;69,065;6;12;2;;;1;1;2;;;1;1
5;7;0;46;46111;;3;2;No inventariada;;9;16;2;;;1;4;1;;;1;998
11;1;9;46;46111;;1;1;A-3;334;3;9;2;;;2;1;1;;;1;2
11;2;13;46;46111;;1;1;CV-36;12,75;3;12;2;;;1;1;1;;;1;2
11;2;19;46;46111;;1;1;CV-36;12,5;3;9;2;;;1;6;1;;;1;2
12;1;20;46;46111;;1;1;A-3;336,066;3;4;2;;;1;6;1;;;18;1
7;5;19;46;0;;1;1;C BODEGA V;2;10;13;2;;;2;1;1;;;1;3
3;5;7;46;46131;;1;1;CV-670;1,2;6;4;2;;;1;1;1;;;1;4
8;5;20;46;0;;1;1;CV-670;2,353;6;8;2;;;1;6;1;;;1;1
11;6;0;46;0;;1;1;CV-35;62;6;1;2;;;1;6;1;;;1;2
12;2;9;46;0;;1;1;CV-35;59,72;6;17;2;;;1;1;7;;;1;1
1;7;12;46;0;;1;1;CV-580;66,3;6;10;2;;;1;1;1;;;4;2
8;6;9;46;0;;1;1;CV-435;13,7;6;19;2;;;1;1;1;;;1;2
10;6;12;46;0;;1;1;CV-435;9,75;6;16;2;;;1;1;1;;;1;2
12;6;11;46;0;;1;1;CV-580;64,315;6;8;2;;;1;1;1;;;1;1
12;7;12;46;0;;1;1;CV-580;64,742;6;15;2;;;2;1;1;;;1;2
1;4;19;46;46903;;1;1;CV-35;15;3;4;2;;;1;4;7;;;18;4
6;3;17;46;46202;;1;1;CV-375;5;6;4;1;4;;1;1;1;;;1;2
6;4;21;46;46116;;1;1;CV-35;16,5;3;4;2;;;1;6;1;;;1;1
12;1;16;46;46116;;1;1;CV-375;0;6;2;1;2;CV-35;1;1;1;;;1;3
12;2;12;46;46116;;1;1;CV-35;16,9;3;4;2;;;1;1;1;;;1;1
1;6;12;46;0;;1;1;CV-590;37,4;6;14;2;;;9;1;1;;;1;1
2;3;11;46;0;;1;1;CV-584;4,803;6;3;2;;;1;1;1;;;4;3
3;7;17;46;0;;1;1;CV-590;36,8;6;10;2;;;1;1;2;;;1;1
4;6;12;46;0;;1;1;CV-590;47,233;6;18;2;;;1;1;1;;;1;2
5;3;13;46;0;;1;1;CV-590;42,122;6;16;2;;;1;1;1;;;1;2
7;3;19;46;0;;1;1;CV-590;46;6;18;2;;;1;1;1;;;1;1
7;4;8;46;0;;3;2;No inventariada;;9;2;1;2;;1;1;1;;;1;998
10;6;12;46;0;;1;1;CV-590;40,6;6;20;1;2;CV-590;1;1;1;;;1;1
11;2;10;46;0;;1;1;CV-590;40,9;6;19;2;;;1;1;1;;;1;1
5;7;12;46;0;;1;1;A-23;7,3;3;20;1;4;A-23;1;1;1;;;1;2
8;4;15;46;0;;1;1;A-23;10;3;19;2;;;1;1;1;;;1;2
9;1;9;46;0;;1;1;N-234;10,563;6;19;2;;;1;1;7;;;18;4
9;5;14;46;0;;1;1;N-234;10,8;6;2;2;;;1;1;1;;;18;1
12;7;11;46;0;;1;1;N-234;11;6;10;2;;;1;1;1;;;1;1
1;6;11;46;0;;1;1;CV-320;2;6;2;1;4;;1;1;1;;;1;2
4;1;16;46;46220;;1;1;A-7;295,786;3;12;2;;;1;1;2;;;1;1
5;7;12;46;0;;1;1;CV-320;2,187;6;3;1;4;;1;1;7;;;18;3
12;1;23;46;0;;1;1;A-7;295,3;3;14;2;;;1;6;1;;;1;2
2;7;10;46;0;;1;1;AP-7;557,8;2;4;2;;;1;1;2;;;1;1
5;4;19;46;0;;1;1;AP-7;559,477;2;16;2;;;1;1;1;;;1;2
7;6;19;46;46105;;1;1;N-332;244,932;6;4;2;;;1;1;1;;;1;1
7;7;16;46;0;;1;1;AP-7;558,978;2;15;2;;;1;1;1;;;1;2
1;6;11;46;0;;1;1;CV-657;1,603;6;14;2;;;1;1;1;;;6;2
5;6;19;46;46184;;1;1;CV-655;5,759;6;14;2;;;2;1;1;;;1;3
11;4;10;46;0;;1;1;CV-655;5;6;1;2;;;3;1;3;2;;5;1
4;1;15;46;46126;;1;1;V-21;12;3;18;2;;;1;1;1;;;1;1
1;7;2;46;0;;1;1;CV-683;2,5;6;18;2;;;1;6;1;;;1;2
7;3;11;46;0;;1;1;CV-682;0,5;6;2;1;2;;1;1;1;;;1;1
8;3;1;46;0;;1;1;CV-683;1,111;6;16;2;;;1;6;1;;;1;1
10;2;9;46;0;;1;1;CV-683;5,2;6;3;2;;;3;1;4;;;1;3
3;5;4;46;0;;1;1;A-35;11,828;3;14;1;12;A-33;1;6;1;;;1;2
3;5;18;46;0;;1;1;A-35;14,3;3;14;2;;;1;1;1;;;1;1
3;3;14;46;0;;1;1;A-33;86,94;3;16;2;;;1;1;1;;1;1;1
6;4;15;46;0;;1;1;A-35;8,836;3;14;2;;;1;1;1;;;1;2
6;6;13;46;0;;1;1;A-35;14;3;12;2;;;1;1;1;;;1;1
9;5;8;46;0;;1;1;A-35;14,3;3;12;2;;;1;1;1;;;1;2
10;1;7;46;0;;1;1;A-35;9,225;3;18;2;;;1;6;1;;;1;2
10;4;22;46;0;;1;1;A-35;9,5;3;17;2;;;3;6;3;;;1;1
2;2;5;46;46011;;1;1;A-7;386,5;3;4;2;;;1;6;2;;;1;1
10;1;15;46;0;;1;1;CV-557;1,3;6;15;2;;;1;1;1;;;1;3
1;2;8;46;46131;;1;1;CV-670;0,1;6;2;1;4;;1;1;1;;;1;2
1;7;19;46;46131;;1;1;CV-686;3,5;6;16;1;4;CV-686;1;4;1;;;1;2
1;5;13;46;46131;;3;2;No inventariada;;9;2;1;1;;1;1;1;;;1;998
1;3;20;46;46131;;3;2;No inventariada;;9;2;1;1;;1;4;1;;;2;998
2;5;6;46;46131;;3;2;No inventariada;;9;10;1;2;;3;4;3;1;;18;998
2;6;10;46;46131;;1;1;N-332;223,5;6;2;1;11;;1;1;1;;;1;1
1;3;7;46;46131;;3;2;No inventariada;;9;4;1;4;;3;3;3;;;1;998
2;3;10;46;46131;;3;2;No inventariada;;9;10;2;;;1;1;1;;;1;998
2;3;21;46;46131;;3;2;No inventariada;;9;2;1;1;;1;4;1;;;1;998
3;6;11;46;46131;;1;1;CºERMITA;12;10;9;2;;;1;1;1;;;1;1
2;7;11;46;46131;;3;2;No inventariada;;9;4;2;;;1;1;1;;;2;998
2;6;18;46;46131;;3;2;No inventariada;;9;3;1;1;;3;4;2;;;3;998
2;5;7;46;46131;;3;2;No inventariada;;9;2;1;1;;3;1;1;;;1;998
2;1;17;46;46131;;3;2;No inventariada;;9;3;2;;;1;1;1;;;18;998
2;7;9;46;46131;;3;2;No inventariada;;9;2;1;4;;1;1;1;;;1;998
3;5;14;46;46131;;3;2;No inventariada;;9;2;1;4;;1;1;1;;;1;998
3;5;18;46;46131;;3;2;No inventariada;;9;10;2;;;1;3;1;;;1;998
2;1;11;46;46131;;3;2;No inventariada;;9;10;1;1;;1;1;1;;;1;998
2;3;18;46;46131;;3;2;No inventariada;;9;10;2;;;1;1;1;;;1;998
1;7;15;46;46131;;3;2;No inventariada;;9;2;1;1;;1;1;1;;;1;998
3;1;15;46;46131;;3;2;No inventariada;;9;10;1;4;;1;1;1;1;;1;998
1;4;15;46;46131;;3;2;No inventariada;;9;10;2;;;1;1;1;;;1;998
1;5;18;46;46131;;3;2;No inventariada;;9;20;2;;;1;4;1;;;1;998
1;2;11;46;46131;;3;2;No inventariada;;9;10;2;;;1;1;1;;;1;998
2;4;17;46;46131;;3;2;No inventariada;;9;7;1;1;;1;1;1;;;1;998
2;4;17;46;46131;;3;2;No inventariada;;9;3;2;;;1;1;1;;;1;998
2;1;15;46;46131;;3;2;No inventariada;;9;3;1;4;;1;1;1;;;1;998
2;2;15;46;46131;;3;2;No inventariada;;9;7;2;;;1;1;1;;;1;998
2;2;18;46;46131;;3;2;No inventariada;;9;7;1;1;;1;1;1;;;1;998
3;6;18;46;46131;;1;1;N-332;221,2;6;12;2;;;1;2;1;;;1;1
2;4;7;46;46131;;3;2;No inventariada;;9;10;2;;;1;1;1;;;1;998
3;5;8;46;46131;;3;2;No inventariada;;9;7;1;4;;1;1;1;;;6;998
3;6;13;46;46131;;3;2;No inventariada;;9;4;1;4;;1;1;1;;;1;998
3;1;2;46;46131;;3;2;No inventariada;;9;19;2;;;1;4;1;;;1;998
3;2;12;46;46131;;3;2;No inventariada;;9;4;2;;;1;1;1;;;1;998
2;2;16;46;46131;;3;2;No inventariada;;9;1;2;;;1;1;1;;;12;998
2;1;18;46;46131;;3;2;No inventariada;;9;10;1;4;;1;1;1;;;1;998
3;2;17;46;46131;;1;1;N-332;222,466;6;4;2;;;1;1;2;;;1;2
3;5;15;46;46131;;3;2;No inventariada;;9;2;1;1;;3;1;3;;;1;998
3;2;14;46;46131;;3;2;No inventariada;;9;2;1;4;;1;1;2;;;1;998
3;4;17;46;46131;;3;2;No inventariada;;9;2;1;1;;1;1;1;;;1;998
3;6;19;46;46131;;3;2;No inventariada;;9;9;1;1;;1;3;1;;;9;998
3;7;15;46;46131;;3;2;No inventariada;;9;2;1;4;;1;1;1;;;1;998
3;2;10;46;46131;;3;2;No inventariada;;9;2;1;1;;1;1;7;1;;1;998
4;2;14;46;46131;;1;1;N-332;220,6;6;3;1;4;N-332;1;1;1;;;1;2
3;3;9;46;46131;;3;2;No inventariada;;9;7;2;;;1;1;1;1;;1;998
4;6;16;46;46131;;1;1;CV-686;3,5;6;9;1;4;N-332;1;1;1;;;1;2
4;2;11;46;46131;;3;2;No inventariada;;9;2;1;1;;1;1;1;;;1;998
4;6;12;46;46131;;1;1;N-337a;0,567;6;17;2;;;1;1;1;;;1;1
4;7;22;46;46131;;1;1;N-332;220,8;6;14;1;4;;1;4;1;;;1;1
4;4;15;46;46131;;3;2;No inventariada;;9;7;2;;;1;1;1;1;;1;998
4;7;20;46;46131;;1;1;N-332;221,65;6;3;2;;;1;1;1;;;1;1
5;4;8;46;46131;;1;1;N-332;222,475;6;4;2;;;1;1;1;;;1;1
5;6;9;46;46131;;3;2;No inventariada;;9;3;1;4;;1;1;1;1;;1;998
4;2;11;46;46131;;3;2;No inventariada;;9;7;1;4;;9;4;7;;;18;998
5;2;15;46;46131;;3;2;No inventariada;;9;3;1;1;;1;1;2;;;1;998
5;6;18;46;46131;;3;2;No inventariada;;9;10;1;4;;1;1;2;;;9;998
5;5;17;46;46131;;3;2;No inventariada;;9;4;1;6;;1;1;1;;;1;998
5;4;9;46;46131;;3;2;No inventariada;;9;10;2;;;1;1;1;;;1;998
5;7;12;46;46131;;1;1;AP-7;578,567;2;4;2;;;1;1;1;;;1;1
5;1;0;46;46131;;3;2;No inventariada;;9;10;2;;;1;4;1;1;;1;998
5;1;5;46;46131;;1;1;N-332;220,6;6;4;1;12;;1;4;1;;;1;1
4;4;17;46;46131;;3;2;No inventariada;;9;7;2;;;1;1;1;;;1;998
5;4;17;46;46131;;1;1;CAMI SEQUI;0,424;10;2;1;1;;1;1;1;;;4;1
4;3;18;46;46131;;3;2;No inventariada;;9;10;2;;;1;1;1;;;1;998
4;7;17;46;46131;;3;2;No inventariada;;9;7;2;;;1;1;1;;;1;998
4;6;13;46;46131;;3;2;No inventariada;;9;10;2;;;1;1;1;;;1;998
5;2;15;46;46131;;1;1;CV-675;4,8;6;14;2;;;1;1;1;;;1;2
4;4;14;46;46131;;3;2;No inventariada;;9;7;2;;;1;1;1;;;1;998
4;4;15;46;46131;;3;2;No inventariada;;9;4;2;;;1;1;1;;;1;998
5;2;21;46;46131;;3;2;No inventariada;;9;6;1;4;;1;3;1;;;1;998
5;4;18;46;46131;;1;1;N-332;225,2;6;4;1;2;N-332a;1;1;1;;;1;2