MES;DIA_SEMANA;HORA;COD_PROVINCIA;COD_MUNICIPIO;ISLA;ZONA;ZONA_AGRUPADA;CARRETERA;KM;TIPO_VIA;TIPO_ACCIDENTE;NUDO;NUDO_INFO;CARRETERA_CRUCE;CONDICION_FIRME;CONDICION_ILUMINACION;CONDICION_METEO;CONDICION_NIEBLA;CONDICION_VIENTO;VISIB_RESTRINGIDA_POR;TRAZADO_PLANTA
5;7;0;46;46131;;3;2;No inventariada;;9;4;1;2;;1;4;1;;;1;998
6;2;5;46;46131;;3;2;No inventariada;;9;2;1;2;;1;4;1;;;1;998
3;4;21;46;46131;;3;2;No inventariada;;9;10;2;;;1;4;1;;;1;998
4;6;11;46;46131;;3;2;No inventariada;;9;4;2;;;1;1;1;;;1;998
4;6;12;46;46131;;3;2;No inventariada;;9;7;2;;;1;1;1;;;1;998
4;6;12;46;46131;;3;2;No inventariada;;9;10;2;;;1;1;1;;;1;998
4;3;11;46;46131;;3;2;No inventariada;;9;10;2;;;1;1;1;;;1;998
5;2;13;46;46131;;3;2;No inventariada;;9;20;2;;;1;1;1;;;1;998
5;3;9;46;46131;;3;2;No inventariada;;9;7;2;;;1;1;1;;;1;998
6;5;22;46;46131;;3;2;No inventariada;;9;7;2;;;1;4;1;;;1;998
5;3;18;46;46131;;3;2;No inventariada;;9;20;2;;;1;1;1;;;4;998
5;4;21;46;46131;;3;2;No inventariada;;9;2;2;;;1;3;1;;;1;998
4;4;17;46;46131;;3;2;No inventariada;;9;9;1;4;;1;1;1;;;1;998
4;4;20;46;46131;;3;2;No inventariada;;9;4;1;4;;1;2;1;;;1;998
4;5;19;46;46131;;3;2;No inventariada;;9;9;1;2;;1;1;1;;;1;998
4;5;20;46;46131;;3;2;No inventariada;;9;2;1;1;;1;2;1;;;1;998
4;6;20;46;46131;;3;2;No inventariada;;9;2;1;2;;2;2;1;;;1;998
5;3;14;46;46131;;3;2;No inventariada;;9;9;1;4;;9;1;1;;;1;998
6;6;19;46;46131;;3;2;No inventariada;;9;7;2;;;1;1;1;;;6;998
6;3;16;46;46131;;3;2;No inventariada;;9;7;2;;;1;1;1;1;;18;998
5;7;0;46;46131;;3;2;No inventariada;;9;2;1;1;;1;4;1;;;1;998
6;6;9;46;46131;;3;2;No inventariada;;9;1;2;;;1;1;1;1;;1;998
6;4;13;46;46131;;3;2;No inventariada;;9;2;1;1;;1;1;1;1;;1;998
5;6;12;46;46131;;3;2;No inventariada;;9;2;2;;;1;1;1;;;1;998
5;6;13;46;46131;;3;2;No inventariada;;9;2;2;;;1;1;1;;;1;998
5;3;22;46;46131;;3;2;No inventariada;;9;9;1;4;;3;4;1;;;1;998
6;4;15;46;46131;;3;2;No inventariada;;9;4;1;2;;1;1;1;;;1;998
6;6;17;46;46131;;3;2;No inventariada;;14;14;2;;;1;1;1;;;1;998
6;7;13;46;46131;;3;2;No inventariada;;9;9;1;4;;1;1;1;;;1;998
6;7;14;46;46131;;3;2;No inventariada;;9;9;1;4;;1;1;1;;;1;998
6;7;20;46;46131;;3;2;No inventariada;;9;9;1;2;;1;1;1;;;1;998
6;3;14;46;46131;;3;2;No inventariada;;9;4;2;;;3;1;3;;;1;998
6;7;20;46;46131;;1;1;N-332;220,5;6;4;1;4;N-337;1;1;1;;;1;1
4;3;19;46;46131;;3;2;No inventariada;;9;7;1;4;;1;1;1;;;1;998
4;2;9;46;46131;;3;2;No inventariada;;9;10;2;;;3;1;3;;;1;998
5;3;20;46;46131;;3;2;No inventariada;;9;2;1;1;;1;1;1;;;1;998
6;4;7;46;46131;;3;2;No inventariada;;9;9;2;;;1;1;1;;;1;998
6;4;10;46;46131;;3;2;No inventariada;;9;2;2;;;1;1;1;;;1;998
4;6;11;46;46131;;3;2;No inventariada;;9;7;2;;;1;1;1;;;1;998
6;4;13;46;46131;;3;2;No inventariada;;14;10;1;2;;1;1;1;;;1;998
6;5;9;46;46131;;3;2;No inventariada;;9;10;2;;;1;1;1;;;1;998
6;5;12;46;46131;;3;2;No inventariada;;9;10;2;;;1;1;1;;;1;998
6;5;12;46;46131;;3;2;No inventariada;;9;2;1;1;;1;1;1;;;1;998
6;1;11;46;46131;;3;2;No inventariada;;9;3;1;2;;1;1;1;;;1;998
6;3;10;46;46131;;3;2;No inventariada;;9;4;2;;;3;1;3;;;1;998
6;7;11;46;46131;;3;2;No inventariada;;9;15;2;;;1;1;1;;;1;998
6;3;14;46;46131;;1;1;N-337a;0;6;18;2;;;1;1;1;;;1;2
6;5;13;46;46131;;1;1;VELL GANDI;0,1;10;10;2;;;1;1;1;;;1;3
6;4;11;46;46131;;3;2;No inventariada;;9;10;1;1;;1;1;1;;;1;998
6;5;9;46;46131;;3;2;No inventariada;;14;12;2;;;1;1;1;;;1;998
7;1;14;46;46131;;1;1;CV-675;1,3;6;4;2;;;1;1;7;;;1;1
6;5;17;46;46131;;3;2;No inventariada;;9;19;2;;;1;1;1;;;1;998
7;6;23;46;46131;;1;1;N-332;220,8;6;16;1;4;N-337;3;4;2;;;1;2
6;4;16;46;46131;;3;2;No inventariada;;9;7;2;;;1;1;1;;;1;998
7;5;20;46;46131;;3;2;No inventariada;;9;2;1;1;;1;1;1;;;1;998
7;7;10;46;46131;;1;1;N-332;220,8;6;3;1;4;;3;1;3;;;1;1
7;4;7;46;46131;;3;2;No inventariada;;9;9;2;;;7;1;1;;;1;998
7;3;23;46;46131;;3;2;No inventariada;;9;10;2;;;1;4;1;;;2;998
7;5;8;46;46131;;1;1;N-332;225;8;3;1;2;N-332;1;1;1;;;18;3
7;7;20;46;46131;;1;1;CV-605;1,1;6;2;1;1;;1;1;1;;;1;1
7;5;14;46;46131;;3;2;No inventariada;;9;2;1;1;;1;1;1;1;;1;998
7;1;3;46;46131;;1;1;N-332;223,2;6;16;2;;;1;6;1;;;1;3
7;4;6;46;46131;;3;2;No inventariada;;9;10;2;;;1;1;1;1;;1;998
8;4;14;46;46131;;1;1;N-337a;1,45;6;5;1;4;CV-605;1;1;1;;;1;1
8;6;20;46;0;;1;1;N-332;220,2;6;2;2;;;1;2;1;;;1;1
8;5;6;46;46131;;3;2;No inventariada;;9;1;2;;;1;4;1;;;1;998
8;1;23;46;46131;;3;2;No inventariada;;9;16;1;4;;1;4;1;;;1;998
8;1;6;46;46131;;1;1;CV-675;0,3;6;8;2;;;1;2;1;;;1;1
8;2;21;46;46131;;1;1;N-332;220,71;6;18;2;;;3;4;3;;;1;1
8;2;10;46;46131;;3;2;No inventariada;;9;2;1;4;;1;1;1;;;18;998
7;1;21;46;46131;;3;2;No inventariada;;9;10;1;4;;1;1;1;;;1;998
7;2;20;46;46131;;3;2;No inventariada;;9;4;1;2;;1;1;1;;;1;998
7;7;9;46;46131;;3;2;No inventariada;;9;7;2;;;1;1;1;;;1;998
8;5;9;46;46131;;3;2;No inventariada;;9;2;1;4;;1;1;1;;;1;998
7;1;12;46;46131;;3;2;No inventariada;;9;2;2;;;1;1;1;;;1;998
7;5;12;46;46131;;3;2;No inventariada;;9;7;2;;;1;1;1;;;1;998
8;1;8;46;46131;;1;1;N-332;220,676;6;12;1;10;N-332;1;1;1;;;1;2
7;4;13;46;46131;;3;2;No inventariada;;9;10;1;4;;7;1;1;;;1;998
7;1;14;46;46131;;3;2;No inventariada;;9;10;2;;;1;1;1;;;1;998
8;5;17;46;46131;;1;1;CV-605;2,485;6;4;1;2;;1;1;1;;;1;1
8;1;16;46;46131;;3;2;No inventariada;;9;20;2;;;1;1;1;;;1;998
8;2;21;46;46131;;3;2;No inventariada;;13;1;2;;;1;4;1;;;1;998
7;5;21;46;46131;;3;2;No inventariada;;9;7;2;;;1;4;1;;;9;998
7;4;14;46;46131;;3;2;No inventariada;;9;10;2;;;1;1;1;;;1;998
7;4;13;46;46131;;3;2;No inventariada;;11;2;1;1;;1;1;1;;;1;998
9;1;7;46;46131;;3;2;No inventariada;;9;2;2;;;1;1;1;1;;1;998
7;6;18;46;46131;;3;2;No inventariada;;9;7;1;2;;1;1;1;;;1;998
7;2;19;46;46131;;3;2;No inventariada;;9;2;1;1;;1;1;1;;;1;998
6;1;23;46;46131;;3;2;No inventariada;;9;7;1;4;;1;4;1;;;1;998
6;5;14;46;46131;;3;2;No inventariada;;9;4;2;;;1;1;1;;;1;998
6;2;19;46;46131;;3;2;No inventariada;;9;3;1;4;;1;1;1;;;1;998
7;5;11;46;46131;;3;2;No inventariada;;9;7;2;;;1;1;1;;;1;998
7;1;10;46;46131;;3;2;No inventariada;;9;7;1;1;;1;1;1;;;1;998
9;6;14;46;46131;;1;1;CV-675;0,05;6;1;1;2;N-332;1;1;1;;;1;1
8;5;18;46;46131;;3;2;No inventariada;;9;7;2;;;1;1;1;;;1;998
8;1;18;46;46131;;3;2;No inventariada;;9;10;2;;;1;1;1;;;1;998
8;3;18;46;46131;;3;2;No inventariada;;9;10;2;;;1;1;1;;;1;998
8;7;9;46;46131;;3;2;No inventariada;;9;10;2;;;1;1;1;;;1;998
8;1;9;46;46131;;3;2;No inventariada;;9;7;1;1;;1;1;1;;;1;998
7;1;7;46;46131;;3;2;No inventariada;;9;2;1;1;;1;1;1;;;1;998
7;2;12;46;46131;;3;2;No inventariada;;14;19;2;;;1;1;1;;;1;998
8;4;23;46;46131;;3;2;No inventariada;;9;7;2;;;1;4;1;;;9;998
8;5;22;46;46131;;3;2;No inventariada;;9;19;2;;;1;4;1;;;1;998
8;3;0;46;46131;;3;2;No inventariada;;9;10;2;;;1;4;1;;;1;998
9;2;14;46;46131;;1;1;N-337;0,1;5;4;1;4;N-332;1;1;1;;;1;3
7;2;20;46;46131;;3;2;No inventariada;;9;10;2;;;8;1;1;;;1;998
7;3;13;46;46131;;3;2;No inventariada;;9;3;1;4;;1;1;1;;;1;998
7;3;16;46;46131;;3;2;No inventariada;;9;10;2;;;1;1;1;;;1;998
7;3;20;46;46131;;3;2;No inventariada;;9;3;1;1;;1;1;1;;;2;998
9;7;0;46;46131;;3;2;No inventariada;;9;2;1;1;;1;4;1;1;;18;998
9;1;8;46;46131;;1;1;N-337;0;5;4;1;4;N-332;1;1;1;;;1;1
9;2;8;46;46131;;1;1;N-332;220,645;6;4;2;;;1;1;1;;;1;1
8;7;0;46;46131;;3;2;No inventariada;;9;4;2;;;1;4;1;;;1;998
8;7;23;46;46131;;3;2;No inventariada;;9;7;2;;;1;4;1;;;1;998
8;5;13;46;46131;;3;2;No inventariada;;9;7;1;1;;1;1;1;;;1;998
8;5;13;46;46131;;3;2;No inventariada;;9;10;2;;;1;1;1;;;1;998
8;6;12;46;46131;;3;2;No inventariada;;9;2;1;4;;1;1;1;;;1;998
8;6;13;46;46131;;3;2;No inventariada;;9;10;1;1;;1;1;1;;;1;998
9;5;21;46;46131;;1;1;CV-675;0,6;6;4;2;;;1;6;1;;;1;1
8;3;13;46;46131;;3;2;No inventariada;;9;2;1;2;;1;1;1;;;1;998
8;1;21;46;46131;;3;2;No inventariada;;9;10;2;;;1;3;1;;;1;998
8;1;23;46;46131;;3;2;No inventariada;;9;10;2;;;1;2;1;;;1;998
9;6;13;46;46131;;1;1;CAMI CARRI;1;10;2;1;2;;1;1;1;;;1;1
8;6;19;46;46131;;3;2;No inventariada;;14;6;2;;;1;1;1;;;1;998
9;1;18;46;46131;;3;2;No inventariada;;9;10;1;4;;1;1;1;;;1;998
9;1;21;46;46131;;1;1;CV-680;0,1;6;8;1;1;;1;5;1;;;1;1
9;2;14;46;46131;;3;2;No inventariada;;9;2;1;4;;1;1;1;;;1;998
9;4;9;46;46131;;3;2;No inventariada;;9;7;1;2;;1;1;1;;;1;998
9;2;8;46;46131;;3;2;No inventariada;;9;4;1;1;;1;1;1;;;1;998
8;4;22;46;46131;;3;2;No inventariada;;9;3;1;4;;1;4;1;;;1;998
9;7;16;46;46131;;3;2;No inventariada;;9;3;1;1;;1;1;1;;;9;998
9;3;19;46;46131;;3;2;No inventariada;;13;7;2;;;1;4;1;;;18;998
9;3;10;46;46131;;3;2;No inventariada;;9;7;2;;;1;1;1;;;18;998
9;7;12;46;46131;;3;2;No inventariada;;9;3;2;;;1;1;1;;;1;998
10;2;20;46;46131;;1;1;CV-675;0;6;2;1;2;;1;6;1;;;1;1
7;3;5;46;46131;;3;2;No inventariada;;9;9;2;;;1;4;1;;;1;998
7;3;10;46;46131;;3;2;No inventariada;;9;2;1;1;;1;1;1;;;1;998
7;4;12;46;46131;;3;2;No inventariada;;9;7;1;4;;1;1;1;;;1;998
7;3;12;46;46131;;3;2;No inventariada;;9;7;1;1;;1;1;1;;;1;998
8;4;14;46;46131;;3;2;No inventariada;;9;10;1;4;;8;1;1;;;1;998
8;5;17;46;46131;;3;2;No inventariada;;9;9;1;1;;1;1;1;;;1;998
8;7;18;46;46131;;3;2;No inventariada;;9;9;2;;;1;1;1;;;1;998
10;5;22;46;46131;;1;1;N-332;225,9;6;15;1;2;A-38;3;6;3;;;1;2
10;4;18;46;46131;;3;2;No inventariada;;9;16;1;4;;1;1;1;;;1;998
9;1;23;46;46131;;3;2;No inventariada;;14;10;2;;;1;4;1;;;1;998
9;6;17;46;46131;;3;2;No inventariada;;14;10;2;;;1;1;1;;;1;998
9;3;14;46;46131;;3;2;No inventariada;;9;7;2;;;1;1;1;;;1;998
10;4;13;46;46131;;3;2;No inventariada;;9;7;2;;;1;1;1;;;1;998
10;1;13;46;46131;;3;2;No inventariada;;9;10;2;;;7;1;1;;;1;998
10;2;22;46;46131;;3;2;No inventariada;;9;20;1;1;;1;4;1;;;1;998
10;6;14;46;46131;;3;2;No inventariada;;9;3;1;4;;1;1;1;;;1;998
10;6;14;46;46131;;3;2;No inventariada;;13;10;2;;;1;1;1;;;1;998
11;2;16;46;46131;;1;1;CV-686;3,5;6;4;1;4;N-332;1;1;1;;;1;1
11;4;17;46;46131;;1;1;N-337;2,3;5;4;1;4;CV-671;1;2;2;;;1;2
11;1;20;46;46131;;3;2;No inventariada;;9;6;2;;;1;4;1;;;1;998
11;3;16;46;46131;;3;2;No inventariada;;9;2;1;1;;1;1;1;;;1;998
11;7;13;46;46131;;1;1;CV-686;3,5;6;4;1;4;N-332a;1;1;1;;;1;1
10;3;21;46;46131;;3;2;No inventariada;;9;10;1;2;;1;4;1;;;1;998
10;5;7;46;46131;;3;2;No inventariada;;9;2;1;4;;1;3;1;;;1;998
10;5;13;46;46131;;3;2;No inventariada;;9;9;1;4;;3;1;3;;;1;998
10;6;12;46;46131;;3;2;No inventariada;;14;10;2;;;1;1;1;;;1;998
11;2;22;46;46131;;3;2;No inventariada;;9;2;1;1;;1;4;2;;;1;998
11;4;14;46;46131;;3;2;No inventariada;;9;2;1;1;;1;1;1;;;1;998
9;4;5;46;46131;;3;2;No inventariada;;9;10;1;4;;7;3;1;;;1;998
9;4;9;46;46131;;3;2;No inventariada;;9;4;2;;;1;1;1;;;1;998
9;1;12;46;46131;;3;2;No inventariada;;9;10;1;2;;1;1;1;;;1;998
10;3;10;46;46131;;3;2;No inventariada;;9;3;2;;;1;1;1;;;1;998
10;4;17;46;46131;;3;2;No inventariada;;9;7;2;;;1;1;1;;;1;998
10;1;19;46;46131;;3;2;No inventariada;;9;7;2;;;1;4;1;;;1;998
11;3;20;46;46131;;3;2;No inventariada;;9;4;2;;;1;4;1;1;;18;998
11;6;9;46;46131;;1;1;N-337;2,35;5;2;1;4;CV-670;1;1;1;;;1;2
10;3;16;46;46131;;3;2;No inventariada;;9;7;2;;;1;1;1;;;9;998
11;1;11;46;46131;;3;2;No inventariada;;9;7;1;2;;1;1;1;;;1;998
11;2;9;46;46131;;3;2;No inventariada;;9;4;2;;;1;1;1;;;1;998
11;2;12;46;46131;;3;2;No inventariada;;9;7;2;;;1;1;1;;;1;998
11;4;12;46;46131;;3;2;No inventariada;;9;2;1;1;;1;1;1;;;1;998
12;4;19;46;46131;;1;1;CV-670;0,4;6;8;2;;;1;6;1;;;1;1
10;4;9;46;46131;;3;2;No inventariada;;9;2;1;1;;1;1;1;;;1;998
10;2;8;46;46131;;3;2;No inventariada;;9;2;1;4;;3;3;3;;;1;998
10;3;8;46;46131;;3;2;No inventariada;;9;7;2;;;1;2;1;;;6;998
12;5;12;46;46131;;1;1;N-332;220,6;6;4;2;;;1;1;1;;;1;1
10;3;16;46;46131;;3;2;No inventariada;;9;2;2;;;1;1;1;;;1;998
10;4;8;46;46131;;3;2;No inventariada;;9;10;2;;;1;1;1;;;1;998
10;4;9;46;46131;;3;2;No inventariada;;9;7;1;1;;1;1;1;;;1;998
10;1;13;46;46131;;3;2;No inventariada;;9;3;2;;;1;1;1;;;1;998
10;6;0;46;46131;;3;2;No inventariada;;9;2;1;4;;1;4;1;;;1;998
3;1;5;46;0;;1;1;CV-610;3,9;6;10;2;;;1;4;1;;;1;2
6;6;9;46;0;;1;1;CV-379;17,1;6;12;2;;;1;1;1;;;4;2
2;3;18;46;0;;1;1;CV-3280;0,95;6;15;2;;;1;3;1;;;1;3
4;6;23;46;0;;1;1;CV-3280;1;6;16;2;;;1;4;1;;;1;3
7;1;7;46;0;;1;1;A-23;5,198;3;19;2;;;3;1;4;;;5;2
8;6;4;46;0;;3;2;No inventariada;;9;20;2;;;1;4;1;;;1;998
1;2;13;46;46135;;3;2;No inventariada;;9;3;1;2;;1;1;1;;;1;998
1;5;12;46;46135;;3;2;No inventariada;;9;3;2;;;1;1;1;;;1;998
5;1;21;46;46135;;1;1;A-7;321,5;3;4;2;;;1;2;1;;;1;4
5;5;17;46;46135;;1;1;A-7;322,588;3;4;2;;;1;1;1;;;1;1
3;5;15;46;46135;;3;2;No inventariada;;9;2;1;1;;1;1;1;;;1;998
4;2;9;46;46135;;3;2;No inventariada;;9;7;1;1;;1;1;1;;;1;998
5;1;16;46;46135;;3;2;No inventariada;;9;3;2;;;1;1;1;;;1;998
5;4;13;46;46135;;2;2;CV-310;1;6;4;2;;;1;1;1;;;1;1
5;5;10;46;46135;;3;2;No inventariada;;9;10;2;;;1;1;1;;;1;998
6;1;15;46;46135;;1;1;A-7;321,5;3;4;2;;;1;1;1;;;1;1
6;4;14;46;46135;;1;1;A-7;322,4;3;3;2;;;1;1;1;;;1;1
8;4;13;46;46135;;1;1;A-7;323,2;3;3;2;;;1;1;1;;;1;1
8;7;17;46;46111;;1;1;CV-424;0,3;6;19;2;;;1;1;1;;;1;1
8;7;11;46;46135;;3;2;No inventariada;;9;10;2;;;1;1;1;;;1;998
8;1;14;46;46135;;3;2;No inventariada;;9;3;1;1;;1;1;1;;;1;998
10;4;18;46;46135;;3;2;No inventariada;;9;3;2;;;1;1;1;;;1;998
10;4;17;46;46135;;3;2;No inventariada;;9;3;1;1;;1;1;1;;;1;998
11;3;16;46;46135;;3;2;No inventariada;;9;3;2;;;1;1;1;;;1;998
12;4;21;46;46135;;3;2;No inventariada;;9;6;2;;;1;4;7;;;1;998
2;4;8;46;0;;1;1;CV-424;5,5;6;1;1;2;;1;2;1;;;18;1
5;5;18;46;0;;1;1;CV-416;9,56;6;2;1;4;CV-424;1;1;1;;;18;2
5;3;14;46;0;;1;1;CV-421;4;6;1;2;;;1;1;1;;;4;3
9;2;18;46;46111;;1;1;CV-417;1,225;6;17;2;;;1;1;1;;;1;3
11;6;20;46;0;;1;1;CV-50;68,2;6;8;2;;;1;6;1;;;17;1
12;7;20;46;0;;1;1;CV-424;5,25;6;12;2;;;1;6;1;;;18;1
12;6;11;46;0;;1;1;CV-424;7,5;6;6;2;;;1;1;1;;;1;1
2;4;20;46;0;;1;1;CV-566;1,2;6;19;2;;;2;6;1;;;4;3
3;6;14;46;46139;;1;1;A-7;375,3;3;3;2;;;3;1;3;;;1;1
4;7;0;46;46139;;1;1;CV-522;2,2;6;1;2;;;1;6;1;;;1;1
7;7;20;46;46139;;1;1;CV-5230;0,5;6;18;2;;;1;1;1;;;1;1
7;6;8;46;46139;;1;1;CV-50;26,5;5;4;2;;;1;1;2;;;1;1
8;3;11;46;46017;;1;1;CV-50;24,5;5;2;1;4;CV-50;1;1;1;;;1;2
10;6;6;46;46139;;1;1;CV-523;0,761;6;13;2;;;1;1;1;;;1;1
10;1;16;46;46139;;1;1;A-7;375,1;3;3;2;;;1;1;1;;;1;3
11;5;16;46;46139;;1;1;No inventariada;0,9;10;19;2;;;1;1;1;;;1;1
4;1;17;46;0;;1;1;CV-345;16,823;6;18;2;;;1;1;1;;;1;1
7;6;11;46;0;;1;1;N-330;133,5;6;12;2;;;1;1;1;;;1;3
1;6;7;46;46143;;1;1;AP-7;571,8;2;19;2;;;1;2;1;;;1;1
3;2;13;46;46131;;1;1;CV-605;2,5;6;2;1;2;;1;1;1;;;1;1
4;2;22;46;46143;;3;2;No inventariada;;9;2;1;1;;1;4;1;;;1;998
5;7;1;46;46143;;1;1;N-332;231,7;6;4;2;;;1;6;1;;;1;1
7;1;16;46;46238;;1;1;AP-7;568,571;2;19;2;;;1;1;1;;;1;2
8;6;10;46;46143;;1;1;No inventariada;0,8;10;3;2;;;1;1;1;;;1;1
9;3;8;46;46143;;1;1;CV-605;0;6;2;1;4;;1;1;1;;;1;2
10;5;17;46;46143;;1;1;AP-7;569,1;2;12;2;;;1;1;1;;;2;2
11;5;19;46;46238;;1;1;AP-7;568,5;2;14;2;;;1;6;1;;;1;2
12;7;6;46;46143;;1;1;N-332;232,2;6;14;2;;;1;6;1;;;1;1
4;2;15;46;0;;3;2;No inventariada;;9;7;1;2;;1;1;1;;;2;998
1;2;14;46;0;;1;1;A-7;394,762;3;16;1;10;CV-58;1;1;1;;;1;1
2;3;14;46;46145;;1;1;CV-600;0,1;6;16;2;;;1;1;1;;;1;1
2;5;13;46;46145;;1;1;A-7;392,415;3;4;2;;;1;1;1;;;1;1
2;6;4;46;46145;;1;1;CV-58;0,1;6;12;2;;;1;6;1;;1;4;2
3;6;15;46;46145;;1;1;CV-645;6,8;5;10;1;4;CV-600;3;1;3;;;1;2
3;7;5;46;46145;;1;1;CV-597;0,5;6;16;2;;;1;6;1;;;1;3
4;5;6;46;46145;;1;1;CV-620;4,4;6;12;2;;;1;6;1;;;12;1
4;2;22;46;0;;1;1;CV-41;13,9;6;3;1;2;CV-41;1;6;1;;;1;1
4;5;17;46;46145;;1;1;A-7;391;3;4;2;;;1;1;1;;;1;1
4;7;16;46;46145;;3;2;No inventariada;;9;3;2;;;1;1;1;;;1;998
5;5;18;46;46145;;1;1;CV-58;2,524;6;4;2;;;1;1;1;;;1;1
5;1;12;46;46145;;1;1;CV-41;15,8;6;12;2;;;1;1;1;;;1;1
5;7;21;46;46145;;1;1;CV-58;3,15;6;2;1;4;CV-58;1;4;1;;;1;1
5;6;13;46;46145;;3;2;No inventariada;;9;2;2;;;1;1;1;;;1;998
6;5;23;46;46145;;3;2;No inventariada;;9;7;2;;;1;3;1;;;1;998
6;3;10;46;46145;;3;2;No inventariada;;9;1;2;;;1;1;1;;;1;998
7;6;8;46;46145;;1;1;CV-620;5,8;6;10;2;;;3;1;1;;;1;2
7;1;12;46;46145;;1;1;No inventariada;0,4;10;1;2;;;1;1;1;;;12;1
8;6;8;46;46145;;1;1;CV-58;3,7;6;3;1;4;;1;1;1;;;1;2
8;7;9;46;46145;;1;1;CV-567;3,275;6;16;1;2;;1;1;1;;;1;2
9;2;16;46;46145;;1;1;CV-41;19,65;6;5;2;;;3;1;3;;;1;1
10;6;21;46;46145;;2;2;CV-645;4;5;3;2;;;1;2;1;1;;1;1
10;2;5;46;46145;;1;1;A-7;390,75;5;3;2;;;3;6;4;;;5;1
10;7;9;46;46145;;3;2;No inventariada;;9;2;2;;;1;1;1;;;1;998
11;6;19;46;46145;;1;1;CV-58;2,2;6;1;2;;;1;6;1;;;1;1
10;3;19;46;46145;;3;2;No inventariada;;9;4;2;;;1;3;1;1;;1;998
11;5;15;46;46145;;3;2;No inventariada;;9;7;2;;;1;1;1;;;9;998
11;6;18;46;46145;;1;1;CV-58;2,3;6;4;2;;;1;6;1;;;1;1
12;3;14;46;46145;;1;1;CV-620;1,807;6;9;2;;;3;1;3;;;1;2
11;6;19;46;46145;;1;1;CAMI BOLA;0,1;10;8;2;;;1;6;1;;;1;1
12;3;19;46;46145;;3;2;No inventariada;;9;7;2;;;3;3;3;1;;1;998
12;6;13;46;46145;;1;1;CV-58;2,518;6;5;2;;;1;1;1;;;1;1
12;2;15;46;46145;;3;2;No inventariada;;9;4;2;;;1;1;1;;;1;998
12;5;7;46;0;;1;1;A-7;394,35;3;5;2;;;1;6;1;;;1;1
12;2;11;46;46145;;1;1;A-7;404,696;3;12;2;;;1;1;1;;;1;3
7;7;16;46;0;;1;1;AP-7;572,166;2;4;2;;;1;1;1;;;1;2
8;5;7;46;46143;;1;1;AP-7;570,002;2;7;2;;;1;1;1;;;9;4
1;3;13;46;46147;;1;1;CV-339;0,2;6;2;2;;;1;1;1;;;1;1
1;7;12;46;46147;;1;1;CV-245;8,5;6;15;2;;;2;1;1;;;1;2
1;4;7;46;46147;;3;2;No inventariada;;9;7;2;;;3;1;3;1;;1;998
1;3;15;46;46147;;1;1;CV-25;1,5;6;4;2;;;1;1;1;;;1;1
2;6;12;46;46147;;1;1;CV-245;12,2;6;10;2;;;1;1;1;;;1;2
3;2;11;46;46147;;3;2;No inventariada;;9;4;1;2;;1;1;1;;;1;998
3;3;12;46;46147;;3;2;No inventariada;;9;7;1;1;;1;1;1;;;18;998
3;1;13;46;46147;;1;1;No inventariada;0;10;1;2;;;1;1;1;;;4;3
4;1;9;46;46147;;1;1;CV-35;21,85;3;9;2;;;1;6;1;;;1;2
4;1;8;46;46147;;1;1;CV-35;28,9;3;4;2;;;1;1;1;;;1;1
4;4;1;46;46147;;1;1;CV-35;28,3;3;12;2;;;1;6;1;;;1;3
4;4;18;46;46147;;3;2;No inventariada;;9;7;1;1;;1;1;1;;;1;998
4;3;10;46;46147;;3;2;No inventariada;;9;2;1;4;;1;1;1;1;;1;998
5;7;22;46;46147;;1;1;CV-25;1;6;12;2;;;1;4;1;;;1;1
6;7;22;46;46147;;1;1;No inventariada;5,8;10;2;2;;;1;6;1;;;1;1
6;1;14;46;46147;;1;1;CV-245;9,3;6;19;2;;;1;1;1;;;1;2
7;3;8;46;46147;;1;1;CV-35;25,5;3;3;2;;;1;1;1;;;18;1
7;7;16;46;46147;;1;1;CV-339;12,1;6;12;2;;;1;1;1;;;1;2
7;5;12;46;46147;;1;1;CV-339;13,1;6;13;2;;;1;1;1;;;1;1
8;7;8;46;46147;;1;1;CV-339;9,5;6;3;2;;;1;1;1;;;1;1
8;1;11;46;46147;;3;2;No inventariada;;9;7;2;;;1;1;1;;;1;998
8;5;17;46;46147;;1;1;DESCONOCID;3,1;10;4;2;;;1;1;1;;;1;3
9;7;22;46;46147;;3;2;No inventariada;;9;4;1;4;;1;3;1;;;1;998
9;7;12;46;46147;;1;1;CV-25;3,224;6;10;2;;;1;1;1;;;1;1
10;6;22;46;46147;;1;1;CV-339;12,151;6;12;2;;;1;6;1;;;1;4
8;7;22;46;46147;;3;2;No inventariada;;9;2;2;;;1;4;1;;;1;998
5;5;17;46;46147;;3;2;No inventariada;;9;3;2;;;1;1;1;;;1;998
10;7;13;46;46147;;1;1;CAMI LLIRI;0,1;10;10;2;;;1;1;1;;;1;1
10;2;14;46;46147;;1;1;CV-339;8;6;2;1;1;;1;1;2;;;1;1
10;4;8;46;46147;;1;1;CV-25;0,8;6;7;1;4;;1;1;1;;;9;1
11;6;10;46;46147;0;3;2;No inventariada;;9;2;1;1;;1;1;1;1;;1;998
12;5;14;46;46147;;1;1;CV-245;11,55;6;13;2;;;1;1;1;;;4;2
12;7;15;46;46147;;1;1;CV-35;24,6;3;3;2;;;1;1;1;;;1;2