MES;DIA_SEMANA;HORA;COD_PROVINCIA;COD_MUNICIPIO;ISLA;ZONA;ZONA_AGRUPADA;CARRETERA;KM;TIPO_VIA;TIPO_ACCIDENTE;NUDO;NUDO_INFO;CARRETERA_CRUCE;CONDICION_FIRME;CONDICION_ILUMINACION;CONDICION_METEO;CONDICION_NIEBLA;CONDICION_VIENTO;VISIB_RESTRINGIDA_POR;TRAZADO_PLANTA
12;6;18;46;46147;;3;2;No inventariada;;9;5;2;;;1;4;1;;;1;998
2;5;14;46;0;;1;1;A-7;334,1;3;4;2;;;1;1;1;;;18;1
7;4;15;46;0;;1;1;A-7;334,249;2;15;2;;;1;1;7;;;1;4
7;5;14;46;0;;1;1;CV-35;55,443;6;18;2;;;1;1;1;;;18;4
3;4;12;46;0;;1;1;CV-610;15,7;6;12;2;;;1;1;1;;;1;2
5;1;8;46;0;;1;1;CV-610;14,735;6;18;2;;;1;1;1;;;18;3
8;3;9;46;0;;1;1;CV-600;16,9;6;12;2;;;1;1;2;;;1;1
4;1;13;46;0;;1;1;CV-60;26;5;12;1;4;;1;1;1;;;1;2
1;3;12;46;0;;1;1;A-7;397,9;3;4;2;;;1;1;1;;;1;1
6;7;9;46;0;;2;2;No inventariada;0,5;10;3;1;2;;1;1;1;;;18;1
8;4;11;46;0;;1;1;A-7;397;3;1;2;;;1;1;1;;;1;1
5;2;17;46;0;;3;2;No inventariada;;9;7;1;1;;1;1;1;;;1;998
9;3;15;46;0;;1;1;CAMI DEL C;10,188;14;12;2;;;1;1;1;;;1;1
2;5;22;46;0;;1;1;CV-422;14,1;6;18;2;;;3;6;2;;;4;2
3;2;16;46;0;;1;1;CV-422;14,5;6;13;2;;;1;1;1;;;18;2
5;3;16;46;0;;1;1;CV-50;43,521;6;2;2;;;1;1;1;;;1;1
12;5;11;46;0;;3;2;No inventariada;;9;2;1;4;;1;1;1;;;1;998
12;3;21;46;0;;1;1;CV-50;44,49;6;8;2;;;1;6;1;;;1;1
5;7;19;46;0;;1;1;A-7;395;3;14;2;;;1;1;1;;;1;1
6;4;16;46;0;;1;1;A-7;398,26;3;15;1;12;;1;1;1;;;1;3
6;5;17;46;46145;;1;1;A-7;391,938;3;3;2;;;1;1;1;;;1;2
10;4;10;46;0;;1;1;A-7;391,266;7;10;2;;;1;1;1;;;1;1
12;7;20;46;46145;;1;1;A-7;393,5;3;4;2;;;1;6;1;;;17;2
2;2;7;46;0;;1;1;CV-429;0,9;6;2;1;2;;1;2;1;;;1;1
3;7;12;46;0;;1;1;CV-425;12,659;6;19;2;;;1;1;1;;;1;2
1;2;10;46;46159;;3;2;No inventariada;;9;3;2;;;1;1;7;;;1;998
1;5;14;46;46159;;3;2;No inventariada;;9;7;2;;;9;1;7;;;1;998
1;6;0;46;46159;;3;2;No inventariada;;9;11;1;4;;9;3;7;;;18;998
1;3;13;46;46159;;3;2;No inventariada;;9;6;2;;;9;1;2;;;1;998
1;3;8;46;46159;;1;1;CV-370;4;6;4;2;;;1;1;1;;;6;1
1;1;15;46;46159;;3;2;No inventariada;;9;2;2;;;9;1;1;;;1;998
2;3;12;46;46159;;1;1;CV-370;4,1;6;2;1;2;;1;1;1;;;1;1
3;6;13;46;46159;;3;2;No inventariada;;9;7;2;;;9;1;7;;;1;998
3;1;14;46;46159;;3;2;No inventariada;;9;20;2;;;9;1;1;;;1;998
4;1;14;46;46159;;1;1;V-11;1,3;8;12;1;4;CV-370;1;1;1;;;1;2
3;4;9;46;46159;;3;2;No inventariada;;9;7;2;;;9;1;1;;;1;998
4;6;13;46;46159;;1;1;CV-370;1,3;6;4;2;;;1;1;1;;;1;1
4;2;17;46;0;;1;1;CV-25;4,4;6;3;2;;;1;1;1;;;1;2
5;5;13;46;46159;;3;2;No inventariada;;9;7;2;;;9;1;1;;;1;998
4;2;11;46;46159;;3;2;No inventariada;;9;4;2;;;9;1;1;;;1;998
5;2;14;46;46159;;3;2;No inventariada;;9;3;2;;;9;1;1;;;1;998
6;3;8;46;46159;;1;1;A-7;331,271;3;2;2;;;1;1;2;;;18;1
6;3;20;46;46159;;1;1;CV-370;0,1;6;3;1;4;V-11;1;1;1;;;1;3
5;2;9;46;46159;;3;2;No inventariada;;9;11;1;1;;9;1;7;;;1;998
6;6;13;46;46159;;3;2;No inventariada;;9;2;2;;;9;1;1;;;1;998
6;4;20;46;46159;;3;2;No inventariada;;9;7;2;;;9;1;1;;;1;998
7;5;16;46;46159;;1;1;CV-370;2,5;6;1;2;;;1;1;1;;;1;1
7;1;20;46;46159;;1;1;CV-370;1;6;3;1;4;;1;1;1;;;1;1
7;2;9;46;46159;;3;2;No inventariada;;9;7;2;;;9;1;1;;;1;998
7;4;12;46;46159;;3;2;No inventariada;;9;7;2;;;1;1;1;;;1;998
7;3;8;46;46159;;3;2;No inventariada;;9;2;1;1;;9;1;1;;;1;998
7;4;13;46;46159;;1;1;A-7;331,5;3;4;2;;;1;1;1;;;1;1
8;4;19;46;46159;;1;1;N-220;0,186;6;3;2;;;1;1;1;;;1;3
9;1;21;46;46159;;1;1;CV-370;0,05;6;4;1;4;;1;4;1;;;1;2
10;3;9;46;46159;;1;1;A-7;329,667;3;4;2;;;1;1;1;;;1;1
11;1;8;46;46159;;1;1;A-7;331,35;3;4;2;;;3;1;2;;;1;1
11;2;14;46;46190;;1;1;CV-371;0,25;6;7;2;;;1;1;1;;;1;1
12;1;13;46;46159;;1;1;A-7;330,912;2;3;2;;;1;1;1;;;1;1
9;6;8;46;46159;;3;2;No inventariada;;9;6;2;;;3;2;3;;;1;998
12;4;18;46;46159;;1;1;A-7;330;3;5;2;;;1;5;1;;;18;1
12;5;19;46;46159;;1;1;CV-370;2,514;6;3;2;;;1;4;1;;;1;1
4;3;22;46;46145;;1;1;CV-41;14,3;6;8;2;;;1;6;1;;;1;1
11;7;16;46;0;;1;1;CV-41;11,2;6;18;2;;;1;1;1;;;1;1
3;7;22;46;0;;1;1;CV-25;4,9;6;14;1;4;;1;4;1;;;1;1
7;2;20;46;0;;1;1;CV-25;5,563;6;3;1;4;;1;1;1;;;1;2
9;5;14;46;0;;1;1;CV-25;5,733;6;15;2;;;1;1;7;;;18;4
12;6;10;46;0;;1;1;CV-25;13,897;6;8;2;;;1;1;1;;;1;1
8;7;9;46;0;;1;1;A-7;377,12;3;12;2;;;1;1;1;;;1;3
9;1;3;46;0;;1;1;A-7;378,711;3;19;2;;;1;6;1;;;1;1
2;1;9;46;0;;1;1;CV-32;1;5;9;1;4;CV-32;1;1;1;;;1;2
2;4;7;46;0;;1;1;CV-32;1,8;5;4;2;;;1;2;1;;;18;1
11;6;1;46;0;;1;1;CV-32;0,959;5;19;1;4;CV-32;1;4;1;;;1;1
12;6;12;46;0;;1;1;CV-32;0,4;5;3;1;4;CV-32;1;1;1;;;1;1
6;6;13;46;46177;;1;1;CV-32;6;5;16;2;;;1;1;1;;;1;2
1;2;18;46;46165;;1;1;V-31;8,819;3;4;2;;;1;6;1;;;1;1
3;5;20;46;46165;;1;1;V-31;9,406;3;6;2;;;1;5;1;;;1;1
1;3;19;46;46165;;3;2;No inventariada;;9;2;2;;;1;3;1;;;1;998
3;6;1;46;46165;;3;2;No inventariada;;9;4;2;;;1;4;1;;;1;998
3;2;8;46;46165;;3;2;No inventariada;;9;7;2;;;1;2;1;;;6;998
5;5;13;46;46165;;1;1;V-31;9,4;3;14;2;;;2;1;1;;;1;3
3;2;12;46;46165;;3;2;No inventariada;;9;4;2;;;1;1;1;;;1;998
3;3;5;46;46165;;3;2;No inventariada;;9;2;1;1;;1;3;1;;;1;998
4;4;18;46;46165;;3;2;No inventariada;;9;10;2;;;1;1;7;;;1;998
5;3;16;46;46165;;3;2;No inventariada;;9;10;2;;;1;1;1;;;1;998
5;5;14;46;46165;;3;2;No inventariada;;9;10;1;1;;1;1;1;;;14;998
6;1;14;46;46165;;3;2;No inventariada;;9;7;2;;;1;1;1;;;13;998
7;7;23;46;46022;;1;1;V-31;10,227;3;4;2;;;1;5;1;;;1;1
10;6;17;46;46186;;1;1;CV-400;3,5;5;4;2;;;1;1;1;;;18;1
11;5;15;46;46165;;1;1;V-31;8,9;3;4;2;;;2;1;7;;;1;1
11;4;19;46;46094;;1;1;V-31;8,376;3;5;2;;;1;5;1;;;17;1
11;2;13;46;46165;;1;1;V-31;9,4;3;4;2;;;2;1;2;;;18;1
12;1;15;46;46165;;1;1;V-31;9,5;3;5;2;;;1;1;1;;1;1;1
2;7;17;46;46166;;3;2;No inventariada;;9;12;2;;;1;1;1;;;1;998
3;4;9;46;46166;;3;2;No inventariada;;9;2;1;1;;1;1;1;;;1;998
5;3;14;46;46166;;3;2;No inventariada;;9;10;1;1;;1;1;1;;;1;998
5;4;12;46;46166;;3;2;No inventariada;;9;2;1;1;;1;1;1;;;1;998
6;5;14;46;46166;;3;2;No inventariada;;9;2;1;2;;1;1;1;;;9;998
4;2;18;46;0;;1;1;CV-670;3,7;6;2;1;4;CV-673;1;1;1;;;1;2
7;1;13;46;0;;1;1;CV-670;4,2;6;1;2;;;1;1;1;;;1;2
1;6;14;46;46169;;3;2;No inventariada;;9;2;1;1;;1;1;1;;;1;998
1;5;12;46;46169;;3;2;No inventariada;;9;7;1;2;;1;1;1;;;1;998
1;6;7;46;46169;;1;1;V-30;9,8;3;12;1;12;V-30;3;6;2;;;1;1
1;7;18;46;46169;;3;2;No inventariada;;9;2;1;1;;1;1;1;;;1;998
1;5;23;46;46169;;3;2;No inventariada;;9;2;1;1;;1;4;1;;;1;998
2;7;19;46;46169;;1;1;V-30;9,5;3;4;2;;;1;5;1;;;1;1
1;6;7;46;46169;;1;1;V-30;9,8;3;7;2;;;1;3;1;;;1;1
2;6;13;46;46169;;3;2;No inventariada;;9;10;1;2;;1;1;1;;;1;998
2;5;12;46;46169;;1;1;V-30;9,536;3;4;2;;;1;1;1;;;1;1
2;7;19;46;46102;;1;1;V-30;10,4;3;4;1;4;;1;4;1;;1;1;2
1;5;19;46;46169;;3;2;No inventariada;;9;7;1;1;;3;4;3;;;18;998
2;7;1;46;46169;;3;2;No inventariada;;9;10;1;4;;1;4;1;;;1;998
1;5;10;46;46169;;3;2;No inventariada;;9;16;2;;;1;1;1;;;1;998
3;2;18;46;46169;;3;2;No inventariada;;9;2;2;;;1;1;1;;;1;998
3;6;11;46;46169;;3;2;No inventariada;;9;7;2;;;1;1;1;;;1;998
3;4;23;46;46169;;3;2;No inventariada;;9;2;1;2;;1;4;1;;;1;998
3;2;19;46;46169;;3;2;No inventariada;;9;7;2;;;1;4;1;;;1;998
3;3;21;46;46169;;3;2;No inventariada;;9;2;1;1;;1;4;1;;;1;998
3;5;13;46;46169;;3;2;No inventariada;;9;10;2;;;1;1;2;1;;18;998
3;1;10;46;46169;;3;2;No inventariada;;9;10;2;;;1;1;1;;;1;998
3;1;13;46;46169;;3;2;No inventariada;;9;10;2;;;3;1;3;;;1;998
4;4;7;46;46169;;3;2;No inventariada;;9;10;1;1;;1;1;1;;;1;998
4;6;14;46;46169;;3;2;No inventariada;;9;2;1;1;;1;1;1;;;1;998
4;1;13;46;46169;;1;1;A-3;350,8;3;4;2;;;3;1;3;;;1;1
4;2;14;46;46169;;3;2;No inventariada;;9;10;2;;;1;1;1;;;1;998
5;2;7;46;46169;;1;1;V-30;9,398;3;4;2;;;1;1;1;;;1;1
5;1;16;46;46169;;3;2;No inventariada;;9;7;2;;;1;1;1;;;6;998
5;1;18;46;46102;;1;1;V-30;10;3;5;2;;;1;1;1;;;1;1
4;4;10;46;46169;;3;2;No inventariada;;9;7;2;;;1;1;1;;;6;998
5;1;17;46;46169;;3;2;No inventariada;;9;2;1;4;;9;1;7;;;1;998
5;7;19;46;46169;;3;2;No inventariada;;9;2;2;;;1;1;1;;;1;998
6;7;17;46;46169;;3;2;No inventariada;;9;7;2;;;1;1;1;;;1;998
5;2;8;46;46169;;3;2;No inventariada;;9;1;2;;;1;1;1;;;1;998
6;5;15;46;46169;;3;2;No inventariada;;9;3;1;4;;1;1;1;;;1;998
6;7;7;46;46169;;3;2;No inventariada;;9;4;2;;;1;1;1;;;1;998
6;4;16;46;46169;;3;2;No inventariada;;9;2;1;4;;1;1;1;;;1;998
5;4;13;46;46169;;3;2;No inventariada;;9;2;2;;;1;1;1;;;1;998
7;5;20;46;46169;;1;1;V-30;9,8;3;4;2;;;1;1;1;;;1;1
7;5;19;46;46169;;3;2;No inventariada;;9;7;2;;;1;1;1;;;6;998
7;4;9;46;46169;;3;2;No inventariada;;9;10;2;;;3;1;1;;;1;998
7;2;19;46;46169;;3;2;No inventariada;;14;2;1;2;;1;1;1;;;1;998
8;3;20;46;46169;;3;2;No inventariada;;9;7;2;;;1;1;1;;;6;998
8;1;13;46;46169;;1;1;V-30;9,564;3;4;2;;;1;1;1;;;1;1
8;4;7;46;46169;;3;2;No inventariada;;9;2;1;4;;1;1;1;;;1;998
10;3;21;46;46169;;3;2;No inventariada;;9;7;1;1;;1;4;1;;;1;998
10;2;22;46;46169;;3;2;No inventariada;;9;4;1;4;;1;4;1;;;1;998
10;3;20;46;46169;;3;2;No inventariada;;9;10;2;;;1;2;1;;;1;998
9;1;11;46;46169;;3;2;No inventariada;;9;20;1;2;;1;1;1;;;1;998
9;6;23;46;46169;;1;1;V-30;9,6;3;5;2;;;3;4;3;;;1;1
10;2;9;46;46169;;3;2;No inventariada;;9;10;2;;;2;3;1;;;1;998
10;1;7;46;46102;;1;1;CV-403;0,1;6;2;2;;;3;2;1;;;1;1
11;3;16;46;46169;;3;2;No inventariada;;9;20;1;1;;1;1;2;;;1;998
11;1;11;46;46169;;3;2;No inventariada;;9;10;2;;;1;1;1;;;1;998
11;1;14;46;46169;;3;2;No inventariada;;9;7;2;;;1;1;1;;;1;998
12;1;13;46;46169;;3;2;No inventariada;;9;3;2;;;1;1;1;;;1;998
12;6;23;46;46169;;3;2;No inventariada;;9;7;2;;;1;4;1;;;1;998
11;5;14;46;46169;;3;2;No inventariada;;9;7;1;2;;1;1;1;;;1;998
11;5;14;46;46169;;3;2;No inventariada;;9;7;2;;;1;1;1;;;1;998
12;3;18;46;46102;;1;1;CV-369;1,5;6;3;2;;;1;4;1;;;1;1
12;1;5;46;46169;;1;1;CV-403;0,015;6;3;1;4;;1;6;1;;1;1;3
12;5;16;46;46169;;3;2;No inventariada;;9;10;2;;;1;1;1;;;1;998
5;6;7;46;0;;1;1;A-35;26,773;3;14;2;;;1;1;1;;;1;1
7;5;4;46;0;;1;1;A-35;23,5;3;18;2;;;1;6;1;;;1;1
8;6;15;46;0;;1;1;A-35;23,15;3;2;2;;;1;1;1;;;1;1
8;6;22;46;0;;3;2;No inventariada;;9;16;2;;;1;4;1;;;1;998
8;3;14;46;0;;1;1;A-35;22,52;3;18;2;;;1;1;1;;;1;1
10;7;12;46;0;;1;1;CV-652;2,891;6;2;1;2;CV-652;1;1;1;;;1;1
11;1;18;46;0;;1;1;A-35;18,744;3;13;2;;;1;6;1;;;1;1
2;2;23;46;46171;;1;1;CV-32;10,355;6;3;1;4;;1;6;7;;;18;4
5;7;2;46;46171;;3;2;No inventariada;;7;1;2;;;1;4;7;;;18;998
5;2;17;46;46171;;1;1;CV-315;4,6;6;1;2;;;1;1;1;;;1;3
7;1;7;46;46171;;1;1;A-7;315,45;3;4;2;;;1;1;1;;;1;1
8;5;14;46;46171;;1;1;CV-315;7,365;6;3;2;;;1;1;1;;;1;4
8;7;8;46;46171;;1;1;A-7;315,5;3;18;2;;;1;1;1;;;1;1
8;5;18;46;46171;;1;1;A-7;315,7;3;5;2;;;1;1;1;;;1;1
9;1;7;46;46171;;1;1;A-7;317;3;2;2;;;1;1;1;;;1;1
12;2;7;46;46171;;1;1;A-7;317,027;3;5;2;;;1;2;1;;;1;1
1;2;18;46;46172;;1;1;CV-405;10,535;6;4;2;;;1;6;1;;;1;1
3;5;10;46;46172;;1;1;CV-416;1,885;6;18;2;;;1;1;2;;1;1;1
4;1;17;46;46172;;1;1;FIGA PALER;0,3;10;16;2;;;1;1;1;;;1;4
5;4;19;46;46172;;1;1;CV-415;13,6;6;2;1;2;CV-416;1;1;1;;;1;1
6;1;18;46;46172;;1;1;CV-405;10,2;6;4;2;;;1;1;1;;;1;1
6;5;10;46;46172;;1;1;CV-405;9,6;6;1;2;;;1;1;1;;;1;1
7;4;16;46;46172;;1;1;CV-405;9,1;6;10;2;;;1;1;1;;;1;1
8;1;8;46;46172;;1;1;CV-405;10,2;6;4;1;4;CV-415;1;1;1;;;1;1
8;1;18;46;46172;;1;1;CV-416;1,762;6;4;1;2;;1;1;7;;;18;1
9;1;14;46;46172;;1;1;CV-405;15,3;6;2;2;;;1;1;1;;;18;1
12;5;13;46;46172;;1;1;CV-405;10,157;6;4;2;;;1;1;1;;;1;1
9;5;17;46;0;;3;2;No inventariada;;9;2;1;2;;1;1;1;;;1;998
4;3;16;46;0;;1;1;A-35;35,41;3;5;2;;;1;1;1;;;1;1
5;3;14;46;0;;1;1;A-35;37,223;3;18;2;;;1;1;1;;;1;1
7;6;11;46;0;;1;1;A-35;38,791;7;7;2;;;1;1;1;;;1;1
12;6;19;46;0;;3;2;No inventariada;;9;7;2;;;1;4;1;;;1;998
12;1;16;46;0;;1;1;A-35;36,653;3;4;2;;;1;1;1;;;1;1
12;1;16;46;0;;1;1;A-35;35,01;3;5;2;;;1;1;1;;;1;1
2;6;21;46;0;;1;1;CV-50;52,9;6;18;2;;;1;6;1;;;1;1
4;6;12;46;0;;1;1;CV-435;2;6;19;2;;;1;1;1;;;18;2
2;4;15;46;46177;;1;1;CV-300;7,6;5;2;1;2;;1;1;1;;;1;1
2;5;15;46;46177;;1;1;CV-300;6,977;5;4;1;4;;1;1;1;;;1;1
1;7;12;46;46177;;1;1;CV-32;3,5;5;2;1;4;CV-300;1;1;1;;;1;2
5;3;18;46;46177;;1;1;A-7;313,8;3;4;2;;;1;1;1;;;1;1
1;4;17;46;46177;;3;2;No inventariada;;9;;2;;;999;999;999;;;999;998
6;1;6;46;46177;;1;1;CV-300;6,71;5;7;1;4;CV-32;1;3;2;;;1;1
8;1;15;46;46177;;1;1;CV-300;6,944;5;2;1;7;;1;1;1;;;1;2
10;4;13;46;46177;;1;1;A-7;313,9;3;16;2;;;1;1;1;;;1;3
11;2;16;46;46177;;1;1;CV-300;7,55;5;12;1;4;;1;1;1;;;1;1
12;4;14;46;46177;;1;1;A-7;313,6;3;19;2;;;1;1;1;;;1;1
1;3;12;46;46178;;1;1;CV-315;16,2;6;18;2;;;1;1;1;;;1;1
2;5;6;46;46178;;1;1;CV-310;13,424;6;12;2;;;3;6;3;;;1;2
3;1;11;46;46178;;1;1;CV-310;14,8;6;19;1;4;;3;1;3;;;1;2
7;5;11;46;46178;;1;1;CV-315;16,371;6;2;1;2;;1;1;1;;;1;1
7;3;21;46;46178;;1;1;CV-315;11,4;6;3;2;;;1;4;1;;;1;1
9;2;8;46;46178;;1;1;CV-310;14,826;6;3;1;4;;1;1;2;;;1;2
10;6;12;46;46178;;1;1;CV-315;12,85;6;2;1;2;;1;1;1;;;1;1
12;2;16;46;46178;;1;1;CV-315;15,355;6;18;2;;;3;1;1;;;18;2
3;5;21;46;0;;1;1;CV-580;14,4;6;2;2;;;1;6;1;;;1;1
5;3;18;46;0;;3;2;No inventariada;;9;3;1;1;;1;1;1;;;1;998
10;4;9;46;0;;1;1;CV-580;10,49;6;4;2;;;1;6;1;;;1;1
6;6;15;46;0;;1;1;CV-645;2,7;6;16;2;;;1;1;1;;;1;1
7;7;13;46;46145;;1;1;CV-645;0,35;6;4;2;;;1;1;2;;;1;1
1;2;8;46;46181;;1;1;AP-7;589,76;2;5;2;;;1;1;1;;;1;1
2;5;18;46;46181;;1;1;N-332;216,448;6;4;2;;;1;3;1;;;1;1
2;6;12;46;46181;;1;1;CV-715;2,4;6;3;1;1;CV-715;1;1;1;;;1;1
3;6;19;46;46181;;1;1;CAMI VELL;1;10;3;2;;;1;6;1;;;1;1
3;7;11;46;46181;;1;1;CAMINO;0,05;10;13;1;2;;1;1;1;;;1;3
4;4;13;46;46181;;1;1;CV-715;1,034;6;2;1;2;;1;1;1;;;1;1
4;5;10;46;46181;;1;1;N-332;216,445;8;2;1;1;;1;1;7;;;18;4
5;2;14;46;46181;;1;1;N-332;205,6;6;5;1;2;;1;1;1;;;1;1
5;3;6;46;46181;;1;1;CV-715;3,3;6;3;2;;;1;1;1;;;1;1
5;7;12;46;46181;;1;1;N-332;208,1;6;4;2;;;1;1;1;;;1;1
6;1;12;46;46181;;1;1;CV-715;3,209;6;3;1;2;;1;1;1;;;1;1
6;2;17;46;46181;;1;1;AP-7;597,625;2;19;2;;;1;1;7;;;18;1
6;7;4;46;46181;;1;1;AP-7;600,55;2;16;2;;;1;6;2;;;1;1
6;5;19;46;46181;;1;1;CAMINO CAR;0,3;10;12;2;;;1;1;1;;;1;3
6;1;7;46;46181;;1;1;CV-715;2,5;6;19;2;;;1;2;1;;;1;1
7;5;19;46;46181;;1;1;N-332;209,572;6;3;1;2;N-332;1;1;1;;;1;1
8;7;8;46;46181;;1;1;N-332;207,8;6;14;2;;;1;1;1;;;1;1
9;6;21;46;46181;;1;1;AP-7;597,95;2;14;2;;;1;6;1;;;1;1
9;4;7;46;46181;;1;1;AP-7;596,1;2;4;2;;;3;2;4;;;1;1
9;1;15;46;0;;1;1;AP-7;588,437;2;4;2;;;1;1;1;;;1;2
10;5;13;46;46181;;1;1;CAMI CAÑAD;3,5;10;2;1;2;;1;1;1;;;1;1
10;7;21;46;46181;;1;1;N-332;210,6;6;6;2;;;1;6;1;;;9;1
10;5;12;46;46181;;1;1;N-332;216,3;6;4;1;4;AP-7;1;1;2;;;1;1
10;6;11;46;46181;;1;1;N-332;211,528;6;10;2;;;1;1;2;;;18;1
11;5;11;46;46181;;1;1;CAMI VELL;4,5;10;2;1;1;;1;1;2;;;1;1
11;7;11;46;46181;;1;1;N-332;211,6;6;3;1;2;;1;1;1;;;1;1
12;2;13;46;46181;;1;1;N-332;207,115;6;1;1;2;;1;1;1;;;1;1
5;1;8;46;0;;1;1;CV-333;11,9;6;12;2;;;1;1;1;;;1;2
5;2;18;46;0;;1;1;CV-25;12,3;6;10;2;;;1;1;1;;;1;1
8;3;5;46;0;;1;1;CV-25;11,9;6;18;2;;;1;6;1;;;1;1
11;6;13;46;0;;1;1;CV-25;9,6;6;10;1;4;;2;1;1;;;1;4
12;4;19;46;0;;1;1;CV-333;9,1;6;1;2;;;1;6;1;;;1;1
1;6;13;46;46183;;1;1;CV-642;1,855;6;20;1;2;;1;1;1;;;1;1
1;7;11;46;46183;;3;2;No inventariada;;9;7;2;;;1;1;1;;;1;998
2;5;18;46;46183;;3;2;No inventariada;;9;3;1;4;;1;3;1;;;1;998
4;1;14;46;0;;1;1;A-7;409,814;3;4;2;;;1;1;1;;;1;1
6;6;23;46;46183;;3;2;No inventariada;;9;2;1;4;;1;4;1;;;1;998
6;1;19;46;46183;;3;2;No inventariada;;9;7;2;;;3;1;4;;;5;998
6;1;20;46;46183;;3;2;No inventariada;;9;7;2;;;3;1;4;;;5;998
6;1;9;46;46183;;1;1;CV-640;4,581;6;9;2;;;1;1;1;;;1;3
7;4;13;46;46183;;3;2;No inventariada;;9;1;2;;;1;1;1;;;1;998
10;7;6;46;46183;;1;1;CV-60;0,024;6;12;1;4;A-7;1;6;1;;;1;1
11;4;14;46;46183;;1;1;CV-642;2,116;6;19;2;;;1;1;1;;;1;2
1;7;1;46;46184;;3;2;No inventariada;;9;4;2;;;1;4;1;1;;1;998
1;3;14;46;46184;;1;1;MONEDA;0,4;10;2;2;;;1;1;1;;;1;1
1;4;11;46;46184;;3;2;No inventariada;;9;19;1;2;;1;1;1;;;1;998
2;5;14;46;46184;;3;2;No inventariada;;9;1;1;1;;1;1;1;;;1;998
1;1;16;46;46184;;3;2;No inventariada;;9;7;2;;;1;1;1;;;1;998
2;5;19;46;46184;;3;2;No inventariada;;9;2;2;;;1;2;2;;;3;998
2;5;10;46;46184;;3;2;No inventariada;;14;2;1;2;;1;1;1;;;3;998
1;5;14;46;46184;;3;2;No inventariada;;9;2;2;;;1;1;1;;;1;998
1;6;18;46;46184;;3;2;No inventariada;;9;4;2;;;1;3;1;;;18;998
2;1;14;46;46184;;3;2;No inventariada;;9;7;2;;;1;1;1;;;1;998
2;2;13;46;46184;;3;2;No inventariada;;9;2;2;;;1;1;1;;;1;998
2;4;8;46;46184;;3;2;No inventariada;;14;3;2;;;1;1;1;;;1;998
3;7;17;46;46184;;1;1;CV-650;2,112;6;13;2;;;1;1;1;;;1;1
3;5;10;46;46184;;1;1;CV-81;1,353;6;3;1;4;;1;1;1;;;1;1
3;2;12;46;46184;;3;2;No inventariada;;9;16;2;;;1;1;1;1;;1;998
2;4;11;46;46184;;3;2;No inventariada;;9;7;2;;;1;1;1;;;6;998
3;3;20;46;46184;;3;2;No inventariada;;9;2;1;1;;1;4;1;;;1;998
3;1;11;46;46184;;3;2;No inventariada;;9;2;1;1;;1;1;1;;;11;998
4;2;19;46;46184;;1;1;CV-660;26,932;6;3;1;4;;1;2;1;;;6;2
3;3;8;46;46184;;3;2;No inventariada;;9;2;1;2;;1;1;1;;;1;998
4;2;18;46;46184;;3;2;No inventariada;;9;7;2;;;1;1;1;1;;1;998
5;7;0;46;46184;;1;1;CV-650;3,433;6;4;1;2;;1;6;1;;;1;3
5;7;1;46;46184;;1;1;CV-660;26,484;6;10;1;4;CV-665;1;4;1;;;1;1
5;1;10;46;46184;;1;1;CV-81;4,5;6;10;2;;;1;1;2;;;1;1
5;5;20;46;46184;;3;2;No inventariada;;9;1;2;;;1;1;1;1;;1;998
3;6;12;46;46184;;3;2;No inventariada;;9;4;2;;;1;1;1;;;6;998
4;4;10;46;46184;;3;2;No inventariada;;9;7;2;;;1;1;1;;;1;998
5;6;13;46;46184;;1;1;SAN ESTEVE;3,8;10;1;2;;;1;1;1;;;4;3
4;1;8;46;46184;;3;2;No inventariada;;9;2;2;;;1;1;1;;;9;998
5;7;22;46;46184;;1;1;CV-650;4,3;6;12;2;;;3;3;2;;;1;2
5;5;13;46;46184;;1;1;CV-660;22,9;6;18;2;;;1;1;1;;;4;2
5;1;20;46;46184;;3;2;No inventariada;;9;19;2;;;1;1;1;1;;1;998
5;2;14;46;46184;;3;2;No inventariada;;14;7;1;1;;1;1;1;;;1;998
6;1;8;46;46184;;3;2;No inventariada;;9;6;2;;;1;1;1;;;1;998
6;3;12;46;46184;;3;2;No inventariada;;9;4;2;;;1;1;1;;;1;998
6;4;13;46;46184;;3;2;No inventariada;;9;7;2;;;1;1;1;;;1;998
6;2;20;46;46184;;3;2;No inventariada;;9;4;1;4;CV-660;1;1;1;;;1;998
7;5;18;46;46184;;1;1;CV-81;7,8;6;16;2;;;1;1;1;;;1;2
7;4;21;46;46184;;3;2;No inventariada;;9;10;2;;;1;4;1;;;1;998
7;3;16;46;46184;;3;2;No inventariada;;9;6;1;1;;1;1;1;;;1;998
8;4;20;46;46184;;1;1;CV-650;2,9;6;4;1;2;;1;1;1;;;1;1
8;1;8;46;0;;1;1;CV-81;0,6;5;2;1;4;;1;1;1;;;1;2
8;7;12;46;46184;;1;1;CAMI VELL;0,7;10;2;2;;;1;1;1;;;4;2
8;3;23;46;46184;;3;2;No inventariada;;9;20;2;;;1;4;1;1;;1;998
8;7;1;46;46184;;3;2;No inventariada;;9;10;2;;;1;4;1;;;1;998
3;6;17;46;46184;;3;2;No inventariada;;9;2;1;1;;1;1;1;;;1;998
2;1;8;46;46184;;3;2;No inventariada;;9;7;2;;;9;1;7;;;18;998
2;1;17;46;46184;;3;2;No inventariada;;9;20;2;;;9;1;7;;;18;998
1;3;21;46;46184;;3;2;No inventariada;;9;7;2;;;1;4;1;;;1;998
8;6;17;46;46184;;3;2;No inventariada;;9;20;1;1;;1;1;1;;;1;998
9;2;20;46;46184;;1;1;CV-81;2,1;6;10;2;;;1;6;1;;;1;2
9;1;0;46;46184;;3;2;No inventariada;;9;3;2;;;1;4;1;1;;1;998
9;7;16;46;46184;;1;1;CV-81;7,26;6;12;2;;;1;1;1;;;1;2
9;7;14;46;46184;;3;2;No inventariada;;9;3;1;2;;1;1;1;;;12;998
9;3;11;46;46184;;1;1;CAMI LA MO;0,7;10;16;2;;;1;1;1;;;1;1
9;6;1;46;0;;1;1;CV-651;4,1;6;18;2;;;3;6;2;;;1;2
9;4;10;46;46184;;3;2;No inventariada;;9;7;2;;;1;1;1;;;9;998
7;2;9;46;46184;;3;2;No inventariada;;9;7;1;1;;1;1;1;;;1;998
10;7;8;46;46184;;1;1;CV-665;4,176;6;19;2;;;1;1;1;;;1;2
10;7;16;46;46184;;1;1;CV-668;0,01;6;2;1;2;CV-655;1;1;1;;;1;1