MES;DIA_SEMANA;HORA;COD_PROVINCIA;COD_MUNICIPIO;ISLA;ZONA;ZONA_AGRUPADA;CARRETERA;KM;TIPO_VIA;TIPO_ACCIDENTE;NUDO;NUDO_INFO;CARRETERA_CRUCE;CONDICION_FIRME;CONDICION_ILUMINACION;CONDICION_METEO;CONDICION_NIEBLA;CONDICION_VIENTO;VISIB_RESTRINGIDA_POR;TRAZADO_PLANTA
10;2;15;46;46184;;3;2;No inventariada;;9;7;2;;;1;1;1;;;1;998
10;5;10;46;46184;;3;2;No inventariada;;9;20;1;2;;1;1;1;;;1;998
7;3;10;46;46184;;3;2;No inventariada;;9;3;2;;;1;1;1;;;1;998
10;4;10;46;46184;;3;2;No inventariada;;9;3;2;;;1;1;1;;;18;998
9;7;22;46;46184;;3;2;No inventariada;;9;10;1;2;;1;4;1;1;;1;998
11;6;12;46;46184;;1;1;CV-650;2,754;6;4;1;1;;1;1;1;;;1;1
11;1;19;46;0;;1;1;CV-81;0,55;5;20;1;4;;1;5;1;;;1;2
11;5;17;46;46184;;3;2;No inventariada;;9;2;2;;;1;4;1;;;18;998
12;1;13;46;46184;;3;2;No inventariada;;9;7;2;;;1;1;1;;;1;998
12;7;13;46;46184;;3;2;No inventariada;;9;4;2;;;1;1;1;;;1;998
1;4;20;46;46250;;1;1;CV-407;2,808;6;1;2;;;1;6;1;;;1;1
2;3;7;46;46250;;1;1;CV-400;1,457;5;15;2;;;1;1;1;;;1;1
2;3;7;46;46186;;1;1;CV-407;2,503;6;1;2;;;1;2;1;;;1;1
4;6;7;46;46186;;1;1;CV-400;2,115;5;3;1;4;;1;1;1;;;1;2
5;7;11;46;46186;;1;1;CV-400;2,153;5;5;1;4;CV-400;1;1;1;;;1;1
5;4;17;46;46186;;1;1;CV-400;2,046;5;2;2;;;1;1;1;;;1;1
6;2;10;46;46250;;1;1;CV-400;1,2;5;4;1;4;CV-407;3;1;3;;;18;1
6;1;17;46;46186;;1;1;CV-400;3;5;9;1;4;;1;1;1;;;1;2
11;5;17;46;46186;;1;1;CV-400;2,535;5;10;2;;;2;1;1;;;1;2
11;6;11;46;46186;;1;1;CV-400;2;5;9;1;4;;2;1;1;;;1;2
11;6;17;46;46186;;1;1;CV-400;2,1;5;10;1;4;;2;1;1;;;1;2
12;2;3;46;46186;;1;1;CV-400;2,13;5;10;2;;;1;4;1;;;18;2
3;5;13;46;0;;1;1;CV-60;34,25;5;3;1;2;;1;1;1;;;1;1
4;3;17;46;0;;1;1;CV-686;0,05;6;5;2;;;1;1;1;;;1;1
5;7;11;46;0;;1;1;CV-685;4,8;6;2;1;4;CV-60;1;1;1;;;3;3
5;7;13;46;0;;3;2;No inventariada;;9;1;2;;;1;1;1;;;1;998
8;6;11;46;0;;1;1;CV-685;4,8;6;2;1;4;CV-685;1;1;1;;;1;2
10;4;21;46;0;;1;1;CV-60;34,564;8;2;1;4;CV-685;1;4;1;;;3;2
10;3;12;46;0;;1;1;CV-60;34,3;5;3;2;;;1;1;1;;;1;1
8;1;14;46;0;;1;1;No inventariada;0,6;10;2;1;1;;1;1;1;;;4;3
6;5;19;46;0;;1;1;CV-62;3,875;6;16;2;;;1;1;1;;;1;1
1;5;13;46;46190;;1;1;A-7;328,8;3;3;2;;;1;1;2;;;1;1
1;1;9;46;46250;;1;1;CV-30;2,582;3;18;2;;;1;1;1;;;1;1
1;4;0;46;46190;;1;1;CV-31;2,1;5;18;2;;;3;4;3;;;1;1
1;4;10;46;46190;;1;1;CV-31;3,72;6;4;2;;;1;1;2;;;1;2
1;5;15;46;46190;;1;1;A-7;326;3;5;2;;;1;1;1;;;1;3
1;5;6;46;46190;;3;2;No inventariada;;9;10;2;;;1;3;1;;;1;998
1;5;9;46;46190;;3;2;No inventariada;;9;3;1;2;;1;1;1;;;1;998
1;7;19;46;46190;;1;1;CV-35;8,291;3;19;2;;;1;4;7;;;18;1
1;1;7;46;46190;;1;1;A-7;324,8;3;3;2;;;1;1;1;;;1;1
1;3;16;46;46190;;3;2;No inventariada;;9;4;1;2;;1;1;1;;;1;998
1;1;20;46;46190;;3;2;No inventariada;;9;7;1;1;;1;4;1;;;11;998
1;5;11;46;46190;;3;2;No inventariada;;9;7;2;;;3;1;3;;;1;998
1;4;6;46;46190;;3;2;No inventariada;;9;3;1;1;;1;3;1;;;2;998
1;5;7;46;46190;;3;2;No inventariada;;9;6;2;;;1;3;1;;;1;998
1;3;21;46;46190;;3;2;No inventariada;;9;10;1;2;;1;4;1;;;1;998
1;5;16;46;46190;;3;2;No inventariada;;9;7;2;;;1;1;1;;;1;998
2;6;13;46;46190;;1;1;CV-30;1,079;3;4;2;;;1;1;1;;;1;1
1;1;9;46;46190;;3;2;No inventariada;;9;11;2;;;1;4;1;;;1;998
2;6;8;46;46190;;3;2;No inventariada;;9;6;1;4;;1;1;1;;;1;998
1;2;21;46;46190;;3;2;No inventariada;;9;4;2;;;1;4;1;;;1;998
2;6;13;46;46190;;3;2;No inventariada;;9;2;2;;;1;1;1;;;1;998
2;5;8;46;46190;;3;2;No inventariada;;9;1;2;;;3;1;3;;;1;998
2;1;15;46;46190;;3;2;No inventariada;;9;7;2;;;1;1;1;;;1;998
2;4;15;46;46190;;3;2;No inventariada;;9;7;2;;;1;1;1;;;1;998
2;1;8;46;46190;;1;1;CV-31;3,4;6;20;2;;;1;1;1;;;1;1
2;1;15;46;46190;;1;1;V-30;14,388;3;4;2;;;1;1;1;;;1;1
2;2;16;46;46190;;1;1;CV-31;3,873;6;2;2;;;1;1;1;;;1;2
3;1;18;46;46190;;1;1;CV-365;1;5;4;1;11;CV-365;1;1;1;;;1;1
3;2;10;46;46190;;1;1;A-7;328,144;3;15;2;;;1;6;1;;;1;2
1;6;12;46;46190;;1;1;CV-365;1;5;12;1;2;;1;1;1;;;1;2
3;4;7;46;46190;;1;1;A-7;326,4;3;4;1;10;;1;2;1;;;1;1
2;5;9;46;46190;;1;1;CV-365;1,6;5;4;2;;;1;1;1;;;1;1
3;4;19;46;46190;;1;1;CV-30;1,553;3;4;2;;;1;3;1;;;1;1
3;3;8;46;46190;;1;1;A-7;326,5;3;4;2;;;1;1;1;;;1;4
3;3;5;46;46190;;1;1;V-30;15,1;3;3;2;;;1;6;1;;;1;1
3;6;20;46;46190;;1;1;CV-35;7;3;2;1;4;;1;4;1;;;1;2
3;3;10;46;46190;;1;1;V-30;13,365;3;12;2;;;1;1;1;;;1;1
3;5;14;46;46190;;3;2;No inventariada;;9;2;2;;;1;1;1;;;1;998
3;4;12;46;46190;;3;2;No inventariada;;9;10;2;;;1;1;1;;;1;998
2;4;9;46;46190;;3;2;No inventariada;;9;7;1;2;;1;1;1;;;1;998
2;1;19;46;46190;;3;2;No inventariada;;9;4;2;;;1;4;1;;;1;998
2;4;13;46;46190;;3;2;No inventariada;;9;4;2;;;1;1;1;;;1;998
2;2;11;46;46190;;3;2;No inventariada;;9;2;2;;;1;1;1;;;1;998
2;1;14;46;46190;;3;2;No inventariada;;9;2;2;;;1;1;1;;;1;998
2;4;12;46;46190;;3;2;No inventariada;;9;7;2;;;1;1;1;;;1;998
3;3;12;46;46190;;3;2;No inventariada;;9;7;1;2;;1;1;1;;;1;998
3;5;7;46;46190;;3;2;No inventariada;;9;10;2;;;3;1;1;;;1;998
2;6;15;46;46190;;3;2;No inventariada;;9;2;2;;;1;3;1;;;1;998
3;2;15;46;46190;;1;1;CV-31;0,5;5;4;2;;;9;1;7;;;1;4
4;5;8;46;46190;;1;1;CV-30;0,55;3;3;2;;;3;1;2;;;1;2
4;2;17;46;46190;;1;1;CV-35;7,2;3;5;2;;;1;1;1;;;1;1
3;1;12;46;46190;;3;2;No inventariada;;9;2;2;;;3;1;3;;;3;998
4;6;14;46;46190;;3;2;No inventariada;;9;6;2;;;1;1;1;;;1;998
4;3;19;46;46190;;3;2;No inventariada;;9;4;1;2;;1;1;1;;;1;998
4;4;18;46;46190;;3;2;No inventariada;;9;7;1;4;;1;1;1;;;1;998
4;5;12;46;46190;;3;2;No inventariada;;9;2;1;1;;1;1;1;;;1;998
3;3;16;46;46190;;3;2;No inventariada;;9;2;2;;;1;1;1;;;1;998
5;6;13;46;46190;;1;1;CV-35;5,695;3;4;1;12;CV-31;1;1;7;;;18;1
5;5;14;46;46190;;1;1;A-7;324,964;3;5;2;;;1;1;1;;;18;1
5;4;15;46;46190;;1;1;CV-365;2,6;6;12;2;;;1;1;1;;;18;1
5;5;11;46;46190;;3;2;No inventariada;;9;2;2;;;1;1;1;;;1;998
5;6;4;46;46190;;1;1;A-7;328;3;18;2;;;1;6;1;;;1;1
5;2;8;46;46190;;1;1;A-7;326,766;3;4;2;;;1;1;1;;;18;1
5;2;17;46;46190;;1;1;CV-35;6,738;3;4;2;;;1;1;7;;;18;1
6;1;8;46;46190;;1;1;CV-365;2,2;5;4;2;;;1;1;1;;;1;1
5;4;9;46;46190;;3;2;No inventariada;;9;2;1;1;;1;1;1;;;1;998
4;7;18;46;46190;;3;2;No inventariada;;9;19;2;;;2;1;1;;;1;998
6;2;8;46;46190;;1;1;CV-35;6,9;3;3;1;10;CV-35;1;1;1;;;18;1
6;5;15;46;46190;;1;1;CV-35;10,972;3;3;1;2;A-7;1;1;1;;;1;1
6;2;5;46;46159;;1;1;CV-371;0,001;6;2;1;4;;1;1;1;;;1;2
6;3;9;46;46190;;1;1;CV-31;0,668;5;4;2;;;1;1;1;;;1;1
6;4;17;46;46190;;1;1;A-7;328,5;3;3;2;;;1;1;1;;;1;1
6;6;6;46;46190;;1;1;CV-35;11,446;3;10;2;;;1;1;1;;;1;1
6;3;18;46;46190;;3;2;No inventariada;;9;2;1;4;;1;1;1;;;1;998
6;4;23;46;46190;;3;2;No inventariada;;9;2;1;1;;1;3;1;;;1;998
5;3;19;46;46190;;3;2;No inventariada;;9;4;2;;;1;1;1;;;1;998
7;5;7;46;46190;;1;1;CV-30;1,25;3;4;1;10;V-30;1;1;1;;;1;1
7;3;15;46;46190;;1;1;CV-365;1,36;5;4;2;;;1;1;1;;;18;1
6;7;19;46;46190;;1;1;CV-31;3,2;5;12;2;;;1;1;1;;;1;1
4;4;15;46;46190;;3;2;No inventariada;;9;4;1;1;;1;1;1;;;1;998
4;2;20;46;46190;;3;2;No inventariada;;9;10;2;;;8;4;1;;;4;998
7;1;12;46;46190;;3;2;No inventariada;;9;7;2;;;1;1;1;;;1;998
7;5;10;46;46190;;3;2;No inventariada;;9;10;2;;;1;1;1;;;1;998
7;5;14;46;46190;;3;2;No inventariada;;9;7;2;;;1;1;1;;;1;998
7;1;22;46;46190;;3;2;No inventariada;;9;10;2;;;1;4;1;;;1;998
7;2;23;46;46190;;3;2;No inventariada;;9;2;1;2;;1;4;1;;;1;998
6;5;9;46;46190;;3;2;No inventariada;;9;10;1;4;;1;1;1;;;1;998
6;4;16;46;46190;;3;2;No inventariada;;9;2;1;1;;1;1;1;;;1;998
5;6;19;46;46190;;3;2;No inventariada;;9;3;1;4;;1;1;1;;;1;998
6;6;11;46;46190;;3;2;No inventariada;;9;10;2;;;1;1;1;;;1;998
7;4;10;46;46190;;3;2;No inventariada;;9;2;1;4;;1;1;1;;;1;998
5;1;16;46;46190;;3;2;No inventariada;;9;4;2;;;1;1;1;;;1;998
6;2;7;46;46190;;3;2;No inventariada;;9;10;2;;;1;1;1;;;1;998
5;4;8;46;46190;;3;2;No inventariada;;9;6;2;;;1;1;1;;;1;998
7;3;5;46;46190;;3;2;No inventariada;;9;2;1;1;;1;4;1;;;1;998
6;1;16;46;46190;;3;2;No inventariada;;9;2;1;1;;1;1;1;;;1;998
4;2;14;46;46190;;3;2;No inventariada;;9;7;2;;;1;1;1;;;1;998
7;6;13;46;46190;;3;2;No inventariada;;9;2;2;;;1;1;1;;;1;998
6;2;8;46;46190;;3;2;No inventariada;;9;10;2;;;3;1;1;;;1;998
6;4;10;46;46190;;3;2;No inventariada;;9;10;2;;;1;1;1;;;1;998
5;5;10;46;46190;;3;2;No inventariada;;9;10;2;;;1;1;1;;;1;998
6;3;13;46;46190;;3;2;No inventariada;;9;2;1;4;;1;1;1;;;1;998
7;3;21;46;46190;;3;2;No inventariada;;9;4;1;2;;1;2;1;;;1;998
6;1;19;46;46190;;3;2;No inventariada;;9;2;1;1;;1;1;1;;;1;998
5;3;16;46;46190;;3;2;No inventariada;;9;6;2;;;1;1;1;;;1;998
6;7;13;46;46190;;3;2;No inventariada;;9;2;2;;;1;1;1;;;1;998
7;6;8;46;46190;;3;2;No inventariada;;9;2;2;;;1;1;1;;;1;998
8;2;22;46;46190;;1;1;A-7;324,9;3;3;2;;;1;6;7;;;18;1
8;1;19;46;46190;;1;1;V-30;16,392;3;6;2;;;1;1;1;;;1;1
8;6;12;46;46190;;1;1;CV-35;8,072;3;4;2;;;1;1;1;;;1;1
8;5;11;46;46190;;1;1;A-7;327,3;3;4;2;;;1;1;1;;;1;1
8;2;20;46;46190;;3;2;No inventariada;;9;7;1;1;;1;1;1;;;1;998
8;5;10;46;46190;;3;2;No inventariada;;9;10;2;;;1;1;1;;;1;998
8;2;12;46;46190;;3;2;No inventariada;;9;10;1;1;;1;1;1;;;1;998
5;3;9;46;46190;;3;2;No inventariada;;9;2;1;1;;1;1;1;;;1;998
7;4;14;46;46190;;3;2;No inventariada;;9;4;2;;;1;1;1;;;1;998
8;1;22;46;46190;;3;2;No inventariada;;9;10;1;2;;8;4;1;;;18;998
8;4;11;46;46190;;3;2;No inventariada;;9;7;2;;;1;1;1;;;1;998
4;1;10;46;46190;;3;2;No inventariada;;9;15;2;;;3;1;1;;;1;998
9;3;18;46;46190;;3;2;No inventariada;;9;7;2;;;1;1;1;;;12;998
9;1;11;46;46078;;1;1;CV-365;0,2;5;2;1;10;;1;1;1;;;1;1
9;3;6;46;46190;;3;2;No inventariada;;9;10;2;;;3;4;4;;;1;998
9;3;16;46;46190;;3;2;No inventariada;;9;2;2;;;1;1;1;;;1;998
9;7;19;46;46190;;3;2;No inventariada;;9;19;2;;;1;1;1;;;1;998
9;5;14;46;46190;;1;1;A-7;326,241;3;3;2;;;1;1;1;;;1;1
8;2;22;46;46190;;3;2;No inventariada;;9;10;2;;;1;4;1;;;1;998
9;4;22;46;46190;;3;2;No inventariada;;9;3;2;;;3;4;3;;;5;998
9;7;13;46;46190;;3;2;No inventariada;;9;10;2;;;1;1;1;;;1;998
9;2;8;46;46190;;3;2;No inventariada;;9;2;2;;;1;1;1;;;1;998
9;3;18;46;46190;;3;2;No inventariada;;9;4;2;;;1;1;1;;;1;998
9;1;14;46;46190;;1;1;V-30;15,736;3;3;2;;;1;1;1;;;1;1
10;4;7;46;46903;;1;1;CV-35;12;3;3;2;;;1;1;1;;;1;1
10;1;8;46;46190;;1;1;CV-35;6,3;3;4;2;;;1;1;1;;;1;1
9;4;17;46;46190;;3;2;No inventariada;;9;2;1;4;;1;1;1;;;1;998
10;4;6;46;46190;;1;1;V-30;14,9;3;4;2;;;1;2;1;;;1;3
10;4;11;46;46190;;3;2;No inventariada;;9;7;1;2;;1;1;1;;;1;998
11;5;15;46;46190;;1;1;CV-35;6,2;3;5;2;;;1;1;1;;;1;1
11;7;13;46;46190;;1;1;A-7;326;3;3;2;;;1;1;1;;;1;1
11;3;8;46;46190;;1;1;CV-30;1,23;3;4;1;12;;1;1;2;;;1;1
11;1;19;46;46190;;1;1;CV-35;11,2;3;4;2;;;1;4;7;;;1;1
11;7;18;46;46190;;1;1;CV-35;11,3;3;5;2;;;1;4;1;;;1;1
10;1;0;46;46190;;1;1;A-7;329;3;18;2;;;3;4;4;;;1;1
11;5;15;46;46190;;1;1;CV-30;1,3;3;4;2;;;1;1;1;;;1;1
11;6;14;46;46190;;1;1;CV-35;6,461;3;16;1;2;;1;1;1;;;18;1
12;3;11;46;46190;;1;1;CV-365;2,937;6;4;2;;;1;1;2;;;1;1
12;5;18;46;46190;;1;1;CV-31;1,1;5;3;2;;;1;6;1;;;1;1
12;3;17;46;46190;;1;1;A-7;328,74;3;12;2;;;1;6;2;;;18;1
12;7;12;46;46190;;1;1;CV-35;7,2;3;10;2;;;1;1;1;;;18;1
12;1;17;46;46190;;1;1;CV-30;1,507;3;4;2;;;1;2;1;;;6;1
10;4;7;46;46190;;3;2;No inventariada;;9;2;2;;;1;4;1;;;1;998
12;2;12;46;46190;;1;1;A-7;324;3;4;2;;;3;1;3;;;5;1
10;7;11;46;0;;1;1;CV-376;7;6;19;2;;;1;1;1;;;1;2
12;4;7;46;0;;1;1;CV-380;11,665;6;2;2;;;1;1;1;;;18;1
9;1;18;46;0;;1;1;CAMÍ DE GI;0,1;10;15;1;2;;1;1;2;;;1;1
10;1;13;46;0;;1;1;No inventariada;0;14;16;2;;;1;1;1;;;1;1
2;6;20;46;46193;;1;1;CV-36;2,3;3;12;2;;;1;4;1;;;1;3
3;6;19;46;46193;;1;1;CV-36;2,219;3;4;1;2;CV-407;3;3;2;;;1;1
4;1;9;46;46193;;1;1;CV-36;3,2;3;15;2;;;1;1;1;;;18;4
2;2;11;46;46193;;3;2;No inventariada;;9;3;1;2;;1;1;1;;;1;998
5;5;19;46;46193;;1;1;CV-403;4,1;6;4;2;;;1;1;1;;;1;1
6;3;13;46;46193;;1;1;CV-36;2;3;12;2;;;1;1;1;;;18;1
4;3;14;46;46193;;3;2;No inventariada;;9;1;1;2;;1;1;1;;;1;998
4;6;14;46;46193;;3;2;No inventariada;;13;3;1;2;;1;1;1;;;1;998
6;4;12;46;46193;;3;2;No inventariada;;9;3;1;1;;1;1;1;;;1;998
6;1;3;46;46193;;3;2;No inventariada;;14;19;1;4;;3;4;1;;;1;998
9;4;16;46;46193;;1;1;CV-36;2,173;3;4;2;;;1;1;1;;;1;1
10;7;16;46;46193;;1;1;CV-36;2,5;3;3;2;;;1;1;1;;;18;1
10;1;15;46;46193;;1;1;CV-36;2,814;3;4;2;;;1;1;1;;;1;1
10;5;15;46;46193;;1;1;CV-36;3,1;3;5;2;;;1;1;2;;;1;1
11;2;20;46;46193;;1;1;CV-36;2,16;3;4;2;;;1;6;1;;;18;1
10;2;18;46;46193;;1;1;CV-36;2,4;3;16;2;;;4;6;4;;;1;1
11;1;12;46;46193;;1;1;CV-36;2,191;3;10;2;;;3;1;1;;;18;1
11;2;7;46;46193;;1;1;CV-36;4,695;3;3;1;4;CV-36;1;1;1;;;1;3
11;1;10;46;46193;;1;1;CV-36;2;3;9;2;;;2;1;2;;;1;1
1;6;13;46;46194;;1;1;A-7;347,861;3;3;2;;;1;1;1;;;1;1
1;6;13;46;46194;;1;1;A-7;359,7;3;4;2;;;1;1;1;;;1;1
1;6;13;46;46194;;1;1;A-7;358;3;5;2;;;1;1;1;;;1;1
2;5;9;46;46194;;1;1;CAMI LES C;1;10;19;2;;;3;1;2;;;1;3
2;3;10;46;46194;;1;1;A-7;348,861;3;7;2;;;1;1;1;;;1;1
3;6;10;46;46194;;1;1;A-7;351;3;12;2;;;1;1;1;;;18;1
4;5;17;46;46194;;3;2;No inventariada;;7;10;1;2;;1;1;1;;;14;998
4;4;7;46;46194;;1;1;A-7;359,3;3;16;2;;;1;1;1;;;1;1
1;5;21;46;46194;;3;2;No inventariada;;9;7;1;4;;3;4;3;;;5;998
4;2;20;46;46194;;3;2;No inventariada;;9;2;1;2;;1;3;1;;;1;998
5;4;18;46;46194;;1;1;A-7;360;3;4;2;;;1;1;1;;;1;4
5;5;11;46;46230;;1;1;V-31R;0,1;5;3;1;4;;3;1;3;;;18;4
6;5;15;46;46194;;1;1;No inventariada;2;10;2;1;2;CV-414;1;1;1;;;1;1
6;3;13;46;46194;;1;1;V-31R;2,623;5;9;2;;;1;1;1;;;1;2
6;4;11;46;46194;;1;1;LA COMA;0,2;10;2;1;2;;1;1;1;;;4;2
6;1;2;46;46194;;1;1;A-7;349,363;3;6;2;;;1;6;1;;;1;1
7;1;16;46;46194;;1;1;No inventariada;3,05;10;16;2;;;1;1;1;;;1;2
8;7;11;46;46194;;1;1;CV-415;6,76;6;16;2;;;1;1;1;;;18;1
9;3;21;46;46194;;1;1;A-7;357;3;4;2;;;1;6;2;;;1;1
9;5;14;46;46194;;1;1;V-31R;2,1;5;2;1;4;;1;1;1;;;1;1
5;5;17;46;46194;;3;2;No inventariada;;9;2;1;2;;1;1;1;;;1;998
10;2;11;46;46194;;1;1;CV-415;2,5;6;6;2;;;1;1;1;;;1;1
8;2;11;46;46194;;3;2;No inventariada;;9;4;1;1;;1;1;1;;;1;998
9;1;18;46;46194;;3;2;No inventariada;;9;2;1;1;;1;1;1;;;1;998
6;1;15;46;46194;;3;2;No inventariada;;9;4;1;4;;1;1;1;;;1;998
10;3;19;46;46194;;1;1;CV-415;3,393;6;2;1;2;;1;2;1;;;1;1
6;7;22;46;46194;;3;2;No inventariada;;9;1;2;;;1;4;1;;;1;998
7;3;13;46;46194;;3;2;No inventariada;;9;2;1;1;;1;1;1;;;1;998
10;4;13;46;46194;;1;1;V-31R;3,33;5;3;2;;;1;1;1;;;1;2
11;2;7;46;46194;;1;1;No inventariada;4,2;10;18;2;;;1;1;1;;;18;3
11;5;20;46;46194;;1;1;CAMI;2,5;10;17;2;;;1;6;1;;;1;3
10;2;19;46;46194;;3;2;No inventariada;;9;2;1;4;;9;1;7;;;18;998
12;4;14;46;46194;;1;1;V-31R;1,845;5;15;2;;;1;1;1;;;1;1
12;5;12;46;46194;;1;1;V-31R;2,57;8;3;2;;;1;1;1;;;1;1
6;2;13;46;0;;1;1;CV-670;6;6;10;1;4;;7;1;1;;;1;1
4;2;7;46;0;;3;2;No inventariada;;9;7;1;1;;1;1;1;;;2;998
11;5;17;46;0;;3;2;No inventariada;;9;4;2;;;1;1;1;;;1;998
12;1;20;46;0;;1;1;CV-674;0,316;6;19;2;;;1;6;1;;;1;1
2;4;18;46;0;;1;1;CV-505;7,9;6;2;1;4;CV-505;3;4;3;;;1;2
3;6;12;46;0;;1;1;CV-505;5,1;6;2;1;2;CV-505;1;1;1;;;1;2
4;3;22;46;0;;1;1;CV-505;4,3;6;4;2;;;1;6;1;;;1;1
12;4;19;46;0;;1;1;CV-508;3,1;6;18;2;;;1;6;1;;;1;1
12;2;8;46;0;;1;1;CV-508;2;6;18;2;;;1;1;1;;;1;1
7;5;22;46;0;;1;1;CV-60;37;6;2;1;4;CV-680;1;4;1;;;1;2
1;2;8;46;46199;;1;1;CV-300;4,8;5;2;1;4;;1;1;1;;;6;1
1;7;18;46;46199;;1;1;No inventariada;1,5;6;3;2;;;1;2;2;;;1;3
2;1;19;46;46204;;1;1;V-21;7;3;3;1;4;;1;4;1;;;1;2
2;3;14;46;46199;;3;2;No inventariada;;9;2;1;1;;1;1;1;;;1;998
2;4;6;46;46199;;1;1;CV-300;4,5;5;3;1;4;;1;3;1;;;1;2
2;3;16;46;46199;;3;2;No inventariada;;9;7;2;;;1;2;1;;;6;998
3;2;15;46;46199;;3;2;No inventariada;;9;2;1;2;;1;1;1;;;1;998
5;2;10;46;46199;;1;1;V-21;7,15;7;15;1;4;;1;1;1;;;1;1
6;6;10;46;46199;;1;1;CV-300;4,8;5;4;2;;;1;1;1;;;1;1
7;1;22;46;0;;1;1;V-21;9,086;3;16;2;;;1;6;7;;;18;1
8;3;19;46;46199;;1;1;CAMI DE LA;2;10;18;2;;;1;2;2;;;1;3
7;7;21;46;46199;;3;2;No inventariada;;9;2;1;2;;1;4;1;;;1;998
12;4;18;46;0;;1;1;V-21;10;3;4;2;;;1;2;7;;;1;1
5;6;14;46;0;;1;1;CV-60;11,6;6;9;2;;;1;1;1;;;1;1
8;7;18;46;0;;1;1;CV-60;13,3;6;16;1;1;;1;1;2;;;1;2
1;2;18;46;46202;;1;1;CV-35;17,442;3;4;2;;;1;3;1;;;1;1
1;2;19;46;46202;;1;1;CV-35;17;3;2;1;4;;1;4;1;;;1;3
2;7;19;46;46202;;1;1;CV-35;19,008;3;12;2;;;1;4;1;;;18;1
2;1;11;46;46202;;1;1;CV-35;20,5;3;5;2;;;1;1;1;;;1;3
3;6;18;46;46202;;3;2;No inventariada;;9;6;2;;;1;1;1;;;1;998
4;3;16;46;46202;;3;2;No inventariada;;9;3;1;1;;1;1;1;;;1;998
4;3;17;46;46202;;3;2;No inventariada;;9;2;2;;;1;1;1;;;1;998
6;5;7;46;46202;;3;2;No inventariada;;9;10;1;10;;1;1;1;;;1;998
6;2;12;46;46202;;1;1;CV-35;19,179;3;4;2;;;3;1;3;;;1;1
6;6;19;46;46202;;3;2;No inventariada;;9;4;1;1;;1;1;1;;;18;998
7;6;11;46;46202;;3;2;No inventariada;;9;10;1;3;;3;1;3;;;1;998
8;1;15;46;46202;;1;1;CV-35;19,3;3;6;2;;;1;1;1;;;1;1
8;3;13;46;46202;;1;1;CV-375;3,678;6;12;2;;;1;1;1;;;1;3
8;1;9;46;46202;;1;1;CV-35;17,6;3;3;1;4;CV-35;1;1;1;;;1;2
10;5;14;46;46202;;1;1;CV-35;16,8;3;5;2;;;1;1;1;;;1;1
10;6;8;46;46202;;1;1;CV-375;5,85;6;7;2;;;3;2;2;;;1;1
11;2;9;46;46202;;2;2;CAMÍ MAS D;17;8;10;2;;;1;1;1;;;18;1
11;6;18;46;46202;;1;1;CV-35;16,923;3;4;2;;;1;4;1;;;18;1
3;6;10;46;0;;1;1;CV-545;4,126;6;18;2;;;3;1;7;;;1;1
9;3;12;46;0;;1;1;CV-545;3,4;6;4;1;1;;1;1;1;;;1;1
10;6;8;46;0;;1;1;CV-41;9,1;6;3;1;4;CV-560;1;1;1;;;1;2
12;7;14;46;0;;1;1;CV-545;4,15;6;16;2;;;1;1;1;;;1;1
1;7;11;46;46204;;1;1;V-21;3,731;3;19;2;;;1;1;1;;;1;1
1;1;19;46;46204;;1;1;V-21;6,4;3;5;2;;;1;6;1;;;1;1
2;2;13;46;46204;;1;1;A-7;311;3;14;1;2;CV-300;1;1;1;;;1;1
2;2;8;46;46204;;1;1;CV-300;2,5;6;3;1;1;;1;1;1;;;2;1
3;1;2;46;46204;;1;1;V-21;4,9;3;18;1;2;;1;6;1;;;5;1
4;4;14;46;46204;;1;1;CV-300;2,5;6;2;1;4;CV-300;1;1;1;;;1;1
5;4;20;46;46204;;1;1;CAMI PICS;2;10;16;2;;;1;1;1;;;1;1
6;5;21;46;46177;;1;1;A-7;313,971;3;4;2;;;1;2;7;;;18;1
6;6;9;46;46204;;1;1;CV-300;3,3;6;3;1;4;CV-306;1;1;1;;;1;2
7;7;4;46;46204;;1;1;A-7;312;3;4;2;;;1;6;1;;;1;1
7;5;15;46;46204;;1;1;A-7;311,7;3;5;2;;;1;1;1;;;1;1
10;5;21;46;46204;;1;1;A-7;310,6;3;4;2;;;1;6;1;;;1;1
10;1;15;46;46204;;1;1;CV-300;0,4;6;3;1;7;;1;1;1;;;1;3
11;1;9;46;46204;;1;1;CV-306;2;6;7;2;;;1;1;2;;;1;1
12;6;21;46;46204;;1;1;V-21;5,9;3;3;2;;;1;6;1;;;1;1
12;4;17;46;46204;;1;1;A-7;312,096;2;5;2;;;1;1;1;;;1;1
1;7;16;46;46220;;1;1;CV-309;0,05;6;2;1;2;;1;1;1;;;1;1
5;1;19;46;46205;;1;1;A-7;308,9;3;18;2;;;1;1;1;;;1;1
6;3;21;46;46205;;1;1;MANGRANEL;0,001;10;19;1;1;;1;6;1;;;1;1
7;6;12;46;46205;;1;1;V-21;1,194;8;10;2;;;3;1;7;;;18;4
7;5;14;46;0;;1;1;V-21;10,8;3;5;2;;;1;1;1;;;1;1
7;1;19;46;46205;;3;2;No inventariada;;9;2;1;4;;1;1;1;;;6;998
9;2;18;46;46205;;1;1;No inventariada;0,8;10;10;1;2;;2;1;1;;;12;1
1;2;11;46;46205;;3;2;No inventariada;;9;6;2;;;1;1;1;;;1;998
2;4;8;46;46205;;3;2;No inventariada;;9;2;2;;;1;1;1;;;1;998
2;1;9;46;46205;;3;2;No inventariada;;9;7;2;;;1;1;1;;;1;998
2;2;18;46;46205;;3;2;No inventariada;;9;20;2;;;1;1;1;;;1;998
3;4;11;46;46205;;3;2;No inventariada;;9;10;2;;;1;1;1;;;1;998
3;5;20;46;46205;;3;2;No inventariada;;9;20;2;;;1;3;1;;;1;998
5;3;20;46;46205;;3;2;No inventariada;;9;2;2;;;1;1;1;;;1;998
4;2;18;46;46205;;3;2;No inventariada;;9;4;2;;;1;1;1;;;1;998
4;5;10;46;46205;;3;2;No inventariada;;9;2;2;;;1;1;1;;;1;998
5;5;8;46;46205;;3;2;No inventariada;;9;4;2;;;1;1;1;;;1;998
5;2;12;46;46205;;3;2;No inventariada;;9;3;2;;;1;1;1;;;1;998
6;4;5;46;46205;;3;2;No inventariada;;9;19;2;;;1;4;1;;;1;998