MES;DIA_SEMANA;HORA;COD_PROVINCIA;COD_MUNICIPIO;ISLA;ZONA;ZONA_AGRUPADA;CARRETERA;KM;TIPO_VIA;TIPO_ACCIDENTE;NUDO;NUDO_INFO;CARRETERA_CRUCE;CONDICION_FIRME;CONDICION_ILUMINACION;CONDICION_METEO;CONDICION_NIEBLA;CONDICION_VIENTO;VISIB_RESTRINGIDA_POR;TRAZADO_PLANTA
7;3;13;46;46205;;3;2;No inventariada;;9;2;2;;;1;1;1;;;1;998
7;2;14;46;46205;;3;2;No inventariada;;9;2;2;;;1;1;1;;;1;998
8;4;22;46;46205;;3;2;No inventariada;;9;10;2;;;1;4;1;;;1;998
10;5;15;46;46205;;3;2;No inventariada;;9;7;2;;;1;1;1;;;1;998
11;6;19;46;46205;;3;2;No inventariada;;9;19;2;;;1;3;1;;;1;998
7;5;11;46;46207;;1;1;A-7;313,2;3;5;2;;;1;1;1;;;1;1
10;2;20;46;0;;1;1;CV-679;1,9;6;19;2;;;3;6;3;;;1;1
9;6;13;46;0;;1;1;CV-576;5,8;6;19;2;;;1;1;1;;;1;2
2;2;17;46;0;;1;1;CV-686;2,7;6;4;2;;;1;1;1;;;1;1
6;6;9;46;0;;1;1;CV-686;2,2;6;7;2;;;1;1;1;;;1;1
9;4;5;46;0;;1;1;CV-686;2,821;6;10;1;4;;8;4;1;;;1;2
11;3;7;46;0;;1;1;CV-686;1,482;6;10;2;;;7;3;1;;;1;2
11;4;18;46;0;;1;1;CV-686;1,523;5;4;2;;;1;4;1;;;1;1
2;5;13;46;0;;3;2;No inventariada;;9;;;;;999;999;999;;;999;998
8;2;5;46;0;;1;1;CV-422;12,337;6;16;2;;;1;2;1;;;1;1
10;4;13;46;0;;1;1;CV-686;2,35;6;18;1;4;;1;1;1;;;1;2
1;1;1;46;46213;;1;1;CV-395;0;6;14;1;4;;1;6;1;;;1;2
2;3;10;46;46213;;1;1;N-3;268;5;14;2;;;1;1;2;;;1;2
2;1;14;46;46213;;1;1;CV-455;2,412;6;16;2;;;1;1;1;;;1;2
3;5;21;46;46213;;1;1;A-3;292;3;5;2;;;1;6;1;;;1;1
3;3;20;46;46213;;1;1;A-3;300;3;19;2;;;1;4;1;;;1;1
3;5;10;46;46213;;1;1;A-3;296,433;8;18;2;;;1;1;1;;;1;2
3;7;15;46;46213;;1;1;A-3;299,75;3;14;2;;;1;1;1;;;1;1
3;6;11;46;46213;;1;1;CV-395;8,1;6;12;2;;;1;1;1;;;4;2
4;7;11;46;46213;;1;1;CV-395;8,5;6;9;2;;;1;1;2;;;4;2
4;3;18;46;46213;;1;1;A-3;295,1;3;12;2;;;1;1;1;;;1;1
5;5;17;46;46213;;1;1;A-3;299,413;3;4;2;;;1;1;2;;;18;1
6;3;8;46;46213;;1;1;A-3;299,308;3;4;2;;;1;1;1;;;1;1
6;3;16;46;46213;;1;1;A-3;297,81;3;16;2;;;1;1;1;;;1;1
6;5;19;46;46213;;1;1;A-3;286,75;3;2;2;;;4;1;4;1;;5;1
7;7;18;46;46213;;1;1;No inventariada;0,8;10;18;2;;;1;1;1;;;1;3
7;7;19;46;46213;;1;1;A-3;300;3;5;2;;;1;1;1;;;1;1
7;3;3;46;46213;;1;1;A-3;287,5;3;14;2;;;1;6;1;;;1;1
7;5;15;46;46213;;1;1;A-3;284,2;3;4;2;;;1;1;1;;;18;1
7;5;16;46;46213;;1;1;N-330;153,25;6;19;2;;;1;1;1;;;1;1
8;7;13;46;46190;;1;1;A-7;328,1;3;4;2;;;1;1;1;;;1;1
9;3;12;46;46213;;1;1;A-3;280,799;3;4;2;;;1;1;1;;;1;1
9;7;12;46;46213;;1;1;CV-395;8,8;6;18;2;;;2;1;1;;;1;2
9;7;12;46;46213;;1;1;CV-395;10,2;6;14;2;;;1;1;1;;;1;2
9;4;10;46;46213;;1;1;A-3;298,675;3;4;2;;;1;1;1;;;18;1
10;2;14;46;46213;;1;1;CV-395;4,2;6;14;2;;;1;1;1;;;1;1
10;6;11;46;46213;;1;1;N-322;451,406;6;2;1;2;N-322;1;1;1;;;1;1
10;3;11;46;46213;;1;1;CV-395;9;6;19;2;;;1;1;1;;;1;2
10;7;20;46;46213;;1;1;A-3;281;3;4;2;;;3;6;3;;;1;1
11;4;3;46;46213;;1;1;CV-460;15,4;6;18;2;;;1;6;2;;;1;1
11;5;7;46;46213;;1;1;A-3;285,074;3;12;2;;;3;1;2;;;1;2
11;7;18;46;46213;;1;1;N-322;455,71;6;4;2;;;1;2;1;;;1;1
11;2;16;46;46213;;1;1;A-3;294,741;3;16;2;;;1;6;2;;;1;1
11;2;19;46;46213;;2;2;A-3;282;3;6;2;;;1;6;7;;;4;1
12;3;17;46;46213;;1;1;N-3;277,293;5;4;1;4;;1;2;1;;;1;1
12;1;13;46;46213;;1;1;CV-450;7,781;6;16;2;;;1;1;1;;;1;2
1;3;14;46;46214;;1;1;A-3;341;3;3;1;2;;1;1;2;;;1;1
2;3;13;46;46214;;1;1;A-3;340,7;8;3;2;;;1;1;7;;;18;1
2;6;12;46;46214;;1;1;CV-336;3,5;6;18;2;;;1;1;1;;;1;1
2;1;14;46;46214;;1;1;CV-370;8;5;9;2;;;1;1;1;;;1;1
2;5;9;46;46214;;3;2;No inventariada;;9;2;1;1;;1;1;1;;;1;998
2;7;18;46;46214;;1;1;A-3;337,2;3;4;2;;;1;1;1;;;1;1
3;4;17;46;46214;;1;1;A-7;335,3;3;3;1;12;A-3;1;1;1;;;1;1
4;2;7;46;46214;;1;1;CV-370;10,189;6;7;2;;;1;1;7;;;1;1
4;1;9;46;46214;;1;1;A-3;340,7;3;4;2;;;3;1;3;;;5;1
5;4;7;46;46102;;1;1;A-7;336,65;3;4;1;2;A-3;1;1;1;;;1;1
4;1;9;46;46214;;1;1;A-3;341,2;3;5;2;;;3;1;3;;;1;1
7;4;9;46;46214;;1;1;A-3;341,5;3;3;2;;;1;1;1;;;1;1
7;5;21;46;46111;;1;1;A-3;333,892;3;4;2;;;1;6;1;;;18;1
7;3;14;46;46214;;1;1;A-3;340;3;3;2;;;1;1;1;;;1;2
8;1;6;46;46214;;1;1;CV-370;7;5;18;2;;;1;6;1;;;1;1
8;4;14;46;46214;;1;1;A-7;334,5;3;3;2;;;1;1;1;;;1;1
8;1;13;46;46214;;1;1;A-7;334,6;3;4;2;;;1;1;2;;;1;1
9;4;18;46;46214;;1;1;A-3;337,603;3;4;2;;;1;1;1;;;1;1
9;7;12;46;46214;;1;1;A-7;333,5;3;9;2;;;1;1;1;;;1;1
9;7;0;46;46214;;1;1;CV-374;5,8;6;15;1;1;;1;6;1;;;1;1
10;2;7;46;46214;;1;1;CV-370;5,7;5;4;2;;;1;2;1;;;1;1
11;5;5;46;46214;;1;1;A-3;338,09;3;4;2;;;8;6;1;;;18;1
11;7;18;46;46214;;1;1;A-3;337,571;3;4;2;;;1;6;1;;;1;1
12;3;11;46;46214;;1;1;A-3;340;8;4;2;;;1;1;2;;;1;2
12;1;18;46;46214;;1;1;A-3;339,4;3;4;2;;;1;6;1;;;1;1
1;7;10;46;46135;;1;1;CV-310;2,226;6;18;2;;;1;1;1;;;18;1
1;4;15;46;46216;;3;2;No inventariada;;9;3;1;1;;1;1;1;;;18;998
2;7;17;46;0;;1;1;A-7;395,9;3;16;2;;;1;1;1;;;1;1
3;1;19;46;0;;1;1;CV-566;1,2;6;16;2;;;3;5;3;;;1;3
4;3;7;46;0;;1;1;A-7;395;3;3;1;2;CV-58;1;1;1;;;6;1
4;1;14;46;0;;1;1;CV-590;60,644;6;15;2;;;1;1;2;;;1;1
9;3;11;46;0;;1;1;A-7;394,3;3;12;2;;;3;1;3;;;1;1
10;6;14;46;0;;1;1;LLAVADOR;1,2;10;14;2;;;1;1;1;;;1;1
11;6;13;46;0;;1;1;CV-566;1,1;6;19;2;;;1;1;1;;;1;1
12;7;19;46;0;;1;1;A-7;394,75;3;3;2;;;1;6;1;;;1;1
8;6;10;46;0;;1;1;CV-60;29,508;7;3;1;4;CV-60;1;1;1;;;1;2
1;3;10;46;46220;;1;1;N-340;932,1;6;3;2;;;3;1;3;;;1;3
1;1;5;46;46220;;1;1;V-23;5,267;3;4;1;12;A-23;1;6;2;;;1;2
1;2;21;46;46220;;1;1;AP-7;473;2;7;2;;;1;6;1;;;1;1
1;1;8;46;46220;;1;1;CV-324;1,081;6;16;2;;;1;1;2;;;1;3
2;1;0;46;46220;;1;1;AP-7;476,5;2;7;2;;;1;6;1;;;1;1
2;3;13;46;46220;;1;1;AP-7;476,205;2;4;2;;;1;1;1;;;1;1
2;5;16;46;46220;;1;1;AP-7;474,3;2;4;2;;;1;1;1;;;1;3
1;2;15;46;46220;;3;2;No inventariada;;9;7;2;;;1;1;2;;;1;998
1;4;18;46;46220;;3;2;No inventariada;;9;7;2;;;1;3;1;;;1;998
1;4;16;46;46220;;3;2;No inventariada;;9;2;1;1;;1;1;1;;;1;998
1;2;10;46;46220;;3;2;No inventariada;;9;2;2;;;1;1;1;;;1;998
3;4;12;46;46220;;1;1;AP-7;479,6;2;14;2;;;1;1;1;;;1;1
3;6;15;46;46220;;1;1;No inventariada;0,2;10;15;2;;;3;1;2;;;1;3
4;3;12;46;46220;;1;1;AP-7;480;2;15;2;;;1;1;1;;;1;1
4;2;12;46;46220;;1;1;V-23;10,5;3;9;2;;;1;1;1;;;1;4
5;3;17;46;0;;1;1;A-7;294,411;3;2;2;;;1;1;1;;;1;1
5;4;19;46;46220;;1;1;N-340;936,378;6;2;1;4;CV-320;1;1;1;;;6;2
2;4;11;46;46220;;3;2;No inventariada;;9;7;2;;;1;1;1;;;1;998
2;3;17;46;46220;;3;2;No inventariada;;9;19;2;;;1;1;1;;;1;998
2;6;12;46;46220;;3;2;No inventariada;;9;20;2;;;1;1;1;;;1;998
2;4;20;46;46220;;3;2;No inventariada;;9;2;1;2;;1;4;1;;;1;998
3;4;12;46;46220;;3;2;No inventariada;;9;7;2;;;1;1;1;;;1;998
3;1;12;46;46220;;3;2;No inventariada;;9;2;1;2;;1;1;1;;;1;998
3;1;15;46;46220;;3;2;No inventariada;;9;7;1;4;;1;1;3;;;1;998
5;3;13;46;46220;;1;1;V-23;3;3;3;2;;;1;1;1;;;1;1
5;3;10;46;46220;;1;1;AP-7;471;2;3;2;;;1;1;1;;;1;1
5;5;12;46;46220;;1;1;V-23;4,829;3;12;1;2;N-340;1;1;1;;;1;2
5;7;10;46;46220;;1;1;AP-7;468,316;2;17;2;;;1;1;1;;;18;3
5;4;8;46;46220;;1;1;V-23;5,4;3;3;1;12;A-23;1;1;1;;;4;2
6;6;9;46;46220;;1;1;CV-324;2,2;6;19;2;;;1;1;1;;;1;1
6;1;15;46;46220;;1;1;AP-7;479,3;2;16;2;;;1;1;1;;;1;1
6;1;15;46;46220;;1;1;AP-7;467,5;2;4;2;;;1;1;2;;;1;1
6;6;2;46;46220;;1;1;V-23;5;3;16;2;;;1;6;1;;;1;2
4;7;18;46;46220;;1;1;A-23;0,4;3;16;2;;;1;1;1;;;4;2
6;3;10;46;46205;;1;1;V-23;0,3;3;16;1;2;V-21;1;3;1;;;1;1
6;2;15;46;46220;;1;1;LES VALLS;2,9;10;2;2;;;3;1;2;;;1;1
7;1;23;46;46220;;1;1;N-234;3,6;6;16;2;;;1;6;1;;;1;2
7;1;10;46;46220;;1;1;AP-7;468,2;2;16;2;;;1;1;1;;;1;3
7;5;16;46;46220;;1;1;CV-314;0,03;6;1;2;;;1;1;1;;;1;2
7;2;6;46;46220;;1;1;CV-324;0,001;8;15;2;;;1;2;1;;;1;4
7;1;9;46;46220;;1;1;V-23;1;3;3;2;;;1;1;1;;;1;1
7;4;14;46;46220;;1;1;CV-309;6;6;4;1;4;V-23;1;1;1;;;1;1
7;2;11;46;46220;;1;1;V-23;5,1;3;4;1;2;;1;1;1;;;1;2
8;6;9;46;46220;;1;1;N-340;937,25;6;4;2;;;1;1;1;;;1;1
4;6;21;46;46220;;3;2;No inventariada;;9;2;2;;;1;4;1;;;1;998
4;4;21;46;46220;;3;2;No inventariada;;9;10;2;;;8;4;1;;;1;998
5;7;14;46;46220;;3;2;No inventariada;;9;2;1;2;;1;1;1;;;1;998
5;6;12;46;46220;;3;2;No inventariada;;9;4;2;;;1;1;1;;;1;998
5;6;19;46;46220;;3;2;No inventariada;;9;7;2;;;1;3;1;;;1;998
5;1;16;46;46220;;3;2;No inventariada;;9;7;2;;;1;1;1;;;1;998
6;2;14;46;46220;;3;2;No inventariada;;9;2;1;1;;1;1;1;;;1;998
6;1;11;46;46220;;3;2;No inventariada;;9;2;1;2;;1;1;1;;;1;998
9;6;9;46;46220;;1;1;CV-324;3,163;6;2;1;4;;1;1;1;;;1;1
9;4;21;46;46220;;1;1;V-23;3,479;3;3;2;;;1;6;1;;;1;1
10;5;8;46;46220;;1;1;V-23;6,4;3;4;2;;;1;1;1;;;1;1
10;7;12;46;46220;;1;1;CV-309;2;5;14;2;;;1;1;1;;;18;1
10;2;1;46;46220;;1;1;A-7;306,9;3;12;2;;;3;5;3;;;18;2
10;3;17;46;46220;;1;1;V-23;2,3;3;12;2;;;3;1;3;;;1;3
11;6;1;46;46220;;1;1;V-23;10,5;3;10;1;4;;1;4;1;;;1;2
11;2;13;46;46220;;1;1;A-7;300,9;3;4;2;;;1;1;1;;;1;1
7;1;11;46;46220;;3;2;No inventariada;;9;2;1;4;;1;1;1;;;1;998
7;5;19;46;46220;;3;2;No inventariada;;9;2;1;4;;1;2;1;;;1;998
8;4;16;46;46220;;3;2;No inventariada;;9;2;2;;;1;1;1;;;1;998
8;4;19;46;46220;;3;2;No inventariada;;9;2;1;4;;1;1;1;;;1;998
8;1;16;46;46220;;3;2;No inventariada;;9;4;2;;;1;1;1;;;1;998
8;6;16;46;46220;;3;2;No inventariada;;9;2;2;;;1;1;1;;;12;998
8;7;15;46;46220;;3;2;No inventariada;;9;2;2;;;1;1;1;;;1;998
9;7;0;46;46220;;3;2;No inventariada;;9;2;1;1;;1;4;1;;;2;998
9;1;22;46;46220;;3;2;No inventariada;;9;3;2;;;1;4;1;;;1;998
11;6;10;46;46220;;1;1;N-340;936,2;6;2;1;4;;1;1;1;;;1;1
12;6;7;46;46220;;1;1;A-7;300;3;4;2;;;1;6;1;;;1;1
12;4;17;46;46220;;1;1;A-7;299;3;5;2;;;1;2;1;;;1;1
12;4;19;46;46220;;1;1;CV-309;11;6;8;2;;;1;6;1;;;1;1
1;7;11;46;0;;1;1;CV-705;14,05;6;1;2;;;1;1;1;;;4;2
10;5;20;46;0;;1;1;CV-614;3,375;6;12;2;;;1;6;1;;;1;2
1;5;12;46;0;;1;1;CV-41;10,5;6;2;1;4;CV-561;1;1;1;;;1;1
3;2;15;46;0;;1;1;CV-41;11;6;10;2;;;1;1;1;;;1;1
9;3;10;46;0;;1;1;CV-41;11,3;6;3;1;2;CV-41;1;1;1;;;1;1
10;6;1;46;0;;3;2;No inventariada;;9;10;2;;;1;4;1;;;1;998
1;4;19;46;46223;;1;1;V-31;11,37;3;4;2;;;1;6;1;;;1;1
1;5;16;46;46223;;1;1;V-31;11,504;3;5;2;;;3;2;3;;;1;1
2;5;14;46;46223;;1;1;V-31;11,001;7;4;1;2;V-31;1;1;1;;;18;1
2;6;14;46;46223;;1;1;V-31;11;3;4;2;;;1;1;1;;;1;1
2;1;10;46;46223;;1;1;V-31;11;3;4;2;;;1;1;2;;;1;1
3;6;11;46;46223;;1;1;V-31;11,448;3;5;2;;;1;1;1;;;1;1
4;4;19;46;46223;;1;1;V-31;11;3;5;2;;;1;1;1;;;1;1
5;1;12;46;46223;;1;1;V-31;11,5;3;5;2;;;1;1;1;;;1;1
8;1;7;46;46223;;1;1;V-31;11,376;3;14;1;12;V-31;1;1;1;;;18;2
9;2;9;46;46223;;1;1;V-31;11,3;3;4;2;;;1;1;1;;;18;1
9;1;9;46;46223;;1;1;V-31;11;3;4;2;;;1;1;1;;;1;1
10;3;9;46;46223;;1;1;V-31;11,1;3;5;2;;;1;1;1;;;1;1
10;7;19;46;46223;;1;1;V-31;11,1;3;4;2;;;1;4;1;;;18;1
10;7;18;46;46223;;1;1;V-31;11,2;3;4;2;;;3;6;3;;;1;1
11;2;16;46;46223;;1;1;V-31;11;3;5;2;;;1;1;1;;;1;1
11;6;19;46;46223;;1;1;V-31;11,1;3;4;2;;;1;5;1;;;18;1
12;5;13;46;46223;;1;1;V-31;10,959;3;4;2;;;1;1;1;;;1;1
12;2;16;46;46223;;1;1;V-31;11,4;3;4;2;;;1;1;1;;;1;1
12;1;12;46;46223;;1;1;V-31;11,237;3;4;2;;;1;1;1;;;1;1
9;6;9;46;0;;1;1;CV-555;1,1;6;3;2;;;1;1;1;;;1;1
1;3;10;46;0;;1;1;CV-310;19,684;6;19;1;2;CV-310;1;1;1;;;1;1
6;7;11;46;0;;1;1;CV-310;25,5;6;19;2;;;1;1;1;;;18;2
6;5;19;46;0;;1;1;CV-331;7,227;6;12;2;;;1;1;1;;;1;2
3;6;8;46;0;;1;1;N-3;296;6;19;2;;;3;2;2;;;18;2
7;5;23;46;0;;1;1;A-3;303,3;3;4;2;;;1;6;1;;;1;1
12;5;20;46;0;;1;1;A-3;309,5;3;14;2;;;1;6;1;;;1;2
1;7;0;46;46230;;3;2;No inventariada;;9;3;2;;;1;4;1;;;10;998
3;1;15;46;46230;;3;2;No inventariada;;9;20;1;1;;3;1;3;;;5;998
5;4;7;46;46230;;1;1;V-31;5;3;5;2;;;1;1;1;;;1;1
5;7;1;46;46230;;1;1;V-31;4,15;3;16;2;;;1;6;1;;;1;1
6;3;14;46;46230;;1;1;V-31R;0,478;5;4;2;;;4;1;4;;;5;1
6;4;17;46;46230;;1;1;V-31R;0,5;5;4;2;;;1;1;1;;;1;2
7;2;21;46;46230;;1;1;V-31;2,8;3;14;2;;;1;1;1;;;1;2
8;4;17;46;46230;;3;2;No inventariada;;9;6;2;;;1;1;1;;;1;998
8;1;9;46;46230;;3;2;No inventariada;;9;20;2;;;1;1;1;;;1;998
8;1;6;46;46230;;1;1;A-7;354,063;3;3;2;;;1;6;1;;;1;2
8;3;12;46;46230;;1;1;V-31;4,762;3;3;2;;;1;1;1;;;1;1
9;5;8;46;46230;;1;1;V-31;1,9;3;2;2;;;1;1;1;;;1;1
9;5;23;46;46230;;1;1;V-31;4,483;3;15;2;;;1;6;1;;;18;1
9;1;8;46;46230;;1;1;V-31;2,5;3;4;2;;;1;1;1;;;1;1
9;7;12;46;46230;;1;1;A-7;355;3;15;2;;;1;1;1;;;1;2
10;2;6;46;46230;;1;1;V-31R;0,3;5;3;2;;;1;6;1;;;5;2
10;5;13;46;46230;;1;1;AP-7;528,5;2;2;2;;;1;1;2;;;1;1
10;7;19;46;46230;;1;1;V-31;2,1;3;4;2;;;1;6;1;;;1;1
10;4;11;46;46230;;1;1;V-31;1,5;3;20;2;;;1;1;1;;;1;1
11;7;19;46;46230;;1;1;V-31;3;3;4;2;;;1;6;1;;;1;1
11;1;9;46;46230;;1;1;V-31;2,5;3;4;2;;;1;1;1;;;1;1
11;2;22;46;46230;;1;1;V-31R;0,5;5;2;1;4;;1;5;1;1;;18;2
11;3;19;46;46230;;1;1;V-31R;0,45;5;2;1;4;V-31;1;6;1;;;1;2
12;6;14;46;46230;;1;1;V-31;0,2;3;15;2;;;1;1;1;;;1;2
12;6;17;46;46230;;1;1;V-31;0,4;3;4;2;;;1;6;1;;;1;1
8;2;21;46;0;;1;1;CV-600;20;6;15;1;4;CV-675;3;2;3;;;1;2
12;1;13;46;0;;1;1;CV-600;18,531;6;10;2;;;3;1;1;;;1;2
8;3;15;46;0;;1;1;N-330;211,577;6;16;2;;;1;1;1;;;1;2
12;6;1;46;46035;;1;1;A-38;0,4;3;8;2;;;1;6;1;;;1;2
1;2;22;46;46235;;1;1;CV-515;7,1;6;8;2;;;1;6;1;;;1;1
2;5;22;46;46035;;1;1;AP-7;536,369;2;16;2;;;1;6;1;;;1;1
2;5;8;46;46235;;1;1;No inventariada;1;10;18;2;;;3;2;3;;;18;1
3;3;20;46;46235;;1;1;N-332;253,8;6;4;2;;;1;6;1;;;1;1
4;2;12;46;46235;;1;1;CV-500;21,42;6;10;1;4;;7;1;1;1;;1;1
4;2;18;46;46235;;3;2;No inventariada;;14;1;2;;;1;1;1;;;1;998
5;6;17;46;46235;;1;1;No inventariada;0,2;10;14;2;;;1;1;1;;;1;2
5;1;15;46;46235;;1;1;A-38;8,4;3;4;2;;;1;1;2;;;18;1
5;7;18;46;46235;;1;1;CV-500;21,401;6;10;2;;;1;1;1;;;1;1
6;7;21;46;46235;;1;1;N-332;256,8;6;4;1;2;;1;6;1;;;1;1
8;1;13;46;46235;;1;1;No inventariada;0;10;10;2;;;1;1;1;;;1;1
8;3;7;46;46235;;1;1;SEQUIA DEL;2;10;2;1;2;;1;3;1;;;18;1
6;7;12;46;46235;;3;2;No inventariada;;9;2;1;2;;1;1;1;;;1;998
10;3;11;46;46235;;1;1;A-38;12;3;2;1;4;CV-509;1;1;1;;;1;1
11;2;12;46;46235;;1;1;N-332;252,25;6;4;2;;;1;1;1;;;1;1
12;4;10;46;46235;;1;1;CV-509;0,1;6;4;1;4;A-38;1;1;1;;;1;1
1;6;9;46;0;;1;1;CV-560;18,9;6;10;2;;;3;1;3;;;4;2
5;5;7;46;46237;;3;2;No inventariada;;9;3;2;;;1;1;1;;;9;998
7;5;20;46;46237;;3;2;No inventariada;;9;2;1;4;;1;1;1;;;1;998
7;3;12;46;46237;;3;2;No inventariada;;9;7;2;;;1;1;1;;;1;998
3;6;13;46;46237;;3;2;No inventariada;;9;7;2;;;1;1;1;;;9;998
4;5;9;46;46237;;3;2;No inventariada;;9;10;2;;;1;1;1;;;1;998
5;7;20;46;46237;;3;2;No inventariada;;9;7;2;;;1;1;1;1;;1;998
6;1;5;46;46237;;3;2;No inventariada;;9;2;1;1;;1;1;1;;;18;998
7;4;18;46;46237;;3;2;No inventariada;;9;3;2;;;1;1;1;1;;1;998
1;2;21;46;46238;;1;1;CV-603;7,619;6;19;2;;;1;6;1;;;1;1
2;7;13;46;46238;;1;1;N-332;239,45;6;1;2;;;1;1;1;;;1;1
2;6;18;46;46238;;3;2;No inventariada;;14;15;2;;;1;6;1;;;1;998
3;4;7;46;0;;1;1;CV-50;5,9;6;19;2;;;1;1;1;;;18;1
4;6;12;46;0;;1;1;CV-50;5,987;6;9;2;;;1;1;1;;;1;1
6;2;6;46;46238;;1;1;CAMI DEL B;1;10;16;2;;;1;6;1;;;18;1
6;4;11;46;46238;;1;1;CV-603;8,637;6;2;1;4;CV-603;1;1;1;;;1;1
7;3;7;46;46238;;1;1;CV-603;8,645;5;4;1;4;CV-603;1;1;1;;;1;2
7;2;10;46;46238;;1;1;N-332;241;6;1;2;;;1;1;1;;;1;1
8;1;18;46;46238;;1;1;CV-50;5,1;6;18;2;;;1;1;1;;;1;1
8;6;14;46;46238;;3;2;No inventariada;;14;2;2;;;1;1;1;;;1;998
9;2;17;46;46238;;3;2;No inventariada;;9;2;1;12;;1;1;1;;;18;998
9;2;4;46;46238;;1;1;CV-603;7;6;18;2;;;1;6;1;;;1;1
9;3;23;46;46238;;1;1;AP-7;567;2;4;2;;;1;6;1;;;1;1
10;2;11;46;46238;;1;1;CV-603;8,683;5;2;1;4;;1;1;1;;;1;1
10;6;13;46;46238;;1;1;CV-603;8,4;6;2;1;4;;1;1;1;;;1;2
11;4;9;46;46238;;1;1;N-332;238,9;6;19;2;;;3;1;3;;;1;1
11;1;15;46;46238;;1;1;AP-7;567,1;2;15;2;;;1;1;1;;;1;2
11;1;8;46;46238;;3;2;No inventariada;;9;3;2;;;1;1;1;1;;1;998
12;7;16;46;46238;;1;1;CV-603;7,225;6;16;2;;;1;1;1;;;1;1
12;2;22;46;46238;;3;2;No inventariada;;9;2;2;;;1;4;1;;;1;998
12;5;20;46;0;;1;1;CV-50;7,1;6;12;2;;;1;6;1;;;1;2
5;4;18;46;0;;1;1;N-330;117,1;6;19;2;;;1;1;1;;;1;2
5;3;14;46;0;;1;1;N-330;117,8;6;16;2;;;1;1;1;;;1;3
8;2;0;46;0;;3;2;No inventariada;;9;10;1;4;;1;4;1;;;1;998
5;6;15;46;0;;1;1;CV-35;85,5;6;19;2;;;1;1;1;;;1;1
1;4;9;46;46244;;1;1;CV-36;10,8;3;14;2;;;1;1;1;;;1;1
1;5;13;46;46244;;1;1;CV-405;4,206;6;4;2;;;1;1;1;;;1;1
2;7;18;46;46244;;1;1;A-7;343,806;3;3;2;;;1;6;1;;;1;1
2;1;7;46;46244;;1;1;CV-36;5,153;3;5;2;;;1;1;1;;;1;3
1;1;20;46;46244;;3;2;No inventariada;;9;2;1;1;;1;4;1;;;1;998
1;5;12;46;46244;;3;2;No inventariada;;9;7;1;4;;1;1;1;;;16;998
2;7;18;46;46244;;1;1;CAMINO;0,5;10;16;1;2;;1;1;1;;;1;3
1;7;17;46;46244;;3;2;No inventariada;;9;2;1;4;;1;1;1;;;1;998
1;1;23;46;46244;;3;2;No inventariada;;9;2;1;1;;1;1;1;;;1;998
1;2;18;46;46244;;3;2;No inventariada;;9;7;2;;;1;4;1;;;1;998
1;5;16;46;46244;;3;2;No inventariada;;9;7;2;;;1;1;1;;;6;998
3;1;7;46;46244;;1;1;CV-405;3,373;6;5;2;;;1;1;1;;;1;1
3;2;7;46;46244;;1;1;A-7;343,602;3;5;2;;;1;1;1;;;1;1
1;4;17;46;46244;;3;2;No inventariada;;9;3;2;;;1;1;1;;;1;998
4;1;18;46;46244;;1;1;CV-33;6,4;6;12;2;;;1;1;1;;;1;2
4;2;18;46;46244;;1;1;CV-366;1,317;5;2;1;4;CV-366;1;1;1;;;1;2
4;6;19;46;46244;;1;1;CV-36;5;3;16;2;;;1;1;1;;;1;2
2;7;14;46;46244;;3;2;No inventariada;;9;2;1;1;;1;1;1;;;1;998
2;1;22;46;46244;;3;2;No inventariada;;9;7;2;;;1;4;1;;;1;998
2;3;18;46;46244;;3;2;No inventariada;;9;7;2;;;1;4;1;;;1;998
3;1;18;46;46244;;3;2;No inventariada;;9;2;1;2;;1;1;1;;;1;998
3;2;16;46;46244;;3;2;No inventariada;;9;7;2;;;1;1;1;;;1;998
4;1;14;46;46244;;1;1;CAMINO XAR;0,2;10;14;2;;;3;1;3;;;18;1
5;4;7;46;46244;;1;1;CV-405;5,2;6;10;2;;;1;1;1;;;1;1
3;2;16;46;46244;;3;2;No inventariada;;9;2;1;1;;1;1;1;;;1;998
3;4;8;46;46244;;3;2;No inventariada;;9;2;1;1;;1;1;1;;;1;998
4;1;10;46;46244;;3;2;No inventariada;;9;2;1;1;;1;1;1;;;1;998
4;4;18;46;46244;;3;2;No inventariada;;9;7;2;;;1;1;1;;;6;998
4;4;9;46;46244;;3;2;No inventariada;;9;7;2;;;1;1;1;;;1;998
6;7;20;46;46244;;3;2;No inventariada;;9;4;2;;;1;1;1;;;1;998
4;2;8;46;46244;;3;2;No inventariada;;9;7;1;4;;1;1;1;;;6;998
6;3;8;46;46244;;1;1;No inventariada;5;10;4;2;;;1;1;7;;;18;4
6;1;14;46;46244;;1;1;No inventariada;4;10;2;1;2;;1;1;1;;;1;1
5;7;12;46;46244;;3;2;No inventariada;;9;7;2;;;1;1;1;;;1;998
5;4;14;46;46244;;3;2;No inventariada;;9;2;1;4;;1;1;1;1;;1;998
5;4;15;46;46244;;3;2;No inventariada;;9;3;1;1;;1;1;1;;;1;998
6;7;13;46;46244;;1;1;A-7;344,726;3;3;2;;;1;1;1;;;1;1
7;5;15;46;46244;;1;1;No inventariada;3;10;2;1;2;;1;1;1;;;4;1
6;2;14;46;46244;;3;2;No inventariada;;9;2;1;1;;1;1;1;;;1;998
6;4;19;46;46244;;3;2;No inventariada;;9;10;1;1;;1;1;1;;;1;998
6;6;21;46;46244;;3;2;No inventariada;;9;10;2;;;1;3;1;;;1;998
6;2;9;46;46244;;3;2;No inventariada;;9;7;2;;;1;1;1;;;1;998
7;4;7;46;46244;;1;1;CV-36;6,85;3;9;2;;;1;1;1;;;1;1
6;6;9;46;46244;;3;2;No inventariada;;9;7;1;4;;1;1;1;;;1;998
6;2;11;46;46244;;3;2;No inventariada;;9;7;2;;;1;1;1;;;1;998
7;3;17;46;46244;;1;1;A-7;344,283;3;3;2;;;1;1;1;;;1;1
7;3;21;46;46244;;1;1;CV-366;1;5;14;2;;;1;1;1;;;1;2
7;2;6;46;46244;;3;2;No inventariada;;9;4;1;4;;1;3;1;;;1;998
7;3;18;46;46244;;3;2;No inventariada;;9;4;2;;;1;1;1;;;1;998
7;3;13;46;46244;;3;2;No inventariada;;9;4;2;;;1;1;1;;;1;998
7;7;21;46;46111;;1;1;A-7;339,644;2;12;1;12;A-7;1;3;1;;;1;2
7;5;10;46;46244;;3;2;No inventariada;;9;2;1;1;;1;1;1;;;1;998
8;4;8;46;46244;;1;1;A-7;343,2;3;3;2;;;1;1;1;;;1;1
8;3;21;46;46244;;1;1;No inventariada;4,5;10;1;1;2;CV-414;1;6;1;;;18;1
8;7;16;46;46244;;1;1;No inventariada;1,5;10;14;1;4;CV-413;1;1;1;;;1;2
8;7;18;46;46244;;1;1;No inventariada;1;10;2;1;2;2024;1;1;2;;;1;1