MES;DIA_SEMANA;HORA;COD_PROVINCIA;COD_MUNICIPIO;ISLA;ZONA;ZONA_AGRUPADA;CARRETERA;KM;TIPO_VIA;TIPO_ACCIDENTE;NUDO;NUDO_INFO;CARRETERA_CRUCE;CONDICION_FIRME;CONDICION_ILUMINACION;CONDICION_METEO;CONDICION_NIEBLA;CONDICION_VIENTO;VISIB_RESTRINGIDA_POR;TRAZADO_PLANTA
8;1;7;46;46244;;1;1;CV-33;6,134;5;6;2;;;1;2;1;;;1;1
8;4;10;46;46244;;1;1;A-7;343,607;3;3;2;;;1;1;1;;;1;1
7;7;19;46;46244;;3;2;No inventariada;;9;9;2;;;1;1;1;;;1;998
7;4;15;46;46244;;3;2;No inventariada;;9;7;2;;;1;1;1;;;9;998
7;1;14;46;46244;;3;2;No inventariada;;9;4;2;;;1;1;1;;;1;998
9;5;13;46;46244;;1;1;A-7;341;3;6;2;;;1;1;1;;;1;1
8;1;9;46;46244;;3;2;No inventariada;;9;7;2;;;1;1;1;;;1;998
8;5;14;46;46244;;3;2;No inventariada;;9;2;2;;;1;1;1;;;1;998
8;3;11;46;46244;;3;2;No inventariada;;9;7;2;;;1;1;1;;;1;998
9;1;8;46;46244;;1;1;CV-405;1,2;6;4;1;2;;1;1;1;;;1;1
8;7;22;46;46244;;3;2;No inventariada;;9;10;1;4;;8;4;1;;;1;998
8;2;8;46;46244;;3;2;No inventariada;;9;4;2;;;1;1;1;;;1;998
9;7;12;46;46244;;1;1;CAMI ARQUE;1;10;10;1;4;CV-411;1;1;1;;;1;2
9;6;14;46;46244;;3;2;No inventariada;;9;7;2;;;1;1;1;;;1;998
9;7;19;46;46244;;3;2;No inventariada;;9;7;2;;;1;1;1;;;6;998
9;6;8;46;46244;;1;1;CV-366;0,3;5;18;2;;;3;1;4;;;1;2
9;6;15;46;46244;;1;1;No inventariada;2,7;14;16;2;;;3;1;3;1;;18;2
10;1;7;46;46244;;1;1;CV-33;7;5;3;2;;;1;2;1;;;1;1
10;1;8;46;46244;;1;1;CV-36;11,016;3;4;2;;;1;2;1;;;1;1
10;2;7;46;46193;;1;1;CV-36;4,78;3;4;2;;;1;1;1;;;1;1
10;4;15;46;46244;;1;1;No inventariada;12;10;1;1;1;;1;1;1;;;1;2
10;1;7;46;46244;;1;1;A-7;343;3;4;2;;;3;2;2;;;1;1
9;1;6;46;46244;;3;2;No inventariada;;9;2;2;;;1;3;1;;;1;998
9;2;21;46;46244;;3;2;No inventariada;;9;2;1;1;;1;4;1;;;1;998
9;4;19;46;46244;;3;2;No inventariada;;9;2;2;;;1;1;1;;;1;998
9;5;15;46;46244;;3;2;No inventariada;;9;2;2;;;1;1;1;;;1;998
9;7;17;46;46244;;3;2;No inventariada;;9;7;2;;;1;1;1;;;6;998
10;4;18;46;46244;;3;2;No inventariada;;9;3;2;;;1;1;1;;;1;998
9;2;19;46;46244;;3;2;No inventariada;;9;4;2;;;1;1;1;;;1;998
11;5;6;46;46244;;1;1;CV-405;3,097;6;10;1;4;CV-405;3;6;1;;;18;2
11;2;13;46;46244;;1;1;CV-33;7,9;5;9;2;;;2;1;1;;;1;2
9;5;19;46;46244;;3;2;No inventariada;;9;2;2;;;1;1;1;;;1;998
11;1;18;46;46244;;1;1;No inventariada;3;10;2;2;;;1;6;1;;;18;1
11;6;12;46;46244;;1;1;CV-405;2,6;6;10;1;4;;1;1;1;;;1;2
11;2;14;46;46244;;1;1;CV-36;7,29;3;4;2;;;1;1;1;;;1;1
12;2;11;46;46244;;1;1;CV-33;7,475;5;15;2;;;1;1;1;;;1;2
12;5;21;46;46111;;1;1;A-7;339,921;3;16;2;;;1;4;1;;;1;1
6;6;15;46;0;;1;1;A-23;12,3;3;18;2;;;1;1;1;;;1;1
11;7;11;46;0;;1;1;N-234;15,5;6;10;2;;;1;1;1;;;18;1
12;6;17;46;0;;1;1;A-23;12;3;3;2;;;1;1;1;;;1;2
12;7;12;46;0;;1;1;CV-35;80,5;6;9;2;;;5;1;1;;;1;2
5;4;11;46;46248;;1;1;CV-421;2,5;6;18;2;;;1;1;1;;;4;2
8;6;21;46;46248;;1;1;No inventariada;1,2;10;18;2;;;1;6;1;;;1;3
9;7;16;46;46248;;1;1;CV-415;20,596;6;14;2;;;1;1;1;;;1;1
10;4;19;46;46248;;1;1;CV-422;1,932;6;2;2;;;1;1;7;;;18;1
1;5;17;46;0;;1;1;A-3;270,95;3;12;2;;;3;2;4;;;1;1
2;3;23;46;0;;1;1;A-3;261;3;15;2;;;1;6;1;;;1;1
1;4;15;46;46249;;3;2;No inventariada;;9;2;1;1;;1;1;1;;;2;998
1;2;12;46;46249;;3;2;No inventariada;;9;2;1;1;;1;1;1;;;1;998
2;7;5;46;46249;;1;1;N-330;199,63;6;16;1;12;CV-473;3;6;7;;;1;3
3;2;3;46;46249;;1;1;A-3;271,6;3;14;2;;;1;6;1;;;1;3
4;2;9;46;46249;;3;2;No inventariada;;9;2;1;1;;1;1;1;;;1;998
5;4;12;46;46249;;1;1;A-3;278,2;3;12;2;;;1;1;1;;;1;1
6;2;12;46;46249;;1;1;CV-470;1,5;6;1;2;;;1;1;1;;;1;1
8;1;10;46;46249;;1;1;A-3;273;3;4;2;;;1;1;1;;;1;1
8;4;14;46;46249;;1;1;A-3;275,515;3;3;2;;;1;1;1;;;1;1
8;4;17;46;46249;;1;1;A-3;274,478;3;18;2;;;1;1;1;;;1;1
12;1;18;46;46249;;1;1;A-3;278,642;3;4;2;;;1;6;7;;;18;1
1;3;18;46;46250;;3;2;No inventariada;;9;7;2;;;1;2;1;;;1;998
1;7;16;46;46250;;1;1;V-30;0,369;3;15;2;;;1;1;1;;;1;2
1;2;5;46;46250;;1;1;V-30;2,775;3;15;2;;;1;6;1;;;1;1
1;3;8;46;46250;;1;1;CV-304;3,562;6;3;2;;;1;1;1;;;1;1
1;2;16;46;46250;;3;2;No inventariada;;9;2;1;1;;1;1;1;;;1;998
1;5;5;46;46250;;1;1;CV-30;4,43;8;12;2;;;1;4;7;;;18;4
1;5;14;46;46250;;1;1;CV-500;0,001;5;4;2;;;1;1;1;;;1;1
1;4;18;46;46250;;3;2;No inventariada;;9;7;2;;;1;4;1;;;1;998
1;6;13;46;46250;;1;1;V-31;11,6;3;5;2;;;1;1;1;;;18;1
1;1;16;46;46250;;3;2;No inventariada;;9;7;2;;;1;1;1;;;1;998
1;3;14;46;46250;;3;2;No inventariada;;9;4;2;;;1;1;1;;;1;998
1;6;17;46;46250;;3;2;No inventariada;;9;6;2;;;1;1;1;;;1;998
1;6;20;46;46250;;3;2;No inventariada;;9;3;2;;;1;4;1;;;1;998
1;2;16;46;46250;;1;1;CV-400;1,5;5;4;2;;;1;1;1;;;1;1
1;1;21;46;46250;;3;2;No inventariada;;9;2;1;1;;1;4;1;;;3;998
1;6;9;46;46250;;3;2;No inventariada;;9;10;1;4;;1;1;1;;;1;998
1;5;20;46;46250;;3;2;No inventariada;;9;7;1;4;;3;4;3;;;1;998
1;1;10;46;46250;;3;2;No inventariada;;9;7;1;2;;1;1;1;;;1;998
1;1;8;46;46250;;3;2;No inventariada;;9;9;2;;;1;2;1;;;1;998
1;4;14;46;46250;;3;2;No inventariada;;9;7;2;;;1;1;1;;;1;998
1;7;14;46;46250;;3;2;No inventariada;;9;3;1;2;;1;1;1;;;1;998
1;4;15;46;46250;;3;2;No inventariada;;9;2;2;;;1;1;1;;;1;998
1;4;23;46;46250;;3;2;No inventariada;;9;3;2;;;1;4;1;;;1;998
1;2;14;46;46250;;3;2;No inventariada;;9;4;2;;;1;1;1;;;1;998
1;2;18;46;46250;;3;2;No inventariada;;9;2;1;5;;1;3;1;;;1;998
1;4;11;46;46250;;3;2;No inventariada;;9;7;1;2;;1;1;1;;;1;998
1;5;11;46;46250;;3;2;No inventariada;;9;7;2;;;1;1;1;;;1;998
1;1;10;46;46250;;3;2;No inventariada;;9;7;2;;;1;1;2;;;1;998
1;2;7;46;46250;;1;1;V-31;12,5;3;4;2;;;1;3;7;;;18;1
1;2;2;46;46250;;3;2;No inventariada;;9;4;2;;;1;3;1;;;1;998
2;5;17;46;46250;;1;1;V-31;12,5;3;5;2;;;1;1;1;;;18;1
2;6;7;46;46250;;1;1;CV-500;4;5;1;2;;;1;1;1;;;1;1
1;5;12;46;46250;;3;2;No inventariada;;9;2;1;2;;1;1;3;;;1;998
2;6;6;46;46250;;3;2;No inventariada;;9;2;1;1;;1;3;1;;;1;998
2;7;8;46;46250;;3;2;No inventariada;;9;4;2;;;1;1;1;;;1;998
1;6;4;46;46250;;3;2;No inventariada;;9;14;1;4;;1;4;1;;;1;998
2;2;16;46;46250;;3;2;No inventariada;;9;7;2;;;1;1;1;;;1;998
1;2;16;46;46250;;3;2;No inventariada;;9;7;1;2;;1;1;1;;;1;998
1;5;15;46;46250;;3;2;No inventariada;;9;10;1;5;;1;1;1;;;1;998
1;6;21;46;46250;;3;2;No inventariada;;9;2;1;2;;1;3;1;;;1;998
2;3;13;46;46250;;3;2;No inventariada;;9;10;1;2;;1;1;1;;;1;998
2;1;21;46;46250;;3;2;No inventariada;;9;1;2;;;1;3;1;;;1;998
2;4;17;46;46250;;3;2;No inventariada;;9;3;2;;;1;1;1;;;1;998
2;1;11;46;46250;;3;2;No inventariada;;9;7;1;4;;1;1;1;;;1;998
2;1;19;46;46250;;3;2;No inventariada;;9;7;1;1;;1;3;1;;;2;998
2;7;4;46;46250;;3;2;No inventariada;;9;15;1;2;;1;4;2;;;1;998
2;1;8;46;46250;;1;1;V-30;3,9;3;4;2;;;1;1;1;;;1;1
2;2;11;46;46250;;1;1;CV-36;0,065;3;14;1;12;V-30;1;1;1;;;1;2
2;5;19;46;46250;;3;2;No inventariada;;9;3;1;4;;1;4;1;;;1;998
2;2;19;46;46190;;1;1;CV-30;1,2;3;5;2;;;1;4;1;;;1;1
2;3;17;46;46250;;1;1;V-30;6,032;3;16;2;;;1;1;1;;;1;1
1;3;3;46;46250;;3;2;No inventariada;;9;19;1;1;;1;4;1;;;1;998
1;7;5;46;46250;;3;2;No inventariada;;9;7;1;1;;1;4;1;;;1;998
2;4;10;46;46250;;1;1;CV-500;11;6;16;2;;;1;1;1;;;1;1
2;5;15;46;46250;;1;1;CV-36;0,6;3;4;2;;;1;1;1;;;1;1
2;4;19;46;46250;;3;2;No inventariada;;9;7;1;1;;1;4;1;;;1;998
2;5;18;46;46250;;3;2;No inventariada;;9;7;2;;;1;3;1;;;2;998
2;6;14;46;46250;;3;2;No inventariada;;9;20;1;1;;1;1;1;;;1;998
2;7;17;46;46250;;1;1;V-31;12;3;3;1;12;V-30;1;2;1;;;1;2
2;3;12;46;46250;;3;2;No inventariada;;9;2;1;5;;1;1;1;;;1;998
2;6;9;46;46250;;3;2;No inventariada;;9;2;2;;;1;1;1;;;1;998
2;1;13;46;46250;;3;2;No inventariada;;9;2;1;2;;1;1;1;;;1;998
2;3;8;46;46250;;1;1;V-30;0,1;3;4;2;;;1;1;1;;;1;1
2;6;18;46;46250;;3;2;No inventariada;;9;7;1;2;;1;3;1;;;1;998
2;5;21;46;46250;;3;2;No inventariada;;9;2;1;2;;1;4;1;;;1;998
2;3;7;46;46250;;3;2;No inventariada;;9;6;2;;;1;1;1;;;1;998
2;7;22;46;46250;;1;1;V-30;1,155;3;12;2;;;1;6;1;;;1;1
2;1;13;46;46250;;3;2;No inventariada;;9;2;2;;;1;1;1;;;1;998
2;2;20;46;46250;;3;2;No inventariada;;9;2;1;5;;1;3;1;;;1;998
2;3;7;46;46250;;1;1;CV-400;1,4;5;4;2;;;1;3;1;;;1;1
2;2;10;46;46250;;3;2;No inventariada;;9;10;2;;;1;1;1;;;1;998
2;4;8;46;46250;;1;1;CV-400;1,436;5;4;2;;;1;1;1;;;1;1
1;1;17;46;46250;;3;2;No inventariada;;9;7;1;1;;1;1;1;;;1;998
2;1;20;46;46250;;3;2;No inventariada;;9;7;1;4;;1;4;1;;;1;998
3;5;12;46;46250;;1;1;CV-400;1,35;5;3;1;4;CV-407;1;1;1;;;1;1
3;5;13;46;46250;;1;1;CV-400;1,126;5;4;1;4;CV-407;1;1;1;;;1;2
2;2;7;46;46250;;3;2;No inventariada;;9;7;1;1;;1;3;1;;;1;998
2;3;13;46;46250;;3;2;No inventariada;;9;4;2;;;1;1;1;;;1;998
2;2;10;46;46250;;3;2;No inventariada;;9;3;1;4;;1;1;1;;;1;998
2;7;9;46;46250;;3;2;No inventariada;;9;2;1;1;;1;1;1;;;1;998
2;3;12;46;46250;;3;2;No inventariada;;9;3;1;1;;1;1;1;;;1;998
2;1;10;46;46250;;3;2;No inventariada;;9;7;2;;;1;1;1;;;1;998
2;5;19;46;46250;;3;2;No inventariada;;9;7;1;2;;1;4;1;;;1;998
2;5;16;46;46250;;3;2;No inventariada;;9;2;1;1;;1;1;1;;;3;998
2;1;19;46;46250;;3;2;No inventariada;;9;2;2;;;1;3;1;;;1;998
3;1;6;46;46250;;3;2;No inventariada;;9;1;1;4;;1;4;1;;;1;998
2;4;19;46;46250;;3;2;No inventariada;;11;2;2;;;1;4;2;;;1;998
3;3;11;46;46250;;3;2;No inventariada;;9;2;1;2;;1;1;1;;;1;998
3;1;8;46;46250;;1;1;V-31;12;3;4;2;;;1;3;1;;;1;1
2;3;8;46;46250;;3;2;No inventariada;;9;7;1;2;;1;1;1;;;1;998
3;4;21;46;46250;;1;1;V-30;2,7;3;5;2;;;3;5;3;;;1;1
3;3;11;46;46250;;3;2;No inventariada;;9;10;1;4;;1;1;1;;;1;998
3;2;19;46;46250;;3;2;No inventariada;;9;7;2;;;1;3;1;;;1;998
3;5;18;46;46250;;3;2;No inventariada;;9;7;2;;;1;3;2;;;1;998
3;5;21;46;46250;;3;2;No inventariada;;9;4;1;7;;1;4;1;;;1;998
3;2;15;46;46250;;3;2;No inventariada;;9;7;1;1;;1;1;1;;;1;998
3;6;4;46;46250;;3;2;No inventariada;;9;2;1;2;;1;4;1;;;1;998
3;7;1;46;46250;;3;2;No inventariada;;9;4;2;;;1;4;1;;;1;998
2;2;10;46;46250;;3;2;No inventariada;;9;20;1;2;;1;1;1;;;1;998
3;7;18;46;46250;;1;1;CV-30;2,8;3;12;1;10;;1;1;2;;;1;2
2;3;14;46;46250;;3;2;No inventariada;;9;2;1;2;;1;1;1;;;1;998
3;1;18;46;46250;;1;1;CV-500;18,164;6;3;2;;;1;1;1;;;1;1
3;1;17;46;46250;;3;2;No inventariada;;9;20;2;;;1;1;1;;;1;998
1;6;0;46;46250;;3;2;No inventariada;;9;3;1;4;;1;4;1;;;1;998
3;1;9;46;46250;;3;2;No inventariada;;9;4;2;;;1;1;1;;;1;998
3;7;9;46;46250;;1;1;CV-407;3,5;5;10;2;;;1;1;1;;;1;1
3;6;15;46;46250;;3;2;No inventariada;;9;2;1;4;;1;1;1;;;1;998
2;6;19;46;46250;;3;2;No inventariada;;9;2;2;;;1;4;1;;;1;998
3;4;14;46;46250;;1;1;CV-36;0,01;3;4;1;2;V-30;1;1;1;;;1;1
2;3;17;46;46250;;3;2;No inventariada;;9;7;2;;;1;1;1;;;1;998
3;6;15;46;46250;;3;2;No inventariada;;9;7;2;;;1;1;1;;;1;998
3;6;17;46;46250;;1;1;CV-500;10,8;6;4;2;;;1;1;1;;;1;1
3;6;18;46;46250;;3;2;No inventariada;;9;10;1;1;;1;1;1;;;1;998
2;5;10;46;46250;;3;2;No inventariada;;9;2;1;1;;1;1;1;;;1;998
3;5;18;46;46250;;3;2;No inventariada;;9;7;2;;;1;2;1;;;1;998
3;7;5;46;46250;;3;2;No inventariada;;9;5;2;;;1;4;1;;;1;998
3;5;11;46;46250;;3;2;No inventariada;;9;7;1;4;;1;1;1;;;1;998
3;4;12;46;46244;;1;1;CV-36;7;3;4;2;;;1;1;1;;;18;1
3;1;8;46;46250;;3;2;No inventariada;;9;20;2;;;1;1;1;;;1;998
2;6;5;46;46250;;3;2;No inventariada;;9;7;1;1;;1;4;1;;;1;998
3;5;7;46;46250;;3;2;No inventariada;;9;4;1;1;;1;3;1;;;1;998
3;3;12;46;46250;;3;2;No inventariada;;9;11;1;1;;1;1;1;;;1;998
3;6;12;46;46250;;1;1;V-31;12;3;4;2;;;1;1;7;;;18;2
2;3;10;46;46250;;3;2;No inventariada;;9;10;1;4;;1;1;1;;;1;998
3;2;19;46;46250;;3;2;No inventariada;;9;7;2;;;1;3;1;;;1;998
3;6;13;46;46250;;3;2;No inventariada;;9;2;1;5;;1;1;1;;;1;998
3;5;3;46;46250;;3;2;No inventariada;;9;10;2;;;1;4;7;;;1;998
3;5;11;46;46250;;3;2;No inventariada;;9;2;2;;;1;1;7;;;1;998
3;4;17;46;46250;;3;2;No inventariada;;9;4;1;4;;1;1;1;;;1;998
3;4;9;46;46250;;3;2;No inventariada;;9;10;1;2;;1;1;1;;;1;998
3;6;23;46;46250;;3;2;No inventariada;;9;3;2;;;1;4;7;;;1;998
3;3;9;46;46250;;3;2;No inventariada;;9;10;1;2;;3;1;1;;;1;998
3;4;14;46;46250;;3;2;No inventariada;;9;4;1;2;;1;1;1;;;1;998
3;5;22;46;46250;;3;2;No inventariada;;9;7;1;2;;1;4;1;;;1;998
3;1;14;46;46250;;1;1;CV-300;12,1;6;10;1;4;;3;1;3;;;1;1
3;3;16;46;46250;;3;2;No inventariada;;9;2;1;1;;1;1;1;;;1;998
1;7;16;46;46250;;3;2;No inventariada;;9;7;1;2;;1;1;1;;;1;998
1;6;14;46;46250;;3;2;No inventariada;;9;20;2;;;1;1;1;;;1;998
1;5;6;46;46250;;3;2;No inventariada;;9;10;1;2;;3;4;3;;;1;998
1;3;2;46;46250;;3;2;No inventariada;;9;1;2;;;1;4;1;;;1;998
1;2;14;46;46250;;3;2;No inventariada;;9;2;1;2;;1;1;1;;;1;998
3;6;0;46;46250;;3;2;No inventariada;;9;4;1;4;;1;4;1;;;1;998
3;1;17;46;46250;;3;2;No inventariada;;9;4;1;4;;1;1;1;;;1;998
3;2;23;46;46250;;3;2;No inventariada;;9;2;1;1;;1;4;1;;;1;998
3;1;16;46;46250;;3;2;No inventariada;;9;10;2;;;3;1;1;;;1;998
3;5;12;46;46250;;3;2;No inventariada;;9;2;2;;;1;1;7;;;1;998
3;3;13;46;46250;;3;2;No inventariada;;9;2;2;;;1;1;1;;;1;998
3;4;11;46;46250;;3;2;No inventariada;;9;10;2;;;1;1;1;;;1;998
3;3;10;46;46250;;3;2;No inventariada;;9;7;1;2;;1;1;1;;;1;998
3;6;22;46;46250;;3;2;No inventariada;;9;10;1;2;;8;4;1;;;1;998
3;7;4;46;46250;;3;2;No inventariada;;9;10;1;2;;1;4;1;;;1;998
3;7;23;46;46250;;3;2;No inventariada;;9;20;1;2;;1;1;7;;;1;998
3;3;14;46;46250;;1;1;V-30;2,6;3;4;2;;;1;1;1;;1;1;2
1;3;7;46;46250;;3;2;No inventariada;;9;7;1;2;;1;4;1;;;1;998
1;3;8;46;46250;;3;2;No inventariada;;9;4;2;;;1;1;1;;;1;998
1;2;16;46;46250;;3;2;No inventariada;;9;3;2;;;1;1;1;;;1;998
1;2;22;46;46250;;3;2;No inventariada;;9;2;1;2;;1;4;1;;;1;998
1;1;10;46;46250;;3;2;No inventariada;;9;10;2;;;1;1;1;;;1;998
3;3;18;46;46250;;1;1;V-30;1,116;3;18;2;;;1;1;1;;1;1;1
3;6;10;46;46250;;3;2;No inventariada;;9;4;1;2;;1;1;1;;;1;998
3;6;20;46;46250;;3;2;No inventariada;;9;7;2;;;1;4;1;;;1;998
3;5;16;46;46250;;3;2;No inventariada;;9;3;2;;;1;1;7;;;1;998
3;5;14;46;46250;;3;2;No inventariada;;9;4;2;;;1;1;7;;;1;998
3;2;7;46;46250;;3;2;No inventariada;;9;7;2;;;1;1;1;;;1;998
3;5;20;46;46250;;3;2;No inventariada;;9;4;1;4;;3;4;2;;;1;998
3;7;13;46;46250;;3;2;No inventariada;;9;7;1;1;;1;1;1;;;1;998
3;7;23;46;46250;;3;2;No inventariada;;9;2;1;5;;1;3;1;;;1;998
3;7;4;46;46250;;3;2;No inventariada;;9;6;2;;;1;4;1;;;1;998
3;6;13;46;46250;;3;2;No inventariada;;9;2;1;1;;1;1;1;;;3;998
3;5;12;46;46250;;3;2;No inventariada;;9;7;2;;;1;1;1;;;1;998
4;2;16;46;46250;;1;1;V-30;5,8;3;7;1;2;V-30;1;1;1;;;1;1
1;7;21;46;46250;;3;2;No inventariada;;9;10;1;2;;1;4;1;;;1;998
3;2;14;46;46250;;3;2;No inventariada;;9;10;2;;;1;1;7;;;1;998
1;7;21;46;46250;;3;2;No inventariada;;9;7;2;;;1;4;7;;;1;998
1;1;12;46;46250;;3;2;No inventariada;;9;2;1;2;;1;1;1;;;1;998
3;6;0;46;46250;;3;2;No inventariada;;9;2;2;;;1;4;7;;;1;998
1;2;21;46;46250;;3;2;No inventariada;;9;2;1;2;;1;4;1;;;1;998
3;5;14;46;46250;;3;2;No inventariada;;9;7;2;;;1;1;7;;;1;998
3;4;16;46;46250;;3;2;No inventariada;;9;2;2;;;1;1;1;;;1;998
3;5;8;46;46250;;3;2;No inventariada;;9;2;1;4;;1;1;1;;;1;998
3;1;9;46;46250;;3;2;No inventariada;;9;4;2;;;1;1;1;;;1;998
3;1;19;46;46250;;3;2;No inventariada;;9;10;2;;;1;4;1;;;1;998
3;1;9;46;46250;;3;2;No inventariada;;9;2;2;;;1;4;1;;;1;998
3;2;23;46;46250;;3;2;No inventariada;;9;2;2;;;1;4;7;;;1;998
3;1;18;46;46250;;3;2;No inventariada;;9;2;2;;;1;3;1;;;1;998
3;1;11;46;46250;;3;2;No inventariada;;9;2;2;;;1;1;7;;;1;998
3;4;9;46;46250;;3;2;No inventariada;;9;2;2;;;1;1;1;;;1;998
3;1;8;46;46250;;3;2;No inventariada;;9;4;2;;;1;1;1;;;1;998
1;3;16;46;46250;;3;2;No inventariada;;9;1;2;;;1;1;1;;;1;998
1;4;15;46;46250;;3;2;No inventariada;;9;10;2;;;1;1;1;;;1;998
1;2;16;46;46250;;3;2;No inventariada;;9;4;2;;;1;1;1;;;1;998
1;1;11;46;46250;;3;2;No inventariada;;9;10;2;;;3;1;1;;;1;998
1;4;15;46;46250;;3;2;No inventariada;;9;2;1;2;;1;1;1;;;1;998
1;6;0;46;46250;;3;2;No inventariada;;9;10;1;2;;1;4;1;;;1;998
1;4;12;46;46250;;3;2;No inventariada;;9;10;1;2;;1;1;1;;;1;998
2;4;12;46;46250;;3;2;No inventariada;;9;7;2;;;1;1;1;;;1;998
1;6;20;46;46250;;3;2;No inventariada;;9;6;1;2;;1;4;1;;;1;998
1;7;17;46;46250;;3;2;No inventariada;;9;10;2;;;1;1;1;;;1;998
1;6;22;46;46250;;3;2;No inventariada;;9;7;2;;;1;4;1;;;1;998
2;1;11;46;46250;;3;2;No inventariada;;9;10;2;;;1;1;1;;;1;998
3;1;20;46;46250;;3;2;No inventariada;;9;10;2;;;1;2;1;;;1;998
1;4;13;46;46250;;3;2;No inventariada;;9;7;1;2;;1;1;1;;;1;998
1;6;0;46;46250;;3;2;No inventariada;;9;2;1;1;;1;4;1;;;1;998
1;5;18;46;46250;;3;2;No inventariada;;9;6;1;1;;1;1;1;;;1;998
1;7;14;46;46250;;3;2;No inventariada;;9;10;1;1;;1;1;1;;;1;998
1;5;13;46;46250;;3;2;No inventariada;;9;6;1;1;;1;1;1;;;1;998
1;7;23;46;46250;;3;2;No inventariada;;9;4;2;;;1;4;1;;;1;998
3;5;9;46;46250;;3;2;No inventariada;;9;2;1;2;;1;1;1;;;1;998
1;7;13;46;46250;;3;2;No inventariada;;9;4;2;;;1;1;1;;;1;998
1;4;22;46;46250;;3;2;No inventariada;;9;2;1;1;;1;4;1;;;1;998
1;5;11;46;46250;;3;2;No inventariada;;9;10;2;;;1;1;1;;;1;998
4;4;19;46;46250;;1;1;CV-500;9,542;6;3;2;;;1;1;1;;;1;1
3;7;17;46;46250;;3;2;No inventariada;;9;3;1;2;;1;1;1;;;1;998
4;5;6;46;46250;;3;2;No inventariada;;11;6;2;;;1;4;1;;;1;998
4;5;22;46;46250;;1;1;CV-36;0,01;3;18;1;2;;1;4;1;;;1;1
3;5;14;46;46250;;3;2;No inventariada;;9;4;1;1;;1;1;1;;;1;998
3;3;9;46;46250;;3;2;No inventariada;;9;4;2;;;1;1;1;;;1;998
3;5;23;46;46250;;3;2;No inventariada;;9;3;2;;;1;4;1;;;1;998
3;3;12;46;46250;;3;2;No inventariada;;9;7;2;;;1;4;1;;;1;998
4;6;17;46;46250;;1;1;CV-30;3,58;3;16;1;2;CV-35;1;1;1;;;1;1
3;6;5;46;46250;;3;2;No inventariada;;9;10;2;;;1;4;1;;;1;998
4;6;4;46;46250;;3;2;No inventariada;;9;10;2;;;1;4;1;;;1;998
3;7;21;46;46250;;3;2;No inventariada;;9;6;2;;;1;4;1;;;1;998
3;1;18;46;46250;;3;2;No inventariada;;9;2;2;;;1;1;1;;;1;998
4;3;9;46;46250;;3;2;No inventariada;;9;7;1;2;;1;1;1;;;1;998
3;6;15;46;46250;;3;2;No inventariada;;9;4;1;1;;1;1;1;;;1;998
3;4;14;46;46250;;3;2;No inventariada;;9;3;2;;;1;1;1;;;1;998
1;7;10;46;46250;;3;2;No inventariada;;9;4;2;;;1;1;1;;;1;998
2;4;9;46;46250;;3;2;No inventariada;;9;10;2;;;1;1;1;;;1;998
2;2;11;46;46250;;3;2;No inventariada;;9;7;2;;;1;1;1;;;1;998
2;1;8;46;46250;;3;2;No inventariada;;9;2;2;;;1;1;1;;;1;998
2;4;10;46;46250;;3;2;No inventariada;;9;1;2;;;1;1;1;;;1;998
2;7;16;46;46250;;3;2;No inventariada;;9;10;2;;;1;1;1;;;1;998
2;1;8;46;46250;;3;2;No inventariada;;9;2;2;;;1;1;1;;;1;998
2;6;20;46;46250;;3;2;No inventariada;;9;10;2;;;1;1;1;;;1;998
2;2;14;46;46250;;3;2;No inventariada;;9;10;2;;;1;1;1;;;1;998
2;5;21;46;46250;;3;2;No inventariada;;9;2;2;;;1;4;1;;;1;998
2;7;13;46;46250;;3;2;No inventariada;;9;4;2;;;1;1;1;;;1;998
2;5;13;46;46250;;3;2;No inventariada;;9;4;2;;;1;1;1;;;1;998
1;4;20;46;46250;;3;2;No inventariada;;9;2;1;1;;1;4;1;;;1;998
1;1;9;46;46250;;3;2;No inventariada;;9;4;2;;;1;1;1;;;1;998
1;7;14;46;46250;;3;2;No inventariada;;9;10;2;;;1;1;1;;;1;998
1;7;16;46;46250;;3;2;No inventariada;;9;3;2;;;1;1;1;;;1;998
1;1;18;46;46250;;3;2;No inventariada;;9;2;1;1;;1;4;1;;;1;998
1;1;14;46;46250;;3;2;No inventariada;;9;11;2;;;1;1;1;;;1;998
2;5;17;46;46250;;3;2;No inventariada;;9;20;2;;;3;4;1;;;1;998
2;3;17;46;46250;;3;2;No inventariada;;9;2;2;;;1;4;1;;;1;998
2;4;17;46;46250;;3;2;No inventariada;;9;2;2;;;1;4;1;;;1;998
2;4;15;46;46250;;3;2;No inventariada;;9;3;2;;;1;1;1;;;1;998