MES;DIA_SEMANA;HORA;COD_PROVINCIA;COD_MUNICIPIO;ISLA;ZONA;ZONA_AGRUPADA;CARRETERA;KM;TIPO_VIA;TIPO_ACCIDENTE;NUDO;NUDO_INFO;CARRETERA_CRUCE;CONDICION_FIRME;CONDICION_ILUMINACION;CONDICION_METEO;CONDICION_NIEBLA;CONDICION_VIENTO;VISIB_RESTRINGIDA_POR;TRAZADO_PLANTA
2;4;12;46;46250;;3;2;No inventariada;;9;2;2;;;1;1;1;;;1;998
2;5;11;46;46250;;3;2;No inventariada;;9;2;2;;;1;1;1;;;1;998
1;3;17;46;46250;;3;2;No inventariada;;9;4;2;;;1;1;1;;;1;998
1;1;7;46;46250;;3;2;No inventariada;;9;9;1;1;;1;3;1;;;1;998
1;2;11;46;46250;;3;2;No inventariada;;9;2;2;;;1;1;1;;;1;998
1;2;9;46;46250;;3;2;No inventariada;;9;10;2;;;1;1;1;;;1;998
3;4;18;46;46250;;3;2;No inventariada;;9;2;1;2;;1;2;1;;;1;998
3;5;8;46;46250;;3;2;No inventariada;;9;4;1;2;;1;1;1;;;1;998
1;1;4;46;46250;;3;2;No inventariada;;9;2;1;1;;1;4;1;;;1;998
1;2;16;46;46250;;3;2;No inventariada;;9;10;2;;;1;3;1;;;1;998
3;3;15;46;46250;;3;2;No inventariada;;9;10;2;;;1;1;1;;;1;998
3;1;21;46;46250;;3;2;No inventariada;;9;10;2;;;1;3;1;;;1;998
1;1;14;46;46250;;3;2;No inventariada;;9;4;1;1;;1;1;1;;;1;998
3;3;22;46;46250;;3;2;No inventariada;;9;10;2;;;1;1;1;;;1;998
3;5;8;46;46250;;3;2;No inventariada;;9;2;2;;;1;1;1;;;1;998
3;7;19;46;46250;;3;2;No inventariada;;9;4;2;;;1;1;2;;;1;998
3;7;15;46;46250;;3;2;No inventariada;;9;4;1;2;;3;1;2;;;1;998
1;4;17;46;46250;;3;2;No inventariada;;9;2;1;2;;1;1;1;;;1;998
1;4;14;46;46250;;3;2;No inventariada;;9;1;2;;;1;1;1;;;1;998
3;6;15;46;46250;;3;2;No inventariada;;9;2;1;4;;1;1;1;;;1;998
2;4;14;46;46250;;3;2;No inventariada;;9;2;1;2;;1;1;1;;;1;998
1;2;18;46;46250;;3;2;No inventariada;;9;2;2;;;1;2;1;;;1;998
1;4;8;46;46250;;3;2;No inventariada;;9;2;1;2;;1;1;1;;;1;998
1;2;11;46;46250;;3;2;No inventariada;;9;10;1;2;;1;1;1;;;1;998
1;3;12;46;46250;;3;2;No inventariada;;9;10;1;2;;1;1;1;;;1;998
1;1;12;46;46250;;3;2;No inventariada;;9;1;2;;;1;1;1;;;1;998
1;6;18;46;46250;;3;2;No inventariada;;9;20;1;2;;1;4;1;;;1;998
1;5;8;46;46250;;3;2;No inventariada;;9;6;1;1;;1;2;1;;;1;998
1;3;10;46;46250;;3;2;No inventariada;;9;3;2;;;1;1;1;;;1;998
1;6;20;46;46250;;3;2;No inventariada;;9;7;1;2;;1;4;1;;;1;998
1;5;22;46;46250;;3;2;No inventariada;;9;4;1;2;;1;4;1;;;1;998
1;4;17;46;46250;;3;2;No inventariada;;9;3;2;;;1;1;1;;;1;998
2;5;8;46;46250;;3;2;No inventariada;;9;2;2;;;1;1;7;;;1;998
2;5;8;46;46250;;3;2;No inventariada;;9;6;2;;;1;1;1;;;1;998
2;3;12;46;46250;;3;2;No inventariada;;9;2;2;;;1;1;1;;;1;998
2;3;10;46;46250;;3;2;No inventariada;;9;2;2;;;1;1;1;;;1;998
1;4;15;46;46250;;3;2;No inventariada;;9;4;2;;;1;1;1;;;1;998
1;3;18;46;46250;;3;2;No inventariada;;9;2;1;2;;1;1;1;;;1;998
2;3;12;46;46250;;3;2;No inventariada;;9;2;2;;;1;1;1;;;1;998
1;4;9;46;46250;;3;2;No inventariada;;9;3;2;;;1;1;1;;;1;998
2;4;15;46;46250;;3;2;No inventariada;;9;7;2;;;1;1;2;;;1;998
1;5;15;46;46250;;3;2;No inventariada;;9;2;1;2;;3;1;1;;;1;998
1;5;21;46;46250;;3;2;No inventariada;;9;10;2;;;3;4;2;;;1;998
2;3;9;46;46250;;3;2;No inventariada;;9;10;2;;;1;1;1;;;1;998
2;4;14;46;46250;;3;2;No inventariada;;9;10;1;2;;1;1;1;;;1;998
1;5;11;46;46250;;3;2;No inventariada;;9;2;1;2;;1;1;1;;;1;998
3;2;15;46;46250;;3;2;No inventariada;;9;7;2;;;1;1;2;;;1;998
4;7;11;46;46250;;1;1;V-30;1,612;3;4;2;;;1;1;1;;;1;1
2;4;23;46;46250;;3;2;No inventariada;;9;10;1;2;;3;4;3;;;1;998
4;5;18;46;46250;;3;2;No inventariada;;9;2;1;1;;1;1;1;;;1;998
3;4;0;46;46250;;3;2;No inventariada;;9;10;2;;;1;4;1;;;18;998
1;1;11;46;46250;;3;2;No inventariada;;9;10;2;;;1;1;1;;;1;998
1;1;17;46;46250;;3;2;No inventariada;;9;4;2;;;1;3;1;;;1;998
1;1;19;46;46250;;3;2;No inventariada;;9;2;2;;;1;4;1;;;1;998
1;2;15;46;46250;;3;2;No inventariada;;9;10;2;;;1;4;1;;;1;998
1;3;14;46;46250;;3;2;No inventariada;;9;3;2;;;1;1;1;;;1;998
1;7;13;46;46250;;3;2;No inventariada;;9;10;1;2;;1;1;1;;;1;998
1;3;15;46;46250;;3;2;No inventariada;;9;2;2;;;1;1;1;;;1;998
1;3;18;46;46250;;3;2;No inventariada;;9;3;2;;;9;4;7;;;1;998
1;7;18;46;46250;;3;2;No inventariada;;9;2;1;2;;1;3;1;;;1;998
1;3;19;46;46250;;3;2;No inventariada;;9;10;2;;;1;4;1;;;1;998
1;1;11;46;46250;;3;2;No inventariada;;9;10;2;;;1;1;1;;;1;998
1;3;22;46;46250;;3;2;No inventariada;;9;2;2;;;1;4;1;;;18;998
1;4;11;46;46250;;3;2;No inventariada;;9;10;2;;;3;1;2;;;1;998
1;4;14;46;46250;;3;2;No inventariada;;9;2;1;1;;1;1;1;;;1;998
1;4;17;46;46250;;3;2;No inventariada;;9;2;2;;;9;3;7;;;18;998
1;1;12;46;46250;;3;2;No inventariada;;9;2;2;;;1;1;1;;;1;998
1;5;11;46;46250;;3;2;No inventariada;;9;10;2;;;9;1;7;;;1;998
1;5;12;46;46250;;3;2;No inventariada;;9;10;2;;;1;1;1;;;1;998
3;7;18;46;46250;;3;2;No inventariada;;9;6;2;;;3;2;3;;;1;998
1;5;15;46;46250;;3;2;No inventariada;;9;4;2;;;1;1;1;;;1;998
1;5;17;46;46250;;3;2;No inventariada;;9;10;2;;;1;4;1;;;1;998
1;5;23;46;46250;;3;2;No inventariada;;9;10;2;;;9;1;7;;;18;998
1;6;22;46;46250;;3;2;No inventariada;;9;3;2;;;1;4;1;;;1;998
1;6;22;46;46250;;3;2;No inventariada;;9;3;2;;;1;4;1;;;1;998
1;7;12;46;46250;;3;2;No inventariada;;9;10;2;;;1;1;1;;;1;998
4;2;9;46;46250;;3;2;No inventariada;;9;2;1;2;;1;1;1;;;1;998
4;2;18;46;46250;;3;2;No inventariada;;9;10;2;;;1;1;1;;;1;998
1;5;14;46;46250;;3;2;No inventariada;;9;2;1;2;;1;1;1;;;1;998
1;2;9;46;46250;;3;2;No inventariada;;9;7;2;;;1;1;1;;;1;998
1;1;12;46;46250;;3;2;No inventariada;;9;10;1;2;;1;1;1;;;1;998
1;1;14;46;46250;;3;2;No inventariada;;9;2;2;;;1;1;1;;;1;998
1;2;12;46;46250;;3;2;No inventariada;;9;10;1;2;;1;1;1;;;1;998
1;5;6;46;46250;;3;2;No inventariada;;9;10;2;;;1;1;1;;;1;998
1;4;19;46;46250;;3;2;No inventariada;;9;2;1;2;;1;3;1;;;1;998
1;3;11;46;46250;;3;2;No inventariada;;9;3;1;2;;1;1;1;;;1;998
1;5;10;46;46250;;3;2;No inventariada;;9;7;2;;;1;1;1;;;1;998
1;4;17;46;46250;;3;2;No inventariada;;9;3;2;;;1;1;1;;;1;998
1;5;12;46;46250;;3;2;No inventariada;;9;10;1;1;;1;1;1;;;1;998
1;4;11;46;46250;;3;2;No inventariada;;9;7;2;;;1;1;1;;;1;998
1;5;13;46;46250;;3;2;No inventariada;;9;2;1;2;;1;3;1;;;1;998
1;3;13;46;46250;;3;2;No inventariada;;9;10;2;;;1;1;1;;;1;998
1;4;10;46;46250;;3;2;No inventariada;;9;2;1;2;;1;1;1;;;1;998
1;5;14;46;46250;;3;2;No inventariada;;9;10;2;;;3;1;2;;;1;998
1;5;14;46;46250;;3;2;No inventariada;;9;10;1;2;;3;1;3;;;1;998
1;6;13;46;46250;;3;2;No inventariada;;9;2;1;2;;1;1;1;;;1;998
1;3;22;46;46250;;3;2;No inventariada;;9;2;1;2;;1;4;1;;;1;998
1;6;16;46;46250;;3;2;No inventariada;;9;3;2;;;1;1;1;;;1;998
1;7;8;46;46250;;3;2;No inventariada;;9;10;2;;;1;1;1;;;1;998
1;7;9;46;46250;;3;2;No inventariada;;9;3;1;2;;1;1;1;;;1;998
1;6;21;46;46250;;3;2;No inventariada;;9;10;2;;;1;4;1;;;1;998
1;6;17;46;46250;;3;2;No inventariada;;9;2;1;2;;1;1;1;;;1;998
1;2;20;46;46250;;3;2;No inventariada;;9;10;2;;;1;1;1;;;1;998
1;3;8;46;46250;;3;2;No inventariada;;9;2;2;;;1;1;1;;;1;998
1;3;10;46;46250;;3;2;No inventariada;;9;4;2;;;1;1;2;;;1;998
1;3;10;46;46250;;3;2;No inventariada;;9;2;2;;;1;1;2;;;1;998
1;3;12;46;46250;;3;2;No inventariada;;9;2;2;;;1;1;1;;;1;998
1;3;14;46;46250;;3;2;No inventariada;;9;11;2;;;1;1;1;;;1;998
1;3;22;46;46250;;3;2;No inventariada;;9;3;2;;;1;4;2;;;1;998
2;4;7;46;46250;;3;2;No inventariada;;9;2;2;;;1;2;1;;;1;998
2;4;8;46;46250;;3;2;No inventariada;;9;4;2;;;1;1;1;;;1;998
2;4;8;46;46250;;3;2;No inventariada;;9;10;2;;;8;1;1;;;1;998
2;4;9;46;46250;;3;2;No inventariada;;9;7;2;;;1;1;1;;;1;998
2;4;12;46;46250;;3;2;No inventariada;;9;2;2;;;1;1;7;;;1;998
1;7;21;46;46250;;3;2;No inventariada;;9;7;2;;;1;2;1;;;1;998
2;4;14;46;46250;;3;2;No inventariada;;9;2;2;;;1;4;1;;;1;998
2;4;16;46;46250;;3;2;No inventariada;;9;10;2;;;1;1;1;;;1;998
2;5;20;46;46250;;3;2;No inventariada;;9;10;1;2;;1;1;1;;;1;998
2;4;16;46;46250;;3;2;No inventariada;;9;10;2;;;1;1;2;;;1;998
2;4;17;46;46250;;3;2;No inventariada;;9;6;2;;;1;4;1;;;1;998
2;4;20;46;46250;;3;2;No inventariada;;9;2;2;;;1;4;7;;;1;998
1;1;15;46;46250;;3;2;No inventariada;;9;2;2;;;1;1;1;;;1;998
2;5;14;46;46250;;3;2;No inventariada;;9;10;1;2;;1;1;1;;;1;998
2;4;20;46;46250;;3;2;No inventariada;;9;2;2;;;9;4;7;;;1;998
2;4;21;46;46250;;3;2;No inventariada;;9;2;2;;;1;4;1;;;1;998
2;5;14;46;46250;;3;2;No inventariada;;9;2;1;2;;1;1;1;;;1;998
1;2;10;46;46250;;3;2;No inventariada;;9;3;2;;;1;1;1;;;1;998
1;2;11;46;46250;;3;2;No inventariada;;9;7;1;1;;1;1;1;;;1;998
1;2;13;46;46250;;3;2;No inventariada;;9;4;2;;;1;1;1;;;1;998
1;2;14;46;46250;;3;2;No inventariada;;9;7;2;;;1;1;1;;;1;998
2;5;12;46;46250;;3;2;No inventariada;;9;4;2;;;1;1;1;;;1;998
1;2;18;46;46250;;3;2;No inventariada;;9;10;1;2;;1;2;1;;;1;998
2;6;11;46;46250;;3;2;No inventariada;;9;2;1;2;;1;1;1;;;1;998
1;2;19;46;46250;;3;2;No inventariada;;9;10;2;;;1;2;1;;;1;998
1;2;20;46;46250;;3;2;No inventariada;;9;2;1;2;;1;3;1;;;1;998
2;6;15;46;46250;;3;2;No inventariada;;9;2;1;2;;1;1;1;;;1;998
1;2;21;46;46250;;3;2;No inventariada;;9;1;2;;;1;4;1;;;1;998
1;3;8;46;46250;;3;2;No inventariada;;9;4;2;;;1;1;1;;;1;998
1;3;11;46;46250;;3;2;No inventariada;;9;7;2;;;1;4;1;;;1;998
1;4;9;46;46250;;3;2;No inventariada;;9;7;1;1;;1;1;1;;;1;998
1;3;12;46;46250;;3;2;No inventariada;;9;3;1;2;;1;1;1;;;1;998
1;4;12;46;46250;;3;2;No inventariada;;9;10;2;;;1;1;1;;;1;998
1;3;14;46;46250;;3;2;No inventariada;;9;3;1;2;;1;1;1;;;1;998
1;4;16;46;46250;;3;2;No inventariada;;9;2;2;;;1;1;1;;;1;998
1;4;21;46;46250;;3;2;No inventariada;;9;2;1;4;;1;4;1;;;1;998
1;5;5;46;46250;;3;2;No inventariada;;9;4;2;;;1;4;1;;;1;998
1;3;15;46;46250;;3;2;No inventariada;;9;2;1;2;;1;1;1;;;1;998
1;5;10;46;46250;;3;2;No inventariada;;9;2;1;2;;1;1;1;;;1;998
1;3;15;46;46250;;3;2;No inventariada;;9;2;2;;;1;1;1;;;1;998
2;6;16;46;46250;;3;2;No inventariada;;9;3;2;;;1;4;1;;;1;998
2;6;17;46;46250;;3;2;No inventariada;;9;7;2;;;1;1;7;;;9;998
2;6;19;46;46250;;3;2;No inventariada;;9;3;2;;;1;4;1;;;1;998
2;6;22;46;46250;;3;2;No inventariada;;9;3;2;;;1;4;1;;;18;998
2;7;0;46;46250;;3;2;No inventariada;;9;3;2;;;9;4;7;;;18;998
2;7;16;46;46250;;3;2;No inventariada;;9;7;2;;;1;1;1;;;1;998
1;3;17;46;46250;;3;2;No inventariada;;9;2;2;;;1;1;1;;;1;998
2;1;7;46;46250;;3;2;No inventariada;;9;4;2;;;1;4;1;;;1;998
2;1;8;46;46250;;3;2;No inventariada;;9;3;2;;;1;1;1;;;1;998
1;5;20;46;46250;;3;2;No inventariada;;9;10;2;;;1;3;1;;;1;998
1;5;22;46;46250;;3;2;No inventariada;;9;2;2;;;1;4;1;;;1;998
1;6;10;46;46250;;3;2;No inventariada;;9;20;2;;;1;1;1;;;1;998
1;6;13;46;46250;;3;2;No inventariada;;9;4;2;;;1;1;1;;;1;998
1;6;21;46;46250;;3;2;No inventariada;;9;7;2;;;1;4;1;;;1;998
1;7;18;46;46250;;3;2;No inventariada;;9;4;2;;;1;3;1;;;1;998
1;7;21;46;46250;;3;2;No inventariada;;9;1;1;1;;1;4;1;;;1;998
2;1;10;46;46250;;3;2;No inventariada;;9;3;2;;;1;1;7;;;1;998
2;1;12;46;46250;;3;2;No inventariada;;9;4;2;;;1;1;1;;;1;998
2;1;12;46;46250;;3;2;No inventariada;;9;2;2;;;1;1;1;;;1;998
1;1;13;46;46250;;3;2;No inventariada;;9;2;2;;;1;1;1;;;1;998
2;1;14;46;46250;;3;2;No inventariada;;9;4;2;;;1;1;1;;;1;998
2;1;14;46;46250;;3;2;No inventariada;;9;10;2;;;1;1;1;;;1;998
2;1;15;46;46250;;3;2;No inventariada;;9;4;2;;;1;1;1;;;1;998
2;1;16;46;46250;;3;2;No inventariada;;9;1;2;;;1;1;1;;;1;998
2;1;17;46;46250;;3;2;No inventariada;;9;3;2;;;1;1;1;;;1;998
2;1;17;46;46250;;3;2;No inventariada;;9;7;2;;;1;5;7;;;17;998
1;1;14;46;46250;;3;2;No inventariada;;9;10;2;;;1;1;1;;;1;998
2;2;7;46;46250;;3;2;No inventariada;;9;4;2;;;1;1;1;;;1;998
2;2;8;46;46250;;3;2;No inventariada;;9;4;2;;;1;1;1;;;1;998
1;1;16;46;46250;;3;2;No inventariada;;9;7;2;;;1;1;1;;;1;998
2;2;8;46;46250;;3;2;No inventariada;;9;4;2;;;1;1;1;;;1;998
1;1;16;46;46250;;3;2;No inventariada;;9;10;1;2;;1;1;2;;;12;998
2;2;8;46;46250;;3;2;No inventariada;;9;7;1;2;;1;1;1;;;1;998
2;2;11;46;46250;;3;2;No inventariada;;9;6;1;2;;1;1;1;;;1;998
1;4;0;46;46250;;3;2;No inventariada;;9;2;1;2;;1;3;1;;;1;998
1;3;19;46;46250;;3;2;No inventariada;;9;7;1;2;;1;1;1;;;1;998
1;1;19;46;46250;;3;2;No inventariada;;9;2;2;;;1;2;1;;;1;998
1;2;18;46;46250;;3;2;No inventariada;;9;2;2;;;1;2;1;;;1;998
2;1;19;46;46250;;3;2;No inventariada;;9;6;2;;;1;1;1;;;1;998
2;1;18;46;46250;;3;2;No inventariada;;9;2;2;;;1;1;1;;;1;998
2;1;16;46;46250;;3;2;No inventariada;;9;10;1;2;;1;1;1;;;1;998
2;2;0;46;46250;;3;2;No inventariada;;9;6;2;;;1;4;1;;;1;998
2;2;6;46;46250;;3;2;No inventariada;;9;6;2;;;3;3;1;;;1;998
2;1;13;46;46250;;3;2;No inventariada;;9;2;2;;;1;1;1;;;1;998
2;2;15;46;46250;;3;2;No inventariada;;9;1;1;2;;1;1;1;;;1;998
2;2;19;46;46250;;3;2;No inventariada;;9;4;2;;;1;3;1;;;1;998
2;1;13;46;46250;;3;2;No inventariada;;9;7;1;2;;1;1;1;;;1;998
4;2;18;46;46250;;3;2;No inventariada;;9;10;2;;;1;1;1;;;1;998
4;2;20;46;46250;;3;2;No inventariada;;9;2;2;;;1;1;1;;;1;998
4;2;15;46;46250;;3;2;No inventariada;;9;2;2;;;1;1;1;;;1;998
2;1;12;46;46250;;3;2;No inventariada;;9;2;1;2;;1;1;1;;;1;998
2;1;10;46;46250;;3;2;No inventariada;;9;2;1;2;;1;1;1;;;1;998
2;1;9;46;46250;;3;2;No inventariada;;9;10;1;2;;1;4;1;;;1;998
2;1;7;46;46250;;3;2;No inventariada;;9;2;1;2;;1;1;1;;;1;998
2;3;7;46;46250;;3;2;No inventariada;;9;7;2;;;1;1;1;;;1;998
4;3;9;46;46250;;3;2;No inventariada;;9;3;2;;;1;1;1;;;1;998
2;1;7;46;46250;;3;2;No inventariada;;9;2;1;2;;1;2;1;;;1;998
2;7;9;46;46250;;3;2;No inventariada;;9;7;1;2;;1;1;1;;;1;998
2;7;5;46;46250;;3;2;No inventariada;;9;10;2;;;1;4;1;;;1;998
2;7;1;46;46250;;3;2;No inventariada;;9;2;1;2;;1;4;1;;;1;998
2;6;20;46;46250;;3;2;No inventariada;;9;10;1;2;;1;1;1;;;1;998
2;6;19;46;46250;;3;2;No inventariada;;9;2;2;;;1;1;1;;;1;998
2;6;17;46;46250;;3;2;No inventariada;;9;2;1;1;;1;1;1;;;1;998
2;6;17;46;46250;;3;2;No inventariada;;9;3;1;1;;1;1;1;;;1;998
2;6;15;46;46250;;3;2;No inventariada;;9;6;2;;;1;1;1;;;1;998
2;6;11;46;46250;;3;2;No inventariada;;9;2;2;;;1;1;1;;;1;998
2;5;19;46;46250;;3;2;No inventariada;;9;4;2;;;3;4;3;;;1;998
2;5;19;46;46250;;3;2;No inventariada;;9;2;1;1;;3;4;3;;;1;998
2;5;17;46;46250;;3;2;No inventariada;;9;10;2;;;3;4;3;;;1;998
2;5;16;46;46250;;3;2;No inventariada;;9;2;2;;;1;1;1;;;1;998
2;5;12;46;46250;;3;2;No inventariada;;9;2;2;;;3;1;2;;;1;998
4;4;18;46;46250;;1;1;V-31;11,7;3;4;2;;;1;1;1;;;18;1
2;5;6;46;46250;;3;2;No inventariada;;9;4;2;;;3;3;1;;;1;998
2;4;19;46;46250;;3;2;No inventariada;;9;4;2;;;1;1;1;;;1;998
4;2;21;46;46250;;3;2;No inventariada;;9;3;2;;;1;4;1;;;1;998
2;4;18;46;46250;;3;2;No inventariada;;9;2;2;;;1;4;1;;;1;998
2;4;16;46;46250;;3;2;No inventariada;;9;2;2;;;1;1;2;;;1;998
2;4;15;46;46250;;3;2;No inventariada;;9;2;2;;;1;1;1;;;1;998
2;3;22;46;46250;;3;2;No inventariada;;9;2;2;;;1;4;1;;;1;998
2;4;7;46;46250;;3;2;No inventariada;;9;4;2;;;1;3;1;;;1;998
2;3;18;46;46250;;3;2;No inventariada;;9;7;2;;;1;4;1;;;1;998
2;3;8;46;46250;;3;2;No inventariada;;9;3;2;;;1;1;1;;;1;998
2;3;14;46;46250;;3;2;No inventariada;;9;2;2;;;1;1;1;;;1;998
2;3;20;46;46250;;3;2;No inventariada;;9;10;1;2;;1;4;1;;;1;998
2;3;13;46;46250;;3;2;No inventariada;;9;2;2;;;1;1;2;;;1;998
2;3;15;46;46250;;3;2;No inventariada;;9;10;2;;;1;1;1;;;1;998
2;3;13;46;46250;;3;2;No inventariada;;9;3;2;;;1;1;1;;;1;998
2;4;11;46;46250;;3;2;No inventariada;;9;7;1;2;;1;1;1;;;1;998
2;3;13;46;46250;;3;2;No inventariada;;9;10;2;;;1;1;1;;;1;998
2;3;12;46;46250;;3;2;No inventariada;;9;10;2;;;1;1;1;;;1;998
2;3;12;46;46250;;3;2;No inventariada;;9;10;2;;;1;1;1;;;1;998
2;3;8;46;46250;;3;2;No inventariada;;9;4;2;;;1;1;1;;;1;998
2;3;8;46;46250;;3;2;No inventariada;;9;10;2;;;1;3;7;;;1;998
2;2;16;46;46250;;3;2;No inventariada;;9;2;2;;;1;1;1;;;1;998
2;2;14;46;46250;;3;2;No inventariada;;9;3;2;;;1;1;1;;;1;998
2;3;17;46;46250;;3;2;No inventariada;;9;10;2;;;1;1;1;;;1;998
2;4;17;46;46250;;3;2;No inventariada;;9;2;2;;;1;1;1;;;1;998
2;4;18;46;46250;;3;2;No inventariada;;9;2;1;2;;1;1;1;;;1;998
2;1;21;46;46250;;3;2;No inventariada;;9;4;2;;;1;1;1;;;1;998
2;1;21;46;46250;;3;2;No inventariada;;9;2;2;;;1;1;1;;;1;998
2;4;18;46;46250;;3;2;No inventariada;;9;10;2;;;1;2;2;;;1;998
2;2;18;46;46250;;3;2;No inventariada;;9;10;2;;;1;1;1;;;1;998
2;3;8;46;46250;;3;2;No inventariada;;9;2;2;;;1;1;1;;;1;998
2;3;9;46;46250;;3;2;No inventariada;;9;2;2;;;1;1;1;;;1;998
2;4;21;46;46250;;3;2;No inventariada;;9;7;2;;;3;2;3;;;1;998
2;3;11;46;46250;;3;2;No inventariada;;9;10;2;;;1;1;1;;;1;998
2;5;14;46;46250;;3;2;No inventariada;;9;10;2;;;3;3;3;;;2;998
2;5;10;46;46250;;3;2;No inventariada;;9;3;1;2;;3;1;3;;;1;998
2;5;22;46;46250;;3;2;No inventariada;;9;4;2;;;1;4;1;;;1;998
2;5;10;46;46250;;3;2;No inventariada;;9;10;2;;;3;1;3;;;1;998
2;5;13;46;46250;;3;2;No inventariada;;9;10;1;1;;3;1;2;;;5;998
2;6;12;46;46250;;3;2;No inventariada;;9;7;2;;;1;1;1;;;1;998
2;6;14;46;46250;;3;2;No inventariada;;9;7;1;2;;1;1;1;;;1;998
2;6;22;46;46250;;3;2;No inventariada;;9;3;2;;;1;4;1;;;1;998
2;7;16;46;46250;;3;2;No inventariada;;9;2;2;;;1;1;1;;;1;998
2;1;9;46;46250;;3;2;No inventariada;;9;10;2;;;3;1;1;;;1;998
2;1;11;46;46250;;3;2;No inventariada;;9;4;2;;;1;1;1;;;1;998
2;1;22;46;46250;;3;2;No inventariada;;9;10;2;;;1;1;1;;;1;998
2;2;7;46;46250;;3;2;No inventariada;;9;2;2;;;1;1;1;;;1;998
4;7;2;46;46250;;3;2;No inventariada;;9;4;2;;;1;4;1;;;1;998
3;3;10;46;46250;;3;2;No inventariada;;9;3;2;;;1;1;1;;;1;998
2;3;14;46;46250;;3;2;No inventariada;;9;10;2;;;1;1;1;;;1;998
2;3;14;46;46250;;3;2;No inventariada;;9;4;1;10;;1;1;1;;;1;998
2;3;17;46;46250;;3;2;No inventariada;;9;7;1;2;;1;1;1;;;1;998
2;3;20;46;46250;;3;2;No inventariada;;9;6;1;2;;1;4;1;;;1;998
2;4;8;46;46250;;3;2;No inventariada;;9;2;1;1;;1;1;1;;;1;998
2;4;9;46;46250;;3;2;No inventariada;;9;3;1;1;;1;1;1;;;1;998
2;4;14;46;46250;;3;2;No inventariada;;9;4;2;;;1;1;1;;;1;998
2;4;15;46;46250;;3;2;No inventariada;;9;2;1;2;;1;1;1;;;1;998
3;5;8;46;46250;;3;2;No inventariada;;9;4;2;;;1;1;1;;;1;998
3;5;11;46;46250;;3;2;No inventariada;;9;2;1;1;;1;1;1;;;1;998
3;5;12;46;46250;;3;2;No inventariada;;9;7;1;1;;1;1;1;;;1;998
3;5;17;46;46250;;3;2;No inventariada;;9;7;1;1;;1;1;1;;;1;998
3;5;18;46;46250;;3;2;No inventariada;;9;2;2;;;1;3;1;;;1;998
3;5;19;46;46250;;3;2;No inventariada;;9;4;2;;;1;2;1;;;1;998
3;5;19;46;46250;;3;2;No inventariada;;9;7;2;;;1;1;1;;;9;998
3;5;19;46;46250;;3;2;No inventariada;;9;10;2;;;1;1;1;;;1;998
3;5;20;46;46250;;3;2;No inventariada;;9;4;1;4;;1;3;1;;;1;998
3;6;0;46;46250;;3;2;No inventariada;;9;10;1;1;;1;4;1;;;1;998
3;6;7;46;46250;;3;2;No inventariada;;9;20;2;;;1;3;1;;;17;998
4;5;6;46;46250;;3;2;No inventariada;;9;7;1;1;;1;4;3;;;1;998
3;6;12;46;46250;;3;2;No inventariada;;9;4;1;2;;1;1;1;;;1;998
3;6;13;46;46250;;3;2;No inventariada;;9;2;2;;;1;1;1;;;1;998
3;6;20;46;46250;;3;2;No inventariada;;9;4;2;;;1;2;1;;;1;998
3;6;22;46;46250;;3;2;No inventariada;;9;7;1;1;;1;4;1;;;1;998
3;6;23;46;46250;;3;2;No inventariada;;9;6;2;;;1;4;1;;;1;998
3;7;10;46;46250;;3;2;No inventariada;;9;10;2;;;9;1;7;;;1;998
3;6;11;46;46250;;3;2;No inventariada;;9;7;2;;;1;1;2;;;12;998
3;7;12;46;46250;;3;2;No inventariada;;9;2;2;;;1;1;3;;;1;998
3;7;13;46;46250;;3;2;No inventariada;;9;4;2;;;1;1;1;;;1;998