MES;DIA_SEMANA;HORA;COD_PROVINCIA;COD_MUNICIPIO;ISLA;ZONA;ZONA_AGRUPADA;CARRETERA;KM;TIPO_VIA;TIPO_ACCIDENTE;NUDO;NUDO_INFO;CARRETERA_CRUCE;CONDICION_FIRME;CONDICION_ILUMINACION;CONDICION_METEO;CONDICION_NIEBLA;CONDICION_VIENTO;VISIB_RESTRINGIDA_POR;TRAZADO_PLANTA
3;7;12;46;46250;;3;2;No inventariada;;9;2;1;1;;1;1;1;;;1;998
3;7;12;46;46250;;3;2;No inventariada;;9;2;2;;;1;2;1;;;1;998
3;7;20;46;46250;;3;2;No inventariada;;9;10;2;;;1;4;1;;;1;998
3;7;13;46;46250;;3;2;No inventariada;;9;2;2;;;1;1;1;;;1;998
3;6;11;46;46250;;3;2;No inventariada;;9;2;2;;;3;1;2;;;1;998
3;7;20;46;46250;;3;2;No inventariada;;9;4;2;;;9;4;1;;;1;998
3;7;21;46;46250;;3;2;No inventariada;;9;10;2;;;1;4;7;2;;1;998
3;1;12;46;46250;;3;2;No inventariada;;9;3;2;;;1;1;1;;;1;998
3;1;15;46;46250;;3;2;No inventariada;;9;3;2;;;1;1;1;;;1;998
3;7;15;46;46250;;3;2;No inventariada;;9;20;1;2;;1;1;1;;;1;998
3;1;4;46;46250;;3;2;No inventariada;;9;10;2;;;1;4;1;;;1;998
3;1;9;46;46250;;3;2;No inventariada;;9;4;1;2;;1;1;1;;;1;998
3;1;20;46;46250;;3;2;No inventariada;;9;7;1;1;;1;1;1;;;12;998
3;2;13;46;46250;;3;2;No inventariada;;9;7;1;2;;1;1;1;;;1;998
3;2;15;46;46250;;3;2;No inventariada;;9;2;1;6;;1;1;1;;;1;998
3;2;15;46;46250;;3;2;No inventariada;;9;2;2;;;1;1;1;;;1;998
3;2;16;46;46250;;3;2;No inventariada;;9;10;2;;;1;2;1;;;1;998
3;2;20;46;46250;;3;2;No inventariada;;9;2;2;;;1;4;1;;;1;998
3;2;13;46;46250;;3;2;No inventariada;;9;4;2;;;1;1;1;;;1;998
3;2;14;46;46250;;3;2;No inventariada;;9;10;2;;;1;1;1;;;1;998
3;3;8;46;46250;;3;2;No inventariada;;9;10;2;;;1;1;1;;;1;998
4;4;22;46;46250;;3;2;No inventariada;;9;3;2;;;1;4;1;;;1;998
3;3;8;46;46250;;3;2;No inventariada;;9;11;2;;;2;1;1;;;1;998
3;3;10;46;46250;;3;2;No inventariada;;9;10;2;;;1;1;1;;;1;998
4;5;6;46;46250;;3;2;No inventariada;;9;4;2;;;1;3;1;;;1;998
3;3;11;46;46250;;3;2;No inventariada;;9;1;2;;;1;1;1;;;1;998
4;5;8;46;46250;;3;2;No inventariada;;9;2;1;4;;1;1;1;;;1;998
4;5;10;46;46250;;3;2;No inventariada;;9;2;2;;;1;1;1;;;1;998
4;5;12;46;46250;;3;2;No inventariada;;9;10;2;;;1;1;1;;;1;998
3;3;13;46;46250;;3;2;No inventariada;;9;3;2;;;1;1;1;;;1;998
4;5;13;46;46250;;3;2;No inventariada;;9;7;2;;;1;1;1;;;1;998
3;3;18;46;46250;;3;2;No inventariada;;9;4;2;;;1;1;2;;;1;998
3;3;20;46;46250;;3;2;No inventariada;;9;10;2;;;1;3;3;;;1;998
3;3;21;46;46250;;3;2;No inventariada;;9;2;2;;;1;4;1;;;1;998
3;2;20;46;46250;;3;2;No inventariada;;9;7;2;;;1;3;1;;;1;998
3;3;13;46;46250;;3;2;No inventariada;;9;10;2;;;1;1;1;;;1;998
3;3;18;46;46250;;3;2;No inventariada;;9;10;2;;;1;1;1;;;1;998
3;4;10;46;46250;;3;2;No inventariada;;9;10;1;1;;8;1;1;;;1;998
3;4;12;46;46250;;3;2;No inventariada;;9;2;2;;;1;1;1;;;9;998
3;4;17;46;46250;;3;2;No inventariada;;9;10;1;2;;1;1;1;;;1;998
3;4;20;46;46250;;3;2;No inventariada;;9;2;2;;;1;4;1;;;1;998
3;4;22;46;46250;;3;2;No inventariada;;9;2;1;1;;1;3;1;;;1;998
3;5;13;46;46250;;3;2;No inventariada;;9;2;2;;;1;1;7;;;1;998
3;2;4;46;46250;;3;2;No inventariada;;9;10;2;;;1;4;1;;;1;998
3;3;20;46;46250;;3;2;No inventariada;;9;4;2;;;1;4;1;;;1;998
3;5;11;46;46250;;3;2;No inventariada;;9;10;2;;;1;1;1;;;1;998
3;5;16;46;46250;;3;2;No inventariada;;9;10;1;1;;1;1;1;;;1;998
3;5;17;46;46250;;3;2;No inventariada;;9;10;2;;;1;1;7;;;1;998
3;6;11;46;46250;;3;2;No inventariada;;9;20;2;;;1;1;1;;;1;998
3;6;13;46;46250;;3;2;No inventariada;;9;2;1;2;;1;1;1;;;1;998
4;6;12;46;46250;;1;1;CAMI PALMA;1;10;15;2;;;1;1;1;;;18;2
4;6;0;46;46250;;3;2;No inventariada;;9;7;1;2;;1;4;1;;;1;998
4;6;23;46;46250;;3;2;No inventariada;;9;2;1;2;;1;4;1;;;1;998
3;1;7;46;46250;;3;2;No inventariada;;9;10;2;;;3;1;3;;;1;998
4;7;11;46;46250;;1;1;CV-400;1,47;5;2;2;;;1;1;2;;;18;1
3;1;9;46;46250;;3;2;No inventariada;;9;7;1;1;;3;1;3;1;;1;998
3;1;13;46;46250;;3;2;No inventariada;;9;10;1;1;;1;1;3;;;1;998
3;1;14;46;46250;;3;2;No inventariada;;9;4;1;2;;1;1;1;;;1;998
1;1;16;46;46250;;3;2;No inventariada;;9;7;2;;;1;1;1;;;1;998
4;6;2;46;46250;;3;2;No inventariada;;9;4;2;;;1;4;1;;;1;998
3;1;22;46;46250;;3;2;No inventariada;;9;20;1;2;;1;4;1;;;1;998
3;4;8;46;46250;;3;2;No inventariada;;9;6;2;;;1;1;2;;;1;998
4;1;16;46;46250;;3;2;No inventariada;;9;2;1;2;;1;1;1;;;1;998
1;3;8;46;46250;;3;2;No inventariada;;9;2;1;1;;1;1;1;;;1;998
1;7;12;46;46250;;3;2;No inventariada;;9;10;2;;;1;1;1;;;1;998
1;2;7;46;46250;;3;2;No inventariada;;9;2;1;1;;1;3;1;;;1;998
1;6;21;46;46250;;3;2;No inventariada;;9;4;2;;;1;1;1;;;1;998
4;7;23;46;46250;;3;2;No inventariada;;9;6;2;;;1;4;1;;;1;998
4;3;16;46;46250;;3;2;No inventariada;;9;2;1;2;;1;1;1;;;1;998
1;5;12;46;46250;;3;2;No inventariada;;9;7;2;;;1;1;1;;;1;998
1;1;12;46;46250;;3;2;No inventariada;;9;3;2;;;1;4;1;;;1;998
1;2;8;46;46250;;3;2;No inventariada;;9;2;2;;;1;1;7;;;1;998
1;5;12;46;46250;;3;2;No inventariada;;9;4;2;;;1;1;1;;;1;998
2;1;18;46;46250;;3;2;No inventariada;;9;2;2;;;1;2;1;;;1;998
2;4;20;46;46250;;3;2;No inventariada;;9;2;2;;;1;3;1;;;1;998
2;7;4;46;46250;;3;2;No inventariada;;9;10;2;;;1;4;1;;;18;998
2;5;10;46;46250;;3;2;No inventariada;;9;10;2;;;3;1;3;;;1;998
2;6;23;46;46250;;3;2;No inventariada;;9;2;2;;;1;4;7;;;18;998
2;7;14;46;46250;;3;2;No inventariada;;9;1;2;;;1;1;1;;;18;998
2;5;13;46;46250;;3;2;No inventariada;;9;2;1;2;;3;1;2;;;1;998
4;5;11;46;46250;;3;2;No inventariada;;9;7;1;1;;1;1;1;;;1;998
1;3;14;46;46250;;3;2;No inventariada;;9;2;1;2;;1;1;1;;;1;998
5;1;7;46;46250;;3;2;No inventariada;;9;10;2;;;1;3;1;;;1;998
5;1;15;46;46250;;3;2;No inventariada;;9;2;1;1;;1;1;1;;;1;998
4;3;13;46;46250;;3;2;No inventariada;;9;2;1;1;;1;1;1;;;1;998
4;2;14;46;46250;;3;2;No inventariada;;9;2;1;1;;1;1;1;;;1;998
1;3;10;46;46250;;3;2;No inventariada;;9;2;1;2;;1;1;2;;;1;998
4;3;17;46;46250;;3;2;No inventariada;;9;4;1;2;;1;4;1;;;1;998
1;5;11;46;46250;;3;2;No inventariada;;9;4;2;;;1;1;3;;;1;998
1;3;18;46;46250;;3;2;No inventariada;;9;10;1;2;;1;1;1;;;1;998
1;3;19;46;46250;;3;2;No inventariada;;9;2;1;2;;1;3;1;;;1;998
1;3;20;46;46250;;3;2;No inventariada;;9;2;1;2;;1;4;1;;;1;998
1;4;14;46;46250;;3;2;No inventariada;;9;2;1;2;;1;1;1;;;9;998
1;4;10;46;46250;;3;2;No inventariada;;9;10;2;;;1;1;1;;;1;998
1;4;13;46;46250;;3;2;No inventariada;;9;10;2;;;1;1;1;;;1;998
1;6;11;46;46250;;3;2;No inventariada;;9;10;1;2;;1;1;1;;;1;998
1;6;12;46;46250;;3;2;No inventariada;;9;2;2;;;1;1;2;;;1;998
2;4;14;46;46250;;3;2;No inventariada;;9;2;2;;;1;1;1;;;1;998
2;4;12;46;46250;;3;2;No inventariada;;9;7;1;2;;1;1;1;;;1;998
2;3;14;46;46250;;3;2;No inventariada;;9;2;1;2;;1;3;2;;;1;998
2;2;21;46;46250;;3;2;No inventariada;;9;10;2;;;1;4;1;;;1;998
2;2;23;46;46250;;3;2;No inventariada;;9;6;1;1;;1;4;1;;;1;998
2;2;8;46;46250;;3;2;No inventariada;;9;4;2;;;1;1;1;;;1;998
2;2;17;46;46250;;3;2;No inventariada;;9;2;1;2;;1;1;1;;;1;998
2;5;4;46;46250;;3;2;No inventariada;;9;10;1;2;;3;4;3;;;1;998
2;3;14;46;46250;;3;2;No inventariada;;9;4;2;;;1;1;1;;;1;998
2;2;14;46;46250;;3;2;No inventariada;;9;3;1;2;;1;1;1;;;1;998
2;3;18;46;46250;;3;2;No inventariada;;9;1;2;;;1;1;1;;;1;998
2;2;8;46;46250;;3;2;No inventariada;;9;10;1;2;;1;1;1;;;1;998
2;5;13;46;46250;;3;2;No inventariada;;9;2;1;2;;1;1;1;;;1;998
3;5;23;46;46250;;3;2;No inventariada;;9;10;2;;;1;4;1;;;1;998
3;6;10;46;46250;;3;2;No inventariada;;9;2;1;2;;1;1;1;;;1;998
3;1;17;46;46250;;3;2;No inventariada;;9;2;1;2;;1;1;1;;;1;998
3;2;8;46;46250;;3;2;No inventariada;;9;3;2;;;1;1;1;;;1;998
3;2;9;46;46250;;3;2;No inventariada;;9;3;1;4;;1;1;1;;;1;998
3;3;3;46;46250;;3;2;No inventariada;;9;10;2;;;1;4;1;;;1;998
3;3;7;46;46250;;3;2;No inventariada;;9;3;2;;;1;1;1;;;1;998
3;3;8;46;46250;;3;2;No inventariada;;9;7;1;2;;1;1;1;;;1;998
4;5;7;46;46250;;3;2;No inventariada;;9;2;2;;;1;1;1;;;1;998
3;2;9;46;46250;;3;2;No inventariada;;9;10;2;;;1;1;1;;;1;998
4;3;7;46;46250;;3;2;No inventariada;;9;2;1;2;;1;1;1;;;1;998
3;2;8;46;46250;;3;2;No inventariada;;9;4;2;;;1;1;1;;;1;998
3;6;6;46;46250;;3;2;No inventariada;;9;2;1;2;;1;3;1;;;1;998
3;2;18;46;46250;;3;2;No inventariada;;9;2;1;2;;1;2;1;;;1;998
3;2;16;46;46250;;3;2;No inventariada;;9;4;2;;;1;1;1;;;1;998
3;4;8;46;46250;;3;2;No inventariada;;9;10;2;;;1;1;1;;;1;998
3;3;12;46;46250;;3;2;No inventariada;;9;7;2;;;1;1;1;;;1;998
3;3;15;46;46250;;3;2;No inventariada;;9;2;1;5;;1;1;1;;;1;998
3;2;17;46;46250;;3;2;No inventariada;;9;2;1;2;;1;2;1;;;1;998
3;3;15;46;46250;;3;2;No inventariada;;9;2;1;2;;1;1;1;;;1;998
3;3;17;46;46250;;3;2;No inventariada;;9;7;1;2;;1;1;1;;;1;998
3;4;11;46;46250;;3;2;No inventariada;;9;10;1;2;;1;1;1;;;1;998
3;4;9;46;46250;;3;2;No inventariada;;9;3;2;;;1;1;1;;;1;998
3;4;14;46;46250;;3;2;No inventariada;;9;7;2;;;1;1;1;;;1;998
3;2;13;46;46250;;3;2;No inventariada;;9;4;2;;;1;1;1;;;1;998
3;4;15;46;46250;;3;2;No inventariada;;9;10;2;;;1;1;1;;;1;998
3;3;13;46;46250;;3;2;No inventariada;;9;10;2;;;1;1;1;;;1;998
3;4;14;46;46250;;3;2;No inventariada;;9;10;2;;;1;1;2;;;1;998
3;4;18;46;46250;;3;2;No inventariada;;9;7;1;2;;1;1;2;;;1;998
3;4;14;46;46250;;3;2;No inventariada;;9;7;1;2;;1;1;1;;;1;998
3;3;17;46;46250;;3;2;No inventariada;;9;2;2;;;1;1;1;;;1;998
3;3;15;46;46250;;3;2;No inventariada;;9;3;2;;;1;1;1;;;1;998
3;3;18;46;46250;;3;2;No inventariada;;9;7;2;;;1;1;1;;;1;998
4;3;19;46;46250;;3;2;No inventariada;;9;10;2;;;1;1;1;;;1;998
3;3;18;46;46250;;3;2;No inventariada;;9;4;2;;;1;1;1;;;1;998
3;3;20;46;46250;;3;2;No inventariada;;9;2;1;2;;1;3;1;;;1;998
3;3;22;46;46250;;3;2;No inventariada;;9;10;2;;;1;3;1;;;1;998
3;5;13;46;46250;;3;2;No inventariada;;9;4;2;;;1;1;1;;;1;998
3;5;11;46;46250;;3;2;No inventariada;;9;3;2;;;1;1;1;;;1;998
3;5;10;46;46250;;3;2;No inventariada;;9;4;2;;;1;1;1;;;1;998
3;4;9;46;46250;;3;2;No inventariada;;9;3;1;2;;1;1;2;;;1;998
3;4;15;46;46250;;3;2;No inventariada;;9;2;2;;;1;3;1;;;1;998
5;4;8;46;46250;;1;1;V-30;6,308;3;4;2;;;1;1;1;;;18;1
3;4;18;46;46250;;3;2;No inventariada;;9;2;1;2;;1;2;1;;;1;998
3;5;14;46;46250;;3;2;No inventariada;;9;3;2;;;1;1;1;;;1;998
3;5;11;46;46250;;3;2;No inventariada;;9;2;2;;;1;1;7;;;1;998
3;5;21;46;46250;;3;2;No inventariada;;9;2;2;;;1;4;1;;;1;998
3;5;22;46;46250;;3;2;No inventariada;;9;3;2;;;1;4;1;;;1;998
3;4;13;46;46250;;3;2;No inventariada;;9;3;2;;;1;1;1;;;1;998
3;1;17;46;46250;;3;2;No inventariada;;9;2;1;2;;1;2;1;;;1;998
3;1;11;46;46250;;3;2;No inventariada;;9;3;1;2;;1;1;1;;;1;998
3;4;9;46;46250;;3;2;No inventariada;;9;7;1;1;;1;1;1;;;1;998
3;6;14;46;46250;;3;2;No inventariada;;9;2;1;1;;1;1;1;;;1;998
3;1;15;46;46250;;3;2;No inventariada;;9;4;2;;;3;2;3;;;1;998
2;5;15;46;46250;;3;2;No inventariada;;9;1;1;2;;1;1;1;;;1;998
3;4;19;46;46250;;3;2;No inventariada;;9;7;1;2;;1;4;2;;;1;998
2;2;7;46;46250;;3;2;No inventariada;;9;10;2;;;1;1;1;;;1;998
3;5;14;46;46250;;3;2;No inventariada;;9;2;2;;;1;1;1;;;1;998
3;1;19;46;46250;;3;2;No inventariada;;9;3;1;2;;3;4;3;;;1;998
3;7;22;46;46250;;3;2;No inventariada;;9;10;1;1;;3;4;3;;;1;998
3;1;20;46;46250;;3;2;No inventariada;;9;4;2;;;3;4;3;;;1;998
3;5;11;46;46250;;3;2;No inventariada;;9;20;2;;;1;1;1;;;1;998
3;2;8;46;46250;;3;2;No inventariada;;9;10;2;;;1;1;1;;;1;998
3;2;10;46;46250;;3;2;No inventariada;;9;10;2;;;1;1;1;;;1;998
3;3;8;46;46250;;3;2;No inventariada;;9;3;2;;;1;1;1;;;1;998
3;1;18;46;46250;;3;2;No inventariada;;9;2;2;;;1;4;1;;;1;998
3;2;15;46;46250;;3;2;No inventariada;;9;4;2;;;1;1;1;;;1;998
2;1;17;46;46250;;3;2;No inventariada;;9;6;2;;;1;1;1;;;1;998
3;2;15;46;46250;;3;2;No inventariada;;9;4;2;;;1;1;1;;;1;998
2;6;18;46;46250;;3;2;No inventariada;;9;1;2;;;1;1;1;;;1;998
2;7;15;46;46250;;3;2;No inventariada;;9;6;2;;;1;1;1;;;1;998
2;1;15;46;46250;;3;2;No inventariada;;9;2;2;;;1;1;1;;;1;998
2;2;17;46;46250;;3;2;No inventariada;;9;7;2;;;1;1;1;;;1;998
2;5;16;46;46250;;3;2;No inventariada;;9;10;2;;;4;1;3;;;17;998
2;5;13;46;46250;;3;2;No inventariada;;9;10;2;;;1;1;1;;;1;998
2;3;21;46;46250;;3;2;No inventariada;;9;10;2;;;1;4;1;;;1;998
2;3;7;46;46250;;3;2;No inventariada;;9;1;1;2;;1;4;1;;;1;998
3;3;23;46;46250;;3;2;No inventariada;;9;2;2;;;1;4;1;;;18;998
3;1;9;46;46250;;3;2;No inventariada;;9;4;2;;;1;1;1;;;1;998
3;1;20;46;46250;;3;2;No inventariada;;9;7;2;;;1;4;1;;;1;998
3;3;17;46;46250;;3;2;No inventariada;;9;2;2;;;1;1;1;;;1;998
4;2;0;46;46250;;3;2;No inventariada;;9;10;2;;;1;4;1;;;18;998
3;4;13;46;46250;;3;2;No inventariada;;9;2;2;;;1;1;1;;;1;998
3;6;20;46;46250;;3;2;No inventariada;;9;2;2;;;1;4;1;;;1;998
3;7;10;46;46250;;3;2;No inventariada;;9;2;2;;;1;1;1;;;1;998
3;6;6;46;46250;;3;2;No inventariada;;9;2;2;;;1;2;1;;;18;998
3;5;10;46;46250;;3;2;No inventariada;;9;7;2;;;1;1;2;;;1;998
3;4;17;46;46250;;3;2;No inventariada;;9;3;2;;;9;1;7;;;18;998
3;5;16;46;46250;;3;2;No inventariada;;9;2;2;;;1;1;1;;;1;998
5;5;14;46;46250;;1;1;V-30;4,876;3;3;2;;;1;1;1;;;18;1
3;7;14;46;46250;;3;2;No inventariada;;9;7;2;;;1;1;2;;;1;998
3;4;16;46;46250;;3;2;No inventariada;;9;2;1;1;;1;1;1;;;1;998
3;4;18;46;46250;;3;2;No inventariada;;9;2;1;2;;1;1;1;;;1;998
3;4;4;46;46250;;3;2;No inventariada;;9;2;1;1;;1;4;1;;;1;998
3;4;12;46;46250;;3;2;No inventariada;;9;10;2;;;1;1;1;;;1;998
3;7;3;46;46250;;3;2;No inventariada;;9;20;1;2;;1;4;1;;;1;998
5;4;17;46;46250;;3;2;No inventariada;;9;7;2;;;1;1;1;;;1;998
5;5;19;46;46250;;3;2;No inventariada;;9;7;2;;;1;1;1;;;17;998
5;3;17;46;46250;;3;2;No inventariada;;9;10;1;2;;1;1;1;;;1;998
3;7;9;46;46250;;3;2;No inventariada;;9;10;2;;;3;1;3;;;1;998
3;4;17;46;46250;;3;2;No inventariada;;9;20;2;;;1;1;1;;;1;998
4;2;7;46;46250;;3;2;No inventariada;;9;10;2;;;1;1;1;;;1;998
4;3;14;46;46250;;3;2;No inventariada;;9;3;1;4;;1;1;1;;;1;998
4;3;8;46;46250;;3;2;No inventariada;;9;7;2;;;1;1;1;;;1;998
4;2;12;46;46250;;3;2;No inventariada;;9;2;1;1;;1;1;1;;;1;998
4;3;20;46;46250;;3;2;No inventariada;;9;10;2;;;1;2;1;;;1;998
4;2;6;46;46250;;3;2;No inventariada;;9;2;1;1;;1;3;1;;;1;998
4;3;20;46;46250;;3;2;No inventariada;;9;2;2;;;1;3;1;;;1;998
4;3;6;46;46250;;3;2;No inventariada;;9;10;2;;;1;3;1;;;1;998
4;4;7;46;46250;;3;2;No inventariada;;9;10;1;2;;1;1;1;;;1;998
4;3;11;46;46250;;3;2;No inventariada;;9;2;1;1;;1;1;1;;;1;998
4;2;22;46;46250;;3;2;No inventariada;;9;2;1;1;;1;4;1;;;1;998
5;7;21;46;46250;;1;1;V-31;12,7;3;5;2;;;1;6;1;;;1;1
4;3;13;46;46250;;3;2;No inventariada;;9;3;2;;;1;1;1;;;1;998
4;3;19;46;46250;;3;2;No inventariada;;9;2;2;;;1;1;1;;;1;998
3;5;21;46;46250;;3;2;No inventariada;;9;10;2;;;1;3;1;;;1;998
3;1;22;46;46250;;3;2;No inventariada;;9;1;1;2;;3;4;3;;;1;998
4;3;17;46;46250;;3;2;No inventariada;;9;2;1;1;;1;1;1;;;1;998
3;6;16;46;46250;;3;2;No inventariada;;9;7;2;;;1;1;1;;;1;998
3;6;22;46;46250;;3;2;No inventariada;;9;2;1;2;;1;4;1;;;1;998
4;3;13;46;46250;;3;2;No inventariada;;9;3;2;;;1;1;1;;;1;998
4;3;15;46;46250;;3;2;No inventariada;;9;1;1;2;;1;1;1;;;1;998
4;3;14;46;46250;;3;2;No inventariada;;9;2;1;1;;1;1;1;;;1;998
4;3;21;46;46250;;3;2;No inventariada;;9;20;1;1;;1;3;1;;;17;998
4;7;22;46;46250;;3;2;No inventariada;;9;10;2;;;1;4;1;;;1;998
4;5;2;46;46250;;3;2;No inventariada;;9;7;1;4;;1;4;1;;;1;998
4;4;4;46;46250;;3;2;No inventariada;;9;10;1;2;;1;4;1;;;1;998
4;6;22;46;46250;;3;2;No inventariada;;9;4;2;;;1;4;1;;;1;998
4;4;8;46;46250;;3;2;No inventariada;;9;10;1;2;;8;1;1;;;1;998
4;4;21;46;46250;;3;2;No inventariada;;9;2;1;1;;1;4;1;;;1;998
4;4;12;46;46250;;3;2;No inventariada;;9;4;2;;;1;1;1;;;1;998
4;1;21;46;46250;;3;2;No inventariada;;9;10;2;;;1;4;1;;;1;998
4;6;10;46;46250;;3;2;No inventariada;;9;2;2;;;1;1;1;;;1;998
4;7;12;46;46250;;3;2;No inventariada;;9;10;1;2;;1;1;1;;;1;998
5;2;14;46;46250;;1;1;CV-500;8,381;6;18;2;;;1;1;1;;;1;1
3;4;16;46;46250;;3;2;No inventariada;;9;7;1;1;;1;1;1;;;1;998
3;4;13;46;46250;;3;2;No inventariada;;9;2;2;;;1;1;1;;;1;998
3;7;20;46;46250;;3;2;No inventariada;;9;10;2;;;1;1;1;;;1;998
3;4;13;46;46250;;3;2;No inventariada;;9;2;1;2;;1;1;1;;;1;998
1;4;14;46;46250;;3;2;No inventariada;;9;1;2;;;1;1;1;;;1;998
1;1;7;46;46250;;3;2;No inventariada;;9;15;2;;;1;2;1;;;1;998
4;3;12;46;46250;;3;2;No inventariada;;9;7;2;;;1;1;1;;;1;998
3;5;10;46;46250;;3;2;No inventariada;;9;7;1;2;;1;1;1;;;1;998
2;2;20;46;46250;;3;2;No inventariada;;9;7;2;;;1;3;1;;;1;998
4;7;15;46;46250;;3;2;No inventariada;;9;2;2;;;1;1;1;;;1;998
4;1;18;46;46250;;3;2;No inventariada;;9;2;2;;;1;1;1;;;1;998
4;4;17;46;46250;;3;2;No inventariada;;9;10;2;;;3;1;7;;;1;998
4;6;17;46;46250;;3;2;No inventariada;;9;2;2;;;1;1;1;;;1;998
4;6;19;46;46250;;3;2;No inventariada;;9;10;1;2;;1;1;2;;;1;998
4;1;17;46;46250;;3;2;No inventariada;;9;10;2;;;1;1;1;;;1;998
4;7;0;46;46250;;3;2;No inventariada;;9;10;1;1;;1;4;1;;;1;998
4;2;1;46;46250;;3;2;No inventariada;;9;10;2;;;1;1;1;;;1;998
4;7;4;46;46250;;3;2;No inventariada;;9;10;2;;;1;4;1;;;1;998
4;6;12;46;46250;;3;2;No inventariada;;9;3;1;1;;1;1;1;;;1;998
4;5;23;46;46250;;3;2;No inventariada;;9;1;2;;;1;4;1;;;1;998
5;4;19;46;46250;;3;2;No inventariada;;9;2;2;;;1;1;1;;;1;998
4;7;3;46;46250;;3;2;No inventariada;;9;6;2;;;1;4;1;;;1;998
4;1;19;46;46250;;3;2;No inventariada;;9;10;2;;;1;1;1;;;1;998
4;2;18;46;46250;;3;2;No inventariada;;9;3;2;;;1;1;1;;;1;998
4;2;15;46;46250;;3;2;No inventariada;;9;4;2;;;1;1;1;;;1;998
4;1;6;46;46250;;3;2;No inventariada;;9;2;1;1;;1;3;1;;;1;998
4;2;8;46;46250;;3;2;No inventariada;;9;7;2;;;1;1;1;;;1;998
4;2;7;46;46250;;3;2;No inventariada;;9;4;1;2;;1;1;1;;;1;998
4;6;18;46;46250;;3;2;No inventariada;;9;6;2;;;1;1;1;;;1;998
5;6;7;46;46250;;3;2;No inventariada;;9;6;2;;;1;1;1;;;1;998
5;5;19;46;46250;;3;2;No inventariada;;9;2;1;4;;1;1;1;;;1;998
4;2;16;46;46250;;3;2;No inventariada;;9;4;2;;;1;1;1;;;1;998
4;3;10;46;46250;;3;2;No inventariada;;9;10;1;2;;1;1;1;;;9;998
4;3;16;46;46250;;3;2;No inventariada;;9;4;1;1;;1;1;1;;;1;998
4;3;8;46;46250;;3;2;No inventariada;;9;2;1;2;;1;1;1;;;1;998
4;3;12;46;46250;;3;2;No inventariada;;9;10;2;;;7;1;1;;;1;998
4;2;21;46;46250;;3;2;No inventariada;;9;10;2;;;1;3;1;;;1;998
4;3;8;46;46250;;3;2;No inventariada;;9;7;1;2;;1;1;1;;;1;998
4;3;10;46;46250;;3;2;No inventariada;;9;20;2;;;1;1;1;;;1;998
4;4;0;46;46250;;3;2;No inventariada;;9;7;1;2;;1;4;1;;;1;998
4;2;14;46;46250;;3;2;No inventariada;;9;1;2;;;1;1;1;;;1;998
4;3;21;46;46250;;3;2;No inventariada;;9;20;1;2;;1;3;1;;;1;998
4;4;20;46;46250;;3;2;No inventariada;;9;2;2;;;1;1;1;;;1;998
4;4;20;46;46250;;3;2;No inventariada;;9;6;1;2;;8;1;1;;;1;998
4;4;15;46;46250;;3;2;No inventariada;;9;2;2;;;1;1;1;;;1;998
5;1;13;46;46250;;1;1;CV-36;0,6;3;4;2;;;1;1;1;;;1;1
5;5;19;46;46250;;3;2;No inventariada;;9;2;1;2;;1;1;1;;;1;998
4;3;16;46;46250;;3;2;No inventariada;;9;4;2;;;1;1;1;;;1;998
4;4;9;46;46250;;3;2;No inventariada;;9;10;2;;;1;1;1;;;1;998
5;2;16;46;46250;;1;1;V-31;12,9;3;4;2;;;1;1;1;;;18;1
5;6;22;46;46250;;3;2;No inventariada;;9;7;1;4;;1;4;1;;;1;998
4;4;13;46;46250;;3;2;No inventariada;;9;2;1;2;;1;1;1;;;1;998
5;2;16;46;46250;;1;1;CV-30;3;8;1;2;;;1;1;1;;;1;2
4;1;23;46;46250;;3;2;No inventariada;;9;10;2;;;1;4;1;;;1;998
5;1;12;46;46250;;3;2;No inventariada;;9;7;1;2;;1;1;1;;;1;998