MES;DIA_SEMANA;HORA;COD_PROVINCIA;COD_MUNICIPIO;ISLA;ZONA;ZONA_AGRUPADA;CARRETERA;KM;TIPO_VIA;TIPO_ACCIDENTE;NUDO;NUDO_INFO;CARRETERA_CRUCE;CONDICION_FIRME;CONDICION_ILUMINACION;CONDICION_METEO;CONDICION_NIEBLA;CONDICION_VIENTO;VISIB_RESTRINGIDA_POR;TRAZADO_PLANTA
4;1;21;46;46250;;3;2;No inventariada;;9;3;2;;;1;4;1;;;1;998
4;4;21;46;46250;;3;2;No inventariada;;9;10;2;;;1;4;1;;;1;998
4;5;11;46;46250;;3;2;No inventariada;;9;4;1;2;;1;1;1;;;1;998
4;5;14;46;46250;;3;2;No inventariada;;9;7;2;;;1;1;1;;;1;998
4;5;9;46;46250;;3;2;No inventariada;;9;3;2;;;1;1;1;;;1;998
5;3;16;46;46250;;1;1;V-30;6,2;3;10;2;;;1;1;1;;;1;1
4;3;12;46;46250;;3;2;No inventariada;;9;7;2;;;1;1;1;;;1;998
4;6;22;46;46250;;3;2;No inventariada;;9;20;1;1;;1;4;1;;;1;998
4;5;12;46;46250;;3;2;No inventariada;;9;3;2;;;1;1;1;;;1;998
4;5;14;46;46250;;3;2;No inventariada;;9;7;2;;;1;1;1;;;1;998
4;6;19;46;46250;;3;2;No inventariada;;9;2;1;1;;1;1;1;;;1;998
4;5;13;46;46250;;3;2;No inventariada;;9;7;2;;;1;1;1;;;1;998
4;4;11;46;46250;;3;2;No inventariada;;9;20;2;;;1;1;1;;;1;998
5;2;16;46;46250;;3;2;No inventariada;;9;4;2;;;1;1;1;;;1;998
5;4;8;46;46250;;3;2;No inventariada;;9;2;1;2;;1;1;1;;;1;998
4;2;17;46;46250;;3;2;No inventariada;;9;3;2;;;1;1;1;;;1;998
4;7;19;46;46250;;3;2;No inventariada;;9;4;2;;;1;1;1;;;1;998
4;5;18;46;46250;;3;2;No inventariada;;9;4;2;;;1;1;1;;;1;998
4;4;10;46;46250;;3;2;No inventariada;;9;10;2;;;1;1;1;;;1;998
4;4;7;46;46250;;3;2;No inventariada;;9;1;2;;;1;1;1;;;1;998
4;5;12;46;46250;;3;2;No inventariada;;9;2;2;;;1;1;1;;;1;998
4;6;18;46;46250;;3;2;No inventariada;;9;7;2;;;1;1;1;;;1;998
4;6;16;46;46250;;3;2;No inventariada;;9;4;2;;;1;1;1;;;1;998
4;3;16;46;46250;;3;2;No inventariada;;9;3;1;2;;1;1;1;;;1;998
4;5;13;46;46250;;3;2;No inventariada;;9;7;2;;;1;1;1;;;1;998
4;5;15;46;46250;;3;2;No inventariada;;9;20;2;;;1;1;1;;;1;998
4;7;18;46;46250;;3;2;No inventariada;;9;7;2;;;1;1;1;;;1;998
4;5;9;46;46250;;3;2;No inventariada;;9;6;1;1;;1;1;1;;;6;998
4;1;9;46;46250;;3;2;No inventariada;;9;7;2;;;1;1;1;;;1;998
5;4;21;46;46250;;3;2;No inventariada;;9;3;2;;;1;3;1;;;1;998
5;5;15;46;46250;;1;1;CV-36;1,218;3;4;2;;;1;1;1;;;1;1
4;1;13;46;46250;;3;2;No inventariada;;9;2;1;2;;1;1;1;;;9;998
4;3;17;46;46250;;3;2;No inventariada;;9;2;1;2;;1;1;1;;;1;998
5;5;16;46;46250;;3;2;No inventariada;;9;2;1;1;;1;1;1;;;1;998
5;5;17;46;46250;;3;2;No inventariada;;9;2;2;;;1;1;1;;;1;998
5;7;14;46;46250;;1;1;V-30;0,876;3;4;2;;;1;1;1;;;18;1
4;5;20;46;46250;;3;2;No inventariada;;14;7;2;;;1;2;1;;;6;998
5;4;8;46;46250;;3;2;No inventariada;;9;10;1;1;;2;1;1;;;1;998
5;1;12;46;46250;;1;1;V-30;4,751;3;2;2;;;1;1;2;;;1;1
5;6;17;46;46250;;3;2;No inventariada;;9;2;2;;;1;1;1;;;1;998
4;1;7;46;46250;;3;2;No inventariada;;9;2;1;2;;1;1;1;;;1;998
4;1;9;46;46250;;3;2;No inventariada;;9;2;1;2;;1;1;1;;;1;998
4;2;8;46;46250;;3;2;No inventariada;;9;2;1;2;;1;1;1;;;1;998
5;3;8;46;46250;;3;2;No inventariada;;9;2;1;1;;1;1;1;;;1;998
5;5;8;46;46250;;3;2;No inventariada;;9;7;1;2;;1;1;1;;;1;998
5;7;15;46;46250;;3;2;No inventariada;;9;7;1;1;;1;1;1;;;1;998
5;7;11;46;46250;;3;2;No inventariada;;9;10;2;;;1;1;1;;;1;998
6;6;11;46;46250;;1;1;CV-407;2,817;6;2;1;4;CV-400;1;1;1;;;1;2
6;6;22;46;46250;;1;1;V-30;2,8;3;4;1;12;V-31;1;6;1;;;1;1
5;6;12;46;46250;;3;2;No inventariada;;9;2;1;2;;1;1;1;;;1;998
6;5;6;46;46250;;1;1;CV-36;0,5;3;4;2;;;1;1;1;;;18;1
6;1;16;46;46250;;3;2;No inventariada;;9;7;1;1;;1;1;1;;;1;998
6;2;10;46;46250;;3;2;No inventariada;;9;7;2;;;1;1;1;;;1;998
6;1;23;46;46250;;3;2;No inventariada;;9;2;1;2;;1;1;1;;;1;998
4;1;21;46;46250;;3;2;No inventariada;;9;2;1;2;;1;4;1;;;1;998
4;2;9;46;46250;;3;2;No inventariada;;9;10;2;;;1;1;1;;;1;998
4;2;12;46;46250;;3;2;No inventariada;;9;2;2;;;1;1;1;;;1;998
4;1;15;46;46250;;3;2;No inventariada;;9;3;2;;;1;1;1;;;1;998
5;2;8;46;46250;;3;2;No inventariada;;9;7;2;;;1;1;1;;;9;998
6;1;18;46;46250;;1;1;CV-36;0,3;3;4;2;;;3;5;3;;;1;1
6;1;18;46;46250;;3;2;No inventariada;;9;16;2;;;3;1;3;;;1;998
6;2;11;46;46250;;1;1;V-30;6,8;3;10;2;;;3;1;3;;;5;1
6;2;12;46;46250;;1;1;V-30;5,11;3;2;1;2;CV-400;3;1;3;;;1;1
4;7;21;46;46250;;3;2;No inventariada;;9;2;2;;;1;3;1;;;1;998
4;5;17;46;46250;;3;2;No inventariada;;9;2;1;4;;1;1;1;;;1;998
4;4;18;46;46250;;3;2;No inventariada;;9;10;1;2;;1;1;1;;;1;998
4;1;17;46;46250;;3;2;No inventariada;;9;2;1;4;;1;1;1;;;1;998
5;4;7;46;46250;;3;2;No inventariada;;9;7;1;2;;1;1;1;;;1;998
4;5;18;46;46250;;3;2;No inventariada;;9;2;1;2;;1;1;1;;;1;998
4;2;8;46;46250;;3;2;No inventariada;;9;10;2;;;1;1;1;;;1;998
4;2;8;46;46250;;3;2;No inventariada;;9;10;1;1;;1;1;1;;;1;998
4;3;15;46;46250;;3;2;No inventariada;;9;10;1;2;;1;1;1;;;1;998
4;3;14;46;46250;;3;2;No inventariada;;9;7;1;1;;1;1;1;;;18;998
4;3;14;46;46250;;3;2;No inventariada;;9;2;1;1;;1;1;1;;;1;998
4;3;20;46;46250;;3;2;No inventariada;;9;10;1;1;;1;1;1;;;1;998
4;3;20;46;46250;;3;2;No inventariada;;9;4;2;;;1;1;1;;;1;998
6;6;18;46;46250;;3;2;No inventariada;;9;4;2;;;1;1;1;;;1;998
5;7;21;46;46250;;3;2;No inventariada;;9;19;1;4;;1;3;1;;;1;998
4;3;20;46;46250;;3;2;No inventariada;;9;6;1;2;;1;1;1;;;1;998
4;4;7;46;46250;;3;2;No inventariada;;9;1;2;;;1;1;1;;;3;998
4;4;7;46;46250;;3;2;No inventariada;;9;1;2;;;1;1;1;;;3;998
4;4;8;46;46250;;3;2;No inventariada;;9;3;1;4;;1;1;1;;;1;998
4;4;9;46;46250;;3;2;No inventariada;;9;11;1;2;;1;1;1;;;1;998
4;4;13;46;46250;;3;2;No inventariada;;9;20;2;;;1;1;1;;;1;998
4;4;10;46;46250;;3;2;No inventariada;;9;2;1;2;;1;1;1;;;1;998
4;4;13;46;46250;;3;2;No inventariada;;9;4;2;;;1;1;1;;;1;998
4;4;15;46;46250;;3;2;No inventariada;;9;4;2;;;1;1;1;;;1;998
4;4;17;46;46250;;3;2;No inventariada;;9;7;2;;;1;1;1;;;1;998
4;4;18;46;46250;;3;2;No inventariada;;9;2;1;2;;1;1;1;;;1;998
4;4;20;46;46250;;3;2;No inventariada;;9;7;2;;;1;2;1;;;6;998
4;4;21;46;46250;;3;2;No inventariada;;9;19;2;;;1;4;1;;;1;998
4;6;5;46;46250;;3;2;No inventariada;;9;6;2;;;1;3;1;;;1;998
4;5;17;46;46250;;3;2;No inventariada;;9;1;1;2;;1;1;1;;;1;998
4;6;10;46;46250;;3;2;No inventariada;;9;10;1;4;;1;1;1;;;1;998
4;5;10;46;46250;;3;2;No inventariada;;9;2;2;;;1;1;1;;;1;998
4;5;19;46;46250;;3;2;No inventariada;;9;10;2;;;1;1;1;;;1;998
4;6;19;46;46250;;3;2;No inventariada;;9;7;2;;;1;1;1;;;1;998
4;6;11;46;46250;;3;2;No inventariada;;9;7;1;2;;1;1;1;;;1;998
4;5;6;46;46250;;3;2;No inventariada;;9;3;2;;;1;4;1;;;1;998
4;6;21;46;46250;;3;2;No inventariada;;9;2;2;;;1;3;1;;;1;998
4;1;9;46;46250;;3;2;No inventariada;;9;3;2;;;1;1;1;;;1;998
4;5;7;46;46250;;3;2;No inventariada;;9;19;2;;;1;1;1;;;1;998
4;5;20;46;46250;;3;2;No inventariada;;9;10;2;;;3;1;1;;;1;998
4;6;0;46;46250;;3;2;No inventariada;;9;10;2;;;1;1;1;;;1;998
4;6;11;46;46250;;3;2;No inventariada;;9;2;1;1;;1;1;1;;;1;998
4;7;0;46;46250;;3;2;No inventariada;;9;2;1;1;;1;3;1;;;1;998
4;6;3;46;46250;;3;2;No inventariada;;9;2;1;2;;1;4;1;;;1;998
4;7;22;46;46250;;3;2;No inventariada;;9;2;2;;;1;4;1;;;1;998
4;6;18;46;46250;;3;2;No inventariada;;9;7;2;;;1;1;1;;;1;998
4;7;16;46;46250;;3;2;No inventariada;;9;10;2;;;1;1;1;;;1;998
4;7;17;46;46250;;3;2;No inventariada;;9;10;2;;;1;1;1;;;1;998
4;1;13;46;46250;;3;2;No inventariada;;9;2;1;4;;1;1;1;;;1;998
4;1;18;46;46250;;3;2;No inventariada;;9;2;2;;;1;1;1;;;1;998
4;1;19;46;46250;;3;2;No inventariada;;9;2;1;2;;1;1;2;;;1;998
4;1;20;46;46250;;3;2;No inventariada;;9;7;2;;;1;1;1;;;1;998
4;2;7;46;46250;;3;2;No inventariada;;9;10;2;;;1;1;1;;;1;998
4;2;8;46;46250;;3;2;No inventariada;;9;2;1;1;;1;1;1;;;1;998
4;2;10;46;46250;;3;2;No inventariada;;9;10;1;1;;1;1;1;;;1;998
4;2;12;46;46250;;3;2;No inventariada;;9;7;2;;;1;1;1;;;1;998
4;2;14;46;46250;;3;2;No inventariada;;9;7;2;;;1;1;1;;;1;998
4;2;16;46;46250;;3;2;No inventariada;;9;7;1;2;;1;1;1;;;1;998
4;2;16;46;46250;;3;2;No inventariada;;9;4;2;;;1;1;1;;;1;998
4;2;20;46;46250;;3;2;No inventariada;;9;2;1;2;;1;5;1;;;1;998
4;5;9;46;46250;;3;2;No inventariada;;9;10;1;4;;1;1;1;;;1;998
4;4;21;46;46250;;3;2;No inventariada;;9;2;2;;;1;4;1;;;1;998
4;4;18;46;46250;;3;2;No inventariada;;9;10;2;;;1;1;1;;;1;998
4;4;17;46;46250;;3;2;No inventariada;;9;2;2;;;1;1;1;;;1;998
4;4;16;46;46250;;3;2;No inventariada;;9;10;2;;;1;1;1;;;1;998
4;4;10;46;46250;;3;2;No inventariada;;9;10;2;;;1;1;1;;;1;998
4;4;8;46;46250;;3;2;No inventariada;;9;4;1;4;;1;1;1;;;1;998
4;3;7;46;46250;;3;2;No inventariada;;9;2;2;;;1;1;1;;;1;998
4;3;8;46;46250;;3;2;No inventariada;;9;7;1;2;;1;1;1;;;1;998
4;3;12;46;46250;;3;2;No inventariada;;9;7;2;;;1;1;1;;;1;998
4;3;17;46;46250;;3;2;No inventariada;;9;10;1;2;;1;1;1;;;1;998
4;3;18;46;46250;;3;2;No inventariada;;9;2;2;;;1;1;1;;;1;998
4;5;9;46;46250;;3;2;No inventariada;;9;2;2;;;1;1;1;;;1;998
6;4;19;46;46110;;1;1;A-3;351,97;3;2;2;;;1;1;1;;;18;1
4;5;12;46;46250;;3;2;No inventariada;;9;2;2;;;1;1;1;;;1;998
4;5;15;46;46250;;3;2;No inventariada;;9;3;2;;;1;1;1;;;1;998
4;5;17;46;46250;;3;2;No inventariada;;9;1;2;;;1;1;1;;;1;998
4;6;1;46;46250;;3;2;No inventariada;;9;2;2;;;1;4;1;;;1;998
4;6;15;46;46250;;3;2;No inventariada;;9;7;2;;;1;1;1;;;1;998
4;6;16;46;46250;;3;2;No inventariada;;9;4;2;;;1;3;2;;;1;998
4;5;17;46;46250;;3;2;No inventariada;;9;4;1;5;;1;1;1;;;1;998
4;6;16;46;46250;;3;2;No inventariada;;9;6;2;;;1;4;2;;;1;998
4;5;22;46;46250;;3;2;No inventariada;;9;2;1;1;;1;4;1;;;1;998
4;6;17;46;46250;;3;2;No inventariada;;9;10;2;;;1;1;1;;;1;998
4;6;18;46;46250;;3;2;No inventariada;;9;3;2;;;1;1;1;;;1;998
4;6;19;46;46250;;3;2;No inventariada;;9;2;2;;;1;2;1;;;1;998
4;5;13;46;46250;;3;2;No inventariada;;9;2;1;2;;1;1;1;;;1;998
4;6;20;46;46250;;3;2;No inventariada;;9;4;2;;;1;3;1;;;1;998
4;6;21;46;46250;;3;2;No inventariada;;9;7;2;;;1;4;1;;;1;998
4;7;4;46;46250;;3;2;No inventariada;;9;10;2;;;1;3;1;;;1;998
4;7;10;46;46250;;3;2;No inventariada;;9;7;2;;;1;1;1;;;1;998
4;3;12;46;46250;;3;2;No inventariada;;9;6;1;1;;1;1;1;;;1;998
4;4;17;46;46250;;3;2;No inventariada;;9;4;2;;;1;1;1;;;1;998
4;1;8;46;46250;;3;2;No inventariada;;9;20;2;;;1;1;1;;;1;998
4;7;11;46;46250;;3;2;No inventariada;;9;4;2;;;1;1;1;;;1;998
4;7;19;46;46250;;3;2;No inventariada;;9;3;1;4;;1;3;1;;;1;998
4;1;7;46;46250;;3;2;No inventariada;;9;10;1;4;;3;1;3;;;1;998
4;1;10;46;46250;;3;2;No inventariada;;9;3;2;;;1;1;1;;;1;998
4;2;10;46;46250;;3;2;No inventariada;;9;2;1;2;;1;1;1;;;1;998
4;1;14;46;46250;;3;2;No inventariada;;9;20;2;;;3;1;3;;;1;998
4;2;12;46;46250;;3;2;No inventariada;;9;2;1;2;;1;1;1;;;1;998
4;1;11;46;46250;;3;2;No inventariada;;9;7;2;;;1;1;1;;;1;998
4;2;5;46;46250;;3;2;No inventariada;;9;2;1;2;;1;3;1;;;1;998
4;1;11;46;46250;;3;2;No inventariada;;9;6;2;;;3;1;3;;;1;998
4;2;12;46;46250;;3;2;No inventariada;;9;1;2;;;1;1;1;;;1;998
4;2;11;46;46250;;3;2;No inventariada;;9;10;1;2;;1;1;1;;;1;998
4;1;12;46;46250;;3;2;No inventariada;;9;10;2;;;3;1;4;;;1;998
4;2;21;46;46250;;3;2;No inventariada;;9;3;2;;;1;4;1;;;1;998
4;2;8;46;46250;;3;2;No inventariada;;9;3;2;;;1;1;1;;;1;998
4;2;14;46;46250;;3;2;No inventariada;;9;7;2;;;1;1;1;;;1;998
4;2;21;46;46250;;3;2;No inventariada;;9;10;1;4;;1;1;1;;;1;998
4;1;14;46;46250;;3;2;No inventariada;;9;5;2;;;3;1;3;;;1;998
4;2;18;46;46250;;3;2;No inventariada;;9;4;2;;;1;1;1;;;1;998
4;2;8;46;46250;;3;2;No inventariada;;9;2;1;2;;1;1;1;;;1;998
4;1;19;46;46250;;3;2;No inventariada;;9;2;1;2;;1;2;2;;;1;998
6;6;11;46;46250;;3;2;No inventariada;;9;4;1;1;;1;1;1;;;1;998
5;3;7;46;46250;;3;2;No inventariada;;9;1;2;;;1;1;1;;;3;998
5;3;10;46;46250;;3;2;No inventariada;;9;10;2;;;1;1;1;;;1;998
5;3;13;46;46250;;3;2;No inventariada;;9;1;2;;;1;1;2;;;1;998
5;4;9;46;46250;;3;2;No inventariada;;9;20;2;;;1;1;1;;;1;998
6;1;17;46;46250;;1;1;V-31;12,6;3;4;2;;;1;1;1;;;1;1
6;7;3;46;46250;;3;2;No inventariada;;9;12;1;1;;3;4;2;;;1;998
5;6;3;46;46250;;3;2;No inventariada;;9;3;2;;;1;4;1;;;1;998
5;5;21;46;46250;;3;2;No inventariada;;9;4;2;;;1;4;1;;;1;998
6;4;14;46;46250;;1;1;V-30;6;3;5;2;;;1;1;1;;;1;1
6;2;16;46;46250;;1;1;V-30;6,4;3;9;2;;;1;1;1;;;1;1
6;3;8;46;46250;;1;1;CV-30;3,026;3;3;1;12;CV-31;1;1;1;;;18;2
6;7;4;46;46250;;3;2;No inventariada;;9;2;1;2;;1;4;1;;;1;998
5;4;10;46;46250;;3;2;No inventariada;;9;2;1;2;;1;1;1;;;1;998
4;1;0;46;46250;;3;2;No inventariada;;9;7;2;;;1;4;1;;;1;998
6;5;0;46;46250;;3;2;No inventariada;;9;14;2;;;1;3;1;;;1;998
6;7;0;46;46250;;1;1;CV-500;11,362;6;1;2;;;1;6;1;;;18;1
6;7;11;46;46250;;1;1;V-30;1,1;3;4;2;;;1;1;1;;;1;1
6;1;1;46;46250;;3;2;No inventariada;;9;12;1;4;;1;4;1;;;1;998
6;7;0;46;46250;;3;2;No inventariada;;9;4;1;2;;3;4;3;;;1;998
5;5;4;46;46250;;3;2;No inventariada;;9;10;1;6;;1;4;1;;;1;998
6;4;20;46;46250;;1;1;V-30;4,8;3;4;1;2;CV-400;1;2;1;;;1;1
6;3;6;46;46250;;3;2;No inventariada;;9;20;1;4;;1;1;1;;;1;998
6;2;18;46;46250;;3;2;No inventariada;;9;4;1;2;;1;1;1;;;1;998
6;7;18;46;46250;;3;2;No inventariada;;9;2;1;4;;1;1;1;;;1;998
6;6;18;46;46250;;3;2;No inventariada;;9;4;1;2;;1;1;1;;;1;998
6;6;1;46;46250;;3;2;No inventariada;;9;10;1;1;;1;4;1;;;1;998
5;3;17;46;46250;;3;2;No inventariada;;9;2;1;2;;1;1;1;;;1;998
5;3;20;46;46250;;3;2;No inventariada;;9;10;2;;;1;1;1;;;1;998
5;4;9;46;46250;;3;2;No inventariada;;9;3;1;2;;1;1;1;;;1;998
5;6;23;46;46250;;3;2;No inventariada;;9;2;1;2;;1;3;1;;;1;998
5;1;20;46;46250;;3;2;No inventariada;;9;10;2;;;1;1;1;;;1;998
5;7;3;46;46250;;3;2;No inventariada;;9;12;2;;;1;3;1;;;1;998
5;7;12;46;46250;;3;2;No inventariada;;9;7;1;2;;1;1;1;;;1;998
5;2;12;46;46250;;3;2;No inventariada;;9;20;2;;;1;1;1;;;1;998
5;7;15;46;46250;;3;2;No inventariada;;9;10;1;2;;1;1;1;;;1;998
5;2;13;46;46250;;3;2;No inventariada;;9;2;1;1;;1;1;1;;;1;998
5;7;19;46;46250;;3;2;No inventariada;;9;2;2;;;1;1;1;;;1;998
5;4;9;46;46250;;3;2;No inventariada;;9;4;2;;;1;1;1;;;1;998
5;2;20;46;46250;;3;2;No inventariada;;9;7;2;;;1;1;1;;;1;998
5;4;10;46;46250;;3;2;No inventariada;;9;10;2;;;1;1;1;;;1;998
5;2;14;46;46250;;3;2;No inventariada;;9;4;2;;;1;1;1;;;1;998
5;1;11;46;46250;;3;2;No inventariada;;9;10;2;;;1;1;1;;;1;998
5;3;8;46;46250;;3;2;No inventariada;;9;1;2;;;1;1;1;;;1;998
5;4;10;46;46250;;3;2;No inventariada;;9;2;1;2;;1;1;1;;;1;998
5;2;14;46;46250;;3;2;No inventariada;;9;3;2;;;1;1;1;;;1;998
5;3;8;46;46250;;3;2;No inventariada;;9;2;1;1;;1;1;1;;;1;998
5;3;9;46;46250;;3;2;No inventariada;;9;10;2;;;1;1;1;;;1;998
5;3;9;46;46250;;3;2;No inventariada;;9;7;2;;;1;1;1;;;1;998
5;3;9;46;46250;;3;2;No inventariada;;9;4;2;;;1;1;1;;;1;998
5;2;14;46;46250;;3;2;No inventariada;;9;2;2;;;1;1;1;;;1;998
5;2;16;46;46250;;3;2;No inventariada;;9;7;2;;;1;1;1;;;1;998
5;2;17;46;46250;;3;2;No inventariada;;9;6;2;;;1;1;1;;;1;998
6;5;22;46;46250;;3;2;No inventariada;;9;4;2;;;9;4;7;;;18;998
5;4;13;46;46250;;3;2;No inventariada;;9;20;1;2;;1;1;1;;;1;998
5;4;23;46;46250;;3;2;No inventariada;;9;1;2;;;1;4;1;;;1;998
5;3;12;46;46250;;3;2;No inventariada;;9;7;2;;;1;1;1;;;1;998
5;4;13;46;46250;;3;2;No inventariada;;9;2;1;2;;1;1;1;;;1;998
5;3;13;46;46250;;3;2;No inventariada;;9;10;2;;;1;1;1;;;1;998
5;5;9;46;46250;;3;2;No inventariada;;9;10;2;;;1;1;1;;;1;998
5;4;13;46;46250;;3;2;No inventariada;;9;3;2;;;1;1;1;1;;1;998
5;3;16;46;46250;;3;2;No inventariada;;9;10;2;;;1;1;1;;;1;998
5;4;15;46;46250;;3;2;No inventariada;;9;10;2;;;1;1;1;;;1;998
5;5;9;46;46250;;3;2;No inventariada;;9;2;1;4;;1;1;1;;;1;998
5;3;19;46;46250;;3;2;No inventariada;;9;10;2;;;3;1;3;;;1;998
5;4;9;46;46250;;3;2;No inventariada;;9;3;2;;;1;1;1;;;1;998
5;5;16;46;46250;;3;2;No inventariada;;9;3;2;;;1;1;1;;;1;998
5;4;15;46;46250;;3;2;No inventariada;;9;4;1;4;;1;1;1;;;1;998
5;4;15;46;46250;;3;2;No inventariada;;9;3;2;;;1;1;1;;;1;998
5;5;18;46;46250;;3;2;No inventariada;;9;2;1;2;;1;1;1;;;1;998
5;3;20;46;46250;;3;2;No inventariada;;9;20;1;2;;1;2;1;;;1;998
5;4;17;46;46250;;3;2;No inventariada;;9;10;2;;;1;1;1;;;1;998
5;5;20;46;46250;;3;2;No inventariada;;9;10;2;;;1;1;1;;;1;998
5;4;12;46;46250;;3;2;No inventariada;;9;10;2;;;1;1;1;;;1;998
5;5;21;46;46250;;3;2;No inventariada;;9;7;2;;;1;4;1;;;1;998
5;4;17;46;46250;;3;2;No inventariada;;9;7;1;2;;1;1;1;;;1;998
5;4;7;46;46250;;3;2;No inventariada;;9;2;1;2;;1;1;1;;;1;998
5;4;19;46;46250;;3;2;No inventariada;;9;4;2;;;1;1;1;;;1;998
5;4;12;46;46250;;3;2;No inventariada;;9;6;2;;;1;1;1;;;1;998
5;4;7;46;46250;;3;2;No inventariada;;9;2;1;2;;1;1;1;;;1;998
5;4;12;46;46250;;3;2;No inventariada;;9;7;2;;;1;1;1;;;1;998
5;4;14;46;46250;;3;2;No inventariada;;9;3;2;;;1;1;1;;;1;998
5;4;15;46;46250;;3;2;No inventariada;;9;3;2;;;1;1;1;;;1;998
5;4;17;46;46250;;3;2;No inventariada;;9;3;2;;;1;1;1;;;1;998
5;4;17;46;46250;;3;2;No inventariada;;9;10;2;;;1;1;1;;;1;998
6;7;18;46;46250;;3;2;No inventariada;;9;7;1;2;;1;1;1;;;1;998
5;5;0;46;46250;;3;2;No inventariada;;9;3;1;2;;1;1;1;;;1;998
5;2;10;46;46250;;3;2;No inventariada;;9;10;1;2;;1;1;1;;;1;998
5;5;7;46;46250;;3;2;No inventariada;;9;2;1;2;;1;1;1;;;1;998
5;5;8;46;46250;;3;2;No inventariada;;9;2;1;4;;1;1;1;;;1;998
5;2;10;46;46250;;3;2;No inventariada;;9;2;1;1;;1;1;1;;;1;998
5;2;14;46;46250;;3;2;No inventariada;;9;10;1;1;;1;1;1;;;1;998
5;5;10;46;46250;;3;2;No inventariada;;9;10;2;;;1;1;1;;;1;998
5;5;12;46;46250;;3;2;No inventariada;;9;10;2;;;1;1;1;;;1;998
5;6;4;46;46250;;3;2;No inventariada;;9;4;2;;;1;3;1;;;1;998
5;5;14;46;46250;;3;2;No inventariada;;9;3;2;;;1;1;1;;;1;998
5;2;16;46;46250;;3;2;No inventariada;;9;2;1;2;;1;1;1;;;1;998
5;5;15;46;46250;;3;2;No inventariada;;9;7;2;;;1;1;1;;;1;998
5;7;16;46;46250;;3;2;No inventariada;;9;10;2;;;1;1;1;;;1;998
5;2;16;46;46250;;3;2;No inventariada;;9;7;2;;;1;1;1;;;1;998
5;5;16;46;46250;;3;2;No inventariada;;9;2;1;2;;1;1;1;;;1;998
5;2;17;46;46250;;3;2;No inventariada;;9;20;2;;;1;1;1;;;1;998
5;5;21;46;46250;;3;2;No inventariada;;9;4;1;2;;1;4;1;;;1;998
5;2;20;46;46250;;3;2;No inventariada;;9;10;1;2;;1;1;1;;;1;998
5;7;21;46;46250;;3;2;No inventariada;;9;3;2;;;1;1;1;;;1;998
5;3;13;46;46250;;3;2;No inventariada;;9;2;1;2;;1;1;1;;;1;998
5;6;12;46;46250;;3;2;No inventariada;;9;2;1;2;;1;1;1;;;1;998
5;3;14;46;46250;;3;2;No inventariada;;9;10;2;;;1;1;1;;;1;998
5;6;14;46;46250;;3;2;No inventariada;;9;10;2;;;1;1;1;;;1;998
5;3;16;46;46250;;3;2;No inventariada;;9;2;1;1;;1;1;1;;;1;998
5;6;15;46;46250;;3;2;No inventariada;;9;10;1;2;;1;1;1;;;1;998
5;7;23;46;46250;;3;2;No inventariada;;9;3;2;;;1;1;1;;;1;998
5;7;11;46;46250;;3;2;No inventariada;;9;10;2;;;1;1;1;;;1;998
5;7;23;46;46250;;3;2;No inventariada;;9;3;2;;;1;1;1;;;1;998
5;7;11;46;46250;;3;2;No inventariada;;9;10;2;;;1;1;1;;;1;998
5;1;10;46;46250;;3;2;No inventariada;;9;10;2;;;1;1;1;;;1;998
5;1;12;46;46250;;3;2;No inventariada;;9;3;2;;;1;1;1;;;1;998
5;3;13;46;46250;;3;2;No inventariada;;9;2;1;4;;1;1;1;;;1;998
7;1;7;46;46250;;3;2;No inventariada;;9;10;2;;;3;1;3;;;1;998
7;4;18;46;46250;;3;2;No inventariada;;9;20;2;;;1;1;1;;;1;998
7;5;10;46;46250;;1;1;CV-500;8,901;6;19;2;;;1;1;1;;;1;1
7;1;0;46;46250;;3;2;No inventariada;;9;2;1;2;;1;4;1;;;1;998