MES;DIA_SEMANA;HORA;COD_PROVINCIA;COD_MUNICIPIO;ISLA;ZONA;ZONA_AGRUPADA;CARRETERA;KM;TIPO_VIA;TIPO_ACCIDENTE;NUDO;NUDO_INFO;CARRETERA_CRUCE;CONDICION_FIRME;CONDICION_ILUMINACION;CONDICION_METEO;CONDICION_NIEBLA;CONDICION_VIENTO;VISIB_RESTRINGIDA_POR;TRAZADO_PLANTA
7;1;7;46;46250;;3;2;No inventariada;;9;10;1;1;;1;1;1;;;1;998
6;5;19;46;46250;;3;2;No inventariada;;9;2;1;4;;1;1;1;;;1;998
7;1;14;46;46250;;3;2;No inventariada;;9;4;1;1;;9;1;1;;;1;998
7;7;21;46;46250;;3;2;No inventariada;;9;19;2;;;1;3;1;;;1;998
5;3;19;46;46250;;3;2;No inventariada;;9;7;1;2;;1;1;1;;;1;998
5;3;20;46;46250;;3;2;No inventariada;;9;3;2;;;1;1;1;;;1;998
5;4;8;46;46250;;3;2;No inventariada;;9;10;1;2;;3;1;1;;;1;998
5;4;12;46;46250;;3;2;No inventariada;;9;2;2;;;1;1;1;;;1;998
5;4;12;46;46250;;3;2;No inventariada;;9;10;2;;;1;1;1;;;1;998
5;4;12;46;46250;;3;2;No inventariada;;9;4;1;2;;1;1;1;;;1;998
5;4;13;46;46250;;3;2;No inventariada;;9;10;2;;;1;1;1;;;1;998
5;4;15;46;46250;;3;2;No inventariada;;9;2;1;2;;1;1;1;;;1;998
5;4;18;46;46250;;3;2;No inventariada;;9;10;2;;;1;1;1;;;1;998
5;4;21;46;46250;;3;2;No inventariada;;9;10;2;;;1;1;1;;;1;998
5;5;9;46;46250;;3;2;No inventariada;;9;4;2;;;1;1;1;;;1;998
5;5;9;46;46250;;3;2;No inventariada;;9;20;2;;;1;1;1;;;1;998
5;4;17;46;46250;;3;2;No inventariada;;9;7;1;2;;1;1;1;;;1;998
5;5;11;46;46250;;3;2;No inventariada;;9;7;2;;;1;1;1;;;1;998
7;2;20;46;46250;;3;2;No inventariada;;9;3;2;;;1;1;1;;;1;998
7;2;8;46;46250;;3;2;No inventariada;;9;7;1;2;;1;1;1;;;1;998
7;2;16;46;46250;;3;2;No inventariada;;9;2;1;1;;1;1;1;;;1;998
7;2;16;46;46250;;3;2;No inventariada;;9;3;1;1;;1;1;1;;;1;998
7;2;17;46;46250;;3;2;No inventariada;;9;10;2;;;1;1;1;;;1;998
7;2;21;46;46250;;3;2;No inventariada;;9;20;1;1;;1;1;1;;;1;998
5;6;13;46;46250;;3;2;No inventariada;;9;4;2;;;1;1;1;;;1;998
5;6;15;46;46250;;3;2;No inventariada;;9;7;2;;;1;1;1;;;1;998
5;6;20;46;46250;;3;2;No inventariada;;9;7;2;;;1;1;1;;;1;998
5;2;16;46;46250;;3;2;No inventariada;;9;10;2;;;1;1;1;;;1;998
5;2;18;46;46250;;3;2;No inventariada;;9;3;2;;;1;1;1;;;1;998
5;2;18;46;46250;;3;2;No inventariada;;9;3;1;2;;1;1;1;;;1;998
5;2;19;46;46250;;3;2;No inventariada;;9;7;1;2;;1;1;1;;;1;998
7;5;15;46;46190;;1;1;CV-31;2,5;5;6;2;;;1;1;1;;;1;2
6;6;10;46;46250;;3;2;No inventariada;;9;7;1;1;;1;1;1;;;6;998
7;3;14;46;46250;;3;2;No inventariada;;9;3;2;;;1;1;1;;;1;998
7;3;7;46;46250;;3;2;No inventariada;;9;10;2;;;1;1;1;;;1;998
7;3;8;46;46250;;3;2;No inventariada;;9;20;2;;;1;1;1;;;1;998
7;3;19;46;46250;;3;2;No inventariada;;9;20;1;1;;1;1;1;;;1;998
7;3;18;46;46250;;3;2;No inventariada;;9;20;2;;;1;2;1;;;1;998
7;1;19;46;46250;;3;2;No inventariada;;9;2;1;1;;1;1;1;;;1;998
7;4;18;46;46250;0;3;2;No inventariada;;9;4;2;;;1;1;1;;;1;998
7;3;14;46;46250;;3;2;No inventariada;;9;4;1;4;;1;1;1;;;1;998
7;2;10;46;46250;;3;2;No inventariada;;9;7;2;;;1;1;1;;;1;998
7;4;19;46;46250;;3;2;No inventariada;;9;2;1;1;;1;1;1;;;1;998
7;4;9;46;46250;;3;2;No inventariada;;9;10;2;;;1;1;1;;;1;998
7;3;22;46;46250;;1;1;V-31;12,5;3;5;2;;;1;6;1;;;1;1
6;6;10;46;46250;;3;2;No inventariada;;9;2;2;;;1;1;1;;;1;998
5;7;0;46;46250;;3;2;No inventariada;;9;2;2;;;1;1;1;;;1;998
5;4;8;46;46250;;3;2;No inventariada;;9;20;2;;;1;1;1;;;1;998
5;4;19;46;46250;;3;2;No inventariada;;9;4;2;;;1;1;1;;;1;998
7;4;8;46;46250;;3;2;No inventariada;;9;4;2;;;1;1;1;;;1;998
7;4;10;46;46250;;3;2;No inventariada;;9;10;2;;;1;1;1;;;1;998
7;4;8;46;46250;;3;2;No inventariada;;9;2;1;2;;1;1;1;;;1;998
7;4;23;46;46250;;3;2;No inventariada;;9;10;1;1;;1;4;1;;;1;998
7;4;19;46;46250;;3;2;No inventariada;;9;10;2;;;1;1;1;;;1;998
6;7;19;46;46250;;3;2;No inventariada;;9;2;1;2;;1;1;1;;;1;998
7;5;12;46;46250;;3;2;No inventariada;;9;4;1;1;;1;1;1;;;1;998
7;5;21;46;46250;;3;2;No inventariada;;9;3;2;;;1;1;1;;;1;998
7;5;15;46;46250;;3;2;No inventariada;;9;3;2;;;1;1;1;;;1;998
7;5;17;46;46250;;3;2;No inventariada;;9;4;2;;;1;1;1;;;1;998
7;5;14;46;46250;;3;2;No inventariada;;9;2;1;1;;1;1;1;;;1;998
7;7;2;46;46250;;3;2;No inventariada;;9;10;2;;;1;4;1;;;1;998
7;6;8;46;46250;;3;2;No inventariada;;9;7;2;;;3;1;1;;;1;998
7;5;11;46;46250;;3;2;No inventariada;;14;1;2;;;1;1;1;;;1;998
7;7;12;46;46250;;3;2;No inventariada;;9;2;2;;;1;1;1;;;1;998
7;6;9;46;46250;;3;2;No inventariada;;9;2;2;;;1;1;1;;;1;998
7;5;18;46;46250;;3;2;No inventariada;;9;4;2;;;1;1;1;;;1;998
7;5;13;46;46250;;3;2;No inventariada;;9;20;2;;;9;1;1;;;1;998
7;7;17;46;46250;;3;2;No inventariada;;9;20;2;;;1;1;1;;;1;998
6;1;1;46;46250;;3;2;No inventariada;;9;10;2;;;1;3;1;;;1;998
7;7;9;46;46250;;3;2;No inventariada;;9;2;2;;;1;1;1;;;1;998
7;7;11;46;46250;;3;2;No inventariada;;9;10;1;1;;3;1;2;;;1;998
7;7;0;46;46250;;3;2;No inventariada;;9;2;1;1;;1;4;2;;;1;998
7;1;21;46;46250;;3;2;No inventariada;;9;4;2;;;1;1;1;;;1;998
7;1;19;46;46250;;3;2;No inventariada;;9;7;1;1;;1;1;1;;;1;998
7;1;21;46;46250;;3;2;No inventariada;;9;20;2;;;1;4;1;;;1;998
6;2;7;46;46250;;3;2;No inventariada;;9;7;2;;;1;1;1;;;1;998
7;2;11;46;46250;;3;2;No inventariada;;9;2;1;1;;1;1;1;;;1;998
7;2;9;46;46250;;3;2;No inventariada;;9;3;2;;;1;1;1;;;1;998
7;7;21;46;46250;;3;2;No inventariada;;9;2;2;;;1;2;1;;;1;998
7;1;20;46;46250;;3;2;No inventariada;;9;3;2;;;1;2;1;;;1;998
7;1;15;46;46250;;3;2;No inventariada;;9;10;1;2;;1;1;1;;;1;998
7;1;17;46;46250;;3;2;No inventariada;;9;3;2;;;1;1;1;;;1;998
7;1;18;46;46250;;3;2;No inventariada;;9;2;2;;;1;1;1;;;1;998
7;1;19;46;46250;;3;2;No inventariada;;9;16;1;2;;1;1;1;;;1;998
7;3;0;46;46250;;3;2;No inventariada;;9;2;1;1;;1;4;1;;;1;998
4;6;4;46;46250;;3;2;No inventariada;;14;7;2;;;1;4;1;;;1;998
7;3;15;46;46250;;3;2;No inventariada;;9;7;2;;;1;1;1;;;1;998
7;3;11;46;46250;;1;1;V-30;6;3;3;2;;;1;1;1;;;1;1
7;2;20;46;46250;;3;2;No inventariada;;9;10;2;;;1;1;1;;;1;998
7;2;12;46;46250;;3;2;No inventariada;;9;3;2;;;1;1;1;;;1;998
7;2;11;46;46250;;3;2;No inventariada;;9;10;1;1;;1;1;1;;;1;998
7;2;12;46;46250;;3;2;No inventariada;;9;10;2;;;1;1;1;;;1;998
7;2;11;46;46250;;3;2;No inventariada;;14;10;2;;;1;1;1;;;1;998
7;2;11;46;46250;;3;2;No inventariada;;9;10;2;;;1;1;1;;;1;998
7;2;9;46;46250;;3;2;No inventariada;;9;2;2;;;1;1;1;;;1;998
7;3;18;46;46250;;3;2;No inventariada;;9;4;2;;;1;1;1;;;1;998
7;6;19;46;46250;;3;2;No inventariada;;9;2;1;2;;1;2;1;;;1;998
7;7;23;46;46250;;3;2;No inventariada;;9;2;1;2;;1;4;1;;;1;998
7;3;19;46;46250;;3;2;No inventariada;;9;4;2;;;1;1;1;;;1;998
7;3;10;46;46250;;3;2;No inventariada;;9;3;2;;;1;1;1;;;1;998
7;3;11;46;46250;;3;2;No inventariada;;9;2;2;;;1;1;1;;;1;998
7;4;8;46;46250;;3;2;No inventariada;;9;3;2;;;1;1;1;;;1;998
7;4;8;46;46250;;3;2;No inventariada;;9;4;2;;;1;1;1;;;1;998
7;4;8;46;46250;;3;2;No inventariada;;9;3;1;1;;1;1;1;;;1;998
7;4;20;46;46250;;3;2;No inventariada;;9;7;1;1;;1;3;1;;;1;998
7;4;22;46;46250;;3;2;No inventariada;;9;2;2;;;1;3;1;;;1;998
7;1;17;46;46250;;3;2;No inventariada;;9;4;1;2;;1;1;1;;;1;998
7;6;18;46;46250;;3;2;No inventariada;;9;2;2;;;1;1;1;;;1;998
7;6;8;46;46250;;3;2;No inventariada;;9;10;2;;;1;1;1;;;1;998
7;6;20;46;46250;;3;2;No inventariada;;9;10;2;;;1;2;1;;;1;998
7;4;13;46;46250;;3;2;No inventariada;;9;7;2;;;1;1;1;;;1;998
7;4;1;46;46250;;3;2;No inventariada;;9;2;1;1;;1;4;1;;;1;998
7;4;21;46;46250;;3;2;No inventariada;;9;4;2;;;1;4;1;;;1;998
7;4;7;46;46250;;3;2;No inventariada;;9;4;2;;;1;1;1;;;1;998
7;4;10;46;46250;;3;2;No inventariada;;9;4;2;;;1;1;1;;;1;998
7;4;8;46;46250;;3;2;No inventariada;;9;10;2;;;1;1;1;;;1;998
7;5;20;46;46250;;3;2;No inventariada;;9;7;1;2;;1;1;1;;;1;998
7;5;15;46;46250;;3;2;No inventariada;;9;2;2;;;1;1;1;;;1;998
7;5;15;46;46250;;3;2;No inventariada;;9;4;2;;;1;1;1;;;1;998
7;3;10;46;46250;;3;2;No inventariada;;9;7;2;;;1;1;1;;;1;998
7;4;4;46;46250;;3;2;No inventariada;;9;2;2;;;1;4;1;;;1;998
7;6;3;46;46250;;3;2;No inventariada;;9;4;2;;;1;4;1;;;1;998
6;2;19;46;46250;;3;2;No inventariada;;9;7;1;1;;1;1;1;;;1;998
7;3;7;46;46250;;3;2;No inventariada;;9;2;1;1;;1;1;1;;;1;998
7;5;10;46;46250;;3;2;No inventariada;;9;4;1;1;;1;1;1;;;1;998
7;4;13;46;46250;;3;2;No inventariada;;9;2;1;2;;1;1;1;;;1;998
7;5;17;46;46250;;3;2;No inventariada;;9;3;2;;;1;1;1;;;1;998
7;6;8;46;46250;;3;2;No inventariada;;9;10;2;;;3;1;1;;;1;998
7;2;20;46;46250;;3;2;No inventariada;;9;1;2;;;1;1;1;;;1;998
7;6;9;46;46250;;3;2;No inventariada;;9;10;2;;;3;1;3;;;1;998
7;3;11;46;46250;;3;2;No inventariada;;9;6;2;;;1;1;1;;;1;998
7;3;14;46;46250;;3;2;No inventariada;;9;10;2;;;1;1;1;;;1;998
7;3;23;46;46250;;3;2;No inventariada;;9;2;1;1;;1;4;1;;;1;998
7;3;20;46;46250;;3;2;No inventariada;;9;7;2;;;1;1;1;;;1;998
7;5;13;46;46250;;3;2;No inventariada;;9;10;2;;;1;1;1;;;1;998
7;6;12;46;46250;;3;2;No inventariada;;9;10;2;;;1;1;1;;;1;998
7;6;14;46;46250;;3;2;No inventariada;;9;10;2;;;1;1;1;;;1;998
7;7;20;46;46250;;3;2;No inventariada;;9;2;2;;;1;1;1;;;1;998
7;2;19;46;46250;;1;1;V-31;12,7;3;4;2;;;1;1;1;;;1;1
7;6;20;46;46250;;3;2;No inventariada;;9;20;2;;;1;3;1;;;1;998
7;6;19;46;46250;;3;2;No inventariada;;9;2;2;;;1;1;1;;;1;998
7;1;21;46;46250;;3;2;No inventariada;;9;2;2;;;1;3;1;;;1;998
7;2;0;46;46250;;3;2;No inventariada;;9;2;1;1;;1;3;1;;;1;998
7;1;22;46;46250;;3;2;No inventariada;;9;10;2;;;1;4;1;;;1;998
7;1;11;46;46250;;3;2;No inventariada;;9;2;1;1;;1;1;1;;;1;998
7;1;8;46;46250;;3;2;No inventariada;;9;3;2;;;1;1;1;;;1;998
7;1;11;46;46250;;3;2;No inventariada;;9;7;2;;;1;1;1;;;1;998
7;1;4;46;46250;;3;2;No inventariada;;9;10;2;;;1;1;1;;;1;998
6;6;18;46;46250;;3;2;No inventariada;;9;2;1;4;;1;1;1;;;1;998
7;2;21;46;46250;;3;2;No inventariada;;9;2;2;;;1;1;1;;;1;998
7;2;22;46;46250;;3;2;No inventariada;;9;2;2;;;1;4;1;;;1;998
7;7;16;46;46250;;1;1;CV-500;11;6;4;2;;;1;1;1;;;1;1
7;1;21;46;46250;;3;2;No inventariada;;9;4;2;;;1;2;1;;;1;998
7;2;17;46;46250;;3;2;No inventariada;;9;10;2;;;1;1;1;;;1;998
7;2;14;46;46250;;3;2;No inventariada;;9;2;2;;;1;1;1;;;1;998
7;3;22;46;46250;;3;2;No inventariada;;9;2;2;;;1;4;1;;;1;998
7;3;14;46;46250;;3;2;No inventariada;;14;10;2;;;1;1;1;;;1;998
7;5;16;46;46250;;3;2;No inventariada;;9;1;1;2;;1;1;1;;;1;998
7;3;22;46;46250;;3;2;No inventariada;;9;10;2;;;1;4;1;;;1;998
7;5;18;46;46250;;3;2;No inventariada;;9;2;2;;;1;2;1;;;1;998
7;4;8;46;46250;;3;2;No inventariada;;9;2;2;;;9;2;7;;;18;998
7;1;7;46;46250;;3;2;No inventariada;;9;10;2;;;1;2;1;;;1;998
7;5;9;46;46250;;3;2;No inventariada;;9;10;2;;;1;1;1;;;1;998
7;3;15;46;46250;;3;2;No inventariada;;9;3;2;;;1;1;1;;;1;998
7;3;6;46;46250;;3;2;No inventariada;;9;10;1;1;;1;1;1;;;1;998
7;3;10;46;46250;;3;2;No inventariada;;9;7;2;;;1;1;1;;;1;998
7;4;13;46;46250;;3;2;No inventariada;;9;4;2;;;1;1;1;;;1;998
7;3;11;46;46250;;3;2;No inventariada;;9;7;2;;;1;1;1;;;1;998
7;4;11;46;46250;;3;2;No inventariada;;9;10;1;1;;1;1;1;;;1;998
7;5;6;46;46250;;3;2;No inventariada;;9;7;2;;;1;1;1;;;1;998
7;4;19;46;46250;;3;2;No inventariada;;9;1;2;;;1;1;1;;;1;998
7;4;10;46;46250;;3;2;No inventariada;;9;3;2;;;1;1;1;;;1;998
7;5;7;46;46250;;3;2;No inventariada;;9;2;2;;;1;1;1;;;1;998
7;5;19;46;46250;;1;1;V-30;0,732;3;4;2;;;1;1;1;;;1;1
7;5;20;46;46250;;1;1;CV-500;8,437;6;3;1;4;;1;1;1;;;1;1
7;5;14;46;46250;;3;2;No inventariada;;9;4;2;;;1;1;1;;;1;998
7;3;12;46;46250;;3;2;No inventariada;;9;2;2;;;1;1;2;;;1;998
7;3;14;46;46250;;3;2;No inventariada;;9;10;1;2;;1;1;1;;;1;998
7;5;20;46;46250;;3;2;No inventariada;;9;2;2;;;1;1;1;;;1;998
7;6;20;46;46250;;3;2;No inventariada;;9;10;2;;;1;2;1;;;1;998
7;5;12;46;46250;;3;2;No inventariada;;9;10;2;;;7;1;1;;;1;998
7;1;15;46;46250;;1;1;V-30;6,453;3;4;2;;;1;1;1;;;18;1
7;5;9;46;46250;;3;2;No inventariada;;9;4;1;2;;1;1;1;;;1;998
7;5;16;46;46250;;3;2;No inventariada;;9;4;2;;;1;1;1;;;1;998
7;4;12;46;46250;;3;2;No inventariada;;9;2;2;;;1;1;1;;;1;998
7;5;16;46;46250;;3;2;No inventariada;;9;2;1;2;;1;1;1;;;1;998
4;5;8;46;46250;;3;2;No inventariada;;9;7;2;;;1;1;1;;;1;998
7;6;18;46;46250;;3;2;No inventariada;;9;2;2;;;1;1;1;;;1;998
7;6;1;46;46250;;3;2;No inventariada;;9;2;2;;;1;4;1;;;1;998
7;6;21;46;46250;;3;2;No inventariada;;9;20;2;;;1;2;1;;;1;998
7;6;9;46;46250;;3;2;No inventariada;;9;20;1;1;;1;1;1;;;1;998
7;6;16;46;46250;;3;2;No inventariada;;9;1;1;2;;1;1;1;;;1;998
7;1;18;46;46250;;3;2;No inventariada;;9;3;1;2;;1;1;1;;;1;998
6;7;19;46;46250;;3;2;No inventariada;;9;6;1;2;;1;1;1;;;1;998
7;4;12;46;46250;;3;2;No inventariada;;9;5;2;;;1;1;1;;;1;998
7;1;9;46;46250;;3;2;No inventariada;;9;20;2;;;1;1;1;;;1;998
7;7;18;46;46250;;3;2;No inventariada;;9;3;2;;;1;1;1;;;1;998
7;1;18;46;46250;;3;2;No inventariada;;9;2;2;;;1;1;1;;;1;998
7;1;14;46;46250;;3;2;No inventariada;;9;2;1;2;;1;1;1;;;1;998
7;7;22;46;46250;;3;2;No inventariada;;9;7;2;;;1;4;1;;;1;998
7;3;21;46;46250;;3;2;No inventariada;;9;4;1;2;;1;4;1;;;1;998
7;1;15;46;46250;;3;2;No inventariada;;9;2;2;;;1;1;1;;;1;998
7;1;9;46;46250;;3;2;No inventariada;;9;4;2;;;1;1;1;;;1;998
7;1;21;46;46250;;3;2;No inventariada;;9;10;2;;;1;2;1;;;1;998
7;1;12;46;46250;;3;2;No inventariada;;9;2;1;1;;1;1;1;;;1;998
7;5;18;46;46250;;3;2;No inventariada;;9;2;1;1;;1;1;1;;;1;998
7;4;14;46;46250;;3;2;No inventariada;;9;10;1;1;;1;1;1;;;1;998
7;5;0;46;46250;;3;2;No inventariada;;9;10;1;1;;1;6;7;;;18;998
7;2;8;46;46250;;3;2;No inventariada;;9;2;1;11;;1;1;1;;;1;998
7;3;20;46;46250;;3;2;No inventariada;;9;2;1;1;;1;1;1;;;1;998
7;2;9;46;46250;;3;2;No inventariada;;9;3;1;11;;1;1;1;;;1;998
7;3;14;46;46250;;3;2;No inventariada;;9;2;1;1;;1;1;1;;;1;998
7;6;8;46;46250;;3;2;No inventariada;;9;3;1;1;;1;1;1;;;1;998
7;2;16;46;46250;;3;2;No inventariada;;9;6;2;;;1;1;1;;;1;998
7;2;19;46;46250;;3;2;No inventariada;;9;2;2;;;1;1;1;;;1;998
6;5;18;46;46250;;3;2;No inventariada;;9;10;1;2;;1;2;1;;;1;998
6;7;19;46;46250;;3;2;No inventariada;;9;2;1;2;;1;1;1;;;1;998
8;7;0;46;46250;;3;2;No inventariada;;9;2;2;;;1;3;1;;;1;998
7;6;18;46;46250;;3;2;No inventariada;;9;3;2;;;1;1;1;;;1;998
7;1;10;46;46250;;3;2;No inventariada;;9;2;1;2;;1;1;1;;;1;998
7;7;2;46;46250;;3;2;No inventariada;;9;2;2;;;1;4;1;;;1;998
7;6;10;46;46250;;3;2;No inventariada;;9;4;2;;;1;1;1;;;1;998
7;2;7;46;46250;;3;2;No inventariada;;9;6;1;1;;1;1;1;;;6;998
7;3;22;46;46250;;3;2;No inventariada;;9;2;2;;;1;4;1;;;1;998
7;1;11;46;46250;;3;2;No inventariada;;9;4;1;1;;1;1;1;;;1;998
7;3;18;46;46250;;3;2;No inventariada;;9;4;2;;;1;1;1;;;1;998
7;3;15;46;46250;;3;2;No inventariada;;9;2;2;;;1;1;1;;;1;998
7;7;18;46;46250;;3;2;No inventariada;;9;2;2;;;1;1;1;;;1;998
7;6;12;46;46250;;3;2;No inventariada;;9;7;1;2;;1;1;1;;;1;998
7;5;22;46;46250;;3;2;No inventariada;;9;4;1;1;;1;4;1;;;1;998
7;2;9;46;46250;;3;2;No inventariada;;9;2;1;2;;1;1;1;;;1;998
7;1;17;46;46250;;3;2;No inventariada;;9;4;2;;;1;1;1;;;1;998
8;7;6;46;46250;;3;2;No inventariada;;9;2;1;1;;1;1;1;;;1;998
7;7;18;46;46250;;3;2;No inventariada;;9;2;2;;;1;1;1;;;1;998
7;4;7;46;46250;;3;2;No inventariada;;9;5;1;1;;1;1;1;;;1;998
7;3;18;46;46250;;3;2;No inventariada;;9;10;1;1;;7;1;1;;;1;998
7;3;19;46;46250;;3;2;No inventariada;;9;3;2;;;1;1;1;;;1;998
7;6;4;46;46250;;3;2;No inventariada;;9;1;2;;;1;4;1;;;1;998
7;4;21;46;46250;;3;2;No inventariada;;9;2;2;;;1;1;1;;;1;998
7;7;15;46;46250;;3;2;No inventariada;;9;6;2;;;1;1;1;;;1;998
7;4;8;46;46250;;3;2;No inventariada;;9;2;2;;;1;1;1;;;1;998
7;4;19;46;46250;;3;2;No inventariada;;14;2;2;;;1;1;1;;;1;998
7;3;19;46;46250;0;3;2;No inventariada;;9;10;1;1;;1;1;1;;;1;998
7;3;1;46;46250;;3;2;No inventariada;;9;10;2;;;1;4;1;;;1;998
7;7;14;46;46250;;3;2;No inventariada;;9;10;1;1;;1;1;1;;;1;998
7;7;5;46;46250;;3;2;No inventariada;;9;20;2;;;1;4;1;;;1;998
7;7;14;46;46250;;3;2;No inventariada;;9;2;1;4;;1;1;1;;;1;998
7;3;10;46;46250;;3;2;No inventariada;;9;4;2;;;1;1;1;;;1;998
7;1;11;46;46250;;3;2;No inventariada;;9;10;2;;;3;1;2;;;1;998
8;6;10;46;46250;;3;2;No inventariada;;9;7;2;;;1;1;1;;;1;998
7;3;18;46;46250;;3;2;No inventariada;;9;2;1;1;;1;1;1;;;1;998
7;3;18;46;46250;;3;2;No inventariada;;9;2;1;1;;1;1;1;;;1;998
8;3;5;46;46250;;3;2;No inventariada;;9;4;2;;;1;3;1;;;1;998
7;5;22;46;46250;;3;2;No inventariada;;9;2;1;1;;1;4;1;;;1;998
7;4;23;46;46250;;3;2;No inventariada;;9;7;2;;;1;4;1;;;1;998
7;4;17;46;46250;;3;2;No inventariada;;9;3;1;1;;1;1;1;;;1;998
7;3;20;46;46250;;3;2;No inventariada;;9;2;2;;;1;1;1;;;1;998
7;7;15;46;46250;;3;2;No inventariada;;9;10;2;;;1;1;1;;;1;998
8;1;8;46;46250;;3;2;No inventariada;;9;7;1;2;;1;1;1;;;1;998
8;1;10;46;46250;;3;2;No inventariada;;9;7;1;1;;1;1;1;;;1;998
7;3;12;46;46250;;3;2;No inventariada;;9;7;1;1;;1;1;1;;;1;998
8;4;0;46;46250;;3;2;No inventariada;;9;2;1;1;;1;4;1;;;3;998
7;3;9;46;46250;;3;2;No inventariada;;9;7;2;;;1;1;1;;;9;998
7;5;18;46;46250;;3;2;No inventariada;;9;2;2;;;1;5;1;;;1;998
7;4;12;46;46250;;3;2;No inventariada;;9;2;2;;;1;1;1;;;1;998
7;4;12;46;46250;;3;2;No inventariada;;9;2;2;;;1;1;1;;;1;998
7;2;13;46;46250;;3;2;No inventariada;;9;2;1;2;;1;1;1;;;1;998
7;6;8;46;46250;;3;2;No inventariada;;9;10;2;;;3;1;2;;;1;998
7;3;13;46;46250;;3;2;No inventariada;;9;7;2;;;1;1;1;;;1;998
7;1;1;46;46250;;3;2;No inventariada;;9;2;1;4;;1;4;1;;;1;998
7;6;1;46;46250;;3;2;No inventariada;;9;2;1;1;;1;4;1;;;1;998
7;2;0;46;46250;;3;2;No inventariada;;9;7;2;;;1;4;1;;;1;998
7;2;11;46;46250;;3;2;No inventariada;;9;10;2;;;1;1;1;;;1;998
7;5;4;46;46250;;3;2;No inventariada;;9;10;2;;;1;4;1;;;1;998
6;3;17;46;46250;;3;2;No inventariada;;9;2;1;2;;1;1;1;;;3;998
7;4;13;46;46250;;3;2;No inventariada;;9;3;2;;;1;1;1;;;1;998
7;4;20;46;46250;;3;2;No inventariada;;9;4;2;;;1;1;1;;;1;998
7;4;18;46;46250;;3;2;No inventariada;;9;10;2;;;1;1;1;;;1;998
7;4;16;46;46250;;3;2;No inventariada;;9;3;1;1;;1;1;1;;;1;998
7;4;6;46;46250;;3;2;No inventariada;;9;3;1;2;;1;3;1;;;1;998
8;2;4;46;46250;;1;1;CV-5010;4,4;6;16;2;;;1;6;1;;;1;1
8;3;12;46;46214;;1;1;A-3;337,669;3;4;2;;;1;1;1;;;1;1
8;5;18;46;46250;;1;1;CV-36;0,6;3;4;2;;;1;1;1;;;18;2
7;5;13;46;46250;;3;2;No inventariada;;9;3;1;2;;1;1;1;;;1;998
7;5;11;46;46250;;3;2;No inventariada;;9;7;2;;;1;1;1;;;1;998
7;5;11;46;46250;;3;2;No inventariada;;9;5;1;1;;1;1;1;;;1;998
8;3;17;46;46250;;3;2;No inventariada;;9;10;1;2;;3;1;3;;;1;998
8;3;15;46;46250;;3;2;No inventariada;;9;20;2;;;3;1;3;;;1;998
8;3;0;46;46250;;3;2;No inventariada;;9;10;2;;;2;1;2;;;1;998
8;1;18;46;46250;;3;2;No inventariada;;9;10;1;2;;1;1;1;;;1;998
7;5;19;46;46250;;3;2;No inventariada;;9;10;2;;;1;1;1;;;1;998
8;1;7;46;46250;;3;2;No inventariada;;9;7;1;1;;1;1;1;;;1;998
7;3;21;46;46250;;3;2;No inventariada;;9;10;1;1;;7;1;1;;;1;998
8;4;1;46;46250;;3;2;No inventariada;;9;6;2;;;1;4;1;;;1;998
8;3;19;46;46250;;3;2;No inventariada;;9;2;1;1;;1;1;1;;;1;998
8;3;16;46;46250;;3;2;No inventariada;;9;1;1;1;;1;1;1;;;1;998
8;4;7;46;46250;;3;2;No inventariada;;9;10;2;;;1;1;1;;;1;998
8;5;17;46;46250;;3;2;No inventariada;;9;2;1;1;;1;1;1;;;1;998
7;1;18;46;46250;;3;2;No inventariada;;9;10;1;1;;1;1;1;;;1;998
7;1;11;46;46250;;3;2;No inventariada;;9;10;1;1;;1;1;1;;;1;998