MES;DIA_SEMANA;HORA;COD_PROVINCIA;COD_MUNICIPIO;ISLA;ZONA;ZONA_AGRUPADA;CARRETERA;KM;TIPO_VIA;TIPO_ACCIDENTE;NUDO;NUDO_INFO;CARRETERA_CRUCE;CONDICION_FIRME;CONDICION_ILUMINACION;CONDICION_METEO;CONDICION_NIEBLA;CONDICION_VIENTO;VISIB_RESTRINGIDA_POR;TRAZADO_PLANTA
8;6;5;46;46250;;3;2;No inventariada;;9;3;1;1;;1;4;1;;;1;998
8;7;2;46;46250;;3;2;No inventariada;;9;2;1;1;;1;4;1;;;2;998
8;1;21;46;46250;;3;2;No inventariada;;9;4;1;2;;1;4;1;;;1;998
8;1;9;46;46193;;1;1;CV-36;2,047;3;16;2;;;1;1;1;;;1;1
8;1;12;46;46250;;3;2;No inventariada;;9;3;1;2;;1;1;1;;;1;998
7;6;3;46;46250;0;3;2;No inventariada;;9;3;2;;;1;4;1;;;1;998
8;2;8;46;46250;;3;2;No inventariada;;9;2;1;2;;1;1;1;;;1;998
7;1;5;46;46250;;3;2;No inventariada;;9;10;1;1;;1;3;1;;;1;998
6;7;14;46;46250;;3;2;No inventariada;;9;2;1;2;;1;1;1;;;1;998
8;4;14;46;46250;;3;2;No inventariada;;9;3;2;;;1;1;1;;;1;998
7;5;11;46;46250;;3;2;No inventariada;;9;10;2;;;1;1;1;;;1;998
6;4;14;46;46250;;3;2;No inventariada;;9;7;1;2;;1;1;1;;;1;998
7;6;14;46;46250;;3;2;No inventariada;;9;10;1;2;;1;1;1;;;1;998
7;4;16;46;46250;;3;2;No inventariada;;9;10;2;;;8;1;1;;;1;998
7;5;13;46;46250;;3;2;No inventariada;;9;2;1;1;;1;1;1;;;1;998
7;6;19;46;46250;;3;2;No inventariada;;9;3;2;;;1;1;1;;;1;998
8;3;14;46;46110;;1;1;V-30;8,5;3;4;2;;;1;1;1;;;1;1
7;7;13;46;46250;;3;2;No inventariada;;9;3;2;;;1;1;1;;;1;998
7;7;11;46;46250;;3;2;No inventariada;;9;10;2;;;1;1;1;;;1;998
7;7;4;46;46250;0;3;2;No inventariada;;9;9;1;1;;1;4;1;;;1;998
7;7;12;46;46250;0;3;2;No inventariada;;9;4;1;4;;1;1;2;;;1;998
6;5;8;46;46250;;3;2;No inventariada;;9;7;1;2;;1;2;1;;;1;998
8;6;21;46;46250;;3;2;No inventariada;;9;2;1;2;;1;4;1;;;1;998
7;1;22;46;46250;;3;2;No inventariada;;9;3;2;;;1;4;1;;;1;998
8;2;9;46;46250;;3;2;No inventariada;;9;10;1;4;;1;1;1;;;1;998
7;1;14;46;46250;;3;2;No inventariada;;9;4;2;;;1;1;1;;;1;998
7;1;2;46;46250;;3;2;No inventariada;;9;10;2;;;1;4;1;;;1;998
7;1;11;46;46250;;3;2;No inventariada;;9;10;2;;;1;1;1;;;1;998
7;1;1;46;46250;;3;2;No inventariada;;9;2;1;1;;1;4;1;;;1;998
7;1;8;46;46250;;3;2;No inventariada;;9;2;1;2;;1;1;1;;;1;998
8;1;11;46;46250;;3;2;No inventariada;;9;7;2;;;1;1;1;;;1;998
7;3;10;46;46250;;3;2;No inventariada;;9;3;1;2;;1;1;1;;;1;998
8;6;5;46;46250;;3;2;No inventariada;;9;5;1;2;;1;3;1;;;1;998
7;2;12;46;46250;;3;2;No inventariada;;9;4;1;2;;9;1;7;;;1;998
7;2;4;46;46250;;3;2;No inventariada;;9;10;2;;;9;1;7;;;18;998
7;2;9;46;46250;;3;2;No inventariada;;9;2;1;2;;1;1;1;;;1;998
9;1;11;46;46250;;1;1;CV-500;11,147;6;12;2;;;1;1;2;;;1;1
7;2;22;46;46250;;3;2;No inventariada;;9;10;1;2;;1;4;1;;;1;998
8;6;21;46;46250;;3;2;No inventariada;;9;10;2;;;1;4;1;;;1;998
8;4;13;46;46250;;3;2;No inventariada;;9;2;2;;;1;1;1;;;1;998
8;4;7;46;46250;;3;2;No inventariada;;9;4;2;;;1;1;1;;;1;998
8;4;7;46;46250;;3;2;No inventariada;;9;1;1;1;;1;1;1;;;1;998
8;4;14;46;46250;;3;2;No inventariada;;9;2;1;1;;1;1;1;;;1;998
8;4;14;46;46250;;3;2;No inventariada;;9;3;2;;;1;1;1;;;1;998
8;4;19;46;46250;;3;2;No inventariada;;9;2;1;1;;1;1;1;;;1;998
8;2;8;46;46250;;3;2;No inventariada;;9;3;1;2;;1;1;1;;;1;998
8;2;2;46;46250;;3;2;No inventariada;;9;12;1;4;;1;3;1;;;1;998
8;6;21;46;46250;;3;2;No inventariada;;9;4;2;;;1;4;1;;;1;998
9;7;1;46;46250;;3;2;No inventariada;;9;6;1;2;;1;3;1;;;1;998
8;1;5;46;46250;;3;2;No inventariada;;9;4;1;2;;1;4;1;;;1;998
8;6;16;46;46250;;3;2;No inventariada;;9;6;2;;;2;1;1;;;1;998
8;3;10;46;46250;0;3;2;No inventariada;;9;7;1;1;;1;1;1;;;1;998
7;6;18;46;46250;;3;2;No inventariada;;9;4;2;;;1;1;1;;;1;998
7;2;14;46;46250;;3;2;No inventariada;;9;3;2;;;1;1;1;;;1;998
8;4;23;46;46250;;3;2;No inventariada;;9;4;2;;;1;4;1;;;1;998
8;5;12;46;46250;;3;2;No inventariada;;9;7;2;;;1;1;1;;;1;998
8;7;10;46;46250;;3;2;No inventariada;;9;2;1;2;;1;1;1;;;1;998
8;5;19;46;46250;;3;2;No inventariada;;9;4;2;;;1;1;1;;;1;998
7;3;16;46;46250;;3;2;No inventariada;;9;10;2;;;1;1;7;;;1;998
8;5;12;46;46250;;3;2;No inventariada;;9;10;2;;;1;1;1;;;1;998
8;5;9;46;46250;;3;2;No inventariada;;9;4;2;;;1;1;1;;;1;998
8;5;16;46;46250;;3;2;No inventariada;;9;2;1;1;;1;1;1;;;1;998
8;5;19;46;46250;;3;2;No inventariada;;9;7;1;1;;1;2;1;;;1;998
8;5;20;46;46250;;3;2;No inventariada;;9;2;2;;;1;1;1;;;1;998
8;5;14;46;46250;;3;2;No inventariada;;9;10;2;;;1;1;1;;;1;998
8;6;23;46;46250;;3;2;No inventariada;;9;7;1;2;;1;2;1;;;1;998
8;6;13;46;46250;;3;2;No inventariada;;9;2;2;;;1;1;1;;;1;998
8;7;20;46;46250;;3;2;No inventariada;;9;3;1;2;;1;1;1;;;1;998
8;6;18;46;46250;;3;2;No inventariada;;9;10;2;;;1;1;1;;;1;998
7;3;8;46;46250;;3;2;No inventariada;;9;2;1;2;;1;1;1;;;1;998
9;5;1;46;46250;;3;2;No inventariada;;9;2;2;;;1;4;1;;;1;998
7;3;10;46;46250;;3;2;No inventariada;;9;7;2;;;1;1;1;;;1;998
9;4;17;46;46250;;3;2;No inventariada;;9;3;1;1;;1;1;1;;;1;998
9;5;11;46;46250;0;3;2;No inventariada;;9;4;2;;;1;1;1;;;1;998
9;6;18;46;46250;;3;2;No inventariada;;9;4;2;;;1;1;1;;;1;998
8;7;12;46;46250;;3;2;No inventariada;;9;2;2;;;1;1;1;;;1;998
8;1;17;46;46250;;3;2;No inventariada;;9;20;1;1;;1;1;1;;;1;998
8;7;16;46;46250;;3;2;No inventariada;;9;10;1;1;;1;1;1;;;1;998
9;3;14;46;46250;;3;2;No inventariada;;9;10;1;2;;3;1;2;;;1;998
9;3;17;46;46250;;3;2;No inventariada;;9;3;1;1;;1;1;2;;;1;998
9;1;10;46;46250;;1;1;CV-36;1,55;3;9;2;;;1;1;1;;;1;1
8;1;10;46;46250;;3;2;No inventariada;;9;10;1;1;;1;1;1;;;1;998
8;6;14;46;46250;;3;2;No inventariada;;9;10;2;;;1;1;1;;;1;998
8;1;10;46;46250;;3;2;No inventariada;;9;10;1;2;;8;1;1;;;1;998
8;2;15;46;46250;;3;2;No inventariada;;9;3;2;;;1;1;1;;;1;998
8;2;14;46;46250;;3;2;No inventariada;;9;6;1;1;;1;1;1;;;1;998
5;6;11;46;46250;;3;2;No inventariada;;9;2;1;2;;1;1;1;;;1;998
8;4;14;46;46250;;3;2;No inventariada;;9;6;1;2;;1;1;1;;;1;998
8;3;12;46;46250;;3;2;No inventariada;;9;3;2;;;1;1;1;;;1;998
8;5;0;46;46250;;3;2;No inventariada;;9;3;2;;;1;4;1;;;1;998
8;4;5;46;46250;;3;2;No inventariada;;9;10;2;;;1;6;1;;;17;998
5;6;14;46;46250;;3;2;No inventariada;;9;10;1;5;;1;1;1;;;1;998
8;4;13;46;46250;;3;2;No inventariada;;9;2;1;2;;1;1;1;;;1;998
8;3;9;46;46250;;3;2;No inventariada;;9;2;2;;;1;1;1;;;1;998
5;7;12;46;46250;;3;2;No inventariada;;9;2;2;;;1;1;1;;;1;998
5;5;19;46;46250;;3;2;No inventariada;;9;2;1;2;;1;1;1;;;1;998
8;4;18;46;46250;;3;2;No inventariada;;9;3;1;1;;1;1;1;;;1;998
5;7;10;46;46250;;3;2;No inventariada;;9;10;2;;;1;1;1;;;1;998
8;3;15;46;46250;;3;2;No inventariada;;9;7;2;;;1;1;1;;;1;998
5;5;14;46;46250;;3;2;No inventariada;;9;3;1;2;;1;1;1;;;1;998
5;6;15;46;46250;;3;2;No inventariada;;9;2;2;;;1;1;1;;;2;998
5;5;20;46;46250;;3;2;No inventariada;;9;4;2;;;1;3;1;;;1;998
8;3;12;46;46250;;3;2;No inventariada;;9;20;2;;;1;1;1;;;1;998
8;4;12;46;46250;;3;2;No inventariada;;9;3;1;2;;1;1;1;;;1;998
5;7;8;46;46250;;3;2;No inventariada;;9;4;1;4;;1;1;1;;;1;998
5;6;11;46;46250;;3;2;No inventariada;;9;2;2;;;1;1;1;;;1;998
5;1;0;46;46250;;3;2;No inventariada;;9;2;2;;;1;1;1;;;1;998
5;6;3;46;46250;;3;2;No inventariada;;9;2;2;;;1;4;1;;;1;998
8;3;12;46;46250;;3;2;No inventariada;;9;3;2;;;1;1;1;;;1;998
5;5;10;46;46250;;3;2;No inventariada;;9;10;2;;;1;1;1;;;1;998
5;5;20;46;46250;;3;2;No inventariada;;9;2;1;1;;1;2;1;;;6;998
5;6;13;46;46250;;3;2;No inventariada;;9;10;1;4;;1;1;1;;;1;998
5;1;12;46;46250;;3;2;No inventariada;;9;2;2;;;1;1;1;;;1;998
8;3;19;46;46250;;3;2;No inventariada;;9;2;1;2;;1;1;1;;;1;998
8;3;8;46;46250;;3;2;No inventariada;;9;7;2;;;1;1;1;;;1;998
5;5;21;46;46250;;3;2;No inventariada;;9;4;1;1;;1;1;1;;;1;998
5;5;16;46;46250;;3;2;No inventariada;;9;4;1;4;;1;1;1;;;1;998
5;6;16;46;46250;;3;2;No inventariada;;9;7;1;1;;1;1;1;;;1;998
7;1;19;46;46250;;3;2;No inventariada;;9;6;2;;;1;1;1;;;1;998
8;4;17;46;46250;;3;2;No inventariada;;9;7;2;;;1;1;1;;;1;998
8;4;20;46;46250;;3;2;No inventariada;;9;2;2;;;1;1;1;;;1;998
5;5;12;46;46250;;3;2;No inventariada;;9;4;2;;;1;1;1;;;1;998
5;6;13;46;46250;;3;2;No inventariada;;9;7;2;;;9;1;7;;;18;998
9;4;14;46;46250;;3;2;No inventariada;;9;3;1;1;;1;1;1;;;1;998
5;1;16;46;46250;;3;2;No inventariada;;9;2;1;2;;1;1;1;;;1;998
5;2;17;46;46250;;3;2;No inventariada;;9;4;2;;;1;1;1;;;1;998
5;2;16;46;46250;;3;2;No inventariada;;9;20;2;;;1;1;1;;;1;998
5;2;18;46;46250;;3;2;No inventariada;;9;4;2;;;1;1;1;;;1;998
5;1;13;46;46250;;3;2;No inventariada;;9;10;1;2;;8;1;7;;;1;998
5;5;9;46;46250;;3;2;No inventariada;;9;4;1;1;;1;1;1;;;1;998
5;4;12;46;46250;;3;2;No inventariada;;9;10;2;;;1;1;1;;;1;998
5;7;17;46;46250;;3;2;No inventariada;;9;2;2;;;1;1;1;;;1;998
5;6;23;46;46250;;3;2;No inventariada;;9;10;2;;;1;4;1;;;1;998
5;6;23;46;46250;;3;2;No inventariada;;9;2;1;2;;1;4;1;;;1;998
5;6;18;46;46250;;3;2;No inventariada;;9;4;1;1;;1;1;1;;;1;998
5;1;9;46;46250;;3;2;No inventariada;;9;7;2;;;1;1;1;;;1;998
5;1;8;46;46250;;3;2;No inventariada;;9;10;1;2;;7;1;1;;;18;998
5;5;15;46;46250;;3;2;No inventariada;;9;1;2;;;1;1;1;;;1;998
5;6;18;46;46250;;3;2;No inventariada;;9;2;1;1;;1;1;1;;;1;998
5;1;8;46;46250;;3;2;No inventariada;;9;4;2;;;1;1;1;;;18;998
5;3;16;46;46250;;3;2;No inventariada;;9;4;1;4;;1;1;1;;;1;998
5;2;18;46;46250;;3;2;No inventariada;;9;20;1;5;;1;1;1;;;1;998
5;7;0;46;46250;;3;2;No inventariada;;9;10;2;;;1;4;1;;;1;998
5;3;10;46;46250;;3;2;No inventariada;;9;6;2;;;1;1;1;;;18;998
5;7;14;46;46250;;3;2;No inventariada;;9;20;1;2;;1;1;1;;;18;998
5;1;14;46;46250;;3;2;No inventariada;;9;2;2;;;1;1;1;;;1;998
8;5;13;46;46250;;3;2;No inventariada;;9;3;2;;;1;1;1;;;1;998
8;5;17;46;46250;;3;2;No inventariada;;9;2;2;;;1;1;1;;;1;998
5;1;9;46;46250;;3;2;No inventariada;;9;10;1;2;;1;1;1;;;1;998
5;1;11;46;46250;;3;2;No inventariada;;9;4;2;;;1;1;1;;;1;998
5;1;13;46;46250;;3;2;No inventariada;;9;4;1;4;;1;1;1;;;1;998
5;6;13;46;46250;;3;2;No inventariada;;9;3;1;2;;1;1;1;;;1;998
5;1;17;46;46250;;3;2;No inventariada;;9;2;1;2;;1;1;1;;;1;998
8;5;14;46;46250;;3;2;No inventariada;;9;10;1;1;;1;1;1;;;1;998
8;5;16;46;46250;;3;2;No inventariada;;9;2;1;1;;1;1;1;;;1;998
4;4;7;46;46250;;3;2;No inventariada;;9;3;1;4;;1;1;1;;;1;998
5;1;14;46;46250;;3;2;No inventariada;;9;2;1;2;;1;1;1;;;1;998
8;5;0;46;46250;;3;2;No inventariada;;9;10;2;;;9;4;1;;;1;998
8;5;15;46;46250;;3;2;No inventariada;;9;2;2;;;1;1;1;;;1;998
9;1;12;46;46250;;3;2;No inventariada;;9;1;1;2;;1;1;1;;;1;998
8;2;21;46;46250;;3;2;No inventariada;;9;3;2;;;1;4;1;;;1;998
8;5;14;46;46250;;3;2;No inventariada;;9;4;2;;;1;1;1;;;1;998
8;5;11;46;46250;;3;2;No inventariada;;9;2;2;;;1;1;1;;;1;998
9;2;10;46;46250;;3;2;No inventariada;;9;1;1;1;;1;1;1;;;1;998
5;4;7;46;46250;;3;2;No inventariada;;9;2;2;;;1;1;1;;;1;998
5;3;19;46;46250;;3;2;No inventariada;;9;10;2;;;1;1;1;;;1;998
5;3;21;46;46250;;3;2;No inventariada;;9;4;2;;;1;1;1;;;1;998
5;6;20;46;46250;;3;2;No inventariada;;9;3;2;;;1;1;1;;;1;998
5;3;8;46;46250;;3;2;No inventariada;;9;3;2;;;1;1;1;;;1;998
5;2;9;46;46250;;3;2;No inventariada;;9;10;2;;;1;1;1;;;1;998
5;2;12;46;46250;;3;2;No inventariada;;9;7;2;;;1;1;1;;;1;998
5;7;11;46;46250;;3;2;No inventariada;;9;10;2;;;1;1;1;;;1;998
5;2;10;46;46250;;3;2;No inventariada;;9;3;2;;;1;1;1;;;1;998
5;2;12;46;46250;;3;2;No inventariada;;9;5;2;;;1;1;1;;;1;998
5;2;15;46;46250;;3;2;No inventariada;;9;4;2;;;1;1;1;;;1;998
5;2;19;46;46250;;3;2;No inventariada;;9;10;1;1;;1;1;1;;;1;998
5;2;13;46;46250;;3;2;No inventariada;;9;2;2;;;1;1;1;;;1;998
5;3;11;46;46250;;3;2;No inventariada;;9;10;2;;;1;1;1;;;1;998
5;7;20;46;46250;;3;2;No inventariada;;9;10;1;4;;3;3;2;;;1;998
5;7;16;46;46250;;3;2;No inventariada;;9;4;2;;;1;1;1;;;1;998
5;3;15;46;46250;;3;2;No inventariada;;9;10;1;4;;1;1;1;;;1;998
5;1;15;46;46250;;3;2;No inventariada;;9;10;1;2;;7;1;1;;;1;998
5;4;14;46;46250;;3;2;No inventariada;;9;4;1;1;;1;1;1;;;1;998
5;4;10;46;46250;;3;2;No inventariada;;9;10;2;;;1;1;1;;;1;998
5;2;14;46;46250;;3;2;No inventariada;;9;2;1;2;;1;1;1;;;9;998
5;1;2;46;46250;;3;2;No inventariada;;9;10;2;;;3;4;1;;;1;998
5;4;17;46;46250;;3;2;No inventariada;;9;2;2;;;1;1;1;;;1;998
5;7;8;46;46250;;3;2;No inventariada;;9;10;2;;;1;1;1;;;1;998
5;6;14;46;46250;;3;2;No inventariada;;9;6;2;;;1;1;1;;;1;998
5;5;23;46;46250;;3;2;No inventariada;;9;3;1;1;;1;4;1;;;1;998
5;4;12;46;46250;;3;2;No inventariada;;9;20;2;;;1;1;1;;;1;998
5;5;9;46;46250;;3;2;No inventariada;;9;2;2;;;1;1;1;;;1;998
5;7;22;46;46250;;3;2;No inventariada;;9;10;2;;;1;4;1;;;1;998
5;1;0;46;46250;;3;2;No inventariada;;9;10;2;;;1;1;1;;;1;998
5;5;6;46;46250;;3;2;No inventariada;;9;2;1;2;;1;3;1;;;1;998
5;3;21;46;46250;;3;2;No inventariada;;9;10;1;4;;1;1;2;;;1;998
5;7;23;46;46250;;3;2;No inventariada;;9;10;2;;;1;4;1;;;1;998
5;7;14;46;46250;;3;2;No inventariada;;9;2;1;2;;1;1;1;;;1;998
5;1;10;46;46250;;3;2;No inventariada;;9;10;1;2;;1;1;1;;;1;998
8;7;15;46;46250;;3;2;No inventariada;;9;2;1;2;;1;1;1;;;1;998
5;7;13;46;46250;;3;2;No inventariada;;9;10;2;;;1;1;1;;;1;998
5;5;11;46;46250;;3;2;No inventariada;;9;10;1;2;;1;1;1;;;1;998
5;5;19;46;46250;;3;2;No inventariada;;9;2;1;2;;1;1;1;;;1;998
5;6;19;46;46250;;3;2;No inventariada;;9;2;2;;;1;1;1;;;1;998
5;1;18;46;46250;;3;2;No inventariada;;9;10;2;;;1;1;1;;;1;998
5;7;11;46;46250;;3;2;No inventariada;;9;3;2;;;1;1;1;;;1;998
5;4;21;46;46250;;3;2;No inventariada;;9;10;2;;;1;1;1;;;1;998
5;5;5;46;46250;;3;2;No inventariada;;9;2;2;;;1;1;1;;;1;998
5;2;17;46;46250;;3;2;No inventariada;;9;4;1;4;;1;1;1;;;1;998
5;6;16;46;46250;;3;2;No inventariada;;9;2;2;;;1;4;1;;;1;998
5;6;12;46;46250;;3;2;No inventariada;;9;2;2;;;1;1;1;;;1;998
5;7;20;46;46250;;3;2;No inventariada;;9;6;2;;;1;4;1;;;1;998
5;1;9;46;46250;;3;2;No inventariada;;9;1;1;1;;1;1;1;;;1;998
8;7;21;46;46250;;3;2;No inventariada;;9;4;1;1;;1;2;1;;;1;998
5;1;14;46;46250;;3;2;No inventariada;;9;4;1;1;;1;1;1;;;1;998
7;7;18;46;46250;;3;2;No inventariada;;9;4;1;4;;1;1;1;;;1;998
7;7;1;46;46250;;3;2;No inventariada;;9;7;2;;;1;4;1;;;1;998
5;1;7;46;46250;;3;2;No inventariada;;9;4;2;;;1;1;1;;;1;998
8;1;12;46;46250;;3;2;No inventariada;;9;2;2;;;1;1;1;;;1;998
8;1;14;46;46250;;3;2;No inventariada;;9;2;1;1;;1;1;1;;;1;998
5;1;15;46;46250;;3;2;No inventariada;;9;2;2;;;1;1;1;;;1;998
5;5;12;46;46250;;3;2;No inventariada;;9;10;2;;;1;1;1;;;1;998
5;1;17;46;46250;;3;2;No inventariada;;9;20;2;;;1;1;1;;;1;998
5;7;20;46;46250;;3;2;No inventariada;;9;2;1;1;;1;1;1;;;1;998
5;2;12;46;46250;;3;2;No inventariada;;9;7;1;2;;1;1;1;;;1;998
5;3;9;46;46250;;3;2;No inventariada;;9;4;1;1;;1;1;1;;;1;998
5;2;9;46;46250;;3;2;No inventariada;;9;3;2;;;1;1;1;;;1;998
8;1;22;46;46250;;3;2;No inventariada;;9;4;2;;;1;4;1;;;1;998
5;4;8;46;46250;;3;2;No inventariada;;9;3;1;4;;1;1;1;;;1;998
5;2;10;46;46250;;3;2;No inventariada;;9;5;2;;;1;1;1;;;1;998
8;1;15;46;46250;;3;2;No inventariada;;9;3;2;;;1;1;1;;;1;998
5;2;13;46;46250;;3;2;No inventariada;;9;7;2;;;1;1;1;;;1;998
5;2;20;46;46250;;3;2;No inventariada;;9;2;2;;;1;1;1;;;6;998
5;3;7;46;46250;;3;2;No inventariada;;9;10;2;;;1;1;1;;;1;998
5;3;12;46;46250;;3;2;No inventariada;;9;9;2;;;1;1;1;;;1;998
5;4;19;46;46250;;3;2;No inventariada;;9;3;2;;;1;1;1;;;1;998
5;4;7;46;46250;;3;2;No inventariada;;9;10;2;;;2;1;1;;;1;998
6;7;0;46;46250;;3;2;No inventariada;;9;7;2;;;1;1;1;;;1;998
6;6;15;46;46250;;3;2;No inventariada;;9;10;2;;;1;1;1;;;1;998
5;4;15;46;46250;;3;2;No inventariada;;9;2;1;4;;1;1;1;;;1;998
5;3;14;46;46250;;3;2;No inventariada;;9;2;1;4;;1;1;1;;;1;998
5;4;14;46;46250;;3;2;No inventariada;;9;10;2;;;1;1;1;;;1;998
5;4;8;46;46250;;3;2;No inventariada;;9;7;2;;;1;1;1;;;1;998
5;4;11;46;46250;;3;2;No inventariada;;9;4;2;;;1;1;1;;;1;998
5;3;15;46;46250;;3;2;No inventariada;;9;20;2;;;1;1;1;;;1;998
5;5;18;46;46250;;3;2;No inventariada;;9;10;2;;;1;1;1;;;1;998
5;3;13;46;46250;;3;2;No inventariada;;9;2;2;;;1;1;1;;;1;998
6;7;10;46;46250;;3;2;No inventariada;;9;2;2;;;1;1;1;;;1;998
5;5;21;46;46250;;3;2;No inventariada;;9;2;2;;;1;1;1;;;1;998
6;6;18;46;46250;;3;2;No inventariada;;9;7;1;2;;1;1;1;;;1;998
6;6;10;46;46250;;3;2;No inventariada;;9;7;2;;;1;1;1;;;9;998
6;7;11;46;46250;;3;2;No inventariada;;9;3;1;2;;1;1;1;;;1;998
6;6;9;46;46250;;3;2;No inventariada;;9;2;2;;;1;1;1;;;1;998
5;2;6;46;46250;;3;2;No inventariada;;9;2;1;2;;1;1;1;;;1;998
6;7;15;46;46250;;3;2;No inventariada;;9;10;2;;;1;1;1;;;1;998
5;4;12;46;46250;;3;2;No inventariada;;9;2;2;;;1;1;1;;;1;998
5;1;17;46;46250;;3;2;No inventariada;;9;7;2;;;1;1;1;;;9;998
5;6;16;46;46250;;3;2;No inventariada;;9;10;2;;;1;1;1;;;1;998
6;7;11;46;46250;;3;2;No inventariada;;9;10;2;;;1;1;1;;;1;998
6;6;16;46;46250;;3;2;No inventariada;;9;10;2;;;2;1;1;;;1;998
6;1;18;46;46250;;3;2;No inventariada;;9;10;2;;;1;1;1;;;1;998
5;5;9;46;46250;;3;2;No inventariada;;9;10;1;2;;3;1;3;;;1;998
5;2;15;46;46250;;3;2;No inventariada;;9;2;2;;;1;1;1;;;1;998
5;3;19;46;46250;;3;2;No inventariada;;9;10;2;;;1;1;1;;;1;998
5;5;16;46;46250;;3;2;No inventariada;;9;3;2;;;3;1;2;;;1;998
5;2;16;46;46250;;3;2;No inventariada;;9;2;2;;;1;1;1;;;1;998
5;1;21;46;46250;;3;2;No inventariada;;9;2;1;2;;1;1;1;;;1;998
6;1;14;46;46250;;3;2;No inventariada;;9;2;1;4;;1;1;1;;;1;998
6;2;14;46;46250;;3;2;No inventariada;;9;1;2;;;1;1;1;;;1;998
6;2;13;46;46250;;3;2;No inventariada;;9;2;1;2;;1;1;1;;;1;998
5;3;20;46;46250;;3;2;No inventariada;;9;2;1;2;;1;1;1;;;1;998
6;3;15;46;46250;;3;2;No inventariada;;9;3;2;;;1;1;1;;;1;998
5;6;15;46;46250;;3;2;No inventariada;;9;4;1;4;;1;1;1;;;1;998
5;6;7;46;46250;;3;2;No inventariada;;9;10;2;;;1;1;1;1;;1;998
6;3;12;46;46250;;3;2;No inventariada;;9;2;2;;;1;1;1;;;1;998
6;3;9;46;46250;;3;2;No inventariada;;9;5;1;2;;1;1;1;;;1;998
6;3;11;46;46250;;3;2;No inventariada;;9;7;1;1;;1;1;1;;;1;998
6;3;9;46;46250;;3;2;No inventariada;;9;4;1;2;;1;1;1;;;1;998
6;3;7;46;46250;;3;2;No inventariada;;9;4;2;;;1;1;1;;;1;998
8;2;10;46;46250;;3;2;No inventariada;;9;7;1;2;;1;1;1;;;1;998
9;4;13;46;46250;;3;2;No inventariada;;9;10;2;;;2;1;1;;;1;998
8;2;20;46;46250;;3;2;No inventariada;;9;10;2;;;1;3;1;;;1;998
6;2;10;46;46250;;3;2;No inventariada;;9;20;2;;;1;1;1;;;1;998
6;2;18;46;46250;;3;2;No inventariada;;9;10;2;;;1;1;1;;;1;998
8;2;15;46;46250;;3;2;No inventariada;;9;2;2;;;1;1;1;;;1;998
9;5;8;46;46250;;3;2;No inventariada;;9;7;1;2;;1;1;2;;;1;998
8;2;13;46;46250;;3;2;No inventariada;;9;4;2;;;1;1;1;;;1;998
6;4;0;46;46250;;3;2;No inventariada;;9;2;1;2;;1;4;1;;;1;998
6;3;15;46;46250;;3;2;No inventariada;;9;10;2;;;1;1;1;;;1;998
6;7;19;46;46250;;3;2;No inventariada;;9;4;2;;;1;1;1;;;1;998
6;1;13;46;46250;;3;2;No inventariada;;9;2;1;4;;1;1;1;;;1;998
8;2;21;46;46250;;3;2;No inventariada;;9;2;1;2;;1;4;1;;;1;998
8;2;12;46;46250;;3;2;No inventariada;;9;2;1;2;;1;1;7;;;1;998
6;4;11;46;46250;;3;2;No inventariada;;9;2;1;5;;1;1;1;;;1;998
6;4;7;46;46250;;3;2;No inventariada;;9;10;1;2;;1;1;1;;;1;998
6;3;11;46;46250;;3;2;No inventariada;;9;4;1;2;;1;1;1;;;1;998
6;2;18;46;46250;;3;2;No inventariada;;9;10;2;;;1;1;1;;;1;998
6;4;19;46;46250;;3;2;No inventariada;;9;10;2;;;1;1;1;;;1;998
6;2;13;46;46250;;3;2;No inventariada;;9;4;2;;;1;1;1;;;1;998