MES;DIA_SEMANA;HORA;COD_PROVINCIA;COD_MUNICIPIO;ISLA;ZONA;ZONA_AGRUPADA;CARRETERA;KM;TIPO_VIA;TIPO_ACCIDENTE;NUDO;NUDO_INFO;CARRETERA_CRUCE;CONDICION_FIRME;CONDICION_ILUMINACION;CONDICION_METEO;CONDICION_NIEBLA;CONDICION_VIENTO;VISIB_RESTRINGIDA_POR;TRAZADO_PLANTA
6;4;16;46;46250;;3;2;No inventariada;;9;2;1;2;;1;1;1;;;1;998
6;4;20;46;46250;;3;2;No inventariada;;9;2;2;;;1;1;1;;;1;998
6;6;19;46;46250;;3;2;No inventariada;;9;1;2;;;1;1;1;;;1;998
6;4;14;46;46250;;3;2;No inventariada;;9;10;2;;;1;1;1;;;1;998
6;5;16;46;46250;;3;2;No inventariada;;9;4;2;;;1;1;1;;;1;998
6;6;20;46;46250;;3;2;No inventariada;;9;4;2;;;1;1;1;;;1;998
6;7;17;46;46250;;3;2;No inventariada;;9;2;1;1;;1;1;2;;;1;998
6;4;13;46;46250;;3;2;No inventariada;;9;2;2;;;1;1;1;;;1;998
6;6;3;46;46250;;3;2;No inventariada;;9;10;2;;;1;1;1;;;1;998
6;3;20;46;46250;;3;2;No inventariada;;9;10;2;;;1;1;1;;;1;998
6;4;13;46;46250;;3;2;No inventariada;;9;10;2;;;1;1;1;;;1;998
6;6;16;46;46250;;3;2;No inventariada;;9;2;2;;;1;1;2;;;1;998
6;5;18;46;46250;;3;2;No inventariada;;9;6;2;;;1;1;1;;;3;998
6;1;9;46;46250;;3;2;No inventariada;;9;10;2;;;1;1;1;;;1;998
6;6;0;46;46250;;3;2;No inventariada;;9;2;1;1;;1;4;1;;;1;998
6;1;11;46;46250;;3;2;No inventariada;;9;7;2;;;1;1;1;;;12;998
6;2;11;46;46250;;3;2;No inventariada;;9;2;2;;;3;1;3;;;1;998
6;4;13;46;46250;;3;2;No inventariada;;9;7;2;;;1;1;1;;;1;998
6;1;18;46;46250;;3;2;No inventariada;;9;7;2;;;3;2;3;;;1;998
9;5;22;46;46250;;1;1;V-30;7;3;4;1;12;CV-36;1;4;1;;;1;1
6;5;18;46;46250;;3;2;No inventariada;;9;4;2;;;1;2;2;;;1;998
6;2;11;46;46250;;3;2;No inventariada;;9;10;1;2;;1;1;1;;;1;998
6;6;13;46;46250;;3;2;No inventariada;;9;3;1;1;;1;1;1;;;1;998
6;7;18;46;46250;;3;2;No inventariada;;9;9;2;;;1;1;1;;;1;998
6;2;11;46;46250;;3;2;No inventariada;;9;10;2;;;3;1;3;;;1;998
6;2;10;46;46250;;3;2;No inventariada;;9;7;1;2;;3;1;3;;;1;998
5;7;17;46;46250;;3;2;No inventariada;;9;10;2;;;1;1;1;;;1;998
6;6;7;46;46250;;3;2;No inventariada;;9;4;2;;;1;1;1;;;1;998
6;7;3;46;46250;;3;2;No inventariada;;9;10;2;;;1;3;1;;;1;998
6;2;9;46;46250;;3;2;No inventariada;;9;10;2;;;3;1;4;;;1;998
6;5;8;46;46250;;3;2;No inventariada;;9;10;2;;;1;1;1;;;1;998
6;2;12;46;46250;;3;2;No inventariada;;9;7;2;;;3;1;4;;;1;998
6;3;21;46;46250;;3;2;No inventariada;;9;4;2;;;1;4;1;;;1;998
9;6;1;46;46250;;3;2;No inventariada;;9;10;2;;;1;4;1;;;1;998
6;3;16;46;46250;;3;2;No inventariada;;9;4;2;;;1;1;1;;;1;998
6;4;20;46;46250;;3;2;No inventariada;;9;1;1;2;;1;1;1;;;1;998
6;4;14;46;46250;;3;2;No inventariada;;9;4;1;2;;1;1;1;;;1;998
6;2;18;46;46250;;3;2;No inventariada;;9;10;2;;;1;1;1;;;1;998
9;6;9;46;46250;;3;2;No inventariada;;9;3;1;1;;1;1;1;;;1;998
8;7;10;46;46250;;3;2;No inventariada;;9;7;2;;;1;1;1;;;1;998
6;5;8;46;46250;;3;2;No inventariada;;9;2;2;;;1;1;1;;;1;998
6;5;13;46;46250;;3;2;No inventariada;;9;3;2;;;1;1;1;;;1;998
6;5;7;46;46250;;3;2;No inventariada;;9;3;2;;;1;1;1;;;1;998
6;5;16;46;46250;;3;2;No inventariada;;9;10;2;;;1;1;1;;;1;998
6;7;23;46;46250;;3;2;No inventariada;;9;10;2;;;1;4;1;;;1;998
6;7;13;46;46250;;3;2;No inventariada;;9;10;2;;;1;1;1;;;1;998
6;1;8;46;46250;;3;2;No inventariada;;9;4;2;;;1;1;1;;;1;998
6;1;22;46;46250;;3;2;No inventariada;;9;10;2;;;1;1;1;;;1;998
6;1;16;46;46250;;3;2;No inventariada;;9;10;2;;;1;1;1;;;1;998
6;1;14;46;46250;;3;2;No inventariada;;9;3;2;;;1;1;1;;;1;998
6;7;22;46;46250;;3;2;No inventariada;;9;4;1;4;;1;4;1;;;1;998
6;5;20;46;46250;;3;2;No inventariada;;9;10;2;;;1;2;1;;;1;998
6;1;19;46;46250;;3;2;No inventariada;;9;4;2;;;1;1;1;;;1;998
6;2;14;46;46250;;3;2;No inventariada;;9;9;2;;;1;1;1;;;1;998
6;1;13;46;46250;;3;2;No inventariada;;9;7;1;1;;1;1;1;;;1;998
6;1;22;46;46250;;3;2;No inventariada;;9;10;1;2;;2;4;1;;;1;998
6;5;8;46;46250;;3;2;No inventariada;;9;4;2;;;1;1;1;;;1;998
6;5;12;46;46250;;3;2;No inventariada;;9;2;1;4;;1;4;1;;;1;998
6;3;14;46;46250;;3;2;No inventariada;;9;2;1;1;;1;1;1;;;1;998
6;3;13;46;46250;;3;2;No inventariada;;9;7;2;;;1;1;1;;;1;998
9;7;6;46;46250;;3;2;No inventariada;;9;2;1;1;;1;3;1;;;1;998
9;7;10;46;46250;;3;2;No inventariada;;9;2;1;1;;1;1;1;;;1;998
9;6;10;46;46250;;3;2;No inventariada;;9;6;1;2;;1;1;1;;;1;998
6;6;21;46;46250;;3;2;No inventariada;;9;7;2;;;3;4;3;;;16;998
6;5;15;46;46250;;3;2;No inventariada;;9;2;1;1;;1;2;1;;;1;998
6;6;13;46;46250;;3;2;No inventariada;;9;4;2;;;1;1;1;;;1;998
6;6;8;46;46250;;3;2;No inventariada;;9;2;1;2;;1;1;1;;;1;998
6;6;13;46;46250;;3;2;No inventariada;;9;2;2;;;1;1;1;;;1;998
6;5;11;46;46250;;3;2;No inventariada;;9;3;2;;;1;1;1;;;1;998
6;4;10;46;46250;;3;2;No inventariada;;9;10;2;;;1;1;1;;;1;998
6;4;8;46;46250;;3;2;No inventariada;;9;10;2;;;1;1;1;;;1;998
6;5;19;46;46250;;3;2;No inventariada;;9;7;1;4;;1;1;1;;;1;998
6;4;7;46;46250;;3;2;No inventariada;;9;4;2;;;1;1;1;;;1;998
6;4;22;46;46250;;3;2;No inventariada;;9;10;2;;;1;4;1;;;1;998
6;4;17;46;46250;;3;2;No inventariada;;9;3;1;2;;1;1;1;;;1;998
8;4;13;46;46250;;3;2;No inventariada;;9;4;1;1;;1;1;1;;;1;998
6;4;9;46;46250;;3;2;No inventariada;;9;4;2;;;1;1;1;;;1;998
6;2;9;46;46250;;3;2;No inventariada;;9;10;2;;;1;1;1;;;1;998
6;2;14;46;46250;;3;2;No inventariada;;9;1;2;;;1;1;1;;;1;998
6;3;14;46;46250;;3;2;No inventariada;;9;2;2;;;1;1;1;;;1;998
8;7;17;46;46250;;3;2;No inventariada;;9;6;2;;;1;1;1;;;1;998
8;7;2;46;46250;;3;2;No inventariada;;9;3;2;;;1;4;1;;;1;998
6;4;16;46;46250;;3;2;No inventariada;;9;2;2;;;1;1;1;;;1;998
9;4;20;46;46250;;3;2;No inventariada;;9;2;2;;;1;1;1;;;11;998
7;1;15;46;46250;;3;2;No inventariada;;9;7;2;;;1;1;1;;;1;998
8;3;19;46;46250;;3;2;No inventariada;;9;10;1;2;;3;1;1;;;1;998
6;7;10;46;46250;;3;2;No inventariada;;9;10;2;;;1;1;1;;;1;998
6;6;10;46;46250;;3;2;No inventariada;;9;4;1;2;;1;1;1;;;1;998
6;5;9;46;46250;;3;2;No inventariada;;9;1;1;1;;1;1;1;;;1;998
6;5;8;46;46250;;3;2;No inventariada;;9;3;2;;;1;1;1;;;1;998
6;4;14;46;46250;;3;2;No inventariada;;9;4;1;1;;1;1;1;;;1;998
8;3;18;46;46250;;3;2;No inventariada;;9;10;1;2;;3;1;3;;;1;998
6;5;18;46;46250;;3;2;No inventariada;;9;4;1;2;;1;1;1;;;1;998
6;7;21;46;46250;;3;2;No inventariada;;9;10;2;;;1;2;1;;;1;998
6;5;16;46;46250;;3;2;No inventariada;;9;3;2;;;1;1;1;;;1;998
6;7;19;46;46250;;3;2;No inventariada;;9;10;2;;;1;1;1;;;1;998
8;5;1;46;46250;;3;2;No inventariada;;9;10;1;2;;1;4;1;;;1;998
8;5;18;46;46250;;3;2;No inventariada;;9;20;1;2;;1;1;7;;;1;998
6;1;20;46;46250;;3;2;No inventariada;;9;7;1;2;;1;1;1;;;1;998
9;1;8;46;46250;;3;2;No inventariada;;9;4;1;1;;1;1;1;;;1;998
8;5;10;46;46250;;3;2;No inventariada;;9;10;2;;;1;1;1;;;1;998
8;3;20;46;46250;;3;2;No inventariada;;9;10;2;;;3;3;3;;;1;998
6;5;12;46;46250;;3;2;No inventariada;;9;10;1;1;;1;1;1;;;1;998
9;1;8;46;46250;;3;2;No inventariada;;9;3;1;2;;1;1;1;;;9;998
8;5;16;46;46250;;3;2;No inventariada;;9;4;1;2;;1;1;1;;;1;998
6;1;5;46;46250;;3;2;No inventariada;;9;2;1;5;;3;4;3;;;1;998
8;3;17;46;46250;;3;2;No inventariada;;9;3;1;1;;3;1;3;;;1;998
6;3;17;46;46250;;3;2;No inventariada;;9;6;1;2;;1;1;1;;;1;998
9;1;11;46;46250;;3;2;No inventariada;;9;2;2;;;1;1;1;;;1;998
9;5;8;46;46250;;3;2;No inventariada;;9;4;1;1;;1;1;2;;;1;998
8;4;12;46;46250;;3;2;No inventariada;;9;10;2;;;1;1;1;;;1;998
8;3;14;46;46250;;3;2;No inventariada;;9;1;1;1;;1;1;1;;;1;998
8;4;0;46;46250;;3;2;No inventariada;;9;4;1;2;;1;1;1;;;1;998
8;4;13;46;46250;;3;2;No inventariada;;9;2;1;1;;1;1;1;;;1;998
8;4;19;46;46250;;3;2;No inventariada;;9;2;1;1;;1;1;1;;;1;998
6;1;1;46;46250;;3;2;No inventariada;;9;10;1;5;;1;4;1;;;3;998
6;7;17;46;46250;;3;2;No inventariada;;9;7;2;;;1;1;1;;;1;998
6;5;12;46;46250;;3;2;No inventariada;;9;2;2;;;1;1;1;;;1;998
6;1;16;46;46250;;3;2;No inventariada;;9;10;2;;;1;1;1;;;1;998
6;2;18;46;46250;;3;2;No inventariada;;9;2;1;2;;1;1;1;;;1;998
6;6;13;46;46250;;3;2;No inventariada;;9;10;2;;;1;1;1;;;1;998
6;1;10;46;46250;;3;2;No inventariada;;9;10;1;2;;3;1;2;;;1;998
6;2;15;46;46250;;3;2;No inventariada;;9;10;2;;;1;1;1;;;1;998
6;2;15;46;46250;;3;2;No inventariada;;9;3;2;;;1;1;1;;;1;998
6;7;12;46;46250;;3;2;No inventariada;;9;10;2;;;1;1;1;;;1;998
6;7;18;46;46250;;3;2;No inventariada;;9;10;2;;;1;1;1;;;1;998
6;7;15;46;46250;;3;2;No inventariada;;9;2;2;;;1;1;1;;;1;998
8;7;1;46;46250;;3;2;No inventariada;;9;20;2;;;1;3;1;;;1;998
9;2;7;46;46250;;3;2;No inventariada;;9;2;1;1;;1;1;1;;;1;998
8;1;12;46;46250;;3;2;No inventariada;;9;10;2;;;1;1;1;;;1;998
6;4;9;46;46250;;3;2;No inventariada;;9;10;2;;;1;1;1;;;1;998
6;6;14;46;46250;;3;2;No inventariada;;9;2;1;2;;1;1;1;;;1;998
8;1;22;46;46250;;3;2;No inventariada;;9;1;2;;;1;4;1;;;1;998
8;1;20;46;46250;;3;2;No inventariada;;9;10;1;1;;1;2;1;;;1;998
8;1;15;46;46250;;3;2;No inventariada;;9;4;1;1;;1;1;1;;;1;998
9;2;9;46;46250;;3;2;No inventariada;;9;4;2;;;1;1;1;;;1;998
6;6;15;46;46250;;3;2;No inventariada;;9;10;1;1;;8;1;1;;;1;998
6;3;13;46;46250;;3;2;No inventariada;;9;7;2;;;1;1;1;;;1;998
5;1;9;46;46250;;3;2;No inventariada;;9;10;1;2;;1;1;1;;;1;998
6;1;10;46;46250;;3;2;No inventariada;;9;7;2;;;1;1;1;;;1;998
6;3;12;46;46250;;3;2;No inventariada;;9;7;2;;;1;1;1;;;1;998
6;1;1;46;46250;;3;2;No inventariada;;9;10;1;1;;3;3;2;;;1;998
6;3;15;46;46250;;3;2;No inventariada;;9;2;1;1;;1;1;1;;;1;998
6;2;11;46;46250;;3;2;No inventariada;;9;10;2;;;1;1;1;;;1;998
8;6;18;46;46250;;3;2;No inventariada;;9;3;1;1;;1;1;1;;;1;998
8;1;19;46;46250;;3;2;No inventariada;;9;5;1;2;;1;1;1;;;1;998
6;4;22;46;46250;;3;2;No inventariada;;9;2;1;1;;1;3;1;;;1;998
8;1;12;46;46250;;3;2;No inventariada;;9;7;1;1;;1;1;1;;;1;998
6;2;13;46;46250;;3;2;No inventariada;;9;3;1;1;;1;1;1;;;1;998
6;4;19;46;46250;;3;2;No inventariada;;9;2;2;;;1;1;1;;;1;998
6;3;7;46;46250;;3;2;No inventariada;;9;4;1;4;;1;1;1;;;1;998
6;1;14;46;46250;;3;2;No inventariada;;9;10;2;;;1;1;1;;;1;998
6;6;17;46;46250;;3;2;No inventariada;;9;2;1;2;;1;1;1;;;1;998
6;7;15;46;46250;;3;2;No inventariada;;9;3;2;;;1;1;1;;;1;998
6;5;11;46;46250;;3;2;No inventariada;;9;7;2;;;1;1;1;;;1;998
6;1;11;46;46250;;3;2;No inventariada;;9;3;2;;;1;1;1;;;1;998
6;2;9;46;46250;;3;2;No inventariada;;9;4;2;;;1;1;1;;;1;998
9;2;0;46;46250;;3;2;No inventariada;;9;2;2;;;1;5;1;;;1;998
6;4;10;46;46250;;3;2;No inventariada;;9;7;1;5;;1;1;1;;;1;998
6;7;13;46;46250;;3;2;No inventariada;;9;4;2;;;3;1;1;;;1;998
6;3;17;46;46250;;3;2;No inventariada;;9;7;2;;;1;1;1;;;1;998
6;7;15;46;46250;;3;2;No inventariada;;9;4;2;;;1;1;1;;;1;998
6;4;12;46;46250;;3;2;No inventariada;;9;10;2;;;3;3;1;;;1;998
6;5;23;46;46250;;3;2;No inventariada;;9;2;1;2;;1;4;1;;;1;998
6;3;20;46;46250;;3;2;No inventariada;;9;3;2;;;1;1;1;;;1;998
6;7;16;46;46250;;3;2;No inventariada;;9;4;1;1;;1;1;1;;;1;998
6;4;16;46;46250;;3;2;No inventariada;;9;2;1;4;;1;1;1;;;1;998
6;4;14;46;46250;;3;2;No inventariada;;9;10;1;2;;1;1;1;;;1;998
6;4;11;46;46250;;3;2;No inventariada;;9;2;1;2;;1;1;1;;;1;998
6;4;19;46;46250;;3;2;No inventariada;;9;10;1;1;;1;1;1;;;1;998
6;4;11;46;46250;;3;2;No inventariada;;9;2;1;4;;1;1;1;;;1;998
6;3;22;46;46250;;3;2;No inventariada;;9;10;1;4;;1;4;1;;;1;998
6;5;10;46;46250;;3;2;No inventariada;;9;4;2;;;1;1;1;;;1;998
6;4;9;46;46250;;3;2;No inventariada;;9;4;1;4;;1;1;1;;;1;998
6;4;10;46;46250;;3;2;No inventariada;;9;2;2;;;1;1;1;;;1;998
6;3;15;46;46250;;3;2;No inventariada;;9;2;1;2;;1;1;1;;;1;998
6;3;3;46;46250;;3;2;No inventariada;;9;10;1;1;;1;3;1;;;1;998
8;2;11;46;46250;;3;2;No inventariada;;9;2;1;1;;1;2;1;;;1;998
9;3;8;46;46250;;1;1;CV-500;0,1;5;4;2;;;3;1;3;;;1;1
8;3;5;46;46250;;3;2;No inventariada;;9;10;2;;;1;4;1;;;1;998
8;3;19;46;46250;;3;2;No inventariada;;9;1;2;;;1;1;1;;;1;998
8;3;16;46;46250;;3;2;No inventariada;;9;2;1;1;;1;1;1;;;1;998
8;3;9;46;46250;;3;2;No inventariada;;9;10;2;;;1;1;1;;;1;998
8;3;23;46;46250;;3;2;No inventariada;;9;4;2;;;1;4;1;;;1;998
8;3;2;46;46250;;3;2;No inventariada;;9;10;2;;;1;4;1;;;1;998
9;3;14;46;46250;;3;2;No inventariada;;9;7;2;;;3;1;3;;;1;998
9;2;17;46;46250;;3;2;No inventariada;;9;7;2;;;1;1;1;;;9;998
6;4;9;46;46250;;3;2;No inventariada;;9;10;2;;;1;1;1;;;1;998
6;4;5;46;46250;;3;2;No inventariada;;9;2;1;1;;1;4;1;;;1;998
6;5;10;46;46250;;3;2;No inventariada;;9;3;2;;;1;5;1;;;1;998
6;5;10;46;46250;;3;2;No inventariada;;9;3;2;;;1;1;1;;;1;998
6;5;15;46;46250;;3;2;No inventariada;;9;3;2;;;1;1;2;;;1;998
6;5;15;46;46250;;3;2;No inventariada;;9;4;1;4;;1;1;2;;;1;998
6;5;13;46;46250;;3;2;No inventariada;;9;1;2;;;1;1;1;;;1;998
6;5;17;46;46250;;3;2;No inventariada;;9;2;1;2;;1;2;2;;;1;998
6;5;21;46;46250;;3;2;No inventariada;;9;7;1;2;;9;4;1;;;18;998
6;5;15;46;46250;;3;2;No inventariada;;9;3;1;4;;1;1;1;;;1;998
6;5;8;46;46250;;3;2;No inventariada;;9;7;2;;;1;1;1;;;1;998
6;5;9;46;46250;;3;2;No inventariada;;9;2;2;;;1;1;1;;;1;998
6;7;13;46;46250;;3;2;No inventariada;;9;2;2;;;1;1;1;;;1;998
6;7;1;46;46250;;3;2;No inventariada;;9;1;2;;;1;1;1;;;1;998
6;3;17;46;46250;;3;2;No inventariada;;9;1;2;;;8;1;1;;;1;998
6;5;11;46;46250;;3;2;No inventariada;;9;10;2;;;1;1;1;;;1;998
6;7;2;46;46250;;3;2;No inventariada;;9;10;2;;;1;1;1;;;1;998
6;4;18;46;46250;;3;2;No inventariada;;9;7;1;2;;1;1;1;;;1;998
6;5;20;46;46250;;3;2;No inventariada;;9;10;2;;;1;1;1;;;1;998
6;7;7;46;46250;;3;2;No inventariada;;9;7;1;1;;1;1;1;;;1;998
6;5;17;46;46250;;3;2;No inventariada;;9;7;2;;;1;1;1;;;1;998
6;6;23;46;46250;;3;2;No inventariada;;9;2;2;;;1;4;1;;;1;998
6;5;15;46;46250;;3;2;No inventariada;;9;3;2;;;1;1;1;;;1;998
6;7;11;46;46250;;3;2;No inventariada;;9;2;2;;;1;1;1;;;1;998
6;4;21;46;46250;;3;2;No inventariada;;9;2;1;2;;1;1;1;;;1;998
6;6;11;46;46250;;3;2;No inventariada;;9;2;2;;;1;1;1;;;6;998
6;6;4;46;46250;;3;2;No inventariada;;9;10;1;2;;1;4;1;;;11;998
6;7;20;46;46250;;3;2;No inventariada;;9;4;1;1;;1;4;1;;;1;998
6;6;3;46;46250;;3;2;No inventariada;;9;10;2;;;1;4;1;;;1;998
6;7;12;46;46250;;3;2;No inventariada;;9;7;2;;;1;1;1;;;1;998
6;6;10;46;46250;;3;2;No inventariada;;9;2;1;5;;1;1;1;;;1;998
6;7;9;46;46250;;3;2;No inventariada;;9;4;2;;;1;1;1;;;1;998
5;7;8;46;46250;;3;2;No inventariada;;9;1;2;;;1;1;1;;;1;998
6;2;20;46;46250;;3;2;No inventariada;;9;4;1;2;;1;1;1;;;1;998
6;3;18;46;46250;;3;2;No inventariada;;9;1;2;;;1;1;1;;;1;998
6;6;14;46;46250;;3;2;No inventariada;;9;4;2;;;1;4;1;;;1;998
6;6;12;46;46250;;3;2;No inventariada;;9;1;1;4;;1;1;1;;;1;998
6;6;9;46;46250;;3;2;No inventariada;;9;2;2;;;1;1;1;;;1;998
6;6;15;46;46250;;3;2;No inventariada;;9;2;1;2;;1;1;1;;;1;998
9;4;10;46;46250;;3;2;No inventariada;;9;10;2;;;3;1;3;;;1;998
8;5;16;46;46250;;3;2;No inventariada;;9;2;1;1;;1;1;1;;;1;998
9;4;9;46;46250;;3;2;No inventariada;;9;2;1;4;;3;1;3;;;1;998
9;4;13;46;46250;;1;1;CV-30;4,7;3;12;2;;;3;1;2;;;1;2
9;4;16;46;46250;;3;2;No inventariada;;9;3;1;1;;1;1;2;;;1;998
9;5;7;46;46250;;3;2;No inventariada;;9;3;2;;;3;1;2;;;1;998
9;2;11;46;46250;;3;2;No inventariada;;9;7;2;;;1;1;1;;;1;998
9;4;8;46;46250;;3;2;No inventariada;;9;3;2;;;3;1;2;;;1;998
8;1;12;46;46250;;3;2;No inventariada;;9;10;2;;;1;1;1;;;1;998
8;4;12;46;46250;;3;2;No inventariada;;9;2;1;2;;1;1;1;;;1;998
8;4;0;46;46250;;3;2;No inventariada;;9;2;2;;;1;4;1;;;1;998
8;4;9;46;46250;;3;2;No inventariada;;9;1;1;2;;1;1;1;;;1;998
8;4;22;46;46250;;3;2;No inventariada;;9;4;1;2;;1;4;1;;;1;998
8;4;9;46;46250;;3;2;No inventariada;;9;7;1;1;;1;1;1;;;1;998
8;4;13;46;46250;;3;2;No inventariada;;9;2;1;1;;1;1;1;;;1;998
9;4;18;46;46250;;3;2;No inventariada;;9;2;1;4;;1;2;2;;;1;998
9;6;22;46;46250;;1;1;CV-500;12,836;6;12;2;;;3;6;3;;;4;1
8;5;21;46;46250;;3;2;No inventariada;;9;3;2;;;1;4;1;;;1;998
8;2;21;46;46250;;3;2;No inventariada;;9;7;2;;;1;3;1;;;1;998
9;5;14;46;46250;;3;2;No inventariada;;9;2;1;1;;1;1;1;;;9;998
8;4;13;46;46250;;3;2;No inventariada;;9;2;2;;;1;1;1;;;1;998
9;5;13;46;46250;;3;2;No inventariada;;9;2;2;;;1;1;1;;;1;998
9;2;12;46;46250;;3;2;No inventariada;;9;3;1;4;;1;1;1;;;1;998
8;6;12;46;46250;;3;2;No inventariada;;9;20;2;;;1;1;1;;;1;998
8;5;1;46;46250;;3;2;No inventariada;;9;10;2;;;1;4;1;;;1;998
9;6;10;46;46250;;3;2;No inventariada;;9;7;2;;;1;1;1;;;2;998
8;6;18;46;46250;;3;2;No inventariada;;9;2;2;;;1;1;1;;;1;998
8;5;14;46;46250;;3;2;No inventariada;;9;10;2;;;1;1;1;;;1;998
8;5;13;46;46250;;3;2;No inventariada;;9;6;2;;;1;1;1;;;1;998
8;7;21;46;46250;;3;2;No inventariada;;9;2;2;;;1;3;1;;;1;998
8;7;10;46;46250;;3;2;No inventariada;;9;7;2;;;1;1;1;;;1;998
8;7;15;46;46250;;3;2;No inventariada;;9;10;1;1;;1;1;1;;;1;998
9;5;15;46;46250;;3;2;No inventariada;;9;2;2;;;1;1;1;;;1;998
8;7;23;46;46250;;3;2;No inventariada;;9;3;2;;;1;4;1;;;1;998
8;1;11;46;46250;;3;2;No inventariada;;9;2;2;;;1;1;1;;;1;998
8;7;19;46;46250;;3;2;No inventariada;;9;2;1;1;;1;1;1;;;1;998
8;1;9;46;46250;;3;2;No inventariada;;9;6;2;;;1;1;1;;;1;998
8;6;18;46;46250;;3;2;No inventariada;;9;10;2;;;8;1;1;;;1;998
8;5;0;46;46250;;3;2;No inventariada;;9;10;2;;;1;3;1;;;1;998
8;6;13;46;46250;;3;2;No inventariada;;9;2;2;;;1;1;1;;;1;998
9;1;18;46;46250;;3;2;No inventariada;;9;10;2;;;1;1;1;;;1;998
9;5;11;46;46250;;3;2;No inventariada;;9;2;2;;;1;1;1;;;1;998
9;1;10;46;46250;;3;2;No inventariada;;9;20;1;1;;1;1;1;;;1;998
9;1;10;46;46250;;3;2;No inventariada;;9;3;2;;;1;1;1;;;1;998
8;5;17;46;46250;;3;2;No inventariada;;9;3;2;;;1;1;1;;;1;998
9;1;9;46;46250;;3;2;No inventariada;;9;7;1;2;;1;1;1;;;1;998
8;2;2;46;46250;;3;2;No inventariada;;9;3;1;4;;1;4;1;;;1;998
9;5;14;46;46250;;3;2;No inventariada;;9;4;2;;;1;1;1;;;1;998
8;2;14;46;46250;;3;2;No inventariada;;9;4;1;1;;1;1;1;;;1;998
8;6;11;46;46250;;3;2;No inventariada;;9;10;2;;;1;1;1;;;1;998
8;2;8;46;46250;0;3;2;No inventariada;;9;4;1;1;;1;1;1;;;1;998
8;1;22;46;46250;;3;2;No inventariada;;9;3;2;;;1;3;1;;;1;998
6;4;17;46;46250;;3;2;No inventariada;;9;1;2;;;1;1;1;;;1;998
6;3;14;46;46250;;3;2;No inventariada;;9;2;2;;;1;1;1;;;1;998
6;3;12;46;46250;;3;2;No inventariada;;9;7;2;;;1;1;1;;;1;998
6;4;10;46;46250;;3;2;No inventariada;;9;10;2;;;1;1;1;;;1;998
6;7;1;46;46250;;3;2;No inventariada;;9;2;1;2;;1;4;1;;;1;998
6;6;14;46;46250;;3;2;No inventariada;;9;4;2;;;1;1;1;;;1;998
6;4;12;46;46250;;3;2;No inventariada;;9;2;1;2;;1;1;1;;;1;998
6;1;12;46;46250;;3;2;No inventariada;;9;9;2;;;1;1;1;;;1;998
6;1;15;46;46250;;3;2;No inventariada;;9;2;2;;;1;1;1;;;1;998
6;5;21;46;46250;;3;2;No inventariada;;9;10;2;;;1;1;1;;;1;998
6;3;0;46;46250;;3;2;No inventariada;;9;10;1;2;;1;4;1;;;1;998
8;1;22;46;46250;;3;2;No inventariada;;9;2;1;2;;1;4;1;;;1;998
6;4;12;46;46250;;3;2;No inventariada;;9;10;1;2;;1;1;1;;;1;998
8;1;20;46;46250;;3;2;No inventariada;;9;9;2;;;1;2;1;;;1;998
6;3;19;46;46250;;3;2;No inventariada;;9;10;2;;;1;1;1;;;1;998
8;1;14;46;46250;;3;2;No inventariada;;9;4;1;1;;1;1;1;;;1;998
6;3;7;46;46250;;3;2;No inventariada;;9;7;2;;;1;1;1;;;1;998
9;5;13;46;46250;;3;2;No inventariada;;9;2;1;2;;1;1;1;;;1;998
8;5;10;46;46250;;3;2;No inventariada;;9;7;2;;;1;1;1;;;1;998
6;2;13;46;46250;;3;2;No inventariada;;9;4;1;1;;1;1;2;;;1;998
6;2;8;46;46250;;3;2;No inventariada;;9;10;1;2;;3;1;3;;;1;998