MES;DIA_SEMANA;HORA;COD_PROVINCIA;COD_MUNICIPIO;ISLA;ZONA;ZONA_AGRUPADA;CARRETERA;KM;TIPO_VIA;TIPO_ACCIDENTE;NUDO;NUDO_INFO;CARRETERA_CRUCE;CONDICION_FIRME;CONDICION_ILUMINACION;CONDICION_METEO;CONDICION_NIEBLA;CONDICION_VIENTO;VISIB_RESTRINGIDA_POR;TRAZADO_PLANTA
9;2;11;46;46250;;3;2;No inventariada;;9;2;1;2;;1;1;1;;;1;998
9;1;14;46;46250;;3;2;No inventariada;;9;1;2;;;1;1;1;;;9;998
5;5;13;46;46250;;3;2;No inventariada;;9;4;2;;;1;1;1;;;1;998
8;3;17;46;46250;;3;2;No inventariada;;9;10;2;;;1;1;1;;;1;998
6;3;9;46;46250;;3;2;No inventariada;;9;2;2;;;1;4;1;;;1;998
6;1;20;46;46250;;3;2;No inventariada;;9;2;1;2;;3;1;3;;;1;998
8;3;18;46;46250;;3;2;No inventariada;;9;10;1;1;;1;1;1;;;1;998
6;7;14;46;46250;;3;2;No inventariada;;9;2;2;;;1;1;1;;;1;998
9;7;12;46;46250;;3;2;No inventariada;;9;2;1;1;;1;1;1;;;1;998
8;3;8;46;46250;;3;2;No inventariada;;14;10;2;;;3;1;1;;;1;998
5;5;18;46;46250;;3;2;No inventariada;;9;4;2;;;1;1;1;;;1;998
5;5;14;46;46250;;3;2;No inventariada;;9;10;2;;;1;1;1;;;1;998
8;3;23;46;46250;;3;2;No inventariada;;9;10;2;;;1;4;1;;;1;998
8;4;1;46;46250;;3;2;No inventariada;;9;10;2;;;3;4;1;;;1;998
5;3;16;46;46250;;3;2;No inventariada;;9;10;2;;;1;2;1;;;1;998
8;4;19;46;46250;;3;2;No inventariada;;9;4;2;;;1;1;1;;;1;998
8;3;16;46;46250;;3;2;No inventariada;;9;10;1;2;;1;1;1;;;1;998
5;7;3;46;46250;;3;2;No inventariada;;9;6;1;2;;1;4;1;;;1;998
8;5;23;46;46250;;3;2;No inventariada;;9;4;2;;;1;4;1;;;1;998
6;7;20;46;46250;;3;2;No inventariada;;9;7;2;;;1;1;1;;;1;998
5;7;4;46;46250;;3;2;No inventariada;;9;10;2;;;1;1;1;;;1;998
5;7;0;46;46250;;3;2;No inventariada;;9;2;1;1;;1;4;1;;;1;998
5;4;16;46;46250;;3;2;No inventariada;;9;7;1;1;;1;1;1;;;1;998
8;3;7;46;46250;;3;2;No inventariada;;9;3;2;;;1;1;1;;;1;998
8;3;14;46;46250;;3;2;No inventariada;;9;4;2;;;1;1;1;;;1;998
9;1;16;46;46250;;3;2;No inventariada;;9;2;2;;;1;1;1;;;1;998
9;3;10;46;46250;;3;2;No inventariada;;9;2;1;4;;1;1;1;;;1;998
8;4;13;46;46250;;3;2;No inventariada;;9;3;1;3;;1;1;1;;;1;998
8;4;19;46;46250;;3;2;No inventariada;;9;2;2;;;1;1;1;;;1;998
8;5;18;46;46250;;3;2;No inventariada;;9;1;2;;;1;1;1;;;1;998
9;1;20;46;46250;;3;2;No inventariada;;9;4;2;;;1;1;1;;;1;998
8;3;15;46;46250;;3;2;No inventariada;;9;5;2;;;1;1;1;;;1;998
8;4;1;46;46250;;3;2;No inventariada;;9;2;2;;;1;3;1;;;2;998
8;6;5;46;46250;;3;2;No inventariada;;9;10;2;;;1;3;1;;;1;998
8;4;21;46;46250;;3;2;No inventariada;;9;4;2;;;1;3;1;;;1;998
8;5;13;46;46250;;3;2;No inventariada;;9;2;1;1;;1;1;1;;;1;998
8;6;8;46;46250;;3;2;No inventariada;;9;10;2;;;1;1;1;;;1;998
8;5;12;46;46250;;3;2;No inventariada;;9;10;1;12;;8;1;1;;;1;998
8;5;7;46;46250;;3;2;No inventariada;;9;2;1;1;;1;1;2;;;1;998
8;6;21;46;46250;;3;2;No inventariada;;9;5;2;;;1;2;1;;;1;998
9;7;10;46;46250;;3;2;No inventariada;;9;2;1;1;;1;1;1;;;9;998
8;6;12;46;46250;;3;2;No inventariada;;9;2;2;;;1;1;1;;;2;998
9;7;15;46;46250;;3;2;No inventariada;;9;4;1;2;;1;1;1;;;1;998
8;5;12;46;46250;;3;2;No inventariada;;9;2;1;2;;1;1;2;;;1;998
9;7;19;46;46250;;3;2;No inventariada;;9;2;1;1;;1;1;1;;;14;998
9;7;13;46;46250;;3;2;No inventariada;;9;20;1;1;;1;1;1;;;1;998
8;5;3;46;46250;;3;2;No inventariada;;9;2;1;1;;1;4;1;;;1;998
9;7;11;46;46250;;3;2;No inventariada;;9;10;1;1;;1;1;1;;;1;998
9;4;13;46;46250;;1;1;CV-30;4,7;3;10;2;;;3;1;2;;;1;2
9;2;19;46;46250;;3;2;No inventariada;;9;1;2;;;1;1;1;;;1;998
9;1;9;46;46250;;3;2;No inventariada;;9;20;2;;;1;1;1;;;1;998
9;4;11;46;46250;;3;2;No inventariada;;9;4;2;;;1;1;1;;;1;998
9;3;17;46;46250;;3;2;No inventariada;;9;2;2;;;1;1;1;;;9;998
9;1;8;46;46250;;3;2;No inventariada;;9;2;1;1;;1;1;1;;;1;998
9;1;12;46;46250;;3;2;No inventariada;;9;4;1;2;;1;1;2;;;1;998
9;2;7;46;46250;;3;2;No inventariada;;9;2;1;2;;1;1;1;;;1;998
9;1;9;46;46250;;3;2;No inventariada;;9;10;2;;;3;1;1;;;1;998
9;1;15;46;46250;;3;2;No inventariada;;9;2;2;;;1;1;1;;;1;998
9;1;15;46;46250;;3;2;No inventariada;;9;4;2;;;1;1;2;;;1;998
9;1;22;46;46250;;3;2;No inventariada;;9;2;2;;;1;4;1;;;1;998
9;1;17;46;46250;;3;2;No inventariada;;9;10;2;;;1;1;1;;;1;998
9;1;22;46;46250;;3;2;No inventariada;;9;3;2;;;1;4;2;;;1;998
9;3;16;46;46250;;3;2;No inventariada;;9;2;1;2;;1;1;1;;;1;998
9;5;4;46;46250;;3;2;No inventariada;;9;6;1;2;;1;3;1;;;1;998
9;1;10;46;46250;;3;2;No inventariada;;9;2;1;1;;1;1;1;;;1;998
9;7;0;46;46250;;3;2;No inventariada;;9;10;1;2;;1;3;1;;;1;998
9;1;11;46;46250;;3;2;No inventariada;;9;10;2;;;1;1;1;;;1;998
9;5;12;46;46250;;3;2;No inventariada;;9;4;2;;;1;1;1;;;1;998
9;4;11;46;46250;;3;2;No inventariada;;9;4;2;;;1;1;1;;;1;998
9;2;10;46;46250;;3;2;No inventariada;;9;3;2;;;1;1;1;;;1;998
9;5;8;46;46250;;3;2;No inventariada;;9;3;2;;;1;1;1;;;1;998
9;5;14;46;46250;;1;1;V-15;3,7;3;4;1;10;CV-500;1;1;1;;;4;2
9;4;18;46;46250;;3;2;No inventariada;;9;9;1;4;;1;1;1;;;1;998
9;6;16;46;46250;;3;2;No inventariada;;9;2;1;12;;1;1;1;;;1;998
9;5;14;46;46250;;3;2;No inventariada;;9;4;2;;;1;1;1;;;1;998
9;4;21;46;46250;;3;2;No inventariada;;9;10;2;;;1;3;1;;;1;998
9;3;15;46;46250;;3;2;No inventariada;;9;2;1;1;;1;1;1;;;1;998
9;5;11;46;46250;0;3;2;No inventariada;;9;10;2;;;1;1;1;;;1;998
9;2;17;46;46250;;3;2;No inventariada;;9;10;2;;;1;1;2;;;1;998
9;2;14;46;46250;;3;2;No inventariada;;9;3;2;;;1;1;2;;;1;998
9;2;11;46;46250;0;3;2;No inventariada;;9;10;2;;;1;1;1;;;1;998
9;2;15;46;46250;;3;2;No inventariada;;9;2;1;2;;1;1;1;;;1;998
9;2;9;46;46250;;3;2;No inventariada;;9;10;1;1;;1;1;1;;;1;998
9;6;15;46;46250;;3;2;No inventariada;;9;4;2;;;1;1;1;;;1;998
9;6;16;46;46250;;3;2;No inventariada;;9;7;2;;;1;1;1;;;1;998
9;7;2;46;46250;;3;2;No inventariada;;9;10;2;;;1;4;1;;;1;998
9;6;12;46;46250;;3;2;No inventariada;;9;2;1;2;;1;1;1;;;1;998
9;4;8;46;46250;;3;2;No inventariada;;9;10;2;;;1;1;1;;;1;998
9;7;15;46;46250;;3;2;No inventariada;;9;7;1;11;;1;1;1;;;3;998
8;4;6;46;46250;;3;2;No inventariada;;9;3;2;;;1;3;1;;;1;998
9;5;18;46;46250;;3;2;No inventariada;;9;7;2;;;1;1;1;;;9;998
9;7;15;46;46250;;3;2;No inventariada;;9;4;2;;;1;1;1;;;1;998
9;5;18;46;46250;;3;2;No inventariada;;9;10;1;2;;1;1;1;;;1;998
7;6;22;46;46250;;3;2;No inventariada;;9;2;2;;;1;4;1;;;1;998
9;1;14;46;46250;;3;2;No inventariada;;9;7;2;;;1;1;1;;;18;998
8;2;19;46;46250;;3;2;No inventariada;;9;2;1;2;;1;1;1;;;1;998
9;1;17;46;46250;;3;2;No inventariada;;9;2;1;1;;1;1;1;;;1;998
9;1;15;46;46250;;3;2;No inventariada;;9;2;2;;;1;1;1;;;9;998
9;1;17;46;46250;;3;2;No inventariada;;9;2;1;1;;1;1;1;;;1;998
9;7;6;46;46250;;3;2;No inventariada;;9;10;1;1;;1;3;1;;;1;998
10;2;1;46;46250;;3;2;No inventariada;;9;10;1;1;;1;4;1;;;1;998
9;3;17;46;46250;;3;2;No inventariada;;9;3;1;1;;1;1;1;;;1;998
9;3;10;46;46250;;3;2;No inventariada;;9;7;1;2;;3;1;2;;;1;998
9;1;13;46;46250;;3;2;No inventariada;;9;7;2;;;1;1;1;;;1;998
10;2;7;46;46250;;3;2;No inventariada;;9;2;2;;;1;1;1;;;1;998
10;2;9;46;46250;;3;2;No inventariada;;9;4;2;;;1;1;1;;;1;998
9;3;8;46;46250;;3;2;No inventariada;;9;10;2;;;3;1;3;;;1;998
9;7;0;46;46250;;3;2;No inventariada;;9;2;1;2;;1;3;1;;;1;998
10;2;15;46;46250;;3;2;No inventariada;;9;10;1;1;;8;1;1;;;1;998
9;1;20;46;46250;;3;2;No inventariada;;9;3;1;1;;1;3;1;;;1;998
9;6;22;46;46250;;3;2;No inventariada;;9;20;2;;;1;4;1;;;1;998
9;6;12;46;46250;;3;2;No inventariada;;14;10;2;;;1;1;1;;;1;998
10;3;9;46;46250;;3;2;No inventariada;;9;1;2;;;1;1;1;;;11;998
10;3;12;46;46250;;3;2;No inventariada;;9;2;1;2;;8;1;1;;;1;998
10;3;13;46;46250;;3;2;No inventariada;;9;4;2;;;1;1;1;;;1;998
9;1;19;46;46250;;3;2;No inventariada;;9;4;2;;;1;3;1;;;1;998
10;4;9;46;46250;;3;2;No inventariada;;9;10;2;;;1;1;1;;;1;998
10;3;11;46;46250;;3;2;No inventariada;;9;2;1;1;;1;1;1;;;9;998
10;4;13;46;46250;;1;1;CV-36;0,2;3;4;1;12;CV-36;1;1;1;;;1;1
10;3;20;46;46250;;3;2;No inventariada;;9;2;1;1;;1;4;1;;;1;998
10;4;16;46;46250;;3;2;No inventariada;;9;10;1;1;;1;1;1;;;1;998
8;5;3;46;46250;;3;2;No inventariada;;9;20;2;;;1;4;1;;;18;998
9;4;21;46;46250;;1;1;V-30;7;3;4;1;2;;1;5;1;;;1;1
10;4;10;46;46250;;3;2;No inventariada;;9;20;2;;;1;1;1;;;1;998
10;5;7;46;46250;;3;2;No inventariada;;9;4;1;2;;1;1;1;;;1;998
10;5;9;46;46250;;3;2;No inventariada;;9;10;1;1;;3;1;1;;;1;998
10;2;10;46;46250;;3;2;No inventariada;;9;1;1;2;;1;1;1;;;6;998
10;4;10;46;46250;;3;2;No inventariada;;9;4;1;2;;1;1;1;;;6;998
10;5;14;46;46250;;3;2;No inventariada;;9;4;1;1;;1;1;1;;;1;998
8;6;19;46;46250;;3;2;No inventariada;;9;3;1;1;;1;1;1;;;1;998
10;5;20;46;46250;;3;2;No inventariada;;9;3;1;2;;1;4;1;;;1;998
10;4;0;46;46250;;3;2;No inventariada;;9;10;2;;;1;3;1;;;1;998
9;3;18;46;46250;;3;2;No inventariada;;9;9;2;;;3;1;3;;;1;998
10;6;15;46;46250;;3;2;No inventariada;;9;7;2;;;1;1;1;;;1;998
10;2;9;46;46250;;3;2;No inventariada;;9;2;1;1;;1;1;1;;;1;998
10;4;20;46;46250;;3;2;No inventariada;;9;7;2;;;1;1;1;;;1;998
10;4;22;46;46250;;3;2;No inventariada;;9;2;2;;;1;4;1;;;1;998
9;3;18;46;46250;;3;2;No inventariada;;9;1;2;;;1;1;1;;;18;998
9;3;14;46;46250;;3;2;No inventariada;;9;10;2;;;3;1;3;;;1;998
9;6;6;46;46250;;3;2;No inventariada;;9;10;2;;;1;3;1;;;1;998
9;1;18;46;46250;;3;2;No inventariada;;9;9;1;2;;1;1;1;;;1;998
9;7;1;46;46250;;3;2;No inventariada;;9;7;2;;;3;4;3;;;1;998
9;2;12;46;46250;;3;2;No inventariada;;9;2;1;1;;9;1;7;;;1;998
9;3;14;46;46250;;3;2;No inventariada;;9;2;1;2;;1;1;1;;;1;998
8;2;11;46;46250;;3;2;No inventariada;;9;4;2;;;1;1;1;;;1;998
8;2;17;46;46250;;3;2;No inventariada;;9;2;1;2;;1;1;1;;;9;998
8;6;10;46;46250;;3;2;No inventariada;;9;6;1;2;;1;1;1;;;1;998
10;6;22;46;46250;;3;2;No inventariada;;9;7;2;;;1;4;1;;;1;998
10;2;18;46;46250;;3;2;No inventariada;;9;4;1;1;;1;1;1;;;1;998
10;1;10;46;46250;;3;2;No inventariada;;9;10;1;2;;1;1;2;;;18;998
10;1;12;46;46250;;3;2;No inventariada;;9;4;1;4;;1;1;1;;;1;998
10;1;13;46;46250;;3;2;No inventariada;;9;10;2;;;1;1;1;;;1;998
10;1;14;46;46250;;3;2;No inventariada;;9;6;1;4;;1;1;1;;;1;998
9;4;9;46;46250;;3;2;No inventariada;;9;10;1;1;;3;1;2;;;1;998
9;3;4;46;46250;;3;2;No inventariada;;9;10;2;;;3;4;2;;;1;998
9;4;1;46;46250;;3;2;No inventariada;;9;6;1;1;;3;4;2;;;1;998
9;4;8;46;46250;;3;2;No inventariada;;9;2;1;1;;3;1;2;;;1;998
10;5;11;46;46250;;3;2;No inventariada;;9;7;1;2;;1;1;1;;;1;998
10;2;9;46;46250;;3;2;No inventariada;;9;3;1;2;;1;1;1;;;1;998
10;2;9;46;46250;;3;2;No inventariada;;9;2;1;1;;1;1;1;;;1;998
10;5;19;46;46250;;3;2;No inventariada;;9;10;2;;;1;3;1;;;1;998
9;4;22;46;46250;;3;2;No inventariada;;9;2;2;;;3;4;2;;;1;998
9;4;20;46;46250;;3;2;No inventariada;;9;1;2;;;3;1;1;;;1;998
9;4;19;46;46250;;3;2;No inventariada;;9;10;2;;;3;1;3;;;1;998
9;5;13;46;46250;;3;2;No inventariada;;9;10;2;;;1;1;1;;;1;998
10;2;16;46;46250;;3;2;No inventariada;;9;20;1;2;;1;1;2;;;1;998
8;2;16;46;46250;;3;2;No inventariada;;9;3;2;;;1;1;1;;;1;998
9;5;13;46;46250;;3;2;No inventariada;;9;4;2;;;1;1;1;;;1;998
10;4;17;46;46250;;3;2;No inventariada;;9;20;2;;;1;1;1;;;1;998
7;3;18;46;46250;;3;2;No inventariada;;9;3;1;2;;1;1;1;;;1;998
10;4;0;46;46250;;3;2;No inventariada;;9;4;1;1;;1;4;1;;;1;998
9;4;20;46;46250;;3;2;No inventariada;;9;10;1;1;;9;4;7;;;1;998
10;4;7;46;46250;;3;2;No inventariada;;9;2;2;;;1;1;1;;;1;998
10;3;14;46;46250;;3;2;No inventariada;;9;10;1;2;;1;1;1;;;1;998
10;1;13;46;46250;;3;2;No inventariada;;9;7;2;;;1;1;1;;;1;998
10;4;11;46;46250;;3;2;No inventariada;;9;2;1;2;;1;1;2;;;1;998
10;4;11;46;46250;;3;2;No inventariada;;9;7;1;2;;1;1;2;;;1;998
9;5;11;46;46250;;3;2;No inventariada;;9;2;1;2;;1;1;1;;;1;998
9;5;17;46;46250;;3;2;No inventariada;;9;10;1;2;;1;1;1;;;1;998
9;5;13;46;46250;;3;2;No inventariada;;9;2;1;1;;1;1;1;;;1;998
9;5;9;46;46250;;3;2;No inventariada;;9;2;1;1;;1;1;1;;;1;998
10;4;15;46;46250;;3;2;No inventariada;;9;7;1;2;;1;1;1;;;1;998
9;5;17;46;46250;;3;2;No inventariada;;9;6;2;;;1;1;1;;;1;998
9;5;17;46;46250;;3;2;No inventariada;;9;10;2;;;1;1;1;;;1;998
9;5;20;46;46250;;3;2;No inventariada;;9;2;2;;;1;1;1;;;1;998
10;4;15;46;46250;;3;2;No inventariada;;9;1;2;;;1;1;1;;;1;998
9;5;15;46;46250;;3;2;No inventariada;;9;4;2;;;1;1;1;;;1;998
9;5;16;46;46250;;3;2;No inventariada;;9;4;2;;;1;1;1;;;1;998
9;7;14;46;46250;;3;2;No inventariada;;9;2;1;2;;1;1;1;;;18;998
10;5;10;46;46250;;3;2;No inventariada;;9;4;2;;;1;1;1;;;1;998
10;5;8;46;46250;;3;2;No inventariada;;9;2;1;1;;1;1;1;;;1;998
10;4;19;46;46250;;3;2;No inventariada;;9;3;1;2;;1;1;1;;;1;998
10;5;11;46;46250;;3;2;No inventariada;;9;3;1;4;;1;1;1;;;1;998
9;7;19;46;46250;;3;2;No inventariada;;9;6;2;;;1;2;1;;;1;998
8;2;15;46;46250;;3;2;No inventariada;;9;3;2;;;1;1;1;;;1;998
9;7;1;46;46250;;3;2;No inventariada;;9;1;2;;;1;4;1;;;1;998
9;7;15;46;46250;;3;2;No inventariada;;9;2;2;;;1;1;1;;;1;998
10;5;14;46;46250;;3;2;No inventariada;;9;3;2;;;1;1;1;;;1;998
9;7;12;46;46250;;3;2;No inventariada;;9;10;1;2;;1;1;1;;;1;998
10;6;21;46;46250;;3;2;No inventariada;;9;2;2;;;1;4;1;;;1;998
10;5;16;46;46250;;3;2;No inventariada;;9;20;2;;;1;1;1;;;1;998
9;6;19;46;46250;;3;2;No inventariada;;9;10;2;;;1;1;1;;;1;998
10;6;2;46;46250;;3;2;No inventariada;;9;7;1;2;;1;3;1;;;1;998
10;5;16;46;46250;;3;2;No inventariada;;9;4;2;;;1;1;1;;;1;998
10;5;12;46;46250;;3;2;No inventariada;;9;2;1;1;;1;1;1;;;1;998
10;6;7;46;46250;;3;2;No inventariada;;9;2;1;1;;1;3;1;;;2;998
10;1;14;46;46250;;3;2;No inventariada;;9;2;2;;;1;1;1;;;1;998
10;4;18;46;46250;;3;2;No inventariada;;9;2;2;;;1;1;1;;;1;998
9;2;7;46;46250;;3;2;No inventariada;;9;3;1;4;;1;1;1;;;1;998
9;2;8;46;46250;;3;2;No inventariada;;9;2;1;2;;1;1;1;;;1;998
9;2;8;46;46250;;3;2;No inventariada;;9;2;2;;;1;1;1;;;1;998
9;2;18;46;46250;;3;2;No inventariada;;9;4;1;2;;1;1;7;;;1;998
9;2;12;46;46250;;3;2;No inventariada;;9;10;2;;;1;1;1;;;1;998
9;1;9;46;46250;;3;2;No inventariada;;9;7;2;;;1;1;1;;;1;998
10;3;6;46;46250;;3;2;No inventariada;;9;4;2;;;1;1;1;;;1;998
9;1;17;46;46250;;3;2;No inventariada;;9;10;2;;;1;1;1;;;1;998
10;7;14;46;46250;;3;2;No inventariada;;9;4;2;;;1;1;1;;;1;998
9;1;10;46;46250;;3;2;No inventariada;;9;4;1;1;;1;1;1;;;1;998
9;1;20;46;46250;;3;2;No inventariada;;9;7;2;;;1;1;1;;;1;998
9;2;8;46;46250;;3;2;No inventariada;;9;7;2;;;1;1;1;;;1;998
9;2;7;46;46250;;3;2;No inventariada;;9;2;1;1;;1;1;1;;;1;998
9;4;13;46;46250;;3;2;No inventariada;;9;2;1;1;;1;1;1;;;1;998
10;7;17;46;46250;;3;2;No inventariada;;9;20;2;;;1;1;1;;;1;998
9;3;14;46;46250;;3;2;No inventariada;;9;20;1;1;;1;1;1;;;1;998
10;4;19;46;46250;;3;2;No inventariada;;9;15;2;;;1;4;1;;;1;998
9;2;16;46;46250;;3;2;No inventariada;;9;4;2;;;1;1;1;;;1;998
9;1;19;46;46250;;3;2;No inventariada;;9;20;1;1;;1;1;1;;;1;998
9;1;12;46;46250;;3;2;No inventariada;;9;2;1;1;;1;1;1;;;1;998
10;4;22;46;46250;;3;2;No inventariada;;9;1;1;2;;1;4;1;;;1;998
9;4;18;46;46250;;3;2;No inventariada;;9;2;2;;;1;1;1;;;1;998
10;1;9;46;46250;;3;2;No inventariada;;9;7;2;;;1;1;2;;;1;998
10;7;1;46;46250;;3;2;No inventariada;;9;2;2;;;1;4;1;;;1;998
10;1;8;46;46250;;3;2;No inventariada;;9;4;1;4;;1;1;2;;;1;998
9;3;0;46;46250;;3;2;No inventariada;;9;20;1;4;;1;4;1;;;1;998
10;1;10;46;46250;;3;2;No inventariada;;9;4;2;;;1;1;2;;;1;998
8;3;7;46;46250;;3;2;No inventariada;;9;2;1;12;;1;1;1;;;1;998
9;3;15;46;46250;;3;2;No inventariada;;9;10;2;;;1;1;1;;;1;998
9;5;21;46;46250;;3;2;No inventariada;;9;3;1;2;;1;3;1;;;1;998
10;5;14;46;46250;;3;2;No inventariada;;9;2;1;2;;1;1;1;;;1;998
10;7;0;46;46250;;3;2;No inventariada;;9;2;1;1;;1;4;1;;;1;998
9;3;21;46;46250;;3;2;No inventariada;;9;20;1;1;;1;4;1;;;1;998
9;3;17;46;46250;;3;2;No inventariada;;9;10;1;1;;1;1;1;;;1;998
9;4;11;46;46250;;3;2;No inventariada;;9;2;2;;;1;1;7;;;1;998
10;1;16;46;46250;;3;2;No inventariada;;9;4;2;;;1;1;1;;;1;998
9;4;18;46;46250;;3;2;No inventariada;;9;10;2;;;1;4;1;;;1;998
9;3;0;46;46250;;3;2;No inventariada;;9;10;2;;;1;4;1;;;1;998
9;4;17;46;46250;;3;2;No inventariada;;9;4;2;;;1;1;1;;;1;998
9;3;17;46;46250;;3;2;No inventariada;;9;20;2;;;1;1;1;;;1;998
9;4;14;46;46250;;3;2;No inventariada;;9;10;2;;;1;1;1;;;1;998
9;3;17;46;46250;;3;2;No inventariada;;9;4;2;;;1;1;1;;;1;998
9;4;12;46;46250;;3;2;No inventariada;;9;7;1;2;;1;1;1;;;1;998
9;4;8;46;46250;;3;2;No inventariada;;9;7;1;2;;1;1;1;;;1;998
10;2;7;46;46250;;3;2;No inventariada;;9;2;1;2;;3;3;3;;;1;998
10;2;8;46;46250;;3;2;No inventariada;;9;10;1;1;;3;1;2;;;1;998
10;2;8;46;46250;;3;2;No inventariada;;9;10;1;12;;3;1;3;;;1;998
9;5;18;46;46250;;3;2;No inventariada;;9;5;1;1;;1;1;1;;;1;998
10;2;9;46;46250;;3;2;No inventariada;;9;10;2;;;3;1;3;;;1;998
9;4;7;46;46250;;3;2;No inventariada;;9;3;2;;;1;1;1;;;1;998
9;5;21;46;46250;;3;2;No inventariada;;9;3;1;2;;1;3;1;;;1;998
9;4;14;46;46250;;3;2;No inventariada;;9;5;2;;;1;1;1;;;1;998
9;4;14;46;46250;;3;2;No inventariada;;9;4;1;1;;1;1;1;;;1;998
9;5;16;46;46250;;3;2;No inventariada;;9;2;2;;;1;1;1;;;1;998
9;5;8;46;46250;;3;2;No inventariada;;9;2;1;2;;1;1;7;;;1;998
9;4;22;46;46250;;3;2;No inventariada;;9;4;2;;;1;4;1;;;1;998
10;2;15;46;46250;;3;2;No inventariada;;9;10;1;4;;3;1;2;;;1;998
9;4;18;46;46250;;3;2;No inventariada;;9;3;1;1;;1;1;1;;;1;998
9;5;19;46;46250;;3;2;No inventariada;;9;6;2;;;1;1;1;;;1;998
9;5;17;46;46250;;3;2;No inventariada;;9;3;1;2;;1;1;1;;;1;998
9;5;7;46;46250;;3;2;No inventariada;;9;2;2;;;1;1;1;;;1;998
10;2;23;46;46250;;3;2;No inventariada;;9;2;2;;;1;4;1;;;1;998
9;6;13;46;46250;;3;2;No inventariada;;9;6;2;;;1;1;1;;;1;998
9;6;11;46;46250;;3;2;No inventariada;;9;2;1;2;;1;1;7;;;1;998
9;6;12;46;46250;;3;2;No inventariada;;9;2;2;;;1;1;1;;;1;998
10;3;10;46;46250;;3;2;No inventariada;;9;20;1;1;;1;1;1;;;1;998
9;5;16;46;46250;;3;2;No inventariada;;9;2;2;;;1;1;1;;;1;998
9;5;23;46;46250;;3;2;No inventariada;;9;3;1;2;;1;3;1;;;1;998
10;3;12;46;46250;;3;2;No inventariada;;9;2;2;;;3;1;2;;;1;998
10;2;18;46;46250;;3;2;No inventariada;;9;4;1;1;;3;2;3;;;1;998
10;2;18;46;46250;;3;2;No inventariada;;9;6;1;2;;3;2;3;;;5;998
9;7;17;46;46250;;3;2;No inventariada;;9;2;2;;;1;1;1;;;1;998
9;7;21;46;46250;;3;2;No inventariada;;9;5;1;1;;1;4;1;;;1;998
9;7;2;46;46250;;3;2;No inventariada;;9;6;2;;;1;4;1;;;1;998
9;1;7;46;46250;;3;2;No inventariada;;9;1;2;;;1;1;1;;;1;998
10;3;15;46;46250;;1;1;CV-36;0,1;3;4;2;;;1;1;1;;;1;1
9;7;12;46;46250;;3;2;No inventariada;;9;10;2;;;1;1;1;;;1;998
10;3;14;46;46250;;3;2;No inventariada;;9;3;1;4;;1;1;1;;;1;998
9;7;22;46;46250;;3;2;No inventariada;;9;10;1;1;;1;4;1;;;1;998
9;1;8;46;46250;;3;2;No inventariada;;9;4;1;2;;1;1;1;;;1;998
9;1;14;46;46250;;3;2;No inventariada;;9;2;2;;;1;1;1;;;1;998
9;1;14;46;46250;;3;2;No inventariada;;9;10;2;;;1;1;1;;;1;998
8;5;15;46;46250;;3;2;No inventariada;;9;2;1;1;;1;1;1;;;1;998
10;3;16;46;46250;;3;2;No inventariada;;9;3;2;;;1;1;1;;;1;998
10;3;16;46;46250;;3;2;No inventariada;;9;2;2;;;1;1;1;;;9;998
9;6;17;46;46250;;3;2;No inventariada;;9;6;2;;;1;1;1;;;1;998
9;1;10;46;46250;;3;2;No inventariada;;9;1;2;;;1;1;1;;;1;998
9;1;5;46;46250;;3;2;No inventariada;;9;2;1;2;;1;4;1;;;1;998
10;2;9;46;46250;;3;2;No inventariada;;9;2;2;;;3;1;2;;;9;998