MES;DIA_SEMANA;HORA;COD_PROVINCIA;COD_MUNICIPIO;ISLA;ZONA;ZONA_AGRUPADA;CARRETERA;KM;TIPO_VIA;TIPO_ACCIDENTE;NUDO;NUDO_INFO;CARRETERA_CRUCE;CONDICION_FIRME;CONDICION_ILUMINACION;CONDICION_METEO;CONDICION_NIEBLA;CONDICION_VIENTO;VISIB_RESTRINGIDA_POR;TRAZADO_PLANTA
10;4;8;46;46250;;3;2;No inventariada;;9;7;2;;;1;1;2;;;1;998
10;2;13;46;46250;;3;2;No inventariada;;9;2;2;;;3;1;2;;;1;998
10;1;19;46;46250;;3;2;No inventariada;;9;10;1;2;;1;2;1;;;2;998
10;2;9;46;46250;;3;2;No inventariada;;9;2;1;2;;1;1;1;;;1;998
9;5;14;46;46250;;3;2;No inventariada;;9;2;1;2;;1;1;1;;;1;998
9;1;10;46;46250;;3;2;No inventariada;;9;10;2;;;2;1;1;;;1;998
9;2;15;46;46250;;3;2;No inventariada;;9;2;1;2;;1;1;1;;;1;998
10;4;7;46;46250;;3;2;No inventariada;;9;2;2;;;1;1;2;;;1;998
10;3;9;46;46250;;3;2;No inventariada;;9;7;2;;;1;1;1;;;1;998
9;2;15;46;46250;;3;2;No inventariada;;14;10;2;;;1;1;1;;;1;998
10;3;20;46;46250;;3;2;No inventariada;;9;10;1;1;;1;4;1;;;1;998
10;5;15;46;46250;;3;2;No inventariada;;9;7;1;1;;1;1;1;;;1;998
9;4;16;46;46250;;3;2;No inventariada;;9;10;2;;;1;1;1;;;1;998
10;4;12;46;46250;;3;2;No inventariada;;9;2;1;1;;1;1;1;;;1;998
9;2;18;46;46250;;3;2;No inventariada;;14;7;2;;;1;1;1;;;1;998
9;3;15;46;46250;;3;2;No inventariada;;9;10;1;4;;3;1;2;;;1;998
9;3;7;46;46250;;3;2;No inventariada;;9;4;2;;;3;3;3;;;1;998
9;3;14;46;46250;;3;2;No inventariada;;9;1;1;2;;3;1;3;;;1;998
10;6;19;46;46250;;3;2;No inventariada;;9;7;2;;;1;3;1;;;1;998
9;3;6;46;46250;;3;2;No inventariada;;9;10;2;;;3;3;3;;;1;998
9;2;17;46;46250;;3;2;No inventariada;;9;4;2;;;1;1;1;;;1;998
10;3;17;46;46250;;3;2;No inventariada;;9;10;1;1;;1;1;1;;;1;998
9;3;18;46;46250;;3;2;No inventariada;;9;2;1;2;;1;1;1;;;1;998
9;3;9;46;46250;;3;2;No inventariada;;9;3;1;1;;3;1;3;;;1;998
10;4;14;46;46250;0;3;2;No inventariada;;9;2;1;1;;1;1;1;;;1;998
10;3;19;46;46250;;3;2;No inventariada;;9;4;1;2;;1;2;1;;;1;998
10;5;14;46;46250;;3;2;No inventariada;;9;4;1;2;;1;1;1;;;1;998
9;4;17;46;46250;;3;2;No inventariada;;9;7;2;;;1;1;1;;;1;998
9;4;19;46;46250;;3;2;No inventariada;;9;2;1;2;;1;3;7;;;1;998
10;5;17;46;46250;;3;2;No inventariada;;9;7;2;;;1;2;1;;;6;998
9;5;2;46;46250;;3;2;No inventariada;;9;2;2;;;3;4;2;;;1;998
9;3;0;46;46250;;3;2;No inventariada;;9;3;2;;;1;4;1;;;1;998
9;3;5;46;46250;;3;2;No inventariada;;9;10;2;;;3;4;3;;;5;998
10;1;23;46;46250;;3;2;No inventariada;;9;3;1;1;;1;4;1;;;1;998
9;5;12;46;46250;0;3;2;No inventariada;;9;4;1;4;;1;1;1;;;1;998
10;6;19;46;46250;;3;2;No inventariada;;9;7;2;;;1;4;1;;;1;998
9;5;18;46;46250;;3;2;No inventariada;;9;10;1;1;;1;1;1;;;1;998
9;4;10;46;46250;;3;2;No inventariada;;9;10;2;;;3;1;3;;;1;998
10;1;9;46;46250;;3;2;No inventariada;;9;7;2;;;1;1;1;;;1;998
10;5;11;46;46250;;3;2;No inventariada;;9;3;1;1;;1;1;1;;;1;998
10;5;17;46;46250;;3;2;No inventariada;;9;20;2;;;1;1;1;;;1;998
9;6;12;46;46250;;3;2;No inventariada;;9;2;1;2;;1;1;1;;;1;998
9;6;19;46;46250;;3;2;No inventariada;;9;7;1;2;;1;4;1;;;1;998
9;6;9;46;46250;;3;2;No inventariada;;9;2;1;2;;3;1;3;;;1;998
10;1;20;46;46250;;3;2;No inventariada;;9;10;2;;;1;3;1;;;1;998
10;1;23;46;46250;;3;2;No inventariada;;9;7;2;;;1;4;1;;;3;998
10;2;7;46;46250;;3;2;No inventariada;;9;10;1;4;;1;4;2;;;1;998
9;5;13;46;46250;;3;2;No inventariada;;9;10;2;;;1;1;1;;;1;998
10;5;23;46;46250;;3;2;No inventariada;;9;2;2;;;1;4;1;;;1;998
10;5;18;46;46250;0;3;2;No inventariada;;9;2;1;5;;1;2;1;;;1;998
10;2;9;46;46250;;3;2;No inventariada;;9;20;1;2;;1;1;1;;;1;998
8;4;7;46;46250;;3;2;No inventariada;;9;4;2;;;1;1;1;;;1;998
10;2;12;46;46250;;3;2;No inventariada;;9;3;2;;;1;1;2;;;1;998
9;2;18;46;46250;;3;2;No inventariada;;9;10;2;;;1;1;1;;;1;998
9;2;17;46;46250;;3;2;No inventariada;;9;4;2;;;1;3;1;;;1;998
9;2;12;46;46250;;3;2;No inventariada;;9;2;1;1;;1;1;1;;;1;998
9;2;16;46;46250;;3;2;No inventariada;;9;2;2;;;1;1;1;;;1;998
10;1;20;46;46250;;3;2;No inventariada;;9;2;1;1;;1;4;1;;;1;998
9;1;19;46;46250;;3;2;No inventariada;;14;10;2;;;1;1;1;;;1;998
10;2;15;46;46250;;3;2;No inventariada;;9;4;2;;;1;1;1;;;1;998
9;4;15;46;46250;;3;2;No inventariada;;9;4;2;;;1;1;1;;;1;998
9;4;8;46;46250;;3;2;No inventariada;;9;4;2;;;1;1;1;;;1;998
10;2;17;46;46250;;3;2;No inventariada;;9;2;2;;;1;1;2;;;1;998
10;2;17;46;46250;;3;2;No inventariada;;9;10;2;;;3;1;3;;;1;998
9;4;18;46;46250;;3;2;No inventariada;;9;4;2;;;1;1;1;;;1;998
9;4;14;46;46250;;3;2;No inventariada;;9;2;1;2;;1;1;1;;;1;998
9;5;14;46;46250;;3;2;No inventariada;;9;10;2;;;1;1;1;;;1;998
9;4;13;46;46250;;3;2;No inventariada;;9;2;2;;;1;1;1;;;1;998
10;3;6;46;46250;;3;2;No inventariada;;9;7;2;;;9;3;3;;;18;998
10;2;8;46;46250;;3;2;No inventariada;;9;7;1;1;;3;1;3;;;1;998
9;1;22;46;46250;;3;2;No inventariada;;9;2;1;12;;1;3;1;;;1;998
10;3;13;46;46250;;1;1;CV-400;1,468;5;4;1;4;CV-407;3;1;3;;;1;1
9;2;11;46;46250;;3;2;No inventariada;;9;3;1;1;;1;1;1;;;1;998
9;6;14;46;46250;;3;2;No inventariada;;9;20;2;;;1;1;1;;;1;998
10;2;8;46;46250;;3;2;No inventariada;;9;10;2;;;3;1;1;;;1;998
10;3;14;46;46250;;3;2;No inventariada;;9;3;1;2;;3;1;2;;;9;998
9;6;15;46;46250;;3;2;No inventariada;;9;2;1;1;;1;1;1;;;1;998
10;2;17;46;46250;0;3;2;No inventariada;;9;7;2;;;3;2;3;;;5;998
9;3;10;46;46250;;3;2;No inventariada;;9;10;1;2;;1;1;1;;;1;998
10;6;14;46;46250;;3;2;No inventariada;;9;3;2;;;1;1;1;;;1;998
9;5;6;46;46250;;3;2;No inventariada;;9;3;1;2;;1;1;1;;;1;998
9;4;9;46;46250;;3;2;No inventariada;;9;10;2;;;1;1;1;;;1;998
9;5;20;46;46250;;3;2;No inventariada;;9;4;2;;;1;4;1;;;1;998
9;7;21;46;46250;;3;2;No inventariada;;9;3;2;;;1;4;1;;;1;998
10;4;9;46;46250;;3;2;No inventariada;;9;20;1;4;;1;1;1;;;1;998
9;1;19;46;46250;;3;2;No inventariada;;9;10;1;1;;1;1;1;;;1;998
10;5;8;46;46250;;3;2;No inventariada;;9;6;2;;;3;1;2;;;1;998
10;5;9;46;46250;;3;2;No inventariada;;9;3;1;2;;1;1;2;;;1;998
9;5;12;46;46250;;3;2;No inventariada;;9;10;2;;;9;1;7;;;1;998
10;4;19;46;46250;;3;2;No inventariada;;9;10;1;4;;1;2;2;;;1;998
10;5;16;46;46250;;3;2;No inventariada;;9;10;2;;;1;1;1;;;1;998
9;6;19;46;46250;;3;2;No inventariada;;9;3;2;;;1;1;1;;;1;998
10;6;11;46;46250;;1;1;CV-36;0,467;3;16;1;12;V-30;1;1;1;;;1;1
10;6;14;46;46250;;3;2;No inventariada;;9;4;1;1;;1;1;1;;;1;998
10;6;20;46;46250;;3;2;No inventariada;;9;2;1;2;;1;4;1;;;1;998
10;6;8;46;46250;;3;2;No inventariada;;9;4;1;2;;3;2;2;;;1;998
9;2;17;46;46250;;3;2;No inventariada;;9;7;2;;;1;1;1;;;1;998
9;5;19;46;46250;;3;2;No inventariada;;9;6;2;;;1;3;1;;;1;998
9;1;9;46;46250;;3;2;No inventariada;;9;2;2;;;1;1;1;;;6;998
9;4;6;46;46250;;3;2;No inventariada;;9;2;1;1;;1;3;1;;;1;998
10;6;16;46;46250;;3;2;No inventariada;;9;3;1;1;;1;2;1;;;1;998
9;1;17;46;46250;;3;2;No inventariada;;9;2;1;1;;1;1;1;;;1;998
7;3;1;46;46250;;3;2;No inventariada;;9;2;2;;;1;4;1;;;1;998
9;6;5;46;46250;;3;2;No inventariada;;9;6;2;;;1;4;1;;;1;998
10;2;20;46;46250;;3;2;No inventariada;;9;7;1;1;;1;3;1;;;1;998
10;1;8;46;46223;;1;1;V-31;11,5;3;3;2;;;1;1;1;;;1;1
10;1;8;46;46250;;1;1;No inventariada;1;5;4;2;;;1;1;1;;;1;1
10;6;14;46;46250;;3;2;No inventariada;;9;2;1;2;;1;1;1;;;1;998
9;5;17;46;46250;;3;2;No inventariada;;9;10;2;;;1;1;1;;;1;998
10;1;13;46;46250;0;3;2;No inventariada;;9;2;1;1;;1;1;1;;;1;998
10;4;18;46;46250;;3;2;No inventariada;;9;7;1;2;;1;1;7;;;1;998
10;5;20;46;46250;;3;2;No inventariada;;9;4;2;;;3;3;2;;;1;998
10;5;20;46;46250;;3;2;No inventariada;;9;3;1;1;;3;3;3;;;5;998
10;4;16;46;46250;;3;2;No inventariada;;9;2;2;;;1;1;1;;;1;998
10;3;20;46;46250;;3;2;No inventariada;;9;2;1;1;;1;4;1;;;1;998
10;5;9;46;46250;;3;2;No inventariada;;9;20;2;;;1;1;1;;;1;998
10;1;19;46;46250;;3;2;No inventariada;;9;2;2;;;1;3;2;;;1;998
10;7;19;46;46250;;3;2;No inventariada;;9;7;1;1;;3;4;3;;;5;998
10;2;7;46;46250;;3;2;No inventariada;;9;10;2;;;3;4;3;;;18;998
10;5;9;46;46250;;3;2;No inventariada;;9;2;1;1;;1;1;1;;;1;998
10;5;17;46;46250;;3;2;No inventariada;;9;3;2;;;1;1;1;;;1;998
10;1;11;46;46250;;1;1;V-21;8;3;5;2;;;1;1;1;;;1;1
10;5;13;46;46250;;3;2;No inventariada;;9;7;2;;;1;1;1;;;1;998
10;2;8;46;46250;;3;2;No inventariada;;9;4;2;;;3;1;3;;;1;998
10;6;13;46;46250;;1;1;V-31;12,5;3;5;2;;;1;1;1;;;1;1
10;6;1;46;46250;;3;2;No inventariada;;9;10;2;;;1;4;1;;;1;998
10;6;0;46;46250;;3;2;No inventariada;;9;3;1;2;;1;4;1;;;1;998
10;6;12;46;46250;;3;2;No inventariada;;9;3;2;;;1;1;1;;;1;998
10;6;23;46;46250;;3;2;No inventariada;;9;2;1;1;;1;4;1;;;1;998
10;6;20;46;46250;;3;2;No inventariada;;9;10;2;;;1;1;1;;;1;998
7;7;17;46;46250;;3;2;No inventariada;;9;10;2;;;1;1;1;;;1;998
10;7;11;46;46250;;3;2;No inventariada;;9;7;2;;;1;1;1;;;1;998
10;7;4;46;46250;;3;2;No inventariada;;9;5;2;;;1;3;1;;;1;998
10;2;14;46;46250;;3;2;No inventariada;;9;4;1;2;;3;1;2;;;1;998
10;6;13;46;46250;;3;2;No inventariada;;9;7;2;;;1;1;1;;;1;998
10;1;19;46;46250;;3;2;No inventariada;;9;7;2;;;1;4;1;;;9;998
10;1;11;46;46250;;3;2;No inventariada;;9;20;2;;;1;1;1;;;1;998
10;1;10;46;46250;;3;2;No inventariada;;9;2;2;;;1;1;1;;;1;998
10;1;14;46;46250;;3;2;No inventariada;;9;20;2;;;1;1;1;;;1;998
10;1;14;46;46250;;3;2;No inventariada;;9;2;2;;;1;1;1;;;1;998
10;1;17;46;46250;;3;2;No inventariada;;14;4;2;;;1;1;1;;;1;998
10;4;15;46;46250;;3;2;No inventariada;;9;4;1;1;;1;1;1;;;1;998
10;4;17;46;46250;;3;2;No inventariada;;9;10;2;;;1;1;1;;;1;998
10;4;7;46;46250;;3;2;No inventariada;;9;10;1;1;;7;1;1;;;1;998
10;4;14;46;46250;;3;2;No inventariada;;14;10;2;;;2;1;1;;;1;998
10;5;11;46;46250;;3;2;No inventariada;;9;10;2;;;1;1;1;;;1;998
10;3;11;46;46250;0;3;2;No inventariada;;9;20;1;2;;1;1;1;;;1;998
10;4;22;46;46250;;3;2;No inventariada;;9;10;2;;;1;4;1;;;1;998
10;4;17;46;46250;;3;2;No inventariada;;9;6;2;;;1;1;1;;;1;998
10;3;17;46;46250;;3;2;No inventariada;;9;10;1;2;;1;1;7;;;1;998
10;4;13;46;46250;;3;2;No inventariada;;9;6;2;;;1;1;1;;;1;998
10;4;16;46;46250;;3;2;No inventariada;;9;2;2;;;1;1;1;;;1;998
10;3;14;46;46250;;3;2;No inventariada;;9;3;2;;;1;1;1;;;1;998
10;4;11;46;46250;;3;2;No inventariada;;14;1;2;;;1;1;1;;;1;998
10;3;22;46;46250;;3;2;No inventariada;;9;2;1;2;;1;5;1;;;17;998
10;4;20;46;46250;;3;2;No inventariada;;9;4;2;;;1;4;1;;;1;998
10;4;22;46;46250;;3;2;No inventariada;;9;4;2;;;1;4;1;;;1;998
10;5;21;46;46250;;3;2;No inventariada;;9;10;2;;;1;4;1;;;1;998
10;4;7;46;46250;;3;2;No inventariada;;9;6;2;;;1;3;2;;;9;998
10;1;12;46;46250;;3;2;No inventariada;;9;2;1;1;;1;1;1;;;1;998
10;5;12;46;46250;;3;2;No inventariada;;9;10;2;;;4;1;1;;;1;998
10;5;12;46;46250;;3;2;No inventariada;;9;3;1;1;;1;1;1;;;1;998
10;5;12;46;46250;;3;2;No inventariada;;9;2;2;;;1;1;1;;;1;998
8;5;14;46;46250;;3;2;No inventariada;;9;10;2;;;3;1;3;;;1;998
10;5;14;46;46250;;3;2;No inventariada;;9;4;2;;;1;1;1;;;1;998
10;5;16;46;46250;;3;2;No inventariada;;9;2;1;1;;1;1;1;;;1;998
10;5;18;46;46250;;3;2;No inventariada;;9;20;1;2;;1;1;1;;;1;998
10;5;19;46;46250;;3;2;No inventariada;;9;4;2;;;1;1;1;;;1;998
10;5;11;46;46250;;3;2;No inventariada;;9;2;1;2;;1;1;1;;;1;998
10;5;0;46;46250;;3;2;No inventariada;;9;10;2;;;1;4;1;;;1;998
10;6;21;46;46250;;3;2;No inventariada;;9;2;2;;;1;4;1;;;1;998
10;7;10;46;46250;;3;2;No inventariada;;9;10;2;;;1;1;1;;;1;998
10;1;19;46;46250;;3;2;No inventariada;;9;2;2;;;1;4;1;;;1;998
10;4;19;46;46250;;3;2;No inventariada;;9;2;2;;;1;3;1;;;1;998
10;2;21;46;46250;;3;2;No inventariada;;9;2;1;1;;1;4;1;;;1;998
10;2;12;46;46250;;3;2;No inventariada;;14;10;2;;;1;1;1;;;1;998
11;6;9;46;46250;;3;2;No inventariada;;9;10;1;1;;1;1;1;;;1;998
11;6;10;46;46250;;3;2;No inventariada;;9;10;1;2;;1;1;1;;;1;998
10;2;20;46;46250;;3;2;No inventariada;;9;6;2;;;1;4;1;;;1;998
10;2;13;46;46250;;3;2;No inventariada;;9;20;2;;;1;1;1;;;1;998
10;3;17;46;46250;;3;2;No inventariada;;9;4;2;;;1;1;1;;;1;998
11;7;16;46;46250;;3;2;No inventariada;;9;7;1;2;;1;1;2;;;1;998
11;1;0;46;46250;;3;2;No inventariada;;9;12;1;4;;3;3;2;;;1;998
10;2;20;46;46250;;3;2;No inventariada;;9;10;2;;;3;1;1;;;1;998
10;5;23;46;46250;;3;2;No inventariada;;9;4;2;;;1;4;1;;;1;998
10;4;7;46;46250;;3;2;No inventariada;;9;2;1;2;;1;3;1;;;1;998
10;5;9;46;46250;;3;2;No inventariada;;9;10;1;2;;1;1;1;;;1;998
10;3;17;46;46250;;3;2;No inventariada;;9;20;1;1;;1;1;1;;;1;998
10;3;14;46;46250;;3;2;No inventariada;;9;3;1;1;;1;1;1;;;1;998
9;1;21;46;46250;;3;2;No inventariada;;9;20;2;;;1;4;1;;;1;998
10;3;17;46;46250;;3;2;No inventariada;;9;20;2;;;1;1;1;;;1;998
10;5;11;46;46250;;3;2;No inventariada;;9;3;1;1;;1;1;1;;;1;998
10;5;14;46;46250;;3;2;No inventariada;;9;2;1;1;;1;1;1;;;1;998
11;1;17;46;46250;;3;2;No inventariada;;9;10;1;4;;1;3;1;;;1;998
10;6;14;46;46250;;3;2;No inventariada;;9;4;1;1;;1;1;1;;;1;998
9;1;21;46;46250;;3;2;No inventariada;;9;4;2;;;1;4;1;;;1;998
10;7;11;46;46250;;3;2;No inventariada;;9;4;2;;;1;1;1;;;1;998
10;7;23;46;46250;;3;2;No inventariada;;9;10;2;;;1;3;1;;;1;998
10;5;23;46;46250;;3;2;No inventariada;;14;10;2;;;1;4;1;;;1;998
7;6;8;46;46250;;3;2;No inventariada;;9;5;2;;;1;1;1;;;1;998
10;7;8;46;46250;;3;2;No inventariada;;9;6;2;;;1;3;1;;;1;998
10;4;23;46;46250;;3;2;No inventariada;;9;7;2;;;1;4;1;;;1;998
10;1;18;46;46250;;3;2;No inventariada;;9;4;2;;;1;3;1;;;1;998
10;6;20;46;46250;;3;2;No inventariada;;9;2;2;;;1;4;1;;;1;998
11;5;10;46;46250;;3;2;No inventariada;;9;2;2;;;1;1;1;;;1;998
10;1;13;46;46250;;3;2;No inventariada;;9;7;1;1;;1;1;1;;;1;998
10;1;7;46;46250;;3;2;No inventariada;;9;2;1;2;;1;1;7;;;1;998
10;1;14;46;46250;;3;2;No inventariada;;9;4;2;;;1;1;1;;;1;998
10;1;8;46;46250;;3;2;No inventariada;;9;4;2;;;1;1;1;;;1;998
10;1;7;46;46250;;3;2;No inventariada;;9;2;1;2;;1;3;7;;;1;998
10;1;11;46;46250;;3;2;No inventariada;;9;7;2;;;1;1;1;;;1;998
10;1;23;46;46250;;3;2;No inventariada;;9;3;1;2;;1;3;1;;;1;998
11;7;20;46;46250;;3;2;No inventariada;;9;20;2;;;1;3;1;;;1;998
11;3;13;46;46250;0;3;2;No inventariada;;9;4;1;1;;1;1;1;;;1;998
10;6;19;46;46250;;3;2;No inventariada;;9;7;1;1;;1;4;1;;;1;998
11;1;7;46;46250;;3;2;No inventariada;;9;2;1;5;;1;2;1;;;14;998
10;3;17;46;46250;;3;2;No inventariada;;9;2;1;2;;1;1;1;;;1;998
10;3;9;46;46250;;3;2;No inventariada;;9;20;1;1;;1;1;1;;;1;998
10;2;18;46;46250;;3;2;No inventariada;;9;4;2;;;1;1;1;;;1;998
11;4;9;46;46250;;3;2;No inventariada;;9;10;2;;;1;1;1;;;1;998
10;5;21;46;46250;;3;2;No inventariada;;9;2;1;2;;1;4;1;;;1;998
10;4;17;46;46250;;3;2;No inventariada;;9;7;2;;;1;1;1;;;1;998
10;1;14;46;46250;;3;2;No inventariada;;9;2;2;;;1;1;1;;;1;998
10;4;8;46;46250;;3;2;No inventariada;;9;2;1;1;;1;1;1;;;1;998
11;4;18;46;46250;;3;2;No inventariada;;9;2;1;2;;1;4;1;;;1;998
10;5;6;46;46250;;3;2;No inventariada;;9;10;1;2;;1;3;1;;;1;998
11;2;14;46;46250;;3;2;No inventariada;;9;7;1;2;;1;1;1;;;6;998
1;5;13;46;46250;;3;2;No inventariada;;9;4;2;;;3;1;3;;;1;998
11;5;17;46;46250;;3;2;No inventariada;;9;2;1;2;;1;2;1;;;1;998
11;6;6;46;46250;;3;2;No inventariada;;9;10;2;;;1;2;1;;;1;998
11;3;12;46;46250;;3;2;No inventariada;;9;2;2;;;1;1;1;;;1;998
10;2;18;46;46250;;3;2;No inventariada;;9;10;2;;;1;4;1;;;1;998
11;6;0;46;46250;;1;1;CV-35;2,6;3;3;2;;;1;4;1;;;1;3
11;7;4;46;46250;;3;2;No inventariada;;9;10;1;2;;1;3;1;;;1;998
11;7;10;46;46250;;1;1;V-30;6,5;3;4;2;;;1;1;1;;;1;1
10;6;18;46;46250;;3;2;No inventariada;;9;20;2;;;3;3;3;;;1;998
10;6;2;46;46250;;3;2;No inventariada;;9;2;2;;;3;1;3;;;1;998
10;6;13;46;46250;;3;2;No inventariada;;9;7;2;;;1;1;1;;;1;998
10;6;16;46;46250;;3;2;No inventariada;;9;7;2;;;1;1;2;;;1;998
11;5;13;46;46250;;3;2;No inventariada;;9;7;2;;;1;1;1;;;1;998
10;6;15;46;46250;0;3;2;No inventariada;;9;20;1;1;;1;1;2;;;1;998
10;6;17;46;46250;0;3;2;No inventariada;;9;2;1;4;;1;1;2;;;1;998
11;1;2;46;46250;;1;1;V-30;4,892;3;12;2;;;2;6;1;;;1;1
11;1;6;46;46250;;1;1;CV-400;0,553;5;4;2;;;1;3;1;;;18;1
10;5;15;46;46250;;3;2;No inventariada;;9;10;2;;;1;1;1;;;1;998
9;1;14;46;46250;;3;2;No inventariada;;9;3;2;;;1;1;1;;;1;998
10;7;9;46;46250;;3;2;No inventariada;;9;4;2;;;3;1;1;;;1;998
11;4;7;46;46250;;3;2;No inventariada;;9;2;1;4;;1;1;1;;;1;998
10;7;15;46;46250;;3;2;No inventariada;;9;2;1;2;;1;1;1;;;1;998
11;7;11;46;46250;;3;2;No inventariada;;9;4;2;;;1;1;1;;;1;998
10;6;20;46;46250;;3;2;No inventariada;;9;4;1;1;;1;4;1;;;1;998
11;7;17;46;46250;;3;2;No inventariada;;9;10;2;;;1;1;1;;;1;998
10;6;20;46;46250;;3;2;No inventariada;;9;3;1;1;;1;1;1;;;1;998
11;1;19;46;46250;;1;1;V-30;5,341;3;4;2;;;1;6;1;;;18;2
10;1;10;46;46250;0;3;2;No inventariada;;9;2;2;;;1;1;1;;;1;998
10;1;0;46;46250;;3;2;No inventariada;;9;10;2;;;1;1;3;;;17;998
10;1;14;46;46250;;3;2;No inventariada;;9;2;2;;;1;1;7;;;1;998
11;1;14;46;46250;;3;2;No inventariada;;9;10;1;2;;1;2;1;;;1;998
10;2;14;46;46250;;3;2;No inventariada;;9;20;2;;;1;6;1;;;1;998
10;2;7;46;46250;;3;2;No inventariada;;9;7;2;;;1;1;1;;;1;998
11;2;22;46;46250;;3;2;No inventariada;;9;2;1;1;;1;4;2;;;1;998
10;6;23;46;46250;;3;2;No inventariada;;9;7;1;1;;1;4;1;;;1;998
11;4;11;46;46250;;3;2;No inventariada;;9;7;1;1;;1;1;1;;;1;998
10;4;11;46;46250;;3;2;No inventariada;;9;2;2;;;1;1;1;;;1;998
10;3;20;46;46250;;3;2;No inventariada;;9;2;2;;;1;4;1;;;1;998
11;3;15;46;46250;;3;2;No inventariada;;9;7;1;2;;3;1;3;;;1;998
10;5;0;46;46250;;3;2;No inventariada;;9;2;2;;;1;4;1;;;1;998
10;2;8;46;46250;;3;2;No inventariada;;9;7;1;4;;1;1;1;;;1;998
11;1;19;46;46250;;3;2;No inventariada;;9;10;1;1;;1;2;1;;;1;998
10;3;19;46;46250;;3;2;No inventariada;;9;20;2;;;1;1;1;;;1;998
11;4;14;46;46250;;3;2;No inventariada;;9;2;1;2;;1;1;1;;;1;998
11;4;15;46;46250;;3;2;No inventariada;;9;2;1;1;;1;1;1;;;1;998
11;4;17;46;46250;;3;2;No inventariada;;9;20;2;;;1;4;2;;;1;998
11;1;16;46;46250;;3;2;No inventariada;;9;7;2;;;1;1;1;;;1;998
11;1;18;46;46250;;3;2;No inventariada;;9;1;2;;;1;1;1;;;1;998
11;5;10;46;46250;;3;2;No inventariada;;9;2;1;2;;1;1;2;;;1;998
11;5;11;46;46250;;3;2;No inventariada;;9;2;1;1;;1;1;2;;;1;998
11;5;9;46;46250;;3;2;No inventariada;;9;4;2;;;1;1;1;;;1;998
11;4;19;46;46250;;3;2;No inventariada;;9;7;1;2;;1;5;2;;;17;998
11;4;19;46;46250;;3;2;No inventariada;;9;10;2;;;1;4;2;;;1;998
11;5;17;46;46250;;1;1;CV-400;1;5;5;2;;;1;1;1;;;1;1
11;5;16;46;46250;;3;2;No inventariada;;9;3;2;;;1;1;2;;;1;998
11;5;16;46;46250;;3;2;No inventariada;;9;4;1;4;;1;2;2;;;1;998
11;6;10;46;46250;;3;2;No inventariada;;9;10;2;;;1;1;1;;;1;998
11;6;0;46;46250;;3;2;No inventariada;;9;10;2;;;1;6;1;;;18;998
11;4;19;46;46250;;3;2;No inventariada;;9;7;1;2;;1;4;2;;;1;998
10;4;15;46;46250;;3;2;No inventariada;;9;10;2;;;1;1;1;;;1;998
10;4;17;46;46250;;3;2;No inventariada;;9;2;1;1;;1;1;1;;;1;998
10;4;23;46;46250;;3;2;No inventariada;;9;7;2;;;3;4;3;;;1;998
11;6;3;46;46250;;3;2;No inventariada;;9;19;2;;;1;4;2;;;1;998
11;6;9;46;46250;;3;2;No inventariada;;9;20;2;;;1;1;1;;;1;998
11;7;4;46;46250;;3;2;No inventariada;;9;10;2;;;1;4;2;;;1;998
11;7;1;46;46250;;3;2;No inventariada;;9;10;2;;;1;4;2;;;1;998
10;3;18;46;46250;;3;2;No inventariada;;9;2;2;;;9;4;1;;;1;998
11;7;19;46;46250;;3;2;No inventariada;;9;4;2;;;3;4;3;;;1;998