MES;DIA_SEMANA;HORA;COD_PROVINCIA;COD_MUNICIPIO;ISLA;ZONA;ZONA_AGRUPADA;CARRETERA;KM;TIPO_VIA;TIPO_ACCIDENTE;NUDO;NUDO_INFO;CARRETERA_CRUCE;CONDICION_FIRME;CONDICION_ILUMINACION;CONDICION_METEO;CONDICION_NIEBLA;CONDICION_VIENTO;VISIB_RESTRINGIDA_POR;TRAZADO_PLANTA
8;3;21;46;46250;;3;2;No inventariada;;9;7;2;;;1;4;1;;;1;998
11;7;7;46;46250;;3;2;No inventariada;;9;4;2;;;1;1;1;;;1;998
11;1;18;46;46250;;3;2;No inventariada;;9;2;2;;;1;3;1;;;1;998
11;1;15;46;46250;0;3;2;No inventariada;;9;4;1;1;;1;1;1;;;6;998
11;3;14;46;46250;;3;2;No inventariada;;9;10;1;1;;1;1;2;;;1;998
11;1;11;46;46250;;3;2;No inventariada;;9;2;1;4;;1;1;1;;;1;998
11;3;18;46;46250;;3;2;No inventariada;;9;7;2;;;1;2;1;;;1;998
11;7;20;46;46250;;3;2;No inventariada;;9;3;1;2;;1;3;1;;;1;998
11;4;16;46;46250;;3;2;No inventariada;;9;2;1;1;;1;2;2;;;1;998
10;2;12;46;46250;;3;2;No inventariada;;9;7;1;1;;1;1;1;;;1;998
11;1;14;46;46250;;3;2;No inventariada;;9;6;1;1;;1;1;1;;;1;998
11;3;6;46;46250;;3;2;No inventariada;;9;3;2;;;1;3;1;;;1;998
11;1;14;46;46250;;3;2;No inventariada;;9;2;1;2;;1;1;1;;;1;998
11;3;13;46;46250;;3;2;No inventariada;;9;2;2;;;1;1;1;;;1;998
11;3;16;46;46250;;3;2;No inventariada;;9;2;1;1;;1;1;1;;;1;998
11;1;16;46;46250;;3;2;No inventariada;;9;20;1;1;;1;1;1;;;1;998
10;3;18;46;46250;;3;2;No inventariada;;9;10;1;1;;3;3;2;;;1;998
11;1;18;46;46013;;1;1;V-21;15,945;3;4;2;;;1;6;7;;;1;1
11;1;16;46;46250;;3;2;No inventariada;;9;2;1;1;;1;1;2;;;1;998
10;1;11;46;46250;;3;2;No inventariada;;9;3;1;4;;1;1;1;;;18;998
11;3;16;46;46250;;3;2;No inventariada;;9;4;1;1;;1;1;1;;;1;998
11;2;16;46;46250;;3;2;No inventariada;;9;10;2;;;1;1;1;;;1;998
11;2;18;46;46250;;3;2;No inventariada;;9;4;2;;;1;3;1;;;1;998
11;1;12;46;46250;;3;2;No inventariada;;9;2;1;2;;1;1;1;;;1;998
11;2;20;46;46250;;3;2;No inventariada;;9;10;1;2;;1;1;7;;;1;998
11;2;15;46;46250;;3;2;No inventariada;;9;4;1;2;;9;1;7;;;1;998
11;7;19;46;46250;;3;2;No inventariada;;9;2;2;;;1;4;7;;;1;998
11;6;1;46;46250;;3;2;No inventariada;;9;3;2;;;1;4;1;;;1;998
11;1;13;46;46250;;3;2;No inventariada;;9;2;2;;;1;1;1;;;1;998
11;2;11;46;46250;;3;2;No inventariada;;9;10;2;;;1;1;1;;;18;998
11;5;16;46;46250;;3;2;No inventariada;;9;4;2;;;1;1;1;;;1;998
10;5;6;46;46250;;3;2;No inventariada;;9;6;1;1;;1;4;1;;;1;998
11;4;11;46;46250;;3;2;No inventariada;;9;2;1;2;;1;1;2;;;1;998
11;2;18;46;46250;;3;2;No inventariada;;9;2;2;;;1;3;1;;;1;998
10;2;10;46;46250;;3;2;No inventariada;;9;10;2;;;1;1;1;;;1;998
11;4;7;46;46250;;3;2;No inventariada;;9;20;2;;;1;1;1;;;1;998
7;7;6;46;46250;;3;2;No inventariada;;9;15;1;4;;1;2;1;;;1;998
11;5;16;46;46250;;3;2;No inventariada;;9;2;1;2;;1;1;1;;;1;998
11;2;4;46;0;;1;1;V-21;11,6;7;19;2;;;1;6;1;;;1;2
11;5;22;46;46250;;3;2;No inventariada;;9;10;2;;;1;4;1;;;1;998
11;3;11;46;46250;;3;2;No inventariada;;9;2;2;;;1;1;1;;;1;998
11;5;15;46;46250;;3;2;No inventariada;;9;10;2;;;1;1;2;;;1;998
11;3;15;46;46250;;3;2;No inventariada;;9;3;2;;;1;1;1;;;1;998
11;5;14;46;46250;0;3;2;No inventariada;;9;3;1;2;;1;1;2;;;1;998
11;3;15;46;46250;;3;2;No inventariada;;9;3;2;;;1;1;1;;;1;998
11;3;16;46;46250;;3;2;No inventariada;;9;2;1;4;;1;1;1;;;1;998
11;5;15;46;46250;;3;2;No inventariada;;9;2;2;;;1;1;2;;;1;998
11;2;20;46;46250;;3;2;No inventariada;;9;6;2;;;1;3;1;;;10;998
11;5;8;46;46250;;3;2;No inventariada;;9;7;1;1;;1;1;2;;;1;998
11;4;3;46;46250;;3;2;No inventariada;;9;6;1;1;;1;4;1;;;1;998
11;4;8;46;46250;;3;2;No inventariada;;9;2;1;1;;1;1;1;;;1;998
11;2;7;46;46250;;3;2;No inventariada;;9;2;1;4;;1;1;1;;;1;998
11;2;11;46;46250;;3;2;No inventariada;;9;10;1;2;;1;1;1;;;1;998
11;2;13;46;46250;;3;2;No inventariada;;9;3;2;;;1;1;1;;;1;998
11;3;9;46;46250;;3;2;No inventariada;;9;4;1;1;;3;1;4;;;5;998
11;4;14;46;46250;;3;2;No inventariada;;9;3;1;4;;1;1;2;;;1;998
11;4;19;46;46250;;3;2;No inventariada;;9;2;2;;;1;3;2;;;1;998
10;6;21;46;46250;;3;2;No inventariada;;9;2;1;2;;1;4;1;;;1;998
11;6;20;46;46250;;3;2;No inventariada;;9;10;2;;;1;4;1;;;1;998
9;6;17;46;46250;;3;2;No inventariada;;9;10;1;2;;1;1;1;;;1;998
11;5;22;46;46250;;3;2;No inventariada;;9;2;2;;;1;4;1;;;1;998
11;5;22;46;46250;;3;2;No inventariada;;9;2;1;2;;1;4;1;;;1;998
11;3;21;46;46250;;3;2;No inventariada;;9;2;1;2;;1;4;1;;;1;998
11;4;17;46;46250;;3;2;No inventariada;;9;2;2;;;1;4;1;;;1;998
11;5;13;46;46250;;3;2;No inventariada;;9;2;1;4;;1;1;1;;;1;998
11;5;15;46;46250;;3;2;No inventariada;;9;7;1;2;;1;1;1;;;1;998
11;5;18;46;46250;;3;2;No inventariada;;9;3;1;1;;1;3;1;;;9;998
11;5;18;46;46250;;3;2;No inventariada;;9;7;2;;;1;4;1;;;1;998
11;6;14;46;46250;;3;2;No inventariada;;9;4;2;;;1;1;1;;;1;998
10;5;7;46;46250;;3;2;No inventariada;;9;7;2;;;1;4;1;;;9;998
11;7;0;46;46250;;3;2;No inventariada;;9;5;2;;;1;4;2;;;1;998
11;7;15;46;46250;;3;2;No inventariada;;9;2;1;1;;1;1;1;;;1;998
11;6;12;46;46250;;3;2;No inventariada;;9;10;1;2;;1;1;1;;;1;998
11;5;18;46;46250;;3;2;No inventariada;;9;10;2;;;2;3;2;;;1;998
11;1;6;46;46250;;1;1;V-30;2,9;3;5;1;10;V-31;1;6;1;;;1;1
10;2;18;46;46250;;3;2;No inventariada;;9;10;2;;;3;1;3;;;1;998
11;6;11;46;46250;;3;2;No inventariada;;9;2;2;;;1;1;1;;;1;998
11;1;7;46;46250;;3;2;No inventariada;;9;7;1;2;;1;1;2;;;1;998
11;3;20;46;46250;;3;2;No inventariada;;9;2;2;;;1;4;1;;;1;998
11;4;14;46;46250;;3;2;No inventariada;;9;4;2;;;1;1;1;;;1;998
11;1;17;46;46250;;3;2;No inventariada;;9;10;1;1;;1;1;1;;;1;998
11;6;20;46;46250;;3;2;No inventariada;;9;2;1;1;;1;3;1;;;17;998
11;1;20;46;46250;;3;2;No inventariada;;9;2;1;2;;1;4;1;;;1;998
11;1;8;46;46250;;3;2;No inventariada;;9;4;2;;;1;1;2;;;1;998
11;6;13;46;46250;;3;2;No inventariada;;9;20;1;12;;1;1;1;;;1;998
11;6;7;46;46250;;3;2;No inventariada;;9;2;2;;;1;1;1;;;18;998
11;7;15;46;46250;;3;2;No inventariada;;9;7;1;2;;1;1;1;;;1;998
11;6;18;46;46250;;3;2;No inventariada;;9;7;2;;;1;1;1;;;1;998
11;6;16;46;46250;;3;2;No inventariada;;9;7;2;;;1;2;1;;;1;998
11;1;9;46;46250;;3;2;No inventariada;;9;2;2;;;1;1;1;;;1;998
11;1;8;46;46250;;3;2;No inventariada;;9;4;2;;;1;1;2;;;1;998
11;7;0;46;46250;;3;2;No inventariada;;9;2;2;;;1;4;1;;;1;998
11;1;10;46;46250;;3;2;No inventariada;;9;10;2;;;1;2;2;;;1;998
11;1;11;46;46250;;3;2;No inventariada;;9;7;1;2;;1;1;1;;;18;998
11;1;14;46;46250;;3;2;No inventariada;;9;4;1;2;;1;1;1;;;1;998
11;7;22;46;46250;;3;2;No inventariada;;9;10;2;;;1;4;1;;;1;998
11;7;20;46;46250;;3;2;No inventariada;;9;10;1;2;;1;3;1;;;1;998
11;1;17;46;46250;;3;2;No inventariada;;9;3;2;;;1;3;1;;;1;998
11;1;18;46;46250;;3;2;No inventariada;;9;3;1;2;;1;4;1;;;1;998
11;1;19;46;46250;;3;2;No inventariada;;9;3;1;1;;1;3;1;;;1;998
11;7;14;46;46250;;3;2;No inventariada;;9;3;1;1;;1;3;1;;;1;998
11;7;19;46;46250;;3;2;No inventariada;;9;3;2;;;1;1;2;;;1;998
11;6;5;46;46250;;3;2;No inventariada;;9;10;1;1;;1;3;1;;;1;998
11;7;14;46;46250;;3;2;No inventariada;;9;4;2;;;1;1;1;;;1;998
11;7;23;46;46250;;3;2;No inventariada;;9;10;2;;;2;1;1;;;1;998
11;7;12;46;46250;;3;2;No inventariada;;9;2;1;1;;1;1;1;;;1;998
11;5;13;46;46250;;3;2;No inventariada;;9;10;2;;;1;1;1;;;1;998
11;1;16;46;46250;;3;2;No inventariada;;9;2;1;2;;1;1;1;;;1;998
11;5;12;46;46250;;3;2;No inventariada;;9;1;2;;;1;1;1;;;1;998
11;1;20;46;46250;;3;2;No inventariada;;9;3;1;1;;1;4;1;;;1;998
10;5;21;46;46250;;3;2;No inventariada;;9;10;2;;;1;4;1;;;1;998
11;1;15;46;46250;;3;2;No inventariada;;9;10;2;;;2;1;1;;;1;998
11;1;12;46;46250;;3;2;No inventariada;;9;4;2;;;1;1;1;;;1;998
11;2;8;46;46250;;3;2;No inventariada;;9;2;1;4;;1;1;1;;;1;998
11;2;10;46;46250;;3;2;No inventariada;;9;4;1;2;;1;1;1;;;1;998
11;1;8;46;46250;;3;2;No inventariada;;9;10;2;;;1;1;1;;;18;998
11;2;14;46;46250;;3;2;No inventariada;;9;4;2;;;1;1;1;;;1;998
11;1;7;46;46250;;3;2;No inventariada;;9;3;1;1;;1;1;1;;;1;998
11;2;16;46;46250;;3;2;No inventariada;;9;2;1;1;;1;1;1;;;1;998
11;2;16;46;46250;;3;2;No inventariada;;9;3;2;;;1;1;1;;;1;998
11;2;14;46;46250;;3;2;No inventariada;;9;6;2;;;1;1;2;;;1;998
11;2;18;46;46250;;3;2;No inventariada;;9;2;1;1;;1;3;1;;;1;998
11;2;13;46;46250;;3;2;No inventariada;;9;10;2;;;9;4;2;;;1;998
11;2;18;46;46250;;3;2;No inventariada;;9;10;2;;;8;3;1;;;3;998
11;2;10;46;46250;;3;2;No inventariada;;9;4;1;1;;1;1;1;;;1;998
11;3;14;46;46250;;3;2;No inventariada;;9;2;1;1;;3;1;4;;;5;998
11;3;13;46;46250;;3;2;No inventariada;;9;7;2;;;3;1;4;;;1;998
11;3;15;46;46250;;3;2;No inventariada;;9;7;2;;;3;1;3;;;1;998
11;4;19;46;46250;;3;2;No inventariada;;9;2;1;2;;1;4;1;;;1;998
11;3;10;46;46250;;3;2;No inventariada;;9;7;1;2;;1;1;1;;;1;998
11;3;6;46;46250;;3;2;No inventariada;;9;2;1;2;;1;1;1;;;1;998
11;2;9;46;46250;;3;2;No inventariada;;9;2;2;;;1;1;1;;;1;998
11;3;10;46;46250;;3;2;No inventariada;;9;3;1;12;;1;1;1;;;1;998
11;3;9;46;46250;;3;2;No inventariada;;9;2;2;;;1;1;1;;;1;998
11;1;14;46;46250;;3;2;No inventariada;;9;10;2;;;1;1;1;;;1;998
11;6;21;46;46250;;3;2;No inventariada;;9;10;2;;;1;3;1;;;1;998
11;2;18;46;46250;;3;2;No inventariada;;9;7;2;;;1;3;1;;;1;998
11;3;14;46;46250;;3;2;No inventariada;;9;7;2;;;1;1;1;;;6;998
11;2;19;46;46250;;3;2;No inventariada;;9;2;1;2;;1;4;1;;;1;998
11;5;19;46;46250;;3;2;No inventariada;;9;3;2;;;1;3;1;;;1;998
11;3;16;46;46250;;3;2;No inventariada;;9;2;1;1;;1;1;1;;;1;998
11;5;22;46;46250;;3;2;No inventariada;;9;3;1;4;;1;4;1;;;1;998
11;5;15;46;46250;;3;2;No inventariada;;9;4;2;;;1;1;1;;;1;998
11;5;7;46;46250;;3;2;No inventariada;;9;2;2;;;1;3;1;;;1;998
11;6;18;46;46250;;3;2;No inventariada;;9;10;2;;;1;1;1;;;1;998
11;3;19;46;46250;;3;2;No inventariada;;9;10;2;;;1;4;1;;;1;998
11;6;11;46;46250;;3;2;No inventariada;;9;10;2;;;1;1;1;;;1;998
11;4;20;46;46250;;3;2;No inventariada;;9;10;2;;;3;5;3;;;1;998
11;4;14;46;46250;;3;2;No inventariada;;9;4;2;;;1;1;1;;;1;998
11;3;8;46;46250;;3;2;No inventariada;;9;4;2;;;1;1;3;;;1;998
11;3;12;46;46250;;3;2;No inventariada;;9;10;2;;;1;1;1;;;1;998
11;7;23;46;46250;;3;2;No inventariada;;9;2;1;2;;1;4;1;;;1;998
11;2;15;46;46250;;3;2;No inventariada;;9;4;1;4;;1;1;1;;;1;998
11;7;20;46;46250;;3;2;No inventariada;;9;2;1;2;;1;4;7;;;1;998
11;7;11;46;46250;;3;2;No inventariada;;9;1;2;;;1;1;1;;;1;998
11;2;15;46;46250;;3;2;No inventariada;;9;12;2;;;1;1;1;;;1;998
11;5;18;46;46250;;3;2;No inventariada;;9;10;2;;;1;4;1;;;1;998
11;1;11;46;46250;;3;2;No inventariada;;9;2;1;4;;1;1;1;;;1;998
11;6;14;46;46250;;3;2;No inventariada;;9;10;2;;;2;1;2;;;1;998
11;2;20;46;46250;;3;2;No inventariada;;9;2;2;;;1;4;1;;;1;998
11;7;0;46;46250;;3;2;No inventariada;;9;1;2;;;1;4;1;;;18;998
11;4;9;46;46250;;3;2;No inventariada;;9;20;2;;;1;1;1;;;1;998
11;7;22;46;46250;;3;2;No inventariada;;9;2;2;;;1;4;7;;;18;998
11;3;8;46;46250;;3;2;No inventariada;;9;7;2;;;1;4;1;;;1;998
11;5;20;46;46250;;3;2;No inventariada;;9;20;2;;;1;4;2;;;1;998
11;2;9;46;46250;;3;2;No inventariada;;9;2;1;1;;1;1;1;;;1;998
11;3;7;46;46250;;3;2;No inventariada;;9;7;2;;;1;3;1;;;1;998
11;1;16;46;46250;;3;2;No inventariada;;9;4;2;;;1;1;1;;;1;998
11;4;11;46;46250;;3;2;No inventariada;;9;10;1;4;;1;1;1;;;1;998
11;1;14;46;46250;;3;2;No inventariada;;9;10;2;;;8;1;2;;;1;998
11;1;19;46;46250;0;3;2;No inventariada;;9;2;1;1;;1;3;1;;;1;998
11;5;7;46;46250;;3;2;No inventariada;;9;2;1;2;;1;1;1;;;1;998
11;2;22;46;46250;;3;2;No inventariada;;9;2;2;;;1;4;1;;;1;998
11;4;13;46;46250;;3;2;No inventariada;;9;7;1;1;;1;1;1;;;1;998
11;4;11;46;46250;;3;2;No inventariada;;9;7;1;2;;1;1;1;;;1;998
11;5;9;46;46250;;3;2;No inventariada;;9;4;1;12;;1;1;1;;;1;998
11;3;10;46;46250;;3;2;No inventariada;;9;10;2;;;1;1;1;;;1;998
10;5;14;46;46250;;3;2;No inventariada;;9;4;2;;;1;1;1;;;1;998
11;3;11;46;46250;;3;2;No inventariada;;9;20;2;;;1;1;1;;;1;998
11;5;17;46;46250;;1;1;V-31;12,297;3;4;2;;;1;1;1;;;1;1
11;5;15;46;46250;0;3;2;No inventariada;;9;20;2;;;1;1;1;;;1;998
11;5;19;46;46250;;3;2;No inventariada;;9;7;2;;;1;3;1;;;1;998
10;4;21;46;46250;;3;2;No inventariada;;9;2;1;2;;3;3;2;;;12;998
11;1;7;46;46250;;3;2;No inventariada;;9;2;1;2;;1;1;1;;;1;998
11;6;13;46;46250;;3;2;No inventariada;;9;10;1;2;;1;1;1;;;1;998
12;7;3;46;46250;;3;2;No inventariada;;9;2;2;;;1;4;1;;;1;998
11;5;19;46;46250;;3;2;No inventariada;;9;5;1;6;;1;3;2;;;1;998
10;7;11;46;46250;;3;2;No inventariada;;9;2;1;2;;1;1;1;;;1;998
11;3;10;46;46250;;3;2;No inventariada;;9;2;1;1;;1;1;1;;;1;998
11;3;11;46;46250;;3;2;No inventariada;;9;7;1;1;;1;1;1;;;1;998
12;1;7;46;46250;;3;2;No inventariada;;9;10;1;4;;1;4;2;;;1;998
11;1;6;46;46250;;3;2;No inventariada;;9;7;1;1;;1;3;2;;;1;998
11;5;17;46;46250;;3;2;No inventariada;;9;10;2;;;1;3;1;;;1;998
12;1;10;46;46250;;3;2;No inventariada;;9;4;2;;;1;1;1;;;1;998
12;1;11;46;46250;;3;2;No inventariada;;9;4;1;1;;1;1;1;;;1;998
11;1;18;46;46250;;3;2;No inventariada;;9;10;2;;;1;3;1;;;15;998
11;2;13;46;46250;;3;2;No inventariada;;9;4;2;;;1;1;1;;;1;998
11;1;15;46;46250;;3;2;No inventariada;;9;7;1;2;;9;2;1;;;1;998
11;5;14;46;46250;;3;2;No inventariada;;9;10;2;;;1;1;1;;;1;998
12;1;12;46;46250;;3;2;No inventariada;;9;2;1;1;;1;1;1;;;1;998
11;3;15;46;46250;;3;2;No inventariada;;9;7;1;2;;1;2;1;;;1;998
10;4;17;46;46250;;1;1;No inventariada;18;3;5;2;;;1;1;2;;1;1;1
11;5;19;46;46250;;3;2;No inventariada;;9;10;2;;;2;3;1;;;1;998
11;5;19;46;46250;;3;2;No inventariada;;9;4;2;;;1;4;1;;;1;998
12;1;14;46;46250;;1;1;CV-36;1,681;3;4;2;;;1;1;1;;;1;1
11;5;14;46;46250;;3;2;No inventariada;;9;10;1;2;;1;1;1;;;1;998
11;5;7;46;46250;;3;2;No inventariada;;9;10;1;2;;1;3;1;;;1;998
11;5;21;46;46250;;3;2;No inventariada;;9;2;1;1;;1;3;7;;;1;998
11;6;14;46;46250;;3;2;No inventariada;;9;20;2;;;1;1;1;;;1;998
12;2;8;46;46250;;3;2;No inventariada;;9;10;2;;;1;1;1;;;1;998
12;1;14;46;46250;;3;2;No inventariada;;9;4;2;;;1;1;1;;;18;998
11;4;14;46;46250;;1;1;CV-36;0,27;3;16;1;2;V-30;1;1;1;;;1;1
11;4;17;46;46250;;3;2;No inventariada;;9;4;1;2;;1;4;1;;;1;998
11;4;14;46;46250;;3;2;No inventariada;;9;10;2;;;1;1;1;;;1;998
11;2;14;46;46250;;3;2;No inventariada;;9;2;1;1;;1;1;1;;;1;998
12;2;12;46;46250;;3;2;No inventariada;;9;10;1;1;;1;1;1;;;1;998
11;3;7;46;46250;;3;2;No inventariada;;9;10;2;;;3;2;7;;;1;998
11;4;14;46;46250;;3;2;No inventariada;;9;2;2;;;9;1;7;;;1;998
11;6;21;46;46250;;3;2;No inventariada;;9;2;2;;;9;4;7;;;1;998
11;6;20;46;46250;;3;2;No inventariada;;9;2;2;;;9;4;7;;;1;998
12;2;13;46;46250;;3;2;No inventariada;;9;4;2;;;1;1;1;;;18;998
11;6;19;46;46250;;3;2;No inventariada;;9;4;2;;;1;3;1;;;1;998
11;5;22;46;46250;;3;2;No inventariada;;9;2;1;2;;1;4;7;;;1;998
12;1;19;46;46250;;3;2;No inventariada;;9;10;2;;;1;4;1;;;18;998
12;1;20;46;46250;;3;2;No inventariada;;9;2;1;1;;1;4;1;;;1;998
12;1;18;46;46250;;3;2;No inventariada;;9;7;2;;;1;4;1;;;1;998
11;7;2;46;46250;;3;2;No inventariada;;9;2;2;;;1;4;7;;;1;998
11;7;17;46;46250;;3;2;No inventariada;;9;2;1;2;;1;3;7;;;1;998
12;2;17;46;46250;;3;2;No inventariada;;9;1;2;;;1;2;1;;;1;998
11;7;3;46;46250;;3;2;No inventariada;;9;7;2;;;1;3;1;;;1;998
11;4;19;46;46250;;3;2;No inventariada;;9;7;1;1;;1;4;2;;;1;998
11;1;20;46;46250;;3;2;No inventariada;;9;2;1;2;;1;4;7;;;1;998
11;1;18;46;46250;;3;2;No inventariada;;9;2;1;2;;1;4;7;;;1;998
12;3;8;46;46250;;3;2;No inventariada;;9;4;2;;;3;2;2;;;1;998
11;2;17;46;46250;;3;2;No inventariada;;9;10;1;2;;1;1;1;;;1;998
11;2;21;46;46250;;3;2;No inventariada;;9;3;2;;;1;4;1;;;1;998
11;5;20;46;46250;;3;2;No inventariada;;9;3;2;;;1;4;1;;;1;998
11;2;13;46;46250;;3;2;No inventariada;;9;20;2;;;1;1;1;;;1;998
12;3;10;46;46250;;3;2;No inventariada;;9;10;2;;;8;1;2;;;1;998
10;4;16;46;46250;;3;2;No inventariada;;9;7;2;;;1;1;1;;;1;998
12;1;12;46;46250;;3;2;No inventariada;;9;3;2;;;1;1;1;;;1;998
11;2;18;46;46250;;3;2;No inventariada;;9;2;2;;;1;4;7;;;18;998
12;3;9;46;46250;;3;2;No inventariada;;9;3;1;2;;1;1;2;;;1;998
12;1;6;46;46250;;3;2;No inventariada;;9;10;2;;;1;3;1;;;1;998
11;1;14;46;46250;;3;2;No inventariada;;9;7;1;4;;1;1;1;;;1;998
12;3;12;46;46250;0;3;2;No inventariada;;9;4;1;4;;1;1;2;;;1;998
11;3;7;46;46250;;3;2;No inventariada;;9;7;1;12;;1;1;7;;;1;998
12;3;19;46;46250;;3;2;No inventariada;;9;3;2;;;1;4;1;;;1;998
12;4;8;46;46250;;3;2;No inventariada;;9;4;1;5;;1;1;1;;;1;998
12;3;6;46;46250;;3;2;No inventariada;;9;7;2;;;1;3;1;;;1;998
12;1;21;46;46250;;3;2;No inventariada;;9;2;1;1;;1;4;1;;;1;998
12;4;12;46;46250;;3;2;No inventariada;;9;3;1;4;;1;1;1;;;1;998
12;4;14;46;46250;;1;1;V-31;12,1;3;5;2;;;1;1;1;;;1;1
12;4;15;46;46250;;3;2;No inventariada;;9;7;2;;;1;1;1;;;6;998
12;5;0;46;46250;;3;2;No inventariada;;9;3;2;;;1;3;1;;;1;998
12;5;9;46;46250;;1;1;CV-30;3,8;3;4;1;2;;1;1;1;;;1;1
12;5;15;46;46250;;3;2;No inventariada;;9;10;1;1;;1;1;1;;;1;998
12;4;20;46;46250;;3;2;No inventariada;;9;2;1;1;;1;4;1;;;1;998
11;4;13;46;46250;;3;2;No inventariada;;9;4;1;2;;1;1;1;;;1;998
11;4;11;46;46250;;3;2;No inventariada;;9;7;1;1;;1;1;1;;;1;998
12;5;5;46;46250;;3;2;No inventariada;;9;6;1;2;;1;4;1;;;1;998
12;7;14;46;46250;;3;2;No inventariada;;9;4;1;1;;1;1;1;;;1;998
12;7;22;46;46110;;1;1;A-3;351,5;7;4;2;;;1;4;7;;;18;1
11;1;15;46;46250;;3;2;No inventariada;;9;3;2;;;1;1;1;;;1;998
11;6;5;46;46250;;3;2;No inventariada;;9;10;2;;;1;4;1;;;1;998
11;2;19;46;46250;;3;2;No inventariada;;9;7;2;;;1;1;1;;;1;998
11;3;23;46;46250;;3;2;No inventariada;;9;2;2;;;1;4;1;;;1;998
11;3;13;46;46250;;3;2;No inventariada;;9;1;1;4;;1;1;1;;;1;998
11;2;18;46;46250;;3;2;No inventariada;;9;4;1;2;;1;1;1;;;1;998
11;3;14;46;46250;;3;2;No inventariada;;9;1;2;;;1;1;1;;;1;998
11;2;14;46;46250;;3;2;No inventariada;;9;3;1;5;;1;1;1;;;1;998
11;1;12;46;46250;;3;2;No inventariada;;9;10;1;1;;1;1;1;;;1;998
11;2;9;46;46250;;3;2;No inventariada;;9;7;1;2;;1;1;1;;;1;998
12;1;10;46;46250;;3;2;No inventariada;;9;3;1;1;;1;1;1;;;1;998
12;5;18;46;46250;;3;2;No inventariada;;9;7;2;;;1;4;3;;;12;998
11;4;21;46;46250;;3;2;No inventariada;;9;10;2;;;1;1;1;;;1;998
11;4;15;46;46250;;3;2;No inventariada;;9;2;1;2;;1;1;1;;;1;998
11;4;9;46;46250;;3;2;No inventariada;;9;4;1;2;;1;1;1;;;1;998
11;5;6;46;46250;;3;2;No inventariada;;9;2;2;;;1;3;1;;;1;998
11;5;16;46;46250;;3;2;No inventariada;;9;10;1;1;;1;1;1;;;1;998
11;4;16;46;46250;;3;2;No inventariada;;9;1;2;;;1;1;1;;;1;998
12;1;12;46;46250;;3;2;No inventariada;;9;20;2;;;1;1;1;;;1;998
12;2;7;46;46250;;3;2;No inventariada;;9;10;2;;;1;1;1;;;1;998
10;7;20;46;46250;;3;2;No inventariada;;9;2;1;2;;3;3;3;;;1;998
12;7;13;46;46250;;3;2;No inventariada;;9;4;2;;;1;1;1;;;1;998
11;6;14;46;46250;;3;2;No inventariada;;9;3;2;;;1;1;1;;;1;998
12;1;13;46;46250;;3;2;No inventariada;;9;2;1;2;;1;1;1;;;1;998
11;6;18;46;46250;;3;2;No inventariada;;9;1;2;;;1;2;1;;;1;998
11;6;14;46;46250;;3;2;No inventariada;;9;3;1;2;;1;1;1;;;1;998
12;1;23;46;46250;;3;2;No inventariada;;9;4;2;;;1;4;1;;;1;998
12;2;11;46;46250;;3;2;No inventariada;;9;10;2;;;1;1;1;;;1;998
12;1;15;46;46250;;3;2;No inventariada;;9;20;2;;;1;1;1;;;1;998
11;5;18;46;46250;;3;2;No inventariada;;9;4;2;;;1;4;1;;;1;998
12;7;18;46;46250;;3;2;No inventariada;;9;3;2;;;1;4;1;;;1;998
12;2;12;46;46250;;3;2;No inventariada;;9;7;1;1;;1;1;1;;;1;998