MES;DIA_SEMANA;HORA;COD_PROVINCIA;COD_MUNICIPIO;ISLA;ZONA;ZONA_AGRUPADA;CARRETERA;KM;TIPO_VIA;TIPO_ACCIDENTE;NUDO;NUDO_INFO;CARRETERA_CRUCE;CONDICION_FIRME;CONDICION_ILUMINACION;CONDICION_METEO;CONDICION_NIEBLA;CONDICION_VIENTO;VISIB_RESTRINGIDA_POR;TRAZADO_PLANTA
12;5;16;46;46250;;3;2;No inventariada;;9;2;1;1;;1;1;1;;;1;998
12;1;15;46;46250;;3;2;No inventariada;;9;3;2;;;1;1;1;;;1;998
12;7;20;46;46250;;3;2;No inventariada;;9;10;2;;;1;4;1;;;1;998
12;1;13;46;46250;;3;2;No inventariada;;9;10;1;2;;1;1;1;;;1;998
12;2;20;46;46250;;3;2;No inventariada;;9;10;2;;;2;4;1;;;1;998
12;1;16;46;46250;;3;2;No inventariada;;9;2;1;1;;1;1;1;;;1;998
11;6;1;46;46250;;3;2;No inventariada;;9;2;1;2;;1;3;1;;;1;998
10;6;3;46;46250;;3;2;No inventariada;;9;2;1;4;;1;3;1;;;1;998
10;4;1;46;46250;;3;2;No inventariada;;9;2;2;;;3;3;3;;;1;998
10;5;8;46;46250;;3;2;No inventariada;;9;2;1;1;;1;1;1;;;1;998
12;3;8;46;46250;;3;2;No inventariada;;9;10;1;2;;3;2;2;;;1;998
12;4;17;46;46250;;3;2;No inventariada;;9;1;1;1;;1;4;1;;;1;998
10;6;3;46;46250;;3;2;No inventariada;;9;7;1;1;;3;4;3;;;12;998
11;3;16;46;46250;;3;2;No inventariada;;9;2;1;1;;1;4;1;;;1;998
11;6;3;46;46250;;3;2;No inventariada;;9;20;1;1;;1;4;1;;;1;998
11;3;20;46;46250;;3;2;No inventariada;;9;2;2;;;1;3;1;;;1;998
11;5;17;46;46250;;3;2;No inventariada;;9;2;2;;;1;4;1;;;1;998
11;1;17;46;46250;;3;2;No inventariada;;9;4;1;1;;1;1;1;;;1;998
12;3;8;46;46250;;3;2;No inventariada;;9;2;1;2;;3;1;2;;;1;998
11;2;12;46;46250;;3;2;No inventariada;;9;3;1;1;;1;1;1;;;1;998
11;2;0;46;46250;;3;2;No inventariada;;9;10;1;2;;1;4;1;;;1;998
11;6;20;46;46250;;3;2;No inventariada;;9;2;2;;;1;4;1;;;1;998
12;3;8;46;46250;;3;2;No inventariada;;9;20;2;;;3;1;2;;;1;998
11;6;6;46;46250;;3;2;No inventariada;;9;2;1;1;;1;4;1;;;1;998
12;4;5;46;46250;;3;2;No inventariada;;9;2;1;1;;1;4;1;;;1;998
12;1;12;46;46250;;3;2;No inventariada;;9;12;2;;;1;1;1;;;1;998
12;3;9;46;46250;;3;2;No inventariada;;9;2;2;;;3;1;3;;;1;998
12;3;7;46;46250;;3;2;No inventariada;;9;3;1;1;;3;2;3;;;1;998
12;3;17;46;46250;;3;2;No inventariada;;9;6;2;;;1;1;1;;;1;998
12;3;7;46;46250;;3;2;No inventariada;;9;2;1;1;;3;1;2;;;1;998
12;3;10;46;46250;;3;2;No inventariada;;9;2;1;1;;3;1;3;;;1;998
12;4;17;46;46250;;3;2;No inventariada;;9;10;2;;;1;1;1;;;1;998
12;2;8;46;46250;;3;2;No inventariada;;9;3;2;;;1;1;1;;;1;998
12;2;18;46;46250;;3;2;No inventariada;;9;10;1;5;;1;3;1;;;1;998
12;4;19;46;46250;;3;2;No inventariada;;9;10;1;2;;1;3;1;;;8;998
12;5;14;46;46250;;3;2;No inventariada;;9;10;2;;;1;1;1;;;1;998
12;4;14;46;46250;;3;2;No inventariada;;9;4;2;;;1;1;1;;;1;998
12;3;13;46;46250;;3;2;No inventariada;;9;2;1;2;;1;1;1;;;1;998
12;5;17;46;46250;;3;2;No inventariada;;9;7;2;;;1;3;1;;;1;998
12;4;14;46;46250;;3;2;No inventariada;;9;7;2;;;1;1;1;;;1;998
12;3;14;46;46250;;3;2;No inventariada;;9;20;1;4;;1;1;1;;;1;998
12;3;14;46;46250;;3;2;No inventariada;;9;20;1;4;;1;1;1;;;1;998
12;6;11;46;46250;;3;2;No inventariada;;9;10;1;2;;1;1;1;;;1;998
12;3;15;46;46250;0;3;2;No inventariada;;9;4;2;;;1;1;2;;;1;998
11;2;15;46;46250;;3;2;No inventariada;;9;20;2;;;1;1;1;;;1;998
12;5;17;46;46250;;3;2;No inventariada;;9;2;1;2;;1;2;1;;;1;998
12;3;18;46;46250;;3;2;No inventariada;;9;10;2;;;1;3;1;;;1;998
12;3;11;46;46250;;3;2;No inventariada;;9;7;2;;;1;1;2;;;11;998
12;7;18;46;46250;;3;2;No inventariada;;9;2;2;;;1;3;1;;;17;998
12;7;0;46;46250;;3;2;No inventariada;;9;10;2;;;1;4;1;;;1;998
12;3;13;46;46250;;3;2;No inventariada;;9;10;1;2;;1;1;1;;;1;998
12;3;13;46;46250;;3;2;No inventariada;;9;7;2;;;1;1;1;;;1;998
12;1;17;46;46250;;3;2;No inventariada;;9;4;2;;;1;1;1;;;1;998
12;7;18;46;46250;;3;2;No inventariada;;9;4;2;;;1;3;1;;;1;998
12;1;1;46;46250;;3;2;No inventariada;;9;10;2;;;1;4;1;;;1;998
12;1;19;46;46250;;3;2;No inventariada;;9;2;2;;;1;3;1;;;1;998
12;4;9;46;46250;;3;2;No inventariada;;9;2;1;1;;1;1;1;;;1;998
12;6;4;46;46250;;3;2;No inventariada;;9;7;2;;;1;4;1;;;1;998
12;7;17;46;46250;;3;2;No inventariada;;9;2;1;1;;1;3;1;;;1;998
12;5;11;46;46250;;3;2;No inventariada;;9;2;1;1;;1;1;1;;;1;998
11;5;7;46;46250;;3;2;No inventariada;;9;3;1;2;;1;1;7;;;1;998
11;5;12;46;46250;;3;2;No inventariada;;9;10;2;;;1;1;1;;;1;998
12;4;14;46;46250;;3;2;No inventariada;;9;7;1;2;;1;1;2;;;1;998
12;3;14;46;46250;;3;2;No inventariada;;9;10;1;2;;1;1;7;;;1;998
10;6;16;46;46250;;3;2;No inventariada;;9;4;2;;;1;1;1;;;1;998
12;4;17;46;46250;;3;2;No inventariada;;9;2;2;;;1;4;1;;;1;998
12;4;22;46;46250;;3;2;No inventariada;;9;5;1;1;;1;4;1;;;1;998
12;5;7;46;46250;;3;2;No inventariada;;9;4;2;;;1;4;2;;;1;998
12;5;8;46;46250;;3;2;No inventariada;;9;2;1;1;;1;1;1;;;1;998
12;3;21;46;46250;;3;2;No inventariada;;9;4;2;;;1;4;1;;;1;998
11;2;19;46;46250;;1;1;V-30;2,3;3;5;2;;;1;6;2;;;1;1
10;3;12;46;46250;;3;2;No inventariada;;9;20;2;;;1;1;1;;;1;998
12;5;23;46;46250;;3;2;No inventariada;;9;10;1;1;;1;4;1;;;1;998
12;7;12;46;46250;;3;2;No inventariada;;9;6;2;;;1;1;1;;;1;998
12;6;15;46;46250;;3;2;No inventariada;;9;4;1;2;;1;1;1;;;1;998
12;6;4;46;46250;;3;2;No inventariada;;9;1;2;;;1;4;1;;;1;998
12;1;7;46;46250;;3;2;No inventariada;;9;6;2;;;1;3;1;;;1;998
12;2;15;46;46250;;3;2;No inventariada;;9;2;2;;;1;1;1;;;1;998
12;6;21;46;46250;;3;2;No inventariada;;9;4;2;;;1;4;1;;;1;998
12;2;8;46;46250;;3;2;No inventariada;;9;20;2;;;1;1;1;;;1;998
12;1;9;46;46250;;3;2;No inventariada;;9;3;2;;;1;1;1;;;1;998
12;3;6;46;46250;;3;2;No inventariada;;9;10;2;;;1;1;1;;;1;998
12;2;21;46;46250;;3;2;No inventariada;;9;4;2;;;1;4;2;;;1;998
12;2;13;46;46250;;3;2;No inventariada;;9;10;2;;;1;1;1;;;2;998
12;1;11;46;46250;;3;2;No inventariada;;9;2;2;;;1;1;1;;;1;998
12;1;15;46;46250;;3;2;No inventariada;;9;10;2;;;1;1;1;;;1;998
12;1;14;46;46250;;3;2;No inventariada;;9;2;2;;;1;6;1;;;18;998
12;6;21;46;46250;;3;2;No inventariada;;9;2;1;1;;1;4;1;;;1;998
12;6;18;46;46250;;3;2;No inventariada;;9;3;1;1;;1;4;1;;;1;998
12;4;11;46;46250;;3;2;No inventariada;;9;10;2;;;3;1;1;;;1;998
12;4;15;46;46250;;3;2;No inventariada;;9;5;2;;;1;1;1;;;1;998
12;6;21;46;46250;;3;2;No inventariada;;9;20;1;2;;1;4;1;;;1;998
12;1;15;46;46250;;3;2;No inventariada;;9;10;1;1;;1;1;1;;;1;998
12;1;13;46;46250;;3;2;No inventariada;;9;3;1;5;;1;1;1;;;1;998
12;1;13;46;46250;;3;2;No inventariada;;9;4;2;;;1;1;1;;;1;998
11;2;19;46;46250;;3;2;No inventariada;;9;2;2;;;1;4;1;;;1;998
12;7;14;46;46250;;3;2;No inventariada;;9;2;1;1;;1;1;1;;;1;998
12;1;15;46;46250;;3;2;No inventariada;;9;1;2;;;1;1;1;;;12;998
12;1;18;46;46250;;1;1;No inventariada;13;3;4;2;;;1;4;1;;;1;1
12;1;13;46;46250;;3;2;No inventariada;;9;2;1;2;;1;1;1;;;9;998
12;4;21;46;46250;;3;2;No inventariada;;9;2;2;;;1;4;1;;;9;998
12;7;14;46;46250;;3;2;No inventariada;;9;7;1;1;;1;1;1;;;1;998
12;5;16;46;46250;;3;2;No inventariada;;9;2;1;1;;1;1;1;;;1;998
12;1;6;46;46250;;3;2;No inventariada;;9;2;1;1;;1;4;1;;;1;998
12;2;14;46;46250;;3;2;No inventariada;;9;2;1;1;;1;1;1;;;1;998
12;3;7;46;46250;;3;2;No inventariada;;9;4;2;;;1;3;1;;;1;998
12;2;11;46;46250;;3;2;No inventariada;;9;7;1;1;;1;1;1;;;1;998
12;2;20;46;46250;;3;2;No inventariada;;9;4;2;;;1;4;1;;;1;998
12;3;8;46;46250;;3;2;No inventariada;;9;20;2;;;1;1;1;;;1;998
12;1;10;46;46250;;3;2;No inventariada;;9;3;2;;;9;1;1;;;1;998
12;5;23;46;46250;;3;2;No inventariada;;9;10;2;;;1;4;1;;;1;998
12;6;19;46;46250;;3;2;No inventariada;;9;2;1;2;;1;4;1;;;1;998
12;3;15;46;46250;;3;2;No inventariada;;9;10;1;9;;1;1;1;;;1;998
12;3;18;46;46250;;3;2;No inventariada;;9;10;1;2;;1;3;1;;;1;998
12;3;20;46;46250;;1;1;V-30;1,5;3;15;1;2;V-31;1;6;1;;;1;3
11;5;13;46;46250;;3;2;No inventariada;;9;3;1;2;;1;1;1;;;1;998
12;3;20;46;46250;;3;2;No inventariada;;9;2;1;4;;1;4;1;;;1;998
12;3;7;46;46250;;3;2;No inventariada;;9;7;2;;;3;3;2;;;1;998
11;4;12;46;46250;;3;2;No inventariada;;9;7;2;;;1;1;1;;;1;998
12;3;14;46;46250;;3;2;No inventariada;;9;2;1;2;;1;1;7;;;1;998
12;4;14;46;46250;;3;2;No inventariada;;9;1;2;;;1;1;1;;;1;998
12;3;17;46;46250;;3;2;No inventariada;;9;4;1;2;;1;1;1;;;1;998
12;6;17;46;46250;;3;2;No inventariada;;9;7;2;;;1;2;1;;;1;998
12;4;12;46;46110;;1;1;V-30;7,9;3;4;2;;;1;1;1;;;1;1
12;1;17;46;46250;;3;2;No inventariada;;9;2;1;1;;1;1;1;;;1;998
12;4;15;46;46250;;3;2;No inventariada;;9;4;2;;;1;1;1;;;1;998
12;4;16;46;46250;;3;2;No inventariada;;9;20;2;;;1;1;1;;;1;998
12;4;19;46;46250;;3;2;No inventariada;;9;2;1;2;;1;3;1;;;9;998
12;5;7;46;46250;;3;2;No inventariada;;9;10;2;;;1;4;1;;;1;998
12;4;18;46;46250;;3;2;No inventariada;;9;2;1;4;;1;4;7;;;1;998
12;3;18;46;46250;;3;2;No inventariada;;9;2;1;2;;1;4;1;;;1;998
12;5;8;46;46250;;3;2;No inventariada;;9;2;1;1;;1;1;1;;;1;998
12;2;20;46;46250;;3;2;No inventariada;;9;2;1;1;;1;4;1;;;1;998
12;5;10;46;46250;;3;2;No inventariada;;9;2;1;4;;1;1;1;;;1;998
12;3;8;46;46250;;3;2;No inventariada;;9;2;2;;;1;1;1;;;1;998
12;5;11;46;46250;;3;2;No inventariada;;9;3;1;4;;1;1;1;;;1;998
12;3;20;46;46250;;3;2;No inventariada;;9;20;1;1;;1;4;1;;;1;998
10;6;12;46;46250;;3;2;No inventariada;;9;3;1;1;;1;1;1;;;1;998
12;5;12;46;46250;;3;2;No inventariada;;9;2;1;2;;1;1;1;;;1;998
12;1;16;46;46250;;3;2;No inventariada;;9;10;2;;;1;1;1;;;18;998
12;5;11;46;46250;;3;2;No inventariada;;9;3;2;;;1;1;1;;;1;998
12;4;20;46;46250;;3;2;No inventariada;;9;2;2;;;1;4;1;;;17;998
12;5;13;46;46250;;3;2;No inventariada;;9;4;1;2;;1;1;1;;;1;998
12;2;8;46;46250;;3;2;No inventariada;;9;3;1;1;;9;1;7;;;18;998
12;3;13;46;46250;0;3;2;No inventariada;;9;2;1;1;;1;1;1;;;1;998
12;6;15;46;46250;;3;2;No inventariada;;9;2;1;1;;1;1;1;;;1;998
12;5;14;46;46250;;3;2;No inventariada;;9;3;1;1;;1;1;1;;;1;998
12;4;21;46;46250;;3;2;No inventariada;;9;4;2;;;1;3;1;;;1;998
12;4;21;46;46250;;3;2;No inventariada;;9;2;2;;;1;3;1;;;1;998
12;1;10;46;46250;;3;2;No inventariada;;9;5;1;4;;1;1;1;;;1;998
11;6;9;46;46250;;3;2;No inventariada;;9;10;2;;;1;1;1;;;1;998
11;6;12;46;46250;;3;2;No inventariada;;9;1;2;;;2;1;1;;;1;998
12;5;14;46;46250;;3;2;No inventariada;;9;3;2;;;1;1;1;;;1;998
12;5;8;46;46250;;3;2;No inventariada;;9;10;1;2;;1;1;1;;;1;998
12;3;11;46;46250;;3;2;No inventariada;;9;10;1;2;;1;1;1;;;1;998
12;1;13;46;46250;;3;2;No inventariada;;9;7;2;;;1;1;1;;;1;998
12;6;23;46;46250;;3;2;No inventariada;;9;2;1;1;;1;3;1;;;1;998
12;6;9;46;46250;0;3;2;No inventariada;;9;4;2;;;1;1;1;;;1;998
12;5;21;46;46250;;3;2;No inventariada;;9;4;1;2;;1;4;1;;;1;998
12;5;19;46;46250;;3;2;No inventariada;;9;2;2;;;1;3;1;;;9;998
12;6;12;46;46250;;3;2;No inventariada;;9;10;2;;;1;1;7;;;1;998
12;5;21;46;46250;;3;2;No inventariada;;9;3;1;1;;1;4;1;;;1;998
12;2;5;46;46250;;3;2;No inventariada;;9;3;1;1;;1;4;1;;;1;998
12;6;6;46;46250;;1;1;V-31;12,8;3;7;2;;;1;6;1;;;5;1
12;2;6;46;46250;0;3;2;No inventariada;;9;16;1;7;;1;4;1;;;1;998
12;2;12;46;46250;;3;2;No inventariada;;9;3;2;;;1;1;1;;;1;998
12;2;15;46;46250;;3;2;No inventariada;;9;4;1;2;;1;1;1;;;1;998
12;2;14;46;46250;;3;2;No inventariada;;9;2;1;1;;1;1;1;;;1;998
12;2;14;46;46250;;1;1;V-31;11,908;3;14;2;;;1;1;1;;;1;1
12;3;15;46;46250;;1;1;V-30;5,611;3;10;1;2;;1;1;1;;;1;2
12;2;11;46;46250;;3;2;No inventariada;;9;5;2;;;1;1;1;;;1;998
12;4;9;46;46250;;3;2;No inventariada;;9;2;1;4;;1;1;2;;;1;998
12;7;10;46;46250;;3;2;No inventariada;;9;2;1;1;;1;1;1;;;1;998
11;6;12;46;46250;;3;2;No inventariada;;9;10;1;2;;2;1;1;;;1;998
12;7;10;46;46250;;3;2;No inventariada;;9;3;2;;;1;1;1;;;9;998
12;1;20;46;46250;;3;2;No inventariada;;9;10;1;1;;1;4;1;;;1;998
12;2;20;46;46250;;3;2;No inventariada;;9;7;2;;;1;4;1;;;1;998
12;2;10;46;46250;;3;2;No inventariada;;9;2;1;2;;1;1;1;;;1;998
12;3;18;46;46250;;3;2;No inventariada;;9;4;1;1;;1;4;1;;;1;998
12;1;15;46;46250;;3;2;No inventariada;;9;7;1;2;;1;1;1;;;1;998
12;1;7;46;46250;;3;2;No inventariada;;9;2;1;1;;1;4;1;;;1;998
12;6;17;46;46250;;3;2;No inventariada;;9;10;2;;;1;3;1;;;1;998
12;1;15;46;46250;;3;2;No inventariada;;9;2;1;1;;1;1;1;;;1;998
12;1;19;46;46250;;3;2;No inventariada;;9;1;2;;;1;4;1;;;1;998
12;4;23;46;46250;;3;2;No inventariada;;9;2;1;2;;1;4;1;;;1;998
12;3;20;46;46250;;3;2;No inventariada;;9;10;1;2;;1;4;1;;;1;998
12;4;9;46;46250;;3;2;No inventariada;;9;4;2;;;1;1;1;;;1;998
12;6;1;46;46250;;3;2;No inventariada;;9;6;2;;;1;4;1;;;1;998
12;1;19;46;46250;;3;2;No inventariada;;9;2;1;2;;1;4;1;;;1;998
12;7;19;46;46250;;3;2;No inventariada;;9;10;2;;;1;4;1;;;1;998
12;3;6;46;46250;;3;2;No inventariada;;9;2;1;1;;1;4;1;;;1;998
12;5;15;46;46250;;3;2;No inventariada;;9;2;1;1;;1;1;1;;;1;998
12;5;16;46;46250;;3;2;No inventariada;;9;2;1;1;;1;1;1;;;1;998
12;2;19;46;46250;;3;2;No inventariada;;9;2;2;;;1;4;1;;;1;998
11;2;12;46;46250;;3;2;No inventariada;;9;10;2;;;1;1;1;;;1;998
12;6;11;46;46250;;3;2;No inventariada;;9;7;1;2;;1;1;1;;;6;998
12;5;8;46;46250;;3;2;No inventariada;;9;4;2;;;1;1;1;;;1;998
12;5;10;46;46250;;3;2;No inventariada;;9;10;2;;;1;1;1;;;1;998
12;7;19;46;46250;;3;2;No inventariada;;9;3;2;;;1;2;1;;;1;998
12;7;13;46;46250;;1;1;CV-36;0,5;3;4;1;2;;1;1;1;;;1;2
12;7;18;46;46250;;1;1;V-30;0,5;3;4;2;;;1;6;1;;;1;1
12;5;17;46;46250;;3;2;No inventariada;;9;2;2;;;1;1;1;;;1;998
12;5;11;46;46250;;3;2;No inventariada;;9;10;2;;;1;1;2;;;1;998
12;5;10;46;46250;;3;2;No inventariada;;9;10;1;4;;1;1;1;;;1;998
12;4;8;46;46250;;3;2;No inventariada;;9;3;2;;;1;2;1;;;1;998
12;1;18;46;46250;;3;2;No inventariada;;9;6;2;;;1;3;1;;;1;998
12;3;13;46;46250;;3;2;No inventariada;;9;5;2;;;1;1;1;;;1;998
12;6;21;46;46250;;3;2;No inventariada;;9;20;2;;;1;4;1;;;1;998
12;2;11;46;46250;;3;2;No inventariada;;9;4;2;;;1;1;1;;;1;998
12;4;14;46;46250;;3;2;No inventariada;;9;10;1;1;;1;1;1;;;1;998
12;1;18;46;46250;;3;2;No inventariada;;9;1;1;2;;1;4;1;;;1;998
12;2;11;46;46250;;3;2;No inventariada;;9;10;1;2;;1;1;1;;;1;998
12;3;19;46;46250;;3;2;No inventariada;;9;2;1;2;;1;4;1;;;1;998
12;6;23;46;46250;;3;2;No inventariada;;9;2;2;;;1;4;1;;;1;998
12;3;0;46;46250;;3;2;No inventariada;;9;2;1;2;;3;4;3;;;1;998
12;5;16;46;46250;;3;2;No inventariada;;9;10;1;1;;1;1;1;;;1;998
12;1;18;46;46250;;3;2;No inventariada;;9;2;1;1;;1;1;1;;;1;998
12;7;12;46;46250;;3;2;No inventariada;;9;2;1;1;;1;1;1;;;1;998
12;6;20;46;46250;;1;1;CV-407;2,9;5;4;1;4;CV-400;1;4;1;;;1;2
12;6;12;46;46250;;3;2;No inventariada;;9;20;2;;;1;1;1;;;1;998
12;3;18;46;46250;;3;2;No inventariada;;9;4;2;;;1;4;1;;;1;998
12;7;18;46;46250;;3;2;No inventariada;;9;4;2;;;1;3;1;;;1;998
12;7;4;46;46250;;3;2;No inventariada;;9;6;2;;;1;4;1;;;1;998
12;4;18;46;46250;;3;2;No inventariada;;9;7;1;1;;1;4;1;;;1;998
12;4;22;46;46250;;3;2;No inventariada;;9;2;2;;;1;4;1;;;1;998
12;5;13;46;46250;;3;2;No inventariada;;9;2;1;1;;1;1;1;;;1;998
12;2;11;46;46250;;3;2;No inventariada;;9;2;1;2;;1;2;1;;;1;998
12;3;21;46;46250;;3;2;No inventariada;;9;10;2;;;1;4;1;;;1;998
12;4;20;46;46250;;3;2;No inventariada;;9;3;1;2;;1;4;1;;;1;998
12;5;12;46;46250;;3;2;No inventariada;;9;4;1;1;;1;1;1;;;1;998
12;1;13;46;46250;;3;2;No inventariada;;9;7;1;1;;1;1;1;;;1;998
12;5;15;46;46250;;3;2;No inventariada;;9;20;2;;;1;1;1;;;1;998
12;5;11;46;46250;0;3;2;No inventariada;;9;3;1;1;;1;1;1;;;1;998
12;5;22;46;46250;;3;2;No inventariada;;9;10;2;;;1;4;1;;;1;998
12;6;9;46;46250;;3;2;No inventariada;;9;10;2;;;2;1;1;;;1;998
12;1;19;46;46250;;3;2;No inventariada;;9;3;2;;;1;4;1;;;1;998
12;7;13;46;46250;;3;2;No inventariada;;9;2;2;;;1;1;1;;;1;998
12;2;18;46;46250;;3;2;No inventariada;;9;3;2;;;1;4;2;;;1;998
3;1;21;46;0;;1;1;A-35;31,1;3;3;2;;;1;6;1;;;1;1
4;3;18;46;0;;1;1;A-35;31,5;3;5;2;;;1;1;1;;;1;1
6;3;14;46;0;;1;1;A-35;20;3;2;2;;;4;1;4;;;5;1
6;2;15;46;0;;1;1;CV-649;1,516;6;6;2;;;1;1;1;;;1;1
7;7;18;46;0;;1;1;A-35;32,7;3;3;2;;;1;1;1;;;1;1
8;4;14;46;0;;1;1;A-3;260,143;3;15;2;;;1;1;1;;;1;1
11;6;16;46;0;;1;1;CV-459;4;6;9;2;;;2;1;1;;;1;4
5;4;14;46;0;;3;2;No inventariada;;14;10;2;;;2;1;1;;;1;998
8;5;0;46;0;;1;1;CV-680;7,356;6;8;2;;;1;6;1;;;1;1
4;3;17;46;46256;;1;1;CV-370;15,505;6;12;1;2;;1;1;1;;;1;1
5;2;12;46;46256;;1;1;No inventariada;0,1;10;15;2;;;1;1;1;;;1;1
6;4;14;46;46256;;1;1;CV-370;13,825;6;16;2;;;1;1;1;;;1;2
8;4;18;46;46256;;1;1;CV-370;15,51;6;2;1;2;;1;1;1;;;1;1
11;6;18;46;46256;;1;1;CV-370;20,634;6;15;2;;;1;6;1;;;1;1
12;7;16;46;46256;;1;1;PEA;1;10;1;2;;;1;1;1;;;18;3
1;6;15;46;46257;;3;2;No inventariada;;9;5;1;1;;1;1;1;;;1;998
2;4;22;46;46257;;1;1;CV-542;1,784;6;19;2;;;1;6;1;;;1;2
3;5;15;46;46257;;3;2;No inventariada;;9;7;1;1;;1;1;1;;;6;998
3;1;15;46;46257;;3;2;No inventariada;;9;12;2;;;3;1;3;;;18;998
3;3;18;46;46257;;3;2;No inventariada;;9;12;2;;;1;1;1;;;1;998
4;1;16;46;46257;;3;2;No inventariada;;9;2;2;;;1;1;1;;;1;998
5;3;13;46;46257;;1;1;CV-542;2,3;6;12;1;2;;1;1;1;;;1;1
5;6;12;46;46257;;3;2;No inventariada;;9;7;1;2;;1;1;1;;;1;998
8;3;1;46;46257;;3;2;No inventariada;;9;3;1;4;;3;1;2;;;1;998
9;6;22;46;46257;;1;1;A-7;388,74;3;6;2;;;1;6;2;;;1;1
9;5;6;46;46257;;3;2;No inventariada;;9;7;1;4;;1;1;1;;;1;998
11;5;23;46;46257;;1;1;CV-560;1;6;4;2;;;1;6;1;;;1;1
12;4;7;46;0;;1;1;CAMINO REA;1;14;13;1;1;;1;2;2;;;1;1
1;6;8;46;0;;1;1;A-3;255,285;3;15;2;;;1;2;1;;;1;2
2;6;11;46;0;;1;1;A-3;252,8;3;12;2;;;1;1;1;;;1;2
8;4;8;46;0;;1;1;A-3;252,538;3;14;2;;;1;1;1;;;1;1
8;5;12;46;0;;1;1;A-3;247,606;3;5;2;;;1;1;1;;;1;1
9;1;16;46;0;;1;1;A-3;252,9;3;16;2;;;4;1;4;;;5;1
9;4;18;46;0;;1;1;A-3;250,65;3;4;2;;;3;1;3;;;1;1
9;4;16;46;0;;1;1;No inventariada;0,5;14;14;2;;;2;1;1;;;1;3
5;7;12;46;0;;1;1;CV-25;18,174;6;12;2;;;1;1;7;;;18;3
2;4;9;46;46903;;1;1;CV-35;14,216;7;2;2;;;1;1;1;;;1;1
5;4;17;46;46903;;1;1;CV-35;11,9;3;4;2;;;1;1;1;;;1;1
9;7;20;46;46903;;1;1;CV-35;15,539;3;19;2;;;1;4;7;;;18;1
9;1;7;46;46903;;1;1;CV-35;14,056;3;4;2;;;1;2;2;;;1;1
9;1;8;46;46903;;3;2;No inventariada;;9;2;1;4;;1;1;1;;;18;998
10;6;13;46;46903;;1;1;CV-35;15,2;3;5;2;;;1;1;1;;;1;1
10;7;14;46;46078;;1;1;CV-35;3;3;12;2;;;1;1;1;;;1;1
12;1;18;46;46903;;1;1;CV-35;15,1;3;4;2;;;1;3;1;;;1;1
12;4;1;46;46903;;1;1;CV-35;14,5;7;7;2;;;1;6;2;;;17;1
12;3;7;46;46903;;1;1;CV-35;12,7;3;4;2;;;1;3;1;;;1;1
12;2;13;46;46903;;1;1;CV-35;14,7;3;4;2;;;1;1;1;;;1;1
6;5;7;47;0;;1;1;VP-1105;3,9;6;16;2;;;1;1;1;;;1;2
3;7;6;47;0;;1;1;N-620;190,1;6;19;2;;;1;6;1;;;1;1
3;3;2;47;0;;1;1;A-62;182,9;3;16;2;;;1;6;1;;;1;1
3;1;9;47;0;;1;1;N-620;184,014;6;2;2;;;1;1;1;;;1;1
4;5;6;47;0;;1;1;A-62;183,05;3;4;2;;;1;2;1;;;1;1
5;3;11;47;0;;1;1;A-62;187,892;3;18;2;;;1;1;1;;;1;1
8;6;20;47;0;;1;1;N-620;181,25;8;2;1;2;A-62;1;1;1;;;1;2
7;2;17;47;0;;1;1;N-601;158,038;6;14;2;;;1;1;1;;;1;1
10;5;11;47;0;;1;1;N-601;158,368;6;2;1;1;;1;1;1;;;1;1
2;5;17;47;47007;;3;2;No inventariada;;9;18;2;;;1;1;1;;;1;998
3;5;20;47;47007;;1;1;A-601;19,23;3;5;2;;;5;6;5;;;5;1
5;5;14;47;47007;;1;1;A-601;19,375;3;5;2;;;4;1;5;;;5;1
7;5;19;47;47007;;1;1;A-601;17,7;3;15;2;;;1;1;1;;;1;3
8;5;16;47;47007;;1;1;A-601;13,727;3;3;2;;;1;1;2;;;1;1
9;6;0;47;47007;;1;1;A-601;15,25;3;8;2;;;3;5;2;;;1;1
10;6;4;47;47007;;1;1;A-601;17,669;3;7;2;;;1;6;1;;;1;1
11;3;19;47;47007;;1;1;CVTAMARIZO;0,45;10;1;2;;;1;4;1;;;1;1