MES;DIA_SEMANA;HORA;COD_PROVINCIA;COD_MUNICIPIO;ISLA;ZONA;ZONA_AGRUPADA;CARRETERA;KM;TIPO_VIA;TIPO_ACCIDENTE;NUDO;NUDO_INFO;CARRETERA_CRUCE;CONDICION_FIRME;CONDICION_ILUMINACION;CONDICION_METEO;CONDICION_NIEBLA;CONDICION_VIENTO;VISIB_RESTRINGIDA_POR;TRAZADO_PLANTA
11;1;15;47;47007;;3;2;No inventariada;;9;2;1;1;;1;1;2;;;1;998
12;4;18;47;47007;;1;1;A-601;15,3;3;4;2;;;1;6;1;;;1;1
1;2;22;47;47010;;3;2;No inventariada;;9;12;1;4;;1;4;1;;;1;998
3;4;7;47;47010;;1;1;A-62;131,3;3;5;2;;;1;1;1;;;1;1
4;5;14;47;47010;;1;1;VA-30;20,25;3;5;2;;;1;1;1;;;1;1
3;4;12;47;47010;;3;2;No inventariada;;9;2;2;;;3;1;3;;;1;998
6;6;16;47;47010;;3;2;No inventariada;;9;2;1;1;;1;1;1;;;1;998
7;5;7;47;47010;;3;2;No inventariada;;9;4;2;;;1;2;1;;;1;998
8;6;11;47;47161;;1;1;A-62;132,623;3;4;2;;;1;1;1;;;1;1
8;3;11;47;47010;;1;1;A-62;129,15;3;4;2;;;1;1;1;;;1;1
8;1;0;47;47010;;3;2;No inventariada;;9;12;2;;;1;4;1;;;1;998
9;2;17;47;47010;;1;1;A-62;130,469;3;18;2;;;1;1;1;;;1;1
9;4;7;47;47010;;1;1;VA-30;21;3;15;1;12;;8;2;1;;;1;2
9;2;22;47;47010;;3;2;No inventariada;;9;2;1;1;;1;4;1;;;1;998
9;2;22;47;47010;;1;1;A-62;128,344;3;18;2;;;1;6;1;;;17;3
9;5;14;47;47010;;1;1;VA-30;20,141;3;5;2;;;1;1;2;;;1;1
10;4;11;47;47010;;1;1;A-62;128,8;3;4;2;;;1;1;1;;;1;1
10;1;11;47;47010;;3;2;No inventariada;;9;12;1;4;;3;1;4;;;1;998
11;1;17;47;47010;;1;1;A-62;131,016;8;15;2;;;1;2;1;;;6;2
12;5;21;47;47010;;1;1;VP-5802;0,1;6;2;1;2;;3;4;3;1;;1;3
12;4;18;47;47186;;1;1;VA-30;20;3;5;2;;;1;6;1;;;1;1
12;4;14;47;47010;;3;2;No inventariada;;9;10;2;;;1;1;1;;;1;998
12;4;18;47;47010;;1;1;VA-30;20,6;3;4;2;;;3;6;2;1;;18;1
6;4;21;47;0;;1;1;VA-410;14,435;6;12;2;;;3;6;3;;;1;1
7;5;21;47;0;;1;1;A-6;140,85;3;12;2;;;1;1;1;;;1;1
10;7;17;47;0;;1;1;A-6;140,887;3;16;2;;;1;1;1;;;1;1
4;7;15;47;0;;1;1;N-601;261,187;6;2;1;5;VA-541;1;1;2;;;1;1
9;2;14;47;0;;1;1;VA-931;0,6;6;14;2;;;1;1;2;;;1;2
3;2;20;47;0;;1;1;N-601;178,824;8;10;1;4;N-601;2;6;1;;;1;2
11;6;0;47;0;;1;1;CL-600;15,65;6;18;2;;;1;6;1;;;18;1
11;4;15;47;0;;1;1;N-601;178,92;5;4;1;10;N-601;1;1;1;;;1;1
8;7;21;47;0;;1;1;VP-8000;12,98;6;2;1;2;;1;1;1;;;1;1
1;5;14;47;0;;1;1;A-62;112,5;3;4;2;;;1;1;1;;;1;1
2;5;21;47;0;;1;1;A-62;111,3;3;12;2;;;1;6;1;;;1;1
3;4;18;47;0;;2;2;VA-113;11,669;6;7;1;5;;1;1;1;;;1;1
4;2;3;47;0;;1;1;VA-113;8,156;6;18;2;;;1;6;1;;;1;1
4;2;9;47;0;;1;1;A-62;112,579;3;4;2;;;1;1;1;;;1;1
5;3;21;47;0;;1;1;A-62;112,4;3;5;2;;;5;2;5;;;1;1
5;1;15;47;0;;1;1;A-62;113,3;3;18;2;;;1;1;2;;;1;1
10;6;3;47;0;;1;1;A-62;113,7;3;16;1;10;VA-30;3;6;2;;;1;2
11;7;18;47;0;;1;1;A-62;112,615;3;16;2;;;1;6;2;;;1;1
12;2;7;47;0;;1;1;VA-113;11,735;6;7;2;;;1;4;1;;;1;1
8;4;0;47;47085;;1;1;VP-8903;3,772;6;19;2;;;1;6;1;;;1;1
1;2;19;47;0;;1;1;N-122;297,376;6;3;2;;;1;6;1;;;1;1
2;4;10;47;0;;1;1;VA-104;12,2;6;18;2;;;1;1;2;;;1;2
3;5;20;47;0;;1;1;VA-542;4,4;6;18;2;;;1;6;1;;;1;2
5;3;18;47;0;;1;1;VA-515;25,919;6;2;1;5;VP-5001;1;1;2;;;1;1
12;6;11;47;0;;1;1;VP-5012;4,018;6;14;2;;;1;1;1;;;1;2
11;7;15;47;0;;1;1;VA-140;11,9;6;2;1;2;VP-3002;1;1;2;;;1;2
3;6;15;47;0;;1;1;VA-610;16,143;6;15;2;;;1;1;1;;;1;1
3;5;12;47;0;;1;1;VA-610;12,4;6;18;2;;;1;1;1;;;1;1
10;4;17;47;0;;1;1;CAMINO VAD;0;10;16;2;;;3;1;1;;;1;3
6;3;11;47;0;;3;2;No inventariada;;9;7;1;1;;1;6;1;;;1;998
1;2;20;47;47050;;1;1;VP-4401;1,15;6;2;1;1;;3;6;1;;;1;1
2;6;17;47;47050;;1;1;VP-4000;6,992;6;19;2;;;1;1;2;;1;1;2
4;6;17;47;47050;;1;1;VP-4402;1,611;6;2;2;;;1;1;1;;;1;1
7;5;10;47;47050;;3;2;No inventariada;;9;2;1;1;;1;1;1;;;2;998
8;3;11;47;47050;;1;1;VP-4402;3,37;6;4;1;2;;1;1;1;;;1;1
10;3;10;47;47050;;1;1;VA-900;18,23;6;15;2;;;3;1;3;;;1;2
10;2;10;47;0;;1;1;A-62;108,795;7;6;2;;;1;1;1;;;1;1
12;1;18;47;47050;;1;1;A-62;114,45;3;6;2;;;1;6;1;;;1;1
12;6;18;47;47050;;1;1;VP-4401;5,013;6;7;2;;;1;4;1;1;;17;1
4;5;21;47;0;;1;1;VP-5805;19,592;6;18;2;;;1;6;1;;;1;3
9;4;18;47;0;;1;1;VA-514;5,335;6;10;2;;;1;1;1;;;1;1
10;6;18;47;0;;1;1;VP-5802;3,75;6;19;2;;;1;1;2;;;1;2
1;2;8;47;47052;;3;2;No inventariada;;9;5;2;;;3;1;2;;;1;998
1;3;12;47;47052;;3;2;No inventariada;;9;7;2;;;1;1;3;;;1;998
1;2;12;47;47052;;3;2;No inventariada;;9;7;2;;;3;1;3;;;1;998
2;6;1;47;47052;;3;2;No inventariada;;9;5;1;4;;1;4;1;;;1;998
5;4;3;47;47052;;1;1;A-11;351,7;3;8;2;;;1;6;1;;;1;1
6;3;18;47;47186;;1;1;N-122a;358;6;4;1;4;VA-11;1;1;1;;;1;1
9;3;9;47;47186;;1;1;N-122a;358,074;6;4;1;4;VA-11;1;1;1;;;6;1
9;3;18;47;47052;;3;2;No inventariada;;9;7;2;;;1;1;1;;;1;998
9;5;12;47;47052;;3;2;No inventariada;;9;4;1;4;;1;1;1;;;1;998
10;2;9;47;47052;;3;2;No inventariada;;9;2;2;;;1;1;2;;;1;998
12;5;1;47;47052;;1;1;A-601;10,2;3;12;2;;;1;6;1;;;1;1
6;3;14;47;0;;1;1;VP-1202;8,5;6;2;1;5;VP-1003;1;1;1;;;1;1
3;3;10;47;0;;1;1;VA-210;18,66;6;18;2;;;1;1;1;;;1;1
3;1;8;47;0;;1;1;VP-2303;21,309;6;2;1;1;VP-2303;1;1;1;;;1;1
10;6;11;47;0;;1;1;VA-203;13,25;6;18;2;;;3;1;2;;;1;1
4;5;13;47;0;;1;1;VA-103;1,4;6;6;2;;;1;1;1;;;1;1
12;2;20;47;0;;1;1;A-62;103,05;3;19;2;;;1;6;1;;;1;1
9;2;13;47;0;;1;1;VP-3008;3,75;6;19;2;;;1;1;1;;;1;2
9;6;12;47;0;;1;1;VA-140;31,8;6;2;1;1;;1;1;2;;;12;1
9;6;13;47;0;;1;1;VA-140;29,024;6;18;2;;;1;1;1;;;1;1
12;7;15;47;0;;1;1;VP-8005;4,85;6;15;2;;;1;1;1;;;1;3
1;1;8;47;0;;3;2;No inventariada;;9;16;2;;;3;6;3;;;17;998
3;2;0;47;0;;3;2;No inventariada;;9;6;2;;;1;4;1;;;2;998
5;7;17;47;47186;;1;1;VA-900;3,825;6;14;2;;;5;1;5;;;1;1
5;5;11;47;0;;1;1;HORNACINOS;0,9;10;15;2;;;1;1;1;;;1;2
7;6;18;47;0;;1;1;VA-900;5,1;6;16;2;;;1;1;1;;;1;1
8;2;14;47;0;;3;2;No inventariada;;9;14;2;;;1;1;1;;;1;998
9;2;19;47;0;;1;1;VP-4501;3,6;6;13;2;;;1;1;1;;;1;3
3;6;14;47;47165;;1;1;VP-5804;1;6;15;2;;;3;1;4;;;18;3
10;7;17;47;0;;1;1;A-62;139,498;3;4;2;;;3;1;4;;;5;1
10;1;8;47;47161;;1;1;A-62;138,2;3;4;2;;;3;1;4;;;5;1
12;3;12;47;0;;1;1;CV02;140,5;10;14;2;;;2;1;1;;;1;1
2;1;16;47;0;;1;1;VA-924;3,8;6;15;2;;;1;1;1;;;1;1
6;7;11;47;0;;1;1;N-601;155,229;6;2;1;1;VP-9103;1;1;1;;;1;1
7;3;11;47;0;;1;1;VP-9105;5,801;6;14;2;;;1;1;1;;;1;1
6;7;5;47;47075;;3;2;No inventariada;;9;14;1;2;;1;2;1;;;1;998
7;7;17;47;47075;;3;2;No inventariada;;9;4;2;;;1;1;1;;;1;998
8;1;11;47;47075;;3;2;No inventariada;;9;2;1;2;;1;1;1;;;1;998
8;5;17;47;47075;;3;2;No inventariada;;9;2;1;6;;3;1;3;;;1;998
9;3;19;47;47075;;1;1;CL-602;93,01;6;2;1;5;;1;1;1;;;1;1
11;6;4;47;47075;;1;1;VP-1202;12,55;6;17;2;;;9;6;2;;;1;2
12;2;14;47;47075;;1;1;SC-VA-7;5,665;6;18;2;;;1;1;1;;;1;1
1;4;13;47;47076;;3;2;No inventariada;;9;4;1;4;;1;1;1;;;1;998
2;4;14;47;47076;;3;2;No inventariada;;9;2;1;1;;1;1;1;;;1;998
2;1;5;47;47076;;3;2;No inventariada;;9;10;1;5;;3;4;2;;;1;998
2;2;21;47;47076;;3;2;No inventariada;;9;1;1;1;;1;4;1;;;2;998
2;3;18;47;47076;;3;2;No inventariada;;9;7;1;4;;1;1;1;;;6;998
2;3;1;47;47076;;3;2;No inventariada;;9;7;2;;;1;4;1;;;1;998
3;2;11;47;47076;;3;2;No inventariada;;9;10;1;4;;1;1;1;;;1;998
3;6;20;47;47076;;3;2;No inventariada;;9;7;2;;;1;4;1;;;9;998
6;7;20;47;47076;;1;1;ESTA. LUPA;0,05;11;7;2;;;1;1;1;;;1;1
4;2;14;47;47076;;3;2;No inventariada;;9;2;1;1;;1;1;1;;;1;998
5;5;21;47;47076;;3;2;No inventariada;;9;2;1;2;;1;1;1;;;12;998
6;3;22;47;47076;;3;2;No inventariada;;7;8;1;2;;1;1;1;;;1;998
7;2;10;47;47076;;3;2;No inventariada;;9;7;1;4;;1;1;1;;;1;998
7;3;11;47;47076;;3;2;No inventariada;;9;7;1;1;;1;1;1;;;1;998
9;2;17;47;47076;;1;1;N-601;182;5;4;2;;;1;1;1;;;1;1
8;3;12;47;47076;;3;2;No inventariada;;9;3;1;4;;1;1;1;;;1;998
9;6;18;47;47076;;3;2;No inventariada;;9;7;2;;;1;1;1;;;17;998
8;3;11;47;47076;;3;2;No inventariada;;9;7;1;1;;1;1;1;;;1;998
8;4;16;47;47076;;3;2;No inventariada;;9;2;2;;;1;1;1;;;1;998
10;2;20;47;47076;;3;2;No inventariada;;9;4;2;;;1;4;1;;;1;998
10;6;22;47;47076;;3;2;No inventariada;;9;10;2;;;1;4;1;;;1;998
11;3;17;47;47076;;3;2;No inventariada;;9;7;1;2;;1;1;1;;;1;998
12;4;23;47;47076;;3;2;No inventariada;;9;16;2;;;1;6;1;;;1;998
12;7;7;47;47076;;3;2;No inventariada;;9;4;1;1;;1;3;1;;;1;998
8;5;9;47;0;;1;1;VA-404;22,7;6;2;1;1;;1;1;1;;;1;1
9;1;6;47;0;;1;1;VA-404;14,207;6;10;2;;;1;6;1;;;1;2
10;4;18;47;0;;1;1;VA-405;23,8;6;16;2;;;1;1;1;;;1;1
6;2;13;47;0;;1;1;N-601;266,636;6;14;2;;;1;1;1;;;1;1
6;2;14;47;0;;1;1;AS GALP;269;11;10;2;;;2;1;1;;;1;1
9;5;20;47;0;;1;1;CL-621;6,214;6;4;2;;;1;6;1;;;18;1
2;4;12;47;47085;;1;1;CL-602;59,725;6;2;1;5;;1;1;1;;;1;1
3;4;21;47;47085;;1;1;VA-404;3,1;6;8;2;;;3;6;3;;;1;1
3;7;20;47;47085;;1;1;A-6;152,5;3;4;2;;;1;1;1;;;1;1
5;7;19;47;47085;;1;1;CL-602;55,34;6;5;2;;;3;1;3;;;1;1
6;6;8;47;0;;1;1;VP-8904;5,664;6;16;2;;;1;1;1;;;18;3
6;5;10;47;47085;;1;1;A-6;165,098;3;2;2;;;1;1;1;;;1;1
7;3;10;47;47085;;1;1;CL-602;59,73;6;2;1;5;;1;1;1;;;1;1
7;5;11;47;47085;;1;1;A-6;158,6;3;19;2;;;1;1;1;;;1;1
7;5;19;47;47085;;1;1;CL-610;49,98;6;4;1;2;CV SIMPLÓN;1;1;1;;;6;1
7;2;5;47;47085;;1;1;CL-602;58,008;6;2;1;2;A-6;1;6;1;;;1;1
8;4;12;47;47085;;1;1;A-6;154,868;3;16;2;;;1;1;1;;;1;1
10;2;15;47;47085;;1;1;A-6;160,022;3;18;1;10;CL-610;3;1;4;;;5;2
11;6;11;47;47085;;1;1;CL-602;58;6;16;1;2;A-6;1;1;1;;;4;1
1;5;8;47;0;;1;1;VA-505;2,4;6;18;2;;;1;3;1;;;1;1
4;2;20;47;0;;1;1;C. DE LAS;0,3;10;14;2;;;8;1;1;;;1;1
5;2;15;47;0;;1;1;VA-913;0,7;6;3;1;1;;1;1;1;;;1;1
9;7;0;47;0;;1;1;N-601;224;6;8;2;;;1;6;1;;;1;1
12;7;4;47;0;;1;1;N-601;226,66;6;2;2;;;1;6;1;;;1;2
8;5;5;47;0;;1;1;VA-941;15,18;6;18;2;;;1;6;7;;;1;1
1;3;13;47;0;;1;1;N-601;160,52;6;4;2;;;3;1;3;;;1;1
2;5;15;47;0;;3;2;No inventariada;;9;4;1;1;;3;1;3;;;9;998
6;6;14;47;0;;3;2;No inventariada;;9;16;1;2;VA-301;3;1;3;;;1;998
9;5;8;47;0;;1;1;VA-404;25,6;6;14;2;;;1;1;1;;;1;3
10;7;7;47;0;;3;2;No inventariada;;9;7;2;;;3;3;2;;;1;998
4;1;21;47;0;;1;1;VP-4503;6,738;6;14;2;;;1;2;1;;;4;2
8;6;17;47;0;;1;1;VP-9904;9,5;6;18;2;;;1;1;1;;;1;1
4;4;13;47;0;;1;1;N-601;243,303;6;19;2;;;1;1;1;;;1;1
2;1;11;47;0;;1;1;A-6;206,668;3;6;2;;;1;1;1;;;1;2
3;1;13;47;0;;1;1;A-6;200,125;3;15;2;;;1;1;1;;;1;1
6;7;17;47;0;;1;1;A-6;201,5;3;12;2;;;1;1;1;;;1;3
7;3;7;47;0;;1;1;A-6;204,95;3;14;2;;;1;1;1;;;1;1
3;6;17;47;0;;1;1;VA-912;2,15;6;19;2;;;1;1;1;;;1;2
6;6;17;47;0;;1;1;VA-900;10,073;6;2;1;2;VA-912;1;1;1;;;1;1
9;3;10;47;0;;3;2;No inventariada;;9;10;2;;;1;1;1;;;1;998
3;6;14;47;0;;1;1;VA-510;0,8;6;12;2;;;6;1;6;;1;18;1
3;4;17;47;0;;1;1;VP-8801;12,4;6;1;2;;;1;1;1;;;1;3
6;7;17;47;0;;1;1;CL-602;41,628;6;12;2;;;1;1;1;;;1;1
6;7;0;47;0;;1;1;VP-8000;3,15;6;19;2;;;1;6;1;;;1;2
9;3;15;47;0;;1;1;VP-8000;3,176;6;16;2;;;1;1;1;;;1;2
4;5;19;47;0;;1;1;VP-3001;21,2;6;10;2;;;1;1;1;;;1;2
1;1;11;47;0;;1;1;CL-602;74,218;6;4;1;1;;1;1;1;;;4;1
6;4;11;47;0;;1;1;N-601;146,5;6;4;2;;;1;1;1;;;1;1
8;2;12;47;0;;1;1;VA-410;5,239;6;14;2;;;1;1;2;;;1;1
4;5;17;47;0;;1;1;N-601;171,45;6;4;1;1;;1;1;1;;;1;1
12;1;9;47;0;;1;1;N-601;171,4;6;1;2;;;1;1;1;;;1;1
2;2;20;47;47075;;1;1;VP-1104;12,148;6;18;2;;;1;6;1;;;1;1
4;6;21;47;0;;3;2;No inventariada;;9;7;1;2;;1;4;1;;;2;998
4;7;21;47;0;;1;1;CL-602;86;6;8;2;;;1;4;1;;;1;1
9;2;12;47;0;;1;1;VP-1104;6,798;6;12;2;;;1;1;1;;;1;1
1;5;14;47;47114;;1;1;N-122;303,913;6;5;2;;;1;1;1;;;1;1
3;5;17;47;47114;;3;2;No inventariada;;9;7;2;;;1;1;1;;;1;998
7;6;22;47;47114;;1;1;VP-2005;3,6;6;15;2;;;1;2;1;;;1;2
7;4;8;47;47114;;2;2;N-122;308,485;6;2;1;5;;1;1;1;;;1;1
7;4;12;47;47114;;1;1;VP-2005;2,87;6;1;2;;;1;1;1;;;1;1
8;3;20;47;47114;;3;2;No inventariada;;9;7;2;;;1;1;1;;;1;998
6;6;21;47;0;;1;1;VA-140;23,65;6;16;2;;;1;1;1;;;1;1
1;2;10;47;0;;1;1;VP-3013;12,537;6;16;1;2;VP-3014;1;1;1;;;1;1
5;2;20;47;0;;1;1;A-62;165,733;3;14;2;;;1;1;1;;;1;1
6;2;20;47;0;;1;1;A-62;162,349;3;4;2;;;1;1;1;;;1;1
9;7;21;47;0;;1;1;A-62;162,32;3;2;2;;;1;6;1;;;12;1
1;5;23;47;0;;1;1;VP-1202;3;6;8;2;;;1;6;1;;;1;1
2;4;13;47;0;;3;2;No inventariada;;9;20;2;;;1;1;1;;;1;998
2;6;21;47;0;;1;1;VP-1202;2,181;6;2;2;;;1;6;1;;;1;1
9;6;8;47;0;;1;1;VA-601;0,1;6;12;1;4;VA-601;1;1;1;;;1;2
10;1;8;47;0;;3;2;No inventariada;;9;2;1;2;;1;1;1;;;1;998
12;7;17;47;0;;1;1;CL-602;63,4;6;14;2;;;1;1;1;;;1;2
7;7;20;47;0;;1;1;N-122;321,39;6;8;2;;;1;1;1;;;1;1
10;1;10;47;0;;1;1;N-122;316,98;6;3;2;;;3;1;1;;;1;1
5;1;7;47;0;;1;1;VA-203;7,532;6;12;2;;;1;2;1;;;4;2
6;6;12;47;0;;1;1;N-122;322,107;6;4;2;;;1;1;1;;;1;1
9;3;17;47;0;;1;1;N-122;325,15;6;2;2;;;1;1;1;;;1;1
5;4;17;47;0;;1;1;VP-3001;3,6;6;16;2;;;1;1;1;;;4;2
7;3;7;47;0;;3;2;No inventariada;;14;19;2;;;1;1;1;;;1;998
4;6;21;47;0;;1;1;CAMINO RUB;2,5;10;18;2;;;1;6;1;;;1;3
1;5;9;47;0;;1;1;A-6;170,051;3;6;2;;;3;1;2;2;;5;2
2;5;14;47;0;;1;1;A-6;172,242;3;16;2;;;4;1;4;;;5;1
4;1;13;47;0;;1;1;A-6;172,74;3;4;2;;;1;1;1;;;1;1
4;4;15;47;0;;1;1;A-6;166,3;3;18;2;;;1;1;1;;;1;1
6;5;11;47;0;;1;1;A-6;172,63;7;3;2;;;1;1;1;;;1;1
8;6;14;47;0;;1;1;A-6;170,067;8;13;1;2;A-6;1;1;1;;;1;2
11;7;13;47;0;;1;1;VP-5012;0,9;6;19;2;;;1;1;1;;;18;2
8;1;14;47;0;;1;1;A-601;31,483;3;18;2;;;1;1;1;;;1;1
1;1;19;47;47165;;1;1;A-62;146,75;3;16;2;;;3;6;3;;;5;1
6;6;23;47;0;;3;2;No inventariada;;9;10;2;;;1;4;1;;;1;998
3;7;16;47;0;;1;1;A-6;137,915;3;14;2;;;1;1;1;;;1;1
2;7;18;47;0;;3;2;No inventariada;;9;7;2;;;1;1;1;;;1;998
4;2;14;47;0;;3;2;No inventariada;;9;7;1;1;;1;1;2;;;1;998
9;3;18;47;0;;1;1;VA-113;5,838;6;19;1;4;;1;1;1;;;1;2
5;5;6;47;0;;1;1;CL-610;50,435;6;8;2;;;1;6;1;;;1;1
6;5;5;47;0;;1;1;A-6;149,107;3;16;2;;;1;6;1;;;1;1
7;3;14;47;0;;1;1;A-6;145,362;3;3;2;;;1;1;1;;;1;1
7;1;12;47;0;;1;1;N-122;333,1;6;18;2;;;1;1;1;;;1;1
9;3;8;47;0;;1;1;N-122;333,545;6;2;1;2;;3;2;3;;;1;1
2;5;1;47;0;;1;1;VP-9903;16,88;6;14;2;;;3;6;1;;;1;2
3;2;22;47;0;;3;2;No inventariada;;9;12;2;;;1;4;1;;;1;998
6;6;9;47;0;;1;1;A-62;177,5;3;16;2;;;1;1;1;;;1;1
10;4;12;47;0;;1;1;A-62;177,501;3;14;1;2;;1;1;1;;;1;1
1;7;6;47;47161;;1;1;A-62;135,32;3;18;2;;;3;6;4;;;5;3
1;5;17;47;47161;;3;2;No inventariada;;9;10;2;;;1;1;2;1;;1;998
5;3;16;47;47161;;3;2;No inventariada;;9;3;1;1;;1;1;2;;;4;998
5;7;1;47;47161;;1;1;REAL BURGA;1,3;10;19;2;;;1;6;1;;;1;2
6;3;16;47;47161;;3;2;No inventariada;;9;2;1;1;;1;1;1;;;2;998
8;2;11;47;47161;;1;1;A-62;137,9;3;4;2;;;1;1;1;;;1;1
8;2;15;47;47161;;1;1;A-62;134,85;3;5;2;;;1;1;1;;;1;2
9;2;12;47;47161;;1;1;A-62;133,793;8;10;2;;;8;6;1;;;1;2
10;1;8;47;47161;;1;1;A-62;138,25;3;4;2;;;3;6;4;;;5;1
6;7;8;47;0;;3;2;No inventariada;;9;20;2;;;1;1;1;;;1;998
8;3;14;47;0;;1;1;VP-5606;0,42;5;2;2;;;1;1;1;;;4;2
6;7;18;47;0;;1;1;VA-505;11,1;6;12;2;;;1;1;1;;;1;1
9;6;8;47;0;;1;1;VA-505;13,9;6;19;2;;;3;3;2;;;1;1
1;1;19;47;47165;;3;2;No inventariada;;9;7;2;;;3;4;3;;;1;998
1;6;18;47;47165;;3;2;No inventariada;;9;7;2;;;1;1;1;;;18;998
3;6;9;47;47165;;1;1;A-6;185,345;3;4;2;;;1;1;2;2;;5;1
3;5;2;47;47165;;1;1;VA-405;2,552;6;14;2;;;1;6;1;;;1;1
3;5;23;47;47165;;3;2;No inventariada;;9;7;1;1;;1;4;1;;;1;998
5;7;23;47;47165;;1;1;N-6A;183,225;6;8;2;;;1;6;1;;;1;1
6;5;13;47;47165;;3;2;No inventariada;;9;20;2;;;1;1;1;;;1;998
7;6;7;47;47165;;1;1;A-62;149,706;3;3;2;;;1;1;1;;;1;1
7;7;12;47;47165;;3;2;No inventariada;;9;7;2;;;1;1;1;;;1;998
7;3;5;47;47165;;1;1;N-122;393,9;6;14;1;4;N-122;1;6;1;;;1;1
8;4;20;47;47165;;3;2;No inventariada;;9;6;2;;;1;1;1;;;6;998
8;2;9;47;0;;1;1;A-6;176,1;3;4;2;;;1;1;1;;;1;1
8;4;8;47;47165;;1;1;A-62;146,05;3;16;2;;;3;1;3;;;1;1
9;5;15;47;0;;1;1;A-6;173,5;3;18;2;;;1;1;1;;;1;1
9;1;10;47;47165;;3;2;No inventariada;;9;10;1;2;;1;1;1;;;1;998
10;2;22;47;47165;;1;1;A-6;187,1;3;4;2;;;1;6;1;;;1;1
10;5;13;47;47165;;1;1;E SHELL A6;0,034;11;7;2;;;1;1;2;;;1;1
9;4;9;47;47165;;3;2;No inventariada;;9;7;2;;;1;1;1;;;1;998
11;5;20;47;47165;;1;1;A-11;399,6;3;5;2;;;1;6;2;;;1;1
11;5;22;47;47165;;1;1;A-62;158,15;7;20;2;;;1;6;2;;;1;1
11;1;1;47;47165;;1;1;A-6;184,249;8;12;2;;;1;6;1;;;1;2
12;1;15;47;47165;;3;2;No inventariada;;9;2;1;4;;1;1;1;;;1;998
12;6;21;47;47165;;1;1;A-62;141,574;3;4;2;;;1;6;1;;;1;1
12;7;11;47;47165;;3;2;No inventariada;;9;7;2;;;1;1;2;1;;1;998
12;1;7;47;47165;;3;2;No inventariada;;9;2;2;;;1;4;2;1;;1;998
1;6;10;47;0;;1;1;VA-514;20,95;6;19;2;;;1;1;1;;;1;3
5;3;21;47;0;;1;1;VA-515;23,7;6;16;2;;;1;1;1;;;1;1
7;7;10;47;0;;1;1;VA-514;21,281;6;4;2;;;1;1;1;;;1;1
3;6;10;47;0;;2;2;VP-2303;4,061;6;6;2;;;3;1;2;;;1;1
6;7;17;47;0;;1;1;N-122;341,91;6;2;1;5;VP-2303;1;1;1;;;1;1
6;2;12;47;0;;1;1;VP-2303;2,26;6;2;2;;;1;1;2;;;1;3
8;3;18;47;0;;1;1;VP-2303;0,69;6;1;2;;;1;1;1;;;1;3
10;5;16;47;0;;1;1;N-122;341,926;6;2;1;1;VP-2303;1;1;1;;;6;1
6;2;17;47;0;;1;1;VP-4404;5,493;6;18;2;;;1;1;3;;;1;1
7;4;21;47;0;;1;1;A-62;106,224;3;16;2;;;1;2;1;;;1;1
11;1;19;47;0;;1;1;A-62;107,4;3;5;2;;;1;6;1;;;1;1
2;5;12;47;47007;;1;1;CL-600;21,2;6;12;2;;;3;1;2;;;1;1
3;3;7;47;47175;;1;1;N-122;343,3;6;20;1;1;;1;1;1;;;1;1
5;5;3;47;47175;;2;2;VP-2201;1,255;6;19;1;1;;1;4;1;;;1;1
5;7;21;47;47175;;1;1;CL-600;18,3;6;1;1;4;A-601;1;3;1;;;1;3
6;3;14;47;0;;1;1;N-122;341,917;6;2;1;5;VP-2303;1;1;1;;;1;1
8;3;10;47;47175;;1;1;A-11;348,269;7;2;1;2;;1;1;1;;;3;1
9;1;13;47;0;;1;1;VP-5005;5,5;6;15;2;;;1;1;1;;;1;2
9;2;7;47;0;;1;1;VA-101;18,07;6;15;2;;;1;2;1;;;1;2
8;4;23;47;0;;1;1;CL-612;33,67;6;18;2;;;1;6;1;;;1;2
7;2;16;47;0;;1;1;VP-9110;7,6;6;16;2;;;1;1;1;;;1;1
11;7;4;47;0;;1;1;VP-9003;6,649;6;14;2;;;1;6;1;;;12;1
10;3;19;47;0;;1;1;VA-515;40,1;6;15;2;;;3;1;1;;;1;2
10;1;0;47;0;;1;1;C VALVERDE;0,4;10;16;2;;;1;6;1;;;1;1
1;2;22;47;47186;;3;2;No inventariada;;9;4;2;;;3;4;3;;;1;998
1;4;20;47;47186;;3;2;No inventariada;;9;7;1;1;;3;3;3;;;1;998
1;3;8;47;47186;;3;2;No inventariada;;9;7;2;;;3;4;2;;;17;998
1;3;12;47;47186;;3;2;No inventariada;;9;2;1;1;;1;1;1;;;1;998
1;3;9;47;47186;;3;2;No inventariada;;9;10;1;1;;3;1;3;;;1;998
1;3;8;47;47186;;3;2;No inventariada;;9;7;2;;;3;5;3;;;1;998
1;2;12;47;47186;;3;2;No inventariada;;9;5;2;;;1;1;1;;;1;998
1;1;14;47;47186;;1;1;A-601;4,578;3;5;2;;;3;1;2;;;1;1
1;6;13;47;47186;;3;2;No inventariada;;9;2;1;1;;1;1;1;;;1;998
1;5;5;47;47186;;3;2;No inventariada;;9;2;2;;;1;4;1;;;1;998
1;1;14;47;47186;;3;2;No inventariada;;9;2;1;1;;1;1;1;;;1;998
1;2;12;47;47186;;3;2;No inventariada;;9;2;1;5;;1;1;1;;;1;998
1;3;7;47;47186;;3;2;No inventariada;;9;2;1;2;;3;4;3;;;1;998
1;2;19;47;47186;;1;1;A-601;5,943;3;4;2;;;1;6;1;;;17;1
1;1;17;47;47186;;3;2;No inventariada;;9;7;2;;;1;1;1;;;1;998
1;4;19;47;47186;;3;2;No inventariada;;9;4;2;;;1;1;1;;;18;998
1;3;20;47;47186;;3;2;No inventariada;;9;4;1;4;;1;3;1;;;1;998
1;4;20;47;47186;;3;2;No inventariada;;9;2;1;4;;1;3;1;;;1;998
1;2;12;47;47186;;3;2;No inventariada;;9;4;1;1;;1;1;1;;;1;998
1;6;15;47;47186;;3;2;No inventariada;;9;10;1;5;;3;1;3;;;1;998
1;6;19;47;47186;;3;2;No inventariada;;9;19;2;;;3;4;3;;;1;998
1;7;22;47;47186;;3;2;No inventariada;;9;10;2;;;3;4;3;;;1;998
1;1;9;47;47186;;3;2;No inventariada;;9;2;1;2;;3;1;3;;;1;998
1;2;14;47;47186;;3;2;No inventariada;;9;4;2;;;3;1;4;;;5;998
1;3;20;47;47186;;3;2;No inventariada;;9;7;1;2;;1;4;1;;;1;998
1;3;17;47;47186;;3;2;No inventariada;;9;2;1;1;;3;1;3;;;1;998
1;2;19;47;47186;;3;2;No inventariada;;9;7;2;;;3;3;3;;;1;998
1;6;13;47;47186;;3;2;No inventariada;;9;10;2;;;1;1;1;;;1;998
1;1;9;47;47186;;3;2;No inventariada;;14;4;1;4;;3;1;3;;;1;998
1;2;6;47;47186;;3;2;No inventariada;;9;2;2;;;3;4;3;;;1;998
1;4;23;47;47186;;3;2;No inventariada;;9;12;1;2;;8;4;1;2;;5;998
1;4;19;47;47186;;3;2;No inventariada;;9;4;2;;;3;4;3;;;1;998