MES;DIA_SEMANA;HORA;COD_PROVINCIA;COD_MUNICIPIO;ISLA;ZONA;ZONA_AGRUPADA;CARRETERA;KM;TIPO_VIA;TIPO_ACCIDENTE;NUDO;NUDO_INFO;CARRETERA_CRUCE;CONDICION_FIRME;CONDICION_ILUMINACION;CONDICION_METEO;CONDICION_NIEBLA;CONDICION_VIENTO;VISIB_RESTRINGIDA_POR;TRAZADO_PLANTA
1;2;5;47;47186;;3;2;No inventariada;;9;10;1;4;;3;3;3;;;1;998
1;4;14;47;47186;;3;2;No inventariada;;9;7;2;;;1;1;1;;;1;998
1;5;20;47;47186;;3;2;No inventariada;;9;4;2;;;3;3;3;;;1;998
1;1;16;47;47186;;3;2;No inventariada;;9;20;2;;;1;1;1;;;1;998
1;4;14;47;47186;;3;2;No inventariada;;9;7;2;;;1;1;1;;;1;998
1;1;9;47;47186;;3;2;No inventariada;;9;3;2;;;1;1;1;;;18;998
1;3;15;47;47186;;3;2;No inventariada;;9;10;2;;;1;1;1;;;1;998
1;1;9;47;47186;;3;2;No inventariada;;9;4;2;;;1;1;1;;;1;998
1;3;15;47;47186;;3;2;No inventariada;;9;4;1;4;;1;1;1;;;1;998
1;3;20;47;47186;;3;2;No inventariada;;14;7;2;;;1;3;1;;;1;998
1;3;14;47;47186;;3;2;No inventariada;;14;2;1;1;;1;1;1;;;1;998
1;1;22;47;47186;;3;2;No inventariada;;9;2;1;1;;1;3;1;;;1;998
1;1;22;47;47186;;3;2;No inventariada;;9;2;1;1;;1;3;1;;;1;998
1;7;14;47;47186;;3;2;No inventariada;;9;3;2;;;1;1;1;;;1;998
1;3;15;47;47186;;3;2;No inventariada;;9;7;2;;;1;1;1;;;1;998
2;4;23;47;47231;;1;1;A-62;127,5;3;4;2;;;1;6;1;;;1;1
1;7;12;47;47186;;3;2;No inventariada;;9;10;2;;;1;1;1;;;1;998
2;4;12;47;47186;;3;2;No inventariada;;9;1;1;4;;1;1;1;;;1;998
1;2;21;47;47186;;3;2;No inventariada;;9;2;1;4;;1;4;1;1;;1;998
2;2;21;47;47186;;3;2;No inventariada;;9;5;2;;;1;1;1;;;1;998
2;7;22;47;47186;;3;2;No inventariada;;9;20;1;4;;1;4;1;;;1;998
2;2;8;47;47186;;3;2;No inventariada;;9;4;2;;;1;1;1;;;1;998
1;7;17;47;47186;;3;2;No inventariada;;9;2;2;;;1;1;1;;;1;998
2;1;8;47;47186;;3;2;No inventariada;;9;7;1;5;;1;3;1;;;1;998
1;3;17;47;47186;;3;2;No inventariada;;9;10;2;;;1;1;1;;;1;998
2;4;18;47;47186;;3;2;No inventariada;;9;10;2;;;3;3;3;;;1;998
1;3;14;47;47186;;3;2;No inventariada;;9;10;2;;;1;1;1;;;1;998
1;1;22;47;47186;;3;2;No inventariada;;9;10;2;;;1;5;1;;;1;998
2;3;15;47;47186;;3;2;No inventariada;;9;10;2;;;1;1;1;;;1;998
2;3;11;47;47186;;3;2;No inventariada;;9;7;1;1;;1;1;1;;;1;998
1;1;14;47;47186;;3;2;No inventariada;;9;10;2;;;1;1;1;;;1;998
1;4;14;47;47186;;3;2;No inventariada;;9;7;2;;;1;1;1;;;1;998
2;6;14;47;47186;;3;2;No inventariada;;14;7;2;;;1;1;1;;;1;998
2;7;19;47;47186;;1;1;VA-140;4,1;6;16;1;4;VA-30;1;4;1;;;1;2
1;7;7;47;47186;;3;2;No inventariada;;9;4;1;5;;1;4;1;2;;5;998
2;1;9;47;47186;;1;1;VA-30;18;3;4;2;;;1;1;1;;;1;1
2;1;10;47;47186;;1;1;VA-30;14,453;8;4;1;5;A-601;1;1;1;;;1;1
2;2;15;47;47186;;3;2;No inventariada;;9;4;1;5;;1;1;1;;;1;998
2;2;21;47;47186;;3;2;No inventariada;;9;2;1;1;;1;4;1;;;1;998
2;1;19;47;47186;;3;2;No inventariada;;9;7;2;;;1;4;1;;;1;998
2;4;7;47;47186;;3;2;No inventariada;;9;6;2;;;1;3;1;;;1;998
2;4;22;47;47186;;3;2;No inventariada;;9;10;1;1;;2;4;3;;;12;998
1;4;13;47;47186;;3;2;No inventariada;;9;6;2;;;1;1;1;;;1;998
2;3;8;47;47186;;3;2;No inventariada;;14;6;2;;;1;1;1;;;1;998
2;4;7;47;47186;;3;2;No inventariada;;7;20;2;;;1;4;1;;;1;998
1;3;15;47;47186;;3;2;No inventariada;;14;2;1;1;;1;1;1;;;1;998
2;5;7;47;47186;;3;2;No inventariada;;9;4;2;;;1;3;1;;;1;998
2;1;18;47;47186;;3;2;No inventariada;;9;4;2;;;1;1;1;;;1;998
2;4;15;47;47186;;3;2;No inventariada;;9;4;2;;;1;1;1;;;1;998
2;5;17;47;47186;;3;2;No inventariada;;9;2;1;2;;1;1;1;;;9;998
2;6;14;47;47186;;3;2;No inventariada;;9;3;2;;;1;1;1;;;1;998
2;7;12;47;47186;;3;2;No inventariada;;9;10;2;;;9;1;1;;;1;998
2;7;22;47;47186;;3;2;No inventariada;;9;10;2;;;3;3;3;;;1;998
2;7;21;47;47186;;3;2;No inventariada;;9;3;2;;;1;4;1;;;1;998
2;4;7;47;47186;;3;2;No inventariada;;9;7;2;;;1;3;1;;;1;998
2;3;20;47;47186;;1;1;VA-20;0;6;2;1;4;;1;4;1;;;1;1
2;3;9;47;47186;;3;2;No inventariada;;9;10;1;2;;1;1;1;;;6;998
3;2;14;47;47186;;1;1;VA-30;15,424;8;4;1;2;A-62;1;1;1;;;1;2
3;2;16;47;47186;;3;2;No inventariada;;9;10;2;;;1;1;1;;;1;998
2;3;13;47;47186;;3;2;No inventariada;;9;7;1;2;;1;1;1;;;9;998
2;2;14;47;47186;;3;2;No inventariada;;9;3;1;2;;1;1;1;;;18;998
2;5;21;47;47186;;3;2;No inventariada;;9;4;2;;;1;4;1;;1;1;998
3;6;12;47;47186;;1;1;VA-140;3,816;6;4;1;1;;3;1;3;;;1;1
3;4;14;47;47186;;3;2;No inventariada;;9;3;2;;;1;1;1;;;1;998
3;2;11;47;47186;;1;1;VA-30;14,463;8;5;1;4;A-601;1;1;1;;;1;1
3;2;14;47;47186;;3;2;No inventariada;;9;4;2;;;1;1;1;;;1;998
3;5;17;47;47186;;3;2;No inventariada;;9;3;1;2;;1;1;1;;;1;998
2;1;10;47;47186;;3;2;No inventariada;;9;4;2;;;1;1;1;;;1;998
3;5;22;47;47186;;3;2;No inventariada;;9;2;1;1;;1;4;1;;;1;998
2;5;11;47;47186;;3;2;No inventariada;;9;10;2;;;1;1;1;;;1;998
3;4;17;47;47186;;3;2;No inventariada;;9;7;2;;;1;1;1;;;1;998
3;7;0;47;47186;;3;2;No inventariada;;9;2;1;2;;1;4;1;;;1;998
2;5;20;47;47186;;3;2;No inventariada;;9;4;1;5;;1;4;1;;;1;998
3;6;22;47;47186;;3;2;No inventariada;;9;2;1;5;;1;4;1;;;1;998
3;6;20;47;47186;;3;2;No inventariada;;9;4;2;;;1;5;1;;;1;998
3;7;4;47;47186;;3;2;No inventariada;;9;10;2;;;1;4;1;;;1;998
3;2;10;47;47186;;1;1;CL-610;9,193;6;20;1;4;CL-600;1;1;1;;;1;2
3;1;23;47;47186;;3;2;No inventariada;;9;2;1;2;;1;4;1;;;13;998
2;2;20;47;47186;;3;2;No inventariada;;14;19;2;;;1;6;1;;;1;998
2;5;11;47;47186;;3;2;No inventariada;;9;7;2;;;1;1;1;;;1;998
3;7;14;47;47186;;1;1;CL-610;9,164;5;18;2;;;1;1;1;;;1;1
3;6;22;47;47186;;3;2;No inventariada;;9;2;1;1;;1;4;1;;;1;998
3;2;8;47;47186;;3;2;No inventariada;;9;2;1;5;;1;1;1;;;1;998
4;7;18;47;47186;;3;2;No inventariada;;9;7;1;1;;1;1;1;;;1;998
4;4;11;47;47186;;3;2;No inventariada;;9;7;2;;;1;1;1;;;1;998
3;2;13;47;47186;;3;2;No inventariada;;9;3;1;4;;1;1;1;;;1;998
4;4;18;47;47186;;3;2;No inventariada;;9;10;2;;;1;2;2;;;18;998
3;3;7;47;47186;;3;2;No inventariada;;9;12;1;4;;3;1;3;;;1;998
4;5;15;47;47186;;3;2;No inventariada;;9;4;1;5;;1;1;1;;;1;998
3;5;23;47;47186;;3;2;No inventariada;;9;7;2;;;3;4;4;;;5;998
3;3;15;47;47186;;3;2;No inventariada;;9;6;2;;;1;1;1;;;1;998
3;5;16;47;47186;;3;2;No inventariada;;9;2;1;4;;1;4;1;;;1;998
4;4;18;47;47186;;3;2;No inventariada;;9;2;1;2;;1;1;1;;;1;998
4;2;14;47;47186;;1;1;VA-30;15,604;8;4;1;2;N-601;1;1;1;;;1;2
3;6;23;47;47186;;3;2;No inventariada;;9;5;2;;;3;6;1;;;18;998
4;5;11;47;47186;;3;2;No inventariada;;9;7;2;;;1;1;1;;;1;998
3;2;21;47;47186;;3;2;No inventariada;;9;7;1;1;;1;4;1;;;1;998
4;6;12;47;47186;;3;2;No inventariada;;9;4;2;;;1;1;1;;;1;998
4;2;22;47;47186;;3;2;No inventariada;;9;2;1;1;;1;1;1;;;1;998
4;3;10;47;47186;;3;2;No inventariada;;9;2;1;1;;1;1;1;;;1;998
4;6;23;47;47186;;3;2;No inventariada;;9;19;2;;;1;4;1;;;1;998
4;1;21;47;47186;;3;2;No inventariada;;9;2;1;2;;1;4;1;;;1;998
4;4;7;47;47186;;3;2;No inventariada;;9;12;2;;;1;4;1;;;1;998
4;1;17;47;47186;;3;2;No inventariada;;9;4;2;;;1;1;1;;;1;998
4;6;13;47;47186;;3;2;No inventariada;;9;2;2;;;1;1;1;;;1;998
4;2;16;47;47186;;3;2;No inventariada;;9;3;2;;;1;1;1;;;9;998
4;4;21;47;47186;;3;2;No inventariada;;9;10;2;;;1;1;1;;;1;998
4;4;13;47;47186;;3;2;No inventariada;;9;10;2;;;8;1;1;;;1;998
4;5;11;47;47186;;3;2;No inventariada;;9;10;2;;;1;1;1;;;1;998
4;5;16;47;47186;;3;2;No inventariada;;9;3;1;2;;1;1;1;;;1;998
4;2;14;47;47186;;3;2;No inventariada;;9;2;2;;;1;1;1;;;1;998
4;7;21;47;47186;;3;2;No inventariada;;9;7;1;2;;1;4;1;;;1;998
3;1;13;47;47186;;3;2;No inventariada;;9;4;2;;;1;1;1;;;1;998
3;2;15;47;47186;;3;2;No inventariada;;9;5;2;;;1;1;1;;;1;998
4;2;14;47;47186;;1;1;CL-610;9,33;5;2;1;4;CL-610;1;1;1;;;1;2
5;4;21;47;47186;;1;1;A-62;126,075;8;4;2;;;1;4;2;;;1;1
5;5;14;47;47186;;1;1;VA-11;358,15;5;3;1;4;VA-30;1;1;1;;;1;3
4;5;11;47;47186;;3;2;No inventariada;;9;10;2;;;1;1;1;;;1;998
4;2;20;47;47186;;3;2;No inventariada;;9;4;2;;;1;1;1;;;1;998
4;3;10;47;47186;;3;2;No inventariada;;9;3;1;1;;1;1;1;;;1;998
4;5;13;47;47186;;3;2;No inventariada;;9;7;2;;;1;1;1;;;1;998
4;4;13;47;47186;;3;2;No inventariada;;9;4;2;;;1;1;1;;;1;998
4;4;9;47;47186;;3;2;No inventariada;;9;4;2;;;1;1;1;;;1;998
4;6;16;47;47186;;3;2;No inventariada;;9;16;2;;;1;1;1;;;1;998
4;4;16;47;47186;;3;2;No inventariada;;9;7;2;;;1;1;1;;;9;998
4;3;15;47;47186;;3;2;No inventariada;;9;4;2;;;1;1;1;;;1;998
4;5;20;47;47186;;3;2;No inventariada;;9;2;2;;;1;1;1;;;1;998
4;4;11;47;47186;;3;2;No inventariada;;9;4;2;;;1;1;1;;;1;998
5;3;12;47;47186;;3;2;No inventariada;;9;1;2;;;1;1;1;;;1;998
4;1;12;47;47186;;3;2;No inventariada;;9;20;1;1;;1;1;1;;;1;998
4;1;9;47;47186;;3;2;No inventariada;;9;2;1;1;;1;1;1;;;1;998
4;7;1;47;47186;;3;2;No inventariada;;9;12;2;;;1;4;1;;;1;998
4;1;8;47;47186;;3;2;No inventariada;;9;4;2;;;1;1;1;;;1;998
4;4;14;47;47186;;3;2;No inventariada;;9;4;2;;;1;1;1;;;1;998
4;7;10;47;47186;;3;2;No inventariada;;13;1;2;;;1;1;1;;;1;998
4;3;16;47;47186;;3;2;No inventariada;;9;3;2;;;1;1;1;;;1;998
3;6;7;47;47186;;3;2;No inventariada;;9;10;2;;;3;1;3;;;18;998
3;5;19;47;47186;;3;2;No inventariada;;9;4;1;1;;1;1;1;;;18;998
4;1;10;47;47186;;3;2;No inventariada;;9;4;2;;;1;1;1;;;1;998
5;4;14;47;47186;;3;2;No inventariada;;9;7;2;;;1;1;1;;;1;998
4;5;17;47;47186;;4;2;VA-20;1;5;4;2;;;1;1;1;;;1;1
4;6;16;47;47186;;3;2;No inventariada;;9;3;2;;;1;1;1;;;1;998
5;3;9;47;47186;;1;1;N-601;72;6;6;2;;;1;1;1;;;1;1
5;2;13;47;47186;;3;2;No inventariada;;9;2;2;;;1;1;1;;;1;998
5;1;13;47;47186;;3;2;No inventariada;;9;6;2;;;1;1;1;;;6;998
5;1;14;47;47186;;3;2;No inventariada;;9;10;2;;;3;4;3;;;1;998
5;5;14;47;47186;;3;2;No inventariada;;9;3;2;;;1;1;1;;;1;998
4;4;13;47;47186;;3;2;No inventariada;;9;2;2;;;1;1;1;;;1;998
5;4;16;47;47186;;1;1;A-62;120,58;3;14;1;10;VA-20;1;1;2;;;1;2
5;5;12;47;47186;;3;2;No inventariada;;9;7;2;;;1;1;1;;;1;998
5;5;10;47;47186;;3;2;No inventariada;;9;2;2;;;1;1;1;;;1;998
5;6;13;47;47186;;1;1;A-62;120,581;3;12;1;10;;1;1;1;;;1;3
4;5;14;47;47186;;3;2;No inventariada;;9;3;2;;;1;1;1;;;1;998
5;5;6;47;47186;;3;2;No inventariada;;9;2;1;4;;1;3;1;;;1;998
5;5;15;47;47186;;3;2;No inventariada;;9;7;2;;;1;1;1;;;1;998
5;4;20;47;47186;;3;2;No inventariada;;9;10;1;4;;1;1;1;;;1;998
5;7;20;47;47186;;3;2;No inventariada;;9;10;2;;;1;1;1;;;1;998
5;3;7;47;47186;;3;2;No inventariada;;9;10;2;;;1;4;1;;;18;998
5;4;14;47;47186;;3;2;No inventariada;;9;2;2;;;1;1;1;;;1;998
5;6;23;47;47186;;3;2;No inventariada;;9;15;2;;;1;4;1;;;1;998
5;3;3;47;47186;;1;1;N-620A;120,6;6;12;2;;;1;6;2;;;1;1
5;3;22;47;47186;;3;2;No inventariada;;9;16;1;5;;1;4;1;;;1;998
5;2;20;47;47186;;3;2;No inventariada;;9;3;2;;;1;1;2;;;1;998
5;4;0;47;47186;;3;2;No inventariada;;9;10;2;;;1;1;1;;;1;998
5;1;7;47;47186;;3;2;No inventariada;;9;2;1;5;;1;1;1;;;1;998
5;3;7;47;47186;;3;2;No inventariada;;9;4;2;;;1;1;1;;;1;998
5;1;2;47;47186;;3;2;No inventariada;;14;6;2;;;3;4;2;;;1;998
5;5;20;47;47186;;3;2;No inventariada;;9;4;2;;;1;1;1;;;1;998
5;3;20;47;47186;;3;2;No inventariada;;9;4;2;;;1;1;1;;;1;998
5;3;16;47;47186;;3;2;No inventariada;;9;4;1;5;;1;1;1;;;1;998
5;5;5;47;47186;;3;2;No inventariada;;9;10;2;;;1;4;1;;;1;998
4;6;20;47;47186;;3;2;No inventariada;;9;2;2;;;1;1;1;;;1;998
5;2;13;47;47186;;3;2;No inventariada;;14;2;1;5;;1;1;1;;;1;998
5;4;13;47;47186;;3;2;No inventariada;;9;4;2;;;1;1;1;;;1;998
5;5;9;47;47186;;3;2;No inventariada;;9;20;2;;;1;1;1;;;1;998
5;5;13;47;47186;;3;2;No inventariada;;9;4;2;;;1;1;1;;;1;998
5;5;17;47;47186;;3;2;No inventariada;;9;10;2;;;1;1;1;;;1;998
5;7;2;47;47186;;3;2;No inventariada;;9;10;2;;;1;4;1;;;1;998
6;6;9;47;47186;;3;2;No inventariada;;9;3;1;1;;1;1;1;;;1;998
5;5;11;47;47186;;3;2;No inventariada;;9;20;2;;;1;1;1;;;1;998
5;1;14;47;47186;;3;2;No inventariada;;9;4;2;;;1;1;1;;;1;998
5;3;15;47;47186;;3;2;No inventariada;;9;7;2;;;1;1;1;;;1;998
5;1;21;47;47186;;3;2;No inventariada;;9;2;2;;;3;1;3;;;1;998
5;3;14;47;47186;;3;2;No inventariada;;9;3;2;;;1;1;1;;;1;998
5;4;10;47;47186;;3;2;No inventariada;;9;2;1;5;;1;1;1;;;1;998
5;3;14;47;47186;;3;2;No inventariada;;9;10;1;2;;1;1;1;;;1;998
5;4;17;47;47186;;3;2;No inventariada;;9;2;1;2;;1;1;1;;;1;998
6;2;17;47;47186;;3;2;No inventariada;;9;2;2;;;1;1;1;;;1;998
6;2;17;47;47186;;3;2;No inventariada;;9;7;2;;;1;1;1;;;1;998
6;2;19;47;47186;;1;1;A-62;122,1;3;10;2;;;1;1;1;;;1;1
6;5;11;47;47186;;3;2;No inventariada;;9;4;1;2;;1;1;1;;;1;998
6;4;19;47;47186;;3;2;No inventariada;;9;10;1;5;;7;1;1;;;1;998
6;4;20;47;47186;;3;2;No inventariada;;9;10;2;;;1;1;1;;;1;998
6;3;21;47;47186;;3;2;No inventariada;;14;4;2;;;1;1;1;;;1;998
6;4;14;47;47186;;3;2;No inventariada;;9;20;2;;;1;1;1;;;1;998
6;3;9;47;47186;;3;2;No inventariada;;9;10;2;;;1;1;1;;;1;998
6;4;13;47;47186;;3;2;No inventariada;;9;2;1;2;;1;1;1;;;1;998
6;3;21;47;47186;;3;2;No inventariada;;9;2;1;1;;1;1;1;;;1;998
6;3;21;47;47186;;3;2;No inventariada;;9;3;2;;;1;1;1;;;1;998
4;2;12;47;47186;;3;2;No inventariada;;9;7;2;;;3;1;3;;;1;998
6;5;16;47;47186;;3;2;No inventariada;;9;2;2;;;1;1;1;;;1;998
6;4;13;47;47186;;3;2;No inventariada;;9;2;1;1;;1;1;1;;;1;998
6;5;9;47;47186;;3;2;No inventariada;;7;2;2;;;1;1;1;;;1;998
6;4;13;47;47186;;3;2;No inventariada;;9;4;2;;;3;1;4;;;5;998
5;3;21;47;47186;;3;2;No inventariada;;9;20;2;;;1;1;7;;;1;998
6;5;13;47;47186;;3;2;No inventariada;;9;1;2;;;1;1;1;;;1;998
6;4;13;47;47186;;3;2;No inventariada;;9;20;2;;;1;1;1;;;1;998
6;2;22;47;47186;;3;2;No inventariada;;9;2;2;;;1;4;1;;;1;998
6;5;10;47;47186;;3;2;No inventariada;;14;6;2;;;1;1;1;;;1;998
6;5;13;47;47186;;3;2;No inventariada;;9;10;2;;;1;1;1;;;1;998
6;5;13;47;47186;;3;2;No inventariada;;9;10;2;;;2;1;1;;;1;998
6;1;18;47;47186;;3;2;No inventariada;;9;2;1;2;;1;1;1;;;9;998
6;7;14;47;47186;;3;2;No inventariada;;9;10;2;;;1;1;1;;;1;998
6;4;20;47;47186;;3;2;No inventariada;;9;10;2;;;1;1;1;;;1;998
5;3;8;47;47186;;3;2;No inventariada;;9;3;1;2;;1;1;1;;;1;998
5;1;11;47;47186;;3;2;No inventariada;;9;10;2;;;1;1;1;;;1;998
6;2;14;47;47186;;3;2;No inventariada;;9;10;2;;;1;1;1;;;1;998
4;2;9;47;47186;;3;2;No inventariada;;9;10;2;;;8;1;1;;;1;998
6;4;9;47;47186;;3;2;No inventariada;;9;7;1;1;;1;1;1;;;1;998
6;5;10;47;47186;;3;2;No inventariada;;9;4;2;;;1;1;1;;;1;998
6;7;15;47;47186;;3;2;No inventariada;;9;10;2;;;1;1;1;;;1;998
7;1;11;47;47186;;3;2;No inventariada;;14;4;2;;;1;1;1;;;1;998
6;7;20;47;47186;;3;2;No inventariada;;9;7;2;;;1;1;1;;;1;998
6;1;17;47;47186;;3;2;No inventariada;;9;4;2;;;1;1;1;;;1;998
6;5;12;47;47186;;3;2;No inventariada;;9;7;2;;;1;1;1;;;1;998
6;4;7;47;47186;;3;2;No inventariada;;9;3;1;4;;1;1;1;;;1;998
6;2;14;47;47186;;3;2;No inventariada;;9;10;2;;;1;1;1;;;1;998
6;5;16;47;47186;;3;2;No inventariada;;9;12;1;1;;1;1;1;;;18;998
6;4;16;47;47186;;3;2;No inventariada;;9;19;2;;;1;1;1;;;1;998
5;5;19;47;47186;;3;2;No inventariada;;9;7;1;1;;1;1;1;;;1;998
6;5;12;47;47186;;3;2;No inventariada;;9;2;1;2;;1;1;1;;;1;998
6;6;12;47;47186;;3;2;No inventariada;;9;10;2;;;1;1;1;;;1;998
6;2;18;47;47186;;3;2;No inventariada;;9;3;2;;;1;1;1;;;1;998
6;4;11;47;47186;;3;2;No inventariada;;9;7;2;;;1;1;1;;;1;998
6;6;11;47;47186;;3;2;No inventariada;;9;10;2;;;1;1;1;;;1;998
6;2;17;47;47186;;3;2;No inventariada;;9;4;2;;;1;1;1;;;1;998
6;3;14;47;47186;;3;2;No inventariada;;9;4;2;;;1;1;1;;;1;998
5;1;9;47;47186;;3;2;No inventariada;;14;4;2;;;1;1;1;;;1;998
6;2;4;47;47186;;3;2;No inventariada;;14;10;2;;;1;1;1;;;1;998
6;3;17;47;47186;;3;2;No inventariada;;9;7;2;;;1;1;1;;;1;998
4;7;20;47;47186;;3;2;No inventariada;;9;7;2;;;1;1;1;;;1;998
6;6;14;47;47186;;3;2;No inventariada;;9;7;1;2;;3;1;3;;;1;998
6;6;10;47;47186;;3;2;No inventariada;;9;2;1;5;;1;1;2;;;1;998
7;6;12;47;47186;;1;1;VA-30;15,221;8;4;1;2;;1;1;2;;;1;2
5;6;6;47;47186;;3;2;No inventariada;;9;2;1;2;;1;3;1;;;12;998
7;3;18;47;47186;;3;2;No inventariada;;9;10;2;;;3;1;1;;;1;998
7;2;11;47;47186;;3;2;No inventariada;;9;7;2;;;1;1;1;;;1;998
6;5;17;47;47186;;3;2;No inventariada;;9;12;2;;;1;1;1;;;1;998
7;2;12;47;47186;;1;1;CL-610;9,3;6;3;1;4;CL-600;1;1;1;;;1;2
7;2;13;47;47186;;3;2;No inventariada;;9;3;2;;;1;1;1;;;1;998
7;2;13;47;47186;;3;2;No inventariada;;9;7;2;;;1;1;1;;;1;998
7;2;14;47;47186;;3;2;No inventariada;;9;3;1;1;;1;1;1;;;1;998
7;2;15;47;47186;;3;2;No inventariada;;9;10;1;1;;1;1;1;;;1;998
7;3;11;47;47186;;3;2;No inventariada;;9;7;2;;;1;1;1;;;1;998
7;3;14;47;47186;;3;2;No inventariada;;9;4;2;;;1;1;1;;;1;998
7;3;11;47;47186;;3;2;No inventariada;;9;3;2;;;1;1;1;;;1;998
7;3;19;47;47186;;3;2;No inventariada;;9;10;2;;;1;1;1;;;1;998
7;1;9;47;47186;;1;1;VA-30;7,58;3;18;1;12;;1;1;3;;;1;1
7;7;21;47;47186;;3;2;No inventariada;;9;10;2;;;1;1;1;;;1;998
7;2;15;47;47186;;3;2;No inventariada;;9;2;1;5;;1;1;1;;;1;998
7;3;13;47;47186;;3;2;No inventariada;;9;4;2;;;1;1;1;;;1;998
7;7;17;47;47186;;1;1;CL-610;9,394;6;10;1;4;CL-610;1;1;5;;;1;2
7;1;14;47;47186;;1;1;VA-30;18,45;3;4;2;;;1;1;1;;;1;1
7;3;14;47;47186;;1;1;A-62;124,13;3;12;2;;;1;1;1;;;1;2
8;6;0;47;47186;;1;1;A-601;4,42;3;16;1;5;VA-30;1;4;1;;;1;3
8;6;13;47;47186;;1;1;A-62;128,077;3;4;2;;;1;1;1;;;1;1
7;3;14;47;47186;;3;2;No inventariada;;9;3;2;;;9;1;1;;;1;998
7;1;4;47;47186;;3;2;No inventariada;;9;4;2;;;1;6;1;;;17;998
8;4;22;47;47186;;3;2;No inventariada;;9;4;1;2;;1;4;1;;;1;998
7;2;21;47;47186;;3;2;No inventariada;;9;7;2;;;1;4;1;;;1;998
7;3;20;47;47186;;3;2;No inventariada;;9;4;2;;;1;1;1;;;1;998
7;5;14;47;47186;;3;2;No inventariada;;9;2;1;2;;1;1;1;;;1;998
7;3;18;47;47186;;3;2;No inventariada;;9;7;2;;;1;1;1;;;1;998
7;5;5;47;47186;;3;2;No inventariada;;9;2;1;1;;1;3;1;;;1;998
7;1;15;47;47186;;3;2;No inventariada;;9;4;2;;;1;1;1;;;1;998
7;2;14;47;47186;;3;2;No inventariada;;9;10;2;;;1;1;1;;;1;998
7;6;13;47;47186;;3;2;No inventariada;;9;10;2;;;1;1;1;;;1;998
7;4;8;47;47186;;3;2;No inventariada;;9;16;1;1;;1;1;1;;;1;998
7;2;13;47;47186;;3;2;No inventariada;;9;2;2;;;1;1;1;;;1;998
7;5;1;47;47186;;3;2;No inventariada;;9;16;2;;;1;4;1;;;1;998
8;1;16;47;47186;;1;1;VA-30;15,198;3;20;2;;;1;1;1;;;1;1
7;1;20;47;47186;;3;2;No inventariada;;9;7;2;;;1;2;1;;;6;998
7;3;14;47;47186;;3;2;No inventariada;;9;10;2;;;1;1;1;;;1;998
8;4;13;47;47186;;3;2;No inventariada;;9;2;2;;;1;1;1;;;1;998
8;5;8;47;47186;;3;2;No inventariada;;9;2;2;;;1;1;1;;;1;998
8;5;11;47;47186;;3;2;No inventariada;;9;7;2;;;1;1;1;;;1;998
8;7;3;47;47186;;3;2;No inventariada;;9;6;1;2;;1;4;1;;;1;998
8;3;17;47;47186;;3;2;No inventariada;;9;2;1;2;;1;1;1;;;1;998
8;3;23;47;47186;;3;2;No inventariada;;9;7;1;1;;1;4;1;;;1;998
8;4;15;47;47186;;3;2;No inventariada;;9;2;2;;;1;4;1;;;1;998
8;1;12;47;47186;;3;2;No inventariada;;9;10;2;;;1;1;1;;;1;998
8;7;21;47;47186;;3;2;No inventariada;;9;10;2;;;1;1;1;;;1;998
8;4;12;47;47186;;3;2;No inventariada;;9;4;2;;;1;1;1;;;1;998
8;3;2;47;47186;;3;2;No inventariada;;9;10;2;;;1;1;1;;;1;998
8;4;15;47;47186;;3;2;No inventariada;;9;4;2;;;1;1;1;;;1;998
8;4;8;47;47186;;3;2;No inventariada;;9;10;2;;;3;1;3;;;1;998
8;1;19;47;47186;;3;2;No inventariada;;9;10;2;;;1;1;1;;;1;998
8;6;7;47;47186;;3;2;No inventariada;;9;6;2;;;1;1;1;;;1;998
8;1;18;47;47186;;3;2;No inventariada;;9;3;2;;;1;1;1;;;1;998
8;3;16;47;47186;;3;2;No inventariada;;9;2;1;2;;1;1;1;;;1;998
8;1;12;47;47186;;3;2;No inventariada;;9;3;2;;;1;1;3;;;1;998