MES;DIA_SEMANA;HORA;COD_PROVINCIA;COD_MUNICIPIO;ISLA;ZONA;ZONA_AGRUPADA;CARRETERA;KM;TIPO_VIA;TIPO_ACCIDENTE;NUDO;NUDO_INFO;CARRETERA_CRUCE;CONDICION_FIRME;CONDICION_ILUMINACION;CONDICION_METEO;CONDICION_NIEBLA;CONDICION_VIENTO;VISIB_RESTRINGIDA_POR;TRAZADO_PLANTA
8;3;12;47;47186;;1;1;CL-610;12,906;6;2;1;2;SC-VA-8;1;1;1;;;1;1
7;3;21;47;47186;;3;2;No inventariada;;9;6;2;;;1;3;1;;;1;998
7;1;19;47;47186;;3;2;No inventariada;;9;2;1;5;;1;1;1;;;1;998
7;6;14;47;47186;;3;2;No inventariada;;9;7;2;;;1;1;1;;;1;998
8;2;15;47;47186;;3;2;No inventariada;;9;7;2;;;1;1;1;;;1;998
8;5;20;47;47186;;1;1;N-601;184,45;7;4;2;;;1;4;2;;;1;1
7;4;13;47;47186;;3;2;No inventariada;;14;7;1;2;;1;1;1;;;1;998
8;3;6;47;47186;;3;2;No inventariada;;9;6;2;;;1;4;1;;;1;998
9;7;11;47;47186;;1;1;A-601;6,616;7;10;2;;;1;1;1;;;1;1
9;3;19;47;47186;;3;2;No inventariada;;9;10;2;;;1;1;1;;;1;998
8;4;15;47;47186;;3;2;No inventariada;;9;4;2;;;1;1;1;;;1;998
7;5;9;47;47186;;3;2;No inventariada;;9;4;2;;;1;1;1;;;1;998
8;1;15;47;47186;;3;2;No inventariada;;9;2;1;1;;1;1;1;;;1;998
8;1;17;47;47186;;3;2;No inventariada;;9;2;1;2;;1;1;1;;;1;998
9;5;19;47;47186;;1;1;N-601;183,745;5;18;2;;;1;1;1;;;1;1
7;2;21;47;47186;;3;2;No inventariada;;9;2;2;;;1;1;1;;;1;998
9;7;13;47;47186;;1;1;A-62;125,75;3;12;2;;;1;1;1;;;1;3
8;2;12;47;47186;;3;2;No inventariada;;9;10;2;;;1;1;1;;;1;998
9;1;12;47;47186;;1;1;VA-30;13,3;3;5;2;;;1;1;1;;;1;1
9;4;14;47;47186;;3;2;No inventariada;;9;2;1;2;;1;1;1;;;1;998
9;3;12;47;47186;;3;2;No inventariada;;14;4;2;;;1;1;1;;;1;998
9;6;21;47;47186;;3;2;No inventariada;;9;2;2;;;1;4;1;;;1;998
9;3;20;47;47186;;3;2;No inventariada;;9;2;2;;;1;1;1;;;1;998
9;1;9;47;47186;;3;2;No inventariada;;9;3;2;;;1;1;1;;;1;998
9;3;9;47;47186;;3;2;No inventariada;;9;2;1;1;;1;1;1;;;6;998
9;1;15;47;47186;;3;2;No inventariada;;9;4;2;;;1;1;1;;;1;998
9;2;17;47;47186;;3;2;No inventariada;;9;6;2;;;1;1;1;;;6;998
9;6;23;47;47186;;3;2;No inventariada;;9;7;1;2;;1;4;1;;;12;998
9;1;11;47;47186;;3;2;No inventariada;;9;2;1;1;;1;1;1;;;1;998
9;1;8;47;47186;;3;2;No inventariada;;9;2;2;;;1;1;1;;;1;998
9;6;12;47;47186;;3;2;No inventariada;;9;7;2;;;1;1;1;;;1;998
9;3;18;47;47186;;3;2;No inventariada;;9;3;2;;;1;1;1;;;1;998
7;3;16;47;47186;;3;2;No inventariada;;9;2;1;5;;1;1;1;;;1;998
6;4;7;47;47186;;3;2;No inventariada;;9;3;2;;;1;1;1;;;1;998
8;4;12;47;47186;;3;2;No inventariada;;9;5;2;;;1;1;1;;;1;998
9;3;20;47;47186;;3;2;No inventariada;;9;2;1;1;;1;3;1;;;1;998
9;7;15;47;47186;;1;1;VA-20;702;6;2;2;;;1;1;1;;;1;1
8;3;22;47;47186;;3;2;No inventariada;;9;7;2;;;1;1;1;;;1;998
9;3;16;47;47186;;3;2;No inventariada;;9;4;2;;;1;1;1;;;1;998
9;4;8;47;47186;;3;2;No inventariada;;9;10;2;;;1;1;1;;;1;998
7;4;17;47;47186;;3;2;No inventariada;;9;10;2;;;1;1;1;;;1;998
8;5;17;47;47186;;3;2;No inventariada;;9;4;2;;;1;1;1;;;1;998
9;4;16;47;47186;;3;2;No inventariada;;9;2;1;2;;1;1;1;;;1;998
9;3;15;47;47186;;3;2;No inventariada;;9;3;2;;;1;1;1;;;1;998
9;1;12;47;47186;;3;2;No inventariada;;9;19;2;;;1;1;1;;;1;998
6;1;21;47;47186;;3;2;No inventariada;;9;7;2;;;1;1;1;;;12;998
9;3;12;47;47186;;3;2;No inventariada;;9;7;2;;;1;1;1;;;1;998
9;3;14;47;47186;;3;2;No inventariada;;9;10;2;;;1;1;1;;;1;998
9;1;16;47;47186;;3;2;No inventariada;;9;7;2;;;1;1;1;;;1;998
9;6;21;47;47186;;3;2;No inventariada;;9;7;2;;;1;4;1;;;1;998
10;3;4;47;47186;;3;2;No inventariada;;9;16;2;;;1;4;1;;;1;998
10;5;8;47;47186;;1;1;CL-610;9,443;5;10;1;4;CL-610;8;1;1;;;1;1
9;1;14;47;47186;;3;2;No inventariada;;9;7;2;;;1;1;1;;;1;998
9;4;18;47;47186;;3;2;No inventariada;;9;2;1;5;VA-20;1;1;1;;;1;998
10;2;18;47;47186;;3;2;No inventariada;;9;4;2;;;1;1;1;;;1;998
8;5;10;47;47186;;3;2;No inventariada;;9;2;1;1;;1;1;1;;;1;998
9;3;10;47;47186;;3;2;No inventariada;;9;7;1;2;;1;1;1;;;6;998
10;7;16;47;47186;;3;2;No inventariada;;9;10;2;;;3;1;3;;;1;998
10;7;16;47;47186;;3;2;No inventariada;;9;19;2;;;3;1;3;;;1;998
10;3;18;47;47186;;3;2;No inventariada;;9;10;2;;;3;1;3;;;1;998
10;2;19;47;47186;;3;2;No inventariada;;9;3;2;;;1;3;1;;;6;998
10;2;17;47;47186;;3;2;No inventariada;;9;10;2;;;3;1;3;;;1;998
10;2;16;47;47186;;3;2;No inventariada;;9;10;2;;;3;1;3;;;1;998
10;3;14;47;47186;;3;2;No inventariada;;9;10;2;;;3;1;3;;;1;998
9;6;15;47;47186;;3;2;No inventariada;;9;2;1;4;;1;1;1;;;1;998
10;3;10;47;47186;;3;2;No inventariada;;9;4;2;;;3;1;3;;;1;998
10;2;8;47;47186;;3;2;No inventariada;;9;10;2;;;3;5;1;;;1;998
10;6;12;47;47186;;3;2;No inventariada;;9;10;2;;;3;1;4;;;1;998
10;6;1;47;47186;;3;2;No inventariada;;9;10;2;;;3;4;4;;;1;998
10;2;19;47;47186;;1;1;CL-610;5,897;6;4;2;;;3;2;3;;;1;1
7;4;21;47;47186;;3;2;No inventariada;;9;10;2;;;1;2;1;;;1;998
9;3;14;47;47186;;3;2;No inventariada;;9;4;2;;;1;1;1;;;1;998
9;2;7;47;47186;;3;2;No inventariada;;9;4;2;;;1;3;1;;;1;998
10;2;22;47;47186;;3;2;No inventariada;;9;4;2;;;3;4;2;;;1;998
10;4;8;47;47186;;3;2;No inventariada;;9;2;1;1;;1;1;1;;;1;998
10;7;22;47;47186;;3;2;No inventariada;;9;4;2;;;1;3;1;;;1;998
10;2;16;47;47186;;3;2;No inventariada;;9;4;1;5;;1;1;1;;;1;998
10;1;13;47;47186;;3;2;No inventariada;;9;10;2;;;3;1;3;;;1;998
9;7;13;47;47186;;3;2;No inventariada;;9;7;1;1;;1;1;1;;;1;998
9;5;16;47;47186;;3;2;No inventariada;;9;20;2;;;1;1;1;;;1;998
10;5;7;47;47186;;1;1;VA-30;14,721;3;4;2;;;1;1;1;;;1;1
10;5;7;47;47186;;1;1;A-601;6,046;3;3;2;;;1;4;1;;;18;1
10;7;14;47;47186;;3;2;No inventariada;;9;10;2;;;8;1;1;;;1;998
10;3;13;47;47186;;3;2;No inventariada;;9;4;2;;;1;1;2;;;1;998
10;3;15;47;47186;;3;2;No inventariada;;9;2;1;1;;1;1;1;;;1;998
10;2;14;47;47186;;3;2;No inventariada;;9;2;1;1;;1;1;1;;;1;998
10;1;15;47;47186;;3;2;No inventariada;;9;4;1;5;;1;1;1;;;1;998
9;2;14;47;47186;;3;2;No inventariada;;9;4;2;;;1;1;1;;;1;998
11;6;18;47;47186;;1;1;VA-30;10,103;3;4;2;;;1;6;1;;;1;1
11;6;23;47;47186;;1;1;A-601;4,438;3;16;2;;;1;4;1;;;1;1
11;2;18;47;47186;;1;1;A-601;5,9;3;4;2;;;1;1;2;;;1;1
11;4;1;47;47186;;1;1;VA-11;358,1;5;18;1;4;VA-30;1;4;1;;;1;2
7;3;14;47;47186;;3;2;No inventariada;;9;2;2;;;1;1;1;;;1;998
8;3;21;47;47186;;3;2;No inventariada;;9;4;2;;;1;4;1;;;1;998
11;1;14;47;47186;;1;1;VA-30;14,84;3;4;2;;;1;1;1;;;1;1
10;1;8;47;47186;;3;2;No inventariada;;9;3;2;;;1;3;1;;;1;998
11;6;19;47;47186;;3;2;No inventariada;;14;2;1;5;;1;4;1;;;1;998
10;2;20;47;47186;;3;2;No inventariada;;9;2;1;2;;3;4;3;;;1;998
10;6;20;47;47186;;3;2;No inventariada;;9;7;1;1;;1;4;1;;;1;998
9;6;13;47;47186;;3;2;No inventariada;;9;7;1;1;;1;1;1;;;1;998
10;4;16;47;47186;;3;2;No inventariada;;9;2;2;;;1;1;1;;;1;998
10;2;8;47;47186;;3;2;No inventariada;;9;4;2;;;1;1;1;;;1;998
11;6;19;47;47186;;3;2;No inventariada;;9;19;2;;;2;6;1;;;5;998
11;4;7;47;47186;;1;1;A-601;4,42;3;4;1;1;VA-30;1;4;1;1;;1;1
11;7;20;47;47186;;3;2;No inventariada;;9;3;2;;;1;4;1;;;1;998
11;6;19;47;47186;;3;2;No inventariada;;9;7;2;;;1;4;1;;;1;998
11;4;22;47;47186;;3;2;No inventariada;;9;1;1;1;;1;4;1;;;1;998
11;1;11;47;47186;;3;2;No inventariada;;9;2;1;1;;1;1;1;;;1;998
11;2;14;47;47186;;3;2;No inventariada;;9;10;2;;;1;1;1;;;1;998
11;2;14;47;47186;;3;2;No inventariada;;9;10;2;;;1;1;1;;;1;998
11;3;8;47;47186;;3;2;No inventariada;;9;2;2;;;1;1;1;;;1;998
12;1;14;47;47186;;1;1;VA-30;15,575;8;4;1;2;N-601;1;1;2;;;1;3
12;1;19;47;47186;;1;1;N-601;185,143;5;16;2;;;1;6;1;;;1;1
11;1;9;47;47186;;3;2;No inventariada;;9;7;2;;;1;1;1;;;1;998
11;2;10;47;47186;;3;2;No inventariada;;9;7;2;;;1;1;1;;;1;998
11;2;16;47;47186;;3;2;No inventariada;;9;2;1;2;;1;1;1;;;1;998
11;2;20;47;47186;;3;2;No inventariada;;9;2;1;4;;1;5;1;;;1;998
10;7;13;47;47186;;3;2;No inventariada;;9;6;2;;;3;1;3;;;1;998
11;2;16;47;47186;;3;2;No inventariada;;9;2;2;;;1;1;1;;;1;998
11;4;8;47;47186;;3;2;No inventariada;;9;10;2;;;3;2;2;;;1;998
11;2;7;47;47186;;3;2;No inventariada;;14;2;1;2;;1;3;1;;;1;998
12;4;13;47;47186;;1;1;A-601;5,123;3;2;1;1;;1;1;1;;;1;1
10;1;22;47;47186;;3;2;No inventariada;;9;10;2;;;1;5;1;;;1;998
10;3;13;47;47186;;3;2;No inventariada;;9;3;1;1;;3;1;2;;;1;998
11;2;7;47;47186;;3;2;No inventariada;;9;3;1;1;;1;4;1;;;1;998
11;3;8;47;47186;;3;2;No inventariada;;9;2;2;;;1;1;1;;;9;998
12;2;7;47;47186;;1;1;VA-11;358,1;5;10;1;4;VA-30;8;6;2;;;1;1
12;2;20;47;47186;;1;1;N-620A;119,5;5;4;2;;;3;4;1;;;1;1
12;3;11;47;47186;;1;1;VA-11;358,15;5;4;2;;;1;1;1;;;1;1
11;1;17;47;47186;;3;2;No inventariada;;9;20;2;;;1;1;1;;;1;998
12;6;14;47;47186;;3;2;No inventariada;;14;2;1;5;;1;1;1;;;12;998
11;4;18;47;47186;;3;2;No inventariada;;9;7;1;5;;1;4;1;;;1;998
12;2;20;47;47186;;1;1;VA-140;3,99;6;2;1;4;VA-30;1;4;1;;;1;3
7;2;13;47;0;;1;1;A-6;194,6;3;3;2;;;1;1;1;;;4;1
3;6;15;47;0;;1;1;VP-8904;6,904;6;15;2;;;3;1;3;;;1;1
3;1;21;47;0;;1;1;CL-600;8,96;6;20;1;2;SC-VA-3;3;6;2;;;1;1
8;7;11;47;0;;1;1;SC-VA-3;1,14;6;2;1;2;;1;1;1;;;12;1
10;2;7;47;0;;1;1;VP-9003;4,057;6;18;2;;;1;6;1;;;1;3
11;3;14;47;0;;1;1;SC-VA-3;0,6;6;16;2;;;1;1;2;;;1;1
4;6;17;47;0;;1;1;VP-2302;24,163;6;14;2;;;3;1;4;;;1;2
2;1;17;47;0;;1;1;VP-3001;13,08;6;16;2;;;1;1;1;;;1;3
2;6;1;47;0;;1;1;VA-505;10;6;16;2;;;1;6;1;;;1;1
4;4;15;47;0;;1;1;LAS RABES;2,033;10;14;2;;;2;1;1;;;1;1
6;2;10;47;0;;1;1;CAM VILLAB;3,5;10;18;2;;;2;1;1;;;1;1
8;4;14;47;0;;1;1;VA-505;7,507;6;14;2;;;1;1;2;;;1;1
12;5;14;47;0;;1;1;VA-511;6,158;6;2;1;2;;1;1;1;;;12;1
8;6;17;47;0;;1;1;N-610;51,7;6;15;2;;;1;1;7;;;18;4
1;2;17;47;0;;1;1;N-610;38,512;6;18;1;2;VA-920;3;2;3;;;1;1
7;5;18;47;0;;1;1;A-6;213,3;3;4;2;;;1;1;1;;;1;2
5;1;16;47;0;;2;2;VA-524;11,6;6;12;1;2;VP-5506;1;1;2;;;1;3
8;1;8;47;0;;1;1;VA-101;27,8;6;12;2;;;1;1;1;;;1;1
2;7;3;47;0;;1;1;VA-505;19,4;6;18;2;;;1;6;1;1;;1;1
2;5;7;47;0;;1;1;VA-932;11,656;6;2;1;1;VA-931;1;6;1;;;1;1
7;3;14;47;0;;1;1;VA-932;11,7;6;2;1;5;VA-931;1;1;1;;;1;1
9;7;0;47;0;;1;1;A-11;406;3;8;2;;;1;6;1;;;12;1
8;3;2;47;0;;2;2;N-610;44,75;6;18;1;1;;1;4;1;;;1;2
11;3;17;47;0;;1;1;CMNO DEL L;0,2;10;14;2;;;2;1;3;;1;1;1
1;7;11;47;0;;1;1;A-60;3,094;3;18;2;;;3;1;4;;;18;1
1;2;17;47;0;;1;1;N-601;202,66;6;2;1;2;;1;1;2;;;1;1
4;2;21;47;0;;1;1;N-601;200,383;6;2;2;;;1;6;2;;;1;1
6;5;15;47;0;;1;1;A-60;3,373;3;20;2;;;1;1;1;;;1;2
10;7;2;47;0;;1;1;A-6;224,55;3;15;2;;;1;6;1;;;1;1
11;5;17;47;0;;1;1;A-6;220,5;3;14;2;;;1;1;1;;;1;1
12;5;13;47;0;;1;1;A-6;225;3;15;2;;;1;1;1;;;1;1
1;4;17;47;0;;1;1;A-6;212,837;3;3;2;;;3;1;2;;;1;2
2;4;12;47;0;;1;1;A-6;212,62;3;16;2;;;1;1;2;;1;1;3
6;5;12;47;0;;1;1;A-6;214,2;3;16;2;;;1;1;1;;;1;1
11;7;9;47;0;;1;1;A-6;211,5;3;18;2;;;3;1;3;;;1;1
5;6;13;47;0;;3;2;No inventariada;;9;2;1;1;;1;1;1;;;2;998
7;1;12;47;0;;3;2;No inventariada;;14;7;2;;;1;1;2;;;1;998
10;5;20;47;0;;1;1;CL-602;48,907;6;15;2;;;1;6;1;;;18;1
2;3;7;47;47231;;3;2;No inventariada;;9;4;2;;;1;3;1;;;1;998
3;2;18;47;47231;;3;2;No inventariada;;9;2;1;1;;1;2;1;;;1;998
3;5;14;47;47231;;1;1;A-62;126,42;3;4;2;;;1;1;2;;;1;1
4;5;21;47;47231;;3;2;No inventariada;;9;10;2;;;1;4;1;;;1;998
6;1;12;47;47231;;1;1;N-601;194,15;7;10;2;;;1;1;1;;;1;1
7;1;20;47;47231;;1;1;VA-514;0,5;6;4;1;2;;1;1;1;;;1;1
7;7;11;47;47231;;1;1;N-601;196,44;6;3;2;;;1;1;1;;;1;3
7;3;13;47;47231;;1;1;A-62;126,592;3;3;2;;;1;1;1;;;1;1
8;7;16;47;47231;;1;1;CV ARROYO;1;10;18;2;;;2;1;1;;;1;3
8;2;11;47;47231;;1;1;A-60;0,198;3;3;2;;;1;1;1;;;1;1
8;5;20;47;47231;;3;2;No inventariada;;9;10;1;4;;1;1;1;;;6;998
8;2;14;47;47231;;3;2;No inventariada;;9;14;1;1;;1;1;1;;;2;998
10;2;19;47;47231;;1;1;A-60;0,16;7;2;1;2;;3;1;3;;;14;1
11;1;13;47;47231;;3;2;No inventariada;;9;4;2;;;1;6;1;;;1;998
12;6;16;47;47231;;3;2;No inventariada;;9;2;1;4;;1;1;1;;;1;998
1;1;19;48;48020;;3;2;No inventariada;0;9;7;2;;;9;1;7;;;18;998
1;1;21;48;48020;;3;2;No inventariada;0;9;10;2;;;9;1;7;;;18;998
1;5;0;48;48078;;1;1;BI-728;13;5;12;2;;;3;4;3;;;1;3
1;6;5;48;48902;;1;1;BI-637;7;3;16;2;;;4;4;4;;;5;3
1;6;19;48;48020;;3;2;No inventariada;0;9;2;2;5;;9;1;7;;;18;998
1;6;15;48;48003;;1;1;N-634;87;14;6;1;4;N-634;3;1;4;;;5;1
1;3;18;48;48902;;1;1;BI-637;9;3;4;2;;;1;4;1;;;1;1
1;1;2;48;48096;;1;1;BI-3651;25;14;18;2;;;3;6;2;;;1;3
1;1;20;48;48044;;1;1;BI-637;17;14;4;1;999;;1;4;1;;;1;1
1;4;14;48;48902;;1;1;BI-738;10;5;12;2;;;1;1;1;;;1;1
1;2;17;48;48901;;1;1;No inventariada;19;14;2;1;4;;1;1;1;;;1;2
1;1;8;48;48902;;1;1;No inventariada;6;5;12;2;;;3;1;2;;;4;1
1;3;18;48;0;;1;1;BI-2120;22;14;15;2;;;3;6;2;;;1;1
1;5;8;48;48902;;1;1;N-637;11;3;5;2;;;3;1;1;;;1;1
1;1;4;48;48020;;3;2;No inventariada;0;9;2;1;1;;9;1;7;;;18;998
1;5;17;48;0;;1;1;AP-68;22;2;12;2;;;3;2;3;;;1;3
1;4;11;48;48020;;1;1;No inventariada;0;8;16;2;;;3;4;3;;;1;3
1;5;12;48;0;;3;2;No inventariada;0;14;19;2;;;1;1;1;;;1;998
1;3;14;48;0;;1;1;BI-4623;53;6;15;2;;;3;1;1;;;1;3
1;7;12;48;0;;1;1;BI-2120;19;12;10;2;;;8;1;1;;;1;3
1;4;20;48;48020;;3;2;No inventariada;0;9;10;2;4;;9;4;3;;;18;998
1;6;0;48;48036;;1;1;N-634;101;5;2;1;4;N-634;3;4;3;;;1;3
1;3;13;48;48020;;3;2;No inventariada;0;9;7;2;;;1;1;1;;;18;998
1;6;11;48;48069;;1;1;BI-2121;16;6;15;2;;;8;1;5;;;5;2
1;6;7;48;48902;;1;1;BI-2704;15;6;17;2;;;3;2;3;;;1;2
1;6;15;48;0;;1;1;AP-8;75;1;12;2;;;3;1;3;;;1;2
1;3;14;48;48013;;1;1;A-8;123;2;4;2;;;3;1;3;;;1;1
1;2;11;48;0;;1;1;BI-625;352;14;2;1;4;;3;1;2;;;1;1
1;3;7;48;48054;;1;1;BI-637;12;3;4;2;;;1;4;1;;;1;1
1;3;14;48;48020;;3;2;No inventariada;0;9;7;2;;;3;1;4;;;1;998
1;5;14;48;48020;;1;1;BI-636;5;14;16;2;;;1;1;1;;;1;1
1;2;7;48;48020;;1;1;No inventariada;0;8;12;2;;;3;4;1;;;1;3
1;3;6;48;0;;1;1;BI-636;8;3;15;2;;;1;4;1;;;1;2
1;4;8;48;48902;;1;1;N-637;12;3;4;2;;;1;1;1;;;1;1
1;4;12;48;48044;;3;2;No inventariada;0;9;7;2;;;9;1;7;;;18;998
1;3;15;48;48020;;3;2;No inventariada;0;14;6;2;2;;3;1;3;;;1;998
1;4;18;48;0;;3;2;No inventariada;0;14;2;2;;;3;4;3;;;1;998
1;6;7;48;48020;;3;2;No inventariada;0;9;2;2;1;;1;4;1;;;1;998
1;3;9;48;48020;;3;2;No inventariada;0;9;10;1;999;;7;1;7;;;18;998
1;1;19;48;48036;;1;1;N-634;104;5;20;2;;;3;4;2;;;1;1
1;7;11;48;0;;1;1;BI-2120;21;14;12;2;;;1;1;1;;;1;2
1;1;8;48;48020;;3;2;No inventariada;0;9;2;2;;;9;1;7;;;18;998
1;1;15;48;48083;;1;1;A-8;129;3;12;2;;;1;1;1;;;1;2
1;4;0;48;48020;;3;2;No inventariada;0;9;10;2;;;9;1;7;;;18;998
1;7;14;48;48020;;3;2;No inventariada;0;9;10;2;;;9;1;7;;;18;998
1;1;10;48;0;;2;2;BI-2121;22;14;10;2;;;3;1;1;;;1;1
1;1;18;48;48902;;1;1;BI-738;9;8;4;2;;;3;3;3;;;1;1
1;5;18;48;48020;;3;2;No inventariada;0;9;10;2;;;9;1;7;;;18;998
1;5;13;48;0;;1;1;BI-635;28;14;4;2;;;3;1;4;;;1;1
1;4;17;48;0;;1;1;BI-704;9;5;4;2;;;1;1;1;;;6;1
1;6;17;48;48020;;3;2;No inventariada;0;9;4;2;;;9;1;1;;;1;998
1;3;16;48;48020;;3;2;No inventariada;0;14;3;2;;;9;1;7;;;18;998
1;6;9;48;48020;;3;2;No inventariada;0;9;10;2;;;9;1;7;;;18;998
1;7;20;48;48046;;1;1;BI-3215;37;6;2;1;2;;3;4;1;;;2;1
1;1;8;48;48020;;3;2;No inventariada;0;9;4;2;;;9;1;7;;;18;998
1;1;18;48;48901;;3;2;No inventariada;0;9;2;1;2;;3;4;2;;;1;998
1;4;9;48;48069;;3;2;No inventariada;0;9;7;2;;;8;1;1;;;1;998
1;6;10;48;48003;;3;2;No inventariada;0;14;2;1;2;;1;1;1;;;1;998
1;7;6;48;48020;;3;2;No inventariada;0;9;6;2;;;9;1;7;;;18;998
1;3;19;48;48020;;3;2;No inventariada;0;9;4;2;;;9;1;7;;;18;998
1;5;16;48;48020;;3;2;No inventariada;0;9;10;2;;;9;1;7;;;18;998
1;2;17;48;48020;;3;2;No inventariada;0;9;9;2;;;9;1;7;;;18;998
1;3;13;48;48083;;3;2;No inventariada;0;12;2;2;;;1;1;1;;;3;998
1;5;14;48;48089;;1;1;BI-2704;16;6;2;2;;;3;1;1;;;1;2
1;7;17;48;0;;1;1;BI-3794;26;14;19;2;;;1;1;1;;;1;1
1;7;21;48;48029;;3;2;No inventariada;0;9;4;1;5;;1;4;1;;;1;998
1;4;9;48;48020;;3;2;No inventariada;0;9;5;2;1;;1;1;1;;;1;998
1;1;9;48;48902;;1;1;N-637;11;3;14;2;;;3;1;1;;;1;1
1;2;15;48;48078;;3;2;No inventariada;0;9;4;2;;;1;1;1;;;16;998
1;2;19;48;48020;;3;2;No inventariada;0;9;7;2;2;;9;1;7;;;18;998
1;5;6;48;48045;;1;1;BI-636;18;2;16;2;;;3;4;1;;;1;2
1;7;7;48;48016;;3;2;No inventariada;0;9;2;1;1;;3;4;1;;;1;998
1;3;16;48;48089;;1;1;BI-2704;20;6;17;2;;;1;1;1;;;1;1
1;5;14;48;48078;;1;1;BI-728;13;6;2;1;4;;1;1;1;;;1;2
1;2;20;48;48902;;3;2;No inventariada;0;9;7;2;;;1;4;1;;;1;998
1;3;10;48;0;;3;2;No inventariada;0;14;2;2;;;1;1;1;;;1;998
1;3;13;48;48011;;1;1;BI-625;382;8;10;1;4;;2;1;1;;;1;1
1;6;12;48;48020;;3;2;No inventariada;0;9;4;2;;;1;1;1;;;18;998
1;6;6;48;48020;;3;2;No inventariada;0;9;12;2;2;;1;4;1;;;1;998
1;2;14;48;48020;;3;2;No inventariada;0;9;7;2;;;1;1;1;;;1;998
1;2;16;48;48020;;1;1;A-8;116;2;12;2;;;1;1;1;;;1;1
1;2;11;48;48085;;3;2;No inventariada;0;9;20;2;;;1;1;1;;;17;998
1;3;7;48;48020;;1;1;A-8;119;3;12;2;;;1;2;1;;;1;1
1;3;7;48;0;;1;1;AP-8;78;2;16;2;;;2;4;2;;;4;3
2;4;13;48;48054;;1;1;BI-637;13;3;3;1;2;;1;1;1;;;1;1
2;4;16;48;0;;3;2;No inventariada;0;14;1;2;;;1;1;2;;;1;998
1;7;0;48;48078;;3;2;No inventariada;0;14;12;2;;;1;4;1;;;1;998
2;4;8;48;48046;;3;2;No inventariada;0;9;4;2;;;9;1;7;;;18;998
1;3;19;48;48020;;3;2;No inventariada;0;7;7;2;;;9;4;1;;;1;998
2;4;21;48;48054;;3;2;No inventariada;0;9;7;2;;;9;1;7;;;18;998
1;3;10;48;0;;1;1;BI-2522;21;14;19;1;2;;1;1;1;;;1;1
2;4;20;48;48085;;3;2;No inventariada;0;14;7;2;;;1;4;1;;;1;998
2;4;13;48;48044;;3;2;No inventariada;0;9;10;2;;;9;1;7;;;18;998
1;4;0;48;48020;;3;2;No inventariada;0;14;2;2;;;9;1;7;;;18;998
1;3;20;48;48020;;3;2;No inventariada;0;9;2;2;;;1;4;1;;;1;998
2;7;17;48;0;;3;2;No inventariada;0;14;19;2;;;1;1;1;;;1;998
1;3;14;48;48001;;1;1;N-634;78;14;3;1;4;;1;1;1;;;1;1
1;1;13;48;0;;1;1;BI-633;34;5;2;1;2;;3;1;3;;;1;3
1;6;16;48;48020;;3;2;No inventariada;0;9;3;1;2;;1;1;1;;;1;998
1;2;14;48;0;;1;1;BI-625;372;6;1;2;;;1;1;1;;;1;1
1;3;19;48;48090;;1;1;BI-636;33;6;1;2;;;1;6;1;;;1;2
1;4;12;48;48020;;3;2;No inventariada;0;9;2;2;;;9;1;7;;;18;998
2;5;8;48;48054;;3;2;No inventariada;0;9;7;2;;;9;1;7;;;18;998
1;1;20;48;48011;;3;2;No inventariada;0;14;7;2;;;3;4;2;;;9;998
2;4;18;48;0;;1;1;N-240;45;6;1;2;;;1;4;3;;;1;1
2;5;16;48;0;;1;1;BI-630;35;10;10;2;;;3;1;2;;;17;3
2;4;7;48;48046;;3;2;No inventariada;0;9;7;2;2;;9;1;7;;;18;998
1;7;12;48;48020;;3;2;No inventariada;0;9;10;2;;;9;1;7;;;18;998
1;6;15;48;48020;;3;2;No inventariada;0;14;10;2;;;9;1;7;;;18;998
1;2;22;48;48020;;3;2;No inventariada;0;9;4;2;;;9;1;7;;;18;998
1;3;18;48;48020;;3;2;No inventariada;0;9;10;2;;;9;1;7;;;18;998
1;2;17;48;48020;;3;2;No inventariada;0;9;7;2;9;;9;1;7;;;18;998
2;2;20;48;48083;;1;1;A-8;128;14;4;2;;;1;4;1;;;1;2
2;5;7;48;0;;1;1;BI-2121;20;6;10;1;1;;1;1;1;;;1;1
2;5;22;48;0;;1;1;BI-625;385;6;4;2;;;3;4;4;;;5;3
2;3;7;48;48044;;3;2;No inventariada;0;9;7;2;;;1;4;2;;;16;998
1;2;0;48;48020;;3;2;No inventariada;0;9;7;2;;;9;1;7;;;18;998
2;6;9;48;0;;1;1;N-637;20;3;16;2;;;3;1;1;;;1;1
2;7;10;48;0;;1;1;BI-2524;22;6;10;2;;;3;1;2;;;4;2
2;7;13;48;48080;;1;1;A-8;126;8;16;2;;;1;1;1;;;1;2
2;7;15;48;48017;;1;1;BI-631;32;14;15;2;;;1;1;2;;;1;2
2;4;18;48;48078;;3;2;No inventariada;0;9;2;2;;;1;4;1;;;1;998
2;6;17;48;48020;;3;2;No inventariada;;9;10;2;;;9;1;7;;;18;998
1;7;1;48;48020;;3;2;No inventariada;0;9;7;2;;;9;1;7;;;18;998
1;2;9;48;48002;;1;1;A-8;133;2;4;2;;;8;1;1;;;6;1
2;2;14;48;48902;;1;1;N-637;11;3;4;2;;;1;1;1;;;1;1
2;2;18;48;48071;;2;2;No inventariada;131;6;2;1;2;;1;4;1;;;1;1