MES;DIA_SEMANA;HORA;COD_PROVINCIA;COD_MUNICIPIO;ISLA;ZONA;ZONA_AGRUPADA;CARRETERA;KM;TIPO_VIA;TIPO_ACCIDENTE;NUDO;NUDO_INFO;CARRETERA_CRUCE;CONDICION_FIRME;CONDICION_ILUMINACION;CONDICION_METEO;CONDICION_NIEBLA;CONDICION_VIENTO;VISIB_RESTRINGIDA_POR;TRAZADO_PLANTA
1;3;18;48;48020;;3;2;No inventariada;0;9;7;2;;;1;4;1;;;18;998
2;3;15;48;48020;;3;2;No inventariada;0;9;7;2;;;1;1;1;;;1;998
2;3;11;48;48020;;3;2;No inventariada;0;9;7;2;;;1;1;1;;;1;998
1;1;11;48;48044;;3;2;No inventariada;0;9;7;2;;;9;1;7;;;18;998
1;7;10;48;0;;3;2;No inventariada;0;14;2;1;4;;1;1;1;;;1;998
2;7;13;48;0;;1;1;BI-625;353;14;4;2;;;1;1;1;;;1;1
2;5;19;48;48902;;3;2;No inventariada;0;9;20;2;;;3;4;3;;;1;998
2;3;16;48;48096;;3;2;No inventariada;0;9;18;2;;;1;1;1;;;1;998
2;5;16;48;48017;;1;1;BI-631;31;14;2;1;2;;1;1;1;;;1;1
2;1;11;48;48020;;3;2;No inventariada;0;9;10;2;;;3;1;2;;;18;998
2;6;19;48;48020;;3;2;No inventariada;0;9;16;2;;;1;4;1;;;1;998
2;2;11;48;0;;1;1;BI-3713;11;6;10;1;2;;2;1;1;;;1;1
2;3;13;48;48078;;1;1;BI-728;13;5;10;2;;;1;1;1;;;1;3
2;6;19;48;0;;1;1;BI-2121;28;14;10;1;1;;1;4;1;;;1;1
2;6;0;48;48044;;3;2;No inventariada;0;9;2;2;;;9;1;7;;;18;998
2;5;23;48;48069;;1;1;BI-3144;33;5;2;1;2;;1;4;1;;;1;1
1;2;13;48;48020;;3;2;No inventariada;0;9;4;2;;;3;1;3;;;16;998
2;2;8;48;48020;;3;2;No inventariada;0;9;10;2;;;9;1;1;;;18;998
2;5;5;48;0;;1;1;BI-625;374;6;2;1;2;;3;4;3;;;1;1
2;7;14;48;48015;;1;1;A-8;109;8;4;1;999;;1;1;1;;;1;4
2;2;13;48;0;;3;2;No inventariada;0;9;6;2;;;1;1;1;;;1;998
2;5;15;48;0;;1;1;N-637;16;3;16;2;;;3;1;2;;;1;3
2;6;9;48;48902;;1;1;No inventariada;6;5;4;2;;;3;1;3;;;1;2
2;2;12;48;48020;;3;2;No inventariada;0;14;10;2;;;2;1;1;;;18;998
1;5;21;48;48020;;3;2;No inventariada;0;9;10;2;;;1;1;1;;;18;998
2;1;1;48;0;;1;1;No inventariada;21;14;16;1;4;;1;4;1;;;1;2
2;5;0;48;48044;;3;2;No inventariada;0;9;7;2;;;9;3;4;;;5;998
2;6;0;48;48044;;3;2;No inventariada;0;14;7;2;;;1;1;1;;;18;998
2;4;9;48;48020;;3;2;No inventariada;0;9;2;2;1;;1;1;1;;;1;998
2;7;12;48;0;;3;2;No inventariada;0;9;7;2;;;1;1;1;;;4;998
2;3;7;48;48020;;1;1;A-8;114;2;4;2;;;1;1;1;;;1;3
2;3;11;48;0;;1;1;BI-2604;25;14;3;2;;;1;1;1;;;1;1
1;3;10;48;48020;;3;2;No inventariada;0;9;10;2;;;9;1;7;;;18;998
1;1;6;48;0;;1;1;BI-3527;21;6;1;2;;;1;6;1;;;1;1
2;1;19;48;48085;;1;1;BI-3114;20;12;10;2;;;1;3;1;;;1;1
2;3;11;48;0;;1;1;BI-630;48;6;2;1;2;;1;1;1;;;1;1
2;4;2;48;48020;;1;1;BI-631;0;8;3;2;;;1;4;1;;;1;1
2;4;7;48;48902;;1;1;N-637;11;3;4;2;;;1;1;1;;;1;1
2;4;8;48;48902;;1;1;N-637;12;3;4;1;2;;1;1;2;;;1;1
2;3;17;48;48090;;3;2;No inventariada;0;14;13;2;;;8;1;1;;;12;998
2;4;12;48;0;;1;1;BI-3218;50;6;12;2;;;1;1;1;;;1;3
2;7;10;48;48020;;3;2;No inventariada;0;14;2;2;;;3;1;1;;;1;998
2;2;13;48;48020;;3;2;No inventariada;0;9;4;2;;;1;1;1;;;18;998
1;7;19;48;0;;1;1;A-8;132;2;16;2;;;5;4;5;;;5;3
2;6;8;48;48011;;1;1;BI-625;380;6;16;2;;;3;1;3;;;1;3
2;6;19;48;0;;1;1;BI-2121;23;14;19;2;;;3;6;3;;;1;1
2;6;15;48;48036;;1;1;N-240;55;1;16;2;;;3;1;3;;;1;2
2;7;11;48;48017;;1;1;BI-631;30;14;10;2;;;3;1;2;;;1;3
2;1;18;48;48054;;3;2;No inventariada;0;9;4;2;;;9;1;7;;;18;998
2;7;21;48;48069;;1;1;BI-631;18;14;4;1;999;;3;4;3;;;1;2
2;5;12;48;48020;;3;2;No inventariada;0;9;10;2;;;9;1;7;;;18;998
2;2;0;48;48020;;3;2;No inventariada;0;11;7;2;;;9;1;7;;;18;998
2;4;20;48;48020;;3;2;No inventariada;0;9;7;2;;;9;1;7;;;18;998
2;4;16;48;48020;;3;2;No inventariada;0;9;4;2;;;9;1;7;;;18;998
2;1;14;48;48020;;3;2;No inventariada;0;9;3;2;;;3;1;3;;;1;998
2;6;10;48;48020;;3;2;No inventariada;0;9;10;2;;;1;1;1;;;1;998
2;4;19;48;48054;;3;2;No inventariada;0;9;7;2;;;9;1;7;;;18;998
2;4;11;48;48054;;3;2;No inventariada;0;9;2;2;;;9;1;7;;;18;998
2;5;11;48;48020;;3;2;No inventariada;0;9;7;1;1;;9;1;7;;;18;998
1;4;19;48;48071;;1;1;A-8;136;2;5;2;;;1;6;2;;;1;2
2;1;14;48;48015;;1;1;A-8;111;2;4;2;;;3;1;3;;;1;1
2;6;0;48;48020;;3;2;No inventariada;0;9;6;2;;;9;1;7;;;18;998
1;6;11;48;48096;;1;1;BI-3602;26;14;20;2;;;1;1;1;;;1;2
1;5;18;48;0;;3;2;No inventariada;0;9;7;1;2;;1;3;1;;;1;998
2;6;12;48;48078;;1;1;BI-728;13;5;4;1;4;BI-728;1;1;1;;;1;2
2;2;8;48;48044;;3;2;No inventariada;0;9;7;2;;;3;1;3;;;1;998
1;4;0;48;48020;;3;2;No inventariada;0;9;7;2;;;9;1;7;;;18;998
2;7;13;48;48036;;3;2;No inventariada;0;9;16;2;2;;1;1;1;;;9;998
1;5;0;48;48020;;3;2;No inventariada;0;9;20;2;;;9;1;7;;;18;998
1;2;22;48;48003;;1;1;N-634;87;14;4;2;;;1;4;1;;;1;1
2;7;8;48;48036;;1;1;A-8;108;3;15;2;;;1;1;1;;;1;3
2;1;10;48;0;;3;2;No inventariada;0;9;7;2;;;3;1;2;;;1;998
2;3;8;48;48902;;1;1;No inventariada;4;14;14;2;;;3;1;2;;;1;2
1;4;9;48;48020;;1;1;A-8;115;8;3;2;;;1;1;1;;;1;1
2;4;22;48;48078;;1;1;BI-728;12;14;2;1;4;BI-728;3;4;1;;;1;1
2;2;16;48;48015;;1;1;BI-625;386;14;3;2;;;1;1;1;;;1;1
2;4;10;48;0;;1;1;BI-2121;30;14;20;2;;;3;1;1;;;1;2
1;6;18;48;48096;;1;1;BI-3602;25;6;3;1;2;;1;1;1;;;1;1
2;2;5;48;48069;;1;1;BI-631;18;14;4;2;;;1;6;1;;;1;1
3;6;15;48;0;;1;1;N-637;17;3;18;2;;;3;1;2;;;1;3
1;5;20;48;48020;;3;2;No inventariada;0;9;7;2;;;1;4;1;;;18;998
2;1;19;48;0;;1;1;BI-3224;37;5;12;2;;;3;6;4;;;5;3
2;2;18;48;48020;;1;1;A-8;113;2;5;2;;;3;1;1;;;1;1
2;5;20;48;48078;;3;2;No inventariada;0;9;7;1;1;;1;4;1;;;8;998
2;4;21;48;48020;;3;2;No inventariada;0;9;2;2;;;4;4;4;;;5;998
2;7;18;48;48020;;3;2;No inventariada;0;9;10;2;;;3;1;4;;;1;998
2;7;9;48;48020;;3;2;No inventariada;0;9;4;2;2;;9;1;7;;;18;998
3;5;16;48;48020;;3;2;No inventariada;0;9;10;2;;;9;1;7;;;18;998
2;7;19;48;48071;;1;1;A-8;135;2;4;2;;;3;4;1;;;1;1
2;3;18;48;48902;;1;1;BI-637;9;8;4;2;;;3;1;3;;;1;1
2;3;20;48;48029;;2;2;N-634;105;6;2;1;5;;1;4;3;;;1;2
3;2;9;48;48020;;3;2;No inventariada;0;9;4;2;;;3;1;1;;;1;998
3;2;16;48;48044;;3;2;No inventariada;0;9;10;2;;;9;1;7;;;18;998
2;1;12;48;48020;;3;2;No inventariada;0;9;7;2;;;3;1;3;;;11;998
2;1;9;48;48020;;3;2;No inventariada;0;9;6;2;1;;3;1;3;;;18;998
3;2;16;48;48071;;2;2;No inventariada;132;6;3;1;1;;1;1;1;;;1;1
3;1;17;48;48020;;3;2;No inventariada;0;9;7;2;;;1;1;1;;;1;998
1;7;13;48;48044;;3;2;No inventariada;0;14;10;2;;;9;1;7;;;18;998
2;4;20;48;48020;;3;2;No inventariada;0;9;10;2;;;3;4;3;;;1;998
3;4;16;48;48085;;3;2;No inventariada;0;9;20;2;;;1;1;1;;;1;998
3;4;16;48;48011;;1;1;BI-712;382;6;4;1;4;;1;1;1;;;1;3
2;2;11;48;0;;1;1;BI-631;24;6;19;2;;;3;1;1;;;1;2
2;3;16;48;48013;;1;1;A-8;122;2;12;2;;;3;1;2;;;1;3
3;1;9;48;0;;1;1;BI-2405;64;6;2;1;2;;1;1;1;;;1;1
3;1;14;48;48013;;2;2;N-634;119;14;4;1;2;;3;1;2;;;1;1
3;2;17;48;0;;1;1;N-633;14;5;3;1;4;;1;1;1;;;1;2
3;4;16;48;48036;;1;1;N-634;97;6;3;1;4;;1;1;1;;;1;1
3;5;17;48;48032;;3;2;No inventariada;0;9;10;2;;;1;1;1;;;1;998
2;2;16;48;48902;;1;1;No inventariada;5;5;3;2;;;1;1;1;;;1;3
2;5;12;48;48071;;1;1;A-8;135;2;12;2;;;1;1;1;;;1;2
2;2;13;48;48902;;1;1;N-637;11;3;12;2;;;3;1;4;;;1;1
3;1;22;48;48020;;1;1;A-8;119;3;4;2;;;3;4;3;;;1;1
3;5;21;48;48011;;3;2;No inventariada;0;14;7;1;1;;3;4;3;;;1;998
3;5;8;48;48054;;1;1;BI-637;12;5;20;2;;;1;1;1;;;1;1
2;4;16;48;48020;;3;2;No inventariada;0;9;7;2;;;9;1;2;;;18;998
1;1;1;48;48044;;3;2;No inventariada;0;14;10;2;;;9;1;7;;;18;998
3;5;19;48;48044;;3;2;No inventariada;0;9;6;2;;;9;1;7;;;18;998
1;2;2;48;48083;;1;1;BI-3749;14;8;12;1;999;;1;4;1;;;1;2
3;1;13;48;0;;1;1;N-637;13;3;4;2;;;3;1;3;;;1;1
2;2;12;48;48044;;3;2;No inventariada;0;9;2;2;;;9;1;7;;;18;998
2;6;14;48;48020;;3;2;No inventariada;0;9;2;2;;;9;1;7;;;18;998
3;4;18;48;48054;;3;2;No inventariada;0;9;2;2;;;9;1;7;;;18;998
2;3;0;48;48020;;3;2;No inventariada;0;9;7;2;;;9;1;7;;;18;998
2;5;16;48;48020;;3;2;No inventariada;0;9;2;2;;;9;1;7;;;18;998
2;3;22;48;0;;1;1;BI-2124;30;6;2;1;2;;1;5;1;;;1;2
3;1;0;48;48020;;1;1;BI-631;1;5;12;2;;;3;4;3;;;1;1
3;1;14;48;48020;;1;1;A-8;115;3;18;2;;;1;1;1;;;1;1
1;7;21;48;48020;;3;2;No inventariada;0;9;10;2;;;7;4;7;;;18;998
3;4;11;48;48020;;3;2;No inventariada;0;9;7;2;1;;9;1;7;;;18;998
3;2;6;48;48080;;1;1;No inventariada;10;14;7;2;;;3;6;2;;;1;1
3;2;16;48;48902;;1;1;BI-735;8;6;4;1;2;;1;1;1;;;1;1
3;2;22;48;48054;;3;2;No inventariada;0;9;4;2;;;1;4;1;;;1;998
3;7;2;48;48020;;3;2;No inventariada;0;9;7;2;;;9;1;7;;;18;998
3;3;12;48;48036;;3;2;No inventariada;0;9;3;2;1;;1;1;1;;;9;998
3;6;22;48;48020;;3;2;No inventariada;0;9;2;2;5;;9;1;7;;;18;998
1;2;17;48;48011;;1;1;BI-625;381;14;2;1;4;;1;1;1;;;1;1
2;5;5;48;48036;;1;1;A-8;109;2;16;2;;;3;4;2;;;1;3
2;2;20;48;48020;;3;2;No inventariada;0;9;7;2;;;9;1;7;;;18;998
1;2;8;48;48002;;1;1;A-8;131;3;4;2;;;1;1;1;;;6;1
3;2;11;48;0;;1;1;BI-2713;12;6;4;1;4;;1;1;1;;;1;2
3;4;14;48;48096;;1;1;BI-636;26;6;4;2;;;1;1;1;;;1;1
3;3;8;48;48020;;3;2;No inventariada;0;9;10;2;;;9;1;7;;;18;998
2;5;23;48;48083;;2;2;BI-3755;20;14;2;2;;;1;6;1;;;1;1
2;2;13;48;0;;1;1;N-637;14;3;16;2;;;3;1;3;;;1;3
3;2;7;48;48013;;1;1;N-637;9;3;4;2;;;3;1;1;;;1;2
3;4;6;48;0;;1;1;BI-725;18;6;16;2;;;1;3;1;;;1;3
3;3;11;48;48020;;3;2;No inventariada;0;9;2;2;;;9;1;7;;;18;998
2;3;12;48;48032;;3;2;No inventariada;0;14;7;2;;;1;1;2;;;16;998
2;4;17;48;48032;;3;2;No inventariada;0;9;2;2;;;3;2;4;;;1;998
2;4;20;48;0;;1;1;BI-625;377;6;18;2;;;3;4;1;;;1;2
2;3;9;48;48044;;1;1;BI-637;17;5;4;1;999;;3;1;2;;;1;1
3;3;10;48;48013;;1;1;N-637;9;3;2;1;2;;1;1;1;;;1;1
3;5;10;48;48045;;1;1;BI-3631;20;6;10;2;;;3;1;1;;;1;2
3;6;17;48;48036;;1;1;N-634;104;5;4;2;;;1;1;1;;;1;1
3;6;18;48;48002;;1;1;No inventariada;130;6;15;1;2;;1;1;1;;;1;1
3;5;15;48;48020;;3;2;No inventariada;0;9;5;2;;;3;1;3;;;1;998
3;6;19;48;48044;;3;2;No inventariada;0;9;6;2;;;9;1;1;;;18;998
3;1;9;48;0;;1;1;BI-2224;46;6;2;2;;;3;1;2;;;1;3
3;5;9;48;48020;;1;1;A-8;116;2;4;1;2;;1;1;1;;;1;2
3;6;10;48;48044;;1;1;BI-637;17;5;5;1;999;;1;1;1;;;1;1
3;6;11;48;48045;;3;2;No inventariada;0;14;8;2;;;1;1;1;;;1;998
3;7;10;48;48085;;1;1;No inventariada;0;6;16;2;;;1;1;1;;;1;2
2;6;18;48;48003;;3;2;No inventariada;0;9;19;2;;;3;1;2;;;1;998
3;7;15;48;48054;;3;2;No inventariada;0;9;3;2;;;9;1;7;;;18;998
2;5;21;48;48020;;3;2;No inventariada;0;14;2;2;;;9;1;7;;;18;998
3;2;22;48;48020;;3;2;No inventariada;0;9;4;2;;;9;1;7;;;18;998
2;4;21;48;48020;;3;2;No inventariada;0;9;10;2;;;9;1;7;;;18;998
1;4;13;48;48020;;3;2;No inventariada;0;14;2;2;1;;9;1;7;;;18;998
3;2;21;48;48020;;3;2;No inventariada;0;14;10;2;;;9;1;7;;;18;998
3;1;20;48;48902;;1;1;BI-631;11;3;12;1;999;;3;4;2;;;1;1
3;2;17;48;48043;;3;2;No inventariada;0;9;10;2;;;1;1;1;;;1;998
3;4;16;48;48085;;2;2;BI-3114;21;9;7;2;;;1;1;1;;;1;1
3;5;15;48;0;;3;2;No inventariada;0;9;2;1;1;;1;1;1;;;1;998
3;7;19;48;48071;;2;2;BI-2701;;6;7;2;;;9;3;1;;;1;4
2;1;16;48;48034;;1;1;BI-3344;68;6;16;1;4;;1;1;1;;;1;2
3;7;19;48;48085;;1;1;No inventariada;0;6;10;1;4;;3;4;2;;;1;1
3;2;17;48;0;;3;2;No inventariada;0;9;10;2;;;3;1;2;;;1;998
3;2;8;48;48020;;3;2;No inventariada;0;9;10;2;;;7;1;7;;;18;998
1;4;15;48;48020;;3;2;No inventariada;0;13;10;2;;;3;1;3;;;1;998
2;1;18;48;48020;;3;2;No inventariada;0;9;10;2;;;9;1;7;;;18;998
3;4;7;48;0;;1;1;N-637;25;3;4;2;;;1;1;1;;;1;1
3;4;9;48;0;;2;2;BI-633;55;6;10;2;;;2;1;1;;;1;2
3;5;8;48;48902;;1;1;BI-738;9;5;5;2;;;1;1;1;;;1;1
3;1;18;48;48015;;1;1;BI-625;387;5;4;2;;;1;1;1;;;1;1
2;6;15;48;48071;;1;1;A-8;137;2;15;2;;;1;1;1;;;1;3
3;2;15;48;0;;1;1;AP-8;88;1;20;2;;;1;1;1;;;1;1
3;4;7;48;48902;;1;1;N-637;12;3;4;2;;;3;1;2;;;1;1
3;4;21;48;48083;;1;1;A-8;128;8;16;2;;;1;4;1;;;1;1
3;7;15;48;48083;;1;1;A-8;127;8;12;2;;;3;1;1;;;1;2
3;2;8;48;0;;1;1;BI-2301;43;6;5;2;;;1;1;2;;;1;1
3;7;10;48;48044;;3;2;No inventariada;0;9;10;2;;;1;1;1;;;1;998
2;7;19;48;48011;;1;1;BI-625;380;14;12;2;;;1;5;2;;;1;1
3;5;15;48;48080;;1;1;AP-8;125;14;4;2;;;1;1;2;;;1;1
3;6;18;48;0;;3;2;No inventariada;0;14;20;1;2;;1;1;1;;;1;998
3;7;20;48;0;;1;1;BI-3709;16;14;10;2;;;1;6;1;;;1;1
1;3;8;48;48020;;3;2;No inventariada;0;9;7;2;;;1;2;1;;;17;998
2;2;6;48;48089;;3;2;No inventariada;0;9;1;1;2;;1;4;1;;;1;998
3;3;23;48;0;;1;1;BI-725;19;6;12;2;;;1;6;1;;;1;2
3;7;18;48;48089;;1;1;BI-2124;26;6;2;2;;;1;1;1;;;6;1
3;6;21;48;48020;;3;2;No inventariada;0;9;10;2;;;1;4;1;;;1;998
3;4;9;48;48020;;3;2;No inventariada;0;9;5;2;;;1;1;7;;;1;998
2;1;12;48;48020;;3;2;No inventariada;0;9;7;2;;;9;1;7;;;18;998
2;7;15;48;48020;;3;2;No inventariada;0;9;10;2;;;9;1;7;;;18;998
3;1;21;48;48020;;3;2;No inventariada;0;9;6;2;;;3;4;4;;;18;998
3;6;12;48;0;;1;1;N-637;24;3;16;2;;;8;1;4;;;5;1
3;7;12;48;0;;1;1;N-637;14;3;12;2;;;3;1;2;;;1;3
3;3;10;48;0;;3;2;No inventariada;0;14;19;2;;;1;1;1;;;1;998
3;5;12;48;48013;;1;1;N-637;8;3;3;2;;;1;1;1;;;1;2
3;6;20;48;48020;;3;2;No inventariada;0;9;19;2;4;;1;4;1;;;1;998
3;7;17;48;48020;;3;2;No inventariada;0;9;3;2;;;3;1;2;;;18;998
3;4;9;48;48046;;3;2;No inventariada;0;14;4;2;;;1;1;1;;;1;998
3;6;11;48;48036;;1;1;N-634;99;6;10;2;;;1;1;1;;;1;1
3;2;10;48;48054;;1;1;BI-637;13;5;16;2;;;3;1;1;;;1;2
2;3;11;48;48020;;3;2;No inventariada;0;9;7;2;;;9;1;7;;;18;998
2;3;14;48;48020;;3;2;No inventariada;0;9;10;2;;;9;1;7;;;18;998
3;6;9;48;48020;;3;2;No inventariada;0;9;10;2;;;9;1;1;;;18;998
3;4;23;48;48901;;1;1;BI-631;9;8;16;2;;;3;4;3;;;1;2
3;2;12;48;48020;;3;2;No inventariada;0;9;4;1;999;;9;1;1;;;18;998
3;4;11;48;48020;;3;2;No inventariada;0;9;1;2;;;1;1;1;;;18;998
1;7;21;48;48020;;3;2;No inventariada;0;9;3;2;;;9;1;7;;;18;998
3;3;17;48;48036;;1;1;AP-8;104;2;18;2;;;1;1;1;;;1;1
3;4;12;48;48069;;1;1;BI-2120;15;6;20;1;999;;1;1;1;;;1;1
3;4;13;48;0;;1;1;BI-3152;32;5;19;2;;;1;1;1;;;1;2
3;2;10;48;48003;;3;2;No inventariada;0;12;19;2;;;3;1;1;;;1;998
3;5;11;48;0;;1;1;BI-635;28;5;4;2;;;1;1;2;;;1;1
3;1;20;48;48096;;3;2;No inventariada;0;9;7;2;;;1;4;1;;;1;998
3;4;15;48;0;;3;2;No inventariada;0;14;10;2;;;1;1;1;;;1;998
3;4;14;48;48089;;2;2;BI-2124;25;6;4;1;2;;1;1;1;;;1;1
3;4;21;48;0;;1;1;AP-8;87;1;4;2;;;1;6;2;;;1;1
3;6;13;48;48020;;3;2;No inventariada;0;9;7;2;;;1;1;1;;;1;998
3;7;0;48;48020;;3;2;No inventariada;0;9;19;2;1;;3;1;3;;;1;998
3;2;21;48;0;;1;1;BI-2239;42;6;18;1;2;;1;6;2;;;1;1
3;3;22;48;0;;1;1;BI-3224;36;6;18;2;;;1;6;2;;;1;2
3;6;13;48;0;;3;2;No inventariada;0;9;7;2;;;1;1;1;;;1;998
2;4;17;48;48020;;3;2;No inventariada;0;9;7;2;;;9;1;7;;;18;998
3;5;18;48;48020;;3;2;No inventariada;0;9;7;2;;;9;1;7;;;18;998
3;7;0;48;48020;;3;2;No inventariada;0;9;4;2;;;9;1;7;;;18;998
3;7;20;48;48036;;1;1;AP-8;104;1;12;1;999;;3;4;4;;;1;3
2;3;19;48;48020;;3;2;No inventariada;0;9;10;2;;;9;4;3;;;18;998
3;5;10;48;0;;1;1;N-634;81;6;2;1;7;;1;1;1;;;1;2
3;5;11;48;48089;;2;2;BI-2704;20;6;2;1;4;;1;1;1;;;1;1
3;6;10;48;0;;3;2;No inventariada;0;14;19;2;;;1;1;1;;;1;998
3;6;17;48;0;;1;1;BI-3950;54;6;15;2;;;1;1;1;;;1;1
4;1;12;48;0;;2;2;BI-623;39;5;10;1;2;BI-623;1;1;1;;;1;1
4;2;12;48;48082;;3;2;No inventariada;0;11;10;2;;;3;1;1;;;1;998
2;4;16;48;48020;;3;2;No inventariada;0;9;7;2;;;9;1;7;;;18;998
3;5;21;48;48020;;3;2;No inventariada;0;9;4;2;;;9;4;7;;;18;998
4;2;15;48;48020;;3;2;No inventariada;0;9;10;2;;;9;1;7;;;18;998
3;4;22;48;48046;;1;1;BI-3215;37;6;4;1;4;BI-3215;1;4;1;;;1;2
3;4;15;48;48071;;3;2;No inventariada;0;14;12;2;;;1;1;1;;;1;998
4;3;14;48;0;;1;1;BI-2101;24;14;15;2;;;1;1;1;;;1;4
4;4;2;48;0;;3;2;No inventariada;0;14;6;2;;;1;6;1;;;1;998
3;6;8;48;48902;;1;1;BI-738;10;7;12;2;;;3;1;2;;;1;1
4;4;6;48;0;;1;1;N-637;22;14;15;2;;;1;4;1;;;1;4
4;4;20;48;48069;;1;1;BI-3108;21;14;16;2;;;1;4;1;;;1;1
4;3;17;48;48044;;3;2;No inventariada;0;9;3;2;;;9;1;7;;;18;998
3;7;13;48;48044;;3;2;No inventariada;0;9;2;2;;;9;1;7;;;18;998
3;6;13;48;48902;;3;2;No inventariada;0;14;10;1;1;;1;1;1;;;2;998
3;1;13;48;48083;;1;1;No inventariada;126;6;4;1;2;;1;1;1;;;1;1
3;5;14;48;48013;;1;1;N-637;8;8;4;2;;;1;1;1;;;1;2
3;2;12;48;0;;1;1;BI-3123;24;6;19;2;;;8;1;1;;;1;2
4;2;10;48;48016;;3;2;No inventariada;0;9;2;1;4;;1;1;1;;;1;998
4;1;17;48;0;;1;1;AP-68;18;2;12;2;;;3;1;4;;;5;3
3;5;16;48;48017;;1;1;BI-631;35;6;14;1;4;BI-631;1;1;1;;;1;2
3;5;17;48;48017;;1;1;BI-631;35;6;10;1;4;BI-631;1;1;1;;;1;2
3;2;22;48;48902;;1;1;BI-707;17;6;16;2;;;1;5;2;;;1;3
4;1;18;48;48036;;1;1;N-634;98;5;2;1;4;;3;1;3;;;1;2
4;2;6;48;0;;1;1;BI-3447;49;14;16;2;;;3;2;3;;;1;2
2;7;12;48;0;;1;1;N-240;39;6;4;1;2;;1;1;1;;;1;1
3;5;19;48;48011;;1;1;BI-625;383;14;18;2;;;3;6;2;;;1;3
3;2;19;48;48054;;3;2;No inventariada;0;14;4;2;;;9;1;7;;;18;998
4;3;18;48;48044;;3;2;No inventariada;0;9;3;2;;;9;1;7;;;18;998
4;1;16;48;48020;;3;2;No inventariada;0;9;7;2;;;1;1;1;;;1;998
3;2;17;48;0;;3;2;No inventariada;0;14;10;2;;;1;1;1;;;1;998
4;1;17;48;48002;;3;2;No inventariada;0;14;19;2;;;3;1;2;;;1;998
4;3;19;48;48003;;3;2;No inventariada;0;9;4;1;4;;1;1;1;;;1;998
2;3;18;48;48078;;3;2;No inventariada;0;9;7;2;1;;3;1;3;;;12;998
4;2;6;48;48036;;1;1;N-634;104;14;4;2;;;3;2;1;;;1;1
4;3;11;48;48902;;1;1;N-637;10;3;4;2;;;1;1;1;;;1;2
4;5;17;48;0;;1;1;BI-3114;26;6;4;1;2;;1;1;1;;;1;1
3;7;14;48;48020;;3;2;No inventariada;0;9;4;2;;;9;1;1;;;18;998
3;5;9;48;48020;;3;2;No inventariada;0;9;2;2;4;;9;1;1;;;18;998
4;2;8;48;48020;;3;2;No inventariada;0;14;6;2;;;9;1;7;;;18;998
4;3;12;48;0;;1;1;BI-2224;42;5;10;2;;;1;1;1;;;1;1
4;5;7;48;48069;;2;2;BI-631;22;6;4;2;;;1;1;1;;;1;1
4;5;12;48;0;;1;1;N-639;23;6;4;1;4;;1;1;1;;;1;3
4;5;12;48;48001;;1;1;BI-3336;48;5;4;2;;;1;1;1;;;1;1
4;5;12;48;48073;;1;1;BI-633;58;14;4;2;;;1;1;1;;;1;3
4;6;9;48;48020;;1;1;BI-636;4;14;16;2;;;1;1;1;;;1;3
4;6;10;48;48085;;3;2;No inventariada;0;14;3;1;2;;8;1;1;;;1;998
4;6;11;48;0;;1;1;BI-3651;10;6;16;2;;;1;1;1;;;1;1
4;1;22;48;48020;;3;2;No inventariada;0;9;10;2;;;3;4;3;;;1;998
2;5;11;48;48020;;3;2;No inventariada;0;9;7;2;;;9;1;7;;;18;998
3;5;14;48;48020;;3;2;No inventariada;0;9;10;2;;;9;1;7;;;18;998
3;4;19;48;48020;;1;1;A-8;117;3;12;2;;;3;4;2;;;1;3
3;5;11;48;48054;;1;1;BI-711;12;12;3;2;;;1;1;2;;;1;1
4;2;13;48;0;;1;1;BI-3215;46;5;11;2;;;1;1;1;;;1;1
4;6;16;48;48011;;3;2;No inventariada;0;9;16;2;;;1;1;1;;;1;998
4;3;13;48;0;;3;2;No inventariada;0;9;2;1;2;;1;1;1;;;9;998
4;4;14;48;48902;;1;1;BI-704;8;6;3;1;1;;1;1;1;;;1;1
4;5;19;48;0;;1;1;BI-3152;36;5;12;2;;;1;1;1;;;1;2
4;1;5;48;48020;;3;2;No inventariada;0;9;7;2;;;9;4;1;;;18;998
4;4;11;48;0;;1;1;BI-623;43;6;2;1;4;BI-623;1;1;1;;;1;2
4;1;19;48;48044;;1;1;BI-637;17;3;4;2;;;3;1;2;;;1;1
4;1;20;48;0;;1;1;BI-633;44;14;4;2;;;1;1;1;;;1;1
4;2;18;48;0;;1;1;BI-635;31;14;5;2;;;8;1;2;;;1;1
3;5;13;48;48078;;3;2;No inventariada;0;9;5;2;;;1;1;1;;;1;998
3;7;12;48;48089;;1;1;BI-2704;17;14;19;2;;;1;1;1;;;1;2
4;1;13;48;48084;;3;2;No inventariada;0;14;3;2;;;3;1;2;;;1;998
2;5;12;48;48078;;3;2;No inventariada;0;9;7;1;1;;1;1;2;;;1;998
4;1;12;48;48020;;3;2;No inventariada;0;9;10;2;;;9;1;7;;;18;998
3;5;13;48;48078;;3;2;No inventariada;0;9;3;1;1;;1;1;1;;;17;998
4;4;8;48;48020;;3;2;No inventariada;0;9;10;2;;;9;1;7;;;18;998
4;4;11;48;0;;1;1;BI-625;352;6;2;1;2;;1;1;1;;;1;1
4;6;17;48;48071;;1;1;No inventariada;0;13;10;2;;;1;1;1;;;1;1
4;3;20;48;0;;1;1;BI-636;10;14;16;1;2;BI-636;1;4;2;;;1;1
4;7;12;48;48020;;3;2;No inventariada;0;9;10;2;;;9;1;7;;;18;998
4;4;22;48;48020;;3;2;No inventariada;0;9;6;2;;;1;4;1;;;1;998
4;2;22;48;48020;;3;2;No inventariada;0;9;16;2;;;1;4;1;;;1;998
4;3;7;48;48902;;1;1;No inventariada;6;14;10;2;;;3;1;3;;;1;2