MES;DIA_SEMANA;HORA;COD_PROVINCIA;COD_MUNICIPIO;ISLA;ZONA;ZONA_AGRUPADA;CARRETERA;KM;TIPO_VIA;TIPO_ACCIDENTE;NUDO;NUDO_INFO;CARRETERA_CRUCE;CONDICION_FIRME;CONDICION_ILUMINACION;CONDICION_METEO;CONDICION_NIEBLA;CONDICION_VIENTO;VISIB_RESTRINGIDA_POR;TRAZADO_PLANTA
4;2;9;48;48020;;3;2;No inventariada;0;9;2;2;;;9;1;7;;;18;998
4;5;0;48;48044;;3;2;No inventariada;0;14;4;2;;;9;1;7;;;18;998
4;5;6;48;48073;;1;1;BI-633;58;14;20;2;;;1;2;1;;;1;1
4;1;14;48;48020;;3;2;No inventariada;0;14;6;2;;;9;1;7;;;18;998
4;3;8;48;48020;;3;2;No inventariada;0;9;7;2;2;;9;1;7;;;18;998
4;7;18;48;48020;;3;2;No inventariada;0;14;10;2;;;9;1;7;;;18;998
4;2;8;48;48020;;3;2;No inventariada;0;9;7;2;;;3;1;3;;;1;998
4;5;15;48;48020;;3;2;No inventariada;0;9;2;2;;;9;1;7;;;18;998
4;6;14;48;48020;;1;1;BI-636;4;3;9;2;;;1;1;1;;;1;2
4;6;19;48;0;;1;1;N-637;16;6;15;1;4;;1;1;1;;;1;2
3;1;14;48;48078;;3;2;No inventariada;0;9;7;2;;;1;1;1;;;1;998
3;3;16;48;48078;;3;2;No inventariada;0;9;7;2;;;1;1;1;;;9;998
3;1;21;48;0;;1;1;BI-3234;42;6;16;2;;;3;4;3;;;1;1
4;6;13;48;0;;1;1;BI-630;41;6;15;2;;;1;1;1;;;1;3
4;2;15;48;48069;;1;1;BI-2120;18;6;3;2;;;1;1;2;;;1;3
4;4;20;48;48054;;1;1;No inventariada;3;6;10;1;2;;1;2;1;;;1;2
4;1;14;48;48902;;1;1;BI-711;8;6;10;2;;;1;1;1;;;1;1
4;3;16;48;48020;;3;2;No inventariada;0;9;4;2;;;1;1;1;;;1;998
4;3;16;48;48078;;3;2;No inventariada;0;9;7;2;;;1;1;1;;;1;998
4;2;15;48;48020;;3;2;No inventariada;0;9;6;2;;;1;1;1;;;18;998
2;6;14;48;48020;;3;2;No inventariada;0;9;2;2;4;;1;1;1;;;18;998
3;3;14;48;48020;;3;2;No inventariada;0;14;4;2;;;1;1;1;;;1;998
3;3;20;48;0;;1;1;BI-623;22;6;1;2;;;1;6;1;;;1;2
3;5;21;48;48902;;1;1;BI-711;8;5;4;2;;;3;4;3;;;1;1
4;4;7;48;0;;3;2;No inventariada;0;9;4;1;2;;1;4;1;;;1;998
4;4;8;48;0;;1;1;BI-3332;35;6;8;2;;;1;1;1;;;1;1
4;6;22;48;48045;;1;1;BI-3621;24;6;15;2;;;1;6;1;;;1;2
4;1;7;48;48020;;3;2;No inventariada;0;9;7;2;;;9;1;1;;;1;998
3;1;22;48;48020;;3;2;No inventariada;0;9;1;2;;;9;1;7;;;18;998
3;5;13;48;0;;2;2;BI-625;379;6;4;2;;;1;1;1;;;1;1
4;6;3;48;48001;;1;1;BI-633;32;14;12;2;;;1;4;1;;;1;1
4;1;15;48;48089;;1;1;BI-2124;24;6;4;2;;;1;1;1;;;1;1
4;5;11;48;48044;;3;2;No inventariada;0;9;7;2;;;1;1;1;;;1;998
4;2;15;48;0;;1;1;N-634;72;14;4;2;;;1;1;1;;;1;1
4;3;16;48;0;;1;1;BI-3740;23;6;3;2;;;1;1;1;;;1;2
4;4;15;48;48020;;1;1;A-8;116;2;3;2;;;3;1;3;;;1;3
4;7;17;48;48054;;3;2;No inventariada;0;14;2;2;;;9;1;7;;;18;998
4;4;18;48;48020;;3;2;No inventariada;0;12;10;2;;;1;1;7;1;;1;998
4;1;0;48;48020;;3;2;No inventariada;0;9;7;2;;;1;1;1;;;1;998
4;5;20;48;0;;1;1;BI-2120;19;5;2;2;;;1;4;1;;;1;1
4;7;16;48;48029;;1;1;N-634;105;5;2;1;2;;1;1;1;;;1;1
4;2;17;48;48011;;1;1;AP-68;2;1;12;2;;;3;1;2;;;1;1
4;4;9;48;0;;1;1;BI-2704;9;14;10;1;2;;1;1;1;;;1;1
4;4;13;48;0;;1;1;N-634;81;5;4;1;2;N-634;1;1;1;;;1;2
4;5;15;48;0;;1;1;BI-2120;19;5;10;2;;;1;1;1;;;1;1
3;1;0;48;0;;1;1;No inventariada;19;5;19;1;4;;1;4;2;;;1;1
4;3;10;48;48096;;1;1;BI-3651;23;6;20;2;;;1;1;1;;;1;1
4;5;17;48;48017;;1;1;BI-3101;33;14;1;2;;;1;1;1;;;1;3
4;2;22;48;48078;;1;1;BI-3749;14;6;4;1;4;;1;4;1;;;1;2
4;2;13;48;48069;;1;1;BI-631;16;3;19;2;;;4;1;4;;;1;1
4;7;10;48;48003;;1;1;AP-8;100;1;16;1;999;;1;1;1;;;1;1
4;7;12;48;48046;;1;1;BI-635;37;14;4;1;2;;1;1;1;;;1;3
4;4;12;48;48020;;3;2;No inventariada;0;9;10;2;2;;1;1;1;;;1;998
2;7;11;48;48020;;3;2;No inventariada;0;9;7;2;;;9;1;7;;;18;998
4;1;12;48;48020;;3;2;No inventariada;0;9;8;2;;;9;1;7;;;18;998
3;3;22;48;48096;;1;1;BI-3651;26;6;1;2;;;1;4;1;;;1;2
4;3;8;48;0;;1;1;BI-2121;24;14;10;2;;;1;1;1;;;1;2
4;6;19;48;48016;;1;1;BI-637;18;5;4;1;4;;1;1;1;;;1;3
4;7;19;48;48902;;3;2;No inventariada;0;14;8;2;;;1;1;1;;;1;998
4;1;13;48;0;;1;1;BI-2224;44;14;12;2;;;1;1;1;;;1;4
4;6;19;48;48020;;3;2;No inventariada;0;9;10;2;;;9;1;7;;;18;998
4;4;0;48;48020;;3;2;No inventariada;0;14;10;2;4;;9;1;7;;;18;998
4;6;13;48;48003;;3;2;No inventariada;0;9;7;2;;;1;1;1;;;9;998
4;6;18;48;0;;3;2;No inventariada;0;9;10;2;;;1;1;1;;;1;998
4;4;8;48;48020;;3;2;No inventariada;0;9;2;2;;;3;1;4;;;2;998
4;7;13;48;48020;;3;2;No inventariada;0;9;5;2;;;1;1;1;;;1;998
3;7;22;48;0;;1;1;BI-636;8;14;4;2;;;3;4;2;;;1;3
4;5;8;48;0;;1;1;No inventariada;0;14;19;2;;;1;1;1;;;1;3
4;6;11;48;0;;1;1;No inventariada;0;14;20;2;;;1;1;1;;;1;1
4;2;21;48;48029;;1;1;N-634;106;5;4;1;5;;3;4;3;;;1;3
4;7;18;48;48020;;3;2;No inventariada;0;9;20;2;;;9;1;7;;;18;998
4;1;17;48;48020;;3;2;No inventariada;0;9;2;2;;;9;1;7;;;18;998
5;3;12;48;48090;;3;2;No inventariada;0;9;4;2;;;1;1;1;;;1;998
5;4;6;48;48020;;1;1;A-8;117;2;16;2;;;3;3;2;;;1;3
4;2;12;48;48020;;3;2;No inventariada;0;9;16;2;;;1;1;1;;;18;998
5;4;10;48;48020;;3;2;No inventariada;0;9;4;2;;;1;1;1;;;18;998
4;4;19;48;48020;;3;2;No inventariada;0;9;7;2;;;9;1;7;;;18;998
4;3;15;48;0;;3;2;No inventariada;0;9;16;1;1;;1;1;1;;;1;998
4;1;12;48;48902;;1;1;No inventariada;12;6;10;2;;;1;1;1;;;1;1
5;3;12;48;0;;3;2;No inventariada;0;9;19;2;;;3;1;2;;;1;998
4;2;12;48;48002;;3;2;No inventariada;0;14;2;2;;;1;1;1;;;1;998
5;4;8;48;48002;;2;2;No inventariada;129;6;2;1;2;;1;1;1;;;1;1
5;4;11;48;48902;;1;1;No inventariada;7;6;12;2;;;1;1;1;;;1;3
5;5;23;48;0;;1;1;No inventariada;23;14;19;2;;;1;4;1;;;1;1
4;2;12;48;48020;;3;2;No inventariada;0;11;7;2;;;9;5;7;;;18;998
3;1;11;48;48020;;3;2;No inventariada;0;9;7;2;2;;9;1;7;;;18;998
5;6;0;48;48044;;3;2;No inventariada;0;9;10;2;;;9;1;7;;;18;998
4;4;15;48;48020;;1;1;No inventariada;0;2;4;2;;;3;1;2;;;1;1
4;5;16;48;48020;;3;2;No inventariada;0;9;10;2;;;9;1;7;;;18;998
4;7;8;48;48020;;3;2;No inventariada;0;14;7;2;;;1;1;1;;;9;998
5;4;14;48;0;;1;1;BI-2604;21;6;5;2;;;3;1;4;;;17;2
4;6;10;48;48020;;3;2;No inventariada;0;9;2;2;;;1;1;1;;;1;998
4;4;14;48;48020;;3;2;No inventariada;0;9;2;2;;;1;1;1;;;1;998
3;6;11;48;48083;;1;1;AP-8;129;3;12;1;2;;4;1;4;;;1;3
4;1;15;48;48901;;1;1;N-633;12;8;16;2;;;1;1;1;;;1;2
5;2;8;48;48902;;1;1;BI-3741;5;14;14;2;;;3;1;3;;;1;2
4;3;6;48;0;;3;2;No inventariada;0;14;7;2;;;3;4;3;;;8;998
4;3;16;48;48036;;1;1;N-634;95;5;12;1;4;;3;1;2;;;1;1
4;5;7;48;48902;;1;1;BI-2704;11;6;1;1;2;;3;1;2;;;1;1
4;6;10;48;0;;1;1;BI-2713;13;6;2;1;2;;1;1;1;;;1;2
2;2;0;48;48020;;3;2;No inventariada;0;12;2;2;;;9;1;7;;;18;998
4;7;14;48;0;;1;1;N-240;24;6;19;2;;;3;1;2;;;1;3
4;3;22;48;0;;1;1;BI-631;7;6;4;1;999;;1;6;1;;;1;1
4;6;17;48;48016;;1;1;BI-637;17;14;4;2;;;1;1;1;;;1;1
5;4;13;48;48036;;1;1;AP-8;103;1;16;1;2;;1;1;1;;;1;3
4;3;17;48;0;;2;2;No inventariada;23;6;2;1;2;;3;1;2;;;1;1
5;6;10;48;48090;;3;2;No inventariada;0;9;4;1;2;;1;1;1;;;1;998
5;6;11;48;0;;1;1;BI-631;25;6;10;2;;;1;1;1;;;1;2
5;5;20;48;48020;;3;2;No inventariada;0;9;2;2;7;;1;1;1;;;1;998
4;3;7;48;48020;;3;2;No inventariada;0;9;10;2;;;9;1;3;;;9;998
4;5;14;48;48054;;1;1;BI-637;12;3;4;2;;;1;1;1;;;1;1
5;6;22;48;48034;;1;1;N-634;67;6;16;1;4;N-634;1;3;2;;;1;2
5;7;23;48;48073;;1;1;BI-633;57;14;16;2;;;1;6;2;;;1;2
4;1;18;48;48044;;3;2;No inventariada;0;9;2;1;2;;1;1;1;;;1;998
5;7;11;48;48020;;3;2;No inventariada;0;9;19;2;4;;1;1;1;;;1;998
5;4;10;48;48045;;1;1;BI-636;19;5;4;2;;;1;1;1;;;1;3
5;6;9;48;48016;;1;1;No inventariada;0;5;4;1;4;;1;1;1;;;1;3
5;7;0;48;0;;1;1;BI-3114;22;6;19;2;;;1;4;1;;;1;2
5;7;11;48;48003;;1;1;N-634;85;14;10;2;;;1;1;1;;;1;4
4;6;12;48;48020;;3;2;No inventariada;0;9;7;2;1;;1;1;1;;;1;998
4;7;10;48;48015;;1;1;A-8;110;8;16;1;2;A-8;1;1;1;;;1;2
4;4;13;48;0;;1;1;BI-4545;26;5;3;2;;;1;1;2;;;1;1
5;6;12;48;48071;;1;1;A-8;136;3;3;2;;;1;1;1;;;1;2
5;7;10;48;0;;1;1;BI-2713;18;6;6;2;;;1;1;1;;;1;3
3;3;11;48;48044;;3;2;No inventariada;0;14;11;2;;;9;1;7;;;18;998
5;5;19;48;48020;;3;2;No inventariada;0;9;10;2;;;9;1;1;;;1;998
5;7;12;48;0;;1;1;BI-3238;44;6;10;2;;;1;1;1;;;1;1
5;2;15;48;48001;;1;1;N-634;77;14;4;2;;;3;1;4;;;5;1
5;2;15;48;48015;;1;1;A-8;110;8;12;2;;;3;1;3;;;1;2
3;7;20;48;48078;;3;2;No inventariada;0;14;7;2;;;3;3;4;;;18;998
5;3;18;48;48020;;1;1;BI-631;0;3;4;2;;;3;1;3;;;1;1
5;3;20;48;0;;1;1;BI-631;8;14;4;2;;;3;2;2;;;1;3
5;4;7;48;48902;;1;1;N-637;10;3;4;2;;;3;1;2;;;1;1
5;4;7;48;48020;;1;1;A-8;117;3;12;2;;;3;1;1;;;1;3
5;4;10;48;48020;;3;2;No inventariada;0;14;10;2;;;1;1;1;;;1;998
4;5;14;48;0;;1;1;N-637;26;3;12;2;;;1;1;2;;;1;1
5;3;4;48;48090;;3;2;No inventariada;0;9;19;2;;;3;4;3;;;1;998
5;5;19;48;48901;;1;1;BI-631;8;3;16;2;;;3;1;2;;;1;4
4;2;15;48;48054;;3;2;No inventariada;0;14;10;2;;;3;1;2;;;1;998
5;2;9;48;48020;;1;1;A-8;113;2;4;2;;;8;1;2;;;1;1
5;4;10;48;48089;;2;2;BI-2124;26;5;10;2;;;1;1;1;;;1;1
5;6;10;48;48020;;3;2;No inventariada;0;9;2;2;4;;9;1;7;;;18;998
4;2;13;48;48036;;3;2;No inventariada;0;9;7;2;;;3;1;2;;;1;998
5;5;19;48;48036;;3;2;No inventariada;0;9;7;2;1;;1;1;1;;;1;998
5;4;8;48;48013;;1;1;A-8;122;3;12;2;;;3;1;2;;;1;2
5;6;18;48;0;;1;1;BI-2238;35;6;4;2;;;3;1;3;;;1;1
5;6;20;48;48902;;1;1;N-637;13;3;10;2;;;3;1;2;;;1;1
5;1;20;48;48078;;3;2;No inventariada;0;9;2;2;;;1;1;1;;;1;998
5;6;22;48;48020;;3;2;No inventariada;0;9;2;2;;;8;4;1;;;1;998
5;3;18;48;48054;;3;2;No inventariada;0;9;7;2;;;9;1;7;;;18;998
5;5;15;48;48054;;3;2;No inventariada;0;9;7;2;;;9;1;7;;;18;998
5;6;13;48;48020;;3;2;No inventariada;0;9;4;2;;;9;1;7;;;18;998
5;3;18;48;48044;;3;2;No inventariada;0;9;6;2;;;9;1;7;;;18;998
4;6;3;48;0;;1;1;N-240;47;6;16;1;2;;3;4;2;;;1;3
5;4;9;48;48083;;1;1;A-8;128;2;5;2;;;1;1;1;;;1;1
5;5;9;48;48069;;1;1;BI-631;19;5;3;1;4;;1;1;1;;;1;2
5;5;18;48;48020;;1;1;A-8;119;2;18;1;999;A-8;3;1;3;;;1;3
5;6;9;48;48020;;3;2;No inventariada;0;9;10;2;;;9;1;7;;;18;998
4;3;14;48;48069;;1;1;BI-631;23;5;12;2;;;1;1;1;;;1;1
5;4;9;48;0;;1;1;No inventariada;23;14;2;1;2;;1;1;1;;;6;1
5;5;13;48;0;;1;1;N-637;26;3;19;2;;;1;1;1;;;1;2
5;5;19;48;48069;;1;1;BI-631;22;14;16;1;2;;3;3;3;;;1;1
5;1;18;48;0;;3;2;No inventariada;0;9;2;1;2;;1;1;1;;;4;998
5;2;18;48;0;;1;1;No inventariada;0;14;10;2;;;1;1;1;;;1;1
5;2;8;48;48020;;3;2;No inventariada;0;9;2;2;1;;9;1;7;;;18;998
4;7;20;48;48036;;1;1;N-634;103;5;2;1;4;;1;1;1;;;1;1
5;6;16;48;48017;;1;1;BI-631;29;14;19;2;;;1;1;2;;;1;4
5;2;11;48;48020;;3;2;No inventariada;0;9;7;2;;;3;1;3;;;9;998
4;6;21;48;48020;;3;2;No inventariada;0;9;10;2;;;9;1;7;;;18;998
4;5;17;48;48020;;3;2;No inventariada;0;9;20;2;;;9;1;7;;;18;998
4;7;8;48;48078;;1;1;No inventariada;0;12;7;2;;;1;1;1;;;1;1
4;1;20;48;0;;1;1;N-634;82;6;7;2;;;1;2;1;;;1;1
5;3;15;48;48036;;1;1;AP-8;105;2;16;2;;;3;1;2;;;1;4
5;4;9;48;48078;;1;1;No inventariada;0;13;10;2;;;1;1;1;;;1;1
5;4;12;48;48020;;3;2;No inventariada;0;9;4;2;;;9;1;7;;;18;998
5;4;14;48;48020;;3;2;No inventariada;0;9;7;2;;;1;1;1;;;1;998
2;3;19;48;48902;;3;2;No inventariada;0;9;2;2;;;1;4;1;;;1;998
5;5;10;48;48020;;3;2;No inventariada;0;9;3;2;;;9;1;7;;;18;998
4;1;10;48;48027;;1;1;BI-623;40;6;18;1;4;;1;1;1;;;1;2
5;3;13;48;48045;;3;2;No inventariada;0;14;10;2;;;3;1;1;;;1;998
5;5;7;48;48902;;1;1;BI-704;8;6;4;2;;;1;1;1;;;1;1
5;5;11;48;48044;;1;1;BI-637;14;8;4;1;2;;1;1;1;;;1;2
5;6;9;48;0;;3;2;No inventariada;0;9;8;2;;;1;1;1;;;1;998
5;6;10;48;0;;1;1;BI-2224;51;6;17;2;;;1;1;1;;;1;2
4;7;11;48;48020;;3;2;No inventariada;0;9;3;2;;;9;1;7;;;18;998
2;4;11;48;48020;;3;2;No inventariada;0;9;12;2;;;1;1;1;;;1;998
5;5;19;48;48013;;1;1;N-637;9;3;4;2;;;1;1;1;;;1;1
5;1;5;48;48020;;1;1;No inventariada;4;5;16;2;;;3;3;2;;;1;2
5;4;10;48;48002;;1;1;A-8;131;2;4;2;;;1;1;1;;;1;1
5;6;19;48;48016;;1;1;BI-3733;20;14;4;2;;;1;1;1;;;1;3
5;7;11;48;48003;;2;2;N-634;90;6;3;2;;;3;1;3;;;1;1
5;1;14;48;48020;;3;2;No inventariada;0;9;4;2;;;9;1;7;;;18;998
5;2;15;48;48020;;3;2;No inventariada;0;9;7;2;;;3;1;3;;;18;998
5;4;20;48;48044;;3;2;No inventariada;0;14;3;2;4;;1;1;1;;;1;998
5;1;13;48;0;;1;1;BI-4534;40;6;20;2;;;1;1;1;;;1;1
4;3;12;48;48902;;3;2;No inventariada;0;14;7;2;;;1;1;1;;;1;998
5;1;18;48;0;;1;1;BI-707;21;6;1;2;;;1;1;1;;;1;3
5;3;18;48;0;;3;2;No inventariada;0;14;2;1;1;;1;1;1;;;1;998
5;7;7;48;0;;1;1;BI-635;28;6;14;2;;;3;1;2;;;1;1
5;1;6;48;0;;3;2;No inventariada;0;14;4;2;;;1;1;2;;;1;998
5;7;17;48;0;;1;1;AP-68;18;2;16;2;;;3;1;4;;;1;1
5;7;11;48;48011;;1;1;BI-625;379;14;3;2;;;1;1;1;;;1;3
5;2;12;48;0;;1;1;BI-3631;26;6;10;2;;;1;1;1;;;1;2
5;3;7;48;48036;;1;1;N-634;105;14;4;2;;;1;1;1;;;1;4
5;3;16;48;48045;;1;1;BI-636;19;3;16;2;;;1;1;1;;;1;3
5;2;10;48;48020;;3;2;No inventariada;0;9;7;2;4;;9;1;7;;;18;998
5;7;4;48;48078;;3;2;No inventariada;0;14;16;2;;;1;1;1;;;1;998
5;5;14;48;48020;;3;2;No inventariada;0;9;7;2;;;1;1;1;;;1;998
5;5;15;48;48003;;1;1;N-634;86;14;4;2;;;1;1;1;;;1;1
5;4;22;48;48044;;1;1;BI-637;14;5;5;2;;;3;4;1;;;1;1
5;6;22;48;48069;;1;1;BI-2121;18;6;1;2;;;3;6;2;1;;1;1
5;2;19;48;0;;1;1;BI-2524;13;6;10;1;2;;2;1;1;;;1;2
5;5;19;48;48054;;1;1;BI-637;12;5;4;2;;;1;1;2;;;1;1
5;1;18;48;0;;1;1;BI-2604;23;6;4;1;1;;1;1;1;;;1;1
5;4;15;48;48069;;1;1;BI-3144;33;6;2;1;2;;1;1;1;;;1;1
5;3;19;48;48036;;1;1;N-634;97;6;2;1;4;;1;1;1;;;1;2
5;5;8;48;48044;;3;2;No inventariada;0;9;7;2;;;9;1;7;;;18;998
5;3;15;48;48036;;1;1;AP-8;104;1;4;2;;;1;1;1;;;1;3
5;2;7;48;0;;1;1;BI-3709;13;14;19;2;;;1;2;1;;;1;1
6;6;20;48;48069;;1;1;BI-631;19;8;15;2;;;1;1;1;;;1;2
5;5;10;48;48044;;3;2;No inventariada;0;9;7;2;;;9;1;7;;;18;998
5;3;17;48;48003;;1;1;AP-8;100;1;12;2;;;3;1;4;;;1;1
6;6;23;48;48054;;1;1;BI-637;13;5;16;1;4;BI-637;1;4;1;;;1;2
6;7;12;48;48003;;3;2;No inventariada;0;12;10;2;;;1;1;1;;;1;998
2;2;4;48;48069;;1;1;BI-631;17;3;7;2;;;3;6;1;;;1;1
3;3;9;48;48902;;1;1;N-637;13;3;5;2;;;1;1;1;;;1;1
5;2;17;48;0;;1;1;BI-3114;22;6;4;2;;;1;1;1;;;1;1
5;7;0;48;48020;;3;2;No inventariada;0;9;5;2;;;1;4;1;;;1;998
5;2;11;48;48078;;3;2;No inventariada;0;9;3;1;2;;1;1;1;;;1;998
5;5;10;48;48020;;3;2;No inventariada;0;9;7;2;;;1;1;1;;;1;998
5;3;16;48;48902;;1;1;N-637;11;8;4;2;;;1;1;1;;;1;1
5;5;17;48;0;;2;2;BI-625;379;6;4;2;;;1;1;1;;;1;1
6;1;14;48;48003;;1;1;N-634;93;14;4;2;;;1;1;1;;;1;2
6;1;14;48;0;;1;1;BI-2238;40;6;2;2;;;1;1;1;;;1;1
6;2;18;48;0;;1;1;BI-3611;32;6;12;2;;;1;1;1;;;1;3
6;1;10;48;48902;;3;2;No inventariada;0;14;1;2;;;3;1;2;;;2;998
6;1;19;48;48020;;3;2;No inventariada;0;9;2;2;;;1;1;1;;;1;998
5;7;18;48;48020;;3;2;No inventariada;0;9;4;1;2;;9;1;7;;;18;998
5;7;9;48;0;;1;1;BI-3931;42;6;15;2;;;1;1;1;;;1;2
6;1;9;48;48046;;1;1;BI-635;35;6;2;1;2;;1;1;1;;;1;1
6;1;14;48;0;;1;1;BI-3438;57;6;16;2;;;1;1;1;;;1;1
5;7;12;48;48078;;3;2;No inventariada;0;9;10;1;1;;3;1;3;;;1;998
5;6;5;48;48020;;3;2;No inventariada;0;9;4;2;;;9;1;1;;;1;998
5;3;20;48;48096;;3;2;No inventariada;0;14;19;2;;;3;6;3;;;1;998
6;1;8;48;0;;3;2;No inventariada;0;14;12;2;;;3;1;2;;;1;998
6;2;13;48;48002;;1;1;No inventariada;130;6;19;1;2;;1;1;1;;;1;1
6;3;5;48;48036;;1;1;A-8;107;2;12;2;;;1;3;1;;;1;1
5;7;13;48;48020;;3;2;No inventariada;0;9;7;2;;;9;1;7;;;18;998
6;4;9;48;48013;;1;1;A-8;124;3;4;2;;;1;1;1;;;1;1
6;4;9;48;48069;;1;1;BI-631;18;14;4;1;2;;1;1;1;;;1;3
6;4;10;48;0;;1;1;N-634;81;6;2;2;;;1;1;1;;;1;1
6;5;14;48;48045;;3;2;No inventariada;0;9;7;2;;;1;1;1;;;1;998
5;5;15;48;48020;;3;2;No inventariada;0;9;2;2;;;1;1;1;;;1;998
6;6;18;48;0;;3;2;No inventariada;0;14;10;2;;;1;1;1;;;1;998
6;4;8;48;48020;;3;2;No inventariada;0;9;2;2;;;1;1;1;;;1;998
6;6;3;48;0;;1;1;AP-68;12;1;15;2;;;3;4;3;;;1;1
6;7;6;48;48001;;1;1;AP-8;84;1;16;1;2;;3;1;2;;;1;3
4;3;13;48;48020;;3;2;No inventariada;0;9;7;2;;;9;1;7;;;18;998
4;2;14;48;0;;1;1;BI-3715;6;14;2;1;1;;1;1;1;;;1;1
5;6;11;48;48017;;1;1;BI-631;32;6;10;2;;;7;1;1;;;1;2
6;6;8;48;48069;;1;1;BI-2101;21;5;19;2;;;1;2;1;;;1;2
6;1;6;48;0;;1;1;N-634;80;14;19;1;4;;3;1;2;;;1;1
5;4;17;48;48020;;3;2;No inventariada;0;9;2;2;;;9;1;7;;;18;998
5;4;12;48;48020;;3;2;No inventariada;0;9;10;2;;;9;1;7;;;18;998
5;1;6;48;48020;;3;2;No inventariada;0;14;10;2;;;9;1;7;;;18;998
3;1;9;48;48044;;3;2;No inventariada;0;9;7;2;;;1;1;1;;;1;998
5;2;13;48;48020;;3;2;No inventariada;0;9;4;2;;;9;1;1;;;1;998
6;5;21;48;48020;;3;2;No inventariada;0;9;7;2;;;9;1;7;;;18;998
4;7;0;48;0;;1;1;BI-3218;41;6;13;2;;;1;6;1;;;1;1
4;1;8;48;48901;;1;1;N-633;10;5;6;2;;;1;1;1;;;1;2
5;5;14;48;48036;;1;1;BI-2713;11;6;4;1;2;;1;1;1;;;1;2
5;3;17;48;48003;;1;1;AP-8;99;1;16;2;;;3;1;3;;;1;3
5;2;13;48;48036;;1;1;N-634;103;5;4;2;;;1;1;1;;;1;1
6;2;10;48;48003;;1;1;BI-635;24;5;12;2;;;3;1;2;;;1;1
5;2;17;48;48078;;3;2;No inventariada;0;9;7;2;;;1;1;1;;;1;998
4;7;21;48;48020;;3;2;No inventariada;0;9;7;2;;;9;1;7;;;18;998
6;2;12;48;48044;;3;2;No inventariada;0;9;10;2;;;9;1;7;;;18;998
6;4;7;48;48054;;3;2;No inventariada;0;9;5;2;;;9;1;7;;;18;998
5;4;8;48;48013;;1;1;N-637;9;5;5;2;;;1;1;1;;;1;3
5;4;14;48;48054;;1;1;BI-637;11;5;4;2;;;1;1;1;;;1;1
6;7;6;48;48044;;3;2;No inventariada;0;9;7;2;;;9;1;7;;;18;998
6;2;9;48;48020;;3;2;BI-631;6;14;6;2;;;9;1;7;;;18;998
6;3;12;48;48020;;3;2;No inventariada;0;14;10;2;;;9;1;7;;;18;998
6;1;17;48;48020;;3;2;No inventariada;0;9;2;2;;;1;1;1;;;1;998
5;5;18;48;48020;;3;2;No inventariada;0;9;6;2;;;9;1;1;;;1;998
3;6;14;48;0;;3;2;No inventariada;0;9;2;2;;;1;1;1;;;1;998
4;3;6;48;0;;1;1;BI-2121;21;6;19;2;;;3;5;3;;;1;2
5;5;7;48;48003;;1;1;N-634;89;5;4;2;;;1;1;1;;;1;1
6;6;13;48;48902;;2;2;BI-711;8;6;19;2;;;3;1;3;;;1;1
6;1;3;48;48036;;1;1;N-634;104;5;16;1;4;;3;4;2;;;1;2
6;1;10;48;48020;;3;2;No inventariada;0;9;10;2;;;9;1;7;;;18;998
5;5;11;48;48020;;3;2;No inventariada;0;9;7;2;2;;9;1;7;;;18;998
6;5;14;48;48020;;3;2;No inventariada;0;9;10;2;;;9;1;1;;;1;998
5;7;22;48;0;;1;1;N-637;13;3;19;2;;;3;4;3;;;1;1
6;3;20;48;48085;;1;1;No inventariada;0;5;3;1;4;;1;1;1;;;1;2
6;6;23;48;48020;;3;2;No inventariada;0;9;3;2;;;9;1;7;;;18;998
4;6;14;48;48002;;3;2;No inventariada;0;14;4;2;;;1;1;1;;;1;998
5;3;19;48;0;;1;1;N-637;17;3;3;2;;;3;1;3;;;1;3
6;7;13;48;48044;;3;2;No inventariada;0;9;10;1;2;;1;1;1;;;1;998
5;4;22;48;48044;;3;2;No inventariada;0;14;7;2;;;9;1;7;;;18;998
4;6;11;48;0;;2;2;BI-3215;44;6;20;2;;;1;1;1;;;1;1
5;4;10;48;48096;;3;2;No inventariada;0;9;2;1;2;;1;1;1;;;9;998
6;1;9;48;48902;;1;1;BI-735;9;3;2;1;2;;1;1;1;;;1;1
6;2;13;48;0;;1;1;BI-625;374;14;2;1;2;;1;1;2;;;1;1
5;7;13;48;48020;;3;2;No inventariada;0;9;2;2;;;9;1;7;;;18;998
5;4;17;48;48020;;3;2;No inventariada;0;9;10;2;;;1;1;1;;;1;998
6;4;19;48;48020;;3;2;No inventariada;0;9;10;2;4;;9;1;7;;;18;998
6;5;10;48;48003;;3;2;No inventariada;0;9;2;1;1;;1;1;1;;;1;998
6;6;5;48;48002;;3;2;No inventariada;0;14;16;2;;;3;3;3;;;1;998
6;6;6;48;0;;1;1;BI-635;30;14;2;2;;;3;1;2;1;;1;3
6;6;10;48;0;;1;1;BI-2224;54;6;19;2;;;1;1;1;;;1;3
6;7;12;48;0;;1;1;BI-2704;10;14;19;2;;;1;1;1;;;1;3
6;7;11;48;48032;;3;2;No inventariada;0;9;10;2;;;1;1;1;;;1;998
6;7;13;48;48002;;1;1;BI-757;0;6;1;2;;;3;1;3;;;1;1
6;1;14;48;48085;;3;2;No inventariada;0;9;7;1;2;;1;1;1;;;1;998
6;1;19;48;48902;;1;1;BI-735;10;5;4;1;2;;1;1;1;;;1;1
6;1;20;48;0;;1;1;BI-3152;41;6;19;2;;;2;1;2;;;1;3
6;2;22;48;0;;1;1;N-637;16;3;16;2;;;3;4;3;;;1;3
6;1;17;48;48044;;3;2;No inventariada;0;14;2;2;;;9;1;7;;;18;998
6;4;20;48;0;;3;2;No inventariada;0;14;2;1;2;;1;1;1;;;1;998
6;1;8;48;48017;;1;1;BI-631;34;6;1;1;2;;1;1;1;;;1;1
6;1;21;48;48901;;2;2;No inventariada;19;6;10;1;4;;3;2;2;;;1;1
6;2;19;48;48902;;1;1;BI-711;10;5;4;2;;;1;1;2;;;1;1
6;3;18;48;48020;;3;2;No inventariada;0;9;2;1;1;;1;1;1;;;1;998