MES;DIA_SEMANA;HORA;COD_PROVINCIA;COD_MUNICIPIO;ISLA;ZONA;ZONA_AGRUPADA;CARRETERA;KM;TIPO_VIA;TIPO_ACCIDENTE;NUDO;NUDO_INFO;CARRETERA_CRUCE;CONDICION_FIRME;CONDICION_ILUMINACION;CONDICION_METEO;CONDICION_NIEBLA;CONDICION_VIENTO;VISIB_RESTRINGIDA_POR;TRAZADO_PLANTA
6;3;13;48;48036;;1;1;A-8;108;3;4;2;;;1;1;1;;;1;1
6;1;20;48;48901;;1;1;BI-631;9;5;4;2;;;1;1;1;;;1;1
6;1;13;48;48902;;1;1;N-637;12;3;4;2;;;1;1;1;;;1;1
6;1;13;48;48002;;1;1;BI-757;2;6;19;1;2;;1;1;1;;;1;3
6;3;18;48;48020;;3;2;No inventariada;0;14;4;1;2;;1;1;1;;;1;998
6;3;19;48;48003;;1;1;N-634;88;14;2;2;;;1;1;1;;;1;1
6;2;9;48;48020;;3;2;No inventariada;0;14;10;2;;;9;1;7;;;18;998
6;4;21;48;48020;;3;2;No inventariada;0;9;3;2;;;9;1;7;;;18;998
6;2;21;48;48020;;3;2;No inventariada;0;9;7;2;;;9;1;7;;;18;998
6;5;18;48;48020;;3;2;No inventariada;0;9;4;2;;;9;1;7;;;18;998
6;5;10;48;48036;;1;1;N-634;104;14;4;1;5;;3;1;2;;;1;1
5;5;8;48;48020;;3;2;No inventariada;0;9;7;2;;;9;1;7;;;18;998
4;3;8;48;48020;;3;2;No inventariada;0;9;7;2;;;9;1;7;;;18;998
6;5;8;48;48020;;3;2;No inventariada;0;9;10;2;;;9;1;7;;;18;998
5;5;0;48;48020;;3;2;No inventariada;0;9;16;2;;;1;4;1;;;1;998
5;5;18;48;0;;1;1;BI-3234;44;6;20;1;2;;1;1;1;;;1;1
6;6;11;48;0;;3;2;No inventariada;0;14;15;2;;;2;1;2;;;4;998
6;6;20;48;48003;;3;2;No inventariada;0;14;16;2;;;1;1;2;;;1;998
6;3;16;48;48020;;3;2;No inventariada;0;9;4;2;;;9;1;1;;;1;998
6;6;20;48;48020;;3;2;No inventariada;0;9;10;2;;;9;1;7;;;18;998
4;2;4;48;48080;;1;1;A-8;126;2;12;2;;;1;4;1;;;1;3
6;7;15;48;0;;1;1;N-637;15;3;16;2;;;1;1;1;;;1;2
6;7;19;48;48020;;1;1;A-8;117;2;19;2;;;3;1;3;;;1;3
6;1;0;48;0;;1;1;BI-3321;36;14;15;2;;;3;6;3;;;1;2
6;1;8;48;48020;;3;2;No inventariada;0;9;6;2;;;9;1;1;;;1;998
4;2;14;48;48071;;2;2;No inventariada;132;6;15;1;2;;1;1;1;;;1;1
6;5;18;48;48085;;3;2;No inventariada;0;9;4;2;;;1;1;1;;;1;998
6;5;13;48;48020;;3;2;No inventariada;0;14;12;2;;;1;1;1;;;1;998
6;2;7;48;48020;;3;2;No inventariada;0;9;10;2;;;1;1;1;;;1;998
5;6;0;48;48020;;3;2;No inventariada;0;9;10;2;;;9;1;1;;;18;998
6;1;14;48;48902;;3;2;No inventariada;0;7;10;2;;;8;1;1;;;10;998
6;1;7;48;48020;;1;1;BI-636;8;3;12;2;;;3;4;2;;;1;2
6;2;12;48;48020;;3;2;No inventariada;0;9;4;2;;;1;1;1;;;9;998
6;1;8;48;48036;;1;1;N-634;97;5;12;2;;;3;1;2;;;1;2
6;2;15;48;48054;;1;1;BI-637;11;5;4;2;;;1;1;1;;;1;1
6;3;21;48;48071;;1;1;A-8;134;3;4;2;;;1;1;1;;;1;3
6;3;20;48;0;;3;2;No inventariada;0;9;19;1;4;;3;1;3;;;1;998
6;4;22;48;48020;;3;2;No inventariada;0;9;2;2;2;;3;4;3;;;18;998
6;3;18;48;48020;;3;2;No inventariada;0;9;4;2;;;9;1;7;;;18;998
6;7;18;48;0;;1;1;N-240;32;6;16;2;;;1;1;1;;;1;2
6;1;8;48;48020;;1;1;BI-636;7;3;12;2;;;1;1;1;;;1;3
3;3;17;48;48036;;1;1;AP-8;104;2;16;2;;;1;1;2;;;1;1
6;7;1;48;48096;;3;2;No inventariada;0;14;19;2;;;1;6;1;;;1;998
6;1;7;48;48901;;1;1;N-633;10;5;16;2;;;3;1;2;;;1;2
6;7;9;48;0;;2;2;BI-623;33;14;10;2;;;3;1;1;;;1;1
6;7;11;48;0;;3;2;No inventariada;0;14;10;2;;;3;1;1;;;1;998
6;7;19;48;48020;;3;2;No inventariada;0;9;3;2;;;1;1;1;;;1;998
6;4;8;48;48003;;1;1;N-634;92;6;2;2;;;3;1;2;;;1;1
6;4;20;48;48020;;3;2;No inventariada;0;9;7;2;;;9;1;7;;;18;998
6;5;17;48;48020;;3;2;No inventariada;0;9;7;2;;;9;1;7;;;18;998
6;5;17;48;48020;;3;2;No inventariada;0;9;6;2;;;9;1;7;;;18;998
6;2;17;48;48013;;1;1;N-637;9;3;20;2;;;1;1;1;;;1;1
7;1;7;48;0;;3;2;No inventariada;0;9;10;2;;;1;2;2;;;1;998
6;1;4;48;48015;;1;1;BI-625;386;8;16;2;;;3;4;3;;;1;1
6;3;10;48;48045;;1;1;BI-3651;12;5;10;2;;;3;1;4;;;5;1
6;6;8;48;48069;;1;1;BI-631;16;3;18;2;;;3;1;4;;;5;1
7;1;14;48;48003;;1;1;N-634;89;5;4;2;;;1;1;2;;;1;1
7;3;14;48;0;;3;2;No inventariada;0;9;7;2;;;1;1;1;;;1;998
6;2;17;48;48054;;3;2;No inventariada;0;9;3;2;;;9;1;7;;;18;998
7;2;22;48;48044;;3;2;No inventariada;0;9;20;2;;;9;1;7;;;18;998
5;7;10;48;0;;3;2;No inventariada;0;14;20;2;;;2;1;1;;;1;998
6;4;22;48;0;;1;1;BI-3794;26;14;2;1;2;;1;4;1;;;1;1
6;6;23;48;48043;;3;2;No inventariada;0;9;12;1;4;;1;4;1;;;1;998
6;5;18;48;0;;1;1;BI-2301;44;6;15;2;;;1;1;2;;;1;1
6;1;3;48;48011;;1;1;AP-68;4;2;8;2;;;3;4;2;;;1;3
6;4;18;48;0;;1;1;BI-625;352;6;10;2;;;1;1;1;;;1;1
6;2;18;48;0;;1;1;BI-3123;25;6;20;1;2;;1;1;1;;;12;1
7;6;1;48;48080;;1;1;No inventariada;10;14;16;1;1;;1;4;1;;;1;1
7;6;13;48;48020;;1;1;A-8;115;3;19;2;;;3;1;4;;;1;2
6;7;22;48;48020;;3;2;No inventariada;0;9;10;2;;;1;4;1;;;1;998
6;7;1;48;48020;;3;2;No inventariada;0;14;2;2;;;9;1;7;;;18;998
7;1;4;48;48020;;3;2;No inventariada;0;9;7;2;;;9;1;7;;;18;998
6;4;7;48;0;;1;1;N-637;16;3;4;2;;;3;1;2;;;1;1
6;2;4;48;48020;;3;2;No inventariada;0;14;10;2;;;9;1;7;;;18;998
6;2;11;48;48020;;3;2;No inventariada;0;9;4;2;;;1;1;1;;;18;998
6;4;10;48;48020;;3;2;No inventariada;0;9;7;2;;;1;1;1;;;18;998
1;4;15;48;48044;;3;2;No inventariada;0;9;2;1;4;;1;1;7;;;1;998
5;5;17;48;48071;;1;1;No inventariada;131;6;12;1;6;;1;1;1;;;1;2
6;3;18;48;0;;1;1;A-8;133;2;16;2;;;1;1;1;;;1;2
6;7;19;48;48083;;1;1;No inventariada;127;6;2;2;;;1;1;1;;;1;3
6;7;22;48;0;;1;1;BI-2239;45;6;8;2;;;1;6;1;;;1;1
7;3;15;48;48013;;1;1;BI-4743;11;6;10;2;;;1;1;1;;;1;1
3;2;18;48;48044;;3;2;No inventariada;0;9;10;2;;;9;1;7;;;18;998
7;2;19;48;48054;;1;1;BI-738;10;7;2;1;1;;1;1;1;;;1;1
7;2;20;48;0;;3;2;No inventariada;0;11;7;2;;;1;1;1;;;1;998
7;3;17;48;0;;1;1;BI-633;33;14;12;2;;;1;1;1;;;1;3
7;6;15;48;48020;;3;2;No inventariada;0;9;10;2;;;9;1;7;;;18;998
5;4;15;48;0;;1;1;BI-625;369;14;15;2;;;1;1;1;;;1;1
6;5;16;48;0;;1;1;BI-4602;26;6;1;2;;;1;1;1;;;4;2
7;3;14;48;48020;;3;2;No inventariada;0;9;16;1;4;;1;1;1;;;1;998
7;4;20;48;48020;;3;2;No inventariada;0;9;19;2;4;;1;1;1;;;1;998
6;5;9;48;48901;;1;1;BI-631;12;3;12;2;;;3;1;2;;;1;2
6;7;12;48;48032;;1;1;BI-2632;40;6;20;2;;;3;1;3;;;1;1
6;3;11;48;48043;;3;2;No inventariada;0;9;7;1;2;;3;1;3;;;1;998
7;2;16;48;48085;;1;1;No inventariada;0;6;16;1;2;;1;1;2;;;1;1
7;5;6;48;0;;1;1;BI-2121;21;6;12;2;;;3;1;3;;;1;2
7;5;8;48;48020;;1;1;AP-8;115;3;16;2;;;3;1;3;;;1;2
7;6;19;48;48020;;3;2;No inventariada;0;9;10;2;;;1;1;1;;;1;998
7;5;11;48;48001;;1;1;BI-623;30;14;4;1;2;;3;1;3;;;1;1
7;6;18;48;0;;3;2;No inventariada;0;9;16;2;;;1;1;1;;;1;998
6;3;23;48;48044;;3;2;No inventariada;0;9;6;2;;;9;4;1;;;18;998
7;4;19;48;48020;;3;2;No inventariada;0;14;19;2;;;1;1;1;;;1;998
6;4;5;48;48902;;1;1;N-637;12;3;4;2;;;3;4;3;;;1;1
7;4;20;48;0;;1;1;BI-2405;55;6;10;2;;;3;1;2;;;4;2
7;6;23;48;48036;;1;1;N-634;96;6;2;1;1;;1;6;1;;;1;1
6;1;8;48;48032;;1;1;N-636;36;6;16;2;;;3;1;2;;;1;2
6;1;14;48;48002;;1;1;A-8;131;7;4;2;;;1;1;1;;;1;1
6;4;11;48;48060;;1;1;BI-633;52;6;20;2;;;1;1;1;;;1;2
7;5;14;48;48036;;1;1;A-8;109;3;2;2;;;3;1;2;;;1;2
7;4;17;48;0;;1;1;BI-3447;49;6;10;1;2;;1;1;1;;;1;1
6;4;18;48;0;;1;1;BI-2121;19;6;3;2;;;1;1;1;;;1;1
6;6;10;48;0;;3;2;No inventariada;0;14;19;2;;;3;1;2;;;1;998
6;1;7;48;48901;;1;1;BI-631;12;8;16;1;2;;3;1;2;;;1;3
6;1;7;48;0;;1;1;BI-3527;20;6;3;2;;;1;1;2;;;1;1
6;3;12;48;48085;;2;2;BI-3114;20;6;4;2;;;1;1;1;;;1;1
6;3;18;48;48003;;1;1;AP-8;98;1;19;2;;;3;1;2;;;1;3
6;7;22;48;48013;;1;1;A-8;121;2;16;2;;;1;4;1;;;1;2
6;5;13;48;48902;;1;1;BI-637;8;14;4;2;;;1;1;1;;;1;2
7;2;5;48;48029;;1;1;N-634;105;5;1;1;1;;1;3;1;;;1;1
7;3;10;48;0;;1;1;N-634;80;5;6;2;;;1;1;1;;;1;1
5;4;17;48;48045;;3;2;No inventariada;0;14;10;2;;;1;1;1;;;1;998
6;7;17;48;0;;1;1;BI-2713;20;6;12;2;;;1;1;1;;;1;1
6;7;18;48;48071;;1;1;A-8;135;2;12;2;;;3;1;2;;;1;2
6;3;9;48;48013;;1;1;AP-8;119;1;4;2;;;1;4;1;;;1;1
6;3;14;48;48013;;1;1;N-637;9;3;4;2;;;1;1;1;;;1;1
6;6;10;48;48069;;1;1;BI-631;16;3;12;2;;;3;1;3;;;1;1
6;7;10;48;0;;1;1;BI-3123;34;6;2;1;2;;1;1;1;;;12;3
7;6;14;48;0;;1;1;AP-68;22;2;4;2;;;3;1;2;;;1;1
7;1;12;48;48016;;3;2;No inventariada;0;9;7;2;;;1;1;1;;;1;998
6;4;8;48;48020;;3;2;No inventariada;0;9;7;2;;;9;1;7;;;18;998
6;5;8;48;48020;;3;2;No inventariada;0;9;20;2;;;9;1;7;;;18;998
7;5;13;48;48044;;3;2;No inventariada;0;9;7;2;;;9;1;7;;;18;998
6;1;14;48;0;;1;1;BI-2522;27;14;19;2;;;1;1;1;;;1;2
7;5;22;48;48083;;1;1;BI-757;5;6;16;2;;;1;6;1;;;1;2
7;6;17;48;0;;1;1;BI-3105;20;6;19;2;;;1;1;2;;;1;2
7;1;19;48;48078;;1;1;BI-728;13;5;4;1;4;;1;1;1;;;1;2
7;2;12;48;48078;;1;1;BI-3749;14;5;2;1;1;;1;1;1;;;1;1
7;2;16;48;48902;;1;1;No inventariada;5;14;4;1;999;;1;1;2;;;1;2
7;2;19;48;0;;1;1;N-633;13;5;2;1;4;;1;1;1;;;1;3
6;5;7;48;48045;;3;2;No inventariada;0;9;7;2;;;3;1;3;;;5;998
6;5;13;48;48036;;1;1;A-8;108;2;4;2;;;1;1;1;;;1;1
7;3;20;48;48085;;3;2;No inventariada;0;9;7;1;1;;1;1;1;;;1;998
7;4;16;48;48080;;1;1;A-8;126;3;2;1;2;;1;1;1;;;1;3
7;5;10;48;0;;1;1;BI-633;40;5;20;2;;;1;1;1;;;1;3
2;3;10;48;48044;;3;2;No inventariada;0;9;10;2;;;9;1;7;;;18;998
3;3;10;48;48044;;3;2;No inventariada;0;14;10;2;;;9;1;7;;;18;998
6;4;15;48;48082;;1;1;A-8;129;8;16;1;999;;1;1;1;;;1;3
6;3;11;48;48089;;1;1;BI-2704;20;6;10;1;4;;1;1;1;;;1;1
7;6;17;48;48901;;1;1;BI-631;13;14;15;2;;;1;1;1;;;1;1
7;4;21;48;48036;;1;1;N-634;101;5;3;1;4;;1;4;2;;;1;1
7;5;19;48;48078;;1;1;BI-3749;14;5;4;1;1;;1;1;1;;;1;1
7;2;7;48;0;;1;1;BI-2120;22;14;16;2;;;1;1;1;;;1;1
7;2;14;48;48027;;1;1;BI-623;41;5;2;1;4;BI-623;1;1;1;;;1;2
7;4;10;48;48020;;3;2;No inventariada;0;9;5;2;;;9;1;7;;;18;998
7;1;18;48;48020;;3;2;No inventariada;0;9;10;2;;;1;1;1;;;1;998
7;6;11;48;48020;;3;2;No inventariada;0;9;4;2;4;;9;1;7;;;18;998
7;3;15;48;48071;;1;1;BI-794;23;6;2;1;2;;1;1;1;;;1;3
7;1;13;48;0;;3;2;No inventariada;0;12;7;2;;;1;1;1;;;1;998
7;1;14;48;48054;;1;1;BI-637;11;5;4;2;;;1;1;1;;;1;1
7;2;13;48;48085;;3;2;No inventariada;0;14;10;1;2;;1;1;1;;;1;998
7;1;16;48;48020;;3;2;No inventariada;0;14;3;2;;;1;1;1;;;1;998
7;6;8;48;48020;;3;2;No inventariada;0;9;10;1;999;;1;1;2;;;18;998
7;4;1;48;48085;;1;1;No inventariada;0;5;15;1;4;;1;4;1;;;1;2
7;1;10;48;48085;;3;2;No inventariada;0;14;2;1;4;;1;1;1;;;1;998
7;2;19;48;0;;1;1;BI-3102;20;6;2;1;2;;1;1;1;;;2;1
7;3;20;48;0;;1;1;BI-3152;41;6;19;2;;;1;1;1;;;1;2
7;4;16;48;48020;;3;2;No inventariada;0;9;19;2;1;;1;1;1;;;1;998
7;4;0;48;48020;;3;2;No inventariada;0;9;4;2;;;9;4;1;;;1;998
7;6;14;48;48044;;1;1;BI-637;16;3;15;2;;;1;1;1;;;1;1
7;1;8;48;0;;1;1;N-637;20;3;10;2;;;1;1;1;;;1;1
7;3;15;48;0;;1;1;N-637;14;3;5;2;;;1;1;1;;;1;1
7;5;12;48;48020;;3;2;No inventariada;0;9;7;2;;;9;1;7;;;18;998
7;5;12;48;48020;;3;2;No inventariada;0;9;4;2;;;9;1;7;;;18;998
7;6;18;48;48020;;3;2;No inventariada;0;9;7;2;;;9;1;7;;;18;998
7;1;11;48;48073;;1;1;BI-638;8;6;4;2;;;1;1;1;;;4;2
7;1;14;48;0;;1;1;BI-3218;50;6;19;2;;;1;1;1;;;1;3
6;3;12;48;48011;;1;1;BI-625;382;14;2;2;;;3;1;2;;;1;2
7;3;18;48;0;;3;2;No inventariada;0;9;10;2;;;1;1;1;;;1;998
7;3;19;48;48069;;1;1;BI-2120;16;14;20;2;;;1;1;1;;;1;1
7;1;18;48;0;;1;1;BI-3218;51;5;16;2;;;1;1;2;;;1;2
7;3;19;48;48034;;1;1;BI-2301;42;5;4;1;2;;1;1;1;;;4;1
7;3;7;48;48045;;1;1;BI-636;14;3;16;1;2;;1;1;2;;;1;2
7;3;20;48;48054;;3;2;No inventariada;0;9;7;2;;;9;1;7;;;18;998
7;2;14;48;48001;;1;1;BI-633;32;6;4;1;2;;1;1;2;;;1;1
6;4;10;48;48032;;1;1;N-636;41;3;16;2;;;1;1;1;;;1;3
8;4;9;48;0;;1;1;BI-2121;28;14;7;2;;;1;1;1;;;4;2
8;4;21;48;48032;;3;2;No inventariada;0;9;20;2;;;1;4;2;;;1;998
8;4;23;48;48011;;3;2;No inventariada;0;14;16;2;;;1;6;1;;;1;998
7;2;15;48;0;;3;2;No inventariada;0;14;1;1;1;;1;1;2;;;1;998
6;4;14;48;48020;;3;2;No inventariada;0;9;7;2;2;;1;1;1;;;14;998
8;7;9;48;48044;;3;2;No inventariada;0;12;10;2;;;9;1;7;;;18;998
6;6;7;48;48044;;3;2;No inventariada;0;9;10;2;4;;3;2;4;;;1;998
7;1;9;48;0;;1;1;BI-2238;34;14;4;2;;;1;1;1;;;1;3
8;6;19;48;48085;;3;2;No inventariada;0;12;19;2;;;1;1;1;;;1;998
8;7;2;48;0;;1;1;BI-3629;55;6;16;2;;;1;6;2;;;1;1
6;5;2;48;48020;;3;2;No inventariada;0;9;10;2;;;9;1;7;;;18;998
7;6;9;48;0;;1;1;BI-3447;49;6;10;2;;;1;1;1;;;1;1
5;6;14;48;48020;;3;2;No inventariada;0;9;4;2;;;9;1;7;;;18;998
7;7;17;48;0;;1;1;BI-630;56;6;2;1;2;;1;1;1;;;1;1
7;6;10;48;0;;1;1;BI-3513;35;6;15;2;;;1;1;1;;;1;2
7;6;13;48;48003;;2;2;N-634;88;6;10;2;;;1;1;1;;;1;1
7;7;11;48;0;;1;1;BI-625;351;14;3;1;4;;1;1;1;;;1;1
7;4;12;48;0;;3;2;No inventariada;0;9;7;2;;;1;1;1;;;17;998
7;6;12;48;0;;3;2;No inventariada;0;7;19;2;;;1;1;1;;;1;998
7;3;9;48;48020;;3;2;No inventariada;0;14;10;2;;;1;1;1;;;1;998
7;5;11;48;48020;;3;2;No inventariada;0;9;7;2;;;9;1;1;;;18;998
6;2;15;48;48020;;3;2;No inventariada;0;9;6;2;4;;9;1;7;;;18;998
7;1;19;48;0;;1;1;N-634;80;6;10;1;4;;8;1;1;;;1;2
8;2;15;48;48902;;1;1;No inventariada;0;6;19;1;4;;7;1;1;;;1;3
8;3;7;48;0;;1;1;N-637;15;3;10;2;;;3;1;3;;;5;1
5;3;11;48;48020;;3;2;No inventariada;0;14;7;2;;;1;1;1;;;1;998
7;5;21;48;48069;;1;1;BI-2121;18;14;19;2;;;1;2;1;;;1;1
8;3;11;48;48020;;1;1;A-8;117;2;15;2;;;3;1;3;;;1;3
8;3;11;48;48020;;1;1;A-8;115;2;4;2;;;3;1;3;;;1;3
8;3;13;48;0;;1;1;N-637;14;3;15;2;;;3;1;3;;;1;3
8;3;13;48;48036;;1;1;AP-8;104;1;12;1;999;;3;1;1;;;1;3
8;3;14;48;0;;3;2;No inventariada;0;9;10;2;;;3;1;3;;;1;998
7;7;8;48;48020;;3;2;No inventariada;0;9;2;1;1;;1;3;1;;;1;998
8;1;12;48;48020;;3;2;No inventariada;0;9;2;1;1;;1;1;1;;;1;998
7;4;23;48;48020;;3;2;No inventariada;0;9;10;2;;;9;1;7;;;18;998
8;5;13;48;48054;;1;1;BI-637;13;3;3;1;4;;1;1;1;;;1;2
8;1;13;48;48089;;3;2;No inventariada;0;9;12;2;;;1;1;2;;;1;998
8;3;11;48;48016;;3;2;No inventariada;0;14;10;1;999;;3;1;1;;;1;998
8;3;19;48;48020;;1;1;A-8;117;2;16;2;;;3;1;2;;;1;3
8;5;0;48;0;;1;1;BI-633;57;14;10;1;999;;1;5;2;;;1;1
8;5;12;48;0;;1;1;BI-623;37;5;1;2;;;3;1;2;;;1;1
8;4;12;48;48069;;1;1;BI-631;18;5;16;2;;;1;4;2;;;1;3
7;7;15;48;48044;;3;2;No inventariada;0;9;7;2;;;9;1;7;;;18;998
7;1;10;48;48020;;3;2;No inventariada;0;9;10;2;;;1;1;1;;;18;998
7;3;20;48;48020;;3;2;No inventariada;0;9;10;2;;;9;1;7;;;18;998
8;2;18;48;0;;1;1;BI-3231;26;6;20;2;;;1;1;1;;;1;2
8;3;5;48;48080;;1;1;BI-3755;13;6;13;2;;;1;6;1;;;1;2
8;5;15;48;48045;;1;1;BI-636;12;3;2;2;;;1;1;1;;;1;1
7;4;12;48;48020;;3;2;No inventariada;0;9;4;2;;;9;1;7;;;18;998
1;4;15;48;0;;1;1;N-637;20;3;16;2;;;8;1;3;;;5;1
7;1;16;48;48080;;1;1;A-8;126;2;2;1;999;;1;1;1;;;1;3
8;3;17;48;48015;;1;1;BI-625;386;14;4;1;2;;3;1;2;;;1;1
8;1;11;48;48036;;1;1;A-8;106;2;16;2;;;1;1;2;;;1;1
6;5;8;48;48089;;3;2;No inventariada;0;14;2;1;4;;3;1;1;;;1;998
7;3;17;48;0;;1;1;BI-2704;22;6;10;2;;;1;1;2;;;1;1
8;2;9;48;48020;;3;2;No inventariada;0;9;19;2;;;1;1;1;;;1;998
7;7;10;48;48020;;3;2;No inventariada;0;9;10;2;;;9;1;7;;;18;998
8;6;23;48;48080;;1;1;BI-3747;13;14;16;1;4;;1;4;1;;;1;3
8;3;5;48;0;;1;1;BI-636;17;3;12;2;;;3;4;3;;;1;2
8;3;7;48;0;;1;1;BI-636;17;3;12;2;;;3;4;3;;;1;2
8;3;12;48;48902;;1;1;BI-711;11;6;2;1;2;;1;1;2;;;1;1
8;4;17;48;48016;;3;2;No inventariada;0;9;10;2;;;1;1;1;;;1;998
8;5;22;48;48020;;3;2;No inventariada;0;9;4;2;;;1;3;1;;;1;998
6;6;14;48;48020;;3;2;No inventariada;0;9;6;2;;;1;1;1;;;1;998
8;1;17;48;0;;1;1;N-240;53;5;4;2;;;1;1;2;;;1;1
8;4;11;48;48003;;1;1;N-634;88;14;4;2;;;1;1;1;;;1;1
8;4;21;48;48013;;1;1;AP-8;124;1;10;2;;;1;4;1;;;1;3
8;5;15;48;48011;;3;2;No inventariada;0;14;17;2;;;1;1;1;;;1;998
8;6;9;48;48001;;1;1;N-634;78;6;19;1;4;;1;1;1;;;1;2
8;3;7;48;48902;;1;1;No inventariada;5;3;16;2;;;3;1;2;;;1;3
8;7;7;48;48043;;3;2;No inventariada;0;14;16;2;;;3;1;3;;;1;998
8;7;9;48;48020;;1;1;No inventariada;1;8;16;2;;;3;1;4;;;1;4
8;3;13;48;48020;;3;2;No inventariada;0;14;10;2;;;3;2;3;;;1;998
7;2;17;48;48020;;3;2;No inventariada;0;9;10;2;4;;9;1;1;;;1;998
8;6;14;48;48020;;3;2;No inventariada;0;14;7;2;;;9;1;1;;;1;998
8;1;11;48;48020;;3;2;No inventariada;0;9;4;2;;;3;1;1;;;1;998
8;5;12;48;48020;;3;2;No inventariada;0;14;1;2;;;1;1;1;;;11;998
6;2;8;48;48020;;3;2;No inventariada;0;9;3;2;1;;1;1;1;;;18;998
8;1;12;48;48003;;1;1;N-634;87;14;2;1;2;;1;1;1;;;1;3
8;7;15;48;48013;;1;1;AP-8;124;1;4;2;;;1;4;1;;;1;1
7;2;20;48;48020;;3;2;No inventariada;0;9;7;2;;;9;1;7;;;18;998
6;2;13;48;48020;;3;2;No inventariada;0;9;10;2;;;9;1;7;;;18;998
6;4;12;48;48020;;3;2;No inventariada;0;9;4;2;;;9;1;7;;;18;998
8;5;14;48;0;;1;1;N-637;17;3;10;1;2;;1;1;1;;;1;2
8;1;15;48;48003;;1;1;BI-635;24;5;2;1;4;;1;1;1;;;1;3
8;1;20;48;0;;1;1;BI-630;57;14;19;2;;;1;2;1;;;1;2
8;6;17;48;48020;;3;2;No inventariada;0;9;7;2;4;;1;1;1;;;1;998
8;1;15;48;48015;;1;1;A-8;110;8;16;2;;;1;1;1;;;1;1
8;4;21;48;0;;1;1;BI-3102;19;5;8;2;;;1;6;2;;;1;1
8;5;18;48;48089;;3;2;No inventariada;0;14;10;2;;;1;1;1;;;1;998
8;5;12;48;48020;;3;2;No inventariada;0;9;4;2;;;1;1;1;;;1;998
7;3;11;48;48020;;3;2;No inventariada;0;9;7;2;;;9;1;7;;;18;998
8;5;18;48;48036;;1;1;N-634;103;5;16;1;2;;1;1;1;;;1;1
8;7;20;48;48901;;1;1;No inventariada;0;8;12;1;2;;1;1;1;;;1;3
8;7;21;48;48020;;3;2;No inventariada;0;9;10;2;;;9;1;7;;;18;998
7;5;2;48;48020;;3;2;No inventariada;0;14;4;2;;;1;4;1;;;1;998
8;3;19;48;48080;;1;1;A-8;127;3;2;1;999;;1;1;1;;;1;3
8;2;6;48;48003;;1;1;N-634;89;6;2;1;2;;1;4;1;;;1;1
8;6;16;48;48902;;1;1;N-637;13;3;16;2;;;3;1;3;;;1;1
6;4;9;48;48020;;3;2;No inventariada;0;9;20;2;;;9;1;7;;;18;998
8;6;17;48;48036;;1;1;BI-3720;7;14;2;1;2;;1;1;1;;;1;1
8;4;20;48;48043;;1;1;BI-2120;26;6;10;1;4;;1;1;1;;;1;1
8;6;14;48;0;;3;2;No inventariada;0;14;19;2;;;1;1;1;;;1;998
8;3;14;48;48901;;3;2;No inventariada;0;14;2;2;;;1;1;1;;;1;998
8;1;20;48;48069;;3;2;No inventariada;0;14;7;2;;;1;1;1;;;1;998
8;2;14;48;48902;;1;1;No inventariada;5;8;4;1;2;;1;1;1;;;1;4
8;4;20;48;48020;;3;2;No inventariada;0;9;2;2;;;9;1;7;;;18;998
8;5;14;48;48085;;1;1;BI-3114;20;5;4;1;2;;1;1;1;;;1;3
8;2;19;48;48036;;1;1;N-634;103;14;19;1;4;;1;1;1;;;1;1
8;3;20;48;48020;;3;2;No inventariada;0;14;18;2;;;8;1;1;;;1;998
8;7;17;48;48020;;3;2;BI-631;0;14;5;2;;;9;1;7;;;18;998
8;7;20;48;48071;;2;2;No inventariada;132;6;12;2;;;1;1;1;;;1;2
8;5;16;48;0;;3;2;No inventariada;0;9;20;2;;;1;1;1;;;1;998
7;2;22;48;48020;;3;2;No inventariada;0;9;7;2;1;;9;3;2;;;1;998
8;4;19;48;48003;;1;1;N-634;91;14;15;1;4;;7;1;1;;;1;2
8;4;11;48;48003;;1;1;AP-8;91;1;12;2;;;3;1;3;;;1;1
8;4;12;48;0;;1;1;No inventariada;24;6;9;1;4;;3;1;2;;;1;2
8;4;21;48;48029;;1;1;N-634;105;14;4;2;;;3;4;2;;;1;1
8;4;20;48;48054;;3;2;No inventariada;0;9;10;2;;;3;2;3;;;1;998
8;5;6;48;0;;1;1;BI-3614;34;14;1;2;;;3;2;2;;;1;2
4;7;18;48;0;;3;2;No inventariada;0;9;7;2;;;1;1;1;;;1;998
8;5;10;48;48020;;3;2;No inventariada;0;14;2;2;;;9;1;7;;;18;998
8;3;11;48;48020;;3;2;No inventariada;0;14;10;2;;;9;1;7;;;18;998
8;3;8;48;48044;;3;2;No inventariada;0;9;2;2;;;9;1;7;;;18;998
8;4;18;48;48020;;3;2;No inventariada;0;9;7;2;;;9;1;7;;;18;998
8;3;12;48;48020;;3;2;No inventariada;0;9;2;2;1;;1;1;1;;;1;998
8;4;1;48;48020;;3;2;No inventariada;0;9;2;1;4;;3;4;1;;;1;998
8;3;12;48;48011;;1;1;BI-625;382;6;1;2;;;1;1;1;;;1;1
8;6;18;48;48003;;1;1;AP-8;97;1;4;2;;;4;1;4;;;5;1
8;7;16;48;48020;;3;2;No inventariada;0;9;10;2;;;9;1;7;;;18;998
7;3;12;48;48020;;3;2;No inventariada;0;9;10;2;;;1;1;1;;;1;998
7;1;20;48;48020;;3;2;No inventariada;0;9;10;2;;;9;1;7;;;18;998
6;3;12;48;0;;1;1;BI-623;36;6;10;2;;;3;1;1;;;1;2
7;4;18;48;0;;1;1;N-240;48;6;12;2;;;1;1;1;;;1;2
7;2;19;48;48011;;3;2;No inventariada;0;9;19;1;2;;1;1;2;;;1;998
8;6;9;48;0;;3;2;No inventariada;0;9;19;2;;;1;1;1;;;1;998
9;7;19;48;0;;3;2;No inventariada;0;14;10;2;;;1;2;1;;;1;998