MES;DIA_SEMANA;HORA;COD_PROVINCIA;COD_MUNICIPIO;ISLA;ZONA;ZONA_AGRUPADA;CARRETERA;KM;TIPO_VIA;TIPO_ACCIDENTE;NUDO;NUDO_INFO;CARRETERA_CRUCE;CONDICION_FIRME;CONDICION_ILUMINACION;CONDICION_METEO;CONDICION_NIEBLA;CONDICION_VIENTO;VISIB_RESTRINGIDA_POR;TRAZADO_PLANTA
9;2;8;48;48020;;3;2;No inventariada;0;9;16;1;2;;9;1;7;;;18;998
8;7;13;48;48020;;3;2;No inventariada;0;9;3;2;;;9;1;7;;;18;998
8;5;16;48;48020;;3;2;No inventariada;0;9;4;2;;;9;1;7;;;18;998
6;3;14;48;48020;;3;2;No inventariada;0;9;2;2;;;9;1;7;;;18;998
9;2;22;48;48020;;3;2;No inventariada;0;9;6;2;;;1;4;1;;;1;998
9;1;19;48;48015;;1;1;A-8;110;3;19;2;;;3;1;2;;;1;2
9;1;23;48;48083;;1;1;A-8;127;8;12;2;;;3;3;3;;;1;3
9;2;7;48;0;;1;1;BI-2120;24;6;19;2;;;3;2;1;;;1;1
8;2;7;48;48020;;3;2;No inventariada;0;9;10;2;;;9;1;7;;;18;998
7;4;21;48;48020;;3;2;No inventariada;0;9;3;2;1;;9;1;1;;;18;998
5;5;18;48;48044;;3;2;No inventariada;0;9;2;2;1;;1;1;1;;;1;998
7;1;12;48;48003;;1;1;N-634;89;14;3;1;2;;1;1;1;;;1;1
8;4;13;48;0;;1;1;BI-3321;36;7;19;2;;;1;1;1;;;1;1
8;4;20;48;0;;3;2;No inventariada;0;14;6;2;;;1;1;1;;;1;998
9;4;1;48;48020;;1;1;A-8;116;2;16;2;;;3;4;3;;;1;3
9;4;8;48;48020;;3;2;No inventariada;0;14;2;1;4;;8;1;1;;;1;998
9;2;12;48;48020;;3;2;No inventariada;0;14;10;2;;;9;1;7;;;18;998
8;4;13;48;48020;;3;2;No inventariada;0;9;3;2;;;9;1;7;;;18;998
9;1;19;48;48020;;3;2;No inventariada;0;14;4;2;;;9;1;7;;;18;998
6;7;10;48;48044;;3;2;No inventariada;0;12;10;2;4;;3;1;4;;;18;998
9;2;22;48;48044;;3;2;No inventariada;0;9;7;2;1;;3;1;3;;;5;998
8;3;8;48;48902;;1;1;No inventariada;4;5;4;2;;;3;1;2;;;1;3
8;7;12;48;48071;;3;2;No inventariada;0;14;19;2;;;8;1;2;;;1;998
9;3;21;48;48054;;1;1;BI-637;13;3;11;2;;;3;4;3;;;1;2
8;1;14;48;48020;;3;2;No inventariada;0;9;2;2;1;;1;1;1;;;1;998
9;6;0;48;0;;1;1;BI-635;33;14;16;2;;;1;4;1;;;1;1
7;6;11;48;48046;;3;2;No inventariada;0;14;20;1;4;;1;1;1;;;1;998
9;1;12;48;0;;1;1;BI-2224;36;5;18;2;;;1;1;1;;;1;2
9;7;11;48;48901;;1;1;N-633;10;14;12;2;;;3;1;1;;;1;2
8;1;19;48;48020;;3;2;No inventariada;0;9;7;2;;;1;1;1;;;1;998
8;4;12;48;48020;;3;2;No inventariada;0;14;16;2;;;3;1;3;;;1;998
8;6;13;48;48020;;3;2;No inventariada;0;9;20;2;;;9;1;7;;;18;998
8;3;8;48;48020;;3;2;No inventariada;0;9;10;2;;;9;1;7;;;18;998
8;3;7;48;48020;;3;2;No inventariada;0;14;10;2;;;9;1;7;;;18;998
6;6;17;48;48020;;3;2;No inventariada;0;12;1;2;;;9;1;7;;;18;998
8;6;20;48;48020;;3;2;No inventariada;0;9;4;2;;;9;1;7;;;18;998
7;7;16;48;48032;;1;1;BI-3321;37;6;1;2;;;1;1;1;;;1;2
8;7;17;48;48020;;3;2;No inventariada;0;12;10;2;;;1;1;1;;;1;998
8;3;13;48;48020;;3;2;No inventariada;0;14;7;2;;;9;1;7;;;18;998
7;6;10;48;0;;3;2;No inventariada;0;9;10;2;;;1;1;1;;;1;998
9;3;19;48;48043;;1;1;BI-3154;0;14;10;2;;;3;1;3;;;1;2
9;4;20;48;0;;1;1;BI-633;53;14;1;1;2;;3;1;4;;;5;1
9;2;6;48;48020;;1;1;A-8;117;2;3;2;;;3;4;3;;;1;3
8;5;14;48;48020;;3;2;No inventariada;0;9;5;2;;;9;1;7;;;18;998
9;3;18;48;48036;;1;1;N-634;97;6;3;1;4;;1;1;2;;;1;1
9;5;19;48;48083;;1;1;BI-757;5;5;12;2;;;1;1;1;;;1;2
9;2;17;48;48020;;3;2;No inventariada;0;9;2;2;;;9;1;7;;;18;998
9;4;21;48;0;;1;1;N-639;20;14;16;2;;;3;6;2;;;1;2
7;7;18;48;0;;1;1;BI-635;27;6;12;2;;;1;1;1;;;1;2
9;3;8;48;48069;;1;1;BI-631;19;14;16;1;999;;1;1;1;;;1;3
9;4;12;48;0;;1;1;BI-2121;22;14;18;2;;;7;1;3;;;1;3
9;4;14;48;0;;1;1;AP-8;77;1;16;2;;;3;1;3;;;1;2
9;4;18;48;0;;2;2;BI-633;54;6;15;2;;;3;1;2;;;1;3
9;5;8;48;48902;;1;1;No inventariada;0;2;10;2;;;3;1;3;;;1;2
9;5;8;48;48902;;1;1;No inventariada;0;2;12;2;;;3;1;1;;;1;2
9;3;9;48;48902;;1;1;N-637;12;5;20;2;;;1;1;2;;;1;3
9;3;13;48;48043;;3;2;No inventariada;0;14;10;2;;;1;1;1;;;1;998
9;6;22;48;0;;1;1;BI-3114;24;6;2;2;;;1;4;1;;;1;1
8;1;11;48;48085;;3;2;No inventariada;0;14;3;2;;;1;1;1;;;1;998
8;3;8;48;48069;;1;1;BI-2101;21;5;18;2;;;3;1;3;;;1;2
8;3;20;48;48901;;3;2;No inventariada;0;9;20;2;;;1;1;1;;;1;998
8;6;12;48;48001;;3;2;No inventariada;0;9;10;2;;;1;1;1;;;1;998
8;6;16;48;48043;;3;2;No inventariada;0;9;19;2;;;3;1;3;;;1;998
8;7;9;48;48089;;1;1;BI-2704;17;6;15;2;;;3;1;1;;;1;2
8;7;14;48;0;;3;2;No inventariada;0;9;10;1;1;;1;1;1;;;1;998
9;3;0;48;48085;;3;2;No inventariada;0;9;10;2;;;1;4;1;;;1;998
9;3;22;48;48003;;1;1;AP-8;96;1;15;2;;;3;6;4;;;1;1
9;5;7;48;48044;;1;1;BI-637;15;5;12;2;;;3;1;2;;;1;1
9;5;8;48;0;;1;1;BI-633;44;6;15;2;;;3;1;3;;;1;2
9;5;10;48;48003;;1;1;BI-3334;93;8;12;2;;;1;1;1;;;1;1
9;6;10;48;0;;1;1;BI-3123;27;6;16;2;;;8;1;1;;;1;3
8;2;14;48;0;;1;1;BI-2101;25;14;19;2;;;1;1;1;;;1;1
9;1;21;48;48013;;1;1;A-8;123;3;12;2;;;3;3;3;;;1;2
9;5;3;48;0;;1;1;BI-635;28;5;12;2;;;3;6;4;;;1;2
9;2;20;48;48071;;1;1;No inventariada;131;6;2;1;2;;1;3;1;;;1;2
9;3;14;48;48036;;1;1;AP-8;102;1;12;2;;;1;1;2;;;1;1
9;4;17;48;48015;;1;1;A-8;111;2;4;2;;;3;1;3;;;1;1
9;5;8;48;48020;;3;2;No inventariada;0;9;10;2;;;3;1;3;;;1;998
9;7;4;48;48071;;1;1;BI-3796;0;6;13;2;;;1;5;1;;;1;2
9;4;14;48;0;;1;1;BI-626;3;8;15;2;;;3;1;3;;;1;2
9;4;19;48;48020;;1;1;A-8;117;2;4;2;;;3;1;2;;;1;3
9;1;8;48;48089;;3;2;No inventariada;0;14;7;2;;;1;1;1;;;6;998
9;1;12;48;0;;1;1;BI-633;32;14;2;2;;;1;1;1;;;1;2
7;3;20;48;0;;3;2;No inventariada;0;9;7;2;;;1;1;2;;;17;998
8;1;3;48;0;;1;1;BI-725;18;14;18;2;;;1;4;1;;;1;2
9;4;15;48;0;;1;1;BI-3632;31;14;20;2;;;3;1;4;;;1;2
9;4;20;48;48011;;1;1;BI-625;383;14;20;2;;;3;3;2;;;1;1
8;6;13;48;48020;;3;2;No inventariada;0;9;3;2;;;1;1;1;;;1;998
6;7;19;48;48020;;3;2;No inventariada;0;9;5;2;;;1;1;1;;;1;998
8;3;21;48;0;;1;1;BI-2522;25;14;2;1;2;;1;5;2;;;1;1
8;3;14;48;48001;;1;1;BI-623;29;6;15;2;;;3;1;2;;;1;2
8;5;13;48;0;;1;1;N-240;43;6;3;2;;;1;1;1;;;1;2
8;2;8;48;48082;;1;1;N-644;132;5;3;2;;;1;1;1;;;1;1
9;7;10;48;0;;3;2;No inventariada;0;14;10;2;;;3;1;1;;;1;998
9;4;18;48;48020;;1;1;A-8;116;1;16;2;;;3;1;3;;;1;3
9;5;14;48;48069;;1;1;BI-631;17;3;4;2;;;1;1;1;;;1;3
9;4;6;48;48013;;1;1;AP-8;120;1;4;2;;;1;4;1;;;1;1
9;4;7;48;48901;;3;2;No inventariada;0;14;20;2;;;1;1;1;;;1;998
8;5;12;48;48044;;1;1;BI-637;14;8;4;1;2;;1;1;1;;;1;2
8;7;11;48;0;;1;1;BI-2121;34;5;10;1;2;;3;1;2;;;1;1
9;5;18;48;0;;1;1;BI-3215;38;6;16;2;;;1;1;1;;;1;1
9;1;13;48;48001;;2;2;N-636;49;3;4;2;;;1;1;1;;;1;1
9;2;8;48;48013;;1;1;A-8;124;3;4;2;;;1;1;1;;;1;1
9;3;15;48;48054;;1;1;BI-637;13;5;4;2;;;1;1;1;;;1;1
9;4;12;48;0;;1;1;AP-8;75;1;4;2;;;1;1;1;;;1;2
9;5;22;48;48044;;1;1;BI-637;16;3;16;2;;;3;4;4;;;1;1
8;2;22;48;48020;;3;2;No inventariada;0;9;7;2;;;9;1;7;;;18;998
9;7;17;48;0;;1;1;BI-2524;15;6;10;2;;;2;1;1;;;1;3
9;6;6;48;48003;;1;1;BI-635;24;5;16;1;4;;3;4;2;;;1;2
9;6;20;48;48003;;1;1;AP-8;99;1;12;2;;;3;4;4;;;1;1
9;3;10;48;48020;;3;2;No inventariada;0;14;2;2;4;;1;1;1;;;1;998
9;5;12;48;48020;;3;2;No inventariada;0;9;7;2;;;1;1;1;;;18;998
8;5;13;48;48020;;3;2;No inventariada;0;9;10;1;1;;1;1;1;;;1;998
9;3;8;48;48020;;3;2;No inventariada;0;12;10;2;;;1;1;1;;;1;998
7;2;11;48;48020;;1;1;AP-8;116;1;4;2;;;1;1;1;;;1;1
9;6;11;48;0;;1;1;BI-633;41;14;19;2;;;3;1;2;;;1;1
8;7;6;48;48020;;3;2;No inventariada;0;9;10;1;999;;9;1;7;;;18;998
8;5;0;48;48020;;3;2;No inventariada;0;14;10;2;;;9;1;7;;;18;998
9;6;20;48;48020;;3;2;No inventariada;0;9;3;2;;;9;1;7;;;18;998
8;7;17;48;48044;;3;2;No inventariada;0;9;3;2;;;1;1;1;;;1;998
9;3;19;48;48002;;3;2;No inventariada;0;14;10;2;;;2;1;3;;;1;998
9;5;21;48;48036;;1;1;N-634;105;14;19;2;;;1;6;1;;;1;3
9;2;17;48;48036;;1;1;N-634;100;8;4;2;;;1;1;1;;;1;3
9;1;8;48;48020;;3;2;No inventariada;0;9;7;2;;;9;1;7;;;18;998
8;4;17;48;48020;;3;2;No inventariada;0;14;1;2;;;9;1;7;;;18;998
8;4;14;48;48003;;1;1;AP-8;94;1;16;2;;;1;1;1;;;1;3
8;5;17;48;48082;;1;1;N-644;132;3;15;2;;;1;1;1;;;1;2
8;4;11;48;48013;;1;1;A-8;121;3;2;2;;;1;1;1;;;1;3
9;2;14;48;0;;1;1;BI-3614;34;6;1;2;;;1;1;1;;;1;2
9;2;11;48;0;;1;1;BI-3738;17;6;2;1;2;;1;1;1;;;1;1
9;2;11;48;48901;;1;1;BI-631;8;6;4;1;2;;1;1;1;;;1;3
9;2;13;48;0;;1;1;BI-2604;22;4;20;2;;;1;1;1;;;1;3
9;1;5;48;48020;;1;1;A-8;114;3;16;2;;;3;4;2;;;1;2
9;1;13;48;48089;;3;2;No inventariada;0;9;19;2;;;1;1;1;;;1;998
9;3;17;48;0;;3;2;No inventariada;0;9;19;2;;;1;1;1;;;1;998
9;4;17;48;0;;2;2;BI-3215;43;5;4;1;4;BI-3215;1;2;1;;;1;1
9;1;17;48;48020;;3;2;No inventariada;0;9;6;2;;;9;1;7;;;18;998
8;6;10;48;48001;;1;1;N-634;79;14;3;1;2;;1;1;1;;;1;1
9;7;14;48;48054;;3;2;No inventariada;0;9;12;2;;;1;1;1;;;1;998
9;4;6;48;48045;;1;1;BI-636;12;3;3;2;;;3;6;3;;;1;3
6;6;20;48;48044;;3;2;No inventariada;0;9;3;2;2;;1;1;1;;;1;998
9;4;16;48;48044;;3;2;No inventariada;0;9;4;2;;;1;1;1;;;1;998
6;7;15;48;48044;;3;2;No inventariada;0;14;7;2;;;9;1;7;;;18;998
7;3;17;48;48044;;3;2;No inventariada;0;9;3;2;;;1;1;1;;;1;998
7;3;20;48;48044;;3;2;No inventariada;0;12;10;2;;;9;1;7;;;18;998
8;7;13;48;48043;;3;2;No inventariada;0;14;7;2;;;1;1;1;;;6;998
8;3;7;48;48069;;1;1;BI-631;19;3;12;1;2;;3;2;2;;;1;3
9;4;10;48;0;;1;1;BI-3641;19;14;2;1;2;;3;1;3;;;1;2
9;6;9;48;48020;;3;2;No inventariada;0;9;10;2;;;9;1;7;;;18;998
9;5;8;48;48020;;3;2;No inventariada;0;9;6;2;;;9;1;7;;;18;998
9;5;22;48;48044;;3;2;No inventariada;0;9;1;2;;;1;4;1;;;4;998
9;6;20;48;48083;;1;1;BI-757;4;6;19;2;;;1;6;1;;;1;2
9;7;5;48;0;;1;1;BI-2604;17;6;14;1;4;;1;4;1;;;1;3
9;7;12;48;48054;;1;1;BI-738;10;14;10;1;2;;1;1;1;;;1;1
9;7;13;48;48045;;3;2;No inventariada;0;9;2;1;1;;1;1;1;;;1;998
9;4;7;48;48069;;1;1;BI-631;19;5;4;1;4;;3;3;3;;;1;1
9;7;21;48;48001;;1;1;BI-623;29;6;19;2;;;3;6;2;;;1;2
8;6;12;48;48044;;3;2;No inventariada;0;14;4;2;;;9;1;7;;;18;998
10;2;19;48;48020;;3;2;No inventariada;0;9;10;2;;;9;1;7;;;18;998
8;7;12;48;0;;1;1;A-8;132;2;12;2;;;1;1;1;;;1;1
9;7;7;48;48011;;1;1;BI-625;381;14;19;2;;;1;1;2;;;1;2
9;5;14;48;0;;1;1;N-637;16;3;4;2;;;1;1;1;;;1;1
9;5;8;48;48036;;1;1;N-634;102;6;4;2;;;1;1;1;;;1;1
10;2;16;48;48902;;3;2;No inventariada;0;14;12;2;;;3;1;3;;;5;998
10;2;17;48;0;;3;2;No inventariada;0;14;10;2;;;3;1;3;;;1;998
9;7;10;48;48003;;3;2;No inventariada;0;12;10;2;;;3;1;2;;;1;998
9;2;18;48;48069;;1;1;BI-2121;18;6;16;2;;;1;1;2;;;1;2
9;1;14;48;48011;;3;2;No inventariada;0;9;7;1;2;;1;1;1;;;1;998
10;2;14;48;0;;1;1;AP-68;21;1;12;2;;;1;1;1;;;1;1
10;2;19;48;48054;;1;1;BI-637;13;5;4;2;;;1;3;3;;;1;1
9;2;9;48;48020;;3;2;No inventariada;0;14;2;2;4;;9;1;7;;;18;998
9;6;8;48;48045;;1;1;BI-636;15;14;12;2;;;3;1;3;;;1;1
10;3;12;48;48036;;1;1;N-637;27;3;16;2;;;3;1;4;;;1;2
10;3;20;48;48045;;1;1;BI-636;19;14;16;2;;;3;4;3;;;1;3
9;6;18;48;48020;;3;2;No inventariada;0;9;1;2;;;3;1;4;;;18;998
8;4;13;48;48901;;1;1;No inventariada;0;8;18;2;;;3;1;2;;;1;2
10;4;13;48;0;;1;1;BI-3614;29;14;1;1;2;;1;1;1;;;4;4
10;4;18;48;48054;;3;2;No inventariada;0;7;2;2;;;1;1;1;;;1;998
10;5;13;48;48902;;1;1;N-637;10;8;16;1;2;N-637;1;1;1;;;1;3
10;5;18;48;48003;;1;1;BI-635;24;6;4;2;;;1;1;1;;;1;1
10;6;17;48;48044;;3;2;No inventariada;0;12;10;2;;;9;1;7;;;18;998
9;4;19;48;48036;;3;2;No inventariada;0;9;12;2;;;1;1;1;;;1;998
10;7;0;48;0;;1;1;N-240;28;14;16;2;;;3;6;3;;;1;1
9;4;19;48;48020;;3;2;No inventariada;0;9;6;2;;;1;1;1;;;18;998
9;3;19;48;48020;;3;2;No inventariada;0;9;2;2;;;9;1;7;;;18;998
9;5;19;48;48020;;3;2;No inventariada;0;9;10;2;1;;3;4;3;;;18;998
9;6;4;48;48020;;3;2;No inventariada;0;9;10;2;;;1;4;1;;;1;998
9;4;7;48;48020;;3;2;No inventariada;0;9;2;2;;;9;1;7;;;18;998
9;1;10;48;48020;;3;2;No inventariada;0;9;20;2;;;9;1;1;;;1;998
8;6;12;48;48902;;1;1;BI-738;9;14;19;1;2;;1;1;1;;;1;1
9;6;10;48;48069;;1;1;BI-631;15;3;16;2;;;4;1;4;;;3;1
10;1;9;48;48902;;1;1;No inventariada;2;6;4;1;999;;3;1;3;;;1;1
10;1;16;48;48085;;3;2;No inventariada;0;14;2;1;1;;1;1;1;;;1;998
9;7;11;48;48020;;3;2;No inventariada;0;9;10;2;;;3;1;3;;;1;998
9;7;16;48;48020;;3;2;BI-631;0;14;9;2;;;3;1;3;;;1;998
9;1;8;48;48013;;1;1;N-637;9;8;4;2;;;3;1;1;;;1;1
10;2;17;48;48902;;1;1;BI-707;18;6;2;1;2;;1;1;2;;;1;1
8;5;13;48;0;;1;1;BI-2235;48;6;4;1;2;;1;1;1;;;1;3
9;1;16;48;48060;;1;1;BI-633;44;5;2;2;;;1;1;1;;;1;1
9;1;21;48;48036;;1;1;N-634;103;5;16;1;4;;1;4;1;;;1;1
10;4;14;48;48054;;1;1;BI-637;11;5;4;2;;;1;1;2;;;1;1
10;4;16;48;48078;;1;1;BI-728;13;6;15;1;4;BI-728;1;1;1;;;1;2
10;4;18;48;0;;1;1;BI-630;39;6;10;2;;;3;1;2;;;1;2
9;7;15;48;48020;;3;2;No inventariada;0;9;2;2;;;3;1;3;;;1;998
10;2;17;48;48020;;3;2;No inventariada;0;9;2;2;;;9;1;7;;;18;998
7;3;11;48;0;;1;1;BI-794;24;6;2;1;2;;1;1;1;;;1;1
10;4;17;48;48080;;1;1;AP-8;125;1;6;2;;;1;1;2;;;1;1
10;5;14;48;48036;;1;1;N-240;55;6;4;1;4;;1;1;1;;;1;1
10;2;18;48;48020;;3;2;No inventariada;0;9;4;2;;;1;1;1;;;1;998
8;4;16;48;0;;3;2;No inventariada;0;14;7;2;;;1;1;1;;;1;998
9;5;12;48;48902;;1;1;BI-735;10;5;4;1;2;;1;1;1;;;1;1
9;2;20;48;48045;;1;1;BI-636;21;14;16;2;;;1;6;2;;;1;3
10;3;22;48;48054;;1;1;BI-637;13;3;12;2;;;3;4;1;;;1;2
10;5;23;48;48020;;1;1;BI-631;1;5;4;2;;;1;4;1;;;1;1
9;5;20;48;0;;1;1;BI-625;377;14;6;2;;;3;4;3;;;5;4
10;1;7;48;48085;;1;1;No inventariada;0;6;15;1;4;;3;6;4;;;5;1
10;5;10;48;0;;1;1;BI-2604;18;6;10;2;;;1;1;1;;;1;1
8;1;18;48;48020;;3;2;No inventariada;0;9;4;2;;;1;1;1;;;1;998
7;2;22;48;48020;;3;2;No inventariada;0;9;7;2;2;;3;2;3;;;1;998
8;1;7;48;48003;;1;1;N-634;90;6;1;2;;;1;1;1;;;1;3
9;5;19;48;0;;3;2;No inventariada;0;9;1;2;;;1;1;1;;;4;998
9;3;1;48;48082;;3;2;No inventariada;0;9;10;2;;;1;4;1;;;1;998
10;1;17;48;48017;;1;1;BI-631;32;14;2;2;;;3;1;3;;;1;2
6;4;6;48;48044;;3;2;No inventariada;0;12;7;2;;;9;1;7;;;18;998
10;4;7;48;48020;;3;2;No inventariada;0;14;2;2;;;9;1;7;;;18;998
9;5;6;48;48902;;1;1;No inventariada;7;6;7;2;;;3;4;3;;;1;2
9;5;16;48;0;;1;1;No inventariada;41;5;7;2;;;1;1;1;;;1;1
9;6;15;48;0;;1;1;BI-707;19;6;10;2;;;3;1;2;;;1;1
10;4;11;48;48045;;1;1;BI-3651;19;14;19;2;;;1;1;1;;;1;1
10;1;12;48;48003;;1;1;N-634;88;14;3;2;;;1;1;1;;;1;3
9;5;9;48;48020;;3;2;No inventariada;0;9;7;2;;;1;1;1;;;1;998
10;3;12;48;48044;;3;2;No inventariada;0;9;7;2;;;9;1;7;;;18;998
10;1;11;48;48020;;3;2;No inventariada;0;12;10;2;;;2;1;7;;;18;998
10;2;13;48;48902;;1;1;BI-711;10;6;10;2;;;1;1;1;;;1;1
9;7;19;48;48020;;3;2;No inventariada;0;9;4;2;;;1;2;1;;;18;998
9;7;0;48;48020;;3;2;No inventariada;0;9;16;2;;;4;4;4;;;5;998
10;1;13;48;48020;;3;2;No inventariada;0;9;7;2;;;1;1;1;;;1;998
9;6;17;48;48003;;1;1;AP-8;101;3;12;2;;;3;1;2;;;1;3
10;7;22;48;48003;;1;1;BI-3334;93;14;4;1;999;;3;4;1;;;1;1
10;3;10;48;48071;;1;1;A-8;136;2;20;2;;;3;1;3;;;1;2
10;3;17;48;48085;;3;2;No inventariada;0;9;7;2;;;3;3;3;;;1;998
10;4;8;48;48001;;1;1;AP-8;85;1;2;2;;;3;1;4;;;1;3
10;4;13;48;0;;1;1;AP-68;20;2;16;2;;;3;1;2;;;1;1
10;4;8;48;48020;;3;2;No inventariada;0;9;7;2;;;3;4;4;;;18;998
10;6;14;48;0;;1;1;N-240;32;14;19;2;;;1;1;1;;;1;4
10;7;11;48;0;;1;1;BI-3215;47;6;4;2;;;1;1;2;;;1;1
10;7;21;48;48080;;1;1;A-8;125;2;4;2;;;1;4;1;;;1;1
10;4;13;48;48015;;1;1;A-8;109;3;19;2;;;3;1;3;;;1;3
10;5;14;48;48902;;1;1;N-637;13;3;4;2;;;1;1;1;;;1;1
8;6;22;48;48020;;3;2;No inventariada;0;9;19;2;2;;3;4;3;;;18;998
10;7;2;48;48036;;1;1;BI-2713;10;6;15;1;4;;3;4;3;;;1;2
10;7;18;48;48013;;1;1;A-8;123;3;15;2;;;3;1;3;;;1;3
10;1;12;48;48071;;2;2;No inventariada;132;6;1;1;1;;1;1;1;;;1;1
10;4;6;48;48069;;1;1;BI-631;16;3;12;2;;;4;5;4;;;1;1
10;5;11;48;48901;;1;1;N-633;11;14;12;2;;;3;1;1;;;1;4
10;5;23;48;0;;1;1;BI-635;30;5;2;2;;;3;4;2;;;1;1
10;6;20;48;48902;;3;2;No inventariada;0;9;19;2;;;1;5;2;;;1;998
10;2;12;48;48036;;1;1;N-634;99;14;4;2;;;1;1;1;;;1;1
10;3;13;48;0;;3;2;No inventariada;0;14;10;2;;;1;1;1;;;1;998
10;4;13;48;48036;;1;1;AP-8;103;1;12;2;;;3;1;4;;;1;1
10;5;6;48;0;;1;1;AP-8;75;1;12;2;;;3;2;3;;;1;2
10;6;0;48;48020;;1;1;No inventariada;0;8;16;2;;;8;4;2;;;1;3
10;6;5;48;48902;;1;1;No inventariada;5;5;10;2;;;1;4;2;;;1;3
10;2;12;48;48020;;3;2;No inventariada;0;9;16;2;;;1;1;1;;;18;998
9;5;15;48;48020;;3;2;No inventariada;0;9;10;2;;;9;1;7;;;18;998
10;7;12;48;48902;;3;2;No inventariada;0;9;20;2;;;1;1;1;;;1;998
10;4;15;48;48020;;1;1;N-634;106;14;12;2;;;3;1;2;;;1;3
10;1;11;48;48020;;3;2;No inventariada;0;9;6;2;;;1;1;1;;;18;998
9;3;8;48;48020;;3;2;No inventariada;0;9;10;2;;;1;1;1;;;18;998
10;1;13;48;48020;;3;2;No inventariada;0;9;4;2;4;;1;1;1;;;1;998
10;2;18;48;48020;;3;2;No inventariada;0;9;2;2;;;1;1;1;;;18;998
10;7;10;48;48002;;3;2;No inventariada;0;14;1;2;;;1;1;1;;;1;998
10;1;13;48;48020;;1;1;A-8;120;2;4;2;;;1;1;1;;;1;1
10;2;8;48;48020;;1;1;BI-631;1;8;4;2;;;3;3;3;;;1;1
10;1;21;48;48020;;3;2;No inventariada;0;9;7;2;;;1;4;1;;;1;998
10;1;21;48;48020;;3;2;No inventariada;0;9;7;2;;;1;4;1;;;1;998
10;1;15;48;0;;1;1;N-240;50;5;7;2;;;1;1;2;;;1;1
10;2;9;48;48054;;1;1;BI-637;12;5;4;2;;;1;4;3;;;1;1
9;4;10;48;48020;;3;2;No inventariada;0;9;16;1;5;;1;1;1;;;1;998
10;7;12;48;48020;;3;2;No inventariada;0;9;4;2;;;9;1;7;;;18;998
10;1;19;48;48020;;3;2;No inventariada;0;9;6;2;;;9;1;7;;;18;998
9;7;20;48;0;;1;1;N-637;25;3;4;2;;;1;2;1;;;1;1
10;2;13;48;48020;;3;2;No inventariada;0;14;6;2;;;9;1;7;;;18;998
10;3;15;48;48020;;3;2;No inventariada;0;9;10;2;;;1;1;1;;;1;998
8;7;16;48;48036;;1;1;N-240;55;6;6;1;4;;1;1;1;;;1;2
10;2;11;48;0;;1;1;N-637;20;3;20;2;;;1;1;1;;;1;1
10;3;13;48;48902;;1;1;BI-735;10;5;2;1;2;;3;1;3;;;1;1
10;4;12;48;48069;;1;1;BI-2120;17;14;2;1;2;;1;1;1;;;1;1
10;5;16;48;0;;3;2;No inventariada;0;14;20;2;;;1;1;1;;;1;998
10;5;22;48;48902;;1;1;BI-735;11;14;2;1;4;;1;4;1;;;1;1
10;5;23;48;48020;;3;2;No inventariada;0;14;10;2;;;9;1;7;;;18;998
10;2;18;48;0;;1;1;BI-3601;30;14;10;2;;;1;1;1;;;1;1
10;3;20;48;0;;1;1;BI-626;3;1;3;2;;;3;3;4;;;1;1
10;5;13;48;48071;;1;1;A-8;136;3;12;2;;;3;1;2;;;1;2
10;3;12;48;48020;;3;2;No inventariada;0;9;2;1;4;;9;1;7;;;18;998
10;5;19;48;48020;;3;2;No inventariada;0;9;7;2;;;1;1;1;;;18;998
10;7;11;48;0;;3;2;No inventariada;0;9;10;2;;;1;1;2;;;1;998
10;7;4;48;48013;;1;1;A-8;122;2;12;2;;;4;6;4;;;5;2
10;7;10;48;48083;;1;1;No inventariada;125;6;16;2;;;3;1;3;;;1;3
10;7;10;48;48020;;1;1;A-8;117;2;12;2;;;3;1;3;;;1;2
8;7;18;48;48020;;3;2;No inventariada;0;9;10;2;;;9;1;7;;;18;998
9;6;19;48;48901;;1;1;N-633;10;5;6;2;;;1;1;2;;;1;2
10;1;8;48;0;;1;1;N-637;14;3;3;2;;;8;1;1;1;;1;3
10;1;14;48;0;;1;1;BI-3732;6;6;10;2;;;2;1;2;;;1;2
8;7;18;48;48083;;1;1;AP-8;128;8;6;2;;;1;1;1;;;1;3
9;6;16;48;0;;1;1;N-637;15;3;16;2;;;1;1;2;;;1;3
10;1;5;48;0;;1;1;BI-631;8;8;4;2;;;3;2;4;;;1;2
10;2;16;48;48045;;1;1;BI-3651;19;5;10;2;;;1;1;2;;;1;1
10;7;18;48;48044;;3;2;No inventariada;0;14;10;2;;;9;1;7;;;18;998
10;2;17;48;48020;;3;2;No inventariada;0;9;7;2;;;1;1;1;;;9;998
10;4;14;48;48054;;1;1;BI-738;10;7;12;2;;;1;1;1;;;1;1
10;1;6;48;0;;1;1;N-637;20;3;4;2;;;1;3;2;;;1;1
10;2;14;48;48036;;1;1;N-634;102;5;4;1;2;;1;1;1;;;1;1
10;6;22;48;48020;;3;2;No inventariada;0;14;2;2;;;9;1;7;;;18;998
8;7;18;48;48054;;1;1;BI-707;14;14;12;2;;;1;1;1;;;1;2
10;1;8;48;48089;;3;2;No inventariada;0;9;2;1;4;;1;1;1;;;1;998
10;5;12;48;48043;;3;2;No inventariada;0;9;7;1;2;;1;1;1;;;2;998
10;3;18;48;48017;;1;1;BI-631;31;14;19;2;;;3;1;2;;;1;2
10;5;18;48;0;;1;1;N-240;51;5;4;2;;;1;1;1;;;1;1
10;3;13;48;0;;3;2;No inventariada;0;9;10;2;;;3;1;3;;;9;998
10;1;5;48;48036;;3;2;No inventariada;0;9;7;2;;;1;3;1;;;1;998
10;3;8;48;48054;;1;1;BI-738;10;14;4;1;2;;3;1;3;;;1;1
10;1;17;48;0;;1;1;BI-2224;48;6;2;2;;;1;1;1;;;1;2
10;2;20;48;0;;1;1;BI-3151;28;6;19;2;;;1;6;2;;;1;3