MES;DIA_SEMANA;HORA;COD_PROVINCIA;COD_MUNICIPIO;ISLA;ZONA;ZONA_AGRUPADA;CARRETERA;KM;TIPO_VIA;TIPO_ACCIDENTE;NUDO;NUDO_INFO;CARRETERA_CRUCE;CONDICION_FIRME;CONDICION_ILUMINACION;CONDICION_METEO;CONDICION_NIEBLA;CONDICION_VIENTO;VISIB_RESTRINGIDA_POR;TRAZADO_PLANTA
10;4;14;48;48020;;1;1;No inventariada;1;8;12;2;;;1;4;1;;;1;3
11;5;15;48;48032;;1;1;BI-3321;38;14;19;2;;;3;1;1;;;1;1
11;6;22;48;48044;;3;2;No inventariada;0;9;10;2;;;9;1;1;;;1;998
10;2;16;48;48044;;3;2;No inventariada;0;9;1;2;4;;9;1;7;;;18;998
10;7;17;48;48071;;1;1;BI-2701;21;6;4;2;;;1;1;1;;;4;3
10;7;14;48;48080;;1;1;A-8;126;2;12;2;;;3;1;1;;;1;3
10;2;12;48;48002;;1;1;BI-757;2;6;19;1;4;;8;1;1;;;1;3
11;5;13;48;0;;1;1;BI-2701;25;14;18;2;;;1;1;1;;;1;2
11;6;13;48;48054;;1;1;BI-637;11;5;4;2;;;1;1;1;;;1;1
11;6;13;48;48036;;1;1;N-634;96;6;4;2;;;1;1;1;;;1;3
11;6;15;48;0;;1;1;BI-2405;59;6;17;2;;;1;1;1;;;1;2
11;7;18;48;0;;1;1;BI-2235;48;14;7;2;;;1;4;1;;;1;1
9;7;15;48;48044;;3;2;No inventariada;0;9;10;2;3;;9;1;1;;;1;998
10;6;14;48;48020;;3;2;BI-631;7;14;6;2;;;9;1;7;;;18;998
11;1;17;48;48020;;3;2;No inventariada;0;9;7;1;999;;9;1;7;;;18;998
10;2;12;48;48020;;3;2;No inventariada;0;9;7;2;;;1;2;1;;;1;998
10;4;16;48;48020;;3;2;No inventariada;0;9;7;2;;;9;1;1;;;1;998
10;7;15;48;48090;;1;1;BI-636;33;14;12;2;;;3;1;2;;;1;2
11;1;18;48;48054;;1;1;BI-707;15;6;10;2;;;7;4;1;;;1;3
11;1;21;48;0;;1;1;N-634;74;6;8;2;;;1;6;1;;;1;1
11;1;21;48;0;;1;1;BI-3738;17;6;1;2;;;1;4;1;;;1;1
10;5;11;48;48020;;3;2;No inventariada;0;9;4;2;;;9;1;7;;;18;998
10;6;7;48;48043;;3;2;No inventariada;0;7;7;1;2;;3;5;3;;;5;998
10;2;18;48;48090;;1;1;BI-624;66;14;19;2;;;1;2;1;;;17;2
11;2;8;48;48054;;1;1;BI-637;11;3;4;2;;;1;1;1;;;1;1
10;5;9;48;48020;;3;2;No inventariada;0;9;4;2;;;9;1;7;;;18;998
10;7;19;48;48054;;3;2;No inventariada;0;14;4;2;;;9;1;7;;;18;998
10;5;13;48;48054;;3;2;No inventariada;0;14;1;2;;;9;1;7;;;18;998
10;6;7;48;48020;;3;2;No inventariada;0;9;16;2;;;3;4;3;;;18;998
11;3;14;48;48020;;3;2;No inventariada;0;9;4;2;4;;9;1;1;;;1;998
10;7;21;48;48020;;3;2;No inventariada;0;9;4;2;;;1;4;1;;;1;998
10;5;8;48;48054;;3;2;No inventariada;0;9;7;2;;;9;1;7;;;18;998
10;1;9;48;48054;;3;2;No inventariada;0;9;2;2;;;9;1;7;;;18;998
11;2;15;48;48020;;3;2;No inventariada;0;9;7;2;;;1;1;1;;;1;998
11;2;19;48;48020;;3;2;No inventariada;0;9;20;2;;;1;3;1;;;1;998
11;2;17;48;48020;;3;2;No inventariada;0;14;4;2;;;1;1;1;;;1;998
10;3;15;48;0;;1;1;N-240;54;6;4;2;;;1;1;2;;;1;1
11;1;11;48;48043;;1;1;BI-3151;28;14;14;2;;;1;1;1;;;1;2
11;1;17;48;48001;;1;1;N-634;78;6;2;1;4;;1;1;1;;;1;2
11;4;17;48;48002;;1;1;A-8;131;14;15;2;;;1;1;1;;;1;1
11;1;17;48;48020;;3;2;No inventariada;0;9;10;2;;;9;1;7;;;18;998
11;3;10;48;0;;1;1;BI-625;377;6;2;1;2;;1;1;1;;;1;1
11;6;8;48;48020;;3;2;No inventariada;0;9;10;2;;;9;1;7;;;18;998
10;5;18;48;0;;1;1;BI-3123;25;6;7;2;;;1;1;1;;;1;2
9;3;12;48;48013;;1;1;BI-744;10;5;2;1;4;BI-744;1;1;1;;;1;1
10;2;18;48;48020;;3;2;No inventariada;0;9;7;2;;;9;1;7;;;18;998
9;2;7;48;48020;;1;1;A-8;120;2;3;2;;;1;1;1;;;1;1
10;2;13;48;48003;;3;2;No inventariada;0;9;10;1;2;;1;1;1;;;9;998
11;7;16;48;48003;;3;2;No inventariada;0;13;19;2;;;1;1;1;;;1;998
10;2;13;48;48020;;3;2;No inventariada;0;9;10;2;;;9;1;7;;;18;998
10;4;9;48;48020;;3;2;No inventariada;0;9;10;2;;;9;1;7;;;18;998
9;1;7;48;48901;;1;1;N-633;10;3;4;1;2;;3;1;2;;;1;2
10;7;14;48;0;;1;1;BI-3234;38;6;2;2;;;1;1;1;;;1;2
10;4;13;48;0;;1;1;BI-3632;29;6;2;1;2;;3;1;1;;;4;3
11;1;15;48;48001;;1;1;BI-633;31;5;3;2;;;1;1;2;;;1;3
10;5;9;48;48020;;3;2;No inventariada;0;9;7;2;;;9;1;7;;;18;998
11;2;11;48;48020;;3;2;No inventariada;0;9;7;2;;;9;1;7;;;18;998
9;6;10;48;48020;;1;1;BI-631;0;3;19;2;;;3;1;2;;;1;3
10;1;7;48;48036;;1;1;A-8;106;2;2;2;;;8;3;2;;;1;3
11;3;9;48;48020;;3;2;No inventariada;0;9;4;2;;;3;1;2;;;18;998
8;1;15;48;48078;;3;2;No inventariada;0;9;20;2;2;;1;1;1;;;1;998
11;6;13;48;48020;;1;1;No inventariada;0;8;19;2;;;3;4;1;;;1;2
11;1;14;48;0;;1;1;BI-625;378;6;16;2;;;1;1;2;;;1;3
11;1;17;48;0;;1;1;BI-623;39;6;4;2;;;1;4;2;;;1;1
11;3;13;48;48029;;2;2;N-634;105;6;2;1;5;;1;1;2;;;1;2
11;6;17;48;48020;;3;2;No inventariada;0;9;2;2;2;;9;1;7;;;18;998
10;2;20;48;0;;1;1;N-637;14;3;16;2;;;1;4;1;;;1;1
11;5;13;48;48020;;3;2;No inventariada;0;9;7;2;;;9;1;7;;;18;998
9;2;8;48;0;;1;1;BI-631;8;5;12;2;;;3;2;2;;;1;2
10;5;14;48;0;;1;1;BI-3738;18;5;4;2;;;1;1;1;;;1;1
11;3;9;48;48085;;3;2;No inventariada;0;9;5;2;;;1;1;1;;;1;998
11;4;8;48;48901;;3;2;No inventariada;0;9;7;2;;;1;1;2;;;1;998
11;6;11;48;0;;1;1;BI-2522;26;6;19;2;;;1;1;1;;;1;2
10;4;16;48;48020;;3;2;No inventariada;0;9;7;2;;;3;1;1;;;1;998
11;3;11;48;48036;;3;2;No inventariada;0;9;7;1;1;;1;1;1;;;1;998
11;7;15;48;48020;;3;2;No inventariada;0;9;7;2;;;9;1;7;;;18;998
7;7;22;48;48044;;3;2;No inventariada;0;9;10;2;;;9;1;7;;;18;998
11;4;14;48;48020;;3;2;No inventariada;0;9;19;1;4;;1;1;1;;;1;998
9;6;17;48;48036;;1;1;N-634;97;5;12;2;;;3;1;2;;;1;2
10;3;18;48;48020;;3;2;No inventariada;0;9;3;2;;;1;1;1;;;1;998
11;4;15;48;48054;;3;2;No inventariada;0;9;2;2;;;9;1;7;;;18;998
10;4;17;48;48020;;1;1;AP-8;114;1;4;2;;;1;4;2;;;1;1
10;4;12;48;0;;3;2;No inventariada;0;9;7;2;;;3;1;3;;;1;998
11;6;14;48;48054;;1;1;BI-637;10;3;10;2;;;1;1;1;;;1;1
11;3;19;48;0;;1;1;N-637;16;3;4;2;;;1;4;1;;;1;3
10;4;16;48;48020;;3;2;No inventariada;0;9;7;1;1;;1;1;1;;;1;998
10;1;13;48;48020;;3;2;No inventariada;0;9;7;1;2;;1;1;1;;;1;998
10;3;13;48;48020;;3;2;No inventariada;0;14;2;2;;;9;1;7;;;18;998
9;6;6;48;48020;;3;2;No inventariada;0;9;2;2;;;9;1;7;;;18;998
11;1;19;48;48069;;1;1;BI-2121;16;6;16;1;2;;1;6;2;;;1;3
11;1;12;48;0;;1;1;BI-636;11;3;4;2;;;1;1;1;;;1;1
11;1;22;48;48046;;3;2;No inventariada;0;14;19;2;;;1;4;1;;;1;998
11;2;15;48;48902;;1;1;BI-3741;5;14;10;2;;;1;1;1;;;1;1
11;5;21;48;48054;;3;2;No inventariada;0;14;7;2;;;9;1;7;;;18;998
10;7;18;48;48020;;3;2;No inventariada;0;9;4;2;;;1;4;1;;;18;998
11;4;0;48;48020;;3;2;No inventariada;0;9;4;2;;;9;1;7;;;18;998
10;4;7;48;0;;1;1;N-637;17;3;4;2;;;3;4;3;;;1;1
11;7;12;48;48902;;1;1;BI-707;16;6;2;2;;;1;1;2;;;1;1
11;3;14;48;48029;;1;1;N-634;105;6;16;1;2;;1;1;1;;;1;1
10;3;9;48;48078;;3;2;No inventariada;0;9;4;2;;;9;1;7;;;18;998
7;6;12;48;48078;;3;2;No inventariada;0;9;16;1;1;;1;1;1;;;1;998
10;4;6;48;48020;;1;1;BI-636;7;3;12;2;;;3;2;2;;;1;2
11;7;20;48;0;;1;1;N-637;19;3;2;2;;;1;4;3;;;1;3
6;4;10;48;48078;;3;2;No inventariada;0;14;6;2;2;;1;1;1;;;1;998
8;7;10;48;48078;;3;2;No inventariada;0;9;10;2;;;1;1;1;;;1;998
8;6;23;48;48078;;3;2;No inventariada;0;9;7;2;;;8;4;3;;;1;998
11;5;12;48;48054;;3;2;No inventariada;0;14;2;2;;;9;1;7;;;18;998
11;4;11;48;48080;;1;1;A-8;127;2;3;2;;;1;1;2;;;1;1
11;5;7;48;48020;;1;1;A-8;116;2;12;2;;;3;1;2;;;1;2
10;3;4;48;48020;;3;2;No inventariada;0;9;10;2;;;9;1;7;;;18;998
11;6;10;48;48020;;3;2;No inventariada;0;9;7;2;;;9;1;7;;;18;998
9;4;10;48;48011;;1;1;BI-625;382;14;2;1;4;;3;1;4;;;1;2
11;6;7;48;48043;;1;1;BI-3151;27;6;19;2;;;3;3;1;;;1;3
11;6;8;48;48090;;3;2;No inventariada;0;9;15;2;;;1;1;1;;;1;998
11;7;2;48;48036;;1;1;N-634;104;5;4;2;;;1;6;1;;;1;1
11;1;13;48;48020;;3;2;No inventariada;0;14;6;2;;;8;1;2;;;1;998
11;4;8;48;48044;;3;2;No inventariada;0;12;2;1;2;;9;1;7;;;18;998
8;6;11;48;0;;1;1;BI-3438;56;6;10;2;;;1;1;1;;;1;2
9;2;11;48;48069;;1;1;BI-631;16;3;16;1;2;;3;1;3;;;1;1
9;6;12;48;0;;1;1;BI-3732;6;6;12;2;;;1;1;1;;;1;3
10;2;13;48;0;;1;1;BI-2301;43;5;2;2;;;1;1;1;;;9;1
10;4;11;48;48902;;1;1;N-637;10;3;3;1;2;;1;1;1;;;1;1
10;4;22;48;0;;1;1;A-8;132;8;12;2;;;1;3;1;;;1;1
11;4;11;48;0;;3;2;No inventariada;0;9;7;2;;;1;1;1;;;6;998
11;4;15;48;48036;;1;1;AP-8;102;1;4;2;;;1;1;2;;;1;1
11;5;19;48;48069;;1;1;BI-3131;15;6;8;2;;;3;6;1;1;;5;1
11;2;18;48;48036;;3;2;No inventariada;0;9;12;1;2;;1;4;1;;;1;998
11;2;13;48;48044;;3;2;No inventariada;0;14;10;2;;;9;1;7;;;18;998
10;5;16;48;48020;;3;2;No inventariada;0;9;10;2;;;9;1;7;;;18;998
9;5;21;48;48020;;3;2;No inventariada;0;9;10;2;;;9;1;7;;;18;998
11;2;7;48;48020;;3;2;No inventariada;0;9;10;2;;;3;4;3;;;1;998
9;7;16;48;48002;;3;2;No inventariada;0;14;1;2;;;1;1;1;;;17;998
10;3;11;48;0;;1;1;BI-2604;22;6;6;2;;;1;1;1;;1;1;3
11;1;8;48;48011;;1;1;BI-625;382;6;4;2;;;3;1;4;;;1;1
11;4;18;48;48020;;3;2;No inventariada;0;9;2;2;;;9;1;7;;;18;998
11;4;18;48;48020;;3;2;No inventariada;0;9;7;2;1;;1;1;1;;;18;998
11;5;14;48;48054;;3;2;No inventariada;0;14;2;2;;;9;1;7;;;18;998
11;3;11;48;48020;;3;2;No inventariada;0;9;7;2;;;9;1;7;;;18;998
11;3;20;48;48902;;1;1;BI-738;9;6;4;1;999;;1;4;1;;;1;1
11;1;18;48;48020;;3;2;No inventariada;0;9;10;2;;;3;3;3;;;1;998
10;5;11;48;48036;;1;1;BI-3732;7;14;19;2;;;8;1;1;;;1;2
11;3;12;48;48036;;1;1;N-634;104;5;4;2;;;1;1;1;;;1;1
11;4;10;48;0;;3;2;No inventariada;0;9;19;2;;;1;1;1;;;1;998
11;4;11;48;48001;;3;2;No inventariada;0;14;3;1;2;;1;1;1;;;1;998
11;4;17;48;48020;;3;2;No inventariada;0;9;4;2;;;9;1;7;;;18;998
11;2;0;48;48020;;3;2;No inventariada;0;9;20;2;;;9;1;7;;;18;998
10;4;14;48;48032;;1;1;N-636;40;5;2;1;2;;1;1;1;;;1;1
11;4;20;48;0;;1;1;BI-3701;13;6;4;1;2;;3;6;3;;;1;1
11;1;5;48;0;;1;1;AP-68;20;1;12;2;;;1;2;2;;;1;3
10;3;15;48;48020;;3;2;No inventariada;0;14;10;2;;;9;1;7;;;18;998
10;6;12;48;0;;1;1;N-240;45;5;5;2;;;1;1;1;;;1;1
11;5;14;48;48015;;1;1;A-8;111;3;4;2;;;1;4;1;;;1;1
12;7;11;48;48085;;3;2;No inventariada;0;12;9;2;;;1;1;1;;;1;998
11;2;19;48;48020;;3;2;No inventariada;0;14;10;2;;;3;3;3;;;1;998
11;6;12;48;48020;;3;2;No inventariada;0;13;10;2;;;8;1;1;;;12;998
11;1;14;48;48054;;3;2;No inventariada;0;9;7;2;;;9;1;7;;;18;998
11;5;7;48;48020;;3;2;No inventariada;6;14;6;2;;;3;1;3;;;1;998
11;3;13;48;48020;;3;2;No inventariada;0;9;7;2;;;9;1;7;;;18;998
7;1;10;48;0;;3;2;No inventariada;0;9;7;2;;;1;1;1;;;1;998
10;5;19;48;48013;;1;1;N-637;9;3;4;2;;;1;3;1;;;1;1
11;7;15;48;0;;1;1;BI-3117;22;6;15;2;;;1;1;1;;1;1;1
12;1;9;48;0;;3;2;No inventariada;0;14;14;2;;;8;1;1;;;1;998
11;6;17;48;48020;;3;2;No inventariada;0;9;10;2;;;9;1;1;;;18;998
10;3;22;48;48020;;3;2;No inventariada;0;9;10;1;999;;1;1;1;;;4;998
10;5;11;48;48054;;1;1;BI-637;14;3;4;2;;;1;1;1;;;1;1
10;7;11;48;0;;1;1;BI-3213;28;5;15;2;;;1;1;1;;;4;3
10;7;12;48;0;;1;1;BI-2522;26;6;6;2;;;1;1;1;;;1;3
10;5;13;48;0;;1;1;N-637;16;3;12;2;;;3;1;2;;;1;2
11;5;12;48;0;;1;1;BI-3614;31;6;3;2;;;1;1;1;;;1;2
11;5;12;48;0;;1;1;N-637;15;3;16;2;;;3;1;3;;;1;3
12;1;7;48;48902;;1;1;N-637;12;8;4;2;;;1;2;2;;;1;1
12;1;18;48;48096;;1;1;BI-636;26;6;2;2;;;1;4;2;;;1;2
11;6;8;48;48020;;3;2;No inventariada;0;9;3;2;2;;9;1;7;;;18;998
11;5;11;48;48020;;3;2;No inventariada;0;9;7;2;;;9;1;3;;;1;998
11;1;2;48;48020;;3;2;No inventariada;0;9;7;2;;;3;1;1;;;1;998
11;2;8;48;0;;3;2;No inventariada;0;9;12;2;;;1;1;1;;;1;998
10;3;19;48;48054;;2;2;BI-711;11;6;7;2;;;1;4;1;;;1;1
10;4;13;48;48901;;3;2;No inventariada;0;14;2;1;2;;1;1;1;;;1;998
12;7;13;48;0;;1;1;BI-3222;36;6;16;2;;;1;1;2;;;1;2
12;1;20;48;48078;;1;1;BI-728;13;6;12;1;4;BI-728;3;4;3;;;1;2
11;2;12;48;48020;;3;2;No inventariada;0;9;16;2;4;;1;1;1;;;18;998
11;5;20;48;48020;;3;2;No inventariada;0;9;4;2;;;9;1;7;;;18;998
11;6;9;48;0;;1;1;N-634;81;6;3;2;;;1;1;1;;;6;3
12;2;16;48;0;;1;1;BI-2704;23;14;16;2;;;3;1;3;;;1;1
12;3;10;48;48036;;1;1;N-240;55;6;12;1;4;;3;1;3;;;1;2
12;3;21;48;48020;;3;2;No inventariada;0;9;1;2;;;9;4;2;;;18;998
10;3;13;48;48020;;3;2;No inventariada;0;9;7;2;;;1;1;1;;;1;998
11;2;9;48;0;;1;1;BI-3438;63;6;10;2;;;3;1;2;;;1;2
12;2;12;48;0;;1;1;BI-3713;11;6;19;2;;;1;1;2;;;1;1
12;3;17;48;48036;;1;1;AP-8;105;1;12;2;;;3;4;2;;;1;3
10;5;19;48;0;;1;1;BI-3215;41;6;2;1;2;;3;6;2;;;5;1
11;7;3;48;48073;;1;1;BI-638;8;14;12;2;;;1;4;1;;;1;2
11;2;11;48;48054;;1;1;BI-711;12;6;10;1;4;;1;1;1;;;1;1
12;3;12;48;48020;;1;1;A-8;117;3;16;2;;;3;1;3;;;1;3
12;6;10;48;48029;;1;1;N-634;105;14;4;2;;;3;1;3;;;1;1
11;3;15;48;48020;;3;2;No inventariada;0;9;10;2;;;3;1;4;;;5;998
11;2;11;48;48020;;3;2;No inventariada;0;9;7;2;;;1;1;1;;;1;998
11;5;11;48;48020;;3;2;No inventariada;0;9;19;1;1;;2;1;2;;;10;998
11;1;18;48;48036;;1;1;AP-8;102;1;5;2;;;1;6;2;;;1;3
11;3;14;48;48902;;1;1;No inventariada;7;6;10;2;;;1;1;1;;;1;1
12;1;8;48;48020;;1;1;A-8;114;2;4;2;;;3;1;2;;;1;1
12;2;7;48;0;;1;1;AP-8;74;1;12;2;;;3;4;2;;;1;2
12;3;7;48;48078;;1;1;BI-728;12;3;4;1;4;;3;3;2;;;1;1
12;6;20;48;0;;1;1;BI-2701;27;8;7;1;2;;3;4;4;;;1;3
12;7;7;48;48902;;1;1;N-637;11;3;12;2;;;3;1;4;;1;5;3
12;7;11;48;48044;;1;1;BI-637;14;3;16;2;;;3;1;3;;;1;2
12;7;12;48;48011;;1;1;A-8;113;3;16;2;;;3;1;3;;;1;3
12;7;12;48;48902;;1;1;BI-711;10;5;2;1;2;;3;1;2;;;17;1
11;2;14;48;48020;;3;2;No inventariada;0;14;7;2;;;1;1;1;;;1;998
12;4;15;48;48020;;3;2;No inventariada;0;14;7;2;;;1;1;1;;;1;998
12;7;19;48;48036;;1;1;N-240;55;6;2;1;2;;1;4;1;;;1;1
11;3;17;48;48020;;1;1;A-8;118;2;3;2;;;1;1;1;;;1;3
12;7;11;48;0;;1;1;BI-2713;18;14;10;2;;;1;1;1;;;1;3
12;1;13;48;48003;;3;2;No inventariada;0;9;7;1;2;;3;1;2;;;1;998
12;1;13;48;48054;;1;1;BI-637;13;3;16;2;;;3;1;3;;;1;1
12;2;10;48;48020;;1;1;A-8;117;2;16;2;;;3;1;3;;;1;2
12;2;13;48;48036;;1;1;AP-8;105;1;2;2;;;3;1;2;;;1;2
9;6;9;48;48044;;3;2;No inventariada;0;9;10;2;;;9;1;7;;;18;998
11;5;15;48;48054;;3;2;No inventariada;0;9;2;2;;;9;1;7;;;18;998
12;2;7;48;0;;1;1;BI-3144;32;5;2;1;2;;3;3;2;;;1;1
12;5;14;48;48902;;1;1;No inventariada;0;3;14;2;;;3;1;1;;;1;3
12;3;12;48;48083;;1;1;A-8;128;3;4;2;;;3;1;2;;;1;2
12;3;13;48;0;;1;1;BI-635;32;14;18;2;;;1;1;2;;;1;2
12;1;14;48;48071;;1;1;A-8;135;2;12;2;;;3;1;2;;;1;3
12;3;19;48;48044;;3;2;No inventariada;0;9;7;2;;;3;4;3;;;1;998
11;3;13;48;48020;;3;2;No inventariada;0;14;12;2;4;;1;1;1;;;1;998
12;4;11;48;0;;2;2;No inventariada;23;6;16;2;;;1;1;1;;;1;1
12;1;8;48;48020;;3;2;No inventariada;0;9;4;2;;;9;1;7;;;18;998
12;3;22;48;48015;;1;1;A-8;110;2;4;2;;;1;4;1;;;1;2
12;6;2;48;48036;;1;1;N-634;104;14;4;1;5;;1;4;2;;;1;1
12;6;9;48;48020;;1;1;No inventariada;0;8;19;2;;;3;1;2;;;1;3
12;6;18;48;48901;;1;1;N-633;10;3;12;2;;;3;4;4;;;1;2
12;6;19;48;48083;;1;1;BI-3791;16;14;2;2;;;3;6;3;;;1;2
12;7;12;48;48013;;1;1;A-8;123;3;19;2;;;3;1;2;;;1;1
12;7;19;48;0;;1;1;N-637;16;3;12;2;;;1;4;1;;;1;3
12;7;21;48;48029;;1;1;N-634;105;5;2;1;2;;3;4;2;;;1;1
11;4;18;48;48078;;3;2;No inventariada;0;9;7;1;1;;9;1;7;;;18;998
11;3;11;48;48020;;3;2;No inventariada;0;9;16;1;1;;1;1;1;;;1;998
11;1;5;48;48901;;1;1;No inventariada;0;3;12;2;;;3;4;3;;;1;2
11;3;10;48;48020;;3;2;No inventariada;0;9;4;2;;;3;1;3;;;1;998
11;4;18;48;48078;;3;2;No inventariada;0;9;7;2;;;9;1;7;;;18;998
9;4;19;48;48078;;3;2;No inventariada;30;9;2;1;4;;9;1;7;;;18;998
12;1;17;48;48054;;3;2;No inventariada;0;9;7;2;;;9;1;7;;;18;998
11;5;9;48;48020;;3;2;No inventariada;0;12;10;2;4;;3;1;1;;;18;998
10;3;6;48;48036;;1;1;A-8;108;2;20;2;;;1;4;2;;1;1;1
11;2;11;48;0;;1;1;BI-2405;64;6;6;2;;;1;1;1;;;1;1
11;4;10;48;48013;;1;1;N-637;8;3;4;1;2;N-637;1;1;1;;;1;3
11;4;6;48;48015;;1;1;BI-625;386;14;4;2;;;1;3;1;;;1;1
12;6;15;48;48020;;1;1;BI-636;5;3;12;2;;;3;1;3;;;1;1
12;2;8;48;48085;;1;1;BI-3114;21;14;4;1;4;;1;1;1;;;1;2
11;1;15;48;48020;;3;2;No inventariada;0;9;10;2;;;9;1;7;;;18;998
6;2;9;48;48078;;3;2;No inventariada;0;14;16;2;;;3;2;3;;;5;998
12;5;0;48;48020;;3;2;No inventariada;0;9;7;2;;;9;1;7;;;18;998
10;4;14;48;48078;;3;2;No inventariada;0;9;12;1;1;;1;1;1;;;1;998
12;2;13;48;48089;;3;2;No inventariada;0;9;2;2;;;1;1;2;;;1;998
12;1;13;48;48902;;1;1;No inventariada;1;6;4;2;;;1;1;1;;;1;1
12;2;17;48;0;;3;2;No inventariada;0;14;20;2;;;1;1;1;;;1;998
12;3;20;48;48902;;1;1;BI-2704;12;6;8;2;;;1;6;2;;1;1;1
12;4;7;48;48020;;3;2;No inventariada;0;9;7;2;;;9;1;7;;;18;998
10;2;16;48;48020;;3;2;No inventariada;0;14;7;2;;;9;1;3;;;18;998
10;2;17;48;0;;3;2;No inventariada;0;9;7;1;4;;1;1;1;;;1;998
12;4;22;48;48029;;1;1;N-634;105;6;4;2;;;3;4;3;;;1;1
12;4;12;48;48020;;3;2;No inventariada;0;9;7;2;;;9;1;7;;;18;998
11;3;19;48;48044;;3;2;No inventariada;0;9;7;1;2;;9;4;3;;;18;998
11;3;7;48;48902;;1;1;N-637;12;3;4;2;;;3;3;2;;;1;1
11;3;12;48;0;;1;1;BI-3223;39;6;12;2;;;1;1;1;;;1;2
11;5;11;48;0;;1;1;BI-2713;13;6;19;1;2;;1;1;1;;;1;2
12;6;11;48;48020;;1;1;A-8;115;2;16;1;2;A-8;3;1;3;;;1;3
12;4;11;48;48003;;3;2;No inventariada;0;9;2;1;4;;3;1;2;;;1;998
12;4;21;48;48060;;3;2;No inventariada;0;14;7;1;2;;3;4;4;;;1;998
12;5;15;48;48020;;1;1;A-8;117;3;12;2;;;3;1;3;;;1;3
12;1;11;48;48020;;3;2;No inventariada;0;9;12;2;;;1;1;1;;;1;998
12;6;12;48;0;;1;1;N-634;80;14;4;1;4;;1;1;2;;;1;1
12;6;17;48;48020;;3;2;No inventariada;0;9;7;2;;;3;4;3;;;1;998
12;5;23;48;48020;;3;2;No inventariada;0;9;10;2;;;9;1;7;;;18;998
12;7;11;48;48045;;1;1;BI-3651;12;6;3;2;;;1;1;1;;;1;1
12;4;19;48;0;;1;1;BI-3215;38;6;12;1;2;;1;4;2;;;1;1
12;3;19;48;48902;;1;1;BI-711;8;6;4;2;;;1;4;1;;;1;1
12;6;19;48;48071;;1;1;A-8;137;2;20;2;;;3;6;1;;;1;1
12;6;21;48;0;;1;1;BI-3543;39;6;8;2;;;3;6;2;;;1;1
10;1;16;48;48078;;3;2;No inventariada;0;9;7;1;1;;1;1;1;;;1;998
12;2;4;48;48078;;3;2;No inventariada;0;9;19;2;;;1;4;1;;;1;998
12;4;12;48;48036;;3;2;No inventariada;0;9;7;2;1;;3;1;2;;;11;998
11;5;13;48;48020;;3;2;No inventariada;0;9;10;2;;;9;1;7;;;18;998
8;6;7;48;48045;;3;2;No inventariada;0;14;16;1;2;;1;2;1;;;1;998
10;6;4;48;0;;1;1;BI-626;3;8;6;2;;;1;4;2;;;1;2
12;5;19;48;48020;;1;1;BI-631;1;8;4;1;4;;3;4;2;;;1;1
12;5;20;48;0;;3;2;No inventariada;0;9;16;2;;;3;4;4;;;1;998
12;7;13;48;48044;;3;2;No inventariada;0;9;7;2;;;3;1;3;;;1;998
12;1;20;48;48020;;3;2;No inventariada;0;9;2;2;;;9;1;7;;;18;998
12;7;22;48;48069;;1;1;BI-3102;17;14;6;2;;;3;6;4;;;5;1
12;6;17;48;48071;;1;1;A-8;134;2;12;2;;;3;3;3;;;1;1
9;6;0;48;48078;;3;2;No inventariada;0;14;20;2;4;;1;4;1;;;1;998
12;6;12;48;48054;;3;2;No inventariada;0;14;7;2;;;9;1;7;;;18;998
8;1;10;48;48080;;1;1;A-8;124;3;12;2;;;1;1;1;;;1;1
10;5;20;48;48078;;3;2;No inventariada;0;9;3;1;2;;1;4;1;;;1;998
12;1;17;48;48020;;3;2;No inventariada;0;9;2;2;;;9;1;7;;;18;998
12;5;1;48;0;;3;2;No inventariada;0;9;16;2;;;1;4;1;;;1;998
12;5;14;48;48902;;1;1;N-637;10;3;4;2;;;1;1;1;;;1;1
12;6;1;48;48045;;1;1;BI-636;16;3;12;2;;;3;3;3;;;1;3
12;4;21;48;48016;;3;2;No inventariada;0;14;10;2;;;2;4;1;;;1;998
12;5;10;48;48096;;3;2;No inventariada;0;9;2;1;2;;1;1;1;;;1;998
12;5;21;48;0;;1;1;BI-631;8;6;12;1;2;;1;6;1;;;1;2
12;1;13;48;48020;;3;2;No inventariada;0;14;2;2;;;1;1;1;;;18;998
12;7;6;48;48020;;3;2;No inventariada;0;9;7;2;;;9;1;7;;;18;998
12;5;13;48;48902;;1;1;No inventariada;0;14;4;2;;;1;1;1;;;1;1
12;6;22;48;48013;;1;1;A-8;123;3;9;2;;;1;4;1;;;1;1
6;7;18;48;48078;;3;2;No inventariada;0;11;3;1;1;;1;1;2;;;1;998
12;1;18;48;48902;;1;1;No inventariada;5;14;4;2;;;1;3;1;;;1;1
12;2;15;48;48078;;1;1;BI-728;14;14;10;1;4;BI-728;3;1;3;;;1;3
12;7;18;48;48020;;3;2;No inventariada;0;9;7;2;;;9;1;7;;;18;998
12;4;0;48;48020;;3;2;No inventariada;0;9;10;2;;;9;1;7;;;18;998
10;5;17;48;0;;3;2;No inventariada;0;9;16;2;;;1;1;1;;;1;998
11;3;17;48;48096;;3;2;No inventariada;0;9;2;1;2;;1;1;1;;;1;998
12;7;15;48;48085;;1;1;No inventariada;0;5;4;1;4;;1;1;1;;;1;1
12;1;13;48;48069;;1;1;BI-631;15;14;12;2;;;3;1;3;;;1;1