MES;DIA_SEMANA;HORA;COD_PROVINCIA;COD_MUNICIPIO;ISLA;ZONA;ZONA_AGRUPADA;CARRETERA;KM;TIPO_VIA;TIPO_ACCIDENTE;NUDO;NUDO_INFO;CARRETERA_CRUCE;CONDICION_FIRME;CONDICION_ILUMINACION;CONDICION_METEO;CONDICION_NIEBLA;CONDICION_VIENTO;VISIB_RESTRINGIDA_POR;TRAZADO_PLANTA
12;3;14;48;48036;;1;1;N-637;27;3;4;2;;;1;1;1;;;1;3
12;6;23;48;48020;;3;2;BI-625;0;14;6;2;;;9;1;7;;;18;998
12;1;21;48;48020;;3;2;No inventariada;0;9;4;2;;;1;4;1;;;1;998
11;1;11;48;0;;1;1;BI-2522;22;6;2;2;;;3;1;2;;;1;3
12;1;13;48;48020;;1;1;A-8;115;3;16;2;;;3;1;3;;;1;3
12;6;1;48;48020;;3;2;No inventariada;0;9;2;1;1;;3;4;1;;;1;998
12;3;21;48;48078;;3;2;No inventariada;0;14;1;2;;;1;4;7;;;18;998
11;5;7;48;48013;;1;1;A-8;123;2;5;2;;;1;1;1;;;1;1
12;1;9;48;48902;;1;1;BI-637;9;5;4;2;;;1;1;1;;;1;1
12;3;8;48;48902;;1;1;N-637;12;3;4;2;;;1;1;1;;;1;1
12;1;23;48;48083;;1;1;No inventariada;124;6;1;1;2;;1;6;1;;;1;1
12;2;11;48;48902;;1;1;BI-711;10;6;4;2;;;1;1;1;;;1;1
12;1;18;48;48020;;3;2;No inventariada;0;9;1;2;;;9;1;7;;;18;998
11;1;22;48;48020;;3;2;No inventariada;0;9;7;2;2;;1;4;1;;;18;998
11;5;10;48;48901;;3;2;No inventariada;0;14;7;1;2;;1;1;1;;;6;998
12;1;10;48;0;;2;2;N-240;50;6;3;1;4;;3;1;1;;;1;1
12;2;11;48;0;;3;2;No inventariada;0;9;3;2;;;1;1;1;;;1;998
11;2;9;48;48003;;1;1;N-634;93;14;16;2;;;1;1;1;;;1;4
12;2;17;48;48036;;3;2;No inventariada;0;14;6;2;;;3;4;3;;;1;998
12;4;19;48;48054;;1;1;BI-711;11;6;10;2;;;1;6;1;;;1;1
12;2;11;48;48003;;3;2;No inventariada;0;14;7;2;;;1;1;1;;;6;998
12;2;11;48;0;;3;2;No inventariada;0;14;10;2;;;1;1;1;;;1;998
12;7;15;48;48020;;3;2;No inventariada;0;14;19;2;;;1;2;1;;;1;998
12;6;22;48;48020;;3;2;No inventariada;0;9;10;2;;;9;1;7;;;18;998
12;7;13;48;0;;1;1;BI-3313;38;6;10;2;;;1;1;1;;;1;1
12;6;18;48;48013;;1;1;A-8;122;3;4;2;;;3;4;3;;;1;1
12;4;13;48;48002;;1;1;A-8;132;2;12;2;;;3;1;4;;;1;3
12;5;12;48;48013;;1;1;N-637;9;8;3;1;999;;1;1;1;;;1;1
12;4;11;48;48020;;3;2;No inventariada;0;9;7;2;;;1;1;1;;;1;998
12;2;18;48;48054;;3;2;No inventariada;0;9;7;2;;;9;1;7;;;18;998
12;1;1;48;48020;;3;2;No inventariada;0;9;7;2;;;1;4;1;;;18;998
12;5;20;48;48002;;1;1;No inventariada;127;6;4;1;2;;3;6;3;;;1;2
12;7;11;48;48020;;3;2;No inventariada;0;9;3;1;4;;1;1;1;;;1;998
9;1;12;48;0;;1;1;BI-3336;44;6;20;2;;;8;1;2;;;1;1
12;6;1;48;48020;;1;1;No inventariada;0;8;12;2;;;1;4;1;;;1;2
12;7;12;48;0;;1;1;BI-2120;18;6;10;1;4;;3;1;3;;;1;1
12;1;13;48;48013;;1;1;N-637;9;3;4;2;;;1;1;2;;;1;1
12;7;12;48;0;;1;1;BI-2224;50;6;10;2;;;1;1;1;;;1;2
12;2;16;48;48069;;1;1;BI-2121;18;6;16;1;1;;3;1;3;;;1;3
12;1;12;48;48020;;3;2;No inventariada;0;9;7;2;1;;9;1;7;;;18;998
12;3;18;48;48020;;3;2;No inventariada;0;9;4;2;;;9;1;7;;;18;998
12;1;11;48;48020;;3;2;No inventariada;0;9;10;1;4;;9;1;7;;;18;998
9;7;17;48;48078;;1;1;BI-728;13;5;19;1;4;;1;1;1;;;1;1
11;6;1;48;48020;;1;1;A-8;118;8;12;1;2;;1;3;1;;;1;3
12;7;23;48;48901;;1;1;BI-631;13;3;12;2;;;3;5;4;;;5;1
12;6;11;48;48020;;3;2;No inventariada;0;9;10;2;;;9;1;7;;;18;998
12;7;8;48;48020;;3;2;No inventariada;0;14;6;2;;;9;1;7;;;18;998
12;3;20;48;48020;;3;2;No inventariada;0;9;4;2;;;9;1;7;;;18;998
11;6;11;48;48003;;3;2;No inventariada;0;9;10;2;;;2;1;1;;;1;998
12;1;11;48;0;;1;1;BI-3231;33;6;10;2;;;5;1;1;;;1;2
12;4;11;48;48020;;3;2;No inventariada;0;9;7;2;;;9;1;7;;;18;998
12;2;1;48;48044;;3;2;No inventariada;0;9;10;2;;;9;1;7;;;18;998
12;2;18;48;48013;;1;1;A-8;121;2;12;1;999;;3;4;3;;;1;3
12;2;12;48;0;;1;1;BI-3614;31;6;10;2;;;5;1;2;;;1;1
10;7;19;48;48078;;3;2;No inventariada;0;9;7;1;999;;3;3;3;;;7;998
3;5;23;48;48044;;3;2;No inventariada;0;9;7;2;;;9;1;7;;;18;998
5;1;13;48;48044;;3;2;No inventariada;0;9;7;2;;;9;1;7;;;18;998
8;1;18;48;48044;;3;2;No inventariada;0;9;2;2;;;9;1;7;;;18;998
7;2;12;48;48044;;3;2;No inventariada;0;9;7;2;;;9;1;7;;;18;998
6;2;10;48;48044;;3;2;No inventariada;0;14;4;2;;;9;1;7;;;18;998
8;2;19;48;48044;;3;2;No inventariada;0;9;10;2;;;9;1;7;;;18;998
7;4;23;48;48044;;3;2;No inventariada;0;14;10;2;;;9;1;7;;;18;998
8;2;16;48;48044;;3;2;No inventariada;0;9;10;2;;;9;1;7;;;18;998
8;4;12;48;48044;;3;2;No inventariada;0;9;7;2;;;9;1;7;;;18;998
10;5;10;48;48044;;3;2;No inventariada;0;9;4;2;;;9;1;7;;;18;998
9;1;12;48;48044;;3;2;No inventariada;0;12;10;2;;;9;1;7;;;18;998
9;7;15;48;48044;;3;2;No inventariada;0;12;10;2;;;9;1;7;;;18;998
5;5;8;48;48044;;3;2;No inventariada;0;9;6;2;;;9;1;1;;;18;998
9;4;9;48;48044;;3;2;No inventariada;0;9;2;2;;;9;1;7;;;18;998
2;2;14;48;48044;;3;2;No inventariada;0;9;7;2;;;9;1;7;;;18;998
6;6;11;48;48044;;3;2;No inventariada;0;9;7;2;;;9;1;7;;;18;998
12;4;11;48;48020;;3;2;No inventariada;0;9;10;2;;;9;1;1;;;18;998
12;1;8;48;48001;;1;1;N-634;78;5;2;1;4;;1;1;1;;;1;2
12;6;3;48;48013;;1;1;A-8;123;2;16;2;;;3;4;2;;;1;1
9;2;19;48;48044;;3;2;No inventariada;0;9;10;2;;;9;1;7;;;18;998
4;6;15;48;48044;;3;2;No inventariada;0;9;7;2;;;9;1;7;;;18;998
12;5;10;48;48044;;3;2;No inventariada;0;9;2;2;;;9;1;7;;;18;998
12;3;20;48;48020;;3;2;No inventariada;0;9;7;2;;;9;1;7;;;18;998
12;5;16;48;48078;;3;2;No inventariada;0;9;7;2;;;1;1;2;;;1;998
8;7;14;48;48044;;3;2;No inventariada;0;14;2;2;;;9;1;7;;;18;998
12;4;16;48;48044;;3;2;No inventariada;0;14;2;2;;;9;1;7;;;18;998
1;7;18;48;48044;;3;2;No inventariada;0;9;10;2;;;9;1;7;;;18;998
7;3;7;48;48044;;3;2;No inventariada;0;9;11;2;;;9;1;7;;;18;998
7;6;9;48;48044;;3;2;No inventariada;0;9;10;2;;;9;1;7;;;18;998
12;6;18;48;48044;;3;2;No inventariada;0;9;7;2;;;9;1;7;;;18;998
11;6;11;48;48044;;3;2;No inventariada;0;14;4;2;;;9;1;7;;;18;998
8;2;18;48;48044;;3;2;No inventariada;0;14;3;2;;;9;1;7;;;18;998
3;2;12;48;48044;;3;2;No inventariada;0;14;4;2;;;9;1;7;;;18;998
11;4;16;48;48044;;3;2;No inventariada;0;14;7;2;;;9;1;7;;;18;998
11;4;20;48;48044;;3;2;No inventariada;0;14;7;2;;;9;1;7;;;18;998
7;2;17;48;48044;;3;2;No inventariada;0;9;2;2;;;9;1;7;;;18;998
12;1;12;48;48020;;3;2;No inventariada;0;14;2;2;2;;9;1;7;;;18;998
12;3;14;48;48020;;3;2;No inventariada;0;9;2;2;;;9;1;7;;;18;998
11;5;15;48;48020;;3;2;No inventariada;0;14;10;2;;;9;1;7;;;18;998
11;1;17;48;48020;;3;2;No inventariada;0;9;10;2;;;3;1;3;;;18;998
11;5;16;48;48020;;3;2;No inventariada;0;9;4;2;;;9;1;7;;;18;998
12;3;11;48;0;;3;2;No inventariada;0;9;10;2;;;3;1;1;;;1;998
10;4;20;48;48902;;1;1;No inventariada;2;8;4;1;5;;1;4;1;;;1;1
12;7;19;48;48036;;1;1;BI-2713;12;14;16;2;;;3;3;4;;;1;3
4;4;17;48;0;;1;1;N-636;44;5;4;2;;;1;1;2;;;9;1
12;7;15;48;48902;;2;2;BI-711;9;6;2;1;2;;3;1;4;;;1;1
11;6;12;48;48032;;1;1;BI-2632;40;6;3;2;;;1;1;1;;;1;1
12;6;11;48;48044;;3;2;No inventariada;0;9;7;2;;;1;1;1;;;1;998
12;6;10;48;48036;;1;1;N-634;104;14;4;2;;;1;1;1;;;1;1
12;6;16;48;48020;;3;2;No inventariada;0;9;4;2;;;3;1;3;;;1;998
12;4;18;48;48011;;1;1;BI-625;383;14;1;2;;;1;6;2;;;4;1
11;2;9;48;48013;;1;1;A-8;122;3;4;1;2;;3;1;2;;;1;1
12;2;17;48;0;;1;1;BI-3513;27;6;18;2;;;3;6;1;;;1;2
11;7;13;48;0;;3;2;No inventariada;0;9;2;1;2;;3;1;3;;;1;998
11;5;16;48;48085;;1;1;No inventariada;0;3;16;1;4;;1;1;1;;;1;2
12;3;7;48;48071;;1;1;A-8;135;2;4;2;;;3;4;3;;;1;3
12;6;10;48;0;;3;2;No inventariada;0;14;10;2;;;3;1;2;;;12;998
10;6;11;48;48090;;3;2;No inventariada;0;9;7;1;2;;1;1;1;;;1;998
11;6;20;48;48902;;1;1;No inventariada;5;5;12;2;;;1;4;1;;;1;3
9;7;17;48;48020;;3;2;BI-631;0;14;10;2;;BI-631;9;1;7;;;18;998
8;5;21;48;48020;;3;2;No inventariada;0;9;12;1;999;;1;1;1;;;1;998
5;4;21;49;0;;1;1;No inventariada;4;10;8;2;;;1;2;1;;;12;1
9;5;15;49;0;;1;1;ZA-P-1405;12,049;6;2;1;1;1;1;1;1;;;1;1
8;6;13;49;0;;3;2;No inventariada;;9;9;1;1;;1;1;1;;;1;998
2;4;17;49;0;;1;1;A-52;68,4;3;4;2;;;1;1;1;;;1;1
8;1;20;49;0;;1;1;A-52;67,875;3;16;2;;;1;1;1;;;1;1
5;6;17;49;0;;1;1;ZA-P-2554;13,2;6;15;2;;;1;1;1;;;1;2
10;6;11;49;49021;;1;1;A-6;261,5;3;10;2;;;1;1;2;;;1;2
12;6;13;49;49021;;3;2;No inventariada;;9;7;1;1;;1;1;1;;;1;998
7;6;23;49;0;;1;1;CL-527;36,416;6;2;1;1;ZA-311;1;4;1;;;2;1
2;4;17;49;0;;1;1;N-525;25,021;6;17;2;;;1;6;1;;;1;1
7;4;2;49;0;;1;1;A-52;27,675;3;15;2;;;1;6;1;;;1;1
8;5;12;49;0;;1;1;A-52;27,95;3;10;1;12;;1;1;1;;;1;2
3;5;11;49;0;;1;1;A-62;203,335;3;4;2;;;1;1;1;;;9;1
7;1;18;49;0;;1;1;A-62;202,4;3;4;2;;;1;1;1;;;1;1
8;5;7;49;0;;1;1;A-62;200,772;3;4;2;;;1;2;1;;;1;1
9;6;1;49;0;;1;1;CL-605;162,6;6;14;2;;;1;6;1;;;1;2
6;3;19;49;0;;1;1;A-62;194,8;3;12;2;;;1;1;1;;;1;1
8;5;12;49;0;;1;1;A-62;193,9;3;12;2;;;1;1;1;;;1;1
4;5;10;49;0;;1;1;A-6;257,97;3;6;2;;;1;1;1;;;1;1
6;1;12;49;0;;1;1;N-610;75,98;6;2;1;1;;1;1;2;;;1;1
7;7;20;49;0;;1;1;N-610;77,148;6;2;1;1;ZA-524;1;1;1;;;1;1
10;2;18;49;0;;1;1;ZA-524;4,8;6;18;2;;;1;6;1;;;1;1
1;7;20;49;0;;1;1;A-6;242,35;3;4;2;;;1;6;1;1;;1;1
2;3;12;49;0;;1;1;A-6;240,4;3;3;2;;;1;1;1;;;1;1
3;7;14;49;0;;1;1;A-6;242,6;3;4;2;;;1;1;1;;;1;1
10;5;15;49;0;;1;1;A-6;245,9;3;18;2;;;1;1;1;;;1;1
2;5;15;49;0;;1;1;A-52;64,3;3;16;2;;;4;1;4;;;1;1
12;5;13;49;0;;1;1;A-52;66,3;3;4;2;;;1;1;1;;;1;1
12;3;10;49;0;;1;1;A-52;64,668;3;19;2;;;1;1;1;;;1;1
4;6;1;49;0;;1;1;N-525;86,2;6;14;2;;;3;6;4;;;1;1
5;3;11;49;0;;1;1;N-525;84,49;6;3;1;2;;1;1;2;;;1;1
7;5;11;49;0;;1;1;ZA-P-2667;4,94;6;4;2;;;1;1;1;;;1;1
8;1;8;49;0;;1;1;N-525;84,715;6;2;1;2;ZA-L-2694;1;1;1;;;1;1
11;1;5;49;0;;1;1;A-52;88,996;3;19;2;;;3;6;4;;;5;1
2;6;16;49;0;;1;1;N-122;446,35;6;2;1;2;ZA-711;1;1;1;;;1;1
5;7;20;49;0;;1;1;A-6;226;3;16;2;;;1;1;1;;;18;1
7;7;1;49;0;;1;1;A-6;228,4;3;18;2;;;1;6;1;;;1;1
4;1;8;49;0;;1;1;CAMINO CON;2,2;10;18;2;;;1;1;1;;;1;1
10;5;22;49;0;;1;1;ZA-P-2310;6,89;6;18;2;;;1;6;1;;;1;2
4;4;8;49;0;;1;1;A-66;308,9;3;12;2;;;1;1;1;;;1;1
8;5;14;49;0;;3;2;No inventariada;;9;7;1;2;;1;1;1;;;1;998
1;7;19;49;0;;1;1;CL-527;64;6;15;2;;;1;1;1;;;1;2
8;4;1;49;0;;1;1;CL-527;57,7;6;2;2;;;1;6;1;;;18;1
6;4;15;49;0;;1;1;N-631;29,525;6;4;2;;;1;1;1;;;1;1
10;5;8;49;0;;1;1;ZA-P-2639;3,2;6;8;2;;;1;1;2;;;1;1
5;7;20;49;0;;1;1;CV-PETESQ;0,2;10;10;2;;;1;1;1;;;1;3
7;3;11;49;0;;1;1;N-122;492,4;6;5;2;;;1;1;1;;;1;1
5;3;7;49;49219;;1;1;A-11;441,3;3;14;2;;;1;1;1;;;1;1
11;1;14;49;0;;1;1;ZA-602;29,5;6;12;1;2;;1;1;2;;;1;1
10;2;15;49;0;;1;1;CL-605;135,788;6;16;2;;;3;1;2;;;1;2
6;3;18;49;0;;1;1;ZA-513;1,6;6;18;2;;;1;1;2;;;1;1
7;6;20;49;0;;1;1;ZA-104;9,475;6;10;2;;;1;1;1;;;1;1
9;7;12;49;0;;1;1;CL-605;156,5;6;19;2;;;1;1;1;;;1;4
8;4;12;49;0;;1;1;ZA-123;4,9;6;13;2;;;1;1;1;;;1;2
7;7;11;49;0;;1;1;ZA-L-2698;4;6;10;2;;;1;1;1;;;1;2
7;5;20;49;0;;1;1;ZA-125;25,85;6;8;2;;;1;1;2;;;1;1
4;5;19;49;0;;1;1;A-52;101,25;3;18;1;2;A-52;4;1;4;;;5;3
5;3;21;49;0;;1;1;A-52;107,15;3;6;2;;;1;6;1;;;1;1
9;5;12;49;0;;1;1;ZA-610;9,25;6;2;2;;;1;1;1;;;1;1
5;6;4;49;0;;1;1;ZA-912;20,547;6;12;2;;;1;6;1;;;1;1
5;2;10;49;0;;3;2;No inventariada;;14;1;2;;;2;1;1;;;4;998
12;2;18;49;0;;1;1;A-66;200,4;3;12;2;;;1;2;2;;;1;1
5;6;10;49;0;;1;1;ASFALTADO;3,3;10;20;2;;;1;1;1;;;1;1
1;3;0;49;0;;1;1;A-52;55,45;3;18;2;;;1;6;1;;;1;1
7;4;4;49;0;;1;1;A-52;55,71;3;15;2;;;1;6;1;;;1;3
8;3;15;49;0;;3;2;No inventariada;;9;7;2;;;1;1;1;;;1;998
11;2;9;49;0;;1;1;N-525;57,836;6;16;2;;;3;1;1;;;1;1
8;5;14;49;0;;1;1;A-66;262,7;3;19;2;;;1;1;1;;;1;1
8;3;18;49;0;;1;1;ZA-L-2106;0,5;6;10;2;;;1;1;1;;;1;1
9;1;19;49;0;;1;1;A-66;286,35;3;12;2;;;1;1;1;;;1;2
12;7;22;49;0;;1;1;ZA-L-2560;0,75;6;17;2;;;1;6;1;;;1;3
7;5;23;49;0;;1;1;No inventariada;0,95;10;19;2;;;2;6;1;;;1;1
2;3;18;49;0;;1;1;ZA-324;15,8;6;19;2;;;1;1;1;;;12;1
4;4;12;49;0;;1;1;ZA-P-2310;11,287;5;18;2;;;1;1;1;;;1;2
7;6;4;49;0;;1;1;ZA-P-2443;10,457;6;8;2;;;1;6;1;;;12;1
8;2;11;49;0;;3;2;No inventariada;;9;2;1;1;;1;1;1;;;2;998
6;7;17;49;0;;1;1;A-52;76,536;3;12;2;;;3;1;4;;;5;1
6;6;13;49;0;;1;1;ZA-925;11,4;6;19;2;;;1;1;1;;;1;2
9;4;10;49;0;;1;1;ZA-V-2101;2,48;6;3;2;;;1;1;1;;;1;1
8;2;21;49;0;;1;1;ZA-V-2102;3,3;6;4;2;;;1;2;1;;;6;1
2;1;17;49;0;;1;1;N-631;2,7;6;14;2;;;1;1;1;;;4;2
6;5;13;49;0;;1;1;N-631;7,04;6;1;2;;;1;1;1;;;1;1
3;3;9;49;0;;1;1;N-6;275,7;6;16;1;1;ZA-L-2554;1;1;1;;;1;2
7;3;20;49;0;;1;1;A-11;431,75;6;16;2;;;1;1;1;;;1;1
1;2;22;49;0;;1;1;A-52;80,374;3;14;2;;;4;6;4;;;5;1
7;1;1;49;0;;1;1;N-525;82,937;6;12;1;4;N-525;1;6;1;;;1;2
7;2;23;49;0;;1;1;ZA-925;1,2;6;10;1;2;;3;4;3;;;1;1
7;4;20;49;0;;1;1;N-525;113,05;6;10;2;;;1;1;1;;;1;2
9;3;14;49;0;;1;1;ZA-104;0,4;6;2;1;2;;1;1;1;;;1;1
6;5;8;49;0;;1;1;ZA-P-1510;3,35;6;14;2;;;1;1;1;;;1;1
6;1;4;49;0;;3;2;No inventariada;;9;16;2;;;1;4;1;;;1;998
7;2;8;49;0;;1;1;A-52;17,98;3;14;2;;;1;1;1;;;1;1
12;6;6;49;0;;1;1;AREA DESCA;15;14;7;2;;;1;4;1;;;1;1
12;3;15;49;0;;1;1;No inventariada;1;10;12;2;;;1;1;1;;;1;3
9;2;10;49;0;;1;1;N-122;525,845;6;2;2;;;1;1;1;;;1;1
12;1;17;49;0;;1;1;N-122;527,3;6;2;1;2;;1;1;1;;;1;2
3;5;1;49;0;;1;1;A-52;91,5;3;16;2;;;3;6;3;;;18;1
3;2;16;49;0;;1;1;A-52;94,816;3;2;2;;;3;1;6;;;18;1
5;7;11;49;0;;1;1;CAMINO;0,3;10;20;2;;;1;1;1;;;1;3
1;4;18;49;0;;1;1;N-525;50,4;5;8;2;;;1;6;1;;;12;1
7;7;11;49;0;;1;1;N-525;52,1;6;2;1;1;ZA-P-2657;1;1;1;;;1;1
9;5;19;49;0;;1;1;N-631;56,028;6;1;1;2;A-52;1;1;1;;;1;1
8;6;22;49;0;;3;2;No inventariada;;9;1;2;;;1;4;1;;;1;998
12;6;13;49;0;;1;1;ZA-L-2690;1,3;6;12;2;;;1;1;1;;;1;2
7;7;13;49;0;;1;1;ZA-P-2665;12,667;6;15;2;;;1;1;2;;;9;1
8;2;9;49;0;;1;1;ZA-V-2421;3,15;6;7;2;;;1;1;1;;;2;1
6;3;12;49;0;;1;1;A-66;256;3;4;2;;;1;1;1;;;1;1
3;3;11;49;0;;1;1;N-630;211,45;6;2;1;12;A-6;1;1;1;;;1;1
3;6;2;49;0;;1;1;A-6;246,532;3;18;2;;;3;6;2;;;1;1
6;3;19;49;0;;1;1;A-6;247,6;3;14;2;;;1;1;1;;;1;1
7;4;18;49;0;;1;1;A-6;250,9;3;18;2;;;1;1;1;;;1;1
7;7;21;49;0;;1;1;A-6;249,4;3;3;2;;;1;1;1;;;1;1
11;4;0;49;0;;1;1;A-6;250,75;3;16;2;;;1;6;1;;;1;1
10;3;7;49;0;;1;1;ZA-P-2104;3,9;6;1;2;;;1;6;1;;;1;1
1;7;19;49;0;;1;1;ZA-P-1512;0,204;14;2;1;1;;1;4;1;;;1;1
4;1;1;49;0;;1;1;ZA-P-1512;5,702;6;8;2;;;3;6;1;;;17;1
7;7;12;49;0;;1;1;AFALTADO;1,3;10;10;2;;;1;1;1;;;1;1
4;5;14;49;0;;1;1;ZA-P-2548;0,6;6;16;2;;;1;1;1;;;1;1
7;1;5;49;0;;1;1;ZA-P-2554;17,403;6;19;1;2;;3;6;3;;;1;3
10;4;0;49;0;;1;1;ZA-P-1510;13,233;6;14;2;;;3;6;3;;;1;1
1;5;18;49;49219;;2;2;N-122;425,99;6;7;2;;;1;1;2;;;1;1
1;3;19;49;49219;;1;1;ZA-705;0,125;6;7;2;;;1;4;1;1;;1;1
2;6;18;49;49219;;1;1;CL-602;0,8;6;1;2;;;1;1;1;;;1;2
5;6;18;49;49219;;3;2;No inventariada;;11;7;2;;;1;1;1;;;9;998
6;2;20;49;49219;;3;2;No inventariada;;7;7;2;;;1;2;1;;;6;998
10;2;13;49;49219;;1;1;CL-602;0,575;6;4;2;;;1;1;1;;;1;1
10;2;18;49;49219;;1;1;ZA-P-2106;5,6;6;16;2;;;3;1;2;;;1;2
12;3;11;49;49219;;1;1;A-11;427,85;3;12;2;;;1;1;1;;;1;1
12;1;18;49;0;;3;2;No inventariada;;9;2;1;2;;1;4;1;;;2;998
9;7;16;49;0;;1;1;ZA-V-2425;8,8;6;19;2;;;1;1;1;;;1;3
8;5;8;49;0;;1;1;A-11;460,3;3;14;2;;;1;1;1;;;1;2
8;7;14;49;0;;1;1;A-52;38,2;3;14;2;;;1;1;1;;;1;1
7;4;21;49;0;;1;1;ZA-P-2553;11,75;6;7;2;;;1;2;1;;;6;1
8;2;18;49;0;;1;1;ZA-324;9,353;6;15;2;;;3;1;3;;;1;2
11;4;15;49;0;;1;1;A-6;246,4;3;1;2;;;1;1;1;;;1;1
3;5;8;49;0;;1;1;A-6;236,799;3;19;2;;;1;1;1;;;1;3
5;7;7;49;0;;1;1;A-6;239,99;3;19;2;;;3;2;2;;;1;1
6;4;16;49;0;;1;1;A-6;236,5;3;14;2;;;1;1;1;;;1;1
7;4;10;49;0;;1;1;SAN PEDRO;0,045;10;10;2;;;2;1;1;;;1;1
7;7;14;49;0;;1;1;CL-612;69,761;6;18;2;;;1;1;1;;;1;1
8;3;10;49;0;;3;2;No inventariada;;9;7;2;;;1;1;1;;;11;998
7;7;11;49;0;;1;1;ZA-P-1102;1,5;6;2;1;2;;1;1;1;;;1;2
10;2;7;49;0;;1;1;ZA-P-1102;2,6;6;7;1;1;;1;6;1;;;8;1
10;4;16;49;0;;1;1;No inventariada;0,05;7;19;1;4;ZA-610;1;1;1;;;1;3
8;6;21;49;0;;1;1;ZA-912;9,9;6;1;2;;;1;6;1;;;4;3
12;2;15;49;0;;3;2;No inventariada;;9;7;2;;;1;1;1;;;1;998
8;5;20;49;0;;1;1;CL-527;43,359;6;2;1;1;ZA-P-2220;1;1;1;;;1;1
9;2;15;49;0;;1;1;CL-527;43,9;6;12;2;;;1;1;1;;;1;1
7;7;16;49;0;;1;1;ZA-100;16,3;6;14;2;;;1;1;1;;;1;3
1;4;20;49;49275;;3;2;No inventariada;;9;7;2;;;3;4;3;;;1;998
1;6;7;49;49275;;3;2;No inventariada;;9;7;1;2;;1;4;1;;;1;998
1;1;17;49;49275;;3;2;No inventariada;;9;4;1;2;;1;4;3;;;1;998
2;5;21;49;49275;;3;2;No inventariada;;9;2;2;;;1;4;1;;;1;998
1;5;19;49;49275;;3;2;No inventariada;;9;7;2;;;1;4;1;;;1;998
2;2;20;49;49275;;3;2;No inventariada;;9;1;1;3;;1;4;1;;;1;998
2;4;0;49;49275;;1;1;CL-605;168,8;6;12;1;4;A-66;1;6;1;;;1;2
1;4;9;49;49275;;3;2;No inventariada;;9;2;1;1;;3;1;2;;;1;998
2;2;11;49;49275;;3;2;No inventariada;;9;20;1;2;;1;1;1;;;1;998
1;2;16;49;49275;;3;2;No inventariada;;9;4;2;;;3;1;2;;;1;998
2;1;21;49;49275;;1;1;CL-605;168,7;6;4;1;4;A-66;1;6;2;;;1;1
3;7;14;49;49275;;3;2;No inventariada;;9;7;2;;;1;1;1;;;1;998
3;5;9;49;49275;;3;2;No inventariada;;9;2;1;4;;1;1;2;;;1;998
3;7;17;49;49275;;3;2;No inventariada;;9;3;2;;;1;1;1;;;1;998
3;6;14;49;49275;;3;2;No inventariada;;9;7;2;;;1;1;1;;;3;998
3;1;20;49;49275;;3;2;No inventariada;;9;2;1;1;;1;4;1;;;1;998
3;6;11;49;49275;;3;2;No inventariada;;9;7;1;2;;1;1;1;;;1;998
4;7;10;49;49275;;3;2;No inventariada;;9;3;1;5;;3;1;2;;;9;998
3;7;10;49;49275;;3;2;No inventariada;;9;4;2;;;1;1;1;;;1;998
3;6;13;49;49275;;3;2;No inventariada;;9;7;1;2;;3;1;2;;;1;998
5;7;15;49;49275;;3;2;No inventariada;;9;2;1;2;;3;1;3;;;9;998
5;4;20;49;49275;;3;2;No inventariada;;9;6;2;;;3;2;2;;;6;998
5;5;10;49;49275;;3;2;No inventariada;;9;3;1;4;;1;1;1;;;1;998
4;4;11;49;49275;;3;2;No inventariada;;9;7;1;2;;1;1;1;;;1;998
3;6;12;49;49275;;3;2;No inventariada;;9;10;2;;;1;1;1;;;2;998
5;1;2;49;49275;;3;2;No inventariada;;9;19;2;;;8;6;1;;;4;998
6;6;14;49;49275;;3;2;No inventariada;;9;4;2;;;1;1;1;;;1;998
6;2;16;49;49275;;3;2;No inventariada;;9;6;2;;;1;1;1;;;1;998
6;2;12;49;49275;;3;2;No inventariada;;9;2;2;;;1;1;1;;;1;998
6;4;13;49;49275;;3;2;No inventariada;;9;7;2;;;1;1;1;;;1;998
6;3;2;49;49275;;1;1;A-11;453,05;3;12;2;;;1;6;1;;;1;1
7;2;12;49;49275;;3;2;No inventariada;;9;20;2;;;1;1;1;;;1;998
7;4;15;49;0;;1;1;A-66;266,303;3;16;2;;;1;1;1;;;18;1
7;6;1;49;49275;;1;1;ZA-P-2223;6,5;6;19;2;;;1;6;1;;;1;2
7;5;20;49;49275;;3;2;No inventariada;;9;2;2;;;1;2;1;;;1;998
7;2;8;49;49275;;3;2;No inventariada;;9;10;2;;;8;1;1;;;1;998
7;3;10;49;49275;;1;1;A-11;465,65;3;12;2;;;1;1;1;;;1;1
7;6;20;49;49275;;3;2;No inventariada;;9;16;1;4;;1;1;1;;;1;998
6;4;20;49;49275;;3;2;No inventariada;;9;6;2;;;1;1;2;;;1;998
8;7;12;49;49275;;3;2;No inventariada;;9;2;2;;;1;1;1;;;1;998
8;1;22;49;0;;1;1;ZA-610;0,813;5;4;2;;;1;6;1;;;1;3
7;4;14;49;49275;;3;2;No inventariada;;9;4;2;;;1;1;1;;;1;998
8;1;19;49;49275;;3;2;No inventariada;;9;7;2;;;1;2;1;;;6;998
7;3;10;49;49275;;3;2;No inventariada;;9;6;2;;;1;1;1;;;1;998
8;4;23;49;49275;;3;2;No inventariada;;9;2;1;5;;1;4;1;;;1;998
8;2;18;49;49275;;3;2;No inventariada;;9;2;1;3;;1;1;1;;;1;998
5;4;18;49;49275;;3;2;No inventariada;;9;4;2;;;1;1;1;;;1;998
6;5;18;49;49275;;3;2;No inventariada;;9;4;2;;;1;1;1;;;1;998
4;6;20;49;49275;;3;2;No inventariada;;9;4;2;;;1;1;1;;;1;998
8;1;17;49;49275;;3;2;No inventariada;;9;5;2;;;1;1;1;;;1;998
9;3;6;49;49275;;3;2;No inventariada;;9;7;2;;;1;4;1;;;1;998
10;1;2;49;49275;;3;2;No inventariada;;9;16;1;4;;4;4;4;;;5;998
9;5;12;49;49275;;3;2;No inventariada;;9;7;1;2;;1;1;1;;;1;998
10;5;4;49;49275;;3;2;No inventariada;;9;12;2;;;1;4;1;;;1;998
9;1;13;49;49275;;3;2;No inventariada;;9;2;1;1;;1;1;1;;;1;998
9;3;19;49;49275;;3;2;No inventariada;;9;7;2;;;1;2;1;;;6;998
7;6;13;49;49275;;3;2;No inventariada;;9;10;2;;;1;1;1;;;1;998
9;1;11;49;49275;;3;2;No inventariada;;9;4;1;2;;1;1;1;;;1;998