MES;DIA_SEMANA;HORA;COD_PROVINCIA;COD_MUNICIPIO;ISLA;ZONA;ZONA_AGRUPADA;CARRETERA;KM;TIPO_VIA;TIPO_ACCIDENTE;NUDO;NUDO_INFO;CARRETERA_CRUCE;CONDICION_FIRME;CONDICION_ILUMINACION;CONDICION_METEO;CONDICION_NIEBLA;CONDICION_VIENTO;VISIB_RESTRINGIDA_POR;TRAZADO_PLANTA
10;3;7;49;49275;;3;2;No inventariada;;9;2;1;4;;3;4;2;;;1;998
10;4;16;49;49275;;3;2;No inventariada;;9;16;1;4;;1;2;1;;;6;998
10;4;22;49;49275;;3;2;No inventariada;;9;2;1;2;;3;4;2;;;1;998
10;3;17;49;49275;;3;2;No inventariada;;9;6;2;;;1;1;2;;;1;998
11;4;10;49;49275;;1;1;CL-605;168,7;6;2;1;4;A-66;1;1;1;;;1;1
11;4;0;49;49275;;3;2;No inventariada;;9;10;2;;;2;4;1;;;1;998
11;4;11;49;49275;;3;2;No inventariada;;9;7;2;;;1;1;1;;;9;998
11;4;20;49;49275;;3;2;No inventariada;;9;10;2;;;1;4;1;;;1;998
11;6;14;49;49275;;3;2;No inventariada;;9;1;2;;;1;1;1;;;1;998
11;4;14;49;49275;;3;2;No inventariada;;9;5;2;;;1;1;1;;;1;998
10;3;19;49;49275;;3;2;No inventariada;;9;4;2;;;1;4;2;;;1;998
2;4;19;49;49275;;3;2;No inventariada;;9;7;2;;;1;3;2;;;9;998
12;7;5;49;49275;;3;2;No inventariada;;9;6;2;;;1;4;1;;;1;998
11;4;19;49;49275;;3;2;No inventariada;;9;6;2;;;3;3;2;;;5;998
12;6;15;49;49275;;3;2;No inventariada;;9;2;1;1;;1;1;1;;;1;998
12;6;11;49;49275;;3;2;No inventariada;;9;3;1;2;;1;1;1;;;6;998
12;1;21;49;49275;;3;2;No inventariada;;9;2;1;2;;1;4;1;;;9;998
1;3;14;50;0;;1;1;N-122;54,3;6;2;2;;;1;1;1;;;1;1
9;5;22;50;0;;1;1;Z-324;3,5;6;8;2;;;1;4;1;;;1;1
1;6;20;50;0;;1;1;VP-024;2,147;6;2;1;2;CV-911;1;6;1;;;1;1
3;3;19;50;50008;;1;1;A-126;55,9;6;3;2;;;1;4;1;;;1;1
3;5;13;50;50008;;1;1;A-68;261,725;5;4;2;;;1;1;1;;;1;1
4;1;17;50;50008;;1;1;A-68;264;5;4;2;;;1;1;1;;;1;1
1;2;11;50;50008;;3;2;No inventariada;;9;2;2;;;1;1;1;;;1;998
8;5;10;50;50008;;1;1;AP-68;277,069;1;12;2;;;1;1;1;;;1;1
8;5;10;50;50008;;1;1;A-126;54,645;6;2;1;2;VP-024;1;1;1;;;1;1
8;6;14;50;50008;;1;1;A-126;54,6;6;2;1;1;VP-024;1;1;1;;;1;1
9;2;13;50;50008;;1;1;A-68;263,55;5;6;2;;;1;1;1;;;1;1
10;5;14;50;50008;;1;1;A-126;54,642;6;5;1;1;VP-024;1;1;1;;;1;1
10;7;23;50;50008;;1;1;A-126;54,375;8;16;2;;;1;4;2;;;1;3
9;7;16;50;50008;;3;2;No inventariada;;9;2;1;2;;1;1;1;;;1;998
12;3;6;50;50297;;1;1;A-68;261,25;5;18;2;;;3;6;2;1;;5;1
12;2;12;50;50008;;1;1;VP-024;0,3;6;19;2;;;3;1;2;1;;1;3
5;5;16;50;0;;1;1;A-121;3,1;6;2;1;5;A-1303;1;1;1;;;12;1
8;5;19;50;50055;;1;1;N-122;62,167;6;2;1;1;;1;1;1;;;1;1
8;5;17;50;0;;3;2;No inventariada;;14;10;2;;;8;1;1;;;2;998
9;5;22;50;0;;1;1;VP-024;7;6;16;1;1;CP-001;1;6;1;;;1;1
9;1;11;50;0;;1;1;VP-024;7,108;5;4;1;4;VP-024;1;1;1;;;1;1
1;5;20;50;0;;1;1;N-2;338;6;2;2;;;1;6;2;;;1;2
2;5;13;50;0;;1;1;N-2;339,24;6;5;1;1;;1;1;1;;;1;1
2;4;7;50;0;;3;2;No inventariada;;9;10;1;2;;2;1;1;;;1;998
5;6;21;50;0;;1;1;A-2;336,8;3;12;2;;;1;2;1;;;1;1
12;3;0;50;0;;1;1;AP-2;20,471;2;12;2;;;3;6;1;;;1;1
6;4;6;50;0;;2;2;CALLE POLI;5;9;7;2;;;1;1;1;;;1;1
7;5;18;50;0;;1;1;A-2;207,492;3;12;2;;;1;1;1;;;1;2
4;4;23;50;0;;1;1;A-230;43,231;6;12;2;;;1;6;1;;;1;1
10;4;21;50;0;;1;1;AP-2;68,9;2;12;2;;;1;6;2;;;1;1
4;6;20;50;0;;1;1;CV-303;12,9;6;17;2;;;1;3;1;;;1;2
10;2;13;50;0;;1;1;CV-303;8,85;6;3;2;;;1;1;1;;;1;2
6;6;8;50;0;;1;1;A-220;6,2;6;2;1;2;;1;1;1;;;6;1
9;2;14;50;0;;1;1;No inventariada;0;10;18;2;;;8;1;1;;;1;3
11;3;8;50;0;;1;1;A-220;9,4;6;19;2;;;3;1;3;;;1;1
1;4;16;50;50025;;1;1;A-220;0,3;6;14;2;;;1;1;1;;;1;1
2;6;12;50;50025;;2;2;N-2a;1;6;4;1;2;;1;1;1;;;1;1
2;7;17;50;0;;3;2;No inventariada;;7;2;1;2;;1;1;1;;;1;998
2;1;9;50;50025;;3;2;No inventariada;;9;7;2;;;1;1;7;;;1;998
5;6;20;50;50025;;3;2;No inventariada;;9;7;2;;;1;3;1;;;4;998
6;6;17;50;50025;;1;1;A-1304;15,747;6;2;1;12;;1;1;1;;;1;1
6;6;4;50;50025;;1;1;A-2;265,7;3;2;2;;;3;2;1;;;1;3
7;4;20;50;50025;;1;1;A-2;274,6;3;4;2;;;1;1;1;;;1;1
11;4;14;50;0;;1;1;A-1304;16,363;6;2;1;1;;1;1;1;;;1;1
12;5;15;50;50025;;1;1;A-2;271,585;3;6;2;;;1;1;1;;;1;1
8;5;12;50;0;;1;1;A-2;197,3;3;18;2;;;1;1;1;;;1;1
3;2;18;50;0;;1;1;A-1204;19,5;6;14;2;;;1;1;1;;;1;2
3;6;8;50;0;;1;1;CP-001;0,39;6;18;2;;;1;1;2;;1;1;1
4;6;20;50;0;;1;1;CP-001;2,34;6;16;2;;;2;2;1;;;1;3
4;6;11;50;0;;1;1;N-2;222,75;6;10;2;;;3;1;2;;;1;1
5;5;2;50;0;;1;1;A-2;222,5;3;7;2;;;1;6;1;;;1;1
9;4;21;50;0;;1;1;A-2306;26,4;6;18;2;;;1;6;2;;;1;2
12;7;16;50;0;;1;1;A-122;7,5;6;1;2;;;1;1;2;2;;5;1
4;4;17;50;0;;1;1;A-222;26,6;6;15;2;;;1;1;1;;;1;1
7;2;8;50;0;;1;1;A-222;26,8;5;16;2;;;1;1;1;;;1;1
8;4;12;50;0;;1;1;CV-303;8,5;6;15;2;;;1;1;1;;;1;2
9;1;7;50;0;;3;2;No inventariada;;9;2;1;1;;1;1;1;;;2;998
3;3;21;50;0;;1;1;A-1504;10;6;18;2;;;1;6;1;;;1;1
12;6;18;50;0;;1;1;A-127;57;6;18;2;;;1;6;1;;;1;1
5;5;13;50;0;;1;1;N-122;50,04;6;2;1;2;;1;1;1;;;1;1
1;7;4;50;50055;;1;1;N-122;66,5;6;18;2;;;3;6;3;;;1;3
7;4;8;50;50055;;1;1;N-122;65,9;6;19;2;;;1;1;1;;;1;1
11;2;16;50;50055;;1;1;N-122;65,8;6;19;2;;;1;1;2;;;1;2
4;5;17;50;0;;3;2;No inventariada;;9;1;2;;;1;1;1;;;1;998
5;2;6;50;0;;1;1;N-330;475,654;6;16;1;2;N-330;3;2;3;;;1;1
7;3;8;50;0;;1;1;N-330;473,55;6;3;2;;;1;1;1;;;6;1
8;4;18;50;0;;1;1;A-23;262,7;3;12;1;2;N-330;1;1;1;;;1;2
8;5;9;50;0;;1;1;N-330;476;6;2;1;11;A-23;1;1;1;;;1;1
9;2;7;50;0;;1;1;A-23;260,756;3;16;2;;;3;2;2;;;1;1
9;6;12;50;0;;1;1;N-330;474,8;6;10;2;;;1;1;1;;;1;1
10;3;8;50;50182;;1;1;A-23;260,224;3;16;2;;;3;1;3;;;1;1
11;3;7;50;0;;1;1;N-330;474,675;6;16;2;;;1;6;1;;;1;1
1;4;18;50;0;;1;1;A-1503;19;6;1;2;;;3;6;3;;;1;3
8;4;17;50;0;;1;1;A-2;212,1;3;12;2;;;1;1;1;;;4;2
2;2;21;50;0;;1;1;N-2;381,6;6;2;2;;;1;4;1;;1;1;1
7;1;13;50;0;;1;1;A-230;19,958;6;19;2;;;1;1;1;;;1;1
12;4;6;50;0;;1;1;A-230;36,541;6;2;1;4;AP-2;3;4;1;;;1;1
11;4;21;50;0;;1;1;N-122;67,098;6;19;2;;;1;6;1;;;1;1
2;5;17;50;0;;1;1;N-232;222,095;6;4;2;;;3;2;3;;;1;1
3;6;21;50;0;;1;1;N-232a;221,9;6;7;2;;;1;4;1;;;1;1
6;2;12;50;0;;1;1;N-232a;221,1;6;2;1;5;;1;1;1;;;1;1
7;2;5;50;0;;1;1;N-232;215,5;6;2;1;2;;1;2;1;;;1;1
9;6;9;50;0;;1;1;N-232;221,6;6;12;2;;;3;1;4;;;5;1
10;1;18;50;0;;1;1;ARA-A1;5,2;2;13;1;4;;1;1;1;;;1;2
11;1;16;50;50297;;1;1;A-222;1;6;2;2;;;1;1;1;;;1;1
5;2;16;50;0;;3;2;No inventariada;;9;19;2;;;1;1;1;;1;1;998
5;1;20;50;50297;;1;1;N-330;483,9;5;2;1;4;;1;1;1;;;1;2
8;4;22;50;0;;3;2;No inventariada;;9;7;1;2;;1;4;1;;;1;998
8;7;9;50;50297;;1;1;N-330;483,869;5;10;1;4;N-330;7;1;1;;;1;2
10;4;16;50;0;;3;2;No inventariada;;9;2;1;1;;1;1;1;;;1;998
1;3;16;50;50067;;3;2;No inventariada;;9;7;2;;;1;1;2;;;18;998
1;2;8;50;50067;;3;2;No inventariada;;9;7;1;1;;3;1;1;;;5;998
1;4;17;50;50067;;1;1;N-2;231,1;6;4;2;;;1;1;1;;;4;1
4;2;15;50;50067;;1;1;A-202;3,6;6;2;1;5;A-202;1;1;2;;;1;1
5;3;19;50;50067;;1;1;N-2;233,6;6;14;2;;;1;1;1;;;1;1
5;1;15;50;50067;;1;1;A-202;3,655;5;2;1;5;;1;1;1;;;1;1
7;4;14;50;50067;;1;1;N-234;255,6;6;3;1;4;N-234;1;1;1;;;1;1
9;4;11;50;50067;;1;1;A-2;241,35;3;15;2;;;1;1;1;;;1;1
4;3;17;50;50067;;3;2;No inventariada;;9;3;1;3;;1;1;1;;;1;998
7;2;14;50;50067;;3;2;No inventariada;;9;2;1;2;;1;1;1;;;1;998
7;3;12;50;50067;;3;2;No inventariada;;9;19;2;;;1;1;1;;;18;998
5;6;18;50;50067;;3;2;No inventariada;;9;4;2;;;1;1;1;;;1;998
5;5;13;50;50067;;3;2;No inventariada;;9;7;1;2;;1;1;1;;;1;998
7;3;13;50;50067;;3;2;No inventariada;;14;19;2;;;1;1;1;;;18;998
7;3;23;50;50067;;3;2;No inventariada;;9;3;2;;;1;4;2;;;1;998
8;5;13;50;50067;;3;2;No inventariada;;9;7;1;2;;1;1;1;;1;9;998
8;5;20;50;50067;;3;2;No inventariada;;14;15;2;;;3;6;3;;;5;998
9;7;16;50;50067;;3;2;No inventariada;;9;10;1;1;;8;1;1;;;18;998
11;5;10;50;50067;;1;1;A-2;241,117;3;3;2;;;1;1;1;;;1;1
9;5;18;50;50067;;3;2;No inventariada;;9;7;2;;;1;4;1;;;1;998
9;2;12;50;50067;;3;2;No inventariada;;9;4;1;2;;1;1;1;;;1;998
9;7;13;50;50067;;3;2;No inventariada;;9;7;1;2;;1;1;1;;;3;998
10;2;16;50;50067;;3;2;No inventariada;;9;3;2;;;1;1;1;;;9;998
12;2;22;50;50067;;1;1;A-202;3,5;5;19;2;;;1;6;1;;;1;1
2;6;18;50;0;;1;1;A-2;283,982;3;5;2;;;1;2;1;;;1;1
3;4;18;50;0;;1;1;A-2;281,5;7;2;1;2;;1;1;1;;;1;1
7;1;21;50;0;;1;1;CAMINO ROD;4;10;1;2;;;1;2;1;;;1;1
7;3;18;50;0;;1;1;A-122;36,105;6;2;1;4;A-1305;1;1;1;;;18;1
10;6;10;50;0;;1;1;A-1304;18,5;6;2;2;;;1;1;1;;;1;1
12;2;14;50;0;;1;1;A-122;28,128;6;2;2;;;1;1;1;;;1;1
7;5;10;50;0;;1;1;A-1501;12;6;12;2;;;1;1;1;;;6;3
3;2;18;50;0;;1;1;A-220;19,842;6;2;1;2;A-1504;1;1;1;;;1;1
3;6;12;50;0;;1;1;N-330;449,65;6;19;2;;;1;1;1;;;1;1
9;1;14;50;0;;3;2;No inventariada;;9;2;1;1;;1;1;1;;;2;998
12;7;10;50;0;;1;1;N-330;455;6;17;2;;;1;1;1;;;1;1
1;3;15;50;50074;;1;1;N-211;284,052;6;14;2;;;1;1;1;;;1;2
1;4;14;50;50074;;1;1;A-221;65,28;6;1;2;;;1;1;1;;;1;1
1;2;21;50;50074;;1;1;N-211;262,491;6;19;2;;;1;6;1;;;1;1
4;1;17;50;50074;;1;1;A-221;62,344;6;12;2;;;3;1;4;;;1;2
5;1;20;50;50074;;1;1;A-221;66,8;6;4;1;1;;1;2;1;;;1;1
1;1;13;50;50074;;3;2;No inventariada;;9;10;1;4;A-221;2;1;1;;;1;998
5;5;13;50;50074;;1;1;N-211;290;6;12;2;;;1;1;1;;;1;2
8;4;1;50;50074;;1;1;N-211;259,959;6;18;2;;;1;6;1;;;1;2
8;3;6;50;50074;;1;1;A-221;52,751;6;2;1;1;A-221;1;2;7;;;1;1
9;3;9;50;50074;;1;1;N-211;287,879;6;18;2;;;3;2;2;;;1;2
9;7;7;50;50074;;1;1;A-230;7,373;6;18;2;;;1;2;1;;;1;1
10;6;9;50;50074;;1;1;CHE-0901;18,3;6;15;1;1;;2;1;1;;;1;1
12;3;12;50;50074;;1;1;A-230;4,8;6;17;2;;;1;1;1;;;1;1
8;1;9;50;0;;1;1;CV-851;6,7;6;10;2;;;2;1;1;;;4;1
3;5;14;50;0;;1;1;A-127;83,8;6;16;2;;;1;1;1;;;1;2
7;4;13;50;0;;1;1;A-2501;32,3;6;16;2;;;2;1;1;;;4;2
8;2;12;50;0;;1;1;A-2;201,046;3;4;2;;;1;1;1;;;1;1
12;6;18;50;0;;1;1;A-221;15,4;6;8;2;;;1;6;1;;;1;1
1;3;8;50;0;;1;1;CP-009;18,363;6;18;2;;;3;1;3;;;1;1
6;2;11;50;0;;1;1;A-1306;5,95;6;15;2;;;2;1;1;;;1;3
2;2;13;50;50297;;1;1;A-23;274;3;4;1;4;A-23;1;1;1;;;1;1
2;5;14;50;50089;;3;2;No inventariada;;9;7;2;;;1;1;1;;;1;998
3;5;13;50;50089;;3;2;No inventariada;;9;2;2;;;1;1;1;;;1;998
3;5;20;50;50089;;3;2;No inventariada;;9;2;1;1;;3;4;3;;;1;998
4;1;11;50;50089;;3;2;No inventariada;;9;7;2;;;1;1;1;;;18;998
5;2;8;50;50089;;3;2;No inventariada;;9;2;1;4;;1;1;1;;;18;998
7;3;20;50;50297;;1;1;N-330;489,067;5;2;1;2;N-330;1;1;1;;;1;1
9;5;15;50;50297;;1;1;N-330;487,5;5;5;1;4;;1;1;2;;;1;1
9;2;17;50;50089;;3;2;No inventariada;;9;7;2;;;1;1;1;;;1;998
11;2;17;50;50089;;3;2;No inventariada;;9;7;2;;;1;2;7;;;18;998
10;6;16;50;0;;1;1;A-221;46,5;6;2;1;5;;1;1;1;;;1;1
8;6;6;50;0;;1;1;N-234;220,55;6;4;2;;;1;6;1;;;1;1
1;6;13;50;50095;;3;2;No inventariada;;9;7;1;1;;1;1;1;;;1;998
1;3;13;50;50095;;1;1;A-125;40,8;6;2;1;1;CNO. SGIL;1;1;2;;;1;1
2;3;9;50;50095;;1;1;A-127;32,726;6;1;2;;;1;1;1;;;1;1
3;2;10;50;0;;1;1;A-1202;40,1;6;18;2;;;1;1;1;;;1;3
1;6;19;50;50095;;3;2;No inventariada;;9;2;1;1;;1;4;1;;;1;998
1;7;15;50;50095;;3;2;No inventariada;;9;7;2;;;1;1;1;;;2;998
2;5;9;50;50095;;3;2;No inventariada;;9;2;2;;;3;1;3;;;1;998
2;5;23;50;50095;;3;2;No inventariada;;9;19;2;;;1;4;1;;;1;998
3;3;11;50;50095;;3;2;No inventariada;;9;7;1;1;;1;1;1;;;1;998
4;3;20;50;50095;;1;1;A-125;28,6;6;18;2;;;1;2;1;;;1;1
4;7;17;50;50095;;3;2;No inventariada;;9;4;1;1;;1;1;1;;;1;998
5;4;11;50;50095;;1;1;A-127;40;6;19;2;;;1;1;1;;;1;2
4;5;16;50;50095;;3;2;No inventariada;;9;2;1;1;;1;1;1;;;1;998
5;1;15;50;50095;;2;2;A-1208;28,3;6;14;2;;;1;1;1;;;1;2
7;1;13;50;50095;;1;1;A-127;30,187;6;19;2;;;1;1;1;;1;1;1
7;5;14;50;50095;;1;1;A-1208;16,4;6;18;2;;;1;1;1;;;1;1
7;5;16;50;50095;;1;1;A-127;31,65;6;1;2;;;1;1;1;;;1;1
7;7;19;50;50095;;1;1;CES;0;10;19;1;2;;2;1;1;;;1;3
7;3;15;50;50095;;1;1;A-1208;29,816;6;16;2;;;1;1;1;;;1;2
8;4;12;50;50095;;1;1;A-127;31,3;6;4;1;1;;1;1;1;;;12;3
8;5;11;50;50095;;1;1;A-125;21,3;6;10;2;;;2;1;2;;;1;1
4;3;10;50;50095;;3;2;No inventariada;;9;12;2;;;1;1;1;1;;1;998
5;7;9;50;50095;;3;2;No inventariada;;9;7;2;;;1;1;1;;;1;998
6;2;19;50;50095;;3;2;No inventariada;;9;7;2;;;1;1;1;;;1;998
10;7;12;50;50095;;1;1;A-127;46,784;6;4;2;;;1;1;1;;;1;1
8;7;15;50;50095;;3;2;No inventariada;;9;2;1;1;;1;1;1;;;1;998
10;3;10;50;50095;;3;2;No inventariada;;9;2;2;;;1;1;1;;;1;998
8;7;8;50;50095;;3;2;No inventariada;;9;7;2;;;1;1;1;;;6;998
8;3;19;50;50095;;3;2;No inventariada;;9;7;1;1;;1;1;1;;;6;998
9;4;9;50;50095;;3;2;No inventariada;;9;20;1;1;;1;1;1;;;1;998
8;4;14;50;50095;;3;2;No inventariada;;9;4;1;1;;1;1;1;;;1;998
11;4;18;50;50095;;3;2;No inventariada;;9;7;1;1;;1;4;1;;;1;998
11;5;11;50;50095;;1;1;A-127;49,303;6;4;2;;;1;1;7;;;18;1
11;5;17;50;50095;;1;1;A-125;38;6;4;1;4;A-127;1;2;1;;;1;2
10;4;9;50;50095;;3;2;No inventariada;;9;4;2;;;1;1;1;;;1;998
11;6;17;50;50095;;3;2;No inventariada;;9;7;1;1;;1;1;1;;;1;998
6;3;19;50;0;;1;1;CV-669;4,713;6;1;2;;;2;1;1;;;18;3
2;3;12;50;0;;1;1;A-1305;7,037;6;4;1;12;;1;1;1;;;1;1
2;4;23;50;50182;;1;1;A-2;286,24;3;4;2;;;3;6;1;;;1;1
4;3;17;50;0;;1;1;RODANAS;12;10;15;2;;;1;1;1;;;1;3
6;7;16;50;0;;3;2;No inventariada;;9;12;1;2;;1;1;1;;;18;998
10;3;9;50;0;;1;1;A-220;28;5;19;2;;;1;1;2;;;1;1
10;2;16;50;50182;;1;1;A-2;285,4;3;20;2;;;1;1;1;;;1;1
11;2;6;50;0;;1;1;A-1305;2,938;6;19;1;4;;1;6;1;;;1;1
6;5;7;50;0;;1;1;A-125;55,579;6;19;2;;;1;1;2;;;1;2
8;5;13;50;0;;1;1;A-125;56,5;6;19;1;4;A-124;1;1;1;;;1;3
10;7;16;50;0;;1;1;No inventariada;6,5;14;10;2;;;2;1;1;;;18;2
6;7;13;50;0;;1;1;CV-639;2,2;6;19;2;;;1;1;2;;;1;2
3;2;22;50;0;;1;1;A-68;267,343;5;4;2;;;1;6;1;;;1;1
6;7;13;50;0;;1;1;AP-68;265,5;1;18;2;;;1;1;1;;;1;1
10;5;8;50;0;;1;1;A-68;267,679;5;2;2;;;1;1;1;;;1;1
6;4;23;50;50067;;1;1;A-2;246,4;3;6;2;;;1;6;1;;;1;3
7;1;18;50;0;;1;1;A-2;250;3;5;2;;;1;1;1;;;1;1
6;4;14;50;0;;1;1;CP-002;10,834;6;15;2;;;1;1;2;;;1;1
7;7;3;50;0;;1;1;CP-002;8,8;6;7;2;;;1;5;1;;;1;1
4;7;21;50;0;;1;1;A-121;12;6;16;2;;;1;6;1;;;1;1
7;7;12;50;0;;1;1;A-2101;22,8;6;18;2;;;1;1;1;;;1;2
5;7;8;50;0;;1;1;N-232;205,6;6;15;2;;;1;1;1;;;1;2
7;2;10;50;0;;1;1;N-232;206,8;6;4;1;2;;1;1;1;;;1;1
7;3;16;50;0;;1;1;N-232;198,57;6;19;2;;;1;1;1;;;1;1
9;6;1;50;0;;1;1;N-232;206,95;6;4;2;;;3;6;3;;;1;1
9;5;10;50;0;;3;2;No inventariada;;9;7;2;;;2;1;1;;;1;998
10;5;14;50;0;;1;1;N-232;207,224;6;1;2;;;2;1;1;;;4;4
1;3;8;50;0;;3;2;No inventariada;;9;7;1;2;;3;1;2;;;6;998
8;5;4;50;0;;1;1;A-68;285,087;3;18;2;;;1;6;1;;;1;1
11;7;17;50;0;;1;1;N-122;50,163;6;18;2;;;1;1;1;;;1;1
11;7;21;50;0;;1;1;A-68;282,35;7;12;2;;;1;6;1;;;12;1
12;2;15;50;0;;1;1;A-127a;6,296;6;2;1;2;;1;1;1;;;1;2
12;5;22;50;0;;3;2;No inventariada;;14;16;2;;;1;6;1;;;1;998
2;2;5;50;0;;3;2;No inventariada;;9;16;2;;;1;3;1;;;1;998
8;7;10;50;0;;1;1;CV-661;0,865;6;16;2;;;1;1;1;;;1;1
8;1;17;50;0;;1;1;N-122;81,1;6;4;2;;;1;1;1;;;1;1
1;4;6;50;0;;1;1;A-122;2,2;5;2;1;2;A-122;1;6;1;;;1;1
6;6;12;50;0;;1;1;HN-01;8,6;10;14;2;;;1;1;1;;;1;3
6;7;3;50;0;;1;1;A-1101;44,4;6;18;2;;;2;6;1;;;18;1
4;3;16;50;0;;1;1;A-1503;20,35;6;13;2;;;1;1;1;;;1;1
6;7;7;50;0;;1;1;A-1301;39,1;6;14;2;;;3;1;3;;;1;1
7;5;11;50;0;;1;1;A-1503;19,9;6;12;1;2;;1;1;1;;;1;1
9;7;1;50;0;;3;2;No inventariada;;9;13;2;;;1;4;1;;;1;998
12;7;4;50;0;;1;1;A-1503;19;6;19;2;;;1;6;1;;;1;3
1;3;13;50;0;;1;1;C.LA JOYOS;0;10;7;2;;;1;1;1;;;17;1
7;3;1;50;0;;3;2;No inventariada;;9;2;1;1;;1;4;1;;;2;998
12;2;19;50;0;;1;1;AP-68;280,2;1;6;2;;;1;6;1;;;1;1
1;3;14;50;0;;1;1;A-222;37,88;6;14;2;;;1;1;1;;;1;1
3;6;16;50;0;;1;1;A-222;38,5;6;10;2;;;1;1;1;;;1;1
11;7;0;50;0;;1;1;A-222;37,8;6;14;2;;;1;6;1;;;1;3
6;2;8;50;0;;1;1;A-129;25,572;6;16;2;;;1;1;1;;;1;1
2;7;19;50;0;;1;1;A-23;246,4;3;4;2;;;1;6;1;;;1;1
5;7;16;50;0;;1;1;A-1304;0,5;6;10;1;4;;2;1;1;;;1;3
8;6;11;50;0;;1;1;A-23;246,5;3;14;2;;;1;1;1;;;1;1
10;3;17;50;0;;1;1;A-23;247,2;3;3;2;;;1;1;1;;;1;1
7;5;0;50;0;;1;1;AP-68;259;1;16;2;;;1;6;1;;;1;1
1;1;16;50;0;;1;1;A-124;29,671;6;15;2;;;1;1;1;;;1;1
3;3;15;50;0;;1;1;A-124;29;6;2;2;;;1;1;1;;;1;2
1;3;16;50;0;;1;1;A-221;77,3;6;18;2;;;1;1;1;;;1;1
7;3;10;50;0;;1;1;A-221;69,773;6;4;1;2;;1;1;1;;;1;3
10;4;10;50;0;;1;1;A-1411;37;6;10;2;;;1;1;1;;;18;1
11;7;18;50;0;;1;1;A-221;73,8;6;6;2;;;1;6;1;;;1;1
2;1;14;50;0;;1;1;A-68;286;3;4;2;;;3;1;1;;;1;1
3;5;12;50;0;;1;1;N-330;432,4;6;19;2;;;1;1;1;;;1;1
1;5;15;50;0;;1;1;N-234;293,5;6;18;2;;;6;1;6;;;4;1
12;1;12;50;0;;3;2;No inventariada;;9;7;2;;;1;1;1;;;6;998
1;1;18;50;0;;1;1;A-68;291,035;3;16;2;;;1;6;1;;;1;1
4;3;15;50;0;;1;1;A-68;285,688;3;16;2;;;1;1;1;;1;1;1
5;4;9;50;0;;3;2;No inventariada;;9;3;2;;;1;1;1;;;1;998
5;6;13;50;0;;1;1;AP-68;239;1;16;2;;;1;1;1;;;1;1
7;1;14;50;0;;1;1;N-232;296;6;5;2;;;9;1;1;;;18;1
9;4;7;50;0;;1;1;N-232;292,4;6;2;2;;;1;2;2;;;4;1
10;2;10;50;0;;1;1;AP-68;240,492;1;14;2;;;1;1;1;;;1;1
11;5;8;50;0;;1;1;A-68;289,65;3;5;2;;;3;1;2;2;;5;1
1;2;14;50;50163;;3;2;No inventariada;;9;2;1;1;;1;1;1;;;1;998
4;6;10;50;50163;;1;1;N-330;481,3;6;10;2;;;1;1;1;;;1;2
5;1;13;50;50163;;1;1;No inventariada;5,6;10;9;2;;;2;1;1;;;1;1
7;6;9;50;50163;;1;1;A-2101;6,5;6;16;2;;;1;1;1;;;1;1
9;5;7;50;0;;1;1;N-330;472,964;6;12;2;;;1;2;1;;;1;1
12;3;21;50;50297;;1;1;A-23;270,1;3;1;2;;;1;5;1;;;1;1
12;6;7;50;50163;;1;1;N-330;481;6;1;2;;;1;5;1;;;1;3
6;5;14;50;0;;1;1;A-222;12;6;17;2;;;1;1;1;;;1;3
6;5;7;50;0;;1;1;A-222;10,4;6;19;2;;;1;1;1;;;1;3
7;3;16;50;0;;1;1;A-222;10,52;6;18;2;;;1;1;1;;;1;3
10;6;9;50;0;;1;1;CV-209;0,913;6;2;1;5;;1;1;1;;;1;3
11;5;13;50;0;;1;1;A-222;13,3;6;14;2;;;1;1;2;;;1;1
6;4;18;50;0;;1;1;N-211;317,8;6;2;1;1;N-211;3;1;1;;;1;1
8;6;17;50;0;;1;1;N-211;302,4;6;16;2;;;1;1;1;;;4;2
10;6;9;50;0;;1;1;A-2414;0,07;6;19;2;;;1;1;1;;;1;1
10;7;16;50;0;;1;1;N-211;303,7;6;12;2;;;1;1;1;;;1;2
11;3;15;50;0;;1;1;N-211;317,878;6;2;1;1;N-211;1;1;1;;;1;1
4;6;17;50;0;;1;1;A-2302;56;6;9;2;;;2;1;1;;;4;1
4;7;10;50;0;;1;1;A-1504;17,113;6;2;2;;;1;1;1;;;1;1
1;2;12;50;0;;1;1;A-2;259,034;3;15;2;;;1;6;2;;;1;1
2;6;17;50;0;;1;1;N-234;245;6;15;2;;;1;1;2;;;1;1
2;2;18;50;0;;3;2;No inventariada;;9;20;1;2;;1;1;1;;;2;998
6;4;2;50;50025;;1;1;A-2;264,569;3;16;2;;;1;6;1;;;18;4
11;3;12;50;0;;3;2;No inventariada;;9;7;2;;;1;1;1;;;1;998
2;4;15;50;0;;3;2;No inventariada;;9;7;2;;;1;1;1;;;9;998
5;5;11;50;0;;1;1;N-330;468,2;6;10;1;2;N-330;1;1;1;;;1;1
8;4;21;50;0;;1;1;A-1101;13,203;6;16;1;2;;1;1;1;;;1;1
11;6;22;50;0;;1;1;A-23;255;3;16;2;;;1;6;1;;;1;1
12;2;19;50;0;;1;1;A-23;252;3;5;2;;;1;6;1;;;1;1
12;2;19;50;0;;1;1;A-23;250,5;3;5;2;;;1;6;1;;;1;1
1;3;7;50;50182;;1;1;A-2;291,05;3;5;2;;;1;6;1;;;1;1
2;5;17;50;50182;;1;1;A-23;260;3;15;2;;;3;1;3;;;1;1
2;1;14;50;50182;;1;1;A-2;302,632;8;14;2;;;1;1;1;;;1;2
5;3;17;50;50182;;1;1;A-2;302,7;3;12;1;4;;1;1;1;;;1;2
6;5;21;50;50182;;1;1;A-2;302,222;3;10;2;;;1;1;1;;;1;1
6;1;16;50;50182;;1;1;A-23;260,425;3;5;2;;;1;1;1;;;1;1
5;5;15;50;50182;;1;1;A-2;303;3;10;1;4;;1;1;1;;;1;1
7;1;17;50;50182;;3;2;No inventariada;;9;3;1;1;;1;1;1;;;1;998
9;4;9;50;50182;;1;1;A-2;292,5;3;5;2;;;1;1;1;;;1;1
9;7;19;50;50182;;1;1;A-2;293,495;3;4;2;;;1;1;1;;;1;2
9;7;19;50;50182;;1;1;A-2;291,45;3;4;2;;;1;1;1;;;1;1
11;7;18;50;50182;;1;1;A-2;291,2;3;5;2;;;1;4;1;;;1;1
12;7;7;50;50182;;1;1;A-2;301,266;3;4;2;;;1;6;1;;;1;1
12;1;19;50;50182;;1;1;A-2;298,44;3;19;2;;;3;6;2;2;;17;2
6;6;20;50;0;;1;1;A-2505;6;6;15;2;;;1;1;1;;;1;3
5;7;19;50;0;;1;1;A-1506;7,1;6;14;2;;;3;1;3;;;18;1
2;3;8;50;0;;1;1;A-1411;31,922;6;9;2;;;2;1;1;;;1;1
9;1;9;50;0;;1;1;CV-923;6;6;4;2;;;1;1;1;;;1;1
9;1;10;50;0;;1;1;A-202;21,1;6;17;2;;;1;1;1;;;18;1
3;3;17;50;0;;1;1;N-2;352,6;6;18;2;;;1;1;2;;;1;1
1;4;19;50;0;;1;1;N-2;351,15;6;1;2;;;3;6;3;;;1;1