MES;DIA_SEMANA;HORA;COD_PROVINCIA;COD_MUNICIPIO;ISLA;ZONA;ZONA_AGRUPADA;CARRETERA;KM;TIPO_VIA;TIPO_ACCIDENTE;NUDO;NUDO_INFO;CARRETERA_CRUCE;CONDICION_FIRME;CONDICION_ILUMINACION;CONDICION_METEO;CONDICION_NIEBLA;CONDICION_VIENTO;VISIB_RESTRINGIDA_POR;TRAZADO_PLANTA
6;5;19;50;0;;1;1;N-2;349,275;6;16;2;;;1;1;1;;;1;3
1;5;19;50;0;;1;1;A-23;227;3;5;2;;;6;6;6;;;5;1
3;6;14;50;0;;1;1;CV-700;1,5;6;18;2;;;3;1;5;;;1;3
6;5;21;50;0;;1;1;A-23;225,6;3;4;2;;;1;2;1;;;1;1
6;2;14;50;0;;1;1;A-23;226;3;20;2;;;1;1;1;;;1;1
6;7;11;50;0;;1;1;A-23;224,9;3;6;2;;;1;1;2;;;1;1
12;2;14;50;0;;1;1;A-23;244,8;3;16;2;;;1;1;1;;;1;1
7;6;12;50;0;;1;1;A-202;8;6;1;2;;;1;1;1;;;1;2
1;2;5;50;50297;;1;1;CV-314;5,259;6;18;2;;;1;6;1;;;1;1
1;3;13;50;0;;1;1;A-122;4,5;6;15;2;;;3;1;2;;;1;2
6;5;17;50;0;;1;1;A-68;269,766;5;6;2;;;1;1;1;;;1;1
8;3;9;50;0;;1;1;CV-620;7,945;6;3;1;2;;1;1;1;;;1;1
10;1;7;50;0;;1;1;A-122;2,95;5;2;1;2;;1;6;2;;;1;1
12;7;22;50;0;;1;1;A-122;3;6;2;1;2;;1;6;1;;;1;1
4;5;13;50;0;;1;1;RDABODE;1;10;7;2;;;2;1;1;;;1;1
8;4;7;50;0;;1;1;A-124;22,6;6;19;2;;;1;1;1;;;1;1
10;6;9;50;0;;1;1;A-124;20,1;6;18;2;;;1;1;1;;;1;1
5;3;7;50;0;;2;2;A-129;19,1;6;2;1;2;;1;1;1;;;1;1
11;7;9;50;0;;1;1;A-1104;3,946;6;10;2;;;3;1;2;1;;1;1
2;6;8;50;0;;1;1;N-2;364,564;6;15;1;4;AP-2;3;1;2;2;;5;1
4;2;10;50;0;;1;1;AP-2;48,113;2;5;2;;;1;1;1;;;1;1
6;7;7;50;0;;1;1;N-232;202;6;15;2;;;4;1;4;;;1;1
7;1;18;50;0;;1;1;AP-2;38,5;2;16;2;;;1;1;1;;;1;3
12;1;18;50;0;;1;1;CMN DE LA;4;10;16;2;;;2;6;1;;;1;1
12;1;7;50;0;;1;1;AP-2;33,634;2;3;2;;;1;6;1;;;1;1
2;6;13;50;0;;3;2;No inventariada;;9;3;1;2;;1;1;1;;;12;998
5;4;8;50;0;;3;2;No inventariada;;9;3;1;1;;1;1;1;;;1;998
8;2;13;50;50297;;1;1;A-68;259;5;5;2;;;1;1;1;;;10;1
2;3;17;50;0;;3;2;No inventariada;;9;7;2;;;1;1;1;;;1;998
4;7;13;50;0;;1;1;A-122;6,1;6;2;1;2;;1;1;1;;;1;1
5;4;16;50;0;;3;2;No inventariada;;9;10;2;;;1;1;1;;;1;998
4;1;11;50;50219;;1;1;A-2;334;3;3;2;;;1;1;1;;;1;1
6;7;11;50;50219;;3;2;No inventariada;;9;6;2;;;1;1;1;;;1;998
7;5;16;50;50219;;1;1;A-2;333,66;8;4;1;2;A-2;1;1;1;;1;1;1
7;5;18;50;50219;;1;1;A-2;335;3;5;2;;;1;1;1;;;1;1
12;4;18;50;50219;;1;1;N-2;336;6;20;2;;;1;6;1;;;1;1
1;7;11;50;0;;1;1;N-232;193,738;6;12;2;;;3;1;2;1;;1;2
5;1;8;50;0;;1;1;N-232;189,725;6;4;2;;;1;1;1;;;18;1
5;5;18;50;0;;1;1;N-232;187,4;6;16;2;;;1;1;1;;;1;1
8;4;16;50;0;;1;1;N-232;200,3;6;1;2;;;1;1;1;;;1;1
9;6;9;50;0;;1;1;N-232;194,195;6;2;1;2;A-221;1;1;1;;;1;2
6;7;23;50;0;;1;1;A-126;50,21;6;18;2;;;1;6;1;;;1;3
8;1;15;50;50252;;1;1;A-126;43,151;6;18;2;;;1;1;1;;;1;2
10;6;6;50;0;;1;1;A-126;46,057;6;12;2;;;1;6;1;;;1;2
1;6;4;50;0;;1;1;N-330;419,4;6;18;2;;;1;6;1;;;1;2
7;2;18;50;0;;1;1;A-121;39,5;6;8;2;;;1;1;1;;;1;1
8;2;13;50;0;;3;2;No inventariada;;9;6;2;;;1;1;1;;;1;998
9;5;18;50;0;;1;1;A-2;267;3;4;2;;;1;1;1;;;1;3
7;2;16;50;0;;1;1;CAMINO;23;10;19;2;;;1;1;1;;;1;1
10;7;7;50;0;;1;1;A-121;36,8;6;14;2;;;1;6;2;;;1;1
12;1;23;50;0;;1;1;A-2;269;3;4;2;;;1;6;1;;;1;1
2;7;11;50;0;;1;1;A-1201;17,809;6;2;1;1;;1;1;1;;;1;1
8;1;9;50;0;;3;2;No inventariada;;9;20;1;1;;1;1;1;;;1;998
8;6;9;50;0;;1;1;A-1201;11,409;6;18;1;2;;1;1;1;;;1;1
2;6;8;50;0;;1;1;A-122;31,17;6;2;1;5;VP-035;1;1;1;;;1;1
4;3;11;50;0;;1;1;A-123;15,7;6;20;2;;;1;1;1;;;1;1
5;6;11;50;0;;1;1;A-123;18,48;6;4;2;;;1;1;1;;;1;1
8;3;11;50;0;;1;1;A-123;20,99;6;10;2;;;1;1;1;;;1;1
1;2;19;50;0;;1;1;A-2302;81,175;6;14;2;;;1;6;1;;;1;3
1;4;19;50;0;;1;1;A-221;19,5;6;2;2;;;3;3;3;;;1;1
7;5;0;50;0;;1;1;A-221;17,4;6;1;2;;;1;6;1;;;1;2
12;3;16;50;0;;1;1;A-221;17,1;6;18;2;;;1;2;1;;;1;2
6;4;9;50;0;;1;1;A-124;27,3;6;15;2;;;1;1;2;;;1;1
6;6;17;50;0;;1;1;A-21;65,719;3;6;2;;;2;1;1;;;1;3
7;3;14;50;0;;1;1;A-21;62;3;2;1;1;;1;1;1;;;1;1
10;3;19;50;0;;1;1;N-240;325,303;6;10;1;4;A-1601;2;1;1;;;18;1
12;4;14;50;0;;1;1;A-137;0,1;6;4;1;2;N-240;1;1;2;;;18;1
2;4;6;50;50297;;1;1;A-68;256,115;5;19;1;12;;1;6;1;;;1;1
7;2;3;50;0;;1;1;A-127;93,7;6;14;2;;;1;1;1;;;1;2
2;2;15;50;0;;1;1;N-122;81,219;6;18;2;;;1;1;1;;;1;1
2;6;19;50;50251;;1;1;CAMINO CIN;0,1;10;19;2;;;1;2;1;;;1;3
2;2;8;50;50251;;3;2;No inventariada;;9;7;2;;;1;2;1;;;6;998
2;3;13;50;50251;;3;2;No inventariada;;9;1;1;4;;1;1;1;;;1;998
3;5;14;50;50251;;1;1;CV-679;7;6;16;2;;;1;1;1;;;1;3
3;1;10;50;50251;;1;1;CV-610;15,35;6;19;2;;;1;1;1;;;1;3
3;6;19;50;50251;;1;1;N-121;1,8;6;2;1;2;;1;6;2;;;9;1
4;5;22;50;50251;;3;2;No inventariada;;9;3;2;;;1;4;1;;;1;998
3;7;12;50;50251;;3;2;No inventariada;;9;7;2;;;1;1;1;;;1;998
4;5;12;50;50251;;3;2;No inventariada;;9;1;2;;;1;1;1;;;1;998
4;1;8;50;50251;;3;2;No inventariada;;9;3;1;1;;1;1;1;;;1;998
7;3;11;50;0;;1;1;CP-010;7,25;6;1;2;;;1;1;1;;;12;3
9;7;21;50;0;;1;1;N-122;88,5;6;4;2;;;1;6;1;;;1;1
12;4;11;50;0;;1;1;N-122;81;6;18;2;;;1;1;1;;;1;1
1;5;8;50;50252;;1;1;A-127;22,22;6;2;2;;;3;2;3;;;1;3
2;3;16;50;50252;;1;1;A-126;41,261;6;4;2;;;1;1;1;;1;1;1
4;7;16;50;50252;;1;1;A-127;12,266;6;1;2;;;1;1;1;;;1;1
4;5;14;50;50252;;1;1;A-126;40,592;6;18;2;;;1;1;1;;;18;1
4;5;14;50;50252;;1;1;A-127;18,44;6;2;1;1;CV-607;1;1;1;;;1;1
4;7;16;50;50252;;1;1;DESCONOCID;6;10;19;2;;;1;1;1;;;1;3
5;5;18;50;50252;;1;1;A-127a;13,5;6;20;2;;;1;1;1;;;1;1
7;6;14;50;50252;;1;1;A-1208;12,467;6;19;2;;;1;1;1;;;1;1
7;3;20;50;50252;;1;1;A-127;22,3;6;18;2;;;1;1;1;;;1;1
11;5;11;50;50252;;1;1;A-126;33,8;6;19;2;;;1;1;1;;;1;1
11;7;17;50;50252;;1;1;A-126;38,446;6;19;2;;;1;1;1;;;18;1
4;2;5;50;0;;1;1;A-2;226;3;4;2;;;1;6;1;;;18;1
7;7;9;50;0;;1;1;A-2;226,5;3;3;2;;;1;1;1;;;1;1
11;7;17;50;0;;1;1;N-234;271,38;6;18;2;;;1;2;2;;;1;1
3;7;19;50;0;;1;1;CV-649;0,8;6;19;2;;;1;2;1;;;1;1
1;1;19;50;50251;;1;1;N-122;94,66;6;6;2;;;1;6;1;;;1;1
9;1;11;50;50251;;1;1;N-122;91,8;6;2;2;;;1;1;1;;;1;2
3;5;15;50;0;;1;1;A-126;53,356;6;16;2;;;1;1;2;;;1;1
6;4;16;50;0;;1;1;A-1601;24,9;6;18;2;;;1;1;1;;;1;2
2;4;7;50;50272;;1;1;N-232a;13,4;6;5;1;4;;1;3;1;;;1;1
3;6;0;50;50272;;3;2;No inventariada;;9;2;1;1;;1;4;1;;;1;998
3;2;17;50;50272;;3;2;No inventariada;;9;2;1;5;;1;1;1;;;1;998
3;1;7;50;50272;;1;1;A-68;251,956;8;4;2;;;3;2;3;;;1;2
4;6;23;50;50272;;1;1;N-232;249,975;5;9;1;4;N-232;1;6;1;;;1;2
4;3;9;50;50272;;3;2;No inventariada;;14;2;1;4;;1;1;1;;;6;998
3;1;17;50;50272;;3;2;No inventariada;;14;2;1;4;;1;1;1;;;1;998
9;3;15;50;50272;;3;2;No inventariada;;9;5;1;1;;1;1;1;;;1;998
6;5;12;50;50272;;3;2;No inventariada;;9;20;2;;;1;1;1;;;1;998
7;3;14;50;50272;;3;2;No inventariada;;9;4;1;1;;1;1;1;;;1;998
7;4;21;50;50272;;3;2;No inventariada;;9;2;1;1;;1;1;1;;;1;998
8;7;12;50;50272;;3;2;No inventariada;;9;20;1;4;;1;1;1;;;1;998
8;6;12;50;50272;;3;2;No inventariada;;14;2;2;;;1;1;1;;;1;998
8;2;9;50;50272;;3;2;No inventariada;;9;7;1;1;;1;1;1;;;1;998
8;4;19;50;50272;;3;2;No inventariada;;9;1;2;;;3;2;4;;;5;998
9;7;8;50;50272;;3;2;No inventariada;;14;4;2;;;1;1;1;;;1;998
8;1;16;50;50272;;3;2;No inventariada;;14;19;2;;;1;1;1;;;1;998
9;1;18;50;50272;;3;2;No inventariada;;9;4;1;4;;1;1;1;;;1;998
10;3;13;50;50272;;1;1;N-232;250;5;3;1;4;N-232;1;1;2;;;1;2
10;5;16;50;50297;;1;1;A-68;253,4;3;4;2;;;3;1;3;;;1;1
11;1;20;50;50272;;3;2;No inventariada;;9;2;1;1;;1;4;1;;;9;998
12;5;12;50;50272;;3;2;No inventariada;;9;7;1;4;;1;1;1;;;1;998
12;4;14;50;50272;;3;2;No inventariada;;14;2;1;1;;3;1;4;;;5;998
4;3;11;50;0;;1;1;A-211;9;6;18;2;;;1;1;1;;;1;2
1;2;9;50;50297;;1;1;CV-624;8,1;6;1;2;;;2;1;1;;;4;3
4;6;12;50;0;;1;1;No inventariada;1;10;15;2;;;1;1;1;;;1;3
3;6;19;50;0;;1;1;A-23;213,313;3;12;2;;;1;6;1;;;1;1
2;7;6;50;0;;1;1;ARA-A1;0,001;2;16;1;4;N-2;1;6;1;;;1;2
8;1;17;50;0;;1;1;AP-2;21,8;2;4;2;;;1;1;1;;;1;1
9;4;21;50;0;;1;1;AP-2;30,267;2;14;2;;;1;6;1;;;1;1
10;2;1;50;0;;1;1;AP-2;29,3;2;4;2;;;1;6;1;;;1;1
1;4;15;50;50298;;1;1;A-1102;16;6;2;1;2;;1;1;1;;;1;1
5;2;12;50;0;;1;1;A-23;303,65;3;18;1;12;N-330;1;1;1;;;1;1
6;4;11;50;0;;1;1;CAMINO EL;0,7;10;18;2;;;1;1;1;;;1;1
7;4;11;50;0;;1;1;A-23;299,453;8;2;2;;;1;1;1;;;4;3
7;1;15;50;0;;1;1;A-23;301;3;4;2;;;1;1;1;;;1;1
9;5;8;50;0;;1;1;A-23;306,3;3;12;2;;;1;1;1;;;1;1
9;4;8;50;0;;3;2;No inventariada;;9;6;2;;;1;1;1;;;1;998
5;4;14;50;0;;3;2;No inventariada;;9;1;2;;;9;1;7;;;17;998
11;2;14;50;0;;1;1;A-129;12,75;6;3;2;;;1;1;2;;;1;3
1;5;13;50;0;;1;1;A-23;219;3;16;2;;;5;1;6;;;18;1
1;5;16;50;0;;1;1;A-23;218,369;3;18;2;;;6;1;6;;;4;1
2;6;14;50;0;;1;1;A-23;219,2;3;19;2;;;1;1;1;;;1;1
7;1;9;50;0;;1;1;A-23;220,14;3;4;2;;;1;1;1;;;1;1
7;1;19;50;0;;1;1;N-234;276;6;14;2;;;3;1;4;;;18;2
7;3;16;50;0;;1;1;N-234;284,05;6;1;2;;;1;1;1;;;1;1
4;6;12;50;0;;1;1;A-221;15,385;6;18;2;;;1;1;1;;;1;1
1;1;1;50;50297;;1;1;No inventariada;1;10;2;1;2;;1;6;1;;;1;1
1;1;5;50;50297;;3;2;No inventariada;;9;12;1;6;;1;4;1;;;1;998
1;1;15;50;50297;;3;2;No inventariada;;9;2;1;1;;1;1;1;;;1;998
1;2;10;50;50297;;3;2;No inventariada;;9;4;1;2;;1;1;1;;;1;998
1;3;8;50;50297;;3;2;No inventariada;;9;5;1;1;;3;2;3;;;1;998
1;3;6;50;50297;;1;1;N-2;329,15;3;12;2;;;3;6;3;;;18;3
1;3;22;50;50297;;3;2;No inventariada;;9;2;1;4;;1;4;1;;;1;998
1;4;10;50;50297;;3;2;No inventariada;;9;2;2;;;1;1;2;;;1;998
1;1;20;50;50297;;3;2;No inventariada;;9;5;2;;;1;4;1;;;1;998
1;4;12;50;50297;;1;1;A-120;2,531;5;3;1;4;;1;1;1;;;1;2
1;4;17;50;50297;;3;2;No inventariada;;9;2;1;4;;1;1;2;;;1;998
1;5;10;50;50297;;3;2;No inventariada;;9;7;2;;;1;1;1;;;1;998
1;5;22;50;50297;;3;2;No inventariada;;9;2;1;7;;1;4;1;;;1;998
1;5;18;50;50297;;3;2;No inventariada;;9;7;1;1;;1;4;2;;;1;998
1;6;14;50;50297;;3;2;No inventariada;;9;4;2;;;1;1;2;;;1;998
1;5;17;50;50297;;3;2;No inventariada;;9;7;2;;;1;1;1;;;1;998
1;6;18;50;50297;;3;2;No inventariada;;9;2;1;2;;1;4;1;;;1;998
1;1;23;50;50297;;3;2;No inventariada;;9;2;1;1;;1;4;1;;;2;998
1;1;8;50;50297;;3;2;No inventariada;;9;7;2;;;1;1;1;;;1;998
1;2;9;50;50297;;3;2;No inventariada;;9;7;2;;;1;1;1;;;6;998
1;2;7;50;50297;;3;2;No inventariada;;9;3;1;1;;1;3;1;;;1;998
1;4;17;50;50297;;3;2;No inventariada;;9;3;1;5;;1;2;1;;;1;998
1;2;11;50;50297;;3;2;No inventariada;;9;4;2;;;1;1;1;;;1;998
1;2;13;50;50297;;3;2;No inventariada;;9;10;2;;;1;1;1;;;18;998
1;2;20;50;50297;;3;2;No inventariada;;9;20;1;1;;1;4;1;;;1;998
1;3;17;50;50297;;3;2;No inventariada;;9;7;2;;;3;4;3;;;1;998
1;5;13;50;50297;;3;2;No inventariada;;9;7;2;;;1;1;1;;;1;998
1;4;7;50;50297;;3;2;No inventariada;;9;20;2;;;1;3;1;;;1;998
1;3;17;50;50297;;3;2;No inventariada;;9;7;2;;;3;2;3;;;18;998
1;3;12;50;50297;;3;2;No inventariada;;9;4;2;;;1;1;1;;;1;998
1;4;20;50;50297;;1;1;A-2;309,046;3;4;2;;;1;6;1;;;18;1
1;4;19;50;50297;;3;2;No inventariada;;9;7;2;;;1;1;7;;;1;998
1;5;7;50;50297;;3;2;No inventariada;;9;4;1;2;;1;2;1;;;1;998
1;5;14;50;50297;;3;2;No inventariada;;9;2;1;1;;1;1;1;;;1;998
1;5;16;50;50297;;3;2;No inventariada;;9;4;1;2;;1;1;1;;;1;998
1;4;20;50;50297;;3;2;No inventariada;;9;2;1;1;;1;4;1;;;1;998
1;5;23;50;50297;;3;2;No inventariada;;9;3;2;;;1;4;1;;;1;998
1;6;9;50;50297;;1;1;A-2;322,646;3;18;2;;;5;1;1;;;1;2
1;6;17;50;50297;;3;2;No inventariada;;9;2;2;;;1;1;1;;;1;998
1;6;19;50;50297;;1;1;A-2;329;3;4;2;;;1;6;1;;;1;1
1;6;23;50;50297;;3;2;No inventariada;;9;2;1;1;;1;4;1;;;1;998
1;7;21;50;50297;;1;1;A-120;3,858;5;16;2;;;3;5;2;;;1;1
1;7;23;50;50297;;3;2;No inventariada;;9;10;1;1;;3;4;2;;;1;998
1;1;14;50;50297;;3;2;No inventariada;;9;3;1;4;;1;1;1;;;1;998
1;1;16;50;50297;;1;1;Z-40;33,19;3;2;2;;;1;1;1;;;18;1
1;5;17;50;50297;;3;2;No inventariada;;9;20;2;;;3;1;3;;;1;998
1;2;11;50;50297;;3;2;No inventariada;;9;7;2;;;3;1;1;;;1;998
1;1;20;50;50297;;3;2;No inventariada;;9;3;2;;;3;4;2;;;1;998
1;2;17;50;50297;;1;1;N-232;244,25;5;4;2;;;1;2;1;;;1;1
1;3;1;50;50297;;3;2;No inventariada;;9;6;2;;;1;4;1;;;1;998
1;2;16;50;50297;;3;2;No inventariada;;9;10;1;2;;1;1;1;;;1;998
1;2;18;50;50297;;3;2;No inventariada;;9;2;1;1;;1;4;1;;;1;998
1;3;16;50;50297;;3;2;No inventariada;;9;10;1;2;;1;1;1;;;1;998
1;4;9;50;50297;;3;2;No inventariada;;9;10;1;1;;2;1;1;;;1;998
1;4;9;50;50297;;3;2;No inventariada;;9;7;1;1;;1;1;1;;;1;998
1;4;8;50;50297;;3;2;No inventariada;;9;3;1;5;;1;1;1;;;1;998
1;4;13;50;50297;;3;2;No inventariada;;9;7;2;;;1;1;1;;;1;998
1;4;19;50;50297;;1;1;Z-40;28,165;3;5;1;12;;1;6;1;;;1;1
1;5;22;50;50297;;3;2;No inventariada;;14;12;2;;;6;4;7;;;1;998
1;5;11;50;50297;;3;2;No inventariada;;9;5;2;;;3;1;3;;;1;998
1;6;12;50;50297;;1;1;A-2;321,735;3;16;2;;;1;1;1;;;1;1
1;6;15;50;50297;;3;2;No inventariada;;9;2;2;;;1;1;1;;;1;998
1;6;17;50;50297;;1;1;Z-40;20;3;18;2;;;1;2;1;;;1;1
1;3;14;50;50297;;3;2;No inventariada;;9;10;2;;;3;1;3;;;1;998
1;7;14;50;50297;;1;1;A-2;320;3;4;2;;;1;1;1;;;1;1
1;1;7;50;50297;;3;2;No inventariada;;9;4;2;;;1;1;1;;;1;998
1;1;8;50;50297;;1;1;N-232;248,2;5;4;1;5;Z-A-2563;3;1;1;;;1;1
1;1;15;50;50297;;3;2;No inventariada;;9;4;1;2;;1;1;1;;;1;998
1;2;7;50;50297;;1;1;N-2;330,593;6;2;2;;;1;6;1;;;1;1
1;2;7;50;50297;;3;2;No inventariada;;9;4;1;1;;1;3;2;;;1;998
1;2;9;50;50297;;3;2;No inventariada;;9;7;2;;;1;1;1;;;1;998
1;2;8;50;50297;;3;2;No inventariada;;9;2;1;1;;1;1;1;;;1;998
1;2;21;50;50297;;1;1;A-2;314;3;4;2;;;1;4;1;;;1;1
1;3;8;50;50297;;3;2;No inventariada;;14;3;2;;;3;1;2;1;;1;998
1;3;18;50;50297;;1;1;N-330;502,864;5;10;2;;;3;1;1;;;1;2
1;3;6;50;50297;;3;2;No inventariada;;9;7;2;;;1;4;1;;;1;998
1;4;5;50;50297;;1;1;N-2;332,442;6;2;1;2;;1;4;1;1;;1;1
1;4;8;50;50297;;3;2;No inventariada;;9;3;2;;;3;3;2;1;;1;998
1;4;8;50;50297;;3;2;No inventariada;;9;2;1;1;;1;1;1;1;;1;998
1;3;19;50;50297;;3;2;No inventariada;;9;7;1;1;;1;4;1;;;1;998
1;4;15;50;50297;;3;2;No inventariada;;9;2;1;2;;1;1;1;;;2;998
1;5;6;50;50297;;1;1;Z-40;29;3;4;2;;;1;6;1;;;1;1
1;5;15;50;50297;;3;2;No inventariada;;9;7;2;;;1;1;1;;;18;998
1;6;5;50;50297;;1;1;N-232;248,3;5;2;1;5;Z-A-2563;3;6;2;2;;5;1
1;6;17;50;50297;;3;2;No inventariada;;9;7;2;;;1;1;1;;;1;998
1;7;1;50;50297;;3;2;No inventariada;;9;10;2;;;3;4;1;2;;1;998
1;7;17;50;50297;;3;2;No inventariada;;9;4;2;;;1;3;1;2;;1;998
1;7;20;50;50297;;3;2;No inventariada;;9;20;2;;;3;4;2;1;;18;998
1;2;8;50;50297;;3;2;No inventariada;;9;2;1;1;;1;2;2;;;1;998
1;2;10;50;50297;;3;2;No inventariada;;9;3;1;4;;1;1;2;;;1;998
1;2;14;50;50297;;3;2;No inventariada;;9;7;2;;;1;1;1;;;1;998
1;3;8;50;50297;;3;2;No inventariada;;9;2;2;;;1;1;1;;;1;998
1;3;8;50;50297;;3;2;No inventariada;;9;7;2;;;1;2;2;;;1;998
2;4;13;50;50297;;3;2;No inventariada;;9;4;1;1;;1;1;1;;;1;998
2;4;10;50;50297;;1;1;N-330;504,2;5;16;2;;;1;1;1;;;1;1
2;5;13;50;50297;;3;2;No inventariada;;9;10;2;;;1;1;1;;;1;998
2;6;13;50;50297;;3;2;No inventariada;;9;10;1;2;;1;1;1;;;1;998
2;6;14;50;50297;;3;2;No inventariada;;9;7;1;1;;1;1;1;;;1;998
2;7;7;50;50297;;3;2;No inventariada;;9;14;2;;;3;3;2;1;;1;998
1;4;18;50;50297;;3;2;No inventariada;;9;7;2;;;1;1;1;;;1;998
2;6;20;50;50297;;1;1;A-2;326;3;3;2;;;1;2;1;;;1;1
2;1;6;50;50297;;3;2;No inventariada;;9;3;1;1;;1;5;2;;;1;998
2;1;19;50;50297;;3;2;No inventariada;;9;7;2;;;1;4;1;;;16;998
2;2;18;50;50297;;3;2;No inventariada;;9;4;1;5;;1;3;1;;;1;998
2;2;19;50;50297;;3;2;No inventariada;;9;5;2;;;1;4;1;;;1;998
2;3;6;50;50297;;1;1;A-68;243,75;3;4;2;;;1;5;1;;;1;1
2;2;9;50;50297;;3;2;No inventariada;;9;4;1;4;;1;1;1;;;1;998
2;3;12;50;50297;;3;2;No inventariada;;9;7;2;;;1;1;1;;;1;998
2;4;8;50;50297;;3;2;No inventariada;;9;2;2;;;2;1;1;;;1;998
2;4;15;50;50297;;3;2;No inventariada;;9;2;2;;;1;1;1;;;1;998
2;4;13;50;50297;;3;2;No inventariada;;9;7;2;;;1;1;1;;;1;998
2;3;11;50;50297;;3;2;No inventariada;;9;3;2;;;1;1;1;;;1;998
2;5;7;50;50297;;3;2;No inventariada;;9;4;2;;;1;1;1;;;1;998
2;5;8;50;50297;;1;1;A-68;231,283;3;4;2;;;3;1;3;;;1;1
2;4;19;50;50297;;3;2;No inventariada;;9;6;2;;;8;4;2;;;1;998
2;5;19;50;50297;;3;2;No inventariada;;9;7;1;1;;1;3;3;;;1;998
2;7;8;50;50297;;1;1;A-2;321,3;3;16;2;;;1;1;1;;;1;1
2;1;19;50;50297;;3;2;No inventariada;;9;4;2;;;1;4;1;;;1;998
2;2;5;50;50297;;3;2;No inventariada;;9;1;2;;;1;4;1;;;1;998
2;2;16;50;50297;;3;2;No inventariada;;9;7;2;;;1;1;1;;;9;998
2;2;13;50;50297;;3;2;No inventariada;;9;7;1;1;;1;1;1;;;1;998
2;2;20;50;50297;;3;2;No inventariada;;9;20;2;;;1;4;1;;;1;998
2;2;9;50;50297;;3;2;No inventariada;;9;20;2;;;1;1;1;;;1;998
2;3;15;50;50297;;1;1;A-2;319,9;3;5;2;;;1;1;1;;;1;1
2;3;14;50;50297;;3;2;No inventariada;;9;4;2;;;1;1;1;;;1;998
2;3;15;50;50297;;3;2;No inventariada;;9;4;2;;;1;1;1;;;18;998
1;2;14;50;50297;;3;2;No inventariada;;9;10;1;2;;1;1;1;;;1;998
1;7;19;50;50297;;3;2;No inventariada;;9;10;2;;;1;1;1;;;1;998
2;3;22;50;50297;;3;2;No inventariada;;9;2;1;1;;1;4;1;;;1;998
2;3;7;50;50297;;3;2;No inventariada;;9;7;2;;;1;1;1;;;1;998
2;4;11;50;50297;;1;1;A-2;326;3;17;2;;;1;1;1;;;1;1
2;4;15;50;50297;;3;2;No inventariada;;9;4;2;;;1;1;1;;;1;998
2;4;14;50;50297;;3;2;No inventariada;;9;7;2;;;1;1;1;;;1;998
2;7;15;50;50297;;3;2;No inventariada;;9;10;1;2;;1;1;1;;;1;998
2;4;13;50;50297;;3;2;No inventariada;;9;18;1;1;;1;1;1;;;1;998
2;5;11;50;50297;;3;2;No inventariada;;9;7;1;1;;1;1;1;;;1;998
2;1;13;50;50297;;3;2;No inventariada;;9;2;1;1;;1;1;1;;;1;998
2;5;10;50;50297;;3;2;No inventariada;;9;2;1;2;;1;1;1;;;18;998
2;6;21;50;50297;;1;1;AP-68;291,5;1;3;2;;;1;6;1;;;1;1
2;5;20;50;50297;;3;2;No inventariada;;9;10;2;;;1;1;1;;;1;998
2;7;19;50;50297;;3;2;No inventariada;;9;2;1;4;;1;4;1;;;18;998
2;6;12;50;50297;;3;2;No inventariada;;9;4;2;;;1;1;1;;;1;998
2;1;21;50;50297;;3;2;No inventariada;;9;3;1;4;;1;4;1;;;1;998
2;2;10;50;50297;;3;2;No inventariada;;9;20;2;;;1;1;1;;;1;998
2;2;16;50;50297;;3;2;No inventariada;;9;7;1;1;;1;1;1;;;9;998
2;3;8;50;50297;;3;2;No inventariada;;9;2;1;5;;1;1;1;;;1;998
2;3;11;50;50297;;1;1;A-2;319,28;3;3;2;;;1;1;1;;;1;1
2;3;10;50;50297;;3;2;No inventariada;;9;2;1;5;;1;1;1;;;1;998
2;2;14;50;50297;;3;2;No inventariada;;9;2;1;5;;1;1;1;;;1;998
2;2;20;50;50297;;1;1;N-232;245,5;5;7;1;5;;1;4;1;;;1;1
2;3;19;50;50297;;3;2;No inventariada;;9;2;1;1;;1;3;1;;;1;998
2;4;15;50;50297;;3;2;No inventariada;;9;6;2;;;1;1;1;;;1;998
2;4;19;50;50272;;1;1;N-232;250,1;5;16;2;;;3;6;3;;;5;1
2;4;10;50;50297;;3;2;No inventariada;;9;7;1;1;;1;1;1;;;1;998
2;4;13;50;50297;;3;2;No inventariada;;9;2;2;;;1;1;1;;;1;998
2;5;7;50;50297;;3;2;No inventariada;;9;7;2;;;1;1;1;;;1;998
2;5;14;50;50297;;3;2;No inventariada;;9;7;2;;;1;1;1;;;18;998
2;5;14;50;50297;;3;2;No inventariada;;9;3;2;;;1;1;1;;;1;998
2;5;21;50;50297;;3;2;No inventariada;;9;7;2;;;1;4;1;;;1;998
2;6;21;50;50297;;1;1;N-232;245,232;5;4;2;;;1;4;1;;;1;1
2;6;20;50;50297;;3;2;No inventariada;;9;4;2;;;1;4;2;;;1;998
2;7;21;50;50297;;3;2;No inventariada;;9;10;2;;;3;4;3;;;1;998
2;1;6;50;50297;;1;1;A-2;321,799;8;16;2;;;3;6;1;;;1;1
2;1;7;50;50297;;3;2;No inventariada;;9;2;2;;;1;1;1;;;1;998
2;7;19;50;50297;;3;2;No inventariada;;9;2;1;2;;1;1;1;;;18;998
2;3;19;50;50297;;3;2;No inventariada;;9;2;1;1;;1;1;1;;;18;998
2;7;7;50;0;;1;1;A-23;301;3;5;2;;;3;6;4;;;5;1
2;2;16;50;50297;;1;1;A-120;3,24;5;3;1;4;;1;1;1;;1;1;2
2;4;9;50;50297;;3;2;No inventariada;;9;3;1;2;;1;1;1;;;1;998
3;5;9;50;50297;;3;2;No inventariada;;9;4;2;;;1;1;1;;;1;998
3;5;15;50;50297;;1;1;N-330;489;5;4;1;2;N-330;1;1;1;;;1;1
3;5;15;50;50297;;3;2;No inventariada;;9;4;2;;;1;1;1;;;1;998
3;5;15;50;50297;;3;2;No inventariada;;9;3;1;2;;1;1;1;;;1;998