MES;DIA_SEMANA;HORA;COD_PROVINCIA;COD_MUNICIPIO;ISLA;ZONA;ZONA_AGRUPADA;CARRETERA;KM;TIPO_VIA;TIPO_ACCIDENTE;NUDO;NUDO_INFO;CARRETERA_CRUCE;CONDICION_FIRME;CONDICION_ILUMINACION;CONDICION_METEO;CONDICION_NIEBLA;CONDICION_VIENTO;VISIB_RESTRINGIDA_POR;TRAZADO_PLANTA
2;4;7;50;50297;;3;2;No inventariada;;9;2;2;;;1;1;1;;;1;998
3;5;16;50;50297;;3;2;No inventariada;;9;2;1;1;;1;1;1;;;1;998
3;6;19;50;50297;;3;2;No inventariada;;9;5;2;;;3;3;3;;;1;998
3;6;21;50;50297;;3;2;No inventariada;;9;2;1;1;;1;4;3;;;1;998
2;3;11;50;50297;;3;2;No inventariada;;9;7;1;2;;1;1;1;;;1;998
2;2;14;50;50297;;3;2;No inventariada;;9;3;2;;;1;1;1;;;1;998
3;1;23;50;50297;;1;1;CV-624;2,246;6;10;1;4;;2;6;1;;;1;2
3;1;16;50;50297;;3;2;No inventariada;;9;3;2;;;1;1;1;;;1;998
3;2;18;50;50297;;3;2;No inventariada;;9;4;2;;;1;3;1;;;18;998
3;2;21;50;50297;;3;2;No inventariada;;9;2;1;4;;1;4;1;;;1;998
3;3;5;50;50297;;1;1;A-2;324,745;3;12;2;;;1;3;1;;;1;2
3;3;12;50;50297;;3;2;No inventariada;;9;4;2;;;1;1;1;;;1;998
3;5;20;50;50297;;3;2;No inventariada;;9;2;1;1;;1;3;1;;;1;998
3;4;4;50;50297;;3;2;No inventariada;;9;12;2;;;1;4;1;;;1;998
3;4;13;50;50297;;3;2;No inventariada;;9;4;2;;;1;1;1;;;1;998
3;4;15;50;50297;;1;1;A-2;320,7;3;2;2;;;1;1;1;;;1;1
3;5;22;50;50297;;1;1;N-330;502,5;5;4;1;12;A-2;1;6;1;;;1;1
3;5;22;50;50297;;3;2;No inventariada;;9;12;1;2;;1;4;1;;;1;998
3;5;13;50;50297;;3;2;No inventariada;;9;2;2;;;1;1;1;;;1;998
3;6;14;50;50297;;3;2;No inventariada;;9;7;2;;;1;1;1;;;1;998
3;6;12;50;50297;;3;2;No inventariada;;9;3;2;;;1;1;1;;;1;998
3;7;12;50;50297;;3;2;No inventariada;;9;10;2;;;1;1;1;;;1;998
3;6;19;50;50297;;3;2;No inventariada;;9;2;1;2;;1;4;1;;;1;998
3;1;6;50;50297;;3;2;No inventariada;;9;4;2;;;1;3;1;;;1;998
3;1;11;50;50297;;3;2;No inventariada;;9;4;2;;;1;1;1;;;1;998
3;1;17;50;50297;;3;2;No inventariada;;9;4;2;;;1;1;1;;;1;998
3;2;8;50;50297;;3;2;No inventariada;;9;16;1;1;;1;1;1;;;1;998
3;1;19;50;50297;;3;2;No inventariada;;9;3;2;;;1;3;1;;;1;998
3;2;14;50;50297;;3;2;No inventariada;;9;2;1;2;;1;1;1;;;1;998
3;2;14;50;50297;;3;2;No inventariada;;9;2;1;1;;1;1;1;;;18;998
3;2;20;50;50297;;3;2;No inventariada;;9;4;2;;;1;3;1;;;1;998
3;3;8;50;50297;;3;2;No inventariada;;9;3;1;5;;1;1;1;;;1;998
3;3;14;50;50297;;3;2;No inventariada;;9;12;2;;;1;1;7;;;1;998
3;3;16;50;50297;;3;2;No inventariada;;9;3;2;;;1;1;1;;;18;998
3;3;12;50;50297;;3;2;No inventariada;;9;2;1;2;;1;1;1;;;1;998
3;4;9;50;50297;;1;1;Z-40;27,873;3;4;1;1;Z-40;1;1;1;;;1;1
3;4;11;50;50297;;3;2;No inventariada;;9;20;2;;;1;1;1;;;1;998
3;4;17;50;50297;;3;2;No inventariada;;9;20;1;1;;1;1;1;;;1;998
3;5;19;50;50297;;3;2;No inventariada;;9;4;2;;;1;4;1;;;1;998
3;6;4;50;50163;;1;1;A-23;268;3;12;2;;;1;6;1;;;1;1
2;1;15;50;50297;;3;2;No inventariada;;9;7;2;;;1;1;1;;;1;998
3;6;8;50;50297;;1;1;N-125;8,2;6;3;1;4;N-125;1;2;1;;;1;2
3;6;15;50;50297;;3;2;No inventariada;;9;4;2;;;1;1;1;;;1;998
3;6;20;50;50297;;3;2;No inventariada;;9;7;2;;;1;4;1;;;9;998
3;1;8;50;50297;;3;2;No inventariada;;9;7;2;;;1;1;1;;;1;998
3;1;13;50;50297;;3;2;No inventariada;;11;2;2;;;1;1;1;;;2;998
3;1;18;50;50297;;3;2;No inventariada;;9;2;2;;;1;1;1;;;1;998
3;1;18;50;50297;;3;2;No inventariada;;14;4;2;;;1;1;1;;;1;998
3;1;7;50;50297;;3;2;No inventariada;;9;7;1;1;;1;1;1;;;1;998
2;2;12;50;50297;;3;2;No inventariada;;9;7;2;;;1;1;1;;;1;998
3;4;14;50;50297;;3;2;No inventariada;;9;5;2;;;1;1;1;;;1;998
3;4;16;50;50297;;3;2;No inventariada;;9;1;2;;;1;1;1;;;1;998
3;4;18;50;50297;;3;2;No inventariada;;9;7;2;;;1;1;1;;;1;998
3;5;9;50;50297;;3;2;No inventariada;;9;7;2;;;1;1;1;;;16;998
1;2;16;50;50297;;3;2;No inventariada;;9;2;2;;;1;1;1;;;18;998
3;5;15;50;50297;;1;1;A-2;313,9;3;12;2;;;1;1;1;;;1;1
3;2;18;50;50297;;3;2;No inventariada;;9;10;1;4;;1;1;1;;;1;998
3;5;22;50;50297;;3;2;No inventariada;;9;3;2;;;1;4;1;;;1;998
3;5;8;50;50297;;3;2;No inventariada;;9;7;1;1;;1;1;1;;;1;998
3;6;11;50;50297;;1;1;Z-40;13,868;3;4;2;;;1;1;1;;;1;2
3;5;10;50;50297;;3;2;No inventariada;;9;2;2;;;1;1;1;;;1;998
3;6;8;50;50297;;3;2;No inventariada;;9;2;1;2;;1;1;1;;;1;998
3;6;19;50;50297;;3;2;No inventariada;;9;5;2;;;1;3;1;;;18;998
3;1;7;50;50297;;3;2;No inventariada;;9;4;2;;;3;1;3;;;1;998
3;1;9;50;50297;;1;1;N-2;327;3;18;1;4;;3;1;2;;;1;2
3;5;0;50;50297;;3;2;No inventariada;;9;20;2;;;1;4;1;;;1;998
3;2;7;50;50297;;3;2;No inventariada;;9;4;2;;;1;1;1;;;1;998
3;2;15;50;50297;;3;2;No inventariada;;9;4;1;1;;1;1;1;;;1;998
3;2;18;50;50297;;1;1;A-68;242,7;3;4;2;;;1;1;1;;;1;1
3;3;8;50;50297;;3;2;No inventariada;;9;7;2;;;1;1;1;;;1;998
3;2;6;50;50297;;3;2;No inventariada;;9;10;1;1;;1;4;1;;;1;998
3;3;23;50;50297;;3;2;No inventariada;;9;2;1;4;;3;4;2;;;1;998
3;4;0;50;50297;;3;2;No inventariada;;9;2;1;1;;3;4;3;;;1;998
3;7;0;50;50297;;3;2;No inventariada;;9;10;1;5;;3;4;2;;;1;998
3;7;15;50;50297;;3;2;No inventariada;;9;4;2;;;1;1;1;;;1;998
4;2;5;50;50297;;1;1;A-120;3,7;5;4;1;4;N-2;1;3;1;;;1;2
4;1;19;50;50297;;3;2;No inventariada;;9;7;1;1;;1;3;1;;;10;998
4;1;12;50;50297;;3;2;No inventariada;;9;3;2;;;1;1;1;;;1;998
4;3;12;50;50297;;3;2;No inventariada;;9;2;1;4;;1;1;1;;;1;998
4;3;16;50;50297;;3;2;No inventariada;;9;7;2;;;1;1;1;;;1;998
4;3;18;50;50297;;1;1;Z-40;23,447;3;4;2;;;1;1;1;;;1;1
4;3;19;50;50297;;3;2;No inventariada;;9;4;1;2;;1;1;1;;;1;998
3;2;22;50;50297;;3;2;No inventariada;;9;10;2;;;1;4;1;;;1;998
4;4;12;50;50297;;3;2;No inventariada;;9;2;2;;;1;1;1;;;1;998
4;4;11;50;50297;;3;2;No inventariada;;9;3;2;;;1;1;1;;;1;998
4;4;14;50;50297;;3;2;No inventariada;;9;2;1;5;;1;1;1;;;1;998
4;4;16;50;50297;;1;1;CV-624;8,371;6;18;1;4;;1;1;1;;;1;2
4;5;8;50;50297;;3;2;No inventariada;;9;2;2;;;1;1;1;;;1;998
4;5;8;50;50297;;3;2;No inventariada;;7;2;2;;;1;1;1;;;1;998
4;5;10;50;50297;;3;2;No inventariada;;7;4;2;;;1;1;1;;;1;998
4;6;16;50;50297;;3;2;No inventariada;;9;2;1;1;;1;1;1;;;1;998
4;7;18;50;50297;;3;2;No inventariada;;9;4;1;2;;1;1;1;;;1;998
4;7;12;50;50297;;3;2;No inventariada;;9;4;1;2;;1;1;1;;;1;998
4;1;13;50;50297;;3;2;No inventariada;;9;7;2;;;1;1;1;;;1;998
4;1;14;50;50297;;3;2;No inventariada;;9;2;1;2;;1;1;1;;;1;998
4;1;17;50;50297;;3;2;No inventariada;;9;2;1;1;;1;1;1;;;1;998
4;1;13;50;50297;;3;2;No inventariada;;9;20;2;;;1;1;1;;;1;998
4;2;9;50;50297;;3;2;No inventariada;;9;7;1;2;;1;1;1;;;1;998
4;2;14;50;50297;;3;2;No inventariada;;9;7;2;;;1;1;1;;;1;998
4;2;17;50;50297;;3;2;No inventariada;;9;3;2;;;1;1;1;;;1;998
4;2;18;50;50297;;3;2;No inventariada;;9;4;2;;;1;1;1;;;1;998
4;2;21;50;50297;;3;2;No inventariada;;9;2;1;1;;1;4;1;;;1;998
4;3;7;50;50297;;3;2;No inventariada;;9;2;2;;;1;1;1;;;1;998
4;3;11;50;50297;;3;2;No inventariada;;9;2;2;;;1;1;1;;;1;998
4;3;12;50;50297;;3;2;No inventariada;;9;3;2;;;1;1;1;;;1;998
4;3;16;50;50297;;3;2;No inventariada;;9;2;1;1;;1;1;1;;;1;998
4;3;15;50;50297;;3;2;No inventariada;;9;3;2;;;1;1;1;;;1;998
4;1;19;50;50297;;3;2;No inventariada;;14;2;1;4;;1;2;1;;;1;998
4;2;8;50;50297;;3;2;No inventariada;;9;10;1;4;;1;1;1;;;1;998
4;3;13;50;50297;;3;2;No inventariada;;9;10;2;;;1;1;1;;;1;998
4;5;9;50;50297;;3;2;No inventariada;;9;2;1;2;;1;1;1;;;1;998
4;6;6;50;50297;;3;2;No inventariada;;9;7;2;;;1;1;1;;;1;998
4;5;13;50;50297;;1;1;N-330;507,95;5;3;2;;;1;1;1;;;1;1
4;5;22;50;50297;;3;2;No inventariada;;9;15;1;2;;1;4;1;;;1;998
4;6;23;50;50297;;3;2;No inventariada;;9;2;1;4;;1;4;1;;;1;998
4;2;13;50;50297;;3;2;No inventariada;;9;10;2;;;1;1;1;;;1;998
4;6;12;50;50297;;3;2;No inventariada;;9;4;1;5;;1;1;1;;;1;998
4;6;17;50;50297;;3;2;No inventariada;;9;2;1;2;;1;1;1;;;18;998
4;5;21;50;50297;;3;2;No inventariada;;9;4;1;1;;1;4;1;;;2;998
2;4;17;50;50297;;3;2;No inventariada;;9;20;1;2;;1;1;1;;;18;998
4;7;21;50;50297;;3;2;No inventariada;;9;2;2;;;1;4;1;;;1;998
4;1;8;50;50297;;1;1;Z-40;19,703;3;4;2;;;1;1;1;;;1;1
3;1;13;50;50297;;3;2;No inventariada;;9;10;1;1;;1;1;1;;;1;998
4;1;8;50;50297;;1;1;Z-40;21,3;3;4;2;;;1;1;1;;;1;1
4;1;9;50;50297;;1;1;Z-40;19;3;4;2;;;1;1;1;;;1;1
4;7;20;50;50297;;3;2;No inventariada;;9;4;1;1;;1;4;1;;;1;998
4;1;17;50;50297;;3;2;No inventariada;;9;20;2;;;1;1;1;;;1;998
4;2;8;50;50297;;1;1;N-2;327;3;4;1;4;CV-314;1;1;1;;;1;2
4;1;19;50;50297;;3;2;No inventariada;;9;2;1;2;;1;1;1;;;18;998
4;2;17;50;50297;;3;2;No inventariada;;9;4;2;;;1;1;1;;;1;998
4;2;4;50;50297;;3;2;No inventariada;;9;2;1;1;;1;4;1;;;1;998
4;2;22;50;50297;;3;2;No inventariada;;9;4;1;5;;1;4;1;;;1;998
3;5;14;50;50297;;3;2;No inventariada;;9;10;2;;;2;1;1;;;1;998
4;3;14;50;50297;;3;2;No inventariada;;9;3;1;4;;1;1;1;;;1;998
4;3;12;50;50297;;1;1;A-23;275,95;3;15;2;;;1;1;2;;;1;1
4;3;10;50;50297;;3;2;No inventariada;;9;4;1;2;;1;1;1;;;1;998
4;4;13;50;50297;;3;2;No inventariada;;9;4;2;;;1;1;1;;;1;998
4;4;18;50;50297;;3;2;No inventariada;;9;4;1;2;;1;1;1;;;1;998
4;4;18;50;50297;;1;1;A-2;320,631;3;6;2;;;1;1;1;;1;1;1
4;3;22;50;50297;;3;2;No inventariada;;9;10;2;;;1;4;1;;;1;998
4;5;15;50;50297;;3;2;No inventariada;;9;4;2;;;1;1;1;;;1;998
4;3;15;50;50297;;3;2;No inventariada;;9;10;1;1;;1;1;1;;;1;998
4;4;14;50;50297;;3;2;No inventariada;;9;2;1;1;;1;1;1;;;1;998
4;2;18;50;50297;;3;2;No inventariada;;9;7;1;4;;1;1;1;;;6;998
4;7;10;50;50297;;3;2;No inventariada;;9;4;1;1;;1;1;1;;;1;998
4;5;20;50;50297;;3;2;No inventariada;;9;4;1;2;;1;3;1;;;1;998
4;7;22;50;50297;;3;2;No inventariada;;9;2;1;2;;1;4;1;;;1;998
4;1;14;50;50297;;1;1;N-125;4,367;6;2;1;4;N-125;1;1;1;;;1;2
4;2;20;50;50297;;3;2;No inventariada;;9;2;1;1;;1;1;1;;;1;998
4;1;19;50;50297;;3;2;No inventariada;;9;7;2;;;1;1;1;;;1;998
4;1;13;50;50297;;3;2;No inventariada;;9;7;1;1;;1;1;1;;;1;998
4;2;21;50;50297;;3;2;No inventariada;;9;10;2;;;1;4;1;;;1;998
4;2;23;50;50297;;3;2;No inventariada;;9;2;1;2;;1;4;1;;;1;998
4;1;22;50;50297;;3;2;No inventariada;;9;20;2;;;1;1;1;;;1;998
4;3;11;50;50297;;3;2;No inventariada;;9;2;1;2;;1;1;1;;;1;998
4;5;20;50;50297;;3;2;No inventariada;;9;4;2;;;1;1;1;;;1;998
4;5;5;50;50297;;3;2;No inventariada;;9;4;2;;;1;3;1;;;1;998
4;5;14;50;50297;;3;2;No inventariada;;9;4;2;;;1;1;1;;;1;998
4;6;8;50;50297;;3;2;No inventariada;;9;2;1;2;;1;1;1;;;1;998
4;5;7;50;50297;;3;2;No inventariada;;9;4;2;;;1;1;2;;;1;998
4;6;0;50;50297;;1;1;N-330;485,2;5;15;2;;;1;6;1;;;1;1
4;5;14;50;50297;;3;2;No inventariada;;9;2;2;;;1;1;1;;;1;998
4;7;12;50;50297;;3;2;No inventariada;;9;7;1;2;;1;1;1;;;1;998
4;1;14;50;50297;;1;1;A-68;245,7;3;4;2;;;1;1;1;;;1;1
4;1;17;50;50297;;3;2;No inventariada;;9;2;1;2;;1;1;1;;;18;998
4;2;15;50;50297;;3;2;No inventariada;;9;7;1;1;;1;1;1;;;1;998
4;2;17;50;50297;;3;2;No inventariada;;9;7;2;;;1;1;1;;;18;998
4;2;21;50;50297;;3;2;No inventariada;;14;10;2;;;1;4;1;;;1;998
5;3;15;50;50297;;3;2;No inventariada;;9;4;2;;;1;1;1;;;1;998
5;3;15;50;50297;;1;1;A-2;325;3;12;2;;;1;1;1;;;1;2
5;4;11;50;50297;;3;2;No inventariada;;9;7;1;2;;1;1;1;;;1;998
5;4;11;50;50297;;3;2;No inventariada;;9;7;2;;;1;1;1;;;16;998
5;3;20;50;50297;;3;2;No inventariada;;9;7;1;4;;1;1;1;;;18;998
5;4;15;50;50297;;3;2;No inventariada;;9;4;2;;;1;1;1;;;1;998
5;4;14;50;50297;;3;2;No inventariada;;9;2;2;;;1;1;1;;;1;998
5;4;13;50;50297;;3;2;No inventariada;;9;4;1;4;;1;1;1;;;1;998
5;4;14;50;50297;;3;2;No inventariada;;9;2;1;1;;1;1;1;;;1;998
5;5;8;50;50297;;3;2;No inventariada;;9;7;2;;;1;1;1;;;1;998
4;3;8;50;50297;;3;2;No inventariada;;9;7;1;1;;1;1;1;;;1;998
5;5;22;50;50297;;3;2;No inventariada;;9;2;2;;;1;4;1;;;1;998
5;5;19;50;50297;;3;2;No inventariada;;9;7;2;;;1;1;1;;;4;998
5;7;8;50;50297;;1;1;A-2;306,1;8;10;2;;;1;1;1;;;18;1
5;7;13;50;50297;;3;2;No inventariada;;9;4;2;;;1;1;1;;;1;998
5;7;13;50;50297;;3;2;No inventariada;;9;2;1;1;;1;1;1;;;1;998
5;5;10;50;50297;;1;1;N-330;503,1;5;4;2;;;1;1;1;;;1;1
5;7;14;50;50297;;3;2;No inventariada;;9;4;2;;;1;1;1;;;1;998
5;7;14;50;50297;;3;2;No inventariada;;9;2;1;2;;1;1;1;;;1;998
5;1;13;50;50297;;3;2;No inventariada;;9;2;1;1;;1;1;1;;;18;998
4;2;18;50;50297;;3;2;No inventariada;;9;2;1;2;;1;1;1;;;18;998
5;2;9;50;50297;;3;2;No inventariada;;9;2;1;5;;1;1;1;;;1;998
5;2;17;50;50297;;3;2;No inventariada;;9;4;2;;;1;1;1;;;1;998
5;2;19;50;50297;;3;2;No inventariada;;9;7;2;;;1;1;1;;;6;998
5;3;15;50;50297;;3;2;No inventariada;;9;4;2;;;1;1;1;;;1;998
5;1;23;50;50297;;3;2;No inventariada;;9;10;2;;;1;4;1;;;1;998
4;5;20;50;50297;;3;2;No inventariada;;9;4;2;;;1;1;1;;;18;998
5;4;8;50;50297;;3;2;No inventariada;;9;4;2;;;1;1;1;;;1;998
5;4;12;50;50297;;3;2;No inventariada;;9;7;2;;;1;1;1;;;1;998
5;5;5;50;50297;;3;2;No inventariada;;9;19;1;1;;1;3;1;;;1;998
5;5;12;50;50297;;1;1;CV-624;1,211;6;9;2;;;2;1;1;;;1;1
5;4;16;50;50297;;3;2;No inventariada;;9;3;1;4;;1;1;1;;;18;998
5;6;8;50;50297;;3;2;No inventariada;;9;2;2;;;1;1;1;;;1;998
5;5;15;50;50297;;3;2;No inventariada;;9;20;2;;;1;1;1;;;1;998
5;1;2;50;50297;;3;2;No inventariada;;9;2;1;1;;1;4;1;;;1;998
5;5;8;50;50297;;3;2;No inventariada;;9;20;2;;;1;1;1;;;18;998
5;1;15;50;50297;;3;2;No inventariada;;9;10;2;;;8;1;1;;;1;998
5;6;0;50;50297;;3;2;No inventariada;;9;7;2;;;1;4;1;;;1;998
5;2;1;50;50297;;3;2;No inventariada;;9;10;2;;;3;4;2;;;1;998
5;2;15;50;50297;;3;2;No inventariada;;9;4;1;4;;1;1;1;;;1;998
5;2;18;50;50297;;1;1;A-2;320,536;3;5;2;;;1;1;1;;;1;1
5;2;19;50;50297;;3;2;No inventariada;;9;7;2;;;1;1;1;;;1;998
5;3;5;50;50297;;3;2;No inventariada;;9;2;1;4;;1;3;1;;;1;998
5;3;8;50;50297;;3;2;No inventariada;;9;12;1;1;;1;1;1;;;1;998
5;2;20;50;50297;;3;2;No inventariada;;9;3;2;;;1;1;1;;;1;998
5;4;13;50;50297;;1;1;A-2;313;3;3;2;;;1;1;1;;;1;1
5;4;14;50;50297;;3;2;No inventariada;;9;7;2;;;1;1;1;;;1;998
5;4;21;50;50297;;3;2;No inventariada;;9;16;1;1;;1;5;1;;;1;998
5;5;0;50;50297;;1;1;N-2;327;3;15;2;;;1;4;1;;;1;2
5;3;14;50;50297;;3;2;No inventariada;;9;10;2;;;9;1;7;;;1;998
5;5;14;50;50297;;1;1;Z-40;22,2;3;5;2;;;1;1;1;;;1;1
5;5;15;50;50297;;1;1;A-2;323,2;3;5;2;;;3;1;4;;;5;1
5;3;14;50;50297;;3;2;No inventariada;;9;10;2;;;1;1;1;;;18;998
5;6;8;50;50297;;3;2;No inventariada;;9;4;2;;;1;1;1;;;1;998
5;5;19;50;50297;;3;2;No inventariada;;9;7;1;2;;1;2;1;;;1;998
5;6;15;50;50297;;3;2;No inventariada;;9;7;2;;;1;1;1;;;1;998
5;6;22;50;50297;;3;2;No inventariada;;9;20;2;;;1;4;1;;;1;998
5;4;21;50;50297;;3;2;No inventariada;;9;10;2;;;1;3;1;;;18;998
5;4;15;50;50297;;3;2;No inventariada;;9;10;1;4;;1;1;1;;;1;998
5;6;19;50;50297;;3;2;No inventariada;;9;3;1;1;;1;2;2;;;1;998
5;5;12;50;50297;;1;1;Z-40;32,4;3;15;2;;;1;1;1;;;1;1
5;1;7;50;50297;;3;2;No inventariada;;9;4;2;;;1;1;1;;;1;998
5;1;14;50;50297;;1;1;Z-40;27,8;3;16;2;;;1;1;1;;;1;1
4;5;10;50;50297;;3;2;No inventariada;;9;7;1;2;;1;1;1;;;18;998
5;1;16;50;50297;;1;1;A-2;319,7;3;2;2;;;1;1;1;;;1;1
5;2;18;50;50297;;3;2;No inventariada;;9;10;2;;;2;1;1;;;1;998
5;4;11;50;50297;;3;2;No inventariada;;9;20;1;2;;1;1;1;;;1;998
5;2;18;50;50297;;3;2;No inventariada;;9;2;1;2;;1;1;1;;;18;998
5;4;9;50;50297;;3;2;No inventariada;;9;2;1;5;;1;1;1;;;9;998
5;4;9;50;50297;;3;2;No inventariada;;9;2;1;2;;1;1;1;;;1;998
5;7;0;50;50297;;3;2;No inventariada;;9;10;2;;;9;4;1;;;1;998
5;3;4;50;50297;;3;2;No inventariada;;9;7;2;;;1;4;1;;;17;998
5;3;8;50;50297;;3;2;No inventariada;;9;7;2;;;1;1;1;;;1;998
5;4;12;50;50297;;1;1;A-68;243,49;3;17;2;;;1;1;1;;;1;2
5;3;21;50;50297;;3;2;No inventariada;;9;1;2;;;1;4;1;;;1;998
5;4;14;50;50297;;3;2;No inventariada;;9;2;1;1;;1;1;1;;;1;998
5;3;19;50;50297;;3;2;No inventariada;;9;7;2;;;1;1;1;;;18;998
5;5;14;50;50297;;3;2;No inventariada;;9;2;1;2;;1;1;1;;;1;998
5;1;8;50;50297;;1;1;A-2;309;3;14;2;;;1;1;1;;;1;1
5;7;17;50;50297;;3;2;No inventariada;;9;2;1;2;;1;1;1;;;1;998
5;1;7;50;50297;;3;2;No inventariada;;9;7;2;;;1;1;1;;;1;998
5;1;11;50;50297;;3;2;No inventariada;;9;4;1;1;;1;1;1;;;1;998
5;1;13;50;50297;;3;2;No inventariada;;9;4;2;;;1;1;1;;;1;998
5;2;8;50;50297;;3;2;No inventariada;;9;7;2;;;1;1;1;;;1;998
5;1;14;50;50297;;3;2;No inventariada;;9;10;1;2;;1;1;1;;;1;998
5;2;20;50;50297;;3;2;No inventariada;;9;1;2;;;1;2;1;;;1;998
5;2;21;50;50297;;3;2;No inventariada;;9;2;1;5;;1;1;1;;;1;998
5;3;7;50;50297;;3;2;No inventariada;;9;3;2;;;1;1;1;;;1;998
5;2;17;50;50297;;3;2;No inventariada;;9;4;1;2;;1;1;1;;;1;998
5;2;20;50;50297;;3;2;No inventariada;;9;7;1;2;;1;2;1;;;1;998
5;7;20;50;50297;;3;2;No inventariada;;9;2;1;1;;1;2;7;;;18;998
5;3;18;50;50297;;3;2;No inventariada;;9;2;1;1;;1;1;1;;;1;998
5;3;23;50;50297;;3;2;No inventariada;;9;2;2;;;1;4;1;;;1;998
5;3;22;50;50297;;3;2;No inventariada;;9;2;1;1;;1;3;1;;;1;998
5;3;22;50;50297;;3;2;No inventariada;;9;4;2;;;1;3;1;;;1;998
5;4;18;50;50297;;3;2;No inventariada;;9;7;2;;;1;1;1;;;1;998
5;5;15;50;50297;;1;1;A-2;311,107;3;5;2;;;1;1;1;;;1;1
5;5;21;50;50297;;3;2;No inventariada;;9;7;2;;;1;1;1;;;1;998
6;6;2;50;50297;;3;2;No inventariada;;9;2;2;;;1;4;7;;;9;998
6;6;14;50;50297;;3;2;No inventariada;;9;10;2;;;2;1;1;;;1;998
5;4;21;50;50297;;3;2;No inventariada;;14;16;1;4;;1;5;1;;;17;998
6;7;16;50;50297;;3;2;No inventariada;;9;7;1;1;;1;1;1;;;1;998
6;1;2;50;50297;;3;2;No inventariada;;9;4;2;;;1;4;1;;;1;998
6;6;11;50;50297;;3;2;No inventariada;;9;7;2;;;1;1;1;;;1;998
6;2;18;50;50297;;3;2;No inventariada;;9;4;2;;;1;1;1;;;1;998
6;3;23;50;50297;;3;2;No inventariada;;9;2;2;;;1;4;1;;;1;998
6;4;7;50;50297;;1;1;Z-40;21,064;3;4;2;;;1;1;1;;;1;1
6;4;5;50;50297;;3;2;No inventariada;;9;2;1;4;;1;1;1;;;1;998
6;4;15;50;50297;;3;2;No inventariada;;9;4;2;;;1;1;1;;;18;998
6;4;16;50;50297;;3;2;No inventariada;;9;16;1;2;;1;1;1;;;1;998
6;4;15;50;50297;;3;2;No inventariada;;9;9;2;;;1;1;1;;;1;998
6;5;16;50;50297;;3;2;No inventariada;;9;2;1;1;;1;1;1;;;1;998
6;6;13;50;50297;;3;2;No inventariada;;9;16;2;;;1;1;1;;;1;998
6;6;3;50;50297;;3;2;No inventariada;;9;9;2;;;1;4;1;;;1;998
6;6;12;50;50297;;3;2;No inventariada;;9;4;2;;;1;1;1;;;1;998
6;6;12;50;50297;;3;2;No inventariada;;9;4;2;;;1;1;1;;;1;998
6;7;10;50;50297;;3;2;No inventariada;;9;20;1;1;;3;1;3;;;1;998
6;6;18;50;50297;;3;2;No inventariada;;9;16;2;;;1;1;1;;;1;998
6;6;20;50;50297;;3;2;No inventariada;;9;2;1;1;;1;1;2;;;9;998
6;6;16;50;50297;;3;2;No inventariada;;9;2;1;2;;1;1;1;;;1;998
6;7;20;50;50297;;3;2;No inventariada;;9;2;1;2;;1;1;1;;;1;998
6;1;5;50;50297;;3;2;No inventariada;;9;10;1;1;;1;1;1;;;1;998
6;1;18;50;50297;;3;2;No inventariada;;9;4;2;;;1;1;1;;;1;998
6;3;11;50;50297;;3;2;No inventariada;;9;7;2;;;1;1;1;;;1;998
6;2;9;50;50297;;3;2;No inventariada;;9;7;2;;;1;1;1;;;1;998
6;2;10;50;50297;;3;2;No inventariada;;9;4;2;;;1;1;7;;;1;998
6;1;15;50;50297;;3;2;No inventariada;;9;4;1;2;;1;1;1;;;1;998
6;2;16;50;50297;;1;1;Z-40;21,4;8;4;1;4;;1;1;7;;;1;1
6;2;23;50;50297;;3;2;No inventariada;;14;19;2;;;1;6;1;;;1;998
6;4;10;50;50297;;3;2;No inventariada;;9;20;1;1;;1;1;1;;;1;998
6;3;19;50;50297;;3;2;No inventariada;;9;3;1;2;;1;1;1;;;1;998
6;4;7;50;50297;;3;2;No inventariada;;9;4;2;;;1;1;1;;;1;998
6;4;9;50;50297;;3;2;No inventariada;;9;4;1;2;;1;1;1;;;1;998
6;2;20;50;50297;;3;2;No inventariada;;9;7;2;;;1;1;1;;;1;998
6;5;0;50;50297;;3;2;No inventariada;;9;2;1;2;;1;4;1;;;10;998