MES;DIA_SEMANA;HORA;COD_PROVINCIA;COD_MUNICIPIO;ISLA;ZONA;ZONA_AGRUPADA;CARRETERA;KM;TIPO_VIA;TIPO_ACCIDENTE;NUDO;NUDO_INFO;CARRETERA_CRUCE;CONDICION_FIRME;CONDICION_ILUMINACION;CONDICION_METEO;CONDICION_NIEBLA;CONDICION_VIENTO;VISIB_RESTRINGIDA_POR;TRAZADO_PLANTA
6;5;11;50;50297;;1;1;CV-314;3,458;6;3;2;;;1;1;1;;;1;2
6;4;20;50;50297;;3;2;No inventariada;;9;2;1;1;;1;1;1;;;1;998
6;6;14;50;50297;;1;1;N-330;504;5;18;2;;;1;1;1;;;1;1
6;6;15;50;50297;;3;2;No inventariada;;9;4;2;;;1;1;1;;;18;998
6;7;0;50;50297;;3;2;No inventariada;;9;10;2;;;7;4;1;;;1;998
6;6;12;50;50297;;3;2;No inventariada;;9;7;1;2;;1;1;1;;;9;998
5;5;11;50;50297;;3;2;No inventariada;;9;3;1;2;;1;1;1;;;18;998
6;7;15;50;50297;;3;2;No inventariada;;9;3;1;1;;1;1;1;1;;1;998
6;4;16;50;50297;;3;2;No inventariada;;9;10;2;;;1;1;1;;;1;998
6;1;22;50;50297;;3;2;No inventariada;;9;2;2;;;1;4;1;;;1;998
6;7;23;50;50297;;3;2;No inventariada;;9;19;1;4;;1;4;1;;;1;998
6;2;12;50;50297;;1;1;N-330;482,7;6;10;1;4;;7;1;1;;;1;2
6;2;16;50;50297;;3;2;No inventariada;;9;2;1;4;;1;1;1;;;1;998
6;1;22;50;50297;;3;2;No inventariada;;9;7;2;;;1;4;1;;;18;998
6;2;18;50;50297;;3;2;No inventariada;;9;4;2;;;1;1;1;;;1;998
6;2;17;50;50297;;3;2;No inventariada;;9;7;2;;;1;1;7;;;18;998
6;2;18;50;50297;;3;2;No inventariada;;9;7;2;;;1;1;1;;;1;998
6;3;5;50;50297;;1;1;A-2;325;3;4;2;;;1;6;1;;;1;1
5;2;16;50;50297;;3;2;No inventariada;;9;7;2;;;1;1;1;;;1;998
6;7;17;50;50297;;3;2;No inventariada;;9;4;1;1;;1;1;1;;;1;998
6;2;19;50;50297;;3;2;No inventariada;;9;20;2;;;1;1;1;;;1;998
6;4;13;50;50297;;3;2;No inventariada;;9;7;1;4;;3;1;3;;;1;998
6;3;22;50;50297;;3;2;No inventariada;;9;10;1;2;;1;4;1;;;1;998
6;5;14;50;50297;;1;1;A-2;319,2;3;10;2;;;1;1;1;;;1;1
6;5;14;50;50297;;1;1;A-2;324,9;3;15;2;;;1;1;1;;;1;3
6;5;16;50;50297;;3;2;No inventariada;;9;7;2;;;1;1;1;;;18;998
6;5;19;50;50297;;3;2;No inventariada;;9;7;2;;;1;1;1;;;1;998
6;5;22;50;50297;;3;2;No inventariada;;9;4;2;;;1;4;1;;;1;998
6;6;7;50;50297;;3;2;No inventariada;;9;2;2;;;1;1;1;;;1;998
6;7;1;50;50297;;3;2;No inventariada;;9;3;2;;;1;6;1;;;17;998
6;7;10;50;50297;;3;2;No inventariada;;9;7;2;;;1;1;1;;;1;998
6;1;10;50;50297;;3;2;No inventariada;;9;2;1;1;;1;1;1;;;18;998
6;2;17;50;50297;;3;2;No inventariada;;7;3;2;;;1;1;1;;;18;998
6;2;17;50;50297;;3;2;No inventariada;;9;7;2;;;1;1;1;;;1;998
6;2;18;50;50297;;3;2;No inventariada;;9;2;2;;;1;1;1;;;1;998
6;3;7;50;50297;;3;2;No inventariada;;9;7;2;;;1;1;1;;;1;998
6;3;15;50;50297;;3;2;No inventariada;;9;10;1;4;;1;1;1;;;1;998
6;3;21;50;50297;;3;2;No inventariada;;9;2;1;1;;1;2;1;;;1;998
6;4;8;50;50297;;3;2;No inventariada;;9;7;1;2;;1;1;1;;;1;998
6;7;13;50;50297;;3;2;No inventariada;;9;2;2;;;1;1;1;;;1;998
6;4;10;50;50297;;3;2;No inventariada;;9;4;2;;;1;1;1;;;1;998
6;5;11;50;50297;;3;2;No inventariada;;9;7;2;;;1;1;1;;;1;998
6;5;15;50;50297;;3;2;No inventariada;;9;4;1;1;;1;1;1;;;1;998
6;5;17;50;50297;;3;2;No inventariada;;9;2;1;1;;1;1;1;;;1;998
6;6;0;50;50297;;1;1;A-120;0,763;5;3;1;4;;1;4;1;;;1;2
6;5;10;50;50297;;3;2;No inventariada;;9;2;1;1;;1;1;1;;;1;998
6;5;17;50;50297;;3;2;No inventariada;;9;20;2;;;1;1;1;;;1;998
6;5;20;50;50297;;3;2;No inventariada;;9;3;1;1;;1;3;1;;;1;998
6;6;17;50;50297;;3;2;No inventariada;;11;7;2;;;1;1;1;;;1;998
6;7;19;50;50297;;3;2;No inventariada;;9;4;2;;;1;1;2;;;1;998
6;7;22;50;50297;;3;2;No inventariada;;9;4;2;;;3;4;3;;;1;998
6;3;20;50;50297;;3;2;No inventariada;;9;7;1;2;;1;1;1;;;1;998
7;2;9;50;50297;;3;2;No inventariada;;9;7;1;2;;1;1;1;;;1;998
7;2;10;50;50297;;3;2;No inventariada;;9;4;2;;;1;1;1;;;1;998
7;2;13;50;50297;;3;2;No inventariada;;9;4;2;;;1;1;1;;;1;998
7;2;14;50;50297;;3;2;No inventariada;;9;4;2;;;1;1;1;1;;1;998
7;2;16;50;50297;;1;1;Z-40;19,575;3;6;2;;;1;1;1;;;1;1
6;6;5;50;50297;;3;2;No inventariada;;9;10;2;;;3;4;1;;;1;998
7;2;22;50;50297;;3;2;No inventariada;;9;2;1;5;;1;4;1;;;1;998
7;3;8;50;50297;;3;2;No inventariada;;9;3;2;;;1;1;1;;;1;998
7;3;19;50;50297;;3;2;No inventariada;;9;3;2;;;1;1;1;;;1;998
7;3;15;50;50297;;3;2;No inventariada;;9;2;2;;;1;1;1;;;1;998
7;3;23;50;50297;;1;1;N-330;488,5;5;3;1;4;N-330;1;6;1;;;1;2
7;3;8;50;50297;;3;2;No inventariada;;9;2;1;1;;1;1;1;;;1;998
7;4;13;50;50297;;3;2;No inventariada;;9;4;2;;;1;1;1;;;1;998
7;4;21;50;50297;;1;1;A-2;311,285;7;4;2;;;1;1;1;;;1;1
7;4;23;50;50297;;3;2;No inventariada;;9;2;1;1;;1;4;1;;;1;998
7;5;9;50;50297;;3;2;No inventariada;;9;2;1;2;;1;1;1;;;9;998
7;3;17;50;50297;;3;2;No inventariada;;9;4;2;;;1;1;1;;;1;998
7;5;17;50;50297;;1;1;N-2;326,902;3;15;1;4;Z-40;1;1;1;;;1;2
7;5;19;50;50297;;3;2;No inventariada;;9;2;2;;;1;1;1;;;1;998
7;6;9;50;50297;;3;2;No inventariada;;9;2;2;;;1;1;1;;;1;998
7;5;22;50;50297;;3;2;No inventariada;;9;6;1;2;;1;4;4;;;1;998
7;6;21;50;50297;;3;2;No inventariada;;9;2;1;5;;1;4;1;;;1;998
7;6;22;50;50297;;3;2;No inventariada;;9;7;2;;;1;4;1;;;1;998
7;7;9;50;50297;;1;1;AP-68;291,5;1;16;2;;;1;1;1;;;1;1
7;7;6;50;50297;;3;2;No inventariada;;9;16;1;1;;1;4;1;;;2;998
7;7;11;50;50297;;3;2;No inventariada;;9;1;1;2;;1;1;1;;;18;998
7;7;18;50;50297;;1;1;A-2;316,9;3;12;2;;;1;1;2;;;1;2
7;6;14;50;50297;;3;2;No inventariada;;9;2;2;;;1;1;1;;;1;998
6;2;13;50;50297;;3;2;No inventariada;;9;7;2;;;1;1;1;;;1;998
7;2;9;50;50297;;3;2;No inventariada;;9;7;1;2;;1;1;1;;;1;998
7;2;13;50;50297;;3;2;No inventariada;;9;20;1;1;;1;1;1;;;1;998
7;2;14;50;50297;;3;2;No inventariada;;9;2;1;1;;1;1;1;1;;1;998
7;2;18;50;50297;;3;2;No inventariada;;9;2;2;;;1;1;1;;;1;998
7;3;9;50;50297;;3;2;No inventariada;;9;2;1;4;;1;1;1;;;1;998
7;3;17;50;50297;;3;2;No inventariada;;9;4;2;;;1;1;1;;;1;998
7;2;13;50;50297;;1;1;N-232;248,2;5;4;1;5;Z-A-2563;1;1;1;;;1;1
7;6;1;50;50297;;3;2;No inventariada;;9;20;2;;;1;4;1;;;18;998
7;6;2;50;50297;;3;2;No inventariada;;9;6;2;;;1;4;1;;;1;998
7;4;11;50;50297;;3;2;No inventariada;;9;4;2;;;1;1;1;;;1;998
6;7;10;50;50297;;3;2;No inventariada;;9;7;2;;;1;1;1;;;1;998
7;4;13;50;50297;;3;2;No inventariada;;9;3;2;;;1;1;1;;;1;998
7;5;7;50;0;;1;1;AP-2;32,663;2;4;2;;;1;1;1;;;1;1
7;5;8;50;50297;;3;2;No inventariada;;9;16;1;1;;1;1;1;1;;1;998
7;5;10;50;50297;;3;2;No inventariada;;9;7;1;1;;1;1;1;;;1;998
7;6;3;50;50297;;3;2;No inventariada;;9;10;2;;;1;4;1;;;1;998
7;6;10;50;50297;;3;2;No inventariada;;9;2;2;;;1;1;1;;;12;998
7;7;23;50;50297;;3;2;No inventariada;;9;2;1;1;;1;4;1;;;1;998
7;1;5;50;50297;;3;2;No inventariada;;9;2;1;2;;1;4;1;;;2;998
7;1;6;50;50297;;3;2;No inventariada;;9;10;2;;;8;3;1;;;1;998
6;6;20;50;50297;;3;2;No inventariada;;9;3;2;;;2;1;1;;;1;998
7;1;10;50;50297;;3;2;No inventariada;;9;16;1;4;;1;1;1;;;1;998
7;1;13;50;50297;;1;1;A-23;275;3;16;2;;;1;1;1;;;1;1
7;1;11;50;50297;;3;2;No inventariada;;9;2;1;1;;1;1;1;;;2;998
7;2;16;50;50297;;3;2;No inventariada;;9;3;1;1;;1;1;1;;;1;998
7;3;10;50;50297;;1;1;N-232;248,2;5;2;1;5;N-232;1;1;1;;;1;1
7;3;5;50;50297;;3;2;No inventariada;;9;10;2;;;1;4;1;;;1;998
7;4;12;50;50297;;1;1;N-2;327;3;10;1;4;Z-40;1;1;1;;;1;2
7;4;11;50;50297;;3;2;No inventariada;;9;7;1;2;;1;1;1;;;1;998
7;4;11;50;50297;;3;2;No inventariada;;9;20;1;1;;1;1;1;;;2;998
7;4;20;50;50297;;3;2;No inventariada;;9;4;2;;;1;1;1;;;1;998
7;5;15;50;50297;;3;2;No inventariada;;9;4;2;;;1;1;1;;;1;998
7;5;11;50;50297;;3;2;No inventariada;;9;2;1;1;;1;1;1;;;1;998
7;6;11;50;50297;;3;2;No inventariada;;9;3;1;1;;1;1;1;;;1;998
7;5;20;50;50297;;1;1;N-2a;314,2;6;12;2;;;1;1;1;;;1;2
7;6;8;50;50297;;3;2;No inventariada;;9;3;2;;;1;1;1;;;1;998
7;6;12;50;50297;;3;2;No inventariada;;9;7;2;;;1;1;1;;;1;998
7;4;11;50;50297;;3;2;No inventariada;;9;2;2;;;1;1;1;;;1;998
7;7;14;50;50297;;3;2;No inventariada;;9;4;1;2;;9;1;1;;;18;998
7;7;19;50;50297;;3;2;No inventariada;;9;1;2;;;1;1;1;;;1;998
7;7;20;50;50297;;3;2;No inventariada;;9;7;1;1;;1;2;1;;;18;998
7;6;22;50;50297;;3;2;No inventariada;;9;16;2;;;1;4;1;;;1;998
7;7;5;50;50297;;3;2;No inventariada;;9;8;1;5;;1;4;1;;;1;998
7;1;9;50;50297;;3;2;No inventariada;;9;7;1;2;;1;1;1;;;1;998
7;1;10;50;50297;;3;2;No inventariada;;9;2;1;2;;1;1;1;;;9;998
7;1;15;50;50297;;3;2;No inventariada;;9;2;2;;;1;1;1;;;1;998
7;1;16;50;50297;;3;2;No inventariada;;9;10;2;;;1;1;1;;;1;998
7;1;14;50;50297;;3;2;No inventariada;;9;2;1;1;;1;1;1;;;1;998
6;2;18;50;50297;;3;2;No inventariada;;9;10;2;;;1;1;1;;;1;998
7;1;14;50;50297;;3;2;No inventariada;;9;4;2;;;1;1;1;;;1;998
7;1;15;50;50297;;3;2;No inventariada;;9;4;1;2;;1;1;1;;;1;998
7;2;15;50;50297;;3;2;No inventariada;;9;10;2;;;1;1;1;;;1;998
7;2;19;50;50297;;3;2;No inventariada;;9;3;1;1;;1;1;1;;;1;998
7;3;15;50;50297;;3;2;No inventariada;;9;2;2;;;1;1;1;;;1;998
7;3;23;50;50297;;3;2;No inventariada;;9;7;1;1;;1;4;1;;;1;998
7;4;13;50;50297;;1;1;A-2;316,7;3;20;2;;;1;1;1;;;1;1
7;3;19;50;50297;;3;2;No inventariada;;9;10;1;1;;7;1;1;1;;1;998
7;4;13;50;50297;;3;2;No inventariada;;9;4;1;1;;1;1;1;;;1;998
7;4;13;50;50297;;3;2;No inventariada;;9;20;1;1;;1;1;1;;;18;998
7;5;14;50;50297;;3;2;No inventariada;;9;5;2;;;1;1;1;;;1;998
7;5;19;50;50297;;3;2;No inventariada;;9;2;2;;;1;1;1;;;1;998
7;5;14;50;50297;;3;2;No inventariada;;9;3;1;1;;1;1;1;;;1;998
7;6;11;50;50297;;3;2;No inventariada;;9;3;1;1;;1;1;1;;;1;998
7;7;12;50;50297;;3;2;No inventariada;;9;4;1;4;;1;1;1;;;1;998
7;7;7;50;50297;;3;2;No inventariada;;9;19;1;2;;1;2;1;;;1;998
7;1;7;50;50297;;1;1;A-2;325,985;3;12;2;;;1;1;1;;;1;2
7;1;9;50;50297;;3;2;No inventariada;;9;7;1;2;;1;1;1;;;18;998
7;1;14;50;50297;;3;2;No inventariada;;9;10;2;;;1;1;1;;;1;998
7;6;4;50;50297;;3;2;No inventariada;;9;10;2;;;1;4;1;;;1;998
7;2;1;50;50297;;3;2;No inventariada;;9;2;1;1;;1;5;1;;;18;998
6;3;9;50;50297;;3;2;No inventariada;;9;7;1;2;;9;1;7;;;18;998
7;2;9;50;50297;;3;2;No inventariada;;9;12;1;1;;1;1;1;;;1;998
7;2;10;50;50297;;3;2;No inventariada;;9;2;1;5;;1;1;1;;;1;998
7;2;6;50;50297;;3;2;No inventariada;;9;3;2;;;1;1;1;;;1;998
7;2;13;50;50297;;1;1;N-232;248,199;5;3;1;5;N-232;1;1;1;;;1;1
7;2;18;50;50297;;3;2;No inventariada;;9;7;1;2;;1;1;1;;;1;998
7;3;8;50;50297;;3;2;No inventariada;;9;10;2;;;7;1;1;;;1;998
7;3;13;50;50297;;1;1;Z-40;23,503;8;4;1;4;Z-40;1;1;1;;;1;1
7;3;17;50;50297;;1;1;A-2;323;3;16;2;;;1;1;1;;;1;1
7;3;20;50;50297;;3;2;No inventariada;;9;3;1;1;;1;1;1;;;1;998
7;3;18;50;50297;;3;2;No inventariada;;9;20;1;1;;1;1;1;;;1;998
8;5;13;50;50297;;3;2;No inventariada;;9;7;1;2;;1;1;1;;;1;998
8;7;6;50;50297;;3;2;No inventariada;;9;19;2;;;1;1;1;;;1;998
8;1;15;50;50297;;1;1;Z-40;21;8;3;1;4;;1;1;1;;;1;2
8;1;8;50;50297;;3;2;No inventariada;;9;4;2;;;1;1;1;;;1;998
7;7;12;50;50297;;3;2;No inventariada;;9;2;1;2;;1;1;1;;;1;998
7;4;13;50;50297;;3;2;No inventariada;;9;20;2;;;1;1;1;;;18;998
8;4;7;50;50297;;3;2;No inventariada;;9;10;2;;;7;2;1;;;18;998
8;4;15;50;50297;;3;2;No inventariada;;9;4;1;4;;1;1;1;;;1;998
8;4;15;50;50297;;3;2;No inventariada;;9;4;2;;;1;1;1;;;18;998
8;4;12;50;50297;;3;2;No inventariada;;9;7;2;;;1;1;1;;;1;998
7;2;11;50;50297;;3;2;No inventariada;;9;9;2;;;1;1;7;;;1;998
8;6;14;50;50297;;3;2;No inventariada;;9;5;2;;;1;1;1;;;1;998
8;6;17;50;50297;;3;2;No inventariada;;9;4;1;1;;1;1;1;;;18;998
8;6;12;50;50297;;3;2;No inventariada;;9;1;2;;;1;1;1;;;1;998
8;6;13;50;50297;;3;2;No inventariada;;11;7;2;;;1;4;1;;;4;998
8;7;22;50;50297;;3;2;No inventariada;;9;7;2;;;1;4;1;;;1;998
7;5;19;50;50297;;3;2;No inventariada;;9;10;2;;;9;1;1;;;1;998
7;7;13;50;50297;;3;2;No inventariada;;9;6;2;;;1;1;1;;;1;998
8;6;22;50;50297;;3;2;No inventariada;;9;3;2;;;1;1;1;;;18;998
8;2;15;50;50297;;3;2;No inventariada;;9;7;2;;;1;1;1;;;18;998
8;1;21;50;50297;;3;2;No inventariada;;9;4;1;1;;3;4;3;;;18;998
8;2;14;50;50297;;3;2;No inventariada;;9;3;2;;;1;1;1;;;1;998
7;3;9;50;50297;;3;2;No inventariada;;9;10;1;2;;1;1;1;;;1;998
8;3;9;50;50297;;3;2;No inventariada;;9;2;2;;;1;1;2;;;1;998
8;3;10;50;50297;;3;2;No inventariada;;9;7;2;;;1;1;2;;;18;998
8;4;7;50;50297;;3;2;No inventariada;;9;10;1;1;;1;1;1;;;1;998
8;4;13;50;50297;;3;2;No inventariada;;9;2;2;;;1;1;1;;;18;998
8;6;6;50;50297;;3;2;No inventariada;;9;20;2;;;1;1;1;;;1;998
8;6;20;50;50297;;1;1;A-120;3,133;5;2;1;4;A-2;1;2;1;;;6;2
8;6;19;50;50297;;3;2;No inventariada;;9;7;1;2;;1;1;1;;;18;998
8;4;10;50;50297;;3;2;No inventariada;;9;2;1;2;;1;1;1;;;1;998
8;2;6;50;50297;;3;2;No inventariada;;9;2;2;;;1;1;1;;;1;998
8;2;14;50;50297;;1;1;A-68;258,799;5;4;2;;;1;1;1;;;1;1
8;1;18;50;50297;;3;2;No inventariada;;9;7;2;;;1;1;1;;;1;998
8;2;13;50;50297;;3;2;No inventariada;;9;2;1;2;;1;1;1;;;1;998
8;3;9;50;50297;;3;2;No inventariada;;9;2;1;2;;1;1;1;;;18;998
8;3;13;50;50297;;3;2;No inventariada;;9;4;2;;;1;1;1;;;1;998
8;4;10;50;50297;;3;2;No inventariada;;9;4;2;;;1;1;1;;;1;998
8;4;18;50;50297;;3;2;No inventariada;;9;16;2;;;1;1;1;;;1;998
8;5;19;50;50297;;3;2;No inventariada;;9;4;2;;;1;2;1;;;1;998
8;5;4;50;50297;;3;2;No inventariada;;9;10;2;;;1;4;1;;;1;998
8;7;9;50;50297;;1;1;A-2;311,839;3;3;1;12;Z-40;1;1;2;;;18;3
8;7;17;50;50297;;3;2;No inventariada;;9;2;2;;;1;1;1;;;1;998
8;1;16;50;50297;;1;1;A-68;246,5;3;3;2;;;1;1;1;;;1;1
8;1;9;50;50297;;1;1;A-2;325,75;3;16;2;;;1;1;1;;;1;1
8;2;8;50;50297;;3;2;No inventariada;;14;2;1;4;;1;1;1;;;1;998
8;2;14;50;50297;;1;1;A-68;255,426;5;5;2;;;1;1;1;;;1;1
8;2;12;50;50297;;3;2;No inventariada;;9;2;1;2;;1;1;1;;;1;998
8;2;19;50;50297;;3;2;No inventariada;;9;2;1;1;;1;3;1;;;1;998
8;3;17;50;50297;;3;2;No inventariada;;9;10;1;1;;1;1;1;;;1;998
8;4;11;50;50297;;3;2;No inventariada;;9;2;1;2;;1;1;1;;;1;998
8;4;22;50;50297;;1;1;A-2;308;3;6;2;;;3;6;3;;;18;1
8;5;8;50;50297;;3;2;No inventariada;;9;3;1;2;;1;1;1;;;1;998
8;5;15;50;50297;;3;2;No inventariada;;9;4;2;;;1;1;3;;;1;998
8;5;21;50;50297;;1;1;A-2;330,5;3;9;2;;;3;4;4;;;5;1
8;5;23;50;50297;;3;2;No inventariada;;9;15;2;;;1;4;3;;;1;998
8;5;8;50;50297;;3;2;No inventariada;;9;4;2;;;1;1;1;;;1;998
8;4;11;50;50297;;3;2;No inventariada;;9;2;2;;;1;1;1;;;1;998
8;5;19;50;50297;;3;2;No inventariada;;9;2;2;;;3;1;3;;;1;998
8;6;15;50;50297;;3;2;No inventariada;;9;2;1;1;;1;1;1;;;1;998
9;1;10;50;50297;;1;1;Z-40;31;3;4;2;;;1;1;1;;;1;1
9;1;15;50;50297;;3;2;No inventariada;;9;2;2;;;1;1;1;;;1;998
9;1;13;50;50297;;3;2;No inventariada;;9;4;2;;;1;1;1;;;1;998
8;6;20;50;50297;;3;2;No inventariada;;9;7;2;;;1;3;1;;;1;998
9;1;13;50;50297;;3;2;No inventariada;;9;7;2;;;1;1;1;;;1;998
9;2;11;50;50297;;3;2;No inventariada;;9;7;2;;;9;1;2;;;1;998
9;1;2;50;50297;;3;2;No inventariada;;9;10;2;;;1;4;1;;;18;998
9;3;23;50;50297;;3;2;No inventariada;;9;16;2;;;1;4;1;;;1;998
9;3;12;50;50297;;1;1;A-2;322,6;3;14;2;;;3;1;3;;;1;2
9;3;12;50;50297;;3;2;No inventariada;;9;2;1;1;;1;1;2;;;1;998
9;3;21;50;50297;;3;2;No inventariada;;9;2;1;2;;1;3;1;;;18;998
6;5;17;50;50297;;3;2;No inventariada;;9;10;2;;;1;1;1;;;1;998
9;4;12;50;50297;;3;2;No inventariada;;9;2;1;5;;1;1;1;;;1;998
9;5;8;50;50297;;1;1;A-123;6,2;6;12;2;;;1;1;2;;;4;1
9;5;13;50;50297;;3;2;No inventariada;;9;4;1;1;;1;1;1;;;1;998
9;5;15;50;50297;;1;1;CV-624;3,184;6;2;1;5;;1;1;1;;;1;1
9;5;20;50;50297;;3;2;No inventariada;;9;3;1;5;;1;4;1;;;1;998
9;1;8;50;50297;;3;2;No inventariada;;9;4;2;;;1;1;1;;;1;998
9;1;17;50;50297;;3;2;No inventariada;;9;7;2;;;1;1;1;;;1;998
9;1;18;50;50297;;3;2;No inventariada;;9;3;1;4;;1;1;1;;;1;998
9;1;21;50;50297;;3;2;No inventariada;;9;3;1;2;;1;4;1;;;1;998
9;1;6;50;50297;;1;1;N-232;248,3;5;2;1;5;;1;3;1;;;1;1
9;2;8;50;50297;;1;1;Z-40;30,4;3;4;2;;;1;1;1;;;6;1
9;2;11;50;50297;;3;2;No inventariada;;9;20;2;;;1;1;1;;;1;998
9;2;6;50;50297;;1;1;Z-40;29,5;3;12;2;;;1;3;1;;;1;1
9;2;15;50;50297;;1;1;N-232;248,3;5;4;1;5;;1;1;1;;;1;1
9;2;17;50;50297;;3;2;No inventariada;;9;7;1;2;;1;1;1;;;1;998
9;2;19;50;50297;;3;2;No inventariada;;9;4;2;;;1;1;1;;;1;998
9;2;16;50;50297;;3;2;No inventariada;;9;3;2;;;1;1;1;;;1;998
9;3;7;50;50297;;1;1;A-68;247;3;4;2;;;1;1;1;;;1;1
9;3;10;50;50297;;3;2;No inventariada;;9;7;2;;;1;1;1;;;1;998
9;4;15;50;50297;;3;2;No inventariada;;9;20;2;;;1;1;1;;;16;998
9;3;13;50;50297;;3;2;No inventariada;;9;2;1;1;;1;1;1;;;1;998
9;3;20;50;50297;;3;2;No inventariada;;9;2;1;1;;1;1;1;;;9;998
9;4;17;50;50297;;3;2;No inventariada;;9;4;2;;;1;1;1;;;1;998
9;7;4;50;50297;;3;2;No inventariada;;9;2;1;2;;3;4;3;;;18;998
9;4;17;50;50297;;3;2;No inventariada;;9;2;1;2;;1;1;2;;;1;998
9;4;22;50;50297;;3;2;No inventariada;;9;4;2;;;1;4;1;;;1;998
9;4;12;50;50297;;3;2;No inventariada;;9;7;1;1;;1;1;1;1;;1;998
9;4;12;50;50297;;3;2;No inventariada;;9;2;2;;;1;1;1;;;1;998
9;4;11;50;50297;;3;2;No inventariada;;9;7;2;;;1;1;1;;;1;998
9;5;6;50;50297;;3;2;No inventariada;;9;7;2;;;1;4;1;;;12;998
9;5;6;50;50297;;3;2;No inventariada;;9;2;2;;;1;1;1;;;1;998
8;6;20;50;50297;;3;2;No inventariada;;9;7;2;;;1;4;1;;;1;998
9;5;16;50;50297;;3;2;No inventariada;;9;7;1;5;;1;1;1;;;1;998
9;5;4;50;50297;;3;2;No inventariada;;9;10;2;;;1;4;1;;;18;998
9;5;10;50;50297;;3;2;No inventariada;;9;20;2;;;1;1;1;;;1;998
9;6;9;50;50297;;3;2;No inventariada;;9;7;1;1;;1;1;1;1;;1;998
9;6;12;50;50297;;3;2;No inventariada;;9;2;1;1;;1;1;1;1;;1;998
9;6;14;50;50297;;3;2;No inventariada;;9;4;2;;;1;1;1;;;1;998
9;6;18;50;50297;;3;2;No inventariada;;9;7;2;;;1;1;1;;;1;998
9;7;16;50;50297;;3;2;No inventariada;;9;3;2;;;1;1;1;;;1;998
9;7;19;50;50297;;3;2;No inventariada;;9;2;1;1;;1;1;1;;;1;998
9;1;8;50;50297;;3;2;No inventariada;;9;20;2;;;1;1;1;;;1;998
9;1;10;50;50297;;3;2;No inventariada;;9;3;1;1;;1;1;1;;;1;998
9;1;14;50;50297;;3;2;No inventariada;;9;4;1;1;;1;1;1;;;1;998
9;1;17;50;50297;;3;2;No inventariada;;9;4;2;;;1;1;1;;;1;998
9;1;21;50;50297;;3;2;No inventariada;;9;3;1;1;;1;4;1;;;1;998
9;6;22;50;50297;;3;2;No inventariada;;7;20;2;;;1;4;1;;;1;998
9;7;1;50;50297;;3;2;No inventariada;;9;2;2;;;1;4;1;;;12;998
9;5;10;50;50297;;3;2;No inventariada;;9;20;2;;;1;1;1;;;1;998
9;2;7;50;50297;;3;2;No inventariada;;9;4;2;;;1;1;1;;;1;998
9;3;8;50;50297;;1;1;A-2;311,313;8;2;2;;;1;1;1;;;18;1
9;3;14;50;50297;;3;2;No inventariada;;9;2;1;1;;1;1;1;;;1;998
9;3;14;50;50297;;3;2;No inventariada;;9;10;1;1;;1;1;1;;;1;998
9;4;18;50;50297;;3;2;No inventariada;;9;3;2;;;1;1;1;;;1;998
9;5;5;50;50297;;3;2;No inventariada;;7;2;1;4;;1;6;1;;;1;998
9;5;7;50;50297;;3;2;No inventariada;;9;2;2;;;1;1;1;;;18;998
9;4;19;50;50297;;1;1;A-68;259,6;5;4;2;;;1;1;1;;;1;1
9;6;2;50;50297;;3;2;No inventariada;;9;12;2;;;3;4;2;;;1;998
9;6;19;50;50297;;1;1;N-2;327;3;10;2;;;3;1;4;;;1;3
9;6;18;50;50297;;3;2;No inventariada;;9;2;1;1;;3;2;3;;;1;998
9;6;0;50;50297;;1;1;A-2;318,3;3;10;2;;;3;6;2;;;5;2
9;6;21;50;50297;;3;2;No inventariada;;9;2;1;1;;3;4;2;;;1;998
9;6;11;50;50297;;3;2;No inventariada;;9;2;1;1;;3;1;4;;;1;998
9;7;12;50;50297;;3;2;No inventariada;;9;2;2;;;1;1;1;;;1;998
9;6;18;50;50297;;3;2;No inventariada;;9;4;1;1;;3;2;2;;;18;998
9;7;19;50;50297;;3;2;No inventariada;;9;7;2;;;1;1;1;;;1;998
9;6;1;50;50297;;3;2;No inventariada;;9;2;1;2;;3;4;3;;;1;998
9;1;7;50;50297;;3;2;No inventariada;;9;2;1;1;;1;1;1;;;1;998
9;1;15;50;50297;;1;1;A-2;332,2;3;4;2;;;1;1;1;;;1;1