MES;DIA_SEMANA;HORA;COD_PROVINCIA;COD_MUNICIPIO;ISLA;ZONA;ZONA_AGRUPADA;CARRETERA;KM;TIPO_VIA;TIPO_ACCIDENTE;NUDO;NUDO_INFO;CARRETERA_CRUCE;CONDICION_FIRME;CONDICION_ILUMINACION;CONDICION_METEO;CONDICION_NIEBLA;CONDICION_VIENTO;VISIB_RESTRINGIDA_POR;TRAZADO_PLANTA
9;2;8;50;50297;;3;2;No inventariada;;9;3;2;;;1;1;1;;;1;998
9;2;12;50;50297;;3;2;No inventariada;;9;7;2;;;1;1;1;;;1;998
9;2;18;50;50297;;3;2;No inventariada;;9;2;1;1;;1;1;1;;;1;998
9;2;17;50;50297;;3;2;No inventariada;;9;4;2;;;1;1;1;;;1;998
9;2;17;50;50297;;3;2;No inventariada;;9;2;2;;;1;1;1;;;1;998
9;2;22;50;50297;;3;2;No inventariada;;9;3;2;;;1;4;1;;;1;998
9;2;23;50;50297;;3;2;No inventariada;;9;12;2;;;1;4;1;;;1;998
9;3;7;50;50297;;3;2;No inventariada;;9;7;2;;;1;1;1;;;18;998
9;3;15;50;50297;;3;2;No inventariada;;9;7;2;;;1;1;1;;;1;998
9;4;5;50;50297;;1;1;Z-40;22;3;16;1;4;Z-30;1;4;1;;;1;1
9;3;12;50;50297;;3;2;No inventariada;;9;2;1;1;;1;1;1;;;1;998
9;3;8;50;50297;;3;2;No inventariada;;9;2;1;1;;1;1;1;;;1;998
9;3;17;50;50297;;3;2;No inventariada;;9;10;2;;;1;1;1;;;18;998
9;3;15;50;50297;;3;2;No inventariada;;9;2;1;1;;1;1;1;;;1;998
9;3;22;50;50297;;3;2;No inventariada;;9;2;2;;;1;4;1;;;1;998
9;4;21;50;50297;;3;2;No inventariada;;9;7;2;;;1;4;1;;;1;998
9;5;6;50;50297;;3;2;No inventariada;;9;2;1;1;;1;4;1;;;1;998
9;5;14;50;50297;;3;2;No inventariada;;9;4;1;2;;1;1;1;;;1;998
9;6;20;50;50297;;3;2;No inventariada;;9;2;1;2;;1;4;1;;;1;998
9;1;17;50;50297;;3;2;No inventariada;;9;4;1;2;;1;1;1;;;1;998
9;1;18;50;50297;;1;1;A-68;245,464;3;3;2;;;1;1;1;;;1;1
8;6;17;50;50297;;3;2;No inventariada;;9;3;1;1;;1;1;1;1;;1;998
9;3;12;50;50297;;3;2;No inventariada;;9;20;1;1;;1;1;1;1;;1;998
10;2;15;50;50297;;3;2;No inventariada;;9;3;1;4;;1;1;1;;;1;998
10;2;18;50;50297;;3;2;No inventariada;;9;7;2;;;1;1;7;;;1;998
10;2;22;50;50297;;1;1;A-2;319,947;3;4;2;;;1;4;7;;;1;1
10;3;5;50;50297;;3;2;No inventariada;;9;2;1;1;;1;5;1;;;1;998
10;2;18;50;50297;;3;2;No inventariada;;9;4;2;;;1;1;1;;;1;998
10;3;14;50;50297;;3;2;No inventariada;;9;12;1;4;;1;1;2;;;1;998
9;5;16;50;50297;;3;2;No inventariada;;9;10;2;;;8;1;1;;;1;998
10;4;15;50;50297;;1;1;Z-40;19,658;3;3;2;;;1;1;1;;1;1;1
9;1;15;50;50297;;3;2;No inventariada;;9;20;2;;;1;1;1;;;1;998
10;4;10;50;50297;;3;2;No inventariada;;9;2;1;2;;1;1;1;;1;18;998
10;5;9;50;50297;;3;2;No inventariada;;9;4;2;;;1;1;1;;;1;998
9;6;12;50;50297;;3;2;No inventariada;;9;7;2;;;1;1;1;;;9;998
10;5;16;50;50297;;3;2;No inventariada;;9;2;1;1;;1;1;1;;;1;998
10;5;20;50;50297;;3;2;No inventariada;;9;10;1;4;;1;4;1;;;1;998
10;3;22;50;50297;;3;2;No inventariada;;9;2;2;;;1;4;1;;;1;998
10;5;11;50;50297;;3;2;No inventariada;;9;2;1;2;;1;1;1;;;1;998
10;1;13;50;50297;;3;2;No inventariada;;9;7;1;2;;1;1;1;;;1;998
10;1;15;50;50297;;3;2;No inventariada;;9;4;2;;;1;1;2;;;1;998
10;1;22;50;50297;;3;2;No inventariada;;9;4;2;;;3;4;3;;;1;998
10;2;11;50;50297;;3;2;No inventariada;;9;7;2;;;1;1;1;;;1;998
10;2;12;50;50297;;3;2;No inventariada;;9;7;2;;;1;1;1;;;1;998
9;6;9;50;50297;;3;2;No inventariada;;9;2;2;;;1;1;1;;;1;998
10;2;17;50;50297;;3;2;No inventariada;;9;2;1;4;;1;1;1;;;1;998
10;2;20;50;50297;;1;1;A-2;327,519;3;4;2;;;1;6;1;;;1;1
10;2;22;50;50297;;3;2;No inventariada;;9;2;1;1;;1;4;1;;;1;998
8;3;2;50;50297;;3;2;No inventariada;;9;3;2;;;9;4;7;;;18;998
10;2;9;50;50297;;3;2;No inventariada;;9;1;1;1;;1;1;1;;;1;998
10;3;8;50;50297;;3;2;No inventariada;;9;7;2;;;1;1;1;;;18;998
10;3;11;50;50297;;3;2;No inventariada;;9;2;1;1;;1;1;1;;;1;998
10;5;13;50;50297;;3;2;No inventariada;;9;1;2;;;1;1;1;;;1;998
8;4;10;50;50297;;3;2;No inventariada;;9;10;2;;;1;1;1;;;18;998
10;5;17;50;50297;;1;1;N-232;247,5;5;2;1;2;;1;1;1;;;1;1
10;3;19;50;50297;;3;2;No inventariada;;9;2;1;1;;1;3;1;;;18;998
10;3;19;50;50297;;3;2;No inventariada;;9;4;1;1;;1;1;1;;;1;998
10;4;15;50;50297;;3;2;No inventariada;;9;7;2;;;1;1;1;;;1;998
10;4;18;50;50297;;3;2;No inventariada;;9;7;1;4;;1;1;1;;;1;998
10;5;10;50;50297;;3;2;No inventariada;;9;10;2;;;1;1;1;;;18;998
10;6;0;50;50297;;3;2;No inventariada;;9;10;2;;;1;4;1;;;1;998
10;5;19;50;50297;;3;2;No inventariada;;9;10;2;;;1;1;1;;;1;998
10;4;4;50;50297;;3;2;No inventariada;;9;10;2;;;1;4;1;;;18;998
10;7;10;50;50297;;3;2;No inventariada;;14;16;1;2;;1;1;2;;;1;998
10;7;18;50;50297;;3;2;No inventariada;;9;4;1;2;;1;1;1;;;1;998
10;6;22;50;50297;;3;2;No inventariada;;9;7;2;;;1;4;1;;;1;998
10;2;13;50;50297;;3;2;No inventariada;;9;2;1;2;;3;1;3;;;1;998
10;2;16;50;50297;;3;2;No inventariada;;9;1;2;;;1;1;1;;;1;998
10;2;18;50;50297;;3;2;No inventariada;;9;2;1;5;;3;2;2;;;1;998
10;3;9;50;50297;;3;2;No inventariada;;9;3;2;;;1;1;2;;;1;998
10;2;20;50;50297;;3;2;No inventariada;;9;3;1;4;;1;4;2;;;18;998
10;3;21;50;50297;;3;2;No inventariada;;9;3;1;2;;1;4;1;;;1;998
10;3;11;50;50297;;3;2;No inventariada;;9;2;1;1;;1;1;2;;;1;998
10;4;6;50;50297;;3;2;No inventariada;;9;4;2;;;3;5;2;;;18;998
10;4;7;50;50297;;3;2;No inventariada;;9;7;1;1;;3;3;4;;;5;998
10;4;8;50;50297;;3;2;No inventariada;;9;7;1;2;;1;1;3;;;1;998
10;4;17;50;50297;;3;2;No inventariada;;9;7;2;;;3;1;3;;;18;998
10;5;9;50;50297;;3;2;No inventariada;;9;2;1;1;;1;1;1;;;1;998
10;5;20;50;50297;;1;1;A-23;295,5;3;5;1;12;A-23;1;6;1;;;1;1
10;5;19;50;50297;;3;2;No inventariada;;9;7;2;;;1;4;1;;;18;998
10;3;15;50;50297;;1;1;A-2;319;3;5;2;;;1;1;1;;;1;1
10;6;1;50;50297;;3;2;No inventariada;;9;16;2;;;1;4;2;;;1;998
10;5;11;50;50297;;3;2;No inventariada;;9;1;1;5;;1;1;1;;;1;998
10;6;12;50;50297;;3;2;No inventariada;;7;7;1;4;;1;1;1;;;1;998
10;1;8;50;50297;;3;2;No inventariada;;9;10;1;2;;1;1;1;;;1;998
10;1;13;50;50297;;1;1;N-232;248,2;5;4;2;;;1;1;1;;;1;1
10;1;14;50;50297;;3;2;No inventariada;;9;2;1;1;;1;1;1;;;1;998
10;1;15;50;50297;;3;2;No inventariada;;9;4;2;;;1;1;1;;;1;998
10;2;8;50;50297;;3;2;No inventariada;;9;7;1;1;;1;1;2;;;1;998
9;7;12;50;50297;;3;2;No inventariada;;9;20;2;;;1;1;1;;;1;998
10;2;17;50;50297;;3;2;No inventariada;;9;4;1;1;;3;1;2;;;1;998
10;2;18;50;50297;;3;2;No inventariada;;9;2;1;2;;3;1;2;;;1;998
10;3;9;50;50297;;3;2;No inventariada;;9;2;2;;;1;1;1;;;9;998
10;3;7;50;50297;;3;2;No inventariada;;9;20;2;;;1;3;2;;;1;998
10;2;13;50;50297;;3;2;No inventariada;;9;2;1;2;;1;1;2;;;18;998
10;4;11;50;50297;;3;2;No inventariada;;9;4;2;;;1;1;1;;;1;998
10;5;7;50;50297;;1;1;Z-40;21,148;3;4;1;10;Z-40;1;4;1;;;1;1
10;4;20;50;50297;;3;2;No inventariada;;9;4;1;1;;1;4;1;;;1;998
10;6;9;50;50297;;3;2;No inventariada;;9;10;2;;;1;1;1;;;1;998
10;5;15;50;50297;;3;2;No inventariada;;9;7;2;;;3;1;2;;;1;998
10;6;16;50;50297;;3;2;No inventariada;;9;20;2;;;1;1;1;;;1;998
10;6;22;50;50297;;3;2;No inventariada;;9;2;1;2;;1;4;1;;;9;998
10;6;12;50;50297;;3;2;No inventariada;;9;4;1;2;;1;1;1;;;1;998
10;6;20;50;50297;;3;2;No inventariada;;9;4;2;;;1;1;1;;;1;998
10;6;19;50;50297;;3;2;No inventariada;;9;2;1;2;;1;4;2;;;1;998
10;7;18;50;50297;;3;2;No inventariada;;9;2;1;1;;1;4;2;;;1;998
10;6;23;50;50297;;3;2;No inventariada;;9;2;1;2;;3;4;3;;;1;998
10;1;12;50;50297;;3;2;No inventariada;;9;16;1;6;;1;1;2;;;1;998
10;5;16;50;50297;;3;2;No inventariada;;9;4;2;;;3;1;3;;;1;998
10;1;18;50;50297;;3;2;No inventariada;;9;2;1;2;;1;3;1;;;1;998
10;2;8;50;50297;;3;2;No inventariada;;9;4;2;;;1;1;1;;;1;998
10;2;7;50;50297;;3;2;No inventariada;;9;7;2;;;1;1;2;;;1;998
10;2;9;50;50297;;3;2;No inventariada;;9;7;1;2;;1;1;2;;;1;998
10;1;20;50;50297;;3;2;No inventariada;;9;7;1;2;;1;4;1;;;1;998
10;2;22;50;50297;;3;2;No inventariada;;14;7;2;;;1;4;2;;;1;998
10;1;12;50;50297;;3;2;No inventariada;;9;2;1;2;;1;1;1;;;1;998
10;4;14;50;50297;;1;1;N-330;506;5;19;2;;;3;1;4;;;5;1
10;3;19;50;50297;;3;2;No inventariada;;9;7;1;1;;9;2;2;;;18;998
10;4;17;50;50297;;1;1;A-2;321,87;8;4;2;;;3;1;2;;;18;1
10;4;15;50;50297;;3;2;No inventariada;;9;10;2;;;3;1;2;;;1;998
10;4;15;50;50297;;3;2;No inventariada;;9;1;1;1;;3;1;2;1;;1;998
11;5;7;50;50297;;3;2;No inventariada;;9;2;1;1;;1;3;1;;;1;998
11;5;17;50;50297;;3;2;No inventariada;;9;7;2;;;1;1;1;;;2;998
11;5;12;50;50297;;3;2;No inventariada;;9;4;2;;;1;1;1;;;1;998
11;6;13;50;50297;;3;2;No inventariada;;9;2;1;1;;1;1;2;;;1;998
11;6;15;50;50297;;3;2;No inventariada;;9;7;2;;;3;1;2;;;1;998
11;7;12;50;50297;;1;1;N-330;485,5;5;6;2;;;1;1;1;;;1;1
11;1;8;50;50297;;3;2;No inventariada;;9;4;2;;;1;1;3;;;1;998
11;1;13;50;50297;;3;2;No inventariada;;9;4;1;5;;1;1;2;;;1;998
11;1;16;50;50297;;1;1;N-2;327;3;4;1;4;N-2;1;1;1;;;1;4
11;1;11;50;50297;;3;2;No inventariada;;9;4;2;;;3;1;2;;;1;998
11;2;7;50;50297;;3;2;No inventariada;;9;7;2;;;1;1;1;;;1;998
10;1;6;50;50297;;3;2;No inventariada;;9;2;1;1;;1;3;4;;;18;998
11;2;18;50;50297;;3;2;No inventariada;;9;10;2;;;1;4;1;;;1;998
11;3;13;50;50297;;3;2;No inventariada;;9;6;2;;;1;1;1;;;1;998
11;3;15;50;50297;;3;2;No inventariada;;9;7;2;;;1;1;1;;;1;998
11;3;13;50;50297;;3;2;No inventariada;;14;7;2;;;1;1;1;;;9;998
11;4;7;50;50297;;3;2;No inventariada;;9;2;2;;;1;1;1;;;1;998
11;5;8;50;50297;;3;2;No inventariada;;9;2;1;2;;1;1;1;;;1;998
11;5;8;50;50297;;3;2;No inventariada;;9;2;1;1;;1;1;1;;;12;998
11;5;12;50;50297;;3;2;No inventariada;;9;7;2;;;1;1;1;;;1;998
11;5;15;50;50297;;3;2;No inventariada;;9;1;2;;;1;1;1;;;18;998
11;5;16;50;50297;;3;2;No inventariada;;9;7;2;;;1;1;1;;;1;998
11;5;19;50;50297;;3;2;No inventariada;;9;2;1;1;;1;4;1;;;1;998
11;6;23;50;50297;;3;2;No inventariada;;9;1;1;1;;1;4;1;;;1;998
11;1;6;50;50297;;3;2;No inventariada;;9;4;1;2;;1;1;1;;;1;998
11;1;20;50;50297;;3;2;No inventariada;;9;3;2;;;1;4;1;;;18;998
11;2;14;50;50297;;3;2;No inventariada;;9;2;1;2;;1;1;1;;;1;998
11;2;15;50;50297;;3;2;No inventariada;;9;10;2;;;1;1;1;;;1;998
11;2;15;50;50297;;1;1;A-68;231;3;20;2;;;1;1;1;;;1;1
11;2;13;50;50297;;1;1;A-120;2,7;5;5;2;;;1;1;1;;;1;1
11;1;20;50;50297;;3;2;No inventariada;;9;7;2;;;1;4;1;;;1;998
11;3;18;50;50297;;3;2;No inventariada;;9;7;2;;;3;3;3;;;1;998
11;3;13;50;50297;;3;2;No inventariada;;9;3;1;1;;3;1;2;;;1;998
11;4;18;50;50297;;3;2;No inventariada;;9;2;2;;;1;4;1;;;1;998
11;4;19;50;50297;;3;2;No inventariada;;9;15;2;;;1;4;2;;;18;998
11;5;9;50;50297;;3;2;No inventariada;;9;4;2;;;1;1;1;;;1;998
11;5;13;50;50297;;3;2;No inventariada;;9;2;2;;;1;1;1;;;1;998
11;6;16;50;50297;;3;2;No inventariada;;9;6;2;;;1;1;1;;;1;998
11;6;14;50;50297;;3;2;No inventariada;;9;2;1;2;;1;1;1;;;1;998
11;6;12;50;50297;;3;2;No inventariada;;9;2;2;;;1;1;1;;;1;998
11;7;16;50;50297;;3;2;No inventariada;;9;7;2;;;1;1;1;;;6;998
11;7;22;50;50297;;1;1;A-2;312,45;3;4;2;;;1;5;1;;;1;2
11;7;23;50;50297;;3;2;No inventariada;;9;4;2;;;1;4;1;;;1;998
11;1;7;50;50297;;3;2;No inventariada;;9;7;1;5;;1;2;1;;;1;998
11;7;11;50;50297;;3;2;No inventariada;;9;10;2;;;1;1;1;;;1;998
11;1;12;50;50297;;3;2;No inventariada;;9;10;1;4;;1;1;1;;;1;998
11;1;14;50;50297;;3;2;No inventariada;;9;20;1;2;;1;1;1;;;1;998
11;2;21;50;50297;;3;2;No inventariada;;9;10;1;4;;1;4;1;;;18;998
11;2;9;50;50297;;3;2;No inventariada;;9;2;1;1;;1;1;2;;;1;998
10;4;16;50;50297;;3;2;No inventariada;;9;2;1;1;;3;1;3;1;;1;998
10;1;8;50;50297;;3;2;No inventariada;;9;10;2;;;1;1;1;;;1;998
11;7;18;50;50297;;3;2;No inventariada;;9;10;2;;;1;4;1;;;1;998
11;3;17;50;50297;;3;2;No inventariada;;9;7;2;;;1;4;1;;;18;998
11;3;19;50;50297;;3;2;No inventariada;;9;3;1;1;;1;4;1;;;1;998
11;3;17;50;50297;;3;2;No inventariada;;9;4;1;4;;1;3;1;;;18;998
11;3;21;50;50297;;3;2;No inventariada;;9;2;2;;;1;4;1;;;18;998
11;3;23;50;50297;;3;2;No inventariada;;9;3;1;1;;1;4;1;;;1;998
11;4;14;50;50297;;3;2;No inventariada;;9;2;1;1;;1;1;1;;1;9;998
11;5;8;50;50297;;3;2;No inventariada;;9;2;1;1;;1;1;1;1;;1;998
11;5;15;50;50297;;1;1;A-2;319,091;3;5;2;;;1;1;1;;;18;1
11;5;14;50;50297;;3;2;No inventariada;;9;7;1;2;;1;1;1;;;1;998
11;5;15;50;50297;;1;1;Z-40;22,2;3;5;2;;;1;1;1;;;1;1
11;5;15;50;50297;;3;2;No inventariada;;9;4;1;4;;1;1;1;;;1;998
11;1;18;50;50297;;3;2;No inventariada;;9;20;2;;;1;3;1;;;1;998
11;5;19;50;50297;;3;2;No inventariada;;9;3;1;1;;1;4;1;;;1;998
11;6;6;50;50297;;3;2;No inventariada;;9;7;2;;;1;3;1;;;1;998
11;6;20;50;50297;;3;2;No inventariada;;9;10;2;;;1;4;1;;;1;998
11;7;1;50;50297;;3;2;No inventariada;;9;4;2;;;1;4;1;;;1;998
11;2;7;50;50297;;3;2;No inventariada;;9;7;1;1;;1;1;1;1;;1;998
11;6;18;50;50297;;3;2;No inventariada;;9;7;2;;;1;4;1;;;10;998
11;1;6;50;50297;;3;2;No inventariada;;9;5;2;;;1;4;1;;;1;998
11;1;9;50;50297;;3;2;No inventariada;;9;3;1;1;;1;1;1;1;;1;998
11;1;14;50;50297;;3;2;No inventariada;;9;3;2;;;1;1;1;;;1;998
11;1;17;50;50297;;1;1;A-2;319,682;3;3;2;;;1;1;1;;;1;1
11;1;5;50;50008;;1;1;A-68;264,35;5;5;2;;;1;2;1;;;17;1
11;2;8;50;50297;;1;1;A-68;227;3;4;2;;;1;1;1;;;1;1
11;2;7;50;50297;;3;2;No inventariada;;9;2;1;1;;1;3;1;1;;1;998
11;2;8;50;50297;;3;2;No inventariada;;9;10;1;1;;1;1;1;1;;1;998
11;2;14;50;50297;;3;2;No inventariada;;9;4;1;4;;1;1;1;;;1;998
11;2;15;50;50297;;3;2;No inventariada;;9;2;1;2;;1;1;1;;;1;998
11;3;7;50;50297;;1;1;A-2;331,717;3;4;2;;;1;6;1;;;1;1
11;2;11;50;50297;;3;2;No inventariada;;9;10;1;4;;1;1;1;;;1;998
11;3;13;50;50297;;3;2;No inventariada;;9;7;2;;;1;1;1;;;1;998
11;3;17;50;50297;;3;2;No inventariada;;9;2;1;1;;1;1;1;;;1;998
11;3;21;50;50297;;3;2;No inventariada;;9;7;2;;;1;4;1;;;1;998
11;4;10;50;50297;;3;2;No inventariada;;9;7;1;1;;1;1;1;;;1;998
11;4;12;50;50297;;1;1;A-2;324,862;3;14;2;;;1;1;1;1;;1;3
11;4;14;50;50297;;1;1;A-2;322,437;3;5;2;;;1;1;2;1;;1;1
11;5;8;50;50297;;3;2;No inventariada;;9;7;1;1;;1;1;2;1;;1;998
11;5;8;50;50297;;3;2;No inventariada;;9;2;1;2;;1;1;1;;;1;998
11;5;11;50;50297;;3;2;No inventariada;;9;4;1;1;;1;1;1;1;;1;998
11;5;15;50;50297;;3;2;No inventariada;;9;3;1;5;;1;1;1;;;1;998
11;6;19;50;50297;;1;1;Z-40;24,5;3;4;2;;;1;6;2;2;;5;1
12;7;6;50;50297;;3;2;No inventariada;;9;10;2;;;3;4;2;2;1;5;998
11;6;18;50;50297;;3;2;No inventariada;;14;7;2;;;1;3;1;;;1;998
11;1;14;50;50297;;3;2;No inventariada;;9;10;2;;;1;1;1;;;1;998
11;4;9;50;50297;;3;2;No inventariada;;9;7;2;;;1;1;1;;;1;998
12;1;5;50;50297;;3;2;No inventariada;;9;2;2;;;1;4;2;1;;1;998
12;2;8;50;50297;;3;2;No inventariada;;9;20;1;1;;3;1;2;;;1;998
12;2;12;50;50297;;3;2;No inventariada;;9;7;1;2;;1;1;1;;;1;998
10;1;8;50;50297;;3;2;No inventariada;;9;7;2;;;1;1;1;;;1;998
12;2;18;50;50297;;1;1;A-2;314;3;4;2;;;1;4;1;;;1;1
12;2;18;50;50297;;3;2;No inventariada;;9;2;2;;;3;4;3;;;1;998
12;3;8;50;50297;;3;2;No inventariada;;9;4;2;;;1;1;1;;;1;998
12;3;7;50;50297;;3;2;No inventariada;;9;20;1;2;;1;4;7;;;18;998
12;2;20;50;50297;;3;2;No inventariada;;9;2;1;2;;3;4;3;;;1;998
12;3;21;50;50297;;1;1;A-120;3,2;5;2;1;4;A-120;1;4;1;;;1;2
12;3;22;50;50297;;3;2;No inventariada;;9;2;1;1;;1;4;1;;;1;998
12;1;22;50;50297;;3;2;No inventariada;;9;10;2;;;3;4;3;;;1;998
12;3;19;50;50297;;3;2;No inventariada;;9;2;2;;;1;4;1;;;1;998
12;4;14;50;50297;;3;2;No inventariada;;9;2;1;4;;1;1;1;;;1;998
12;2;8;50;50297;;3;2;No inventariada;;9;7;2;;;9;1;7;;;18;998
12;1;16;50;50297;;3;2;No inventariada;;9;10;1;2;;1;1;1;;;1;998
12;5;13;50;50297;;3;2;No inventariada;;9;16;2;;;1;1;1;;;1;998
11;2;19;50;50297;;3;2;No inventariada;;9;10;2;;;1;4;1;;;1;998
12;5;19;50;50297;;3;2;No inventariada;;9;4;2;;;1;4;1;;;1;998
12;7;17;50;50297;;3;2;No inventariada;;9;7;2;;;1;1;1;;;1;998
12;7;20;50;50297;;3;2;No inventariada;;9;2;1;1;;1;4;1;;;1;998
12;2;19;50;50297;;1;1;A-2;313,5;3;5;2;;;3;6;3;;;1;1
12;3;20;50;50297;;3;2;No inventariada;;9;2;1;1;;1;4;1;;;1;998
12;1;11;50;50297;;3;2;No inventariada;;9;4;2;;;1;1;1;;;1;998
12;1;13;50;50297;;1;1;A-2;322,75;3;16;2;;;1;1;1;;1;1;1
12;2;8;50;50297;;3;2;No inventariada;;9;16;2;;;1;2;1;;;6;998
12;2;19;50;50297;;1;1;A-2;314;3;5;2;;;3;6;3;;;1;1
12;2;13;50;50297;;3;2;No inventariada;;9;7;2;;;1;1;1;;;6;998
12;2;13;50;50297;;3;2;No inventariada;;9;7;2;;;1;1;1;;;1;998
12;3;18;50;50297;;1;1;A-68;246,64;3;4;2;;;1;5;1;;;1;1
12;3;11;50;50297;;3;2;No inventariada;;9;2;1;1;;1;1;2;;;1;998
12;3;20;50;50297;;3;2;No inventariada;;9;19;1;2;;1;3;1;;;1;998
12;4;18;50;50297;;3;2;No inventariada;;9;10;2;;;3;4;2;;;18;998
12;5;7;50;50297;;3;2;No inventariada;;9;2;1;1;;1;3;1;;;1;998
12;5;10;50;50297;;3;2;No inventariada;;9;4;2;;;1;1;1;;;1;998
12;5;20;50;50297;;3;2;No inventariada;;9;20;1;2;;3;4;3;;;1;998
12;6;14;50;50297;;3;2;No inventariada;;9;3;2;;;1;1;1;;;1;998
12;6;21;50;50297;;3;2;No inventariada;;9;7;1;1;;1;4;1;;;1;998
12;7;10;50;50297;;3;2;No inventariada;;9;7;2;;;1;1;1;;;18;998
12;7;12;50;50297;;3;2;No inventariada;;9;2;2;;;1;1;1;;;1;998
12;7;17;50;50297;;3;2;No inventariada;;9;3;2;;;1;1;1;;;1;998
12;7;17;50;50297;;1;1;A-68;246,9;3;3;2;;;1;1;1;;;1;1
12;1;8;50;50297;;3;2;No inventariada;;9;7;1;1;;1;1;1;;;1;998
12;1;14;50;50297;;1;1;A-2;311,265;3;5;2;;;1;1;1;;;1;1
12;2;3;50;50297;;3;2;No inventariada;;9;15;2;;;3;4;1;;;1;998
12;2;8;50;50297;;1;1;A-2;319,094;3;4;2;;;1;1;1;;;1;1
12;7;11;50;50297;;3;2;No inventariada;;9;10;2;;;1;1;1;;;18;998
12;2;14;50;50297;;3;2;No inventariada;;9;7;2;;;1;1;1;;;18;998
12;2;14;50;50297;;3;2;No inventariada;;9;2;1;1;;1;1;1;1;;1;998
12;3;6;50;50297;;3;2;No inventariada;;9;2;1;1;;1;3;1;;;1;998
12;3;14;50;50297;;3;2;No inventariada;;9;4;1;2;;1;1;1;;;1;998
12;3;13;50;50297;;3;2;No inventariada;;9;10;1;1;;1;1;1;;;1;998
12;7;5;50;50297;;3;2;No inventariada;;9;10;1;1;;1;3;1;;;1;998
12;3;13;50;50297;;3;2;No inventariada;;9;7;2;;;1;1;1;;;1;998
12;4;15;50;50297;;1;1;A-2;312,958;3;5;2;;;3;1;4;;;18;1
12;4;14;50;50297;;1;1;A-2;313,4;3;5;2;;;3;1;3;;;1;1
12;4;19;50;50297;;1;1;Z-40;33,9;3;4;2;;;1;6;1;;;1;1
12;4;18;50;50297;;3;2;No inventariada;;9;10;2;;;1;4;1;;;18;998
12;5;7;50;50297;;3;2;No inventariada;;9;7;1;4;;1;4;1;;;18;998
12;5;10;50;50297;;3;2;No inventariada;;9;7;1;2;;1;1;1;;;1;998
12;7;10;50;50297;;3;2;No inventariada;;9;2;1;1;;1;1;1;;;1;998
12;5;12;50;50297;;3;2;No inventariada;;9;7;2;;;1;1;1;;;1;998
12;4;21;50;50297;;3;2;No inventariada;;9;7;2;;;1;5;1;;;1;998
12;6;21;50;50297;;3;2;No inventariada;;9;10;2;;;1;4;1;;;1;998
12;6;11;50;50297;;3;2;No inventariada;;9;7;1;1;;1;1;1;;;16;998
12;7;14;50;50297;;3;2;No inventariada;;9;4;2;;;1;1;1;;;1;998
12;7;23;50;50297;;3;2;No inventariada;;9;2;1;1;;1;4;1;;;1;998
12;7;4;50;50297;;3;2;No inventariada;;9;10;2;;;1;4;1;;;1;998
12;2;14;50;50297;;3;2;No inventariada;;9;7;2;;;1;1;1;;;1;998
12;1;18;50;50297;;1;1;Z-40;22,29;3;5;2;;;1;6;1;;;1;1
12;7;5;50;50297;;3;2;No inventariada;;9;10;2;;;8;5;1;;;18;998
12;1;12;50;50297;;3;2;No inventariada;;9;20;2;;;1;1;1;;;1;998
12;2;13;50;50297;;3;2;No inventariada;;9;3;2;;;1;1;1;;;1;998
12;1;16;50;50297;;3;2;No inventariada;;9;2;1;4;;1;1;1;;;1;998
12;3;0;50;50297;;3;2;No inventariada;;9;4;2;;;1;5;1;;;1;998
12;5;12;50;50297;;3;2;No inventariada;;9;2;2;;;1;1;1;;;1;998
12;4;13;50;50297;;3;2;No inventariada;;9;3;1;4;;1;1;1;;;1;998
12;5;10;50;50297;;3;2;No inventariada;;9;7;1;2;;1;1;1;;;1;998
12;5;10;50;50297;;3;2;No inventariada;;9;7;2;;;1;1;1;;;1;998
12;6;19;50;50297;;3;2;No inventariada;;9;20;1;2;;1;4;1;;;1;998
12;6;21;50;50297;;3;2;No inventariada;;9;4;1;4;;1;4;2;;;1;998