MES;DIA_SEMANA;HORA;COD_PROVINCIA;COD_MUNICIPIO;ISLA;ZONA;ZONA_AGRUPADA;CARRETERA;KM;TIPO_VIA;TIPO_ACCIDENTE;NUDO;NUDO_INFO;CARRETERA_CRUCE;CONDICION_FIRME;CONDICION_ILUMINACION;CONDICION_METEO;CONDICION_NIEBLA;CONDICION_VIENTO;VISIB_RESTRINGIDA_POR;TRAZADO_PLANTA
12;6;13;50;50297;;3;2;No inventariada;;9;3;1;2;;1;1;2;;;1;998
1;5;17;50;50298;;1;1;A-23;307,259;3;12;2;;;3;1;4;;;18;1
2;6;8;50;50298;;1;1;No inventariada;1,6;10;19;2;;;3;2;2;2;;18;1
2;1;17;50;50298;;3;2;No inventariada;;9;2;2;;;1;1;1;;;1;998
2;5;9;50;50298;;1;1;A-23;309,7;3;12;2;;;3;1;3;;;5;1
5;4;16;50;50298;;1;1;N-330;522,1;6;10;2;;;1;1;1;;;1;1
6;7;10;50;50298;;1;1;N-330;529;6;8;2;;;1;1;1;;;18;1
7;6;21;50;50298;;1;1;A-23;324;3;18;2;;;1;6;1;;;1;1
7;3;14;50;0;;1;1;N-330;517,201;6;12;2;;;1;1;7;;;18;1
8;7;10;50;50298;;1;1;CZU;0;10;10;2;;;4;1;1;;;1;1
8;4;9;50;50298;;1;1;A-23;310,752;3;12;2;;;3;1;4;;;5;1
9;7;11;50;50298;;1;1;N-330;520,705;6;10;2;;;1;1;1;;;1;1
9;2;10;50;50298;;1;1;N-330;521;6;4;1;4;N-330;1;1;1;;;1;1
9;6;13;50;50298;;1;1;A-1102;18,65;6;16;2;;;1;1;1;;;1;2
6;5;17;50;50298;;3;2;No inventariada;;9;2;2;;;1;1;1;;;1;998
8;3;10;50;50298;;3;2;No inventariada;;9;7;2;;;1;1;1;;;2;998
9;2;10;50;50298;;3;2;No inventariada;;9;2;2;;;1;1;1;;;1;998
11;6;13;50;50298;;1;1;A-124;4,45;6;18;2;;;3;1;1;1;;1;1
12;6;11;50;50298;;1;1;N-330;528,26;6;10;2;;;1;1;1;;1;1;1
11;3;17;50;50298;;3;2;No inventariada;;9;7;2;;;1;2;1;;;1;998
12;7;0;50;50298;;1;1;A-23;309,861;3;4;2;;;1;6;7;;;18;1
12;1;16;50;50298;;1;1;A-23;309,136;3;15;2;;;1;1;1;;1;1;1
6;7;19;50;0;;1;1;A-1103;25,679;6;19;2;;;1;1;1;;;12;2
3;2;17;50;0;;1;1;CV-613;3,2;6;19;2;;;1;1;1;;;1;2
4;4;8;50;50297;;1;1;A-129;1,145;6;3;2;;;1;1;1;;;1;1
5;4;20;50;0;;1;1;A-129;10,3;6;16;2;;;1;1;1;;;1;3
6;6;12;50;0;;1;1;A-129;1,925;6;12;2;;;1;1;1;;;1;1
10;1;23;50;0;;1;1;A-129;2,9;6;2;1;2;;1;6;1;;;1;1
11;7;0;50;0;;1;1;A-129;3,9;6;3;2;;;1;5;1;;;1;1
1;1;20;51;51001;;3;2;No inventariada;;7;4;2;;;8;4;1;;;1;998
1;2;20;51;51001;;3;2;No inventariada;;9;2;2;;;1;4;1;;;18;998
1;1;17;51;51001;;3;2;No inventariada;;9;2;1;4;;1;1;1;;;18;998
1;4;10;51;51001;;3;2;No inventariada;;9;2;1;4;;1;1;1;;;6;998
1;3;19;51;51001;;1;1;N-352;1,4;6;2;1;2;;1;4;1;;;18;2
1;2;13;51;51001;;3;2;No inventariada;;9;7;2;;;1;1;1;;;16;998
1;1;7;51;51001;;3;2;No inventariada;;9;2;1;1;;1;4;1;;;2;998
1;1;18;51;51001;;3;2;No inventariada;;9;7;2;;;9;1;1;;;18;998
1;4;19;51;51001;;3;2;No inventariada;;9;7;2;;;1;4;1;;;1;998
1;1;16;51;51001;;3;2;No inventariada;;9;10;1;5;;1;1;1;;;3;998
1;5;19;51;51001;;3;2;No inventariada;;9;3;1;4;;1;4;1;;;1;998
1;6;14;51;51001;;3;2;No inventariada;;9;2;1;4;;1;1;1;;;1;998
1;1;12;51;51001;;3;2;No inventariada;;9;10;1;2;;1;1;1;;;1;998
1;4;13;51;51001;;3;2;No inventariada;;9;2;1;1;;1;1;1;;;1;998
1;2;18;51;51001;;3;2;No inventariada;;9;2;2;;;1;1;1;;;1;998
1;2;18;51;51001;;3;2;No inventariada;;9;3;1;4;;1;1;1;;;18;998
1;2;20;51;51001;;3;2;No inventariada;;9;2;1;2;;1;4;1;;;1;998
1;4;18;51;51001;;3;2;No inventariada;;7;4;2;;;1;1;1;;;1;998
1;6;20;51;51001;;3;2;No inventariada;;9;7;2;;;1;4;1;;;1;998
1;6;10;51;51001;;3;2;No inventariada;;9;2;1;2;;1;1;1;;;1;998
2;4;8;51;51001;;3;2;No inventariada;;9;2;1;4;;1;3;1;;;1;998
1;4;12;51;51001;;3;2;No inventariada;;9;4;2;;;1;1;1;;;1;998
1;7;2;51;51001;;3;2;No inventariada;;9;1;2;;;1;4;1;;;1;998
1;3;1;51;51001;;3;2;No inventariada;;9;7;2;;;1;4;1;;;9;998
2;3;15;51;51001;;3;2;No inventariada;;9;7;2;;;1;1;1;;;1;998
1;2;14;51;51001;;3;2;No inventariada;;9;2;2;;;1;1;1;;;1;998
2;5;20;51;51001;;3;2;No inventariada;;9;7;1;2;;1;4;1;;;1;998
2;1;9;51;51001;;3;2;No inventariada;;9;3;2;;;1;1;1;;;1;998
1;1;18;51;51001;;3;2;No inventariada;;9;2;1;4;;1;1;1;;;1;998
1;3;22;51;51001;;3;2;No inventariada;;9;2;1;2;;1;4;1;;;1;998
2;3;12;51;51001;;3;2;No inventariada;;9;2;1;4;;1;1;1;;;1;998
2;5;16;51;51001;;3;2;No inventariada;;9;4;1;4;;1;1;1;;;1;998
2;2;11;51;51001;;3;2;No inventariada;;9;2;1;2;;1;1;1;;;1;998
2;4;16;51;51001;;3;2;No inventariada;;9;3;2;;;1;1;1;;;1;998
2;1;14;51;51001;;1;1;N-352;2,2;6;2;1;2;;1;1;1;;;1;1
2;2;22;51;51001;;3;2;No inventariada;;9;2;1;2;;1;4;1;;;9;998
2;3;13;51;51001;;3;2;No inventariada;;9;2;1;2;;1;1;1;;;1;998
2;3;12;51;51001;;3;2;No inventariada;;9;4;2;;;1;1;1;;;4;998
2;7;3;51;51001;;3;2;No inventariada;;7;7;2;;;1;4;1;;;1;998
2;1;18;51;51001;;3;2;No inventariada;;9;4;2;;;1;2;1;;;1;998
1;6;22;51;51001;;3;2;No inventariada;;9;2;1;2;;1;4;1;;;1;998
1;5;8;51;51001;;3;2;No inventariada;;9;1;2;;;1;1;1;;;4;998
2;3;13;51;51001;;3;2;No inventariada;;11;3;2;;;1;1;1;;;1;998
1;5;18;51;51001;;3;2;No inventariada;;9;7;2;;;1;1;1;;;9;998
2;2;22;51;51001;;3;2;No inventariada;;9;2;1;4;;1;4;1;;;1;998
3;1;16;51;51001;;3;2;No inventariada;;9;2;1;2;;1;1;1;;;1;998
3;3;13;51;51001;;3;2;No inventariada;;9;4;2;;;1;1;1;;;2;998
3;5;20;51;51001;;3;2;No inventariada;;9;7;1;2;;1;4;1;;;1;998
3;7;18;51;51001;;3;2;No inventariada;;9;7;2;;;1;1;1;;;1;998
3;4;19;51;51001;;3;2;No inventariada;;9;2;1;4;;1;1;1;;;9;998
2;2;13;51;51001;;3;2;No inventariada;;9;4;1;2;;1;1;1;;;1;998
3;4;17;51;51001;;3;2;No inventariada;;9;7;2;;;3;1;4;;;5;998
3;4;18;51;51001;;3;2;No inventariada;;7;2;2;;;1;1;1;;;18;998
3;1;19;51;51001;;1;1;N-352;0,5;6;5;2;;;3;1;2;;;18;1
3;7;21;51;51001;;3;2;No inventariada;;9;1;2;;;3;4;2;;;1;998
1;2;2;51;51001;;3;2;No inventariada;;9;4;2;;;1;4;1;;;1;998
1;4;17;51;51001;;3;2;No inventariada;;7;10;2;;;1;1;1;;;1;998
1;3;18;51;51001;;3;2;No inventariada;;9;7;2;;;1;4;1;;;1;998
2;3;14;51;51001;;3;2;No inventariada;;9;20;1;2;;1;1;1;;;1;998
4;3;14;51;51001;;3;2;No inventariada;;9;1;2;;;1;1;1;;;1;998
4;1;13;51;51001;;3;2;No inventariada;;9;10;2;;;3;1;1;;;1;998
3;7;16;51;51001;;3;2;No inventariada;;9;4;1;4;;3;1;3;;;1;998
4;3;16;51;51001;;3;2;No inventariada;;9;4;1;4;;1;1;1;;;1;998
4;3;15;51;51001;;3;2;No inventariada;;9;3;1;2;;1;1;1;;;1;998
3;3;19;51;51001;;3;2;No inventariada;;9;3;2;;;1;2;1;;;1;998
2;4;10;51;51001;;3;2;No inventariada;;9;2;2;;;1;1;1;;;1;998
4;2;18;51;51001;;3;2;No inventariada;;9;4;2;;;1;1;1;;;1;998
3;6;19;51;51001;;3;2;No inventariada;;9;10;1;4;;7;3;1;;;1;998
4;1;8;51;51001;;3;2;No inventariada;;9;2;1;4;;3;1;1;;;1;998
3;2;16;51;51001;;3;2;No inventariada;;9;3;1;4;;1;1;1;;;1;998
4;3;14;51;51001;;3;2;No inventariada;;9;2;1;2;;1;1;1;;;1;998
2;4;17;51;51001;;3;2;No inventariada;;9;7;2;;;1;1;1;;;1;998
3;3;11;51;51001;;3;2;No inventariada;;9;4;2;;;1;1;1;;;1;998
4;1;9;51;51001;;1;1;N-352;1,5;5;5;2;;;1;1;1;;;1;2
4;1;13;51;51001;;3;2;No inventariada;;9;4;2;;;1;1;1;;;1;998
4;1;17;51;51001;;3;2;No inventariada;;9;2;1;2;;1;1;1;;;1;998
3;6;2;51;51001;;3;2;No inventariada;;9;2;1;2;;1;4;1;;;1;998
4;7;13;51;51001;;1;1;N-352;0,3;5;4;2;;;1;1;1;;;1;1
4;2;0;51;51001;;3;2;No inventariada;;9;2;2;;;1;4;1;;;1;998
4;3;17;51;51001;;3;2;No inventariada;;9;4;1;4;;1;1;1;;;1;998
4;5;14;51;51001;;3;2;No inventariada;;9;4;2;;;1;1;1;;;1;998
4;1;14;51;51001;;1;1;N-352;1,5;6;4;2;;;1;1;1;;;18;1
5;3;8;51;51001;;3;2;No inventariada;;9;12;2;;;1;1;4;;;18;998
4;4;10;51;51001;;3;2;No inventariada;;9;7;2;;;1;1;1;;;1;998
4;2;1;51;51001;;3;2;No inventariada;;9;4;1;2;;1;4;1;;;1;998
4;5;10;51;51001;;3;2;No inventariada;;9;2;1;2;;1;1;1;;;1;998
3;6;18;51;51001;;3;2;No inventariada;;9;4;2;;;3;1;2;;;1;998
3;4;16;51;51001;;3;2;No inventariada;;9;2;2;;;1;1;1;;;1;998
4;1;20;51;51001;;3;2;No inventariada;;9;3;1;4;;1;3;1;;;1;998
3;2;18;51;51001;;3;2;No inventariada;;9;2;1;2;;1;1;1;;;18;998
4;2;8;51;51001;;3;2;No inventariada;;9;10;2;;;1;1;1;;;1;998
4;5;2;51;51001;;3;2;No inventariada;;9;2;1;1;;1;4;1;;;1;998
4;4;9;51;51001;;3;2;No inventariada;;9;2;1;2;;1;1;1;;;1;998
5;5;15;51;51001;;3;2;No inventariada;;9;10;1;2;;1;1;1;;;1;998
5;3;9;51;51001;;3;2;No inventariada;;9;1;1;2;;1;1;1;;;6;998
3;5;17;51;51001;;3;2;No inventariada;;9;2;2;;;1;1;7;;;1;998
3;5;22;51;51001;;3;2;No inventariada;;9;4;1;2;;1;4;1;;;1;998
5;1;22;51;51001;;3;2;No inventariada;;9;2;2;;;1;4;1;;;1;998
5;6;15;51;51001;;3;2;No inventariada;;9;4;2;;;1;1;1;;;1;998
5;4;7;51;51001;;3;2;No inventariada;;9;7;2;;;1;1;1;;;6;998
5;2;15;51;51001;;3;2;No inventariada;;9;2;1;4;;1;1;1;;;12;998
4;5;13;51;51001;;3;2;No inventariada;;9;7;1;4;;1;1;1;;;9;998
4;5;13;51;51001;;3;2;No inventariada;;9;4;1;2;;1;1;1;;;1;998
3;2;12;51;51001;;3;2;No inventariada;;9;4;2;;;1;1;1;;;1;998
4;5;23;51;51001;;3;2;No inventariada;;9;1;1;2;;1;4;1;;;11;998
5;5;21;51;51001;;3;2;No inventariada;;9;4;1;5;;1;4;1;;;1;998
5;2;9;51;51001;;3;2;No inventariada;;9;7;1;2;;1;1;1;;;1;998
3;1;21;51;51001;;3;2;No inventariada;;9;3;1;2;;1;4;1;;;1;998
5;2;12;51;51001;;3;2;No inventariada;;9;10;2;;;8;1;1;;;1;998
5;3;10;51;51001;;3;2;No inventariada;;9;20;2;;;1;1;1;;;1;998
6;2;16;51;51001;;3;2;No inventariada;;9;2;1;2;;1;1;1;;;1;998
6;2;19;51;51001;;3;2;No inventariada;;9;2;1;4;;1;1;1;;;1;998
4;1;14;51;51001;;3;2;No inventariada;;9;3;1;4;;1;1;1;;;1;998
5;4;16;51;51001;;1;1;N-352;0,6;6;4;2;;;1;1;1;;;1;1
5;6;15;51;51001;;3;2;No inventariada;;9;2;1;2;;1;1;1;;;1;998
5;2;14;51;51001;;3;2;No inventariada;;9;2;2;;;1;1;1;;;1;998
4;2;13;51;51001;;3;2;No inventariada;;9;10;2;;;1;1;1;;;1;998
5;4;7;51;51001;;3;2;No inventariada;;9;2;1;2;;1;3;1;;;1;998
6;5;20;51;51001;;3;2;No inventariada;;9;7;2;;;1;2;1;;;9;998
5;1;14;51;51001;;3;2;No inventariada;;9;2;2;;;1;1;1;;;1;998
6;3;12;51;51001;;3;2;No inventariada;;9;4;2;;;1;1;1;;;1;998
6;1;17;51;51001;;3;2;No inventariada;;9;4;1;4;;1;1;1;;;1;998
6;5;9;51;51001;;3;2;No inventariada;;9;4;2;;;1;1;1;;;1;998
5;6;7;51;51001;;3;2;No inventariada;;9;3;1;7;;1;2;1;;;1;998
5;1;20;51;51001;;3;2;No inventariada;;9;7;2;;;1;2;1;;;9;998
5;3;13;51;51001;;3;2;No inventariada;;7;7;2;;;1;1;1;;;1;998
6;3;20;51;51001;;3;2;No inventariada;;9;2;1;7;;1;1;1;;;1;998
5;7;19;51;51001;;3;2;No inventariada;;9;2;2;;;1;1;1;;;1;998
5;7;14;51;51001;;3;2;No inventariada;;9;2;2;;;1;1;1;;;1;998
6;6;16;51;51001;;3;2;No inventariada;;9;3;2;;;1;1;1;;;1;998
6;3;23;51;51001;;3;2;No inventariada;;9;4;2;;;1;4;1;;;1;998
7;4;12;51;51001;;3;2;No inventariada;;9;4;2;;;1;1;1;;;1;998
6;2;19;51;51001;;3;2;No inventariada;;9;4;2;;;1;1;1;;;1;998
6;3;12;51;51001;;3;2;No inventariada;;7;7;2;;;1;1;1;;;1;998
6;3;20;51;51001;;3;2;No inventariada;;9;2;1;2;;1;1;1;;;1;998
5;5;13;51;51001;;3;2;No inventariada;;9;4;2;;;1;1;1;;;1;998
6;2;13;51;51001;;3;2;No inventariada;;7;4;1;7;;1;1;1;;;1;998
6;2;16;51;51001;;3;2;No inventariada;;9;7;2;;;1;1;1;;;1;998
6;4;11;51;51001;;3;2;No inventariada;;7;2;2;;;1;1;1;;;1;998
6;1;13;51;51001;;3;2;No inventariada;;9;2;1;2;;1;1;1;;;1;998
7;3;7;51;51001;;3;2;No inventariada;;9;4;1;2;;1;1;1;;;1;998
5;1;19;51;51001;;3;2;No inventariada;;9;20;2;;;1;1;1;;;1;998
6;4;21;51;51001;;3;2;No inventariada;;9;2;2;;;1;3;1;;;1;998
6;2;7;51;51001;;3;2;No inventariada;;9;2;2;;;1;3;1;;;1;998
7;2;23;51;51001;;3;2;No inventariada;;9;7;2;;;1;4;1;;;1;998
5;5;18;51;51001;;3;2;No inventariada;;9;2;1;4;;1;1;1;;;1;998
6;3;16;51;51001;;3;2;No inventariada;;9;2;1;2;;1;1;1;;;1;998
5;5;23;51;51001;;3;2;No inventariada;;9;7;2;;;1;4;1;;;1;998
7;5;21;51;51001;;3;2;No inventariada;;9;2;1;5;;1;2;1;;;1;998
5;4;16;51;51001;;1;1;N-352;0,6;6;2;2;;;1;1;1;;;1;1
7;6;20;51;51001;;1;1;N-352;2,5;6;4;2;;;1;1;1;;;1;1
7;4;21;51;51001;;1;1;N-352;1,4;6;5;1;2;;1;1;1;;;1;2
6;6;21;51;51001;;3;2;No inventariada;;9;4;2;;;1;4;1;;;1;998
6;3;12;51;51001;;3;2;No inventariada;;9;4;2;;;1;1;1;;;1;998
6;6;23;51;51001;;3;2;No inventariada;;9;2;1;2;;1;4;1;;;1;998
6;3;16;51;51001;;3;2;No inventariada;;9;2;1;4;;1;1;1;;;1;998
7;4;18;51;51001;;3;2;No inventariada;;9;2;1;2;;1;1;1;;;3;998
7;2;23;51;51001;;3;2;No inventariada;;9;10;1;2;;1;4;1;;;4;998
7;2;21;51;51001;;3;2;No inventariada;;9;5;2;;;1;4;1;;;1;998
7;2;11;51;51001;;3;2;No inventariada;;9;4;2;;;1;1;1;;;1;998
7;2;13;51;51001;;3;2;No inventariada;;9;2;1;2;;1;1;1;;;1;998
7;2;14;51;51001;;3;2;No inventariada;;9;7;2;;;1;1;1;;;1;998
8;3;11;51;51001;;3;2;No inventariada;;9;2;2;;;1;1;1;;;1;998
7;3;12;51;51001;;1;1;N-352;2,2;5;4;2;;;1;1;1;;;1;1
8;5;16;51;51001;;1;1;N-354;2,2;6;2;2;;;1;1;1;;;18;1
7;5;2;51;51001;;3;2;No inventariada;;9;7;2;;;1;4;1;;;9;998
7;4;0;51;51001;;3;2;No inventariada;;9;20;1;2;;3;4;1;;;1;998
6;2;17;51;51001;;3;2;No inventariada;;9;20;1;2;;1;1;1;;;1;998
6;2;14;51;51001;;3;2;No inventariada;;9;2;2;;;1;1;1;;;3;998
8;1;11;51;51001;;3;2;No inventariada;;9;7;1;2;;1;1;1;;;3;998
4;3;8;51;51001;;3;2;No inventariada;;9;10;2;;;3;3;1;;;1;998
7;3;14;51;51001;;3;2;No inventariada;;9;2;1;4;;1;1;1;;;1;998
9;2;19;51;51001;;3;2;No inventariada;;9;7;2;;;1;1;1;;;6;998
9;4;9;51;51001;;1;1;N-352;1;6;4;2;;;1;1;1;;;18;1
7;2;0;51;51001;;3;2;No inventariada;;9;2;1;2;;1;4;1;;;1;998
7;3;14;51;51001;;3;2;No inventariada;;9;7;2;;;1;1;1;;;1;998
7;5;12;51;51001;;3;2;No inventariada;;9;7;2;;;1;1;1;;;1;998
8;4;7;51;51001;;3;2;No inventariada;;9;10;2;;;7;3;1;;;1;998
9;5;20;51;51001;;3;2;No inventariada;;9;10;1;7;;7;1;1;;;1;998
7;7;13;51;51001;;3;2;No inventariada;;9;3;1;4;;1;1;1;;;1;998
7;3;17;51;51001;;3;2;No inventariada;;9;2;1;2;;1;1;1;;;1;998
8;1;15;51;51001;;3;2;No inventariada;;9;10;1;2;;1;1;1;;;1;998
8;1;11;51;51001;;3;2;No inventariada;;9;19;1;2;;1;1;1;;;1;998
8;4;10;51;51001;;3;2;No inventariada;;9;10;2;;;3;1;1;;;1;998
8;7;15;51;51001;;3;2;No inventariada;;9;2;1;2;;1;1;1;;;1;998
8;5;18;51;51001;;3;2;No inventariada;;9;10;2;;;1;1;1;;;1;998
9;3;15;51;51001;;3;2;No inventariada;;9;10;1;2;;1;1;1;;;1;998
9;4;13;51;51001;;3;2;No inventariada;;9;4;2;;;1;1;1;;;1;998
9;1;18;51;51001;;3;2;No inventariada;;9;3;1;4;;1;1;1;;;1;998
9;3;21;51;51001;;3;2;No inventariada;;9;2;2;;;1;4;1;;;1;998
7;3;19;51;51001;;3;2;No inventariada;;9;4;2;;;1;1;1;;;1;998
7;1;16;51;51001;;3;2;No inventariada;;9;20;2;;;1;1;1;;;1;998
8;4;14;51;51001;;3;2;No inventariada;;9;4;2;;;1;1;1;;;1;998
8;6;21;51;51001;;3;2;No inventariada;;9;7;2;;;1;3;1;;;1;998
7;1;9;51;51001;;3;2;No inventariada;;9;10;2;;;1;1;1;;;1;998
9;2;18;51;51001;;3;2;No inventariada;;9;3;1;4;;1;1;1;;;1;998
8;6;17;51;51001;;3;2;No inventariada;;9;20;2;;;1;1;1;;;1;998
8;2;0;51;51001;;3;2;No inventariada;;9;20;2;;;1;4;1;;;1;998
8;7;11;51;51001;;3;2;No inventariada;;7;2;1;1;;1;1;1;;;3;998
9;5;16;51;51001;;3;2;No inventariada;;9;3;2;;;1;1;1;;;1;998
9;1;21;51;51001;;3;2;No inventariada;;9;7;2;;;1;3;1;;;1;998
10;2;12;51;51001;;3;2;No inventariada;;7;15;2;;;2;1;1;;;1;998
4;7;18;51;51001;;3;2;No inventariada;;9;20;1;2;;1;4;1;;;1;998
5;4;10;51;51001;;3;2;No inventariada;;9;5;2;;;1;1;1;;;1;998
5;5;11;51;51001;;3;2;No inventariada;;9;4;2;;;1;1;1;;;1;998
5;3;22;51;51001;;3;2;No inventariada;;9;4;2;;;1;4;7;;;1;998
8;7;14;51;51001;;3;2;No inventariada;;9;10;2;;;1;1;1;;;1;998
9;2;16;51;51001;;3;2;No inventariada;;9;4;2;;;1;1;1;;;1;998
7;7;17;51;51001;;3;2;No inventariada;;9;7;2;;;1;1;1;;;9;998
9;5;13;51;51001;;3;2;No inventariada;;9;2;1;2;;1;1;1;;;1;998
10;3;7;51;51001;;3;2;No inventariada;;9;4;2;;;1;3;3;;;1;998
10;6;11;51;51001;;3;2;No inventariada;;9;10;2;;;7;1;1;;;1;998
10;1;11;51;51001;;3;2;No inventariada;;9;10;2;;;7;1;1;;;1;998
9;1;19;51;51001;;3;2;No inventariada;;9;4;2;;;1;1;1;;;1;998
9;4;18;51;51001;;3;2;No inventariada;;9;2;1;1;;1;1;1;;;18;998
6;3;23;51;51001;;3;2;No inventariada;;9;7;2;;;1;4;1;;;1;998
5;7;2;51;51001;;3;2;No inventariada;;9;10;2;;;3;4;1;;;18;998
10;6;23;51;51001;;3;2;No inventariada;;9;2;2;;;1;4;1;;;18;998
9;5;8;51;51001;;3;2;No inventariada;;9;2;2;;;1;1;1;;;1;998
9;5;18;51;51001;;3;2;No inventariada;;9;20;2;;;1;1;1;;;1;998
10;3;17;51;51001;;3;2;No inventariada;;9;4;1;4;;1;1;1;;;1;998
9;1;22;51;51001;;3;2;No inventariada;;9;2;1;2;;1;4;1;;;1;998
9;6;19;51;51001;;3;2;No inventariada;;9;5;1;2;;1;1;1;;;1;998
10;5;18;51;51001;;3;2;No inventariada;;9;7;2;;;1;1;1;;;6;998
9;7;20;51;51001;;3;2;No inventariada;;9;7;2;;;1;3;1;;;1;998
10;6;11;51;51001;;3;2;No inventariada;;9;7;2;;;1;1;1;;;1;998
10;3;10;51;51001;;3;2;No inventariada;;9;2;1;2;;1;1;1;;;4;998
10;7;21;51;51001;;3;2;No inventariada;;9;4;1;2;;1;4;1;;;1;998
10;3;10;51;51001;;3;2;No inventariada;;9;2;2;;;1;1;1;;;1;998
10;7;21;51;51001;;3;2;No inventariada;;9;20;2;;;1;4;1;;;18;998
8;4;23;51;51001;;3;2;No inventariada;;9;10;1;2;;1;5;1;;;1;998
10;2;13;51;51001;;3;2;No inventariada;;9;4;2;;;1;1;1;;;1;998
11;4;12;51;51001;;3;2;No inventariada;;9;3;1;2;;1;1;1;;;1;998
10;1;12;51;51001;;3;2;No inventariada;;14;3;2;;;1;1;1;;;1;998
10;5;22;51;51001;;3;2;No inventariada;;9;1;1;4;;3;4;3;;;1;998
10;2;16;51;51001;;3;2;No inventariada;;9;2;1;2;;1;1;1;;;18;998
9;5;15;51;51001;;3;2;No inventariada;;9;3;1;4;;1;1;1;;;1;998
9;2;13;51;51001;;3;2;No inventariada;;9;7;2;;;1;1;1;;;1;998
10;6;23;51;51001;;3;2;No inventariada;;9;4;2;;;1;4;1;;;1;998
11;4;11;51;51001;;3;2;No inventariada;;9;2;1;7;;1;1;1;;;1;998
11;4;11;51;51001;;3;2;No inventariada;;9;7;2;;;1;1;1;;;1;998
11;7;12;51;51001;;3;2;No inventariada;;9;20;2;;;1;1;1;;;1;998
11;2;21;51;51001;;3;2;No inventariada;;9;4;2;;;1;4;1;;;1;998
10;2;14;51;51001;;3;2;No inventariada;;9;4;2;;;1;1;1;;;1;998
11;5;17;51;51001;;3;2;No inventariada;;9;2;1;4;;1;1;1;;;1;998
11;3;21;51;51001;;3;2;No inventariada;;9;2;1;2;;1;4;1;;;18;998
11;7;15;51;51001;;3;2;No inventariada;;9;7;2;;;1;1;1;;;1;998
11;6;14;51;51001;;3;2;No inventariada;;9;2;1;4;;1;1;1;;;18;998
11;6;13;51;51001;;3;2;No inventariada;;9;7;2;;;3;1;2;;;1;998
10;2;12;51;51001;;3;2;No inventariada;;9;10;2;;;7;1;1;;;1;998
11;5;9;51;51001;;3;2;No inventariada;;9;10;1;2;;7;1;1;;;1;998
10;2;22;51;51001;;3;2;No inventariada;;9;1;2;;;1;4;1;;;1;998
11;6;22;51;51001;;3;2;No inventariada;;9;4;2;;;1;4;1;;;1;998
11;1;13;51;51001;;3;2;No inventariada;;9;7;2;;;1;1;1;;;1;998
11;2;20;51;51001;;3;2;No inventariada;;9;10;2;;;1;4;1;;;1;998
12;4;20;51;51001;;3;2;No inventariada;;9;2;1;4;;1;1;1;;;1;998
11;1;14;51;51001;;3;2;No inventariada;;9;4;2;;;1;1;1;;;1;998
12;2;9;51;51001;;3;2;No inventariada;;9;4;2;;;1;1;1;;;1;998
11;5;8;51;51001;;3;2;No inventariada;;9;20;2;;;1;1;1;;;1;998
12;1;10;51;51001;;3;2;No inventariada;;9;2;1;4;;1;1;1;;;1;998
11;4;19;51;51001;;3;2;No inventariada;;9;12;2;;;1;3;1;;;1;998
11;2;14;51;51001;;3;2;No inventariada;;9;2;1;2;;1;1;1;;;1;998
12;1;1;51;51001;;3;2;No inventariada;;9;10;2;;;7;4;1;;;1;998
12;2;11;51;51001;;3;2;No inventariada;;9;2;1;4;;1;1;1;;;1;998
12;6;22;51;51001;;3;2;No inventariada;;9;4;2;;;1;4;1;;;18;998
11;4;16;51;51001;;3;2;No inventariada;;9;2;2;;;1;1;1;;;1;998
11;3;9;51;51001;;3;2;No inventariada;;9;2;2;;;3;1;3;;;1;998
11;4;12;51;51001;;3;2;No inventariada;;9;5;2;;;1;1;1;;;1;998
12;3;20;51;51001;;3;2;No inventariada;;9;2;2;;;1;6;1;;;18;998
12;6;20;51;51001;;3;2;No inventariada;;9;5;2;;;1;3;1;;;1;998
11;5;8;51;51001;;3;2;No inventariada;;9;7;2;;;1;1;1;;;1;998
1;3;12;52;52001;;3;2;No inventariada;;9;7;1;1;;1;1;1;;;1;998