MES;DIA_SEMANA;HORA;COD_PROVINCIA;COD_MUNICIPIO;ISLA;ZONA;ZONA_AGRUPADA;CARRETERA;KM;TIPO_VIA;TIPO_ACCIDENTE;NUDO;NUDO_INFO;CARRETERA_CRUCE;CONDICION_FIRME;CONDICION_ILUMINACION;CONDICION_METEO;CONDICION_NIEBLA;CONDICION_VIENTO;VISIB_RESTRINGIDA_POR;TRAZADO_PLANTA
1;4;13;52;52001;;3;2;No inventariada;;9;2;1;4;;1;1;1;;;1;998
1;6;15;52;52001;;3;2;No inventariada;;9;10;2;;;1;1;2;;1;1;998
1;2;8;52;52001;;3;2;No inventariada;;9;7;2;;;1;1;1;;;1;998
1;3;11;52;52001;;3;2;No inventariada;;9;2;1;1;;1;1;1;;;1;998
1;4;16;52;52001;;3;2;No inventariada;;9;2;1;4;;1;1;1;;;6;998
1;5;13;52;52001;;3;2;No inventariada;;9;7;2;;;1;1;1;;;6;998
1;6;9;52;52001;;3;2;No inventariada;;9;3;1;2;;1;1;1;;;1;998
1;7;5;52;52001;;3;2;No inventariada;;9;3;1;2;;1;4;1;;;1;998
1;7;2;52;52001;;3;2;No inventariada;;9;16;2;;;1;6;1;;;18;998
1;1;23;52;52001;;3;2;No inventariada;;9;2;2;;;1;4;1;;;1;998
1;1;20;52;52001;;3;2;No inventariada;;9;4;2;;;1;4;1;;;18;998
1;2;19;52;52001;;3;2;No inventariada;;9;7;1;2;;1;3;2;;;2;998
1;3;11;52;52001;;3;2;No inventariada;;9;2;1;2;;1;1;1;;;1;998
1;3;18;52;52001;;3;2;No inventariada;;9;4;2;;;1;1;1;;;1;998
1;4;18;52;52001;;3;2;No inventariada;;9;12;2;;;1;1;1;;;1;998
1;6;10;52;52001;;3;2;No inventariada;;9;19;1;4;;1;1;1;;1;1;998
1;1;14;52;52001;;3;2;No inventariada;;9;4;2;;;1;1;1;;;1;998
1;2;7;52;52001;;3;2;No inventariada;;9;2;1;4;;1;2;1;;;1;998
1;4;9;52;52001;;3;2;No inventariada;;9;16;2;;;1;1;1;;;1;998
1;3;21;52;52001;;3;2;No inventariada;;9;4;2;;;1;4;1;;;1;998
1;4;11;52;52001;;3;2;No inventariada;;9;1;1;1;;1;1;1;;;1;998
1;6;16;52;52001;;3;2;No inventariada;;9;2;1;2;;1;1;1;;;1;998
1;7;13;52;52001;;3;2;No inventariada;;9;10;1;2;;1;1;1;;;18;998
1;7;20;52;52001;;3;2;No inventariada;;9;1;2;;;1;4;1;;;1;998
1;2;10;52;52001;;3;2;No inventariada;;9;3;2;;;1;1;2;;;1;998
2;5;0;52;52001;;3;2;No inventariada;;9;2;1;1;;1;4;2;;;2;998
2;5;7;52;52001;;3;2;No inventariada;;9;2;1;2;;1;4;2;;;1;998
2;4;21;52;52001;;3;2;No inventariada;;9;19;2;;;1;4;1;;;1;998
2;4;20;52;52001;;3;2;No inventariada;;9;20;1;1;;1;4;1;;;18;998
2;6;22;52;52001;;3;2;No inventariada;;9;3;1;1;;1;3;1;;;1;998
2;1;10;52;52001;;3;2;No inventariada;;9;7;2;;;1;1;1;;;1;998
2;3;20;52;52001;;3;2;No inventariada;;9;1;1;1;;1;4;1;;;1;998
2;3;22;52;52001;;3;2;No inventariada;;9;2;1;1;;1;4;1;;;1;998
2;3;17;52;52001;;3;2;No inventariada;;9;7;1;1;;1;1;1;;;9;998
2;5;12;52;52001;;3;2;No inventariada;;9;5;2;;;1;1;2;1;;1;998
2;1;14;52;52001;;3;2;No inventariada;;9;10;2;;;1;1;1;;;1;998
2;4;16;52;52001;;3;2;No inventariada;;9;2;1;1;;1;1;2;;;1;998
2;5;11;52;52001;;3;2;No inventariada;;9;20;2;;;1;1;1;;;1;998
2;5;21;52;52001;;3;2;No inventariada;;9;3;2;;;1;4;2;;;2;998
2;7;11;52;52001;;3;2;No inventariada;;9;7;2;;;1;1;1;;;1;998
2;1;18;52;52001;;3;2;No inventariada;;9;7;1;4;;1;1;1;;;1;998
2;2;19;52;52001;;3;2;No inventariada;;9;3;1;4;;1;4;1;;;1;998
2;3;14;52;52001;;3;2;No inventariada;;9;2;2;;;1;1;1;;;1;998
1;3;16;52;52001;;3;2;No inventariada;;9;4;2;;;1;1;1;;;1;998
1;3;11;52;52001;;3;2;No inventariada;;9;7;2;;;1;1;1;;;1;998
1;5;19;52;52001;;3;2;No inventariada;;9;7;1;2;;1;4;1;;;18;998
2;4;21;52;52001;;3;2;No inventariada;;9;4;2;;;1;4;1;;;1;998
2;5;8;52;52001;;3;2;No inventariada;;9;7;2;;;3;2;3;1;;3;998
2;6;22;52;52001;;3;2;No inventariada;;9;19;1;1;;1;4;1;;;1;998
2;6;16;52;52001;;3;2;No inventariada;;9;7;2;;;1;1;1;;;10;998
2;1;6;52;52001;;3;2;No inventariada;;9;7;1;4;;1;3;1;;;1;998
2;1;16;52;52001;;3;2;No inventariada;;9;2;1;1;;3;1;2;;;1;998
1;2;22;52;52001;;3;2;No inventariada;;9;2;2;;;1;4;1;;;2;998
2;2;8;52;52001;;3;2;No inventariada;;9;3;1;4;;1;1;1;;;1;998
2;2;21;52;52001;;3;2;No inventariada;;9;2;1;2;;1;4;1;;;1;998
2;3;7;52;52001;;3;2;No inventariada;;9;2;2;;;1;3;2;;;1;998
2;3;13;52;52001;;3;2;No inventariada;;9;7;2;;;1;1;1;;;1;998
2;3;13;52;52001;;3;2;No inventariada;;9;4;1;2;;1;1;1;;;1;998
2;4;17;52;52001;;3;2;No inventariada;;9;7;1;2;;1;1;1;;;6;998
3;7;10;52;52001;;3;2;No inventariada;;9;10;2;;;2;1;2;;;1;998
3;7;14;52;52001;;3;2;No inventariada;;9;2;1;2;;1;1;1;;;1;998
3;1;15;52;52001;;3;2;No inventariada;;9;10;1;2;;1;1;1;;;1;998
3;1;16;52;52001;;3;2;No inventariada;;9;2;1;2;;1;1;1;;;1;998
2;7;22;52;52001;;3;2;No inventariada;;9;2;1;1;;1;1;1;1;;1;998
3;2;19;52;52001;;3;2;No inventariada;;9;7;1;2;;1;4;1;;;1;998
3;2;23;52;52001;;3;2;No inventariada;;9;4;1;1;;1;4;1;;;1;998
1;5;23;52;52001;;3;2;No inventariada;;9;3;1;4;;1;4;1;;;1;998
1;5;13;52;52001;;3;2;No inventariada;;9;3;1;1;;1;1;1;;;1;998
3;3;19;52;52001;;3;2;No inventariada;;9;7;1;2;;1;3;1;;;18;998
3;5;14;52;52001;;3;2;No inventariada;;9;3;2;;;1;1;1;;;1;998
3;5;14;52;52001;;3;2;No inventariada;;14;2;1;4;;1;1;1;;;1;998
3;5;17;52;52001;;3;2;No inventariada;;9;16;2;;;1;1;1;;;1;998
3;4;21;52;52001;;3;2;No inventariada;;9;3;1;2;;1;4;7;;;1;998
3;7;17;52;52001;;3;2;No inventariada;;9;20;2;;;1;1;1;;;1;998
3;1;9;52;52001;;3;2;No inventariada;;9;7;2;;;1;1;1;;;1;998
3;1;14;52;52001;;3;2;No inventariada;;9;3;2;;;1;1;1;;;1;998
3;1;16;52;52001;;3;2;No inventariada;;9;20;2;;;1;1;1;;;1;998
3;1;11;52;52001;;3;2;No inventariada;;9;2;1;1;;1;1;1;;;2;998
3;3;10;52;52001;;3;2;No inventariada;;9;10;1;2;;1;1;1;;;1;998
3;3;19;52;52001;;3;2;No inventariada;;9;3;1;2;;1;4;1;;;1;998
3;5;15;52;52001;;3;2;No inventariada;;9;6;2;;;1;1;1;;;1;998
3;6;1;52;52001;;3;2;No inventariada;;9;15;2;;;1;4;1;;;1;998
3;5;18;52;52001;;3;2;No inventariada;;9;7;2;;;1;1;1;;;1;998
3;6;19;52;52001;;3;2;No inventariada;;9;10;1;4;;1;1;1;;;1;998
3;7;0;52;52001;;3;2;No inventariada;;9;2;1;1;;1;4;1;;;1;998
3;6;13;52;52001;;3;2;No inventariada;;9;4;2;;;1;1;1;;;18;998
3;1;19;52;52001;;3;2;No inventariada;;9;2;2;;;1;1;1;;;1;998
3;2;21;52;52001;;3;2;No inventariada;;9;2;2;;;1;4;1;;;1;998
3;2;17;52;52001;;3;2;No inventariada;;9;3;1;2;;1;1;1;;;1;998
3;6;23;52;52001;;3;2;No inventariada;;9;7;2;;;1;4;1;;;1;998
3;4;23;52;52001;;3;2;No inventariada;;9;3;2;;;1;4;1;;;1;998
3;4;10;52;52001;;3;2;No inventariada;;9;10;2;;;7;1;2;;;1;998
3;5;18;52;52001;;3;2;No inventariada;;9;4;2;;;1;2;1;;;1;998
3;6;19;52;52001;;3;2;No inventariada;;9;4;2;;;1;2;2;;;1;998
3;7;12;52;52001;;3;2;No inventariada;;9;10;2;;;3;1;3;1;;5;998
3;7;9;52;52001;;3;2;No inventariada;;9;9;2;;;3;1;2;;;1;998
3;2;19;52;52001;;3;2;No inventariada;;14;7;2;;;1;4;1;;;18;998
3;3;20;52;52001;;3;2;No inventariada;;9;10;2;;;1;4;1;;;1;998
3;7;10;52;52001;;3;2;No inventariada;;9;2;1;1;;1;1;1;;;1;998
4;2;0;52;52001;;3;2;No inventariada;;9;20;2;;;1;4;7;;;1;998
4;2;14;52;52001;;3;2;No inventariada;;9;4;2;;;1;1;1;;;1;998
4;2;16;52;52001;;3;2;No inventariada;;9;3;1;1;;1;1;1;;;1;998
4;2;19;52;52001;;3;2;No inventariada;;11;2;2;;;1;1;1;;;9;998
4;1;21;52;52001;;3;2;No inventariada;;9;2;2;;;1;4;1;;;1;998
4;3;1;52;52001;;3;2;No inventariada;;9;4;1;1;;1;4;1;;;1;998
4;3;15;52;52001;;3;2;No inventariada;;9;10;1;4;;1;1;1;;;1;998
4;4;11;52;52001;;3;2;No inventariada;;9;3;1;2;;1;1;1;;;1;998
4;3;19;52;52001;;3;2;No inventariada;;9;7;1;1;;1;1;1;;;1;998
4;7;12;52;52001;;3;2;No inventariada;;9;3;1;1;;1;1;1;;;1;998
4;2;2;52;52001;;3;2;No inventariada;;9;2;2;;;1;4;1;;;1;998
4;1;11;52;52001;;3;2;No inventariada;;9;3;2;;;1;1;1;;;1;998
4;1;19;52;52001;;3;2;No inventariada;;9;7;2;;;1;1;1;;;1;998
4;2;20;52;52001;;3;2;No inventariada;;9;2;1;2;;1;3;1;;;1;998
4;4;9;52;52001;;3;2;No inventariada;;9;7;2;;;1;4;1;;;1;998
4;5;23;52;52001;;3;2;No inventariada;;9;1;1;1;;1;4;1;;;1;998
4;5;19;52;52001;;3;2;No inventariada;;9;5;2;;;1;1;1;;;1;998
4;7;20;52;52001;;3;2;No inventariada;;9;2;1;1;;1;2;1;;;1;998
4;2;13;52;52001;;3;2;No inventariada;;9;2;1;1;;1;1;1;;;1;998
4;4;15;52;52001;;3;2;No inventariada;;9;4;1;1;;1;1;2;;;1;998
4;4;22;52;52001;;3;2;No inventariada;;9;2;2;;;1;4;1;;;1;998
4;5;13;52;52001;;3;2;No inventariada;;9;10;2;;;1;1;1;;;1;998
4;6;13;52;52001;;3;2;No inventariada;;9;12;2;;;3;1;2;1;;1;998
4;1;9;52;52001;;3;2;No inventariada;;9;2;1;2;;1;1;1;;;1;998
4;1;1;52;52001;;3;2;No inventariada;;9;2;1;1;;1;3;1;;;1;998
3;6;21;52;52001;;3;2;No inventariada;;9;7;1;1;;1;4;1;;;1;998
4;2;19;52;52001;;3;2;No inventariada;;9;1;1;1;;1;1;1;;;1;998
4;4;19;52;52001;;3;2;No inventariada;;9;2;1;2;;1;1;1;;;1;998
4;5;8;52;52001;;3;2;No inventariada;;9;4;2;;;1;1;1;;;1;998
4;5;12;52;52001;;3;2;No inventariada;;9;4;2;;;1;1;1;;;1;998
4;4;20;52;52001;;3;2;No inventariada;;9;10;2;;;1;1;1;;;1;998
4;5;19;52;52001;;3;2;No inventariada;;9;10;1;2;;1;1;1;;;1;998
4;6;16;52;52001;;3;2;No inventariada;;9;2;1;2;;1;1;1;;;1;998
4;7;3;52;52001;;3;2;No inventariada;;9;20;2;;;1;3;1;;;1;998
4;5;12;52;52001;;3;2;No inventariada;;9;10;1;1;;8;1;1;;;1;998
4;1;14;52;52001;;3;2;No inventariada;;9;4;2;;;1;1;1;;;1;998
4;1;22;52;52001;;3;2;No inventariada;;9;2;1;1;;1;4;1;;;1;998
4;2;14;52;52001;;3;2;No inventariada;;9;7;2;;;1;1;1;;;1;998
5;4;8;52;52001;;3;2;No inventariada;;9;2;1;4;;1;1;1;;;1;998
5;4;19;52;52001;;3;2;No inventariada;;9;2;1;1;;1;1;1;;;1;998
5;4;13;52;52001;;3;2;No inventariada;;9;2;1;4;;1;1;1;;;1;998
5;5;9;52;52001;;3;2;No inventariada;;9;3;2;;;1;1;1;;;1;998
5;5;11;52;52001;;3;2;No inventariada;;9;7;1;1;;1;1;1;;;1;998
5;7;14;52;52001;;3;2;No inventariada;;9;9;2;;;1;1;1;;;1;998
5;1;9;52;52001;;3;2;No inventariada;;9;3;1;4;;1;1;2;;;1;998
5;1;21;52;52001;;3;2;No inventariada;;9;2;1;1;;1;4;1;;;1;998
5;1;23;52;52001;;3;2;No inventariada;;9;20;2;;;1;4;1;;;1;998
4;6;20;52;52001;;3;2;No inventariada;;9;2;1;1;;1;3;1;;;1;998
5;3;19;52;52001;;3;2;No inventariada;;9;2;1;1;;1;1;1;;;1;998
5;3;20;52;52001;;3;2;No inventariada;;9;4;2;;;1;1;1;;;2;998
5;3;18;52;52001;;3;2;No inventariada;;9;1;2;;;1;1;1;;;1;998
5;5;8;52;52001;;3;2;No inventariada;;9;2;1;2;;1;1;1;;;1;998
4;6;0;52;52001;;3;2;No inventariada;;9;16;1;4;;1;4;1;;;1;998
5;6;23;52;52001;;3;2;No inventariada;;9;7;1;1;;1;4;1;;;1;998
5;7;11;52;52001;;3;2;No inventariada;;9;10;1;2;;1;1;1;;;1;998
5;1;21;52;52001;;3;2;No inventariada;;9;7;1;2;;1;4;1;;;2;998
5;1;17;52;52001;;3;2;No inventariada;;9;2;1;1;;1;1;1;;;1;998
5;2;9;52;52001;;3;2;No inventariada;;9;4;2;;;1;1;1;;;1;998
5;2;17;52;52001;;3;2;No inventariada;;9;1;1;1;;1;1;1;;;1;998
5;2;20;52;52001;;3;2;No inventariada;;9;2;2;;;1;1;1;;;1;998
5;2;22;52;52001;;3;2;No inventariada;;9;1;1;1;;1;1;1;;;1;998
5;3;17;52;52001;;3;2;No inventariada;;9;2;1;1;;1;1;1;;;1;998
5;4;23;52;52001;;3;2;No inventariada;;9;3;1;4;;1;4;1;;;1;998
5;5;13;52;52001;;3;2;No inventariada;;9;12;2;;;1;1;1;;;1;998
5;7;14;52;52001;;3;2;No inventariada;;9;4;1;1;;1;1;1;;;1;998
5;1;9;52;52001;;3;2;No inventariada;;9;3;2;;;1;1;1;;;1;998
5;7;21;52;52001;;3;2;No inventariada;;9;12;1;1;;1;4;1;;;1;998
5;1;13;52;52001;;3;2;No inventariada;;9;4;2;;;1;1;1;;;1;998
5;2;16;52;52001;;3;2;No inventariada;;9;2;1;1;;1;1;1;;;1;998
5;5;21;52;52001;;3;2;No inventariada;;9;2;1;1;;1;4;1;;;1;998
5;7;14;52;52001;;3;2;No inventariada;;9;4;2;;;1;1;1;;;1;998
5;6;23;52;52001;;3;2;No inventariada;;9;3;2;;;1;4;1;;;1;998
5;1;15;52;52001;;3;2;No inventariada;;9;2;2;;;1;1;1;;;1;998
5;1;17;52;52001;;3;2;No inventariada;;9;3;2;;;1;1;1;;;1;998
5;1;19;52;52001;;3;2;No inventariada;;9;4;2;;;1;1;1;;;18;998
5;1;17;52;52001;;3;2;No inventariada;;9;7;1;1;;1;1;1;;;1;998
5;5;7;52;52001;;3;2;No inventariada;;9;10;2;;;7;1;1;;;1;998
5;2;16;52;52001;;3;2;No inventariada;;9;3;2;;;1;3;7;;;1;998
5;3;9;52;52001;;3;2;No inventariada;;9;3;1;1;;1;1;2;;;1;998
5;3;14;52;52001;;3;2;No inventariada;;9;4;1;2;;1;1;1;;;1;998
5;3;22;52;52001;;3;2;No inventariada;;9;2;1;1;;1;4;1;;;1;998
6;6;11;52;52001;;3;2;No inventariada;;9;2;1;2;;1;1;1;;;1;998
6;1;11;52;52001;;3;2;No inventariada;;9;4;2;;;1;1;1;;;1;998
6;3;13;52;52001;;3;2;No inventariada;;9;7;1;2;;1;1;1;;;1;998
6;3;21;52;52001;;3;2;No inventariada;;9;20;2;;;1;3;1;;;1;998
6;3;22;52;52001;;3;2;No inventariada;;9;2;1;1;;1;4;1;;;1;998
6;4;20;52;52001;;3;2;No inventariada;;9;4;2;;;1;1;2;;;1;998
6;5;13;52;52001;;3;2;No inventariada;;9;2;1;1;;1;1;1;;;1;998
6;5;18;52;52001;;3;2;No inventariada;;9;10;1;4;;1;1;1;;;1;998
6;6;0;52;52001;;3;2;No inventariada;;9;2;2;;;1;4;1;;;1;998
6;6;21;52;52001;;3;2;No inventariada;;9;2;2;;;1;4;1;;;1;998
6;6;1;52;52001;;3;2;No inventariada;;9;3;1;1;;1;4;1;;;1;998
6;1;13;52;52001;;3;2;No inventariada;;9;10;1;4;;2;1;1;;;1;998
6;2;15;52;52001;;3;2;No inventariada;;9;16;1;1;;1;1;1;;;9;998
6;3;14;52;52001;;3;2;No inventariada;;9;2;1;2;;1;1;1;;;9;998
6;4;19;52;52001;;3;2;No inventariada;;9;7;1;2;;1;1;1;;;1;998
6;5;19;52;52001;;3;2;No inventariada;;9;2;1;4;;1;1;1;;;1;998
6;5;20;52;52001;;3;2;No inventariada;;9;4;2;;;1;1;1;;;1;998
6;7;0;52;52001;;3;2;No inventariada;;9;3;1;1;;1;4;1;;;1;998
6;7;12;52;52001;;3;2;No inventariada;;9;9;1;4;;8;1;1;;;1;998
6;1;9;52;52001;;3;2;No inventariada;;9;4;2;;;1;1;1;;;1;998
5;4;9;52;52001;;3;2;No inventariada;;9;7;2;;;1;1;1;;;1;998
6;2;21;52;52001;;3;2;No inventariada;;9;6;2;;;1;2;1;;;1;998
6;4;14;52;52001;;3;2;No inventariada;;9;2;1;1;;1;1;1;;;1;998
5;1;21;52;52001;;3;2;No inventariada;;9;10;2;;;1;2;1;;;1;998
6;4;23;52;52001;;3;2;No inventariada;;9;2;2;;;1;4;1;;;9;998
6;5;10;52;52001;;3;2;No inventariada;;9;20;1;4;;1;1;1;;;1;998
6;3;12;52;52001;;3;2;No inventariada;;9;2;1;4;;1;1;1;;;1;998
6;3;20;52;52001;;3;2;No inventariada;;9;2;2;;;1;1;1;;;1;998
6;4;16;52;52001;;3;2;No inventariada;;9;3;2;;;1;1;1;;;1;998
6;4;22;52;52001;;3;2;No inventariada;;9;7;2;;;1;3;1;;;1;998
6;5;2;52;52001;;3;2;No inventariada;;14;3;2;;;1;3;1;;;1;998
6;5;19;52;52001;;3;2;No inventariada;;9;3;2;;;1;1;1;;;1;998
6;7;14;52;52001;;3;2;No inventariada;;9;7;2;;;1;1;1;;;1;998
7;1;13;52;52001;;3;2;No inventariada;;9;2;1;2;;1;1;1;;;1;998
7;1;23;52;52001;;3;2;No inventariada;;9;3;2;;;1;4;1;;;1;998
7;2;10;52;52001;;3;2;No inventariada;;9;7;2;;;1;1;1;;;1;998
7;2;18;52;52001;;3;2;No inventariada;;9;2;1;1;;1;1;1;;;1;998
7;3;21;52;52001;;3;2;No inventariada;;9;7;2;;;1;3;1;;;1;998
7;4;13;52;52001;;3;2;No inventariada;;9;7;2;;;1;1;1;;;1;998
7;4;13;52;52001;;3;2;No inventariada;;9;2;1;1;;1;1;1;;;1;998
7;5;10;52;52001;;3;2;No inventariada;;9;4;2;;;1;1;1;;;1;998
7;5;16;52;52001;;3;2;No inventariada;;9;2;1;1;;1;1;1;;;1;998
7;1;2;52;52001;;3;2;No inventariada;;9;4;2;;;1;4;1;;;1;998
7;2;0;52;52001;;3;2;No inventariada;;9;7;2;;;1;4;1;;;1;998
7;1;21;52;52001;;3;2;No inventariada;;9;2;1;1;;1;3;1;;;1;998
7;4;17;52;52001;;3;2;No inventariada;;9;4;1;2;;1;1;1;;;1;998
7;5;15;52;52001;;3;2;No inventariada;;9;2;2;;;1;1;1;;;1;998
7;5;13;52;52001;;3;2;No inventariada;;9;3;1;2;;1;1;1;;;1;998
7;6;15;52;52001;;3;2;No inventariada;;9;4;1;1;;1;1;1;;;18;998
7;7;13;52;52001;;3;2;No inventariada;;9;2;2;;;2;1;1;;;1;998
7;3;22;52;52001;;3;2;No inventariada;;9;7;1;3;;1;4;1;;;1;998
7;4;8;52;52001;;3;2;No inventariada;;9;7;2;;;1;1;2;;;1;998
7;5;15;52;52001;;3;2;No inventariada;;9;7;2;;;1;1;1;;;1;998
7;6;0;52;52001;;3;2;No inventariada;;9;1;1;1;;1;4;1;;;1;998
7;5;23;52;52001;;3;2;No inventariada;;9;7;2;;;1;4;1;;;1;998
7;6;1;52;52001;;3;2;No inventariada;;9;1;1;4;;1;4;1;;;1;998
7;1;11;52;52001;;3;2;No inventariada;;9;7;2;;;1;1;1;;;1;998
7;2;13;52;52001;;3;2;No inventariada;;9;4;2;;;1;1;1;;;1;998
7;3;10;52;52001;;3;2;No inventariada;;9;10;2;;;1;1;1;;;1;998
7;5;17;52;52001;;3;2;No inventariada;;9;2;2;;;1;1;1;;;1;998
7;7;9;52;52001;;3;2;No inventariada;;9;10;2;;;3;1;1;;;1;998
7;1;20;52;52001;;3;2;No inventariada;;9;2;1;1;;1;1;1;;;1;998
7;2;14;52;52001;;3;2;No inventariada;;9;2;1;4;;1;1;1;;;1;998
7;1;21;52;52001;;3;2;No inventariada;;9;7;2;;;1;1;1;;;9;998
7;3;19;52;52001;;3;2;No inventariada;;9;10;1;1;;1;3;1;;;1;998
8;4;21;52;52001;;3;2;No inventariada;;9;2;1;2;;1;1;1;;;1;998
7;2;23;52;52001;;3;2;No inventariada;;9;2;1;1;;1;4;1;;;1;998
7;2;1;52;52001;;3;2;No inventariada;;7;20;2;;;1;6;1;;;1;998
8;5;12;52;52001;;3;2;No inventariada;;9;2;2;;;1;1;1;;;1;998
8;5;16;52;52001;;3;2;No inventariada;;9;2;1;1;;1;1;1;;;1;998
8;5;17;52;52001;;3;2;No inventariada;;14;12;2;;;1;1;1;;;1;998
8;5;22;52;52001;;3;2;No inventariada;;9;10;2;;;8;4;1;;;1;998
8;6;22;52;52001;;3;2;No inventariada;;9;7;2;;;1;4;1;;;1;998
8;2;2;52;52001;;3;2;No inventariada;;9;1;2;;;1;4;1;;;1;998
8;2;22;52;52001;;3;2;No inventariada;;9;4;1;1;;1;4;1;;;1;998
8;2;22;52;52001;;3;2;No inventariada;;9;2;2;;;1;4;1;;;1;998
8;3;0;52;52001;;3;2;No inventariada;;9;2;2;;;1;4;1;;;1;998
8;4;14;52;52001;;3;2;No inventariada;;9;2;1;2;;1;1;1;;;9;998
8;6;14;52;52001;;3;2;No inventariada;;9;2;1;1;;1;1;1;;;12;998
8;3;20;52;52001;;3;2;No inventariada;;9;4;2;;;1;1;1;;;1;998
8;4;2;52;52001;;3;2;No inventariada;;9;10;1;2;;3;4;1;;;1;998
8;5;22;52;52001;;3;2;No inventariada;;9;2;2;;;1;4;1;;;1;998
8;5;22;52;52001;;3;2;No inventariada;;9;4;2;;;2;4;1;;;1;998
8;7;14;52;52001;;3;2;No inventariada;;9;2;1;1;;1;1;1;;;1;998
8;4;8;52;52001;;3;2;No inventariada;;9;10;2;;;1;1;1;;;1;998
8;2;9;52;52001;;3;2;No inventariada;;9;2;2;;;1;1;1;;;1;998
8;2;14;52;52001;;3;2;No inventariada;;9;2;1;4;;1;1;1;;;1;998
8;6;19;52;52001;;3;2;No inventariada;;9;7;2;;;1;1;1;;;18;998
8;6;18;52;52001;;3;2;No inventariada;;9;4;2;;;1;1;1;;;18;998
8;1;13;52;52001;;3;2;No inventariada;;9;2;1;1;;1;1;1;;;1;998
8;1;18;52;52001;;3;2;No inventariada;;9;1;2;;;1;1;1;;;18;998
8;2;11;52;52001;;3;2;No inventariada;;9;20;2;;;1;1;1;;;18;998
8;2;18;52;52001;;3;2;No inventariada;;9;4;2;;;1;1;1;;;1;998
8;4;21;52;52001;;3;2;No inventariada;;9;4;1;1;;1;4;1;;;1;998
8;4;20;52;52001;;3;2;No inventariada;;14;16;1;4;;1;1;1;;;1;998
8;2;15;52;52001;;3;2;No inventariada;;11;2;2;;;1;1;1;;;1;998
8;1;22;52;52001;;3;2;No inventariada;;9;7;2;;;1;4;1;;;1;998
8;3;10;52;52001;;3;2;No inventariada;;9;1;1;1;;1;1;1;;;1;998
8;4;11;52;52001;;3;2;No inventariada;;9;10;2;;;3;1;2;;;18;998
8;6;9;52;52001;;3;2;No inventariada;;9;3;2;;;3;1;2;;;18;998
8;5;21;52;52001;;3;2;No inventariada;;9;2;1;1;;1;4;1;;;1;998
9;1;19;52;52001;;3;2;No inventariada;;9;2;1;4;;1;1;1;;;1;998
9;2;12;52;52001;;3;2;No inventariada;;9;7;2;;;1;1;1;;;1;998
9;2;13;52;52001;;3;2;No inventariada;;9;7;2;;;1;1;1;;;1;998
9;2;21;52;52001;;3;2;No inventariada;;9;2;1;1;;1;4;1;;;1;998
9;4;19;52;52001;;3;2;No inventariada;;9;2;1;4;;1;1;1;;;1;998
6;3;1;52;52001;;3;2;No inventariada;;9;2;1;1;;1;4;1;;;2;998
9;6;23;52;52001;;3;2;No inventariada;;9;3;2;;;1;4;1;;;1;998
9;1;14;52;52001;;3;2;No inventariada;;9;3;1;1;;1;1;1;;;1;998
9;4;18;52;52001;;3;2;No inventariada;;7;2;2;;;1;1;1;;;1;998
9;3;15;52;52001;;3;2;No inventariada;;9;7;1;1;;1;1;1;;;1;998
7;6;22;52;52001;;3;2;No inventariada;;9;7;2;;;1;4;1;;;2;998
9;4;9;52;52001;;1;1;ML-204;2,2;6;6;2;;;1;1;1;;;1;2
9;5;23;52;52001;;3;2;No inventariada;;9;10;1;1;;1;4;1;;;2;998
9;1;19;52;52001;;3;2;No inventariada;;9;7;2;;;1;1;1;;;9;998
9;1;21;52;52001;;3;2;No inventariada;;9;7;2;;;1;4;1;;;1;998
9;1;20;52;52001;;3;2;No inventariada;;9;5;2;;;1;1;1;;;1;998
9;3;14;52;52001;;3;2;No inventariada;;9;2;2;;;1;1;1;;;1;998