MES;DIA_SEMANA;HORA;COD_PROVINCIA;COD_MUNICIPIO;ISLA;ZONA;ZONA_AGRUPADA;CARRETERA;KM;TIPO_VIA;TIPO_ACCIDENTE;NUDO;NUDO_INFO;CARRETERA_CRUCE;CONDICION_FIRME;CONDICION_ILUMINACION;CONDICION_METEO;CONDICION_NIEBLA;CONDICION_VIENTO;VISIB_RESTRINGIDA_POR;TRAZADO_PLANTA
9;3;11;52;52001;;3;2;No inventariada;;9;7;1;2;;1;1;1;;;1;998
9;3;13;52;52001;;3;2;No inventariada;;9;10;1;2;;2;1;1;;;1;998
9;7;5;52;52001;;3;2;No inventariada;;9;5;1;4;;1;4;1;;;1;998
9;1;17;52;52001;;3;2;No inventariada;;14;3;1;2;;2;1;1;;;1;998
9;1;12;52;52001;;3;2;No inventariada;;9;3;2;;;1;1;1;;;9;998
9;2;21;52;52001;;3;2;No inventariada;;9;2;2;;;1;4;1;;;1;998
9;4;10;52;52001;;3;2;No inventariada;;9;2;1;2;;1;1;1;;;1;998
9;4;19;52;52001;;3;2;No inventariada;;9;4;1;2;;1;1;1;;;1;998
9;4;22;52;52001;;3;2;No inventariada;;9;7;2;;;1;4;1;;;1;998
9;5;12;52;52001;;3;2;No inventariada;;9;4;2;;;1;1;1;;;1;998
9;5;18;52;52001;;3;2;No inventariada;;9;4;2;;;1;1;1;;;1;998
9;4;14;52;52001;;3;2;No inventariada;;9;2;2;;;1;1;1;;;1;998
9;7;0;52;52001;;3;2;No inventariada;;9;10;2;;;2;4;1;;;1;998
9;7;22;52;52001;;3;2;No inventariada;;9;4;2;;;1;4;1;;;2;998
9;1;12;52;52001;;3;2;No inventariada;;9;2;2;;;1;1;1;;;1;998
10;2;10;52;52001;;3;2;No inventariada;;9;2;1;2;;1;1;1;;;1;998
10;2;11;52;52001;;3;2;No inventariada;;9;20;2;;;1;1;2;;;9;998
8;2;20;52;52001;;3;2;No inventariada;;9;7;2;;;1;1;1;;;1;998
8;5;20;52;52001;;3;2;No inventariada;;9;2;2;;;1;1;1;;;1;998
10;4;8;52;52001;;3;2;No inventariada;;9;5;2;;;1;1;1;;;1;998
10;4;15;52;52001;;3;2;No inventariada;;9;2;1;7;;1;1;1;;;1;998
9;7;22;52;52001;;3;2;No inventariada;;9;10;1;4;;7;4;1;;;1;998
8;1;22;52;52001;;3;2;No inventariada;;9;7;2;;;1;4;1;;;1;998
10;5;14;52;52001;;3;2;No inventariada;;9;2;1;4;;1;1;1;;;1;998
10;5;18;52;52001;;3;2;No inventariada;;9;5;1;4;;1;1;1;;;1;998
10;7;1;52;52001;;3;2;No inventariada;;9;10;1;1;;1;4;1;;;1;998
10;1;22;52;52001;;3;2;No inventariada;;9;3;2;;;1;4;1;;;2;998
10;2;16;52;52001;;3;2;No inventariada;;9;2;1;1;;1;1;1;;;1;998
10;1;20;52;52001;;3;2;No inventariada;;9;2;2;;;1;5;1;;;1;998
10;3;8;52;52001;;3;2;No inventariada;;9;7;2;;;1;1;1;;;6;998
10;3;9;52;52001;;3;2;No inventariada;;9;2;1;1;;1;1;1;;;1;998
10;3;10;52;52001;;3;2;No inventariada;;9;2;1;4;;1;1;1;;;1;998
10;3;10;52;52001;;3;2;No inventariada;;9;7;2;;;1;1;1;;;1;998
10;7;20;52;52001;;3;2;No inventariada;;9;2;1;1;;1;4;2;;;1;998
10;2;13;52;52001;;3;2;No inventariada;;9;2;1;2;;1;1;1;;;1;998
10;2;16;52;52001;;3;2;No inventariada;;9;3;2;;;1;1;1;;;1;998
10;3;14;52;52001;;3;2;No inventariada;;9;2;1;2;;1;1;1;;;1;998
10;3;10;52;52001;;3;2;No inventariada;;9;4;2;;;1;1;1;;;1;998
10;4;8;52;52001;;3;2;No inventariada;;9;7;2;;;3;1;3;;;1;998
10;5;7;52;52001;;3;2;No inventariada;;9;2;2;;;1;1;1;;;1;998
10;5;18;52;52001;;3;2;No inventariada;;9;3;1;1;;1;1;1;;;1;998
10;5;12;52;52001;;3;2;No inventariada;;9;4;2;;;1;1;1;;;1;998
10;1;9;52;52001;;3;2;No inventariada;;9;4;2;;;1;1;1;;;1;998
10;1;17;52;52001;;3;2;No inventariada;;9;4;2;;;1;1;1;;;1;998
10;1;15;52;52001;;3;2;No inventariada;;9;9;2;;;1;1;1;;;1;998
10;4;19;52;52001;;3;2;No inventariada;;9;7;1;1;;1;4;1;;;2;998
10;2;11;52;52001;;3;2;No inventariada;;9;2;1;2;;1;1;1;;;1;998
10;1;11;52;52001;;3;2;No inventariada;;9;7;2;;;1;1;1;;;6;998
10;2;9;52;52001;;3;2;No inventariada;;9;4;1;1;;1;1;1;;;1;998
10;2;9;52;52001;;3;2;No inventariada;;9;4;1;1;;1;1;1;;;1;998
10;5;23;52;52001;;3;2;No inventariada;;9;2;2;;;1;4;1;;;1;998
10;5;23;52;52001;;3;2;No inventariada;;9;2;1;4;;1;4;1;;;1;998
10;2;19;52;52001;;3;2;No inventariada;;9;7;1;1;;1;1;1;;;1;998
10;3;8;52;52001;;3;2;No inventariada;;9;2;2;;;1;1;1;;;1;998
11;5;7;52;52001;;3;2;No inventariada;;9;2;2;;;1;1;1;;;1;998
10;3;19;52;52001;;3;2;No inventariada;;9;1;1;2;;1;4;1;;;1;998
11;6;22;52;52001;;3;2;No inventariada;;9;2;2;;;3;4;3;;;1;998
11;1;17;52;52001;;3;2;No inventariada;;9;7;1;1;;1;1;1;;;1;998
11;3;14;52;52001;;3;2;No inventariada;;9;20;2;;;1;1;1;;;1;998
11;4;17;52;52001;;3;2;No inventariada;;9;2;1;4;;1;2;1;;;1;998
11;4;19;52;52001;;3;2;No inventariada;;9;2;2;;;1;4;1;;;1;998
11;4;19;52;52001;;3;2;No inventariada;;9;3;1;2;;1;4;1;;;1;998
11;2;2;52;52001;;3;2;No inventariada;;9;3;2;;;1;4;1;;;1;998
10;5;15;52;52001;;3;2;No inventariada;;9;2;2;;;1;1;1;;;1;998
11;3;11;52;52001;;3;2;No inventariada;;9;3;2;;;1;1;1;;;1;998
11;3;13;52;52001;;3;2;No inventariada;;9;4;2;;;1;1;1;;;1;998
11;3;19;52;52001;;3;2;No inventariada;;9;10;2;;;2;2;1;1;;1;998
11;3;9;52;52001;;3;2;No inventariada;;9;2;2;;;1;1;1;;;9;998
10;3;20;52;52001;;3;2;No inventariada;;9;10;2;;;1;1;1;1;;1;998
11;5;7;52;52001;;3;2;No inventariada;;9;10;2;;;7;1;1;;;1;998
11;5;14;52;52001;;3;2;No inventariada;;9;4;2;;;1;1;1;;;1;998
11;5;13;52;52001;;3;2;No inventariada;;9;2;1;1;;1;1;2;;;1;998
11;6;13;52;52001;;3;2;No inventariada;;9;4;1;1;;1;1;1;;;1;998
11;1;3;52;52001;;3;2;No inventariada;;9;2;2;;;1;4;1;;;1;998
11;1;7;52;52001;;3;2;No inventariada;;9;2;2;;;1;1;1;;;1;998
11;4;10;52;52001;;3;2;No inventariada;;9;1;1;1;;1;1;1;;;18;998
11;5;19;52;52001;;3;2;No inventariada;;9;1;1;1;;1;4;1;;;1;998
11;5;23;52;52001;;3;2;No inventariada;;9;1;1;1;;1;4;1;;;1;998
11;5;10;52;52001;;3;2;No inventariada;;9;7;2;;;1;1;1;;;9;998
11;7;0;52;52001;;3;2;No inventariada;;9;3;1;1;;1;4;1;;;2;998
11;1;9;52;52001;;3;2;No inventariada;;9;2;1;2;;1;1;1;;;1;998
11;3;13;52;52001;;3;2;No inventariada;;13;3;2;;;1;1;1;;;1;998
11;5;23;52;52001;;3;2;No inventariada;;9;2;1;1;;1;4;1;;;1;998
11;6;14;52;52001;;3;2;No inventariada;;9;4;2;;;1;1;1;;;1;998
11;5;16;52;52001;;3;2;No inventariada;;9;2;2;;;1;1;1;;;1;998
11;5;18;52;52001;;3;2;No inventariada;;9;2;2;;;1;1;1;;;18;998
11;5;8;52;52001;;3;2;No inventariada;;9;6;2;;;1;1;1;;;1;998
12;2;13;52;52001;;3;2;No inventariada;;9;7;2;;;1;1;1;;;1;998
12;3;8;52;52001;;3;2;No inventariada;;9;2;2;;;1;1;2;;;1;998
11;2;20;52;52001;;3;2;No inventariada;;9;2;1;1;;1;4;1;;;1;998
12;4;19;52;52001;;3;2;No inventariada;;9;2;1;2;;1;4;1;;;1;998
12;6;0;52;52001;;3;2;No inventariada;;9;3;2;;;1;4;1;;;1;998
12;7;20;52;52001;;3;2;No inventariada;;9;3;2;;;1;4;1;;;9;998
12;2;9;52;52001;;3;2;No inventariada;;9;1;2;;;1;1;1;;;1;998
12;2;15;52;52001;;3;2;No inventariada;;9;7;2;;;1;1;1;;;18;998
12;2;16;52;52001;;3;2;No inventariada;;9;10;2;;;1;1;1;;;1;998
12;3;9;52;52001;;3;2;No inventariada;;9;6;1;1;;3;1;1;;;1;998
12;5;8;52;52001;;3;2;No inventariada;;9;7;2;;;1;1;1;;;1;998
12;5;8;52;52001;;3;2;No inventariada;;9;7;2;;;1;1;1;;;1;998
12;6;21;52;52001;;3;2;No inventariada;;9;7;1;1;;1;4;1;;;2;998
12;1;9;52;52001;;3;2;No inventariada;;9;7;2;;;1;1;1;;;9;998
12;1;15;52;52001;;3;2;No inventariada;;9;3;1;1;;1;1;1;;;1;998
12;2;14;52;52001;;3;2;No inventariada;;9;5;1;2;;1;1;1;;;1;998
12;2;19;52;52001;;3;2;No inventariada;;9;3;2;;;1;4;1;;;1;998
12;5;20;52;52001;;3;2;No inventariada;;9;7;2;;;1;4;1;;;1;998
12;5;21;52;52001;;3;2;No inventariada;;9;2;1;4;;1;4;1;;;1;998
12;6;17;52;52001;;3;2;No inventariada;;9;2;1;1;;1;1;2;;;1;998
12;6;21;52;52001;;3;2;No inventariada;;9;3;2;;;1;4;2;;;1;998
12;7;21;52;52001;;3;2;No inventariada;;9;2;1;1;;1;4;1;;;1;998
12;7;23;52;52001;;3;2;No inventariada;;9;4;2;;;1;4;1;;;1;998
12;2;10;52;52001;;3;2;No inventariada;;9;2;1;2;;1;1;1;;;1;998
12;3;23;52;52001;;3;2;No inventariada;;9;2;1;1;;1;4;1;;;1;998
12;7;14;52;52001;;3;2;No inventariada;;9;4;1;2;;1;1;1;;;1;998
12;3;21;2;2003;;3;2;No inventariada;;9;7;2;;;1;4;1;;;1;998
12;6;11;2;2003;;3;2;No inventariada;;9;7;1;2;;1;1;1;;;6;998
12;2;12;2;2003;;3;2;No inventariada;;9;2;1;1;;1;1;2;;;1;998
12;7;1;2;2003;;3;2;No inventariada;;9;2;1;1;;1;4;1;;;1;998
12;2;13;2;2003;;3;2;No inventariada;;9;20;1;1;;1;1;1;;;1;998
11;6;11;2;2003;;3;2;No inventariada;;9;2;2;;;1;1;1;;;1;998
12;1;12;2;2003;;3;2;No inventariada;;9;10;2;;;1;1;1;;;1;998
12;5;0;2;2003;;3;2;No inventariada;;14;4;2;;;1;4;1;;;1;998
10;7;16;2;2037;;3;2;No inventariada;;9;2;1;5;;1;1;1;;;6;998
10;2;19;2;2037;;3;2;No inventariada;;9;4;1;4;;1;2;1;;;1;998
11;3;14;2;2037;;3;2;No inventariada;;9;7;2;;;1;1;1;;;9;998
11;4;16;2;2037;;3;2;No inventariada;;9;2;1;5;;1;1;1;;;1;998
12;2;14;2;2037;;3;2;No inventariada;;9;7;1;2;;1;1;1;;;1;998
12;4;8;2;2037;;3;2;No inventariada;;9;9;1;4;;1;1;1;;;1;998
12;4;17;2;2037;;3;2;No inventariada;;9;4;2;;;1;1;2;;;1;998
12;5;16;2;2081;;3;2;No inventariada;;9;2;1;1;;1;1;1;;;1;998
12;2;15;2;2081;;3;2;No inventariada;;9;4;1;2;;1;1;1;1;;1;998
11;7;15;2;2081;;3;2;No inventariada;;9;2;1;1;;1;1;1;;;1;998
11;7;11;3;3009;;3;2;No inventariada;;9;7;2;;;1;1;1;;;1;998
8;2;14;3;3011;;3;2;No inventariada;;9;2;1;2;;1;1;1;;;1;998
8;1;13;3;3011;;3;2;No inventariada;;9;4;2;;;1;1;1;;;1;998
12;5;23;3;3011;;3;2;No inventariada;;9;10;2;;;1;4;1;;;1;998
8;1;9;3;3011;;3;2;No inventariada;;9;2;2;;;1;1;1;;;1;998
8;7;22;3;3011;;3;2;No inventariada;;9;4;1;4;;1;5;1;;;1;998
8;5;17;3;3011;;3;2;No inventariada;;9;7;2;;;1;1;1;;;1;998
8;4;15;3;3011;;3;2;No inventariada;;9;4;2;;;1;1;1;;;1;998
7;2;12;3;3011;;3;2;No inventariada;;9;10;1;4;;8;1;1;;;1;998
7;2;9;3;3011;;3;2;No inventariada;;9;7;1;4;;1;1;1;;;1;998
12;7;10;3;3011;;3;2;No inventariada;;9;10;1;2;;1;1;1;;;1;998
7;1;12;3;3011;;3;2;No inventariada;;9;6;2;;;1;1;1;;;1;998
7;5;20;3;3011;;3;2;No inventariada;;9;7;2;;;1;1;1;;;1;998
7;5;15;3;3011;;3;2;No inventariada;;9;3;2;;;1;1;1;;;1;998
7;1;7;3;3011;;3;2;No inventariada;;9;4;1;2;;1;1;1;;;1;998
6;6;10;3;3011;;3;2;No inventariada;;9;10;1;4;;1;1;1;;;1;998
6;5;22;3;3011;;3;2;No inventariada;;9;4;2;;;1;4;1;;;1;998
6;3;20;3;3011;;3;2;No inventariada;;9;2;1;2;;1;2;1;;;1;998
6;1;8;3;3011;;3;2;No inventariada;;9;10;1;4;;8;1;1;;;1;998
6;2;16;3;3011;;3;2;No inventariada;;9;2;1;2;;1;1;1;;;1;998
6;7;4;3;3011;;3;2;No inventariada;;9;12;2;;;1;6;1;;;1;998
6;6;0;3;3011;;3;2;No inventariada;;9;2;1;2;;1;4;1;;;1;998
6;5;7;3;3011;;3;2;No inventariada;;9;2;1;2;;1;1;1;;;1;998
6;1;16;3;3011;;3;2;No inventariada;;9;2;1;2;;1;1;1;;;1;998
9;2;12;3;3014;;3;2;No inventariada;;9;10;2;;;1;1;1;;;1;998
9;5;8;3;3014;;3;2;No inventariada;;9;2;1;1;;1;1;1;;;1;998
9;1;20;3;3014;;3;2;No inventariada;;9;2;2;;;1;2;1;;;1;998
9;1;12;3;3014;;3;2;No inventariada;;9;2;1;4;;1;1;1;;;1;998
9;4;7;3;3014;;3;2;No inventariada;;9;2;1;1;;3;1;3;;;18;998
11;5;8;3;3014;;3;2;No inventariada;;9;10;2;;;7;1;7;;;2;998
11;7;16;3;3014;;3;2;No inventariada;;9;4;2;;;3;1;3;;;1;998
12;7;13;3;3014;;3;2;No inventariada;;9;5;1;2;;1;1;1;;;1;998
10;5;22;3;3014;;3;2;No inventariada;;9;4;2;;;1;1;1;;;1;998
10;3;20;3;3014;;3;2;No inventariada;;9;2;1;1;;1;4;1;;;1;998
10;5;12;3;3014;;3;2;No inventariada;;9;2;2;;;1;1;1;;;1;998
11;4;9;3;3014;;3;2;No inventariada;;9;4;1;1;;1;1;1;;;18;998
11;4;9;3;3014;;3;2;No inventariada;;9;2;2;;;1;1;1;;;1;998
11;4;20;3;3014;;3;2;No inventariada;;9;2;1;2;;1;1;1;;;18;998
11;1;9;3;3014;;3;2;No inventariada;;9;2;1;1;;1;1;1;;;1;998
11;1;19;3;3014;;3;2;No inventariada;;9;4;1;1;;1;4;1;;;1;998
11;2;18;3;3014;;3;2;No inventariada;;9;2;1;2;;1;4;1;;;1;998
11;3;18;3;3014;;3;2;No inventariada;;9;4;1;1;;1;2;1;;;1;998
11;2;10;3;3014;;3;2;No inventariada;;9;10;1;4;;3;1;1;;;1;998
11;6;15;3;3014;;3;2;No inventariada;;9;7;1;1;;1;1;1;;;1;998
11;1;13;3;3014;;3;2;No inventariada;;9;4;1;2;;1;1;1;;;1;998
11;1;16;3;3014;;3;2;No inventariada;;9;4;1;2;;1;1;1;;;1;998
11;2;8;3;3014;;3;2;No inventariada;;9;3;1;2;;1;1;1;;;1;998
12;3;22;3;3014;;3;2;No inventariada;;9;3;1;1;;1;4;1;;;1;998
12;7;13;3;3014;;3;2;No inventariada;;9;4;1;4;;1;1;1;;;1;998
8;7;14;3;3014;;3;2;No inventariada;;9;20;1;2;;1;1;1;;;1;998
12;1;19;3;3014;;3;2;No inventariada;;9;7;2;;;1;3;1;;;1;998
12;6;11;3;3014;;3;2;No inventariada;;9;4;1;2;;1;1;1;;;1;998
12;5;16;3;3014;;3;2;No inventariada;;9;4;1;2;;1;1;1;;;1;998
6;4;20;3;3014;;3;2;No inventariada;;9;3;1;1;;1;1;1;;;1;998
12;1;12;3;3014;;3;2;No inventariada;;9;2;1;1;;1;1;1;;;18;998
12;5;7;3;3014;;3;2;No inventariada;;9;2;1;1;;1;1;1;;;18;998
8;5;7;3;3014;;3;2;No inventariada;;9;3;1;1;;1;1;1;;;1;998
12;2;13;3;3014;;3;2;No inventariada;;9;2;2;;;1;1;1;;;1;998
12;2;11;3;3014;;3;2;No inventariada;;9;2;2;;;1;1;1;;;18;998
12;4;20;3;3014;;3;2;No inventariada;;9;4;2;;;1;1;7;;;1;998
12;4;14;3;3014;;3;2;No inventariada;;9;2;1;4;;1;1;1;;;1;998
12;3;17;3;3014;;3;2;No inventariada;;9;7;2;;;1;1;1;;;1;998
12;2;14;3;3014;;3;2;No inventariada;;9;2;2;;;1;1;1;;;1;998
12;7;22;3;3014;;3;2;No inventariada;;9;2;1;1;;1;1;1;;;1;998
12;7;3;3;3014;;3;2;No inventariada;;9;12;2;;;1;3;1;;;1;998
11;2;7;3;3014;;3;2;No inventariada;;9;2;1;1;;1;1;1;;;18;998
11;6;1;3;3014;;3;2;No inventariada;;9;2;1;1;;1;2;1;;;18;998
11;3;12;3;3014;;3;2;No inventariada;;9;3;1;1;;1;1;1;;;18;998
11;3;11;3;3014;;3;2;No inventariada;;9;19;2;;;1;1;1;;;18;998
10;4;17;3;3014;;3;2;No inventariada;;9;2;1;2;;1;1;1;;;18;998
10;4;15;3;3014;;3;2;No inventariada;;9;2;2;;;1;1;1;;;18;998
10;2;8;3;3014;;3;2;No inventariada;;9;10;2;;;1;1;1;;;18;998
10;6;2;3;3014;;3;2;No inventariada;;9;15;2;;;1;4;1;;;18;998
10;5;20;3;3014;;3;2;No inventariada;;9;3;2;;;1;1;1;;;18;998
10;4;18;3;3014;;3;2;No inventariada;;9;7;2;;;1;1;1;;;18;998
10;6;0;3;3014;;3;2;No inventariada;;9;7;2;;;1;4;1;;;18;998
10;5;23;3;3014;;3;2;No inventariada;;9;2;2;;;1;3;1;;;18;998
10;1;14;3;3014;;3;2;No inventariada;;9;4;1;2;;1;1;1;;;18;998
10;7;22;3;3014;;3;2;No inventariada;;9;2;1;1;;1;4;1;;;18;998
10;7;16;3;3014;;3;2;No inventariada;;9;2;1;1;;1;1;1;;;18;998
10;7;15;3;3014;;3;2;No inventariada;;9;4;2;;;1;1;1;;;18;998
10;3;21;3;3014;;3;2;No inventariada;;9;7;2;;;1;1;1;;;18;998
10;2;7;3;3014;;3;2;No inventariada;;9;2;1;2;;1;1;1;;;18;998
10;6;19;3;3014;;3;2;No inventariada;;9;7;1;2;;1;1;1;1;;18;998
10;6;18;3;3014;;3;2;No inventariada;;9;2;1;1;;1;2;7;1;;18;998
10;3;22;3;3014;;3;2;No inventariada;;9;2;1;2;;1;5;1;;;18;998
12;4;15;3;3015;;3;2;No inventariada;;9;2;1;1;;1;1;1;;;1;998
12;3;10;3;3015;;3;2;No inventariada;;9;2;1;2;;3;1;1;;;1;998
2;6;8;3;3015;;3;2;No inventariada;;9;2;1;1;;1;1;1;;;1;998
11;4;15;3;3018;;3;2;No inventariada;;14;4;2;;;1;1;1;;;1;998
11;7;11;3;3018;;3;2;No inventariada;;9;4;2;;;1;1;1;;;1;998
11;2;17;3;3018;;3;2;No inventariada;;9;20;1;2;;3;1;3;;;5;998
11;1;18;3;3018;;3;2;No inventariada;;14;3;1;2;;1;3;1;;;1;998
12;1;12;3;3018;;3;2;No inventariada;;9;7;2;;;1;1;1;;;1;998
12;4;11;3;3018;;3;2;No inventariada;;9;2;1;2;;1;1;1;;;9;998
12;7;2;3;3018;;3;2;No inventariada;;9;3;1;1;;1;4;1;;;1;998
12;2;15;3;3018;;3;2;No inventariada;;9;2;2;;;1;1;1;;;1;998
12;4;8;3;3021;;3;2;No inventariada;;9;2;1;1;;1;1;1;;;2;998
12;7;12;3;3031;;3;2;No inventariada;;9;7;1;2;;1;1;1;;;6;998
12;2;9;3;3031;;3;2;No inventariada;;9;2;1;1;;3;1;2;;;1;998
12;6;18;3;3031;;3;2;No inventariada;;9;10;2;;;1;6;1;;;1;998
12;5;16;3;3031;;3;2;No inventariada;;9;3;2;;;1;1;1;;;1;998
12;6;11;3;3031;;3;2;No inventariada;;9;3;2;;;1;1;1;;;1;998
12;7;11;3;3031;;3;2;No inventariada;;9;7;1;1;;1;1;1;;;1;998
12;6;10;3;3031;;3;2;No inventariada;;9;4;1;1;;1;1;1;;;1;998
12;7;12;3;3031;;3;2;No inventariada;;9;2;1;4;;1;1;1;;;1;998
12;2;14;3;3031;;3;2;No inventariada;;9;2;1;1;;1;1;1;;;1;998
12;2;19;3;3031;;3;2;No inventariada;;9;2;2;;;1;4;1;;;1;998
12;5;17;3;3031;;3;2;No inventariada;;9;2;1;2;;1;1;1;;;1;998
12;7;14;3;3031;;3;2;No inventariada;;9;6;2;;;1;1;1;;;1;998
3;7;9;3;3031;;3;2;No inventariada;;9;10;2;;;3;1;2;;;15;998
9;3;16;3;3041;;3;2;No inventariada;;9;15;2;;;1;1;1;;;1;998
10;4;18;3;3041;;3;2;No inventariada;;9;3;;;;1;3;1;;;999;998
10;3;18;3;3041;;3;2;No inventariada;;9;4;1;2;;3;3;2;;;18;998
11;3;21;3;3041;;1;1;CV-745;9,5;6;8;2;;;1;2;1;;;18;1
10;7;14;3;3041;;3;2;No inventariada;;9;3;1;1;;1;1;1;;;18;998
11;2;13;3;3041;;1;1;CV-746;3;6;2;2;;;1;1;1;;;18;2
12;1;19;3;3041;;3;2;No inventariada;;9;4;2;;;1;3;1;;;18;998
12;6;3;3;3041;;3;2;No inventariada;;9;7;2;;;1;6;1;;;1;998
11;4;19;3;3044;;3;2;No inventariada;;9;2;1;2;;9;1;7;;;18;998
12;2;4;3;3048;;3;2;No inventariada;;9;3;1;2;;1;1;1;;;1;998
12;1;10;3;3050;;3;2;No inventariada;;9;10;2;;;1;1;2;;;1;998
12;2;9;3;3055;;3;2;No inventariada;;9;2;1;1;;1;1;1;;;1;998
6;5;11;3;3056;;3;2;No inventariada;;9;4;2;;;1;1;1;;;1;998
7;2;23;3;3056;;3;2;No inventariada;;9;2;1;4;;1;4;1;;;1;998
7;4;9;3;3056;;1;1;CV-703;1;6;6;2;;;1;1;1;;;1;1
9;7;20;3;3056;;3;2;No inventariada;;9;7;2;;;1;3;1;;;1;998
12;4;11;3;3059;;3;2;No inventariada;;9;7;1;2;;1;1;1;;;18;998
11;2;13;3;3059;;3;2;No inventariada;;9;3;2;;;1;1;1;;;1;998
12;4;12;3;3059;;3;2;No inventariada;;9;7;2;;;1;1;1;;;1;998
12;4;13;3;3059;;3;2;No inventariada;;9;4;2;;;1;1;1;;;18;998
11;3;16;3;3064;;3;2;No inventariada;;9;7;1;1;;1;1;1;;;2;998
7;5;6;3;3065;;3;2;No inventariada;;9;16;1;4;;1;5;1;;;1;998
12;4;19;3;3066;;3;2;No inventariada;;9;7;1;1;;1;4;1;;;1;998
12;2;9;3;3066;;3;2;No inventariada;;9;10;1;4;;2;1;1;;;1;998
12;7;20;3;3066;;3;2;No inventariada;;9;2;1;1;;1;4;1;;;9;998
12;2;11;3;3066;;3;2;No inventariada;;9;3;1;1;;1;1;1;;;1;998
12;1;19;3;3069;;1;1;N-332;144,2;6;5;2;;;1;6;1;;;1;1
11;2;8;3;0;;3;2;No inventariada;;14;7;2;;;1;1;1;;;1;998
12;3;12;3;0;;3;2;No inventariada;;9;4;2;;;1;1;1;;;1;998
11;6;18;3;0;;3;2;No inventariada;;9;7;2;;;1;3;1;;;1;998
12;3;16;3;3079;;3;2;No inventariada;;9;2;2;;;1;1;1;;;1;998
11;2;15;3;3079;;3;2;No inventariada;;9;2;2;;;1;1;1;;;1;998
11;3;17;3;3079;;3;2;No inventariada;;9;2;1;1;;1;1;1;;;1;998
12;2;15;3;3079;;3;2;No inventariada;;9;7;2;;;1;1;1;;;1;998
8;3;6;3;3079;;3;2;No inventariada;;9;10;2;;;1;3;1;;;1;998
10;4;20;3;3090;;3;2;No inventariada;;9;10;1;2;;1;5;1;;;1;998
10;1;13;3;3090;;3;2;No inventariada;;9;2;1;1;;1;1;1;;;1;998
11;5;10;3;3090;;3;2;No inventariada;;9;20;2;;;1;1;1;;;1;998
12;4;7;3;3090;0;3;2;No inventariada;;9;11;2;;;1;2;1;;;1;998
12;7;15;3;3090;;3;2;No inventariada;;9;15;1;4;;1;1;1;;;1;998
12;6;1;3;3093;;1;1;CV-825;2,7;6;7;1;2;7;1;6;1;;;1;1
12;1;9;3;3095;;1;1;N-332a;3,5;5;10;2;;;1;1;1;;1;18;1
10;3;12;3;3099;;3;2;No inventariada;;9;16;2;;;1;1;1;;;1;998
12;3;8;3;3099;;3;2;No inventariada;;9;1;2;;;3;1;2;;;1;998
12;4;14;3;3099;;3;2;No inventariada;;9;4;2;;;1;1;1;;;1;998
11;1;12;3;3099;;3;2;No inventariada;;9;7;2;;;1;1;1;;;1;998
11;6;9;3;3099;;3;2;No inventariada;;9;10;2;;;1;1;1;;;1;998
12;1;13;3;3099;;3;2;No inventariada;;9;2;1;4;;1;1;1;;;1;998
12;4;15;3;3099;;3;2;No inventariada;;9;18;2;;;1;1;1;;;1;998
11;1;13;3;3099;;3;2;No inventariada;;9;10;2;;;1;1;1;;;1;998
12;1;16;3;3099;;3;2;No inventariada;;9;7;2;;;1;1;1;;;1;998
12;4;18;3;3099;;3;2;No inventariada;;9;20;2;;;1;1;1;;;1;998
10;5;13;3;3099;;3;2;No inventariada;;9;8;2;;;1;1;1;;;1;998
12;7;13;3;3107;;3;2;No inventariada;;9;7;2;;;1;1;1;;;1;998
12;1;11;3;3118;;3;2;No inventariada;;9;1;1;1;;1;1;1;;;1;998
5;5;7;3;3119;;3;2;No inventariada;;9;7;1;1;;1;1;1;;;1;998
6;7;10;3;3119;;3;2;No inventariada;;9;10;1;1;;8;1;1;;;17;998
8;2;13;3;3119;;3;2;No inventariada;;9;2;1;4;;1;1;1;;;9;998
10;1;9;3;3121;;3;2;No inventariada;;9;7;1;2;;1;1;1;;;1;998