MES;DIA_SEMANA;HORA;COD_PROVINCIA;COD_MUNICIPIO;ISLA;ZONA;ZONA_AGRUPADA;CARRETERA;KM;TIPO_VIA;TIPO_ACCIDENTE;NUDO;NUDO_INFO;CARRETERA_CRUCE;CONDICION_FIRME;CONDICION_ILUMINACION;CONDICION_METEO;CONDICION_NIEBLA;CONDICION_VIENTO;VISIB_RESTRINGIDA_POR;TRAZADO_PLANTA
11;6;1;3;3121;;3;2;No inventariada;;9;10;2;;;1;4;1;;;1;998
12;6;12;3;3121;;3;2;No inventariada;;9;10;1;2;;1;1;1;;;1;998
10;4;20;3;3121;;3;2;No inventariada;;9;3;2;;;1;6;1;;;1;998
11;1;11;3;3122;;3;2;No inventariada;;9;4;1;1;;1;1;1;;;1;998
9;4;20;3;3122;;3;2;No inventariada;;9;7;2;;;3;4;3;;;1;998
9;4;17;3;3122;;3;2;No inventariada;;9;3;1;9;;1;1;1;;;1;998
6;2;13;3;3128;;3;2;No inventariada;;9;4;1;4;CV-740;1;1;1;;;1;998
6;3;19;3;3128;;3;2;No inventariada;;9;7;1;4;;1;1;1;;;1;998
6;6;19;3;3128;;3;2;No inventariada;;9;10;2;;;1;1;1;;;1;998
6;4;15;3;3128;;3;2;No inventariada;;9;3;1;4;;1;1;1;;;1;998
10;1;13;3;3133;;3;2;No inventariada;;9;2;1;1;;1;1;1;;;1;998
10;2;9;3;3133;;3;2;No inventariada;;9;2;1;4;;1;1;7;;;1;998
11;7;10;3;3133;;3;2;No inventariada;;9;7;2;;;1;1;7;;;1;998
10;4;19;3;3133;;3;2;No inventariada;;9;7;2;;;1;3;1;;;1;998
9;2;13;3;3133;;3;2;No inventariada;;9;2;1;1;;1;1;1;;;2;998
10;1;22;3;3133;;3;2;No inventariada;;9;2;1;1;;1;5;1;;;2;998
11;2;7;3;3133;;3;2;No inventariada;;9;2;1;1;;1;1;1;;;2;998
8;1;10;3;3133;;3;2;No inventariada;;9;7;2;;;1;1;1;;;1;998
10;5;14;3;3133;;3;2;No inventariada;;9;7;2;;;1;1;1;;;1;998
8;4;15;3;3133;;3;2;No inventariada;;9;2;1;1;;1;1;1;;;2;998
11;3;7;3;3133;;3;2;No inventariada;;9;2;1;4;;3;5;3;;;1;998
11;3;14;3;3133;;3;2;No inventariada;;9;19;2;;;1;1;1;;;2;998
11;5;14;3;3133;;3;2;No inventariada;;9;2;1;1;;1;1;1;;;2;998
12;2;18;3;3133;;3;2;No inventariada;;9;7;2;;;3;4;3;;;5;998
12;7;12;3;3133;;3;2;No inventariada;;9;10;2;;;1;1;1;;;1;998
12;5;8;3;3133;;3;2;No inventariada;;9;2;1;4;;1;1;1;;;1;998
6;4;15;3;3133;;3;2;No inventariada;;9;1;2;;;1;1;1;;;9;998
12;7;20;3;3133;;3;2;No inventariada;;9;2;1;1;;1;1;1;;;2;998
12;5;11;3;3133;;3;2;No inventariada;;9;7;2;;;1;1;1;;;1;998
9;5;18;3;3133;;3;2;No inventariada;;9;2;1;1;;1;1;1;;;2;998
12;1;17;3;3133;;3;2;No inventariada;;9;2;1;2;;1;1;1;;;2;998
12;1;19;3;3133;;3;2;No inventariada;;9;2;2;;;1;4;1;;;1;998
10;3;7;3;3138;;3;2;No inventariada;;9;4;2;;;1;4;1;;;1;998
9;5;10;3;3138;;3;2;No inventariada;;9;3;2;;;1;1;1;;;1;998
11;3;10;3;3138;;3;2;No inventariada;;9;7;1;4;;1;1;1;;;18;998
10;1;17;3;3139;;3;2;No inventariada;;9;7;1;1;;1;1;1;;;1;998
11;2;19;3;3139;;3;2;No inventariada;;9;2;1;2;;1;4;1;;;1;998
12;2;21;3;3139;;3;2;No inventariada;;9;2;1;2;;1;4;1;;;9;998
12;1;16;3;3139;;3;2;No inventariada;;9;7;2;;;1;1;1;;;6;998
10;3;19;3;3139;0;3;2;No inventariada;;9;10;2;;;1;2;1;;;1;998
10;6;16;3;3140;;1;1;A-33;83,1;3;4;2;;;1;1;1;;;1;2
9;1;9;3;3903;;2;2;CV-945;1,9;6;4;2;;;1;1;1;;;1;1
10;1;10;3;3903;;3;2;No inventariada;;9;7;2;;;1;1;1;;;1;998
12;4;20;3;3903;;1;1;CV-945;6,3;6;2;1;4;A-7;1;6;1;;;18;2
2;2;11;4;4003;;3;2;No inventariada;;9;7;1;4;;1;1;1;;;1;998
12;1;19;4;4013;;3;2;No inventariada;;9;2;1;1;;1;4;1;;;1;998
12;6;10;4;4013;;3;2;No inventariada;;9;10;1;4;;8;1;1;;;1;998
12;2;13;4;4013;;3;2;No inventariada;;14;10;2;;;1;1;1;;;18;998
12;6;14;4;4013;;3;2;No inventariada;;9;7;1;2;;1;1;1;;;1;998
12;5;13;4;4013;;3;2;No inventariada;;9;7;2;;;1;1;1;;;1;998
12;6;16;4;4013;;3;2;No inventariada;;9;18;2;;;1;1;1;;;1;998
10;4;14;4;4013;;3;2;No inventariada;;9;10;1;4;;1;1;1;;;1;998
11;1;14;4;4053;;3;2;No inventariada;;9;18;2;;;3;1;1;;;1;998
12;1;12;4;4053;;3;2;No inventariada;;9;4;1;2;;1;1;1;;;1;998
12;4;12;4;4053;;3;2;No inventariada;;9;7;2;;;1;1;1;;;1;998
8;7;0;4;4066;;3;2;No inventariada;;9;7;1;2;;1;4;1;;;1;998
9;3;17;4;4066;;3;2;No inventariada;;9;7;2;;;1;1;1;;;1;998
8;5;21;4;4066;;3;2;No inventariada;;7;7;2;;;1;4;1;;;1;998
6;4;10;4;4066;;3;2;No inventariada;;9;10;1;1;;1;1;1;;;1;998
10;3;16;4;4066;;3;2;No inventariada;;9;2;1;4;;1;1;1;;;1;998
10;3;9;4;4066;;3;2;No inventariada;;9;7;1;2;;1;1;1;;;6;998
10;2;18;4;4066;;3;2;No inventariada;;9;2;1;4;;1;1;1;;;1;998
11;7;6;4;4066;;3;2;No inventariada;;9;2;1;2;;1;4;1;;;1;998
11;1;18;4;4066;;3;2;No inventariada;;9;2;1;1;;1;1;1;;;1;998
10;2;16;4;4066;;3;2;No inventariada;;9;1;2;;;1;1;1;;;1;998
12;6;20;4;4066;;3;2;No inventariada;;9;7;1;2;;1;4;1;;;1;998
12;3;13;4;4066;;3;2;No inventariada;;9;2;1;2;;1;1;1;;;2;998
10;4;20;4;4075;;3;2;No inventariada;;9;2;1;1;;1;4;1;;;1;998
10;3;19;4;4079;;3;2;No inventariada;;9;2;1;2;;1;2;1;;;1;998
10;1;21;4;4079;;3;2;No inventariada;;9;2;1;2;;3;4;3;;;1;998
11;4;21;4;4079;;3;2;No inventariada;;9;2;1;1;;1;4;1;;;1;998
11;3;10;4;4079;;3;2;No inventariada;;9;2;1;1;;1;1;1;;;1;998
11;3;17;4;4079;;3;2;No inventariada;;9;2;1;4;;1;1;1;;;1;998
12;2;9;4;4079;;3;2;No inventariada;;9;2;1;4;;1;2;1;;;1;998
12;3;12;4;4079;;3;2;No inventariada;;9;2;1;1;;1;1;1;;;1;998
12;1;13;4;4079;;3;2;No inventariada;;9;2;1;1;;1;1;1;;;1;998
12;5;15;4;4079;;3;2;No inventariada;;9;4;2;;;1;1;1;;;1;998
12;2;15;4;4079;;3;2;No inventariada;;9;4;1;4;;1;1;1;;;1;998
11;5;22;4;4079;;3;2;No inventariada;;9;2;1;4;;1;4;1;;;1;998
12;7;20;4;4079;;3;2;No inventariada;;9;2;1;4;;1;4;1;;;1;998
12;1;0;4;4079;;3;2;No inventariada;;9;19;2;;;1;4;1;;;1;998
12;4;19;4;4079;;3;2;No inventariada;;9;2;1;1;;1;4;1;;;1;998
12;6;14;4;4100;;3;2;No inventariada;;9;2;2;;;1;1;1;;;1;998
10;5;11;4;4902;;3;2;No inventariada;;9;2;1;1;;1;1;1;1;;1;998
10;7;13;4;4902;;3;2;No inventariada;;9;7;1;4;;1;1;1;;;1;998
10;2;9;4;4902;;3;2;No inventariada;;9;1;1;4;;1;1;1;;;1;998
10;3;7;4;4902;;3;2;No inventariada;;9;2;1;4;;1;2;1;;;18;998
10;5;18;4;4902;;3;2;No inventariada;;9;1;2;;;1;1;1;;;18;998
10;1;10;4;4902;;3;2;No inventariada;;9;1;1;1;;8;1;1;;;18;998
10;6;10;4;4902;;3;2;No inventariada;;9;2;1;1;;1;1;1;;;18;998
10;1;14;4;4902;;3;2;No inventariada;;9;2;1;1;;1;1;1;;;1;998
10;1;15;4;4902;;3;2;No inventariada;;9;7;2;;;1;1;1;;;1;998
10;4;6;4;4902;;3;2;No inventariada;;9;1;2;;;8;4;1;;;1;998
10;7;12;4;4902;;3;2;No inventariada;;9;1;1;1;;1;1;1;;;1;998
10;2;18;4;4902;;3;2;No inventariada;;9;7;2;;;3;4;3;;;1;998
11;5;17;4;4902;;3;2;No inventariada;;9;7;1;2;;1;1;1;;;1;998
11;7;20;4;4902;;3;2;No inventariada;;9;2;1;1;;9;4;1;;;1;998
11;1;15;4;4902;;3;2;No inventariada;;9;1;1;1;;4;1;4;;;1;998
10;1;13;4;4902;;3;2;No inventariada;;9;1;1;1;;1;1;2;;;1;998
11;1;19;4;4902;;3;2;No inventariada;;9;2;2;;;3;4;3;;;1;998
11;5;6;4;4902;;3;2;No inventariada;;9;7;2;;;1;3;1;;;12;998
10;5;8;4;4902;;3;2;No inventariada;;9;3;1;4;;9;1;7;;;1;998
10;3;7;4;4902;;3;2;No inventariada;;9;1;1;4;;1;4;1;;;1;998
10;3;12;4;4902;;3;2;No inventariada;;9;2;1;1;;1;1;1;;;1;998
11;3;14;4;4902;;3;2;No inventariada;;9;2;1;1;;1;1;1;;;1;998
10;4;19;4;4902;;3;2;No inventariada;;9;2;1;1;;1;1;1;;;1;998
11;6;23;4;4902;;3;2;No inventariada;;9;2;1;1;;1;4;1;;;1;998
11;3;15;4;4902;;3;2;No inventariada;;9;3;1;1;;9;1;1;;;1;998
11;1;17;4;4902;;3;2;No inventariada;;9;1;1;1;;1;1;1;;;1;998
11;4;10;4;4902;;3;2;No inventariada;;9;2;1;4;;1;1;1;;;1;998
11;3;16;4;4902;;3;2;No inventariada;;9;2;1;1;;1;1;1;;;1;998
11;3;17;4;4902;;3;2;No inventariada;;9;2;1;4;;1;1;1;;;1;998
11;3;14;4;4902;;3;2;No inventariada;;9;3;2;;;1;1;1;;;1;998
11;4;6;4;4902;;3;2;No inventariada;;9;2;1;1;;1;2;1;;;1;998
11;2;17;4;4902;;3;2;No inventariada;;9;2;1;4;;1;1;7;;;1;998
12;4;14;4;4902;;3;2;No inventariada;;9;7;1;1;;1;1;2;;;1;998
12;5;14;4;4902;;3;2;No inventariada;;9;1;2;;;1;1;1;;;1;998
11;4;8;4;4902;;3;2;No inventariada;;9;1;1;1;;1;1;1;;;1;998
12;1;17;4;4902;;3;2;No inventariada;;9;1;1;1;;1;1;1;;;1;998
12;2;13;4;4902;;3;2;No inventariada;;9;3;1;4;;1;1;1;;;1;998
12;4;19;4;4902;;3;2;No inventariada;;9;2;1;4;;1;4;1;;;1;998
12;5;22;4;4902;;3;2;No inventariada;;9;4;2;;;1;4;1;;;1;998
12;5;20;4;4902;;3;2;No inventariada;;9;10;1;4;;3;3;1;;;1;998
11;7;3;4;4902;;3;2;No inventariada;;9;1;2;;;1;4;1;;;1;998
12;5;20;4;4902;;3;2;No inventariada;;9;2;1;2;;1;4;7;;;1;998
11;5;14;4;4902;;3;2;No inventariada;;9;2;2;;;1;1;1;;;1;998
12;3;15;4;4902;;3;2;No inventariada;;9;2;1;1;;1;1;1;;;1;998
12;5;13;4;4902;;3;2;No inventariada;;9;7;1;4;;1;1;1;;;1;998
12;7;12;4;4902;;3;2;No inventariada;;9;2;1;1;;1;1;1;;;1;998
12;3;12;4;4902;;3;2;No inventariada;;9;7;2;;;1;1;1;;;1;998
11;7;19;4;4902;;3;2;No inventariada;;9;2;1;1;;1;4;1;;;1;998
11;3;7;5;5019;;3;2;No inventariada;;9;7;1;4;;3;4;7;1;;1;998
12;6;21;5;5019;;3;2;No inventariada;;9;2;2;;;1;4;2;;;1;998
12;6;18;5;5019;;3;2;No inventariada;;9;7;2;;;3;5;2;;;1;998
9;2;10;5;0;;3;2;No inventariada;;9;1;2;;;1;1;1;;;1;998
11;3;18;6;6011;;3;2;No inventariada;;9;7;1;2;;1;1;1;;;1;998
12;6;19;6;6011;;3;2;No inventariada;;9;2;1;2;;1;3;1;;;1;998
12;7;10;6;6011;;3;2;No inventariada;;9;7;2;;;1;2;1;;;6;998
4;3;13;6;6011;;3;2;No inventariada;;9;12;2;;;1;1;2;;;1;998
10;4;8;6;0;;3;2;No inventariada;;9;7;1;2;;1;3;1;;;16;998
12;7;19;6;6015;;3;2;No inventariada;;9;7;1;1;;1;4;1;;;1;998
10;4;13;6;6015;;3;2;No inventariada;;9;2;1;4;;3;1;3;;;1;998
12;6;1;6;6015;;3;2;No inventariada;;9;1;2;;;1;4;1;;;18;998
12;1;9;6;6015;;3;2;No inventariada;;9;6;2;;;1;1;1;;;1;998
10;2;8;6;6015;;3;2;No inventariada;;9;7;2;;;1;1;1;;;1;998
12;1;14;6;6015;;3;2;No inventariada;;9;10;2;;;1;1;1;;;1;998
10;2;11;6;6015;;3;2;No inventariada;;9;10;2;;;1;1;1;;;1;998
12;1;16;6;6015;;3;2;No inventariada;;9;2;1;4;;1;1;1;;;6;998
12;6;12;6;6015;;3;2;No inventariada;;9;2;1;1;;1;1;1;;;1;998
11;4;21;6;6015;;3;2;No inventariada;;9;4;2;;;9;4;7;;;18;998
12;3;14;6;6015;;3;2;No inventariada;;9;6;2;;;1;1;1;;;1;998
11;5;13;6;6015;;3;2;No inventariada;;9;2;2;;;1;1;1;;;1;998
12;7;13;6;6015;;3;2;No inventariada;;9;7;1;4;;1;1;1;;;1;998
12;5;15;6;6015;;3;2;No inventariada;;9;5;2;;;1;1;1;;;1;998
12;4;11;6;6015;;3;2;No inventariada;;9;2;1;2;;1;1;1;;;1;998
11;3;18;6;6015;0;3;2;No inventariada;;9;4;1;4;;1;3;1;;;1;998
11;6;20;6;6044;;3;2;No inventariada;;9;2;1;4;;1;4;1;;;1;998
11;7;16;6;6044;;3;2;No inventariada;;9;2;1;1;;1;1;1;;;1;998
12;2;19;6;6044;;3;2;No inventariada;;9;2;1;1;;1;4;1;;;1;998
12;4;12;6;6044;;3;2;No inventariada;;9;2;1;1;;1;1;1;;;1;998
12;5;22;6;6070;;3;2;No inventariada;;14;4;2;;;1;6;1;;;18;998
12;2;18;6;6070;;3;2;No inventariada;;9;4;2;;;1;1;1;;;1;998
12;1;21;6;6088;;1;1;CHG;0;14;14;2;;;1;6;7;;;1;1
12;3;18;6;6083;;3;2;No inventariada;;9;2;1;1;;1;4;1;;;1;998
12;1;9;6;6083;;3;2;No inventariada;;9;7;2;;;1;1;1;;;1;998
12;4;21;6;6123;;1;1;EX-110;9,8;6;4;2;;;1;6;1;;;1;1
10;4;13;6;6153;;3;2;No inventariada;;9;7;1;1;;1;1;1;;;1;998
10;4;22;6;6153;;3;2;No inventariada;;9;3;1;1;;1;4;1;;;1;998
12;4;13;6;6153;;3;2;No inventariada;;9;5;2;;;1;1;1;;;1;998
11;1;21;6;6153;;3;2;No inventariada;;9;2;2;;;1;4;1;;;1;998
10;4;16;7;7003;;3;2;No inventariada;;9;2;2;;;1;1;1;;;1;998
11;1;9;7;7003;;3;2;No inventariada;;9;2;2;;;1;1;1;;;1;998
11;2;13;7;7003;;3;2;No inventariada;;9;2;2;;;1;1;1;;;1;998
12;1;8;7;7003;;3;2;No inventariada;;9;7;2;;;3;1;3;;;1;998
12;6;22;7;7003;;3;2;No inventariada;;9;19;1;4;;1;4;1;;;1;998
12;3;20;7;7003;;3;2;No inventariada;;9;7;2;;;1;4;1;;;1;998
12;6;18;7;7003;;3;2;No inventariada;;9;14;2;;;1;4;1;;;1;998
12;7;17;7;7013;1;3;2;No inventariada;;9;7;2;;;1;3;1;;;12;998
12;1;13;7;7015;2;3;2;No inventariada;;9;20;2;;;9;1;7;;;1;998
11;2;19;7;7022;1;3;2;No inventariada;;14;1;2;;;1;1;1;;;1;998
9;3;1;7;7026;;3;2;No inventariada;;9;16;2;;;1;4;1;;;1;998
12;1;12;7;7026;;3;2;No inventariada;;14;2;2;;;1;1;1;;;1;998
12;5;14;7;7026;;3;2;No inventariada;;9;2;2;;;1;1;1;;;1;998
12;1;9;7;7026;;3;2;No inventariada;;9;2;2;;;1;1;1;;;1;998
8;4;15;7;7026;;3;2;No inventariada;;9;19;2;;;1;1;1;;;1;998
12;1;19;7;7026;;3;2;No inventariada;;9;2;1;4;;1;1;1;;;1;998
12;1;14;7;7026;;3;2;No inventariada;;9;3;1;4;;1;1;1;;;1;998
12;1;7;7;7027;1;3;2;No inventariada;;9;7;1;1;;1;3;1;;;1;998
12;5;19;7;7027;1;3;2;No inventariada;;9;6;2;;;1;3;1;;;1;998
12;5;19;7;7031;1;3;2;No inventariada;;9;2;1;1;;1;4;1;;;1;998
12;4;9;7;7031;1;3;2;No inventariada;;9;2;1;1;;1;1;1;;;1;998
11;7;7;7;7032;2;3;2;No inventariada;;9;4;2;;;1;2;1;;;1;998
11;4;12;7;7032;2;3;2;No inventariada;;9;4;2;;;1;1;1;;;1;998
11;6;17;7;7032;2;3;2;No inventariada;;9;2;2;;;1;1;1;;;1;998
10;5;5;7;7032;2;3;2;No inventariada;;9;7;1;1;;1;1;1;;;1;998
12;2;14;7;7032;2;3;2;No inventariada;;9;5;1;2;;1;1;1;;;1;998
12;4;17;7;7032;2;3;2;No inventariada;;9;4;2;;;1;1;1;;;1;998
12;7;23;7;7036;1;3;2;No inventariada;;9;16;2;;;1;4;1;;;1;998
12;1;9;7;7037;2;3;2;No inventariada;;9;10;2;;;1;1;7;;;18;998
11;1;8;7;7040;1;3;2;No inventariada;;9;7;2;;;1;1;1;;;1;998
12;3;14;7;7040;1;3;2;No inventariada;;9;7;2;;;1;1;1;;;1;998
12;1;15;7;7040;1;3;2;No inventariada;;9;3;2;;;1;1;1;;;1;998
10;2;8;7;7040;1;3;2;No inventariada;;9;10;2;;;3;1;3;;;1;998
11;1;11;7;7040;1;3;2;No inventariada;;9;19;2;;;1;1;1;;;1;998
12;6;13;7;7040;1;3;2;No inventariada;;9;3;2;;;1;1;1;;;1;998
12;7;12;7;7040;1;3;2;No inventariada;;9;7;1;1;;1;1;1;;;1;998
12;4;16;7;7040;1;3;2;No inventariada;;9;3;2;;;1;1;1;;;1;998
11;2;16;7;7040;1;3;2;No inventariada;;9;2;1;1;;1;1;1;;;1;998
12;5;19;7;7040;1;3;2;No inventariada;;9;7;1;2;;1;4;1;;;9;998
12;5;6;7;7040;1;3;2;No inventariada;;9;1;1;2;;1;4;1;;;1;998
1;3;15;7;7040;1;3;2;No inventariada;;9;2;1;1;;1;1;1;;;1;998
8;5;13;7;7040;1;3;2;No inventariada;;9;2;1;1;;1;1;1;;;1;998
1;7;10;7;7040;1;3;2;No inventariada;;9;7;1;1;;1;1;1;;;1;998
12;5;9;7;7040;1;3;2;No inventariada;;9;2;2;;;1;1;1;;;1;998
8;4;18;7;7040;1;3;2;No inventariada;;9;1;2;;;1;1;1;;;1;998
8;5;16;7;7040;1;3;2;No inventariada;;9;2;1;1;;1;1;1;;;1;998
10;4;17;7;7040;1;3;2;No inventariada;;9;2;1;1;;1;1;1;;;1;998
10;4;12;7;7040;1;3;2;No inventariada;;9;7;1;1;;1;1;1;;;1;998
11;4;4;7;7040;1;3;2;No inventariada;;9;10;2;;;1;4;1;;;1;998
8;5;8;7;7042;1;3;2;No inventariada;;9;7;2;;;1;1;1;;;6;998
12;4;11;7;7042;1;3;2;No inventariada;;9;2;2;;;1;1;7;;;18;998
11;4;17;9;9059;;3;2;No inventariada;;9;7;2;;;1;1;1;;;1;998
12;1;0;9;9059;;3;2;No inventariada;;9;15;2;;;1;4;1;;;1;998
12;4;18;9;9059;;3;2;No inventariada;;9;7;2;;;1;4;1;;;1;998
12;3;19;9;9059;;3;2;No inventariada;;9;7;2;;;1;4;1;;;1;998
12;5;17;9;9059;;3;2;No inventariada;;9;10;2;;;1;1;1;;;1;998
12;2;19;9;9059;;3;2;No inventariada;;9;7;1;1;;1;4;1;;;1;998
12;1;22;9;9059;;3;2;No inventariada;;9;10;2;;;3;4;3;;;1;998
11;2;10;9;9059;;3;2;No inventariada;;9;2;2;;;1;1;1;;;1;998
12;1;13;9;9059;;3;2;No inventariada;;9;7;2;;;1;1;1;;;1;998
12;3;14;9;9059;;3;2;No inventariada;;9;12;2;;;1;1;1;;;1;998
11;4;23;9;9059;;3;2;No inventariada;;9;10;2;;;1;3;7;;;1;998
11;5;20;9;9059;;3;2;No inventariada;;9;3;1;2;;1;4;7;;;1;998
12;3;13;9;9059;;3;2;No inventariada;;9;4;2;;;1;1;1;;;1;998
11;4;8;9;9059;;3;2;No inventariada;;9;2;1;4;;1;1;1;;;1;998
11;2;5;9;9059;;3;2;No inventariada;;9;10;1;4;;3;4;3;;;1;998
11;6;20;9;9059;;3;2;No inventariada;;9;10;2;;;1;4;1;;;18;998
12;7;21;9;9059;;3;2;No inventariada;;9;2;1;1;;1;4;1;;;1;998
12;3;21;9;9059;;3;2;No inventariada;;9;7;2;;;1;4;1;;;11;998
7;1;13;9;9059;;3;2;No inventariada;;9;7;2;;;1;1;1;;;9;998
12;7;19;9;0;;1;1;BU-627;14,2;6;18;2;;;1;6;1;;1;1;1
12;1;10;10;10037;;3;2;No inventariada;;14;4;2;;;1;1;1;;;1;998
12;3;9;10;10037;;3;2;No inventariada;;9;2;1;4;;1;1;1;;;1;998
12;6;12;10;10037;;3;2;No inventariada;;9;2;2;;;1;1;1;;;1;998
11;1;11;10;10067;;3;2;No inventariada;;9;4;2;;;1;1;1;;;1;998
11;6;14;10;10128;;3;2;No inventariada;;9;7;2;;;1;1;1;;;18;998
11;4;21;10;10128;;3;2;No inventariada;;9;2;1;1;;3;4;3;;;18;998
11;3;22;10;10128;;3;2;No inventariada;;9;16;2;;;9;4;7;;;18;998
11;5;19;10;10131;;3;2;No inventariada;;9;8;2;;;1;3;1;;;1;998
12;3;14;10;10131;;3;2;No inventariada;;9;10;1;2;;1;1;1;;;1;998
12;5;8;10;10131;;3;2;No inventariada;;9;7;2;;;1;3;1;;;1;998
12;3;18;10;10131;;3;2;No inventariada;;9;6;2;;;1;4;1;;;1;998
11;6;10;10;10148;;3;2;No inventariada;;9;7;1;1;;1;1;1;;;1;998
12;2;10;10;10195;;3;2;No inventariada;;9;7;2;;;1;1;1;;;1;998
12;6;13;11;11004;;3;2;No inventariada;;9;7;2;;;1;1;1;;;18;998
10;4;17;11;11008;;3;2;No inventariada;;9;2;2;;;1;1;1;;;9;998
10;6;4;11;11010;;3;2;No inventariada;;9;5;2;;;1;4;1;;;1;998
10;3;14;11;11010;;3;2;No inventariada;;9;2;2;;;1;1;2;;;1;998
10;5;19;11;11010;;3;2;No inventariada;;9;2;1;1;;1;1;1;;;1;998
11;5;16;11;11012;;3;2;No inventariada;;9;4;2;;;1;1;1;;;1;998
11;2;15;11;11012;;3;2;No inventariada;;9;3;2;;;1;1;1;;;1;998
10;2;21;11;11012;;3;2;No inventariada;;14;2;1;1;;1;4;1;;;1;998
3;3;12;11;11016;;3;2;No inventariada;;9;2;2;;;1;1;1;;;18;998
12;2;11;11;11020;;3;2;No inventariada;;9;2;2;;;1;1;1;;;1;998
12;1;15;11;11022;;3;2;No inventariada;;9;7;2;;;1;1;1;;;1;998
12;1;18;11;11022;;3;2;No inventariada;;9;2;1;4;;1;4;1;;;1;998
12;4;10;11;11022;;3;2;No inventariada;;9;7;2;;;1;1;1;;;1;998
12;5;17;11;11022;;3;2;No inventariada;;9;2;1;1;;1;1;1;;;1;998
12;6;1;11;11022;;3;2;No inventariada;;9;1;1;1;;1;4;1;;;1;998
12;6;11;11;11022;;3;2;No inventariada;;9;7;2;;;1;1;1;;;1;998
12;2;21;11;11022;;3;2;No inventariada;;9;7;2;;;1;4;1;;;1;998
12;3;15;11;11022;;3;2;No inventariada;;9;2;1;1;;1;1;1;;;1;998
12;5;11;11;11022;;3;2;No inventariada;;9;2;1;1;;1;1;1;;;1;998
12;6;17;11;11022;;3;2;No inventariada;;9;2;1;1;;1;1;1;;;1;998
12;7;10;11;11022;;3;2;No inventariada;;9;16;2;;;1;1;1;;;1;998
12;1;16;11;11022;;3;2;No inventariada;;9;10;1;1;;1;1;1;;;1;998
12;7;16;11;11027;;1;1;A-491;0;6;7;1;4;;1;1;1;;;1;1
12;2;0;11;11027;;1;1;A-2002;1;6;10;1;4;;1;6;1;;;18;1
12;2;9;11;11027;;3;2;No inventariada;;9;4;2;;;1;1;1;;;1;998
12;5;19;11;11027;;3;2;No inventariada;;14;3;2;;;1;4;1;;;1;998
12;4;17;11;11027;;3;2;No inventariada;;9;7;1;1;;1;1;1;;;1;998
12;3;11;11;11030;;3;2;No inventariada;;9;10;1;2;;1;1;1;;;2;998
12;5;15;11;11030;;3;2;No inventariada;;9;2;2;;;1;1;1;;;1;998
12;1;10;11;11031;;3;2;No inventariada;;9;2;2;;;1;1;1;;;1;998
12;5;10;11;11031;;3;2;No inventariada;;9;4;1;1;;1;1;1;;;6;998
12;1;17;11;11031;;3;2;No inventariada;;9;7;2;;;1;1;1;1;;6;998
11;4;10;11;11031;;3;2;No inventariada;;9;7;1;1;;1;1;1;;;1;998
11;7;14;11;11031;;3;2;No inventariada;;9;2;1;1;;1;1;1;;;1;998
12;2;22;11;11032;;3;2;No inventariada;;9;18;2;;;1;4;1;;;1;998
11;5;16;11;11032;;3;2;No inventariada;;9;10;2;;;8;1;1;;;1;998
11;1;20;11;11035;;3;2;No inventariada;;9;20;2;;;1;4;1;;;18;998
11;1;17;11;11035;;3;2;No inventariada;;9;4;2;;;1;2;7;;;18;998
10;1;15;11;11035;;3;2;No inventariada;;9;3;1;2;;9;1;7;;;4;998
12;7;21;11;11035;;3;2;No inventariada;;9;3;2;;;9;4;7;;;18;998
11;6;15;11;11035;;3;2;No inventariada;;9;7;2;;;9;1;7;;;18;998
1;4;7;12;12009;;3;2;No inventariada;;9;2;1;1;;1;1;1;;;1;998
11;6;16;12;12009;;3;2;No inventariada;;9;7;1;1;;1;1;2;;;1;998
11;6;23;12;12009;;3;2;No inventariada;;9;2;1;1;;1;4;1;;;1;998
12;5;15;12;12009;;3;2;No inventariada;;9;2;1;2;;1;1;1;;;1;998
12;1;12;12;12009;;3;2;No inventariada;;9;4;1;4;CV-18;1;1;1;;;1;998
12;5;16;12;12009;;3;2;No inventariada;;9;10;1;1;;7;1;1;;;1;998
12;5;22;12;12009;;3;2;No inventariada;;9;15;1;2;;7;4;1;;;1;998