MES;DIA_SEMANA;HORA;COD_PROVINCIA;COD_MUNICIPIO;ISLA;ZONA;ZONA_AGRUPADA;CARRETERA;KM;TIPO_VIA;TIPO_ACCIDENTE;NUDO;NUDO_INFO;CARRETERA_CRUCE;CONDICION_FIRME;CONDICION_ILUMINACION;CONDICION_METEO;CONDICION_NIEBLA;CONDICION_VIENTO;VISIB_RESTRINGIDA_POR;TRAZADO_PLANTA
11;2;17;12;12009;;3;2;No inventariada;;9;2;2;;;1;1;1;;;1;998
11;6;23;12;12009;;3;2;No inventariada;;9;16;2;;;9;4;7;;;18;998
10;3;9;12;12011;;3;2;No inventariada;;9;2;2;;;1;1;1;;;1;998
12;1;16;12;12027;;3;2;No inventariada;;9;7;2;;;1;2;1;;;1;998
12;1;14;12;12027;;3;2;No inventariada;;9;4;1;2;;1;1;1;;;6;998
12;3;18;12;12027;;3;2;No inventariada;;9;7;2;;;1;4;7;;;1;998
12;7;11;12;12027;;3;2;No inventariada;;9;7;1;4;;1;1;1;;;1;998
10;4;9;12;12027;;3;2;No inventariada;;9;7;2;;;1;1;1;;;6;998
10;5;8;12;12027;;3;2;No inventariada;;9;2;1;4;;1;1;1;;;1;998
10;1;11;12;12027;;3;2;No inventariada;;9;2;1;4;;1;1;1;;;1;998
12;2;9;12;12032;;3;2;No inventariada;;13;10;2;;;1;1;1;;;1;998
12;5;16;12;12032;;3;2;No inventariada;;9;10;2;;;7;1;1;;;1;998
12;7;16;12;12032;;3;2;No inventariada;;9;10;2;;;1;1;1;;;1;998
12;4;8;12;12032;;3;2;No inventariada;;9;2;1;1;;1;1;1;;;2;998
12;7;10;12;12040;;3;2;No inventariada;;9;4;2;;;1;1;1;;;1;998
11;2;12;12;12040;;3;2;No inventariada;;9;4;2;;;1;1;1;;;1;998
11;1;10;12;12040;;3;2;No inventariada;;9;1;2;;;1;1;1;;;1;998
10;1;16;12;12040;;3;2;No inventariada;;9;7;1;2;;1;1;1;;;1;998
11;2;5;12;12040;;3;2;No inventariada;;9;3;1;1;;1;4;1;;;1;998
12;1;12;12;12040;;3;2;No inventariada;;9;7;1;1;;1;1;1;;;1;998
10;3;13;12;12082;;1;1;CV-226;0;6;3;1;1;;1;1;1;;;1;4
11;7;12;12;12082;;3;2;No inventariada;;9;4;2;;;1;1;1;;;18;998
12;7;22;12;12085;;3;2;No inventariada;;9;10;1;2;;1;1;1;;;1;998
11;5;15;12;12117;;3;2;No inventariada;;14;7;2;;;1;1;1;;;18;998
12;2;13;12;0;;1;1;N-232;17,5;6;3;1;2;;1;1;1;;;1;1
12;2;10;12;12126;;3;2;No inventariada;;9;20;1;2;;1;1;1;;;18;998
11;3;18;12;12126;;3;2;No inventariada;;9;20;1;4;;3;4;4;;;5;998
11;4;21;12;12138;;3;2;No inventariada;;9;7;2;;;1;4;1;;;1;998
11;4;12;12;12138;;3;2;No inventariada;;9;7;1;2;;1;1;1;;;6;998
11;7;12;12;12138;;3;2;No inventariada;;9;19;2;;;1;1;1;;;1;998
11;3;15;12;12138;;3;2;No inventariada;;9;7;1;4;;1;1;1;;;1;998
12;1;11;12;12138;;3;2;No inventariada;;9;2;1;1;;1;1;1;;;1;998
12;1;19;13;13005;;3;2;No inventariada;;9;2;1;1;;1;4;1;;;1;998
12;3;12;13;13034;;3;2;No inventariada;;9;10;1;2;;1;1;1;;;1;998
12;3;9;13;13034;;3;2;No inventariada;;9;7;2;;;1;1;1;;;6;998
12;7;21;13;13034;;3;2;No inventariada;;9;12;2;;;1;4;1;;;1;998
12;7;23;13;13034;;3;2;No inventariada;;9;16;1;1;;1;4;1;;;1;998
12;7;9;13;13034;;3;2;No inventariada;;9;16;2;;;1;2;1;;;1;998
11;4;17;13;13039;;3;2;No inventariada;;9;1;2;;;1;2;1;;;1;998
11;2;8;13;13082;;3;2;No inventariada;;9;2;1;1;;1;1;1;;;1;998
11;5;23;13;13082;;3;2;No inventariada;;9;2;1;4;;1;4;1;;;1;998
12;1;13;13;13082;;3;2;No inventariada;;9;2;1;1;;1;1;1;;;1;998
12;1;9;13;13082;;3;2;No inventariada;;9;2;1;1;;1;1;1;;;1;998
12;4;10;13;13082;;3;2;No inventariada;;9;7;1;1;;1;1;1;;;1;998
12;1;18;13;13087;;3;2;No inventariada;;9;7;2;;;1;1;1;;;1;998
8;7;20;14;14007;;3;2;No inventariada;;9;2;1;1;;1;2;1;;;18;998
10;6;12;14;14007;;3;2;No inventariada;;9;4;1;2;;1;1;1;;;1;998
4;2;16;14;14007;;3;2;No inventariada;;9;2;2;;;1;1;1;;;18;998
12;5;11;14;14013;;3;2;No inventariada;;9;7;2;;;1;1;1;;;1;998
11;4;16;14;14013;;3;2;No inventariada;;14;2;1;1;;1;1;1;;;1;998
12;1;9;14;14013;;3;2;No inventariada;;9;4;1;2;;1;1;1;;;1;998
12;2;8;14;14013;;3;2;No inventariada;;9;7;2;;;1;1;1;;;1;998
12;6;23;14;14013;;3;2;No inventariada;;9;2;2;;;1;4;1;;;1;998
12;2;22;14;14019;;3;2;No inventariada;;9;16;2;;;1;4;1;;;1;998
11;5;9;14;14021;;3;2;No inventariada;;9;2;1;2;;1;1;1;;;1;998
11;4;9;14;14021;;3;2;No inventariada;;9;2;2;;;1;1;1;;;1;998
12;4;9;14;14021;;3;2;No inventariada;;9;1;2;;;1;1;1;;;1;998
2;6;7;14;14021;;3;2;No inventariada;;9;3;2;;;3;2;3;;;1;998
10;1;8;15;15002;;3;2;No inventariada;;9;2;1;1;;1;1;1;;;1;998
12;7;17;15;15002;;3;2;No inventariada;;9;7;1;1;;1;1;1;;;1;998
12;3;11;15;15002;;3;2;No inventariada;;9;7;2;;;1;1;1;;;1;998
7;7;11;15;15005;;3;2;No inventariada;;9;7;1;4;AC-552;1;1;1;;;1;998
12;2;15;15;15005;;3;2;No inventariada;;9;3;2;;;1;1;1;;;1;998
12;2;20;15;15005;;3;2;No inventariada;;9;7;2;;;1;4;1;;;1;998
11;5;21;15;15005;;3;2;No inventariada;;9;16;2;;;1;4;1;;;1;998
12;3;19;15;15019;;3;2;No inventariada;;9;7;1;2;;1;3;1;;;1;998
11;5;20;15;15030;;3;2;No inventariada;;9;7;1;2;;1;4;1;;;1;998
11;5;12;15;15030;;3;2;No inventariada;;9;7;1;1;;1;1;2;;;1;998
12;4;14;15;15030;;3;2;No inventariada;;9;3;2;;;1;1;1;;;1;998
12;4;16;15;15030;;3;2;No inventariada;;9;3;2;;;1;1;2;;;1;998
12;4;17;15;15030;;3;2;No inventariada;;9;7;2;;;1;2;1;;;6;998
12;5;20;15;15030;;3;2;No inventariada;;9;1;2;;;1;4;1;;;9;998
10;1;22;15;15030;;3;2;No inventariada;;9;7;2;;;1;4;1;;;1;998
11;5;14;15;15030;;3;2;No inventariada;;9;4;2;;;3;1;2;;;9;998
12;4;17;15;15030;;3;2;No inventariada;;9;7;2;;;9;1;7;;;18;998
12;7;11;15;15030;;3;2;No inventariada;;9;7;2;;;1;1;1;;;1;998
12;4;13;15;15030;;3;2;No inventariada;;9;3;2;;;1;1;1;;;1;998
12;2;8;15;15036;;3;2;No inventariada;;9;10;1;4;;3;3;3;1;;18;998
12;2;13;15;15036;;1;1;FE-14;1;5;4;1;4;;1;1;2;1;;18;1
12;2;13;15;15036;;3;2;No inventariada;;9;4;1;4;;1;1;2;;;1;998
12;2;18;15;15036;;3;2;No inventariada;;9;2;1;1;;1;4;2;;;9;998
10;6;20;15;15036;;3;2;No inventariada;;9;3;2;;;1;4;1;;;1;998
10;3;19;15;15036;;3;2;No inventariada;;9;4;1;4;;3;1;3;;;1;998
10;4;15;15;15036;;1;1;DP-3608;3,6;6;4;2;;;1;1;1;;;1;1
10;5;2;15;15036;;1;1;FE-13;4,2;5;3;1;4;AP-9F;1;4;1;;;1;1
10;2;21;15;15036;;1;1;FE-13;4,1;5;7;1;4;;3;4;4;;;5;1
10;6;19;15;15036;;1;1;DP-3608;1,8;6;3;2;;;1;1;1;;;1;3
10;3;18;15;15036;;3;2;No inventariada;;9;7;2;;;1;1;1;;;1;998
11;7;10;15;15036;;1;1;FE-13;2,6;5;3;1;4;;3;1;3;;;1;1
11;6;21;15;15036;;3;2;No inventariada;;9;4;2;;;3;4;3;;;5;998
11;2;2;15;15036;;1;1;DP-5401;1,7;6;16;2;;;1;6;2;;;1;3
11;4;11;15;15036;;3;2;No inventariada;;9;3;1;2;;1;1;1;;;6;998
11;4;12;15;15036;;1;1;DP-3602;2,35;6;13;1;2;;1;1;1;;;1;1
12;3;11;15;15036;;3;2;No inventariada;;9;7;1;1;;1;1;1;;;1;998
12;3;12;15;15036;;3;2;No inventariada;;14;7;2;;;1;1;1;;;1;998
12;5;17;15;15036;;3;2;No inventariada;;9;13;2;;;1;1;1;;;1;998
12;1;11;15;15036;;3;2;No inventariada;;9;7;1;1;;1;1;1;;;1;998
12;2;11;15;15036;;1;1;DP-3603;8;6;4;2;;;1;1;1;;;1;1
12;1;13;15;15036;;3;2;No inventariada;;9;10;2;;;1;1;1;;;1;998
12;3;12;15;15036;;3;2;No inventariada;;9;3;1;1;;3;1;2;;;1;998
12;2;21;15;15041;;1;1;DP-1913;4,1;6;3;2;;;1;6;1;;;1;1
7;2;10;15;0;;2;2;AC-115;2,66;6;7;2;;;1;1;1;;;1;1
2;2;10;15;0;;2;2;AC-115;3,97;6;7;2;;;1;1;1;;;18;1
12;1;15;15;15058;;2;2;AC-174;2,8;6;4;2;;;3;1;1;;;1;1
12;3;8;15;15058;;2;2;AC-174;2,1;6;4;2;;;3;4;3;;;1;1
12;3;16;15;15058;;3;2;No inventariada;;9;10;2;;;3;1;4;;;1;998
12;7;13;15;15058;;2;2;DP-5810;1,1;6;2;1;2;;1;1;1;;;1;1
12;5;5;15;15058;;3;2;No inventariada;;9;10;2;;;1;4;1;;;1;998
11;7;19;15;15067;;3;2;No inventariada;;9;7;2;;;1;4;7;;;1;998
12;2;12;15;15067;;3;2;No inventariada;;14;7;1;2;;1;1;1;;;1;998
11;2;11;15;15078;;3;2;No inventariada;;14;10;2;;;9;1;7;;;1;998
12;7;1;15;15078;;3;2;No inventariada;;9;2;1;1;;3;3;3;;;1;998
12;4;15;15;15078;;3;2;No inventariada;;9;15;2;;;1;1;1;;;1;998
12;6;10;15;15078;;3;2;No inventariada;;9;7;2;;;3;1;3;;;1;998
12;7;0;15;15078;;3;2;No inventariada;;9;7;2;;;3;4;3;;;1;998
12;1;15;15;15078;;3;2;No inventariada;;9;7;2;;;1;1;1;;;1;998
12;5;14;15;15078;;3;2;No inventariada;;9;2;1;4;;1;1;1;;;1;998
12;3;12;15;15078;;3;2;No inventariada;;9;10;2;;;1;1;1;;;1;998
12;7;20;15;15078;;3;2;No inventariada;;9;7;1;2;;1;4;1;;;5;998
12;1;16;15;15078;;3;2;No inventariada;;9;10;1;4;;1;1;1;;;6;998
11;5;13;15;15082;;3;2;No inventariada;;14;2;1;5;;1;1;1;;;9;998
3;1;14;18;18021;;3;2;No inventariada;;9;2;1;2;;1;1;1;;;18;998
10;6;7;18;18021;;3;2;No inventariada;;9;1;2;;;1;4;1;;;1;998
10;1;7;18;18021;;3;2;No inventariada;;7;3;2;;;1;4;1;;;1;998
10;2;16;18;18021;;3;2;No inventariada;;9;4;2;;;1;1;1;;;18;998
10;2;12;18;18021;;3;2;No inventariada;;9;10;2;;;1;1;1;;;1;998
11;6;14;18;18021;;3;2;No inventariada;;7;4;2;;;1;1;1;;;1;998
12;2;13;18;18021;;3;2;No inventariada;;9;1;2;;;1;1;1;;;1;998
12;1;8;18;18021;;3;2;No inventariada;;9;7;1;2;;1;1;1;;;1;998
12;2;9;18;18021;;3;2;No inventariada;;9;10;1;2;;1;1;1;;;1;998
12;7;20;18;18021;;3;2;No inventariada;;9;2;1;4;;1;4;1;;;1;998
12;4;18;18;18021;;3;2;No inventariada;;9;7;1;4;;1;1;1;;;1;998
12;1;19;18;18021;;3;2;No inventariada;;9;2;1;4;;1;4;1;;;18;998
7;1;4;18;18021;;3;2;No inventariada;;9;2;1;4;;1;4;1;;;1;998
7;1;20;18;18021;;3;2;No inventariada;;9;3;1;4;;1;1;1;;;1;998
7;6;10;18;18021;;3;2;No inventariada;;9;4;1;4;;1;1;1;;;1;998
8;3;16;18;18021;;3;2;No inventariada;;9;2;1;2;;1;1;1;;;1;998
8;2;16;18;18021;;3;2;No inventariada;;9;2;1;1;;1;1;1;;;1;998
8;1;21;18;18021;;3;2;No inventariada;;9;10;1;2;;1;2;1;;;1;998
9;2;20;18;18021;;3;2;No inventariada;;9;7;2;;;1;1;1;;;1;998
11;2;18;18;18087;;1;1;GR-30;9;3;4;2;;;1;4;1;;;1;1
12;3;19;18;18087;;3;2;No inventariada;;9;2;1;2;;1;4;1;;;1;998
12;4;13;18;18087;;3;2;No inventariada;;9;7;2;;;1;1;1;;;1;998
12;4;15;18;18087;;3;2;No inventariada;;9;3;1;4;;3;1;3;;;1;998
12;4;17;18;18087;;3;2;No inventariada;;9;19;2;;;3;1;3;;;1;998
12;4;20;18;18087;;3;2;No inventariada;;9;7;1;2;;3;4;3;;;1;998
12;3;20;18;18087;;3;2;No inventariada;;9;7;1;2;;1;4;1;;;1;998
12;5;10;18;18087;;3;2;No inventariada;;9;10;2;;;3;1;3;;;1;998
12;2;14;18;18087;;3;2;No inventariada;;9;2;2;;;1;1;1;;;1;998
12;2;15;18;18087;;3;2;No inventariada;;9;4;1;4;;1;1;7;;;1;998
12;3;2;18;18087;;3;2;No inventariada;;9;19;2;;;1;4;7;;;18;998
12;3;13;18;18087;;3;2;No inventariada;;9;2;2;;;1;1;1;;;1;998
12;5;14;18;18087;;3;2;No inventariada;;9;4;1;4;;1;1;1;;;1;998
12;5;12;18;18087;;3;2;No inventariada;;9;4;2;;;1;1;1;;;1;998
12;5;20;18;18087;;3;2;No inventariada;;9;2;2;;;1;4;7;;;1;998
12;5;20;18;18087;;3;2;No inventariada;;9;16;2;;;9;4;7;;;18;998
12;6;18;18;18087;;3;2;No inventariada;;9;2;1;1;;1;4;1;;;1;998
12;7;2;18;18087;;3;2;No inventariada;;9;15;1;4;;1;4;1;;;1;998
12;1;12;18;18087;;3;2;No inventariada;;9;7;2;;;1;1;1;;;1;998
12;1;14;18;18087;;3;2;No inventariada;;9;7;2;;;1;1;1;;;1;998
12;1;12;18;18087;;3;2;No inventariada;;9;2;2;;;1;1;1;;;1;998
12;1;14;18;18087;;3;2;No inventariada;;9;7;1;1;;1;1;1;;;1;998
12;1;20;18;18087;;3;2;No inventariada;;9;4;1;1;;1;4;1;;;1;998
12;1;20;18;18087;;3;2;No inventariada;;9;2;1;4;;1;4;1;;;1;998
12;3;3;18;18087;;3;2;No inventariada;;9;3;2;;;1;4;1;;;1;998
12;3;21;18;18087;;3;2;No inventariada;;9;7;2;;;1;4;1;;;1;998
12;4;17;18;18087;;3;2;No inventariada;;9;2;1;2;;1;1;1;;;1;998
12;4;23;18;18087;;3;2;No inventariada;;9;2;2;;;1;4;1;;;1;998
12;5;17;18;18087;;3;2;No inventariada;;9;7;1;1;;1;1;1;;;6;998
12;6;8;18;18087;;3;2;No inventariada;;9;2;1;1;;1;3;1;;;1;998
12;7;0;18;18087;;3;2;No inventariada;;9;2;1;1;;1;4;7;;;1;998
12;1;12;18;18087;;3;2;No inventariada;;9;7;2;;;1;1;1;;;1;998
12;1;17;18;18087;;3;2;No inventariada;;9;2;1;4;;1;1;1;;;1;998
12;2;13;18;18087;;3;2;No inventariada;;9;2;1;2;;1;1;1;;;1;998
12;3;2;18;18087;;3;2;No inventariada;;9;6;1;4;;1;4;1;;;1;998
12;1;16;18;18087;;3;2;No inventariada;;9;10;2;;;1;1;1;;;2;998
12;7;16;18;18087;;3;2;No inventariada;;9;2;1;2;;1;1;1;;;1;998
11;2;0;18;18087;;3;2;No inventariada;;9;16;2;;;1;4;1;;;1;998
11;2;20;18;18087;;3;2;No inventariada;;9;2;2;;;1;4;1;;;1;998
11;7;23;18;18087;;3;2;No inventariada;;9;12;2;;;1;4;1;;;1;998
11;1;11;18;18087;;3;2;No inventariada;;9;3;2;;;1;1;1;;;1;998
11;4;19;18;18087;;3;2;No inventariada;;9;7;2;;;1;4;1;;;9;998
11;3;15;18;18087;;3;2;No inventariada;;9;4;2;;;1;1;7;;;1;998
10;1;15;18;18087;;3;2;No inventariada;;9;10;1;4;;1;1;1;;;1;998
10;1;20;18;18087;;3;2;No inventariada;;9;7;1;1;;1;4;1;;;1;998
10;4;11;18;18087;;3;2;No inventariada;;9;10;2;;;3;1;3;;;1;998
9;5;5;18;18087;;3;2;No inventariada;;9;19;2;;;1;4;1;;;1;998
6;5;3;18;18087;;3;2;No inventariada;;9;19;2;;;1;4;1;;;1;998
5;6;1;18;18102;;3;2;No inventariada;;9;16;1;2;;1;3;1;;;1;998
11;1;19;18;18122;;3;2;No inventariada;;9;7;2;;;1;3;1;;;1;998
11;5;22;18;18122;;3;2;No inventariada;;9;6;1;1;;1;4;1;;;1;998
12;7;11;18;18140;;3;2;No inventariada;;9;15;2;;;1;1;1;;;1;998
12;5;14;18;18149;;3;2;No inventariada;;9;1;1;2;;1;1;2;;;2;998
12;2;17;18;18140;;1;1;A-4133;11,2;6;2;2;;;3;2;4;;;1;2
12;5;13;18;18193;;3;2;No inventariada;;9;7;2;;;1;1;1;;;1;998
12;3;8;18;18905;;3;2;No inventariada;;9;2;2;;;1;1;1;;;1;998
12;7;15;19;19024;;3;2;No inventariada;;14;3;1;2;;1;1;1;1;;1;998
12;3;14;19;19071;;1;1;GU-1057;1;6;19;2;;;1;1;1;;;1;2
12;2;18;19;0;;1;1;N-320;312,025;6;1;2;;;1;2;1;;;1;1
12;6;20;19;0;;1;1;CM-2006;2;6;9;2;;;1;6;1;;;1;1
12;4;12;19;0;;1;1;CM-2115;7;6;15;2;;;1;1;1;;;1;2
10;5;12;21;21002;;3;2;No inventariada;;9;3;2;;;1;1;1;;;9;998
7;5;15;21;21002;;3;2;No inventariada;;9;12;2;;;1;1;1;;;1;998
3;6;12;21;21002;;3;2;No inventariada;;9;6;2;;;1;1;1;;;1;998
8;1;15;21;21002;;3;2;No inventariada;;9;2;1;2;;1;1;1;;;4;998
6;4;16;21;21002;;3;2;No inventariada;;9;3;1;1;;1;1;1;;;1;998
3;5;14;21;21002;;3;2;No inventariada;;9;2;1;1;;1;1;1;;;1;998
12;4;15;21;21002;;3;2;No inventariada;;9;2;1;1;;1;1;1;;;1;998
9;5;21;21;21002;;3;2;No inventariada;;9;15;2;;;1;4;1;;;1;998
7;4;8;21;21002;;3;2;No inventariada;;9;2;1;1;;1;1;1;;;1;998
12;2;14;21;21007;;1;1;HU-8105;30;6;15;2;;;1;1;1;;;1;3
11;1;17;21;21041;;3;2;No inventariada;;9;7;2;;;1;2;1;;;6;998
12;4;12;21;21041;;3;2;No inventariada;;9;;;;;999;999;999;;;999;998
12;7;1;21;21041;;3;2;No inventariada;;9;16;2;;;1;4;1;;;1;998
8;4;1;21;21042;;3;2;No inventariada;;9;7;2;;;1;4;1;;;18;998
12;1;20;21;21044;;3;2;No inventariada;;9;7;1;1;;1;4;1;;;1;998
12;1;18;21;21044;;3;2;No inventariada;;9;2;1;1;;1;4;1;;;1;998
12;6;23;21;21044;;3;2;No inventariada;;9;2;1;2;;1;4;1;;;1;998
12;7;20;21;21060;;3;2;No inventariada;;9;16;2;;;1;3;7;;;18;998
12;6;12;22;22125;;3;2;No inventariada;;9;10;2;;;1;1;1;;;1;998
12;4;8;22;22130;;3;2;No inventariada;;9;7;1;2;;1;1;1;;;16;998
12;3;9;22;22158;;3;2;No inventariada;;9;6;2;;;1;1;2;1;;1;998
12;2;7;22;22158;;3;2;No inventariada;;9;7;2;;;1;3;1;;;1;998
12;2;2;23;23002;;3;2;No inventariada;;9;7;2;;;1;4;1;;;1;998
12;1;13;23;23005;;3;2;No inventariada;;9;7;2;;;1;1;1;;;1;998
12;5;12;23;23005;;3;2;No inventariada;;9;4;2;;;1;1;1;;;1;998
12;3;17;23;23005;;3;2;No inventariada;;11;7;2;;;1;1;1;;;6;998
12;2;16;23;0;;2;2;A-319;16,9;6;2;2;;;1;1;1;;;1;3
12;5;7;23;23050;;3;2;No inventariada;;9;7;2;;;3;3;2;1;;5;998
12;1;15;23;23050;;3;2;No inventariada;;9;10;1;4;;1;1;1;;;1;998
11;5;23;23;23050;;3;2;No inventariada;;9;2;1;1;;1;4;1;;;1;998
12;3;8;23;23050;;3;2;No inventariada;;9;2;1;2;;1;3;2;;;18;998
12;2;10;23;23050;;3;2;No inventariada;;9;7;2;;;1;1;1;;;1;998
12;4;20;23;23050;;3;2;No inventariada;;9;7;2;;;9;4;7;;;18;998
11;2;10;23;23050;;3;2;No inventariada;;9;7;2;;;1;1;1;;;1;998
12;3;16;23;23050;;3;2;No inventariada;;14;2;1;2;;1;1;1;;;4;998
12;2;14;23;23050;;3;2;No inventariada;;9;9;1;1;;9;1;7;;;18;998
12;1;22;23;23050;;3;2;No inventariada;;9;2;1;4;;1;4;1;;;1;998
12;2;13;23;23050;;3;2;No inventariada;;9;3;1;4;;1;1;1;;;1;998
12;5;11;23;23050;;3;2;No inventariada;;9;9;1;2;;1;1;7;;;18;998
12;7;12;23;23050;;3;2;No inventariada;;9;2;2;;;1;1;1;;;1;998
12;5;22;23;23050;;3;2;No inventariada;;9;2;1;2;;1;4;1;;;1;998
12;7;16;23;23050;;3;2;No inventariada;;9;7;1;2;;1;1;1;;;1;998
12;5;9;23;23050;;3;2;No inventariada;;9;7;2;;;1;1;1;;;1;998
12;4;18;23;23050;;3;2;No inventariada;;9;4;2;;;1;1;1;;;18;998
12;6;18;23;23053;;1;1;A-401;22;6;1;1;2;;1;1;1;;;1;1
12;2;21;23;23055;;3;2;No inventariada;;9;2;1;4;;1;4;1;;;1;998
12;5;20;23;23055;;3;2;No inventariada;;9;2;1;2;;1;4;1;;;1;998
12;6;18;23;23055;;3;2;No inventariada;;9;2;1;4;;1;3;1;;;1;998
12;1;16;23;23055;;3;2;No inventariada;;9;4;2;;;1;1;1;;;1;998
12;6;21;23;23055;;3;2;No inventariada;;9;2;1;1;;1;4;1;;;1;998
12;5;19;23;23055;;3;2;No inventariada;;9;4;1;2;;1;4;1;;;1;998
12;5;14;23;23055;;3;2;No inventariada;;9;3;1;4;;1;1;1;;;1;998
12;3;9;23;23058;;3;2;No inventariada;;11;7;2;;;1;1;1;;;1;998
12;5;10;23;23060;;3;2;No inventariada;;9;7;2;;;1;1;1;;;1;998
11;5;16;23;23061;;3;2;No inventariada;;9;2;2;;;1;1;1;;;1;998
10;5;19;23;0;;3;2;No inventariada;;9;;;;;999;999;999;;;999;998
12;3;11;23;0;;3;2;No inventariada;;9;7;2;;;1;1;1;;;1;998
12;5;17;23;23092;;3;2;No inventariada;;9;20;2;;;1;1;1;;;18;998
12;4;10;23;23095;;3;2;No inventariada;;9;7;2;;;1;1;1;;;1;998
12;4;13;24;24089;;3;2;No inventariada;;9;7;2;;;1;1;1;;;18;998
12;7;15;24;24089;;3;2;No inventariada;;9;7;2;;;1;1;1;;;6;998
12;4;19;24;24115;;3;2;No inventariada;;9;12;2;;;1;4;2;;;1;998
12;7;12;26;26011;;3;2;No inventariada;;9;10;2;;;1;1;2;;;1;998
4;6;18;26;26018;;3;2;No inventariada;;9;6;2;;;1;1;1;;;18;998
12;1;10;26;26036;;3;2;No inventariada;;9;7;2;;;1;1;1;;;6;998
12;1;20;26;26036;;3;2;No inventariada;;9;7;2;;;3;4;3;;;1;998
12;2;15;26;26036;;3;2;No inventariada;;9;7;2;;;1;1;1;;;1;998
12;6;18;26;26036;;3;2;No inventariada;;9;7;2;;;1;4;1;;;1;998
12;1;16;26;26036;;3;2;No inventariada;;9;7;2;;;1;1;1;;;1;998
9;1;11;26;26071;;3;2;No inventariada;;9;7;2;;;1;1;1;;;1;998
9;1;23;26;26071;;3;2;No inventariada;;9;2;1;2;;1;4;1;;;12;998
10;7;20;26;26071;;3;2;No inventariada;;9;7;2;;;1;4;1;;;18;998
11;4;12;26;26071;;3;2;No inventariada;;11;7;2;;;1;1;1;;;10;998
11;6;12;26;26071;;3;2;No inventariada;;11;7;2;;;1;1;1;;;1;998
12;5;12;26;26071;;3;2;No inventariada;;9;7;1;1;;3;1;2;;;1;998
12;3;11;26;26071;;3;2;No inventariada;;9;7;1;2;;1;1;1;;;1;998
12;5;13;26;26084;;3;2;No inventariada;;9;2;1;4;;1;1;2;;;1;998
12;4;8;26;26084;;3;2;No inventariada;;9;7;2;;;3;1;2;;;16;998
12;3;8;26;26089;;3;2;No inventariada;;9;2;1;4;;1;3;1;;;1;998
12;1;1;26;26089;;3;2;No inventariada;;9;10;2;;;1;4;1;;;18;998
9;5;21;27;0;;1;1;N-642;50,5;6;4;2;;;1;6;1;;;1;1
12;3;20;27;27028;;3;2;No inventariada;;9;7;1;1;;3;4;3;;;1;998
11;5;10;27;27028;;3;2;No inventariada;;9;7;2;;;1;1;1;;;6;998
6;1;19;27;27028;;3;2;No inventariada;;9;7;2;;;1;1;1;;;9;998
12;4;19;27;27028;;3;2;No inventariada;;9;3;1;2;;3;4;2;2;;4;998
12;7;8;27;27028;;3;2;No inventariada;;9;2;1;2;;8;4;2;2;;5;998
12;7;20;27;27028;;3;2;No inventariada;;9;7;2;;;9;4;2;;;18;998
11;5;20;27;27031;;3;2;No inventariada;;9;2;1;2;;1;3;1;;;1;998
11;4;16;27;27031;;3;2;No inventariada;;9;7;1;1;;1;1;1;;;1;998
12;1;19;27;27031;;3;2;No inventariada;;9;7;2;;;1;5;1;;;1;998
12;4;22;27;27031;;3;2;No inventariada;;9;1;2;;;1;4;1;;;1;998
12;3;12;27;27065;;3;2;No inventariada;;9;7;2;;;1;1;1;;;6;998
12;2;19;27;27902;;3;2;No inventariada;;9;7;1;2;;1;4;1;;;1;998
12;6;15;27;27902;;3;2;No inventariada;;9;16;1;1;;1;1;1;;;1;998
12;1;13;28;28004;;3;2;No inventariada;;9;10;2;;;3;1;3;;;18;998
11;5;7;28;28005;;3;2;No inventariada;;9;2;2;;;1;4;1;;;1;998