MES;DIA_SEMANA;HORA;COD_PROVINCIA;COD_MUNICIPIO;ISLA;ZONA;ZONA_AGRUPADA;CARRETERA;KM;TIPO_VIA;TIPO_ACCIDENTE;NUDO;NUDO_INFO;CARRETERA_CRUCE;CONDICION_FIRME;CONDICION_ILUMINACION;CONDICION_METEO;CONDICION_NIEBLA;CONDICION_VIENTO;VISIB_RESTRINGIDA_POR;TRAZADO_PLANTA
10;2;10;28;28005;;3;2;No inventariada;;9;10;2;;;3;1;3;1;;18;998
2;3;8;28;28005;;3;2;No inventariada;;9;7;1;2;;1;1;1;;;1;998
12;5;15;28;28006;;3;2;No inventariada;;9;7;2;;;1;1;1;;;6;998
11;3;7;28;28006;;3;2;No inventariada;;9;7;2;;;1;3;1;;;1;998
11;3;8;28;28006;;3;2;No inventariada;;9;2;1;4;;1;1;1;;;1;998
12;3;9;28;28006;;3;2;No inventariada;;9;7;1;2;;1;1;7;;;18;998
12;3;12;28;28006;;3;2;No inventariada;;9;10;2;;;1;1;1;;;1;998
12;1;21;28;28007;;3;2;No inventariada;;9;10;1;2;;1;4;1;;;1;998
12;2;20;28;28007;;3;2;No inventariada;;9;4;2;;;1;4;1;;;1;998
6;4;22;28;28009;;3;2;No inventariada;;9;16;2;;;1;4;1;;;1;998
8;5;16;28;28009;;3;2;No inventariada;;14;12;2;;;1;1;1;;;1;998
8;5;10;28;28009;;3;2;No inventariada;;14;2;2;;;1;1;1;;;1;998
9;1;6;28;28009;;3;2;No inventariada;;9;2;2;;;1;4;1;;;1;998
8;5;14;28;28009;;1;1;M-123;0,1;6;4;2;;;1;1;1;;;1;1
10;4;13;28;28009;;3;2;No inventariada;;14;7;1;2;;1;1;1;;;1;998
10;3;17;28;28009;;3;2;No inventariada;;9;7;2;;;1;1;1;;;1;998
12;7;14;28;28009;;3;2;No inventariada;;14;2;1;1;;1;1;1;;;1;998
11;2;17;28;28013;;3;2;No inventariada;;9;7;2;;;1;2;1;;;6;998
12;3;8;28;28013;;3;2;No inventariada;;9;7;1;1;;1;1;1;;;1;998
12;2;13;28;28014;;3;2;No inventariada;;9;4;2;;;1;1;1;;;1;998
12;7;22;28;28014;;3;2;No inventariada;;9;10;1;4;;1;4;1;;;1;998
12;7;14;28;28014;;3;2;No inventariada;;9;4;2;;;1;1;1;;;1;998
12;2;12;28;28014;;3;2;No inventariada;;9;2;2;;;1;4;1;;;1;998
12;2;15;28;28014;;3;2;No inventariada;;9;10;2;;;1;1;1;;;1;998
12;6;22;28;28014;;3;2;No inventariada;;9;16;2;;;1;4;1;;;1;998
12;1;14;28;28015;;3;2;No inventariada;;9;20;1;4;;1;1;2;;;1;998
12;5;10;28;28045;;3;2;No inventariada;;9;7;1;2;;1;1;1;;;6;998
8;5;11;28;28047;;3;2;No inventariada;;9;4;2;;;1;1;1;;;18;998
8;6;11;28;28047;;3;2;No inventariada;;9;7;2;;;1;1;1;;;18;998
8;6;10;28;28047;;3;2;No inventariada;;9;2;2;;;1;1;1;;;18;998
9;1;20;28;28047;;3;2;No inventariada;;9;2;1;4;;1;2;1;;;18;998
9;4;16;28;28047;;3;2;No inventariada;;9;3;2;;;1;1;1;;;18;998
9;5;15;28;28047;;3;2;No inventariada;;9;10;2;;;1;1;1;;;18;998
9;1;13;28;28047;;3;2;No inventariada;;9;7;2;;;1;1;1;;;18;998
9;5;18;28;28047;;3;2;No inventariada;;9;2;2;;;1;1;1;;;18;998
9;1;19;28;28047;;3;2;No inventariada;;9;7;1;2;;1;2;1;;;18;998
10;4;16;28;28047;;3;2;No inventariada;;9;4;2;;;1;1;1;;;18;998
10;3;11;28;28047;;3;2;No inventariada;;9;7;2;;;1;1;3;;;17;998
10;7;18;28;28047;;3;2;No inventariada;;9;10;1;4;;1;1;1;;;18;998
10;1;15;28;28047;;3;2;No inventariada;;9;7;2;;;1;1;1;;;18;998
11;3;19;28;28047;;3;2;No inventariada;;9;7;2;;;1;3;1;;;18;998
11;3;7;28;28047;;3;2;No inventariada;;9;2;1;4;;1;3;1;;;18;998
11;2;12;28;28050;;3;2;No inventariada;;9;20;1;2;;1;1;1;;;18;998
12;5;21;28;28050;;3;2;No inventariada;;9;2;1;4;;3;4;1;;;1;998
12;2;14;28;28058;;3;2;No inventariada;;9;4;1;2;;1;1;1;;;1;998
7;1;20;28;0;;3;2;No inventariada;;14;9;2;;;8;6;1;;;1;998
12;1;7;28;28061;;1;1;M-505;16,5;6;4;2;;;1;4;1;;;18;1
9;6;12;28;28065;;3;2;No inventariada;;9;7;2;;;1;1;1;;;18;998
11;3;8;28;28065;;3;2;No inventariada;;9;4;2;;;1;3;2;;;1;998
11;1;16;28;28065;;3;2;No inventariada;;9;1;2;;;1;1;1;;;18;998
10;4;20;28;28065;;3;2;No inventariada;;9;7;2;;;1;4;1;;;18;998
11;3;16;28;28065;;3;2;No inventariada;;9;4;2;;;1;1;1;;;1;998
12;1;14;28;28065;;3;2;No inventariada;;9;7;2;;;1;1;1;;;1;998
12;4;13;28;28065;;3;2;No inventariada;;9;16;2;;;1;1;1;;;18;998
12;2;11;28;28065;;3;2;No inventariada;;9;2;2;;;1;1;1;;;18;998
10;2;21;28;28065;;3;2;No inventariada;;9;2;1;1;;3;4;3;;;18;998
10;2;16;28;28065;;3;2;No inventariada;;9;4;1;4;;3;1;3;;;18;998
12;4;0;28;28065;;3;2;No inventariada;;9;10;2;;;1;4;1;;;1;998
11;6;20;28;28065;;3;2;No inventariada;;9;7;2;;;1;4;1;;;18;998
12;2;2;28;28065;;3;2;No inventariada;;9;19;1;4;;1;4;1;;;1;998
11;3;19;28;28065;;3;2;No inventariada;;9;7;2;;;1;4;1;;;1;998
10;4;12;28;28065;;3;2;No inventariada;;14;4;1;4;;1;1;1;;;1;998
12;4;14;28;28065;;3;2;No inventariada;;9;7;2;;;1;1;1;;;1;998
12;4;21;28;28065;;3;2;No inventariada;;9;10;1;1;;8;4;2;;;1;998
12;7;15;28;28065;;3;2;No inventariada;;9;2;1;2;;1;1;2;;;1;998
12;2;12;28;28065;;3;2;No inventariada;;14;5;2;;;1;1;1;;;1;998
12;4;20;28;28067;;3;2;No inventariada;;9;4;2;;;1;4;1;;;1;998
9;5;9;28;28067;;3;2;No inventariada;;9;6;1;2;;1;2;1;;;6;998
11;1;14;28;28074;;3;2;No inventariada;;9;4;2;;;1;1;1;;;1;998
12;3;16;28;28074;;3;2;No inventariada;;9;4;1;4;;1;1;1;;;1;998
12;2;13;28;28074;;3;2;No inventariada;;9;7;1;1;;1;1;1;;;1;998
12;3;21;28;28074;;3;2;No inventariada;;9;3;2;;;1;4;1;;;1;998
11;5;20;28;28074;;3;2;No inventariada;;9;7;2;;;1;4;1;;;1;998
12;1;7;28;28075;;3;2;No inventariada;;9;7;1;1;M-217;1;2;1;;;1;998
11;4;8;28;28075;;3;2;No inventariada;;9;2;1;4;;1;1;1;;;1;998
12;2;13;28;28079;;3;2;No inventariada;;9;4;2;;;1;1;1;;;1;998
12;2;19;28;28079;;3;2;No inventariada;;9;10;2;;;1;4;1;;;1;998
12;2;19;28;28079;;3;2;No inventariada;;9;2;1;1;;1;4;1;;;18;998
12;2;16;28;28079;;3;2;No inventariada;;9;5;1;2;;1;1;1;;;18;998
12;2;15;28;28079;;3;2;No inventariada;;9;3;1;5;;1;1;1;;;1;998
12;1;22;28;28079;;3;2;No inventariada;;9;4;1;1;;1;4;1;;;1;998
12;1;12;28;28079;;3;2;No inventariada;;9;3;1;4;;1;1;1;;;1;998
12;2;13;28;28079;;3;2;No inventariada;;9;5;2;;;1;1;1;;;1;998
12;1;5;28;28079;;3;2;No inventariada;;9;10;1;4;;1;4;1;;;1;998
12;1;13;28;28079;;3;2;No inventariada;;9;2;2;;;1;1;1;;;1;998
12;2;13;28;28079;;3;2;No inventariada;;9;2;1;1;;1;1;1;;;1;998
12;1;14;28;28079;;3;2;No inventariada;;9;5;2;;;1;1;1;;;1;998
11;5;13;28;28079;;3;2;No inventariada;;9;10;2;;;3;1;1;;;1;998
12;5;19;28;28079;;3;2;No inventariada;;9;10;2;;;1;4;1;;;1;998
12;5;20;28;28079;;3;2;No inventariada;;9;4;2;;;1;4;1;;;1;998
12;5;6;28;28079;;3;2;No inventariada;;9;10;2;;;3;4;3;;;1;998
12;6;23;28;28079;;3;2;No inventariada;;9;3;2;;;1;4;1;;;18;998
12;2;20;28;28079;;3;2;No inventariada;;9;4;2;;;1;4;1;;;1;998
12;2;14;28;28079;;3;2;No inventariada;;9;2;2;;;1;1;1;;;1;998
12;6;23;28;28079;;3;2;No inventariada;;9;2;1;2;;1;4;1;;;1;998
12;2;7;28;28079;;3;2;No inventariada;;9;2;2;;;1;4;7;;;18;998
11;2;15;28;28079;;3;2;No inventariada;;9;4;1;4;;1;1;1;;;1;998
12;1;9;28;28079;;3;2;No inventariada;;9;10;2;;;1;1;1;;;1;998
11;1;15;28;28079;;3;2;No inventariada;;9;10;2;;;9;1;7;;;18;998
12;6;14;28;28079;;3;2;No inventariada;;9;1;1;1;;1;1;1;;;1;998
12;6;20;28;28079;;3;2;No inventariada;;9;4;1;1;;1;4;1;;;1;998
12;4;9;28;28079;;3;2;No inventariada;;9;10;2;;;1;1;1;;;1;998
12;5;22;28;28079;;3;2;No inventariada;;9;7;2;;;1;3;1;;;1;998
12;1;12;28;28080;;3;2;No inventariada;;9;3;1;4;;1;1;2;;;1;998
12;3;8;28;28089;;3;2;No inventariada;;9;3;1;1;;1;1;1;;;1;998
4;3;21;28;28092;;3;2;No inventariada;;9;4;1;2;;1;5;1;;;1;998
11;2;13;28;28096;;3;2;No inventariada;;9;4;1;4;;1;1;1;;;18;998
12;1;14;28;28096;;3;2;No inventariada;;9;4;2;;;1;1;1;;;1;998
12;6;0;28;28096;;3;2;No inventariada;;9;10;1;2;;9;4;7;;;18;998
12;2;21;28;28096;;3;2;No inventariada;;9;19;2;;;1;4;7;;;18;998
12;5;6;28;28100;;3;2;No inventariada;;9;16;2;;;1;3;1;;;1;998
12;7;14;28;28100;;3;2;No inventariada;;9;5;2;;;1;1;1;;;18;998
11;3;17;28;28104;;3;2;No inventariada;;9;16;2;;;1;1;1;;;18;998
7;6;23;28;28104;;3;2;No inventariada;;9;12;2;;;9;4;1;;;18;998
10;3;7;28;28104;;3;2;No inventariada;;9;7;1;2;;1;2;7;;;1;998
7;5;11;28;28104;;3;2;No inventariada;;9;13;2;;;2;1;1;;;1;998
5;5;11;28;28104;;3;2;No inventariada;;9;4;1;2;;1;1;7;;;9;998
4;7;13;28;28104;;3;2;No inventariada;;9;7;2;;;1;1;1;;;1;998
3;1;11;28;28104;;3;2;No inventariada;;9;3;1;4;;3;1;3;;;5;998
2;2;11;28;28104;;3;2;No inventariada;;9;5;2;;;1;1;7;;;18;998
1;6;14;28;28104;;3;2;No inventariada;;9;2;1;1;;1;1;1;;;1;998
12;7;6;28;28123;0;3;2;No inventariada;;9;6;1;3;;1;4;1;;;18;998
5;4;19;28;28130;;3;2;No inventariada;;9;7;2;;;1;1;1;;;1;998
12;6;18;28;28131;;3;2;No inventariada;;9;7;1;1;;1;1;1;;;6;998
6;6;0;28;28132;;3;2;No inventariada;;9;7;1;1;;9;4;7;;;1;998
8;4;18;28;28132;;3;2;No inventariada;;9;2;1;4;;9;1;7;;;1;998
10;5;18;28;28132;;3;2;No inventariada;;9;4;2;;;1;1;7;;;11;998
12;4;9;28;28132;;3;2;No inventariada;;9;7;1;4;;1;2;1;;;6;998
12;7;23;28;28132;;3;2;No inventariada;;9;3;1;4;;1;4;7;;;1;998
12;6;12;28;28132;;3;2;No inventariada;;9;2;1;1;;1;1;1;;;2;998
12;1;9;28;28134;;3;2;No inventariada;;9;7;2;;;1;1;1;;;6;998
12;5;17;28;0;;3;2;No inventariada;;9;7;1;1;;1;1;1;1;;18;998
4;3;7;28;28161;;3;2;No inventariada;;9;16;2;;;1;3;1;;;18;998
4;2;9;28;28161;;3;2;No inventariada;;9;7;2;;;1;1;1;;;1;998
5;7;1;28;28161;;3;2;No inventariada;;9;2;1;2;;1;4;7;;;18;998
5;7;6;28;28161;;3;2;No inventariada;;9;2;2;;;1;3;1;;;1;998
5;2;22;28;28161;;3;2;No inventariada;;9;7;2;;;1;4;7;;;1;998
7;3;8;28;28161;;3;2;No inventariada;;9;7;2;;;1;1;7;;;6;998
7;5;20;28;28161;;3;2;No inventariada;;9;4;2;;;1;1;7;;;16;998
7;2;9;28;28161;;3;2;No inventariada;;7;2;1;2;;1;1;7;;;1;998
8;5;12;28;28161;;3;2;No inventariada;;9;12;2;;;1;1;7;;;1;998
8;6;10;28;28161;;3;2;No inventariada;;9;2;1;4;;1;1;7;;;1;998
8;4;5;28;28161;;3;2;No inventariada;;9;7;2;;;1;4;7;;;18;998
8;5;20;28;28161;;3;2;No inventariada;;9;7;2;;;1;1;7;;;1;998
9;7;6;28;28161;;3;2;No inventariada;;9;10;2;;;1;4;7;;;18;998
9;4;17;28;28161;;3;2;No inventariada;;9;5;2;;;1;1;7;;;1;998
9;4;10;28;28161;;3;2;No inventariada;;9;2;1;4;;1;1;1;;;1;998
9;5;16;28;28161;;3;2;No inventariada;;9;5;2;;;1;1;7;;;1;998
9;6;23;28;28161;;3;2;No inventariada;;9;2;2;;;1;4;7;;;18;998
10;3;19;28;28161;;3;2;No inventariada;;9;7;2;;;1;2;7;;;6;998
12;7;17;28;28161;;3;2;No inventariada;;9;2;2;;;1;3;7;;;1;998
12;4;15;28;28161;;3;2;No inventariada;;9;2;2;;;1;1;7;;;18;998
12;5;18;28;28161;;3;2;No inventariada;;9;7;2;;;1;4;7;;;1;998
12;2;13;28;28161;;3;2;No inventariada;;9;7;2;;;1;1;7;;;18;998
12;4;23;29;29007;;3;2;No inventariada;;9;4;2;;;3;4;4;;;18;998
12;3;15;29;29007;;3;2;No inventariada;;14;10;2;;;2;1;7;;;9;998
11;4;12;29;29008;;3;2;No inventariada;;9;7;2;;;1;1;1;;;1;998
12;4;15;29;29008;;3;2;No inventariada;;9;2;1;1;;1;1;1;;;18;998
12;5;15;29;29008;;3;2;No inventariada;;14;4;1;2;;1;1;1;;;1;998
12;6;10;29;29008;;3;2;No inventariada;;9;3;1;1;;1;1;1;;;1;998
12;6;12;29;29015;;3;2;No inventariada;;9;2;1;2;;1;1;1;;;9;998
11;3;13;29;29015;;3;2;No inventariada;;9;7;2;;;1;1;1;;;1;998
12;3;15;29;29025;;3;2;No inventariada;;9;9;2;;;1;1;1;;;1;998
12;2;14;29;29051;;3;2;No inventariada;;9;4;2;;;1;1;1;1;;1;998
12;2;17;29;29054;;3;2;No inventariada;;9;2;1;1;;1;1;1;;;9;998
12;3;11;29;29054;;3;2;No inventariada;;9;7;2;;;1;4;1;;;1;998
11;5;17;29;29054;;3;2;No inventariada;;9;4;2;;;1;1;1;;;18;998
12;6;22;29;29067;;3;2;No inventariada;;9;7;1;3;;1;4;1;;;1;998
12;5;10;29;29067;;3;2;No inventariada;;9;4;2;;;1;1;1;;;1;998
12;1;14;29;29067;;3;2;No inventariada;;9;2;1;2;;1;1;1;;;1;998
11;2;17;29;29067;;3;2;No inventariada;;9;2;1;5;;1;1;1;;;1;998
12;6;6;29;29067;;3;2;No inventariada;;9;7;2;;;1;3;1;;;1;998
12;1;15;29;29067;;3;2;No inventariada;;9;4;1;4;;1;1;1;;;1;998
12;4;20;29;29067;;3;2;No inventariada;;9;10;2;;;7;4;1;;;1;998
12;6;17;29;29067;;3;2;No inventariada;;9;2;1;2;;1;1;1;;;1;998
12;7;18;29;29067;;3;2;No inventariada;;9;2;1;3;;1;4;1;;;1;998
12;2;9;29;29067;;3;2;No inventariada;;9;3;2;;;1;1;1;;;1;998
12;2;13;29;29067;;3;2;No inventariada;;9;3;2;;;1;1;1;;;1;998
12;2;13;29;29067;;3;2;No inventariada;;9;2;1;2;;1;1;1;;;1;998
12;1;19;29;29067;;3;2;No inventariada;;9;2;1;2;;1;4;1;;;1;998
12;7;0;29;29067;;3;2;No inventariada;;9;6;2;;;1;4;1;;;1;998
12;1;16;29;29067;;3;2;No inventariada;;9;2;1;1;;1;1;1;;;1;998
12;1;12;29;29067;;3;2;No inventariada;;9;7;2;;;1;1;7;;;1;998
12;1;8;29;29067;;3;2;No inventariada;;9;2;2;;;1;1;1;;;1;998
12;7;21;29;29067;;3;2;No inventariada;;9;2;2;;;1;4;1;;;1;998
12;7;15;29;29067;;3;2;No inventariada;;9;2;1;4;;1;1;1;;;1;998
12;4;18;29;29067;;3;2;No inventariada;;9;2;1;4;;1;1;1;;;1;998
12;2;10;29;29067;;3;2;No inventariada;;9;10;1;2;;3;1;1;;;1;998
12;3;19;29;29067;;3;2;No inventariada;;9;2;1;1;;1;4;1;;;1;998
12;2;20;29;29067;;3;2;No inventariada;;9;20;1;2;;1;4;1;;;1;998
12;4;12;29;29067;;3;2;No inventariada;;9;2;2;;;1;1;1;;;1;998
12;6;12;29;29067;;3;2;No inventariada;;9;4;1;1;;1;1;1;;;1;998
12;4;13;29;29067;;3;2;No inventariada;;9;4;1;5;;1;1;1;;;1;998
12;4;8;29;29067;;3;2;No inventariada;;9;2;2;;;1;1;1;;;1;998
12;5;21;29;29067;;3;2;No inventariada;;9;2;1;4;;1;4;1;;;1;998
12;2;14;29;29067;;3;2;No inventariada;;9;2;1;4;;1;1;1;;;1;998
12;1;11;29;29067;;3;2;No inventariada;;9;2;1;4;;1;1;1;;;1;998
12;1;2;29;29067;;3;2;No inventariada;;14;19;2;;;3;4;1;;;1;998
12;1;1;29;29067;;3;2;No inventariada;;9;19;2;;;1;4;1;;;1;998
12;5;7;29;29067;;3;2;No inventariada;;9;7;2;;;1;2;1;;;1;998
12;2;21;29;29067;;3;2;No inventariada;;9;7;1;3;;3;4;3;;;5;998
12;5;13;29;29067;;3;2;No inventariada;;9;2;1;4;;1;1;1;;;1;998
12;6;16;29;29067;;3;2;No inventariada;;9;3;2;;;1;1;1;;;1;998
12;6;16;29;29067;;3;2;No inventariada;;9;4;2;;;1;1;1;;;1;998
12;5;14;29;29067;;3;2;No inventariada;;9;10;2;;;1;1;1;;;1;998
12;3;12;29;29067;;3;2;No inventariada;;9;7;2;;;1;1;1;;;1;998
10;5;15;29;29067;;3;2;No inventariada;;9;10;2;;;1;1;1;;;1;998
11;1;11;29;29067;;3;2;No inventariada;;9;6;2;;;8;1;1;;;1;998
11;6;23;29;29067;;3;2;No inventariada;;9;1;2;;;1;4;1;;;1;998
11;2;19;29;29067;;3;2;No inventariada;;9;2;1;2;;1;4;1;;;17;998
12;2;18;29;29067;;3;2;No inventariada;;9;7;2;;;1;4;1;;;1;998
12;4;23;29;29067;;3;2;No inventariada;;9;4;1;1;;1;4;1;;;1;998
12;1;14;29;29067;;3;2;No inventariada;;9;3;1;1;;1;1;1;;;1;998
12;2;9;29;29067;;3;2;No inventariada;;9;7;2;;;1;1;1;;;1;998
12;2;14;29;29067;;3;2;No inventariada;;14;4;2;;;1;1;1;;;1;998
12;7;15;29;29067;0;3;2;No inventariada;;9;2;1;2;;1;1;1;;;1;998
7;5;8;29;29067;0;3;2;No inventariada;;9;4;2;;;1;1;1;;;1;998
12;2;18;29;29069;;3;2;No inventariada;;9;20;2;;;1;3;1;;;1;998
12;5;10;29;29069;;3;2;No inventariada;;9;7;2;;;1;1;1;;;1;998
12;3;14;29;29069;;3;2;No inventariada;;9;3;1;4;;1;1;1;;;1;998
12;7;23;29;29069;;3;2;No inventariada;;9;4;2;;;1;4;1;;;1;998
12;6;0;29;29069;;3;2;No inventariada;;9;4;1;2;;1;5;2;;;5;998
12;1;21;29;29069;;3;2;No inventariada;;9;3;1;1;;1;4;1;;;1;998
12;1;20;29;29069;;3;2;No inventariada;;9;9;1;2;;3;5;3;;;1;998
12;2;16;29;29069;;3;2;No inventariada;;9;20;2;;;1;1;1;;;1;998
11;1;10;29;29069;;3;2;No inventariada;;9;10;1;1;;7;1;1;;;1;998
12;4;15;29;29069;;3;2;No inventariada;;9;4;2;;;1;1;1;;;1;998
10;1;10;29;29069;;3;2;No inventariada;;9;7;1;2;;3;1;3;;;1;998
12;1;19;29;29069;;3;2;No inventariada;;9;7;1;2;;1;3;1;;;1;998
11;3;17;29;29069;;3;2;No inventariada;;9;3;1;1;;1;1;2;;;1;998
11;1;8;29;29069;;3;2;No inventariada;;9;12;1;2;;1;1;1;;;1;998
7;3;16;29;29069;;3;2;No inventariada;;9;3;2;;;1;1;1;;;18;998
12;5;13;29;29070;;3;2;No inventariada;;9;12;2;;;1;1;1;;;1;998
12;3;18;29;29070;;3;2;No inventariada;;9;7;2;;;1;4;1;;;1;998
12;3;17;29;29070;;3;2;No inventariada;;9;7;2;;;1;1;1;;;1;998
12;2;16;29;29070;;3;2;No inventariada;;9;10;2;;;7;1;1;;;1;998
12;7;12;29;29075;;3;2;No inventariada;;9;4;1;1;;1;1;1;;;1;998
12;7;20;29;29075;;3;2;No inventariada;;9;3;1;1;;1;4;1;;;1;998
7;4;16;29;29091;;3;2;No inventariada;;9;19;2;;;1;1;1;;;1;998
12;7;14;29;29094;;3;2;No inventariada;;9;10;2;;;7;1;1;;;1;998
12;1;17;29;29094;;3;2;No inventariada;;9;2;1;2;;1;1;1;;;1;998
12;1;3;29;29094;;3;2;No inventariada;;9;2;2;;;1;4;1;;;1;998
12;2;6;29;29094;;3;2;No inventariada;;9;2;1;4;;1;3;1;;;1;998
12;5;22;29;29094;;3;2;No inventariada;;9;3;2;;;1;1;1;;;1;998
5;7;20;29;29094;;3;2;No inventariada;;9;2;1;2;;1;1;1;;;1;998
12;2;13;29;29901;;3;2;No inventariada;;9;2;2;;;1;1;1;;;1;998
12;4;16;29;29901;;3;2;No inventariada;;9;16;1;2;;1;1;1;;;1;998
11;3;14;30;30003;;3;2;No inventariada;;9;10;2;;;1;1;1;;;1;998
11;7;13;30;30003;;3;2;No inventariada;;9;4;2;;;1;1;1;;;1;998
12;6;15;30;30003;;3;2;No inventariada;;9;4;2;;;1;1;1;;;1;998
12;4;9;30;30003;;3;2;No inventariada;;9;2;1;2;;1;1;1;;;1;998
10;6;13;30;30003;;3;2;No inventariada;;9;10;2;;;1;1;1;;;1;998
12;2;7;30;0;;3;2;No inventariada;;9;16;2;;;3;2;2;;;5;998
12;3;20;30;30007;;3;2;No inventariada;;9;4;1;2;;1;4;1;;;1;998
11;2;11;30;30007;;3;2;No inventariada;;9;2;1;2;;1;1;1;;;1;998
12;2;20;30;30008;;1;1;A-7;598,75;3;4;2;;;3;6;3;;;1;1
11;2;19;30;30010;;3;2;No inventariada;;7;16;2;;;1;4;1;;;1;998
12;5;18;30;30010;;3;2;No inventariada;;9;7;2;;;1;4;1;;;1;998
12;1;17;30;30013;;3;2;No inventariada;;9;2;1;2;;1;1;1;;;1;998
5;5;8;30;30013;;3;2;No inventariada;;9;4;1;2;;1;1;1;;;1;998
10;3;16;30;30015;;3;2;No inventariada;;9;2;2;;;1;1;1;;;18;998
10;4;15;30;30015;;3;2;No inventariada;;14;7;2;;;1;1;1;;;1;998
12;6;10;30;30016;;3;2;No inventariada;;9;2;1;4;;1;1;1;;;1;998
11;4;17;30;30016;;3;2;No inventariada;;9;2;1;1;;1;3;1;;;1;998
12;6;18;30;30016;;3;2;No inventariada;;9;4;2;;;1;3;1;;;1;998
12;7;16;30;30016;;3;2;No inventariada;;9;19;2;;;1;1;1;;;1;998
12;6;10;30;30016;;3;2;No inventariada;;9;10;1;1;;3;1;2;;;1;998
12;2;1;30;30016;;3;2;No inventariada;;9;12;2;;;4;4;4;;;17;998
11;6;13;30;30016;;3;2;No inventariada;;9;1;1;2;;1;1;1;;;1;998
11;6;21;30;30016;;3;2;No inventariada;;9;7;2;;;1;4;1;;;17;998
11;1;19;30;30016;;3;2;No inventariada;;9;2;1;1;;1;4;1;;;1;998
4;6;14;30;30016;;3;2;No inventariada;;9;2;1;1;;1;1;1;;;1;998
4;2;14;30;30016;;3;2;No inventariada;;9;4;1;4;;1;1;1;;;1;998
5;3;1;30;30016;;3;2;No inventariada;;9;2;1;4;;1;4;1;;;1;998
5;5;2;30;30016;;3;2;No inventariada;;9;7;2;;;1;4;1;;;18;998
5;3;7;30;30016;;3;2;No inventariada;;9;7;2;;;1;1;1;;;6;998
5;1;10;30;30016;;3;2;No inventariada;;9;6;2;;;1;1;1;;;1;998
12;7;18;30;30016;;3;2;No inventariada;;9;4;2;;;1;4;1;;;1;998
12;4;11;30;30016;;3;2;No inventariada;;9;2;1;1;;1;1;1;;;1;998
12;7;10;30;30016;;3;2;No inventariada;;9;7;2;;;1;1;1;;;6;998
12;1;22;30;30016;;3;2;No inventariada;;9;10;2;;;1;4;1;;;1;998
11;1;21;30;30016;;3;2;No inventariada;;9;10;2;;;3;4;1;;;1;998
11;3;10;30;30016;;3;2;No inventariada;;9;2;2;;;1;1;1;;;1;998
11;3;17;30;30016;;3;2;No inventariada;;9;9;1;1;;1;1;1;;;1;998
6;6;21;30;30016;;3;2;No inventariada;;9;5;2;;;1;4;1;;;1;998
11;5;21;30;30016;;3;2;No inventariada;;9;2;2;;;1;3;1;;;1;998
6;1;11;30;30016;;3;2;No inventariada;;9;7;1;1;;1;1;1;;;9;998
11;1;18;30;30016;;3;2;No inventariada;;9;7;1;1;;1;4;1;;;1;998
11;1;13;30;30016;;3;2;No inventariada;;9;2;2;;;1;1;1;;;1;998
11;7;19;30;30016;;3;2;No inventariada;;9;5;2;;;1;4;1;;;1;998
11;3;13;30;30016;;3;2;No inventariada;;9;20;2;;;8;1;1;;;1;998
6;4;15;30;30016;;3;2;No inventariada;;9;10;2;;;1;1;1;;;17;998
10;6;19;30;30016;;3;2;No inventariada;;9;2;2;;;1;1;1;;;1;998
10;5;7;30;30016;;3;2;No inventariada;;9;7;2;;;1;1;1;;;1;998