MES;DIA_SEMANA;HORA;COD_PROVINCIA;COD_MUNICIPIO;ISLA;ZONA;ZONA_AGRUPADA;CARRETERA;KM;TIPO_VIA;TIPO_ACCIDENTE;NUDO;NUDO_INFO;CARRETERA_CRUCE;CONDICION_FIRME;CONDICION_ILUMINACION;CONDICION_METEO;CONDICION_NIEBLA;CONDICION_VIENTO;VISIB_RESTRINGIDA_POR;TRAZADO_PLANTA
10;3;11;30;30016;;3;2;No inventariada;;9;4;1;2;;1;1;1;;;1;998
10;5;15;30;30016;;3;2;No inventariada;;9;10;2;;;1;1;1;;;1;998
10;2;7;30;30016;;3;2;No inventariada;;9;7;2;;;1;1;1;;;1;998
10;2;8;30;30016;;3;2;No inventariada;;9;3;1;4;;1;1;1;;;6;998
6;2;14;30;30016;;3;2;No inventariada;;9;7;2;;;1;1;1;;;17;998
12;7;16;30;30016;;3;2;No inventariada;;9;2;1;1;;1;1;1;;;1;998
10;6;13;30;30016;;3;2;No inventariada;;9;4;2;;;1;1;1;;;1;998
10;1;0;30;30016;;3;2;No inventariada;;9;15;1;4;;1;4;1;;;1;998
6;1;17;30;30016;;3;2;No inventariada;;9;2;1;2;;1;1;1;;;1;998
6;3;9;30;30016;;3;2;No inventariada;;9;7;2;;;1;1;1;;;1;998
6;4;12;30;30016;;3;2;No inventariada;;9;3;2;;;1;1;1;;;1;998
4;4;18;30;30016;;3;2;No inventariada;;9;2;1;2;;1;1;1;;;1;998
10;3;8;30;30016;;3;2;No inventariada;;9;7;2;;;1;1;1;;;1;998
12;6;20;30;30016;;3;2;No inventariada;;9;2;1;1;;1;4;1;;;1;998
12;7;11;30;30019;;3;2;No inventariada;;9;4;2;;;1;1;1;;;11;998
12;1;11;30;30019;;3;2;No inventariada;;9;2;1;1;;1;1;1;;;1;998
12;1;21;30;30019;;3;2;No inventariada;;9;2;1;1;;1;4;1;;;9;998
12;7;12;30;30019;;3;2;No inventariada;;9;2;1;1;;1;1;1;;;1;998
12;1;12;30;30021;;3;2;No inventariada;;9;7;1;1;;1;1;1;;;6;998
12;1;14;30;30021;;3;2;No inventariada;;9;1;1;1;;1;1;1;;;1;998
12;1;20;30;30021;;3;2;No inventariada;;9;2;1;1;;3;4;3;;;1;998
12;7;23;30;30027;;3;2;No inventariada;;9;2;1;1;;1;4;1;;;2;998
12;5;9;30;30027;;3;2;No inventariada;;9;16;2;;;1;1;1;;;1;998
11;7;22;30;30027;;1;1;A-30;128,5;3;5;1;2;RM-A5;1;6;1;;;1;1
12;5;14;30;30027;;3;2;No inventariada;;9;7;2;;;1;1;1;;;1;998
11;2;9;30;30029;;3;2;No inventariada;;9;2;1;1;;1;1;1;;;1;998
11;1;11;30;30029;;3;2;No inventariada;;9;7;1;2;;1;1;1;;;1;998
12;6;13;30;30030;;3;2;No inventariada;;9;10;2;;;3;1;3;;;1;998
12;2;8;30;30030;;3;2;No inventariada;;9;2;1;5;;3;2;2;;;1;998
12;6;2;30;30030;;3;2;No inventariada;;9;1;1;4;;1;3;1;;;1;998
12;1;14;30;30030;;3;2;No inventariada;;9;2;1;2;;1;1;1;;;1;998
12;2;12;30;30030;;3;2;No inventariada;;9;7;2;;;1;1;1;;;1;998
11;5;6;30;30030;;3;2;No inventariada;;9;10;2;;;1;4;1;;;1;998
11;6;12;30;30030;;3;2;No inventariada;;9;4;2;;;1;1;1;;;1;998
12;3;18;30;30030;;3;2;No inventariada;;9;7;2;;;1;4;1;;;1;998
11;4;14;30;30030;;3;2;No inventariada;;9;2;1;5;;1;1;1;;;1;998
10;2;9;30;30030;;3;2;No inventariada;;9;5;1;1;;1;1;1;;;1;998
11;3;13;30;30030;;3;2;No inventariada;;9;2;1;2;;1;1;1;;;1;998
12;4;14;30;30030;;3;2;No inventariada;;9;16;1;2;;1;1;1;;;1;998
11;4;13;30;30030;;3;2;No inventariada;;9;7;2;;;1;1;1;;;1;998
12;5;19;30;30030;;3;2;No inventariada;;9;10;1;2;;2;4;1;;;18;998
12;3;20;30;30030;;3;2;No inventariada;;9;20;2;;;1;5;1;;;1;998
12;4;11;30;30030;;3;2;No inventariada;;9;12;2;;;1;1;1;;;1;998
12;4;21;30;30030;;3;2;No inventariada;;9;2;1;4;;1;3;2;;;1;998
12;1;13;30;30030;;3;2;No inventariada;;9;7;2;;;1;1;1;;;1;998
11;5;5;30;30030;;3;2;No inventariada;;9;4;2;;;1;4;1;;;1;998
11;2;21;30;30030;;3;2;No inventariada;;9;12;1;5;;1;4;1;;;1;998
12;5;12;30;30030;;3;2;No inventariada;;9;16;2;;;1;1;2;;;1;998
12;5;19;30;30030;;3;2;No inventariada;;9;7;2;;;1;4;1;;;1;998
11;1;15;30;30030;;3;2;No inventariada;;9;15;2;;;1;1;1;;;1;998
10;3;19;30;30030;;3;2;No inventariada;;9;2;1;4;;1;3;1;;;1;998
11;6;20;30;30030;;3;2;No inventariada;;9;7;2;;;1;4;1;;;1;998
12;2;21;30;30030;;3;2;No inventariada;;9;2;1;2;;1;3;7;;;1;998
11;7;0;30;30030;;3;2;No inventariada;;9;2;1;1;;1;4;1;;;1;998
12;4;16;30;30030;;3;2;No inventariada;;9;16;1;2;;1;2;1;;;12;998
12;4;11;30;30030;;3;2;No inventariada;;9;1;1;2;;1;1;2;;;1;998
12;7;22;30;30030;;3;2;No inventariada;;9;4;2;;;1;4;1;;;1;998
12;3;20;30;30030;;3;2;No inventariada;;9;10;1;2;;1;4;1;;;1;998
12;2;20;30;30030;;3;2;No inventariada;;9;5;2;;;1;1;1;;;1;998
12;7;14;30;30030;;3;2;No inventariada;;9;2;1;2;;1;1;1;;;1;998
12;6;22;30;30030;;3;2;No inventariada;;9;4;2;;;1;3;1;;;1;998
12;1;13;30;30030;;3;2;No inventariada;;9;2;1;1;;1;1;1;;;1;998
12;4;19;30;30030;;3;2;No inventariada;;9;3;1;4;;1;4;1;;;1;998
12;5;9;30;30030;;3;2;No inventariada;;9;7;1;1;;1;1;1;;;1;998
12;7;13;30;30030;;3;2;No inventariada;;9;7;2;;;1;1;1;;;1;998
12;3;0;30;30030;;3;2;No inventariada;;9;2;1;1;;1;4;1;;;1;998
11;4;12;30;30030;;3;2;No inventariada;;9;4;2;;;1;1;1;;;1;998
11;1;17;30;30030;;3;2;No inventariada;;9;12;2;;;1;1;1;;;18;998
10;4;21;30;30030;;3;2;No inventariada;;9;2;2;;;1;3;1;;;1;998
11;2;17;30;30030;;3;2;No inventariada;;9;7;2;;;1;1;1;;;9;998
11;6;20;30;30030;;3;2;No inventariada;;9;16;2;;;1;4;1;;;1;998
12;4;0;30;30030;;3;2;No inventariada;;9;10;2;;;1;4;1;;;1;998
12;4;18;30;30030;;3;2;No inventariada;;9;20;2;;;1;4;1;;;1;998
12;5;15;30;30030;;3;2;No inventariada;;9;10;2;;;1;1;1;;;1;998
10;3;18;30;30030;;3;2;No inventariada;;9;4;1;2;;1;3;1;;;1;998
12;1;12;30;30030;;3;2;No inventariada;;9;7;2;;;1;1;1;;;1;998
12;3;10;30;30030;;3;2;No inventariada;;9;4;2;;;1;1;1;;;1;998
12;7;7;30;30030;;3;2;No inventariada;;9;16;1;4;;3;3;2;;;1;998
12;7;3;30;30030;;3;2;No inventariada;;9;16;1;4;;1;4;1;;;1;998
12;7;18;30;30030;;3;2;No inventariada;;9;15;2;;;1;3;1;;;1;998
12;6;9;30;30030;;3;2;No inventariada;;9;2;1;1;;1;1;1;;;6;998
11;6;12;30;30030;;3;2;No inventariada;;9;20;2;;;1;1;1;;;1;998
12;4;17;30;30030;;3;2;No inventariada;;9;4;1;5;;1;1;2;;;1;998
12;5;12;30;30030;;3;2;No inventariada;;9;2;1;2;;1;1;1;;;1;998
10;7;7;30;30030;;3;2;No inventariada;;9;12;2;;;1;2;2;;;1;998
11;5;17;30;30030;;3;2;No inventariada;;9;2;2;;;1;3;1;;;1;998
12;6;19;30;30030;;3;2;No inventariada;;9;4;2;;;1;4;1;;;1;998
12;7;12;30;30030;;3;2;No inventariada;;9;2;1;4;;1;1;1;;;18;998
12;7;19;30;30030;;3;2;No inventariada;;9;7;2;;;1;4;1;;;2;998
12;7;20;30;30030;;3;2;No inventariada;;9;2;1;1;;1;4;1;;;1;998
12;6;17;30;30030;;3;2;No inventariada;;9;2;1;4;;1;1;1;;;1;998
12;6;20;30;30030;0;3;2;No inventariada;;9;2;1;4;;1;3;1;;;1;998
12;2;14;30;30030;;3;2;No inventariada;;9;2;1;2;;3;1;3;;;1;998
11;5;20;30;30030;;3;2;No inventariada;;9;19;2;;;2;4;1;;;1;998
12;6;11;30;30030;;3;2;No inventariada;;9;10;2;;;1;1;1;;;1;998
10;7;7;30;30030;;3;2;No inventariada;;9;19;1;5;;1;4;1;;;1;998
11;1;18;30;30030;;3;2;No inventariada;;9;4;1;4;;1;2;1;;;18;998
12;7;16;30;30030;0;3;2;No inventariada;;9;12;2;;;1;1;1;;;1;998
10;5;19;30;30030;0;3;2;No inventariada;;9;10;2;;;1;4;1;;;1;998
5;6;11;30;30030;0;3;2;No inventariada;;9;20;1;2;;1;1;1;;;1;998
12;4;7;30;30035;;3;2;No inventariada;;9;2;1;1;;1;3;7;;;1;998
11;6;19;30;30043;;3;2;No inventariada;;9;2;1;1;;1;4;1;;;1;998
11;6;11;30;30043;;3;2;No inventariada;;9;4;2;;;1;1;1;;;1;998
11;6;9;30;30043;;3;2;No inventariada;;9;7;1;1;;1;2;1;;;18;998
12;7;22;30;30043;;3;2;No inventariada;;9;16;1;4;;1;4;1;;;1;998
10;6;19;30;30902;;3;2;No inventariada;;9;7;2;;;1;4;1;;;1;998
10;3;9;30;30902;;3;2;No inventariada;;9;3;1;4;;1;1;1;;;1;998
10;7;13;30;30902;;3;2;No inventariada;;9;2;1;4;;3;1;3;;;1;998
11;6;17;30;30902;;3;2;No inventariada;;9;2;1;1;;1;1;1;;;1;998
11;2;19;30;30902;;3;2;No inventariada;;9;2;1;1;;1;4;1;;;1;998
11;6;12;30;30902;;3;2;No inventariada;;9;3;1;2;;1;1;1;;;1;998
12;2;8;30;30902;;3;2;No inventariada;;9;2;1;4;;1;1;1;;;1;998
12;6;19;30;30902;;3;2;No inventariada;;9;3;1;4;;1;4;1;;;1;998
12;7;14;30;30902;;3;2;No inventariada;;9;3;1;2;;1;1;1;;;1;998
12;5;9;31;31016;;3;2;No inventariada;;9;3;1;4;;1;1;1;;;1;998
11;1;14;31;31016;;3;2;No inventariada;;9;7;2;;;1;1;1;;;1;998
12;2;18;31;31201;;3;2;No inventariada;;9;2;2;;;1;4;2;;;1;998
12;6;9;31;31201;;3;2;No inventariada;;9;7;2;;;1;1;1;;;1;998
12;6;6;31;31201;;3;2;No inventariada;;9;1;2;;;1;4;1;;;1;998
12;2;19;31;31201;;3;2;No inventariada;;9;2;1;1;;1;4;1;;;1;998
12;1;15;31;31201;;3;2;No inventariada;;9;4;2;;;3;1;3;;;1;998
12;1;11;31;31201;;3;2;No inventariada;;9;7;2;;;3;1;2;;;1;998
12;7;23;31;31201;;3;2;No inventariada;;9;10;2;;;3;4;2;;;1;998
12;7;6;31;31201;;3;2;No inventariada;;9;6;2;;;1;6;2;;;1;998
12;6;12;31;31201;;3;2;No inventariada;;9;2;1;4;;1;1;2;;;1;998
12;5;23;31;31201;;3;2;No inventariada;;9;10;2;;;1;4;1;;;1;998
12;5;11;31;31201;;3;2;No inventariada;;9;4;2;;;3;1;2;;;1;998
12;4;16;31;31201;;3;2;No inventariada;;9;7;2;;;3;1;2;;;1;998
12;3;11;31;31201;;3;2;No inventariada;;9;4;2;;;1;1;1;;;6;998
12;3;11;31;31201;;3;2;No inventariada;;9;7;2;;;1;1;2;;;1;998
7;6;17;31;31201;;3;2;No inventariada;;9;10;2;;;1;1;1;;;1;998
12;1;21;31;31201;;3;2;No inventariada;;9;7;2;;;1;4;1;;;1;998
12;1;8;31;31201;;3;2;No inventariada;;9;10;2;;;1;1;2;;;1;998
12;7;17;31;31201;;3;2;No inventariada;;9;2;1;4;;1;2;2;;;1;998
12;7;0;31;31201;;3;2;No inventariada;;9;11;2;;;3;4;3;;;1;998
12;4;10;31;31201;;3;2;No inventariada;;9;2;1;4;;1;1;1;;;1;998
12;4;12;31;31201;;3;2;No inventariada;;9;10;2;;;1;1;1;;;1;998
12;7;0;31;31201;;3;2;No inventariada;;9;2;1;1;;3;4;3;;;1;998
12;3;15;31;31201;;3;2;No inventariada;;9;4;1;4;;1;1;2;;;1;998
11;2;11;31;31201;;3;2;No inventariada;;9;10;2;;;1;1;1;;;1;998
12;3;17;31;31201;;3;2;No inventariada;;9;7;2;;;1;1;1;;;1;998
12;7;22;31;31201;;3;2;No inventariada;;9;10;2;;;1;4;2;;;1;998
11;2;16;31;31201;;3;2;No inventariada;;9;10;2;;;1;1;1;;;1;998
10;4;12;31;31201;;3;2;No inventariada;;9;7;2;;;3;1;2;;;1;998
10;3;14;31;31201;;3;2;No inventariada;;9;10;2;;;3;1;3;;;1;998
10;2;14;31;31201;;3;2;No inventariada;;9;10;1;4;;1;1;1;;;1;998
10;1;12;31;31201;;3;2;No inventariada;;9;2;1;1;;1;1;2;;;1;998
12;5;9;31;31201;;3;2;No inventariada;;9;10;2;;;1;1;1;;;1;998
12;4;11;31;31201;;3;2;No inventariada;;9;10;2;;;1;1;1;;;1;998
12;1;21;31;31201;;3;2;No inventariada;;9;2;2;;;1;4;1;;;3;998
11;7;18;31;31201;;3;2;No inventariada;;9;2;1;1;;1;4;1;;;1;998
12;5;22;31;31201;;3;2;No inventariada;;9;1;2;;;1;4;1;;;3;998
10;5;15;31;31232;;3;2;No inventariada;;9;4;2;;;3;1;3;;;1;998
12;3;10;31;31232;;3;2;No inventariada;;9;7;2;;;1;1;1;;;1;998
11;5;10;32;32032;;3;2;No inventariada;;9;7;1;1;;3;1;1;;;4;998
12;3;13;32;32032;;3;2;No inventariada;;9;2;1;4;;1;1;1;;;1;998
11;4;22;32;32054;;3;2;No inventariada;;9;7;2;;;1;4;1;;;1;998
12;6;21;32;32054;;3;2;No inventariada;;9;15;2;;;1;4;1;;;1;998
12;7;22;32;32054;;3;2;No inventariada;;9;14;1;2;;1;4;1;;;1;998
12;3;8;32;32054;;3;2;No inventariada;;9;7;2;;;1;3;1;;;1;998
12;2;7;32;32054;;3;2;No inventariada;;9;7;2;;;1;3;1;;;1;998
12;4;13;32;32054;;3;2;No inventariada;;9;3;2;;;1;1;1;;;1;998
11;6;13;33;33002;;1;1;AS-112;23,5;6;4;2;;;1;1;1;;;1;1
12;5;22;33;33004;;3;2;No inventariada;;14;2;1;2;;1;4;1;;;1;998
12;5;22;33;33004;;3;2;No inventariada;;9;4;2;;;1;4;1;;;1;998
12;5;11;33;33016;;3;2;No inventariada;;9;7;2;;;1;1;1;;;18;998
9;1;13;33;33020;;3;2;No inventariada;;9;7;2;;;1;1;1;;;1;998
12;2;15;33;33024;;3;2;No inventariada;;9;10;2;;;1;1;1;;;18;998
12;1;20;33;33024;;3;2;No inventariada;;9;3;2;;;1;4;1;;;1;998
12;2;17;33;33024;;3;2;No inventariada;;9;2;1;1;;1;4;1;;;1;998
12;1;21;33;33024;;3;2;No inventariada;;9;7;2;;;1;4;1;;;1;998
12;1;10;33;33024;;3;2;No inventariada;;9;7;2;;;1;1;1;;;1;998
12;1;10;33;33024;;3;2;No inventariada;;9;7;2;;;1;1;2;;;9;998
12;1;20;33;33024;;3;2;No inventariada;;9;7;2;;;1;4;1;;;1;998
12;1;21;33;33024;;3;2;No inventariada;;9;7;1;1;;1;4;1;;;1;998
12;1;14;33;33024;;3;2;No inventariada;;9;10;2;;;3;1;3;;;9;998
12;5;18;33;33031;;3;2;No inventariada;;9;7;1;1;;1;4;1;1;;18;998
12;7;14;33;33031;;3;2;No inventariada;;14;3;1;9;;1;1;1;;;18;998
12;1;8;33;33033;;1;1;N-630;86,5;6;1;2;;;6;1;6;;;18;2
12;4;10;33;33044;;3;2;No inventariada;;9;16;2;;;3;1;2;;;1;998
1;3;7;33;33044;;3;2;No inventariada;;14;20;2;;;3;3;3;1;;18;998
1;2;9;33;33044;;3;2;No inventariada;;9;7;1;2;;1;1;1;;;1;998
12;7;17;33;33044;;3;2;No inventariada;;9;4;2;;;1;1;1;;;1;998
12;5;14;33;33044;;3;2;No inventariada;;9;10;2;;;3;1;2;;;1;998
1;5;19;33;33044;;3;2;No inventariada;;9;6;1;4;;1;4;2;;;1;998
12;2;12;33;0;;1;1;AS-260;10,2;6;10;2;;;1;1;1;;;1;1
9;6;12;35;35004;9;3;2;No inventariada;;7;3;2;;;1;1;1;;;1;998
9;7;7;35;35004;9;3;2;No inventariada;;9;4;2;;;1;4;1;;;1;998
9;2;14;35;35004;9;3;2;No inventariada;;9;3;1;4;;1;1;1;;;1;998
9;3;19;35;35004;9;3;2;No inventariada;;9;3;2;;;1;4;1;;;1;998
9;7;6;35;35004;9;3;2;No inventariada;;9;2;1;1;;1;4;1;;;1;998
9;7;14;35;35004;9;3;2;No inventariada;;9;10;2;;;1;1;1;;;1;998
10;3;16;35;35004;9;3;2;No inventariada;;9;2;2;;;1;1;1;;;1;998
10;6;9;35;35004;9;3;2;No inventariada;;9;7;2;;;1;1;1;;;9;998
10;5;10;35;35004;9;3;2;No inventariada;;9;7;2;;;1;4;1;;;18;998
10;6;7;35;35004;9;3;2;No inventariada;;9;7;2;;;1;3;1;;;18;998
10;2;4;35;35004;9;3;2;No inventariada;;9;10;2;;;3;4;1;;;18;998
11;2;13;35;35004;9;3;2;No inventariada;;9;2;2;;;1;1;1;;;9;998
11;7;18;35;35004;9;3;2;No inventariada;;9;2;1;2;;1;4;1;;;1;998
12;1;7;35;35004;9;3;2;No inventariada;;9;2;1;4;;1;3;1;;;1;998
12;5;14;35;35004;9;3;2;No inventariada;;9;7;2;;;1;1;1;;;1;998
12;5;14;35;35004;9;3;2;No inventariada;;9;2;1;1;;1;1;1;;;1;998
12;4;8;35;35009;7;3;2;No inventariada;;9;16;2;;;1;1;1;;;1;998
12;3;11;35;35009;7;3;2;No inventariada;;9;2;1;1;;1;1;1;;;1;998
12;2;13;35;35015;8;3;2;No inventariada;;9;15;1;2;;1;1;1;;;1;998
12;6;2;35;35016;7;3;2;No inventariada;;9;4;2;;;1;4;1;;;18;998
11;3;17;35;35016;7;3;2;No inventariada;;9;7;2;;;1;2;7;;;18;998
12;1;14;35;35016;7;3;2;No inventariada;;9;3;1;2;;1;1;2;;;18;998
12;2;12;35;35016;;3;2;No inventariada;;14;7;2;;;1;1;1;;;9;998
12;6;7;35;35016;;3;2;No inventariada;;9;2;2;;;1;1;1;;;18;998
12;7;9;35;35016;;3;2;No inventariada;;9;19;2;;;1;4;1;;;1;998
12;1;3;35;35016;;3;2;No inventariada;;9;2;1;2;;1;3;1;;;1;998
12;3;12;35;35016;;3;2;No inventariada;;9;4;2;;;1;1;1;;;18;998
12;3;1;35;35016;;3;2;No inventariada;;9;2;1;4;;1;1;1;;;1;998
12;4;10;35;35016;7;3;2;No inventariada;;9;2;2;;;3;1;1;;;1;998
12;7;12;35;35016;7;3;2;No inventariada;;9;2;1;4;;3;1;2;;;18;998
12;1;14;35;35016;7;3;2;No inventariada;;9;4;1;4;;1;1;1;;;18;998
12;2;4;35;35016;;3;2;No inventariada;;9;2;1;1;;1;1;1;;;18;998
12;7;18;35;35016;7;3;2;No inventariada;;9;2;2;;;1;2;2;;;1;998
12;5;22;35;35016;7;3;2;No inventariada;;9;2;1;1;;1;4;1;;;1;998
12;1;5;35;35016;;3;2;No inventariada;;9;7;1;1;;1;1;1;;;6;998
12;7;19;35;35016;7;3;2;No inventariada;;9;2;2;;;1;3;1;;;18;998
12;4;16;35;35016;7;4;2;GC-1 AM;6;3;1;2;;;1;1;1;;;1;1
12;3;19;35;35016;7;3;2;No inventariada;;9;10;2;;;1;5;1;;;18;998
12;4;18;35;35016;7;3;2;No inventariada;;9;2;1;4;;1;4;1;;;1;998
12;4;15;35;35016;7;3;2;No inventariada;;9;2;2;;;1;1;1;;;1;998
12;4;16;35;35016;7;3;2;No inventariada;;9;7;1;1;;1;1;1;;;1;998
12;1;15;35;35016;7;3;2;No inventariada;;9;2;1;4;;1;1;1;;;1;998
12;5;22;35;35016;7;3;2;No inventariada;;9;2;1;1;;1;1;1;;;1;998
12;5;15;35;35016;7;3;2;No inventariada;;9;3;2;;;1;4;1;;;1;998
12;6;19;35;35016;7;3;2;No inventariada;;9;2;2;;;1;4;1;;;1;998
12;6;19;35;35016;7;3;2;No inventariada;;9;2;1;1;;1;1;1;;;18;998
12;5;10;35;35016;7;3;2;No inventariada;;9;4;2;;;1;1;1;;;18;998
12;3;13;35;35016;7;3;2;No inventariada;;9;7;2;;;1;1;7;;;18;998
12;3;10;35;35016;7;3;2;No inventariada;;9;18;2;;;1;1;1;;;18;998
12;2;15;35;35016;7;3;2;No inventariada;;9;4;2;;;1;1;1;;;18;998
12;2;8;35;35016;7;3;2;No inventariada;;9;2;1;1;;1;1;1;;;18;998
12;2;18;35;35016;7;3;2;No inventariada;;9;10;2;;;1;3;1;;;18;998
12;2;16;35;35016;7;3;2;No inventariada;;9;2;2;;;1;1;1;;;18;998
12;7;0;35;35016;7;3;2;No inventariada;;9;4;2;;;1;4;1;;;1;998
12;5;8;35;35016;7;3;2;No inventariada;;9;7;2;;;1;4;1;;;1;998
12;2;19;35;35016;7;3;2;No inventariada;;9;7;2;;;1;3;1;;;1;998
12;7;13;35;35016;7;3;2;No inventariada;;9;4;2;;;1;1;2;;;1;998
12;5;7;35;35016;7;3;2;No inventariada;;9;2;1;4;;1;4;1;;;1;998
12;4;10;35;35016;;3;2;No inventariada;;9;7;2;;;1;1;1;;;1;998
12;5;13;35;35017;8;3;2;No inventariada;;9;3;1;1;;1;1;1;;;1;998
12;1;18;35;35017;8;3;2;No inventariada;;9;5;1;2;;1;3;1;;;1;998
12;1;20;35;35017;8;3;2;No inventariada;;9;2;1;4;;1;4;1;;;1;998
12;4;9;35;35017;8;3;2;No inventariada;;9;20;1;1;;1;1;1;;;1;998
12;6;7;35;35017;8;3;2;No inventariada;;9;2;1;4;;1;4;1;;;1;998
12;2;18;35;35017;8;3;2;No inventariada;;9;7;1;4;;1;4;1;;;18;998
11;5;1;35;35022;7;3;2;No inventariada;;9;19;2;;;1;4;1;;;1;998
11;5;1;35;35022;7;3;2;No inventariada;;9;16;2;;;1;4;1;;;1;998
12;4;9;35;35023;7;2;2;GC-292;24;6;2;1;2;;1;1;1;;;1;3
12;2;20;35;35023;7;3;2;No inventariada;;9;7;2;;;1;4;1;;;1;998
12;5;13;35;35024;9;3;2;No inventariada;;9;2;1;2;;1;1;1;;;1;998
12;1;17;35;35024;9;3;2;No inventariada;;9;20;2;;;1;1;1;;;6;998
12;5;19;35;35024;9;3;2;No inventariada;;9;5;2;;;1;4;1;;;1;998
12;1;8;35;35024;9;3;2;No inventariada;;9;2;1;2;;1;1;1;;;1;998
11;1;8;35;35033;7;3;2;No inventariada;;9;19;2;;;1;1;1;;;18;998
12;2;17;36;36005;;2;2;N-640;225,5;6;7;1;1;;1;1;1;;;9;1
12;1;7;36;36005;;1;1;N-550;98;6;2;2;;;1;3;1;;;1;1
12;1;16;36;36017;;3;2;No inventariada;;9;2;1;1;;1;1;1;;;18;998
12;6;18;36;36022;;3;2;No inventariada;;9;10;2;;;1;1;1;;;1;998
12;1;22;36;36024;;1;1;PO-533;1,362;6;14;2;;;1;6;1;;;1;2
10;2;12;36;36035;;3;2;No inventariada;;9;4;2;;;1;1;1;;;1;998
12;5;12;36;36038;;3;2;No inventariada;;9;20;2;;;1;1;1;;;1;998
12;4;19;36;36038;;3;2;No inventariada;;9;4;2;;;3;4;2;;;1;998
12;7;12;36;36038;;1;1;PO-546;4;6;6;2;;;1;1;1;;;1;1
12;2;17;36;36039;;1;1;SST/3633;0,5;10;2;1;2;;1;1;1;;;1;1
11;3;13;36;36042;;3;2;No inventariada;;9;7;2;;;1;1;1;;;1;998
11;7;13;36;36042;;3;2;No inventariada;;9;4;2;;;1;1;1;;;1;998
11;5;16;36;36042;;2;2;N-120;644,5;6;7;2;;;1;1;1;;;1;1
11;2;13;36;36042;;3;2;No inventariada;;9;7;2;;;9;1;7;;;1;998
11;2;20;36;36042;;3;2;No inventariada;;9;4;2;;;1;4;1;;;1;998
11;2;22;36;36042;;3;2;No inventariada;;9;16;2;;;3;4;2;;;18;998
10;1;10;36;36045;;3;2;No inventariada;;9;5;2;;;1;1;1;;;6;998
11;7;7;36;36045;;3;2;No inventariada;;7;4;1;4;;1;2;1;;;4;998
11;2;9;36;36045;;3;2;No inventariada;;9;7;1;4;;1;1;1;;;6;998
11;5;12;36;36045;;3;2;No inventariada;;9;2;2;;;1;1;1;;;1;998
12;2;14;36;36045;;3;2;No inventariada;;9;7;2;;;1;1;1;;;6;998
12;1;10;36;36045;;3;2;No inventariada;;9;12;2;;;1;1;1;;;1;998
12;1;12;36;36045;;3;2;No inventariada;;9;7;1;2;;1;1;1;;;6;998
12;1;23;36;36045;;1;1;N-550;142,2;6;12;2;;;1;4;1;;;1;2
12;6;9;36;36045;;3;2;No inventariada;;9;7;1;2;;1;1;1;;;17;998
12;7;20;36;36045;;3;2;No inventariada;;9;10;2;;;3;4;1;;;1;998
12;1;15;36;36045;;3;2;No inventariada;;9;19;1;2;;1;1;1;;;1;998
6;6;13;36;36051;;2;2;PO-550;12;6;7;2;;;1;1;1;;;1;1
6;7;13;36;36051;;2;2;PO-504;0,3;6;4;2;;;1;1;1;;;1;1
6;4;21;36;36051;;2;2;PO-308;19,5;6;4;1;4;PO-308;1;1;1;;;1;2
7;3;12;36;36051;;2;2;PO-504;1,1;6;4;2;;;1;1;1;;;1;1
12;4;14;36;36054;;3;2;No inventariada;;9;4;1;1;;1;1;1;;;1;998
12;2;6;36;36055;;3;2;No inventariada;;9;1;2;;;3;4;3;;;1;998
12;4;21;36;36057;;3;2;No inventariada;;9;2;1;4;;1;5;1;;;1;998