MES;DIA_SEMANA;HORA;COD_PROVINCIA;COD_MUNICIPIO;ISLA;ZONA;ZONA_AGRUPADA;CARRETERA;KM;TIPO_VIA;TIPO_ACCIDENTE;NUDO;NUDO_INFO;CARRETERA_CRUCE;CONDICION_FIRME;CONDICION_ILUMINACION;CONDICION_METEO;CONDICION_NIEBLA;CONDICION_VIENTO;VISIB_RESTRINGIDA_POR;TRAZADO_PLANTA
12;5;19;36;36057;;3;2;No inventariada;;9;7;2;;;1;4;1;;;1;998
12;4;20;36;36057;;3;2;No inventariada;;9;3;1;2;;1;4;1;;;1;998
10;3;8;36;36057;;3;2;No inventariada;;9;2;1;1;;4;1;4;;;5;998
10;2;12;36;36057;;3;2;No inventariada;;9;7;1;2;;1;1;1;;;6;998
11;7;21;36;36057;;3;2;No inventariada;;9;2;2;;;1;4;1;;;1;998
11;1;9;36;36057;;3;2;No inventariada;;9;7;2;;;1;1;1;;;1;998
11;3;19;36;36057;;3;2;No inventariada;;9;2;1;1;;1;4;1;;;2;998
11;5;20;36;36057;;3;2;No inventariada;;9;7;2;;;1;4;1;;;9;998
12;1;12;36;36057;;3;2;No inventariada;;9;7;2;;;1;1;1;;;1;998
12;2;10;36;36057;;3;2;No inventariada;;9;2;1;2;;8;1;1;;;6;998
11;2;15;36;36057;;3;2;No inventariada;;9;2;1;2;;1;1;2;;;4;998
12;1;17;36;36060;;2;2;PO-548;18;6;4;1;2;;1;1;1;;;1;1
12;2;18;36;36061;;1;1;PO-549;3,94;6;7;2;;;1;4;1;;;1;1
12;5;9;37;37274;;3;2;No inventariada;;9;6;2;;;1;1;1;;;1;998
12;3;12;37;37274;;3;2;No inventariada;;9;3;2;;;1;1;1;;;1;998
12;2;14;37;37274;;3;2;No inventariada;;9;2;1;5;;1;1;1;;;1;998
12;2;20;37;37294;;3;2;No inventariada;;9;6;2;;;1;4;1;;;1;998
11;6;19;37;37294;;3;2;No inventariada;;9;4;2;;;1;1;1;;;1;998
11;6;12;37;37294;;3;2;No inventariada;;9;2;2;;;1;1;1;;;1;998
12;2;8;38;38001;10;3;2;No inventariada;;9;2;1;2;;1;1;1;;;1;998
11;6;20;38;38006;10;3;2;No inventariada;;9;2;1;1;;2;1;1;;;1;998
11;7;17;38;38006;10;3;2;No inventariada;;9;5;2;;;1;1;1;;;1;998
12;1;13;38;38006;10;3;2;No inventariada;;9;7;2;;;1;1;1;;;1;998
11;2;15;38;38006;10;3;2;No inventariada;;9;2;2;;;1;1;1;;;1;998
12;6;15;38;38006;10;3;2;No inventariada;;9;2;2;;;1;1;1;;;1;998
12;2;8;38;38006;10;3;2;No inventariada;;9;2;2;;;1;1;1;;;1;998
11;6;17;38;38006;10;3;2;No inventariada;;9;4;2;;;1;1;1;;;1;998
1;4;12;38;38006;10;3;2;No inventariada;;9;7;2;;;1;1;1;;;1;998
1;7;11;38;38006;10;3;2;No inventariada;;9;7;2;;;1;1;1;;;1;998
2;1;7;38;38006;10;3;2;No inventariada;;9;2;2;;;1;2;1;;;1;998
3;7;0;38;38006;10;3;2;No inventariada;;9;7;2;;;1;1;1;;;1;998
11;3;15;38;38023;;3;2;No inventariada;;9;7;2;;;1;1;1;;;1;998
12;5;8;38;38023;;3;2;No inventariada;;9;16;2;;;1;1;1;;;1;998
12;1;17;38;38023;;3;2;No inventariada;;9;2;2;;;1;1;1;;;1;998
11;6;1;38;38023;;3;2;No inventariada;;9;16;2;;;1;3;1;;;1;998
12;2;8;38;38023;;3;2;No inventariada;;9;2;1;2;;1;1;1;;;1;998
12;3;14;38;38023;;3;2;No inventariada;;9;2;2;;;1;1;1;1;;9;998
12;7;19;38;38023;;3;2;No inventariada;;9;1;1;2;;3;4;3;;;18;998
12;4;12;38;38023;;3;2;No inventariada;;9;2;2;;;1;1;1;;;9;998
12;4;19;38;38023;;3;2;No inventariada;;9;7;2;;;1;4;1;;;1;998
12;4;16;38;38023;;3;2;No inventariada;;9;2;1;2;;1;1;1;;;1;998
9;2;9;38;38023;;3;2;No inventariada;;9;7;2;;;1;1;1;;;1;998
11;1;8;38;38023;;3;2;No inventariada;;9;15;2;;;1;2;1;;;5;998
11;1;19;38;38023;;3;2;No inventariada;;9;7;1;1;;1;6;1;;;18;998
12;4;23;38;38023;;3;2;No inventariada;;9;15;2;;;1;3;1;;;18;998
12;4;15;38;38023;;3;2;No inventariada;;9;2;1;2;;1;1;1;;;1;998
12;1;21;38;38023;;3;2;No inventariada;;9;2;2;;;1;4;1;;;9;998
12;1;11;38;38023;;3;2;No inventariada;;9;4;1;2;;1;1;1;;;1;998
8;2;14;38;38023;;3;2;No inventariada;;9;12;2;;;1;1;1;;;1;998
12;5;19;38;38023;;3;2;No inventariada;;9;4;2;;;1;1;1;;;10;998
12;5;12;38;38023;;3;2;No inventariada;;9;7;2;;;1;1;7;;;1;998
12;1;15;38;38023;;3;2;No inventariada;;9;2;1;1;;1;1;1;;;18;998
12;1;16;38;38023;;3;2;No inventariada;;9;1;2;;;1;1;1;;;1;998
10;5;20;38;38023;;3;2;No inventariada;;9;20;2;;;1;1;1;;;1;998
8;4;11;38;38023;10;3;2;No inventariada;;9;7;1;7;;1;1;1;;;1;998
12;3;13;38;38023;10;3;2;No inventariada;;9;3;2;;;1;1;1;;;1;998
11;5;11;38;38023;10;3;2;No inventariada;;9;7;1;1;;1;1;1;;;1;998
10;2;8;38;38028;10;3;2;No inventariada;;9;7;2;;;1;1;1;;;1;998
12;5;16;38;38028;10;3;2;No inventariada;;14;2;1;2;;1;1;1;;;1;998
9;7;15;38;38028;10;3;2;No inventariada;;9;2;2;;;1;1;1;;;1;998
12;2;10;38;38028;10;3;2;No inventariada;;9;7;2;;;1;1;1;;;1;998
7;6;13;38;38028;10;3;2;No inventariada;;9;4;2;;;1;1;1;;;1;998
12;7;13;38;38028;10;3;2;No inventariada;;14;1;2;;;1;1;1;;;1;998
10;7;16;38;38028;10;3;2;No inventariada;;9;19;2;;;1;1;1;;;1;998
12;7;18;38;38028;10;3;2;No inventariada;;9;4;2;;;1;3;1;;;1;998
7;4;14;38;38028;10;3;2;No inventariada;;9;4;2;;;1;1;2;;;1;998
10;6;21;38;38028;10;3;2;No inventariada;;9;10;2;;;2;4;1;;;1;998
10;1;13;38;38028;10;3;2;No inventariada;;9;19;2;;;1;1;1;;;1;998
10;6;13;38;38028;10;3;2;No inventariada;;9;4;2;;;1;1;1;;;1;998
9;1;21;38;38028;10;1;1;TF-312;1;6;12;2;;;1;4;1;;;1;1
9;7;14;38;38028;10;1;1;TF-315;2;6;4;2;;;1;1;1;;;1;1
9;7;14;38;38028;10;3;2;No inventariada;;9;7;2;;;1;1;1;;;1;998
10;4;18;38;38028;10;3;2;No inventariada;;14;2;1;1;;1;1;1;;;1;998
9;5;23;38;38028;10;3;2;No inventariada;;9;4;2;;;1;4;1;;;1;998
9;1;17;38;38028;10;1;1;TF-320;1;6;3;2;;;1;1;1;;;1;1
9;2;10;38;38028;10;3;2;No inventariada;;9;4;2;;;1;1;1;;;1;998
9;6;2;38;38028;10;3;2;No inventariada;;14;6;2;;;1;4;1;;;1;998
8;4;15;38;38028;10;1;1;TF-312;1,5;6;7;2;;;1;1;2;;;1;1
9;4;22;38;38028;10;3;2;No inventariada;;9;2;2;;;1;4;1;;;1;998
8;1;21;38;38028;10;3;2;No inventariada;;14;7;1;2;;1;4;1;;;1;998
8;3;13;38;38028;10;3;2;No inventariada;;9;4;2;;;1;1;1;;;1;998
8;3;17;38;38028;10;3;2;No inventariada;;9;2;2;;;1;1;1;;;1;998
2;4;11;38;38028;10;3;2;No inventariada;;9;4;2;;;1;1;1;;;1;998
12;2;7;38;38035;10;3;2;No inventariada;;9;2;1;1;;1;1;1;;;1;998
12;5;12;38;38035;10;3;2;No inventariada;;14;5;2;;;1;1;1;;;1;998
12;5;11;38;38035;10;3;2;No inventariada;;9;3;2;;;1;1;2;;;1;998
12;2;15;38;38035;10;3;2;No inventariada;;9;6;2;;;1;1;1;;;1;998
9;2;12;38;38038;10;3;2;No inventariada;;9;7;2;;;1;1;1;;;1;998
9;7;10;38;38038;10;3;2;No inventariada;;9;2;1;1;;1;4;1;;;1;998
11;3;21;38;38038;10;3;2;No inventariada;;9;2;1;1;;1;4;1;;;1;998
11;3;18;38;38038;10;3;2;No inventariada;;9;2;1;2;;1;1;1;;;1;998
11;4;19;38;38038;10;3;2;No inventariada;;9;2;1;4;;1;2;1;;;1;998
12;3;20;38;38038;10;3;2;No inventariada;;9;4;1;2;;1;4;1;;;1;998
11;4;19;38;38038;10;3;2;No inventariada;;9;2;1;4;;1;4;1;;;1;998
12;1;7;38;38038;10;3;2;No inventariada;;9;2;1;1;;1;1;1;;;1;998
12;1;17;38;38038;10;3;2;No inventariada;;9;3;2;;;1;1;1;;;1;998
12;4;19;38;38038;;3;2;No inventariada;;9;1;2;;;1;1;1;;;1;998
2;4;19;38;38046;10;3;2;No inventariada;;9;7;2;;;3;4;3;;;1;998
10;3;15;38;0;12;1;1;GM-1;62,7;6;2;1;4;GM-1;1;1;1;;;1;1
12;4;17;38;0;12;1;1;GM-1;53;6;9;2;;;1;1;1;;;1;1
10;5;14;39;39016;;3;2;No inventariada;;9;3;2;;;1;1;1;;;1;998
11;4;21;39;39016;;3;2;No inventariada;;9;7;2;;;3;4;4;;;16;998
12;1;13;39;39016;;3;2;No inventariada;;9;7;2;;;1;1;1;;;1;998
11;3;14;39;39020;;3;2;No inventariada;;9;4;1;4;;1;1;2;;;1;998
11;4;19;39;39020;;3;2;No inventariada;;9;7;1;2;;3;4;4;;;5;998
11;3;17;39;39020;;3;2;No inventariada;;9;7;1;3;;1;1;1;;;1;998
11;3;10;39;39020;;3;2;No inventariada;;9;8;2;;;1;1;2;;;1;998
12;6;12;39;39020;;3;2;No inventariada;;9;7;2;;;3;1;3;;;18;998
12;7;16;39;39020;;3;2;No inventariada;;14;2;1;2;;3;1;3;;;18;998
12;1;9;39;39020;;1;1;CA-931;1;6;2;1;2;;1;1;2;;;18;3
12;6;18;39;39044;;1;1;CA-232;6,95;6;7;2;;;1;3;1;;;1;1
12;2;21;39;0;;1;1;CA-141;13,1;6;19;2;;;1;4;2;;;1;1
12;2;19;39;39075;;3;2;No inventariada;;9;2;1;1;;1;4;1;;;1;998
12;1;15;39;39075;;3;2;No inventariada;;9;4;2;;;1;1;1;;;1;998
12;5;8;39;39075;;3;2;No inventariada;;9;2;1;2;;1;1;1;;;1;998
12;2;9;39;39075;;3;2;No inventariada;;9;10;1;2;;1;1;1;;;1;998
12;2;12;39;39075;;3;2;No inventariada;;9;19;1;4;;1;1;1;;;1;998
12;5;14;39;39075;;3;2;No inventariada;;9;2;1;4;;1;1;1;;;1;998
12;3;10;39;39075;;3;2;No inventariada;;9;10;1;4;;1;1;1;;;1;998
12;2;17;39;39075;;3;2;No inventariada;;9;12;2;;;1;1;1;;;1;998
12;3;19;39;39075;;3;2;No inventariada;;14;4;2;;;1;4;1;;;1;998
11;3;18;39;39075;;3;2;No inventariada;;9;7;1;2;;1;4;1;;;1;998
12;6;15;39;39075;;3;2;No inventariada;;9;4;1;4;;1;1;1;;;1;998
10;5;20;39;39075;;3;2;No inventariada;;9;2;2;;;1;4;1;;;1;998
11;3;11;39;39075;;3;2;No inventariada;;7;7;2;;;1;1;1;;;1;998
12;1;13;39;39075;;3;2;No inventariada;;9;4;2;;;3;1;2;;;1;998
12;3;17;39;39075;;3;2;No inventariada;;9;2;1;2;;1;4;2;;;16;998
10;3;13;39;39075;;3;2;No inventariada;;14;4;2;;;1;1;1;;;1;998
11;5;13;39;39075;;3;2;No inventariada;;9;7;1;1;;1;1;1;;;1;998
12;4;14;39;39075;;3;2;No inventariada;;9;15;2;;;1;1;1;;;1;998
12;3;19;39;39075;;3;2;No inventariada;;9;7;2;;;1;3;1;;;1;998
11;6;19;39;39075;;3;2;No inventariada;;9;11;2;;;1;4;1;;;15;998
10;2;20;39;39085;;3;2;No inventariada;;9;2;1;2;;1;4;1;;;1;998
12;2;22;39;39087;;1;1;A-8;227;3;8;2;;;1;6;1;;;1;4
11;5;13;39;39087;;3;2;No inventariada;;9;3;2;;;1;1;1;;;1;998
11;4;15;39;39087;;3;2;No inventariada;;9;2;1;4;;3;1;3;;;1;998
11;4;20;39;39087;;3;2;No inventariada;;9;7;1;2;;3;4;1;;;1;998
11;1;12;39;39087;;3;2;No inventariada;;9;7;2;;;1;1;1;;;1;998
11;3;14;39;39087;;3;2;No inventariada;;9;4;2;;;1;1;1;;;1;998
11;1;6;39;39087;;3;2;No inventariada;;9;19;2;;;1;4;1;;;1;998
11;4;18;39;39087;;3;2;No inventariada;;9;2;2;;;1;1;1;;;1;998
12;3;11;39;39087;;3;2;No inventariada;;9;7;2;;;3;1;3;;;1;998
12;1;13;39;39087;;3;2;No inventariada;;9;2;1;1;;1;1;1;;;1;998
12;3;16;39;39087;;3;2;No inventariada;;9;2;2;;;1;1;1;;;1;998
12;1;9;39;39087;;3;2;No inventariada;;9;7;2;;;3;4;3;;;1;998
12;4;16;39;39087;;3;2;No inventariada;;9;4;1;1;;1;1;1;;;1;998
12;3;14;39;39087;;3;2;No inventariada;;9;4;2;;;1;1;1;;;1;998
12;3;11;39;39087;;3;2;No inventariada;;9;4;2;;;3;4;1;;;1;998
12;3;17;39;39087;;3;2;No inventariada;;9;2;1;1;;1;1;1;;;1;998
12;7;13;39;39087;;3;2;No inventariada;;9;7;2;;;1;1;1;;;1;998
12;2;21;40;0;;1;1;SG-343;2,2;6;15;2;;;1;5;1;;;1;1
12;1;12;40;40194;;3;2;No inventariada;;9;7;2;;;1;1;1;;;1;998
9;5;19;41;0;;3;2;No inventariada;;9;10;1;1;;1;1;1;;;1;998
12;6;13;41;41004;;3;2;No inventariada;;9;7;2;;;1;1;1;;;1;998
12;5;23;41;41004;;3;2;No inventariada;;9;2;1;2;;1;4;1;;;1;998
12;5;23;41;41004;;3;2;No inventariada;;9;2;2;;;1;4;1;;;18;998
9;7;3;41;41020;;3;2;No inventariada;;9;9;2;;;2;6;1;;;1;998
9;5;10;41;41020;;3;2;No inventariada;;9;;;;;999;999;999;;;999;998
11;1;18;41;41021;;3;2;No inventariada;;9;2;2;;;1;2;1;;;18;998
11;2;15;41;41021;;3;2;No inventariada;;9;4;2;;;1;1;1;;;1;998
10;2;8;41;41022;;2;2;A-456;8,95;6;7;2;;;1;1;1;;;1;1
10;6;1;41;41024;;3;2;No inventariada;;9;2;1;1;;1;3;1;;;1;998
12;1;9;41;41024;;3;2;No inventariada;;9;2;2;;;1;1;1;;;1;998
12;6;21;41;41038;;3;2;No inventariada;;9;7;2;;;1;5;1;;;17;998
12;4;17;41;41038;;3;2;No inventariada;;9;1;2;;;1;1;1;;;1;998
12;2;10;41;41038;;3;2;No inventariada;;9;7;2;;;1;1;1;;;1;998
12;5;21;41;41038;;3;2;No inventariada;;9;19;2;;;1;5;1;;;18;998
12;1;11;41;41038;;3;2;No inventariada;;9;3;1;4;;1;1;1;;;1;998
6;6;11;41;41038;;3;2;No inventariada;;9;7;2;;;1;1;1;;;1;998
10;1;14;41;41041;;3;2;No inventariada;;9;20;2;;;1;1;1;;;1;998
10;2;10;41;41053;;3;2;No inventariada;;9;7;2;;;3;1;3;;;1;998
11;3;14;41;41053;;3;2;No inventariada;;9;2;1;4;;1;1;1;;;1;998
10;7;14;41;41053;;3;2;No inventariada;;9;2;1;2;;1;1;1;;;1;998
10;5;23;41;41053;;3;2;No inventariada;;9;4;2;;;1;4;1;;;1;998
10;7;19;41;41053;;3;2;No inventariada;;9;2;1;1;;1;4;1;;;2;998
11;7;15;41;41053;;3;2;No inventariada;;9;2;1;1;;1;1;1;;;2;998
12;4;16;41;41053;;3;2;No inventariada;;9;2;1;1;;1;4;1;;;2;998
12;1;8;41;41053;;3;2;No inventariada;;9;2;1;2;;1;3;1;;;2;998
12;4;22;41;41058;;3;2;No inventariada;;9;20;2;;;1;4;1;;;1;998
12;1;14;41;41058;;3;2;No inventariada;;9;4;2;;;1;1;1;;;1;998
12;5;11;41;41058;;3;2;No inventariada;;9;2;2;;;1;1;1;;;1;998
12;4;14;41;41060;;3;2;No inventariada;;9;4;2;;;1;1;7;;;1;998
12;4;16;41;41067;;3;2;No inventariada;;9;7;2;;;1;1;1;;;1;998
11;7;14;41;41069;;3;2;No inventariada;;9;2;1;1;;1;1;1;;;1;998
12;4;19;41;41070;;3;2;No inventariada;;9;2;1;4;;8;3;1;;;18;998
10;7;6;41;41070;;1;1;A-8054;1;6;1;1;4;;1;3;1;;;1;1
9;7;15;41;41070;;3;2;No inventariada;;9;4;2;;;1;1;1;;;1;998
2;4;19;41;41072;;3;2;No inventariada;;9;6;2;;;1;4;1;;;1;998
12;6;21;41;41075;;3;2;No inventariada;;9;2;1;1;;1;5;1;;;2;998
12;2;20;41;0;;3;2;No inventariada;;9;10;2;;;1;4;1;;;1;998
12;3;7;41;41085;;1;1;SE-3410;2,1;6;2;1;2;;1;2;1;;;1;1
11;1;10;41;41087;;3;2;No inventariada;;9;7;2;;;1;1;1;;;9;998
12;5;7;41;41087;;3;2;No inventariada;;14;7;2;;;1;4;1;;;18;998
12;1;16;41;41087;;3;2;No inventariada;;9;2;1;2;;1;1;1;;;1;998
12;1;16;41;41091;;3;2;No inventariada;;9;2;2;;;1;1;1;;;1;998
12;6;17;41;41091;;3;2;No inventariada;;9;7;1;5;;1;1;1;;;1;998
12;3;9;41;41091;;3;2;No inventariada;;9;4;1;4;;1;1;1;;;1;998
12;6;22;41;41091;;3;2;No inventariada;;9;2;1;1;;1;4;1;;;1;998
12;1;22;41;41091;;3;2;No inventariada;;9;1;2;;;1;4;1;;;1;998
12;2;9;41;41091;;3;2;No inventariada;;9;2;1;2;;1;1;1;;;1;998
12;2;13;41;41091;;3;2;No inventariada;;9;2;1;1;;1;1;1;;;1;998
12;2;15;41;41091;;3;2;No inventariada;;9;7;1;1;;1;1;1;;;1;998
12;2;12;41;41091;;3;2;No inventariada;;9;2;1;1;;1;1;1;;;1;998
12;7;12;41;41091;;3;2;No inventariada;;9;2;2;;;1;1;1;;;11;998
12;2;13;41;41091;;3;2;No inventariada;;9;4;2;;;1;1;1;;;1;998
12;2;11;41;41091;;3;2;No inventariada;;9;2;1;5;;1;1;1;;;1;998
12;5;19;41;41091;;3;2;No inventariada;;9;7;1;2;;1;4;1;;;1;998
12;5;14;41;41091;;3;2;No inventariada;;9;7;2;;;1;1;1;;;1;998
12;2;20;41;41091;;3;2;No inventariada;;9;2;1;2;;1;4;1;;;9;998
12;2;13;41;41091;;3;2;No inventariada;;9;2;1;1;;1;2;1;;;1;998
12;6;22;41;41091;;3;2;No inventariada;;9;2;1;2;;1;4;1;;;1;998
12;5;18;41;41091;;3;2;No inventariada;;9;2;2;;;1;4;1;;;1;998
12;5;11;41;41091;;3;2;No inventariada;;9;7;1;4;;1;1;1;;;1;998
12;1;12;41;41091;;3;2;No inventariada;;9;7;2;;;1;1;1;;;1;998
10;5;10;41;41091;;3;2;No inventariada;;9;7;2;;;9;1;7;;;18;998
12;6;8;41;41091;;3;2;No inventariada;;9;10;1;4;;1;1;1;;;1;998
6;4;18;41;41091;;3;2;No inventariada;;9;7;2;;;1;1;1;;;1;998
12;2;21;41;41091;;3;2;No inventariada;;9;3;2;;;1;1;1;;;1;998
12;1;14;41;41091;;3;2;No inventariada;;9;2;1;2;;1;1;1;;;1;998
11;3;1;41;41091;;3;2;No inventariada;;9;10;2;;;1;4;1;;;1;998
11;3;14;41;41091;;3;2;No inventariada;;9;2;2;;;1;1;1;;;1;998
12;2;17;41;41091;;3;2;No inventariada;;9;2;1;1;;1;1;1;;;6;998
2;7;5;41;41091;;3;2;No inventariada;;9;4;1;4;;1;4;1;;;1;998
6;3;16;41;41091;;3;2;No inventariada;;9;2;1;1;;1;4;1;;;1;998
10;1;21;41;41091;;3;2;No inventariada;;9;10;1;4;;3;4;2;;;1;998
10;4;10;41;41091;;3;2;No inventariada;;9;2;1;2;;1;1;1;;;1;998
12;6;4;41;41091;;3;2;No inventariada;;9;2;1;1;;1;4;1;;;1;998
12;3;17;41;41091;;3;2;No inventariada;;9;7;1;2;;1;1;1;;;1;998
12;6;12;41;41091;;3;2;No inventariada;;9;4;2;;;1;1;1;;;1;998
12;1;6;41;41091;;3;2;No inventariada;;9;2;2;;;1;4;1;;;1;998
12;7;1;41;41091;;3;2;No inventariada;;9;6;1;5;;1;4;1;;;1;998
11;5;12;41;41091;;3;2;No inventariada;;9;2;1;1;;1;1;1;;;1;998
12;3;16;41;41091;;3;2;No inventariada;;9;7;1;2;;1;1;1;;;1;998
12;1;12;41;41091;;3;2;No inventariada;;9;3;2;;;1;1;1;;;1;998
10;5;8;41;41091;0;3;2;No inventariada;;9;2;2;;;1;1;1;;;1;998
12;3;13;41;41091;;3;2;No inventariada;;9;4;2;;;1;1;1;;;1;998
9;4;14;41;41091;0;3;2;No inventariada;;9;7;2;;;9;1;7;;;18;998
12;5;13;41;41093;;3;2;No inventariada;;9;5;2;;;1;1;1;;;1;998
11;6;9;41;41093;;3;2;No inventariada;;9;4;2;;;1;1;1;;;1;998
11;7;12;41;41093;;3;2;No inventariada;;9;7;2;;;1;1;1;;;1;998
11;4;19;41;41093;;3;2;No inventariada;;9;7;2;;;1;4;1;;;12;998
11;7;13;41;41093;;3;2;No inventariada;;9;7;2;;;1;1;1;;;1;998
10;4;12;41;41093;;3;2;No inventariada;;9;20;2;;;1;1;1;;;9;998
12;7;20;41;41093;;3;2;No inventariada;;9;2;1;4;;9;3;1;;;18;998
12;4;20;41;41095;;3;2;No inventariada;;9;7;2;;;1;1;1;;;1;998
12;6;15;41;41099;;3;2;No inventariada;;9;1;2;;;1;1;1;;;1;998
10;7;16;41;41102;;3;2;No inventariada;;9;3;1;1;;1;1;1;;;1;998
12;4;11;44;44013;;3;2;No inventariada;;9;7;2;;;1;1;1;;;1;998
12;6;16;44;44216;;3;2;No inventariada;;9;7;2;;;1;1;1;;;6;998
11;5;11;44;44216;;3;2;No inventariada;;9;2;1;4;;1;1;1;;;1;998
11;2;14;44;44216;;3;2;No inventariada;;11;7;2;;;1;1;1;;;16;998
12;7;15;44;44216;;3;2;No inventariada;;13;10;2;;;1;1;1;;;1;998
12;1;8;44;44216;;3;2;No inventariada;;9;10;1;2;;5;2;1;;;2;998
10;4;3;44;44216;;3;2;No inventariada;;9;7;1;1;;1;4;1;;;1;998
10;5;15;44;44216;;3;2;No inventariada;;9;12;2;;;1;1;1;;;1;998
1;7;10;44;44216;;3;2;No inventariada;;9;7;2;;;1;1;1;;;1;998
4;7;11;45;45041;;3;2;No inventariada;;14;10;1;2;;9;1;2;;;18;998
11;7;3;45;45041;;3;2;No inventariada;;9;;;;;999;999;999;;;999;998
5;3;21;45;45041;;3;2;No inventariada;;9;9;2;;;9;6;1;;;18;998
8;5;21;45;45041;;3;2;No inventariada;;9;7;2;;;1;2;1;;;1;998
9;4;0;45;45041;;3;2;No inventariada;;9;3;2;;;1;4;1;;;1;998
11;5;0;45;45041;;3;2;No inventariada;;9;20;1;1;;1;4;1;;;18;998
9;4;14;45;0;;3;2;No inventariada;;14;1;2;;;9;1;7;;;18;998
12;1;10;45;45054;;3;2;No inventariada;;9;7;1;1;;1;1;1;;;1;998
12;2;13;45;45054;;3;2;No inventariada;;9;20;1;1;;1;1;1;;;1;998
12;1;10;45;45054;;3;2;No inventariada;;9;7;2;;;9;1;7;;;18;998
5;2;9;45;45102;;3;2;No inventariada;;9;7;1;2;;1;1;1;;;1;998
12;1;9;45;0;;1;1;CM-4100;21,1;6;4;2;;;1;1;1;;;6;4
12;2;14;45;45121;;1;1;A-4;58,5;3;14;2;;;1;1;1;;;1;1
4;3;10;45;45121;;3;2;No inventariada;;9;2;1;4;;1;1;1;;;1;998
10;2;21;45;45121;;3;2;No inventariada;;9;2;1;1;;1;4;2;;;1;998
5;3;9;45;0;;3;2;No inventariada;;9;2;2;;;1;1;1;;;1;998
12;7;6;45;0;;3;2;No inventariada;;9;2;1;2;;1;3;1;;;2;998
8;5;0;45;45142;;3;2;No inventariada;;9;12;1;4;;1;4;1;;;1;998
12;2;11;45;45165;;3;2;No inventariada;;9;10;1;4;;1;1;2;;;1;998
12;5;10;45;45165;;3;2;No inventariada;;9;7;2;;;1;1;1;;;1;998
12;5;0;45;45165;;3;2;No inventariada;;9;2;1;4;;9;4;7;;;1;998
12;1;11;45;45173;;3;2;No inventariada;;9;7;1;2;;1;1;7;;;18;998
1;1;9;45;45173;;3;2;No inventariada;;9;4;1;4;;1;1;1;;;1;998
10;7;10;45;45173;;3;2;No inventariada;;9;4;2;;;1;1;1;;;1;998
10;4;14;45;45173;;3;2;No inventariada;;9;7;1;2;;1;1;1;;;1;998
10;3;8;46;46007;;3;2;No inventariada;;9;2;1;1;;1;1;1;;;1;998
10;2;20;46;46007;;3;2;No inventariada;;9;2;1;1;;1;4;1;;;9;998
10;3;14;46;46007;;3;2;No inventariada;;9;2;1;1;;1;1;1;;;1;998
10;7;9;46;46007;;3;2;No inventariada;;9;7;1;2;;1;1;1;;;1;998
11;5;18;46;46007;;3;2;No inventariada;;9;7;1;1;;1;3;1;;;9;998
12;7;0;46;46007;;3;2;No inventariada;;9;2;1;1;;1;4;1;;;1;998
12;6;14;46;46007;;3;2;No inventariada;;9;10;1;1;;2;1;1;;;1;998
11;4;10;46;46013;;3;2;No inventariada;;9;4;2;;;1;1;1;;;18;998
12;4;11;46;46013;;3;2;No inventariada;;9;10;2;;;1;1;1;;;1;998
12;6;18;46;46013;;3;2;No inventariada;;9;10;2;;;1;2;1;;;1;998
12;6;3;46;46013;;3;2;No inventariada;;9;1;2;;;1;2;1;;;1;998
12;5;12;46;46013;;3;2;No inventariada;;9;3;1;2;;1;1;1;;;1;998
12;3;22;46;46013;;3;2;No inventariada;;9;10;2;;;1;3;1;;;18;998
12;3;20;46;46013;;3;2;No inventariada;;9;4;2;;;1;3;1;;;1;998