MES;DIA_SEMANA;HORA;COD_PROVINCIA;COD_MUNICIPIO;ISLA;ZONA;ZONA_AGRUPADA;CARRETERA;KM;TIPO_VIA;TIPO_ACCIDENTE;NUDO;NUDO_INFO;CARRETERA_CRUCE;CONDICION_FIRME;CONDICION_ILUMINACION;CONDICION_METEO;CONDICION_NIEBLA;CONDICION_VIENTO;VISIB_RESTRINGIDA_POR;TRAZADO_PLANTA
12;5;8;46;46013;;3;2;No inventariada;;9;4;2;;;1;1;1;;;1;998
12;5;16;46;46013;;3;2;No inventariada;;9;2;2;;;1;1;1;;;1;998
11;5;14;46;46013;;3;2;No inventariada;;9;3;2;;;1;1;1;;;1;998
12;1;20;46;46029;;3;2;No inventariada;;9;7;1;2;;1;4;1;;;1;998
10;5;17;46;46031;;3;2;No inventariada;;9;9;2;;;1;1;1;;;1;998
10;7;15;46;46031;;3;2;No inventariada;;9;2;1;1;;1;1;1;;;3;998
10;5;17;46;46031;;3;2;No inventariada;;9;9;2;;;1;1;1;;;1;998
11;1;15;46;46031;;3;2;No inventariada;;9;2;1;1;;1;1;1;;;1;998
11;2;19;46;46031;;3;2;No inventariada;;9;2;1;2;;1;4;1;;;1;998
12;1;18;46;46031;;3;2;No inventariada;;9;2;1;1;;1;4;1;;;1;998
12;6;13;46;46035;;3;2;No inventariada;;9;3;2;;;1;1;1;;;1;998
11;7;14;46;46051;;3;2;No inventariada;;9;2;1;1;;1;1;1;;;18;998
12;6;21;46;46051;;3;2;No inventariada;;9;2;1;1;;1;4;1;;;18;998
12;5;12;46;46054;;3;2;No inventariada;;9;10;2;;;2;1;1;;;1;998
11;1;19;46;46077;;3;2;No inventariada;;9;4;1;2;;1;4;7;;;1;998
12;3;13;46;46077;;3;2;No inventariada;;9;20;1;1;;1;1;1;;;1;998
12;7;19;46;46077;;3;2;No inventariada;;9;4;1;2;;1;4;1;;;1;998
11;3;20;46;46078;;3;2;No inventariada;;9;7;2;;;1;1;1;;;1;998
11;3;9;46;46078;;3;2;No inventariada;;9;4;1;1;;3;1;3;;;1;998
11;6;19;46;46078;;3;2;No inventariada;;9;2;1;1;;1;1;1;;;1;998
11;2;7;46;46078;;3;2;No inventariada;;9;7;2;;;1;2;1;;;1;998
12;4;12;46;46078;;3;2;No inventariada;;9;7;1;1;;1;1;1;;;1;998
12;6;13;46;46078;;3;2;No inventariada;;9;7;2;;;1;1;1;;;1;998
11;3;8;46;46078;;3;2;No inventariada;;9;4;2;;;1;1;1;;;1;998
9;3;20;46;46102;;1;1;A-3;345;3;3;2;;;1;4;1;;;1;1
9;5;16;46;46105;;3;2;No inventariada;;9;4;2;;;1;1;1;;;18;998
9;4;15;46;46105;;3;2;No inventariada;;9;3;2;;;1;1;1;;;1;998
9;6;12;46;46105;;3;2;No inventariada;;9;2;2;;;1;1;1;;;2;998
10;3;9;46;46105;;3;2;No inventariada;;9;2;2;;;1;1;1;;;1;998
10;4;9;46;46105;;3;2;No inventariada;;9;2;2;;;1;2;1;;;1;998
10;4;9;46;46105;;3;2;No inventariada;;9;3;2;;;1;1;7;;;18;998
11;2;11;46;46105;;3;2;No inventariada;;9;3;2;;;1;1;1;;;1;998
11;7;9;46;46105;;3;2;No inventariada;;9;4;2;;;1;1;1;;;1;998
11;2;10;46;46105;;3;2;No inventariada;;9;6;2;;;1;1;1;;;1;998
11;7;21;46;46105;;3;2;No inventariada;;9;3;2;;;1;4;1;;;1;998
11;4;19;46;46105;;3;2;No inventariada;;9;2;2;;;1;4;1;;;1;998
12;6;16;46;46105;;3;2;No inventariada;;9;2;2;;;1;1;1;;;1;998
12;3;18;46;46105;;3;2;No inventariada;;9;7;2;;;1;4;7;;;1;998
9;7;21;46;46126;;3;2;No inventariada;;9;6;1;2;;9;4;7;;;18;998
12;1;18;46;46131;;3;2;No inventariada;;9;7;1;2;;1;4;1;;;1;998
12;1;18;46;46131;;3;2;No inventariada;;9;7;2;;;1;4;1;;;1;998
12;1;19;46;46131;;3;2;No inventariada;;9;3;1;4;;1;4;1;;;1;998
12;2;7;46;46131;;3;2;No inventariada;;9;10;1;4;;1;2;1;;;1;998
11;3;18;46;46131;;3;2;No inventariada;;9;7;1;2;;1;3;1;;;1;998
11;3;20;46;46131;;3;2;No inventariada;;9;7;2;;;1;3;1;;;1;998
12;4;19;46;46131;;3;2;No inventariada;;9;7;1;1;;1;4;1;;;1;998
12;4;19;46;46131;;3;2;No inventariada;;9;7;2;;;1;4;1;;;1;998
10;5;16;46;46131;;3;2;No inventariada;;11;6;1;2;;1;1;1;;;1;998
10;5;19;46;46131;;3;2;No inventariada;;9;7;2;;;1;1;1;;;1;998
11;5;18;46;46131;;3;2;No inventariada;;9;2;1;4;;1;4;1;;;1;998
11;5;0;46;46131;;3;2;No inventariada;;9;10;2;;;3;4;3;1;;18;998
11;1;14;46;46131;;3;2;No inventariada;;9;2;1;1;;1;1;1;;;1;998
11;5;21;46;46131;;3;2;No inventariada;;9;6;2;;;1;5;1;;;1;998
11;1;21;46;46131;;3;2;No inventariada;;9;2;1;4;;1;5;1;;;1;998
11;6;20;46;46131;;3;2;No inventariada;;9;2;1;4;;1;5;1;;;1;998
12;2;15;46;46131;;3;2;No inventariada;;9;2;1;4;;1;1;1;;;1;998
12;1;13;46;46131;;3;2;No inventariada;;9;20;1;2;;1;1;1;;;1;998
12;2;20;46;46131;;3;2;No inventariada;;9;7;2;;;1;1;1;;;1;998
12;6;12;46;46131;;3;2;No inventariada;;9;20;2;;;1;1;1;;;1;998
12;4;14;46;46131;;3;2;No inventariada;;9;2;1;1;;3;1;3;;;1;998
12;4;14;46;46131;;3;2;No inventariada;;9;3;1;4;;3;1;3;;;1;998
12;2;14;46;46131;;3;2;No inventariada;;9;20;2;;;1;1;1;;;1;998
12;3;14;46;46131;;3;2;No inventariada;;9;7;1;1;;1;1;1;;;1;998
11;3;20;46;46131;;3;2;No inventariada;;9;7;1;4;;1;4;1;;;1;998
12;3;13;46;46131;;3;2;No inventariada;;9;7;2;;;1;1;1;;;1;998
12;1;23;46;46131;;3;2;No inventariada;;9;9;2;;;1;4;1;;;1;998
12;4;22;46;46131;;3;2;No inventariada;;9;9;2;;;1;4;1;;;1;998
12;7;23;46;46131;;3;2;No inventariada;;9;2;1;1;;1;4;1;;;1;998
12;3;11;46;46131;;3;2;No inventariada;;9;9;1;2;;1;1;1;;;1;998
10;2;7;46;46159;;3;2;No inventariada;;9;7;2;;;1;1;1;;;1;998
10;3;14;46;46159;;3;2;No inventariada;;9;7;2;;;3;1;3;;;18;998
11;1;19;46;46159;;3;2;No inventariada;;9;2;1;2;;1;4;7;;;1;998
11;5;7;46;46159;;3;2;No inventariada;;9;3;1;1;;1;1;7;;;18;998
10;4;9;46;46165;;3;2;No inventariada;;9;2;1;1;;1;2;1;;;5;998
10;7;1;46;46165;;3;2;No inventariada;;9;10;1;1;;1;4;1;;;1;998
10;3;3;46;46165;;3;2;No inventariada;;9;9;2;;;1;4;1;1;;1;998
12;2;6;46;46165;;3;2;No inventariada;;9;16;1;1;;2;3;1;;;1;998
12;1;6;46;46166;;3;2;No inventariada;;9;10;1;1;;1;4;1;;;1;998
12;1;9;46;46169;;3;2;No inventariada;;9;7;1;1;;1;1;1;;;1;998
12;4;18;46;46172;;1;1;CV-415;13,5;6;15;1;4;;1;6;2;;;1;2
11;5;15;46;46181;;3;2;No inventariada;;9;3;2;;;1;1;1;;;1;998
12;2;10;46;46181;;3;2;No inventariada;;9;7;2;;;1;1;1;;;18;998
9;7;19;46;46184;;3;2;No inventariada;;9;7;1;2;;1;2;1;;;1;998
12;1;11;46;46184;;3;2;No inventariada;;9;7;1;1;;1;1;1;;;6;998
10;6;0;46;46184;;3;2;No inventariada;;14;2;2;;;1;4;1;;;1;998
2;1;21;46;46184;;3;2;No inventariada;;9;2;1;6;;1;4;1;;;1;998
4;1;18;46;46184;;3;2;No inventariada;;9;3;2;;;3;1;3;;;1;998
10;4;8;46;46190;;3;2;No inventariada;;9;2;2;;;1;3;1;;;1;998
10;1;8;46;46190;;3;2;No inventariada;;9;7;2;;;1;3;1;;;1;998
10;2;10;46;46190;;3;2;No inventariada;;9;2;2;;;1;1;1;;;1;998
10;1;15;46;46190;;3;2;No inventariada;;9;2;2;;;1;1;1;;;1;998
11;5;11;46;46190;;3;2;No inventariada;;9;20;2;;;1;1;1;;;1;998
11;1;9;46;46190;;3;2;No inventariada;;9;7;2;;;1;1;1;;;1;998
11;4;9;46;46190;;3;2;No inventariada;;9;2;2;;;1;1;1;;;1;998
12;1;18;46;46190;;3;2;No inventariada;;9;2;2;;;1;4;1;;;1;998
12;2;19;46;46190;;3;2;No inventariada;;9;10;2;;;1;4;1;;;1;998
12;1;17;46;46190;;3;2;No inventariada;;9;7;2;;;1;1;1;;;1;998
11;7;17;46;46190;;3;2;No inventariada;;9;2;2;;;1;1;1;;;1;998
12;2;19;46;46190;;3;2;No inventariada;;9;2;2;;;1;4;1;;;1;998
12;4;10;46;46190;;3;2;No inventariada;;9;10;2;;;1;1;1;;;1;998
12;7;13;46;46190;;3;2;No inventariada;;9;3;1;4;;1;1;1;;;1;998
12;3;21;46;46190;;3;2;No inventariada;;9;4;2;;;1;4;1;;;1;998
10;7;6;46;46194;;3;2;No inventariada;;9;6;2;;;1;1;1;;;18;998
10;6;3;46;46194;;3;2;No inventariada;;9;6;1;4;;1;4;1;;;18;998
10;1;13;46;46194;;3;2;No inventariada;;9;2;1;1;;1;1;1;;;18;998
11;2;21;46;46194;;3;2;No inventariada;;9;2;1;1;;1;4;1;;;18;998
10;6;18;46;46194;;3;2;No inventariada;;9;7;2;;;1;1;1;;;1;998
11;4;19;46;46194;;3;2;No inventariada;;9;7;1;4;;1;4;1;;;1;998
12;1;13;46;46194;;3;2;No inventariada;;9;7;1;2;;1;1;1;;;18;998
10;2;14;46;46216;;3;2;No inventariada;;14;1;1;1;;1;1;1;;;1;998
10;3;10;46;46220;;3;2;No inventariada;;9;19;2;;;1;1;1;;;1;998
10;2;8;46;46220;;3;2;No inventariada;;9;7;2;;;1;1;1;;;1;998
10;1;22;46;46220;;3;2;No inventariada;;9;4;2;;;1;4;1;;;1;998
11;1;21;46;46220;;3;2;No inventariada;;9;7;2;;;1;4;1;;;1;998
11;5;7;46;46220;;3;2;No inventariada;;9;2;1;2;;1;2;1;;;2;998
11;3;8;46;46220;;3;2;No inventariada;;9;2;1;2;;1;2;1;;;1;998
10;3;17;46;46244;;3;2;No inventariada;;9;2;1;2;;1;1;2;;;1;998
10;4;18;46;46244;;3;2;No inventariada;;9;7;2;;;1;1;1;;;6;998
10;5;18;46;46244;;3;2;No inventariada;;9;7;2;;;1;1;1;;;1;998
10;3;19;46;46244;;3;2;No inventariada;;9;2;2;;;1;1;1;;;1;998
10;2;18;46;46244;;3;2;No inventariada;;9;2;2;;;1;1;1;;;1;998
11;3;14;46;46244;;3;2;No inventariada;;9;1;2;;;1;1;1;;;1;998
11;5;16;46;46244;;3;2;No inventariada;;9;2;2;;;1;1;1;;;1;998
11;5;18;46;46244;;3;2;No inventariada;;9;2;1;1;;1;1;1;;;1;998
11;2;16;46;46244;;3;2;No inventariada;;9;3;1;2;;1;1;1;;;1;998
11;5;15;46;46244;;3;2;No inventariada;;9;3;2;;;1;1;1;;;1;998
11;7;16;46;46244;;3;2;No inventariada;;9;3;1;1;;1;1;1;;;1;998
11;1;20;46;46244;;3;2;No inventariada;;9;10;2;;;8;4;1;;;12;998
11;6;7;46;46244;;3;2;No inventariada;;9;3;1;4;;1;1;1;;;1;998
12;3;14;46;46244;;3;2;No inventariada;;9;2;1;2;;1;1;1;;;1;998
12;4;16;46;46244;;3;2;No inventariada;;9;3;2;;;1;1;1;;;1;998
12;5;10;46;46244;;3;2;No inventariada;;9;4;2;;;1;1;1;;;6;998
12;5;9;46;46244;;3;2;No inventariada;;9;4;2;;;1;1;1;;;1;998
12;7;15;46;46244;;3;2;No inventariada;;9;2;1;1;;1;1;1;;;1;998
12;2;14;46;46244;;3;2;No inventariada;;9;7;1;1;;1;1;1;;;1;998
12;2;13;46;46244;;3;2;No inventariada;;9;4;2;;;1;1;1;;;1;998
12;6;13;46;46244;;3;2;No inventariada;;9;7;2;;;1;1;1;;;1;998
12;4;14;46;46250;;3;2;No inventariada;;9;10;1;2;;1;1;1;;;1;998
12;2;9;46;46250;;3;2;No inventariada;;9;10;1;1;;1;1;1;;;1;998
12;3;17;46;46250;;3;2;No inventariada;;9;4;2;;;1;3;1;;;1;998
12;3;13;46;46250;;3;2;No inventariada;;9;10;2;;;1;1;1;;;1;998
12;7;12;46;46250;;3;2;No inventariada;;9;7;1;1;;1;1;1;;;1;998
12;3;3;46;46250;;3;2;No inventariada;;9;10;2;;;1;4;1;;;1;998
12;1;21;46;46250;;3;2;No inventariada;;9;2;1;5;;1;4;1;;;1;998
12;5;23;46;46250;;3;2;No inventariada;;9;2;2;;;1;4;1;;;1;998
12;1;13;46;46250;;3;2;No inventariada;;9;3;1;1;;1;1;1;;;1;998
12;6;13;46;46250;;3;2;No inventariada;;9;10;1;2;;1;1;1;;;1;998
12;2;12;46;46250;;3;2;No inventariada;;9;7;2;;;1;1;1;;;1;998
12;7;16;46;46250;;3;2;No inventariada;;9;7;2;;;1;1;1;;;1;998
12;1;17;46;46250;;3;2;No inventariada;;9;7;1;1;;1;3;1;;;1;998
12;1;14;46;46250;;3;2;No inventariada;;9;4;2;;;1;1;1;;;18;998
12;7;20;46;46250;;3;2;No inventariada;;9;2;2;;;1;1;1;;;1;998
12;2;23;46;46250;;3;2;No inventariada;;9;2;1;1;;3;4;3;;;5;998
12;2;11;46;46250;;3;2;No inventariada;;9;2;1;5;;1;1;1;;;1;998
12;6;14;46;46250;;3;2;No inventariada;;9;2;1;2;;1;1;1;;;1;998
12;1;5;46;46250;;3;2;No inventariada;;9;20;2;;;1;4;1;;;1;998
12;7;20;46;46250;;3;2;No inventariada;;9;7;2;;;1;4;1;;;1;998
12;6;14;46;46250;;3;2;No inventariada;;9;7;2;;;1;1;1;;;1;998
12;2;11;46;46250;;3;2;No inventariada;;9;10;2;;;1;1;2;;;1;998
12;2;14;46;46250;;3;2;No inventariada;;9;6;1;2;;1;1;1;;;1;998
12;2;14;46;46250;;3;2;No inventariada;;9;7;2;;;1;1;1;;;1;998
12;5;7;46;46250;;3;2;No inventariada;;9;2;2;;;1;3;1;;;1;998
12;5;20;46;46250;;3;2;No inventariada;;9;2;1;2;;1;4;7;;;1;998
12;7;0;46;46250;;3;2;No inventariada;;9;4;2;;;1;5;1;;;18;998
12;3;15;46;46250;;3;2;No inventariada;;9;10;2;;;1;1;1;;;1;998
12;3;15;46;46250;;3;2;No inventariada;;9;2;1;1;;1;2;2;;;18;998
11;5;8;46;46250;;3;2;No inventariada;;9;3;1;4;;1;1;1;;;1;998
12;6;7;46;46250;;3;2;No inventariada;;9;6;2;;;1;4;1;;;1;998
12;6;14;46;46250;;3;2;No inventariada;;9;10;2;;;1;1;1;;;18;998
11;3;16;46;46250;;3;2;No inventariada;;9;7;1;2;;3;1;3;;;1;998
12;3;20;46;46250;;3;2;No inventariada;;9;7;2;;;1;4;1;;;1;998
12;1;1;46;46250;;3;2;No inventariada;;9;20;2;;;1;4;1;;;1;998
12;6;5;46;46250;;3;2;No inventariada;;9;2;1;1;;1;4;1;;;1;998
12;4;9;46;46250;;3;2;No inventariada;;9;2;1;2;;1;1;1;;;1;998
12;6;11;46;46250;;3;2;No inventariada;;9;10;1;4;;9;1;7;;;18;998
12;2;18;46;46250;;3;2;No inventariada;;9;5;1;1;;1;1;1;;;1;998
12;7;0;46;46250;;3;2;No inventariada;;9;3;2;;;1;4;1;;;1;998
12;7;20;46;46250;0;3;2;No inventariada;;9;10;2;;;1;4;1;;;1;998
12;2;12;46;46257;;3;2;No inventariada;;9;1;2;;;1;1;1;;;1;998
12;6;13;47;47010;;3;2;No inventariada;;9;2;2;;;1;1;1;;;1;998
10;6;23;47;47175;;3;2;No inventariada;;9;2;1;2;;1;1;1;;;18;998
10;4;19;47;47175;;3;2;No inventariada;;9;7;1;2;;1;1;1;;;18;998
12;2;10;47;47186;;3;2;No inventariada;;9;2;1;1;;1;1;1;;;1;998
9;7;14;47;47186;;3;2;No inventariada;;9;2;2;;;1;1;1;;;1;998
11;4;15;47;47186;;3;2;No inventariada;;9;4;2;;;1;1;1;;;1;998
11;7;21;47;47186;;3;2;No inventariada;;9;2;1;1;;1;4;1;;;1;998
11;6;15;47;47186;;3;2;No inventariada;;9;10;2;;;1;1;1;;;1;998
11;6;16;47;47186;;3;2;No inventariada;;9;2;1;5;;1;1;1;;;1;998
12;6;12;47;47186;;3;2;No inventariada;;9;2;1;1;;1;1;1;;;1;998
8;1;10;47;47186;;3;2;No inventariada;;9;20;2;;;1;1;1;;;1;998
6;5;11;47;47186;;3;2;No inventariada;;9;10;2;;;1;1;1;;;1;998
8;4;15;47;47186;;3;2;No inventariada;;9;10;2;;;7;1;1;;;1;998
9;2;8;47;47186;;3;2;No inventariada;;9;10;2;;;1;1;1;;;1;998
11;7;18;47;47186;;3;2;No inventariada;;9;2;2;;;1;1;1;;;1;998
11;2;15;47;47186;;3;2;No inventariada;;9;6;2;;;1;1;1;;;1;998
11;4;9;47;47186;;3;2;No inventariada;;9;7;2;;;1;1;1;;;1;998
12;7;13;47;47186;;3;2;No inventariada;;9;4;2;;;1;1;1;;;1;998
12;2;14;47;47186;;3;2;No inventariada;;9;4;2;;;1;1;2;;;1;998
11;5;19;47;47186;;3;2;No inventariada;;9;4;2;;;1;4;1;;;1;998
11;6;23;47;47186;;3;2;No inventariada;;9;6;1;2;;1;4;1;;;1;998
10;4;8;47;47186;;3;2;No inventariada;;9;7;1;1;;1;1;1;;;1;998
12;4;8;47;47186;;3;2;No inventariada;;14;4;2;;;1;1;1;;;1;998
10;4;7;47;47186;;3;2;No inventariada;;9;2;2;;;1;4;1;;;1;998
11;2;8;47;47186;;3;2;No inventariada;;9;4;2;;;1;1;1;;;1;998
12;7;20;47;47186;;3;2;No inventariada;;9;15;2;;;1;4;1;;;1;998
12;3;12;47;47186;;3;2;No inventariada;;9;4;1;2;;1;1;1;;;1;998
12;4;22;47;47186;;3;2;No inventariada;;9;2;2;;;1;4;1;;;1;998
12;3;18;47;47186;;3;2;No inventariada;;9;3;1;2;;1;1;1;;;9;998
10;4;17;47;47186;;3;2;No inventariada;;9;4;2;;;1;1;1;;;1;998
12;7;14;47;47186;;3;2;No inventariada;;9;7;2;;;1;1;1;;;1;998
12;2;15;47;47186;;3;2;No inventariada;;9;3;1;5;;1;1;1;;;1;998
12;6;17;47;47186;;3;2;No inventariada;;9;2;1;2;;1;1;1;;;1;998
10;3;10;47;47186;;3;2;No inventariada;;9;4;2;;;1;1;1;;;1;998
12;1;13;47;47186;;3;2;No inventariada;;9;4;1;5;VA-20;1;1;1;;;1;998
11;7;14;47;47186;;3;2;No inventariada;;9;10;1;1;;1;1;1;;;1;998
12;3;12;47;47186;;3;2;No inventariada;;14;10;2;;;1;1;1;;;1;998
10;4;13;47;47186;;3;2;No inventariada;;9;20;2;;;1;1;1;;;18;998
10;2;18;47;47186;;3;2;No inventariada;;9;1;2;;;1;1;1;;;1;998
11;6;20;47;47186;;3;2;No inventariada;;9;20;2;;;1;4;1;;;1;998
12;2;19;47;47186;;3;2;No inventariada;;9;4;2;;;3;4;3;;;1;998
12;4;9;47;47186;;3;2;No inventariada;;9;1;2;;;1;1;1;;;1;998
12;4;16;47;47186;;3;2;No inventariada;;14;4;2;;;1;1;1;;;1;998
12;1;19;47;47186;;3;2;No inventariada;;9;4;2;;;1;3;2;1;;1;998
12;5;14;47;47186;;3;2;No inventariada;;9;2;2;;;1;1;1;;;1;998
10;6;21;47;47186;;3;2;No inventariada;;9;4;2;;;1;4;1;;;1;998
12;4;18;47;47186;;3;2;No inventariada;;9;20;2;;;1;4;1;;;1;998
12;1;19;47;47186;;3;2;No inventariada;;9;10;2;;;1;1;1;;;1;998
12;1;12;47;47186;;3;2;No inventariada;;9;4;2;;;1;1;1;;;1;998
12;4;13;47;47186;;3;2;No inventariada;;9;2;1;2;;2;1;1;;;2;998
10;5;17;47;47186;;3;2;No inventariada;;9;10;2;;;1;1;1;;;1;998
12;3;14;47;47186;;3;2;No inventariada;;9;2;2;;;1;1;1;;;1;998
12;3;16;47;47186;;3;2;No inventariada;;9;4;2;;;1;1;1;;;1;998
11;2;15;47;47186;;3;2;No inventariada;;9;2;1;1;;1;1;1;;;1;998
11;6;23;47;47186;;3;2;No inventariada;;9;2;1;5;;1;4;1;;;1;998
11;2;17;47;47186;;3;2;No inventariada;;9;4;2;;;1;1;1;;;1;998
12;1;12;47;47186;;3;2;No inventariada;;9;20;2;;;1;1;1;;;1;998
12;6;12;49;49021;;1;1;N-6;265,85;6;2;1;2;;1;1;1;;;1;1
12;7;22;49;49275;;1;1;CL-605;168,75;6;12;1;4;;1;6;1;;;1;1
12;4;10;49;49275;;3;2;No inventariada;;9;7;2;;;1;1;1;;;6;998
10;4;22;50;50025;;3;2;No inventariada;;9;2;1;1;;1;4;7;;;18;998
11;2;16;50;50067;;3;2;No inventariada;;9;7;2;;;3;1;3;;;1;998
11;6;21;50;50067;;3;2;No inventariada;;9;4;1;2;;1;4;1;;;1;998
12;7;22;50;50067;;3;2;No inventariada;;9;10;1;2;;3;4;3;;;1;998
12;6;8;50;50067;;3;2;No inventariada;;9;3;1;2;;1;4;1;;;1;998
12;2;12;50;50074;;3;2;No inventariada;;9;7;2;;;1;1;1;;;6;998
8;6;16;50;50074;;3;2;No inventariada;;9;2;1;2;;1;1;1;;;1;998
7;6;11;50;50074;;3;2;No inventariada;;9;7;2;;;1;1;1;;;18;998
7;3;13;50;50074;;3;2;No inventariada;;9;3;2;;;1;1;1;;;18;998
7;2;20;50;50074;;3;2;No inventariada;;9;2;2;;;1;2;1;;;18;998
12;6;13;50;50095;;3;2;No inventariada;;9;7;1;2;;1;1;1;;;1;998
11;3;14;50;50219;;3;2;No inventariada;;9;4;2;;;1;1;1;;;18;998
12;1;14;50;50251;;3;2;No inventariada;;9;3;1;2;;1;1;1;;;1;998
10;4;11;50;50251;;3;2;No inventariada;;9;10;2;;;3;1;3;;;1;998
12;5;12;50;50252;;3;2;No inventariada;;9;2;1;1;;1;1;7;;;18;998
11;7;12;50;50252;;3;2;No inventariada;;9;2;1;1;;1;1;1;;;1;998
12;2;1;50;0;;3;2;No inventariada;;9;6;2;;;1;6;1;;;1;998
12;2;7;50;50297;;3;2;No inventariada;;14;16;1;4;;3;6;2;1;;1;998
12;7;14;50;50297;;3;2;No inventariada;;9;20;1;5;;1;1;1;;;1;998
12;1;12;50;50297;;3;2;No inventariada;;9;2;1;2;;1;1;1;;;1;998
12;5;18;50;50297;;3;2;No inventariada;;9;3;2;;;1;1;1;;;1;998
12;2;20;50;50297;;3;2;No inventariada;;9;7;1;2;;9;5;7;;;1;998
11;6;20;50;50297;;3;2;No inventariada;;9;10;2;;;1;3;1;;;1;998
6;5;14;50;50297;;3;2;No inventariada;;9;4;2;;;1;1;1;;;1;998
12;3;15;50;50298;;1;1;A-1102;18,6;6;19;2;;;1;1;1;;;1;2
12;2;18;51;51001;;3;2;No inventariada;;9;3;2;;;1;1;1;;;1;998
12;3;14;51;51001;;3;2;No inventariada;;9;3;2;;;1;1;1;;;1;998
9;6;0;51;51001;;3;2;No inventariada;;9;2;1;2;;1;4;1;;;9;998
10;5;11;51;51001;;3;2;No inventariada;;9;1;2;;;1;1;1;;;1;998
11;7;16;51;51001;;3;2;No inventariada;;9;4;2;;;1;1;1;;;1;998
11;4;23;51;51001;;3;2;No inventariada;;9;3;1;2;;1;4;1;;;1;998
12;1;11;51;51001;;3;2;No inventariada;;9;4;1;4;;1;1;1;;;1;998
12;6;14;51;51001;;3;2;No inventariada;;9;7;2;;;1;1;1;;;1;998
12;1;20;51;51001;;3;2;No inventariada;;9;2;1;4;;1;4;1;;;1;998
12;2;10;51;51001;;3;2;No inventariada;;9;7;2;;;1;1;1;;;1;998
11;2;18;51;51001;;3;2;No inventariada;;9;4;2;;;1;3;1;;;1;998
11;5;19;51;51001;;3;2;No inventariada;;9;2;2;;;1;4;1;;;1;998
12;5;14;51;51001;;3;2;No inventariada;;9;4;2;;;1;1;1;;;1;998
11;6;13;51;51001;;3;2;No inventariada;;9;4;1;2;;1;1;1;;;1;998
12;3;13;51;51001;;3;2;No inventariada;;9;3;1;4;;1;1;1;;;1;998
12;7;20;51;51001;;3;2;No inventariada;;9;2;1;2;;1;3;1;;;1;998
12;1;14;51;51001;;3;2;No inventariada;;9;7;2;;;1;1;1;;;1;998
11;5;20;51;51001;;3;2;No inventariada;;9;4;1;5;;1;4;1;;;1;998
12;1;22;51;51001;;3;2;No inventariada;;9;1;2;;;1;4;1;;;1;998
12;2;8;51;51001;;3;2;No inventariada;;9;10;2;;;3;1;2;;;1;998
12;3;17;51;51001;;3;2;No inventariada;;9;4;2;;;1;1;1;;;1;998
12;4;14;51;51001;;3;2;No inventariada;;9;2;2;;;1;1;1;;;1;998
12;1;13;51;51001;;3;2;No inventariada;;9;2;1;2;;1;1;1;;;1;998
9;6;15;51;51001;;3;2;No inventariada;;9;4;2;;;1;1;1;;;1;998
12;5;12;51;51001;;3;2;No inventariada;;9;3;2;;;1;1;1;;;1;998
10;1;14;51;51001;;3;2;No inventariada;;9;2;1;2;;1;1;1;;;9;998
11;6;10;51;51001;;3;2;No inventariada;;9;10;2;;;7;1;1;;;1;998
12;5;8;51;51001;;3;2;No inventariada;;9;20;2;;;1;1;1;;;1;998
12;2;18;51;51001;;3;2;No inventariada;;9;2;1;4;;1;1;1;;;1;998
3;5;18;52;52001;;3;2;No inventariada;;9;4;2;;;1;1;1;;;1;998